WARNING: radv is not a conformant Vulkan implementation, testing use only.
WARNING: radv is not a conformant Vulkan implementation, testing use only.
tick       0 alive    52104 genomes   52104 energy    64.0 births 0 deaths 0 (0.0s) AMD Radeon RX 9070 XT (RADV GFX1201)
tick    1000 alive  1039489 genomes  296208 energy   172.3 births 20805792 deaths 19818407 (7.7s) AMD Radeon RX 9070 XT (RADV GFX1201)
tick    2000 alive  1041906 genomes  227365 energy   193.1 births 22571043 deaths 22568626 (15.6s) AMD Radeon RX 9070 XT (RADV GFX1201)
tick    3000 alive  1038147 genomes  186855 energy   198.1 births 19650326 deaths 19654085 (23.6s) AMD Radeon RX 9070 XT (RADV GFX1201)
tick    4000 alive  1032411 genomes  175429 energy   198.1 births 19026768 deaths 19032504 (31.3s) AMD Radeon RX 9070 XT (RADV GFX1201)
tick    5000 alive  1026892 genomes  180327 energy   198.2 births 19043648 deaths 19049167 (39.3s) AMD Radeon RX 9070 XT (RADV GFX1201)
tick    6000 alive  1019851 genomes  190549 energy   198.8 births 18774785 deaths 18781826 (47.3s) AMD Radeon RX 9070 XT (RADV GFX1201)
tick    7000 alive  1005569 genomes  198256 energy   200.3 births 18139763 deaths 18154045 (55.3s) AMD Radeon RX 9070 XT (RADV GFX1201)
tick    8000 alive   988371 genomes  207118 energy   201.3 births 17494849 deaths 17512047 (63.0s) AMD Radeon RX 9070 XT (RADV GFX1201)
tick    9000 alive   974466 genomes  215963 energy   202.3 births 16937524 deaths 16951429 (70.9s) AMD Radeon RX 9070 XT (RADV GFX1201)
tick   10000 alive   958327 genomes  223035 energy   203.2 births 16285396 deaths 16301535 (78.6s) AMD Radeon RX 9070 XT (RADV GFX1201)
tick   11000 alive   950947 genomes  231707 energy   204.3 births 15774845 deaths 15782225 (86.4s) AMD Radeon RX 9070 XT (RADV GFX1201)
tick   12000 alive   939270 genomes  238612 energy   205.3 births 15257917 deaths 15269594 (94.1s) AMD Radeon RX 9070 XT (RADV GFX1201)
tick   13000 alive   928696 genomes  244997 energy   206.3 births 14683739 deaths 14694313 (101.9s) AMD Radeon RX 9070 XT (RADV GFX1201)
tick   14000 alive   910093 genomes  251529 energy   207.3 births 14055991 deaths 14074594 (109.9s) AMD Radeon RX 9070 XT (RADV GFX1201)
tick   15000 alive   894297 genomes  255256 energy   207.7 births 13476522 deaths 13492318 (117.9s) AMD Radeon RX 9070 XT (RADV GFX1201)
tick   16000 alive   891736 genomes  260097 energy   208.4 births 13196342 deaths 13198903 (125.8s) AMD Radeon RX 9070 XT (RADV GFX1201)
tick   17000 alive   883448 genomes  264558 energy   208.9 births 12917762 deaths 12926050 (133.5s) AMD Radeon RX 9070 XT (RADV GFX1201)
tick   18000 alive   867146 genomes  268277 energy   209.5 births 12452564 deaths 12468866 (141.4s) AMD Radeon RX 9070 XT (RADV GFX1201)
tick   19000 alive   864648 genomes  271143 energy   210.3 births 12149706 deaths 12152204 (149.3s) AMD Radeon RX 9070 XT (RADV GFX1201)
tick   20000 alive   858223 genomes  270907 energy   210.6 births 11911946 deaths 11918371 (157.2s) AMD Radeon RX 9070 XT (RADV GFX1201)
tick   21000 alive   857716 genomes  272970 energy   211.3 births 11765251 deaths 11765758 (164.8s) AMD Radeon RX 9070 XT (RADV GFX1201)
tick   22000 alive   854656 genomes  272743 energy   211.0 births 11592751 deaths 11595811 (172.7s) AMD Radeon RX 9070 XT (RADV GFX1201)
tick   23000 alive   848652 genomes  274537 energy   211.6 births 11455437 deaths 11461441 (180.6s) AMD Radeon RX 9070 XT (RADV GFX1201)
tick   24000 alive   848526 genomes  275211 energy   211.4 births 11397502 deaths 11397628 (188.5s) AMD Radeon RX 9070 XT (RADV GFX1201)
tick   25000 alive   841585 genomes  275430 energy   211.9 births 11295396 deaths 11302337 (196.3s) AMD Radeon RX 9070 XT (RADV GFX1201)
tick   26000 alive   847421 genomes  276375 energy   211.6 births 11281635 deaths 11275799 (204.2s) AMD Radeon RX 9070 XT (RADV GFX1201)
tick   27000 alive   845533 genomes  276020 energy   211.7 births 11232223 deaths 11234111 (212.1s) AMD Radeon RX 9070 XT (RADV GFX1201)
tick   28000 alive   840706 genomes  276285 energy   211.7 births 11208501 deaths 11213328 (220.1s) AMD Radeon RX 9070 XT (RADV GFX1201)
tick   29000 alive   845110 genomes  275691 energy   211.4 births 11170735 deaths 11166331 (228.0s) AMD Radeon RX 9070 XT (RADV GFX1201)
tick   30000 alive   843535 genomes  275836 energy   211.7 births 11257937 deaths 11259512 (235.8s) AMD Radeon RX 9070 XT (RADV GFX1201)
tick   31000 alive   839907 genomes  276807 energy   212.5 births 11129722 deaths 11133350 (243.7s) AMD Radeon RX 9070 XT (RADV GFX1201)
tick   32000 alive   837201 genomes  276891 energy   212.1 births 10983792 deaths 10986498 (251.7s) AMD Radeon RX 9070 XT (RADV GFX1201)
tick   33000 alive   839492 genomes  277394 energy   212.5 births 11001402 deaths 10999111 (259.7s) AMD Radeon RX 9070 XT (RADV GFX1201)
tick   34000 alive   837070 genomes  277606 energy   213.0 births 10905212 deaths 10907634 (267.4s) AMD Radeon RX 9070 XT (RADV GFX1201)
tick   35000 alive   831548 genomes  278280 energy   212.8 births 10803558 deaths 10809080 (275.4s) AMD Radeon RX 9070 XT (RADV GFX1201)
tick   36000 alive   838439 genomes  276482 energy   212.0 births 10919795 deaths 10912904 (283.3s) AMD Radeon RX 9070 XT (RADV GFX1201)
tick   37000 alive   847033 genomes  277644 energy   212.4 births 11125960 deaths 11117366 (291.2s) AMD Radeon RX 9070 XT (RADV GFX1201)
tick   38000 alive   837921 genomes  277154 energy   213.0 births 11025841 deaths 11034953 (298.9s) AMD Radeon RX 9070 XT (RADV GFX1201)
tick   39000 alive   834386 genomes  277038 energy   212.4 births 10884808 deaths 10888343 (306.8s) AMD Radeon RX 9070 XT (RADV GFX1201)
tick   40000 alive   838856 genomes  277470 energy   212.6 births 10962681 deaths 10958211 (314.7s) AMD Radeon RX 9070 XT (RADV GFX1201)
tick   41000 alive   837929 genomes  277934 energy   212.8 births 10912342 deaths 10913269 (322.6s) AMD Radeon RX 9070 XT (RADV GFX1201)
tick   42000 alive   833767 genomes  277157 energy   212.8 births 10837919 deaths 10842081 (330.5s) AMD Radeon RX 9070 XT (RADV GFX1201)
tick   43000 alive   831739 genomes  275453 energy   212.0 births 10895096 deaths 10897124 (338.3s) AMD Radeon RX 9070 XT (RADV GFX1201)
tick   44000 alive   843555 genomes  276656 energy   212.1 births 11018081 deaths 11006265 (346.2s) AMD Radeon RX 9070 XT (RADV GFX1201)
tick   45000 alive   838650 genomes  275310 energy   212.8 births 10935252 deaths 10940157 (354.1s) AMD Radeon RX 9070 XT (RADV GFX1201)
tick   46000 alive   832765 genomes  275310 energy   213.1 births 10819124 deaths 10825009 (362.1s) AMD Radeon RX 9070 XT (RADV GFX1201)
tick   47000 alive   838342 genomes  277351 energy   213.1 births 10885452 deaths 10879875 (369.8s) AMD Radeon RX 9070 XT (RADV GFX1201)
tick   48000 alive   834950 genomes  276575 energy   212.9 births 10825991 deaths 10829383 (377.9s) AMD Radeon RX 9070 XT (RADV GFX1201)
tick   49000 alive   838659 genomes  276832 energy   212.8 births 10891165 deaths 10887456 (385.9s) AMD Radeon RX 9070 XT (RADV GFX1201)
tick   50000 alive   840142 genomes  276923 energy   212.1 births 10970622 deaths 10969139 (393.9s) AMD Radeon RX 9070 XT (RADV GFX1201)
tick   51000 alive   840549 genomes  275619 energy   212.5 births 11070014 deaths 11069607 (401.7s) AMD Radeon RX 9070 XT (RADV GFX1201)
tick   52000 alive   843542 genomes  275410 energy   212.4 births 11039817 deaths 11036824 (409.6s) AMD Radeon RX 9070 XT (RADV GFX1201)
tick   53000 alive   842995 genomes  275195 energy   212.7 births 11063420 deaths 11063967 (417.6s) AMD Radeon RX 9070 XT (RADV GFX1201)
tick   54000 alive   836433 genomes  273429 energy   211.8 births 10961089 deaths 10967651 (425.6s) AMD Radeon RX 9070 XT (RADV GFX1201)
tick   55000 alive   843977 genomes  272639 energy   212.3 births 11101847 deaths 11094303 (433.3s) AMD Radeon RX 9070 XT (RADV GFX1201)
tick   56000 alive   846940 genomes  272100 energy   212.5 births 11109905 deaths 11106942 (441.3s) AMD Radeon RX 9070 XT (RADV GFX1201)
tick   57000 alive   840813 genomes  270699 energy   212.6 births 11024837 deaths 11030964 (449.2s) AMD Radeon RX 9070 XT (RADV GFX1201)
tick   58000 alive   840183 genomes  269695 energy   212.3 births 10988260 deaths 10988890 (457.2s) AMD Radeon RX 9070 XT (RADV GFX1201)
tick   59000 alive   846724 genomes  271707 energy   212.4 births 11139480 deaths 11132939 (465.2s) AMD Radeon RX 9070 XT (RADV GFX1201)
tick   60000 alive   842404 genomes  270374 energy   212.3 births 11071368 deaths 11075688 (472.9s) AMD Radeon RX 9070 XT (RADV GFX1201)
tick   61000 alive   841479 genomes  271577 energy   212.2 births 11065936 deaths 11066861 (480.8s) AMD Radeon RX 9070 XT (RADV GFX1201)
tick   62000 alive   843118 genomes  270631 energy   212.0 births 11058579 deaths 11056940 (488.8s) AMD Radeon RX 9070 XT (RADV GFX1201)
tick   63000 alive   844851 genomes  270141 energy   212.8 births 11114963 deaths 11113230 (496.7s) AMD Radeon RX 9070 XT (RADV GFX1201)
tick   64000 alive   844656 genomes  269774 energy   212.1 births 11073494 deaths 11073689 (504.4s) AMD Radeon RX 9070 XT (RADV GFX1201)
tick   65000 alive   845693 genomes  268988 energy   211.7 births 11202210 deaths 11201173 (512.4s) AMD Radeon RX 9070 XT (RADV GFX1201)
tick   66000 alive   848951 genomes  267047 energy   212.4 births 11251319 deaths 11248061 (520.3s) AMD Radeon RX 9070 XT (RADV GFX1201)
tick   67000 alive   846220 genomes  266522 energy   212.1 births 11181377 deaths 11184108 (528.3s) AMD Radeon RX 9070 XT (RADV GFX1201)
tick   68000 alive   845548 genomes  266136 energy   212.0 births 11211635 deaths 11212307 (536.0s) AMD Radeon RX 9070 XT (RADV GFX1201)
tick   69000 alive   845971 genomes  264254 energy   211.9 births 11219372 deaths 11218949 (544.0s) AMD Radeon RX 9070 XT (RADV GFX1201)
tick   70000 alive   854865 genomes  265128 energy   211.9 births 11384717 deaths 11375823 (551.9s) AMD Radeon RX 9070 XT (RADV GFX1201)
tick   71000 alive   846978 genomes  263670 energy   212.0 births 11299679 deaths 11307566 (559.9s) AMD Radeon RX 9070 XT (RADV GFX1201)
tick   72000 alive   845480 genomes  263042 energy   211.9 births 11249656 deaths 11251154 (567.7s) AMD Radeon RX 9070 XT (RADV GFX1201)
tick   73000 alive   853617 genomes  264294 energy   212.1 births 11369723 deaths 11361586 (575.6s) AMD Radeon RX 9070 XT (RADV GFX1201)
tick   74000 alive   847404 genomes  263509 energy   212.0 births 11322664 deaths 11328877 (583.6s) AMD Radeon RX 9070 XT (RADV GFX1201)
tick   75000 alive   853978 genomes  261495 energy   211.3 births 11469831 deaths 11463257 (591.6s) AMD Radeon RX 9070 XT (RADV GFX1201)
tick   76000 alive   858396 genomes  258892 energy   211.7 births 11577175 deaths 11572757 (599.5s) AMD Radeon RX 9070 XT (RADV GFX1201)
tick   77000 alive   856160 genomes  259088 energy   211.7 births 11576757 deaths 11578993 (607.2s) AMD Radeon RX 9070 XT (RADV GFX1201)
tick   78000 alive   857241 genomes  259814 energy   211.5 births 11544178 deaths 11543097 (615.1s) AMD Radeon RX 9070 XT (RADV GFX1201)
tick   79000 alive   856700 genomes  260173 energy   211.2 births 11640998 deaths 11641539 (623.1s) AMD Radeon RX 9070 XT (RADV GFX1201)
tick   80000 alive   857578 genomes  259415 energy   210.9 births 11586533 deaths 11585655 (631.0s) AMD Radeon RX 9070 XT (RADV GFX1201)
tick   81000 alive   855925 genomes  258369 energy   211.3 births 11676824 deaths 11678477 (638.7s) AMD Radeon RX 9070 XT (RADV GFX1201)
tick   82000 alive   859324 genomes  257097 energy   210.9 births 11631807 deaths 11628408 (646.7s) AMD Radeon RX 9070 XT (RADV GFX1201)
tick   83000 alive   860815 genomes  257447 energy   211.2 births 11688859 deaths 11687368 (654.6s) AMD Radeon RX 9070 XT (RADV GFX1201)
tick   84000 alive   858552 genomes  258863 energy   211.2 births 11630256 deaths 11632519 (662.5s) AMD Radeon RX 9070 XT (RADV GFX1201)
tick   85000 alive   858925 genomes  258700 energy   211.3 births 11680463 deaths 11680090 (670.2s) AMD Radeon RX 9070 XT (RADV GFX1201)
tick   86000 alive   853138 genomes  257625 energy   211.3 births 11591636 deaths 11597423 (678.1s) AMD Radeon RX 9070 XT (RADV GFX1201)
tick   87000 alive   859627 genomes  255902 energy   211.0 births 11670699 deaths 11664210 (686.0s) AMD Radeon RX 9070 XT (RADV GFX1201)
tick   88000 alive   861646 genomes  254414 energy   211.3 births 11780082 deaths 11778063 (693.9s) AMD Radeon RX 9070 XT (RADV GFX1201)
tick   89000 alive   857749 genomes  253762 energy   211.4 births 11656115 deaths 11660012 (701.7s) AMD Radeon RX 9070 XT (RADV GFX1201)
tick   90000 alive   864225 genomes  253311 energy   211.2 births 11781914 deaths 11775438 (709.5s) AMD Radeon RX 9070 XT (RADV GFX1201)
tick   91000 alive   860165 genomes  252435 energy   211.2 births 11700603 deaths 11704663 (717.4s) AMD Radeon RX 9070 XT (RADV GFX1201)
tick   92000 alive   860315 genomes  250669 energy   211.6 births 11693233 deaths 11693083 (725.4s) AMD Radeon RX 9070 XT (RADV GFX1201)
tick   93000 alive   860096 genomes  250222 energy   211.2 births 11696304 deaths 11696523 (733.3s) AMD Radeon RX 9070 XT (RADV GFX1201)
tick   94000 alive   861467 genomes  246784 energy   210.9 births 11826051 deaths 11824680 (741.0s) AMD Radeon RX 9070 XT (RADV GFX1201)
tick   95000 alive   867641 genomes  245781 energy   210.2 births 11892900 deaths 11886726 (749.0s) AMD Radeon RX 9070 XT (RADV GFX1201)
tick   96000 alive   868484 genomes  245480 energy   210.2 births 12113924 deaths 12113081 (756.9s) AMD Radeon RX 9070 XT (RADV GFX1201)
tick   97000 alive   865228 genomes  243756 energy   209.8 births 12037298 deaths 12040554 (764.8s) AMD Radeon RX 9070 XT (RADV GFX1201)
tick   98000 alive   868523 genomes  241916 energy   210.2 births 12104932 deaths 12101637 (772.6s) AMD Radeon RX 9070 XT (RADV GFX1201)
tick   99000 alive   867743 genomes  241260 energy   209.9 births 12138131 deaths 12138911 (780.5s) AMD Radeon RX 9070 XT (RADV GFX1201)
tick  100000 alive   869278 genomes  239543 energy   210.3 births 12129123 deaths 12127588 (788.5s) AMD Radeon RX 9070 XT (RADV GFX1201)
tick  101000 alive   872494 genomes  239468 energy   209.8 births 12219285 deaths 12216069 (796.4s) AMD Radeon RX 9070 XT (RADV GFX1201)
tick  102000 alive   872711 genomes  239619 energy   210.0 births 12306990 deaths 12306773 (804.1s) AMD Radeon RX 9070 XT (RADV GFX1201)
tick  103000 alive   867157 genomes  239713 energy   210.0 births 12164967 deaths 12170521 (812.0s) AMD Radeon RX 9070 XT (RADV GFX1201)
tick  104000 alive   866445 genomes  239631 energy   209.9 births 12138736 deaths 12139448 (820.0s) AMD Radeon RX 9070 XT (RADV GFX1201)
tick  105000 alive   871805 genomes  238705 energy   210.0 births 12162768 deaths 12157408 (827.9s) AMD Radeon RX 9070 XT (RADV GFX1201)
tick  106000 alive   871449 genomes  241122 energy   209.8 births 12293319 deaths 12293675 (835.7s) AMD Radeon RX 9070 XT (RADV GFX1201)
tick  107000 alive   866633 genomes  241163 energy   210.1 births 12227099 deaths 12231915 (843.5s) AMD Radeon RX 9070 XT (RADV GFX1201)
tick  108000 alive   868221 genomes  242491 energy   209.6 births 12175688 deaths 12174100 (851.4s) AMD Radeon RX 9070 XT (RADV GFX1201)
tick  109000 alive   867466 genomes  242213 energy   210.0 births 12227858 deaths 12228613 (859.3s) AMD Radeon RX 9070 XT (RADV GFX1201)
tick  110000 alive   865013 genomes  242812 energy   209.8 births 12138846 deaths 12141299 (867.2s) AMD Radeon RX 9070 XT (RADV GFX1201)
tick  111000 alive   868118 genomes  241410 energy   209.6 births 12246960 deaths 12243855 (874.8s) AMD Radeon RX 9070 XT (RADV GFX1201)
tick  112000 alive   872324 genomes  241877 energy   210.0 births 12299025 deaths 12294819 (882.7s) AMD Radeon RX 9070 XT (RADV GFX1201)
tick  113000 alive   869903 genomes  241405 energy   209.8 births 12241724 deaths 12244145 (890.6s) AMD Radeon RX 9070 XT (RADV GFX1201)
tick  114000 alive   866759 genomes  240380 energy   209.8 births 12105147 deaths 12108291 (898.5s) AMD Radeon RX 9070 XT (RADV GFX1201)
tick  115000 alive   864265 genomes  240917 energy   210.2 births 12054601 deaths 12057095 (906.2s) AMD Radeon RX 9070 XT (RADV GFX1201)
tick  116000 alive   865516 genomes  241316 energy   209.8 births 12081002 deaths 12079751 (914.1s) AMD Radeon RX 9070 XT (RADV GFX1201)
tick  117000 alive   863992 genomes  239156 energy   210.5 births 12060327 deaths 12061851 (922.0s) AMD Radeon RX 9070 XT (RADV GFX1201)
tick  118000 alive   863173 genomes  236826 energy   209.8 births 12012887 deaths 12013706 (929.9s) AMD Radeon RX 9070 XT (RADV GFX1201)
tick  119000 alive   875115 genomes  237428 energy   209.6 births 12212845 deaths 12200903 (937.5s) AMD Radeon RX 9070 XT (RADV GFX1201)
tick  120000 alive   868179 genomes  236819 energy   210.1 births 12221064 deaths 12228000 (945.4s) AMD Radeon RX 9070 XT (RADV GFX1201)
tick  121000 alive   871114 genomes  235664 energy   209.8 births 12193917 deaths 12190982 (953.3s) AMD Radeon RX 9070 XT (RADV GFX1201)
tick  122000 alive   872562 genomes  235827 energy   209.9 births 12252617 deaths 12251169 (961.2s) AMD Radeon RX 9070 XT (RADV GFX1201)
tick  123000 alive   868475 genomes  234499 energy   209.8 births 12258080 deaths 12262167 (969.0s) AMD Radeon RX 9070 XT (RADV GFX1201)
tick  124000 alive   868903 genomes  232833 energy   209.9 births 12199750 deaths 12199322 (976.7s) AMD Radeon RX 9070 XT (RADV GFX1201)
tick  125000 alive   869366 genomes  232832 energy   209.7 births 12300133 deaths 12299670 (984.6s) AMD Radeon RX 9070 XT (RADV GFX1201)
tick  126000 alive   872755 genomes  232806 energy   209.6 births 12328622 deaths 12325233 (992.5s) AMD Radeon RX 9070 XT (RADV GFX1201)
tick  127000 alive   870514 genomes  233015 energy   209.5 births 12289771 deaths 12292012 (1000.4s) AMD Radeon RX 9070 XT (RADV GFX1201)
tick  128000 alive   866833 genomes  234657 energy   209.9 births 12234287 deaths 12237968 (1008.1s) AMD Radeon RX 9070 XT (RADV GFX1201)
tick  129000 alive   867214 genomes  236195 energy   209.4 births 12240003 deaths 12239622 (1016.0s) AMD Radeon RX 9070 XT (RADV GFX1201)
tick  130000 alive   867615 genomes  234635 energy   209.8 births 12242601 deaths 12242200 (1023.9s) AMD Radeon RX 9070 XT (RADV GFX1201)
tick  131000 alive   866467 genomes  232942 energy   209.1 births 12272208 deaths 12273356 (1031.8s) AMD Radeon RX 9070 XT (RADV GFX1201)
tick  132000 alive   871237 genomes  232785 energy   209.4 births 12377841 deaths 12373071 (1039.5s) AMD Radeon RX 9070 XT (RADV GFX1201)
tick  133000 alive   870329 genomes  233475 energy   209.9 births 12397223 deaths 12398131 (1047.4s) AMD Radeon RX 9070 XT (RADV GFX1201)
tick  134000 alive   865292 genomes  232456 energy   209.7 births 12162520 deaths 12167557 (1055.2s) AMD Radeon RX 9070 XT (RADV GFX1201)
tick  135000 alive   869875 genomes  233221 energy   209.5 births 12270429 deaths 12265846 (1063.1s) AMD Radeon RX 9070 XT (RADV GFX1201)
tick  136000 alive   866873 genomes  233685 energy   209.1 births 12292361 deaths 12295363 (1070.7s) AMD Radeon RX 9070 XT (RADV GFX1201)
tick  137000 alive   871089 genomes  230149 energy   208.5 births 12431993 deaths 12427777 (1078.6s) AMD Radeon RX 9070 XT (RADV GFX1201)
tick  138000 alive   877379 genomes  227222 energy   208.9 births 12555573 deaths 12549283 (1086.5s) AMD Radeon RX 9070 XT (RADV GFX1201)
tick  139000 alive   880432 genomes  225618 energy   209.2 births 12570375 deaths 12567322 (1094.3s) AMD Radeon RX 9070 XT (RADV GFX1201)
tick  140000 alive   875160 genomes  226331 energy   209.2 births 12478458 deaths 12483730 (1102.2s) AMD Radeon RX 9070 XT (RADV GFX1201)
tick  141000 alive   872634 genomes  224960 energy   209.5 births 12480252 deaths 12482778 (1109.9s) AMD Radeon RX 9070 XT (RADV GFX1201)
tick  142000 alive   881552 genomes  224856 energy   208.5 births 12586456 deaths 12577538 (1117.8s) AMD Radeon RX 9070 XT (RADV GFX1201)
tick  143000 alive   878890 genomes  225610 energy   209.5 births 12636522 deaths 12639184 (1125.7s) AMD Radeon RX 9070 XT (RADV GFX1201)
tick  144000 alive   871591 genomes  226018 energy   209.1 births 12479392 deaths 12486691 (1133.6s) AMD Radeon RX 9070 XT (RADV GFX1201)
tick  145000 alive   869376 genomes  227543 energy   209.3 births 12448544 deaths 12450759 (1141.2s) AMD Radeon RX 9070 XT (RADV GFX1201)
tick  146000 alive   876295 genomes  228265 energy   209.4 births 12456098 deaths 12449179 (1149.1s) AMD Radeon RX 9070 XT (RADV GFX1201)
tick  147000 alive   873724 genomes  230261 energy   209.3 births 12430941 deaths 12433512 (1157.1s) AMD Radeon RX 9070 XT (RADV GFX1201)
tick  148000 alive   867035 genomes  230034 energy   209.6 births 12355267 deaths 12361956 (1164.9s) AMD Radeon RX 9070 XT (RADV GFX1201)
tick  149000 alive   871430 genomes  228727 energy   209.0 births 12313574 deaths 12309179 (1172.6s) AMD Radeon RX 9070 XT (RADV GFX1201)
tick  150000 alive   870908 genomes  226679 energy   208.9 births 12412985 deaths 12413507 (1180.5s) AMD Radeon RX 9070 XT (RADV GFX1201)
tick  151000 alive   879217 genomes  226155 energy   209.0 births 12585302 deaths 12576993 (1188.3s) AMD Radeon RX 9070 XT (RADV GFX1201)
tick  152000 alive   880343 genomes  223803 energy   208.9 births 12656036 deaths 12654910 (1196.2s) AMD Radeon RX 9070 XT (RADV GFX1201)
tick  153000 alive   879639 genomes  222729 energy   209.3 births 12588788 deaths 12589492 (1203.8s) AMD Radeon RX 9070 XT (RADV GFX1201)
tick  154000 alive   881697 genomes  224077 energy   209.6 births 12558537 deaths 12556479 (1211.7s) AMD Radeon RX 9070 XT (RADV GFX1201)
tick  155000 alive   873550 genomes  224428 energy   209.1 births 12524599 deaths 12532746 (1219.6s) AMD Radeon RX 9070 XT (RADV GFX1201)
tick  156000 alive   879468 genomes  222012 energy   208.6 births 12537356 deaths 12531438 (1227.5s) AMD Radeon RX 9070 XT (RADV GFX1201)
tick  157000 alive   879943 genomes  224576 energy   209.4 births 12657778 deaths 12657303 (1235.3s) AMD Radeon RX 9070 XT (RADV GFX1201)
tick  158000 alive   872548 genomes  225963 energy   208.6 births 12491407 deaths 12498802 (1243.1s) AMD Radeon RX 9070 XT (RADV GFX1201)
tick  159000 alive   876581 genomes  227189 energy   209.0 births 12614735 deaths 12610702 (1251.0s) AMD Radeon RX 9070 XT (RADV GFX1201)
tick  160000 alive   873403 genomes  226967 energy   209.0 births 12451662 deaths 12454840 (1258.9s) AMD Radeon RX 9070 XT (RADV GFX1201)
tick  161000 alive   868985 genomes  228012 energy   209.5 births 12374139 deaths 12378557 (1266.7s) AMD Radeon RX 9070 XT (RADV GFX1201)
tick  162000 alive   865318 genomes  227736 energy   209.5 births 12247508 deaths 12251175 (1274.4s) AMD Radeon RX 9070 XT (RADV GFX1201)
tick  163000 alive   869336 genomes  229305 energy   209.2 births 12292745 deaths 12288727 (1282.3s) AMD Radeon RX 9070 XT (RADV GFX1201)
tick  164000 alive   867499 genomes  229802 energy   209.0 births 12326190 deaths 12328027 (1290.2s) AMD Radeon RX 9070 XT (RADV GFX1201)
tick  165000 alive   868256 genomes  228573 energy   209.3 births 12294713 deaths 12293956 (1298.1s) AMD Radeon RX 9070 XT (RADV GFX1201)
tick  166000 alive   869701 genomes  230455 energy   209.8 births 12288671 deaths 12287226 (1305.7s) AMD Radeon RX 9070 XT (RADV GFX1201)
tick  167000 alive   868099 genomes  228346 energy   209.7 births 12148374 deaths 12149976 (1313.6s) AMD Radeon RX 9070 XT (RADV GFX1201)
tick  168000 alive   865931 genomes  229367 energy   209.8 births 12165182 deaths 12167350 (1321.4s) AMD Radeon RX 9070 XT (RADV GFX1201)
tick  169000 alive   866341 genomes  230220 energy   209.7 births 12192368 deaths 12191958 (1329.2s) AMD Radeon RX 9070 XT (RADV GFX1201)
tick  170000 alive   867808 genomes  231123 energy   209.5 births 12148823 deaths 12147356 (1336.9s) AMD Radeon RX 9070 XT (RADV GFX1201)
tick  171000 alive   866347 genomes  232784 energy   209.8 births 12215535 deaths 12216996 (1344.7s) AMD Radeon RX 9070 XT (RADV GFX1201)
tick  172000 alive   861826 genomes  232882 energy   209.7 births 12125866 deaths 12130387 (1352.6s) AMD Radeon RX 9070 XT (RADV GFX1201)
tick  173000 alive   863845 genomes  233015 energy   209.8 births 12101902 deaths 12099883 (1360.4s) AMD Radeon RX 9070 XT (RADV GFX1201)
tick  174000 alive   865619 genomes  231701 energy   209.7 births 12106319 deaths 12104545 (1368.0s) AMD Radeon RX 9070 XT (RADV GFX1201)
tick  175000 alive   868765 genomes  231537 energy   209.9 births 12175546 deaths 12172400 (1375.9s) AMD Radeon RX 9070 XT (RADV GFX1201)
tick  176000 alive   863441 genomes  232782 energy   209.5 births 12142808 deaths 12148132 (1383.7s) AMD Radeon RX 9070 XT (RADV GFX1201)
tick  177000 alive   863176 genomes  231767 energy   209.8 births 12099079 deaths 12099344 (1391.6s) AMD Radeon RX 9070 XT (RADV GFX1201)
tick  178000 alive   867731 genomes  229494 energy   209.7 births 12149081 deaths 12144526 (1399.4s) AMD Radeon RX 9070 XT (RADV GFX1201)
tick  179000 alive   868413 genomes  229747 energy   209.8 births 12179489 deaths 12178807 (1407.0s) AMD Radeon RX 9070 XT (RADV GFX1201)
tick  180000 alive   866339 genomes  229031 energy   210.0 births 12146391 deaths 12148465 (1414.9s) AMD Radeon RX 9070 XT (RADV GFX1201)
tick  181000 alive   862846 genomes  229012 energy   209.7 births 12161701 deaths 12165194 (1422.7s) AMD Radeon RX 9070 XT (RADV GFX1201)
tick  182000 alive   866059 genomes  227659 energy   208.7 births 12174117 deaths 12170904 (1430.5s) AMD Radeon RX 9070 XT (RADV GFX1201)
tick  183000 alive   871379 genomes  227197 energy   208.8 births 12397432 deaths 12392112 (1438.1s) AMD Radeon RX 9070 XT (RADV GFX1201)
tick  184000 alive   868538 genomes  228289 energy   209.4 births 12319456 deaths 12322297 (1446.0s) AMD Radeon RX 9070 XT (RADV GFX1201)
tick  185000 alive   868742 genomes  229378 energy   209.2 births 12330969 deaths 12330765 (1453.8s) AMD Radeon RX 9070 XT (RADV GFX1201)
tick  186000 alive   863430 genomes  231378 energy   209.6 births 12159800 deaths 12165112 (1461.6s) AMD Radeon RX 9070 XT (RADV GFX1201)
tick  187000 alive   860614 genomes  232813 energy   209.9 births 12083691 deaths 12086507 (1469.2s) AMD Radeon RX 9070 XT (RADV GFX1201)
tick  188000 alive   855050 genomes  230164 energy   209.9 births 11985453 deaths 11991017 (1477.1s) AMD Radeon RX 9070 XT (RADV GFX1201)
tick  189000 alive   862863 genomes  231229 energy   209.0 births 12067146 deaths 12059333 (1484.9s) AMD Radeon RX 9070 XT (RADV GFX1201)
tick  190000 alive   867895 genomes  228888 energy   209.4 births 12228347 deaths 12223315 (1492.8s) AMD Radeon RX 9070 XT (RADV GFX1201)
tick  191000 alive   869310 genomes  229400 energy   209.1 births 12299506 deaths 12298091 (1500.4s) AMD Radeon RX 9070 XT (RADV GFX1201)
tick  192000 alive   865071 genomes  229118 energy   209.4 births 12275983 deaths 12280222 (1508.2s) AMD Radeon RX 9070 XT (RADV GFX1201)
tick  193000 alive   865773 genomes  228601 energy   209.0 births 12230464 deaths 12229762 (1516.1s) AMD Radeon RX 9070 XT (RADV GFX1201)
tick  194000 alive   865770 genomes  228916 energy   209.8 births 12175466 deaths 12175469 (1523.9s) AMD Radeon RX 9070 XT (RADV GFX1201)
tick  195000 alive   864330 genomes  229326 energy   210.0 births 12098510 deaths 12099950 (1531.8s) AMD Radeon RX 9070 XT (RADV GFX1201)
tick  196000 alive   859798 genomes  230452 energy   209.6 births 11955560 deaths 11960092 (1539.5s) AMD Radeon RX 9070 XT (RADV GFX1201)
tick  197000 alive   859723 genomes  229569 energy   209.5 births 11981788 deaths 11981863 (1547.4s) AMD Radeon RX 9070 XT (RADV GFX1201)
tick  198000 alive   859736 genomes  230712 energy   209.6 births 12069234 deaths 12069221 (1555.2s) AMD Radeon RX 9070 XT (RADV GFX1201)
tick  199000 alive   866668 genomes  232142 energy   209.5 births 12163323 deaths 12156391 (1563.0s) AMD Radeon RX 9070 XT (RADV GFX1201)
tick  200000 alive   859658 genomes  232652 energy   209.5 births 12020857 deaths 12027867 (1570.6s) AMD Radeon RX 9070 XT (RADV GFX1201)
tick  201000 alive   860779 genomes  232775 energy   209.9 births 12020835 deaths 12019714 (1578.6s) AMD Radeon RX 9070 XT (RADV GFX1201)
tick  202000 alive   863040 genomes  233790 energy   209.9 births 12016995 deaths 12014734 (1586.4s) AMD Radeon RX 9070 XT (RADV GFX1201)
tick  203000 alive   863535 genomes  235135 energy   210.3 births 11974950 deaths 11974455 (1594.3s) AMD Radeon RX 9070 XT (RADV GFX1201)
tick  204000 alive   853658 genomes  233758 energy   209.9 births 11849116 deaths 11858993 (1602.0s) AMD Radeon RX 9070 XT (RADV GFX1201)
tick  205000 alive   858131 genomes  234273 energy   210.4 births 11842805 deaths 11838332 (1609.8s) AMD Radeon RX 9070 XT (RADV GFX1201)
tick  206000 alive   856791 genomes  235079 energy   210.0 births 11806860 deaths 11808200 (1617.6s) AMD Radeon RX 9070 XT (RADV GFX1201)
tick  207000 alive   853923 genomes  235756 energy   210.2 births 11776512 deaths 11779380 (1625.4s) AMD Radeon RX 9070 XT (RADV GFX1201)
tick  208000 alive   858341 genomes  234780 energy   210.2 births 11836788 deaths 11832370 (1633.0s) AMD Radeon RX 9070 XT (RADV GFX1201)
tick  209000 alive   856656 genomes  235617 energy   210.2 births 11786769 deaths 11788454 (1640.8s) AMD Radeon RX 9070 XT (RADV GFX1201)
tick  210000 alive   854952 genomes  234225 energy   210.5 births 11786862 deaths 11788566 (1648.6s) AMD Radeon RX 9070 XT (RADV GFX1201)
tick  211000 alive   851893 genomes  234617 energy   210.1 births 11753959 deaths 11757018 (1656.5s) AMD Radeon RX 9070 XT (RADV GFX1201)
tick  212000 alive   857044 genomes  233689 energy   210.3 births 11834869 deaths 11829718 (1664.3s) AMD Radeon RX 9070 XT (RADV GFX1201)
tick  213000 alive   856714 genomes  234175 energy   210.3 births 11790955 deaths 11791285 (1672.0s) AMD Radeon RX 9070 XT (RADV GFX1201)
tick  214000 alive   857509 genomes  232344 energy   210.5 births 11837550 deaths 11836755 (1679.8s) AMD Radeon RX 9070 XT (RADV GFX1201)
tick  215000 alive   857786 genomes  231919 energy   210.6 births 11815282 deaths 11815005 (1687.6s) AMD Radeon RX 9070 XT (RADV GFX1201)
tick  216000 alive   858942 genomes  232612 energy   210.5 births 11834725 deaths 11833569 (1695.4s) AMD Radeon RX 9070 XT (RADV GFX1201)
tick  217000 alive   854896 genomes  232744 energy   210.2 births 11779329 deaths 11783375 (1703.0s) AMD Radeon RX 9070 XT (RADV GFX1201)
tick  218000 alive   852255 genomes  232200 energy   210.4 births 11748847 deaths 11751488 (1710.8s) AMD Radeon RX 9070 XT (RADV GFX1201)
tick  219000 alive   860221 genomes  234948 energy   210.1 births 11820607 deaths 11812641 (1718.6s) AMD Radeon RX 9070 XT (RADV GFX1201)
tick  220000 alive   852846 genomes  234950 energy   210.8 births 11733735 deaths 11741110 (1726.5s) AMD Radeon RX 9070 XT (RADV GFX1201)
tick  221000 alive   853030 genomes  234132 energy   209.6 births 11687464 deaths 11687280 (1734.1s) AMD Radeon RX 9070 XT (RADV GFX1201)
tick  222000 alive   857872 genomes  234840 energy   210.3 births 11949169 deaths 11944327 (1741.9s) AMD Radeon RX 9070 XT (RADV GFX1201)
tick  223000 alive   852114 genomes  233877 energy   210.9 births 11718971 deaths 11724729 (1749.7s) AMD Radeon RX 9070 XT (RADV GFX1201)
tick  224000 alive   856305 genomes  235301 energy   210.4 births 11713517 deaths 11709326 (1757.5s) AMD Radeon RX 9070 XT (RADV GFX1201)
tick  225000 alive   846571 genomes  235488 energy   210.2 births 11642579 deaths 11652313 (1765.1s) AMD Radeon RX 9070 XT (RADV GFX1201)
tick  226000 alive   853047 genomes  235464 energy   210.1 births 11743594 deaths 11737118 (1772.9s) AMD Radeon RX 9070 XT (RADV GFX1201)
tick  227000 alive   854379 genomes  235749 energy   210.5 births 11814864 deaths 11813532 (1780.7s) AMD Radeon RX 9070 XT (RADV GFX1201)
tick  228000 alive   853993 genomes  236803 energy   211.0 births 11676480 deaths 11676866 (1788.5s) AMD Radeon RX 9070 XT (RADV GFX1201)
tick  229000 alive   848098 genomes  237930 energy   211.3 births 11518027 deaths 11523922 (1796.2s) AMD Radeon RX 9070 XT (RADV GFX1201)
tick  230000 alive   846064 genomes  237915 energy   210.5 births 11424715 deaths 11426749 (1804.0s) AMD Radeon RX 9070 XT (RADV GFX1201)
tick  231000 alive   847198 genomes  238144 energy   210.6 births 11522583 deaths 11521449 (1811.7s) AMD Radeon RX 9070 XT (RADV GFX1201)
tick  232000 alive   850518 genomes  237526 energy   210.6 births 11587539 deaths 11584219 (1819.5s) AMD Radeon RX 9070 XT (RADV GFX1201)
tick  233000 alive   854950 genomes  236125 energy   210.4 births 11677902 deaths 11673470 (1827.4s) AMD Radeon RX 9070 XT (RADV GFX1201)
tick  234000 alive   853334 genomes  237999 energy   211.1 births 11629479 deaths 11631095 (1834.9s) AMD Radeon RX 9070 XT (RADV GFX1201)
tick  235000 alive   850204 genomes  235048 energy   210.8 births 11530853 deaths 11533983 (1842.7s) AMD Radeon RX 9070 XT (RADV GFX1201)
tick  236000 alive   855113 genomes  234971 energy   211.1 births 11619044 deaths 11614135 (1850.4s) AMD Radeon RX 9070 XT (RADV GFX1201)
tick  237000 alive   854189 genomes  235859 energy   210.7 births 11636462 deaths 11637386 (1858.2s) AMD Radeon RX 9070 XT (RADV GFX1201)
tick  238000 alive   853342 genomes  235955 energy   210.6 births 11664970 deaths 11665817 (1865.7s) AMD Radeon RX 9070 XT (RADV GFX1201)
tick  239000 alive   851698 genomes  235158 energy   210.3 births 11641394 deaths 11643038 (1873.5s) AMD Radeon RX 9070 XT (RADV GFX1201)
tick  240000 alive   853588 genomes  234355 energy   210.1 births 11758485 deaths 11756595 (1881.2s) AMD Radeon RX 9070 XT (RADV GFX1201)
tick  241000 alive   853778 genomes  232669 energy   210.1 births 11773635 deaths 11773445 (1889.0s) AMD Radeon RX 9070 XT (RADV GFX1201)
tick  242000 alive   858552 genomes  232235 energy   210.7 births 11802115 deaths 11797341 (1896.5s) AMD Radeon RX 9070 XT (RADV GFX1201)
tick  243000 alive   855411 genomes  229639 energy   210.1 births 11853877 deaths 11857018 (1904.3s) AMD Radeon RX 9070 XT (RADV GFX1201)
tick  244000 alive   862055 genomes  229339 energy   209.9 births 11937613 deaths 11930969 (1912.1s) AMD Radeon RX 9070 XT (RADV GFX1201)
tick  245000 alive   864487 genomes  229897 energy   210.3 births 12009348 deaths 12006916 (1919.8s) AMD Radeon RX 9070 XT (RADV GFX1201)
tick  246000 alive   860864 genomes  228588 energy   209.9 births 11938445 deaths 11942068 (1927.4s) AMD Radeon RX 9070 XT (RADV GFX1201)
tick  247000 alive   861545 genomes  227954 energy   210.4 births 11941014 deaths 11940333 (1935.1s) AMD Radeon RX 9070 XT (RADV GFX1201)
tick  248000 alive   858016 genomes  229882 energy   211.0 births 11866604 deaths 11870133 (1942.9s) AMD Radeon RX 9070 XT (RADV GFX1201)
tick  249000 alive   856220 genomes  232045 energy   211.0 births 11753946 deaths 11755742 (1950.7s) AMD Radeon RX 9070 XT (RADV GFX1201)
tick  250000 alive   851009 genomes  233006 energy   210.8 births 11618583 deaths 11623794 (1958.5s) AMD Radeon RX 9070 XT (RADV GFX1201)
tick  251000 alive   853107 genomes  234335 energy   210.6 births 11580359 deaths 11578261 (1966.1s) AMD Radeon RX 9070 XT (RADV GFX1201)
tick  252000 alive   855880 genomes  233138 energy   210.4 births 11743831 deaths 11741058 (1973.9s) AMD Radeon RX 9070 XT (RADV GFX1201)
tick  253000 alive   853234 genomes  233023 energy   211.1 births 11650882 deaths 11653528 (1981.7s) AMD Radeon RX 9070 XT (RADV GFX1201)
tick  254000 alive   855120 genomes  233116 energy   210.3 births 11655471 deaths 11653585 (1989.5s) AMD Radeon RX 9070 XT (RADV GFX1201)
tick  255000 alive   851308 genomes  233329 energy   210.5 births 11727784 deaths 11731596 (1997.1s) AMD Radeon RX 9070 XT (RADV GFX1201)
tick  256000 alive   853899 genomes  232627 energy   210.4 births 11785239 deaths 11782648 (2004.8s) AMD Radeon RX 9070 XT (RADV GFX1201)
tick  257000 alive   855033 genomes  230102 energy   210.7 births 11725285 deaths 11724151 (2012.6s) AMD Radeon RX 9070 XT (RADV GFX1201)
tick  258000 alive   856516 genomes  232045 energy   211.0 births 11721189 deaths 11719706 (2020.4s) AMD Radeon RX 9070 XT (RADV GFX1201)
tick  259000 alive   850187 genomes  230212 energy   210.4 births 11600810 deaths 11607139 (2027.9s) AMD Radeon RX 9070 XT (RADV GFX1201)
tick  260000 alive   857023 genomes  230337 energy   210.4 births 11750384 deaths 11743548 (2035.7s) AMD Radeon RX 9070 XT (RADV GFX1201)
tick  261000 alive   863662 genomes  230492 energy   210.3 births 11934753 deaths 11928114 (2043.4s) AMD Radeon RX 9070 XT (RADV GFX1201)
tick  262000 alive   857160 genomes  231022 energy   210.3 births 11849686 deaths 11856188 (2051.2s) AMD Radeon RX 9070 XT (RADV GFX1201)
tick  263000 alive   859430 genomes  229528 energy   210.1 births 11802637 deaths 11800367 (2058.8s) AMD Radeon RX 9070 XT (RADV GFX1201)
tick  264000 alive   860363 genomes  229107 energy   210.3 births 11852448 deaths 11851515 (2066.5s) AMD Radeon RX 9070 XT (RADV GFX1201)
tick  265000 alive   859030 genomes  229684 energy   210.3 births 11827783 deaths 11829116 (2074.3s) AMD Radeon RX 9070 XT (RADV GFX1201)
tick  266000 alive   861372 genomes  231137 energy   210.2 births 11889430 deaths 11887088 (2082.1s) AMD Radeon RX 9070 XT (RADV GFX1201)
tick  267000 alive   857695 genomes  231045 energy   210.6 births 11851512 deaths 11855189 (2089.8s) AMD Radeon RX 9070 XT (RADV GFX1201)
tick  268000 alive   855615 genomes  230960 energy   210.5 births 11772888 deaths 11774968 (2097.5s) AMD Radeon RX 9070 XT (RADV GFX1201)
tick  269000 alive   854154 genomes  230467 energy   210.4 births 11748145 deaths 11749606 (2105.2s) AMD Radeon RX 9070 XT (RADV GFX1201)
tick  270000 alive   851202 genomes  228714 energy   210.3 births 11728993 deaths 11731945 (2113.0s) AMD Radeon RX 9070 XT (RADV GFX1201)
tick  271000 alive   857498 genomes  230077 energy   210.2 births 11769952 deaths 11763656 (2120.7s) AMD Radeon RX 9070 XT (RADV GFX1201)
tick  272000 alive   853666 genomes  231890 energy   210.8 births 11738420 deaths 11742252 (2128.3s) AMD Radeon RX 9070 XT (RADV GFX1201)
tick  273000 alive   853137 genomes  233790 energy   211.0 births 11597701 deaths 11598230 (2136.0s) AMD Radeon RX 9070 XT (RADV GFX1201)
tick  274000 alive   848539 genomes  232929 energy   210.8 births 11533490 deaths 11538088 (2143.8s) AMD Radeon RX 9070 XT (RADV GFX1201)
tick  275000 alive   854817 genomes  234159 energy   210.7 births 11666115 deaths 11659837 (2151.5s) AMD Radeon RX 9070 XT (RADV GFX1201)
tick  276000 alive   850568 genomes  233971 energy   210.1 births 11629011 deaths 11633260 (2159.1s) AMD Radeon RX 9070 XT (RADV GFX1201)
tick  277000 alive   852745 genomes  234749 energy   210.6 births 11736496 deaths 11734319 (2166.9s) AMD Radeon RX 9070 XT (RADV GFX1201)
tick  278000 alive   851752 genomes  233006 energy   210.9 births 11531290 deaths 11532283 (2174.7s) AMD Radeon RX 9070 XT (RADV GFX1201)
tick  279000 alive   853409 genomes  235185 energy   211.3 births 11543673 deaths 11542016 (2182.5s) AMD Radeon RX 9070 XT (RADV GFX1201)
tick  280000 alive   843428 genomes  235268 energy   210.9 births 11503352 deaths 11513333 (2190.1s) AMD Radeon RX 9070 XT (RADV GFX1201)
tick  281000 alive   849095 genomes  235599 energy   211.1 births 11543217 deaths 11537550 (2197.8s) AMD Radeon RX 9070 XT (RADV GFX1201)
tick  282000 alive   850192 genomes  233778 energy   211.1 births 11542330 deaths 11541233 (2205.6s) AMD Radeon RX 9070 XT (RADV GFX1201)
tick  283000 alive   853707 genomes  234994 energy   211.0 births 11631660 deaths 11628145 (2213.3s) AMD Radeon RX 9070 XT (RADV GFX1201)
tick  284000 alive   849045 genomes  233964 energy   211.2 births 11490447 deaths 11495109 (2220.9s) AMD Radeon RX 9070 XT (RADV GFX1201)
tick  285000 alive   853831 genomes  233756 energy   211.0 births 11566068 deaths 11561282 (2228.6s) AMD Radeon RX 9070 XT (RADV GFX1201)
tick  286000 alive   854668 genomes  234569 energy   210.3 births 11692158 deaths 11691321 (2236.3s) AMD Radeon RX 9070 XT (RADV GFX1201)
tick  287000 alive   850786 genomes  233855 energy   211.2 births 11605407 deaths 11609289 (2244.0s) AMD Radeon RX 9070 XT (RADV GFX1201)
tick  288000 alive   855876 genomes  235196 energy   211.1 births 11574366 deaths 11569276 (2251.7s) AMD Radeon RX 9070 XT (RADV GFX1201)
tick  289000 alive   850578 genomes  236284 energy   210.6 births 11560033 deaths 11565331 (2259.2s) AMD Radeon RX 9070 XT (RADV GFX1201)
tick  290000 alive   858216 genomes  237992 energy   210.3 births 11709669 deaths 11702031 (2266.9s) AMD Radeon RX 9070 XT (RADV GFX1201)
tick  291000 alive   852778 genomes  237208 energy   210.5 births 11716899 deaths 11722337 (2274.7s) AMD Radeon RX 9070 XT (RADV GFX1201)
tick  292000 alive   854151 genomes  236312 energy   210.4 births 11721454 deaths 11720081 (2282.4s) AMD Radeon RX 9070 XT (RADV GFX1201)
tick  293000 alive   849457 genomes  235939 energy   210.8 births 11605967 deaths 11610661 (2290.0s) AMD Radeon RX 9070 XT (RADV GFX1201)
tick  294000 alive   851786 genomes  236014 energy   210.4 births 11607034 deaths 11604705 (2297.6s) AMD Radeon RX 9070 XT (RADV GFX1201)
tick  295000 alive   850584 genomes  236970 energy   210.5 births 11618020 deaths 11619222 (2305.4s) AMD Radeon RX 9070 XT (RADV GFX1201)
tick  296000 alive   851449 genomes  236462 energy   210.7 births 11649264 deaths 11648399 (2313.1s) AMD Radeon RX 9070 XT (RADV GFX1201)
tick  297000 alive   853733 genomes  236185 energy   210.7 births 11590183 deaths 11587899 (2320.6s) AMD Radeon RX 9070 XT (RADV GFX1201)
tick  298000 alive   856157 genomes  235338 energy   211.2 births 11663608 deaths 11661184 (2328.3s) AMD Radeon RX 9070 XT (RADV GFX1201)
tick  299000 alive   851152 genomes  237629 energy   211.0 births 11564757 deaths 11569762 (2336.0s) AMD Radeon RX 9070 XT (RADV GFX1201)
tick  300000 alive   847985 genomes  237985 energy   210.1 births 11628280 deaths 11631447 (2343.7s) AMD Radeon RX 9070 XT (RADV GFX1201)
tick  301000 alive   849598 genomes  237474 energy   210.2 births 11682742 deaths 11681129 (2351.2s) AMD Radeon RX 9070 XT (RADV GFX1201)
tick  302000 alive   854242 genomes  237219 energy   209.8 births 11726019 deaths 11721375 (2359.0s) AMD Radeon RX 9070 XT (RADV GFX1201)
tick  303000 alive   851945 genomes  235747 energy   210.4 births 11739032 deaths 11741329 (2366.7s) AMD Radeon RX 9070 XT (RADV GFX1201)
tick  304000 alive   850492 genomes  234753 energy   210.3 births 11649406 deaths 11650859 (2374.5s) AMD Radeon RX 9070 XT (RADV GFX1201)
tick  305000 alive   857324 genomes  234007 energy   210.1 births 11767743 deaths 11760911 (2382.1s) AMD Radeon RX 9070 XT (RADV GFX1201)
tick  306000 alive   854724 genomes  235110 energy   210.5 births 11808100 deaths 11810700 (2389.8s) AMD Radeon RX 9070 XT (RADV GFX1201)
tick  307000 alive   853269 genomes  234848 energy   210.2 births 11730465 deaths 11731920 (2397.5s) AMD Radeon RX 9070 XT (RADV GFX1201)
tick  308000 alive   858969 genomes  234218 energy   209.8 births 11781272 deaths 11775572 (2405.3s) AMD Radeon RX 9070 XT (RADV GFX1201)
tick  309000 alive   855065 genomes  234444 energy   210.4 births 11807199 deaths 11811103 (2413.0s) AMD Radeon RX 9070 XT (RADV GFX1201)
tick  310000 alive   857800 genomes  234723 energy   210.4 births 11770708 deaths 11767973 (2420.5s) AMD Radeon RX 9070 XT (RADV GFX1201)
tick  311000 alive   854094 genomes  233839 energy   210.4 births 11733058 deaths 11736764 (2428.3s) AMD Radeon RX 9070 XT (RADV GFX1201)
tick  312000 alive   852646 genomes  233136 energy   209.8 births 11829929 deaths 11831377 (2436.0s) AMD Radeon RX 9070 XT (RADV GFX1201)
tick  313000 alive   861386 genomes  232564 energy   210.5 births 11841692 deaths 11832952 (2443.7s) AMD Radeon RX 9070 XT (RADV GFX1201)
tick  314000 alive   858211 genomes  233318 energy   210.7 births 11724087 deaths 11727262 (2451.2s) AMD Radeon RX 9070 XT (RADV GFX1201)
tick  315000 alive   854423 genomes  234000 energy   210.4 births 11675558 deaths 11679346 (2459.0s) AMD Radeon RX 9070 XT (RADV GFX1201)
tick  316000 alive   857075 genomes  232585 energy   210.5 births 11775526 deaths 11772874 (2466.8s) AMD Radeon RX 9070 XT (RADV GFX1201)
tick  317000 alive   852188 genomes  231268 energy   210.5 births 11693403 deaths 11698290 (2474.5s) AMD Radeon RX 9070 XT (RADV GFX1201)
tick  318000 alive   855788 genomes  231103 energy   210.8 births 11627210 deaths 11623610 (2482.1s) AMD Radeon RX 9070 XT (RADV GFX1201)
tick  319000 alive   857544 genomes  230281 energy   210.7 births 11701927 deaths 11700171 (2489.8s) AMD Radeon RX 9070 XT (RADV GFX1201)
tick  320000 alive   859148 genomes  232592 energy   211.0 births 11697912 deaths 11696308 (2497.5s) AMD Radeon RX 9070 XT (RADV GFX1201)
tick  321000 alive   847790 genomes  231573 energy   210.4 births 11603079 deaths 11614437 (2505.3s) AMD Radeon RX 9070 XT (RADV GFX1201)
tick  322000 alive   852343 genomes  233121 energy   210.6 births 11647683 deaths 11643130 (2512.9s) AMD Radeon RX 9070 XT (RADV GFX1201)
tick  323000 alive   852072 genomes  234571 energy   211.0 births 11667319 deaths 11667590 (2520.6s) AMD Radeon RX 9070 XT (RADV GFX1201)
tick  324000 alive   851568 genomes  235792 energy   210.6 births 11585025 deaths 11585529 (2528.3s) AMD Radeon RX 9070 XT (RADV GFX1201)
tick  325000 alive   847058 genomes  235476 energy   210.9 births 11564767 deaths 11569277 (2536.0s) AMD Radeon RX 9070 XT (RADV GFX1201)
tick  326000 alive   846750 genomes  234590 energy   210.9 births 11523674 deaths 11523982 (2543.7s) AMD Radeon RX 9070 XT (RADV GFX1201)
tick  327000 alive   849822 genomes  233741 energy   210.7 births 11517596 deaths 11514524 (2551.2s) AMD Radeon RX 9070 XT (RADV GFX1201)
tick  328000 alive   853456 genomes  234623 energy   211.0 births 11573712 deaths 11570078 (2558.9s) AMD Radeon RX 9070 XT (RADV GFX1201)
tick  329000 alive   853624 genomes  233563 energy   210.8 births 11584766 deaths 11584598 (2566.7s) AMD Radeon RX 9070 XT (RADV GFX1201)
tick  330000 alive   855985 genomes  232962 energy   210.8 births 11605200 deaths 11602839 (2574.4s) AMD Radeon RX 9070 XT (RADV GFX1201)
tick  331000 alive   851920 genomes  232471 energy   211.2 births 11563356 deaths 11567421 (2581.9s) AMD Radeon RX 9070 XT (RADV GFX1201)
tick  332000 alive   853379 genomes  235023 energy   211.1 births 11624171 deaths 11622712 (2589.6s) AMD Radeon RX 9070 XT (RADV GFX1201)
tick  333000 alive   854302 genomes  236130 energy   211.0 births 11568449 deaths 11567526 (2597.2s) AMD Radeon RX 9070 XT (RADV GFX1201)
tick  334000 alive   851518 genomes  237031 energy   211.2 births 11540998 deaths 11543782 (2604.9s) AMD Radeon RX 9070 XT (RADV GFX1201)
tick  335000 alive   850009 genomes  236255 energy   210.4 births 11519021 deaths 11520530 (2612.4s) AMD Radeon RX 9070 XT (RADV GFX1201)
tick  336000 alive   858943 genomes  234524 energy   209.8 births 11809320 deaths 11800386 (2620.1s) AMD Radeon RX 9070 XT (RADV GFX1201)
tick  337000 alive   858942 genomes  232903 energy   210.5 births 11853306 deaths 11853307 (2627.8s) AMD Radeon RX 9070 XT (RADV GFX1201)
tick  338000 alive   860937 genomes  232846 energy   210.3 births 11862628 deaths 11860633 (2635.5s) AMD Radeon RX 9070 XT (RADV GFX1201)
tick  339000 alive   855974 genomes  232066 energy   210.5 births 11754661 deaths 11759624 (2643.1s) AMD Radeon RX 9070 XT (RADV GFX1201)
tick  340000 alive   853059 genomes  232121 energy   210.3 births 11642871 deaths 11645786 (2650.8s) AMD Radeon RX 9070 XT (RADV GFX1201)
tick  341000 alive   854855 genomes  230597 energy   210.0 births 11678950 deaths 11677154 (2658.5s) AMD Radeon RX 9070 XT (RADV GFX1201)
tick  342000 alive   860280 genomes  230271 energy   210.4 births 11841072 deaths 11835647 (2666.2s) AMD Radeon RX 9070 XT (RADV GFX1201)
tick  343000 alive   859368 genomes  230719 energy   210.4 births 11845748 deaths 11846660 (2673.9s) AMD Radeon RX 9070 XT (RADV GFX1201)
tick  344000 alive   854352 genomes  228943 energy   210.1 births 11781836 deaths 11786852 (2681.4s) AMD Radeon RX 9070 XT (RADV GFX1201)
tick  345000 alive   860188 genomes  227511 energy   210.4 births 11832283 deaths 11826447 (2689.1s) AMD Radeon RX 9070 XT (RADV GFX1201)
tick  346000 alive   861179 genomes  227685 energy   209.9 births 11844410 deaths 11843419 (2696.9s) AMD Radeon RX 9070 XT (RADV GFX1201)
tick  347000 alive   864424 genomes  226930 energy   209.9 births 11995810 deaths 11992565 (2704.6s) AMD Radeon RX 9070 XT (RADV GFX1201)
tick  348000 alive   866398 genomes  227931 energy   210.2 births 11988140 deaths 11986166 (2712.1s) AMD Radeon RX 9070 XT (RADV GFX1201)
tick  349000 alive   858578 genomes  228466 energy   210.5 births 11876868 deaths 11884688 (2719.8s) AMD Radeon RX 9070 XT (RADV GFX1201)
tick  350000 alive   856375 genomes  229956 energy   210.1 births 11739753 deaths 11741956 (2727.5s) AMD Radeon RX 9070 XT (RADV GFX1201)
tick  351000 alive   856084 genomes  230704 energy   210.3 births 11756151 deaths 11756442 (2735.2s) AMD Radeon RX 9070 XT (RADV GFX1201)
tick  352000 alive   855637 genomes  231439 energy   210.6 births 11704392 deaths 11704839 (2742.7s) AMD Radeon RX 9070 XT (RADV GFX1201)
tick  353000 alive   854565 genomes  231784 energy   210.4 births 11716254 deaths 11717326 (2750.5s) AMD Radeon RX 9070 XT (RADV GFX1201)
tick  354000 alive   854550 genomes  231919 energy   210.2 births 11729070 deaths 11729085 (2758.2s) AMD Radeon RX 9070 XT (RADV GFX1201)
tick  355000 alive   858149 genomes  229922 energy   210.3 births 11773447 deaths 11769848 (2766.0s) AMD Radeon RX 9070 XT (RADV GFX1201)
tick  356000 alive   859092 genomes  229603 energy   210.6 births 11807494 deaths 11806551 (2773.5s) AMD Radeon RX 9070 XT (RADV GFX1201)
tick  357000 alive   856030 genomes  231029 energy   211.0 births 11794595 deaths 11797657 (2781.2s) AMD Radeon RX 9070 XT (RADV GFX1201)
tick  358000 alive   848108 genomes  232762 energy   211.0 births 11485227 deaths 11493149 (2788.8s) AMD Radeon RX 9070 XT (RADV GFX1201)
tick  359000 alive   848067 genomes  234453 energy   211.0 births 11524995 deaths 11525036 (2796.5s) AMD Radeon RX 9070 XT (RADV GFX1201)
tick  360000 alive   849293 genomes  237392 energy   211.0 births 11458494 deaths 11457268 (2804.1s) AMD Radeon RX 9070 XT (RADV GFX1201)
tick  361000 alive   846792 genomes  237112 energy   210.7 births 11492458 deaths 11494959 (2811.7s) AMD Radeon RX 9070 XT (RADV GFX1201)
tick  362000 alive   849658 genomes  236684 energy   210.7 births 11522515 deaths 11519649 (2819.4s) AMD Radeon RX 9070 XT (RADV GFX1201)
tick  363000 alive   849880 genomes  237844 energy   210.8 births 11489023 deaths 11488801 (2827.0s) AMD Radeon RX 9070 XT (RADV GFX1201)
tick  364000 alive   846838 genomes  236314 energy   211.1 births 11479024 deaths 11482066 (2834.6s) AMD Radeon RX 9070 XT (RADV GFX1201)
tick  365000 alive   852233 genomes  236926 energy   210.7 births 11533303 deaths 11527908 (2842.2s) AMD Radeon RX 9070 XT (RADV GFX1201)
tick  366000 alive   851180 genomes  236656 energy   210.4 births 11661169 deaths 11662222 (2849.8s) AMD Radeon RX 9070 XT (RADV GFX1201)
tick  367000 alive   851885 genomes  235450 energy   210.7 births 11660621 deaths 11659916 (2857.5s) AMD Radeon RX 9070 XT (RADV GFX1201)
tick  368000 alive   852425 genomes  232452 energy   210.3 births 11716670 deaths 11716130 (2865.2s) AMD Radeon RX 9070 XT (RADV GFX1201)
tick  369000 alive   859331 genomes  232052 energy   210.2 births 11829806 deaths 11822900 (2872.7s) AMD Radeon RX 9070 XT (RADV GFX1201)
tick  370000 alive   858558 genomes  231885 energy   210.0 births 11811577 deaths 11812350 (2880.4s) AMD Radeon RX 9070 XT (RADV GFX1201)
tick  371000 alive   855473 genomes  232488 energy   210.3 births 11829965 deaths 11833050 (2888.1s) AMD Radeon RX 9070 XT (RADV GFX1201)
tick  372000 alive   855096 genomes  232367 energy   210.1 births 11790377 deaths 11790754 (2895.8s) AMD Radeon RX 9070 XT (RADV GFX1201)
tick  373000 alive   854176 genomes  232253 energy   210.2 births 11754801 deaths 11755721 (2903.2s) AMD Radeon RX 9070 XT (RADV GFX1201)
tick  374000 alive   853295 genomes  231180 energy   210.1 births 11757988 deaths 11758869 (2910.9s) AMD Radeon RX 9070 XT (RADV GFX1201)
tick  375000 alive   857662 genomes  232209 energy   210.0 births 11834401 deaths 11830034 (2918.7s) AMD Radeon RX 9070 XT (RADV GFX1201)
tick  376000 alive   861851 genomes  233468 energy   210.4 births 11961434 deaths 11957245 (2926.4s) AMD Radeon RX 9070 XT (RADV GFX1201)
tick  377000 alive   858781 genomes  235607 energy   210.5 births 11882273 deaths 11885343 (2933.9s) AMD Radeon RX 9070 XT (RADV GFX1201)
tick  378000 alive   852398 genomes  236680 energy   210.2 births 11756734 deaths 11763117 (2941.5s) AMD Radeon RX 9070 XT (RADV GFX1201)
tick  379000 alive   850434 genomes  234551 energy   210.2 births 11677117 deaths 11679081 (2949.1s) AMD Radeon RX 9070 XT (RADV GFX1201)
tick  380000 alive   856409 genomes  233001 energy   210.0 births 11805069 deaths 11799094 (2956.8s) AMD Radeon RX 9070 XT (RADV GFX1201)
tick  381000 alive   857670 genomes  232024 energy   210.4 births 11890558 deaths 11889297 (2964.4s) AMD Radeon RX 9070 XT (RADV GFX1201)
tick  382000 alive   857232 genomes  231446 energy   210.2 births 11796771 deaths 11797209 (2972.0s) AMD Radeon RX 9070 XT (RADV GFX1201)
tick  383000 alive   862924 genomes  229774 energy   210.2 births 11938140 deaths 11932448 (2979.7s) AMD Radeon RX 9070 XT (RADV GFX1201)
tick  384000 alive   861359 genomes  228664 energy   210.1 births 11938768 deaths 11940333 (2987.4s) AMD Radeon RX 9070 XT (RADV GFX1201)
tick  385000 alive   860295 genomes  228196 energy   209.9 births 11883736 deaths 11884800 (2995.2s) AMD Radeon RX 9070 XT (RADV GFX1201)
tick  386000 alive   863912 genomes  227929 energy   209.7 births 12043527 deaths 12039910 (3002.7s) AMD Radeon RX 9070 XT (RADV GFX1201)
tick  387000 alive   860901 genomes  226473 energy   209.8 births 11984448 deaths 11987459 (3010.4s) AMD Radeon RX 9070 XT (RADV GFX1201)
tick  388000 alive   865735 genomes  227453 energy   209.5 births 12104381 deaths 12099547 (3018.0s) AMD Radeon RX 9070 XT (RADV GFX1201)
tick  389000 alive   861254 genomes  226397 energy   210.2 births 12089399 deaths 12093880 (3025.7s) AMD Radeon RX 9070 XT (RADV GFX1201)
tick  390000 alive   859342 genomes  228666 energy   210.3 births 11908252 deaths 11910164 (3033.2s) AMD Radeon RX 9070 XT (RADV GFX1201)
tick  391000 alive   859114 genomes  229358 energy   210.4 births 11880443 deaths 11880671 (3041.0s) AMD Radeon RX 9070 XT (RADV GFX1201)
tick  392000 alive   855798 genomes  228163 energy   209.9 births 11834903 deaths 11838219 (3048.8s) AMD Radeon RX 9070 XT (RADV GFX1201)
tick  393000 alive   863379 genomes  227450 energy   209.9 births 11912267 deaths 11904686 (3056.6s) AMD Radeon RX 9070 XT (RADV GFX1201)
tick  394000 alive   861660 genomes  229476 energy   210.3 births 11954689 deaths 11956408 (3064.1s) AMD Radeon RX 9070 XT (RADV GFX1201)
tick  395000 alive   852477 genomes  230492 energy   210.6 births 11741903 deaths 11751086 (3071.8s) AMD Radeon RX 9070 XT (RADV GFX1201)
tick  396000 alive   857967 genomes  231161 energy   210.0 births 11732997 deaths 11727507 (3079.4s) AMD Radeon RX 9070 XT (RADV GFX1201)
tick  397000 alive   853526 genomes  231520 energy   210.5 births 11722437 deaths 11726878 (3087.0s) AMD Radeon RX 9070 XT (RADV GFX1201)
tick  398000 alive   856527 genomes  231447 energy   210.2 births 11794877 deaths 11791876 (3094.6s) AMD Radeon RX 9070 XT (RADV GFX1201)
tick  399000 alive   852652 genomes  230819 energy   210.4 births 11755983 deaths 11759858 (3102.2s) AMD Radeon RX 9070 XT (RADV GFX1201)
tick  400000 alive   851738 genomes  230756 energy   210.9 births 11708828 deaths 11709742 (3110.0s) AMD Radeon RX 9070 XT (RADV GFX1201)
tick  401000 alive   852142 genomes  232094 energy   210.9 births 11583687 deaths 11583283 (3117.6s) AMD Radeon RX 9070 XT (RADV GFX1201)
tick  402000 alive   853643 genomes  233539 energy   211.3 births 11567424 deaths 11565923 (3125.4s) AMD Radeon RX 9070 XT (RADV GFX1201)
tick  403000 alive   848968 genomes  233009 energy   210.8 births 11528531 deaths 11533206 (3132.9s) AMD Radeon RX 9070 XT (RADV GFX1201)
tick  404000 alive   847723 genomes  232585 energy   210.7 births 11468320 deaths 11469565 (3140.6s) AMD Radeon RX 9070 XT (RADV GFX1201)
tick  405000 alive   852159 genomes  232911 energy   211.0 births 11578579 deaths 11574143 (3148.3s) AMD Radeon RX 9070 XT (RADV GFX1201)
tick  406000 alive   847379 genomes  234696 energy   211.4 births 11485423 deaths 11490203 (3156.0s) AMD Radeon RX 9070 XT (RADV GFX1201)
tick  407000 alive   848710 genomes  234326 energy   210.3 births 11512167 deaths 11510836 (3163.5s) AMD Radeon RX 9070 XT (RADV GFX1201)
tick  408000 alive   850481 genomes  232371 energy   210.7 births 11727368 deaths 11725597 (3171.2s) AMD Radeon RX 9070 XT (RADV GFX1201)
tick  409000 alive   851278 genomes  233391 energy   211.0 births 11570961 deaths 11570164 (3178.9s) AMD Radeon RX 9070 XT (RADV GFX1201)
tick  410000 alive   845812 genomes  234984 energy   210.8 births 11442810 deaths 11448276 (3186.6s) AMD Radeon RX 9070 XT (RADV GFX1201)
tick  411000 alive   845314 genomes  235049 energy   210.6 births 11497795 deaths 11498293 (3194.1s) AMD Radeon RX 9070 XT (RADV GFX1201)
tick  412000 alive   853844 genomes  235060 energy   210.8 births 11619174 deaths 11610644 (3201.8s) AMD Radeon RX 9070 XT (RADV GFX1201)
tick  413000 alive   846585 genomes  233899 energy   211.2 births 11446024 deaths 11453283 (3209.4s) AMD Radeon RX 9070 XT (RADV GFX1201)
tick  414000 alive   848154 genomes  234430 energy   211.0 births 11478769 deaths 11477200 (3217.0s) AMD Radeon RX 9070 XT (RADV GFX1201)
tick  415000 alive   846581 genomes  234664 energy   210.9 births 11452548 deaths 11454121 (3224.5s) AMD Radeon RX 9070 XT (RADV GFX1201)
tick  416000 alive   843372 genomes  231700 energy   210.8 births 11420933 deaths 11424142 (3232.3s) AMD Radeon RX 9070 XT (RADV GFX1201)
tick  417000 alive   848012 genomes  232345 energy   210.4 births 11514431 deaths 11509791 (3239.9s) AMD Radeon RX 9070 XT (RADV GFX1201)
tick  418000 alive   855152 genomes  232643 energy   210.3 births 11750753 deaths 11743613 (3247.6s) AMD Radeon RX 9070 XT (RADV GFX1201)
tick  419000 alive   853442 genomes  231521 energy   210.1 births 11719352 deaths 11721062 (3255.3s) AMD Radeon RX 9070 XT (RADV GFX1201)
tick  420000 alive   856104 genomes  230327 energy   210.5 births 11740117 deaths 11737455 (3262.8s) AMD Radeon RX 9070 XT (RADV GFX1201)
tick  421000 alive   857416 genomes  231480 energy   210.3 births 11772096 deaths 11770784 (3270.6s) AMD Radeon RX 9070 XT (RADV GFX1201)
tick  422000 alive   855624 genomes  229989 energy   210.5 births 11759054 deaths 11760846 (3278.3s) AMD Radeon RX 9070 XT (RADV GFX1201)
tick  423000 alive   856164 genomes  229879 energy   210.5 births 11792781 deaths 11792241 (3286.0s) AMD Radeon RX 9070 XT (RADV GFX1201)
tick  424000 alive   856476 genomes  230663 energy   210.1 births 11757818 deaths 11757506 (3293.4s) AMD Radeon RX 9070 XT (RADV GFX1201)
tick  425000 alive   859247 genomes  232574 energy   209.9 births 11832734 deaths 11829963 (3301.1s) AMD Radeon RX 9070 XT (RADV GFX1201)
tick  426000 alive   853074 genomes  233631 energy   210.3 births 11792925 deaths 11799098 (3308.8s) AMD Radeon RX 9070 XT (RADV GFX1201)
tick  427000 alive   854691 genomes  233285 energy   210.9 births 11678610 deaths 11676993 (3316.5s) AMD Radeon RX 9070 XT (RADV GFX1201)
tick  428000 alive   850589 genomes  233279 energy   210.5 births 11605571 deaths 11609673 (3323.9s) AMD Radeon RX 9070 XT (RADV GFX1201)
tick  429000 alive   854284 genomes  233087 energy   210.7 births 11725847 deaths 11722152 (3331.5s) AMD Radeon RX 9070 XT (RADV GFX1201)
tick  430000 alive   851656 genomes  233833 energy   210.7 births 11638762 deaths 11641390 (3339.2s) AMD Radeon RX 9070 XT (RADV GFX1201)
tick  431000 alive   849816 genomes  231012 energy   210.3 births 11646033 deaths 11647873 (3346.7s) AMD Radeon RX 9070 XT (RADV GFX1201)
tick  432000 alive   861750 genomes  230073 energy   209.8 births 11833103 deaths 11821169 (3354.2s) AMD Radeon RX 9070 XT (RADV GFX1201)
tick  433000 alive   864565 genomes  227720 energy   210.1 births 12016268 deaths 12013453 (3361.9s) AMD Radeon RX 9070 XT (RADV GFX1201)
tick  434000 alive   858913 genomes  226872 energy   210.4 births 11882488 deaths 11888140 (3369.6s) AMD Radeon RX 9070 XT (RADV GFX1201)
tick  435000 alive   857053 genomes  228014 energy   209.9 births 11853935 deaths 11855795 (3377.3s) AMD Radeon RX 9070 XT (RADV GFX1201)
tick  436000 alive   854474 genomes  226799 energy   210.3 births 11815557 deaths 11818136 (3384.9s) AMD Radeon RX 9070 XT (RADV GFX1201)
tick  437000 alive   858733 genomes  228370 energy   210.3 births 11831266 deaths 11827007 (3392.4s) AMD Radeon RX 9070 XT (RADV GFX1201)
tick  438000 alive   857377 genomes  229959 energy   210.7 births 11783207 deaths 11784563 (3400.1s) AMD Radeon RX 9070 XT (RADV GFX1201)
tick  439000 alive   847993 genomes  231005 energy   211.2 births 11511714 deaths 11521098 (3407.7s) AMD Radeon RX 9070 XT (RADV GFX1201)
tick  440000 alive   853080 genomes  232314 energy   210.3 births 11689236 deaths 11684149 (3415.4s) AMD Radeon RX 9070 XT (RADV GFX1201)
tick  441000 alive   851117 genomes  231011 energy   210.4 births 11658994 deaths 11660957 (3422.9s) AMD Radeon RX 9070 XT (RADV GFX1201)
tick  442000 alive   855828 genomes  233103 energy   210.1 births 11672897 deaths 11668186 (3430.5s) AMD Radeon RX 9070 XT (RADV GFX1201)
tick  443000 alive   852336 genomes  231543 energy   210.9 births 11672503 deaths 11675995 (3438.2s) AMD Radeon RX 9070 XT (RADV GFX1201)
tick  444000 alive   850168 genomes  232922 energy   210.4 births 11592340 deaths 11594508 (3445.9s) AMD Radeon RX 9070 XT (RADV GFX1201)
tick  445000 alive   848500 genomes  234617 energy   210.9 births 11602884 deaths 11604552 (3453.4s) AMD Radeon RX 9070 XT (RADV GFX1201)
tick  446000 alive   847129 genomes  233084 energy   210.5 births 11509445 deaths 11510816 (3461.1s) AMD Radeon RX 9070 XT (RADV GFX1201)
tick  447000 alive   853121 genomes  231372 energy   210.5 births 11635746 deaths 11629754 (3468.8s) AMD Radeon RX 9070 XT (RADV GFX1201)
tick  448000 alive   854114 genomes  232096 energy   210.7 births 11624494 deaths 11623501 (3476.4s) AMD Radeon RX 9070 XT (RADV GFX1201)
tick  449000 alive   846822 genomes  233196 energy   211.0 births 11581150 deaths 11588442 (3483.9s) AMD Radeon RX 9070 XT (RADV GFX1201)
tick  450000 alive   852507 genomes  234723 energy   210.5 births 11565075 deaths 11559390 (3491.6s) AMD Radeon RX 9070 XT (RADV GFX1201)
tick  451000 alive   848168 genomes  233233 energy   210.7 births 11611056 deaths 11615395 (3499.3s) AMD Radeon RX 9070 XT (RADV GFX1201)
tick  452000 alive   845230 genomes  232306 energy   210.9 births 11528462 deaths 11531400 (3507.0s) AMD Radeon RX 9070 XT (RADV GFX1201)
tick  453000 alive   854377 genomes  233172 energy   210.2 births 11614224 deaths 11605077 (3514.5s) AMD Radeon RX 9070 XT (RADV GFX1201)
tick  454000 alive   854936 genomes  232402 energy   210.3 births 11759280 deaths 11758721 (3522.1s) AMD Radeon RX 9070 XT (RADV GFX1201)
tick  455000 alive   849232 genomes  229829 energy   210.6 births 11686263 deaths 11691967 (3529.8s) AMD Radeon RX 9070 XT (RADV GFX1201)
tick  456000 alive   852046 genomes  228654 energy   210.8 births 11575658 deaths 11572844 (3537.4s) AMD Radeon RX 9070 XT (RADV GFX1201)
tick  457000 alive   855949 genomes  228864 energy   210.4 births 11638427 deaths 11634524 (3545.1s) AMD Radeon RX 9070 XT (RADV GFX1201)
tick  458000 alive   858243 genomes  227868 energy   210.6 births 11789918 deaths 11787624 (3552.6s) AMD Radeon RX 9070 XT (RADV GFX1201)
tick  459000 alive   855616 genomes  226325 energy   210.1 births 11785468 deaths 11788095 (3560.3s) AMD Radeon RX 9070 XT (RADV GFX1201)
tick  460000 alive   861234 genomes  227102 energy   210.0 births 11900401 deaths 11894783 (3567.9s) AMD Radeon RX 9070 XT (RADV GFX1201)
tick  461000 alive   866709 genomes  226022 energy   210.9 births 11956982 deaths 11951507 (3575.6s) AMD Radeon RX 9070 XT (RADV GFX1201)
tick  462000 alive   860175 genomes  227727 energy   210.6 births 11897668 deaths 11904202 (3583.1s) AMD Radeon RX 9070 XT (RADV GFX1201)
tick  463000 alive   855273 genomes  227014 energy   210.8 births 11799100 deaths 11804002 (3590.8s) AMD Radeon RX 9070 XT (RADV GFX1201)
tick  464000 alive   863469 genomes  228801 energy   209.8 births 11900351 deaths 11892155 (3598.5s) AMD Radeon RX 9070 XT (RADV GFX1201)
tick  465000 alive   858032 genomes  229376 energy   210.2 births 11921485 deaths 11926922 (3606.2s) AMD Radeon RX 9070 XT (RADV GFX1201)
tick  466000 alive   852864 genomes  227537 energy   210.6 births 11773855 deaths 11779023 (3613.7s) AMD Radeon RX 9070 XT (RADV GFX1201)
tick  467000 alive   856470 genomes  228978 energy   210.5 births 11733795 deaths 11730189 (3621.3s) AMD Radeon RX 9070 XT (RADV GFX1201)
tick  468000 alive   854236 genomes  228280 energy   210.4 births 11765224 deaths 11767458 (3628.9s) AMD Radeon RX 9070 XT (RADV GFX1201)
tick  469000 alive   855186 genomes  229913 energy   210.2 births 11802791 deaths 11801841 (3636.6s) AMD Radeon RX 9070 XT (RADV GFX1201)
tick  470000 alive   851273 genomes  229762 energy   210.3 births 11701229 deaths 11705142 (3644.0s) AMD Radeon RX 9070 XT (RADV GFX1201)
tick  471000 alive   858556 genomes  230474 energy   211.1 births 11682419 deaths 11675136 (3651.7s) AMD Radeon RX 9070 XT (RADV GFX1201)
tick  472000 alive   854311 genomes  234848 energy   211.1 births 11569260 deaths 11573505 (3659.4s) AMD Radeon RX 9070 XT (RADV GFX1201)
tick  473000 alive   846187 genomes  236380 energy   211.0 births 11369252 deaths 11377376 (3667.1s) AMD Radeon RX 9070 XT (RADV GFX1201)
tick  474000 alive   846587 genomes  236310 energy   210.7 births 11379119 deaths 11378719 (3674.7s) AMD Radeon RX 9070 XT (RADV GFX1201)
tick  475000 alive   849267 genomes  236373 energy   211.7 births 11478079 deaths 11475399 (3682.3s) AMD Radeon RX 9070 XT (RADV GFX1201)
tick  476000 alive   846356 genomes  235106 energy   211.2 births 11310212 deaths 11313123 (3689.9s) AMD Radeon RX 9070 XT (RADV GFX1201)
tick  477000 alive   849038 genomes  235742 energy   211.1 births 11416734 deaths 11414052 (3697.6s) AMD Radeon RX 9070 XT (RADV GFX1201)
tick  478000 alive   846272 genomes  236322 energy   211.0 births 11474141 deaths 11476907 (3705.2s) AMD Radeon RX 9070 XT (RADV GFX1201)
tick  479000 alive   849639 genomes  236213 energy   210.9 births 11521185 deaths 11517818 (3712.8s) AMD Radeon RX 9070 XT (RADV GFX1201)
tick  480000 alive   849908 genomes  236942 energy   210.9 births 11488679 deaths 11488410 (3720.5s) AMD Radeon RX 9070 XT (RADV GFX1201)
tick  481000 alive   848592 genomes  236859 energy   211.1 births 11518848 deaths 11520164 (3728.2s) AMD Radeon RX 9070 XT (RADV GFX1201)
tick  482000 alive   850253 genomes  236726 energy   210.4 births 11561381 deaths 11559720 (3735.8s) AMD Radeon RX 9070 XT (RADV GFX1201)
tick  483000 alive   852486 genomes  236754 energy   210.5 births 11635236 deaths 11633003 (3743.3s) AMD Radeon RX 9070 XT (RADV GFX1201)
tick  484000 alive   849921 genomes  235771 energy   210.1 births 11644653 deaths 11647218 (3750.9s) AMD Radeon RX 9070 XT (RADV GFX1201)
tick  485000 alive   858874 genomes  235674 energy   210.5 births 11745713 deaths 11736760 (3758.6s) AMD Radeon RX 9070 XT (RADV GFX1201)
tick  486000 alive   847832 genomes  235981 energy   210.9 births 11578896 deaths 11589938 (3766.2s) AMD Radeon RX 9070 XT (RADV GFX1201)
tick  487000 alive   853953 genomes  236638 energy   210.8 births 11482586 deaths 11476465 (3773.7s) AMD Radeon RX 9070 XT (RADV GFX1201)
tick  488000 alive   849652 genomes  236338 energy   210.9 births 11547548 deaths 11551849 (3781.4s) AMD Radeon RX 9070 XT (RADV GFX1201)
tick  489000 alive   851375 genomes  235754 energy   210.6 births 11539884 deaths 11538161 (3789.1s) AMD Radeon RX 9070 XT (RADV GFX1201)
tick  490000 alive   854011 genomes  235121 energy   210.6 births 11575927 deaths 11573291 (3796.8s) AMD Radeon RX 9070 XT (RADV GFX1201)
tick  491000 alive   852757 genomes  233189 energy   210.5 births 11631643 deaths 11632897 (3804.3s) AMD Radeon RX 9070 XT (RADV GFX1201)
tick  492000 alive   859944 genomes  231806 energy   210.7 births 11736112 deaths 11728925 (3811.9s) AMD Radeon RX 9070 XT (RADV GFX1201)
tick  493000 alive   858105 genomes  232221 energy   211.4 births 11679376 deaths 11681215 (3819.6s) AMD Radeon RX 9070 XT (RADV GFX1201)
tick  494000 alive   851935 genomes  231249 energy   210.8 births 11586822 deaths 11592992 (3827.2s) AMD Radeon RX 9070 XT (RADV GFX1201)
tick  495000 alive   856423 genomes  231179 energy   210.6 births 11654406 deaths 11649918 (3834.9s) AMD Radeon RX 9070 XT (RADV GFX1201)
tick  496000 alive   852191 genomes  231117 energy   211.0 births 11671857 deaths 11676089 (3842.5s) AMD Radeon RX 9070 XT (RADV GFX1201)
tick  497000 alive   853222 genomes  230872 energy   210.5 births 11633112 deaths 11632081 (3850.2s) AMD Radeon RX 9070 XT (RADV GFX1201)
tick  498000 alive   861470 genomes  232250 energy   210.2 births 11814009 deaths 11805761 (3857.9s) AMD Radeon RX 9070 XT (RADV GFX1201)
tick  499000 alive   855246 genomes  231332 energy   210.5 births 11825183 deaths 11831407 (3865.6s) AMD Radeon RX 9070 XT (RADV GFX1201)
tick  500000 alive   854958 genomes  231171 energy   210.4 births 11736210 deaths 11736498 (3873.1s) AMD Radeon RX 9070 XT (RADV GFX1201)
tick  501000 alive   855428 genomes  232000 energy   210.5 births 11755679 deaths 11755209 (3880.8s) AMD Radeon RX 9070 XT (RADV GFX1201)
tick  502000 alive   852665 genomes  233334 energy   210.5 births 11721265 deaths 11724028 (3888.4s) AMD Radeon RX 9070 XT (RADV GFX1201)
tick  503000 alive   854846 genomes  232646 energy   210.4 births 11690742 deaths 11688561 (3896.1s) AMD Radeon RX 9070 XT (RADV GFX1201)
tick  504000 alive   853536 genomes  232196 energy   210.1 births 11751358 deaths 11752668 (3903.6s) AMD Radeon RX 9070 XT (RADV GFX1201)
tick  505000 alive   854386 genomes  230937 energy   210.1 births 11817545 deaths 11816695 (3911.3s) AMD Radeon RX 9070 XT (RADV GFX1201)
tick  506000 alive   855804 genomes  231690 energy   210.2 births 11864359 deaths 11862941 (3919.1s) AMD Radeon RX 9070 XT (RADV GFX1201)
tick  507000 alive   859470 genomes  230316 energy   210.1 births 11924716 deaths 11921050 (3926.8s) AMD Radeon RX 9070 XT (RADV GFX1201)
tick  508000 alive   853052 genomes  231760 energy   209.9 births 11823990 deaths 11830408 (3934.3s) AMD Radeon RX 9070 XT (RADV GFX1201)
tick  509000 alive   854143 genomes  230791 energy   209.8 births 11821897 deaths 11820806 (3942.0s) AMD Radeon RX 9070 XT (RADV GFX1201)
tick  510000 alive   860252 genomes  230314 energy   210.1 births 11925293 deaths 11919184 (3949.6s) AMD Radeon RX 9070 XT (RADV GFX1201)
tick  511000 alive   854648 genomes  230032 energy   210.6 births 11849952 deaths 11855556 (3957.2s) AMD Radeon RX 9070 XT (RADV GFX1201)
tick  512000 alive   856130 genomes  229391 energy   209.7 births 11846115 deaths 11844633 (3964.8s) AMD Radeon RX 9070 XT (RADV GFX1201)
tick  513000 alive   857969 genomes  228840 energy   210.4 births 11881966 deaths 11880127 (3972.4s) AMD Radeon RX 9070 XT (RADV GFX1201)
tick  514000 alive   862063 genomes  229430 energy   210.3 births 11847862 deaths 11843768 (3980.1s) AMD Radeon RX 9070 XT (RADV GFX1201)
tick  515000 alive   857279 genomes  228909 energy   210.7 births 11842752 deaths 11847536 (3987.8s) AMD Radeon RX 9070 XT (RADV GFX1201)
tick  516000 alive   855632 genomes  226865 energy   210.2 births 11690780 deaths 11692427 (3995.5s) AMD Radeon RX 9070 XT (RADV GFX1201)
tick  517000 alive   857296 genomes  228262 energy   210.9 births 11761072 deaths 11759408 (4003.0s) AMD Radeon RX 9070 XT (RADV GFX1201)
tick  518000 alive   857029 genomes  229305 energy   211.2 births 11682351 deaths 11682618 (4010.7s) AMD Radeon RX 9070 XT (RADV GFX1201)
tick  519000 alive   852542 genomes  230025 energy   210.9 births 11595865 deaths 11600352 (4018.3s) AMD Radeon RX 9070 XT (RADV GFX1201)
tick  520000 alive   860517 genomes  232215 energy   210.9 births 11721886 deaths 11713911 (4026.0s) AMD Radeon RX 9070 XT (RADV GFX1201)
tick  521000 alive   856363 genomes  231709 energy   210.8 births 11667952 deaths 11672106 (4033.5s) AMD Radeon RX 9070 XT (RADV GFX1201)
tick  522000 alive   856406 genomes  230911 energy   210.9 births 11642852 deaths 11642809 (4041.2s) AMD Radeon RX 9070 XT (RADV GFX1201)
tick  523000 alive   857514 genomes  230537 energy   210.7 births 11700113 deaths 11699005 (4048.9s) AMD Radeon RX 9070 XT (RADV GFX1201)
tick  524000 alive   853797 genomes  231050 energy   210.4 births 11624933 deaths 11628650 (4056.6s) AMD Radeon RX 9070 XT (RADV GFX1201)
tick  525000 alive   858162 genomes  228770 energy   210.5 births 11680746 deaths 11676381 (4064.0s) AMD Radeon RX 9070 XT (RADV GFX1201)
tick  526000 alive   856016 genomes  228647 energy   210.4 births 11773533 deaths 11775679 (4071.6s) AMD Radeon RX 9070 XT (RADV GFX1201)
tick  527000 alive   858099 genomes  228863 energy   211.2 births 11737463 deaths 11735380 (4079.2s) AMD Radeon RX 9070 XT (RADV GFX1201)
tick  528000 alive   856001 genomes  229493 energy   211.1 births 11677815 deaths 11679913 (4086.8s) AMD Radeon RX 9070 XT (RADV GFX1201)
tick  529000 alive   854874 genomes  229286 energy   210.4 births 11617689 deaths 11618816 (4094.3s) AMD Radeon RX 9070 XT (RADV GFX1201)
tick  530000 alive   855364 genomes  229978 energy   210.7 births 11744305 deaths 11743815 (4102.0s) AMD Radeon RX 9070 XT (RADV GFX1201)
tick  531000 alive   852034 genomes  230113 energy   210.8 births 11623364 deaths 11626694 (4109.6s) AMD Radeon RX 9070 XT (RADV GFX1201)
tick  532000 alive   850901 genomes  231876 energy   211.0 births 11698242 deaths 11699375 (4117.3s) AMD Radeon RX 9070 XT (RADV GFX1201)
tick  533000 alive   855218 genomes  230586 energy   210.3 births 11617381 deaths 11613064 (4125.0s) AMD Radeon RX 9070 XT (RADV GFX1201)
tick  534000 alive   857627 genomes  229925 energy   210.3 births 11782051 deaths 11779642 (4132.4s) AMD Radeon RX 9070 XT (RADV GFX1201)
tick  535000 alive   856272 genomes  230174 energy   211.0 births 11758381 deaths 11759736 (4140.1s) AMD Radeon RX 9070 XT (RADV GFX1201)
tick  536000 alive   856312 genomes  228734 energy   210.2 births 11752118 deaths 11752078 (4147.7s) AMD Radeon RX 9070 XT (RADV GFX1201)
tick  537000 alive   859932 genomes  228492 energy   210.5 births 11820911 deaths 11817291 (4155.4s) AMD Radeon RX 9070 XT (RADV GFX1201)
tick  538000 alive   857019 genomes  229191 energy   210.1 births 11854494 deaths 11857407 (4162.9s) AMD Radeon RX 9070 XT (RADV GFX1201)
tick  539000 alive   856009 genomes  229411 energy   210.5 births 11813006 deaths 11814016 (4170.6s) AMD Radeon RX 9070 XT (RADV GFX1201)
tick  540000 alive   852604 genomes  230464 energy   210.7 births 11661152 deaths 11664557 (4178.2s) AMD Radeon RX 9070 XT (RADV GFX1201)
tick  541000 alive   849526 genomes  230628 energy   210.6 births 11626296 deaths 11629374 (4185.9s) AMD Radeon RX 9070 XT (RADV GFX1201)
tick  542000 alive   851351 genomes  230695 energy   210.5 births 11559939 deaths 11558114 (4193.4s) AMD Radeon RX 9070 XT (RADV GFX1201)
tick  543000 alive   851712 genomes  232062 energy   210.2 births 11645785 deaths 11645424 (4201.0s) AMD Radeon RX 9070 XT (RADV GFX1201)
tick  544000 alive   854078 genomes  233514 energy   210.7 births 11676395 deaths 11674029 (4208.8s) AMD Radeon RX 9070 XT (RADV GFX1201)
tick  545000 alive   852006 genomes  234400 energy   210.3 births 11661540 deaths 11663612 (4216.4s) AMD Radeon RX 9070 XT (RADV GFX1201)
tick  546000 alive   850750 genomes  231958 energy   210.7 births 11648088 deaths 11649344 (4224.0s) AMD Radeon RX 9070 XT (RADV GFX1201)
tick  547000 alive   857077 genomes  234006 energy   210.7 births 11690819 deaths 11684492 (4231.6s) AMD Radeon RX 9070 XT (RADV GFX1201)
tick  548000 alive   849645 genomes  234946 energy   211.2 births 11529730 deaths 11537162 (4239.3s) AMD Radeon RX 9070 XT (RADV GFX1201)
tick  549000 alive   849166 genomes  236389 energy   210.3 births 11471671 deaths 11472150 (4246.9s) AMD Radeon RX 9070 XT (RADV GFX1201)
tick  550000 alive   849587 genomes  236488 energy   210.7 births 11588237 deaths 11587816 (4254.5s) AMD Radeon RX 9070 XT (RADV GFX1201)
tick  551000 alive   848476 genomes  239396 energy   210.8 births 11474057 deaths 11475168 (4262.0s) AMD Radeon RX 9070 XT (RADV GFX1201)
tick  552000 alive   840757 genomes  238325 energy   211.0 births 11429544 deaths 11437263 (4269.7s) AMD Radeon RX 9070 XT (RADV GFX1201)
tick  553000 alive   845943 genomes  237569 energy   210.5 births 11424732 deaths 11419546 (4277.3s) AMD Radeon RX 9070 XT (RADV GFX1201)
tick  554000 alive   850360 genomes  237894 energy   211.7 births 11503438 deaths 11499021 (4285.0s) AMD Radeon RX 9070 XT (RADV GFX1201)
tick  555000 alive   841984 genomes  238265 energy   210.6 births 11294427 deaths 11302803 (4292.4s) AMD Radeon RX 9070 XT (RADV GFX1201)
tick  556000 alive   848318 genomes  237650 energy   210.2 births 11599964 deaths 11593630 (4300.1s) AMD Radeon RX 9070 XT (RADV GFX1201)
tick  557000 alive   852970 genomes  236131 energy   210.3 births 11685350 deaths 11680698 (4307.7s) AMD Radeon RX 9070 XT (RADV GFX1201)
tick  558000 alive   856461 genomes  234522 energy   210.4 births 11702597 deaths 11699106 (4315.4s) AMD Radeon RX 9070 XT (RADV GFX1201)
tick  559000 alive   852240 genomes  234809 energy   210.4 births 11662045 deaths 11666266 (4322.9s) AMD Radeon RX 9070 XT (RADV GFX1201)
tick  560000 alive   853424 genomes  233656 energy   210.8 births 11665248 deaths 11664064 (4330.6s) AMD Radeon RX 9070 XT (RADV GFX1201)
tick  561000 alive   851121 genomes  231324 energy   210.2 births 11728864 deaths 11731167 (4338.2s) AMD Radeon RX 9070 XT (RADV GFX1201)
tick  562000 alive   858566 genomes  230506 energy   210.0 births 11921418 deaths 11913973 (4345.9s) AMD Radeon RX 9070 XT (RADV GFX1201)
tick  563000 alive   861986 genomes  227569 energy   209.9 births 11979028 deaths 11975608 (4353.3s) AMD Radeon RX 9070 XT (RADV GFX1201)
tick  564000 alive   862116 genomes  225715 energy   210.1 births 12024939 deaths 12024809 (4360.9s) AMD Radeon RX 9070 XT (RADV GFX1201)
tick  565000 alive   862260 genomes  226164 energy   209.4 births 12041436 deaths 12041292 (4368.6s) AMD Radeon RX 9070 XT (RADV GFX1201)
tick  566000 alive   871234 genomes  225356 energy   209.5 births 12197233 deaths 12188259 (4376.2s) AMD Radeon RX 9070 XT (RADV GFX1201)
tick  567000 alive   870905 genomes  224094 energy   210.2 births 12269196 deaths 12269525 (4383.6s) AMD Radeon RX 9070 XT (RADV GFX1201)
tick  568000 alive   866516 genomes  224301 energy   209.7 births 12225300 deaths 12229689 (4391.3s) AMD Radeon RX 9070 XT (RADV GFX1201)
tick  569000 alive   871389 genomes  223191 energy   209.4 births 12241640 deaths 12236767 (4398.9s) AMD Radeon RX 9070 XT (RADV GFX1201)
tick  570000 alive   870002 genomes  224281 energy   209.4 births 12311289 deaths 12312676 (4406.6s) AMD Radeon RX 9070 XT (RADV GFX1201)
tick  571000 alive   869337 genomes  224495 energy   209.7 births 12264596 deaths 12265261 (4414.2s) AMD Radeon RX 9070 XT (RADV GFX1201)
tick  572000 alive   865694 genomes  226806 energy   210.1 births 12141849 deaths 12145492 (4421.7s) AMD Radeon RX 9070 XT (RADV GFX1201)
tick  573000 alive   862896 genomes  229206 energy   210.1 births 12052988 deaths 12055786 (4429.3s) AMD Radeon RX 9070 XT (RADV GFX1201)
tick  574000 alive   859076 genomes  229087 energy   210.0 births 11995416 deaths 11999236 (4437.0s) AMD Radeon RX 9070 XT (RADV GFX1201)
tick  575000 alive   863211 genomes  229273 energy   209.9 births 12007594 deaths 12003459 (4444.7s) AMD Radeon RX 9070 XT (RADV GFX1201)
tick  576000 alive   859836 genomes  228301 energy   210.3 births 11950447 deaths 11953822 (4452.1s) AMD Radeon RX 9070 XT (RADV GFX1201)
tick  577000 alive   862664 genomes  229009 energy   210.2 births 11963175 deaths 11960347 (4459.8s) AMD Radeon RX 9070 XT (RADV GFX1201)
tick  578000 alive   860186 genomes  229573 energy   210.6 births 11881807 deaths 11884285 (4467.4s) AMD Radeon RX 9070 XT (RADV GFX1201)
tick  579000 alive   855360 genomes  229978 energy   210.3 births 11747435 deaths 11752261 (4475.0s) AMD Radeon RX 9070 XT (RADV GFX1201)
tick  580000 alive   860078 genomes  229716 energy   209.8 births 11955324 deaths 11950606 (4482.5s) AMD Radeon RX 9070 XT (RADV GFX1201)
tick  581000 alive   862965 genomes  229398 energy   210.2 births 11946347 deaths 11943460 (4490.3s) AMD Radeon RX 9070 XT (RADV GFX1201)
tick  582000 alive   852946 genomes  228418 energy   210.5 births 11769035 deaths 11779054 (4498.0s) AMD Radeon RX 9070 XT (RADV GFX1201)
tick  583000 alive   858450 genomes  230050 energy   210.5 births 11761518 deaths 11756014 (4505.7s) AMD Radeon RX 9070 XT (RADV GFX1201)
tick  584000 alive   853487 genomes  231621 energy   210.9 births 11767124 deaths 11772087 (4513.3s) AMD Radeon RX 9070 XT (RADV GFX1201)
tick  585000 alive   852873 genomes  231422 energy   210.2 births 11619293 deaths 11619907 (4520.9s) AMD Radeon RX 9070 XT (RADV GFX1201)
tick  586000 alive   851483 genomes  232541 energy   210.4 births 11703433 deaths 11704823 (4528.6s) AMD Radeon RX 9070 XT (RADV GFX1201)
tick  587000 alive   855296 genomes  232677 energy   210.0 births 11749884 deaths 11746071 (4536.2s) AMD Radeon RX 9070 XT (RADV GFX1201)
tick  588000 alive   854181 genomes  235315 energy   210.4 births 11827560 deaths 11828675 (4543.9s) AMD Radeon RX 9070 XT (RADV GFX1201)
tick  589000 alive   848175 genomes  233126 energy   211.0 births 11598610 deaths 11604616 (4551.4s) AMD Radeon RX 9070 XT (RADV GFX1201)
tick  590000 alive   851923 genomes  235986 energy   210.9 births 11605654 deaths 11601906 (4559.0s) AMD Radeon RX 9070 XT (RADV GFX1201)
tick  591000 alive   848707 genomes  234407 energy   211.0 births 11513280 deaths 11516496 (4566.6s) AMD Radeon RX 9070 XT (RADV GFX1201)
tick  592000 alive   848440 genomes  234424 energy   210.5 births 11565050 deaths 11565317 (4574.2s) AMD Radeon RX 9070 XT (RADV GFX1201)
tick  593000 alive   850387 genomes  233613 energy   210.3 births 11720452 deaths 11718505 (4581.7s) AMD Radeon RX 9070 XT (RADV GFX1201)
tick  594000 alive   853944 genomes  232603 energy   210.2 births 11745628 deaths 11742071 (4589.4s) AMD Radeon RX 9070 XT (RADV GFX1201)
tick  595000 alive   858390 genomes  234005 energy   210.4 births 11806448 deaths 11802002 (4597.1s) AMD Radeon RX 9070 XT (RADV GFX1201)
tick  596000 alive   847694 genomes  233724 energy   210.6 births 11664046 deaths 11674742 (4604.8s) AMD Radeon RX 9070 XT (RADV GFX1201)
tick  597000 alive   845432 genomes  233678 energy   210.1 births 11602190 deaths 11604452 (4612.2s) AMD Radeon RX 9070 XT (RADV GFX1201)
tick  598000 alive   855499 genomes  234750 energy   209.8 births 11840133 deaths 11830066 (4619.8s) AMD Radeon RX 9070 XT (RADV GFX1201)
tick  599000 alive   853308 genomes  234100 energy   209.8 births 11793765 deaths 11795956 (4627.4s) AMD Radeon RX 9070 XT (RADV GFX1201)
tick  600000 alive   855265 genomes  233481 energy   210.4 births 11845717 deaths 11843760 (4635.0s) AMD Radeon RX 9070 XT (RADV GFX1201)
tick  601000 alive   851449 genomes  233866 energy   210.2 births 11655035 deaths 11658851 (4642.5s) AMD Radeon RX 9070 XT (RADV GFX1201)
tick  602000 alive   850862 genomes  234057 energy   210.7 births 11685725 deaths 11686312 (4650.1s) AMD Radeon RX 9070 XT (RADV GFX1201)
tick  603000 alive   854285 genomes  232291 energy   210.4 births 11715305 deaths 11711882 (4657.8s) AMD Radeon RX 9070 XT (RADV GFX1201)
tick  604000 alive   855563 genomes  231638 energy   210.7 births 11726925 deaths 11725647 (4665.5s) AMD Radeon RX 9070 XT (RADV GFX1201)
tick  605000 alive   853604 genomes  232234 energy   211.0 births 11661745 deaths 11663704 (4673.0s) AMD Radeon RX 9070 XT (RADV GFX1201)
tick  606000 alive   852766 genomes  233569 energy   210.6 births 11652583 deaths 11653421 (4680.6s) AMD Radeon RX 9070 XT (RADV GFX1201)
tick  607000 alive   853028 genomes  231012 energy   210.6 births 11672320 deaths 11672058 (4688.2s) AMD Radeon RX 9070 XT (RADV GFX1201)
tick  608000 alive   858093 genomes  231111 energy   210.3 births 11739193 deaths 11734128 (4695.8s) AMD Radeon RX 9070 XT (RADV GFX1201)
tick  609000 alive   857438 genomes  232574 energy   210.5 births 11812793 deaths 11813448 (4703.4s) AMD Radeon RX 9070 XT (RADV GFX1201)
tick  610000 alive   850550 genomes  232048 energy   210.7 births 11737808 deaths 11744696 (4711.0s) AMD Radeon RX 9070 XT (RADV GFX1201)
tick  611000 alive   858935 genomes  231878 energy   210.1 births 11788648 deaths 11780263 (4718.6s) AMD Radeon RX 9070 XT (RADV GFX1201)
tick  612000 alive   856958 genomes  231224 energy   210.7 births 11808261 deaths 11810238 (4726.3s) AMD Radeon RX 9070 XT (RADV GFX1201)
tick  613000 alive   853102 genomes  231635 energy   210.5 births 11666881 deaths 11670737 (4734.0s) AMD Radeon RX 9070 XT (RADV GFX1201)
tick  614000 alive   853833 genomes  233803 energy   210.4 births 11733892 deaths 11733161 (4741.4s) AMD Radeon RX 9070 XT (RADV GFX1201)
tick  615000 alive   853957 genomes  234345 energy   210.5 births 11713244 deaths 11713120 (4749.0s) AMD Radeon RX 9070 XT (RADV GFX1201)
tick  616000 alive   848053 genomes  234357 energy   210.7 births 11615644 deaths 11621548 (4756.6s) AMD Radeon RX 9070 XT (RADV GFX1201)
tick  617000 alive   844801 genomes  235203 energy   210.3 births 11480231 deaths 11483483 (4764.3s) AMD Radeon RX 9070 XT (RADV GFX1201)
tick  618000 alive   850900 genomes  236444 energy   210.9 births 11528618 deaths 11522519 (4771.7s) AMD Radeon RX 9070 XT (RADV GFX1201)
tick  619000 alive   850378 genomes  236695 energy   210.9 births 11534501 deaths 11535023 (4779.3s) AMD Radeon RX 9070 XT (RADV GFX1201)
tick  620000 alive   846173 genomes  236851 energy   211.0 births 11535395 deaths 11539600 (4786.9s) AMD Radeon RX 9070 XT (RADV GFX1201)
tick  621000 alive   842667 genomes  236844 energy   210.6 births 11451352 deaths 11454858 (4794.4s) AMD Radeon RX 9070 XT (RADV GFX1201)
tick  622000 alive   844946 genomes  235601 energy   210.7 births 11491067 deaths 11488788 (4801.9s) AMD Radeon RX 9070 XT (RADV GFX1201)
tick  623000 alive   850062 genomes  234271 energy   210.7 births 11530839 deaths 11525723 (4809.5s) AMD Radeon RX 9070 XT (RADV GFX1201)
tick  624000 alive   851956 genomes  235043 energy   210.5 births 11585259 deaths 11583365 (4817.1s) AMD Radeon RX 9070 XT (RADV GFX1201)
tick  625000 alive   851024 genomes  234262 energy   210.9 births 11595888 deaths 11596820 (4824.7s) AMD Radeon RX 9070 XT (RADV GFX1201)
tick  626000 alive   850700 genomes  235960 energy   211.1 births 11557136 deaths 11557460 (4832.3s) AMD Radeon RX 9070 XT (RADV GFX1201)
tick  627000 alive   850315 genomes  236743 energy   210.7 births 11564986 deaths 11565371 (4839.9s) AMD Radeon RX 9070 XT (RADV GFX1201)
tick  628000 alive   847017 genomes  237033 energy   210.9 births 11529938 deaths 11533236 (4847.5s) AMD Radeon RX 9070 XT (RADV GFX1201)
tick  629000 alive   851791 genomes  236353 energy   211.1 births 11575643 deaths 11570869 (4855.2s) AMD Radeon RX 9070 XT (RADV GFX1201)
tick  630000 alive   847707 genomes  237913 energy   210.6 births 11526998 deaths 11531082 (4862.8s) AMD Radeon RX 9070 XT (RADV GFX1201)
tick  631000 alive   847366 genomes  236348 energy   210.9 births 11494554 deaths 11494895 (4870.3s) AMD Radeon RX 9070 XT (RADV GFX1201)
tick  632000 alive   854522 genomes  236476 energy   210.6 births 11642076 deaths 11634920 (4877.9s) AMD Radeon RX 9070 XT (RADV GFX1201)
tick  633000 alive   852520 genomes  238037 energy   210.7 births 11646401 deaths 11648403 (4885.6s) AMD Radeon RX 9070 XT (RADV GFX1201)
tick  634000 alive   847472 genomes  235748 energy   210.7 births 11551795 deaths 11556843 (4893.3s) AMD Radeon RX 9070 XT (RADV GFX1201)
tick  635000 alive   851225 genomes  236940 energy   210.5 births 11648070 deaths 11644317 (4900.8s) AMD Radeon RX 9070 XT (RADV GFX1201)
tick  636000 alive   854135 genomes  235829 energy   210.1 births 11719355 deaths 11716445 (4908.4s) AMD Radeon RX 9070 XT (RADV GFX1201)
tick  637000 alive   857325 genomes  233903 energy   210.6 births 11826462 deaths 11823272 (4916.1s) AMD Radeon RX 9070 XT (RADV GFX1201)
tick  638000 alive   853689 genomes  234538 energy   211.1 births 11714305 deaths 11717941 (4923.8s) AMD Radeon RX 9070 XT (RADV GFX1201)
tick  639000 alive   850959 genomes  236045 energy   210.9 births 11569052 deaths 11571782 (4931.3s) AMD Radeon RX 9070 XT (RADV GFX1201)
tick  640000 alive   852670 genomes  235103 energy   210.3 births 11650999 deaths 11649288 (4938.9s) AMD Radeon RX 9070 XT (RADV GFX1201)
tick  641000 alive   858118 genomes  234679 energy   210.6 births 11731147 deaths 11725699 (4946.6s) AMD Radeon RX 9070 XT (RADV GFX1201)
tick  642000 alive   857766 genomes  233971 energy   210.7 births 11738050 deaths 11738402 (4954.3s) AMD Radeon RX 9070 XT (RADV GFX1201)
tick  643000 alive   855839 genomes  235113 energy   210.9 births 11624476 deaths 11626403 (4961.8s) AMD Radeon RX 9070 XT (RADV GFX1201)
tick  644000 alive   851822 genomes  234031 energy   210.2 births 11607121 deaths 11611138 (4969.4s) AMD Radeon RX 9070 XT (RADV GFX1201)
tick  645000 alive   855370 genomes  232331 energy   210.8 births 11670774 deaths 11667226 (4977.1s) AMD Radeon RX 9070 XT (RADV GFX1201)
tick  646000 alive   855687 genomes  233687 energy   210.3 births 11738233 deaths 11737916 (4984.7s) AMD Radeon RX 9070 XT (RADV GFX1201)
tick  647000 alive   851567 genomes  232122 energy   210.6 births 11720094 deaths 11724214 (4992.4s) AMD Radeon RX 9070 XT (RADV GFX1201)
tick  648000 alive   855098 genomes  233359 energy   210.3 births 11686170 deaths 11682639 (4999.9s) AMD Radeon RX 9070 XT (RADV GFX1201)
tick  649000 alive   853888 genomes  236274 energy   210.8 births 11697602 deaths 11698812 (5007.6s) AMD Radeon RX 9070 XT (RADV GFX1201)
tick  650000 alive   850655 genomes  234935 energy   209.8 births 11707120 deaths 11710353 (5015.3s) AMD Radeon RX 9070 XT (RADV GFX1201)
tick  651000 alive   852884 genomes  234812 energy   210.1 births 11732983 deaths 11730754 (5023.0s) AMD Radeon RX 9070 XT (RADV GFX1201)
tick  652000 alive   850421 genomes  235189 energy   210.8 births 11642968 deaths 11645431 (5030.5s) AMD Radeon RX 9070 XT (RADV GFX1201)
tick  653000 alive   849018 genomes  234145 energy   210.6 births 11565896 deaths 11567299 (5038.1s) AMD Radeon RX 9070 XT (RADV GFX1201)
tick  654000 alive   858274 genomes  233352 energy   209.7 births 11740892 deaths 11731636 (5045.8s) AMD Radeon RX 9070 XT (RADV GFX1201)
tick  655000 alive   855884 genomes  230529 energy   210.5 births 11798088 deaths 11800478 (5053.4s) AMD Radeon RX 9070 XT (RADV GFX1201)
tick  656000 alive   861044 genomes  230810 energy   210.4 births 11788996 deaths 11783836 (5060.9s) AMD Radeon RX 9070 XT (RADV GFX1201)
tick  657000 alive   858448 genomes  231540 energy   210.8 births 11759536 deaths 11762132 (5068.6s) AMD Radeon RX 9070 XT (RADV GFX1201)
tick  658000 alive   854730 genomes  230263 energy   210.4 births 11753717 deaths 11757435 (5076.3s) AMD Radeon RX 9070 XT (RADV GFX1201)
tick  659000 alive   853018 genomes  230609 energy   210.6 births 11751883 deaths 11753595 (5084.1s) AMD Radeon RX 9070 XT (RADV GFX1201)
tick  660000 alive   858255 genomes  229635 energy   209.9 births 11791146 deaths 11785909 (5091.6s) AMD Radeon RX 9070 XT (RADV GFX1201)
tick  661000 alive   856623 genomes  230082 energy   210.3 births 11843646 deaths 11845278 (5099.3s) AMD Radeon RX 9070 XT (RADV GFX1201)
tick  662000 alive   849556 genomes  229760 energy   210.5 births 11733034 deaths 11740101 (5106.9s) AMD Radeon RX 9070 XT (RADV GFX1201)
tick  663000 alive   853747 genomes  232202 energy   210.4 births 11660258 deaths 11656067 (5114.5s) AMD Radeon RX 9070 XT (RADV GFX1201)
tick  664000 alive   851828 genomes  233664 energy   210.9 births 11541817 deaths 11543736 (5122.1s) AMD Radeon RX 9070 XT (RADV GFX1201)
tick  665000 alive   846205 genomes  234020 energy   210.8 births 11507556 deaths 11513179 (5129.7s) AMD Radeon RX 9070 XT (RADV GFX1201)
tick  666000 alive   850421 genomes  233602 energy   210.7 births 11555099 deaths 11550883 (5137.4s) AMD Radeon RX 9070 XT (RADV GFX1201)
tick  667000 alive   849715 genomes  232356 energy   210.4 births 11617472 deaths 11618178 (5145.0s) AMD Radeon RX 9070 XT (RADV GFX1201)
tick  668000 alive   854878 genomes  231712 energy   210.4 births 11700737 deaths 11695574 (5152.7s) AMD Radeon RX 9070 XT (RADV GFX1201)
tick  669000 alive   853064 genomes  230329 energy   210.2 births 11725914 deaths 11727728 (5160.2s) AMD Radeon RX 9070 XT (RADV GFX1201)
tick  670000 alive   858816 genomes  230694 energy   210.1 births 11799378 deaths 11793626 (5167.8s) AMD Radeon RX 9070 XT (RADV GFX1201)
tick  671000 alive   858068 genomes  229848 energy   209.9 births 11873691 deaths 11874439 (5175.5s) AMD Radeon RX 9070 XT (RADV GFX1201)
tick  672000 alive   859675 genomes  228376 energy   210.1 births 11931381 deaths 11929774 (5183.2s) AMD Radeon RX 9070 XT (RADV GFX1201)
tick  673000 alive   859016 genomes  226822 energy   209.8 births 11927054 deaths 11927713 (5190.6s) AMD Radeon RX 9070 XT (RADV GFX1201)
tick  674000 alive   859014 genomes  230150 energy   209.7 births 11976903 deaths 11976905 (5198.3s) AMD Radeon RX 9070 XT (RADV GFX1201)
tick  675000 alive   858111 genomes  231856 energy   210.1 births 11866855 deaths 11867758 (5205.9s) AMD Radeon RX 9070 XT (RADV GFX1201)
tick  676000 alive   852231 genomes  231820 energy   211.0 births 11738069 deaths 11743949 (5213.5s) AMD Radeon RX 9070 XT (RADV GFX1201)
tick  677000 alive   853576 genomes  232232 energy   210.4 births 11651365 deaths 11650020 (5221.0s) AMD Radeon RX 9070 XT (RADV GFX1201)
tick  678000 alive   853862 genomes  232101 energy   210.7 births 11728649 deaths 11728363 (5228.7s) AMD Radeon RX 9070 XT (RADV GFX1201)
tick  679000 alive   850192 genomes  231584 energy   210.7 births 11669008 deaths 11672678 (5236.3s) AMD Radeon RX 9070 XT (RADV GFX1201)
tick  680000 alive   847202 genomes  230932 energy   210.7 births 11530618 deaths 11533608 (5244.0s) AMD Radeon RX 9070 XT (RADV GFX1201)
tick  681000 alive   851493 genomes  232341 energy   210.4 births 11556760 deaths 11552469 (5251.4s) AMD Radeon RX 9070 XT (RADV GFX1201)
tick  682000 alive   851714 genomes  231527 energy   210.2 births 11693538 deaths 11693317 (5259.0s) AMD Radeon RX 9070 XT (RADV GFX1201)
tick  683000 alive   854296 genomes  230839 energy   209.4 births 11759254 deaths 11756672 (5266.7s) AMD Radeon RX 9070 XT (RADV GFX1201)
tick  684000 alive   860176 genomes  231020 energy   209.5 births 11964523 deaths 11958643 (5274.3s) AMD Radeon RX 9070 XT (RADV GFX1201)
tick  685000 alive   856088 genomes  231258 energy   209.9 births 11838526 deaths 11842614 (5281.9s) AMD Radeon RX 9070 XT (RADV GFX1201)
tick  686000 alive   856019 genomes  232330 energy   210.1 births 11826068 deaths 11826137 (5289.4s) AMD Radeon RX 9070 XT (RADV GFX1201)
tick  687000 alive   856570 genomes  229467 energy   210.3 births 11855401 deaths 11854850 (5297.1s) AMD Radeon RX 9070 XT (RADV GFX1201)
tick  688000 alive   855298 genomes  231010 energy   210.3 births 11755629 deaths 11756901 (5304.8s) AMD Radeon RX 9070 XT (RADV GFX1201)
tick  689000 alive   850835 genomes  232988 energy   210.4 births 11679866 deaths 11684329 (5312.5s) AMD Radeon RX 9070 XT (RADV GFX1201)
tick  690000 alive   854075 genomes  234235 energy   210.5 births 11711144 deaths 11707904 (5320.0s) AMD Radeon RX 9070 XT (RADV GFX1201)
tick  691000 alive   847453 genomes  234516 energy   210.4 births 11641770 deaths 11648392 (5327.7s) AMD Radeon RX 9070 XT (RADV GFX1201)
tick  692000 alive   853076 genomes  235294 energy   210.0 births 11634335 deaths 11628712 (5335.4s) AMD Radeon RX 9070 XT (RADV GFX1201)
tick  693000 alive   850440 genomes  236397 energy   210.3 births 11737387 deaths 11740023 (5343.0s) AMD Radeon RX 9070 XT (RADV GFX1201)
tick  694000 alive   848750 genomes  235318 energy   210.5 births 11625992 deaths 11627682 (5350.5s) AMD Radeon RX 9070 XT (RADV GFX1201)
tick  695000 alive   848675 genomes  232937 energy   210.7 births 11573601 deaths 11573676 (5358.0s) AMD Radeon RX 9070 XT (RADV GFX1201)
tick  696000 alive   848208 genomes  234030 energy   209.8 births 11655483 deaths 11655950 (5365.7s) AMD Radeon RX 9070 XT (RADV GFX1201)
tick  697000 alive   858871 genomes  233551 energy   209.7 births 11884512 deaths 11873849 (5373.3s) AMD Radeon RX 9070 XT (RADV GFX1201)
tick  698000 alive   852576 genomes  233439 energy   210.2 births 11877869 deaths 11884164 (5380.7s) AMD Radeon RX 9070 XT (RADV GFX1201)
tick  699000 alive   853470 genomes  233132 energy   210.2 births 11772964 deaths 11772070 (5388.4s) AMD Radeon RX 9070 XT (RADV GFX1201)
tick  700000 alive   855603 genomes  234996 energy   210.0 births 11750533 deaths 11748400 (5396.0s) AMD Radeon RX 9070 XT (RADV GFX1201)
tick  701000 alive   854405 genomes  234614 energy   210.0 births 11867001 deaths 11868199 (5403.7s) AMD Radeon RX 9070 XT (RADV GFX1201)
tick  702000 alive   852676 genomes  232386 energy   210.1 births 11779831 deaths 11781560 (5411.3s) AMD Radeon RX 9070 XT (RADV GFX1201)
tick  703000 alive   856132 genomes  231730 energy   209.8 births 11888853 deaths 11885397 (5418.8s) AMD Radeon RX 9070 XT (RADV GFX1201)
tick  704000 alive   857895 genomes  232908 energy   209.7 births 11893251 deaths 11891488 (5426.4s) AMD Radeon RX 9070 XT (RADV GFX1201)
tick  705000 alive   852866 genomes  233326 energy   210.6 births 11772263 deaths 11777292 (5434.1s) AMD Radeon RX 9070 XT (RADV GFX1201)
tick  706000 alive   854642 genomes  235446 energy   210.3 births 11710598 deaths 11708822 (5441.7s) AMD Radeon RX 9070 XT (RADV GFX1201)
tick  707000 alive   857982 genomes  235348 energy   210.0 births 11743401 deaths 11740061 (5449.2s) AMD Radeon RX 9070 XT (RADV GFX1201)
tick  708000 alive   851741 genomes  234658 energy   210.3 births 11774487 deaths 11780728 (5456.8s) AMD Radeon RX 9070 XT (RADV GFX1201)
tick  709000 alive   851521 genomes  236015 energy   210.3 births 11698311 deaths 11698531 (5464.5s) AMD Radeon RX 9070 XT (RADV GFX1201)
tick  710000 alive   849318 genomes  236121 energy   210.3 births 11641174 deaths 11643377 (5472.2s) AMD Radeon RX 9070 XT (RADV GFX1201)
tick  711000 alive   853520 genomes  236025 energy   210.6 births 11684935 deaths 11680733 (5479.6s) AMD Radeon RX 9070 XT (RADV GFX1201)
tick  712000 alive   852393 genomes  236177 energy   210.4 births 11694393 deaths 11695520 (5487.2s) AMD Radeon RX 9070 XT (RADV GFX1201)
tick  713000 alive   852247 genomes  235292 energy   210.1 births 11712541 deaths 11712687 (5494.8s) AMD Radeon RX 9070 XT (RADV GFX1201)
tick  714000 alive   853200 genomes  234853 energy   210.7 births 11690892 deaths 11689939 (5502.4s) AMD Radeon RX 9070 XT (RADV GFX1201)
tick  715000 alive   852676 genomes  236012 energy   210.3 births 11642972 deaths 11643496 (5509.9s) AMD Radeon RX 9070 XT (RADV GFX1201)
tick  716000 alive   848834 genomes  236234 energy   210.2 births 11688574 deaths 11692416 (5517.5s) AMD Radeon RX 9070 XT (RADV GFX1201)
tick  717000 alive   850141 genomes  235653 energy   210.7 births 11726311 deaths 11725004 (5525.1s) AMD Radeon RX 9070 XT (RADV GFX1201)
tick  718000 alive   855483 genomes  237025 energy   210.4 births 11692085 deaths 11686743 (5532.7s) AMD Radeon RX 9070 XT (RADV GFX1201)
tick  719000 alive   852217 genomes  236413 energy   210.4 births 11721404 deaths 11724670 (5540.2s) AMD Radeon RX 9070 XT (RADV GFX1201)
tick  720000 alive   852624 genomes  236389 energy   209.8 births 11781633 deaths 11781226 (5547.9s) AMD Radeon RX 9070 XT (RADV GFX1201)
tick  721000 alive   857294 genomes  232603 energy   210.3 births 11824752 deaths 11820082 (5555.5s) AMD Radeon RX 9070 XT (RADV GFX1201)
tick  722000 alive   856869 genomes  231588 energy   210.5 births 11795205 deaths 11795630 (5563.2s) AMD Radeon RX 9070 XT (RADV GFX1201)
tick  723000 alive   856845 genomes  230486 energy   210.3 births 11789311 deaths 11789335 (5570.9s) AMD Radeon RX 9070 XT (RADV GFX1201)
tick  724000 alive   860712 genomes  229462 energy   210.1 births 11899027 deaths 11895160 (5578.4s) AMD Radeon RX 9070 XT (RADV GFX1201)
tick  725000 alive   865107 genomes  230220 energy   210.1 births 11980159 deaths 11975764 (5586.0s) AMD Radeon RX 9070 XT (RADV GFX1201)
tick  726000 alive   858254 genomes  229651 energy   210.5 births 11899547 deaths 11906400 (5593.7s) AMD Radeon RX 9070 XT (RADV GFX1201)
tick  727000 alive   856469 genomes  230973 energy   210.7 births 11800821 deaths 11802606 (5601.4s) AMD Radeon RX 9070 XT (RADV GFX1201)
tick  728000 alive   858057 genomes  231719 energy   210.4 births 11716456 deaths 11714868 (5608.9s) AMD Radeon RX 9070 XT (RADV GFX1201)
tick  729000 alive   851561 genomes  232234 energy   210.1 births 11758608 deaths 11765104 (5616.5s) AMD Radeon RX 9070 XT (RADV GFX1201)
tick  730000 alive   853307 genomes  233531 energy   210.0 births 11739258 deaths 11737512 (5624.2s) AMD Radeon RX 9070 XT (RADV GFX1201)
tick  731000 alive   854041 genomes  233075 energy   210.3 births 11770356 deaths 11769622 (5631.9s) AMD Radeon RX 9070 XT (RADV GFX1201)
tick  732000 alive   851364 genomes  232701 energy   210.6 births 11674103 deaths 11676780 (5639.4s) AMD Radeon RX 9070 XT (RADV GFX1201)
tick  733000 alive   848200 genomes  233907 energy   210.5 births 11576849 deaths 11580013 (5647.1s) AMD Radeon RX 9070 XT (RADV GFX1201)
tick  734000 alive   852278 genomes  233155 energy   210.0 births 11661760 deaths 11657682 (5654.8s) AMD Radeon RX 9070 XT (RADV GFX1201)
tick  735000 alive   850682 genomes  231936 energy   210.6 births 11677410 deaths 11679006 (5662.5s) AMD Radeon RX 9070 XT (RADV GFX1201)
tick  736000 alive   856792 genomes  232282 energy   211.0 births 11735584 deaths 11729474 (5670.0s) AMD Radeon RX 9070 XT (RADV GFX1201)
tick  737000 alive   851668 genomes  232801 energy   211.4 births 11576633 deaths 11581757 (5677.6s) AMD Radeon RX 9070 XT (RADV GFX1201)
tick  738000 alive   848386 genomes  234111 energy   210.9 births 11498917 deaths 11502199 (5685.3s) AMD Radeon RX 9070 XT (RADV GFX1201)
tick  739000 alive   848651 genomes  236032 energy   210.4 births 11573664 deaths 11573399 (5692.9s) AMD Radeon RX 9070 XT (RADV GFX1201)
tick  740000 alive   847807 genomes  236414 energy   210.9 births 11558461 deaths 11559305 (5700.5s) AMD Radeon RX 9070 XT (RADV GFX1201)
tick  741000 alive   852637 genomes  235396 energy   210.2 births 11603244 deaths 11598414 (5708.0s) AMD Radeon RX 9070 XT (RADV GFX1201)
tick  742000 alive   856064 genomes  235326 energy   210.2 births 11782979 deaths 11779552 (5715.6s) AMD Radeon RX 9070 XT (RADV GFX1201)
tick  743000 alive   856588 genomes  233367 energy   210.3 births 11844251 deaths 11843727 (5723.2s) AMD Radeon RX 9070 XT (RADV GFX1201)
tick  744000 alive   856634 genomes  233697 energy   211.0 births 11787550 deaths 11787504 (5730.8s) AMD Radeon RX 9070 XT (RADV GFX1201)
tick  745000 alive   848777 genomes  233453 energy   210.8 births 11648202 deaths 11656059 (5738.3s) AMD Radeon RX 9070 XT (RADV GFX1201)
tick  746000 alive   854622 genomes  231843 energy   209.9 births 11753279 deaths 11747434 (5746.0s) AMD Radeon RX 9070 XT (RADV GFX1201)
tick  747000 alive   858885 genomes  232475 energy   210.2 births 11883009 deaths 11878746 (5753.6s) AMD Radeon RX 9070 XT (RADV GFX1201)
tick  748000 alive   857733 genomes  231194 energy   210.3 births 11808204 deaths 11809356 (5761.2s) AMD Radeon RX 9070 XT (RADV GFX1201)
tick  749000 alive   857454 genomes  233903 energy   210.8 births 11779152 deaths 11779431 (5768.7s) AMD Radeon RX 9070 XT (RADV GFX1201)
tick  750000 alive   848344 genomes  232625 energy   210.0 births 11638861 deaths 11647971 (5776.3s) AMD Radeon RX 9070 XT (RADV GFX1201)
tick  751000 alive   858838 genomes  230842 energy   210.3 births 11813783 deaths 11803289 (5783.9s) AMD Radeon RX 9070 XT (RADV GFX1201)
tick  752000 alive   856762 genomes  233306 energy   210.6 births 11751052 deaths 11753128 (5791.5s) AMD Radeon RX 9070 XT (RADV GFX1201)
tick  753000 alive   855702 genomes  234461 energy   210.7 births 11705736 deaths 11706796 (5798.9s) AMD Radeon RX 9070 XT (RADV GFX1201)
tick  754000 alive   849650 genomes  233841 energy   210.7 births 11547052 deaths 11553104 (5806.6s) AMD Radeon RX 9070 XT (RADV GFX1201)
tick  755000 alive   851895 genomes  234783 energy   210.4 births 11623677 deaths 11621432 (5814.2s) AMD Radeon RX 9070 XT (RADV GFX1201)
tick  756000 alive   851579 genomes  233840 energy   210.4 births 11657302 deaths 11657618 (5821.8s) AMD Radeon RX 9070 XT (RADV GFX1201)
tick  757000 alive   852415 genomes  233870 energy   210.0 births 11718341 deaths 11717505 (5829.2s) AMD Radeon RX 9070 XT (RADV GFX1201)
tick  758000 alive   851043 genomes  232592 energy   209.8 births 11770533 deaths 11771905 (5836.8s) AMD Radeon RX 9070 XT (RADV GFX1201)
tick  759000 alive   854798 genomes  232721 energy   210.2 births 11837612 deaths 11833857 (5844.4s) AMD Radeon RX 9070 XT (RADV GFX1201)
tick  760000 alive   849980 genomes  233096 energy   210.1 births 11769226 deaths 11774044 (5852.0s) AMD Radeon RX 9070 XT (RADV GFX1201)
tick  761000 alive   854168 genomes  233862 energy   210.2 births 11757215 deaths 11753027 (5859.6s) AMD Radeon RX 9070 XT (RADV GFX1201)
tick  762000 alive   857378 genomes  233228 energy   210.2 births 11801236 deaths 11798026 (5867.1s) AMD Radeon RX 9070 XT (RADV GFX1201)
tick  763000 alive   856597 genomes  234146 energy   210.3 births 11800516 deaths 11801297 (5874.7s) AMD Radeon RX 9070 XT (RADV GFX1201)
tick  764000 alive   855025 genomes  233893 energy   210.4 births 11773156 deaths 11774728 (5882.4s) AMD Radeon RX 9070 XT (RADV GFX1201)
tick  765000 alive   856781 genomes  231979 energy   210.2 births 11750413 deaths 11748657 (5890.1s) AMD Radeon RX 9070 XT (RADV GFX1201)
tick  766000 alive   856787 genomes  231285 energy   210.7 births 11769654 deaths 11769648 (5897.6s) AMD Radeon RX 9070 XT (RADV GFX1201)
tick  767000 alive   857473 genomes  232880 energy   210.0 births 11791000 deaths 11790314 (5905.3s) AMD Radeon RX 9070 XT (RADV GFX1201)
tick  768000 alive   852591 genomes  231872 energy   210.0 births 11785462 deaths 11790344 (5913.0s) AMD Radeon RX 9070 XT (RADV GFX1201)
tick  769000 alive   859610 genomes  230434 energy   210.1 births 11834663 deaths 11827644 (5920.6s) AMD Radeon RX 9070 XT (RADV GFX1201)
tick  770000 alive   861855 genomes  230295 energy   210.1 births 11895394 deaths 11893149 (5928.1s) AMD Radeon RX 9070 XT (RADV GFX1201)
tick  771000 alive   860573 genomes  231974 energy   210.7 births 11886280 deaths 11887562 (5935.7s) AMD Radeon RX 9070 XT (RADV GFX1201)
tick  772000 alive   852389 genomes  231981 energy   210.8 births 11692101 deaths 11700285 (5943.3s) AMD Radeon RX 9070 XT (RADV GFX1201)
tick  773000 alive   852454 genomes  231387 energy   210.7 births 11585433 deaths 11585368 (5950.8s) AMD Radeon RX 9070 XT (RADV GFX1201)
tick  774000 alive   850296 genomes  232497 energy   210.4 births 11620766 deaths 11622924 (5958.3s) AMD Radeon RX 9070 XT (RADV GFX1201)
tick  775000 alive   850433 genomes  231681 energy   211.1 births 11619805 deaths 11619668 (5965.9s) AMD Radeon RX 9070 XT (RADV GFX1201)
tick  776000 alive   850341 genomes  232256 energy   210.5 births 11589671 deaths 11589763 (5973.6s) AMD Radeon RX 9070 XT (RADV GFX1201)
tick  777000 alive   848398 genomes  231946 energy   210.3 births 11631245 deaths 11633188 (5981.2s) AMD Radeon RX 9070 XT (RADV GFX1201)
tick  778000 alive   855295 genomes  233031 energy   210.7 births 11662566 deaths 11655669 (5988.8s) AMD Radeon RX 9070 XT (RADV GFX1201)
tick  779000 alive   848195 genomes  235304 energy   211.0 births 11529803 deaths 11536903 (5996.3s) AMD Radeon RX 9070 XT (RADV GFX1201)
tick  780000 alive   845120 genomes  236697 energy   210.7 births 11486683 deaths 11489758 (6004.0s) AMD Radeon RX 9070 XT (RADV GFX1201)
tick  781000 alive   843849 genomes  237038 energy   210.8 births 11418190 deaths 11419461 (6011.6s) AMD Radeon RX 9070 XT (RADV GFX1201)
tick  782000 alive   843037 genomes  235988 energy   210.4 births 11523981 deaths 11524793 (6019.2s) AMD Radeon RX 9070 XT (RADV GFX1201)
tick  783000 alive   846197 genomes  236799 energy   210.2 births 11603314 deaths 11600154 (6026.7s) AMD Radeon RX 9070 XT (RADV GFX1201)
tick  784000 alive   851969 genomes  237372 energy   210.1 births 11664216 deaths 11658444 (6034.4s) AMD Radeon RX 9070 XT (RADV GFX1201)
tick  785000 alive   846216 genomes  236500 energy   210.5 births 11643026 deaths 11648779 (6042.0s) AMD Radeon RX 9070 XT (RADV GFX1201)
tick  786000 alive   842998 genomes  237906 energy   210.6 births 11494308 deaths 11497526 (6049.7s) AMD Radeon RX 9070 XT (RADV GFX1201)
tick  787000 alive   844333 genomes  236374 energy   210.5 births 11502250 deaths 11500915 (6057.2s) AMD Radeon RX 9070 XT (RADV GFX1201)
tick  788000 alive   848725 genomes  236862 energy   210.0 births 11592709 deaths 11588317 (6064.8s) AMD Radeon RX 9070 XT (RADV GFX1201)
tick  789000 alive   850975 genomes  236362 energy   210.0 births 11749169 deaths 11746919 (6072.4s) AMD Radeon RX 9070 XT (RADV GFX1201)
tick  790000 alive   847296 genomes  235287 energy   210.0 births 11698687 deaths 11702366 (6080.0s) AMD Radeon RX 9070 XT (RADV GFX1201)
tick  791000 alive   853092 genomes  233697 energy   210.0 births 11761330 deaths 11755534 (6087.5s) AMD Radeon RX 9070 XT (RADV GFX1201)
tick  792000 alive   854399 genomes  232017 energy   210.1 births 11790773 deaths 11789466 (6095.1s) AMD Radeon RX 9070 XT (RADV GFX1201)
tick  793000 alive   856900 genomes  230058 energy   210.2 births 11816770 deaths 11814269 (6102.8s) AMD Radeon RX 9070 XT (RADV GFX1201)
tick  794000 alive   860833 genomes  230957 energy   209.9 births 11833418 deaths 11829485 (6110.5s) AMD Radeon RX 9070 XT (RADV GFX1201)
tick  795000 alive   860010 genomes  229751 energy   210.3 births 11892568 deaths 11893391 (6118.0s) AMD Radeon RX 9070 XT (RADV GFX1201)
tick  796000 alive   859177 genomes  228677 energy   209.7 births 11904843 deaths 11905676 (6125.6s) AMD Radeon RX 9070 XT (RADV GFX1201)
tick  797000 alive   859595 genomes  228969 energy   209.9 births 12013186 deaths 12012768 (6133.3s) AMD Radeon RX 9070 XT (RADV GFX1201)
tick  798000 alive   860509 genomes  231081 energy   209.9 births 11952233 deaths 11951319 (6140.9s) AMD Radeon RX 9070 XT (RADV GFX1201)
tick  799000 alive   859638 genomes  232060 energy   209.4 births 11984195 deaths 11985066 (6148.6s) AMD Radeon RX 9070 XT (RADV GFX1201)
tick  800000 alive   859276 genomes  233153 energy   209.9 births 12000981 deaths 12001343 (6156.1s) AMD Radeon RX 9070 XT (RADV GFX1201)
tick  801000 alive   854095 genomes  232921 energy   210.1 births 11881993 deaths 11887174 (6163.8s) AMD Radeon RX 9070 XT (RADV GFX1201)
tick  802000 alive   856100 genomes  233229 energy   210.1 births 11839984 deaths 11837979 (6171.5s) AMD Radeon RX 9070 XT (RADV GFX1201)
tick  803000 alive   852544 genomes  234200 energy   210.5 births 11740120 deaths 11743676 (6179.1s) AMD Radeon RX 9070 XT (RADV GFX1201)
tick  804000 alive   850045 genomes  235621 energy   210.2 births 11663663 deaths 11666162 (6186.6s) AMD Radeon RX 9070 XT (RADV GFX1201)
tick  805000 alive   852509 genomes  234791 energy   210.1 births 11681315 deaths 11678851 (6194.3s) AMD Radeon RX 9070 XT (RADV GFX1201)
tick  806000 alive   849840 genomes  235385 energy   210.2 births 11679794 deaths 11682463 (6201.9s) AMD Radeon RX 9070 XT (RADV GFX1201)
tick  807000 alive   850453 genomes  234826 energy   210.2 births 11668685 deaths 11668072 (6209.5s) AMD Radeon RX 9070 XT (RADV GFX1201)
tick  808000 alive   847881 genomes  234360 energy   210.4 births 11647628 deaths 11650200 (6217.0s) AMD Radeon RX 9070 XT (RADV GFX1201)
tick  809000 alive   851078 genomes  232796 energy   210.4 births 11688439 deaths 11685242 (6224.7s) AMD Radeon RX 9070 XT (RADV GFX1201)
tick  810000 alive   853747 genomes  233063 energy   210.7 births 11762100 deaths 11759431 (6232.5s) AMD Radeon RX 9070 XT (RADV GFX1201)
tick  811000 alive   848622 genomes  233200 energy   210.3 births 11638814 deaths 11643939 (6240.3s) AMD Radeon RX 9070 XT (RADV GFX1201)
tick  812000 alive   850712 genomes  234483 energy   210.3 births 11637150 deaths 11635060 (6247.8s) AMD Radeon RX 9070 XT (RADV GFX1201)
tick  813000 alive   852996 genomes  233602 energy   210.4 births 11743088 deaths 11740804 (6255.4s) AMD Radeon RX 9070 XT (RADV GFX1201)
tick  814000 alive   849834 genomes  234608 energy   210.5 births 11703443 deaths 11706605 (6263.1s) AMD Radeon RX 9070 XT (RADV GFX1201)
tick  815000 alive   848265 genomes  235144 energy   210.6 births 11578125 deaths 11579694 (6270.7s) AMD Radeon RX 9070 XT (RADV GFX1201)
tick  816000 alive   848954 genomes  235093 energy   210.7 births 11619115 deaths 11618426 (6278.3s) AMD Radeon RX 9070 XT (RADV GFX1201)
tick  817000 alive   847896 genomes  232546 energy   209.7 births 11624152 deaths 11625210 (6285.9s) AMD Radeon RX 9070 XT (RADV GFX1201)
tick  818000 alive   858209 genomes  231639 energy   209.6 births 11867344 deaths 11857031 (6293.6s) AMD Radeon RX 9070 XT (RADV GFX1201)
tick  819000 alive   853462 genomes  231253 energy   210.3 births 11908124 deaths 11912871 (6301.2s) AMD Radeon RX 9070 XT (RADV GFX1201)
tick  820000 alive   849709 genomes  232041 energy   210.0 births 11715886 deaths 11719639 (6308.9s) AMD Radeon RX 9070 XT (RADV GFX1201)
tick  821000 alive   855739 genomes  230347 energy   209.8 births 11870893 deaths 11864863 (6316.3s) AMD Radeon RX 9070 XT (RADV GFX1201)
tick  822000 alive   858283 genomes  231651 energy   209.8 births 11953693 deaths 11951149 (6324.0s) AMD Radeon RX 9070 XT (RADV GFX1201)
tick  823000 alive   851415 genomes  233450 energy   209.7 births 11835663 deaths 11842531 (6331.7s) AMD Radeon RX 9070 XT (RADV GFX1201)
tick  824000 alive   852313 genomes  232267 energy   210.0 births 11742677 deaths 11741779 (6339.4s) AMD Radeon RX 9070 XT (RADV GFX1201)
tick  825000 alive   853951 genomes  233241 energy   210.1 births 11799127 deaths 11797489 (6346.9s) AMD Radeon RX 9070 XT (RADV GFX1201)
tick  826000 alive   853559 genomes  230764 energy   210.2 births 11782257 deaths 11782649 (6354.5s) AMD Radeon RX 9070 XT (RADV GFX1201)
tick  827000 alive   854592 genomes  231419 energy   210.2 births 11773450 deaths 11772417 (6362.2s) AMD Radeon RX 9070 XT (RADV GFX1201)
tick  828000 alive   855168 genomes  230522 energy   210.1 births 11814956 deaths 11814380 (6369.9s) AMD Radeon RX 9070 XT (RADV GFX1201)
tick  829000 alive   858124 genomes  231003 energy   209.8 births 11886456 deaths 11883500 (6377.3s) AMD Radeon RX 9070 XT (RADV GFX1201)
tick  830000 alive   859247 genomes  231339 energy   209.4 births 11981429 deaths 11980306 (6385.0s) AMD Radeon RX 9070 XT (RADV GFX1201)
tick  831000 alive   857141 genomes  231818 energy   210.0 births 11942283 deaths 11944389 (6392.6s) AMD Radeon RX 9070 XT (RADV GFX1201)
tick  832000 alive   852998 genomes  232481 energy   210.9 births 11732591 deaths 11736734 (6400.3s) AMD Radeon RX 9070 XT (RADV GFX1201)
tick  833000 alive   847581 genomes  233237 energy   210.9 births 11564097 deaths 11569514 (6407.8s) AMD Radeon RX 9070 XT (RADV GFX1201)
tick  834000 alive   849359 genomes  233325 energy   210.7 births 11472257 deaths 11470479 (6415.4s) AMD Radeon RX 9070 XT (RADV GFX1201)
tick  835000 alive   850174 genomes  232809 energy   210.3 births 11533062 deaths 11532247 (6423.0s) AMD Radeon RX 9070 XT (RADV GFX1201)
tick  836000 alive   851001 genomes  232037 energy   210.2 births 11581529 deaths 11580702 (6430.6s) AMD Radeon RX 9070 XT (RADV GFX1201)
tick  837000 alive   856131 genomes  232887 energy   210.2 births 11785547 deaths 11780417 (6438.3s) AMD Radeon RX 9070 XT (RADV GFX1201)
tick  838000 alive   851746 genomes  231570 energy   210.4 births 11761706 deaths 11766091 (6445.8s) AMD Radeon RX 9070 XT (RADV GFX1201)
tick  839000 alive   852844 genomes  230758 energy   210.3 births 11775227 deaths 11774129 (6453.4s) AMD Radeon RX 9070 XT (RADV GFX1201)
tick  840000 alive   859264 genomes  230135 energy   210.1 births 11836328 deaths 11829908 (6461.1s) AMD Radeon RX 9070 XT (RADV GFX1201)
tick  841000 alive   858836 genomes  231514 energy   210.3 births 11918962 deaths 11919390 (6468.8s) AMD Radeon RX 9070 XT (RADV GFX1201)
tick  842000 alive   853652 genomes  231105 energy   210.3 births 11806155 deaths 11811339 (6476.3s) AMD Radeon RX 9070 XT (RADV GFX1201)
tick  843000 alive   858048 genomes  230871 energy   209.5 births 11906604 deaths 11902208 (6483.9s) AMD Radeon RX 9070 XT (RADV GFX1201)
tick  844000 alive   857272 genomes  230795 energy   210.1 births 11918870 deaths 11919646 (6491.7s) AMD Radeon RX 9070 XT (RADV GFX1201)
tick  845000 alive   858235 genomes  231628 energy   209.7 births 11869420 deaths 11868457 (6499.3s) AMD Radeon RX 9070 XT (RADV GFX1201)
tick  846000 alive   853603 genomes  230806 energy   209.7 births 11913560 deaths 11918192 (6506.8s) AMD Radeon RX 9070 XT (RADV GFX1201)
tick  847000 alive   857495 genomes  231728 energy   209.1 births 11949584 deaths 11945692 (6514.4s) AMD Radeon RX 9070 XT (RADV GFX1201)
tick  848000 alive   860522 genomes  230790 energy   209.4 births 12068392 deaths 12065365 (6521.9s) AMD Radeon RX 9070 XT (RADV GFX1201)
tick  849000 alive   862178 genomes  232799 energy   209.4 births 12039187 deaths 12037531 (6529.5s) AMD Radeon RX 9070 XT (RADV GFX1201)
tick  850000 alive   856885 genomes  232031 energy   210.0 births 11926462 deaths 11931755 (6537.0s) AMD Radeon RX 9070 XT (RADV GFX1201)
tick  851000 alive   859746 genomes  232713 energy   210.3 births 11916578 deaths 11913717 (6544.6s) AMD Radeon RX 9070 XT (RADV GFX1201)
tick  852000 alive   856463 genomes  231834 energy   210.0 births 11818225 deaths 11821508 (6552.2s) AMD Radeon RX 9070 XT (RADV GFX1201)
tick  853000 alive   852312 genomes  231371 energy   210.1 births 11778733 deaths 11782884 (6559.9s) AMD Radeon RX 9070 XT (RADV GFX1201)
tick  854000 alive   851230 genomes  229916 energy   209.2 births 11791726 deaths 11792808 (6567.5s) AMD Radeon RX 9070 XT (RADV GFX1201)
tick  855000 alive   859064 genomes  228915 energy   209.7 births 11989150 deaths 11981316 (6575.0s) AMD Radeon RX 9070 XT (RADV GFX1201)
tick  856000 alive   861124 genomes  230529 energy   210.3 births 11984074 deaths 11982014 (6582.6s) AMD Radeon RX 9070 XT (RADV GFX1201)
tick  857000 alive   856641 genomes  229979 energy   210.1 births 11858817 deaths 11863300 (6590.2s) AMD Radeon RX 9070 XT (RADV GFX1201)
tick  858000 alive   854818 genomes  229808 energy   210.0 births 11838194 deaths 11840017 (6597.8s) AMD Radeon RX 9070 XT (RADV GFX1201)
tick  859000 alive   854064 genomes  228645 energy   211.0 births 11797506 deaths 11798260 (6605.3s) AMD Radeon RX 9070 XT (RADV GFX1201)
tick  860000 alive   852863 genomes  230799 energy   209.9 births 11729809 deaths 11731010 (6613.0s) AMD Radeon RX 9070 XT (RADV GFX1201)
tick  861000 alive   850464 genomes  230392 energy   210.7 births 11778039 deaths 11780438 (6620.6s) AMD Radeon RX 9070 XT (RADV GFX1201)
tick  862000 alive   856386 genomes  230578 energy   210.3 births 11766841 deaths 11760919 (6628.2s) AMD Radeon RX 9070 XT (RADV GFX1201)
tick  863000 alive   855099 genomes  231319 energy   210.4 births 11825101 deaths 11826388 (6635.6s) AMD Radeon RX 9070 XT (RADV GFX1201)
tick  864000 alive   855752 genomes  231202 energy   210.2 births 11791335 deaths 11790682 (6643.2s) AMD Radeon RX 9070 XT (RADV GFX1201)
tick  865000 alive   853712 genomes  231517 energy   210.2 births 11774989 deaths 11777029 (6650.8s) AMD Radeon RX 9070 XT (RADV GFX1201)
tick  866000 alive   852069 genomes  232410 energy   209.8 births 11775974 deaths 11777617 (6658.4s) AMD Radeon RX 9070 XT (RADV GFX1201)
tick  867000 alive   855335 genomes  231079 energy   210.1 births 11818154 deaths 11814888 (6665.8s) AMD Radeon RX 9070 XT (RADV GFX1201)
tick  868000 alive   852615 genomes  232121 energy   210.7 births 11741024 deaths 11743744 (6673.4s) AMD Radeon RX 9070 XT (RADV GFX1201)
tick  869000 alive   847843 genomes  231911 energy   210.2 births 11585917 deaths 11590689 (6681.1s) AMD Radeon RX 9070 XT (RADV GFX1201)
tick  870000 alive   853027 genomes  230713 energy   209.8 births 11728289 deaths 11723105 (6688.7s) AMD Radeon RX 9070 XT (RADV GFX1201)
tick  871000 alive   855220 genomes  230811 energy   210.4 births 11823841 deaths 11821648 (6696.1s) AMD Radeon RX 9070 XT (RADV GFX1201)
tick  872000 alive   852959 genomes  230848 energy   210.0 births 11687113 deaths 11689374 (6703.7s) AMD Radeon RX 9070 XT (RADV GFX1201)
tick  873000 alive   855257 genomes  231349 energy   210.2 births 11826777 deaths 11824479 (6711.3s) AMD Radeon RX 9070 XT (RADV GFX1201)
tick  874000 alive   853821 genomes  231151 energy   210.3 births 11730717 deaths 11732153 (6718.9s) AMD Radeon RX 9070 XT (RADV GFX1201)
tick  875000 alive   850766 genomes  232678 energy   210.8 births 11666910 deaths 11669965 (6726.5s) AMD Radeon RX 9070 XT (RADV GFX1201)
tick  876000 alive   853796 genomes  231333 energy   210.7 births 11630712 deaths 11627682 (6734.0s) AMD Radeon RX 9070 XT (RADV GFX1201)
tick  877000 alive   851232 genomes  232666 energy   210.7 births 11663321 deaths 11665885 (6741.7s) AMD Radeon RX 9070 XT (RADV GFX1201)
tick  878000 alive   846046 genomes  230627 energy   210.7 births 11624322 deaths 11629508 (6749.3s) AMD Radeon RX 9070 XT (RADV GFX1201)
tick  879000 alive   858301 genomes  229531 energy   210.4 births 11731878 deaths 11719623 (6757.0s) AMD Radeon RX 9070 XT (RADV GFX1201)
tick  880000 alive   857882 genomes  230246 energy   210.1 births 11871943 deaths 11872362 (6764.5s) AMD Radeon RX 9070 XT (RADV GFX1201)
tick  881000 alive   855137 genomes  230491 energy   210.0 births 11859938 deaths 11862683 (6772.2s) AMD Radeon RX 9070 XT (RADV GFX1201)
tick  882000 alive   852790 genomes  231782 energy   210.1 births 11796210 deaths 11798557 (6779.9s) AMD Radeon RX 9070 XT (RADV GFX1201)
tick  883000 alive   852511 genomes  232853 energy   210.3 births 11720668 deaths 11720947 (6787.5s) AMD Radeon RX 9070 XT (RADV GFX1201)
tick  884000 alive   854159 genomes  230926 energy   210.2 births 11759768 deaths 11758120 (6795.0s) AMD Radeon RX 9070 XT (RADV GFX1201)
tick  885000 alive   856859 genomes  230899 energy   209.8 births 11878853 deaths 11876153 (6802.7s) AMD Radeon RX 9070 XT (RADV GFX1201)
tick  886000 alive   860206 genomes  231497 energy   210.2 births 11927055 deaths 11923708 (6810.5s) AMD Radeon RX 9070 XT (RADV GFX1201)
tick  887000 alive   855762 genomes  231279 energy   210.3 births 11837603 deaths 11842047 (6818.2s) AMD Radeon RX 9070 XT (RADV GFX1201)
tick  888000 alive   859210 genomes  230792 energy   210.0 births 11847922 deaths 11844474 (6825.7s) AMD Radeon RX 9070 XT (RADV GFX1201)
tick  889000 alive   859850 genomes  229431 energy   210.4 births 11890834 deaths 11890194 (6833.4s) AMD Radeon RX 9070 XT (RADV GFX1201)
tick  890000 alive   860763 genomes  229397 energy   210.0 births 11912750 deaths 11911837 (6841.0s) AMD Radeon RX 9070 XT (RADV GFX1201)
tick  891000 alive   855947 genomes  230634 energy   210.9 births 11805643 deaths 11810459 (6848.7s) AMD Radeon RX 9070 XT (RADV GFX1201)
tick  892000 alive   856699 genomes  230236 energy   210.4 births 11747850 deaths 11747098 (6856.2s) AMD Radeon RX 9070 XT (RADV GFX1201)
tick  893000 alive   859663 genomes  229309 energy   209.9 births 11861913 deaths 11858949 (6863.8s) AMD Radeon RX 9070 XT (RADV GFX1201)
tick  894000 alive   857971 genomes  229686 energy   210.1 births 11860211 deaths 11861903 (6871.4s) AMD Radeon RX 9070 XT (RADV GFX1201)
tick  895000 alive   856585 genomes  231880 energy   210.2 births 11798507 deaths 11799893 (6879.0s) AMD Radeon RX 9070 XT (RADV GFX1201)
tick  896000 alive   853124 genomes  231173 energy   210.4 births 11777359 deaths 11780820 (6886.6s) AMD Radeon RX 9070 XT (RADV GFX1201)
tick  897000 alive   854933 genomes  231748 energy   210.2 births 11677003 deaths 11675194 (6894.1s) AMD Radeon RX 9070 XT (RADV GFX1201)
tick  898000 alive   854092 genomes  230292 energy   210.5 births 11706544 deaths 11707385 (6901.8s) AMD Radeon RX 9070 XT (RADV GFX1201)
tick  899000 alive   846222 genomes  230313 energy   210.8 births 11588584 deaths 11596454 (6909.5s) AMD Radeon RX 9070 XT (RADV GFX1201)
tick  900000 alive   849756 genomes  228476 energy   209.9 births 11642333 deaths 11638799 (6917.2s) AMD Radeon RX 9070 XT (RADV GFX1201)
tick  901000 alive   853616 genomes  228392 energy   210.3 births 11807283 deaths 11803423 (6924.6s) AMD Radeon RX 9070 XT (RADV GFX1201)
tick  902000 alive   857523 genomes  229431 energy   209.5 births 11856068 deaths 11852161 (6932.2s) AMD Radeon RX 9070 XT (RADV GFX1201)
tick  903000 alive   855331 genomes  230679 energy   210.1 births 11798581 deaths 11800773 (6939.8s) AMD Radeon RX 9070 XT (RADV GFX1201)
tick  904000 alive   854101 genomes  231840 energy   210.2 births 11705957 deaths 11707187 (6947.4s) AMD Radeon RX 9070 XT (RADV GFX1201)
tick  905000 alive   855774 genomes  231541 energy   210.2 births 11731128 deaths 11729455 (6954.9s) AMD Radeon RX 9070 XT (RADV GFX1201)
tick  906000 alive   854513 genomes  230825 energy   209.8 births 11830919 deaths 11832180 (6962.5s) AMD Radeon RX 9070 XT (RADV GFX1201)
tick  907000 alive   855751 genomes  230952 energy   210.0 births 11882358 deaths 11881120 (6970.1s) AMD Radeon RX 9070 XT (RADV GFX1201)
tick  908000 alive   856794 genomes  229966 energy   210.1 births 11857484 deaths 11856441 (6977.7s) AMD Radeon RX 9070 XT (RADV GFX1201)
tick  909000 alive   858007 genomes  231140 energy   210.2 births 11859324 deaths 11858111 (6985.1s) AMD Radeon RX 9070 XT (RADV GFX1201)
tick  910000 alive   853159 genomes  230762 energy   210.5 births 11766267 deaths 11771115 (6992.7s) AMD Radeon RX 9070 XT (RADV GFX1201)
tick  911000 alive   855122 genomes  230779 energy   210.0 births 11810353 deaths 11808390 (7000.4s) AMD Radeon RX 9070 XT (RADV GFX1201)
tick  912000 alive   863730 genomes  228899 energy   209.7 births 12006940 deaths 11998332 (7008.1s) AMD Radeon RX 9070 XT (RADV GFX1201)
tick  913000 alive   863683 genomes  227469 energy   210.1 births 12008121 deaths 12008168 (7015.8s) AMD Radeon RX 9070 XT (RADV GFX1201)
tick  914000 alive   859476 genomes  228404 energy   210.3 births 11889267 deaths 11893474 (7023.3s) AMD Radeon RX 9070 XT (RADV GFX1201)
tick  915000 alive   857652 genomes  228030 energy   210.0 births 11810751 deaths 11812575 (7031.0s) AMD Radeon RX 9070 XT (RADV GFX1201)
tick  916000 alive   859426 genomes  230202 energy   210.6 births 11858592 deaths 11856818 (7038.6s) AMD Radeon RX 9070 XT (RADV GFX1201)
tick  917000 alive   853537 genomes  230527 energy   210.9 births 11764390 deaths 11770279 (7046.3s) AMD Radeon RX 9070 XT (RADV GFX1201)
tick  918000 alive   858165 genomes  232202 energy   210.4 births 11737513 deaths 11732885 (7053.8s) AMD Radeon RX 9070 XT (RADV GFX1201)
tick  919000 alive   853213 genomes  231651 energy   210.2 births 11751499 deaths 11756451 (7061.4s) AMD Radeon RX 9070 XT (RADV GFX1201)
tick  920000 alive   855500 genomes  231412 energy   209.7 births 11812015 deaths 11809728 (7069.0s) AMD Radeon RX 9070 XT (RADV GFX1201)
tick  921000 alive   857778 genomes  230468 energy   210.0 births 11856345 deaths 11854067 (7076.7s) AMD Radeon RX 9070 XT (RADV GFX1201)
tick  922000 alive   856717 genomes  232543 energy   210.3 births 11857540 deaths 11858601 (7084.2s) AMD Radeon RX 9070 XT (RADV GFX1201)
tick  923000 alive   856069 genomes  232980 energy   210.3 births 11814251 deaths 11814899 (7091.9s) AMD Radeon RX 9070 XT (RADV GFX1201)
tick  924000 alive   857194 genomes  233072 energy   210.2 births 11857881 deaths 11856756 (7099.6s) AMD Radeon RX 9070 XT (RADV GFX1201)
tick  925000 alive   852359 genomes  233188 energy   210.6 births 11663649 deaths 11668484 (7107.3s) AMD Radeon RX 9070 XT (RADV GFX1201)
tick  926000 alive   847494 genomes  233834 energy   209.7 births 11630435 deaths 11635300 (7114.9s) AMD Radeon RX 9070 XT (RADV GFX1201)
tick  927000 alive   851231 genomes  233860 energy   210.1 births 11773958 deaths 11770221 (7122.5s) AMD Radeon RX 9070 XT (RADV GFX1201)
tick  928000 alive   855141 genomes  233850 energy   210.2 births 11771070 deaths 11767160 (7130.2s) AMD Radeon RX 9070 XT (RADV GFX1201)
tick  929000 alive   851383 genomes  233795 energy   210.4 births 11767394 deaths 11771152 (7137.8s) AMD Radeon RX 9070 XT (RADV GFX1201)
tick  930000 alive   854161 genomes  233631 energy   210.2 births 11713689 deaths 11710911 (7145.3s) AMD Radeon RX 9070 XT (RADV GFX1201)
tick  931000 alive   853263 genomes  234788 energy   210.1 births 11765037 deaths 11765935 (7152.9s) AMD Radeon RX 9070 XT (RADV GFX1201)
tick  932000 alive   848623 genomes  234511 energy   210.7 births 11668173 deaths 11672813 (7160.6s) AMD Radeon RX 9070 XT (RADV GFX1201)
tick  933000 alive   850009 genomes  235015 energy   210.4 births 11660096 deaths 11658710 (7168.2s) AMD Radeon RX 9070 XT (RADV GFX1201)
tick  934000 alive   852673 genomes  236079 energy   210.4 births 11666571 deaths 11663907 (7175.8s) AMD Radeon RX 9070 XT (RADV GFX1201)
tick  935000 alive   843316 genomes  237675 energy   210.4 births 11566687 deaths 11576044 (7183.2s) AMD Radeon RX 9070 XT (RADV GFX1201)
tick  936000 alive   846420 genomes  238698 energy   210.0 births 11588944 deaths 11585840 (7190.9s) AMD Radeon RX 9070 XT (RADV GFX1201)
tick  937000 alive   850041 genomes  236750 energy   210.2 births 11707250 deaths 11703629 (7198.6s) AMD Radeon RX 9070 XT (RADV GFX1201)
tick  938000 alive   851577 genomes  235514 energy   210.2 births 11770265 deaths 11768729 (7206.3s) AMD Radeon RX 9070 XT (RADV GFX1201)
tick  939000 alive   850820 genomes  236031 energy   210.1 births 11702808 deaths 11703565 (7213.8s) AMD Radeon RX 9070 XT (RADV GFX1201)
tick  940000 alive   852729 genomes  235557 energy   209.9 births 11715668 deaths 11713759 (7221.4s) AMD Radeon RX 9070 XT (RADV GFX1201)
tick  941000 alive   855475 genomes  232499 energy   210.2 births 11847080 deaths 11844334 (7229.0s) AMD Radeon RX 9070 XT (RADV GFX1201)
tick  942000 alive   856778 genomes  231755 energy   210.1 births 11881397 deaths 11880094 (7236.7s) AMD Radeon RX 9070 XT (RADV GFX1201)
tick  943000 alive   858136 genomes  230038 energy   209.8 births 11958597 deaths 11957239 (7244.2s) AMD Radeon RX 9070 XT (RADV GFX1201)
tick  944000 alive   858224 genomes  227339 energy   210.0 births 11940500 deaths 11940412 (7251.8s) AMD Radeon RX 9070 XT (RADV GFX1201)
tick  945000 alive   862933 genomes  227875 energy   209.8 births 11998645 deaths 11993936 (7259.5s) AMD Radeon RX 9070 XT (RADV GFX1201)
tick  946000 alive   864274 genomes  226111 energy   210.3 births 12065668 deaths 12064327 (7267.2s) AMD Radeon RX 9070 XT (RADV GFX1201)
tick  947000 alive   858457 genomes  224663 energy   210.3 births 11885525 deaths 11891342 (7274.7s) AMD Radeon RX 9070 XT (RADV GFX1201)
tick  948000 alive   863661 genomes  225035 energy   210.4 births 12034573 deaths 12029369 (7282.3s) AMD Radeon RX 9070 XT (RADV GFX1201)
tick  949000 alive   861203 genomes  225031 energy   209.7 births 12004989 deaths 12007447 (7290.0s) AMD Radeon RX 9070 XT (RADV GFX1201)
tick  950000 alive   865583 genomes  222575 energy   209.5 births 12062292 deaths 12057912 (7297.6s) AMD Radeon RX 9070 XT (RADV GFX1201)
tick  951000 alive   870007 genomes  221913 energy   209.7 births 12183297 deaths 12178873 (7305.2s) AMD Radeon RX 9070 XT (RADV GFX1201)
tick  952000 alive   867876 genomes  223540 energy   210.4 births 12153276 deaths 12155407 (7312.8s) AMD Radeon RX 9070 XT (RADV GFX1201)
tick  953000 alive   857309 genomes  224584 energy   210.2 births 11971746 deaths 11982313 (7320.5s) AMD Radeon RX 9070 XT (RADV GFX1201)
tick  954000 alive   867224 genomes  224454 energy   210.0 births 12027051 deaths 12017136 (7328.2s) AMD Radeon RX 9070 XT (RADV GFX1201)
tick  955000 alive   863952 genomes  225673 energy   210.0 births 12043947 deaths 12047219 (7335.8s) AMD Radeon RX 9070 XT (RADV GFX1201)
tick  956000 alive   857675 genomes  227790 energy   209.9 births 11995497 deaths 12001774 (7343.3s) AMD Radeon RX 9070 XT (RADV GFX1201)
tick  957000 alive   856934 genomes  228762 energy   210.5 births 11809662 deaths 11810403 (7350.9s) AMD Radeon RX 9070 XT (RADV GFX1201)
tick  958000 alive   861755 genomes  229384 energy   210.0 births 11884607 deaths 11879786 (7358.6s) AMD Radeon RX 9070 XT (RADV GFX1201)
tick  959000 alive   857695 genomes  229660 energy   210.5 births 11837149 deaths 11841209 (7366.2s) AMD Radeon RX 9070 XT (RADV GFX1201)
tick  960000 alive   852299 genomes  229172 energy   210.8 births 11738046 deaths 11743442 (7373.7s) AMD Radeon RX 9070 XT (RADV GFX1201)
tick  961000 alive   855082 genomes  230164 energy   210.6 births 11696008 deaths 11693225 (7381.5s) AMD Radeon RX 9070 XT (RADV GFX1201)
tick  962000 alive   852357 genomes  230310 energy   210.7 births 11597126 deaths 11599851 (7389.2s) AMD Radeon RX 9070 XT (RADV GFX1201)
tick  963000 alive   854217 genomes  231350 energy   210.3 births 11697863 deaths 11696003 (7397.0s) AMD Radeon RX 9070 XT (RADV GFX1201)
tick  964000 alive   853208 genomes  230272 energy   210.9 births 11680512 deaths 11681521 (7404.5s) AMD Radeon RX 9070 XT (RADV GFX1201)
tick  965000 alive   858073 genomes  230912 energy   210.2 births 11744712 deaths 11739847 (7412.1s) AMD Radeon RX 9070 XT (RADV GFX1201)
tick  966000 alive   856110 genomes  230598 energy   210.5 births 11797786 deaths 11799749 (7419.8s) AMD Radeon RX 9070 XT (RADV GFX1201)
tick  967000 alive   853529 genomes  229365 energy   209.5 births 11782808 deaths 11785389 (7427.4s) AMD Radeon RX 9070 XT (RADV GFX1201)
tick  968000 alive   860393 genomes  228584 energy   210.0 births 11949155 deaths 11942291 (7434.9s) AMD Radeon RX 9070 XT (RADV GFX1201)
tick  969000 alive   857308 genomes  229504 energy   210.2 births 11829736 deaths 11832821 (7442.5s) AMD Radeon RX 9070 XT (RADV GFX1201)
tick  970000 alive   853880 genomes  231015 energy   210.2 births 11792972 deaths 11796400 (7450.1s) AMD Radeon RX 9070 XT (RADV GFX1201)
tick  971000 alive   858192 genomes  230442 energy   209.7 births 11922381 deaths 11918069 (7457.7s) AMD Radeon RX 9070 XT (RADV GFX1201)
tick  972000 alive   854710 genomes  229872 energy   210.4 births 11864521 deaths 11868003 (7465.3s) AMD Radeon RX 9070 XT (RADV GFX1201)
tick  973000 alive   850693 genomes  231136 energy   210.1 births 11776827 deaths 11780844 (7472.7s) AMD Radeon RX 9070 XT (RADV GFX1201)
tick  974000 alive   852085 genomes  230413 energy   210.2 births 11778428 deaths 11777036 (7480.4s) AMD Radeon RX 9070 XT (RADV GFX1201)
tick  975000 alive   852481 genomes  229762 energy   210.1 births 11715960 deaths 11715564 (7488.0s) AMD Radeon RX 9070 XT (RADV GFX1201)
tick  976000 alive   848565 genomes  231271 energy   209.8 births 11733874 deaths 11737790 (7495.7s) AMD Radeon RX 9070 XT (RADV GFX1201)
tick  977000 alive   851227 genomes  230911 energy   209.7 births 11844712 deaths 11842050 (7503.1s) AMD Radeon RX 9070 XT (RADV GFX1201)
tick  978000 alive   855506 genomes  229967 energy   209.7 births 11914327 deaths 11910048 (7510.8s) AMD Radeon RX 9070 XT (RADV GFX1201)
tick  979000 alive   853239 genomes  230487 energy   210.4 births 11823407 deaths 11825674 (7518.4s) AMD Radeon RX 9070 XT (RADV GFX1201)
tick  980000 alive   849460 genomes  231941 energy   210.0 births 11739980 deaths 11743759 (7526.0s) AMD Radeon RX 9070 XT (RADV GFX1201)
tick  981000 alive   845193 genomes  233241 energy   209.8 births 11701943 deaths 11706210 (7533.5s) AMD Radeon RX 9070 XT (RADV GFX1201)
tick  982000 alive   846768 genomes  231789 energy   209.5 births 11713994 deaths 11712419 (7541.2s) AMD Radeon RX 9070 XT (RADV GFX1201)
tick  983000 alive   853798 genomes  230823 energy   209.6 births 11906586 deaths 11899556 (7548.8s) AMD Radeon RX 9070 XT (RADV GFX1201)
tick  984000 alive   851138 genomes  229940 energy   209.5 births 11930059 deaths 11932719 (7556.5s) AMD Radeon RX 9070 XT (RADV GFX1201)
tick  985000 alive   851912 genomes  230499 energy   209.3 births 11900903 deaths 11900129 (7564.0s) AMD Radeon RX 9070 XT (RADV GFX1201)
tick  986000 alive   855732 genomes  230352 energy   209.5 births 11985651 deaths 11981831 (7571.6s) AMD Radeon RX 9070 XT (RADV GFX1201)
tick  987000 alive   847521 genomes  232182 energy   210.0 births 11809521 deaths 11817732 (7579.2s) AMD Radeon RX 9070 XT (RADV GFX1201)
tick  988000 alive   848709 genomes  232560 energy   209.9 births 11758657 deaths 11757469 (7586.8s) AMD Radeon RX 9070 XT (RADV GFX1201)
tick  989000 alive   856305 genomes  233072 energy   210.1 births 11824268 deaths 11816672 (7594.3s) AMD Radeon RX 9070 XT (RADV GFX1201)
tick  990000 alive   847670 genomes  235629 energy   210.4 births 11752016 deaths 11760651 (7601.8s) AMD Radeon RX 9070 XT (RADV GFX1201)
tick  991000 alive   844676 genomes  235021 energy   209.7 births 11651613 deaths 11654607 (7609.5s) AMD Radeon RX 9070 XT (RADV GFX1201)
tick  992000 alive   853090 genomes  233077 energy   209.9 births 11817386 deaths 11808972 (7617.1s) AMD Radeon RX 9070 XT (RADV GFX1201)
tick  993000 alive   859585 genomes  231369 energy   209.9 births 11963413 deaths 11956918 (7624.8s) AMD Radeon RX 9070 XT (RADV GFX1201)
tick  994000 alive   850577 genomes  231446 energy   210.1 births 11821599 deaths 11830607 (7632.2s) AMD Radeon RX 9070 XT (RADV GFX1201)
tick  995000 alive   849883 genomes  232252 energy   209.6 births 11829242 deaths 11829936 (7639.9s) AMD Radeon RX 9070 XT (RADV GFX1201)
tick  996000 alive   856101 genomes  231191 energy   209.6 births 11914904 deaths 11908686 (7647.5s) AMD Radeon RX 9070 XT (RADV GFX1201)
tick  997000 alive   855937 genomes  231991 energy   210.0 births 11940980 deaths 11941144 (7655.2s) AMD Radeon RX 9070 XT (RADV GFX1201)
tick  998000 alive   852257 genomes  232485 energy   210.3 births 11823030 deaths 11826710 (7662.6s) AMD Radeon RX 9070 XT (RADV GFX1201)
tick  999000 alive   850750 genomes  233629 energy   210.1 births 11805942 deaths 11807449 (7670.4s) AMD Radeon RX 9070 XT (RADV GFX1201)
tick 1000000 alive   851634 genomes  234485 energy   209.3 births 11846154 deaths 11845270 (7678.1s) AMD Radeon RX 9070 XT (RADV GFX1201)
tick 1001000 alive   857053 genomes  231632 energy   210.1 births 11947025 deaths 11941606 (7685.8s) AMD Radeon RX 9070 XT (RADV GFX1201)
tick 1002000 alive   855007 genomes  231542 energy   210.0 births 11914650 deaths 11916696 (7693.3s) AMD Radeon RX 9070 XT (RADV GFX1201)
tick 1003000 alive   853257 genomes  231346 energy   210.3 births 11770318 deaths 11772068 (7700.9s) AMD Radeon RX 9070 XT (RADV GFX1201)
tick 1004000 alive   854496 genomes  231826 energy   210.0 births 11784379 deaths 11783140 (7708.6s) AMD Radeon RX 9070 XT (RADV GFX1201)
tick 1005000 alive   854952 genomes  231092 energy   210.0 births 11765272 deaths 11764816 (7716.2s) AMD Radeon RX 9070 XT (RADV GFX1201)
tick 1006000 alive   859955 genomes  230856 energy   210.1 births 11902125 deaths 11897122 (7723.8s) AMD Radeon RX 9070 XT (RADV GFX1201)
tick 1007000 alive   855367 genomes  230716 energy   210.2 births 11811089 deaths 11815677 (7731.3s) AMD Radeon RX 9070 XT (RADV GFX1201)
tick 1008000 alive   852529 genomes  230313 energy   210.3 births 11806083 deaths 11808921 (7738.9s) AMD Radeon RX 9070 XT (RADV GFX1201)
tick 1009000 alive   857231 genomes  231336 energy   210.1 births 11837998 deaths 11833296 (7746.5s) AMD Radeon RX 9070 XT (RADV GFX1201)
tick 1010000 alive   858451 genomes  230235 energy   209.8 births 11896833 deaths 11895613 (7754.2s) AMD Radeon RX 9070 XT (RADV GFX1201)
tick 1011000 alive   858492 genomes  230880 energy   210.2 births 11967337 deaths 11967296 (7761.6s) AMD Radeon RX 9070 XT (RADV GFX1201)
tick 1012000 alive   856551 genomes  231430 energy   209.9 births 11920602 deaths 11922543 (7769.3s) AMD Radeon RX 9070 XT (RADV GFX1201)
tick 1013000 alive   856002 genomes  229476 energy   209.7 births 11901557 deaths 11902106 (7777.0s) AMD Radeon RX 9070 XT (RADV GFX1201)
tick 1014000 alive   860662 genomes  229797 energy   209.9 births 11914352 deaths 11909692 (7784.6s) AMD Radeon RX 9070 XT (RADV GFX1201)
tick 1015000 alive   851468 genomes  229560 energy   209.9 births 11829235 deaths 11838429 (7792.1s) AMD Radeon RX 9070 XT (RADV GFX1201)
tick 1016000 alive   855422 genomes  228598 energy   210.0 births 11847165 deaths 11843211 (7799.7s) AMD Radeon RX 9070 XT (RADV GFX1201)
tick 1017000 alive   856025 genomes  227626 energy   209.6 births 11918246 deaths 11917643 (7807.4s) AMD Radeon RX 9070 XT (RADV GFX1201)
tick 1018000 alive   863223 genomes  226773 energy   209.9 births 12032794 deaths 12025596 (7815.0s) AMD Radeon RX 9070 XT (RADV GFX1201)
tick 1019000 alive   860513 genomes  226874 energy   210.0 births 11993975 deaths 11996685 (7822.4s) AMD Radeon RX 9070 XT (RADV GFX1201)
tick 1020000 alive   855950 genomes  226848 energy   210.0 births 11940223 deaths 11944786 (7830.0s) AMD Radeon RX 9070 XT (RADV GFX1201)
tick 1021000 alive   856334 genomes  226683 energy   209.5 births 11901336 deaths 11900952 (7837.7s) AMD Radeon RX 9070 XT (RADV GFX1201)
tick 1022000 alive   859689 genomes  227841 energy   209.9 births 12006887 deaths 12003532 (7845.3s) AMD Radeon RX 9070 XT (RADV GFX1201)
tick 1023000 alive   855621 genomes  229211 energy   209.8 births 11878821 deaths 11882889 (7852.8s) AMD Radeon RX 9070 XT (RADV GFX1201)
tick 1024000 alive   857198 genomes  228725 energy   209.6 births 11943049 deaths 11941472 (7860.3s) AMD Radeon RX 9070 XT (RADV GFX1201)
tick 1025000 alive   856077 genomes  226956 energy   210.1 births 11979201 deaths 11980322 (7868.0s) AMD Radeon RX 9070 XT (RADV GFX1201)
tick 1026000 alive   852935 genomes  228809 energy   210.3 births 11812136 deaths 11815278 (7875.6s) AMD Radeon RX 9070 XT (RADV GFX1201)
tick 1027000 alive   846812 genomes  230704 energy   210.3 births 11704069 deaths 11710192 (7883.1s) AMD Radeon RX 9070 XT (RADV GFX1201)
tick 1028000 alive   850709 genomes  232324 energy   210.0 births 11710948 deaths 11707051 (7890.7s) AMD Radeon RX 9070 XT (RADV GFX1201)
tick 1029000 alive   853499 genomes  232250 energy   209.6 births 11837927 deaths 11835137 (7898.3s) AMD Radeon RX 9070 XT (RADV GFX1201)
tick 1030000 alive   849956 genomes  231690 energy   209.9 births 11812079 deaths 11815622 (7906.0s) AMD Radeon RX 9070 XT (RADV GFX1201)
tick 1031000 alive   849984 genomes  232816 energy   210.0 births 11794098 deaths 11794070 (7913.7s) AMD Radeon RX 9070 XT (RADV GFX1201)
tick 1032000 alive   852246 genomes  233263 energy   210.0 births 11756720 deaths 11754458 (7921.1s) AMD Radeon RX 9070 XT (RADV GFX1201)
tick 1033000 alive   853238 genomes  233803 energy   210.1 births 11804053 deaths 11803061 (7928.7s) AMD Radeon RX 9070 XT (RADV GFX1201)
tick 1034000 alive   848021 genomes  234627 energy   210.1 births 11702529 deaths 11707746 (7936.3s) AMD Radeon RX 9070 XT (RADV GFX1201)
tick 1035000 alive   844320 genomes  235766 energy   210.4 births 11565868 deaths 11569569 (7943.9s) AMD Radeon RX 9070 XT (RADV GFX1201)
tick 1036000 alive   850272 genomes  236151 energy   210.2 births 11582682 deaths 11576730 (7951.4s) AMD Radeon RX 9070 XT (RADV GFX1201)
tick 1037000 alive   848083 genomes  235556 energy   210.7 births 11667044 deaths 11669233 (7959.1s) AMD Radeon RX 9070 XT (RADV GFX1201)
tick 1038000 alive   847593 genomes  235361 energy   210.4 births 11594618 deaths 11595108 (7966.8s) AMD Radeon RX 9070 XT (RADV GFX1201)
tick 1039000 alive   848861 genomes  235094 energy   210.3 births 11637664 deaths 11636396 (7974.6s) AMD Radeon RX 9070 XT (RADV GFX1201)
tick 1040000 alive   849980 genomes  234652 energy   210.4 births 11681535 deaths 11680416 (7982.1s) AMD Radeon RX 9070 XT (RADV GFX1201)
tick 1041000 alive   853457 genomes  234510 energy   209.9 births 11772801 deaths 11769324 (7989.7s) AMD Radeon RX 9070 XT (RADV GFX1201)
tick 1042000 alive   856752 genomes  233796 energy   210.0 births 11921520 deaths 11918225 (7997.3s) AMD Radeon RX 9070 XT (RADV GFX1201)
tick 1043000 alive   856644 genomes  234192 energy   210.2 births 11923255 deaths 11923363 (8004.9s) AMD Radeon RX 9070 XT (RADV GFX1201)
tick 1044000 alive   855451 genomes  233322 energy   210.3 births 11833933 deaths 11835126 (8012.3s) AMD Radeon RX 9070 XT (RADV GFX1201)
tick 1045000 alive   848978 genomes  233161 energy   210.5 births 11682299 deaths 11688772 (8019.9s) AMD Radeon RX 9070 XT (RADV GFX1201)
tick 1046000 alive   855849 genomes  232082 energy   210.3 births 11716497 deaths 11709626 (8027.6s) AMD Radeon RX 9070 XT (RADV GFX1201)
tick 1047000 alive   856029 genomes  231247 energy   210.0 births 11888247 deaths 11888067 (8035.2s) AMD Radeon RX 9070 XT (RADV GFX1201)
tick 1048000 alive   858244 genomes  227757 energy   209.9 births 11869870 deaths 11867655 (8042.9s) AMD Radeon RX 9070 XT (RADV GFX1201)
tick 1049000 alive   865640 genomes  228142 energy   209.5 births 12096991 deaths 12089595 (8050.3s) AMD Radeon RX 9070 XT (RADV GFX1201)
tick 1050000 alive   860637 genomes  227302 energy   210.8 births 12026838 deaths 12031841 (8058.0s) AMD Radeon RX 9070 XT (RADV GFX1201)
tick 1051000 alive   861566 genomes  226248 energy   209.6 births 11917175 deaths 11916246 (8065.6s) AMD Radeon RX 9070 XT (RADV GFX1201)
tick 1052000 alive   863321 genomes  226599 energy   209.3 births 12076443 deaths 12074688 (8073.3s) AMD Radeon RX 9070 XT (RADV GFX1201)
tick 1053000 alive   865382 genomes  227169 energy   209.2 births 12185287 deaths 12183226 (8080.8s) AMD Radeon RX 9070 XT (RADV GFX1201)
tick 1054000 alive   864189 genomes  227665 energy   210.1 births 12103538 deaths 12104731 (8088.4s) AMD Radeon RX 9070 XT (RADV GFX1201)
tick 1055000 alive   861524 genomes  230578 energy   209.7 births 11933175 deaths 11935840 (8096.0s) AMD Radeon RX 9070 XT (RADV GFX1201)
tick 1056000 alive   858007 genomes  230713 energy   209.9 births 11896507 deaths 11900024 (8103.6s) AMD Radeon RX 9070 XT (RADV GFX1201)
tick 1057000 alive   852724 genomes  229712 energy   210.4 births 11894085 deaths 11899368 (8111.1s) AMD Radeon RX 9070 XT (RADV GFX1201)
tick 1058000 alive   853490 genomes  231054 energy   210.1 births 11786844 deaths 11786078 (8118.7s) AMD Radeon RX 9070 XT (RADV GFX1201)
tick 1059000 alive   852195 genomes  231739 energy   210.3 births 11808854 deaths 11810149 (8126.3s) AMD Radeon RX 9070 XT (RADV GFX1201)
tick 1060000 alive   853792 genomes  232576 energy   209.6 births 11836665 deaths 11835068 (8133.9s) AMD Radeon RX 9070 XT (RADV GFX1201)
tick 1061000 alive   854731 genomes  232293 energy   210.0 births 11941310 deaths 11940371 (8141.3s) AMD Radeon RX 9070 XT (RADV GFX1201)
tick 1062000 alive   854022 genomes  229977 energy   209.9 births 11928494 deaths 11929203 (8149.0s) AMD Radeon RX 9070 XT (RADV GFX1201)
tick 1063000 alive   859080 genomes  228581 energy   210.0 births 11902391 deaths 11897333 (8156.7s) AMD Radeon RX 9070 XT (RADV GFX1201)
tick 1064000 alive   855417 genomes  229530 energy   210.2 births 11865733 deaths 11869396 (8164.3s) AMD Radeon RX 9070 XT (RADV GFX1201)
tick 1065000 alive   849818 genomes  230292 energy   210.2 births 11794004 deaths 11799603 (8172.0s) AMD Radeon RX 9070 XT (RADV GFX1201)
tick 1066000 alive   847674 genomes  230799 energy   210.0 births 11798656 deaths 11800800 (8179.6s) AMD Radeon RX 9070 XT (RADV GFX1201)
tick 1067000 alive   850892 genomes  230682 energy   209.9 births 11814974 deaths 11811756 (8187.2s) AMD Radeon RX 9070 XT (RADV GFX1201)
tick 1068000 alive   855814 genomes  229459 energy   209.8 births 11938974 deaths 11934052 (8194.9s) AMD Radeon RX 9070 XT (RADV GFX1201)
tick 1069000 alive   856834 genomes  230355 energy   209.8 births 12007343 deaths 12006323 (8202.6s) AMD Radeon RX 9070 XT (RADV GFX1201)
tick 1070000 alive   852943 genomes  230138 energy   210.0 births 11906452 deaths 11910343 (8210.0s) AMD Radeon RX 9070 XT (RADV GFX1201)
tick 1071000 alive   856772 genomes  230937 energy   209.8 births 11949719 deaths 11945890 (8217.7s) AMD Radeon RX 9070 XT (RADV GFX1201)
tick 1072000 alive   849262 genomes  228297 energy   209.1 births 11857960 deaths 11865470 (8225.3s) AMD Radeon RX 9070 XT (RADV GFX1201)
tick 1073000 alive   860290 genomes  229105 energy   209.6 births 12054918 deaths 12043890 (8233.0s) AMD Radeon RX 9070 XT (RADV GFX1201)
tick 1074000 alive   857207 genomes  229755 energy   209.7 births 11961992 deaths 11965075 (8240.5s) AMD Radeon RX 9070 XT (RADV GFX1201)
tick 1075000 alive   856444 genomes  230974 energy   209.7 births 11938288 deaths 11939051 (8248.2s) AMD Radeon RX 9070 XT (RADV GFX1201)
tick 1076000 alive   852489 genomes  230241 energy   209.7 births 11887838 deaths 11891793 (8255.8s) AMD Radeon RX 9070 XT (RADV GFX1201)
tick 1077000 alive   853653 genomes  230712 energy   209.3 births 11924359 deaths 11923195 (8263.4s) AMD Radeon RX 9070 XT (RADV GFX1201)
tick 1078000 alive   856498 genomes  228245 energy   209.6 births 12033901 deaths 12031056 (8270.8s) AMD Radeon RX 9070 XT (RADV GFX1201)
tick 1079000 alive   856877 genomes  228938 energy   209.6 births 12016020 deaths 12015641 (8278.5s) AMD Radeon RX 9070 XT (RADV GFX1201)
tick 1080000 alive   859200 genomes  229639 energy   209.7 births 12057120 deaths 12054797 (8286.1s) AMD Radeon RX 9070 XT (RADV GFX1201)
tick 1081000 alive   859590 genomes  228680 energy   209.7 births 12030401 deaths 12030011 (8293.7s) AMD Radeon RX 9070 XT (RADV GFX1201)
tick 1082000 alive   854337 genomes  228775 energy   210.1 births 11927728 deaths 11932981 (8301.3s) AMD Radeon RX 9070 XT (RADV GFX1201)
tick 1083000 alive   857885 genomes  230768 energy   210.3 births 11866042 deaths 11862494 (8308.8s) AMD Radeon RX 9070 XT (RADV GFX1201)
tick 1084000 alive   851908 genomes  231654 energy   210.0 births 11863575 deaths 11869552 (8316.4s) AMD Radeon RX 9070 XT (RADV GFX1201)
tick 1085000 alive   850154 genomes  230286 energy   209.7 births 11765024 deaths 11766778 (8324.0s) AMD Radeon RX 9070 XT (RADV GFX1201)
tick 1086000 alive   858004 genomes  228358 energy   209.7 births 11851410 deaths 11843560 (8331.7s) AMD Radeon RX 9070 XT (RADV GFX1201)
tick 1087000 alive   856718 genomes  229761 energy   210.2 births 11880106 deaths 11881392 (8339.2s) AMD Radeon RX 9070 XT (RADV GFX1201)
tick 1088000 alive   858138 genomes  228383 energy   210.0 births 11871542 deaths 11870122 (8346.9s) AMD Radeon RX 9070 XT (RADV GFX1201)
tick 1089000 alive   856370 genomes  227296 energy   209.6 births 11971531 deaths 11973299 (8354.6s) AMD Radeon RX 9070 XT (RADV GFX1201)
tick 1090000 alive   858893 genomes  229268 energy   209.9 births 11938328 deaths 11935805 (8362.2s) AMD Radeon RX 9070 XT (RADV GFX1201)
tick 1091000 alive   854316 genomes  229498 energy   209.8 births 11894829 deaths 11899406 (8369.7s) AMD Radeon RX 9070 XT (RADV GFX1201)
tick 1092000 alive   857094 genomes  229617 energy   209.2 births 11956044 deaths 11953266 (8377.4s) AMD Radeon RX 9070 XT (RADV GFX1201)
tick 1093000 alive   857658 genomes  227755 energy   209.5 births 11968883 deaths 11968319 (8385.0s) AMD Radeon RX 9070 XT (RADV GFX1201)
tick 1094000 alive   863926 genomes  228061 energy   209.2 births 12116472 deaths 12110204 (8392.6s) AMD Radeon RX 9070 XT (RADV GFX1201)
tick 1095000 alive   856485 genomes  227863 energy   209.9 births 12012642 deaths 12020083 (8400.1s) AMD Radeon RX 9070 XT (RADV GFX1201)
tick 1096000 alive   854898 genomes  229060 energy   209.9 births 11880879 deaths 11882466 (8407.7s) AMD Radeon RX 9070 XT (RADV GFX1201)
tick 1097000 alive   858694 genomes  229600 energy   209.8 births 11927232 deaths 11923436 (8415.3s) AMD Radeon RX 9070 XT (RADV GFX1201)
tick 1098000 alive   853394 genomes  230480 energy   210.2 births 11835007 deaths 11840307 (8422.9s) AMD Radeon RX 9070 XT (RADV GFX1201)
tick 1099000 alive   850399 genomes  229456 energy   210.3 births 11714527 deaths 11717522 (8430.4s) AMD Radeon RX 9070 XT (RADV GFX1201)
tick 1100000 alive   851094 genomes  231547 energy   210.2 births 11743890 deaths 11743195 (8438.0s) AMD Radeon RX 9070 XT (RADV GFX1201)
tick 1101000 alive   848781 genomes  232323 energy   210.2 births 11689873 deaths 11692186 (8445.7s) AMD Radeon RX 9070 XT (RADV GFX1201)
tick 1102000 alive   851541 genomes  232047 energy   210.2 births 11729302 deaths 11726542 (8453.3s) AMD Radeon RX 9070 XT (RADV GFX1201)
tick 1103000 alive   851549 genomes  232072 energy   210.1 births 11718205 deaths 11718197 (8460.9s) AMD Radeon RX 9070 XT (RADV GFX1201)
tick 1104000 alive   848560 genomes  233473 energy   210.7 births 11700522 deaths 11703511 (8468.5s) AMD Radeon RX 9070 XT (RADV GFX1201)
tick 1105000 alive   843121 genomes  234548 energy   210.8 births 11467483 deaths 11472922 (8476.2s) AMD Radeon RX 9070 XT (RADV GFX1201)
tick 1106000 alive   843033 genomes  236294 energy   211.2 births 11469823 deaths 11469911 (8483.9s) AMD Radeon RX 9070 XT (RADV GFX1201)
tick 1107000 alive   844007 genomes  236776 energy   210.8 births 11454671 deaths 11453697 (8491.5s) AMD Radeon RX 9070 XT (RADV GFX1201)
tick 1108000 alive   849114 genomes  236043 energy   210.3 births 11592391 deaths 11587284 (8499.0s) AMD Radeon RX 9070 XT (RADV GFX1201)
tick 1109000 alive   848949 genomes  235011 energy   210.8 births 11533915 deaths 11534080 (8506.6s) AMD Radeon RX 9070 XT (RADV GFX1201)
tick 1110000 alive   846188 genomes  236176 energy   210.4 births 11496153 deaths 11498914 (8514.3s) AMD Radeon RX 9070 XT (RADV GFX1201)
tick 1111000 alive   847086 genomes  236499 energy   210.6 births 11600772 deaths 11599874 (8521.9s) AMD Radeon RX 9070 XT (RADV GFX1201)
tick 1112000 alive   849392 genomes  235459 energy   210.4 births 11745207 deaths 11742901 (8529.4s) AMD Radeon RX 9070 XT (RADV GFX1201)
tick 1113000 alive   848426 genomes  233858 energy   210.2 births 11658130 deaths 11659096 (8537.1s) AMD Radeon RX 9070 XT (RADV GFX1201)
tick 1114000 alive   851570 genomes  236098 energy   210.4 births 11661884 deaths 11658740 (8544.8s) AMD Radeon RX 9070 XT (RADV GFX1201)
tick 1115000 alive   848371 genomes  235941 energy   210.5 births 11618298 deaths 11621497 (8552.6s) AMD Radeon RX 9070 XT (RADV GFX1201)
tick 1116000 alive   848838 genomes  235490 energy   210.4 births 11594742 deaths 11594275 (8560.1s) AMD Radeon RX 9070 XT (RADV GFX1201)
tick 1117000 alive   848912 genomes  234852 energy   210.1 births 11650358 deaths 11650284 (8567.7s) AMD Radeon RX 9070 XT (RADV GFX1201)
tick 1118000 alive   850932 genomes  235551 energy   210.7 births 11684141 deaths 11682121 (8575.4s) AMD Radeon RX 9070 XT (RADV GFX1201)
tick 1119000 alive   850337 genomes  234564 energy   210.7 births 11592086 deaths 11592681 (8583.1s) AMD Radeon RX 9070 XT (RADV GFX1201)
tick 1120000 alive   851896 genomes  235091 energy   210.3 births 11677774 deaths 11676215 (8590.6s) AMD Radeon RX 9070 XT (RADV GFX1201)
tick 1121000 alive   850677 genomes  235140 energy   211.0 births 11649995 deaths 11651214 (8598.2s) AMD Radeon RX 9070 XT (RADV GFX1201)
tick 1122000 alive   849515 genomes  236327 energy   210.5 births 11596063 deaths 11597225 (8605.8s) AMD Radeon RX 9070 XT (RADV GFX1201)
tick 1123000 alive   848714 genomes  235995 energy   210.1 births 11539862 deaths 11540663 (8613.4s) AMD Radeon RX 9070 XT (RADV GFX1201)
tick 1124000 alive   851909 genomes  235399 energy   210.1 births 11702284 deaths 11699089 (8621.0s) AMD Radeon RX 9070 XT (RADV GFX1201)
tick 1125000 alive   850230 genomes  235042 energy   210.4 births 11703017 deaths 11704696 (8628.5s) AMD Radeon RX 9070 XT (RADV GFX1201)
tick 1126000 alive   850507 genomes  235176 energy   210.3 births 11635356 deaths 11635079 (8636.2s) AMD Radeon RX 9070 XT (RADV GFX1201)
tick 1127000 alive   852089 genomes  234232 energy   209.9 births 11734303 deaths 11732721 (8643.8s) AMD Radeon RX 9070 XT (RADV GFX1201)
tick 1128000 alive   854033 genomes  231825 energy   210.6 births 11804724 deaths 11802780 (8651.4s) AMD Radeon RX 9070 XT (RADV GFX1201)
tick 1129000 alive   852781 genomes  231802 energy   210.5 births 11704021 deaths 11705273 (8658.9s) AMD Radeon RX 9070 XT (RADV GFX1201)
tick 1130000 alive   853591 genomes  234295 energy   210.0 births 11725322 deaths 11724512 (8666.6s) AMD Radeon RX 9070 XT (RADV GFX1201)
tick 1131000 alive   853526 genomes  232331 energy   210.2 births 11816806 deaths 11816871 (8674.2s) AMD Radeon RX 9070 XT (RADV GFX1201)
tick 1132000 alive   858189 genomes  231303 energy   209.9 births 11799965 deaths 11795302 (8681.8s) AMD Radeon RX 9070 XT (RADV GFX1201)
tick 1133000 alive   851296 genomes  231995 energy   210.2 births 11781860 deaths 11788753 (8689.3s) AMD Radeon RX 9070 XT (RADV GFX1201)
tick 1134000 alive   858049 genomes  231112 energy   209.6 births 11927304 deaths 11920551 (8696.9s) AMD Radeon RX 9070 XT (RADV GFX1201)
tick 1135000 alive   859550 genomes  230936 energy   209.8 births 11981418 deaths 11979917 (8704.6s) AMD Radeon RX 9070 XT (RADV GFX1201)
tick 1136000 alive   856844 genomes  229978 energy   210.1 births 11959875 deaths 11962581 (8712.2s) AMD Radeon RX 9070 XT (RADV GFX1201)
tick 1137000 alive   857112 genomes  229966 energy   209.7 births 11907853 deaths 11907585 (8719.7s) AMD Radeon RX 9070 XT (RADV GFX1201)
tick 1138000 alive   859518 genomes  229915 energy   209.9 births 12015361 deaths 12012955 (8727.3s) AMD Radeon RX 9070 XT (RADV GFX1201)
tick 1139000 alive   858443 genomes  229318 energy   209.4 births 12006296 deaths 12007371 (8734.9s) AMD Radeon RX 9070 XT (RADV GFX1201)
tick 1140000 alive   860100 genomes  231480 energy   209.4 births 12012562 deaths 12010905 (8742.5s) AMD Radeon RX 9070 XT (RADV GFX1201)
tick 1141000 alive   858634 genomes  231550 energy   210.2 births 11953620 deaths 11955086 (8750.1s) AMD Radeon RX 9070 XT (RADV GFX1201)
tick 1142000 alive   854174 genomes  231160 energy   210.0 births 11866604 deaths 11871064 (8757.7s) AMD Radeon RX 9070 XT (RADV GFX1201)
tick 1143000 alive   855200 genomes  232213 energy   210.1 births 11837276 deaths 11836250 (8765.3s) AMD Radeon RX 9070 XT (RADV GFX1201)
tick 1144000 alive   847679 genomes  232872 energy   210.7 births 11725113 deaths 11732634 (8772.9s) AMD Radeon RX 9070 XT (RADV GFX1201)
tick 1145000 alive   849717 genomes  232240 energy   210.2 births 11683615 deaths 11681577 (8780.5s) AMD Radeon RX 9070 XT (RADV GFX1201)
tick 1146000 alive   853985 genomes  233980 energy   210.6 births 11793731 deaths 11789463 (8788.0s) AMD Radeon RX 9070 XT (RADV GFX1201)
tick 1147000 alive   844535 genomes  233741 energy   210.8 births 11598527 deaths 11607977 (8795.6s) AMD Radeon RX 9070 XT (RADV GFX1201)
tick 1148000 alive   845637 genomes  233245 energy   210.4 births 11601400 deaths 11600298 (8803.2s) AMD Radeon RX 9070 XT (RADV GFX1201)
tick 1149000 alive   851732 genomes  234338 energy   209.8 births 11696425 deaths 11690330 (8810.8s) AMD Radeon RX 9070 XT (RADV GFX1201)
tick 1150000 alive   846110 genomes  233088 energy   210.7 births 11713803 deaths 11719425 (8818.3s) AMD Radeon RX 9070 XT (RADV GFX1201)
tick 1151000 alive   853871 genomes  232068 energy   210.4 births 11743198 deaths 11735437 (8825.9s) AMD Radeon RX 9070 XT (RADV GFX1201)
tick 1152000 alive   853340 genomes  230421 energy   209.4 births 11842253 deaths 11842784 (8833.6s) AMD Radeon RX 9070 XT (RADV GFX1201)
tick 1153000 alive   856762 genomes  229734 energy   209.7 births 11967156 deaths 11963734 (8841.3s) AMD Radeon RX 9070 XT (RADV GFX1201)
tick 1154000 alive   853425 genomes  231682 energy   210.2 births 11880541 deaths 11883878 (8848.8s) AMD Radeon RX 9070 XT (RADV GFX1201)
tick 1155000 alive   854901 genomes  229051 energy   209.6 births 11849715 deaths 11848239 (8856.4s) AMD Radeon RX 9070 XT (RADV GFX1201)
tick 1156000 alive   857501 genomes  228410 energy   209.8 births 11940856 deaths 11938256 (8864.0s) AMD Radeon RX 9070 XT (RADV GFX1201)
tick 1157000 alive   863233 genomes  227838 energy   209.6 births 11937624 deaths 11931892 (8871.5s) AMD Radeon RX 9070 XT (RADV GFX1201)
tick 1158000 alive   861476 genomes  227856 energy   209.7 births 11984070 deaths 11985827 (8879.0s) AMD Radeon RX 9070 XT (RADV GFX1201)
tick 1159000 alive   859268 genomes  226448 energy   210.2 births 11932523 deaths 11934731 (8886.6s) AMD Radeon RX 9070 XT (RADV GFX1201)
tick 1160000 alive   860116 genomes  227732 energy   210.2 births 11849596 deaths 11848748 (8894.2s) AMD Radeon RX 9070 XT (RADV GFX1201)
tick 1161000 alive   853641 genomes  227817 energy   210.3 births 11854866 deaths 11861341 (8901.9s) AMD Radeon RX 9070 XT (RADV GFX1201)
tick 1162000 alive   852691 genomes  227542 energy   210.1 births 11739194 deaths 11740144 (8909.5s) AMD Radeon RX 9070 XT (RADV GFX1201)
tick 1163000 alive   853325 genomes  229217 energy   210.0 births 11828679 deaths 11828045 (8917.0s) AMD Radeon RX 9070 XT (RADV GFX1201)
tick 1164000 alive   854731 genomes  231662 energy   210.1 births 11850061 deaths 11848655 (8924.6s) AMD Radeon RX 9070 XT (RADV GFX1201)
tick 1165000 alive   851824 genomes  231649 energy   210.3 births 11765723 deaths 11768630 (8932.3s) AMD Radeon RX 9070 XT (RADV GFX1201)
tick 1166000 alive   848368 genomes  233671 energy   210.9 births 11604399 deaths 11607855 (8940.0s) AMD Radeon RX 9070 XT (RADV GFX1201)
tick 1167000 alive   843434 genomes  234743 energy   210.8 births 11501446 deaths 11506380 (8947.4s) AMD Radeon RX 9070 XT (RADV GFX1201)
tick 1168000 alive   845485 genomes  235567 energy   209.9 births 11530451 deaths 11528400 (8955.0s) AMD Radeon RX 9070 XT (RADV GFX1201)
tick 1169000 alive   850803 genomes  233693 energy   209.9 births 11732768 deaths 11727450 (8962.6s) AMD Radeon RX 9070 XT (RADV GFX1201)
tick 1170000 alive   848150 genomes  232322 energy   210.4 births 11700428 deaths 11703081 (8970.2s) AMD Radeon RX 9070 XT (RADV GFX1201)
tick 1171000 alive   849011 genomes  234015 energy   210.0 births 11722700 deaths 11721839 (8977.7s) AMD Radeon RX 9070 XT (RADV GFX1201)
tick 1172000 alive   847029 genomes  233763 energy   210.3 births 11673132 deaths 11675114 (8985.3s) AMD Radeon RX 9070 XT (RADV GFX1201)
tick 1173000 alive   850664 genomes  233488 energy   209.9 births 11738507 deaths 11734872 (8992.9s) AMD Radeon RX 9070 XT (RADV GFX1201)
tick 1174000 alive   849504 genomes  231779 energy   210.1 births 11690460 deaths 11691620 (9000.5s) AMD Radeon RX 9070 XT (RADV GFX1201)
tick 1175000 alive   852179 genomes  231875 energy   209.9 births 11804187 deaths 11801512 (9008.0s) AMD Radeon RX 9070 XT (RADV GFX1201)
tick 1176000 alive   849706 genomes  231558 energy   209.3 births 11829171 deaths 11831644 (9015.6s) AMD Radeon RX 9070 XT (RADV GFX1201)
tick 1177000 alive   858108 genomes  231832 energy   209.3 births 11968140 deaths 11959738 (9023.3s) AMD Radeon RX 9070 XT (RADV GFX1201)
tick 1178000 alive   850171 genomes  231409 energy   209.6 births 11836028 deaths 11843965 (9031.0s) AMD Radeon RX 9070 XT (RADV GFX1201)
tick 1179000 alive   850776 genomes  233540 energy   209.7 births 11824069 deaths 11823464 (9038.6s) AMD Radeon RX 9070 XT (RADV GFX1201)
tick 1180000 alive   854876 genomes  233554 energy   209.1 births 11989526 deaths 11985426 (9046.2s) AMD Radeon RX 9070 XT (RADV GFX1201)
tick 1181000 alive   857644 genomes  230077 energy   209.6 births 12018719 deaths 12015951 (9053.8s) AMD Radeon RX 9070 XT (RADV GFX1201)
tick 1182000 alive   858841 genomes  229331 energy   209.2 births 12095644 deaths 12094447 (9061.4s) AMD Radeon RX 9070 XT (RADV GFX1201)
tick 1183000 alive   855756 genomes  228060 energy   209.4 births 12004941 deaths 12008026 (9069.1s) AMD Radeon RX 9070 XT (RADV GFX1201)
tick 1184000 alive   860089 genomes  228469 energy   209.3 births 12120541 deaths 12116208 (9076.6s) AMD Radeon RX 9070 XT (RADV GFX1201)
tick 1185000 alive   856842 genomes  229864 energy   209.7 births 12061728 deaths 12064975 (9084.2s) AMD Radeon RX 9070 XT (RADV GFX1201)
tick 1186000 alive   852723 genomes  231186 energy   210.2 births 11844345 deaths 11848464 (9091.9s) AMD Radeon RX 9070 XT (RADV GFX1201)
tick 1187000 alive   848458 genomes  233552 energy   210.0 births 11725369 deaths 11729634 (9099.5s) AMD Radeon RX 9070 XT (RADV GFX1201)
tick 1188000 alive   847514 genomes  233669 energy   210.0 births 11733416 deaths 11734360 (9107.0s) AMD Radeon RX 9070 XT (RADV GFX1201)
tick 1189000 alive   853071 genomes  234579 energy   209.8 births 11816497 deaths 11810940 (9114.8s) AMD Radeon RX 9070 XT (RADV GFX1201)
tick 1190000 alive   851165 genomes  233499 energy   210.4 births 11712157 deaths 11714063 (9122.5s) AMD Radeon RX 9070 XT (RADV GFX1201)
tick 1191000 alive   850573 genomes  233068 energy   210.3 births 11710281 deaths 11710873 (9130.3s) AMD Radeon RX 9070 XT (RADV GFX1201)
tick 1192000 alive   847651 genomes  234745 energy   210.4 births 11690748 deaths 11693670 (9137.8s) AMD Radeon RX 9070 XT (RADV GFX1201)
tick 1193000 alive   847283 genomes  233410 energy   209.8 births 11669650 deaths 11670018 (9145.5s) AMD Radeon RX 9070 XT (RADV GFX1201)
tick 1194000 alive   856500 genomes  231421 energy   209.9 births 11795666 deaths 11786449 (9153.1s) AMD Radeon RX 9070 XT (RADV GFX1201)
tick 1195000 alive   861920 genomes  231020 energy   209.9 births 11999673 deaths 11994253 (9160.8s) AMD Radeon RX 9070 XT (RADV GFX1201)
tick 1196000 alive   855924 genomes  231445 energy   210.2 births 11924025 deaths 11930021 (9168.3s) AMD Radeon RX 9070 XT (RADV GFX1201)
tick 1197000 alive   850522 genomes  231523 energy   210.1 births 11719217 deaths 11724619 (9176.0s) AMD Radeon RX 9070 XT (RADV GFX1201)
tick 1198000 alive   856507 genomes  231830 energy   209.8 births 11858973 deaths 11852988 (9183.7s) AMD Radeon RX 9070 XT (RADV GFX1201)
tick 1199000 alive   853190 genomes  231756 energy   210.2 births 11858061 deaths 11861378 (9191.3s) AMD Radeon RX 9070 XT (RADV GFX1201)
tick 1200000 alive   851478 genomes  231518 energy   210.0 births 11807574 deaths 11809286 (9199.0s) AMD Radeon RX 9070 XT (RADV GFX1201)
tick 1201000 alive   851586 genomes  230918 energy   210.1 births 11822635 deaths 11822527 (9206.5s) AMD Radeon RX 9070 XT (RADV GFX1201)
tick 1202000 alive   855394 genomes  232766 energy   210.1 births 11828813 deaths 11825005 (9214.2s) AMD Radeon RX 9070 XT (RADV GFX1201)
tick 1203000 alive   849097 genomes  231542 energy   210.4 births 11711459 deaths 11717756 (9222.0s) AMD Radeon RX 9070 XT (RADV GFX1201)
tick 1204000 alive   852000 genomes  231631 energy   210.3 births 11736689 deaths 11733786 (9229.7s) AMD Radeon RX 9070 XT (RADV GFX1201)
tick 1205000 alive   852016 genomes  231988 energy   210.2 births 11688199 deaths 11688183 (9237.2s) AMD Radeon RX 9070 XT (RADV GFX1201)
tick 1206000 alive   852866 genomes  231266 energy   210.4 births 11744325 deaths 11743475 (9244.9s) AMD Radeon RX 9070 XT (RADV GFX1201)
tick 1207000 alive   854761 genomes  232231 energy   210.4 births 11799536 deaths 11797641 (9252.6s) AMD Radeon RX 9070 XT (RADV GFX1201)
tick 1208000 alive   855543 genomes  231439 energy   210.0 births 11810854 deaths 11810072 (9260.3s) AMD Radeon RX 9070 XT (RADV GFX1201)
tick 1209000 alive   859097 genomes  232458 energy   210.3 births 11866078 deaths 11862524 (9267.7s) AMD Radeon RX 9070 XT (RADV GFX1201)
tick 1210000 alive   855985 genomes  232541 energy   209.9 births 11838507 deaths 11841619 (9275.3s) AMD Radeon RX 9070 XT (RADV GFX1201)
tick 1211000 alive   848764 genomes  231558 energy   210.7 births 11778651 deaths 11785872 (9283.0s) AMD Radeon RX 9070 XT (RADV GFX1201)
tick 1212000 alive   850559 genomes  233162 energy   210.3 births 11679512 deaths 11677717 (9290.6s) AMD Radeon RX 9070 XT (RADV GFX1201)
tick 1213000 alive   848809 genomes  234918 energy   210.4 births 11741990 deaths 11743740 (9298.1s) AMD Radeon RX 9070 XT (RADV GFX1201)
tick 1214000 alive   849597 genomes  233302 energy   210.4 births 11628748 deaths 11627960 (9305.8s) AMD Radeon RX 9070 XT (RADV GFX1201)
tick 1215000 alive   850660 genomes  232638 energy   210.5 births 11712539 deaths 11711476 (9313.5s) AMD Radeon RX 9070 XT (RADV GFX1201)
tick 1216000 alive   858986 genomes  233050 energy   210.3 births 11789098 deaths 11780772 (9321.1s) AMD Radeon RX 9070 XT (RADV GFX1201)
tick 1217000 alive   851723 genomes  232465 energy   210.2 births 11771608 deaths 11778871 (9328.7s) AMD Radeon RX 9070 XT (RADV GFX1201)
tick 1218000 alive   850240 genomes  232365 energy   210.0 births 11676715 deaths 11678198 (9336.3s) AMD Radeon RX 9070 XT (RADV GFX1201)
tick 1219000 alive   854692 genomes  232845 energy   210.2 births 11698564 deaths 11694112 (9344.0s) AMD Radeon RX 9070 XT (RADV GFX1201)
tick 1220000 alive   854815 genomes  232451 energy   210.4 births 11767066 deaths 11766943 (9351.7s) AMD Radeon RX 9070 XT (RADV GFX1201)
tick 1221000 alive   851027 genomes  232989 energy   210.7 births 11642028 deaths 11645816 (9359.4s) AMD Radeon RX 9070 XT (RADV GFX1201)
tick 1222000 alive   851663 genomes  234210 energy   210.8 births 11612925 deaths 11612289 (9366.9s) AMD Radeon RX 9070 XT (RADV GFX1201)
tick 1223000 alive   844931 genomes  233617 energy   211.1 births 11495073 deaths 11501805 (9374.5s) AMD Radeon RX 9070 XT (RADV GFX1201)
tick 1224000 alive   852385 genomes  234730 energy   210.3 births 11601424 deaths 11593970 (9382.2s) AMD Radeon RX 9070 XT (RADV GFX1201)
tick 1225000 alive   853032 genomes  234834 energy   210.5 births 11679882 deaths 11679235 (9389.8s) AMD Radeon RX 9070 XT (RADV GFX1201)
tick 1226000 alive   846147 genomes  234885 energy   210.8 births 11517910 deaths 11524795 (9397.3s) AMD Radeon RX 9070 XT (RADV GFX1201)
tick 1227000 alive   848599 genomes  235453 energy   210.7 births 11480890 deaths 11478438 (9404.9s) AMD Radeon RX 9070 XT (RADV GFX1201)
tick 1228000 alive   851710 genomes  234043 energy   210.7 births 11595424 deaths 11592313 (9412.5s) AMD Radeon RX 9070 XT (RADV GFX1201)
tick 1229000 alive   849731 genomes  232853 energy   210.5 births 11597343 deaths 11599322 (9420.1s) AMD Radeon RX 9070 XT (RADV GFX1201)
tick 1230000 alive   854902 genomes  232196 energy   211.3 births 11634457 deaths 11629286 (9427.5s) AMD Radeon RX 9070 XT (RADV GFX1201)
tick 1231000 alive   854109 genomes  233754 energy   210.7 births 11632125 deaths 11632918 (9435.2s) AMD Radeon RX 9070 XT (RADV GFX1201)
tick 1232000 alive   849264 genomes  233113 energy   210.6 births 11551149 deaths 11555994 (9442.8s) AMD Radeon RX 9070 XT (RADV GFX1201)
tick 1233000 alive   851920 genomes  232661 energy   210.9 births 11597046 deaths 11594390 (9450.4s) AMD Radeon RX 9070 XT (RADV GFX1201)
tick 1234000 alive   852228 genomes  231993 energy   210.6 births 11627275 deaths 11626967 (9457.9s) AMD Radeon RX 9070 XT (RADV GFX1201)
tick 1235000 alive   854212 genomes  232259 energy   210.5 births 11683945 deaths 11681961 (9465.5s) AMD Radeon RX 9070 XT (RADV GFX1201)
tick 1236000 alive   857611 genomes  231011 energy   210.6 births 11731563 deaths 11728164 (9473.1s) AMD Radeon RX 9070 XT (RADV GFX1201)
tick 1237000 alive   854890 genomes  230335 energy   210.7 births 11731112 deaths 11733833 (9480.8s) AMD Radeon RX 9070 XT (RADV GFX1201)
tick 1238000 alive   855170 genomes  231256 energy   210.3 births 11824468 deaths 11824188 (9488.4s) AMD Radeon RX 9070 XT (RADV GFX1201)
tick 1239000 alive   855628 genomes  232173 energy   210.7 births 11715362 deaths 11714904 (9495.9s) AMD Radeon RX 9070 XT (RADV GFX1201)
tick 1240000 alive   853828 genomes  234087 energy   210.8 births 11651431 deaths 11653231 (9503.5s) AMD Radeon RX 9070 XT (RADV GFX1201)
tick 1241000 alive   852148 genomes  234051 energy   210.4 births 11672400 deaths 11674080 (9511.2s) AMD Radeon RX 9070 XT (RADV GFX1201)
tick 1242000 alive   851965 genomes  232980 energy   210.3 births 11717590 deaths 11717773 (9518.8s) AMD Radeon RX 9070 XT (RADV GFX1201)
tick 1243000 alive   852237 genomes  232524 energy   210.0 births 11739453 deaths 11739181 (9526.3s) AMD Radeon RX 9070 XT (RADV GFX1201)
tick 1244000 alive   853758 genomes  231261 energy   210.2 births 11809238 deaths 11807717 (9533.8s) AMD Radeon RX 9070 XT (RADV GFX1201)
tick 1245000 alive   858512 genomes  231481 energy   209.6 births 11879752 deaths 11874998 (9541.4s) AMD Radeon RX 9070 XT (RADV GFX1201)
tick 1246000 alive   858455 genomes  231376 energy   209.7 births 11962934 deaths 11962991 (9549.0s) AMD Radeon RX 9070 XT (RADV GFX1201)
tick 1247000 alive   856055 genomes  230902 energy   209.9 births 11931976 deaths 11934376 (9556.5s) AMD Radeon RX 9070 XT (RADV GFX1201)
tick 1248000 alive   856955 genomes  230807 energy   209.9 births 11901385 deaths 11900485 (9564.1s) AMD Radeon RX 9070 XT (RADV GFX1201)
tick 1249000 alive   851831 genomes  230808 energy   209.7 births 11871710 deaths 11876834 (9571.7s) AMD Radeon RX 9070 XT (RADV GFX1201)
tick 1250000 alive   855468 genomes  231272 energy   209.4 births 11857182 deaths 11853545 (9579.3s) AMD Radeon RX 9070 XT (RADV GFX1201)
tick 1251000 alive   852343 genomes  230353 energy   210.1 births 11838662 deaths 11841787 (9586.8s) AMD Radeon RX 9070 XT (RADV GFX1201)
tick 1252000 alive   854176 genomes  229977 energy   210.2 births 11834302 deaths 11832469 (9594.4s) AMD Radeon RX 9070 XT (RADV GFX1201)
tick 1253000 alive   853773 genomes  230869 energy   210.3 births 11761767 deaths 11762170 (9601.9s) AMD Radeon RX 9070 XT (RADV GFX1201)
tick 1254000 alive   850895 genomes  230552 energy   210.0 births 11687421 deaths 11690299 (9609.5s) AMD Radeon RX 9070 XT (RADV GFX1201)
tick 1255000 alive   852997 genomes  228751 energy   210.2 births 11756565 deaths 11754463 (9617.0s) AMD Radeon RX 9070 XT (RADV GFX1201)
tick 1256000 alive   859441 genomes  227711 energy   210.2 births 11842753 deaths 11836309 (9624.6s) AMD Radeon RX 9070 XT (RADV GFX1201)
tick 1257000 alive   859987 genomes  228407 energy   210.2 births 11873998 deaths 11873452 (9632.3s) AMD Radeon RX 9070 XT (RADV GFX1201)
tick 1258000 alive   858340 genomes  226572 energy   209.8 births 11929549 deaths 11931196 (9639.9s) AMD Radeon RX 9070 XT (RADV GFX1201)
tick 1259000 alive   863374 genomes  226974 energy   210.2 births 12003344 deaths 11998310 (9647.6s) AMD Radeon RX 9070 XT (RADV GFX1201)
tick 1260000 alive   861241 genomes  226684 energy   211.0 births 11918500 deaths 11920633 (9655.1s) AMD Radeon RX 9070 XT (RADV GFX1201)
tick 1261000 alive   857213 genomes  227499 energy   210.1 births 11815011 deaths 11819039 (9662.7s) AMD Radeon RX 9070 XT (RADV GFX1201)
tick 1262000 alive   856964 genomes  228169 energy   210.2 births 11843483 deaths 11843732 (9670.3s) AMD Radeon RX 9070 XT (RADV GFX1201)
tick 1263000 alive   856252 genomes  227782 energy   210.2 births 11841368 deaths 11842080 (9677.9s) AMD Radeon RX 9070 XT (RADV GFX1201)
tick 1264000 alive   858083 genomes  228966 energy   210.4 births 11810286 deaths 11808455 (9685.4s) AMD Radeon RX 9070 XT (RADV GFX1201)
tick 1265000 alive   853477 genomes  230186 energy   210.9 births 11709518 deaths 11714124 (9693.1s) AMD Radeon RX 9070 XT (RADV GFX1201)
tick 1266000 alive   854258 genomes  233311 energy   210.9 births 11626225 deaths 11625444 (9700.8s) AMD Radeon RX 9070 XT (RADV GFX1201)
tick 1267000 alive   847764 genomes  232729 energy   210.3 births 11546830 deaths 11553324 (9708.5s) AMD Radeon RX 9070 XT (RADV GFX1201)
tick 1268000 alive   852542 genomes  231219 energy   210.7 births 11673445 deaths 11668667 (9716.0s) AMD Radeon RX 9070 XT (RADV GFX1201)
tick 1269000 alive   850850 genomes  231209 energy   210.5 births 11669344 deaths 11671036 (9723.7s) AMD Radeon RX 9070 XT (RADV GFX1201)
tick 1270000 alive   849801 genomes  231562 energy   210.5 births 11673347 deaths 11674396 (9731.3s) AMD Radeon RX 9070 XT (RADV GFX1201)
tick 1271000 alive   852602 genomes  233432 energy   210.3 births 11671461 deaths 11668660 (9738.9s) AMD Radeon RX 9070 XT (RADV GFX1201)
tick 1272000 alive   850706 genomes  233985 energy   210.4 births 11667889 deaths 11669785 (9746.4s) AMD Radeon RX 9070 XT (RADV GFX1201)
tick 1273000 alive   850265 genomes  235551 energy   210.5 births 11633558 deaths 11633999 (9754.0s) AMD Radeon RX 9070 XT (RADV GFX1201)
tick 1274000 alive   848286 genomes  236410 energy   210.4 births 11609027 deaths 11611006 (9761.6s) AMD Radeon RX 9070 XT (RADV GFX1201)
tick 1275000 alive   845822 genomes  236319 energy   211.1 births 11533558 deaths 11536022 (9769.2s) AMD Radeon RX 9070 XT (RADV GFX1201)
tick 1276000 alive   847146 genomes  236048 energy   210.6 births 11528907 deaths 11527583 (9776.7s) AMD Radeon RX 9070 XT (RADV GFX1201)
tick 1277000 alive   845439 genomes  235997 energy   210.9 births 11485673 deaths 11487380 (9784.3s) AMD Radeon RX 9070 XT (RADV GFX1201)
tick 1278000 alive   848125 genomes  234833 energy   210.0 births 11624612 deaths 11621926 (9792.0s) AMD Radeon RX 9070 XT (RADV GFX1201)
tick 1279000 alive   850710 genomes  235307 energy   210.5 births 11686461 deaths 11683876 (9799.6s) AMD Radeon RX 9070 XT (RADV GFX1201)
tick 1280000 alive   850544 genomes  235522 energy   210.5 births 11641075 deaths 11641241 (9807.3s) AMD Radeon RX 9070 XT (RADV GFX1201)
tick 1281000 alive   854764 genomes  237671 energy   210.8 births 11662250 deaths 11658030 (9814.7s) AMD Radeon RX 9070 XT (RADV GFX1201)
tick 1282000 alive   843040 genomes  236897 energy   211.1 births 11453552 deaths 11465276 (9822.4s) AMD Radeon RX 9070 XT (RADV GFX1201)
tick 1283000 alive   844304 genomes  236725 energy   210.5 births 11460995 deaths 11459731 (9829.9s) AMD Radeon RX 9070 XT (RADV GFX1201)
tick 1284000 alive   856313 genomes  237088 energy   209.6 births 11704722 deaths 11692713 (9837.6s) AMD Radeon RX 9070 XT (RADV GFX1201)
tick 1285000 alive   855106 genomes  236472 energy   209.5 births 11872845 deaths 11874052 (9845.0s) AMD Radeon RX 9070 XT (RADV GFX1201)
tick 1286000 alive   855188 genomes  234813 energy   210.0 births 11849242 deaths 11849160 (9852.7s) AMD Radeon RX 9070 XT (RADV GFX1201)
tick 1287000 alive   857964 genomes  234283 energy   210.1 births 11866011 deaths 11863235 (9860.3s) AMD Radeon RX 9070 XT (RADV GFX1201)
tick 1288000 alive   853942 genomes  233852 energy   210.2 births 11821405 deaths 11825427 (9868.0s) AMD Radeon RX 9070 XT (RADV GFX1201)
tick 1289000 alive   855588 genomes  233399 energy   210.0 births 11848809 deaths 11847163 (9875.4s) AMD Radeon RX 9070 XT (RADV GFX1201)
tick 1290000 alive   849389 genomes  230886 energy   210.1 births 11708930 deaths 11715129 (9883.1s) AMD Radeon RX 9070 XT (RADV GFX1201)
tick 1291000 alive   858951 genomes  229548 energy   209.5 births 11908534 deaths 11898972 (9890.7s) AMD Radeon RX 9070 XT (RADV GFX1201)
tick 1292000 alive   857868 genomes  228463 energy   210.1 births 11935363 deaths 11936446 (9898.3s) AMD Radeon RX 9070 XT (RADV GFX1201)
tick 1293000 alive   861670 genomes  228113 energy   209.8 births 11971490 deaths 11967688 (9905.8s) AMD Radeon RX 9070 XT (RADV GFX1201)
tick 1294000 alive   861555 genomes  228189 energy   210.0 births 11997608 deaths 11997723 (9913.5s) AMD Radeon RX 9070 XT (RADV GFX1201)
tick 1295000 alive   863945 genomes  228730 energy   210.0 births 12086538 deaths 12084148 (9921.2s) AMD Radeon RX 9070 XT (RADV GFX1201)
tick 1296000 alive   857583 genomes  229319 energy   209.8 births 11944606 deaths 11950968 (9928.9s) AMD Radeon RX 9070 XT (RADV GFX1201)
tick 1297000 alive   855283 genomes  229445 energy   210.2 births 11909226 deaths 11911526 (9936.6s) AMD Radeon RX 9070 XT (RADV GFX1201)
tick 1298000 alive   857991 genomes  229500 energy   210.1 births 11806617 deaths 11803909 (9944.1s) AMD Radeon RX 9070 XT (RADV GFX1201)
tick 1299000 alive   859430 genomes  230178 energy   209.9 births 11897877 deaths 11896438 (9951.7s) AMD Radeon RX 9070 XT (RADV GFX1201)
tick 1300000 alive   856821 genomes  230091 energy   210.3 births 11819758 deaths 11822367 (9959.3s) AMD Radeon RX 9070 XT (RADV GFX1201)
tick 1301000 alive   860473 genomes  229742 energy   210.0 births 11833709 deaths 11830057 (9967.0s) AMD Radeon RX 9070 XT (RADV GFX1201)
tick 1302000 alive   859944 genomes  231521 energy   210.7 births 11836512 deaths 11837041 (9974.4s) AMD Radeon RX 9070 XT (RADV GFX1201)
tick 1303000 alive   852185 genomes  231929 energy   210.7 births 11648074 deaths 11655833 (9982.0s) AMD Radeon RX 9070 XT (RADV GFX1201)
tick 1304000 alive   854126 genomes  231576 energy   210.7 births 11643972 deaths 11642031 (9989.7s) AMD Radeon RX 9070 XT (RADV GFX1201)
tick 1305000 alive   852811 genomes  230955 energy   210.2 births 11695788 deaths 11697103 (9997.3s) AMD Radeon RX 9070 XT (RADV GFX1201)
tick 1306000 alive   851398 genomes  229911 energy   210.6 births 11697328 deaths 11698741 (10004.7s) AMD Radeon RX 9070 XT (RADV GFX1201)
tick 1307000 alive   856112 genomes  230595 energy   210.7 births 11695129 deaths 11690415 (10012.4s) AMD Radeon RX 9070 XT (RADV GFX1201)
tick 1308000 alive   850087 genomes  230421 energy   210.8 births 11577653 deaths 11583678 (10020.0s) AMD Radeon RX 9070 XT (RADV GFX1201)
tick 1309000 alive   853809 genomes  230554 energy   211.0 births 11603996 deaths 11600274 (10027.7s) AMD Radeon RX 9070 XT (RADV GFX1201)
tick 1310000 alive   854682 genomes  230370 energy   210.7 births 11641175 deaths 11640302 (10035.1s) AMD Radeon RX 9070 XT (RADV GFX1201)
tick 1311000 alive   851718 genomes  230649 energy   211.1 births 11610657 deaths 11613621 (10042.8s) AMD Radeon RX 9070 XT (RADV GFX1201)
tick 1312000 alive   855627 genomes  231181 energy   210.4 births 11594293 deaths 11590384 (10050.5s) AMD Radeon RX 9070 XT (RADV GFX1201)
tick 1313000 alive   854074 genomes  230628 energy   210.6 births 11673428 deaths 11674981 (10058.1s) AMD Radeon RX 9070 XT (RADV GFX1201)
tick 1314000 alive   854147 genomes  231829 energy   210.5 births 11742755 deaths 11742682 (10065.7s) AMD Radeon RX 9070 XT (RADV GFX1201)
tick 1315000 alive   854345 genomes  231861 energy   210.1 births 11709421 deaths 11709223 (10073.3s) AMD Radeon RX 9070 XT (RADV GFX1201)
tick 1316000 alive   851778 genomes  232648 energy   210.3 births 11778839 deaths 11781406 (10081.1s) AMD Radeon RX 9070 XT (RADV GFX1201)
tick 1317000 alive   851098 genomes  232466 energy   210.6 births 11661079 deaths 11661759 (10088.7s) AMD Radeon RX 9070 XT (RADV GFX1201)
tick 1318000 alive   851629 genomes  231583 energy   210.7 births 11662828 deaths 11662297 (10096.4s) AMD Radeon RX 9070 XT (RADV GFX1201)
tick 1319000 alive   852466 genomes  231213 energy   210.4 births 11621206 deaths 11620369 (10103.9s) AMD Radeon RX 9070 XT (RADV GFX1201)
tick 1320000 alive   851390 genomes  232065 energy   210.7 births 11629603 deaths 11630679 (10111.6s) AMD Radeon RX 9070 XT (RADV GFX1201)
tick 1321000 alive   850815 genomes  232572 energy   211.0 births 11578859 deaths 11579434 (10119.2s) AMD Radeon RX 9070 XT (RADV GFX1201)
tick 1322000 alive   851718 genomes  233346 energy   211.0 births 11556885 deaths 11555982 (10126.9s) AMD Radeon RX 9070 XT (RADV GFX1201)
tick 1323000 alive   849034 genomes  232818 energy   210.5 births 11544293 deaths 11546977 (10134.3s) AMD Radeon RX 9070 XT (RADV GFX1201)
tick 1324000 alive   852844 genomes  233932 energy   210.5 births 11560033 deaths 11556223 (10142.0s) AMD Radeon RX 9070 XT (RADV GFX1201)
tick 1325000 alive   850890 genomes  233395 energy   210.7 births 11615088 deaths 11617042 (10149.6s) AMD Radeon RX 9070 XT (RADV GFX1201)
tick 1326000 alive   855533 genomes  234583 energy   209.7 births 11703170 deaths 11698527 (10157.3s) AMD Radeon RX 9070 XT (RADV GFX1201)
tick 1327000 alive   857614 genomes  232202 energy   210.6 births 11864421 deaths 11862340 (10164.8s) AMD Radeon RX 9070 XT (RADV GFX1201)
tick 1328000 alive   854790 genomes  232686 energy   210.5 births 11666969 deaths 11669793 (10172.4s) AMD Radeon RX 9070 XT (RADV GFX1201)
tick 1329000 alive   855277 genomes  232669 energy   210.7 births 11731043 deaths 11730556 (10180.1s) AMD Radeon RX 9070 XT (RADV GFX1201)
tick 1330000 alive   853412 genomes  231401 energy   210.5 births 11701746 deaths 11703611 (10187.7s) AMD Radeon RX 9070 XT (RADV GFX1201)
tick 1331000 alive   851789 genomes  230438 energy   210.2 births 11662299 deaths 11663922 (10195.2s) AMD Radeon RX 9070 XT (RADV GFX1201)
tick 1332000 alive   858652 genomes  230986 energy   210.3 births 11817616 deaths 11810753 (10202.9s) AMD Radeon RX 9070 XT (RADV GFX1201)
tick 1333000 alive   854803 genomes  231674 energy   210.6 births 11776837 deaths 11780686 (10210.6s) AMD Radeon RX 9070 XT (RADV GFX1201)
tick 1334000 alive   850226 genomes  231454 energy   210.2 births 11684784 deaths 11689361 (10218.3s) AMD Radeon RX 9070 XT (RADV GFX1201)
tick 1335000 alive   856877 genomes  232252 energy   210.2 births 11757857 deaths 11751206 (10225.9s) AMD Radeon RX 9070 XT (RADV GFX1201)
tick 1336000 alive   851020 genomes  232271 energy   210.7 births 11647778 deaths 11653635 (10233.4s) AMD Radeon RX 9070 XT (RADV GFX1201)
tick 1337000 alive   847461 genomes  231955 energy   210.7 births 11534012 deaths 11537571 (10241.1s) AMD Radeon RX 9070 XT (RADV GFX1201)
tick 1338000 alive   855988 genomes  231855 energy   210.6 births 11673237 deaths 11664710 (10248.7s) AMD Radeon RX 9070 XT (RADV GFX1201)
tick 1339000 alive   854341 genomes  232321 energy   210.6 births 11652229 deaths 11653876 (10256.4s) AMD Radeon RX 9070 XT (RADV GFX1201)
tick 1340000 alive   848227 genomes  231097 energy   210.5 births 11650852 deaths 11656966 (10263.9s) AMD Radeon RX 9070 XT (RADV GFX1201)
tick 1341000 alive   854250 genomes  230577 energy   209.9 births 11734933 deaths 11728910 (10271.6s) AMD Radeon RX 9070 XT (RADV GFX1201)
tick 1342000 alive   861639 genomes  231165 energy   210.0 births 11885348 deaths 11877959 (10279.3s) AMD Radeon RX 9070 XT (RADV GFX1201)
tick 1343000 alive   859566 genomes  230516 energy   210.4 births 11925454 deaths 11927527 (10287.0s) AMD Radeon RX 9070 XT (RADV GFX1201)
tick 1344000 alive   858077 genomes  230779 energy   210.5 births 11746546 deaths 11748035 (10294.5s) AMD Radeon RX 9070 XT (RADV GFX1201)
tick 1345000 alive   856040 genomes  230395 energy   210.7 births 11712917 deaths 11714954 (10302.2s) AMD Radeon RX 9070 XT (RADV GFX1201)
tick 1346000 alive   852117 genomes  230111 energy   210.9 births 11658846 deaths 11662769 (10309.9s) AMD Radeon RX 9070 XT (RADV GFX1201)
tick 1347000 alive   845706 genomes  229478 energy   210.8 births 11573192 deaths 11579603 (10317.5s) AMD Radeon RX 9070 XT (RADV GFX1201)
tick 1348000 alive   853764 genomes  229303 energy   210.3 births 11703039 deaths 11694981 (10325.0s) AMD Radeon RX 9070 XT (RADV GFX1201)
tick 1349000 alive   855072 genomes  228929 energy   210.2 births 11773027 deaths 11771719 (10332.6s) AMD Radeon RX 9070 XT (RADV GFX1201)
tick 1350000 alive   855695 genomes  227244 energy   210.0 births 11786395 deaths 11785772 (10340.2s) AMD Radeon RX 9070 XT (RADV GFX1201)
tick 1351000 alive   858124 genomes  227508 energy   210.4 births 11855687 deaths 11853258 (10347.8s) AMD Radeon RX 9070 XT (RADV GFX1201)
tick 1352000 alive   856315 genomes  229375 energy   210.9 births 11718132 deaths 11719941 (10355.4s) AMD Radeon RX 9070 XT (RADV GFX1201)
tick 1353000 alive   854112 genomes  229641 energy   210.6 births 11706559 deaths 11708762 (10362.9s) AMD Radeon RX 9070 XT (RADV GFX1201)
tick 1354000 alive   857080 genomes  229233 energy   210.8 births 11651495 deaths 11648527 (10370.6s) AMD Radeon RX 9070 XT (RADV GFX1201)
tick 1355000 alive   850889 genomes  230560 energy   210.8 births 11617810 deaths 11624001 (10378.3s) AMD Radeon RX 9070 XT (RADV GFX1201)
tick 1356000 alive   850414 genomes  230245 energy   210.8 births 11567716 deaths 11568191 (10386.0s) AMD Radeon RX 9070 XT (RADV GFX1201)
tick 1357000 alive   856184 genomes  230316 energy   210.3 births 11731227 deaths 11725457 (10393.4s) AMD Radeon RX 9070 XT (RADV GFX1201)
tick 1358000 alive   855570 genomes  231593 energy   210.4 births 11751521 deaths 11752135 (10401.1s) AMD Radeon RX 9070 XT (RADV GFX1201)
tick 1359000 alive   851448 genomes  231683 energy   210.8 births 11686485 deaths 11690607 (10408.7s) AMD Radeon RX 9070 XT (RADV GFX1201)
tick 1360000 alive   850914 genomes  231569 energy   210.4 births 11641394 deaths 11641928 (10416.3s) AMD Radeon RX 9070 XT (RADV GFX1201)
tick 1361000 alive   851895 genomes  231110 energy   210.4 births 11634119 deaths 11633138 (10423.8s) AMD Radeon RX 9070 XT (RADV GFX1201)
tick 1362000 alive   853896 genomes  229590 energy   210.9 births 11682351 deaths 11680350 (10431.4s) AMD Radeon RX 9070 XT (RADV GFX1201)
tick 1363000 alive   853532 genomes  230312 energy   210.3 births 11667828 deaths 11668192 (10439.1s) AMD Radeon RX 9070 XT (RADV GFX1201)
tick 1364000 alive   848316 genomes  231575 energy   210.6 births 11681491 deaths 11686707 (10446.8s) AMD Radeon RX 9070 XT (RADV GFX1201)
tick 1365000 alive   842920 genomes  230401 energy   210.4 births 11555296 deaths 11560692 (10454.2s) AMD Radeon RX 9070 XT (RADV GFX1201)
tick 1366000 alive   855682 genomes  230356 energy   210.5 births 11693499 deaths 11680737 (10461.9s) AMD Radeon RX 9070 XT (RADV GFX1201)
tick 1367000 alive   850272 genomes  229927 energy   211.0 births 11598968 deaths 11604378 (10469.5s) AMD Radeon RX 9070 XT (RADV GFX1201)
tick 1368000 alive   852058 genomes  230382 energy   210.5 births 11636285 deaths 11634499 (10477.1s) AMD Radeon RX 9070 XT (RADV GFX1201)
tick 1369000 alive   853864 genomes  230648 energy   210.4 births 11624502 deaths 11622696 (10484.6s) AMD Radeon RX 9070 XT (RADV GFX1201)
tick 1370000 alive   854428 genomes  231968 energy   210.2 births 11763709 deaths 11763145 (10492.2s) AMD Radeon RX 9070 XT (RADV GFX1201)
tick 1371000 alive   847880 genomes  230864 energy   210.6 births 11600437 deaths 11606985 (10499.8s) AMD Radeon RX 9070 XT (RADV GFX1201)
tick 1372000 alive   852941 genomes  231895 energy   211.1 births 11562290 deaths 11557229 (10507.5s) AMD Radeon RX 9070 XT (RADV GFX1201)
tick 1373000 alive   848919 genomes  233845 energy   211.3 births 11535399 deaths 11539421 (10515.1s) AMD Radeon RX 9070 XT (RADV GFX1201)
tick 1374000 alive   846158 genomes  233431 energy   210.8 births 11425367 deaths 11428128 (10522.6s) AMD Radeon RX 9070 XT (RADV GFX1201)
tick 1375000 alive   846156 genomes  233572 energy   211.1 births 11427587 deaths 11427589 (10530.3s) AMD Radeon RX 9070 XT (RADV GFX1201)
tick 1376000 alive   847378 genomes  236013 energy   211.0 births 11472271 deaths 11471049 (10537.9s) AMD Radeon RX 9070 XT (RADV GFX1201)
tick 1377000 alive   845310 genomes  237296 energy   211.5 births 11320142 deaths 11322210 (10545.6s) AMD Radeon RX 9070 XT (RADV GFX1201)
tick 1378000 alive   843276 genomes  238337 energy   211.1 births 11354016 deaths 11356050 (10553.1s) AMD Radeon RX 9070 XT (RADV GFX1201)
tick 1379000 alive   846947 genomes  239794 energy   210.7 births 11447770 deaths 11444099 (10560.8s) AMD Radeon RX 9070 XT (RADV GFX1201)
tick 1380000 alive   847825 genomes  239243 energy   210.6 births 11487326 deaths 11486448 (10568.6s) AMD Radeon RX 9070 XT (RADV GFX1201)
tick 1381000 alive   844992 genomes  239411 energy   211.0 births 11504664 deaths 11507497 (10576.3s) AMD Radeon RX 9070 XT (RADV GFX1201)
tick 1382000 alive   846643 genomes  238224 energy   211.5 births 11381704 deaths 11380053 (10583.8s) AMD Radeon RX 9070 XT (RADV GFX1201)
tick 1383000 alive   841050 genomes  238628 energy   211.6 births 11265417 deaths 11271010 (10591.4s) AMD Radeon RX 9070 XT (RADV GFX1201)
tick 1384000 alive   841291 genomes  239998 energy   211.1 births 11251743 deaths 11251502 (10599.1s) AMD Radeon RX 9070 XT (RADV GFX1201)
tick 1385000 alive   842492 genomes  237217 energy   210.8 births 11369157 deaths 11367956 (10606.7s) AMD Radeon RX 9070 XT (RADV GFX1201)
tick 1386000 alive   851433 genomes  239131 energy   210.5 births 11529633 deaths 11520692 (10614.2s) AMD Radeon RX 9070 XT (RADV GFX1201)
tick 1387000 alive   846788 genomes  239392 energy   211.2 births 11505362 deaths 11510007 (10621.8s) AMD Radeon RX 9070 XT (RADV GFX1201)
tick 1388000 alive   845682 genomes  238170 energy   210.6 births 11413556 deaths 11414662 (10629.4s) AMD Radeon RX 9070 XT (RADV GFX1201)
tick 1389000 alive   850831 genomes  237020 energy   211.3 births 11503044 deaths 11497895 (10637.0s) AMD Radeon RX 9070 XT (RADV GFX1201)
tick 1390000 alive   846299 genomes  238089 energy   210.8 births 11403240 deaths 11407772 (10644.6s) AMD Radeon RX 9070 XT (RADV GFX1201)
tick 1391000 alive   846703 genomes  236813 energy   210.5 births 11506833 deaths 11506429 (10652.2s) AMD Radeon RX 9070 XT (RADV GFX1201)
tick 1392000 alive   850889 genomes  237053 energy   210.5 births 11575981 deaths 11571795 (10659.8s) AMD Radeon RX 9070 XT (RADV GFX1201)
tick 1393000 alive   853121 genomes  237400 energy   210.3 births 11663580 deaths 11661348 (10667.4s) AMD Radeon RX 9070 XT (RADV GFX1201)
tick 1394000 alive   852272 genomes  236410 energy   210.5 births 11687814 deaths 11688663 (10675.1s) AMD Radeon RX 9070 XT (RADV GFX1201)
tick 1395000 alive   852647 genomes  236016 energy   210.1 births 11701577 deaths 11701202 (10682.5s) AMD Radeon RX 9070 XT (RADV GFX1201)
tick 1396000 alive   850997 genomes  235969 energy   210.7 births 11653817 deaths 11655467 (10690.1s) AMD Radeon RX 9070 XT (RADV GFX1201)
tick 1397000 alive   855320 genomes  235620 energy   210.3 births 11641240 deaths 11636917 (10697.8s) AMD Radeon RX 9070 XT (RADV GFX1201)
tick 1398000 alive   854546 genomes  234622 energy   210.9 births 11693302 deaths 11694076 (10705.4s) AMD Radeon RX 9070 XT (RADV GFX1201)
tick 1399000 alive   854073 genomes  234119 energy   210.7 births 11662005 deaths 11662478 (10712.8s) AMD Radeon RX 9070 XT (RADV GFX1201)
tick 1400000 alive   856797 genomes  232705 energy   210.8 births 11710339 deaths 11707615 (10720.4s) AMD Radeon RX 9070 XT (RADV GFX1201)
tick 1401000 alive   860194 genomes  230920 energy   210.7 births 11763016 deaths 11759619 (10728.1s) AMD Radeon RX 9070 XT (RADV GFX1201)
tick 1402000 alive   860057 genomes  231309 energy   210.2 births 11816581 deaths 11816718 (10735.7s) AMD Radeon RX 9070 XT (RADV GFX1201)
tick 1403000 alive   860843 genomes  230240 energy   210.6 births 11860872 deaths 11860086 (10743.1s) AMD Radeon RX 9070 XT (RADV GFX1201)
tick 1404000 alive   862600 genomes  229337 energy   210.5 births 11895166 deaths 11893409 (10750.8s) AMD Radeon RX 9070 XT (RADV GFX1201)
tick 1405000 alive   862194 genomes  228624 energy   210.5 births 11909514 deaths 11909920 (10758.4s) AMD Radeon RX 9070 XT (RADV GFX1201)
tick 1406000 alive   862502 genomes  227444 energy   210.3 births 11853005 deaths 11852697 (10766.1s) AMD Radeon RX 9070 XT (RADV GFX1201)
tick 1407000 alive   859136 genomes  226440 energy   210.8 births 11825451 deaths 11828817 (10773.6s) AMD Radeon RX 9070 XT (RADV GFX1201)
tick 1408000 alive   864023 genomes  226963 energy   210.1 births 11854042 deaths 11849155 (10781.3s) AMD Radeon RX 9070 XT (RADV GFX1201)
tick 1409000 alive   856390 genomes  226857 energy   210.6 births 11825128 deaths 11832761 (10788.9s) AMD Radeon RX 9070 XT (RADV GFX1201)
tick 1410000 alive   861177 genomes  227760 energy   210.2 births 11943977 deaths 11939190 (10796.6s) AMD Radeon RX 9070 XT (RADV GFX1201)
tick 1411000 alive   863674 genomes  227843 energy   210.1 births 11951711 deaths 11949214 (10804.3s) AMD Radeon RX 9070 XT (RADV GFX1201)
tick 1412000 alive   862513 genomes  228496 energy   210.0 births 11911228 deaths 11912389 (10811.8s) AMD Radeon RX 9070 XT (RADV GFX1201)
tick 1413000 alive   863820 genomes  228423 energy   209.9 births 11960401 deaths 11959094 (10819.5s) AMD Radeon RX 9070 XT (RADV GFX1201)
tick 1414000 alive   865813 genomes  228579 energy   210.3 births 12077859 deaths 12075866 (10827.1s) AMD Radeon RX 9070 XT (RADV GFX1201)
tick 1415000 alive   860932 genomes  229367 energy   210.4 births 11910906 deaths 11915787 (10834.8s) AMD Radeon RX 9070 XT (RADV GFX1201)
tick 1416000 alive   862247 genomes  230717 energy   209.8 births 11901815 deaths 11900500 (10842.2s) AMD Radeon RX 9070 XT (RADV GFX1201)
tick 1417000 alive   857924 genomes  230415 energy   210.6 births 11915883 deaths 11920206 (10849.8s) AMD Radeon RX 9070 XT (RADV GFX1201)
tick 1418000 alive   855368 genomes  230456 energy   210.3 births 11766067 deaths 11768623 (10857.5s) AMD Radeon RX 9070 XT (RADV GFX1201)
tick 1419000 alive   853695 genomes  230929 energy   210.7 births 11691798 deaths 11693471 (10865.1s) AMD Radeon RX 9070 XT (RADV GFX1201)
tick 1420000 alive   854263 genomes  232043 energy   210.2 births 11744467 deaths 11743899 (10872.6s) AMD Radeon RX 9070 XT (RADV GFX1201)
tick 1421000 alive   856833 genomes  231322 energy   210.6 births 11804070 deaths 11801500 (10880.2s) AMD Radeon RX 9070 XT (RADV GFX1201)
tick 1422000 alive   858807 genomes  230697 energy   210.1 births 11851543 deaths 11849569 (10887.8s) AMD Radeon RX 9070 XT (RADV GFX1201)
tick 1423000 alive   857606 genomes  230217 energy   210.1 births 11882992 deaths 11884193 (10895.4s) AMD Radeon RX 9070 XT (RADV GFX1201)
tick 1424000 alive   853736 genomes  230866 energy   209.8 births 11873929 deaths 11877799 (10902.9s) AMD Radeon RX 9070 XT (RADV GFX1201)
tick 1425000 alive   856091 genomes  230944 energy   209.9 births 11923816 deaths 11921461 (10910.5s) AMD Radeon RX 9070 XT (RADV GFX1201)
tick 1426000 alive   859903 genomes  229922 energy   209.7 births 11964914 deaths 11961102 (10918.1s) AMD Radeon RX 9070 XT (RADV GFX1201)
tick 1427000 alive   860086 genomes  230317 energy   209.6 births 11932380 deaths 11932197 (10925.7s) AMD Radeon RX 9070 XT (RADV GFX1201)
tick 1428000 alive   861502 genomes  231396 energy   209.9 births 11935959 deaths 11934543 (10933.2s) AMD Radeon RX 9070 XT (RADV GFX1201)
tick 1429000 alive   851783 genomes  231498 energy   210.6 births 11670143 deaths 11679862 (10940.8s) AMD Radeon RX 9070 XT (RADV GFX1201)
tick 1430000 alive   852060 genomes  231646 energy   210.2 births 11647820 deaths 11647543 (10948.5s) AMD Radeon RX 9070 XT (RADV GFX1201)
tick 1431000 alive   855547 genomes  231471 energy   210.7 births 11712709 deaths 11709222 (10956.2s) AMD Radeon RX 9070 XT (RADV GFX1201)
tick 1432000 alive   853885 genomes  230893 energy   210.3 births 11694982 deaths 11696644 (10963.8s) AMD Radeon RX 9070 XT (RADV GFX1201)
tick 1433000 alive   852970 genomes  229684 energy   210.5 births 11697720 deaths 11698635 (10971.3s) AMD Radeon RX 9070 XT (RADV GFX1201)
tick 1434000 alive   858898 genomes  230383 energy   210.4 births 11788289 deaths 11782361 (10978.9s) AMD Radeon RX 9070 XT (RADV GFX1201)
tick 1435000 alive   854822 genomes  229486 energy   210.6 births 11747397 deaths 11751473 (10986.5s) AMD Radeon RX 9070 XT (RADV GFX1201)
tick 1436000 alive   859080 genomes  229532 energy   209.8 births 11785414 deaths 11781156 (10994.1s) AMD Radeon RX 9070 XT (RADV GFX1201)
tick 1437000 alive   861762 genomes  227786 energy   210.1 births 11995181 deaths 11992499 (11001.6s) AMD Radeon RX 9070 XT (RADV GFX1201)
tick 1438000 alive   861465 genomes  226413 energy   209.4 births 11990376 deaths 11990673 (11009.2s) AMD Radeon RX 9070 XT (RADV GFX1201)
tick 1439000 alive   863737 genomes  228751 energy   209.8 births 11977236 deaths 11974964 (11016.9s) AMD Radeon RX 9070 XT (RADV GFX1201)
tick 1440000 alive   857776 genomes  229839 energy   210.6 births 11914148 deaths 11920109 (11024.5s) AMD Radeon RX 9070 XT (RADV GFX1201)
tick 1441000 alive   857219 genomes  229642 energy   209.8 births 11871461 deaths 11872018 (11032.0s) AMD Radeon RX 9070 XT (RADV GFX1201)
tick 1442000 alive   861733 genomes  230982 energy   209.6 births 11938616 deaths 11934102 (11039.6s) AMD Radeon RX 9070 XT (RADV GFX1201)
tick 1443000 alive   856684 genomes  230749 energy   210.0 births 11875096 deaths 11880145 (11047.2s) AMD Radeon RX 9070 XT (RADV GFX1201)
tick 1444000 alive   863108 genomes  230061 energy   210.4 births 11907835 deaths 11901411 (11054.8s) AMD Radeon RX 9070 XT (RADV GFX1201)
tick 1445000 alive   857479 genomes  231738 energy   210.8 births 11801258 deaths 11806887 (11062.2s) AMD Radeon RX 9070 XT (RADV GFX1201)
tick 1446000 alive   853066 genomes  231991 energy   210.5 births 11645256 deaths 11649669 (11069.9s) AMD Radeon RX 9070 XT (RADV GFX1201)
tick 1447000 alive   860529 genomes  230796 energy   209.9 births 11785408 deaths 11777945 (11077.5s) AMD Radeon RX 9070 XT (RADV GFX1201)
tick 1448000 alive   863399 genomes  230798 energy   210.3 births 11971734 deaths 11968864 (11085.2s) AMD Radeon RX 9070 XT (RADV GFX1201)
tick 1449000 alive   856854 genomes  230671 energy   210.8 births 11768822 deaths 11775367 (11092.8s) AMD Radeon RX 9070 XT (RADV GFX1201)
tick 1450000 alive   854972 genomes  231424 energy   210.4 births 11697292 deaths 11699174 (11100.3s) AMD Radeon RX 9070 XT (RADV GFX1201)
tick 1451000 alive   857355 genomes  231560 energy   210.7 births 11767132 deaths 11764749 (11108.0s) AMD Radeon RX 9070 XT (RADV GFX1201)
tick 1452000 alive   854625 genomes  230384 energy   210.9 births 11731027 deaths 11733757 (11115.6s) AMD Radeon RX 9070 XT (RADV GFX1201)
tick 1453000 alive   850596 genomes  230732 energy   210.6 births 11594717 deaths 11598746 (11123.2s) AMD Radeon RX 9070 XT (RADV GFX1201)
tick 1454000 alive   854974 genomes  230658 energy   210.0 births 11718345 deaths 11713967 (11130.6s) AMD Radeon RX 9070 XT (RADV GFX1201)
tick 1455000 alive   860862 genomes  233130 energy   209.9 births 11857943 deaths 11852055 (11138.2s) AMD Radeon RX 9070 XT (RADV GFX1201)
tick 1456000 alive   858109 genomes  231373 energy   209.8 births 11955814 deaths 11958567 (11145.9s) AMD Radeon RX 9070 XT (RADV GFX1201)
tick 1457000 alive   856802 genomes  230929 energy   210.4 births 11867121 deaths 11868428 (11153.5s) AMD Radeon RX 9070 XT (RADV GFX1201)
tick 1458000 alive   853011 genomes  232422 energy   210.1 births 11740000 deaths 11743791 (11160.9s) AMD Radeon RX 9070 XT (RADV GFX1201)
tick 1459000 alive   859928 genomes  230410 energy   209.6 births 11868427 deaths 11861510 (11168.5s) AMD Radeon RX 9070 XT (RADV GFX1201)
tick 1460000 alive   860746 genomes  228694 energy   209.7 births 11992688 deaths 11991870 (11176.2s) AMD Radeon RX 9070 XT (RADV GFX1201)
tick 1461000 alive   859052 genomes  228764 energy   210.1 births 11942536 deaths 11944230 (11183.8s) AMD Radeon RX 9070 XT (RADV GFX1201)
tick 1462000 alive   860737 genomes  230367 energy   210.6 births 11886136 deaths 11884451 (11191.3s) AMD Radeon RX 9070 XT (RADV GFX1201)
tick 1463000 alive   853123 genomes  230459 energy   210.8 births 11768389 deaths 11776003 (11198.9s) AMD Radeon RX 9070 XT (RADV GFX1201)
tick 1464000 alive   853415 genomes  231703 energy   210.8 births 11659251 deaths 11658959 (11206.6s) AMD Radeon RX 9070 XT (RADV GFX1201)
tick 1465000 alive   850811 genomes  234369 energy   211.0 births 11579722 deaths 11582326 (11214.3s) AMD Radeon RX 9070 XT (RADV GFX1201)
tick 1466000 alive   846273 genomes  234178 energy   210.8 births 11476416 deaths 11480954 (11221.7s) AMD Radeon RX 9070 XT (RADV GFX1201)
tick 1467000 alive   853669 genomes  233541 energy   210.5 births 11565561 deaths 11558165 (11229.4s) AMD Radeon RX 9070 XT (RADV GFX1201)
tick 1468000 alive   852337 genomes  232930 energy   211.0 births 11585224 deaths 11586556 (11237.0s) AMD Radeon RX 9070 XT (RADV GFX1201)
tick 1469000 alive   844884 genomes  231873 energy   211.0 births 11502637 deaths 11510090 (11244.6s) AMD Radeon RX 9070 XT (RADV GFX1201)
tick 1470000 alive   852291 genomes  231314 energy   210.9 births 11517403 deaths 11509996 (11252.3s) AMD Radeon RX 9070 XT (RADV GFX1201)
tick 1471000 alive   851377 genomes  233179 energy   210.9 births 11563720 deaths 11564634 (11259.8s) AMD Radeon RX 9070 XT (RADV GFX1201)
tick 1472000 alive   850040 genomes  235159 energy   210.8 births 11569007 deaths 11570344 (11267.5s) AMD Radeon RX 9070 XT (RADV GFX1201)
tick 1473000 alive   851850 genomes  233497 energy   210.7 births 11569074 deaths 11567264 (11275.1s) AMD Radeon RX 9070 XT (RADV GFX1201)
tick 1474000 alive   853022 genomes  232431 energy   210.4 births 11670056 deaths 11668884 (11282.8s) AMD Radeon RX 9070 XT (RADV GFX1201)
tick 1475000 alive   857439 genomes  233244 energy   210.8 births 11709941 deaths 11705524 (11290.2s) AMD Radeon RX 9070 XT (RADV GFX1201)
tick 1476000 alive   857245 genomes  235987 energy   210.9 births 11665035 deaths 11665229 (11297.8s) AMD Radeon RX 9070 XT (RADV GFX1201)
tick 1477000 alive   847544 genomes  234609 energy   211.1 births 11552618 deaths 11562319 (11305.5s) AMD Radeon RX 9070 XT (RADV GFX1201)
tick 1478000 alive   851640 genomes  234328 energy   210.5 births 11550289 deaths 11546193 (11313.1s) AMD Radeon RX 9070 XT (RADV GFX1201)
tick 1479000 alive   855665 genomes  236388 energy   211.0 births 11678483 deaths 11674458 (11320.5s) AMD Radeon RX 9070 XT (RADV GFX1201)
tick 1480000 alive   847380 genomes  235095 energy   211.1 births 11505850 deaths 11514135 (11328.2s) AMD Radeon RX 9070 XT (RADV GFX1201)
tick 1481000 alive   851292 genomes  233681 energy   210.8 births 11547637 deaths 11543725 (11335.9s) AMD Radeon RX 9070 XT (RADV GFX1201)
tick 1482000 alive   854254 genomes  232986 energy   210.4 births 11685810 deaths 11682848 (11343.5s) AMD Radeon RX 9070 XT (RADV GFX1201)
tick 1483000 alive   855995 genomes  231945 energy   210.6 births 11730796 deaths 11729055 (11351.0s) AMD Radeon RX 9070 XT (RADV GFX1201)
tick 1484000 alive   858942 genomes  231863 energy   210.3 births 11797164 deaths 11794217 (11358.7s) AMD Radeon RX 9070 XT (RADV GFX1201)
tick 1485000 alive   859509 genomes  231948 energy   210.3 births 11848995 deaths 11848428 (11366.3s) AMD Radeon RX 9070 XT (RADV GFX1201)
tick 1486000 alive   863629 genomes  231440 energy   210.4 births 11816048 deaths 11811928 (11374.0s) AMD Radeon RX 9070 XT (RADV GFX1201)
tick 1487000 alive   858090 genomes  233771 energy   210.4 births 11809254 deaths 11814793 (11381.6s) AMD Radeon RX 9070 XT (RADV GFX1201)
tick 1488000 alive   852865 genomes  233450 energy   210.4 births 11717753 deaths 11722978 (11389.2s) AMD Radeon RX 9070 XT (RADV GFX1201)
tick 1489000 alive   853751 genomes  231309 energy   210.1 births 11768101 deaths 11767215 (11396.9s) AMD Radeon RX 9070 XT (RADV GFX1201)
tick 1490000 alive   860482 genomes  232124 energy   210.4 births 11859907 deaths 11853176 (11404.6s) AMD Radeon RX 9070 XT (RADV GFX1201)
tick 1491000 alive   855035 genomes  234334 energy   210.5 births 11712765 deaths 11718212 (11412.2s) AMD Radeon RX 9070 XT (RADV GFX1201)
tick 1492000 alive   850151 genomes  233352 energy   210.7 births 11600110 deaths 11604994 (11419.7s) AMD Radeon RX 9070 XT (RADV GFX1201)
tick 1493000 alive   858258 genomes  233239 energy   210.4 births 11700640 deaths 11692533 (11427.5s) AMD Radeon RX 9070 XT (RADV GFX1201)
tick 1494000 alive   854299 genomes  234042 energy   210.2 births 11714981 deaths 11718940 (11435.2s) AMD Radeon RX 9070 XT (RADV GFX1201)
tick 1495000 alive   856711 genomes  232772 energy   210.4 births 11754058 deaths 11751646 (11442.9s) AMD Radeon RX 9070 XT (RADV GFX1201)
tick 1496000 alive   860227 genomes  231741 energy   210.2 births 11876398 deaths 11872882 (11450.4s) AMD Radeon RX 9070 XT (RADV GFX1201)
tick 1497000 alive   860736 genomes  228501 energy   210.4 births 11826606 deaths 11826097 (11458.0s) AMD Radeon RX 9070 XT (RADV GFX1201)
tick 1498000 alive   860428 genomes  229914 energy   210.8 births 11794992 deaths 11795300 (11465.7s) AMD Radeon RX 9070 XT (RADV GFX1201)
tick 1499000 alive   861025 genomes  231049 energy   210.7 births 11758625 deaths 11758028 (11473.3s) AMD Radeon RX 9070 XT (RADV GFX1201)
tick 1500000 alive   857116 genomes  231822 energy   210.5 births 11814685 deaths 11818594 (11480.8s) AMD Radeon RX 9070 XT (RADV GFX1201)
tick 1501000 alive   853208 genomes  233557 energy   210.8 births 11706056 deaths 11709964 (11488.4s) AMD Radeon RX 9070 XT (RADV GFX1201)
tick 1502000 alive   852220 genomes  233901 energy   211.2 births 11569153 deaths 11570141 (11496.0s) AMD Radeon RX 9070 XT (RADV GFX1201)
tick 1503000 alive   852077 genomes  235309 energy   211.0 births 11501244 deaths 11501387 (11503.6s) AMD Radeon RX 9070 XT (RADV GFX1201)
tick 1504000 alive   848754 genomes  235203 energy   211.1 births 11527742 deaths 11531065 (11511.0s) AMD Radeon RX 9070 XT (RADV GFX1201)
tick 1505000 alive   850490 genomes  233923 energy   210.5 births 11525306 deaths 11523570 (11518.7s) AMD Radeon RX 9070 XT (RADV GFX1201)
tick 1506000 alive   855867 genomes  233529 energy   210.4 births 11680295 deaths 11674918 (11526.3s) AMD Radeon RX 9070 XT (RADV GFX1201)
tick 1507000 alive   849450 genomes  233536 energy   211.2 births 11597021 deaths 11603438 (11534.0s) AMD Radeon RX 9070 XT (RADV GFX1201)
tick 1508000 alive   853132 genomes  232897 energy   210.6 births 11567679 deaths 11563997 (11541.7s) AMD Radeon RX 9070 XT (RADV GFX1201)
tick 1509000 alive   854598 genomes  230676 energy   210.3 births 11751868 deaths 11750402 (11549.2s) AMD Radeon RX 9070 XT (RADV GFX1201)
tick 1510000 alive   852031 genomes  229819 energy   210.4 births 11837681 deaths 11840248 (11556.8s) AMD Radeon RX 9070 XT (RADV GFX1201)
tick 1511000 alive   856594 genomes  229666 energy   210.5 births 11794331 deaths 11789768 (11564.5s) AMD Radeon RX 9070 XT (RADV GFX1201)
tick 1512000 alive   859237 genomes  227802 energy   209.9 births 11873171 deaths 11870528 (11572.2s) AMD Radeon RX 9070 XT (RADV GFX1201)
tick 1513000 alive   860062 genomes  228415 energy   210.5 births 11870932 deaths 11870107 (11579.6s) AMD Radeon RX 9070 XT (RADV GFX1201)
tick 1514000 alive   863042 genomes  228937 energy   210.0 births 11932433 deaths 11929453 (11587.3s) AMD Radeon RX 9070 XT (RADV GFX1201)
tick 1515000 alive   861470 genomes  228741 energy   210.2 births 12037310 deaths 12038882 (11595.0s) AMD Radeon RX 9070 XT (RADV GFX1201)
tick 1516000 alive   860591 genomes  228570 energy   209.7 births 11971654 deaths 11972533 (11602.6s) AMD Radeon RX 9070 XT (RADV GFX1201)
tick 1517000 alive   857669 genomes  228776 energy   210.3 births 11889721 deaths 11892643 (11610.1s) AMD Radeon RX 9070 XT (RADV GFX1201)
tick 1518000 alive   860699 genomes  229193 energy   210.0 births 11923567 deaths 11920537 (11617.7s) AMD Radeon RX 9070 XT (RADV GFX1201)
tick 1519000 alive   862181 genomes  227990 energy   210.4 births 11936297 deaths 11934815 (11625.3s) AMD Radeon RX 9070 XT (RADV GFX1201)
tick 1520000 alive   857856 genomes  230065 energy   210.4 births 11837663 deaths 11841988 (11632.9s) AMD Radeon RX 9070 XT (RADV GFX1201)
tick 1521000 alive   857712 genomes  231589 energy   210.2 births 11770542 deaths 11770686 (11640.4s) AMD Radeon RX 9070 XT (RADV GFX1201)
tick 1522000 alive   855051 genomes  230229 energy   210.6 births 11784150 deaths 11786811 (11648.0s) AMD Radeon RX 9070 XT (RADV GFX1201)
tick 1523000 alive   856128 genomes  230934 energy   209.9 births 11801126 deaths 11800049 (11655.7s) AMD Radeon RX 9070 XT (RADV GFX1201)
tick 1524000 alive   861697 genomes  230709 energy   210.0 births 11943537 deaths 11937968 (11663.3s) AMD Radeon RX 9070 XT (RADV GFX1201)
tick 1525000 alive   857542 genomes  229699 energy   209.9 births 11880731 deaths 11884886 (11670.9s) AMD Radeon RX 9070 XT (RADV GFX1201)
tick 1526000 alive   862910 genomes  229768 energy   209.9 births 11938933 deaths 11933565 (11678.5s) AMD Radeon RX 9070 XT (RADV GFX1201)
tick 1527000 alive   859828 genomes  231822 energy   209.7 births 11939385 deaths 11942467 (11686.2s) AMD Radeon RX 9070 XT (RADV GFX1201)
tick 1528000 alive   856618 genomes  230884 energy   209.5 births 11926017 deaths 11929227 (11693.9s) AMD Radeon RX 9070 XT (RADV GFX1201)
tick 1529000 alive   859042 genomes  231550 energy   210.5 births 11862252 deaths 11859828 (11701.5s) AMD Radeon RX 9070 XT (RADV GFX1201)
tick 1530000 alive   854035 genomes  233627 energy   210.9 births 11687090 deaths 11692097 (11709.1s) AMD Radeon RX 9070 XT (RADV GFX1201)
tick 1531000 alive   851180 genomes  233332 energy   210.7 births 11670934 deaths 11673789 (11716.8s) AMD Radeon RX 9070 XT (RADV GFX1201)
tick 1532000 alive   853354 genomes  232553 energy   209.9 births 11773076 deaths 11770902 (11724.4s) AMD Radeon RX 9070 XT (RADV GFX1201)
tick 1533000 alive   856926 genomes  232980 energy   210.7 births 11851956 deaths 11848384 (11732.1s) AMD Radeon RX 9070 XT (RADV GFX1201)
tick 1534000 alive   848102 genomes  235115 energy   210.6 births 11704210 deaths 11713034 (11739.6s) AMD Radeon RX 9070 XT (RADV GFX1201)
tick 1535000 alive   847295 genomes  235049 energy   210.0 births 11554747 deaths 11555554 (11747.3s) AMD Radeon RX 9070 XT (RADV GFX1201)
tick 1536000 alive   849778 genomes  234811 energy   210.7 births 11585709 deaths 11583226 (11754.9s) AMD Radeon RX 9070 XT (RADV GFX1201)
tick 1537000 alive   855023 genomes  234593 energy   210.4 births 11687180 deaths 11681935 (11762.5s) AMD Radeon RX 9070 XT (RADV GFX1201)
tick 1538000 alive   851675 genomes  233112 energy   210.1 births 11698104 deaths 11701452 (11770.0s) AMD Radeon RX 9070 XT (RADV GFX1201)
tick 1539000 alive   858005 genomes  233411 energy   210.4 births 11745130 deaths 11738800 (11777.6s) AMD Radeon RX 9070 XT (RADV GFX1201)
tick 1540000 alive   858418 genomes  233655 energy   210.5 births 11762817 deaths 11762404 (11785.2s) AMD Radeon RX 9070 XT (RADV GFX1201)
tick 1541000 alive   850034 genomes  231835 energy   210.6 births 11647715 deaths 11656099 (11792.9s) AMD Radeon RX 9070 XT (RADV GFX1201)
tick 1542000 alive   853707 genomes  231327 energy   210.4 births 11618622 deaths 11614949 (11800.3s) AMD Radeon RX 9070 XT (RADV GFX1201)
tick 1543000 alive   853798 genomes  231014 energy   210.6 births 11715860 deaths 11715769 (11807.9s) AMD Radeon RX 9070 XT (RADV GFX1201)
tick 1544000 alive   857394 genomes  230255 energy   210.1 births 11738045 deaths 11734449 (11815.6s) AMD Radeon RX 9070 XT (RADV GFX1201)
tick 1545000 alive   856427 genomes  232369 energy   210.8 births 11755216 deaths 11756183 (11823.3s) AMD Radeon RX 9070 XT (RADV GFX1201)
tick 1546000 alive   847977 genomes  231512 energy   210.6 births 11568631 deaths 11577081 (11830.9s) AMD Radeon RX 9070 XT (RADV GFX1201)
tick 1547000 alive   851159 genomes  230313 energy   210.2 births 11625409 deaths 11622227 (11838.4s) AMD Radeon RX 9070 XT (RADV GFX1201)
tick 1548000 alive   856217 genomes  230474 energy   210.8 births 11640718 deaths 11635660 (11846.0s) AMD Radeon RX 9070 XT (RADV GFX1201)
tick 1549000 alive   856699 genomes  232672 energy   211.4 births 11628210 deaths 11627728 (11853.7s) AMD Radeon RX 9070 XT (RADV GFX1201)
tick 1550000 alive   847177 genomes  232744 energy   211.1 births 11463648 deaths 11473170 (11861.3s) AMD Radeon RX 9070 XT (RADV GFX1201)
tick 1551000 alive   848544 genomes  233094 energy   210.5 births 11553230 deaths 11551863 (11868.8s) AMD Radeon RX 9070 XT (RADV GFX1201)
tick 1552000 alive   852000 genomes  233260 energy   210.3 births 11656321 deaths 11652865 (11876.4s) AMD Radeon RX 9070 XT (RADV GFX1201)
tick 1553000 alive   850942 genomes  232487 energy   210.5 births 11654391 deaths 11655449 (11884.1s) AMD Radeon RX 9070 XT (RADV GFX1201)
tick 1554000 alive   853328 genomes  229347 energy   210.6 births 11640622 deaths 11638236 (11891.7s) AMD Radeon RX 9070 XT (RADV GFX1201)
tick 1555000 alive   851838 genomes  229889 energy   210.6 births 11653844 deaths 11655334 (11899.2s) AMD Radeon RX 9070 XT (RADV GFX1201)
tick 1556000 alive   850996 genomes  231569 energy   210.6 births 11583688 deaths 11584530 (11906.8s) AMD Radeon RX 9070 XT (RADV GFX1201)
tick 1557000 alive   851644 genomes  231973 energy   210.6 births 11606745 deaths 11606097 (11914.4s) AMD Radeon RX 9070 XT (RADV GFX1201)
tick 1558000 alive   850154 genomes  233054 energy   210.9 births 11571164 deaths 11572654 (11922.0s) AMD Radeon RX 9070 XT (RADV GFX1201)
tick 1559000 alive   851092 genomes  232849 energy   210.3 births 11632954 deaths 11632016 (11929.5s) AMD Radeon RX 9070 XT (RADV GFX1201)
tick 1560000 alive   850698 genomes  231219 energy   210.4 births 11662062 deaths 11662456 (11937.2s) AMD Radeon RX 9070 XT (RADV GFX1201)
tick 1561000 alive   856955 genomes  231351 energy   210.2 births 11775177 deaths 11768920 (11944.9s) AMD Radeon RX 9070 XT (RADV GFX1201)
tick 1562000 alive   859236 genomes  230039 energy   210.2 births 11857268 deaths 11854987 (11952.5s) AMD Radeon RX 9070 XT (RADV GFX1201)
tick 1563000 alive   856567 genomes  230215 energy   210.6 births 11797564 deaths 11800233 (11960.0s) AMD Radeon RX 9070 XT (RADV GFX1201)
tick 1564000 alive   858226 genomes  231337 energy   210.3 births 11838040 deaths 11836381 (11967.7s) AMD Radeon RX 9070 XT (RADV GFX1201)
tick 1565000 alive   854486 genomes  230195 energy   210.8 births 11766935 deaths 11770675 (11975.4s) AMD Radeon RX 9070 XT (RADV GFX1201)
tick 1566000 alive   851806 genomes  229598 energy   210.8 births 11671866 deaths 11674546 (11983.0s) AMD Radeon RX 9070 XT (RADV GFX1201)
tick 1567000 alive   857678 genomes  230074 energy   209.7 births 11779458 deaths 11773586 (11990.7s) AMD Radeon RX 9070 XT (RADV GFX1201)
tick 1568000 alive   856127 genomes  228763 energy   210.6 births 11803356 deaths 11804907 (11998.2s) AMD Radeon RX 9070 XT (RADV GFX1201)
tick 1569000 alive   856555 genomes  230492 energy   209.9 births 11795240 deaths 11794812 (12005.8s) AMD Radeon RX 9070 XT (RADV GFX1201)
tick 1570000 alive   854774 genomes  229995 energy   209.3 births 11916143 deaths 11917924 (12013.4s) AMD Radeon RX 9070 XT (RADV GFX1201)
tick 1571000 alive   862134 genomes  230325 energy   209.8 births 12026967 deaths 12019607 (12021.0s) AMD Radeon RX 9070 XT (RADV GFX1201)
tick 1572000 alive   858025 genomes  228676 energy   209.9 births 11936435 deaths 11940544 (12028.5s) AMD Radeon RX 9070 XT (RADV GFX1201)
tick 1573000 alive   859955 genomes  228665 energy   209.9 births 11886033 deaths 11884103 (12036.1s) AMD Radeon RX 9070 XT (RADV GFX1201)
tick 1574000 alive   860967 genomes  228705 energy   209.9 births 11900133 deaths 11899121 (12043.8s) AMD Radeon RX 9070 XT (RADV GFX1201)
tick 1575000 alive   857160 genomes  228229 energy   210.4 births 11871268 deaths 11875075 (12051.5s) AMD Radeon RX 9070 XT (RADV GFX1201)
tick 1576000 alive   857014 genomes  228561 energy   210.7 births 11729594 deaths 11729740 (12059.0s) AMD Radeon RX 9070 XT (RADV GFX1201)
tick 1577000 alive   855744 genomes  229944 energy   210.9 births 11662678 deaths 11663948 (12066.6s) AMD Radeon RX 9070 XT (RADV GFX1201)
tick 1578000 alive   851607 genomes  229608 energy   210.6 births 11565044 deaths 11569181 (12074.2s) AMD Radeon RX 9070 XT (RADV GFX1201)
tick 1579000 alive   858077 genomes  230745 energy   210.3 births 11729942 deaths 11723472 (12081.8s) AMD Radeon RX 9070 XT (RADV GFX1201)
tick 1580000 alive   855553 genomes  230207 energy   210.5 births 11767689 deaths 11770213 (12089.3s) AMD Radeon RX 9070 XT (RADV GFX1201)
tick 1581000 alive   856514 genomes  232017 energy   210.9 births 11674931 deaths 11673970 (12097.0s) AMD Radeon RX 9070 XT (RADV GFX1201)
tick 1582000 alive   850649 genomes  232867 energy   211.2 births 11556492 deaths 11562357 (12104.6s) AMD Radeon RX 9070 XT (RADV GFX1201)
tick 1583000 alive   848100 genomes  232668 energy   211.1 births 11482887 deaths 11485436 (12112.3s) AMD Radeon RX 9070 XT (RADV GFX1201)
tick 1584000 alive   850708 genomes  233333 energy   211.3 births 11452819 deaths 11450211 (12119.9s) AMD Radeon RX 9070 XT (RADV GFX1201)
tick 1585000 alive   849005 genomes  233394 energy   211.2 births 11426238 deaths 11427941 (12127.5s) AMD Radeon RX 9070 XT (RADV GFX1201)
tick 1586000 alive   842633 genomes  233009 energy   210.9 births 11397315 deaths 11403687 (12135.1s) AMD Radeon RX 9070 XT (RADV GFX1201)
tick 1587000 alive   850783 genomes  234423 energy   210.7 births 11483971 deaths 11475821 (12142.8s) AMD Radeon RX 9070 XT (RADV GFX1201)
tick 1588000 alive   848080 genomes  233924 energy   211.0 births 11478074 deaths 11480777 (12150.5s) AMD Radeon RX 9070 XT (RADV GFX1201)
tick 1589000 alive   849052 genomes  233451 energy   210.5 births 11474596 deaths 11473624 (12158.0s) AMD Radeon RX 9070 XT (RADV GFX1201)
tick 1590000 alive   849402 genomes  234162 energy   210.7 births 11536311 deaths 11535961 (12165.6s) AMD Radeon RX 9070 XT (RADV GFX1201)
tick 1591000 alive   851400 genomes  233118 energy   210.9 births 11512648 deaths 11510650 (12173.3s) AMD Radeon RX 9070 XT (RADV GFX1201)
tick 1592000 alive   854286 genomes  233529 energy   210.8 births 11578214 deaths 11575328 (12180.9s) AMD Radeon RX 9070 XT (RADV GFX1201)
tick 1593000 alive   846891 genomes  234052 energy   211.0 births 11503949 deaths 11511344 (12188.4s) AMD Radeon RX 9070 XT (RADV GFX1201)
tick 1594000 alive   852250 genomes  232732 energy   210.6 births 11563723 deaths 11558364 (12196.0s) AMD Radeon RX 9070 XT (RADV GFX1201)
tick 1595000 alive   853513 genomes  232141 energy   210.2 births 11726003 deaths 11724740 (12203.6s) AMD Radeon RX 9070 XT (RADV GFX1201)
tick 1596000 alive   857266 genomes  232000 energy   210.6 births 11786422 deaths 11782669 (12211.2s) AMD Radeon RX 9070 XT (RADV GFX1201)
tick 1597000 alive   852952 genomes  230959 energy   211.0 births 11730592 deaths 11734906 (12218.7s) AMD Radeon RX 9070 XT (RADV GFX1201)
tick 1598000 alive   858806 genomes  232180 energy   210.5 births 11734099 deaths 11728245 (12226.3s) AMD Radeon RX 9070 XT (RADV GFX1201)
tick 1599000 alive   850904 genomes  229966 energy   210.9 births 11622509 deaths 11630411 (12234.0s) AMD Radeon RX 9070 XT (RADV GFX1201)
tick 1600000 alive   851467 genomes  232675 energy   210.8 births 11595365 deaths 11594802 (12241.7s) AMD Radeon RX 9070 XT (RADV GFX1201)
tick 1601000 alive   854587 genomes  232243 energy   210.4 births 11586893 deaths 11583773 (12249.2s) AMD Radeon RX 9070 XT (RADV GFX1201)
tick 1602000 alive   849396 genomes  233634 energy   211.0 births 11587067 deaths 11592258 (12256.8s) AMD Radeon RX 9070 XT (RADV GFX1201)
tick 1603000 alive   853153 genomes  233211 energy   210.4 births 11599535 deaths 11595778 (12264.5s) AMD Radeon RX 9070 XT (RADV GFX1201)
tick 1604000 alive   851813 genomes  234102 energy   210.9 births 11615142 deaths 11616482 (12272.1s) AMD Radeon RX 9070 XT (RADV GFX1201)
tick 1605000 alive   852018 genomes  234420 energy   210.7 births 11594096 deaths 11593891 (12279.8s) AMD Radeon RX 9070 XT (RADV GFX1201)
tick 1606000 alive   856379 genomes  231396 energy   210.6 births 11708218 deaths 11703857 (12287.4s) AMD Radeon RX 9070 XT (RADV GFX1201)
tick 1607000 alive   859498 genomes  231848 energy   210.4 births 11787080 deaths 11783961 (12295.1s) AMD Radeon RX 9070 XT (RADV GFX1201)
tick 1608000 alive   857442 genomes  231466 energy   210.6 births 11763432 deaths 11765488 (12302.9s) AMD Radeon RX 9070 XT (RADV GFX1201)
tick 1609000 alive   856658 genomes  230361 energy   210.2 births 11823137 deaths 11823921 (12310.6s) AMD Radeon RX 9070 XT (RADV GFX1201)
tick 1610000 alive   860828 genomes  230833 energy   209.9 births 11893063 deaths 11888893 (12318.1s) AMD Radeon RX 9070 XT (RADV GFX1201)
tick 1611000 alive   861836 genomes  231322 energy   209.6 births 12018871 deaths 12017863 (12325.7s) AMD Radeon RX 9070 XT (RADV GFX1201)
tick 1612000 alive   858073 genomes  231357 energy   210.3 births 11936343 deaths 11940106 (12333.4s) AMD Radeon RX 9070 XT (RADV GFX1201)
tick 1613000 alive   856572 genomes  234043 energy   210.1 births 11903452 deaths 11904953 (12341.1s) AMD Radeon RX 9070 XT (RADV GFX1201)
tick 1614000 alive   851978 genomes  234622 energy   210.4 births 11724514 deaths 11729108 (12348.6s) AMD Radeon RX 9070 XT (RADV GFX1201)
tick 1615000 alive   850526 genomes  235574 energy   210.2 births 11667003 deaths 11668455 (12356.3s) AMD Radeon RX 9070 XT (RADV GFX1201)
tick 1616000 alive   852058 genomes  235332 energy   211.1 births 11625262 deaths 11623730 (12363.9s) AMD Radeon RX 9070 XT (RADV GFX1201)
tick 1617000 alive   853125 genomes  234453 energy   210.9 births 11662628 deaths 11661561 (12371.6s) AMD Radeon RX 9070 XT (RADV GFX1201)
tick 1618000 alive   855519 genomes  234293 energy   211.0 births 11637680 deaths 11635286 (12379.1s) AMD Radeon RX 9070 XT (RADV GFX1201)
tick 1619000 alive   855669 genomes  233924 energy   211.1 births 11663793 deaths 11663643 (12386.8s) AMD Radeon RX 9070 XT (RADV GFX1201)
tick 1620000 alive   850390 genomes  232552 energy   210.4 births 11517649 deaths 11522928 (12394.5s) AMD Radeon RX 9070 XT (RADV GFX1201)
tick 1621000 alive   855557 genomes  233133 energy   210.0 births 11752448 deaths 11747281 (12402.2s) AMD Radeon RX 9070 XT (RADV GFX1201)
tick 1622000 alive   858611 genomes  230310 energy   210.1 births 11868375 deaths 11865321 (12409.8s) AMD Radeon RX 9070 XT (RADV GFX1201)
tick 1623000 alive   858376 genomes  229685 energy   210.7 births 11841135 deaths 11841370 (12417.3s) AMD Radeon RX 9070 XT (RADV GFX1201)
tick 1624000 alive   858484 genomes  229496 energy   210.7 births 11822814 deaths 11822706 (12424.9s) AMD Radeon RX 9070 XT (RADV GFX1201)
tick 1625000 alive   861970 genomes  227745 energy   210.3 births 11803336 deaths 11799850 (12432.6s) AMD Radeon RX 9070 XT (RADV GFX1201)
tick 1626000 alive   858259 genomes  228836 energy   210.8 births 11794495 deaths 11798206 (12440.1s) AMD Radeon RX 9070 XT (RADV GFX1201)
tick 1627000 alive   855837 genomes  229128 energy   210.5 births 11684148 deaths 11686570 (12447.5s) AMD Radeon RX 9070 XT (RADV GFX1201)
tick 1628000 alive   857324 genomes  229539 energy   210.8 births 11745866 deaths 11744379 (12455.1s) AMD Radeon RX 9070 XT (RADV GFX1201)
tick 1629000 alive   858915 genomes  229687 energy   210.6 births 11738639 deaths 11737048 (12462.8s) AMD Radeon RX 9070 XT (RADV GFX1201)
tick 1630000 alive   855685 genomes  230793 energy   210.9 births 11733067 deaths 11736297 (12470.4s) AMD Radeon RX 9070 XT (RADV GFX1201)
tick 1631000 alive   854563 genomes  230328 energy   211.1 births 11610478 deaths 11611600 (12477.9s) AMD Radeon RX 9070 XT (RADV GFX1201)
tick 1632000 alive   855480 genomes  232311 energy   210.2 births 11690715 deaths 11689798 (12485.6s) AMD Radeon RX 9070 XT (RADV GFX1201)
tick 1633000 alive   857303 genomes  230782 energy   210.3 births 11857660 deaths 11855837 (12493.3s) AMD Radeon RX 9070 XT (RADV GFX1201)
tick 1634000 alive   861951 genomes  230253 energy   210.4 births 11869314 deaths 11864666 (12500.9s) AMD Radeon RX 9070 XT (RADV GFX1201)
tick 1635000 alive   858400 genomes  230008 energy   210.6 births 11860770 deaths 11864321 (12508.4s) AMD Radeon RX 9070 XT (RADV GFX1201)
tick 1636000 alive   860336 genomes  231718 energy   210.4 births 11789707 deaths 11787771 (12516.1s) AMD Radeon RX 9070 XT (RADV GFX1201)
tick 1637000 alive   851726 genomes  229940 energy   210.4 births 11736782 deaths 11745392 (12523.8s) AMD Radeon RX 9070 XT (RADV GFX1201)
tick 1638000 alive   857574 genomes  230125 energy   210.0 births 11711817 deaths 11705969 (12531.4s) AMD Radeon RX 9070 XT (RADV GFX1201)
tick 1639000 alive   862842 genomes  229865 energy   210.5 births 11918446 deaths 11913178 (12538.9s) AMD Radeon RX 9070 XT (RADV GFX1201)
tick 1640000 alive   859199 genomes  230999 energy   210.5 births 11815957 deaths 11819600 (12546.6s) AMD Radeon RX 9070 XT (RADV GFX1201)
tick 1641000 alive   854141 genomes  230322 energy   210.4 births 11741659 deaths 11746717 (12554.3s) AMD Radeon RX 9070 XT (RADV GFX1201)
tick 1642000 alive   857286 genomes  230408 energy   210.2 births 11791043 deaths 11787898 (12561.9s) AMD Radeon RX 9070 XT (RADV GFX1201)
tick 1643000 alive   857893 genomes  230435 energy   210.7 births 11823956 deaths 11823349 (12569.6s) AMD Radeon RX 9070 XT (RADV GFX1201)
tick 1644000 alive   858533 genomes  228643 energy   210.5 births 11760338 deaths 11759698 (12577.1s) AMD Radeon RX 9070 XT (RADV GFX1201)
tick 1645000 alive   858922 genomes  228159 energy   210.5 births 11785836 deaths 11785447 (12584.7s) AMD Radeon RX 9070 XT (RADV GFX1201)
tick 1646000 alive   861088 genomes  226679 energy   210.7 births 11811648 deaths 11809482 (12592.3s) AMD Radeon RX 9070 XT (RADV GFX1201)
tick 1647000 alive   860177 genomes  228063 energy   210.8 births 11785910 deaths 11786821 (12599.9s) AMD Radeon RX 9070 XT (RADV GFX1201)
tick 1648000 alive   858909 genomes  227024 energy   210.4 births 11720517 deaths 11721785 (12607.4s) AMD Radeon RX 9070 XT (RADV GFX1201)
tick 1649000 alive   865065 genomes  227845 energy   210.3 births 11932473 deaths 11926317 (12615.1s) AMD Radeon RX 9070 XT (RADV GFX1201)
tick 1650000 alive   860978 genomes  227416 energy   210.7 births 11774275 deaths 11778362 (12622.7s) AMD Radeon RX 9070 XT (RADV GFX1201)
tick 1651000 alive   861664 genomes  230014 energy   210.5 births 11830304 deaths 11829618 (12630.4s) AMD Radeon RX 9070 XT (RADV GFX1201)
tick 1652000 alive   854466 genomes  230295 energy   210.8 births 11646443 deaths 11653641 (12637.8s) AMD Radeon RX 9070 XT (RADV GFX1201)
tick 1653000 alive   853525 genomes  231570 energy   210.7 births 11618050 deaths 11618991 (12645.4s) AMD Radeon RX 9070 XT (RADV GFX1201)
tick 1654000 alive   854703 genomes  231400 energy   210.6 births 11639789 deaths 11638611 (12653.1s) AMD Radeon RX 9070 XT (RADV GFX1201)
tick 1655000 alive   855148 genomes  231264 energy   210.9 births 11674102 deaths 11673657 (12660.7s) AMD Radeon RX 9070 XT (RADV GFX1201)
tick 1656000 alive   858294 genomes  231134 energy   210.7 births 11737993 deaths 11734847 (12668.1s) AMD Radeon RX 9070 XT (RADV GFX1201)
tick 1657000 alive   854544 genomes  230625 energy   210.8 births 11696234 deaths 11699984 (12675.8s) AMD Radeon RX 9070 XT (RADV GFX1201)
tick 1658000 alive   853215 genomes  232010 energy   210.4 births 11699119 deaths 11700448 (12683.5s) AMD Radeon RX 9070 XT (RADV GFX1201)
tick 1659000 alive   857728 genomes  230682 energy   210.4 births 11727816 deaths 11723303 (12691.2s) AMD Radeon RX 9070 XT (RADV GFX1201)
tick 1660000 alive   856778 genomes  232272 energy   210.2 births 11701529 deaths 11702479 (12698.7s) AMD Radeon RX 9070 XT (RADV GFX1201)
tick 1661000 alive   853808 genomes  233125 energy   210.3 births 11788823 deaths 11791793 (12706.4s) AMD Radeon RX 9070 XT (RADV GFX1201)
tick 1662000 alive   854131 genomes  232915 energy   210.2 births 11746317 deaths 11745994 (12714.0s) AMD Radeon RX 9070 XT (RADV GFX1201)
tick 1663000 alive   856927 genomes  231685 energy   210.4 births 11787797 deaths 11785001 (12721.7s) AMD Radeon RX 9070 XT (RADV GFX1201)
tick 1664000 alive   859038 genomes  231224 energy   210.3 births 11752410 deaths 11750299 (12729.3s) AMD Radeon RX 9070 XT (RADV GFX1201)
tick 1665000 alive   855720 genomes  230285 energy   210.9 births 11736204 deaths 11739522 (12736.8s) AMD Radeon RX 9070 XT (RADV GFX1201)
tick 1666000 alive   854066 genomes  231592 energy   210.9 births 11682323 deaths 11683977 (12744.5s) AMD Radeon RX 9070 XT (RADV GFX1201)
tick 1667000 alive   854694 genomes  232845 energy   210.3 births 11661625 deaths 11660997 (12752.1s) AMD Radeon RX 9070 XT (RADV GFX1201)
tick 1668000 alive   851205 genomes  233597 energy   210.4 births 11670889 deaths 11674378 (12759.7s) AMD Radeon RX 9070 XT (RADV GFX1201)
tick 1669000 alive   850906 genomes  234308 energy   210.4 births 11598864 deaths 11599163 (12767.2s) AMD Radeon RX 9070 XT (RADV GFX1201)
tick 1670000 alive   852035 genomes  236418 energy   210.9 births 11608071 deaths 11606942 (12774.9s) AMD Radeon RX 9070 XT (RADV GFX1201)
tick 1671000 alive   843506 genomes  238123 energy   210.9 births 11418414 deaths 11426943 (12782.6s) AMD Radeon RX 9070 XT (RADV GFX1201)
tick 1672000 alive   846396 genomes  238369 energy   210.6 births 11409162 deaths 11406272 (12790.3s) AMD Radeon RX 9070 XT (RADV GFX1201)
tick 1673000 alive   840789 genomes  239515 energy   210.8 births 11359726 deaths 11365333 (12797.7s) AMD Radeon RX 9070 XT (RADV GFX1201)
tick 1674000 alive   843684 genomes  238849 energy   210.8 births 11433971 deaths 11431076 (12805.4s) AMD Radeon RX 9070 XT (RADV GFX1201)
tick 1675000 alive   848703 genomes  238454 energy   210.8 births 11544915 deaths 11539896 (12813.1s) AMD Radeon RX 9070 XT (RADV GFX1201)
tick 1676000 alive   849614 genomes  239328 energy   210.8 births 11537250 deaths 11536339 (12820.8s) AMD Radeon RX 9070 XT (RADV GFX1201)
tick 1677000 alive   847191 genomes  237956 energy   210.6 births 11559886 deaths 11562309 (12828.3s) AMD Radeon RX 9070 XT (RADV GFX1201)
tick 1678000 alive   853840 genomes  236760 energy   210.4 births 11657693 deaths 11651044 (12835.9s) AMD Radeon RX 9070 XT (RADV GFX1201)
tick 1679000 alive   852356 genomes  235743 energy   210.2 births 11701416 deaths 11702900 (12843.5s) AMD Radeon RX 9070 XT (RADV GFX1201)
tick 1680000 alive   852066 genomes  235015 energy   210.6 births 11688616 deaths 11688906 (12851.1s) AMD Radeon RX 9070 XT (RADV GFX1201)
tick 1681000 alive   854765 genomes  234280 energy   210.8 births 11647661 deaths 11644962 (12858.7s) AMD Radeon RX 9070 XT (RADV GFX1201)
tick 1682000 alive   854035 genomes  232735 energy   211.0 births 11621918 deaths 11622648 (12866.3s) AMD Radeon RX 9070 XT (RADV GFX1201)
tick 1683000 alive   854990 genomes  231712 energy   210.2 births 11681877 deaths 11680922 (12874.0s) AMD Radeon RX 9070 XT (RADV GFX1201)
tick 1684000 alive   861786 genomes  229026 energy   210.3 births 11826671 deaths 11819875 (12881.7s) AMD Radeon RX 9070 XT (RADV GFX1201)
tick 1685000 alive   861180 genomes  228691 energy   210.9 births 11851438 deaths 11852044 (12889.5s) AMD Radeon RX 9070 XT (RADV GFX1201)
tick 1686000 alive   860484 genomes  228688 energy   210.2 births 11783091 deaths 11783787 (12897.0s) AMD Radeon RX 9070 XT (RADV GFX1201)
tick 1687000 alive   861496 genomes  226418 energy   210.4 births 11927813 deaths 11926801 (12904.6s) AMD Radeon RX 9070 XT (RADV GFX1201)
tick 1688000 alive   865641 genomes  227183 energy   210.1 births 11935696 deaths 11931551 (12912.3s) AMD Radeon RX 9070 XT (RADV GFX1201)
tick 1689000 alive   860891 genomes  226742 energy   210.1 births 11907764 deaths 11912514 (12919.9s) AMD Radeon RX 9070 XT (RADV GFX1201)
tick 1690000 alive   863004 genomes  224540 energy   210.0 births 11910248 deaths 11908135 (12927.5s) AMD Radeon RX 9070 XT (RADV GFX1201)
tick 1691000 alive   866906 genomes  226020 energy   210.5 births 12023548 deaths 12019646 (12935.1s) AMD Radeon RX 9070 XT (RADV GFX1201)
tick 1692000 alive   863850 genomes  226805 energy   210.6 births 11920657 deaths 11923713 (12942.8s) AMD Radeon RX 9070 XT (RADV GFX1201)
tick 1693000 alive   863975 genomes  225576 energy   210.3 births 11887760 deaths 11887635 (12950.5s) AMD Radeon RX 9070 XT (RADV GFX1201)
tick 1694000 alive   863951 genomes  225462 energy   210.1 births 11950065 deaths 11950089 (12958.0s) AMD Radeon RX 9070 XT (RADV GFX1201)
tick 1695000 alive   868563 genomes  224946 energy   210.5 births 12006567 deaths 12001955 (12965.7s) AMD Radeon RX 9070 XT (RADV GFX1201)
tick 1696000 alive   863131 genomes  226370 energy   210.7 births 11905828 deaths 11911260 (12973.4s) AMD Radeon RX 9070 XT (RADV GFX1201)
tick 1697000 alive   862287 genomes  225851 energy   210.8 births 11847584 deaths 11848428 (12981.1s) AMD Radeon RX 9070 XT (RADV GFX1201)
tick 1698000 alive   862793 genomes  227637 energy   210.5 births 11795412 deaths 11794906 (12988.6s) AMD Radeon RX 9070 XT (RADV GFX1201)
tick 1699000 alive   860049 genomes  228277 energy   210.1 births 11761102 deaths 11763846 (12996.3s) AMD Radeon RX 9070 XT (RADV GFX1201)
tick 1700000 alive   860572 genomes  225904 energy   210.6 births 11813626 deaths 11813103 (13004.1s) AMD Radeon RX 9070 XT (RADV GFX1201)
tick 1701000 alive   857706 genomes  228191 energy   210.8 births 11723512 deaths 11726378 (13011.8s) AMD Radeon RX 9070 XT (RADV GFX1201)
tick 1702000 alive   855015 genomes  230568 energy   210.9 births 11567803 deaths 11570494 (13019.4s) AMD Radeon RX 9070 XT (RADV GFX1201)
tick 1703000 alive   853347 genomes  230822 energy   210.4 births 11573884 deaths 11575552 (13026.9s) AMD Radeon RX 9070 XT (RADV GFX1201)
tick 1704000 alive   846142 genomes  231073 energy   211.8 births 11419729 deaths 11426934 (13034.6s) AMD Radeon RX 9070 XT (RADV GFX1201)
tick 1705000 alive   844633 genomes  233406 energy   211.3 births 11344368 deaths 11345877 (13042.3s) AMD Radeon RX 9070 XT (RADV GFX1201)
tick 1706000 alive   847517 genomes  233988 energy   210.4 births 11422487 deaths 11419603 (13050.0s) AMD Radeon RX 9070 XT (RADV GFX1201)
tick 1707000 alive   846949 genomes  233321 energy   210.7 births 11500086 deaths 11500654 (13057.5s) AMD Radeon RX 9070 XT (RADV GFX1201)
tick 1708000 alive   853253 genomes  233572 energy   210.7 births 11637281 deaths 11630977 (13065.1s) AMD Radeon RX 9070 XT (RADV GFX1201)
tick 1709000 alive   856292 genomes  234589 energy   210.5 births 11693417 deaths 11690378 (13072.7s) AMD Radeon RX 9070 XT (RADV GFX1201)
tick 1710000 alive   847576 genomes  234333 energy   210.7 births 11650322 deaths 11659038 (13080.4s) AMD Radeon RX 9070 XT (RADV GFX1201)
tick 1711000 alive   850142 genomes  237079 energy   209.9 births 11678155 deaths 11675589 (13087.8s) AMD Radeon RX 9070 XT (RADV GFX1201)
tick 1712000 alive   851738 genomes  237596 energy   210.2 births 11723950 deaths 11722354 (13095.5s) AMD Radeon RX 9070 XT (RADV GFX1201)
tick 1713000 alive   846677 genomes  237144 energy   210.3 births 11611186 deaths 11616247 (13103.2s) AMD Radeon RX 9070 XT (RADV GFX1201)
tick 1714000 alive   852941 genomes  237802 energy   210.0 births 11701151 deaths 11694887 (13110.8s) AMD Radeon RX 9070 XT (RADV GFX1201)
tick 1715000 alive   852709 genomes  238228 energy   210.7 births 11652807 deaths 11653039 (13118.3s) AMD Radeon RX 9070 XT (RADV GFX1201)
tick 1716000 alive   846324 genomes  240641 energy   210.8 births 11477952 deaths 11484337 (13126.0s) AMD Radeon RX 9070 XT (RADV GFX1201)
tick 1717000 alive   842843 genomes  239497 energy   210.7 births 11444789 deaths 11448270 (13133.6s) AMD Radeon RX 9070 XT (RADV GFX1201)
tick 1718000 alive   846676 genomes  237803 energy   210.4 births 11502318 deaths 11498485 (13141.2s) AMD Radeon RX 9070 XT (RADV GFX1201)
tick 1719000 alive   850029 genomes  235548 energy   210.7 births 11590173 deaths 11586820 (13148.7s) AMD Radeon RX 9070 XT (RADV GFX1201)
tick 1720000 alive   847783 genomes  236493 energy   211.0 births 11529107 deaths 11531353 (13156.2s) AMD Radeon RX 9070 XT (RADV GFX1201)
tick 1721000 alive   848323 genomes  234752 energy   210.6 births 11495815 deaths 11495275 (13163.8s) AMD Radeon RX 9070 XT (RADV GFX1201)
tick 1722000 alive   851734 genomes  234674 energy   210.5 births 11658126 deaths 11654715 (13171.4s) AMD Radeon RX 9070 XT (RADV GFX1201)
tick 1723000 alive   854198 genomes  233398 energy   210.4 births 11676413 deaths 11673949 (13179.0s) AMD Radeon RX 9070 XT (RADV GFX1201)
tick 1724000 alive   857147 genomes  232209 energy   210.4 births 11763846 deaths 11760897 (13186.4s) AMD Radeon RX 9070 XT (RADV GFX1201)
tick 1725000 alive   856588 genomes  232489 energy   210.4 births 11817502 deaths 11818061 (13194.0s) AMD Radeon RX 9070 XT (RADV GFX1201)
tick 1726000 alive   854207 genomes  233113 energy   209.9 births 11702676 deaths 11705057 (13201.6s) AMD Radeon RX 9070 XT (RADV GFX1201)
tick 1727000 alive   855551 genomes  231605 energy   210.7 births 11789758 deaths 11788414 (13209.2s) AMD Radeon RX 9070 XT (RADV GFX1201)
tick 1728000 alive   852682 genomes  233080 energy   210.9 births 11626916 deaths 11629785 (13216.7s) AMD Radeon RX 9070 XT (RADV GFX1201)
tick 1729000 alive   848484 genomes  235588 energy   210.8 births 11589137 deaths 11593335 (13224.4s) AMD Radeon RX 9070 XT (RADV GFX1201)
tick 1730000 alive   855341 genomes  234869 energy   210.3 births 11663108 deaths 11656251 (13232.0s) AMD Radeon RX 9070 XT (RADV GFX1201)
tick 1731000 alive   849327 genomes  235775 energy   211.3 births 11610935 deaths 11616949 (13239.7s) AMD Radeon RX 9070 XT (RADV GFX1201)
tick 1732000 alive   849117 genomes  235836 energy   210.9 births 11448927 deaths 11449137 (13247.1s) AMD Radeon RX 9070 XT (RADV GFX1201)
tick 1733000 alive   849546 genomes  235556 energy   210.7 births 11561191 deaths 11560762 (13254.8s) AMD Radeon RX 9070 XT (RADV GFX1201)
tick 1734000 alive   846420 genomes  235903 energy   211.2 births 11520835 deaths 11523961 (13262.5s) AMD Radeon RX 9070 XT (RADV GFX1201)
tick 1735000 alive   848710 genomes  235938 energy   211.4 births 11475885 deaths 11473595 (13270.2s) AMD Radeon RX 9070 XT (RADV GFX1201)
tick 1736000 alive   849211 genomes  235296 energy   210.8 births 11558446 deaths 11557945 (13277.7s) AMD Radeon RX 9070 XT (RADV GFX1201)
tick 1737000 alive   852507 genomes  236150 energy   210.4 births 11616745 deaths 11613449 (13285.3s) AMD Radeon RX 9070 XT (RADV GFX1201)
tick 1738000 alive   853391 genomes  236290 energy   210.3 births 11648960 deaths 11648076 (13293.0s) AMD Radeon RX 9070 XT (RADV GFX1201)
tick 1739000 alive   852819 genomes  235247 energy   210.8 births 11644982 deaths 11645554 (13300.6s) AMD Radeon RX 9070 XT (RADV GFX1201)
tick 1740000 alive   852299 genomes  236398 energy   210.7 births 11579339 deaths 11579859 (13308.3s) AMD Radeon RX 9070 XT (RADV GFX1201)
tick 1741000 alive   848094 genomes  235753 energy   211.2 births 11527698 deaths 11531903 (13315.8s) AMD Radeon RX 9070 XT (RADV GFX1201)
tick 1742000 alive   849561 genomes  236571 energy   210.7 births 11551607 deaths 11550140 (13323.4s) AMD Radeon RX 9070 XT (RADV GFX1201)
tick 1743000 alive   853122 genomes  235509 energy   210.6 births 11640246 deaths 11636685 (13331.0s) AMD Radeon RX 9070 XT (RADV GFX1201)
tick 1744000 alive   853497 genomes  234969 energy   210.7 births 11665599 deaths 11665224 (13338.6s) AMD Radeon RX 9070 XT (RADV GFX1201)
tick 1745000 alive   852789 genomes  234992 energy   210.5 births 11711666 deaths 11712374 (13346.1s) AMD Radeon RX 9070 XT (RADV GFX1201)
tick 1746000 alive   853381 genomes  233490 energy   210.2 births 11672257 deaths 11671665 (13353.8s) AMD Radeon RX 9070 XT (RADV GFX1201)
tick 1747000 alive   857882 genomes  234444 energy   209.7 births 11810461 deaths 11805960 (13361.4s) AMD Radeon RX 9070 XT (RADV GFX1201)
tick 1748000 alive   855861 genomes  233180 energy   210.5 births 11824720 deaths 11826741 (13369.0s) AMD Radeon RX 9070 XT (RADV GFX1201)
tick 1749000 alive   856418 genomes  232241 energy   210.3 births 11702804 deaths 11702247 (13376.5s) AMD Radeon RX 9070 XT (RADV GFX1201)
tick 1750000 alive   848944 genomes  233509 energy   210.7 births 11615361 deaths 11622835 (13384.1s) AMD Radeon RX 9070 XT (RADV GFX1201)
tick 1751000 alive   849351 genomes  233921 energy   210.5 births 11565461 deaths 11565054 (13391.8s) AMD Radeon RX 9070 XT (RADV GFX1201)
tick 1752000 alive   851662 genomes  234715 energy   210.9 births 11573856 deaths 11571545 (13399.5s) AMD Radeon RX 9070 XT (RADV GFX1201)
tick 1753000 alive   850470 genomes  235931 energy   211.0 births 11479424 deaths 11480616 (13406.9s) AMD Radeon RX 9070 XT (RADV GFX1201)
tick 1754000 alive   847028 genomes  234728 energy   210.3 births 11497047 deaths 11500489 (13414.6s) AMD Radeon RX 9070 XT (RADV GFX1201)
tick 1755000 alive   854907 genomes  232116 energy   210.6 births 11655992 deaths 11648113 (13422.2s) AMD Radeon RX 9070 XT (RADV GFX1201)
tick 1756000 alive   857693 genomes  233670 energy   210.7 births 11753297 deaths 11750511 (13429.9s) AMD Radeon RX 9070 XT (RADV GFX1201)
tick 1757000 alive   852257 genomes  232385 energy   211.1 births 11606180 deaths 11611616 (13437.4s) AMD Radeon RX 9070 XT (RADV GFX1201)
tick 1758000 alive   860649 genomes  232916 energy   209.9 births 11675826 deaths 11667434 (13445.0s) AMD Radeon RX 9070 XT (RADV GFX1201)
tick 1759000 alive   856912 genomes  231173 energy   210.5 births 11758305 deaths 11762042 (13452.6s) AMD Radeon RX 9070 XT (RADV GFX1201)
tick 1760000 alive   859231 genomes  230794 energy   210.2 births 11758710 deaths 11756391 (13460.2s) AMD Radeon RX 9070 XT (RADV GFX1201)
tick 1761000 alive   860137 genomes  230027 energy   210.5 births 11813695 deaths 11812789 (13467.8s) AMD Radeon RX 9070 XT (RADV GFX1201)
tick 1762000 alive   855708 genomes  231918 energy   211.0 births 11780715 deaths 11785144 (13475.3s) AMD Radeon RX 9070 XT (RADV GFX1201)
tick 1763000 alive   849510 genomes  233184 energy   210.4 births 11595233 deaths 11601431 (13483.0s) AMD Radeon RX 9070 XT (RADV GFX1201)
tick 1764000 alive   851292 genomes  231950 energy   210.5 births 11628953 deaths 11627171 (13490.7s) AMD Radeon RX 9070 XT (RADV GFX1201)
tick 1765000 alive   854516 genomes  232591 energy   210.6 births 11649442 deaths 11646218 (13498.3s) AMD Radeon RX 9070 XT (RADV GFX1201)
tick 1766000 alive   850768 genomes  234590 energy   211.4 births 11593268 deaths 11597016 (13505.8s) AMD Radeon RX 9070 XT (RADV GFX1201)
tick 1767000 alive   844662 genomes  235843 energy   210.6 births 11449594 deaths 11455700 (13513.4s) AMD Radeon RX 9070 XT (RADV GFX1201)
tick 1768000 alive   848130 genomes  235961 energy   210.2 births 11595072 deaths 11591604 (13521.0s) AMD Radeon RX 9070 XT (RADV GFX1201)
tick 1769000 alive   847099 genomes  235464 energy   210.6 births 11609958 deaths 11610989 (13528.6s) AMD Radeon RX 9070 XT (RADV GFX1201)
tick 1770000 alive   850221 genomes  236062 energy   210.5 births 11563059 deaths 11559937 (13536.1s) AMD Radeon RX 9070 XT (RADV GFX1201)
tick 1771000 alive   846879 genomes  236580 energy   210.8 births 11563813 deaths 11567155 (13543.7s) AMD Radeon RX 9070 XT (RADV GFX1201)
tick 1772000 alive   846396 genomes  238949 energy   211.1 births 11446195 deaths 11446678 (13551.4s) AMD Radeon RX 9070 XT (RADV GFX1201)
tick 1773000 alive   841084 genomes  237524 energy   210.7 births 11392404 deaths 11397716 (13559.1s) AMD Radeon RX 9070 XT (RADV GFX1201)
tick 1774000 alive   844876 genomes  237479 energy   210.4 births 11487857 deaths 11484065 (13566.6s) AMD Radeon RX 9070 XT (RADV GFX1201)
tick 1775000 alive   850684 genomes  235222 energy   210.9 births 11596148 deaths 11590340 (13574.3s) AMD Radeon RX 9070 XT (RADV GFX1201)
tick 1776000 alive   846509 genomes  234467 energy   211.3 births 11469216 deaths 11473391 (13582.0s) AMD Radeon RX 9070 XT (RADV GFX1201)
tick 1777000 alive   851689 genomes  235576 energy   210.4 births 11527192 deaths 11522012 (13589.6s) AMD Radeon RX 9070 XT (RADV GFX1201)
tick 1778000 alive   850027 genomes  236358 energy   210.7 births 11661498 deaths 11663160 (13597.2s) AMD Radeon RX 9070 XT (RADV GFX1201)
tick 1779000 alive   853244 genomes  233456 energy   211.0 births 11608003 deaths 11604786 (13604.8s) AMD Radeon RX 9070 XT (RADV GFX1201)
tick 1780000 alive   851951 genomes  234109 energy   210.8 births 11597992 deaths 11599285 (13612.4s) AMD Radeon RX 9070 XT (RADV GFX1201)
tick 1781000 alive   858111 genomes  232652 energy   210.2 births 11737890 deaths 11731730 (13620.0s) AMD Radeon RX 9070 XT (RADV GFX1201)
tick 1782000 alive   858965 genomes  231280 energy   210.5 births 11848935 deaths 11848081 (13627.7s) AMD Radeon RX 9070 XT (RADV GFX1201)
tick 1783000 alive   857135 genomes  229323 energy   210.3 births 11839319 deaths 11841149 (13635.1s) AMD Radeon RX 9070 XT (RADV GFX1201)
tick 1784000 alive   857567 genomes  229120 energy   210.5 births 11869384 deaths 11868952 (13642.8s) AMD Radeon RX 9070 XT (RADV GFX1201)
tick 1785000 alive   860739 genomes  230152 energy   210.3 births 11875240 deaths 11872068 (13650.4s) AMD Radeon RX 9070 XT (RADV GFX1201)
tick 1786000 alive   857389 genomes  229083 energy   210.5 births 11831113 deaths 11834463 (13657.9s) AMD Radeon RX 9070 XT (RADV GFX1201)
tick 1787000 alive   856666 genomes  230308 energy   211.0 births 11691689 deaths 11692412 (13665.4s) AMD Radeon RX 9070 XT (RADV GFX1201)
tick 1788000 alive   852425 genomes  232138 energy   210.7 births 11645369 deaths 11649610 (13673.1s) AMD Radeon RX 9070 XT (RADV GFX1201)
tick 1789000 alive   853563 genomes  230602 energy   210.6 births 11718463 deaths 11717325 (13680.8s) AMD Radeon RX 9070 XT (RADV GFX1201)
tick 1790000 alive   858179 genomes  229155 energy   210.4 births 11748652 deaths 11744036 (13688.4s) AMD Radeon RX 9070 XT (RADV GFX1201)
tick 1791000 alive   857019 genomes  230428 energy   210.6 births 11748513 deaths 11749673 (13695.9s) AMD Radeon RX 9070 XT (RADV GFX1201)
tick 1792000 alive   855948 genomes  231272 energy   210.5 births 11694520 deaths 11695591 (13703.6s) AMD Radeon RX 9070 XT (RADV GFX1201)
tick 1793000 alive   856747 genomes  229774 energy   210.1 births 11797385 deaths 11796586 (13711.3s) AMD Radeon RX 9070 XT (RADV GFX1201)
tick 1794000 alive   864085 genomes  229629 energy   210.1 births 11954221 deaths 11946883 (13719.0s) AMD Radeon RX 9070 XT (RADV GFX1201)
tick 1795000 alive   857988 genomes  230058 energy   210.6 births 11883299 deaths 11889396 (13726.5s) AMD Radeon RX 9070 XT (RADV GFX1201)
tick 1796000 alive   853263 genomes  232175 energy   210.8 births 11688904 deaths 11693629 (13734.2s) AMD Radeon RX 9070 XT (RADV GFX1201)
tick 1797000 alive   852535 genomes  232923 energy   210.6 births 11621648 deaths 11622376 (13741.9s) AMD Radeon RX 9070 XT (RADV GFX1201)
tick 1798000 alive   850948 genomes  231891 energy   210.7 births 11599570 deaths 11601157 (13749.6s) AMD Radeon RX 9070 XT (RADV GFX1201)
tick 1799000 alive   852133 genomes  232597 energy   210.7 births 11606187 deaths 11605002 (13757.3s) AMD Radeon RX 9070 XT (RADV GFX1201)
tick 1800000 alive   853598 genomes  233806 energy   210.7 births 11622889 deaths 11621424 (13764.9s) AMD Radeon RX 9070 XT (RADV GFX1201)
tick 1801000 alive   859107 genomes  232955 energy   210.3 births 11720517 deaths 11715008 (13772.6s) AMD Radeon RX 9070 XT (RADV GFX1201)
tick 1802000 alive   855012 genomes  233003 energy   210.9 births 11700044 deaths 11704139 (13780.2s) AMD Radeon RX 9070 XT (RADV GFX1201)
tick 1803000 alive   860554 genomes  233155 energy   210.3 births 11760695 deaths 11755153 (13787.9s) AMD Radeon RX 9070 XT (RADV GFX1201)
tick 1804000 alive   854242 genomes  231660 energy   210.6 births 11761744 deaths 11768056 (13795.4s) AMD Radeon RX 9070 XT (RADV GFX1201)
tick 1805000 alive   853024 genomes  232921 energy   210.6 births 11591251 deaths 11592469 (13803.0s) AMD Radeon RX 9070 XT (RADV GFX1201)
tick 1806000 alive   847117 genomes  234290 energy   210.7 births 11623496 deaths 11629403 (13810.7s) AMD Radeon RX 9070 XT (RADV GFX1201)
tick 1807000 alive   856449 genomes  234951 energy   210.4 births 11669663 deaths 11660331 (13818.3s) AMD Radeon RX 9070 XT (RADV GFX1201)
tick 1808000 alive   846675 genomes  233332 energy   211.2 births 11561235 deaths 11571009 (13825.7s) AMD Radeon RX 9070 XT (RADV GFX1201)
tick 1809000 alive   849699 genomes  233516 energy   210.4 births 11531313 deaths 11528289 (13833.4s) AMD Radeon RX 9070 XT (RADV GFX1201)
tick 1810000 alive   859475 genomes  230983 energy   210.3 births 11765537 deaths 11755761 (13841.1s) AMD Radeon RX 9070 XT (RADV GFX1201)
tick 1811000 alive   860010 genomes  229112 energy   210.7 births 11796160 deaths 11795625 (13848.7s) AMD Radeon RX 9070 XT (RADV GFX1201)
tick 1812000 alive   857694 genomes  230249 energy   210.8 births 11798917 deaths 11801233 (13856.2s) AMD Radeon RX 9070 XT (RADV GFX1201)
tick 1813000 alive   853264 genomes  232093 energy   211.0 births 11643771 deaths 11648201 (13863.9s) AMD Radeon RX 9070 XT (RADV GFX1201)
tick 1814000 alive   851342 genomes  233671 energy   210.7 births 11529301 deaths 11531223 (13871.5s) AMD Radeon RX 9070 XT (RADV GFX1201)
tick 1815000 alive   854953 genomes  234026 energy   210.9 births 11554602 deaths 11550991 (13879.1s) AMD Radeon RX 9070 XT (RADV GFX1201)
tick 1816000 alive   853088 genomes  233667 energy   211.3 births 11604020 deaths 11605885 (13886.7s) AMD Radeon RX 9070 XT (RADV GFX1201)
tick 1817000 alive   852199 genomes  235028 energy   210.7 births 11517229 deaths 11518118 (13894.3s) AMD Radeon RX 9070 XT (RADV GFX1201)
tick 1818000 alive   851529 genomes  236321 energy   210.5 births 11618340 deaths 11619010 (13901.9s) AMD Radeon RX 9070 XT (RADV GFX1201)
tick 1819000 alive   853371 genomes  233187 energy   210.1 births 11690156 deaths 11688314 (13909.5s) AMD Radeon RX 9070 XT (RADV GFX1201)
tick 1820000 alive   861145 genomes  234130 energy   210.4 births 11781359 deaths 11773585 (13917.1s) AMD Radeon RX 9070 XT (RADV GFX1201)
tick 1821000 alive   857542 genomes  234010 energy   210.5 births 11759626 deaths 11763229 (13924.6s) AMD Radeon RX 9070 XT (RADV GFX1201)
tick 1822000 alive   855128 genomes  233647 energy   210.6 births 11725558 deaths 11727972 (13932.3s) AMD Radeon RX 9070 XT (RADV GFX1201)
tick 1823000 alive   857440 genomes  231234 energy   210.5 births 11710724 deaths 11708412 (13939.9s) AMD Radeon RX 9070 XT (RADV GFX1201)
tick 1824000 alive   860734 genomes  231473 energy   210.7 births 11792800 deaths 11789506 (13947.6s) AMD Radeon RX 9070 XT (RADV GFX1201)
tick 1825000 alive   854470 genomes  232516 energy   210.6 births 11723769 deaths 11730033 (13955.1s) AMD Radeon RX 9070 XT (RADV GFX1201)
tick 1826000 alive   853728 genomes  232285 energy   210.5 births 11720061 deaths 11720803 (13962.7s) AMD Radeon RX 9070 XT (RADV GFX1201)
tick 1827000 alive   855512 genomes  232539 energy   210.9 births 11734625 deaths 11732841 (13970.4s) AMD Radeon RX 9070 XT (RADV GFX1201)
tick 1828000 alive   856425 genomes  232887 energy   210.2 births 11796450 deaths 11795537 (13978.1s) AMD Radeon RX 9070 XT (RADV GFX1201)
tick 1829000 alive   854316 genomes  232533 energy   210.6 births 11736071 deaths 11738180 (13985.5s) AMD Radeon RX 9070 XT (RADV GFX1201)
tick 1830000 alive   853589 genomes  232439 energy   210.2 births 11784661 deaths 11785388 (13993.2s) AMD Radeon RX 9070 XT (RADV GFX1201)
tick 1831000 alive   855182 genomes  232755 energy   210.1 births 11776422 deaths 11774829 (14000.9s) AMD Radeon RX 9070 XT (RADV GFX1201)
tick 1832000 alive   860062 genomes  233434 energy   210.2 births 11788482 deaths 11783602 (14008.5s) AMD Radeon RX 9070 XT (RADV GFX1201)
tick 1833000 alive   850113 genomes  233892 energy   210.9 births 11649808 deaths 11659757 (14015.9s) AMD Radeon RX 9070 XT (RADV GFX1201)
tick 1834000 alive   852376 genomes  233232 energy   210.6 births 11593703 deaths 11591440 (14023.6s) AMD Radeon RX 9070 XT (RADV GFX1201)
tick 1835000 alive   852791 genomes  234642 energy   210.4 births 11700554 deaths 11700139 (14031.2s) AMD Radeon RX 9070 XT (RADV GFX1201)
tick 1836000 alive   852048 genomes  234800 energy   210.6 births 11686094 deaths 11686837 (14038.8s) AMD Radeon RX 9070 XT (RADV GFX1201)
tick 1837000 alive   849508 genomes  234620 energy   211.1 births 11593602 deaths 11596142 (14046.5s) AMD Radeon RX 9070 XT (RADV GFX1201)
tick 1838000 alive   853505 genomes  234159 energy   210.0 births 11608664 deaths 11604667 (14054.0s) AMD Radeon RX 9070 XT (RADV GFX1201)
tick 1839000 alive   857449 genomes  234742 energy   209.7 births 11768769 deaths 11764825 (14061.6s) AMD Radeon RX 9070 XT (RADV GFX1201)
tick 1840000 alive   852121 genomes  233493 energy   210.9 births 11679912 deaths 11685240 (14069.3s) AMD Radeon RX 9070 XT (RADV GFX1201)
tick 1841000 alive   845937 genomes  233430 energy   211.0 births 11453794 deaths 11459978 (14076.9s) AMD Radeon RX 9070 XT (RADV GFX1201)
tick 1842000 alive   849513 genomes  234320 energy   210.5 births 11482914 deaths 11479338 (14084.4s) AMD Radeon RX 9070 XT (RADV GFX1201)
tick 1843000 alive   847841 genomes  233729 energy   210.4 births 11473135 deaths 11474807 (14092.1s) AMD Radeon RX 9070 XT (RADV GFX1201)
tick 1844000 alive   850422 genomes  234371 energy   210.5 births 11584998 deaths 11582417 (14099.7s) AMD Radeon RX 9070 XT (RADV GFX1201)
tick 1845000 alive   850911 genomes  233942 energy   210.6 births 11649141 deaths 11648652 (14107.4s) AMD Radeon RX 9070 XT (RADV GFX1201)
tick 1846000 alive   851823 genomes  232152 energy   210.5 births 11627289 deaths 11626377 (14114.9s) AMD Radeon RX 9070 XT (RADV GFX1201)
tick 1847000 alive   852663 genomes  232580 energy   210.6 births 11665595 deaths 11664755 (14122.5s) AMD Radeon RX 9070 XT (RADV GFX1201)
tick 1848000 alive   855299 genomes  232557 energy   210.5 births 11682257 deaths 11679621 (14130.2s) AMD Radeon RX 9070 XT (RADV GFX1201)
tick 1849000 alive   853968 genomes  233261 energy   210.6 births 11714890 deaths 11716221 (14137.9s) AMD Radeon RX 9070 XT (RADV GFX1201)
tick 1850000 alive   851344 genomes  232568 energy   210.4 births 11677648 deaths 11680272 (14145.3s) AMD Radeon RX 9070 XT (RADV GFX1201)
tick 1851000 alive   856724 genomes  233264 energy   210.3 births 11758667 deaths 11753287 (14153.0s) AMD Radeon RX 9070 XT (RADV GFX1201)
tick 1852000 alive   852593 genomes  235058 energy   210.3 births 11725977 deaths 11730108 (14160.7s) AMD Radeon RX 9070 XT (RADV GFX1201)
tick 1853000 alive   857762 genomes  236077 energy   210.6 births 11717155 deaths 11711986 (14168.3s) AMD Radeon RX 9070 XT (RADV GFX1201)
tick 1854000 alive   852672 genomes  234485 energy   210.4 births 11703304 deaths 11708394 (14175.8s) AMD Radeon RX 9070 XT (RADV GFX1201)
tick 1855000 alive   854018 genomes  234048 energy   210.4 births 11713976 deaths 11712630 (14183.4s) AMD Radeon RX 9070 XT (RADV GFX1201)
tick 1856000 alive   857816 genomes  233086 energy   210.7 births 11786545 deaths 11782747 (14191.0s) AMD Radeon RX 9070 XT (RADV GFX1201)
tick 1857000 alive   858682 genomes  232511 energy   210.3 births 11848239 deaths 11847373 (14198.6s) AMD Radeon RX 9070 XT (RADV GFX1201)
tick 1858000 alive   855250 genomes  232189 energy   210.3 births 11785872 deaths 11789304 (14206.2s) AMD Radeon RX 9070 XT (RADV GFX1201)
tick 1859000 alive   861428 genomes  232970 energy   210.4 births 11906733 deaths 11900555 (14213.7s) AMD Radeon RX 9070 XT (RADV GFX1201)
tick 1860000 alive   857525 genomes  232595 energy   210.1 births 11770065 deaths 11773968 (14221.4s) AMD Radeon RX 9070 XT (RADV GFX1201)
tick 1861000 alive   858724 genomes  231189 energy   210.3 births 11847401 deaths 11846202 (14229.1s) AMD Radeon RX 9070 XT (RADV GFX1201)
tick 1862000 alive   859692 genomes  230335 energy   210.2 births 11800153 deaths 11799185 (14236.8s) AMD Radeon RX 9070 XT (RADV GFX1201)
tick 1863000 alive   858889 genomes  229836 energy   210.3 births 11871521 deaths 11872324 (14244.3s) AMD Radeon RX 9070 XT (RADV GFX1201)
tick 1864000 alive   865464 genomes  228763 energy   210.1 births 11972831 deaths 11966256 (14251.9s) AMD Radeon RX 9070 XT (RADV GFX1201)
tick 1865000 alive   866418 genomes  226526 energy   210.3 births 12039880 deaths 12038926 (14259.6s) AMD Radeon RX 9070 XT (RADV GFX1201)
tick 1866000 alive   865161 genomes  226576 energy   210.0 births 11992374 deaths 11993631 (14267.2s) AMD Radeon RX 9070 XT (RADV GFX1201)
tick 1867000 alive   864597 genomes  225954 energy   210.1 births 12024518 deaths 12025082 (14274.7s) AMD Radeon RX 9070 XT (RADV GFX1201)
tick 1868000 alive   859660 genomes  226201 energy   210.2 births 11866671 deaths 11871608 (14282.4s) AMD Radeon RX 9070 XT (RADV GFX1201)
tick 1869000 alive   863553 genomes  225964 energy   209.9 births 11953800 deaths 11949907 (14290.0s) AMD Radeon RX 9070 XT (RADV GFX1201)
tick 1870000 alive   865532 genomes  227263 energy   210.1 births 12085506 deaths 12083527 (14297.7s) AMD Radeon RX 9070 XT (RADV GFX1201)
tick 1871000 alive   863106 genomes  226103 energy   209.9 births 12056528 deaths 12058954 (14305.1s) AMD Radeon RX 9070 XT (RADV GFX1201)
tick 1872000 alive   862334 genomes  225311 energy   210.1 births 12019758 deaths 12020530 (14312.8s) AMD Radeon RX 9070 XT (RADV GFX1201)
tick 1873000 alive   868170 genomes  227233 energy   210.3 births 12116455 deaths 12110619 (14320.6s) AMD Radeon RX 9070 XT (RADV GFX1201)
tick 1874000 alive   859756 genomes  227639 energy   210.2 births 11870654 deaths 11879068 (14328.3s) AMD Radeon RX 9070 XT (RADV GFX1201)
tick 1875000 alive   858463 genomes  229346 energy   209.9 births 11898845 deaths 11900138 (14336.0s) AMD Radeon RX 9070 XT (RADV GFX1201)
tick 1876000 alive   858199 genomes  229674 energy   210.5 births 11870615 deaths 11870879 (14343.5s) AMD Radeon RX 9070 XT (RADV GFX1201)
tick 1877000 alive   859942 genomes  231273 energy   210.9 births 11732489 deaths 11730746 (14351.1s) AMD Radeon RX 9070 XT (RADV GFX1201)
tick 1878000 alive   851356 genomes  230928 energy   211.0 births 11644473 deaths 11653059 (14358.7s) AMD Radeon RX 9070 XT (RADV GFX1201)
tick 1879000 alive   852006 genomes  232446 energy   210.7 births 11644619 deaths 11643969 (14366.4s) AMD Radeon RX 9070 XT (RADV GFX1201)
tick 1880000 alive   847136 genomes  232499 energy   210.6 births 11540084 deaths 11544954 (14373.8s) AMD Radeon RX 9070 XT (RADV GFX1201)
tick 1881000 alive   850492 genomes  233009 energy   210.5 births 11576510 deaths 11573154 (14381.5s) AMD Radeon RX 9070 XT (RADV GFX1201)
tick 1882000 alive   857101 genomes  234337 energy   210.6 births 11642398 deaths 11635789 (14389.2s) AMD Radeon RX 9070 XT (RADV GFX1201)
tick 1883000 alive   853127 genomes  232488 energy   210.5 births 11660549 deaths 11664523 (14396.9s) AMD Radeon RX 9070 XT (RADV GFX1201)
tick 1884000 alive   854356 genomes  233672 energy   210.5 births 11679671 deaths 11678442 (14404.3s) AMD Radeon RX 9070 XT (RADV GFX1201)
tick 1885000 alive   850236 genomes  234567 energy   210.8 births 11592251 deaths 11596371 (14412.0s) AMD Radeon RX 9070 XT (RADV GFX1201)
tick 1886000 alive   847038 genomes  231735 energy   210.7 births 11506317 deaths 11509515 (14419.7s) AMD Radeon RX 9070 XT (RADV GFX1201)
tick 1887000 alive   852511 genomes  230588 energy   210.7 births 11647039 deaths 11641566 (14427.4s) AMD Radeon RX 9070 XT (RADV GFX1201)
tick 1888000 alive   855679 genomes  231928 energy   211.0 births 11651863 deaths 11648695 (14434.8s) AMD Radeon RX 9070 XT (RADV GFX1201)
tick 1889000 alive   850174 genomes  232899 energy   210.8 births 11529245 deaths 11534750 (14442.5s) AMD Radeon RX 9070 XT (RADV GFX1201)
tick 1890000 alive   849111 genomes  231279 energy   210.7 births 11593402 deaths 11594465 (14450.1s) AMD Radeon RX 9070 XT (RADV GFX1201)
tick 1891000 alive   852579 genomes  229840 energy   210.4 births 11608114 deaths 11604646 (14457.8s) AMD Radeon RX 9070 XT (RADV GFX1201)
tick 1892000 alive   851671 genomes  231548 energy   210.9 births 11602711 deaths 11603619 (14465.3s) AMD Radeon RX 9070 XT (RADV GFX1201)
tick 1893000 alive   849686 genomes  233397 energy   210.6 births 11566024 deaths 11568009 (14473.0s) AMD Radeon RX 9070 XT (RADV GFX1201)
tick 1894000 alive   855000 genomes  232030 energy   210.7 births 11709080 deaths 11703766 (14480.6s) AMD Radeon RX 9070 XT (RADV GFX1201)
tick 1895000 alive   853526 genomes  233236 energy   210.4 births 11632688 deaths 11634162 (14488.2s) AMD Radeon RX 9070 XT (RADV GFX1201)
tick 1896000 alive   854965 genomes  233667 energy   210.8 births 11665978 deaths 11664539 (14495.9s) AMD Radeon RX 9070 XT (RADV GFX1201)
tick 1897000 alive   852450 genomes  233159 energy   211.3 births 11575469 deaths 11577984 (14503.4s) AMD Radeon RX 9070 XT (RADV GFX1201)
tick 1898000 alive   852960 genomes  234521 energy   210.7 births 11558749 deaths 11558239 (14511.1s) AMD Radeon RX 9070 XT (RADV GFX1201)
tick 1899000 alive   849597 genomes  235304 energy   210.7 births 11526056 deaths 11529419 (14518.7s) AMD Radeon RX 9070 XT (RADV GFX1201)
tick 1900000 alive   849224 genomes  235668 energy   210.9 births 11528067 deaths 11528440 (14526.4s) AMD Radeon RX 9070 XT (RADV GFX1201)
tick 1901000 alive   851180 genomes  236049 energy   211.1 births 11521923 deaths 11519967 (14533.9s) AMD Radeon RX 9070 XT (RADV GFX1201)
tick 1902000 alive   851360 genomes  236085 energy   210.9 births 11554969 deaths 11554789 (14541.6s) AMD Radeon RX 9070 XT (RADV GFX1201)
tick 1903000 alive   845404 genomes  235280 energy   210.7 births 11442129 deaths 11448085 (14549.2s) AMD Radeon RX 9070 XT (RADV GFX1201)
tick 1904000 alive   856544 genomes  235419 energy   210.5 births 11634891 deaths 11623751 (14556.9s) AMD Radeon RX 9070 XT (RADV GFX1201)
tick 1905000 alive   857319 genomes  235798 energy   210.5 births 11791963 deaths 11791188 (14564.4s) AMD Radeon RX 9070 XT (RADV GFX1201)
tick 1906000 alive   855034 genomes  235248 energy   210.5 births 11697360 deaths 11699645 (14572.0s) AMD Radeon RX 9070 XT (RADV GFX1201)
tick 1907000 alive   850723 genomes  235143 energy   210.6 births 11604757 deaths 11609068 (14579.7s) AMD Radeon RX 9070 XT (RADV GFX1201)
tick 1908000 alive   850811 genomes  235924 energy   210.8 births 11521153 deaths 11521065 (14587.4s) AMD Radeon RX 9070 XT (RADV GFX1201)
tick 1909000 alive   851066 genomes  235641 energy   210.8 births 11501998 deaths 11501743 (14594.9s) AMD Radeon RX 9070 XT (RADV GFX1201)
tick 1910000 alive   851655 genomes  234925 energy   210.7 births 11623778 deaths 11623189 (14602.6s) AMD Radeon RX 9070 XT (RADV GFX1201)
tick 1911000 alive   855284 genomes  232590 energy   209.9 births 11683292 deaths 11679663 (14610.3s) AMD Radeon RX 9070 XT (RADV GFX1201)
tick 1912000 alive   858050 genomes  233241 energy   210.4 births 11822403 deaths 11819637 (14618.0s) AMD Radeon RX 9070 XT (RADV GFX1201)
tick 1913000 alive   853611 genomes  232018 energy   210.5 births 11688439 deaths 11692878 (14625.6s) AMD Radeon RX 9070 XT (RADV GFX1201)
tick 1914000 alive   860425 genomes  230483 energy   210.9 births 11718041 deaths 11711227 (14633.2s) AMD Radeon RX 9070 XT (RADV GFX1201)
tick 1915000 alive   857260 genomes  230742 energy   210.3 births 11738812 deaths 11741977 (14640.9s) AMD Radeon RX 9070 XT (RADV GFX1201)
tick 1916000 alive   860071 genomes  230357 energy   210.4 births 11841761 deaths 11838950 (14648.6s) AMD Radeon RX 9070 XT (RADV GFX1201)
tick 1917000 alive   855668 genomes  231339 energy   210.5 births 11804654 deaths 11809057 (14656.3s) AMD Radeon RX 9070 XT (RADV GFX1201)
tick 1918000 alive   857231 genomes  228290 energy   210.0 births 11814267 deaths 11812704 (14663.7s) AMD Radeon RX 9070 XT (RADV GFX1201)
tick 1919000 alive   863608 genomes  227384 energy   209.7 births 11944886 deaths 11938509 (14671.3s) AMD Radeon RX 9070 XT (RADV GFX1201)
tick 1920000 alive   862888 genomes  226924 energy   210.1 births 12010465 deaths 12011185 (14678.9s) AMD Radeon RX 9070 XT (RADV GFX1201)
tick 1921000 alive   861234 genomes  228323 energy   209.9 births 11994249 deaths 11995903 (14686.6s) AMD Radeon RX 9070 XT (RADV GFX1201)
tick 1922000 alive   863412 genomes  229444 energy   209.6 births 11975826 deaths 11973648 (14694.0s) AMD Radeon RX 9070 XT (RADV GFX1201)
tick 1923000 alive   862753 genomes  228950 energy   210.3 births 12050108 deaths 12050767 (14701.7s) AMD Radeon RX 9070 XT (RADV GFX1201)
tick 1924000 alive   859864 genomes  231314 energy   210.5 births 11877565 deaths 11880454 (14709.4s) AMD Radeon RX 9070 XT (RADV GFX1201)
tick 1925000 alive   856105 genomes  232547 energy   210.6 births 11780466 deaths 11784225 (14717.0s) AMD Radeon RX 9070 XT (RADV GFX1201)
tick 1926000 alive   859404 genomes  232830 energy   210.2 births 11822243 deaths 11818944 (14724.5s) AMD Radeon RX 9070 XT (RADV GFX1201)
tick 1927000 alive   854291 genomes  233122 energy   210.9 births 11754750 deaths 11759863 (14732.1s) AMD Radeon RX 9070 XT (RADV GFX1201)
tick 1928000 alive   850102 genomes  232570 energy   211.2 births 11601320 deaths 11605509 (14739.8s) AMD Radeon RX 9070 XT (RADV GFX1201)
tick 1929000 alive   850936 genomes  231329 energy   210.7 births 11575539 deaths 11574705 (14747.5s) AMD Radeon RX 9070 XT (RADV GFX1201)
tick 1930000 alive   855929 genomes  232173 energy   210.6 births 11753944 deaths 11748951 (14754.9s) AMD Radeon RX 9070 XT (RADV GFX1201)
tick 1931000 alive   857214 genomes  233146 energy   210.2 births 11729417 deaths 11728132 (14762.6s) AMD Radeon RX 9070 XT (RADV GFX1201)
tick 1932000 alive   860427 genomes  233388 energy   210.0 births 11870027 deaths 11866814 (14770.2s) AMD Radeon RX 9070 XT (RADV GFX1201)
tick 1933000 alive   853793 genomes  232004 energy   210.2 births 11864151 deaths 11870785 (14777.9s) AMD Radeon RX 9070 XT (RADV GFX1201)
tick 1934000 alive   853867 genomes  231054 energy   210.2 births 11798619 deaths 11798545 (14785.5s) AMD Radeon RX 9070 XT (RADV GFX1201)
tick 1935000 alive   856719 genomes  230501 energy   210.6 births 11757987 deaths 11755135 (14793.0s) AMD Radeon RX 9070 XT (RADV GFX1201)
tick 1936000 alive   853796 genomes  230958 energy   210.0 births 11749126 deaths 11752049 (14800.6s) AMD Radeon RX 9070 XT (RADV GFX1201)
tick 1937000 alive   856302 genomes  228218 energy   210.1 births 11838886 deaths 11836380 (14808.2s) AMD Radeon RX 9070 XT (RADV GFX1201)
tick 1938000 alive   858225 genomes  228645 energy   210.1 births 11913825 deaths 11911902 (14815.8s) AMD Radeon RX 9070 XT (RADV GFX1201)
tick 1939000 alive   857517 genomes  230020 energy   210.3 births 11881244 deaths 11881952 (14823.3s) AMD Radeon RX 9070 XT (RADV GFX1201)
tick 1940000 alive   854831 genomes  231327 energy   210.3 births 11838383 deaths 11841069 (14831.0s) AMD Radeon RX 9070 XT (RADV GFX1201)
tick 1941000 alive   856281 genomes  231540 energy   210.0 births 11826825 deaths 11825375 (14838.6s) AMD Radeon RX 9070 XT (RADV GFX1201)
tick 1942000 alive   856203 genomes  235105 energy   210.6 births 11799816 deaths 11799894 (14846.3s) AMD Radeon RX 9070 XT (RADV GFX1201)
tick 1943000 alive   848408 genomes  235597 energy   210.6 births 11680264 deaths 11688059 (14853.8s) AMD Radeon RX 9070 XT (RADV GFX1201)
tick 1944000 alive   844893 genomes  236746 energy   210.5 births 11607565 deaths 11611080 (14861.4s) AMD Radeon RX 9070 XT (RADV GFX1201)
tick 1945000 alive   846691 genomes  237745 energy   210.7 births 11565563 deaths 11563765 (14869.0s) AMD Radeon RX 9070 XT (RADV GFX1201)
tick 1946000 alive   849861 genomes  238445 energy   209.9 births 11621616 deaths 11618446 (14876.6s) AMD Radeon RX 9070 XT (RADV GFX1201)
tick 1947000 alive   848682 genomes  240087 energy   210.4 births 11638495 deaths 11639674 (14884.1s) AMD Radeon RX 9070 XT (RADV GFX1201)
tick 1948000 alive   847947 genomes  238414 energy   211.2 births 11523136 deaths 11523871 (14891.7s) AMD Radeon RX 9070 XT (RADV GFX1201)
tick 1949000 alive   848731 genomes  240622 energy   210.6 births 11500769 deaths 11499985 (14899.3s) AMD Radeon RX 9070 XT (RADV GFX1201)
tick 1950000 alive   843564 genomes  239459 energy   211.5 births 11416920 deaths 11422087 (14906.9s) AMD Radeon RX 9070 XT (RADV GFX1201)
tick 1951000 alive   843885 genomes  240736 energy   210.8 births 11314226 deaths 11313905 (14914.3s) AMD Radeon RX 9070 XT (RADV GFX1201)
tick 1952000 alive   846503 genomes  240172 energy   210.8 births 11385694 deaths 11383076 (14921.9s) AMD Radeon RX 9070 XT (RADV GFX1201)
tick 1953000 alive   846383 genomes  240536 energy   211.0 births 11479562 deaths 11479682 (14929.6s) AMD Radeon RX 9070 XT (RADV GFX1201)
tick 1954000 alive   847480 genomes  239760 energy   210.9 births 11415147 deaths 11414050 (14937.2s) AMD Radeon RX 9070 XT (RADV GFX1201)
tick 1955000 alive   845394 genomes  240172 energy   210.7 births 11434188 deaths 11436274 (14944.8s) AMD Radeon RX 9070 XT (RADV GFX1201)
tick 1956000 alive   846154 genomes  237636 energy   210.8 births 11406979 deaths 11406219 (14952.3s) AMD Radeon RX 9070 XT (RADV GFX1201)
tick 1957000 alive   853174 genomes  237611 energy   210.7 births 11538435 deaths 11531415 (14959.9s) AMD Radeon RX 9070 XT (RADV GFX1201)
tick 1958000 alive   850326 genomes  235856 energy   210.6 births 11602071 deaths 11604919 (14967.6s) AMD Radeon RX 9070 XT (RADV GFX1201)
tick 1959000 alive   853685 genomes  234457 energy   210.6 births 11671169 deaths 11667810 (14975.2s) AMD Radeon RX 9070 XT (RADV GFX1201)
tick 1960000 alive   851730 genomes  233822 energy   210.7 births 11646743 deaths 11648698 (14982.7s) AMD Radeon RX 9070 XT (RADV GFX1201)
tick 1961000 alive   858774 genomes  233560 energy   210.7 births 11693882 deaths 11686838 (14990.4s) AMD Radeon RX 9070 XT (RADV GFX1201)
tick 1962000 alive   858753 genomes  233949 energy   210.6 births 11789118 deaths 11789139 (14998.1s) AMD Radeon RX 9070 XT (RADV GFX1201)
tick 1963000 alive   849690 genomes  234637 energy   210.2 births 11683936 deaths 11692999 (15005.7s) AMD Radeon RX 9070 XT (RADV GFX1201)
tick 1964000 alive   856597 genomes  234407 energy   209.7 births 11803174 deaths 11796267 (15013.2s) AMD Radeon RX 9070 XT (RADV GFX1201)
tick 1965000 alive   855699 genomes  232551 energy   210.2 births 11832627 deaths 11833525 (15020.9s) AMD Radeon RX 9070 XT (RADV GFX1201)
tick 1966000 alive   856274 genomes  232222 energy   210.2 births 11803811 deaths 11803236 (15028.5s) AMD Radeon RX 9070 XT (RADV GFX1201)
tick 1967000 alive   857137 genomes  230903 energy   209.9 births 11858607 deaths 11857744 (15036.2s) AMD Radeon RX 9070 XT (RADV GFX1201)
tick 1968000 alive   857720 genomes  229666 energy   210.2 births 11846779 deaths 11846196 (15043.6s) AMD Radeon RX 9070 XT (RADV GFX1201)
tick 1969000 alive   860213 genomes  229902 energy   210.0 births 11882261 deaths 11879768 (15051.3s) AMD Radeon RX 9070 XT (RADV GFX1201)
tick 1970000 alive   857986 genomes  229009 energy   210.4 births 11863330 deaths 11865557 (15059.0s) AMD Radeon RX 9070 XT (RADV GFX1201)
tick 1971000 alive   858119 genomes  229005 energy   211.0 births 11776417 deaths 11776284 (15066.6s) AMD Radeon RX 9070 XT (RADV GFX1201)
tick 1972000 alive   856529 genomes  229800 energy   210.9 births 11715514 deaths 11717104 (15074.2s) AMD Radeon RX 9070 XT (RADV GFX1201)
tick 1973000 alive   854604 genomes  231349 energy   210.5 births 11736335 deaths 11738260 (15081.7s) AMD Radeon RX 9070 XT (RADV GFX1201)
tick 1974000 alive   858592 genomes  230859 energy   210.4 births 11800269 deaths 11796281 (15089.4s) AMD Radeon RX 9070 XT (RADV GFX1201)
tick 1975000 alive   860595 genomes  230975 energy   210.5 births 11871722 deaths 11869719 (15097.0s) AMD Radeon RX 9070 XT (RADV GFX1201)
tick 1976000 alive   858125 genomes  230591 energy   210.5 births 11795473 deaths 11797943 (15104.7s) AMD Radeon RX 9070 XT (RADV GFX1201)
tick 1977000 alive   859054 genomes  230559 energy   210.3 births 11802443 deaths 11801514 (15112.1s) AMD Radeon RX 9070 XT (RADV GFX1201)
tick 1978000 alive   853209 genomes  229308 energy   210.6 births 11749049 deaths 11754894 (15119.8s) AMD Radeon RX 9070 XT (RADV GFX1201)
tick 1979000 alive   857955 genomes  229617 energy   210.2 births 11791490 deaths 11786744 (15127.5s) AMD Radeon RX 9070 XT (RADV GFX1201)
tick 1980000 alive   860134 genomes  230794 energy   210.7 births 11840704 deaths 11838525 (15135.2s) AMD Radeon RX 9070 XT (RADV GFX1201)
tick 1981000 alive   851012 genomes  229853 energy   210.3 births 11651338 deaths 11660460 (15142.7s) AMD Radeon RX 9070 XT (RADV GFX1201)
tick 1982000 alive   853655 genomes  230042 energy   211.0 births 11603653 deaths 11601010 (15150.4s) AMD Radeon RX 9070 XT (RADV GFX1201)
tick 1983000 alive   858330 genomes  230731 energy   210.6 births 11676343 deaths 11671668 (15158.1s) AMD Radeon RX 9070 XT (RADV GFX1201)
tick 1984000 alive   859315 genomes  231193 energy   210.7 births 11746553 deaths 11745568 (15165.8s) AMD Radeon RX 9070 XT (RADV GFX1201)
tick 1985000 alive   852110 genomes  229527 energy   210.4 births 11662416 deaths 11669621 (15173.3s) AMD Radeon RX 9070 XT (RADV GFX1201)
tick 1986000 alive   856883 genomes  231427 energy   209.9 births 11795474 deaths 11790701 (15181.0s) AMD Radeon RX 9070 XT (RADV GFX1201)
tick 1987000 alive   859750 genomes  233719 energy   210.2 births 11869263 deaths 11866396 (15188.7s) AMD Radeon RX 9070 XT (RADV GFX1201)
tick 1988000 alive   848539 genomes  233821 energy   210.4 births 11674175 deaths 11685386 (15196.4s) AMD Radeon RX 9070 XT (RADV GFX1201)
tick 1989000 alive   848957 genomes  233967 energy   210.5 births 11636170 deaths 11635752 (15203.9s) AMD Radeon RX 9070 XT (RADV GFX1201)
tick 1990000 alive   857088 genomes  233089 energy   210.8 births 11766375 deaths 11758244 (15211.5s) AMD Radeon RX 9070 XT (RADV GFX1201)
tick 1991000 alive   856120 genomes  233059 energy   210.4 births 11800097 deaths 11801065 (15219.1s) AMD Radeon RX 9070 XT (RADV GFX1201)
tick 1992000 alive   856294 genomes  232102 energy   210.3 births 11735148 deaths 11734974 (15226.8s) AMD Radeon RX 9070 XT (RADV GFX1201)
tick 1993000 alive   858992 genomes  230603 energy   210.4 births 11844973 deaths 11842275 (15234.4s) AMD Radeon RX 9070 XT (RADV GFX1201)
tick 1994000 alive   854953 genomes  232174 energy   210.8 births 11795542 deaths 11799581 (15241.9s) AMD Radeon RX 9070 XT (RADV GFX1201)
tick 1995000 alive   855399 genomes  232584 energy   210.4 births 11696720 deaths 11696274 (15249.5s) AMD Radeon RX 9070 XT (RADV GFX1201)
tick 1996000 alive   859137 genomes  233805 energy   209.9 births 11824048 deaths 11820310 (15257.1s) AMD Radeon RX 9070 XT (RADV GFX1201)
tick 1997000 alive   853309 genomes  232809 energy   210.8 births 11764415 deaths 11770243 (15264.7s) AMD Radeon RX 9070 XT (RADV GFX1201)
tick 1998000 alive   855902 genomes  233832 energy   210.9 births 11714318 deaths 11711725 (15272.1s) AMD Radeon RX 9070 XT (RADV GFX1201)
tick 1999000 alive   853089 genomes  233503 energy   210.5 births 11593125 deaths 11595938 (15279.8s) AMD Radeon RX 9070 XT (RADV GFX1201)
tick 2000000 alive   855327 genomes  234303 energy   210.7 births 11722070 deaths 11719832 (15287.5s) AMD Radeon RX 9070 XT (RADV GFX1201)
tick 2001000 alive   849049 genomes  232332 energy   210.5 births 11636639 deaths 11642917 (15295.1s) AMD Radeon RX 9070 XT (RADV GFX1201)
tick 2002000 alive   855518 genomes  231929 energy   210.6 births 11711985 deaths 11705516 (15302.6s) AMD Radeon RX 9070 XT (RADV GFX1201)
tick 2003000 alive   858611 genomes  231603 energy   210.7 births 11761670 deaths 11758577 (15310.2s) AMD Radeon RX 9070 XT (RADV GFX1201)
tick 2004000 alive   854059 genomes  232626 energy   210.5 births 11651578 deaths 11656130 (15317.8s) AMD Radeon RX 9070 XT (RADV GFX1201)
tick 2005000 alive   852410 genomes  231362 energy   210.7 births 11651389 deaths 11653038 (15325.4s) AMD Radeon RX 9070 XT (RADV GFX1201)
tick 2006000 alive   852276 genomes  230760 energy   210.8 births 11652035 deaths 11652169 (15332.9s) AMD Radeon RX 9070 XT (RADV GFX1201)
tick 2007000 alive   853999 genomes  232555 energy   210.8 births 11639125 deaths 11637402 (15340.5s) AMD Radeon RX 9070 XT (RADV GFX1201)
tick 2008000 alive   847449 genomes  231268 energy   211.5 births 11534988 deaths 11541538 (15348.1s) AMD Radeon RX 9070 XT (RADV GFX1201)
tick 2009000 alive   847975 genomes  232317 energy   211.3 births 11442050 deaths 11441524 (15355.7s) AMD Radeon RX 9070 XT (RADV GFX1201)
tick 2010000 alive   853591 genomes  233096 energy   210.5 births 11564967 deaths 11559351 (15363.2s) AMD Radeon RX 9070 XT (RADV GFX1201)
tick 2011000 alive   852369 genomes  233103 energy   211.0 births 11687822 deaths 11689044 (15370.8s) AMD Radeon RX 9070 XT (RADV GFX1201)
tick 2012000 alive   850946 genomes  233371 energy   210.6 births 11562637 deaths 11564060 (15378.4s) AMD Radeon RX 9070 XT (RADV GFX1201)
tick 2013000 alive   853606 genomes  233781 energy   210.5 births 11641695 deaths 11639035 (15385.9s) AMD Radeon RX 9070 XT (RADV GFX1201)
tick 2014000 alive   852191 genomes  234886 energy   210.7 births 11698112 deaths 11699527 (15393.5s) AMD Radeon RX 9070 XT (RADV GFX1201)
tick 2015000 alive   850660 genomes  235549 energy   211.1 births 11541928 deaths 11543459 (15401.0s) AMD Radeon RX 9070 XT (RADV GFX1201)
tick 2016000 alive   852432 genomes  237821 energy   211.0 births 11528899 deaths 11527127 (15408.6s) AMD Radeon RX 9070 XT (RADV GFX1201)
tick 2017000 alive   844432 genomes  238645 energy   210.7 births 11484482 deaths 11492482 (15416.3s) AMD Radeon RX 9070 XT (RADV GFX1201)
tick 2018000 alive   851893 genomes  237544 energy   210.5 births 11558994 deaths 11551533 (15424.0s) AMD Radeon RX 9070 XT (RADV GFX1201)
tick 2019000 alive   853037 genomes  236928 energy   210.0 births 11698477 deaths 11697333 (15431.5s) AMD Radeon RX 9070 XT (RADV GFX1201)
tick 2020000 alive   848378 genomes  235614 energy   210.6 births 11665614 deaths 11670273 (15439.1s) AMD Radeon RX 9070 XT (RADV GFX1201)
tick 2021000 alive   854393 genomes  233454 energy   210.1 births 11666492 deaths 11660477 (15446.7s) AMD Radeon RX 9070 XT (RADV GFX1201)
tick 2022000 alive   858009 genomes  232402 energy   210.1 births 11880690 deaths 11877074 (15454.4s) AMD Radeon RX 9070 XT (RADV GFX1201)
tick 2023000 alive   860247 genomes  231706 energy   210.1 births 11839403 deaths 11837165 (15461.8s) AMD Radeon RX 9070 XT (RADV GFX1201)
tick 2024000 alive   859089 genomes  230627 energy   210.0 births 11898360 deaths 11899518 (15469.4s) AMD Radeon RX 9070 XT (RADV GFX1201)
tick 2025000 alive   855895 genomes  230390 energy   210.6 births 11855175 deaths 11858369 (15477.0s) AMD Radeon RX 9070 XT (RADV GFX1201)
tick 2026000 alive   858220 genomes  232539 energy   210.2 births 11857644 deaths 11855319 (15484.6s) AMD Radeon RX 9070 XT (RADV GFX1201)
tick 2027000 alive   852956 genomes  232824 energy   210.3 births 11797795 deaths 11803059 (15492.1s) AMD Radeon RX 9070 XT (RADV GFX1201)
tick 2028000 alive   857419 genomes  231849 energy   210.4 births 11807162 deaths 11802699 (15499.7s) AMD Radeon RX 9070 XT (RADV GFX1201)
tick 2029000 alive   862222 genomes  232123 energy   210.5 births 11883592 deaths 11878789 (15507.3s) AMD Radeon RX 9070 XT (RADV GFX1201)
tick 2030000 alive   854437 genomes  233771 energy   211.1 births 11773014 deaths 11780799 (15514.9s) AMD Radeon RX 9070 XT (RADV GFX1201)
tick 2031000 alive   849156 genomes  234577 energy   210.6 births 11588407 deaths 11593688 (15522.5s) AMD Radeon RX 9070 XT (RADV GFX1201)
tick 2032000 alive   853386 genomes  234259 energy   210.8 births 11649695 deaths 11645465 (15530.0s) AMD Radeon RX 9070 XT (RADV GFX1201)
tick 2033000 alive   854845 genomes  233099 energy   210.4 births 11657607 deaths 11656148 (15537.6s) AMD Radeon RX 9070 XT (RADV GFX1201)
tick 2034000 alive   853401 genomes  232362 energy   210.8 births 11731003 deaths 11732447 (15545.3s) AMD Radeon RX 9070 XT (RADV GFX1201)
tick 2035000 alive   855676 genomes  231523 energy   210.9 births 11715469 deaths 11713194 (15552.9s) AMD Radeon RX 9070 XT (RADV GFX1201)
tick 2036000 alive   851863 genomes  231151 energy   211.2 births 11618841 deaths 11622654 (15560.3s) AMD Radeon RX 9070 XT (RADV GFX1201)
tick 2037000 alive   855952 genomes  232354 energy   210.6 births 11687373 deaths 11683284 (15568.0s) AMD Radeon RX 9070 XT (RADV GFX1201)
tick 2038000 alive   856134 genomes  231118 energy   210.1 births 11713296 deaths 11713114 (15575.7s) AMD Radeon RX 9070 XT (RADV GFX1201)
tick 2039000 alive   855946 genomes  232391 energy   210.8 births 11737819 deaths 11738007 (15583.3s) AMD Radeon RX 9070 XT (RADV GFX1201)
tick 2040000 alive   853387 genomes  232989 energy   211.0 births 11640303 deaths 11642862 (15590.8s) AMD Radeon RX 9070 XT (RADV GFX1201)
tick 2041000 alive   849062 genomes  233851 energy   210.6 births 11595225 deaths 11599550 (15598.5s) AMD Radeon RX 9070 XT (RADV GFX1201)
tick 2042000 alive   855831 genomes  234273 energy   210.2 births 11672599 deaths 11665830 (15606.1s) AMD Radeon RX 9070 XT (RADV GFX1201)
tick 2043000 alive   851082 genomes  233285 energy   210.5 births 11678470 deaths 11683219 (15613.7s) AMD Radeon RX 9070 XT (RADV GFX1201)
tick 2044000 alive   850298 genomes  232641 energy   210.3 births 11668627 deaths 11669411 (15621.2s) AMD Radeon RX 9070 XT (RADV GFX1201)
tick 2045000 alive   855940 genomes  233670 energy   210.9 births 11746455 deaths 11740813 (15628.8s) AMD Radeon RX 9070 XT (RADV GFX1201)
tick 2046000 alive   852696 genomes  234096 energy   210.8 births 11634593 deaths 11637837 (15636.5s) AMD Radeon RX 9070 XT (RADV GFX1201)
tick 2047000 alive   852348 genomes  234952 energy   210.9 births 11592982 deaths 11593330 (15644.1s) AMD Radeon RX 9070 XT (RADV GFX1201)
tick 2048000 alive   852644 genomes  234756 energy   210.6 births 11612677 deaths 11612381 (15651.6s) AMD Radeon RX 9070 XT (RADV GFX1201)
tick 2049000 alive   846344 genomes  235522 energy   211.1 births 11540653 deaths 11546953 (15659.2s) AMD Radeon RX 9070 XT (RADV GFX1201)
tick 2050000 alive   853337 genomes  235673 energy   210.6 births 11534812 deaths 11527819 (15666.9s) AMD Radeon RX 9070 XT (RADV GFX1201)
tick 2051000 alive   849339 genomes  234730 energy   210.5 births 11594578 deaths 11598576 (15674.5s) AMD Radeon RX 9070 XT (RADV GFX1201)
tick 2052000 alive   854064 genomes  233310 energy   210.5 births 11667567 deaths 11662842 (15682.1s) AMD Radeon RX 9070 XT (RADV GFX1201)
tick 2053000 alive   851486 genomes  233203 energy   210.5 births 11649876 deaths 11652454 (15689.6s) AMD Radeon RX 9070 XT (RADV GFX1201)
tick 2054000 alive   854939 genomes  233099 energy   210.7 births 11732830 deaths 11729377 (15697.3s) AMD Radeon RX 9070 XT (RADV GFX1201)
tick 2055000 alive   855573 genomes  232907 energy   210.7 births 11736817 deaths 11736183 (15705.0s) AMD Radeon RX 9070 XT (RADV GFX1201)
tick 2056000 alive   854208 genomes  232746 energy   211.0 births 11669652 deaths 11671017 (15712.6s) AMD Radeon RX 9070 XT (RADV GFX1201)
tick 2057000 alive   850955 genomes  232726 energy   210.6 births 11596992 deaths 11600245 (15720.0s) AMD Radeon RX 9070 XT (RADV GFX1201)
tick 2058000 alive   855212 genomes  235778 energy   210.6 births 11647410 deaths 11643153 (15727.6s) AMD Radeon RX 9070 XT (RADV GFX1201)
tick 2059000 alive   850225 genomes  234763 energy   210.4 births 11555403 deaths 11560390 (15735.2s) AMD Radeon RX 9070 XT (RADV GFX1201)
tick 2060000 alive   853447 genomes  233627 energy   210.8 births 11603872 deaths 11600650 (15742.8s) AMD Radeon RX 9070 XT (RADV GFX1201)
tick 2061000 alive   855437 genomes  233920 energy   210.9 births 11694454 deaths 11692464 (15750.4s) AMD Radeon RX 9070 XT (RADV GFX1201)
tick 2062000 alive   852838 genomes  235533 energy   211.2 births 11692644 deaths 11695243 (15758.1s) AMD Radeon RX 9070 XT (RADV GFX1201)
tick 2063000 alive   848550 genomes  235005 energy   210.1 births 11538036 deaths 11542324 (15765.9s) AMD Radeon RX 9070 XT (RADV GFX1201)
tick 2064000 alive   856840 genomes  236962 energy   210.7 births 11779666 deaths 11771376 (15773.6s) AMD Radeon RX 9070 XT (RADV GFX1201)
tick 2065000 alive   849489 genomes  236074 energy   210.5 births 11676795 deaths 11684146 (15781.1s) AMD Radeon RX 9070 XT (RADV GFX1201)
tick 2066000 alive   853839 genomes  235602 energy   210.4 births 11676221 deaths 11671871 (15788.7s) AMD Radeon RX 9070 XT (RADV GFX1201)
tick 2067000 alive   854023 genomes  234559 energy   210.0 births 11697848 deaths 11697664 (15796.3s) AMD Radeon RX 9070 XT (RADV GFX1201)
tick 2068000 alive   859298 genomes  232399 energy   210.1 births 11835400 deaths 11830125 (15803.9s) AMD Radeon RX 9070 XT (RADV GFX1201)
tick 2069000 alive   858784 genomes  232113 energy   210.3 births 11817970 deaths 11818484 (15811.4s) AMD Radeon RX 9070 XT (RADV GFX1201)
tick 2070000 alive   857598 genomes  232516 energy   210.1 births 11850737 deaths 11851923 (15819.1s) AMD Radeon RX 9070 XT (RADV GFX1201)
tick 2071000 alive   861305 genomes  232440 energy   209.5 births 11951805 deaths 11948098 (15826.7s) AMD Radeon RX 9070 XT (RADV GFX1201)
tick 2072000 alive   856576 genomes  229898 energy   210.4 births 11933831 deaths 11938560 (15834.4s) AMD Radeon RX 9070 XT (RADV GFX1201)
tick 2073000 alive   861077 genomes  229455 energy   210.2 births 11921758 deaths 11917257 (15842.1s) AMD Radeon RX 9070 XT (RADV GFX1201)
tick 2074000 alive   857484 genomes  228939 energy   210.6 births 11879195 deaths 11882788 (15849.5s) AMD Radeon RX 9070 XT (RADV GFX1201)
tick 2075000 alive   863597 genomes  229846 energy   210.2 births 11924856 deaths 11918743 (15857.2s) AMD Radeon RX 9070 XT (RADV GFX1201)
tick 2076000 alive   859508 genomes  228696 energy   210.2 births 11921198 deaths 11925287 (15864.8s) AMD Radeon RX 9070 XT (RADV GFX1201)
tick 2077000 alive   859129 genomes  228087 energy   209.9 births 11889686 deaths 11890065 (15872.5s) AMD Radeon RX 9070 XT (RADV GFX1201)
tick 2078000 alive   863406 genomes  229338 energy   210.1 births 11935235 deaths 11930958 (15880.0s) AMD Radeon RX 9070 XT (RADV GFX1201)
tick 2079000 alive   859148 genomes  230035 energy   210.6 births 11886463 deaths 11890721 (15887.6s) AMD Radeon RX 9070 XT (RADV GFX1201)
tick 2080000 alive   858197 genomes  231050 energy   210.1 births 11823753 deaths 11824704 (15895.2s) AMD Radeon RX 9070 XT (RADV GFX1201)
tick 2081000 alive   856390 genomes  231932 energy   210.6 births 11830735 deaths 11832542 (15902.8s) AMD Radeon RX 9070 XT (RADV GFX1201)
tick 2082000 alive   852274 genomes  230957 energy   210.7 births 11639644 deaths 11643760 (15910.2s) AMD Radeon RX 9070 XT (RADV GFX1201)
tick 2083000 alive   856361 genomes  232685 energy   210.5 births 11699096 deaths 11695009 (15917.8s) AMD Radeon RX 9070 XT (RADV GFX1201)
tick 2084000 alive   855143 genomes  231798 energy   210.6 births 11740016 deaths 11741234 (15925.4s) AMD Radeon RX 9070 XT (RADV GFX1201)
tick 2085000 alive   859442 genomes  231830 energy   209.9 births 11813852 deaths 11809553 (15933.0s) AMD Radeon RX 9070 XT (RADV GFX1201)
tick 2086000 alive   862797 genomes  231677 energy   210.5 births 11911185 deaths 11907830 (15940.5s) AMD Radeon RX 9070 XT (RADV GFX1201)
tick 2087000 alive   856577 genomes  230609 energy   210.6 births 11751016 deaths 11757236 (15948.2s) AMD Radeon RX 9070 XT (RADV GFX1201)
tick 2088000 alive   861953 genomes  230212 energy   210.5 births 11832795 deaths 11827419 (15955.8s) AMD Radeon RX 9070 XT (RADV GFX1201)
tick 2089000 alive   856690 genomes  230186 energy   210.4 births 11776759 deaths 11782022 (15963.5s) AMD Radeon RX 9070 XT (RADV GFX1201)
tick 2090000 alive   861774 genomes  230276 energy   209.9 births 11897864 deaths 11892780 (15971.1s) AMD Radeon RX 9070 XT (RADV GFX1201)
tick 2091000 alive   858198 genomes  229365 energy   210.0 births 11949266 deaths 11952842 (15978.7s) AMD Radeon RX 9070 XT (RADV GFX1201)
tick 2092000 alive   854571 genomes  229450 energy   210.3 births 11854369 deaths 11857996 (15986.3s) AMD Radeon RX 9070 XT (RADV GFX1201)
tick 2093000 alive   861148 genomes  228606 energy   210.1 births 11888356 deaths 11881779 (15993.9s) AMD Radeon RX 9070 XT (RADV GFX1201)
tick 2094000 alive   861488 genomes  228862 energy   210.0 births 11886340 deaths 11886000 (16001.6s) AMD Radeon RX 9070 XT (RADV GFX1201)
tick 2095000 alive   858643 genomes  228979 energy   209.9 births 11892201 deaths 11895046 (16009.1s) AMD Radeon RX 9070 XT (RADV GFX1201)
tick 2096000 alive   861615 genomes  228453 energy   210.2 births 11908631 deaths 11905659 (16016.8s) AMD Radeon RX 9070 XT (RADV GFX1201)
tick 2097000 alive   858261 genomes  227461 energy   210.2 births 11857071 deaths 11860425 (16024.4s) AMD Radeon RX 9070 XT (RADV GFX1201)
tick 2098000 alive   860222 genomes  228593 energy   210.6 births 11826954 deaths 11824993 (16032.1s) AMD Radeon RX 9070 XT (RADV GFX1201)
tick 2099000 alive   854577 genomes  229659 energy   210.5 births 11714974 deaths 11720619 (16039.6s) AMD Radeon RX 9070 XT (RADV GFX1201)
tick 2100000 alive   850474 genomes  231180 energy   210.6 births 11632433 deaths 11636536 (16047.2s) AMD Radeon RX 9070 XT (RADV GFX1201)
tick 2101000 alive   850448 genomes  231570 energy   211.0 births 11556055 deaths 11556081 (16054.8s) AMD Radeon RX 9070 XT (RADV GFX1201)
tick 2102000 alive   844973 genomes  233361 energy   211.3 births 11394439 deaths 11399914 (16062.4s) AMD Radeon RX 9070 XT (RADV GFX1201)
tick 2103000 alive   846267 genomes  233325 energy   211.1 births 11439866 deaths 11438572 (16069.9s) AMD Radeon RX 9070 XT (RADV GFX1201)
tick 2104000 alive   852265 genomes  233755 energy   210.8 births 11584025 deaths 11578027 (16077.5s) AMD Radeon RX 9070 XT (RADV GFX1201)
tick 2105000 alive   850861 genomes  231980 energy   210.6 births 11594781 deaths 11596185 (16085.2s) AMD Radeon RX 9070 XT (RADV GFX1201)
tick 2106000 alive   853330 genomes  230511 energy   210.8 births 11597019 deaths 11594550 (16092.8s) AMD Radeon RX 9070 XT (RADV GFX1201)
tick 2107000 alive   848504 genomes  231584 energy   210.9 births 11539175 deaths 11544001 (16100.3s) AMD Radeon RX 9070 XT (RADV GFX1201)
tick 2108000 alive   856778 genomes  231942 energy   210.2 births 11672040 deaths 11663766 (16107.9s) AMD Radeon RX 9070 XT (RADV GFX1201)
tick 2109000 alive   853025 genomes  232274 energy   210.8 births 11752087 deaths 11755840 (16115.5s) AMD Radeon RX 9070 XT (RADV GFX1201)
tick 2110000 alive   851701 genomes  232390 energy   210.2 births 11598520 deaths 11599844 (16123.1s) AMD Radeon RX 9070 XT (RADV GFX1201)
tick 2111000 alive   848348 genomes  233000 energy   210.7 births 11613283 deaths 11616636 (16130.7s) AMD Radeon RX 9070 XT (RADV GFX1201)
tick 2112000 alive   844301 genomes  234258 energy   210.8 births 11512315 deaths 11516362 (16138.2s) AMD Radeon RX 9070 XT (RADV GFX1201)
tick 2113000 alive   847722 genomes  235394 energy   210.4 births 11520628 deaths 11517207 (16145.9s) AMD Radeon RX 9070 XT (RADV GFX1201)
tick 2114000 alive   850468 genomes  236598 energy   210.9 births 11488291 deaths 11485545 (16153.6s) AMD Radeon RX 9070 XT (RADV GFX1201)
tick 2115000 alive   844553 genomes  237846 energy   211.1 births 11454835 deaths 11460750 (16161.3s) AMD Radeon RX 9070 XT (RADV GFX1201)
tick 2116000 alive   844499 genomes  237402 energy   210.6 births 11485738 deaths 11485792 (16168.8s) AMD Radeon RX 9070 XT (RADV GFX1201)
tick 2117000 alive   852918 genomes  236655 energy   210.4 births 11611067 deaths 11602648 (16176.4s) AMD Radeon RX 9070 XT (RADV GFX1201)
tick 2118000 alive   852690 genomes  237421 energy   210.8 births 11654428 deaths 11654656 (16184.0s) AMD Radeon RX 9070 XT (RADV GFX1201)
tick 2119000 alive   852165 genomes  237608 energy   210.6 births 11632038 deaths 11632563 (16191.7s) AMD Radeon RX 9070 XT (RADV GFX1201)
tick 2120000 alive   844833 genomes  236579 energy   210.9 births 11573824 deaths 11581156 (16199.2s) AMD Radeon RX 9070 XT (RADV GFX1201)
tick 2121000 alive   849332 genomes  237019 energy   210.4 births 11524141 deaths 11519642 (16206.8s) AMD Radeon RX 9070 XT (RADV GFX1201)
tick 2122000 alive   850078 genomes  235333 energy   210.7 births 11571007 deaths 11570261 (16214.5s) AMD Radeon RX 9070 XT (RADV GFX1201)
tick 2123000 alive   849468 genomes  236551 energy   210.9 births 11604758 deaths 11605368 (16222.1s) AMD Radeon RX 9070 XT (RADV GFX1201)
tick 2124000 alive   849243 genomes  236099 energy   210.6 births 11530098 deaths 11530323 (16229.6s) AMD Radeon RX 9070 XT (RADV GFX1201)
tick 2125000 alive   850021 genomes  235898 energy   210.9 births 11602778 deaths 11602000 (16237.2s) AMD Radeon RX 9070 XT (RADV GFX1201)
tick 2126000 alive   847416 genomes  237313 energy   210.4 births 11542939 deaths 11545544 (16244.8s) AMD Radeon RX 9070 XT (RADV GFX1201)
tick 2127000 alive   849433 genomes  236256 energy   210.5 births 11595314 deaths 11593297 (16252.5s) AMD Radeon RX 9070 XT (RADV GFX1201)
tick 2128000 alive   854449 genomes  235177 energy   210.3 births 11717434 deaths 11712418 (16260.0s) AMD Radeon RX 9070 XT (RADV GFX1201)
tick 2129000 alive   854759 genomes  232321 energy   210.5 births 11758328 deaths 11758018 (16267.6s) AMD Radeon RX 9070 XT (RADV GFX1201)
tick 2130000 alive   856402 genomes  232829 energy   210.6 births 11730108 deaths 11728465 (16275.3s) AMD Radeon RX 9070 XT (RADV GFX1201)
tick 2131000 alive   857893 genomes  233192 energy   210.4 births 11852748 deaths 11851257 (16283.0s) AMD Radeon RX 9070 XT (RADV GFX1201)
tick 2132000 alive   853581 genomes  232785 energy   210.3 births 11797059 deaths 11801371 (16290.7s) AMD Radeon RX 9070 XT (RADV GFX1201)
tick 2133000 alive   853063 genomes  232071 energy   210.4 births 11709924 deaths 11710442 (16298.1s) AMD Radeon RX 9070 XT (RADV GFX1201)
tick 2134000 alive   859291 genomes  231515 energy   210.2 births 11806989 deaths 11800761 (16305.7s) AMD Radeon RX 9070 XT (RADV GFX1201)
tick 2135000 alive   859876 genomes  231410 energy   210.4 births 11934650 deaths 11934065 (16313.3s) AMD Radeon RX 9070 XT (RADV GFX1201)
tick 2136000 alive   855405 genomes  230924 energy   210.6 births 11761026 deaths 11765497 (16320.9s) AMD Radeon RX 9070 XT (RADV GFX1201)
tick 2137000 alive   856516 genomes  230109 energy   209.8 births 11769404 deaths 11768293 (16328.4s) AMD Radeon RX 9070 XT (RADV GFX1201)
tick 2138000 alive   863913 genomes  229597 energy   209.5 births 12012391 deaths 12004994 (16336.1s) AMD Radeon RX 9070 XT (RADV GFX1201)
tick 2139000 alive   864368 genomes  229167 energy   209.6 births 12056593 deaths 12056138 (16343.8s) AMD Radeon RX 9070 XT (RADV GFX1201)
tick 2140000 alive   861925 genomes  227645 energy   209.6 births 12075437 deaths 12077880 (16351.5s) AMD Radeon RX 9070 XT (RADV GFX1201)
tick 2141000 alive   866447 genomes  230099 energy   209.8 births 12082731 deaths 12078209 (16359.0s) AMD Radeon RX 9070 XT (RADV GFX1201)
tick 2142000 alive   857817 genomes  228537 energy   211.0 births 11961925 deaths 11970555 (16366.6s) AMD Radeon RX 9070 XT (RADV GFX1201)
tick 2143000 alive   855201 genomes  227134 energy   210.0 births 11771061 deaths 11773677 (16374.2s) AMD Radeon RX 9070 XT (RADV GFX1201)
tick 2144000 alive   862602 genomes  226343 energy   210.3 births 11966520 deaths 11959119 (16381.8s) AMD Radeon RX 9070 XT (RADV GFX1201)
tick 2145000 alive   857542 genomes  226256 energy   210.2 births 11946945 deaths 11952005 (16389.2s) AMD Radeon RX 9070 XT (RADV GFX1201)
tick 2146000 alive   863558 genomes  226886 energy   210.0 births 11941164 deaths 11935148 (16396.9s) AMD Radeon RX 9070 XT (RADV GFX1201)
tick 2147000 alive   860278 genomes  226843 energy   210.4 births 11896140 deaths 11899420 (16404.5s) AMD Radeon RX 9070 XT (RADV GFX1201)
tick 2148000 alive   860904 genomes  229489 energy   210.4 births 11862821 deaths 11862195 (16412.1s) AMD Radeon RX 9070 XT (RADV GFX1201)
tick 2149000 alive   858172 genomes  230251 energy   210.1 births 11770121 deaths 11772853 (16419.7s) AMD Radeon RX 9070 XT (RADV GFX1201)
tick 2150000 alive   861249 genomes  231337 energy   210.7 births 11796966 deaths 11793889 (16427.3s) AMD Radeon RX 9070 XT (RADV GFX1201)
tick 2151000 alive   851946 genomes  231476 energy   211.3 births 11610793 deaths 11620096 (16434.9s) AMD Radeon RX 9070 XT (RADV GFX1201)
tick 2152000 alive   847618 genomes  231064 energy   211.7 births 11458179 deaths 11462507 (16442.6s) AMD Radeon RX 9070 XT (RADV GFX1201)
tick 2153000 alive   849634 genomes  230762 energy   210.5 births 11519304 deaths 11517288 (16450.3s) AMD Radeon RX 9070 XT (RADV GFX1201)
tick 2154000 alive   857083 genomes  231314 energy   211.1 births 11697330 deaths 11689881 (16457.8s) AMD Radeon RX 9070 XT (RADV GFX1201)
tick 2155000 alive   854555 genomes  232783 energy   211.1 births 11644073 deaths 11646601 (16465.4s) AMD Radeon RX 9070 XT (RADV GFX1201)
tick 2156000 alive   849835 genomes  233240 energy   210.5 births 11558007 deaths 11562727 (16473.1s) AMD Radeon RX 9070 XT (RADV GFX1201)
tick 2157000 alive   853103 genomes  234987 energy   210.6 births 11628055 deaths 11624787 (16480.7s) AMD Radeon RX 9070 XT (RADV GFX1201)
tick 2158000 alive   847912 genomes  234138 energy   210.4 births 11579832 deaths 11585023 (16488.2s) AMD Radeon RX 9070 XT (RADV GFX1201)
tick 2159000 alive   850431 genomes  232285 energy   210.7 births 11520122 deaths 11517603 (16495.9s) AMD Radeon RX 9070 XT (RADV GFX1201)
tick 2160000 alive   851619 genomes  233860 energy   210.6 births 11566700 deaths 11565512 (16503.6s) AMD Radeon RX 9070 XT (RADV GFX1201)
tick 2161000 alive   848938 genomes  234836 energy   210.7 births 11538173 deaths 11540854 (16511.2s) AMD Radeon RX 9070 XT (RADV GFX1201)
tick 2162000 alive   852957 genomes  234470 energy   210.9 births 11559295 deaths 11555276 (16518.7s) AMD Radeon RX 9070 XT (RADV GFX1201)
tick 2163000 alive   848894 genomes  234297 energy   211.0 births 11529955 deaths 11534018 (16526.4s) AMD Radeon RX 9070 XT (RADV GFX1201)
tick 2164000 alive   841497 genomes  233175 energy   210.7 births 11427998 deaths 11435395 (16534.0s) AMD Radeon RX 9070 XT (RADV GFX1201)
tick 2165000 alive   852181 genomes  231711 energy   210.3 births 11558807 deaths 11548123 (16541.7s) AMD Radeon RX 9070 XT (RADV GFX1201)
tick 2166000 alive   857658 genomes  232511 energy   210.4 births 11787681 deaths 11782204 (16549.1s) AMD Radeon RX 9070 XT (RADV GFX1201)
tick 2167000 alive   851396 genomes  231739 energy   210.5 births 11713713 deaths 11719975 (16556.8s) AMD Radeon RX 9070 XT (RADV GFX1201)
tick 2168000 alive   851076 genomes  233004 energy   210.7 births 11605695 deaths 11606015 (16564.5s) AMD Radeon RX 9070 XT (RADV GFX1201)
tick 2169000 alive   848908 genomes  234613 energy   210.4 births 11559655 deaths 11561823 (16572.2s) AMD Radeon RX 9070 XT (RADV GFX1201)
tick 2170000 alive   849285 genomes  235554 energy   210.4 births 11641671 deaths 11641294 (16579.9s) AMD Radeon RX 9070 XT (RADV GFX1201)
tick 2171000 alive   850862 genomes  236165 energy   210.8 births 11634136 deaths 11632559 (16587.4s) AMD Radeon RX 9070 XT (RADV GFX1201)
tick 2172000 alive   849038 genomes  236555 energy   211.2 births 11572030 deaths 11573854 (16595.1s) AMD Radeon RX 9070 XT (RADV GFX1201)
tick 2173000 alive   846578 genomes  237426 energy   210.4 births 11516406 deaths 11518866 (16602.7s) AMD Radeon RX 9070 XT (RADV GFX1201)
tick 2174000 alive   851048 genomes  236342 energy   210.4 births 11671887 deaths 11667417 (16610.4s) AMD Radeon RX 9070 XT (RADV GFX1201)
tick 2175000 alive   851557 genomes  237255 energy   210.7 births 11583339 deaths 11582830 (16617.9s) AMD Radeon RX 9070 XT (RADV GFX1201)
tick 2176000 alive   851860 genomes  236608 energy   210.4 births 11576855 deaths 11576552 (16625.6s) AMD Radeon RX 9070 XT (RADV GFX1201)
tick 2177000 alive   849479 genomes  236225 energy   211.0 births 11566942 deaths 11569323 (16633.3s) AMD Radeon RX 9070 XT (RADV GFX1201)
tick 2178000 alive   851446 genomes  236434 energy   211.3 births 11585912 deaths 11583945 (16641.0s) AMD Radeon RX 9070 XT (RADV GFX1201)
tick 2179000 alive   851901 genomes  238512 energy   210.0 births 11618554 deaths 11618099 (16648.5s) AMD Radeon RX 9070 XT (RADV GFX1201)
tick 2180000 alive   848897 genomes  237198 energy   210.2 births 11620796 deaths 11623800 (16656.2s) AMD Radeon RX 9070 XT (RADV GFX1201)
tick 2181000 alive   851121 genomes  234903 energy   210.8 births 11603072 deaths 11600848 (16663.9s) AMD Radeon RX 9070 XT (RADV GFX1201)
tick 2182000 alive   851142 genomes  233585 energy   210.4 births 11688717 deaths 11688696 (16671.5s) AMD Radeon RX 9070 XT (RADV GFX1201)
tick 2183000 alive   854318 genomes  233885 energy   210.9 births 11699547 deaths 11696371 (16679.0s) AMD Radeon RX 9070 XT (RADV GFX1201)
tick 2184000 alive   855992 genomes  232812 energy   210.1 births 11767069 deaths 11765395 (16686.6s) AMD Radeon RX 9070 XT (RADV GFX1201)
tick 2185000 alive   857912 genomes  231879 energy   210.0 births 11911015 deaths 11909095 (16694.2s) AMD Radeon RX 9070 XT (RADV GFX1201)
tick 2186000 alive   862376 genomes  231943 energy   209.6 births 12020974 deaths 12016510 (16701.9s) AMD Radeon RX 9070 XT (RADV GFX1201)
tick 2187000 alive   861111 genomes  230552 energy   210.3 births 12048796 deaths 12050061 (16709.4s) AMD Radeon RX 9070 XT (RADV GFX1201)
tick 2188000 alive   857083 genomes  228363 energy   210.1 births 11886740 deaths 11890768 (16717.0s) AMD Radeon RX 9070 XT (RADV GFX1201)
tick 2189000 alive   866378 genomes  227086 energy   210.1 births 12001967 deaths 11992672 (16724.7s) AMD Radeon RX 9070 XT (RADV GFX1201)
tick 2190000 alive   860088 genomes  228816 energy   210.1 births 11930229 deaths 11936519 (16732.3s) AMD Radeon RX 9070 XT (RADV GFX1201)
tick 2191000 alive   860326 genomes  228076 energy   210.3 births 11868543 deaths 11868305 (16740.0s) AMD Radeon RX 9070 XT (RADV GFX1201)
tick 2192000 alive   860076 genomes  230450 energy   210.5 births 11891670 deaths 11891920 (16747.4s) AMD Radeon RX 9070 XT (RADV GFX1201)
tick 2193000 alive   854712 genomes  230217 energy   210.0 births 11731792 deaths 11737156 (16755.0s) AMD Radeon RX 9070 XT (RADV GFX1201)
tick 2194000 alive   862413 genomes  230518 energy   210.0 births 11939272 deaths 11931571 (16762.7s) AMD Radeon RX 9070 XT (RADV GFX1201)
tick 2195000 alive   859131 genomes  230451 energy   210.7 births 11851825 deaths 11855107 (16770.3s) AMD Radeon RX 9070 XT (RADV GFX1201)
tick 2196000 alive   856250 genomes  229955 energy   210.5 births 11774090 deaths 11776971 (16777.7s) AMD Radeon RX 9070 XT (RADV GFX1201)
tick 2197000 alive   856909 genomes  230266 energy   210.4 births 11738077 deaths 11737418 (16785.4s) AMD Radeon RX 9070 XT (RADV GFX1201)
tick 2198000 alive   858476 genomes  229299 energy   210.7 births 11792354 deaths 11790787 (16793.0s) AMD Radeon RX 9070 XT (RADV GFX1201)
tick 2199000 alive   855421 genomes  228739 energy   210.6 births 11735556 deaths 11738611 (16800.6s) AMD Radeon RX 9070 XT (RADV GFX1201)
tick 2200000 alive   858634 genomes  231038 energy   210.3 births 11743321 deaths 11740108 (16808.1s) AMD Radeon RX 9070 XT (RADV GFX1201)
tick 2201000 alive   852676 genomes  230859 energy   210.9 births 11693405 deaths 11699363 (16815.7s) AMD Radeon RX 9070 XT (RADV GFX1201)
tick 2202000 alive   853034 genomes  230100 energy   210.8 births 11665339 deaths 11664981 (16823.3s) AMD Radeon RX 9070 XT (RADV GFX1201)
tick 2203000 alive   853725 genomes  229646 energy   210.7 births 11678196 deaths 11677505 (16830.9s) AMD Radeon RX 9070 XT (RADV GFX1201)
tick 2204000 alive   860754 genomes  230802 energy   210.2 births 11734038 deaths 11727009 (16838.3s) AMD Radeon RX 9070 XT (RADV GFX1201)
tick 2205000 alive   852387 genomes  231587 energy   210.8 births 11750098 deaths 11758465 (16846.0s) AMD Radeon RX 9070 XT (RADV GFX1201)
tick 2206000 alive   851783 genomes  232842 energy   211.2 births 11545616 deaths 11546220 (16853.6s) AMD Radeon RX 9070 XT (RADV GFX1201)
tick 2207000 alive   851369 genomes  233627 energy   211.3 births 11531746 deaths 11532160 (16861.2s) AMD Radeon RX 9070 XT (RADV GFX1201)
tick 2208000 alive   846711 genomes  234983 energy   210.9 births 11428107 deaths 11432765 (16868.8s) AMD Radeon RX 9070 XT (RADV GFX1201)
tick 2209000 alive   849536 genomes  234572 energy   210.6 births 11520861 deaths 11518036 (16876.4s) AMD Radeon RX 9070 XT (RADV GFX1201)
tick 2210000 alive   848138 genomes  235213 energy   211.2 births 11534186 deaths 11535584 (16884.1s) AMD Radeon RX 9070 XT (RADV GFX1201)
tick 2211000 alive   849945 genomes  236089 energy   210.8 births 11434673 deaths 11432866 (16891.7s) AMD Radeon RX 9070 XT (RADV GFX1201)
tick 2212000 alive   850226 genomes  237394 energy   210.9 births 11552472 deaths 11552191 (16899.4s) AMD Radeon RX 9070 XT (RADV GFX1201)
tick 2213000 alive   845125 genomes  236171 energy   211.0 births 11457337 deaths 11462438 (16906.9s) AMD Radeon RX 9070 XT (RADV GFX1201)
tick 2214000 alive   843724 genomes  235577 energy   210.6 births 11366288 deaths 11367689 (16914.6s) AMD Radeon RX 9070 XT (RADV GFX1201)
tick 2215000 alive   849744 genomes  236260 energy   211.0 births 11582626 deaths 11576606 (16922.3s) AMD Radeon RX 9070 XT (RADV GFX1201)
tick 2216000 alive   847218 genomes  236511 energy   211.0 births 11459409 deaths 11461935 (16930.0s) AMD Radeon RX 9070 XT (RADV GFX1201)
tick 2217000 alive   847685 genomes  237518 energy   211.2 births 11534999 deaths 11534532 (16937.5s) AMD Radeon RX 9070 XT (RADV GFX1201)
tick 2218000 alive   843452 genomes  237545 energy   211.1 births 11399710 deaths 11403943 (16945.2s) AMD Radeon RX 9070 XT (RADV GFX1201)
tick 2219000 alive   846922 genomes  237408 energy   210.5 births 11458247 deaths 11454777 (16952.8s) AMD Radeon RX 9070 XT (RADV GFX1201)
tick 2220000 alive   855000 genomes  236171 energy   211.0 births 11637558 deaths 11629480 (16960.5s) AMD Radeon RX 9070 XT (RADV GFX1201)
tick 2221000 alive   847819 genomes  238025 energy   211.3 births 11522222 deaths 11529403 (16968.0s) AMD Radeon RX 9070 XT (RADV GFX1201)
tick 2222000 alive   841378 genomes  236043 energy   211.0 births 11371786 deaths 11378227 (16975.5s) AMD Radeon RX 9070 XT (RADV GFX1201)
tick 2223000 alive   852626 genomes  236664 energy   210.8 births 11508501 deaths 11497253 (16983.1s) AMD Radeon RX 9070 XT (RADV GFX1201)
tick 2224000 alive   848569 genomes  235982 energy   210.7 births 11599025 deaths 11603082 (16990.7s) AMD Radeon RX 9070 XT (RADV GFX1201)
tick 2225000 alive   855244 genomes  235124 energy   210.4 births 11652514 deaths 11645839 (16998.1s) AMD Radeon RX 9070 XT (RADV GFX1201)
tick 2226000 alive   848464 genomes  234059 energy   210.8 births 11633718 deaths 11640498 (17005.7s) AMD Radeon RX 9070 XT (RADV GFX1201)
tick 2227000 alive   855701 genomes  233971 energy   209.7 births 11735181 deaths 11727944 (17013.4s) AMD Radeon RX 9070 XT (RADV GFX1201)
tick 2228000 alive   856227 genomes  233244 energy   210.0 births 11841808 deaths 11841282 (17021.0s) AMD Radeon RX 9070 XT (RADV GFX1201)
tick 2229000 alive   855999 genomes  232066 energy   210.9 births 11761959 deaths 11762187 (17028.7s) AMD Radeon RX 9070 XT (RADV GFX1201)
tick 2230000 alive   851079 genomes  233299 energy   210.4 births 11637642 deaths 11642562 (17036.2s) AMD Radeon RX 9070 XT (RADV GFX1201)
tick 2231000 alive   848675 genomes  232551 energy   210.2 births 11683179 deaths 11685583 (17043.8s) AMD Radeon RX 9070 XT (RADV GFX1201)
tick 2232000 alive   852616 genomes  233319 energy   210.1 births 11703403 deaths 11699462 (17051.5s) AMD Radeon RX 9070 XT (RADV GFX1201)
tick 2233000 alive   850079 genomes  235040 energy   210.3 births 11721562 deaths 11724099 (17059.1s) AMD Radeon RX 9070 XT (RADV GFX1201)
tick 2234000 alive   850125 genomes  234783 energy   210.4 births 11646438 deaths 11646392 (17066.6s) AMD Radeon RX 9070 XT (RADV GFX1201)
tick 2235000 alive   848783 genomes  234701 energy   210.5 births 11595921 deaths 11597263 (17074.3s) AMD Radeon RX 9070 XT (RADV GFX1201)
tick 2236000 alive   853219 genomes  235233 energy   210.6 births 11641342 deaths 11636906 (17081.9s) AMD Radeon RX 9070 XT (RADV GFX1201)
tick 2237000 alive   850902 genomes  237010 energy   210.1 births 11664774 deaths 11667091 (17089.6s) AMD Radeon RX 9070 XT (RADV GFX1201)
tick 2238000 alive   848660 genomes  237264 energy   210.2 births 11712948 deaths 11715190 (17097.0s) AMD Radeon RX 9070 XT (RADV GFX1201)
tick 2239000 alive   846817 genomes  237007 energy   210.1 births 11629153 deaths 11630996 (17104.7s) AMD Radeon RX 9070 XT (RADV GFX1201)
tick 2240000 alive   850430 genomes  235733 energy   209.9 births 11717113 deaths 11713500 (17112.3s) AMD Radeon RX 9070 XT (RADV GFX1201)
tick 2241000 alive   853445 genomes  233784 energy   210.2 births 11831720 deaths 11828705 (17119.9s) AMD Radeon RX 9070 XT (RADV GFX1201)
tick 2242000 alive   849227 genomes  234560 energy   210.3 births 11738594 deaths 11742812 (17127.4s) AMD Radeon RX 9070 XT (RADV GFX1201)
tick 2243000 alive   853164 genomes  234501 energy   210.1 births 11749327 deaths 11745390 (17135.0s) AMD Radeon RX 9070 XT (RADV GFX1201)
tick 2244000 alive   852160 genomes  234599 energy   210.3 births 11703719 deaths 11704723 (17142.7s) AMD Radeon RX 9070 XT (RADV GFX1201)
tick 2245000 alive   852174 genomes  232668 energy   210.2 births 11747662 deaths 11747648 (17150.3s) AMD Radeon RX 9070 XT (RADV GFX1201)
tick 2246000 alive   859677 genomes  232014 energy   210.0 births 11835131 deaths 11827628 (17157.8s) AMD Radeon RX 9070 XT (RADV GFX1201)
tick 2247000 alive   859082 genomes  231903 energy   209.9 births 11878655 deaths 11879250 (17165.4s) AMD Radeon RX 9070 XT (RADV GFX1201)
tick 2248000 alive   858103 genomes  232441 energy   210.2 births 11865389 deaths 11866368 (17173.0s) AMD Radeon RX 9070 XT (RADV GFX1201)
tick 2249000 alive   856657 genomes  231674 energy   210.0 births 11897468 deaths 11898914 (17180.7s) AMD Radeon RX 9070 XT (RADV GFX1201)
tick 2250000 alive   860246 genomes  229941 energy   210.2 births 11979858 deaths 11976269 (17188.3s) AMD Radeon RX 9070 XT (RADV GFX1201)
tick 2251000 alive   863499 genomes  228700 energy   209.5 births 12018830 deaths 12015577 (17195.8s) AMD Radeon RX 9070 XT (RADV GFX1201)
tick 2252000 alive   871169 genomes  227754 energy   209.8 births 12131539 deaths 12123869 (17203.5s) AMD Radeon RX 9070 XT (RADV GFX1201)
tick 2253000 alive   862128 genomes  228627 energy   210.4 births 12045699 deaths 12054740 (17211.1s) AMD Radeon RX 9070 XT (RADV GFX1201)
tick 2254000 alive   854988 genomes  229342 energy   210.6 births 11870216 deaths 11877356 (17218.8s) AMD Radeon RX 9070 XT (RADV GFX1201)
tick 2255000 alive   852159 genomes  230167 energy   210.3 births 11814271 deaths 11817100 (17226.3s) AMD Radeon RX 9070 XT (RADV GFX1201)
tick 2256000 alive   856279 genomes  230782 energy   210.6 births 11775785 deaths 11771665 (17233.9s) AMD Radeon RX 9070 XT (RADV GFX1201)
tick 2257000 alive   853604 genomes  231416 energy   210.6 births 11744645 deaths 11747320 (17241.5s) AMD Radeon RX 9070 XT (RADV GFX1201)
tick 2258000 alive   852947 genomes  231933 energy   210.5 births 11665752 deaths 11666409 (17249.2s) AMD Radeon RX 9070 XT (RADV GFX1201)
tick 2259000 alive   852508 genomes  232971 energy   210.7 births 11654791 deaths 11655230 (17256.6s) AMD Radeon RX 9070 XT (RADV GFX1201)
tick 2260000 alive   848090 genomes  232567 energy   210.4 births 11616116 deaths 11620534 (17264.3s) AMD Radeon RX 9070 XT (RADV GFX1201)
tick 2261000 alive   849549 genomes  232655 energy   210.3 births 11608422 deaths 11606963 (17271.9s) AMD Radeon RX 9070 XT (RADV GFX1201)
tick 2262000 alive   855964 genomes  234599 energy   210.6 births 11694680 deaths 11688265 (17279.6s) AMD Radeon RX 9070 XT (RADV GFX1201)
tick 2263000 alive   851537 genomes  235026 energy   211.0 births 11624945 deaths 11629372 (17287.1s) AMD Radeon RX 9070 XT (RADV GFX1201)
tick 2264000 alive   853214 genomes  235133 energy   211.1 births 11559861 deaths 11558184 (17294.8s) AMD Radeon RX 9070 XT (RADV GFX1201)
tick 2265000 alive   850029 genomes  235805 energy   211.1 births 11528264 deaths 11531449 (17302.4s) AMD Radeon RX 9070 XT (RADV GFX1201)
tick 2266000 alive   845190 genomes  235529 energy   210.7 births 11487356 deaths 11492195 (17310.1s) AMD Radeon RX 9070 XT (RADV GFX1201)
tick 2267000 alive   846427 genomes  237229 energy   210.4 births 11557962 deaths 11556725 (17317.7s) AMD Radeon RX 9070 XT (RADV GFX1201)
tick 2268000 alive   847717 genomes  234489 energy   210.4 births 11609934 deaths 11608644 (17325.2s) AMD Radeon RX 9070 XT (RADV GFX1201)
tick 2269000 alive   845342 genomes  235725 energy   210.6 births 11598020 deaths 11600395 (17332.9s) AMD Radeon RX 9070 XT (RADV GFX1201)
tick 2270000 alive   845119 genomes  236865 energy   210.8 births 11501586 deaths 11501809 (17340.5s) AMD Radeon RX 9070 XT (RADV GFX1201)
tick 2271000 alive   844739 genomes  237174 energy   210.5 births 11502131 deaths 11502511 (17348.1s) AMD Radeon RX 9070 XT (RADV GFX1201)
tick 2272000 alive   843604 genomes  236846 energy   210.6 births 11486525 deaths 11487660 (17355.6s) AMD Radeon RX 9070 XT (RADV GFX1201)
tick 2273000 alive   850459 genomes  235286 energy   210.2 births 11498433 deaths 11491578 (17363.2s) AMD Radeon RX 9070 XT (RADV GFX1201)
tick 2274000 alive   848695 genomes  235372 energy   210.5 births 11615621 deaths 11617385 (17370.8s) AMD Radeon RX 9070 XT (RADV GFX1201)
tick 2275000 alive   851800 genomes  233852 energy   210.6 births 11628166 deaths 11625061 (17378.4s) AMD Radeon RX 9070 XT (RADV GFX1201)
tick 2276000 alive   857287 genomes  233586 energy   210.1 births 11788015 deaths 11782528 (17385.8s) AMD Radeon RX 9070 XT (RADV GFX1201)
tick 2277000 alive   858180 genomes  232623 energy   210.3 births 11751415 deaths 11750522 (17393.5s) AMD Radeon RX 9070 XT (RADV GFX1201)
tick 2278000 alive   849269 genomes  233270 energy   210.2 births 11681517 deaths 11690428 (17401.1s) AMD Radeon RX 9070 XT (RADV GFX1201)
tick 2279000 alive   853492 genomes  234979 energy   210.1 births 11705279 deaths 11701056 (17408.8s) AMD Radeon RX 9070 XT (RADV GFX1201)
tick 2280000 alive   853807 genomes  235517 energy   210.2 births 11765984 deaths 11765669 (17416.2s) AMD Radeon RX 9070 XT (RADV GFX1201)
tick 2281000 alive   854362 genomes  234661 energy   210.5 births 11758647 deaths 11758092 (17423.9s) AMD Radeon RX 9070 XT (RADV GFX1201)
tick 2282000 alive   856457 genomes  235127 energy   210.8 births 11695367 deaths 11693272 (17431.6s) AMD Radeon RX 9070 XT (RADV GFX1201)
tick 2283000 alive   850041 genomes  236021 energy   211.2 births 11609046 deaths 11615462 (17439.3s) AMD Radeon RX 9070 XT (RADV GFX1201)
tick 2284000 alive   844863 genomes  233578 energy   210.8 births 11435744 deaths 11440922 (17446.7s) AMD Radeon RX 9070 XT (RADV GFX1201)
tick 2285000 alive   857691 genomes  233469 energy   210.4 births 11697311 deaths 11684483 (17454.4s) AMD Radeon RX 9070 XT (RADV GFX1201)
tick 2286000 alive   856622 genomes  231976 energy   210.3 births 11778565 deaths 11779634 (17462.1s) AMD Radeon RX 9070 XT (RADV GFX1201)
tick 2287000 alive   860421 genomes  232501 energy   210.5 births 11839628 deaths 11835829 (17469.8s) AMD Radeon RX 9070 XT (RADV GFX1201)
tick 2288000 alive   860826 genomes  231459 energy   209.9 births 11935588 deaths 11935183 (17477.4s) AMD Radeon RX 9070 XT (RADV GFX1201)
tick 2289000 alive   859958 genomes  231610 energy   210.2 births 11866864 deaths 11867732 (17485.0s) AMD Radeon RX 9070 XT (RADV GFX1201)
tick 2290000 alive   862759 genomes  230625 energy   210.8 births 11911165 deaths 11908364 (17492.7s) AMD Radeon RX 9070 XT (RADV GFX1201)
tick 2291000 alive   858698 genomes  231426 energy   209.9 births 11823885 deaths 11827946 (17500.4s) AMD Radeon RX 9070 XT (RADV GFX1201)
tick 2292000 alive   853107 genomes  229944 energy   209.9 births 11794384 deaths 11799975 (17508.2s) AMD Radeon RX 9070 XT (RADV GFX1201)
tick 2293000 alive   861390 genomes  229297 energy   209.9 births 12006292 deaths 11998009 (17515.7s) AMD Radeon RX 9070 XT (RADV GFX1201)
tick 2294000 alive   858570 genomes  228810 energy   210.0 births 11990885 deaths 11993705 (17523.3s) AMD Radeon RX 9070 XT (RADV GFX1201)
tick 2295000 alive   857994 genomes  229743 energy   210.5 births 11925348 deaths 11925924 (17531.0s) AMD Radeon RX 9070 XT (RADV GFX1201)
tick 2296000 alive   858699 genomes  229567 energy   210.6 births 11827484 deaths 11826779 (17538.6s) AMD Radeon RX 9070 XT (RADV GFX1201)
tick 2297000 alive   855730 genomes  229679 energy   210.3 births 11837268 deaths 11840237 (17546.1s) AMD Radeon RX 9070 XT (RADV GFX1201)
tick 2298000 alive   855050 genomes  230370 energy   210.6 births 11718964 deaths 11719644 (17553.7s) AMD Radeon RX 9070 XT (RADV GFX1201)
tick 2299000 alive   855852 genomes  232187 energy   210.4 births 11746789 deaths 11745987 (17561.4s) AMD Radeon RX 9070 XT (RADV GFX1201)
tick 2300000 alive   854132 genomes  231845 energy   210.4 births 11730250 deaths 11731970 (17569.0s) AMD Radeon RX 9070 XT (RADV GFX1201)
tick 2301000 alive   854366 genomes  231223 energy   210.6 births 11690817 deaths 11690583 (17576.5s) AMD Radeon RX 9070 XT (RADV GFX1201)
tick 2302000 alive   856232 genomes  232550 energy   210.4 births 11764560 deaths 11762694 (17584.1s) AMD Radeon RX 9070 XT (RADV GFX1201)
tick 2303000 alive   856454 genomes  233482 energy   210.4 births 11807243 deaths 11807021 (17591.8s) AMD Radeon RX 9070 XT (RADV GFX1201)
tick 2304000 alive   849018 genomes  235625 energy   210.4 births 11634758 deaths 11642194 (17599.5s) AMD Radeon RX 9070 XT (RADV GFX1201)
tick 2305000 alive   850451 genomes  236775 energy   210.4 births 11651934 deaths 11650501 (17607.1s) AMD Radeon RX 9070 XT (RADV GFX1201)
tick 2306000 alive   848193 genomes  238019 energy   210.2 births 11571437 deaths 11573695 (17614.7s) AMD Radeon RX 9070 XT (RADV GFX1201)
tick 2307000 alive   852183 genomes  235624 energy   210.3 births 11676656 deaths 11672666 (17622.3s) AMD Radeon RX 9070 XT (RADV GFX1201)
tick 2308000 alive   854616 genomes  236567 energy   210.0 births 11763614 deaths 11761181 (17630.0s) AMD Radeon RX 9070 XT (RADV GFX1201)
tick 2309000 alive   847568 genomes  235848 energy   210.4 births 11672793 deaths 11679841 (17637.7s) AMD Radeon RX 9070 XT (RADV GFX1201)
tick 2310000 alive   848892 genomes  235958 energy   210.5 births 11613372 deaths 11612048 (17645.2s) AMD Radeon RX 9070 XT (RADV GFX1201)
tick 2311000 alive   851040 genomes  234960 energy   210.9 births 11565937 deaths 11563789 (17652.9s) AMD Radeon RX 9070 XT (RADV GFX1201)
tick 2312000 alive   848388 genomes  234362 energy   210.7 births 11594877 deaths 11597529 (17660.5s) AMD Radeon RX 9070 XT (RADV GFX1201)
tick 2313000 alive   856715 genomes  234363 energy   210.2 births 11749011 deaths 11740684 (17668.2s) AMD Radeon RX 9070 XT (RADV GFX1201)
tick 2314000 alive   856328 genomes  234131 energy   210.6 births 11761898 deaths 11762285 (17675.6s) AMD Radeon RX 9070 XT (RADV GFX1201)
tick 2315000 alive   857543 genomes  234714 energy   210.5 births 11765435 deaths 11764220 (17683.2s) AMD Radeon RX 9070 XT (RADV GFX1201)
tick 2316000 alive   854645 genomes  233945 energy   210.4 births 11744658 deaths 11747556 (17690.9s) AMD Radeon RX 9070 XT (RADV GFX1201)
tick 2317000 alive   859373 genomes  233841 energy   210.2 births 11791811 deaths 11787083 (17698.5s) AMD Radeon RX 9070 XT (RADV GFX1201)
tick 2318000 alive   855167 genomes  234189 energy   210.9 births 11678095 deaths 11682301 (17706.0s) AMD Radeon RX 9070 XT (RADV GFX1201)
tick 2319000 alive   855257 genomes  233371 energy   210.6 births 11705371 deaths 11705281 (17713.7s) AMD Radeon RX 9070 XT (RADV GFX1201)
tick 2320000 alive   858719 genomes  233164 energy   210.6 births 11696262 deaths 11692800 (17721.4s) AMD Radeon RX 9070 XT (RADV GFX1201)
tick 2321000 alive   851668 genomes  232973 energy   210.9 births 11659845 deaths 11666896 (17729.0s) AMD Radeon RX 9070 XT (RADV GFX1201)
tick 2322000 alive   856462 genomes  232394 energy   210.1 births 11751254 deaths 11746460 (17736.5s) AMD Radeon RX 9070 XT (RADV GFX1201)
tick 2323000 alive   856889 genomes  231346 energy   210.1 births 11784941 deaths 11784514 (17744.1s) AMD Radeon RX 9070 XT (RADV GFX1201)
tick 2324000 alive   857925 genomes  230467 energy   209.9 births 11866648 deaths 11865612 (17751.7s) AMD Radeon RX 9070 XT (RADV GFX1201)
tick 2325000 alive   864812 genomes  228857 energy   210.4 births 11951340 deaths 11944453 (17759.3s) AMD Radeon RX 9070 XT (RADV GFX1201)
tick 2326000 alive   860467 genomes  229564 energy   210.4 births 11876568 deaths 11880913 (17766.9s) AMD Radeon RX 9070 XT (RADV GFX1201)
tick 2327000 alive   860133 genomes  229453 energy   210.0 births 11861151 deaths 11861485 (17774.4s) AMD Radeon RX 9070 XT (RADV GFX1201)
tick 2328000 alive   859332 genomes  230388 energy   210.1 births 11919533 deaths 11920334 (17782.0s) AMD Radeon RX 9070 XT (RADV GFX1201)
tick 2329000 alive   863403 genomes  230146 energy   210.1 births 11992818 deaths 11988747 (17789.6s) AMD Radeon RX 9070 XT (RADV GFX1201)
tick 2330000 alive   860441 genomes  230717 energy   210.1 births 11975789 deaths 11978751 (17797.2s) AMD Radeon RX 9070 XT (RADV GFX1201)
tick 2331000 alive   858765 genomes  231546 energy   210.4 births 11845980 deaths 11847656 (17804.7s) AMD Radeon RX 9070 XT (RADV GFX1201)
tick 2332000 alive   856211 genomes  232773 energy   210.7 births 11733853 deaths 11736407 (17812.3s) AMD Radeon RX 9070 XT (RADV GFX1201)
tick 2333000 alive   854709 genomes  234754 energy   210.8 births 11655098 deaths 11656600 (17819.9s) AMD Radeon RX 9070 XT (RADV GFX1201)
tick 2334000 alive   855020 genomes  235125 energy   211.1 births 11585318 deaths 11585007 (17827.5s) AMD Radeon RX 9070 XT (RADV GFX1201)
tick 2335000 alive   854160 genomes  234873 energy   210.6 births 11576443 deaths 11577303 (17835.0s) AMD Radeon RX 9070 XT (RADV GFX1201)
tick 2336000 alive   854627 genomes  236604 energy   211.3 births 11610771 deaths 11610304 (17842.7s) AMD Radeon RX 9070 XT (RADV GFX1201)
tick 2337000 alive   850484 genomes  238118 energy   211.5 births 11488205 deaths 11492348 (17850.3s) AMD Radeon RX 9070 XT (RADV GFX1201)
tick 2338000 alive   850328 genomes  238451 energy   211.1 births 11404503 deaths 11404659 (17858.0s) AMD Radeon RX 9070 XT (RADV GFX1201)
tick 2339000 alive   846799 genomes  238080 energy   211.1 births 11399138 deaths 11402667 (17865.5s) AMD Radeon RX 9070 XT (RADV GFX1201)
tick 2340000 alive   849216 genomes  240188 energy   210.5 births 11510524 deaths 11508107 (17873.1s) AMD Radeon RX 9070 XT (RADV GFX1201)
tick 2341000 alive   844251 genomes  238999 energy   210.7 births 11526805 deaths 11531770 (17880.8s) AMD Radeon RX 9070 XT (RADV GFX1201)
tick 2342000 alive   847254 genomes  238908 energy   210.8 births 11499549 deaths 11496546 (17888.5s) AMD Radeon RX 9070 XT (RADV GFX1201)
tick 2343000 alive   845485 genomes  238201 energy   210.7 births 11565139 deaths 11566908 (17895.9s) AMD Radeon RX 9070 XT (RADV GFX1201)
tick 2344000 alive   848536 genomes  237070 energy   210.5 births 11563119 deaths 11560068 (17903.6s) AMD Radeon RX 9070 XT (RADV GFX1201)
tick 2345000 alive   856013 genomes  237688 energy   210.3 births 11708794 deaths 11701317 (17911.3s) AMD Radeon RX 9070 XT (RADV GFX1201)
tick 2346000 alive   850750 genomes  236570 energy   210.8 births 11698032 deaths 11703295 (17918.9s) AMD Radeon RX 9070 XT (RADV GFX1201)
tick 2347000 alive   850526 genomes  236538 energy   210.5 births 11632196 deaths 11632420 (17926.5s) AMD Radeon RX 9070 XT (RADV GFX1201)
tick 2348000 alive   851148 genomes  234263 energy   210.3 births 11623889 deaths 11623267 (17934.1s) AMD Radeon RX 9070 XT (RADV GFX1201)
tick 2349000 alive   856140 genomes  235131 energy   211.1 births 11741663 deaths 11736671 (17941.7s) AMD Radeon RX 9070 XT (RADV GFX1201)
tick 2350000 alive   859155 genomes  233509 energy   210.2 births 11790897 deaths 11787882 (17949.4s) AMD Radeon RX 9070 XT (RADV GFX1201)
tick 2351000 alive   858790 genomes  231086 energy   210.5 births 11913624 deaths 11913989 (17957.1s) AMD Radeon RX 9070 XT (RADV GFX1201)
tick 2352000 alive   857005 genomes  231236 energy   210.3 births 11805410 deaths 11807195 (17964.5s) AMD Radeon RX 9070 XT (RADV GFX1201)
tick 2353000 alive   863800 genomes  231028 energy   210.2 births 11863352 deaths 11856557 (17972.1s) AMD Radeon RX 9070 XT (RADV GFX1201)
tick 2354000 alive   861280 genomes  231320 energy   210.4 births 11908340 deaths 11910860 (17979.7s) AMD Radeon RX 9070 XT (RADV GFX1201)
tick 2355000 alive   862112 genomes  229988 energy   210.7 births 11871567 deaths 11870735 (17987.4s) AMD Radeon RX 9070 XT (RADV GFX1201)
tick 2356000 alive   860621 genomes  230040 energy   210.5 births 11878527 deaths 11880018 (17994.8s) AMD Radeon RX 9070 XT (RADV GFX1201)
tick 2357000 alive   861863 genomes  228918 energy   210.3 births 11902575 deaths 11901333 (18002.5s) AMD Radeon RX 9070 XT (RADV GFX1201)
tick 2358000 alive   865013 genomes  228046 energy   209.9 births 11983156 deaths 11980006 (18010.2s) AMD Radeon RX 9070 XT (RADV GFX1201)
tick 2359000 alive   863779 genomes  229540 energy   209.7 births 12057265 deaths 12058499 (18017.8s) AMD Radeon RX 9070 XT (RADV GFX1201)
tick 2360000 alive   863575 genomes  229870 energy   209.9 births 12022797 deaths 12023001 (18025.4s) AMD Radeon RX 9070 XT (RADV GFX1201)
tick 2361000 alive   860950 genomes  231981 energy   210.0 births 11904884 deaths 11907509 (18033.0s) AMD Radeon RX 9070 XT (RADV GFX1201)
tick 2362000 alive   854496 genomes  233661 energy   210.8 births 11821157 deaths 11827611 (18040.6s) AMD Radeon RX 9070 XT (RADV GFX1201)
tick 2363000 alive   851819 genomes  233599 energy   210.3 births 11650249 deaths 11652926 (18048.3s) AMD Radeon RX 9070 XT (RADV GFX1201)
tick 2364000 alive   854340 genomes  235321 energy   210.4 births 11658560 deaths 11656039 (18055.8s) AMD Radeon RX 9070 XT (RADV GFX1201)
tick 2365000 alive   854835 genomes  235520 energy   210.4 births 11713275 deaths 11712780 (18063.5s) AMD Radeon RX 9070 XT (RADV GFX1201)
tick 2366000 alive   849010 genomes  236330 energy   211.0 births 11568703 deaths 11574528 (18071.2s) AMD Radeon RX 9070 XT (RADV GFX1201)
tick 2367000 alive   852658 genomes  234956 energy   210.0 births 11569325 deaths 11565677 (18079.0s) AMD Radeon RX 9070 XT (RADV GFX1201)
tick 2368000 alive   848849 genomes  234039 energy   210.8 births 11629178 deaths 11632987 (18086.7s) AMD Radeon RX 9070 XT (RADV GFX1201)
tick 2369000 alive   850307 genomes  233431 energy   210.5 births 11598301 deaths 11596843 (18094.2s) AMD Radeon RX 9070 XT (RADV GFX1201)
tick 2370000 alive   854919 genomes  233500 energy   210.4 births 11618334 deaths 11613722 (18101.8s) AMD Radeon RX 9070 XT (RADV GFX1201)
tick 2371000 alive   854515 genomes  231937 energy   210.8 births 11581439 deaths 11581843 (18109.5s) AMD Radeon RX 9070 XT (RADV GFX1201)
tick 2372000 alive   859140 genomes  231529 energy   210.8 births 11739340 deaths 11734715 (18117.1s) AMD Radeon RX 9070 XT (RADV GFX1201)
tick 2373000 alive   852789 genomes  230626 energy   211.0 births 11595176 deaths 11601527 (18124.6s) AMD Radeon RX 9070 XT (RADV GFX1201)
tick 2374000 alive   857014 genomes  230175 energy   210.1 births 11669755 deaths 11665530 (18132.2s) AMD Radeon RX 9070 XT (RADV GFX1201)
tick 2375000 alive   856229 genomes  229517 energy   210.4 births 11764833 deaths 11765618 (18139.9s) AMD Radeon RX 9070 XT (RADV GFX1201)
tick 2376000 alive   857899 genomes  228807 energy   210.3 births 11794845 deaths 11793175 (18147.5s) AMD Radeon RX 9070 XT (RADV GFX1201)
tick 2377000 alive   860652 genomes  228565 energy   210.3 births 11819798 deaths 11817045 (18154.9s) AMD Radeon RX 9070 XT (RADV GFX1201)
tick 2378000 alive   857224 genomes  228405 energy   210.6 births 11789617 deaths 11793045 (18162.6s) AMD Radeon RX 9070 XT (RADV GFX1201)
tick 2379000 alive   856969 genomes  228741 energy   210.1 births 11786000 deaths 11786255 (18170.2s) AMD Radeon RX 9070 XT (RADV GFX1201)
tick 2380000 alive   860747 genomes  230040 energy   210.2 births 11914626 deaths 11910848 (18177.9s) AMD Radeon RX 9070 XT (RADV GFX1201)
tick 2381000 alive   856947 genomes  230703 energy   210.2 births 11837941 deaths 11841741 (18185.3s) AMD Radeon RX 9070 XT (RADV GFX1201)
tick 2382000 alive   857495 genomes  231874 energy   210.6 births 11809024 deaths 11808476 (18192.9s) AMD Radeon RX 9070 XT (RADV GFX1201)
tick 2383000 alive   856861 genomes  232822 energy   211.0 births 11781235 deaths 11781869 (18200.5s) AMD Radeon RX 9070 XT (RADV GFX1201)
tick 2384000 alive   849511 genomes  233682 energy   210.2 births 11609781 deaths 11617131 (18208.1s) AMD Radeon RX 9070 XT (RADV GFX1201)
tick 2385000 alive   854173 genomes  233637 energy   210.4 births 11721523 deaths 11716861 (18215.6s) AMD Radeon RX 9070 XT (RADV GFX1201)
tick 2386000 alive   859031 genomes  233381 energy   210.3 births 11744386 deaths 11739528 (18223.2s) AMD Radeon RX 9070 XT (RADV GFX1201)
tick 2387000 alive   856810 genomes  232523 energy   209.7 births 11847794 deaths 11850015 (18230.9s) AMD Radeon RX 9070 XT (RADV GFX1201)
tick 2388000 alive   857213 genomes  231733 energy   210.5 births 11902771 deaths 11902368 (18238.5s) AMD Radeon RX 9070 XT (RADV GFX1201)
tick 2389000 alive   853036 genomes  231243 energy   210.3 births 11777884 deaths 11782061 (18246.2s) AMD Radeon RX 9070 XT (RADV GFX1201)
tick 2390000 alive   853725 genomes  231378 energy   210.4 births 11768549 deaths 11767860 (18253.7s) AMD Radeon RX 9070 XT (RADV GFX1201)
tick 2391000 alive   855390 genomes  232975 energy   210.3 births 11718457 deaths 11716792 (18261.3s) AMD Radeon RX 9070 XT (RADV GFX1201)
tick 2392000 alive   849418 genomes  231813 energy   210.3 births 11723431 deaths 11729403 (18268.9s) AMD Radeon RX 9070 XT (RADV GFX1201)
tick 2393000 alive   853871 genomes  229425 energy   210.0 births 11777492 deaths 11773039 (18276.4s) AMD Radeon RX 9070 XT (RADV GFX1201)
tick 2394000 alive   854691 genomes  230746 energy   210.4 births 11834513 deaths 11833693 (18283.9s) AMD Radeon RX 9070 XT (RADV GFX1201)
tick 2395000 alive   854841 genomes  231763 energy   210.2 births 11788102 deaths 11787952 (18291.5s) AMD Radeon RX 9070 XT (RADV GFX1201)
tick 2396000 alive   850673 genomes  230875 energy   210.2 births 11723641 deaths 11727809 (18299.2s) AMD Radeon RX 9070 XT (RADV GFX1201)
tick 2397000 alive   856271 genomes  231163 energy   210.5 births 11710203 deaths 11704605 (18306.8s) AMD Radeon RX 9070 XT (RADV GFX1201)
tick 2398000 alive   851814 genomes  231060 energy   210.4 births 11722497 deaths 11726954 (18314.2s) AMD Radeon RX 9070 XT (RADV GFX1201)
tick 2399000 alive   856292 genomes  230769 energy   210.0 births 11760579 deaths 11756101 (18321.9s) AMD Radeon RX 9070 XT (RADV GFX1201)
tick 2400000 alive   855512 genomes  232194 energy   210.4 births 11781880 deaths 11782660 (18329.5s) AMD Radeon RX 9070 XT (RADV GFX1201)
tick 2401000 alive   850859 genomes  232220 energy   210.5 births 11645889 deaths 11650542 (18337.2s) AMD Radeon RX 9070 XT (RADV GFX1201)
tick 2402000 alive   853092 genomes  231981 energy   210.6 births 11684888 deaths 11682655 (18344.6s) AMD Radeon RX 9070 XT (RADV GFX1201)
tick 2403000 alive   855354 genomes  232180 energy   210.9 births 11727009 deaths 11724747 (18352.3s) AMD Radeon RX 9070 XT (RADV GFX1201)
tick 2404000 alive   853081 genomes  229601 energy   210.2 births 11686633 deaths 11688906 (18360.0s) AMD Radeon RX 9070 XT (RADV GFX1201)
tick 2405000 alive   858393 genomes  229524 energy   210.2 births 11780100 deaths 11774788 (18367.7s) AMD Radeon RX 9070 XT (RADV GFX1201)
tick 2406000 alive   857236 genomes  228369 energy   210.1 births 11809499 deaths 11810656 (18375.4s) AMD Radeon RX 9070 XT (RADV GFX1201)
tick 2407000 alive   861244 genomes  231457 energy   210.1 births 11945301 deaths 11941293 (18382.9s) AMD Radeon RX 9070 XT (RADV GFX1201)
tick 2408000 alive   855388 genomes  230550 energy   210.7 births 11854937 deaths 11860793 (18390.5s) AMD Radeon RX 9070 XT (RADV GFX1201)
tick 2409000 alive   855085 genomes  232210 energy   210.2 births 11757597 deaths 11757900 (18398.2s) AMD Radeon RX 9070 XT (RADV GFX1201)
tick 2410000 alive   853937 genomes  232453 energy   210.7 births 11769793 deaths 11770941 (18405.8s) AMD Radeon RX 9070 XT (RADV GFX1201)
tick 2411000 alive   850260 genomes  231786 energy   210.6 births 11634797 deaths 11638474 (18413.2s) AMD Radeon RX 9070 XT (RADV GFX1201)
tick 2412000 alive   852491 genomes  231536 energy   210.7 births 11645513 deaths 11643282 (18420.9s) AMD Radeon RX 9070 XT (RADV GFX1201)
tick 2413000 alive   852624 genomes  233099 energy   210.8 births 11622644 deaths 11622511 (18428.6s) AMD Radeon RX 9070 XT (RADV GFX1201)
tick 2414000 alive   848684 genomes  232827 energy   210.7 births 11571909 deaths 11575849 (18436.3s) AMD Radeon RX 9070 XT (RADV GFX1201)
tick 2415000 alive   848822 genomes  233085 energy   210.6 births 11563231 deaths 11563093 (18443.8s) AMD Radeon RX 9070 XT (RADV GFX1201)
tick 2416000 alive   851180 genomes  232692 energy   210.8 births 11656951 deaths 11654593 (18451.5s) AMD Radeon RX 9070 XT (RADV GFX1201)
tick 2417000 alive   851014 genomes  232939 energy   210.7 births 11626932 deaths 11627098 (18459.2s) AMD Radeon RX 9070 XT (RADV GFX1201)
tick 2418000 alive   853189 genomes  233390 energy   210.6 births 11617517 deaths 11615342 (18466.8s) AMD Radeon RX 9070 XT (RADV GFX1201)
tick 2419000 alive   852094 genomes  233968 energy   210.9 births 11602746 deaths 11603841 (18474.3s) AMD Radeon RX 9070 XT (RADV GFX1201)
tick 2420000 alive   851371 genomes  234232 energy   210.7 births 11567189 deaths 11567912 (18481.9s) AMD Radeon RX 9070 XT (RADV GFX1201)
tick 2421000 alive   854757 genomes  235334 energy   210.7 births 11647752 deaths 11644366 (18489.6s) AMD Radeon RX 9070 XT (RADV GFX1201)
tick 2422000 alive   850070 genomes  234774 energy   210.7 births 11584868 deaths 11589555 (18497.2s) AMD Radeon RX 9070 XT (RADV GFX1201)
tick 2423000 alive   847221 genomes  234478 energy   210.3 births 11567321 deaths 11570170 (18504.7s) AMD Radeon RX 9070 XT (RADV GFX1201)
tick 2424000 alive   855523 genomes  235454 energy   210.6 births 11653762 deaths 11645460 (18512.3s) AMD Radeon RX 9070 XT (RADV GFX1201)
tick 2425000 alive   846163 genomes  233389 energy   210.7 births 11586610 deaths 11595970 (18519.9s) AMD Radeon RX 9070 XT (RADV GFX1201)
tick 2426000 alive   852475 genomes  232363 energy   210.1 births 11645519 deaths 11639207 (18527.5s) AMD Radeon RX 9070 XT (RADV GFX1201)
tick 2427000 alive   856265 genomes  232198 energy   210.3 births 11820806 deaths 11817016 (18535.1s) AMD Radeon RX 9070 XT (RADV GFX1201)
tick 2428000 alive   857307 genomes  230533 energy   210.3 births 11798700 deaths 11797658 (18542.6s) AMD Radeon RX 9070 XT (RADV GFX1201)
tick 2429000 alive   853546 genomes  232059 energy   210.5 births 11726032 deaths 11729793 (18550.3s) AMD Radeon RX 9070 XT (RADV GFX1201)
tick 2430000 alive   857835 genomes  232170 energy   210.8 births 11759695 deaths 11755406 (18557.9s) AMD Radeon RX 9070 XT (RADV GFX1201)
tick 2431000 alive   853595 genomes  231970 energy   210.0 births 11672346 deaths 11676586 (18565.6s) AMD Radeon RX 9070 XT (RADV GFX1201)
tick 2432000 alive   855545 genomes  232641 energy   210.5 births 11760388 deaths 11758438 (18573.1s) AMD Radeon RX 9070 XT (RADV GFX1201)
tick 2433000 alive   857476 genomes  232155 energy   209.8 births 11822176 deaths 11820245 (18580.7s) AMD Radeon RX 9070 XT (RADV GFX1201)
tick 2434000 alive   853713 genomes  233098 energy   210.4 births 11807266 deaths 11811029 (18588.4s) AMD Radeon RX 9070 XT (RADV GFX1201)
tick 2435000 alive   853558 genomes  231440 energy   210.7 births 11727345 deaths 11727500 (18596.1s) AMD Radeon RX 9070 XT (RADV GFX1201)
tick 2436000 alive   853537 genomes  230817 energy   210.4 births 11675027 deaths 11675048 (18603.6s) AMD Radeon RX 9070 XT (RADV GFX1201)
tick 2437000 alive   857348 genomes  231403 energy   210.4 births 11803802 deaths 11799991 (18611.2s) AMD Radeon RX 9070 XT (RADV GFX1201)
tick 2438000 alive   860933 genomes  231498 energy   209.9 births 11876352 deaths 11872767 (18618.9s) AMD Radeon RX 9070 XT (RADV GFX1201)
tick 2439000 alive   855929 genomes  230757 energy   210.4 births 11875010 deaths 11880014 (18626.5s) AMD Radeon RX 9070 XT (RADV GFX1201)
tick 2440000 alive   859788 genomes  230589 energy   209.6 births 11893110 deaths 11889251 (18634.0s) AMD Radeon RX 9070 XT (RADV GFX1201)
tick 2441000 alive   861047 genomes  230969 energy   210.0 births 11976466 deaths 11975207 (18641.6s) AMD Radeon RX 9070 XT (RADV GFX1201)
tick 2442000 alive   857581 genomes  229890 energy   210.6 births 11872366 deaths 11875832 (18649.2s) AMD Radeon RX 9070 XT (RADV GFX1201)
tick 2443000 alive   857732 genomes  230430 energy   209.7 births 11864176 deaths 11864025 (18656.8s) AMD Radeon RX 9070 XT (RADV GFX1201)
tick 2444000 alive   859070 genomes  231365 energy   210.0 births 11922412 deaths 11921074 (18664.3s) AMD Radeon RX 9070 XT (RADV GFX1201)
tick 2445000 alive   858690 genomes  232480 energy   210.9 births 11778999 deaths 11779379 (18671.9s) AMD Radeon RX 9070 XT (RADV GFX1201)
tick 2446000 alive   849598 genomes  233396 energy   210.9 births 11557749 deaths 11566841 (18679.5s) AMD Radeon RX 9070 XT (RADV GFX1201)
tick 2447000 alive   849454 genomes  234004 energy   210.6 births 11549216 deaths 11549360 (18687.2s) AMD Radeon RX 9070 XT (RADV GFX1201)
tick 2448000 alive   848340 genomes  233708 energy   210.6 births 11558353 deaths 11559467 (18694.9s) AMD Radeon RX 9070 XT (RADV GFX1201)
tick 2449000 alive   854198 genomes  232460 energy   210.1 births 11665324 deaths 11659466 (18702.4s) AMD Radeon RX 9070 XT (RADV GFX1201)
tick 2450000 alive   860602 genomes  230944 energy   210.4 births 11842326 deaths 11835922 (18710.0s) AMD Radeon RX 9070 XT (RADV GFX1201)
tick 2451000 alive   854574 genomes  229262 energy   211.0 births 11805092 deaths 11811120 (18717.7s) AMD Radeon RX 9070 XT (RADV GFX1201)
tick 2452000 alive   856795 genomes  228661 energy   209.8 births 11737043 deaths 11734822 (18725.3s) AMD Radeon RX 9070 XT (RADV GFX1201)
tick 2453000 alive   861621 genomes  227618 energy   209.6 births 11962958 deaths 11958132 (18732.8s) AMD Radeon RX 9070 XT (RADV GFX1201)
tick 2454000 alive   863389 genomes  226867 energy   209.7 births 12076210 deaths 12074442 (18740.5s) AMD Radeon RX 9070 XT (RADV GFX1201)
tick 2455000 alive   862550 genomes  226104 energy   209.9 births 12050907 deaths 12051746 (18748.1s) AMD Radeon RX 9070 XT (RADV GFX1201)
tick 2456000 alive   862689 genomes  227485 energy   210.0 births 12032504 deaths 12032365 (18755.8s) AMD Radeon RX 9070 XT (RADV GFX1201)
tick 2457000 alive   860345 genomes  226974 energy   210.4 births 11865720 deaths 11868064 (18763.3s) AMD Radeon RX 9070 XT (RADV GFX1201)
tick 2458000 alive   859645 genomes  228239 energy   210.0 births 11859773 deaths 11860473 (18770.9s) AMD Radeon RX 9070 XT (RADV GFX1201)
tick 2459000 alive   855403 genomes  229211 energy   210.7 births 11778419 deaths 11782661 (18778.6s) AMD Radeon RX 9070 XT (RADV GFX1201)
tick 2460000 alive   856266 genomes  230972 energy   210.6 births 11668398 deaths 11667535 (18786.2s) AMD Radeon RX 9070 XT (RADV GFX1201)
tick 2461000 alive   850742 genomes  232502 energy   210.2 births 11603137 deaths 11608661 (18793.7s) AMD Radeon RX 9070 XT (RADV GFX1201)
tick 2462000 alive   850162 genomes  234123 energy   210.9 births 11607955 deaths 11608535 (18801.3s) AMD Radeon RX 9070 XT (RADV GFX1201)
tick 2463000 alive   855492 genomes  235730 energy   210.8 births 11568284 deaths 11562954 (18809.0s) AMD Radeon RX 9070 XT (RADV GFX1201)
tick 2464000 alive   850221 genomes  235043 energy   211.0 births 11502214 deaths 11507485 (18816.6s) AMD Radeon RX 9070 XT (RADV GFX1201)
tick 2465000 alive   844481 genomes  234794 energy   211.3 births 11487613 deaths 11493353 (18824.3s) AMD Radeon RX 9070 XT (RADV GFX1201)
tick 2466000 alive   842435 genomes  234545 energy   211.1 births 11332536 deaths 11334582 (18831.7s) AMD Radeon RX 9070 XT (RADV GFX1201)
tick 2467000 alive   843017 genomes  233505 energy   211.1 births 11396064 deaths 11395482 (18839.3s) AMD Radeon RX 9070 XT (RADV GFX1201)
tick 2468000 alive   848411 genomes  235014 energy   210.8 births 11460307 deaths 11454913 (18846.9s) AMD Radeon RX 9070 XT (RADV GFX1201)
tick 2469000 alive   849740 genomes  234854 energy   210.9 births 11566410 deaths 11565081 (18854.5s) AMD Radeon RX 9070 XT (RADV GFX1201)
tick 2470000 alive   851856 genomes  234299 energy   210.3 births 11612366 deaths 11610250 (18862.0s) AMD Radeon RX 9070 XT (RADV GFX1201)
tick 2471000 alive   849472 genomes  233104 energy   210.5 births 11640589 deaths 11642973 (18869.6s) AMD Radeon RX 9070 XT (RADV GFX1201)
tick 2472000 alive   852657 genomes  234278 energy   210.1 births 11659989 deaths 11656804 (18877.3s) AMD Radeon RX 9070 XT (RADV GFX1201)
tick 2473000 alive   852368 genomes  233984 energy   210.4 births 11694798 deaths 11695087 (18884.9s) AMD Radeon RX 9070 XT (RADV GFX1201)
tick 2474000 alive   857153 genomes  234088 energy   210.3 births 11769489 deaths 11764704 (18892.4s) AMD Radeon RX 9070 XT (RADV GFX1201)
tick 2475000 alive   857137 genomes  234697 energy   211.1 births 11771288 deaths 11771304 (18900.1s) AMD Radeon RX 9070 XT (RADV GFX1201)
tick 2476000 alive   847884 genomes  233064 energy   211.0 births 11540631 deaths 11549884 (18907.7s) AMD Radeon RX 9070 XT (RADV GFX1201)
tick 2477000 alive   850954 genomes  233723 energy   210.6 births 11609258 deaths 11606188 (18915.3s) AMD Radeon RX 9070 XT (RADV GFX1201)
tick 2478000 alive   850751 genomes  233656 energy   210.7 births 11588741 deaths 11588944 (18922.8s) AMD Radeon RX 9070 XT (RADV GFX1201)
tick 2479000 alive   847752 genomes  234501 energy   210.3 births 11559063 deaths 11562062 (18930.5s) AMD Radeon RX 9070 XT (RADV GFX1201)
tick 2480000 alive   857318 genomes  234906 energy   210.3 births 11763462 deaths 11753896 (18938.2s) AMD Radeon RX 9070 XT (RADV GFX1201)
tick 2481000 alive   856400 genomes  234104 energy   210.2 births 11836890 deaths 11837808 (18945.9s) AMD Radeon RX 9070 XT (RADV GFX1201)
tick 2482000 alive   854520 genomes  233467 energy   210.2 births 11757250 deaths 11759130 (18953.4s) AMD Radeon RX 9070 XT (RADV GFX1201)
tick 2483000 alive   855440 genomes  235055 energy   210.6 births 11702404 deaths 11701484 (18961.0s) AMD Radeon RX 9070 XT (RADV GFX1201)
tick 2484000 alive   850117 genomes  236180 energy   210.8 births 11598593 deaths 11603916 (18968.7s) AMD Radeon RX 9070 XT (RADV GFX1201)
tick 2485000 alive   851513 genomes  234835 energy   211.1 births 11566620 deaths 11565224 (18976.3s) AMD Radeon RX 9070 XT (RADV GFX1201)
tick 2486000 alive   848568 genomes  233625 energy   210.6 births 11571786 deaths 11574731 (18984.0s) AMD Radeon RX 9070 XT (RADV GFX1201)
tick 2487000 alive   850000 genomes  232625 energy   210.5 births 11566990 deaths 11565558 (18991.4s) AMD Radeon RX 9070 XT (RADV GFX1201)
tick 2488000 alive   856442 genomes  230841 energy   210.3 births 11779674 deaths 11773232 (18999.0s) AMD Radeon RX 9070 XT (RADV GFX1201)
tick 2489000 alive   858693 genomes  232112 energy   210.7 births 11801129 deaths 11798878 (19006.7s) AMD Radeon RX 9070 XT (RADV GFX1201)
tick 2490000 alive   850349 genomes  229217 energy   210.5 births 11662350 deaths 11670694 (19014.3s) AMD Radeon RX 9070 XT (RADV GFX1201)
tick 2491000 alive   857582 genomes  226169 energy   209.8 births 11744913 deaths 11737680 (19021.7s) AMD Radeon RX 9070 XT (RADV GFX1201)
tick 2492000 alive   867945 genomes  225226 energy   209.7 births 12106524 deaths 12096161 (19029.4s) AMD Radeon RX 9070 XT (RADV GFX1201)
tick 2493000 alive   866876 genomes  225366 energy   210.3 births 12113472 deaths 12114541 (19037.1s) AMD Radeon RX 9070 XT (RADV GFX1201)
tick 2494000 alive   863068 genomes  226172 energy   210.6 births 11949806 deaths 11953614 (19044.7s) AMD Radeon RX 9070 XT (RADV GFX1201)
tick 2495000 alive   857563 genomes  228165 energy   210.2 births 11889562 deaths 11895067 (19052.2s) AMD Radeon RX 9070 XT (RADV GFX1201)
tick 2496000 alive   859244 genomes  227470 energy   210.4 births 11844605 deaths 11842924 (19059.8s) AMD Radeon RX 9070 XT (RADV GFX1201)
tick 2497000 alive   858549 genomes  227863 energy   210.3 births 11880959 deaths 11881654 (19067.4s) AMD Radeon RX 9070 XT (RADV GFX1201)
tick 2498000 alive   860231 genomes  228783 energy   210.3 births 11812425 deaths 11810743 (19075.0s) AMD Radeon RX 9070 XT (RADV GFX1201)
tick 2499000 alive   859926 genomes  229853 energy   210.8 births 11850241 deaths 11850546 (19082.5s) AMD Radeon RX 9070 XT (RADV GFX1201)
tick 2500000 alive   853600 genomes  230247 energy   210.8 births 11618742 deaths 11625068 (19090.1s) AMD Radeon RX 9070 XT (RADV GFX1201)
tick 2501000 alive   857415 genomes  230410 energy   210.4 births 11706941 deaths 11703126 (19097.8s) AMD Radeon RX 9070 XT (RADV GFX1201)
tick 2502000 alive   856901 genomes  231001 energy   211.3 births 11664221 deaths 11664735 (19105.4s) AMD Radeon RX 9070 XT (RADV GFX1201)
tick 2503000 alive   848153 genomes  230614 energy   211.0 births 11525125 deaths 11533873 (19113.0s) AMD Radeon RX 9070 XT (RADV GFX1201)
tick 2504000 alive   849761 genomes  230550 energy   210.7 births 11532482 deaths 11530874 (19120.6s) AMD Radeon RX 9070 XT (RADV GFX1201)
tick 2505000 alive   853380 genomes  231465 energy   210.6 births 11615355 deaths 11611736 (19128.2s) AMD Radeon RX 9070 XT (RADV GFX1201)
tick 2506000 alive   854014 genomes  233029 energy   211.1 births 11636387 deaths 11635753 (19135.8s) AMD Radeon RX 9070 XT (RADV GFX1201)
tick 2507000 alive   849307 genomes  233900 energy   210.4 births 11536884 deaths 11541591 (19143.5s) AMD Radeon RX 9070 XT (RADV GFX1201)
tick 2508000 alive   848871 genomes  233566 energy   210.5 births 11588385 deaths 11588821 (19151.0s) AMD Radeon RX 9070 XT (RADV GFX1201)
tick 2509000 alive   852878 genomes  233369 energy   210.7 births 11703845 deaths 11699838 (19158.7s) AMD Radeon RX 9070 XT (RADV GFX1201)
tick 2510000 alive   850655 genomes  233278 energy   210.6 births 11638477 deaths 11640700 (19166.4s) AMD Radeon RX 9070 XT (RADV GFX1201)
tick 2511000 alive   852294 genomes  232882 energy   210.1 births 11664773 deaths 11663134 (19174.1s) AMD Radeon RX 9070 XT (RADV GFX1201)
tick 2512000 alive   858342 genomes  231471 energy   210.4 births 11757914 deaths 11751866 (19181.6s) AMD Radeon RX 9070 XT (RADV GFX1201)
tick 2513000 alive   855869 genomes  233192 energy   210.9 births 11780225 deaths 11782698 (19189.2s) AMD Radeon RX 9070 XT (RADV GFX1201)
tick 2514000 alive   851643 genomes  231720 energy   210.1 births 11668362 deaths 11672588 (19196.9s) AMD Radeon RX 9070 XT (RADV GFX1201)
tick 2515000 alive   857003 genomes  231015 energy   210.2 births 11802688 deaths 11797328 (19204.6s) AMD Radeon RX 9070 XT (RADV GFX1201)
tick 2516000 alive   856450 genomes  228829 energy   210.7 births 11762786 deaths 11763339 (19212.0s) AMD Radeon RX 9070 XT (RADV GFX1201)
tick 2517000 alive   858124 genomes  229139 energy   210.3 births 11788462 deaths 11786788 (19219.7s) AMD Radeon RX 9070 XT (RADV GFX1201)
tick 2518000 alive   860528 genomes  228341 energy   209.9 births 11861752 deaths 11859348 (19227.4s) AMD Radeon RX 9070 XT (RADV GFX1201)
tick 2519000 alive   859093 genomes  228860 energy   210.6 births 11860569 deaths 11862004 (19235.1s) AMD Radeon RX 9070 XT (RADV GFX1201)
tick 2520000 alive   856255 genomes  228506 energy   210.4 births 11726767 deaths 11729605 (19242.6s) AMD Radeon RX 9070 XT (RADV GFX1201)
tick 2521000 alive   856359 genomes  227877 energy   210.4 births 11819482 deaths 11819378 (19250.3s) AMD Radeon RX 9070 XT (RADV GFX1201)
tick 2522000 alive   862249 genomes  230583 energy   210.5 births 11768304 deaths 11762414 (19257.9s) AMD Radeon RX 9070 XT (RADV GFX1201)
tick 2523000 alive   856952 genomes  231035 energy   210.5 births 11744696 deaths 11749993 (19265.6s) AMD Radeon RX 9070 XT (RADV GFX1201)
tick 2524000 alive   854055 genomes  230730 energy   210.4 births 11679402 deaths 11682299 (19273.3s) AMD Radeon RX 9070 XT (RADV GFX1201)
tick 2525000 alive   855989 genomes  230110 energy   210.9 births 11747898 deaths 11745964 (19280.8s) AMD Radeon RX 9070 XT (RADV GFX1201)
tick 2526000 alive   856333 genomes  229034 energy   210.3 births 11746385 deaths 11746041 (19288.4s) AMD Radeon RX 9070 XT (RADV GFX1201)
tick 2527000 alive   859865 genomes  228354 energy   210.4 births 11740107 deaths 11736575 (19296.0s) AMD Radeon RX 9070 XT (RADV GFX1201)
tick 2528000 alive   857674 genomes  227573 energy   210.9 births 11677299 deaths 11679490 (19303.6s) AMD Radeon RX 9070 XT (RADV GFX1201)
tick 2529000 alive   850491 genomes  228397 energy   211.1 births 11606879 deaths 11614062 (19311.1s) AMD Radeon RX 9070 XT (RADV GFX1201)
tick 2530000 alive   851772 genomes  228550 energy   210.5 births 11594765 deaths 11593484 (19318.8s) AMD Radeon RX 9070 XT (RADV GFX1201)
tick 2531000 alive   855585 genomes  228867 energy   210.1 births 11715655 deaths 11711842 (19326.5s) AMD Radeon RX 9070 XT (RADV GFX1201)
tick 2532000 alive   852814 genomes  227791 energy   210.8 births 11677920 deaths 11680691 (19334.1s) AMD Radeon RX 9070 XT (RADV GFX1201)
tick 2533000 alive   856219 genomes  229651 energy   211.0 births 11640296 deaths 11636891 (19341.6s) AMD Radeon RX 9070 XT (RADV GFX1201)
tick 2534000 alive   848915 genomes  229674 energy   210.7 births 11560304 deaths 11567608 (19349.3s) AMD Radeon RX 9070 XT (RADV GFX1201)
tick 2535000 alive   852469 genomes  229373 energy   210.6 births 11619469 deaths 11615915 (19357.0s) AMD Radeon RX 9070 XT (RADV GFX1201)
tick 2536000 alive   858732 genomes  229586 energy   210.3 births 11779110 deaths 11772847 (19364.7s) AMD Radeon RX 9070 XT (RADV GFX1201)
tick 2537000 alive   855670 genomes  230898 energy   210.4 births 11777631 deaths 11780693 (19372.2s) AMD Radeon RX 9070 XT (RADV GFX1201)
tick 2538000 alive   855663 genomes  229944 energy   210.2 births 11727772 deaths 11727779 (19379.8s) AMD Radeon RX 9070 XT (RADV GFX1201)
tick 2539000 alive   853601 genomes  233160 energy   210.5 births 11705837 deaths 11707899 (19387.5s) AMD Radeon RX 9070 XT (RADV GFX1201)
tick 2540000 alive   855183 genomes  232703 energy   210.6 births 11711080 deaths 11709498 (19395.1s) AMD Radeon RX 9070 XT (RADV GFX1201)
tick 2541000 alive   851298 genomes  234443 energy   210.6 births 11599985 deaths 11603870 (19402.7s) AMD Radeon RX 9070 XT (RADV GFX1201)
tick 2542000 alive   851155 genomes  234231 energy   211.2 births 11550759 deaths 11550902 (19410.2s) AMD Radeon RX 9070 XT (RADV GFX1201)
tick 2543000 alive   850694 genomes  235551 energy   211.1 births 11458006 deaths 11458467 (19417.8s) AMD Radeon RX 9070 XT (RADV GFX1201)
tick 2544000 alive   840185 genomes  234217 energy   211.1 births 11407253 deaths 11417762 (19425.4s) AMD Radeon RX 9070 XT (RADV GFX1201)
tick 2545000 alive   845392 genomes  234561 energy   211.0 births 11368798 deaths 11363591 (19433.0s) AMD Radeon RX 9070 XT (RADV GFX1201)
tick 2546000 alive   848972 genomes  235465 energy   210.5 births 11534118 deaths 11530538 (19440.5s) AMD Radeon RX 9070 XT (RADV GFX1201)
tick 2547000 alive   846361 genomes  235682 energy   210.6 births 11462001 deaths 11464612 (19448.1s) AMD Radeon RX 9070 XT (RADV GFX1201)
tick 2548000 alive   846788 genomes  235232 energy   210.8 births 11556488 deaths 11556061 (19455.8s) AMD Radeon RX 9070 XT (RADV GFX1201)
tick 2549000 alive   849186 genomes  235460 energy   210.6 births 11577464 deaths 11575066 (19463.4s) AMD Radeon RX 9070 XT (RADV GFX1201)
tick 2550000 alive   851500 genomes  232678 energy   210.7 births 11683455 deaths 11681141 (19470.9s) AMD Radeon RX 9070 XT (RADV GFX1201)
tick 2551000 alive   856126 genomes  231359 energy   210.1 births 11733374 deaths 11728748 (19478.5s) AMD Radeon RX 9070 XT (RADV GFX1201)
tick 2552000 alive   858429 genomes  228912 energy   210.1 births 11885623 deaths 11883320 (19486.2s) AMD Radeon RX 9070 XT (RADV GFX1201)
tick 2553000 alive   861714 genomes  226500 energy   210.2 births 11957167 deaths 11953882 (19493.8s) AMD Radeon RX 9070 XT (RADV GFX1201)
tick 2554000 alive   863987 genomes  227199 energy   210.4 births 11963809 deaths 11961536 (19501.3s) AMD Radeon RX 9070 XT (RADV GFX1201)
tick 2555000 alive   859098 genomes  225895 energy   210.3 births 11822884 deaths 11827773 (19508.9s) AMD Radeon RX 9070 XT (RADV GFX1201)
tick 2556000 alive   862818 genomes  227671 energy   210.4 births 11853219 deaths 11849499 (19516.6s) AMD Radeon RX 9070 XT (RADV GFX1201)
tick 2557000 alive   857758 genomes  227734 energy   210.1 births 11900494 deaths 11905554 (19524.2s) AMD Radeon RX 9070 XT (RADV GFX1201)
tick 2558000 alive   857784 genomes  229075 energy   210.4 births 11825284 deaths 11825258 (19531.6s) AMD Radeon RX 9070 XT (RADV GFX1201)
tick 2559000 alive   857831 genomes  228670 energy   210.8 births 11757040 deaths 11756993 (19539.3s) AMD Radeon RX 9070 XT (RADV GFX1201)
tick 2560000 alive   856914 genomes  230988 energy   210.8 births 11738966 deaths 11739883 (19546.9s) AMD Radeon RX 9070 XT (RADV GFX1201)
tick 2561000 alive   853398 genomes  231825 energy   210.7 births 11564682 deaths 11568198 (19554.6s) AMD Radeon RX 9070 XT (RADV GFX1201)
tick 2562000 alive   854572 genomes  232838 energy   210.9 births 11633335 deaths 11632161 (19562.2s) AMD Radeon RX 9070 XT (RADV GFX1201)
tick 2563000 alive   854299 genomes  233893 energy   210.5 births 11615453 deaths 11615726 (19569.7s) AMD Radeon RX 9070 XT (RADV GFX1201)
tick 2564000 alive   855591 genomes  232880 energy   210.5 births 11688978 deaths 11687686 (19577.3s) AMD Radeon RX 9070 XT (RADV GFX1201)
tick 2565000 alive   853050 genomes  233988 energy   210.0 births 11726814 deaths 11729355 (19585.0s) AMD Radeon RX 9070 XT (RADV GFX1201)
tick 2566000 alive   849503 genomes  230614 energy   210.7 births 11575168 deaths 11578715 (19592.6s) AMD Radeon RX 9070 XT (RADV GFX1201)
tick 2567000 alive   856765 genomes  230824 energy   210.3 births 11667957 deaths 11660695 (19600.1s) AMD Radeon RX 9070 XT (RADV GFX1201)
tick 2568000 alive   852023 genomes  230270 energy   210.7 births 11638655 deaths 11643397 (19607.7s) AMD Radeon RX 9070 XT (RADV GFX1201)
tick 2569000 alive   857631 genomes  230901 energy   210.4 births 11716235 deaths 11710627 (19615.4s) AMD Radeon RX 9070 XT (RADV GFX1201)
tick 2570000 alive   857053 genomes  229628 energy   210.1 births 11818456 deaths 11819034 (19623.0s) AMD Radeon RX 9070 XT (RADV GFX1201)
tick 2571000 alive   861464 genomes  229435 energy   209.9 births 11870545 deaths 11866134 (19630.5s) AMD Radeon RX 9070 XT (RADV GFX1201)
tick 2572000 alive   855067 genomes  231182 energy   210.9 births 11706746 deaths 11713143 (19638.1s) AMD Radeon RX 9070 XT (RADV GFX1201)
tick 2573000 alive   844243 genomes  231431 energy   211.0 births 11496555 deaths 11507379 (19645.8s) AMD Radeon RX 9070 XT (RADV GFX1201)
tick 2574000 alive   849181 genomes  234221 energy   210.4 births 11524915 deaths 11519977 (19653.4s) AMD Radeon RX 9070 XT (RADV GFX1201)
tick 2575000 alive   848426 genomes  232410 energy   210.8 births 11506727 deaths 11507482 (19660.9s) AMD Radeon RX 9070 XT (RADV GFX1201)
tick 2576000 alive   850451 genomes  232803 energy   210.5 births 11601577 deaths 11599552 (19668.5s) AMD Radeon RX 9070 XT (RADV GFX1201)
tick 2577000 alive   850743 genomes  234379 energy   210.5 births 11602309 deaths 11602017 (19676.1s) AMD Radeon RX 9070 XT (RADV GFX1201)
tick 2578000 alive   849817 genomes  233766 energy   210.4 births 11558393 deaths 11559319 (19683.8s) AMD Radeon RX 9070 XT (RADV GFX1201)
tick 2579000 alive   850995 genomes  233359 energy   210.4 births 11584517 deaths 11583339 (19691.2s) AMD Radeon RX 9070 XT (RADV GFX1201)
tick 2580000 alive   848590 genomes  234089 energy   211.1 births 11530150 deaths 11532555 (19698.9s) AMD Radeon RX 9070 XT (RADV GFX1201)
tick 2581000 alive   848700 genomes  233165 energy   211.0 births 11464236 deaths 11464126 (19706.5s) AMD Radeon RX 9070 XT (RADV GFX1201)
tick 2582000 alive   848100 genomes  233740 energy   210.8 births 11466072 deaths 11466672 (19714.1s) AMD Radeon RX 9070 XT (RADV GFX1201)
tick 2583000 alive   843088 genomes  232397 energy   210.7 births 11485218 deaths 11490230 (19721.8s) AMD Radeon RX 9070 XT (RADV GFX1201)
tick 2584000 alive   848053 genomes  231844 energy   210.5 births 11571594 deaths 11566629 (19729.3s) AMD Radeon RX 9070 XT (RADV GFX1201)
tick 2585000 alive   852113 genomes  231056 energy   210.3 births 11690105 deaths 11686045 (19737.0s) AMD Radeon RX 9070 XT (RADV GFX1201)
tick 2586000 alive   853923 genomes  230060 energy   209.9 births 11801414 deaths 11799604 (19744.6s) AMD Radeon RX 9070 XT (RADV GFX1201)
tick 2587000 alive   858282 genomes  228383 energy   210.1 births 11872829 deaths 11868470 (19752.2s) AMD Radeon RX 9070 XT (RADV GFX1201)
tick 2588000 alive   851861 genomes  229479 energy   210.4 births 11785437 deaths 11791858 (19759.7s) AMD Radeon RX 9070 XT (RADV GFX1201)
tick 2589000 alive   856209 genomes  230029 energy   210.2 births 11771269 deaths 11766921 (19767.4s) AMD Radeon RX 9070 XT (RADV GFX1201)
tick 2590000 alive   855430 genomes  229804 energy   210.5 births 11707867 deaths 11708646 (19775.0s) AMD Radeon RX 9070 XT (RADV GFX1201)
tick 2591000 alive   850773 genomes  232169 energy   210.3 births 11689313 deaths 11693970 (19782.7s) AMD Radeon RX 9070 XT (RADV GFX1201)
tick 2592000 alive   851391 genomes  232582 energy   210.1 births 11688354 deaths 11687736 (19790.1s) AMD Radeon RX 9070 XT (RADV GFX1201)
tick 2593000 alive   853282 genomes  234306 energy   210.8 births 11730202 deaths 11728311 (19797.7s) AMD Radeon RX 9070 XT (RADV GFX1201)
tick 2594000 alive   845417 genomes  235036 energy   210.7 births 11536974 deaths 11544839 (19805.3s) AMD Radeon RX 9070 XT (RADV GFX1201)
tick 2595000 alive   844334 genomes  234702 energy   210.1 births 11468887 deaths 11469970 (19812.8s) AMD Radeon RX 9070 XT (RADV GFX1201)
tick 2596000 alive   853448 genomes  234765 energy   209.8 births 11755545 deaths 11746431 (19820.2s) AMD Radeon RX 9070 XT (RADV GFX1201)
tick 2597000 alive   854444 genomes  234685 energy   209.7 births 11869606 deaths 11868610 (19827.9s) AMD Radeon RX 9070 XT (RADV GFX1201)
tick 2598000 alive   854105 genomes  232939 energy   209.9 births 11819785 deaths 11820124 (19835.5s) AMD Radeon RX 9070 XT (RADV GFX1201)
tick 2599000 alive   851140 genomes  233262 energy   210.1 births 11808203 deaths 11811168 (19843.2s) AMD Radeon RX 9070 XT (RADV GFX1201)
tick 2600000 alive   849914 genomes  232394 energy   210.6 births 11651295 deaths 11652521 (19850.7s) AMD Radeon RX 9070 XT (RADV GFX1201)
tick 2601000 alive   856808 genomes  231537 energy   210.5 births 11701172 deaths 11694278 (19858.3s) AMD Radeon RX 9070 XT (RADV GFX1201)
tick 2602000 alive   858597 genomes  232740 energy   210.3 births 11876649 deaths 11874860 (19865.9s) AMD Radeon RX 9070 XT (RADV GFX1201)
tick 2603000 alive   854569 genomes  229752 energy   210.3 births 11758267 deaths 11762295 (19873.5s) AMD Radeon RX 9070 XT (RADV GFX1201)
tick 2604000 alive   856826 genomes  228863 energy   210.4 births 11763474 deaths 11761217 (19881.1s) AMD Radeon RX 9070 XT (RADV GFX1201)
tick 2605000 alive   854724 genomes  227565 energy   210.5 births 11803373 deaths 11805475 (19888.6s) AMD Radeon RX 9070 XT (RADV GFX1201)
tick 2606000 alive   861377 genomes  228635 energy   210.1 births 11900972 deaths 11894319 (19896.3s) AMD Radeon RX 9070 XT (RADV GFX1201)
tick 2607000 alive   857642 genomes  228698 energy   210.7 births 11848062 deaths 11851797 (19904.0s) AMD Radeon RX 9070 XT (RADV GFX1201)
tick 2608000 alive   857471 genomes  230334 energy   210.4 births 11823574 deaths 11823745 (19911.6s) AMD Radeon RX 9070 XT (RADV GFX1201)
tick 2609000 alive   859571 genomes  231033 energy   210.1 births 11851516 deaths 11849416 (19919.1s) AMD Radeon RX 9070 XT (RADV GFX1201)
tick 2610000 alive   860426 genomes  230141 energy   209.9 births 11858823 deaths 11857968 (19926.7s) AMD Radeon RX 9070 XT (RADV GFX1201)
tick 2611000 alive   861107 genomes  229485 energy   210.4 births 11906764 deaths 11906083 (19934.3s) AMD Radeon RX 9070 XT (RADV GFX1201)
tick 2612000 alive   859393 genomes  229234 energy   210.0 births 11866830 deaths 11868544 (19941.9s) AMD Radeon RX 9070 XT (RADV GFX1201)
tick 2613000 alive   856520 genomes  228455 energy   210.4 births 11840932 deaths 11843805 (19949.4s) AMD Radeon RX 9070 XT (RADV GFX1201)
tick 2614000 alive   857984 genomes  228052 energy   209.9 births 11846360 deaths 11844896 (19957.0s) AMD Radeon RX 9070 XT (RADV GFX1201)
tick 2615000 alive   857910 genomes  226150 energy   209.6 births 11987960 deaths 11988034 (19964.7s) AMD Radeon RX 9070 XT (RADV GFX1201)
tick 2616000 alive   865659 genomes  225610 energy   209.7 births 12051413 deaths 12043664 (19972.3s) AMD Radeon RX 9070 XT (RADV GFX1201)
tick 2617000 alive   865229 genomes  226448 energy   210.5 births 12080850 deaths 12081280 (19979.8s) AMD Radeon RX 9070 XT (RADV GFX1201)
tick 2618000 alive   860215 genomes  228139 energy   210.5 births 11879228 deaths 11884242 (19987.4s) AMD Radeon RX 9070 XT (RADV GFX1201)
tick 2619000 alive   855737 genomes  229200 energy   210.0 births 11810913 deaths 11815391 (19994.9s) AMD Radeon RX 9070 XT (RADV GFX1201)
tick 2620000 alive   854874 genomes  231247 energy   210.0 births 11887473 deaths 11888336 (20002.6s) AMD Radeon RX 9070 XT (RADV GFX1201)
tick 2621000 alive   852948 genomes  231420 energy   210.3 births 11704393 deaths 11706319 (20010.1s) AMD Radeon RX 9070 XT (RADV GFX1201)
tick 2622000 alive   850337 genomes  232463 energy   210.6 births 11685098 deaths 11687709 (20017.7s) AMD Radeon RX 9070 XT (RADV GFX1201)
tick 2623000 alive   851237 genomes  231620 energy   210.3 births 11664908 deaths 11664008 (20025.4s) AMD Radeon RX 9070 XT (RADV GFX1201)
tick 2624000 alive   857074 genomes  231490 energy   210.5 births 11770353 deaths 11764516 (20033.1s) AMD Radeon RX 9070 XT (RADV GFX1201)
tick 2625000 alive   849370 genomes  231657 energy   210.5 births 11650467 deaths 11658171 (20040.7s) AMD Radeon RX 9070 XT (RADV GFX1201)
tick 2626000 alive   850451 genomes  227959 energy   210.5 births 11601283 deaths 11600202 (20048.2s) AMD Radeon RX 9070 XT (RADV GFX1201)
tick 2627000 alive   857022 genomes  230311 energy   210.5 births 11691050 deaths 11684479 (20055.8s) AMD Radeon RX 9070 XT (RADV GFX1201)
tick 2628000 alive   853653 genomes  230945 energy   210.8 births 11651566 deaths 11654935 (20063.4s) AMD Radeon RX 9070 XT (RADV GFX1201)
tick 2629000 alive   853594 genomes  231933 energy   210.8 births 11683874 deaths 11683933 (20071.1s) AMD Radeon RX 9070 XT (RADV GFX1201)
tick 2630000 alive   852607 genomes  233704 energy   210.5 births 11617366 deaths 11618353 (20078.6s) AMD Radeon RX 9070 XT (RADV GFX1201)
tick 2631000 alive   851534 genomes  233593 energy   210.8 births 11601199 deaths 11602272 (20086.3s) AMD Radeon RX 9070 XT (RADV GFX1201)
tick 2632000 alive   849831 genomes  235252 energy   211.0 births 11557946 deaths 11559649 (20094.0s) AMD Radeon RX 9070 XT (RADV GFX1201)
tick 2633000 alive   846525 genomes  235794 energy   210.9 births 11505262 deaths 11508568 (20101.7s) AMD Radeon RX 9070 XT (RADV GFX1201)
tick 2634000 alive   850730 genomes  234945 energy   210.6 births 11503400 deaths 11499195 (20109.3s) AMD Radeon RX 9070 XT (RADV GFX1201)
tick 2635000 alive   849187 genomes  233677 energy   210.4 births 11560648 deaths 11562191 (20116.9s) AMD Radeon RX 9070 XT (RADV GFX1201)
tick 2636000 alive   855194 genomes  232628 energy   210.9 births 11617785 deaths 11611778 (20124.4s) AMD Radeon RX 9070 XT (RADV GFX1201)
tick 2637000 alive   854434 genomes  232460 energy   211.0 births 11703345 deaths 11704105 (20132.1s) AMD Radeon RX 9070 XT (RADV GFX1201)
tick 2638000 alive   847985 genomes  232899 energy   210.8 births 11506918 deaths 11513367 (20139.6s) AMD Radeon RX 9070 XT (RADV GFX1201)
tick 2639000 alive   854226 genomes  233416 energy   210.7 births 11614587 deaths 11608346 (20147.2s) AMD Radeon RX 9070 XT (RADV GFX1201)
tick 2640000 alive   853292 genomes  232374 energy   210.3 births 11708321 deaths 11709255 (20154.9s) AMD Radeon RX 9070 XT (RADV GFX1201)
tick 2641000 alive   852986 genomes  232978 energy   210.3 births 11733085 deaths 11733391 (20162.6s) AMD Radeon RX 9070 XT (RADV GFX1201)
tick 2642000 alive   855131 genomes  233675 energy   210.5 births 11757610 deaths 11755465 (20170.3s) AMD Radeon RX 9070 XT (RADV GFX1201)
tick 2643000 alive   855687 genomes  233125 energy   209.8 births 11792113 deaths 11791557 (20177.8s) AMD Radeon RX 9070 XT (RADV GFX1201)
tick 2644000 alive   857197 genomes  233740 energy   210.2 births 11866725 deaths 11865215 (20185.5s) AMD Radeon RX 9070 XT (RADV GFX1201)
tick 2645000 alive   852769 genomes  234243 energy   210.0 births 11803449 deaths 11807877 (20193.2s) AMD Radeon RX 9070 XT (RADV GFX1201)
tick 2646000 alive   857730 genomes  231757 energy   210.0 births 11864195 deaths 11859234 (20200.8s) AMD Radeon RX 9070 XT (RADV GFX1201)
tick 2647000 alive   854714 genomes  232111 energy   210.5 births 11879272 deaths 11882288 (20208.3s) AMD Radeon RX 9070 XT (RADV GFX1201)
tick 2648000 alive   853934 genomes  232544 energy   210.1 births 11785344 deaths 11786124 (20215.9s) AMD Radeon RX 9070 XT (RADV GFX1201)
tick 2649000 alive   855503 genomes  231458 energy   210.5 births 11812678 deaths 11811109 (20223.6s) AMD Radeon RX 9070 XT (RADV GFX1201)
tick 2650000 alive   853822 genomes  233280 energy   210.6 births 11798230 deaths 11799911 (20231.2s) AMD Radeon RX 9070 XT (RADV GFX1201)
tick 2651000 alive   851823 genomes  233422 energy   210.3 births 11690576 deaths 11692575 (20238.6s) AMD Radeon RX 9070 XT (RADV GFX1201)
tick 2652000 alive   854536 genomes  233254 energy   210.1 births 11731611 deaths 11728898 (20246.2s) AMD Radeon RX 9070 XT (RADV GFX1201)
tick 2653000 alive   854115 genomes  234463 energy   211.0 births 11758311 deaths 11758732 (20253.8s) AMD Radeon RX 9070 XT (RADV GFX1201)
tick 2654000 alive   846598 genomes  235845 energy   210.7 births 11499065 deaths 11506582 (20261.4s) AMD Radeon RX 9070 XT (RADV GFX1201)
tick 2655000 alive   844886 genomes  235431 energy   210.4 births 11503526 deaths 11505238 (20268.9s) AMD Radeon RX 9070 XT (RADV GFX1201)
tick 2656000 alive   851502 genomes  234484 energy   210.1 births 11659126 deaths 11652510 (20276.6s) AMD Radeon RX 9070 XT (RADV GFX1201)
tick 2657000 alive   859500 genomes  233304 energy   210.1 births 11794312 deaths 11786314 (20284.2s) AMD Radeon RX 9070 XT (RADV GFX1201)
tick 2658000 alive   856870 genomes  232820 energy   210.3 births 11801567 deaths 11804197 (20291.9s) AMD Radeon RX 9070 XT (RADV GFX1201)
tick 2659000 alive   856179 genomes  232207 energy   210.2 births 11793864 deaths 11794555 (20299.4s) AMD Radeon RX 9070 XT (RADV GFX1201)
tick 2660000 alive   853474 genomes  232167 energy   210.2 births 11710434 deaths 11713139 (20307.0s) AMD Radeon RX 9070 XT (RADV GFX1201)
tick 2661000 alive   854556 genomes  232509 energy   210.2 births 11766397 deaths 11765315 (20314.7s) AMD Radeon RX 9070 XT (RADV GFX1201)
tick 2662000 alive   853408 genomes  233045 energy   210.9 births 11727253 deaths 11728401 (20322.4s) AMD Radeon RX 9070 XT (RADV GFX1201)
tick 2663000 alive   855182 genomes  232783 energy   209.9 births 11700191 deaths 11698417 (20330.0s) AMD Radeon RX 9070 XT (RADV GFX1201)
tick 2664000 alive   858536 genomes  232108 energy   210.0 births 11866453 deaths 11863099 (20337.5s) AMD Radeon RX 9070 XT (RADV GFX1201)
tick 2665000 alive   855153 genomes  229889 energy   210.1 births 11823708 deaths 11827091 (20345.1s) AMD Radeon RX 9070 XT (RADV GFX1201)
tick 2666000 alive   858850 genomes  230169 energy   211.1 births 11862426 deaths 11858729 (20352.7s) AMD Radeon RX 9070 XT (RADV GFX1201)
tick 2667000 alive   855175 genomes  230525 energy   210.8 births 11667114 deaths 11670789 (20360.3s) AMD Radeon RX 9070 XT (RADV GFX1201)
tick 2668000 alive   855390 genomes  230874 energy   210.2 births 11736721 deaths 11736506 (20367.8s) AMD Radeon RX 9070 XT (RADV GFX1201)
tick 2669000 alive   855639 genomes  229663 energy   210.7 births 11781411 deaths 11781162 (20375.4s) AMD Radeon RX 9070 XT (RADV GFX1201)
tick 2670000 alive   861762 genomes  229748 energy   210.7 births 11835052 deaths 11828929 (20383.1s) AMD Radeon RX 9070 XT (RADV GFX1201)
tick 2671000 alive   851428 genomes  230948 energy   210.6 births 11724515 deaths 11734849 (20390.8s) AMD Radeon RX 9070 XT (RADV GFX1201)
tick 2672000 alive   858157 genomes  230679 energy   209.9 births 11775554 deaths 11768825 (20398.3s) AMD Radeon RX 9070 XT (RADV GFX1201)
tick 2673000 alive   859289 genomes  230415 energy   210.7 births 11875647 deaths 11874515 (20406.0s) AMD Radeon RX 9070 XT (RADV GFX1201)
tick 2674000 alive   860088 genomes  231493 energy   210.4 births 11843928 deaths 11843129 (20413.6s) AMD Radeon RX 9070 XT (RADV GFX1201)
tick 2675000 alive   855827 genomes  231538 energy   210.0 births 11815413 deaths 11819674 (20421.2s) AMD Radeon RX 9070 XT (RADV GFX1201)
tick 2676000 alive   857976 genomes  231815 energy   210.3 births 11853952 deaths 11851803 (20428.7s) AMD Radeon RX 9070 XT (RADV GFX1201)
tick 2677000 alive   848457 genomes  233712 energy   210.3 births 11610048 deaths 11619567 (20436.4s) AMD Radeon RX 9070 XT (RADV GFX1201)
tick 2678000 alive   853205 genomes  233410 energy   210.4 births 11652825 deaths 11648077 (20444.0s) AMD Radeon RX 9070 XT (RADV GFX1201)
tick 2679000 alive   852456 genomes  232698 energy   210.1 births 11706903 deaths 11707652 (20451.7s) AMD Radeon RX 9070 XT (RADV GFX1201)
tick 2680000 alive   852619 genomes  229923 energy   210.5 births 11722535 deaths 11722372 (20459.3s) AMD Radeon RX 9070 XT (RADV GFX1201)
tick 2681000 alive   856468 genomes  230331 energy   210.4 births 11806956 deaths 11803107 (20466.9s) AMD Radeon RX 9070 XT (RADV GFX1201)
tick 2682000 alive   855395 genomes  229367 energy   210.3 births 11844244 deaths 11845317 (20474.6s) AMD Radeon RX 9070 XT (RADV GFX1201)
tick 2683000 alive   856039 genomes  229230 energy   210.1 births 11828106 deaths 11827462 (20482.2s) AMD Radeon RX 9070 XT (RADV GFX1201)
tick 2684000 alive   859924 genomes  229061 energy   210.2 births 11865509 deaths 11861624 (20489.9s) AMD Radeon RX 9070 XT (RADV GFX1201)
tick 2685000 alive   856968 genomes  230221 energy   210.9 births 11841717 deaths 11844673 (20497.3s) AMD Radeon RX 9070 XT (RADV GFX1201)
tick 2686000 alive   854838 genomes  231629 energy   210.6 births 11707097 deaths 11709227 (20505.0s) AMD Radeon RX 9070 XT (RADV GFX1201)
tick 2687000 alive   851642 genomes  232105 energy   210.4 births 11691660 deaths 11694856 (20512.6s) AMD Radeon RX 9070 XT (RADV GFX1201)
tick 2688000 alive   849537 genomes  232530 energy   210.5 births 11729021 deaths 11731126 (20520.3s) AMD Radeon RX 9070 XT (RADV GFX1201)
tick 2689000 alive   855511 genomes  231246 energy   210.1 births 11683785 deaths 11677811 (20527.7s) AMD Radeon RX 9070 XT (RADV GFX1201)
tick 2690000 alive   857785 genomes  231942 energy   210.2 births 11796290 deaths 11794016 (20535.3s) AMD Radeon RX 9070 XT (RADV GFX1201)
tick 2691000 alive   855089 genomes  233287 energy   209.9 births 11765485 deaths 11768181 (20542.9s) AMD Radeon RX 9070 XT (RADV GFX1201)
tick 2692000 alive   850026 genomes  234062 energy   210.3 births 11724621 deaths 11729684 (20550.5s) AMD Radeon RX 9070 XT (RADV GFX1201)
tick 2693000 alive   849243 genomes  232542 energy   210.6 births 11620816 deaths 11621599 (20558.0s) AMD Radeon RX 9070 XT (RADV GFX1201)
tick 2694000 alive   856183 genomes  233383 energy   211.0 births 11784650 deaths 11777710 (20565.6s) AMD Radeon RX 9070 XT (RADV GFX1201)
tick 2695000 alive   849643 genomes  235062 energy   211.5 births 11555494 deaths 11562034 (20573.3s) AMD Radeon RX 9070 XT (RADV GFX1201)
tick 2696000 alive   844087 genomes  237683 energy   210.8 births 11398318 deaths 11403874 (20580.9s) AMD Radeon RX 9070 XT (RADV GFX1201)
tick 2697000 alive   842984 genomes  237956 energy   210.5 births 11463501 deaths 11464604 (20588.4s) AMD Radeon RX 9070 XT (RADV GFX1201)
tick 2698000 alive   848678 genomes  237288 energy   210.7 births 11540665 deaths 11534971 (20596.1s) AMD Radeon RX 9070 XT (RADV GFX1201)
tick 2699000 alive   845334 genomes  235957 energy   211.4 births 11415733 deaths 11419077 (20603.8s) AMD Radeon RX 9070 XT (RADV GFX1201)
tick 2700000 alive   841741 genomes  236578 energy   210.8 births 11267735 deaths 11271328 (20611.5s) AMD Radeon RX 9070 XT (RADV GFX1201)
tick 2701000 alive   846002 genomes  235645 energy   210.6 births 11478974 deaths 11474713 (20619.1s) AMD Radeon RX 9070 XT (RADV GFX1201)
tick 2702000 alive   844029 genomes  234969 energy   210.9 births 11460160 deaths 11462133 (20626.7s) AMD Radeon RX 9070 XT (RADV GFX1201)
tick 2703000 alive   849298 genomes  235341 energy   210.7 births 11458216 deaths 11452947 (20634.3s) AMD Radeon RX 9070 XT (RADV GFX1201)
tick 2704000 alive   852364 genomes  234961 energy   211.1 births 11585549 deaths 11582483 (20642.0s) AMD Radeon RX 9070 XT (RADV GFX1201)
tick 2705000 alive   846151 genomes  234504 energy   210.4 births 11537776 deaths 11543989 (20649.6s) AMD Radeon RX 9070 XT (RADV GFX1201)
tick 2706000 alive   846577 genomes  235116 energy   210.8 births 11543640 deaths 11543214 (20657.1s) AMD Radeon RX 9070 XT (RADV GFX1201)
tick 2707000 alive   853348 genomes  233000 energy   210.7 births 11647948 deaths 11641177 (20664.7s) AMD Radeon RX 9070 XT (RADV GFX1201)
tick 2708000 alive   850745 genomes  233083 energy   210.5 births 11657407 deaths 11660010 (20672.3s) AMD Radeon RX 9070 XT (RADV GFX1201)
tick 2709000 alive   851993 genomes  233997 energy   210.7 births 11619935 deaths 11618687 (20679.9s) AMD Radeon RX 9070 XT (RADV GFX1201)
tick 2710000 alive   850059 genomes  236627 energy   210.1 births 11660262 deaths 11662196 (20687.3s) AMD Radeon RX 9070 XT (RADV GFX1201)
tick 2711000 alive   849440 genomes  236635 energy   210.6 births 11664728 deaths 11665347 (20694.9s) AMD Radeon RX 9070 XT (RADV GFX1201)
tick 2712000 alive   847010 genomes  236885 energy   210.2 births 11624694 deaths 11627124 (20702.6s) AMD Radeon RX 9070 XT (RADV GFX1201)
tick 2713000 alive   846790 genomes  235244 energy   209.9 births 11760554 deaths 11760774 (20710.2s) AMD Radeon RX 9070 XT (RADV GFX1201)
tick 2714000 alive   852370 genomes  236818 energy   210.2 births 11785498 deaths 11779918 (20717.7s) AMD Radeon RX 9070 XT (RADV GFX1201)
tick 2715000 alive   849730 genomes  238734 energy   210.6 births 11676301 deaths 11678941 (20725.3s) AMD Radeon RX 9070 XT (RADV GFX1201)
tick 2716000 alive   844692 genomes  235417 energy   210.6 births 11554405 deaths 11559443 (20732.9s) AMD Radeon RX 9070 XT (RADV GFX1201)
tick 2717000 alive   852949 genomes  237065 energy   210.6 births 11593233 deaths 11584976 (20740.5s) AMD Radeon RX 9070 XT (RADV GFX1201)
tick 2718000 alive   852988 genomes  237647 energy   210.7 births 11645218 deaths 11645179 (20748.0s) AMD Radeon RX 9070 XT (RADV GFX1201)
tick 2719000 alive   848477 genomes  235133 energy   210.3 births 11615674 deaths 11620185 (20755.7s) AMD Radeon RX 9070 XT (RADV GFX1201)
tick 2720000 alive   856373 genomes  234337 energy   210.2 births 11724791 deaths 11716895 (20763.4s) AMD Radeon RX 9070 XT (RADV GFX1201)
tick 2721000 alive   857703 genomes  233728 energy   210.9 births 11742663 deaths 11741333 (20771.0s) AMD Radeon RX 9070 XT (RADV GFX1201)
tick 2722000 alive   853674 genomes  232439 energy   210.8 births 11683166 deaths 11687195 (20778.7s) AMD Radeon RX 9070 XT (RADV GFX1201)
tick 2723000 alive   856272 genomes  232775 energy   210.7 births 11743524 deaths 11740926 (20786.2s) AMD Radeon RX 9070 XT (RADV GFX1201)
tick 2724000 alive   850777 genomes  231437 energy   210.3 births 11688392 deaths 11693887 (20793.9s) AMD Radeon RX 9070 XT (RADV GFX1201)
tick 2725000 alive   856822 genomes  230144 energy   210.5 births 11844993 deaths 11838948 (20801.6s) AMD Radeon RX 9070 XT (RADV GFX1201)
tick 2726000 alive   856939 genomes  229325 energy   210.4 births 11751667 deaths 11751550 (20809.3s) AMD Radeon RX 9070 XT (RADV GFX1201)
tick 2727000 alive   860139 genomes  229848 energy   210.3 births 11814737 deaths 11811537 (20816.7s) AMD Radeon RX 9070 XT (RADV GFX1201)
tick 2728000 alive   859409 genomes  230166 energy   209.8 births 11845850 deaths 11846580 (20824.4s) AMD Radeon RX 9070 XT (RADV GFX1201)
tick 2729000 alive   859916 genomes  229120 energy   210.7 births 11867866 deaths 11867359 (20832.0s) AMD Radeon RX 9070 XT (RADV GFX1201)
tick 2730000 alive   857492 genomes  228218 energy   210.7 births 11726257 deaths 11728681 (20839.7s) AMD Radeon RX 9070 XT (RADV GFX1201)
tick 2731000 alive   857444 genomes  228113 energy   210.3 births 11729166 deaths 11729214 (20847.2s) AMD Radeon RX 9070 XT (RADV GFX1201)
tick 2732000 alive   856153 genomes  227839 energy   210.4 births 11790831 deaths 11792122 (20854.8s) AMD Radeon RX 9070 XT (RADV GFX1201)
tick 2733000 alive   855682 genomes  228119 energy   210.2 births 11706261 deaths 11706732 (20862.4s) AMD Radeon RX 9070 XT (RADV GFX1201)
tick 2734000 alive   858662 genomes  230225 energy   210.1 births 11844025 deaths 11841045 (20870.0s) AMD Radeon RX 9070 XT (RADV GFX1201)
tick 2735000 alive   853342 genomes  233074 energy   210.4 births 11762606 deaths 11767926 (20877.4s) AMD Radeon RX 9070 XT (RADV GFX1201)
tick 2736000 alive   850749 genomes  235762 energy   210.9 births 11603138 deaths 11605731 (20885.1s) AMD Radeon RX 9070 XT (RADV GFX1201)
tick 2737000 alive   846445 genomes  234162 energy   210.7 births 11489212 deaths 11493516 (20892.7s) AMD Radeon RX 9070 XT (RADV GFX1201)
tick 2738000 alive   851790 genomes  234681 energy   210.9 births 11650099 deaths 11644754 (20900.4s) AMD Radeon RX 9070 XT (RADV GFX1201)
tick 2739000 alive   847878 genomes  235255 energy   210.8 births 11555977 deaths 11559889 (20907.9s) AMD Radeon RX 9070 XT (RADV GFX1201)
tick 2740000 alive   848708 genomes  233203 energy   210.3 births 11510753 deaths 11509923 (20915.5s) AMD Radeon RX 9070 XT (RADV GFX1201)
tick 2741000 alive   852988 genomes  231899 energy   209.9 births 11656763 deaths 11652483 (20923.2s) AMD Radeon RX 9070 XT (RADV GFX1201)
tick 2742000 alive   858854 genomes  232747 energy   211.1 births 11813877 deaths 11808011 (20930.8s) AMD Radeon RX 9070 XT (RADV GFX1201)
tick 2743000 alive   851180 genomes  234320 energy   211.5 births 11515166 deaths 11522840 (20938.4s) AMD Radeon RX 9070 XT (RADV GFX1201)
tick 2744000 alive   842073 genomes  236508 energy   210.9 births 11361981 deaths 11371088 (20945.8s) AMD Radeon RX 9070 XT (RADV GFX1201)
tick 2745000 alive   850208 genomes  233213 energy   210.6 births 11530383 deaths 11522248 (20953.4s) AMD Radeon RX 9070 XT (RADV GFX1201)
tick 2746000 alive   850243 genomes  234631 energy   210.9 births 11582480 deaths 11582445 (20961.0s) AMD Radeon RX 9070 XT (RADV GFX1201)
tick 2747000 alive   850143 genomes  233562 energy   210.9 births 11494662 deaths 11494762 (20968.6s) AMD Radeon RX 9070 XT (RADV GFX1201)
tick 2748000 alive   851743 genomes  235824 energy   210.7 births 11583285 deaths 11581685 (20976.0s) AMD Radeon RX 9070 XT (RADV GFX1201)
tick 2749000 alive   849524 genomes  235408 energy   211.0 births 11572174 deaths 11574393 (20983.7s) AMD Radeon RX 9070 XT (RADV GFX1201)
tick 2750000 alive   852246 genomes  236703 energy   211.1 births 11573119 deaths 11570397 (20991.3s) AMD Radeon RX 9070 XT (RADV GFX1201)
tick 2751000 alive   848131 genomes  237722 energy   211.0 births 11506349 deaths 11510464 (20999.0s) AMD Radeon RX 9070 XT (RADV GFX1201)
tick 2752000 alive   846242 genomes  236114 energy   210.7 births 11468376 deaths 11470265 (21006.5s) AMD Radeon RX 9070 XT (RADV GFX1201)
tick 2753000 alive   850915 genomes  235795 energy   210.1 births 11594222 deaths 11589549 (21014.1s) AMD Radeon RX 9070 XT (RADV GFX1201)
tick 2754000 alive   849110 genomes  234428 energy   210.4 births 11628615 deaths 11630420 (21021.7s) AMD Radeon RX 9070 XT (RADV GFX1201)
tick 2755000 alive   848219 genomes  233022 energy   210.7 births 11604123 deaths 11605014 (21029.3s) AMD Radeon RX 9070 XT (RADV GFX1201)
tick 2756000 alive   853004 genomes  233345 energy   210.5 births 11616430 deaths 11611645 (21036.7s) AMD Radeon RX 9070 XT (RADV GFX1201)
tick 2757000 alive   852155 genomes  231725 energy   210.3 births 11634713 deaths 11635562 (21044.4s) AMD Radeon RX 9070 XT (RADV GFX1201)
tick 2758000 alive   855303 genomes  230904 energy   210.3 births 11778795 deaths 11775647 (21052.0s) AMD Radeon RX 9070 XT (RADV GFX1201)
tick 2759000 alive   856500 genomes  231324 energy   210.8 births 11738753 deaths 11737556 (21059.7s) AMD Radeon RX 9070 XT (RADV GFX1201)
tick 2760000 alive   853095 genomes  231150 energy   210.3 births 11734277 deaths 11737682 (21067.3s) AMD Radeon RX 9070 XT (RADV GFX1201)
tick 2761000 alive   854712 genomes  231103 energy   210.0 births 11769486 deaths 11767869 (21074.9s) AMD Radeon RX 9070 XT (RADV GFX1201)
tick 2762000 alive   854305 genomes  230738 energy   209.9 births 11819443 deaths 11819850 (21082.5s) AMD Radeon RX 9070 XT (RADV GFX1201)
tick 2763000 alive   857293 genomes  230692 energy   210.4 births 11853562 deaths 11850574 (21090.2s) AMD Radeon RX 9070 XT (RADV GFX1201)
tick 2764000 alive   851017 genomes  232033 energy   210.6 births 11683196 deaths 11689472 (21097.9s) AMD Radeon RX 9070 XT (RADV GFX1201)
tick 2765000 alive   848776 genomes  233478 energy   210.9 births 11612344 deaths 11614585 (21105.3s) AMD Radeon RX 9070 XT (RADV GFX1201)
tick 2766000 alive   849458 genomes  233898 energy   210.5 births 11532483 deaths 11531801 (21113.0s) AMD Radeon RX 9070 XT (RADV GFX1201)
tick 2767000 alive   857310 genomes  234903 energy   210.2 births 11700402 deaths 11692550 (21120.7s) AMD Radeon RX 9070 XT (RADV GFX1201)
tick 2768000 alive   853210 genomes  234551 energy   210.6 births 11781314 deaths 11785414 (21128.3s) AMD Radeon RX 9070 XT (RADV GFX1201)
tick 2769000 alive   851231 genomes  233469 energy   210.5 births 11639041 deaths 11641020 (21135.8s) AMD Radeon RX 9070 XT (RADV GFX1201)
tick 2770000 alive   854588 genomes  234056 energy   210.1 births 11687756 deaths 11684399 (21143.4s) AMD Radeon RX 9070 XT (RADV GFX1201)
tick 2771000 alive   857260 genomes  231186 energy   209.8 births 11827256 deaths 11824584 (21151.0s) AMD Radeon RX 9070 XT (RADV GFX1201)
tick 2772000 alive   862046 genomes  229505 energy   209.8 births 12015392 deaths 12010606 (21158.6s) AMD Radeon RX 9070 XT (RADV GFX1201)
tick 2773000 alive   861322 genomes  227453 energy   209.5 births 12041750 deaths 12042474 (21166.0s) AMD Radeon RX 9070 XT (RADV GFX1201)
tick 2774000 alive   868622 genomes  225854 energy   209.4 births 12163963 deaths 12156663 (21173.7s) AMD Radeon RX 9070 XT (RADV GFX1201)
tick 2775000 alive   871420 genomes  225865 energy   209.5 births 12249696 deaths 12246898 (21181.4s) AMD Radeon RX 9070 XT (RADV GFX1201)
tick 2776000 alive   868266 genomes  226326 energy   209.7 births 12241370 deaths 12244524 (21189.0s) AMD Radeon RX 9070 XT (RADV GFX1201)
tick 2777000 alive   866236 genomes  226221 energy   210.0 births 12070423 deaths 12072453 (21196.5s) AMD Radeon RX 9070 XT (RADV GFX1201)
tick 2778000 alive   866352 genomes  227130 energy   210.0 births 12050204 deaths 12050088 (21204.2s) AMD Radeon RX 9070 XT (RADV GFX1201)
tick 2779000 alive   860754 genomes  227516 energy   209.9 births 12080173 deaths 12085771 (21211.8s) AMD Radeon RX 9070 XT (RADV GFX1201)
tick 2780000 alive   860464 genomes  227609 energy   210.5 births 11940333 deaths 11940623 (21219.5s) AMD Radeon RX 9070 XT (RADV GFX1201)
tick 2781000 alive   858238 genomes  227983 energy   209.8 births 11869507 deaths 11871733 (21227.1s) AMD Radeon RX 9070 XT (RADV GFX1201)
tick 2782000 alive   858707 genomes  230472 energy   210.0 births 11994257 deaths 11993788 (21234.6s) AMD Radeon RX 9070 XT (RADV GFX1201)
tick 2783000 alive   862946 genomes  229805 energy   209.6 births 11970271 deaths 11966032 (21242.2s) AMD Radeon RX 9070 XT (RADV GFX1201)
tick 2784000 alive   855585 genomes  233092 energy   210.3 births 11931489 deaths 11938850 (21249.8s) AMD Radeon RX 9070 XT (RADV GFX1201)
tick 2785000 alive   853891 genomes  232522 energy   210.3 births 11776060 deaths 11777754 (21257.4s) AMD Radeon RX 9070 XT (RADV GFX1201)
tick 2786000 alive   852836 genomes  233079 energy   210.5 births 11751752 deaths 11752807 (21264.9s) AMD Radeon RX 9070 XT (RADV GFX1201)
tick 2787000 alive   850876 genomes  234708 energy   210.9 births 11629518 deaths 11631478 (21272.6s) AMD Radeon RX 9070 XT (RADV GFX1201)
tick 2788000 alive   850651 genomes  236851 energy   210.7 births 11584144 deaths 11584369 (21280.2s) AMD Radeon RX 9070 XT (RADV GFX1201)
tick 2789000 alive   849564 genomes  237270 energy   210.5 births 11652485 deaths 11653572 (21287.8s) AMD Radeon RX 9070 XT (RADV GFX1201)
tick 2790000 alive   852493 genomes  237454 energy   210.4 births 11657920 deaths 11654991 (21295.3s) AMD Radeon RX 9070 XT (RADV GFX1201)
tick 2791000 alive   853011 genomes  236609 energy   210.9 births 11680416 deaths 11679898 (21302.9s) AMD Radeon RX 9070 XT (RADV GFX1201)
tick 2792000 alive   846819 genomes  236066 energy   211.0 births 11517010 deaths 11523202 (21310.5s) AMD Radeon RX 9070 XT (RADV GFX1201)
tick 2793000 alive   851091 genomes  236694 energy   210.4 births 11595921 deaths 11591649 (21318.2s) AMD Radeon RX 9070 XT (RADV GFX1201)
tick 2794000 alive   849323 genomes  236992 energy   210.9 births 11585649 deaths 11587417 (21325.6s) AMD Radeon RX 9070 XT (RADV GFX1201)
tick 2795000 alive   850585 genomes  238486 energy   210.9 births 11545542 deaths 11544280 (21333.3s) AMD Radeon RX 9070 XT (RADV GFX1201)
tick 2796000 alive   849069 genomes  239402 energy   210.6 births 11602646 deaths 11604162 (21341.0s) AMD Radeon RX 9070 XT (RADV GFX1201)
tick 2797000 alive   845481 genomes  239677 energy   210.4 births 11503156 deaths 11506744 (21348.6s) AMD Radeon RX 9070 XT (RADV GFX1201)
tick 2798000 alive   847453 genomes  238539 energy   210.8 births 11551324 deaths 11549352 (21356.2s) AMD Radeon RX 9070 XT (RADV GFX1201)
tick 2799000 alive   850592 genomes  237071 energy   210.5 births 11589065 deaths 11585926 (21363.7s) AMD Radeon RX 9070 XT (RADV GFX1201)
tick 2800000 alive   851247 genomes  235425 energy   210.0 births 11620014 deaths 11619359 (21371.4s) AMD Radeon RX 9070 XT (RADV GFX1201)
tick 2801000 alive   851134 genomes  234542 energy   210.4 births 11703357 deaths 11703470 (21379.0s) AMD Radeon RX 9070 XT (RADV GFX1201)
tick 2802000 alive   850984 genomes  234683 energy   210.4 births 11668754 deaths 11668904 (21386.7s) AMD Radeon RX 9070 XT (RADV GFX1201)
tick 2803000 alive   853287 genomes  236100 energy   210.3 births 11720115 deaths 11717812 (21394.1s) AMD Radeon RX 9070 XT (RADV GFX1201)
tick 2804000 alive   854150 genomes  234318 energy   210.3 births 11729979 deaths 11729116 (21401.7s) AMD Radeon RX 9070 XT (RADV GFX1201)
tick 2805000 alive   857569 genomes  234591 energy   210.7 births 11788783 deaths 11785364 (21409.3s) AMD Radeon RX 9070 XT (RADV GFX1201)
tick 2806000 alive   852199 genomes  236748 energy   210.8 births 11579249 deaths 11584619 (21416.9s) AMD Radeon RX 9070 XT (RADV GFX1201)
tick 2807000 alive   849202 genomes  236766 energy   211.0 births 11555362 deaths 11558359 (21424.4s) AMD Radeon RX 9070 XT (RADV GFX1201)
tick 2808000 alive   850551 genomes  238040 energy   211.1 births 11494658 deaths 11493309 (21432.0s) AMD Radeon RX 9070 XT (RADV GFX1201)
tick 2809000 alive   851643 genomes  238813 energy   210.7 births 11547804 deaths 11546712 (21439.6s) AMD Radeon RX 9070 XT (RADV GFX1201)
tick 2810000 alive   847799 genomes  239949 energy   211.3 births 11511833 deaths 11515677 (21447.3s) AMD Radeon RX 9070 XT (RADV GFX1201)
tick 2811000 alive   842480 genomes  239171 energy   210.5 births 11336646 deaths 11341965 (21454.8s) AMD Radeon RX 9070 XT (RADV GFX1201)
tick 2812000 alive   848712 genomes  238579 energy   211.1 births 11474852 deaths 11468620 (21462.4s) AMD Radeon RX 9070 XT (RADV GFX1201)
tick 2813000 alive   849422 genomes  237697 energy   210.8 births 11507872 deaths 11507162 (21470.0s) AMD Radeon RX 9070 XT (RADV GFX1201)
tick 2814000 alive   845063 genomes  236532 energy   211.0 births 11432819 deaths 11437178 (21477.7s) AMD Radeon RX 9070 XT (RADV GFX1201)
tick 2815000 alive   845124 genomes  235468 energy   210.4 births 11497716 deaths 11497655 (21485.1s) AMD Radeon RX 9070 XT (RADV GFX1201)
tick 2816000 alive   855496 genomes  233556 energy   209.7 births 11695991 deaths 11685619 (21492.8s) AMD Radeon RX 9070 XT (RADV GFX1201)
tick 2817000 alive   863437 genomes  231667 energy   210.0 births 11897312 deaths 11889371 (21500.5s) AMD Radeon RX 9070 XT (RADV GFX1201)
tick 2818000 alive   862075 genomes  230618 energy   211.1 births 11810497 deaths 11811859 (21508.1s) AMD Radeon RX 9070 XT (RADV GFX1201)
tick 2819000 alive   856057 genomes  231116 energy   210.7 births 11702620 deaths 11708638 (21515.7s) AMD Radeon RX 9070 XT (RADV GFX1201)
tick 2820000 alive   855001 genomes  230623 energy   210.6 births 11743643 deaths 11744699 (21523.4s) AMD Radeon RX 9070 XT (RADV GFX1201)
tick 2821000 alive   859508 genomes  231229 energy   210.1 births 11846584 deaths 11842077 (21531.1s) AMD Radeon RX 9070 XT (RADV GFX1201)
tick 2822000 alive   856728 genomes  230907 energy   210.4 births 11800002 deaths 11802782 (21538.9s) AMD Radeon RX 9070 XT (RADV GFX1201)
tick 2823000 alive   856558 genomes  229899 energy   210.6 births 11732974 deaths 11733144 (21546.6s) AMD Radeon RX 9070 XT (RADV GFX1201)
tick 2824000 alive   855993 genomes  229986 energy   210.2 births 11859550 deaths 11860115 (21554.0s) AMD Radeon RX 9070 XT (RADV GFX1201)
tick 2825000 alive   862866 genomes  229629 energy   210.5 births 11925585 deaths 11918712 (21561.7s) AMD Radeon RX 9070 XT (RADV GFX1201)
tick 2826000 alive   857137 genomes  231070 energy   210.6 births 11783384 deaths 11789113 (21569.3s) AMD Radeon RX 9070 XT (RADV GFX1201)
tick 2827000 alive   852348 genomes  231750 energy   210.9 births 11734851 deaths 11739640 (21576.9s) AMD Radeon RX 9070 XT (RADV GFX1201)
tick 2828000 alive   856028 genomes  231831 energy   210.7 births 11670925 deaths 11667245 (21584.4s) AMD Radeon RX 9070 XT (RADV GFX1201)
tick 2829000 alive   851426 genomes  232391 energy   210.7 births 11691020 deaths 11695622 (21592.0s) AMD Radeon RX 9070 XT (RADV GFX1201)
tick 2830000 alive   853282 genomes  234386 energy   210.4 births 11690028 deaths 11688172 (21599.6s) AMD Radeon RX 9070 XT (RADV GFX1201)
tick 2831000 alive   855840 genomes  234382 energy   210.3 births 11721639 deaths 11719081 (21607.2s) AMD Radeon RX 9070 XT (RADV GFX1201)
tick 2832000 alive   852345 genomes  232517 energy   210.5 births 11703022 deaths 11706517 (21614.7s) AMD Radeon RX 9070 XT (RADV GFX1201)
tick 2833000 alive   852336 genomes  232189 energy   210.6 births 11657973 deaths 11657982 (21622.3s) AMD Radeon RX 9070 XT (RADV GFX1201)
tick 2834000 alive   854258 genomes  231337 energy   210.4 births 11694406 deaths 11692484 (21630.0s) AMD Radeon RX 9070 XT (RADV GFX1201)
tick 2835000 alive   851938 genomes  231666 energy   210.6 births 11699541 deaths 11701861 (21637.6s) AMD Radeon RX 9070 XT (RADV GFX1201)
tick 2836000 alive   855477 genomes  230632 energy   210.4 births 11718970 deaths 11715431 (21645.1s) AMD Radeon RX 9070 XT (RADV GFX1201)
tick 2837000 alive   853128 genomes  231373 energy   210.6 births 11712924 deaths 11715273 (21652.8s) AMD Radeon RX 9070 XT (RADV GFX1201)
tick 2838000 alive   850824 genomes  231574 energy   210.7 births 11612759 deaths 11615063 (21660.4s) AMD Radeon RX 9070 XT (RADV GFX1201)
tick 2839000 alive   857305 genomes  231152 energy   210.5 births 11617024 deaths 11610543 (21668.0s) AMD Radeon RX 9070 XT (RADV GFX1201)
tick 2840000 alive   853939 genomes  230535 energy   210.5 births 11710918 deaths 11714284 (21675.6s) AMD Radeon RX 9070 XT (RADV GFX1201)
tick 2841000 alive   855327 genomes  229001 energy   210.2 births 11718408 deaths 11717020 (21683.0s) AMD Radeon RX 9070 XT (RADV GFX1201)
tick 2842000 alive   861269 genomes  229442 energy   210.8 births 11765704 deaths 11759762 (21690.6s) AMD Radeon RX 9070 XT (RADV GFX1201)
tick 2843000 alive   855691 genomes  230316 energy   210.8 births 11692580 deaths 11698158 (21698.2s) AMD Radeon RX 9070 XT (RADV GFX1201)
tick 2844000 alive   855471 genomes  229240 energy   210.6 births 11681798 deaths 11682018 (21705.8s) AMD Radeon RX 9070 XT (RADV GFX1201)
tick 2845000 alive   853477 genomes  228537 energy   210.7 births 11662390 deaths 11664384 (21713.3s) AMD Radeon RX 9070 XT (RADV GFX1201)
tick 2846000 alive   856296 genomes  226707 energy   210.9 births 11666820 deaths 11664001 (21720.9s) AMD Radeon RX 9070 XT (RADV GFX1201)
tick 2847000 alive   862305 genomes  229451 energy   210.7 births 11809988 deaths 11803979 (21728.6s) AMD Radeon RX 9070 XT (RADV GFX1201)
tick 2848000 alive   855835 genomes  228281 energy   210.9 births 11738251 deaths 11744721 (21736.3s) AMD Radeon RX 9070 XT (RADV GFX1201)
tick 2849000 alive   855830 genomes  230404 energy   211.0 births 11641976 deaths 11641981 (21743.7s) AMD Radeon RX 9070 XT (RADV GFX1201)
tick 2850000 alive   853026 genomes  228904 energy   211.2 births 11586543 deaths 11589347 (21751.4s) AMD Radeon RX 9070 XT (RADV GFX1201)
tick 2851000 alive   854858 genomes  226782 energy   210.7 births 11647632 deaths 11645800 (21759.1s) AMD Radeon RX 9070 XT (RADV GFX1201)
tick 2852000 alive   860092 genomes  227964 energy   210.9 births 11710800 deaths 11705566 (21766.7s) AMD Radeon RX 9070 XT (RADV GFX1201)
tick 2853000 alive   855641 genomes  228552 energy   210.6 births 11698804 deaths 11703255 (21774.2s) AMD Radeon RX 9070 XT (RADV GFX1201)
tick 2854000 alive   856302 genomes  227792 energy   210.7 births 11724183 deaths 11723522 (21781.9s) AMD Radeon RX 9070 XT (RADV GFX1201)
tick 2855000 alive   860403 genomes  227271 energy   210.5 births 11815492 deaths 11811391 (21789.5s) AMD Radeon RX 9070 XT (RADV GFX1201)
tick 2856000 alive   861932 genomes  229040 energy   210.9 births 11806025 deaths 11804496 (21797.2s) AMD Radeon RX 9070 XT (RADV GFX1201)
tick 2857000 alive   854700 genomes  230718 energy   211.1 births 11704032 deaths 11711264 (21804.7s) AMD Radeon RX 9070 XT (RADV GFX1201)
tick 2858000 alive   850744 genomes  233056 energy   210.3 births 11645919 deaths 11649875 (21812.3s) AMD Radeon RX 9070 XT (RADV GFX1201)
tick 2859000 alive   853760 genomes  231480 energy   210.2 births 11733622 deaths 11730606 (21819.8s) AMD Radeon RX 9070 XT (RADV GFX1201)
tick 2860000 alive   855501 genomes  232137 energy   210.7 births 11735844 deaths 11734103 (21827.4s) AMD Radeon RX 9070 XT (RADV GFX1201)
tick 2861000 alive   852001 genomes  234069 energy   210.7 births 11619121 deaths 11622621 (21834.9s) AMD Radeon RX 9070 XT (RADV GFX1201)
tick 2862000 alive   851660 genomes  234627 energy   210.6 births 11559707 deaths 11560048 (21842.4s) AMD Radeon RX 9070 XT (RADV GFX1201)
tick 2863000 alive   850755 genomes  236439 energy   211.1 births 11556538 deaths 11557443 (21850.1s) AMD Radeon RX 9070 XT (RADV GFX1201)
tick 2864000 alive   851221 genomes  237213 energy   211.0 births 11479141 deaths 11478675 (21857.7s) AMD Radeon RX 9070 XT (RADV GFX1201)
tick 2865000 alive   843971 genomes  236540 energy   211.3 births 11422627 deaths 11429877 (21865.4s) AMD Radeon RX 9070 XT (RADV GFX1201)
tick 2866000 alive   849340 genomes  238541 energy   211.2 births 11433703 deaths 11428334 (21872.8s) AMD Radeon RX 9070 XT (RADV GFX1201)
tick 2867000 alive   848174 genomes  238065 energy   210.8 births 11465230 deaths 11466396 (21880.4s) AMD Radeon RX 9070 XT (RADV GFX1201)
tick 2868000 alive   844398 genomes  237304 energy   210.5 births 11441373 deaths 11445149 (21888.0s) AMD Radeon RX 9070 XT (RADV GFX1201)
tick 2869000 alive   853224 genomes  237353 energy   211.1 births 11530894 deaths 11522068 (21895.6s) AMD Radeon RX 9070 XT (RADV GFX1201)
tick 2870000 alive   849679 genomes  236196 energy   211.0 births 11480936 deaths 11484481 (21903.0s) AMD Radeon RX 9070 XT (RADV GFX1201)
tick 2871000 alive   849805 genomes  236688 energy   210.9 births 11527567 deaths 11527441 (21910.7s) AMD Radeon RX 9070 XT (RADV GFX1201)
tick 2872000 alive   854717 genomes  234177 energy   210.7 births 11666460 deaths 11661548 (21918.3s) AMD Radeon RX 9070 XT (RADV GFX1201)
tick 2873000 alive   856981 genomes  234334 energy   210.5 births 11778805 deaths 11776541 (21926.0s) AMD Radeon RX 9070 XT (RADV GFX1201)
tick 2874000 alive   856147 genomes  232812 energy   211.0 births 11718669 deaths 11719503 (21933.5s) AMD Radeon RX 9070 XT (RADV GFX1201)
tick 2875000 alive   855540 genomes  233791 energy   210.6 births 11572077 deaths 11572684 (21941.1s) AMD Radeon RX 9070 XT (RADV GFX1201)
tick 2876000 alive   852619 genomes  235087 energy   211.5 births 11597744 deaths 11600665 (21948.7s) AMD Radeon RX 9070 XT (RADV GFX1201)
tick 2877000 alive   846191 genomes  235360 energy   210.9 births 11413291 deaths 11419719 (21956.4s) AMD Radeon RX 9070 XT (RADV GFX1201)
tick 2878000 alive   852299 genomes  234257 energy   210.5 births 11576584 deaths 11570476 (21964.0s) AMD Radeon RX 9070 XT (RADV GFX1201)
tick 2879000 alive   852727 genomes  233808 energy   210.0 births 11730091 deaths 11729663 (21971.5s) AMD Radeon RX 9070 XT (RADV GFX1201)
tick 2880000 alive   858159 genomes  231465 energy   209.9 births 11780702 deaths 11775270 (21979.2s) AMD Radeon RX 9070 XT (RADV GFX1201)
tick 2881000 alive   861443 genomes  232213 energy   209.8 births 11895535 deaths 11892251 (21986.8s) AMD Radeon RX 9070 XT (RADV GFX1201)
tick 2882000 alive   857658 genomes  232474 energy   210.4 births 11840578 deaths 11844363 (21994.4s) AMD Radeon RX 9070 XT (RADV GFX1201)
tick 2883000 alive   863173 genomes  231953 energy   210.1 births 11896285 deaths 11890770 (22001.9s) AMD Radeon RX 9070 XT (RADV GFX1201)
tick 2884000 alive   857984 genomes  232808 energy   210.5 births 11808896 deaths 11814085 (22009.5s) AMD Radeon RX 9070 XT (RADV GFX1201)
tick 2885000 alive   854559 genomes  233887 energy   210.6 births 11710810 deaths 11714235 (22017.1s) AMD Radeon RX 9070 XT (RADV GFX1201)
tick 2886000 alive   849004 genomes  232137 energy   210.5 births 11663758 deaths 11669313 (22024.7s) AMD Radeon RX 9070 XT (RADV GFX1201)
tick 2887000 alive   861397 genomes  230448 energy   209.8 births 11828096 deaths 11815703 (22032.2s) AMD Radeon RX 9070 XT (RADV GFX1201)
tick 2888000 alive   864552 genomes  228629 energy   210.5 births 12011667 deaths 12008512 (22039.9s) AMD Radeon RX 9070 XT (RADV GFX1201)
tick 2889000 alive   861414 genomes  229072 energy   210.4 births 11858217 deaths 11861355 (22047.6s) AMD Radeon RX 9070 XT (RADV GFX1201)
tick 2890000 alive   859661 genomes  229817 energy   210.2 births 11825366 deaths 11827119 (22055.3s) AMD Radeon RX 9070 XT (RADV GFX1201)
tick 2891000 alive   864700 genomes  229828 energy   210.3 births 11899575 deaths 11894536 (22062.8s) AMD Radeon RX 9070 XT (RADV GFX1201)
tick 2892000 alive   858431 genomes  228624 energy   210.4 births 11797041 deaths 11803310 (22070.4s) AMD Radeon RX 9070 XT (RADV GFX1201)
tick 2893000 alive   858051 genomes  228600 energy   210.5 births 11766339 deaths 11766719 (22078.0s) AMD Radeon RX 9070 XT (RADV GFX1201)
tick 2894000 alive   853443 genomes  228127 energy   210.5 births 11788115 deaths 11792723 (22085.6s) AMD Radeon RX 9070 XT (RADV GFX1201)
tick 2895000 alive   858689 genomes  229108 energy   210.4 births 11809819 deaths 11804573 (22093.1s) AMD Radeon RX 9070 XT (RADV GFX1201)
tick 2896000 alive   860950 genomes  230086 energy   210.9 births 11853319 deaths 11851058 (22100.8s) AMD Radeon RX 9070 XT (RADV GFX1201)
tick 2897000 alive   855727 genomes  230884 energy   210.6 births 11706911 deaths 11712134 (22108.5s) AMD Radeon RX 9070 XT (RADV GFX1201)
tick 2898000 alive   858798 genomes  232232 energy   210.1 births 11803721 deaths 11800650 (22116.2s) AMD Radeon RX 9070 XT (RADV GFX1201)
tick 2899000 alive   855097 genomes  232944 energy   210.8 births 11745932 deaths 11749633 (22123.8s) AMD Radeon RX 9070 XT (RADV GFX1201)
tick 2900000 alive   853033 genomes  234623 energy   210.2 births 11664771 deaths 11666835 (22131.3s) AMD Radeon RX 9070 XT (RADV GFX1201)
tick 2901000 alive   850522 genomes  234929 energy   209.9 births 11714041 deaths 11716552 (22138.9s) AMD Radeon RX 9070 XT (RADV GFX1201)
tick 2902000 alive   857172 genomes  234898 energy   210.1 births 11831874 deaths 11825224 (22146.5s) AMD Radeon RX 9070 XT (RADV GFX1201)
tick 2903000 alive   851936 genomes  234715 energy   210.8 births 11684424 deaths 11689660 (22154.1s) AMD Radeon RX 9070 XT (RADV GFX1201)
tick 2904000 alive   856651 genomes  234346 energy   209.9 births 11751424 deaths 11746709 (22161.6s) AMD Radeon RX 9070 XT (RADV GFX1201)
tick 2905000 alive   855404 genomes  233168 energy   210.4 births 11769489 deaths 11770736 (22169.2s) AMD Radeon RX 9070 XT (RADV GFX1201)
tick 2906000 alive   856667 genomes  233248 energy   210.6 births 11776112 deaths 11774849 (22176.9s) AMD Radeon RX 9070 XT (RADV GFX1201)
tick 2907000 alive   851685 genomes  232503 energy   210.2 births 11727721 deaths 11732703 (22184.5s) AMD Radeon RX 9070 XT (RADV GFX1201)
tick 2908000 alive   859843 genomes  232111 energy   209.7 births 11910035 deaths 11901877 (22192.0s) AMD Radeon RX 9070 XT (RADV GFX1201)
tick 2909000 alive   857656 genomes  231212 energy   210.3 births 11918046 deaths 11920233 (22199.7s) AMD Radeon RX 9070 XT (RADV GFX1201)
tick 2910000 alive   854309 genomes  230269 energy   210.4 births 11710831 deaths 11714178 (22207.4s) AMD Radeon RX 9070 XT (RADV GFX1201)
tick 2911000 alive   853562 genomes  230577 energy   210.6 births 11677530 deaths 11678277 (22215.1s) AMD Radeon RX 9070 XT (RADV GFX1201)
tick 2912000 alive   857927 genomes  230069 energy   211.0 births 11704358 deaths 11699993 (22222.5s) AMD Radeon RX 9070 XT (RADV GFX1201)
tick 2913000 alive   856879 genomes  229459 energy   209.8 births 11828991 deaths 11830039 (22230.1s) AMD Radeon RX 9070 XT (RADV GFX1201)
tick 2914000 alive   859968 genomes  229447 energy   209.7 births 11980087 deaths 11976998 (22237.7s) AMD Radeon RX 9070 XT (RADV GFX1201)
tick 2915000 alive   860660 genomes  228648 energy   210.0 births 11982614 deaths 11981922 (22245.4s) AMD Radeon RX 9070 XT (RADV GFX1201)
tick 2916000 alive   860363 genomes  228052 energy   210.0 births 11983782 deaths 11984079 (22252.8s) AMD Radeon RX 9070 XT (RADV GFX1201)
tick 2917000 alive   856262 genomes  229180 energy   210.6 births 11823977 deaths 11828078 (22260.4s) AMD Radeon RX 9070 XT (RADV GFX1201)
tick 2918000 alive   855635 genomes  229556 energy   209.8 births 11861458 deaths 11862085 (22268.0s) AMD Radeon RX 9070 XT (RADV GFX1201)
tick 2919000 alive   854238 genomes  230458 energy   210.1 births 11903299 deaths 11904696 (22275.6s) AMD Radeon RX 9070 XT (RADV GFX1201)
tick 2920000 alive   857269 genomes  231676 energy   210.7 births 11776011 deaths 11772980 (22283.3s) AMD Radeon RX 9070 XT (RADV GFX1201)
tick 2921000 alive   848469 genomes  230483 energy   210.8 births 11617901 deaths 11626701 (22290.7s) AMD Radeon RX 9070 XT (RADV GFX1201)
tick 2922000 alive   852382 genomes  230616 energy   210.2 births 11659576 deaths 11655663 (22298.4s) AMD Radeon RX 9070 XT (RADV GFX1201)
tick 2923000 alive   855544 genomes  232174 energy   210.6 births 11678727 deaths 11675565 (22306.1s) AMD Radeon RX 9070 XT (RADV GFX1201)
tick 2924000 alive   851882 genomes  233438 energy   210.7 births 11620208 deaths 11623870 (22313.7s) AMD Radeon RX 9070 XT (RADV GFX1201)
tick 2925000 alive   849215 genomes  232274 energy   210.6 births 11590699 deaths 11593366 (22321.2s) AMD Radeon RX 9070 XT (RADV GFX1201)
tick 2926000 alive   852378 genomes  233467 energy   210.8 births 11654269 deaths 11651106 (22328.8s) AMD Radeon RX 9070 XT (RADV GFX1201)
tick 2927000 alive   851380 genomes  234037 energy   210.8 births 11620421 deaths 11621419 (22336.5s) AMD Radeon RX 9070 XT (RADV GFX1201)
tick 2928000 alive   850866 genomes  233148 energy   210.9 births 11554734 deaths 11555248 (22344.1s) AMD Radeon RX 9070 XT (RADV GFX1201)
tick 2929000 alive   844649 genomes  235477 energy   211.2 births 11474889 deaths 11481106 (22351.6s) AMD Radeon RX 9070 XT (RADV GFX1201)
tick 2930000 alive   844510 genomes  236575 energy   210.9 births 11428970 deaths 11429109 (22359.3s) AMD Radeon RX 9070 XT (RADV GFX1201)
tick 2931000 alive   844529 genomes  236174 energy   211.0 births 11429982 deaths 11429963 (22366.9s) AMD Radeon RX 9070 XT (RADV GFX1201)
tick 2932000 alive   852910 genomes  235689 energy   210.8 births 11575946 deaths 11567565 (22374.6s) AMD Radeon RX 9070 XT (RADV GFX1201)
tick 2933000 alive   851852 genomes  234231 energy   210.7 births 11615038 deaths 11616096 (22382.0s) AMD Radeon RX 9070 XT (RADV GFX1201)
tick 2934000 alive   855573 genomes  232944 energy   211.1 births 11637992 deaths 11634271 (22389.7s) AMD Radeon RX 9070 XT (RADV GFX1201)
tick 2935000 alive   850591 genomes  231973 energy   210.4 births 11668624 deaths 11673606 (22397.4s) AMD Radeon RX 9070 XT (RADV GFX1201)
tick 2936000 alive   858836 genomes  231759 energy   209.7 births 11811461 deaths 11803216 (22405.1s) AMD Radeon RX 9070 XT (RADV GFX1201)
tick 2937000 alive   858640 genomes  230603 energy   210.3 births 11922764 deaths 11922960 (22412.7s) AMD Radeon RX 9070 XT (RADV GFX1201)
tick 2938000 alive   856610 genomes  234390 energy   210.2 births 11831641 deaths 11833671 (22420.3s) AMD Radeon RX 9070 XT (RADV GFX1201)
tick 2939000 alive   850175 genomes  233999 energy   210.6 births 11749039 deaths 11755474 (22427.9s) AMD Radeon RX 9070 XT (RADV GFX1201)
tick 2940000 alive   850902 genomes  232963 energy   210.1 births 11677751 deaths 11677024 (22435.6s) AMD Radeon RX 9070 XT (RADV GFX1201)
tick 2941000 alive   856470 genomes  235164 energy   210.6 births 11716530 deaths 11710962 (22443.3s) AMD Radeon RX 9070 XT (RADV GFX1201)
tick 2942000 alive   853793 genomes  236591 energy   210.9 births 11684076 deaths 11686753 (22450.7s) AMD Radeon RX 9070 XT (RADV GFX1201)
tick 2943000 alive   850172 genomes  235890 energy   210.6 births 11474522 deaths 11478143 (22458.4s) AMD Radeon RX 9070 XT (RADV GFX1201)
tick 2944000 alive   853495 genomes  235520 energy   210.8 births 11579621 deaths 11576298 (22466.0s) AMD Radeon RX 9070 XT (RADV GFX1201)
tick 2945000 alive   848861 genomes  235295 energy   210.9 births 11547498 deaths 11552132 (22473.6s) AMD Radeon RX 9070 XT (RADV GFX1201)
tick 2946000 alive   846877 genomes  235403 energy   210.5 births 11537003 deaths 11538987 (22481.1s) AMD Radeon RX 9070 XT (RADV GFX1201)
tick 2947000 alive   848274 genomes  233583 energy   210.1 births 11585249 deaths 11583852 (22488.7s) AMD Radeon RX 9070 XT (RADV GFX1201)
tick 2948000 alive   857065 genomes  233672 energy   210.1 births 11764723 deaths 11755932 (22496.3s) AMD Radeon RX 9070 XT (RADV GFX1201)
tick 2949000 alive   855851 genomes  233634 energy   210.5 births 11816047 deaths 11817261 (22504.0s) AMD Radeon RX 9070 XT (RADV GFX1201)
tick 2950000 alive   855064 genomes  232320 energy   210.5 births 11761181 deaths 11761968 (22511.5s) AMD Radeon RX 9070 XT (RADV GFX1201)
tick 2951000 alive   856127 genomes  232496 energy   210.4 births 11757282 deaths 11756219 (22519.2s) AMD Radeon RX 9070 XT (RADV GFX1201)
tick 2952000 alive   857739 genomes  232992 energy   210.2 births 11828762 deaths 11827150 (22526.9s) AMD Radeon RX 9070 XT (RADV GFX1201)
tick 2953000 alive   860316 genomes  232031 energy   209.8 births 11937195 deaths 11934618 (22534.6s) AMD Radeon RX 9070 XT (RADV GFX1201)
tick 2954000 alive   858921 genomes  233042 energy   210.6 births 11874182 deaths 11875577 (22542.0s) AMD Radeon RX 9070 XT (RADV GFX1201)
tick 2955000 alive   857103 genomes  232732 energy   210.5 births 11850307 deaths 11852125 (22549.7s) AMD Radeon RX 9070 XT (RADV GFX1201)
tick 2956000 alive   853189 genomes  231621 energy   210.5 births 11704987 deaths 11708901 (22557.3s) AMD Radeon RX 9070 XT (RADV GFX1201)
tick 2957000 alive   859103 genomes  233037 energy   210.2 births 11832026 deaths 11826112 (22565.0s) AMD Radeon RX 9070 XT (RADV GFX1201)
tick 2958000 alive   857637 genomes  233259 energy   210.6 births 11780913 deaths 11782379 (22572.6s) AMD Radeon RX 9070 XT (RADV GFX1201)
tick 2959000 alive   854728 genomes  234054 energy   210.7 births 11651498 deaths 11654407 (22580.1s) AMD Radeon RX 9070 XT (RADV GFX1201)
tick 2960000 alive   859780 genomes  234993 energy   210.9 births 11770968 deaths 11765916 (22587.7s) AMD Radeon RX 9070 XT (RADV GFX1201)
tick 2961000 alive   849944 genomes  233857 energy   210.4 births 11620082 deaths 11629918 (22595.2s) AMD Radeon RX 9070 XT (RADV GFX1201)
tick 2962000 alive   851330 genomes  233841 energy   210.7 births 11591061 deaths 11589675 (22602.8s) AMD Radeon RX 9070 XT (RADV GFX1201)
tick 2963000 alive   848414 genomes  231871 energy   210.5 births 11598035 deaths 11600951 (22610.3s) AMD Radeon RX 9070 XT (RADV GFX1201)
tick 2964000 alive   853693 genomes  232987 energy   210.3 births 11680324 deaths 11675045 (22617.9s) AMD Radeon RX 9070 XT (RADV GFX1201)
tick 2965000 alive   851319 genomes  234709 energy   210.6 births 11672935 deaths 11675309 (22625.6s) AMD Radeon RX 9070 XT (RADV GFX1201)
tick 2966000 alive   851707 genomes  233949 energy   210.4 births 11685335 deaths 11684947 (22633.3s) AMD Radeon RX 9070 XT (RADV GFX1201)
tick 2967000 alive   856897 genomes  233414 energy   209.7 births 11740200 deaths 11735010 (22640.7s) AMD Radeon RX 9070 XT (RADV GFX1201)
tick 2968000 alive   856992 genomes  233778 energy   210.2 births 11866103 deaths 11866008 (22648.4s) AMD Radeon RX 9070 XT (RADV GFX1201)
tick 2969000 alive   853490 genomes  234484 energy   210.8 births 11719098 deaths 11722600 (22656.0s) AMD Radeon RX 9070 XT (RADV GFX1201)
tick 2970000 alive   852744 genomes  234126 energy   210.4 births 11756799 deaths 11757545 (22663.7s) AMD Radeon RX 9070 XT (RADV GFX1201)
tick 2971000 alive   854032 genomes  235785 energy   210.5 births 11706963 deaths 11705675 (22671.1s) AMD Radeon RX 9070 XT (RADV GFX1201)
tick 2972000 alive   846289 genomes  234624 energy   210.9 births 11579051 deaths 11586794 (22678.7s) AMD Radeon RX 9070 XT (RADV GFX1201)
tick 2973000 alive   855080 genomes  234661 energy   210.2 births 11701929 deaths 11693138 (22686.3s) AMD Radeon RX 9070 XT (RADV GFX1201)
tick 2974000 alive   853005 genomes  233650 energy   210.5 births 11714402 deaths 11716477 (22693.9s) AMD Radeon RX 9070 XT (RADV GFX1201)
tick 2975000 alive   856907 genomes  231801 energy   210.3 births 11722978 deaths 11719076 (22701.3s) AMD Radeon RX 9070 XT (RADV GFX1201)
tick 2976000 alive   858740 genomes  232751 energy   210.3 births 11831693 deaths 11829860 (22709.0s) AMD Radeon RX 9070 XT (RADV GFX1201)
tick 2977000 alive   851114 genomes  232720 energy   210.5 births 11706309 deaths 11713935 (22716.6s) AMD Radeon RX 9070 XT (RADV GFX1201)
tick 2978000 alive   860192 genomes  234288 energy   210.2 births 11753937 deaths 11744859 (22724.3s) AMD Radeon RX 9070 XT (RADV GFX1201)
tick 2979000 alive   852497 genomes  233084 energy   210.7 births 11701904 deaths 11709599 (22732.0s) AMD Radeon RX 9070 XT (RADV GFX1201)
tick 2980000 alive   858041 genomes  233951 energy   210.3 births 11682781 deaths 11677237 (22739.5s) AMD Radeon RX 9070 XT (RADV GFX1201)
tick 2981000 alive   855903 genomes  234154 energy   211.0 births 11677882 deaths 11680020 (22747.1s) AMD Radeon RX 9070 XT (RADV GFX1201)
tick 2982000 alive   855381 genomes  234489 energy   210.7 births 11614956 deaths 11615478 (22754.8s) AMD Radeon RX 9070 XT (RADV GFX1201)
tick 2983000 alive   853304 genomes  233782 energy   211.0 births 11603353 deaths 11605430 (22762.4s) AMD Radeon RX 9070 XT (RADV GFX1201)
tick 2984000 alive   847414 genomes  234515 energy   210.9 births 11525431 deaths 11531321 (22769.9s) AMD Radeon RX 9070 XT (RADV GFX1201)
tick 2985000 alive   855667 genomes  234939 energy   211.0 births 11558856 deaths 11550603 (22777.6s) AMD Radeon RX 9070 XT (RADV GFX1201)
tick 2986000 alive   855998 genomes  235490 energy   211.8 births 11513672 deaths 11513341 (22785.3s) AMD Radeon RX 9070 XT (RADV GFX1201)
tick 2987000 alive   846738 genomes  236730 energy   211.0 births 11347174 deaths 11356434 (22793.0s) AMD Radeon RX 9070 XT (RADV GFX1201)
tick 2988000 alive   851167 genomes  235784 energy   210.5 births 11514211 deaths 11509782 (22800.4s) AMD Radeon RX 9070 XT (RADV GFX1201)
tick 2989000 alive   857649 genomes  235844 energy   210.7 births 11744512 deaths 11738030 (22808.1s) AMD Radeon RX 9070 XT (RADV GFX1201)
tick 2990000 alive   852831 genomes  235619 energy   211.2 births 11637766 deaths 11642584 (22815.7s) AMD Radeon RX 9070 XT (RADV GFX1201)
tick 2991000 alive   850283 genomes  235431 energy   211.0 births 11500142 deaths 11502690 (22823.4s) AMD Radeon RX 9070 XT (RADV GFX1201)
tick 2992000 alive   849914 genomes  234976 energy   211.4 births 11503502 deaths 11503871 (22830.8s) AMD Radeon RX 9070 XT (RADV GFX1201)
tick 2993000 alive   856764 genomes  233916 energy   210.6 births 11611580 deaths 11604730 (22838.5s) AMD Radeon RX 9070 XT (RADV GFX1201)
tick 2994000 alive   858400 genomes  233775 energy   210.4 births 11712595 deaths 11710959 (22846.1s) AMD Radeon RX 9070 XT (RADV GFX1201)
tick 2995000 alive   860367 genomes  235383 energy   210.3 births 11868345 deaths 11866378 (22853.7s) AMD Radeon RX 9070 XT (RADV GFX1201)
tick 2996000 alive   854110 genomes  235608 energy   210.5 births 11689202 deaths 11695459 (22861.2s) AMD Radeon RX 9070 XT (RADV GFX1201)
tick 2997000 alive   852001 genomes  236369 energy   210.5 births 11580494 deaths 11582603 (22868.8s) AMD Radeon RX 9070 XT (RADV GFX1201)
tick 2998000 alive   847978 genomes  237293 energy   210.7 births 11631163 deaths 11635186 (22876.5s) AMD Radeon RX 9070 XT (RADV GFX1201)
tick 2999000 alive   850720 genomes  235965 energy   210.3 births 11661395 deaths 11658653 (22884.2s) AMD Radeon RX 9070 XT (RADV GFX1201)
tick 3000000 alive   854589 genomes  234558 energy   210.0 births 11768368 deaths 11764499 (22891.8s) AMD Radeon RX 9070 XT (RADV GFX1201)
tick 3001000 alive   858973 genomes  231755 energy   210.3 births 11841741 deaths 11837357 (22899.3s) AMD Radeon RX 9070 XT (RADV GFX1201)
tick 3002000 alive   859085 genomes  230939 energy   210.3 births 11846033 deaths 11845921 (22907.0s) AMD Radeon RX 9070 XT (RADV GFX1201)
tick 3003000 alive   858402 genomes  230597 energy   210.4 births 11896331 deaths 11897014 (22914.7s) AMD Radeon RX 9070 XT (RADV GFX1201)
tick 3004000 alive   860356 genomes  230541 energy   210.1 births 11855733 deaths 11853779 (22922.4s) AMD Radeon RX 9070 XT (RADV GFX1201)
tick 3005000 alive   860908 genomes  228377 energy   209.8 births 11964470 deaths 11963918 (22929.9s) AMD Radeon RX 9070 XT (RADV GFX1201)
tick 3006000 alive   866174 genomes  228182 energy   209.8 births 12115659 deaths 12110393 (22937.6s) AMD Radeon RX 9070 XT (RADV GFX1201)
tick 3007000 alive   864970 genomes  230418 energy   209.8 births 12102506 deaths 12103710 (22945.2s) AMD Radeon RX 9070 XT (RADV GFX1201)
tick 3008000 alive   864342 genomes  231377 energy   210.5 births 12026038 deaths 12026666 (22952.9s) AMD Radeon RX 9070 XT (RADV GFX1201)
tick 3009000 alive   860315 genomes  231699 energy   210.6 births 11912873 deaths 11916900 (22960.3s) AMD Radeon RX 9070 XT (RADV GFX1201)
tick 3010000 alive   857893 genomes  232457 energy   210.7 births 11839560 deaths 11841982 (22967.9s) AMD Radeon RX 9070 XT (RADV GFX1201)
tick 3011000 alive   852145 genomes  232156 energy   210.7 births 11711887 deaths 11717635 (22975.6s) AMD Radeon RX 9070 XT (RADV GFX1201)
tick 3012000 alive   855313 genomes  231708 energy   210.8 births 11649222 deaths 11646054 (22983.1s) AMD Radeon RX 9070 XT (RADV GFX1201)
tick 3013000 alive   854516 genomes  233817 energy   210.8 births 11676338 deaths 11677135 (22990.6s) AMD Radeon RX 9070 XT (RADV GFX1201)
tick 3014000 alive   851052 genomes  232173 energy   210.4 births 11688981 deaths 11692445 (22998.2s) AMD Radeon RX 9070 XT (RADV GFX1201)
tick 3015000 alive   855160 genomes  230351 energy   210.5 births 11703993 deaths 11699885 (23005.9s) AMD Radeon RX 9070 XT (RADV GFX1201)
tick 3016000 alive   860126 genomes  230883 energy   210.4 births 11807758 deaths 11802792 (23013.5s) AMD Radeon RX 9070 XT (RADV GFX1201)
tick 3017000 alive   855223 genomes  231219 energy   210.4 births 11752989 deaths 11757892 (23021.1s) AMD Radeon RX 9070 XT (RADV GFX1201)
tick 3018000 alive   861191 genomes  233043 energy   210.7 births 11776192 deaths 11770224 (23028.6s) AMD Radeon RX 9070 XT (RADV GFX1201)
tick 3019000 alive   851376 genomes  230759 energy   210.7 births 11594980 deaths 11604795 (23036.2s) AMD Radeon RX 9070 XT (RADV GFX1201)
tick 3020000 alive   857571 genomes  232033 energy   210.7 births 11719621 deaths 11713426 (23043.8s) AMD Radeon RX 9070 XT (RADV GFX1201)
tick 3021000 alive   856780 genomes  232014 energy   211.0 births 11679959 deaths 11680750 (23051.4s) AMD Radeon RX 9070 XT (RADV GFX1201)
tick 3022000 alive   854788 genomes  234098 energy   211.5 births 11596328 deaths 11598320 (23058.8s) AMD Radeon RX 9070 XT (RADV GFX1201)
tick 3023000 alive   841833 genomes  234431 energy   211.4 births 11357411 deaths 11370366 (23066.5s) AMD Radeon RX 9070 XT (RADV GFX1201)
tick 3024000 alive   845466 genomes  235552 energy   210.6 births 11416846 deaths 11413213 (23074.1s) AMD Radeon RX 9070 XT (RADV GFX1201)
tick 3025000 alive   854573 genomes  234488 energy   210.4 births 11682398 deaths 11673291 (23081.8s) AMD Radeon RX 9070 XT (RADV GFX1201)
tick 3026000 alive   849066 genomes  232462 energy   210.9 births 11666926 deaths 11672433 (23089.3s) AMD Radeon RX 9070 XT (RADV GFX1201)
tick 3027000 alive   856086 genomes  231557 energy   209.9 births 11691981 deaths 11684961 (23096.9s) AMD Radeon RX 9070 XT (RADV GFX1201)
tick 3028000 alive   863075 genomes  229984 energy   210.3 births 11906061 deaths 11899072 (23104.6s) AMD Radeon RX 9070 XT (RADV GFX1201)
tick 3029000 alive   859891 genomes  228872 energy   210.6 births 11885422 deaths 11888606 (23112.2s) AMD Radeon RX 9070 XT (RADV GFX1201)
tick 3030000 alive   856425 genomes  228836 energy   210.5 births 11830405 deaths 11833871 (23119.6s) AMD Radeon RX 9070 XT (RADV GFX1201)
tick 3031000 alive   853050 genomes  229851 energy   210.6 births 11694530 deaths 11697905 (23127.2s) AMD Radeon RX 9070 XT (RADV GFX1201)
tick 3032000 alive   852672 genomes  230307 energy   210.6 births 11688611 deaths 11688989 (23134.8s) AMD Radeon RX 9070 XT (RADV GFX1201)
tick 3033000 alive   854071 genomes  230339 energy   210.7 births 11755073 deaths 11753674 (23142.4s) AMD Radeon RX 9070 XT (RADV GFX1201)
tick 3034000 alive   851991 genomes  229401 energy   210.7 births 11710472 deaths 11712552 (23149.8s) AMD Radeon RX 9070 XT (RADV GFX1201)
tick 3035000 alive   860212 genomes  229841 energy   210.3 births 11756946 deaths 11748725 (23157.5s) AMD Radeon RX 9070 XT (RADV GFX1201)
tick 3036000 alive   859777 genomes  229117 energy   210.4 births 11820442 deaths 11820877 (23165.2s) AMD Radeon RX 9070 XT (RADV GFX1201)
tick 3037000 alive   856959 genomes  229941 energy   210.5 births 11812968 deaths 11815786 (23172.8s) AMD Radeon RX 9070 XT (RADV GFX1201)
tick 3038000 alive   852981 genomes  230670 energy   210.4 births 11774566 deaths 11778544 (23180.4s) AMD Radeon RX 9070 XT (RADV GFX1201)
tick 3039000 alive   853323 genomes  230483 energy   210.1 births 11741685 deaths 11741343 (23187.9s) AMD Radeon RX 9070 XT (RADV GFX1201)
tick 3040000 alive   855651 genomes  232560 energy   210.2 births 11802490 deaths 11800162 (23195.6s) AMD Radeon RX 9070 XT (RADV GFX1201)
tick 3041000 alive   852355 genomes  232243 energy   210.6 births 11656973 deaths 11660269 (23203.3s) AMD Radeon RX 9070 XT (RADV GFX1201)
tick 3042000 alive   850513 genomes  233951 energy   210.7 births 11607980 deaths 11609822 (23210.9s) AMD Radeon RX 9070 XT (RADV GFX1201)
tick 3043000 alive   854049 genomes  233728 energy   210.5 births 11721033 deaths 11717497 (23218.3s) AMD Radeon RX 9070 XT (RADV GFX1201)
tick 3044000 alive   855113 genomes  234788 energy   210.7 births 11715167 deaths 11714103 (23226.0s) AMD Radeon RX 9070 XT (RADV GFX1201)
tick 3045000 alive   850967 genomes  235697 energy   210.5 births 11643905 deaths 11648051 (23233.7s) AMD Radeon RX 9070 XT (RADV GFX1201)
tick 3046000 alive   848591 genomes  236026 energy   210.3 births 11574583 deaths 11576959 (23241.3s) AMD Radeon RX 9070 XT (RADV GFX1201)
tick 3047000 alive   853540 genomes  235369 energy   210.9 births 11700474 deaths 11695525 (23248.8s) AMD Radeon RX 9070 XT (RADV GFX1201)
tick 3048000 alive   855559 genomes  235582 energy   210.5 births 11653311 deaths 11651292 (23256.3s) AMD Radeon RX 9070 XT (RADV GFX1201)
tick 3049000 alive   854039 genomes  235076 energy   210.3 births 11714921 deaths 11716441 (23263.9s) AMD Radeon RX 9070 XT (RADV GFX1201)
tick 3050000 alive   858549 genomes  233273 energy   210.6 births 11770604 deaths 11766094 (23271.5s) AMD Radeon RX 9070 XT (RADV GFX1201)
tick 3051000 alive   856042 genomes  231765 energy   211.1 births 11716971 deaths 11719478 (23278.9s) AMD Radeon RX 9070 XT (RADV GFX1201)
tick 3052000 alive   856521 genomes  230178 energy   211.1 births 11692801 deaths 11692322 (23286.6s) AMD Radeon RX 9070 XT (RADV GFX1201)
tick 3053000 alive   854865 genomes  229532 energy   210.5 births 11647866 deaths 11649522 (23294.2s) AMD Radeon RX 9070 XT (RADV GFX1201)
tick 3054000 alive   862837 genomes  229963 energy   210.1 births 11809490 deaths 11801518 (23301.9s) AMD Radeon RX 9070 XT (RADV GFX1201)
tick 3055000 alive   865289 genomes  227880 energy   210.4 births 11958580 deaths 11956128 (23309.4s) AMD Radeon RX 9070 XT (RADV GFX1201)
tick 3056000 alive   862813 genomes  227600 energy   210.3 births 11859906 deaths 11862382 (23317.0s) AMD Radeon RX 9070 XT (RADV GFX1201)
tick 3057000 alive   860146 genomes  228949 energy   210.6 births 11821991 deaths 11824658 (23324.6s) AMD Radeon RX 9070 XT (RADV GFX1201)
tick 3058000 alive   861775 genomes  229085 energy   210.5 births 11813653 deaths 11812024 (23332.2s) AMD Radeon RX 9070 XT (RADV GFX1201)
tick 3059000 alive   860849 genomes  228963 energy   210.1 births 11792866 deaths 11793792 (23339.8s) AMD Radeon RX 9070 XT (RADV GFX1201)
tick 3060000 alive   859966 genomes  227744 energy   210.1 births 11823325 deaths 11824208 (23347.3s) AMD Radeon RX 9070 XT (RADV GFX1201)
tick 3061000 alive   860693 genomes  229025 energy   210.8 births 11893467 deaths 11892740 (23354.9s) AMD Radeon RX 9070 XT (RADV GFX1201)
tick 3062000 alive   856711 genomes  229063 energy   210.6 births 11784447 deaths 11788429 (23362.6s) AMD Radeon RX 9070 XT (RADV GFX1201)
tick 3063000 alive   857548 genomes  229956 energy   210.1 births 11795036 deaths 11794199 (23370.3s) AMD Radeon RX 9070 XT (RADV GFX1201)
tick 3064000 alive   857391 genomes  230030 energy   210.4 births 11864276 deaths 11864433 (23377.7s) AMD Radeon RX 9070 XT (RADV GFX1201)
tick 3065000 alive   859517 genomes  231544 energy   210.3 births 11754856 deaths 11752730 (23385.4s) AMD Radeon RX 9070 XT (RADV GFX1201)
tick 3066000 alive   857311 genomes  231258 energy   210.6 births 11785743 deaths 11787949 (23393.0s) AMD Radeon RX 9070 XT (RADV GFX1201)
tick 3067000 alive   858819 genomes  229786 energy   210.7 births 11739008 deaths 11737500 (23400.7s) AMD Radeon RX 9070 XT (RADV GFX1201)
tick 3068000 alive   856596 genomes  230718 energy   210.6 births 11691761 deaths 11693984 (23408.1s) AMD Radeon RX 9070 XT (RADV GFX1201)
tick 3069000 alive   852547 genomes  230410 energy   210.0 births 11723174 deaths 11727223 (23415.7s) AMD Radeon RX 9070 XT (RADV GFX1201)
tick 3070000 alive   860905 genomes  230615 energy   210.5 births 11858821 deaths 11850463 (23423.4s) AMD Radeon RX 9070 XT (RADV GFX1201)
tick 3071000 alive   855096 genomes  233353 energy   210.7 births 11809628 deaths 11815437 (23431.0s) AMD Radeon RX 9070 XT (RADV GFX1201)
tick 3072000 alive   856266 genomes  233064 energy   210.0 births 11758061 deaths 11756891 (23438.5s) AMD Radeon RX 9070 XT (RADV GFX1201)
tick 3073000 alive   860192 genomes  231231 energy   210.0 births 11868700 deaths 11864774 (23446.2s) AMD Radeon RX 9070 XT (RADV GFX1201)
tick 3074000 alive   855826 genomes  231634 energy   210.3 births 11785031 deaths 11789397 (23453.8s) AMD Radeon RX 9070 XT (RADV GFX1201)
tick 3075000 alive   856727 genomes  235597 energy   210.5 births 11791267 deaths 11790366 (23461.5s) AMD Radeon RX 9070 XT (RADV GFX1201)
tick 3076000 alive   853473 genomes  234677 energy   210.3 births 11702339 deaths 11705593 (23469.1s) AMD Radeon RX 9070 XT (RADV GFX1201)
tick 3077000 alive   852921 genomes  234283 energy   210.6 births 11785697 deaths 11786249 (23476.7s) AMD Radeon RX 9070 XT (RADV GFX1201)
tick 3078000 alive   845284 genomes  234148 energy   210.9 births 11609022 deaths 11616659 (23484.3s) AMD Radeon RX 9070 XT (RADV GFX1201)
tick 3079000 alive   851327 genomes  234074 energy   210.1 births 11646299 deaths 11640256 (23491.9s) AMD Radeon RX 9070 XT (RADV GFX1201)
tick 3080000 alive   858460 genomes  235519 energy   210.6 births 11805532 deaths 11798399 (23499.6s) AMD Radeon RX 9070 XT (RADV GFX1201)
tick 3081000 alive   855682 genomes  234687 energy   210.7 births 11708799 deaths 11711577 (23507.1s) AMD Radeon RX 9070 XT (RADV GFX1201)
tick 3082000 alive   854213 genomes  235177 energy   210.7 births 11695946 deaths 11697415 (23514.7s) AMD Radeon RX 9070 XT (RADV GFX1201)
tick 3083000 alive   850411 genomes  235500 energy   210.2 births 11621115 deaths 11624917 (23522.3s) AMD Radeon RX 9070 XT (RADV GFX1201)
tick 3084000 alive   854217 genomes  233328 energy   210.5 births 11652785 deaths 11648979 (23530.0s) AMD Radeon RX 9070 XT (RADV GFX1201)
tick 3085000 alive   855264 genomes  233692 energy   211.1 births 11652314 deaths 11651267 (23537.4s) AMD Radeon RX 9070 XT (RADV GFX1201)
tick 3086000 alive   853929 genomes  233963 energy   211.0 births 11578512 deaths 11579847 (23545.0s) AMD Radeon RX 9070 XT (RADV GFX1201)
tick 3087000 alive   853833 genomes  233079 energy   210.7 births 11591901 deaths 11591997 (23552.6s) AMD Radeon RX 9070 XT (RADV GFX1201)
tick 3088000 alive   856528 genomes  232711 energy   210.1 births 11761600 deaths 11758905 (23560.2s) AMD Radeon RX 9070 XT (RADV GFX1201)
tick 3089000 alive   857453 genomes  229844 energy   210.5 births 11832587 deaths 11831662 (23567.7s) AMD Radeon RX 9070 XT (RADV GFX1201)
tick 3090000 alive   863459 genomes  228177 energy   210.6 births 11866703 deaths 11860697 (23575.3s) AMD Radeon RX 9070 XT (RADV GFX1201)
tick 3091000 alive   859049 genomes  229689 energy   211.5 births 11754938 deaths 11759348 (23583.0s) AMD Radeon RX 9070 XT (RADV GFX1201)
tick 3092000 alive   854230 genomes  230135 energy   210.7 births 11600262 deaths 11605081 (23590.6s) AMD Radeon RX 9070 XT (RADV GFX1201)
tick 3093000 alive   856924 genomes  230176 energy   210.2 births 11713790 deaths 11711096 (23598.1s) AMD Radeon RX 9070 XT (RADV GFX1201)
tick 3094000 alive   857098 genomes  229318 energy   210.6 births 11819732 deaths 11819558 (23605.7s) AMD Radeon RX 9070 XT (RADV GFX1201)
tick 3095000 alive   860489 genomes  228922 energy   210.2 births 11736099 deaths 11732708 (23613.3s) AMD Radeon RX 9070 XT (RADV GFX1201)
tick 3096000 alive   860673 genomes  229999 energy   210.8 births 11865189 deaths 11865005 (23620.9s) AMD Radeon RX 9070 XT (RADV GFX1201)
tick 3097000 alive   856918 genomes  231070 energy   210.4 births 11785331 deaths 11789086 (23628.5s) AMD Radeon RX 9070 XT (RADV GFX1201)
tick 3098000 alive   859966 genomes  229325 energy   209.9 births 11855135 deaths 11852087 (23636.1s) AMD Radeon RX 9070 XT (RADV GFX1201)
tick 3099000 alive   860781 genomes  228455 energy   210.9 births 11912768 deaths 11911953 (23643.7s) AMD Radeon RX 9070 XT (RADV GFX1201)
tick 3100000 alive   854634 genomes  230226 energy   210.5 births 11728441 deaths 11734588 (23651.4s) AMD Radeon RX 9070 XT (RADV GFX1201)
tick 3101000 alive   854680 genomes  230311 energy   210.8 births 11720588 deaths 11720542 (23659.0s) AMD Radeon RX 9070 XT (RADV GFX1201)
tick 3102000 alive   855518 genomes  231081 energy   210.8 births 11645796 deaths 11644958 (23666.5s) AMD Radeon RX 9070 XT (RADV GFX1201)
tick 3103000 alive   853152 genomes  229708 energy   210.8 births 11627140 deaths 11629506 (23674.1s) AMD Radeon RX 9070 XT (RADV GFX1201)
tick 3104000 alive   853120 genomes  230695 energy   211.1 births 11586315 deaths 11586347 (23681.8s) AMD Radeon RX 9070 XT (RADV GFX1201)
tick 3105000 alive   849153 genomes  232683 energy   211.0 births 11534900 deaths 11538867 (23689.4s) AMD Radeon RX 9070 XT (RADV GFX1201)
tick 3106000 alive   853524 genomes  231472 energy   210.3 births 11688035 deaths 11683664 (23696.9s) AMD Radeon RX 9070 XT (RADV GFX1201)
tick 3107000 alive   857131 genomes  232527 energy   210.4 births 11742320 deaths 11738713 (23704.5s) AMD Radeon RX 9070 XT (RADV GFX1201)
tick 3108000 alive   858125 genomes  232167 energy   210.9 births 11690988 deaths 11689994 (23712.1s) AMD Radeon RX 9070 XT (RADV GFX1201)
tick 3109000 alive   847688 genomes  232266 energy   211.1 births 11551597 deaths 11562034 (23719.7s) AMD Radeon RX 9070 XT (RADV GFX1201)
tick 3110000 alive   855187 genomes  231020 energy   210.0 births 11689530 deaths 11682031 (23727.1s) AMD Radeon RX 9070 XT (RADV GFX1201)
tick 3111000 alive   858995 genomes  230142 energy   210.3 births 11847461 deaths 11843653 (23734.7s) AMD Radeon RX 9070 XT (RADV GFX1201)
tick 3112000 alive   862962 genomes  230874 energy   210.5 births 11909952 deaths 11905985 (23742.3s) AMD Radeon RX 9070 XT (RADV GFX1201)
tick 3113000 alive   851281 genomes  230695 energy   210.2 births 11758514 deaths 11770195 (23749.9s) AMD Radeon RX 9070 XT (RADV GFX1201)
tick 3114000 alive   853708 genomes  231022 energy   209.8 births 11720109 deaths 11717682 (23757.4s) AMD Radeon RX 9070 XT (RADV GFX1201)
tick 3115000 alive   856962 genomes  231029 energy   210.3 births 11859655 deaths 11856401 (23765.0s) AMD Radeon RX 9070 XT (RADV GFX1201)
tick 3116000 alive   856104 genomes  230535 energy   210.5 births 11713423 deaths 11714281 (23772.7s) AMD Radeon RX 9070 XT (RADV GFX1201)
tick 3117000 alive   852670 genomes  231234 energy   210.4 births 11662804 deaths 11666238 (23780.3s) AMD Radeon RX 9070 XT (RADV GFX1201)
tick 3118000 alive   857093 genomes  231492 energy   210.2 births 11751521 deaths 11747098 (23788.0s) AMD Radeon RX 9070 XT (RADV GFX1201)
tick 3119000 alive   853614 genomes  230611 energy   210.3 births 11735943 deaths 11739422 (23795.5s) AMD Radeon RX 9070 XT (RADV GFX1201)
tick 3120000 alive   860493 genomes  230285 energy   210.6 births 11776572 deaths 11769693 (23803.1s) AMD Radeon RX 9070 XT (RADV GFX1201)
tick 3121000 alive   857012 genomes  231447 energy   210.4 births 11765239 deaths 11768720 (23810.7s) AMD Radeon RX 9070 XT (RADV GFX1201)
tick 3122000 alive   852051 genomes  232192 energy   210.6 births 11643572 deaths 11648533 (23818.4s) AMD Radeon RX 9070 XT (RADV GFX1201)
tick 3123000 alive   858847 genomes  231733 energy   211.0 births 11755344 deaths 11748548 (23825.9s) AMD Radeon RX 9070 XT (RADV GFX1201)
tick 3124000 alive   854749 genomes  233685 energy   211.2 births 11570900 deaths 11574998 (23833.5s) AMD Radeon RX 9070 XT (RADV GFX1201)
tick 3125000 alive   850289 genomes  234519 energy   211.4 births 11485812 deaths 11490272 (23841.2s) AMD Radeon RX 9070 XT (RADV GFX1201)
tick 3126000 alive   849301 genomes  235854 energy   211.1 births 11460634 deaths 11461622 (23848.9s) AMD Radeon RX 9070 XT (RADV GFX1201)
tick 3127000 alive   846922 genomes  236081 energy   210.7 births 11365813 deaths 11368192 (23856.4s) AMD Radeon RX 9070 XT (RADV GFX1201)
tick 3128000 alive   851365 genomes  236737 energy   210.8 births 11585107 deaths 11580664 (23864.0s) AMD Radeon RX 9070 XT (RADV GFX1201)
tick 3129000 alive   855338 genomes  236022 energy   210.6 births 11566811 deaths 11562838 (23871.6s) AMD Radeon RX 9070 XT (RADV GFX1201)
tick 3130000 alive   849154 genomes  235444 energy   210.8 births 11622094 deaths 11628278 (23879.3s) AMD Radeon RX 9070 XT (RADV GFX1201)
tick 3131000 alive   855816 genomes  235719 energy   210.0 births 11705207 deaths 11698545 (23886.7s) AMD Radeon RX 9070 XT (RADV GFX1201)
tick 3132000 alive   856802 genomes  237291 energy   210.3 births 11729711 deaths 11728725 (23894.3s) AMD Radeon RX 9070 XT (RADV GFX1201)
tick 3133000 alive   848118 genomes  237689 energy   210.2 births 11666882 deaths 11675566 (23901.9s) AMD Radeon RX 9070 XT (RADV GFX1201)
tick 3134000 alive   851987 genomes  235410 energy   209.9 births 11759446 deaths 11755577 (23909.5s) AMD Radeon RX 9070 XT (RADV GFX1201)
tick 3135000 alive   860521 genomes  235027 energy   209.5 births 11838238 deaths 11829704 (23917.1s) AMD Radeon RX 9070 XT (RADV GFX1201)
tick 3136000 alive   860891 genomes  235628 energy   210.3 births 11935124 deaths 11934754 (23924.7s) AMD Radeon RX 9070 XT (RADV GFX1201)
tick 3137000 alive   852454 genomes  236022 energy   211.1 births 11671999 deaths 11680436 (23932.3s) AMD Radeon RX 9070 XT (RADV GFX1201)
tick 3138000 alive   848229 genomes  237648 energy   210.6 births 11536690 deaths 11540915 (23940.0s) AMD Radeon RX 9070 XT (RADV GFX1201)
tick 3139000 alive   851052 genomes  236197 energy   210.2 births 11636860 deaths 11634037 (23947.7s) AMD Radeon RX 9070 XT (RADV GFX1201)
tick 3140000 alive   852565 genomes  236054 energy   210.9 births 11644552 deaths 11643039 (23955.2s) AMD Radeon RX 9070 XT (RADV GFX1201)
tick 3141000 alive   855768 genomes  236839 energy   210.6 births 11685117 deaths 11681914 (23962.8s) AMD Radeon RX 9070 XT (RADV GFX1201)
tick 3142000 alive   848762 genomes  235629 energy   210.8 births 11626525 deaths 11633531 (23970.4s) AMD Radeon RX 9070 XT (RADV GFX1201)
tick 3143000 alive   855432 genomes  233621 energy   209.9 births 11740088 deaths 11733418 (23978.1s) AMD Radeon RX 9070 XT (RADV GFX1201)
tick 3144000 alive   864349 genomes  231715 energy   210.1 births 11850675 deaths 11841758 (23985.6s) AMD Radeon RX 9070 XT (RADV GFX1201)
tick 3145000 alive   865480 genomes  231944 energy   210.8 births 11920245 deaths 11919114 (23993.3s) AMD Radeon RX 9070 XT (RADV GFX1201)
tick 3146000 alive   859443 genomes  231415 energy   210.7 births 11803691 deaths 11809728 (24000.9s) AMD Radeon RX 9070 XT (RADV GFX1201)
tick 3147000 alive   854181 genomes  230643 energy   210.9 births 11660257 deaths 11665519 (24008.6s) AMD Radeon RX 9070 XT (RADV GFX1201)
tick 3148000 alive   859996 genomes  230836 energy   210.9 births 11703813 deaths 11697998 (24016.0s) AMD Radeon RX 9070 XT (RADV GFX1201)
tick 3149000 alive   856401 genomes  230544 energy   210.9 births 11679879 deaths 11683474 (24023.6s) AMD Radeon RX 9070 XT (RADV GFX1201)
tick 3150000 alive   855963 genomes  229947 energy   210.9 births 11719476 deaths 11719914 (24031.2s) AMD Radeon RX 9070 XT (RADV GFX1201)
tick 3151000 alive   857810 genomes  229701 energy   210.4 births 11803244 deaths 11801397 (24038.8s) AMD Radeon RX 9070 XT (RADV GFX1201)
tick 3152000 alive   856118 genomes  230020 energy   210.4 births 11787193 deaths 11788885 (24046.3s) AMD Radeon RX 9070 XT (RADV GFX1201)
tick 3153000 alive   857970 genomes  231687 energy   210.8 births 11807811 deaths 11805959 (24053.9s) AMD Radeon RX 9070 XT (RADV GFX1201)
tick 3154000 alive   860975 genomes  231184 energy   210.6 births 11772198 deaths 11769193 (24061.6s) AMD Radeon RX 9070 XT (RADV GFX1201)
tick 3155000 alive   854546 genomes  230105 energy   211.0 births 11705910 deaths 11712339 (24069.3s) AMD Radeon RX 9070 XT (RADV GFX1201)
tick 3156000 alive   860189 genomes  230079 energy   210.4 births 11810478 deaths 11804835 (24076.9s) AMD Radeon RX 9070 XT (RADV GFX1201)
tick 3157000 alive   858421 genomes  231244 energy   210.8 births 11802982 deaths 11804750 (24084.4s) AMD Radeon RX 9070 XT (RADV GFX1201)
tick 3158000 alive   851462 genomes  233576 energy   210.6 births 11688366 deaths 11695325 (24092.1s) AMD Radeon RX 9070 XT (RADV GFX1201)
tick 3159000 alive   851448 genomes  233382 energy   210.1 births 11580328 deaths 11580342 (24099.7s) AMD Radeon RX 9070 XT (RADV GFX1201)
tick 3160000 alive   855756 genomes  233395 energy   210.4 births 11691375 deaths 11687067 (24107.4s) AMD Radeon RX 9070 XT (RADV GFX1201)
tick 3161000 alive   853479 genomes  232540 energy   210.3 births 11720860 deaths 11723137 (24114.9s) AMD Radeon RX 9070 XT (RADV GFX1201)
tick 3162000 alive   856228 genomes  230675 energy   210.1 births 11770553 deaths 11767804 (24122.6s) AMD Radeon RX 9070 XT (RADV GFX1201)
tick 3163000 alive   859339 genomes  230613 energy   210.6 births 11807096 deaths 11803985 (24130.3s) AMD Radeon RX 9070 XT (RADV GFX1201)
tick 3164000 alive   860658 genomes  232396 energy   210.5 births 11776025 deaths 11774706 (24138.0s) AMD Radeon RX 9070 XT (RADV GFX1201)
tick 3165000 alive   849392 genomes  234049 energy   210.9 births 11617290 deaths 11628556 (24145.5s) AMD Radeon RX 9070 XT (RADV GFX1201)
tick 3166000 alive   846299 genomes  236087 energy   210.4 births 11484431 deaths 11487524 (24153.2s) AMD Radeon RX 9070 XT (RADV GFX1201)
tick 3167000 alive   850073 genomes  235190 energy   210.5 births 11587916 deaths 11584142 (24160.9s) AMD Radeon RX 9070 XT (RADV GFX1201)
tick 3168000 alive   851057 genomes  235970 energy   210.7 births 11573448 deaths 11572464 (24168.5s) AMD Radeon RX 9070 XT (RADV GFX1201)
tick 3169000 alive   843924 genomes  235715 energy   211.0 births 11492640 deaths 11499773 (24176.0s) AMD Radeon RX 9070 XT (RADV GFX1201)
tick 3170000 alive   848636 genomes  237356 energy   210.3 births 11496966 deaths 11492254 (24183.6s) AMD Radeon RX 9070 XT (RADV GFX1201)
tick 3171000 alive   852350 genomes  237779 energy   210.2 births 11691528 deaths 11687814 (24191.2s) AMD Radeon RX 9070 XT (RADV GFX1201)
tick 3172000 alive   847776 genomes  234785 energy   210.6 births 11620617 deaths 11625191 (24198.8s) AMD Radeon RX 9070 XT (RADV GFX1201)
tick 3173000 alive   852498 genomes  234548 energy   210.4 births 11663024 deaths 11658302 (24206.2s) AMD Radeon RX 9070 XT (RADV GFX1201)
tick 3174000 alive   850929 genomes  234611 energy   210.5 births 11651079 deaths 11652648 (24213.8s) AMD Radeon RX 9070 XT (RADV GFX1201)
tick 3175000 alive   853152 genomes  234349 energy   210.5 births 11678576 deaths 11676353 (24221.5s) AMD Radeon RX 9070 XT (RADV GFX1201)
tick 3176000 alive   852852 genomes  234471 energy   210.7 births 11609006 deaths 11609306 (24229.2s) AMD Radeon RX 9070 XT (RADV GFX1201)
tick 3177000 alive   851929 genomes  234771 energy   210.8 births 11575308 deaths 11576231 (24236.8s) AMD Radeon RX 9070 XT (RADV GFX1201)
tick 3178000 alive   849554 genomes  233401 energy   210.6 births 11518931 deaths 11521306 (24244.3s) AMD Radeon RX 9070 XT (RADV GFX1201)
tick 3179000 alive   854416 genomes  232683 energy   210.4 births 11650176 deaths 11645314 (24251.9s) AMD Radeon RX 9070 XT (RADV GFX1201)
tick 3180000 alive   854636 genomes  231322 energy   210.9 births 11659129 deaths 11658909 (24259.5s) AMD Radeon RX 9070 XT (RADV GFX1201)
tick 3181000 alive   854512 genomes  232107 energy   211.3 births 11669011 deaths 11669135 (24267.1s) AMD Radeon RX 9070 XT (RADV GFX1201)
tick 3182000 alive   853041 genomes  231329 energy   210.2 births 11607826 deaths 11609297 (24274.5s) AMD Radeon RX 9070 XT (RADV GFX1201)
tick 3183000 alive   859053 genomes  231579 energy   211.0 births 11774488 deaths 11768476 (24282.2s) AMD Radeon RX 9070 XT (RADV GFX1201)
tick 3184000 alive   855527 genomes  231961 energy   210.5 births 11716038 deaths 11719564 (24289.8s) AMD Radeon RX 9070 XT (RADV GFX1201)
tick 3185000 alive   851504 genomes  232987 energy   210.6 births 11679110 deaths 11683133 (24297.5s) AMD Radeon RX 9070 XT (RADV GFX1201)
tick 3186000 alive   850848 genomes  233510 energy   210.6 births 11636381 deaths 11637037 (24304.9s) AMD Radeon RX 9070 XT (RADV GFX1201)
tick 3187000 alive   846065 genomes  234394 energy   210.8 births 11500436 deaths 11505219 (24312.6s) AMD Radeon RX 9070 XT (RADV GFX1201)
tick 3188000 alive   850710 genomes  232851 energy   211.1 births 11522414 deaths 11517769 (24320.2s) AMD Radeon RX 9070 XT (RADV GFX1201)
tick 3189000 alive   850413 genomes  235279 energy   210.5 births 11553591 deaths 11553888 (24327.8s) AMD Radeon RX 9070 XT (RADV GFX1201)
tick 3190000 alive   848210 genomes  236251 energy   210.4 births 11563698 deaths 11565901 (24335.3s) AMD Radeon RX 9070 XT (RADV GFX1201)
tick 3191000 alive   849315 genomes  235228 energy   210.2 births 11607147 deaths 11606042 (24342.9s) AMD Radeon RX 9070 XT (RADV GFX1201)
tick 3192000 alive   853395 genomes  235897 energy   210.5 births 11669169 deaths 11665089 (24350.6s) AMD Radeon RX 9070 XT (RADV GFX1201)
tick 3193000 alive   851741 genomes  234611 energy   210.3 births 11641499 deaths 11643153 (24358.2s) AMD Radeon RX 9070 XT (RADV GFX1201)
tick 3194000 alive   856076 genomes  232824 energy   210.5 births 11688619 deaths 11684284 (24365.7s) AMD Radeon RX 9070 XT (RADV GFX1201)
tick 3195000 alive   850864 genomes  232370 energy   211.2 births 11671736 deaths 11676948 (24373.3s) AMD Radeon RX 9070 XT (RADV GFX1201)
tick 3196000 alive   851995 genomes  233316 energy   210.3 births 11581362 deaths 11580231 (24380.9s) AMD Radeon RX 9070 XT (RADV GFX1201)
tick 3197000 alive   854838 genomes  232883 energy   210.1 births 11782217 deaths 11779374 (24388.5s) AMD Radeon RX 9070 XT (RADV GFX1201)
tick 3198000 alive   855245 genomes  232698 energy   210.8 births 11725198 deaths 11724791 (24396.1s) AMD Radeon RX 9070 XT (RADV GFX1201)
tick 3199000 alive   854442 genomes  234015 energy   210.3 births 11716399 deaths 11717202 (24403.5s) AMD Radeon RX 9070 XT (RADV GFX1201)
tick 3200000 alive   854354 genomes  231881 energy   210.8 births 11642471 deaths 11642559 (24411.1s) AMD Radeon RX 9070 XT (RADV GFX1201)
tick 3201000 alive   858326 genomes  232110 energy   210.6 births 11726004 deaths 11722032 (24418.7s) AMD Radeon RX 9070 XT (RADV GFX1201)
tick 3202000 alive   855959 genomes  231101 energy   210.9 births 11678811 deaths 11681178 (24426.3s) AMD Radeon RX 9070 XT (RADV GFX1201)
tick 3203000 alive   857316 genomes  229280 energy   210.3 births 11704620 deaths 11703263 (24433.7s) AMD Radeon RX 9070 XT (RADV GFX1201)
tick 3204000 alive   857041 genomes  230114 energy   211.0 births 11705103 deaths 11705378 (24441.3s) AMD Radeon RX 9070 XT (RADV GFX1201)
tick 3205000 alive   851338 genomes  231573 energy   210.4 births 11640478 deaths 11646181 (24448.9s) AMD Radeon RX 9070 XT (RADV GFX1201)
tick 3206000 alive   855946 genomes  231218 energy   210.6 births 11708772 deaths 11704164 (24456.6s) AMD Radeon RX 9070 XT (RADV GFX1201)
tick 3207000 alive   857212 genomes  231986 energy   210.6 births 11758981 deaths 11757715 (24464.0s) AMD Radeon RX 9070 XT (RADV GFX1201)
tick 3208000 alive   857601 genomes  232334 energy   210.7 births 11776776 deaths 11776387 (24471.7s) AMD Radeon RX 9070 XT (RADV GFX1201)
tick 3209000 alive   855011 genomes  234484 energy   210.7 births 11660878 deaths 11663468 (24478.8s) AMD Radeon RX 9070 XT (RADV GFX1201)
tick 3210000 alive   851261 genomes  234232 energy   210.8 births 11646556 deaths 11650306 (24485.2s) AMD Radeon RX 9070 XT (RADV GFX1201)
tick 3211000 alive   849956 genomes  235249 energy   210.5 births 11582915 deaths 11584220 (24491.6s) AMD Radeon RX 9070 XT (RADV GFX1201)
tick 3212000 alive   851467 genomes  235319 energy   210.7 births 11657745 deaths 11656234 (24497.9s) AMD Radeon RX 9070 XT (RADV GFX1201)
tick 3213000 alive   849408 genomes  235506 energy   211.0 births 11570587 deaths 11572646 (24504.3s) AMD Radeon RX 9070 XT (RADV GFX1201)
tick 3214000 alive   849727 genomes  237163 energy   211.2 births 11518689 deaths 11518370 (24510.7s) AMD Radeon RX 9070 XT (RADV GFX1201)
tick 3215000 alive   849905 genomes  236374 energy   210.8 births 11521056 deaths 11520878 (24517.1s) AMD Radeon RX 9070 XT (RADV GFX1201)
tick 3216000 alive   848281 genomes  235348 energy   210.7 births 11497226 deaths 11498850 (24523.4s) AMD Radeon RX 9070 XT (RADV GFX1201)
tick 3217000 alive   849062 genomes  233368 energy   211.0 births 11477001 deaths 11476220 (24529.8s) AMD Radeon RX 9070 XT (RADV GFX1201)
tick 3218000 alive   851884 genomes  231610 energy   210.4 births 11553178 deaths 11550356 (24536.2s) AMD Radeon RX 9070 XT (RADV GFX1201)
tick 3219000 alive   857399 genomes  231623 energy   210.2 births 11725674 deaths 11720159 (24542.6s) AMD Radeon RX 9070 XT (RADV GFX1201)
tick 3220000 alive   855748 genomes  231128 energy   210.5 births 11728183 deaths 11729834 (24549.0s) AMD Radeon RX 9070 XT (RADV GFX1201)
tick 3221000 alive   855394 genomes  230975 energy   210.4 births 11742402 deaths 11742756 (24555.2s) AMD Radeon RX 9070 XT (RADV GFX1201)
tick 3222000 alive   855891 genomes  231157 energy   210.7 births 11708564 deaths 11708067 (24561.6s) AMD Radeon RX 9070 XT (RADV GFX1201)
tick 3223000 alive   858140 genomes  230640 energy   210.9 births 11766167 deaths 11763918 (24568.0s) AMD Radeon RX 9070 XT (RADV GFX1201)
tick 3224000 alive   855305 genomes  229778 energy   210.7 births 11667939 deaths 11670774 (24574.3s) AMD Radeon RX 9070 XT (RADV GFX1201)
tick 3225000 alive   854706 genomes  231497 energy   210.9 births 11685050 deaths 11685649 (24580.7s) AMD Radeon RX 9070 XT (RADV GFX1201)
tick 3226000 alive   850333 genomes  229636 energy   210.2 births 11632714 deaths 11637087 (24587.0s) AMD Radeon RX 9070 XT (RADV GFX1201)
tick 3227000 alive   856816 genomes  230666 energy   210.1 births 11821312 deaths 11814829 (24593.4s) AMD Radeon RX 9070 XT (RADV GFX1201)
tick 3228000 alive   857331 genomes  230327 energy   210.4 births 11806730 deaths 11806215 (24599.7s) AMD Radeon RX 9070 XT (RADV GFX1201)
tick 3229000 alive   856977 genomes  230979 energy   211.0 births 11699702 deaths 11700056 (24606.1s) AMD Radeon RX 9070 XT (RADV GFX1201)
tick 3230000 alive   855879 genomes  231562 energy   211.0 births 11629974 deaths 11631072 (24612.5s) AMD Radeon RX 9070 XT (RADV GFX1201)
tick 3231000 alive   851662 genomes  230319 energy   211.4 births 11562754 deaths 11566971 (24618.8s) AMD Radeon RX 9070 XT (RADV GFX1201)
tick 3232000 alive   852979 genomes  231774 energy   210.5 births 11508639 deaths 11507322 (24625.2s) AMD Radeon RX 9070 XT (RADV GFX1201)
tick 3233000 alive   852696 genomes  231729 energy   210.9 births 11631744 deaths 11632027 (24631.5s) AMD Radeon RX 9070 XT (RADV GFX1201)
tick 3234000 alive   851793 genomes  232737 energy   210.9 births 11600523 deaths 11601426 (24637.9s) AMD Radeon RX 9070 XT (RADV GFX1201)
tick 3235000 alive   848422 genomes  231522 energy   211.0 births 11517524 deaths 11520895 (24644.2s) AMD Radeon RX 9070 XT (RADV GFX1201)
tick 3236000 alive   853645 genomes  231239 energy   210.8 births 11614979 deaths 11609756 (24650.6s) AMD Radeon RX 9070 XT (RADV GFX1201)
tick 3237000 alive   853614 genomes  231461 energy   210.5 births 11687166 deaths 11687197 (24657.0s) AMD Radeon RX 9070 XT (RADV GFX1201)
tick 3238000 alive   856174 genomes  232505 energy   210.7 births 11699702 deaths 11697142 (24663.3s) AMD Radeon RX 9070 XT (RADV GFX1201)
tick 3239000 alive   854837 genomes  232393 energy   210.7 births 11627192 deaths 11628529 (24669.7s) AMD Radeon RX 9070 XT (RADV GFX1201)
tick 3240000 alive   849689 genomes  232136 energy   211.2 births 11572623 deaths 11577771 (24676.0s) AMD Radeon RX 9070 XT (RADV GFX1201)
tick 3241000 alive   854614 genomes  231865 energy   210.8 births 11591731 deaths 11586806 (24682.4s) AMD Radeon RX 9070 XT (RADV GFX1201)
tick 3242000 alive   855132 genomes  230685 energy   210.8 births 11681583 deaths 11681065 (24688.7s) AMD Radeon RX 9070 XT (RADV GFX1201)
tick 3243000 alive   857305 genomes  232089 energy   210.8 births 11679200 deaths 11677027 (24695.1s) AMD Radeon RX 9070 XT (RADV GFX1201)
tick 3244000 alive   851253 genomes  233719 energy   210.8 births 11548353 deaths 11554405 (24701.4s) AMD Radeon RX 9070 XT (RADV GFX1201)
tick 3245000 alive   850403 genomes  231277 energy   211.0 births 11567275 deaths 11568125 (24707.7s) AMD Radeon RX 9070 XT (RADV GFX1201)
tick 3246000 alive   858801 genomes  231401 energy   210.8 births 11650175 deaths 11641777 (24714.1s) AMD Radeon RX 9070 XT (RADV GFX1201)
tick 3247000 alive   858893 genomes  232062 energy   211.1 births 11729939 deaths 11729847 (24720.4s) AMD Radeon RX 9070 XT (RADV GFX1201)
tick 3248000 alive   854280 genomes  231161 energy   210.5 births 11631845 deaths 11636458 (24726.8s) AMD Radeon RX 9070 XT (RADV GFX1201)
tick 3249000 alive   855936 genomes  229602 energy   210.1 births 11780444 deaths 11778788 (24733.2s) AMD Radeon RX 9070 XT (RADV GFX1201)
tick 3250000 alive   861324 genomes  228837 energy   210.6 births 11822925 deaths 11817537 (24739.5s) AMD Radeon RX 9070 XT (RADV GFX1201)
tick 3251000 alive   855814 genomes  229190 energy   210.6 births 11727040 deaths 11732550 (24745.8s) AMD Radeon RX 9070 XT (RADV GFX1201)
tick 3252000 alive   853480 genomes  231001 energy   210.5 births 11688350 deaths 11690684 (24752.2s) AMD Radeon RX 9070 XT (RADV GFX1201)
tick 3253000 alive   856920 genomes  232564 energy   210.5 births 11735906 deaths 11732466 (24758.6s) AMD Radeon RX 9070 XT (RADV GFX1201)
tick 3254000 alive   854917 genomes  232452 energy   210.6 births 11725844 deaths 11727847 (24764.9s) AMD Radeon RX 9070 XT (RADV GFX1201)
tick 3255000 alive   855077 genomes  230555 energy   210.2 births 11697330 deaths 11697170 (24771.3s) AMD Radeon RX 9070 XT (RADV GFX1201)
tick 3256000 alive   853852 genomes  232809 energy   210.8 births 11713580 deaths 11714805 (24777.7s) AMD Radeon RX 9070 XT (RADV GFX1201)
tick 3257000 alive   850022 genomes  233249 energy   210.6 births 11673856 deaths 11677686 (24784.1s) AMD Radeon RX 9070 XT (RADV GFX1201)
tick 3258000 alive   847120 genomes  233030 energy   210.6 births 11582428 deaths 11585330 (24790.4s) AMD Radeon RX 9070 XT (RADV GFX1201)
tick 3259000 alive   857796 genomes  233271 energy   210.4 births 11690407 deaths 11679731 (24796.7s) AMD Radeon RX 9070 XT (RADV GFX1201)
tick 3260000 alive   851286 genomes  233234 energy   211.3 births 11690842 deaths 11697352 (24803.1s) AMD Radeon RX 9070 XT (RADV GFX1201)
tick 3261000 alive   851034 genomes  234165 energy   210.8 births 11472054 deaths 11472306 (24809.5s) AMD Radeon RX 9070 XT (RADV GFX1201)
tick 3262000 alive   851731 genomes  236180 energy   210.4 births 11601173 deaths 11600476 (24815.8s) AMD Radeon RX 9070 XT (RADV GFX1201)
tick 3263000 alive   852835 genomes  235421 energy   210.5 births 11673321 deaths 11672217 (24822.2s) AMD Radeon RX 9070 XT (RADV GFX1201)
tick 3264000 alive   850813 genomes  235978 energy   211.3 births 11571113 deaths 11573135 (24828.5s) AMD Radeon RX 9070 XT (RADV GFX1201)
tick 3265000 alive   847337 genomes  236314 energy   210.9 births 11500904 deaths 11504380 (24834.9s) AMD Radeon RX 9070 XT (RADV GFX1201)
tick 3266000 alive   849171 genomes  234651 energy   210.0 births 11593194 deaths 11591360 (24841.3s) AMD Radeon RX 9070 XT (RADV GFX1201)
tick 3267000 alive   852360 genomes  234546 energy   210.2 births 11682167 deaths 11678978 (24847.7s) AMD Radeon RX 9070 XT (RADV GFX1201)
tick 3268000 alive   852813 genomes  234449 energy   211.0 births 11673390 deaths 11672937 (24854.0s) AMD Radeon RX 9070 XT (RADV GFX1201)
tick 3269000 alive   853305 genomes  233396 energy   210.6 births 11603585 deaths 11603093 (24860.3s) AMD Radeon RX 9070 XT (RADV GFX1201)
tick 3270000 alive   848078 genomes  233049 energy   210.4 births 11617760 deaths 11622987 (24866.7s) AMD Radeon RX 9070 XT (RADV GFX1201)
tick 3271000 alive   853592 genomes  232759 energy   210.3 births 11681300 deaths 11675786 (24873.0s) AMD Radeon RX 9070 XT (RADV GFX1201)
tick 3272000 alive   859445 genomes  233365 energy   210.3 births 11855049 deaths 11849196 (24879.4s) AMD Radeon RX 9070 XT (RADV GFX1201)
tick 3273000 alive   855579 genomes  233016 energy   210.2 births 11809207 deaths 11813073 (24885.8s) AMD Radeon RX 9070 XT (RADV GFX1201)
tick 3274000 alive   858206 genomes  232006 energy   210.2 births 11827203 deaths 11824576 (24892.1s) AMD Radeon RX 9070 XT (RADV GFX1201)
tick 3275000 alive   856456 genomes  232780 energy   210.5 births 11776033 deaths 11777783 (24898.5s) AMD Radeon RX 9070 XT (RADV GFX1201)
tick 3276000 alive   857201 genomes  234321 energy   210.4 births 11771895 deaths 11771150 (24904.9s) AMD Radeon RX 9070 XT (RADV GFX1201)
tick 3277000 alive   854040 genomes  234452 energy   210.5 births 11749077 deaths 11752238 (24911.3s) AMD Radeon RX 9070 XT (RADV GFX1201)
tick 3278000 alive   853328 genomes  232918 energy   210.1 births 11727290 deaths 11728002 (24917.6s) AMD Radeon RX 9070 XT (RADV GFX1201)
tick 3279000 alive   856220 genomes  233217 energy   210.1 births 11788933 deaths 11786041 (24923.9s) AMD Radeon RX 9070 XT (RADV GFX1201)
tick 3280000 alive   856378 genomes  233621 energy   210.0 births 11819419 deaths 11819261 (24930.3s) AMD Radeon RX 9070 XT (RADV GFX1201)
tick 3281000 alive   856628 genomes  232644 energy   210.2 births 11853748 deaths 11853498 (24936.7s) AMD Radeon RX 9070 XT (RADV GFX1201)
tick 3282000 alive   858655 genomes  232563 energy   209.7 births 11911548 deaths 11909521 (24943.2s) AMD Radeon RX 9070 XT (RADV GFX1201)
tick 3283000 alive   859223 genomes  232623 energy   210.2 births 11859502 deaths 11858934 (24949.4s) AMD Radeon RX 9070 XT (RADV GFX1201)
tick 3284000 alive   855621 genomes  234411 energy   210.9 births 11763472 deaths 11767074 (24955.8s) AMD Radeon RX 9070 XT (RADV GFX1201)
tick 3285000 alive   848133 genomes  234044 energy   210.7 births 11583903 deaths 11591391 (24962.2s) AMD Radeon RX 9070 XT (RADV GFX1201)
tick 3286000 alive   849055 genomes  231528 energy   210.2 births 11563379 deaths 11562457 (24968.5s) AMD Radeon RX 9070 XT (RADV GFX1201)
tick 3287000 alive   858779 genomes  231429 energy   210.2 births 11806250 deaths 11796526 (24974.9s) AMD Radeon RX 9070 XT (RADV GFX1201)
tick 3288000 alive   858121 genomes  230673 energy   211.0 births 11741632 deaths 11742290 (24981.2s) AMD Radeon RX 9070 XT (RADV GFX1201)
tick 3289000 alive   850386 genomes  229800 energy   210.9 births 11634198 deaths 11641933 (24987.5s) AMD Radeon RX 9070 XT (RADV GFX1201)
tick 3290000 alive   853858 genomes  230588 energy   210.2 births 11635764 deaths 11632292 (24993.9s) AMD Radeon RX 9070 XT (RADV GFX1201)
tick 3291000 alive   853953 genomes  230334 energy   210.6 births 11737913 deaths 11737818 (25000.3s) AMD Radeon RX 9070 XT (RADV GFX1201)
tick 3292000 alive   856001 genomes  229924 energy   210.2 births 11749057 deaths 11747009 (25006.7s) AMD Radeon RX 9070 XT (RADV GFX1201)
tick 3293000 alive   855749 genomes  230278 energy   210.9 births 11757623 deaths 11757875 (25013.0s) AMD Radeon RX 9070 XT (RADV GFX1201)
tick 3294000 alive   854412 genomes  231572 energy   210.8 births 11665580 deaths 11666917 (25019.4s) AMD Radeon RX 9070 XT (RADV GFX1201)
tick 3295000 alive   852861 genomes  233333 energy   210.5 births 11650716 deaths 11652267 (25025.8s) AMD Radeon RX 9070 XT (RADV GFX1201)
tick 3296000 alive   851056 genomes  231704 energy   210.8 births 11676418 deaths 11678223 (25032.2s) AMD Radeon RX 9070 XT (RADV GFX1201)
tick 3297000 alive   856689 genomes  231058 energy   210.1 births 11752623 deaths 11746990 (25038.4s) AMD Radeon RX 9070 XT (RADV GFX1201)
tick 3298000 alive   858054 genomes  229761 energy   210.5 births 11803767 deaths 11802402 (25044.8s) AMD Radeon RX 9070 XT (RADV GFX1201)
tick 3299000 alive   854514 genomes  231740 energy   210.5 births 11718798 deaths 11722338 (25051.2s) AMD Radeon RX 9070 XT (RADV GFX1201)
tick 3300000 alive   854601 genomes  231496 energy   210.7 births 11717794 deaths 11717707 (25057.6s) AMD Radeon RX 9070 XT (RADV GFX1201)
tick 3301000 alive   851518 genomes  231376 energy   210.5 births 11676271 deaths 11679354 (25064.0s) AMD Radeon RX 9070 XT (RADV GFX1201)
tick 3302000 alive   852661 genomes  228771 energy   210.3 births 11677300 deaths 11676157 (25070.3s) AMD Radeon RX 9070 XT (RADV GFX1201)
tick 3303000 alive   857603 genomes  230781 energy   210.4 births 11819402 deaths 11814460 (25076.7s) AMD Radeon RX 9070 XT (RADV GFX1201)
tick 3304000 alive   853695 genomes  231407 energy   210.9 births 11690630 deaths 11694538 (25083.0s) AMD Radeon RX 9070 XT (RADV GFX1201)
tick 3305000 alive   852558 genomes  232708 energy   210.7 births 11601664 deaths 11602801 (25089.4s) AMD Radeon RX 9070 XT (RADV GFX1201)
tick 3306000 alive   850618 genomes  232105 energy   211.1 births 11583682 deaths 11585622 (25095.8s) AMD Radeon RX 9070 XT (RADV GFX1201)
tick 3307000 alive   849449 genomes  234801 energy   210.8 births 11457602 deaths 11458771 (25102.1s) AMD Radeon RX 9070 XT (RADV GFX1201)
tick 3308000 alive   849140 genomes  234816 energy   211.0 births 11413575 deaths 11413884 (25108.5s) AMD Radeon RX 9070 XT (RADV GFX1201)
tick 3309000 alive   847639 genomes  233932 energy   211.4 births 11469222 deaths 11470723 (25114.8s) AMD Radeon RX 9070 XT (RADV GFX1201)
tick 3310000 alive   848622 genomes  235245 energy   210.6 births 11451977 deaths 11450994 (25121.2s) AMD Radeon RX 9070 XT (RADV GFX1201)
tick 3311000 alive   848949 genomes  235287 energy   210.5 births 11538185 deaths 11537858 (25127.6s) AMD Radeon RX 9070 XT (RADV GFX1201)
tick 3312000 alive   846669 genomes  235301 energy   210.7 births 11521427 deaths 11523707 (25133.9s) AMD Radeon RX 9070 XT (RADV GFX1201)
tick 3313000 alive   849430 genomes  236305 energy   210.9 births 11568967 deaths 11566206 (25140.3s) AMD Radeon RX 9070 XT (RADV GFX1201)
tick 3314000 alive   850102 genomes  236647 energy   210.6 births 11521956 deaths 11521284 (25146.7s) AMD Radeon RX 9070 XT (RADV GFX1201)
tick 3315000 alive   849759 genomes  235476 energy   210.3 births 11587475 deaths 11587818 (25153.1s) AMD Radeon RX 9070 XT (RADV GFX1201)
tick 3316000 alive   855593 genomes  237885 energy   210.4 births 11687168 deaths 11681334 (25159.3s) AMD Radeon RX 9070 XT (RADV GFX1201)
tick 3317000 alive   844516 genomes  238022 energy   211.1 births 11475111 deaths 11486188 (25165.7s) AMD Radeon RX 9070 XT (RADV GFX1201)
tick 3318000 alive   846056 genomes  236519 energy   210.9 births 11455034 deaths 11453494 (25172.1s) AMD Radeon RX 9070 XT (RADV GFX1201)
tick 3319000 alive   849758 genomes  236585 energy   210.5 births 11571735 deaths 11568033 (25178.5s) AMD Radeon RX 9070 XT (RADV GFX1201)
tick 3320000 alive   847537 genomes  236706 energy   210.7 births 11601987 deaths 11604208 (25184.9s) AMD Radeon RX 9070 XT (RADV GFX1201)
tick 3321000 alive   852882 genomes  237279 energy   210.5 births 11639804 deaths 11634459 (25191.1s) AMD Radeon RX 9070 XT (RADV GFX1201)
tick 3322000 alive   849389 genomes  236077 energy   210.6 births 11659863 deaths 11663356 (25197.5s) AMD Radeon RX 9070 XT (RADV GFX1201)
tick 3323000 alive   852505 genomes  236309 energy   210.1 births 11695486 deaths 11692370 (25203.9s) AMD Radeon RX 9070 XT (RADV GFX1201)
tick 3324000 alive   854461 genomes  236268 energy   210.3 births 11789487 deaths 11787531 (25210.3s) AMD Radeon RX 9070 XT (RADV GFX1201)
tick 3325000 alive   851590 genomes  233970 energy   210.3 births 11735284 deaths 11738155 (25216.7s) AMD Radeon RX 9070 XT (RADV GFX1201)
tick 3326000 alive   858338 genomes  234819 energy   210.5 births 11764229 deaths 11757481 (25223.0s) AMD Radeon RX 9070 XT (RADV GFX1201)
tick 3327000 alive   853089 genomes  235830 energy   210.8 births 11716885 deaths 11722134 (25229.3s) AMD Radeon RX 9070 XT (RADV GFX1201)
tick 3328000 alive   850568 genomes  234982 energy   210.6 births 11607766 deaths 11610287 (25235.7s) AMD Radeon RX 9070 XT (RADV GFX1201)
tick 3329000 alive   849780 genomes  233475 energy   210.3 births 11652934 deaths 11653722 (25242.1s) AMD Radeon RX 9070 XT (RADV GFX1201)
tick 3330000 alive   857809 genomes  231932 energy   210.1 births 11808890 deaths 11800861 (25248.4s) AMD Radeon RX 9070 XT (RADV GFX1201)
tick 3331000 alive   856498 genomes  231578 energy   210.0 births 11823720 deaths 11825031 (25254.7s) AMD Radeon RX 9070 XT (RADV GFX1201)
tick 3332000 alive   858039 genomes  232295 energy   210.0 births 11870113 deaths 11868572 (25261.1s) AMD Radeon RX 9070 XT (RADV GFX1201)
tick 3333000 alive   856429 genomes  233460 energy   210.4 births 11818694 deaths 11820304 (25267.5s) AMD Radeon RX 9070 XT (RADV GFX1201)
tick 3334000 alive   851662 genomes  233182 energy   210.5 births 11723692 deaths 11728459 (25273.9s) AMD Radeon RX 9070 XT (RADV GFX1201)
tick 3335000 alive   854145 genomes  235615 energy   210.6 births 11689788 deaths 11687305 (25280.2s) AMD Radeon RX 9070 XT (RADV GFX1201)
tick 3336000 alive   855332 genomes  235787 energy   210.8 births 11677369 deaths 11676182 (25286.5s) AMD Radeon RX 9070 XT (RADV GFX1201)
tick 3337000 alive   850774 genomes  233681 energy   210.7 births 11607237 deaths 11611795 (25292.9s) AMD Radeon RX 9070 XT (RADV GFX1201)
tick 3338000 alive   852758 genomes  231934 energy   210.3 births 11703314 deaths 11701330 (25299.2s) AMD Radeon RX 9070 XT (RADV GFX1201)
tick 3339000 alive   859064 genomes  232229 energy   210.0 births 11786825 deaths 11780519 (25305.6s) AMD Radeon RX 9070 XT (RADV GFX1201)
tick 3340000 alive   859097 genomes  231189 energy   210.1 births 11856915 deaths 11856882 (25311.9s) AMD Radeon RX 9070 XT (RADV GFX1201)
tick 3341000 alive   854888 genomes  231062 energy   210.4 births 11837516 deaths 11841725 (25318.2s) AMD Radeon RX 9070 XT (RADV GFX1201)
tick 3342000 alive   856562 genomes  230658 energy   210.8 births 11695630 deaths 11693956 (25324.6s) AMD Radeon RX 9070 XT (RADV GFX1201)
tick 3343000 alive   857836 genomes  231654 energy   210.8 births 11710567 deaths 11709293 (25330.9s) AMD Radeon RX 9070 XT (RADV GFX1201)
tick 3344000 alive   853528 genomes  233548 energy   211.4 births 11589902 deaths 11594210 (25337.3s) AMD Radeon RX 9070 XT (RADV GFX1201)
tick 3345000 alive   845534 genomes  234245 energy   211.2 births 11431425 deaths 11439419 (25343.5s) AMD Radeon RX 9070 XT (RADV GFX1201)
tick 3346000 alive   847825 genomes  234443 energy   210.7 births 11476562 deaths 11474271 (25349.9s) AMD Radeon RX 9070 XT (RADV GFX1201)
tick 3347000 alive   855054 genomes  234765 energy   210.9 births 11584698 deaths 11577469 (25356.3s) AMD Radeon RX 9070 XT (RADV GFX1201)
tick 3348000 alive   848438 genomes  234090 energy   210.6 births 11494932 deaths 11501548 (25362.7s) AMD Radeon RX 9070 XT (RADV GFX1201)
tick 3349000 alive   851115 genomes  232753 energy   210.8 births 11511418 deaths 11508741 (25369.1s) AMD Radeon RX 9070 XT (RADV GFX1201)
tick 3350000 alive   849640 genomes  234089 energy   211.2 births 11476714 deaths 11478189 (25375.4s) AMD Radeon RX 9070 XT (RADV GFX1201)
tick 3351000 alive   848212 genomes  233986 energy   211.2 births 11519310 deaths 11520738 (25381.8s) AMD Radeon RX 9070 XT (RADV GFX1201)
tick 3352000 alive   849807 genomes  234672 energy   211.2 births 11486685 deaths 11485090 (25388.2s) AMD Radeon RX 9070 XT (RADV GFX1201)
tick 3353000 alive   850481 genomes  234019 energy   210.6 births 11599387 deaths 11598713 (25394.6s) AMD Radeon RX 9070 XT (RADV GFX1201)
tick 3354000 alive   851586 genomes  234557 energy   210.9 births 11587601 deaths 11586496 (25400.9s) AMD Radeon RX 9070 XT (RADV GFX1201)
tick 3355000 alive   851569 genomes  234392 energy   210.8 births 11540259 deaths 11540276 (25407.2s) AMD Radeon RX 9070 XT (RADV GFX1201)
tick 3356000 alive   852571 genomes  233675 energy   210.5 births 11626177 deaths 11625175 (25413.6s) AMD Radeon RX 9070 XT (RADV GFX1201)
tick 3357000 alive   849330 genomes  233949 energy   210.8 births 11515290 deaths 11518531 (25420.0s) AMD Radeon RX 9070 XT (RADV GFX1201)
tick 3358000 alive   849008 genomes  235531 energy   210.6 births 11542333 deaths 11542655 (25426.4s) AMD Radeon RX 9070 XT (RADV GFX1201)
tick 3359000 alive   846160 genomes  236222 energy   210.9 births 11445733 deaths 11448581 (25432.6s) AMD Radeon RX 9070 XT (RADV GFX1201)
tick 3360000 alive   841241 genomes  237818 energy   211.1 births 11357109 deaths 11362028 (25439.0s) AMD Radeon RX 9070 XT (RADV GFX1201)
tick 3361000 alive   843249 genomes  236945 energy   210.8 births 11442278 deaths 11440270 (25445.4s) AMD Radeon RX 9070 XT (RADV GFX1201)
tick 3362000 alive   844603 genomes  238166 energy   210.7 births 11400741 deaths 11399387 (25451.7s) AMD Radeon RX 9070 XT (RADV GFX1201)
tick 3363000 alive   847114 genomes  235211 energy   210.7 births 11501665 deaths 11499154 (25458.1s) AMD Radeon RX 9070 XT (RADV GFX1201)
tick 3364000 alive   851933 genomes  235386 energy   210.7 births 11563834 deaths 11559015 (25464.4s) AMD Radeon RX 9070 XT (RADV GFX1201)
tick 3365000 alive   848423 genomes  233726 energy   211.4 births 11556042 deaths 11559552 (25470.8s) AMD Radeon RX 9070 XT (RADV GFX1201)
tick 3366000 alive   853313 genomes  233531 energy   210.1 births 11622269 deaths 11617379 (25477.2s) AMD Radeon RX 9070 XT (RADV GFX1201)
tick 3367000 alive   857396 genomes  231657 energy   210.4 births 11808492 deaths 11804409 (25483.6s) AMD Radeon RX 9070 XT (RADV GFX1201)
tick 3368000 alive   856166 genomes  231649 energy   210.8 births 11748390 deaths 11749620 (25490.0s) AMD Radeon RX 9070 XT (RADV GFX1201)
tick 3369000 alive   855001 genomes  232875 energy   210.8 births 11651819 deaths 11652984 (25496.3s) AMD Radeon RX 9070 XT (RADV GFX1201)
tick 3370000 alive   848941 genomes  233512 energy   210.5 births 11585563 deaths 11591623 (25502.6s) AMD Radeon RX 9070 XT (RADV GFX1201)
tick 3371000 alive   849626 genomes  232800 energy   210.4 births 11646225 deaths 11645540 (25509.0s) AMD Radeon RX 9070 XT (RADV GFX1201)
tick 3372000 alive   852137 genomes  232133 energy   210.8 births 11665179 deaths 11662668 (25515.4s) AMD Radeon RX 9070 XT (RADV GFX1201)
tick 3373000 alive   852680 genomes  230434 energy   209.9 births 11709121 deaths 11708578 (25521.6s) AMD Radeon RX 9070 XT (RADV GFX1201)
tick 3374000 alive   859975 genomes  231866 energy   210.2 births 11828338 deaths 11821043 (25528.0s) AMD Radeon RX 9070 XT (RADV GFX1201)
tick 3375000 alive   856991 genomes  231297 energy   210.4 births 11821012 deaths 11823996 (25534.4s) AMD Radeon RX 9070 XT (RADV GFX1201)
tick 3376000 alive   856348 genomes  230745 energy   210.2 births 11785014 deaths 11785657 (25540.7s) AMD Radeon RX 9070 XT (RADV GFX1201)
tick 3377000 alive   858379 genomes  231851 energy   211.0 births 11788241 deaths 11786210 (25547.1s) AMD Radeon RX 9070 XT (RADV GFX1201)
tick 3378000 alive   861206 genomes  232107 energy   210.1 births 11849405 deaths 11846578 (25553.4s) AMD Radeon RX 9070 XT (RADV GFX1201)
tick 3379000 alive   856552 genomes  232514 energy   210.5 births 11819780 deaths 11824434 (25559.8s) AMD Radeon RX 9070 XT (RADV GFX1201)
tick 3380000 alive   850812 genomes  232540 energy   210.3 births 11652188 deaths 11657928 (25566.1s) AMD Radeon RX 9070 XT (RADV GFX1201)
tick 3381000 alive   856950 genomes  232544 energy   210.7 births 11682218 deaths 11676080 (25572.5s) AMD Radeon RX 9070 XT (RADV GFX1201)
tick 3382000 alive   854149 genomes  232671 energy   211.4 births 11668720 deaths 11671521 (25578.8s) AMD Radeon RX 9070 XT (RADV GFX1201)
tick 3383000 alive   850667 genomes  232826 energy   210.6 births 11551265 deaths 11554747 (25585.1s) AMD Radeon RX 9070 XT (RADV GFX1201)
tick 3384000 alive   853962 genomes  234096 energy   210.3 births 11646078 deaths 11642783 (25591.5s) AMD Radeon RX 9070 XT (RADV GFX1201)
tick 3385000 alive   855388 genomes  233203 energy   210.5 births 11730043 deaths 11728617 (25597.9s) AMD Radeon RX 9070 XT (RADV GFX1201)
tick 3386000 alive   849193 genomes  232235 energy   210.5 births 11641145 deaths 11647340 (25604.3s) AMD Radeon RX 9070 XT (RADV GFX1201)
tick 3387000 alive   855730 genomes  232324 energy   210.8 births 11669112 deaths 11662575 (25610.7s) AMD Radeon RX 9070 XT (RADV GFX1201)
tick 3388000 alive   852441 genomes  232789 energy   210.4 births 11630717 deaths 11634006 (25617.0s) AMD Radeon RX 9070 XT (RADV GFX1201)
tick 3389000 alive   852275 genomes  232956 energy   210.2 births 11688013 deaths 11688179 (25623.3s) AMD Radeon RX 9070 XT (RADV GFX1201)
tick 3390000 alive   855858 genomes  233356 energy   210.2 births 11891833 deaths 11888250 (25629.7s) AMD Radeon RX 9070 XT (RADV GFX1201)
tick 3391000 alive   854669 genomes  231136 energy   210.5 births 11759750 deaths 11760939 (25636.1s) AMD Radeon RX 9070 XT (RADV GFX1201)
tick 3392000 alive   858156 genomes  231673 energy   210.6 births 11820253 deaths 11816766 (25642.4s) AMD Radeon RX 9070 XT (RADV GFX1201)
tick 3393000 alive   853242 genomes  231553 energy   210.8 births 11684802 deaths 11689716 (25648.8s) AMD Radeon RX 9070 XT (RADV GFX1201)
tick 3394000 alive   851283 genomes  232747 energy   210.8 births 11662432 deaths 11664391 (25655.2s) AMD Radeon RX 9070 XT (RADV GFX1201)
tick 3395000 alive   848845 genomes  232845 energy   210.3 births 11564396 deaths 11566834 (25661.6s) AMD Radeon RX 9070 XT (RADV GFX1201)
tick 3396000 alive   851104 genomes  233304 energy   210.8 births 11689926 deaths 11687667 (25667.9s) AMD Radeon RX 9070 XT (RADV GFX1201)
tick 3397000 alive   851068 genomes  232712 energy   210.8 births 11630144 deaths 11630180 (25674.2s) AMD Radeon RX 9070 XT (RADV GFX1201)
tick 3398000 alive   853361 genomes  233181 energy   210.3 births 11676002 deaths 11673709 (25680.6s) AMD Radeon RX 9070 XT (RADV GFX1201)
tick 3399000 alive   850941 genomes  231200 energy   210.9 births 11634593 deaths 11637013 (25687.0s) AMD Radeon RX 9070 XT (RADV GFX1201)
tick 3400000 alive   856638 genomes  231627 energy   210.7 births 11681266 deaths 11675569 (25693.4s) AMD Radeon RX 9070 XT (RADV GFX1201)
tick 3401000 alive   855264 genomes  230675 energy   210.9 births 11704008 deaths 11705382 (25699.7s) AMD Radeon RX 9070 XT (RADV GFX1201)
tick 3402000 alive   855912 genomes  231136 energy   210.3 births 11650777 deaths 11650129 (25706.0s) AMD Radeon RX 9070 XT (RADV GFX1201)
tick 3403000 alive   855265 genomes  231175 energy   210.5 births 11710179 deaths 11710826 (25712.3s) AMD Radeon RX 9070 XT (RADV GFX1201)
tick 3404000 alive   858712 genomes  230952 energy   210.4 births 11842707 deaths 11839260 (25718.7s) AMD Radeon RX 9070 XT (RADV GFX1201)
tick 3405000 alive   856984 genomes  230384 energy   211.2 births 11714549 deaths 11716277 (25725.1s) AMD Radeon RX 9070 XT (RADV GFX1201)
tick 3406000 alive   853293 genomes  233019 energy   210.8 births 11621224 deaths 11624915 (25731.4s) AMD Radeon RX 9070 XT (RADV GFX1201)
tick 3407000 alive   850755 genomes  234280 energy   210.8 births 11538044 deaths 11540582 (25737.8s) AMD Radeon RX 9070 XT (RADV GFX1201)
tick 3408000 alive   851016 genomes  234290 energy   210.9 births 11577082 deaths 11576821 (25744.1s) AMD Radeon RX 9070 XT (RADV GFX1201)
tick 3409000 alive   854716 genomes  232920 energy   210.6 births 11606394 deaths 11602694 (25750.5s) AMD Radeon RX 9070 XT (RADV GFX1201)
tick 3410000 alive   856272 genomes  232925 energy   210.7 births 11721865 deaths 11720309 (25756.9s) AMD Radeon RX 9070 XT (RADV GFX1201)
tick 3411000 alive   850920 genomes  230843 energy   210.7 births 11543073 deaths 11548425 (25763.1s) AMD Radeon RX 9070 XT (RADV GFX1201)
tick 3412000 alive   855938 genomes  230150 energy   210.2 births 11756310 deaths 11751292 (25769.5s) AMD Radeon RX 9070 XT (RADV GFX1201)
tick 3413000 alive   861195 genomes  229051 energy   210.4 births 11869913 deaths 11864656 (25775.8s) AMD Radeon RX 9070 XT (RADV GFX1201)
tick 3414000 alive   859099 genomes  228777 energy   210.1 births 11873945 deaths 11876041 (25782.2s) AMD Radeon RX 9070 XT (RADV GFX1201)
tick 3415000 alive   865638 genomes  227619 energy   209.9 births 12034830 deaths 12028291 (25788.5s) AMD Radeon RX 9070 XT (RADV GFX1201)
tick 3416000 alive   861635 genomes  228675 energy   209.8 births 11944815 deaths 11948818 (25794.8s) AMD Radeon RX 9070 XT (RADV GFX1201)
tick 3417000 alive   858665 genomes  227781 energy   210.6 births 11895779 deaths 11898749 (25801.2s) AMD Radeon RX 9070 XT (RADV GFX1201)
tick 3418000 alive   861290 genomes  228879 energy   210.0 births 11860684 deaths 11858059 (25807.6s) AMD Radeon RX 9070 XT (RADV GFX1201)
tick 3419000 alive   855680 genomes  228850 energy   210.2 births 11872784 deaths 11878394 (25813.9s) AMD Radeon RX 9070 XT (RADV GFX1201)
tick 3420000 alive   855042 genomes  230206 energy   209.8 births 11844779 deaths 11845417 (25820.3s) AMD Radeon RX 9070 XT (RADV GFX1201)
tick 3421000 alive   855964 genomes  230983 energy   210.4 births 11801813 deaths 11800891 (25826.6s) AMD Radeon RX 9070 XT (RADV GFX1201)
tick 3422000 alive   855980 genomes  233744 energy   211.1 births 11689844 deaths 11689828 (25833.0s) AMD Radeon RX 9070 XT (RADV GFX1201)
tick 3423000 alive   846354 genomes  235341 energy   210.9 births 11441212 deaths 11450838 (25839.4s) AMD Radeon RX 9070 XT (RADV GFX1201)
tick 3424000 alive   852646 genomes  233713 energy   210.2 births 11640333 deaths 11634041 (25845.7s) AMD Radeon RX 9070 XT (RADV GFX1201)
tick 3425000 alive   849044 genomes  233834 energy   210.2 births 11600010 deaths 11603612 (25852.1s) AMD Radeon RX 9070 XT (RADV GFX1201)
tick 3426000 alive   854240 genomes  236012 energy   210.2 births 11720897 deaths 11715701 (25858.4s) AMD Radeon RX 9070 XT (RADV GFX1201)
tick 3427000 alive   854496 genomes  233141 energy   210.1 births 11769834 deaths 11769578 (25864.8s) AMD Radeon RX 9070 XT (RADV GFX1201)
tick 3428000 alive   857926 genomes  232621 energy   210.1 births 11825858 deaths 11822428 (25871.2s) AMD Radeon RX 9070 XT (RADV GFX1201)
tick 3429000 alive   858223 genomes  231192 energy   210.4 births 11892060 deaths 11891763 (25877.6s) AMD Radeon RX 9070 XT (RADV GFX1201)
tick 3430000 alive   859299 genomes  230246 energy   210.7 births 11845502 deaths 11844426 (25883.9s) AMD Radeon RX 9070 XT (RADV GFX1201)
tick 3431000 alive   856097 genomes  230606 energy   210.1 births 11718441 deaths 11721643 (25890.3s) AMD Radeon RX 9070 XT (RADV GFX1201)
tick 3432000 alive   856827 genomes  232181 energy   210.4 births 11831166 deaths 11830436 (25896.6s) AMD Radeon RX 9070 XT (RADV GFX1201)
tick 3433000 alive   853094 genomes  230404 energy   210.4 births 11755158 deaths 11758891 (25903.0s) AMD Radeon RX 9070 XT (RADV GFX1201)
tick 3434000 alive   862776 genomes  232053 energy   210.1 births 11806783 deaths 11797101 (25909.4s) AMD Radeon RX 9070 XT (RADV GFX1201)
tick 3435000 alive   853096 genomes  232067 energy   210.7 births 11713399 deaths 11723079 (25915.6s) AMD Radeon RX 9070 XT (RADV GFX1201)
tick 3436000 alive   856221 genomes  233681 energy   211.0 births 11679754 deaths 11676629 (25922.0s) AMD Radeon RX 9070 XT (RADV GFX1201)
tick 3437000 alive   850563 genomes  235003 energy   210.8 births 11570749 deaths 11576407 (25928.4s) AMD Radeon RX 9070 XT (RADV GFX1201)
tick 3438000 alive   848899 genomes  234576 energy   210.4 births 11606760 deaths 11608424 (25934.8s) AMD Radeon RX 9070 XT (RADV GFX1201)
tick 3439000 alive   850282 genomes  235174 energy   210.6 births 11649981 deaths 11648598 (25941.1s) AMD Radeon RX 9070 XT (RADV GFX1201)
tick 3440000 alive   852647 genomes  235416 energy   210.7 births 11625282 deaths 11622917 (25947.4s) AMD Radeon RX 9070 XT (RADV GFX1201)
tick 3441000 alive   854856 genomes  233206 energy   210.6 births 11768118 deaths 11765909 (25953.7s) AMD Radeon RX 9070 XT (RADV GFX1201)
tick 3442000 alive   855679 genomes  230946 energy   210.3 births 11776574 deaths 11775751 (25960.1s) AMD Radeon RX 9070 XT (RADV GFX1201)
tick 3443000 alive   857822 genomes  230786 energy   210.6 births 11801314 deaths 11799171 (25966.5s) AMD Radeon RX 9070 XT (RADV GFX1201)
tick 3444000 alive   859849 genomes  231471 energy   209.9 births 11823071 deaths 11821044 (25972.8s) AMD Radeon RX 9070 XT (RADV GFX1201)
tick 3445000 alive   856829 genomes  230871 energy   210.4 births 11873489 deaths 11876509 (25979.2s) AMD Radeon RX 9070 XT (RADV GFX1201)
tick 3446000 alive   858915 genomes  229134 energy   210.0 births 11795167 deaths 11793081 (25985.5s) AMD Radeon RX 9070 XT (RADV GFX1201)
tick 3447000 alive   861117 genomes  229865 energy   210.3 births 11872352 deaths 11870150 (25991.9s) AMD Radeon RX 9070 XT (RADV GFX1201)
tick 3448000 alive   857000 genomes  227682 energy   210.0 births 11819228 deaths 11823345 (25998.3s) AMD Radeon RX 9070 XT (RADV GFX1201)
tick 3449000 alive   858440 genomes  227141 energy   210.5 births 11869424 deaths 11867984 (26004.6s) AMD Radeon RX 9070 XT (RADV GFX1201)
tick 3450000 alive   862593 genomes  227004 energy   210.1 births 11944242 deaths 11940089 (26010.9s) AMD Radeon RX 9070 XT (RADV GFX1201)
tick 3451000 alive   867814 genomes  227641 energy   210.5 births 11954557 deaths 11949336 (26017.2s) AMD Radeon RX 9070 XT (RADV GFX1201)
tick 3452000 alive   854906 genomes  229770 energy   210.5 births 11777030 deaths 11789938 (26023.6s) AMD Radeon RX 9070 XT (RADV GFX1201)
tick 3453000 alive   857539 genomes  227276 energy   210.2 births 11786619 deaths 11783986 (26029.9s) AMD Radeon RX 9070 XT (RADV GFX1201)
tick 3454000 alive   863864 genomes  227577 energy   209.8 births 12007717 deaths 12001392 (26036.2s) AMD Radeon RX 9070 XT (RADV GFX1201)
tick 3455000 alive   859873 genomes  227500 energy   210.5 births 11910742 deaths 11914733 (26042.6s) AMD Radeon RX 9070 XT (RADV GFX1201)
tick 3456000 alive   856157 genomes  230646 energy   210.6 births 11804312 deaths 11808028 (26048.9s) AMD Radeon RX 9070 XT (RADV GFX1201)
tick 3457000 alive   856495 genomes  232209 energy   210.3 births 11720786 deaths 11720448 (26055.2s) AMD Radeon RX 9070 XT (RADV GFX1201)
tick 3458000 alive   855567 genomes  230712 energy   210.1 births 11804334 deaths 11805262 (26061.6s) AMD Radeon RX 9070 XT (RADV GFX1201)
tick 3459000 alive   857252 genomes  230630 energy   210.8 births 11734185 deaths 11732500 (26067.8s) AMD Radeon RX 9070 XT (RADV GFX1201)
tick 3460000 alive   853368 genomes  230619 energy   210.8 births 11682819 deaths 11686703 (26074.2s) AMD Radeon RX 9070 XT (RADV GFX1201)
tick 3461000 alive   849332 genomes  233048 energy   210.7 births 11549380 deaths 11553416 (26080.6s) AMD Radeon RX 9070 XT (RADV GFX1201)
tick 3462000 alive   850152 genomes  235261 energy   211.1 births 11541216 deaths 11540396 (26086.9s) AMD Radeon RX 9070 XT (RADV GFX1201)
tick 3463000 alive   841576 genomes  234637 energy   211.0 births 11364812 deaths 11373388 (26093.2s) AMD Radeon RX 9070 XT (RADV GFX1201)
tick 3464000 alive   844413 genomes  234620 energy   211.0 births 11293493 deaths 11290656 (26099.7s) AMD Radeon RX 9070 XT (RADV GFX1201)
tick 3465000 alive   852364 genomes  235749 energy   210.2 births 11454656 deaths 11446705 (26106.1s) AMD Radeon RX 9070 XT (RADV GFX1201)
tick 3466000 alive   850391 genomes  234888 energy   210.7 births 11548556 deaths 11550529 (26112.5s) AMD Radeon RX 9070 XT (RADV GFX1201)
tick 3467000 alive   847939 genomes  235440 energy   210.9 births 11490741 deaths 11493193 (26118.9s) AMD Radeon RX 9070 XT (RADV GFX1201)
tick 3468000 alive   847012 genomes  236228 energy   210.6 births 11546098 deaths 11547025 (26125.1s) AMD Radeon RX 9070 XT (RADV GFX1201)
tick 3469000 alive   846875 genomes  236573 energy   210.5 births 11467213 deaths 11467350 (26131.5s) AMD Radeon RX 9070 XT (RADV GFX1201)
tick 3470000 alive   851102 genomes  235886 energy   210.7 births 11603286 deaths 11599059 (26137.9s) AMD Radeon RX 9070 XT (RADV GFX1201)
tick 3471000 alive   855628 genomes  234188 energy   210.4 births 11670331 deaths 11665805 (26144.3s) AMD Radeon RX 9070 XT (RADV GFX1201)
tick 3472000 alive   854768 genomes  231160 energy   210.3 births 11718751 deaths 11719611 (26150.7s) AMD Radeon RX 9070 XT (RADV GFX1201)
tick 3473000 alive   862136 genomes  228779 energy   210.0 births 11864240 deaths 11856872 (26157.0s) AMD Radeon RX 9070 XT (RADV GFX1201)
tick 3474000 alive   859810 genomes  228863 energy   210.4 births 11942790 deaths 11945116 (26163.4s) AMD Radeon RX 9070 XT (RADV GFX1201)
tick 3475000 alive   864339 genomes  229204 energy   209.6 births 11935260 deaths 11930731 (26169.8s) AMD Radeon RX 9070 XT (RADV GFX1201)
tick 3476000 alive   861911 genomes  230123 energy   209.7 births 11981204 deaths 11983632 (26176.2s) AMD Radeon RX 9070 XT (RADV GFX1201)
tick 3477000 alive   859746 genomes  228193 energy   209.7 births 12020009 deaths 12022174 (26182.5s) AMD Radeon RX 9070 XT (RADV GFX1201)
tick 3478000 alive   863412 genomes  228568 energy   209.7 births 12069966 deaths 12066300 (26188.8s) AMD Radeon RX 9070 XT (RADV GFX1201)
tick 3479000 alive   860993 genomes  229254 energy   210.1 births 12062397 deaths 12064816 (26195.2s) AMD Radeon RX 9070 XT (RADV GFX1201)
tick 3480000 alive   860339 genomes  229043 energy   210.1 births 11970359 deaths 11971013 (26201.6s) AMD Radeon RX 9070 XT (RADV GFX1201)
tick 3481000 alive   859572 genomes  232075 energy   209.6 births 11861483 deaths 11862250 (26208.0s) AMD Radeon RX 9070 XT (RADV GFX1201)
tick 3482000 alive   863981 genomes  231028 energy   210.1 births 11996744 deaths 11992335 (26214.3s) AMD Radeon RX 9070 XT (RADV GFX1201)
tick 3483000 alive   855934 genomes  232283 energy   210.9 births 11800034 deaths 11808081 (26220.7s) AMD Radeon RX 9070 XT (RADV GFX1201)
tick 3484000 alive   854541 genomes  232000 energy   210.5 births 11634209 deaths 11635602 (26227.0s) AMD Radeon RX 9070 XT (RADV GFX1201)
tick 3485000 alive   854336 genomes  231142 energy   210.6 births 11750085 deaths 11750290 (26233.4s) AMD Radeon RX 9070 XT (RADV GFX1201)
tick 3486000 alive   853903 genomes  232558 energy   210.8 births 11741257 deaths 11741690 (26239.8s) AMD Radeon RX 9070 XT (RADV GFX1201)
tick 3487000 alive   849418 genomes  232967 energy   210.2 births 11616930 deaths 11621415 (26246.0s) AMD Radeon RX 9070 XT (RADV GFX1201)
tick 3488000 alive   852912 genomes  232842 energy   210.1 births 11718619 deaths 11715125 (26252.4s) AMD Radeon RX 9070 XT (RADV GFX1201)
tick 3489000 alive   859255 genomes  232223 energy   210.1 births 11855356 deaths 11849013 (26258.8s) AMD Radeon RX 9070 XT (RADV GFX1201)
tick 3490000 alive   858667 genomes  233748 energy   210.9 births 11772112 deaths 11772700 (26265.1s) AMD Radeon RX 9070 XT (RADV GFX1201)
tick 3491000 alive   850474 genomes  235623 energy   211.2 births 11580342 deaths 11588535 (26271.5s) AMD Radeon RX 9070 XT (RADV GFX1201)
tick 3492000 alive   844483 genomes  235041 energy   210.5 births 11447786 deaths 11453777 (26277.8s) AMD Radeon RX 9070 XT (RADV GFX1201)
tick 3493000 alive   852502 genomes  234417 energy   210.2 births 11623561 deaths 11615542 (26284.1s) AMD Radeon RX 9070 XT (RADV GFX1201)
tick 3494000 alive   852828 genomes  234178 energy   211.1 births 11677889 deaths 11677563 (26290.5s) AMD Radeon RX 9070 XT (RADV GFX1201)
tick 3495000 alive   850108 genomes  235880 energy   211.1 births 11518500 deaths 11521220 (26296.9s) AMD Radeon RX 9070 XT (RADV GFX1201)
tick 3496000 alive   853075 genomes  236631 energy   210.6 births 11620596 deaths 11617629 (26303.3s) AMD Radeon RX 9070 XT (RADV GFX1201)
tick 3497000 alive   851658 genomes  237667 energy   211.0 births 11538486 deaths 11539903 (26309.6s) AMD Radeon RX 9070 XT (RADV GFX1201)
tick 3498000 alive   847717 genomes  237779 energy   210.8 births 11478426 deaths 11482367 (26315.9s) AMD Radeon RX 9070 XT (RADV GFX1201)
tick 3499000 alive   850510 genomes  235992 energy   210.0 births 11555464 deaths 11552671 (26322.3s) AMD Radeon RX 9070 XT (RADV GFX1201)
tick 3500000 alive   852837 genomes  234738 energy   211.0 births 11635043 deaths 11632716 (26328.7s) AMD Radeon RX 9070 XT (RADV GFX1201)
tick 3501000 alive   854325 genomes  236178 energy   210.0 births 11642497 deaths 11641009 (26335.0s) AMD Radeon RX 9070 XT (RADV GFX1201)
tick 3502000 alive   855642 genomes  236225 energy   210.4 births 11742042 deaths 11740725 (26341.4s) AMD Radeon RX 9070 XT (RADV GFX1201)
tick 3503000 alive   850177 genomes  236149 energy   210.6 births 11558991 deaths 11564456 (26347.8s) AMD Radeon RX 9070 XT (RADV GFX1201)
tick 3504000 alive   853624 genomes  236605 energy   210.0 births 11652116 deaths 11648669 (26354.2s) AMD Radeon RX 9070 XT (RADV GFX1201)
tick 3505000 alive   856422 genomes  235697 energy   210.2 births 11775549 deaths 11772751 (26360.6s) AMD Radeon RX 9070 XT (RADV GFX1201)
tick 3506000 alive   860465 genomes  232972 energy   209.9 births 11837287 deaths 11833244 (26366.8s) AMD Radeon RX 9070 XT (RADV GFX1201)
tick 3507000 alive   859060 genomes  231854 energy   210.3 births 11853837 deaths 11855242 (26373.2s) AMD Radeon RX 9070 XT (RADV GFX1201)
tick 3508000 alive   856527 genomes  231762 energy   210.1 births 11795551 deaths 11798084 (26379.6s) AMD Radeon RX 9070 XT (RADV GFX1201)
tick 3509000 alive   855187 genomes  232126 energy   210.0 births 11855434 deaths 11856774 (26386.0s) AMD Radeon RX 9070 XT (RADV GFX1201)
tick 3510000 alive   858781 genomes  231399 energy   209.8 births 11986914 deaths 11983320 (26392.4s) AMD Radeon RX 9070 XT (RADV GFX1201)
tick 3511000 alive   859386 genomes  230384 energy   210.1 births 11885998 deaths 11885393 (26398.7s) AMD Radeon RX 9070 XT (RADV GFX1201)
tick 3512000 alive   857766 genomes  230987 energy   210.0 births 11814533 deaths 11816153 (26405.0s) AMD Radeon RX 9070 XT (RADV GFX1201)
tick 3513000 alive   854915 genomes  229066 energy   210.2 births 11813446 deaths 11816297 (26411.4s) AMD Radeon RX 9070 XT (RADV GFX1201)
tick 3514000 alive   857242 genomes  228718 energy   210.3 births 11827156 deaths 11824829 (26417.8s) AMD Radeon RX 9070 XT (RADV GFX1201)
tick 3515000 alive   859006 genomes  228551 energy   210.0 births 11891653 deaths 11889889 (26424.2s) AMD Radeon RX 9070 XT (RADV GFX1201)
tick 3516000 alive   861389 genomes  228330 energy   210.7 births 11878898 deaths 11876515 (26430.5s) AMD Radeon RX 9070 XT (RADV GFX1201)
tick 3517000 alive   857592 genomes  228844 energy   210.3 births 11784929 deaths 11788726 (26436.9s) AMD Radeon RX 9070 XT (RADV GFX1201)
tick 3518000 alive   857792 genomes  229495 energy   210.9 births 11763060 deaths 11762860 (26443.3s) AMD Radeon RX 9070 XT (RADV GFX1201)
tick 3519000 alive   855830 genomes  231061 energy   210.9 births 11645584 deaths 11647546 (26449.7s) AMD Radeon RX 9070 XT (RADV GFX1201)
tick 3520000 alive   852863 genomes  230256 energy   210.6 births 11676234 deaths 11679201 (26456.0s) AMD Radeon RX 9070 XT (RADV GFX1201)
tick 3521000 alive   857066 genomes  231919 energy   210.8 births 11680990 deaths 11676787 (26462.4s) AMD Radeon RX 9070 XT (RADV GFX1201)
tick 3522000 alive   854469 genomes  232325 energy   210.8 births 11623793 deaths 11626390 (26468.7s) AMD Radeon RX 9070 XT (RADV GFX1201)
tick 3523000 alive   849964 genomes  231922 energy   210.5 births 11580440 deaths 11584945 (26475.1s) AMD Radeon RX 9070 XT (RADV GFX1201)
tick 3524000 alive   853178 genomes  233186 energy   210.8 births 11581615 deaths 11578401 (26481.5s) AMD Radeon RX 9070 XT (RADV GFX1201)
tick 3525000 alive   854960 genomes  233498 energy   211.3 births 11567381 deaths 11565599 (26487.7s) AMD Radeon RX 9070 XT (RADV GFX1201)
tick 3526000 alive   844533 genomes  235610 energy   211.6 births 11443097 deaths 11453524 (26494.1s) AMD Radeon RX 9070 XT (RADV GFX1201)
tick 3527000 alive   842147 genomes  236288 energy   211.0 births 11288842 deaths 11291228 (26500.4s) AMD Radeon RX 9070 XT (RADV GFX1201)
tick 3528000 alive   841583 genomes  235980 energy   211.2 births 11329460 deaths 11330024 (26506.8s) AMD Radeon RX 9070 XT (RADV GFX1201)
tick 3529000 alive   842289 genomes  238004 energy   211.2 births 11301031 deaths 11300325 (26513.2s) AMD Radeon RX 9070 XT (RADV GFX1201)
tick 3530000 alive   846171 genomes  237759 energy   210.1 births 11460304 deaths 11456422 (26519.5s) AMD Radeon RX 9070 XT (RADV GFX1201)
tick 3531000 alive   846057 genomes  236532 energy   210.9 births 11485847 deaths 11485961 (26525.9s) AMD Radeon RX 9070 XT (RADV GFX1201)
tick 3532000 alive   845859 genomes  236338 energy   209.9 births 11542811 deaths 11543009 (26532.3s) AMD Radeon RX 9070 XT (RADV GFX1201)
tick 3533000 alive   849285 genomes  235349 energy   211.0 births 11615377 deaths 11611951 (26538.7s) AMD Radeon RX 9070 XT (RADV GFX1201)
tick 3534000 alive   852173 genomes  236877 energy   210.2 births 11607397 deaths 11604509 (26545.1s) AMD Radeon RX 9070 XT (RADV GFX1201)
tick 3535000 alive   843869 genomes  236000 energy   210.7 births 11624626 deaths 11632930 (26551.3s) AMD Radeon RX 9070 XT (RADV GFX1201)
tick 3536000 alive   852667 genomes  236808 energy   210.3 births 11648639 deaths 11639841 (26557.7s) AMD Radeon RX 9070 XT (RADV GFX1201)
tick 3537000 alive   855321 genomes  235091 energy   210.4 births 11677914 deaths 11675260 (26564.1s) AMD Radeon RX 9070 XT (RADV GFX1201)
tick 3538000 alive   854438 genomes  236100 energy   210.6 births 11733111 deaths 11733994 (26570.5s) AMD Radeon RX 9070 XT (RADV GFX1201)
tick 3539000 alive   848991 genomes  235609 energy   210.9 births 11569656 deaths 11575103 (26576.8s) AMD Radeon RX 9070 XT (RADV GFX1201)
tick 3540000 alive   850598 genomes  236011 energy   210.9 births 11563169 deaths 11561562 (26583.2s) AMD Radeon RX 9070 XT (RADV GFX1201)
tick 3541000 alive   849130 genomes  233763 energy   210.7 births 11578905 deaths 11580373 (26589.6s) AMD Radeon RX 9070 XT (RADV GFX1201)
tick 3542000 alive   854712 genomes  233027 energy   210.1 births 11647491 deaths 11641909 (26596.0s) AMD Radeon RX 9070 XT (RADV GFX1201)
tick 3543000 alive   855042 genomes  232440 energy   210.9 births 11741773 deaths 11741443 (26602.3s) AMD Radeon RX 9070 XT (RADV GFX1201)
tick 3544000 alive   855803 genomes  232874 energy   210.6 births 11679087 deaths 11678326 (26608.6s) AMD Radeon RX 9070 XT (RADV GFX1201)
tick 3545000 alive   855789 genomes  232766 energy   210.9 births 11699462 deaths 11699476 (26615.0s) AMD Radeon RX 9070 XT (RADV GFX1201)
tick 3546000 alive   857447 genomes  234007 energy   210.4 births 11750965 deaths 11749307 (26621.4s) AMD Radeon RX 9070 XT (RADV GFX1201)
tick 3547000 alive   853067 genomes  233689 energy   210.5 births 11722812 deaths 11727192 (26627.8s) AMD Radeon RX 9070 XT (RADV GFX1201)
tick 3548000 alive   853757 genomes  234355 energy   210.2 births 11761198 deaths 11760508 (26634.1s) AMD Radeon RX 9070 XT (RADV GFX1201)
tick 3549000 alive   858301 genomes  233303 energy   210.6 births 11732798 deaths 11728254 (26640.4s) AMD Radeon RX 9070 XT (RADV GFX1201)
tick 3550000 alive   854578 genomes  232676 energy   211.0 births 11634677 deaths 11638400 (26646.8s) AMD Radeon RX 9070 XT (RADV GFX1201)
tick 3551000 alive   847018 genomes  233430 energy   210.7 births 11452161 deaths 11459721 (26653.2s) AMD Radeon RX 9070 XT (RADV GFX1201)
tick 3552000 alive   848840 genomes  233079 energy   211.0 births 11450366 deaths 11448544 (26659.6s) AMD Radeon RX 9070 XT (RADV GFX1201)
tick 3553000 alive   853102 genomes  231823 energy   210.9 births 11531804 deaths 11527542 (26665.9s) AMD Radeon RX 9070 XT (RADV GFX1201)
tick 3554000 alive   851069 genomes  230843 energy   210.6 births 11617138 deaths 11619171 (26672.2s) AMD Radeon RX 9070 XT (RADV GFX1201)
tick 3555000 alive   854869 genomes  230612 energy   210.1 births 11697844 deaths 11694044 (26678.6s) AMD Radeon RX 9070 XT (RADV GFX1201)
tick 3556000 alive   857830 genomes  230894 energy   210.7 births 11832847 deaths 11829886 (26685.0s) AMD Radeon RX 9070 XT (RADV GFX1201)
tick 3557000 alive   850161 genomes  232312 energy   211.2 births 11548515 deaths 11556184 (26691.4s) AMD Radeon RX 9070 XT (RADV GFX1201)
tick 3558000 alive   849830 genomes  232060 energy   210.5 births 11482128 deaths 11482459 (26697.7s) AMD Radeon RX 9070 XT (RADV GFX1201)
tick 3559000 alive   855805 genomes  234531 energy   210.7 births 11679654 deaths 11673679 (26704.0s) AMD Radeon RX 9070 XT (RADV GFX1201)
tick 3560000 alive   849980 genomes  234346 energy   210.8 births 11548020 deaths 11553845 (26710.4s) AMD Radeon RX 9070 XT (RADV GFX1201)
tick 3561000 alive   851501 genomes  235828 energy   211.0 births 11601562 deaths 11600041 (26716.7s) AMD Radeon RX 9070 XT (RADV GFX1201)
tick 3562000 alive   848208 genomes  234998 energy   210.6 births 11524418 deaths 11527711 (26723.1s) AMD Radeon RX 9070 XT (RADV GFX1201)
tick 3563000 alive   855450 genomes  234838 energy   210.9 births 11641852 deaths 11634610 (26729.4s) AMD Radeon RX 9070 XT (RADV GFX1201)
tick 3564000 alive   849093 genomes  235185 energy   211.8 births 11534655 deaths 11541012 (26735.7s) AMD Radeon RX 9070 XT (RADV GFX1201)
tick 3565000 alive   849938 genomes  235274 energy   211.0 births 11480676 deaths 11479831 (26742.1s) AMD Radeon RX 9070 XT (RADV GFX1201)
tick 3566000 alive   850648 genomes  234874 energy   210.4 births 11513097 deaths 11512387 (26748.4s) AMD Radeon RX 9070 XT (RADV GFX1201)
tick 3567000 alive   854078 genomes  234838 energy   210.8 births 11617954 deaths 11614524 (26754.8s) AMD Radeon RX 9070 XT (RADV GFX1201)
tick 3568000 alive   857130 genomes  235683 energy   210.7 births 11678182 deaths 11675130 (26761.1s) AMD Radeon RX 9070 XT (RADV GFX1201)
tick 3569000 alive   851759 genomes  234261 energy   210.6 births 11609016 deaths 11614387 (26767.5s) AMD Radeon RX 9070 XT (RADV GFX1201)
tick 3570000 alive   849480 genomes  235024 energy   210.8 births 11549254 deaths 11551533 (26773.8s) AMD Radeon RX 9070 XT (RADV GFX1201)
tick 3571000 alive   851468 genomes  237281 energy   211.4 births 11523343 deaths 11521355 (26780.2s) AMD Radeon RX 9070 XT (RADV GFX1201)
tick 3572000 alive   846239 genomes  238487 energy   211.1 births 11508960 deaths 11514189 (26786.6s) AMD Radeon RX 9070 XT (RADV GFX1201)
tick 3573000 alive   848059 genomes  237820 energy   210.8 births 11449463 deaths 11447643 (26792.9s) AMD Radeon RX 9070 XT (RADV GFX1201)
tick 3574000 alive   849911 genomes  237923 energy   210.9 births 11551905 deaths 11550053 (26799.2s) AMD Radeon RX 9070 XT (RADV GFX1201)
tick 3575000 alive   850245 genomes  238793 energy   210.8 births 11596548 deaths 11596214 (26805.6s) AMD Radeon RX 9070 XT (RADV GFX1201)
tick 3576000 alive   849297 genomes  237140 energy   210.7 births 11546800 deaths 11547748 (26812.0s) AMD Radeon RX 9070 XT (RADV GFX1201)
tick 3577000 alive   847745 genomes  236385 energy   210.8 births 11610149 deaths 11611701 (26818.4s) AMD Radeon RX 9070 XT (RADV GFX1201)
tick 3578000 alive   850260 genomes  237015 energy   210.2 births 11591368 deaths 11588853 (26824.7s) AMD Radeon RX 9070 XT (RADV GFX1201)
tick 3579000 alive   854693 genomes  235953 energy   210.5 births 11660280 deaths 11655847 (26831.1s) AMD Radeon RX 9070 XT (RADV GFX1201)
tick 3580000 alive   856890 genomes  235427 energy   210.8 births 11639512 deaths 11637315 (26837.5s) AMD Radeon RX 9070 XT (RADV GFX1201)
tick 3581000 alive   849045 genomes  235894 energy   210.7 births 11598746 deaths 11606591 (26843.9s) AMD Radeon RX 9070 XT (RADV GFX1201)
tick 3582000 alive   854334 genomes  235269 energy   210.1 births 11621312 deaths 11616023 (26850.2s) AMD Radeon RX 9070 XT (RADV GFX1201)
tick 3583000 alive   856852 genomes  235487 energy   210.6 births 11739739 deaths 11737221 (26856.6s) AMD Radeon RX 9070 XT (RADV GFX1201)
tick 3584000 alive   853685 genomes  235814 energy   210.7 births 11646938 deaths 11650105 (26862.9s) AMD Radeon RX 9070 XT (RADV GFX1201)
tick 3585000 alive   852562 genomes  235884 energy   210.8 births 11633012 deaths 11634135 (26869.3s) AMD Radeon RX 9070 XT (RADV GFX1201)
tick 3586000 alive   850186 genomes  235211 energy   210.9 births 11547999 deaths 11550375 (26875.7s) AMD Radeon RX 9070 XT (RADV GFX1201)
tick 3587000 alive   851273 genomes  233460 energy   210.4 births 11599028 deaths 11597941 (26881.9s) AMD Radeon RX 9070 XT (RADV GFX1201)
tick 3588000 alive   853943 genomes  234695 energy   210.9 births 11640634 deaths 11637964 (26888.3s) AMD Radeon RX 9070 XT (RADV GFX1201)
tick 3589000 alive   848976 genomes  235525 energy   211.2 births 11517366 deaths 11522333 (26894.7s) AMD Radeon RX 9070 XT (RADV GFX1201)
tick 3590000 alive   847778 genomes  235009 energy   210.7 births 11553520 deaths 11554718 (26901.1s) AMD Radeon RX 9070 XT (RADV GFX1201)
tick 3591000 alive   851538 genomes  235365 energy   210.8 births 11565440 deaths 11561680 (26907.5s) AMD Radeon RX 9070 XT (RADV GFX1201)
tick 3592000 alive   846848 genomes  234303 energy   210.9 births 11523239 deaths 11527929 (26913.8s) AMD Radeon RX 9070 XT (RADV GFX1201)
tick 3593000 alive   848283 genomes  231666 energy   210.7 births 11537087 deaths 11535652 (26920.2s) AMD Radeon RX 9070 XT (RADV GFX1201)
tick 3594000 alive   858756 genomes  233390 energy   210.7 births 11693840 deaths 11683367 (26926.5s) AMD Radeon RX 9070 XT (RADV GFX1201)
tick 3595000 alive   853441 genomes  233441 energy   210.9 births 11717535 deaths 11722850 (26932.9s) AMD Radeon RX 9070 XT (RADV GFX1201)
tick 3596000 alive   850668 genomes  233255 energy   210.6 births 11567365 deaths 11570138 (26939.3s) AMD Radeon RX 9070 XT (RADV GFX1201)
tick 3597000 alive   851982 genomes  233161 energy   210.6 births 11648194 deaths 11646880 (26945.6s) AMD Radeon RX 9070 XT (RADV GFX1201)
tick 3598000 alive   853054 genomes  232912 energy   210.9 births 11673241 deaths 11672169 (26952.0s) AMD Radeon RX 9070 XT (RADV GFX1201)
tick 3599000 alive   852648 genomes  232682 energy   210.6 births 11591393 deaths 11591799 (26958.3s) AMD Radeon RX 9070 XT (RADV GFX1201)
tick 3600000 alive   856004 genomes  233329 energy   210.6 births 11671762 deaths 11668406 (26964.7s) AMD Radeon RX 9070 XT (RADV GFX1201)
tick 3601000 alive   857853 genomes  234520 energy   210.1 births 11731803 deaths 11729954 (26971.0s) AMD Radeon RX 9070 XT (RADV GFX1201)
tick 3602000 alive   858865 genomes  235068 energy   210.7 births 11726880 deaths 11725868 (26977.4s) AMD Radeon RX 9070 XT (RADV GFX1201)
tick 3603000 alive   848820 genomes  234848 energy   211.1 births 11467574 deaths 11477619 (26983.8s) AMD Radeon RX 9070 XT (RADV GFX1201)
tick 3604000 alive   850840 genomes  236039 energy   210.8 births 11440319 deaths 11438299 (26990.1s) AMD Radeon RX 9070 XT (RADV GFX1201)
tick 3605000 alive   849429 genomes  235662 energy   211.1 births 11504271 deaths 11505682 (26996.5s) AMD Radeon RX 9070 XT (RADV GFX1201)
tick 3606000 alive   846841 genomes  233686 energy   210.9 births 11465672 deaths 11468260 (27002.8s) AMD Radeon RX 9070 XT (RADV GFX1201)
tick 3607000 alive   853375 genomes  233926 energy   210.5 births 11537390 deaths 11530856 (27009.2s) AMD Radeon RX 9070 XT (RADV GFX1201)
tick 3608000 alive   855056 genomes  233824 energy   210.9 births 11588896 deaths 11587215 (27015.6s) AMD Radeon RX 9070 XT (RADV GFX1201)
tick 3609000 alive   849820 genomes  235653 energy   211.2 births 11503501 deaths 11508737 (27021.9s) AMD Radeon RX 9070 XT (RADV GFX1201)
tick 3610000 alive   847547 genomes  235122 energy   210.6 births 11468079 deaths 11470352 (27028.3s) AMD Radeon RX 9070 XT (RADV GFX1201)
tick 3611000 alive   852680 genomes  235420 energy   211.1 births 11568819 deaths 11563686 (27034.6s) AMD Radeon RX 9070 XT (RADV GFX1201)
tick 3612000 alive   848053 genomes  234835 energy   210.5 births 11482933 deaths 11487560 (27041.0s) AMD Radeon RX 9070 XT (RADV GFX1201)
tick 3613000 alive   856496 genomes  233550 energy   210.8 births 11600599 deaths 11592156 (27047.3s) AMD Radeon RX 9070 XT (RADV GFX1201)
tick 3614000 alive   853608 genomes  232342 energy   210.0 births 11674127 deaths 11677015 (27053.7s) AMD Radeon RX 9070 XT (RADV GFX1201)
tick 3615000 alive   858297 genomes  231800 energy   209.9 births 11792589 deaths 11787900 (27060.1s) AMD Radeon RX 9070 XT (RADV GFX1201)
tick 3616000 alive   855686 genomes  231644 energy   210.9 births 11782592 deaths 11785203 (27066.4s) AMD Radeon RX 9070 XT (RADV GFX1201)
tick 3617000 alive   851318 genomes  234153 energy   210.8 births 11596927 deaths 11601295 (27072.8s) AMD Radeon RX 9070 XT (RADV GFX1201)
tick 3618000 alive   851342 genomes  233925 energy   210.8 births 11609915 deaths 11609891 (27079.2s) AMD Radeon RX 9070 XT (RADV GFX1201)
tick 3619000 alive   853127 genomes  236009 energy   210.7 births 11691953 deaths 11690168 (27085.5s) AMD Radeon RX 9070 XT (RADV GFX1201)
tick 3620000 alive   848313 genomes  235226 energy   210.7 births 11514526 deaths 11519340 (27091.8s) AMD Radeon RX 9070 XT (RADV GFX1201)
tick 3621000 alive   850870 genomes  233146 energy   209.8 births 11618681 deaths 11616124 (27098.1s) AMD Radeon RX 9070 XT (RADV GFX1201)
tick 3622000 alive   858551 genomes  232676 energy   210.4 births 11869621 deaths 11861940 (27104.5s) AMD Radeon RX 9070 XT (RADV GFX1201)
tick 3623000 alive   849544 genomes  232281 energy   210.5 births 11692055 deaths 11701062 (27110.9s) AMD Radeon RX 9070 XT (RADV GFX1201)
tick 3624000 alive   854811 genomes  232124 energy   210.2 births 11649734 deaths 11644467 (27117.3s) AMD Radeon RX 9070 XT (RADV GFX1201)
tick 3625000 alive   856060 genomes  230694 energy   210.3 births 11800362 deaths 11799113 (27123.6s) AMD Radeon RX 9070 XT (RADV GFX1201)
tick 3626000 alive   858944 genomes  230020 energy   210.8 births 11823682 deaths 11820798 (27130.0s) AMD Radeon RX 9070 XT (RADV GFX1201)
tick 3627000 alive   859298 genomes  230748 energy   210.0 births 11798560 deaths 11798206 (27136.3s) AMD Radeon RX 9070 XT (RADV GFX1201)
tick 3628000 alive   858034 genomes  229664 energy   210.2 births 11865555 deaths 11866819 (27142.7s) AMD Radeon RX 9070 XT (RADV GFX1201)
tick 3629000 alive   862483 genomes  228929 energy   210.1 births 11937454 deaths 11933005 (27149.1s) AMD Radeon RX 9070 XT (RADV GFX1201)
tick 3630000 alive   867214 genomes  228798 energy   210.4 births 12011830 deaths 12007099 (27155.4s) AMD Radeon RX 9070 XT (RADV GFX1201)
tick 3631000 alive   856949 genomes  229299 energy   210.8 births 11822558 deaths 11832823 (27161.8s) AMD Radeon RX 9070 XT (RADV GFX1201)
tick 3632000 alive   858858 genomes  231816 energy   210.4 births 11748872 deaths 11746963 (27168.1s) AMD Radeon RX 9070 XT (RADV GFX1201)
tick 3633000 alive   855511 genomes  231006 energy   210.3 births 11785842 deaths 11789189 (27174.5s) AMD Radeon RX 9070 XT (RADV GFX1201)
tick 3634000 alive   858566 genomes  230287 energy   210.6 births 11778560 deaths 11775505 (27180.9s) AMD Radeon RX 9070 XT (RADV GFX1201)
tick 3635000 alive   859430 genomes  231177 energy   210.3 births 11758565 deaths 11757701 (27187.2s) AMD Radeon RX 9070 XT (RADV GFX1201)
tick 3636000 alive   856557 genomes  229086 energy   210.8 births 11752128 deaths 11755001 (27193.5s) AMD Radeon RX 9070 XT (RADV GFX1201)
tick 3637000 alive   857966 genomes  229250 energy   210.6 births 11725350 deaths 11723941 (27199.9s) AMD Radeon RX 9070 XT (RADV GFX1201)
tick 3638000 alive   854372 genomes  228963 energy   210.6 births 11765881 deaths 11769475 (27206.3s) AMD Radeon RX 9070 XT (RADV GFX1201)
tick 3639000 alive   862640 genomes  228276 energy   210.1 births 11912434 deaths 11904166 (27212.5s) AMD Radeon RX 9070 XT (RADV GFX1201)
tick 3640000 alive   861356 genomes  228758 energy   210.6 births 11905451 deaths 11906735 (27218.9s) AMD Radeon RX 9070 XT (RADV GFX1201)
tick 3641000 alive   852350 genomes  231196 energy   210.1 births 11744064 deaths 11753070 (27225.3s) AMD Radeon RX 9070 XT (RADV GFX1201)
tick 3642000 alive   860166 genomes  233430 energy   210.1 births 11856187 deaths 11848371 (27231.7s) AMD Radeon RX 9070 XT (RADV GFX1201)
tick 3643000 alive   852325 genomes  231225 energy   210.6 births 11772708 deaths 11780549 (27238.1s) AMD Radeon RX 9070 XT (RADV GFX1201)
tick 3644000 alive   855908 genomes  230954 energy   210.9 births 11651654 deaths 11648071 (27244.3s) AMD Radeon RX 9070 XT (RADV GFX1201)
tick 3645000 alive   855736 genomes  233314 energy   210.7 births 11648567 deaths 11648739 (27250.7s) AMD Radeon RX 9070 XT (RADV GFX1201)
tick 3646000 alive   857794 genomes  235454 energy   210.4 births 11721830 deaths 11719772 (27257.1s) AMD Radeon RX 9070 XT (RADV GFX1201)
tick 3647000 alive   852593 genomes  235211 energy   210.9 births 11613557 deaths 11618758 (27263.5s) AMD Radeon RX 9070 XT (RADV GFX1201)
tick 3648000 alive   849647 genomes  234326 energy   210.3 births 11587749 deaths 11590695 (27269.8s) AMD Radeon RX 9070 XT (RADV GFX1201)
tick 3649000 alive   857023 genomes  233301 energy   210.1 births 11707718 deaths 11700342 (27276.1s) AMD Radeon RX 9070 XT (RADV GFX1201)
tick 3650000 alive   853359 genomes  234340 energy   210.5 births 11720208 deaths 11723872 (27282.5s) AMD Radeon RX 9070 XT (RADV GFX1201)
tick 3651000 alive   846609 genomes  233385 energy   210.3 births 11515632 deaths 11522382 (27288.9s) AMD Radeon RX 9070 XT (RADV GFX1201)
tick 3652000 alive   850365 genomes  231962 energy   210.5 births 11557317 deaths 11553561 (27295.2s) AMD Radeon RX 9070 XT (RADV GFX1201)
tick 3653000 alive   850532 genomes  232290 energy   210.5 births 11599571 deaths 11599404 (27301.7s) AMD Radeon RX 9070 XT (RADV GFX1201)
tick 3654000 alive   850965 genomes  233988 energy   210.4 births 11613661 deaths 11613228 (27307.9s) AMD Radeon RX 9070 XT (RADV GFX1201)
tick 3655000 alive   850212 genomes  232928 energy   210.8 births 11636065 deaths 11636818 (27314.3s) AMD Radeon RX 9070 XT (RADV GFX1201)
tick 3656000 alive   848524 genomes  234223 energy   210.5 births 11609732 deaths 11611420 (27320.6s) AMD Radeon RX 9070 XT (RADV GFX1201)
tick 3657000 alive   847483 genomes  234374 energy   211.1 births 11530117 deaths 11531158 (27326.9s) AMD Radeon RX 9070 XT (RADV GFX1201)
tick 3658000 alive   841902 genomes  235998 energy   210.7 births 11458981 deaths 11464562 (27333.2s) AMD Radeon RX 9070 XT (RADV GFX1201)
tick 3659000 alive   844327 genomes  234699 energy   209.8 births 11464653 deaths 11462228 (27339.6s) AMD Radeon RX 9070 XT (RADV GFX1201)
tick 3660000 alive   854274 genomes  234765 energy   210.5 births 11729684 deaths 11719737 (27346.0s) AMD Radeon RX 9070 XT (RADV GFX1201)
tick 3661000 alive   849139 genomes  233472 energy   210.6 births 11589999 deaths 11595134 (27352.4s) AMD Radeon RX 9070 XT (RADV GFX1201)
tick 3662000 alive   854371 genomes  233626 energy   210.1 births 11652114 deaths 11646882 (27358.7s) AMD Radeon RX 9070 XT (RADV GFX1201)
tick 3663000 alive   849546 genomes  233550 energy   210.7 births 11690939 deaths 11695764 (27365.0s) AMD Radeon RX 9070 XT (RADV GFX1201)
tick 3664000 alive   850899 genomes  234196 energy   210.5 births 11645101 deaths 11643748 (27371.4s) AMD Radeon RX 9070 XT (RADV GFX1201)
tick 3665000 alive   851864 genomes  232597 energy   210.1 births 11649035 deaths 11648070 (27377.8s) AMD Radeon RX 9070 XT (RADV GFX1201)
tick 3666000 alive   852095 genomes  233196 energy   210.9 births 11651093 deaths 11650862 (27384.2s) AMD Radeon RX 9070 XT (RADV GFX1201)
tick 3667000 alive   852838 genomes  232684 energy   211.0 births 11553417 deaths 11552674 (27390.5s) AMD Radeon RX 9070 XT (RADV GFX1201)
tick 3668000 alive   853829 genomes  233372 energy   210.9 births 11625412 deaths 11624421 (27396.8s) AMD Radeon RX 9070 XT (RADV GFX1201)
tick 3669000 alive   851425 genomes  232969 energy   210.7 births 11633750 deaths 11636154 (27403.1s) AMD Radeon RX 9070 XT (RADV GFX1201)
tick 3670000 alive   852112 genomes  232502 energy   210.6 births 11660843 deaths 11660156 (27409.5s) AMD Radeon RX 9070 XT (RADV GFX1201)
tick 3671000 alive   850646 genomes  232077 energy   210.4 births 11630483 deaths 11631949 (27415.9s) AMD Radeon RX 9070 XT (RADV GFX1201)
tick 3672000 alive   852033 genomes  232139 energy   210.6 births 11620376 deaths 11618989 (27422.2s) AMD Radeon RX 9070 XT (RADV GFX1201)
tick 3673000 alive   857898 genomes  232559 energy   210.3 births 11743079 deaths 11737214 (27428.5s) AMD Radeon RX 9070 XT (RADV GFX1201)
tick 3674000 alive   857403 genomes  232827 energy   210.7 births 11790652 deaths 11791147 (27434.9s) AMD Radeon RX 9070 XT (RADV GFX1201)
tick 3675000 alive   855405 genomes  231956 energy   210.5 births 11736912 deaths 11738910 (27441.3s) AMD Radeon RX 9070 XT (RADV GFX1201)
tick 3676000 alive   856670 genomes  232029 energy   210.4 births 11741392 deaths 11740127 (27447.7s) AMD Radeon RX 9070 XT (RADV GFX1201)
tick 3677000 alive   855343 genomes  231108 energy   210.7 births 11679407 deaths 11680734 (27454.0s) AMD Radeon RX 9070 XT (RADV GFX1201)
tick 3678000 alive   851129 genomes  229286 energy   210.5 births 11641786 deaths 11646000 (27460.3s) AMD Radeon RX 9070 XT (RADV GFX1201)
tick 3679000 alive   860508 genomes  228663 energy   210.0 births 11809965 deaths 11800586 (27466.7s) AMD Radeon RX 9070 XT (RADV GFX1201)
tick 3680000 alive   863505 genomes  227653 energy   210.5 births 11937216 deaths 11934219 (27473.1s) AMD Radeon RX 9070 XT (RADV GFX1201)
tick 3681000 alive   858574 genomes  226980 energy   210.3 births 11878064 deaths 11882995 (27479.4s) AMD Radeon RX 9070 XT (RADV GFX1201)
tick 3682000 alive   861111 genomes  229203 energy   210.6 births 11875271 deaths 11872734 (27485.7s) AMD Radeon RX 9070 XT (RADV GFX1201)
tick 3683000 alive   857839 genomes  230163 energy   210.4 births 11787640 deaths 11790912 (27492.1s) AMD Radeon RX 9070 XT (RADV GFX1201)
tick 3684000 alive   853099 genomes  231656 energy   210.6 births 11739499 deaths 11744239 (27498.5s) AMD Radeon RX 9070 XT (RADV GFX1201)
tick 3685000 alive   850920 genomes  232112 energy   210.6 births 11651370 deaths 11653549 (27504.8s) AMD Radeon RX 9070 XT (RADV GFX1201)
tick 3686000 alive   852167 genomes  233946 energy   210.3 births 11678072 deaths 11676825 (27511.2s) AMD Radeon RX 9070 XT (RADV GFX1201)
tick 3687000 alive   851353 genomes  231712 energy   210.3 births 11627545 deaths 11628359 (27517.5s) AMD Radeon RX 9070 XT (RADV GFX1201)
tick 3688000 alive   854905 genomes  232190 energy   210.3 births 11731703 deaths 11728151 (27523.9s) AMD Radeon RX 9070 XT (RADV GFX1201)
tick 3689000 alive   853936 genomes  230980 energy   210.5 births 11688784 deaths 11689753 (27530.3s) AMD Radeon RX 9070 XT (RADV GFX1201)
tick 3690000 alive   855592 genomes  231353 energy   210.7 births 11689812 deaths 11688156 (27536.7s) AMD Radeon RX 9070 XT (RADV GFX1201)
tick 3691000 alive   853999 genomes  230042 energy   210.9 births 11652081 deaths 11653674 (27543.1s) AMD Radeon RX 9070 XT (RADV GFX1201)
tick 3692000 alive   852935 genomes  229421 energy   210.6 births 11675928 deaths 11676992 (27549.4s) AMD Radeon RX 9070 XT (RADV GFX1201)
tick 3693000 alive   854712 genomes  230722 energy   209.9 births 11744797 deaths 11743020 (27555.8s) AMD Radeon RX 9070 XT (RADV GFX1201)
tick 3694000 alive   857470 genomes  229361 energy   210.3 births 11848776 deaths 11846018 (27562.2s) AMD Radeon RX 9070 XT (RADV GFX1201)
tick 3695000 alive   857161 genomes  230116 energy   210.5 births 11837841 deaths 11838150 (27568.5s) AMD Radeon RX 9070 XT (RADV GFX1201)
tick 3696000 alive   848013 genomes  230454 energy   210.9 births 11585855 deaths 11595003 (27574.9s) AMD Radeon RX 9070 XT (RADV GFX1201)
tick 3697000 alive   851621 genomes  231686 energy   210.3 births 11603901 deaths 11600293 (27581.2s) AMD Radeon RX 9070 XT (RADV GFX1201)
tick 3698000 alive   849675 genomes  231304 energy   210.8 births 11648255 deaths 11650201 (27587.5s) AMD Radeon RX 9070 XT (RADV GFX1201)
tick 3699000 alive   853413 genomes  231348 energy   210.8 births 11670358 deaths 11666620 (27593.9s) AMD Radeon RX 9070 XT (RADV GFX1201)
tick 3700000 alive   853463 genomes  230896 energy   211.1 births 11594421 deaths 11594371 (27600.3s) AMD Radeon RX 9070 XT (RADV GFX1201)
tick 3701000 alive   846701 genomes  233426 energy   211.0 births 11666546 deaths 11673308 (27606.6s) AMD Radeon RX 9070 XT (RADV GFX1201)
tick 3702000 alive   849880 genomes  233262 energy   210.6 births 11568421 deaths 11565242 (27612.9s) AMD Radeon RX 9070 XT (RADV GFX1201)
tick 3703000 alive   855399 genomes  233109 energy   210.7 births 11646663 deaths 11641144 (27619.3s) AMD Radeon RX 9070 XT (RADV GFX1201)
tick 3704000 alive   850439 genomes  233941 energy   210.7 births 11616109 deaths 11621069 (27625.7s) AMD Radeon RX 9070 XT (RADV GFX1201)
tick 3705000 alive   852093 genomes  232362 energy   210.5 births 11533397 deaths 11531743 (27632.1s) AMD Radeon RX 9070 XT (RADV GFX1201)
tick 3706000 alive   858506 genomes  231650 energy   210.8 births 11774292 deaths 11767879 (27638.4s) AMD Radeon RX 9070 XT (RADV GFX1201)
tick 3707000 alive   848615 genomes  231869 energy   211.0 births 11590273 deaths 11600164 (27644.8s) AMD Radeon RX 9070 XT (RADV GFX1201)
tick 3708000 alive   850907 genomes  231788 energy   210.5 births 11483457 deaths 11481165 (27651.1s) AMD Radeon RX 9070 XT (RADV GFX1201)
tick 3709000 alive   852784 genomes  231806 energy   210.8 births 11586599 deaths 11584722 (27657.5s) AMD Radeon RX 9070 XT (RADV GFX1201)
tick 3710000 alive   851887 genomes  233285 energy   211.2 births 11591377 deaths 11592274 (27663.9s) AMD Radeon RX 9070 XT (RADV GFX1201)
tick 3711000 alive   852002 genomes  232351 energy   210.5 births 11595406 deaths 11595291 (27670.1s) AMD Radeon RX 9070 XT (RADV GFX1201)
tick 3712000 alive   849869 genomes  232871 energy   210.6 births 11581837 deaths 11583970 (27676.5s) AMD Radeon RX 9070 XT (RADV GFX1201)
tick 3713000 alive   851652 genomes  232513 energy   210.2 births 11689058 deaths 11687275 (27682.8s) AMD Radeon RX 9070 XT (RADV GFX1201)
tick 3714000 alive   856072 genomes  231997 energy   210.3 births 11791261 deaths 11786841 (27689.2s) AMD Radeon RX 9070 XT (RADV GFX1201)
tick 3715000 alive   860484 genomes  233332 energy   209.9 births 11939643 deaths 11935231 (27695.4s) AMD Radeon RX 9070 XT (RADV GFX1201)
tick 3716000 alive   858389 genomes  233241 energy   210.2 births 11869408 deaths 11871503 (27701.8s) AMD Radeon RX 9070 XT (RADV GFX1201)
tick 3717000 alive   854468 genomes  231992 energy   210.7 births 11792766 deaths 11796687 (27708.2s) AMD Radeon RX 9070 XT (RADV GFX1201)
tick 3718000 alive   857082 genomes  230729 energy   210.2 births 11742971 deaths 11740357 (27714.6s) AMD Radeon RX 9070 XT (RADV GFX1201)
tick 3719000 alive   857631 genomes  229140 energy   210.2 births 11841176 deaths 11840627 (27720.9s) AMD Radeon RX 9070 XT (RADV GFX1201)
tick 3720000 alive   864029 genomes  228301 energy   210.0 births 11920692 deaths 11914294 (27727.2s) AMD Radeon RX 9070 XT (RADV GFX1201)
tick 3721000 alive   863300 genomes  228288 energy   210.2 births 11946748 deaths 11947477 (27733.6s) AMD Radeon RX 9070 XT (RADV GFX1201)
tick 3722000 alive   860776 genomes  227871 energy   210.3 births 11807349 deaths 11809873 (27740.0s) AMD Radeon RX 9070 XT (RADV GFX1201)
tick 3723000 alive   857709 genomes  228705 energy   210.5 births 11812754 deaths 11815821 (27746.3s) AMD Radeon RX 9070 XT (RADV GFX1201)
tick 3724000 alive   862765 genomes  227779 energy   210.5 births 11833934 deaths 11828878 (27752.7s) AMD Radeon RX 9070 XT (RADV GFX1201)
tick 3725000 alive   861135 genomes  227365 energy   210.3 births 11957042 deaths 11958672 (27759.0s) AMD Radeon RX 9070 XT (RADV GFX1201)
tick 3726000 alive   865320 genomes  228125 energy   210.4 births 11881185 deaths 11877000 (27765.4s) AMD Radeon RX 9070 XT (RADV GFX1201)
tick 3727000 alive   860338 genomes  228700 energy   210.8 births 11864937 deaths 11869919 (27771.8s) AMD Radeon RX 9070 XT (RADV GFX1201)
tick 3728000 alive   852109 genomes  228908 energy   210.5 births 11679640 deaths 11687869 (27778.1s) AMD Radeon RX 9070 XT (RADV GFX1201)
tick 3729000 alive   853553 genomes  228473 energy   209.7 births 11714419 deaths 11712975 (27784.5s) AMD Radeon RX 9070 XT (RADV GFX1201)
tick 3730000 alive   861074 genomes  229025 energy   210.6 births 11876814 deaths 11869293 (27790.8s) AMD Radeon RX 9070 XT (RADV GFX1201)
tick 3731000 alive   858361 genomes  229748 energy   210.4 births 11732048 deaths 11734761 (27797.2s) AMD Radeon RX 9070 XT (RADV GFX1201)
tick 3732000 alive   855461 genomes  228619 energy   210.7 births 11716825 deaths 11719725 (27803.6s) AMD Radeon RX 9070 XT (RADV GFX1201)
tick 3733000 alive   863356 genomes  227720 energy   210.6 births 11830144 deaths 11822249 (27810.0s) AMD Radeon RX 9070 XT (RADV GFX1201)
tick 3734000 alive   861051 genomes  225844 energy   210.2 births 11887392 deaths 11889697 (27816.3s) AMD Radeon RX 9070 XT (RADV GFX1201)
tick 3735000 alive   862248 genomes  225056 energy   210.3 births 11911282 deaths 11910085 (27822.6s) AMD Radeon RX 9070 XT (RADV GFX1201)
tick 3736000 alive   860288 genomes  224958 energy   210.5 births 11862996 deaths 11864956 (27829.0s) AMD Radeon RX 9070 XT (RADV GFX1201)
tick 3737000 alive   859865 genomes  226159 energy   210.1 births 11807720 deaths 11808143 (27835.4s) AMD Radeon RX 9070 XT (RADV GFX1201)
tick 3738000 alive   861238 genomes  224356 energy   210.6 births 11877675 deaths 11876302 (27841.7s) AMD Radeon RX 9070 XT (RADV GFX1201)
tick 3739000 alive   859046 genomes  224475 energy   210.5 births 11801328 deaths 11803520 (27848.0s) AMD Radeon RX 9070 XT (RADV GFX1201)
tick 3740000 alive   863261 genomes  224826 energy   210.3 births 11885961 deaths 11881746 (27854.4s) AMD Radeon RX 9070 XT (RADV GFX1201)
tick 3741000 alive   855247 genomes  226445 energy   210.5 births 11714762 deaths 11722776 (27860.8s) AMD Radeon RX 9070 XT (RADV GFX1201)
tick 3742000 alive   858759 genomes  226972 energy   210.3 births 11758594 deaths 11755082 (27867.2s) AMD Radeon RX 9070 XT (RADV GFX1201)
tick 3743000 alive   857559 genomes  226884 energy   210.7 births 11828588 deaths 11829788 (27873.6s) AMD Radeon RX 9070 XT (RADV GFX1201)
tick 3744000 alive   853115 genomes  226751 energy   210.3 births 11749241 deaths 11753685 (27879.9s) AMD Radeon RX 9070 XT (RADV GFX1201)
tick 3745000 alive   853765 genomes  227248 energy   210.1 births 11736316 deaths 11735666 (27886.3s) AMD Radeon RX 9070 XT (RADV GFX1201)
tick 3746000 alive   857190 genomes  228442 energy   210.6 births 11754843 deaths 11751418 (27892.7s) AMD Radeon RX 9070 XT (RADV GFX1201)
tick 3747000 alive   853357 genomes  230108 energy   210.8 births 11703648 deaths 11707481 (27899.0s) AMD Radeon RX 9070 XT (RADV GFX1201)
tick 3748000 alive   849458 genomes  229591 energy   210.7 births 11611703 deaths 11615602 (27905.4s) AMD Radeon RX 9070 XT (RADV GFX1201)
tick 3749000 alive   852089 genomes  228456 energy   211.0 births 11593649 deaths 11591018 (27911.7s) AMD Radeon RX 9070 XT (RADV GFX1201)
tick 3750000 alive   849776 genomes  229879 energy   211.4 births 11426153 deaths 11428466 (27918.0s) AMD Radeon RX 9070 XT (RADV GFX1201)
tick 3751000 alive   845516 genomes  231213 energy   211.2 births 11315833 deaths 11320093 (27924.4s) AMD Radeon RX 9070 XT (RADV GFX1201)
tick 3752000 alive   843496 genomes  231814 energy   210.4 births 11406281 deaths 11408301 (27930.8s) AMD Radeon RX 9070 XT (RADV GFX1201)
tick 3753000 alive   855811 genomes  232782 energy   210.3 births 11677767 deaths 11665452 (27937.0s) AMD Radeon RX 9070 XT (RADV GFX1201)
tick 3754000 alive   849904 genomes  233503 energy   211.1 births 11596182 deaths 11602089 (27943.4s) AMD Radeon RX 9070 XT (RADV GFX1201)
tick 3755000 alive   841982 genomes  233116 energy   210.9 births 11506741 deaths 11514663 (27949.7s) AMD Radeon RX 9070 XT (RADV GFX1201)
tick 3756000 alive   847029 genomes  232584 energy   210.5 births 11518370 deaths 11513323 (27956.1s) AMD Radeon RX 9070 XT (RADV GFX1201)
tick 3757000 alive   853189 genomes  232169 energy   210.4 births 11651300 deaths 11645140 (27962.5s) AMD Radeon RX 9070 XT (RADV GFX1201)
tick 3758000 alive   854342 genomes  233334 energy   211.0 births 11615179 deaths 11614026 (27968.8s) AMD Radeon RX 9070 XT (RADV GFX1201)
tick 3759000 alive   848070 genomes  233466 energy   210.9 births 11514400 deaths 11520672 (27975.2s) AMD Radeon RX 9070 XT (RADV GFX1201)
tick 3760000 alive   847472 genomes  233680 energy   210.9 births 11512118 deaths 11512716 (27981.6s) AMD Radeon RX 9070 XT (RADV GFX1201)
tick 3761000 alive   851818 genomes  233103 energy   211.0 births 11481885 deaths 11477539 (27988.0s) AMD Radeon RX 9070 XT (RADV GFX1201)
tick 3762000 alive   852131 genomes  234791 energy   210.9 births 11640334 deaths 11640021 (27994.4s) AMD Radeon RX 9070 XT (RADV GFX1201)
tick 3763000 alive   850027 genomes  233171 energy   210.3 births 11618286 deaths 11620390 (28000.6s) AMD Radeon RX 9070 XT (RADV GFX1201)
tick 3764000 alive   855091 genomes  232517 energy   210.4 births 11684126 deaths 11679062 (28007.1s) AMD Radeon RX 9070 XT (RADV GFX1201)
tick 3765000 alive   855018 genomes  234357 energy   210.5 births 11666823 deaths 11666896 (28013.5s) AMD Radeon RX 9070 XT (RADV GFX1201)
tick 3766000 alive   847458 genomes  235688 energy   211.1 births 11481963 deaths 11489523 (28019.9s) AMD Radeon RX 9070 XT (RADV GFX1201)
tick 3767000 alive   850192 genomes  235421 energy   211.0 births 11466590 deaths 11463856 (28026.3s) AMD Radeon RX 9070 XT (RADV GFX1201)
tick 3768000 alive   846332 genomes  237185 energy   210.9 births 11452616 deaths 11456476 (28032.5s) AMD Radeon RX 9070 XT (RADV GFX1201)
tick 3769000 alive   847766 genomes  236137 energy   210.9 births 11433653 deaths 11432219 (28038.9s) AMD Radeon RX 9070 XT (RADV GFX1201)
tick 3770000 alive   848240 genomes  237173 energy   210.6 births 11553569 deaths 11553095 (28045.3s) AMD Radeon RX 9070 XT (RADV GFX1201)
tick 3771000 alive   849567 genomes  236175 energy   210.7 births 11610307 deaths 11608980 (28051.7s) AMD Radeon RX 9070 XT (RADV GFX1201)
tick 3772000 alive   849274 genomes  236205 energy   210.5 births 11595482 deaths 11595775 (28058.1s) AMD Radeon RX 9070 XT (RADV GFX1201)
tick 3773000 alive   850716 genomes  237017 energy   210.4 births 11637292 deaths 11635850 (28064.4s) AMD Radeon RX 9070 XT (RADV GFX1201)
tick 3774000 alive   859015 genomes  235475 energy   210.1 births 11738465 deaths 11730166 (28070.8s) AMD Radeon RX 9070 XT (RADV GFX1201)
tick 3775000 alive   855631 genomes  234775 energy   210.1 births 11769480 deaths 11772864 (28077.2s) AMD Radeon RX 9070 XT (RADV GFX1201)
tick 3776000 alive   855101 genomes  233228 energy   210.5 births 11748456 deaths 11748986 (28083.5s) AMD Radeon RX 9070 XT (RADV GFX1201)
tick 3777000 alive   856999 genomes  233184 energy   210.2 births 11812050 deaths 11810152 (28089.8s) AMD Radeon RX 9070 XT (RADV GFX1201)
tick 3778000 alive   854953 genomes  233290 energy   209.7 births 11750770 deaths 11752816 (28096.2s) AMD Radeon RX 9070 XT (RADV GFX1201)
tick 3779000 alive   859841 genomes  231708 energy   209.9 births 11937349 deaths 11932461 (28102.6s) AMD Radeon RX 9070 XT (RADV GFX1201)
tick 3780000 alive   860071 genomes  232806 energy   210.4 births 11871320 deaths 11871090 (28109.0s) AMD Radeon RX 9070 XT (RADV GFX1201)
tick 3781000 alive   855783 genomes  233347 energy   210.5 births 11792082 deaths 11796370 (28115.3s) AMD Radeon RX 9070 XT (RADV GFX1201)
tick 3782000 alive   859673 genomes  232876 energy   210.1 births 11752011 deaths 11748121 (28121.6s) AMD Radeon RX 9070 XT (RADV GFX1201)
tick 3783000 alive   858201 genomes  230163 energy   210.1 births 11850259 deaths 11851731 (28128.0s) AMD Radeon RX 9070 XT (RADV GFX1201)
tick 3784000 alive   861890 genomes  230873 energy   210.5 births 11899842 deaths 11896153 (28134.4s) AMD Radeon RX 9070 XT (RADV GFX1201)
tick 3785000 alive   857826 genomes  229506 energy   210.9 births 11777745 deaths 11781809 (28140.7s) AMD Radeon RX 9070 XT (RADV GFX1201)
tick 3786000 alive   858661 genomes  230570 energy   211.1 births 11738392 deaths 11737557 (28147.1s) AMD Radeon RX 9070 XT (RADV GFX1201)
tick 3787000 alive   854533 genomes  230038 energy   210.7 births 11712506 deaths 11716634 (28153.4s) AMD Radeon RX 9070 XT (RADV GFX1201)
tick 3788000 alive   856829 genomes  230299 energy   210.5 births 11680876 deaths 11678580 (28159.8s) AMD Radeon RX 9070 XT (RADV GFX1201)
tick 3789000 alive   855276 genomes  230674 energy   210.5 births 11666639 deaths 11668192 (28166.1s) AMD Radeon RX 9070 XT (RADV GFX1201)
tick 3790000 alive   856139 genomes  229392 energy   210.1 births 11753067 deaths 11752204 (28172.5s) AMD Radeon RX 9070 XT (RADV GFX1201)
tick 3791000 alive   858514 genomes  230459 energy   210.6 births 11800073 deaths 11797698 (28178.9s) AMD Radeon RX 9070 XT (RADV GFX1201)
tick 3792000 alive   851021 genomes  231917 energy   211.4 births 11628047 deaths 11635540 (28185.2s) AMD Radeon RX 9070 XT (RADV GFX1201)
tick 3793000 alive   852986 genomes  233450 energy   210.7 births 11607430 deaths 11605465 (28191.6s) AMD Radeon RX 9070 XT (RADV GFX1201)
tick 3794000 alive   850381 genomes  233647 energy   210.3 births 11583451 deaths 11586056 (28198.0s) AMD Radeon RX 9070 XT (RADV GFX1201)
tick 3795000 alive   851982 genomes  231694 energy   210.2 births 11706083 deaths 11704482 (28204.4s) AMD Radeon RX 9070 XT (RADV GFX1201)
tick 3796000 alive   855578 genomes  233140 energy   210.4 births 11748911 deaths 11745315 (28210.7s) AMD Radeon RX 9070 XT (RADV GFX1201)
tick 3797000 alive   856994 genomes  230680 energy   210.6 births 11699237 deaths 11697821 (28217.1s) AMD Radeon RX 9070 XT (RADV GFX1201)
tick 3798000 alive   857525 genomes  229332 energy   210.4 births 11698271 deaths 11697740 (28223.4s) AMD Radeon RX 9070 XT (RADV GFX1201)
tick 3799000 alive   851949 genomes  228254 energy   210.9 births 11701463 deaths 11707039 (28229.8s) AMD Radeon RX 9070 XT (RADV GFX1201)
tick 3800000 alive   852598 genomes  229127 energy   210.6 births 11642719 deaths 11642070 (28236.2s) AMD Radeon RX 9070 XT (RADV GFX1201)
tick 3801000 alive   856236 genomes  230588 energy   210.9 births 11654893 deaths 11651255 (28242.5s) AMD Radeon RX 9070 XT (RADV GFX1201)
tick 3802000 alive   848823 genomes  233043 energy   210.8 births 11548346 deaths 11555759 (28248.8s) AMD Radeon RX 9070 XT (RADV GFX1201)
tick 3803000 alive   851474 genomes  233438 energy   211.2 births 11538539 deaths 11535888 (28255.2s) AMD Radeon RX 9070 XT (RADV GFX1201)
tick 3804000 alive   850469 genomes  234129 energy   210.8 births 11582974 deaths 11583979 (28261.6s) AMD Radeon RX 9070 XT (RADV GFX1201)
tick 3805000 alive   847709 genomes  235308 energy   210.4 births 11559165 deaths 11561925 (28268.0s) AMD Radeon RX 9070 XT (RADV GFX1201)
tick 3806000 alive   850350 genomes  235757 energy   211.3 births 11584833 deaths 11582192 (28274.3s) AMD Radeon RX 9070 XT (RADV GFX1201)
tick 3807000 alive   845967 genomes  235630 energy   211.2 births 11435076 deaths 11439459 (28280.6s) AMD Radeon RX 9070 XT (RADV GFX1201)
tick 3808000 alive   849517 genomes  235939 energy   210.7 births 11488144 deaths 11484594 (28287.0s) AMD Radeon RX 9070 XT (RADV GFX1201)
tick 3809000 alive   845106 genomes  233889 energy   210.8 births 11541437 deaths 11545848 (28293.4s) AMD Radeon RX 9070 XT (RADV GFX1201)
tick 3810000 alive   851114 genomes  232790 energy   210.1 births 11613750 deaths 11607742 (28299.7s) AMD Radeon RX 9070 XT (RADV GFX1201)
tick 3811000 alive   854783 genomes  233692 energy   210.6 births 11724014 deaths 11720345 (28306.0s) AMD Radeon RX 9070 XT (RADV GFX1201)
tick 3812000 alive   851519 genomes  231571 energy   210.4 births 11682686 deaths 11685950 (28312.4s) AMD Radeon RX 9070 XT (RADV GFX1201)
tick 3813000 alive   860364 genomes  234039 energy   211.0 births 11754782 deaths 11745937 (28318.8s) AMD Radeon RX 9070 XT (RADV GFX1201)
tick 3814000 alive   854400 genomes  232690 energy   210.4 births 11655793 deaths 11661757 (28325.1s) AMD Radeon RX 9070 XT (RADV GFX1201)
tick 3815000 alive   853535 genomes  229079 energy   210.4 births 11728068 deaths 11728933 (28331.4s) AMD Radeon RX 9070 XT (RADV GFX1201)
tick 3816000 alive   859978 genomes  227949 energy   209.5 births 11882115 deaths 11875672 (28337.8s) AMD Radeon RX 9070 XT (RADV GFX1201)
tick 3817000 alive   861119 genomes  228050 energy   210.2 births 11967972 deaths 11966831 (28344.2s) AMD Radeon RX 9070 XT (RADV GFX1201)
tick 3818000 alive   858299 genomes  228382 energy   209.8 births 11877205 deaths 11880025 (28350.6s) AMD Radeon RX 9070 XT (RADV GFX1201)
tick 3819000 alive   854364 genomes  227144 energy   210.4 births 11892016 deaths 11895951 (28357.0s) AMD Radeon RX 9070 XT (RADV GFX1201)
tick 3820000 alive   860042 genomes  227725 energy   209.8 births 11870565 deaths 11864887 (28363.3s) AMD Radeon RX 9070 XT (RADV GFX1201)
tick 3821000 alive   862035 genomes  227966 energy   210.2 births 11926709 deaths 11924716 (28369.7s) AMD Radeon RX 9070 XT (RADV GFX1201)
tick 3822000 alive   859671 genomes  227437 energy   210.6 births 11894798 deaths 11897162 (28376.0s) AMD Radeon RX 9070 XT (RADV GFX1201)
tick 3823000 alive   862431 genomes  227521 energy   210.3 births 11891337 deaths 11888577 (28382.4s) AMD Radeon RX 9070 XT (RADV GFX1201)
tick 3824000 alive   863360 genomes  227525 energy   210.0 births 11990203 deaths 11989274 (28388.8s) AMD Radeon RX 9070 XT (RADV GFX1201)
tick 3825000 alive   859561 genomes  227421 energy   210.0 births 11982605 deaths 11986404 (28395.0s) AMD Radeon RX 9070 XT (RADV GFX1201)
tick 3826000 alive   862316 genomes  228358 energy   210.0 births 11986023 deaths 11983268 (28401.4s) AMD Radeon RX 9070 XT (RADV GFX1201)
tick 3827000 alive   854043 genomes  229516 energy   211.0 births 11842570 deaths 11850843 (28407.8s) AMD Radeon RX 9070 XT (RADV GFX1201)
tick 3828000 alive   855079 genomes  231181 energy   210.3 births 11741000 deaths 11739964 (28414.2s) AMD Radeon RX 9070 XT (RADV GFX1201)
tick 3829000 alive   861021 genomes  229416 energy   210.0 births 11827443 deaths 11821501 (28420.6s) AMD Radeon RX 9070 XT (RADV GFX1201)
tick 3830000 alive   861846 genomes  228164 energy   210.1 births 11869877 deaths 11869052 (28426.9s) AMD Radeon RX 9070 XT (RADV GFX1201)
tick 3831000 alive   856954 genomes  228206 energy   210.7 births 11793092 deaths 11797984 (28433.3s) AMD Radeon RX 9070 XT (RADV GFX1201)
tick 3832000 alive   861079 genomes  227197 energy   210.6 births 11775683 deaths 11771558 (28439.6s) AMD Radeon RX 9070 XT (RADV GFX1201)
tick 3833000 alive   863610 genomes  228771 energy   210.8 births 11763403 deaths 11760872 (28446.0s) AMD Radeon RX 9070 XT (RADV GFX1201)
tick 3834000 alive   857627 genomes  228530 energy   210.9 births 11756783 deaths 11762766 (28452.3s) AMD Radeon RX 9070 XT (RADV GFX1201)
tick 3835000 alive   855947 genomes  230100 energy   210.6 births 11707375 deaths 11709055 (28458.7s) AMD Radeon RX 9070 XT (RADV GFX1201)
tick 3836000 alive   857207 genomes  229011 energy   210.5 births 11765364 deaths 11764104 (28465.0s) AMD Radeon RX 9070 XT (RADV GFX1201)
tick 3837000 alive   862208 genomes  229560 energy   210.4 births 11789608 deaths 11784607 (28471.4s) AMD Radeon RX 9070 XT (RADV GFX1201)
tick 3838000 alive   855961 genomes  228530 energy   210.7 births 11752549 deaths 11758796 (28477.8s) AMD Radeon RX 9070 XT (RADV GFX1201)
tick 3839000 alive   854571 genomes  228493 energy   210.8 births 11701077 deaths 11702467 (28484.0s) AMD Radeon RX 9070 XT (RADV GFX1201)
tick 3840000 alive   857873 genomes  229793 energy   210.3 births 11757522 deaths 11754220 (28490.4s) AMD Radeon RX 9070 XT (RADV GFX1201)
tick 3841000 alive   855702 genomes  230071 energy   210.6 births 11758046 deaths 11760217 (28496.8s) AMD Radeon RX 9070 XT (RADV GFX1201)
tick 3842000 alive   851370 genomes  232183 energy   210.4 births 11704722 deaths 11709054 (28503.2s) AMD Radeon RX 9070 XT (RADV GFX1201)
tick 3843000 alive   848192 genomes  232703 energy   210.0 births 11658804 deaths 11661982 (28509.6s) AMD Radeon RX 9070 XT (RADV GFX1201)
tick 3844000 alive   849738 genomes  231245 energy   209.7 births 11760372 deaths 11758826 (28515.8s) AMD Radeon RX 9070 XT (RADV GFX1201)
tick 3845000 alive   859200 genomes  229890 energy   209.5 births 11976309 deaths 11966847 (28522.2s) AMD Radeon RX 9070 XT (RADV GFX1201)
tick 3846000 alive   854466 genomes  229842 energy   210.1 births 11901012 deaths 11905746 (28528.6s) AMD Radeon RX 9070 XT (RADV GFX1201)
tick 3847000 alive   855730 genomes  230562 energy   209.8 births 11880764 deaths 11879500 (28535.0s) AMD Radeon RX 9070 XT (RADV GFX1201)
tick 3848000 alive   859867 genomes  230165 energy   209.7 births 11930544 deaths 11926407 (28541.4s) AMD Radeon RX 9070 XT (RADV GFX1201)
tick 3849000 alive   863700 genomes  229331 energy   209.6 births 12029572 deaths 12025739 (28547.6s) AMD Radeon RX 9070 XT (RADV GFX1201)
tick 3850000 alive   863716 genomes  230360 energy   210.1 births 12087556 deaths 12087540 (28554.0s) AMD Radeon RX 9070 XT (RADV GFX1201)
tick 3851000 alive   857624 genomes  229859 energy   209.9 births 11959979 deaths 11966071 (28560.4s) AMD Radeon RX 9070 XT (RADV GFX1201)
tick 3852000 alive   860611 genomes  230728 energy   209.9 births 11980020 deaths 11977033 (28566.7s) AMD Radeon RX 9070 XT (RADV GFX1201)
tick 3853000 alive   863026 genomes  231272 energy   210.1 births 11986843 deaths 11984428 (28573.0s) AMD Radeon RX 9070 XT (RADV GFX1201)
tick 3854000 alive   854174 genomes  232529 energy   210.2 births 11847692 deaths 11856544 (28579.4s) AMD Radeon RX 9070 XT (RADV GFX1201)
tick 3855000 alive   854083 genomes  230343 energy   210.2 births 11790049 deaths 11790140 (28585.8s) AMD Radeon RX 9070 XT (RADV GFX1201)
tick 3856000 alive   856836 genomes  232474 energy   210.1 births 11784709 deaths 11781956 (28592.2s) AMD Radeon RX 9070 XT (RADV GFX1201)
tick 3857000 alive   851908 genomes  231773 energy   210.7 births 11725652 deaths 11730580 (28598.5s) AMD Radeon RX 9070 XT (RADV GFX1201)
tick 3858000 alive   858293 genomes  230261 energy   210.1 births 11711534 deaths 11705149 (28604.8s) AMD Radeon RX 9070 XT (RADV GFX1201)
tick 3859000 alive   860515 genomes  230350 energy   210.0 births 11850419 deaths 11848197 (28611.2s) AMD Radeon RX 9070 XT (RADV GFX1201)
tick 3860000 alive   858592 genomes  230582 energy   210.8 births 11827840 deaths 11829763 (28617.6s) AMD Radeon RX 9070 XT (RADV GFX1201)
tick 3861000 alive   853908 genomes  231158 energy   210.2 births 11744740 deaths 11749424 (28623.9s) AMD Radeon RX 9070 XT (RADV GFX1201)
tick 3862000 alive   857068 genomes  231671 energy   210.3 births 11840464 deaths 11837304 (28630.3s) AMD Radeon RX 9070 XT (RADV GFX1201)
tick 3863000 alive   855925 genomes  232778 energy   210.8 births 11772681 deaths 11773824 (28636.6s) AMD Radeon RX 9070 XT (RADV GFX1201)
tick 3864000 alive   855819 genomes  234148 energy   211.0 births 11681656 deaths 11681762 (28643.0s) AMD Radeon RX 9070 XT (RADV GFX1201)
tick 3865000 alive   848579 genomes  234223 energy   211.2 births 11529248 deaths 11536488 (28649.3s) AMD Radeon RX 9070 XT (RADV GFX1201)
tick 3866000 alive   849485 genomes  235232 energy   210.7 births 11527621 deaths 11526715 (28655.7s) AMD Radeon RX 9070 XT (RADV GFX1201)
tick 3867000 alive   848674 genomes  233193 energy   210.8 births 11614683 deaths 11615494 (28662.1s) AMD Radeon RX 9070 XT (RADV GFX1201)
tick 3868000 alive   852942 genomes  233634 energy   210.6 births 11614483 deaths 11610215 (28668.4s) AMD Radeon RX 9070 XT (RADV GFX1201)
tick 3869000 alive   851850 genomes  234847 energy   210.4 births 11631716 deaths 11632808 (28674.7s) AMD Radeon RX 9070 XT (RADV GFX1201)
tick 3870000 alive   854137 genomes  235441 energy   210.1 births 11759208 deaths 11756921 (28681.1s) AMD Radeon RX 9070 XT (RADV GFX1201)
tick 3871000 alive   856694 genomes  235006 energy   209.6 births 11830736 deaths 11828179 (28687.5s) AMD Radeon RX 9070 XT (RADV GFX1201)
tick 3872000 alive   860111 genomes  231431 energy   210.3 births 11908647 deaths 11905230 (28693.7s) AMD Radeon RX 9070 XT (RADV GFX1201)
tick 3873000 alive   855705 genomes  230301 energy   211.1 births 11786657 deaths 11791063 (28700.1s) AMD Radeon RX 9070 XT (RADV GFX1201)
tick 3874000 alive   855087 genomes  230713 energy   211.1 births 11605060 deaths 11605678 (28706.5s) AMD Radeon RX 9070 XT (RADV GFX1201)
tick 3875000 alive   854149 genomes  230253 energy   209.9 births 11674048 deaths 11674986 (28712.9s) AMD Radeon RX 9070 XT (RADV GFX1201)
tick 3876000 alive   855264 genomes  229523 energy   210.5 births 11800440 deaths 11799325 (28719.2s) AMD Radeon RX 9070 XT (RADV GFX1201)
tick 3877000 alive   858802 genomes  230279 energy   210.6 births 11777174 deaths 11773636 (28725.5s) AMD Radeon RX 9070 XT (RADV GFX1201)
tick 3878000 alive   856094 genomes  233326 energy   210.7 births 11823968 deaths 11826676 (28731.9s) AMD Radeon RX 9070 XT (RADV GFX1201)
tick 3879000 alive   853039 genomes  231182 energy   210.2 births 11716302 deaths 11719357 (28738.3s) AMD Radeon RX 9070 XT (RADV GFX1201)
tick 3880000 alive   860353 genomes  228613 energy   210.4 births 11886879 deaths 11879565 (28744.7s) AMD Radeon RX 9070 XT (RADV GFX1201)
tick 3881000 alive   856569 genomes  230590 energy   210.6 births 11794021 deaths 11797805 (28751.0s) AMD Radeon RX 9070 XT (RADV GFX1201)
tick 3882000 alive   851793 genomes  231410 energy   210.9 births 11703969 deaths 11708745 (28757.3s) AMD Radeon RX 9070 XT (RADV GFX1201)
tick 3883000 alive   851853 genomes  231968 energy   209.8 births 11714999 deaths 11714939 (28763.7s) AMD Radeon RX 9070 XT (RADV GFX1201)
tick 3884000 alive   859886 genomes  232555 energy   210.1 births 11945252 deaths 11937219 (28770.1s) AMD Radeon RX 9070 XT (RADV GFX1201)
tick 3885000 alive   850558 genomes  233213 energy   210.9 births 11720164 deaths 11729492 (28776.5s) AMD Radeon RX 9070 XT (RADV GFX1201)
tick 3886000 alive   846939 genomes  233968 energy   210.6 births 11536209 deaths 11539828 (28782.8s) AMD Radeon RX 9070 XT (RADV GFX1201)
tick 3887000 alive   850738 genomes  234475 energy   210.3 births 11570460 deaths 11566661 (28789.1s) AMD Radeon RX 9070 XT (RADV GFX1201)
tick 3888000 alive   849134 genomes  233823 energy   211.3 births 11562552 deaths 11564156 (28795.5s) AMD Radeon RX 9070 XT (RADV GFX1201)
tick 3889000 alive   847776 genomes  237803 energy   210.8 births 11511804 deaths 11513162 (28801.9s) AMD Radeon RX 9070 XT (RADV GFX1201)
tick 3890000 alive   846368 genomes  237339 energy   210.6 births 11502090 deaths 11503498 (28808.2s) AMD Radeon RX 9070 XT (RADV GFX1201)
tick 3891000 alive   849551 genomes  238407 energy   210.9 births 11522418 deaths 11519235 (28814.6s) AMD Radeon RX 9070 XT (RADV GFX1201)
tick 3892000 alive   848401 genomes  238739 energy   210.8 births 11560098 deaths 11561248 (28820.9s) AMD Radeon RX 9070 XT (RADV GFX1201)
tick 3893000 alive   851186 genomes  238182 energy   210.9 births 11579542 deaths 11576757 (28827.3s) AMD Radeon RX 9070 XT (RADV GFX1201)
tick 3894000 alive   851844 genomes  237251 energy   210.6 births 11574342 deaths 11573684 (28833.6s) AMD Radeon RX 9070 XT (RADV GFX1201)
tick 3895000 alive   850312 genomes  237441 energy   210.9 births 11627611 deaths 11629143 (28840.0s) AMD Radeon RX 9070 XT (RADV GFX1201)
tick 3896000 alive   848763 genomes  237877 energy   210.2 births 11520148 deaths 11521697 (28846.2s) AMD Radeon RX 9070 XT (RADV GFX1201)
tick 3897000 alive   852094 genomes  234296 energy   209.9 births 11746366 deaths 11743035 (28852.6s) AMD Radeon RX 9070 XT (RADV GFX1201)
tick 3898000 alive   856911 genomes  232599 energy   209.8 births 11855532 deaths 11850715 (28859.0s) AMD Radeon RX 9070 XT (RADV GFX1201)
tick 3899000 alive   861997 genomes  231936 energy   209.7 births 11924241 deaths 11919155 (28865.4s) AMD Radeon RX 9070 XT (RADV GFX1201)
tick 3900000 alive   860578 genomes  230109 energy   210.2 births 11965519 deaths 11966938 (28871.8s) AMD Radeon RX 9070 XT (RADV GFX1201)
tick 3901000 alive   862644 genomes  230267 energy   210.4 births 11926348 deaths 11924282 (28878.1s) AMD Radeon RX 9070 XT (RADV GFX1201)
tick 3902000 alive   859718 genomes  228416 energy   210.0 births 11866473 deaths 11869399 (28884.4s) AMD Radeon RX 9070 XT (RADV GFX1201)
tick 3903000 alive   863381 genomes  229178 energy   210.4 births 11966465 deaths 11962802 (28890.8s) AMD Radeon RX 9070 XT (RADV GFX1201)
tick 3904000 alive   861648 genomes  229187 energy   209.9 births 11944998 deaths 11946731 (28897.2s) AMD Radeon RX 9070 XT (RADV GFX1201)
tick 3905000 alive   863302 genomes  230085 energy   210.4 births 12013496 deaths 12011842 (28903.6s) AMD Radeon RX 9070 XT (RADV GFX1201)
tick 3906000 alive   855309 genomes  227130 energy   210.6 births 11805560 deaths 11813553 (28909.8s) AMD Radeon RX 9070 XT (RADV GFX1201)
tick 3907000 alive   860548 genomes  227091 energy   210.4 births 11774620 deaths 11769381 (28916.2s) AMD Radeon RX 9070 XT (RADV GFX1201)
tick 3908000 alive   862682 genomes  227698 energy   210.7 births 11816569 deaths 11814435 (28922.6s) AMD Radeon RX 9070 XT (RADV GFX1201)
tick 3909000 alive   862183 genomes  226655 energy   210.6 births 11813716 deaths 11814215 (28929.0s) AMD Radeon RX 9070 XT (RADV GFX1201)
tick 3910000 alive   863959 genomes  225954 energy   210.1 births 11910587 deaths 11908811 (28935.4s) AMD Radeon RX 9070 XT (RADV GFX1201)
tick 3911000 alive   862065 genomes  226349 energy   210.2 births 11916825 deaths 11918719 (28941.7s) AMD Radeon RX 9070 XT (RADV GFX1201)
tick 3912000 alive   864868 genomes  226024 energy   210.5 births 11964189 deaths 11961386 (28948.1s) AMD Radeon RX 9070 XT (RADV GFX1201)
tick 3913000 alive   863664 genomes  228075 energy   210.5 births 11960530 deaths 11961734 (28954.5s) AMD Radeon RX 9070 XT (RADV GFX1201)
tick 3914000 alive   858126 genomes  227075 energy   210.0 births 11811796 deaths 11817334 (28960.8s) AMD Radeon RX 9070 XT (RADV GFX1201)
tick 3915000 alive   857835 genomes  227574 energy   210.3 births 11868096 deaths 11868387 (28967.1s) AMD Radeon RX 9070 XT (RADV GFX1201)
tick 3916000 alive   859621 genomes  228715 energy   210.6 births 11796280 deaths 11794494 (28973.5s) AMD Radeon RX 9070 XT (RADV GFX1201)
tick 3917000 alive   853699 genomes  231667 energy   210.7 births 11665730 deaths 11671652 (28979.9s) AMD Radeon RX 9070 XT (RADV GFX1201)
tick 3918000 alive   851387 genomes  231397 energy   210.9 births 11625705 deaths 11628017 (28986.2s) AMD Radeon RX 9070 XT (RADV GFX1201)
tick 3919000 alive   854375 genomes  232257 energy   211.1 births 11597783 deaths 11594795 (28992.6s) AMD Radeon RX 9070 XT (RADV GFX1201)
tick 3920000 alive   845830 genomes  232732 energy   210.7 births 11453766 deaths 11462311 (28998.9s) AMD Radeon RX 9070 XT (RADV GFX1201)
tick 3921000 alive   850617 genomes  232952 energy   210.3 births 11610729 deaths 11605942 (29005.3s) AMD Radeon RX 9070 XT (RADV GFX1201)
tick 3922000 alive   855566 genomes  233089 energy   210.7 births 11710279 deaths 11705330 (29011.7s) AMD Radeon RX 9070 XT (RADV GFX1201)
tick 3923000 alive   850269 genomes  233177 energy   210.8 births 11621375 deaths 11626672 (29018.1s) AMD Radeon RX 9070 XT (RADV GFX1201)
tick 3924000 alive   850436 genomes  231736 energy   210.7 births 11603798 deaths 11603631 (29024.4s) AMD Radeon RX 9070 XT (RADV GFX1201)
tick 3925000 alive   853656 genomes  233322 energy   211.1 births 11545160 deaths 11541940 (29030.7s) AMD Radeon RX 9070 XT (RADV GFX1201)
tick 3926000 alive   846100 genomes  235481 energy   211.2 births 11421498 deaths 11429054 (29037.1s) AMD Radeon RX 9070 XT (RADV GFX1201)
tick 3927000 alive   843180 genomes  233926 energy   210.5 births 11385025 deaths 11387945 (29043.4s) AMD Radeon RX 9070 XT (RADV GFX1201)
tick 3928000 alive   848543 genomes  233487 energy   211.0 births 11531146 deaths 11525783 (29049.8s) AMD Radeon RX 9070 XT (RADV GFX1201)
tick 3929000 alive   848424 genomes  231993 energy   210.9 births 11485296 deaths 11485415 (29056.1s) AMD Radeon RX 9070 XT (RADV GFX1201)
tick 3930000 alive   851288 genomes  233212 energy   210.5 births 11618934 deaths 11616070 (29062.4s) AMD Radeon RX 9070 XT (RADV GFX1201)
tick 3931000 alive   848396 genomes  232543 energy   210.1 births 11622548 deaths 11625440 (29068.8s) AMD Radeon RX 9070 XT (RADV GFX1201)
tick 3932000 alive   859484 genomes  231906 energy   210.2 births 11788331 deaths 11777243 (29075.2s) AMD Radeon RX 9070 XT (RADV GFX1201)
tick 3933000 alive   855579 genomes  231250 energy   210.7 births 11741714 deaths 11745619 (29081.6s) AMD Radeon RX 9070 XT (RADV GFX1201)
tick 3934000 alive   852113 genomes  232069 energy   210.8 births 11657494 deaths 11660960 (29087.9s) AMD Radeon RX 9070 XT (RADV GFX1201)
tick 3935000 alive   853684 genomes  232073 energy   210.5 births 11701550 deaths 11699979 (29094.2s) AMD Radeon RX 9070 XT (RADV GFX1201)
tick 3936000 alive   851393 genomes  234608 energy   210.9 births 11630504 deaths 11632795 (29100.6s) AMD Radeon RX 9070 XT (RADV GFX1201)
tick 3937000 alive   846725 genomes  234474 energy   210.7 births 11565573 deaths 11570241 (29107.0s) AMD Radeon RX 9070 XT (RADV GFX1201)
tick 3938000 alive   852744 genomes  234200 energy   210.9 births 11661759 deaths 11655740 (29113.4s) AMD Radeon RX 9070 XT (RADV GFX1201)
tick 3939000 alive   853811 genomes  233832 energy   210.7 births 11614593 deaths 11613526 (29119.7s) AMD Radeon RX 9070 XT (RADV GFX1201)
tick 3940000 alive   851496 genomes  233253 energy   211.2 births 11531988 deaths 11534303 (29126.1s) AMD Radeon RX 9070 XT (RADV GFX1201)
tick 3941000 alive   847725 genomes  233624 energy   210.8 births 11512195 deaths 11515966 (29132.5s) AMD Radeon RX 9070 XT (RADV GFX1201)
tick 3942000 alive   850836 genomes  232667 energy   210.2 births 11634471 deaths 11631360 (29138.9s) AMD Radeon RX 9070 XT (RADV GFX1201)
tick 3943000 alive   856675 genomes  231431 energy   210.3 births 11818087 deaths 11812248 (29145.3s) AMD Radeon RX 9070 XT (RADV GFX1201)
tick 3944000 alive   855795 genomes  230836 energy   210.0 births 11874250 deaths 11875130 (29151.6s) AMD Radeon RX 9070 XT (RADV GFX1201)
tick 3945000 alive   853733 genomes  231864 energy   210.5 births 11801898 deaths 11803960 (29158.0s) AMD Radeon RX 9070 XT (RADV GFX1201)
tick 3946000 alive   855313 genomes  232810 energy   209.8 births 11714988 deaths 11713408 (29164.4s) AMD Radeon RX 9070 XT (RADV GFX1201)
tick 3947000 alive   856839 genomes  231926 energy   210.2 births 11886028 deaths 11884502 (29170.8s) AMD Radeon RX 9070 XT (RADV GFX1201)
tick 3948000 alive   859477 genomes  231183 energy   210.9 births 11828853 deaths 11826215 (29177.1s) AMD Radeon RX 9070 XT (RADV GFX1201)
tick 3949000 alive   857312 genomes  228949 energy   210.1 births 11781598 deaths 11783763 (29183.4s) AMD Radeon RX 9070 XT (RADV GFX1201)
tick 3950000 alive   855206 genomes  227372 energy   210.2 births 11821239 deaths 11823345 (29189.8s) AMD Radeon RX 9070 XT (RADV GFX1201)
tick 3951000 alive   859125 genomes  229063 energy   209.9 births 11896942 deaths 11893023 (29196.2s) AMD Radeon RX 9070 XT (RADV GFX1201)
tick 3952000 alive   859108 genomes  228266 energy   210.4 births 11913896 deaths 11913913 (29202.5s) AMD Radeon RX 9070 XT (RADV GFX1201)
tick 3953000 alive   857932 genomes  230453 energy   210.1 births 11882069 deaths 11883245 (29208.8s) AMD Radeon RX 9070 XT (RADV GFX1201)
tick 3954000 alive   859110 genomes  229841 energy   210.4 births 11894394 deaths 11893216 (29215.2s) AMD Radeon RX 9070 XT (RADV GFX1201)
tick 3955000 alive   857948 genomes  229482 energy   210.5 births 11813360 deaths 11814522 (29221.6s) AMD Radeon RX 9070 XT (RADV GFX1201)
tick 3956000 alive   860018 genomes  230599 energy   210.9 births 11763018 deaths 11760948 (29228.0s) AMD Radeon RX 9070 XT (RADV GFX1201)
tick 3957000 alive   853026 genomes  232743 energy   211.5 births 11592344 deaths 11599336 (29234.4s) AMD Radeon RX 9070 XT (RADV GFX1201)
tick 3958000 alive   850203 genomes  232527 energy   211.3 births 11539916 deaths 11542739 (29240.7s) AMD Radeon RX 9070 XT (RADV GFX1201)
tick 3959000 alive   849706 genomes  232751 energy   210.9 births 11555487 deaths 11555984 (29247.0s) AMD Radeon RX 9070 XT (RADV GFX1201)
tick 3960000 alive   856270 genomes  232332 energy   210.7 births 11746158 deaths 11739594 (29253.4s) AMD Radeon RX 9070 XT (RADV GFX1201)
tick 3961000 alive   858653 genomes  232625 energy   210.7 births 11786720 deaths 11784337 (29259.8s) AMD Radeon RX 9070 XT (RADV GFX1201)
tick 3962000 alive   857772 genomes  233883 energy   209.7 births 11776456 deaths 11777337 (29266.2s) AMD Radeon RX 9070 XT (RADV GFX1201)
tick 3963000 alive   858222 genomes  232369 energy   210.4 births 11882722 deaths 11882272 (29272.5s) AMD Radeon RX 9070 XT (RADV GFX1201)
tick 3964000 alive   861747 genomes  233329 energy   210.5 births 11853808 deaths 11850283 (29278.9s) AMD Radeon RX 9070 XT (RADV GFX1201)
tick 3965000 alive   857321 genomes  233164 energy   210.6 births 11730157 deaths 11734583 (29285.3s) AMD Radeon RX 9070 XT (RADV GFX1201)
tick 3966000 alive   854056 genomes  233978 energy   210.7 births 11751160 deaths 11754425 (29291.7s) AMD Radeon RX 9070 XT (RADV GFX1201)
tick 3967000 alive   852317 genomes  232506 energy   210.5 births 11655662 deaths 11657401 (29298.1s) AMD Radeon RX 9070 XT (RADV GFX1201)
tick 3968000 alive   859932 genomes  230302 energy   210.0 births 11776182 deaths 11768567 (29304.4s) AMD Radeon RX 9070 XT (RADV GFX1201)
tick 3969000 alive   860346 genomes  230351 energy   210.4 births 11862701 deaths 11862287 (29310.8s) AMD Radeon RX 9070 XT (RADV GFX1201)
tick 3970000 alive   857635 genomes  231004 energy   210.1 births 11873853 deaths 11876564 (29317.1s) AMD Radeon RX 9070 XT (RADV GFX1201)
tick 3971000 alive   861459 genomes  230766 energy   209.8 births 11990311 deaths 11986487 (29323.5s) AMD Radeon RX 9070 XT (RADV GFX1201)
tick 3972000 alive   864214 genomes  230121 energy   210.0 births 12110728 deaths 12107973 (29329.7s) AMD Radeon RX 9070 XT (RADV GFX1201)
tick 3973000 alive   863256 genomes  228736 energy   210.2 births 12010921 deaths 12011879 (29336.1s) AMD Radeon RX 9070 XT (RADV GFX1201)
tick 3974000 alive   862415 genomes  228208 energy   210.3 births 11990903 deaths 11991744 (29342.5s) AMD Radeon RX 9070 XT (RADV GFX1201)
tick 3975000 alive   863740 genomes  229274 energy   210.2 births 11988729 deaths 11987404 (29348.9s) AMD Radeon RX 9070 XT (RADV GFX1201)
tick 3976000 alive   866207 genomes  228378 energy   210.3 births 11994871 deaths 11992404 (29355.3s) AMD Radeon RX 9070 XT (RADV GFX1201)
tick 3977000 alive   861183 genomes  228021 energy   210.3 births 11935638 deaths 11940662 (29361.6s) AMD Radeon RX 9070 XT (RADV GFX1201)
tick 3978000 alive   861287 genomes  229125 energy   210.6 births 11910536 deaths 11910432 (29367.9s) AMD Radeon RX 9070 XT (RADV GFX1201)
tick 3979000 alive   859478 genomes  228720 energy   210.6 births 11858927 deaths 11860736 (29374.3s) AMD Radeon RX 9070 XT (RADV GFX1201)
tick 3980000 alive   863321 genomes  228083 energy   210.1 births 11901010 deaths 11897167 (29380.7s) AMD Radeon RX 9070 XT (RADV GFX1201)
tick 3981000 alive   865975 genomes  226843 energy   210.4 births 12038166 deaths 12035512 (29387.0s) AMD Radeon RX 9070 XT (RADV GFX1201)
tick 3982000 alive   868782 genomes  226814 energy   210.1 births 12011944 deaths 12009137 (29393.3s) AMD Radeon RX 9070 XT (RADV GFX1201)
tick 3983000 alive   865124 genomes  226973 energy   210.5 births 11999305 deaths 12002963 (29399.7s) AMD Radeon RX 9070 XT (RADV GFX1201)
tick 3984000 alive   860370 genomes  227562 energy   210.6 births 11862640 deaths 11867394 (29406.1s) AMD Radeon RX 9070 XT (RADV GFX1201)
tick 3985000 alive   862099 genomes  227506 energy   209.9 births 11906750 deaths 11905021 (29412.5s) AMD Radeon RX 9070 XT (RADV GFX1201)
tick 3986000 alive   867553 genomes  224978 energy   209.5 births 12083443 deaths 12077989 (29418.8s) AMD Radeon RX 9070 XT (RADV GFX1201)
tick 3987000 alive   864125 genomes  226885 energy   209.9 births 12043832 deaths 12047260 (29425.1s) AMD Radeon RX 9070 XT (RADV GFX1201)
tick 3988000 alive   860707 genomes  226718 energy   210.2 births 11939987 deaths 11943405 (29431.5s) AMD Radeon RX 9070 XT (RADV GFX1201)
tick 3989000 alive   866672 genomes  226071 energy   209.6 births 11985472 deaths 11979507 (29437.9s) AMD Radeon RX 9070 XT (RADV GFX1201)
tick 3990000 alive   859951 genomes  226750 energy   210.2 births 12009021 deaths 12015742 (29444.2s) AMD Radeon RX 9070 XT (RADV GFX1201)
tick 3991000 alive   859927 genomes  227499 energy   210.5 births 11813526 deaths 11813550 (29450.5s) AMD Radeon RX 9070 XT (RADV GFX1201)
tick 3992000 alive   852624 genomes  228652 energy   211.1 births 11740109 deaths 11747412 (29456.9s) AMD Radeon RX 9070 XT (RADV GFX1201)
tick 3993000 alive   847241 genomes  230270 energy   210.7 births 11565576 deaths 11570959 (29463.3s) AMD Radeon RX 9070 XT (RADV GFX1201)
tick 3994000 alive   851095 genomes  231617 energy   210.3 births 11587959 deaths 11584105 (29469.9s) AMD Radeon RX 9070 XT (RADV GFX1201)
tick 3995000 alive   851794 genomes  233014 energy   211.1 births 11613529 deaths 11612830 (29476.3s) AMD Radeon RX 9070 XT (RADV GFX1201)
tick 3996000 alive   845105 genomes  234106 energy   210.8 births 11491810 deaths 11498499 (29482.5s) AMD Radeon RX 9070 XT (RADV GFX1201)
tick 3997000 alive   842952 genomes  233999 energy   210.8 births 11485975 deaths 11488128 (29488.9s) AMD Radeon RX 9070 XT (RADV GFX1201)
tick 3998000 alive   851788 genomes  234935 energy   210.2 births 11593345 deaths 11584509 (29495.3s) AMD Radeon RX 9070 XT (RADV GFX1201)
tick 3999000 alive   850251 genomes  233549 energy   210.6 births 11641662 deaths 11643199 (29501.7s) AMD Radeon RX 9070 XT (RADV GFX1201)
tick 4000000 alive   843736 genomes  234061 energy   211.4 births 11471739 deaths 11478254 (29508.1s) AMD Radeon RX 9070 XT (RADV GFX1201)
done 4000000 ticks in 29508.1s
