tick,alive,distinct_genomes,mean_energy,births,deaths
0,52104,52104,64.00,0,0
1000,1039489,296208,172.30,20805792,19818407
2000,1041906,227365,193.15,22571043,22568626
3000,1038147,186855,198.13,19650326,19654085
4000,1032411,175429,198.15,19026768,19032504
5000,1026892,180327,198.17,19043648,19049167
6000,1019851,190549,198.80,18774785,18781826
7000,1005569,198256,200.29,18139763,18154045
8000,988371,207118,201.26,17494849,17512047
9000,974466,215963,202.32,16937524,16951429
10000,958327,223035,203.24,16285396,16301535
11000,950947,231707,204.28,15774845,15782225
12000,939270,238612,205.32,15257917,15269594
13000,928696,244997,206.31,14683739,14694313
14000,910093,251529,207.34,14055991,14074594
15000,894297,255256,207.71,13476522,13492318
16000,891736,260097,208.38,13196342,13198903
17000,883448,264558,208.89,12917762,12926050
18000,867146,268277,209.53,12452564,12468866
19000,864648,271143,210.28,12149706,12152204
20000,858223,270907,210.58,11911946,11918371
21000,857716,272970,211.25,11765251,11765758
22000,854656,272743,211.03,11592751,11595811
23000,848652,274537,211.57,11455437,11461441
24000,848526,275211,211.38,11397502,11397628
25000,841585,275430,211.87,11295396,11302337
26000,847421,276375,211.62,11281635,11275799
27000,845533,276020,211.71,11232223,11234111
28000,840706,276285,211.74,11208501,11213328
29000,845110,275691,211.35,11170735,11166331
30000,843535,275836,211.73,11257937,11259512
31000,839907,276807,212.49,11129722,11133350
32000,837201,276891,212.14,10983792,10986498
33000,839492,277394,212.47,11001402,10999111
34000,837070,277606,212.98,10905212,10907634
35000,831548,278280,212.78,10803558,10809080
36000,838439,276482,212.00,10919795,10912904
37000,847033,277644,212.36,11125960,11117366
38000,837921,277154,212.96,11025841,11034953
39000,834386,277038,212.38,10884808,10888343
40000,838856,277470,212.63,10962681,10958211
41000,837929,277934,212.83,10912342,10913269
42000,833767,277157,212.82,10837919,10842081
43000,831739,275453,211.99,10895096,10897124
44000,843555,276656,212.13,11018081,11006265
45000,838650,275310,212.75,10935252,10940157
46000,832765,275310,213.09,10819124,10825009
47000,838342,277351,213.11,10885452,10879875
48000,834950,276575,212.92,10825991,10829383
49000,838659,276832,212.80,10891165,10887456
50000,840142,276923,212.11,10970622,10969139
51000,840549,275619,212.50,11070014,11069607
52000,843542,275410,212.36,11039817,11036824
53000,842995,275195,212.65,11063420,11063967
54000,836433,273429,211.77,10961089,10967651
55000,843977,272639,212.33,11101847,11094303
56000,846940,272100,212.46,11109905,11106942
57000,840813,270699,212.59,11024837,11030964
58000,840183,269695,212.32,10988260,10988890
59000,846724,271707,212.38,11139480,11132939
60000,842404,270374,212.31,11071368,11075688
61000,841479,271577,212.17,11065936,11066861
62000,843118,270631,211.96,11058579,11056940
63000,844851,270141,212.79,11114963,11113230
64000,844656,269774,212.12,11073494,11073689
65000,845693,268988,211.71,11202210,11201173
66000,848951,267047,212.36,11251319,11248061
67000,846220,266522,212.11,11181377,11184108
68000,845548,266136,212.04,11211635,11212307
69000,845971,264254,211.91,11219372,11218949
70000,854865,265128,211.86,11384717,11375823
71000,846978,263670,212.04,11299679,11307566
72000,845480,263042,211.93,11249656,11251154
73000,853617,264294,212.10,11369723,11361586
74000,847404,263509,212.02,11322664,11328877
75000,853978,261495,211.33,11469831,11463257
76000,858396,258892,211.69,11577175,11572757
77000,856160,259088,211.73,11576757,11578993
78000,857241,259814,211.54,11544178,11543097
79000,856700,260173,211.18,11640998,11641539
80000,857578,259415,210.88,11586533,11585655
81000,855925,258369,211.27,11676824,11678477
82000,859324,257097,210.95,11631807,11628408
83000,860815,257447,211.24,11688859,11687368
84000,858552,258863,211.20,11630256,11632519
85000,858925,258700,211.35,11680463,11680090
86000,853138,257625,211.33,11591636,11597423
87000,859627,255902,211.03,11670699,11664210
88000,861646,254414,211.30,11780082,11778063
89000,857749,253762,211.42,11656115,11660012
90000,864225,253311,211.15,11781914,11775438
91000,860165,252435,211.22,11700603,11704663
92000,860315,250669,211.58,11693233,11693083
93000,860096,250222,211.19,11696304,11696523
94000,861467,246784,210.90,11826051,11824680
95000,867641,245781,210.24,11892900,11886726
96000,868484,245480,210.24,12113924,12113081
97000,865228,243756,209.83,12037298,12040554
98000,868523,241916,210.23,12104932,12101637
99000,867743,241260,209.85,12138131,12138911
100000,869278,239543,210.33,12129123,12127588
101000,872494,239468,209.76,12219285,12216069
102000,872711,239619,210.03,12306990,12306773
103000,867157,239713,209.99,12164967,12170521
104000,866445,239631,209.89,12138736,12139448
105000,871805,238705,210.05,12162768,12157408
106000,871449,241122,209.79,12293319,12293675
107000,866633,241163,210.15,12227099,12231915
108000,868221,242491,209.58,12175688,12174100
109000,867466,242213,210.03,12227858,12228613
110000,865013,242812,209.77,12138846,12141299
111000,868118,241410,209.55,12246960,12243855
112000,872324,241877,209.96,12299025,12294819
113000,869903,241405,209.79,12241724,12244145
114000,866759,240380,209.81,12105147,12108291
115000,864265,240917,210.21,12054601,12057095
116000,865516,241316,209.83,12081002,12079751
117000,863992,239156,210.49,12060327,12061851
118000,863173,236826,209.81,12012887,12013706
119000,875115,237428,209.59,12212845,12200903
120000,868179,236819,210.13,12221064,12228000
121000,871114,235664,209.78,12193917,12190982
122000,872562,235827,209.86,12252617,12251169
123000,868475,234499,209.76,12258080,12262167
124000,868903,232833,209.89,12199750,12199322
125000,869366,232832,209.73,12300133,12299670
126000,872755,232806,209.58,12328622,12325233
127000,870514,233015,209.46,12289771,12292012
128000,866833,234657,209.88,12234287,12237968
129000,867214,236195,209.35,12240003,12239622
130000,867615,234635,209.75,12242601,12242200
131000,866467,232942,209.11,12272208,12273356
132000,871237,232785,209.35,12377841,12373071
133000,870329,233475,209.87,12397223,12398131
134000,865292,232456,209.67,12162520,12167557
135000,869875,233221,209.54,12270429,12265846
136000,866873,233685,209.06,12292361,12295363
137000,871089,230149,208.51,12431993,12427777
138000,877379,227222,208.93,12555573,12549283
139000,880432,225618,209.21,12570375,12567322
140000,875160,226331,209.20,12478458,12483730
141000,872634,224960,209.49,12480252,12482778
142000,881552,224856,208.52,12586456,12577538
143000,878890,225610,209.54,12636522,12639184
144000,871591,226018,209.08,12479392,12486691
145000,869376,227543,209.31,12448544,12450759
146000,876295,228265,209.36,12456098,12449179
147000,873724,230261,209.34,12430941,12433512
148000,867035,230034,209.64,12355267,12361956
149000,871430,228727,208.96,12313574,12309179
150000,870908,226679,208.86,12412985,12413507
151000,879217,226155,208.99,12585302,12576993
152000,880343,223803,208.86,12656036,12654910
153000,879639,222729,209.30,12588788,12589492
154000,881697,224077,209.58,12558537,12556479
155000,873550,224428,209.11,12524599,12532746
156000,879468,222012,208.55,12537356,12531438
157000,879943,224576,209.43,12657778,12657303
158000,872548,225963,208.61,12491407,12498802
159000,876581,227189,208.98,12614735,12610702
160000,873403,226967,208.97,12451662,12454840
161000,868985,228012,209.51,12374139,12378557
162000,865318,227736,209.50,12247508,12251175
163000,869336,229305,209.16,12292745,12288727
164000,867499,229802,209.00,12326190,12328027
165000,868256,228573,209.29,12294713,12293956
166000,869701,230455,209.78,12288671,12287226
167000,868099,228346,209.72,12148374,12149976
168000,865931,229367,209.78,12165182,12167350
169000,866341,230220,209.70,12192368,12191958
170000,867808,231123,209.51,12148823,12147356
171000,866347,232784,209.84,12215535,12216996
172000,861826,232882,209.66,12125866,12130387
173000,863845,233015,209.84,12101902,12099883
174000,865619,231701,209.72,12106319,12104545
175000,868765,231537,209.94,12175546,12172400
176000,863441,232782,209.55,12142808,12148132
177000,863176,231767,209.77,12099079,12099344
178000,867731,229494,209.71,12149081,12144526
179000,868413,229747,209.85,12179489,12178807
180000,866339,229031,210.03,12146391,12148465
181000,862846,229012,209.67,12161701,12165194
182000,866059,227659,208.68,12174117,12170904
183000,871379,227197,208.79,12397432,12392112
184000,868538,228289,209.42,12319456,12322297
185000,868742,229378,209.24,12330969,12330765
186000,863430,231378,209.63,12159800,12165112
187000,860614,232813,209.88,12083691,12086507
188000,855050,230164,209.93,11985453,11991017
189000,862863,231229,208.96,12067146,12059333
190000,867895,228888,209.41,12228347,12223315
191000,869310,229400,209.07,12299506,12298091
192000,865071,229118,209.35,12275983,12280222
193000,865773,228601,209.01,12230464,12229762
194000,865770,228916,209.78,12175466,12175469
195000,864330,229326,209.96,12098510,12099950
196000,859798,230452,209.56,11955560,11960092
197000,859723,229569,209.51,11981788,11981863
198000,859736,230712,209.56,12069234,12069221
199000,866668,232142,209.50,12163323,12156391
200000,859658,232652,209.51,12020857,12027867
201000,860779,232775,209.91,12020835,12019714
202000,863040,233790,209.94,12016995,12014734
203000,863535,235135,210.28,11974950,11974455
204000,853658,233758,209.91,11849116,11858993
205000,858131,234273,210.41,11842805,11838332
206000,856791,235079,209.98,11806860,11808200
207000,853923,235756,210.16,11776512,11779380
208000,858341,234780,210.21,11836788,11832370
209000,856656,235617,210.21,11786769,11788454
210000,854952,234225,210.52,11786862,11788566
211000,851893,234617,210.06,11753959,11757018
212000,857044,233689,210.30,11834869,11829718
213000,856714,234175,210.25,11790955,11791285
214000,857509,232344,210.48,11837550,11836755
215000,857786,231919,210.64,11815282,11815005
216000,858942,232612,210.54,11834725,11833569
217000,854896,232744,210.21,11779329,11783375
218000,852255,232200,210.40,11748847,11751488
219000,860221,234948,210.10,11820607,11812641
220000,852846,234950,210.84,11733735,11741110
221000,853030,234132,209.58,11687464,11687280
222000,857872,234840,210.30,11949169,11944327
223000,852114,233877,210.86,11718971,11724729
224000,856305,235301,210.36,11713517,11709326
225000,846571,235488,210.23,11642579,11652313
226000,853047,235464,210.06,11743594,11737118
227000,854379,235749,210.53,11814864,11813532
228000,853993,236803,211.02,11676480,11676866
229000,848098,237930,211.34,11518027,11523922
230000,846064,237915,210.54,11424715,11426749
231000,847198,238144,210.57,11522583,11521449
232000,850518,237526,210.61,11587539,11584219
233000,854950,236125,210.43,11677902,11673470
234000,853334,237999,211.06,11629479,11631095
235000,850204,235048,210.79,11530853,11533983
236000,855113,234971,211.06,11619044,11614135
237000,854189,235859,210.67,11636462,11637386
238000,853342,235955,210.65,11664970,11665817
239000,851698,235158,210.26,11641394,11643038
240000,853588,234355,210.13,11758485,11756595
241000,853778,232669,210.06,11773635,11773445
242000,858552,232235,210.75,11802115,11797341
243000,855411,229639,210.06,11853877,11857018
244000,862055,229339,209.95,11937613,11930969
245000,864487,229897,210.28,12009348,12006916
246000,860864,228588,209.85,11938445,11942068
247000,861545,227954,210.41,11941014,11940333
248000,858016,229882,211.01,11866604,11870133
249000,856220,232045,210.98,11753946,11755742
250000,851009,233006,210.84,11618583,11623794
251000,853107,234335,210.57,11580359,11578261
252000,855880,233138,210.41,11743831,11741058
253000,853234,233023,211.10,11650882,11653528
254000,855120,233116,210.27,11655471,11653585
255000,851308,233329,210.50,11727784,11731596
256000,853899,232627,210.36,11785239,11782648
257000,855033,230102,210.69,11725285,11724151
258000,856516,232045,211.00,11721189,11719706
259000,850187,230212,210.38,11600810,11607139
260000,857023,230337,210.37,11750384,11743548
261000,863662,230492,210.33,11934753,11928114
262000,857160,231022,210.33,11849686,11856188
263000,859430,229528,210.06,11802637,11800367
264000,860363,229107,210.27,11852448,11851515
265000,859030,229684,210.31,11827783,11829116
266000,861372,231137,210.18,11889430,11887088
267000,857695,231045,210.57,11851512,11855189
268000,855615,230960,210.50,11772888,11774968
269000,854154,230467,210.43,11748145,11749606
270000,851202,228714,210.26,11728993,11731945
271000,857498,230077,210.25,11769952,11763656
272000,853666,231890,210.85,11738420,11742252
273000,853137,233790,211.02,11597701,11598230
274000,848539,232929,210.84,11533490,11538088
275000,854817,234159,210.67,11666115,11659837
276000,850568,233971,210.10,11629011,11633260
277000,852745,234749,210.63,11736496,11734319
278000,851752,233006,210.94,11531290,11532283
279000,853409,235185,211.32,11543673,11542016
280000,843428,235268,210.85,11503352,11513333
281000,849095,235599,211.10,11543217,11537550
282000,850192,233778,211.07,11542330,11541233
283000,853707,234994,211.03,11631660,11628145
284000,849045,233964,211.17,11490447,11495109
285000,853831,233756,211.00,11566068,11561282
286000,854668,234569,210.33,11692158,11691321
287000,850786,233855,211.18,11605407,11609289
288000,855876,235196,211.10,11574366,11569276
289000,850578,236284,210.58,11560033,11565331
290000,858216,237992,210.27,11709669,11702031
291000,852778,237208,210.53,11716899,11722337
292000,854151,236312,210.38,11721454,11720081
293000,849457,235939,210.79,11605967,11610661
294000,851786,236014,210.44,11607034,11604705
295000,850584,236970,210.53,11618020,11619222
296000,851449,236462,210.74,11649264,11648399
297000,853733,236185,210.74,11590183,11587899
298000,856157,235338,211.22,11663608,11661184
299000,851152,237629,211.03,11564757,11569762
300000,847985,237985,210.14,11628280,11631447
301000,849598,237474,210.23,11682742,11681129
302000,854242,237219,209.76,11726019,11721375
303000,851945,235747,210.39,11739032,11741329
304000,850492,234753,210.25,11649406,11650859
305000,857324,234007,210.05,11767743,11760911
306000,854724,235110,210.50,11808100,11810700
307000,853269,234848,210.24,11730465,11731920
308000,858969,234218,209.76,11781272,11775572
309000,855065,234444,210.36,11807199,11811103
310000,857800,234723,210.44,11770708,11767973
311000,854094,233839,210.38,11733058,11736764
312000,852646,233136,209.85,11829929,11831377
313000,861386,232564,210.49,11841692,11832952
314000,858211,233318,210.68,11724087,11727262
315000,854423,234000,210.35,11675558,11679346
316000,857075,232585,210.50,11775526,11772874
317000,852188,231268,210.53,11693403,11698290
318000,855788,231103,210.77,11627210,11623610
319000,857544,230281,210.68,11701927,11700171
320000,859148,232592,210.97,11697912,11696308
321000,847790,231573,210.36,11603079,11614437
322000,852343,233121,210.61,11647683,11643130
323000,852072,234571,211.03,11667319,11667590
324000,851568,235792,210.60,11585025,11585529
325000,847058,235476,210.86,11564767,11569277
326000,846750,234590,210.89,11523674,11523982
327000,849822,233741,210.68,11517596,11514524
328000,853456,234623,210.96,11573712,11570078
329000,853624,233563,210.85,11584766,11584598
330000,855985,232962,210.80,11605200,11602839
331000,851920,232471,211.20,11563356,11567421
332000,853379,235023,211.15,11624171,11622712
333000,854302,236130,211.04,11568449,11567526
334000,851518,237031,211.16,11540998,11543782
335000,850009,236255,210.40,11519021,11520530
336000,858943,234524,209.83,11809320,11800386
337000,858942,232903,210.45,11853306,11853307
338000,860937,232846,210.33,11862628,11860633
339000,855974,232066,210.48,11754661,11759624
340000,853059,232121,210.32,11642871,11645786
341000,854855,230597,210.03,11678950,11677154
342000,860280,230271,210.39,11841072,11835647
343000,859368,230719,210.36,11845748,11846660
344000,854352,228943,210.15,11781836,11786852
345000,860188,227511,210.44,11832283,11826447
346000,861179,227685,209.86,11844410,11843419
347000,864424,226930,209.92,11995810,11992565
348000,866398,227931,210.17,11988140,11986166
349000,858578,228466,210.46,11876868,11884688
350000,856375,229956,210.07,11739753,11741956
351000,856084,230704,210.34,11756151,11756442
352000,855637,231439,210.58,11704392,11704839
353000,854565,231784,210.36,11716254,11717326
354000,854550,231919,210.16,11729070,11729085
355000,858149,229922,210.34,11773447,11769848
356000,859092,229603,210.56,11807494,11806551
357000,856030,231029,210.96,11794595,11797657
358000,848108,232762,210.97,11485227,11493149
359000,848067,234453,211.04,11524995,11525036
360000,849293,237392,210.97,11458494,11457268
361000,846792,237112,210.70,11492458,11494959
362000,849658,236684,210.67,11522515,11519649
363000,849880,237844,210.78,11489023,11488801
364000,846838,236314,211.13,11479024,11482066
365000,852233,236926,210.66,11533303,11527908
366000,851180,236656,210.42,11661169,11662222
367000,851885,235450,210.71,11660621,11659916
368000,852425,232452,210.35,11716670,11716130
369000,859331,232052,210.23,11829806,11822900
370000,858558,231885,209.97,11811577,11812350
371000,855473,232488,210.28,11829965,11833050
372000,855096,232367,210.15,11790377,11790754
373000,854176,232253,210.20,11754801,11755721
374000,853295,231180,210.13,11757988,11758869
375000,857662,232209,210.04,11834401,11830034
376000,861851,233468,210.35,11961434,11957245
377000,858781,235607,210.46,11882273,11885343
378000,852398,236680,210.16,11756734,11763117
379000,850434,234551,210.16,11677117,11679081
380000,856409,233001,210.04,11805069,11799094
381000,857670,232024,210.37,11890558,11889297
382000,857232,231446,210.23,11796771,11797209
383000,862924,229774,210.17,11938140,11932448
384000,861359,228664,210.09,11938768,11940333
385000,860295,228196,209.87,11883736,11884800
386000,863912,227929,209.73,12043527,12039910
387000,860901,226473,209.85,11984448,11987459
388000,865735,227453,209.54,12104381,12099547
389000,861254,226397,210.16,12089399,12093880
390000,859342,228666,210.27,11908252,11910164
391000,859114,229358,210.41,11880443,11880671
392000,855798,228163,209.91,11834903,11838219
393000,863379,227450,209.86,11912267,11904686
394000,861660,229476,210.26,11954689,11956408
395000,852477,230492,210.62,11741903,11751086
396000,857967,231161,210.05,11732997,11727507
397000,853526,231520,210.48,11722437,11726878
398000,856527,231447,210.23,11794877,11791876
399000,852652,230819,210.38,11755983,11759858
400000,851738,230756,210.87,11708828,11709742
401000,852142,232094,210.93,11583687,11583283
402000,853643,233539,211.27,11567424,11565923
403000,848968,233009,210.84,11528531,11533206
404000,847723,232585,210.72,11468320,11469565
405000,852159,232911,211.03,11578579,11574143
406000,847379,234696,211.35,11485423,11490203
407000,848710,234326,210.26,11512167,11510836
408000,850481,232371,210.71,11727368,11725597
409000,851278,233391,211.04,11570961,11570164
410000,845812,234984,210.82,11442810,11448276
411000,845314,235049,210.62,11497795,11498293
412000,853844,235060,210.81,11619174,11610644
413000,846585,233899,211.24,11446024,11453283
414000,848154,234430,210.95,11478769,11477200
415000,846581,234664,210.93,11452548,11454121
416000,843372,231700,210.78,11420933,11424142
417000,848012,232345,210.36,11514431,11509791
418000,855152,232643,210.33,11750753,11743613
419000,853442,231521,210.14,11719352,11721062
420000,856104,230327,210.51,11740117,11737455
421000,857416,231480,210.25,11772096,11770784
422000,855624,229989,210.52,11759054,11760846
423000,856164,229879,210.46,11792781,11792241
424000,856476,230663,210.05,11757818,11757506
425000,859247,232574,209.89,11832734,11829963
426000,853074,233631,210.33,11792925,11799098
427000,854691,233285,210.91,11678610,11676993
428000,850589,233279,210.55,11605571,11609673
429000,854284,233087,210.70,11725847,11722152
430000,851656,233833,210.71,11638762,11641390
431000,849816,231012,210.30,11646033,11647873
432000,861750,230073,209.85,11833103,11821169
433000,864565,227720,210.05,12016268,12013453
434000,858913,226872,210.35,11882488,11888140
435000,857053,228014,209.91,11853935,11855795
436000,854474,226799,210.28,11815557,11818136
437000,858733,228370,210.27,11831266,11827007
438000,857377,229959,210.75,11783207,11784563
439000,847993,231005,211.23,11511714,11521098
440000,853080,232314,210.30,11689236,11684149
441000,851117,231011,210.45,11658994,11660957
442000,855828,233103,210.12,11672897,11668186
443000,852336,231543,210.91,11672503,11675995
444000,850168,232922,210.37,11592340,11594508
445000,848500,234617,210.88,11602884,11604552
446000,847129,233084,210.51,11509445,11510816
447000,853121,231372,210.54,11635746,11629754
448000,854114,232096,210.66,11624494,11623501
449000,846822,233196,210.98,11581150,11588442
450000,852507,234723,210.45,11565075,11559390
451000,848168,233233,210.70,11611056,11615395
452000,845230,232306,210.88,11528462,11531400
453000,854377,233172,210.15,11614224,11605077
454000,854936,232402,210.31,11759280,11758721
455000,849232,229829,210.61,11686263,11691967
456000,852046,228654,210.82,11575658,11572844
457000,855949,228864,210.44,11638427,11634524
458000,858243,227868,210.56,11789918,11787624
459000,855616,226325,210.11,11785468,11788095
460000,861234,227102,209.98,11900401,11894783
461000,866709,226022,210.93,11956982,11951507
462000,860175,227727,210.56,11897668,11904202
463000,855273,227014,210.75,11799100,11804002
464000,863469,228801,209.84,11900351,11892155
465000,858032,229376,210.20,11921485,11926922
466000,852864,227537,210.62,11773855,11779023
467000,856470,228978,210.48,11733795,11730189
468000,854236,228280,210.44,11765224,11767458
469000,855186,229913,210.23,11802791,11801841
470000,851273,229762,210.25,11701229,11705142
471000,858556,230474,211.11,11682419,11675136
472000,854311,234848,211.11,11569260,11573505
473000,846187,236380,211.01,11369252,11377376
474000,846587,236310,210.72,11379119,11378719
475000,849267,236373,211.71,11478079,11475399
476000,846356,235106,211.21,11310212,11313123
477000,849038,235742,211.11,11416734,11414052
478000,846272,236322,211.04,11474141,11476907
479000,849639,236213,210.86,11521185,11517818
480000,849908,236942,210.89,11488679,11488410
481000,848592,236859,211.05,11518848,11520164
482000,850253,236726,210.39,11561381,11559720
483000,852486,236754,210.52,11635236,11633003
484000,849921,235771,210.06,11644653,11647218
485000,858874,235674,210.46,11745713,11736760
486000,847832,235981,210.92,11578896,11589938
487000,853953,236638,210.78,11482586,11476465
488000,849652,236338,210.95,11547548,11551849
489000,851375,235754,210.56,11539884,11538161
490000,854011,235121,210.65,11575927,11573291
491000,852757,233189,210.47,11631643,11632897
492000,859944,231806,210.69,11736112,11728925
493000,858105,232221,211.37,11679376,11681215
494000,851935,231249,210.78,11586822,11592992
495000,856423,231179,210.57,11654406,11649918
496000,852191,231117,210.96,11671857,11676089
497000,853222,230872,210.53,11633112,11632081
498000,861470,232250,210.21,11814009,11805761
499000,855246,231332,210.52,11825183,11831407
500000,854958,231171,210.40,11736210,11736498
501000,855428,232000,210.47,11755679,11755209
502000,852665,233334,210.49,11721265,11724028
503000,854846,232646,210.35,11690742,11688561
504000,853536,232196,210.07,11751358,11752668
505000,854386,230937,210.06,11817545,11816695
506000,855804,231690,210.17,11864359,11862941
507000,859470,230316,210.06,11924716,11921050
508000,853052,231760,209.88,11823990,11830408
509000,854143,230791,209.80,11821897,11820806
510000,860252,230314,210.11,11925293,11919184
511000,854648,230032,210.56,11849952,11855556
512000,856130,229391,209.67,11846115,11844633
513000,857969,228840,210.44,11881966,11880127
514000,862063,229430,210.31,11847862,11843768
515000,857279,228909,210.68,11842752,11847536
516000,855632,226865,210.19,11690780,11692427
517000,857296,228262,210.91,11761072,11759408
518000,857029,229305,211.18,11682351,11682618
519000,852542,230025,210.90,11595865,11600352
520000,860517,232215,210.90,11721886,11713911
521000,856363,231709,210.82,11667952,11672106
522000,856406,230911,210.88,11642852,11642809
523000,857514,230537,210.73,11700113,11699005
524000,853797,231050,210.44,11624933,11628650
525000,858162,228770,210.52,11680746,11676381
526000,856016,228647,210.37,11773533,11775679
527000,858099,228863,211.23,11737463,11735380
528000,856001,229493,211.06,11677815,11679913
529000,854874,229286,210.35,11617689,11618816
530000,855364,229978,210.68,11744305,11743815
531000,852034,230113,210.80,11623364,11626694
532000,850901,231876,210.98,11698242,11699375
533000,855218,230586,210.34,11617381,11613064
534000,857627,229925,210.29,11782051,11779642
535000,856272,230174,210.98,11758381,11759736
536000,856312,228734,210.23,11752118,11752078
537000,859932,228492,210.51,11820911,11817291
538000,857019,229191,210.06,11854494,11857407
539000,856009,229411,210.53,11813006,11814016
540000,852604,230464,210.71,11661152,11664557
541000,849526,230628,210.62,11626296,11629374
542000,851351,230695,210.46,11559939,11558114
543000,851712,232062,210.19,11645785,11645424
544000,854078,233514,210.68,11676395,11674029
545000,852006,234400,210.29,11661540,11663612
546000,850750,231958,210.69,11648088,11649344
547000,857077,234006,210.67,11690819,11684492
548000,849645,234946,211.25,11529730,11537162
549000,849166,236389,210.34,11471671,11472150
550000,849587,236488,210.69,11588237,11587816
551000,848476,239396,210.77,11474057,11475168
552000,840757,238325,211.04,11429544,11437263
553000,845943,237569,210.52,11424732,11419546
554000,850360,237894,211.66,11503438,11499021
555000,841984,238265,210.61,11294427,11302803
556000,848318,237650,210.21,11599964,11593630
557000,852970,236131,210.28,11685350,11680698
558000,856461,234522,210.41,11702597,11699106
559000,852240,234809,210.45,11662045,11666266
560000,853424,233656,210.82,11665248,11664064
561000,851121,231324,210.21,11728864,11731167
562000,858566,230506,209.96,11921418,11913973
563000,861986,227569,209.93,11979028,11975608
564000,862116,225715,210.05,12024939,12024809
565000,862260,226164,209.38,12041436,12041292
566000,871234,225356,209.48,12197233,12188259
567000,870905,224094,210.23,12269196,12269525
568000,866516,224301,209.72,12225300,12229689
569000,871389,223191,209.42,12241640,12236767
570000,870002,224281,209.42,12311289,12312676
571000,869337,224495,209.67,12264596,12265261
572000,865694,226806,210.12,12141849,12145492
573000,862896,229206,210.14,12052988,12055786
574000,859076,229087,210.00,11995416,11999236
575000,863211,229273,209.87,12007594,12003459
576000,859836,228301,210.29,11950447,11953822
577000,862664,229009,210.17,11963175,11960347
578000,860186,229573,210.65,11881807,11884285
579000,855360,229978,210.31,11747435,11752261
580000,860078,229716,209.77,11955324,11950606
581000,862965,229398,210.24,11946347,11943460
582000,852946,228418,210.53,11769035,11779054
583000,858450,230050,210.54,11761518,11756014
584000,853487,231621,210.91,11767124,11772087
585000,852873,231422,210.24,11619293,11619907
586000,851483,232541,210.35,11703433,11704823
587000,855296,232677,210.03,11749884,11746071
588000,854181,235315,210.44,11827560,11828675
589000,848175,233126,210.97,11598610,11604616
590000,851923,235986,210.91,11605654,11601906
591000,848707,234407,211.03,11513280,11516496
592000,848440,234424,210.53,11565050,11565317
593000,850387,233613,210.30,11720452,11718505
594000,853944,232603,210.21,11745628,11742071
595000,858390,234005,210.37,11806448,11802002
596000,847694,233724,210.60,11664046,11674742
597000,845432,233678,210.14,11602190,11604452
598000,855499,234750,209.79,11840133,11830066
599000,853308,234100,209.84,11793765,11795956
600000,855265,233481,210.37,11845717,11843760
601000,851449,233866,210.19,11655035,11658851
602000,850862,234057,210.65,11685725,11686312
603000,854285,232291,210.45,11715305,11711882
604000,855563,231638,210.68,11726925,11725647
605000,853604,232234,210.96,11661745,11663704
606000,852766,233569,210.60,11652583,11653421
607000,853028,231012,210.65,11672320,11672058
608000,858093,231111,210.34,11739193,11734128
609000,857438,232574,210.48,11812793,11813448
610000,850550,232048,210.68,11737808,11744696
611000,858935,231878,210.06,11788648,11780263
612000,856958,231224,210.73,11808261,11810238
613000,853102,231635,210.50,11666881,11670737
614000,853833,233803,210.40,11733892,11733161
615000,853957,234345,210.50,11713244,11713120
616000,848053,234357,210.72,11615644,11621548
617000,844801,235203,210.29,11480231,11483483
618000,850900,236444,210.86,11528618,11522519
619000,850378,236695,210.89,11534501,11535023
620000,846173,236851,211.04,11535395,11539600
621000,842667,236844,210.60,11451352,11454858
622000,844946,235601,210.67,11491067,11488788
623000,850062,234271,210.69,11530839,11525723
624000,851956,235043,210.51,11585259,11583365
625000,851024,234262,210.90,11595888,11596820
626000,850700,235960,211.15,11557136,11557460
627000,850315,236743,210.67,11564986,11565371
628000,847017,237033,210.94,11529938,11533236
629000,851791,236353,211.05,11575643,11570869
630000,847707,237913,210.58,11526998,11531082
631000,847366,236348,210.90,11494554,11494895
632000,854522,236476,210.60,11642076,11634920
633000,852520,238037,210.71,11646401,11648403
634000,847472,235748,210.73,11551795,11556843
635000,851225,236940,210.49,11648070,11644317
636000,854135,235829,210.06,11719355,11716445
637000,857325,233903,210.57,11826462,11823272
638000,853689,234538,211.06,11714305,11717941
639000,850959,236045,210.87,11569052,11571782
640000,852670,235103,210.31,11650999,11649288
641000,858118,234679,210.64,11731147,11725699
642000,857766,233971,210.69,11738050,11738402
643000,855839,235113,210.86,11624476,11626403
644000,851822,234031,210.22,11607121,11611138
645000,855370,232331,210.83,11670774,11667226
646000,855687,233687,210.26,11738233,11737916
647000,851567,232122,210.56,11720094,11724214
648000,855098,233359,210.29,11686170,11682639
649000,853888,236274,210.77,11697602,11698812
650000,850655,234935,209.79,11707120,11710353
651000,852884,234812,210.07,11732983,11730754
652000,850421,235189,210.83,11642968,11645431
653000,849018,234145,210.56,11565896,11567299
654000,858274,233352,209.72,11740892,11731636
655000,855884,230529,210.48,11798088,11800478
656000,861044,230810,210.44,11788996,11783836
657000,858448,231540,210.77,11759536,11762132
658000,854730,230263,210.38,11753717,11757435
659000,853018,230609,210.61,11751883,11753595
660000,858255,229635,209.93,11791146,11785909
661000,856623,230082,210.33,11843646,11845278
662000,849556,229760,210.49,11733034,11740101
663000,853747,232202,210.42,11660258,11656067
664000,851828,233664,210.90,11541817,11543736
665000,846205,234020,210.85,11507556,11513179
666000,850421,233602,210.65,11555099,11550883
667000,849715,232356,210.40,11617472,11618178
668000,854878,231712,210.40,11700737,11695574
669000,853064,230329,210.16,11725914,11727728
670000,858816,230694,210.14,11799378,11793626
671000,858068,229848,209.93,11873691,11874439
672000,859675,228376,210.09,11931381,11929774
673000,859016,226822,209.76,11927054,11927713
674000,859014,230150,209.72,11976903,11976905
675000,858111,231856,210.14,11866855,11867758
676000,852231,231820,211.01,11738069,11743949
677000,853576,232232,210.43,11651365,11650020
678000,853862,232101,210.68,11728649,11728363
679000,850192,231584,210.73,11669008,11672678
680000,847202,230932,210.66,11530618,11533608
681000,851493,232341,210.40,11556760,11552469
682000,851714,231527,210.23,11693538,11693317
683000,854296,230839,209.43,11759254,11756672
684000,860176,231020,209.53,11964523,11958643
685000,856088,231258,209.95,11838526,11842614
686000,856019,232330,210.09,11826068,11826137
687000,856570,229467,210.27,11855401,11854850
688000,855298,231010,210.30,11755629,11756901
689000,850835,232988,210.40,11679866,11684329
690000,854075,234235,210.54,11711144,11707904
691000,847453,234516,210.44,11641770,11648392
692000,853076,235294,210.03,11634335,11628712
693000,850440,236397,210.34,11737387,11740023
694000,848750,235318,210.46,11625992,11627682
695000,848675,232937,210.73,11573601,11573676
696000,848208,234030,209.79,11655483,11655950
697000,858871,233551,209.75,11884512,11873849
698000,852576,233439,210.17,11877869,11884164
699000,853470,233132,210.16,11772964,11772070
700000,855603,234996,209.95,11750533,11748400
701000,854405,234614,210.01,11867001,11868199
702000,852676,232386,210.12,11779831,11781560
703000,856132,231730,209.76,11888853,11885397
704000,857895,232908,209.69,11893251,11891488
705000,852866,233326,210.58,11772263,11777292
706000,854642,235446,210.33,11710598,11708822
707000,857982,235348,209.97,11743401,11740061
708000,851741,234658,210.32,11774487,11780728
709000,851521,236015,210.29,11698311,11698531
710000,849318,236121,210.35,11641174,11643377
711000,853520,236025,210.56,11684935,11680733
712000,852393,236177,210.44,11694393,11695520
713000,852247,235292,210.11,11712541,11712687
714000,853200,234853,210.71,11690892,11689939
715000,852676,236012,210.35,11642972,11643496
716000,848834,236234,210.15,11688574,11692416
717000,850141,235653,210.69,11726311,11725004
718000,855483,237025,210.35,11692085,11686743
719000,852217,236413,210.41,11721404,11724670
720000,852624,236389,209.78,11781633,11781226
721000,857294,232603,210.28,11824752,11820082
722000,856869,231588,210.47,11795205,11795630
723000,856845,230486,210.32,11789311,11789335
724000,860712,229462,210.08,11899027,11895160
725000,865107,230220,210.10,11980159,11975764
726000,858254,229651,210.50,11899547,11906400
727000,856469,230973,210.70,11800821,11802606
728000,858057,231719,210.41,11716456,11714868
729000,851561,232234,210.10,11758608,11765104
730000,853307,233531,210.02,11739258,11737512
731000,854041,233075,210.33,11770356,11769622
732000,851364,232701,210.61,11674103,11676780
733000,848200,233907,210.50,11576849,11580013
734000,852278,233155,210.01,11661760,11657682
735000,850682,231936,210.59,11677410,11679006
736000,856792,232282,211.04,11735584,11729474
737000,851668,232801,211.43,11576633,11581757
738000,848386,234111,210.95,11498917,11502199
739000,848651,236032,210.40,11573664,11573399
740000,847807,236414,210.89,11558461,11559305
741000,852637,235396,210.21,11603244,11598414
742000,856064,235326,210.16,11782979,11779552
743000,856588,233367,210.26,11844251,11843727
744000,856634,233697,211.00,11787550,11787504
745000,848777,233453,210.81,11648202,11656059
746000,854622,231843,209.90,11753279,11747434
747000,858885,232475,210.25,11883009,11878746
748000,857733,231194,210.33,11808204,11809356
749000,857454,233903,210.76,11779152,11779431
750000,848344,232625,210.01,11638861,11647971
751000,858838,230842,210.31,11813783,11803289
752000,856762,233306,210.56,11751052,11753128
753000,855702,234461,210.74,11705736,11706796
754000,849650,233841,210.71,11547052,11553104
755000,851895,234783,210.45,11623677,11621432
756000,851579,233840,210.36,11657302,11657618
757000,852415,233870,210.02,11718341,11717505
758000,851043,232592,209.80,11770533,11771905
759000,854798,232721,210.19,11837612,11833857
760000,849980,233096,210.13,11769226,11774044
761000,854168,233862,210.17,11757215,11753027
762000,857378,233228,210.19,11801236,11798026
763000,856597,234146,210.32,11800516,11801297
764000,855025,233893,210.45,11773156,11774728
765000,856781,231979,210.24,11750413,11748657
766000,856787,231285,210.67,11769654,11769648
767000,857473,232880,210.00,11791000,11790314
768000,852591,231872,210.03,11785462,11790344
769000,859610,230434,210.13,11834663,11827644
770000,861855,230295,210.13,11895394,11893149
771000,860573,231974,210.66,11886280,11887562
772000,852389,231981,210.77,11692101,11700285
773000,852454,231387,210.70,11585433,11585368
774000,850296,232497,210.44,11620766,11622924
775000,850433,231681,211.09,11619805,11619668
776000,850341,232256,210.47,11589671,11589763
777000,848398,231946,210.30,11631245,11633188
778000,855295,233031,210.65,11662566,11655669
779000,848195,235304,210.96,11529803,11536903
780000,845120,236697,210.67,11486683,11489758
781000,843849,237038,210.78,11418190,11419461
782000,843037,235988,210.44,11523981,11524793
783000,846197,236799,210.23,11603314,11600154
784000,851969,237372,210.12,11664216,11658444
785000,846216,236500,210.48,11643026,11648779
786000,842998,237906,210.56,11494308,11497526
787000,844333,236374,210.55,11502250,11500915
788000,848725,236862,210.00,11592709,11588317
789000,850975,236362,210.04,11749169,11746919
790000,847296,235287,210.04,11698687,11702366
791000,853092,233697,209.98,11761330,11755534
792000,854399,232017,210.08,11790773,11789466
793000,856900,230058,210.20,11816770,11814269
794000,860833,230957,209.93,11833418,11829485
795000,860010,229751,210.31,11892568,11893391
796000,859177,228677,209.74,11904843,11905676
797000,859595,228969,209.87,12013186,12012768
798000,860509,231081,209.94,11952233,11951319
799000,859638,232060,209.42,11984195,11985066
800000,859276,233153,209.89,12000981,12001343
801000,854095,232921,210.10,11881993,11887174
802000,856100,233229,210.10,11839984,11837979
803000,852544,234200,210.53,11740120,11743676
804000,850045,235621,210.23,11663663,11666162
805000,852509,234791,210.08,11681315,11678851
806000,849840,235385,210.24,11679794,11682463
807000,850453,234826,210.15,11668685,11668072
808000,847881,234360,210.40,11647628,11650200
809000,851078,232796,210.37,11688439,11685242
810000,853747,233063,210.70,11762100,11759431
811000,848622,233200,210.30,11638814,11643939
812000,850712,234483,210.29,11637150,11635060
813000,852996,233602,210.43,11743088,11740804
814000,849834,234608,210.54,11703443,11706605
815000,848265,235144,210.63,11578125,11579694
816000,848954,235093,210.70,11619115,11618426
817000,847896,232546,209.72,11624152,11625210
818000,858209,231639,209.64,11867344,11857031
819000,853462,231253,210.27,11908124,11912871
820000,849709,232041,210.00,11715886,11719639
821000,855739,230347,209.80,11870893,11864863
822000,858283,231651,209.84,11953693,11951149
823000,851415,233450,209.73,11835663,11842531
824000,852313,232267,209.98,11742677,11741779
825000,853951,233241,210.08,11799127,11797489
826000,853559,230764,210.25,11782257,11782649
827000,854592,231419,210.21,11773450,11772417
828000,855168,230522,210.14,11814956,11814380
829000,858124,231003,209.80,11886456,11883500
830000,859247,231339,209.36,11981429,11980306
831000,857141,231818,209.98,11942283,11944389
832000,852998,232481,210.87,11732591,11736734
833000,847581,233237,210.90,11564097,11569514
834000,849359,233325,210.74,11472257,11470479
835000,850174,232809,210.30,11533062,11532247
836000,851001,232037,210.16,11581529,11580702
837000,856131,232887,210.24,11785547,11780417
838000,851746,231570,210.36,11761706,11766091
839000,852844,230758,210.26,11775227,11774129
840000,859264,230135,210.13,11836328,11829908
841000,858836,231514,210.28,11918962,11919390
842000,853652,231105,210.29,11806155,11811339
843000,858048,230871,209.46,11906604,11902208
844000,857272,230795,210.15,11918870,11919646
845000,858235,231628,209.66,11869420,11868457
846000,853603,230806,209.69,11913560,11918192
847000,857495,231728,209.12,11949584,11945692
848000,860522,230790,209.42,12068392,12065365
849000,862178,232799,209.41,12039187,12037531
850000,856885,232031,210.04,11926462,11931755
851000,859746,232713,210.34,11916578,11913717
852000,856463,231834,209.99,11818225,11821508
853000,852312,231371,210.13,11778733,11782884
854000,851230,229916,209.20,11791726,11792808
855000,859064,228915,209.72,11989150,11981316
856000,861124,230529,210.29,11984074,11982014
857000,856641,229979,210.07,11858817,11863300
858000,854818,229808,209.96,11838194,11840017
859000,854064,228645,210.99,11797506,11798260
860000,852863,230799,209.92,11729809,11731010
861000,850464,230392,210.69,11778039,11780438
862000,856386,230578,210.35,11766841,11760919
863000,855099,231319,210.35,11825101,11826388
864000,855752,231202,210.16,11791335,11790682
865000,853712,231517,210.24,11774989,11777029
866000,852069,232410,209.77,11775974,11777617
867000,855335,231079,210.11,11818154,11814888
868000,852615,232121,210.72,11741024,11743744
869000,847843,231911,210.18,11585917,11590689
870000,853027,230713,209.78,11728289,11723105
871000,855220,230811,210.37,11823841,11821648
872000,852959,230848,209.96,11687113,11689374
873000,855257,231349,210.20,11826777,11824479
874000,853821,231151,210.25,11730717,11732153
875000,850766,232678,210.82,11666910,11669965
876000,853796,231333,210.67,11630712,11627682
877000,851232,232666,210.68,11663321,11665885
878000,846046,230627,210.69,11624322,11629508
879000,858301,229531,210.43,11731878,11719623
880000,857882,230246,210.10,11871943,11872362
881000,855137,230491,210.01,11859938,11862683
882000,852790,231782,210.15,11796210,11798557
883000,852511,232853,210.29,11720668,11720947
884000,854159,230926,210.22,11759768,11758120
885000,856859,230899,209.82,11878853,11876153
886000,860206,231497,210.16,11927055,11923708
887000,855762,231279,210.35,11837603,11842047
888000,859210,230792,209.98,11847922,11844474
889000,859850,229431,210.37,11890834,11890194
890000,860763,229397,209.95,11912750,11911837
891000,855947,230634,210.87,11805643,11810459
892000,856699,230236,210.40,11747850,11747098
893000,859663,229309,209.85,11861913,11858949
894000,857971,229686,210.11,11860211,11861903
895000,856585,231880,210.22,11798507,11799893
896000,853124,231173,210.44,11777359,11780820
897000,854933,231748,210.25,11677003,11675194
898000,854092,230292,210.54,11706544,11707385
899000,846222,230313,210.79,11588584,11596454
900000,849756,228476,209.86,11642333,11638799
901000,853616,228392,210.29,11807283,11803423
902000,857523,229431,209.54,11856068,11852161
903000,855331,230679,210.10,11798581,11800773
904000,854101,231840,210.20,11705957,11707187
905000,855774,231541,210.17,11731128,11729455
906000,854513,230825,209.83,11830919,11832180
907000,855751,230952,209.97,11882358,11881120
908000,856794,229966,210.07,11857484,11856441
909000,858007,231140,210.19,11859324,11858111
910000,853159,230762,210.48,11766267,11771115
911000,855122,230779,210.04,11810353,11808390
912000,863730,228899,209.69,12006940,11998332
913000,863683,227469,210.13,12008121,12008168
914000,859476,228404,210.29,11889267,11893474
915000,857652,228030,209.97,11810751,11812575
916000,859426,230202,210.55,11858592,11856818
917000,853537,230527,210.91,11764390,11770279
918000,858165,232202,210.38,11737513,11732885
919000,853213,231651,210.16,11751499,11756451
920000,855500,231412,209.74,11812015,11809728
921000,857778,230468,210.02,11856345,11854067
922000,856717,232543,210.32,11857540,11858601
923000,856069,232980,210.27,11814251,11814899
924000,857194,233072,210.15,11857881,11856756
925000,852359,233188,210.57,11663649,11668484
926000,847494,233834,209.72,11630435,11635300
927000,851231,233860,210.11,11773958,11770221
928000,855141,233850,210.17,11771070,11767160
929000,851383,233795,210.43,11767394,11771152
930000,854161,233631,210.23,11713689,11710911
931000,853263,234788,210.14,11765037,11765935
932000,848623,234511,210.67,11668173,11672813
933000,850009,235015,210.42,11660096,11658710
934000,852673,236079,210.41,11666571,11663907
935000,843316,237675,210.43,11566687,11576044
936000,846420,238698,209.98,11588944,11585840
937000,850041,236750,210.15,11707250,11703629
938000,851577,235514,210.21,11770265,11768729
939000,850820,236031,210.13,11702808,11703565
940000,852729,235557,209.92,11715668,11713759
941000,855475,232499,210.16,11847080,11844334
942000,856778,231755,210.14,11881397,11880094
943000,858136,230038,209.76,11958597,11957239
944000,858224,227339,210.05,11940500,11940412
945000,862933,227875,209.79,11998645,11993936
946000,864274,226111,210.33,12065668,12064327
947000,858457,224663,210.34,11885525,11891342
948000,863661,225035,210.44,12034573,12029369
949000,861203,225031,209.74,12004989,12007447
950000,865583,222575,209.54,12062292,12057912
951000,870007,221913,209.72,12183297,12178873
952000,867876,223540,210.39,12153276,12155407
953000,857309,224584,210.18,11971746,11982313
954000,867224,224454,210.00,12027051,12017136
955000,863952,225673,209.99,12043947,12047219
956000,857675,227790,209.95,11995497,12001774
957000,856934,228762,210.54,11809662,11810403
958000,861755,229384,209.97,11884607,11879786
959000,857695,229660,210.47,11837149,11841209
960000,852299,229172,210.81,11738046,11743442
961000,855082,230164,210.61,11696008,11693225
962000,852357,230310,210.65,11597126,11599851
963000,854217,231350,210.34,11697863,11696003
964000,853208,230272,210.93,11680512,11681521
965000,858073,230912,210.19,11744712,11739847
966000,856110,230598,210.49,11797786,11799749
967000,853529,229365,209.49,11782808,11785389
968000,860393,228584,210.05,11949155,11942291
969000,857308,229504,210.22,11829736,11832821
970000,853880,231015,210.15,11792972,11796400
971000,858192,230442,209.66,11922381,11918069
972000,854710,229872,210.45,11864521,11868003
973000,850693,231136,210.10,11776827,11780844
974000,852085,230413,210.20,11778428,11777036
975000,852481,229762,210.07,11715960,11715564
976000,848565,231271,209.81,11733874,11737790
977000,851227,230911,209.67,11844712,11842050
978000,855506,229967,209.71,11914327,11910048
979000,853239,230487,210.45,11823407,11825674
980000,849460,231941,210.02,11739980,11743759
981000,845193,233241,209.82,11701943,11706210
982000,846768,231789,209.54,11713994,11712419
983000,853798,230823,209.58,11906586,11899556
984000,851138,229940,209.49,11930059,11932719
985000,851912,230499,209.31,11900903,11900129
986000,855732,230352,209.52,11985651,11981831
987000,847521,232182,209.98,11809521,11817732
988000,848709,232560,209.93,11758657,11757469
989000,856305,233072,210.09,11824268,11816672
990000,847670,235629,210.41,11752016,11760651
991000,844676,235021,209.69,11651613,11654607
992000,853090,233077,209.95,11817386,11808972
993000,859585,231369,209.91,11963413,11956918
994000,850577,231446,210.13,11821599,11830607
995000,849883,232252,209.63,11829242,11829936
996000,856101,231191,209.61,11914904,11908686
997000,855937,231991,210.05,11940980,11941144
998000,852257,232485,210.32,11823030,11826710
999000,850750,233629,210.10,11805942,11807449
1000000,851634,234485,209.35,11846154,11845270
1001000,857053,231632,210.10,11947025,11941606
1002000,855007,231542,209.96,11914650,11916696
1003000,853257,231346,210.27,11770318,11772068
1004000,854496,231826,210.05,11784379,11783140
1005000,854952,231092,210.04,11765272,11764816
1006000,859955,230856,210.13,11902125,11897122
1007000,855367,230716,210.20,11811089,11815677
1008000,852529,230313,210.29,11806083,11808921
1009000,857231,231336,210.06,11837998,11833296
1010000,858451,230235,209.78,11896833,11895613
1011000,858492,230880,210.15,11967337,11967296
1012000,856551,231430,209.92,11920602,11922543
1013000,856002,229476,209.70,11901557,11902106
1014000,860662,229797,209.95,11914352,11909692
1015000,851468,229560,209.94,11829235,11838429
1016000,855422,228598,209.95,11847165,11843211
1017000,856025,227626,209.64,11918246,11917643
1018000,863223,226773,209.86,12032794,12025596
1019000,860513,226874,209.95,11993975,11996685
1020000,855950,226848,210.05,11940223,11944786
1021000,856334,226683,209.48,11901336,11900952
1022000,859689,227841,209.95,12006887,12003532
1023000,855621,229211,209.80,11878821,11882889
1024000,857198,228725,209.59,11943049,11941472
1025000,856077,226956,210.07,11979201,11980322
1026000,852935,228809,210.28,11812136,11815278
1027000,846812,230704,210.35,11704069,11710192
1028000,850709,232324,209.98,11710948,11707051
1029000,853499,232250,209.64,11837927,11835137
1030000,849956,231690,209.86,11812079,11815622
1031000,849984,232816,210.05,11794098,11794070
1032000,852246,233263,209.96,11756720,11754458
1033000,853238,233803,210.10,11804053,11803061
1034000,848021,234627,210.12,11702529,11707746
1035000,844320,235766,210.41,11565868,11569569
1036000,850272,236151,210.22,11582682,11576730
1037000,848083,235556,210.72,11667044,11669233
1038000,847593,235361,210.37,11594618,11595108
1039000,848861,235094,210.26,11637664,11636396
1040000,849980,234652,210.36,11681535,11680416
1041000,853457,234510,209.86,11772801,11769324
1042000,856752,233796,210.01,11921520,11918225
1043000,856644,234192,210.16,11923255,11923363
1044000,855451,233322,210.29,11833933,11835126
1045000,848978,233161,210.49,11682299,11688772
1046000,855849,232082,210.32,11716497,11709626
1047000,856029,231247,209.96,11888247,11888067
1048000,858244,227757,209.92,11869870,11867655
1049000,865640,228142,209.50,12096991,12089595
1050000,860637,227302,210.78,12026838,12031841
1051000,861566,226248,209.57,11917175,11916246
1052000,863321,226599,209.30,12076443,12074688
1053000,865382,227169,209.23,12185287,12183226
1054000,864189,227665,210.11,12103538,12104731
1055000,861524,230578,209.74,11933175,11935840
1056000,858007,230713,209.94,11896507,11900024
1057000,852724,229712,210.36,11894085,11899368
1058000,853490,231054,210.10,11786844,11786078
1059000,852195,231739,210.28,11808854,11810149
1060000,853792,232576,209.59,11836665,11835068
1061000,854731,232293,209.98,11941310,11940371
1062000,854022,229977,209.88,11928494,11929203
1063000,859080,228581,210.02,11902391,11897333
1064000,855417,229530,210.20,11865733,11869396
1065000,849818,230292,210.21,11794004,11799603
1066000,847674,230799,210.01,11798656,11800800
1067000,850892,230682,209.91,11814974,11811756
1068000,855814,229459,209.76,11938974,11934052
1069000,856834,230355,209.81,12007343,12006323
1070000,852943,230138,210.04,11906452,11910343
1071000,856772,230937,209.79,11949719,11945890
1072000,849262,228297,209.11,11857960,11865470
1073000,860290,229105,209.62,12054918,12043890
1074000,857207,229755,209.70,11961992,11965075
1075000,856444,230974,209.74,11938288,11939051
1076000,852489,230241,209.69,11887838,11891793
1077000,853653,230712,209.30,11924359,11923195
1078000,856498,228245,209.56,12033901,12031056
1079000,856877,228938,209.62,12016020,12015641
1080000,859200,229639,209.66,12057120,12054797
1081000,859590,228680,209.69,12030401,12030011
1082000,854337,228775,210.09,11927728,11932981
1083000,857885,230768,210.30,11866042,11862494
1084000,851908,231654,209.99,11863575,11869552
1085000,850154,230286,209.72,11765024,11766778
1086000,858004,228358,209.72,11851410,11843560
1087000,856718,229761,210.17,11880106,11881392
1088000,858138,228383,209.96,11871542,11870122
1089000,856370,227296,209.56,11971531,11973299
1090000,858893,229268,209.88,11938328,11935805
1091000,854316,229498,209.76,11894829,11899406
1092000,857094,229617,209.15,11956044,11953266
1093000,857658,227755,209.53,11968883,11968319
1094000,863926,228061,209.22,12116472,12110204
1095000,856485,227863,209.90,12012642,12020083
1096000,854898,229060,209.85,11880879,11882466
1097000,858694,229600,209.78,11927232,11923436
1098000,853394,230480,210.20,11835007,11840307
1099000,850399,229456,210.32,11714527,11717522
1100000,851094,231547,210.20,11743890,11743195
1101000,848781,232323,210.16,11689873,11692186
1102000,851541,232047,210.24,11729302,11726542
1103000,851549,232072,210.08,11718205,11718197
1104000,848560,233473,210.75,11700522,11703511
1105000,843121,234548,210.79,11467483,11472922
1106000,843033,236294,211.22,11469823,11469911
1107000,844007,236776,210.79,11454671,11453697
1108000,849114,236043,210.25,11592391,11587284
1109000,848949,235011,210.76,11533915,11534080
1110000,846188,236176,210.41,11496153,11498914
1111000,847086,236499,210.63,11600772,11599874
1112000,849392,235459,210.39,11745207,11742901
1113000,848426,233858,210.18,11658130,11659096
1114000,851570,236098,210.44,11661884,11658740
1115000,848371,235941,210.47,11618298,11621497
1116000,848838,235490,210.44,11594742,11594275
1117000,848912,234852,210.08,11650358,11650284
1118000,850932,235551,210.68,11684141,11682121
1119000,850337,234564,210.67,11592086,11592681
1120000,851896,235091,210.28,11677774,11676215
1121000,850677,235140,211.02,11649995,11651214
1122000,849515,236327,210.53,11596063,11597225
1123000,848714,235995,210.07,11539862,11540663
1124000,851909,235399,210.06,11702284,11699089
1125000,850230,235042,210.38,11703017,11704696
1126000,850507,235176,210.28,11635356,11635079
1127000,852089,234232,209.91,11734303,11732721
1128000,854033,231825,210.60,11804724,11802780
1129000,852781,231802,210.51,11704021,11705273
1130000,853591,234295,209.96,11725322,11724512
1131000,853526,232331,210.17,11816806,11816871
1132000,858189,231303,209.92,11799965,11795302
1133000,851296,231995,210.22,11781860,11788753
1134000,858049,231112,209.61,11927304,11920551
1135000,859550,230936,209.76,11981418,11979917
1136000,856844,229978,210.11,11959875,11962581
1137000,857112,229966,209.71,11907853,11907585
1138000,859518,229915,209.89,12015361,12012955
1139000,858443,229318,209.36,12006296,12007371
1140000,860100,231480,209.44,12012562,12010905
1141000,858634,231550,210.21,11953620,11955086
1142000,854174,231160,210.00,11866604,11871064
1143000,855200,232213,210.10,11837276,11836250
1144000,847679,232872,210.75,11725113,11732634
1145000,849717,232240,210.17,11683615,11681577
1146000,853985,233980,210.56,11793731,11789463
1147000,844535,233741,210.84,11598527,11607977
1148000,845637,233245,210.40,11601400,11600298
1149000,851732,234338,209.78,11696425,11690330
1150000,846110,233088,210.67,11713803,11719425
1151000,853871,232068,210.41,11743198,11735437
1152000,853340,230421,209.40,11842253,11842784
1153000,856762,229734,209.74,11967156,11963734
1154000,853425,231682,210.20,11880541,11883878
1155000,854901,229051,209.64,11849715,11848239
1156000,857501,228410,209.83,11940856,11938256
1157000,863233,227838,209.56,11937624,11931892
1158000,861476,227856,209.71,11984070,11985827
1159000,859268,226448,210.18,11932523,11934731
1160000,860116,227732,210.18,11849596,11848748
1161000,853641,227817,210.34,11854866,11861341
1162000,852691,227542,210.10,11739194,11740144
1163000,853325,229217,210.03,11828679,11828045
1164000,854731,231662,210.06,11850061,11848655
1165000,851824,231649,210.27,11765723,11768630
1166000,848368,233671,210.95,11604399,11607855
1167000,843434,234743,210.80,11501446,11506380
1168000,845485,235567,209.94,11530451,11528400
1169000,850803,233693,209.93,11732768,11727450
1170000,848150,232322,210.42,11700428,11703081
1171000,849011,234015,209.97,11722700,11721839
1172000,847029,233763,210.27,11673132,11675114
1173000,850664,233488,209.89,11738507,11734872
1174000,849504,231779,210.06,11690460,11691620
1175000,852179,231875,209.86,11804187,11801512
1176000,849706,231558,209.30,11829171,11831644
1177000,858108,231832,209.27,11968140,11959738
1178000,850171,231409,209.64,11836028,11843965
1179000,850776,233540,209.71,11824069,11823464
1180000,854876,233554,209.05,11989526,11985426
1181000,857644,230077,209.59,12018719,12015951
1182000,858841,229331,209.20,12095644,12094447
1183000,855756,228060,209.39,12004941,12008026
1184000,860089,228469,209.30,12120541,12116208
1185000,856842,229864,209.75,12061728,12064975
1186000,852723,231186,210.16,11844345,11848464
1187000,848458,233552,209.96,11725369,11729634
1188000,847514,233669,210.02,11733416,11734360
1189000,853071,234579,209.84,11816497,11810940
1190000,851165,233499,210.36,11712157,11714063
1191000,850573,233068,210.34,11710281,11710873
1192000,847651,234745,210.39,11690748,11693670
1193000,847283,233410,209.78,11669650,11670018
1194000,856500,231421,209.93,11795666,11786449
1195000,861920,231020,209.89,11999673,11994253
1196000,855924,231445,210.21,11924025,11930021
1197000,850522,231523,210.14,11719217,11724619
1198000,856507,231830,209.78,11858973,11852988
1199000,853190,231756,210.20,11858061,11861378
1200000,851478,231518,210.05,11807574,11809286
1201000,851586,230918,210.13,11822635,11822527
1202000,855394,232766,210.12,11828813,11825005
1203000,849097,231542,210.44,11711459,11717756
1204000,852000,231631,210.32,11736689,11733786
1205000,852016,231988,210.18,11688199,11688183
1206000,852866,231266,210.36,11744325,11743475
1207000,854761,232231,210.41,11799536,11797641
1208000,855543,231439,210.04,11810854,11810072
1209000,859097,232458,210.26,11866078,11862524
1210000,855985,232541,209.90,11838507,11841619
1211000,848764,231558,210.69,11778651,11785872
1212000,850559,233162,210.33,11679512,11677717
1213000,848809,234918,210.42,11741990,11743740
1214000,849597,233302,210.37,11628748,11627960
1215000,850660,232638,210.49,11712539,11711476
1216000,858986,233050,210.33,11789098,11780772
1217000,851723,232465,210.19,11771608,11778871
1218000,850240,232365,210.05,11676715,11678198
1219000,854692,232845,210.25,11698564,11694112
1220000,854815,232451,210.45,11767066,11766943
1221000,851027,232989,210.69,11642028,11645816
1222000,851663,234210,210.83,11612925,11612289
1223000,844931,233617,211.06,11495073,11501805
1224000,852385,234730,210.32,11601424,11593970
1225000,853032,234834,210.46,11679882,11679235
1226000,846147,234885,210.82,11517910,11524795
1227000,848599,235453,210.72,11480890,11478438
1228000,851710,234043,210.67,11595424,11592313
1229000,849731,232853,210.52,11597343,11599322
1230000,854902,232196,211.27,11634457,11629286
1231000,854109,233754,210.71,11632125,11632918
1232000,849264,233113,210.60,11551149,11555994
1233000,851920,232661,210.86,11597046,11594390
1234000,852228,231993,210.62,11627275,11626967
1235000,854212,232259,210.48,11683945,11681961
1236000,857611,231011,210.62,11731563,11728164
1237000,854890,230335,210.69,11731112,11733833
1238000,855170,231256,210.34,11824468,11824188
1239000,855628,232173,210.75,11715362,11714904
1240000,853828,234087,210.79,11651431,11653231
1241000,852148,234051,210.38,11672400,11674080
1242000,851965,232980,210.26,11717590,11717773
1243000,852237,232524,210.04,11739453,11739181
1244000,853758,231261,210.20,11809238,11807717
1245000,858512,231481,209.64,11879752,11874998
1246000,858455,231376,209.73,11962934,11962991
1247000,856055,230902,209.87,11931976,11934376
1248000,856955,230807,209.90,11901385,11900485
1249000,851831,230808,209.69,11871710,11876834
1250000,855468,231272,209.41,11857182,11853545
1251000,852343,230353,210.10,11838662,11841787
1252000,854176,229977,210.16,11834302,11832469
1253000,853773,230869,210.35,11761767,11762170
1254000,850895,230552,210.03,11687421,11690299
1255000,852997,228751,210.23,11756565,11754463
1256000,859441,227711,210.23,11842753,11836309
1257000,859987,228407,210.22,11873998,11873452
1258000,858340,226572,209.76,11929549,11931196
1259000,863374,226974,210.20,12003344,11998310
1260000,861241,226684,210.99,11918500,11920633
1261000,857213,227499,210.06,11815011,11819039
1262000,856964,228169,210.18,11843483,11843732
1263000,856252,227782,210.18,11841368,11842080
1264000,858083,228966,210.44,11810286,11808455
1265000,853477,230186,210.86,11709518,11714124
1266000,854258,233311,210.94,11626225,11625444
1267000,847764,232729,210.29,11546830,11553324
1268000,852542,231219,210.66,11673445,11668667
1269000,850850,231209,210.45,11669344,11671036
1270000,849801,231562,210.49,11673347,11674396
1271000,852602,233432,210.29,11671461,11668660
1272000,850706,233985,210.37,11667889,11669785
1273000,850265,235551,210.46,11633558,11633999
1274000,848286,236410,210.41,11609027,11611006
1275000,845822,236319,211.07,11533558,11536022
1276000,847146,236048,210.64,11528907,11527583
1277000,845439,235997,210.85,11485673,11487380
1278000,848125,234833,210.04,11624612,11621926
1279000,850710,235307,210.48,11686461,11683876
1280000,850544,235522,210.45,11641075,11641241
1281000,854764,237671,210.85,11662250,11658030
1282000,843040,236897,211.07,11453552,11465276
1283000,844304,236725,210.52,11460995,11459731
1284000,856313,237088,209.65,11704722,11692713
1285000,855106,236472,209.50,11872845,11874052
1286000,855188,234813,209.97,11849242,11849160
1287000,857964,234283,210.10,11866011,11863235
1288000,853942,233852,210.20,11821405,11825427
1289000,855588,233399,209.97,11848809,11847163
1290000,849389,230886,210.11,11708930,11715129
1291000,858951,229548,209.50,11908534,11898972
1292000,857868,228463,210.11,11935363,11936446
1293000,861670,228113,209.80,11971490,11967688
1294000,861555,228189,209.96,11997608,11997723
1295000,863945,228730,209.96,12086538,12084148
1296000,857583,229319,209.80,11944606,11950968
1297000,855283,229445,210.25,11909226,11911526
1298000,857991,229500,210.06,11806617,11803909
1299000,859430,230178,209.93,11897877,11896438
1300000,856821,230091,210.31,11819758,11822367
1301000,860473,229742,210.00,11833709,11830057
1302000,859944,231521,210.73,11836512,11837041
1303000,852185,231929,210.67,11648074,11655833
1304000,854126,231576,210.68,11643972,11642031
1305000,852811,230955,210.17,11695788,11697103
1306000,851398,229911,210.59,11697328,11698741
1307000,856112,230595,210.70,11695129,11690415
1308000,850087,230421,210.81,11577653,11583678
1309000,853809,230554,210.97,11603996,11600274
1310000,854682,230370,210.73,11641175,11640302
1311000,851718,230649,211.10,11610657,11613621
1312000,855627,231181,210.36,11594293,11590384
1313000,854074,230628,210.56,11673428,11674981
1314000,854147,231829,210.48,11742755,11742682
1315000,854345,231861,210.14,11709421,11709223
1316000,851778,232648,210.31,11778839,11781406
1317000,851098,232466,210.62,11661079,11661759
1318000,851629,231583,210.71,11662828,11662297
1319000,852466,231213,210.38,11621206,11620369
1320000,851390,232065,210.66,11629603,11630679
1321000,850815,232572,210.97,11578859,11579434
1322000,851718,233346,211.00,11556885,11555982
1323000,849034,232818,210.49,11544293,11546977
1324000,852844,233932,210.51,11560033,11556223
1325000,850890,233395,210.68,11615088,11617042
1326000,855533,234583,209.71,11703170,11698527
1327000,857614,232202,210.61,11864421,11862340
1328000,854790,232686,210.55,11666969,11669793
1329000,855277,232669,210.73,11731043,11730556
1330000,853412,231401,210.53,11701746,11703611
1331000,851789,230438,210.16,11662299,11663922
1332000,858652,230986,210.26,11817616,11810753
1333000,854803,231674,210.64,11776837,11780686
1334000,850226,231454,210.22,11684784,11689361
1335000,856877,232252,210.23,11757857,11751206
1336000,851020,232271,210.70,11647778,11653635
1337000,847461,231955,210.74,11534012,11537571
1338000,855988,231855,210.64,11673237,11664710
1339000,854341,232321,210.63,11652229,11653876
1340000,848227,231097,210.51,11650852,11656966
1341000,854250,230577,209.92,11734933,11728910
1342000,861639,231165,210.05,11885348,11877959
1343000,859566,230516,210.35,11925454,11927527
1344000,858077,230779,210.45,11746546,11748035
1345000,856040,230395,210.68,11712917,11714954
1346000,852117,230111,210.90,11658846,11662769
1347000,845706,229478,210.76,11573192,11579603
1348000,853764,229303,210.33,11703039,11694981
1349000,855072,228929,210.20,11773027,11771719
1350000,855695,227244,209.96,11786395,11785772
1351000,858124,227508,210.40,11855687,11853258
1352000,856315,229375,210.93,11718132,11719941
1353000,854112,229641,210.60,11706559,11708762
1354000,857080,229233,210.79,11651495,11648527
1355000,850889,230560,210.83,11617810,11624001
1356000,850414,230245,210.79,11567716,11568191
1357000,856184,230316,210.27,11731227,11725457
1358000,855570,231593,210.43,11751521,11752135
1359000,851448,231683,210.80,11686485,11690607
1360000,850914,231569,210.36,11641394,11641928
1361000,851895,231110,210.36,11634119,11633138
1362000,853896,229590,210.92,11682351,11680350
1363000,853532,230312,210.29,11667828,11668192
1364000,848316,231575,210.56,11681491,11686707
1365000,842920,230401,210.40,11555296,11560692
1366000,855682,230356,210.47,11693499,11680737
1367000,850272,229927,211.04,11598968,11604378
1368000,852058,230382,210.48,11636285,11634499
1369000,853864,230648,210.42,11624502,11622696
1370000,854428,231968,210.25,11763709,11763145
1371000,847880,230864,210.59,11600437,11606985
1372000,852941,231895,211.07,11562290,11557229
1373000,848919,233845,211.27,11535399,11539421
1374000,846158,233431,210.84,11425367,11428128
1375000,846156,233572,211.08,11427587,11427589
1376000,847378,236013,210.98,11472271,11471049
1377000,845310,237296,211.45,11320142,11322210
1378000,843276,238337,211.10,11354016,11356050
1379000,846947,239794,210.74,11447770,11444099
1380000,847825,239243,210.62,11487326,11486448
1381000,844992,239411,211.05,11504664,11507497
1382000,846643,238224,211.46,11381704,11380053
1383000,841050,238628,211.55,11265417,11271010
1384000,841291,239998,211.10,11251743,11251502
1385000,842492,237217,210.79,11369157,11367956
1386000,851433,239131,210.51,11529633,11520692
1387000,846788,239392,211.20,11505362,11510007
1388000,845682,238170,210.63,11413556,11414662
1389000,850831,237020,211.28,11503044,11497895
1390000,846299,238089,210.84,11403240,11407772
1391000,846703,236813,210.52,11506833,11506429
1392000,850889,237053,210.54,11575981,11571795
1393000,853121,237400,210.34,11663580,11661348
1394000,852272,236410,210.53,11687814,11688663
1395000,852647,236016,210.13,11701577,11701202
1396000,850997,235969,210.73,11653817,11655467
1397000,855320,235620,210.30,11641240,11636917
1398000,854546,234622,210.91,11693302,11694076
1399000,854073,234119,210.75,11662005,11662478
1400000,856797,232705,210.81,11710339,11707615
1401000,860194,230920,210.66,11763016,11759619
1402000,860057,231309,210.19,11816581,11816718
1403000,860843,230240,210.59,11860872,11860086
1404000,862600,229337,210.45,11895166,11893409
1405000,862194,228624,210.49,11909514,11909920
1406000,862502,227444,210.34,11853005,11852697
1407000,859136,226440,210.82,11825451,11828817
1408000,864023,226963,210.14,11854042,11849155
1409000,856390,226857,210.55,11825128,11832761
1410000,861177,227760,210.23,11943977,11939190
1411000,863674,227843,210.09,11951711,11949214
1412000,862513,228496,210.01,11911228,11912389
1413000,863820,228423,209.93,11960401,11959094
1414000,865813,228579,210.29,12077859,12075866
1415000,860932,229367,210.35,11910906,11915787
1416000,862247,230717,209.84,11901815,11900500
1417000,857924,230415,210.63,11915883,11920206
1418000,855368,230456,210.32,11766067,11768623
1419000,853695,230929,210.68,11691798,11693471
1420000,854263,232043,210.19,11744467,11743899
1421000,856833,231322,210.56,11804070,11801500
1422000,858807,230697,210.07,11851543,11849569
1423000,857606,230217,210.09,11882992,11884193
1424000,853736,230866,209.78,11873929,11877799
1425000,856091,230944,209.89,11923816,11921461
1426000,859903,229922,209.74,11964914,11961102
1427000,860086,230317,209.61,11932380,11932197
1428000,861502,231396,209.88,11935959,11934543
1429000,851783,231498,210.60,11670143,11679862
1430000,852060,231646,210.18,11647820,11647543
1431000,855547,231471,210.67,11712709,11709222
1432000,853885,230893,210.35,11694982,11696644
1433000,852970,229684,210.51,11697720,11698635
1434000,858898,230383,210.43,11788289,11782361
1435000,854822,229486,210.58,11747397,11751473
1436000,859080,229532,209.80,11785414,11781156
1437000,861762,227786,210.05,11995181,11992499
1438000,861465,226413,209.41,11990376,11990673
1439000,863737,228751,209.82,11977236,11974964
1440000,857776,229839,210.59,11914148,11920109
1441000,857219,229642,209.80,11871461,11872018
1442000,861733,230982,209.64,11938616,11934102
1443000,856684,230749,210.03,11875096,11880145
1444000,863108,230061,210.42,11907835,11901411
1445000,857479,231738,210.79,11801258,11806887
1446000,853066,231991,210.47,11645256,11649669
1447000,860529,230796,209.90,11785408,11777945
1448000,863399,230798,210.34,11971734,11968864
1449000,856854,230671,210.82,11768822,11775367
1450000,854972,231424,210.41,11697292,11699174
1451000,857355,231560,210.70,11767132,11764749
1452000,854625,230384,210.89,11731027,11733757
1453000,850596,230732,210.57,11594717,11598746
1454000,854974,230658,210.02,11718345,11713967
1455000,860862,233130,209.91,11857943,11852055
1456000,858109,231373,209.80,11955814,11958567
1457000,856802,230929,210.37,11867121,11868428
1458000,853011,232422,210.08,11740000,11743791
1459000,859928,230410,209.57,11868427,11861510
1460000,860746,228694,209.75,11992688,11991870
1461000,859052,228764,210.07,11942536,11944230
1462000,860737,230367,210.59,11886136,11884451
1463000,853123,230459,210.80,11768389,11776003
1464000,853415,231703,210.76,11659251,11658959
1465000,850811,234369,211.01,11579722,11582326
1466000,846273,234178,210.82,11476416,11480954
1467000,853669,233541,210.54,11565561,11558165
1468000,852337,232930,211.05,11585224,11586556
1469000,844884,231873,211.03,11502637,11510090
1470000,852291,231314,210.91,11517403,11509996
1471000,851377,233179,210.95,11563720,11564634
1472000,850040,235159,210.76,11569007,11570344
1473000,851850,233497,210.71,11569074,11567264
1474000,853022,232431,210.39,11670056,11668884
1475000,857439,233244,210.77,11709941,11705524
1476000,857245,235987,210.92,11665035,11665229
1477000,847544,234609,211.11,11552618,11562319
1478000,851640,234328,210.48,11550289,11546193
1479000,855665,236388,210.96,11678483,11674458
1480000,847380,235095,211.15,11505850,11514135
1481000,851292,233681,210.75,11547637,11543725
1482000,854254,232986,210.39,11685810,11682848
1483000,855995,231945,210.62,11730796,11729055
1484000,858942,231863,210.27,11797164,11794217
1485000,859509,231948,210.26,11848995,11848428
1486000,863629,231440,210.42,11816048,11811928
1487000,858090,233771,210.35,11809254,11814793
1488000,852865,233450,210.43,11717753,11722978
1489000,853751,231309,210.06,11768101,11767215
1490000,860482,232124,210.42,11859907,11853176
1491000,855035,234334,210.52,11712765,11718212
1492000,850151,233352,210.74,11600110,11604994
1493000,858258,233239,210.39,11700640,11692533
1494000,854299,234042,210.25,11714981,11718940
1495000,856711,232772,210.42,11754058,11751646
1496000,860227,231741,210.19,11876398,11872882
1497000,860736,228501,210.37,11826606,11826097
1498000,860428,229914,210.76,11794992,11795300
1499000,861025,231049,210.65,11758625,11758028
1500000,857116,231822,210.54,11814685,11818594
1501000,853208,233557,210.81,11706056,11709964
1502000,852220,233901,211.16,11569153,11570141
1503000,852077,235309,210.95,11501244,11501387
1504000,848754,235203,211.11,11527742,11531065
1505000,850490,233923,210.50,11525306,11523570
1506000,855867,233529,210.45,11680295,11674918
1507000,849450,233536,211.23,11597021,11603438
1508000,853132,232897,210.57,11567679,11563997
1509000,854598,230676,210.35,11751868,11750402
1510000,852031,229819,210.44,11837681,11840248
1511000,856594,229666,210.47,11794331,11789768
1512000,859237,227802,209.93,11873171,11870528
1513000,860062,228415,210.53,11870932,11870107
1514000,863042,228937,209.96,11932433,11929453
1515000,861470,228741,210.18,12037310,12038882
1516000,860591,228570,209.72,11971654,11972533
1517000,857669,228776,210.31,11889721,11892643
1518000,860699,229193,210.03,11923567,11920537
1519000,862181,227990,210.40,11936297,11934815
1520000,857856,230065,210.42,11837663,11841988
1521000,857712,231589,210.15,11770542,11770686
1522000,855051,230229,210.56,11784150,11786811
1523000,856128,230934,209.95,11801126,11800049
1524000,861697,230709,209.99,11943537,11937968
1525000,857542,229699,209.92,11880731,11884886
1526000,862910,229768,209.94,11938933,11933565
1527000,859828,231822,209.73,11939385,11942467
1528000,856618,230884,209.46,11926017,11929227
1529000,859042,231550,210.48,11862252,11859828
1530000,854035,233627,210.93,11687090,11692097
1531000,851180,233332,210.67,11670934,11673789
1532000,853354,232553,209.90,11773076,11770902
1533000,856926,232980,210.70,11851956,11848384
1534000,848102,235115,210.59,11704210,11713034
1535000,847295,235049,209.99,11554747,11555554
1536000,849778,234811,210.70,11585709,11583226
1537000,855023,234593,210.38,11687180,11681935
1538000,851675,233112,210.11,11698104,11701452
1539000,858005,233411,210.36,11745130,11738800
1540000,858418,233655,210.50,11762817,11762404
1541000,850034,231835,210.64,11647715,11656099
1542000,853707,231327,210.44,11618622,11614949
1543000,853798,231014,210.65,11715860,11715769
1544000,857394,230255,210.13,11738045,11734449
1545000,856427,232369,210.77,11755216,11756183
1546000,847977,231512,210.63,11568631,11577081
1547000,851159,230313,210.25,11625409,11622227
1548000,856217,230474,210.83,11640718,11635660
1549000,856699,232672,211.39,11628210,11627728
1550000,847177,232744,211.09,11463648,11473170
1551000,848544,233094,210.49,11553230,11551863
1552000,852000,233260,210.32,11656321,11652865
1553000,850942,232487,210.48,11654391,11655449
1554000,853328,229347,210.59,11640622,11638236
1555000,851838,229889,210.63,11653844,11655334
1556000,850996,231569,210.56,11583688,11584530
1557000,851644,231973,210.59,11606745,11606097
1558000,850154,233054,210.87,11571164,11572654
1559000,851092,232849,210.28,11632954,11632016
1560000,850698,231219,210.44,11662062,11662456
1561000,856955,231351,210.19,11775177,11768920
1562000,859236,230039,210.18,11857268,11854987
1563000,856567,230215,210.62,11797564,11800233
1564000,858226,231337,210.35,11838040,11836381
1565000,854486,230195,210.82,11766935,11770675
1566000,851806,229598,210.76,11671866,11674546
1567000,857678,230074,209.74,11779458,11773586
1568000,856127,228763,210.63,11803356,11804907
1569000,856555,230492,209.87,11795240,11794812
1570000,854774,229995,209.28,11916143,11917924
1571000,862134,230325,209.79,12026967,12019607
1572000,858025,228676,209.87,11936435,11940544
1573000,859955,228665,209.91,11886033,11884103
1574000,860967,228705,209.89,11900133,11899121
1575000,857160,228229,210.44,11871268,11875075
1576000,857014,228561,210.65,11729594,11729740
1577000,855744,229944,210.89,11662678,11663948
1578000,851607,229608,210.56,11565044,11569181
1579000,858077,230745,210.34,11729942,11723472
1580000,855553,230207,210.47,11767689,11770213
1581000,856514,232017,210.92,11674931,11673970
1582000,850649,232867,211.15,11556492,11562357
1583000,848100,232668,211.14,11482887,11485436
1584000,850708,233333,211.28,11452819,11450211
1585000,849005,233394,211.21,11426238,11427941
1586000,842633,233009,210.92,11397315,11403687
1587000,850783,234423,210.67,11483971,11475821
1588000,848080,233924,211.04,11478074,11480777
1589000,849052,233451,210.48,11474596,11473624
1590000,849402,234162,210.74,11536311,11535961
1591000,851400,233118,210.87,11512648,11510650
1592000,854286,233529,210.82,11578214,11575328
1593000,846891,234052,210.98,11503949,11511344
1594000,852250,232732,210.58,11563723,11558364
1595000,853513,232141,210.21,11726003,11724740
1596000,857266,232000,210.59,11786422,11782669
1597000,852952,230959,210.95,11730592,11734906
1598000,858806,232180,210.47,11734099,11728245
1599000,850904,229966,210.93,11622509,11630411
1600000,851467,232675,210.77,11595365,11594802
1601000,854587,232243,210.38,11586893,11583773
1602000,849396,233634,211.02,11587067,11592258
1603000,853153,233211,210.37,11599535,11595778
1604000,851813,234102,210.85,11615142,11616482
1605000,852018,234420,210.67,11594096,11593891
1606000,856379,231396,210.63,11708218,11703857
1607000,859498,231848,210.39,11787080,11783961
1608000,857442,231466,210.59,11763432,11765488
1609000,856658,230361,210.17,11823137,11823921
1610000,860828,230833,209.93,11893063,11888893
1611000,861836,231322,209.65,12018871,12017863
1612000,858073,231357,210.32,11936343,11940106
1613000,856572,234043,210.11,11903452,11904953
1614000,851978,234622,210.41,11724514,11729108
1615000,850526,235574,210.15,11667003,11668455
1616000,852058,235332,211.09,11625262,11623730
1617000,853125,234453,210.94,11662628,11661561
1618000,855519,234293,211.00,11637680,11635286
1619000,855669,233924,211.05,11663793,11663643
1620000,850390,232552,210.42,11517649,11522928
1621000,855557,233133,210.02,11752448,11747281
1622000,858611,230310,210.09,11868375,11865321
1623000,858376,229685,210.68,11841135,11841370
1624000,858484,229496,210.67,11822814,11822706
1625000,861970,227745,210.25,11803336,11799850
1626000,858259,228836,210.80,11794495,11798206
1627000,855837,229128,210.48,11684148,11686570
1628000,857324,229539,210.76,11745866,11744379
1629000,858915,229687,210.57,11738639,11737048
1630000,855685,230793,210.94,11733067,11736297
1631000,854563,230328,211.13,11610478,11611600
1632000,855480,232311,210.22,11690715,11689798
1633000,857303,230782,210.33,11857660,11855837
1634000,861951,230253,210.35,11869314,11864666
1635000,858400,230008,210.57,11860770,11864321
1636000,860336,231718,210.37,11789707,11787771
1637000,851726,229940,210.38,11736782,11745392
1638000,857574,230125,210.04,11711817,11705969
1639000,862842,229865,210.47,11918446,11913178
1640000,859199,230999,210.55,11815957,11819600
1641000,854141,230322,210.36,11741659,11746717
1642000,857286,230408,210.22,11791043,11787898
1643000,857893,230435,210.74,11823956,11823349
1644000,858533,228643,210.49,11760338,11759698
1645000,858922,228159,210.48,11785836,11785447
1646000,861088,226679,210.70,11811648,11809482
1647000,860177,228063,210.78,11785910,11786821
1648000,858909,227024,210.38,11720517,11721785
1649000,865065,227845,210.25,11932473,11926317
1650000,860978,227416,210.73,11774275,11778362
1651000,861664,230014,210.46,11830304,11829618
1652000,854466,230295,210.84,11646443,11653641
1653000,853525,231570,210.66,11618050,11618991
1654000,854703,231400,210.57,11639789,11638611
1655000,855148,231264,210.93,11674102,11673657
1656000,858294,231134,210.74,11737993,11734847
1657000,854544,230625,210.79,11696234,11699984
1658000,853215,232010,210.43,11699119,11700448
1659000,857728,230682,210.38,11727816,11723303
1660000,856778,232272,210.17,11701529,11702479
1661000,853808,233125,210.33,11788823,11791793
1662000,854131,232915,210.18,11746317,11745994
1663000,856927,231685,210.36,11787797,11785001
1664000,859038,231224,210.29,11752410,11750299
1665000,855720,230285,210.88,11736204,11739522
1666000,854066,231592,210.93,11682323,11683977
1667000,854694,232845,210.34,11661625,11660997
1668000,851205,233597,210.44,11670889,11674378
1669000,850906,234308,210.39,11598864,11599163
1670000,852035,236418,210.91,11608071,11606942
1671000,843506,238123,210.88,11418414,11426943
1672000,846396,238369,210.57,11409162,11406272
1673000,840789,239515,210.80,11359726,11365333
1674000,843684,238849,210.79,11433971,11431076
1675000,848703,238454,210.75,11544915,11539896
1676000,849614,239328,210.83,11537250,11536339
1677000,847191,237956,210.56,11559886,11562309
1678000,853840,236760,210.41,11657693,11651044
1679000,852356,235743,210.22,11701416,11702900
1680000,852066,235015,210.60,11688616,11688906
1681000,854765,234280,210.84,11647661,11644962
1682000,854035,232735,210.98,11621918,11622648
1683000,854990,231712,210.15,11681877,11680922
1684000,861786,229026,210.26,11826671,11819875
1685000,861180,228691,210.92,11851438,11852044
1686000,860484,228688,210.23,11783091,11783787
1687000,861496,226418,210.44,11927813,11926801
1688000,865641,227183,210.14,11935696,11931551
1689000,860891,226742,210.06,11907764,11912514
1690000,863004,224540,210.05,11910248,11908135
1691000,866906,226020,210.50,12023548,12019646
1692000,863850,226805,210.57,11920657,11923713
1693000,863975,225576,210.30,11887760,11887635
1694000,863951,225462,210.07,11950065,11950089
1695000,868563,224946,210.49,12006567,12001955
1696000,863131,226370,210.68,11905828,11911260
1697000,862287,225851,210.79,11847584,11848428
1698000,862793,227637,210.50,11795412,11794906
1699000,860049,228277,210.09,11761102,11763846
1700000,860572,225904,210.63,11813626,11813103
1701000,857706,228191,210.77,11723512,11726378
1702000,855015,230568,210.93,11567803,11570494
1703000,853347,230822,210.40,11573884,11575552
1704000,846142,231073,211.82,11419729,11426934
1705000,844633,233406,211.28,11344368,11345877
1706000,847517,233988,210.40,11422487,11419603
1707000,846949,233321,210.66,11500086,11500654
1708000,853253,233572,210.74,11637281,11630977
1709000,856292,234589,210.50,11693417,11690378
1710000,847576,234333,210.65,11650322,11659038
1711000,850142,237079,209.89,11678155,11675589
1712000,851738,237596,210.23,11723950,11722354
1713000,846677,237144,210.30,11611186,11616247
1714000,852941,237802,210.04,11701151,11694887
1715000,852709,238228,210.71,11652807,11653039
1716000,846324,240641,210.79,11477952,11484337
1717000,842843,239497,210.71,11444789,11448270
1718000,846676,237803,210.38,11502318,11498485
1719000,850029,235548,210.75,11590173,11586820
1720000,847783,236493,210.96,11529107,11531353
1721000,848323,234752,210.60,11495815,11495275
1722000,851734,234674,210.55,11658126,11654715
1723000,854198,233398,210.44,11676413,11673949
1724000,857147,232209,210.45,11763846,11760897
1725000,856588,232489,210.37,11817502,11818061
1726000,854207,233113,209.93,11702676,11705057
1727000,855551,231605,210.66,11789758,11788414
1728000,852682,233080,210.90,11626916,11629785
1729000,848484,235588,210.83,11589137,11593335
1730000,855341,234869,210.27,11663108,11656251
1731000,849327,235775,211.34,11610935,11616949
1732000,849117,235836,210.94,11448927,11449137
1733000,849546,235556,210.72,11561191,11560762
1734000,846420,235903,211.22,11520835,11523961
1735000,848710,235938,211.39,11475885,11473595
1736000,849211,235296,210.81,11558446,11557945
1737000,852507,236150,210.36,11616745,11613449
1738000,853391,236290,210.26,11648960,11648076
1739000,852819,235247,210.82,11644982,11645554
1740000,852299,236398,210.75,11579339,11579859
1741000,848094,235753,211.16,11527698,11531903
1742000,849561,236571,210.67,11551607,11550140
1743000,853122,235509,210.64,11640246,11636685
1744000,853497,234969,210.66,11665599,11665224
1745000,852789,234992,210.48,11711666,11712374
1746000,853381,233490,210.24,11672257,11671665
1747000,857882,234444,209.68,11810461,11805960
1748000,855861,233180,210.52,11824720,11826741
1749000,856418,232241,210.34,11702804,11702247
1750000,848944,233509,210.67,11615361,11622835
1751000,849351,233921,210.52,11565461,11565054
1752000,851662,234715,210.95,11573856,11571545
1753000,850470,235931,210.99,11479424,11480616
1754000,847028,234728,210.27,11497047,11500489
1755000,854907,232116,210.61,11655992,11648113
1756000,857693,233670,210.74,11753297,11750511
1757000,852257,232385,211.06,11606180,11611616
1758000,860649,232916,209.93,11675826,11667434
1759000,856912,231173,210.52,11758305,11762042
1760000,859231,230794,210.20,11758710,11756391
1761000,860137,230027,210.47,11813695,11812789
1762000,855708,231918,211.00,11780715,11785144
1763000,849510,233184,210.37,11595233,11601431
1764000,851292,231950,210.55,11628953,11627171
1765000,854516,232591,210.57,11649442,11646218
1766000,850768,234590,211.37,11593268,11597016
1767000,844662,235843,210.61,11449594,11455700
1768000,848130,235961,210.22,11595072,11591604
1769000,847099,235464,210.56,11609958,11610989
1770000,850221,236062,210.49,11563059,11559937
1771000,846879,236580,210.84,11563813,11567155
1772000,846396,238949,211.06,11446195,11446678
1773000,841084,237524,210.68,11392404,11397716
1774000,844876,237479,210.36,11487857,11484065
1775000,850684,235222,210.86,11596148,11590340
1776000,846509,234467,211.30,11469216,11473391
1777000,851689,235576,210.42,11527192,11522012
1778000,850027,236358,210.72,11661498,11663160
1779000,853244,233456,210.99,11608003,11604786
1780000,851951,234109,210.77,11597992,11599285
1781000,858111,232652,210.17,11737890,11731730
1782000,858965,231280,210.48,11848935,11848081
1783000,857135,229323,210.34,11839319,11841149
1784000,857567,229120,210.48,11869384,11868952
1785000,860739,230152,210.26,11875240,11872068
1786000,857389,229083,210.48,11831113,11834463
1787000,856666,230308,211.00,11691689,11692412
1788000,852425,232138,210.66,11645369,11649610
1789000,853563,230602,210.64,11718463,11717325
1790000,858179,229155,210.39,11748652,11744036
1791000,857019,230428,210.59,11748513,11749673
1792000,855948,231272,210.51,11694520,11695591
1793000,856747,229774,210.11,11797385,11796586
1794000,864085,229629,210.08,11954221,11946883
1795000,857988,230058,210.61,11883299,11889396
1796000,853263,232175,210.76,11688904,11693629
1797000,852535,232923,210.61,11621648,11622376
1798000,850948,231891,210.67,11599570,11601157
1799000,852133,232597,210.69,11606187,11605002
1800000,853598,233806,210.70,11622889,11621424
1801000,859107,232955,210.34,11720517,11715008
1802000,855012,233003,210.88,11700044,11704139
1803000,860554,233155,210.31,11760695,11755153
1804000,854242,231660,210.59,11761744,11768056
1805000,853024,232921,210.62,11591251,11592469
1806000,847117,234290,210.75,11623496,11629403
1807000,856449,234951,210.40,11669663,11660331
1808000,846675,233332,211.21,11561235,11571009
1809000,849699,233516,210.40,11531313,11528289
1810000,859475,230983,210.31,11765537,11755761
1811000,860010,229112,210.70,11796160,11795625
1812000,857694,230249,210.83,11798917,11801233
1813000,853264,232093,210.97,11643771,11648201
1814000,851342,233671,210.73,11529301,11531223
1815000,854953,234026,210.88,11554602,11550991
1816000,853088,233667,211.34,11604020,11605885
1817000,852199,235028,210.73,11517229,11518118
1818000,851529,236321,210.45,11618340,11619010
1819000,853371,233187,210.12,11690156,11688314
1820000,861145,234130,210.43,11781359,11773585
1821000,857542,234010,210.51,11759626,11763229
1822000,855128,233647,210.56,11725558,11727972
1823000,857440,231234,210.53,11710724,11708412
1824000,860734,231473,210.69,11792800,11789506
1825000,854470,232516,210.57,11723769,11730033
1826000,853728,232285,210.46,11720061,11720803
1827000,855512,232539,210.87,11734625,11732841
1828000,856425,232887,210.25,11796450,11795537
1829000,854316,232533,210.59,11736071,11738180
1830000,853589,232439,210.22,11784661,11785388
1831000,855182,232755,210.12,11776422,11774829
1832000,860062,233434,210.23,11788482,11783602
1833000,850113,233892,210.87,11649808,11659757
1834000,852376,233232,210.63,11593703,11591440
1835000,852791,234642,210.41,11700554,11700139
1836000,852048,234800,210.56,11686094,11686837
1837000,849508,234620,211.13,11593602,11596142
1838000,853505,234159,209.98,11608664,11604667
1839000,857449,234742,209.72,11768769,11764825
1840000,852121,233493,210.91,11679912,11685240
1841000,845937,233430,211.01,11453794,11459978
1842000,849513,234320,210.49,11482914,11479338
1843000,847841,233729,210.41,11473135,11474807
1844000,850422,234371,210.52,11584998,11582417
1845000,850911,233942,210.65,11649141,11648652
1846000,851823,232152,210.54,11627289,11626377
1847000,852663,232580,210.55,11665595,11664755
1848000,855299,232557,210.53,11682257,11679621
1849000,853968,233261,210.61,11714890,11716221
1850000,851344,232568,210.43,11677648,11680272
1851000,856724,233264,210.32,11758667,11753287
1852000,852593,235058,210.32,11725977,11730108
1853000,857762,236077,210.64,11717155,11711986
1854000,852672,234485,210.41,11703304,11708394
1855000,854018,234048,210.39,11713976,11712630
1856000,857816,233086,210.71,11786545,11782747
1857000,858682,232511,210.31,11848239,11847373
1858000,855250,232189,210.29,11785872,11789304
1859000,861428,232970,210.42,11906733,11900555
1860000,857525,232595,210.10,11770065,11773968
1861000,858724,231189,210.33,11847401,11846202
1862000,859692,230335,210.17,11800153,11799185
1863000,858889,229836,210.32,11871521,11872324
1864000,865464,228763,210.07,11972831,11966256
1865000,866418,226526,210.26,12039880,12038926
1866000,865161,226576,209.97,11992374,11993631
1867000,864597,225954,210.11,12024518,12025082
1868000,859660,226201,210.18,11866671,11871608
1869000,863553,225964,209.93,11953800,11949907
1870000,865532,227263,210.08,12085506,12083527
1871000,863106,226103,209.86,12056528,12058954
1872000,862334,225311,210.12,12019758,12020530
1873000,868170,227233,210.29,12116455,12110619
1874000,859756,227639,210.23,11870654,11879068
1875000,858463,229346,209.95,11898845,11900138
1876000,858199,229674,210.50,11870615,11870879
1877000,859942,231273,210.94,11732489,11730746
1878000,851356,230928,210.97,11644473,11653059
1879000,852006,232446,210.73,11644619,11643969
1880000,847136,232499,210.60,11540084,11544954
1881000,850492,233009,210.45,11576510,11573154
1882000,857101,234337,210.58,11642398,11635789
1883000,853127,232488,210.47,11660549,11664523
1884000,854356,233672,210.51,11679671,11678442
1885000,850236,234567,210.81,11592251,11596371
1886000,847038,231735,210.71,11506317,11509515
1887000,852511,230588,210.65,11647039,11641566
1888000,855679,231928,210.96,11651863,11648695
1889000,850174,232899,210.76,11529245,11534750
1890000,849111,231279,210.75,11593402,11594465
1891000,852579,229840,210.45,11608114,11604646
1892000,851671,231548,210.90,11602711,11603619
1893000,849686,233397,210.56,11566024,11568009
1894000,855000,232030,210.72,11709080,11703766
1895000,853526,233236,210.42,11632688,11634162
1896000,854965,233667,210.78,11665978,11664539
1897000,852450,233159,211.26,11575469,11577984
1898000,852960,234521,210.72,11558749,11558239
1899000,849597,235304,210.72,11526056,11529419
1900000,849224,235668,210.94,11528067,11528440
1901000,851180,236049,211.13,11521923,11519967
1902000,851360,236085,210.90,11554969,11554789
1903000,845404,235280,210.71,11442129,11448085
1904000,856544,235419,210.45,11634891,11623751
1905000,857319,235798,210.52,11791963,11791188
1906000,855034,235248,210.46,11697360,11699645
1907000,850723,235143,210.65,11604757,11609068
1908000,850811,235924,210.78,11521153,11521065
1909000,851066,235641,210.82,11501998,11501743
1910000,851655,234925,210.73,11623778,11623189
1911000,855284,232590,209.94,11683292,11679663
1912000,858050,233241,210.44,11822403,11819637
1913000,853611,232018,210.54,11688439,11692878
1914000,860425,230483,210.94,11718041,11711227
1915000,857260,230742,210.33,11738812,11741977
1916000,860071,230357,210.39,11841761,11838950
1917000,855668,231339,210.50,11804654,11809057
1918000,857231,228290,210.03,11814267,11812704
1919000,863608,227384,209.72,11944886,11938509
1920000,862888,226924,210.12,12010465,12011185
1921000,861234,228323,209.86,11994249,11995903
1922000,863412,229444,209.60,11975826,11973648
1923000,862753,228950,210.25,12050108,12050767
1924000,859864,231314,210.45,11877565,11880454
1925000,856105,232547,210.55,11780466,11784225
1926000,859404,232830,210.17,11822243,11818944
1927000,854291,233122,210.95,11754750,11759863
1928000,850102,232570,211.23,11601320,11605509
1929000,850936,231329,210.73,11575539,11574705
1930000,855929,232173,210.60,11753944,11748951
1931000,857214,233146,210.18,11729417,11728132
1932000,860427,233388,209.97,11870027,11866814
1933000,853793,232004,210.18,11864151,11870785
1934000,853867,231054,210.24,11798619,11798545
1935000,856719,230501,210.57,11757987,11755135
1936000,853796,230958,210.03,11749126,11752049
1937000,856302,228218,210.15,11838886,11836380
1938000,858225,228645,210.06,11913825,11911902
1939000,857517,230020,210.26,11881244,11881952
1940000,854831,231327,210.30,11838383,11841069
1941000,856281,231540,209.97,11826825,11825375
1942000,856203,235105,210.56,11799816,11799894
1943000,848408,235597,210.57,11680264,11688059
1944000,844893,236746,210.53,11607565,11611080
1945000,846691,237745,210.71,11565563,11563765
1946000,849861,238445,209.93,11621616,11618446
1947000,848682,240087,210.43,11638495,11639674
1948000,847947,238414,211.17,11523136,11523871
1949000,848731,240622,210.60,11500769,11499985
1950000,843564,239459,211.52,11416920,11422087
1951000,843885,240736,210.78,11314226,11313905
1952000,846503,240172,210.82,11385694,11383076
1953000,846383,240536,211.03,11479562,11479682
1954000,847480,239760,210.95,11415147,11414050
1955000,845394,240172,210.71,11434188,11436274
1956000,846154,237636,210.80,11406979,11406219
1957000,853174,237611,210.71,11538435,11531415
1958000,850326,235856,210.59,11602071,11604919
1959000,853685,234457,210.56,11671169,11667810
1960000,851730,233822,210.71,11646743,11648698
1961000,858774,233560,210.74,11693882,11686838
1962000,858753,233949,210.61,11789118,11789139
1963000,849690,234637,210.18,11683936,11692999
1964000,856597,234407,209.68,11803174,11796267
1965000,855699,232551,210.20,11832627,11833525
1966000,856274,232222,210.25,11803811,11803236
1967000,857137,230903,209.92,11858607,11857744
1968000,857720,229666,210.17,11846779,11846196
1969000,860213,229902,210.03,11882261,11879768
1970000,857986,229009,210.36,11863330,11865557
1971000,858119,229005,211.01,11776417,11776284
1972000,856529,229800,210.86,11715514,11717104
1973000,854604,231349,210.47,11736335,11738260
1974000,858592,230859,210.38,11800269,11796281
1975000,860595,230975,210.51,11871722,11869719
1976000,858125,230591,210.53,11795473,11797943
1977000,859054,230559,210.33,11802443,11801514
1978000,853209,229308,210.59,11749049,11754894
1979000,857955,229617,210.21,11791490,11786744
1980000,860134,230794,210.70,11840704,11838525
1981000,851012,229853,210.30,11651338,11660460
1982000,853655,230042,211.04,11603653,11601010
1983000,858330,230731,210.65,11676343,11671668
1984000,859315,231193,210.72,11746553,11745568
1985000,852110,229527,210.41,11662416,11669621
1986000,856883,231427,209.85,11795474,11790701
1987000,859750,233719,210.20,11869263,11866396
1988000,848539,233821,210.44,11674175,11685386
1989000,848957,233967,210.49,11636170,11635752
1990000,857088,233089,210.80,11766375,11758244
1991000,856120,233059,210.43,11800097,11801065
1992000,856294,232102,210.34,11735148,11734974
1993000,858992,230603,210.44,11844973,11842275
1994000,854953,232174,210.80,11795542,11799581
1995000,855399,232584,210.45,11696720,11696274
1996000,859137,233805,209.90,11824048,11820310
1997000,853309,232809,210.83,11764415,11770243
1998000,855902,233832,210.94,11714318,11711725
1999000,853089,233503,210.51,11593125,11595938
2000000,855327,234303,210.73,11722070,11719832
2001000,849049,232332,210.48,11636639,11642917
2002000,855518,231929,210.60,11711985,11705516
2003000,858611,231603,210.68,11761670,11758577
2004000,854059,232626,210.50,11651578,11656130
2005000,852410,231362,210.73,11651389,11653038
2006000,852276,230760,210.78,11652035,11652169
2007000,853999,232555,210.81,11639125,11637402
2008000,847449,231268,211.46,11534988,11541538
2009000,847975,232317,211.35,11442050,11441524
2010000,853591,233096,210.49,11564967,11559351
2011000,852369,233103,210.99,11687822,11689044
2012000,850946,233371,210.59,11562637,11564060
2013000,853606,233781,210.51,11641695,11639035
2014000,852191,234886,210.66,11698112,11699527
2015000,850660,235549,211.11,11541928,11543459
2016000,852432,237821,210.97,11528899,11527127
2017000,844432,238645,210.72,11484482,11492482
2018000,851893,237544,210.48,11558994,11551533
2019000,853037,236928,210.04,11698477,11697333
2020000,848378,235614,210.60,11665614,11670273
2021000,854393,233454,210.11,11666492,11660477
2022000,858009,232402,210.14,11880690,11877074
2023000,860247,231706,210.06,11839403,11837165
2024000,859089,230627,209.97,11898360,11899518
2025000,855895,230390,210.55,11855175,11858369
2026000,858220,232539,210.22,11857644,11855319
2027000,852956,232824,210.29,11797795,11803059
2028000,857419,231849,210.39,11807162,11802699
2029000,862222,232123,210.51,11883592,11878789
2030000,854437,233771,211.08,11773014,11780799
2031000,849156,234577,210.57,11588407,11593688
2032000,853386,234259,210.84,11649695,11645465
2033000,854845,233099,210.40,11657607,11656148
2034000,853401,232362,210.80,11731003,11732447
2035000,855676,231523,210.85,11715469,11713194
2036000,851863,231151,211.16,11618841,11622654
2037000,855952,232354,210.65,11687373,11683284
2038000,856134,231118,210.09,11713296,11713114
2039000,855946,232391,210.79,11737819,11738007
2040000,853387,232989,211.04,11640303,11642862
2041000,849062,233851,210.63,11595225,11599550
2042000,855831,234273,210.20,11672599,11665830
2043000,851082,233285,210.52,11678470,11683219
2044000,850298,232641,210.29,11668627,11669411
2045000,855940,233670,210.87,11746455,11740813
2046000,852696,234096,210.77,11634593,11637837
2047000,852348,234952,210.91,11592982,11593330
2048000,852644,234756,210.59,11612677,11612381
2049000,846344,235522,211.09,11540653,11546953
2050000,853337,235673,210.58,11534812,11527819
2051000,849339,234730,210.51,11594578,11598576
2052000,854064,233310,210.52,11667567,11662842
2053000,851486,233203,210.54,11649876,11652454
2054000,854939,233099,210.67,11732830,11729377
2055000,855573,232907,210.66,11736817,11736183
2056000,854208,232746,210.96,11669652,11671017
2057000,850955,232726,210.60,11596992,11600245
2058000,855212,235778,210.61,11647410,11643153
2059000,850225,234763,210.37,11555403,11560390
2060000,853447,233627,210.83,11603872,11600650
2061000,855437,233920,210.86,11694454,11692464
2062000,852838,235533,211.20,11692644,11695243
2063000,848550,235005,210.06,11538036,11542324
2064000,856840,236962,210.75,11779666,11771376
2065000,849489,236074,210.47,11676795,11684146
2066000,853839,235602,210.43,11676221,11671871
2067000,854023,234559,210.05,11697848,11697664
2068000,859298,232399,210.05,11835400,11830125
2069000,858784,232113,210.29,11817970,11818484
2070000,857598,232516,210.11,11850737,11851923
2071000,861305,232440,209.52,11951805,11948098
2072000,856576,229898,210.43,11933831,11938560
2073000,861077,229455,210.22,11921758,11917257
2074000,857484,228939,210.62,11879195,11882788
2075000,863597,229846,210.23,11924856,11918743
2076000,859508,228696,210.22,11921198,11925287
2077000,859129,228087,209.92,11889686,11890065
2078000,863406,229338,210.09,11935235,11930958
2079000,859148,230035,210.62,11886463,11890721
2080000,858197,231050,210.10,11823753,11824704
2081000,856390,231932,210.59,11830735,11832542
2082000,852274,230957,210.66,11639644,11643760
2083000,856361,232685,210.51,11699096,11695009
2084000,855143,231798,210.59,11740016,11741234
2085000,859442,231830,209.87,11813852,11809553
2086000,862797,231677,210.55,11911185,11907830
2087000,856577,230609,210.59,11751016,11757236
2088000,861953,230212,210.51,11832795,11827419
2089000,856690,230186,210.37,11776759,11782022
2090000,861774,230276,209.87,11897864,11892780
2091000,858198,229365,210.00,11949266,11952842
2092000,854571,229450,210.26,11854369,11857996
2093000,861148,228606,210.06,11888356,11881779
2094000,861488,228862,210.03,11886340,11886000
2095000,858643,228979,209.91,11892201,11895046
2096000,861615,228453,210.25,11908631,11905659
2097000,858261,227461,210.15,11857071,11860425
2098000,860222,228593,210.60,11826954,11824993
2099000,854577,229659,210.49,11714974,11720619
2100000,850474,231180,210.57,11632433,11636536
2101000,850448,231570,211.04,11556055,11556081
2102000,844973,233361,211.27,11394439,11399914
2103000,846267,233325,211.07,11439866,11438572
2104000,852265,233755,210.76,11584025,11578027
2105000,850861,231980,210.63,11594781,11596185
2106000,853330,230511,210.81,11597019,11594550
2107000,848504,231584,210.87,11539175,11544001
2108000,856778,231942,210.23,11672040,11663766
2109000,853025,232274,210.80,11752087,11755840
2110000,851701,232390,210.23,11598520,11599844
2111000,848348,233000,210.69,11613283,11616636
2112000,844301,234258,210.79,11512315,11516362
2113000,847722,235394,210.35,11520628,11517207
2114000,850468,236598,210.92,11488291,11485545
2115000,844553,237846,211.05,11454835,11460750
2116000,844499,237402,210.55,11485738,11485792
2117000,852918,236655,210.41,11611067,11602648
2118000,852690,237421,210.82,11654428,11654656
2119000,852165,237608,210.61,11632038,11632563
2120000,844833,236579,210.92,11573824,11581156
2121000,849332,237019,210.40,11524141,11519642
2122000,850078,235333,210.73,11571007,11570261
2123000,849468,236551,210.90,11604758,11605368
2124000,849243,236099,210.62,11530098,11530323
2125000,850021,235898,210.94,11602778,11602000
2126000,847416,237313,210.40,11542939,11545544
2127000,849433,236256,210.50,11595314,11593297
2128000,854449,235177,210.28,11717434,11712418
2129000,854759,232321,210.48,11758328,11758018
2130000,856402,232829,210.62,11730108,11728465
2131000,857893,233192,210.37,11852748,11851257
2132000,853581,232785,210.31,11797059,11801371
2133000,853063,232071,210.43,11709924,11710442
2134000,859291,231515,210.23,11806989,11800761
2135000,859876,231410,210.36,11934650,11934065
2136000,855405,230924,210.65,11761026,11765497
2137000,856516,230109,209.77,11769404,11768293
2138000,863913,229597,209.52,12012391,12004994
2139000,864368,229167,209.58,12056593,12056138
2140000,861925,227645,209.65,12075437,12077880
2141000,866447,230099,209.85,12082731,12078209
2142000,857817,228537,210.99,11961925,11970555
2143000,855201,227134,209.96,11771061,11773677
2144000,862602,226343,210.29,11966520,11959119
2145000,857542,226256,210.23,11946945,11952005
2146000,863558,226886,210.03,11941164,11935148
2147000,860278,226843,210.38,11896140,11899420
2148000,860904,229489,210.35,11862821,11862195
2149000,858172,230251,210.12,11770121,11772853
2150000,861249,231337,210.71,11796966,11793889
2151000,851946,231476,211.29,11610793,11620096
2152000,847618,231064,211.67,11458179,11462507
2153000,849634,230762,210.54,11519304,11517288
2154000,857083,231314,211.06,11697330,11689881
2155000,854555,232783,211.08,11644073,11646601
2156000,849835,233240,210.48,11558007,11562727
2157000,853103,234987,210.58,11628055,11624787
2158000,847912,234138,210.43,11579832,11585023
2159000,850431,232285,210.70,11520122,11517603
2160000,851619,233860,210.58,11566700,11565512
2161000,848938,234836,210.70,11538173,11540854
2162000,852957,234470,210.92,11559295,11555276
2163000,848894,234297,211.04,11529955,11534018
2164000,841497,233175,210.67,11427998,11435395
2165000,852181,231711,210.31,11558807,11548123
2166000,857658,232511,210.40,11787681,11782204
2167000,851396,231739,210.45,11713713,11719975
2168000,851076,233004,210.69,11605695,11606015
2169000,848908,234613,210.38,11559655,11561823
2170000,849285,235554,210.36,11641671,11641294
2171000,850862,236165,210.78,11634136,11632559
2172000,849038,236555,211.22,11572030,11573854
2173000,846578,237426,210.44,11516406,11518866
2174000,851048,236342,210.41,11671887,11667417
2175000,851557,237255,210.65,11583339,11582830
2176000,851860,236608,210.42,11576855,11576552
2177000,849479,236225,210.98,11566942,11569323
2178000,851446,236434,211.31,11585912,11583945
2179000,851901,238512,210.00,11618554,11618099
2180000,848897,237198,210.24,11620796,11623800
2181000,851121,234903,210.75,11603072,11600848
2182000,851142,233585,210.45,11688717,11688696
2183000,854318,233885,210.91,11699547,11696371
2184000,855992,232812,210.13,11767069,11765395
2185000,857912,231879,209.98,11911015,11909095
2186000,862376,231943,209.58,12020974,12016510
2187000,861111,230552,210.35,12048796,12050061
2188000,857083,228363,210.08,11886740,11890768
2189000,866378,227086,210.06,12001967,11992672
2190000,860088,228816,210.10,11930229,11936519
2191000,860326,228076,210.34,11868543,11868305
2192000,860076,230450,210.45,11891670,11891920
2193000,854712,230217,210.03,11731792,11737156
2194000,862413,230518,209.97,11939272,11931571
2195000,859131,230451,210.71,11851825,11855107
2196000,856250,229955,210.53,11774090,11776971
2197000,856909,230266,210.41,11738077,11737418
2198000,858476,229299,210.67,11792354,11790787
2199000,855421,228739,210.63,11735556,11738611
2200000,858634,231038,210.33,11743321,11740108
2201000,852676,230859,210.90,11693405,11699363
2202000,853034,230100,210.79,11665339,11664981
2203000,853725,229646,210.69,11678196,11677505
2204000,860754,230802,210.23,11734038,11727009
2205000,852387,231587,210.84,11750098,11758465
2206000,851783,232842,211.16,11545616,11546220
2207000,851369,233627,211.27,11531746,11532160
2208000,846711,234983,210.91,11428107,11432765
2209000,849536,234572,210.62,11520861,11518036
2210000,848138,235213,211.23,11534186,11535584
2211000,849945,236089,210.76,11434673,11432866
2212000,850226,237394,210.90,11552472,11552191
2213000,845125,236171,211.04,11457337,11462438
2214000,843724,235577,210.62,11366288,11367689
2215000,849744,236260,211.03,11582626,11576606
2216000,847218,236511,210.99,11459409,11461935
2217000,847685,237518,211.16,11534999,11534532
2218000,843452,237545,211.07,11399710,11403943
2219000,846922,237408,210.49,11458247,11454777
2220000,855000,236171,210.96,11637558,11629480
2221000,847819,238025,211.35,11522222,11529403
2222000,841378,236043,210.95,11371786,11378227
2223000,852626,236664,210.84,11508501,11497253
2224000,848569,235982,210.70,11599025,11603082
2225000,855244,235124,210.36,11652514,11645839
2226000,848464,234059,210.82,11633718,11640498
2227000,855701,233971,209.74,11735181,11727944
2228000,856227,233244,210.00,11841808,11841282
2229000,855999,232066,210.87,11761959,11762187
2230000,851079,233299,210.39,11637642,11642562
2231000,848675,232551,210.19,11683179,11685583
2232000,852616,233319,210.14,11703403,11699462
2233000,850079,235040,210.26,11721562,11724099
2234000,850125,234783,210.41,11646438,11646392
2235000,848783,234701,210.52,11595921,11597263
2236000,853219,235233,210.56,11641342,11636906
2237000,850902,237010,210.07,11664774,11667091
2238000,848660,237264,210.23,11712948,11715190
2239000,846817,237007,210.08,11629153,11630996
2240000,850430,235733,209.93,11717113,11713500
2241000,853445,233784,210.20,11831720,11828705
2242000,849227,234560,210.32,11738594,11742812
2243000,853164,234501,210.10,11749327,11745390
2244000,852160,234599,210.31,11703719,11704723
2245000,852174,232668,210.16,11747662,11747648
2246000,859677,232014,210.01,11835131,11827628
2247000,859082,231903,209.90,11878655,11879250
2248000,858103,232441,210.23,11865389,11866368
2249000,856657,231674,210.04,11897468,11898914
2250000,860246,229941,210.24,11979858,11976269
2251000,863499,228700,209.51,12018830,12015577
2252000,871169,227754,209.76,12131539,12123869
2253000,862128,228627,210.36,12045699,12054740
2254000,854988,229342,210.57,11870216,11877356
2255000,852159,230167,210.29,11814271,11817100
2256000,856279,230782,210.59,11775785,11771665
2257000,853604,231416,210.60,11744645,11747320
2258000,852947,231933,210.45,11665752,11666409
2259000,852508,232971,210.71,11654791,11655230
2260000,848090,232567,210.42,11616116,11620534
2261000,849549,232655,210.27,11608422,11606963
2262000,855964,234599,210.63,11694680,11688265
2263000,851537,235026,211.02,11624945,11629372
2264000,853214,235133,211.05,11559861,11558184
2265000,850029,235805,211.05,11528264,11531449
2266000,845190,235529,210.71,11487356,11492195
2267000,846427,237229,210.35,11557962,11556725
2268000,847717,234489,210.37,11609934,11608644
2269000,845342,235725,210.61,11598020,11600395
2270000,845119,236865,210.77,11501586,11501809
2271000,844739,237174,210.51,11502131,11502511
2272000,843604,236846,210.59,11486525,11487660
2273000,850459,235286,210.19,11498433,11491578
2274000,848695,235372,210.46,11615621,11617385
2275000,851800,233852,210.57,11628166,11625061
2276000,857287,233586,210.10,11788015,11782528
2277000,858180,232623,210.32,11751415,11750522
2278000,849269,233270,210.17,11681517,11690428
2279000,853492,234979,210.08,11705279,11701056
2280000,853807,235517,210.20,11765984,11765669
2281000,854362,234661,210.54,11758647,11758092
2282000,856457,235127,210.81,11695367,11693272
2283000,850041,236021,211.18,11609046,11615462
2284000,844863,233578,210.76,11435744,11440922
2285000,857691,233469,210.36,11697311,11684483
2286000,856622,231976,210.30,11778565,11779634
2287000,860421,232501,210.49,11839628,11835829
2288000,860826,231459,209.91,11935588,11935183
2289000,859958,231610,210.22,11866864,11867732
2290000,862759,230625,210.82,11911165,11908364
2291000,858698,231426,209.91,11823885,11827946
2292000,853107,229944,209.87,11794384,11799975
2293000,861390,229297,209.89,12006292,11998009
2294000,858570,228810,210.02,11990885,11993705
2295000,857994,229743,210.50,11925348,11925924
2296000,858699,229567,210.62,11827484,11826779
2297000,855730,229679,210.29,11837268,11840237
2298000,855050,230370,210.61,11718964,11719644
2299000,855852,232187,210.39,11746789,11745987
2300000,854132,231845,210.42,11730250,11731970
2301000,854366,231223,210.63,11690817,11690583
2302000,856232,232550,210.38,11764560,11762694
2303000,856454,233482,210.45,11807243,11807021
2304000,849018,235625,210.42,11634758,11642194
2305000,850451,236775,210.40,11651934,11650501
2306000,848193,238019,210.20,11571437,11573695
2307000,852183,235624,210.33,11676656,11672666
2308000,854616,236567,210.04,11763614,11761181
2309000,847568,235848,210.39,11672793,11679841
2310000,848892,235958,210.49,11613372,11612048
2311000,851040,234960,210.90,11565937,11563789
2312000,848388,234362,210.71,11594877,11597529
2313000,856715,234363,210.17,11749011,11740684
2314000,856328,234131,210.57,11761898,11762285
2315000,857543,234714,210.49,11765435,11764220
2316000,854645,233945,210.43,11744658,11747556
2317000,859373,233841,210.21,11791811,11787083
2318000,855167,234189,210.92,11678095,11682301
2319000,855257,233371,210.58,11705371,11705281
2320000,858719,233164,210.65,11696262,11692800
2321000,851668,232973,210.90,11659845,11666896
2322000,856462,232394,210.05,11751254,11746460
2323000,856889,231346,210.14,11784941,11784514
2324000,857925,230467,209.89,11866648,11865612
2325000,864812,228857,210.41,11951340,11944453
2326000,860467,229564,210.40,11876568,11880913
2327000,860133,229453,209.95,11861151,11861485
2328000,859332,230388,210.11,11919533,11920334
2329000,863403,230146,210.08,11992818,11988747
2330000,860441,230717,210.05,11975789,11978751
2331000,858765,231546,210.44,11845980,11847656
2332000,856211,232773,210.68,11733853,11736407
2333000,854709,234754,210.78,11655098,11656600
2334000,855020,235125,211.06,11585318,11585007
2335000,854160,234873,210.56,11576443,11577303
2336000,854627,236604,211.30,11610771,11610304
2337000,850484,238118,211.46,11488205,11492348
2338000,850328,238451,211.11,11404503,11404659
2339000,846799,238080,211.05,11399138,11402667
2340000,849216,240188,210.48,11510524,11508107
2341000,844251,238999,210.74,11526805,11531770
2342000,847254,238908,210.76,11499549,11496546
2343000,845485,238201,210.72,11565139,11566908
2344000,848536,237070,210.55,11563119,11560068
2345000,856013,237688,210.30,11708794,11701317
2346000,850750,236570,210.85,11698032,11703295
2347000,850526,236538,210.54,11632196,11632420
2348000,851148,234263,210.30,11623889,11623267
2349000,856140,235131,211.12,11741663,11736671
2350000,859155,233509,210.17,11790897,11787882
2351000,858790,231086,210.46,11913624,11913989
2352000,857005,231236,210.35,11805410,11807195
2353000,863800,231028,210.22,11863352,11856557
2354000,861280,231320,210.42,11908340,11910860
2355000,862112,229988,210.72,11871567,11870735
2356000,860621,230040,210.47,11878527,11880018
2357000,861863,228918,210.28,11902575,11901333
2358000,865013,228046,209.94,11983156,11980006
2359000,863779,229540,209.69,12057265,12058499
2360000,863575,229870,209.93,12022797,12023001
2361000,860950,231981,210.00,11904884,11907509
2362000,854496,233661,210.82,11821157,11827611
2363000,851819,233599,210.31,11650249,11652926
2364000,854340,235321,210.35,11658560,11656039
2365000,854835,235520,210.37,11713275,11712780
2366000,849010,236330,211.03,11568703,11574528
2367000,852658,234956,209.99,11569325,11565677
2368000,848849,234039,210.84,11629178,11632987
2369000,850307,233431,210.51,11598301,11596843
2370000,854919,233500,210.41,11618334,11613722
2371000,854515,231937,210.78,11581439,11581843
2372000,859140,231529,210.82,11739340,11734715
2373000,852789,230626,211.00,11595176,11601527
2374000,857014,230175,210.12,11669755,11665530
2375000,856229,229517,210.35,11764833,11765618
2376000,857899,228807,210.32,11794845,11793175
2377000,860652,228565,210.35,11819798,11817045
2378000,857224,228405,210.55,11789617,11793045
2379000,856969,228741,210.06,11786000,11786255
2380000,860747,230040,210.19,11914626,11910848
2381000,856947,230703,210.24,11837941,11841741
2382000,857495,231874,210.59,11809024,11808476
2383000,856861,232822,211.00,11781235,11781869
2384000,849511,233682,210.20,11609781,11617131
2385000,854173,233637,210.44,11721523,11716861
2386000,859031,233381,210.28,11744386,11739528
2387000,856810,232523,209.74,11847794,11850015
2388000,857213,231733,210.45,11902771,11902368
2389000,853036,231243,210.29,11777884,11782061
2390000,853725,231378,210.42,11768549,11767860
2391000,855390,232975,210.32,11718457,11716792
2392000,849418,231813,210.32,11723431,11729403
2393000,853871,229425,209.95,11777492,11773039
2394000,854691,230746,210.45,11834513,11833693
2395000,854841,231763,210.18,11788102,11787952
2396000,850673,230875,210.17,11723641,11727809
2397000,856271,231163,210.47,11710203,11704605
2398000,851814,231060,210.37,11722497,11726954
2399000,856292,230769,210.04,11760579,11756101
2400000,855512,232194,210.40,11781880,11782660
2401000,850859,232220,210.50,11645889,11650542
2402000,853092,231981,210.61,11684888,11682655
2403000,855354,232180,210.88,11727009,11724747
2404000,853081,229601,210.15,11686633,11688906
2405000,858393,229524,210.20,11780100,11774788
2406000,857236,228369,210.12,11809499,11810656
2407000,861244,231457,210.10,11945301,11941293
2408000,855388,230550,210.68,11854937,11860793
2409000,855085,232210,210.20,11757597,11757900
2410000,853937,232453,210.73,11769793,11770941
2411000,850260,231786,210.61,11634797,11638474
2412000,852491,231536,210.65,11645513,11643282
2413000,852624,233099,210.80,11622644,11622511
2414000,848684,232827,210.67,11571909,11575849
2415000,848822,233085,210.62,11563231,11563093
2416000,851180,232692,210.85,11656951,11654593
2417000,851014,232939,210.67,11626932,11627098
2418000,853189,233390,210.60,11617517,11615342
2419000,852094,233968,210.85,11602746,11603841
2420000,851371,234232,210.66,11567189,11567912
2421000,854757,235334,210.70,11647752,11644366
2422000,850070,234774,210.67,11584868,11589555
2423000,847221,234478,210.32,11567321,11570170
2424000,855523,235454,210.63,11653762,11645460
2425000,846163,233389,210.68,11586610,11595970
2426000,852475,232363,210.11,11645519,11639207
2427000,856265,232198,210.29,11820806,11817016
2428000,857307,230533,210.28,11798700,11797658
2429000,853546,232059,210.48,11726032,11729793
2430000,857835,232170,210.80,11759695,11755406
2431000,853595,231970,210.05,11672346,11676586
2432000,855545,232641,210.51,11760388,11758438
2433000,857476,232155,209.84,11822176,11820245
2434000,853713,233098,210.35,11807266,11811029
2435000,853558,231440,210.72,11727345,11727500
2436000,853537,230817,210.41,11675027,11675048
2437000,857348,231403,210.38,11803802,11799991
2438000,860933,231498,209.88,11876352,11872767
2439000,855929,230757,210.45,11875010,11880014
2440000,859788,230589,209.57,11893110,11889251
2441000,861047,230969,210.02,11976466,11975207
2442000,857581,229890,210.60,11872366,11875832
2443000,857732,230430,209.70,11864176,11864025
2444000,859070,231365,210.02,11922412,11921074
2445000,858690,232480,210.85,11778999,11779379
2446000,849598,233396,210.90,11557749,11566841
2447000,849454,234004,210.61,11549216,11549360
2448000,848340,233708,210.56,11558353,11559467
2449000,854198,232460,210.05,11665324,11659466
2450000,860602,230944,210.36,11842326,11835922
2451000,854574,229262,210.95,11805092,11811120
2452000,856795,228661,209.77,11737043,11734822
2453000,861621,227618,209.57,11962958,11958132
2454000,863389,226867,209.68,12076210,12074442
2455000,862550,226104,209.95,12050907,12051746
2456000,862689,227485,210.05,12032504,12032365
2457000,860345,226974,210.38,11865720,11868064
2458000,859645,228239,210.03,11859773,11860473
2459000,855403,229211,210.70,11778419,11782661
2460000,856266,230972,210.63,11668398,11667535
2461000,850742,232502,210.19,11603137,11608661
2462000,850162,234123,210.92,11607955,11608535
2463000,855492,235730,210.84,11568284,11562954
2464000,850221,235043,211.01,11502214,11507485
2465000,844481,234794,211.31,11487613,11493353
2466000,842435,234545,211.14,11332536,11334582
2467000,843017,233505,211.11,11396064,11395482
2468000,848411,235014,210.75,11460307,11454913
2469000,849740,234854,210.92,11566410,11565081
2470000,851856,234299,210.34,11612366,11610250
2471000,849472,233104,210.46,11640589,11642973
2472000,852657,234278,210.15,11659989,11656804
2473000,852368,233984,210.35,11694798,11695087
2474000,857153,234088,210.27,11769489,11764704
2475000,857137,234697,211.06,11771288,11771304
2476000,847884,233064,210.97,11540631,11549884
2477000,850954,233723,210.59,11609258,11606188
2478000,850751,233656,210.73,11588741,11588944
2479000,847752,234501,210.34,11559063,11562062
2480000,857318,234906,210.30,11763462,11753896
2481000,856400,234104,210.23,11836890,11837808
2482000,854520,233467,210.21,11757250,11759130
2483000,855440,235055,210.64,11702404,11701484
2484000,850117,236180,210.83,11598593,11603916
2485000,851513,234835,211.10,11566620,11565224
2486000,848568,233625,210.60,11571786,11574731
2487000,850000,232625,210.45,11566990,11565558
2488000,856442,230841,210.33,11779674,11773232
2489000,858693,232112,210.66,11801129,11798878
2490000,850349,229217,210.48,11662350,11670694
2491000,857582,226169,209.76,11744913,11737680
2492000,867945,225226,209.73,12106524,12096161
2493000,866876,225366,210.30,12113472,12114541
2494000,863068,226172,210.58,11949806,11953614
2495000,857563,228165,210.18,11889562,11895067
2496000,859244,227470,210.42,11844605,11842924
2497000,858549,227863,210.33,11880959,11881654
2498000,860231,228783,210.28,11812425,11810743
2499000,859926,229853,210.83,11850241,11850546
2500000,853600,230247,210.76,11618742,11625068
2501000,857415,230410,210.45,11706941,11703126
2502000,856901,231001,211.27,11664221,11664735
2503000,848153,230614,211.03,11525125,11533873
2504000,849761,230550,210.72,11532482,11530874
2505000,853380,231465,210.58,11615355,11611736
2506000,854014,233029,211.06,11636387,11635753
2507000,849307,233900,210.44,11536884,11541591
2508000,848871,233566,210.49,11588385,11588821
2509000,852878,233369,210.68,11703845,11699838
2510000,850655,233278,210.64,11638477,11640700
2511000,852294,232882,210.13,11664773,11663134
2512000,858342,231471,210.43,11757914,11751866
2513000,855869,233192,210.89,11780225,11782698
2514000,851643,231720,210.13,11668362,11672588
2515000,857003,231015,210.23,11802688,11797328
2516000,856450,228829,210.68,11762786,11763339
2517000,858124,229139,210.31,11788462,11786788
2518000,860528,228341,209.92,11861752,11859348
2519000,859093,228860,210.56,11860569,11862004
2520000,856255,228506,210.45,11726767,11729605
2521000,856359,227877,210.37,11819482,11819378
2522000,862249,230583,210.46,11768304,11762414
2523000,856952,231035,210.55,11744696,11749993
2524000,854055,230730,210.44,11679402,11682299
2525000,855989,230110,210.86,11747898,11745964
2526000,856333,229034,210.28,11746385,11746041
2527000,859865,228354,210.40,11740107,11736575
2528000,857674,227573,210.93,11677299,11679490
2529000,850491,228397,211.11,11606879,11614062
2530000,851772,228550,210.51,11594765,11593484
2531000,855585,228867,210.09,11715655,11711842
2532000,852814,227791,210.78,11677920,11680691
2533000,856219,229651,211.03,11640296,11636891
2534000,848915,229674,210.71,11560304,11567608
2535000,852469,229373,210.60,11619469,11615915
2536000,858732,229586,210.28,11779110,11772847
2537000,855670,230898,210.40,11777631,11780693
2538000,855663,229944,210.22,11727772,11727779
2539000,853601,233160,210.53,11705837,11707899
2540000,855183,232703,210.64,11711080,11709498
2541000,851298,234443,210.56,11599985,11603870
2542000,851155,234231,211.19,11550759,11550902
2543000,850694,235551,211.07,11458006,11458467
2544000,840185,234217,211.12,11407253,11417762
2545000,845392,234561,211.05,11368798,11363591
2546000,848972,235465,210.54,11534118,11530538
2547000,846361,235682,210.60,11462001,11464612
2548000,846788,235232,210.78,11556488,11556061
2549000,849186,235460,210.55,11577464,11575066
2550000,851500,232678,210.72,11683455,11681141
2551000,856126,231359,210.07,11733374,11728748
2552000,858429,228912,210.11,11885623,11883320
2553000,861714,226500,210.17,11957167,11953882
2554000,863987,227199,210.40,11963809,11961536
2555000,859098,225895,210.28,11822884,11827773
2556000,862818,227671,210.39,11853219,11849499
2557000,857758,227734,210.14,11900494,11905554
2558000,857784,229075,210.44,11825284,11825258
2559000,857831,228670,210.80,11757040,11756993
2560000,856914,230988,210.82,11738966,11739883
2561000,853398,231825,210.68,11564682,11568198
2562000,854572,232838,210.88,11633335,11632161
2563000,854299,233893,210.52,11615453,11615726
2564000,855591,232880,210.51,11688978,11687686
2565000,853050,233988,210.02,11726814,11729355
2566000,849503,230614,210.67,11575168,11578715
2567000,856765,230824,210.26,11667957,11660695
2568000,852023,230270,210.66,11638655,11643397
2569000,857631,230901,210.40,11716235,11710627
2570000,857053,229628,210.11,11818456,11819034
2571000,861464,229435,209.91,11870545,11866134
2572000,855067,231182,210.86,11706746,11713143
2573000,844243,231431,211.04,11496555,11507379
2574000,849181,234221,210.42,11524915,11519977
2575000,848426,232410,210.78,11506727,11507482
2576000,850451,232803,210.46,11601577,11599552
2577000,850743,234379,210.51,11602309,11602017
2578000,849817,233766,210.40,11558393,11559319
2579000,850995,233359,210.42,11584517,11583339
2580000,848590,234089,211.14,11530150,11532555
2581000,848700,233165,211.01,11464236,11464126
2582000,848100,233740,210.84,11466072,11466672
2583000,843088,232397,210.73,11485218,11490230
2584000,848053,231844,210.46,11571594,11566629
2585000,852113,231056,210.26,11690105,11686045
2586000,853923,230060,209.95,11801414,11799604
2587000,858282,228383,210.10,11872829,11868470
2588000,851861,229479,210.42,11785437,11791858
2589000,856209,230029,210.23,11771269,11766921
2590000,855430,229804,210.49,11707867,11708646
2591000,850773,232169,210.28,11689313,11693970
2592000,851391,232582,210.14,11688354,11687736
2593000,853282,234306,210.78,11730202,11728311
2594000,845417,235036,210.66,11536974,11544839
2595000,844334,234702,210.07,11468887,11469970
2596000,853448,234765,209.80,11755545,11746431
2597000,854444,234685,209.66,11869606,11868610
2598000,854105,232939,209.92,11819785,11820124
2599000,851140,233262,210.08,11808203,11811168
2600000,849914,232394,210.57,11651295,11652521
2601000,856808,231537,210.50,11701172,11694278
2602000,858597,232740,210.30,11876649,11874860
2603000,854569,229752,210.35,11758267,11762295
2604000,856826,228863,210.36,11763474,11761217
2605000,854724,227565,210.48,11803373,11805475
2606000,861377,228635,210.09,11900972,11894319
2607000,857642,228698,210.66,11848062,11851797
2608000,857471,230334,210.40,11823574,11823745
2609000,859571,231033,210.07,11851516,11849416
2610000,860426,230141,209.86,11858823,11857968
2611000,861107,229485,210.39,11906764,11906083
2612000,859393,229234,209.98,11866830,11868544
2613000,856520,228455,210.45,11840932,11843805
2614000,857984,228052,209.93,11846360,11844896
2615000,857910,226150,209.62,11987960,11988034
2616000,865659,225610,209.70,12051413,12043664
2617000,865229,226448,210.48,12080850,12081280
2618000,860215,228139,210.53,11879228,11884242
2619000,855737,229200,210.04,11810913,11815391
2620000,854874,231247,210.01,11887473,11888336
2621000,852948,231420,210.34,11704393,11706319
2622000,850337,232463,210.62,11685098,11687709
2623000,851237,231620,210.25,11664908,11664008
2624000,857074,231490,210.55,11770353,11764516
2625000,849370,231657,210.46,11650467,11658171
2626000,850451,227959,210.54,11601283,11600202
2627000,857022,230311,210.54,11691050,11684479
2628000,853653,230945,210.83,11651566,11654935
2629000,853594,231933,210.78,11683874,11683933
2630000,852607,233704,210.47,11617366,11618353
2631000,851534,233593,210.80,11601199,11602272
2632000,849831,235252,210.99,11557946,11559649
2633000,846525,235794,210.94,11505262,11508568
2634000,850730,234945,210.57,11503400,11499195
2635000,849187,233677,210.41,11560648,11562191
2636000,855194,232628,210.90,11617785,11611778
2637000,854434,232460,210.97,11703345,11704105
2638000,847985,232899,210.80,11506918,11513367
2639000,854226,233416,210.73,11614587,11608346
2640000,853292,232374,210.29,11708321,11709255
2641000,852986,232978,210.33,11733085,11733391
2642000,855131,233675,210.45,11757610,11755465
2643000,855687,233125,209.80,11792113,11791557
2644000,857197,233740,210.25,11866725,11865215
2645000,852769,234243,210.02,11803449,11807877
2646000,857730,231757,209.96,11864195,11859234
2647000,854714,232111,210.47,11879272,11882288
2648000,853934,232544,210.08,11785344,11786124
2649000,855503,231458,210.50,11812678,11811109
2650000,853822,233280,210.56,11798230,11799911
2651000,851823,233422,210.26,11690576,11692575
2652000,854536,233254,210.10,11731611,11728898
2653000,854115,234463,210.99,11758311,11758732
2654000,846598,235845,210.68,11499065,11506582
2655000,844886,235431,210.39,11503526,11505238
2656000,851502,234484,210.11,11659126,11652510
2657000,859500,233304,210.11,11794312,11786314
2658000,856870,232820,210.31,11801567,11804197
2659000,856179,232207,210.21,11793864,11794555
2660000,853474,232167,210.21,11710434,11713139
2661000,854556,232509,210.25,11766397,11765315
2662000,853408,233045,210.92,11727253,11728401
2663000,855182,232783,209.85,11700191,11698417
2664000,858536,232108,209.99,11866453,11863099
2665000,855153,229889,210.14,11823708,11827091
2666000,858850,230169,211.11,11862426,11858729
2667000,855175,230525,210.81,11667114,11670789
2668000,855390,230874,210.20,11736721,11736506
2669000,855639,229663,210.67,11781411,11781162
2670000,861762,229748,210.74,11835052,11828929
2671000,851428,230948,210.64,11724515,11734849
2672000,858157,230679,209.88,11775554,11768825
2673000,859289,230415,210.74,11875647,11874515
2674000,860088,231493,210.40,11843928,11843129
2675000,855827,231538,209.99,11815413,11819674
2676000,857976,231815,210.30,11853952,11851803
2677000,848457,233712,210.31,11610048,11619567
2678000,853205,233410,210.41,11652825,11648077
2679000,852456,232698,210.12,11706903,11707652
2680000,852619,229923,210.49,11722535,11722372
2681000,856468,230331,210.38,11806956,11803107
2682000,855395,229367,210.35,11844244,11845317
2683000,856039,229230,210.05,11828106,11827462
2684000,859924,229061,210.24,11865509,11861624
2685000,856968,230221,210.90,11841717,11844673
2686000,854838,231629,210.60,11707097,11709227
2687000,851642,232105,210.37,11691660,11694856
2688000,849537,232530,210.53,11729021,11731126
2689000,855511,231246,210.07,11683785,11677811
2690000,857785,231942,210.24,11796290,11794016
2691000,855089,233287,209.89,11765485,11768181
2692000,850026,234062,210.27,11724621,11729684
2693000,849243,232542,210.63,11620816,11621599
2694000,856183,233383,210.99,11784650,11777710
2695000,849643,235062,211.46,11555494,11562034
2696000,844087,237683,210.79,11398318,11403874
2697000,842984,237956,210.47,11463501,11464604
2698000,848678,237288,210.73,11540665,11534971
2699000,845334,235957,211.44,11415733,11419077
2700000,841741,236578,210.81,11267735,11271328
2701000,846002,235645,210.57,11478974,11474713
2702000,844029,234969,210.88,11460160,11462133
2703000,849298,235341,210.66,11458216,11452947
2704000,852364,234961,211.13,11585549,11582483
2705000,846151,234504,210.42,11537776,11543989
2706000,846577,235116,210.76,11543640,11543214
2707000,853348,233000,210.69,11647948,11641177
2708000,850745,233083,210.50,11657407,11660010
2709000,851993,233997,210.72,11619935,11618687
2710000,850059,236627,210.07,11660262,11662196
2711000,849440,236635,210.64,11664728,11665347
2712000,847010,236885,210.18,11624694,11627124
2713000,846790,235244,209.87,11760554,11760774
2714000,852370,236818,210.15,11785498,11779918
2715000,849730,238734,210.57,11676301,11678941
2716000,844692,235417,210.61,11554405,11559443
2717000,852949,237065,210.58,11593233,11584976
2718000,852988,237647,210.73,11645218,11645179
2719000,848477,235133,210.28,11615674,11620185
2720000,856373,234337,210.19,11724791,11716895
2721000,857703,233728,210.91,11742663,11741333
2722000,853674,232439,210.77,11683166,11687195
2723000,856272,232775,210.74,11743524,11740926
2724000,850777,231437,210.25,11688392,11693887
2725000,856822,230144,210.45,11844993,11838948
2726000,856939,229325,210.45,11751667,11751550
2727000,860139,229848,210.28,11814737,11811537
2728000,859409,230166,209.82,11845850,11846580
2729000,859916,229120,210.72,11867866,11867359
2730000,857492,228218,210.65,11726257,11728681
2731000,857444,228113,210.33,11729166,11729214
2732000,856153,227839,210.40,11790831,11792122
2733000,855682,228119,210.24,11706261,11706732
2734000,858662,230225,210.11,11844025,11841045
2735000,853342,233074,210.43,11762606,11767926
2736000,850749,235762,210.95,11603138,11605731
2737000,846445,234162,210.65,11489212,11493516
2738000,851790,234681,210.94,11650099,11644754
2739000,847878,235255,210.82,11555977,11559889
2740000,848708,233203,210.27,11510753,11509923
2741000,852988,231899,209.95,11656763,11652483
2742000,858854,232747,211.07,11813877,11808011
2743000,851180,234320,211.52,11515166,11522840
2744000,842073,236508,210.92,11361981,11371088
2745000,850208,233213,210.57,11530383,11522248
2746000,850243,234631,210.89,11582480,11582445
2747000,850143,233562,210.91,11494662,11494762
2748000,851743,235824,210.74,11583285,11581685
2749000,849524,235408,210.96,11572174,11574393
2750000,852246,236703,211.05,11573119,11570397
2751000,848131,237722,211.05,11506349,11510464
2752000,846242,236114,210.73,11468376,11470265
2753000,850915,235795,210.06,11594222,11589549
2754000,849110,234428,210.44,11628615,11630420
2755000,848219,233022,210.73,11604123,11605014
2756000,853004,233345,210.54,11616430,11611645
2757000,852155,231725,210.30,11634713,11635562
2758000,855303,230904,210.26,11778795,11775647
2759000,856500,231324,210.85,11738753,11737556
2760000,853095,231150,210.27,11734277,11737682
2761000,854712,231103,210.02,11769486,11767869
2762000,854305,230738,209.93,11819443,11819850
2763000,857293,230692,210.42,11853562,11850574
2764000,851017,232033,210.59,11683196,11689472
2765000,848776,233478,210.94,11612344,11614585
2766000,849458,233898,210.54,11532483,11531801
2767000,857310,234903,210.16,11700402,11692550
2768000,853210,234551,210.58,11781314,11785414
2769000,851231,233469,210.55,11639041,11641020
2770000,854588,234056,210.11,11687756,11684399
2771000,857260,231186,209.82,11827256,11824584
2772000,862046,229505,209.84,12015392,12010606
2773000,861322,227453,209.50,12041750,12042474
2774000,868622,225854,209.43,12163963,12156663
2775000,871420,225865,209.47,12249696,12246898
2776000,868266,226326,209.70,12241370,12244524
2777000,866236,226221,209.96,12070423,12072453
2778000,866352,227130,210.00,12050204,12050088
2779000,860754,227516,209.93,12080173,12085771
2780000,860464,227609,210.49,11940333,11940623
2781000,858238,227983,209.78,11869507,11871733
2782000,858707,230472,210.03,11994257,11993788
2783000,862946,229805,209.63,11970271,11966032
2784000,855585,233092,210.35,11931489,11938850
2785000,853891,232522,210.28,11776060,11777754
2786000,852836,233079,210.45,11751752,11752807
2787000,850876,234708,210.87,11629518,11631478
2788000,850651,236851,210.68,11584144,11584369
2789000,849564,237270,210.48,11652485,11653572
2790000,852493,237454,210.36,11657920,11654991
2791000,853011,236609,210.85,11680416,11679898
2792000,846819,236066,210.99,11517010,11523202
2793000,851091,236694,210.39,11595921,11591649
2794000,849323,236992,210.89,11585649,11587417
2795000,850585,238486,210.90,11545542,11544280
2796000,849069,239402,210.62,11602646,11604162
2797000,845481,239677,210.40,11503156,11506744
2798000,847453,238539,210.76,11551324,11549352
2799000,850592,237071,210.54,11589065,11585926
2800000,851247,235425,210.02,11620014,11619359
2801000,851134,234542,210.43,11703357,11703470
2802000,850984,234683,210.39,11668754,11668904
2803000,853287,236100,210.33,11720115,11717812
2804000,854150,234318,210.30,11729979,11729116
2805000,857569,234591,210.66,11788783,11785364
2806000,852199,236748,210.80,11579249,11584619
2807000,849202,236766,210.97,11555362,11558359
2808000,850551,238040,211.09,11494658,11493309
2809000,851643,238813,210.68,11547804,11546712
2810000,847799,239949,211.29,11511833,11515677
2811000,842480,239171,210.46,11336646,11341965
2812000,848712,238579,211.08,11474852,11468620
2813000,849422,237697,210.79,11507872,11507162
2814000,845063,236532,210.97,11432819,11437178
2815000,845124,235468,210.45,11497716,11497655
2816000,855496,233556,209.70,11695991,11685619
2817000,863437,231667,209.98,11897312,11889371
2818000,862075,230618,211.08,11810497,11811859
2819000,856057,231116,210.75,11702620,11708638
2820000,855001,230623,210.55,11743643,11744699
2821000,859508,231229,210.05,11846584,11842077
2822000,856728,230907,210.43,11800002,11802782
2823000,856558,229899,210.56,11732974,11733144
2824000,855993,229986,210.19,11859550,11860115
2825000,862866,229629,210.45,11925585,11918712
2826000,857137,231070,210.61,11783384,11789113
2827000,852348,231750,210.93,11734851,11739640
2828000,856028,231831,210.68,11670925,11667245
2829000,851426,232391,210.73,11691020,11695622
2830000,853282,234386,210.42,11690028,11688172
2831000,855840,234382,210.33,11721639,11719081
2832000,852345,232517,210.52,11703022,11706517
2833000,852336,232189,210.61,11657973,11657982
2834000,854258,231337,210.38,11694406,11692484
2835000,851938,231666,210.56,11699541,11701861
2836000,855477,230632,210.36,11718970,11715431
2837000,853128,231373,210.60,11712924,11715273
2838000,850824,231574,210.73,11612759,11615063
2839000,857305,231152,210.52,11617024,11610543
2840000,853939,230535,210.48,11710918,11714284
2841000,855327,229001,210.20,11718408,11717020
2842000,861269,229442,210.84,11765704,11759762
2843000,855691,230316,210.81,11692580,11698158
2844000,855471,229240,210.61,11681798,11682018
2845000,853477,228537,210.67,11662390,11664384
2846000,856296,226707,210.94,11666820,11664001
2847000,862305,229451,210.66,11809988,11803979
2848000,855835,228281,210.94,11738251,11744721
2849000,855830,230404,210.97,11641976,11641981
2850000,853026,228904,211.18,11586543,11589347
2851000,854858,226782,210.70,11647632,11645800
2852000,860092,227964,210.90,11710800,11705566
2853000,855641,228552,210.64,11698804,11703255
2854000,856302,227792,210.66,11724183,11723522
2855000,860403,227271,210.53,11815492,11811391
2856000,861932,229040,210.89,11806025,11804496
2857000,854700,230718,211.09,11704032,11711264
2858000,850744,233056,210.33,11645919,11649875
2859000,853760,231480,210.18,11733622,11730606
2860000,855501,232137,210.73,11735844,11734103
2861000,852001,234069,210.73,11619121,11622621
2862000,851660,234627,210.64,11559707,11560048
2863000,850755,236439,211.11,11556538,11557443
2864000,851221,237213,211.02,11479141,11478675
2865000,843971,236540,211.26,11422627,11429877
2866000,849340,238541,211.20,11433703,11428334
2867000,848174,238065,210.79,11465230,11466396
2868000,844398,237304,210.46,11441373,11445149
2869000,853224,237353,211.14,11530894,11522068
2870000,849679,236196,211.01,11480936,11484481
2871000,849805,236688,210.88,11527567,11527441
2872000,854717,234177,210.66,11666460,11661548
2873000,856981,234334,210.53,11778805,11776541
2874000,856147,232812,210.98,11718669,11719503
2875000,855540,233791,210.61,11572077,11572684
2876000,852619,235087,211.53,11597744,11600665
2877000,846191,235360,210.93,11413291,11419719
2878000,852299,234257,210.46,11576584,11570476
2879000,852727,233808,210.03,11730091,11729663
2880000,858159,231465,209.92,11780702,11775270
2881000,861443,232213,209.78,11895535,11892251
2882000,857658,232474,210.41,11840578,11844363
2883000,863173,231953,210.13,11896285,11890770
2884000,857984,232808,210.46,11808896,11814085
2885000,854559,233887,210.57,11710810,11714235
2886000,849004,232137,210.55,11663758,11669313
2887000,861397,230448,209.82,11828096,11815703
2888000,864552,228629,210.51,12011667,12008512
2889000,861414,229072,210.35,11858217,11861355
2890000,859661,229817,210.19,11825366,11827119
2891000,864700,229828,210.31,11899575,11894536
2892000,858431,228624,210.42,11797041,11803310
2893000,858051,228600,210.48,11766339,11766719
2894000,853443,228127,210.54,11788115,11792723
2895000,858689,229108,210.38,11809819,11804573
2896000,860950,230086,210.85,11853319,11851058
2897000,855727,230884,210.59,11706911,11712134
2898000,858798,232232,210.10,11803721,11800650
2899000,855097,232944,210.85,11745932,11749633
2900000,853033,234623,210.21,11664771,11666835
2901000,850522,234929,209.95,11714041,11716552
2902000,857172,234898,210.07,11831874,11825224
2903000,851936,234715,210.76,11684424,11689660
2904000,856651,234346,209.89,11751424,11746709
2905000,855404,233168,210.43,11769489,11770736
2906000,856667,233248,210.56,11776112,11774849
2907000,851685,232503,210.20,11727721,11732703
2908000,859843,232111,209.74,11910035,11901877
2909000,857656,231212,210.31,11918046,11920233
2910000,854309,230269,210.39,11710831,11714178
2911000,853562,230577,210.64,11677530,11678277
2912000,857927,230069,210.98,11704358,11699993
2913000,856879,229459,209.79,11828991,11830039
2914000,859968,229447,209.69,11980087,11976998
2915000,860660,228648,209.98,11982614,11981922
2916000,860363,228052,210.03,11983782,11984079
2917000,856262,229180,210.56,11823977,11828078
2918000,855635,229556,209.84,11861458,11862085
2919000,854238,230458,210.11,11903299,11904696
2920000,857269,231676,210.67,11776011,11772980
2921000,848469,230483,210.78,11617901,11626701
2922000,852382,230616,210.23,11659576,11655663
2923000,855544,232174,210.57,11678727,11675565
2924000,851882,233438,210.65,11620208,11623870
2925000,849215,232274,210.57,11590699,11593366
2926000,852378,233467,210.78,11654269,11651106
2927000,851380,234037,210.79,11620421,11621419
2928000,850866,233148,210.86,11554734,11555248
2929000,844649,235477,211.21,11474889,11481106
2930000,844510,236575,210.93,11428970,11429109
2931000,844529,236174,211.05,11429982,11429963
2932000,852910,235689,210.75,11575946,11567565
2933000,851852,234231,210.73,11615038,11616096
2934000,855573,232944,211.05,11637992,11634271
2935000,850591,231973,210.41,11668624,11673606
2936000,858836,231759,209.72,11811461,11803216
2937000,858640,230603,210.34,11922764,11922960
2938000,856610,234390,210.21,11831641,11833671
2939000,850175,233999,210.59,11749039,11755474
2940000,850902,232963,210.09,11677751,11677024
2941000,856470,235164,210.62,11716530,11710962
2942000,853793,236591,210.92,11684076,11686753
2943000,850172,235890,210.57,11474522,11478143
2944000,853495,235520,210.75,11579621,11576298
2945000,848861,235295,210.95,11547498,11552132
2946000,846877,235403,210.47,11537003,11538987
2947000,848274,233583,210.11,11585249,11583852
2948000,857065,233672,210.08,11764723,11755932
2949000,855851,233634,210.46,11816047,11817261
2950000,855064,232320,210.54,11761181,11761968
2951000,856127,232496,210.43,11757282,11756219
2952000,857739,232992,210.23,11828762,11827150
2953000,860316,232031,209.77,11937195,11934618
2954000,858921,233042,210.58,11874182,11875577
2955000,857103,232732,210.51,11850307,11852125
2956000,853189,231621,210.48,11704987,11708901
2957000,859103,233037,210.22,11832026,11826112
2958000,857637,233259,210.61,11780913,11782379
2959000,854728,234054,210.72,11651498,11654407
2960000,859780,234993,210.95,11770968,11765916
2961000,849944,233857,210.44,11620082,11629918
2962000,851330,233841,210.67,11591061,11589675
2963000,848414,231871,210.55,11598035,11600951
2964000,853693,232987,210.27,11680324,11675045
2965000,851319,234709,210.62,11672935,11675309
2966000,851707,233949,210.45,11685335,11684947
2967000,856897,233414,209.72,11740200,11735010
2968000,856992,233778,210.20,11866103,11866008
2969000,853490,234484,210.81,11719098,11722600
2970000,852744,234126,210.42,11756799,11757545
2971000,854032,235785,210.54,11706963,11705675
2972000,846289,234624,210.91,11579051,11586794
2973000,855080,234661,210.17,11701929,11693138
2974000,853005,233650,210.50,11714402,11716477
2975000,856907,231801,210.33,11722978,11719076
2976000,858740,232751,210.30,11831693,11829860
2977000,851114,232720,210.49,11706309,11713935
2978000,860192,234288,210.25,11753937,11744859
2979000,852497,233084,210.67,11701904,11709599
2980000,858041,233951,210.34,11682781,11677237
2981000,855903,234154,211.02,11677882,11680020
2982000,855381,234489,210.70,11614956,11615478
2983000,853304,233782,211.03,11603353,11605430
2984000,847414,234515,210.89,11525431,11531321
2985000,855667,234939,211.03,11558856,11550603
2986000,855998,235490,211.82,11513672,11513341
2987000,846738,236730,210.98,11347174,11356434
2988000,851167,235784,210.55,11514211,11509782
2989000,857649,235844,210.68,11744512,11738030
2990000,852831,235619,211.21,11637766,11642584
2991000,850283,235431,211.00,11500142,11502690
2992000,849914,234976,211.37,11503502,11503871
2993000,856764,233916,210.62,11611580,11604730
2994000,858400,233775,210.42,11712595,11710959
2995000,860367,235383,210.33,11868345,11866378
2996000,854110,235608,210.46,11689202,11695459
2997000,852001,236369,210.53,11580494,11582603
2998000,847978,237293,210.72,11631163,11635186
2999000,850720,235965,210.26,11661395,11658653
3000000,854589,234558,210.03,11768368,11764499
3001000,858973,231755,210.31,11841741,11837357
3002000,859085,230939,210.33,11846033,11845921
3003000,858402,230597,210.42,11896331,11897014
3004000,860356,230541,210.15,11855733,11853779
3005000,860908,228377,209.76,11964470,11963918
3006000,866174,228182,209.81,12115659,12110393
3007000,864970,230418,209.81,12102506,12103710
3008000,864342,231377,210.46,12026038,12026666
3009000,860315,231699,210.61,11912873,11916900
3010000,857893,232457,210.72,11839560,11841982
3011000,852145,232156,210.68,11711887,11717635
3012000,855313,231708,210.78,11649222,11646054
3013000,854516,233817,210.80,11676338,11677135
3014000,851052,232173,210.39,11688981,11692445
3015000,855160,230351,210.50,11703993,11699885
3016000,860126,230883,210.42,11807758,11802792
3017000,855223,231219,210.40,11752989,11757892
3018000,861191,233043,210.68,11776192,11770224
3019000,851376,230759,210.74,11594980,11604795
3020000,857571,232033,210.68,11719621,11713426
3021000,856780,232014,211.04,11679959,11680750
3022000,854788,234098,211.48,11596328,11598320
3023000,841833,234431,211.38,11357411,11370366
3024000,845466,235552,210.57,11416846,11413213
3025000,854573,234488,210.38,11682398,11673291
3026000,849066,232462,210.85,11666926,11672433
3027000,856086,231557,209.95,11691981,11684961
3028000,863075,229984,210.28,11906061,11899072
3029000,859891,228872,210.59,11885422,11888606
3030000,856425,228836,210.46,11830405,11833871
3031000,853050,229851,210.59,11694530,11697905
3032000,852672,230307,210.56,11688611,11688989
3033000,854071,230339,210.66,11755073,11753674
3034000,851991,229401,210.69,11710472,11712552
3035000,860212,229841,210.32,11756946,11748725
3036000,859777,229117,210.39,11820442,11820877
3037000,856959,229941,210.52,11812968,11815786
3038000,852981,230670,210.39,11774566,11778544
3039000,853323,230483,210.10,11741685,11741343
3040000,855651,232560,210.21,11802490,11800162
3041000,852355,232243,210.57,11656973,11660269
3042000,850513,233951,210.74,11607980,11609822
3043000,854049,233728,210.48,11721033,11717497
3044000,855113,234788,210.65,11715167,11714103
3045000,850967,235697,210.49,11643905,11648051
3046000,848591,236026,210.33,11574583,11576959
3047000,853540,235369,210.90,11700474,11695525
3048000,855559,235582,210.47,11653311,11651292
3049000,854039,235076,210.26,11714921,11716441
3050000,858549,233273,210.61,11770604,11766094
3051000,856042,231765,211.06,11716971,11719478
3052000,856521,230178,211.13,11692801,11692322
3053000,854865,229532,210.48,11647866,11649522
3054000,862837,229963,210.06,11809490,11801518
3055000,865289,227880,210.38,11958580,11956128
3056000,862813,227600,210.35,11859906,11862382
3057000,860146,228949,210.64,11821991,11824658
3058000,861775,229085,210.45,11813653,11812024
3059000,860849,228963,210.15,11792866,11793792
3060000,859966,227744,210.06,11823325,11824208
3061000,860693,229025,210.77,11893467,11892740
3062000,856711,229063,210.56,11784447,11788429
3063000,857548,229956,210.14,11795036,11794199
3064000,857391,230030,210.42,11864276,11864433
3065000,859517,231544,210.27,11754856,11752730
3066000,857311,231258,210.62,11785743,11787949
3067000,858819,229786,210.72,11739008,11737500
3068000,856596,230718,210.60,11691761,11693984
3069000,852547,230410,209.97,11723174,11727223
3070000,860905,230615,210.46,11858821,11850463
3071000,855096,233353,210.70,11809628,11815437
3072000,856266,233064,210.03,11758061,11756891
3073000,860192,231231,209.99,11868700,11864774
3074000,855826,231634,210.27,11785031,11789397
3075000,856727,235597,210.49,11791267,11790366
3076000,853473,234677,210.32,11702339,11705593
3077000,852921,234283,210.57,11785697,11786249
3078000,845284,234148,210.94,11609022,11616659
3079000,851327,234074,210.08,11646299,11640256
3080000,858460,235519,210.56,11805532,11798399
3081000,855682,234687,210.71,11708799,11711577
3082000,854213,235177,210.72,11695946,11697415
3083000,850411,235500,210.17,11621115,11624917
3084000,854217,233328,210.49,11652785,11648979
3085000,855264,233692,211.11,11652314,11651267
3086000,853929,233963,211.02,11578512,11579847
3087000,853833,233079,210.66,11591901,11591997
3088000,856528,232711,210.09,11761600,11758905
3089000,857453,229844,210.48,11832587,11831662
3090000,863459,228177,210.60,11866703,11860697
3091000,859049,229689,211.52,11754938,11759348
3092000,854230,230135,210.74,11600262,11605081
3093000,856924,230176,210.18,11713790,11711096
3094000,857098,229318,210.64,11819732,11819558
3095000,860489,228922,210.20,11736099,11732708
3096000,860673,229999,210.85,11865189,11865005
3097000,856918,231070,210.37,11785331,11789086
3098000,859966,229325,209.88,11855135,11852087
3099000,860781,228455,210.88,11912768,11911953
3100000,854634,230226,210.50,11728441,11734588
3101000,854680,230311,210.85,11720588,11720542
3102000,855518,231081,210.83,11645796,11644958
3103000,853152,229708,210.78,11627140,11629506
3104000,853120,230695,211.06,11586315,11586347
3105000,849153,232683,211.00,11534900,11538867
3106000,853524,231472,210.29,11688035,11683664
3107000,857131,232527,210.38,11742320,11738713
3108000,858125,232167,210.86,11690988,11689994
3109000,847688,232266,211.06,11551597,11562034
3110000,855187,231020,210.01,11689530,11682031
3111000,858995,230142,210.29,11847461,11843653
3112000,862962,230874,210.52,11909952,11905985
3113000,851281,230695,210.19,11758514,11770195
3114000,853708,231022,209.76,11720109,11717682
3115000,856962,231029,210.32,11859655,11856401
3116000,856104,230535,210.52,11713423,11714281
3117000,852670,231234,210.36,11662804,11666238
3118000,857093,231492,210.23,11751521,11747098
3119000,853614,230611,210.35,11735943,11739422
3120000,860493,230285,210.55,11776572,11769693
3121000,857012,231447,210.40,11765239,11768720
3122000,852051,232192,210.60,11643572,11648533
3123000,858847,231733,211.00,11755344,11748548
3124000,854749,233685,211.20,11570900,11574998
3125000,850289,234519,211.38,11485812,11490272
3126000,849301,235854,211.10,11460634,11461622
3127000,846922,236081,210.74,11365813,11368192
3128000,851365,236737,210.77,11585107,11580664
3129000,855338,236022,210.58,11566811,11562838
3130000,849154,235444,210.85,11622094,11628278
3131000,855816,235719,209.97,11705207,11698545
3132000,856802,237291,210.31,11729711,11728725
3133000,848118,237689,210.17,11666882,11675566
3134000,851987,235410,209.93,11759446,11755577
3135000,860521,235027,209.52,11838238,11829704
3136000,860891,235628,210.32,11935124,11934754
3137000,852454,236022,211.08,11671999,11680436
3138000,848229,237648,210.64,11536690,11540915
3139000,851052,236197,210.24,11636860,11634037
3140000,852565,236054,210.86,11644552,11643039
3141000,855768,236839,210.62,11685117,11681914
3142000,848762,235629,210.75,11626525,11633531
3143000,855432,233621,209.88,11740088,11733418
3144000,864349,231715,210.13,11850675,11841758
3145000,865480,231944,210.75,11920245,11919114
3146000,859443,231415,210.68,11803691,11809728
3147000,854181,230643,210.91,11660257,11665519
3148000,859996,230836,210.87,11703813,11697998
3149000,856401,230544,210.88,11679879,11683474
3150000,855963,229947,210.92,11719476,11719914
3151000,857810,229701,210.41,11803244,11801397
3152000,856118,230020,210.38,11787193,11788885
3153000,857970,231687,210.80,11807811,11805959
3154000,860975,231184,210.58,11772198,11769193
3155000,854546,230105,210.99,11705910,11712339
3156000,860189,230079,210.36,11810478,11804835
3157000,858421,231244,210.80,11802982,11804750
3158000,851462,233576,210.55,11688366,11695325
3159000,851448,233382,210.10,11580328,11580342
3160000,855756,233395,210.39,11691375,11687067
3161000,853479,232540,210.34,11720860,11723137
3162000,856228,230675,210.15,11770553,11767804
3163000,859339,230613,210.56,11807096,11803985
3164000,860658,232396,210.47,11776025,11774706
3165000,849392,234049,210.94,11617290,11628556
3166000,846299,236087,210.43,11484431,11487524
3167000,850073,235190,210.47,11587916,11584142
3168000,851057,235970,210.66,11573448,11572464
3169000,843924,235715,210.98,11492640,11499773
3170000,848636,237356,210.26,11496966,11492254
3171000,852350,237779,210.18,11691528,11687814
3172000,847776,234785,210.61,11620617,11625191
3173000,852498,234548,210.40,11663024,11658302
3174000,850929,234611,210.52,11651079,11652648
3175000,853152,234349,210.46,11678576,11676353
3176000,852852,234471,210.68,11609006,11609306
3177000,851929,234771,210.84,11575308,11576231
3178000,849554,233401,210.58,11518931,11521306
3179000,854416,232683,210.41,11650176,11645314
3180000,854636,231322,210.86,11659129,11658909
3181000,854512,232107,211.30,11669011,11669135
3182000,853041,231329,210.20,11607826,11609297
3183000,859053,231579,211.03,11774488,11768476
3184000,855527,231961,210.46,11716038,11719564
3185000,851504,232987,210.64,11679110,11683133
3186000,850848,233510,210.58,11636381,11637037
3187000,846065,234394,210.80,11500436,11505219
3188000,850710,232851,211.13,11522414,11517769
3189000,850413,235279,210.47,11553591,11553888
3190000,848210,236251,210.45,11563698,11565901
3191000,849315,235228,210.15,11607147,11606042
3192000,853395,235897,210.46,11669169,11665089
3193000,851741,234611,210.32,11641499,11643153
3194000,856076,232824,210.46,11688619,11684284
3195000,850864,232370,211.20,11671736,11676948
3196000,851995,233316,210.35,11581362,11580231
3197000,854838,232883,210.10,11782217,11779374
3198000,855245,232698,210.79,11725198,11724791
3199000,854442,234015,210.28,11716399,11717202
3200000,854354,231881,210.78,11642471,11642559
3201000,858326,232110,210.57,11726004,11722032
3202000,855959,231101,210.94,11678811,11681178
3203000,857316,229280,210.31,11704620,11703263
3204000,857041,230114,211.02,11705103,11705378
3205000,851338,231573,210.36,11640478,11646181
3206000,855946,231218,210.59,11708772,11704164
3207000,857212,231986,210.56,11758981,11757715
3208000,857601,232334,210.71,11776776,11776387
3209000,855011,234484,210.70,11660878,11663468
3210000,851261,234232,210.76,11646556,11650306
3211000,849956,235249,210.46,11582915,11584220
3212000,851467,235319,210.74,11657745,11656234
3213000,849408,235506,210.95,11570587,11572646
3214000,849727,237163,211.24,11518689,11518370
3215000,849905,236374,210.81,11521056,11520878
3216000,848281,235348,210.68,11497226,11498850
3217000,849062,233368,211.05,11477001,11476220
3218000,851884,231610,210.40,11553178,11550356
3219000,857399,231623,210.24,11725674,11720159
3220000,855748,231128,210.45,11728183,11729834
3221000,855394,230975,210.40,11742402,11742756
3222000,855891,231157,210.69,11708564,11708067
3223000,858140,230640,210.86,11766167,11763918
3224000,855305,229778,210.73,11667939,11670774
3225000,854706,231497,210.94,11685050,11685649
3226000,850333,229636,210.23,11632714,11637087
3227000,856816,230666,210.09,11821312,11814829
3228000,857331,230327,210.43,11806730,11806215
3229000,856977,230979,210.99,11699702,11700056
3230000,855879,231562,210.96,11629974,11631072
3231000,851662,230319,211.41,11562754,11566971
3232000,852979,231774,210.52,11508639,11507322
3233000,852696,231729,210.93,11631744,11632027
3234000,851793,232737,210.88,11600523,11601426
3235000,848422,231522,211.01,11517524,11520895
3236000,853645,231239,210.77,11614979,11609756
3237000,853614,231461,210.50,11687166,11687197
3238000,856174,232505,210.70,11699702,11697142
3239000,854837,232393,210.74,11627192,11628529
3240000,849689,232136,211.19,11572623,11577771
3241000,854614,231865,210.85,11591731,11586806
3242000,855132,230685,210.82,11681583,11681065
3243000,857305,232089,210.79,11679200,11677027
3244000,851253,233719,210.84,11548353,11554405
3245000,850403,231277,211.03,11567275,11568125
3246000,858801,231401,210.82,11650175,11641777
3247000,858893,232062,211.09,11729939,11729847
3248000,854280,231161,210.47,11631845,11636458
3249000,855936,229602,210.05,11780444,11778788
3250000,861324,228837,210.65,11822925,11817537
3251000,855814,229190,210.61,11727040,11732550
3252000,853480,231001,210.47,11688350,11690684
3253000,856920,232564,210.51,11735906,11732466
3254000,854917,232452,210.59,11725844,11727847
3255000,855077,230555,210.24,11697330,11697170
3256000,853852,232809,210.75,11713580,11714805
3257000,850022,233249,210.57,11673856,11677686
3258000,847120,233030,210.57,11582428,11585330
3259000,857796,233271,210.38,11690407,11679731
3260000,851286,233234,211.32,11690842,11697352
3261000,851034,234165,210.79,11472054,11472306
3262000,851731,236180,210.44,11601173,11600476
3263000,852835,235421,210.53,11673321,11672217
3264000,850813,235978,211.34,11571113,11573135
3265000,847337,236314,210.87,11500904,11504380
3266000,849171,234651,210.03,11593194,11591360
3267000,852360,234546,210.19,11682167,11678978
3268000,852813,234449,210.99,11673390,11672937
3269000,853305,233396,210.62,11603585,11603093
3270000,848078,233049,210.42,11617760,11622987
3271000,853592,232759,210.31,11681300,11675786
3272000,859445,233365,210.33,11855049,11849196
3273000,855579,233016,210.23,11809207,11813073
3274000,858206,232006,210.17,11827203,11824576
3275000,856456,232780,210.51,11776033,11777783
3276000,857201,234321,210.35,11771895,11771150
3277000,854040,234452,210.53,11749077,11752238
3278000,853328,232918,210.09,11727290,11728002
3279000,856220,233217,210.05,11788933,11786041
3280000,856378,233621,209.98,11819419,11819261
3281000,856628,232644,210.17,11853748,11853498
3282000,858655,232563,209.73,11911548,11909521
3283000,859223,232623,210.19,11859502,11858934
3284000,855621,234411,210.87,11763472,11767074
3285000,848133,234044,210.71,11583903,11591391
3286000,849055,231528,210.18,11563379,11562457
3287000,858779,231429,210.22,11806250,11796526
3288000,858121,230673,211.05,11741632,11742290
3289000,850386,229800,210.86,11634198,11641933
3290000,853858,230588,210.24,11635764,11632292
3291000,853953,230334,210.57,11737913,11737818
3292000,856001,229924,210.18,11749057,11747009
3293000,855749,230278,210.92,11757623,11757875
3294000,854412,231572,210.77,11665580,11666917
3295000,852861,233333,210.50,11650716,11652267
3296000,851056,231704,210.79,11676418,11678223
3297000,856689,231058,210.05,11752623,11746990
3298000,858054,229761,210.47,11803767,11802402
3299000,854514,231740,210.50,11718798,11722338
3300000,854601,231496,210.66,11717794,11717707
3301000,851518,231376,210.46,11676271,11679354
3302000,852661,228771,210.32,11677300,11676157
3303000,857603,230781,210.44,11819402,11814460
3304000,853695,231407,210.90,11690630,11694538
3305000,852558,232708,210.72,11601664,11602801
3306000,850618,232105,211.11,11583682,11585622
3307000,849449,234801,210.84,11457602,11458771
3308000,849140,234816,210.98,11413575,11413884
3309000,847639,233932,211.39,11469222,11470723
3310000,848622,235245,210.63,11451977,11450994
3311000,848949,235287,210.48,11538185,11537858
3312000,846669,235301,210.67,11521427,11523707
3313000,849430,236305,210.94,11568967,11566206
3314000,850102,236647,210.56,11521956,11521284
3315000,849759,235476,210.27,11587475,11587818
3316000,855593,237885,210.44,11687168,11681334
3317000,844516,238022,211.13,11475111,11486188
3318000,846056,236519,210.85,11455034,11453494
3319000,849758,236585,210.55,11571735,11568033
3320000,847537,236706,210.66,11601987,11604208
3321000,852882,237279,210.50,11639804,11634459
3322000,849389,236077,210.65,11659863,11663356
3323000,852505,236309,210.09,11695486,11692370
3324000,854461,236268,210.29,11789487,11787531
3325000,851590,233970,210.27,11735284,11738155
3326000,858338,234819,210.55,11764229,11757481
3327000,853089,235830,210.80,11716885,11722134
3328000,850568,234982,210.61,11607766,11610287
3329000,849780,233475,210.33,11652934,11653722
3330000,857809,231932,210.07,11808890,11800861
3331000,856498,231578,209.99,11823720,11825031
3332000,858039,232295,210.02,11870113,11868572
3333000,856429,233460,210.39,11818694,11820304
3334000,851662,233182,210.54,11723692,11728459
3335000,854145,235615,210.56,11689788,11687305
3336000,855332,235787,210.76,11677369,11676182
3337000,850774,233681,210.68,11607237,11611795
3338000,852758,231934,210.31,11703314,11701330
3339000,859064,232229,209.98,11786825,11780519
3340000,859097,231189,210.13,11856915,11856882
3341000,854888,231062,210.43,11837516,11841725
3342000,856562,230658,210.80,11695630,11693956
3343000,857836,231654,210.82,11710567,11709293
3344000,853528,233548,211.39,11589902,11594210
3345000,845534,234245,211.21,11431425,11439419
3346000,847825,234443,210.70,11476562,11474271
3347000,855054,234765,210.92,11584698,11577469
3348000,848438,234090,210.59,11494932,11501548
3349000,851115,232753,210.78,11511418,11508741
3350000,849640,234089,211.18,11476714,11478189
3351000,848212,233986,211.17,11519310,11520738
3352000,849807,234672,211.21,11486685,11485090
3353000,850481,234019,210.58,11599387,11598713
3354000,851586,234557,210.90,11587601,11586496
3355000,851569,234392,210.76,11540259,11540276
3356000,852571,233675,210.48,11626177,11625175
3357000,849330,233949,210.82,11515290,11518531
3358000,849008,235531,210.63,11542333,11542655
3359000,846160,236222,210.87,11445733,11448581
3360000,841241,237818,211.11,11357109,11362028
3361000,843249,236945,210.80,11442278,11440270
3362000,844603,238166,210.69,11400741,11399387
3363000,847114,235211,210.69,11501665,11499154
3364000,851933,235386,210.66,11563834,11559015
3365000,848423,233726,211.40,11556042,11559552
3366000,853313,233531,210.09,11622269,11617379
3367000,857396,231657,210.40,11808492,11804409
3368000,856166,231649,210.84,11748390,11749620
3369000,855001,232875,210.79,11651819,11652984
3370000,848941,233512,210.54,11585563,11591623
3371000,849626,232800,210.40,11646225,11645540
3372000,852137,232133,210.75,11665179,11662668
3373000,852680,230434,209.93,11709121,11708578
3374000,859975,231866,210.22,11828338,11821043
3375000,856991,231297,210.40,11821012,11823996
3376000,856348,230745,210.18,11785014,11785657
3377000,858379,231851,211.03,11788241,11786210
3378000,861206,232107,210.12,11849405,11846578
3379000,856552,232514,210.47,11819780,11824434
3380000,850812,232540,210.29,11652188,11657928
3381000,856950,232544,210.66,11682218,11676080
3382000,854149,232671,211.40,11668720,11671521
3383000,850667,232826,210.61,11551265,11554747
3384000,853962,234096,210.32,11646078,11642783
3385000,855388,233203,210.54,11730043,11728617
3386000,849193,232235,210.51,11641145,11647340
3387000,855730,232324,210.81,11669112,11662575
3388000,852441,232789,210.41,11630717,11634006
3389000,852275,232956,210.20,11688013,11688179
3390000,855858,233356,210.17,11891833,11888250
3391000,854669,231136,210.47,11759750,11760939
3392000,858156,231673,210.57,11820253,11816766
3393000,853242,231553,210.77,11684802,11689716
3394000,851283,232747,210.81,11662432,11664391
3395000,848845,232845,210.34,11564396,11566834
3396000,851104,233304,210.76,11689926,11687667
3397000,851068,232712,210.79,11630144,11630180
3398000,853361,233181,210.29,11676002,11673709
3399000,850941,231200,210.85,11634593,11637013
3400000,856638,231627,210.73,11681266,11675569
3401000,855264,230675,210.87,11704008,11705382
3402000,855912,231136,210.25,11650777,11650129
3403000,855265,231175,210.45,11710179,11710826
3404000,858712,230952,210.37,11842707,11839260
3405000,856984,230384,211.24,11714549,11716277
3406000,853293,233019,210.85,11621224,11624915
3407000,850755,234280,210.81,11538044,11540582
3408000,851016,234290,210.91,11577082,11576821
3409000,854716,232920,210.57,11606394,11602694
3410000,856272,232925,210.67,11721865,11720309
3411000,850920,230843,210.72,11543073,11548425
3412000,855938,230150,210.22,11756310,11751292
3413000,861195,229051,210.38,11869913,11864656
3414000,859099,228777,210.06,11873945,11876041
3415000,865638,227619,209.90,12034830,12028291
3416000,861635,228675,209.80,11944815,11948818
3417000,858665,227781,210.60,11895779,11898749
3418000,861290,228879,210.00,11860684,11858059
3419000,855680,228850,210.15,11872784,11878394
3420000,855042,230206,209.76,11844779,11845417
3421000,855964,230983,210.38,11801813,11800891
3422000,855980,233744,211.05,11689844,11689828
3423000,846354,235341,210.94,11441212,11450838
3424000,852646,233713,210.22,11640333,11634041
3425000,849044,233834,210.16,11600010,11603612
3426000,854240,236012,210.19,11720897,11715701
3427000,854496,233141,210.11,11769834,11769578
3428000,857926,232621,210.12,11825858,11822428
3429000,858223,231192,210.35,11892060,11891763
3430000,859299,230246,210.73,11845502,11844426
3431000,856097,230606,210.13,11718441,11721643
3432000,856827,232181,210.40,11831166,11830436
3433000,853094,230404,210.42,11755158,11758891
3434000,862776,232053,210.08,11806783,11797101
3435000,853096,232067,210.65,11713399,11723079
3436000,856221,233681,210.99,11679754,11676629
3437000,850563,235003,210.82,11570749,11576407
3438000,848899,234576,210.41,11606760,11608424
3439000,850282,235174,210.60,11649981,11648598
3440000,852647,235416,210.71,11625282,11622917
3441000,854856,233206,210.64,11768118,11765909
3442000,855679,230946,210.28,11776574,11775751
3443000,857822,230786,210.57,11801314,11799171
3444000,859849,231471,209.91,11823071,11821044
3445000,856829,230871,210.44,11873489,11876509
3446000,858915,229134,210.03,11795167,11793081
3447000,861117,229865,210.27,11872352,11870150
3448000,857000,227682,210.03,11819228,11823345
3449000,858440,227141,210.47,11869424,11867984
3450000,862593,227004,210.09,11944242,11940089
3451000,867814,227641,210.49,11954557,11949336
3452000,854906,229770,210.50,11777030,11789938
3453000,857539,227276,210.17,11786619,11783986
3454000,863864,227577,209.84,12007717,12001392
3455000,859873,227500,210.52,11910742,11914733
3456000,856157,230646,210.58,11804312,11808028
3457000,856495,232209,210.30,11720786,11720448
3458000,855567,230712,210.10,11804334,11805262
3459000,857252,230630,210.77,11734185,11732500
3460000,853368,230619,210.76,11682819,11686703
3461000,849332,233048,210.66,11549380,11553416
3462000,850152,235261,211.10,11541216,11540396
3463000,841576,234637,211.01,11364812,11373388
3464000,844413,234620,211.02,11293493,11290656
3465000,852364,235749,210.25,11454656,11446705
3466000,850391,234888,210.74,11548556,11550529
3467000,847939,235440,210.92,11490741,11493193
3468000,847012,236228,210.62,11546098,11547025
3469000,846875,236573,210.53,11467213,11467350
3470000,851102,235886,210.72,11603286,11599059
3471000,855628,234188,210.40,11670331,11665805
3472000,854768,231160,210.33,11718751,11719611
3473000,862136,228779,209.95,11864240,11856872
3474000,859810,228863,210.40,11942790,11945116
3475000,864339,229204,209.62,11935260,11930731
3476000,861911,230123,209.71,11981204,11983632
3477000,859746,228193,209.69,12020009,12022174
3478000,863412,228568,209.66,12069966,12066300
3479000,860993,229254,210.06,12062397,12064816
3480000,860339,229043,210.06,11970359,11971013
3481000,859572,232075,209.59,11861483,11862250
3482000,863981,231028,210.12,11996744,11992335
3483000,855934,232283,210.85,11800034,11808081
3484000,854541,232000,210.51,11634209,11635602
3485000,854336,231142,210.57,11750085,11750290
3486000,853903,232558,210.76,11741257,11741690
3487000,849418,232967,210.23,11616930,11621415
3488000,852912,232842,210.15,11718619,11715125
3489000,859255,232223,210.08,11855356,11849013
3490000,858667,233748,210.86,11772112,11772700
3491000,850474,235623,211.20,11580342,11588535
3492000,844483,235041,210.49,11447786,11453777
3493000,852502,234417,210.22,11623561,11615542
3494000,852828,234178,211.05,11677889,11677563
3495000,850108,235880,211.08,11518500,11521220
3496000,853075,236631,210.55,11620596,11617629
3497000,851658,237667,211.05,11538486,11539903
3498000,847717,237779,210.76,11478426,11482367
3499000,850510,235992,210.00,11555464,11552671
3500000,852837,234738,211.05,11635043,11632716
3501000,854325,236178,210.05,11642497,11641009
3502000,855642,236225,210.44,11742042,11740725
3503000,850177,236149,210.63,11558991,11564456
3504000,853624,236605,210.03,11652116,11648669
3505000,856422,235697,210.17,11775549,11772751
3506000,860465,232972,209.93,11837287,11833244
3507000,859060,231854,210.35,11853837,11855242
3508000,856527,231762,210.08,11795551,11798084
3509000,855187,232126,210.01,11855434,11856774
3510000,858781,231399,209.83,11986914,11983320
3511000,859386,230384,210.09,11885998,11885393
3512000,857766,230987,210.03,11814533,11816153
3513000,854915,229066,210.23,11813446,11816297
3514000,857242,228718,210.29,11827156,11824829
3515000,859006,228551,210.02,11891653,11889889
3516000,861389,228330,210.74,11878898,11876515
3517000,857592,228844,210.26,11784929,11788726
3518000,857792,229495,210.92,11763060,11762860
3519000,855830,231061,210.87,11645584,11647546
3520000,852863,230256,210.62,11676234,11679201
3521000,857066,231919,210.75,11680990,11676787
3522000,854469,232325,210.75,11623793,11626390
3523000,849964,231922,210.52,11580440,11584945
3524000,853178,233186,210.82,11581615,11578401
3525000,854960,233498,211.27,11567381,11565599
3526000,844533,235610,211.61,11443097,11453524
3527000,842147,236288,211.05,11288842,11291228
3528000,841583,235980,211.18,11329460,11330024
3529000,842289,238004,211.16,11301031,11300325
3530000,846171,237759,210.13,11460304,11456422
3531000,846057,236532,210.91,11485847,11485961
3532000,845859,236338,209.94,11542811,11543009
3533000,849285,235349,210.99,11615377,11611951
3534000,852173,236877,210.22,11607397,11604509
3535000,843869,236000,210.73,11624626,11632930
3536000,852667,236808,210.29,11648639,11639841
3537000,855321,235091,210.41,11677914,11675260
3538000,854438,236100,210.57,11733111,11733994
3539000,848991,235609,210.91,11569656,11575103
3540000,850598,236011,210.93,11563169,11561562
3541000,849130,233763,210.68,11578905,11580373
3542000,854712,233027,210.10,11647491,11641909
3543000,855042,232440,210.89,11741773,11741443
3544000,855803,232874,210.59,11679087,11678326
3545000,855789,232766,210.94,11699462,11699476
3546000,857447,234007,210.36,11750965,11749307
3547000,853067,233689,210.51,11722812,11727192
3548000,853757,234355,210.20,11761198,11760508
3549000,858301,233303,210.55,11732798,11728254
3550000,854578,232676,211.05,11634677,11638400
3551000,847018,233430,210.72,11452161,11459721
3552000,848840,233079,211.05,11450366,11448544
3553000,853102,231823,210.90,11531804,11527542
3554000,851069,230843,210.64,11617138,11619171
3555000,854869,230612,210.14,11697844,11694044
3556000,857830,230894,210.74,11832847,11829886
3557000,850161,232312,211.19,11548515,11556184
3558000,849830,232060,210.52,11482128,11482459
3559000,855805,234531,210.68,11679654,11673679
3560000,849980,234346,210.84,11548020,11553845
3561000,851501,235828,210.96,11601562,11600041
3562000,848208,234998,210.64,11524418,11527711
3563000,855450,234838,210.86,11641852,11634610
3564000,849093,235185,211.76,11534655,11541012
3565000,849938,235274,211.05,11480676,11479831
3566000,850648,234874,210.40,11513097,11512387
3567000,854078,234838,210.77,11617954,11614524
3568000,857130,235683,210.74,11678182,11675130
3569000,851759,234261,210.63,11609016,11614387
3570000,849480,235024,210.84,11549254,11551533
3571000,851468,237281,211.38,11523343,11521355
3572000,846239,238487,211.14,11508960,11514189
3573000,848059,237820,210.81,11449463,11447643
3574000,849911,237923,210.90,11551905,11550053
3575000,850245,238793,210.75,11596548,11596214
3576000,849297,237140,210.71,11546800,11547748
3577000,847745,236385,210.79,11610149,11611701
3578000,850260,237015,210.19,11591368,11588853
3579000,854693,235953,210.48,11660280,11655847
3580000,856890,235427,210.85,11639512,11637315
3581000,849045,235894,210.71,11598746,11606591
3582000,854334,235269,210.13,11621312,11616023
3583000,856852,235487,210.65,11739739,11737221
3584000,853685,235814,210.71,11646938,11650105
3585000,852562,235884,210.81,11633012,11634135
3586000,850186,235211,210.90,11547999,11550375
3587000,851273,233460,210.40,11599028,11597941
3588000,853943,234695,210.88,11640634,11637964
3589000,848976,235525,211.20,11517366,11522333
3590000,847778,235009,210.74,11553520,11554718
3591000,851538,235365,210.78,11565440,11561680
3592000,846848,234303,210.86,11523239,11527929
3593000,848283,231666,210.66,11537087,11535652
3594000,858756,233390,210.71,11693840,11683367
3595000,853441,233441,210.89,11717535,11722850
3596000,850668,233255,210.56,11567365,11570138
3597000,851982,233161,210.57,11648194,11646880
3598000,853054,232912,210.90,11673241,11672169
3599000,852648,232682,210.59,11591393,11591799
3600000,856004,233329,210.65,11671762,11668406
3601000,857853,234520,210.13,11731803,11729954
3602000,858865,235068,210.65,11726880,11725868
3603000,848820,234848,211.07,11467574,11477619
3604000,850840,236039,210.83,11440319,11438299
3605000,849429,235662,211.15,11504271,11505682
3606000,846841,233686,210.88,11465672,11468260
3607000,853375,233926,210.54,11537390,11530856
3608000,855056,233824,210.92,11588896,11587215
3609000,849820,235653,211.24,11503501,11508737
3610000,847547,235122,210.65,11468079,11470352
3611000,852680,235420,211.07,11568819,11563686
3612000,848053,234835,210.53,11482933,11487560
3613000,856496,233550,210.80,11600599,11592156
3614000,853608,232342,210.02,11674127,11677015
3615000,858297,231800,209.92,11792589,11787900
3616000,855686,231644,210.86,11782592,11785203
3617000,851318,234153,210.79,11596927,11601295
3618000,851342,233925,210.77,11609915,11609891
3619000,853127,236009,210.73,11691953,11690168
3620000,848313,235226,210.65,11514526,11519340
3621000,850870,233146,209.81,11618681,11616124
3622000,858551,232676,210.35,11869621,11861940
3623000,849544,232281,210.49,11692055,11701062
3624000,854811,232124,210.23,11649734,11644467
3625000,856060,230694,210.29,11800362,11799113
3626000,858944,230020,210.79,11823682,11820798
3627000,859298,230748,210.04,11798560,11798206
3628000,858034,229664,210.24,11865555,11866819
3629000,862483,228929,210.09,11937454,11933005
3630000,867214,228798,210.36,12011830,12007099
3631000,856949,229299,210.75,11822558,11832823
3632000,858858,231816,210.39,11748872,11746963
3633000,855511,231006,210.33,11785842,11789189
3634000,858566,230287,210.63,11778560,11775505
3635000,859430,231177,210.25,11758565,11757701
3636000,856557,229086,210.79,11752128,11755001
3637000,857966,229250,210.59,11725350,11723941
3638000,854372,228963,210.59,11765881,11769475
3639000,862640,228276,210.05,11912434,11904166
3640000,861356,228758,210.59,11905451,11906735
3641000,852350,231196,210.08,11744064,11753070
3642000,860166,233430,210.10,11856187,11848371
3643000,852325,231225,210.59,11772708,11780549
3644000,855908,230954,210.90,11651654,11648071
3645000,855736,233314,210.73,11648567,11648739
3646000,857794,235454,210.41,11721830,11719772
3647000,852593,235211,210.89,11613557,11618758
3648000,849647,234326,210.31,11587749,11590695
3649000,857023,233301,210.13,11707718,11700342
3650000,853359,234340,210.50,11720208,11723872
3651000,846609,233385,210.31,11515632,11522382
3652000,850365,231962,210.55,11557317,11553561
3653000,850532,232290,210.54,11599571,11599404
3654000,850965,233988,210.43,11613661,11613228
3655000,850212,232928,210.75,11636065,11636818
3656000,848524,234223,210.55,11609732,11611420
3657000,847483,234374,211.08,11530117,11531158
3658000,841902,235998,210.70,11458981,11464562
3659000,844327,234699,209.76,11464653,11462228
3660000,854274,234765,210.53,11729684,11719737
3661000,849139,233472,210.61,11589999,11595134
3662000,854371,233626,210.05,11652114,11646882
3663000,849546,233550,210.72,11690939,11695764
3664000,850899,234196,210.50,11645101,11643748
3665000,851864,232597,210.15,11649035,11648070
3666000,852095,233196,210.86,11651093,11650862
3667000,852838,232684,210.97,11553417,11552674
3668000,853829,233372,210.86,11625412,11624421
3669000,851425,232969,210.69,11633750,11636154
3670000,852112,232502,210.55,11660843,11660156
3671000,850646,232077,210.38,11630483,11631949
3672000,852033,232139,210.63,11620376,11618989
3673000,857898,232559,210.34,11743079,11737214
3674000,857403,232827,210.67,11790652,11791147
3675000,855405,231956,210.55,11736912,11738910
3676000,856670,232029,210.41,11741392,11740127
3677000,855343,231108,210.71,11679407,11680734
3678000,851129,229286,210.54,11641786,11646000
3679000,860508,228663,210.00,11809965,11800586
3680000,863505,227653,210.48,11937216,11934219
3681000,858574,226980,210.33,11878064,11882995
3682000,861111,229203,210.57,11875271,11872734
3683000,857839,230163,210.38,11787640,11790912
3684000,853099,231656,210.57,11739499,11744239
3685000,850920,232112,210.63,11651370,11653549
3686000,852167,233946,210.27,11678072,11676825
3687000,851353,231712,210.33,11627545,11628359
3688000,854905,232190,210.27,11731703,11728151
3689000,853936,230980,210.50,11688784,11689753
3690000,855592,231353,210.68,11689812,11688156
3691000,853999,230042,210.86,11652081,11653674
3692000,852935,229421,210.56,11675928,11676992
3693000,854712,230722,209.94,11744797,11743020
3694000,857470,229361,210.34,11848776,11846018
3695000,857161,230116,210.52,11837841,11838150
3696000,848013,230454,210.89,11585855,11595003
3697000,851621,231686,210.31,11603901,11600293
3698000,849675,231304,210.84,11648255,11650201
3699000,853413,231348,210.83,11670358,11666620
3700000,853463,230896,211.06,11594421,11594371
3701000,846701,233426,210.95,11666546,11673308
3702000,849880,233262,210.58,11568421,11565242
3703000,855399,233109,210.73,11646663,11641144
3704000,850439,233941,210.74,11616109,11621069
3705000,852093,232362,210.47,11533397,11531743
3706000,858506,231650,210.82,11774292,11767879
3707000,848615,231869,211.01,11590273,11600164
3708000,850907,231788,210.54,11483457,11481165
3709000,852784,231806,210.81,11586599,11584722
3710000,851887,233285,211.21,11591377,11592274
3711000,852002,232351,210.45,11595406,11595291
3712000,849869,232871,210.57,11581837,11583970
3713000,851652,232513,210.21,11689058,11687275
3714000,856072,231997,210.26,11791261,11786841
3715000,860484,233332,209.88,11939643,11935231
3716000,858389,233241,210.24,11869408,11871503
3717000,854468,231992,210.74,11792766,11796687
3718000,857082,230729,210.23,11742971,11740357
3719000,857631,229140,210.21,11841176,11840627
3720000,864029,228301,209.96,11920692,11914294
3721000,863300,228288,210.20,11946748,11947477
3722000,860776,227871,210.34,11807349,11809873
3723000,857709,228705,210.50,11812754,11815821
3724000,862765,227779,210.50,11833934,11828878
3725000,861135,227365,210.27,11957042,11958672
3726000,865320,228125,210.42,11881185,11877000
3727000,860338,228700,210.81,11864937,11869919
3728000,852109,228908,210.46,11679640,11687869
3729000,853553,228473,209.70,11714419,11712975
3730000,861074,229025,210.57,11876814,11869293
3731000,858361,229748,210.39,11732048,11734761
3732000,855461,228619,210.75,11716825,11719725
3733000,863356,227720,210.62,11830144,11822249
3734000,861051,225844,210.24,11887392,11889697
3735000,862248,225056,210.29,11911282,11910085
3736000,860288,224958,210.46,11862996,11864956
3737000,859865,226159,210.12,11807720,11808143
3738000,861238,224356,210.55,11877675,11876302
3739000,859046,224475,210.49,11801328,11803520
3740000,863261,224826,210.33,11885961,11881746
3741000,855247,226445,210.49,11714762,11722776
3742000,858759,226972,210.35,11758594,11755082
3743000,857559,226884,210.72,11828588,11829788
3744000,853115,226751,210.35,11749241,11753685
3745000,853765,227248,210.12,11736316,11735666
3746000,857190,228442,210.58,11754843,11751418
3747000,853357,230108,210.78,11703648,11707481
3748000,849458,229591,210.71,11611703,11615602
3749000,852089,228456,210.97,11593649,11591018
3750000,849776,229879,211.45,11426153,11428466
3751000,845516,231213,211.24,11315833,11320093
3752000,843496,231814,210.38,11406281,11408301
3753000,855811,232782,210.35,11677767,11665452
3754000,849904,233503,211.06,11596182,11602089
3755000,841982,233116,210.94,11506741,11514663
3756000,847029,232584,210.51,11518370,11513323
3757000,853189,232169,210.40,11651300,11645140
3758000,854342,233334,211.00,11615179,11614026
3759000,848070,233466,210.92,11514400,11520672
3760000,847472,233680,210.88,11512118,11512716
3761000,851818,233103,210.98,11481885,11477539
3762000,852131,234791,210.87,11640334,11640021
3763000,850027,233171,210.33,11618286,11620390
3764000,855091,232517,210.39,11684126,11679062
3765000,855018,234357,210.53,11666823,11666896
3766000,847458,235688,211.08,11481963,11489523
3767000,850192,235421,210.98,11466590,11463856
3768000,846332,237185,210.93,11452616,11456476
3769000,847766,236137,210.88,11433653,11432219
3770000,848240,237173,210.57,11553569,11553095
3771000,849567,236175,210.72,11610307,11608980
3772000,849274,236205,210.50,11595482,11595775
3773000,850716,237017,210.42,11637292,11635850
3774000,859015,235475,210.06,11738465,11730166
3775000,855631,234775,210.14,11769480,11772864
3776000,855101,233228,210.46,11748456,11748986
3777000,856999,233184,210.22,11812050,11810152
3778000,854953,233290,209.75,11750770,11752816
3779000,859841,231708,209.89,11937349,11932461
3780000,860071,232806,210.40,11871320,11871090
3781000,855783,233347,210.51,11792082,11796370
3782000,859673,232876,210.11,11752011,11748121
3783000,858201,230163,210.07,11850259,11851731
3784000,861890,230873,210.45,11899842,11896153
3785000,857826,229506,210.92,11777745,11781809
3786000,858661,230570,211.07,11738392,11737557
3787000,854533,230038,210.69,11712506,11716634
3788000,856829,230299,210.53,11680876,11678580
3789000,855276,230674,210.48,11666639,11668192
3790000,856139,229392,210.13,11753067,11752204
3791000,858514,230459,210.63,11800073,11797698
3792000,851021,231917,211.35,11628047,11635540
3793000,852986,233450,210.71,11607430,11605465
3794000,850381,233647,210.34,11583451,11586056
3795000,851982,231694,210.16,11706083,11704482
3796000,855578,233140,210.42,11748911,11745315
3797000,856994,230680,210.60,11699237,11697821
3798000,857525,229332,210.44,11698271,11697740
3799000,851949,228254,210.92,11701463,11707039
3800000,852598,229127,210.61,11642719,11642070
3801000,856236,230588,210.88,11654893,11651255
3802000,848823,233043,210.76,11548346,11555759
3803000,851474,233438,211.19,11538539,11535888
3804000,850469,234129,210.78,11582974,11583979
3805000,847709,235308,210.39,11559165,11561925
3806000,850350,235757,211.28,11584833,11582192
3807000,845967,235630,211.18,11435076,11439459
3808000,849517,235939,210.71,11488144,11484594
3809000,845106,233889,210.76,11541437,11545848
3810000,851114,232790,210.10,11613750,11607742
3811000,854783,233692,210.64,11724014,11720345
3812000,851519,231571,210.35,11682686,11685950
3813000,860364,234039,210.96,11754782,11745937
3814000,854400,232690,210.41,11655793,11661757
3815000,853535,229079,210.44,11728068,11728933
3816000,859978,227949,209.48,11882115,11875672
3817000,861119,228050,210.18,11967972,11966831
3818000,858299,228382,209.82,11877205,11880025
3819000,854364,227144,210.35,11892016,11895951
3820000,860042,227725,209.84,11870565,11864887
3821000,862035,227966,210.16,11926709,11924716
3822000,859671,227437,210.56,11894798,11897162
3823000,862431,227521,210.25,11891337,11888577
3824000,863360,227525,210.02,11990203,11989274
3825000,859561,227421,210.03,11982605,11986404
3826000,862316,228358,209.95,11986023,11983268
3827000,854043,229516,210.95,11842570,11850843
3828000,855079,231181,210.27,11741000,11739964
3829000,861021,229416,209.95,11827443,11821501
3830000,861846,228164,210.14,11869877,11869052
3831000,856954,228206,210.65,11793092,11797984
3832000,861079,227197,210.59,11775683,11771558
3833000,863610,228771,210.83,11763403,11760872
3834000,857627,228530,210.87,11756783,11762766
3835000,855947,230100,210.64,11707375,11709055
3836000,857207,229011,210.52,11765364,11764104
3837000,862208,229560,210.39,11789608,11784607
3838000,855961,228530,210.70,11752549,11758796
3839000,854571,228493,210.76,11701077,11702467
3840000,857873,229793,210.33,11757522,11754220
3841000,855702,230071,210.59,11758046,11760217
3842000,851370,232183,210.37,11704722,11709054
3843000,848192,232703,210.02,11658804,11661982
3844000,849738,231245,209.66,11760372,11758826
3845000,859200,229890,209.47,11976309,11966847
3846000,854466,229842,210.11,11901012,11905746
3847000,855730,230562,209.82,11880764,11879500
3848000,859867,230165,209.68,11930544,11926407
3849000,863700,229331,209.58,12029572,12025739
3850000,863716,230360,210.08,12087556,12087540
3851000,857624,229859,209.93,11959979,11966071
3852000,860611,230728,209.87,11980020,11977033
3853000,863026,231272,210.09,11986843,11984428
3854000,854174,232529,210.15,11847692,11856544
3855000,854083,230343,210.24,11790049,11790140
3856000,856836,232474,210.12,11784709,11781956
3857000,851908,231773,210.74,11725652,11730580
3858000,858293,230261,210.09,11711534,11705149
3859000,860515,230350,210.05,11850419,11848197
3860000,858592,230582,210.84,11827840,11829763
3861000,853908,231158,210.23,11744740,11749424
3862000,857068,231671,210.30,11840464,11837304
3863000,855925,232778,210.78,11772681,11773824
3864000,855819,234148,211.02,11681656,11681762
3865000,848579,234223,211.21,11529248,11536488
3866000,849485,235232,210.67,11527621,11526715
3867000,848674,233193,210.84,11614683,11615494
3868000,852942,233634,210.62,11614483,11610215
3869000,851850,234847,210.39,11631716,11632808
3870000,854137,235441,210.07,11759208,11756921
3871000,856694,235006,209.58,11830736,11828179
3872000,860111,231431,210.30,11908647,11905230
3873000,855705,230301,211.06,11786657,11791063
3874000,855087,230713,211.14,11605060,11605678
3875000,854149,230253,209.90,11674048,11674986
3876000,855264,229523,210.52,11800440,11799325
3877000,858802,230279,210.56,11777174,11773636
3878000,856094,233326,210.68,11823968,11826676
3879000,853039,231182,210.16,11716302,11719357
3880000,860353,228613,210.45,11886879,11879565
3881000,856569,230590,210.64,11794021,11797805
3882000,851793,231410,210.85,11703969,11708745
3883000,851853,231968,209.82,11714999,11714939
3884000,859886,232555,210.08,11945252,11937219
3885000,850558,233213,210.87,11720164,11729492
3886000,846939,233968,210.61,11536209,11539828
3887000,850738,234475,210.32,11570460,11566661
3888000,849134,233823,211.31,11562552,11564156
3889000,847776,237803,210.81,11511804,11513162
3890000,846368,237339,210.59,11502090,11503498
3891000,849551,238407,210.88,11522418,11519235
3892000,848401,238739,210.79,11560098,11561248
3893000,851186,238182,210.89,11579542,11576757
3894000,851844,237251,210.64,11574342,11573684
3895000,850312,237441,210.86,11627611,11629143
3896000,848763,237877,210.24,11520148,11521697
3897000,852094,234296,209.86,11746366,11743035
3898000,856911,232599,209.79,11855532,11850715
3899000,861997,231936,209.75,11924241,11919155
3900000,860578,230109,210.20,11965519,11966938
3901000,862644,230267,210.36,11926348,11924282
3902000,859718,228416,209.96,11866473,11869399
3903000,863381,229178,210.39,11966465,11962802
3904000,861648,229187,209.87,11944998,11946731
3905000,863302,230085,210.38,12013496,12011842
3906000,855309,227130,210.59,11805560,11813553
3907000,860548,227091,210.44,11774620,11769381
3908000,862682,227698,210.68,11816569,11814435
3909000,862183,226655,210.56,11813716,11814215
3910000,863959,225954,210.08,11910587,11908811
3911000,862065,226349,210.19,11916825,11918719
3912000,864868,226024,210.47,11964189,11961386
3913000,863664,228075,210.52,11960530,11961734
3914000,858126,227075,210.04,11811796,11817334
3915000,857835,227574,210.28,11868096,11868387
3916000,859621,228715,210.56,11796280,11794494
3917000,853699,231667,210.74,11665730,11671652
3918000,851387,231397,210.93,11625705,11628017
3919000,854375,232257,211.08,11597783,11594795
3920000,845830,232732,210.69,11453766,11462311
3921000,850617,232952,210.31,11610729,11605942
3922000,855566,233089,210.66,11710279,11705330
3923000,850269,233177,210.83,11621375,11626672
3924000,850436,231736,210.68,11603798,11603631
3925000,853656,233322,211.07,11545160,11541940
3926000,846100,235481,211.18,11421498,11429054
3927000,843180,233926,210.52,11385025,11387945
3928000,848543,233487,211.02,11531146,11525783
3929000,848424,231993,210.92,11485296,11485415
3930000,851288,233212,210.48,11618934,11616070
3931000,848396,232543,210.14,11622548,11625440
3932000,859484,231906,210.19,11788331,11777243
3933000,855579,231250,210.73,11741714,11745619
3934000,852113,232069,210.75,11657494,11660960
3935000,853684,232073,210.47,11701550,11699979
3936000,851393,234608,210.87,11630504,11632795
3937000,846725,234474,210.65,11565573,11570241
3938000,852744,234200,210.94,11661759,11655740
3939000,853811,233832,210.69,11614593,11613526
3940000,851496,233253,211.17,11531988,11534303
3941000,847725,233624,210.78,11512195,11515966
3942000,850836,232667,210.24,11634471,11631360
3943000,856675,231431,210.34,11818087,11812248
3944000,855795,230836,210.01,11874250,11875130
3945000,853733,231864,210.52,11801898,11803960
3946000,855313,232810,209.76,11714988,11713408
3947000,856839,231926,210.23,11886028,11884502
3948000,859477,231183,210.87,11828853,11826215
3949000,857312,228949,210.08,11781598,11783763
3950000,855206,227372,210.23,11821239,11823345
3951000,859125,229063,209.90,11896942,11893023
3952000,859108,228266,210.43,11913896,11913913
3953000,857932,230453,210.07,11882069,11883245
3954000,859110,229841,210.39,11894394,11893216
3955000,857948,229482,210.51,11813360,11814522
3956000,860018,230599,210.93,11763018,11760948
3957000,853026,232743,211.53,11592344,11599336
3958000,850203,232527,211.28,11539916,11542739
3959000,849706,232751,210.86,11555487,11555984
3960000,856270,232332,210.71,11746158,11739594
3961000,858653,232625,210.72,11786720,11784337
3962000,857772,233883,209.74,11776456,11777337
3963000,858222,232369,210.38,11882722,11882272
3964000,861747,233329,210.48,11853808,11850283
3965000,857321,233164,210.64,11730157,11734583
3966000,854056,233978,210.69,11751160,11754425
3967000,852317,232506,210.48,11655662,11657401
3968000,859932,230302,209.98,11776182,11768567
3969000,860346,230351,210.44,11862701,11862287
3970000,857635,231004,210.10,11873853,11876564
3971000,861459,230766,209.79,11990311,11986487
3972000,864214,230121,210.00,12110728,12107973
3973000,863256,228736,210.20,12010921,12011879
3974000,862415,228208,210.27,11990903,11991744
3975000,863740,229274,210.18,11988729,11987404
3976000,866207,228378,210.29,11994871,11992404
3977000,861183,228021,210.33,11935638,11940662
3978000,861287,229125,210.57,11910536,11910432
3979000,859478,228720,210.59,11858927,11860736
3980000,863321,228083,210.12,11901010,11897167
3981000,865975,226843,210.43,12038166,12035512
3982000,868782,226814,210.11,12011944,12009137
3983000,865124,226973,210.48,11999305,12002963
3984000,860370,227562,210.64,11862640,11867394
3985000,862099,227506,209.92,11906750,11905021
3986000,867553,224978,209.51,12083443,12077989
3987000,864125,226885,209.91,12043832,12047260
3988000,860707,226718,210.25,11939987,11943405
3989000,866672,226071,209.64,11985472,11979507
3990000,859951,226750,210.18,12009021,12015742
3991000,859927,227499,210.54,11813526,11813550
3992000,852624,228652,211.08,11740109,11747412
3993000,847241,230270,210.68,11565576,11570959
3994000,851095,231617,210.34,11587959,11584105
3995000,851794,233014,211.13,11613529,11612830
3996000,845105,234106,210.81,11491810,11498499
3997000,842952,233999,210.81,11485975,11488128
3998000,851788,234935,210.16,11593345,11584509
3999000,850251,233549,210.63,11641662,11643199
4000000,843736,234061,211.36,11471739,11478254
