tick,live,births,faithful,mutant,deaths_age,deaths_reaper,placements,rays,distinct_genomes,entropy,singletons,top_count,top_genome,parasites,out_readers,fertile,new_genomes,genomes_ever,shadow_distinct,shadow_entropy,shadow_singletons,shadow_new,shadow_ever
0,65536,0,0,0,0,0,65536,0,63500,15.9372,61518,3,0x90b09e4b5c,0,0,0,1982,1982,63500,15.9372,61518,1982,1982
1000,65536,2,2,0,2031615,2,2097151,1000,58312,15.5488,55218,937,0x0000000000,26994,33310,0,3094,5076,58311,15.5487,55217,3094,5076
2000,65536,2,2,0,4063232,2,4128768,2000,53200,15.0508,49128,2160,0x0000000000,23574,24246,0,3101,8177,53199,15.0508,49126,3102,8178
3000,65536,3,3,0,6094847,3,6160383,3000,50088,14.6952,45207,3142,0x0000000000,22383,20560,0,2933,11110,50088,14.6952,45206,2933,11111
4000,65536,4,3,1,8191996,4,8257532,4000,48345,14.5147,42841,3483,0x0000000000,1,1,0,2667,13777,48345,14.5147,42841,2667,13778
5000,65536,4,3,1,10223613,4,10289149,5000,47481,14.4307,41223,3690,0x0000000000,21373,17597,0,2602,16379,47481,14.4307,41223,2602,16380
6000,65536,4,3,1,12255230,4,12320766,6000,46967,14.3854,40434,3712,0x0000000000,21337,17317,0,2375,18754,46968,14.3855,40436,2374,18754
7000,65536,4,3,1,14286846,4,14352382,7000,46662,14.3584,39688,3757,0x0000000000,21158,16853,0,2198,20952,46661,14.3583,39687,2198,20952
8000,65536,4,3,1,16383996,4,16449532,8000,46269,14.3234,39077,3787,0x0000000000,1,0,0,2122,23074,46269,14.3234,39077,2122,23074
9000,65536,4,3,1,18415613,4,18481149,9000,46313,14.3286,38701,3790,0x0000000000,21042,16695,0,2042,25116,46313,14.3286,38701,2041,25115
10000,65536,5,4,1,20447229,5,20512765,10000,46308,14.3186,38326,3816,0x0000000000,20971,16544,0,2011,27127,46309,14.3188,38327,2011,27126
11000,65536,5,4,1,22478845,5,22544381,11000,46163,14.3076,37971,3808,0x0000000000,20994,16366,0,1910,29037,46164,14.3078,37972,1910,29036
12000,65536,5,4,1,24575995,5,24641531,12000,46134,14.3019,37705,3855,0x0000000000,2,0,0,1910,30947,46134,14.3020,37705,1910,30946
13000,65536,5,4,1,26607612,5,26673148,13000,46237,14.3333,37629,3640,0x0000000000,20871,16304,0,1787,32734,46235,14.3329,37627,1787,32733
14000,65536,5,4,1,28639229,5,28704765,14000,45987,14.3035,37089,3736,0x0000000000,20761,15861,0,1714,34448,45986,14.3033,37088,1714,34447
15000,65536,5,4,1,30670845,5,30736381,15000,46228,14.3122,37073,3807,0x0000000000,20984,16237,0,1802,36250,46227,14.3122,37071,1803,36250
16000,65536,5,4,1,32767995,5,32833531,16000,45753,14.2870,36430,3798,0x0000000000,1,0,0,1734,37984,45753,14.2871,36430,1734,37984
17000,65536,5,4,1,34799612,5,34865148,17000,46312,14.3266,36985,3776,0x0000000000,21006,16353,0,1614,39598,46310,14.3265,36982,1615,39599
18000,65536,5,4,1,36831229,5,36896765,18000,46345,14.3478,36642,3710,0x0000000000,20784,16184,0,1668,41266,46344,14.3478,36641,1668,41267
19000,65536,5,4,1,38862845,5,38928381,19000,46078,14.3162,36276,3664,0x0000000000,20918,16056,0,1669,42935,46077,14.3162,36278,1669,42936
20000,65536,5,4,1,40959995,5,41025531,20000,45949,14.3027,36047,3763,0x0000000000,1,1,0,1647,44582,45949,14.3027,36047,1647,44583
21000,65536,5,4,1,42991612,5,43057148,21000,46310,14.3377,36155,3673,0x0000000000,21053,15952,0,1604,46186,46311,14.3379,36156,1604,46187
22000,65536,5,4,1,45023229,5,45088765,22000,46192,14.3374,36021,3649,0x0000000000,21085,15986,0,1600,47786,46192,14.3372,36021,1600,47787
23000,65536,5,4,1,47054845,5,47120381,23000,45990,14.3217,35597,3643,0x0000000000,20995,15885,0,1583,49369,45990,14.3218,35597,1583,49370
24000,65536,5,4,1,49151995,5,49217531,24000,46235,14.3535,35696,3569,0x0000000000,1,1,0,1538,50907,46236,14.3536,35698,1538,50908
25000,65536,5,4,1,51183612,5,51249148,25000,46304,14.3396,35663,3629,0x0000000000,21007,16165,0,1524,52431,46306,14.3397,35665,1524,52432
26000,65536,6,5,1,53215228,6,53280764,26000,46019,14.3210,35318,3630,0x0000000000,20974,16051,0,1449,53880,46020,14.3210,35320,1449,53881
27000,65536,6,5,1,55246844,6,55312380,27000,46290,14.3547,35444,3590,0x0000000000,21009,16126,0,1537,55417,46292,14.3549,35445,1537,55418
28000,65536,6,5,1,57343994,6,57409530,28000,46156,14.3249,35263,3652,0x0000000000,1,1,0,1479,56896,46156,14.3247,35263,1478,56896
29000,65536,6,5,1,59375611,6,59441147,29000,46113,14.3251,35035,3627,0x0000000000,20980,15848,0,1468,58364,46112,14.3250,35034,1468,58364
30000,65536,6,5,1,61407228,6,61472764,30000,45887,14.2952,34604,3725,0x0000000000,20782,15982,0,1472,59836,45887,14.2952,34604,1472,59836
31000,65536,6,5,1,63438844,6,63504380,31000,46064,14.3438,34754,3565,0x0000000000,21032,16032,0,1555,61391,46065,14.3439,34755,1555,61391
32000,65536,6,5,1,65535994,6,65601530,32000,45963,14.3084,34500,3669,0x0000000000,2,0,0,1373,62764,45962,14.3085,34499,1373,62764
33000,65536,6,5,1,67567611,6,67633147,33000,46180,14.3466,34638,3546,0x0000000000,21048,15783,0,1459,64223,46180,14.3466,34637,1459,64223
34000,65536,6,5,1,69599228,6,69664764,34000,46193,14.3563,34462,3497,0x0000000000,20998,15839,0,1418,65641,46192,14.3563,34462,1418,65641
35000,65536,6,5,1,71630844,6,71696380,35000,46114,14.3540,34421,3468,0x0000000000,20974,15887,0,1419,67060,46114,14.3540,34423,1419,67060
36000,65536,6,5,1,73727994,6,73793530,36000,46396,14.3792,34508,3452,0x0000000000,2,0,0,1401,68461,46396,14.3792,34507,1401,68461
37000,65536,6,5,1,75759611,6,75825147,37000,46216,14.3783,34088,3380,0x0000000000,20911,15537,0,1405,69866,46215,14.3782,34088,1405,69866
38000,65536,6,5,1,77791228,6,77856764,38000,46163,14.3576,34141,3484,0x0000000000,20921,15761,0,1370,71236,46163,14.3576,34142,1370,71236
39000,65536,6,5,1,79822844,6,79888380,39000,46045,14.3614,33800,3431,0x0000000000,21213,15756,0,1394,72630,46044,14.3613,33801,1394,72630
40000,65536,6,5,1,81919994,6,81985530,40000,46314,14.3757,34019,3446,0x0000000000,1,0,0,1383,74013,46315,14.3759,34019,1384,74014
41000,65536,6,5,1,83951611,6,84017147,41000,46264,14.3752,33941,3424,0x0000000000,21121,15739,0,1425,75438,46265,14.3754,33942,1425,75439
42000,65536,6,5,1,85983228,6,86048764,42000,46166,14.3598,33822,3416,0x0000000000,20976,15644,0,1321,76759,46165,14.3598,33820,1322,76761
43000,65536,6,5,1,88014844,6,88080380,43000,46336,14.3857,33752,3358,0x0000000000,20944,15724,0,1364,78123,46335,14.3856,33751,1364,78125
44000,65536,6,5,1,90111994,6,90177530,44000,46522,14.4041,33940,3329,0x0000000000,1,0,0,1287,79410,46523,14.4042,33942,1287,79412
45000,65536,6,5,1,92143611,6,92209147,45000,46419,14.3977,33760,3352,0x0000000000,20871,15752,0,1368,80778,46418,14.3975,33759,1368,80780
46000,65536,6,5,1,94175228,6,94240764,46000,46773,14.4125,33922,3454,0x0000000000,20878,15906,0,1287,82065,46772,14.4124,33920,1288,82068
47000,65536,6,5,1,96206844,6,96272380,47000,46232,14.3834,33401,3320,0x0000000000,20957,15658,0,1365,83430,46230,14.3831,33399,1365,83433
48000,65536,6,5,1,98303994,6,98369530,48000,46285,14.3893,33286,3349,0x0000000000,1,1,0,1376,84806,46285,14.3893,33286,1376,84809
49000,65536,6,5,1,100335611,6,100401147,49000,46347,14.3779,33351,3401,0x0000000000,20765,15267,0,1286,86092,46349,14.3782,33354,1285,86094
50000,65536,6,5,1,102367228,6,102432764,50000,46575,14.4242,33367,3197,0x0000000000,20909,15677,0,1317,87409,46576,14.4245,33367,1317,87411
51000,65536,6,5,1,104398844,6,104464380,51000,46290,14.3906,33022,3325,0x0000000000,20888,15375,0,1358,88767,46291,14.3906,33024,1357,88768
52000,65536,6,5,1,106495994,6,106561530,52000,46394,14.4015,33122,3289,0x0000000000,0,0,0,1272,90039,46394,14.4015,33123,1272,90040
53000,65536,6,5,1,108527611,6,108593147,53000,46420,14.3969,33143,3306,0x0000000000,21085,15470,0,1298,91337,46420,14.3969,33143,1298,91338
54000,65536,6,5,1,110559228,6,110624764,54000,46480,14.4243,33116,3183,0x0000000000,20891,15659,0,1323,92660,46480,14.4243,33116,1323,92661
55000,65536,6,5,1,112590844,6,112656380,55000,46372,14.4147,33042,3224,0x0000000000,20961,15665,0,1237,93897,46371,14.4146,33042,1237,93898
56000,65536,6,5,1,114687994,6,114753530,56000,46186,14.3904,32706,3215,0x0000000000,1,1,0,1322,95219,46186,14.3903,32706,1322,95220
57000,65536,6,5,1,116719611,6,116785147,57000,46617,14.4319,33048,3141,0x0000000000,20945,15637,0,1236,96455,46618,14.4320,33049,1236,96456
58000,65536,6,5,1,118751228,6,118816764,58000,46499,14.4147,32833,3248,0x0000000000,21002,15422,0,1267,97722,46498,14.4147,32830,1268,97724
59000,65536,6,5,1,120782844,6,120848380,59000,46475,14.4022,32826,3276,0x0000000000,21019,15304,0,1205,98927,46475,14.4022,32826,1205,98929
60000,65536,6,5,1,122879994,6,122945530,60000,46290,14.4088,32519,3213,0x0000000000,0,0,0,1312,100239,46291,14.4088,32521,1312,100241
61000,65536,6,5,1,124911611,6,124977147,61000,46628,14.4431,32873,3180,0x0000000000,20974,15659,0,1299,101538,46626,14.4429,32874,1300,101541
62000,65536,6,5,1,126943228,6,127008764,62000,46704,14.4617,32894,3045,0x0000000000,20947,15514,0,1315,102853,46705,14.4618,32896,1315,102856
63000,65536,6,5,1,128974844,6,129040380,63000,46619,14.4463,32641,3121,0x0000000000,21003,15532,0,1339,104192,46618,14.4462,32639,1339,104195
64000,65536,6,5,1,131071994,6,131137530,64000,46349,14.4163,32414,3205,0x0000000000,1,0,0,1287,105479,46350,14.4165,32414,1287,105482
65000,65536,6,5,1,133103611,6,133169147,65000,46757,14.4539,32805,3074,0x0000000000,21061,15619,0,1215,106694,46757,14.4540,32805,1215,106697
66000,65536,6,5,1,135135228,6,135200764,66000,46463,14.4219,32614,3151,0x0000000000,20819,15080,0,1136,107830,46463,14.4220,32614,1136,107833
67000,65536,7,6,1,137166843,7,137232379,67000,46449,14.4398,32344,3062,0x0000000000,20992,15185,0,1302,109132,46449,14.4398,32344,1302,109135
68000,65536,7,6,1,139263993,7,139329529,68000,46502,14.4357,32241,3125,0x0000000000,1,0,0,1249,110381,46502,14.4357,32241,1249,110384
69000,65536,7,6,1,141295611,7,141361147,69000,46516,14.4321,32304,3123,0x0000000000,20818,15368,0,1250,111631,46516,14.4321,32305,1250,111634
70000,65536,7,6,1,143327227,7,143392763,70000,46551,14.4398,32143,3069,0x0000000000,21036,15325,0,1258,112889,46551,14.4398,32142,1258,112892
71000,65536,7,6,1,145358843,7,145424379,71000,46788,14.4652,32472,3021,0x0000000000,20892,15405,0,1213,114102,46789,14.4653,32473,1213,114105
72000,65536,7,6,1,147455993,7,147521529,72000,46600,14.4416,32233,3131,0x0000000000,1,1,0,1195,115297,46600,14.4416,32232,1195,115300
73000,65536,7,6,1,149487611,7,149553147,73000,46457,14.4384,32038,3113,0x0000000000,20952,15170,0,1236,116533,46456,14.4384,32035,1236,116536
74000,65536,7,6,1,151519227,7,151584763,74000,46615,14.4441,32048,3135,0x0000000000,20773,15103,0,1264,117797,46615,14.4441,32051,1263,117799
75000,65536,7,6,1,153550843,7,153616379,75000,46751,14.4779,32142,2966,0x0000000000,20998,15220,0,1216,119013,46751,14.4779,32142,1216,119015
76000,65536,7,6,1,155647993,7,155713529,76000,46460,14.4386,31844,3107,0x0000000000,2,1,0,1220,120233,46458,14.4385,31842,1219,120234
77000,65536,7,6,1,157679611,7,157745147,77000,46600,14.4641,32020,2988,0x0000000000,20966,15301,0,1260,121493,46601,14.4642,32022,1260,121494
78000,65536,7,6,1,159711227,7,159776763,78000,46542,14.4561,31828,3063,0x0000000000,20891,15341,0,1249,122742,46541,14.4560,31828,1249,122743
79000,65536,7,6,1,161742843,7,161808379,79000,46656,14.4686,31999,2951,0x0000000000,20853,15309,0,1230,123972,46657,14.4687,32001,1230,123973
80000,65536,7,6,1,163839993,7,163905529,80000,46619,14.4713,31836,2977,0x0000000000,0,1,0,1271,125243,46619,14.4713,31834,1272,125245
81000,65536,7,6,1,165871611,7,165937147,81000,46833,14.4782,32128,2982,0x0000000000,20953,15107,0,1204,126447,46833,14.4783,32128,1204,126449
82000,65536,7,6,1,167903227,7,167968763,82000,46531,14.4615,31595,2967,0x0000000000,20882,15094,0,1223,127670,46531,14.4615,31594,1223,127672
83000,65536,7,6,1,169934843,7,170000379,83000,46805,14.4813,31686,2962,0x0000000000,20685,14983,0,1177,128847,46805,14.4813,31686,1177,128849
84000,65536,7,6,1,172031993,7,172097529,84000,46639,14.4701,31646,2971,0x0000000000,0,0,0,1219,130066,46639,14.4701,31647,1219,130068
85000,65536,7,6,1,174063611,7,174129147,85000,46782,14.4939,31577,2883,0x0000000000,20854,15007,0,1260,131326,46781,14.4938,31576,1260,131328
86000,65536,8,7,1,176095226,8,176160762,86000,46679,14.4658,31670,2983,0x0000000000,20840,14929,0,1177,132503,46679,14.4658,31669,1177,132505
87000,65536,9,7,2,178126842,9,178192378,87000,46679,14.4756,31566,2991,0x0000000000,20968,15100,0,1260,133763,46680,14.4757,31566,1260,133765
88000,65536,9,7,2,180223991,9,180289527,88000,46707,14.4607,31582,3002,0x0000000000,3,2,0,1156,134919,46704,14.4604,31579,1157,134922
89000,65536,9,7,2,182255610,9,182321146,89000,46646,14.4705,31540,2939,0x0000000000,20865,14886,0,1183,136102,46646,14.4704,31540,1183,136105
90000,65536,9,7,2,184287226,9,184352762,90000,46773,14.4850,31610,2949,0x0000000000,20653,14965,0,1153,137255,46772,14.4850,31609,1153,137258
91000,65536,9,7,2,186318842,9,186384378,91000,46838,14.4922,31532,2867,0x0000000000,20985,15079,0,1165,138420,46839,14.4923,31532,1165,138423
92000,65536,9,7,2,188415991,9,188481527,92000,46669,14.4801,31319,2932,0x0000000000,1,1,0,1216,139636,46667,14.4800,31319,1216,139639
93000,65536,9,7,2,190447610,9,190513146,93000,46745,14.4870,31414,2863,0x0000000000,20921,15007,0,1185,140821,46746,14.4871,31415,1184,140823
94000,65536,9,7,2,192479226,9,192544762,94000,46868,14.4998,31315,2958,0x0000000000,21003,15028,0,1216,142037,46867,14.4996,31314,1216,142039
95000,65536,9,7,2,194510842,9,194576378,95000,46793,14.5034,31194,2847,0x0000000000,20701,14925,0,1183,143220,46792,14.5033,31191,1184,143223
96000,65536,9,7,2,196607991,9,196673527,96000,46718,14.4972,31212,2929,0x0000000000,3,0,0,1182,144402,46718,14.4973,31213,1182,144405
97000,65536,9,7,2,198639610,9,198705146,97000,46845,14.5141,31562,2727,0x0000000000,20874,15009,0,1092,145494,46847,14.5142,31563,1091,145496
98000,65536,9,7,2,200671226,9,200736762,98000,46926,14.5135,31382,2794,0x0000000000,20933,15049,0,1192,146686,46926,14.5135,31382,1192,146688
99000,65536,9,7,2,202702842,9,202768378,99000,46658,14.4893,30982,2931,0x0000000000,20911,14792,0,1191,147877,46658,14.4893,30982,1191,147879
100000,65536,9,7,2,204799991,9,204865527,100000,47054,14.5324,31257,2781,0x0000000000,1,1,0,1199,149076,47055,14.5326,31259,1199,149078
101000,65536,9,7,2,206831610,9,206897146,101000,46813,14.4985,31123,2819,0x0000000000,20774,14961,0,1134,150210,46811,14.4984,31121,1134,150212
102000,65536,9,7,2,208863226,9,208928762,102000,46960,14.5099,31249,2855,0x0000000000,20991,14865,0,1152,151362,46959,14.5098,31249,1152,151364
103000,65536,9,7,2,210894842,9,210960378,103000,46919,14.5263,30968,2741,0x0000000000,20924,14936,0,1190,152552,46920,14.5264,30971,1190,152554
104000,65536,9,7,2,212991991,9,213057527,104000,46943,14.5222,31071,2794,0x0000000000,1,2,0,1157,153709,46943,14.5220,31070,1157,153711
105000,65536,9,7,2,215023610,9,215089146,105000,47194,14.5250,31266,2824,0x0000000000,20878,14995,0,1092,154801,47193,14.5249,31264,1092,154803
106000,65536,9,7,2,217055226,9,217120762,106000,46831,14.5047,30990,2794,0x0000000000,20924,14949,0,1143,155944,46830,14.5046,30991,1143,155946
107000,65536,9,7,2,219086842,9,219152378,107000,46780,14.5011,31017,2824,0x0000000000,20844,14692,0,1164,157108,46779,14.5008,31018,1164,157110
108000,65536,9,7,2,221183991,9,221249527,108000,46881,14.5124,31080,2789,0x0000000000,1,0,0,1156,158264,46882,14.5125,31081,1156,158266
109000,65536,9,7,2,223215610,9,223281146,109000,47010,14.5286,30986,2750,0x0000000000,20843,14841,0,1173,159437,47008,14.5285,30986,1173,159439
110000,65536,9,7,2,225247226,9,225312762,110000,46933,14.5183,30762,2768,0x0000000000,20881,14799,0,1162,160599,46936,14.5184,30766,1159,160598
111000,65536,9,7,2,227278842,9,227344378,111000,47037,14.5258,30959,2802,0x0000000000,20814,14845,0,1188,161787,47037,14.5261,30959,1188,161786
112000,65536,10,8,2,229375990,10,229441526,112000,46952,14.5356,30857,2706,0x0000000000,2,0,0,1161,162948,46954,14.5359,30859,1161,162947
113000,65536,10,8,2,231407609,10,231473145,113000,46977,14.5256,30849,2771,0x0000000000,20939,14512,0,1130,164078,46978,14.5257,30850,1130,164077
114000,65536,10,8,2,233439225,10,233504761,114000,46973,14.5158,30855,2816,0x0000000000,20695,14781,0,1156,165234,46975,14.5161,30855,1156,165233
115000,65536,10,8,2,235470842,10,235536378,115000,46817,14.5164,30657,2764,0x0000000000,20932,14684,0,1140,166374,46814,14.5161,30654,1140,166373
116000,65536,10,8,2,237567990,10,237633526,116000,46918,14.5343,30572,2638,0x0000000000,3,2,0,1124,167498,46918,14.5343,30571,1124,167497
117000,65536,10,8,2,239599609,10,239665145,117000,47129,14.5501,30786,2665,0x0000000000,20930,14804,0,1177,168675,47128,14.5501,30785,1177,168674
118000,65536,10,8,2,241631225,10,241696761,118000,46985,14.5417,30697,2664,0x0000000000,20877,14615,0,1162,169837,46984,14.5417,30697,1162,169836
119000,65536,10,8,2,243662842,10,243728378,119000,46986,14.5422,30749,2662,0x0000000000,20713,14633,0,1119,170956,46985,14.5423,30748,1118,170954
120000,65536,10,8,2,245759990,10,245825526,120000,46702,14.5126,30447,2714,0x0000000000,1,1,0,1166,172122,46701,14.5126,30446,1166,172120
121000,65536,10,8,2,247791609,10,247857145,121000,46997,14.5398,30524,2708,0x0000000000,21097,14704,0,1140,173262,46999,14.5401,30527,1140,173260
122000,65536,10,8,2,249823225,10,249888761,122000,46989,14.5556,30595,2568,0x0000000000,20928,14337,0,1113,174375,46987,14.5553,30594,1113,174373
123000,65536,10,8,2,251854842,10,251920378,123000,47046,14.5488,30609,2703,0x0000000000,20946,14505,0,1157,175532,47046,14.5486,30609,1157,175530
124000,65536,11,9,2,253951989,11,254017525,124000,47148,14.5533,30460,2694,0x0000000000,2,0,0,1152,176684,47148,14.5533,30463,1152,176682
125000,65536,11,9,2,255983608,11,256049144,125000,47093,14.5533,30646,2602,0x0000000000,20895,14631,0,1094,177778,47093,14.5533,30646,1094,177776
126000,65536,11,9,2,258015224,11,258080760,126000,47080,14.5468,30553,2716,0x0000000000,20802,14629,0,1180,178958,47079,14.5468,30552,1180,178956
127000,65536,11,9,2,260046841,11,260112377,127000,46999,14.5521,30430,2634,0x0000000000,20861,14456,0,1184,180142,46996,14.5519,30427,1185,180141
128000,65536,11,9,2,262143989,11,262209525,128000,47198,14.5679,30454,2648,0x0000000000,0,1,0,1139,181281,47201,14.5681,30454,1139,181280
129000,65536,11,9,2,264175608,11,264241144,129000,47101,14.5633,30316,2626,0x0000000000,20961,14588,0,1184,182465,47101,14.5633,30317,1184,182464
130000,65536,11,9,2,266207224,11,266272760,130000,47123,14.5471,30487,2698,0x0000000000,20931,14593,0,1136,183601,47122,14.5469,30487,1136,183600
131000,65536,11,9,2,268238841,11,268304377,131000,47135,14.5615,30460,2622,0x0000000000,21035,14595,0,1172,184773,47136,14.5616,30463,1172,184772
132000,65536,11,9,2,270335989,11,270401525,132000,47044,14.5503,30324,2641,0x0000000000,4,1,0,1141,185914,47042,14.5502,30320,1141,185913
133000,65536,11,9,2,272367608,11,272433144,133000,47177,14.5605,30463,2649,0x0000000000,20855,14536,0,1128,187042,47179,14.5607,30462,1129,187042
134000,65536,11,9,2,274399224,11,274464760,134000,47285,14.5683,30470,2592,0x0000000000,20905,14531,0,1131,188173,47287,14.5683,30471,1130,188172
135000,65536,11,9,2,276430841,11,276496377,135000,47128,14.5669,30342,2600,0x0000000000,20847,14607,0,1128,189301,47127,14.5669,30340,1129,189301
136000,65536,11,9,2,278527989,11,278593525,136000,47235,14.5680,30256,2625,0x0000000000,0,1,0,1123,190424,47235,14.5678,30257,1122,190423
137000,65536,11,9,2,280559608,11,280625144,137000,47251,14.5758,30385,2588,0x0000000000,20790,14494,0,1111,191535,47249,14.5757,30382,1112,191535
138000,65536,11,9,2,282591224,11,282656760,138000,47314,14.5798,30446,2585,0x0000000000,20855,14515,0,1115,192650,47314,14.5796,30446,1115,192650
139000,65536,11,9,2,284622841,11,284688377,139000,47180,14.5664,30185,2592,0x0000000000,20860,14485,0,1090,193740,47180,14.5663,30184,1090,193740
140000,65536,11,9,2,286719989,11,286785525,140000,47164,14.5738,30097,2613,0x0000000000,2,2,0,1104,194844,47165,14.5738,30102,1104,194844
141000,65536,11,9,2,288751608,11,288817144,141000,47207,14.5790,30289,2526,0x0000000000,20764,14505,0,1124,195968,47208,14.5790,30289,1124,195968
142000,65536,12,10,2,290783224,12,290848760,142000,47271,14.5806,30322,2558,0x0000000000,20761,14524,0,1088,197056,47272,14.5806,30323,1088,197056
143000,65536,12,10,2,292814840,12,292880376,143000,47383,14.6038,30328,2466,0x0000000000,20954,14624,0,1148,198204,47387,14.6041,30331,1148,198204
144000,65536,12,10,2,294911988,12,294977524,144000,47403,14.6027,30335,2494,0x0000000000,2,0,0,1094,199298,47403,14.6025,30336,1094,199298
145000,65536,12,10,2,296943607,12,297009143,145000,47245,14.5696,30096,2635,0x0000000000,20828,14288,0,1101,200399,47247,14.5698,30097,1101,200399
146000,65536,12,10,2,298975224,12,299040760,146000,47284,14.5877,29999,2524,0x0000000000,20815,14433,0,1146,201545,47284,14.5878,29997,1146,201545
147000,65536,12,10,2,301006840,12,301072376,147000,47338,14.5991,30006,2533,0x0000000000,20780,14422,0,1174,202719,47337,14.5988,30008,1173,202718
148000,65536,12,10,2,303103988,12,303169524,148000,47376,14.5896,30115,2561,0x0000000000,2,0,0,1116,203835,47377,14.5897,30112,1116,203834
149000,65536,12,10,2,305135607,12,305201143,149000,47388,14.5974,30174,2508,0x0000000000,20555,14371,0,1073,204908,47388,14.5974,30176,1073,204907
150000,65536,12,10,2,307167224,12,307232760,150000,47231,14.5913,30015,2493,0x0000000000,20811,14214,0,1182,206090,47229,14.5912,30015,1182,206089
151000,65536,12,10,2,309198840,12,309264376,151000,47407,14.5976,30312,2485,0x0000000000,20834,14218,0,1098,207188,47405,14.5975,30311,1099,207188
152000,65536,12,10,2,311295988,12,311361524,152000,47440,14.5977,30002,2517,0x0000000000,3,1,0,1146,208334,47440,14.5977,30003,1146,208334
153000,65536,12,10,2,313327607,12,313393143,153000,47353,14.5899,30111,2515,0x0000000000,20920,14317,0,1124,209458,47352,14.5898,30110,1124,209458
154000,65536,12,10,2,315359224,12,315424760,154000,47281,14.5813,29993,2584,0x0000000000,21040,14361,0,1156,210614,47281,14.5812,29994,1155,210613
155000,65536,12,10,2,317390840,12,317456376,155000,47304,14.5778,29921,2631,0x0000000000,20683,14274,0,1064,211678,47302,14.5777,29919,1064,211677
156000,65536,12,10,2,319487988,12,319553524,156000,47373,14.5942,30058,2524,0x0000000000,1,2,0,1137,212815,47374,14.5943,30059,1136,212813
157000,65536,12,10,2,321519607,12,321585143,157000,47389,14.5995,29869,2510,0x0000000000,20948,14208,0,1059,213874,47390,14.5995,29872,1059,213872
158000,65536,12,10,2,323551224,12,323616760,158000,47327,14.5963,29954,2503,0x0000000000,20835,14321,0,1075,214949,47327,14.5963,29954,1075,214947
159000,65536,12,10,2,325582840,12,325648376,159000,47374,14.5917,29969,2519,0x0000000000,20777,14213,0,1096,216045,47375,14.5919,29971,1096,216043
160000,65536,12,10,2,327679988,12,327745524,160000,47443,14.6098,29914,2446,0x0000000000,2,1,0,1061,217106,47442,14.6098,29914,1061,217104
161000,65536,12,10,2,329711607,12,329777143,161000,47188,14.5979,29680,2470,0x0000000000,20891,14178,0,1109,218215,47190,14.5980,29679,1109,218213
162000,65536,12,10,2,331743224,12,331808760,162000,47407,14.5981,30043,2517,0x0000000000,20872,14289,0,1093,219308,47406,14.5979,30043,1094,219307
163000,65536,12,10,2,333774840,12,333840376,163000,47591,14.6210,30043,2471,0x0000000000,20919,14415,0,1043,220351,47590,14.6210,30044,1043,220350
164000,65536,12,10,2,335871988,12,335937524,164000,47617,14.6267,30124,2438,0x0000000000,1,0,0,1078,221429,47617,14.6268,30124,1079,221429
165000,65536,12,10,2,337903607,12,337969143,165000,47366,14.6197,29717,2412,0x0000000000,20907,14276,0,1104,222533,47364,14.6195,29716,1104,222533
166000,65536,12,10,2,339935224,12,340000760,166000,47543,14.6306,29828,2384,0x0000000000,20830,14137,0,1154,223687,47545,14.6307,29830,1154,223687
167000,65536,12,10,2,341966840,12,342032376,167000,47546,14.6179,29969,2469,0x0000000000,20774,14264,0,1136,224823,47544,14.6178,29970,1136,224823
168000,65536,12,10,2,344063988,12,344129524,168000,47413,14.6010,29695,2496,0x0000000000,1,0,0,1119,225942,47415,14.6013,29698,1118,225941
169000,65536,12,10,2,346095607,12,346161143,169000,47507,14.6210,29821,2451,0x0000000000,20935,14318,0,1078,227020,47510,14.6212,29823,1077,227018
170000,65536,12,10,2,348127224,12,348192760,170000,47523,14.6327,29966,2357,0x0000000000,20885,14209,0,1116,228136,47524,14.6327,29965,1117,228135
171000,65536,12,10,2,350158840,12,350224376,171000,47429,14.6196,29865,2406,0x0000000000,20878,14054,0,1066,229202,47428,14.6196,29862,1066,229201
172000,65536,12,10,2,352255988,12,352321524,172000,47480,14.6202,29901,2426,0x0000000000,2,1,0,1114,230316,47480,14.6202,29901,1114,230315
173000,65536,12,10,2,354287607,12,354353143,173000,47475,14.6358,29780,2370,0x0000000000,20766,14069,0,1166,231482,47474,14.6357,29779,1166,231481
174000,65536,12,10,2,356319224,12,356384760,174000,47360,14.6052,29958,2449,0x0000000000,20611,14015,0,1082,232564,47358,14.6051,29957,1081,232562
175000,65536,12,10,2,358350840,12,358416376,175000,47676,14.6483,29794,2379,0x0000000000,20641,14301,0,1098,233662,47675,14.6482,29793,1098,233660
176000,65536,14,12,2,360447986,14,360513522,176000,47466,14.6319,29565,2341,0x0000000000,5,2,0,1078,234740,47467,14.6319,29569,1078,234738
177000,65536,14,12,2,362479605,14,362545141,177000,47543,14.6237,29570,2400,0x0000000000,20849,13848,0,1078,235818,47541,14.6237,29571,1078,235816
178000,65536,14,12,2,364511223,14,364576759,178000,47568,14.6238,29683,2440,0x0000000000,20770,14195,0,1062,236880,47569,14.6239,29686,1061,236877
179000,65536,14,12,2,366542840,14,366608376,179000,47599,14.6397,29617,2414,0x0000000000,20623,14199,0,1081,237961,47597,14.6394,29616,1082,237959
180000,65536,14,12,2,368639986,14,368705522,180000,47495,14.6319,29615,2345,0x0000000000,2,0,0,1062,239023,47497,14.6321,29616,1062,239021
181000,65536,14,12,2,370671605,14,370737141,181000,47596,14.6374,29630,2378,0x0000000000,20963,13987,0,1055,240078,47596,14.6375,29630,1055,240076
182000,65536,14,12,2,372703223,14,372768759,182000,47555,14.6324,29739,2405,0x0000000000,20671,13998,0,1074,241152,47554,14.6325,29739,1073,241149
183000,65536,14,12,2,374734840,14,374800376,183000,47649,14.6525,29767,2302,0x0000000000,20943,14135,0,1066,242218,47652,14.6527,29769,1065,242214
184000,65536,14,12,2,376831986,14,376897522,184000,47572,14.6381,29694,2307,0x0000000000,4,2,0,1031,243249,47573,14.6381,29694,1031,243245
185000,65536,14,12,2,378863605,14,378929141,185000,47554,14.6321,29675,2341,0x0000000000,20826,14082,0,1107,244356,47557,14.6325,29676,1107,244352
186000,65536,14,12,2,380895223,14,380960759,186000,47590,14.6299,29560,2418,0x0000000000,20766,13865,0,1061,245417,47590,14.6300,29560,1061,245413
187000,65536,14,12,2,382926840,14,382992376,187000,47631,14.6389,29642,2405,0x0000000000,20912,14197,0,1081,246498,47628,14.6387,29640,1081,246494
188000,65536,14,12,2,385023986,14,385089522,188000,47627,14.6306,29672,2386,0x0000000000,3,1,0,1078,247576,47627,14.6305,29675,1078,247572
189000,65536,14,12,2,387055605,14,387121141,189000,47642,14.6191,29679,2450,0x0000000000,20729,14148,0,1045,248621,47639,14.6189,29678,1045,248617
190000,65536,14,12,2,389087223,14,389152759,190000,47586,14.6422,29537,2362,0x0000000000,20736,14247,0,1091,249712,47588,14.6422,29539,1090,249707
191000,65536,14,12,2,391118840,14,391184376,191000,47922,14.6622,29827,2313,0x0000000000,20654,13874,0,1001,250713,47921,14.6621,29826,1001,250708
192000,65536,19,17,2,393215981,19,393281517,192000,47601,14.6437,29422,2333,0x0000000000,4,2,0,1073,251786,47605,14.6441,29427,1072,251780
193000,65536,19,17,2,395247600,19,395313136,193000,47472,14.6452,29343,2320,0x0000000000,20911,14016,0,1078,252864,47469,14.6450,29340,1078,252858
194000,65536,19,17,2,397279218,19,397344754,194000,47527,14.6173,29451,2468,0x0000000000,20843,13911,0,1051,253915,47526,14.6171,29449,1051,253909
195000,65536,19,17,2,399310836,19,399376372,195000,47760,14.6525,29708,2346,0x0000000000,20878,14108,0,1108,255023,47758,14.6522,29710,1107,255016
196000,65536,19,17,2,401407981,19,401473517,196000,47768,14.6370,29738,2412,0x0000000000,2,1,0,1125,256148,47769,14.6368,29738,1125,256141
197000,65536,19,17,2,403439600,19,403505136,197000,47677,14.6423,29457,2389,0x0000000000,20942,13867,0,1082,257230,47678,14.6424,29459,1082,257223
198000,65536,19,17,2,405471218,19,405536754,198000,47967,14.6869,29583,2276,0x0000000000,20778,13878,0,1087,258317,47968,14.6868,29586,1086,258309
199000,65536,19,17,2,407502836,19,407568372,199000,47629,14.6351,29665,2373,0x0000000000,20799,13916,0,1048,259365,47630,14.6354,29663,1049,259358
200000,65536,19,17,2,409599981,19,409665517,200000,47512,14.6363,29265,2342,0x0000000000,5,2,0,1066,260431,47510,14.6361,29259,1067,260425
201000,65536,19,17,2,411631600,19,411697136,201000,47657,14.6639,29299,2254,0x0000000000,20825,13887,0,1078,261509,47658,14.6641,29300,1078,261503
202000,65536,19,17,2,413663218,19,413728754,202000,47620,14.6447,29434,2336,0x0000000000,20693,14079,0,1059,262568,47622,14.6448,29432,1058,262561
203000,65536,19,17,2,415694836,19,415760372,203000,47800,14.6582,29659,2351,0x0000000000,20825,14025,0,1034,263602,47802,14.6583,29660,1033,263594
204000,65536,19,17,2,417791981,19,417857517,204000,47846,14.6571,29454,2417,0x0000000000,5,2,0,1057,264659,47847,14.6572,29454,1057,264651
205000,65536,19,17,2,419823600,19,419889136,205000,47716,14.6584,29365,2306,0x0000000000,20881,14007,0,1025,265684,47716,14.6586,29364,1025,265676
206000,65536,19,17,2,421855218,19,421920754,206000,47773,14.6470,29459,2393,0x0000000000,20892,14044,0,1129,266813,47776,14.6472,29461,1128,266804
207000,65536,19,17,2,423886836,19,423952372,207000,47782,14.6493,29370,2388,0x0000000000,20863,13991,0,1076,267889,47784,14.6494,29374,1075,267879
208000,65536,19,17,2,425983981,19,426049517,208000,47819,14.6425,29447,2425,0x0000000000,5,1,0,1049,268938,47820,14.6427,29448,1049,268928
209000,65536,19,17,2,428015600,19,428081136,209000,47815,14.6504,29434,2393,0x0000000000,20724,13812,0,984,269922,47813,14.6500,29432,984,269912
210000,65536,20,18,2,430047217,20,430112753,210000,47851,14.6598,29445,2389,0x0000000000,20806,13857,0,1030,270952,47847,14.6597,29443,1030,270942
211000,65536,20,18,2,432078835,20,432144371,211000,47746,14.6498,29178,2387,0x0000000000,20882,13775,0,1061,272013,47749,14.6500,29183,1060,272002
212000,65536,20,18,2,434175980,20,434241516,212000,47927,14.6772,29555,2279,0x0000000000,6,1,0,1046,273059,47930,14.6777,29557,1047,273049
213000,65536,20,18,2,436207599,20,436273135,213000,47589,14.6381,29259,2357,0x0000000000,20773,13593,0,1082,274141,47590,14.6382,29260,1082,274131
214000,65536,20,18,2,438239217,20,438304753,214000,48016,14.6907,29470,2268,0x0000000000,20854,13881,0,1050,275191,48017,14.6910,29469,1051,275182
215000,65536,20,18,2,440270835,20,440336371,215000,47707,14.6622,29309,2298,0x0000000000,20685,13901,0,1090,276281,47707,14.6621,29308,1091,276273
216000,65536,20,18,2,442367980,20,442433516,216000,47508,14.6383,29097,2325,0x0000000000,4,2,0,1093,277374,47507,14.6382,29100,1093,277366
217000,65536,20,18,2,444399599,20,444465135,217000,47801,14.6661,29238,2274,0x0000000000,20825,13752,0,1103,278477,47801,14.6658,29243,1103,278469
218000,65536,20,18,2,446431217,20,446496753,218000,47648,14.6436,29020,2414,0x0000000000,21039,13728,0,1112,279589,47647,14.6435,29021,1112,279581
219000,65536,20,18,2,448462835,20,448528371,219000,47802,14.6590,29181,2283,0x0000000000,20860,13751,0,1087,280676,47802,14.6591,29181,1087,280668
220000,65536,20,18,2,450559980,20,450625516,220000,47991,14.6841,29217,2305,0x0000000000,6,3,0,1092,281768,47991,14.6840,29217,1092,281760
221000,65536,21,19,2,452591598,21,452657134,221000,47930,14.6762,29216,2280,0x0000000000,20673,13757,0,1041,282809,47931,14.6762,29218,1041,282801
222000,65536,21,19,2,454623216,21,454688752,222000,47776,14.6813,29044,2224,0x0000000000,20953,13814,0,1077,283886,47773,14.6810,29047,1077,283878
223000,65536,21,19,2,456654834,21,456720370,223000,47919,14.6767,29247,2255,0x0000000000,20780,13694,0,1033,284919,47924,14.6772,29251,1032,284910
224000,65536,21,19,2,458751979,21,458817515,224000,48088,14.6967,29468,2258,0x0000000000,3,4,0,1038,285957,48091,14.6968,29471,1037,285947
225000,65536,21,19,2,460783598,21,460849134,225000,47986,14.6829,29166,2297,0x0000000000,20612,13621,0,1022,286979,47985,14.6828,29166,1022,286969
226000,65536,21,19,2,462815216,21,462880752,226000,47932,14.6952,29044,2181,0x0000000000,20992,13535,0,1111,288090,47930,14.6949,29046,1111,288080
227000,65536,21,19,2,464846834,21,464912370,227000,47932,14.6864,29129,2220,0x0000000000,20799,13856,0,1062,289152,47934,14.6865,29133,1060,289140
228000,65536,21,19,2,466943979,21,467009515,228000,47745,14.6680,29048,2233,0x0000000000,5,2,0,1067,290219,47745,14.6681,29049,1067,290207
229000,65536,21,19,2,468975598,21,469041134,229000,48087,14.7023,29298,2223,0x0000000000,20815,13894,0,1079,291298,48090,14.7024,29300,1078,291285
230000,65536,21,19,2,471007216,21,471072752,230000,48001,14.6796,29156,2280,0x0000000000,20823,13794,0,1042,292340,48003,14.6797,29158,1042,292327
231000,65536,21,19,2,473038834,21,473104370,231000,48001,14.6776,29100,2301,0x0000000000,20772,13698,0,1013,293353,48000,14.6775,29097,1014,293341
232000,65536,21,19,2,475135979,21,475201515,232000,47909,14.6780,29014,2303,0x0000000000,7,1,0,1062,294415,47907,14.6779,29011,1062,294403
233000,65536,21,19,2,477167598,21,477233134,233000,48098,14.7043,29203,2180,0x0000000000,20843,13824,0,1056,295471,48101,14.7046,29204,1055,295458
234000,65536,21,19,2,479199216,21,479264752,234000,47876,14.6757,29018,2288,0x0000000000,20661,13734,0,957,296428,47876,14.6756,29020,957,296415
235000,65536,21,19,2,481230834,21,481296370,235000,48032,14.6929,29127,2236,0x0000000000,20706,13632,0,1006,297434,48029,14.6926,29132,1005,297420
236000,65536,21,19,2,483327979,21,483393515,236000,47977,14.6870,28964,2245,0x0000000000,4,1,0,1065,298499,47974,14.6869,28963,1066,298486
237000,65536,21,19,2,485359598,21,485425134,237000,47824,14.6748,28810,2246,0x0000000000,20714,13579,0,1052,299551,47825,14.6747,28815,1051,299537
238000,65536,21,19,2,487391216,21,487456752,238000,48115,14.6950,29038,2242,0x0000000000,20801,13570,0,1092,300643,48118,14.6952,29043,1091,300628
239000,65536,21,19,2,489422834,21,489488370,239000,48134,14.7007,29192,2260,0x0000000000,20878,13744,0,1005,301648,48132,14.7006,29190,1005,301633
240000,65536,21,19,2,491519979,21,491585515,240000,48207,14.7194,29188,2124,0x0000000000,6,3,0,1048,302696,48206,14.7194,29189,1048,302681
241000,65536,21,19,2,493551598,21,493617134,241000,48007,14.7085,29028,2146,0x0000000000,20778,13414,0,1042,303738,48007,14.7085,29029,1043,303724
242000,65536,21,19,2,495583216,21,495648752,242000,48052,14.7075,29046,2188,0x0000000000,20844,13668,0,1011,304749,48050,14.7071,29047,1011,304735
243000,65536,21,19,2,497614834,21,497680370,243000,48091,14.7016,29081,2210,0x0000000000,20784,13552,0,1041,305790,48089,14.7015,29085,1042,305777
244000,65536,21,19,2,499711979,21,499777515,244000,48244,14.7276,29184,2188,0x0000000000,4,1,0,1049,306839,48245,14.7276,29181,1049,306826
245000,65536,21,19,2,501743598,21,501809134,245000,47931,14.6801,29022,2258,0x0000000000,20945,13598,0,1006,307845,47934,14.6802,29021,1006,307832
246000,65536,21,19,2,503775216,21,503840752,246000,48169,14.7098,28952,2173,0x0000000000,20835,13668,0,1104,308949,48172,14.7101,28951,1104,308936
247000,65536,21,19,2,505806834,21,505872370,247000,47910,14.6826,29014,2268,0x0000000000,20699,13692,0,1029,309978,47911,14.6826,29015,1029,309965
248000,65536,21,19,2,507903979,21,507969515,248000,47927,14.6832,28955,2269,0x0000000000,6,4,0,1008,310986,47925,14.6830,28957,1007,310972
249000,65536,21,19,2,509935598,21,510001134,249000,48197,14.7088,29098,2218,0x0000000000,20926,13730,0,1097,312083,48200,14.7090,29104,1097,312069
250000,65536,21,19,2,511967216,21,512032752,250000,48134,14.7128,29026,2170,0x0000000000,20873,13554,0,1042,313125,48138,14.7130,29030,1041,313110
251000,65536,21,19,2,513998834,21,514064370,251000,48171,14.7251,29017,2096,0x0000000000,20912,13803,0,1008,314133,48169,14.7248,29020,1006,314116
252000,65536,21,19,2,516095979,21,516161515,252000,48007,14.7014,28747,2153,0x0000000000,5,3,0,1006,315139,48009,14.7017,28753,1006,315122
253000,65536,21,19,2,518127598,21,518193134,253000,48067,14.6976,28905,2265,0x0000000000,20962,13569,0,1011,316150,48065,14.6974,28907,1010,316132
254000,65536,21,19,2,520159216,21,520224752,254000,47906,14.6950,28506,2189,0x0000000000,20661,13541,0,1051,317201,47911,14.6953,28512,1049,317181
255000,65536,21,19,2,522190834,21,522256370,255000,48128,14.7089,29148,2220,0x0000000000,20757,13530,0,1019,318220,48126,14.7085,29150,1019,318200
256000,65536,21,19,2,524287979,21,524353515,256000,48068,14.7077,28917,2170,0x0000000000,4,0,0,1031,319251,48069,14.7079,28916,1031,319231
257000,65536,21,19,2,526319598,21,526385134,257000,48014,14.6980,28815,2180,0x0000000000,20798,13583,0,1040,320291,48014,14.6982,28818,1040,320271
258000,65536,21,19,2,528351216,21,528416752,258000,48154,14.7225,28734,2195,0x0000000000,20693,13416,0,1001,321292,48155,14.7225,28737,1001,321272
259000,65536,21,19,2,530382834,21,530448370,259000,48130,14.6963,28815,2127,0x0000000000,20706,13275,0,1013,322305,48132,14.6964,28814,1014,322286
260000,65536,21,19,2,532479979,21,532545515,260000,48267,14.7187,28985,2142,0x0000000000,7,4,0,1050,323355,48267,14.7189,28988,1050,323336
261000,65536,21,19,2,534511598,21,534577134,261000,48004,14.6973,28812,2205,0x0000000000,20782,13541,0,1059,324414,48005,14.6973,28815,1059,324395
262000,65536,21,19,2,536543216,21,536608752,262000,48223,14.7168,28944,2177,0x0000000000,20714,13436,0,1010,325424,48222,14.7165,28943,1010,325405
263000,65536,21,19,2,538574834,21,538640370,263000,48246,14.7253,28878,2158,0x0000000000,20727,13404,0,1024,326448,48248,14.7253,28882,1024,326429
264000,65536,22,19,3,540671978,22,540737514,264000,48287,14.7197,29019,2169,0x0000000000,3,3,0,1015,327463,48284,14.7194,29015,1015,327444
265000,65536,22,19,3,542703597,22,542769133,265000,48040,14.7011,28590,2160,0x0000000000,20670,13306,0,1025,328488,48039,14.7011,28588,1025,328469
266000,65536,22,19,3,544735215,22,544800751,266000,48221,14.7268,29055,2065,0x0000000000,20836,13550,0,1004,329492,48223,14.7268,29057,1003,329472
267000,65536,22,19,3,546766833,22,546832369,267000,48234,14.7238,28839,2121,0x0000000000,20735,13368,0,1010,330502,48232,14.7240,28835,1011,330483
268000,65536,22,19,3,548863978,22,548929514,268000,48182,14.7130,28864,2207,0x0000000000,4,3,0,1003,331505,48184,14.7132,28868,1002,331485
269000,65536,22,19,3,550895597,22,550961133,269000,48204,14.7155,28956,2149,0x0000000000,20719,13314,0,1034,332539,48205,14.7157,28960,1033,332518
270000,65536,22,19,3,552927215,22,552992751,270000,48198,14.7134,28769,2227,0x0000000000,20728,13375,0,1031,333570,48196,14.7132,28767,1031,333549
271000,65536,22,19,3,554958833,22,555024369,271000,48260,14.7187,28785,2173,0x0000000000,20742,13361,0,1037,334607,48260,14.7189,28788,1037,334586
272000,65536,22,19,3,557055978,22,557121514,272000,48121,14.7224,28721,2138,0x0000000000,6,1,0,1044,335651,48122,14.7225,28727,1045,335631
273000,65536,22,19,3,559087597,22,559153133,273000,48105,14.7323,28612,2055,0x0000000000,20864,13425,0,1039,336690,48105,14.7325,28609,1039,336670
274000,65536,22,19,3,561119215,22,561184751,274000,48166,14.7307,28601,2130,0x0000000000,20971,13325,0,1044,337734,48163,14.7305,28600,1043,337713
275000,65536,22,19,3,563150833,22,563216369,275000,48137,14.7297,28519,2140,0x0000000000,20840,13419,0,1062,338796,48137,14.7297,28524,1062,338775
276000,65536,22,19,3,565247978,22,565313514,276000,48114,14.7175,28674,2150,0x0000000000,7,4,0,1007,339803,48111,14.7172,28673,1008,339783
277000,65536,34,31,3,567279587,34,567345123,277000,48318,14.7266,28665,2136,0x0000000000,20850,13428,0,1063,340866,48316,14.7266,28665,1064,340847
278000,65536,34,31,3,569311206,34,569376742,278000,48136,14.7227,28576,2103,0x0000000000,20647,13234,0,999,341865,48136,14.7226,28580,999,341846
279000,65536,34,31,3,571342825,34,571408361,279000,48049,14.7148,28384,2140,0x0000000000,20710,13116,0,1048,342913,48049,14.7149,28385,1049,342895
280000,65536,34,31,3,573439966,34,573505502,280000,48224,14.7183,28801,2176,0x0000000000,7,1,0,1041,343954,48227,14.7188,28804,1041,343936
281000,65536,34,31,3,575471587,34,575537123,281000,48188,14.7344,28649,2061,0x0000000000,20802,13353,0,1038,344992,48187,14.7342,28647,1040,344976
282000,65536,34,31,3,577503206,34,577568742,282000,48295,14.7348,28566,2121,0x0000000000,20765,13210,0,1027,346019,48294,14.7347,28570,1027,346003
283000,65536,34,31,3,579534825,34,579600361,283000,48291,14.7230,28753,2216,0x0000000000,21073,13358,0,1022,347041,48288,14.7227,28750,1022,347025
284000,65536,34,31,3,581631966,34,581697502,284000,48119,14.7247,28622,2146,0x0000000000,6,2,0,1021,348062,48118,14.7245,28622,1021,348046
285000,65536,34,31,3,583663587,34,583729123,285000,48187,14.7272,28653,2094,0x0000000000,20640,13192,0,971,349033,48191,14.7277,28657,971,349017
286000,65536,34,31,3,585695206,34,585760742,286000,48051,14.7097,28355,2149,0x0000000000,20751,13305,0,1027,350060,48052,14.7097,28350,1027,350044
287000,65536,34,31,3,587726825,34,587792361,287000,48216,14.7295,28573,2146,0x0000000000,20745,13181,0,1035,351095,48214,14.7294,28576,1036,351080
288000,65536,34,31,3,589823966,34,589889502,288000,48256,14.7279,28571,2182,0x0000000000,7,4,0,1047,352142,48254,14.7277,28575,1046,352126
289000,65536,34,31,3,591855587,34,591921123,289000,48158,14.7276,28479,2117,0x0000000000,20734,13150,0,1042,353184,48158,14.7278,28483,1041,353167
290000,65536,34,31,3,593887206,34,593952742,290000,48161,14.7115,28592,2190,0x0000000000,20819,13284,0,1020,354204,48158,14.7113,28587,1023,354190
291000,65536,34,31,3,595918825,34,595984361,291000,48247,14.7375,28497,2048,0x0000000000,20715,13226,0,1001,355205,48250,14.7377,28499,1001,355191
292000,65536,34,31,3,598015966,34,598081502,292000,48362,14.7486,28603,2047,0x0000000000,8,4,0,991,356196,48360,14.7485,28604,992,356183
293000,65536,34,31,3,600047587,34,600113123,293000,48427,14.7469,28516,2080,0x0000000000,20866,13289,0,987,357183,48424,14.7469,28511,988,357171
294000,65536,34,31,3,602079206,34,602144742,294000,48249,14.7344,28544,2085,0x0000000000,20816,13199,0,1036,358219,48251,14.7345,28552,1036,358207
295000,65536,34,31,3,604110825,34,604176361,295000,48257,14.7285,28432,2175,0x0000000000,20852,13028,0,1055,359274,48256,14.7284,28427,1055,359262
296000,65536,34,31,3,606207966,34,606273502,296000,48205,14.7265,28457,2146,0x0000000000,8,2,0,1039,360313,48205,14.7265,28460,1038,360300
297000,65536,34,31,3,608239587,34,608305123,297000,48226,14.7345,28439,2098,0x0000000000,20714,13320,0,1090,361403,48223,14.7342,28436,1090,361390
298000,65536,34,31,3,610271206,34,610336742,298000,48265,14.7280,28257,2120,0x0000000000,20667,13239,0,994,362397,48266,14.7280,28260,994,362384
299000,65536,34,31,3,612302825,34,612368361,299000,48226,14.7233,28364,2167,0x0000000000,20674,13128,0,1034,363431,48222,14.7232,28365,1034,363418
300000,65536,34,31,3,614399966,34,614465502,300000,47971,14.7089,28147,2156,0x0000000000,4,1,0,1095,364526,47976,14.7094,28152,1096,364514
301000,65536,34,31,3,616431587,34,616497123,301000,48460,14.7456,28533,2146,0x0000000000,20812,13191,0,1003,365529,48459,14.7456,28533,1003,365517
302000,65536,34,31,3,618463206,34,618528742,302000,48260,14.7315,28353,2119,0x0000000000,20682,12985,0,996,366525,48262,14.7317,28353,996,366513
303000,65536,34,31,3,620494825,34,620560361,303000,48166,14.7301,28376,2081,0x0000000000,20820,13034,0,1028,367553,48163,14.7297,28374,1028,367541
304000,65536,34,31,3,622591966,34,622657502,304000,48307,14.7262,28391,2196,0x0000000000,7,4,0,968,368521,48309,14.7265,28396,966,368507
305000,65536,34,31,3,624623587,34,624689123,305000,48126,14.7165,28439,2100,0x0000000000,20592,13021,0,985,369506,48122,14.7162,28431,987,369494
306000,65536,34,31,3,626655206,34,626720742,306000,48242,14.7283,28402,2110,0x0000000000,20710,13127,0,938,370444,48238,14.7282,28401,938,370432
307000,65536,34,31,3,628686825,34,628752361,307000,48193,14.7281,28463,2125,0x0000000000,20809,13013,0,978,371422,48195,14.7283,28463,978,371410
308000,65536,34,31,3,630783966,34,630849502,308000,48401,14.7500,28503,2087,0x0000000000,5,5,0,1070,372492,48403,14.7503,28503,1070,372480
309000,65536,34,31,3,632815587,34,632881123,309000,48329,14.7307,28313,2142,0x0000000000,20765,13071,0,1028,373520,48329,14.7305,28311,1027,373507
310000,65536,34,31,3,634847206,34,634912742,310000,48190,14.7176,28482,2148,0x0000000000,20791,12973,0,1015,374535,48188,14.7175,28484,1014,374521
311000,65536,34,31,3,636878825,34,636944361,311000,48367,14.7447,28325,2074,0x0000000000,20667,12999,0,1055,375590,48367,14.7446,28326,1054,375575
312000,65536,34,31,3,638975966,34,639041502,312000,48233,14.7234,28319,2107,0x0000000000,4,4,0,1002,376592,48233,14.7235,28321,1001,376576
313000,65536,34,31,3,641007587,34,641073123,313000,48234,14.7330,28381,2190,0x0000000000,20783,13069,0,1057,377649,48233,14.7328,28385,1057,377633
314000,65536,34,31,3,643039206,34,643104742,314000,48237,14.7265,28237,2113,0x0000000000,20788,13102,0,1014,378663,48238,14.7268,28243,1014,378647
315000,65536,34,31,3,645070825,34,645136361,315000,48251,14.7263,28492,2104,0x0000000000,20804,13161,0,990,379653,48251,14.7264,28490,990,379637
316000,65536,34,31,3,647167966,34,647233502,316000,48309,14.7293,28429,2138,0x0000000000,7,1,0,975,380628,48311,14.7294,28435,975,380612
317000,65536,34,31,3,649199587,34,649265123,317000,48187,14.7274,28248,2101,0x0000000000,20550,13000,0,990,381618,48190,14.7273,28256,988,381600
318000,65536,34,31,3,651231206,34,651296742,318000,48392,14.7458,28457,2042,0x0000000000,20849,13081,0,1003,382621,48385,14.7451,28454,1004,382604
319000,65536,34,31,3,653262825,34,653328361,319000,48252,14.7472,28201,2038,0x0000000000,20814,13005,0,1064,383685,48251,14.7471,28202,1064,383668
320000,65536,34,31,3,655359966,34,655425502,320000,48334,14.7481,28232,2042,0x0000000000,5,3,0,1069,384754,48333,14.7481,28236,1069,384737
321000,65536,34,31,3,657391587,34,657457123,321000,48318,14.7382,28321,2102,0x0000000000,20714,12652,0,971,385725,48317,14.7382,28327,972,385709
322000,65536,34,31,3,659423206,34,659488742,322000,48195,14.7283,28138,2122,0x0000000000,20670,13003,0,1009,386734,48198,14.7284,28143,1007,386716
323000,65536,34,31,3,661454825,34,661520361,323000,48079,14.7246,27850,2085,0x0000000000,20716,12836,0,1016,387750,48083,14.7250,27849,1016,387732
324000,65536,34,31,3,663551966,34,663617502,324000,48110,14.7232,28127,2129,0x0000000000,7,1,0,975,388725,48107,14.7231,28123,978,388710
325000,65536,34,31,3,665583587,34,665649123,325000,48259,14.7351,28207,2093,0x0000000000,20727,13091,0,1007,389732,48257,14.7349,28211,1007,389717
326000,65536,34,31,3,667615206,34,667680742,326000,48431,14.7501,28119,2068,0x0000000000,20771,13039,0,1020,390752,48432,14.7501,28124,1019,390736
327000,65536,34,31,3,669646825,34,669712361,327000,48201,14.7355,28075,2073,0x0000000000,20713,13057,0,975,391727,48199,14.7352,28081,975,391711
328000,65536,34,31,3,671743966,34,671809502,328000,48306,14.7398,28243,2033,0x0000000000,9,1,0,1002,392729,48308,14.7401,28239,1002,392713
329000,65536,34,31,3,673775587,34,673841123,329000,48261,14.7288,28049,2167,0x0000000000,20626,12812,0,991,393720,48263,14.7288,28058,990,393703
330000,65536,34,31,3,675807206,34,675872742,330000,48437,14.7540,28111,2054,0x0000000000,20790,12868,0,968,394688,48440,14.7542,28111,968,394671
331000,65536,34,31,3,677838825,34,677904361,331000,48382,14.7540,28216,2060,0x0000000000,20733,12980,0,1038,395726,48384,14.7543,28217,1040,395711
332000,65536,34,31,3,679935966,34,680001502,332000,48440,14.7551,28314,1991,0x0000000000,8,3,0,961,396687,48442,14.7553,28318,961,396672
333000,65536,34,31,3,681967587,34,682033123,333000,48326,14.7399,28191,2095,0x0000000000,20589,12971,0,1019,397706,48322,14.7396,28192,1018,397690
334000,65536,34,31,3,683999206,34,684064742,334000,48398,14.7502,28355,2024,0x0000000000,20790,13169,0,931,398637,48396,14.7500,28355,932,398622
335000,65536,35,32,3,686030824,35,686096360,335000,48041,14.7067,27931,2158,0x0000000000,20646,12948,0,971,399608,48045,14.7070,27939,970,399592
336000,65536,35,32,3,688127965,35,688193501,336000,48263,14.7493,28094,2032,0x0000000000,9,3,0,1000,400608,48263,14.7493,28099,1000,400592
337000,65536,35,32,3,690159586,35,690225122,337000,48300,14.7512,28068,1999,0x0000000000,20611,12770,0,988,401596,48304,14.7517,28069,987,401579
338000,65536,35,32,3,692191205,35,692256741,338000,48291,14.7445,27940,2003,0x0000000000,20686,13079,0,1025,402621,48292,14.7446,27939,1027,402606
339000,65536,35,32,3,694222824,35,694288360,339000,48338,14.7405,28007,2047,0x0000000000,20892,12902,0,989,403610,48337,14.7406,28007,990,403596
340000,65536,35,32,3,696319965,35,696385501,340000,48224,14.7354,28055,2041,0x0000000000,7,2,0,974,404584,48225,14.7354,28053,974,404570
341000,65536,35,32,3,698351586,35,698417122,341000,48314,14.7460,28090,2066,0x0000000000,20855,12773,0,975,405559,48312,14.7457,28084,974,405544
342000,65536,35,32,3,700383205,35,700448741,342000,48258,14.7447,28071,2020,0x0000000000,20702,12942,0,985,406544,48257,14.7447,28073,986,406530
343000,65536,35,32,3,702414824,35,702480360,343000,48273,14.7476,28038,2026,0x0000000000,20587,12803,0,989,407533,48276,14.7479,28040,989,407519
344000,65536,35,32,3,704511965,35,704577501,344000,48312,14.7460,28148,2082,0x0000000000,9,2,0,963,408496,48311,14.7458,28147,964,408483
345000,65536,35,32,3,706543586,35,706609122,345000,48218,14.7437,27841,2025,0x0000000000,20611,12774,0,968,409464,48215,14.7435,27839,968,409451
346000,65536,35,32,3,708575205,35,708640741,346000,48683,14.7814,28443,2015,0x0000000000,20896,12866,0,1001,410465,48683,14.7812,28441,1000,410451
347000,65536,35,32,3,710606824,35,710672360,347000,48452,14.7573,28130,2047,0x0000000000,20684,12909,0,996,411461,48448,14.7570,28130,998,411449
348000,65536,35,32,3,712703965,35,712769501,348000,48426,14.7431,28166,2100,0x0000000000,8,1,0,939,412400,48426,14.7431,28172,940,412389
349000,65536,35,32,3,714735586,35,714801122,349000,48533,14.7636,28287,2049,0x0000000000,20716,12837,0,936,413336,48530,14.7635,28281,937,413326
350000,65536,35,32,3,716767205,35,716832741,350000,48323,14.7596,28017,2057,0x0000000000,20909,12640,0,1009,414345,48324,14.7598,28016,1010,414336
351000,65536,35,32,3,718798824,35,718864360,351000,48342,14.7556,27913,2023,0x0000000000,20699,12856,0,977,415322,48338,14.7553,27910,977,415313
352000,65536,35,32,3,720895965,35,720961501,352000,48407,14.7610,27999,1976,0x0000000000,9,4,0,957,416279,48406,14.7610,27994,958,416271
353000,65536,35,32,3,722927586,35,722993122,353000,48358,14.7547,27823,2067,0x0000000000,20645,12900,0,977,417256,48358,14.7547,27821,978,417249
354000,65536,35,32,3,724959205,35,725024741,354000,48325,14.7536,28046,2001,0x0000000000,20600,12871,0,968,418224,48319,14.7534,28040,970,418219
355000,65536,35,32,3,726990824,35,727056360,355000,48448,14.7681,28015,1981,0x0000000000,20954,12940,0,1025,419249,48446,14.7679,28012,1025,419244
356000,65536,35,32,3,729087965,35,729153501,356000,48482,14.7504,27962,2054,0x0000000000,7,4,0,935,420184,48481,14.7502,27964,935,420179
357000,65536,35,32,3,731119586,35,731185122,357000,48404,14.7701,28111,1927,0x0000000000,20638,12827,0,1012,421196,48409,14.7705,28114,1011,421190
358000,65536,35,32,3,733151205,35,733216741,358000,48359,14.7652,28000,1966,0x0000000000,20817,12935,0,980,422176,48357,14.7649,27997,980,422170
359000,65536,35,32,3,735182824,35,735248360,359000,48446,14.7661,27847,1953,0x0000000000,20700,12782,0,975,423151,48445,14.7660,27848,974,423144
360000,65536,35,32,3,737279965,35,737345501,360000,48373,14.7538,27997,2041,0x0000000000,10,3,0,953,424104,48374,14.7538,28001,953,424097
361000,65536,35,32,3,739311586,35,739377122,361000,48448,14.7687,27987,1961,0x0000000000,20770,12871,0,954,425058,48448,14.7687,27984,954,425051
362000,65536,35,32,3,741343205,35,741408741,362000,48403,14.7619,27914,2002,0x0000000000,20773,12834,0,999,426057,48402,14.7619,27914,997,426048
363000,65536,35,32,3,743374824,35,743440360,363000,48450,14.7711,27946,1929,0x0000000000,20678,12847,0,1019,427076,48451,14.7713,27946,1019,427067
364000,65536,35,32,3,745471965,35,745537501,364000,48442,14.7675,27890,1990,0x0000000000,5,5,0,1010,428086,48442,14.7675,27892,1010,428077
365000,65536,35,32,3,747503586,35,747569122,365000,48675,14.7841,28177,1986,0x0000000000,20748,12902,0,1006,429092,48675,14.7839,28180,1006,429083
366000,65536,35,32,3,749535205,35,749600741,366000,48322,14.7625,27814,1993,0x0000000000,20727,12756,0,1004,430096,48326,14.7629,27821,1005,430088
367000,65536,35,32,3,751566824,35,751632360,367000,48536,14.7842,27874,1950,0x0000000000,20890,12779,0,1002,431098,48534,14.7840,27876,1000,431088
368000,65536,35,32,3,753663965,35,753729501,368000,48634,14.7866,27900,2008,0x0000000000,9,2,0,984,432082,48635,14.7866,27900,983,432071
369000,65536,35,32,3,755695586,35,755761122,369000,48585,14.7739,28026,1969,0x0000000000,20725,12935,0,936,433018,48585,14.7740,28024,938,433009
370000,65536,35,32,3,757727205,35,757792741,370000,48413,14.7571,27933,2001,0x0000000000,20736,12806,0,1013,434031,48415,14.7573,27939,1014,434023
371000,65536,35,32,3,759758824,35,759824360,371000,48650,14.7711,27968,2022,0x0000000000,20769,12807,0,960,434991,48651,14.7715,27972,960,434983
372000,65536,35,32,3,761855965,35,761921501,372000,48601,14.7825,28014,1964,0x0000000000,13,3,0,956,435947,48603,14.7827,28014,956,435939
373000,65536,35,32,3,763887586,35,763953122,373000,48637,14.7812,28101,1905,0x0000000000,20717,12962,0,940,436887,48639,14.7815,28107,940,436879
374000,65536,35,32,3,765919205,35,765984741,374000,48673,14.7888,28054,1948,0x0000000000,20752,12869,0,996,437883,48669,14.7883,28049,996,437875
375000,65536,35,32,3,767950824,35,768016360,375000,48517,14.7705,27760,1947,0x0000000000,20534,12849,0,972,438855,48518,14.7703,27762,972,438847
376000,65536,36,33,3,770047964,36,770113500,376000,48323,14.7591,27799,1975,0x0000000000,7,0,0,1015,439870,48324,14.7591,27806,1014,439861
377000,65536,36,33,3,772079585,36,772145121,377000,48562,14.7792,27969,1990,0x0000000000,20835,12807,0,1016,440886,48562,14.7793,27973,1016,440877
378000,65536,36,33,3,774111204,36,774176740,378000,48550,14.7764,27921,1991,0x0000000000,20921,12845,0,1025,441911,48549,14.7761,27924,1025,441902
379000,65536,36,33,3,776142823,36,776208359,379000,48668,14.7946,27840,1955,0x0000000000,20598,12751,0,1016,442927,48672,14.7950,27841,1016,442918
380000,65536,36,33,3,778239964,36,778305500,380000,48595,14.7817,28031,1955,0x0000000000,5,0,0,975,443902,48600,14.7822,28036,974,443892
381000,65536,36,33,3,780271585,36,780337121,381000,48651,14.7849,27746,1983,0x0000000000,20617,12721,0,994,444896,48649,14.7846,27744,994,444886
382000,65536,36,33,3,782303204,36,782368740,382000,48538,14.7693,27819,1994,0x0000000000,20767,12853,0,942,445838,48537,14.7693,27816,943,445829
383000,65536,36,33,3,784334823,36,784400359,383000,48676,14.7906,28023,1948,0x0000000000,20704,13117,0,942,446780,48673,14.7902,28018,943,446772
384000,65536,36,33,3,786431964,36,786497500,384000,48532,14.7680,27609,2036,0x0000000000,5,2,0,1010,447790,48534,14.7681,27610,1011,447783
385000,65536,36,33,3,788463585,36,788529121,385000,48436,14.7673,27788,1964,0x0000000000,20802,12822,0,1016,448806,48437,14.7673,27792,1015,448798
386000,65536,36,33,3,790495204,36,790560740,386000,48596,14.7851,27932,1916,0x0000000000,20583,12706,0,977,449783,48594,14.7846,27932,975,449773
387000,65536,36,33,3,792526823,36,792592359,387000,48482,14.7767,27827,1961,0x0000000000,20695,12996,0,1005,450788,48483,14.7769,27826,1006,450779
388000,65536,36,33,3,794623964,36,794689500,388000,48400,14.7484,27705,2045,0x0000000000,10,4,0,978,451766,48399,14.7485,27705,977,451756
389000,65536,36,33,3,796655585,36,796721121,389000,48609,14.7757,27823,2002,0x0000000000,20682,12780,0,968,452734,48610,14.7754,27823,968,452724
390000,65536,36,33,3,798687204,36,798752740,390000,48690,14.7871,27905,1945,0x0000000000,20816,12786,0,990,453724,48693,14.7875,27909,990,453714
391000,65536,36,33,3,800718823,36,800784359,391000,48585,14.7860,27735,1884,0x0000000000,20816,12713,0,977,454701,48590,14.7864,27740,976,454690
392000,65536,36,33,3,802815964,36,802881500,392000,48524,14.7732,27781,1992,0x0000000000,7,4,0,984,455685,48530,14.7737,27786,983,455673
393000,65536,36,33,3,804847585,36,804913121,393000,48752,14.8053,27690,1911,0x0000000000,20493,12468,0,966,456651,48750,14.8049,27687,966,456639
394000,65536,36,33,3,806879204,36,806944740,394000,48562,14.7751,27681,1931,0x0000000000,20783,12767,0,983,457634,48561,14.7749,27686,982,457621
395000,65536,36,33,3,808910823,36,808976359,395000,48560,14.7707,27678,2004,0x0000000000,20564,12689,0,1010,458644,48558,14.7703,27677,1010,458631
396000,65536,36,33,3,811007964,36,811073500,396000,48669,14.7898,27860,1936,0x0000000000,9,3,0,987,459631,48670,14.7897,27861,987,459618
397000,65536,36,33,3,813039585,36,813105121,397000,48660,14.7806,27800,1965,0x0000000000,20480,12675,0,946,460577,48664,14.7809,27800,947,460565
398000,65536,36,33,3,815071204,36,815136740,398000,48561,14.7745,27709,1991,0x0000000000,20660,12759,0,957,461534,48564,14.7745,27710,956,461521
399000,65536,36,33,3,817102823,36,817168359,399000,48426,14.7545,27793,2031,0x0000000000,20739,12595,0,1007,462541,48427,14.7544,27794,1006,462527
400000,65536,36,33,3,819199964,36,819265500,400000,48788,14.7962,28069,1877,0x0000000000,6,2,0,973,463514,48788,14.7961,28073,973,463500
401000,65536,36,33,3,821231585,36,821297121,401000,48688,14.7838,27737,1994,0x0000000000,20724,12538,0,952,464466,48689,14.7839,27738,951,464451
402000,65536,36,33,3,823263204,36,823328740,402000,48715,14.7847,27761,1960,0x0000000000,20915,12814,0,1037,465503,48717,14.7852,27764,1037,465488
403000,65536,36,33,3,825294823,36,825360359,403000,49018,14.8127,28011,1908,0x0000000000,20602,12663,0,894,466397,49018,14.8126,28009,895,466383
404000,65536,36,33,3,827391964,36,827457500,404000,48600,14.7932,27841,1836,0x0000000000,8,3,0,997,467394,48600,14.7931,27842,998,467381
405000,65536,36,33,3,829423585,36,829489121,405000,48530,14.7621,27635,2004,0x0000000000,20611,12652,0,987,468381,48525,14.7619,27631,989,468370
406000,65536,36,33,3,831455204,36,831520740,406000,48756,14.7961,27717,1914,0x0000000000,20762,12823,0,983,469364,48755,14.7963,27718,983,469353
407000,65536,36,33,3,833486823,36,833552359,407000,48638,14.7876,27536,1922,0x0000000000,20547,12572,0,992,470356,48636,14.7873,27538,992,470345
408000,65536,36,33,3,835583964,36,835649500,408000,48687,14.7799,27694,1952,0x0000000000,6,1,0,948,471304,48688,14.7799,27694,949,471294
409000,65536,36,33,3,837615585,36,837681121,409000,48721,14.7745,27813,2034,0x0000000000,20632,12807,0,954,472258,48723,14.7746,27817,954,472248
410000,65536,36,33,3,839647204,36,839712740,410000,48495,14.7578,27713,2026,0x0000000000,20704,12708,0,991,473249,48494,14.7578,27715,990,473238
411000,65536,36,33,3,841678823,36,841744359,411000,48659,14.7834,27686,1971,0x0000000000,20849,12683,0,1003,474252,48665,14.7838,27695,1002,474240
412000,65536,36,33,3,843775964,36,843841500,412000,48441,14.7647,27519,1960,0x0000000000,5,4,0,961,475213,48442,14.7644,27524,961,475201
413000,65536,36,33,3,845807585,36,845873121,413000,48520,14.7714,27470,1998,0x0000000000,20821,12700,0,997,476210,48523,14.7719,27470,997,476198
414000,65536,36,33,3,847839204,36,847904740,414000,48488,14.7834,27526,1895,0x0000000000,20718,12606,0,989,477199,48492,14.7838,27529,989,477187
415000,65536,36,33,3,849870823,36,849936359,415000,48645,14.7783,27827,1956,0x0000000000,20731,12798,0,975,478174,48643,14.7782,27827,975,478162
416000,65536,36,33,3,851967964,36,852033500,416000,48737,14.7999,27730,1898,0x0000000000,10,2,0,957,479131,48733,14.7994,27729,957,479119
417000,65536,36,33,3,853999585,36,854065121,417000,48544,14.7715,27368,2033,0x0000000000,20743,12442,0,938,480069,48549,14.7718,27372,937,480056
418000,65536,36,33,3,856031204,36,856096740,418000,48717,14.7927,27693,1947,0x0000000000,20845,12556,0,993,481062,48719,14.7925,27693,994,481050
419000,65536,36,33,3,858062823,36,858128359,419000,48456,14.7678,27311,1944,0x0000000000,20588,12559,0,1037,482099,48455,14.7678,27313,1036,482086
420000,65536,36,33,3,860159964,36,860225500,420000,48813,14.7984,27561,1947,0x0000000000,8,1,0,961,483060,48817,14.7987,27564,961,483047
421000,65536,36,33,3,862191585,36,862257121,421000,48838,14.8044,27682,1909,0x0000000000,20780,12622,0,964,484024,48838,14.8043,27685,963,484010
422000,65536,36,33,3,864223204,36,864288740,422000,48833,14.7974,27608,1966,0x0000000000,20680,12724,0,951,484975,48830,14.7974,27608,952,484962
423000,65536,36,33,3,866254823,36,866320359,423000,48582,14.7739,27420,1991,0x0000000000,20688,12600,0,933,485908,48581,14.7740,27422,933,485895
424000,65536,36,33,3,868351964,36,868417500,424000,48537,14.7770,27530,1938,0x0000000000,8,4,0,984,486892,48535,14.7767,27532,984,486879
425000,65536,36,33,3,870383585,36,870449121,425000,48607,14.7806,27523,1962,0x0000000000,20475,12477,0,973,487865,48610,14.7810,27530,972,487851
426000,65536,36,33,3,872415204,36,872480740,426000,48736,14.7928,27580,1922,0x0000000000,20853,12671,0,949,488814,48739,14.7929,27577,946,488797
427000,65536,36,33,3,874446823,36,874512359,427000,48703,14.7844,27508,1942,0x0000000000,20883,12677,0,956,489770,48706,14.7846,27513,956,489753
428000,65536,36,33,3,876543964,36,876609500,428000,48781,14.8001,27687,1919,0x0000000000,5,2,0,954,490724,48787,14.8007,27696,953,490706
429000,65536,36,33,3,878575585,36,878641121,429000,48920,14.8110,27735,1850,0x0000000000,20799,12581,0,969,491693,48921,14.8109,27737,969,491675
430000,65536,36,33,3,880607204,36,880672740,430000,48688,14.7836,27527,1946,0x0000000000,20812,12464,0,987,492680,48686,14.7834,27526,987,492662
431000,65536,36,33,3,882638823,36,882704359,431000,48707,14.7950,27492,1868,0x0000000000,20710,12433,0,1018,493698,48707,14.7949,27491,1018,493680
432000,65536,36,33,3,884735964,36,884801500,432000,48683,14.7906,27618,1899,0x0000000000,9,1,0,927,494625,48682,14.7906,27618,926,494606
433000,65536,36,33,3,886767585,36,886833121,433000,48717,14.7932,27521,1922,0x0000000000,20684,12657,0,952,495577,48712,14.7929,27524,951,495557
434000,65536,36,33,3,888799204,36,888864740,434000,48853,14.7944,27647,1950,0x0000000000,20695,12572,0,985,496562,48856,14.7947,27647,985,496542
435000,65536,36,33,3,890830823,36,890896359,435000,48746,14.8169,27386,1795,0x0000000000,20665,12542,0,967,497529,48747,14.8170,27391,968,497510
436000,65536,36,33,3,892927964,36,892993500,436000,48702,14.7878,27582,1961,0x0000000000,5,2,0,964,498493,48701,14.7879,27580,965,498475
437000,65536,36,33,3,894959585,36,895025121,437000,48690,14.7902,27461,1969,0x0000000000,20660,12374,0,924,499417,48686,14.7900,27459,924,499399
438000,65536,36,33,3,896991204,36,897056740,438000,48756,14.7869,27375,2005,0x0000000000,20687,12505,0,959,500376,48751,14.7866,27376,960,500359
439000,65536,36,33,3,899022823,36,899088359,439000,48713,14.7951,27605,1933,0x0000000000,20847,12733,0,1047,501423,48710,14.7947,27602,1047,501406
440000,65536,36,33,3,901119964,36,901185500,440000,48913,14.8151,27595,1912,0x0000000000,5,6,0,969,502392,48910,14.8149,27594,970,502376
441000,65536,36,33,3,903151585,36,903217121,441000,48776,14.8057,27543,1911,0x0000000000,20701,12544,0,926,503318,48775,14.8057,27542,927,503303
442000,65536,36,33,3,905183204,36,905248740,442000,48886,14.8084,27618,1886,0x0000000000,20721,12438,0,938,504256,48883,14.8084,27617,938,504241
443000,65536,36,33,3,907214823,36,907280359,443000,48511,14.7722,27228,1996,0x0000000000,20738,12653,0,974,505230,48512,14.7723,27231,974,505215
444000,65536,36,33,3,909311964,36,909377500,444000,48714,14.7971,27406,1890,0x0000000000,9,5,0,987,506217,48714,14.7973,27405,987,506202
445000,65536,36,33,3,911343585,36,911409121,445000,48652,14.7922,27392,1928,0x0000000000,20679,12539,0,934,507151,48650,14.7922,27387,937,507139
446000,65536,36,33,3,913375204,36,913440740,446000,48612,14.7773,27301,1982,0x0000000000,20524,12494,0,978,508129,48610,14.7772,27305,976,508115
447000,65536,36,33,3,915406823,36,915472359,447000,48661,14.7948,27337,1938,0x0000000000,20726,12553,0,982,509111,48662,14.7949,27342,982,509097
448000,65536,36,33,3,917503964,36,917569500,448000,48606,14.7818,27327,1977,0x0000000000,10,3,0,972,510083,48607,14.7820,27330,972,510069
449000,65536,36,33,3,919535585,36,919601121,449000,48651,14.7925,27214,1931,0x0000000000,20799,12450,0,985,511068,48650,14.7925,27211,985,511054
450000,65536,36,33,3,921567204,36,921632740,450000,48904,14.8063,27516,1929,0x0000000000,20666,12331,0,904,511972,48909,14.8065,27520,905,511959
451000,65536,36,33,3,923598823,36,923664359,451000,48597,14.7667,27331,2013,0x0000000000,20525,12489,0,911,512883,48597,14.7666,27334,910,512869
452000,65536,36,33,3,925695964,36,925761500,452000,48769,14.7995,27397,1886,0x0000000000,7,3,0,971,513854,48770,14.7993,27398,971,513840
453000,65536,36,33,3,927727585,36,927793121,453000,48754,14.8029,27495,1876,0x0000000000,20472,12454,0,919,514773,48756,14.8031,27496,919,514759
454000,65536,36,33,3,929759204,36,929824740,454000,48658,14.7883,27211,1914,0x0000000000,20662,12386,0,933,515706,48659,14.7881,27216,932,515691
455000,65536,36,33,3,931790823,36,931856359,455000,48782,14.7939,27533,1950,0x0000000000,20696,12479,0,957,516663,48788,14.7941,27543,953,516644
456000,65536,36,33,3,933887964,36,933953500,456000,48739,14.7980,27312,1888,0x0000000000,6,1,0,933,517596,48737,14.7979,27310,933,517577
457000,65536,36,33,3,935919585,36,935985121,457000,48941,14.8087,27454,1933,0x0000000000,20836,12481,0,957,518553,48942,14.8087,27453,957,518534
458000,65536,36,33,3,937951204,36,938016740,458000,48809,14.8055,27495,1880,0x0000000000,20629,12727,0,951,519504,48810,14.8055,27500,951,519485
459000,65536,36,33,3,939982823,36,940048359,459000,48951,14.8184,27485,1890,0x0000000000,20645,12401,0,968,520472,48951,14.8184,27486,968,520453
460000,65536,37,34,3,942079963,37,942145499,460000,48636,14.7846,27207,1945,0x0000000000,8,3,0,919,521391,48636,14.7846,27212,919,521372
461000,65536,37,34,3,944111584,37,944177120,461000,48791,14.8028,27318,1907,0x0000000000,20495,12490,0,968,522359,48789,14.8029,27315,968,522340
462000,65536,37,34,3,946143203,37,946208739,462000,48986,14.8326,27544,1828,0x0000000000,20801,12413,0,951,523310,48985,14.8327,27543,952,523292
463000,65536,37,34,3,948174822,37,948240358,463000,48830,14.8101,27442,1901,0x0000000000,20705,12245,0,973,524283,48831,14.8104,27446,973,524265
464000,65536,37,34,3,950271963,37,950337499,464000,48583,14.7874,27205,1905,0x0000000000,5,1,0,956,525239,48582,14.7873,27202,956,525221
465000,65536,37,34,3,952303584,37,952369120,465000,48684,14.7963,27378,1934,0x0000000000,20670,12579,0,981,526220,48686,14.7965,27377,982,526203
466000,65536,37,34,3,954335203,37,954400739,466000,48753,14.8018,27399,1916,0x0000000000,20702,12627,0,957,527177,48753,14.8015,27401,957,527160
467000,65536,38,35,3,956366821,38,956432357,467000,48842,14.8092,27279,1831,0x0000000000,20891,12455,0,923,528100,48842,14.8094,27287,922,528082
468000,65536,38,35,3,958463962,38,958529498,468000,48741,14.7975,27193,1952,0x0000000000,4,3,0,959,529059,48741,14.7975,27198,958,529040
469000,65536,38,35,3,960495583,38,960561119,469000,48741,14.8080,27143,1839,0x0000000000,20483,12358,0,959,530018,48737,14.8076,27142,958,529998
470000,65536,38,35,3,962527202,38,962592738,470000,48797,14.8013,27497,1960,0x0000000000,20620,12456,0,905,530923,48796,14.8015,27501,905,530903
471000,65536,38,35,3,964558821,38,964624357,471000,48868,14.8128,27376,1854,0x0000000000,20850,12359,0,913,531836,48865,14.8125,27373,915,531818
472000,65536,38,35,3,966655962,38,966721498,472000,48904,14.8036,27396,1940,0x0000000000,6,1,0,917,532753,48903,14.8036,27395,918,532736
473000,65536,38,35,3,968687583,38,968753119,473000,48680,14.7875,27221,1917,0x0000000000,20490,12179,0,928,533681,48680,14.7876,27221,928,533664
474000,65536,38,35,3,970719202,38,970784738,474000,48883,14.8078,27191,1932,0x0000000000,20560,12345,0,938,534619,48880,14.8076,27191,938,534602
475000,65536,38,35,3,972750821,38,972816357,475000,48759,14.8032,27223,1885,0x0000000000,20434,12148,0,952,535571,48756,14.8029,27225,951,535553
476000,65536,38,35,3,974847962,38,974913498,476000,48786,14.7982,27443,1905,0x0000000000,5,1,0,883,536454,48787,14.7983,27443,882,536435
477000,65536,38,35,3,976879583,38,976945119,477000,48760,14.8028,27243,1866,0x0000000000,20715,12373,0,910,537364,48763,14.8029,27241,910,537345
478000,65536,38,35,3,978911202,38,978976738,478000,48919,14.8102,27539,1881,0x0000000000,20723,12544,0,938,538302,48916,14.8100,27540,938,538283
479000,65536,38,35,3,980942821,38,981008357,479000,48958,14.8191,27263,1896,0x0000000000,20878,12327,0,921,539223,48957,14.8188,27263,920,539203
480000,65536,38,35,3,983039962,38,983105498,480000,48907,14.8110,27417,1872,0x0000000000,8,2,0,914,540137,48908,14.8108,27413,913,540116
481000,65536,38,35,3,985071583,38,985137119,481000,48853,14.8237,27221,1825,0x0000000000,20776,12247,0,970,541107,48853,14.8232,27225,969,541085
482000,65536,38,35,3,987103202,38,987168738,482000,48939,14.8219,27272,1832,0x0000000000,20613,12425,0,949,542056,48940,14.8220,27276,949,542034
483000,65536,39,36,3,989134820,39,989200356,483000,48817,14.7984,27227,1889,0x0000000000,20745,12438,0,884,542940,48817,14.7984,27227,884,542918
484000,65536,39,36,3,991231961,39,991297497,484000,48767,14.7947,27059,1925,0x0000000000,7,2,0,974,543914,48767,14.7946,27064,974,543892
485000,65536,39,36,3,993263582,39,993329118,485000,48777,14.8153,27130,1840,0x0000000000,20818,12375,0,986,544900,48778,14.8152,27135,985,544877
486000,65536,40,37,3,995295200,40,995360736,486000,48752,14.8093,27269,1884,0x0000000000,20765,12310,0,955,545855,48754,14.8097,27276,954,545831
487000,65536,40,37,3,997326819,40,997392355,487000,48838,14.8219,26996,1834,0x0000000000,20802,12332,0,990,546845,48837,14.8219,26997,990,546821
488000,65536,40,37,3,999423960,40,999489496,488000,48787,14.8112,27089,1804,0x0000000000,8,2,0,960,547805,48786,14.8113,27090,960,547781
489000,65536,40,37,3,1001455581,40,1001521117,489000,48918,14.8086,27373,1934,0x0000000000,20593,12205,0,954,548759,48917,14.8085,27373,953,548734
490000,65536,40,37,3,1003487200,40,1003552736,490000,48987,14.8193,27234,1841,0x0000000000,20697,12361,0,926,549685,48988,14.8197,27240,926,549660
491000,65536,40,37,3,1005518819,40,1005584355,491000,48862,14.8257,27125,1868,0x0000000000,20711,12430,0,1021,550706,48870,14.8264,27134,1021,550681
492000,65536,40,37,3,1007615960,40,1007681496,492000,48611,14.8096,26846,1847,0x0000000000,6,6,0,959,551665,48609,14.8094,26844,960,551641
493000,65536,40,37,3,1009647581,40,1009713117,493000,48923,14.8225,27297,1902,0x0000000000,20708,12583,0,955,552620,48924,14.8229,27293,955,552596
494000,65536,40,37,3,1011679200,40,1011744736,494000,48858,14.8282,27081,1810,0x0000000000,20710,12204,0,953,553573,48858,14.8282,27082,954,553550
495000,65536,41,37,4,1013710818,41,1013776354,495000,49034,14.8254,27341,1843,0x0000000000,20665,12334,0,936,554509,49034,14.8254,27344,936,554486
496000,65536,41,37,4,1015807959,41,1015873495,496000,48885,14.8134,27171,1885,0x0000000000,8,4,0,918,555427,48885,14.8134,27169,918,555404
497000,65536,41,37,4,1017839580,41,1017905116,497000,49089,14.8437,27406,1789,0x0000000000,20669,12443,0,947,556374,49090,14.8439,27406,947,556351
498000,65536,41,37,4,1019871199,41,1019936735,498000,49043,14.8316,27432,1888,0x0000000000,20630,12414,0,911,557285,49045,14.8316,27432,910,557261
499000,65536,41,37,4,1021902818,41,1021968354,499000,48908,14.8237,27060,1857,0x0000000000,20591,12386,0,972,558257,48908,14.8240,27060,972,558233
500000,65536,41,37,4,1023999959,41,1024065495,500000,48828,14.8121,27170,1866,0x0000000000,7,2,0,927,559184,48828,14.8121,27171,926,559159
501000,65536,41,37,4,1026031580,41,1026097116,501000,48972,14.8364,27266,1794,0x0000000000,20713,12472,0,910,560094,48972,14.8364,27264,910,560069
502000,65536,41,37,4,1028063199,41,1028128735,502000,48908,14.8235,27247,1871,0x0000000000,20811,12384,0,913,561007,48909,14.8238,27249,913,560982
503000,65536,41,37,4,1030094818,41,1030160354,503000,48736,14.8124,26984,1805,0x0000000000,20723,12324,0,966,561973,48737,14.8126,26987,968,561950
504000,65536,41,37,4,1032191959,41,1032257495,504000,48774,14.8131,26816,1915,0x0000000000,7,4,0,974,562947,48773,14.8130,26817,974,562924
505000,65536,41,37,4,1034223580,41,1034289116,505000,48881,14.8253,27260,1816,0x0000000000,20805,12148,0,935,563882,48881,14.8254,27262,935,563859
506000,65536,41,37,4,1036255199,41,1036320735,506000,48752,14.8167,27120,1822,0x0000000000,20599,12276,0,950,564832,48752,14.8168,27119,950,564809
507000,65536,41,37,4,1038286818,41,1038352354,507000,48992,14.8367,27350,1800,0x0000000000,20771,12255,0,968,565800,48999,14.8376,27354,968,565777
508000,65536,41,37,4,1040383959,41,1040449495,508000,49047,14.8428,27215,1797,0x0000000000,7,3,0,949,566749,49052,14.8431,27220,949,566726
509000,65536,41,37,4,1042415580,41,1042481116,509000,48985,14.8253,27188,1822,0x0000000000,20606,12268,0,906,567655,48984,14.8250,27189,907,567633
510000,65536,41,37,4,1044447199,41,1044512735,510000,48860,14.8293,27248,1764,0x0000000000,20640,12289,0,934,568589,48859,14.8292,27245,935,568568
511000,65536,41,37,4,1046478818,41,1046544354,511000,48960,14.8249,27231,1808,0x0000000000,20718,12422,0,866,569455,48964,14.8254,27233,866,569434
512000,65536,41,37,4,1048575959,41,1048641495,512000,49037,14.8325,27209,1846,0x0000000000,8,3,0,972,570427,49037,14.8328,27207,972,570406
513000,65536,41,37,4,1050607580,41,1050673116,513000,49023,14.8312,27257,1873,0x0000000000,20619,12333,0,901,571328,49022,14.8312,27255,901,571307
514000,65536,41,37,4,1052639199,41,1052704735,514000,48985,14.8278,27249,1824,0x0000000000,20802,12411,0,941,572269,48985,14.8277,27248,942,572249
515000,65536,41,37,4,1054670818,41,1054736354,515000,48877,14.8161,27021,1888,0x0000000000,20789,12460,0,914,573183,48882,14.8164,27024,914,573163
516000,65536,41,37,4,1056767959,41,1056833495,516000,49254,14.8538,27432,1798,0x0000000000,7,4,0,888,574071,49255,14.8540,27429,888,574051
517000,65536,41,37,4,1058799580,41,1058865116,517000,48934,14.8284,27112,1835,0x0000000000,20705,12345,0,979,575050,48935,14.8283,27115,977,575028
518000,65536,41,37,4,1060831199,41,1060896735,518000,48901,14.8331,26882,1759,0x0000000000,20605,12287,0,905,575955,48899,14.8332,26879,907,575935
519000,65536,41,37,4,1062862818,41,1062928354,519000,48940,14.8387,27176,1787,0x0000000000,20670,12212,0,933,576888,48943,14.8387,27180,933,576868
520000,65536,41,37,4,1064959959,41,1065025495,520000,49004,14.8248,27205,1830,0x0000000000,9,0,0,946,577834,49004,14.8248,27204,946,577814
521000,65536,41,37,4,1066991580,41,1067057116,521000,49059,14.8216,27275,1902,0x0000000000,20670,12206,0,928,578762,49059,14.8217,27276,928,578742
522000,65536,41,37,4,1069023199,41,1069088735,522000,48992,14.8341,26955,1794,0x0000000000,20687,12336,0,945,579707,48994,14.8342,26956,946,579688
523000,65536,41,37,4,1071054818,41,1071120354,523000,49090,14.8508,27231,1759,0x0000000000,20555,12207,0,876,580583,49088,14.8506,27225,875,580563
524000,65536,41,37,4,1073151959,41,1073217495,524000,49222,14.8499,27336,1790,0x0000000000,9,1,0,898,581481,49223,14.8501,27338,898,581461
525000,65536,41,37,4,1075183580,41,1075249116,525000,49073,14.8305,27165,1827,0x0000000000,20638,12127,0,927,582408,49072,14.8305,27158,929,582390
526000,65536,41,37,4,1077215199,41,1077280735,526000,49064,14.8379,27304,1814,0x0000000000,20657,12222,0,977,583385,49067,14.8382,27304,977,583367
527000,65536,41,37,4,1079246818,41,1079312354,527000,49077,14.8415,27293,1783,0x0000000000,20534,12178,0,877,584262,49079,14.8415,27289,877,584244
528000,65536,41,37,4,1081343959,41,1081409495,528000,49134,14.8417,27300,1814,0x0000000000,6,3,0,894,585156,49137,14.8419,27299,895,585139
529000,65536,41,37,4,1083375580,41,1083441116,529000,48981,14.8399,27275,1828,0x0000000000,20857,12223,0,992,586148,48981,14.8400,27271,995,586134
530000,65536,41,37,4,1085407199,41,1085472735,530000,49056,14.8359,27239,1792,0x0000000000,20715,12052,0,894,587042,49056,14.8359,27240,894,587028
531000,65536,41,37,4,1087438818,41,1087504354,531000,49067,14.8299,27290,1835,0x0000000000,20522,12318,0,911,587953,49069,14.8299,27289,911,587939
532000,65536,41,37,4,1089535959,41,1089601495,532000,48909,14.8099,26964,1952,0x0000000000,8,5,0,903,588856,48906,14.8099,26962,905,588844
533000,65536,41,37,4,1091567580,41,1091633116,533000,49090,14.8287,27062,1869,0x0000000000,20527,12298,0,895,589751,49092,14.8291,27057,897,589741
534000,65536,41,37,4,1093599199,41,1093664735,534000,48914,14.8299,26893,1823,0x0000000000,20567,12071,0,911,590662,48916,14.8302,26894,911,590652
535000,65536,41,37,4,1095630818,41,1095696354,535000,48974,14.8436,26900,1701,0x0000000000,20445,12118,0,917,591579,48976,14.8438,26900,917,591569
536000,65536,41,37,4,1097727959,41,1097793495,536000,49045,14.8353,26985,1792,0x0000000000,6,2,0,939,592518,49048,14.8356,26988,938,592507
537000,65536,41,37,4,1099759580,41,1099825116,537000,48893,14.8214,26805,1848,0x0000000000,20516,11984,0,960,593478,48894,14.8214,26809,960,593467
538000,65536,41,37,4,1101791199,41,1101856735,538000,49073,14.8438,26982,1804,0x0000000000,20599,12323,0,964,594442,49074,14.8439,26982,964,594431
539000,65536,41,37,4,1103822818,41,1103888354,539000,48893,14.8207,26956,1821,0x0000000000,20668,12221,0,893,595335,48890,14.8203,26951,894,595325
540000,65536,41,37,4,1105919959,41,1105985495,540000,49190,14.8485,27210,1751,0x0000000000,8,1,0,872,596207,49190,14.8484,27209,872,596197
541000,65536,41,37,4,1107951580,41,1108017116,541000,49142,14.8437,27234,1781,0x0000000000,20672,12173,0,912,597119,49145,14.8441,27240,911,597108
542000,65536,41,37,4,1109983199,41,1110048735,542000,49018,14.8359,27052,1809,0x0000000000,20562,12083,0,932,598051,49022,14.8363,27053,932,598040
543000,65536,41,37,4,1112014818,41,1112080354,543000,48939,14.8289,26874,1839,0x0000000000,20760,12205,0,922,598973,48940,14.8289,26877,922,598962
544000,65536,41,37,4,1114111959,41,1114177495,544000,48975,14.8297,26954,1778,0x0000000000,6,2,0,974,599947,48976,14.8299,26952,974,599936
545000,65536,41,37,4,1116143580,41,1116209116,545000,49259,14.8503,27049,1799,0x0000000000,20694,11998,0,882,600829,49257,14.8503,27045,882,600818
546000,65536,41,37,4,1118175199,41,1118240735,546000,49077,14.8509,27050,1755,0x0000000000,20751,12071,0,981,601810,49076,14.8509,27044,981,601799
547000,65536,41,37,4,1120206818,41,1120272354,547000,48999,14.8202,26942,1790,0x0000000000,20511,12097,0,950,602760,48999,14.8200,26943,949,602748
548000,65536,41,37,4,1122303959,41,1122369495,548000,49313,14.8559,27207,1823,0x0000000000,8,3,0,886,603646,49310,14.8557,27202,886,603634
549000,65536,41,37,4,1124335580,41,1124401116,549000,49084,14.8301,27034,1884,0x0000000000,20852,12160,0,958,604604,49085,14.8299,27033,957,604591
550000,65536,42,38,4,1126367198,42,1126432734,550000,49005,14.8301,26994,1809,0x0000000000,20469,12042,0,864,605468,49001,14.8296,26991,864,605455
551000,65536,42,38,4,1128398817,42,1128464353,551000,49115,14.8554,26794,1729,0x0000000000,20776,12030,0,968,606436,49116,14.8554,26796,968,606423
552000,65536,42,38,4,1130495958,42,1130561494,552000,48992,14.8285,27010,1823,0x0000000000,3,3,0,951,607387,48988,14.8285,27004,953,607376
553000,65536,42,38,4,1132527579,42,1132593115,553000,49000,14.8391,26754,1754,0x0000000000,20725,11987,0,918,608305,49000,14.8390,26748,918,608294
554000,65536,42,38,4,1134559198,42,1134624734,554000,49066,14.8399,27050,1792,0x0000000000,20631,12169,0,936,609241,49068,14.8402,27049,935,609229
555000,65536,42,38,4,1136590817,42,1136656353,555000,48984,14.8472,26837,1760,0x0000000000,20806,12266,0,992,610233,48984,14.8470,26841,991,610220
556000,65536,42,38,4,1138687958,42,1138753494,556000,49175,14.8517,26969,1803,0x0000000000,9,2,0,972,611205,49177,14.8521,26976,971,611191
557000,65536,42,38,4,1140719579,42,1140785115,557000,49113,14.8536,27121,1741,0x0000000000,20624,12026,0,935,612140,49114,14.8539,27122,934,612125
558000,65536,43,39,4,1142751197,43,1142816733,558000,49123,14.8472,26935,1768,0x0000000000,20566,12206,0,946,613086,49121,14.8470,26934,946,613071
559000,65536,43,39,4,1144782816,43,1144848352,559000,49093,14.8441,26944,1784,0x0000000000,20704,12186,0,947,614033,49098,14.8445,26948,946,614017
560000,65536,43,39,4,1146879957,43,1146945493,560000,49014,14.8389,26924,1748,0x0000000000,7,2,0,941,614974,49013,14.8388,26925,941,614958
561000,65536,43,39,4,1148911578,43,1148977114,561000,48913,14.8326,26822,1765,0x0000000000,20720,12081,0,939,615913,48910,14.8322,26816,940,615898
562000,65536,43,39,4,1150943197,43,1151008733,562000,49070,14.8294,26910,1860,0x0000000000,20707,12088,0,908,616821,49075,14.8296,26915,906,616804
563000,65536,43,39,4,1152974816,43,1153040352,563000,48973,14.8363,26812,1800,0x0000000000,20587,12059,0,926,617747,48972,14.8362,26813,925,617729
564000,65536,43,39,4,1155071957,43,1155137493,564000,49202,14.8546,27017,1754,0x0000000000,8,3,0,938,618685,49204,14.8548,27023,937,618666
565000,65536,43,39,4,1157103578,43,1157169114,565000,49141,14.8416,27034,1779,0x0000000000,20631,12088,0,901,619586,49140,14.8415,27028,902,619568
566000,65536,43,39,4,1159135197,43,1159200733,566000,49188,14.8385,27006,1829,0x0000000000,20562,12210,0,930,620516,49186,14.8386,27004,930,620498
567000,65536,43,39,4,1161166816,43,1161232352,567000,49208,14.8460,26899,1812,0x0000000000,20642,12083,0,937,621453,49212,14.8464,26904,937,621435
568000,65536,43,39,4,1163263957,43,1163329493,568000,49162,14.8543,26768,1668,0x0000000000,7,3,0,915,622368,49164,14.8544,26768,914,622349
569000,65536,43,39,4,1165295578,43,1165361114,569000,49277,14.8536,27062,1744,0x0000000000,20601,12208,0,930,623298,49278,14.8535,27058,930,623279
570000,65536,43,39,4,1167327197,43,1167392733,570000,49147,14.8524,26906,1717,0x0000000000,20681,12076,0,944,624242,49149,14.8523,26905,943,624222
571000,65536,43,39,4,1169358816,43,1169424352,571000,49212,14.8479,26841,1770,0x0000000000,20741,12118,0,934,625176,49216,14.8481,26840,934,625156
572000,65536,43,39,4,1171455957,43,1171521493,572000,49023,14.8391,26595,1754,0x0000000000,6,2,0,969,626145,49026,14.8393,26598,969,626125
573000,65536,43,39,4,1173487578,43,1173553114,573000,49197,14.8524,26848,1759,0x0000000000,20623,12160,0,938,627083,49196,14.8523,26846,940,627065
574000,65536,43,39,4,1175519197,43,1175584733,574000,49170,14.8547,26893,1740,0x0000000000,20781,12048,0,918,628001,49167,14.8545,26890,918,627983
575000,65536,43,39,4,1177550816,43,1177616352,575000,49116,14.8474,26859,1781,0x0000000000,20647,12155,0,930,628931,49114,14.8473,26857,930,628913
576000,65536,43,39,4,1179647957,43,1179713493,576000,49112,14.8556,26853,1701,0x0000000000,9,1,0,925,629856,49111,14.8555,26848,925,629838
577000,65536,43,39,4,1181679578,43,1181745114,577000,49152,14.8554,26960,1713,0x0000000000,20773,11994,0,936,630792,49149,14.8550,26958,936,630774
578000,65536,43,39,4,1183711197,43,1183776733,578000,49290,14.8527,26924,1810,0x0000000000,20557,11872,0,897,631689,49290,14.8527,26924,897,631671
579000,65536,43,39,4,1185742816,43,1185808352,579000,49222,14.8507,26883,1715,0x0000000000,20597,12125,0,881,632570,49222,14.8508,26880,881,632552
580000,65536,43,39,4,1187839957,43,1187905493,580000,48952,14.8346,26745,1768,0x0000000000,8,1,0,889,633459,48949,14.8343,26745,889,633441
581000,65536,43,39,4,1189871578,43,1189937114,581000,48988,14.8336,26754,1741,0x0000000000,20750,11970,0,960,634419,48991,14.8339,26758,959,634400
582000,65536,43,39,4,1191903197,43,1191968733,582000,49254,14.8349,27107,1808,0x0000000000,20535,12025,0,894,635313,49252,14.8348,27109,894,635294
583000,65536,43,39,4,1193934816,43,1194000352,583000,49045,14.8434,26619,1723,0x0000000000,20639,11997,0,914,636227,49045,14.8434,26619,914,636208
584000,65536,43,39,4,1196031957,43,1196097493,584000,49157,14.8382,26895,1793,0x0000000000,6,1,0,913,637140,49153,14.8381,26889,914,637122
585000,65536,43,39,4,1198063578,43,1198129114,585000,49045,14.8305,26775,1872,0x0000000000,20860,12016,0,930,638070,49047,14.8307,26778,928,638050
586000,65536,43,39,4,1200095197,43,1200160733,586000,49158,14.8404,26780,1799,0x0000000000,20742,12073,0,937,639007,49159,14.8404,26782,937,638987
587000,65536,43,39,4,1202126816,43,1202192352,587000,49116,14.8462,26796,1738,0x0000000000,20693,12088,0,931,639938,49118,14.8463,26799,932,639919
588000,65536,43,39,4,1204223957,43,1204289493,588000,49149,14.8525,26810,1781,0x0000000000,6,2,0,891,640829,49147,14.8526,26802,894,640813
589000,65536,43,39,4,1206255578,43,1206321114,589000,49174,14.8522,26781,1817,0x0000000000,20666,12063,0,904,641733,49172,14.8521,26779,904,641717
590000,65536,43,39,4,1208287197,43,1208352733,590000,49351,14.8612,26938,1765,0x0000000000,20892,12176,0,929,642662,49349,14.8611,26937,928,642645
591000,65536,43,39,4,1210318816,43,1210384352,591000,49269,14.8600,26766,1723,0x0000000000,20554,12032,0,887,643549,49271,14.8601,26766,887,643532
592000,65536,43,39,4,1212415957,43,1212481493,592000,49229,14.8574,26873,1761,0x0000000000,8,4,0,944,644493,49229,14.8573,26873,942,644474
593000,65536,43,39,4,1214447578,43,1214513114,593000,49100,14.8414,26726,1812,0x0000000000,20518,11966,0,923,645416,49102,14.8415,26729,923,645397
594000,65536,43,39,4,1216479197,43,1216544733,594000,49054,14.8372,26622,1832,0x0000000000,20693,12163,0,1023,646439,49050,14.8368,26617,1022,646419
595000,65536,43,39,4,1218510816,43,1218576352,595000,49179,14.8544,26905,1712,0x0000000000,20678,12121,0,869,647308,49179,14.8542,26903,870,647289
596000,65536,43,39,4,1220607957,43,1220673493,596000,49030,14.8468,26687,1703,0x0000000000,7,2,0,882,648190,49031,14.8469,26686,882,648171
597000,65536,43,39,4,1222639578,43,1222705114,597000,49172,14.8459,26827,1754,0x0000000000,20592,12024,0,891,649081,49176,14.8465,26827,891,649062
598000,65536,43,39,4,1224671197,43,1224736733,598000,49307,14.8565,26839,1746,0x0000000000,20691,12096,0,909,649990,49305,14.8565,26841,909,649971
599000,65536,43,39,4,1226702816,43,1226768352,599000,49143,14.8425,26656,1771,0x0000000000,20609,12041,0,915,650905,49144,14.8424,26655,915,650886
600000,65536,43,39,4,1228799957,43,1228865493,600000,49189,14.8466,26796,1789,0x0000000000,6,2,0,928,651833,49188,14.8466,26793,927,651813
601000,65536,43,39,4,1230831578,43,1230897114,601000,49253,14.8529,26839,1745,0x0000000000,20664,12070,0,906,652739,49252,14.8526,26838,906,652719
602000,65536,43,39,4,1232863197,43,1232928733,602000,49234,14.8532,26726,1724,0x0000000000,20565,11893,0,926,653665,49236,14.8535,26727,927,653646
603000,65536,43,39,4,1234894816,43,1234960352,603000,49222,14.8565,26702,1735,0x0000000000,20818,11923,0,925,654590,49226,14.8566,26709,924,654570
604000,65536,43,39,4,1236991957,43,1237057493,604000,49224,14.8516,26666,1743,0x0000000000,7,2,0,895,655485,49222,14.8512,26661,895,655465
605000,65536,43,39,4,1239023578,43,1239089114,605000,49112,14.8462,26742,1812,0x0000000000,20691,12102,0,987,656472,49112,14.8463,26742,987,656452
606000,65536,43,39,4,1241055197,43,1241120733,606000,49123,14.8407,26554,1812,0x0000000000,20551,11929,0,950,657422,49123,14.8406,26557,950,657402
607000,65536,43,39,4,1243086816,43,1243152352,607000,49195,14.8501,26776,1772,0x0000000000,20784,12104,0,912,658334,49196,14.8501,26779,912,658314
608000,65536,43,39,4,1245183957,43,1245249493,608000,49247,14.8573,26685,1733,0x0000000000,7,8,0,939,659273,49248,14.8574,26686,938,659252
609000,65536,43,39,4,1247215578,43,1247281114,609000,49026,14.8472,26570,1722,0x0000000000,20504,11715,0,897,660170,49027,14.8474,26570,898,660150
610000,65536,43,39,4,1249247197,43,1249312733,610000,49283,14.8577,26624,1796,0x0000000000,20570,12140,0,963,661133,49283,14.8573,26626,965,661115
611000,65536,44,40,4,1251278815,44,1251344351,611000,49279,14.8632,26758,1730,0x0000000000,20590,12099,0,921,662054,49278,14.8632,26759,920,662035
612000,65536,44,40,4,1253375956,44,1253441492,612000,48965,14.8287,26494,1797,0x0000000000,8,4,0,931,662985,48964,14.8287,26490,931,662966
613000,65536,44,40,4,1255407577,44,1255473113,613000,49187,14.8479,26538,1769,0x0000000000,20542,11827,0,895,663880,49190,14.8481,26542,892,663858
614000,65536,44,40,4,1257439196,44,1257504732,614000,49184,14.8516,26550,1727,0x0000000000,20559,11905,0,884,664764,49188,14.8517,26555,884,664742
615000,65536,44,40,4,1259470815,44,1259536351,615000,49248,14.8681,26489,1690,0x0000000000,20637,11930,0,928,665692,49253,14.8686,26495,927,665669
616000,65536,44,40,4,1261567956,44,1261633492,616000,49227,14.8540,26653,1739,0x0000000000,7,3,0,949,666641,49227,14.8540,26654,949,666618
617000,65536,44,40,4,1263599577,44,1263665113,617000,49190,14.8580,26547,1723,0x0000000000,20807,11848,0,876,667517,49187,14.8579,26541,877,667495
618000,65536,44,40,4,1265631196,44,1265696732,618000,49084,14.8352,26592,1823,0x0000000000,20561,11773,0,877,668394,49083,14.8351,26593,877,668372
619000,65536,44,40,4,1267662815,44,1267728351,619000,49104,14.8506,26413,1722,0x0000000000,20595,11905,0,916,669310,49104,14.8504,26414,916,669288
620000,65536,44,40,4,1269759956,44,1269825492,620000,49300,14.8625,26826,1723,0x0000000000,7,3,0,890,670200,49300,14.8626,26827,891,670179
621000,65536,46,42,4,1271791575,46,1271857111,621000,49272,14.8524,26709,1723,0x0000000000,20534,12084,0,852,671052,49271,14.8522,26713,851,671030
622000,65536,46,42,4,1273823194,46,1273888730,622000,49340,14.8723,26845,1706,0x0000000000,20786,12192,0,925,671977,49339,14.8722,26843,925,671955
623000,65536,46,42,4,1275854813,46,1275920349,623000,49295,14.8741,26643,1672,0x0000000000,20616,11857,0,938,672915,49292,14.8742,26641,938,672893
624000,65536,46,42,4,1277951954,46,1278017490,624000,49126,14.8542,26455,1698,0x0000000000,6,0,0,898,673813,49126,14.8540,26458,899,673792
625000,65536,46,42,4,1279983575,46,1280049111,625000,49166,14.8605,26646,1706,0x0000000000,20489,11899,0,906,674719,49162,14.8603,26643,905,674697
626000,65536,46,42,4,1282015194,46,1282080730,626000,49212,14.8521,26432,1796,0x0000000000,20624,11984,0,917,675636,49215,14.8522,26436,915,675612
627000,65536,46,42,4,1284046813,46,1284112349,627000,49215,14.8480,26671,1761,0x0000000000,20860,11975,0,946,676582,49211,14.8478,26672,945,676557
628000,65536,46,42,4,1286143954,46,1286209490,628000,49378,14.8795,26731,1674,0x0000000000,7,4,0,935,677517,49382,14.8798,26739,934,677491
629000,65536,46,42,4,1288175575,46,1288241111,629000,49096,14.8461,26336,1703,0x0000000000,20617,11956,0,955,678472,49097,14.8462,26333,956,678447
630000,65536,46,42,4,1290207194,46,1290272730,630000,49211,14.8514,26574,1768,0x0000000000,20482,11847,0,891,679363,49213,14.8519,26576,890,679337
631000,65536,46,42,4,1292238813,46,1292304349,631000,49335,14.8562,26790,1785,0x0000000000,20639,11766,0,841,680204,49335,14.8562,26786,840,680177
632000,65536,46,42,4,1294335954,46,1294401490,632000,49211,14.8637,26380,1721,0x0000000000,7,3,0,965,681169,49208,14.8635,26378,965,681142
633000,65536,46,42,4,1296367575,46,1296433111,633000,49396,14.8725,26856,1701,0x0000000000,20511,11940,0,892,682061,49394,14.8723,26856,892,682034
634000,65536,46,42,4,1298399194,46,1298464730,634000,49093,14.8401,26534,1746,0x0000000000,20629,11789,0,899,682960,49095,14.8400,26541,899,682933
635000,65536,46,42,4,1300430813,46,1300496349,635000,49070,14.8412,26468,1739,0x0000000000,20570,11812,0,887,683847,49068,14.8410,26466,888,683821
636000,65536,46,42,4,1302527954,46,1302593490,636000,49209,14.8439,26670,1810,0x0000000000,6,2,0,892,684739,49208,14.8436,26667,890,684711
637000,65536,46,42,4,1304559575,46,1304625111,637000,49233,14.8522,26501,1810,0x0000000000,20763,11936,0,917,685656,49236,14.8525,26505,917,685628
638000,65536,46,42,4,1306591194,46,1306656730,638000,49160,14.8505,26409,1754,0x0000000000,20718,11885,0,913,686569,49160,14.8504,26405,913,686541
639000,65536,46,42,4,1308622813,46,1308688349,639000,49088,14.8405,26559,1771,0x0000000000,20467,12055,0,926,687495,49085,14.8403,26559,926,687467
640000,65536,46,42,4,1310719954,46,1310785490,640000,49093,14.8346,26527,1822,0x0000000000,6,4,0,909,688404,49091,14.8345,26528,909,688376
641000,65536,46,42,4,1312751575,46,1312817111,641000,49417,14.8789,26688,1695,0x0000000000,20767,12021,0,1003,689407,49416,14.8788,26687,1003,689379
642000,65536,46,42,4,1314783194,46,1314848730,642000,49234,14.8577,26385,1790,0x0000000000,20413,11737,0,902,690309,49231,14.8575,26383,902,690281
643000,65536,46,42,4,1316814813,46,1316880349,643000,49286,14.8572,26563,1773,0x0000000000,20560,12032,0,912,691221,49290,14.8578,26567,912,691193
644000,65536,46,42,4,1318911954,46,1318977490,644000,49153,14.8461,26487,1772,0x0000000000,7,2,0,928,692149,49154,14.8462,26492,928,692121
645000,65536,46,42,4,1320943575,46,1321009111,645000,49247,14.8516,26519,1777,0x0000000000,20658,11863,0,902,693051,49249,14.8517,26520,903,693024
646000,65536,46,42,4,1322975194,46,1323040730,646000,49125,14.8393,26377,1799,0x0000000000,20696,11840,0,949,694000,49122,14.8393,26376,949,693973
647000,65536,47,43,4,1325006812,47,1325072348,647000,49458,14.8598,26538,1833,0x0000000000,20777,12098,0,853,694853,49458,14.8598,26538,852,694825
648000,65536,47,43,4,1327103953,47,1327169489,648000,49137,14.8503,26625,1774,0x0000000000,7,3,0,945,695798,49134,14.8501,26618,947,695772
649000,65536,47,43,4,1329135574,47,1329201110,649000,49280,14.8594,26354,1728,0x0000000000,20680,11761,0,894,696692,49281,14.8595,26354,894,696666
650000,65536,47,43,4,1331167193,47,1331232729,650000,49328,14.8649,26478,1740,0x0000000000,20982,12150,0,938,697630,49323,14.8642,26471,940,697606
651000,65536,47,43,4,1333198812,47,1333264348,651000,49118,14.8501,26432,1757,0x0000000000,20606,11742,0,903,698533,49119,14.8501,26433,901,698507
652000,65536,47,43,4,1335295953,47,1335361489,652000,49324,14.8659,26435,1707,0x0000000000,8,1,0,886,699419,49327,14.8661,26435,887,699394
653000,65536,47,43,4,1337327574,47,1337393110,653000,49436,14.8772,26643,1677,0x0000000000,20673,11879,0,898,700317,49435,14.8771,26644,898,700292
654000,65536,47,43,4,1339359193,47,1339424729,654000,49429,14.8741,26719,1734,0x0000000000,20909,12134,0,983,701300,49431,14.8745,26718,985,701277
655000,65536,47,43,4,1341390812,47,1341456348,655000,49360,14.8743,26552,1716,0x0000000000,20589,11849,0,910,702210,49363,14.8745,26554,909,702186
656000,65536,47,43,4,1343487953,47,1343553489,656000,49424,14.8723,26560,1713,0x0000000000,8,3,0,901,703111,49426,14.8727,26561,902,703088
657000,65536,47,43,4,1345519574,47,1345585110,657000,49397,14.8641,26561,1749,0x0000000000,20508,11884,0,865,703976,49395,14.8640,26558,866,703954
658000,65536,47,43,4,1347551193,47,1347616729,658000,49095,14.8369,26435,1788,0x0000000000,20598,11910,0,895,704871,49096,14.8369,26436,896,704850
659000,65536,47,43,4,1349582812,47,1349648348,659000,49192,14.8547,26360,1755,0x0000000000,20400,11757,0,907,705778,49189,14.8543,26357,907,705757
660000,65536,47,43,4,1351679953,47,1351745489,660000,49277,14.8463,26721,1777,0x0000000000,7,0,0,905,706683,49282,14.8468,26727,905,706662
661000,65536,47,43,4,1353711574,47,1353777110,661000,49296,14.8517,26476,1772,0x0000000000,20657,11879,0,873,707556,49294,14.8514,26475,873,707535
662000,65536,48,44,4,1355743192,48,1355808728,662000,49171,14.8469,26471,1741,0x0000000000,20542,11847,0,917,708473,49175,14.8472,26472,919,708454
663000,65536,48,44,4,1357774811,48,1357840347,663000,49260,14.8562,26522,1754,0x0000000000,20600,11922,0,901,709374,49264,14.8564,26522,900,709354
664000,65536,48,44,4,1359871952,48,1359937488,664000,49154,14.8395,26520,1783,0x0000000000,2,3,0,869,710243,49154,14.8394,26520,870,710224
665000,65536,48,44,4,1361903573,48,1361969109,665000,49211,14.8562,26453,1761,0x0000000000,20828,11727,0,928,711171,49212,14.8563,26450,927,711151
666000,65536,48,44,4,1363935192,48,1364000728,666000,49134,14.8402,26221,1777,0x0000000000,20705,11887,0,904,712075,49140,14.8407,26225,904,712055
667000,65536,48,44,4,1365966811,48,1366032347,667000,49127,14.8487,26281,1737,0x0000000000,20571,11707,0,964,713039,49129,14.8486,26282,963,713018
668000,65536,49,45,4,1368063951,49,1368129487,668000,49336,14.8635,26471,1753,0x0000000000,8,1,0,930,713969,49337,14.8634,26473,929,713947
669000,65536,49,45,4,1370095573,49,1370161109,669000,49283,14.8690,26479,1668,0x0000000000,20685,11836,0,892,714861,49284,14.8691,26475,893,714840
670000,65536,49,45,4,1372127191,49,1372192727,670000,49340,14.8640,26338,1748,0x0000000000,20701,11877,0,951,715812,49345,14.8647,26345,950,715790
671000,65536,49,45,4,1374158810,49,1374224346,671000,49157,14.8473,26418,1712,0x0000000000,20895,11890,0,911,716723,49157,14.8470,26417,911,716701
672000,65536,49,45,4,1376255951,49,1376321487,672000,49328,14.8554,26311,1767,0x0000000000,5,1,0,882,717605,49331,14.8556,26310,882,717583
673000,65536,49,45,4,1378287573,49,1378353109,673000,49302,14.8578,26511,1732,0x0000000000,20565,11883,0,879,718484,49303,14.8578,26510,879,718462
674000,65536,49,45,4,1380319191,49,1380384727,674000,49332,14.8612,26577,1794,0x0000000000,20614,11895,0,914,719398,49335,14.8617,26581,914,719376
675000,65536,49,45,4,1382350810,49,1382416346,675000,49374,14.8773,26497,1655,0x0000000000,20506,11761,0,875,720273,49371,14.8767,26494,874,720250
676000,65536,49,45,4,1384447951,49,1384513487,676000,49411,14.8682,26518,1741,0x0000000000,6,1,0,936,721209,49411,14.8685,26520,937,721187
677000,65536,49,45,4,1386479573,49,1386545109,677000,49466,14.8810,26463,1700,0x0000000000,20772,11800,0,885,722094,49470,14.8812,26461,885,722072
678000,65536,49,45,4,1388511191,49,1388576727,678000,49324,14.8641,26408,1749,0x0000000000,20706,11753,0,897,722991,49327,14.8643,26410,897,722969
679000,65536,49,45,4,1390542810,49,1390608346,679000,49103,14.8568,26382,1717,0x0000000000,20583,11663,0,917,723908,49098,14.8563,26381,917,723886
680000,65536,49,45,4,1392639951,49,1392705487,680000,49306,14.8646,26337,1742,0x0000000000,6,5,0,898,724806,49300,14.8640,26331,898,724784
681000,65536,49,45,4,1394671573,49,1394737109,681000,49426,14.8753,26335,1742,0x0000000000,20605,11767,0,895,725701,49428,14.8754,26331,896,725680
682000,65536,49,45,4,1396703191,49,1396768727,682000,49207,14.8554,26323,1713,0x0000000000,20650,11786,0,850,726551,49204,14.8554,26322,851,726531
683000,65536,49,45,4,1398734810,49,1398800346,683000,49347,14.8729,26350,1684,0x0000000000,20690,11867,0,980,727531,49347,14.8729,26349,981,727512
684000,65536,50,46,4,1400831950,50,1400897486,684000,49368,14.8624,26355,1745,0x0000000000,5,2,0,864,728395,49369,14.8625,26349,864,728376
685000,65536,50,46,4,1402863572,50,1402929108,685000,49402,14.8813,26517,1650,0x0000000000,20694,11902,0,930,729325,49401,14.8813,26518,930,729306
686000,65536,50,46,4,1404895190,50,1404960726,686000,49280,14.8669,26302,1671,0x0000000000,20742,11894,0,915,730240,49281,14.8670,26300,915,730221
687000,65536,50,46,4,1406926809,50,1406992345,687000,49481,14.8824,26598,1713,0x0000000000,20686,11915,0,885,731125,49477,14.8823,26597,886,731107
688000,65536,50,46,4,1409023950,50,1409089486,688000,49176,14.8555,26179,1747,0x0000000000,9,4,0,910,732035,49174,14.8551,26178,910,732017
689000,65536,50,46,4,1411055572,50,1411121108,689000,49399,14.8780,26387,1701,0x0000000000,20689,11791,0,954,732989,49397,14.8777,26387,955,732972
690000,65536,50,46,4,1413087190,50,1413152726,690000,49494,14.8745,26506,1709,0x0000000000,20734,11985,0,831,733820,49494,14.8744,26505,831,733803
691000,65536,50,46,4,1415118809,50,1415184345,691000,49393,14.8743,26587,1635,0x0000000000,20603,11910,0,838,734658,49393,14.8742,26589,837,734640
692000,65536,50,46,4,1417215950,50,1417281486,692000,49266,14.8735,26085,1654,0x0000000000,6,3,0,889,735547,49267,14.8740,26087,890,735530
693000,65536,50,46,4,1419247572,50,1419313108,693000,49413,14.8705,26408,1674,0x0000000000,20528,11698,0,880,736427,49414,14.8708,26411,880,736410
694000,65536,50,46,4,1421279190,50,1421344726,694000,49153,14.8499,26189,1750,0x0000000000,20738,11751,0,895,737322,49153,14.8500,26190,895,737305
695000,65536,50,46,4,1423310809,50,1423376345,695000,49543,14.8922,26386,1697,0x0000000000,20723,11981,0,938,738260,49545,14.8922,26387,937,738242
696000,65536,50,46,4,1425407950,50,1425473486,696000,49561,14.8761,26493,1715,0x0000000000,5,3,0,876,739136,49565,14.8764,26497,878,739120
697000,65536,50,46,4,1427439572,50,1427505108,697000,49288,14.8555,26300,1745,0x0000000000,20694,11779,0,938,740074,49287,14.8558,26298,938,740058
698000,65536,50,46,4,1429471190,50,1429536726,698000,49274,14.8643,26248,1709,0x0000000000,20607,11968,0,899,740973,49277,14.8647,26251,900,740958
699000,65536,50,46,4,1431502809,50,1431568345,699000,49470,14.8858,26447,1684,0x0000000000,20697,11942,0,922,741895,49473,14.8860,26448,922,741880
700000,65536,50,46,4,1433599950,50,1433665486,700000,49291,14.8776,26303,1674,0x0000000000,5,2,0,921,742816,49293,14.8778,26305,920,742800
701000,65536,50,46,4,1435631572,50,1435697108,701000,49228,14.8544,26184,1707,0x0000000000,20465,11652,0,882,743698,49227,14.8541,26184,882,743682
702000,65536,50,46,4,1437663190,50,1437728726,702000,49433,14.8649,26538,1762,0x0000000000,20620,11902,0,871,744569,49434,14.8650,26540,871,744553
703000,65536,50,46,4,1439694809,50,1439760345,703000,49283,14.8742,26362,1644,0x0000000000,20638,11904,0,885,745454,49282,14.8742,26361,885,745438
704000,65536,50,46,4,1441791950,50,1441857486,704000,49226,14.8610,26192,1701,0x0000000000,5,1,0,935,746389,49225,14.8608,26193,936,746374
705000,65536,50,46,4,1443823572,50,1443889108,705000,49251,14.8595,26143,1741,0x0000000000,20712,11780,0,883,747272,49250,14.8595,26142,883,747257
706000,65536,50,46,4,1445855190,50,1445920726,706000,49293,14.8693,26165,1652,0x0000000000,20969,11838,0,895,748167,49290,14.8691,26169,895,748152
707000,65536,50,46,4,1447886809,50,1447952345,707000,49488,14.8815,26540,1664,0x0000000000,20644,11805,0,878,749045,49488,14.8814,26543,878,749030
708000,65536,50,46,4,1449983950,50,1450049486,708000,49277,14.8768,26327,1658,0x0000000000,8,4,0,931,749976,49279,14.8769,26327,930,749960
709000,65536,50,46,4,1452015572,50,1452081108,709000,49361,14.8770,26324,1669,0x0000000000,20529,11715,0,901,750877,49364,14.8770,26323,901,750861
710000,65536,50,46,4,1454047190,50,1454112726,710000,49476,14.8625,26363,1779,0x0000000000,20633,11937,0,871,751748,49474,14.8626,26360,872,751733
711000,65536,50,46,4,1456078809,50,1456144345,711000,49406,14.8775,26254,1678,0x0000000000,20744,11836,0,916,752664,49403,14.8772,26253,917,752650
712000,65536,50,46,4,1458175950,50,1458241486,712000,49367,14.8662,26283,1704,0x0000000000,9,3,0,880,753544,49365,14.8662,26280,879,753529
713000,65536,50,46,4,1460207572,50,1460273108,713000,49482,14.8767,26242,1695,0x0000000000,20552,11667,0,929,754473,49483,14.8766,26243,929,754458
714000,65536,50,46,4,1462239190,50,1462304726,714000,49385,14.8754,26341,1682,0x0000000000,20619,11835,0,854,755327,49386,14.8754,26343,854,755312
715000,65536,50,46,4,1464270809,50,1464336345,715000,49374,14.8770,26326,1654,0x0000000000,20794,11829,0,919,756246,49379,14.8774,26332,918,756230
716000,65536,50,46,4,1466367950,50,1466433486,716000,49424,14.8798,26249,1688,0x0000000000,5,4,0,950,757196,49424,14.8799,26251,949,757179
717000,65536,50,46,4,1468399572,50,1468465108,717000,49658,14.9049,26374,1638,0x0000000000,20742,12011,0,949,758145,49660,14.9049,26375,949,758128
718000,65536,50,46,4,1470431190,50,1470496726,718000,49523,14.8803,26250,1701,0x0000000000,20646,11813,0,889,759034,49521,14.8802,26245,890,759018
719000,65536,50,46,4,1472462809,50,1472528345,719000,49336,14.8650,26232,1637,0x0000000000,20654,11731,0,857,759891,49337,14.8653,26235,856,759874
720000,65536,50,46,4,1474559950,50,1474625486,720000,49344,14.8762,26165,1679,0x0000000000,4,4,0,885,760776,49346,14.8761,26159,885,760759
721000,65536,50,46,4,1476591572,50,1476657108,721000,49368,14.8725,26255,1681,0x0000000000,20547,11799,0,881,761657,49366,14.8722,26255,881,761640
722000,65536,50,46,4,1478623190,50,1478688726,722000,49306,14.8718,26072,1674,0x0000000000,20497,11677,0,911,762568,49305,14.8713,26071,912,762552
723000,65536,50,46,4,1480654809,50,1480720345,723000,49209,14.8612,26180,1693,0x0000000000,20898,11665,0,964,763532,49206,14.8609,26183,965,763517
724000,65536,50,46,4,1482751950,50,1482817486,724000,49306,14.8722,26188,1617,0x0000000000,5,1,0,900,764432,49305,14.8721,26184,901,764418
725000,65536,50,46,4,1484783572,50,1484849108,725000,49577,14.8941,26290,1651,0x0000000000,20522,11724,0,903,765335,49584,14.8947,26297,902,765320
726000,65536,50,46,4,1486815190,50,1486880726,726000,49531,14.8872,26235,1694,0x0000000000,20506,11852,0,851,766186,49533,14.8875,26239,850,766170
727000,65536,50,46,4,1488846809,50,1488912345,727000,49408,14.8758,26258,1679,0x0000000000,20696,11776,0,875,767061,49407,14.8757,26257,874,767044
728000,65536,51,47,4,1490943949,51,1491009485,728000,49487,14.8809,26223,1657,0x0000000000,6,4,0,911,767972,49486,14.8807,26223,911,767955
729000,65536,51,47,4,1492975571,51,1493041107,729000,49363,14.8785,26149,1690,0x0000000000,20700,11904,0,945,768917,49364,14.8786,26147,946,768901
730000,65536,51,47,4,1495007189,51,1495072725,730000,49571,14.8871,26371,1743,0x0000000000,20705,11733,0,918,769835,49569,14.8870,26371,920,769821
731000,65536,53,49,4,1497038806,53,1497104342,731000,49458,14.8801,26323,1694,0x0000000000,20763,11907,0,856,770691,49457,14.8801,26321,855,770676
732000,65536,53,49,4,1499135947,53,1499201483,732000,49307,14.8746,26090,1691,0x0000000000,8,5,0,888,771579,49308,14.8746,26090,888,771564
733000,65536,53,49,4,1501167569,53,1501233105,733000,49398,14.8814,26309,1741,0x0000000000,20707,11747,0,911,772490,49397,14.8814,26309,911,772475
734000,65536,53,49,4,1503199187,53,1503264723,734000,49318,14.8757,26014,1709,0x0000000000,20686,11711,0,945,773435,49323,14.8760,26018,943,773418
735000,65536,53,49,4,1505230806,53,1505296342,735000,49441,14.8845,26084,1667,0x0000000000,20642,11668,0,876,774311,49440,14.8845,26081,876,774294
736000,65536,53,49,4,1507327947,53,1507393483,736000,49408,14.8764,26177,1692,0x0000000000,9,3,0,907,775218,49408,14.8762,26179,907,775201
737000,65536,53,49,4,1509359569,53,1509425105,737000,49345,14.8690,26113,1749,0x0000000000,20746,11634,0,922,776140,49345,14.8692,26112,923,776124
738000,65536,53,49,4,1511391187,53,1511456723,738000,49485,14.8861,26306,1657,0x0000000000,20578,11710,0,912,777052,49487,14.8865,26306,912,777036
739000,65536,53,49,4,1513422806,53,1513488342,739000,49536,14.8943,26237,1652,0x0000000000,20607,11769,0,895,777947,49532,14.8939,26233,895,777931
740000,65536,53,49,4,1515519947,53,1515585483,740000,49464,14.8787,26172,1669,0x0000000000,7,1,0,892,778839,49464,14.8787,26176,892,778823
741000,65536,53,49,4,1517551569,53,1517617105,741000,49142,14.8526,25789,1705,0x0000000000,20793,11746,0,922,779761,49138,14.8524,25784,922,779745
742000,65536,53,49,4,1519583187,53,1519648723,742000,49439,14.8890,26239,1679,0x0000000000,20638,11934,0,924,780685,49442,14.8890,26242,924,780669
743000,65536,53,49,4,1521614806,53,1521680342,743000,49307,14.8638,25970,1718,0x0000000000,20659,11786,0,886,781571,49309,14.8640,25962,888,781557
744000,65536,53,49,4,1523711947,53,1523777483,744000,49298,14.8629,26105,1720,0x0000000000,4,1,0,908,782479,49298,14.8630,26108,908,782465
745000,65536,53,49,4,1525743569,53,1525809105,745000,49413,14.8815,26083,1671,0x0000000000,20722,11823,0,927,783406,49415,14.8816,26086,928,783393
746000,65536,53,49,4,1527775187,53,1527840723,746000,49309,14.8831,26080,1665,0x0000000000,20796,11713,0,881,784287,49310,14.8832,26074,881,784274
747000,65536,53,49,4,1529806806,53,1529872342,747000,49325,14.8715,26055,1669,0x0000000000,20568,11647,0,843,785130,49323,14.8714,26046,844,785118
748000,65536,53,49,4,1531903947,53,1531969483,748000,49324,14.8689,26016,1729,0x0000000000,11,3,0,929,786059,49328,14.8693,26015,929,786047
749000,65536,53,49,4,1533935569,53,1534001105,749000,49279,14.8603,26033,1752,0x0000000000,20633,11867,0,879,786938,49279,14.8605,26032,879,786926
750000,65536,53,49,4,1535967187,53,1536032723,750000,49457,14.8682,26341,1714,0x0000000000,20599,11648,0,862,787800,49456,14.8679,26336,862,787788
751000,65536,53,49,4,1537998806,53,1538064342,751000,49317,14.8629,26073,1709,0x0000000000,20670,11869,0,945,788745,49315,14.8626,26075,944,788732
752000,65536,53,49,4,1540095947,53,1540161483,752000,49377,14.8732,25947,1675,0x0000000000,6,4,0,890,789635,49375,14.8730,25948,889,789621
753000,65536,53,49,4,1542127569,53,1542193105,753000,49302,14.8635,26001,1670,0x0000000000,20693,11690,0,843,790478,49303,14.8635,26001,843,790464
754000,65536,53,49,4,1544159187,53,1544224723,754000,49464,14.8788,25995,1669,0x0000000000,20636,11710,0,855,791333,49463,14.8789,25989,856,791320
755000,65536,53,49,4,1546190806,53,1546256342,755000,49478,14.8843,26170,1655,0x0000000000,20711,11847,0,928,792261,49478,14.8843,26168,929,792249
756000,65536,53,49,4,1548287947,53,1548353483,756000,49453,14.8750,26049,1715,0x0000000000,4,1,0,865,793126,49453,14.8750,26049,865,793114
757000,65536,53,49,4,1550319569,53,1550385105,757000,49275,14.8693,26034,1734,0x0000000000,20797,11775,0,938,794064,49271,14.8691,26033,937,794051
758000,65536,53,49,4,1552351187,53,1552416723,758000,49088,14.8612,25861,1696,0x0000000000,20772,11639,0,885,794949,49087,14.8610,25859,885,794936
759000,65536,53,49,4,1554382806,53,1554448342,759000,49340,14.8673,25834,1743,0x0000000000,20646,11758,0,898,795847,49339,14.8673,25829,899,795835
760000,65536,53,49,4,1556479947,53,1556545483,760000,49517,14.8785,26280,1709,0x0000000000,5,4,0,847,796694,49520,14.8789,26284,849,796684
761000,65536,53,49,4,1558511569,53,1558577105,761000,49548,14.8904,25946,1652,0x0000000000,20612,11700,0,866,797560,49548,14.8906,25943,867,797551
762000,65536,53,49,4,1560543187,53,1560608723,762000,49443,14.8757,26026,1706,0x0000000000,20761,11811,0,865,798425,49441,14.8756,26025,866,798417
763000,65536,53,49,4,1562574806,53,1562640342,763000,49425,14.8787,26039,1673,0x0000000000,20667,11882,0,904,799329,49423,14.8785,26036,904,799321
764000,65536,53,49,4,1564671947,53,1564737483,764000,49418,14.8794,26015,1654,0x0000000000,5,1,0,891,800220,49419,14.8796,26015,891,800212
765000,65536,53,49,4,1566703569,53,1566769105,765000,49248,14.8621,25894,1692,0x0000000000,20660,11732,0,874,801094,49248,14.8620,25896,873,801085
766000,65536,53,49,4,1568735187,53,1568800723,766000,49379,14.8710,26069,1721,0x0000000000,20662,11761,0,887,801981,49381,14.8713,26068,887,801972
767000,65536,53,49,4,1570766806,53,1570832342,767000,49379,14.8602,26055,1781,0x0000000000,20587,11701,0,833,802814,49377,14.8600,26051,833,802805
768000,65536,54,50,4,1572863946,54,1572929482,768000,49379,14.8679,26018,1721,0x0000000000,4,3,0,872,803686,49380,14.8680,26017,872,803677
769000,65536,54,50,4,1574895568,54,1574961104,769000,49501,14.8758,26072,1746,0x0000000000,20667,12011,0,897,804583,49500,14.8758,26072,898,804575
770000,65536,54,50,4,1576927186,54,1576992722,770000,49394,14.8687,26037,1720,0x0000000000,20590,11677,0,865,805448,49390,14.8685,26030,866,805441
771000,65536,54,50,4,1578958805,54,1579024341,771000,49278,14.8712,25959,1704,0x0000000000,20649,11770,0,860,806308,49279,14.8712,25959,860,806301
772000,65536,55,51,4,1581055945,55,1581121481,772000,49397,14.8704,25961,1731,0x0000000000,6,4,0,856,807164,49397,14.8702,25965,855,807156
773000,65536,55,51,4,1583087567,55,1583153103,773000,49347,14.8742,26063,1702,0x0000000000,20617,11690,0,865,808029,49351,14.8744,26065,865,808021
774000,65536,55,51,4,1585119185,55,1585184721,774000,49417,14.8768,26002,1674,0x0000000000,20682,11632,0,919,808948,49417,14.8767,26002,918,808939
775000,65536,55,51,4,1587150804,55,1587216340,775000,49370,14.8702,26014,1732,0x0000000000,20613,11689,0,852,809800,49370,14.8703,26016,851,809790
776000,65536,55,51,4,1589247945,55,1589313481,776000,49333,14.8667,25850,1710,0x0000000000,7,0,0,885,810685,49333,14.8665,25851,885,810675
777000,65536,55,51,4,1591279567,55,1591345103,777000,49509,14.8837,25969,1658,0x0000000000,20614,11665,0,885,811570,49513,14.8839,25976,883,811558
778000,65536,55,51,4,1593311185,55,1593376721,778000,49361,14.8703,25965,1682,0x0000000000,20687,11541,0,874,812444,49360,14.8701,25962,874,812432
779000,65536,55,51,4,1595342804,55,1595408340,779000,49417,14.8832,26065,1666,0x0000000000,20647,11637,0,892,813336,49422,14.8835,26065,892,813324
780000,65536,55,51,4,1597439945,55,1597505481,780000,49491,14.8860,26083,1691,0x0000000000,7,1,0,883,814219,49496,14.8864,26091,883,814207
781000,65536,55,51,4,1599471567,55,1599537103,781000,49432,14.8718,26020,1682,0x0000000000,20644,11726,0,868,815087,49437,14.8722,26024,867,815074
782000,65536,55,51,4,1601503185,55,1601568721,782000,49387,14.8698,26008,1710,0x0000000000,20540,11667,0,862,815949,49386,14.8701,26010,862,815936
783000,65536,55,51,4,1603534804,55,1603600340,783000,49274,14.8851,25723,1569,0x0000000000,20590,11688,0,872,816821,49273,14.8851,25723,872,816808
784000,65536,55,51,4,1605631945,55,1605697481,784000,49477,14.8795,25821,1693,0x0000000000,8,2,0,863,817684,49473,14.8794,25817,864,817672
785000,65536,55,51,4,1607663567,55,1607729103,785000,49408,14.8744,25845,1716,0x0000000000,20781,11750,0,936,818620,49402,14.8740,25838,936,818608
786000,65536,55,51,4,1609695185,55,1609760721,786000,49169,14.8557,25658,1653,0x0000000000,20671,11666,0,875,819495,49165,14.8555,25656,875,819483
787000,65536,55,51,4,1611726804,55,1611792340,787000,49431,14.8830,25939,1642,0x0000000000,20637,11747,0,882,820377,49432,14.8830,25943,882,820365
788000,65536,55,51,4,1613823945,55,1613889481,788000,49362,14.8761,25776,1690,0x0000000000,6,3,0,918,821295,49362,14.8762,25772,917,821282
789000,65536,55,51,4,1615855567,55,1615921103,789000,49456,14.8667,25874,1767,0x0000000000,20823,11713,0,886,822181,49454,14.8667,25867,887,822169
790000,65536,55,51,4,1617887185,55,1617952721,790000,49292,14.8662,25957,1728,0x0000000000,20555,11562,0,872,823053,49291,14.8661,25955,872,823041
791000,65536,55,51,4,1619918804,55,1619984340,791000,49227,14.8584,25802,1685,0x0000000000,20807,11719,0,873,823926,49229,14.8585,25806,874,823915
792000,65536,55,51,4,1622015945,55,1622081481,792000,49422,14.8855,26116,1595,0x0000000000,7,3,0,915,824841,49424,14.8857,26119,916,824831
793000,65536,55,51,4,1624047567,55,1624113103,793000,49645,14.8943,25933,1655,0x0000000000,20575,11780,0,842,825683,49647,14.8943,25935,841,825672
794000,65536,55,51,4,1626079185,55,1626144721,794000,49213,14.8630,25845,1667,0x0000000000,20724,11789,0,875,826558,49214,14.8630,25840,874,826546
795000,65536,55,51,4,1628110804,55,1628176340,795000,49260,14.8747,25703,1684,0x0000000000,20584,11649,0,893,827451,49259,14.8745,25708,893,827439
796000,65536,55,51,4,1630207945,55,1630273481,796000,49500,14.8950,25954,1637,0x0000000000,6,4,0,894,828345,49497,14.8950,25949,895,828334
797000,65536,55,51,4,1632239567,55,1632305103,797000,49458,14.8836,25755,1644,0x0000000000,20490,11710,0,902,829247,49459,14.8839,25755,902,829236
798000,65536,55,51,4,1634271185,55,1634336721,798000,49358,14.8778,25870,1648,0x0000000000,20458,11688,0,803,830050,49362,14.8779,25871,803,830039
799000,65536,55,51,4,1636302804,55,1636368340,799000,49227,14.8610,25771,1734,0x0000000000,20808,11719,0,906,830956,49223,14.8605,25763,908,830947
800000,65536,55,51,4,1638399945,55,1638465481,800000,49487,14.8829,26002,1676,0x0000000000,8,4,0,888,831844,49488,14.8831,26005,888,831835
801000,65536,55,51,4,1640431567,55,1640497103,801000,49385,14.8750,25885,1667,0x0000000000,20558,11631,0,833,832677,49388,14.8752,25887,833,832668
802000,65536,55,51,4,1642463185,55,1642528721,802000,49317,14.8710,25702,1686,0x0000000000,20614,11743,0,885,833562,49317,14.8711,25706,885,833553
803000,65536,55,51,4,1644494804,55,1644560340,803000,49151,14.8599,25593,1746,0x0000000000,20777,11528,0,919,834481,49147,14.8594,25589,919,834472
804000,65536,55,51,4,1646591945,55,1646657481,804000,49382,14.8762,25787,1659,0x0000000000,8,2,0,907,835388,49381,14.8761,25788,907,835379
805000,65536,55,51,4,1648623567,55,1648689103,805000,49393,14.8846,25802,1641,0x0000000000,20495,11446,0,884,836272,49394,14.8847,25798,885,836264
806000,65536,55,51,4,1650655185,55,1650720721,806000,49557,14.8868,26009,1712,0x0000000000,20471,11666,0,898,837170,49555,14.8869,26008,899,837163
807000,65536,55,51,4,1652686804,55,1652752340,807000,49306,14.8731,25837,1625,0x0000000000,20440,11726,0,953,838123,49303,14.8730,25830,954,838117
808000,65536,55,51,4,1654783945,55,1654849481,808000,49312,14.8593,25805,1746,0x0000000000,6,3,0,876,838999,49310,14.8592,25797,876,838993
809000,65536,55,51,4,1656815567,55,1656881103,809000,49441,14.8803,25881,1682,0x0000000000,20684,11946,0,865,839864,49441,14.8803,25880,865,839858
810000,65536,55,51,4,1658847185,55,1658912721,810000,49370,14.8805,25882,1635,0x0000000000,20530,11747,0,872,840736,49370,14.8804,25883,873,840731
811000,65536,55,51,4,1660878804,55,1660944340,811000,49268,14.8665,25544,1688,0x0000000000,20528,11612,0,878,841614,49268,14.8666,25546,877,841608
812000,65536,55,51,4,1662975945,55,1663041481,812000,49305,14.8841,25691,1593,0x0000000000,7,3,0,926,842540,49303,14.8839,25691,925,842533
813000,65536,55,51,4,1665007567,55,1665073103,813000,49132,14.8723,25518,1627,0x0000000000,20591,11557,0,878,843418,49131,14.8722,25515,878,843411
814000,65536,55,51,4,1667039185,55,1667104721,814000,49448,14.8769,25816,1748,0x0000000000,20588,11754,0,876,844294,49450,14.8771,25818,876,844287
815000,65536,55,51,4,1669070804,55,1669136340,815000,49300,14.8723,25650,1664,0x0000000000,20548,11450,0,868,845162,49298,14.8721,25648,868,845155
816000,65536,55,51,4,1671167945,55,1671233481,816000,49242,14.8734,25710,1650,0x0000000000,10,2,0,920,846082,49244,14.8733,25705,920,846075
817000,65536,55,51,4,1673199567,55,1673265103,817000,49377,14.8777,25594,1636,0x0000000000,20484,11573,0,899,846981,49381,14.8781,25598,899,846974
818000,65536,55,51,4,1675231185,55,1675296721,818000,49592,14.9036,25926,1598,0x0000000000,20653,11688,0,838,847819,49588,14.9033,25927,838,847812
819000,65536,55,51,4,1677262804,55,1677328340,819000,49276,14.8774,25579,1689,0x0000000000,20722,11610,0,917,848736,49276,14.8773,25580,917,848729
820000,65536,55,51,4,1679359945,55,1679425481,820000,49297,14.8761,25540,1654,0x0000000000,8,2,0,899,849635,49300,14.8761,25538,899,849628
821000,65536,55,51,4,1681391567,55,1681457103,821000,49313,14.8680,25737,1646,0x0000000000,20471,11869,0,829,850464,49310,14.8679,25731,830,850458
822000,65536,55,51,4,1683423185,55,1683488721,822000,49313,14.8784,25790,1595,0x0000000000,20745,11601,0,916,851380,49308,14.8779,25785,916,851374
823000,65536,55,51,4,1685454804,55,1685520340,823000,49189,14.8597,25574,1696,0x0000000000,20681,11428,0,890,852270,49192,14.8600,25573,890,852264
824000,65536,55,51,4,1687551945,55,1687617481,824000,49398,14.8828,25728,1602,0x0000000000,5,2,0,892,853162,49397,14.8827,25727,892,853156
825000,65536,55,51,4,1689583567,55,1689649103,825000,49242,14.8675,25470,1634,0x0000000000,20592,11403,0,908,854070,49239,14.8672,25467,909,854065
826000,65536,55,51,4,1691615185,55,1691680721,826000,49453,14.8892,25822,1677,0x0000000000,20917,11837,0,884,854954,49451,14.8889,25816,885,854950
827000,65536,55,51,4,1693646804,55,1693712340,827000,49353,14.8769,25584,1646,0x0000000000,20749,11702,0,903,855857,49352,14.8769,25580,903,855853
828000,65536,55,51,4,1695743945,55,1695809481,828000,49599,14.9041,25923,1603,0x0000000000,4,2,0,942,856799,49601,14.9042,25926,942,856795
829000,65536,55,51,4,1697775567,55,1697841103,829000,49438,14.8809,25716,1694,0x0000000000,20745,11707,0,904,857703,49434,14.8807,25716,905,857700
830000,65536,55,51,4,1699807185,55,1699872721,830000,49415,14.8869,25727,1586,0x0000000000,20678,11874,0,882,858585,49418,14.8871,25729,883,858583
831000,65536,55,51,4,1701838804,55,1701904340,831000,49382,14.8726,25795,1646,0x0000000000,20742,11728,0,917,859502,49381,14.8725,25792,917,859500
832000,65536,55,51,4,1703935945,55,1704001481,832000,49455,14.8892,25784,1601,0x0000000000,6,3,0,833,860335,49452,14.8891,25785,833,860333
833000,65536,55,51,4,1705967567,55,1706033103,833000,49408,14.8735,25561,1676,0x0000000000,20659,11614,0,899,861234,49407,14.8736,25559,899,861232
834000,65536,55,51,4,1707999185,55,1708064721,834000,49435,14.8829,25769,1629,0x0000000000,20581,11614,0,870,862104,49439,14.8830,25774,869,862101
835000,65536,55,51,4,1710030804,55,1710096340,835000,49548,14.8982,25793,1605,0x0000000000,20553,11691,0,887,862991,49549,14.8984,25794,887,862988
836000,65536,55,51,4,1712127945,55,1712193481,836000,49597,14.8899,25809,1674,0x0000000000,6,3,0,870,863861,49596,14.8902,25808,870,863858
837000,65536,55,51,4,1714159567,55,1714225103,837000,49457,14.8807,25885,1663,0x0000000000,20729,11570,0,858,864719,49455,14.8806,25882,858,864716
838000,65536,55,51,4,1716191185,55,1716256721,838000,49525,14.8989,25701,1612,0x0000000000,20638,11803,0,908,865627,49526,14.8991,25696,909,865625
839000,65536,55,51,4,1718222804,55,1718288340,839000,49344,14.8755,25732,1662,0x0000000000,20661,11717,0,885,866512,49344,14.8754,25732,885,866510
840000,65536,55,51,4,1720319945,55,1720385481,840000,49371,14.8908,25646,1630,0x0000000000,9,2,0,910,867422,49373,14.8912,25649,911,867421
841000,65536,55,51,4,1722351567,55,1722417103,841000,49304,14.8741,25612,1686,0x0000000000,20543,11584,0,904,868326,49304,14.8741,25613,904,868325
842000,65536,55,51,4,1724383185,55,1724448721,842000,49229,14.8666,25449,1676,0x0000000000,20777,11765,0,875,869201,49228,14.8667,25450,875,869200
843000,65536,55,51,4,1726414804,55,1726480340,843000,49417,14.8963,25874,1588,0x0000000000,20575,11542,0,925,870126,49417,14.8965,25872,925,870125
844000,65536,55,51,4,1728511945,55,1728577481,844000,49402,14.8774,25567,1691,0x0000000000,8,4,0,837,870963,49401,14.8772,25570,836,870961
845000,65536,55,51,4,1730543567,55,1730609103,845000,49397,14.8844,25754,1568,0x0000000000,20737,11688,0,837,871800,49393,14.8842,25747,838,871799
846000,65536,55,51,4,1732575185,55,1732640721,846000,49445,14.8914,25759,1573,0x0000000000,20626,11672,0,866,872666,49443,14.8914,25761,866,872665
847000,65536,55,51,4,1734606804,55,1734672340,847000,49445,14.8820,25394,1641,0x0000000000,20559,11856,0,892,873558,49447,14.8819,25394,889,873554
848000,65536,56,52,4,1736703944,56,1736769480,848000,49352,14.8802,25812,1642,0x0000000000,9,2,0,850,874408,49348,14.8799,25807,852,874406
849000,65536,56,52,4,1738735566,56,1738801102,849000,49372,14.8806,25594,1606,0x0000000000,20454,11827,0,848,875256,49369,14.8805,25591,848,875254
850000,65536,56,52,4,1740767184,56,1740832720,850000,49347,14.8773,25751,1601,0x0000000000,20581,11736,0,852,876108,49350,14.8774,25760,851,876105
851000,65536,56,52,4,1742798803,56,1742864339,851000,49334,14.8708,25480,1666,0x0000000000,20648,11618,0,848,876956,49334,14.8707,25484,848,876953
852000,65536,56,52,4,1744895944,56,1744961480,852000,49481,14.8883,25460,1648,0x0000000000,6,1,0,926,877882,49479,14.8882,25462,926,877879
853000,65536,56,52,4,1746927566,56,1746993102,853000,49403,14.8900,25579,1568,0x0000000000,20741,11663,0,866,878748,49403,14.8899,25576,864,878743
854000,65536,56,52,4,1748959184,56,1749024720,854000,49549,14.8945,25918,1617,0x0000000000,20688,11737,0,889,879637,49546,14.8942,25911,890,879633
855000,65536,56,52,4,1750990803,56,1751056339,855000,49512,14.8916,25839,1586,0x0000000000,20715,11613,0,863,880500,49509,14.8915,25832,863,880496
856000,65536,59,55,4,1753087941,59,1753153477,856000,49387,14.8843,25735,1635,0x0000000000,8,4,0,888,881388,49387,14.8842,25735,888,881384
857000,65536,59,55,4,1755119563,59,1755185099,857000,49254,14.8722,25581,1603,0x0000000000,20586,11721,0,820,882208,49252,14.8720,25584,819,882203
858000,65536,59,55,4,1757151181,59,1757216717,858000,49331,14.8745,25552,1650,0x0000000000,20754,11726,0,853,883061,49333,14.8746,25550,852,883055
859000,65536,60,56,4,1759182799,60,1759248335,859000,49506,14.8791,25769,1708,0x0000000000,20549,11641,0,863,883924,49508,14.8793,25766,864,883919
860000,65536,60,56,4,1761279940,60,1761345476,860000,49561,14.8937,25908,1651,0x0000000000,7,2,0,885,884809,49560,14.8934,25908,885,884804
861000,65536,60,56,4,1763311562,60,1763377098,861000,49461,14.8973,25706,1577,0x0000000000,20633,11682,0,915,885724,49459,14.8968,25704,915,885719
862000,65536,60,56,4,1765343180,60,1765408716,862000,49418,14.8843,25745,1641,0x0000000000,20650,11666,0,844,886568,49419,14.8846,25746,846,886565
863000,65536,60,56,4,1767374799,60,1767440335,863000,49349,14.8789,25645,1575,0x0000000000,20609,11515,0,887,887455,49348,14.8789,25641,886,887451
864000,65536,60,56,4,1769471940,60,1769537476,864000,49439,14.8876,25801,1564,0x0000000000,8,1,0,911,888366,49437,14.8876,25806,912,888363
865000,65536,60,56,4,1771503562,60,1771569098,865000,49305,14.8773,25509,1607,0x0000000000,20491,11481,0,918,889284,49303,14.8772,25514,917,889280
866000,65536,60,56,4,1773535180,60,1773600716,866000,49337,14.8812,25535,1634,0x0000000000,20561,11554,0,859,890143,49337,14.8810,25533,860,890140
867000,65536,60,56,4,1775566799,60,1775632335,867000,49422,14.8758,25645,1670,0x0000000000,20489,11491,0,812,890955,49422,14.8759,25650,813,890953
868000,65536,60,56,4,1777663940,60,1777729476,868000,49372,14.8779,25525,1616,0x0000000000,9,2,0,829,891784,49375,14.8783,25527,829,891782
869000,65536,60,56,4,1779695562,60,1779761098,869000,49431,14.8906,25624,1596,0x0000000000,20514,11596,0,866,892650,49432,14.8907,25627,865,892647
870000,65536,60,56,4,1781727180,60,1781792716,870000,49403,14.8833,25417,1650,0x0000000000,20582,11724,0,919,893569,49405,14.8834,25417,919,893566
871000,65536,60,56,4,1783758799,60,1783824335,871000,49351,14.8762,25518,1659,0x0000000000,20614,11660,0,922,894491,49351,14.8761,25520,922,894488
872000,65536,60,56,4,1785855940,60,1785921476,872000,49592,14.9004,25797,1624,0x0000000000,9,2,0,894,895385,49595,14.9009,25801,894,895382
873000,65536,60,56,4,1787887562,60,1787953098,873000,49425,14.8952,25607,1602,0x0000000000,20667,11477,0,881,896266,49422,14.8950,25602,880,896262
874000,65536,60,56,4,1789919180,60,1789984716,874000,49440,14.8928,25561,1579,0x0000000000,20745,11598,0,884,897150,49440,14.8928,25562,883,897145
875000,65536,60,56,4,1791950799,60,1792016335,875000,49465,14.8952,25482,1633,0x0000000000,20647,11721,0,917,898067,49464,14.8951,25478,917,898062
876000,65536,60,56,4,1794047940,60,1794113476,876000,49553,14.8957,25873,1626,0x0000000000,6,3,0,831,898898,49553,14.8957,25873,830,898892
877000,65536,60,56,4,1796079562,60,1796145098,877000,49469,14.8912,25567,1631,0x0000000000,20724,11620,0,853,899751,49467,14.8913,25571,853,899745
878000,65536,60,56,4,1798111180,60,1798176716,878000,49424,14.8746,25608,1703,0x0000000000,20495,11752,0,850,900601,49419,14.8741,25604,850,900595
879000,65536,60,56,4,1800142799,60,1800208335,879000,49370,14.8807,25419,1585,0x0000000000,20574,11577,0,893,901494,49372,14.8809,25420,893,901488
880000,65536,61,57,4,1802239939,61,1802305475,880000,49310,14.8825,25536,1580,0x0000000000,9,3,0,845,902339,49313,14.8827,25538,845,902333
881000,65536,61,57,4,1804271561,61,1804337097,881000,49482,14.9025,25567,1572,0x0000000000,20490,11598,0,853,903192,49483,14.9027,25566,856,903189
882000,65536,62,58,4,1806303178,62,1806368714,882000,49532,14.8978,25744,1551,0x0000000000,20797,11708,0,875,904067,49532,14.8976,25747,875,904064
883000,65536,62,58,4,1808334797,62,1808400333,883000,49241,14.8566,25422,1708,0x0000000000,20588,11649,0,837,904904,49246,14.8569,25427,837,904901
884000,65536,62,58,4,1810431938,62,1810497474,884000,49484,14.8788,25737,1625,0x0000000000,6,1,0,928,905832,49485,14.8787,25736,928,905829
885000,65536,62,58,4,1812463560,62,1812529096,885000,49496,14.8919,25569,1601,0x0000000000,20685,11608,0,902,906734,49496,14.8921,25569,904,906733
886000,65536,62,58,4,1814495178,62,1814560714,886000,49575,14.8937,25567,1555,0x0000000000,20744,11663,0,881,907615,49572,14.8936,25564,881,907614
887000,65536,62,58,4,1816526797,62,1816592333,887000,49420,14.8820,25581,1626,0x0000000000,20720,11670,0,836,908451,49418,14.8819,25579,837,908451
888000,65536,62,58,4,1818623938,62,1818689474,888000,49376,14.8814,25490,1582,0x0000000000,6,2,0,864,909315,49379,14.8816,25489,865,909316
889000,65536,62,58,4,1820655560,62,1820721096,889000,49487,14.8914,25480,1590,0x0000000000,20730,11643,0,839,910154,49487,14.8916,25476,839,910155
890000,65536,62,58,4,1822687178,62,1822752714,890000,49448,14.8846,25616,1586,0x0000000000,20595,11656,0,884,911038,49448,14.8845,25612,884,911039
891000,65536,62,58,4,1824718797,62,1824784333,891000,49372,14.8760,25408,1677,0x0000000000,20613,11737,0,864,911902,49371,14.8760,25408,864,911903
892000,65536,62,58,4,1826815938,62,1826881474,892000,49372,14.8798,25463,1636,0x0000000000,6,3,0,886,912788,49374,14.8801,25462,887,912790
893000,65536,62,58,4,1828847560,62,1828913096,893000,49610,14.8982,25458,1587,0x0000000000,20487,11511,0,845,913633,49607,14.8982,25456,847,913637
894000,65536,62,58,4,1830879178,62,1830944714,894000,49442,14.8869,25428,1611,0x0000000000,20651,11607,0,813,914446,49442,14.8867,25433,813,914450
895000,65536,62,58,4,1832910797,62,1832976333,895000,49403,14.8780,25562,1677,0x0000000000,20728,11535,0,852,915298,49405,14.8782,25564,853,915303
896000,65536,62,58,4,1835007938,62,1835073474,896000,49652,14.9022,25633,1575,0x0000000000,8,3,0,882,916180,49649,14.9019,25628,883,916186
897000,65536,62,58,4,1837039560,62,1837105096,897000,49471,14.8967,25614,1571,0x0000000000,20536,11604,0,856,917036,49475,14.8971,25617,856,917042
898000,65536,62,58,4,1839071178,62,1839136714,898000,49464,14.8916,25670,1532,0x0000000000,20551,11540,0,885,917921,49461,14.8915,25669,886,917928
899000,65536,62,58,4,1841102797,62,1841168333,899000,49365,14.8744,25331,1611,0x0000000000,20641,11520,0,861,918782,49362,14.8743,25331,862,918790
900000,65536,62,58,4,1843199938,62,1843265474,900000,49309,14.8747,25554,1621,0x0000000000,7,4,0,847,919629,49310,14.8749,25558,847,919637
901000,65536,62,58,4,1845231560,62,1845297096,901000,49430,14.8807,25453,1641,0x0000000000,20613,11515,0,853,920482,49429,14.8804,25448,854,920491
902000,65536,62,58,4,1847263178,62,1847328714,902000,49247,14.8747,25464,1589,0x0000000000,20611,11635,0,841,921323,49244,14.8744,25468,841,921332
903000,65536,62,58,4,1849294797,62,1849360333,903000,49374,14.8649,25415,1701,0x0000000000,20412,11579,0,840,922163,49369,14.8644,25412,839,922171
904000,65536,62,58,4,1851391938,62,1851457474,904000,49451,14.9004,25551,1546,0x0000000000,5,3,0,831,922994,49452,14.9001,25548,831,923002
905000,65536,62,58,4,1853423560,62,1853489096,905000,49448,14.8863,25471,1616,0x0000000000,20706,11725,0,828,923822,49450,14.8865,25472,828,923830
906000,65536,62,58,4,1855455178,62,1855520714,906000,49444,14.8839,25642,1610,0x0000000000,20634,11615,0,845,924667,49445,14.8839,25644,845,924675
907000,65536,62,58,4,1857486797,62,1857552333,907000,49514,14.8998,25297,1590,0x0000000000,20604,11738,0,858,925525,49511,14.8996,25294,859,925534
908000,65536,62,58,4,1859583938,62,1859649474,908000,49235,14.8622,25343,1672,0x0000000000,4,2,0,875,926400,49237,14.8621,25339,875,926409
909000,65536,63,59,4,1861615559,63,1861681095,909000,49403,14.8869,25376,1655,0x0000000000,20540,11630,0,897,927297,49404,14.8866,25382,898,927307
910000,65536,63,59,4,1863647177,63,1863712713,910000,49486,14.8838,25364,1638,0x0000000000,20686,11622,0,855,928152,49488,14.8838,25363,854,928161
911000,65536,63,59,4,1865678796,63,1865744332,911000,49607,14.8985,25480,1605,0x0000000000,20428,11562,0,928,929080,49612,14.8988,25485,929,929090
912000,65536,63,59,4,1867775937,63,1867841473,912000,49387,14.8846,25539,1623,0x0000000000,7,3,0,909,929989,49387,14.8848,25532,910,930000
913000,65536,63,59,4,1869807559,63,1869873095,913000,49244,14.8619,25164,1659,0x0000000000,20700,11586,0,860,930849,49245,14.8620,25163,861,930861
914000,65536,63,59,4,1871839177,63,1871904713,914000,49374,14.8881,25408,1572,0x0000000000,20520,11575,0,910,931759,49376,14.8882,25407,909,931770
915000,65536,63,59,4,1873870796,63,1873936332,915000,49502,14.9013,25353,1515,0x0000000000,20537,11571,0,877,932636,49498,14.9010,25351,877,932647
916000,65536,63,59,4,1875967937,63,1876033473,916000,49437,14.8920,25442,1564,0x0000000000,10,1,0,860,933496,49436,14.8920,25441,861,933508
917000,65536,63,59,4,1877999559,63,1878065095,917000,49496,14.8877,25389,1605,0x0000000000,20680,11701,0,875,934371,49498,14.8880,25390,874,934382
918000,65536,63,59,4,1880031177,63,1880096713,918000,49397,14.8771,25584,1659,0x0000000000,20706,11541,0,858,935229,49392,14.8765,25586,857,935239
919000,65536,63,59,4,1882062796,63,1882128332,919000,49446,14.8896,25554,1574,0x0000000000,20701,11755,0,901,936130,49451,14.8900,25555,901,936140
920000,65536,63,59,4,1884159937,63,1884225473,920000,49444,14.8882,25463,1612,0x0000000000,7,6,0,848,936978,49443,14.8882,25460,849,936989
921000,65536,63,59,4,1886191559,63,1886257095,921000,49412,14.8878,25494,1537,0x0000000000,20689,11826,0,830,937808,49409,14.8877,25493,831,937820
922000,65536,64,60,4,1888223176,64,1888288712,922000,49578,14.9016,25657,1574,0x0000000000,20484,11630,0,875,938683,49579,14.9016,25660,874,938694
923000,65536,64,60,4,1890254795,64,1890320331,923000,49211,14.8729,25309,1549,0x0000000000,20688,11587,0,889,939572,49208,14.8723,25309,889,939583
924000,65536,64,60,4,1892351936,64,1892417472,924000,49372,14.8632,25458,1682,0x0000000000,9,7,0,889,940461,49374,14.8633,25459,887,940470
925000,65536,64,60,4,1894383558,64,1894449094,925000,49350,14.8708,25334,1656,0x0000000000,20701,11682,0,854,941315,49348,14.8707,25331,855,941325
926000,65536,64,60,4,1896415176,64,1896480712,926000,49346,14.8598,25494,1721,0x0000000000,20633,11561,0,849,942164,49347,14.8598,25494,849,942174
927000,65536,64,60,4,1898446795,64,1898512331,927000,49227,14.8668,25376,1619,0x0000000000,20614,11567,0,867,943031,49228,14.8668,25373,868,943042
928000,65536,65,61,4,1900543935,65,1900609471,928000,49355,14.8648,25530,1661,0x0000000000,6,6,0,937,943968,49357,14.8648,25533,936,943978
929000,65536,65,61,4,1902575557,65,1902641093,929000,49488,14.8894,25489,1625,0x0000000000,20451,11507,0,870,944838,49486,14.8892,25487,869,944847
930000,65536,65,61,4,1904607175,65,1904672711,930000,49585,14.8794,25316,1679,0x0000000000,20624,11738,0,874,945712,49587,14.8796,25315,874,945721
931000,65536,65,61,4,1906638794,65,1906704330,931000,49510,14.8744,25328,1671,0x0000000000,20657,11596,0,871,946583,49507,14.8741,25323,872,946593
932000,65536,65,61,4,1908735935,65,1908801471,932000,49240,14.8689,25419,1590,0x0000000000,9,6,0,837,947420,49237,14.8686,25419,837,947430
933000,65536,65,61,4,1910767557,65,1910833093,933000,49422,14.8735,25305,1635,0x0000000000,20488,11501,0,891,948311,49418,14.8731,25307,891,948321
934000,65536,66,62,4,1912799174,66,1912864710,934000,49312,14.8741,25544,1589,0x0000000000,20466,11478,0,858,949169,49313,14.8741,25547,857,949178
935000,65536,66,62,4,1914830793,66,1914896329,935000,49532,14.8797,25433,1632,0x0000000000,20481,11638,0,862,950031,49529,14.8795,25429,862,950040
936000,65536,66,62,4,1916927934,66,1916993470,936000,49348,14.8738,25329,1643,0x0000000000,4,1,0,887,950918,49352,14.8742,25330,886,950926
937000,65536,66,62,4,1918959556,66,1919025092,937000,49509,14.8959,25360,1551,0x0000000000,20529,11649,0,823,951741,49511,14.8961,25358,823,951749
938000,65536,66,62,4,1920991174,66,1921056710,938000,49504,14.8926,25369,1539,0x0000000000,20646,11609,0,899,952640,49503,14.8928,25367,900,952649
939000,65536,66,62,4,1923022793,66,1923088329,939000,49552,14.8761,25377,1673,0x0000000000,20687,11737,0,828,953468,49553,14.8764,25375,827,953476
940000,65536,66,62,4,1925119934,66,1925185470,940000,49383,14.8617,25187,1691,0x0000000000,7,1,0,870,954338,49385,14.8619,25184,870,954346
941000,65536,66,62,4,1927151556,66,1927217092,941000,49441,14.8832,25317,1602,0x0000000000,20512,11698,0,901,955239,49439,14.8831,25315,901,955247
942000,65536,66,62,4,1929183174,66,1929248710,942000,49369,14.8941,25192,1527,0x0000000000,20675,11444,0,877,956116,49369,14.8942,25196,877,956124
943000,65536,67,63,4,1931214792,67,1931280328,943000,49270,14.8594,25228,1709,0x0000000000,20749,11560,0,879,956995,49272,14.8595,25232,878,957002
944000,65536,67,63,4,1933311933,67,1933377469,944000,49343,14.8726,25144,1659,0x0000000000,7,3,0,913,957908,49345,14.8728,25142,914,957916
945000,65536,67,63,4,1935343555,67,1935409091,945000,49525,14.8834,25392,1665,0x0000000000,20812,11653,0,884,958792,49528,14.8840,25391,884,958800
946000,65536,67,63,4,1937375174,67,1937440710,946000,49333,14.8863,25143,1541,0x0000000000,20471,11676,0,843,959635,49334,14.8861,25145,843,959643
947000,65536,67,63,4,1939406792,67,1939472328,947000,49420,14.8844,25353,1630,0x0000000000,20592,11608,0,808,960443,49418,14.8842,25354,807,960450
948000,65536,67,63,4,1941503933,67,1941569469,948000,49625,14.9019,25171,1598,0x0000000000,6,2,0,853,961296,49627,14.9021,25174,852,961302
949000,65536,67,63,4,1943535555,67,1943601091,949000,49814,14.9095,25595,1611,0x0000000000,20514,11661,0,851,962147,49815,14.9095,25593,851,962153
950000,65536,67,63,4,1945567174,67,1945632710,950000,49331,14.8721,25064,1671,0x0000000000,20417,11339,0,885,963032,49333,14.8722,25063,886,963039
951000,65536,67,63,4,1947598792,67,1947664328,951000,49507,14.8988,25417,1604,0x0000000000,20682,11586,0,865,963897,49509,14.8989,25419,865,963904
952000,65536,67,63,4,1949695933,67,1949761469,952000,49379,14.8717,25396,1675,0x0000000000,6,2,0,879,964776,49381,14.8717,25399,879,964783
953000,65536,67,63,4,1951727555,67,1951793091,953000,49312,14.8644,25158,1638,0x0000000000,20721,11476,0,857,965633,49314,14.8646,25158,855,965638
954000,65536,67,63,4,1953759174,67,1953824710,954000,49414,14.8797,25494,1601,0x0000000000,20674,11597,0,804,966437,49413,14.8798,25486,805,966443
955000,65536,68,64,4,1955790791,68,1955856327,955000,49579,14.8884,25397,1665,0x0000000000,20713,11633,0,832,967269,49580,14.8886,25395,832,967275
956000,65536,68,64,4,1957887932,68,1957953468,956000,49327,14.8701,25304,1621,0x0000000000,8,4,0,883,968152,49332,14.8705,25306,884,968159
957000,65536,68,64,4,1959919554,68,1959985090,957000,49438,14.8885,25260,1599,0x0000000000,20486,11556,0,905,969057,49436,14.8883,25256,905,969064
958000,65536,68,64,4,1961951173,68,1962016709,958000,49558,14.8998,25134,1583,0x0000000000,20548,11571,0,901,969958,49559,14.8997,25140,899,969963
959000,65536,68,64,4,1963982791,68,1964048327,959000,49637,14.8987,25476,1635,0x0000000000,20589,11579,0,898,970856,49636,14.8985,25474,899,970862
960000,65536,68,64,4,1966079932,68,1966145468,960000,49246,14.8596,25079,1681,0x0000000000,8,1,0,828,971684,49246,14.8594,25082,826,971688
961000,65536,68,64,4,1968111554,68,1968177090,961000,49390,14.8856,25244,1580,0x0000000000,20593,11632,0,896,972580,49390,14.8858,25246,897,972585
962000,65536,68,64,4,1970143173,68,1970208709,962000,49563,14.9005,25260,1563,0x0000000000,20603,11630,0,812,973392,49563,14.9004,25252,813,973398
963000,65536,68,64,4,1972174791,68,1972240327,963000,49386,14.8836,25214,1660,0x0000000000,20656,11663,0,866,974258,49387,14.8836,25217,866,974264
964000,65536,68,64,4,1974271932,68,1974337468,964000,49334,14.8647,25157,1648,0x0000000000,8,4,0,839,975097,49336,14.8649,25161,839,975103
965000,65536,68,64,4,1976303554,68,1976369090,965000,49606,14.9019,25229,1536,0x0000000000,20518,11679,0,832,975929,49603,14.9017,25224,832,975935
966000,65536,68,64,4,1978335173,68,1978400709,966000,49318,14.8767,25099,1617,0x0000000000,20491,11495,0,848,976777,49320,14.8770,25107,848,976783
967000,65536,68,64,4,1980366791,68,1980432327,967000,49662,14.9028,25343,1616,0x0000000000,20772,11615,0,855,977632,49665,14.9030,25353,855,977638
968000,65536,68,64,4,1982463932,68,1982529468,968000,49465,14.8717,25038,1666,0x0000000000,4,3,0,838,978470,49467,14.8719,25038,838,978476
969000,65536,68,64,4,1984495554,68,1984561090,969000,49501,14.8920,25195,1583,0x0000000000,20438,11543,0,843,979313,49503,14.8922,25198,842,979318
970000,65536,68,64,4,1986527173,68,1986592709,970000,49487,14.8953,25093,1586,0x0000000000,20549,11450,0,865,980178,49485,14.8952,25100,865,980183
971000,65536,68,64,4,1988558791,68,1988624327,971000,49488,14.8878,25241,1636,0x0000000000,20675,11481,0,841,981019,49486,14.8875,25240,841,981024
972000,65536,68,64,4,1990655932,68,1990721468,972000,49510,14.8829,25159,1627,0x0000000000,6,6,0,800,981819,49508,14.8828,25152,801,981825
973000,65536,68,64,4,1992687554,68,1992753090,973000,49378,14.8794,25002,1635,0x0000000000,20604,11577,0,887,982706,49382,14.8795,25011,887,982712
974000,65536,68,64,4,1994719173,68,1994784709,974000,49612,14.8977,25111,1630,0x0000000000,20665,11792,0,855,983561,49613,14.8977,25106,857,983569
975000,65536,68,64,4,1996750791,68,1996816327,975000,49488,14.8891,25154,1564,0x0000000000,20579,11694,0,799,984360,49491,14.8893,25153,800,984369
976000,65536,68,64,4,1998847932,68,1998913468,976000,49457,14.8772,25181,1621,0x0000000000,5,1,0,820,985180,49453,14.8771,25177,820,985189
977000,65536,68,64,4,2000879554,68,2000945090,977000,49600,14.9088,25255,1565,0x0000000000,20593,11407,0,889,986069,49602,14.9089,25257,889,986078
978000,65536,68,64,4,2002911173,68,2002976709,978000,49551,14.9000,25005,1575,0x0000000000,20599,11570,0,850,986919,49552,14.9002,25004,851,986929
979000,65536,69,65,4,2004942790,69,2005008326,979000,49352,14.8898,25026,1565,0x0000000000,20701,11617,0,866,987785,49355,14.8902,25028,866,987795
980000,65536,69,65,4,2007039931,69,2007105467,980000,49347,14.8714,25078,1670,0x0000000000,5,1,0,870,988655,49344,14.8713,25076,870,988665
981000,65536,69,65,4,2009071553,69,2009137089,981000,49534,14.9007,25158,1579,0x0000000000,20371,11440,0,884,989539,49530,14.9002,25156,884,989549
982000,65536,69,65,4,2011103172,69,2011168708,982000,49364,14.8936,24942,1512,0x0000000000,20554,11503,0,888,990427,49364,14.8935,24943,888,990437
983000,65536,69,65,4,2013134790,69,2013200326,983000,49546,14.9006,25048,1603,0x0000000000,20543,11594,0,879,991306,49544,14.9004,25046,880,991317
984000,65536,69,65,4,2015231931,69,2015297467,984000,49434,14.8758,25049,1621,0x0000000000,8,1,0,832,992138,49435,14.8759,25048,832,992149
985000,65536,69,65,4,2017263553,69,2017329089,985000,49585,14.8992,25181,1569,0x0000000000,20713,11589,0,856,992994,49583,14.8989,25180,856,993005
986000,65536,70,66,4,2019295171,70,2019360707,986000,49537,14.8817,25167,1606,0x0000000000,20567,11419,0,843,993837,49539,14.8819,25170,844,993849
987000,65536,70,66,4,2021326789,70,2021392325,987000,49271,14.8659,25062,1652,0x0000000000,20598,11575,0,857,994694,49269,14.8656,25057,857,994706
988000,65536,70,66,4,2023423930,70,2023489466,988000,49651,14.9112,25419,1518,0x0000000000,6,1,0,859,995553,49652,14.9113,25415,859,995565
989000,65536,70,66,4,2025455552,70,2025521088,989000,49689,14.9017,25301,1618,0x0000000000,20804,11520,0,822,996375,49691,14.9020,25308,821,996386
990000,65536,70,66,4,2027487171,70,2027552707,990000,49615,14.8925,25297,1646,0x0000000000,20522,11541,0,867,997242,49614,14.8924,25298,866,997252
991000,65536,70,66,4,2029518789,70,2029584325,991000,49646,14.8950,25066,1625,0x0000000000,20612,11426,0,812,998054,49645,14.8950,25067,814,998066
992000,65536,70,66,4,2031615930,70,2031681466,992000,49458,14.8914,25157,1595,0x0000000000,8,1,0,847,998901,49459,14.8914,25155,847,998913
993000,65536,70,66,4,2033647552,70,2033713088,993000,49600,14.8939,25251,1599,0x0000000000,20583,11517,0,839,999740,49599,14.8940,25250,838,999751
994000,65536,70,66,4,2035679171,70,2035744707,994000,49549,14.8982,25080,1552,0x0000000000,20515,11684,0,861,1000601,49550,14.8983,25081,861,1000612
995000,65536,70,66,4,2037710789,70,2037776325,995000,49558,14.9064,25071,1535,0x0000000000,20567,11486,0,834,1001435,49557,14.9064,25070,835,1001447
996000,65536,70,66,4,2039807930,70,2039873466,996000,49507,14.9012,25091,1576,0x0000000000,9,3,0,841,1002276,49508,14.9012,25087,842,1002289
997000,65536,70,66,4,2041839552,70,2041905088,997000,49421,14.9017,24968,1579,0x0000000000,20471,11599,0,841,1003117,49423,14.9022,24971,841,1003130
998000,65536,70,66,4,2043871171,70,2043936707,998000,49663,14.9024,25152,1586,0x0000000000,20520,11583,0,760,1003877,49663,14.9022,25145,759,1003889
999000,65536,70,66,4,2045902789,70,2045968325,999000,49439,14.8870,25031,1637,0x0000000000,20783,11469,0,843,1004720,49437,14.8867,25031,842,1004731
1000000,65536,70,66,4,2047999930,70,2048065466,1000000,49693,14.9166,25390,1531,0x0000000000,7,4,0,851,1005571,49691,14.9165,25392,849,1005580
