WARNING: radv is not a conformant Vulkan implementation, testing use only.
WARNING: radv is not a conformant Vulkan implementation, testing use only.
tick       0 alive   209847 genomes  209843 energy    64.0 births 0 deaths 0 (0.0s) AMD Radeon AI PRO R9700 (RADV GFX1201)
tick    1000 alive  4158308 genomes 1182392 energy   172.6 births 83172256 deaths 79223795 (19.2s) AMD Radeon AI PRO R9700 (RADV GFX1201)
tick    2000 alive  4168247 genomes  894148 energy   193.9 births 89559341 deaths 89549402 (38.4s) AMD Radeon AI PRO R9700 (RADV GFX1201)
tick    3000 alive  4153496 genomes  714343 energy   198.4 births 78176723 deaths 78191474 (57.5s) AMD Radeon AI PRO R9700 (RADV GFX1201)
tick    4000 alive  4129188 genomes  649922 energy   199.0 births 75200886 deaths 75225194 (76.7s) AMD Radeon AI PRO R9700 (RADV GFX1201)
tick    5000 alive  4097403 genomes  653222 energy   198.8 births 74907543 deaths 74939328 (95.9s) AMD Radeon AI PRO R9700 (RADV GFX1201)
tick    6000 alive  4056930 genomes  678109 energy   199.4 births 74022835 deaths 74063308 (115.2s) AMD Radeon AI PRO R9700 (RADV GFX1201)
tick    7000 alive  4010415 genomes  713366 energy   200.4 births 72215087 deaths 72261602 (134.5s) AMD Radeon AI PRO R9700 (RADV GFX1201)
tick    8000 alive  3948403 genomes  744357 energy   201.4 births 69904923 deaths 69966935 (153.8s) AMD Radeon AI PRO R9700 (RADV GFX1201)
tick    9000 alive  3898872 genomes  778485 energy   202.3 births 67579648 deaths 67629179 (173.1s) AMD Radeon AI PRO R9700 (RADV GFX1201)
tick   10000 alive  3857034 genomes  812363 energy   203.3 births 65370011 deaths 65411849 (192.4s) AMD Radeon AI PRO R9700 (RADV GFX1201)
tick   11000 alive  3815598 genomes  840623 energy   204.6 births 63196279 deaths 63237715 (211.7s) AMD Radeon AI PRO R9700 (RADV GFX1201)
tick   12000 alive  3764695 genomes  866824 energy   206.0 births 60568479 deaths 60619382 (230.8s) AMD Radeon AI PRO R9700 (RADV GFX1201)
tick   13000 alive  3707257 genomes  893992 energy   207.2 births 57966237 deaths 58023675 (250.1s) AMD Radeon AI PRO R9700 (RADV GFX1201)
tick   14000 alive  3642073 genomes  918540 energy   208.1 births 55455959 deaths 55521143 (269.2s) AMD Radeon AI PRO R9700 (RADV GFX1201)
tick   15000 alive  3601392 genomes  934883 energy   208.8 births 53372196 deaths 53412877 (288.3s) AMD Radeon AI PRO R9700 (RADV GFX1201)
tick   16000 alive  3544085 genomes  949174 energy   209.8 births 51305902 deaths 51363209 (307.5s) AMD Radeon AI PRO R9700 (RADV GFX1201)
tick   17000 alive  3503944 genomes  958483 energy   210.3 births 49653261 deaths 49693402 (326.7s) AMD Radeon AI PRO R9700 (RADV GFX1201)
tick   18000 alive  3460748 genomes  967466 energy   211.0 births 48047370 deaths 48090566 (345.8s) AMD Radeon AI PRO R9700 (RADV GFX1201)
tick   19000 alive  3434052 genomes  975133 energy   211.4 births 46989516 deaths 47016212 (365.0s) AMD Radeon AI PRO R9700 (RADV GFX1201)
tick   20000 alive  3414387 genomes  981258 energy   211.6 births 46034605 deaths 46054270 (384.3s) AMD Radeon AI PRO R9700 (RADV GFX1201)
tick   21000 alive  3392496 genomes  983058 energy   212.3 births 45273628 deaths 45295519 (403.5s) AMD Radeon AI PRO R9700 (RADV GFX1201)
tick   22000 alive  3374792 genomes  985763 energy   212.2 births 44633042 deaths 44650746 (422.7s) AMD Radeon AI PRO R9700 (RADV GFX1201)
tick   23000 alive  3374221 genomes  985974 energy   212.6 births 44371633 deaths 44372204 (441.8s) AMD Radeon AI PRO R9700 (RADV GFX1201)
tick   24000 alive  3379716 genomes  988024 energy   212.4 births 44429042 deaths 44423547 (460.9s) AMD Radeon AI PRO R9700 (RADV GFX1201)
tick   25000 alive  3369920 genomes  988025 energy   212.6 births 44070754 deaths 44080550 (480.1s) AMD Radeon AI PRO R9700 (RADV GFX1201)
tick   26000 alive  3369533 genomes  987839 energy   212.6 births 43945246 deaths 43945633 (499.1s) AMD Radeon AI PRO R9700 (RADV GFX1201)
tick   27000 alive  3352963 genomes  987713 energy   212.6 births 43683270 deaths 43699840 (518.1s) AMD Radeon AI PRO R9700 (RADV GFX1201)
tick   28000 alive  3365012 genomes  990490 energy   212.6 births 43838900 deaths 43826851 (537.1s) AMD Radeon AI PRO R9700 (RADV GFX1201)
tick   29000 alive  3356470 genomes  988151 energy   212.7 births 43702790 deaths 43711332 (556.2s) AMD Radeon AI PRO R9700 (RADV GFX1201)
tick   30000 alive  3354328 genomes  987195 energy   212.9 births 43467349 deaths 43469491 (575.4s) AMD Radeon AI PRO R9700 (RADV GFX1201)
tick   31000 alive  3358692 genomes  987218 energy   212.9 births 43514698 deaths 43510334 (594.6s) AMD Radeon AI PRO R9700 (RADV GFX1201)
tick   32000 alive  3353460 genomes  985068 energy   212.9 births 43473296 deaths 43478528 (613.8s) AMD Radeon AI PRO R9700 (RADV GFX1201)
tick   33000 alive  3346369 genomes  982995 energy   213.2 births 43190551 deaths 43197642 (632.9s) AMD Radeon AI PRO R9700 (RADV GFX1201)
tick   34000 alive  3352057 genomes  985284 energy   213.0 births 43253310 deaths 43247622 (651.9s) AMD Radeon AI PRO R9700 (RADV GFX1201)
tick   35000 alive  3342945 genomes  984745 energy   212.8 births 43323900 deaths 43333012 (671.1s) AMD Radeon AI PRO R9700 (RADV GFX1201)
tick   36000 alive  3354812 genomes  986914 energy   212.8 births 43391834 deaths 43379967 (690.1s) AMD Radeon AI PRO R9700 (RADV GFX1201)
tick   37000 alive  3345391 genomes  985556 energy   212.9 births 43217394 deaths 43226815 (709.1s) AMD Radeon AI PRO R9700 (RADV GFX1201)
tick   38000 alive  3347766 genomes  986056 energy   212.8 births 43258793 deaths 43256418 (728.1s) AMD Radeon AI PRO R9700 (RADV GFX1201)
tick   39000 alive  3343507 genomes  986520 energy   212.9 births 43252578 deaths 43256837 (747.2s) AMD Radeon AI PRO R9700 (RADV GFX1201)
tick   40000 alive  3338769 genomes  987187 energy   213.1 births 43106998 deaths 43111736 (766.3s) AMD Radeon AI PRO R9700 (RADV GFX1201)
tick   41000 alive  3330547 genomes  987447 energy   212.8 births 42974913 deaths 42983135 (785.4s) AMD Radeon AI PRO R9700 (RADV GFX1201)
tick   42000 alive  3341952 genomes  987062 energy   212.9 births 43184839 deaths 43173434 (804.5s) AMD Radeon AI PRO R9700 (RADV GFX1201)
tick   43000 alive  3334471 genomes  983365 energy   213.1 births 43087500 deaths 43094981 (823.5s) AMD Radeon AI PRO R9700 (RADV GFX1201)
tick   44000 alive  3342474 genomes  983916 energy   213.2 births 43062276 deaths 43054273 (842.4s) AMD Radeon AI PRO R9700 (RADV GFX1201)
tick   45000 alive  3336346 genomes  982263 energy   213.1 births 43013512 deaths 43019640 (861.4s) AMD Radeon AI PRO R9700 (RADV GFX1201)
tick   46000 alive  3339742 genomes  982817 energy   212.9 births 43092788 deaths 43089392 (880.5s) AMD Radeon AI PRO R9700 (RADV GFX1201)
tick   47000 alive  3344466 genomes  981922 energy   213.0 births 43126322 deaths 43121598 (899.6s) AMD Radeon AI PRO R9700 (RADV GFX1201)
tick   48000 alive  3348502 genomes  984405 energy   212.9 births 43170821 deaths 43166785 (918.6s) AMD Radeon AI PRO R9700 (RADV GFX1201)
tick   49000 alive  3343518 genomes  984973 energy   213.1 births 43246929 deaths 43251913 (937.7s) AMD Radeon AI PRO R9700 (RADV GFX1201)
tick   50000 alive  3343865 genomes  983889 energy   213.0 births 43143846 deaths 43143499 (956.8s) AMD Radeon AI PRO R9700 (RADV GFX1201)
tick   51000 alive  3342776 genomes  981279 energy   212.9 births 43221788 deaths 43222877 (975.9s) AMD Radeon AI PRO R9700 (RADV GFX1201)
tick   52000 alive  3354999 genomes  982221 energy   212.8 births 43402850 deaths 43390627 (995.0s) AMD Radeon AI PRO R9700 (RADV GFX1201)
tick   53000 alive  3354384 genomes  979239 energy   213.1 births 43461361 deaths 43461976 (1014.1s) AMD Radeon AI PRO R9700 (RADV GFX1201)
tick   54000 alive  3336371 genomes  980246 energy   212.8 births 43088243 deaths 43106256 (1033.1s) AMD Radeon AI PRO R9700 (RADV GFX1201)
tick   55000 alive  3348860 genomes  979386 energy   212.7 births 43458678 deaths 43446189 (1052.2s) AMD Radeon AI PRO R9700 (RADV GFX1201)
tick   56000 alive  3351869 genomes  976895 energy   212.6 births 43541891 deaths 43538882 (1071.3s) AMD Radeon AI PRO R9700 (RADV GFX1201)
tick   57000 alive  3348256 genomes  976224 energy   212.9 births 43588119 deaths 43591732 (1090.4s) AMD Radeon AI PRO R9700 (RADV GFX1201)
tick   58000 alive  3350501 genomes  973646 energy   212.8 births 43468378 deaths 43466133 (1109.5s) AMD Radeon AI PRO R9700 (RADV GFX1201)
tick   59000 alive  3354158 genomes  973812 energy   212.8 births 43620990 deaths 43617333 (1128.6s) AMD Radeon AI PRO R9700 (RADV GFX1201)
tick   60000 alive  3350945 genomes  975638 energy   212.7 births 43501802 deaths 43505015 (1147.7s) AMD Radeon AI PRO R9700 (RADV GFX1201)
tick   61000 alive  3350965 genomes  974316 energy   212.6 births 43493200 deaths 43493180 (1166.8s) AMD Radeon AI PRO R9700 (RADV GFX1201)
tick   62000 alive  3344452 genomes  971837 energy   212.7 births 43469549 deaths 43476062 (1185.8s) AMD Radeon AI PRO R9700 (RADV GFX1201)
tick   63000 alive  3345779 genomes  967351 energy   212.8 births 43477472 deaths 43476145 (1204.8s) AMD Radeon AI PRO R9700 (RADV GFX1201)
tick   64000 alive  3346178 genomes  967392 energy   212.5 births 43614280 deaths 43613881 (1223.9s) AMD Radeon AI PRO R9700 (RADV GFX1201)
tick   65000 alive  3360897 genomes  968904 energy   212.4 births 43765347 deaths 43750628 (1242.9s) AMD Radeon AI PRO R9700 (RADV GFX1201)
tick   66000 alive  3361703 genomes  964895 energy   212.5 births 43995352 deaths 43994546 (1262.0s) AMD Radeon AI PRO R9700 (RADV GFX1201)
tick   67000 alive  3356463 genomes  963834 energy   212.4 births 43877575 deaths 43882815 (1281.1s) AMD Radeon AI PRO R9700 (RADV GFX1201)
tick   68000 alive  3346487 genomes  963051 energy   212.5 births 43760737 deaths 43770713 (1300.4s) AMD Radeon AI PRO R9700 (RADV GFX1201)
tick   69000 alive  3362976 genomes  963572 energy   212.1 births 44071312 deaths 44054823 (1319.6s) AMD Radeon AI PRO R9700 (RADV GFX1201)
tick   70000 alive  3363122 genomes  959496 energy   212.3 births 44280195 deaths 44280049 (1338.9s) AMD Radeon AI PRO R9700 (RADV GFX1201)
tick   71000 alive  3367781 genomes  957992 energy   212.4 births 44196696 deaths 44192037 (1357.9s) AMD Radeon AI PRO R9700 (RADV GFX1201)
tick   72000 alive  3365191 genomes  955731 energy   212.4 births 44110123 deaths 44112713 (1376.9s) AMD Radeon AI PRO R9700 (RADV GFX1201)
tick   73000 alive  3365917 genomes  953699 energy   212.5 births 44115342 deaths 44114616 (1395.8s) AMD Radeon AI PRO R9700 (RADV GFX1201)
tick   74000 alive  3354835 genomes  951750 energy   212.6 births 43952699 deaths 43963781 (1414.8s) AMD Radeon AI PRO R9700 (RADV GFX1201)
tick   75000 alive  3359834 genomes  952087 energy   211.9 births 44100814 deaths 44095815 (1433.7s) AMD Radeon AI PRO R9700 (RADV GFX1201)
tick   76000 alive  3380083 genomes  951623 energy   212.2 births 44686800 deaths 44666551 (1452.7s) AMD Radeon AI PRO R9700 (RADV GFX1201)
tick   77000 alive  3379403 genomes  949287 energy   212.1 births 44659302 deaths 44659982 (1471.7s) AMD Radeon AI PRO R9700 (RADV GFX1201)
tick   78000 alive  3370465 genomes  948510 energy   212.2 births 44498134 deaths 44507072 (1490.6s) AMD Radeon AI PRO R9700 (RADV GFX1201)
tick   79000 alive  3369420 genomes  943988 energy   212.0 births 44567158 deaths 44568203 (1509.6s) AMD Radeon AI PRO R9700 (RADV GFX1201)
tick   80000 alive  3380051 genomes  939357 energy   212.0 births 44841745 deaths 44831114 (1528.6s) AMD Radeon AI PRO R9700 (RADV GFX1201)
tick   81000 alive  3382419 genomes  935950 energy   212.2 births 44932741 deaths 44930373 (1547.6s) AMD Radeon AI PRO R9700 (RADV GFX1201)
tick   82000 alive  3370315 genomes  935240 energy   212.1 births 44686313 deaths 44698417 (1566.6s) AMD Radeon AI PRO R9700 (RADV GFX1201)
tick   83000 alive  3385463 genomes  933950 energy   211.7 births 44926018 deaths 44910870 (1585.4s) AMD Radeon AI PRO R9700 (RADV GFX1201)
tick   84000 alive  3391548 genomes  931709 energy   211.8 births 45149429 deaths 45143344 (1604.3s) AMD Radeon AI PRO R9700 (RADV GFX1201)
tick   85000 alive  3394075 genomes  931954 energy   212.0 births 45277074 deaths 45274547 (1623.2s) AMD Radeon AI PRO R9700 (RADV GFX1201)
tick   86000 alive  3380646 genomes  926215 energy   211.9 births 45025726 deaths 45039155 (1642.1s) AMD Radeon AI PRO R9700 (RADV GFX1201)
tick   87000 alive  3383876 genomes  922318 energy   211.6 births 45029597 deaths 45026367 (1661.0s) AMD Radeon AI PRO R9700 (RADV GFX1201)
tick   88000 alive  3395141 genomes  920830 energy   212.0 births 45283465 deaths 45272200 (1680.0s) AMD Radeon AI PRO R9700 (RADV GFX1201)
tick   89000 alive  3393263 genomes  916240 energy   211.9 births 45264901 deaths 45266779 (1698.9s) AMD Radeon AI PRO R9700 (RADV GFX1201)
tick   90000 alive  3404181 genomes  914047 energy   211.8 births 45319165 deaths 45308247 (1717.8s) AMD Radeon AI PRO R9700 (RADV GFX1201)
tick   91000 alive  3396118 genomes  911320 energy   211.6 births 45507399 deaths 45515462 (1736.7s) AMD Radeon AI PRO R9700 (RADV GFX1201)
tick   92000 alive  3394832 genomes  910051 energy   211.5 births 45652863 deaths 45654149 (1755.7s) AMD Radeon AI PRO R9700 (RADV GFX1201)
tick   93000 alive  3403318 genomes  905092 energy   211.5 births 45746291 deaths 45737805 (1774.6s) AMD Radeon AI PRO R9700 (RADV GFX1201)
tick   94000 alive  3415189 genomes  902879 energy   211.3 births 45850405 deaths 45838534 (1793.4s) AMD Radeon AI PRO R9700 (RADV GFX1201)
tick   95000 alive  3417398 genomes  902362 energy   211.4 births 46371538 deaths 46369329 (1812.3s) AMD Radeon AI PRO R9700 (RADV GFX1201)
tick   96000 alive  3413580 genomes  898802 energy   211.2 births 46254048 deaths 46257866 (1831.1s) AMD Radeon AI PRO R9700 (RADV GFX1201)
tick   97000 alive  3416300 genomes  896043 energy   211.1 births 46436768 deaths 46434048 (1849.9s) AMD Radeon AI PRO R9700 (RADV GFX1201)
tick   98000 alive  3419719 genomes  893937 energy   211.0 births 46447861 deaths 46444442 (1868.7s) AMD Radeon AI PRO R9700 (RADV GFX1201)
tick   99000 alive  3431467 genomes  894622 energy   210.9 births 46809943 deaths 46798195 (1887.5s) AMD Radeon AI PRO R9700 (RADV GFX1201)
tick  100000 alive  3424889 genomes  892050 energy   211.1 births 46785650 deaths 46792228 (1906.3s) AMD Radeon AI PRO R9700 (RADV GFX1201)
tick  101000 alive  3431281 genomes  889840 energy   210.9 births 46844335 deaths 46837943 (1925.1s) AMD Radeon AI PRO R9700 (RADV GFX1201)
tick  102000 alive  3435931 genomes  884729 energy   210.8 births 47071033 deaths 47066383 (1944.0s) AMD Radeon AI PRO R9700 (RADV GFX1201)
tick  103000 alive  3429251 genomes  882177 energy   210.8 births 47058672 deaths 47065352 (1962.8s) AMD Radeon AI PRO R9700 (RADV GFX1201)
tick  104000 alive  3439200 genomes  879525 energy   210.7 births 47085245 deaths 47075296 (1981.7s) AMD Radeon AI PRO R9700 (RADV GFX1201)
tick  105000 alive  3437284 genomes  881199 energy   210.8 births 47233302 deaths 47235218 (2000.6s) AMD Radeon AI PRO R9700 (RADV GFX1201)
tick  106000 alive  3433560 genomes  879818 energy   210.7 births 47080537 deaths 47084261 (2019.6s) AMD Radeon AI PRO R9700 (RADV GFX1201)
tick  107000 alive  3438572 genomes  876595 energy   210.9 births 47194316 deaths 47189304 (2038.4s) AMD Radeon AI PRO R9700 (RADV GFX1201)
tick  108000 alive  3442162 genomes  873580 energy   210.8 births 47090588 deaths 47086998 (2057.2s) AMD Radeon AI PRO R9700 (RADV GFX1201)
tick  109000 alive  3428674 genomes  869695 energy   210.7 births 47141532 deaths 47155020 (2076.1s) AMD Radeon AI PRO R9700 (RADV GFX1201)
tick  110000 alive  3449042 genomes  869971 energy   210.7 births 47406417 deaths 47386049 (2094.8s) AMD Radeon AI PRO R9700 (RADV GFX1201)
tick  111000 alive  3441351 genomes  862726 energy   210.6 births 47469807 deaths 47477498 (2113.6s) AMD Radeon AI PRO R9700 (RADV GFX1201)
tick  112000 alive  3453808 genomes  864043 energy   210.5 births 47605278 deaths 47592821 (2132.4s) AMD Radeon AI PRO R9700 (RADV GFX1201)
tick  113000 alive  3451244 genomes  859448 energy   210.7 births 47745408 deaths 47747972 (2151.1s) AMD Radeon AI PRO R9700 (RADV GFX1201)
tick  114000 alive  3446807 genomes  856834 energy   210.5 births 47733902 deaths 47738339 (2169.9s) AMD Radeon AI PRO R9700 (RADV GFX1201)
tick  115000 alive  3451686 genomes  857676 energy   210.2 births 47859989 deaths 47855110 (2188.7s) AMD Radeon AI PRO R9700 (RADV GFX1201)
tick  116000 alive  3453220 genomes  850492 energy   210.1 births 48023588 deaths 48022054 (2207.4s) AMD Radeon AI PRO R9700 (RADV GFX1201)
tick  117000 alive  3456296 genomes  846863 energy   210.1 births 48032404 deaths 48029328 (2226.2s) AMD Radeon AI PRO R9700 (RADV GFX1201)
tick  118000 alive  3468403 genomes  848501 energy   210.2 births 48297622 deaths 48285515 (2244.9s) AMD Radeon AI PRO R9700 (RADV GFX1201)
tick  119000 alive  3463190 genomes  841949 energy   210.1 births 48199916 deaths 48205129 (2263.6s) AMD Radeon AI PRO R9700 (RADV GFX1201)
tick  120000 alive  3468413 genomes  837278 energy   210.3 births 48352851 deaths 48347628 (2282.3s) AMD Radeon AI PRO R9700 (RADV GFX1201)
tick  121000 alive  3459681 genomes  832599 energy   210.2 births 48239108 deaths 48247840 (2301.1s) AMD Radeon AI PRO R9700 (RADV GFX1201)
tick  122000 alive  3464881 genomes  831235 energy   210.2 births 48366701 deaths 48361501 (2319.7s) AMD Radeon AI PRO R9700 (RADV GFX1201)
tick  123000 alive  3463764 genomes  833689 energy   210.2 births 48510035 deaths 48511152 (2338.5s) AMD Radeon AI PRO R9700 (RADV GFX1201)
tick  124000 alive  3463141 genomes  833377 energy   209.9 births 48491718 deaths 48492341 (2357.2s) AMD Radeon AI PRO R9700 (RADV GFX1201)
tick  125000 alive  3464966 genomes  831658 energy   209.8 births 48707789 deaths 48705964 (2375.9s) AMD Radeon AI PRO R9700 (RADV GFX1201)
tick  126000 alive  3461595 genomes  831284 energy   209.7 births 48779126 deaths 48782497 (2394.7s) AMD Radeon AI PRO R9700 (RADV GFX1201)
tick  127000 alive  3464172 genomes  833688 energy   209.4 births 48848571 deaths 48845994 (2413.5s) AMD Radeon AI PRO R9700 (RADV GFX1201)
tick  128000 alive  3475906 genomes  835523 energy   209.6 births 49202399 deaths 49190665 (2432.2s) AMD Radeon AI PRO R9700 (RADV GFX1201)
tick  129000 alive  3460908 genomes  833470 energy   209.5 births 49007399 deaths 49022397 (2451.0s) AMD Radeon AI PRO R9700 (RADV GFX1201)
tick  130000 alive  3467576 genomes  834556 energy   209.4 births 49081241 deaths 49074573 (2469.8s) AMD Radeon AI PRO R9700 (RADV GFX1201)
tick  131000 alive  3467633 genomes  832293 energy   209.6 births 49169845 deaths 49169788 (2488.7s) AMD Radeon AI PRO R9700 (RADV GFX1201)
tick  132000 alive  3464085 genomes  833133 energy   209.4 births 48985167 deaths 48988715 (2507.4s) AMD Radeon AI PRO R9700 (RADV GFX1201)
tick  133000 alive  3461945 genomes  831893 energy   209.4 births 49063036 deaths 49065176 (2526.2s) AMD Radeon AI PRO R9700 (RADV GFX1201)
tick  134000 alive  3474796 genomes  828553 energy   209.4 births 49272324 deaths 49259473 (2544.9s) AMD Radeon AI PRO R9700 (RADV GFX1201)
tick  135000 alive  3479864 genomes  823327 energy   209.4 births 49281093 deaths 49276025 (2563.7s) AMD Radeon AI PRO R9700 (RADV GFX1201)
tick  136000 alive  3484095 genomes  819885 energy   209.6 births 49285558 deaths 49281327 (2582.5s) AMD Radeon AI PRO R9700 (RADV GFX1201)
tick  137000 alive  3480333 genomes  811738 energy   209.4 births 49408551 deaths 49412313 (2601.3s) AMD Radeon AI PRO R9700 (RADV GFX1201)
tick  138000 alive  3494680 genomes  805173 energy   208.9 births 49862956 deaths 49848609 (2620.1s) AMD Radeon AI PRO R9700 (RADV GFX1201)
tick  139000 alive  3513071 genomes  798206 energy   208.9 births 50296537 deaths 50278146 (2638.8s) AMD Radeon AI PRO R9700 (RADV GFX1201)
tick  140000 alive  3507222 genomes  794872 energy   209.3 births 50239209 deaths 50245058 (2657.6s) AMD Radeon AI PRO R9700 (RADV GFX1201)
tick  141000 alive  3505667 genomes  792144 energy   209.1 births 50320914 deaths 50322469 (2676.4s) AMD Radeon AI PRO R9700 (RADV GFX1201)
tick  142000 alive  3510860 genomes  791837 energy   209.1 births 50238551 deaths 50233358 (2695.1s) AMD Radeon AI PRO R9700 (RADV GFX1201)
tick  143000 alive  3515940 genomes  789861 energy   208.8 births 50558319 deaths 50553239 (2713.9s) AMD Radeon AI PRO R9700 (RADV GFX1201)
tick  144000 alive  3500033 genomes  786274 energy   209.1 births 50407779 deaths 50423686 (2732.5s) AMD Radeon AI PRO R9700 (RADV GFX1201)
tick  145000 alive  3506621 genomes  785559 energy   208.9 births 50314232 deaths 50307644 (2751.2s) AMD Radeon AI PRO R9700 (RADV GFX1201)
tick  146000 alive  3507617 genomes  786456 energy   208.7 births 50605274 deaths 50604278 (2769.9s) AMD Radeon AI PRO R9700 (RADV GFX1201)
tick  147000 alive  3508109 genomes  784250 energy   208.4 births 50636679 deaths 50636187 (2788.6s) AMD Radeon AI PRO R9700 (RADV GFX1201)
tick  148000 alive  3513378 genomes  785671 energy   208.5 births 51010859 deaths 51005590 (2807.5s) AMD Radeon AI PRO R9700 (RADV GFX1201)
tick  149000 alive  3502398 genomes  785825 energy   208.5 births 50938450 deaths 50949430 (2826.2s) AMD Radeon AI PRO R9700 (RADV GFX1201)
tick  150000 alive  3503261 genomes  786734 energy   208.3 births 50827068 deaths 50826205 (2845.1s) AMD Radeon AI PRO R9700 (RADV GFX1201)
tick  151000 alive  3507140 genomes  788125 energy   208.2 births 51090352 deaths 51086473 (2863.9s) AMD Radeon AI PRO R9700 (RADV GFX1201)
tick  152000 alive  3494064 genomes  787288 energy   208.5 births 50836145 deaths 50849221 (2882.6s) AMD Radeon AI PRO R9700 (RADV GFX1201)
tick  153000 alive  3499511 genomes  783638 energy   208.1 births 50710638 deaths 50705191 (2901.3s) AMD Radeon AI PRO R9700 (RADV GFX1201)
tick  154000 alive  3501013 genomes  781383 energy   208.3 births 50858642 deaths 50857140 (2920.1s) AMD Radeon AI PRO R9700 (RADV GFX1201)
tick  155000 alive  3503888 genomes  778870 energy   208.2 births 51071980 deaths 51069105 (2938.9s) AMD Radeon AI PRO R9700 (RADV GFX1201)
tick  156000 alive  3506790 genomes  776094 energy   208.1 births 51176233 deaths 51173331 (2957.6s) AMD Radeon AI PRO R9700 (RADV GFX1201)
tick  157000 alive  3525173 genomes  776160 energy   208.0 births 51669050 deaths 51650667 (2976.4s) AMD Radeon AI PRO R9700 (RADV GFX1201)
tick  158000 alive  3525717 genomes  771733 energy   208.3 births 51632393 deaths 51631849 (2995.1s) AMD Radeon AI PRO R9700 (RADV GFX1201)
tick  159000 alive  3510036 genomes  766332 energy   208.5 births 51267476 deaths 51283157 (3013.9s) AMD Radeon AI PRO R9700 (RADV GFX1201)
tick  160000 alive  3518788 genomes  767659 energy   208.1 births 51187586 deaths 51178834 (3032.7s) AMD Radeon AI PRO R9700 (RADV GFX1201)
tick  161000 alive  3513946 genomes  766044 energy   208.3 births 51277680 deaths 51282522 (3051.3s) AMD Radeon AI PRO R9700 (RADV GFX1201)
tick  162000 alive  3518400 genomes  763491 energy   208.2 births 51419275 deaths 51414821 (3070.0s) AMD Radeon AI PRO R9700 (RADV GFX1201)
tick  163000 alive  3528041 genomes  764340 energy   208.1 births 51544646 deaths 51535005 (3088.8s) AMD Radeon AI PRO R9700 (RADV GFX1201)
tick  164000 alive  3524682 genomes  765626 energy   208.0 births 51635796 deaths 51639155 (3107.5s) AMD Radeon AI PRO R9700 (RADV GFX1201)
tick  165000 alive  3518358 genomes  764753 energy   208.0 births 51666161 deaths 51672485 (3126.2s) AMD Radeon AI PRO R9700 (RADV GFX1201)
tick  166000 alive  3525270 genomes  762268 energy   208.0 births 51625151 deaths 51618239 (3144.8s) AMD Radeon AI PRO R9700 (RADV GFX1201)
tick  167000 alive  3521322 genomes  764462 energy   208.0 births 51650149 deaths 51654097 (3163.5s) AMD Radeon AI PRO R9700 (RADV GFX1201)
tick  168000 alive  3508291 genomes  763518 energy   208.1 births 51452753 deaths 51465784 (3182.2s) AMD Radeon AI PRO R9700 (RADV GFX1201)
tick  169000 alive  3510215 genomes  763775 energy   207.9 births 51456845 deaths 51454921 (3200.9s) AMD Radeon AI PRO R9700 (RADV GFX1201)
tick  170000 alive  3512577 genomes  759809 energy   207.9 births 51539875 deaths 51537513 (3219.6s) AMD Radeon AI PRO R9700 (RADV GFX1201)
tick  171000 alive  3520590 genomes  758541 energy   207.7 births 51734858 deaths 51726845 (3238.3s) AMD Radeon AI PRO R9700 (RADV GFX1201)
tick  172000 alive  3522482 genomes  759554 energy   207.8 births 51891085 deaths 51889193 (3257.1s) AMD Radeon AI PRO R9700 (RADV GFX1201)
tick  173000 alive  3516542 genomes  758601 energy   207.9 births 51758950 deaths 51764890 (3275.7s) AMD Radeon AI PRO R9700 (RADV GFX1201)
tick  174000 alive  3522904 genomes  759576 energy   207.6 births 51886790 deaths 51880428 (3294.4s) AMD Radeon AI PRO R9700 (RADV GFX1201)
tick  175000 alive  3517680 genomes  754604 energy   207.9 births 51969362 deaths 51974586 (3313.1s) AMD Radeon AI PRO R9700 (RADV GFX1201)
tick  176000 alive  3521609 genomes  750805 energy   207.7 births 51890806 deaths 51886877 (3331.8s) AMD Radeon AI PRO R9700 (RADV GFX1201)
tick  177000 alive  3540650 genomes  750225 energy   207.4 births 52388065 deaths 52369024 (3350.5s) AMD Radeon AI PRO R9700 (RADV GFX1201)
tick  178000 alive  3539961 genomes  747419 energy   207.7 births 52555627 deaths 52556316 (3369.2s) AMD Radeon AI PRO R9700 (RADV GFX1201)
tick  179000 alive  3539891 genomes  746983 energy   207.6 births 52390819 deaths 52390889 (3387.9s) AMD Radeon AI PRO R9700 (RADV GFX1201)
tick  180000 alive  3541195 genomes  741842 energy   207.6 births 52474891 deaths 52473587 (3406.7s) AMD Radeon AI PRO R9700 (RADV GFX1201)
tick  181000 alive  3541940 genomes  740660 energy   207.6 births 52522909 deaths 52522164 (3425.4s) AMD Radeon AI PRO R9700 (RADV GFX1201)
tick  182000 alive  3548305 genomes  740285 energy   207.5 births 52552448 deaths 52546083 (3444.2s) AMD Radeon AI PRO R9700 (RADV GFX1201)
tick  183000 alive  3542324 genomes  739859 energy   207.7 births 52579962 deaths 52585943 (3462.9s) AMD Radeon AI PRO R9700 (RADV GFX1201)
tick  184000 alive  3537858 genomes  741246 energy   207.8 births 52482450 deaths 52486916 (3481.7s) AMD Radeon AI PRO R9700 (RADV GFX1201)
tick  185000 alive  3536535 genomes  738288 energy   207.6 births 52417009 deaths 52418332 (3500.4s) AMD Radeon AI PRO R9700 (RADV GFX1201)
tick  186000 alive  3542066 genomes  737562 energy   207.7 births 52477067 deaths 52471536 (3519.1s) AMD Radeon AI PRO R9700 (RADV GFX1201)
tick  187000 alive  3542267 genomes  736962 energy   207.5 births 52554684 deaths 52554483 (3537.8s) AMD Radeon AI PRO R9700 (RADV GFX1201)
tick  188000 alive  3541169 genomes  734675 energy   207.4 births 52718156 deaths 52719254 (3556.5s) AMD Radeon AI PRO R9700 (RADV GFX1201)
tick  189000 alive  3538509 genomes  736486 energy   207.3 births 52616050 deaths 52618710 (3575.2s) AMD Radeon AI PRO R9700 (RADV GFX1201)
tick  190000 alive  3543635 genomes  736971 energy   207.3 births 52751923 deaths 52746797 (3593.9s) AMD Radeon AI PRO R9700 (RADV GFX1201)
tick  191000 alive  3539651 genomes  736628 energy   207.5 births 52753952 deaths 52757936 (3612.6s) AMD Radeon AI PRO R9700 (RADV GFX1201)
tick  192000 alive  3533610 genomes  734641 energy   207.5 births 52543036 deaths 52549077 (3631.4s) AMD Radeon AI PRO R9700 (RADV GFX1201)
tick  193000 alive  3532930 genomes  731997 energy   207.5 births 52407425 deaths 52408105 (3650.2s) AMD Radeon AI PRO R9700 (RADV GFX1201)
tick  194000 alive  3530785 genomes  733774 energy   207.4 births 52438305 deaths 52440450 (3668.9s) AMD Radeon AI PRO R9700 (RADV GFX1201)
tick  195000 alive  3530739 genomes  737160 energy   207.2 births 52504483 deaths 52504529 (3687.6s) AMD Radeon AI PRO R9700 (RADV GFX1201)
tick  196000 alive  3531796 genomes  739324 energy   207.5 births 52628055 deaths 52626998 (3706.4s) AMD Radeon AI PRO R9700 (RADV GFX1201)
tick  197000 alive  3521796 genomes  738465 energy   207.2 births 52422353 deaths 52432353 (3725.1s) AMD Radeon AI PRO R9700 (RADV GFX1201)
tick  198000 alive  3526148 genomes  738287 energy   207.3 births 52502115 deaths 52497763 (3743.8s) AMD Radeon AI PRO R9700 (RADV GFX1201)
tick  199000 alive  3512470 genomes  741203 energy   207.5 births 52222356 deaths 52236034 (3762.6s) AMD Radeon AI PRO R9700 (RADV GFX1201)
tick  200000 alive  3518252 genomes  743309 energy   207.3 births 52176971 deaths 52171189 (3781.3s) AMD Radeon AI PRO R9700 (RADV GFX1201)
tick  201000 alive  3518233 genomes  743005 energy   207.2 births 52404732 deaths 52404751 (3800.0s) AMD Radeon AI PRO R9700 (RADV GFX1201)
tick  202000 alive  3521175 genomes  745528 energy   207.2 births 52375780 deaths 52372838 (3818.6s) AMD Radeon AI PRO R9700 (RADV GFX1201)
tick  203000 alive  3506837 genomes  744469 energy   207.4 births 52154180 deaths 52168518 (3837.3s) AMD Radeon AI PRO R9700 (RADV GFX1201)
tick  204000 alive  3510742 genomes  745985 energy   207.2 births 51967355 deaths 51963450 (3856.1s) AMD Radeon AI PRO R9700 (RADV GFX1201)
tick  205000 alive  3522138 genomes  743972 energy   207.4 births 52363486 deaths 52352090 (3874.8s) AMD Radeon AI PRO R9700 (RADV GFX1201)
tick  206000 alive  3520629 genomes  742310 energy   207.4 births 52372793 deaths 52374302 (3893.5s) AMD Radeon AI PRO R9700 (RADV GFX1201)
tick  207000 alive  3511616 genomes  742642 energy   207.3 births 52062527 deaths 52071540 (3912.2s) AMD Radeon AI PRO R9700 (RADV GFX1201)
tick  208000 alive  3513205 genomes  741043 energy   207.0 births 52310237 deaths 52308648 (3930.9s) AMD Radeon AI PRO R9700 (RADV GFX1201)
tick  209000 alive  3517870 genomes  737692 energy   207.4 births 52294134 deaths 52289469 (3949.7s) AMD Radeon AI PRO R9700 (RADV GFX1201)
tick  210000 alive  3522890 genomes  739784 energy   207.5 births 52478838 deaths 52473818 (3968.4s) AMD Radeon AI PRO R9700 (RADV GFX1201)
tick  211000 alive  3506444 genomes  740665 energy   207.3 births 52082044 deaths 52098490 (3987.2s) AMD Radeon AI PRO R9700 (RADV GFX1201)
tick  212000 alive  3509878 genomes  744360 energy   207.5 births 52139778 deaths 52136344 (4005.9s) AMD Radeon AI PRO R9700 (RADV GFX1201)
tick  213000 alive  3514107 genomes  746985 energy   207.0 births 52147589 deaths 52143360 (4024.6s) AMD Radeon AI PRO R9700 (RADV GFX1201)
tick  214000 alive  3503059 genomes  748748 energy   207.3 births 52055951 deaths 52066999 (4043.3s) AMD Radeon AI PRO R9700 (RADV GFX1201)
tick  215000 alive  3496378 genomes  750069 energy   207.1 births 51855547 deaths 51862228 (4062.0s) AMD Radeon AI PRO R9700 (RADV GFX1201)
tick  216000 alive  3505048 genomes  749556 energy   207.1 births 52016415 deaths 52007745 (4080.7s) AMD Radeon AI PRO R9700 (RADV GFX1201)
tick  217000 alive  3495673 genomes  748919 energy   207.5 births 51931396 deaths 51940771 (4099.4s) AMD Radeon AI PRO R9700 (RADV GFX1201)
tick  218000 alive  3493304 genomes  749466 energy   207.3 births 51731958 deaths 51734327 (4118.1s) AMD Radeon AI PRO R9700 (RADV GFX1201)
tick  219000 alive  3499282 genomes  752064 energy   207.3 births 51908482 deaths 51902504 (4136.8s) AMD Radeon AI PRO R9700 (RADV GFX1201)
tick  220000 alive  3499678 genomes  752693 energy   207.1 births 51948166 deaths 51947770 (4155.5s) AMD Radeon AI PRO R9700 (RADV GFX1201)
tick  221000 alive  3504775 genomes  751658 energy   207.4 births 51932936 deaths 51927839 (4174.2s) AMD Radeon AI PRO R9700 (RADV GFX1201)
tick  222000 alive  3494402 genomes  752902 energy   207.6 births 51685970 deaths 51696343 (4192.9s) AMD Radeon AI PRO R9700 (RADV GFX1201)
tick  223000 alive  3490323 genomes  758166 energy   207.6 births 51443137 deaths 51447216 (4211.6s) AMD Radeon AI PRO R9700 (RADV GFX1201)
tick  224000 alive  3492299 genomes  756352 energy   207.4 births 51450257 deaths 51448281 (4230.3s) AMD Radeon AI PRO R9700 (RADV GFX1201)
tick  225000 alive  3488044 genomes  756294 energy   207.3 births 51495037 deaths 51499292 (4249.0s) AMD Radeon AI PRO R9700 (RADV GFX1201)
tick  226000 alive  3496985 genomes  752623 energy   207.2 births 51697416 deaths 51688475 (4267.7s) AMD Radeon AI PRO R9700 (RADV GFX1201)
tick  227000 alive  3503947 genomes  749940 energy   207.7 births 51815961 deaths 51808999 (4286.5s) AMD Radeon AI PRO R9700 (RADV GFX1201)
tick  228000 alive  3494873 genomes  747142 energy   207.6 births 51516885 deaths 51525959 (4305.2s) AMD Radeon AI PRO R9700 (RADV GFX1201)
tick  229000 alive  3495492 genomes  748459 energy   207.6 births 51454791 deaths 51454172 (4324.0s) AMD Radeon AI PRO R9700 (RADV GFX1201)
tick  230000 alive  3497112 genomes  746070 energy   207.7 births 51419356 deaths 51417736 (4342.7s) AMD Radeon AI PRO R9700 (RADV GFX1201)
tick  231000 alive  3499653 genomes  745584 energy   207.6 births 51537615 deaths 51535074 (4361.4s) AMD Radeon AI PRO R9700 (RADV GFX1201)
tick  232000 alive  3510120 genomes  742402 energy   207.6 births 51701109 deaths 51690642 (4380.2s) AMD Radeon AI PRO R9700 (RADV GFX1201)
tick  233000 alive  3506966 genomes  741278 energy   207.7 births 51706602 deaths 51709756 (4399.0s) AMD Radeon AI PRO R9700 (RADV GFX1201)
tick  234000 alive  3516357 genomes  738166 energy   207.6 births 51651192 deaths 51641801 (4417.7s) AMD Radeon AI PRO R9700 (RADV GFX1201)
tick  235000 alive  3515260 genomes  735666 energy   207.9 births 51936920 deaths 51938017 (4436.5s) AMD Radeon AI PRO R9700 (RADV GFX1201)
tick  236000 alive  3514411 genomes  734873 energy   207.6 births 51703417 deaths 51704266 (4455.3s) AMD Radeon AI PRO R9700 (RADV GFX1201)
tick  237000 alive  3521936 genomes  733992 energy   207.5 births 51881553 deaths 51874028 (4474.0s) AMD Radeon AI PRO R9700 (RADV GFX1201)
tick  238000 alive  3505144 genomes  735477 energy   207.9 births 51561992 deaths 51578784 (4492.8s) AMD Radeon AI PRO R9700 (RADV GFX1201)
tick  239000 alive  3503826 genomes  734945 energy   207.5 births 51531935 deaths 51533253 (4511.6s) AMD Radeon AI PRO R9700 (RADV GFX1201)
tick  240000 alive  3522244 genomes  737788 energy   207.7 births 51875715 deaths 51857297 (4530.3s) AMD Radeon AI PRO R9700 (RADV GFX1201)
tick  241000 alive  3507295 genomes  739079 energy   207.8 births 51754060 deaths 51769009 (4549.1s) AMD Radeon AI PRO R9700 (RADV GFX1201)
tick  242000 alive  3492471 genomes  744999 energy   207.8 births 51287991 deaths 51302815 (4567.9s) AMD Radeon AI PRO R9700 (RADV GFX1201)
tick  243000 alive  3480489 genomes  746792 energy   207.9 births 50919450 deaths 50931432 (4586.7s) AMD Radeon AI PRO R9700 (RADV GFX1201)
tick  244000 alive  3475741 genomes  748723 energy   207.8 births 50831101 deaths 50835849 (4605.5s) AMD Radeon AI PRO R9700 (RADV GFX1201)
tick  245000 alive  3490993 genomes  750496 energy   207.8 births 51036031 deaths 51020779 (4624.2s) AMD Radeon AI PRO R9700 (RADV GFX1201)
tick  246000 alive  3480616 genomes  750426 energy   207.8 births 50975848 deaths 50986225 (4642.9s) AMD Radeon AI PRO R9700 (RADV GFX1201)
tick  247000 alive  3469670 genomes  751861 energy   208.0 births 50733620 deaths 50744566 (4661.6s) AMD Radeon AI PRO R9700 (RADV GFX1201)
tick  248000 alive  3472388 genomes  753862 energy   207.9 births 50668526 deaths 50665808 (4680.3s) AMD Radeon AI PRO R9700 (RADV GFX1201)
tick  249000 alive  3485012 genomes  756192 energy   207.8 births 50867509 deaths 50854885 (4699.0s) AMD Radeon AI PRO R9700 (RADV GFX1201)
tick  250000 alive  3479670 genomes  756458 energy   207.9 births 50774647 deaths 50779989 (4717.6s) AMD Radeon AI PRO R9700 (RADV GFX1201)
tick  251000 alive  3480000 genomes  756792 energy   208.2 births 50727595 deaths 50727265 (4736.3s) AMD Radeon AI PRO R9700 (RADV GFX1201)
tick  252000 alive  3478938 genomes  755812 energy   208.0 births 50654438 deaths 50655500 (4755.0s) AMD Radeon AI PRO R9700 (RADV GFX1201)
tick  253000 alive  3476002 genomes  758108 energy   208.2 births 50723402 deaths 50726338 (4773.7s) AMD Radeon AI PRO R9700 (RADV GFX1201)
tick  254000 alive  3475041 genomes  759800 energy   208.0 births 50528881 deaths 50529842 (4792.4s) AMD Radeon AI PRO R9700 (RADV GFX1201)
tick  255000 alive  3467820 genomes  759092 energy   208.0 births 50396277 deaths 50403498 (4811.1s) AMD Radeon AI PRO R9700 (RADV GFX1201)
tick  256000 alive  3476920 genomes  760772 energy   207.9 births 50561411 deaths 50552311 (4829.9s) AMD Radeon AI PRO R9700 (RADV GFX1201)
tick  257000 alive  3474878 genomes  759887 energy   207.9 births 50540721 deaths 50542763 (4848.6s) AMD Radeon AI PRO R9700 (RADV GFX1201)
tick  258000 alive  3478389 genomes  762593 energy   207.9 births 50660606 deaths 50657095 (4867.4s) AMD Radeon AI PRO R9700 (RADV GFX1201)
tick  259000 alive  3470687 genomes  761307 energy   208.1 births 50660523 deaths 50668225 (4886.2s) AMD Radeon AI PRO R9700 (RADV GFX1201)
tick  260000 alive  3462480 genomes  761456 energy   208.1 births 50165459 deaths 50173666 (4905.0s) AMD Radeon AI PRO R9700 (RADV GFX1201)
tick  261000 alive  3473456 genomes  762778 energy   207.9 births 50314313 deaths 50303337 (4923.8s) AMD Radeon AI PRO R9700 (RADV GFX1201)
tick  262000 alive  3475300 genomes  761236 energy   208.1 births 50504900 deaths 50503056 (4942.6s) AMD Radeon AI PRO R9700 (RADV GFX1201)
tick  263000 alive  3468477 genomes  760806 energy   208.4 births 50313867 deaths 50320690 (4961.3s) AMD Radeon AI PRO R9700 (RADV GFX1201)
tick  264000 alive  3468425 genomes  758780 energy   208.0 births 50093865 deaths 50093917 (4980.1s) AMD Radeon AI PRO R9700 (RADV GFX1201)
tick  265000 alive  3481268 genomes  757007 energy   208.2 births 50580581 deaths 50567738 (4998.8s) AMD Radeon AI PRO R9700 (RADV GFX1201)
tick  266000 alive  3476616 genomes  756439 energy   208.6 births 50358265 deaths 50362917 (5017.5s) AMD Radeon AI PRO R9700 (RADV GFX1201)
tick  267000 alive  3465655 genomes  756978 energy   208.4 births 50105009 deaths 50115970 (5036.3s) AMD Radeon AI PRO R9700 (RADV GFX1201)
tick  268000 alive  3468690 genomes  759157 energy   208.1 births 50161762 deaths 50158727 (5055.0s) AMD Radeon AI PRO R9700 (RADV GFX1201)
tick  269000 alive  3477728 genomes  756006 energy   208.1 births 50510060 deaths 50501022 (5073.7s) AMD Radeon AI PRO R9700 (RADV GFX1201)
tick  270000 alive  3485568 genomes  755423 energy   208.2 births 50673484 deaths 50665644 (5092.5s) AMD Radeon AI PRO R9700 (RADV GFX1201)
tick  271000 alive  3475180 genomes  753976 energy   208.0 births 50537132 deaths 50547520 (5111.2s) AMD Radeon AI PRO R9700 (RADV GFX1201)
tick  272000 alive  3492133 genomes  753883 energy   208.2 births 50661252 deaths 50644299 (5130.0s) AMD Radeon AI PRO R9700 (RADV GFX1201)
tick  273000 alive  3486108 genomes  754209 energy   208.4 births 50586400 deaths 50592425 (5148.8s) AMD Radeon AI PRO R9700 (RADV GFX1201)
tick  274000 alive  3476558 genomes  752594 energy   208.4 births 50229471 deaths 50239021 (5167.4s) AMD Radeon AI PRO R9700 (RADV GFX1201)
tick  275000 alive  3479787 genomes  756158 energy   208.4 births 50338651 deaths 50335422 (5186.1s) AMD Radeon AI PRO R9700 (RADV GFX1201)
tick  276000 alive  3472441 genomes  757323 energy   208.5 births 50135570 deaths 50142916 (5204.8s) AMD Radeon AI PRO R9700 (RADV GFX1201)
tick  277000 alive  3480925 genomes  755624 energy   208.5 births 49913373 deaths 49904889 (5223.5s) AMD Radeon AI PRO R9700 (RADV GFX1201)
tick  278000 alive  3478579 genomes  755599 energy   208.6 births 50123138 deaths 50125484 (5242.2s) AMD Radeon AI PRO R9700 (RADV GFX1201)
tick  279000 alive  3456713 genomes  753612 energy   208.5 births 49586409 deaths 49608275 (5260.9s) AMD Radeon AI PRO R9700 (RADV GFX1201)
tick  280000 alive  3469936 genomes  756748 energy   208.5 births 49900369 deaths 49887146 (5279.6s) AMD Radeon AI PRO R9700 (RADV GFX1201)
tick  281000 alive  3470833 genomes  757614 energy   208.5 births 50010334 deaths 50009437 (5298.4s) AMD Radeon AI PRO R9700 (RADV GFX1201)
tick  282000 alive  3470050 genomes  756142 energy   208.5 births 49908175 deaths 49908958 (5317.2s) AMD Radeon AI PRO R9700 (RADV GFX1201)
tick  283000 alive  3467564 genomes  757940 energy   208.6 births 49787916 deaths 49790402 (5335.9s) AMD Radeon AI PRO R9700 (RADV GFX1201)
tick  284000 alive  3455173 genomes  759204 energy   208.8 births 49590666 deaths 49603057 (5354.7s) AMD Radeon AI PRO R9700 (RADV GFX1201)
tick  285000 alive  3461508 genomes  761903 energy   208.8 births 49447833 deaths 49441498 (5373.5s) AMD Radeon AI PRO R9700 (RADV GFX1201)
tick  286000 alive  3457948 genomes  761893 energy   208.5 births 49554285 deaths 49557845 (5392.3s) AMD Radeon AI PRO R9700 (RADV GFX1201)
tick  287000 alive  3459894 genomes  760167 energy   208.5 births 49726085 deaths 49724139 (5411.1s) AMD Radeon AI PRO R9700 (RADV GFX1201)
tick  288000 alive  3473924 genomes  758747 energy   208.5 births 49732298 deaths 49718268 (5429.9s) AMD Radeon AI PRO R9700 (RADV GFX1201)
tick  289000 alive  3460252 genomes  759355 energy   208.7 births 49697465 deaths 49711137 (5448.6s) AMD Radeon AI PRO R9700 (RADV GFX1201)
tick  290000 alive  3467806 genomes  759894 energy   208.9 births 49631629 deaths 49624075 (5467.3s) AMD Radeon AI PRO R9700 (RADV GFX1201)
tick  291000 alive  3459389 genomes  761242 energy   209.0 births 49239793 deaths 49248210 (5486.0s) AMD Radeon AI PRO R9700 (RADV GFX1201)
tick  292000 alive  3449456 genomes  764922 energy   209.2 births 49103491 deaths 49113424 (5504.7s) AMD Radeon AI PRO R9700 (RADV GFX1201)
tick  293000 alive  3444051 genomes  766597 energy   209.0 births 48816002 deaths 48821407 (5523.4s) AMD Radeon AI PRO R9700 (RADV GFX1201)
tick  294000 alive  3451746 genomes  764680 energy   208.7 births 49110703 deaths 49103008 (5542.1s) AMD Radeon AI PRO R9700 (RADV GFX1201)
tick  295000 alive  3457302 genomes  762357 energy   209.0 births 49321736 deaths 49316180 (5560.8s) AMD Radeon AI PRO R9700 (RADV GFX1201)
tick  296000 alive  3463150 genomes  759247 energy   208.9 births 49374779 deaths 49368931 (5579.5s) AMD Radeon AI PRO R9700 (RADV GFX1201)
tick  297000 alive  3461847 genomes  758164 energy   209.1 births 49351242 deaths 49352545 (5598.3s) AMD Radeon AI PRO R9700 (RADV GFX1201)
tick  298000 alive  3464604 genomes  758753 energy   209.2 births 49215332 deaths 49212575 (5617.0s) AMD Radeon AI PRO R9700 (RADV GFX1201)
tick  299000 alive  3464428 genomes  759138 energy   209.1 births 49217087 deaths 49217263 (5635.9s) AMD Radeon AI PRO R9700 (RADV GFX1201)
tick  300000 alive  3457696 genomes  761394 energy   209.1 births 49044233 deaths 49050965 (5654.6s) AMD Radeon AI PRO R9700 (RADV GFX1201)
tick  301000 alive  3451483 genomes  761487 energy   208.8 births 49139032 deaths 49145245 (5673.4s) AMD Radeon AI PRO R9700 (RADV GFX1201)
tick  302000 alive  3455925 genomes  761211 energy   208.7 births 49263284 deaths 49258842 (5692.2s) AMD Radeon AI PRO R9700 (RADV GFX1201)
tick  303000 alive  3456600 genomes  762863 energy   209.3 births 49182623 deaths 49181948 (5710.9s) AMD Radeon AI PRO R9700 (RADV GFX1201)
tick  304000 alive  3446351 genomes  762560 energy   209.4 births 48841404 deaths 48851653 (5729.6s) AMD Radeon AI PRO R9700 (RADV GFX1201)
tick  305000 alive  3440719 genomes  764425 energy   209.1 births 48658699 deaths 48664331 (5748.3s) AMD Radeon AI PRO R9700 (RADV GFX1201)
tick  306000 alive  3448316 genomes  765951 energy   209.3 births 48680455 deaths 48672858 (5767.0s) AMD Radeon AI PRO R9700 (RADV GFX1201)
tick  307000 alive  3445961 genomes  764843 energy   209.1 births 48860566 deaths 48862921 (5785.7s) AMD Radeon AI PRO R9700 (RADV GFX1201)
tick  308000 alive  3453450 genomes  765143 energy   209.3 births 48870756 deaths 48863267 (5804.5s) AMD Radeon AI PRO R9700 (RADV GFX1201)
tick  309000 alive  3450433 genomes  764983 energy   209.1 births 48727550 deaths 48730567 (5823.3s) AMD Radeon AI PRO R9700 (RADV GFX1201)
tick  310000 alive  3459542 genomes  762553 energy   209.2 births 48871285 deaths 48862176 (5842.1s) AMD Radeon AI PRO R9700 (RADV GFX1201)
tick  311000 alive  3457067 genomes  762023 energy   209.4 births 48795257 deaths 48797732 (5860.8s) AMD Radeon AI PRO R9700 (RADV GFX1201)
tick  312000 alive  3448858 genomes  763761 energy   209.0 births 48732735 deaths 48740944 (5879.6s) AMD Radeon AI PRO R9700 (RADV GFX1201)
tick  313000 alive  3448673 genomes  764139 energy   208.9 births 48844130 deaths 48844315 (5898.3s) AMD Radeon AI PRO R9700 (RADV GFX1201)
tick  314000 alive  3460239 genomes  764461 energy   209.4 births 48958895 deaths 48947329 (5917.0s) AMD Radeon AI PRO R9700 (RADV GFX1201)
tick  315000 alive  3454249 genomes  766114 energy   209.2 births 48920079 deaths 48926069 (5935.7s) AMD Radeon AI PRO R9700 (RADV GFX1201)
tick  316000 alive  3440673 genomes  764381 energy   209.4 births 48655055 deaths 48668631 (5954.4s) AMD Radeon AI PRO R9700 (RADV GFX1201)
tick  317000 alive  3449280 genomes  768165 energy   209.5 births 48672556 deaths 48663949 (5973.0s) AMD Radeon AI PRO R9700 (RADV GFX1201)
tick  318000 alive  3452216 genomes  769374 energy   209.7 births 48528449 deaths 48525513 (5991.7s) AMD Radeon AI PRO R9700 (RADV GFX1201)
tick  319000 alive  3434994 genomes  769423 energy   209.8 births 48379774 deaths 48396996 (6010.4s) AMD Radeon AI PRO R9700 (RADV GFX1201)
tick  320000 alive  3444936 genomes  772311 energy   209.5 births 48112324 deaths 48102382 (6029.2s) AMD Radeon AI PRO R9700 (RADV GFX1201)
tick  321000 alive  3430046 genomes  773502 energy   209.7 births 47952268 deaths 47967158 (6047.9s) AMD Radeon AI PRO R9700 (RADV GFX1201)
tick  322000 alive  3443295 genomes  775131 energy   209.8 births 48114588 deaths 48101339 (6066.6s) AMD Radeon AI PRO R9700 (RADV GFX1201)
tick  323000 alive  3444884 genomes  773007 energy   209.6 births 48181259 deaths 48179670 (6085.3s) AMD Radeon AI PRO R9700 (RADV GFX1201)
tick  324000 alive  3446101 genomes  768726 energy   209.5 births 48335600 deaths 48334383 (6104.0s) AMD Radeon AI PRO R9700 (RADV GFX1201)
tick  325000 alive  3448085 genomes  766066 energy   209.7 births 48277455 deaths 48275471 (6122.7s) AMD Radeon AI PRO R9700 (RADV GFX1201)
tick  326000 alive  3449773 genomes  763921 energy   209.5 births 48498030 deaths 48496342 (6141.3s) AMD Radeon AI PRO R9700 (RADV GFX1201)
tick  327000 alive  3460044 genomes  761563 energy   209.5 births 48726749 deaths 48716478 (6160.0s) AMD Radeon AI PRO R9700 (RADV GFX1201)
tick  328000 alive  3462179 genomes  760871 energy   209.6 births 48636954 deaths 48634819 (6178.8s) AMD Radeon AI PRO R9700 (RADV GFX1201)
tick  329000 alive  3461316 genomes  759618 energy   209.7 births 48603845 deaths 48604708 (6197.5s) AMD Radeon AI PRO R9700 (RADV GFX1201)
tick  330000 alive  3449720 genomes  760882 energy   209.5 births 48569635 deaths 48581231 (6216.2s) AMD Radeon AI PRO R9700 (RADV GFX1201)
tick  331000 alive  3459204 genomes  758788 energy   209.5 births 48698391 deaths 48688907 (6234.8s) AMD Radeon AI PRO R9700 (RADV GFX1201)
tick  332000 alive  3462570 genomes  756620 energy   209.4 births 48770555 deaths 48767189 (6253.6s) AMD Radeon AI PRO R9700 (RADV GFX1201)
tick  333000 alive  3460281 genomes  758156 energy   209.4 births 48729536 deaths 48731825 (6272.3s) AMD Radeon AI PRO R9700 (RADV GFX1201)
tick  334000 alive  3452207 genomes  760981 energy   209.3 births 48675677 deaths 48683751 (6291.1s) AMD Radeon AI PRO R9700 (RADV GFX1201)
tick  335000 alive  3448825 genomes  760037 energy   209.5 births 48606398 deaths 48609780 (6309.9s) AMD Radeon AI PRO R9700 (RADV GFX1201)
tick  336000 alive  3457237 genomes  761677 energy   209.4 births 48569001 deaths 48560589 (6328.7s) AMD Radeon AI PRO R9700 (RADV GFX1201)
tick  337000 alive  3451322 genomes  762767 energy   209.7 births 48487496 deaths 48493411 (6347.5s) AMD Radeon AI PRO R9700 (RADV GFX1201)
tick  338000 alive  3447263 genomes  764080 energy   209.7 births 48309521 deaths 48313580 (6366.3s) AMD Radeon AI PRO R9700 (RADV GFX1201)
tick  339000 alive  3440655 genomes  765283 energy   209.4 births 48291433 deaths 48298041 (6385.0s) AMD Radeon AI PRO R9700 (RADV GFX1201)
tick  340000 alive  3440336 genomes  766571 energy   209.5 births 48366779 deaths 48367098 (6403.8s) AMD Radeon AI PRO R9700 (RADV GFX1201)
tick  341000 alive  3435699 genomes  768465 energy   209.7 births 48164902 deaths 48169539 (6422.5s) AMD Radeon AI PRO R9700 (RADV GFX1201)
tick  342000 alive  3439207 genomes  769256 energy   209.5 births 48219984 deaths 48216476 (6441.2s) AMD Radeon AI PRO R9700 (RADV GFX1201)
tick  343000 alive  3449175 genomes  769947 energy   209.5 births 48375708 deaths 48365740 (6459.9s) AMD Radeon AI PRO R9700 (RADV GFX1201)
tick  344000 alive  3441111 genomes  767503 energy   209.7 births 48108478 deaths 48116542 (6478.7s) AMD Radeon AI PRO R9700 (RADV GFX1201)
tick  345000 alive  3442448 genomes  765462 energy   209.4 births 48114230 deaths 48112893 (6497.4s) AMD Radeon AI PRO R9700 (RADV GFX1201)
tick  346000 alive  3454185 genomes  764877 energy   209.5 births 48474321 deaths 48462584 (6516.1s) AMD Radeon AI PRO R9700 (RADV GFX1201)
tick  347000 alive  3442010 genomes  762484 energy   209.5 births 48291059 deaths 48303234 (6534.8s) AMD Radeon AI PRO R9700 (RADV GFX1201)
tick  348000 alive  3463033 genomes  760162 energy   209.4 births 48461939 deaths 48440916 (6553.4s) AMD Radeon AI PRO R9700 (RADV GFX1201)
tick  349000 alive  3455100 genomes  759977 energy   209.6 births 48561445 deaths 48569378 (6572.1s) AMD Radeon AI PRO R9700 (RADV GFX1201)
tick  350000 alive  3453744 genomes  760738 energy   209.6 births 48499279 deaths 48500635 (6590.7s) AMD Radeon AI PRO R9700 (RADV GFX1201)
tick  351000 alive  3447310 genomes  760990 energy   209.8 births 48313012 deaths 48319446 (6609.5s) AMD Radeon AI PRO R9700 (RADV GFX1201)
tick  352000 alive  3446397 genomes  761179 energy   209.7 births 48171920 deaths 48172833 (6628.2s) AMD Radeon AI PRO R9700 (RADV GFX1201)
tick  353000 alive  3443983 genomes  763372 energy   209.8 births 48167972 deaths 48170386 (6647.0s) AMD Radeon AI PRO R9700 (RADV GFX1201)
tick  354000 alive  3441196 genomes  763680 energy   209.9 births 48026786 deaths 48029573 (6665.7s) AMD Radeon AI PRO R9700 (RADV GFX1201)
tick  355000 alive  3445685 genomes  764775 energy   209.6 births 47988375 deaths 47983886 (6684.4s) AMD Radeon AI PRO R9700 (RADV GFX1201)
tick  356000 alive  3436686 genomes  768986 energy   210.0 births 47779251 deaths 47788250 (6703.2s) AMD Radeon AI PRO R9700 (RADV GFX1201)
tick  357000 alive  3441610 genomes  769005 energy   210.0 births 47785761 deaths 47780837 (6721.9s) AMD Radeon AI PRO R9700 (RADV GFX1201)
tick  358000 alive  3436259 genomes  766053 energy   210.1 births 47658555 deaths 47663906 (6740.6s) AMD Radeon AI PRO R9700 (RADV GFX1201)
tick  359000 alive  3425494 genomes  767602 energy   210.5 births 47382290 deaths 47393055 (6759.2s) AMD Radeon AI PRO R9700 (RADV GFX1201)
tick  360000 alive  3431260 genomes  767054 energy   210.2 births 47358739 deaths 47352973 (6777.9s) AMD Radeon AI PRO R9700 (RADV GFX1201)
tick  361000 alive  3431984 genomes  762903 energy   209.9 births 47548829 deaths 47548105 (6796.6s) AMD Radeon AI PRO R9700 (RADV GFX1201)
tick  362000 alive  3448704 genomes  762818 energy   209.8 births 47996710 deaths 47979990 (6815.2s) AMD Radeon AI PRO R9700 (RADV GFX1201)
tick  363000 alive  3441683 genomes  763745 energy   209.9 births 48082077 deaths 48089098 (6833.9s) AMD Radeon AI PRO R9700 (RADV GFX1201)
tick  364000 alive  3438047 genomes  763853 energy   209.8 births 47971576 deaths 47975212 (6852.6s) AMD Radeon AI PRO R9700 (RADV GFX1201)
tick  365000 alive  3436812 genomes  764203 energy   209.6 births 47902627 deaths 47903862 (6871.3s) AMD Radeon AI PRO R9700 (RADV GFX1201)
tick  366000 alive  3432604 genomes  766276 energy   210.1 births 47786380 deaths 47790588 (6890.0s) AMD Radeon AI PRO R9700 (RADV GFX1201)
tick  367000 alive  3422271 genomes  765331 energy   210.0 births 47468540 deaths 47478873 (6908.7s) AMD Radeon AI PRO R9700 (RADV GFX1201)
tick  368000 alive  3422297 genomes  768193 energy   209.9 births 47608021 deaths 47607995 (6927.4s) AMD Radeon AI PRO R9700 (RADV GFX1201)
tick  369000 alive  3430948 genomes  766234 energy   210.0 births 47759250 deaths 47750599 (6946.1s) AMD Radeon AI PRO R9700 (RADV GFX1201)
tick  370000 alive  3433799 genomes  765450 energy   210.0 births 47696108 deaths 47693257 (6964.8s) AMD Radeon AI PRO R9700 (RADV GFX1201)
tick  371000 alive  3428284 genomes  766919 energy   210.1 births 47563674 deaths 47569189 (6983.5s) AMD Radeon AI PRO R9700 (RADV GFX1201)
tick  372000 alive  3436365 genomes  763928 energy   209.9 births 47683512 deaths 47675431 (7002.2s) AMD Radeon AI PRO R9700 (RADV GFX1201)
tick  373000 alive  3437856 genomes  763638 energy   210.1 births 47766332 deaths 47764841 (7020.9s) AMD Radeon AI PRO R9700 (RADV GFX1201)
tick  374000 alive  3437026 genomes  765554 energy   210.1 births 47605054 deaths 47605884 (7039.5s) AMD Radeon AI PRO R9700 (RADV GFX1201)
tick  375000 alive  3435757 genomes  764557 energy   210.0 births 47603936 deaths 47605205 (7058.2s) AMD Radeon AI PRO R9700 (RADV GFX1201)
tick  376000 alive  3437819 genomes  763411 energy   209.8 births 47696848 deaths 47694786 (7076.9s) AMD Radeon AI PRO R9700 (RADV GFX1201)
tick  377000 alive  3443876 genomes  763148 energy   209.8 births 47954958 deaths 47948901 (7095.6s) AMD Radeon AI PRO R9700 (RADV GFX1201)
tick  378000 alive  3443937 genomes  762800 energy   209.8 births 48073138 deaths 48073077 (7114.3s) AMD Radeon AI PRO R9700 (RADV GFX1201)
tick  379000 alive  3443590 genomes  761319 energy   209.9 births 47939346 deaths 47939693 (7132.9s) AMD Radeon AI PRO R9700 (RADV GFX1201)
tick  380000 alive  3440082 genomes  762244 energy   209.7 births 48076453 deaths 48079961 (7151.6s) AMD Radeon AI PRO R9700 (RADV GFX1201)
tick  381000 alive  3445384 genomes  761181 energy   209.9 births 48082869 deaths 48077567 (7170.4s) AMD Radeon AI PRO R9700 (RADV GFX1201)
tick  382000 alive  3442340 genomes  764397 energy   210.1 births 47979944 deaths 47982988 (7189.1s) AMD Radeon AI PRO R9700 (RADV GFX1201)
tick  383000 alive  3431141 genomes  765298 energy   210.0 births 47639593 deaths 47650792 (7207.7s) AMD Radeon AI PRO R9700 (RADV GFX1201)
tick  384000 alive  3433304 genomes  767538 energy   210.1 births 47459550 deaths 47457387 (7226.4s) AMD Radeon AI PRO R9700 (RADV GFX1201)
tick  385000 alive  3417064 genomes  768575 energy   210.2 births 47328415 deaths 47344655 (7245.1s) AMD Radeon AI PRO R9700 (RADV GFX1201)
tick  386000 alive  3425620 genomes  769139 energy   210.1 births 47338211 deaths 47329655 (7263.8s) AMD Radeon AI PRO R9700 (RADV GFX1201)
tick  387000 alive  3421485 genomes  769467 energy   210.5 births 47319706 deaths 47323841 (7282.5s) AMD Radeon AI PRO R9700 (RADV GFX1201)
tick  388000 alive  3421049 genomes  770763 energy   210.1 births 47246378 deaths 47246814 (7301.3s) AMD Radeon AI PRO R9700 (RADV GFX1201)
tick  389000 alive  3428531 genomes  769910 energy   209.8 births 47454366 deaths 47446884 (7320.0s) AMD Radeon AI PRO R9700 (RADV GFX1201)
tick  390000 alive  3430779 genomes  768686 energy   209.9 births 47653604 deaths 47651356 (7338.6s) AMD Radeon AI PRO R9700 (RADV GFX1201)
tick  391000 alive  3428452 genomes  766107 energy   209.9 births 47796087 deaths 47798414 (7357.3s) AMD Radeon AI PRO R9700 (RADV GFX1201)
tick  392000 alive  3443825 genomes  768821 energy   209.9 births 47894077 deaths 47878704 (7376.1s) AMD Radeon AI PRO R9700 (RADV GFX1201)
tick  393000 alive  3432750 genomes  768401 energy   210.0 births 47724425 deaths 47735500 (7394.8s) AMD Radeon AI PRO R9700 (RADV GFX1201)
tick  394000 alive  3426880 genomes  768570 energy   209.7 births 47560624 deaths 47566494 (7413.6s) AMD Radeon AI PRO R9700 (RADV GFX1201)
tick  395000 alive  3438546 genomes  765829 energy   209.8 births 47936183 deaths 47924517 (7432.5s) AMD Radeon AI PRO R9700 (RADV GFX1201)
tick  396000 alive  3446925 genomes  763305 energy   210.0 births 47910048 deaths 47901669 (7451.3s) AMD Radeon AI PRO R9700 (RADV GFX1201)
tick  397000 alive  3442718 genomes  763134 energy   209.9 births 47879007 deaths 47883214 (7470.0s) AMD Radeon AI PRO R9700 (RADV GFX1201)
tick  398000 alive  3432838 genomes  765219 energy   210.0 births 47675646 deaths 47685526 (7488.6s) AMD Radeon AI PRO R9700 (RADV GFX1201)
tick  399000 alive  3434333 genomes  763571 energy   210.2 births 47581579 deaths 47580084 (7507.3s) AMD Radeon AI PRO R9700 (RADV GFX1201)
tick  400000 alive  3433697 genomes  764376 energy   210.2 births 47513878 deaths 47514514 (7526.0s) AMD Radeon AI PRO R9700 (RADV GFX1201)
tick  401000 alive  3427570 genomes  766966 energy   210.3 births 47304095 deaths 47310222 (7544.7s) AMD Radeon AI PRO R9700 (RADV GFX1201)
tick  402000 alive  3423056 genomes  768355 energy   209.9 births 47417992 deaths 47422506 (7563.4s) AMD Radeon AI PRO R9700 (RADV GFX1201)
tick  403000 alive  3428921 genomes  766342 energy   209.8 births 47567201 deaths 47561336 (7582.1s) AMD Radeon AI PRO R9700 (RADV GFX1201)
tick  404000 alive  3438835 genomes  764055 energy   210.0 births 47682204 deaths 47672290 (7600.8s) AMD Radeon AI PRO R9700 (RADV GFX1201)
tick  405000 alive  3441884 genomes  766524 energy   210.2 births 47690976 deaths 47687927 (7619.4s) AMD Radeon AI PRO R9700 (RADV GFX1201)
tick  406000 alive  3424450 genomes  765382 energy   210.3 births 47270929 deaths 47288363 (7638.1s) AMD Radeon AI PRO R9700 (RADV GFX1201)
tick  407000 alive  3431022 genomes  764081 energy   210.5 births 47238340 deaths 47231768 (7656.8s) AMD Radeon AI PRO R9700 (RADV GFX1201)
tick  408000 alive  3425687 genomes  767177 energy   210.4 births 47210139 deaths 47215474 (7675.5s) AMD Radeon AI PRO R9700 (RADV GFX1201)
tick  409000 alive  3423469 genomes  767494 energy   210.4 births 47128854 deaths 47131072 (7694.2s) AMD Radeon AI PRO R9700 (RADV GFX1201)
tick  410000 alive  3427428 genomes  767174 energy   210.1 births 47208792 deaths 47204833 (7712.8s) AMD Radeon AI PRO R9700 (RADV GFX1201)
tick  411000 alive  3433913 genomes  764436 energy   210.3 births 47222930 deaths 47216445 (7731.5s) AMD Radeon AI PRO R9700 (RADV GFX1201)
tick  412000 alive  3435057 genomes  767358 energy   210.5 births 47459691 deaths 47458547 (7750.2s) AMD Radeon AI PRO R9700 (RADV GFX1201)
tick  413000 alive  3427419 genomes  766096 energy   210.5 births 47146837 deaths 47154475 (7769.0s) AMD Radeon AI PRO R9700 (RADV GFX1201)
tick  414000 alive  3428562 genomes  767774 energy   210.5 births 47088085 deaths 47086942 (7787.7s) AMD Radeon AI PRO R9700 (RADV GFX1201)
tick  415000 alive  3421959 genomes  768210 energy   210.4 births 47004749 deaths 47011352 (7806.5s) AMD Radeon AI PRO R9700 (RADV GFX1201)
tick  416000 alive  3440460 genomes  768136 energy   210.5 births 47260413 deaths 47241912 (7825.2s) AMD Radeon AI PRO R9700 (RADV GFX1201)
tick  417000 alive  3423004 genomes  767722 energy   210.6 births 46958369 deaths 46975825 (7843.9s) AMD Radeon AI PRO R9700 (RADV GFX1201)
tick  418000 alive  3420416 genomes  771165 energy   210.7 births 46796948 deaths 46799536 (7862.6s) AMD Radeon AI PRO R9700 (RADV GFX1201)
tick  419000 alive  3420860 genomes  774188 energy   210.7 births 46802683 deaths 46802239 (7881.3s) AMD Radeon AI PRO R9700 (RADV GFX1201)
tick  420000 alive  3403528 genomes  776004 energy   210.4 births 46611776 deaths 46629108 (7899.9s) AMD Radeon AI PRO R9700 (RADV GFX1201)
tick  421000 alive  3411216 genomes  776603 energy   210.5 births 46663636 deaths 46655948 (7918.6s) AMD Radeon AI PRO R9700 (RADV GFX1201)
tick  422000 alive  3414719 genomes  778151 energy   210.4 births 46770649 deaths 46767146 (7937.3s) AMD Radeon AI PRO R9700 (RADV GFX1201)
tick  423000 alive  3411005 genomes  779572 energy   210.6 births 46677725 deaths 46681439 (7956.0s) AMD Radeon AI PRO R9700 (RADV GFX1201)
tick  424000 alive  3409661 genomes  779997 energy   210.4 births 46780143 deaths 46781487 (7974.7s) AMD Radeon AI PRO R9700 (RADV GFX1201)
tick  425000 alive  3421395 genomes  776434 energy   210.3 births 46953597 deaths 46941863 (7993.3s) AMD Radeon AI PRO R9700 (RADV GFX1201)
tick  426000 alive  3414062 genomes  775945 energy   210.6 births 46871103 deaths 46878436 (8012.0s) AMD Radeon AI PRO R9700 (RADV GFX1201)
tick  427000 alive  3416155 genomes  773176 energy   210.2 births 46822946 deaths 46820853 (8030.7s) AMD Radeon AI PRO R9700 (RADV GFX1201)
tick  428000 alive  3428093 genomes  772894 energy   210.4 births 47192926 deaths 47180988 (8049.4s) AMD Radeon AI PRO R9700 (RADV GFX1201)
tick  429000 alive  3427005 genomes  770823 energy   210.5 births 47043993 deaths 47045081 (8068.1s) AMD Radeon AI PRO R9700 (RADV GFX1201)
tick  430000 alive  3424322 genomes  770690 energy   210.6 births 47039223 deaths 47041906 (8086.8s) AMD Radeon AI PRO R9700 (RADV GFX1201)
tick  431000 alive  3411470 genomes  767670 energy   210.3 births 46918764 deaths 46931616 (8105.6s) AMD Radeon AI PRO R9700 (RADV GFX1201)
tick  432000 alive  3429743 genomes  768627 energy   210.2 births 47343746 deaths 47325473 (8124.3s) AMD Radeon AI PRO R9700 (RADV GFX1201)
tick  433000 alive  3440194 genomes  763559 energy   210.2 births 47498792 deaths 47488341 (8143.0s) AMD Radeon AI PRO R9700 (RADV GFX1201)
tick  434000 alive  3435785 genomes  762207 energy   210.5 births 47373634 deaths 47378043 (8161.7s) AMD Radeon AI PRO R9700 (RADV GFX1201)
tick  435000 alive  3433052 genomes  764464 energy   210.1 births 47307005 deaths 47309738 (8180.3s) AMD Radeon AI PRO R9700 (RADV GFX1201)
tick  436000 alive  3434113 genomes  761402 energy   210.1 births 47496168 deaths 47495107 (8199.0s) AMD Radeon AI PRO R9700 (RADV GFX1201)
tick  437000 alive  3442165 genomes  758828 energy   210.2 births 47675560 deaths 47667508 (8217.7s) AMD Radeon AI PRO R9700 (RADV GFX1201)
tick  438000 alive  3446077 genomes  755741 energy   210.5 births 47540588 deaths 47536676 (8236.4s) AMD Radeon AI PRO R9700 (RADV GFX1201)
tick  439000 alive  3443206 genomes  757822 energy   210.6 births 47319076 deaths 47321947 (8255.1s) AMD Radeon AI PRO R9700 (RADV GFX1201)
tick  440000 alive  3424537 genomes  756459 energy   210.5 births 47033209 deaths 47051878 (8273.8s) AMD Radeon AI PRO R9700 (RADV GFX1201)
tick  441000 alive  3436714 genomes  758231 energy   210.5 births 47122177 deaths 47110000 (8292.5s) AMD Radeon AI PRO R9700 (RADV GFX1201)
tick  442000 alive  3425290 genomes  759883 energy   210.5 births 47037387 deaths 47048811 (8311.4s) AMD Radeon AI PRO R9700 (RADV GFX1201)
tick  443000 alive  3424983 genomes  762095 energy   210.5 births 46888406 deaths 46888713 (8330.1s) AMD Radeon AI PRO R9700 (RADV GFX1201)
tick  444000 alive  3432250 genomes  760805 energy   210.4 births 47073559 deaths 47066292 (8348.8s) AMD Radeon AI PRO R9700 (RADV GFX1201)
tick  445000 alive  3436438 genomes  759435 energy   210.3 births 47268460 deaths 47264272 (8367.5s) AMD Radeon AI PRO R9700 (RADV GFX1201)
tick  446000 alive  3439824 genomes  759148 energy   210.4 births 47280376 deaths 47276990 (8386.2s) AMD Radeon AI PRO R9700 (RADV GFX1201)
tick  447000 alive  3426863 genomes  762678 energy   210.6 births 47214423 deaths 47227384 (8405.0s) AMD Radeon AI PRO R9700 (RADV GFX1201)
tick  448000 alive  3418028 genomes  764563 energy   210.4 births 46847428 deaths 46856263 (8423.6s) AMD Radeon AI PRO R9700 (RADV GFX1201)
tick  449000 alive  3425400 genomes  766977 energy   210.4 births 47050845 deaths 47043473 (8442.4s) AMD Radeon AI PRO R9700 (RADV GFX1201)
tick  450000 alive  3416255 genomes  764516 energy   210.6 births 46782597 deaths 46791742 (8461.1s) AMD Radeon AI PRO R9700 (RADV GFX1201)
tick  451000 alive  3416639 genomes  767546 energy   210.7 births 46649774 deaths 46649390 (8479.7s) AMD Radeon AI PRO R9700 (RADV GFX1201)
tick  452000 alive  3414490 genomes  768925 energy   210.6 births 46733650 deaths 46735799 (8498.4s) AMD Radeon AI PRO R9700 (RADV GFX1201)
tick  453000 alive  3419068 genomes  767835 energy   210.5 births 46806696 deaths 46802118 (8517.1s) AMD Radeon AI PRO R9700 (RADV GFX1201)
tick  454000 alive  3417340 genomes  767174 energy   210.5 births 46789721 deaths 46791449 (8535.8s) AMD Radeon AI PRO R9700 (RADV GFX1201)
tick  455000 alive  3419103 genomes  768637 energy   210.4 births 46971634 deaths 46969871 (8554.5s) AMD Radeon AI PRO R9700 (RADV GFX1201)
tick  456000 alive  3417593 genomes  765892 energy   210.5 births 46979916 deaths 46981426 (8573.3s) AMD Radeon AI PRO R9700 (RADV GFX1201)
tick  457000 alive  3415316 genomes  770125 energy   210.5 births 46833714 deaths 46835991 (8592.1s) AMD Radeon AI PRO R9700 (RADV GFX1201)
tick  458000 alive  3411800 genomes  770783 energy   210.4 births 46881309 deaths 46884825 (8610.9s) AMD Radeon AI PRO R9700 (RADV GFX1201)
tick  459000 alive  3410478 genomes  769547 energy   210.5 births 46780532 deaths 46781854 (8629.6s) AMD Radeon AI PRO R9700 (RADV GFX1201)
tick  460000 alive  3422204 genomes  768558 energy   210.3 births 46961312 deaths 46949586 (8648.4s) AMD Radeon AI PRO R9700 (RADV GFX1201)
tick  461000 alive  3421057 genomes  766326 energy   210.0 births 47257438 deaths 47258585 (8667.1s) AMD Radeon AI PRO R9700 (RADV GFX1201)
tick  462000 alive  3419292 genomes  763800 energy   210.5 births 47049647 deaths 47051412 (8685.7s) AMD Radeon AI PRO R9700 (RADV GFX1201)
tick  463000 alive  3427311 genomes  765248 energy   210.3 births 47136819 deaths 47128800 (8704.4s) AMD Radeon AI PRO R9700 (RADV GFX1201)
tick  464000 alive  3423973 genomes  759859 energy   210.5 births 47233928 deaths 47237266 (8723.1s) AMD Radeon AI PRO R9700 (RADV GFX1201)
tick  465000 alive  3435391 genomes  761220 energy   210.2 births 47383651 deaths 47372233 (8741.8s) AMD Radeon AI PRO R9700 (RADV GFX1201)
tick  466000 alive  3423712 genomes  759915 energy   210.1 births 47202924 deaths 47214603 (8760.5s) AMD Radeon AI PRO R9700 (RADV GFX1201)
tick  467000 alive  3438127 genomes  758998 energy   210.2 births 47450094 deaths 47435679 (8779.2s) AMD Radeon AI PRO R9700 (RADV GFX1201)
tick  468000 alive  3427460 genomes  760943 energy   210.5 births 47266017 deaths 47276684 (8797.9s) AMD Radeon AI PRO R9700 (RADV GFX1201)
tick  469000 alive  3421375 genomes  762577 energy   209.9 births 47091090 deaths 47097175 (8816.5s) AMD Radeon AI PRO R9700 (RADV GFX1201)
tick  470000 alive  3432965 genomes  761860 energy   210.2 births 47492554 deaths 47480964 (8835.2s) AMD Radeon AI PRO R9700 (RADV GFX1201)
tick  471000 alive  3428217 genomes  762316 energy   210.2 births 47336400 deaths 47341148 (8853.9s) AMD Radeon AI PRO R9700 (RADV GFX1201)
tick  472000 alive  3427206 genomes  761554 energy   210.1 births 47419126 deaths 47420137 (8872.6s) AMD Radeon AI PRO R9700 (RADV GFX1201)
tick  473000 alive  3436915 genomes  759872 energy   210.2 births 47372276 deaths 47362567 (8891.2s) AMD Radeon AI PRO R9700 (RADV GFX1201)
tick  474000 alive  3434420 genomes  757947 energy   210.4 births 47428654 deaths 47431149 (8910.0s) AMD Radeon AI PRO R9700 (RADV GFX1201)
tick  475000 alive  3438392 genomes  759151 energy   210.2 births 47407899 deaths 47403927 (8928.7s) AMD Radeon AI PRO R9700 (RADV GFX1201)
tick  476000 alive  3440921 genomes  753949 energy   210.2 births 47484154 deaths 47481625 (8947.5s) AMD Radeon AI PRO R9700 (RADV GFX1201)
tick  477000 alive  3440867 genomes  755634 energy   210.3 births 47587537 deaths 47587591 (8966.2s) AMD Radeon AI PRO R9700 (RADV GFX1201)
tick  478000 alive  3440162 genomes  753988 energy   210.3 births 47521962 deaths 47522667 (8984.9s) AMD Radeon AI PRO R9700 (RADV GFX1201)
tick  479000 alive  3441222 genomes  754865 energy   210.3 births 47411730 deaths 47410670 (9003.6s) AMD Radeon AI PRO R9700 (RADV GFX1201)
tick  480000 alive  3443698 genomes  756196 energy   210.2 births 47628525 deaths 47626049 (9022.3s) AMD Radeon AI PRO R9700 (RADV GFX1201)
tick  481000 alive  3432382 genomes  754677 energy   210.5 births 47296061 deaths 47307377 (9041.0s) AMD Radeon AI PRO R9700 (RADV GFX1201)
tick  482000 alive  3440492 genomes  755168 energy   210.2 births 47518994 deaths 47510884 (9059.7s) AMD Radeon AI PRO R9700 (RADV GFX1201)
tick  483000 alive  3443853 genomes  756156 energy   210.3 births 47527253 deaths 47523892 (9078.4s) AMD Radeon AI PRO R9700 (RADV GFX1201)
tick  484000 alive  3434435 genomes  756643 energy   210.5 births 47400222 deaths 47409640 (9097.1s) AMD Radeon AI PRO R9700 (RADV GFX1201)
tick  485000 alive  3431264 genomes  759218 energy   210.5 births 47189758 deaths 47192929 (9115.8s) AMD Radeon AI PRO R9700 (RADV GFX1201)
tick  486000 alive  3433848 genomes  760024 energy   210.7 births 47240434 deaths 47237850 (9134.4s) AMD Radeon AI PRO R9700 (RADV GFX1201)
tick  487000 alive  3429647 genomes  760000 energy   210.3 births 47057558 deaths 47061759 (9153.1s) AMD Radeon AI PRO R9700 (RADV GFX1201)
tick  488000 alive  3427729 genomes  760480 energy   210.4 births 47209336 deaths 47211254 (9171.9s) AMD Radeon AI PRO R9700 (RADV GFX1201)
tick  489000 alive  3431867 genomes  759782 energy   210.5 births 47095286 deaths 47091148 (9190.5s) AMD Radeon AI PRO R9700 (RADV GFX1201)
tick  490000 alive  3421528 genomes  760855 energy   210.6 births 47008543 deaths 47018882 (9209.2s) AMD Radeon AI PRO R9700 (RADV GFX1201)
tick  491000 alive  3415865 genomes  762363 energy   210.5 births 46827520 deaths 46833183 (9227.9s) AMD Radeon AI PRO R9700 (RADV GFX1201)
tick  492000 alive  3419503 genomes  764341 energy   210.1 births 46995799 deaths 46992161 (9246.7s) AMD Radeon AI PRO R9700 (RADV GFX1201)
tick  493000 alive  3422947 genomes  766539 energy   210.3 births 47330368 deaths 47326924 (9265.3s) AMD Radeon AI PRO R9700 (RADV GFX1201)
tick  494000 alive  3414980 genomes  767646 energy   210.2 births 46957184 deaths 46965151 (9284.0s) AMD Radeon AI PRO R9700 (RADV GFX1201)
tick  495000 alive  3420350 genomes  768464 energy   210.4 births 46861781 deaths 46856411 (9302.6s) AMD Radeon AI PRO R9700 (RADV GFX1201)
tick  496000 alive  3415177 genomes  767263 energy   210.4 births 46933200 deaths 46938373 (9321.3s) AMD Radeon AI PRO R9700 (RADV GFX1201)
tick  497000 alive  3403045 genomes  766701 energy   210.3 births 46783228 deaths 46795360 (9340.0s) AMD Radeon AI PRO R9700 (RADV GFX1201)
tick  498000 alive  3420841 genomes  766122 energy   210.1 births 46925148 deaths 46907352 (9358.7s) AMD Radeon AI PRO R9700 (RADV GFX1201)
tick  499000 alive  3419805 genomes  766747 energy   210.5 births 47063251 deaths 47064287 (9377.4s) AMD Radeon AI PRO R9700 (RADV GFX1201)
tick  500000 alive  3414233 genomes  767040 energy   210.5 births 46860716 deaths 46866288 (9396.1s) AMD Radeon AI PRO R9700 (RADV GFX1201)
tick  501000 alive  3407340 genomes  767072 energy   210.5 births 46725324 deaths 46732217 (9414.8s) AMD Radeon AI PRO R9700 (RADV GFX1201)
tick  502000 alive  3415740 genomes  765613 energy   210.5 births 46626041 deaths 46617641 (9433.5s) AMD Radeon AI PRO R9700 (RADV GFX1201)
tick  503000 alive  3422267 genomes  764940 energy   210.4 births 46780215 deaths 46773688 (9452.1s) AMD Radeon AI PRO R9700 (RADV GFX1201)
tick  504000 alive  3422870 genomes  760688 energy   210.5 births 46923211 deaths 46922608 (9470.8s) AMD Radeon AI PRO R9700 (RADV GFX1201)
tick  505000 alive  3420990 genomes  762095 energy   210.6 births 46873872 deaths 46875752 (9489.5s) AMD Radeon AI PRO R9700 (RADV GFX1201)
tick  506000 alive  3414721 genomes  761539 energy   210.5 births 46773914 deaths 46780183 (9508.1s) AMD Radeon AI PRO R9700 (RADV GFX1201)
tick  507000 alive  3422704 genomes  758171 energy   210.3 births 47020919 deaths 47012936 (9526.8s) AMD Radeon AI PRO R9700 (RADV GFX1201)
tick  508000 alive  3427038 genomes  759517 energy   210.3 births 47047443 deaths 47043109 (9545.4s) AMD Radeon AI PRO R9700 (RADV GFX1201)
tick  509000 alive  3428417 genomes  760167 energy   210.2 births 47162060 deaths 47160681 (9564.1s) AMD Radeon AI PRO R9700 (RADV GFX1201)
tick  510000 alive  3429340 genomes  758723 energy   210.4 births 47099852 deaths 47098929 (9582.8s) AMD Radeon AI PRO R9700 (RADV GFX1201)
tick  511000 alive  3431243 genomes  760341 energy   210.2 births 47098738 deaths 47096835 (9601.5s) AMD Radeon AI PRO R9700 (RADV GFX1201)
tick  512000 alive  3434323 genomes  759548 energy   210.2 births 47269794 deaths 47266714 (9620.1s) AMD Radeon AI PRO R9700 (RADV GFX1201)
tick  513000 alive  3425976 genomes  756671 energy   210.5 births 47173942 deaths 47182289 (9638.8s) AMD Radeon AI PRO R9700 (RADV GFX1201)
tick  514000 alive  3421211 genomes  757164 energy   210.5 births 46984913 deaths 46989678 (9657.5s) AMD Radeon AI PRO R9700 (RADV GFX1201)
tick  515000 alive  3423143 genomes  757026 energy   210.3 births 47075855 deaths 47073923 (9676.2s) AMD Radeon AI PRO R9700 (RADV GFX1201)
tick  516000 alive  3426649 genomes  756980 energy   210.0 births 47230714 deaths 47227208 (9695.0s) AMD Radeon AI PRO R9700 (RADV GFX1201)
tick  517000 alive  3436588 genomes  759417 energy   210.1 births 47461825 deaths 47451886 (9713.7s) AMD Radeon AI PRO R9700 (RADV GFX1201)
tick  518000 alive  3420831 genomes  760072 energy   210.3 births 47236593 deaths 47252350 (9732.4s) AMD Radeon AI PRO R9700 (RADV GFX1201)
tick  519000 alive  3417860 genomes  763398 energy   210.3 births 46962482 deaths 46965453 (9751.2s) AMD Radeon AI PRO R9700 (RADV GFX1201)
tick  520000 alive  3415997 genomes  762955 energy   210.5 births 46815137 deaths 46817000 (9769.9s) AMD Radeon AI PRO R9700 (RADV GFX1201)
tick  521000 alive  3420000 genomes  763094 energy   210.4 births 46783214 deaths 46779211 (9788.7s) AMD Radeon AI PRO R9700 (RADV GFX1201)
tick  522000 alive  3411412 genomes  761020 energy   210.7 births 46751671 deaths 46760259 (9807.4s) AMD Radeon AI PRO R9700 (RADV GFX1201)
tick  523000 alive  3416118 genomes  760417 energy   210.3 births 46565681 deaths 46560975 (9826.1s) AMD Radeon AI PRO R9700 (RADV GFX1201)
tick  524000 alive  3415661 genomes  763657 energy   210.6 births 46869655 deaths 46870112 (9844.8s) AMD Radeon AI PRO R9700 (RADV GFX1201)
tick  525000 alive  3411819 genomes  764015 energy   210.7 births 46690575 deaths 46694417 (9863.4s) AMD Radeon AI PRO R9700 (RADV GFX1201)
tick  526000 alive  3405733 genomes  764069 energy   210.6 births 46506016 deaths 46512102 (9882.1s) AMD Radeon AI PRO R9700 (RADV GFX1201)
tick  527000 alive  3417378 genomes  767276 energy   210.5 births 46658494 deaths 46646849 (9900.8s) AMD Radeon AI PRO R9700 (RADV GFX1201)
tick  528000 alive  3402558 genomes  765338 energy   210.8 births 46497494 deaths 46512314 (9919.5s) AMD Radeon AI PRO R9700 (RADV GFX1201)
tick  529000 alive  3412503 genomes  766776 energy   210.5 births 46604215 deaths 46594270 (9938.2s) AMD Radeon AI PRO R9700 (RADV GFX1201)
tick  530000 alive  3411992 genomes  765716 energy   210.7 births 46590011 deaths 46590522 (9956.9s) AMD Radeon AI PRO R9700 (RADV GFX1201)
tick  531000 alive  3417683 genomes  769040 energy   210.6 births 46486409 deaths 46480718 (9975.6s) AMD Radeon AI PRO R9700 (RADV GFX1201)
tick  532000 alive  3405645 genomes  764617 energy   210.6 births 46542211 deaths 46554249 (9994.3s) AMD Radeon AI PRO R9700 (RADV GFX1201)
tick  533000 alive  3407849 genomes  764815 energy   210.8 births 46483439 deaths 46481235 (10013.0s) AMD Radeon AI PRO R9700 (RADV GFX1201)
tick  534000 alive  3405701 genomes  764550 energy   210.6 births 46432705 deaths 46434853 (10031.7s) AMD Radeon AI PRO R9700 (RADV GFX1201)
tick  535000 alive  3415562 genomes  764171 energy   210.7 births 46741437 deaths 46731576 (10050.4s) AMD Radeon AI PRO R9700 (RADV GFX1201)
tick  536000 alive  3416986 genomes  762343 energy   210.6 births 46707926 deaths 46706502 (10069.1s) AMD Radeon AI PRO R9700 (RADV GFX1201)
tick  537000 alive  3413947 genomes  760556 energy   210.4 births 46938125 deaths 46941164 (10087.8s) AMD Radeon AI PRO R9700 (RADV GFX1201)
tick  538000 alive  3434034 genomes  760538 energy   210.3 births 47163398 deaths 47143311 (10106.5s) AMD Radeon AI PRO R9700 (RADV GFX1201)
tick  539000 alive  3425025 genomes  760961 energy   210.6 births 47132462 deaths 47141471 (10125.2s) AMD Radeon AI PRO R9700 (RADV GFX1201)
tick  540000 alive  3410837 genomes  760856 energy   210.5 births 46805219 deaths 46819407 (10143.9s) AMD Radeon AI PRO R9700 (RADV GFX1201)
tick  541000 alive  3414461 genomes  763312 energy   210.3 births 46956925 deaths 46953301 (10162.6s) AMD Radeon AI PRO R9700 (RADV GFX1201)
tick  542000 alive  3422853 genomes  763688 energy   210.6 births 46950066 deaths 46941674 (10181.3s) AMD Radeon AI PRO R9700 (RADV GFX1201)
tick  543000 alive  3416809 genomes  762960 energy   210.5 births 46747284 deaths 46753328 (10200.0s) AMD Radeon AI PRO R9700 (RADV GFX1201)
tick  544000 alive  3420055 genomes  765460 energy   210.2 births 46835380 deaths 46832134 (10218.7s) AMD Radeon AI PRO R9700 (RADV GFX1201)
tick  545000 alive  3426158 genomes  764450 energy   210.2 births 47097109 deaths 47091006 (10237.4s) AMD Radeon AI PRO R9700 (RADV GFX1201)
tick  546000 alive  3417277 genomes  762363 energy   210.5 births 46937321 deaths 46946202 (10256.0s) AMD Radeon AI PRO R9700 (RADV GFX1201)
tick  547000 alive  3428577 genomes  764422 energy   210.1 births 47207805 deaths 47196505 (10274.8s) AMD Radeon AI PRO R9700 (RADV GFX1201)
tick  548000 alive  3416608 genomes  763075 energy   210.3 births 47208000 deaths 47219969 (10293.5s) AMD Radeon AI PRO R9700 (RADV GFX1201)
tick  549000 alive  3429244 genomes  761574 energy   210.2 births 47247616 deaths 47234980 (10312.4s) AMD Radeon AI PRO R9700 (RADV GFX1201)
tick  550000 alive  3426652 genomes  761379 energy   210.2 births 47203955 deaths 47206547 (10331.1s) AMD Radeon AI PRO R9700 (RADV GFX1201)
tick  551000 alive  3417770 genomes  762132 energy   210.7 births 47128403 deaths 47137285 (10349.8s) AMD Radeon AI PRO R9700 (RADV GFX1201)
tick  552000 alive  3412469 genomes  761970 energy   210.2 births 46909650 deaths 46914951 (10368.4s) AMD Radeon AI PRO R9700 (RADV GFX1201)
tick  553000 alive  3418565 genomes  757935 energy   210.7 births 47014660 deaths 47008564 (10387.2s) AMD Radeon AI PRO R9700 (RADV GFX1201)
tick  554000 alive  3417155 genomes  758894 energy   210.7 births 46802991 deaths 46804401 (10405.9s) AMD Radeon AI PRO R9700 (RADV GFX1201)
tick  555000 alive  3416447 genomes  761212 energy   210.5 births 46768872 deaths 46769580 (10424.5s) AMD Radeon AI PRO R9700 (RADV GFX1201)
tick  556000 alive  3414780 genomes  759690 energy   210.2 births 46871942 deaths 46873609 (10443.3s) AMD Radeon AI PRO R9700 (RADV GFX1201)
tick  557000 alive  3422272 genomes  757252 energy   210.6 births 46910474 deaths 46902982 (10462.1s) AMD Radeon AI PRO R9700 (RADV GFX1201)
tick  558000 alive  3436907 genomes  757460 energy   210.3 births 47233072 deaths 47218437 (10480.8s) AMD Radeon AI PRO R9700 (RADV GFX1201)
tick  559000 alive  3428075 genomes  756464 energy   210.1 births 47270785 deaths 47279617 (10499.5s) AMD Radeon AI PRO R9700 (RADV GFX1201)
tick  560000 alive  3428594 genomes  757996 energy   210.5 births 47354084 deaths 47353565 (10518.2s) AMD Radeon AI PRO R9700 (RADV GFX1201)
tick  561000 alive  3420097 genomes  758262 energy   210.4 births 47084462 deaths 47092959 (10536.9s) AMD Radeon AI PRO R9700 (RADV GFX1201)
tick  562000 alive  3422235 genomes  757759 energy   210.5 births 46966419 deaths 46964281 (10555.6s) AMD Radeon AI PRO R9700 (RADV GFX1201)
tick  563000 alive  3427050 genomes  759327 energy   210.4 births 47090837 deaths 47086022 (10574.3s) AMD Radeon AI PRO R9700 (RADV GFX1201)
tick  564000 alive  3430219 genomes  755645 energy   210.6 births 47047719 deaths 47044550 (10593.0s) AMD Radeon AI PRO R9700 (RADV GFX1201)
tick  565000 alive  3432362 genomes  754034 energy   210.4 births 47055773 deaths 47053630 (10611.7s) AMD Radeon AI PRO R9700 (RADV GFX1201)
tick  566000 alive  3427180 genomes  752981 energy   210.4 births 47085978 deaths 47091160 (10630.4s) AMD Radeon AI PRO R9700 (RADV GFX1201)
tick  567000 alive  3433690 genomes  756008 energy   210.3 births 47228473 deaths 47221963 (10649.1s) AMD Radeon AI PRO R9700 (RADV GFX1201)
tick  568000 alive  3431900 genomes  754559 energy   210.3 births 47419266 deaths 47421056 (10667.8s) AMD Radeon AI PRO R9700 (RADV GFX1201)
tick  569000 alive  3431460 genomes  755475 energy   210.1 births 47278385 deaths 47278825 (10686.6s) AMD Radeon AI PRO R9700 (RADV GFX1201)
tick  570000 alive  3428879 genomes  754545 energy   210.4 births 46959212 deaths 46961793 (10705.3s) AMD Radeon AI PRO R9700 (RADV GFX1201)
tick  571000 alive  3426458 genomes  757806 energy   210.5 births 46973621 deaths 46976042 (10724.0s) AMD Radeon AI PRO R9700 (RADV GFX1201)
tick  572000 alive  3421633 genomes  759534 energy   210.6 births 46958494 deaths 46963319 (10742.7s) AMD Radeon AI PRO R9700 (RADV GFX1201)
tick  573000 alive  3417298 genomes  761177 energy   210.3 births 46819339 deaths 46823674 (10761.4s) AMD Radeon AI PRO R9700 (RADV GFX1201)
tick  574000 alive  3429643 genomes  759430 energy   210.5 births 47139917 deaths 47127572 (10780.1s) AMD Radeon AI PRO R9700 (RADV GFX1201)
tick  575000 alive  3417545 genomes  759495 energy   210.4 births 46984651 deaths 46996749 (10798.8s) AMD Radeon AI PRO R9700 (RADV GFX1201)
tick  576000 alive  3422480 genomes  758074 energy   210.3 births 46957218 deaths 46952283 (10817.5s) AMD Radeon AI PRO R9700 (RADV GFX1201)
tick  577000 alive  3426051 genomes  756259 energy   210.4 births 47211536 deaths 47207965 (10836.1s) AMD Radeon AI PRO R9700 (RADV GFX1201)
tick  578000 alive  3419902 genomes  755789 energy   210.5 births 46933858 deaths 46940007 (10854.8s) AMD Radeon AI PRO R9700 (RADV GFX1201)
tick  579000 alive  3411063 genomes  754763 energy   210.5 births 46878646 deaths 46887485 (10873.5s) AMD Radeon AI PRO R9700 (RADV GFX1201)
tick  580000 alive  3421042 genomes  751675 energy   210.7 births 46821381 deaths 46811402 (10892.2s) AMD Radeon AI PRO R9700 (RADV GFX1201)
tick  581000 alive  3416943 genomes  752541 energy   210.6 births 46777144 deaths 46781243 (10910.8s) AMD Radeon AI PRO R9700 (RADV GFX1201)
tick  582000 alive  3420792 genomes  750462 energy   210.6 births 46851047 deaths 46847198 (10929.5s) AMD Radeon AI PRO R9700 (RADV GFX1201)
tick  583000 alive  3413123 genomes  750766 energy   210.5 births 46658199 deaths 46665868 (10948.3s) AMD Radeon AI PRO R9700 (RADV GFX1201)
tick  584000 alive  3417924 genomes  749479 energy   210.5 births 46815397 deaths 46810596 (10966.9s) AMD Radeon AI PRO R9700 (RADV GFX1201)
tick  585000 alive  3416892 genomes  750951 energy   210.6 births 46870896 deaths 46871928 (10985.6s) AMD Radeon AI PRO R9700 (RADV GFX1201)
tick  586000 alive  3418695 genomes  753319 energy   210.4 births 46860263 deaths 46858460 (11004.3s) AMD Radeon AI PRO R9700 (RADV GFX1201)
tick  587000 alive  3419619 genomes  753938 energy   210.5 births 46951641 deaths 46950717 (11023.2s) AMD Radeon AI PRO R9700 (RADV GFX1201)
tick  588000 alive  3421948 genomes  757164 energy   210.4 births 46906044 deaths 46903715 (11041.9s) AMD Radeon AI PRO R9700 (RADV GFX1201)
tick  589000 alive  3425250 genomes  754858 energy   210.6 births 46880760 deaths 46877458 (11060.6s) AMD Radeon AI PRO R9700 (RADV GFX1201)
tick  590000 alive  3419353 genomes  756963 energy   210.7 births 46827168 deaths 46833065 (11079.4s) AMD Radeon AI PRO R9700 (RADV GFX1201)
tick  591000 alive  3414778 genomes  757627 energy   210.5 births 46641656 deaths 46646231 (11098.0s) AMD Radeon AI PRO R9700 (RADV GFX1201)
tick  592000 alive  3413678 genomes  760908 energy   210.5 births 46792196 deaths 46793296 (11116.8s) AMD Radeon AI PRO R9700 (RADV GFX1201)
tick  593000 alive  3415530 genomes  760479 energy   210.5 births 46812444 deaths 46810592 (11135.5s) AMD Radeon AI PRO R9700 (RADV GFX1201)
tick  594000 alive  3411740 genomes  760472 energy   210.4 births 46799712 deaths 46803502 (11154.1s) AMD Radeon AI PRO R9700 (RADV GFX1201)
tick  595000 alive  3412387 genomes  764518 energy   210.4 births 46795885 deaths 46795238 (11172.8s) AMD Radeon AI PRO R9700 (RADV GFX1201)
tick  596000 alive  3403570 genomes  763931 energy   210.5 births 46563003 deaths 46571820 (11191.6s) AMD Radeon AI PRO R9700 (RADV GFX1201)
tick  597000 alive  3423170 genomes  760490 energy   210.5 births 46792794 deaths 46773194 (11210.3s) AMD Radeon AI PRO R9700 (RADV GFX1201)
tick  598000 alive  3420914 genomes  758956 energy   210.5 births 46827407 deaths 46829663 (11229.0s) AMD Radeon AI PRO R9700 (RADV GFX1201)
tick  599000 alive  3411419 genomes  761409 energy   210.7 births 46682751 deaths 46692246 (11247.8s) AMD Radeon AI PRO R9700 (RADV GFX1201)
tick  600000 alive  3407967 genomes  760448 energy   210.5 births 46604777 deaths 46608229 (11266.5s) AMD Radeon AI PRO R9700 (RADV GFX1201)
tick  601000 alive  3414299 genomes  761402 energy   210.4 births 46685401 deaths 46679069 (11285.3s) AMD Radeon AI PRO R9700 (RADV GFX1201)
tick  602000 alive  3428146 genomes  760897 energy   210.3 births 46915180 deaths 46901333 (11304.0s) AMD Radeon AI PRO R9700 (RADV GFX1201)
tick  603000 alive  3415813 genomes  763983 energy   210.5 births 46861060 deaths 46873393 (11322.7s) AMD Radeon AI PRO R9700 (RADV GFX1201)
tick  604000 alive  3407969 genomes  761633 energy   210.3 births 46777480 deaths 46785324 (11341.4s) AMD Radeon AI PRO R9700 (RADV GFX1201)
tick  605000 alive  3424381 genomes  762016 energy   210.2 births 46982316 deaths 46965904 (11360.1s) AMD Radeon AI PRO R9700 (RADV GFX1201)
tick  606000 alive  3430701 genomes  760928 energy   210.3 births 47195005 deaths 47188685 (11378.9s) AMD Radeon AI PRO R9700 (RADV GFX1201)
tick  607000 alive  3419897 genomes  759678 energy   210.4 births 46845463 deaths 46856267 (11397.6s) AMD Radeon AI PRO R9700 (RADV GFX1201)
tick  608000 alive  3431718 genomes  760451 energy   210.3 births 47106096 deaths 47094275 (11416.3s) AMD Radeon AI PRO R9700 (RADV GFX1201)
tick  609000 alive  3413628 genomes  758892 energy   210.5 births 46920674 deaths 46938764 (11435.0s) AMD Radeon AI PRO R9700 (RADV GFX1201)
tick  610000 alive  3420102 genomes  760428 energy   210.4 births 46982718 deaths 46976244 (11453.6s) AMD Radeon AI PRO R9700 (RADV GFX1201)
tick  611000 alive  3412399 genomes  759123 energy   210.6 births 46933160 deaths 46940863 (11472.3s) AMD Radeon AI PRO R9700 (RADV GFX1201)
tick  612000 alive  3417825 genomes  761878 energy   210.4 births 46902035 deaths 46896609 (11491.1s) AMD Radeon AI PRO R9700 (RADV GFX1201)
tick  613000 alive  3403823 genomes  760555 energy   210.5 births 46669776 deaths 46683778 (11509.8s) AMD Radeon AI PRO R9700 (RADV GFX1201)
tick  614000 alive  3417644 genomes  761522 energy   210.5 births 46708310 deaths 46694489 (11528.4s) AMD Radeon AI PRO R9700 (RADV GFX1201)
tick  615000 alive  3409678 genomes  763435 energy   210.5 births 46735857 deaths 46743823 (11547.2s) AMD Radeon AI PRO R9700 (RADV GFX1201)
tick  616000 alive  3410512 genomes  761038 energy   210.5 births 46711449 deaths 46710615 (11565.9s) AMD Radeon AI PRO R9700 (RADV GFX1201)
tick  617000 alive  3413693 genomes  760671 energy   210.5 births 46751748 deaths 46748567 (11584.6s) AMD Radeon AI PRO R9700 (RADV GFX1201)
tick  618000 alive  3405018 genomes  758670 energy   210.6 births 46641858 deaths 46650533 (11603.3s) AMD Radeon AI PRO R9700 (RADV GFX1201)
tick  619000 alive  3411299 genomes  759869 energy   210.5 births 46648588 deaths 46642307 (11622.0s) AMD Radeon AI PRO R9700 (RADV GFX1201)
tick  620000 alive  3412808 genomes  758329 energy   210.6 births 46763344 deaths 46761835 (11640.8s) AMD Radeon AI PRO R9700 (RADV GFX1201)
tick  621000 alive  3428665 genomes  755446 energy   210.6 births 46989738 deaths 46973881 (11659.5s) AMD Radeon AI PRO R9700 (RADV GFX1201)
tick  622000 alive  3426563 genomes  758151 energy   210.6 births 47076474 deaths 47078576 (11678.5s) AMD Radeon AI PRO R9700 (RADV GFX1201)
tick  623000 alive  3415169 genomes  759750 energy   210.6 births 46791699 deaths 46803093 (11697.3s) AMD Radeon AI PRO R9700 (RADV GFX1201)
tick  624000 alive  3423534 genomes  762283 energy   210.5 births 46841496 deaths 46833131 (11716.1s) AMD Radeon AI PRO R9700 (RADV GFX1201)
tick  625000 alive  3408799 genomes  760223 energy   210.9 births 46704665 deaths 46719400 (11734.8s) AMD Radeon AI PRO R9700 (RADV GFX1201)
tick  626000 alive  3421725 genomes  760593 energy   210.4 births 46786410 deaths 46773484 (11753.5s) AMD Radeon AI PRO R9700 (RADV GFX1201)
tick  627000 alive  3413874 genomes  759118 energy   210.6 births 46883426 deaths 46891277 (11772.2s) AMD Radeon AI PRO R9700 (RADV GFX1201)
tick  628000 alive  3403419 genomes  758482 energy   210.7 births 46481115 deaths 46491570 (11790.9s) AMD Radeon AI PRO R9700 (RADV GFX1201)
tick  629000 alive  3417610 genomes  757810 energy   210.6 births 46785589 deaths 46771398 (11809.6s) AMD Radeon AI PRO R9700 (RADV GFX1201)
tick  630000 alive  3434531 genomes  754018 energy   210.3 births 47309678 deaths 47292757 (11828.3s) AMD Radeon AI PRO R9700 (RADV GFX1201)
tick  631000 alive  3435380 genomes  752411 energy   210.3 births 47338908 deaths 47338059 (11847.0s) AMD Radeon AI PRO R9700 (RADV GFX1201)
tick  632000 alive  3432399 genomes  752964 energy   210.3 births 47187846 deaths 47190827 (11865.7s) AMD Radeon AI PRO R9700 (RADV GFX1201)
tick  633000 alive  3430841 genomes  755996 energy   210.8 births 47206266 deaths 47207824 (11884.4s) AMD Radeon AI PRO R9700 (RADV GFX1201)
tick  634000 alive  3413424 genomes  760581 energy   210.5 births 46761815 deaths 46779232 (11903.0s) AMD Radeon AI PRO R9700 (RADV GFX1201)
tick  635000 alive  3415529 genomes  760222 energy   210.3 births 46792901 deaths 46790796 (11921.7s) AMD Radeon AI PRO R9700 (RADV GFX1201)
tick  636000 alive  3423652 genomes  758992 energy   210.4 births 47005303 deaths 46997180 (11940.4s) AMD Radeon AI PRO R9700 (RADV GFX1201)
tick  637000 alive  3412793 genomes  758972 energy   210.5 births 46808719 deaths 46819578 (11959.1s) AMD Radeon AI PRO R9700 (RADV GFX1201)
tick  638000 alive  3414468 genomes  760601 energy   210.6 births 46909546 deaths 46907871 (11977.9s) AMD Radeon AI PRO R9700 (RADV GFX1201)
tick  639000 alive  3410157 genomes  760400 energy   210.4 births 46867305 deaths 46871616 (11996.6s) AMD Radeon AI PRO R9700 (RADV GFX1201)
tick  640000 alive  3423914 genomes  760454 energy   210.6 births 46998100 deaths 46984343 (12015.3s) AMD Radeon AI PRO R9700 (RADV GFX1201)
tick  641000 alive  3422833 genomes  759369 energy   210.3 births 47065457 deaths 47066538 (12034.2s) AMD Radeon AI PRO R9700 (RADV GFX1201)
tick  642000 alive  3421457 genomes  757452 energy   210.6 births 47005111 deaths 47006487 (12053.0s) AMD Radeon AI PRO R9700 (RADV GFX1201)
tick  643000 alive  3415924 genomes  755725 energy   210.6 births 46881299 deaths 46886832 (12071.8s) AMD Radeon AI PRO R9700 (RADV GFX1201)
tick  644000 alive  3417151 genomes  756947 energy   210.2 births 46887892 deaths 46886665 (12090.5s) AMD Radeon AI PRO R9700 (RADV GFX1201)
tick  645000 alive  3425590 genomes  755739 energy   210.4 births 46960833 deaths 46952394 (12109.2s) AMD Radeon AI PRO R9700 (RADV GFX1201)
tick  646000 alive  3422344 genomes  758177 energy   210.5 births 46930150 deaths 46933396 (12127.9s) AMD Radeon AI PRO R9700 (RADV GFX1201)
tick  647000 alive  3418233 genomes  760996 energy   210.5 births 46939604 deaths 46943715 (12146.5s) AMD Radeon AI PRO R9700 (RADV GFX1201)
tick  648000 alive  3413139 genomes  759812 energy   210.4 births 46817840 deaths 46822934 (12165.2s) AMD Radeon AI PRO R9700 (RADV GFX1201)
tick  649000 alive  3424732 genomes  762128 energy   210.5 births 47090849 deaths 47079256 (12184.1s) AMD Radeon AI PRO R9700 (RADV GFX1201)
tick  650000 alive  3412127 genomes  763791 energy   210.5 births 46811175 deaths 46823780 (12202.8s) AMD Radeon AI PRO R9700 (RADV GFX1201)
tick  651000 alive  3421356 genomes  765057 energy   210.4 births 46835342 deaths 46826113 (12221.5s) AMD Radeon AI PRO R9700 (RADV GFX1201)
tick  652000 alive  3417967 genomes  762601 energy   210.5 births 46876558 deaths 46879947 (12240.1s) AMD Radeon AI PRO R9700 (RADV GFX1201)
tick  653000 alive  3425253 genomes  761864 energy   210.4 births 46917444 deaths 46910158 (12258.8s) AMD Radeon AI PRO R9700 (RADV GFX1201)
tick  654000 alive  3421282 genomes  762219 energy   210.7 births 47007992 deaths 47011963 (12277.5s) AMD Radeon AI PRO R9700 (RADV GFX1201)
tick  655000 alive  3417127 genomes  760979 energy   210.4 births 46881999 deaths 46886154 (12296.2s) AMD Radeon AI PRO R9700 (RADV GFX1201)
tick  656000 alive  3430603 genomes  759820 energy   210.3 births 47141835 deaths 47128359 (12314.9s) AMD Radeon AI PRO R9700 (RADV GFX1201)
tick  657000 alive  3424015 genomes  762557 energy   210.5 births 47006561 deaths 47013149 (12333.5s) AMD Radeon AI PRO R9700 (RADV GFX1201)
tick  658000 alive  3415698 genomes  762143 energy   210.8 births 46656838 deaths 46665155 (12352.2s) AMD Radeon AI PRO R9700 (RADV GFX1201)
tick  659000 alive  3408079 genomes  763910 energy   210.5 births 46480897 deaths 46488516 (12370.9s) AMD Radeon AI PRO R9700 (RADV GFX1201)
tick  660000 alive  3408721 genomes  765104 energy   210.7 births 46594532 deaths 46593890 (12389.6s) AMD Radeon AI PRO R9700 (RADV GFX1201)
tick  661000 alive  3406493 genomes  766033 energy   210.5 births 46528688 deaths 46530916 (12408.3s) AMD Radeon AI PRO R9700 (RADV GFX1201)
tick  662000 alive  3410546 genomes  768064 energy   210.5 births 46585160 deaths 46581107 (12427.1s) AMD Radeon AI PRO R9700 (RADV GFX1201)
tick  663000 alive  3407388 genomes  767889 energy   210.7 births 46549994 deaths 46553152 (12445.7s) AMD Radeon AI PRO R9700 (RADV GFX1201)
tick  664000 alive  3409377 genomes  765337 energy   210.6 births 46589120 deaths 46587131 (12464.4s) AMD Radeon AI PRO R9700 (RADV GFX1201)
tick  665000 alive  3412307 genomes  767299 energy   210.6 births 46667824 deaths 46664894 (12483.1s) AMD Radeon AI PRO R9700 (RADV GFX1201)
tick  666000 alive  3421420 genomes  763632 energy   210.3 births 46833772 deaths 46824659 (12501.8s) AMD Radeon AI PRO R9700 (RADV GFX1201)
tick  667000 alive  3415395 genomes  760501 energy   210.6 births 46891187 deaths 46897212 (12520.5s) AMD Radeon AI PRO R9700 (RADV GFX1201)
tick  668000 alive  3425737 genomes  760792 energy   210.2 births 46945120 deaths 46934778 (12539.2s) AMD Radeon AI PRO R9700 (RADV GFX1201)
tick  669000 alive  3425054 genomes  759484 energy   210.4 births 47110346 deaths 47111029 (12557.9s) AMD Radeon AI PRO R9700 (RADV GFX1201)
tick  670000 alive  3414125 genomes  761683 energy   210.9 births 46828305 deaths 46839234 (12576.6s) AMD Radeon AI PRO R9700 (RADV GFX1201)
tick  671000 alive  3403162 genomes  763592 energy   210.5 births 46616001 deaths 46626964 (12595.4s) AMD Radeon AI PRO R9700 (RADV GFX1201)
tick  672000 alive  3416801 genomes  761494 energy   210.6 births 46676430 deaths 46662791 (12614.0s) AMD Radeon AI PRO R9700 (RADV GFX1201)
tick  673000 alive  3411258 genomes  760697 energy   210.6 births 46594358 deaths 46599901 (12632.7s) AMD Radeon AI PRO R9700 (RADV GFX1201)
tick  674000 alive  3418604 genomes  761286 energy   210.4 births 46712788 deaths 46705442 (12651.4s) AMD Radeon AI PRO R9700 (RADV GFX1201)
tick  675000 alive  3413353 genomes  763466 energy   210.6 births 46773863 deaths 46779114 (12670.0s) AMD Radeon AI PRO R9700 (RADV GFX1201)
tick  676000 alive  3415735 genomes  762346 energy   210.6 births 46610280 deaths 46607898 (12688.7s) AMD Radeon AI PRO R9700 (RADV GFX1201)
tick  677000 alive  3407317 genomes  762474 energy   210.5 births 46569440 deaths 46577858 (12707.3s) AMD Radeon AI PRO R9700 (RADV GFX1201)
tick  678000 alive  3404455 genomes  763017 energy   210.6 births 46460597 deaths 46463459 (12726.0s) AMD Radeon AI PRO R9700 (RADV GFX1201)
tick  679000 alive  3412129 genomes  762517 energy   210.4 births 46579067 deaths 46571393 (12744.7s) AMD Radeon AI PRO R9700 (RADV GFX1201)
tick  680000 alive  3416591 genomes  760765 energy   210.7 births 46683093 deaths 46678631 (12763.4s) AMD Radeon AI PRO R9700 (RADV GFX1201)
tick  681000 alive  3409411 genomes  762016 energy   210.4 births 46561993 deaths 46569173 (12782.1s) AMD Radeon AI PRO R9700 (RADV GFX1201)
tick  682000 alive  3409235 genomes  761464 energy   210.5 births 46528296 deaths 46528472 (12800.7s) AMD Radeon AI PRO R9700 (RADV GFX1201)
tick  683000 alive  3419774 genomes  762305 energy   210.4 births 46954934 deaths 46944395 (12819.4s) AMD Radeon AI PRO R9700 (RADV GFX1201)
tick  684000 alive  3425018 genomes  759678 energy   210.1 births 47070546 deaths 47065302 (12838.2s) AMD Radeon AI PRO R9700 (RADV GFX1201)
tick  685000 alive  3421125 genomes  759576 energy   210.5 births 47051485 deaths 47055378 (12856.8s) AMD Radeon AI PRO R9700 (RADV GFX1201)
tick  686000 alive  3416871 genomes  759017 energy   210.6 births 46819545 deaths 46823799 (12875.5s) AMD Radeon AI PRO R9700 (RADV GFX1201)
tick  687000 alive  3424100 genomes  760195 energy   210.4 births 46886595 deaths 46879366 (12894.2s) AMD Radeon AI PRO R9700 (RADV GFX1201)
tick  688000 alive  3427305 genomes  759240 energy   210.2 births 47195168 deaths 47191963 (12912.8s) AMD Radeon AI PRO R9700 (RADV GFX1201)
tick  689000 alive  3429091 genomes  758562 energy   210.2 births 47257161 deaths 47255375 (12931.5s) AMD Radeon AI PRO R9700 (RADV GFX1201)
tick  690000 alive  3424217 genomes  756216 energy   210.5 births 47172862 deaths 47177736 (12950.1s) AMD Radeon AI PRO R9700 (RADV GFX1201)
tick  691000 alive  3418154 genomes  759254 energy   210.2 births 47076363 deaths 47082426 (12968.8s) AMD Radeon AI PRO R9700 (RADV GFX1201)
tick  692000 alive  3423443 genomes  756339 energy   210.2 births 47168623 deaths 47163334 (12987.5s) AMD Radeon AI PRO R9700 (RADV GFX1201)
tick  693000 alive  3419219 genomes  759432 energy   210.3 births 47162896 deaths 47167120 (13006.2s) AMD Radeon AI PRO R9700 (RADV GFX1201)
tick  694000 alive  3419973 genomes  759874 energy   210.3 births 47088509 deaths 47087755 (13024.9s) AMD Radeon AI PRO R9700 (RADV GFX1201)
tick  695000 alive  3411440 genomes  760537 energy   210.4 births 46970323 deaths 46978856 (13043.6s) AMD Radeon AI PRO R9700 (RADV GFX1201)
tick  696000 alive  3425116 genomes  760057 energy   210.1 births 47027151 deaths 47013475 (13062.3s) AMD Radeon AI PRO R9700 (RADV GFX1201)
tick  697000 alive  3420834 genomes  760812 energy   210.5 births 47069207 deaths 47073489 (13081.0s) AMD Radeon AI PRO R9700 (RADV GFX1201)
tick  698000 alive  3415560 genomes  757899 energy   210.4 births 46918744 deaths 46924018 (13099.7s) AMD Radeon AI PRO R9700 (RADV GFX1201)
tick  699000 alive  3428748 genomes  756076 energy   210.3 births 47230622 deaths 47217434 (13118.4s) AMD Radeon AI PRO R9700 (RADV GFX1201)
tick  700000 alive  3426752 genomes  754580 energy   210.6 births 47054691 deaths 47056687 (13137.0s) AMD Radeon AI PRO R9700 (RADV GFX1201)
tick  701000 alive  3429343 genomes  754071 energy   210.5 births 47066817 deaths 47064226 (13155.7s) AMD Radeon AI PRO R9700 (RADV GFX1201)
tick  702000 alive  3431216 genomes  756636 energy   210.7 births 46941174 deaths 46939301 (13174.4s) AMD Radeon AI PRO R9700 (RADV GFX1201)
tick  703000 alive  3425907 genomes  754020 energy   210.4 births 46999403 deaths 47004712 (13193.2s) AMD Radeon AI PRO R9700 (RADV GFX1201)
tick  704000 alive  3419799 genomes  753951 energy   210.7 births 46816466 deaths 46822574 (13211.9s) AMD Radeon AI PRO R9700 (RADV GFX1201)
tick  705000 alive  3418468 genomes  757392 energy   210.7 births 46737355 deaths 46738686 (13230.6s) AMD Radeon AI PRO R9700 (RADV GFX1201)
tick  706000 alive  3414240 genomes  755283 energy   210.6 births 46563960 deaths 46568188 (13249.3s) AMD Radeon AI PRO R9700 (RADV GFX1201)
tick  707000 alive  3418997 genomes  757169 energy   210.5 births 46779921 deaths 46775164 (13268.1s) AMD Radeon AI PRO R9700 (RADV GFX1201)
tick  708000 alive  3420852 genomes  756661 energy   210.8 births 46912060 deaths 46910205 (13286.8s) AMD Radeon AI PRO R9700 (RADV GFX1201)
tick  709000 alive  3413245 genomes  756390 energy   210.3 births 46913641 deaths 46921248 (13305.5s) AMD Radeon AI PRO R9700 (RADV GFX1201)
tick  710000 alive  3424527 genomes  754890 energy   210.5 births 47008434 deaths 46997152 (13324.3s) AMD Radeon AI PRO R9700 (RADV GFX1201)
tick  711000 alive  3428960 genomes  756440 energy   210.5 births 46904539 deaths 46900106 (13343.0s) AMD Radeon AI PRO R9700 (RADV GFX1201)
tick  712000 alive  3406748 genomes  757225 energy   210.6 births 46790869 deaths 46813081 (13361.8s) AMD Radeon AI PRO R9700 (RADV GFX1201)
tick  713000 alive  3410566 genomes  763336 energy   210.3 births 46599275 deaths 46595457 (13380.5s) AMD Radeon AI PRO R9700 (RADV GFX1201)
tick  714000 alive  3416307 genomes  762751 energy   210.0 births 47036106 deaths 47030365 (13399.2s) AMD Radeon AI PRO R9700 (RADV GFX1201)
tick  715000 alive  3417613 genomes  760812 energy   210.4 births 47199195 deaths 47197889 (13417.9s) AMD Radeon AI PRO R9700 (RADV GFX1201)
tick  716000 alive  3416975 genomes  762267 energy   210.7 births 46925858 deaths 46926496 (13436.6s) AMD Radeon AI PRO R9700 (RADV GFX1201)
tick  717000 alive  3405096 genomes  762251 energy   210.6 births 46630511 deaths 46642390 (13455.3s) AMD Radeon AI PRO R9700 (RADV GFX1201)
tick  718000 alive  3415168 genomes  762018 energy   210.2 births 46770940 deaths 46760868 (13474.0s) AMD Radeon AI PRO R9700 (RADV GFX1201)
tick  719000 alive  3414815 genomes  760288 energy   210.5 births 46860684 deaths 46861037 (13492.7s) AMD Radeon AI PRO R9700 (RADV GFX1201)
tick  720000 alive  3423841 genomes  761421 energy   210.4 births 47005380 deaths 46996354 (13511.3s) AMD Radeon AI PRO R9700 (RADV GFX1201)
tick  721000 alive  3417021 genomes  761549 energy   210.4 births 46942419 deaths 46949239 (13530.0s) AMD Radeon AI PRO R9700 (RADV GFX1201)
tick  722000 alive  3418448 genomes  760260 energy   210.4 births 46995749 deaths 46994322 (13548.7s) AMD Radeon AI PRO R9700 (RADV GFX1201)
tick  723000 alive  3414694 genomes  760291 energy   210.3 births 46996417 deaths 47000171 (13567.4s) AMD Radeon AI PRO R9700 (RADV GFX1201)
tick  724000 alive  3419817 genomes  759844 energy   210.6 births 46959107 deaths 46953984 (13586.1s) AMD Radeon AI PRO R9700 (RADV GFX1201)
tick  725000 alive  3417030 genomes  756999 energy   210.6 births 46867957 deaths 46870744 (13604.9s) AMD Radeon AI PRO R9700 (RADV GFX1201)
tick  726000 alive  3419212 genomes  760933 energy   210.8 births 46757277 deaths 46755095 (13623.6s) AMD Radeon AI PRO R9700 (RADV GFX1201)
tick  727000 alive  3408253 genomes  760378 energy   210.5 births 46469400 deaths 46480359 (13642.3s) AMD Radeon AI PRO R9700 (RADV GFX1201)
tick  728000 alive  3424928 genomes  761517 energy   210.2 births 46949936 deaths 46933261 (13661.0s) AMD Radeon AI PRO R9700 (RADV GFX1201)
tick  729000 alive  3429349 genomes  761614 energy   210.3 births 47157720 deaths 47153299 (13679.8s) AMD Radeon AI PRO R9700 (RADV GFX1201)
tick  730000 alive  3413138 genomes  761157 energy   210.3 births 46870124 deaths 46886335 (13698.6s) AMD Radeon AI PRO R9700 (RADV GFX1201)
tick  731000 alive  3422513 genomes  762467 energy   210.3 births 46968533 deaths 46959158 (13717.4s) AMD Radeon AI PRO R9700 (RADV GFX1201)
tick  732000 alive  3423994 genomes  758792 energy   210.5 births 47164889 deaths 47163408 (13736.2s) AMD Radeon AI PRO R9700 (RADV GFX1201)
tick  733000 alive  3422091 genomes  758739 energy   210.6 births 46848616 deaths 46850519 (13754.9s) AMD Radeon AI PRO R9700 (RADV GFX1201)
tick  734000 alive  3423715 genomes  758519 energy   210.2 births 46939662 deaths 46938038 (13773.7s) AMD Radeon AI PRO R9700 (RADV GFX1201)
tick  735000 alive  3426587 genomes  755109 energy   210.5 births 47138114 deaths 47135242 (13792.4s) AMD Radeon AI PRO R9700 (RADV GFX1201)
tick  736000 alive  3415936 genomes  753889 energy   210.2 births 46942127 deaths 46952778 (13811.1s) AMD Radeon AI PRO R9700 (RADV GFX1201)
tick  737000 alive  3426621 genomes  754997 energy   210.3 births 46970152 deaths 46959467 (13829.8s) AMD Radeon AI PRO R9700 (RADV GFX1201)
tick  738000 alive  3431421 genomes  754044 energy   210.4 births 47254064 deaths 47249264 (13848.4s) AMD Radeon AI PRO R9700 (RADV GFX1201)
tick  739000 alive  3433336 genomes  754886 energy   210.1 births 47309893 deaths 47307978 (13867.1s) AMD Radeon AI PRO R9700 (RADV GFX1201)
tick  740000 alive  3433586 genomes  754836 energy   210.4 births 47384893 deaths 47384643 (13885.8s) AMD Radeon AI PRO R9700 (RADV GFX1201)
tick  741000 alive  3422587 genomes  758335 energy   210.4 births 47102108 deaths 47113107 (13904.4s) AMD Radeon AI PRO R9700 (RADV GFX1201)
tick  742000 alive  3434777 genomes  756440 energy   210.1 births 47360420 deaths 47348230 (13923.1s) AMD Radeon AI PRO R9700 (RADV GFX1201)
tick  743000 alive  3431520 genomes  755765 energy   210.2 births 47328898 deaths 47332155 (13941.8s) AMD Radeon AI PRO R9700 (RADV GFX1201)
tick  744000 alive  3427951 genomes  754082 energy   210.6 births 47156823 deaths 47160392 (13960.5s) AMD Radeon AI PRO R9700 (RADV GFX1201)
tick  745000 alive  3422532 genomes  756427 energy   210.4 births 46950853 deaths 46956272 (13979.1s) AMD Radeon AI PRO R9700 (RADV GFX1201)
tick  746000 alive  3420911 genomes  757792 energy   210.6 births 46871737 deaths 46873358 (13997.8s) AMD Radeon AI PRO R9700 (RADV GFX1201)
tick  747000 alive  3415023 genomes  759319 energy   210.6 births 46754503 deaths 46760391 (14016.4s) AMD Radeon AI PRO R9700 (RADV GFX1201)
tick  748000 alive  3413498 genomes  760574 energy   210.4 births 46706017 deaths 46707542 (14035.1s) AMD Radeon AI PRO R9700 (RADV GFX1201)
tick  749000 alive  3421812 genomes  760047 energy   210.6 births 46857019 deaths 46848705 (14053.9s) AMD Radeon AI PRO R9700 (RADV GFX1201)
tick  750000 alive  3413035 genomes  757599 energy   210.7 births 46871488 deaths 46880265 (14072.6s) AMD Radeon AI PRO R9700 (RADV GFX1201)
tick  751000 alive  3424220 genomes  759087 energy   210.1 births 46841818 deaths 46830633 (14091.3s) AMD Radeon AI PRO R9700 (RADV GFX1201)
tick  752000 alive  3425570 genomes  759386 energy   210.6 births 47012839 deaths 47011489 (14110.0s) AMD Radeon AI PRO R9700 (RADV GFX1201)
tick  753000 alive  3414105 genomes  761015 energy   210.5 births 46779564 deaths 46791029 (14128.7s) AMD Radeon AI PRO R9700 (RADV GFX1201)
tick  754000 alive  3410725 genomes  758051 energy   210.7 births 46621556 deaths 46624936 (14147.4s) AMD Radeon AI PRO R9700 (RADV GFX1201)
tick  755000 alive  3414033 genomes  756319 energy   210.4 births 46738624 deaths 46735316 (14166.1s) AMD Radeon AI PRO R9700 (RADV GFX1201)
tick  756000 alive  3440165 genomes  756820 energy   210.5 births 47237407 deaths 47211275 (14184.8s) AMD Radeon AI PRO R9700 (RADV GFX1201)
tick  757000 alive  3419398 genomes  754855 energy   210.3 births 47076222 deaths 47096989 (14203.5s) AMD Radeon AI PRO R9700 (RADV GFX1201)
tick  758000 alive  3434162 genomes  753175 energy   210.0 births 47371522 deaths 47356758 (14222.2s) AMD Radeon AI PRO R9700 (RADV GFX1201)
tick  759000 alive  3438505 genomes  753554 energy   210.3 births 47538996 deaths 47534653 (14240.9s) AMD Radeon AI PRO R9700 (RADV GFX1201)
tick  760000 alive  3436662 genomes  750469 energy   210.4 births 47450223 deaths 47452066 (14259.6s) AMD Radeon AI PRO R9700 (RADV GFX1201)
tick  761000 alive  3431800 genomes  751039 energy   210.2 births 47425012 deaths 47429874 (14278.4s) AMD Radeon AI PRO R9700 (RADV GFX1201)
tick  762000 alive  3435109 genomes  749546 energy   210.4 births 47312245 deaths 47308936 (14297.1s) AMD Radeon AI PRO R9700 (RADV GFX1201)
tick  763000 alive  3444633 genomes  751978 energy   210.2 births 47502357 deaths 47492833 (14315.8s) AMD Radeon AI PRO R9700 (RADV GFX1201)
tick  764000 alive  3434743 genomes  750836 energy   210.4 births 47392150 deaths 47402040 (14334.6s) AMD Radeon AI PRO R9700 (RADV GFX1201)
tick  765000 alive  3428612 genomes  750936 energy   210.4 births 47194140 deaths 47200271 (14353.4s) AMD Radeon AI PRO R9700 (RADV GFX1201)
tick  766000 alive  3428206 genomes  752212 energy   210.3 births 47187039 deaths 47187445 (14372.1s) AMD Radeon AI PRO R9700 (RADV GFX1201)
tick  767000 alive  3422978 genomes  752401 energy   210.5 births 47126733 deaths 47131961 (14390.7s) AMD Radeon AI PRO R9700 (RADV GFX1201)
tick  768000 alive  3424835 genomes  752546 energy   210.5 births 47101274 deaths 47099417 (14409.4s) AMD Radeon AI PRO R9700 (RADV GFX1201)
tick  769000 alive  3423803 genomes  754269 energy   210.1 births 47171069 deaths 47172101 (14428.1s) AMD Radeon AI PRO R9700 (RADV GFX1201)
tick  770000 alive  3431088 genomes  757794 energy   209.9 births 47318842 deaths 47311557 (14446.8s) AMD Radeon AI PRO R9700 (RADV GFX1201)
tick  771000 alive  3418112 genomes  754906 energy   210.1 births 47307489 deaths 47320465 (14465.5s) AMD Radeon AI PRO R9700 (RADV GFX1201)
tick  772000 alive  3432999 genomes  758059 energy   210.4 births 47204865 deaths 47189978 (14484.2s) AMD Radeon AI PRO R9700 (RADV GFX1201)
tick  773000 alive  3418248 genomes  760315 energy   210.5 births 47067640 deaths 47082391 (14502.9s) AMD Radeon AI PRO R9700 (RADV GFX1201)
tick  774000 alive  3410120 genomes  761443 energy   210.4 births 46839433 deaths 46847561 (14521.6s) AMD Radeon AI PRO R9700 (RADV GFX1201)
tick  775000 alive  3410278 genomes  761452 energy   210.4 births 46687106 deaths 46686948 (14540.3s) AMD Radeon AI PRO R9700 (RADV GFX1201)
tick  776000 alive  3410852 genomes  760149 energy   210.4 births 46892661 deaths 46892087 (14558.9s) AMD Radeon AI PRO R9700 (RADV GFX1201)
tick  777000 alive  3422922 genomes  759499 energy   210.3 births 46851827 deaths 46839757 (14577.6s) AMD Radeon AI PRO R9700 (RADV GFX1201)
tick  778000 alive  3409416 genomes  760840 energy   210.4 births 46775385 deaths 46788891 (14596.3s) AMD Radeon AI PRO R9700 (RADV GFX1201)
tick  779000 alive  3407946 genomes  764082 energy   210.5 births 46813015 deaths 46814485 (14615.0s) AMD Radeon AI PRO R9700 (RADV GFX1201)
tick  780000 alive  3412937 genomes  764150 energy   210.3 births 46852445 deaths 46847454 (14633.7s) AMD Radeon AI PRO R9700 (RADV GFX1201)
tick  781000 alive  3418402 genomes  761950 energy   210.4 births 46961878 deaths 46956413 (14652.3s) AMD Radeon AI PRO R9700 (RADV GFX1201)
tick  782000 alive  3415668 genomes  762970 energy   210.3 births 46928785 deaths 46931519 (14671.0s) AMD Radeon AI PRO R9700 (RADV GFX1201)
tick  783000 alive  3418687 genomes  761018 energy   210.2 births 46958180 deaths 46955161 (14689.7s) AMD Radeon AI PRO R9700 (RADV GFX1201)
tick  784000 alive  3413188 genomes  759949 energy   210.5 births 46904952 deaths 46910451 (14708.4s) AMD Radeon AI PRO R9700 (RADV GFX1201)
tick  785000 alive  3413717 genomes  760368 energy   210.3 births 46688409 deaths 46687880 (14727.2s) AMD Radeon AI PRO R9700 (RADV GFX1201)
tick  786000 alive  3420879 genomes  761248 energy   210.4 births 46851304 deaths 46844142 (14745.8s) AMD Radeon AI PRO R9700 (RADV GFX1201)
tick  787000 alive  3409261 genomes  761262 energy   210.3 births 46786392 deaths 46798010 (14764.5s) AMD Radeon AI PRO R9700 (RADV GFX1201)
tick  788000 alive  3414415 genomes  761421 energy   210.3 births 46797330 deaths 46792176 (14783.2s) AMD Radeon AI PRO R9700 (RADV GFX1201)
tick  789000 alive  3421697 genomes  758988 energy   210.2 births 46996756 deaths 46989474 (14802.0s) AMD Radeon AI PRO R9700 (RADV GFX1201)
tick  790000 alive  3424304 genomes  758697 energy   210.6 births 47137471 deaths 47134864 (14820.7s) AMD Radeon AI PRO R9700 (RADV GFX1201)
tick  791000 alive  3413852 genomes  761958 energy   210.4 births 46960234 deaths 46970686 (14839.4s) AMD Radeon AI PRO R9700 (RADV GFX1201)
tick  792000 alive  3419524 genomes  762917 energy   210.4 births 46867862 deaths 46862190 (14858.2s) AMD Radeon AI PRO R9700 (RADV GFX1201)
tick  793000 alive  3416518 genomes  762326 energy   210.5 births 46913505 deaths 46916511 (14877.0s) AMD Radeon AI PRO R9700 (RADV GFX1201)
tick  794000 alive  3415968 genomes  761076 energy   210.5 births 46750754 deaths 46751304 (14895.7s) AMD Radeon AI PRO R9700 (RADV GFX1201)
tick  795000 alive  3422725 genomes  763068 energy   210.4 births 46899827 deaths 46893070 (14914.5s) AMD Radeon AI PRO R9700 (RADV GFX1201)
tick  796000 alive  3425910 genomes  761701 energy   210.5 births 47030346 deaths 47027161 (14933.3s) AMD Radeon AI PRO R9700 (RADV GFX1201)
tick  797000 alive  3424878 genomes  765495 energy   210.4 births 47049048 deaths 47050080 (14952.0s) AMD Radeon AI PRO R9700 (RADV GFX1201)
tick  798000 alive  3416347 genomes  767181 energy   210.5 births 46876506 deaths 46885037 (14970.7s) AMD Radeon AI PRO R9700 (RADV GFX1201)
tick  799000 alive  3417514 genomes  767395 energy   210.5 births 46830103 deaths 46828936 (14989.5s) AMD Radeon AI PRO R9700 (RADV GFX1201)
tick  800000 alive  3417914 genomes  769860 energy   210.3 births 46940707 deaths 46940307 (15008.2s) AMD Radeon AI PRO R9700 (RADV GFX1201)
tick  801000 alive  3411791 genomes  765479 energy   210.5 births 46803402 deaths 46809525 (15026.9s) AMD Radeon AI PRO R9700 (RADV GFX1201)
tick  802000 alive  3423634 genomes  765106 energy   210.5 births 46840499 deaths 46828656 (15045.6s) AMD Radeon AI PRO R9700 (RADV GFX1201)
tick  803000 alive  3410854 genomes  765386 energy   210.7 births 46760309 deaths 46773089 (15064.3s) AMD Radeon AI PRO R9700 (RADV GFX1201)
tick  804000 alive  3415987 genomes  761443 energy   210.4 births 46436498 deaths 46431365 (15083.0s) AMD Radeon AI PRO R9700 (RADV GFX1201)
tick  805000 alive  3419628 genomes  763886 energy   210.5 births 46971111 deaths 46967470 (15101.7s) AMD Radeon AI PRO R9700 (RADV GFX1201)
tick  806000 alive  3427691 genomes  761090 energy   210.3 births 47046005 deaths 47037942 (15120.4s) AMD Radeon AI PRO R9700 (RADV GFX1201)
tick  807000 alive  3428762 genomes  759771 energy   210.3 births 47216083 deaths 47215012 (15139.1s) AMD Radeon AI PRO R9700 (RADV GFX1201)
tick  808000 alive  3433443 genomes  758247 energy   210.2 births 47265644 deaths 47260963 (15157.8s) AMD Radeon AI PRO R9700 (RADV GFX1201)
tick  809000 alive  3434502 genomes  760387 energy   210.2 births 47514560 deaths 47513501 (15176.6s) AMD Radeon AI PRO R9700 (RADV GFX1201)
tick  810000 alive  3421309 genomes  761378 energy   210.3 births 47136999 deaths 47150192 (15195.3s) AMD Radeon AI PRO R9700 (RADV GFX1201)
tick  811000 alive  3428103 genomes  759102 energy   209.9 births 47358553 deaths 47351759 (15214.0s) AMD Radeon AI PRO R9700 (RADV GFX1201)
tick  812000 alive  3444198 genomes  760382 energy   210.1 births 47659029 deaths 47642934 (15232.7s) AMD Radeon AI PRO R9700 (RADV GFX1201)
tick  813000 alive  3424668 genomes  760700 energy   210.4 births 47295889 deaths 47315419 (15251.4s) AMD Radeon AI PRO R9700 (RADV GFX1201)
tick  814000 alive  3432242 genomes  760876 energy   210.1 births 47370520 deaths 47362946 (15270.1s) AMD Radeon AI PRO R9700 (RADV GFX1201)
tick  815000 alive  3424757 genomes  760823 energy   210.4 births 47249813 deaths 47257298 (15288.8s) AMD Radeon AI PRO R9700 (RADV GFX1201)
tick  816000 alive  3419729 genomes  760243 energy   210.5 births 47016549 deaths 47021577 (15307.5s) AMD Radeon AI PRO R9700 (RADV GFX1201)
tick  817000 alive  3414149 genomes  757756 energy   210.3 births 46840534 deaths 46846114 (15326.2s) AMD Radeon AI PRO R9700 (RADV GFX1201)
tick  818000 alive  3417949 genomes  757456 energy   210.5 births 47058476 deaths 47054676 (15344.9s) AMD Radeon AI PRO R9700 (RADV GFX1201)
tick  819000 alive  3428655 genomes  758303 energy   210.2 births 47131749 deaths 47121043 (15363.6s) AMD Radeon AI PRO R9700 (RADV GFX1201)
tick  820000 alive  3434361 genomes  760191 energy   210.0 births 47307112 deaths 47301406 (15382.4s) AMD Radeon AI PRO R9700 (RADV GFX1201)
tick  821000 alive  3434785 genomes  759641 energy   210.3 births 47367536 deaths 47367112 (15401.2s) AMD Radeon AI PRO R9700 (RADV GFX1201)
tick  822000 alive  3429890 genomes  756530 energy   210.6 births 47334884 deaths 47339779 (15419.9s) AMD Radeon AI PRO R9700 (RADV GFX1201)
tick  823000 alive  3423628 genomes  757000 energy   210.5 births 47070399 deaths 47076661 (15438.6s) AMD Radeon AI PRO R9700 (RADV GFX1201)
tick  824000 alive  3436758 genomes  757198 energy   210.2 births 47368797 deaths 47355667 (15457.4s) AMD Radeon AI PRO R9700 (RADV GFX1201)
tick  825000 alive  3424859 genomes  758369 energy   210.2 births 47254951 deaths 47266850 (15476.1s) AMD Radeon AI PRO R9700 (RADV GFX1201)
tick  826000 alive  3416521 genomes  756721 energy   210.4 births 47075861 deaths 47084199 (15494.8s) AMD Radeon AI PRO R9700 (RADV GFX1201)
tick  827000 alive  3426714 genomes  755764 energy   210.2 births 47097848 deaths 47087655 (15513.5s) AMD Radeon AI PRO R9700 (RADV GFX1201)
tick  828000 alive  3432219 genomes  757531 energy   210.4 births 47170756 deaths 47165251 (15532.2s) AMD Radeon AI PRO R9700 (RADV GFX1201)
tick  829000 alive  3418439 genomes  758807 energy   210.5 births 47128897 deaths 47142677 (15550.9s) AMD Radeon AI PRO R9700 (RADV GFX1201)
tick  830000 alive  3415157 genomes  758828 energy   210.2 births 46897718 deaths 46901000 (15569.6s) AMD Radeon AI PRO R9700 (RADV GFX1201)
tick  831000 alive  3423833 genomes  758388 energy   210.3 births 47068552 deaths 47059876 (15588.3s) AMD Radeon AI PRO R9700 (RADV GFX1201)
tick  832000 alive  3422896 genomes  757551 energy   210.3 births 47137016 deaths 47137953 (15606.9s) AMD Radeon AI PRO R9700 (RADV GFX1201)
tick  833000 alive  3419663 genomes  759872 energy   210.2 births 47127818 deaths 47131051 (15625.7s) AMD Radeon AI PRO R9700 (RADV GFX1201)
tick  834000 alive  3427200 genomes  758413 energy   210.0 births 47337755 deaths 47330218 (15644.3s) AMD Radeon AI PRO R9700 (RADV GFX1201)
tick  835000 alive  3431148 genomes  756459 energy   209.9 births 47413758 deaths 47409810 (15663.0s) AMD Radeon AI PRO R9700 (RADV GFX1201)
tick  836000 alive  3432633 genomes  755978 energy   210.0 births 47611696 deaths 47610211 (15681.7s) AMD Radeon AI PRO R9700 (RADV GFX1201)
tick  837000 alive  3428328 genomes  754610 energy   210.2 births 47281655 deaths 47285960 (15700.4s) AMD Radeon AI PRO R9700 (RADV GFX1201)
tick  838000 alive  3428904 genomes  754861 energy   210.3 births 47258780 deaths 47258204 (15719.1s) AMD Radeon AI PRO R9700 (RADV GFX1201)
tick  839000 alive  3434604 genomes  752327 energy   210.1 births 47390118 deaths 47384418 (15737.8s) AMD Radeon AI PRO R9700 (RADV GFX1201)
tick  840000 alive  3436257 genomes  754983 energy   210.4 births 47475147 deaths 47473494 (15756.6s) AMD Radeon AI PRO R9700 (RADV GFX1201)
tick  841000 alive  3435151 genomes  754039 energy   210.2 births 47368195 deaths 47369301 (15775.2s) AMD Radeon AI PRO R9700 (RADV GFX1201)
tick  842000 alive  3433675 genomes  755974 energy   210.4 births 47233039 deaths 47234515 (15793.9s) AMD Radeon AI PRO R9700 (RADV GFX1201)
tick  843000 alive  3426977 genomes  755771 energy   210.5 births 47158792 deaths 47165490 (15812.7s) AMD Radeon AI PRO R9700 (RADV GFX1201)
tick  844000 alive  3426027 genomes  757442 energy   210.6 births 46842660 deaths 46843610 (15831.4s) AMD Radeon AI PRO R9700 (RADV GFX1201)
tick  845000 alive  3423303 genomes  757532 energy   210.3 births 47032007 deaths 47034731 (15850.2s) AMD Radeon AI PRO R9700 (RADV GFX1201)
tick  846000 alive  3419847 genomes  758624 energy   210.6 births 47082857 deaths 47086313 (15868.9s) AMD Radeon AI PRO R9700 (RADV GFX1201)
tick  847000 alive  3415062 genomes  758438 energy   210.6 births 46731375 deaths 46736160 (15887.8s) AMD Radeon AI PRO R9700 (RADV GFX1201)
tick  848000 alive  3413307 genomes  760664 energy   210.4 births 46774014 deaths 46775769 (15906.5s) AMD Radeon AI PRO R9700 (RADV GFX1201)
tick  849000 alive  3409328 genomes  760396 energy   210.4 births 46712206 deaths 46716185 (15925.2s) AMD Radeon AI PRO R9700 (RADV GFX1201)
tick  850000 alive  3416177 genomes  761458 energy   210.2 births 46899231 deaths 46892382 (15943.9s) AMD Radeon AI PRO R9700 (RADV GFX1201)
tick  851000 alive  3426779 genomes  762861 energy   210.1 births 47252919 deaths 47242317 (15962.6s) AMD Radeon AI PRO R9700 (RADV GFX1201)
tick  852000 alive  3427208 genomes  761586 energy   210.5 births 47186806 deaths 47186377 (15981.3s) AMD Radeon AI PRO R9700 (RADV GFX1201)
tick  853000 alive  3415372 genomes  759711 energy   210.6 births 46853886 deaths 46865722 (16000.0s) AMD Radeon AI PRO R9700 (RADV GFX1201)
tick  854000 alive  3416810 genomes  759508 energy   210.2 births 46871564 deaths 46870126 (16018.7s) AMD Radeon AI PRO R9700 (RADV GFX1201)
tick  855000 alive  3418678 genomes  761715 energy   210.5 births 46970692 deaths 46968824 (16037.4s) AMD Radeon AI PRO R9700 (RADV GFX1201)
tick  856000 alive  3409313 genomes  762766 energy   210.3 births 46683587 deaths 46692952 (16056.1s) AMD Radeon AI PRO R9700 (RADV GFX1201)
tick  857000 alive  3401635 genomes  762276 energy   210.5 births 46728329 deaths 46736007 (16074.7s) AMD Radeon AI PRO R9700 (RADV GFX1201)
tick  858000 alive  3414532 genomes  763445 energy   210.3 births 46817388 deaths 46804491 (16093.4s) AMD Radeon AI PRO R9700 (RADV GFX1201)
tick  859000 alive  3422155 genomes  762154 energy   210.1 births 46993732 deaths 46986109 (16112.1s) AMD Radeon AI PRO R9700 (RADV GFX1201)
tick  860000 alive  3421322 genomes  759803 energy   210.3 births 47019273 deaths 47020106 (16130.8s) AMD Radeon AI PRO R9700 (RADV GFX1201)
tick  861000 alive  3424107 genomes  758603 energy   210.3 births 47169117 deaths 47166332 (16149.5s) AMD Radeon AI PRO R9700 (RADV GFX1201)
tick  862000 alive  3418972 genomes  757577 energy   210.3 births 47076946 deaths 47082081 (16168.2s) AMD Radeon AI PRO R9700 (RADV GFX1201)
tick  863000 alive  3423044 genomes  756516 energy   210.5 births 47057900 deaths 47053828 (16186.9s) AMD Radeon AI PRO R9700 (RADV GFX1201)
tick  864000 alive  3416576 genomes  759977 energy   210.3 births 46927638 deaths 46934106 (16205.6s) AMD Radeon AI PRO R9700 (RADV GFX1201)
tick  865000 alive  3421121 genomes  760954 energy   210.3 births 47156761 deaths 47152216 (16224.3s) AMD Radeon AI PRO R9700 (RADV GFX1201)
tick  866000 alive  3422404 genomes  758769 energy   210.3 births 47110648 deaths 47109365 (16243.0s) AMD Radeon AI PRO R9700 (RADV GFX1201)
tick  867000 alive  3415047 genomes  758240 energy   210.2 births 47013555 deaths 47020912 (16261.8s) AMD Radeon AI PRO R9700 (RADV GFX1201)
tick  868000 alive  3419643 genomes  756300 energy   210.2 births 47098604 deaths 47094008 (16280.6s) AMD Radeon AI PRO R9700 (RADV GFX1201)
tick  869000 alive  3419608 genomes  758780 energy   210.3 births 47155155 deaths 47155190 (16299.3s) AMD Radeon AI PRO R9700 (RADV GFX1201)
tick  870000 alive  3420172 genomes  760558 energy   210.2 births 47088418 deaths 47087854 (16318.0s) AMD Radeon AI PRO R9700 (RADV GFX1201)
tick  871000 alive  3419735 genomes  762827 energy   210.2 births 47242055 deaths 47242492 (16336.7s) AMD Radeon AI PRO R9700 (RADV GFX1201)
tick  872000 alive  3420899 genomes  763134 energy   210.1 births 47174218 deaths 47173054 (16355.5s) AMD Radeon AI PRO R9700 (RADV GFX1201)
tick  873000 alive  3420413 genomes  762181 energy   210.7 births 47021956 deaths 47022442 (16374.2s) AMD Radeon AI PRO R9700 (RADV GFX1201)
tick  874000 alive  3417171 genomes  763899 energy   210.3 births 46861587 deaths 46864829 (16392.9s) AMD Radeon AI PRO R9700 (RADV GFX1201)
tick  875000 alive  3400714 genomes  763252 energy   210.4 births 46704126 deaths 46720583 (16411.8s) AMD Radeon AI PRO R9700 (RADV GFX1201)
tick  876000 alive  3413066 genomes  764745 energy   210.4 births 46843163 deaths 46830811 (16430.5s) AMD Radeon AI PRO R9700 (RADV GFX1201)
tick  877000 alive  3417767 genomes  762326 energy   210.2 births 46951641 deaths 46946940 (16449.2s) AMD Radeon AI PRO R9700 (RADV GFX1201)
tick  878000 alive  3431301 genomes  760524 energy   210.3 births 47154296 deaths 47140762 (16467.9s) AMD Radeon AI PRO R9700 (RADV GFX1201)
tick  879000 alive  3420019 genomes  759136 energy   210.3 births 46956976 deaths 46968258 (16486.7s) AMD Radeon AI PRO R9700 (RADV GFX1201)
tick  880000 alive  3419373 genomes  758150 energy   210.3 births 46982615 deaths 46983261 (16505.4s) AMD Radeon AI PRO R9700 (RADV GFX1201)
tick  881000 alive  3428662 genomes  753944 energy   210.2 births 47232093 deaths 47222804 (16524.0s) AMD Radeon AI PRO R9700 (RADV GFX1201)
tick  882000 alive  3437923 genomes  752660 energy   210.3 births 47353684 deaths 47344423 (16542.7s) AMD Radeon AI PRO R9700 (RADV GFX1201)
tick  883000 alive  3439479 genomes  751360 energy   210.3 births 47378642 deaths 47377086 (16561.4s) AMD Radeon AI PRO R9700 (RADV GFX1201)
tick  884000 alive  3440681 genomes  748531 energy   210.5 births 47478615 deaths 47477413 (16580.1s) AMD Radeon AI PRO R9700 (RADV GFX1201)
tick  885000 alive  3434353 genomes  751004 energy   210.4 births 47328326 deaths 47334654 (16598.8s) AMD Radeon AI PRO R9700 (RADV GFX1201)
tick  886000 alive  3436024 genomes  751176 energy   210.2 births 47335889 deaths 47334218 (16617.6s) AMD Radeon AI PRO R9700 (RADV GFX1201)
tick  887000 alive  3431816 genomes  752562 energy   210.2 births 47432622 deaths 47436830 (16636.2s) AMD Radeon AI PRO R9700 (RADV GFX1201)
tick  888000 alive  3437795 genomes  751852 energy   210.2 births 47512673 deaths 47506694 (16654.9s) AMD Radeon AI PRO R9700 (RADV GFX1201)
tick  889000 alive  3434211 genomes  749865 energy   210.3 births 47481138 deaths 47484722 (16673.6s) AMD Radeon AI PRO R9700 (RADV GFX1201)
tick  890000 alive  3438835 genomes  751239 energy   210.5 births 47390083 deaths 47385459 (16692.3s) AMD Radeon AI PRO R9700 (RADV GFX1201)
tick  891000 alive  3435910 genomes  753800 energy   210.5 births 47226620 deaths 47229545 (16711.0s) AMD Radeon AI PRO R9700 (RADV GFX1201)
tick  892000 alive  3421758 genomes  752199 energy   210.8 births 46973708 deaths 46987860 (16729.6s) AMD Radeon AI PRO R9700 (RADV GFX1201)
tick  893000 alive  3420848 genomes  754403 energy   210.5 births 46809155 deaths 46810065 (16748.3s) AMD Radeon AI PRO R9700 (RADV GFX1201)
tick  894000 alive  3423770 genomes  753620 energy   210.4 births 46983746 deaths 46980824 (16767.0s) AMD Radeon AI PRO R9700 (RADV GFX1201)
tick  895000 alive  3417951 genomes  753771 energy   210.7 births 46883255 deaths 46889074 (16785.7s) AMD Radeon AI PRO R9700 (RADV GFX1201)
tick  896000 alive  3411462 genomes  754460 energy   210.3 births 46834689 deaths 46841178 (16804.4s) AMD Radeon AI PRO R9700 (RADV GFX1201)
tick  897000 alive  3422782 genomes  754989 energy   210.4 births 46927526 deaths 46916206 (16823.1s) AMD Radeon AI PRO R9700 (RADV GFX1201)
tick  898000 alive  3411346 genomes  754397 energy   210.7 births 46819756 deaths 46831192 (16841.8s) AMD Radeon AI PRO R9700 (RADV GFX1201)
tick  899000 alive  3410222 genomes  759067 energy   210.3 births 46822993 deaths 46824117 (16860.5s) AMD Radeon AI PRO R9700 (RADV GFX1201)
tick  900000 alive  3426926 genomes  757772 energy   210.2 births 47205053 deaths 47188349 (16879.2s) AMD Radeon AI PRO R9700 (RADV GFX1201)
tick  901000 alive  3422664 genomes  758023 energy   210.2 births 47107799 deaths 47112061 (16898.0s) AMD Radeon AI PRO R9700 (RADV GFX1201)
tick  902000 alive  3429265 genomes  757555 energy   210.6 births 47144155 deaths 47137554 (16916.8s) AMD Radeon AI PRO R9700 (RADV GFX1201)
tick  903000 alive  3419645 genomes  761875 energy   210.5 births 46867379 deaths 46876999 (16935.5s) AMD Radeon AI PRO R9700 (RADV GFX1201)
tick  904000 alive  3409885 genomes  764860 energy   210.6 births 46626985 deaths 46636745 (16954.3s) AMD Radeon AI PRO R9700 (RADV GFX1201)
tick  905000 alive  3410249 genomes  761512 energy   210.4 births 46714861 deaths 46714497 (16973.0s) AMD Radeon AI PRO R9700 (RADV GFX1201)
tick  906000 alive  3413391 genomes  760556 energy   210.7 births 46809572 deaths 46806430 (16991.7s) AMD Radeon AI PRO R9700 (RADV GFX1201)
tick  907000 alive  3406449 genomes  758025 energy   210.3 births 46626002 deaths 46632944 (17010.4s) AMD Radeon AI PRO R9700 (RADV GFX1201)
tick  908000 alive  3417852 genomes  757830 energy   210.7 births 46858521 deaths 46847118 (17029.1s) AMD Radeon AI PRO R9700 (RADV GFX1201)
tick  909000 alive  3415541 genomes  759185 energy   210.2 births 46960344 deaths 46962655 (17047.7s) AMD Radeon AI PRO R9700 (RADV GFX1201)
tick  910000 alive  3423934 genomes  758562 energy   210.0 births 47333228 deaths 47324835 (17066.5s) AMD Radeon AI PRO R9700 (RADV GFX1201)
tick  911000 alive  3437261 genomes  754305 energy   210.3 births 47465538 deaths 47452211 (17085.1s) AMD Radeon AI PRO R9700 (RADV GFX1201)
tick  912000 alive  3425763 genomes  755799 energy   210.5 births 47069345 deaths 47080843 (17103.8s) AMD Radeon AI PRO R9700 (RADV GFX1201)
tick  913000 alive  3421288 genomes  755917 energy   210.1 births 47122712 deaths 47127187 (17122.5s) AMD Radeon AI PRO R9700 (RADV GFX1201)
tick  914000 alive  3425911 genomes  755243 energy   210.1 births 47305235 deaths 47300612 (17141.2s) AMD Radeon AI PRO R9700 (RADV GFX1201)
tick  915000 alive  3420541 genomes  754171 energy   210.1 births 47196980 deaths 47202350 (17159.9s) AMD Radeon AI PRO R9700 (RADV GFX1201)
tick  916000 alive  3425052 genomes  755166 energy   210.3 births 47215374 deaths 47210863 (17178.6s) AMD Radeon AI PRO R9700 (RADV GFX1201)
tick  917000 alive  3418226 genomes  754123 energy   210.8 births 46808455 deaths 46815281 (17197.4s) AMD Radeon AI PRO R9700 (RADV GFX1201)
tick  918000 alive  3412405 genomes  756180 energy   210.8 births 46619536 deaths 46625357 (17216.0s) AMD Radeon AI PRO R9700 (RADV GFX1201)
tick  919000 alive  3409173 genomes  757405 energy   210.6 births 46672305 deaths 46675537 (17234.8s) AMD Radeon AI PRO R9700 (RADV GFX1201)
tick  920000 alive  3420660 genomes  756769 energy   210.7 births 46842534 deaths 46831047 (17253.5s) AMD Radeon AI PRO R9700 (RADV GFX1201)
tick  921000 alive  3415758 genomes  756537 energy   210.4 births 46831008 deaths 46835910 (17272.1s) AMD Radeon AI PRO R9700 (RADV GFX1201)
tick  922000 alive  3429125 genomes  753268 energy   210.3 births 47078043 deaths 47064676 (17290.8s) AMD Radeon AI PRO R9700 (RADV GFX1201)
tick  923000 alive  3430240 genomes  751406 energy   210.4 births 47323416 deaths 47322301 (17309.5s) AMD Radeon AI PRO R9700 (RADV GFX1201)
tick  924000 alive  3428691 genomes  752098 energy   210.4 births 47233350 deaths 47234899 (17328.2s) AMD Radeon AI PRO R9700 (RADV GFX1201)
tick  925000 alive  3418103 genomes  756019 energy   210.2 births 47251520 deaths 47262108 (17346.8s) AMD Radeon AI PRO R9700 (RADV GFX1201)
tick  926000 alive  3426144 genomes  754787 energy   210.2 births 47255351 deaths 47247310 (17365.5s) AMD Radeon AI PRO R9700 (RADV GFX1201)
tick  927000 alive  3433245 genomes  755453 energy   210.2 births 47474844 deaths 47467743 (17384.2s) AMD Radeon AI PRO R9700 (RADV GFX1201)
tick  928000 alive  3436340 genomes  756039 energy   210.2 births 47567140 deaths 47564045 (17402.9s) AMD Radeon AI PRO R9700 (RADV GFX1201)
tick  929000 alive  3432025 genomes  753926 energy   210.5 births 47302807 deaths 47307122 (17421.5s) AMD Radeon AI PRO R9700 (RADV GFX1201)
tick  930000 alive  3430013 genomes  755725 energy   210.3 births 47229616 deaths 47231628 (17440.2s) AMD Radeon AI PRO R9700 (RADV GFX1201)
tick  931000 alive  3431169 genomes  755424 energy   210.2 births 47196835 deaths 47195679 (17458.9s) AMD Radeon AI PRO R9700 (RADV GFX1201)
tick  932000 alive  3429561 genomes  755617 energy   210.3 births 47290114 deaths 47291722 (17477.5s) AMD Radeon AI PRO R9700 (RADV GFX1201)
tick  933000 alive  3429996 genomes  755749 energy   210.2 births 47390426 deaths 47389991 (17496.2s) AMD Radeon AI PRO R9700 (RADV GFX1201)
tick  934000 alive  3436844 genomes  754142 energy   210.3 births 47416497 deaths 47409649 (17514.9s) AMD Radeon AI PRO R9700 (RADV GFX1201)
tick  935000 alive  3424851 genomes  751871 energy   210.2 births 47232888 deaths 47244881 (17533.6s) AMD Radeon AI PRO R9700 (RADV GFX1201)
tick  936000 alive  3431526 genomes  753958 energy   210.2 births 47368335 deaths 47361660 (17552.3s) AMD Radeon AI PRO R9700 (RADV GFX1201)
tick  937000 alive  3435365 genomes  753910 energy   210.1 births 47502085 deaths 47498246 (17571.0s) AMD Radeon AI PRO R9700 (RADV GFX1201)
tick  938000 alive  3432260 genomes  752786 energy   210.6 births 47343827 deaths 47346932 (17589.7s) AMD Radeon AI PRO R9700 (RADV GFX1201)
tick  939000 alive  3432091 genomes  752852 energy   210.4 births 47111638 deaths 47111807 (17608.4s) AMD Radeon AI PRO R9700 (RADV GFX1201)
tick  940000 alive  3428507 genomes  751654 energy   210.5 births 47091987 deaths 47095571 (17627.2s) AMD Radeon AI PRO R9700 (RADV GFX1201)
tick  941000 alive  3432620 genomes  751638 energy   210.4 births 47189720 deaths 47185607 (17645.9s) AMD Radeon AI PRO R9700 (RADV GFX1201)
tick  942000 alive  3430766 genomes  751041 energy   210.3 births 47082435 deaths 47084289 (17664.6s) AMD Radeon AI PRO R9700 (RADV GFX1201)
tick  943000 alive  3435342 genomes  749656 energy   210.5 births 47254570 deaths 47249994 (17683.2s) AMD Radeon AI PRO R9700 (RADV GFX1201)
tick  944000 alive  3427908 genomes  748330 energy   210.4 births 47203472 deaths 47210906 (17701.9s) AMD Radeon AI PRO R9700 (RADV GFX1201)
tick  945000 alive  3436622 genomes  747712 energy   210.1 births 47473680 deaths 47464966 (17720.6s) AMD Radeon AI PRO R9700 (RADV GFX1201)
tick  946000 alive  3444108 genomes  748677 energy   209.8 births 47779254 deaths 47771768 (17739.3s) AMD Radeon AI PRO R9700 (RADV GFX1201)
tick  947000 alive  3441996 genomes  746951 energy   210.2 births 47757506 deaths 47759618 (17758.0s) AMD Radeon AI PRO R9700 (RADV GFX1201)
tick  948000 alive  3435804 genomes  749896 energy   210.0 births 47451169 deaths 47457361 (17776.8s) AMD Radeon AI PRO R9700 (RADV GFX1201)
tick  949000 alive  3432670 genomes  751220 energy   210.2 births 47452449 deaths 47455583 (17795.5s) AMD Radeon AI PRO R9700 (RADV GFX1201)
tick  950000 alive  3429553 genomes  750614 energy   210.3 births 47297888 deaths 47301005 (17814.2s) AMD Radeon AI PRO R9700 (RADV GFX1201)
tick  951000 alive  3428185 genomes  750931 energy   210.3 births 47443144 deaths 47444512 (17832.9s) AMD Radeon AI PRO R9700 (RADV GFX1201)
tick  952000 alive  3428275 genomes  753014 energy   210.4 births 47204750 deaths 47204660 (17851.7s) AMD Radeon AI PRO R9700 (RADV GFX1201)
tick  953000 alive  3424847 genomes  752054 energy   210.5 births 47033484 deaths 47036912 (17870.4s) AMD Radeon AI PRO R9700 (RADV GFX1201)
tick  954000 alive  3420132 genomes  753741 energy   210.3 births 46903291 deaths 46908006 (17889.1s) AMD Radeon AI PRO R9700 (RADV GFX1201)
tick  955000 alive  3422441 genomes  752533 energy   210.3 births 47088512 deaths 47086203 (17907.9s) AMD Radeon AI PRO R9700 (RADV GFX1201)
tick  956000 alive  3441435 genomes  751157 energy   210.2 births 47367583 deaths 47348589 (17926.6s) AMD Radeon AI PRO R9700 (RADV GFX1201)
tick  957000 alive  3435528 genomes  751609 energy   210.4 births 47489080 deaths 47494987 (17945.3s) AMD Radeon AI PRO R9700 (RADV GFX1201)
tick  958000 alive  3430176 genomes  753255 energy   210.3 births 47321838 deaths 47327190 (17964.0s) AMD Radeon AI PRO R9700 (RADV GFX1201)
tick  959000 alive  3433386 genomes  752874 energy   210.2 births 47377816 deaths 47374606 (17982.7s) AMD Radeon AI PRO R9700 (RADV GFX1201)
tick  960000 alive  3433330 genomes  753144 energy   210.0 births 47355613 deaths 47355669 (18001.4s) AMD Radeon AI PRO R9700 (RADV GFX1201)
tick  961000 alive  3427029 genomes  753008 energy   210.2 births 47467913 deaths 47474214 (18020.1s) AMD Radeon AI PRO R9700 (RADV GFX1201)
tick  962000 alive  3432862 genomes  749076 energy   210.1 births 47515997 deaths 47510164 (18038.8s) AMD Radeon AI PRO R9700 (RADV GFX1201)
tick  963000 alive  3446102 genomes  747671 energy   209.9 births 47760792 deaths 47747552 (18057.5s) AMD Radeon AI PRO R9700 (RADV GFX1201)
tick  964000 alive  3433049 genomes  743790 energy   210.3 births 47624995 deaths 47638048 (18076.3s) AMD Radeon AI PRO R9700 (RADV GFX1201)
tick  965000 alive  3447962 genomes  742219 energy   210.1 births 47516175 deaths 47501262 (18095.1s) AMD Radeon AI PRO R9700 (RADV GFX1201)
tick  966000 alive  3443931 genomes  741944 energy   210.4 births 47675377 deaths 47679408 (18113.8s) AMD Radeon AI PRO R9700 (RADV GFX1201)
tick  967000 alive  3435584 genomes  744839 energy   209.9 births 47367382 deaths 47375729 (18132.4s) AMD Radeon AI PRO R9700 (RADV GFX1201)
tick  968000 alive  3447205 genomes  742749 energy   210.2 births 47832768 deaths 47821147 (18151.1s) AMD Radeon AI PRO R9700 (RADV GFX1201)
tick  969000 alive  3449982 genomes  741495 energy   210.1 births 47767276 deaths 47764499 (18169.8s) AMD Radeon AI PRO R9700 (RADV GFX1201)
tick  970000 alive  3445812 genomes  741558 energy   210.6 births 47703811 deaths 47707981 (18188.5s) AMD Radeon AI PRO R9700 (RADV GFX1201)
tick  971000 alive  3439206 genomes  740681 energy   210.2 births 47329848 deaths 47336454 (18207.2s) AMD Radeon AI PRO R9700 (RADV GFX1201)
tick  972000 alive  3439793 genomes  741688 energy   210.4 births 47501882 deaths 47501295 (18225.9s) AMD Radeon AI PRO R9700 (RADV GFX1201)
tick  973000 alive  3436030 genomes  742989 energy   210.2 births 47391072 deaths 47394835 (18244.6s) AMD Radeon AI PRO R9700 (RADV GFX1201)
tick  974000 alive  3435671 genomes  744942 energy   210.4 births 47489441 deaths 47489800 (18263.3s) AMD Radeon AI PRO R9700 (RADV GFX1201)
tick  975000 alive  3449955 genomes  746342 energy   210.2 births 47724212 deaths 47709928 (18282.0s) AMD Radeon AI PRO R9700 (RADV GFX1201)
tick  976000 alive  3432570 genomes  748273 energy   210.4 births 47456800 deaths 47474185 (18300.7s) AMD Radeon AI PRO R9700 (RADV GFX1201)
tick  977000 alive  3441381 genomes  751456 energy   210.3 births 47339647 deaths 47330836 (18319.5s) AMD Radeon AI PRO R9700 (RADV GFX1201)
tick  978000 alive  3432421 genomes  749910 energy   210.5 births 47341672 deaths 47350632 (18338.2s) AMD Radeon AI PRO R9700 (RADV GFX1201)
tick  979000 alive  3428898 genomes  749326 energy   210.3 births 46997560 deaths 47001083 (18356.9s) AMD Radeon AI PRO R9700 (RADV GFX1201)
tick  980000 alive  3431369 genomes  752721 energy   210.3 births 47224380 deaths 47221909 (18375.6s) AMD Radeon AI PRO R9700 (RADV GFX1201)
tick  981000 alive  3429996 genomes  750138 energy   210.5 births 47017849 deaths 47019222 (18394.3s) AMD Radeon AI PRO R9700 (RADV GFX1201)
tick  982000 alive  3428975 genomes  751850 energy   210.4 births 47028701 deaths 47029722 (18412.9s) AMD Radeon AI PRO R9700 (RADV GFX1201)
tick  983000 alive  3431977 genomes  749617 energy   210.4 births 47264320 deaths 47261318 (18431.6s) AMD Radeon AI PRO R9700 (RADV GFX1201)
tick  984000 alive  3435261 genomes  750415 energy   210.5 births 47284662 deaths 47281378 (18450.3s) AMD Radeon AI PRO R9700 (RADV GFX1201)
tick  985000 alive  3426814 genomes  751940 energy   210.5 births 47154753 deaths 47163200 (18469.0s) AMD Radeon AI PRO R9700 (RADV GFX1201)
tick  986000 alive  3427283 genomes  754871 energy   210.1 births 47182052 deaths 47181583 (18487.7s) AMD Radeon AI PRO R9700 (RADV GFX1201)
tick  987000 alive  3425777 genomes  752124 energy   210.4 births 47122447 deaths 47123953 (18506.4s) AMD Radeon AI PRO R9700 (RADV GFX1201)
tick  988000 alive  3427205 genomes  754374 energy   210.2 births 47063379 deaths 47061951 (18525.1s) AMD Radeon AI PRO R9700 (RADV GFX1201)
tick  989000 alive  3425099 genomes  752780 energy   210.6 births 46998676 deaths 47000782 (18543.8s) AMD Radeon AI PRO R9700 (RADV GFX1201)
tick  990000 alive  3419144 genomes  753635 energy   210.5 births 46816246 deaths 46822201 (18562.5s) AMD Radeon AI PRO R9700 (RADV GFX1201)
tick  991000 alive  3434396 genomes  753616 energy   210.6 births 47125488 deaths 47110236 (18581.2s) AMD Radeon AI PRO R9700 (RADV GFX1201)
tick  992000 alive  3422818 genomes  753191 energy   210.8 births 46879256 deaths 46890834 (18600.0s) AMD Radeon AI PRO R9700 (RADV GFX1201)
tick  993000 alive  3420703 genomes  753472 energy   210.4 births 46798526 deaths 46800641 (18618.7s) AMD Radeon AI PRO R9700 (RADV GFX1201)
tick  994000 alive  3424965 genomes  752310 energy   210.5 births 47036362 deaths 47032100 (18637.4s) AMD Radeon AI PRO R9700 (RADV GFX1201)
tick  995000 alive  3434084 genomes  751819 energy   210.5 births 47082499 deaths 47073380 (18656.2s) AMD Radeon AI PRO R9700 (RADV GFX1201)
tick  996000 alive  3431918 genomes  750892 energy   210.2 births 47224416 deaths 47226582 (18674.9s) AMD Radeon AI PRO R9700 (RADV GFX1201)
tick  997000 alive  3443264 genomes  749522 energy   210.4 births 47446742 deaths 47435396 (18693.6s) AMD Radeon AI PRO R9700 (RADV GFX1201)
tick  998000 alive  3439513 genomes  751028 energy   210.4 births 47315799 deaths 47319550 (18712.3s) AMD Radeon AI PRO R9700 (RADV GFX1201)
tick  999000 alive  3433788 genomes  751010 energy   210.5 births 47324322 deaths 47330047 (18731.1s) AMD Radeon AI PRO R9700 (RADV GFX1201)
tick 1000000 alive  3424670 genomes  754565 energy   210.4 births 47106601 deaths 47115719 (18749.7s) AMD Radeon AI PRO R9700 (RADV GFX1201)
tick 1001000 alive  3429767 genomes  753407 energy   210.1 births 47265957 deaths 47260860 (18768.4s) AMD Radeon AI PRO R9700 (RADV GFX1201)
tick 1002000 alive  3434009 genomes  752996 energy   210.1 births 47572189 deaths 47567947 (18787.1s) AMD Radeon AI PRO R9700 (RADV GFX1201)
tick 1003000 alive  3434069 genomes  750174 energy   210.1 births 47387110 deaths 47387050 (18805.8s) AMD Radeon AI PRO R9700 (RADV GFX1201)
tick 1004000 alive  3431556 genomes  751125 energy   210.5 births 47446046 deaths 47448559 (18824.5s) AMD Radeon AI PRO R9700 (RADV GFX1201)
tick 1005000 alive  3425961 genomes  750526 energy   210.4 births 47130632 deaths 47136227 (18843.2s) AMD Radeon AI PRO R9700 (RADV GFX1201)
tick 1006000 alive  3433751 genomes  751873 energy   210.2 births 47226446 deaths 47218656 (18861.9s) AMD Radeon AI PRO R9700 (RADV GFX1201)
tick 1007000 alive  3437366 genomes  751527 energy   210.7 births 47346497 deaths 47342882 (18880.6s) AMD Radeon AI PRO R9700 (RADV GFX1201)
tick 1008000 alive  3419206 genomes  750568 energy   210.5 births 47031229 deaths 47049389 (18899.3s) AMD Radeon AI PRO R9700 (RADV GFX1201)
tick 1009000 alive  3431793 genomes  750416 energy   210.2 births 47162489 deaths 47149902 (18918.1s) AMD Radeon AI PRO R9700 (RADV GFX1201)
tick 1010000 alive  3440862 genomes  751450 energy   210.5 births 47332510 deaths 47323441 (18936.8s) AMD Radeon AI PRO R9700 (RADV GFX1201)
tick 1011000 alive  3434105 genomes  752592 energy   210.4 births 47245096 deaths 47251853 (18955.6s) AMD Radeon AI PRO R9700 (RADV GFX1201)
tick 1012000 alive  3428169 genomes  753480 energy   210.4 births 47238254 deaths 47244190 (18974.4s) AMD Radeon AI PRO R9700 (RADV GFX1201)
tick 1013000 alive  3429230 genomes  754089 energy   210.3 births 47178736 deaths 47177675 (18993.2s) AMD Radeon AI PRO R9700 (RADV GFX1201)
tick 1014000 alive  3435018 genomes  755716 energy   210.2 births 47316579 deaths 47310791 (19011.9s) AMD Radeon AI PRO R9700 (RADV GFX1201)
tick 1015000 alive  3437453 genomes  756701 energy   210.3 births 47408152 deaths 47405717 (19030.6s) AMD Radeon AI PRO R9700 (RADV GFX1201)
tick 1016000 alive  3429070 genomes  755099 energy   210.6 births 47276183 deaths 47284566 (19049.3s) AMD Radeon AI PRO R9700 (RADV GFX1201)
tick 1017000 alive  3430527 genomes  756480 energy   210.4 births 47203043 deaths 47201586 (19068.0s) AMD Radeon AI PRO R9700 (RADV GFX1201)
tick 1018000 alive  3441196 genomes  755155 energy   210.3 births 47396559 deaths 47385890 (19086.7s) AMD Radeon AI PRO R9700 (RADV GFX1201)
tick 1019000 alive  3436133 genomes  753971 energy   210.3 births 47428401 deaths 47433464 (19105.4s) AMD Radeon AI PRO R9700 (RADV GFX1201)
tick 1020000 alive  3423175 genomes  752832 energy   210.3 births 47265908 deaths 47278866 (19124.1s) AMD Radeon AI PRO R9700 (RADV GFX1201)
tick 1021000 alive  3437905 genomes  750541 energy   209.9 births 47469036 deaths 47454306 (19142.9s) AMD Radeon AI PRO R9700 (RADV GFX1201)
tick 1022000 alive  3443152 genomes  750876 energy   210.1 births 47753877 deaths 47748630 (19161.6s) AMD Radeon AI PRO R9700 (RADV GFX1201)
tick 1023000 alive  3440614 genomes  749504 energy   210.2 births 47609714 deaths 47612252 (19180.4s) AMD Radeon AI PRO R9700 (RADV GFX1201)
tick 1024000 alive  3435816 genomes  748139 energy   210.0 births 47640493 deaths 47645291 (19199.2s) AMD Radeon AI PRO R9700 (RADV GFX1201)
tick 1025000 alive  3447753 genomes  750384 energy   209.7 births 47803582 deaths 47791645 (19217.9s) AMD Radeon AI PRO R9700 (RADV GFX1201)
tick 1026000 alive  3445647 genomes  747897 energy   210.1 births 47837419 deaths 47839525 (19236.6s) AMD Radeon AI PRO R9700 (RADV GFX1201)
tick 1027000 alive  3439919 genomes  749522 energy   210.3 births 47467215 deaths 47472943 (19255.3s) AMD Radeon AI PRO R9700 (RADV GFX1201)
tick 1028000 alive  3440986 genomes  750597 energy   210.1 births 47632606 deaths 47631539 (19274.0s) AMD Radeon AI PRO R9700 (RADV GFX1201)
tick 1029000 alive  3443019 genomes  751077 energy   210.3 births 47639681 deaths 47637648 (19292.7s) AMD Radeon AI PRO R9700 (RADV GFX1201)
tick 1030000 alive  3440535 genomes  754581 energy   210.3 births 47563965 deaths 47566449 (19311.4s) AMD Radeon AI PRO R9700 (RADV GFX1201)
tick 1031000 alive  3430915 genomes  752593 energy   210.2 births 47308215 deaths 47317835 (19330.2s) AMD Radeon AI PRO R9700 (RADV GFX1201)
tick 1032000 alive  3424324 genomes  754134 energy   210.3 births 47236723 deaths 47243314 (19348.9s) AMD Radeon AI PRO R9700 (RADV GFX1201)
tick 1033000 alive  3429704 genomes  756454 energy   210.3 births 47283049 deaths 47277669 (19367.6s) AMD Radeon AI PRO R9700 (RADV GFX1201)
tick 1034000 alive  3428544 genomes  757158 energy   209.9 births 47391372 deaths 47392532 (19386.3s) AMD Radeon AI PRO R9700 (RADV GFX1201)
tick 1035000 alive  3442242 genomes  755849 energy   210.0 births 47717425 deaths 47703727 (19404.9s) AMD Radeon AI PRO R9700 (RADV GFX1201)
tick 1036000 alive  3436694 genomes  754976 energy   210.1 births 47627888 deaths 47633436 (19423.6s) AMD Radeon AI PRO R9700 (RADV GFX1201)
tick 1037000 alive  3434876 genomes  751376 energy   210.4 births 47460468 deaths 47462286 (19442.4s) AMD Radeon AI PRO R9700 (RADV GFX1201)
tick 1038000 alive  3429026 genomes  752044 energy   210.3 births 47285032 deaths 47290882 (19461.1s) AMD Radeon AI PRO R9700 (RADV GFX1201)
tick 1039000 alive  3437379 genomes  750692 energy   210.2 births 47443417 deaths 47435064 (19479.7s) AMD Radeon AI PRO R9700 (RADV GFX1201)
tick 1040000 alive  3436367 genomes  752342 energy   210.5 births 47455621 deaths 47456633 (19498.4s) AMD Radeon AI PRO R9700 (RADV GFX1201)
tick 1041000 alive  3422694 genomes  752864 energy   210.5 births 47176205 deaths 47189878 (19517.1s) AMD Radeon AI PRO R9700 (RADV GFX1201)
tick 1042000 alive  3426723 genomes  753426 energy   210.3 births 47203023 deaths 47198994 (19535.8s) AMD Radeon AI PRO R9700 (RADV GFX1201)
tick 1043000 alive  3431106 genomes  751958 energy   210.2 births 47314927 deaths 47310544 (19554.5s) AMD Radeon AI PRO R9700 (RADV GFX1201)
tick 1044000 alive  3436499 genomes  751276 energy   210.1 births 47506622 deaths 47501229 (19573.2s) AMD Radeon AI PRO R9700 (RADV GFX1201)
tick 1045000 alive  3442957 genomes  750602 energy   210.0 births 47610914 deaths 47604456 (19591.9s) AMD Radeon AI PRO R9700 (RADV GFX1201)
tick 1046000 alive  3443127 genomes  750437 energy   210.1 births 47690632 deaths 47690462 (19610.5s) AMD Radeon AI PRO R9700 (RADV GFX1201)
tick 1047000 alive  3438057 genomes  752427 energy   210.4 births 47488043 deaths 47493113 (19629.2s) AMD Radeon AI PRO R9700 (RADV GFX1201)
tick 1048000 alive  3433956 genomes  749105 energy   210.2 births 47414276 deaths 47418377 (19647.9s) AMD Radeon AI PRO R9700 (RADV GFX1201)
tick 1049000 alive  3442912 genomes  748283 energy   210.0 births 47618517 deaths 47609561 (19666.6s) AMD Radeon AI PRO R9700 (RADV GFX1201)
tick 1050000 alive  3440491 genomes  747695 energy   210.2 births 47750698 deaths 47753119 (19685.3s) AMD Radeon AI PRO R9700 (RADV GFX1201)
tick 1051000 alive  3447147 genomes  748396 energy   210.0 births 47688955 deaths 47682299 (19704.0s) AMD Radeon AI PRO R9700 (RADV GFX1201)
tick 1052000 alive  3437057 genomes  748353 energy   210.4 births 47670258 deaths 47680348 (19722.8s) AMD Radeon AI PRO R9700 (RADV GFX1201)
tick 1053000 alive  3441960 genomes  747445 energy   209.9 births 47627184 deaths 47622281 (19741.4s) AMD Radeon AI PRO R9700 (RADV GFX1201)
tick 1054000 alive  3441263 genomes  749066 energy   210.3 births 47744437 deaths 47745134 (19760.1s) AMD Radeon AI PRO R9700 (RADV GFX1201)
tick 1055000 alive  3434516 genomes  750114 energy   210.3 births 47557308 deaths 47564055 (19778.9s) AMD Radeon AI PRO R9700 (RADV GFX1201)
tick 1056000 alive  3426114 genomes  752599 energy   210.2 births 47337079 deaths 47345481 (19797.5s) AMD Radeon AI PRO R9700 (RADV GFX1201)
tick 1057000 alive  3432812 genomes  753932 energy   210.2 births 47615226 deaths 47608528 (19816.3s) AMD Radeon AI PRO R9700 (RADV GFX1201)
tick 1058000 alive  3435982 genomes  753761 energy   210.2 births 47498905 deaths 47495735 (19835.0s) AMD Radeon AI PRO R9700 (RADV GFX1201)
tick 1059000 alive  3430555 genomes  755650 energy   210.2 births 47517416 deaths 47522843 (19853.8s) AMD Radeon AI PRO R9700 (RADV GFX1201)
tick 1060000 alive  3432138 genomes  757036 energy   210.3 births 47356680 deaths 47355097 (19872.4s) AMD Radeon AI PRO R9700 (RADV GFX1201)
tick 1061000 alive  3424686 genomes  755686 energy   210.3 births 47226569 deaths 47234021 (19891.2s) AMD Radeon AI PRO R9700 (RADV GFX1201)
tick 1062000 alive  3425712 genomes  756020 energy   210.3 births 47215538 deaths 47214512 (19909.8s) AMD Radeon AI PRO R9700 (RADV GFX1201)
tick 1063000 alive  3421714 genomes  753967 energy   210.2 births 47210338 deaths 47214336 (19928.5s) AMD Radeon AI PRO R9700 (RADV GFX1201)
tick 1064000 alive  3424344 genomes  754349 energy   210.2 births 47235626 deaths 47232996 (19947.3s) AMD Radeon AI PRO R9700 (RADV GFX1201)
tick 1065000 alive  3437518 genomes  753015 energy   210.2 births 47471219 deaths 47458045 (19965.9s) AMD Radeon AI PRO R9700 (RADV GFX1201)
tick 1066000 alive  3430687 genomes  750396 energy   210.4 births 47394067 deaths 47400898 (19984.6s) AMD Radeon AI PRO R9700 (RADV GFX1201)
tick 1067000 alive  3426158 genomes  751624 energy   210.2 births 47352543 deaths 47357072 (20003.3s) AMD Radeon AI PRO R9700 (RADV GFX1201)
tick 1068000 alive  3427099 genomes  753805 energy   210.6 births 47263040 deaths 47262099 (20022.0s) AMD Radeon AI PRO R9700 (RADV GFX1201)
tick 1069000 alive  3421567 genomes  752264 energy   210.2 births 47121271 deaths 47126803 (20040.7s) AMD Radeon AI PRO R9700 (RADV GFX1201)
tick 1070000 alive  3425269 genomes  749486 energy   210.4 births 47270477 deaths 47266775 (20059.4s) AMD Radeon AI PRO R9700 (RADV GFX1201)
tick 1071000 alive  3427434 genomes  749440 energy   210.2 births 47161487 deaths 47159322 (20078.0s) AMD Radeon AI PRO R9700 (RADV GFX1201)
tick 1072000 alive  3430870 genomes  747542 energy   210.3 births 47345605 deaths 47342169 (20096.7s) AMD Radeon AI PRO R9700 (RADV GFX1201)
tick 1073000 alive  3442097 genomes  744440 energy   210.1 births 47647820 deaths 47636593 (20115.5s) AMD Radeon AI PRO R9700 (RADV GFX1201)
tick 1074000 alive  3447916 genomes  741441 energy   210.0 births 47825649 deaths 47819830 (20134.2s) AMD Radeon AI PRO R9700 (RADV GFX1201)
tick 1075000 alive  3459569 genomes  742436 energy   210.0 births 48118245 deaths 48106592 (20152.9s) AMD Radeon AI PRO R9700 (RADV GFX1201)
tick 1076000 alive  3452073 genomes  740264 energy   210.3 births 48068396 deaths 48075892 (20171.6s) AMD Radeon AI PRO R9700 (RADV GFX1201)
tick 1077000 alive  3451372 genomes  741979 energy   210.0 births 47939340 deaths 47940041 (20190.3s) AMD Radeon AI PRO R9700 (RADV GFX1201)
tick 1078000 alive  3450443 genomes  742584 energy   210.0 births 47934091 deaths 47935020 (20209.0s) AMD Radeon AI PRO R9700 (RADV GFX1201)
tick 1079000 alive  3448769 genomes  742229 energy   210.3 births 47850923 deaths 47852597 (20227.7s) AMD Radeon AI PRO R9700 (RADV GFX1201)
tick 1080000 alive  3444617 genomes  745905 energy   210.3 births 47569871 deaths 47574023 (20246.4s) AMD Radeon AI PRO R9700 (RADV GFX1201)
tick 1081000 alive  3442807 genomes  748994 energy   210.2 births 47587723 deaths 47589533 (20265.1s) AMD Radeon AI PRO R9700 (RADV GFX1201)
tick 1082000 alive  3428071 genomes  747268 energy   210.2 births 47347318 deaths 47362054 (20283.8s) AMD Radeon AI PRO R9700 (RADV GFX1201)
tick 1083000 alive  3428806 genomes  750409 energy   210.0 births 47409975 deaths 47409240 (20302.4s) AMD Radeon AI PRO R9700 (RADV GFX1201)
tick 1084000 alive  3440034 genomes  749348 energy   209.9 births 47646253 deaths 47635025 (20321.1s) AMD Radeon AI PRO R9700 (RADV GFX1201)
tick 1085000 alive  3443037 genomes  747203 energy   210.3 births 47608653 deaths 47605650 (20339.8s) AMD Radeon AI PRO R9700 (RADV GFX1201)
tick 1086000 alive  3434559 genomes  745735 energy   210.6 births 47344293 deaths 47352771 (20358.5s) AMD Radeon AI PRO R9700 (RADV GFX1201)
tick 1087000 alive  3436070 genomes  750194 energy   210.2 births 47456707 deaths 47455196 (20377.2s) AMD Radeon AI PRO R9700 (RADV GFX1201)
tick 1088000 alive  3427653 genomes  747989 energy   210.2 births 47326069 deaths 47334486 (20396.0s) AMD Radeon AI PRO R9700 (RADV GFX1201)
tick 1089000 alive  3430887 genomes  745733 energy   210.3 births 47404643 deaths 47401409 (20414.7s) AMD Radeon AI PRO R9700 (RADV GFX1201)
tick 1090000 alive  3441417 genomes  745404 energy   210.1 births 47595979 deaths 47585449 (20433.4s) AMD Radeon AI PRO R9700 (RADV GFX1201)
tick 1091000 alive  3450581 genomes  739787 energy   210.4 births 47754883 deaths 47745719 (20452.0s) AMD Radeon AI PRO R9700 (RADV GFX1201)
tick 1092000 alive  3437410 genomes  741261 energy   210.3 births 47357786 deaths 47370957 (20470.8s) AMD Radeon AI PRO R9700 (RADV GFX1201)
tick 1093000 alive  3435044 genomes  742347 energy   210.2 births 47394109 deaths 47396475 (20489.5s) AMD Radeon AI PRO R9700 (RADV GFX1201)
tick 1094000 alive  3435723 genomes  744622 energy   210.1 births 47412746 deaths 47412067 (20508.2s) AMD Radeon AI PRO R9700 (RADV GFX1201)
tick 1095000 alive  3448532 genomes  748368 energy   210.2 births 47694582 deaths 47681773 (20526.9s) AMD Radeon AI PRO R9700 (RADV GFX1201)
tick 1096000 alive  3428951 genomes  749755 energy   210.3 births 47218273 deaths 47237854 (20545.7s) AMD Radeon AI PRO R9700 (RADV GFX1201)
tick 1097000 alive  3425018 genomes  752441 energy   210.4 births 47169035 deaths 47172968 (20564.4s) AMD Radeon AI PRO R9700 (RADV GFX1201)
tick 1098000 alive  3423646 genomes  753450 energy   210.4 births 47054025 deaths 47055397 (20583.1s) AMD Radeon AI PRO R9700 (RADV GFX1201)
tick 1099000 alive  3419674 genomes  755337 energy   210.3 births 46986255 deaths 46990227 (20601.8s) AMD Radeon AI PRO R9700 (RADV GFX1201)
tick 1100000 alive  3418604 genomes  753532 energy   210.9 births 46970286 deaths 46971356 (20620.5s) AMD Radeon AI PRO R9700 (RADV GFX1201)
tick 1101000 alive  3409589 genomes  756829 energy   210.7 births 46564578 deaths 46573593 (20639.2s) AMD Radeon AI PRO R9700 (RADV GFX1201)
tick 1102000 alive  3408957 genomes  760689 energy   210.6 births 46443305 deaths 46443937 (20657.9s) AMD Radeon AI PRO R9700 (RADV GFX1201)
tick 1103000 alive  3408245 genomes  762462 energy   210.7 births 46446259 deaths 46446971 (20676.6s) AMD Radeon AI PRO R9700 (RADV GFX1201)
tick 1104000 alive  3397132 genomes  763631 energy   210.6 births 46410831 deaths 46421944 (20695.3s) AMD Radeon AI PRO R9700 (RADV GFX1201)
tick 1105000 alive  3403677 genomes  765269 energy   210.6 births 46475725 deaths 46469180 (20714.0s) AMD Radeon AI PRO R9700 (RADV GFX1201)
tick 1106000 alive  3412222 genomes  766263 energy   210.5 births 46709302 deaths 46700757 (20732.6s) AMD Radeon AI PRO R9700 (RADV GFX1201)
tick 1107000 alive  3418066 genomes  765364 energy   210.7 births 46684266 deaths 46678422 (20751.3s) AMD Radeon AI PRO R9700 (RADV GFX1201)
tick 1108000 alive  3411777 genomes  764952 energy   210.8 births 46663497 deaths 46669786 (20770.1s) AMD Radeon AI PRO R9700 (RADV GFX1201)
tick 1109000 alive  3411577 genomes  766768 energy   210.7 births 46444650 deaths 46444850 (20788.8s) AMD Radeon AI PRO R9700 (RADV GFX1201)
tick 1110000 alive  3404228 genomes  764205 energy   210.9 births 46536477 deaths 46543826 (20807.4s) AMD Radeon AI PRO R9700 (RADV GFX1201)
tick 1111000 alive  3409146 genomes  763831 energy   210.5 births 46420169 deaths 46415251 (20826.1s) AMD Radeon AI PRO R9700 (RADV GFX1201)
tick 1112000 alive  3414757 genomes  762567 energy   210.5 births 46848201 deaths 46842590 (20844.8s) AMD Radeon AI PRO R9700 (RADV GFX1201)
tick 1113000 alive  3428574 genomes  764355 energy   210.3 births 47052358 deaths 47038541 (20863.5s) AMD Radeon AI PRO R9700 (RADV GFX1201)
tick 1114000 alive  3415175 genomes  762213 energy   210.6 births 46928985 deaths 46942384 (20882.2s) AMD Radeon AI PRO R9700 (RADV GFX1201)
tick 1115000 alive  3421223 genomes  759967 energy   210.1 births 46882260 deaths 46876212 (20900.9s) AMD Radeon AI PRO R9700 (RADV GFX1201)
tick 1116000 alive  3432635 genomes  758385 energy   210.6 births 47302931 deaths 47291519 (20919.7s) AMD Radeon AI PRO R9700 (RADV GFX1201)
tick 1117000 alive  3428108 genomes  758299 energy   210.4 births 46950500 deaths 46955027 (20938.4s) AMD Radeon AI PRO R9700 (RADV GFX1201)
tick 1118000 alive  3435023 genomes  762089 energy   210.3 births 47158691 deaths 47151776 (20957.1s) AMD Radeon AI PRO R9700 (RADV GFX1201)
tick 1119000 alive  3426865 genomes  758860 energy   210.1 births 47401041 deaths 47409199 (20975.8s) AMD Radeon AI PRO R9700 (RADV GFX1201)
tick 1120000 alive  3438406 genomes  759625 energy   210.3 births 47417926 deaths 47406385 (20994.5s) AMD Radeon AI PRO R9700 (RADV GFX1201)
tick 1121000 alive  3436406 genomes  758789 energy   210.3 births 47269084 deaths 47271084 (21013.2s) AMD Radeon AI PRO R9700 (RADV GFX1201)
tick 1122000 alive  3431433 genomes  758149 energy   210.3 births 47292268 deaths 47297241 (21031.9s) AMD Radeon AI PRO R9700 (RADV GFX1201)
tick 1123000 alive  3435434 genomes  755355 energy   210.1 births 47404998 deaths 47400997 (21050.6s) AMD Radeon AI PRO R9700 (RADV GFX1201)
tick 1124000 alive  3446389 genomes  753417 energy   210.2 births 47706313 deaths 47695358 (21069.3s) AMD Radeon AI PRO R9700 (RADV GFX1201)
tick 1125000 alive  3446232 genomes  754134 energy   210.1 births 47630644 deaths 47630801 (21086.7s) AMD Radeon AI PRO R9700 (RADV GFX1201)
tick 1126000 alive  3428637 genomes  755069 energy   210.1 births 47530487 deaths 47548082 (21104.1s) AMD Radeon AI PRO R9700 (RADV GFX1201)
tick 1127000 alive  3441828 genomes  757047 energy   209.9 births 47577321 deaths 47564130 (21121.5s) AMD Radeon AI PRO R9700 (RADV GFX1201)
tick 1128000 alive  3445656 genomes  753676 energy   210.0 births 47932092 deaths 47928264 (21138.9s) AMD Radeon AI PRO R9700 (RADV GFX1201)
tick 1129000 alive  3445858 genomes  752484 energy   209.8 births 47971045 deaths 47970843 (21156.3s) AMD Radeon AI PRO R9700 (RADV GFX1201)
tick 1130000 alive  3449541 genomes  750942 energy   210.2 births 47935964 deaths 47932281 (21173.7s) AMD Radeon AI PRO R9700 (RADV GFX1201)
tick 1131000 alive  3435504 genomes  751637 energy   210.1 births 47658643 deaths 47672680 (21191.1s) AMD Radeon AI PRO R9700 (RADV GFX1201)
tick 1132000 alive  3445419 genomes  748999 energy   209.8 births 47788719 deaths 47778804 (21208.5s) AMD Radeon AI PRO R9700 (RADV GFX1201)
tick 1133000 alive  3450710 genomes  750543 energy   209.7 births 48181076 deaths 48175785 (21225.9s) AMD Radeon AI PRO R9700 (RADV GFX1201)
tick 1134000 alive  3448551 genomes  747601 energy   209.7 births 48148130 deaths 48150289 (21243.3s) AMD Radeon AI PRO R9700 (RADV GFX1201)
tick 1135000 alive  3458800 genomes  746206 energy   209.9 births 48271679 deaths 48261430 (21260.7s) AMD Radeon AI PRO R9700 (RADV GFX1201)
tick 1136000 alive  3442515 genomes  747924 energy   210.0 births 47838854 deaths 47855139 (21278.1s) AMD Radeon AI PRO R9700 (RADV GFX1201)
tick 1137000 alive  3431876 genomes  748408 energy   210.3 births 47584718 deaths 47595357 (21295.5s) AMD Radeon AI PRO R9700 (RADV GFX1201)
tick 1138000 alive  3436212 genomes  750015 energy   210.1 births 47637904 deaths 47633568 (21312.9s) AMD Radeon AI PRO R9700 (RADV GFX1201)
tick 1139000 alive  3446614 genomes  747645 energy   210.2 births 47737916 deaths 47727514 (21330.2s) AMD Radeon AI PRO R9700 (RADV GFX1201)
tick 1140000 alive  3442321 genomes  747666 energy   210.4 births 47830071 deaths 47834364 (21347.6s) AMD Radeon AI PRO R9700 (RADV GFX1201)
tick 1141000 alive  3440254 genomes  749677 energy   210.1 births 47619010 deaths 47621077 (21365.0s) AMD Radeon AI PRO R9700 (RADV GFX1201)
tick 1142000 alive  3451448 genomes  745636 energy   210.0 births 47916541 deaths 47905347 (21382.4s) AMD Radeon AI PRO R9700 (RADV GFX1201)
tick 1143000 alive  3451903 genomes  742456 energy   209.8 births 48066074 deaths 48065619 (21399.8s) AMD Radeon AI PRO R9700 (RADV GFX1201)
tick 1144000 alive  3448811 genomes  740803 energy   210.2 births 47877163 deaths 47880255 (21417.2s) AMD Radeon AI PRO R9700 (RADV GFX1201)
tick 1145000 alive  3449092 genomes  740839 energy   210.1 births 47842255 deaths 47841974 (21434.5s) AMD Radeon AI PRO R9700 (RADV GFX1201)
tick 1146000 alive  3448538 genomes  742019 energy   210.1 births 47859606 deaths 47860160 (21451.9s) AMD Radeon AI PRO R9700 (RADV GFX1201)
tick 1147000 alive  3458902 genomes  740569 energy   210.0 births 48041577 deaths 48031213 (21469.3s) AMD Radeon AI PRO R9700 (RADV GFX1201)
tick 1148000 alive  3451891 genomes  739092 energy   210.1 births 47985348 deaths 47992359 (21486.7s) AMD Radeon AI PRO R9700 (RADV GFX1201)
tick 1149000 alive  3458040 genomes  741796 energy   210.0 births 47975784 deaths 47969635 (21504.1s) AMD Radeon AI PRO R9700 (RADV GFX1201)
tick 1150000 alive  3446366 genomes  740529 energy   210.3 births 47804129 deaths 47815803 (21521.5s) AMD Radeon AI PRO R9700 (RADV GFX1201)
tick 1151000 alive  3434669 genomes  744274 energy   210.2 births 47510847 deaths 47522544 (21538.8s) AMD Radeon AI PRO R9700 (RADV GFX1201)
tick 1152000 alive  3436592 genomes  746603 energy   210.3 births 47370570 deaths 47368647 (21556.3s) AMD Radeon AI PRO R9700 (RADV GFX1201)
tick 1153000 alive  3441167 genomes  747446 energy   209.9 births 47510775 deaths 47506200 (21573.7s) AMD Radeon AI PRO R9700 (RADV GFX1201)
tick 1154000 alive  3432626 genomes  746751 energy   210.1 births 47604904 deaths 47613445 (21591.1s) AMD Radeon AI PRO R9700 (RADV GFX1201)
tick 1155000 alive  3432053 genomes  747626 energy   210.1 births 47341080 deaths 47341653 (21608.4s) AMD Radeon AI PRO R9700 (RADV GFX1201)
tick 1156000 alive  3441039 genomes  746225 energy   210.4 births 47423144 deaths 47414158 (21625.8s) AMD Radeon AI PRO R9700 (RADV GFX1201)
tick 1157000 alive  3441448 genomes  748315 energy   210.6 births 47355037 deaths 47354628 (21643.2s) AMD Radeon AI PRO R9700 (RADV GFX1201)
tick 1158000 alive  3427251 genomes  749859 energy   210.2 births 47264015 deaths 47278212 (21660.6s) AMD Radeon AI PRO R9700 (RADV GFX1201)
tick 1159000 alive  3435277 genomes  747007 energy   210.3 births 47354513 deaths 47346487 (21678.0s) AMD Radeon AI PRO R9700 (RADV GFX1201)
tick 1160000 alive  3432415 genomes  745329 energy   210.4 births 47390240 deaths 47393102 (21695.4s) AMD Radeon AI PRO R9700 (RADV GFX1201)
tick 1161000 alive  3427381 genomes  749615 energy   210.4 births 47265279 deaths 47270313 (21712.8s) AMD Radeon AI PRO R9700 (RADV GFX1201)
tick 1162000 alive  3419418 genomes  750096 energy   210.7 births 46986278 deaths 46994241 (21730.2s) AMD Radeon AI PRO R9700 (RADV GFX1201)
tick 1163000 alive  3419835 genomes  752256 energy   210.1 births 46975836 deaths 46975419 (21747.6s) AMD Radeon AI PRO R9700 (RADV GFX1201)
tick 1164000 alive  3427387 genomes  752699 energy   210.1 births 47323555 deaths 47316003 (21765.0s) AMD Radeon AI PRO R9700 (RADV GFX1201)
tick 1165000 alive  3417596 genomes  755230 energy   210.2 births 47305412 deaths 47315203 (21782.4s) AMD Radeon AI PRO R9700 (RADV GFX1201)
tick 1166000 alive  3411592 genomes  755664 energy   210.0 births 47083531 deaths 47089535 (21799.8s) AMD Radeon AI PRO R9700 (RADV GFX1201)
tick 1167000 alive  3424017 genomes  756306 energy   210.1 births 47320282 deaths 47307857 (21817.2s) AMD Radeon AI PRO R9700 (RADV GFX1201)
tick 1168000 alive  3415958 genomes  755462 energy   210.4 births 47216572 deaths 47224631 (21834.6s) AMD Radeon AI PRO R9700 (RADV GFX1201)
tick 1169000 alive  3430087 genomes  758093 energy   210.2 births 47192673 deaths 47178544 (21852.0s) AMD Radeon AI PRO R9700 (RADV GFX1201)
tick 1170000 alive  3415000 genomes  753417 energy   210.6 births 47139522 deaths 47154609 (21869.4s) AMD Radeon AI PRO R9700 (RADV GFX1201)
tick 1171000 alive  3423051 genomes  753674 energy   210.0 births 47090324 deaths 47082273 (21886.8s) AMD Radeon AI PRO R9700 (RADV GFX1201)
tick 1172000 alive  3427587 genomes  751992 energy   210.3 births 47469485 deaths 47464949 (21904.2s) AMD Radeon AI PRO R9700 (RADV GFX1201)
tick 1173000 alive  3440512 genomes  752255 energy   210.1 births 47577846 deaths 47564921 (21921.6s) AMD Radeon AI PRO R9700 (RADV GFX1201)
tick 1174000 alive  3439270 genomes  750123 energy   210.2 births 47619025 deaths 47620267 (21939.0s) AMD Radeon AI PRO R9700 (RADV GFX1201)
tick 1175000 alive  3429472 genomes  749827 energy   210.1 births 47468133 deaths 47477931 (21956.4s) AMD Radeon AI PRO R9700 (RADV GFX1201)
tick 1176000 alive  3438266 genomes  750113 energy   210.1 births 47655193 deaths 47646399 (21973.8s) AMD Radeon AI PRO R9700 (RADV GFX1201)
tick 1177000 alive  3430682 genomes  746681 energy   210.3 births 47545562 deaths 47553146 (21991.2s) AMD Radeon AI PRO R9700 (RADV GFX1201)
tick 1178000 alive  3443864 genomes  748826 energy   210.0 births 47620950 deaths 47607768 (22008.6s) AMD Radeon AI PRO R9700 (RADV GFX1201)
tick 1179000 alive  3441172 genomes  749518 energy   210.1 births 47622054 deaths 47624746 (22026.0s) AMD Radeon AI PRO R9700 (RADV GFX1201)
tick 1180000 alive  3444961 genomes  750189 energy   209.8 births 47774099 deaths 47770310 (22043.3s) AMD Radeon AI PRO R9700 (RADV GFX1201)
tick 1181000 alive  3445709 genomes  748029 energy   210.1 births 47950326 deaths 47949578 (22060.7s) AMD Radeon AI PRO R9700 (RADV GFX1201)
tick 1182000 alive  3441544 genomes  748681 energy   210.1 births 47641511 deaths 47645676 (22078.1s) AMD Radeon AI PRO R9700 (RADV GFX1201)
tick 1183000 alive  3433991 genomes  749875 energy   210.5 births 47481996 deaths 47489549 (22095.5s) AMD Radeon AI PRO R9700 (RADV GFX1201)
tick 1184000 alive  3426870 genomes  754441 energy   210.3 births 47168879 deaths 47176000 (22112.9s) AMD Radeon AI PRO R9700 (RADV GFX1201)
tick 1185000 alive  3418630 genomes  757375 energy   210.4 births 47077474 deaths 47085714 (22130.2s) AMD Radeon AI PRO R9700 (RADV GFX1201)
tick 1186000 alive  3424366 genomes  756702 energy   210.2 births 47103745 deaths 47098009 (22147.6s) AMD Radeon AI PRO R9700 (RADV GFX1201)
tick 1187000 alive  3429210 genomes  755743 energy   210.3 births 47284853 deaths 47280009 (22165.0s) AMD Radeon AI PRO R9700 (RADV GFX1201)
tick 1188000 alive  3431664 genomes  756104 energy   210.2 births 47390997 deaths 47388543 (22182.4s) AMD Radeon AI PRO R9700 (RADV GFX1201)
tick 1189000 alive  3425007 genomes  755126 energy   210.1 births 47515483 deaths 47522140 (22199.8s) AMD Radeon AI PRO R9700 (RADV GFX1201)
tick 1190000 alive  3436939 genomes  754466 energy   210.1 births 47549606 deaths 47537674 (22217.1s) AMD Radeon AI PRO R9700 (RADV GFX1201)
tick 1191000 alive  3444707 genomes  754693 energy   209.9 births 47774580 deaths 47766812 (22234.5s) AMD Radeon AI PRO R9700 (RADV GFX1201)
tick 1192000 alive  3440111 genomes  751057 energy   209.8 births 47783236 deaths 47787832 (22251.9s) AMD Radeon AI PRO R9700 (RADV GFX1201)
tick 1193000 alive  3435259 genomes  751984 energy   210.1 births 47720756 deaths 47725608 (22269.3s) AMD Radeon AI PRO R9700 (RADV GFX1201)
tick 1194000 alive  3432139 genomes  751755 energy   209.8 births 47643880 deaths 47647000 (22286.7s) AMD Radeon AI PRO R9700 (RADV GFX1201)
tick 1195000 alive  3431889 genomes  751634 energy   209.8 births 47756457 deaths 47756707 (22304.0s) AMD Radeon AI PRO R9700 (RADV GFX1201)
tick 1196000 alive  3446505 genomes  749916 energy   209.9 births 47833947 deaths 47819331 (22321.5s) AMD Radeon AI PRO R9700 (RADV GFX1201)
tick 1197000 alive  3447507 genomes  748102 energy   210.1 births 47908087 deaths 47907085 (22338.9s) AMD Radeon AI PRO R9700 (RADV GFX1201)
tick 1198000 alive  3436293 genomes  749068 energy   210.2 births 47763765 deaths 47774979 (22356.3s) AMD Radeon AI PRO R9700 (RADV GFX1201)
tick 1199000 alive  3437306 genomes  749975 energy   210.2 births 47597876 deaths 47596863 (22373.7s) AMD Radeon AI PRO R9700 (RADV GFX1201)
tick 1200000 alive  3445629 genomes  746853 energy   209.9 births 47783842 deaths 47775519 (22391.1s) AMD Radeon AI PRO R9700 (RADV GFX1201)
tick 1201000 alive  3445784 genomes  746996 energy   210.0 births 47840315 deaths 47840160 (22408.5s) AMD Radeon AI PRO R9700 (RADV GFX1201)
tick 1202000 alive  3432783 genomes  746178 energy   210.1 births 47659041 deaths 47672042 (22425.9s) AMD Radeon AI PRO R9700 (RADV GFX1201)
tick 1203000 alive  3450079 genomes  745501 energy   209.9 births 47869384 deaths 47852088 (22443.3s) AMD Radeon AI PRO R9700 (RADV GFX1201)
tick 1204000 alive  3452075 genomes  743330 energy   210.0 births 48028681 deaths 48026685 (22460.7s) AMD Radeon AI PRO R9700 (RADV GFX1201)
tick 1205000 alive  3444702 genomes  742456 energy   210.2 births 47912081 deaths 47919454 (22478.1s) AMD Radeon AI PRO R9700 (RADV GFX1201)
tick 1206000 alive  3451406 genomes  743936 energy   210.0 births 47754713 deaths 47748009 (22495.5s) AMD Radeon AI PRO R9700 (RADV GFX1201)
tick 1207000 alive  3437248 genomes  746771 energy   210.0 births 47694640 deaths 47708798 (22512.8s) AMD Radeon AI PRO R9700 (RADV GFX1201)
tick 1208000 alive  3431890 genomes  752173 energy   210.4 births 47441801 deaths 47447159 (22530.2s) AMD Radeon AI PRO R9700 (RADV GFX1201)
tick 1209000 alive  3427598 genomes  755466 energy   210.4 births 47253040 deaths 47257332 (22547.6s) AMD Radeon AI PRO R9700 (RADV GFX1201)
tick 1210000 alive  3425459 genomes  756162 energy   210.2 births 47279640 deaths 47281779 (22565.0s) AMD Radeon AI PRO R9700 (RADV GFX1201)
tick 1211000 alive  3430944 genomes  752242 energy   210.3 births 47213646 deaths 47208161 (22582.4s) AMD Radeon AI PRO R9700 (RADV GFX1201)
tick 1212000 alive  3430098 genomes  752003 energy   210.3 births 47325805 deaths 47326651 (22599.8s) AMD Radeon AI PRO R9700 (RADV GFX1201)
tick 1213000 alive  3418036 genomes  754121 energy   210.4 births 47086017 deaths 47098079 (22617.1s) AMD Radeon AI PRO R9700 (RADV GFX1201)
tick 1214000 alive  3431203 genomes  754368 energy   210.1 births 47218595 deaths 47205428 (22634.5s) AMD Radeon AI PRO R9700 (RADV GFX1201)
tick 1215000 alive  3435775 genomes  752180 energy   210.1 births 47661165 deaths 47656593 (22651.9s) AMD Radeon AI PRO R9700 (RADV GFX1201)
tick 1216000 alive  3438535 genomes  751566 energy   210.0 births 47532485 deaths 47529725 (22669.3s) AMD Radeon AI PRO R9700 (RADV GFX1201)
tick 1217000 alive  3432898 genomes  750562 energy   209.9 births 47603996 deaths 47609633 (22686.7s) AMD Radeon AI PRO R9700 (RADV GFX1201)
tick 1218000 alive  3426791 genomes  752800 energy   210.3 births 47491378 deaths 47497485 (22704.1s) AMD Radeon AI PRO R9700 (RADV GFX1201)
tick 1219000 alive  3423662 genomes  753938 energy   210.1 births 47263871 deaths 47267000 (22721.5s) AMD Radeon AI PRO R9700 (RADV GFX1201)
tick 1220000 alive  3429986 genomes  753597 energy   210.0 births 47379822 deaths 47373498 (22738.9s) AMD Radeon AI PRO R9700 (RADV GFX1201)
tick 1221000 alive  3425103 genomes  754813 energy   210.4 births 47289203 deaths 47294086 (22756.3s) AMD Radeon AI PRO R9700 (RADV GFX1201)
tick 1222000 alive  3417395 genomes  756072 energy   210.4 births 47024503 deaths 47032211 (22773.7s) AMD Radeon AI PRO R9700 (RADV GFX1201)
tick 1223000 alive  3428056 genomes  754638 energy   210.1 births 47184712 deaths 47174051 (22791.1s) AMD Radeon AI PRO R9700 (RADV GFX1201)
tick 1224000 alive  3433797 genomes  753028 energy   210.6 births 47318977 deaths 47313236 (22808.5s) AMD Radeon AI PRO R9700 (RADV GFX1201)
tick 1225000 alive  3421513 genomes  755530 energy   210.4 births 47056641 deaths 47068925 (22825.9s) AMD Radeon AI PRO R9700 (RADV GFX1201)
tick 1226000 alive  3418558 genomes  756046 energy   210.4 births 47128726 deaths 47131681 (22843.3s) AMD Radeon AI PRO R9700 (RADV GFX1201)
tick 1227000 alive  3424760 genomes  751919 energy   210.3 births 47225853 deaths 47219651 (22860.6s) AMD Radeon AI PRO R9700 (RADV GFX1201)
tick 1228000 alive  3424658 genomes  752276 energy   210.2 births 47205233 deaths 47205335 (22878.1s) AMD Radeon AI PRO R9700 (RADV GFX1201)
tick 1229000 alive  3437264 genomes  752189 energy   210.2 births 47333741 deaths 47321135 (22895.4s) AMD Radeon AI PRO R9700 (RADV GFX1201)
tick 1230000 alive  3438735 genomes  751470 energy   210.3 births 47496238 deaths 47494767 (22912.8s) AMD Radeon AI PRO R9700 (RADV GFX1201)
tick 1231000 alive  3439021 genomes  750525 energy   210.1 births 47486093 deaths 47485807 (22930.2s) AMD Radeon AI PRO R9700 (RADV GFX1201)
tick 1232000 alive  3438478 genomes  748391 energy   210.0 births 47656317 deaths 47656860 (22947.6s) AMD Radeon AI PRO R9700 (RADV GFX1201)
tick 1233000 alive  3441629 genomes  747022 energy   209.8 births 47911192 deaths 47908041 (22965.0s) AMD Radeon AI PRO R9700 (RADV GFX1201)
tick 1234000 alive  3445541 genomes  745552 energy   210.0 births 48020396 deaths 48016484 (22982.4s) AMD Radeon AI PRO R9700 (RADV GFX1201)
tick 1235000 alive  3441366 genomes  748337 energy   209.9 births 47865698 deaths 47869873 (22999.9s) AMD Radeon AI PRO R9700 (RADV GFX1201)
tick 1236000 alive  3440237 genomes  749125 energy   210.0 births 47728341 deaths 47729470 (23017.3s) AMD Radeon AI PRO R9700 (RADV GFX1201)
tick 1237000 alive  3439996 genomes  751051 energy   210.2 births 47657038 deaths 47657279 (23034.7s) AMD Radeon AI PRO R9700 (RADV GFX1201)
tick 1238000 alive  3428982 genomes  753686 energy   210.3 births 47356326 deaths 47367340 (23052.1s) AMD Radeon AI PRO R9700 (RADV GFX1201)
tick 1239000 alive  3420957 genomes  754211 energy   210.3 births 47267137 deaths 47275162 (23069.5s) AMD Radeon AI PRO R9700 (RADV GFX1201)
tick 1240000 alive  3426138 genomes  753776 energy   209.7 births 47220735 deaths 47215554 (23086.9s) AMD Radeon AI PRO R9700 (RADV GFX1201)
tick 1241000 alive  3444791 genomes  754412 energy   209.8 births 47880023 deaths 47861370 (23104.3s) AMD Radeon AI PRO R9700 (RADV GFX1201)
tick 1242000 alive  3438658 genomes  749739 energy   210.1 births 47839403 deaths 47845536 (23121.7s) AMD Radeon AI PRO R9700 (RADV GFX1201)
tick 1243000 alive  3437810 genomes  747420 energy   210.2 births 47746197 deaths 47747045 (23139.1s) AMD Radeon AI PRO R9700 (RADV GFX1201)
tick 1244000 alive  3439622 genomes  748150 energy   210.0 births 47697304 deaths 47695492 (23156.5s) AMD Radeon AI PRO R9700 (RADV GFX1201)
tick 1245000 alive  3437642 genomes  746820 energy   209.9 births 47741389 deaths 47743369 (23173.9s) AMD Radeon AI PRO R9700 (RADV GFX1201)
tick 1246000 alive  3447125 genomes  745898 energy   210.0 births 48012595 deaths 48003112 (23191.2s) AMD Radeon AI PRO R9700 (RADV GFX1201)
tick 1247000 alive  3449461 genomes  745058 energy   209.8 births 47981150 deaths 47978814 (23208.6s) AMD Radeon AI PRO R9700 (RADV GFX1201)
tick 1248000 alive  3453172 genomes  742785 energy   210.1 births 47993230 deaths 47989519 (23226.1s) AMD Radeon AI PRO R9700 (RADV GFX1201)
tick 1249000 alive  3432848 genomes  743734 energy   210.1 births 47643070 deaths 47663394 (23243.5s) AMD Radeon AI PRO R9700 (RADV GFX1201)
tick 1250000 alive  3447496 genomes  742947 energy   210.1 births 47627688 deaths 47613040 (23260.8s) AMD Radeon AI PRO R9700 (RADV GFX1201)
tick 1251000 alive  3440749 genomes  739994 energy   210.3 births 47676272 deaths 47683019 (23278.2s) AMD Radeon AI PRO R9700 (RADV GFX1201)
tick 1252000 alive  3447404 genomes  742800 energy   210.2 births 47771336 deaths 47764681 (23295.6s) AMD Radeon AI PRO R9700 (RADV GFX1201)
tick 1253000 alive  3444992 genomes  744722 energy   209.9 births 47821154 deaths 47823566 (23313.0s) AMD Radeon AI PRO R9700 (RADV GFX1201)
tick 1254000 alive  3444731 genomes  742146 energy   209.7 births 47851573 deaths 47851834 (23330.4s) AMD Radeon AI PRO R9700 (RADV GFX1201)
tick 1255000 alive  3451856 genomes  740830 energy   210.1 births 47863749 deaths 47856624 (23347.8s) AMD Radeon AI PRO R9700 (RADV GFX1201)
tick 1256000 alive  3460542 genomes  745010 energy   210.1 births 47934007 deaths 47925321 (23365.2s) AMD Radeon AI PRO R9700 (RADV GFX1201)
tick 1257000 alive  3437030 genomes  744458 energy   210.4 births 47632122 deaths 47655634 (23382.6s) AMD Radeon AI PRO R9700 (RADV GFX1201)
tick 1258000 alive  3432206 genomes  745573 energy   210.4 births 47309913 deaths 47314737 (23400.0s) AMD Radeon AI PRO R9700 (RADV GFX1201)
tick 1259000 alive  3418726 genomes  750483 energy   210.4 births 47169561 deaths 47183041 (23417.4s) AMD Radeon AI PRO R9700 (RADV GFX1201)
tick 1260000 alive  3420679 genomes  749866 energy   210.6 births 47083708 deaths 47081755 (23434.8s) AMD Radeon AI PRO R9700 (RADV GFX1201)
tick 1261000 alive  3425150 genomes  749746 energy   210.4 births 47067419 deaths 47062948 (23452.2s) AMD Radeon AI PRO R9700 (RADV GFX1201)
tick 1262000 alive  3425779 genomes  751268 energy   210.2 births 47305113 deaths 47304484 (23469.6s) AMD Radeon AI PRO R9700 (RADV GFX1201)
tick 1263000 alive  3416379 genomes  753456 energy   210.2 births 47114693 deaths 47124093 (23487.0s) AMD Radeon AI PRO R9700 (RADV GFX1201)
tick 1264000 alive  3420247 genomes  751600 energy   210.3 births 47164306 deaths 47160438 (23504.4s) AMD Radeon AI PRO R9700 (RADV GFX1201)
tick 1265000 alive  3429943 genomes  752191 energy   210.5 births 47067515 deaths 47057819 (23521.8s) AMD Radeon AI PRO R9700 (RADV GFX1201)
tick 1266000 alive  3419165 genomes  755727 energy   210.5 births 46849303 deaths 46860081 (23539.2s) AMD Radeon AI PRO R9700 (RADV GFX1201)
tick 1267000 alive  3419069 genomes  756129 energy   210.3 births 46945903 deaths 46945999 (23556.6s) AMD Radeon AI PRO R9700 (RADV GFX1201)
tick 1268000 alive  3411141 genomes  756927 energy   210.3 births 46848722 deaths 46856650 (23574.0s) AMD Radeon AI PRO R9700 (RADV GFX1201)
tick 1269000 alive  3416711 genomes  754782 energy   210.1 births 46955469 deaths 46949899 (23591.4s) AMD Radeon AI PRO R9700 (RADV GFX1201)
tick 1270000 alive  3434975 genomes  755773 energy   210.4 births 47308660 deaths 47290396 (23608.7s) AMD Radeon AI PRO R9700 (RADV GFX1201)
tick 1271000 alive  3415671 genomes  755799 energy   210.6 births 47062569 deaths 47081873 (23626.1s) AMD Radeon AI PRO R9700 (RADV GFX1201)
tick 1272000 alive  3408748 genomes  755472 energy   210.3 births 46684849 deaths 46691772 (23643.5s) AMD Radeon AI PRO R9700 (RADV GFX1201)
tick 1273000 alive  3425001 genomes  759231 energy   210.2 births 47068127 deaths 47051874 (23660.9s) AMD Radeon AI PRO R9700 (RADV GFX1201)
tick 1274000 alive  3422836 genomes  755524 energy   210.4 births 47185863 deaths 47188028 (23678.3s) AMD Radeon AI PRO R9700 (RADV GFX1201)
tick 1275000 alive  3421515 genomes  753070 energy   210.4 births 47058861 deaths 47060182 (23695.6s) AMD Radeon AI PRO R9700 (RADV GFX1201)
tick 1276000 alive  3424113 genomes  756305 energy   210.2 births 47145440 deaths 47142842 (23713.1s) AMD Radeon AI PRO R9700 (RADV GFX1201)
tick 1277000 alive  3424131 genomes  754706 energy   210.0 births 47223624 deaths 47223606 (23730.5s) AMD Radeon AI PRO R9700 (RADV GFX1201)
tick 1278000 alive  3452935 genomes  755174 energy   209.9 births 47881569 deaths 47852765 (23747.9s) AMD Radeon AI PRO R9700 (RADV GFX1201)
tick 1279000 alive  3434354 genomes  753144 energy   210.3 births 47617896 deaths 47636477 (23765.3s) AMD Radeon AI PRO R9700 (RADV GFX1201)
tick 1280000 alive  3433173 genomes  749684 energy   210.2 births 47366891 deaths 47368072 (23782.7s) AMD Radeon AI PRO R9700 (RADV GFX1201)
tick 1281000 alive  3446592 genomes  745729 energy   210.1 births 47568162 deaths 47554743 (23800.1s) AMD Radeon AI PRO R9700 (RADV GFX1201)
tick 1282000 alive  3440867 genomes  745018 energy   210.3 births 47691966 deaths 47697691 (23817.5s) AMD Radeon AI PRO R9700 (RADV GFX1201)
tick 1283000 alive  3436508 genomes  745482 energy   210.3 births 47407891 deaths 47412250 (23834.9s) AMD Radeon AI PRO R9700 (RADV GFX1201)
tick 1284000 alive  3440447 genomes  746698 energy   210.1 births 47547111 deaths 47543172 (23852.3s) AMD Radeon AI PRO R9700 (RADV GFX1201)
tick 1285000 alive  3445121 genomes  749492 energy   209.7 births 47674259 deaths 47669585 (23869.7s) AMD Radeon AI PRO R9700 (RADV GFX1201)
tick 1286000 alive  3444104 genomes  746902 energy   210.0 births 47914831 deaths 47915848 (23887.1s) AMD Radeon AI PRO R9700 (RADV GFX1201)
tick 1287000 alive  3436908 genomes  748850 energy   210.1 births 47829176 deaths 47836372 (23904.5s) AMD Radeon AI PRO R9700 (RADV GFX1201)
tick 1288000 alive  3436232 genomes  746755 energy   210.1 births 47670646 deaths 47671322 (23921.9s) AMD Radeon AI PRO R9700 (RADV GFX1201)
tick 1289000 alive  3447087 genomes  747926 energy   210.0 births 47826220 deaths 47815365 (23939.3s) AMD Radeon AI PRO R9700 (RADV GFX1201)
tick 1290000 alive  3449381 genomes  747000 energy   210.1 births 47860379 deaths 47858085 (23956.7s) AMD Radeon AI PRO R9700 (RADV GFX1201)
tick 1291000 alive  3444715 genomes  746365 energy   210.2 births 47826330 deaths 47830996 (23974.1s) AMD Radeon AI PRO R9700 (RADV GFX1201)
tick 1292000 alive  3437604 genomes  748663 energy   210.0 births 47653018 deaths 47660129 (23991.5s) AMD Radeon AI PRO R9700 (RADV GFX1201)
tick 1293000 alive  3436652 genomes  746621 energy   210.2 births 47612463 deaths 47613415 (24008.9s) AMD Radeon AI PRO R9700 (RADV GFX1201)
tick 1294000 alive  3430471 genomes  750191 energy   210.2 births 47484258 deaths 47490439 (24026.3s) AMD Radeon AI PRO R9700 (RADV GFX1201)
tick 1295000 alive  3429423 genomes  752860 energy   210.0 births 47408173 deaths 47409221 (24043.7s) AMD Radeon AI PRO R9700 (RADV GFX1201)
tick 1296000 alive  3437147 genomes  752882 energy   210.2 births 47656937 deaths 47649213 (24061.1s) AMD Radeon AI PRO R9700 (RADV GFX1201)
tick 1297000 alive  3424506 genomes  750930 energy   210.4 births 47218958 deaths 47231599 (24078.5s) AMD Radeon AI PRO R9700 (RADV GFX1201)
tick 1298000 alive  3434410 genomes  751974 energy   210.2 births 47281565 deaths 47271661 (24095.8s) AMD Radeon AI PRO R9700 (RADV GFX1201)
tick 1299000 alive  3432214 genomes  749716 energy   210.3 births 47205172 deaths 47207368 (24113.2s) AMD Radeon AI PRO R9700 (RADV GFX1201)
tick 1300000 alive  3428303 genomes  751099 energy   210.4 births 47280928 deaths 47284839 (24130.6s) AMD Radeon AI PRO R9700 (RADV GFX1201)
tick 1301000 alive  3428907 genomes  749157 energy   210.3 births 47249409 deaths 47248805 (24148.0s) AMD Radeon AI PRO R9700 (RADV GFX1201)
tick 1302000 alive  3439908 genomes  749388 energy   210.3 births 47460801 deaths 47449800 (24165.4s) AMD Radeon AI PRO R9700 (RADV GFX1201)
tick 1303000 alive  3429871 genomes  747915 energy   210.4 births 47387593 deaths 47397630 (24182.7s) AMD Radeon AI PRO R9700 (RADV GFX1201)
tick 1304000 alive  3433961 genomes  747981 energy   210.1 births 47350863 deaths 47346773 (24200.1s) AMD Radeon AI PRO R9700 (RADV GFX1201)
tick 1305000 alive  3445447 genomes  750477 energy   209.8 births 47797290 deaths 47785804 (24217.5s) AMD Radeon AI PRO R9700 (RADV GFX1201)
tick 1306000 alive  3440705 genomes  748384 energy   210.1 births 47657215 deaths 47661957 (24234.9s) AMD Radeon AI PRO R9700 (RADV GFX1201)
tick 1307000 alive  3439326 genomes  751171 energy   210.2 births 47660729 deaths 47662108 (24252.3s) AMD Radeon AI PRO R9700 (RADV GFX1201)
tick 1308000 alive  3440161 genomes  752470 energy   210.1 births 47609288 deaths 47608453 (24269.7s) AMD Radeon AI PRO R9700 (RADV GFX1201)
tick 1309000 alive  3430815 genomes  755211 energy   210.3 births 47496564 deaths 47505910 (24287.1s) AMD Radeon AI PRO R9700 (RADV GFX1201)
tick 1310000 alive  3432361 genomes  756062 energy   210.1 births 47466051 deaths 47464505 (24304.5s) AMD Radeon AI PRO R9700 (RADV GFX1201)
tick 1311000 alive  3425847 genomes  752987 energy   210.6 births 47213718 deaths 47220232 (24321.9s) AMD Radeon AI PRO R9700 (RADV GFX1201)
tick 1312000 alive  3426456 genomes  754967 energy   210.3 births 47151927 deaths 47151318 (24339.3s) AMD Radeon AI PRO R9700 (RADV GFX1201)
tick 1313000 alive  3427480 genomes  755462 energy   210.2 births 47354128 deaths 47353104 (24356.7s) AMD Radeon AI PRO R9700 (RADV GFX1201)
tick 1314000 alive  3440133 genomes  755563 energy   209.8 births 47527006 deaths 47514353 (24374.1s) AMD Radeon AI PRO R9700 (RADV GFX1201)
tick 1315000 alive  3432576 genomes  753278 energy   210.3 births 47454057 deaths 47461614 (24391.5s) AMD Radeon AI PRO R9700 (RADV GFX1201)
tick 1316000 alive  3424168 genomes  751854 energy   210.5 births 47091455 deaths 47099863 (24408.9s) AMD Radeon AI PRO R9700 (RADV GFX1201)
tick 1317000 alive  3424090 genomes  755751 energy   210.1 births 47177145 deaths 47177223 (24426.3s) AMD Radeon AI PRO R9700 (RADV GFX1201)
tick 1318000 alive  3429256 genomes  753613 energy   210.1 births 47356582 deaths 47351416 (24443.7s) AMD Radeon AI PRO R9700 (RADV GFX1201)
tick 1319000 alive  3433227 genomes  752886 energy   210.1 births 47458761 deaths 47454790 (24461.1s) AMD Radeon AI PRO R9700 (RADV GFX1201)
tick 1320000 alive  3443256 genomes  750838 energy   210.3 births 47645324 deaths 47635295 (24478.5s) AMD Radeon AI PRO R9700 (RADV GFX1201)
tick 1321000 alive  3438732 genomes  749468 energy   210.2 births 47675390 deaths 47679914 (24495.8s) AMD Radeon AI PRO R9700 (RADV GFX1201)
tick 1322000 alive  3436891 genomes  750021 energy   209.9 births 47579049 deaths 47580890 (24513.2s) AMD Radeon AI PRO R9700 (RADV GFX1201)
tick 1323000 alive  3446565 genomes  750327 energy   210.2 births 47783764 deaths 47774090 (24530.6s) AMD Radeon AI PRO R9700 (RADV GFX1201)
tick 1324000 alive  3430823 genomes  748536 energy   210.2 births 47539849 deaths 47555591 (24548.0s) AMD Radeon AI PRO R9700 (RADV GFX1201)
tick 1325000 alive  3441698 genomes  750317 energy   210.1 births 47498674 deaths 47487799 (24565.4s) AMD Radeon AI PRO R9700 (RADV GFX1201)
tick 1326000 alive  3435543 genomes  751003 energy   210.3 births 47527057 deaths 47533212 (24582.8s) AMD Radeon AI PRO R9700 (RADV GFX1201)
tick 1327000 alive  3438329 genomes  751688 energy   210.3 births 47521505 deaths 47518719 (24600.2s) AMD Radeon AI PRO R9700 (RADV GFX1201)
tick 1328000 alive  3431764 genomes  752682 energy   210.3 births 47412561 deaths 47419126 (24617.6s) AMD Radeon AI PRO R9700 (RADV GFX1201)
tick 1329000 alive  3422059 genomes  753335 energy   210.2 births 47227614 deaths 47237319 (24635.0s) AMD Radeon AI PRO R9700 (RADV GFX1201)
tick 1330000 alive  3431095 genomes  750028 energy   210.3 births 47292499 deaths 47283463 (24652.4s) AMD Radeon AI PRO R9700 (RADV GFX1201)
tick 1331000 alive  3440172 genomes  749233 energy   210.2 births 47479665 deaths 47470588 (24669.8s) AMD Radeon AI PRO R9700 (RADV GFX1201)
tick 1332000 alive  3444483 genomes  749553 energy   210.0 births 47579083 deaths 47574772 (24687.2s) AMD Radeon AI PRO R9700 (RADV GFX1201)
tick 1333000 alive  3443914 genomes  746515 energy   209.9 births 47742769 deaths 47743338 (24704.6s) AMD Radeon AI PRO R9700 (RADV GFX1201)
tick 1334000 alive  3452281 genomes  745179 energy   210.0 births 47907293 deaths 47898926 (24722.0s) AMD Radeon AI PRO R9700 (RADV GFX1201)
tick 1335000 alive  3453975 genomes  740892 energy   210.3 births 48021233 deaths 48019539 (24739.4s) AMD Radeon AI PRO R9700 (RADV GFX1201)
tick 1336000 alive  3443652 genomes  741839 energy   210.0 births 47733215 deaths 47743538 (24756.8s) AMD Radeon AI PRO R9700 (RADV GFX1201)
tick 1337000 alive  3443108 genomes  740814 energy   210.3 births 47689144 deaths 47689688 (24774.2s) AMD Radeon AI PRO R9700 (RADV GFX1201)
tick 1338000 alive  3451191 genomes  744005 energy   210.1 births 47771071 deaths 47762988 (24791.6s) AMD Radeon AI PRO R9700 (RADV GFX1201)
tick 1339000 alive  3443661 genomes  747064 energy   210.1 births 47743940 deaths 47751470 (24809.0s) AMD Radeon AI PRO R9700 (RADV GFX1201)
tick 1340000 alive  3448112 genomes  751118 energy   210.0 births 47831248 deaths 47826797 (24826.4s) AMD Radeon AI PRO R9700 (RADV GFX1201)
tick 1341000 alive  3441396 genomes  749385 energy   210.2 births 47648888 deaths 47655604 (24843.8s) AMD Radeon AI PRO R9700 (RADV GFX1201)
tick 1342000 alive  3418263 genomes  754180 energy   210.3 births 47170039 deaths 47193172 (24861.2s) AMD Radeon AI PRO R9700 (RADV GFX1201)
tick 1343000 alive  3415174 genomes  755646 energy   210.1 births 47117467 deaths 47120556 (24878.6s) AMD Radeon AI PRO R9700 (RADV GFX1201)
tick 1344000 alive  3424517 genomes  754593 energy   210.2 births 47100797 deaths 47091454 (24896.0s) AMD Radeon AI PRO R9700 (RADV GFX1201)
tick 1345000 alive  3430409 genomes  757778 energy   210.3 births 47249162 deaths 47243270 (24913.4s) AMD Radeon AI PRO R9700 (RADV GFX1201)
tick 1346000 alive  3419815 genomes  753495 energy   210.4 births 47146796 deaths 47157390 (24930.8s) AMD Radeon AI PRO R9700 (RADV GFX1201)
tick 1347000 alive  3425675 genomes  757299 energy   210.2 births 47220058 deaths 47214198 (24948.2s) AMD Radeon AI PRO R9700 (RADV GFX1201)
tick 1348000 alive  3409882 genomes  753538 energy   210.2 births 47013361 deaths 47029154 (24965.6s) AMD Radeon AI PRO R9700 (RADV GFX1201)
tick 1349000 alive  3426560 genomes  755329 energy   210.3 births 47091570 deaths 47074892 (24983.0s) AMD Radeon AI PRO R9700 (RADV GFX1201)
tick 1350000 alive  3428693 genomes  755946 energy   210.6 births 47243495 deaths 47241362 (25000.4s) AMD Radeon AI PRO R9700 (RADV GFX1201)
tick 1351000 alive  3423898 genomes  755233 energy   210.3 births 47129694 deaths 47134489 (25017.8s) AMD Radeon AI PRO R9700 (RADV GFX1201)
tick 1352000 alive  3422177 genomes  753883 energy   210.3 births 47214038 deaths 47215759 (25035.2s) AMD Radeon AI PRO R9700 (RADV GFX1201)
tick 1353000 alive  3424373 genomes  752211 energy   210.1 births 47228760 deaths 47226564 (25052.6s) AMD Radeon AI PRO R9700 (RADV GFX1201)
tick 1354000 alive  3428232 genomes  755673 energy   210.4 births 47344525 deaths 47340666 (25070.0s) AMD Radeon AI PRO R9700 (RADV GFX1201)
tick 1355000 alive  3433383 genomes  753587 energy   210.2 births 47341267 deaths 47336116 (25087.4s) AMD Radeon AI PRO R9700 (RADV GFX1201)
tick 1356000 alive  3429194 genomes  754219 energy   210.3 births 47396548 deaths 47400737 (25104.8s) AMD Radeon AI PRO R9700 (RADV GFX1201)
tick 1357000 alive  3421213 genomes  751983 energy   210.2 births 47213304 deaths 47221285 (25122.2s) AMD Radeon AI PRO R9700 (RADV GFX1201)
tick 1358000 alive  3438730 genomes  751844 energy   209.9 births 47544765 deaths 47527248 (25139.6s) AMD Radeon AI PRO R9700 (RADV GFX1201)
tick 1359000 alive  3440309 genomes  750770 energy   210.0 births 47702308 deaths 47700729 (25157.0s) AMD Radeon AI PRO R9700 (RADV GFX1201)
tick 1360000 alive  3432538 genomes  750968 energy   210.1 births 47743293 deaths 47751064 (25174.5s) AMD Radeon AI PRO R9700 (RADV GFX1201)
tick 1361000 alive  3438065 genomes  749487 energy   209.8 births 47657593 deaths 47652066 (25191.9s) AMD Radeon AI PRO R9700 (RADV GFX1201)
tick 1362000 alive  3443901 genomes  750312 energy   210.2 births 47817689 deaths 47811853 (25209.3s) AMD Radeon AI PRO R9700 (RADV GFX1201)
tick 1363000 alive  3431239 genomes  753119 energy   210.2 births 47397271 deaths 47409933 (25226.6s) AMD Radeon AI PRO R9700 (RADV GFX1201)
tick 1364000 alive  3419240 genomes  754619 energy   210.3 births 47285258 deaths 47297257 (25244.1s) AMD Radeon AI PRO R9700 (RADV GFX1201)
tick 1365000 alive  3434904 genomes  755938 energy   210.0 births 47372948 deaths 47357284 (25261.5s) AMD Radeon AI PRO R9700 (RADV GFX1201)
tick 1366000 alive  3425909 genomes  752118 energy   210.3 births 47317917 deaths 47326912 (25278.9s) AMD Radeon AI PRO R9700 (RADV GFX1201)
tick 1367000 alive  3431658 genomes  753270 energy   210.6 births 47189221 deaths 47183472 (25296.3s) AMD Radeon AI PRO R9700 (RADV GFX1201)
tick 1368000 alive  3418887 genomes  756020 energy   210.3 births 47040152 deaths 47052923 (25313.7s) AMD Radeon AI PRO R9700 (RADV GFX1201)
tick 1369000 alive  3429139 genomes  753208 energy   210.4 births 47122554 deaths 47112302 (25331.1s) AMD Radeon AI PRO R9700 (RADV GFX1201)
tick 1370000 alive  3435496 genomes  750172 energy   210.1 births 47448616 deaths 47442259 (25348.5s) AMD Radeon AI PRO R9700 (RADV GFX1201)
tick 1371000 alive  3445324 genomes  751167 energy   210.1 births 47646487 deaths 47636659 (25365.9s) AMD Radeon AI PRO R9700 (RADV GFX1201)
tick 1372000 alive  3436935 genomes  750697 energy   210.4 births 47443409 deaths 47451798 (25383.3s) AMD Radeon AI PRO R9700 (RADV GFX1201)
tick 1373000 alive  3414786 genomes  750645 energy   210.6 births 46974228 deaths 46996377 (25400.7s) AMD Radeon AI PRO R9700 (RADV GFX1201)
tick 1374000 alive  3409958 genomes  754851 energy   210.6 births 46756373 deaths 46761201 (25418.1s) AMD Radeon AI PRO R9700 (RADV GFX1201)
tick 1375000 alive  3426217 genomes  757995 energy   210.1 births 47063485 deaths 47047226 (25435.5s) AMD Radeon AI PRO R9700 (RADV GFX1201)
tick 1376000 alive  3423177 genomes  755984 energy   209.9 births 47260149 deaths 47263189 (25452.9s) AMD Radeon AI PRO R9700 (RADV GFX1201)
tick 1377000 alive  3432240 genomes  755374 energy   209.9 births 47369245 deaths 47360182 (25470.3s) AMD Radeon AI PRO R9700 (RADV GFX1201)
tick 1378000 alive  3430718 genomes  753732 energy   210.5 births 47389529 deaths 47391051 (25487.7s) AMD Radeon AI PRO R9700 (RADV GFX1201)
tick 1379000 alive  3438348 genomes  756599 energy   210.3 births 47210078 deaths 47202448 (25505.1s) AMD Radeon AI PRO R9700 (RADV GFX1201)
tick 1380000 alive  3433917 genomes  757262 energy   210.4 births 47436098 deaths 47440529 (25522.6s) AMD Radeon AI PRO R9700 (RADV GFX1201)
tick 1381000 alive  3422859 genomes  753995 energy   210.3 births 47200656 deaths 47211714 (25539.9s) AMD Radeon AI PRO R9700 (RADV GFX1201)
tick 1382000 alive  3431571 genomes  754937 energy   210.0 births 47333700 deaths 47324988 (25557.3s) AMD Radeon AI PRO R9700 (RADV GFX1201)
tick 1383000 alive  3434838 genomes  755574 energy   210.4 births 47494881 deaths 47491614 (25574.8s) AMD Radeon AI PRO R9700 (RADV GFX1201)
tick 1384000 alive  3425154 genomes  756920 energy   210.2 births 47164689 deaths 47174373 (25592.2s) AMD Radeon AI PRO R9700 (RADV GFX1201)
tick 1385000 alive  3438049 genomes  755742 energy   210.0 births 47426166 deaths 47413271 (25609.6s) AMD Radeon AI PRO R9700 (RADV GFX1201)
tick 1386000 alive  3438398 genomes  753200 energy   210.1 births 47652028 deaths 47651679 (25627.0s) AMD Radeon AI PRO R9700 (RADV GFX1201)
tick 1387000 alive  3445670 genomes  753557 energy   209.9 births 47782186 deaths 47774914 (25644.4s) AMD Radeon AI PRO R9700 (RADV GFX1201)
tick 1388000 alive  3436752 genomes  752176 energy   210.0 births 47739771 deaths 47748689 (25661.9s) AMD Radeon AI PRO R9700 (RADV GFX1201)
tick 1389000 alive  3445741 genomes  752028 energy   210.0 births 47770413 deaths 47761424 (25679.2s) AMD Radeon AI PRO R9700 (RADV GFX1201)
tick 1390000 alive  3445367 genomes  751814 energy   210.0 births 47879566 deaths 47879940 (25696.6s) AMD Radeon AI PRO R9700 (RADV GFX1201)
tick 1391000 alive  3436105 genomes  750484 energy   210.1 births 47748069 deaths 47757331 (25714.1s) AMD Radeon AI PRO R9700 (RADV GFX1201)
tick 1392000 alive  3437563 genomes  752083 energy   209.9 births 47623541 deaths 47622083 (25731.5s) AMD Radeon AI PRO R9700 (RADV GFX1201)
tick 1393000 alive  3440951 genomes  750558 energy   210.0 births 47660464 deaths 47657076 (25748.9s) AMD Radeon AI PRO R9700 (RADV GFX1201)
tick 1394000 alive  3440283 genomes  751394 energy   210.0 births 47704420 deaths 47705088 (25766.3s) AMD Radeon AI PRO R9700 (RADV GFX1201)
tick 1395000 alive  3438391 genomes  751660 energy   210.0 births 47673776 deaths 47675668 (25783.7s) AMD Radeon AI PRO R9700 (RADV GFX1201)
tick 1396000 alive  3438701 genomes  749622 energy   210.2 births 47577393 deaths 47577083 (25801.1s) AMD Radeon AI PRO R9700 (RADV GFX1201)
tick 1397000 alive  3440936 genomes  750843 energy   210.0 births 47735522 deaths 47733287 (25818.6s) AMD Radeon AI PRO R9700 (RADV GFX1201)
tick 1398000 alive  3438146 genomes  749907 energy   210.1 births 47719994 deaths 47722784 (25836.0s) AMD Radeon AI PRO R9700 (RADV GFX1201)
tick 1399000 alive  3444417 genomes  748556 energy   210.2 births 47753469 deaths 47747198 (25853.4s) AMD Radeon AI PRO R9700 (RADV GFX1201)
tick 1400000 alive  3442637 genomes  747007 energy   210.1 births 47789231 deaths 47791011 (25870.8s) AMD Radeon AI PRO R9700 (RADV GFX1201)
tick 1401000 alive  3443635 genomes  747620 energy   209.9 births 47773886 deaths 47772888 (25888.2s) AMD Radeon AI PRO R9700 (RADV GFX1201)
tick 1402000 alive  3443540 genomes  747174 energy   210.3 births 47771779 deaths 47771874 (25905.6s) AMD Radeon AI PRO R9700 (RADV GFX1201)
tick 1403000 alive  3441377 genomes  749617 energy   210.4 births 47479290 deaths 47481453 (25923.1s) AMD Radeon AI PRO R9700 (RADV GFX1201)
tick 1404000 alive  3430337 genomes  750177 energy   210.2 births 47365194 deaths 47376234 (25940.5s) AMD Radeon AI PRO R9700 (RADV GFX1201)
tick 1405000 alive  3438397 genomes  751520 energy   210.3 births 47429770 deaths 47421710 (25957.9s) AMD Radeon AI PRO R9700 (RADV GFX1201)
tick 1406000 alive  3435666 genomes  751578 energy   210.3 births 47471814 deaths 47474545 (25975.3s) AMD Radeon AI PRO R9700 (RADV GFX1201)
tick 1407000 alive  3433808 genomes  749348 energy   210.1 births 47399563 deaths 47401421 (25992.7s) AMD Radeon AI PRO R9700 (RADV GFX1201)
tick 1408000 alive  3431306 genomes  748490 energy   210.2 births 47419655 deaths 47422157 (26010.1s) AMD Radeon AI PRO R9700 (RADV GFX1201)
tick 1409000 alive  3435513 genomes  747865 energy   210.3 births 47568552 deaths 47564345 (26027.5s) AMD Radeon AI PRO R9700 (RADV GFX1201)
tick 1410000 alive  3432838 genomes  748375 energy   210.4 births 47433336 deaths 47436011 (26044.9s) AMD Radeon AI PRO R9700 (RADV GFX1201)
tick 1411000 alive  3430062 genomes  749813 energy   210.4 births 47376727 deaths 47379503 (26062.3s) AMD Radeon AI PRO R9700 (RADV GFX1201)
tick 1412000 alive  3433250 genomes  748324 energy   210.4 births 47334005 deaths 47330817 (26079.8s) AMD Radeon AI PRO R9700 (RADV GFX1201)
tick 1413000 alive  3423184 genomes  750257 energy   210.3 births 47190333 deaths 47200399 (26097.2s) AMD Radeon AI PRO R9700 (RADV GFX1201)
tick 1414000 alive  3432151 genomes  753135 energy   209.9 births 47430066 deaths 47421099 (26114.6s) AMD Radeon AI PRO R9700 (RADV GFX1201)
tick 1415000 alive  3430401 genomes  753604 energy   210.2 births 47479728 deaths 47481478 (26132.0s) AMD Radeon AI PRO R9700 (RADV GFX1201)
tick 1416000 alive  3433369 genomes  755438 energy   210.1 births 47410685 deaths 47407717 (26149.4s) AMD Radeon AI PRO R9700 (RADV GFX1201)
tick 1417000 alive  3432277 genomes  753058 energy   210.1 births 47527690 deaths 47528782 (26166.9s) AMD Radeon AI PRO R9700 (RADV GFX1201)
tick 1418000 alive  3432113 genomes  752032 energy   210.3 births 47632674 deaths 47632838 (26184.3s) AMD Radeon AI PRO R9700 (RADV GFX1201)
tick 1419000 alive  3432442 genomes  749838 energy   209.9 births 47394561 deaths 47394232 (26201.7s) AMD Radeon AI PRO R9700 (RADV GFX1201)
tick 1420000 alive  3443656 genomes  749375 energy   210.0 births 47807832 deaths 47796618 (26219.1s) AMD Radeon AI PRO R9700 (RADV GFX1201)
tick 1421000 alive  3437124 genomes  749286 energy   209.9 births 47749173 deaths 47755705 (26236.5s) AMD Radeon AI PRO R9700 (RADV GFX1201)
tick 1422000 alive  3444326 genomes  748619 energy   209.6 births 47802406 deaths 47795204 (26253.9s) AMD Radeon AI PRO R9700 (RADV GFX1201)
tick 1423000 alive  3449719 genomes  749712 energy   209.7 births 48019077 deaths 48013684 (26271.3s) AMD Radeon AI PRO R9700 (RADV GFX1201)
tick 1424000 alive  3448449 genomes  746896 energy   210.2 births 48032409 deaths 48033679 (26288.8s) AMD Radeon AI PRO R9700 (RADV GFX1201)
tick 1425000 alive  3445951 genomes  747642 energy   210.3 births 47667576 deaths 47670074 (26306.2s) AMD Radeon AI PRO R9700 (RADV GFX1201)
tick 1426000 alive  3443333 genomes  744287 energy   210.3 births 47550482 deaths 47553100 (26323.6s) AMD Radeon AI PRO R9700 (RADV GFX1201)
tick 1427000 alive  3433872 genomes  743579 energy   210.2 births 47637956 deaths 47647417 (26341.0s) AMD Radeon AI PRO R9700 (RADV GFX1201)
tick 1428000 alive  3443404 genomes  742960 energy   210.1 births 47786863 deaths 47777331 (26358.4s) AMD Radeon AI PRO R9700 (RADV GFX1201)
tick 1429000 alive  3443389 genomes  745270 energy   210.4 births 47602437 deaths 47602452 (26375.8s) AMD Radeon AI PRO R9700 (RADV GFX1201)
tick 1430000 alive  3445855 genomes  749396 energy   210.0 births 47729762 deaths 47727296 (26393.3s) AMD Radeon AI PRO R9700 (RADV GFX1201)
tick 1431000 alive  3444552 genomes  747639 energy   209.9 births 47780318 deaths 47781621 (26410.7s) AMD Radeon AI PRO R9700 (RADV GFX1201)
tick 1432000 alive  3444877 genomes  745705 energy   210.4 births 47773875 deaths 47773550 (26428.1s) AMD Radeon AI PRO R9700 (RADV GFX1201)
tick 1433000 alive  3433059 genomes  749656 energy   210.3 births 47456328 deaths 47468146 (26445.5s) AMD Radeon AI PRO R9700 (RADV GFX1201)
tick 1434000 alive  3422634 genomes  751503 energy   210.1 births 47179204 deaths 47189629 (26462.9s) AMD Radeon AI PRO R9700 (RADV GFX1201)
tick 1435000 alive  3433333 genomes  748927 energy   210.0 births 47558273 deaths 47547574 (26480.3s) AMD Radeon AI PRO R9700 (RADV GFX1201)
tick 1436000 alive  3431599 genomes  751898 energy   210.3 births 47535238 deaths 47536972 (26497.7s) AMD Radeon AI PRO R9700 (RADV GFX1201)
tick 1437000 alive  3425811 genomes  752369 energy   210.1 births 47388872 deaths 47394660 (26515.1s) AMD Radeon AI PRO R9700 (RADV GFX1201)
tick 1438000 alive  3429039 genomes  749699 energy   210.4 births 47536233 deaths 47533005 (26532.5s) AMD Radeon AI PRO R9700 (RADV GFX1201)
tick 1439000 alive  3430393 genomes  752683 energy   210.4 births 47345082 deaths 47343728 (26549.9s) AMD Radeon AI PRO R9700 (RADV GFX1201)
tick 1440000 alive  3432137 genomes  751360 energy   210.3 births 47307592 deaths 47305848 (26567.4s) AMD Radeon AI PRO R9700 (RADV GFX1201)
tick 1441000 alive  3432564 genomes  750340 energy   210.3 births 47324317 deaths 47323890 (26584.8s) AMD Radeon AI PRO R9700 (RADV GFX1201)
tick 1442000 alive  3424505 genomes  751635 energy   210.4 births 47320663 deaths 47328722 (26602.2s) AMD Radeon AI PRO R9700 (RADV GFX1201)
tick 1443000 alive  3424679 genomes  752445 energy   210.3 births 47337963 deaths 47337789 (26619.6s) AMD Radeon AI PRO R9700 (RADV GFX1201)
tick 1444000 alive  3430018 genomes  748565 energy   210.0 births 47445787 deaths 47440448 (26637.1s) AMD Radeon AI PRO R9700 (RADV GFX1201)
tick 1445000 alive  3430358 genomes  748390 energy   210.0 births 47609085 deaths 47608745 (26654.5s) AMD Radeon AI PRO R9700 (RADV GFX1201)
tick 1446000 alive  3434617 genomes  748680 energy   210.0 births 47667344 deaths 47663085 (26671.8s) AMD Radeon AI PRO R9700 (RADV GFX1201)
tick 1447000 alive  3437392 genomes  747922 energy   210.3 births 47552839 deaths 47550064 (26689.3s) AMD Radeon AI PRO R9700 (RADV GFX1201)
tick 1448000 alive  3434551 genomes  751327 energy   210.2 births 47514050 deaths 47516891 (26706.7s) AMD Radeon AI PRO R9700 (RADV GFX1201)
tick 1449000 alive  3443306 genomes  750089 energy   210.1 births 47686453 deaths 47677698 (26724.1s) AMD Radeon AI PRO R9700 (RADV GFX1201)
tick 1450000 alive  3450873 genomes  746450 energy   210.0 births 47878417 deaths 47870850 (26741.5s) AMD Radeon AI PRO R9700 (RADV GFX1201)
tick 1451000 alive  3444926 genomes  748734 energy   210.1 births 47924488 deaths 47930435 (26758.9s) AMD Radeon AI PRO R9700 (RADV GFX1201)
tick 1452000 alive  3451038 genomes  745039 energy   210.0 births 47817337 deaths 47811225 (26776.3s) AMD Radeon AI PRO R9700 (RADV GFX1201)
tick 1453000 alive  3456425 genomes  747975 energy   209.9 births 48112154 deaths 48106767 (26793.7s) AMD Radeon AI PRO R9700 (RADV GFX1201)
tick 1454000 alive  3447727 genomes  746186 energy   209.8 births 47969402 deaths 47978100 (26811.1s) AMD Radeon AI PRO R9700 (RADV GFX1201)
tick 1455000 alive  3450069 genomes  745962 energy   210.0 births 48043622 deaths 48041280 (26828.5s) AMD Radeon AI PRO R9700 (RADV GFX1201)
tick 1456000 alive  3452991 genomes  744610 energy   210.0 births 47984188 deaths 47981266 (26846.0s) AMD Radeon AI PRO R9700 (RADV GFX1201)
tick 1457000 alive  3456015 genomes  746125 energy   209.9 births 48256952 deaths 48253928 (26863.4s) AMD Radeon AI PRO R9700 (RADV GFX1201)
tick 1458000 alive  3450774 genomes  745128 energy   209.8 births 48062927 deaths 48068168 (26880.8s) AMD Radeon AI PRO R9700 (RADV GFX1201)
tick 1459000 alive  3451434 genomes  745644 energy   210.2 births 48032864 deaths 48032204 (26898.2s) AMD Radeon AI PRO R9700 (RADV GFX1201)
tick 1460000 alive  3448925 genomes  748053 energy   209.9 births 48031812 deaths 48034321 (26915.6s) AMD Radeon AI PRO R9700 (RADV GFX1201)
tick 1461000 alive  3452424 genomes  746232 energy   209.9 births 48079087 deaths 48075588 (26933.0s) AMD Radeon AI PRO R9700 (RADV GFX1201)
tick 1462000 alive  3456002 genomes  744176 energy   209.9 births 48205178 deaths 48201600 (26950.4s) AMD Radeon AI PRO R9700 (RADV GFX1201)
tick 1463000 alive  3463327 genomes  743884 energy   209.7 births 48452396 deaths 48445071 (26967.8s) AMD Radeon AI PRO R9700 (RADV GFX1201)
tick 1464000 alive  3453776 genomes  742201 energy   209.8 births 48330603 deaths 48340154 (26985.2s) AMD Radeon AI PRO R9700 (RADV GFX1201)
tick 1465000 alive  3449383 genomes  741108 energy   209.7 births 48171361 deaths 48175754 (27002.7s) AMD Radeon AI PRO R9700 (RADV GFX1201)
tick 1466000 alive  3458833 genomes  740392 energy   210.0 births 48272653 deaths 48263203 (27020.1s) AMD Radeon AI PRO R9700 (RADV GFX1201)
tick 1467000 alive  3455808 genomes  740173 energy   210.0 births 48237117 deaths 48240142 (27037.5s) AMD Radeon AI PRO R9700 (RADV GFX1201)
tick 1468000 alive  3444859 genomes  742560 energy   209.9 births 48012856 deaths 48023805 (27054.9s) AMD Radeon AI PRO R9700 (RADV GFX1201)
tick 1469000 alive  3452271 genomes  739524 energy   209.7 births 48096961 deaths 48089549 (27072.3s) AMD Radeon AI PRO R9700 (RADV GFX1201)
tick 1470000 alive  3452300 genomes  739680 energy   210.0 births 48253095 deaths 48253066 (27089.8s) AMD Radeon AI PRO R9700 (RADV GFX1201)
tick 1471000 alive  3446210 genomes  739304 energy   210.0 births 47985712 deaths 47991802 (27107.2s) AMD Radeon AI PRO R9700 (RADV GFX1201)
tick 1472000 alive  3454940 genomes  737952 energy   209.8 births 48178505 deaths 48169775 (27124.6s) AMD Radeon AI PRO R9700 (RADV GFX1201)
tick 1473000 alive  3455316 genomes  739377 energy   209.7 births 48151007 deaths 48150631 (27142.0s) AMD Radeon AI PRO R9700 (RADV GFX1201)
tick 1474000 alive  3462540 genomes  740215 energy   209.9 births 48259070 deaths 48251846 (27159.4s) AMD Radeon AI PRO R9700 (RADV GFX1201)
tick 1475000 alive  3444656 genomes  740430 energy   209.9 births 48085670 deaths 48103554 (27176.8s) AMD Radeon AI PRO R9700 (RADV GFX1201)
tick 1476000 alive  3435017 genomes  743300 energy   209.9 births 47817718 deaths 47827357 (27194.2s) AMD Radeon AI PRO R9700 (RADV GFX1201)
tick 1477000 alive  3449992 genomes  742960 energy   210.0 births 47931183 deaths 47916208 (27211.6s) AMD Radeon AI PRO R9700 (RADV GFX1201)
tick 1478000 alive  3447651 genomes  742287 energy   210.3 births 47865362 deaths 47867703 (27229.0s) AMD Radeon AI PRO R9700 (RADV GFX1201)
tick 1479000 alive  3444119 genomes  747882 energy   210.2 births 47814508 deaths 47818040 (27246.5s) AMD Radeon AI PRO R9700 (RADV GFX1201)
tick 1480000 alive  3423158 genomes  745016 energy   210.3 births 47276460 deaths 47297421 (27263.9s) AMD Radeon AI PRO R9700 (RADV GFX1201)
tick 1481000 alive  3440257 genomes  748168 energy   210.3 births 47367882 deaths 47350783 (27281.3s) AMD Radeon AI PRO R9700 (RADV GFX1201)
tick 1482000 alive  3429780 genomes  750206 energy   210.2 births 47414165 deaths 47424642 (27298.7s) AMD Radeon AI PRO R9700 (RADV GFX1201)
tick 1483000 alive  3424984 genomes  748940 energy   210.0 births 47348954 deaths 47353750 (27316.1s) AMD Radeon AI PRO R9700 (RADV GFX1201)
tick 1484000 alive  3434660 genomes  750392 energy   210.0 births 47433266 deaths 47423590 (27333.6s) AMD Radeon AI PRO R9700 (RADV GFX1201)
tick 1485000 alive  3430139 genomes  751971 energy   210.0 births 47541246 deaths 47545767 (27351.0s) AMD Radeon AI PRO R9700 (RADV GFX1201)
tick 1486000 alive  3431864 genomes  749158 energy   209.8 births 47580526 deaths 47578801 (27368.4s) AMD Radeon AI PRO R9700 (RADV GFX1201)
tick 1487000 alive  3433938 genomes  747915 energy   210.1 births 47674371 deaths 47672297 (27385.8s) AMD Radeon AI PRO R9700 (RADV GFX1201)
tick 1488000 alive  3429210 genomes  751623 energy   210.4 births 47437854 deaths 47442582 (27403.2s) AMD Radeon AI PRO R9700 (RADV GFX1201)
tick 1489000 alive  3418659 genomes  752718 energy   210.4 births 47076787 deaths 47087338 (27420.7s) AMD Radeon AI PRO R9700 (RADV GFX1201)
tick 1490000 alive  3426979 genomes  751348 energy   210.2 births 47366755 deaths 47358435 (27438.1s) AMD Radeon AI PRO R9700 (RADV GFX1201)
tick 1491000 alive  3440847 genomes  751999 energy   210.3 births 47416382 deaths 47402514 (27455.5s) AMD Radeon AI PRO R9700 (RADV GFX1201)
tick 1492000 alive  3432897 genomes  750883 energy   210.2 births 47306727 deaths 47314677 (27472.9s) AMD Radeon AI PRO R9700 (RADV GFX1201)
tick 1493000 alive  3422096 genomes  751611 energy   210.4 births 47135569 deaths 47146370 (27490.3s) AMD Radeon AI PRO R9700 (RADV GFX1201)
tick 1494000 alive  3428966 genomes  751591 energy   210.1 births 47220793 deaths 47213923 (27507.7s) AMD Radeon AI PRO R9700 (RADV GFX1201)
tick 1495000 alive  3439997 genomes  753225 energy   210.3 births 47404580 deaths 47393549 (27525.1s) AMD Radeon AI PRO R9700 (RADV GFX1201)
tick 1496000 alive  3427181 genomes  753244 energy   210.1 births 47450825 deaths 47463641 (27542.5s) AMD Radeon AI PRO R9700 (RADV GFX1201)
tick 1497000 alive  3428669 genomes  750124 energy   210.0 births 47523287 deaths 47521799 (27559.9s) AMD Radeon AI PRO R9700 (RADV GFX1201)
tick 1498000 alive  3442517 genomes  752956 energy   210.1 births 47717456 deaths 47703608 (27577.3s) AMD Radeon AI PRO R9700 (RADV GFX1201)
tick 1499000 alive  3427589 genomes  751403 energy   210.1 births 47408832 deaths 47423760 (27594.7s) AMD Radeon AI PRO R9700 (RADV GFX1201)
tick 1500000 alive  3438540 genomes  750569 energy   209.7 births 47660246 deaths 47649295 (27612.2s) AMD Radeon AI PRO R9700 (RADV GFX1201)
tick 1501000 alive  3446501 genomes  749108 energy   210.0 births 48026869 deaths 48018908 (27629.6s) AMD Radeon AI PRO R9700 (RADV GFX1201)
tick 1502000 alive  3444303 genomes  749951 energy   209.9 births 47939003 deaths 47941201 (27647.0s) AMD Radeon AI PRO R9700 (RADV GFX1201)
tick 1503000 alive  3446713 genomes  748594 energy   210.0 births 47821479 deaths 47819069 (27664.4s) AMD Radeon AI PRO R9700 (RADV GFX1201)
tick 1504000 alive  3435180 genomes  748597 energy   210.2 births 47716269 deaths 47727802 (27681.8s) AMD Radeon AI PRO R9700 (RADV GFX1201)
tick 1505000 alive  3440550 genomes  748026 energy   209.7 births 47850995 deaths 47845625 (27699.2s) AMD Radeon AI PRO R9700 (RADV GFX1201)
tick 1506000 alive  3454448 genomes  747347 energy   209.8 births 48258855 deaths 48244957 (27716.6s) AMD Radeon AI PRO R9700 (RADV GFX1201)
tick 1507000 alive  3442995 genomes  743136 energy   209.7 births 48111316 deaths 48122769 (27734.1s) AMD Radeon AI PRO R9700 (RADV GFX1201)
tick 1508000 alive  3449011 genomes  742606 energy   209.8 births 48054353 deaths 48048337 (27751.5s) AMD Radeon AI PRO R9700 (RADV GFX1201)
tick 1509000 alive  3454452 genomes  742048 energy   209.7 births 48238472 deaths 48233031 (27768.9s) AMD Radeon AI PRO R9700 (RADV GFX1201)
tick 1510000 alive  3453020 genomes  743129 energy   209.8 births 48275121 deaths 48276553 (27786.3s) AMD Radeon AI PRO R9700 (RADV GFX1201)
tick 1511000 alive  3463611 genomes  742213 energy   209.6 births 48475308 deaths 48464717 (27803.7s) AMD Radeon AI PRO R9700 (RADV GFX1201)
tick 1512000 alive  3453820 genomes  740996 energy   209.9 births 48303082 deaths 48312873 (27821.2s) AMD Radeon AI PRO R9700 (RADV GFX1201)
tick 1513000 alive  3449303 genomes  743839 energy   209.7 births 48093616 deaths 48098133 (27838.6s) AMD Radeon AI PRO R9700 (RADV GFX1201)
tick 1514000 alive  3453154 genomes  743459 energy   209.9 births 48121036 deaths 48117185 (27856.0s) AMD Radeon AI PRO R9700 (RADV GFX1201)
tick 1515000 alive  3457080 genomes  743100 energy   209.9 births 48158429 deaths 48154503 (27873.4s) AMD Radeon AI PRO R9700 (RADV GFX1201)
tick 1516000 alive  3449845 genomes  737663 energy   209.9 births 48098550 deaths 48105785 (27890.8s) AMD Radeon AI PRO R9700 (RADV GFX1201)
tick 1517000 alive  3462219 genomes  736455 energy   209.8 births 48178044 deaths 48165670 (27908.2s) AMD Radeon AI PRO R9700 (RADV GFX1201)
tick 1518000 alive  3451777 genomes  736695 energy   210.3 births 47989715 deaths 48000157 (27925.6s) AMD Radeon AI PRO R9700 (RADV GFX1201)
tick 1519000 alive  3443704 genomes  740446 energy   210.1 births 47752963 deaths 47761036 (27943.0s) AMD Radeon AI PRO R9700 (RADV GFX1201)
tick 1520000 alive  3445861 genomes  740544 energy   210.0 births 47714180 deaths 47712023 (27960.5s) AMD Radeon AI PRO R9700 (RADV GFX1201)
tick 1521000 alive  3447459 genomes  742442 energy   210.0 births 47970764 deaths 47969166 (27977.9s) AMD Radeon AI PRO R9700 (RADV GFX1201)
tick 1522000 alive  3447265 genomes  744164 energy   210.0 births 47925016 deaths 47925210 (27995.3s) AMD Radeon AI PRO R9700 (RADV GFX1201)
tick 1523000 alive  3446632 genomes  747223 energy   209.8 births 48010722 deaths 48011355 (28012.7s) AMD Radeon AI PRO R9700 (RADV GFX1201)
tick 1524000 alive  3438447 genomes  746942 energy   209.9 births 47793663 deaths 47801848 (28030.1s) AMD Radeon AI PRO R9700 (RADV GFX1201)
tick 1525000 alive  3435317 genomes  746406 energy   210.1 births 47689407 deaths 47692537 (28047.5s) AMD Radeon AI PRO R9700 (RADV GFX1201)
tick 1526000 alive  3429170 genomes  746493 energy   210.2 births 47553852 deaths 47559999 (28064.9s) AMD Radeon AI PRO R9700 (RADV GFX1201)
tick 1527000 alive  3431719 genomes  747812 energy   210.2 births 47310640 deaths 47308091 (28082.4s) AMD Radeon AI PRO R9700 (RADV GFX1201)
tick 1528000 alive  3441256 genomes  750162 energy   210.2 births 47622592 deaths 47613055 (28099.8s) AMD Radeon AI PRO R9700 (RADV GFX1201)
tick 1529000 alive  3428293 genomes  748230 energy   210.2 births 47542685 deaths 47555648 (28117.2s) AMD Radeon AI PRO R9700 (RADV GFX1201)
tick 1530000 alive  3436639 genomes  744945 energy   209.7 births 47643859 deaths 47635513 (28134.6s) AMD Radeon AI PRO R9700 (RADV GFX1201)
tick 1531000 alive  3443816 genomes  745324 energy   209.8 births 48035320 deaths 48028143 (28152.0s) AMD Radeon AI PRO R9700 (RADV GFX1201)
tick 1532000 alive  3441120 genomes  747780 energy   209.7 births 47944455 deaths 47947151 (28169.4s) AMD Radeon AI PRO R9700 (RADV GFX1201)
tick 1533000 alive  3442165 genomes  747013 energy   210.1 births 48090349 deaths 48089304 (28186.8s) AMD Radeon AI PRO R9700 (RADV GFX1201)
tick 1534000 alive  3437785 genomes  749365 energy   210.1 births 47857777 deaths 47862157 (28204.2s) AMD Radeon AI PRO R9700 (RADV GFX1201)
tick 1535000 alive  3422422 genomes  747764 energy   210.2 births 47328794 deaths 47344157 (28221.6s) AMD Radeon AI PRO R9700 (RADV GFX1201)
tick 1536000 alive  3433713 genomes  749505 energy   210.1 births 47343605 deaths 47332314 (28239.1s) AMD Radeon AI PRO R9700 (RADV GFX1201)
tick 1537000 alive  3425419 genomes  747688 energy   210.2 births 47343509 deaths 47351803 (28256.5s) AMD Radeon AI PRO R9700 (RADV GFX1201)
tick 1538000 alive  3437767 genomes  746864 energy   210.0 births 47478189 deaths 47465841 (28273.9s) AMD Radeon AI PRO R9700 (RADV GFX1201)
tick 1539000 alive  3435275 genomes  749260 energy   210.0 births 47709072 deaths 47711564 (28291.3s) AMD Radeon AI PRO R9700 (RADV GFX1201)
tick 1540000 alive  3431990 genomes  747155 energy   210.1 births 47593780 deaths 47597065 (28308.7s) AMD Radeon AI PRO R9700 (RADV GFX1201)
tick 1541000 alive  3434718 genomes  747315 energy   210.1 births 47470432 deaths 47467704 (28326.1s) AMD Radeon AI PRO R9700 (RADV GFX1201)
tick 1542000 alive  3438457 genomes  747024 energy   210.1 births 47628509 deaths 47624770 (28343.5s) AMD Radeon AI PRO R9700 (RADV GFX1201)
tick 1543000 alive  3442691 genomes  745504 energy   210.1 births 47704622 deaths 47700388 (28360.9s) AMD Radeon AI PRO R9700 (RADV GFX1201)
tick 1544000 alive  3443234 genomes  743376 energy   210.2 births 47671976 deaths 47671433 (28378.4s) AMD Radeon AI PRO R9700 (RADV GFX1201)
tick 1545000 alive  3441798 genomes  741991 energy   210.1 births 47811828 deaths 47813264 (28395.8s) AMD Radeon AI PRO R9700 (RADV GFX1201)
tick 1546000 alive  3454442 genomes  739800 energy   209.9 births 47946579 deaths 47933935 (28413.2s) AMD Radeon AI PRO R9700 (RADV GFX1201)
tick 1547000 alive  3446122 genomes  738819 energy   209.8 births 48040381 deaths 48048701 (28430.6s) AMD Radeon AI PRO R9700 (RADV GFX1201)
tick 1548000 alive  3459514 genomes  739536 energy   209.7 births 48243691 deaths 48230299 (28448.0s) AMD Radeon AI PRO R9700 (RADV GFX1201)
tick 1549000 alive  3449802 genomes  739049 energy   209.9 births 48305064 deaths 48314776 (28465.4s) AMD Radeon AI PRO R9700 (RADV GFX1201)
tick 1550000 alive  3441465 genomes  737847 energy   209.8 births 47921634 deaths 47929971 (28482.9s) AMD Radeon AI PRO R9700 (RADV GFX1201)
tick 1551000 alive  3454418 genomes  736592 energy   209.8 births 48192516 deaths 48179563 (28500.2s) AMD Radeon AI PRO R9700 (RADV GFX1201)
tick 1552000 alive  3455936 genomes  735201 energy   210.2 births 48215917 deaths 48214399 (28517.7s) AMD Radeon AI PRO R9700 (RADV GFX1201)
tick 1553000 alive  3453914 genomes  737301 energy   209.9 births 48224980 deaths 48227002 (28535.1s) AMD Radeon AI PRO R9700 (RADV GFX1201)
tick 1554000 alive  3445545 genomes  738272 energy   209.7 births 48136367 deaths 48144736 (28552.5s) AMD Radeon AI PRO R9700 (RADV GFX1201)
tick 1555000 alive  3458971 genomes  735999 energy   209.7 births 48327658 deaths 48314232 (28569.9s) AMD Radeon AI PRO R9700 (RADV GFX1201)
tick 1556000 alive  3447650 genomes  736769 energy   210.2 births 48198534 deaths 48209855 (28587.3s) AMD Radeon AI PRO R9700 (RADV GFX1201)
tick 1557000 alive  3439594 genomes  740882 energy   209.8 births 47733433 deaths 47741489 (28604.7s) AMD Radeon AI PRO R9700 (RADV GFX1201)
tick 1558000 alive  3441207 genomes  742270 energy   210.1 births 47838459 deaths 47836846 (28622.1s) AMD Radeon AI PRO R9700 (RADV GFX1201)
tick 1559000 alive  3431938 genomes  745497 energy   209.8 births 47629471 deaths 47638740 (28639.5s) AMD Radeon AI PRO R9700 (RADV GFX1201)
tick 1560000 alive  3444712 genomes  741359 energy   210.1 births 47882090 deaths 47869316 (28656.9s) AMD Radeon AI PRO R9700 (RADV GFX1201)
tick 1561000 alive  3442339 genomes  742550 energy   210.0 births 47875412 deaths 47877785 (28674.3s) AMD Radeon AI PRO R9700 (RADV GFX1201)
tick 1562000 alive  3435231 genomes  744153 energy   210.0 births 47719233 deaths 47726341 (28691.7s) AMD Radeon AI PRO R9700 (RADV GFX1201)
tick 1563000 alive  3448187 genomes  745939 energy   209.7 births 47945125 deaths 47932169 (28709.1s) AMD Radeon AI PRO R9700 (RADV GFX1201)
tick 1564000 alive  3443532 genomes  744275 energy   209.7 births 48011591 deaths 48016246 (28726.6s) AMD Radeon AI PRO R9700 (RADV GFX1201)
tick 1565000 alive  3445038 genomes  745055 energy   209.9 births 47995815 deaths 47994309 (28744.0s) AMD Radeon AI PRO R9700 (RADV GFX1201)
tick 1566000 alive  3433360 genomes  745779 energy   210.2 births 47675808 deaths 47687486 (28761.4s) AMD Radeon AI PRO R9700 (RADV GFX1201)
tick 1567000 alive  3425871 genomes  747036 energy   210.1 births 47448592 deaths 47456081 (28778.8s) AMD Radeon AI PRO R9700 (RADV GFX1201)
tick 1568000 alive  3437886 genomes  746650 energy   209.7 births 47711616 deaths 47699601 (28796.2s) AMD Radeon AI PRO R9700 (RADV GFX1201)
tick 1569000 alive  3444592 genomes  743399 energy   210.1 births 47805182 deaths 47798476 (28813.6s) AMD Radeon AI PRO R9700 (RADV GFX1201)
tick 1570000 alive  3441224 genomes  743764 energy   209.8 births 47930335 deaths 47933703 (28831.0s) AMD Radeon AI PRO R9700 (RADV GFX1201)
tick 1571000 alive  3436353 genomes  742863 energy   210.2 births 47866091 deaths 47870962 (28848.4s) AMD Radeon AI PRO R9700 (RADV GFX1201)
tick 1572000 alive  3426926 genomes  743008 energy   210.0 births 47640882 deaths 47650309 (28865.8s) AMD Radeon AI PRO R9700 (RADV GFX1201)
tick 1573000 alive  3439823 genomes  744784 energy   209.9 births 47914304 deaths 47901407 (28883.3s) AMD Radeon AI PRO R9700 (RADV GFX1201)
tick 1574000 alive  3439992 genomes  742989 energy   209.9 births 47990513 deaths 47990344 (28900.7s) AMD Radeon AI PRO R9700 (RADV GFX1201)
tick 1575000 alive  3428355 genomes  741087 energy   210.0 births 47766367 deaths 47778004 (28918.1s) AMD Radeon AI PRO R9700 (RADV GFX1201)
tick 1576000 alive  3437920 genomes  743524 energy   209.9 births 47715075 deaths 47705510 (28935.5s) AMD Radeon AI PRO R9700 (RADV GFX1201)
tick 1577000 alive  3446590 genomes  746510 energy   209.9 births 47910336 deaths 47901666 (28952.9s) AMD Radeon AI PRO R9700 (RADV GFX1201)
tick 1578000 alive  3437493 genomes  747121 energy   209.9 births 47816980 deaths 47826077 (28970.3s) AMD Radeon AI PRO R9700 (RADV GFX1201)
tick 1579000 alive  3431983 genomes  745337 energy   209.7 births 47884811 deaths 47890321 (28987.8s) AMD Radeon AI PRO R9700 (RADV GFX1201)
tick 1580000 alive  3441850 genomes  746349 energy   209.9 births 47825446 deaths 47815579 (29005.2s) AMD Radeon AI PRO R9700 (RADV GFX1201)
tick 1581000 alive  3429495 genomes  747052 energy   210.0 births 47715015 deaths 47727370 (29022.6s) AMD Radeon AI PRO R9700 (RADV GFX1201)
tick 1582000 alive  3432126 genomes  748882 energy   209.8 births 47668613 deaths 47665982 (29040.0s) AMD Radeon AI PRO R9700 (RADV GFX1201)
tick 1583000 alive  3443979 genomes  746788 energy   210.0 births 47933128 deaths 47921275 (29057.4s) AMD Radeon AI PRO R9700 (RADV GFX1201)
tick 1584000 alive  3434332 genomes  749472 energy   210.0 births 47706594 deaths 47716241 (29074.9s) AMD Radeon AI PRO R9700 (RADV GFX1201)
tick 1585000 alive  3432831 genomes  748097 energy   209.9 births 47658122 deaths 47659623 (29092.3s) AMD Radeon AI PRO R9700 (RADV GFX1201)
tick 1586000 alive  3428766 genomes  748750 energy   209.8 births 47589041 deaths 47593106 (29109.7s) AMD Radeon AI PRO R9700 (RADV GFX1201)
tick 1587000 alive  3440075 genomes  743151 energy   209.7 births 47863589 deaths 47852280 (29127.1s) AMD Radeon AI PRO R9700 (RADV GFX1201)
tick 1588000 alive  3454160 genomes  745334 energy   209.6 births 48199586 deaths 48185501 (29144.5s) AMD Radeon AI PRO R9700 (RADV GFX1201)
tick 1589000 alive  3452888 genomes  743460 energy   209.9 births 48398970 deaths 48400242 (29161.9s) AMD Radeon AI PRO R9700 (RADV GFX1201)
tick 1590000 alive  3444291 genomes  741497 energy   209.9 births 48087300 deaths 48095897 (29179.3s) AMD Radeon AI PRO R9700 (RADV GFX1201)
tick 1591000 alive  3448453 genomes  744879 energy   209.8 births 48072186 deaths 48068024 (29196.7s) AMD Radeon AI PRO R9700 (RADV GFX1201)
tick 1592000 alive  3440676 genomes  744846 energy   210.0 births 47946563 deaths 47954340 (29214.1s) AMD Radeon AI PRO R9700 (RADV GFX1201)
tick 1593000 alive  3445265 genomes  743133 energy   209.7 births 48012106 deaths 48007517 (29231.5s) AMD Radeon AI PRO R9700 (RADV GFX1201)
tick 1594000 alive  3452116 genomes  740618 energy   209.7 births 48136223 deaths 48129372 (29248.9s) AMD Radeon AI PRO R9700 (RADV GFX1201)
tick 1595000 alive  3449406 genomes  740863 energy   210.0 births 48206820 deaths 48209530 (29266.3s) AMD Radeon AI PRO R9700 (RADV GFX1201)
tick 1596000 alive  3448545 genomes  742695 energy   209.9 births 47974589 deaths 47975450 (29283.7s) AMD Radeon AI PRO R9700 (RADV GFX1201)
tick 1597000 alive  3453295 genomes  743495 energy   209.8 births 48247398 deaths 48242648 (29301.1s) AMD Radeon AI PRO R9700 (RADV GFX1201)
tick 1598000 alive  3451613 genomes  742633 energy   209.8 births 48155305 deaths 48156987 (29318.5s) AMD Radeon AI PRO R9700 (RADV GFX1201)
tick 1599000 alive  3452766 genomes  741006 energy   210.0 births 48131177 deaths 48130024 (29335.9s) AMD Radeon AI PRO R9700 (RADV GFX1201)
tick 1600000 alive  3447374 genomes  739816 energy   210.0 births 47908940 deaths 47914332 (29353.4s) AMD Radeon AI PRO R9700 (RADV GFX1201)
tick 1601000 alive  3446112 genomes  740889 energy   209.9 births 47854893 deaths 47856155 (29370.7s) AMD Radeon AI PRO R9700 (RADV GFX1201)
tick 1602000 alive  3447136 genomes  740829 energy   209.8 births 47961248 deaths 47960224 (29388.2s) AMD Radeon AI PRO R9700 (RADV GFX1201)
tick 1603000 alive  3458105 genomes  738407 energy   209.8 births 48279945 deaths 48268976 (29405.6s) AMD Radeon AI PRO R9700 (RADV GFX1201)
tick 1604000 alive  3461428 genomes  735754 energy   210.1 births 48184130 deaths 48180807 (29423.0s) AMD Radeon AI PRO R9700 (RADV GFX1201)
tick 1605000 alive  3450199 genomes  736280 energy   210.0 births 48098078 deaths 48109307 (29440.4s) AMD Radeon AI PRO R9700 (RADV GFX1201)
tick 1606000 alive  3456350 genomes  738778 energy   209.7 births 48065423 deaths 48059272 (29457.8s) AMD Radeon AI PRO R9700 (RADV GFX1201)
tick 1607000 alive  3451402 genomes  738534 energy   209.8 births 48211347 deaths 48216295 (29475.2s) AMD Radeon AI PRO R9700 (RADV GFX1201)
tick 1608000 alive  3456513 genomes  736985 energy   209.9 births 48213999 deaths 48208888 (29492.6s) AMD Radeon AI PRO R9700 (RADV GFX1201)
tick 1609000 alive  3455144 genomes  735893 energy   210.0 births 48126197 deaths 48127566 (29510.0s) AMD Radeon AI PRO R9700 (RADV GFX1201)
tick 1610000 alive  3451327 genomes  737090 energy   209.9 births 48019534 deaths 48023351 (29527.4s) AMD Radeon AI PRO R9700 (RADV GFX1201)
tick 1611000 alive  3445354 genomes  735452 energy   210.1 births 47991921 deaths 47997894 (29544.8s) AMD Radeon AI PRO R9700 (RADV GFX1201)
tick 1612000 alive  3449373 genomes  736758 energy   209.7 births 47998823 deaths 47994804 (29562.3s) AMD Radeon AI PRO R9700 (RADV GFX1201)
tick 1613000 alive  3443892 genomes  737472 energy   209.9 births 48019146 deaths 48024627 (29579.7s) AMD Radeon AI PRO R9700 (RADV GFX1201)
tick 1614000 alive  3444678 genomes  739260 energy   210.0 births 47812682 deaths 47811896 (29597.1s) AMD Radeon AI PRO R9700 (RADV GFX1201)
tick 1615000 alive  3438554 genomes  741370 energy   210.1 births 47821658 deaths 47827782 (29614.4s) AMD Radeon AI PRO R9700 (RADV GFX1201)
tick 1616000 alive  3438517 genomes  741176 energy   210.3 births 47700964 deaths 47701001 (29631.9s) AMD Radeon AI PRO R9700 (RADV GFX1201)
tick 1617000 alive  3437290 genomes  745526 energy   209.9 births 47554648 deaths 47555875 (29649.3s) AMD Radeon AI PRO R9700 (RADV GFX1201)
tick 1618000 alive  3437191 genomes  747556 energy   209.8 births 47756670 deaths 47756769 (29666.7s) AMD Radeon AI PRO R9700 (RADV GFX1201)
tick 1619000 alive  3424446 genomes  748153 energy   210.2 births 47483996 deaths 47496741 (29684.1s) AMD Radeon AI PRO R9700 (RADV GFX1201)
tick 1620000 alive  3420406 genomes  749548 energy   209.9 births 47290748 deaths 47294788 (29701.5s) AMD Radeon AI PRO R9700 (RADV GFX1201)
tick 1621000 alive  3428247 genomes  749820 energy   210.2 births 47463617 deaths 47455776 (29718.9s) AMD Radeon AI PRO R9700 (RADV GFX1201)
tick 1622000 alive  3423552 genomes  750847 energy   210.3 births 47259002 deaths 47263697 (29736.3s) AMD Radeon AI PRO R9700 (RADV GFX1201)
tick 1623000 alive  3409172 genomes  753231 energy   210.1 births 46954108 deaths 46968488 (29753.7s) AMD Radeon AI PRO R9700 (RADV GFX1201)
tick 1624000 alive  3420951 genomes  750307 energy   210.1 births 47118808 deaths 47107029 (29771.1s) AMD Radeon AI PRO R9700 (RADV GFX1201)
tick 1625000 alive  3422027 genomes  751355 energy   209.9 births 47339813 deaths 47338737 (29788.5s) AMD Radeon AI PRO R9700 (RADV GFX1201)
tick 1626000 alive  3430644 genomes  751976 energy   210.1 births 47393280 deaths 47384663 (29805.9s) AMD Radeon AI PRO R9700 (RADV GFX1201)
tick 1627000 alive  3423227 genomes  751632 energy   210.0 births 47452330 deaths 47459747 (29823.3s) AMD Radeon AI PRO R9700 (RADV GFX1201)
tick 1628000 alive  3423114 genomes  748945 energy   210.1 births 47501986 deaths 47502099 (29840.7s) AMD Radeon AI PRO R9700 (RADV GFX1201)
tick 1629000 alive  3434318 genomes  749676 energy   210.0 births 47456041 deaths 47444837 (29858.1s) AMD Radeon AI PRO R9700 (RADV GFX1201)
tick 1630000 alive  3431788 genomes  745733 energy   209.8 births 47743222 deaths 47745752 (29875.5s) AMD Radeon AI PRO R9700 (RADV GFX1201)
tick 1631000 alive  3449208 genomes  745854 energy   209.9 births 48014237 deaths 47996817 (29892.9s) AMD Radeon AI PRO R9700 (RADV GFX1201)
tick 1632000 alive  3442088 genomes  741059 energy   210.0 births 47961904 deaths 47969024 (29910.3s) AMD Radeon AI PRO R9700 (RADV GFX1201)
tick 1633000 alive  3449605 genomes  740364 energy   209.9 births 48020944 deaths 48013427 (29927.7s) AMD Radeon AI PRO R9700 (RADV GFX1201)
tick 1634000 alive  3451214 genomes  739747 energy   209.9 births 48010935 deaths 48009326 (29945.1s) AMD Radeon AI PRO R9700 (RADV GFX1201)
tick 1635000 alive  3455305 genomes  740563 energy   209.9 births 48088429 deaths 48084338 (29962.5s) AMD Radeon AI PRO R9700 (RADV GFX1201)
tick 1636000 alive  3445035 genomes  738511 energy   210.0 births 47885250 deaths 47895520 (29979.9s) AMD Radeon AI PRO R9700 (RADV GFX1201)
tick 1637000 alive  3450646 genomes  738749 energy   210.0 births 47866160 deaths 47860549 (29997.3s) AMD Radeon AI PRO R9700 (RADV GFX1201)
tick 1638000 alive  3433857 genomes  736532 energy   210.0 births 47804961 deaths 47821750 (30014.7s) AMD Radeon AI PRO R9700 (RADV GFX1201)
tick 1639000 alive  3445605 genomes  736036 energy   209.8 births 47974121 deaths 47962373 (30032.1s) AMD Radeon AI PRO R9700 (RADV GFX1201)
tick 1640000 alive  3456662 genomes  734490 energy   209.8 births 48226410 deaths 48215353 (30049.5s) AMD Radeon AI PRO R9700 (RADV GFX1201)
tick 1641000 alive  3456782 genomes  736180 energy   209.8 births 48150067 deaths 48149947 (30066.9s) AMD Radeon AI PRO R9700 (RADV GFX1201)
tick 1642000 alive  3450457 genomes  738522 energy   209.9 births 48137226 deaths 48143551 (30084.3s) AMD Radeon AI PRO R9700 (RADV GFX1201)
tick 1643000 alive  3459516 genomes  738406 energy   209.7 births 48152177 deaths 48143118 (30101.7s) AMD Radeon AI PRO R9700 (RADV GFX1201)
tick 1644000 alive  3456722 genomes  737701 energy   210.0 births 48261050 deaths 48263844 (30119.1s) AMD Radeon AI PRO R9700 (RADV GFX1201)
tick 1645000 alive  3449218 genomes  739137 energy   210.1 births 47998983 deaths 48006487 (30136.6s) AMD Radeon AI PRO R9700 (RADV GFX1201)
tick 1646000 alive  3451404 genomes  739623 energy   209.9 births 48045687 deaths 48043501 (30154.0s) AMD Radeon AI PRO R9700 (RADV GFX1201)
tick 1647000 alive  3444813 genomes  736833 energy   209.9 births 47949625 deaths 47956216 (30171.4s) AMD Radeon AI PRO R9700 (RADV GFX1201)
tick 1648000 alive  3454800 genomes  736058 energy   210.0 births 47990935 deaths 47980948 (30188.8s) AMD Radeon AI PRO R9700 (RADV GFX1201)
tick 1649000 alive  3453742 genomes  736291 energy   209.9 births 48020651 deaths 48021709 (30206.2s) AMD Radeon AI PRO R9700 (RADV GFX1201)
tick 1650000 alive  3442459 genomes  734566 energy   210.0 births 47772748 deaths 47784031 (30223.6s) AMD Radeon AI PRO R9700 (RADV GFX1201)
tick 1651000 alive  3446388 genomes  737053 energy   210.1 births 47883817 deaths 47879888 (30241.1s) AMD Radeon AI PRO R9700 (RADV GFX1201)
tick 1652000 alive  3436629 genomes  737815 energy   210.0 births 47730822 deaths 47740581 (30258.5s) AMD Radeon AI PRO R9700 (RADV GFX1201)
tick 1653000 alive  3449168 genomes  738430 energy   210.0 births 47952970 deaths 47940431 (30275.9s) AMD Radeon AI PRO R9700 (RADV GFX1201)
tick 1654000 alive  3449903 genomes  738549 energy   210.1 births 47980463 deaths 47979728 (30293.3s) AMD Radeon AI PRO R9700 (RADV GFX1201)
tick 1655000 alive  3435370 genomes  736592 energy   209.7 births 47700503 deaths 47715036 (30310.7s) AMD Radeon AI PRO R9700 (RADV GFX1201)
tick 1656000 alive  3447333 genomes  737597 energy   209.9 births 48028297 deaths 48016334 (30328.1s) AMD Radeon AI PRO R9700 (RADV GFX1201)
tick 1657000 alive  3445043 genomes  736968 energy   210.1 births 48013845 deaths 48016135 (30345.6s) AMD Radeon AI PRO R9700 (RADV GFX1201)
tick 1658000 alive  3443966 genomes  738634 energy   210.1 births 47890290 deaths 47891367 (30363.0s) AMD Radeon AI PRO R9700 (RADV GFX1201)
tick 1659000 alive  3427282 genomes  739591 energy   210.1 births 47545745 deaths 47562429 (30380.4s) AMD Radeon AI PRO R9700 (RADV GFX1201)
tick 1660000 alive  3429922 genomes  742103 energy   209.9 births 47518083 deaths 47515443 (30397.8s) AMD Radeon AI PRO R9700 (RADV GFX1201)
tick 1661000 alive  3435658 genomes  743563 energy   210.0 births 47732490 deaths 47726754 (30415.2s) AMD Radeon AI PRO R9700 (RADV GFX1201)
tick 1662000 alive  3434985 genomes  741166 energy   210.1 births 47667358 deaths 47668031 (30432.6s) AMD Radeon AI PRO R9700 (RADV GFX1201)
tick 1663000 alive  3421709 genomes  745173 energy   210.1 births 47490860 deaths 47504136 (30449.9s) AMD Radeon AI PRO R9700 (RADV GFX1201)
tick 1664000 alive  3432046 genomes  746865 energy   209.8 births 47558581 deaths 47548244 (30467.4s) AMD Radeon AI PRO R9700 (RADV GFX1201)
tick 1665000 alive  3437770 genomes  744583 energy   209.5 births 47976579 deaths 47970855 (30484.8s) AMD Radeon AI PRO R9700 (RADV GFX1201)
tick 1666000 alive  3441628 genomes  743655 energy   209.9 births 48037707 deaths 48033849 (30502.2s) AMD Radeon AI PRO R9700 (RADV GFX1201)
tick 1667000 alive  3433298 genomes  745819 energy   210.2 births 47565857 deaths 47574187 (30519.5s) AMD Radeon AI PRO R9700 (RADV GFX1201)
tick 1668000 alive  3440549 genomes  748392 energy   209.8 births 47799053 deaths 47791802 (30537.0s) AMD Radeon AI PRO R9700 (RADV GFX1201)
tick 1669000 alive  3424437 genomes  747525 energy   209.9 births 47728774 deaths 47744886 (30554.3s) AMD Radeon AI PRO R9700 (RADV GFX1201)
tick 1670000 alive  3432056 genomes  744875 energy   209.8 births 47598094 deaths 47590475 (30571.7s) AMD Radeon AI PRO R9700 (RADV GFX1201)
tick 1671000 alive  3432698 genomes  744864 energy   210.2 births 47699177 deaths 47698535 (30589.1s) AMD Radeon AI PRO R9700 (RADV GFX1201)
tick 1672000 alive  3425344 genomes  747595 energy   209.8 births 47404812 deaths 47412166 (30606.5s) AMD Radeon AI PRO R9700 (RADV GFX1201)
tick 1673000 alive  3435917 genomes  744329 energy   209.9 births 47717535 deaths 47706962 (30623.9s) AMD Radeon AI PRO R9700 (RADV GFX1201)
tick 1674000 alive  3446970 genomes  742461 energy   210.1 births 47893467 deaths 47882414 (30641.3s) AMD Radeon AI PRO R9700 (RADV GFX1201)
tick 1675000 alive  3442290 genomes  738403 energy   210.2 births 47752742 deaths 47757422 (30658.7s) AMD Radeon AI PRO R9700 (RADV GFX1201)
tick 1676000 alive  3443754 genomes  735945 energy   209.9 births 47835454 deaths 47833990 (30676.1s) AMD Radeon AI PRO R9700 (RADV GFX1201)
tick 1677000 alive  3446057 genomes  736371 energy   209.9 births 48081217 deaths 48078914 (30693.6s) AMD Radeon AI PRO R9700 (RADV GFX1201)
tick 1678000 alive  3448148 genomes  736807 energy   209.8 births 48063676 deaths 48061585 (30711.0s) AMD Radeon AI PRO R9700 (RADV GFX1201)
tick 1679000 alive  3441797 genomes  738976 energy   210.2 births 47862339 deaths 47868690 (30728.3s) AMD Radeon AI PRO R9700 (RADV GFX1201)
tick 1680000 alive  3435556 genomes  740856 energy   209.8 births 47738375 deaths 47744616 (30745.8s) AMD Radeon AI PRO R9700 (RADV GFX1201)
tick 1681000 alive  3433763 genomes  739669 energy   209.8 births 47803440 deaths 47805233 (30763.2s) AMD Radeon AI PRO R9700 (RADV GFX1201)
tick 1682000 alive  3440236 genomes  742522 energy   210.0 births 47767678 deaths 47761205 (30780.6s) AMD Radeon AI PRO R9700 (RADV GFX1201)
tick 1683000 alive  3435619 genomes  744166 energy   209.9 births 47687956 deaths 47692573 (30798.0s) AMD Radeon AI PRO R9700 (RADV GFX1201)
tick 1684000 alive  3423186 genomes  741682 energy   210.1 births 47596597 deaths 47609030 (30815.4s) AMD Radeon AI PRO R9700 (RADV GFX1201)
tick 1685000 alive  3429801 genomes  741127 energy   209.7 births 47613684 deaths 47607069 (30832.8s) AMD Radeon AI PRO R9700 (RADV GFX1201)
tick 1686000 alive  3442928 genomes  740329 energy   210.0 births 48034906 deaths 48021779 (30850.2s) AMD Radeon AI PRO R9700 (RADV GFX1201)
tick 1687000 alive  3446845 genomes  740495 energy   209.9 births 47929187 deaths 47925270 (30867.6s) AMD Radeon AI PRO R9700 (RADV GFX1201)
tick 1688000 alive  3440706 genomes  737605 energy   209.8 births 47948124 deaths 47954263 (30885.0s) AMD Radeon AI PRO R9700 (RADV GFX1201)
tick 1689000 alive  3441800 genomes  735286 energy   210.0 births 47985886 deaths 47984792 (30902.5s) AMD Radeon AI PRO R9700 (RADV GFX1201)
tick 1690000 alive  3448937 genomes  735338 energy   210.0 births 47891696 deaths 47884559 (30919.9s) AMD Radeon AI PRO R9700 (RADV GFX1201)
tick 1691000 alive  3446214 genomes  736172 energy   210.0 births 47928296 deaths 47931019 (30937.3s) AMD Radeon AI PRO R9700 (RADV GFX1201)
tick 1692000 alive  3451647 genomes  737227 energy   209.7 births 47988700 deaths 47983267 (30954.7s) AMD Radeon AI PRO R9700 (RADV GFX1201)
tick 1693000 alive  3445828 genomes  735816 energy   210.2 births 47857173 deaths 47862992 (30972.2s) AMD Radeon AI PRO R9700 (RADV GFX1201)
tick 1694000 alive  3438555 genomes  736165 energy   210.1 births 47780103 deaths 47787376 (30989.5s) AMD Radeon AI PRO R9700 (RADV GFX1201)
tick 1695000 alive  3438988 genomes  733518 energy   210.1 births 47697972 deaths 47697539 (31006.9s) AMD Radeon AI PRO R9700 (RADV GFX1201)
tick 1696000 alive  3445152 genomes  734736 energy   210.0 births 47877474 deaths 47871310 (31024.4s) AMD Radeon AI PRO R9700 (RADV GFX1201)
tick 1697000 alive  3441823 genomes  736477 energy   209.9 births 47915771 deaths 47919100 (31041.8s) AMD Radeon AI PRO R9700 (RADV GFX1201)
tick 1698000 alive  3444555 genomes  734736 energy   209.9 births 47918538 deaths 47915806 (31059.2s) AMD Radeon AI PRO R9700 (RADV GFX1201)
tick 1699000 alive  3451353 genomes  736841 energy   210.0 births 48115278 deaths 48108480 (31076.6s) AMD Radeon AI PRO R9700 (RADV GFX1201)
tick 1700000 alive  3455466 genomes  737910 energy   209.7 births 48166058 deaths 48161945 (31094.0s) AMD Radeon AI PRO R9700 (RADV GFX1201)
tick 1701000 alive  3447762 genomes  735016 energy   210.1 births 48054967 deaths 48062671 (31111.4s) AMD Radeon AI PRO R9700 (RADV GFX1201)
tick 1702000 alive  3444007 genomes  738196 energy   209.7 births 47868981 deaths 47872736 (31128.8s) AMD Radeon AI PRO R9700 (RADV GFX1201)
tick 1703000 alive  3452603 genomes  736046 energy   209.7 births 48157542 deaths 48148946 (31146.2s) AMD Radeon AI PRO R9700 (RADV GFX1201)
tick 1704000 alive  3459481 genomes  732634 energy   209.5 births 48364430 deaths 48357552 (31163.7s) AMD Radeon AI PRO R9700 (RADV GFX1201)
tick 1705000 alive  3456045 genomes  734967 energy   209.8 births 48318102 deaths 48321538 (31181.1s) AMD Radeon AI PRO R9700 (RADV GFX1201)
tick 1706000 alive  3447584 genomes  732725 energy   209.7 births 48080018 deaths 48088479 (31198.5s) AMD Radeon AI PRO R9700 (RADV GFX1201)
tick 1707000 alive  3442333 genomes  734975 energy   210.2 births 48003076 deaths 48008327 (31215.9s) AMD Radeon AI PRO R9700 (RADV GFX1201)
tick 1708000 alive  3436771 genomes  736215 energy   209.9 births 47771200 deaths 47776762 (31233.3s) AMD Radeon AI PRO R9700 (RADV GFX1201)
tick 1709000 alive  3442702 genomes  736641 energy   210.0 births 47982899 deaths 47976968 (31250.7s) AMD Radeon AI PRO R9700 (RADV GFX1201)
tick 1710000 alive  3445553 genomes  739961 energy   209.7 births 48095147 deaths 48092296 (31268.1s) AMD Radeon AI PRO R9700 (RADV GFX1201)
tick 1711000 alive  3452554 genomes  739207 energy   209.7 births 48218403 deaths 48211402 (31285.5s) AMD Radeon AI PRO R9700 (RADV GFX1201)
tick 1712000 alive  3441844 genomes  737780 energy   210.2 births 48020147 deaths 48030857 (31303.0s) AMD Radeon AI PRO R9700 (RADV GFX1201)
tick 1713000 alive  3440689 genomes  741024 energy   210.0 births 47846744 deaths 47847899 (31320.4s) AMD Radeon AI PRO R9700 (RADV GFX1201)
tick 1714000 alive  3440581 genomes  739468 energy   210.0 births 47820432 deaths 47820540 (31337.8s) AMD Radeon AI PRO R9700 (RADV GFX1201)
tick 1715000 alive  3436803 genomes  741588 energy   209.8 births 47780424 deaths 47784202 (31355.2s) AMD Radeon AI PRO R9700 (RADV GFX1201)
tick 1716000 alive  3447226 genomes  743128 energy   209.9 births 47953178 deaths 47942755 (31372.6s) AMD Radeon AI PRO R9700 (RADV GFX1201)
tick 1717000 alive  3444260 genomes  739144 energy   210.1 births 47899553 deaths 47902519 (31390.0s) AMD Radeon AI PRO R9700 (RADV GFX1201)
tick 1718000 alive  3434080 genomes  740024 energy   210.0 births 47666781 deaths 47676961 (31407.4s) AMD Radeon AI PRO R9700 (RADV GFX1201)
tick 1719000 alive  3442218 genomes  740455 energy   210.0 births 47800908 deaths 47792770 (31424.8s) AMD Radeon AI PRO R9700 (RADV GFX1201)
tick 1720000 alive  3439974 genomes  739160 energy   209.9 births 47867091 deaths 47869335 (31442.2s) AMD Radeon AI PRO R9700 (RADV GFX1201)
tick 1721000 alive  3444607 genomes  739368 energy   209.9 births 47924270 deaths 47919637 (31459.6s) AMD Radeon AI PRO R9700 (RADV GFX1201)
tick 1722000 alive  3453189 genomes  741153 energy   209.8 births 48104314 deaths 48095732 (31477.0s) AMD Radeon AI PRO R9700 (RADV GFX1201)
tick 1723000 alive  3442447 genomes  737956 energy   209.7 births 48104305 deaths 48115047 (31494.4s) AMD Radeon AI PRO R9700 (RADV GFX1201)
tick 1724000 alive  3447520 genomes  737875 energy   209.6 births 48111498 deaths 48106425 (31511.9s) AMD Radeon AI PRO R9700 (RADV GFX1201)
tick 1725000 alive  3452531 genomes  737163 energy   209.8 births 48241067 deaths 48236056 (31529.3s) AMD Radeon AI PRO R9700 (RADV GFX1201)
tick 1726000 alive  3450000 genomes  736289 energy   210.0 births 48128203 deaths 48130734 (31546.7s) AMD Radeon AI PRO R9700 (RADV GFX1201)
tick 1727000 alive  3446537 genomes  735941 energy   209.8 births 48098405 deaths 48101868 (31564.1s) AMD Radeon AI PRO R9700 (RADV GFX1201)
tick 1728000 alive  3450517 genomes  735072 energy   209.7 births 48133378 deaths 48129398 (31581.5s) AMD Radeon AI PRO R9700 (RADV GFX1201)
tick 1729000 alive  3453250 genomes  738431 energy   210.2 births 48228411 deaths 48225678 (31598.9s) AMD Radeon AI PRO R9700 (RADV GFX1201)
tick 1730000 alive  3437168 genomes  738958 energy   209.9 births 47924119 deaths 47940201 (31616.3s) AMD Radeon AI PRO R9700 (RADV GFX1201)
tick 1731000 alive  3446664 genomes  741679 energy   209.7 births 48059562 deaths 48050066 (31633.7s) AMD Radeon AI PRO R9700 (RADV GFX1201)
tick 1732000 alive  3460228 genomes  740040 energy   209.6 births 48437894 deaths 48424330 (31651.2s) AMD Radeon AI PRO R9700 (RADV GFX1201)
tick 1733000 alive  3461998 genomes  738864 energy   209.8 births 48491384 deaths 48489614 (31668.6s) AMD Radeon AI PRO R9700 (RADV GFX1201)
tick 1734000 alive  3448695 genomes  740603 energy   210.1 births 48142687 deaths 48155990 (31686.0s) AMD Radeon AI PRO R9700 (RADV GFX1201)
tick 1735000 alive  3442164 genomes  743268 energy   210.0 births 47996393 deaths 48002924 (31703.4s) AMD Radeon AI PRO R9700 (RADV GFX1201)
tick 1736000 alive  3434887 genomes  740654 energy   209.7 births 47841671 deaths 47848948 (31720.8s) AMD Radeon AI PRO R9700 (RADV GFX1201)
tick 1737000 alive  3442935 genomes  737300 energy   209.8 births 48002164 deaths 47994116 (31738.2s) AMD Radeon AI PRO R9700 (RADV GFX1201)
tick 1738000 alive  3456882 genomes  736939 energy   209.9 births 48264936 deaths 48250989 (31755.6s) AMD Radeon AI PRO R9700 (RADV GFX1201)
tick 1739000 alive  3453194 genomes  739150 energy   209.6 births 48257257 deaths 48260945 (31773.0s) AMD Radeon AI PRO R9700 (RADV GFX1201)
tick 1740000 alive  3462176 genomes  736995 energy   209.8 births 48386549 deaths 48377567 (31790.4s) AMD Radeon AI PRO R9700 (RADV GFX1201)
tick 1741000 alive  3456428 genomes  736637 energy   209.8 births 48275555 deaths 48281303 (31807.8s) AMD Radeon AI PRO R9700 (RADV GFX1201)
tick 1742000 alive  3449227 genomes  735454 energy   209.7 births 48044795 deaths 48051996 (31825.2s) AMD Radeon AI PRO R9700 (RADV GFX1201)
tick 1743000 alive  3447805 genomes  737947 energy   209.8 births 48005198 deaths 48006620 (31842.6s) AMD Radeon AI PRO R9700 (RADV GFX1201)
tick 1744000 alive  3447051 genomes  738650 energy   210.1 births 47962038 deaths 47962792 (31860.0s) AMD Radeon AI PRO R9700 (RADV GFX1201)
tick 1745000 alive  3438564 genomes  738210 energy   210.1 births 47725909 deaths 47734396 (31877.4s) AMD Radeon AI PRO R9700 (RADV GFX1201)
tick 1746000 alive  3446333 genomes  737690 energy   209.8 births 47928415 deaths 47920646 (31894.9s) AMD Radeon AI PRO R9700 (RADV GFX1201)
tick 1747000 alive  3454067 genomes  736861 energy   209.7 births 48240901 deaths 48233167 (31912.3s) AMD Radeon AI PRO R9700 (RADV GFX1201)
tick 1748000 alive  3455146 genomes  735669 energy   210.1 births 48206204 deaths 48205125 (31929.7s) AMD Radeon AI PRO R9700 (RADV GFX1201)
tick 1749000 alive  3445315 genomes  733666 energy   209.8 births 47997317 deaths 48007148 (31947.0s) AMD Radeon AI PRO R9700 (RADV GFX1201)
tick 1750000 alive  3460669 genomes  732099 energy   209.9 births 48299144 deaths 48283790 (31964.4s) AMD Radeon AI PRO R9700 (RADV GFX1201)
tick 1751000 alive  3462406 genomes  731677 energy   209.8 births 48210254 deaths 48208517 (31981.9s) AMD Radeon AI PRO R9700 (RADV GFX1201)
tick 1752000 alive  3456513 genomes  732540 energy   209.9 births 48252459 deaths 48258352 (31999.3s) AMD Radeon AI PRO R9700 (RADV GFX1201)
tick 1753000 alive  3461829 genomes  734824 energy   209.7 births 48187881 deaths 48182565 (32016.7s) AMD Radeon AI PRO R9700 (RADV GFX1201)
tick 1754000 alive  3459484 genomes  734461 energy   209.7 births 48320444 deaths 48322789 (32034.1s) AMD Radeon AI PRO R9700 (RADV GFX1201)
tick 1755000 alive  3454448 genomes  734207 energy   209.7 births 48263590 deaths 48268626 (32051.5s) AMD Radeon AI PRO R9700 (RADV GFX1201)
tick 1756000 alive  3465254 genomes  734033 energy   209.8 births 48608325 deaths 48597519 (32068.9s) AMD Radeon AI PRO R9700 (RADV GFX1201)
tick 1757000 alive  3452324 genomes  730982 energy   210.1 births 48254306 deaths 48267236 (32086.3s) AMD Radeon AI PRO R9700 (RADV GFX1201)
tick 1758000 alive  3457406 genomes  732090 energy   209.7 births 48126870 deaths 48121788 (32103.7s) AMD Radeon AI PRO R9700 (RADV GFX1201)
tick 1759000 alive  3462860 genomes  731954 energy   209.5 births 48522038 deaths 48516584 (32121.2s) AMD Radeon AI PRO R9700 (RADV GFX1201)
tick 1760000 alive  3453171 genomes  730679 energy   209.8 births 48450331 deaths 48460020 (32138.6s) AMD Radeon AI PRO R9700 (RADV GFX1201)
tick 1761000 alive  3456543 genomes  733030 energy   209.9 births 48206259 deaths 48202887 (32156.0s) AMD Radeon AI PRO R9700 (RADV GFX1201)
tick 1762000 alive  3454161 genomes  733434 energy   209.8 births 48278469 deaths 48280851 (32173.4s) AMD Radeon AI PRO R9700 (RADV GFX1201)
tick 1763000 alive  3439554 genomes  730218 energy   210.0 births 47962883 deaths 47977490 (32190.8s) AMD Radeon AI PRO R9700 (RADV GFX1201)
tick 1764000 alive  3453847 genomes  733670 energy   209.8 births 48137846 deaths 48123553 (32208.2s) AMD Radeon AI PRO R9700 (RADV GFX1201)
tick 1765000 alive  3454198 genomes  732307 energy   209.9 births 48405827 deaths 48405476 (32225.6s) AMD Radeon AI PRO R9700 (RADV GFX1201)
tick 1766000 alive  3445676 genomes  734556 energy   210.0 births 48061317 deaths 48069839 (32243.0s) AMD Radeon AI PRO R9700 (RADV GFX1201)
tick 1767000 alive  3451752 genomes  735084 energy   209.9 births 48131977 deaths 48125901 (32260.4s) AMD Radeon AI PRO R9700 (RADV GFX1201)
tick 1768000 alive  3450005 genomes  733651 energy   209.9 births 48173858 deaths 48175605 (32277.8s) AMD Radeon AI PRO R9700 (RADV GFX1201)
tick 1769000 alive  3454114 genomes  732952 energy   209.7 births 48113069 deaths 48108960 (32295.3s) AMD Radeon AI PRO R9700 (RADV GFX1201)
tick 1770000 alive  3460094 genomes  733256 energy   209.8 births 48379096 deaths 48373116 (32312.7s) AMD Radeon AI PRO R9700 (RADV GFX1201)
tick 1771000 alive  3453418 genomes  736020 energy   209.9 births 48174080 deaths 48180756 (32330.1s) AMD Radeon AI PRO R9700 (RADV GFX1201)
tick 1772000 alive  3453715 genomes  734066 energy   210.0 births 48210336 deaths 48210039 (32347.5s) AMD Radeon AI PRO R9700 (RADV GFX1201)
tick 1773000 alive  3452001 genomes  736645 energy   209.8 births 48068940 deaths 48070654 (32364.9s) AMD Radeon AI PRO R9700 (RADV GFX1201)
tick 1774000 alive  3443067 genomes  735347 energy   210.0 births 48007975 deaths 48016909 (32382.3s) AMD Radeon AI PRO R9700 (RADV GFX1201)
tick 1775000 alive  3443484 genomes  737129 energy   209.9 births 47882070 deaths 47881653 (32399.7s) AMD Radeon AI PRO R9700 (RADV GFX1201)
tick 1776000 alive  3437405 genomes  738390 energy   210.1 births 47736648 deaths 47742727 (32417.1s) AMD Radeon AI PRO R9700 (RADV GFX1201)
tick 1777000 alive  3433500 genomes  737272 energy   209.7 births 47724178 deaths 47728083 (32434.5s) AMD Radeon AI PRO R9700 (RADV GFX1201)
tick 1778000 alive  3440891 genomes  736796 energy   209.8 births 47965335 deaths 47957944 (32451.9s) AMD Radeon AI PRO R9700 (RADV GFX1201)
tick 1779000 alive  3446577 genomes  738991 energy   210.0 births 47955779 deaths 47950093 (32469.4s) AMD Radeon AI PRO R9700 (RADV GFX1201)
tick 1780000 alive  3428067 genomes  739191 energy   210.2 births 47677142 deaths 47695652 (32486.8s) AMD Radeon AI PRO R9700 (RADV GFX1201)
tick 1781000 alive  3419416 genomes  741057 energy   210.0 births 47306493 deaths 47315144 (32504.2s) AMD Radeon AI PRO R9700 (RADV GFX1201)
tick 1782000 alive  3441631 genomes  740065 energy   209.7 births 47713007 deaths 47690792 (32521.6s) AMD Radeon AI PRO R9700 (RADV GFX1201)
tick 1783000 alive  3442766 genomes  741998 energy   209.9 births 47896945 deaths 47895810 (32539.0s) AMD Radeon AI PRO R9700 (RADV GFX1201)
tick 1784000 alive  3437379 genomes  742268 energy   209.9 births 47793722 deaths 47799109 (32556.4s) AMD Radeon AI PRO R9700 (RADV GFX1201)
tick 1785000 alive  3442353 genomes  741003 energy   209.9 births 47768707 deaths 47763733 (32573.8s) AMD Radeon AI PRO R9700 (RADV GFX1201)
tick 1786000 alive  3434520 genomes  742918 energy   209.7 births 47661955 deaths 47669788 (32591.2s) AMD Radeon AI PRO R9700 (RADV GFX1201)
tick 1787000 alive  3439120 genomes  741362 energy   209.9 births 47792495 deaths 47787895 (32608.6s) AMD Radeon AI PRO R9700 (RADV GFX1201)
tick 1788000 alive  3430621 genomes  738816 energy   210.2 births 47517753 deaths 47526252 (32626.1s) AMD Radeon AI PRO R9700 (RADV GFX1201)
tick 1789000 alive  3428890 genomes  740841 energy   210.2 births 47423164 deaths 47424895 (32643.5s) AMD Radeon AI PRO R9700 (RADV GFX1201)
tick 1790000 alive  3434024 genomes  742552 energy   209.7 births 47614992 deaths 47609858 (32660.9s) AMD Radeon AI PRO R9700 (RADV GFX1201)
tick 1791000 alive  3440071 genomes  739674 energy   209.6 births 48029292 deaths 48023245 (32678.3s) AMD Radeon AI PRO R9700 (RADV GFX1201)
tick 1792000 alive  3444509 genomes  739465 energy   209.9 births 48164721 deaths 48160283 (32695.7s) AMD Radeon AI PRO R9700 (RADV GFX1201)
tick 1793000 alive  3442661 genomes  737825 energy   209.9 births 48033534 deaths 48035382 (32713.1s) AMD Radeon AI PRO R9700 (RADV GFX1201)
tick 1794000 alive  3446612 genomes  740479 energy   209.7 births 47895620 deaths 47891669 (32730.5s) AMD Radeon AI PRO R9700 (RADV GFX1201)
tick 1795000 alive  3447786 genomes  738568 energy   209.8 births 48094455 deaths 48093281 (32747.9s) AMD Radeon AI PRO R9700 (RADV GFX1201)
tick 1796000 alive  3453550 genomes  735757 energy   209.8 births 48159391 deaths 48153627 (32765.3s) AMD Radeon AI PRO R9700 (RADV GFX1201)
tick 1797000 alive  3448730 genomes  734387 energy   209.7 births 48336321 deaths 48341141 (32782.7s) AMD Radeon AI PRO R9700 (RADV GFX1201)
tick 1798000 alive  3457913 genomes  735476 energy   209.6 births 48351297 deaths 48342114 (32800.1s) AMD Radeon AI PRO R9700 (RADV GFX1201)
tick 1799000 alive  3452351 genomes  733258 energy   209.6 births 48350456 deaths 48356018 (32817.6s) AMD Radeon AI PRO R9700 (RADV GFX1201)
tick 1800000 alive  3453880 genomes  731805 energy   209.6 births 48360473 deaths 48358944 (32835.0s) AMD Radeon AI PRO R9700 (RADV GFX1201)
tick 1801000 alive  3466254 genomes  732511 energy   209.7 births 48617913 deaths 48605539 (32852.4s) AMD Radeon AI PRO R9700 (RADV GFX1201)
tick 1802000 alive  3451351 genomes  730436 energy   209.9 births 48330001 deaths 48344904 (32869.8s) AMD Radeon AI PRO R9700 (RADV GFX1201)
tick 1803000 alive  3454724 genomes  731667 energy   209.7 births 48288237 deaths 48284864 (32887.2s) AMD Radeon AI PRO R9700 (RADV GFX1201)
tick 1804000 alive  3471905 genomes  731082 energy   209.4 births 48711421 deaths 48694240 (32904.6s) AMD Radeon AI PRO R9700 (RADV GFX1201)
tick 1805000 alive  3464839 genomes  728125 energy   210.0 births 48686974 deaths 48694040 (32922.0s) AMD Radeon AI PRO R9700 (RADV GFX1201)
tick 1806000 alive  3459778 genomes  730510 energy   209.8 births 48413634 deaths 48418695 (32939.5s) AMD Radeon AI PRO R9700 (RADV GFX1201)
tick 1807000 alive  3451820 genomes  732688 energy   209.9 births 48262168 deaths 48270126 (32956.8s) AMD Radeon AI PRO R9700 (RADV GFX1201)
tick 1808000 alive  3452399 genomes  734565 energy   209.7 births 48224781 deaths 48224202 (32974.2s) AMD Radeon AI PRO R9700 (RADV GFX1201)
tick 1809000 alive  3452738 genomes  735781 energy   209.9 births 48268390 deaths 48268051 (32991.6s) AMD Radeon AI PRO R9700 (RADV GFX1201)
tick 1810000 alive  3451561 genomes  733007 energy   210.0 births 48143509 deaths 48144686 (33009.0s) AMD Radeon AI PRO R9700 (RADV GFX1201)
tick 1811000 alive  3452439 genomes  735377 energy   210.0 births 48029416 deaths 48028538 (33026.4s) AMD Radeon AI PRO R9700 (RADV GFX1201)
tick 1812000 alive  3437987 genomes  737419 energy   210.0 births 47858173 deaths 47872625 (33043.8s) AMD Radeon AI PRO R9700 (RADV GFX1201)
tick 1813000 alive  3448630 genomes  735310 energy   209.8 births 48073536 deaths 48062893 (33061.2s) AMD Radeon AI PRO R9700 (RADV GFX1201)
tick 1814000 alive  3442434 genomes  734673 energy   209.5 births 48104736 deaths 48110932 (33078.6s) AMD Radeon AI PRO R9700 (RADV GFX1201)
tick 1815000 alive  3455319 genomes  733499 energy   209.7 births 48305564 deaths 48292679 (33096.0s) AMD Radeon AI PRO R9700 (RADV GFX1201)
tick 1816000 alive  3463630 genomes  733134 energy   209.7 births 48482342 deaths 48474031 (33113.5s) AMD Radeon AI PRO R9700 (RADV GFX1201)
tick 1817000 alive  3456334 genomes  734182 energy   209.5 births 48529863 deaths 48537159 (33130.9s) AMD Radeon AI PRO R9700 (RADV GFX1201)
tick 1818000 alive  3456751 genomes  731872 energy   209.8 births 48347263 deaths 48346846 (33148.3s) AMD Radeon AI PRO R9700 (RADV GFX1201)
tick 1819000 alive  3455256 genomes  734309 energy   209.8 births 48317354 deaths 48318849 (33165.7s) AMD Radeon AI PRO R9700 (RADV GFX1201)
tick 1820000 alive  3443493 genomes  735171 energy   209.8 births 48074037 deaths 48085800 (33183.1s) AMD Radeon AI PRO R9700 (RADV GFX1201)
tick 1821000 alive  3445881 genomes  734269 energy   209.5 births 48103661 deaths 48101273 (33200.5s) AMD Radeon AI PRO R9700 (RADV GFX1201)
tick 1822000 alive  3456807 genomes  736899 energy   209.8 births 48380147 deaths 48369221 (33217.9s) AMD Radeon AI PRO R9700 (RADV GFX1201)
tick 1823000 alive  3443851 genomes  734853 energy   209.6 births 48185868 deaths 48198824 (33235.3s) AMD Radeon AI PRO R9700 (RADV GFX1201)
tick 1824000 alive  3455321 genomes  733397 energy   209.7 births 48330050 deaths 48318580 (33252.7s) AMD Radeon AI PRO R9700 (RADV GFX1201)
tick 1825000 alive  3454388 genomes  731425 energy   209.9 births 48272978 deaths 48273911 (33270.1s) AMD Radeon AI PRO R9700 (RADV GFX1201)
tick 1826000 alive  3451876 genomes  730944 energy   209.8 births 48199533 deaths 48202045 (33287.5s) AMD Radeon AI PRO R9700 (RADV GFX1201)
tick 1827000 alive  3458461 genomes  731972 energy   209.9 births 48398220 deaths 48391635 (33304.9s) AMD Radeon AI PRO R9700 (RADV GFX1201)
tick 1828000 alive  3452781 genomes  735294 energy   209.8 births 48163788 deaths 48169468 (33322.4s) AMD Radeon AI PRO R9700 (RADV GFX1201)
tick 1829000 alive  3450186 genomes  732857 energy   209.8 births 48090639 deaths 48093234 (33339.7s) AMD Radeon AI PRO R9700 (RADV GFX1201)
tick 1830000 alive  3449602 genomes  734568 energy   209.9 births 48161119 deaths 48161703 (33357.2s) AMD Radeon AI PRO R9700 (RADV GFX1201)
tick 1831000 alive  3443716 genomes  733129 energy   209.8 births 48062015 deaths 48067901 (33374.6s) AMD Radeon AI PRO R9700 (RADV GFX1201)
tick 1832000 alive  3446349 genomes  735816 energy   209.9 births 48071086 deaths 48068453 (33392.0s) AMD Radeon AI PRO R9700 (RADV GFX1201)
tick 1833000 alive  3440895 genomes  738285 energy   210.0 births 47859238 deaths 47864692 (33409.4s) AMD Radeon AI PRO R9700 (RADV GFX1201)
tick 1834000 alive  3447231 genomes  740550 energy   209.8 births 47933336 deaths 47927000 (33426.8s) AMD Radeon AI PRO R9700 (RADV GFX1201)
tick 1835000 alive  3441655 genomes  741825 energy   210.0 births 47850119 deaths 47855695 (33444.2s) AMD Radeon AI PRO R9700 (RADV GFX1201)
tick 1836000 alive  3437490 genomes  741286 energy   209.9 births 47719771 deaths 47723936 (33461.6s) AMD Radeon AI PRO R9700 (RADV GFX1201)
tick 1837000 alive  3432074 genomes  740574 energy   209.8 births 47684118 deaths 47689534 (33479.0s) AMD Radeon AI PRO R9700 (RADV GFX1201)
tick 1838000 alive  3447601 genomes  739506 energy   209.9 births 47940728 deaths 47925201 (33496.4s) AMD Radeon AI PRO R9700 (RADV GFX1201)
tick 1839000 alive  3442870 genomes  737315 energy   210.0 births 48078336 deaths 48083067 (33513.8s) AMD Radeon AI PRO R9700 (RADV GFX1201)
tick 1840000 alive  3444300 genomes  741819 energy   209.8 births 48027428 deaths 48025998 (33531.3s) AMD Radeon AI PRO R9700 (RADV GFX1201)
tick 1841000 alive  3445616 genomes  742009 energy   209.8 births 48060652 deaths 48059336 (33548.7s) AMD Radeon AI PRO R9700 (RADV GFX1201)
tick 1842000 alive  3451053 genomes  739918 energy   209.7 births 48248243 deaths 48242806 (33566.1s) AMD Radeon AI PRO R9700 (RADV GFX1201)
tick 1843000 alive  3441604 genomes  737784 energy   209.7 births 48079787 deaths 48089236 (33583.5s) AMD Radeon AI PRO R9700 (RADV GFX1201)
tick 1844000 alive  3447777 genomes  736286 energy   209.7 births 48180945 deaths 48174772 (33600.9s) AMD Radeon AI PRO R9700 (RADV GFX1201)
tick 1845000 alive  3446429 genomes  734131 energy   209.7 births 48334078 deaths 48335426 (33618.3s) AMD Radeon AI PRO R9700 (RADV GFX1201)
tick 1846000 alive  3458757 genomes  734230 energy   209.6 births 48384720 deaths 48372392 (33635.7s) AMD Radeon AI PRO R9700 (RADV GFX1201)
tick 1847000 alive  3457885 genomes  730050 energy   209.6 births 48407151 deaths 48408023 (33653.1s) AMD Radeon AI PRO R9700 (RADV GFX1201)
tick 1848000 alive  3453650 genomes  729211 energy   209.8 births 48397870 deaths 48402105 (33670.5s) AMD Radeon AI PRO R9700 (RADV GFX1201)
tick 1849000 alive  3460230 genomes  732090 energy   209.6 births 48455997 deaths 48449417 (33687.9s) AMD Radeon AI PRO R9700 (RADV GFX1201)
tick 1850000 alive  3457614 genomes  732041 energy   209.8 births 48446413 deaths 48449029 (33705.3s) AMD Radeon AI PRO R9700 (RADV GFX1201)
tick 1851000 alive  3465714 genomes  730681 energy   209.9 births 48423484 deaths 48415384 (33722.7s) AMD Radeon AI PRO R9700 (RADV GFX1201)
tick 1852000 alive  3469428 genomes  732445 energy   209.8 births 48555459 deaths 48551745 (33740.1s) AMD Radeon AI PRO R9700 (RADV GFX1201)
tick 1853000 alive  3453798 genomes  731499 energy   209.8 births 48268208 deaths 48283838 (33757.6s) AMD Radeon AI PRO R9700 (RADV GFX1201)
tick 1854000 alive  3465243 genomes  730417 energy   209.9 births 48421757 deaths 48410312 (33775.0s) AMD Radeon AI PRO R9700 (RADV GFX1201)
tick 1855000 alive  3458559 genomes  731306 energy   209.8 births 48375307 deaths 48381991 (33792.4s) AMD Radeon AI PRO R9700 (RADV GFX1201)
tick 1856000 alive  3452875 genomes  732288 energy   209.7 births 48318795 deaths 48324479 (33809.8s) AMD Radeon AI PRO R9700 (RADV GFX1201)
tick 1857000 alive  3464524 genomes  735170 energy   209.7 births 48421426 deaths 48409777 (33827.2s) AMD Radeon AI PRO R9700 (RADV GFX1201)
tick 1858000 alive  3448034 genomes  731914 energy   209.6 births 48350752 deaths 48367242 (33844.6s) AMD Radeon AI PRO R9700 (RADV GFX1201)
tick 1859000 alive  3461676 genomes  731487 energy   209.6 births 48576359 deaths 48562717 (33862.0s) AMD Radeon AI PRO R9700 (RADV GFX1201)
tick 1860000 alive  3456278 genomes  730166 energy   209.8 births 48445247 deaths 48450645 (33879.4s) AMD Radeon AI PRO R9700 (RADV GFX1201)
tick 1861000 alive  3450942 genomes  732301 energy   209.9 births 48203549 deaths 48208885 (33896.8s) AMD Radeon AI PRO R9700 (RADV GFX1201)
tick 1862000 alive  3452805 genomes  731054 energy   209.6 births 48261180 deaths 48259317 (33914.2s) AMD Radeon AI PRO R9700 (RADV GFX1201)
tick 1863000 alive  3465766 genomes  730706 energy   209.5 births 48543662 deaths 48530701 (33931.7s) AMD Radeon AI PRO R9700 (RADV GFX1201)
tick 1864000 alive  3458658 genomes  730164 energy   210.0 births 48529143 deaths 48536251 (33949.1s) AMD Radeon AI PRO R9700 (RADV GFX1201)
tick 1865000 alive  3444008 genomes  730700 energy   209.6 births 48112469 deaths 48127119 (33966.5s) AMD Radeon AI PRO R9700 (RADV GFX1201)
tick 1866000 alive  3454670 genomes  731993 energy   209.8 births 48144635 deaths 48133973 (33983.9s) AMD Radeon AI PRO R9700 (RADV GFX1201)
tick 1867000 alive  3455376 genomes  733928 energy   209.8 births 48342093 deaths 48341387 (34001.3s) AMD Radeon AI PRO R9700 (RADV GFX1201)
tick 1868000 alive  3449093 genomes  736331 energy   209.6 births 48211918 deaths 48218201 (34018.8s) AMD Radeon AI PRO R9700 (RADV GFX1201)
tick 1869000 alive  3462850 genomes  732197 energy   209.9 births 48442736 deaths 48428979 (34036.2s) AMD Radeon AI PRO R9700 (RADV GFX1201)
tick 1870000 alive  3458952 genomes  734250 energy   209.9 births 48304957 deaths 48308855 (34053.6s) AMD Radeon AI PRO R9700 (RADV GFX1201)
tick 1871000 alive  3453962 genomes  732645 energy   209.8 births 48309770 deaths 48314760 (34071.0s) AMD Radeon AI PRO R9700 (RADV GFX1201)
tick 1872000 alive  3450611 genomes  733672 energy   209.9 births 48258450 deaths 48261801 (34088.4s) AMD Radeon AI PRO R9700 (RADV GFX1201)
tick 1873000 alive  3450349 genomes  733233 energy   209.8 births 48238577 deaths 48238839 (34105.8s) AMD Radeon AI PRO R9700 (RADV GFX1201)
tick 1874000 alive  3449067 genomes  733022 energy   209.8 births 48157826 deaths 48159108 (34123.3s) AMD Radeon AI PRO R9700 (RADV GFX1201)
tick 1875000 alive  3456827 genomes  735560 energy   209.8 births 48308657 deaths 48300897 (34140.7s) AMD Radeon AI PRO R9700 (RADV GFX1201)
tick 1876000 alive  3445724 genomes  733872 energy   209.8 births 48192760 deaths 48203863 (34158.1s) AMD Radeon AI PRO R9700 (RADV GFX1201)
tick 1877000 alive  3448262 genomes  734733 energy   209.5 births 48309790 deaths 48307252 (34175.5s) AMD Radeon AI PRO R9700 (RADV GFX1201)
tick 1878000 alive  3456011 genomes  735474 energy   209.7 births 48336765 deaths 48329016 (34192.9s) AMD Radeon AI PRO R9700 (RADV GFX1201)
tick 1879000 alive  3446836 genomes  735710 energy   209.9 births 48109640 deaths 48118815 (34210.3s) AMD Radeon AI PRO R9700 (RADV GFX1201)
tick 1880000 alive  3449787 genomes  735314 energy   209.8 births 48178995 deaths 48176044 (34227.7s) AMD Radeon AI PRO R9700 (RADV GFX1201)
tick 1881000 alive  3448696 genomes  734731 energy   209.7 births 48320462 deaths 48321553 (34245.1s) AMD Radeon AI PRO R9700 (RADV GFX1201)
tick 1882000 alive  3448222 genomes  736314 energy   209.5 births 48216939 deaths 48217413 (34262.5s) AMD Radeon AI PRO R9700 (RADV GFX1201)
tick 1883000 alive  3453335 genomes  735927 energy   209.7 births 48401270 deaths 48396157 (34279.9s) AMD Radeon AI PRO R9700 (RADV GFX1201)
tick 1884000 alive  3451176 genomes  736963 energy   209.7 births 48273456 deaths 48275615 (34297.3s) AMD Radeon AI PRO R9700 (RADV GFX1201)
tick 1885000 alive  3450147 genomes  736189 energy   209.9 births 48159255 deaths 48160284 (34314.8s) AMD Radeon AI PRO R9700 (RADV GFX1201)
tick 1886000 alive  3456174 genomes  736406 energy   209.6 births 48225856 deaths 48219829 (34332.2s) AMD Radeon AI PRO R9700 (RADV GFX1201)
tick 1887000 alive  3461119 genomes  736827 energy   209.7 births 48302017 deaths 48297072 (34349.6s) AMD Radeon AI PRO R9700 (RADV GFX1201)
tick 1888000 alive  3464824 genomes  734562 energy   209.7 births 48480606 deaths 48476901 (34367.0s) AMD Radeon AI PRO R9700 (RADV GFX1201)
tick 1889000 alive  3455272 genomes  733084 energy   209.7 births 48466773 deaths 48476325 (34384.4s) AMD Radeon AI PRO R9700 (RADV GFX1201)
tick 1890000 alive  3460797 genomes  731172 energy   209.5 births 48577275 deaths 48571750 (34401.8s) AMD Radeon AI PRO R9700 (RADV GFX1201)
tick 1891000 alive  3469109 genomes  730736 energy   209.8 births 48723005 deaths 48714693 (34419.2s) AMD Radeon AI PRO R9700 (RADV GFX1201)
tick 1892000 alive  3457283 genomes  735569 energy   209.9 births 48365372 deaths 48377198 (34436.6s) AMD Radeon AI PRO R9700 (RADV GFX1201)
tick 1893000 alive  3451755 genomes  737457 energy   209.9 births 48097885 deaths 48103413 (34454.0s) AMD Radeon AI PRO R9700 (RADV GFX1201)
tick 1894000 alive  3446946 genomes  735377 energy   209.7 births 48085670 deaths 48090479 (34471.4s) AMD Radeon AI PRO R9700 (RADV GFX1201)
tick 1895000 alive  3449830 genomes  734325 energy   209.8 births 48048089 deaths 48045205 (34488.8s) AMD Radeon AI PRO R9700 (RADV GFX1201)
tick 1896000 alive  3456877 genomes  732759 energy   209.6 births 48271173 deaths 48264126 (34506.3s) AMD Radeon AI PRO R9700 (RADV GFX1201)
tick 1897000 alive  3458040 genomes  732928 energy   209.7 births 48386492 deaths 48385329 (34523.7s) AMD Radeon AI PRO R9700 (RADV GFX1201)
tick 1898000 alive  3455429 genomes  731878 energy   209.7 births 48316920 deaths 48319531 (34541.1s) AMD Radeon AI PRO R9700 (RADV GFX1201)
tick 1899000 alive  3459132 genomes  734415 energy   209.6 births 48454894 deaths 48451191 (34558.5s) AMD Radeon AI PRO R9700 (RADV GFX1201)
tick 1900000 alive  3455107 genomes  731564 energy   209.8 births 48409501 deaths 48413526 (34575.9s) AMD Radeon AI PRO R9700 (RADV GFX1201)
tick 1901000 alive  3460813 genomes  730887 energy   209.8 births 48489477 deaths 48483771 (34593.3s) AMD Radeon AI PRO R9700 (RADV GFX1201)
tick 1902000 alive  3456625 genomes  731699 energy   209.9 births 48399186 deaths 48403374 (34610.7s) AMD Radeon AI PRO R9700 (RADV GFX1201)
tick 1903000 alive  3449637 genomes  733572 energy   210.1 births 48142162 deaths 48149150 (34628.1s) AMD Radeon AI PRO R9700 (RADV GFX1201)
tick 1904000 alive  3441120 genomes  733349 energy   209.8 births 47928408 deaths 47936925 (34645.5s) AMD Radeon AI PRO R9700 (RADV GFX1201)
tick 1905000 alive  3447693 genomes  734915 energy   209.7 births 48070260 deaths 48063687 (34662.9s) AMD Radeon AI PRO R9700 (RADV GFX1201)
tick 1906000 alive  3448743 genomes  734287 energy   209.8 births 48188095 deaths 48187045 (34680.3s) AMD Radeon AI PRO R9700 (RADV GFX1201)
tick 1907000 alive  3460593 genomes  733231 energy   209.8 births 48237022 deaths 48225172 (34697.7s) AMD Radeon AI PRO R9700 (RADV GFX1201)
tick 1908000 alive  3453211 genomes  733057 energy   209.9 births 48230882 deaths 48238264 (34715.1s) AMD Radeon AI PRO R9700 (RADV GFX1201)
tick 1909000 alive  3452791 genomes  731305 energy   209.7 births 48122653 deaths 48123073 (34732.5s) AMD Radeon AI PRO R9700 (RADV GFX1201)
tick 1910000 alive  3458278 genomes  729901 energy   209.7 births 48403745 deaths 48398258 (34750.0s) AMD Radeon AI PRO R9700 (RADV GFX1201)
tick 1911000 alive  3461173 genomes  728001 energy   209.8 births 48657038 deaths 48654143 (34767.4s) AMD Radeon AI PRO R9700 (RADV GFX1201)
tick 1912000 alive  3463257 genomes  728750 energy   209.6 births 48481118 deaths 48479034 (34784.8s) AMD Radeon AI PRO R9700 (RADV GFX1201)
tick 1913000 alive  3447907 genomes  729259 energy   210.0 births 48095209 deaths 48110559 (34802.2s) AMD Radeon AI PRO R9700 (RADV GFX1201)
tick 1914000 alive  3453949 genomes  733281 energy   209.9 births 48274845 deaths 48268803 (34819.6s) AMD Radeon AI PRO R9700 (RADV GFX1201)
tick 1915000 alive  3446519 genomes  732024 energy   209.7 births 48219070 deaths 48226500 (34837.0s) AMD Radeon AI PRO R9700 (RADV GFX1201)
tick 1916000 alive  3460378 genomes  729442 energy   209.7 births 48457960 deaths 48444101 (34854.4s) AMD Radeon AI PRO R9700 (RADV GFX1201)
tick 1917000 alive  3451406 genomes  729418 energy   209.8 births 48322212 deaths 48331184 (34871.8s) AMD Radeon AI PRO R9700 (RADV GFX1201)
tick 1918000 alive  3453304 genomes  732633 energy   209.7 births 48380782 deaths 48378884 (34889.2s) AMD Radeon AI PRO R9700 (RADV GFX1201)
tick 1919000 alive  3454302 genomes  734312 energy   209.7 births 48389593 deaths 48388595 (34906.6s) AMD Radeon AI PRO R9700 (RADV GFX1201)
tick 1920000 alive  3451796 genomes  733147 energy   209.8 births 48442315 deaths 48444821 (34924.1s) AMD Radeon AI PRO R9700 (RADV GFX1201)
tick 1921000 alive  3448571 genomes  735054 energy   209.8 births 48193708 deaths 48196933 (34941.4s) AMD Radeon AI PRO R9700 (RADV GFX1201)
tick 1922000 alive  3455468 genomes  733653 energy   209.9 births 48293810 deaths 48286913 (34958.9s) AMD Radeon AI PRO R9700 (RADV GFX1201)
tick 1923000 alive  3449792 genomes  735698 energy   209.8 births 48230329 deaths 48236005 (34976.2s) AMD Radeon AI PRO R9700 (RADV GFX1201)
tick 1924000 alive  3451816 genomes  732576 energy   209.5 births 48256047 deaths 48254023 (34993.7s) AMD Radeon AI PRO R9700 (RADV GFX1201)
tick 1925000 alive  3463116 genomes  731260 energy   209.7 births 48555836 deaths 48544536 (35011.1s) AMD Radeon AI PRO R9700 (RADV GFX1201)
tick 1926000 alive  3463252 genomes  730912 energy   209.4 births 48508712 deaths 48508576 (35028.5s) AMD Radeon AI PRO R9700 (RADV GFX1201)
tick 1927000 alive  3452269 genomes  728155 energy   209.8 births 48481843 deaths 48492826 (35045.9s) AMD Radeon AI PRO R9700 (RADV GFX1201)
tick 1928000 alive  3457594 genomes  729049 energy   209.7 births 48185533 deaths 48180208 (35063.3s) AMD Radeon AI PRO R9700 (RADV GFX1201)
tick 1929000 alive  3466861 genomes  728621 energy   209.6 births 48668360 deaths 48659093 (35080.7s) AMD Radeon AI PRO R9700 (RADV GFX1201)
tick 1930000 alive  3447230 genomes  729380 energy   209.9 births 48357208 deaths 48376839 (35098.1s) AMD Radeon AI PRO R9700 (RADV GFX1201)
tick 1931000 alive  3450413 genomes  728897 energy   209.5 births 48317186 deaths 48314003 (35115.5s) AMD Radeon AI PRO R9700 (RADV GFX1201)
tick 1932000 alive  3459791 genomes  727651 energy   209.6 births 48545536 deaths 48536158 (35132.9s) AMD Radeon AI PRO R9700 (RADV GFX1201)
tick 1933000 alive  3453851 genomes  729790 energy   209.8 births 48410198 deaths 48416138 (35150.3s) AMD Radeon AI PRO R9700 (RADV GFX1201)
tick 1934000 alive  3449202 genomes  730698 energy   209.9 births 48184873 deaths 48189522 (35167.7s) AMD Radeon AI PRO R9700 (RADV GFX1201)
tick 1935000 alive  3446584 genomes  732032 energy   209.7 births 48180922 deaths 48183540 (35185.1s) AMD Radeon AI PRO R9700 (RADV GFX1201)
tick 1936000 alive  3453712 genomes  729284 energy   209.4 births 48342917 deaths 48335789 (35202.5s) AMD Radeon AI PRO R9700 (RADV GFX1201)
tick 1937000 alive  3464501 genomes  728277 energy   209.7 births 48626908 deaths 48616119 (35219.9s) AMD Radeon AI PRO R9700 (RADV GFX1201)
tick 1938000 alive  3448504 genomes  729644 energy   209.7 births 48404002 deaths 48419999 (35237.4s) AMD Radeon AI PRO R9700 (RADV GFX1201)
tick 1939000 alive  3448096 genomes  731421 energy   209.6 births 48226584 deaths 48226992 (35254.8s) AMD Radeon AI PRO R9700 (RADV GFX1201)
tick 1940000 alive  3450575 genomes  732427 energy   209.6 births 48440712 deaths 48438233 (35272.2s) AMD Radeon AI PRO R9700 (RADV GFX1201)
tick 1941000 alive  3456819 genomes  733679 energy   209.3 births 48517622 deaths 48511378 (35289.6s) AMD Radeon AI PRO R9700 (RADV GFX1201)
tick 1942000 alive  3461844 genomes  732100 energy   209.8 births 48669159 deaths 48664134 (35307.1s) AMD Radeon AI PRO R9700 (RADV GFX1201)
tick 1943000 alive  3447429 genomes  732919 energy   209.7 births 48279320 deaths 48293735 (35324.5s) AMD Radeon AI PRO R9700 (RADV GFX1201)
tick 1944000 alive  3436634 genomes  733217 energy   209.8 births 47928532 deaths 47939327 (35341.9s) AMD Radeon AI PRO R9700 (RADV GFX1201)
tick 1945000 alive  3443628 genomes  735582 energy   209.8 births 48034483 deaths 48027489 (35359.3s) AMD Radeon AI PRO R9700 (RADV GFX1201)
tick 1946000 alive  3442746 genomes  738837 energy   209.6 births 48107074 deaths 48107956 (35376.7s) AMD Radeon AI PRO R9700 (RADV GFX1201)
tick 1947000 alive  3444933 genomes  734665 energy   209.5 births 48221726 deaths 48219539 (35394.2s) AMD Radeon AI PRO R9700 (RADV GFX1201)
tick 1948000 alive  3452276 genomes  733944 energy   209.7 births 48309025 deaths 48301682 (35411.6s) AMD Radeon AI PRO R9700 (RADV GFX1201)
tick 1949000 alive  3448384 genomes  735778 energy   209.8 births 48327671 deaths 48331563 (35429.0s) AMD Radeon AI PRO R9700 (RADV GFX1201)
tick 1950000 alive  3447839 genomes  735138 energy   209.8 births 48218746 deaths 48219291 (35446.4s) AMD Radeon AI PRO R9700 (RADV GFX1201)
tick 1951000 alive  3444770 genomes  733432 energy   209.7 births 48028807 deaths 48031876 (35463.8s) AMD Radeon AI PRO R9700 (RADV GFX1201)
tick 1952000 alive  3451069 genomes  732713 energy   209.6 births 48302451 deaths 48296152 (35481.3s) AMD Radeon AI PRO R9700 (RADV GFX1201)
tick 1953000 alive  3448267 genomes  730177 energy   209.6 births 48346986 deaths 48349788 (35498.7s) AMD Radeon AI PRO R9700 (RADV GFX1201)
tick 1954000 alive  3460281 genomes  732402 energy   209.6 births 48571524 deaths 48559510 (35516.1s) AMD Radeon AI PRO R9700 (RADV GFX1201)
tick 1955000 alive  3459482 genomes  730397 energy   209.7 births 48486219 deaths 48487018 (35533.5s) AMD Radeon AI PRO R9700 (RADV GFX1201)
tick 1956000 alive  3440748 genomes  732813 energy   209.7 births 48227802 deaths 48246536 (35550.9s) AMD Radeon AI PRO R9700 (RADV GFX1201)
tick 1957000 alive  3455915 genomes  729157 energy   209.7 births 48413392 deaths 48398225 (35568.3s) AMD Radeon AI PRO R9700 (RADV GFX1201)
tick 1958000 alive  3451059 genomes  730036 energy   209.8 births 48344366 deaths 48349222 (35585.7s) AMD Radeon AI PRO R9700 (RADV GFX1201)
tick 1959000 alive  3464872 genomes  728651 energy   209.4 births 48540005 deaths 48526192 (35603.1s) AMD Radeon AI PRO R9700 (RADV GFX1201)
tick 1960000 alive  3443476 genomes  728736 energy   209.8 births 48278465 deaths 48299861 (35620.5s) AMD Radeon AI PRO R9700 (RADV GFX1201)
tick 1961000 alive  3442068 genomes  731423 energy   209.6 births 48166988 deaths 48168396 (35637.9s) AMD Radeon AI PRO R9700 (RADV GFX1201)
tick 1962000 alive  3458831 genomes  730201 energy   209.7 births 48443060 deaths 48426297 (35655.3s) AMD Radeon AI PRO R9700 (RADV GFX1201)
tick 1963000 alive  3448437 genomes  728915 energy   209.8 births 48370564 deaths 48380958 (35672.7s) AMD Radeon AI PRO R9700 (RADV GFX1201)
tick 1964000 alive  3452118 genomes  728917 energy   209.7 births 48280177 deaths 48276496 (35690.1s) AMD Radeon AI PRO R9700 (RADV GFX1201)
tick 1965000 alive  3456981 genomes  723390 energy   209.6 births 48555279 deaths 48550416 (35707.5s) AMD Radeon AI PRO R9700 (RADV GFX1201)
tick 1966000 alive  3463306 genomes  724903 energy   209.8 births 48519628 deaths 48513303 (35724.9s) AMD Radeon AI PRO R9700 (RADV GFX1201)
tick 1967000 alive  3453159 genomes  723925 energy   209.7 births 48457642 deaths 48467789 (35742.3s) AMD Radeon AI PRO R9700 (RADV GFX1201)
tick 1968000 alive  3454940 genomes  724734 energy   209.7 births 48415279 deaths 48413498 (35759.7s) AMD Radeon AI PRO R9700 (RADV GFX1201)
tick 1969000 alive  3467306 genomes  725131 energy   209.4 births 48816032 deaths 48803666 (35777.1s) AMD Radeon AI PRO R9700 (RADV GFX1201)
tick 1970000 alive  3481617 genomes  723963 energy   209.3 births 49141471 deaths 49127160 (35794.5s) AMD Radeon AI PRO R9700 (RADV GFX1201)
tick 1971000 alive  3465104 genomes  724153 energy   209.6 births 48859803 deaths 48876316 (35811.9s) AMD Radeon AI PRO R9700 (RADV GFX1201)
tick 1972000 alive  3461561 genomes  726075 energy   209.5 births 48669032 deaths 48672575 (35829.3s) AMD Radeon AI PRO R9700 (RADV GFX1201)
tick 1973000 alive  3473373 genomes  726278 energy   209.4 births 48860034 deaths 48848222 (35846.7s) AMD Radeon AI PRO R9700 (RADV GFX1201)
tick 1974000 alive  3463509 genomes  726879 energy   209.8 births 48687865 deaths 48697729 (35864.1s) AMD Radeon AI PRO R9700 (RADV GFX1201)
tick 1975000 alive  3448907 genomes  728032 energy   209.7 births 48235416 deaths 48250018 (35881.6s) AMD Radeon AI PRO R9700 (RADV GFX1201)
tick 1976000 alive  3451521 genomes  729253 energy   209.7 births 48249785 deaths 48247171 (35899.0s) AMD Radeon AI PRO R9700 (RADV GFX1201)
tick 1977000 alive  3452120 genomes  729985 energy   209.7 births 48360622 deaths 48360023 (35916.4s) AMD Radeon AI PRO R9700 (RADV GFX1201)
tick 1978000 alive  3455821 genomes  730053 energy   209.8 births 48234865 deaths 48231164 (35933.8s) AMD Radeon AI PRO R9700 (RADV GFX1201)
tick 1979000 alive  3441100 genomes  732527 energy   209.7 births 48131145 deaths 48145866 (35951.2s) AMD Radeon AI PRO R9700 (RADV GFX1201)
tick 1980000 alive  3447472 genomes  732464 energy   209.8 births 48177052 deaths 48170680 (35968.6s) AMD Radeon AI PRO R9700 (RADV GFX1201)
tick 1981000 alive  3452179 genomes  730913 energy   209.7 births 48275308 deaths 48270601 (35986.0s) AMD Radeon AI PRO R9700 (RADV GFX1201)
tick 1982000 alive  3446692 genomes  728777 energy   209.8 births 48139421 deaths 48144908 (36003.4s) AMD Radeon AI PRO R9700 (RADV GFX1201)
tick 1983000 alive  3450369 genomes  730021 energy   209.5 births 48312889 deaths 48309212 (36020.8s) AMD Radeon AI PRO R9700 (RADV GFX1201)
tick 1984000 alive  3453426 genomes  729680 energy   209.5 births 48527533 deaths 48524476 (36038.3s) AMD Radeon AI PRO R9700 (RADV GFX1201)
tick 1985000 alive  3458290 genomes  726037 energy   209.7 births 48631688 deaths 48626824 (36055.7s) AMD Radeon AI PRO R9700 (RADV GFX1201)
tick 1986000 alive  3452532 genomes  726521 energy   209.8 births 48431724 deaths 48437482 (36073.1s) AMD Radeon AI PRO R9700 (RADV GFX1201)
tick 1987000 alive  3450466 genomes  727401 energy   209.5 births 48276400 deaths 48278466 (36090.5s) AMD Radeon AI PRO R9700 (RADV GFX1201)
tick 1988000 alive  3460839 genomes  726187 energy   209.4 births 48631683 deaths 48621310 (36107.9s) AMD Radeon AI PRO R9700 (RADV GFX1201)
tick 1989000 alive  3461238 genomes  725613 energy   209.6 births 48655459 deaths 48655060 (36125.3s) AMD Radeon AI PRO R9700 (RADV GFX1201)
tick 1990000 alive  3456754 genomes  727134 energy   209.4 births 48516190 deaths 48520674 (36142.8s) AMD Radeon AI PRO R9700 (RADV GFX1201)
tick 1991000 alive  3452725 genomes  723670 energy   209.5 births 48629718 deaths 48633747 (36160.2s) AMD Radeon AI PRO R9700 (RADV GFX1201)
tick 1992000 alive  3469738 genomes  720174 energy   209.5 births 48729735 deaths 48712722 (36177.6s) AMD Radeon AI PRO R9700 (RADV GFX1201)
tick 1993000 alive  3468493 genomes  722516 energy   209.7 births 48789049 deaths 48790294 (36195.0s) AMD Radeon AI PRO R9700 (RADV GFX1201)
tick 1994000 alive  3450041 genomes  727199 energy   209.6 births 48371942 deaths 48390394 (36212.4s) AMD Radeon AI PRO R9700 (RADV GFX1201)
tick 1995000 alive  3453590 genomes  724264 energy   209.6 births 48502078 deaths 48498529 (36229.8s) AMD Radeon AI PRO R9700 (RADV GFX1201)
tick 1996000 alive  3464382 genomes  725530 energy   209.6 births 48565165 deaths 48554373 (36247.2s) AMD Radeon AI PRO R9700 (RADV GFX1201)
tick 1997000 alive  3460385 genomes  723796 energy   209.7 births 48519763 deaths 48523760 (36264.6s) AMD Radeon AI PRO R9700 (RADV GFX1201)
tick 1998000 alive  3459019 genomes  722519 energy   209.6 births 48558521 deaths 48559887 (36282.0s) AMD Radeon AI PRO R9700 (RADV GFX1201)
tick 1999000 alive  3456806 genomes  721778 energy   209.5 births 48496239 deaths 48498452 (36299.5s) AMD Radeon AI PRO R9700 (RADV GFX1201)
tick 2000000 alive  3463527 genomes  722174 energy   209.6 births 48654609 deaths 48647888 (36316.9s) AMD Radeon AI PRO R9700 (RADV GFX1201)
tick 2001000 alive  3462178 genomes  720462 energy   209.6 births 48553442 deaths 48554791 (36334.3s) AMD Radeon AI PRO R9700 (RADV GFX1201)
tick 2002000 alive  3451001 genomes  721631 energy   209.6 births 48481022 deaths 48492199 (36351.7s) AMD Radeon AI PRO R9700 (RADV GFX1201)
tick 2003000 alive  3459216 genomes  720103 energy   209.5 births 48646032 deaths 48637817 (36369.1s) AMD Radeon AI PRO R9700 (RADV GFX1201)
tick 2004000 alive  3468194 genomes  720232 energy   209.4 births 48847098 deaths 48838120 (36386.5s) AMD Radeon AI PRO R9700 (RADV GFX1201)
tick 2005000 alive  3461991 genomes  717609 energy   209.8 births 48643114 deaths 48649317 (36403.9s) AMD Radeon AI PRO R9700 (RADV GFX1201)
tick 2006000 alive  3463739 genomes  719500 energy   209.5 births 48663497 deaths 48661749 (36421.3s) AMD Radeon AI PRO R9700 (RADV GFX1201)
tick 2007000 alive  3473127 genomes  721013 energy   209.7 births 48768147 deaths 48758759 (36438.7s) AMD Radeon AI PRO R9700 (RADV GFX1201)
tick 2008000 alive  3471848 genomes  720169 energy   209.3 births 48841083 deaths 48842362 (36456.1s) AMD Radeon AI PRO R9700 (RADV GFX1201)
tick 2009000 alive  3465697 genomes  718932 energy   209.7 births 48776234 deaths 48782385 (36473.5s) AMD Radeon AI PRO R9700 (RADV GFX1201)
tick 2010000 alive  3460326 genomes  718878 energy   209.6 births 48674606 deaths 48679977 (36490.9s) AMD Radeon AI PRO R9700 (RADV GFX1201)
tick 2011000 alive  3455330 genomes  722342 energy   209.6 births 48529734 deaths 48534730 (36508.3s) AMD Radeon AI PRO R9700 (RADV GFX1201)
tick 2012000 alive  3465872 genomes  725840 energy   209.6 births 48661088 deaths 48650546 (36525.7s) AMD Radeon AI PRO R9700 (RADV GFX1201)
tick 2013000 alive  3452008 genomes  723306 energy   209.3 births 48607927 deaths 48621791 (36543.1s) AMD Radeon AI PRO R9700 (RADV GFX1201)
tick 2014000 alive  3457901 genomes  723470 energy   209.6 births 48748365 deaths 48742472 (36560.6s) AMD Radeon AI PRO R9700 (RADV GFX1201)
tick 2015000 alive  3455520 genomes  723571 energy   209.4 births 48744016 deaths 48746397 (36578.0s) AMD Radeon AI PRO R9700 (RADV GFX1201)
tick 2016000 alive  3444922 genomes  724262 energy   209.3 births 48684392 deaths 48694990 (36595.4s) AMD Radeon AI PRO R9700 (RADV GFX1201)
tick 2017000 alive  3454540 genomes  724422 energy   209.4 births 48700759 deaths 48691141 (36612.8s) AMD Radeon AI PRO R9700 (RADV GFX1201)
tick 2018000 alive  3459807 genomes  724736 energy   209.5 births 48702794 deaths 48697527 (36630.2s) AMD Radeon AI PRO R9700 (RADV GFX1201)
tick 2019000 alive  3456105 genomes  726289 energy   209.5 births 48616081 deaths 48619783 (36647.6s) AMD Radeon AI PRO R9700 (RADV GFX1201)
tick 2020000 alive  3453545 genomes  724051 energy   209.3 births 48571532 deaths 48574092 (36665.0s) AMD Radeon AI PRO R9700 (RADV GFX1201)
tick 2021000 alive  3460389 genomes  723076 energy   209.3 births 48732718 deaths 48725874 (36682.4s) AMD Radeon AI PRO R9700 (RADV GFX1201)
tick 2022000 alive  3466345 genomes  719648 energy   209.6 births 48859874 deaths 48853918 (36699.8s) AMD Radeon AI PRO R9700 (RADV GFX1201)
tick 2023000 alive  3459290 genomes  721591 energy   209.6 births 48623016 deaths 48630071 (36717.2s) AMD Radeon AI PRO R9700 (RADV GFX1201)
tick 2024000 alive  3463153 genomes  721715 energy   209.6 births 48668385 deaths 48664522 (36734.6s) AMD Radeon AI PRO R9700 (RADV GFX1201)
tick 2025000 alive  3451284 genomes  721028 energy   209.5 births 48538824 deaths 48550693 (36752.0s) AMD Radeon AI PRO R9700 (RADV GFX1201)
tick 2026000 alive  3459940 genomes  722806 energy   209.2 births 48757256 deaths 48748600 (36769.4s) AMD Radeon AI PRO R9700 (RADV GFX1201)
tick 2027000 alive  3461905 genomes  718659 energy   209.6 births 48759296 deaths 48757331 (36786.9s) AMD Radeon AI PRO R9700 (RADV GFX1201)
tick 2028000 alive  3463070 genomes  720978 energy   209.4 births 48641653 deaths 48640488 (36804.3s) AMD Radeon AI PRO R9700 (RADV GFX1201)
tick 2029000 alive  3462975 genomes  720113 energy   209.6 births 48703422 deaths 48703517 (36821.7s) AMD Radeon AI PRO R9700 (RADV GFX1201)
tick 2030000 alive  3459769 genomes  721784 energy   209.5 births 48601624 deaths 48604830 (36839.1s) AMD Radeon AI PRO R9700 (RADV GFX1201)
tick 2031000 alive  3462174 genomes  725803 energy   209.6 births 48550111 deaths 48547706 (36856.5s) AMD Radeon AI PRO R9700 (RADV GFX1201)
tick 2032000 alive  3439449 genomes  724255 energy   209.7 births 48278025 deaths 48300750 (36873.9s) AMD Radeon AI PRO R9700 (RADV GFX1201)
tick 2033000 alive  3448922 genomes  729733 energy   209.6 births 48208723 deaths 48199250 (36891.3s) AMD Radeon AI PRO R9700 (RADV GFX1201)
tick 2034000 alive  3452214 genomes  729795 energy   209.5 births 48394261 deaths 48390969 (36908.7s) AMD Radeon AI PRO R9700 (RADV GFX1201)
tick 2035000 alive  3455336 genomes  728870 energy   209.7 births 48486529 deaths 48483407 (36926.1s) AMD Radeon AI PRO R9700 (RADV GFX1201)
tick 2036000 alive  3446657 genomes  732903 energy   209.7 births 48168665 deaths 48177344 (36943.6s) AMD Radeon AI PRO R9700 (RADV GFX1201)
tick 2037000 alive  3437805 genomes  732612 energy   210.0 births 48095839 deaths 48104691 (36961.0s) AMD Radeon AI PRO R9700 (RADV GFX1201)
tick 2038000 alive  3441243 genomes  732939 energy   209.4 births 48121882 deaths 48118444 (36978.3s) AMD Radeon AI PRO R9700 (RADV GFX1201)
tick 2039000 alive  3443566 genomes  730675 energy   209.7 births 48367631 deaths 48365308 (36995.7s) AMD Radeon AI PRO R9700 (RADV GFX1201)
tick 2040000 alive  3450719 genomes  732589 energy   209.6 births 48458797 deaths 48451644 (37013.2s) AMD Radeon AI PRO R9700 (RADV GFX1201)
tick 2041000 alive  3457619 genomes  731080 energy   209.3 births 48616484 deaths 48609584 (37030.6s) AMD Radeon AI PRO R9700 (RADV GFX1201)
tick 2042000 alive  3462684 genomes  726716 energy   209.6 births 48782454 deaths 48777389 (37048.0s) AMD Radeon AI PRO R9700 (RADV GFX1201)
tick 2043000 alive  3463210 genomes  727610 energy   209.5 births 48733550 deaths 48733024 (37065.4s) AMD Radeon AI PRO R9700 (RADV GFX1201)
tick 2044000 alive  3459690 genomes  726336 energy   209.5 births 48843005 deaths 48846525 (37082.8s) AMD Radeon AI PRO R9700 (RADV GFX1201)
tick 2045000 alive  3454595 genomes  724736 energy   209.4 births 48628635 deaths 48633730 (37100.2s) AMD Radeon AI PRO R9700 (RADV GFX1201)
tick 2046000 alive  3461633 genomes  724350 energy   209.6 births 48812377 deaths 48805339 (37117.6s) AMD Radeon AI PRO R9700 (RADV GFX1201)
tick 2047000 alive  3465973 genomes  724744 energy   209.2 births 48885761 deaths 48881421 (37135.1s) AMD Radeon AI PRO R9700 (RADV GFX1201)
tick 2048000 alive  3466795 genomes  725823 energy   209.2 births 49045693 deaths 49044871 (37152.5s) AMD Radeon AI PRO R9700 (RADV GFX1201)
tick 2049000 alive  3458475 genomes  723880 energy   209.4 births 48773861 deaths 48782181 (37169.9s) AMD Radeon AI PRO R9700 (RADV GFX1201)
tick 2050000 alive  3461664 genomes  722949 energy   209.5 births 48823438 deaths 48820249 (37187.3s) AMD Radeon AI PRO R9700 (RADV GFX1201)
tick 2051000 alive  3459166 genomes  723978 energy   209.4 births 48620750 deaths 48623248 (37204.7s) AMD Radeon AI PRO R9700 (RADV GFX1201)
tick 2052000 alive  3460892 genomes  722398 energy   209.6 births 48753458 deaths 48751732 (37222.2s) AMD Radeon AI PRO R9700 (RADV GFX1201)
tick 2053000 alive  3467405 genomes  721135 energy   209.5 births 48777910 deaths 48771397 (37239.5s) AMD Radeon AI PRO R9700 (RADV GFX1201)
tick 2054000 alive  3467804 genomes  719072 energy   209.6 births 48871234 deaths 48870835 (37256.9s) AMD Radeon AI PRO R9700 (RADV GFX1201)
tick 2055000 alive  3472339 genomes  721411 energy   209.4 births 48978401 deaths 48973866 (37274.4s) AMD Radeon AI PRO R9700 (RADV GFX1201)
tick 2056000 alive  3470789 genomes  721554 energy   209.5 births 48957674 deaths 48959224 (37291.8s) AMD Radeon AI PRO R9700 (RADV GFX1201)
tick 2057000 alive  3453633 genomes  724560 energy   209.6 births 48715243 deaths 48732399 (37309.2s) AMD Radeon AI PRO R9700 (RADV GFX1201)
tick 2058000 alive  3456062 genomes  726164 energy   209.6 births 48529294 deaths 48526865 (37326.6s) AMD Radeon AI PRO R9700 (RADV GFX1201)
tick 2059000 alive  3462660 genomes  727439 energy   209.4 births 48646096 deaths 48639498 (37344.0s) AMD Radeon AI PRO R9700 (RADV GFX1201)
tick 2060000 alive  3449123 genomes  727059 energy   209.6 births 48516213 deaths 48529750 (37361.4s) AMD Radeon AI PRO R9700 (RADV GFX1201)
tick 2061000 alive  3452191 genomes  727496 energy   209.3 births 48605060 deaths 48601992 (37378.8s) AMD Radeon AI PRO R9700 (RADV GFX1201)
tick 2062000 alive  3456694 genomes  729740 energy   209.4 births 48666060 deaths 48661557 (37396.2s) AMD Radeon AI PRO R9700 (RADV GFX1201)
tick 2063000 alive  3467372 genomes  729444 energy   209.4 births 48775987 deaths 48765309 (37413.6s) AMD Radeon AI PRO R9700 (RADV GFX1201)
tick 2064000 alive  3455781 genomes  726496 energy   209.8 births 48488387 deaths 48499978 (37431.0s) AMD Radeon AI PRO R9700 (RADV GFX1201)
tick 2065000 alive  3452564 genomes  729630 energy   209.3 births 48429868 deaths 48433085 (37448.4s) AMD Radeon AI PRO R9700 (RADV GFX1201)
tick 2066000 alive  3466845 genomes  727961 energy   209.6 births 48810063 deaths 48795782 (37465.9s) AMD Radeon AI PRO R9700 (RADV GFX1201)
tick 2067000 alive  3454821 genomes  726429 energy   209.5 births 48539634 deaths 48551658 (37483.3s) AMD Radeon AI PRO R9700 (RADV GFX1201)
tick 2068000 alive  3461220 genomes  727476 energy   209.5 births 48664228 deaths 48657829 (37500.7s) AMD Radeon AI PRO R9700 (RADV GFX1201)
tick 2069000 alive  3454012 genomes  725794 energy   209.7 births 48478413 deaths 48485621 (37518.1s) AMD Radeon AI PRO R9700 (RADV GFX1201)
tick 2070000 alive  3454334 genomes  726516 energy   209.5 births 48590062 deaths 48589740 (37535.5s) AMD Radeon AI PRO R9700 (RADV GFX1201)
tick 2071000 alive  3457657 genomes  727222 energy   209.6 births 48498589 deaths 48495266 (37552.9s) AMD Radeon AI PRO R9700 (RADV GFX1201)
tick 2072000 alive  3460832 genomes  725913 energy   209.5 births 48612558 deaths 48609383 (37570.3s) AMD Radeon AI PRO R9700 (RADV GFX1201)
tick 2073000 alive  3453102 genomes  727933 energy   209.6 births 48462450 deaths 48470180 (37587.7s) AMD Radeon AI PRO R9700 (RADV GFX1201)
tick 2074000 alive  3444526 genomes  726752 energy   209.5 births 48311135 deaths 48319711 (37605.1s) AMD Radeon AI PRO R9700 (RADV GFX1201)
tick 2075000 alive  3466201 genomes  728044 energy   209.2 births 48839658 deaths 48817983 (37622.6s) AMD Radeon AI PRO R9700 (RADV GFX1201)
tick 2076000 alive  3460518 genomes  729054 energy   209.1 births 49023136 deaths 49028819 (37640.0s) AMD Radeon AI PRO R9700 (RADV GFX1201)
tick 2077000 alive  3451803 genomes  726093 energy   209.3 births 48767999 deaths 48776714 (37657.4s) AMD Radeon AI PRO R9700 (RADV GFX1201)
tick 2078000 alive  3458656 genomes  724981 energy   209.1 births 48890459 deaths 48883606 (37674.8s) AMD Radeon AI PRO R9700 (RADV GFX1201)
tick 2079000 alive  3460151 genomes  721847 energy   209.2 births 49109640 deaths 49108145 (37692.2s) AMD Radeon AI PRO R9700 (RADV GFX1201)
tick 2080000 alive  3463039 genomes  721108 energy   209.1 births 48939617 deaths 48936729 (37709.6s) AMD Radeon AI PRO R9700 (RADV GFX1201)
tick 2081000 alive  3463575 genomes  724676 energy   209.2 births 49005649 deaths 49005113 (37727.1s) AMD Radeon AI PRO R9700 (RADV GFX1201)
tick 2082000 alive  3462151 genomes  722593 energy   209.6 births 48927089 deaths 48928513 (37744.5s) AMD Radeon AI PRO R9700 (RADV GFX1201)
tick 2083000 alive  3454803 genomes  723300 energy   209.2 births 48711440 deaths 48718788 (37761.9s) AMD Radeon AI PRO R9700 (RADV GFX1201)
tick 2084000 alive  3464795 genomes  720458 energy   209.3 births 48925045 deaths 48915053 (37779.3s) AMD Radeon AI PRO R9700 (RADV GFX1201)
tick 2085000 alive  3462296 genomes  717479 energy   209.4 births 48892068 deaths 48894567 (37796.7s) AMD Radeon AI PRO R9700 (RADV GFX1201)
tick 2086000 alive  3456006 genomes  718726 energy   209.5 births 48836120 deaths 48842410 (37814.1s) AMD Radeon AI PRO R9700 (RADV GFX1201)
tick 2087000 alive  3465363 genomes  717731 energy   209.1 births 49012422 deaths 49003065 (37831.5s) AMD Radeon AI PRO R9700 (RADV GFX1201)
tick 2088000 alive  3470702 genomes  716013 energy   209.2 births 49224217 deaths 49218878 (37848.9s) AMD Radeon AI PRO R9700 (RADV GFX1201)
tick 2089000 alive  3471466 genomes  716884 energy   209.2 births 49209353 deaths 49208589 (37866.3s) AMD Radeon AI PRO R9700 (RADV GFX1201)
tick 2090000 alive  3471915 genomes  715831 energy   209.3 births 49090063 deaths 49089614 (37883.7s) AMD Radeon AI PRO R9700 (RADV GFX1201)
tick 2091000 alive  3472659 genomes  716935 energy   209.5 births 49049744 deaths 49049000 (37901.2s) AMD Radeon AI PRO R9700 (RADV GFX1201)
tick 2092000 alive  3455480 genomes  719143 energy   209.7 births 48568330 deaths 48585509 (37918.6s) AMD Radeon AI PRO R9700 (RADV GFX1201)
tick 2093000 alive  3452718 genomes  717868 energy   209.6 births 48468836 deaths 48471598 (37936.0s) AMD Radeon AI PRO R9700 (RADV GFX1201)
tick 2094000 alive  3451341 genomes  719386 energy   209.7 births 48376023 deaths 48377400 (37953.4s) AMD Radeon AI PRO R9700 (RADV GFX1201)
tick 2095000 alive  3449981 genomes  722347 energy   209.8 births 48267233 deaths 48268593 (37970.8s) AMD Radeon AI PRO R9700 (RADV GFX1201)
tick 2096000 alive  3448382 genomes  724851 energy   209.7 births 48272671 deaths 48274270 (37988.2s) AMD Radeon AI PRO R9700 (RADV GFX1201)
tick 2097000 alive  3441533 genomes  728324 energy   209.6 births 48194841 deaths 48201690 (38005.6s) AMD Radeon AI PRO R9700 (RADV GFX1201)
tick 2098000 alive  3438544 genomes  729435 energy   209.8 births 48128220 deaths 48131209 (38023.0s) AMD Radeon AI PRO R9700 (RADV GFX1201)
tick 2099000 alive  3442148 genomes  729009 energy   209.8 births 48221314 deaths 48217710 (38040.4s) AMD Radeon AI PRO R9700 (RADV GFX1201)
tick 2100000 alive  3435464 genomes  730967 energy   210.0 births 47920142 deaths 47926826 (38057.8s) AMD Radeon AI PRO R9700 (RADV GFX1201)
tick 2101000 alive  3437337 genomes  732744 energy   209.8 births 47926681 deaths 47924808 (38075.2s) AMD Radeon AI PRO R9700 (RADV GFX1201)
tick 2102000 alive  3440028 genomes  730276 energy   209.7 births 47994964 deaths 47992273 (38092.6s) AMD Radeon AI PRO R9700 (RADV GFX1201)
tick 2103000 alive  3443516 genomes  728168 energy   209.8 births 47950652 deaths 47947164 (38110.0s) AMD Radeon AI PRO R9700 (RADV GFX1201)
tick 2104000 alive  3442858 genomes  727684 energy   209.8 births 48136227 deaths 48136885 (38127.4s) AMD Radeon AI PRO R9700 (RADV GFX1201)
tick 2105000 alive  3443930 genomes  726311 energy   209.8 births 48091548 deaths 48090476 (38144.8s) AMD Radeon AI PRO R9700 (RADV GFX1201)
tick 2106000 alive  3451910 genomes  726496 energy   209.5 births 48290745 deaths 48282765 (38162.2s) AMD Radeon AI PRO R9700 (RADV GFX1201)
tick 2107000 alive  3451873 genomes  727144 energy   209.6 births 48472234 deaths 48472271 (38179.6s) AMD Radeon AI PRO R9700 (RADV GFX1201)
tick 2108000 alive  3459808 genomes  726070 energy   209.5 births 48638019 deaths 48630084 (38197.0s) AMD Radeon AI PRO R9700 (RADV GFX1201)
tick 2109000 alive  3466546 genomes  725976 energy   209.1 births 48839102 deaths 48832364 (38214.4s) AMD Radeon AI PRO R9700 (RADV GFX1201)
tick 2110000 alive  3459625 genomes  721711 energy   209.7 births 48806694 deaths 48813615 (38231.9s) AMD Radeon AI PRO R9700 (RADV GFX1201)
tick 2111000 alive  3456939 genomes  721144 energy   209.5 births 48596398 deaths 48599084 (38249.2s) AMD Radeon AI PRO R9700 (RADV GFX1201)
tick 2112000 alive  3453876 genomes  722209 energy   209.5 births 48652008 deaths 48655071 (38266.7s) AMD Radeon AI PRO R9700 (RADV GFX1201)
tick 2113000 alive  3454470 genomes  723288 energy   209.1 births 48692304 deaths 48691710 (38284.1s) AMD Radeon AI PRO R9700 (RADV GFX1201)
tick 2114000 alive  3466895 genomes  719838 energy   209.3 births 49035696 deaths 49023271 (38301.5s) AMD Radeon AI PRO R9700 (RADV GFX1201)
tick 2115000 alive  3458641 genomes  717474 energy   209.4 births 48962316 deaths 48970570 (38318.9s) AMD Radeon AI PRO R9700 (RADV GFX1201)
tick 2116000 alive  3461974 genomes  719911 energy   209.3 births 48875866 deaths 48872533 (38336.3s) AMD Radeon AI PRO R9700 (RADV GFX1201)
tick 2117000 alive  3460375 genomes  721563 energy   209.2 births 48934593 deaths 48936192 (38353.7s) AMD Radeon AI PRO R9700 (RADV GFX1201)
tick 2118000 alive  3467181 genomes  718952 energy   209.2 births 48978051 deaths 48971245 (38371.1s) AMD Radeon AI PRO R9700 (RADV GFX1201)
tick 2119000 alive  3466960 genomes  720816 energy   209.2 births 49022484 deaths 49022705 (38388.5s) AMD Radeon AI PRO R9700 (RADV GFX1201)
tick 2120000 alive  3467478 genomes  719666 energy   209.2 births 49002982 deaths 49002464 (38405.9s) AMD Radeon AI PRO R9700 (RADV GFX1201)
tick 2121000 alive  3461353 genomes  717910 energy   209.4 births 49017817 deaths 49023942 (38423.3s) AMD Radeon AI PRO R9700 (RADV GFX1201)
tick 2122000 alive  3465891 genomes  721015 energy   209.2 births 48980931 deaths 48976393 (38440.7s) AMD Radeon AI PRO R9700 (RADV GFX1201)
tick 2123000 alive  3474993 genomes  719853 energy   209.2 births 49198698 deaths 49189596 (38458.1s) AMD Radeon AI PRO R9700 (RADV GFX1201)
tick 2124000 alive  3464494 genomes  718872 energy   209.5 births 49097358 deaths 49107857 (38475.6s) AMD Radeon AI PRO R9700 (RADV GFX1201)
tick 2125000 alive  3462238 genomes  718678 energy   209.3 births 48804167 deaths 48806423 (38492.9s) AMD Radeon AI PRO R9700 (RADV GFX1201)
tick 2126000 alive  3455971 genomes  717067 energy   209.6 births 48829600 deaths 48835867 (38510.3s) AMD Radeon AI PRO R9700 (RADV GFX1201)
tick 2127000 alive  3465529 genomes  717412 energy   209.2 births 48857369 deaths 48847811 (38527.8s) AMD Radeon AI PRO R9700 (RADV GFX1201)
tick 2128000 alive  3463952 genomes  715915 energy   209.3 births 49102224 deaths 49103801 (38545.2s) AMD Radeon AI PRO R9700 (RADV GFX1201)
tick 2129000 alive  3473898 genomes  713394 energy   209.2 births 49249205 deaths 49239259 (38562.6s) AMD Radeon AI PRO R9700 (RADV GFX1201)
tick 2130000 alive  3477718 genomes  712179 energy   209.3 births 49287117 deaths 49283297 (38580.0s) AMD Radeon AI PRO R9700 (RADV GFX1201)
tick 2131000 alive  3469061 genomes  711813 energy   209.5 births 49059397 deaths 49068054 (38597.4s) AMD Radeon AI PRO R9700 (RADV GFX1201)
tick 2132000 alive  3473792 genomes  713132 energy   209.7 births 49037380 deaths 49032649 (38614.8s) AMD Radeon AI PRO R9700 (RADV GFX1201)
tick 2133000 alive  3465667 genomes  714639 energy   209.1 births 48872984 deaths 48881109 (38632.2s) AMD Radeon AI PRO R9700 (RADV GFX1201)
tick 2134000 alive  3469303 genomes  715891 energy   209.6 births 48949417 deaths 48945781 (38649.6s) AMD Radeon AI PRO R9700 (RADV GFX1201)
tick 2135000 alive  3451722 genomes  719620 energy   209.4 births 48477165 deaths 48494746 (38667.0s) AMD Radeon AI PRO R9700 (RADV GFX1201)
tick 2136000 alive  3455862 genomes  721128 energy   209.7 births 48682917 deaths 48678777 (38684.5s) AMD Radeon AI PRO R9700 (RADV GFX1201)
tick 2137000 alive  3455843 genomes  723333 energy   209.5 births 48378627 deaths 48378646 (38701.9s) AMD Radeon AI PRO R9700 (RADV GFX1201)
tick 2138000 alive  3450347 genomes  726582 energy   209.8 births 48518421 deaths 48523917 (38719.3s) AMD Radeon AI PRO R9700 (RADV GFX1201)
tick 2139000 alive  3435808 genomes  725890 energy   209.8 births 48117837 deaths 48132376 (38736.7s) AMD Radeon AI PRO R9700 (RADV GFX1201)
tick 2140000 alive  3442546 genomes  730503 energy   209.7 births 48155678 deaths 48148940 (38754.1s) AMD Radeon AI PRO R9700 (RADV GFX1201)
tick 2141000 alive  3435674 genomes  733567 energy   209.6 births 48164376 deaths 48171248 (38771.6s) AMD Radeon AI PRO R9700 (RADV GFX1201)
tick 2142000 alive  3437461 genomes  733541 energy   209.3 births 48132811 deaths 48131024 (38789.0s) AMD Radeon AI PRO R9700 (RADV GFX1201)
tick 2143000 alive  3440279 genomes  736613 energy   209.5 births 48273269 deaths 48270451 (38806.4s) AMD Radeon AI PRO R9700 (RADV GFX1201)
tick 2144000 alive  3443038 genomes  734527 energy   209.4 births 48354438 deaths 48351679 (38823.8s) AMD Radeon AI PRO R9700 (RADV GFX1201)
tick 2145000 alive  3443050 genomes  734405 energy   209.3 births 48530970 deaths 48530958 (38841.2s) AMD Radeon AI PRO R9700 (RADV GFX1201)
tick 2146000 alive  3446410 genomes  735393 energy   209.3 births 48556950 deaths 48553590 (38858.6s) AMD Radeon AI PRO R9700 (RADV GFX1201)
tick 2147000 alive  3432584 genomes  731584 energy   209.5 births 48321461 deaths 48335287 (38876.0s) AMD Radeon AI PRO R9700 (RADV GFX1201)
tick 2148000 alive  3438407 genomes  730331 energy   209.7 births 48203245 deaths 48197422 (38893.4s) AMD Radeon AI PRO R9700 (RADV GFX1201)
tick 2149000 alive  3448776 genomes  728915 energy   209.7 births 48294413 deaths 48284044 (38910.8s) AMD Radeon AI PRO R9700 (RADV GFX1201)
tick 2150000 alive  3445229 genomes  729602 energy   209.6 births 48355498 deaths 48359045 (38928.2s) AMD Radeon AI PRO R9700 (RADV GFX1201)
tick 2151000 alive  3432245 genomes  729506 energy   209.5 births 48219078 deaths 48232062 (38945.6s) AMD Radeon AI PRO R9700 (RADV GFX1201)
tick 2152000 alive  3453357 genomes  728049 energy   209.6 births 48392052 deaths 48370940 (38963.1s) AMD Radeon AI PRO R9700 (RADV GFX1201)
tick 2153000 alive  3450453 genomes  726946 energy   209.6 births 48518382 deaths 48521286 (38980.5s) AMD Radeon AI PRO R9700 (RADV GFX1201)
tick 2154000 alive  3443948 genomes  726965 energy   209.3 births 48352262 deaths 48358767 (38997.9s) AMD Radeon AI PRO R9700 (RADV GFX1201)
tick 2155000 alive  3453096 genomes  724168 energy   209.1 births 48722425 deaths 48713277 (39015.3s) AMD Radeon AI PRO R9700 (RADV GFX1201)
tick 2156000 alive  3463785 genomes  721807 energy   209.6 births 49019304 deaths 49008615 (39032.7s) AMD Radeon AI PRO R9700 (RADV GFX1201)
tick 2157000 alive  3461896 genomes  719671 energy   209.2 births 48961549 deaths 48963438 (39050.1s) AMD Radeon AI PRO R9700 (RADV GFX1201)
tick 2158000 alive  3463390 genomes  721630 energy   209.4 births 48988852 deaths 48987358 (39067.5s) AMD Radeon AI PRO R9700 (RADV GFX1201)
tick 2159000 alive  3445454 genomes  725036 energy   209.3 births 48602135 deaths 48620071 (39084.9s) AMD Radeon AI PRO R9700 (RADV GFX1201)
tick 2160000 alive  3444935 genomes  729609 energy   209.4 births 48510392 deaths 48510911 (39102.3s) AMD Radeon AI PRO R9700 (RADV GFX1201)
tick 2161000 alive  3445007 genomes  730823 energy   209.5 births 48523452 deaths 48523380 (39119.7s) AMD Radeon AI PRO R9700 (RADV GFX1201)
tick 2162000 alive  3449167 genomes  730390 energy   209.6 births 48445175 deaths 48441015 (39137.1s) AMD Radeon AI PRO R9700 (RADV GFX1201)
tick 2163000 alive  3431683 genomes  731749 energy   209.8 births 48141490 deaths 48158974 (39154.5s) AMD Radeon AI PRO R9700 (RADV GFX1201)
tick 2164000 alive  3449706 genomes  735464 energy   209.5 births 48244833 deaths 48226810 (39171.9s) AMD Radeon AI PRO R9700 (RADV GFX1201)
tick 2165000 alive  3442618 genomes  733327 energy   209.7 births 48365677 deaths 48372765 (39189.3s) AMD Radeon AI PRO R9700 (RADV GFX1201)
tick 2166000 alive  3440500 genomes  732589 energy   209.6 births 48257792 deaths 48259910 (39206.7s) AMD Radeon AI PRO R9700 (RADV GFX1201)
tick 2167000 alive  3443979 genomes  733844 energy   209.7 births 48417240 deaths 48413761 (39224.2s) AMD Radeon AI PRO R9700 (RADV GFX1201)
tick 2168000 alive  3442620 genomes  731434 energy   209.3 births 48356790 deaths 48358149 (39241.6s) AMD Radeon AI PRO R9700 (RADV GFX1201)
tick 2169000 alive  3446359 genomes  732024 energy   209.3 births 48585197 deaths 48581458 (39259.0s) AMD Radeon AI PRO R9700 (RADV GFX1201)
tick 2170000 alive  3451148 genomes  730285 energy   209.2 births 48711260 deaths 48706471 (39276.4s) AMD Radeon AI PRO R9700 (RADV GFX1201)
tick 2171000 alive  3463091 genomes  729209 energy   209.4 births 48928508 deaths 48916565 (39293.8s) AMD Radeon AI PRO R9700 (RADV GFX1201)
tick 2172000 alive  3462146 genomes  728416 energy   209.4 births 48784818 deaths 48785763 (39311.2s) AMD Radeon AI PRO R9700 (RADV GFX1201)
tick 2173000 alive  3460259 genomes  730019 energy   209.6 births 48741372 deaths 48743259 (39328.7s) AMD Radeon AI PRO R9700 (RADV GFX1201)
tick 2174000 alive  3459588 genomes  725360 energy   209.5 births 48698145 deaths 48698816 (39346.1s) AMD Radeon AI PRO R9700 (RADV GFX1201)
tick 2175000 alive  3452479 genomes  722873 energy   209.6 births 48636692 deaths 48643801 (39363.4s) AMD Radeon AI PRO R9700 (RADV GFX1201)
tick 2176000 alive  3458675 genomes  723861 energy   209.5 births 48582759 deaths 48576563 (39380.9s) AMD Radeon AI PRO R9700 (RADV GFX1201)
tick 2177000 alive  3456463 genomes  724827 energy   209.4 births 48774521 deaths 48776733 (39398.3s) AMD Radeon AI PRO R9700 (RADV GFX1201)
tick 2178000 alive  3452444 genomes  728677 energy   209.3 births 48807380 deaths 48811399 (39415.7s) AMD Radeon AI PRO R9700 (RADV GFX1201)
tick 2179000 alive  3462132 genomes  729034 energy   209.1 births 48883859 deaths 48874171 (39433.1s) AMD Radeon AI PRO R9700 (RADV GFX1201)
tick 2180000 alive  3462158 genomes  727431 energy   209.5 births 49040898 deaths 49040872 (39450.5s) AMD Radeon AI PRO R9700 (RADV GFX1201)
tick 2181000 alive  3455671 genomes  728739 energy   209.6 births 48564637 deaths 48571124 (39467.9s) AMD Radeon AI PRO R9700 (RADV GFX1201)
tick 2182000 alive  3457974 genomes  728701 energy   209.6 births 48545855 deaths 48543552 (39485.3s) AMD Radeon AI PRO R9700 (RADV GFX1201)
tick 2183000 alive  3461946 genomes  728486 energy   209.5 births 48789409 deaths 48785437 (39502.7s) AMD Radeon AI PRO R9700 (RADV GFX1201)
tick 2184000 alive  3469563 genomes  724382 energy   209.2 births 48977573 deaths 48969956 (39520.1s) AMD Radeon AI PRO R9700 (RADV GFX1201)
tick 2185000 alive  3463274 genomes  724334 energy   209.2 births 48968200 deaths 48974489 (39537.5s) AMD Radeon AI PRO R9700 (RADV GFX1201)
tick 2186000 alive  3466846 genomes  723936 energy   209.3 births 49026969 deaths 49023397 (39554.9s) AMD Radeon AI PRO R9700 (RADV GFX1201)
tick 2187000 alive  3469290 genomes  719879 energy   209.3 births 49146566 deaths 49144122 (39572.3s) AMD Radeon AI PRO R9700 (RADV GFX1201)
tick 2188000 alive  3471445 genomes  720589 energy   209.3 births 49233429 deaths 49231274 (39589.7s) AMD Radeon AI PRO R9700 (RADV GFX1201)
tick 2189000 alive  3461297 genomes  722837 energy   209.4 births 48964765 deaths 48974913 (39607.2s) AMD Radeon AI PRO R9700 (RADV GFX1201)
tick 2190000 alive  3460612 genomes  723219 energy   209.3 births 48816302 deaths 48816987 (39624.6s) AMD Radeon AI PRO R9700 (RADV GFX1201)
tick 2191000 alive  3467972 genomes  725316 energy   209.1 births 49102042 deaths 49094682 (39642.0s) AMD Radeon AI PRO R9700 (RADV GFX1201)
tick 2192000 alive  3455515 genomes  724509 energy   209.2 births 49033069 deaths 49045526 (39659.4s) AMD Radeon AI PRO R9700 (RADV GFX1201)
tick 2193000 alive  3458960 genomes  727633 energy   209.0 births 48915330 deaths 48911885 (39676.7s) AMD Radeon AI PRO R9700 (RADV GFX1201)
tick 2194000 alive  3456070 genomes  729097 energy   209.4 births 48883170 deaths 48886060 (39694.2s) AMD Radeon AI PRO R9700 (RADV GFX1201)
tick 2195000 alive  3449218 genomes  727409 energy   209.7 births 48624872 deaths 48631724 (39711.6s) AMD Radeon AI PRO R9700 (RADV GFX1201)
tick 2196000 alive  3447437 genomes  728925 energy   209.5 births 48399023 deaths 48400804 (39729.0s) AMD Radeon AI PRO R9700 (RADV GFX1201)
tick 2197000 alive  3451018 genomes  727545 energy   209.2 births 48651323 deaths 48647742 (39746.4s) AMD Radeon AI PRO R9700 (RADV GFX1201)
tick 2198000 alive  3463056 genomes  730880 energy   209.5 births 48859338 deaths 48847300 (39763.8s) AMD Radeon AI PRO R9700 (RADV GFX1201)
tick 2199000 alive  3445248 genomes  729415 energy   209.4 births 48612838 deaths 48630646 (39781.2s) AMD Radeon AI PRO R9700 (RADV GFX1201)
tick 2200000 alive  3449404 genomes  729338 energy   209.2 births 48637856 deaths 48633700 (39798.6s) AMD Radeon AI PRO R9700 (RADV GFX1201)
tick 2201000 alive  3457084 genomes  726074 energy   209.6 births 48796880 deaths 48789200 (39816.1s) AMD Radeon AI PRO R9700 (RADV GFX1201)
tick 2202000 alive  3444258 genomes  730114 energy   209.3 births 48483291 deaths 48496117 (39833.4s) AMD Radeon AI PRO R9700 (RADV GFX1201)
tick 2203000 alive  3442504 genomes  727152 energy   209.3 births 48546630 deaths 48548384 (39850.8s) AMD Radeon AI PRO R9700 (RADV GFX1201)
tick 2204000 alive  3457336 genomes  728723 energy   209.4 births 48913594 deaths 48898762 (39868.2s) AMD Radeon AI PRO R9700 (RADV GFX1201)
tick 2205000 alive  3434898 genomes  725225 energy   209.5 births 48643208 deaths 48665646 (39885.7s) AMD Radeon AI PRO R9700 (RADV GFX1201)
tick 2206000 alive  3449518 genomes  727647 energy   209.2 births 48549778 deaths 48535158 (39903.1s) AMD Radeon AI PRO R9700 (RADV GFX1201)
tick 2207000 alive  3455306 genomes  730878 energy   209.3 births 48967269 deaths 48961481 (39920.5s) AMD Radeon AI PRO R9700 (RADV GFX1201)
tick 2208000 alive  3438146 genomes  733582 energy   209.3 births 48615341 deaths 48632501 (39937.9s) AMD Radeon AI PRO R9700 (RADV GFX1201)
tick 2209000 alive  3439854 genomes  733199 energy   209.4 births 48445792 deaths 48444084 (39955.3s) AMD Radeon AI PRO R9700 (RADV GFX1201)
tick 2210000 alive  3447052 genomes  734315 energy   209.5 births 48625719 deaths 48618521 (39972.0s) AMD Radeon AI PRO R9700 (RADV GFX1201)
tick 2211000 alive  3433272 genomes  732275 energy   209.3 births 48335885 deaths 48349665 (39988.3s) AMD Radeon AI PRO R9700 (RADV GFX1201)
tick 2212000 alive  3451029 genomes  732833 energy   209.0 births 48572943 deaths 48555186 (40004.6s) AMD Radeon AI PRO R9700 (RADV GFX1201)
tick 2213000 alive  3456611 genomes  731231 energy   209.2 births 48858815 deaths 48853233 (40020.8s) AMD Radeon AI PRO R9700 (RADV GFX1201)
tick 2214000 alive  3450009 genomes  730727 energy   209.3 births 48742423 deaths 48749025 (40036.9s) AMD Radeon AI PRO R9700 (RADV GFX1201)
tick 2215000 alive  3447652 genomes  730780 energy   209.1 births 48709830 deaths 48712187 (40053.2s) AMD Radeon AI PRO R9700 (RADV GFX1201)
tick 2216000 alive  3457202 genomes  728834 energy   209.2 births 48827778 deaths 48818228 (40069.5s) AMD Radeon AI PRO R9700 (RADV GFX1201)
tick 2217000 alive  3457574 genomes  727951 energy   209.4 births 48916833 deaths 48916461 (40085.6s) AMD Radeon AI PRO R9700 (RADV GFX1201)
tick 2218000 alive  3460355 genomes  730332 energy   209.2 births 48754777 deaths 48751996 (40101.8s) AMD Radeon AI PRO R9700 (RADV GFX1201)
tick 2219000 alive  3451178 genomes  728550 energy   209.4 births 48737082 deaths 48746259 (40118.1s) AMD Radeon AI PRO R9700 (RADV GFX1201)
tick 2220000 alive  3454604 genomes  730488 energy   209.3 births 48800825 deaths 48797399 (40134.5s) AMD Radeon AI PRO R9700 (RADV GFX1201)
tick 2221000 alive  3459744 genomes  729949 energy   209.4 births 48865105 deaths 48859965 (40150.8s) AMD Radeon AI PRO R9700 (RADV GFX1201)
tick 2222000 alive  3443046 genomes  731649 energy   209.5 births 48599410 deaths 48616108 (40167.0s) AMD Radeon AI PRO R9700 (RADV GFX1201)
tick 2223000 alive  3453564 genomes  727853 energy   209.3 births 48599916 deaths 48589398 (40183.3s) AMD Radeon AI PRO R9700 (RADV GFX1201)
tick 2224000 alive  3460688 genomes  731177 energy   209.5 births 48984651 deaths 48977527 (40199.5s) AMD Radeon AI PRO R9700 (RADV GFX1201)
tick 2225000 alive  3463165 genomes  727987 energy   209.2 births 48887104 deaths 48884627 (40215.7s) AMD Radeon AI PRO R9700 (RADV GFX1201)
tick 2226000 alive  3461391 genomes  728245 energy   209.3 births 48871934 deaths 48873708 (40232.0s) AMD Radeon AI PRO R9700 (RADV GFX1201)
tick 2227000 alive  3454020 genomes  726262 energy   209.3 births 48899782 deaths 48907153 (40248.2s) AMD Radeon AI PRO R9700 (RADV GFX1201)
tick 2228000 alive  3473251 genomes  725969 energy   208.9 births 49063689 deaths 49044458 (40264.4s) AMD Radeon AI PRO R9700 (RADV GFX1201)
tick 2229000 alive  3464386 genomes  724220 energy   209.5 births 49063955 deaths 49072820 (40280.5s) AMD Radeon AI PRO R9700 (RADV GFX1201)
tick 2230000 alive  3465972 genomes  725570 energy   209.4 births 48898561 deaths 48896975 (40296.7s) AMD Radeon AI PRO R9700 (RADV GFX1201)
tick 2231000 alive  3451527 genomes  725169 energy   209.5 births 48738442 deaths 48752887 (40312.9s) AMD Radeon AI PRO R9700 (RADV GFX1201)
tick 2232000 alive  3463584 genomes  726774 energy   209.4 births 48817122 deaths 48805065 (40329.1s) AMD Radeon AI PRO R9700 (RADV GFX1201)
tick 2233000 alive  3442025 genomes  726282 energy   209.4 births 48590844 deaths 48612403 (40345.4s) AMD Radeon AI PRO R9700 (RADV GFX1201)
tick 2234000 alive  3451451 genomes  723773 energy   209.0 births 48660762 deaths 48651336 (40361.6s) AMD Radeon AI PRO R9700 (RADV GFX1201)
tick 2235000 alive  3462113 genomes  724137 energy   209.2 births 49003888 deaths 48993226 (40377.8s) AMD Radeon AI PRO R9700 (RADV GFX1201)
tick 2236000 alive  3457015 genomes  721909 energy   209.5 births 48927272 deaths 48932370 (40394.0s) AMD Radeon AI PRO R9700 (RADV GFX1201)
tick 2237000 alive  3457442 genomes  721316 energy   209.3 births 48853991 deaths 48853564 (40410.1s) AMD Radeon AI PRO R9700 (RADV GFX1201)
tick 2238000 alive  3459902 genomes  721031 energy   209.4 births 48908703 deaths 48906243 (40426.3s) AMD Radeon AI PRO R9700 (RADV GFX1201)
tick 2239000 alive  3464387 genomes  719212 energy   209.4 births 48918892 deaths 48914407 (40442.5s) AMD Radeon AI PRO R9700 (RADV GFX1201)
tick 2240000 alive  3459395 genomes  719201 energy   209.3 births 48866035 deaths 48871027 (40458.7s) AMD Radeon AI PRO R9700 (RADV GFX1201)
tick 2241000 alive  3469928 genomes  720167 energy   209.2 births 49178470 deaths 49167937 (40475.0s) AMD Radeon AI PRO R9700 (RADV GFX1201)
tick 2242000 alive  3465611 genomes  719492 energy   209.1 births 49067279 deaths 49071596 (40491.1s) AMD Radeon AI PRO R9700 (RADV GFX1201)
tick 2243000 alive  3467606 genomes  716926 energy   209.4 births 49170900 deaths 49168905 (40507.3s) AMD Radeon AI PRO R9700 (RADV GFX1201)
tick 2244000 alive  3470711 genomes  719191 energy   209.1 births 49230088 deaths 49226983 (40523.5s) AMD Radeon AI PRO R9700 (RADV GFX1201)
tick 2245000 alive  3464036 genomes  719255 energy   209.1 births 49311560 deaths 49318235 (40539.7s) AMD Radeon AI PRO R9700 (RADV GFX1201)
tick 2246000 alive  3470520 genomes  720249 energy   209.1 births 49289129 deaths 49282645 (40555.9s) AMD Radeon AI PRO R9700 (RADV GFX1201)
tick 2247000 alive  3459230 genomes  717260 energy   209.4 births 48955769 deaths 48967059 (40572.1s) AMD Radeon AI PRO R9700 (RADV GFX1201)
tick 2248000 alive  3464703 genomes  721907 energy   209.4 births 48997529 deaths 48992056 (40588.3s) AMD Radeon AI PRO R9700 (RADV GFX1201)
tick 2249000 alive  3459493 genomes  723321 energy   209.4 births 48906857 deaths 48912067 (40604.5s) AMD Radeon AI PRO R9700 (RADV GFX1201)
tick 2250000 alive  3454823 genomes  721868 energy   209.5 births 48698662 deaths 48703332 (40620.8s) AMD Radeon AI PRO R9700 (RADV GFX1201)
tick 2251000 alive  3463566 genomes  722767 energy   209.3 births 48875286 deaths 48866543 (40637.0s) AMD Radeon AI PRO R9700 (RADV GFX1201)
tick 2252000 alive  3470875 genomes  722145 energy   209.4 births 48998835 deaths 48991526 (40653.3s) AMD Radeon AI PRO R9700 (RADV GFX1201)
tick 2253000 alive  3456965 genomes  720178 energy   209.7 births 48707817 deaths 48721727 (40669.6s) AMD Radeon AI PRO R9700 (RADV GFX1201)
tick 2254000 alive  3457249 genomes  723321 energy   209.3 births 48751681 deaths 48751397 (40685.7s) AMD Radeon AI PRO R9700 (RADV GFX1201)
tick 2255000 alive  3461303 genomes  722929 energy   209.1 births 48840909 deaths 48836855 (40701.9s) AMD Radeon AI PRO R9700 (RADV GFX1201)
tick 2256000 alive  3467021 genomes  720675 energy   209.5 births 49062880 deaths 49057162 (40718.2s) AMD Radeon AI PRO R9700 (RADV GFX1201)
tick 2257000 alive  3467885 genomes  719554 energy   209.3 births 49019821 deaths 49018957 (40734.5s) AMD Radeon AI PRO R9700 (RADV GFX1201)
tick 2258000 alive  3467381 genomes  718099 energy   209.3 births 49045595 deaths 49046099 (40750.7s) AMD Radeon AI PRO R9700 (RADV GFX1201)
tick 2259000 alive  3472872 genomes  717123 energy   209.3 births 49168457 deaths 49162966 (40766.9s) AMD Radeon AI PRO R9700 (RADV GFX1201)
tick 2260000 alive  3468095 genomes  719028 energy   209.3 births 49082175 deaths 49086952 (40783.2s) AMD Radeon AI PRO R9700 (RADV GFX1201)
tick 2261000 alive  3466906 genomes  718473 energy   209.3 births 49140892 deaths 49142081 (40799.4s) AMD Radeon AI PRO R9700 (RADV GFX1201)
tick 2262000 alive  3468886 genomes  718098 energy   209.3 births 49179660 deaths 49177680 (40815.7s) AMD Radeon AI PRO R9700 (RADV GFX1201)
tick 2263000 alive  3468786 genomes  718461 energy   209.2 births 48985358 deaths 48985458 (40831.9s) AMD Radeon AI PRO R9700 (RADV GFX1201)
tick 2264000 alive  3456880 genomes  717948 energy   209.7 births 48860905 deaths 48872811 (40848.1s) AMD Radeon AI PRO R9700 (RADV GFX1201)
tick 2265000 alive  3459503 genomes  719380 energy   209.6 births 48587595 deaths 48584972 (40864.5s) AMD Radeon AI PRO R9700 (RADV GFX1201)
tick 2266000 alive  3450729 genomes  720905 energy   209.5 births 48593178 deaths 48601952 (40880.8s) AMD Radeon AI PRO R9700 (RADV GFX1201)
tick 2267000 alive  3463141 genomes  720802 energy   209.6 births 48615246 deaths 48602834 (40896.9s) AMD Radeon AI PRO R9700 (RADV GFX1201)
tick 2268000 alive  3456211 genomes  724604 energy   209.6 births 48605000 deaths 48611930 (40913.2s) AMD Radeon AI PRO R9700 (RADV GFX1201)
tick 2269000 alive  3443217 genomes  726401 energy   209.6 births 48501793 deaths 48514787 (40929.3s) AMD Radeon AI PRO R9700 (RADV GFX1201)
tick 2270000 alive  3444216 genomes  728438 energy   209.4 births 48317387 deaths 48316388 (40945.6s) AMD Radeon AI PRO R9700 (RADV GFX1201)
tick 2271000 alive  3456026 genomes  728954 energy   209.4 births 48646599 deaths 48634789 (40961.7s) AMD Radeon AI PRO R9700 (RADV GFX1201)
tick 2272000 alive  3447280 genomes  728459 energy   209.4 births 48464039 deaths 48472785 (40977.9s) AMD Radeon AI PRO R9700 (RADV GFX1201)
tick 2273000 alive  3445155 genomes  729392 energy   209.5 births 48412183 deaths 48414308 (40994.1s) AMD Radeon AI PRO R9700 (RADV GFX1201)
tick 2274000 alive  3447865 genomes  726536 energy   209.5 births 48359019 deaths 48356309 (41010.3s) AMD Radeon AI PRO R9700 (RADV GFX1201)
tick 2275000 alive  3442641 genomes  728309 energy   209.6 births 48334537 deaths 48339761 (41026.4s) AMD Radeon AI PRO R9700 (RADV GFX1201)
tick 2276000 alive  3442315 genomes  727150 energy   209.4 births 48284916 deaths 48285242 (41042.6s) AMD Radeon AI PRO R9700 (RADV GFX1201)
tick 2277000 alive  3457933 genomes  726952 energy   209.2 births 48728520 deaths 48712902 (41058.7s) AMD Radeon AI PRO R9700 (RADV GFX1201)
tick 2278000 alive  3455562 genomes  725411 energy   209.7 births 48695587 deaths 48697958 (41074.8s) AMD Radeon AI PRO R9700 (RADV GFX1201)
tick 2279000 alive  3445720 genomes  727866 energy   209.6 births 48395693 deaths 48405535 (41091.1s) AMD Radeon AI PRO R9700 (RADV GFX1201)
tick 2280000 alive  3445563 genomes  729151 energy   209.3 births 48484656 deaths 48484813 (41107.5s) AMD Radeon AI PRO R9700 (RADV GFX1201)
tick 2281000 alive  3459068 genomes  726299 energy   209.4 births 48791368 deaths 48777863 (41123.7s) AMD Radeon AI PRO R9700 (RADV GFX1201)
tick 2282000 alive  3448336 genomes  729938 energy   209.7 births 48528889 deaths 48539621 (41140.0s) AMD Radeon AI PRO R9700 (RADV GFX1201)
tick 2283000 alive  3441695 genomes  733678 energy   209.6 births 48298565 deaths 48305206 (41156.2s) AMD Radeon AI PRO R9700 (RADV GFX1201)
tick 2284000 alive  3437400 genomes  733054 energy   209.7 births 48123853 deaths 48128148 (41172.5s) AMD Radeon AI PRO R9700 (RADV GFX1201)
tick 2285000 alive  3438433 genomes  735460 energy   209.7 births 48178076 deaths 48177043 (41188.7s) AMD Radeon AI PRO R9700 (RADV GFX1201)
tick 2286000 alive  3443567 genomes  734903 energy   209.7 births 48187096 deaths 48181962 (41204.9s) AMD Radeon AI PRO R9700 (RADV GFX1201)
tick 2287000 alive  3433868 genomes  732389 energy   209.7 births 48224219 deaths 48233918 (41221.1s) AMD Radeon AI PRO R9700 (RADV GFX1201)
tick 2288000 alive  3439430 genomes  732123 energy   209.6 births 48091550 deaths 48085988 (41237.4s) AMD Radeon AI PRO R9700 (RADV GFX1201)
tick 2289000 alive  3455347 genomes  729054 energy   209.3 births 48618562 deaths 48602645 (41253.6s) AMD Radeon AI PRO R9700 (RADV GFX1201)
tick 2290000 alive  3454266 genomes  725335 energy   209.4 births 48611170 deaths 48612251 (41269.8s) AMD Radeon AI PRO R9700 (RADV GFX1201)
tick 2291000 alive  3452409 genomes  725945 energy   209.6 births 48577884 deaths 48579741 (41285.9s) AMD Radeon AI PRO R9700 (RADV GFX1201)
tick 2292000 alive  3454536 genomes  723492 energy   209.4 births 48545427 deaths 48543300 (41302.1s) AMD Radeon AI PRO R9700 (RADV GFX1201)
tick 2293000 alive  3452872 genomes  722821 energy   209.5 births 48698001 deaths 48699665 (41318.3s) AMD Radeon AI PRO R9700 (RADV GFX1201)
tick 2294000 alive  3454364 genomes  724849 energy   209.2 births 48817596 deaths 48816104 (41334.5s) AMD Radeon AI PRO R9700 (RADV GFX1201)
tick 2295000 alive  3463110 genomes  722303 energy   209.1 births 49112694 deaths 49103948 (41350.7s) AMD Radeon AI PRO R9700 (RADV GFX1201)
tick 2296000 alive  3459768 genomes  723026 energy   209.3 births 49103692 deaths 49107034 (41366.8s) AMD Radeon AI PRO R9700 (RADV GFX1201)
tick 2297000 alive  3462601 genomes  722922 energy   209.1 births 49162202 deaths 49159369 (41383.0s) AMD Radeon AI PRO R9700 (RADV GFX1201)
tick 2298000 alive  3461844 genomes  720260 energy   209.2 births 49035698 deaths 49036455 (41399.3s) AMD Radeon AI PRO R9700 (RADV GFX1201)
tick 2299000 alive  3464908 genomes  720548 energy   209.3 births 49152828 deaths 49149764 (41415.5s) AMD Radeon AI PRO R9700 (RADV GFX1201)
tick 2300000 alive  3470772 genomes  721838 energy   209.1 births 49300080 deaths 49294216 (41431.7s) AMD Radeon AI PRO R9700 (RADV GFX1201)
tick 2301000 alive  3462985 genomes  723147 energy   209.3 births 49247751 deaths 49255538 (41447.8s) AMD Radeon AI PRO R9700 (RADV GFX1201)
tick 2302000 alive  3456832 genomes  723893 energy   209.3 births 48965990 deaths 48972143 (41463.9s) AMD Radeon AI PRO R9700 (RADV GFX1201)
tick 2303000 alive  3465608 genomes  722338 energy   209.2 births 48985169 deaths 48976393 (41480.1s) AMD Radeon AI PRO R9700 (RADV GFX1201)
tick 2304000 alive  3463221 genomes  724635 energy   209.3 births 49079785 deaths 49082172 (41496.4s) AMD Radeon AI PRO R9700 (RADV GFX1201)
tick 2305000 alive  3459546 genomes  725803 energy   209.1 births 48943786 deaths 48947461 (41512.7s) AMD Radeon AI PRO R9700 (RADV GFX1201)
tick 2306000 alive  3454462 genomes  725424 energy   209.3 births 48843212 deaths 48848296 (41528.8s) AMD Radeon AI PRO R9700 (RADV GFX1201)
tick 2307000 alive  3460701 genomes  726631 energy   209.4 births 48604238 deaths 48597999 (41544.9s) AMD Radeon AI PRO R9700 (RADV GFX1201)
tick 2308000 alive  3463321 genomes  723562 energy   209.3 births 48785368 deaths 48782748 (41561.2s) AMD Radeon AI PRO R9700 (RADV GFX1201)
tick 2309000 alive  3457806 genomes  724911 energy   209.4 births 48721855 deaths 48727370 (41577.4s) AMD Radeon AI PRO R9700 (RADV GFX1201)
tick 2310000 alive  3448836 genomes  726542 energy   209.4 births 48681803 deaths 48690773 (41593.7s) AMD Radeon AI PRO R9700 (RADV GFX1201)
tick 2311000 alive  3460759 genomes  728573 energy   209.6 births 48734029 deaths 48722106 (41609.9s) AMD Radeon AI PRO R9700 (RADV GFX1201)
tick 2312000 alive  3446425 genomes  728226 energy   209.2 births 48542814 deaths 48557148 (41626.1s) AMD Radeon AI PRO R9700 (RADV GFX1201)
tick 2313000 alive  3449708 genomes  729723 energy   209.5 births 48644136 deaths 48640853 (41642.2s) AMD Radeon AI PRO R9700 (RADV GFX1201)
tick 2314000 alive  3453283 genomes  730247 energy   209.5 births 48581760 deaths 48578185 (41658.4s) AMD Radeon AI PRO R9700 (RADV GFX1201)
tick 2315000 alive  3440185 genomes  732231 energy   209.7 births 48217440 deaths 48230538 (41674.6s) AMD Radeon AI PRO R9700 (RADV GFX1201)
tick 2316000 alive  3430567 genomes  734986 energy   209.4 births 48168538 deaths 48178156 (41690.7s) AMD Radeon AI PRO R9700 (RADV GFX1201)
tick 2317000 alive  3439534 genomes  733657 energy   209.6 births 48273358 deaths 48264391 (41706.9s) AMD Radeon AI PRO R9700 (RADV GFX1201)
tick 2318000 alive  3439446 genomes  732987 energy   209.4 births 48432927 deaths 48433015 (41723.0s) AMD Radeon AI PRO R9700 (RADV GFX1201)
tick 2319000 alive  3444998 genomes  729088 energy   209.5 births 48359356 deaths 48353804 (41739.3s) AMD Radeon AI PRO R9700 (RADV GFX1201)
tick 2320000 alive  3445970 genomes  728136 energy   209.6 births 48381458 deaths 48380486 (41755.5s) AMD Radeon AI PRO R9700 (RADV GFX1201)
tick 2321000 alive  3449804 genomes  730116 energy   209.6 births 48428623 deaths 48424789 (41771.7s) AMD Radeon AI PRO R9700 (RADV GFX1201)
tick 2322000 alive  3433196 genomes  728529 energy   209.5 births 48267337 deaths 48283945 (41787.9s) AMD Radeon AI PRO R9700 (RADV GFX1201)
tick 2323000 alive  3447391 genomes  725436 energy   209.1 births 48495789 deaths 48481594 (41804.1s) AMD Radeon AI PRO R9700 (RADV GFX1201)
tick 2324000 alive  3457782 genomes  726050 energy   209.6 births 48648287 deaths 48637896 (41820.3s) AMD Radeon AI PRO R9700 (RADV GFX1201)
tick 2325000 alive  3445574 genomes  726498 energy   209.5 births 48474216 deaths 48486424 (41836.7s) AMD Radeon AI PRO R9700 (RADV GFX1201)
tick 2326000 alive  3444626 genomes  726502 energy   209.5 births 48395989 deaths 48396937 (41853.0s) AMD Radeon AI PRO R9700 (RADV GFX1201)
tick 2327000 alive  3457395 genomes  723527 energy   209.3 births 48551405 deaths 48538636 (41869.2s) AMD Radeon AI PRO R9700 (RADV GFX1201)
tick 2328000 alive  3458550 genomes  722355 energy   209.6 births 48795239 deaths 48794084 (41885.4s) AMD Radeon AI PRO R9700 (RADV GFX1201)
tick 2329000 alive  3460693 genomes  723018 energy   209.4 births 48611108 deaths 48608965 (41901.5s) AMD Radeon AI PRO R9700 (RADV GFX1201)
tick 2330000 alive  3455779 genomes  723293 energy   209.6 births 48867140 deaths 48872054 (41917.7s) AMD Radeon AI PRO R9700 (RADV GFX1201)
tick 2331000 alive  3446493 genomes  725504 energy   209.6 births 48499709 deaths 48508995 (41933.9s) AMD Radeon AI PRO R9700 (RADV GFX1201)
tick 2332000 alive  3451596 genomes  724017 energy   209.5 births 48485419 deaths 48480316 (41950.2s) AMD Radeon AI PRO R9700 (RADV GFX1201)
tick 2333000 alive  3465280 genomes  723482 energy   209.5 births 48891319 deaths 48877635 (41966.6s) AMD Radeon AI PRO R9700 (RADV GFX1201)
tick 2334000 alive  3452222 genomes  723651 energy   209.5 births 48663901 deaths 48676959 (41982.9s) AMD Radeon AI PRO R9700 (RADV GFX1201)
tick 2335000 alive  3452143 genomes  722929 energy   209.4 births 48671501 deaths 48671580 (41999.1s) AMD Radeon AI PRO R9700 (RADV GFX1201)
tick 2336000 alive  3453513 genomes  723726 energy   209.4 births 48764625 deaths 48763255 (42015.4s) AMD Radeon AI PRO R9700 (RADV GFX1201)
tick 2337000 alive  3444191 genomes  727237 energy   209.6 births 48488361 deaths 48497683 (42031.7s) AMD Radeon AI PRO R9700 (RADV GFX1201)
tick 2338000 alive  3446443 genomes  731411 energy   209.6 births 48414817 deaths 48412565 (42047.8s) AMD Radeon AI PRO R9700 (RADV GFX1201)
tick 2339000 alive  3444594 genomes  730724 energy   209.5 births 48387297 deaths 48389146 (42064.1s) AMD Radeon AI PRO R9700 (RADV GFX1201)
tick 2340000 alive  3437279 genomes  731664 energy   209.5 births 48376657 deaths 48383972 (42080.3s) AMD Radeon AI PRO R9700 (RADV GFX1201)
tick 2341000 alive  3433349 genomes  731232 energy   209.6 births 48243502 deaths 48247432 (42096.5s) AMD Radeon AI PRO R9700 (RADV GFX1201)
tick 2342000 alive  3439924 genomes  729423 energy   209.5 births 48202102 deaths 48195527 (42112.8s) AMD Radeon AI PRO R9700 (RADV GFX1201)
tick 2343000 alive  3445658 genomes  728595 energy   209.4 births 48491576 deaths 48485842 (42129.0s) AMD Radeon AI PRO R9700 (RADV GFX1201)
tick 2344000 alive  3442966 genomes  725270 energy   209.2 births 48605874 deaths 48608566 (42145.2s) AMD Radeon AI PRO R9700 (RADV GFX1201)
tick 2345000 alive  3456469 genomes  724617 energy   208.9 births 49002337 deaths 48988834 (42161.4s) AMD Radeon AI PRO R9700 (RADV GFX1201)
tick 2346000 alive  3464767 genomes  722062 energy   209.1 births 49116259 deaths 49107961 (42177.5s) AMD Radeon AI PRO R9700 (RADV GFX1201)
tick 2347000 alive  3467550 genomes  721699 energy   209.3 births 49122442 deaths 49119659 (42193.7s) AMD Radeon AI PRO R9700 (RADV GFX1201)
tick 2348000 alive  3451315 genomes  722267 energy   209.3 births 48788468 deaths 48804703 (42209.9s) AMD Radeon AI PRO R9700 (RADV GFX1201)
tick 2349000 alive  3459787 genomes  723300 energy   209.4 births 48868792 deaths 48860320 (42226.1s) AMD Radeon AI PRO R9700 (RADV GFX1201)
tick 2350000 alive  3458827 genomes  724088 energy   209.1 births 48857719 deaths 48858679 (42242.4s) AMD Radeon AI PRO R9700 (RADV GFX1201)
tick 2351000 alive  3457965 genomes  723481 energy   209.5 births 48890951 deaths 48891813 (42258.7s) AMD Radeon AI PRO R9700 (RADV GFX1201)
tick 2352000 alive  3467542 genomes  722215 energy   209.3 births 49182955 deaths 49173378 (42275.0s) AMD Radeon AI PRO R9700 (RADV GFX1201)
tick 2353000 alive  3464160 genomes  726552 energy   209.1 births 48993350 deaths 48996732 (42291.1s) AMD Radeon AI PRO R9700 (RADV GFX1201)
tick 2354000 alive  3456080 genomes  728501 energy   209.3 births 48865447 deaths 48873527 (42307.3s) AMD Radeon AI PRO R9700 (RADV GFX1201)
tick 2355000 alive  3450679 genomes  728791 energy   209.2 births 48744702 deaths 48750103 (42323.6s) AMD Radeon AI PRO R9700 (RADV GFX1201)
tick 2356000 alive  3440998 genomes  730754 energy   209.4 births 48495463 deaths 48505144 (42339.8s) AMD Radeon AI PRO R9700 (RADV GFX1201)
tick 2357000 alive  3445083 genomes  732107 energy   209.7 births 48439994 deaths 48435909 (42356.0s) AMD Radeon AI PRO R9700 (RADV GFX1201)
tick 2358000 alive  3433496 genomes  730898 energy   209.5 births 48318724 deaths 48330311 (42372.1s) AMD Radeon AI PRO R9700 (RADV GFX1201)
tick 2359000 alive  3440298 genomes  730805 energy   209.3 births 48393631 deaths 48386829 (42388.2s) AMD Radeon AI PRO R9700 (RADV GFX1201)
tick 2360000 alive  3454756 genomes  731895 energy   209.2 births 48769562 deaths 48755104 (42404.4s) AMD Radeon AI PRO R9700 (RADV GFX1201)
tick 2361000 alive  3443392 genomes  730583 energy   209.3 births 48772786 deaths 48784150 (42420.5s) AMD Radeon AI PRO R9700 (RADV GFX1201)
tick 2362000 alive  3451082 genomes  729511 energy   209.0 births 48851675 deaths 48843985 (42436.7s) AMD Radeon AI PRO R9700 (RADV GFX1201)
tick 2363000 alive  3460439 genomes  729347 energy   209.2 births 48948035 deaths 48938678 (42452.9s) AMD Radeon AI PRO R9700 (RADV GFX1201)
tick 2364000 alive  3459204 genomes  730063 energy   209.2 births 49075663 deaths 49076898 (42469.2s) AMD Radeon AI PRO R9700 (RADV GFX1201)
tick 2365000 alive  3450322 genomes  728899 energy   209.1 births 48874529 deaths 48883411 (42485.4s) AMD Radeon AI PRO R9700 (RADV GFX1201)
tick 2366000 alive  3452002 genomes  728609 energy   209.1 births 48948128 deaths 48946448 (42501.7s) AMD Radeon AI PRO R9700 (RADV GFX1201)
tick 2367000 alive  3457505 genomes  724584 energy   208.9 births 48989664 deaths 48984161 (42518.1s) AMD Radeon AI PRO R9700 (RADV GFX1201)
tick 2368000 alive  3459651 genomes  725357 energy   209.3 births 49163653 deaths 49161507 (42534.4s) AMD Radeon AI PRO R9700 (RADV GFX1201)
tick 2369000 alive  3445502 genomes  727815 energy   209.1 births 48742788 deaths 48756937 (42550.6s) AMD Radeon AI PRO R9700 (RADV GFX1201)
tick 2370000 alive  3459665 genomes  728880 energy   209.3 births 48917000 deaths 48902837 (42566.8s) AMD Radeon AI PRO R9700 (RADV GFX1201)
tick 2371000 alive  3456172 genomes  729101 energy   209.2 births 48874662 deaths 48878155 (42583.1s) AMD Radeon AI PRO R9700 (RADV GFX1201)
tick 2372000 alive  3445438 genomes  730172 energy   209.2 births 48638619 deaths 48649353 (42599.3s) AMD Radeon AI PRO R9700 (RADV GFX1201)
tick 2373000 alive  3455364 genomes  729450 energy   209.2 births 48875735 deaths 48865809 (42615.6s) AMD Radeon AI PRO R9700 (RADV GFX1201)
tick 2374000 alive  3440691 genomes  726915 energy   209.5 births 48666490 deaths 48681163 (42631.9s) AMD Radeon AI PRO R9700 (RADV GFX1201)
tick 2375000 alive  3459267 genomes  730025 energy   209.4 births 48765179 deaths 48746603 (42648.1s) AMD Radeon AI PRO R9700 (RADV GFX1201)
tick 2376000 alive  3445941 genomes  730118 energy   209.5 births 48559917 deaths 48573243 (42664.2s) AMD Radeon AI PRO R9700 (RADV GFX1201)
tick 2377000 alive  3439360 genomes  729500 energy   209.5 births 48359324 deaths 48365905 (42680.4s) AMD Radeon AI PRO R9700 (RADV GFX1201)
tick 2378000 alive  3444839 genomes  729947 energy   209.5 births 48366368 deaths 48360889 (42696.5s) AMD Radeon AI PRO R9700 (RADV GFX1201)
tick 2379000 alive  3442582 genomes  733593 energy   209.4 births 48343362 deaths 48345619 (42712.8s) AMD Radeon AI PRO R9700 (RADV GFX1201)
tick 2380000 alive  3442317 genomes  734927 energy   209.3 births 48463014 deaths 48463279 (42729.0s) AMD Radeon AI PRO R9700 (RADV GFX1201)
tick 2381000 alive  3451350 genomes  733354 energy   209.3 births 48652100 deaths 48643067 (42745.2s) AMD Radeon AI PRO R9700 (RADV GFX1201)
tick 2382000 alive  3447621 genomes  730709 energy   209.2 births 48728593 deaths 48732322 (42761.4s) AMD Radeon AI PRO R9700 (RADV GFX1201)
tick 2383000 alive  3449614 genomes  728544 energy   209.6 births 48603216 deaths 48601223 (42777.6s) AMD Radeon AI PRO R9700 (RADV GFX1201)
tick 2384000 alive  3450437 genomes  730073 energy   209.3 births 48622506 deaths 48621683 (42793.8s) AMD Radeon AI PRO R9700 (RADV GFX1201)
tick 2385000 alive  3450218 genomes  728010 energy   209.2 births 48738002 deaths 48738221 (42810.1s) AMD Radeon AI PRO R9700 (RADV GFX1201)
tick 2386000 alive  3445624 genomes  728427 energy   209.2 births 48689542 deaths 48694136 (42826.3s) AMD Radeon AI PRO R9700 (RADV GFX1201)
tick 2387000 alive  3456137 genomes  723248 energy   209.6 births 48637333 deaths 48626820 (42842.5s) AMD Radeon AI PRO R9700 (RADV GFX1201)
tick 2388000 alive  3457585 genomes  724514 energy   209.4 births 48679389 deaths 48677941 (42858.7s) AMD Radeon AI PRO R9700 (RADV GFX1201)
tick 2389000 alive  3456487 genomes  725853 energy   209.4 births 48696707 deaths 48697805 (42875.0s) AMD Radeon AI PRO R9700 (RADV GFX1201)
tick 2390000 alive  3456994 genomes  721384 energy   209.2 births 48968507 deaths 48968000 (42891.2s) AMD Radeon AI PRO R9700 (RADV GFX1201)
tick 2391000 alive  3478217 genomes  718525 energy   209.1 births 49242230 deaths 49221007 (42907.3s) AMD Radeon AI PRO R9700 (RADV GFX1201)
tick 2392000 alive  3486300 genomes  716898 energy   209.0 births 49551926 deaths 49543843 (42923.5s) AMD Radeon AI PRO R9700 (RADV GFX1201)
tick 2393000 alive  3480603 genomes  711071 energy   208.9 births 49744282 deaths 49749979 (42939.6s) AMD Radeon AI PRO R9700 (RADV GFX1201)
tick 2394000 alive  3495105 genomes  707713 energy   209.0 births 49717455 deaths 49702953 (42955.7s) AMD Radeon AI PRO R9700 (RADV GFX1201)
tick 2395000 alive  3488431 genomes  707632 energy   209.2 births 49668567 deaths 49675241 (42971.9s) AMD Radeon AI PRO R9700 (RADV GFX1201)
tick 2396000 alive  3478875 genomes  709308 energy   209.1 births 49454783 deaths 49464339 (42988.3s) AMD Radeon AI PRO R9700 (RADV GFX1201)
tick 2397000 alive  3492451 genomes  708793 energy   209.1 births 49524611 deaths 49511035 (43004.6s) AMD Radeon AI PRO R9700 (RADV GFX1201)
tick 2398000 alive  3486588 genomes  706630 energy   209.3 births 49568842 deaths 49574705 (43020.8s) AMD Radeon AI PRO R9700 (RADV GFX1201)
tick 2399000 alive  3471764 genomes  708572 energy   209.3 births 49289375 deaths 49304199 (43036.9s) AMD Radeon AI PRO R9700 (RADV GFX1201)
tick 2400000 alive  3483230 genomes  710409 energy   209.2 births 49421381 deaths 49409915 (43053.2s) AMD Radeon AI PRO R9700 (RADV GFX1201)
tick 2401000 alive  3474600 genomes  709835 energy   209.0 births 49508743 deaths 49517373 (43069.4s) AMD Radeon AI PRO R9700 (RADV GFX1201)
tick 2402000 alive  3474644 genomes  710173 energy   209.1 births 49445192 deaths 49445148 (43085.7s) AMD Radeon AI PRO R9700 (RADV GFX1201)
tick 2403000 alive  3472080 genomes  711496 energy   209.1 births 49434794 deaths 49437358 (43101.8s) AMD Radeon AI PRO R9700 (RADV GFX1201)
tick 2404000 alive  3468550 genomes  711825 energy   209.2 births 49299670 deaths 49303200 (43118.0s) AMD Radeon AI PRO R9700 (RADV GFX1201)
tick 2405000 alive  3462083 genomes  714222 energy   209.2 births 49333808 deaths 49340275 (43134.1s) AMD Radeon AI PRO R9700 (RADV GFX1201)
tick 2406000 alive  3471329 genomes  717175 energy   209.1 births 49306703 deaths 49297457 (43150.5s) AMD Radeon AI PRO R9700 (RADV GFX1201)
tick 2407000 alive  3454829 genomes  717043 energy   209.3 births 49086618 deaths 49103118 (43166.7s) AMD Radeon AI PRO R9700 (RADV GFX1201)
tick 2408000 alive  3457840 genomes  717744 energy   209.4 births 48938539 deaths 48935528 (43182.9s) AMD Radeon AI PRO R9700 (RADV GFX1201)
tick 2409000 alive  3456016 genomes  720935 energy   209.1 births 48926654 deaths 48928478 (43199.1s) AMD Radeon AI PRO R9700 (RADV GFX1201)
tick 2410000 alive  3458522 genomes  721128 energy   209.2 births 49167795 deaths 49165289 (43215.2s) AMD Radeon AI PRO R9700 (RADV GFX1201)
tick 2411000 alive  3465029 genomes  723249 energy   209.0 births 49055727 deaths 49049220 (43231.5s) AMD Radeon AI PRO R9700 (RADV GFX1201)
tick 2412000 alive  3461290 genomes  720721 energy   209.3 births 49107416 deaths 49111155 (43247.7s) AMD Radeon AI PRO R9700 (RADV GFX1201)
tick 2413000 alive  3466421 genomes  723804 energy   209.1 births 49174812 deaths 49169681 (43264.2s) AMD Radeon AI PRO R9700 (RADV GFX1201)
tick 2414000 alive  3463347 genomes  721031 energy   209.1 births 49327610 deaths 49330684 (43280.4s) AMD Radeon AI PRO R9700 (RADV GFX1201)
tick 2415000 alive  3462051 genomes  720902 energy   209.1 births 49092779 deaths 49094075 (43296.6s) AMD Radeon AI PRO R9700 (RADV GFX1201)
tick 2416000 alive  3464743 genomes  723701 energy   209.1 births 49131669 deaths 49128977 (43312.8s) AMD Radeon AI PRO R9700 (RADV GFX1201)
tick 2417000 alive  3459491 genomes  722467 energy   209.5 births 49030524 deaths 49035776 (43328.9s) AMD Radeon AI PRO R9700 (RADV GFX1201)
tick 2418000 alive  3462943 genomes  724988 energy   209.0 births 48963300 deaths 48959848 (43345.1s) AMD Radeon AI PRO R9700 (RADV GFX1201)
tick 2419000 alive  3461211 genomes  723156 energy   209.5 births 49086367 deaths 49088099 (43361.2s) AMD Radeon AI PRO R9700 (RADV GFX1201)
tick 2420000 alive  3458271 genomes  721505 energy   209.3 births 48732325 deaths 48735265 (43377.4s) AMD Radeon AI PRO R9700 (RADV GFX1201)
tick 2421000 alive  3458773 genomes  723406 energy   209.7 births 48752852 deaths 48752350 (43393.6s) AMD Radeon AI PRO R9700 (RADV GFX1201)
tick 2422000 alive  3455396 genomes  725972 energy   209.7 births 48553912 deaths 48557289 (43409.7s) AMD Radeon AI PRO R9700 (RADV GFX1201)
tick 2423000 alive  3446690 genomes  726079 energy   209.6 births 48389031 deaths 48397737 (43426.0s) AMD Radeon AI PRO R9700 (RADV GFX1201)
tick 2424000 alive  3454490 genomes  726441 energy   209.6 births 48526339 deaths 48518539 (43442.1s) AMD Radeon AI PRO R9700 (RADV GFX1201)
tick 2425000 alive  3445275 genomes  725999 energy   210.0 births 48449962 deaths 48459177 (43458.3s) AMD Radeon AI PRO R9700 (RADV GFX1201)
tick 2426000 alive  3449295 genomes  727972 energy   209.3 births 48309207 deaths 48305187 (43474.5s) AMD Radeon AI PRO R9700 (RADV GFX1201)
tick 2427000 alive  3455801 genomes  724811 energy   209.5 births 48608930 deaths 48602424 (43490.8s) AMD Radeon AI PRO R9700 (RADV GFX1201)
tick 2428000 alive  3452726 genomes  726599 energy   209.4 births 48505614 deaths 48508689 (43507.0s) AMD Radeon AI PRO R9700 (RADV GFX1201)
tick 2429000 alive  3443333 genomes  729459 energy   209.4 births 48516560 deaths 48525953 (43523.2s) AMD Radeon AI PRO R9700 (RADV GFX1201)
tick 2430000 alive  3438042 genomes  731484 energy   209.2 births 48565040 deaths 48570331 (43539.3s) AMD Radeon AI PRO R9700 (RADV GFX1201)
tick 2431000 alive  3447755 genomes  731847 energy   209.4 births 48570213 deaths 48560500 (43555.5s) AMD Radeon AI PRO R9700 (RADV GFX1201)
tick 2432000 alive  3441534 genomes  733202 energy   209.2 births 48624336 deaths 48630557 (43571.7s) AMD Radeon AI PRO R9700 (RADV GFX1201)
tick 2433000 alive  3444844 genomes  729353 energy   209.2 births 48698684 deaths 48695374 (43588.0s) AMD Radeon AI PRO R9700 (RADV GFX1201)
tick 2434000 alive  3452323 genomes  729488 energy   209.1 births 48770289 deaths 48762810 (43604.1s) AMD Radeon AI PRO R9700 (RADV GFX1201)
tick 2435000 alive  3454367 genomes  728013 energy   209.2 births 48832028 deaths 48829984 (43620.2s) AMD Radeon AI PRO R9700 (RADV GFX1201)
tick 2436000 alive  3452227 genomes  728696 energy   209.1 births 48931597 deaths 48933737 (43636.3s) AMD Radeon AI PRO R9700 (RADV GFX1201)
tick 2437000 alive  3455119 genomes  725824 energy   209.4 births 48946159 deaths 48943267 (43652.4s) AMD Radeon AI PRO R9700 (RADV GFX1201)
tick 2438000 alive  3454503 genomes  726226 energy   209.3 births 48861074 deaths 48861690 (43668.6s) AMD Radeon AI PRO R9700 (RADV GFX1201)
tick 2439000 alive  3448197 genomes  726373 energy   209.6 births 48713603 deaths 48719909 (43684.8s) AMD Radeon AI PRO R9700 (RADV GFX1201)
tick 2440000 alive  3452306 genomes  725008 energy   209.1 births 48688964 deaths 48684855 (43700.9s) AMD Radeon AI PRO R9700 (RADV GFX1201)
tick 2441000 alive  3458752 genomes  726564 energy   209.3 births 48871087 deaths 48864641 (43717.1s) AMD Radeon AI PRO R9700 (RADV GFX1201)
tick 2442000 alive  3455777 genomes  725141 energy   209.5 births 48754897 deaths 48757872 (43733.3s) AMD Radeon AI PRO R9700 (RADV GFX1201)
tick 2443000 alive  3453450 genomes  727499 energy   209.3 births 48732133 deaths 48734460 (43749.6s) AMD Radeon AI PRO R9700 (RADV GFX1201)
tick 2444000 alive  3455444 genomes  724589 energy   209.4 births 48812333 deaths 48810339 (43765.8s) AMD Radeon AI PRO R9700 (RADV GFX1201)
tick 2445000 alive  3446357 genomes  723753 energy   209.3 births 48743585 deaths 48752672 (43781.9s) AMD Radeon AI PRO R9700 (RADV GFX1201)
tick 2446000 alive  3460611 genomes  722729 energy   209.1 births 49002225 deaths 48987971 (43798.2s) AMD Radeon AI PRO R9700 (RADV GFX1201)
tick 2447000 alive  3460122 genomes  718897 energy   209.4 births 49103901 deaths 49104390 (43814.6s) AMD Radeon AI PRO R9700 (RADV GFX1201)
tick 2448000 alive  3460010 genomes  719061 energy   209.1 births 49125555 deaths 49125667 (43830.8s) AMD Radeon AI PRO R9700 (RADV GFX1201)
tick 2449000 alive  3470413 genomes  717486 energy   209.2 births 49241737 deaths 49231334 (43847.1s) AMD Radeon AI PRO R9700 (RADV GFX1201)
tick 2450000 alive  3467240 genomes  719686 energy   209.2 births 49227139 deaths 49230312 (43863.3s) AMD Radeon AI PRO R9700 (RADV GFX1201)
tick 2451000 alive  3469531 genomes  723035 energy   208.9 births 49185262 deaths 49182971 (43879.5s) AMD Radeon AI PRO R9700 (RADV GFX1201)
tick 2452000 alive  3459102 genomes  722944 energy   209.1 births 49189096 deaths 49199525 (43895.7s) AMD Radeon AI PRO R9700 (RADV GFX1201)
tick 2453000 alive  3460105 genomes  725579 energy   209.2 births 49044924 deaths 49043921 (43912.0s) AMD Radeon AI PRO R9700 (RADV GFX1201)
tick 2454000 alive  3460963 genomes  724509 energy   209.4 births 49071652 deaths 49070794 (43928.3s) AMD Radeon AI PRO R9700 (RADV GFX1201)
tick 2455000 alive  3460843 genomes  723762 energy   209.2 births 48859045 deaths 48859165 (43944.5s) AMD Radeon AI PRO R9700 (RADV GFX1201)
tick 2456000 alive  3451584 genomes  723102 energy   209.4 births 48862711 deaths 48871970 (43960.9s) AMD Radeon AI PRO R9700 (RADV GFX1201)
tick 2457000 alive  3451098 genomes  724035 energy   209.2 births 48808945 deaths 48809431 (43977.1s) AMD Radeon AI PRO R9700 (RADV GFX1201)
tick 2458000 alive  3461146 genomes  722988 energy   209.4 births 48769185 deaths 48759137 (43993.3s) AMD Radeon AI PRO R9700 (RADV GFX1201)
tick 2459000 alive  3448493 genomes  725214 energy   209.4 births 48709182 deaths 48721835 (44009.5s) AMD Radeon AI PRO R9700 (RADV GFX1201)
tick 2460000 alive  3449220 genomes  720746 energy   209.2 births 48708200 deaths 48707473 (44025.8s) AMD Radeon AI PRO R9700 (RADV GFX1201)
tick 2461000 alive  3460269 genomes  719441 energy   209.3 births 49041995 deaths 49030946 (44042.0s) AMD Radeon AI PRO R9700 (RADV GFX1201)
tick 2462000 alive  3464310 genomes  719042 energy   209.2 births 49138795 deaths 49134754 (44058.3s) AMD Radeon AI PRO R9700 (RADV GFX1201)
tick 2463000 alive  3458202 genomes  718101 energy   209.2 births 49069089 deaths 49075197 (44074.6s) AMD Radeon AI PRO R9700 (RADV GFX1201)
tick 2464000 alive  3464796 genomes  719589 energy   209.4 births 49055186 deaths 49048592 (44090.9s) AMD Radeon AI PRO R9700 (RADV GFX1201)
tick 2465000 alive  3462556 genomes  721680 energy   208.9 births 48938514 deaths 48940754 (44107.2s) AMD Radeon AI PRO R9700 (RADV GFX1201)
tick 2466000 alive  3450959 genomes  723959 energy   209.3 births 48920617 deaths 48932214 (44123.4s) AMD Radeon AI PRO R9700 (RADV GFX1201)
tick 2467000 alive  3452657 genomes  723491 energy   209.4 births 48708568 deaths 48706870 (44139.6s) AMD Radeon AI PRO R9700 (RADV GFX1201)
tick 2468000 alive  3449851 genomes  722988 energy   209.6 births 48611925 deaths 48614731 (44155.8s) AMD Radeon AI PRO R9700 (RADV GFX1201)
tick 2469000 alive  3446402 genomes  724004 energy   209.4 births 48483800 deaths 48487249 (44172.0s) AMD Radeon AI PRO R9700 (RADV GFX1201)
tick 2470000 alive  3444062 genomes  723359 energy   209.4 births 48416054 deaths 48418394 (44188.4s) AMD Radeon AI PRO R9700 (RADV GFX1201)
tick 2471000 alive  3459299 genomes  724132 energy   209.2 births 48818284 deaths 48803047 (44204.8s) AMD Radeon AI PRO R9700 (RADV GFX1201)
tick 2472000 alive  3451760 genomes  724166 energy   209.3 births 48799108 deaths 48806647 (44221.2s) AMD Radeon AI PRO R9700 (RADV GFX1201)
tick 2473000 alive  3445015 genomes  721425 energy   209.4 births 48630923 deaths 48637668 (44237.4s) AMD Radeon AI PRO R9700 (RADV GFX1201)
tick 2474000 alive  3447830 genomes  726119 energy   209.1 births 48627842 deaths 48625027 (44253.6s) AMD Radeon AI PRO R9700 (RADV GFX1201)
tick 2475000 alive  3449830 genomes  725615 energy   209.4 births 48847961 deaths 48845961 (44269.7s) AMD Radeon AI PRO R9700 (RADV GFX1201)
tick 2476000 alive  3445902 genomes  724755 energy   209.5 births 48621093 deaths 48625021 (44285.9s) AMD Radeon AI PRO R9700 (RADV GFX1201)
tick 2477000 alive  3455381 genomes  726565 energy   209.5 births 48682037 deaths 48672558 (44302.1s) AMD Radeon AI PRO R9700 (RADV GFX1201)
tick 2478000 alive  3445180 genomes  726484 energy   209.4 births 48553576 deaths 48563777 (44318.3s) AMD Radeon AI PRO R9700 (RADV GFX1201)
tick 2479000 alive  3449763 genomes  724947 energy   209.6 births 48590188 deaths 48585605 (44334.5s) AMD Radeon AI PRO R9700 (RADV GFX1201)
tick 2480000 alive  3452893 genomes  725501 energy   209.3 births 48629479 deaths 48626349 (44350.7s) AMD Radeon AI PRO R9700 (RADV GFX1201)
tick 2481000 alive  3459724 genomes  725246 energy   209.2 births 48941086 deaths 48934255 (44366.9s) AMD Radeon AI PRO R9700 (RADV GFX1201)
tick 2482000 alive  3462423 genomes  722879 energy   209.2 births 49084339 deaths 49081640 (44383.2s) AMD Radeon AI PRO R9700 (RADV GFX1201)
tick 2483000 alive  3468029 genomes  724409 energy   208.9 births 49162066 deaths 49156460 (44399.4s) AMD Radeon AI PRO R9700 (RADV GFX1201)
tick 2484000 alive  3464122 genomes  723073 energy   209.2 births 49206266 deaths 49210173 (44415.6s) AMD Radeon AI PRO R9700 (RADV GFX1201)
tick 2485000 alive  3465495 genomes  723585 energy   209.3 births 49255256 deaths 49253883 (44431.8s) AMD Radeon AI PRO R9700 (RADV GFX1201)
tick 2486000 alive  3455629 genomes  724988 energy   209.2 births 48959012 deaths 48968878 (44448.0s) AMD Radeon AI PRO R9700 (RADV GFX1201)
tick 2487000 alive  3453045 genomes  725449 energy   208.9 births 49051622 deaths 49054206 (44464.2s) AMD Radeon AI PRO R9700 (RADV GFX1201)
tick 2488000 alive  3465560 genomes  723595 energy   209.0 births 49409823 deaths 49397308 (44480.6s) AMD Radeon AI PRO R9700 (RADV GFX1201)
tick 2489000 alive  3458687 genomes  722941 energy   209.4 births 49046545 deaths 49053418 (44497.0s) AMD Radeon AI PRO R9700 (RADV GFX1201)
tick 2490000 alive  3455470 genomes  723971 energy   209.4 births 48771154 deaths 48774371 (44513.3s) AMD Radeon AI PRO R9700 (RADV GFX1201)
tick 2491000 alive  3457744 genomes  724868 energy   209.1 births 48871685 deaths 48869411 (44529.5s) AMD Radeon AI PRO R9700 (RADV GFX1201)
tick 2492000 alive  3456996 genomes  722963 energy   208.9 births 49102155 deaths 49102903 (44545.7s) AMD Radeon AI PRO R9700 (RADV GFX1201)
tick 2493000 alive  3463190 genomes  722181 energy   209.0 births 49224600 deaths 49218406 (44561.8s) AMD Radeon AI PRO R9700 (RADV GFX1201)
tick 2494000 alive  3468426 genomes  718886 energy   208.9 births 49258170 deaths 49252934 (44578.1s) AMD Radeon AI PRO R9700 (RADV GFX1201)
tick 2495000 alive  3480764 genomes  722142 energy   209.0 births 49604320 deaths 49591982 (44594.4s) AMD Radeon AI PRO R9700 (RADV GFX1201)
tick 2496000 alive  3472179 genomes  719094 energy   209.1 births 49455819 deaths 49464404 (44610.7s) AMD Radeon AI PRO R9700 (RADV GFX1201)
tick 2497000 alive  3463558 genomes  719057 energy   209.2 births 49168069 deaths 49176690 (44627.1s) AMD Radeon AI PRO R9700 (RADV GFX1201)
tick 2498000 alive  3464997 genomes  719325 energy   209.0 births 49197384 deaths 49195945 (44643.3s) AMD Radeon AI PRO R9700 (RADV GFX1201)
tick 2499000 alive  3466345 genomes  719047 energy   209.0 births 49295369 deaths 49294021 (44659.5s) AMD Radeon AI PRO R9700 (RADV GFX1201)
tick 2500000 alive  3457243 genomes  716164 energy   209.0 births 49204999 deaths 49214101 (44675.8s) AMD Radeon AI PRO R9700 (RADV GFX1201)
tick 2501000 alive  3475202 genomes  715042 energy   208.8 births 49554083 deaths 49536124 (44692.0s) AMD Radeon AI PRO R9700 (RADV GFX1201)
tick 2502000 alive  3472624 genomes  715017 energy   209.1 births 49340951 deaths 49343529 (44708.3s) AMD Radeon AI PRO R9700 (RADV GFX1201)
tick 2503000 alive  3462765 genomes  714441 energy   209.0 births 49295717 deaths 49305576 (44724.5s) AMD Radeon AI PRO R9700 (RADV GFX1201)
tick 2504000 alive  3466704 genomes  715103 energy   208.7 births 49370908 deaths 49366969 (44740.8s) AMD Radeon AI PRO R9700 (RADV GFX1201)
tick 2505000 alive  3472097 genomes  715318 energy   208.9 births 49559066 deaths 49553673 (44757.0s) AMD Radeon AI PRO R9700 (RADV GFX1201)
tick 2506000 alive  3462352 genomes  713550 energy   209.2 births 49398886 deaths 49408631 (44773.2s) AMD Radeon AI PRO R9700 (RADV GFX1201)
tick 2507000 alive  3456920 genomes  717081 energy   209.2 births 49034156 deaths 49039588 (44789.3s) AMD Radeon AI PRO R9700 (RADV GFX1201)
tick 2508000 alive  3449539 genomes  718534 energy   209.2 births 48901723 deaths 48909104 (44805.7s) AMD Radeon AI PRO R9700 (RADV GFX1201)
tick 2509000 alive  3455173 genomes  719090 energy   209.0 births 48975665 deaths 48970031 (44821.9s) AMD Radeon AI PRO R9700 (RADV GFX1201)
tick 2510000 alive  3470150 genomes  718591 energy   208.9 births 49409949 deaths 49394972 (44838.0s) AMD Radeon AI PRO R9700 (RADV GFX1201)
tick 2511000 alive  3470630 genomes  716001 energy   209.1 births 49503487 deaths 49503007 (44854.4s) AMD Radeon AI PRO R9700 (RADV GFX1201)
tick 2512000 alive  3461447 genomes  718000 energy   208.9 births 49194218 deaths 49203401 (44870.6s) AMD Radeon AI PRO R9700 (RADV GFX1201)
tick 2513000 alive  3468431 genomes  718107 energy   209.1 births 49309955 deaths 49302971 (44886.9s) AMD Radeon AI PRO R9700 (RADV GFX1201)
tick 2514000 alive  3455592 genomes  717237 energy   209.2 births 49069707 deaths 49082546 (44903.1s) AMD Radeon AI PRO R9700 (RADV GFX1201)
tick 2515000 alive  3463420 genomes  716233 energy   209.3 births 49030578 deaths 49022750 (44919.5s) AMD Radeon AI PRO R9700 (RADV GFX1201)
tick 2516000 alive  3448601 genomes  716835 energy   209.3 births 48787809 deaths 48802628 (44935.7s) AMD Radeon AI PRO R9700 (RADV GFX1201)
tick 2517000 alive  3450313 genomes  720491 energy   209.1 births 48741288 deaths 48739576 (44951.8s) AMD Radeon AI PRO R9700 (RADV GFX1201)
tick 2518000 alive  3461566 genomes  720268 energy   209.0 births 48981361 deaths 48970108 (44968.1s) AMD Radeon AI PRO R9700 (RADV GFX1201)
tick 2519000 alive  3454066 genomes  717413 energy   209.1 births 48976713 deaths 48984213 (44984.3s) AMD Radeon AI PRO R9700 (RADV GFX1201)
tick 2520000 alive  3464459 genomes  716486 energy   209.0 births 49058583 deaths 49048190 (45000.6s) AMD Radeon AI PRO R9700 (RADV GFX1201)
tick 2521000 alive  3468283 genomes  713957 energy   209.2 births 49176969 deaths 49173145 (45016.9s) AMD Radeon AI PRO R9700 (RADV GFX1201)
tick 2522000 alive  3465342 genomes  715132 energy   209.4 births 49102293 deaths 49105234 (45033.1s) AMD Radeon AI PRO R9700 (RADV GFX1201)
tick 2523000 alive  3460308 genomes  718566 energy   209.1 births 49112538 deaths 49117572 (45049.2s) AMD Radeon AI PRO R9700 (RADV GFX1201)
tick 2524000 alive  3456503 genomes  720509 energy   209.0 births 48985993 deaths 48989798 (45065.4s) AMD Radeon AI PRO R9700 (RADV GFX1201)
tick 2525000 alive  3458839 genomes  719449 energy   209.1 births 49046358 deaths 49044022 (45081.7s) AMD Radeon AI PRO R9700 (RADV GFX1201)
tick 2526000 alive  3456868 genomes  719453 energy   209.2 births 49001254 deaths 49003225 (45097.9s) AMD Radeon AI PRO R9700 (RADV GFX1201)
tick 2527000 alive  3455842 genomes  717595 energy   209.2 births 48926612 deaths 48927638 (45114.3s) AMD Radeon AI PRO R9700 (RADV GFX1201)
tick 2528000 alive  3455803 genomes  716736 energy   209.3 births 49056916 deaths 49056955 (45130.6s) AMD Radeon AI PRO R9700 (RADV GFX1201)
tick 2529000 alive  3467502 genomes  715648 energy   209.0 births 49156258 deaths 49144559 (45146.8s) AMD Radeon AI PRO R9700 (RADV GFX1201)
tick 2530000 alive  3472591 genomes  712480 energy   209.0 births 49387048 deaths 49381959 (45163.1s) AMD Radeon AI PRO R9700 (RADV GFX1201)
tick 2531000 alive  3462678 genomes  714345 energy   209.1 births 49205569 deaths 49215482 (45179.4s) AMD Radeon AI PRO R9700 (RADV GFX1201)
tick 2532000 alive  3461085 genomes  715790 energy   209.1 births 49195903 deaths 49197496 (45195.5s) AMD Radeon AI PRO R9700 (RADV GFX1201)
tick 2533000 alive  3464104 genomes  714590 energy   209.1 births 49078054 deaths 49075035 (45211.6s) AMD Radeon AI PRO R9700 (RADV GFX1201)
tick 2534000 alive  3463312 genomes  716840 energy   209.3 births 49116560 deaths 49117352 (45227.8s) AMD Radeon AI PRO R9700 (RADV GFX1201)
tick 2535000 alive  3461240 genomes  718556 energy   209.1 births 49064786 deaths 49066858 (45244.0s) AMD Radeon AI PRO R9700 (RADV GFX1201)
tick 2536000 alive  3460544 genomes  719499 energy   209.1 births 49075228 deaths 49075924 (45260.2s) AMD Radeon AI PRO R9700 (RADV GFX1201)
tick 2537000 alive  3456180 genomes  718242 energy   209.2 births 49057295 deaths 49061659 (45276.5s) AMD Radeon AI PRO R9700 (RADV GFX1201)
tick 2538000 alive  3462019 genomes  719679 energy   209.2 births 48902958 deaths 48897119 (45292.7s) AMD Radeon AI PRO R9700 (RADV GFX1201)
tick 2539000 alive  3452598 genomes  720099 energy   209.3 births 48894124 deaths 48903545 (45308.9s) AMD Radeon AI PRO R9700 (RADV GFX1201)
tick 2540000 alive  3452917 genomes  720065 energy   209.2 births 48821519 deaths 48821200 (45325.2s) AMD Radeon AI PRO R9700 (RADV GFX1201)
tick 2541000 alive  3457642 genomes  718377 energy   209.2 births 48894837 deaths 48890112 (45341.4s) AMD Radeon AI PRO R9700 (RADV GFX1201)
tick 2542000 alive  3463570 genomes  718183 energy   209.3 births 49021493 deaths 49015565 (45357.7s) AMD Radeon AI PRO R9700 (RADV GFX1201)
tick 2543000 alive  3462794 genomes  715989 energy   209.0 births 49221318 deaths 49222094 (45373.9s) AMD Radeon AI PRO R9700 (RADV GFX1201)
tick 2544000 alive  3466870 genomes  714798 energy   209.0 births 49267653 deaths 49263577 (45390.1s) AMD Radeon AI PRO R9700 (RADV GFX1201)
tick 2545000 alive  3467792 genomes  714246 energy   209.1 births 49225604 deaths 49224682 (45406.4s) AMD Radeon AI PRO R9700 (RADV GFX1201)
tick 2546000 alive  3472810 genomes  714373 energy   209.1 births 49378958 deaths 49373940 (45422.6s) AMD Radeon AI PRO R9700 (RADV GFX1201)
tick 2547000 alive  3463523 genomes  715069 energy   209.1 births 49210026 deaths 49219313 (45438.7s) AMD Radeon AI PRO R9700 (RADV GFX1201)
tick 2548000 alive  3468466 genomes  717201 energy   209.2 births 49149016 deaths 49144073 (45454.9s) AMD Radeon AI PRO R9700 (RADV GFX1201)
tick 2549000 alive  3468696 genomes  717376 energy   209.1 births 49294199 deaths 49293969 (45471.1s) AMD Radeon AI PRO R9700 (RADV GFX1201)
tick 2550000 alive  3462592 genomes  718498 energy   209.5 births 49189515 deaths 49195619 (45487.4s) AMD Radeon AI PRO R9700 (RADV GFX1201)
tick 2551000 alive  3460590 genomes  719836 energy   209.0 births 49093269 deaths 49095271 (45503.7s) AMD Radeon AI PRO R9700 (RADV GFX1201)
tick 2552000 alive  3456007 genomes  717207 energy   209.1 births 49104083 deaths 49108666 (45519.8s) AMD Radeon AI PRO R9700 (RADV GFX1201)
tick 2553000 alive  3458427 genomes  718228 energy   209.0 births 49103475 deaths 49101055 (45536.0s) AMD Radeon AI PRO R9700 (RADV GFX1201)
tick 2554000 alive  3459233 genomes  717701 energy   209.2 births 49211381 deaths 49210575 (45552.2s) AMD Radeon AI PRO R9700 (RADV GFX1201)
tick 2555000 alive  3459688 genomes  716184 energy   209.1 births 49097725 deaths 49097270 (45568.3s) AMD Radeon AI PRO R9700 (RADV GFX1201)
tick 2556000 alive  3449669 genomes  716077 energy   209.1 births 48970452 deaths 48980471 (45584.6s) AMD Radeon AI PRO R9700 (RADV GFX1201)
tick 2557000 alive  3452006 genomes  718156 energy   209.2 births 48974359 deaths 48972022 (45600.8s) AMD Radeon AI PRO R9700 (RADV GFX1201)
tick 2558000 alive  3451540 genomes  719856 energy   209.1 births 48945970 deaths 48946436 (45617.2s) AMD Radeon AI PRO R9700 (RADV GFX1201)
tick 2559000 alive  3443501 genomes  720638 energy   209.2 births 48919315 deaths 48927354 (45633.6s) AMD Radeon AI PRO R9700 (RADV GFX1201)
tick 2560000 alive  3449430 genomes  722631 energy   209.1 births 48880534 deaths 48874605 (45649.9s) AMD Radeon AI PRO R9700 (RADV GFX1201)
tick 2561000 alive  3453440 genomes  724722 energy   209.2 births 48775454 deaths 48771444 (45666.2s) AMD Radeon AI PRO R9700 (RADV GFX1201)
tick 2562000 alive  3450196 genomes  726793 energy   209.5 births 48688874 deaths 48692118 (45682.4s) AMD Radeon AI PRO R9700 (RADV GFX1201)
tick 2563000 alive  3439654 genomes  727947 energy   209.3 births 48490083 deaths 48500625 (45698.7s) AMD Radeon AI PRO R9700 (RADV GFX1201)
tick 2564000 alive  3443915 genomes  725672 energy   209.1 births 48525850 deaths 48521589 (45714.8s) AMD Radeon AI PRO R9700 (RADV GFX1201)
tick 2565000 alive  3444208 genomes  723947 energy   209.5 births 48758945 deaths 48758652 (45731.2s) AMD Radeon AI PRO R9700 (RADV GFX1201)
tick 2566000 alive  3440645 genomes  722733 energy   209.2 births 48596513 deaths 48600076 (45747.4s) AMD Radeon AI PRO R9700 (RADV GFX1201)
tick 2567000 alive  3442733 genomes  722916 energy   209.3 births 48722712 deaths 48720624 (45763.7s) AMD Radeon AI PRO R9700 (RADV GFX1201)
tick 2568000 alive  3454349 genomes  722854 energy   209.3 births 48820211 deaths 48808595 (45780.0s) AMD Radeon AI PRO R9700 (RADV GFX1201)
tick 2569000 alive  3453651 genomes  723648 energy   209.3 births 48856341 deaths 48857039 (45796.3s) AMD Radeon AI PRO R9700 (RADV GFX1201)
tick 2570000 alive  3450923 genomes  720063 energy   209.3 births 48723947 deaths 48726675 (45812.5s) AMD Radeon AI PRO R9700 (RADV GFX1201)
tick 2571000 alive  3461082 genomes  718677 energy   209.2 births 48808321 deaths 48798162 (45828.8s) AMD Radeon AI PRO R9700 (RADV GFX1201)
tick 2572000 alive  3464426 genomes  719014 energy   209.2 births 49059594 deaths 49056250 (45845.0s) AMD Radeon AI PRO R9700 (RADV GFX1201)
tick 2573000 alive  3449510 genomes  719060 energy   209.3 births 48822761 deaths 48837677 (45861.2s) AMD Radeon AI PRO R9700 (RADV GFX1201)
tick 2574000 alive  3453856 genomes  721513 energy   209.2 births 48842230 deaths 48837884 (45877.4s) AMD Radeon AI PRO R9700 (RADV GFX1201)
tick 2575000 alive  3449656 genomes  719876 energy   209.2 births 48778312 deaths 48782512 (45893.7s) AMD Radeon AI PRO R9700 (RADV GFX1201)
tick 2576000 alive  3453448 genomes  719727 energy   209.2 births 48841834 deaths 48838042 (45909.9s) AMD Radeon AI PRO R9700 (RADV GFX1201)
tick 2577000 alive  3453263 genomes  719700 energy   209.0 births 48955876 deaths 48956061 (45926.1s) AMD Radeon AI PRO R9700 (RADV GFX1201)
tick 2578000 alive  3457173 genomes  721153 energy   209.1 births 49046106 deaths 49042196 (45942.3s) AMD Radeon AI PRO R9700 (RADV GFX1201)
tick 2579000 alive  3449757 genomes  722209 energy   209.0 births 48886664 deaths 48894080 (45958.4s) AMD Radeon AI PRO R9700 (RADV GFX1201)
tick 2580000 alive  3460805 genomes  722894 energy   208.8 births 49142853 deaths 49131805 (45974.7s) AMD Radeon AI PRO R9700 (RADV GFX1201)
tick 2581000 alive  3462730 genomes  721470 energy   209.0 births 49389267 deaths 49387342 (45990.8s) AMD Radeon AI PRO R9700 (RADV GFX1201)
tick 2582000 alive  3456948 genomes  720717 energy   209.3 births 49082716 deaths 49088498 (46007.1s) AMD Radeon AI PRO R9700 (RADV GFX1201)
tick 2583000 alive  3454328 genomes  722922 energy   209.0 births 48992343 deaths 48994963 (46023.2s) AMD Radeon AI PRO R9700 (RADV GFX1201)
tick 2584000 alive  3463079 genomes  723208 energy   209.2 births 49073965 deaths 49065214 (46039.5s) AMD Radeon AI PRO R9700 (RADV GFX1201)
tick 2585000 alive  3447997 genomes  724324 energy   209.2 births 48859446 deaths 48874528 (46055.7s) AMD Radeon AI PRO R9700 (RADV GFX1201)
tick 2586000 alive  3447066 genomes  721754 energy   209.1 births 48790835 deaths 48791766 (46071.9s) AMD Radeon AI PRO R9700 (RADV GFX1201)
tick 2587000 alive  3458407 genomes  722403 energy   208.8 births 49014275 deaths 49002934 (46088.2s) AMD Radeon AI PRO R9700 (RADV GFX1201)
tick 2588000 alive  3454077 genomes  721393 energy   209.1 births 49180612 deaths 49184942 (46104.3s) AMD Radeon AI PRO R9700 (RADV GFX1201)
tick 2589000 alive  3451225 genomes  720099 energy   208.9 births 48873768 deaths 48876620 (46120.4s) AMD Radeon AI PRO R9700 (RADV GFX1201)
tick 2590000 alive  3455392 genomes  721622 energy   209.0 births 49118227 deaths 49114060 (46136.6s) AMD Radeon AI PRO R9700 (RADV GFX1201)
tick 2591000 alive  3463923 genomes  718227 energy   208.7 births 49266140 deaths 49257609 (46153.0s) AMD Radeon AI PRO R9700 (RADV GFX1201)
tick 2592000 alive  3460337 genomes  714932 energy   209.1 births 49226804 deaths 49230390 (46169.3s) AMD Radeon AI PRO R9700 (RADV GFX1201)
tick 2593000 alive  3464632 genomes  716931 energy   208.8 births 49199672 deaths 49195377 (46185.5s) AMD Radeon AI PRO R9700 (RADV GFX1201)
tick 2594000 alive  3469707 genomes  715479 energy   209.2 births 49412911 deaths 49407836 (46201.7s) AMD Radeon AI PRO R9700 (RADV GFX1201)
tick 2595000 alive  3464286 genomes  717913 energy   209.3 births 49198158 deaths 49203579 (46217.8s) AMD Radeon AI PRO R9700 (RADV GFX1201)
tick 2596000 alive  3446990 genomes  722157 energy   209.3 births 48929766 deaths 48947062 (46234.0s) AMD Radeon AI PRO R9700 (RADV GFX1201)
tick 2597000 alive  3456718 genomes  725913 energy   209.0 births 48960010 deaths 48950282 (46250.3s) AMD Radeon AI PRO R9700 (RADV GFX1201)
tick 2598000 alive  3458933 genomes  725844 energy   208.9 births 49046653 deaths 49044438 (46266.5s) AMD Radeon AI PRO R9700 (RADV GFX1201)
tick 2599000 alive  3450130 genomes  724458 energy   209.3 births 49006987 deaths 49015790 (46282.7s) AMD Radeon AI PRO R9700 (RADV GFX1201)
tick 2600000 alive  3452624 genomes  727592 energy   209.1 births 48899078 deaths 48896584 (46298.9s) AMD Radeon AI PRO R9700 (RADV GFX1201)
tick 2601000 alive  3448663 genomes  726886 energy   209.2 births 48915249 deaths 48919210 (46315.0s) AMD Radeon AI PRO R9700 (RADV GFX1201)
tick 2602000 alive  3459108 genomes  727409 energy   209.2 births 49009627 deaths 48999182 (46331.2s) AMD Radeon AI PRO R9700 (RADV GFX1201)
tick 2603000 alive  3459911 genomes  728092 energy   209.1 births 48978252 deaths 48977449 (46347.3s) AMD Radeon AI PRO R9700 (RADV GFX1201)
tick 2604000 alive  3457903 genomes  725032 energy   209.1 births 48988848 deaths 48990856 (46363.6s) AMD Radeon AI PRO R9700 (RADV GFX1201)
tick 2605000 alive  3454636 genomes  723043 energy   209.2 births 48893067 deaths 48896334 (46379.9s) AMD Radeon AI PRO R9700 (RADV GFX1201)
tick 2606000 alive  3457246 genomes  721098 energy   209.2 births 48917540 deaths 48914930 (46396.0s) AMD Radeon AI PRO R9700 (RADV GFX1201)
tick 2607000 alive  3458533 genomes  719949 energy   208.9 births 49125761 deaths 49124474 (46412.3s) AMD Radeon AI PRO R9700 (RADV GFX1201)
tick 2608000 alive  3476515 genomes  720145 energy   208.9 births 49457625 deaths 49439643 (46428.5s) AMD Radeon AI PRO R9700 (RADV GFX1201)
tick 2609000 alive  3469918 genomes  719365 energy   209.0 births 49430422 deaths 49437019 (46444.7s) AMD Radeon AI PRO R9700 (RADV GFX1201)
tick 2610000 alive  3460066 genomes  717002 energy   209.0 births 49137307 deaths 49147159 (46461.1s) AMD Radeon AI PRO R9700 (RADV GFX1201)
tick 2611000 alive  3460600 genomes  715348 energy   208.8 births 49309795 deaths 49309261 (46477.4s) AMD Radeon AI PRO R9700 (RADV GFX1201)
tick 2612000 alive  3456503 genomes  716317 energy   209.2 births 49117012 deaths 49121109 (46493.8s) AMD Radeon AI PRO R9700 (RADV GFX1201)
tick 2613000 alive  3459043 genomes  717006 energy   208.9 births 49069636 deaths 49067096 (46510.0s) AMD Radeon AI PRO R9700 (RADV GFX1201)
tick 2614000 alive  3469586 genomes  719230 energy   208.9 births 49442225 deaths 49431682 (46526.2s) AMD Radeon AI PRO R9700 (RADV GFX1201)
tick 2615000 alive  3454119 genomes  719127 energy   209.1 births 49153166 deaths 49168633 (46542.5s) AMD Radeon AI PRO R9700 (RADV GFX1201)
tick 2616000 alive  3456214 genomes  718998 energy   209.1 births 49089666 deaths 49087571 (46558.6s) AMD Radeon AI PRO R9700 (RADV GFX1201)
tick 2617000 alive  3457604 genomes  721499 energy   208.9 births 49099700 deaths 49098310 (46574.9s) AMD Radeon AI PRO R9700 (RADV GFX1201)
tick 2618000 alive  3449855 genomes  719300 energy   209.0 births 48953725 deaths 48961474 (46591.1s) AMD Radeon AI PRO R9700 (RADV GFX1201)
tick 2619000 alive  3451854 genomes  720693 energy   209.3 births 49080428 deaths 49078429 (46607.4s) AMD Radeon AI PRO R9700 (RADV GFX1201)
tick 2620000 alive  3451797 genomes  722227 energy   209.0 births 48991249 deaths 48991306 (46623.7s) AMD Radeon AI PRO R9700 (RADV GFX1201)
tick 2621000 alive  3456092 genomes  719948 energy   209.5 births 48887377 deaths 48883082 (46640.0s) AMD Radeon AI PRO R9700 (RADV GFX1201)
tick 2622000 alive  3450570 genomes  721425 energy   209.4 births 48698549 deaths 48704071 (46656.1s) AMD Radeon AI PRO R9700 (RADV GFX1201)
tick 2623000 alive  3448384 genomes  722128 energy   209.2 births 48784549 deaths 48786735 (46672.3s) AMD Radeon AI PRO R9700 (RADV GFX1201)
tick 2624000 alive  3453297 genomes  721040 energy   209.1 births 48893713 deaths 48888800 (46688.6s) AMD Radeon AI PRO R9700 (RADV GFX1201)
tick 2625000 alive  3459841 genomes  722817 energy   208.9 births 49025518 deaths 49018974 (46704.8s) AMD Radeon AI PRO R9700 (RADV GFX1201)
tick 2626000 alive  3449309 genomes  723333 energy   209.1 births 49051034 deaths 49061566 (46721.2s) AMD Radeon AI PRO R9700 (RADV GFX1201)
tick 2627000 alive  3457826 genomes  725561 energy   209.2 births 48957271 deaths 48948754 (46737.4s) AMD Radeon AI PRO R9700 (RADV GFX1201)
tick 2628000 alive  3434612 genomes  725623 energy   209.5 births 48457155 deaths 48480369 (46753.7s) AMD Radeon AI PRO R9700 (RADV GFX1201)
tick 2629000 alive  3429444 genomes  725106 energy   209.2 births 48202140 deaths 48207308 (46769.9s) AMD Radeon AI PRO R9700 (RADV GFX1201)
tick 2630000 alive  3437663 genomes  726550 energy   209.3 births 48394574 deaths 48386355 (46786.0s) AMD Radeon AI PRO R9700 (RADV GFX1201)
tick 2631000 alive  3439584 genomes  727794 energy   209.4 births 48494328 deaths 48492407 (46802.3s) AMD Radeon AI PRO R9700 (RADV GFX1201)
tick 2632000 alive  3443441 genomes  730022 energy   209.3 births 48507537 deaths 48503680 (46818.4s) AMD Radeon AI PRO R9700 (RADV GFX1201)
tick 2633000 alive  3440451 genomes  728173 energy   209.2 births 48559514 deaths 48562504 (46834.7s) AMD Radeon AI PRO R9700 (RADV GFX1201)
tick 2634000 alive  3451492 genomes  728505 energy   209.3 births 48933557 deaths 48922516 (46850.9s) AMD Radeon AI PRO R9700 (RADV GFX1201)
tick 2635000 alive  3441053 genomes  727224 energy   209.3 births 48705493 deaths 48715932 (46867.1s) AMD Radeon AI PRO R9700 (RADV GFX1201)
tick 2636000 alive  3451775 genomes  726775 energy   209.2 births 48774478 deaths 48763756 (46883.3s) AMD Radeon AI PRO R9700 (RADV GFX1201)
tick 2637000 alive  3449480 genomes  722425 energy   209.1 births 48880565 deaths 48882860 (46899.5s) AMD Radeon AI PRO R9700 (RADV GFX1201)
tick 2638000 alive  3461731 genomes  720642 energy   209.1 births 49034718 deaths 49022467 (46915.7s) AMD Radeon AI PRO R9700 (RADV GFX1201)
tick 2639000 alive  3461500 genomes  720686 energy   209.1 births 49141125 deaths 49141356 (46932.2s) AMD Radeon AI PRO R9700 (RADV GFX1201)
tick 2640000 alive  3464665 genomes  720087 energy   209.0 births 49248176 deaths 49245011 (46948.5s) AMD Radeon AI PRO R9700 (RADV GFX1201)
tick 2641000 alive  3467552 genomes  718267 energy   209.0 births 49289446 deaths 49286559 (46964.8s) AMD Radeon AI PRO R9700 (RADV GFX1201)
tick 2642000 alive  3464464 genomes  720435 energy   208.9 births 49401455 deaths 49404543 (46981.0s) AMD Radeon AI PRO R9700 (RADV GFX1201)
tick 2643000 alive  3463771 genomes  719202 energy   209.0 births 49430022 deaths 49430715 (46997.2s) AMD Radeon AI PRO R9700 (RADV GFX1201)
tick 2644000 alive  3463717 genomes  719938 energy   209.1 births 49222858 deaths 49222912 (47013.5s) AMD Radeon AI PRO R9700 (RADV GFX1201)
tick 2645000 alive  3451759 genomes  719023 energy   209.0 births 49255071 deaths 49267029 (47029.7s) AMD Radeon AI PRO R9700 (RADV GFX1201)
tick 2646000 alive  3459404 genomes  719107 energy   209.0 births 49330989 deaths 49323344 (47046.0s) AMD Radeon AI PRO R9700 (RADV GFX1201)
tick 2647000 alive  3452721 genomes  719347 energy   209.3 births 49042210 deaths 49048893 (47062.2s) AMD Radeon AI PRO R9700 (RADV GFX1201)
tick 2648000 alive  3442136 genomes  722332 energy   209.4 births 48685155 deaths 48695740 (47078.6s) AMD Radeon AI PRO R9700 (RADV GFX1201)
tick 2649000 alive  3442104 genomes  726500 energy   209.1 births 48722264 deaths 48722296 (47094.8s) AMD Radeon AI PRO R9700 (RADV GFX1201)
tick 2650000 alive  3443338 genomes  726079 energy   209.2 births 48744251 deaths 48743017 (47111.1s) AMD Radeon AI PRO R9700 (RADV GFX1201)
tick 2651000 alive  3447633 genomes  725431 energy   209.3 births 48832724 deaths 48828429 (47127.3s) AMD Radeon AI PRO R9700 (RADV GFX1201)
tick 2652000 alive  3438019 genomes  727956 energy   208.9 births 48681012 deaths 48690626 (47143.5s) AMD Radeon AI PRO R9700 (RADV GFX1201)
tick 2653000 alive  3450590 genomes  727281 energy   208.9 births 48926209 deaths 48913638 (47159.7s) AMD Radeon AI PRO R9700 (RADV GFX1201)
tick 2654000 alive  3447937 genomes  725168 energy   209.1 births 48864622 deaths 48867275 (47175.9s) AMD Radeon AI PRO R9700 (RADV GFX1201)
tick 2655000 alive  3447159 genomes  726484 energy   209.1 births 48852749 deaths 48853527 (47192.1s) AMD Radeon AI PRO R9700 (RADV GFX1201)
tick 2656000 alive  3448803 genomes  724471 energy   209.4 births 48894939 deaths 48893295 (47208.3s) AMD Radeon AI PRO R9700 (RADV GFX1201)
tick 2657000 alive  3446487 genomes  723029 energy   209.2 births 48705416 deaths 48707732 (47224.6s) AMD Radeon AI PRO R9700 (RADV GFX1201)
tick 2658000 alive  3449052 genomes  722415 energy   209.2 births 48958174 deaths 48955609 (47240.8s) AMD Radeon AI PRO R9700 (RADV GFX1201)
tick 2659000 alive  3447445 genomes  723822 energy   209.1 births 48902750 deaths 48904357 (47257.0s) AMD Radeon AI PRO R9700 (RADV GFX1201)
tick 2660000 alive  3440718 genomes  720484 energy   208.9 births 48987549 deaths 48994276 (47273.2s) AMD Radeon AI PRO R9700 (RADV GFX1201)
tick 2661000 alive  3461100 genomes  721869 energy   209.0 births 49148763 deaths 49128381 (47289.5s) AMD Radeon AI PRO R9700 (RADV GFX1201)
tick 2662000 alive  3456912 genomes  721018 energy   208.7 births 49315656 deaths 49319844 (47305.7s) AMD Radeon AI PRO R9700 (RADV GFX1201)
tick 2663000 alive  3453877 genomes  718690 energy   209.1 births 49324872 deaths 49327907 (47322.0s) AMD Radeon AI PRO R9700 (RADV GFX1201)
tick 2664000 alive  3468328 genomes  717669 energy   208.6 births 49483009 deaths 49468558 (47338.3s) AMD Radeon AI PRO R9700 (RADV GFX1201)
tick 2665000 alive  3463051 genomes  716912 energy   208.9 births 49526397 deaths 49531674 (47354.6s) AMD Radeon AI PRO R9700 (RADV GFX1201)
tick 2666000 alive  3459057 genomes  712289 energy   208.8 births 49468187 deaths 49472181 (47370.9s) AMD Radeon AI PRO R9700 (RADV GFX1201)
tick 2667000 alive  3464169 genomes  712929 energy   209.1 births 49524069 deaths 49518957 (47387.2s) AMD Radeon AI PRO R9700 (RADV GFX1201)
tick 2668000 alive  3459907 genomes  710740 energy   209.1 births 49379925 deaths 49384187 (47403.6s) AMD Radeon AI PRO R9700 (RADV GFX1201)
tick 2669000 alive  3463973 genomes  710475 energy   208.9 births 49317856 deaths 49313790 (47420.0s) AMD Radeon AI PRO R9700 (RADV GFX1201)
tick 2670000 alive  3479316 genomes  711878 energy   208.9 births 49536385 deaths 49521042 (47436.2s) AMD Radeon AI PRO R9700 (RADV GFX1201)
tick 2671000 alive  3464523 genomes  710654 energy   208.9 births 49613023 deaths 49627816 (47452.3s) AMD Radeon AI PRO R9700 (RADV GFX1201)
tick 2672000 alive  3464323 genomes  708809 energy   208.8 births 49411746 deaths 49411946 (47468.7s) AMD Radeon AI PRO R9700 (RADV GFX1201)
tick 2673000 alive  3463913 genomes  710911 energy   209.1 births 49463408 deaths 49463818 (47484.9s) AMD Radeon AI PRO R9700 (RADV GFX1201)
tick 2674000 alive  3469764 genomes  714299 energy   208.9 births 49228656 deaths 49222805 (47501.2s) AMD Radeon AI PRO R9700 (RADV GFX1201)
tick 2675000 alive  3450355 genomes  714733 energy   209.1 births 49156280 deaths 49175689 (47517.4s) AMD Radeon AI PRO R9700 (RADV GFX1201)
tick 2676000 alive  3443314 genomes  716942 energy   209.3 births 48872626 deaths 48879667 (47533.6s) AMD Radeon AI PRO R9700 (RADV GFX1201)
tick 2677000 alive  3448656 genomes  721092 energy   209.0 births 48861685 deaths 48856343 (47549.7s) AMD Radeon AI PRO R9700 (RADV GFX1201)
tick 2678000 alive  3453258 genomes  724693 energy   208.7 births 49260251 deaths 49255649 (47565.9s) AMD Radeon AI PRO R9700 (RADV GFX1201)
tick 2679000 alive  3453859 genomes  724412 energy   209.0 births 49306597 deaths 49305996 (47582.1s) AMD Radeon AI PRO R9700 (RADV GFX1201)
tick 2680000 alive  3444160 genomes  724442 energy   209.0 births 48955924 deaths 48965623 (47598.5s) AMD Radeon AI PRO R9700 (RADV GFX1201)
tick 2681000 alive  3454469 genomes  724925 energy   209.1 births 49049914 deaths 49039605 (47614.6s) AMD Radeon AI PRO R9700 (RADV GFX1201)
tick 2682000 alive  3447345 genomes  724554 energy   209.4 births 48817808 deaths 48824932 (47630.9s) AMD Radeon AI PRO R9700 (RADV GFX1201)
tick 2683000 alive  3434556 genomes  725940 energy   209.0 births 48475604 deaths 48488393 (47647.2s) AMD Radeon AI PRO R9700 (RADV GFX1201)
tick 2684000 alive  3451036 genomes  725863 energy   209.0 births 48797446 deaths 48780966 (47663.4s) AMD Radeon AI PRO R9700 (RADV GFX1201)
tick 2685000 alive  3448310 genomes  724381 energy   209.2 births 48911465 deaths 48914191 (47679.7s) AMD Radeon AI PRO R9700 (RADV GFX1201)
tick 2686000 alive  3451963 genomes  722963 energy   209.2 births 48989212 deaths 48985559 (47696.0s) AMD Radeon AI PRO R9700 (RADV GFX1201)
tick 2687000 alive  3455731 genomes  725063 energy   209.0 births 49072471 deaths 49068703 (47712.3s) AMD Radeon AI PRO R9700 (RADV GFX1201)
tick 2688000 alive  3461295 genomes  723934 energy   209.0 births 49067555 deaths 49061991 (47728.5s) AMD Radeon AI PRO R9700 (RADV GFX1201)
tick 2689000 alive  3457721 genomes  724160 energy   209.1 births 49147664 deaths 49151238 (47744.8s) AMD Radeon AI PRO R9700 (RADV GFX1201)
tick 2690000 alive  3450484 genomes  722946 energy   209.1 births 48999307 deaths 49006544 (47761.1s) AMD Radeon AI PRO R9700 (RADV GFX1201)
tick 2691000 alive  3453945 genomes  726415 energy   209.2 births 48978537 deaths 48975076 (47777.4s) AMD Radeon AI PRO R9700 (RADV GFX1201)
tick 2692000 alive  3443207 genomes  726437 energy   209.1 births 48797160 deaths 48807898 (47793.8s) AMD Radeon AI PRO R9700 (RADV GFX1201)
tick 2693000 alive  3449144 genomes  724140 energy   209.4 births 48949873 deaths 48943936 (47810.0s) AMD Radeon AI PRO R9700 (RADV GFX1201)
tick 2694000 alive  3453050 genomes  726323 energy   209.2 births 48730328 deaths 48726422 (47826.3s) AMD Radeon AI PRO R9700 (RADV GFX1201)
tick 2695000 alive  3452826 genomes  726772 energy   208.8 births 48855720 deaths 48855944 (47842.4s) AMD Radeon AI PRO R9700 (RADV GFX1201)
tick 2696000 alive  3460187 genomes  726718 energy   208.9 births 49314722 deaths 49307361 (47858.6s) AMD Radeon AI PRO R9700 (RADV GFX1201)
tick 2697000 alive  3456628 genomes  724932 energy   209.2 births 49126759 deaths 49130318 (47874.9s) AMD Radeon AI PRO R9700 (RADV GFX1201)
tick 2698000 alive  3449825 genomes  722947 energy   208.9 births 49049687 deaths 49056490 (47891.2s) AMD Radeon AI PRO R9700 (RADV GFX1201)
tick 2699000 alive  3464633 genomes  721886 energy   208.8 births 49260182 deaths 49245374 (47907.4s) AMD Radeon AI PRO R9700 (RADV GFX1201)
tick 2700000 alive  3462255 genomes  719162 energy   209.2 births 49279267 deaths 49281645 (47923.6s) AMD Radeon AI PRO R9700 (RADV GFX1201)
tick 2701000 alive  3453567 genomes  720950 energy   209.1 births 49127531 deaths 49136219 (47939.9s) AMD Radeon AI PRO R9700 (RADV GFX1201)
tick 2702000 alive  3456051 genomes  722441 energy   208.8 births 49113645 deaths 49111161 (47956.1s) AMD Radeon AI PRO R9700 (RADV GFX1201)
tick 2703000 alive  3464182 genomes  722316 energy   208.8 births 49303389 deaths 49295258 (47972.3s) AMD Radeon AI PRO R9700 (RADV GFX1201)
tick 2704000 alive  3457240 genomes  720031 energy   209.1 births 49201107 deaths 49208049 (47988.6s) AMD Radeon AI PRO R9700 (RADV GFX1201)
tick 2705000 alive  3451885 genomes  723584 energy   209.2 births 48944871 deaths 48950226 (48004.7s) AMD Radeon AI PRO R9700 (RADV GFX1201)
tick 2706000 alive  3451855 genomes  721914 energy   209.0 births 49012369 deaths 49012399 (48020.9s) AMD Radeon AI PRO R9700 (RADV GFX1201)
tick 2707000 alive  3455050 genomes  722433 energy   209.0 births 49095172 deaths 49091977 (48037.1s) AMD Radeon AI PRO R9700 (RADV GFX1201)
tick 2708000 alive  3457540 genomes  720142 energy   208.7 births 49353630 deaths 49351140 (48053.3s) AMD Radeon AI PRO R9700 (RADV GFX1201)
tick 2709000 alive  3470542 genomes  719466 energy   208.8 births 49490760 deaths 49477758 (48069.5s) AMD Radeon AI PRO R9700 (RADV GFX1201)
tick 2710000 alive  3463947 genomes  718597 energy   208.9 births 49490663 deaths 49497258 (48085.7s) AMD Radeon AI PRO R9700 (RADV GFX1201)
tick 2711000 alive  3450822 genomes  719292 energy   209.0 births 49274883 deaths 49288008 (48102.0s) AMD Radeon AI PRO R9700 (RADV GFX1201)
tick 2712000 alive  3456939 genomes  721843 energy   209.1 births 49146106 deaths 49139989 (48118.2s) AMD Radeon AI PRO R9700 (RADV GFX1201)
tick 2713000 alive  3457963 genomes  721063 energy   209.2 births 49190948 deaths 49189924 (48134.4s) AMD Radeon AI PRO R9700 (RADV GFX1201)
tick 2714000 alive  3448367 genomes  721892 energy   209.0 births 49018774 deaths 49028370 (48150.6s) AMD Radeon AI PRO R9700 (RADV GFX1201)
tick 2715000 alive  3455583 genomes  723446 energy   208.8 births 49207405 deaths 49200189 (48166.7s) AMD Radeon AI PRO R9700 (RADV GFX1201)
tick 2716000 alive  3464050 genomes  721505 energy   209.0 births 49358179 deaths 49349712 (48182.9s) AMD Radeon AI PRO R9700 (RADV GFX1201)
tick 2717000 alive  3455691 genomes  723225 energy   209.1 births 49167256 deaths 49175615 (48199.0s) AMD Radeon AI PRO R9700 (RADV GFX1201)
tick 2718000 alive  3463863 genomes  724023 energy   208.8 births 49236712 deaths 49228540 (48215.3s) AMD Radeon AI PRO R9700 (RADV GFX1201)
tick 2719000 alive  3459325 genomes  723107 energy   209.0 births 49166780 deaths 49171318 (48231.6s) AMD Radeon AI PRO R9700 (RADV GFX1201)
tick 2720000 alive  3455419 genomes  720907 energy   209.1 births 49216702 deaths 49220608 (48248.0s) AMD Radeon AI PRO R9700 (RADV GFX1201)
tick 2721000 alive  3460395 genomes  720366 energy   209.2 births 49198149 deaths 49193173 (48264.2s) AMD Radeon AI PRO R9700 (RADV GFX1201)
tick 2722000 alive  3457291 genomes  722345 energy   209.1 births 49144084 deaths 49147188 (48280.4s) AMD Radeon AI PRO R9700 (RADV GFX1201)
tick 2723000 alive  3451835 genomes  721614 energy   209.2 births 48985284 deaths 48990740 (48296.7s) AMD Radeon AI PRO R9700 (RADV GFX1201)
tick 2724000 alive  3450778 genomes  724566 energy   209.1 births 48830345 deaths 48831402 (48312.9s) AMD Radeon AI PRO R9700 (RADV GFX1201)
tick 2725000 alive  3457222 genomes  725719 energy   209.0 births 48995055 deaths 48988611 (48329.1s) AMD Radeon AI PRO R9700 (RADV GFX1201)
tick 2726000 alive  3459007 genomes  726067 energy   209.1 births 49047198 deaths 49045413 (48345.3s) AMD Radeon AI PRO R9700 (RADV GFX1201)
tick 2727000 alive  3449659 genomes  724955 energy   209.1 births 48971905 deaths 48981253 (48361.5s) AMD Radeon AI PRO R9700 (RADV GFX1201)
tick 2728000 alive  3454122 genomes  723626 energy   209.0 births 48989778 deaths 48985315 (48377.7s) AMD Radeon AI PRO R9700 (RADV GFX1201)
tick 2729000 alive  3462115 genomes  722707 energy   209.1 births 49275087 deaths 49267094 (48393.9s) AMD Radeon AI PRO R9700 (RADV GFX1201)
tick 2730000 alive  3451537 genomes  722407 energy   209.0 births 49001989 deaths 49012567 (48410.2s) AMD Radeon AI PRO R9700 (RADV GFX1201)
tick 2731000 alive  3465113 genomes  722175 energy   209.0 births 49290347 deaths 49276771 (48426.3s) AMD Radeon AI PRO R9700 (RADV GFX1201)
tick 2732000 alive  3464624 genomes  720347 energy   209.0 births 49210338 deaths 49210827 (48442.6s) AMD Radeon AI PRO R9700 (RADV GFX1201)
tick 2733000 alive  3457282 genomes  721303 energy   209.1 births 49102996 deaths 49110338 (48458.8s) AMD Radeon AI PRO R9700 (RADV GFX1201)
tick 2734000 alive  3462834 genomes  721550 energy   209.0 births 49166367 deaths 49160815 (48475.1s) AMD Radeon AI PRO R9700 (RADV GFX1201)
tick 2735000 alive  3458884 genomes  719369 energy   209.1 births 49219801 deaths 49223751 (48491.3s) AMD Radeon AI PRO R9700 (RADV GFX1201)
tick 2736000 alive  3463837 genomes  718387 energy   209.0 births 49169987 deaths 49165034 (48507.6s) AMD Radeon AI PRO R9700 (RADV GFX1201)
tick 2737000 alive  3458055 genomes  718347 energy   209.2 births 49111715 deaths 49117497 (48523.7s) AMD Radeon AI PRO R9700 (RADV GFX1201)
tick 2738000 alive  3458501 genomes  718620 energy   209.0 births 49149986 deaths 49149540 (48539.9s) AMD Radeon AI PRO R9700 (RADV GFX1201)
tick 2739000 alive  3453880 genomes  717617 energy   209.0 births 49091088 deaths 49095709 (48556.1s) AMD Radeon AI PRO R9700 (RADV GFX1201)
tick 2740000 alive  3460039 genomes  724520 energy   209.1 births 49101475 deaths 49095316 (48572.4s) AMD Radeon AI PRO R9700 (RADV GFX1201)
tick 2741000 alive  3448212 genomes  725676 energy   209.2 births 48850414 deaths 48862241 (48588.6s) AMD Radeon AI PRO R9700 (RADV GFX1201)
tick 2742000 alive  3448505 genomes  723745 energy   209.0 births 48822848 deaths 48822555 (48604.8s) AMD Radeon AI PRO R9700 (RADV GFX1201)
tick 2743000 alive  3458565 genomes  722929 energy   209.2 births 48952289 deaths 48942229 (48621.0s) AMD Radeon AI PRO R9700 (RADV GFX1201)
tick 2744000 alive  3444714 genomes  722952 energy   209.5 births 48720541 deaths 48734392 (48637.4s) AMD Radeon AI PRO R9700 (RADV GFX1201)
tick 2745000 alive  3441881 genomes  724940 energy   208.9 births 48615151 deaths 48617984 (48653.5s) AMD Radeon AI PRO R9700 (RADV GFX1201)
tick 2746000 alive  3449248 genomes  725800 energy   209.1 births 48900619 deaths 48893252 (48669.8s) AMD Radeon AI PRO R9700 (RADV GFX1201)
tick 2747000 alive  3453480 genomes  723434 energy   209.3 births 48987576 deaths 48983344 (48686.1s) AMD Radeon AI PRO R9700 (RADV GFX1201)
tick 2748000 alive  3445466 genomes  723979 energy   209.2 births 48644222 deaths 48652236 (48702.2s) AMD Radeon AI PRO R9700 (RADV GFX1201)
tick 2749000 alive  3458817 genomes  726135 energy   208.9 births 49032787 deaths 49019436 (48718.4s) AMD Radeon AI PRO R9700 (RADV GFX1201)
tick 2750000 alive  3442590 genomes  726901 energy   209.1 births 48906295 deaths 48922522 (48734.5s) AMD Radeon AI PRO R9700 (RADV GFX1201)
tick 2751000 alive  3449216 genomes  723871 energy   209.3 births 48765116 deaths 48758490 (48750.7s) AMD Radeon AI PRO R9700 (RADV GFX1201)
tick 2752000 alive  3452147 genomes  723045 energy   209.2 births 48795086 deaths 48792155 (48766.9s) AMD Radeon AI PRO R9700 (RADV GFX1201)
tick 2753000 alive  3452954 genomes  724364 energy   209.1 births 48842773 deaths 48841966 (48783.2s) AMD Radeon AI PRO R9700 (RADV GFX1201)
tick 2754000 alive  3448222 genomes  722761 energy   209.1 births 48984507 deaths 48989239 (48799.4s) AMD Radeon AI PRO R9700 (RADV GFX1201)
tick 2755000 alive  3459177 genomes  722093 energy   209.1 births 48972425 deaths 48961470 (48815.7s) AMD Radeon AI PRO R9700 (RADV GFX1201)
tick 2756000 alive  3462167 genomes  721525 energy   209.0 births 49126882 deaths 49123892 (48832.0s) AMD Radeon AI PRO R9700 (RADV GFX1201)
tick 2757000 alive  3452661 genomes  720816 energy   209.1 births 49088877 deaths 49098383 (48848.2s) AMD Radeon AI PRO R9700 (RADV GFX1201)
tick 2758000 alive  3458155 genomes  720846 energy   209.3 births 49228015 deaths 49222521 (48864.5s) AMD Radeon AI PRO R9700 (RADV GFX1201)
tick 2759000 alive  3463512 genomes  723383 energy   208.9 births 49188127 deaths 49182770 (48880.8s) AMD Radeon AI PRO R9700 (RADV GFX1201)
tick 2760000 alive  3463538 genomes  719652 energy   208.9 births 49299379 deaths 49299353 (48897.2s) AMD Radeon AI PRO R9700 (RADV GFX1201)
tick 2761000 alive  3466515 genomes  722293 energy   209.0 births 49483564 deaths 49480587 (48913.4s) AMD Radeon AI PRO R9700 (RADV GFX1201)
tick 2762000 alive  3456551 genomes  722586 energy   208.9 births 49324088 deaths 49334052 (48929.7s) AMD Radeon AI PRO R9700 (RADV GFX1201)
tick 2763000 alive  3461965 genomes  722543 energy   208.7 births 49391336 deaths 49385922 (48946.0s) AMD Radeon AI PRO R9700 (RADV GFX1201)
tick 2764000 alive  3465214 genomes  719427 energy   208.8 births 49575029 deaths 49571780 (48962.3s) AMD Radeon AI PRO R9700 (RADV GFX1201)
tick 2765000 alive  3470366 genomes  719793 energy   208.9 births 49567707 deaths 49562555 (48978.5s) AMD Radeon AI PRO R9700 (RADV GFX1201)
tick 2766000 alive  3469496 genomes  720123 energy   208.8 births 49419513 deaths 49420383 (48994.7s) AMD Radeon AI PRO R9700 (RADV GFX1201)
tick 2767000 alive  3463570 genomes  720263 energy   209.2 births 49281206 deaths 49287132 (49011.0s) AMD Radeon AI PRO R9700 (RADV GFX1201)
tick 2768000 alive  3468300 genomes  719421 energy   209.0 births 49243850 deaths 49239120 (49027.4s) AMD Radeon AI PRO R9700 (RADV GFX1201)
tick 2769000 alive  3471034 genomes  718722 energy   209.2 births 49424129 deaths 49421395 (49043.5s) AMD Radeon AI PRO R9700 (RADV GFX1201)
tick 2770000 alive  3460415 genomes  719529 energy   209.0 births 49318358 deaths 49328977 (49059.8s) AMD Radeon AI PRO R9700 (RADV GFX1201)
tick 2771000 alive  3464614 genomes  718566 energy   208.7 births 49339342 deaths 49335143 (49076.0s) AMD Radeon AI PRO R9700 (RADV GFX1201)
tick 2772000 alive  3475979 genomes  715353 energy   209.1 births 49558505 deaths 49547140 (49092.3s) AMD Radeon AI PRO R9700 (RADV GFX1201)
tick 2773000 alive  3465009 genomes  715693 energy   208.8 births 49567537 deaths 49578507 (49108.5s) AMD Radeon AI PRO R9700 (RADV GFX1201)
tick 2774000 alive  3465413 genomes  717874 energy   209.1 births 49352708 deaths 49352304 (49124.7s) AMD Radeon AI PRO R9700 (RADV GFX1201)
tick 2775000 alive  3457888 genomes  717722 energy   209.1 births 49149902 deaths 49157427 (49140.9s) AMD Radeon AI PRO R9700 (RADV GFX1201)
tick 2776000 alive  3459121 genomes  719389 energy   209.3 births 49192275 deaths 49191042 (49157.3s) AMD Radeon AI PRO R9700 (RADV GFX1201)
tick 2777000 alive  3445675 genomes  719873 energy   209.3 births 48860801 deaths 48874247 (49173.4s) AMD Radeon AI PRO R9700 (RADV GFX1201)
tick 2778000 alive  3445785 genomes  720791 energy   209.2 births 48839621 deaths 48839511 (49189.6s) AMD Radeon AI PRO R9700 (RADV GFX1201)
tick 2779000 alive  3452545 genomes  721167 energy   209.2 births 48893573 deaths 48886813 (49205.7s) AMD Radeon AI PRO R9700 (RADV GFX1201)
tick 2780000 alive  3455609 genomes  721181 energy   209.3 births 49112575 deaths 49109511 (49222.0s) AMD Radeon AI PRO R9700 (RADV GFX1201)
tick 2781000 alive  3448968 genomes  717906 energy   209.2 births 49151571 deaths 49158212 (49238.3s) AMD Radeon AI PRO R9700 (RADV GFX1201)
tick 2782000 alive  3464894 genomes  719227 energy   208.8 births 49354667 deaths 49338741 (49254.5s) AMD Radeon AI PRO R9700 (RADV GFX1201)
tick 2783000 alive  3468939 genomes  717455 energy   208.6 births 49673666 deaths 49669621 (49270.7s) AMD Radeon AI PRO R9700 (RADV GFX1201)
tick 2784000 alive  3469485 genomes  715566 energy   208.7 births 49621373 deaths 49620827 (49287.0s) AMD Radeon AI PRO R9700 (RADV GFX1201)
tick 2785000 alive  3471149 genomes  716409 energy   208.9 births 49531906 deaths 49530242 (49303.1s) AMD Radeon AI PRO R9700 (RADV GFX1201)
tick 2786000 alive  3466096 genomes  717245 energy   209.0 births 49406573 deaths 49411626 (49319.3s) AMD Radeon AI PRO R9700 (RADV GFX1201)
tick 2787000 alive  3462105 genomes  717254 energy   209.0 births 49434516 deaths 49438507 (49335.6s) AMD Radeon AI PRO R9700 (RADV GFX1201)
tick 2788000 alive  3468947 genomes  718435 energy   208.8 births 49407634 deaths 49400792 (49351.7s) AMD Radeon AI PRO R9700 (RADV GFX1201)
tick 2789000 alive  3469347 genomes  714214 energy   209.0 births 49616096 deaths 49615696 (49368.0s) AMD Radeon AI PRO R9700 (RADV GFX1201)
tick 2790000 alive  3469933 genomes  716127 energy   208.9 births 49475338 deaths 49474752 (49384.3s) AMD Radeon AI PRO R9700 (RADV GFX1201)
tick 2791000 alive  3466575 genomes  716741 energy   209.0 births 49464252 deaths 49467610 (49400.6s) AMD Radeon AI PRO R9700 (RADV GFX1201)
tick 2792000 alive  3462480 genomes  716245 energy   208.9 births 49456677 deaths 49460772 (49416.9s) AMD Radeon AI PRO R9700 (RADV GFX1201)
tick 2793000 alive  3470811 genomes  715561 energy   208.8 births 49492893 deaths 49484562 (49433.0s) AMD Radeon AI PRO R9700 (RADV GFX1201)
tick 2794000 alive  3465269 genomes  715774 energy   209.3 births 49421138 deaths 49426680 (49449.2s) AMD Radeon AI PRO R9700 (RADV GFX1201)
tick 2795000 alive  3457278 genomes  717705 energy   209.0 births 49265092 deaths 49273083 (49465.4s) AMD Radeon AI PRO R9700 (RADV GFX1201)
tick 2796000 alive  3461734 genomes  718415 energy   209.0 births 49268156 deaths 49263700 (49481.7s) AMD Radeon AI PRO R9700 (RADV GFX1201)
tick 2797000 alive  3466557 genomes  720148 energy   209.0 births 49268210 deaths 49263387 (49497.9s) AMD Radeon AI PRO R9700 (RADV GFX1201)
tick 2798000 alive  3459433 genomes  716867 energy   208.9 births 49184260 deaths 49191384 (49514.3s) AMD Radeon AI PRO R9700 (RADV GFX1201)
tick 2799000 alive  3452249 genomes  716440 energy   209.0 births 49287158 deaths 49294342 (49530.7s) AMD Radeon AI PRO R9700 (RADV GFX1201)
tick 2800000 alive  3458513 genomes  717503 energy   208.9 births 49323008 deaths 49316744 (49547.0s) AMD Radeon AI PRO R9700 (RADV GFX1201)
tick 2801000 alive  3457912 genomes  717133 energy   208.6 births 49490165 deaths 49490766 (49563.1s) AMD Radeon AI PRO R9700 (RADV GFX1201)
tick 2802000 alive  3463330 genomes  717412 energy   208.7 births 49587627 deaths 49582209 (49579.3s) AMD Radeon AI PRO R9700 (RADV GFX1201)
tick 2803000 alive  3451783 genomes  718322 energy   208.8 births 49574778 deaths 49586325 (49595.6s) AMD Radeon AI PRO R9700 (RADV GFX1201)
tick 2804000 alive  3455372 genomes  719134 energy   208.8 births 49578366 deaths 49574777 (49611.9s) AMD Radeon AI PRO R9700 (RADV GFX1201)
tick 2805000 alive  3460440 genomes  718175 energy   208.7 births 49423506 deaths 49418438 (49628.1s) AMD Radeon AI PRO R9700 (RADV GFX1201)
tick 2806000 alive  3457430 genomes  714282 energy   209.0 births 49357506 deaths 49360516 (49644.2s) AMD Radeon AI PRO R9700 (RADV GFX1201)
tick 2807000 alive  3455091 genomes  715162 energy   208.8 births 49253025 deaths 49255364 (49660.4s) AMD Radeon AI PRO R9700 (RADV GFX1201)
tick 2808000 alive  3465135 genomes  714256 energy   208.7 births 49557492 deaths 49547448 (49676.5s) AMD Radeon AI PRO R9700 (RADV GFX1201)
tick 2809000 alive  3466829 genomes  710161 energy   209.1 births 49584439 deaths 49582745 (49692.7s) AMD Radeon AI PRO R9700 (RADV GFX1201)
tick 2810000 alive  3455814 genomes  713295 energy   209.0 births 49195961 deaths 49206976 (49709.0s) AMD Radeon AI PRO R9700 (RADV GFX1201)
tick 2811000 alive  3471699 genomes  716291 energy   208.8 births 49403699 deaths 49387814 (49725.1s) AMD Radeon AI PRO R9700 (RADV GFX1201)
tick 2812000 alive  3462519 genomes  714581 energy   208.9 births 49530175 deaths 49539355 (49741.3s) AMD Radeon AI PRO R9700 (RADV GFX1201)
tick 2813000 alive  3459665 genomes  716548 energy   208.7 births 49382387 deaths 49385241 (49757.4s) AMD Radeon AI PRO R9700 (RADV GFX1201)
tick 2814000 alive  3460077 genomes  717924 energy   208.9 births 49359370 deaths 49358958 (49773.5s) AMD Radeon AI PRO R9700 (RADV GFX1201)
tick 2815000 alive  3457732 genomes  718140 energy   208.6 births 49425290 deaths 49427635 (49789.7s) AMD Radeon AI PRO R9700 (RADV GFX1201)
tick 2816000 alive  3463894 genomes  719630 energy   208.9 births 49517134 deaths 49510972 (49805.8s) AMD Radeon AI PRO R9700 (RADV GFX1201)
tick 2817000 alive  3449826 genomes  721974 energy   208.9 births 49112793 deaths 49126861 (49822.1s) AMD Radeon AI PRO R9700 (RADV GFX1201)
tick 2818000 alive  3445692 genomes  722858 energy   208.8 births 49091787 deaths 49095921 (49838.3s) AMD Radeon AI PRO R9700 (RADV GFX1201)
tick 2819000 alive  3447950 genomes  722262 energy   209.0 births 49094118 deaths 49091860 (49854.5s) AMD Radeon AI PRO R9700 (RADV GFX1201)
tick 2820000 alive  3453545 genomes  722106 energy   208.9 births 49173899 deaths 49168304 (49870.9s) AMD Radeon AI PRO R9700 (RADV GFX1201)
tick 2821000 alive  3457901 genomes  721679 energy   208.8 births 49237712 deaths 49233356 (49887.2s) AMD Radeon AI PRO R9700 (RADV GFX1201)
tick 2822000 alive  3450343 genomes  719683 energy   208.7 births 49435667 deaths 49443225 (49903.5s) AMD Radeon AI PRO R9700 (RADV GFX1201)
tick 2823000 alive  3462894 genomes  717767 energy   208.6 births 49564573 deaths 49552022 (49919.8s) AMD Radeon AI PRO R9700 (RADV GFX1201)
tick 2824000 alive  3483470 genomes  715921 energy   208.7 births 49957740 deaths 49937164 (49936.0s) AMD Radeon AI PRO R9700 (RADV GFX1201)
tick 2825000 alive  3458462 genomes  717547 energy   209.2 births 49531732 deaths 49556740 (49952.5s) AMD Radeon AI PRO R9700 (RADV GFX1201)
tick 2826000 alive  3453111 genomes  717711 energy   208.6 births 49254361 deaths 49259712 (49968.8s) AMD Radeon AI PRO R9700 (RADV GFX1201)
tick 2827000 alive  3460740 genomes  716689 energy   208.9 births 49585681 deaths 49578052 (49985.1s) AMD Radeon AI PRO R9700 (RADV GFX1201)
tick 2828000 alive  3463467 genomes  713780 energy   208.8 births 49601774 deaths 49599047 (50001.5s) AMD Radeon AI PRO R9700 (RADV GFX1201)
tick 2829000 alive  3453085 genomes  714340 energy   208.9 births 49383906 deaths 49394288 (50017.7s) AMD Radeon AI PRO R9700 (RADV GFX1201)
tick 2830000 alive  3466782 genomes  718450 energy   208.9 births 49349768 deaths 49336071 (50034.0s) AMD Radeon AI PRO R9700 (RADV GFX1201)
tick 2831000 alive  3458591 genomes  717454 energy   208.8 births 49402990 deaths 49411181 (50050.2s) AMD Radeon AI PRO R9700 (RADV GFX1201)
tick 2832000 alive  3465672 genomes  714916 energy   208.8 births 49522324 deaths 49515243 (50066.6s) AMD Radeon AI PRO R9700 (RADV GFX1201)
tick 2833000 alive  3451333 genomes  716828 energy   208.8 births 49397211 deaths 49411550 (50082.8s) AMD Radeon AI PRO R9700 (RADV GFX1201)
tick 2834000 alive  3448367 genomes  718583 energy   209.0 births 49211681 deaths 49214647 (50099.1s) AMD Radeon AI PRO R9700 (RADV GFX1201)
tick 2835000 alive  3455297 genomes  719566 energy   208.8 births 49149051 deaths 49142121 (50115.4s) AMD Radeon AI PRO R9700 (RADV GFX1201)
tick 2836000 alive  3446331 genomes  721842 energy   208.9 births 48991400 deaths 49000366 (50131.7s) AMD Radeon AI PRO R9700 (RADV GFX1201)
tick 2837000 alive  3439418 genomes  723145 energy   209.1 births 48913119 deaths 48920032 (50147.9s) AMD Radeon AI PRO R9700 (RADV GFX1201)
tick 2838000 alive  3454379 genomes  724054 energy   209.0 births 49170148 deaths 49155187 (50164.1s) AMD Radeon AI PRO R9700 (RADV GFX1201)
tick 2839000 alive  3442542 genomes  723568 energy   209.4 births 48844968 deaths 48856805 (50180.4s) AMD Radeon AI PRO R9700 (RADV GFX1201)
tick 2840000 alive  3437583 genomes  728658 energy   209.0 births 48645285 deaths 48650244 (50196.5s) AMD Radeon AI PRO R9700 (RADV GFX1201)
tick 2841000 alive  3437941 genomes  728026 energy   209.0 births 48707815 deaths 48707457 (50212.8s) AMD Radeon AI PRO R9700 (RADV GFX1201)
tick 2842000 alive  3443965 genomes  727898 energy   209.0 births 48764955 deaths 48758931 (50229.0s) AMD Radeon AI PRO R9700 (RADV GFX1201)
tick 2843000 alive  3456497 genomes  725400 energy   209.0 births 49088241 deaths 49075709 (50245.2s) AMD Radeon AI PRO R9700 (RADV GFX1201)
tick 2844000 alive  3451471 genomes  725094 energy   208.9 births 49119462 deaths 49124488 (50261.4s) AMD Radeon AI PRO R9700 (RADV GFX1201)
tick 2845000 alive  3451554 genomes  727458 energy   209.1 births 49037007 deaths 49036924 (50277.5s) AMD Radeon AI PRO R9700 (RADV GFX1201)
tick 2846000 alive  3444703 genomes  728575 energy   209.1 births 48851379 deaths 48858230 (50293.8s) AMD Radeon AI PRO R9700 (RADV GFX1201)
tick 2847000 alive  3447577 genomes  725913 energy   208.9 births 49006537 deaths 49003663 (50309.9s) AMD Radeon AI PRO R9700 (RADV GFX1201)
tick 2848000 alive  3450571 genomes  723334 energy   209.1 births 48961960 deaths 48958966 (50326.1s) AMD Radeon AI PRO R9700 (RADV GFX1201)
tick 2849000 alive  3460820 genomes  721835 energy   208.9 births 49154304 deaths 49144055 (50342.3s) AMD Radeon AI PRO R9700 (RADV GFX1201)
tick 2850000 alive  3461513 genomes  722380 energy   209.0 births 49424815 deaths 49424122 (50358.4s) AMD Radeon AI PRO R9700 (RADV GFX1201)
tick 2851000 alive  3459585 genomes  719829 energy   209.0 births 49238626 deaths 49240554 (50374.6s) AMD Radeon AI PRO R9700 (RADV GFX1201)
tick 2852000 alive  3454835 genomes  718151 energy   208.8 births 49176926 deaths 49181676 (50390.8s) AMD Radeon AI PRO R9700 (RADV GFX1201)
tick 2853000 alive  3458584 genomes  717525 energy   209.0 births 49183655 deaths 49179906 (50407.0s) AMD Radeon AI PRO R9700 (RADV GFX1201)
tick 2854000 alive  3468058 genomes  715393 energy   209.1 births 49191437 deaths 49181963 (50423.3s) AMD Radeon AI PRO R9700 (RADV GFX1201)
tick 2855000 alive  3467749 genomes  715835 energy   208.8 births 49294966 deaths 49295275 (50439.5s) AMD Radeon AI PRO R9700 (RADV GFX1201)
tick 2856000 alive  3465532 genomes  714320 energy   208.9 births 49532098 deaths 49534315 (50455.8s) AMD Radeon AI PRO R9700 (RADV GFX1201)
tick 2857000 alive  3464800 genomes  715886 energy   209.2 births 49347381 deaths 49348113 (50471.9s) AMD Radeon AI PRO R9700 (RADV GFX1201)
tick 2858000 alive  3451048 genomes  716782 energy   209.0 births 49119749 deaths 49133501 (50488.2s) AMD Radeon AI PRO R9700 (RADV GFX1201)
tick 2859000 alive  3466267 genomes  713666 energy   208.7 births 49364145 deaths 49348926 (50504.4s) AMD Radeon AI PRO R9700 (RADV GFX1201)
tick 2860000 alive  3474639 genomes  710965 energy   209.0 births 49747089 deaths 49738717 (50520.7s) AMD Radeon AI PRO R9700 (RADV GFX1201)
tick 2861000 alive  3467555 genomes  707049 energy   208.7 births 49580624 deaths 49587708 (50536.8s) AMD Radeon AI PRO R9700 (RADV GFX1201)
tick 2862000 alive  3476985 genomes  708895 energy   208.8 births 49788806 deaths 49779376 (50553.0s) AMD Radeon AI PRO R9700 (RADV GFX1201)
tick 2863000 alive  3471842 genomes  713174 energy   208.7 births 49759109 deaths 49764252 (50569.2s) AMD Radeon AI PRO R9700 (RADV GFX1201)
tick 2864000 alive  3463112 genomes  713351 energy   208.7 births 49614387 deaths 49623117 (50585.4s) AMD Radeon AI PRO R9700 (RADV GFX1201)
tick 2865000 alive  3468304 genomes  714506 energy   209.0 births 49688384 deaths 49683192 (50601.7s) AMD Radeon AI PRO R9700 (RADV GFX1201)
tick 2866000 alive  3457513 genomes  713315 energy   209.1 births 49273669 deaths 49284460 (50617.8s) AMD Radeon AI PRO R9700 (RADV GFX1201)
tick 2867000 alive  3456095 genomes  713394 energy   209.1 births 49271226 deaths 49272644 (50634.0s) AMD Radeon AI PRO R9700 (RADV GFX1201)
tick 2868000 alive  3461843 genomes  715649 energy   209.1 births 49186738 deaths 49180990 (50650.4s) AMD Radeon AI PRO R9700 (RADV GFX1201)
tick 2869000 alive  3456139 genomes  715723 energy   209.0 births 49082939 deaths 49088643 (50666.5s) AMD Radeon AI PRO R9700 (RADV GFX1201)
tick 2870000 alive  3444144 genomes  719590 energy   209.0 births 48902659 deaths 48914654 (50682.7s) AMD Radeon AI PRO R9700 (RADV GFX1201)
tick 2871000 alive  3455600 genomes  718973 energy   209.1 births 49095594 deaths 49084138 (50698.9s) AMD Radeon AI PRO R9700 (RADV GFX1201)
tick 2872000 alive  3451455 genomes  720334 energy   209.0 births 49025160 deaths 49029305 (50715.0s) AMD Radeon AI PRO R9700 (RADV GFX1201)
tick 2873000 alive  3451162 genomes  718740 energy   208.9 births 49043777 deaths 49044070 (50731.2s) AMD Radeon AI PRO R9700 (RADV GFX1201)
tick 2874000 alive  3448537 genomes  719996 energy   209.0 births 49158086 deaths 49160711 (50747.4s) AMD Radeon AI PRO R9700 (RADV GFX1201)
tick 2875000 alive  3448387 genomes  720690 energy   209.2 births 48902625 deaths 48902775 (50763.8s) AMD Radeon AI PRO R9700 (RADV GFX1201)
tick 2876000 alive  3446064 genomes  723825 energy   209.2 births 48712729 deaths 48715052 (50780.1s) AMD Radeon AI PRO R9700 (RADV GFX1201)
tick 2877000 alive  3441280 genomes  724607 energy   209.3 births 48677506 deaths 48682290 (50796.4s) AMD Radeon AI PRO R9700 (RADV GFX1201)
tick 2878000 alive  3438769 genomes  726451 energy   208.9 births 48739864 deaths 48742375 (50812.5s) AMD Radeon AI PRO R9700 (RADV GFX1201)
tick 2879000 alive  3443824 genomes  724872 energy   209.0 births 48999073 deaths 48994018 (50828.7s) AMD Radeon AI PRO R9700 (RADV GFX1201)
tick 2880000 alive  3448760 genomes  726114 energy   208.9 births 48997053 deaths 48992117 (50844.8s) AMD Radeon AI PRO R9700 (RADV GFX1201)
tick 2881000 alive  3443540 genomes  728024 energy   209.1 births 48969056 deaths 48974276 (50861.0s) AMD Radeon AI PRO R9700 (RADV GFX1201)
tick 2882000 alive  3439993 genomes  725524 energy   208.9 births 48819012 deaths 48822559 (50877.3s) AMD Radeon AI PRO R9700 (RADV GFX1201)
tick 2883000 alive  3453196 genomes  728262 energy   208.9 births 49046803 deaths 49033600 (50893.5s) AMD Radeon AI PRO R9700 (RADV GFX1201)
tick 2884000 alive  3451866 genomes  725947 energy   209.1 births 49159935 deaths 49161265 (50909.8s) AMD Radeon AI PRO R9700 (RADV GFX1201)
tick 2885000 alive  3448162 genomes  728381 energy   209.0 births 49011473 deaths 49015177 (50926.1s) AMD Radeon AI PRO R9700 (RADV GFX1201)
tick 2886000 alive  3441729 genomes  729052 energy   209.2 births 48719119 deaths 48725552 (50942.5s) AMD Radeon AI PRO R9700 (RADV GFX1201)
tick 2887000 alive  3431877 genomes  729514 energy   209.2 births 48549092 deaths 48558944 (50958.8s) AMD Radeon AI PRO R9700 (RADV GFX1201)
tick 2888000 alive  3443334 genomes  729418 energy   209.0 births 48700422 deaths 48688965 (50975.0s) AMD Radeon AI PRO R9700 (RADV GFX1201)
tick 2889000 alive  3444100 genomes  729395 energy   209.0 births 48897023 deaths 48896257 (50991.2s) AMD Radeon AI PRO R9700 (RADV GFX1201)
tick 2890000 alive  3447098 genomes  728423 energy   209.1 births 48914589 deaths 48911591 (51007.4s) AMD Radeon AI PRO R9700 (RADV GFX1201)
tick 2891000 alive  3438951 genomes  727526 energy   209.1 births 48819573 deaths 48827720 (51023.6s) AMD Radeon AI PRO R9700 (RADV GFX1201)
tick 2892000 alive  3432732 genomes  726370 energy   209.2 births 48440631 deaths 48446850 (51039.8s) AMD Radeon AI PRO R9700 (RADV GFX1201)
tick 2893000 alive  3446680 genomes  725637 energy   209.1 births 48773786 deaths 48759838 (51056.0s) AMD Radeon AI PRO R9700 (RADV GFX1201)
tick 2894000 alive  3446568 genomes  725330 energy   209.0 births 48961810 deaths 48961922 (51072.4s) AMD Radeon AI PRO R9700 (RADV GFX1201)
tick 2895000 alive  3450297 genomes  727083 energy   209.0 births 49007223 deaths 49003494 (51088.7s) AMD Radeon AI PRO R9700 (RADV GFX1201)
tick 2896000 alive  3441916 genomes  729039 energy   209.1 births 48924905 deaths 48933286 (51105.0s) AMD Radeon AI PRO R9700 (RADV GFX1201)
tick 2897000 alive  3457658 genomes  727078 energy   209.1 births 49015963 deaths 49000221 (51121.2s) AMD Radeon AI PRO R9700 (RADV GFX1201)
tick 2898000 alive  3447882 genomes  725883 energy   209.1 births 49066592 deaths 49076368 (51137.5s) AMD Radeon AI PRO R9700 (RADV GFX1201)
tick 2899000 alive  3451517 genomes  726351 energy   208.9 births 49043608 deaths 49039973 (51153.8s) AMD Radeon AI PRO R9700 (RADV GFX1201)
tick 2900000 alive  3454440 genomes  729632 energy   208.9 births 49281979 deaths 49279056 (51170.1s) AMD Radeon AI PRO R9700 (RADV GFX1201)
tick 2901000 alive  3456729 genomes  725585 energy   208.8 births 49047655 deaths 49045366 (51186.3s) AMD Radeon AI PRO R9700 (RADV GFX1201)
tick 2902000 alive  3451899 genomes  723889 energy   209.0 births 49231061 deaths 49235891 (51202.6s) AMD Radeon AI PRO R9700 (RADV GFX1201)
tick 2903000 alive  3455140 genomes  722050 energy   208.9 births 49226527 deaths 49223286 (51218.8s) AMD Radeon AI PRO R9700 (RADV GFX1201)
tick 2904000 alive  3453773 genomes  721421 energy   209.1 births 49214242 deaths 49215609 (51235.0s) AMD Radeon AI PRO R9700 (RADV GFX1201)
tick 2905000 alive  3459902 genomes  721607 energy   208.9 births 49233868 deaths 49227739 (51251.2s) AMD Radeon AI PRO R9700 (RADV GFX1201)
tick 2906000 alive  3458694 genomes  717407 energy   209.1 births 49282655 deaths 49283863 (51267.4s) AMD Radeon AI PRO R9700 (RADV GFX1201)
tick 2907000 alive  3460649 genomes  716535 energy   208.8 births 49207559 deaths 49205604 (51283.6s) AMD Radeon AI PRO R9700 (RADV GFX1201)
tick 2908000 alive  3453100 genomes  716474 energy   209.1 births 49296994 deaths 49304543 (51299.8s) AMD Radeon AI PRO R9700 (RADV GFX1201)
tick 2909000 alive  3455163 genomes  716770 energy   209.0 births 49118729 deaths 49116666 (51315.9s) AMD Radeon AI PRO R9700 (RADV GFX1201)
tick 2910000 alive  3447248 genomes  716809 energy   208.9 births 48987363 deaths 48995278 (51332.1s) AMD Radeon AI PRO R9700 (RADV GFX1201)
tick 2911000 alive  3456769 genomes  717692 energy   209.1 births 49202315 deaths 49192794 (51348.3s) AMD Radeon AI PRO R9700 (RADV GFX1201)
tick 2912000 alive  3445291 genomes  715793 energy   209.0 births 48927165 deaths 48938643 (51364.4s) AMD Radeon AI PRO R9700 (RADV GFX1201)
tick 2913000 alive  3446770 genomes  717123 energy   209.1 births 48926171 deaths 48924692 (51380.7s) AMD Radeon AI PRO R9700 (RADV GFX1201)
tick 2914000 alive  3451194 genomes  719408 energy   208.9 births 48939561 deaths 48935137 (51396.8s) AMD Radeon AI PRO R9700 (RADV GFX1201)
tick 2915000 alive  3453153 genomes  718928 energy   208.9 births 49130348 deaths 49128389 (51413.0s) AMD Radeon AI PRO R9700 (RADV GFX1201)
tick 2916000 alive  3461530 genomes  718586 energy   209.2 births 49106351 deaths 49097974 (51429.3s) AMD Radeon AI PRO R9700 (RADV GFX1201)
tick 2917000 alive  3457755 genomes  717350 energy   209.2 births 48902453 deaths 48906228 (51445.6s) AMD Radeon AI PRO R9700 (RADV GFX1201)
tick 2918000 alive  3444200 genomes  718217 energy   209.2 births 48848786 deaths 48862341 (51462.0s) AMD Radeon AI PRO R9700 (RADV GFX1201)
tick 2919000 alive  3448275 genomes  717578 energy   209.1 births 48855794 deaths 48851719 (51478.3s) AMD Radeon AI PRO R9700 (RADV GFX1201)
tick 2920000 alive  3451896 genomes  721589 energy   209.1 births 48909750 deaths 48906129 (51494.5s) AMD Radeon AI PRO R9700 (RADV GFX1201)
tick 2921000 alive  3448394 genomes  722766 energy   209.0 births 48932053 deaths 48935555 (51510.7s) AMD Radeon AI PRO R9700 (RADV GFX1201)
tick 2922000 alive  3446724 genomes  721701 energy   208.9 births 49175292 deaths 49176962 (51527.0s) AMD Radeon AI PRO R9700 (RADV GFX1201)
tick 2923000 alive  3449705 genomes  721444 energy   208.9 births 49155610 deaths 49152629 (51543.2s) AMD Radeon AI PRO R9700 (RADV GFX1201)
tick 2924000 alive  3462770 genomes  720391 energy   208.8 births 49535443 deaths 49522378 (51559.4s) AMD Radeon AI PRO R9700 (RADV GFX1201)
tick 2925000 alive  3464986 genomes  718854 energy   208.8 births 49534487 deaths 49532271 (51575.7s) AMD Radeon AI PRO R9700 (RADV GFX1201)
tick 2926000 alive  3451110 genomes  719099 energy   209.0 births 49228555 deaths 49242431 (51592.0s) AMD Radeon AI PRO R9700 (RADV GFX1201)
tick 2927000 alive  3459722 genomes  719438 energy   209.1 births 49197602 deaths 49188990 (51608.2s) AMD Radeon AI PRO R9700 (RADV GFX1201)
tick 2928000 alive  3457823 genomes  720911 energy   209.0 births 49199310 deaths 49201209 (51624.3s) AMD Radeon AI PRO R9700 (RADV GFX1201)
tick 2929000 alive  3458028 genomes  721119 energy   209.0 births 49066171 deaths 49065966 (51640.6s) AMD Radeon AI PRO R9700 (RADV GFX1201)
tick 2930000 alive  3442819 genomes  723222 energy   209.1 births 48886143 deaths 48901352 (51656.8s) AMD Radeon AI PRO R9700 (RADV GFX1201)
tick 2931000 alive  3459913 genomes  723975 energy   208.7 births 49100107 deaths 49083013 (51673.1s) AMD Radeon AI PRO R9700 (RADV GFX1201)
tick 2932000 alive  3459257 genomes  725260 energy   209.0 births 49415142 deaths 49415798 (51689.2s) AMD Radeon AI PRO R9700 (RADV GFX1201)
tick 2933000 alive  3447834 genomes  723977 energy   209.2 births 49078677 deaths 49090100 (51705.3s) AMD Radeon AI PRO R9700 (RADV GFX1201)
tick 2934000 alive  3446547 genomes  725421 energy   208.9 births 48999827 deaths 49001114 (51721.5s) AMD Radeon AI PRO R9700 (RADV GFX1201)
tick 2935000 alive  3459092 genomes  724368 energy   208.9 births 49106391 deaths 49093846 (51737.6s) AMD Radeon AI PRO R9700 (RADV GFX1201)
tick 2936000 alive  3460610 genomes  724328 energy   209.1 births 49233151 deaths 49231633 (51753.9s) AMD Radeon AI PRO R9700 (RADV GFX1201)
tick 2937000 alive  3452484 genomes  723315 energy   209.4 births 48894631 deaths 48902757 (51770.2s) AMD Radeon AI PRO R9700 (RADV GFX1201)
tick 2938000 alive  3451740 genomes  721792 energy   209.1 births 48918645 deaths 48919389 (51786.4s) AMD Radeon AI PRO R9700 (RADV GFX1201)
tick 2939000 alive  3452735 genomes  723367 energy   208.9 births 49154092 deaths 49153097 (51802.6s) AMD Radeon AI PRO R9700 (RADV GFX1201)
tick 2940000 alive  3453212 genomes  719352 energy   208.7 births 49430126 deaths 49429649 (51818.8s) AMD Radeon AI PRO R9700 (RADV GFX1201)
tick 2941000 alive  3468976 genomes  718713 energy   208.6 births 49710252 deaths 49694488 (51834.9s) AMD Radeon AI PRO R9700 (RADV GFX1201)
tick 2942000 alive  3474604 genomes  717263 energy   208.6 births 49793100 deaths 49787472 (51851.0s) AMD Radeon AI PRO R9700 (RADV GFX1201)
tick 2943000 alive  3457121 genomes  718329 energy   208.9 births 49519650 deaths 49537133 (51867.2s) AMD Radeon AI PRO R9700 (RADV GFX1201)
tick 2944000 alive  3457684 genomes  718875 energy   208.9 births 49335118 deaths 49334555 (51883.5s) AMD Radeon AI PRO R9700 (RADV GFX1201)
tick 2945000 alive  3451169 genomes  719882 energy   209.1 births 49255901 deaths 49262416 (51899.7s) AMD Radeon AI PRO R9700 (RADV GFX1201)
tick 2946000 alive  3450970 genomes  718414 energy   208.6 births 49260527 deaths 49260726 (51915.9s) AMD Radeon AI PRO R9700 (RADV GFX1201)
tick 2947000 alive  3458438 genomes  715425 energy   208.9 births 49391114 deaths 49383646 (51932.0s) AMD Radeon AI PRO R9700 (RADV GFX1201)
tick 2948000 alive  3460641 genomes  717240 energy   208.7 births 49462495 deaths 49460292 (51948.2s) AMD Radeon AI PRO R9700 (RADV GFX1201)
tick 2949000 alive  3456708 genomes  720440 energy   208.9 births 49429386 deaths 49433319 (51964.4s) AMD Radeon AI PRO R9700 (RADV GFX1201)
tick 2950000 alive  3450866 genomes  720464 energy   208.7 births 49315175 deaths 49321017 (51980.5s) AMD Radeon AI PRO R9700 (RADV GFX1201)
tick 2951000 alive  3452809 genomes  717764 energy   208.8 births 49361205 deaths 49359262 (51996.7s) AMD Radeon AI PRO R9700 (RADV GFX1201)
tick 2952000 alive  3453119 genomes  718792 energy   209.0 births 49239612 deaths 49239302 (52012.9s) AMD Radeon AI PRO R9700 (RADV GFX1201)
tick 2953000 alive  3452914 genomes  721387 energy   208.9 births 49132384 deaths 49132589 (52029.1s) AMD Radeon AI PRO R9700 (RADV GFX1201)
tick 2954000 alive  3439795 genomes  722050 energy   209.1 births 49030528 deaths 49043647 (52045.4s) AMD Radeon AI PRO R9700 (RADV GFX1201)
tick 2955000 alive  3448329 genomes  724329 energy   208.9 births 48880588 deaths 48872054 (52061.7s) AMD Radeon AI PRO R9700 (RADV GFX1201)
tick 2956000 alive  3436281 genomes  724532 energy   208.8 births 49001407 deaths 49013455 (52077.9s) AMD Radeon AI PRO R9700 (RADV GFX1201)
tick 2957000 alive  3439016 genomes  722924 energy   208.7 births 48896163 deaths 48893428 (52094.1s) AMD Radeon AI PRO R9700 (RADV GFX1201)
tick 2958000 alive  3445185 genomes  725191 energy   209.1 births 49094078 deaths 49087909 (52110.3s) AMD Radeon AI PRO R9700 (RADV GFX1201)
tick 2959000 alive  3438496 genomes  730136 energy   208.8 births 48838821 deaths 48845510 (52126.8s) AMD Radeon AI PRO R9700 (RADV GFX1201)
tick 2960000 alive  3442744 genomes  728628 energy   208.9 births 49045306 deaths 49041058 (52143.0s) AMD Radeon AI PRO R9700 (RADV GFX1201)
tick 2961000 alive  3440335 genomes  727353 energy   208.9 births 48906883 deaths 48909292 (52159.4s) AMD Radeon AI PRO R9700 (RADV GFX1201)
tick 2962000 alive  3441613 genomes  726947 energy   209.0 births 48912519 deaths 48911241 (52175.7s) AMD Radeon AI PRO R9700 (RADV GFX1201)
tick 2963000 alive  3433065 genomes  727718 energy   209.3 births 48613131 deaths 48621679 (52191.9s) AMD Radeon AI PRO R9700 (RADV GFX1201)
tick 2964000 alive  3431891 genomes  728850 energy   208.9 births 48564656 deaths 48565830 (52208.1s) AMD Radeon AI PRO R9700 (RADV GFX1201)
tick 2965000 alive  3445473 genomes  726836 energy   208.7 births 49199103 deaths 49185521 (52224.4s) AMD Radeon AI PRO R9700 (RADV GFX1201)
tick 2966000 alive  3464053 genomes  723772 energy   208.9 births 49428773 deaths 49410193 (52240.6s) AMD Radeon AI PRO R9700 (RADV GFX1201)
tick 2967000 alive  3449230 genomes  722738 energy   209.0 births 49305637 deaths 49320460 (52256.9s) AMD Radeon AI PRO R9700 (RADV GFX1201)
tick 2968000 alive  3452890 genomes  720277 energy   208.9 births 49249979 deaths 49246319 (52273.1s) AMD Radeon AI PRO R9700 (RADV GFX1201)
tick 2969000 alive  3462783 genomes  720040 energy   208.5 births 49500599 deaths 49490706 (52289.2s) AMD Radeon AI PRO R9700 (RADV GFX1201)
tick 2970000 alive  3456550 genomes  719712 energy   208.9 births 49633872 deaths 49640105 (52305.4s) AMD Radeon AI PRO R9700 (RADV GFX1201)
tick 2971000 alive  3457338 genomes  719377 energy   208.5 births 49433836 deaths 49433048 (52321.6s) AMD Radeon AI PRO R9700 (RADV GFX1201)
tick 2972000 alive  3461096 genomes  719153 energy   208.8 births 49559927 deaths 49556169 (52337.8s) AMD Radeon AI PRO R9700 (RADV GFX1201)
tick 2973000 alive  3460921 genomes  718960 energy   208.9 births 49638391 deaths 49638566 (52354.1s) AMD Radeon AI PRO R9700 (RADV GFX1201)
tick 2974000 alive  3457215 genomes  719056 energy   208.8 births 49478310 deaths 49482016 (52370.4s) AMD Radeon AI PRO R9700 (RADV GFX1201)
tick 2975000 alive  3471218 genomes  718737 energy   208.9 births 49718403 deaths 49704400 (52386.6s) AMD Radeon AI PRO R9700 (RADV GFX1201)
tick 2976000 alive  3464843 genomes  720392 energy   208.8 births 49546926 deaths 49553301 (52402.7s) AMD Radeon AI PRO R9700 (RADV GFX1201)
tick 2977000 alive  3453687 genomes  722231 energy   208.8 births 49397228 deaths 49408384 (52419.0s) AMD Radeon AI PRO R9700 (RADV GFX1201)
tick 2978000 alive  3452433 genomes  722735 energy   208.7 births 49320555 deaths 49321809 (52435.2s) AMD Radeon AI PRO R9700 (RADV GFX1201)
tick 2979000 alive  3455760 genomes  723985 energy   208.9 births 49291043 deaths 49287716 (52451.4s) AMD Radeon AI PRO R9700 (RADV GFX1201)
tick 2980000 alive  3460835 genomes  722694 energy   209.1 births 49358179 deaths 49353104 (52467.8s) AMD Radeon AI PRO R9700 (RADV GFX1201)
tick 2981000 alive  3451400 genomes  723151 energy   208.9 births 49116223 deaths 49125658 (52484.1s) AMD Radeon AI PRO R9700 (RADV GFX1201)
tick 2982000 alive  3440963 genomes  724414 energy   209.0 births 48937503 deaths 48947940 (52500.5s) AMD Radeon AI PRO R9700 (RADV GFX1201)
tick 2983000 alive  3448550 genomes  723275 energy   208.8 births 48967942 deaths 48960355 (52516.7s) AMD Radeon AI PRO R9700 (RADV GFX1201)
tick 2984000 alive  3459760 genomes  724317 energy   208.6 births 49429155 deaths 49417945 (52533.0s) AMD Radeon AI PRO R9700 (RADV GFX1201)
tick 2985000 alive  3440414 genomes  722150 energy   209.0 births 49329856 deaths 49349202 (52549.1s) AMD Radeon AI PRO R9700 (RADV GFX1201)
tick 2986000 alive  3446830 genomes  725183 energy   208.8 births 49052751 deaths 49046335 (52565.5s) AMD Radeon AI PRO R9700 (RADV GFX1201)
tick 2987000 alive  3449574 genomes  724332 energy   208.8 births 49203968 deaths 49201224 (52581.7s) AMD Radeon AI PRO R9700 (RADV GFX1201)
tick 2988000 alive  3450148 genomes  724585 energy   208.8 births 49208241 deaths 49207667 (52598.0s) AMD Radeon AI PRO R9700 (RADV GFX1201)
tick 2989000 alive  3440022 genomes  728005 energy   208.9 births 49120164 deaths 49130290 (52614.3s) AMD Radeon AI PRO R9700 (RADV GFX1201)
tick 2990000 alive  3446657 genomes  727978 energy   208.8 births 49158266 deaths 49151631 (52630.5s) AMD Radeon AI PRO R9700 (RADV GFX1201)
tick 2991000 alive  3443857 genomes  726412 energy   209.1 births 49159995 deaths 49162795 (52646.7s) AMD Radeon AI PRO R9700 (RADV GFX1201)
tick 2992000 alive  3439650 genomes  730466 energy   209.1 births 48846317 deaths 48850524 (52663.0s) AMD Radeon AI PRO R9700 (RADV GFX1201)
tick 2993000 alive  3440080 genomes  729801 energy   209.0 births 48976765 deaths 48976335 (52679.2s) AMD Radeon AI PRO R9700 (RADV GFX1201)
tick 2994000 alive  3448189 genomes  729262 energy   208.6 births 49292300 deaths 49284191 (52695.4s) AMD Radeon AI PRO R9700 (RADV GFX1201)
tick 2995000 alive  3458842 genomes  724392 energy   208.8 births 49568860 deaths 49558207 (52711.6s) AMD Radeon AI PRO R9700 (RADV GFX1201)
tick 2996000 alive  3464518 genomes  721751 energy   208.7 births 49556608 deaths 49550932 (52727.8s) AMD Radeon AI PRO R9700 (RADV GFX1201)
tick 2997000 alive  3459906 genomes  722007 energy   208.8 births 49560614 deaths 49565226 (52744.0s) AMD Radeon AI PRO R9700 (RADV GFX1201)
tick 2998000 alive  3467734 genomes  722506 energy   209.0 births 49465053 deaths 49457225 (52760.2s) AMD Radeon AI PRO R9700 (RADV GFX1201)
tick 2999000 alive  3453819 genomes  722958 energy   208.9 births 49273802 deaths 49287717 (52776.4s) AMD Radeon AI PRO R9700 (RADV GFX1201)
tick 3000000 alive  3456733 genomes  721029 energy   208.8 births 49308518 deaths 49305604 (52792.6s) AMD Radeon AI PRO R9700 (RADV GFX1201)
done 3000000 ticks in 52792.6s
