tick,alive,distinct_genomes,mean_energy,births,deaths
0,209847,209843,64.00,0,0
1000,4158308,1182392,172.64,83172256,79223795
2000,4168247,894148,193.93,89559341,89549402
3000,4153496,714343,198.39,78176723,78191474
4000,4129188,649922,198.99,75200886,75225194
5000,4097403,653222,198.84,74907543,74939328
6000,4056930,678109,199.39,74022835,74063308
7000,4010415,713366,200.35,72215087,72261602
8000,3948403,744357,201.39,69904923,69966935
9000,3898872,778485,202.28,67579648,67629179
10000,3857034,812363,203.32,65370011,65411849
11000,3815598,840623,204.59,63196279,63237715
12000,3764695,866824,206.04,60568479,60619382
13000,3707257,893992,207.15,57966237,58023675
14000,3642073,918540,208.10,55455959,55521143
15000,3601392,934883,208.84,53372196,53412877
16000,3544085,949174,209.75,51305902,51363209
17000,3503944,958483,210.34,49653261,49693402
18000,3460748,967466,210.99,48047370,48090566
19000,3434052,975133,211.39,46989516,47016212
20000,3414387,981258,211.63,46034605,46054270
21000,3392496,983058,212.30,45273628,45295519
22000,3374792,985763,212.24,44633042,44650746
23000,3374221,985974,212.56,44371633,44372204
24000,3379716,988024,212.36,44429042,44423547
25000,3369920,988025,212.58,44070754,44080550
26000,3369533,987839,212.59,43945246,43945633
27000,3352963,987713,212.60,43683270,43699840
28000,3365012,990490,212.58,43838900,43826851
29000,3356470,988151,212.66,43702790,43711332
30000,3354328,987195,212.85,43467349,43469491
31000,3358692,987218,212.85,43514698,43510334
32000,3353460,985068,212.90,43473296,43478528
33000,3346369,982995,213.18,43190551,43197642
34000,3352057,985284,212.96,43253310,43247622
35000,3342945,984745,212.77,43323900,43333012
36000,3354812,986914,212.76,43391834,43379967
37000,3345391,985556,212.87,43217394,43226815
38000,3347766,986056,212.84,43258793,43256418
39000,3343507,986520,212.88,43252578,43256837
40000,3338769,987187,213.11,43106998,43111736
41000,3330547,987447,212.79,42974913,42983135
42000,3341952,987062,212.85,43184839,43173434
43000,3334471,983365,213.11,43087500,43094981
44000,3342474,983916,213.19,43062276,43054273
45000,3336346,982263,213.11,43013512,43019640
46000,3339742,982817,212.89,43092788,43089392
47000,3344466,981922,213.01,43126322,43121598
48000,3348502,984405,212.89,43170821,43166785
49000,3343518,984973,213.07,43246929,43251913
50000,3343865,983889,212.98,43143846,43143499
51000,3342776,981279,212.93,43221788,43222877
52000,3354999,982221,212.83,43402850,43390627
53000,3354384,979239,213.09,43461361,43461976
54000,3336371,980246,212.83,43088243,43106256
55000,3348860,979386,212.67,43458678,43446189
56000,3351869,976895,212.65,43541891,43538882
57000,3348256,976224,212.86,43588119,43591732
58000,3350501,973646,212.77,43468378,43466133
59000,3354158,973812,212.76,43620990,43617333
60000,3350945,975638,212.75,43501802,43505015
61000,3350965,974316,212.62,43493200,43493180
62000,3344452,971837,212.74,43469549,43476062
63000,3345779,967351,212.84,43477472,43476145
64000,3346178,967392,212.48,43614280,43613881
65000,3360897,968904,212.35,43765347,43750628
66000,3361703,964895,212.54,43995352,43994546
67000,3356463,963834,212.44,43877575,43882815
68000,3346487,963051,212.52,43760737,43770713
69000,3362976,963572,212.14,44071312,44054823
70000,3363122,959496,212.32,44280195,44280049
71000,3367781,957992,212.45,44196696,44192037
72000,3365191,955731,212.45,44110123,44112713
73000,3365917,953699,212.54,44115342,44114616
74000,3354835,951750,212.58,43952699,43963781
75000,3359834,952087,211.93,44100814,44095815
76000,3380083,951623,212.15,44686800,44666551
77000,3379403,949287,212.13,44659302,44659982
78000,3370465,948510,212.22,44498134,44507072
79000,3369420,943988,212.03,44567158,44568203
80000,3380051,939357,212.00,44841745,44831114
81000,3382419,935950,212.15,44932741,44930373
82000,3370315,935240,212.06,44686313,44698417
83000,3385463,933950,211.75,44926018,44910870
84000,3391548,931709,211.84,45149429,45143344
85000,3394075,931954,211.99,45277074,45274547
86000,3380646,926215,211.93,45025726,45039155
87000,3383876,922318,211.65,45029597,45026367
88000,3395141,920830,212.03,45283465,45272200
89000,3393263,916240,211.94,45264901,45266779
90000,3404181,914047,211.80,45319165,45308247
91000,3396118,911320,211.62,45507399,45515462
92000,3394832,910051,211.49,45652863,45654149
93000,3403318,905092,211.47,45746291,45737805
94000,3415189,902879,211.31,45850405,45838534
95000,3417398,902362,211.35,46371538,46369329
96000,3413580,898802,211.21,46254048,46257866
97000,3416300,896043,211.09,46436768,46434048
98000,3419719,893937,210.97,46447861,46444442
99000,3431467,894622,210.92,46809943,46798195
100000,3424889,892050,211.06,46785650,46792228
101000,3431281,889840,210.90,46844335,46837943
102000,3435931,884729,210.75,47071033,47066383
103000,3429251,882177,210.81,47058672,47065352
104000,3439200,879525,210.70,47085245,47075296
105000,3437284,881199,210.83,47233302,47235218
106000,3433560,879818,210.71,47080537,47084261
107000,3438572,876595,210.91,47194316,47189304
108000,3442162,873580,210.78,47090588,47086998
109000,3428674,869695,210.69,47141532,47155020
110000,3449042,869971,210.72,47406417,47386049
111000,3441351,862726,210.62,47469807,47477498
112000,3453808,864043,210.48,47605278,47592821
113000,3451244,859448,210.70,47745408,47747972
114000,3446807,856834,210.52,47733902,47738339
115000,3451686,857676,210.18,47859989,47855110
116000,3453220,850492,210.09,48023588,48022054
117000,3456296,846863,210.12,48032404,48029328
118000,3468403,848501,210.17,48297622,48285515
119000,3463190,841949,210.10,48199916,48205129
120000,3468413,837278,210.28,48352851,48347628
121000,3459681,832599,210.15,48239108,48247840
122000,3464881,831235,210.15,48366701,48361501
123000,3463764,833689,210.22,48510035,48511152
124000,3463141,833377,209.86,48491718,48492341
125000,3464966,831658,209.83,48707789,48705964
126000,3461595,831284,209.71,48779126,48782497
127000,3464172,833688,209.45,48848571,48845994
128000,3475906,835523,209.62,49202399,49190665
129000,3460908,833470,209.51,49007399,49022397
130000,3467576,834556,209.35,49081241,49074573
131000,3467633,832293,209.58,49169845,49169788
132000,3464085,833133,209.43,48985167,48988715
133000,3461945,831893,209.43,49063036,49065176
134000,3474796,828553,209.44,49272324,49259473
135000,3479864,823327,209.44,49281093,49276025
136000,3484095,819885,209.57,49285558,49281327
137000,3480333,811738,209.38,49408551,49412313
138000,3494680,805173,208.94,49862956,49848609
139000,3513071,798206,208.94,50296537,50278146
140000,3507222,794872,209.30,50239209,50245058
141000,3505667,792144,209.15,50320914,50322469
142000,3510860,791837,209.09,50238551,50233358
143000,3515940,789861,208.75,50558319,50553239
144000,3500033,786274,209.12,50407779,50423686
145000,3506621,785559,208.91,50314232,50307644
146000,3507617,786456,208.71,50605274,50604278
147000,3508109,784250,208.45,50636679,50636187
148000,3513378,785671,208.47,51010859,51005590
149000,3502398,785825,208.49,50938450,50949430
150000,3503261,786734,208.35,50827068,50826205
151000,3507140,788125,208.18,51090352,51086473
152000,3494064,787288,208.50,50836145,50849221
153000,3499511,783638,208.14,50710638,50705191
154000,3501013,781383,208.26,50858642,50857140
155000,3503888,778870,208.23,51071980,51069105
156000,3506790,776094,208.08,51176233,51173331
157000,3525173,776160,208.01,51669050,51650667
158000,3525717,771733,208.26,51632393,51631849
159000,3510036,766332,208.46,51267476,51283157
160000,3518788,767659,208.11,51187586,51178834
161000,3513946,766044,208.30,51277680,51282522
162000,3518400,763491,208.21,51419275,51414821
163000,3528041,764340,208.15,51544646,51535005
164000,3524682,765626,207.95,51635796,51639155
165000,3518358,764753,208.04,51666161,51672485
166000,3525270,762268,207.95,51625151,51618239
167000,3521322,764462,207.98,51650149,51654097
168000,3508291,763518,208.09,51452753,51465784
169000,3510215,763775,207.90,51456845,51454921
170000,3512577,759809,207.92,51539875,51537513
171000,3520590,758541,207.72,51734858,51726845
172000,3522482,759554,207.79,51891085,51889193
173000,3516542,758601,207.89,51758950,51764890
174000,3522904,759576,207.58,51886790,51880428
175000,3517680,754604,207.93,51969362,51974586
176000,3521609,750805,207.71,51890806,51886877
177000,3540650,750225,207.43,52388065,52369024
178000,3539961,747419,207.71,52555627,52556316
179000,3539891,746983,207.62,52390819,52390889
180000,3541195,741842,207.55,52474891,52473587
181000,3541940,740660,207.56,52522909,52522164
182000,3548305,740285,207.50,52552448,52546083
183000,3542324,739859,207.67,52579962,52585943
184000,3537858,741246,207.81,52482450,52486916
185000,3536535,738288,207.61,52417009,52418332
186000,3542066,737562,207.67,52477067,52471536
187000,3542267,736962,207.45,52554684,52554483
188000,3541169,734675,207.40,52718156,52719254
189000,3538509,736486,207.27,52616050,52618710
190000,3543635,736971,207.28,52751923,52746797
191000,3539651,736628,207.46,52753952,52757936
192000,3533610,734641,207.47,52543036,52549077
193000,3532930,731997,207.48,52407425,52408105
194000,3530785,733774,207.41,52438305,52440450
195000,3530739,737160,207.20,52504483,52504529
196000,3531796,739324,207.52,52628055,52626998
197000,3521796,738465,207.20,52422353,52432353
198000,3526148,738287,207.32,52502115,52497763
199000,3512470,741203,207.52,52222356,52236034
200000,3518252,743309,207.29,52176971,52171189
201000,3518233,743005,207.20,52404732,52404751
202000,3521175,745528,207.23,52375780,52372838
203000,3506837,744469,207.44,52154180,52168518
204000,3510742,745985,207.19,51967355,51963450
205000,3522138,743972,207.37,52363486,52352090
206000,3520629,742310,207.40,52372793,52374302
207000,3511616,742642,207.29,52062527,52071540
208000,3513205,741043,207.03,52310237,52308648
209000,3517870,737692,207.39,52294134,52289469
210000,3522890,739784,207.49,52478838,52473818
211000,3506444,740665,207.31,52082044,52098490
212000,3509878,744360,207.51,52139778,52136344
213000,3514107,746985,207.03,52147589,52143360
214000,3503059,748748,207.33,52055951,52066999
215000,3496378,750069,207.08,51855547,51862228
216000,3505048,749556,207.14,52016415,52007745
217000,3495673,748919,207.50,51931396,51940771
218000,3493304,749466,207.33,51731958,51734327
219000,3499282,752064,207.26,51908482,51902504
220000,3499678,752693,207.13,51948166,51947770
221000,3504775,751658,207.44,51932936,51927839
222000,3494402,752902,207.59,51685970,51696343
223000,3490323,758166,207.59,51443137,51447216
224000,3492299,756352,207.41,51450257,51448281
225000,3488044,756294,207.26,51495037,51499292
226000,3496985,752623,207.22,51697416,51688475
227000,3503947,749940,207.67,51815961,51808999
228000,3494873,747142,207.65,51516885,51525959
229000,3495492,748459,207.56,51454791,51454172
230000,3497112,746070,207.75,51419356,51417736
231000,3499653,745584,207.62,51537615,51535074
232000,3510120,742402,207.64,51701109,51690642
233000,3506966,741278,207.73,51706602,51709756
234000,3516357,738166,207.63,51651192,51641801
235000,3515260,735666,207.94,51936920,51938017
236000,3514411,734873,207.61,51703417,51704266
237000,3521936,733992,207.50,51881553,51874028
238000,3505144,735477,207.90,51561992,51578784
239000,3503826,734945,207.54,51531935,51533253
240000,3522244,737788,207.72,51875715,51857297
241000,3507295,739079,207.79,51754060,51769009
242000,3492471,744999,207.84,51287991,51302815
243000,3480489,746792,207.93,50919450,50931432
244000,3475741,748723,207.78,50831101,50835849
245000,3490993,750496,207.83,51036031,51020779
246000,3480616,750426,207.77,50975848,50986225
247000,3469670,751861,207.97,50733620,50744566
248000,3472388,753862,207.87,50668526,50665808
249000,3485012,756192,207.77,50867509,50854885
250000,3479670,756458,207.86,50774647,50779989
251000,3480000,756792,208.18,50727595,50727265
252000,3478938,755812,207.95,50654438,50655500
253000,3476002,758108,208.21,50723402,50726338
254000,3475041,759800,208.00,50528881,50529842
255000,3467820,759092,208.01,50396277,50403498
256000,3476920,760772,207.90,50561411,50552311
257000,3474878,759887,207.95,50540721,50542763
258000,3478389,762593,207.90,50660606,50657095
259000,3470687,761307,208.10,50660523,50668225
260000,3462480,761456,208.07,50165459,50173666
261000,3473456,762778,207.93,50314313,50303337
262000,3475300,761236,208.15,50504900,50503056
263000,3468477,760806,208.35,50313867,50320690
264000,3468425,758780,208.00,50093865,50093917
265000,3481268,757007,208.20,50580581,50567738
266000,3476616,756439,208.56,50358265,50362917
267000,3465655,756978,208.37,50105009,50115970
268000,3468690,759157,208.06,50161762,50158727
269000,3477728,756006,208.08,50510060,50501022
270000,3485568,755423,208.23,50673484,50665644
271000,3475180,753976,208.00,50537132,50547520
272000,3492133,753883,208.16,50661252,50644299
273000,3486108,754209,208.41,50586400,50592425
274000,3476558,752594,208.38,50229471,50239021
275000,3479787,756158,208.41,50338651,50335422
276000,3472441,757323,208.55,50135570,50142916
277000,3480925,755624,208.53,49913373,49904889
278000,3478579,755599,208.55,50123138,50125484
279000,3456713,753612,208.52,49586409,49608275
280000,3469936,756748,208.46,49900369,49887146
281000,3470833,757614,208.51,50010334,50009437
282000,3470050,756142,208.45,49908175,49908958
283000,3467564,757940,208.56,49787916,49790402
284000,3455173,759204,208.83,49590666,49603057
285000,3461508,761903,208.75,49447833,49441498
286000,3457948,761893,208.50,49554285,49557845
287000,3459894,760167,208.50,49726085,49724139
288000,3473924,758747,208.53,49732298,49718268
289000,3460252,759355,208.70,49697465,49711137
290000,3467806,759894,208.93,49631629,49624075
291000,3459389,761242,208.98,49239793,49248210
292000,3449456,764922,209.18,49103491,49113424
293000,3444051,766597,208.99,48816002,48821407
294000,3451746,764680,208.68,49110703,49103008
295000,3457302,762357,208.96,49321736,49316180
296000,3463150,759247,208.86,49374779,49368931
297000,3461847,758164,209.08,49351242,49352545
298000,3464604,758753,209.18,49215332,49212575
299000,3464428,759138,209.12,49217087,49217263
300000,3457696,761394,209.11,49044233,49050965
301000,3451483,761487,208.84,49139032,49145245
302000,3455925,761211,208.73,49263284,49258842
303000,3456600,762863,209.25,49182623,49181948
304000,3446351,762560,209.45,48841404,48851653
305000,3440719,764425,209.12,48658699,48664331
306000,3448316,765951,209.25,48680455,48672858
307000,3445961,764843,209.09,48860566,48862921
308000,3453450,765143,209.26,48870756,48863267
309000,3450433,764983,209.10,48727550,48730567
310000,3459542,762553,209.21,48871285,48862176
311000,3457067,762023,209.37,48795257,48797732
312000,3448858,763761,208.97,48732735,48740944
313000,3448673,764139,208.93,48844130,48844315
314000,3460239,764461,209.39,48958895,48947329
315000,3454249,766114,209.25,48920079,48926069
316000,3440673,764381,209.36,48655055,48668631
317000,3449280,768165,209.54,48672556,48663949
318000,3452216,769374,209.65,48528449,48525513
319000,3434994,769423,209.79,48379774,48396996
320000,3444936,772311,209.54,48112324,48102382
321000,3430046,773502,209.74,47952268,47967158
322000,3443295,775131,209.80,48114588,48101339
323000,3444884,773007,209.62,48181259,48179670
324000,3446101,768726,209.46,48335600,48334383
325000,3448085,766066,209.65,48277455,48275471
326000,3449773,763921,209.49,48498030,48496342
327000,3460044,761563,209.54,48726749,48716478
328000,3462179,760871,209.64,48636954,48634819
329000,3461316,759618,209.66,48603845,48604708
330000,3449720,760882,209.50,48569635,48581231
331000,3459204,758788,209.52,48698391,48688907
332000,3462570,756620,209.43,48770555,48767189
333000,3460281,758156,209.42,48729536,48731825
334000,3452207,760981,209.34,48675677,48683751
335000,3448825,760037,209.53,48606398,48609780
336000,3457237,761677,209.44,48569001,48560589
337000,3451322,762767,209.68,48487496,48493411
338000,3447263,764080,209.71,48309521,48313580
339000,3440655,765283,209.35,48291433,48298041
340000,3440336,766571,209.55,48366779,48367098
341000,3435699,768465,209.69,48164902,48169539
342000,3439207,769256,209.49,48219984,48216476
343000,3449175,769947,209.51,48375708,48365740
344000,3441111,767503,209.70,48108478,48116542
345000,3442448,765462,209.43,48114230,48112893
346000,3454185,764877,209.50,48474321,48462584
347000,3442010,762484,209.53,48291059,48303234
348000,3463033,760162,209.42,48461939,48440916
349000,3455100,759977,209.57,48561445,48569378
350000,3453744,760738,209.61,48499279,48500635
351000,3447310,760990,209.78,48313012,48319446
352000,3446397,761179,209.72,48171920,48172833
353000,3443983,763372,209.82,48167972,48170386
354000,3441196,763680,209.91,48026786,48029573
355000,3445685,764775,209.62,47988375,47983886
356000,3436686,768986,210.03,47779251,47788250
357000,3441610,769005,209.96,47785761,47780837
358000,3436259,766053,210.14,47658555,47663906
359000,3425494,767602,210.55,47382290,47393055
360000,3431260,767054,210.21,47358739,47352973
361000,3431984,762903,209.86,47548829,47548105
362000,3448704,762818,209.85,47996710,47979990
363000,3441683,763745,209.91,48082077,48089098
364000,3438047,763853,209.79,47971576,47975212
365000,3436812,764203,209.63,47902627,47903862
366000,3432604,766276,210.10,47786380,47790588
367000,3422271,765331,210.04,47468540,47478873
368000,3422297,768193,209.87,47608021,47607995
369000,3430948,766234,210.00,47759250,47750599
370000,3433799,765450,209.98,47696108,47693257
371000,3428284,766919,210.07,47563674,47569189
372000,3436365,763928,209.86,47683512,47675431
373000,3437856,763638,210.07,47766332,47764841
374000,3437026,765554,210.06,47605054,47605884
375000,3435757,764557,209.96,47603936,47605205
376000,3437819,763411,209.76,47696848,47694786
377000,3443876,763148,209.77,47954958,47948901
378000,3443937,762800,209.80,48073138,48073077
379000,3443590,761319,209.88,47939346,47939693
380000,3440082,762244,209.71,48076453,48079961
381000,3445384,761181,209.87,48082869,48077567
382000,3442340,764397,210.08,47979944,47982988
383000,3431141,765298,210.01,47639593,47650792
384000,3433304,767538,210.14,47459550,47457387
385000,3417064,768575,210.22,47328415,47344655
386000,3425620,769139,210.08,47338211,47329655
387000,3421485,769467,210.49,47319706,47323841
388000,3421049,770763,210.05,47246378,47246814
389000,3428531,769910,209.81,47454366,47446884
390000,3430779,768686,209.93,47653604,47651356
391000,3428452,766107,209.89,47796087,47798414
392000,3443825,768821,209.86,47894077,47878704
393000,3432750,768401,209.96,47724425,47735500
394000,3426880,768570,209.72,47560624,47566494
395000,3438546,765829,209.78,47936183,47924517
396000,3446925,763305,209.97,47910048,47901669
397000,3442718,763134,209.89,47879007,47883214
398000,3432838,765219,210.03,47675646,47685526
399000,3434333,763571,210.25,47581579,47580084
400000,3433697,764376,210.23,47513878,47514514
401000,3427570,766966,210.26,47304095,47310222
402000,3423056,768355,209.92,47417992,47422506
403000,3428921,766342,209.84,47567201,47561336
404000,3438835,764055,210.01,47682204,47672290
405000,3441884,766524,210.23,47690976,47687927
406000,3424450,765382,210.30,47270929,47288363
407000,3431022,764081,210.45,47238340,47231768
408000,3425687,767177,210.37,47210139,47215474
409000,3423469,767494,210.37,47128854,47131072
410000,3427428,767174,210.14,47208792,47204833
411000,3433913,764436,210.29,47222930,47216445
412000,3435057,767358,210.51,47459691,47458547
413000,3427419,766096,210.51,47146837,47154475
414000,3428562,767774,210.51,47088085,47086942
415000,3421959,768210,210.38,47004749,47011352
416000,3440460,768136,210.46,47260413,47241912
417000,3423004,767722,210.63,46958369,46975825
418000,3420416,771165,210.65,46796948,46799536
419000,3420860,774188,210.70,46802683,46802239
420000,3403528,776004,210.44,46611776,46629108
421000,3411216,776603,210.51,46663636,46655948
422000,3414719,778151,210.39,46770649,46767146
423000,3411005,779572,210.60,46677725,46681439
424000,3409661,779997,210.41,46780143,46781487
425000,3421395,776434,210.35,46953597,46941863
426000,3414062,775945,210.64,46871103,46878436
427000,3416155,773176,210.24,46822946,46820853
428000,3428093,772894,210.37,47192926,47180988
429000,3427005,770823,210.46,47043993,47045081
430000,3424322,770690,210.62,47039223,47041906
431000,3411470,767670,210.31,46918764,46931616
432000,3429743,768627,210.19,47343746,47325473
433000,3440194,763559,210.21,47498792,47488341
434000,3435785,762207,210.51,47373634,47378043
435000,3433052,764464,210.11,47307005,47309738
436000,3434113,761402,210.10,47496168,47495107
437000,3442165,758828,210.18,47675560,47667508
438000,3446077,755741,210.49,47540588,47536676
439000,3443206,757822,210.60,47319076,47321947
440000,3424537,756459,210.49,47033209,47051878
441000,3436714,758231,210.45,47122177,47110000
442000,3425290,759883,210.52,47037387,47048811
443000,3424983,762095,210.47,46888406,46888713
444000,3432250,760805,210.44,47073559,47066292
445000,3436438,759435,210.29,47268460,47264272
446000,3439824,759148,210.43,47280376,47276990
447000,3426863,762678,210.59,47214423,47227384
448000,3418028,764563,210.44,46847428,46856263
449000,3425400,766977,210.41,47050845,47043473
450000,3416255,764516,210.59,46782597,46791742
451000,3416639,767546,210.72,46649774,46649390
452000,3414490,768925,210.63,46733650,46735799
453000,3419068,767835,210.52,46806696,46802118
454000,3417340,767174,210.51,46789721,46791449
455000,3419103,768637,210.35,46971634,46969871
456000,3417593,765892,210.46,46979916,46981426
457000,3415316,770125,210.51,46833714,46835991
458000,3411800,770783,210.43,46881309,46884825
459000,3410478,769547,210.48,46780532,46781854
460000,3422204,768558,210.27,46961312,46949586
461000,3421057,766326,210.04,47257438,47258585
462000,3419292,763800,210.48,47049647,47051412
463000,3427311,765248,210.32,47136819,47128800
464000,3423973,759859,210.48,47233928,47237266
465000,3435391,761220,210.24,47383651,47372233
466000,3423712,759915,210.14,47202924,47214603
467000,3438127,758998,210.22,47450094,47435679
468000,3427460,760943,210.47,47266017,47276684
469000,3421375,762577,209.94,47091090,47097175
470000,3432965,761860,210.21,47492554,47480964
471000,3428217,762316,210.20,47336400,47341148
472000,3427206,761554,210.09,47419126,47420137
473000,3436915,759872,210.15,47372276,47362567
474000,3434420,757947,210.37,47428654,47431149
475000,3438392,759151,210.18,47407899,47403927
476000,3440921,753949,210.16,47484154,47481625
477000,3440867,755634,210.33,47587537,47587591
478000,3440162,753988,210.33,47521962,47522667
479000,3441222,754865,210.25,47411730,47410670
480000,3443698,756196,210.17,47628525,47626049
481000,3432382,754677,210.46,47296061,47307377
482000,3440492,755168,210.16,47518994,47510884
483000,3443853,756156,210.29,47527253,47523892
484000,3434435,756643,210.51,47400222,47409640
485000,3431264,759218,210.51,47189758,47192929
486000,3433848,760024,210.67,47240434,47237850
487000,3429647,760000,210.32,47057558,47061759
488000,3427729,760480,210.40,47209336,47211254
489000,3431867,759782,210.52,47095286,47091148
490000,3421528,760855,210.59,47008543,47018882
491000,3415865,762363,210.50,46827520,46833183
492000,3419503,764341,210.07,46995799,46992161
493000,3422947,766539,210.34,47330368,47326924
494000,3414980,767646,210.21,46957184,46965151
495000,3420350,768464,210.36,46861781,46856411
496000,3415177,767263,210.42,46933200,46938373
497000,3403045,766701,210.33,46783228,46795360
498000,3420841,766122,210.06,46925148,46907352
499000,3419805,766747,210.48,47063251,47064287
500000,3414233,767040,210.50,46860716,46866288
501000,3407340,767072,210.51,46725324,46732217
502000,3415740,765613,210.46,46626041,46617641
503000,3422267,764940,210.36,46780215,46773688
504000,3422870,760688,210.48,46923211,46922608
505000,3420990,762095,210.55,46873872,46875752
506000,3414721,761539,210.49,46773914,46780183
507000,3422704,758171,210.34,47020919,47012936
508000,3427038,759517,210.29,47047443,47043109
509000,3428417,760167,210.21,47162060,47160681
510000,3429340,758723,210.42,47099852,47098929
511000,3431243,760341,210.25,47098738,47096835
512000,3434323,759548,210.21,47269794,47266714
513000,3425976,756671,210.45,47173942,47182289
514000,3421211,757164,210.46,46984913,46989678
515000,3423143,757026,210.35,47075855,47073923
516000,3426649,756980,210.03,47230714,47227208
517000,3436588,759417,210.09,47461825,47451886
518000,3420831,760072,210.35,47236593,47252350
519000,3417860,763398,210.29,46962482,46965453
520000,3415997,762955,210.54,46815137,46817000
521000,3420000,763094,210.38,46783214,46779211
522000,3411412,761020,210.71,46751671,46760259
523000,3416118,760417,210.27,46565681,46560975
524000,3415661,763657,210.58,46869655,46870112
525000,3411819,764015,210.74,46690575,46694417
526000,3405733,764069,210.60,46506016,46512102
527000,3417378,767276,210.52,46658494,46646849
528000,3402558,765338,210.77,46497494,46512314
529000,3412503,766776,210.50,46604215,46594270
530000,3411992,765716,210.66,46590011,46590522
531000,3417683,769040,210.65,46486409,46480718
532000,3405645,764617,210.61,46542211,46554249
533000,3407849,764815,210.76,46483439,46481235
534000,3405701,764550,210.59,46432705,46434853
535000,3415562,764171,210.73,46741437,46731576
536000,3416986,762343,210.56,46707926,46706502
537000,3413947,760556,210.44,46938125,46941164
538000,3434034,760538,210.27,47163398,47143311
539000,3425025,760961,210.63,47132462,47141471
540000,3410837,760856,210.47,46805219,46819407
541000,3414461,763312,210.27,46956925,46953301
542000,3422853,763688,210.63,46950066,46941674
543000,3416809,762960,210.53,46747284,46753328
544000,3420055,765460,210.23,46835380,46832134
545000,3426158,764450,210.21,47097109,47091006
546000,3417277,762363,210.48,46937321,46946202
547000,3428577,764422,210.11,47207805,47196505
548000,3416608,763075,210.26,47208000,47219969
549000,3429244,761574,210.20,47247616,47234980
550000,3426652,761379,210.20,47203955,47206547
551000,3417770,762132,210.69,47128403,47137285
552000,3412469,761970,210.25,46909650,46914951
553000,3418565,757935,210.68,47014660,47008564
554000,3417155,758894,210.74,46802991,46804401
555000,3416447,761212,210.49,46768872,46769580
556000,3414780,759690,210.20,46871942,46873609
557000,3422272,757252,210.58,46910474,46902982
558000,3436907,757460,210.29,47233072,47218437
559000,3428075,756464,210.13,47270785,47279617
560000,3428594,757996,210.46,47354084,47353565
561000,3420097,758262,210.39,47084462,47092959
562000,3422235,757759,210.47,46966419,46964281
563000,3427050,759327,210.42,47090837,47086022
564000,3430219,755645,210.64,47047719,47044550
565000,3432362,754034,210.39,47055773,47053630
566000,3427180,752981,210.40,47085978,47091160
567000,3433690,756008,210.29,47228473,47221963
568000,3431900,754559,210.32,47419266,47421056
569000,3431460,755475,210.11,47278385,47278825
570000,3428879,754545,210.39,46959212,46961793
571000,3426458,757806,210.46,46973621,46976042
572000,3421633,759534,210.62,46958494,46963319
573000,3417298,761177,210.29,46819339,46823674
574000,3429643,759430,210.50,47139917,47127572
575000,3417545,759495,210.44,46984651,46996749
576000,3422480,758074,210.25,46957218,46952283
577000,3426051,756259,210.41,47211536,47207965
578000,3419902,755789,210.49,46933858,46940007
579000,3411063,754763,210.50,46878646,46887485
580000,3421042,751675,210.69,46821381,46811402
581000,3416943,752541,210.55,46777144,46781243
582000,3420792,750462,210.57,46851047,46847198
583000,3413123,750766,210.50,46658199,46665868
584000,3417924,749479,210.50,46815397,46810596
585000,3416892,750951,210.65,46870896,46871928
586000,3418695,753319,210.43,46860263,46858460
587000,3419619,753938,210.52,46951641,46950717
588000,3421948,757164,210.43,46906044,46903715
589000,3425250,754858,210.57,46880760,46877458
590000,3419353,756963,210.68,46827168,46833065
591000,3414778,757627,210.52,46641656,46646231
592000,3413678,760908,210.52,46792196,46793296
593000,3415530,760479,210.49,46812444,46810592
594000,3411740,760472,210.38,46799712,46803502
595000,3412387,764518,210.43,46795885,46795238
596000,3403570,763931,210.49,46563003,46571820
597000,3423170,760490,210.54,46792794,46773194
598000,3420914,758956,210.53,46827407,46829663
599000,3411419,761409,210.73,46682751,46692246
600000,3407967,760448,210.49,46604777,46608229
601000,3414299,761402,210.35,46685401,46679069
602000,3428146,760897,210.26,46915180,46901333
603000,3415813,763983,210.49,46861060,46873393
604000,3407969,761633,210.34,46777480,46785324
605000,3424381,762016,210.24,46982316,46965904
606000,3430701,760928,210.29,47195005,47188685
607000,3419897,759678,210.39,46845463,46856267
608000,3431718,760451,210.35,47106096,47094275
609000,3413628,758892,210.50,46920674,46938764
610000,3420102,760428,210.37,46982718,46976244
611000,3412399,759123,210.58,46933160,46940863
612000,3417825,761878,210.45,46902035,46896609
613000,3403823,760555,210.53,46669776,46683778
614000,3417644,761522,210.48,46708310,46694489
615000,3409678,763435,210.49,46735857,46743823
616000,3410512,761038,210.46,46711449,46710615
617000,3413693,760671,210.50,46751748,46748567
618000,3405018,758670,210.58,46641858,46650533
619000,3411299,759869,210.47,46648588,46642307
620000,3412808,758329,210.55,46763344,46761835
621000,3428665,755446,210.63,46989738,46973881
622000,3426563,758151,210.63,47076474,47078576
623000,3415169,759750,210.55,46791699,46803093
624000,3423534,762283,210.51,46841496,46833131
625000,3408799,760223,210.85,46704665,46719400
626000,3421725,760593,210.44,46786410,46773484
627000,3413874,759118,210.60,46883426,46891277
628000,3403419,758482,210.73,46481115,46491570
629000,3417610,757810,210.56,46785589,46771398
630000,3434531,754018,210.32,47309678,47292757
631000,3435380,752411,210.31,47338908,47338059
632000,3432399,752964,210.30,47187846,47190827
633000,3430841,755996,210.80,47206266,47207824
634000,3413424,760581,210.52,46761815,46779232
635000,3415529,760222,210.32,46792901,46790796
636000,3423652,758992,210.40,47005303,46997180
637000,3412793,758972,210.46,46808719,46819578
638000,3414468,760601,210.63,46909546,46907871
639000,3410157,760400,210.35,46867305,46871616
640000,3423914,760454,210.60,46998100,46984343
641000,3422833,759369,210.26,47065457,47066538
642000,3421457,757452,210.55,47005111,47006487
643000,3415924,755725,210.58,46881299,46886832
644000,3417151,756947,210.20,46887892,46886665
645000,3425590,755739,210.43,46960833,46952394
646000,3422344,758177,210.49,46930150,46933396
647000,3418233,760996,210.47,46939604,46943715
648000,3413139,759812,210.39,46817840,46822934
649000,3424732,762128,210.52,47090849,47079256
650000,3412127,763791,210.52,46811175,46823780
651000,3421356,765057,210.40,46835342,46826113
652000,3417967,762601,210.54,46876558,46879947
653000,3425253,761864,210.39,46917444,46910158
654000,3421282,762219,210.69,47007992,47011963
655000,3417127,760979,210.45,46881999,46886154
656000,3430603,759820,210.31,47141835,47128359
657000,3424015,762557,210.47,47006561,47013149
658000,3415698,762143,210.84,46656838,46665155
659000,3408079,763910,210.46,46480897,46488516
660000,3408721,765104,210.68,46594532,46593890
661000,3406493,766033,210.53,46528688,46530916
662000,3410546,768064,210.48,46585160,46581107
663000,3407388,767889,210.72,46549994,46553152
664000,3409377,765337,210.59,46589120,46587131
665000,3412307,767299,210.55,46667824,46664894
666000,3421420,763632,210.34,46833772,46824659
667000,3415395,760501,210.59,46891187,46897212
668000,3425737,760792,210.20,46945120,46934778
669000,3425054,759484,210.42,47110346,47111029
670000,3414125,761683,210.88,46828305,46839234
671000,3403162,763592,210.53,46616001,46626964
672000,3416801,761494,210.58,46676430,46662791
673000,3411258,760697,210.59,46594358,46599901
674000,3418604,761286,210.44,46712788,46705442
675000,3413353,763466,210.62,46773863,46779114
676000,3415735,762346,210.63,46610280,46607898
677000,3407317,762474,210.50,46569440,46577858
678000,3404455,763017,210.61,46460597,46463459
679000,3412129,762517,210.43,46579067,46571393
680000,3416591,760765,210.74,46683093,46678631
681000,3409411,762016,210.43,46561993,46569173
682000,3409235,761464,210.54,46528296,46528472
683000,3419774,762305,210.37,46954934,46944395
684000,3425018,759678,210.09,47070546,47065302
685000,3421125,759576,210.53,47051485,47055378
686000,3416871,759017,210.62,46819545,46823799
687000,3424100,760195,210.45,46886595,46879366
688000,3427305,759240,210.20,47195168,47191963
689000,3429091,758562,210.16,47257161,47255375
690000,3424217,756216,210.51,47172862,47177736
691000,3418154,759254,210.23,47076363,47082426
692000,3423443,756339,210.15,47168623,47163334
693000,3419219,759432,210.27,47162896,47167120
694000,3419973,759874,210.27,47088509,47087755
695000,3411440,760537,210.39,46970323,46978856
696000,3425116,760057,210.14,47027151,47013475
697000,3420834,760812,210.54,47069207,47073489
698000,3415560,757899,210.37,46918744,46924018
699000,3428748,756076,210.28,47230622,47217434
700000,3426752,754580,210.57,47054691,47056687
701000,3429343,754071,210.53,47066817,47064226
702000,3431216,756636,210.65,46941174,46939301
703000,3425907,754020,210.41,46999403,47004712
704000,3419799,753951,210.74,46816466,46822574
705000,3418468,757392,210.70,46737355,46738686
706000,3414240,755283,210.57,46563960,46568188
707000,3418997,757169,210.47,46779921,46775164
708000,3420852,756661,210.79,46912060,46910205
709000,3413245,756390,210.33,46913641,46921248
710000,3424527,754890,210.53,47008434,46997152
711000,3428960,756440,210.49,46904539,46900106
712000,3406748,757225,210.63,46790869,46813081
713000,3410566,763336,210.34,46599275,46595457
714000,3416307,762751,210.04,47036106,47030365
715000,3417613,760812,210.43,47199195,47197889
716000,3416975,762267,210.74,46925858,46926496
717000,3405096,762251,210.62,46630511,46642390
718000,3415168,762018,210.25,46770940,46760868
719000,3414815,760288,210.51,46860684,46861037
720000,3423841,761421,210.44,47005380,46996354
721000,3417021,761549,210.43,46942419,46949239
722000,3418448,760260,210.41,46995749,46994322
723000,3414694,760291,210.33,46996417,47000171
724000,3419817,759844,210.59,46959107,46953984
725000,3417030,756999,210.59,46867957,46870744
726000,3419212,760933,210.79,46757277,46755095
727000,3408253,760378,210.47,46469400,46480359
728000,3424928,761517,210.21,46949936,46933261
729000,3429349,761614,210.35,47157720,47153299
730000,3413138,761157,210.34,46870124,46886335
731000,3422513,762467,210.30,46968533,46959158
732000,3423994,758792,210.54,47164889,47163408
733000,3422091,758739,210.63,46848616,46850519
734000,3423715,758519,210.24,46939662,46938038
735000,3426587,755109,210.54,47138114,47135242
736000,3415936,753889,210.19,46942127,46952778
737000,3426621,754997,210.31,46970152,46959467
738000,3431421,754044,210.38,47254064,47249264
739000,3433336,754886,210.12,47309893,47307978
740000,3433586,754836,210.40,47384893,47384643
741000,3422587,758335,210.38,47102108,47113107
742000,3434777,756440,210.12,47360420,47348230
743000,3431520,755765,210.24,47328898,47332155
744000,3427951,754082,210.58,47156823,47160392
745000,3422532,756427,210.40,46950853,46956272
746000,3420911,757792,210.65,46871737,46873358
747000,3415023,759319,210.60,46754503,46760391
748000,3413498,760574,210.42,46706017,46707542
749000,3421812,760047,210.56,46857019,46848705
750000,3413035,757599,210.69,46871488,46880265
751000,3424220,759087,210.06,46841818,46830633
752000,3425570,759386,210.60,47012839,47011489
753000,3414105,761015,210.50,46779564,46791029
754000,3410725,758051,210.67,46621556,46624936
755000,3414033,756319,210.39,46738624,46735316
756000,3440165,756820,210.48,47237407,47211275
757000,3419398,754855,210.30,47076222,47096989
758000,3434162,753175,209.99,47371522,47356758
759000,3438505,753554,210.26,47538996,47534653
760000,3436662,750469,210.39,47450223,47452066
761000,3431800,751039,210.23,47425012,47429874
762000,3435109,749546,210.36,47312245,47308936
763000,3444633,751978,210.22,47502357,47492833
764000,3434743,750836,210.35,47392150,47402040
765000,3428612,750936,210.42,47194140,47200271
766000,3428206,752212,210.29,47187039,47187445
767000,3422978,752401,210.53,47126733,47131961
768000,3424835,752546,210.45,47101274,47099417
769000,3423803,754269,210.11,47171069,47172101
770000,3431088,757794,209.94,47318842,47311557
771000,3418112,754906,210.08,47307489,47320465
772000,3432999,758059,210.44,47204865,47189978
773000,3418248,760315,210.54,47067640,47082391
774000,3410120,761443,210.40,46839433,46847561
775000,3410278,761452,210.36,46687106,46686948
776000,3410852,760149,210.37,46892661,46892087
777000,3422922,759499,210.32,46851827,46839757
778000,3409416,760840,210.35,46775385,46788891
779000,3407946,764082,210.46,46813015,46814485
780000,3412937,764150,210.33,46852445,46847454
781000,3418402,761950,210.41,46961878,46956413
782000,3415668,762970,210.29,46928785,46931519
783000,3418687,761018,210.24,46958180,46955161
784000,3413188,759949,210.49,46904952,46910451
785000,3413717,760368,210.28,46688409,46687880
786000,3420879,761248,210.37,46851304,46844142
787000,3409261,761262,210.32,46786392,46798010
788000,3414415,761421,210.28,46797330,46792176
789000,3421697,758988,210.23,46996756,46989474
790000,3424304,758697,210.56,47137471,47134864
791000,3413852,761958,210.40,46960234,46970686
792000,3419524,762917,210.43,46867862,46862190
793000,3416518,762326,210.55,46913505,46916511
794000,3415968,761076,210.54,46750754,46751304
795000,3422725,763068,210.44,46899827,46893070
796000,3425910,761701,210.48,47030346,47027161
797000,3424878,765495,210.38,47049048,47050080
798000,3416347,767181,210.52,46876506,46885037
799000,3417514,767395,210.51,46830103,46828936
800000,3417914,769860,210.33,46940707,46940307
801000,3411791,765479,210.50,46803402,46809525
802000,3423634,765106,210.53,46840499,46828656
803000,3410854,765386,210.73,46760309,46773089
804000,3415987,761443,210.40,46436498,46431365
805000,3419628,763886,210.50,46971111,46967470
806000,3427691,761090,210.26,47046005,47037942
807000,3428762,759771,210.25,47216083,47215012
808000,3433443,758247,210.22,47265644,47260963
809000,3434502,760387,210.21,47514560,47513501
810000,3421309,761378,210.32,47136999,47150192
811000,3428103,759102,209.87,47358553,47351759
812000,3444198,760382,210.11,47659029,47642934
813000,3424668,760700,210.35,47295889,47315419
814000,3432242,760876,210.12,47370520,47362946
815000,3424757,760823,210.38,47249813,47257298
816000,3419729,760243,210.47,47016549,47021577
817000,3414149,757756,210.30,46840534,46846114
818000,3417949,757456,210.45,47058476,47054676
819000,3428655,758303,210.25,47131749,47121043
820000,3434361,760191,209.98,47307112,47301406
821000,3434785,759641,210.27,47367536,47367112
822000,3429890,756530,210.56,47334884,47339779
823000,3423628,757000,210.49,47070399,47076661
824000,3436758,757198,210.22,47368797,47355667
825000,3424859,758369,210.22,47254951,47266850
826000,3416521,756721,210.44,47075861,47084199
827000,3426714,755764,210.23,47097848,47087655
828000,3432219,757531,210.45,47170756,47165251
829000,3418439,758807,210.49,47128897,47142677
830000,3415157,758828,210.17,46897718,46901000
831000,3423833,758388,210.35,47068552,47059876
832000,3422896,757551,210.30,47137016,47137953
833000,3419663,759872,210.16,47127818,47131051
834000,3427200,758413,209.99,47337755,47330218
835000,3431148,756459,209.90,47413758,47409810
836000,3432633,755978,210.02,47611696,47610211
837000,3428328,754610,210.22,47281655,47285960
838000,3428904,754861,210.34,47258780,47258204
839000,3434604,752327,210.14,47390118,47384418
840000,3436257,754983,210.37,47475147,47473494
841000,3435151,754039,210.24,47368195,47369301
842000,3433675,755974,210.42,47233039,47234515
843000,3426977,755771,210.48,47158792,47165490
844000,3426027,757442,210.64,46842660,46843610
845000,3423303,757532,210.35,47032007,47034731
846000,3419847,758624,210.65,47082857,47086313
847000,3415062,758438,210.57,46731375,46736160
848000,3413307,760664,210.39,46774014,46775769
849000,3409328,760396,210.37,46712206,46716185
850000,3416177,761458,210.25,46899231,46892382
851000,3426779,762861,210.11,47252919,47242317
852000,3427208,761586,210.49,47186806,47186377
853000,3415372,759711,210.60,46853886,46865722
854000,3416810,759508,210.23,46871564,46870126
855000,3418678,761715,210.51,46970692,46968824
856000,3409313,762766,210.29,46683587,46692952
857000,3401635,762276,210.49,46728329,46736007
858000,3414532,763445,210.27,46817388,46804491
859000,3422155,762154,210.15,46993732,46986109
860000,3421322,759803,210.29,47019273,47020106
861000,3424107,758603,210.26,47169117,47166332
862000,3418972,757577,210.29,47076946,47082081
863000,3423044,756516,210.45,47057900,47053828
864000,3416576,759977,210.32,46927638,46934106
865000,3421121,760954,210.26,47156761,47152216
866000,3422404,758769,210.33,47110648,47109365
867000,3415047,758240,210.24,47013555,47020912
868000,3419643,756300,210.19,47098604,47094008
869000,3419608,758780,210.32,47155155,47155190
870000,3420172,760558,210.24,47088418,47087854
871000,3419735,762827,210.21,47242055,47242492
872000,3420899,763134,210.14,47174218,47173054
873000,3420413,762181,210.70,47021956,47022442
874000,3417171,763899,210.29,46861587,46864829
875000,3400714,763252,210.39,46704126,46720583
876000,3413066,764745,210.37,46843163,46830811
877000,3417767,762326,210.23,46951641,46946940
878000,3431301,760524,210.30,47154296,47140762
879000,3420019,759136,210.31,46956976,46968258
880000,3419373,758150,210.29,46982615,46983261
881000,3428662,753944,210.21,47232093,47222804
882000,3437923,752660,210.30,47353684,47344423
883000,3439479,751360,210.25,47378642,47377086
884000,3440681,748531,210.48,47478615,47477413
885000,3434353,751004,210.41,47328326,47334654
886000,3436024,751176,210.23,47335889,47334218
887000,3431816,752562,210.16,47432622,47436830
888000,3437795,751852,210.17,47512673,47506694
889000,3434211,749865,210.25,47481138,47484722
890000,3438835,751239,210.45,47390083,47385459
891000,3435910,753800,210.51,47226620,47229545
892000,3421758,752199,210.81,46973708,46987860
893000,3420848,754403,210.46,46809155,46810065
894000,3423770,753620,210.41,46983746,46980824
895000,3417951,753771,210.65,46883255,46889074
896000,3411462,754460,210.31,46834689,46841178
897000,3422782,754989,210.43,46927526,46916206
898000,3411346,754397,210.75,46819756,46831192
899000,3410222,759067,210.25,46822993,46824117
900000,3426926,757772,210.21,47205053,47188349
901000,3422664,758023,210.24,47107799,47112061
902000,3429265,757555,210.57,47144155,47137554
903000,3419645,761875,210.48,46867379,46876999
904000,3409885,764860,210.61,46626985,46636745
905000,3410249,761512,210.38,46714861,46714497
906000,3413391,760556,210.68,46809572,46806430
907000,3406449,758025,210.35,46626002,46632944
908000,3417852,757830,210.69,46858521,46847118
909000,3415541,759185,210.18,46960344,46962655
910000,3423934,758562,209.96,47333228,47324835
911000,3437261,754305,210.33,47465538,47452211
912000,3425763,755799,210.52,47069345,47080843
913000,3421288,755917,210.05,47122712,47127187
914000,3425911,755243,210.15,47305235,47300612
915000,3420541,754171,210.08,47196980,47202350
916000,3425052,755166,210.26,47215374,47210863
917000,3418226,754123,210.84,46808455,46815281
918000,3412405,756180,210.81,46619536,46625357
919000,3409173,757405,210.57,46672305,46675537
920000,3420660,756769,210.69,46842534,46831047
921000,3415758,756537,210.39,46831008,46835910
922000,3429125,753268,210.26,47078043,47064676
923000,3430240,751406,210.37,47323416,47322301
924000,3428691,752098,210.38,47233350,47234899
925000,3418103,756019,210.17,47251520,47262108
926000,3426144,754787,210.20,47255351,47247310
927000,3433245,755453,210.18,47474844,47467743
928000,3436340,756039,210.18,47567140,47564045
929000,3432025,753926,210.45,47302807,47307122
930000,3430013,755725,210.35,47229616,47231628
931000,3431169,755424,210.19,47196835,47195679
932000,3429561,755617,210.30,47290114,47291722
933000,3429996,755749,210.21,47390426,47389991
934000,3436844,754142,210.30,47416497,47409649
935000,3424851,751871,210.22,47232888,47244881
936000,3431526,753958,210.21,47368335,47361660
937000,3435365,753910,210.15,47502085,47498246
938000,3432260,752786,210.58,47343827,47346932
939000,3432091,752852,210.37,47111638,47111807
940000,3428507,751654,210.53,47091987,47095571
941000,3432620,751638,210.37,47189720,47185607
942000,3430766,751041,210.31,47082435,47084289
943000,3435342,749656,210.46,47254570,47249994
944000,3427908,748330,210.41,47203472,47210906
945000,3436622,747712,210.10,47473680,47464966
946000,3444108,748677,209.81,47779254,47771768
947000,3441996,746951,210.21,47757506,47759618
948000,3435804,749896,210.03,47451169,47457361
949000,3432670,751220,210.23,47452449,47455583
950000,3429553,750614,210.30,47297888,47301005
951000,3428185,750931,210.35,47443144,47444512
952000,3428275,753014,210.40,47204750,47204660
953000,3424847,752054,210.48,47033484,47036912
954000,3420132,753741,210.33,46903291,46908006
955000,3422441,752533,210.28,47088512,47086203
956000,3441435,751157,210.25,47367583,47348589
957000,3435528,751609,210.37,47489080,47494987
958000,3430176,753255,210.34,47321838,47327190
959000,3433386,752874,210.19,47377816,47374606
960000,3433330,753144,210.04,47355613,47355669
961000,3427029,753008,210.17,47467913,47474214
962000,3432862,749076,210.12,47515997,47510164
963000,3446102,747671,209.93,47760792,47747552
964000,3433049,743790,210.31,47624995,47638048
965000,3447962,742219,210.07,47516175,47501262
966000,3443931,741944,210.43,47675377,47679408
967000,3435584,744839,209.89,47367382,47375729
968000,3447205,742749,210.17,47832768,47821147
969000,3449982,741495,210.14,47767276,47764499
970000,3445812,741558,210.63,47703811,47707981
971000,3439206,740681,210.23,47329848,47336454
972000,3439793,741688,210.36,47501882,47501295
973000,3436030,742989,210.24,47391072,47394835
974000,3435671,744942,210.37,47489441,47489800
975000,3449955,746342,210.24,47724212,47709928
976000,3432570,748273,210.40,47456800,47474185
977000,3441381,751456,210.29,47339647,47330836
978000,3432421,749910,210.49,47341672,47350632
979000,3428898,749326,210.34,46997560,47001083
980000,3431369,752721,210.32,47224380,47221909
981000,3429996,750138,210.54,47017849,47019222
982000,3428975,751850,210.43,47028701,47029722
983000,3431977,749617,210.44,47264320,47261318
984000,3435261,750415,210.50,47284662,47281378
985000,3426814,751940,210.48,47154753,47163200
986000,3427283,754871,210.11,47182052,47181583
987000,3425777,752124,210.38,47122447,47123953
988000,3427205,754374,210.22,47063379,47061951
989000,3425099,752780,210.63,46998676,47000782
990000,3419144,753635,210.51,46816246,46822201
991000,3434396,753616,210.57,47125488,47110236
992000,3422818,753191,210.81,46879256,46890834
993000,3420703,753472,210.42,46798526,46800641
994000,3424965,752310,210.45,47036362,47032100
995000,3434084,751819,210.48,47082499,47073380
996000,3431918,750892,210.24,47224416,47226582
997000,3443264,749522,210.37,47446742,47435396
998000,3439513,751028,210.42,47315799,47319550
999000,3433788,751010,210.48,47324322,47330047
1000000,3424670,754565,210.37,47106601,47115719
1001000,3429767,753407,210.09,47265957,47260860
1002000,3434009,752996,210.12,47572189,47567947
1003000,3434069,750174,210.06,47387110,47387050
1004000,3431556,751125,210.48,47446046,47448559
1005000,3425961,750526,210.42,47130632,47136227
1006000,3433751,751873,210.25,47226446,47218656
1007000,3437366,751527,210.68,47346497,47342882
1008000,3419206,750568,210.50,47031229,47049389
1009000,3431793,750416,210.20,47162489,47149902
1010000,3440862,751450,210.53,47332510,47323441
1011000,3434105,752592,210.36,47245096,47251853
1012000,3428169,753480,210.44,47238254,47244190
1013000,3429230,754089,210.26,47178736,47177675
1014000,3435018,755716,210.18,47316579,47310791
1015000,3437453,756701,210.29,47408152,47405717
1016000,3429070,755099,210.56,47276183,47284566
1017000,3430527,756480,210.36,47203043,47201586
1018000,3441196,755155,210.27,47396559,47385890
1019000,3436133,753971,210.31,47428401,47433464
1020000,3423175,752832,210.31,47265908,47278866
1021000,3437905,750541,209.95,47469036,47454306
1022000,3443152,750876,210.09,47753877,47748630
1023000,3440614,749504,210.22,47609714,47612252
1024000,3435816,748139,210.04,47640493,47645291
1025000,3447753,750384,209.72,47803582,47791645
1026000,3445647,747897,210.10,47837419,47839525
1027000,3439919,749522,210.30,47467215,47472943
1028000,3440986,750597,210.09,47632606,47631539
1029000,3443019,751077,210.31,47639681,47637648
1030000,3440535,754581,210.28,47563965,47566449
1031000,3430915,752593,210.19,47308215,47317835
1032000,3424324,754134,210.27,47236723,47243314
1033000,3429704,756454,210.33,47283049,47277669
1034000,3428544,757158,209.93,47391372,47392532
1035000,3442242,755849,210.00,47717425,47703727
1036000,3436694,754976,210.13,47627888,47633436
1037000,3434876,751376,210.43,47460468,47462286
1038000,3429026,752044,210.29,47285032,47290882
1039000,3437379,750692,210.16,47443417,47435064
1040000,3436367,752342,210.52,47455621,47456633
1041000,3422694,752864,210.47,47176205,47189878
1042000,3426723,753426,210.29,47203023,47198994
1043000,3431106,751958,210.17,47314927,47310544
1044000,3436499,751276,210.15,47506622,47501229
1045000,3442957,750602,210.04,47610914,47604456
1046000,3443127,750437,210.13,47690632,47690462
1047000,3438057,752427,210.36,47488043,47493113
1048000,3433956,749105,210.20,47414276,47418377
1049000,3442912,748283,210.02,47618517,47609561
1050000,3440491,747695,210.21,47750698,47753119
1051000,3447147,748396,210.05,47688955,47682299
1052000,3437057,748353,210.45,47670258,47680348
1053000,3441960,747445,209.90,47627184,47622281
1054000,3441263,749066,210.27,47744437,47745134
1055000,3434516,750114,210.29,47557308,47564055
1056000,3426114,752599,210.16,47337079,47345481
1057000,3432812,753932,210.20,47615226,47608528
1058000,3435982,753761,210.18,47498905,47495735
1059000,3430555,755650,210.23,47517416,47522843
1060000,3432138,757036,210.30,47356680,47355097
1061000,3424686,755686,210.33,47226569,47234021
1062000,3425712,756020,210.26,47215538,47214512
1063000,3421714,753967,210.17,47210338,47214336
1064000,3424344,754349,210.24,47235626,47232996
1065000,3437518,753015,210.18,47471219,47458045
1066000,3430687,750396,210.38,47394067,47400898
1067000,3426158,751624,210.19,47352543,47357072
1068000,3427099,753805,210.58,47263040,47262099
1069000,3421567,752264,210.23,47121271,47126803
1070000,3425269,749486,210.43,47270477,47266775
1071000,3427434,749440,210.17,47161487,47159322
1072000,3430870,747542,210.30,47345605,47342169
1073000,3442097,744440,210.14,47647820,47636593
1074000,3447916,741441,209.95,47825649,47819830
1075000,3459569,742436,209.96,48118245,48106592
1076000,3452073,740264,210.31,48068396,48075892
1077000,3451372,741979,210.04,47939340,47940041
1078000,3450443,742584,210.00,47934091,47935020
1079000,3448769,742229,210.27,47850923,47852597
1080000,3444617,745905,210.26,47569871,47574023
1081000,3442807,748994,210.23,47587723,47589533
1082000,3428071,747268,210.18,47347318,47362054
1083000,3428806,750409,210.03,47409975,47409240
1084000,3440034,749348,209.95,47646253,47635025
1085000,3443037,747203,210.32,47608653,47605650
1086000,3434559,745735,210.65,47344293,47352771
1087000,3436070,750194,210.16,47456707,47455196
1088000,3427653,747989,210.17,47326069,47334486
1089000,3430887,745733,210.35,47404643,47401409
1090000,3441417,745404,210.13,47595979,47585449
1091000,3450581,739787,210.44,47754883,47745719
1092000,3437410,741261,210.26,47357786,47370957
1093000,3435044,742347,210.25,47394109,47396475
1094000,3435723,744622,210.14,47412746,47412067
1095000,3448532,748368,210.22,47694582,47681773
1096000,3428951,749755,210.34,47218273,47237854
1097000,3425018,752441,210.44,47169035,47172968
1098000,3423646,753450,210.39,47054025,47055397
1099000,3419674,755337,210.27,46986255,46990227
1100000,3418604,753532,210.95,46970286,46971356
1101000,3409589,756829,210.72,46564578,46573593
1102000,3408957,760689,210.57,46443305,46443937
1103000,3408245,762462,210.73,46446259,46446971
1104000,3397132,763631,210.63,46410831,46421944
1105000,3403677,765269,210.57,46475725,46469180
1106000,3412222,766263,210.52,46709302,46700757
1107000,3418066,765364,210.65,46684266,46678422
1108000,3411777,764952,210.77,46663497,46669786
1109000,3411577,766768,210.65,46444650,46444850
1110000,3404228,764205,210.87,46536477,46543826
1111000,3409146,763831,210.46,46420169,46415251
1112000,3414757,762567,210.51,46848201,46842590
1113000,3428574,764355,210.34,47052358,47038541
1114000,3415175,762213,210.58,46928985,46942384
1115000,3421223,759967,210.14,46882260,46876212
1116000,3432635,758385,210.57,47302931,47291519
1117000,3428108,758299,210.44,46950500,46955027
1118000,3435023,762089,210.35,47158691,47151776
1119000,3426865,758860,210.13,47401041,47409199
1120000,3438406,759625,210.32,47417926,47406385
1121000,3436406,758789,210.32,47269084,47271084
1122000,3431433,758149,210.34,47292268,47297241
1123000,3435434,755355,210.08,47404998,47400997
1124000,3446389,753417,210.16,47706313,47695358
1125000,3446232,754134,210.12,47630644,47630801
1126000,3428637,755069,210.14,47530487,47548082
1127000,3441828,757047,209.87,47577321,47564130
1128000,3445656,753676,210.01,47932092,47928264
1129000,3445858,752484,209.77,47971045,47970843
1130000,3449541,750942,210.19,47935964,47932281
1131000,3435504,751637,210.06,47658643,47672680
1132000,3445419,748999,209.81,47788719,47778804
1133000,3450710,750543,209.67,48181076,48175785
1134000,3448551,747601,209.67,48148130,48150289
1135000,3458800,746206,209.90,48271679,48261430
1136000,3442515,747924,210.03,47838854,47855139
1137000,3431876,748408,210.30,47584718,47595357
1138000,3436212,750015,210.12,47637904,47633568
1139000,3446614,747645,210.19,47737916,47727514
1140000,3442321,747666,210.37,47830071,47834364
1141000,3440254,749677,210.08,47619010,47621077
1142000,3451448,745636,209.97,47916541,47905347
1143000,3451903,742456,209.82,48066074,48065619
1144000,3448811,740803,210.20,47877163,47880255
1145000,3449092,740839,210.10,47842255,47841974
1146000,3448538,742019,210.11,47859606,47860160
1147000,3458902,740569,209.95,48041577,48031213
1148000,3451891,739092,210.09,47985348,47992359
1149000,3458040,741796,209.98,47975784,47969635
1150000,3446366,740529,210.29,47804129,47815803
1151000,3434669,744274,210.21,47510847,47522544
1152000,3436592,746603,210.27,47370570,47368647
1153000,3441167,747446,209.91,47510775,47506200
1154000,3432626,746751,210.08,47604904,47613445
1155000,3432053,747626,210.08,47341080,47341653
1156000,3441039,746225,210.38,47423144,47414158
1157000,3441448,748315,210.57,47355037,47354628
1158000,3427251,749859,210.17,47264015,47278212
1159000,3435277,747007,210.27,47354513,47346487
1160000,3432415,745329,210.36,47390240,47393102
1161000,3427381,749615,210.41,47265279,47270313
1162000,3419418,750096,210.67,46986278,46994241
1163000,3419835,752256,210.07,46975836,46975419
1164000,3427387,752699,210.09,47323555,47316003
1165000,3417596,755230,210.21,47305412,47315203
1166000,3411592,755664,209.99,47083531,47089535
1167000,3424017,756306,210.11,47320282,47307857
1168000,3415958,755462,210.35,47216572,47224631
1169000,3430087,758093,210.22,47192673,47178544
1170000,3415000,753417,210.56,47139522,47154609
1171000,3423051,753674,210.03,47090324,47082273
1172000,3427587,751992,210.31,47469485,47464949
1173000,3440512,752255,210.09,47577846,47564921
1174000,3439270,750123,210.20,47619025,47620267
1175000,3429472,749827,210.09,47468133,47477931
1176000,3438266,750113,210.13,47655193,47646399
1177000,3430682,746681,210.26,47545562,47553146
1178000,3443864,748826,209.98,47620950,47607768
1179000,3441172,749518,210.08,47622054,47624746
1180000,3444961,750189,209.83,47774099,47770310
1181000,3445709,748029,210.12,47950326,47949578
1182000,3441544,748681,210.09,47641511,47645676
1183000,3433991,749875,210.50,47481996,47489549
1184000,3426870,754441,210.35,47168879,47176000
1185000,3418630,757375,210.39,47077474,47085714
1186000,3424366,756702,210.20,47103745,47098009
1187000,3429210,755743,210.34,47284853,47280009
1188000,3431664,756104,210.21,47390997,47388543
1189000,3425007,755126,210.07,47515483,47522140
1190000,3436939,754466,210.12,47549606,47537674
1191000,3444707,754693,209.88,47774580,47766812
1192000,3440111,751057,209.78,47783236,47787832
1193000,3435259,751984,210.10,47720756,47725608
1194000,3432139,751755,209.77,47643880,47647000
1195000,3431889,751634,209.76,47756457,47756707
1196000,3446505,749916,209.89,47833947,47819331
1197000,3447507,748102,210.05,47908087,47907085
1198000,3436293,749068,210.23,47763765,47774979
1199000,3437306,749975,210.16,47597876,47596863
1200000,3445629,746853,209.90,47783842,47775519
1201000,3445784,746996,210.02,47840315,47840160
1202000,3432783,746178,210.15,47659041,47672042
1203000,3450079,745501,209.89,47869384,47852088
1204000,3452075,743330,209.98,48028681,48026685
1205000,3444702,742456,210.16,47912081,47919454
1206000,3451406,743936,210.04,47754713,47748009
1207000,3437248,746771,210.03,47694640,47708798
1208000,3431890,752173,210.36,47441801,47447159
1209000,3427598,755466,210.41,47253040,47257332
1210000,3425459,756162,210.23,47279640,47281779
1211000,3430944,752242,210.34,47213646,47208161
1212000,3430098,752003,210.31,47325805,47326651
1213000,3418036,754121,210.39,47086017,47098079
1214000,3431203,754368,210.14,47218595,47205428
1215000,3435775,752180,210.09,47661165,47656593
1216000,3438535,751566,210.03,47532485,47529725
1217000,3432898,750562,209.93,47603996,47609633
1218000,3426791,752800,210.26,47491378,47497485
1219000,3423662,753938,210.09,47263871,47267000
1220000,3429986,753597,210.00,47379822,47373498
1221000,3425103,754813,210.43,47289203,47294086
1222000,3417395,756072,210.39,47024503,47032211
1223000,3428056,754638,210.07,47184712,47174051
1224000,3433797,753028,210.64,47318977,47313236
1225000,3421513,755530,210.38,47056641,47068925
1226000,3418558,756046,210.38,47128726,47131681
1227000,3424760,751919,210.26,47225853,47219651
1228000,3424658,752276,210.24,47205233,47205335
1229000,3437264,752189,210.21,47333741,47321135
1230000,3438735,751470,210.34,47496238,47494767
1231000,3439021,750525,210.09,47486093,47485807
1232000,3438478,748391,209.98,47656317,47656860
1233000,3441629,747022,209.75,47911192,47908041
1234000,3445541,745552,210.01,48020396,48016484
1235000,3441366,748337,209.94,47865698,47869873
1236000,3440237,749125,210.03,47728341,47729470
1237000,3439996,751051,210.18,47657038,47657279
1238000,3428982,753686,210.29,47356326,47367340
1239000,3420957,754211,210.32,47267137,47275162
1240000,3426138,753776,209.69,47220735,47215554
1241000,3444791,754412,209.84,47880023,47861370
1242000,3438658,749739,210.05,47839403,47845536
1243000,3437810,747420,210.23,47746197,47747045
1244000,3439622,748150,209.98,47697304,47695492
1245000,3437642,746820,209.86,47741389,47743369
1246000,3447125,745898,209.99,48012595,48003112
1247000,3449461,745058,209.79,47981150,47978814
1248000,3453172,742785,210.13,47993230,47989519
1249000,3432848,743734,210.14,47643070,47663394
1250000,3447496,742947,210.09,47627688,47613040
1251000,3440749,739994,210.33,47676272,47683019
1252000,3447404,742800,210.20,47771336,47764681
1253000,3444992,744722,209.93,47821154,47823566
1254000,3444731,742146,209.75,47851573,47851834
1255000,3451856,740830,210.12,47863749,47856624
1256000,3460542,745010,210.13,47934007,47925321
1257000,3437030,744458,210.38,47632122,47655634
1258000,3432206,745573,210.42,47309913,47314737
1259000,3418726,750483,210.38,47169561,47183041
1260000,3420679,749866,210.57,47083708,47081755
1261000,3425150,749746,210.42,47067419,47062948
1262000,3425779,751268,210.17,47305113,47304484
1263000,3416379,753456,210.18,47114693,47124093
1264000,3420247,751600,210.28,47164306,47160438
1265000,3429943,752191,210.54,47067515,47057819
1266000,3419165,755727,210.52,46849303,46860081
1267000,3419069,756129,210.34,46945903,46945999
1268000,3411141,756927,210.34,46848722,46856650
1269000,3416711,754782,210.07,46955469,46949899
1270000,3434975,755773,210.36,47308660,47290396
1271000,3415671,755799,210.60,47062569,47081873
1272000,3408748,755472,210.27,46684849,46691772
1273000,3425001,759231,210.22,47068127,47051874
1274000,3422836,755524,210.37,47185863,47188028
1275000,3421515,753070,210.39,47058861,47060182
1276000,3424113,756305,210.20,47145440,47142842
1277000,3424131,754706,210.01,47223624,47223606
1278000,3452935,755174,209.95,47881569,47852765
1279000,3434354,753144,210.26,47617896,47636477
1280000,3433173,749684,210.24,47366891,47368072
1281000,3446592,745729,210.06,47568162,47554743
1282000,3440867,745018,210.32,47691966,47697691
1283000,3436508,745482,210.33,47407891,47412250
1284000,3440447,746698,210.06,47547111,47543172
1285000,3445121,749492,209.74,47674259,47669585
1286000,3444104,746902,210.02,47914831,47915848
1287000,3436908,748850,210.10,47829176,47836372
1288000,3436232,746755,210.07,47670646,47671322
1289000,3447087,747926,210.04,47826220,47815365
1290000,3449381,747000,210.07,47860379,47858085
1291000,3444715,746365,210.25,47826330,47830996
1292000,3437604,748663,210.03,47653018,47660129
1293000,3436652,746621,210.22,47612463,47613415
1294000,3430471,750191,210.17,47484258,47490439
1295000,3429423,752860,210.00,47408173,47409221
1296000,3437147,752882,210.20,47656937,47649213
1297000,3424506,750930,210.45,47218958,47231599
1298000,3434410,751974,210.20,47281565,47271661
1299000,3432214,749716,210.27,47205172,47207368
1300000,3428303,751099,210.41,47280928,47284839
1301000,3428907,749157,210.33,47249409,47248805
1302000,3439908,749388,210.26,47460801,47449800
1303000,3429871,747915,210.43,47387593,47397630
1304000,3433961,747981,210.09,47350863,47346773
1305000,3445447,750477,209.82,47797290,47785804
1306000,3440705,748384,210.09,47657215,47661957
1307000,3439326,751171,210.19,47660729,47662108
1308000,3440161,752470,210.15,47609288,47608453
1309000,3430815,755211,210.32,47496564,47505910
1310000,3432361,756062,210.14,47466051,47464505
1311000,3425847,752987,210.60,47213718,47220232
1312000,3426456,754967,210.25,47151927,47151318
1313000,3427480,755462,210.18,47354128,47353104
1314000,3440133,755563,209.84,47527006,47514353
1315000,3432576,753278,210.33,47454057,47461614
1316000,3424168,751854,210.54,47091455,47099863
1317000,3424090,755751,210.14,47177145,47177223
1318000,3429256,753613,210.12,47356582,47351416
1319000,3433227,752886,210.12,47458761,47454790
1320000,3443256,750838,210.25,47645324,47635295
1321000,3438732,749468,210.16,47675390,47679914
1322000,3436891,750021,209.93,47579049,47580890
1323000,3446565,750327,210.17,47783764,47774090
1324000,3430823,748536,210.24,47539849,47555591
1325000,3441698,750317,210.12,47498674,47487799
1326000,3435543,751003,210.32,47527057,47533212
1327000,3438329,751688,210.27,47521505,47518719
1328000,3431764,752682,210.31,47412561,47419126
1329000,3422059,753335,210.18,47227614,47237319
1330000,3431095,750028,210.27,47292499,47283463
1331000,3440172,749233,210.21,47479665,47470588
1332000,3444483,749553,210.01,47579083,47574772
1333000,3443914,746515,209.93,47742769,47743338
1334000,3452281,745179,210.00,47907293,47898926
1335000,3453975,740892,210.34,48021233,48019539
1336000,3443652,741839,210.02,47733215,47743538
1337000,3443108,740814,210.32,47689144,47689688
1338000,3451191,744005,210.14,47771071,47762988
1339000,3443661,747064,210.09,47743940,47751470
1340000,3448112,751118,209.98,47831248,47826797
1341000,3441396,749385,210.25,47648888,47655604
1342000,3418263,754180,210.32,47170039,47193172
1343000,3415174,755646,210.09,47117467,47120556
1344000,3424517,754593,210.24,47100797,47091454
1345000,3430409,757778,210.29,47249162,47243270
1346000,3419815,753495,210.37,47146796,47157390
1347000,3425675,757299,210.25,47220058,47214198
1348000,3409882,753538,210.23,47013361,47029154
1349000,3426560,755329,210.28,47091570,47074892
1350000,3428693,755946,210.55,47243495,47241362
1351000,3423898,755233,210.28,47129694,47134489
1352000,3422177,753883,210.33,47214038,47215759
1353000,3424373,752211,210.09,47228760,47226564
1354000,3428232,755673,210.43,47344525,47340666
1355000,3433383,753587,210.17,47341267,47336116
1356000,3429194,754219,210.28,47396548,47400737
1357000,3421213,751983,210.20,47213304,47221285
1358000,3438730,751844,209.92,47544765,47527248
1359000,3440309,750770,209.96,47702308,47700729
1360000,3432538,750968,210.11,47743293,47751064
1361000,3438065,749487,209.82,47657593,47652066
1362000,3443901,750312,210.16,47817689,47811853
1363000,3431239,753119,210.22,47397271,47409933
1364000,3419240,754619,210.30,47285258,47297257
1365000,3434904,755938,210.04,47372948,47357284
1366000,3425909,752118,210.33,47317917,47326912
1367000,3431658,753270,210.64,47189221,47183472
1368000,3418887,756020,210.29,47040152,47052923
1369000,3429139,753208,210.37,47122554,47112302
1370000,3435496,750172,210.13,47448616,47442259
1371000,3445324,751167,210.15,47646487,47636659
1372000,3436935,750697,210.45,47443409,47451798
1373000,3414786,750645,210.55,46974228,46996377
1374000,3409958,754851,210.61,46756373,46761201
1375000,3426217,757995,210.14,47063485,47047226
1376000,3423177,755984,209.86,47260149,47263189
1377000,3432240,755374,209.91,47369245,47360182
1378000,3430718,753732,210.47,47389529,47391051
1379000,3438348,756599,210.27,47210078,47202448
1380000,3433917,757262,210.36,47436098,47440529
1381000,3422859,753995,210.35,47200656,47211714
1382000,3431571,754937,210.02,47333700,47324988
1383000,3434838,755574,210.42,47494881,47491614
1384000,3425154,756920,210.22,47164689,47174373
1385000,3438049,755742,209.96,47426166,47413271
1386000,3438398,753200,210.13,47652028,47651679
1387000,3445670,753557,209.89,47782186,47774914
1388000,3436752,752176,210.00,47739771,47748689
1389000,3445741,752028,210.04,47770413,47761424
1390000,3445367,751814,210.02,47879566,47879940
1391000,3436105,750484,210.09,47748069,47757331
1392000,3437563,752083,209.86,47623541,47622083
1393000,3440951,750558,209.99,47660464,47657076
1394000,3440283,751394,210.00,47704420,47705088
1395000,3438391,751660,210.01,47673776,47675668
1396000,3438701,749622,210.22,47577393,47577083
1397000,3440936,750843,210.03,47735522,47733287
1398000,3438146,749907,210.06,47719994,47722784
1399000,3444417,748556,210.15,47753469,47747198
1400000,3442637,747007,210.05,47789231,47791011
1401000,3443635,747620,209.91,47773886,47772888
1402000,3443540,747174,210.28,47771779,47771874
1403000,3441377,749617,210.43,47479290,47481453
1404000,3430337,750177,210.19,47365194,47376234
1405000,3438397,751520,210.29,47429770,47421710
1406000,3435666,751578,210.35,47471814,47474545
1407000,3433808,749348,210.12,47399563,47401421
1408000,3431306,748490,210.22,47419655,47422157
1409000,3435513,747865,210.32,47568552,47564345
1410000,3432838,748375,210.37,47433336,47436011
1411000,3430062,749813,210.40,47376727,47379503
1412000,3433250,748324,210.36,47334005,47330817
1413000,3423184,750257,210.30,47190333,47200399
1414000,3432151,753135,209.86,47430066,47421099
1415000,3430401,753604,210.17,47479728,47481478
1416000,3433369,755438,210.13,47410685,47407717
1417000,3432277,753058,210.06,47527690,47528782
1418000,3432113,752032,210.30,47632674,47632838
1419000,3432442,749838,209.93,47394561,47394232
1420000,3443656,749375,209.98,47807832,47796618
1421000,3437124,749286,209.90,47749173,47755705
1422000,3444326,748619,209.62,47802406,47795204
1423000,3449719,749712,209.73,48019077,48013684
1424000,3448449,746896,210.18,48032409,48033679
1425000,3445951,747642,210.26,47667576,47670074
1426000,3443333,744287,210.34,47550482,47553100
1427000,3433872,743579,210.20,47637956,47647417
1428000,3443404,742960,210.06,47786863,47777331
1429000,3443389,745270,210.38,47602437,47602452
1430000,3445855,749396,210.04,47729762,47727296
1431000,3444552,747639,209.93,47780318,47781621
1432000,3444877,745705,210.39,47773875,47773550
1433000,3433059,749656,210.35,47456328,47468146
1434000,3422634,751503,210.13,47179204,47189629
1435000,3433333,748927,209.96,47558273,47547574
1436000,3431599,751898,210.29,47535238,47536972
1437000,3425811,752369,210.14,47388872,47394660
1438000,3429039,749699,210.35,47536233,47533005
1439000,3430393,752683,210.40,47345082,47343728
1440000,3432137,751360,210.28,47307592,47305848
1441000,3432564,750340,210.27,47324317,47323890
1442000,3424505,751635,210.40,47320663,47328722
1443000,3424679,752445,210.27,47337963,47337789
1444000,3430018,748565,210.04,47445787,47440448
1445000,3430358,748390,210.01,47609085,47608745
1446000,3434617,748680,209.96,47667344,47663085
1447000,3437392,747922,210.30,47552839,47550064
1448000,3434551,751327,210.16,47514050,47516891
1449000,3443306,750089,210.07,47686453,47677698
1450000,3450873,746450,209.98,47878417,47870850
1451000,3444926,748734,210.06,47924488,47930435
1452000,3451038,745039,209.98,47817337,47811225
1453000,3456425,747975,209.87,48112154,48106767
1454000,3447727,746186,209.78,47969402,47978100
1455000,3450069,745962,209.96,48043622,48041280
1456000,3452991,744610,209.99,47984188,47981266
1457000,3456015,746125,209.94,48256952,48253928
1458000,3450774,745128,209.79,48062927,48068168
1459000,3451434,745644,210.15,48032864,48032204
1460000,3448925,748053,209.95,48031812,48034321
1461000,3452424,746232,209.94,48079087,48075588
1462000,3456002,744176,209.91,48205178,48201600
1463000,3463327,743884,209.72,48452396,48445071
1464000,3453776,742201,209.81,48330603,48340154
1465000,3449383,741108,209.71,48171361,48175754
1466000,3458833,740392,209.99,48272653,48263203
1467000,3455808,740173,209.99,48237117,48240142
1468000,3444859,742560,209.93,48012856,48023805
1469000,3452271,739524,209.65,48096961,48089549
1470000,3452300,739680,210.02,48253095,48253066
1471000,3446210,739304,210.04,47985712,47991802
1472000,3454940,737952,209.83,48178505,48169775
1473000,3455316,739377,209.71,48151007,48150631
1474000,3462540,740215,209.86,48259070,48251846
1475000,3444656,740430,209.94,48085670,48103554
1476000,3435017,743300,209.87,47817718,47827357
1477000,3449992,742960,210.01,47931183,47916208
1478000,3447651,742287,210.33,47865362,47867703
1479000,3444119,747882,210.19,47814508,47818040
1480000,3423158,745016,210.32,47276460,47297421
1481000,3440257,748168,210.27,47367882,47350783
1482000,3429780,750206,210.17,47414165,47424642
1483000,3424984,748940,210.05,47348954,47353750
1484000,3434660,750392,209.96,47433266,47423590
1485000,3430139,751971,210.04,47541246,47545767
1486000,3431864,749158,209.79,47580526,47578801
1487000,3433938,747915,210.05,47674371,47672297
1488000,3429210,751623,210.36,47437854,47442582
1489000,3418659,752718,210.39,47076787,47087338
1490000,3426979,751348,210.15,47366755,47358435
1491000,3440847,751999,210.26,47416382,47402514
1492000,3432897,750883,210.21,47306727,47314677
1493000,3422096,751611,210.41,47135569,47146370
1494000,3428966,751591,210.13,47220793,47213923
1495000,3439997,753225,210.30,47404580,47393549
1496000,3427181,753244,210.14,47450825,47463641
1497000,3428669,750124,210.01,47523287,47521799
1498000,3442517,752956,210.11,47717456,47703608
1499000,3427589,751403,210.06,47408832,47423760
1500000,3438540,750569,209.69,47660246,47649295
1501000,3446501,749108,210.01,48026869,48018908
1502000,3444303,749951,209.88,47939003,47941201
1503000,3446713,748594,210.04,47821479,47819069
1504000,3435180,748597,210.23,47716269,47727802
1505000,3440550,748026,209.71,47850995,47845625
1506000,3454448,747347,209.79,48258855,48244957
1507000,3442995,743136,209.75,48111316,48122769
1508000,3449011,742606,209.79,48054353,48048337
1509000,3454452,742048,209.71,48238472,48233031
1510000,3453020,743129,209.78,48275121,48276553
1511000,3463611,742213,209.64,48475308,48464717
1512000,3453820,740996,209.86,48303082,48312873
1513000,3449303,743839,209.72,48093616,48098133
1514000,3453154,743459,209.89,48121036,48117185
1515000,3457080,743100,209.91,48158429,48154503
1516000,3449845,737663,209.89,48098550,48105785
1517000,3462219,736455,209.83,48178044,48165670
1518000,3451777,736695,210.34,47989715,48000157
1519000,3443704,740446,210.12,47752963,47761036
1520000,3445861,740544,210.00,47714180,47712023
1521000,3447459,742442,209.96,47970764,47969166
1522000,3447265,744164,209.95,47925016,47925210
1523000,3446632,747223,209.82,48010722,48011355
1524000,3438447,746942,209.86,47793663,47801848
1525000,3435317,746406,210.09,47689407,47692537
1526000,3429170,746493,210.15,47553852,47559999
1527000,3431719,747812,210.21,47310640,47308091
1528000,3441256,750162,210.21,47622592,47613055
1529000,3428293,748230,210.16,47542685,47555648
1530000,3436639,744945,209.70,47643859,47635513
1531000,3443816,745324,209.82,48035320,48028143
1532000,3441120,747780,209.66,47944455,47947151
1533000,3442165,747013,210.07,48090349,48089304
1534000,3437785,749365,210.14,47857777,47862157
1535000,3422422,747764,210.19,47328794,47344157
1536000,3433713,749505,210.13,47343605,47332314
1537000,3425419,747688,210.22,47343509,47351803
1538000,3437767,746864,209.96,47478189,47465841
1539000,3435275,749260,210.00,47709072,47711564
1540000,3431990,747155,210.07,47593780,47597065
1541000,3434718,747315,210.07,47470432,47467704
1542000,3438457,747024,210.10,47628509,47624770
1543000,3442691,745504,210.07,47704622,47700388
1544000,3443234,743376,210.20,47671976,47671433
1545000,3441798,741991,210.05,47811828,47813264
1546000,3454442,739800,209.92,47946579,47933935
1547000,3446122,738819,209.81,48040381,48048701
1548000,3459514,739536,209.70,48243691,48230299
1549000,3449802,739049,209.93,48305064,48314776
1550000,3441465,737847,209.83,47921634,47929971
1551000,3454418,736592,209.76,48192516,48179563
1552000,3455936,735201,210.19,48215917,48214399
1553000,3453914,737301,209.88,48224980,48227002
1554000,3445545,738272,209.68,48136367,48144736
1555000,3458971,735999,209.67,48327658,48314232
1556000,3447650,736769,210.21,48198534,48209855
1557000,3439594,740882,209.82,47733433,47741489
1558000,3441207,742270,210.06,47838459,47836846
1559000,3431938,745497,209.75,47629471,47638740
1560000,3444712,741359,210.05,47882090,47869316
1561000,3442339,742550,210.03,47875412,47877785
1562000,3435231,744153,209.97,47719233,47726341
1563000,3448187,745939,209.66,47945125,47932169
1564000,3443532,744275,209.74,48011591,48016246
1565000,3445038,745055,209.90,47995815,47994309
1566000,3433360,745779,210.19,47675808,47687486
1567000,3425871,747036,210.14,47448592,47456081
1568000,3437886,746650,209.73,47711616,47699601
1569000,3444592,743399,210.08,47805182,47798476
1570000,3441224,743764,209.81,47930335,47933703
1571000,3436353,742863,210.20,47866091,47870962
1572000,3426926,743008,210.00,47640882,47650309
1573000,3439823,744784,209.89,47914304,47901407
1574000,3439992,742989,209.85,47990513,47990344
1575000,3428355,741087,210.05,47766367,47778004
1576000,3437920,743524,209.94,47715075,47705510
1577000,3446590,746510,209.87,47910336,47901666
1578000,3437493,747121,209.87,47816980,47826077
1579000,3431983,745337,209.66,47884811,47890321
1580000,3441850,746349,209.89,47825446,47815579
1581000,3429495,747052,209.97,47715015,47727370
1582000,3432126,748882,209.83,47668613,47665982
1583000,3443979,746788,209.95,47933128,47921275
1584000,3434332,749472,209.97,47706594,47716241
1585000,3432831,748097,209.91,47658122,47659623
1586000,3428766,748750,209.76,47589041,47593106
1587000,3440075,743151,209.69,47863589,47852280
1588000,3454160,745334,209.63,48199586,48185501
1589000,3452888,743460,209.91,48398970,48400242
1590000,3444291,741497,209.90,48087300,48095897
1591000,3448453,744879,209.82,48072186,48068024
1592000,3440676,744846,209.96,47946563,47954340
1593000,3445265,743133,209.70,48012106,48007517
1594000,3452116,740618,209.70,48136223,48129372
1595000,3449406,740863,210.00,48206820,48209530
1596000,3448545,742695,209.90,47974589,47975450
1597000,3453295,743495,209.81,48247398,48242648
1598000,3451613,742633,209.77,48155305,48156987
1599000,3452766,741006,209.96,48131177,48130024
1600000,3447374,739816,210.03,47908940,47914332
1601000,3446112,740889,209.90,47854893,47856155
1602000,3447136,740829,209.83,47961248,47960224
1603000,3458105,738407,209.84,48279945,48268976
1604000,3461428,735754,210.06,48184130,48180807
1605000,3450199,736280,209.98,48098078,48109307
1606000,3456350,738778,209.70,48065423,48059272
1607000,3451402,738534,209.76,48211347,48216295
1608000,3456513,736985,209.92,48213999,48208888
1609000,3455144,735893,210.03,48126197,48127566
1610000,3451327,737090,209.90,48019534,48023351
1611000,3445354,735452,210.15,47991921,47997894
1612000,3449373,736758,209.73,47998823,47994804
1613000,3443892,737472,209.95,48019146,48024627
1614000,3444678,739260,210.05,47812682,47811896
1615000,3438554,741370,210.07,47821658,47827782
1616000,3438517,741176,210.31,47700964,47701001
1617000,3437290,745526,209.92,47554648,47555875
1618000,3437191,747556,209.80,47756670,47756769
1619000,3424446,748153,210.24,47483996,47496741
1620000,3420406,749548,209.88,47290748,47294788
1621000,3428247,749820,210.19,47463617,47455776
1622000,3423552,750847,210.35,47259002,47263697
1623000,3409172,753231,210.12,46954108,46968488
1624000,3420951,750307,210.09,47118808,47107029
1625000,3422027,751355,209.91,47339813,47338737
1626000,3430644,751976,210.11,47393280,47384663
1627000,3423227,751632,209.99,47452330,47459747
1628000,3423114,748945,210.06,47501986,47502099
1629000,3434318,749676,210.04,47456041,47444837
1630000,3431788,745733,209.80,47743222,47745752
1631000,3449208,745854,209.87,48014237,47996817
1632000,3442088,741059,209.98,47961904,47969024
1633000,3449605,740364,209.94,48020944,48013427
1634000,3451214,739747,209.86,48010935,48009326
1635000,3455305,740563,209.91,48088429,48084338
1636000,3445035,738511,209.99,47885250,47895520
1637000,3450646,738749,209.97,47866160,47860549
1638000,3433857,736532,210.00,47804961,47821750
1639000,3445605,736036,209.76,47974121,47962373
1640000,3456662,734490,209.77,48226410,48215353
1641000,3456782,736180,209.84,48150067,48149947
1642000,3450457,738522,209.86,48137226,48143551
1643000,3459516,738406,209.74,48152177,48143118
1644000,3456722,737701,209.97,48261050,48263844
1645000,3449218,739137,210.08,47998983,48006487
1646000,3451404,739623,209.94,48045687,48043501
1647000,3444813,736833,209.94,47949625,47956216
1648000,3454800,736058,209.98,47990935,47980948
1649000,3453742,736291,209.91,48020651,48021709
1650000,3442459,734566,210.00,47772748,47784031
1651000,3446388,737053,210.09,47883817,47879888
1652000,3436629,737815,210.03,47730822,47740581
1653000,3449168,738430,209.96,47952970,47940431
1654000,3449903,738549,210.09,47980463,47979728
1655000,3435370,736592,209.67,47700503,47715036
1656000,3447333,737597,209.87,48028297,48016334
1657000,3445043,736968,210.14,48013845,48016135
1658000,3443966,738634,210.11,47890290,47891367
1659000,3427282,739591,210.15,47545745,47562429
1660000,3429922,742103,209.86,47518083,47515443
1661000,3435658,743563,210.02,47732490,47726754
1662000,3434985,741166,210.12,47667358,47668031
1663000,3421709,745173,210.08,47490860,47504136
1664000,3432046,746865,209.76,47558581,47548244
1665000,3437770,744583,209.52,47976579,47970855
1666000,3441628,743655,209.91,48037707,48033849
1667000,3433298,745819,210.19,47565857,47574187
1668000,3440549,748392,209.75,47799053,47791802
1669000,3424437,747525,209.92,47728774,47744886
1670000,3432056,744875,209.82,47598094,47590475
1671000,3432698,744864,210.16,47699177,47698535
1672000,3425344,747595,209.79,47404812,47412166
1673000,3435917,744329,209.91,47717535,47706962
1674000,3446970,742461,210.13,47893467,47882414
1675000,3442290,738403,210.21,47752742,47757422
1676000,3443754,735945,209.95,47835454,47833990
1677000,3446057,736371,209.91,48081217,48078914
1678000,3448148,736807,209.79,48063676,48061585
1679000,3441797,738976,210.17,47862339,47868690
1680000,3435556,740856,209.82,47738375,47744616
1681000,3433763,739669,209.85,47803440,47805233
1682000,3440236,742522,210.05,47767678,47761205
1683000,3435619,744166,209.91,47687956,47692573
1684000,3423186,741682,210.08,47596597,47609030
1685000,3429801,741127,209.74,47613684,47607069
1686000,3442928,740329,209.98,48034906,48021779
1687000,3446845,740495,209.90,47929187,47925270
1688000,3440706,737605,209.80,47948124,47954263
1689000,3441800,735286,209.98,47985886,47984792
1690000,3448937,735338,209.98,47891696,47884559
1691000,3446214,736172,210.00,47928296,47931019
1692000,3451647,737227,209.74,47988700,47983267
1693000,3445828,735816,210.16,47857173,47862992
1694000,3438555,736165,210.10,47780103,47787376
1695000,3438988,733518,210.11,47697972,47697539
1696000,3445152,734736,209.99,47877474,47871310
1697000,3441823,736477,209.94,47915771,47919100
1698000,3444555,734736,209.86,47918538,47915806
1699000,3451353,736841,210.03,48115278,48108480
1700000,3455466,737910,209.71,48166058,48161945
1701000,3447762,735016,210.11,48054967,48062671
1702000,3444007,738196,209.68,47868981,47872736
1703000,3452603,736046,209.66,48157542,48148946
1704000,3459481,732634,209.54,48364430,48357552
1705000,3456045,734967,209.79,48318102,48321538
1706000,3447584,732725,209.74,48080018,48088479
1707000,3442333,734975,210.15,48003076,48008327
1708000,3436771,736215,209.93,47771200,47776762
1709000,3442702,736641,209.96,47982899,47976968
1710000,3445553,739961,209.74,48095147,48092296
1711000,3452554,739207,209.73,48218403,48211402
1712000,3441844,737780,210.18,48020147,48030857
1713000,3440689,741024,210.01,47846744,47847899
1714000,3440581,739468,210.00,47820432,47820540
1715000,3436803,741588,209.80,47780424,47784202
1716000,3447226,743128,209.87,47953178,47942755
1717000,3444260,739144,210.09,47899553,47902519
1718000,3434080,740024,210.03,47666781,47676961
1719000,3442218,740455,209.98,47800908,47792770
1720000,3439974,739160,209.93,47867091,47869335
1721000,3444607,739368,209.94,47924270,47919637
1722000,3453189,741153,209.80,48104314,48095732
1723000,3442447,737956,209.74,48104305,48115047
1724000,3447520,737875,209.61,48111498,48106425
1725000,3452531,737163,209.83,48241067,48236056
1726000,3450000,736289,209.97,48128203,48130734
1727000,3446537,735941,209.76,48098405,48101868
1728000,3450517,735072,209.73,48133378,48129398
1729000,3453250,738431,210.16,48228411,48225678
1730000,3437168,738958,209.89,47924119,47940201
1731000,3446664,741679,209.70,48059562,48050066
1732000,3460228,740040,209.58,48437894,48424330
1733000,3461998,738864,209.83,48491384,48489614
1734000,3448695,740603,210.07,48142687,48155990
1735000,3442164,743268,210.01,47996393,48002924
1736000,3434887,740654,209.73,47841671,47848948
1737000,3442935,737300,209.83,48002164,47994116
1738000,3456882,736939,209.91,48264936,48250989
1739000,3453194,739150,209.64,48257257,48260945
1740000,3462176,736995,209.79,48386549,48377567
1741000,3456428,736637,209.85,48275555,48281303
1742000,3449227,735454,209.74,48044795,48051996
1743000,3447805,737947,209.80,48005198,48006620
1744000,3447051,738650,210.13,47962038,47962792
1745000,3438564,738210,210.08,47725909,47734396
1746000,3446333,737690,209.81,47928415,47920646
1747000,3454067,736861,209.75,48240901,48233167
1748000,3455146,735669,210.07,48206204,48205125
1749000,3445315,733666,209.77,47997317,48007148
1750000,3460669,732099,209.94,48299144,48283790
1751000,3462406,731677,209.82,48210254,48208517
1752000,3456513,732540,209.93,48252459,48258352
1753000,3461829,734824,209.74,48187881,48182565
1754000,3459484,734461,209.74,48320444,48322789
1755000,3454448,734207,209.66,48263590,48268626
1756000,3465254,734033,209.75,48608325,48597519
1757000,3452324,730982,210.07,48254306,48267236
1758000,3457406,732090,209.68,48126870,48121788
1759000,3462860,731954,209.48,48522038,48516584
1760000,3453171,730679,209.80,48450331,48460020
1761000,3456543,733030,209.87,48206259,48202887
1762000,3454161,733434,209.78,48278469,48280851
1763000,3439554,730218,210.04,47962883,47977490
1764000,3453847,733670,209.76,48137846,48123553
1765000,3454198,732307,209.94,48405827,48405476
1766000,3445676,734556,210.04,48061317,48069839
1767000,3451752,735084,209.85,48131977,48125901
1768000,3450005,733651,209.86,48173858,48175605
1769000,3454114,732952,209.72,48113069,48108960
1770000,3460094,733256,209.78,48379096,48373116
1771000,3453418,736020,209.87,48174080,48180756
1772000,3453715,734066,210.03,48210336,48210039
1773000,3452001,736645,209.79,48068940,48070654
1774000,3443067,735347,210.02,48007975,48016909
1775000,3443484,737129,209.85,47882070,47881653
1776000,3437405,738390,210.07,47736648,47742727
1777000,3433500,737272,209.71,47724178,47728083
1778000,3440891,736796,209.78,47965335,47957944
1779000,3446577,738991,209.98,47955779,47950093
1780000,3428067,739191,210.18,47677142,47695652
1781000,3419416,741057,210.00,47306493,47315144
1782000,3441631,740065,209.72,47713007,47690792
1783000,3442766,741998,209.89,47896945,47895810
1784000,3437379,742268,209.93,47793722,47799109
1785000,3442353,741003,209.90,47768707,47763733
1786000,3434520,742918,209.73,47661955,47669788
1787000,3439120,741362,209.89,47792495,47787895
1788000,3430621,738816,210.21,47517753,47526252
1789000,3428890,740841,210.16,47423164,47424895
1790000,3434024,742552,209.69,47614992,47609858
1791000,3440071,739674,209.63,48029292,48023245
1792000,3444509,739465,209.87,48164721,48160283
1793000,3442661,737825,209.90,48033534,48035382
1794000,3446612,740479,209.69,47895620,47891669
1795000,3447786,738568,209.79,48094455,48093281
1796000,3453550,735757,209.77,48159391,48153627
1797000,3448730,734387,209.73,48336321,48341141
1798000,3457913,735476,209.62,48351297,48342114
1799000,3452351,733258,209.63,48350456,48356018
1800000,3453880,731805,209.64,48360473,48358944
1801000,3466254,732511,209.65,48617913,48605539
1802000,3451351,730436,209.89,48330001,48344904
1803000,3454724,731667,209.65,48288237,48284864
1804000,3471905,731082,209.43,48711421,48694240
1805000,3464839,728125,209.97,48686974,48694040
1806000,3459778,730510,209.80,48413634,48418695
1807000,3451820,732688,209.86,48262168,48270126
1808000,3452399,734565,209.66,48224781,48224202
1809000,3452738,735781,209.91,48268390,48268051
1810000,3451561,733007,210.03,48143509,48144686
1811000,3452439,735377,209.98,48029416,48028538
1812000,3437987,737419,209.98,47858173,47872625
1813000,3448630,735310,209.82,48073536,48062893
1814000,3442434,734673,209.50,48104736,48110932
1815000,3455319,733499,209.73,48305564,48292679
1816000,3463630,733134,209.68,48482342,48474031
1817000,3456334,734182,209.53,48529863,48537159
1818000,3456751,731872,209.77,48347263,48346846
1819000,3455256,734309,209.82,48317354,48318849
1820000,3443493,735171,209.84,48074037,48085800
1821000,3445881,734269,209.51,48103661,48101273
1822000,3456807,736899,209.78,48380147,48369221
1823000,3443851,734853,209.57,48185868,48198824
1824000,3455321,733397,209.74,48330050,48318580
1825000,3454388,731425,209.88,48272978,48273911
1826000,3451876,730944,209.75,48199533,48202045
1827000,3458461,731972,209.91,48398220,48391635
1828000,3452781,735294,209.84,48163788,48169468
1829000,3450186,732857,209.84,48090639,48093234
1830000,3449602,734568,209.90,48161119,48161703
1831000,3443716,733129,209.80,48062015,48067901
1832000,3446349,735816,209.89,48071086,48068453
1833000,3440895,738285,210.02,47859238,47864692
1834000,3447231,740550,209.81,47933336,47927000
1835000,3441655,741825,210.03,47850119,47855695
1836000,3437490,741286,209.85,47719771,47723936
1837000,3432074,740574,209.81,47684118,47689534
1838000,3447601,739506,209.91,47940728,47925201
1839000,3442870,737315,210.02,48078336,48083067
1840000,3444300,741819,209.84,48027428,48025998
1841000,3445616,742009,209.80,48060652,48059336
1842000,3451053,739918,209.66,48248243,48242806
1843000,3441604,737784,209.70,48079787,48089236
1844000,3447777,736286,209.68,48180945,48174772
1845000,3446429,734131,209.73,48334078,48335426
1846000,3458757,734230,209.57,48384720,48372392
1847000,3457885,730050,209.57,48407151,48408023
1848000,3453650,729211,209.78,48397870,48402105
1849000,3460230,732090,209.63,48455997,48449417
1850000,3457614,732041,209.80,48446413,48449029
1851000,3465714,730681,209.87,48423484,48415384
1852000,3469428,732445,209.82,48555459,48551745
1853000,3453798,731499,209.78,48268208,48283838
1854000,3465243,730417,209.94,48421757,48410312
1855000,3458559,731306,209.81,48375307,48381991
1856000,3452875,732288,209.65,48318795,48324479
1857000,3464524,735170,209.72,48421426,48409777
1858000,3448034,731914,209.62,48350752,48367242
1859000,3461676,731487,209.64,48576359,48562717
1860000,3456278,730166,209.83,48445247,48450645
1861000,3450942,732301,209.95,48203549,48208885
1862000,3452805,731054,209.57,48261180,48259317
1863000,3465766,730706,209.52,48543662,48530701
1864000,3458658,730164,209.95,48529143,48536251
1865000,3444008,730700,209.62,48112469,48127119
1866000,3454670,731993,209.85,48144635,48133973
1867000,3455376,733928,209.81,48342093,48341387
1868000,3449093,736331,209.63,48211918,48218201
1869000,3462850,732197,209.93,48442736,48428979
1870000,3458952,734250,209.87,48304957,48308855
1871000,3453962,732645,209.77,48309770,48314760
1872000,3450611,733672,209.89,48258450,48261801
1873000,3450349,733233,209.81,48238577,48238839
1874000,3449067,733022,209.78,48157826,48159108
1875000,3456827,735560,209.80,48308657,48300897
1876000,3445724,733872,209.77,48192760,48203863
1877000,3448262,734733,209.48,48309790,48307252
1878000,3456011,735474,209.72,48336765,48329016
1879000,3446836,735710,209.89,48109640,48118815
1880000,3449787,735314,209.81,48178995,48176044
1881000,3448696,734731,209.74,48320462,48321553
1882000,3448222,736314,209.46,48216939,48217413
1883000,3453335,735927,209.67,48401270,48396157
1884000,3451176,736963,209.72,48273456,48275615
1885000,3450147,736189,209.88,48159255,48160284
1886000,3456174,736406,209.62,48225856,48219829
1887000,3461119,736827,209.74,48302017,48297072
1888000,3464824,734562,209.71,48480606,48476901
1889000,3455272,733084,209.67,48466773,48476325
1890000,3460797,731172,209.52,48577275,48571750
1891000,3469109,730736,209.82,48723005,48714693
1892000,3457283,735569,209.88,48365372,48377198
1893000,3451755,737457,209.86,48097885,48103413
1894000,3446946,735377,209.73,48085670,48090479
1895000,3449830,734325,209.79,48048089,48045205
1896000,3456877,732759,209.61,48271173,48264126
1897000,3458040,732928,209.68,48386492,48385329
1898000,3455429,731878,209.70,48316920,48319531
1899000,3459132,734415,209.63,48454894,48451191
1900000,3455107,731564,209.76,48409501,48413526
1901000,3460813,730887,209.82,48489477,48483771
1902000,3456625,731699,209.85,48399186,48403374
1903000,3449637,733572,210.12,48142162,48149150
1904000,3441120,733349,209.85,47928408,47936925
1905000,3447693,734915,209.70,48070260,48063687
1906000,3448743,734287,209.77,48188095,48187045
1907000,3460593,733231,209.85,48237022,48225172
1908000,3453211,733057,209.88,48230882,48238264
1909000,3452791,731305,209.67,48122653,48123073
1910000,3458278,729901,209.72,48403745,48398258
1911000,3461173,728001,209.77,48657038,48654143
1912000,3463257,728750,209.59,48481118,48479034
1913000,3447907,729259,209.95,48095209,48110559
1914000,3453949,733281,209.91,48274845,48268803
1915000,3446519,732024,209.65,48219070,48226500
1916000,3460378,729442,209.67,48457960,48444101
1917000,3451406,729418,209.76,48322212,48331184
1918000,3453304,732633,209.69,48380782,48378884
1919000,3454302,734312,209.71,48389593,48388595
1920000,3451796,733147,209.84,48442315,48444821
1921000,3448571,735054,209.79,48193708,48196933
1922000,3455468,733653,209.88,48293810,48286913
1923000,3449792,735698,209.78,48230329,48236005
1924000,3451816,732576,209.51,48256047,48254023
1925000,3463116,731260,209.67,48555836,48544536
1926000,3463252,730912,209.37,48508712,48508576
1927000,3452269,728155,209.82,48481843,48492826
1928000,3457594,729049,209.67,48185533,48180208
1929000,3466861,728621,209.60,48668360,48659093
1930000,3447230,729380,209.87,48357208,48376839
1931000,3450413,728897,209.45,48317186,48314003
1932000,3459791,727651,209.58,48545536,48536158
1933000,3453851,729790,209.79,48410198,48416138
1934000,3449202,730698,209.90,48184873,48189522
1935000,3446584,732032,209.73,48180922,48183540
1936000,3453712,729284,209.38,48342917,48335789
1937000,3464501,728277,209.74,48626908,48616119
1938000,3448504,729644,209.74,48404002,48419999
1939000,3448096,731421,209.58,48226584,48226992
1940000,3450575,732427,209.63,48440712,48438233
1941000,3456819,733679,209.32,48517622,48511378
1942000,3461844,732100,209.79,48669159,48664134
1943000,3447429,732919,209.69,48279320,48293735
1944000,3436634,733217,209.80,47928532,47939327
1945000,3443628,735582,209.83,48034483,48027489
1946000,3442746,738837,209.59,48107074,48107956
1947000,3444933,734665,209.52,48221726,48219539
1948000,3452276,733944,209.67,48309025,48301682
1949000,3448384,735778,209.75,48327671,48331563
1950000,3447839,735138,209.76,48218746,48219291
1951000,3444770,733432,209.69,48028807,48031876
1952000,3451069,732713,209.58,48302451,48296152
1953000,3448267,730177,209.57,48346986,48349788
1954000,3460281,732402,209.59,48571524,48559510
1955000,3459482,730397,209.67,48486219,48487018
1956000,3440748,732813,209.67,48227802,48246536
1957000,3455915,729157,209.68,48413392,48398225
1958000,3451059,730036,209.79,48344366,48349222
1959000,3464872,728651,209.45,48540005,48526192
1960000,3443476,728736,209.80,48278465,48299861
1961000,3442068,731423,209.57,48166988,48168396
1962000,3458831,730201,209.68,48443060,48426297
1963000,3448437,728915,209.78,48370564,48380958
1964000,3452118,728917,209.67,48280177,48276496
1965000,3456981,723390,209.64,48555279,48550416
1966000,3463306,724903,209.83,48519628,48513303
1967000,3453159,723925,209.67,48457642,48467789
1968000,3454940,724734,209.72,48415279,48413498
1969000,3467306,725131,209.39,48816032,48803666
1970000,3481617,723963,209.30,49141471,49127160
1971000,3465104,724153,209.61,48859803,48876316
1972000,3461561,726075,209.46,48669032,48672575
1973000,3473373,726278,209.36,48860034,48848222
1974000,3463509,726879,209.76,48687865,48697729
1975000,3448907,728032,209.68,48235416,48250018
1976000,3451521,729253,209.74,48249785,48247171
1977000,3452120,729985,209.67,48360622,48360023
1978000,3455821,730053,209.80,48234865,48231164
1979000,3441100,732527,209.74,48131145,48145866
1980000,3447472,732464,209.79,48177052,48170680
1981000,3452179,730913,209.74,48275308,48270601
1982000,3446692,728777,209.82,48139421,48144908
1983000,3450369,730021,209.54,48312889,48309212
1984000,3453426,729680,209.52,48527533,48524476
1985000,3458290,726037,209.69,48631688,48626824
1986000,3452532,726521,209.77,48431724,48437482
1987000,3450466,727401,209.52,48276400,48278466
1988000,3460839,726187,209.44,48631683,48621310
1989000,3461238,725613,209.60,48655459,48655060
1990000,3456754,727134,209.43,48516190,48520674
1991000,3452725,723670,209.54,48629718,48633747
1992000,3469738,720174,209.48,48729735,48712722
1993000,3468493,722516,209.72,48789049,48790294
1994000,3450041,727199,209.64,48371942,48390394
1995000,3453590,724264,209.60,48502078,48498529
1996000,3464382,725530,209.57,48565165,48554373
1997000,3460385,723796,209.65,48519763,48523760
1998000,3459019,722519,209.63,48558521,48559887
1999000,3456806,721778,209.48,48496239,48498452
2000000,3463527,722174,209.58,48654609,48647888
2001000,3462178,720462,209.60,48553442,48554791
2002000,3451001,721631,209.64,48481022,48492199
2003000,3459216,720103,209.46,48646032,48637817
2004000,3468194,720232,209.39,48847098,48838120
2005000,3461991,717609,209.76,48643114,48649317
2006000,3463739,719500,209.51,48663497,48661749
2007000,3473127,721013,209.73,48768147,48758759
2008000,3471848,720169,209.33,48841083,48842362
2009000,3465697,718932,209.66,48776234,48782385
2010000,3460326,718878,209.60,48674606,48679977
2011000,3455330,722342,209.63,48529734,48534730
2012000,3465872,725840,209.59,48661088,48650546
2013000,3452008,723306,209.26,48607927,48621791
2014000,3457901,723470,209.57,48748365,48742472
2015000,3455520,723571,209.38,48744016,48746397
2016000,3444922,724262,209.32,48684392,48694990
2017000,3454540,724422,209.39,48700759,48691141
2018000,3459807,724736,209.51,48702794,48697527
2019000,3456105,726289,209.49,48616081,48619783
2020000,3453545,724051,209.27,48571532,48574092
2021000,3460389,723076,209.30,48732718,48725874
2022000,3466345,719648,209.59,48859874,48853918
2023000,3459290,721591,209.62,48623016,48630071
2024000,3463153,721715,209.56,48668385,48664522
2025000,3451284,721028,209.49,48538824,48550693
2026000,3459940,722806,209.21,48757256,48748600
2027000,3461905,718659,209.57,48759296,48757331
2028000,3463070,720978,209.44,48641653,48640488
2029000,3462975,720113,209.61,48703422,48703517
2030000,3459769,721784,209.54,48601624,48604830
2031000,3462174,725803,209.61,48550111,48547706
2032000,3439449,724255,209.72,48278025,48300750
2033000,3448922,729733,209.64,48208723,48199250
2034000,3452214,729795,209.52,48394261,48390969
2035000,3455336,728870,209.71,48486529,48483407
2036000,3446657,732903,209.70,48168665,48177344
2037000,3437805,732612,209.97,48095839,48104691
2038000,3441243,732939,209.44,48121882,48118444
2039000,3443566,730675,209.66,48367631,48365308
2040000,3450719,732589,209.60,48458797,48451644
2041000,3457619,731080,209.30,48616484,48609584
2042000,3462684,726716,209.61,48782454,48777389
2043000,3463210,727610,209.50,48733550,48733024
2044000,3459690,726336,209.49,48843005,48846525
2045000,3454595,724736,209.36,48628635,48633730
2046000,3461633,724350,209.56,48812377,48805339
2047000,3465973,724744,209.23,48885761,48881421
2048000,3466795,725823,209.18,49045693,49044871
2049000,3458475,723880,209.41,48773861,48782181
2050000,3461664,722949,209.55,48823438,48820249
2051000,3459166,723978,209.43,48620750,48623248
2052000,3460892,722398,209.62,48753458,48751732
2053000,3467405,721135,209.50,48777910,48771397
2054000,3467804,719072,209.57,48871234,48870835
2055000,3472339,721411,209.40,48978401,48973866
2056000,3470789,721554,209.53,48957674,48959224
2057000,3453633,724560,209.57,48715243,48732399
2058000,3456062,726164,209.65,48529294,48526865
2059000,3462660,727439,209.39,48646096,48639498
2060000,3449123,727059,209.57,48516213,48529750
2061000,3452191,727496,209.27,48605060,48601992
2062000,3456694,729740,209.42,48666060,48661557
2063000,3467372,729444,209.44,48775987,48765309
2064000,3455781,726496,209.81,48488387,48499978
2065000,3452564,729630,209.32,48429868,48433085
2066000,3466845,727961,209.57,48810063,48795782
2067000,3454821,726429,209.48,48539634,48551658
2068000,3461220,727476,209.52,48664228,48657829
2069000,3454012,725794,209.70,48478413,48485621
2070000,3454334,726516,209.54,48590062,48589740
2071000,3457657,727222,209.56,48498589,48495266
2072000,3460832,725913,209.45,48612558,48609383
2073000,3453102,727933,209.56,48462450,48470180
2074000,3444526,726752,209.51,48311135,48319711
2075000,3466201,728044,209.21,48839658,48817983
2076000,3460518,729054,209.14,49023136,49028819
2077000,3451803,726093,209.31,48767999,48776714
2078000,3458656,724981,209.11,48890459,48883606
2079000,3460151,721847,209.15,49109640,49108145
2080000,3463039,721108,209.08,48939617,48936729
2081000,3463575,724676,209.21,49005649,49005113
2082000,3462151,722593,209.58,48927089,48928513
2083000,3454803,723300,209.15,48711440,48718788
2084000,3464795,720458,209.31,48925045,48915053
2085000,3462296,717479,209.41,48892068,48894567
2086000,3456006,718726,209.45,48836120,48842410
2087000,3465363,717731,209.06,49012422,49003065
2088000,3470702,716013,209.24,49224217,49218878
2089000,3471466,716884,209.25,49209353,49208589
2090000,3471915,715831,209.31,49090063,49089614
2091000,3472659,716935,209.55,49049744,49049000
2092000,3455480,719143,209.71,48568330,48585509
2093000,3452718,717868,209.62,48468836,48471598
2094000,3451341,719386,209.71,48376023,48377400
2095000,3449981,722347,209.78,48267233,48268593
2096000,3448382,724851,209.66,48272671,48274270
2097000,3441533,728324,209.55,48194841,48201690
2098000,3438544,729435,209.75,48128220,48131209
2099000,3442148,729009,209.80,48221314,48217710
2100000,3435464,730967,209.95,47920142,47926826
2101000,3437337,732744,209.84,47926681,47924808
2102000,3440028,730276,209.72,47994964,47992273
2103000,3443516,728168,209.85,47950652,47947164
2104000,3442858,727684,209.83,48136227,48136885
2105000,3443930,726311,209.82,48091548,48090476
2106000,3451910,726496,209.49,48290745,48282765
2107000,3451873,727144,209.64,48472234,48472271
2108000,3459808,726070,209.50,48638019,48630084
2109000,3466546,725976,209.12,48839102,48832364
2110000,3459625,721711,209.70,48806694,48813615
2111000,3456939,721144,209.49,48596398,48599084
2112000,3453876,722209,209.47,48652008,48655071
2113000,3454470,723288,209.12,48692304,48691710
2114000,3466895,719838,209.32,49035696,49023271
2115000,3458641,717474,209.44,48962316,48970570
2116000,3461974,719911,209.27,48875866,48872533
2117000,3460375,721563,209.22,48934593,48936192
2118000,3467181,718952,209.23,48978051,48971245
2119000,3466960,720816,209.25,49022484,49022705
2120000,3467478,719666,209.23,49002982,49002464
2121000,3461353,717910,209.41,49017817,49023942
2122000,3465891,721015,209.20,48980931,48976393
2123000,3474993,719853,209.18,49198698,49189596
2124000,3464494,718872,209.47,49097358,49107857
2125000,3462238,718678,209.32,48804167,48806423
2126000,3455971,717067,209.55,48829600,48835867
2127000,3465529,717412,209.25,48857369,48847811
2128000,3463952,715915,209.26,49102224,49103801
2129000,3473898,713394,209.25,49249205,49239259
2130000,3477718,712179,209.28,49287117,49283297
2131000,3469061,711813,209.47,49059397,49068054
2132000,3473792,713132,209.68,49037380,49032649
2133000,3465667,714639,209.13,48872984,48881109
2134000,3469303,715891,209.62,48949417,48945781
2135000,3451722,719620,209.44,48477165,48494746
2136000,3455862,721128,209.71,48682917,48678777
2137000,3455843,723333,209.51,48378627,48378646
2138000,3450347,726582,209.85,48518421,48523917
2139000,3435808,725890,209.81,48117837,48132376
2140000,3442546,730503,209.72,48155678,48148940
2141000,3435674,733567,209.61,48164376,48171248
2142000,3437461,733541,209.31,48132811,48131024
2143000,3440279,736613,209.46,48273269,48270451
2144000,3443038,734527,209.41,48354438,48351679
2145000,3443050,734405,209.35,48530970,48530958
2146000,3446410,735393,209.35,48556950,48553590
2147000,3432584,731584,209.54,48321461,48335287
2148000,3438407,730331,209.70,48203245,48197422
2149000,3448776,728915,209.66,48294413,48284044
2150000,3445229,729602,209.58,48355498,48359045
2151000,3432245,729506,209.54,48219078,48232062
2152000,3453357,728049,209.59,48392052,48370940
2153000,3450453,726946,209.64,48518382,48521286
2154000,3443948,726965,209.33,48352262,48358767
2155000,3453096,724168,209.06,48722425,48713277
2156000,3463785,721807,209.64,49019304,49008615
2157000,3461896,719671,209.20,48961549,48963438
2158000,3463390,721630,209.37,48988852,48987358
2159000,3445454,725036,209.31,48602135,48620071
2160000,3444935,729609,209.41,48510392,48510911
2161000,3445007,730823,209.53,48523452,48523380
2162000,3449167,730390,209.61,48445175,48441015
2163000,3431683,731749,209.81,48141490,48158974
2164000,3449706,735464,209.52,48244833,48226810
2165000,3442618,733327,209.71,48365677,48372765
2166000,3440500,732589,209.58,48257792,48259910
2167000,3443979,733844,209.68,48417240,48413761
2168000,3442620,731434,209.33,48356790,48358149
2169000,3446359,732024,209.31,48585197,48581458
2170000,3451148,730285,209.21,48711260,48706471
2171000,3463091,729209,209.42,48928508,48916565
2172000,3462146,728416,209.45,48784818,48785763
2173000,3460259,730019,209.59,48741372,48743259
2174000,3459588,725360,209.50,48698145,48698816
2175000,3452479,722873,209.55,48636692,48643801
2176000,3458675,723861,209.47,48582759,48576563
2177000,3456463,724827,209.37,48774521,48776733
2178000,3452444,728677,209.30,48807380,48811399
2179000,3462132,729034,209.09,48883859,48874171
2180000,3462158,727431,209.55,49040898,49040872
2181000,3455671,728739,209.59,48564637,48571124
2182000,3457974,728701,209.61,48545855,48543552
2183000,3461946,728486,209.54,48789409,48785437
2184000,3469563,724382,209.23,48977573,48969956
2185000,3463274,724334,209.17,48968200,48974489
2186000,3466846,723936,209.34,49026969,49023397
2187000,3469290,719879,209.30,49146566,49144122
2188000,3471445,720589,209.30,49233429,49231274
2189000,3461297,722837,209.43,48964765,48974913
2190000,3460612,723219,209.32,48816302,48816987
2191000,3467972,725316,209.09,49102042,49094682
2192000,3455515,724509,209.21,49033069,49045526
2193000,3458960,727633,209.03,48915330,48911885
2194000,3456070,729097,209.43,48883170,48886060
2195000,3449218,727409,209.69,48624872,48631724
2196000,3447437,728925,209.45,48399023,48400804
2197000,3451018,727545,209.24,48651323,48647742
2198000,3463056,730880,209.50,48859338,48847300
2199000,3445248,729415,209.41,48612838,48630646
2200000,3449404,729338,209.16,48637856,48633700
2201000,3457084,726074,209.56,48796880,48789200
2202000,3444258,730114,209.31,48483291,48496117
2203000,3442504,727152,209.33,48546630,48548384
2204000,3457336,728723,209.37,48913594,48898762
2205000,3434898,725225,209.52,48643208,48665646
2206000,3449518,727647,209.18,48549778,48535158
2207000,3455306,730878,209.32,48967269,48961481
2208000,3438146,733582,209.35,48615341,48632501
2209000,3439854,733199,209.37,48445792,48444084
2210000,3447052,734315,209.46,48625719,48618521
2211000,3433272,732275,209.32,48335885,48349665
2212000,3451029,732833,209.03,48572943,48555186
2213000,3456611,731231,209.17,48858815,48853233
2214000,3450009,730727,209.35,48742423,48749025
2215000,3447652,730780,209.11,48709830,48712187
2216000,3457202,728834,209.22,48827778,48818228
2217000,3457574,727951,209.42,48916833,48916461
2218000,3460355,730332,209.25,48754777,48751996
2219000,3451178,728550,209.37,48737082,48746259
2220000,3454604,730488,209.26,48800825,48797399
2221000,3459744,729949,209.38,48865105,48859965
2222000,3443046,731649,209.45,48599410,48616108
2223000,3453564,727853,209.29,48599916,48589398
2224000,3460688,731177,209.50,48984651,48977527
2225000,3463165,727987,209.16,48887104,48884627
2226000,3461391,728245,209.31,48871934,48873708
2227000,3454020,726262,209.31,48899782,48907153
2228000,3473251,725969,208.95,49063689,49044458
2229000,3464386,724220,209.45,49063955,49072820
2230000,3465972,725570,209.38,48898561,48896975
2231000,3451527,725169,209.52,48738442,48752887
2232000,3463584,726774,209.43,48817122,48805065
2233000,3442025,726282,209.40,48590844,48612403
2234000,3451451,723773,208.96,48660762,48651336
2235000,3462113,724137,209.16,49003888,48993226
2236000,3457015,721909,209.54,48927272,48932370
2237000,3457442,721316,209.28,48853991,48853564
2238000,3459902,721031,209.41,48908703,48906243
2239000,3464387,719212,209.39,48918892,48914407
2240000,3459395,719201,209.30,48866035,48871027
2241000,3469928,720167,209.20,49178470,49167937
2242000,3465611,719492,209.06,49067279,49071596
2243000,3467606,716926,209.35,49170900,49168905
2244000,3470711,719191,209.09,49230088,49226983
2245000,3464036,719255,209.10,49311560,49318235
2246000,3470520,720249,209.13,49289129,49282645
2247000,3459230,717260,209.44,48955769,48967059
2248000,3464703,721907,209.38,48997529,48992056
2249000,3459493,723321,209.37,48906857,48912067
2250000,3454823,721868,209.52,48698662,48703332
2251000,3463566,722767,209.30,48875286,48866543
2252000,3470875,722145,209.39,48998835,48991526
2253000,3456965,720178,209.68,48707817,48721727
2254000,3457249,723321,209.26,48751681,48751397
2255000,3461303,722929,209.09,48840909,48836855
2256000,3467021,720675,209.53,49062880,49057162
2257000,3467885,719554,209.27,49019821,49018957
2258000,3467381,718099,209.31,49045595,49046099
2259000,3472872,717123,209.32,49168457,49162966
2260000,3468095,719028,209.33,49082175,49086952
2261000,3466906,718473,209.27,49140892,49142081
2262000,3468886,718098,209.32,49179660,49177680
2263000,3468786,718461,209.24,48985358,48985458
2264000,3456880,717948,209.66,48860905,48872811
2265000,3459503,719380,209.58,48587595,48584972
2266000,3450729,720905,209.52,48593178,48601952
2267000,3463141,720802,209.58,48615246,48602834
2268000,3456211,724604,209.59,48605000,48611930
2269000,3443217,726401,209.58,48501793,48514787
2270000,3444216,728438,209.45,48317387,48316388
2271000,3456026,728954,209.36,48646599,48634789
2272000,3447280,728459,209.43,48464039,48472785
2273000,3445155,729392,209.50,48412183,48414308
2274000,3447865,726536,209.54,48359019,48356309
2275000,3442641,728309,209.65,48334537,48339761
2276000,3442315,727150,209.39,48284916,48285242
2277000,3457933,726952,209.21,48728520,48712902
2278000,3455562,725411,209.70,48695587,48697958
2279000,3445720,727866,209.64,48395693,48405535
2280000,3445563,729151,209.27,48484656,48484813
2281000,3459068,726299,209.37,48791368,48777863
2282000,3448336,729938,209.73,48528889,48539621
2283000,3441695,733678,209.59,48298565,48305206
2284000,3437400,733054,209.75,48123853,48128148
2285000,3438433,735460,209.66,48178076,48177043
2286000,3443567,734903,209.73,48187096,48181962
2287000,3433868,732389,209.67,48224219,48233918
2288000,3439430,732123,209.59,48091550,48085988
2289000,3455347,729054,209.32,48618562,48602645
2290000,3454266,725335,209.39,48611170,48612251
2291000,3452409,725945,209.59,48577884,48579741
2292000,3454536,723492,209.44,48545427,48543300
2293000,3452872,722821,209.49,48698001,48699665
2294000,3454364,724849,209.25,48817596,48816104
2295000,3463110,722303,209.10,49112694,49103948
2296000,3459768,723026,209.30,49103692,49107034
2297000,3462601,722922,209.13,49162202,49159369
2298000,3461844,720260,209.16,49035698,49036455
2299000,3464908,720548,209.27,49152828,49149764
2300000,3470772,721838,209.07,49300080,49294216
2301000,3462985,723147,209.27,49247751,49255538
2302000,3456832,723893,209.27,48965990,48972143
2303000,3465608,722338,209.17,48985169,48976393
2304000,3463221,724635,209.28,49079785,49082172
2305000,3459546,725803,209.15,48943786,48947461
2306000,3454462,725424,209.25,48843212,48848296
2307000,3460701,726631,209.42,48604238,48597999
2308000,3463321,723562,209.28,48785368,48782748
2309000,3457806,724911,209.44,48721855,48727370
2310000,3448836,726542,209.38,48681803,48690773
2311000,3460759,728573,209.59,48734029,48722106
2312000,3446425,728226,209.22,48542814,48557148
2313000,3449708,729723,209.46,48644136,48640853
2314000,3453283,730247,209.53,48581760,48578185
2315000,3440185,732231,209.71,48217440,48230538
2316000,3430567,734986,209.41,48168538,48178156
2317000,3439534,733657,209.60,48273358,48264391
2318000,3439446,732987,209.40,48432927,48433015
2319000,3444998,729088,209.54,48359356,48353804
2320000,3445970,728136,209.59,48381458,48380486
2321000,3449804,730116,209.60,48428623,48424789
2322000,3433196,728529,209.50,48267337,48283945
2323000,3447391,725436,209.12,48495789,48481594
2324000,3457782,726050,209.60,48648287,48637896
2325000,3445574,726498,209.52,48474216,48486424
2326000,3444626,726502,209.49,48395989,48396937
2327000,3457395,723527,209.25,48551405,48538636
2328000,3458550,722355,209.58,48795239,48794084
2329000,3460693,723018,209.42,48611108,48608965
2330000,3455779,723293,209.57,48867140,48872054
2331000,3446493,725504,209.63,48499709,48508995
2332000,3451596,724017,209.51,48485419,48480316
2333000,3465280,723482,209.55,48891319,48877635
2334000,3452222,723651,209.47,48663901,48676959
2335000,3452143,722929,209.42,48671501,48671580
2336000,3453513,723726,209.39,48764625,48763255
2337000,3444191,727237,209.63,48488361,48497683
2338000,3446443,731411,209.61,48414817,48412565
2339000,3444594,730724,209.54,48387297,48389146
2340000,3437279,731664,209.45,48376657,48383972
2341000,3433349,731232,209.62,48243502,48247432
2342000,3439924,729423,209.49,48202102,48195527
2343000,3445658,728595,209.41,48491576,48485842
2344000,3442966,725270,209.22,48605874,48608566
2345000,3456469,724617,208.93,49002337,48988834
2346000,3464767,722062,209.11,49116259,49107961
2347000,3467550,721699,209.26,49122442,49119659
2348000,3451315,722267,209.27,48788468,48804703
2349000,3459787,723300,209.39,48868792,48860320
2350000,3458827,724088,209.10,48857719,48858679
2351000,3457965,723481,209.50,48890951,48891813
2352000,3467542,722215,209.27,49182955,49173378
2353000,3464160,726552,209.14,48993350,48996732
2354000,3456080,728501,209.31,48865447,48873527
2355000,3450679,728791,209.19,48744702,48750103
2356000,3440998,730754,209.42,48495463,48505144
2357000,3445083,732107,209.65,48439994,48435909
2358000,3433496,730898,209.50,48318724,48330311
2359000,3440298,730805,209.26,48393631,48386829
2360000,3454756,731895,209.21,48769562,48755104
2361000,3443392,730583,209.27,48772786,48784150
2362000,3451082,729511,209.03,48851675,48843985
2363000,3460439,729347,209.15,48948035,48938678
2364000,3459204,730063,209.20,49075663,49076898
2365000,3450322,728899,209.06,48874529,48883411
2366000,3452002,728609,209.08,48948128,48946448
2367000,3457505,724584,208.92,48989664,48984161
2368000,3459651,725357,209.33,49163653,49161507
2369000,3445502,727815,209.11,48742788,48756937
2370000,3459665,728880,209.27,48917000,48902837
2371000,3456172,729101,209.19,48874662,48878155
2372000,3445438,730172,209.24,48638619,48649353
2373000,3455364,729450,209.24,48875735,48865809
2374000,3440691,726915,209.50,48666490,48681163
2375000,3459267,730025,209.36,48765179,48746603
2376000,3445941,730118,209.48,48559917,48573243
2377000,3439360,729500,209.47,48359324,48365905
2378000,3444839,729947,209.52,48366368,48360889
2379000,3442582,733593,209.36,48343362,48345619
2380000,3442317,734927,209.31,48463014,48463279
2381000,3451350,733354,209.30,48652100,48643067
2382000,3447621,730709,209.19,48728593,48732322
2383000,3449614,728544,209.60,48603216,48601223
2384000,3450437,730073,209.25,48622506,48621683
2385000,3450218,728010,209.24,48738002,48738221
2386000,3445624,728427,209.25,48689542,48694136
2387000,3456137,723248,209.62,48637333,48626820
2388000,3457585,724514,209.43,48679389,48677941
2389000,3456487,725853,209.38,48696707,48697805
2390000,3456994,721384,209.22,48968507,48968000
2391000,3478217,718525,209.12,49242230,49221007
2392000,3486300,716898,209.02,49551926,49543843
2393000,3480603,711071,208.91,49744282,49749979
2394000,3495105,707713,209.01,49717455,49702953
2395000,3488431,707632,209.22,49668567,49675241
2396000,3478875,709308,209.11,49454783,49464339
2397000,3492451,708793,209.10,49524611,49511035
2398000,3486588,706630,209.35,49568842,49574705
2399000,3471764,708572,209.33,49289375,49304199
2400000,3483230,710409,209.16,49421381,49409915
2401000,3474600,709835,208.98,49508743,49517373
2402000,3474644,710173,209.07,49445192,49445148
2403000,3472080,711496,209.09,49434794,49437358
2404000,3468550,711825,209.20,49299670,49303200
2405000,3462083,714222,209.19,49333808,49340275
2406000,3471329,717175,209.06,49306703,49297457
2407000,3454829,717043,209.27,49086618,49103118
2408000,3457840,717744,209.41,48938539,48935528
2409000,3456016,720935,209.12,48926654,48928478
2410000,3458522,721128,209.16,49167795,49165289
2411000,3465029,723249,209.00,49055727,49049220
2412000,3461290,720721,209.29,49107416,49111155
2413000,3466421,723804,209.06,49174812,49169681
2414000,3463347,721031,209.10,49327610,49330684
2415000,3462051,720902,209.09,49092779,49094075
2416000,3464743,723701,209.07,49131669,49128977
2417000,3459491,722467,209.46,49030524,49035776
2418000,3462943,724988,208.97,48963300,48959848
2419000,3461211,723156,209.53,49086367,49088099
2420000,3458271,721505,209.33,48732325,48735265
2421000,3458773,723406,209.68,48752852,48752350
2422000,3455396,725972,209.71,48553912,48557289
2423000,3446690,726079,209.55,48389031,48397737
2424000,3454490,726441,209.57,48526339,48518539
2425000,3445275,725999,209.95,48449962,48459177
2426000,3449295,727972,209.34,48309207,48305187
2427000,3455801,724811,209.55,48608930,48602424
2428000,3452726,726599,209.38,48505614,48508689
2429000,3443333,729459,209.41,48516560,48525953
2430000,3438042,731484,209.18,48565040,48570331
2431000,3447755,731847,209.36,48570213,48560500
2432000,3441534,733202,209.24,48624336,48630557
2433000,3444844,729353,209.22,48698684,48695374
2434000,3452323,729488,209.12,48770289,48762810
2435000,3454367,728013,209.19,48832028,48829984
2436000,3452227,728696,209.07,48931597,48933737
2437000,3455119,725824,209.36,48946159,48943267
2438000,3454503,726226,209.31,48861074,48861690
2439000,3448197,726373,209.56,48713603,48719909
2440000,3452306,725008,209.14,48688964,48684855
2441000,3458752,726564,209.29,48871087,48864641
2442000,3455777,725141,209.49,48754897,48757872
2443000,3453450,727499,209.32,48732133,48734460
2444000,3455444,724589,209.40,48812333,48810339
2445000,3446357,723753,209.25,48743585,48752672
2446000,3460611,722729,209.11,49002225,48987971
2447000,3460122,718897,209.35,49103901,49104390
2448000,3460010,719061,209.14,49125555,49125667
2449000,3470413,717486,209.18,49241737,49231334
2450000,3467240,719686,209.22,49227139,49230312
2451000,3469531,723035,208.91,49185262,49182971
2452000,3459102,722944,209.09,49189096,49199525
2453000,3460105,725579,209.20,49044924,49043921
2454000,3460963,724509,209.35,49071652,49070794
2455000,3460843,723762,209.22,48859045,48859165
2456000,3451584,723102,209.41,48862711,48871970
2457000,3451098,724035,209.19,48808945,48809431
2458000,3461146,722988,209.36,48769185,48759137
2459000,3448493,725214,209.35,48709182,48721835
2460000,3449220,720746,209.18,48708200,48707473
2461000,3460269,719441,209.30,49041995,49030946
2462000,3464310,719042,209.24,49138795,49134754
2463000,3458202,718101,209.21,49069089,49075197
2464000,3464796,719589,209.35,49055186,49048592
2465000,3462556,721680,208.91,48938514,48940754
2466000,3450959,723959,209.31,48920617,48932214
2467000,3452657,723491,209.41,48708568,48706870
2468000,3449851,722988,209.55,48611925,48614731
2469000,3446402,724004,209.44,48483800,48487249
2470000,3444062,723359,209.41,48416054,48418394
2471000,3459299,724132,209.24,48818284,48803047
2472000,3451760,724166,209.30,48799108,48806647
2473000,3445015,721425,209.41,48630923,48637668
2474000,3447830,726119,209.14,48627842,48625027
2475000,3449830,725615,209.36,48847961,48845961
2476000,3445902,724755,209.47,48621093,48625021
2477000,3455381,726565,209.54,48682037,48672558
2478000,3445180,726484,209.42,48553576,48563777
2479000,3449763,724947,209.56,48590188,48585605
2480000,3452893,725501,209.30,48629479,48626349
2481000,3459724,725246,209.16,48941086,48934255
2482000,3462423,722879,209.24,49084339,49081640
2483000,3468029,724409,208.94,49162066,49156460
2484000,3464122,723073,209.16,49206266,49210173
2485000,3465495,723585,209.29,49255256,49253883
2486000,3455629,724988,209.18,48959012,48968878
2487000,3453045,725449,208.91,49051622,49054206
2488000,3465560,723595,209.00,49409823,49397308
2489000,3458687,722941,209.44,49046545,49053418
2490000,3455470,723971,209.38,48771154,48774371
2491000,3457744,724868,209.05,48871685,48869411
2492000,3456996,722963,208.90,49102155,49102903
2493000,3463190,722181,208.98,49224600,49218406
2494000,3468426,718886,208.90,49258170,49252934
2495000,3480764,722142,209.00,49604320,49591982
2496000,3472179,719094,209.10,49455819,49464404
2497000,3463558,719057,209.22,49168069,49176690
2498000,3464997,719325,209.03,49197384,49195945
2499000,3466345,719047,208.96,49295369,49294021
2500000,3457243,716164,208.98,49204999,49214101
2501000,3475202,715042,208.84,49554083,49536124
2502000,3472624,715017,209.05,49340951,49343529
2503000,3462765,714441,208.98,49295717,49305576
2504000,3466704,715103,208.74,49370908,49366969
2505000,3472097,715318,208.86,49559066,49553673
2506000,3462352,713550,209.18,49398886,49408631
2507000,3456920,717081,209.18,49034156,49039588
2508000,3449539,718534,209.20,48901723,48909104
2509000,3455173,719090,208.97,48975665,48970031
2510000,3470150,718591,208.88,49409949,49394972
2511000,3470630,716001,209.11,49503487,49503007
2512000,3461447,718000,208.94,49194218,49203401
2513000,3468431,718107,209.09,49309955,49302971
2514000,3455592,717237,209.22,49069707,49082546
2515000,3463420,716233,209.29,49030578,49022750
2516000,3448601,716835,209.28,48787809,48802628
2517000,3450313,720491,209.07,48741288,48739576
2518000,3461566,720268,208.99,48981361,48970108
2519000,3454066,717413,209.08,48976713,48984213
2520000,3464459,716486,208.99,49058583,49048190
2521000,3468283,713957,209.19,49176969,49173145
2522000,3465342,715132,209.39,49102293,49105234
2523000,3460308,718566,209.12,49112538,49117572
2524000,3456503,720509,208.98,48985993,48989798
2525000,3458839,719449,209.13,49046358,49044022
2526000,3456868,719453,209.15,49001254,49003225
2527000,3455842,717595,209.17,48926612,48927638
2528000,3455803,716736,209.28,49056916,49056955
2529000,3467502,715648,208.99,49156258,49144559
2530000,3472591,712480,209.04,49387048,49381959
2531000,3462678,714345,209.14,49205569,49215482
2532000,3461085,715790,209.12,49195903,49197496
2533000,3464104,714590,209.08,49078054,49075035
2534000,3463312,716840,209.27,49116560,49117352
2535000,3461240,718556,209.05,49064786,49066858
2536000,3460544,719499,209.06,49075228,49075924
2537000,3456180,718242,209.22,49057295,49061659
2538000,3462019,719679,209.24,48902958,48897119
2539000,3452598,720099,209.30,48894124,48903545
2540000,3452917,720065,209.19,48821519,48821200
2541000,3457642,718377,209.23,48894837,48890112
2542000,3463570,718183,209.28,49021493,49015565
2543000,3462794,715989,208.96,49221318,49222094
2544000,3466870,714798,209.03,49267653,49263577
2545000,3467792,714246,209.11,49225604,49224682
2546000,3472810,714373,209.07,49378958,49373940
2547000,3463523,715069,209.10,49210026,49219313
2548000,3468466,717201,209.16,49149016,49144073
2549000,3468696,717376,209.08,49294199,49293969
2550000,3462592,718498,209.47,49189515,49195619
2551000,3460590,719836,208.96,49093269,49095271
2552000,3456007,717207,209.06,49104083,49108666
2553000,3458427,718228,209.02,49103475,49101055
2554000,3459233,717701,209.24,49211381,49210575
2555000,3459688,716184,209.13,49097725,49097270
2556000,3449669,716077,209.09,48970452,48980471
2557000,3452006,718156,209.16,48974359,48972022
2558000,3451540,719856,209.05,48945970,48946436
2559000,3443501,720638,209.17,48919315,48927354
2560000,3449430,722631,209.09,48880534,48874605
2561000,3453440,724722,209.20,48775454,48771444
2562000,3450196,726793,209.48,48688874,48692118
2563000,3439654,727947,209.29,48490083,48500625
2564000,3443915,725672,209.11,48525850,48521589
2565000,3444208,723947,209.46,48758945,48758652
2566000,3440645,722733,209.21,48596513,48600076
2567000,3442733,722916,209.26,48722712,48720624
2568000,3454349,722854,209.27,48820211,48808595
2569000,3453651,723648,209.30,48856341,48857039
2570000,3450923,720063,209.32,48723947,48726675
2571000,3461082,718677,209.25,48808321,48798162
2572000,3464426,719014,209.15,49059594,49056250
2573000,3449510,719060,209.29,48822761,48837677
2574000,3453856,721513,209.18,48842230,48837884
2575000,3449656,719876,209.16,48778312,48782512
2576000,3453448,719727,209.20,48841834,48838042
2577000,3453263,719700,208.96,48955876,48956061
2578000,3457173,721153,209.08,49046106,49042196
2579000,3449757,722209,209.00,48886664,48894080
2580000,3460805,722894,208.81,49142853,49131805
2581000,3462730,721470,209.01,49389267,49387342
2582000,3456948,720717,209.30,49082716,49088498
2583000,3454328,722922,209.02,48992343,48994963
2584000,3463079,723208,209.22,49073965,49065214
2585000,3447997,724324,209.25,48859446,48874528
2586000,3447066,721754,209.13,48790835,48791766
2587000,3458407,722403,208.84,49014275,49002934
2588000,3454077,721393,209.11,49180612,49184942
2589000,3451225,720099,208.88,48873768,48876620
2590000,3455392,721622,208.99,49118227,49114060
2591000,3463923,718227,208.66,49266140,49257609
2592000,3460337,714932,209.06,49226804,49230390
2593000,3464632,716931,208.78,49199672,49195377
2594000,3469707,715479,209.17,49412911,49407836
2595000,3464286,717913,209.31,49198158,49203579
2596000,3446990,722157,209.32,48929766,48947062
2597000,3456718,725913,209.04,48960010,48950282
2598000,3458933,725844,208.92,49046653,49044438
2599000,3450130,724458,209.34,49006987,49015790
2600000,3452624,727592,209.09,48899078,48896584
2601000,3448663,726886,209.15,48915249,48919210
2602000,3459108,727409,209.19,49009627,48999182
2603000,3459911,728092,209.12,48978252,48977449
2604000,3457903,725032,209.15,48988848,48990856
2605000,3454636,723043,209.19,48893067,48896334
2606000,3457246,721098,209.21,48917540,48914930
2607000,3458533,719949,208.91,49125761,49124474
2608000,3476515,720145,208.94,49457625,49439643
2609000,3469918,719365,209.02,49430422,49437019
2610000,3460066,717002,208.98,49137307,49147159
2611000,3460600,715348,208.84,49309795,49309261
2612000,3456503,716317,209.21,49117012,49121109
2613000,3459043,717006,208.93,49069636,49067096
2614000,3469586,719230,208.94,49442225,49431682
2615000,3454119,719127,209.12,49153166,49168633
2616000,3456214,718998,209.08,49089666,49087571
2617000,3457604,721499,208.90,49099700,49098310
2618000,3449855,719300,209.05,48953725,48961474
2619000,3451854,720693,209.27,49080428,49078429
2620000,3451797,722227,209.01,48991249,48991306
2621000,3456092,719948,209.48,48887377,48883082
2622000,3450570,721425,209.37,48698549,48704071
2623000,3448384,722128,209.23,48784549,48786735
2624000,3453297,721040,209.11,48893713,48888800
2625000,3459841,722817,208.93,49025518,49018974
2626000,3449309,723333,209.13,49051034,49061566
2627000,3457826,725561,209.21,48957271,48948754
2628000,3434612,725623,209.49,48457155,48480369
2629000,3429444,725106,209.20,48202140,48207308
2630000,3437663,726550,209.27,48394574,48386355
2631000,3439584,727794,209.42,48494328,48492407
2632000,3443441,730022,209.25,48507537,48503680
2633000,3440451,728173,209.24,48559514,48562504
2634000,3451492,728505,209.32,48933557,48922516
2635000,3441053,727224,209.26,48705493,48715932
2636000,3451775,726775,209.16,48774478,48763756
2637000,3449480,722425,209.13,48880565,48882860
2638000,3461731,720642,209.09,49034718,49022467
2639000,3461500,720686,209.06,49141125,49141356
2640000,3464665,720087,209.01,49248176,49245011
2641000,3467552,718267,209.01,49289446,49286559
2642000,3464464,720435,208.88,49401455,49404543
2643000,3463771,719202,209.02,49430022,49430715
2644000,3463717,719938,209.09,49222858,49222912
2645000,3451759,719023,209.04,49255071,49267029
2646000,3459404,719107,209.00,49330989,49323344
2647000,3452721,719347,209.30,49042210,49048893
2648000,3442136,722332,209.37,48685155,48695740
2649000,3442104,726500,209.10,48722264,48722296
2650000,3443338,726079,209.15,48744251,48743017
2651000,3447633,725431,209.33,48832724,48828429
2652000,3438019,727956,208.92,48681012,48690626
2653000,3450590,727281,208.92,48926209,48913638
2654000,3447937,725168,209.09,48864622,48867275
2655000,3447159,726484,209.13,48852749,48853527
2656000,3448803,724471,209.39,48894939,48893295
2657000,3446487,723029,209.17,48705416,48707732
2658000,3449052,722415,209.19,48958174,48955609
2659000,3447445,723822,209.07,48902750,48904357
2660000,3440718,720484,208.90,48987549,48994276
2661000,3461100,721869,209.03,49148763,49128381
2662000,3456912,721018,208.72,49315656,49319844
2663000,3453877,718690,209.07,49324872,49327907
2664000,3468328,717669,208.58,49483009,49468558
2665000,3463051,716912,208.92,49526397,49531674
2666000,3459057,712289,208.80,49468187,49472181
2667000,3464169,712929,209.10,49524069,49518957
2668000,3459907,710740,209.10,49379925,49384187
2669000,3463973,710475,208.86,49317856,49313790
2670000,3479316,711878,208.91,49536385,49521042
2671000,3464523,710654,208.92,49613023,49627816
2672000,3464323,708809,208.79,49411746,49411946
2673000,3463913,710911,209.08,49463408,49463818
2674000,3469764,714299,208.93,49228656,49222805
2675000,3450355,714733,209.09,49156280,49175689
2676000,3443314,716942,209.31,48872626,48879667
2677000,3448656,721092,209.01,48861685,48856343
2678000,3453258,724693,208.72,49260251,49255649
2679000,3453859,724412,208.95,49306597,49305996
2680000,3444160,724442,209.05,48955924,48965623
2681000,3454469,724925,209.11,49049914,49039605
2682000,3447345,724554,209.35,48817808,48824932
2683000,3434556,725940,209.03,48475604,48488393
2684000,3451036,725863,209.02,48797446,48780966
2685000,3448310,724381,209.17,48911465,48914191
2686000,3451963,722963,209.18,48989212,48985559
2687000,3455731,725063,209.04,49072471,49068703
2688000,3461295,723934,208.95,49067555,49061991
2689000,3457721,724160,209.07,49147664,49151238
2690000,3450484,722946,209.11,48999307,49006544
2691000,3453945,726415,209.19,48978537,48975076
2692000,3443207,726437,209.14,48797160,48807898
2693000,3449144,724140,209.37,48949873,48943936
2694000,3453050,726323,209.17,48730328,48726422
2695000,3452826,726772,208.81,48855720,48855944
2696000,3460187,726718,208.93,49314722,49307361
2697000,3456628,724932,209.21,49126759,49130318
2698000,3449825,722947,208.91,49049687,49056490
2699000,3464633,721886,208.77,49260182,49245374
2700000,3462255,719162,209.19,49279267,49281645
2701000,3453567,720950,209.11,49127531,49136219
2702000,3456051,722441,208.82,49113645,49111161
2703000,3464182,722316,208.83,49303389,49295258
2704000,3457240,720031,209.11,49201107,49208049
2705000,3451885,723584,209.22,48944871,48950226
2706000,3451855,721914,208.98,49012369,49012399
2707000,3455050,722433,208.96,49095172,49091977
2708000,3457540,720142,208.72,49353630,49351140
2709000,3470542,719466,208.80,49490760,49477758
2710000,3463947,718597,208.92,49490663,49497258
2711000,3450822,719292,209.04,49274883,49288008
2712000,3456939,721843,209.09,49146106,49139989
2713000,3457963,721063,209.18,49190948,49189924
2714000,3448367,721892,209.04,49018774,49028370
2715000,3455583,723446,208.78,49207405,49200189
2716000,3464050,721505,208.96,49358179,49349712
2717000,3455691,723225,209.06,49167256,49175615
2718000,3463863,724023,208.83,49236712,49228540
2719000,3459325,723107,209.00,49166780,49171318
2720000,3455419,720907,209.15,49216702,49220608
2721000,3460395,720366,209.20,49198149,49193173
2722000,3457291,722345,209.08,49144084,49147188
2723000,3451835,721614,209.17,48985284,48990740
2724000,3450778,724566,209.14,48830345,48831402
2725000,3457222,725719,209.01,48995055,48988611
2726000,3459007,726067,209.08,49047198,49045413
2727000,3449659,724955,209.10,48971905,48981253
2728000,3454122,723626,208.96,48989778,48985315
2729000,3462115,722707,209.10,49275087,49267094
2730000,3451537,722407,209.03,49001989,49012567
2731000,3465113,722175,208.98,49290347,49276771
2732000,3464624,720347,209.02,49210338,49210827
2733000,3457282,721303,209.14,49102996,49110338
2734000,3462834,721550,209.00,49166367,49160815
2735000,3458884,719369,209.05,49219801,49223751
2736000,3463837,718387,209.01,49169987,49165034
2737000,3458055,718347,209.23,49111715,49117497
2738000,3458501,718620,209.00,49149986,49149540
2739000,3453880,717617,209.01,49091088,49095709
2740000,3460039,724520,209.14,49101475,49095316
2741000,3448212,725676,209.22,48850414,48862241
2742000,3448505,723745,208.99,48822848,48822555
2743000,3458565,722929,209.15,48952289,48942229
2744000,3444714,722952,209.51,48720541,48734392
2745000,3441881,724940,208.94,48615151,48617984
2746000,3449248,725800,209.15,48900619,48893252
2747000,3453480,723434,209.30,48987576,48983344
2748000,3445466,723979,209.23,48644222,48652236
2749000,3458817,726135,208.90,49032787,49019436
2750000,3442590,726901,209.13,48906295,48922522
2751000,3449216,723871,209.28,48765116,48758490
2752000,3452147,723045,209.15,48795086,48792155
2753000,3452954,724364,209.10,48842773,48841966
2754000,3448222,722761,209.09,48984507,48989239
2755000,3459177,722093,209.05,48972425,48961470
2756000,3462167,721525,209.03,49126882,49123892
2757000,3452661,720816,209.09,49088877,49098383
2758000,3458155,720846,209.28,49228015,49222521
2759000,3463512,723383,208.90,49188127,49182770
2760000,3463538,719652,208.93,49299379,49299353
2761000,3466515,722293,208.96,49483564,49480587
2762000,3456551,722586,208.86,49324088,49334052
2763000,3461965,722543,208.71,49391336,49385922
2764000,3465214,719427,208.84,49575029,49571780
2765000,3470366,719793,208.94,49567707,49562555
2766000,3469496,720123,208.83,49419513,49420383
2767000,3463570,720263,209.23,49281206,49287132
2768000,3468300,719421,208.99,49243850,49239120
2769000,3471034,718722,209.16,49424129,49421395
2770000,3460415,719529,208.98,49318358,49328977
2771000,3464614,718566,208.74,49339342,49335143
2772000,3475979,715353,209.06,49558505,49547140
2773000,3465009,715693,208.80,49567537,49578507
2774000,3465413,717874,209.13,49352708,49352304
2775000,3457888,717722,209.05,49149902,49157427
2776000,3459121,719389,209.29,49192275,49191042
2777000,3445675,719873,209.29,48860801,48874247
2778000,3445785,720791,209.21,48839621,48839511
2779000,3452545,721167,209.18,48893573,48886813
2780000,3455609,721181,209.26,49112575,49109511
2781000,3448968,717906,209.16,49151571,49158212
2782000,3464894,719227,208.78,49354667,49338741
2783000,3468939,717455,208.60,49673666,49669621
2784000,3469485,715566,208.68,49621373,49620827
2785000,3471149,716409,208.89,49531906,49530242
2786000,3466096,717245,209.02,49406573,49411626
2787000,3462105,717254,208.98,49434516,49438507
2788000,3468947,718435,208.81,49407634,49400792
2789000,3469347,714214,209.03,49616096,49615696
2790000,3469933,716127,208.92,49475338,49474752
2791000,3466575,716741,208.98,49464252,49467610
2792000,3462480,716245,208.86,49456677,49460772
2793000,3470811,715561,208.83,49492893,49484562
2794000,3465269,715774,209.29,49421138,49426680
2795000,3457278,717705,208.97,49265092,49273083
2796000,3461734,718415,208.98,49268156,49263700
2797000,3466557,720148,209.03,49268210,49263387
2798000,3459433,716867,208.91,49184260,49191384
2799000,3452249,716440,209.02,49287158,49294342
2800000,3458513,717503,208.89,49323008,49316744
2801000,3457912,717133,208.57,49490165,49490766
2802000,3463330,717412,208.67,49587627,49582209
2803000,3451783,718322,208.81,49574778,49586325
2804000,3455372,719134,208.76,49578366,49574777
2805000,3460440,718175,208.68,49423506,49418438
2806000,3457430,714282,208.97,49357506,49360516
2807000,3455091,715162,208.81,49253025,49255364
2808000,3465135,714256,208.69,49557492,49547448
2809000,3466829,710161,209.08,49584439,49582745
2810000,3455814,713295,209.01,49195961,49206976
2811000,3471699,716291,208.77,49403699,49387814
2812000,3462519,714581,208.91,49530175,49539355
2813000,3459665,716548,208.73,49382387,49385241
2814000,3460077,717924,208.91,49359370,49358958
2815000,3457732,718140,208.65,49425290,49427635
2816000,3463894,719630,208.93,49517134,49510972
2817000,3449826,721974,208.94,49112793,49126861
2818000,3445692,722858,208.76,49091787,49095921
2819000,3447950,722262,209.05,49094118,49091860
2820000,3453545,722106,208.90,49173899,49168304
2821000,3457901,721679,208.82,49237712,49233356
2822000,3450343,719683,208.69,49435667,49443225
2823000,3462894,717767,208.55,49564573,49552022
2824000,3483470,715921,208.70,49957740,49937164
2825000,3458462,717547,209.17,49531732,49556740
2826000,3453111,717711,208.63,49254361,49259712
2827000,3460740,716689,208.88,49585681,49578052
2828000,3463467,713780,208.84,49601774,49599047
2829000,3453085,714340,208.94,49383906,49394288
2830000,3466782,718450,208.91,49349768,49336071
2831000,3458591,717454,208.75,49402990,49411181
2832000,3465672,714916,208.80,49522324,49515243
2833000,3451333,716828,208.81,49397211,49411550
2834000,3448367,718583,209.04,49211681,49214647
2835000,3455297,719566,208.79,49149051,49142121
2836000,3446331,721842,208.91,48991400,49000366
2837000,3439418,723145,209.09,48913119,48920032
2838000,3454379,724054,209.00,49170148,49155187
2839000,3442542,723568,209.38,48844968,48856805
2840000,3437583,728658,209.03,48645285,48650244
2841000,3437941,728026,209.04,48707815,48707457
2842000,3443965,727898,209.05,48764955,48758931
2843000,3456497,725400,209.02,49088241,49075709
2844000,3451471,725094,208.87,49119462,49124488
2845000,3451554,727458,209.09,49037007,49036924
2846000,3444703,728575,209.11,48851379,48858230
2847000,3447577,725913,208.92,49006537,49003663
2848000,3450571,723334,209.07,48961960,48958966
2849000,3460820,721835,208.86,49154304,49144055
2850000,3461513,722380,208.96,49424815,49424122
2851000,3459585,719829,209.05,49238626,49240554
2852000,3454835,718151,208.84,49176926,49181676
2853000,3458584,717525,209.02,49183655,49179906
2854000,3468058,715393,209.08,49191437,49181963
2855000,3467749,715835,208.79,49294966,49295275
2856000,3465532,714320,208.89,49532098,49534315
2857000,3464800,715886,209.16,49347381,49348113
2858000,3451048,716782,209.00,49119749,49133501
2859000,3466267,713666,208.74,49364145,49348926
2860000,3474639,710965,208.97,49747089,49738717
2861000,3467555,707049,208.72,49580624,49587708
2862000,3476985,708895,208.75,49788806,49779376
2863000,3471842,713174,208.71,49759109,49764252
2864000,3463112,713351,208.72,49614387,49623117
2865000,3468304,714506,209.04,49688384,49683192
2866000,3457513,713315,209.05,49273669,49284460
2867000,3456095,713394,209.09,49271226,49272644
2868000,3461843,715649,209.07,49186738,49180990
2869000,3456139,715723,209.05,49082939,49088643
2870000,3444144,719590,209.04,48902659,48914654
2871000,3455600,718973,209.13,49095594,49084138
2872000,3451455,720334,209.04,49025160,49029305
2873000,3451162,718740,208.91,49043777,49044070
2874000,3448537,719996,209.02,49158086,49160711
2875000,3448387,720690,209.16,48902625,48902775
2876000,3446064,723825,209.21,48712729,48715052
2877000,3441280,724607,209.29,48677506,48682290
2878000,3438769,726451,208.93,48739864,48742375
2879000,3443824,724872,208.98,48999073,48994018
2880000,3448760,726114,208.86,48997053,48992117
2881000,3443540,728024,209.10,48969056,48974276
2882000,3439993,725524,208.93,48819012,48822559
2883000,3453196,728262,208.89,49046803,49033600
2884000,3451866,725947,209.10,49159935,49161265
2885000,3448162,728381,208.98,49011473,49015177
2886000,3441729,729052,209.23,48719119,48725552
2887000,3431877,729514,209.24,48549092,48558944
2888000,3443334,729418,208.97,48700422,48688965
2889000,3444100,729395,208.98,48897023,48896257
2890000,3447098,728423,209.11,48914589,48911591
2891000,3438951,727526,209.09,48819573,48827720
2892000,3432732,726370,209.22,48440631,48446850
2893000,3446680,725637,209.10,48773786,48759838
2894000,3446568,725330,209.05,48961810,48961922
2895000,3450297,727083,209.04,49007223,49003494
2896000,3441916,729039,209.14,48924905,48933286
2897000,3457658,727078,209.11,49015963,49000221
2898000,3447882,725883,209.07,49066592,49076368
2899000,3451517,726351,208.95,49043608,49039973
2900000,3454440,729632,208.92,49281979,49279056
2901000,3456729,725585,208.84,49047655,49045366
2902000,3451899,723889,209.00,49231061,49235891
2903000,3455140,722050,208.88,49226527,49223286
2904000,3453773,721421,209.11,49214242,49215609
2905000,3459902,721607,208.95,49233868,49227739
2906000,3458694,717407,209.13,49282655,49283863
2907000,3460649,716535,208.85,49207559,49205604
2908000,3453100,716474,209.09,49296994,49304543
2909000,3455163,716770,209.01,49118729,49116666
2910000,3447248,716809,208.93,48987363,48995278
2911000,3456769,717692,209.12,49202315,49192794
2912000,3445291,715793,208.96,48927165,48938643
2913000,3446770,717123,209.12,48926171,48924692
2914000,3451194,719408,208.88,48939561,48935137
2915000,3453153,718928,208.93,49130348,49128389
2916000,3461530,718586,209.23,49106351,49097974
2917000,3457755,717350,209.21,48902453,48906228
2918000,3444200,718217,209.18,48848786,48862341
2919000,3448275,717578,209.07,48855794,48851719
2920000,3451896,721589,209.12,48909750,48906129
2921000,3448394,722766,209.05,48932053,48935555
2922000,3446724,721701,208.92,49175292,49176962
2923000,3449705,721444,208.86,49155610,49152629
2924000,3462770,720391,208.83,49535443,49522378
2925000,3464986,718854,208.83,49534487,49532271
2926000,3451110,719099,209.03,49228555,49242431
2927000,3459722,719438,209.05,49197602,49188990
2928000,3457823,720911,209.03,49199310,49201209
2929000,3458028,721119,209.04,49066171,49065966
2930000,3442819,723222,209.06,48886143,48901352
2931000,3459913,723975,208.70,49100107,49083013
2932000,3459257,725260,208.95,49415142,49415798
2933000,3447834,723977,209.24,49078677,49090100
2934000,3446547,725421,208.88,48999827,49001114
2935000,3459092,724368,208.94,49106391,49093846
2936000,3460610,724328,209.06,49233151,49231633
2937000,3452484,723315,209.38,48894631,48902757
2938000,3451740,721792,209.12,48918645,48919389
2939000,3452735,723367,208.90,49154092,49153097
2940000,3453212,719352,208.72,49430126,49429649
2941000,3468976,718713,208.64,49710252,49694488
2942000,3474604,717263,208.61,49793100,49787472
2943000,3457121,718329,208.92,49519650,49537133
2944000,3457684,718875,208.88,49335118,49334555
2945000,3451169,719882,209.08,49255901,49262416
2946000,3450970,718414,208.61,49260527,49260726
2947000,3458438,715425,208.87,49391114,49383646
2948000,3460641,717240,208.71,49462495,49460292
2949000,3456708,720440,208.86,49429386,49433319
2950000,3450866,720464,208.69,49315175,49321017
2951000,3452809,717764,208.85,49361205,49359262
2952000,3453119,718792,208.99,49239612,49239302
2953000,3452914,721387,208.86,49132384,49132589
2954000,3439795,722050,209.12,49030528,49043647
2955000,3448329,724329,208.92,48880588,48872054
2956000,3436281,724532,208.79,49001407,49013455
2957000,3439016,722924,208.69,48896163,48893428
2958000,3445185,725191,209.14,49094078,49087909
2959000,3438496,730136,208.75,48838821,48845510
2960000,3442744,728628,208.95,49045306,49041058
2961000,3440335,727353,208.86,48906883,48909292
2962000,3441613,726947,209.03,48912519,48911241
2963000,3433065,727718,209.33,48613131,48621679
2964000,3431891,728850,208.93,48564656,48565830
2965000,3445473,726836,208.71,49199103,49185521
2966000,3464053,723772,208.90,49428773,49410193
2967000,3449230,722738,209.00,49305637,49320460
2968000,3452890,720277,208.90,49249979,49246319
2969000,3462783,720040,208.52,49500599,49490706
2970000,3456550,719712,208.93,49633872,49640105
2971000,3457338,719377,208.50,49433836,49433048
2972000,3461096,719153,208.81,49559927,49556169
2973000,3460921,718960,208.89,49638391,49638566
2974000,3457215,719056,208.83,49478310,49482016
2975000,3471218,718737,208.86,49718403,49704400
2976000,3464843,720392,208.75,49546926,49553301
2977000,3453687,722231,208.85,49397228,49408384
2978000,3452433,722735,208.73,49320555,49321809
2979000,3455760,723985,208.89,49291043,49287716
2980000,3460835,722694,209.09,49358179,49353104
2981000,3451400,723151,208.93,49116223,49125658
2982000,3440963,724414,209.00,48937503,48947940
2983000,3448550,723275,208.85,48967942,48960355
2984000,3459760,724317,208.65,49429155,49417945
2985000,3440414,722150,208.99,49329856,49349202
2986000,3446830,725183,208.78,49052751,49046335
2987000,3449574,724332,208.79,49203968,49201224
2988000,3450148,724585,208.77,49208241,49207667
2989000,3440022,728005,208.91,49120164,49130290
2990000,3446657,727978,208.80,49158266,49151631
2991000,3443857,726412,209.07,49159995,49162795
2992000,3439650,730466,209.07,48846317,48850524
2993000,3440080,729801,208.97,48976765,48976335
2994000,3448189,729262,208.64,49292300,49284191
2995000,3458842,724392,208.82,49568860,49558207
2996000,3464518,721751,208.66,49556608,49550932
2997000,3459906,722007,208.84,49560614,49565226
2998000,3467734,722506,209.01,49465053,49457225
2999000,3453819,722958,208.88,49273802,49287717
3000000,3456733,721029,208.77,49308518,49305604
