WARNING: radv is not a conformant Vulkan implementation, testing use only.
WARNING: radv is not a conformant Vulkan implementation, testing use only.
tick       0 alive    52579 genomes   52579 energy    64.0 births 0 deaths 0 (0.0s) AMD Radeon AI PRO R9700 (RADV GFX1201)
tick    1000 alive  1043366 genomes  324911 energy   107.7 births 137145918 deaths 136155131 (5.5s) AMD Radeon AI PRO R9700 (RADV GFX1201)
tick    2000 alive  1044373 genomes  272249 energy   126.3 births 108750550 deaths 108749543 (10.3s) AMD Radeon AI PRO R9700 (RADV GFX1201)
tick    3000 alive  1044460 genomes  267156 energy   130.3 births 105752149 deaths 105752062 (15.1s) AMD Radeon AI PRO R9700 (RADV GFX1201)
tick    4000 alive  1044882 genomes  249518 energy   139.9 births 98415696 deaths 98415274 (19.9s) AMD Radeon AI PRO R9700 (RADV GFX1201)
tick    5000 alive  1045135 genomes  233148 energy   148.1 births 90875862 deaths 90875609 (24.8s) AMD Radeon AI PRO R9700 (RADV GFX1201)
tick    6000 alive  1045139 genomes  220899 energy   153.5 births 84994452 deaths 84994448 (29.6s) AMD Radeon AI PRO R9700 (RADV GFX1201)
tick    7000 alive  1045299 genomes  209985 energy   157.8 births 80827256 deaths 80827096 (34.4s) AMD Radeon AI PRO R9700 (RADV GFX1201)
tick    8000 alive  1045268 genomes  201636 energy   160.7 births 77885352 deaths 77885383 (39.2s) AMD Radeon AI PRO R9700 (RADV GFX1201)
tick    9000 alive  1045282 genomes  192258 energy   163.6 births 75459967 deaths 75459953 (43.9s) AMD Radeon AI PRO R9700 (RADV GFX1201)
tick   10000 alive  1045516 genomes  183627 energy   166.5 births 73154447 deaths 73154213 (48.7s) AMD Radeon AI PRO R9700 (RADV GFX1201)
tick   11000 alive  1045642 genomes  175107 energy   168.8 births 70829596 deaths 70829470 (53.4s) AMD Radeon AI PRO R9700 (RADV GFX1201)
tick   12000 alive  1045747 genomes  167328 energy   172.2 births 68286286 deaths 68286181 (58.1s) AMD Radeon AI PRO R9700 (RADV GFX1201)
tick   13000 alive  1045737 genomes  160058 energy   174.6 births 66249934 deaths 66249944 (62.8s) AMD Radeon AI PRO R9700 (RADV GFX1201)
tick   14000 alive  1045764 genomes  153263 energy   176.9 births 64231895 deaths 64231868 (67.6s) AMD Radeon AI PRO R9700 (RADV GFX1201)
tick   15000 alive  1045819 genomes  148337 energy   177.8 births 62661365 deaths 62661310 (72.4s) AMD Radeon AI PRO R9700 (RADV GFX1201)
tick   16000 alive  1045850 genomes  144361 energy   179.4 births 61430806 deaths 61430775 (77.1s) AMD Radeon AI PRO R9700 (RADV GFX1201)
tick   17000 alive  1045881 genomes  139052 energy   181.6 births 59980770 deaths 59980739 (81.9s) AMD Radeon AI PRO R9700 (RADV GFX1201)
tick   18000 alive  1045866 genomes  133826 energy   182.9 births 58917577 deaths 58917592 (86.6s) AMD Radeon AI PRO R9700 (RADV GFX1201)
tick   19000 alive  1045906 genomes  131491 energy   184.0 births 57550476 deaths 57550436 (91.3s) AMD Radeon AI PRO R9700 (RADV GFX1201)
tick   20000 alive  1045930 genomes  128041 energy   185.5 births 56793170 deaths 56793146 (96.1s) AMD Radeon AI PRO R9700 (RADV GFX1201)
tick   21000 alive  1045908 genomes  124945 energy   186.6 births 55531484 deaths 55531506 (100.8s) AMD Radeon AI PRO R9700 (RADV GFX1201)
tick   22000 alive  1045956 genomes  121985 energy   187.8 births 54623916 deaths 54623868 (105.5s) AMD Radeon AI PRO R9700 (RADV GFX1201)
tick   23000 alive  1045962 genomes  118560 energy   189.5 births 53532252 deaths 53532246 (110.2s) AMD Radeon AI PRO R9700 (RADV GFX1201)
tick   24000 alive  1045936 genomes  117005 energy   190.1 births 52682447 deaths 52682473 (114.9s) AMD Radeon AI PRO R9700 (RADV GFX1201)
tick   25000 alive  1045961 genomes  116428 energy   190.0 births 52701217 deaths 52701192 (119.6s) AMD Radeon AI PRO R9700 (RADV GFX1201)
tick   26000 alive  1046041 genomes  114762 energy   190.0 births 52645039 deaths 52644959 (124.3s) AMD Radeon AI PRO R9700 (RADV GFX1201)
tick   27000 alive  1046088 genomes  113020 energy   190.5 births 52346441 deaths 52346394 (129.1s) AMD Radeon AI PRO R9700 (RADV GFX1201)
tick   28000 alive  1045997 genomes  113102 energy   190.3 births 52271806 deaths 52271897 (133.7s) AMD Radeon AI PRO R9700 (RADV GFX1201)
tick   29000 alive  1046072 genomes  112097 energy   190.5 births 52163164 deaths 52163089 (138.4s) AMD Radeon AI PRO R9700 (RADV GFX1201)
tick   30000 alive  1046047 genomes  109297 energy   191.8 births 51450888 deaths 51450913 (143.1s) AMD Radeon AI PRO R9700 (RADV GFX1201)
tick   31000 alive  1046059 genomes  108434 energy   192.1 births 50905346 deaths 50905334 (147.8s) AMD Radeon AI PRO R9700 (RADV GFX1201)
tick   32000 alive  1046034 genomes  106520 energy   193.2 births 50375233 deaths 50375258 (152.5s) AMD Radeon AI PRO R9700 (RADV GFX1201)
tick   33000 alive  1046091 genomes  105570 energy   193.2 births 49948685 deaths 49948628 (157.2s) AMD Radeon AI PRO R9700 (RADV GFX1201)
tick   34000 alive  1046089 genomes  106065 energy   192.8 births 49951958 deaths 49951960 (161.8s) AMD Radeon AI PRO R9700 (RADV GFX1201)
tick   35000 alive  1046041 genomes  106397 energy   191.7 births 50747331 deaths 50747379 (166.6s) AMD Radeon AI PRO R9700 (RADV GFX1201)
tick   36000 alive  1046096 genomes  105149 energy   191.7 births 50963922 deaths 50963867 (171.3s) AMD Radeon AI PRO R9700 (RADV GFX1201)
tick   37000 alive  1046050 genomes  102989 energy   192.9 births 50319803 deaths 50319849 (176.0s) AMD Radeon AI PRO R9700 (RADV GFX1201)
tick   38000 alive  1046162 genomes  102629 energy   192.6 births 50084435 deaths 50084323 (180.7s) AMD Radeon AI PRO R9700 (RADV GFX1201)
tick   39000 alive  1046019 genomes  101731 energy   193.3 births 49925370 deaths 49925513 (185.3s) AMD Radeon AI PRO R9700 (RADV GFX1201)
tick   40000 alive  1046009 genomes  100249 energy   194.1 births 49394337 deaths 49394347 (190.0s) AMD Radeon AI PRO R9700 (RADV GFX1201)
tick   41000 alive  1046011 genomes   99845 energy   194.2 births 48995300 deaths 48995298 (194.7s) AMD Radeon AI PRO R9700 (RADV GFX1201)
tick   42000 alive  1046117 genomes   97695 energy   194.8 births 49007025 deaths 49006919 (199.3s) AMD Radeon AI PRO R9700 (RADV GFX1201)
tick   43000 alive  1046067 genomes   97422 energy   194.9 births 48555582 deaths 48555632 (204.0s) AMD Radeon AI PRO R9700 (RADV GFX1201)
tick   44000 alive  1046092 genomes   96475 energy   195.0 births 48608669 deaths 48608644 (208.7s) AMD Radeon AI PRO R9700 (RADV GFX1201)
tick   45000 alive  1046114 genomes   95984 energy   194.9 births 48533796 deaths 48533774 (213.4s) AMD Radeon AI PRO R9700 (RADV GFX1201)
tick   46000 alive  1046108 genomes   95055 energy   195.3 births 48009192 deaths 48009198 (218.0s) AMD Radeon AI PRO R9700 (RADV GFX1201)
tick   47000 alive  1046107 genomes   96215 energy   194.1 births 48460804 deaths 48460805 (222.7s) AMD Radeon AI PRO R9700 (RADV GFX1201)
tick   48000 alive  1046030 genomes   95244 energy   194.2 births 49081982 deaths 49082059 (227.3s) AMD Radeon AI PRO R9700 (RADV GFX1201)
tick   49000 alive  1046098 genomes   93330 energy   195.5 births 48716394 deaths 48716326 (232.0s) AMD Radeon AI PRO R9700 (RADV GFX1201)
tick   50000 alive  1046151 genomes   92456 energy   195.8 births 47899426 deaths 47899373 (236.6s) AMD Radeon AI PRO R9700 (RADV GFX1201)
tick   51000 alive  1046116 genomes   90888 energy   195.9 births 47600509 deaths 47600544 (241.3s) AMD Radeon AI PRO R9700 (RADV GFX1201)
tick   52000 alive  1046066 genomes   90193 energy   195.9 births 47658723 deaths 47658773 (245.9s) AMD Radeon AI PRO R9700 (RADV GFX1201)
tick   53000 alive  1045969 genomes   90913 energy   195.3 births 47854975 deaths 47855072 (250.5s) AMD Radeon AI PRO R9700 (RADV GFX1201)
tick   54000 alive  1046101 genomes   90289 energy   194.8 births 48236877 deaths 48236745 (255.2s) AMD Radeon AI PRO R9700 (RADV GFX1201)
tick   55000 alive  1045983 genomes   91052 energy   194.0 births 48493076 deaths 48493194 (259.9s) AMD Radeon AI PRO R9700 (RADV GFX1201)
tick   56000 alive  1046050 genomes   91702 energy   193.8 births 49091639 deaths 49091572 (264.5s) AMD Radeon AI PRO R9700 (RADV GFX1201)
tick   57000 alive  1046061 genomes   90435 energy   194.4 births 48952651 deaths 48952640 (269.1s) AMD Radeon AI PRO R9700 (RADV GFX1201)
tick   58000 alive  1046088 genomes   88336 energy   195.2 births 48515079 deaths 48515052 (273.8s) AMD Radeon AI PRO R9700 (RADV GFX1201)
tick   59000 alive  1046107 genomes   88271 energy   194.3 births 48457658 deaths 48457639 (278.4s) AMD Radeon AI PRO R9700 (RADV GFX1201)
tick   60000 alive  1046095 genomes   87271 energy   195.0 births 48464914 deaths 48464926 (283.1s) AMD Radeon AI PRO R9700 (RADV GFX1201)
tick   61000 alive  1046132 genomes   86450 energy   195.1 births 48392153 deaths 48392116 (287.8s) AMD Radeon AI PRO R9700 (RADV GFX1201)
tick   62000 alive  1046078 genomes   84697 energy   195.9 births 47527550 deaths 47527604 (292.4s) AMD Radeon AI PRO R9700 (RADV GFX1201)
tick   63000 alive  1046205 genomes   83923 energy   195.9 births 47640054 deaths 47639927 (297.1s) AMD Radeon AI PRO R9700 (RADV GFX1201)
tick   64000 alive  1046051 genomes   84510 energy   195.5 births 47591597 deaths 47591751 (301.8s) AMD Radeon AI PRO R9700 (RADV GFX1201)
tick   65000 alive  1046050 genomes   84241 energy   195.5 births 48051879 deaths 48051880 (306.4s) AMD Radeon AI PRO R9700 (RADV GFX1201)
tick   66000 alive  1046096 genomes   83577 energy   195.7 births 47659789 deaths 47659743 (311.1s) AMD Radeon AI PRO R9700 (RADV GFX1201)
tick   67000 alive  1046100 genomes   84209 energy   195.2 births 47844316 deaths 47844312 (315.7s) AMD Radeon AI PRO R9700 (RADV GFX1201)
tick   68000 alive  1046110 genomes   84055 energy   195.2 births 47860985 deaths 47860975 (320.4s) AMD Radeon AI PRO R9700 (RADV GFX1201)
tick   69000 alive  1046089 genomes   83681 energy   195.1 births 47732756 deaths 47732777 (325.1s) AMD Radeon AI PRO R9700 (RADV GFX1201)
tick   70000 alive  1046224 genomes   83870 energy   195.5 births 47691891 deaths 47691756 (329.7s) AMD Radeon AI PRO R9700 (RADV GFX1201)
tick   71000 alive  1046165 genomes   82632 energy   196.2 births 47465977 deaths 47466036 (334.4s) AMD Radeon AI PRO R9700 (RADV GFX1201)
tick   72000 alive  1046123 genomes   82817 energy   195.6 births 47350167 deaths 47350209 (339.0s) AMD Radeon AI PRO R9700 (RADV GFX1201)
tick   73000 alive  1046062 genomes   82468 energy   195.3 births 47600379 deaths 47600440 (343.7s) AMD Radeon AI PRO R9700 (RADV GFX1201)
tick   74000 alive  1046086 genomes   81214 energy   195.6 births 47468801 deaths 47468777 (348.3s) AMD Radeon AI PRO R9700 (RADV GFX1201)
tick   75000 alive  1046046 genomes   80767 energy   196.2 births 47285844 deaths 47285884 (353.0s) AMD Radeon AI PRO R9700 (RADV GFX1201)
tick   76000 alive  1046060 genomes   81982 energy   195.2 births 47716174 deaths 47716160 (357.6s) AMD Radeon AI PRO R9700 (RADV GFX1201)
tick   77000 alive  1046102 genomes   81752 energy   195.4 births 48000666 deaths 48000624 (362.3s) AMD Radeon AI PRO R9700 (RADV GFX1201)
tick   78000 alive  1046067 genomes   81150 energy   195.6 births 47916387 deaths 47916422 (366.9s) AMD Radeon AI PRO R9700 (RADV GFX1201)
tick   79000 alive  1046101 genomes   80722 energy   195.8 births 47546889 deaths 47546855 (371.5s) AMD Radeon AI PRO R9700 (RADV GFX1201)
tick   80000 alive  1046122 genomes   79509 energy   196.1 births 47472107 deaths 47472086 (376.1s) AMD Radeon AI PRO R9700 (RADV GFX1201)
tick   81000 alive  1046107 genomes   79718 energy   196.1 births 47227827 deaths 47227842 (380.7s) AMD Radeon AI PRO R9700 (RADV GFX1201)
tick   82000 alive  1046045 genomes   79432 energy   196.2 births 47270133 deaths 47270195 (385.4s) AMD Radeon AI PRO R9700 (RADV GFX1201)
tick   83000 alive  1046046 genomes   79430 energy   195.9 births 47361303 deaths 47361302 (390.0s) AMD Radeon AI PRO R9700 (RADV GFX1201)
tick   84000 alive  1046121 genomes   78041 energy   196.5 births 46980316 deaths 46980241 (394.7s) AMD Radeon AI PRO R9700 (RADV GFX1201)
tick   85000 alive  1046047 genomes   78222 energy   196.0 births 47101511 deaths 47101585 (399.3s) AMD Radeon AI PRO R9700 (RADV GFX1201)
tick   86000 alive  1046024 genomes   77219 energy   196.2 births 47193086 deaths 47193109 (404.1s) AMD Radeon AI PRO R9700 (RADV GFX1201)
tick   87000 alive  1046129 genomes   77892 energy   195.9 births 47209197 deaths 47209092 (408.8s) AMD Radeon AI PRO R9700 (RADV GFX1201)
tick   88000 alive  1046146 genomes   78673 energy   195.0 births 47764158 deaths 47764141 (413.5s) AMD Radeon AI PRO R9700 (RADV GFX1201)
tick   89000 alive  1046145 genomes   77257 energy   196.4 births 47724722 deaths 47724723 (418.3s) AMD Radeon AI PRO R9700 (RADV GFX1201)
tick   90000 alive  1046162 genomes   77639 energy   196.2 births 47094561 deaths 47094544 (423.1s) AMD Radeon AI PRO R9700 (RADV GFX1201)
tick   91000 alive  1046025 genomes   76087 energy   197.0 births 47084917 deaths 47085054 (427.8s) AMD Radeon AI PRO R9700 (RADV GFX1201)
tick   92000 alive  1046190 genomes   75861 energy   196.9 births 46617645 deaths 46617480 (432.5s) AMD Radeon AI PRO R9700 (RADV GFX1201)
tick   93000 alive  1046087 genomes   75326 energy   196.7 births 46933498 deaths 46933601 (437.1s) AMD Radeon AI PRO R9700 (RADV GFX1201)
tick   94000 alive  1045973 genomes   75435 energy   196.5 births 46981243 deaths 46981357 (441.8s) AMD Radeon AI PRO R9700 (RADV GFX1201)
tick   95000 alive  1046113 genomes   74326 energy   196.9 births 46606342 deaths 46606202 (446.5s) AMD Radeon AI PRO R9700 (RADV GFX1201)
tick   96000 alive  1046014 genomes   74164 energy   197.3 births 46188255 deaths 46188354 (451.2s) AMD Radeon AI PRO R9700 (RADV GFX1201)
tick   97000 alive  1046115 genomes   73815 energy   197.2 births 46472051 deaths 46471950 (455.9s) AMD Radeon AI PRO R9700 (RADV GFX1201)
tick   98000 alive  1046109 genomes   74736 energy   196.6 births 46371507 deaths 46371513 (460.6s) AMD Radeon AI PRO R9700 (RADV GFX1201)
tick   99000 alive  1046159 genomes   74626 energy   196.9 births 46714696 deaths 46714646 (465.3s) AMD Radeon AI PRO R9700 (RADV GFX1201)
tick  100000 alive  1046111 genomes   74605 energy   196.9 births 46608669 deaths 46608717 (470.0s) AMD Radeon AI PRO R9700 (RADV GFX1201)
tick  101000 alive  1046133 genomes   74883 energy   196.4 births 46806454 deaths 46806432 (474.7s) AMD Radeon AI PRO R9700 (RADV GFX1201)
tick  102000 alive  1046026 genomes   74727 energy   196.4 births 46756160 deaths 46756267 (479.4s) AMD Radeon AI PRO R9700 (RADV GFX1201)
tick  103000 alive  1046059 genomes   73983 energy   196.6 births 46691082 deaths 46691049 (484.1s) AMD Radeon AI PRO R9700 (RADV GFX1201)
tick  104000 alive  1046026 genomes   74046 energy   196.8 births 46645809 deaths 46645842 (488.8s) AMD Radeon AI PRO R9700 (RADV GFX1201)
tick  105000 alive  1046201 genomes   73701 energy   196.6 births 46857561 deaths 46857386 (493.5s) AMD Radeon AI PRO R9700 (RADV GFX1201)
tick  106000 alive  1046089 genomes   74105 energy   197.0 births 46556263 deaths 46556375 (498.2s) AMD Radeon AI PRO R9700 (RADV GFX1201)
tick  107000 alive  1046092 genomes   74125 energy   196.6 births 46698520 deaths 46698517 (502.9s) AMD Radeon AI PRO R9700 (RADV GFX1201)
tick  108000 alive  1046081 genomes   73586 energy   196.8 births 46474867 deaths 46474878 (507.7s) AMD Radeon AI PRO R9700 (RADV GFX1201)
tick  109000 alive  1046054 genomes   73818 energy   196.9 births 46538313 deaths 46538340 (512.3s) AMD Radeon AI PRO R9700 (RADV GFX1201)
tick  110000 alive  1046181 genomes   72172 energy   197.6 births 46257313 deaths 46257186 (517.0s) AMD Radeon AI PRO R9700 (RADV GFX1201)
tick  111000 alive  1046073 genomes   72411 energy   197.3 births 46150812 deaths 46150920 (521.6s) AMD Radeon AI PRO R9700 (RADV GFX1201)
tick  112000 alive  1046090 genomes   72264 energy   197.4 births 46175457 deaths 46175440 (526.3s) AMD Radeon AI PRO R9700 (RADV GFX1201)
tick  113000 alive  1046136 genomes   72366 energy   197.4 births 46196168 deaths 46196122 (530.9s) AMD Radeon AI PRO R9700 (RADV GFX1201)
tick  114000 alive  1046048 genomes   73058 energy   196.7 births 46569142 deaths 46569230 (535.6s) AMD Radeon AI PRO R9700 (RADV GFX1201)
tick  115000 alive  1046111 genomes   72149 energy   197.1 births 46653299 deaths 46653236 (540.4s) AMD Radeon AI PRO R9700 (RADV GFX1201)
tick  116000 alive  1045990 genomes   72531 energy   197.1 births 46613496 deaths 46613617 (545.2s) AMD Radeon AI PRO R9700 (RADV GFX1201)
tick  117000 alive  1046134 genomes   71885 energy   197.3 births 46525511 deaths 46525367 (549.9s) AMD Radeon AI PRO R9700 (RADV GFX1201)
tick  118000 alive  1046127 genomes   71838 energy   196.9 births 46445724 deaths 46445731 (554.6s) AMD Radeon AI PRO R9700 (RADV GFX1201)
tick  119000 alive  1046157 genomes   73011 energy   196.2 births 46992624 deaths 46992594 (559.4s) AMD Radeon AI PRO R9700 (RADV GFX1201)
tick  120000 alive  1046134 genomes   71835 energy   196.8 births 46738131 deaths 46738154 (564.1s) AMD Radeon AI PRO R9700 (RADV GFX1201)
tick  121000 alive  1046136 genomes   70599 energy   197.5 births 46100460 deaths 46100458 (568.7s) AMD Radeon AI PRO R9700 (RADV GFX1201)
tick  122000 alive  1046058 genomes   71081 energy   196.9 births 46200804 deaths 46200882 (573.3s) AMD Radeon AI PRO R9700 (RADV GFX1201)
tick  123000 alive  1046089 genomes   70560 energy   197.1 births 46422605 deaths 46422574 (578.0s) AMD Radeon AI PRO R9700 (RADV GFX1201)
tick  124000 alive  1046167 genomes   71179 energy   196.8 births 46364412 deaths 46364334 (582.8s) AMD Radeon AI PRO R9700 (RADV GFX1201)
tick  125000 alive  1046032 genomes   70932 energy   197.1 births 46505489 deaths 46505624 (587.5s) AMD Radeon AI PRO R9700 (RADV GFX1201)
tick  126000 alive  1046108 genomes   71209 energy   197.4 births 46318237 deaths 46318161 (592.2s) AMD Radeon AI PRO R9700 (RADV GFX1201)
tick  127000 alive  1046067 genomes   70355 energy   197.3 births 46353773 deaths 46353814 (597.0s) AMD Radeon AI PRO R9700 (RADV GFX1201)
tick  128000 alive  1046105 genomes   70233 energy   197.5 births 46318328 deaths 46318290 (601.6s) AMD Radeon AI PRO R9700 (RADV GFX1201)
tick  129000 alive  1046064 genomes   70384 energy   197.2 births 46128074 deaths 46128115 (606.3s) AMD Radeon AI PRO R9700 (RADV GFX1201)
tick  130000 alive  1046134 genomes   70951 energy   196.5 births 46526212 deaths 46526142 (611.0s) AMD Radeon AI PRO R9700 (RADV GFX1201)
tick  131000 alive  1046133 genomes   70973 energy   197.0 births 46640430 deaths 46640431 (615.7s) AMD Radeon AI PRO R9700 (RADV GFX1201)
tick  132000 alive  1046139 genomes   71305 energy   196.5 births 46931399 deaths 46931393 (620.4s) AMD Radeon AI PRO R9700 (RADV GFX1201)
tick  133000 alive  1046103 genomes   71409 energy   196.6 births 46788802 deaths 46788838 (625.1s) AMD Radeon AI PRO R9700 (RADV GFX1201)
tick  134000 alive  1046207 genomes   70311 energy   197.0 births 46548318 deaths 46548214 (629.8s) AMD Radeon AI PRO R9700 (RADV GFX1201)
tick  135000 alive  1046061 genomes   70177 energy   196.9 births 46396324 deaths 46396470 (634.6s) AMD Radeon AI PRO R9700 (RADV GFX1201)
tick  136000 alive  1046121 genomes   70482 energy   197.1 births 46425554 deaths 46425494 (639.3s) AMD Radeon AI PRO R9700 (RADV GFX1201)
tick  137000 alive  1046132 genomes   70124 energy   197.2 births 46240989 deaths 46240978 (644.0s) AMD Radeon AI PRO R9700 (RADV GFX1201)
tick  138000 alive  1046095 genomes   69247 energy   197.5 births 46228662 deaths 46228699 (648.7s) AMD Radeon AI PRO R9700 (RADV GFX1201)
tick  139000 alive  1046185 genomes   69982 energy   197.1 births 46450739 deaths 46450649 (653.5s) AMD Radeon AI PRO R9700 (RADV GFX1201)
tick  140000 alive  1045991 genomes   69106 energy   197.5 births 46209133 deaths 46209327 (658.2s) AMD Radeon AI PRO R9700 (RADV GFX1201)
tick  141000 alive  1046097 genomes   68767 energy   197.8 births 46180931 deaths 46180825 (662.9s) AMD Radeon AI PRO R9700 (RADV GFX1201)
tick  142000 alive  1045955 genomes   69146 energy   197.6 births 45960011 deaths 45960153 (667.5s) AMD Radeon AI PRO R9700 (RADV GFX1201)
tick  143000 alive  1046151 genomes   67820 energy   198.3 births 45670248 deaths 45670052 (672.2s) AMD Radeon AI PRO R9700 (RADV GFX1201)
tick  144000 alive  1046150 genomes   68100 energy   198.3 births 45547798 deaths 45547799 (676.9s) AMD Radeon AI PRO R9700 (RADV GFX1201)
tick  145000 alive  1046072 genomes   67980 energy   198.1 births 45311514 deaths 45311592 (681.7s) AMD Radeon AI PRO R9700 (RADV GFX1201)
tick  146000 alive  1046049 genomes   67914 energy   197.9 births 45307543 deaths 45307566 (686.3s) AMD Radeon AI PRO R9700 (RADV GFX1201)
tick  147000 alive  1046103 genomes   68493 energy   197.6 births 45744004 deaths 45743950 (691.1s) AMD Radeon AI PRO R9700 (RADV GFX1201)
tick  148000 alive  1046051 genomes   69554 energy   196.9 births 46085603 deaths 46085655 (695.8s) AMD Radeon AI PRO R9700 (RADV GFX1201)
tick  149000 alive  1046013 genomes   69479 energy   196.7 births 46520590 deaths 46520628 (700.5s) AMD Radeon AI PRO R9700 (RADV GFX1201)
tick  150000 alive  1046134 genomes   69127 energy   196.9 births 46493687 deaths 46493566 (705.1s) AMD Radeon AI PRO R9700 (RADV GFX1201)
tick  151000 alive  1046061 genomes   68186 energy   197.6 births 46266332 deaths 46266405 (709.8s) AMD Radeon AI PRO R9700 (RADV GFX1201)
tick  152000 alive  1046111 genomes   67215 energy   198.1 births 45683859 deaths 45683809 (714.5s) AMD Radeon AI PRO R9700 (RADV GFX1201)
tick  153000 alive  1046063 genomes   67044 energy   198.5 births 45393749 deaths 45393797 (719.3s) AMD Radeon AI PRO R9700 (RADV GFX1201)
tick  154000 alive  1046133 genomes   67626 energy   197.4 births 45603527 deaths 45603457 (723.9s) AMD Radeon AI PRO R9700 (RADV GFX1201)
tick  155000 alive  1046141 genomes   67190 energy   198.3 births 45612557 deaths 45612549 (728.7s) AMD Radeon AI PRO R9700 (RADV GFX1201)
tick  156000 alive  1046108 genomes   68003 energy   197.7 births 45770538 deaths 45770571 (733.4s) AMD Radeon AI PRO R9700 (RADV GFX1201)
tick  157000 alive  1046008 genomes   67908 energy   197.4 births 45955050 deaths 45955150 (738.2s) AMD Radeon AI PRO R9700 (RADV GFX1201)
tick  158000 alive  1046059 genomes   68566 energy   197.3 births 46047382 deaths 46047331 (742.8s) AMD Radeon AI PRO R9700 (RADV GFX1201)
tick  159000 alive  1046135 genomes   67945 energy   197.5 births 45809504 deaths 45809428 (747.5s) AMD Radeon AI PRO R9700 (RADV GFX1201)
tick  160000 alive  1046097 genomes   67528 energy   197.7 births 45718577 deaths 45718615 (752.2s) AMD Radeon AI PRO R9700 (RADV GFX1201)
tick  161000 alive  1046078 genomes   68283 energy   197.8 births 45936297 deaths 45936316 (756.9s) AMD Radeon AI PRO R9700 (RADV GFX1201)
tick  162000 alive  1046031 genomes   68723 energy   197.1 births 46183698 deaths 46183745 (761.4s) AMD Radeon AI PRO R9700 (RADV GFX1201)
tick  163000 alive  1046079 genomes   68087 energy   197.6 births 46130666 deaths 46130618 (766.1s) AMD Radeon AI PRO R9700 (RADV GFX1201)
tick  164000 alive  1046125 genomes   68601 energy   197.0 births 46325022 deaths 46324976 (770.8s) AMD Radeon AI PRO R9700 (RADV GFX1201)
tick  165000 alive  1046134 genomes   68844 energy   197.0 births 46170252 deaths 46170243 (775.5s) AMD Radeon AI PRO R9700 (RADV GFX1201)
tick  166000 alive  1046218 genomes   67934 energy   197.6 births 46014961 deaths 46014877 (780.2s) AMD Radeon AI PRO R9700 (RADV GFX1201)
tick  167000 alive  1046083 genomes   66037 energy   198.7 births 45409192 deaths 45409327 (784.9s) AMD Radeon AI PRO R9700 (RADV GFX1201)
tick  168000 alive  1046091 genomes   66898 energy   198.0 births 45286210 deaths 45286202 (789.5s) AMD Radeon AI PRO R9700 (RADV GFX1201)
tick  169000 alive  1046122 genomes   66035 energy   198.5 births 45392222 deaths 45392191 (794.2s) AMD Radeon AI PRO R9700 (RADV GFX1201)
tick  170000 alive  1046128 genomes   66890 energy   197.7 births 45574832 deaths 45574826 (798.9s) AMD Radeon AI PRO R9700 (RADV GFX1201)
tick  171000 alive  1045974 genomes   66924 energy   197.7 births 45588876 deaths 45589030 (803.6s) AMD Radeon AI PRO R9700 (RADV GFX1201)
tick  172000 alive  1046182 genomes   65623 energy   198.5 births 45553723 deaths 45553515 (808.2s) AMD Radeon AI PRO R9700 (RADV GFX1201)
tick  173000 alive  1046113 genomes   66085 energy   197.9 births 45464874 deaths 45464943 (813.0s) AMD Radeon AI PRO R9700 (RADV GFX1201)
tick  174000 alive  1046181 genomes   65495 energy   198.3 births 45673901 deaths 45673833 (817.7s) AMD Radeon AI PRO R9700 (RADV GFX1201)
tick  175000 alive  1046143 genomes   65421 energy   198.0 births 45317456 deaths 45317494 (822.3s) AMD Radeon AI PRO R9700 (RADV GFX1201)
tick  176000 alive  1046146 genomes   64891 energy   198.6 births 44989431 deaths 44989428 (827.0s) AMD Radeon AI PRO R9700 (RADV GFX1201)
tick  177000 alive  1046133 genomes   64703 energy   198.4 births 45149500 deaths 45149513 (831.7s) AMD Radeon AI PRO R9700 (RADV GFX1201)
tick  178000 alive  1046187 genomes   64761 energy   198.2 births 45305275 deaths 45305221 (836.4s) AMD Radeon AI PRO R9700 (RADV GFX1201)
tick  179000 alive  1046076 genomes   64443 energy   198.2 births 45354234 deaths 45354345 (841.2s) AMD Radeon AI PRO R9700 (RADV GFX1201)
tick  180000 alive  1046098 genomes   64687 energy   198.1 births 45437842 deaths 45437820 (845.9s) AMD Radeon AI PRO R9700 (RADV GFX1201)
tick  181000 alive  1046123 genomes   63530 energy   198.9 births 45226462 deaths 45226437 (850.6s) AMD Radeon AI PRO R9700 (RADV GFX1201)
tick  182000 alive  1046091 genomes   63694 energy   198.5 births 45054383 deaths 45054415 (855.2s) AMD Radeon AI PRO R9700 (RADV GFX1201)
tick  183000 alive  1046116 genomes   64510 energy   198.0 births 45190154 deaths 45190129 (860.0s) AMD Radeon AI PRO R9700 (RADV GFX1201)
tick  184000 alive  1046150 genomes   63714 energy   198.5 births 45088971 deaths 45088937 (864.7s) AMD Radeon AI PRO R9700 (RADV GFX1201)
tick  185000 alive  1046208 genomes   64052 energy   198.6 births 45063446 deaths 45063388 (869.4s) AMD Radeon AI PRO R9700 (RADV GFX1201)
tick  186000 alive  1046100 genomes   63296 energy   199.0 births 44848472 deaths 44848580 (874.0s) AMD Radeon AI PRO R9700 (RADV GFX1201)
tick  187000 alive  1046040 genomes   63525 energy   198.8 births 44999654 deaths 44999714 (878.7s) AMD Radeon AI PRO R9700 (RADV GFX1201)
tick  188000 alive  1046079 genomes   63533 energy   198.3 births 45292095 deaths 45292056 (883.4s) AMD Radeon AI PRO R9700 (RADV GFX1201)
tick  189000 alive  1046152 genomes   63072 energy   198.3 births 45320859 deaths 45320786 (888.1s) AMD Radeon AI PRO R9700 (RADV GFX1201)
tick  190000 alive  1046099 genomes   64656 energy   197.5 births 45515310 deaths 45515363 (892.8s) AMD Radeon AI PRO R9700 (RADV GFX1201)
tick  191000 alive  1046036 genomes   64146 energy   197.6 births 45903668 deaths 45903731 (897.4s) AMD Radeon AI PRO R9700 (RADV GFX1201)
tick  192000 alive  1046123 genomes   63007 energy   198.5 births 45308597 deaths 45308510 (902.1s) AMD Radeon AI PRO R9700 (RADV GFX1201)
tick  193000 alive  1046030 genomes   62609 energy   198.8 births 45069214 deaths 45069307 (906.8s) AMD Radeon AI PRO R9700 (RADV GFX1201)
tick  194000 alive  1046066 genomes   63025 energy   198.8 births 45107892 deaths 45107856 (911.5s) AMD Radeon AI PRO R9700 (RADV GFX1201)
tick  195000 alive  1046120 genomes   62964 energy   198.6 births 45161066 deaths 45161012 (916.1s) AMD Radeon AI PRO R9700 (RADV GFX1201)
tick  196000 alive  1046143 genomes   62881 energy   198.6 births 45246863 deaths 45246840 (920.8s) AMD Radeon AI PRO R9700 (RADV GFX1201)
tick  197000 alive  1046184 genomes   61722 energy   199.1 births 44971315 deaths 44971274 (925.5s) AMD Radeon AI PRO R9700 (RADV GFX1201)
tick  198000 alive  1046108 genomes   62150 energy   198.7 births 44771766 deaths 44771842 (930.3s) AMD Radeon AI PRO R9700 (RADV GFX1201)
tick  199000 alive  1046120 genomes   61556 energy   199.0 births 44827271 deaths 44827259 (934.9s) AMD Radeon AI PRO R9700 (RADV GFX1201)
tick  200000 alive  1046089 genomes   62614 energy   198.4 births 44998630 deaths 44998661 (939.7s) AMD Radeon AI PRO R9700 (RADV GFX1201)
tick  201000 alive  1046170 genomes   62151 energy   198.3 births 45313863 deaths 45313782 (944.4s) AMD Radeon AI PRO R9700 (RADV GFX1201)
tick  202000 alive  1046058 genomes   61815 energy   198.3 births 45129282 deaths 45129394 (949.1s) AMD Radeon AI PRO R9700 (RADV GFX1201)
tick  203000 alive  1046084 genomes   62505 energy   198.0 births 45494942 deaths 45494916 (953.7s) AMD Radeon AI PRO R9700 (RADV GFX1201)
tick  204000 alive  1046072 genomes   62794 energy   197.7 births 45662302 deaths 45662314 (958.5s) AMD Radeon AI PRO R9700 (RADV GFX1201)
tick  205000 alive  1046171 genomes   62684 energy   198.1 births 45444058 deaths 45443959 (963.1s) AMD Radeon AI PRO R9700 (RADV GFX1201)
tick  206000 alive  1046133 genomes   62113 energy   198.3 births 45410719 deaths 45410757 (967.8s) AMD Radeon AI PRO R9700 (RADV GFX1201)
tick  207000 alive  1046079 genomes   61558 energy   198.6 births 45171475 deaths 45171529 (972.4s) AMD Radeon AI PRO R9700 (RADV GFX1201)
tick  208000 alive  1046215 genomes   62134 energy   198.0 births 45159283 deaths 45159147 (977.1s) AMD Radeon AI PRO R9700 (RADV GFX1201)
tick  209000 alive  1046085 genomes   62146 energy   198.2 births 45603454 deaths 45603584 (981.8s) AMD Radeon AI PRO R9700 (RADV GFX1201)
tick  210000 alive  1046037 genomes   63282 energy   197.4 births 45821310 deaths 45821358 (986.5s) AMD Radeon AI PRO R9700 (RADV GFX1201)
tick  211000 alive  1046223 genomes   62462 energy   197.6 births 45927490 deaths 45927304 (991.2s) AMD Radeon AI PRO R9700 (RADV GFX1201)
tick  212000 alive  1046082 genomes   61898 energy   198.4 births 45649724 deaths 45649865 (995.9s) AMD Radeon AI PRO R9700 (RADV GFX1201)
tick  213000 alive  1046149 genomes   60521 energy   198.5 births 45202931 deaths 45202864 (1000.6s) AMD Radeon AI PRO R9700 (RADV GFX1201)
tick  214000 alive  1046119 genomes   61082 energy   198.2 births 45122997 deaths 45123027 (1005.2s) AMD Radeon AI PRO R9700 (RADV GFX1201)
tick  215000 alive  1046099 genomes   61771 energy   198.1 births 45533592 deaths 45533612 (1009.9s) AMD Radeon AI PRO R9700 (RADV GFX1201)
tick  216000 alive  1046032 genomes   60927 energy   198.6 births 45347521 deaths 45347588 (1014.7s) AMD Radeon AI PRO R9700 (RADV GFX1201)
tick  217000 alive  1046155 genomes   60767 energy   198.4 births 45243559 deaths 45243436 (1019.3s) AMD Radeon AI PRO R9700 (RADV GFX1201)
tick  218000 alive  1046157 genomes   59698 energy   198.9 births 45127643 deaths 45127641 (1024.0s) AMD Radeon AI PRO R9700 (RADV GFX1201)
tick  219000 alive  1046035 genomes   60063 energy   198.5 births 44968830 deaths 44968952 (1028.7s) AMD Radeon AI PRO R9700 (RADV GFX1201)
tick  220000 alive  1046137 genomes   59844 energy   198.5 births 45101854 deaths 45101752 (1033.4s) AMD Radeon AI PRO R9700 (RADV GFX1201)
tick  221000 alive  1046068 genomes   59696 energy   198.6 births 45113577 deaths 45113646 (1038.1s) AMD Radeon AI PRO R9700 (RADV GFX1201)
tick  222000 alive  1046113 genomes   59446 energy   198.7 births 45096772 deaths 45096727 (1042.8s) AMD Radeon AI PRO R9700 (RADV GFX1201)
tick  223000 alive  1046232 genomes   59187 energy   198.8 births 44704090 deaths 44703971 (1047.5s) AMD Radeon AI PRO R9700 (RADV GFX1201)
tick  224000 alive  1046014 genomes   59757 energy   198.2 births 45170152 deaths 45170370 (1052.1s) AMD Radeon AI PRO R9700 (RADV GFX1201)
tick  225000 alive  1046154 genomes   59260 energy   198.3 births 45205952 deaths 45205812 (1056.8s) AMD Radeon AI PRO R9700 (RADV GFX1201)
tick  226000 alive  1045982 genomes   59876 energy   198.1 births 45442135 deaths 45442307 (1061.5s) AMD Radeon AI PRO R9700 (RADV GFX1201)
tick  227000 alive  1046156 genomes   60605 energy   197.4 births 45690276 deaths 45690102 (1066.1s) AMD Radeon AI PRO R9700 (RADV GFX1201)
tick  228000 alive  1046156 genomes   60510 energy   198.0 births 45755244 deaths 45755244 (1070.8s) AMD Radeon AI PRO R9700 (RADV GFX1201)
tick  229000 alive  1046124 genomes   59049 energy   198.4 births 45122378 deaths 45122410 (1075.5s) AMD Radeon AI PRO R9700 (RADV GFX1201)
tick  230000 alive  1046093 genomes   59077 energy   198.2 births 45006870 deaths 45006901 (1080.2s) AMD Radeon AI PRO R9700 (RADV GFX1201)
tick  231000 alive  1046129 genomes   59116 energy   198.6 births 45156432 deaths 45156396 (1084.8s) AMD Radeon AI PRO R9700 (RADV GFX1201)
tick  232000 alive  1046088 genomes   59181 energy   198.7 births 45034894 deaths 45034935 (1089.5s) AMD Radeon AI PRO R9700 (RADV GFX1201)
tick  233000 alive  1046066 genomes   58979 energy   198.5 births 45127550 deaths 45127572 (1094.2s) AMD Radeon AI PRO R9700 (RADV GFX1201)
tick  234000 alive  1046100 genomes   58313 energy   198.8 births 44879911 deaths 44879877 (1098.9s) AMD Radeon AI PRO R9700 (RADV GFX1201)
tick  235000 alive  1046100 genomes   59086 energy   198.4 births 45124339 deaths 45124339 (1103.6s) AMD Radeon AI PRO R9700 (RADV GFX1201)
tick  236000 alive  1046119 genomes   58400 energy   199.0 births 45136794 deaths 45136775 (1108.3s) AMD Radeon AI PRO R9700 (RADV GFX1201)
tick  237000 alive  1046161 genomes   57819 energy   199.3 births 44716870 deaths 44716828 (1113.0s) AMD Radeon AI PRO R9700 (RADV GFX1201)
tick  238000 alive  1046052 genomes   57892 energy   199.2 births 44641888 deaths 44641997 (1117.7s) AMD Radeon AI PRO R9700 (RADV GFX1201)
tick  239000 alive  1046084 genomes   57929 energy   198.5 births 44848368 deaths 44848336 (1122.3s) AMD Radeon AI PRO R9700 (RADV GFX1201)
tick  240000 alive  1046065 genomes   57521 energy   198.6 births 45008198 deaths 45008217 (1127.0s) AMD Radeon AI PRO R9700 (RADV GFX1201)
tick  241000 alive  1046095 genomes   58169 energy   198.3 births 44882392 deaths 44882362 (1131.7s) AMD Radeon AI PRO R9700 (RADV GFX1201)
tick  242000 alive  1045989 genomes   58518 energy   198.2 births 45377050 deaths 45377156 (1136.5s) AMD Radeon AI PRO R9700 (RADV GFX1201)
tick  243000 alive  1046139 genomes   57625 energy   198.8 births 45000904 deaths 45000754 (1141.2s) AMD Radeon AI PRO R9700 (RADV GFX1201)
tick  244000 alive  1046106 genomes   56448 energy   198.8 births 44805571 deaths 44805604 (1145.9s) AMD Radeon AI PRO R9700 (RADV GFX1201)
tick  245000 alive  1046030 genomes   57535 energy   198.8 births 45079043 deaths 45079119 (1150.6s) AMD Radeon AI PRO R9700 (RADV GFX1201)
tick  246000 alive  1046044 genomes   57129 energy   198.5 births 44844123 deaths 44844109 (1155.3s) AMD Radeon AI PRO R9700 (RADV GFX1201)
tick  247000 alive  1046093 genomes   57101 energy   199.1 births 44931938 deaths 44931889 (1159.9s) AMD Radeon AI PRO R9700 (RADV GFX1201)
tick  248000 alive  1046082 genomes   57166 energy   198.6 births 44771306 deaths 44771317 (1164.5s) AMD Radeon AI PRO R9700 (RADV GFX1201)
tick  249000 alive  1046096 genomes   56730 energy   199.2 births 44943092 deaths 44943078 (1169.1s) AMD Radeon AI PRO R9700 (RADV GFX1201)
tick  250000 alive  1046097 genomes   56536 energy   198.8 births 44493016 deaths 44493015 (1173.9s) AMD Radeon AI PRO R9700 (RADV GFX1201)
tick  251000 alive  1046143 genomes   57252 energy   198.6 births 44964702 deaths 44964656 (1178.6s) AMD Radeon AI PRO R9700 (RADV GFX1201)
tick  252000 alive  1046064 genomes   56923 energy   199.1 births 44973251 deaths 44973330 (1183.3s) AMD Radeon AI PRO R9700 (RADV GFX1201)
tick  253000 alive  1046046 genomes   56857 energy   199.3 births 44669964 deaths 44669982 (1188.0s) AMD Radeon AI PRO R9700 (RADV GFX1201)
tick  254000 alive  1046032 genomes   57263 energy   198.3 births 44978528 deaths 44978542 (1192.6s) AMD Radeon AI PRO R9700 (RADV GFX1201)
tick  255000 alive  1046176 genomes   56989 energy   198.7 births 45056318 deaths 45056174 (1197.3s) AMD Radeon AI PRO R9700 (RADV GFX1201)
tick  256000 alive  1046097 genomes   56908 energy   198.6 births 44753560 deaths 44753639 (1202.0s) AMD Radeon AI PRO R9700 (RADV GFX1201)
tick  257000 alive  1046124 genomes   56183 energy   199.0 births 44844389 deaths 44844362 (1206.8s) AMD Radeon AI PRO R9700 (RADV GFX1201)
tick  258000 alive  1046095 genomes   57813 energy   197.7 births 45079495 deaths 45079524 (1211.5s) AMD Radeon AI PRO R9700 (RADV GFX1201)
tick  259000 alive  1046092 genomes   57231 energy   198.3 births 45399120 deaths 45399123 (1216.2s) AMD Radeon AI PRO R9700 (RADV GFX1201)
tick  260000 alive  1046019 genomes   57599 energy   198.4 births 45430571 deaths 45430644 (1220.9s) AMD Radeon AI PRO R9700 (RADV GFX1201)
tick  261000 alive  1046096 genomes   57198 energy   197.8 births 45192139 deaths 45192062 (1225.7s) AMD Radeon AI PRO R9700 (RADV GFX1201)
tick  262000 alive  1046108 genomes   56612 energy   198.4 births 45390076 deaths 45390064 (1230.4s) AMD Radeon AI PRO R9700 (RADV GFX1201)
tick  263000 alive  1046164 genomes   57361 energy   197.8 births 45449167 deaths 45449111 (1235.1s) AMD Radeon AI PRO R9700 (RADV GFX1201)
tick  264000 alive  1046035 genomes   56370 energy   198.6 births 44995433 deaths 44995562 (1239.8s) AMD Radeon AI PRO R9700 (RADV GFX1201)
tick  265000 alive  1046049 genomes   56470 energy   198.6 births 44882028 deaths 44882014 (1244.6s) AMD Radeon AI PRO R9700 (RADV GFX1201)
tick  266000 alive  1046182 genomes   56724 energy   198.4 births 45348627 deaths 45348494 (1249.3s) AMD Radeon AI PRO R9700 (RADV GFX1201)
tick  267000 alive  1046086 genomes   56853 energy   198.5 births 44926659 deaths 44926755 (1254.0s) AMD Radeon AI PRO R9700 (RADV GFX1201)
tick  268000 alive  1046142 genomes   57079 energy   198.0 births 45152533 deaths 45152477 (1258.7s) AMD Radeon AI PRO R9700 (RADV GFX1201)
tick  269000 alive  1046060 genomes   56333 energy   198.8 births 44839467 deaths 44839549 (1263.5s) AMD Radeon AI PRO R9700 (RADV GFX1201)
tick  270000 alive  1046175 genomes   56844 energy   198.3 births 44879562 deaths 44879447 (1268.2s) AMD Radeon AI PRO R9700 (RADV GFX1201)
tick  271000 alive  1046117 genomes   55699 energy   199.1 births 44941239 deaths 44941297 (1272.9s) AMD Radeon AI PRO R9700 (RADV GFX1201)
tick  272000 alive  1046058 genomes   55643 energy   199.2 births 44405235 deaths 44405294 (1277.6s) AMD Radeon AI PRO R9700 (RADV GFX1201)
tick  273000 alive  1046109 genomes   56043 energy   198.6 births 44729312 deaths 44729261 (1282.3s) AMD Radeon AI PRO R9700 (RADV GFX1201)
tick  274000 alive  1046119 genomes   56371 energy   198.4 births 44883243 deaths 44883233 (1287.0s) AMD Radeon AI PRO R9700 (RADV GFX1201)
tick  275000 alive  1046063 genomes   56257 energy   198.3 births 44990141 deaths 44990197 (1291.7s) AMD Radeon AI PRO R9700 (RADV GFX1201)
tick  276000 alive  1046021 genomes   56192 energy   198.8 births 44972592 deaths 44972634 (1296.3s) AMD Radeon AI PRO R9700 (RADV GFX1201)
tick  277000 alive  1045986 genomes   55850 energy   199.0 births 44723621 deaths 44723656 (1301.1s) AMD Radeon AI PRO R9700 (RADV GFX1201)
tick  278000 alive  1046140 genomes   55827 energy   198.7 births 44725388 deaths 44725234 (1305.8s) AMD Radeon AI PRO R9700 (RADV GFX1201)
tick  279000 alive  1046168 genomes   54503 energy   199.6 births 44553378 deaths 44553350 (1310.5s) AMD Radeon AI PRO R9700 (RADV GFX1201)
tick  280000 alive  1046088 genomes   56115 energy   198.1 births 44795321 deaths 44795401 (1315.2s) AMD Radeon AI PRO R9700 (RADV GFX1201)
tick  281000 alive  1046043 genomes   54451 energy   198.9 births 44942501 deaths 44942546 (1320.0s) AMD Radeon AI PRO R9700 (RADV GFX1201)
tick  282000 alive  1046060 genomes   54242 energy   198.9 births 44386096 deaths 44386079 (1324.6s) AMD Radeon AI PRO R9700 (RADV GFX1201)
tick  283000 alive  1046114 genomes   54792 energy   198.8 births 44614206 deaths 44614152 (1329.3s) AMD Radeon AI PRO R9700 (RADV GFX1201)
tick  284000 alive  1046070 genomes   54804 energy   198.4 births 44834306 deaths 44834350 (1333.9s) AMD Radeon AI PRO R9700 (RADV GFX1201)
tick  285000 alive  1046057 genomes   54577 energy   199.0 births 45016694 deaths 45016707 (1338.7s) AMD Radeon AI PRO R9700 (RADV GFX1201)
tick  286000 alive  1046104 genomes   55019 energy   198.5 births 45014016 deaths 45013969 (1343.3s) AMD Radeon AI PRO R9700 (RADV GFX1201)
tick  287000 alive  1046153 genomes   55411 energy   198.1 births 45105413 deaths 45105364 (1348.0s) AMD Radeon AI PRO R9700 (RADV GFX1201)
tick  288000 alive  1046156 genomes   54807 energy   198.4 births 45511989 deaths 45511986 (1352.6s) AMD Radeon AI PRO R9700 (RADV GFX1201)
tick  289000 alive  1046020 genomes   56279 energy   197.5 births 45497811 deaths 45497947 (1357.3s) AMD Radeon AI PRO R9700 (RADV GFX1201)
tick  290000 alive  1046143 genomes   54293 energy   198.7 births 45381889 deaths 45381766 (1362.0s) AMD Radeon AI PRO R9700 (RADV GFX1201)
tick  291000 alive  1045993 genomes   55082 energy   198.0 births 45025368 deaths 45025518 (1366.8s) AMD Radeon AI PRO R9700 (RADV GFX1201)
tick  292000 alive  1046061 genomes   55391 energy   197.9 births 45654598 deaths 45654530 (1371.4s) AMD Radeon AI PRO R9700 (RADV GFX1201)
tick  293000 alive  1046129 genomes   54872 energy   198.6 births 45175575 deaths 45175507 (1376.1s) AMD Radeon AI PRO R9700 (RADV GFX1201)
tick  294000 alive  1046081 genomes   54852 energy   198.5 births 45065175 deaths 45065223 (1380.7s) AMD Radeon AI PRO R9700 (RADV GFX1201)
tick  295000 alive  1046071 genomes   55701 energy   198.1 births 45361849 deaths 45361859 (1385.5s) AMD Radeon AI PRO R9700 (RADV GFX1201)
tick  296000 alive  1046049 genomes   56574 energy   197.7 births 45483826 deaths 45483848 (1390.1s) AMD Radeon AI PRO R9700 (RADV GFX1201)
tick  297000 alive  1046102 genomes   55599 energy   198.2 births 45422348 deaths 45422295 (1394.8s) AMD Radeon AI PRO R9700 (RADV GFX1201)
tick  298000 alive  1046085 genomes   56162 energy   197.9 births 45351746 deaths 45351763 (1399.5s) AMD Radeon AI PRO R9700 (RADV GFX1201)
tick  299000 alive  1046032 genomes   56147 energy   197.6 births 45556501 deaths 45556554 (1404.3s) AMD Radeon AI PRO R9700 (RADV GFX1201)
tick  300000 alive  1046076 genomes   55606 energy   197.7 births 45754993 deaths 45754949 (1408.9s) AMD Radeon AI PRO R9700 (RADV GFX1201)
tick  301000 alive  1046050 genomes   56362 energy   197.8 births 45646492 deaths 45646518 (1413.6s) AMD Radeon AI PRO R9700 (RADV GFX1201)
tick  302000 alive  1046155 genomes   54407 energy   198.6 births 45073536 deaths 45073431 (1418.2s) AMD Radeon AI PRO R9700 (RADV GFX1201)
tick  303000 alive  1046029 genomes   55346 energy   198.0 births 45253751 deaths 45253877 (1422.9s) AMD Radeon AI PRO R9700 (RADV GFX1201)
tick  304000 alive  1046052 genomes   55136 energy   198.1 births 45502881 deaths 45502858 (1427.6s) AMD Radeon AI PRO R9700 (RADV GFX1201)
tick  305000 alive  1046106 genomes   55056 energy   198.0 births 45305757 deaths 45305703 (1432.3s) AMD Radeon AI PRO R9700 (RADV GFX1201)
tick  306000 alive  1046088 genomes   55736 energy   197.6 births 45443142 deaths 45443160 (1436.9s) AMD Radeon AI PRO R9700 (RADV GFX1201)
tick  307000 alive  1046081 genomes   54259 energy   198.3 births 45564413 deaths 45564420 (1441.6s) AMD Radeon AI PRO R9700 (RADV GFX1201)
tick  308000 alive  1046051 genomes   55270 energy   197.9 births 45443053 deaths 45443083 (1446.3s) AMD Radeon AI PRO R9700 (RADV GFX1201)
tick  309000 alive  1045972 genomes   55020 energy   197.9 births 45610381 deaths 45610460 (1451.0s) AMD Radeon AI PRO R9700 (RADV GFX1201)
tick  310000 alive  1046180 genomes   53901 energy   198.5 births 45203271 deaths 45203063 (1455.7s) AMD Radeon AI PRO R9700 (RADV GFX1201)
tick  311000 alive  1046032 genomes   54571 energy   198.1 births 45255775 deaths 45255923 (1460.4s) AMD Radeon AI PRO R9700 (RADV GFX1201)
tick  312000 alive  1046050 genomes   55553 energy   197.3 births 45452066 deaths 45452048 (1465.1s) AMD Radeon AI PRO R9700 (RADV GFX1201)
tick  313000 alive  1046135 genomes   55096 energy   197.9 births 45658820 deaths 45658735 (1469.8s) AMD Radeon AI PRO R9700 (RADV GFX1201)
tick  314000 alive  1046075 genomes   55662 energy   197.5 births 45650965 deaths 45651025 (1474.5s) AMD Radeon AI PRO R9700 (RADV GFX1201)
tick  315000 alive  1046090 genomes   55482 energy   197.6 births 45398711 deaths 45398696 (1479.3s) AMD Radeon AI PRO R9700 (RADV GFX1201)
tick  316000 alive  1046137 genomes   55512 energy   197.6 births 45646435 deaths 45646388 (1484.0s) AMD Radeon AI PRO R9700 (RADV GFX1201)
tick  317000 alive  1046112 genomes   55432 energy   197.9 births 45543867 deaths 45543892 (1488.7s) AMD Radeon AI PRO R9700 (RADV GFX1201)
tick  318000 alive  1046084 genomes   54952 energy   198.4 births 45339810 deaths 45339838 (1493.3s) AMD Radeon AI PRO R9700 (RADV GFX1201)
tick  319000 alive  1046092 genomes   54337 energy   198.2 births 45231202 deaths 45231194 (1498.1s) AMD Radeon AI PRO R9700 (RADV GFX1201)
tick  320000 alive  1046041 genomes   54430 energy   198.5 births 45100481 deaths 45100532 (1502.8s) AMD Radeon AI PRO R9700 (RADV GFX1201)
tick  321000 alive  1046039 genomes   54893 energy   198.0 births 45313221 deaths 45313223 (1507.5s) AMD Radeon AI PRO R9700 (RADV GFX1201)
tick  322000 alive  1046056 genomes   55055 energy   197.7 births 45521099 deaths 45521082 (1512.1s) AMD Radeon AI PRO R9700 (RADV GFX1201)
tick  323000 alive  1046079 genomes   54809 energy   197.5 births 45557126 deaths 45557103 (1516.8s) AMD Radeon AI PRO R9700 (RADV GFX1201)
tick  324000 alive  1046039 genomes   54855 energy   197.3 births 45863395 deaths 45863435 (1521.5s) AMD Radeon AI PRO R9700 (RADV GFX1201)
tick  325000 alive  1046161 genomes   54615 energy   197.6 births 45950957 deaths 45950835 (1526.2s) AMD Radeon AI PRO R9700 (RADV GFX1201)
tick  326000 alive  1046163 genomes   54181 energy   197.6 births 45883454 deaths 45883452 (1530.8s) AMD Radeon AI PRO R9700 (RADV GFX1201)
tick  327000 alive  1046057 genomes   54270 energy   197.6 births 45486059 deaths 45486165 (1535.6s) AMD Radeon AI PRO R9700 (RADV GFX1201)
tick  328000 alive  1046107 genomes   53485 energy   198.0 births 45542760 deaths 45542710 (1540.3s) AMD Radeon AI PRO R9700 (RADV GFX1201)
tick  329000 alive  1046088 genomes   54499 energy   197.4 births 45552855 deaths 45552874 (1545.0s) AMD Radeon AI PRO R9700 (RADV GFX1201)
tick  330000 alive  1046050 genomes   53249 energy   198.2 births 45464672 deaths 45464710 (1549.7s) AMD Radeon AI PRO R9700 (RADV GFX1201)
tick  331000 alive  1046082 genomes   53936 energy   197.8 births 45534001 deaths 45533969 (1554.5s) AMD Radeon AI PRO R9700 (RADV GFX1201)
tick  332000 alive  1046083 genomes   53684 energy   197.8 births 45462374 deaths 45462373 (1559.1s) AMD Radeon AI PRO R9700 (RADV GFX1201)
tick  333000 alive  1046055 genomes   53084 energy   198.2 births 45243310 deaths 45243338 (1563.8s) AMD Radeon AI PRO R9700 (RADV GFX1201)
tick  334000 alive  1046114 genomes   52695 energy   198.3 births 45387121 deaths 45387062 (1568.5s) AMD Radeon AI PRO R9700 (RADV GFX1201)
tick  335000 alive  1046150 genomes   53123 energy   198.0 births 45340783 deaths 45340747 (1573.3s) AMD Radeon AI PRO R9700 (RADV GFX1201)
tick  336000 alive  1046110 genomes   51965 energy   198.2 births 45555890 deaths 45555930 (1578.0s) AMD Radeon AI PRO R9700 (RADV GFX1201)
tick  337000 alive  1046075 genomes   52460 energy   198.2 births 45162109 deaths 45162144 (1582.7s) AMD Radeon AI PRO R9700 (RADV GFX1201)
tick  338000 alive  1046034 genomes   51678 energy   198.8 births 45021422 deaths 45021463 (1587.4s) AMD Radeon AI PRO R9700 (RADV GFX1201)
tick  339000 alive  1046057 genomes   52037 energy   198.6 births 44917899 deaths 44917876 (1592.1s) AMD Radeon AI PRO R9700 (RADV GFX1201)
tick  340000 alive  1046082 genomes   52205 energy   198.3 births 44804822 deaths 44804797 (1596.7s) AMD Radeon AI PRO R9700 (RADV GFX1201)
tick  341000 alive  1045954 genomes   50926 energy   199.1 births 44697167 deaths 44697295 (1601.3s) AMD Radeon AI PRO R9700 (RADV GFX1201)
tick  342000 alive  1046073 genomes   51453 energy   198.6 births 44656034 deaths 44655915 (1605.9s) AMD Radeon AI PRO R9700 (RADV GFX1201)
tick  343000 alive  1046072 genomes   51791 energy   198.1 births 44826244 deaths 44826245 (1610.7s) AMD Radeon AI PRO R9700 (RADV GFX1201)
tick  344000 alive  1046119 genomes   51515 energy   198.5 births 45235318 deaths 45235271 (1615.3s) AMD Radeon AI PRO R9700 (RADV GFX1201)
tick  345000 alive  1046033 genomes   51046 energy   198.7 births 44803381 deaths 44803467 (1620.0s) AMD Radeon AI PRO R9700 (RADV GFX1201)
tick  346000 alive  1046122 genomes   52947 energy   197.8 births 45126399 deaths 45126310 (1624.6s) AMD Radeon AI PRO R9700 (RADV GFX1201)
tick  347000 alive  1046053 genomes   51867 energy   198.2 births 45302185 deaths 45302254 (1629.4s) AMD Radeon AI PRO R9700 (RADV GFX1201)
tick  348000 alive  1046166 genomes   52425 energy   197.9 births 45454346 deaths 45454233 (1634.1s) AMD Radeon AI PRO R9700 (RADV GFX1201)
tick  349000 alive  1046067 genomes   51787 energy   197.8 births 45490064 deaths 45490163 (1638.8s) AMD Radeon AI PRO R9700 (RADV GFX1201)
tick  350000 alive  1046051 genomes   51230 energy   198.5 births 45138242 deaths 45138258 (1643.5s) AMD Radeon AI PRO R9700 (RADV GFX1201)
tick  351000 alive  1046012 genomes   51898 energy   198.3 births 45059461 deaths 45059500 (1648.2s) AMD Radeon AI PRO R9700 (RADV GFX1201)
tick  352000 alive  1046137 genomes   51670 energy   198.1 births 45252760 deaths 45252635 (1652.9s) AMD Radeon AI PRO R9700 (RADV GFX1201)
tick  353000 alive  1046095 genomes   52713 energy   197.4 births 45780220 deaths 45780262 (1657.5s) AMD Radeon AI PRO R9700 (RADV GFX1201)
tick  354000 alive  1046156 genomes   52232 energy   198.2 births 45598719 deaths 45598658 (1662.3s) AMD Radeon AI PRO R9700 (RADV GFX1201)
tick  355000 alive  1046082 genomes   52368 energy   197.5 births 45360800 deaths 45360874 (1667.0s) AMD Radeon AI PRO R9700 (RADV GFX1201)
tick  356000 alive  1046117 genomes   53406 energy   197.3 births 45767443 deaths 45767408 (1671.8s) AMD Radeon AI PRO R9700 (RADV GFX1201)
tick  357000 alive  1046076 genomes   53128 energy   197.4 births 45933601 deaths 45933642 (1676.4s) AMD Radeon AI PRO R9700 (RADV GFX1201)
tick  358000 alive  1046060 genomes   52183 energy   197.6 births 45533931 deaths 45533947 (1681.1s) AMD Radeon AI PRO R9700 (RADV GFX1201)
tick  359000 alive  1046142 genomes   52519 energy   197.3 births 45968312 deaths 45968230 (1685.7s) AMD Radeon AI PRO R9700 (RADV GFX1201)
tick  360000 alive  1046160 genomes   52561 energy   197.3 births 46113469 deaths 46113451 (1690.4s) AMD Radeon AI PRO R9700 (RADV GFX1201)
tick  361000 alive  1046036 genomes   51933 energy   197.5 births 46083607 deaths 46083731 (1695.1s) AMD Radeon AI PRO R9700 (RADV GFX1201)
tick  362000 alive  1046204 genomes   51928 energy   197.4 births 45777935 deaths 45777767 (1699.8s) AMD Radeon AI PRO R9700 (RADV GFX1201)
tick  363000 alive  1046140 genomes   51430 energy   197.9 births 45824923 deaths 45824987 (1704.6s) AMD Radeon AI PRO R9700 (RADV GFX1201)
tick  364000 alive  1046073 genomes   51290 energy   198.4 births 45309705 deaths 45309772 (1709.3s) AMD Radeon AI PRO R9700 (RADV GFX1201)
tick  365000 alive  1046055 genomes   51977 energy   197.9 births 45375936 deaths 45375954 (1714.0s) AMD Radeon AI PRO R9700 (RADV GFX1201)
tick  366000 alive  1046101 genomes   52339 energy   197.5 births 45722486 deaths 45722440 (1718.7s) AMD Radeon AI PRO R9700 (RADV GFX1201)
tick  367000 alive  1046095 genomes   51986 energy   198.0 births 45629318 deaths 45629324 (1723.3s) AMD Radeon AI PRO R9700 (RADV GFX1201)
tick  368000 alive  1046191 genomes   51330 energy   197.8 births 45585814 deaths 45585718 (1728.0s) AMD Radeon AI PRO R9700 (RADV GFX1201)
tick  369000 alive  1046060 genomes   51495 energy   198.2 births 45457638 deaths 45457769 (1732.6s) AMD Radeon AI PRO R9700 (RADV GFX1201)
tick  370000 alive  1046128 genomes   51682 energy   197.9 births 45504538 deaths 45504470 (1737.3s) AMD Radeon AI PRO R9700 (RADV GFX1201)
tick  371000 alive  1046039 genomes   52294 energy   197.4 births 45791577 deaths 45791666 (1742.0s) AMD Radeon AI PRO R9700 (RADV GFX1201)
tick  372000 alive  1046125 genomes   51795 energy   197.5 births 45787476 deaths 45787390 (1746.7s) AMD Radeon AI PRO R9700 (RADV GFX1201)
tick  373000 alive  1046163 genomes   51671 energy   197.9 births 45613947 deaths 45613909 (1751.4s) AMD Radeon AI PRO R9700 (RADV GFX1201)
tick  374000 alive  1046063 genomes   52318 energy   197.3 births 45679479 deaths 45679579 (1756.1s) AMD Radeon AI PRO R9700 (RADV GFX1201)
tick  375000 alive  1046080 genomes   52399 energy   197.2 births 45974405 deaths 45974388 (1760.8s) AMD Radeon AI PRO R9700 (RADV GFX1201)
tick  376000 alive  1046093 genomes   51306 energy   197.7 births 45663343 deaths 45663330 (1765.5s) AMD Radeon AI PRO R9700 (RADV GFX1201)
tick  377000 alive  1046139 genomes   50200 energy   198.5 births 45248788 deaths 45248742 (1770.1s) AMD Radeon AI PRO R9700 (RADV GFX1201)
tick  378000 alive  1046091 genomes   51752 energy   197.8 births 45273523 deaths 45273571 (1774.8s) AMD Radeon AI PRO R9700 (RADV GFX1201)
tick  379000 alive  1046047 genomes   51389 energy   198.1 births 45386852 deaths 45386896 (1779.5s) AMD Radeon AI PRO R9700 (RADV GFX1201)
tick  380000 alive  1046098 genomes   52021 energy   197.4 births 45682126 deaths 45682075 (1784.2s) AMD Radeon AI PRO R9700 (RADV GFX1201)
tick  381000 alive  1046111 genomes   51335 energy   197.9 births 45690328 deaths 45690315 (1788.8s) AMD Radeon AI PRO R9700 (RADV GFX1201)
tick  382000 alive  1046019 genomes   52127 energy   197.1 births 46023240 deaths 46023332 (1793.5s) AMD Radeon AI PRO R9700 (RADV GFX1201)
tick  383000 alive  1046117 genomes   50792 energy   198.1 births 45676954 deaths 45676856 (1798.2s) AMD Radeon AI PRO R9700 (RADV GFX1201)
tick  384000 alive  1046044 genomes   49711 energy   198.4 births 45168303 deaths 45168376 (1802.9s) AMD Radeon AI PRO R9700 (RADV GFX1201)
tick  385000 alive  1046011 genomes   49862 energy   198.4 births 45109159 deaths 45109192 (1807.6s) AMD Radeon AI PRO R9700 (RADV GFX1201)
tick  386000 alive  1046062 genomes   50358 energy   198.1 births 45318544 deaths 45318493 (1812.3s) AMD Radeon AI PRO R9700 (RADV GFX1201)
tick  387000 alive  1046147 genomes   49226 energy   198.6 births 45150275 deaths 45150190 (1816.9s) AMD Radeon AI PRO R9700 (RADV GFX1201)
tick  388000 alive  1046056 genomes   50340 energy   197.6 births 45526786 deaths 45526877 (1821.7s) AMD Radeon AI PRO R9700 (RADV GFX1201)
tick  389000 alive  1046066 genomes   50676 energy   197.7 births 45598677 deaths 45598667 (1826.3s) AMD Radeon AI PRO R9700 (RADV GFX1201)
tick  390000 alive  1046005 genomes   50328 energy   197.7 births 45657940 deaths 45658001 (1831.0s) AMD Radeon AI PRO R9700 (RADV GFX1201)
tick  391000 alive  1046052 genomes   51210 energy   196.8 births 45936863 deaths 45936816 (1835.7s) AMD Radeon AI PRO R9700 (RADV GFX1201)
tick  392000 alive  1046103 genomes   51698 energy   197.1 births 46311697 deaths 46311646 (1840.4s) AMD Radeon AI PRO R9700 (RADV GFX1201)
tick  393000 alive  1046043 genomes   50964 energy   197.4 births 45891057 deaths 45891117 (1845.0s) AMD Radeon AI PRO R9700 (RADV GFX1201)
tick  394000 alive  1046057 genomes   51698 energy   197.0 births 45841320 deaths 45841306 (1849.7s) AMD Radeon AI PRO R9700 (RADV GFX1201)
tick  395000 alive  1046188 genomes   51909 energy   196.7 births 46313148 deaths 46313017 (1854.3s) AMD Radeon AI PRO R9700 (RADV GFX1201)
tick  396000 alive  1045998 genomes   50541 energy   197.6 births 45993587 deaths 45993777 (1859.1s) AMD Radeon AI PRO R9700 (RADV GFX1201)
tick  397000 alive  1046103 genomes   49790 energy   198.4 births 45505173 deaths 45505068 (1863.7s) AMD Radeon AI PRO R9700 (RADV GFX1201)
tick  398000 alive  1046082 genomes   49707 energy   198.1 births 45274002 deaths 45274023 (1868.4s) AMD Radeon AI PRO R9700 (RADV GFX1201)
tick  399000 alive  1046129 genomes   50086 energy   198.2 births 45453880 deaths 45453833 (1873.1s) AMD Radeon AI PRO R9700 (RADV GFX1201)
tick  400000 alive  1046117 genomes   49561 energy   198.1 births 45288706 deaths 45288718 (1877.8s) AMD Radeon AI PRO R9700 (RADV GFX1201)
tick  401000 alive  1046032 genomes   49113 energy   198.5 births 45070796 deaths 45070881 (1882.5s) AMD Radeon AI PRO R9700 (RADV GFX1201)
tick  402000 alive  1046109 genomes   49928 energy   198.0 births 45223362 deaths 45223285 (1887.2s) AMD Radeon AI PRO R9700 (RADV GFX1201)
tick  403000 alive  1046027 genomes   51151 energy   197.1 births 45825223 deaths 45825305 (1891.9s) AMD Radeon AI PRO R9700 (RADV GFX1201)
tick  404000 alive  1046059 genomes   50486 energy   197.5 births 46247850 deaths 46247818 (1896.6s) AMD Radeon AI PRO R9700 (RADV GFX1201)
tick  405000 alive  1046044 genomes   49868 energy   197.9 births 45816675 deaths 45816690 (1901.3s) AMD Radeon AI PRO R9700 (RADV GFX1201)
tick  406000 alive  1046131 genomes   50153 energy   197.7 births 45909976 deaths 45909889 (1905.9s) AMD Radeon AI PRO R9700 (RADV GFX1201)
tick  407000 alive  1046057 genomes   50092 energy   197.6 births 45499886 deaths 45499960 (1910.7s) AMD Radeon AI PRO R9700 (RADV GFX1201)
tick  408000 alive  1046011 genomes   49990 energy   197.4 births 45740929 deaths 45740975 (1915.4s) AMD Radeon AI PRO R9700 (RADV GFX1201)
tick  409000 alive  1046098 genomes   50409 energy   196.8 births 46157925 deaths 46157838 (1920.2s) AMD Radeon AI PRO R9700 (RADV GFX1201)
tick  410000 alive  1045999 genomes   51708 energy   196.4 births 46393953 deaths 46394052 (1924.9s) AMD Radeon AI PRO R9700 (RADV GFX1201)
tick  411000 alive  1046136 genomes   51681 energy   196.2 births 46765770 deaths 46765633 (1929.6s) AMD Radeon AI PRO R9700 (RADV GFX1201)
tick  412000 alive  1046031 genomes   50928 energy   196.9 births 46480692 deaths 46480797 (1934.3s) AMD Radeon AI PRO R9700 (RADV GFX1201)
tick  413000 alive  1045935 genomes   50549 energy   197.4 births 46171015 deaths 46171111 (1939.0s) AMD Radeon AI PRO R9700 (RADV GFX1201)
tick  414000 alive  1046067 genomes   50212 energy   197.0 births 46047504 deaths 46047372 (1943.7s) AMD Radeon AI PRO R9700 (RADV GFX1201)
tick  415000 alive  1046062 genomes   51082 energy   196.7 births 46128329 deaths 46128334 (1948.4s) AMD Radeon AI PRO R9700 (RADV GFX1201)
tick  416000 alive  1045982 genomes   50683 energy   197.0 births 46302146 deaths 46302226 (1953.2s) AMD Radeon AI PRO R9700 (RADV GFX1201)
tick  417000 alive  1046058 genomes   51050 energy   196.9 births 46374933 deaths 46374857 (1957.9s) AMD Radeon AI PRO R9700 (RADV GFX1201)
tick  418000 alive  1046122 genomes   49680 energy   197.6 births 46048961 deaths 46048897 (1962.5s) AMD Radeon AI PRO R9700 (RADV GFX1201)
tick  419000 alive  1046046 genomes   48906 energy   198.2 births 45580901 deaths 45580977 (1967.2s) AMD Radeon AI PRO R9700 (RADV GFX1201)
tick  420000 alive  1046057 genomes   48643 energy   198.3 births 45236092 deaths 45236081 (1971.9s) AMD Radeon AI PRO R9700 (RADV GFX1201)
tick  421000 alive  1046032 genomes   49375 energy   198.1 births 45234832 deaths 45234857 (1976.5s) AMD Radeon AI PRO R9700 (RADV GFX1201)
tick  422000 alive  1046039 genomes   49546 energy   197.6 births 45663341 deaths 45663334 (1981.2s) AMD Radeon AI PRO R9700 (RADV GFX1201)
tick  423000 alive  1046113 genomes   49845 energy   197.4 births 45624448 deaths 45624374 (1985.9s) AMD Radeon AI PRO R9700 (RADV GFX1201)
tick  424000 alive  1046038 genomes   49270 energy   197.8 births 45557654 deaths 45557729 (1990.6s) AMD Radeon AI PRO R9700 (RADV GFX1201)
tick  425000 alive  1046123 genomes   48337 energy   198.2 births 45399821 deaths 45399736 (1995.3s) AMD Radeon AI PRO R9700 (RADV GFX1201)
tick  426000 alive  1046097 genomes   49188 energy   197.8 births 45441150 deaths 45441176 (2000.0s) AMD Radeon AI PRO R9700 (RADV GFX1201)
tick  427000 alive  1046048 genomes   49667 energy   197.2 births 45810671 deaths 45810720 (2004.6s) AMD Radeon AI PRO R9700 (RADV GFX1201)
tick  428000 alive  1046041 genomes   49798 energy   197.0 births 45717473 deaths 45717480 (2009.3s) AMD Radeon AI PRO R9700 (RADV GFX1201)
tick  429000 alive  1046099 genomes   49480 energy   197.2 births 46051180 deaths 46051122 (2014.0s) AMD Radeon AI PRO R9700 (RADV GFX1201)
tick  430000 alive  1046057 genomes   48591 energy   197.8 births 45816533 deaths 45816575 (2018.7s) AMD Radeon AI PRO R9700 (RADV GFX1201)
tick  431000 alive  1046119 genomes   48945 energy   197.9 births 45554340 deaths 45554278 (2023.4s) AMD Radeon AI PRO R9700 (RADV GFX1201)
tick  432000 alive  1046127 genomes   48937 energy   197.4 births 45771137 deaths 45771129 (2028.1s) AMD Radeon AI PRO R9700 (RADV GFX1201)
tick  433000 alive  1046063 genomes   49184 energy   197.2 births 46116464 deaths 46116528 (2032.7s) AMD Radeon AI PRO R9700 (RADV GFX1201)
tick  434000 alive  1046207 genomes   48770 energy   196.8 births 45844868 deaths 45844724 (2037.4s) AMD Radeon AI PRO R9700 (RADV GFX1201)
tick  435000 alive  1046086 genomes   49085 energy   196.7 births 46321608 deaths 46321729 (2042.1s) AMD Radeon AI PRO R9700 (RADV GFX1201)
tick  436000 alive  1046049 genomes   49035 energy   197.1 births 46501232 deaths 46501269 (2046.8s) AMD Radeon AI PRO R9700 (RADV GFX1201)
tick  437000 alive  1045981 genomes   48768 energy   197.3 births 46176207 deaths 46176275 (2051.5s) AMD Radeon AI PRO R9700 (RADV GFX1201)
tick  438000 alive  1046092 genomes   48534 energy   197.3 births 45894906 deaths 45894795 (2056.2s) AMD Radeon AI PRO R9700 (RADV GFX1201)
tick  439000 alive  1046011 genomes   47945 energy   197.6 births 45954680 deaths 45954761 (2060.9s) AMD Radeon AI PRO R9700 (RADV GFX1201)
tick  440000 alive  1046074 genomes   47853 energy   197.9 births 45513806 deaths 45513743 (2065.6s) AMD Radeon AI PRO R9700 (RADV GFX1201)
tick  441000 alive  1046081 genomes   48169 energy   197.7 births 45697513 deaths 45697506 (2070.2s) AMD Radeon AI PRO R9700 (RADV GFX1201)
tick  442000 alive  1046053 genomes   49528 energy   196.8 births 46189022 deaths 46189050 (2074.9s) AMD Radeon AI PRO R9700 (RADV GFX1201)
tick  443000 alive  1046053 genomes   48716 energy   197.1 births 46445716 deaths 46445716 (2079.6s) AMD Radeon AI PRO R9700 (RADV GFX1201)
tick  444000 alive  1046079 genomes   48620 energy   197.4 births 45841386 deaths 45841360 (2084.3s) AMD Radeon AI PRO R9700 (RADV GFX1201)
tick  445000 alive  1046065 genomes   48524 energy   197.7 births 45880757 deaths 45880771 (2089.0s) AMD Radeon AI PRO R9700 (RADV GFX1201)
tick  446000 alive  1046027 genomes   48764 energy   197.4 births 46079748 deaths 46079786 (2093.7s) AMD Radeon AI PRO R9700 (RADV GFX1201)
tick  447000 alive  1046029 genomes   48001 energy   197.6 births 46155780 deaths 46155778 (2098.4s) AMD Radeon AI PRO R9700 (RADV GFX1201)
tick  448000 alive  1046058 genomes   48050 energy   197.6 births 45733044 deaths 45733015 (2103.1s) AMD Radeon AI PRO R9700 (RADV GFX1201)
tick  449000 alive  1046026 genomes   50277 energy   196.3 births 46204087 deaths 46204119 (2107.8s) AMD Radeon AI PRO R9700 (RADV GFX1201)
tick  450000 alive  1046078 genomes   49361 energy   197.1 births 46512279 deaths 46512227 (2112.5s) AMD Radeon AI PRO R9700 (RADV GFX1201)
tick  451000 alive  1045964 genomes   48201 energy   197.6 births 46269734 deaths 46269848 (2117.2s) AMD Radeon AI PRO R9700 (RADV GFX1201)
tick  452000 alive  1046106 genomes   49338 energy   197.0 births 46005320 deaths 46005178 (2121.9s) AMD Radeon AI PRO R9700 (RADV GFX1201)
tick  453000 alive  1046023 genomes   48992 energy   197.4 births 46029974 deaths 46030057 (2126.6s) AMD Radeon AI PRO R9700 (RADV GFX1201)
tick  454000 alive  1046025 genomes   49033 energy   196.7 births 46050101 deaths 46050099 (2131.3s) AMD Radeon AI PRO R9700 (RADV GFX1201)
tick  455000 alive  1046103 genomes   48935 energy   197.4 births 46305692 deaths 46305614 (2136.0s) AMD Radeon AI PRO R9700 (RADV GFX1201)
tick  456000 alive  1046075 genomes   48714 energy   197.3 births 46140800 deaths 46140828 (2140.7s) AMD Radeon AI PRO R9700 (RADV GFX1201)
tick  457000 alive  1046110 genomes   49042 energy   197.0 births 46181227 deaths 46181192 (2145.4s) AMD Radeon AI PRO R9700 (RADV GFX1201)
tick  458000 alive  1046086 genomes   49923 energy   196.7 births 46048099 deaths 46048123 (2150.1s) AMD Radeon AI PRO R9700 (RADV GFX1201)
tick  459000 alive  1046084 genomes   49176 energy   196.9 births 46415266 deaths 46415268 (2154.8s) AMD Radeon AI PRO R9700 (RADV GFX1201)
tick  460000 alive  1046019 genomes   49085 energy   197.2 births 46070191 deaths 46070256 (2159.5s) AMD Radeon AI PRO R9700 (RADV GFX1201)
tick  461000 alive  1046061 genomes   48587 energy   197.4 births 45891148 deaths 45891106 (2164.2s) AMD Radeon AI PRO R9700 (RADV GFX1201)
tick  462000 alive  1045955 genomes   49726 energy   196.8 births 46359414 deaths 46359520 (2168.9s) AMD Radeon AI PRO R9700 (RADV GFX1201)
tick  463000 alive  1046094 genomes   49583 energy   196.5 births 46388981 deaths 46388842 (2173.6s) AMD Radeon AI PRO R9700 (RADV GFX1201)
tick  464000 alive  1045973 genomes   50391 energy   196.5 births 46641443 deaths 46641564 (2178.3s) AMD Radeon AI PRO R9700 (RADV GFX1201)
tick  465000 alive  1046037 genomes   49595 energy   196.8 births 46371387 deaths 46371323 (2183.0s) AMD Radeon AI PRO R9700 (RADV GFX1201)
tick  466000 alive  1046091 genomes   49160 energy   197.2 births 46227988 deaths 46227934 (2187.7s) AMD Radeon AI PRO R9700 (RADV GFX1201)
tick  467000 alive  1046051 genomes   48739 energy   197.0 births 45953913 deaths 45953953 (2192.4s) AMD Radeon AI PRO R9700 (RADV GFX1201)
tick  468000 alive  1046068 genomes   48740 energy   197.0 births 46252005 deaths 46251988 (2197.1s) AMD Radeon AI PRO R9700 (RADV GFX1201)
tick  469000 alive  1046017 genomes   49023 energy   196.6 births 46374486 deaths 46374537 (2201.8s) AMD Radeon AI PRO R9700 (RADV GFX1201)
tick  470000 alive  1046117 genomes   49067 energy   196.5 births 46485812 deaths 46485712 (2206.5s) AMD Radeon AI PRO R9700 (RADV GFX1201)
tick  471000 alive  1046022 genomes   48107 energy   197.3 births 46320214 deaths 46320309 (2211.2s) AMD Radeon AI PRO R9700 (RADV GFX1201)
tick  472000 alive  1045980 genomes   47453 energy   197.3 births 45952330 deaths 45952372 (2215.8s) AMD Radeon AI PRO R9700 (RADV GFX1201)
tick  473000 alive  1046034 genomes   48297 energy   197.3 births 45842851 deaths 45842797 (2220.5s) AMD Radeon AI PRO R9700 (RADV GFX1201)
tick  474000 alive  1045985 genomes   47974 energy   197.1 births 45971040 deaths 45971089 (2225.2s) AMD Radeon AI PRO R9700 (RADV GFX1201)
tick  475000 alive  1046105 genomes   50142 energy   195.7 births 46768457 deaths 46768337 (2229.8s) AMD Radeon AI PRO R9700 (RADV GFX1201)
tick  476000 alive  1046038 genomes   50607 energy   195.6 births 47324801 deaths 47324868 (2234.5s) AMD Radeon AI PRO R9700 (RADV GFX1201)
tick  477000 alive  1046025 genomes   50009 energy   195.8 births 47145917 deaths 47145930 (2239.2s) AMD Radeon AI PRO R9700 (RADV GFX1201)
tick  478000 alive  1046032 genomes   50092 energy   195.9 births 47250516 deaths 47250509 (2243.9s) AMD Radeon AI PRO R9700 (RADV GFX1201)
tick  479000 alive  1046088 genomes   49241 energy   196.5 births 47033404 deaths 47033348 (2248.6s) AMD Radeon AI PRO R9700 (RADV GFX1201)
tick  480000 alive  1046068 genomes   48894 energy   196.6 births 46482034 deaths 46482054 (2253.3s) AMD Radeon AI PRO R9700 (RADV GFX1201)
tick  481000 alive  1046017 genomes   48521 energy   197.0 births 46334925 deaths 46334976 (2258.0s) AMD Radeon AI PRO R9700 (RADV GFX1201)
tick  482000 alive  1046041 genomes   48521 energy   196.7 births 46335322 deaths 46335298 (2262.7s) AMD Radeon AI PRO R9700 (RADV GFX1201)
tick  483000 alive  1046017 genomes   47943 energy   197.3 births 46104427 deaths 46104451 (2267.4s) AMD Radeon AI PRO R9700 (RADV GFX1201)
tick  484000 alive  1046098 genomes   49436 energy   196.7 births 46331831 deaths 46331750 (2272.1s) AMD Radeon AI PRO R9700 (RADV GFX1201)
tick  485000 alive  1046036 genomes   50139 energy   196.2 births 46762383 deaths 46762445 (2276.8s) AMD Radeon AI PRO R9700 (RADV GFX1201)
tick  486000 alive  1046073 genomes   50245 energy   195.7 births 47242686 deaths 47242649 (2281.5s) AMD Radeon AI PRO R9700 (RADV GFX1201)
tick  487000 alive  1046074 genomes   50700 energy   195.5 births 47434544 deaths 47434543 (2286.1s) AMD Radeon AI PRO R9700 (RADV GFX1201)
tick  488000 alive  1046038 genomes   49457 energy   195.7 births 47175417 deaths 47175453 (2290.8s) AMD Radeon AI PRO R9700 (RADV GFX1201)
tick  489000 alive  1046037 genomes   50721 energy   195.3 births 47318353 deaths 47318354 (2295.6s) AMD Radeon AI PRO R9700 (RADV GFX1201)
tick  490000 alive  1046036 genomes   49823 energy   195.9 births 47579066 deaths 47579067 (2300.3s) AMD Radeon AI PRO R9700 (RADV GFX1201)
tick  491000 alive  1046062 genomes   48938 energy   196.6 births 47050119 deaths 47050093 (2304.9s) AMD Radeon AI PRO R9700 (RADV GFX1201)
tick  492000 alive  1046017 genomes   48798 energy   196.4 births 46851764 deaths 46851809 (2309.6s) AMD Radeon AI PRO R9700 (RADV GFX1201)
tick  493000 alive  1046003 genomes   49460 energy   195.9 births 47192687 deaths 47192701 (2314.3s) AMD Radeon AI PRO R9700 (RADV GFX1201)
tick  494000 alive  1046103 genomes   48021 energy   196.6 births 46937777 deaths 46937677 (2319.0s) AMD Radeon AI PRO R9700 (RADV GFX1201)
tick  495000 alive  1045994 genomes   47885 energy   197.0 births 46325551 deaths 46325660 (2323.6s) AMD Radeon AI PRO R9700 (RADV GFX1201)
tick  496000 alive  1046039 genomes   48911 energy   196.3 births 46401359 deaths 46401314 (2328.3s) AMD Radeon AI PRO R9700 (RADV GFX1201)
tick  497000 alive  1045990 genomes   48177 energy   197.0 births 46622826 deaths 46622875 (2333.0s) AMD Radeon AI PRO R9700 (RADV GFX1201)
tick  498000 alive  1046075 genomes   48739 energy   196.3 births 46315140 deaths 46315055 (2337.7s) AMD Radeon AI PRO R9700 (RADV GFX1201)
tick  499000 alive  1046059 genomes   49696 energy   195.6 births 47074812 deaths 47074828 (2342.3s) AMD Radeon AI PRO R9700 (RADV GFX1201)
tick  500000 alive  1046074 genomes   50020 energy   195.6 births 47333426 deaths 47333411 (2347.1s) AMD Radeon AI PRO R9700 (RADV GFX1201)
tick  501000 alive  1045977 genomes   49986 energy   195.7 births 47170638 deaths 47170735 (2351.7s) AMD Radeon AI PRO R9700 (RADV GFX1201)
tick  502000 alive  1046083 genomes   48853 energy   196.3 births 46939036 deaths 46938930 (2356.4s) AMD Radeon AI PRO R9700 (RADV GFX1201)
tick  503000 alive  1046007 genomes   48604 energy   196.3 births 46664845 deaths 46664921 (2361.1s) AMD Radeon AI PRO R9700 (RADV GFX1201)
tick  504000 alive  1046074 genomes   49878 energy   195.3 births 47205316 deaths 47205249 (2365.8s) AMD Radeon AI PRO R9700 (RADV GFX1201)
tick  505000 alive  1046100 genomes   49175 energy   196.2 births 47116725 deaths 47116699 (2370.5s) AMD Radeon AI PRO R9700 (RADV GFX1201)
tick  506000 alive  1046087 genomes   49271 energy   196.2 births 47123208 deaths 47123221 (2375.2s) AMD Radeon AI PRO R9700 (RADV GFX1201)
tick  507000 alive  1046008 genomes   49063 energy   196.2 births 46886710 deaths 46886789 (2379.8s) AMD Radeon AI PRO R9700 (RADV GFX1201)
tick  508000 alive  1046044 genomes   48535 energy   196.5 births 46629976 deaths 46629940 (2384.5s) AMD Radeon AI PRO R9700 (RADV GFX1201)
tick  509000 alive  1045975 genomes   48665 energy   196.3 births 46583184 deaths 46583253 (2389.2s) AMD Radeon AI PRO R9700 (RADV GFX1201)
tick  510000 alive  1046100 genomes   48987 energy   195.8 births 47121110 deaths 47120985 (2394.0s) AMD Radeon AI PRO R9700 (RADV GFX1201)
tick  511000 alive  1046074 genomes   48176 energy   196.5 births 46854497 deaths 46854523 (2398.6s) AMD Radeon AI PRO R9700 (RADV GFX1201)
tick  512000 alive  1046059 genomes   48498 energy   196.1 births 46909902 deaths 46909917 (2403.3s) AMD Radeon AI PRO R9700 (RADV GFX1201)
tick  513000 alive  1046061 genomes   49211 energy   196.1 births 47197690 deaths 47197688 (2408.0s) AMD Radeon AI PRO R9700 (RADV GFX1201)
tick  514000 alive  1046066 genomes   48006 energy   196.8 births 46764156 deaths 46764151 (2412.8s) AMD Radeon AI PRO R9700 (RADV GFX1201)
tick  515000 alive  1046137 genomes   48449 energy   196.5 births 46871172 deaths 46871101 (2417.4s) AMD Radeon AI PRO R9700 (RADV GFX1201)
tick  516000 alive  1045987 genomes   49809 energy   195.5 births 46979914 deaths 46980064 (2422.1s) AMD Radeon AI PRO R9700 (RADV GFX1201)
tick  517000 alive  1046074 genomes   48944 energy   195.9 births 47356649 deaths 47356562 (2426.8s) AMD Radeon AI PRO R9700 (RADV GFX1201)
tick  518000 alive  1046092 genomes   48764 energy   195.9 births 46834553 deaths 46834535 (2431.5s) AMD Radeon AI PRO R9700 (RADV GFX1201)
tick  519000 alive  1046050 genomes   49437 energy   195.6 births 47135412 deaths 47135454 (2436.2s) AMD Radeon AI PRO R9700 (RADV GFX1201)
tick  520000 alive  1046052 genomes   49460 energy   195.7 births 47293248 deaths 47293246 (2440.9s) AMD Radeon AI PRO R9700 (RADV GFX1201)
tick  521000 alive  1046061 genomes   49333 energy   196.0 births 47498914 deaths 47498905 (2445.6s) AMD Radeon AI PRO R9700 (RADV GFX1201)
tick  522000 alive  1046081 genomes   49712 energy   195.5 births 47344463 deaths 47344443 (2450.3s) AMD Radeon AI PRO R9700 (RADV GFX1201)
tick  523000 alive  1046054 genomes   49725 energy   195.5 births 47490734 deaths 47490761 (2454.9s) AMD Radeon AI PRO R9700 (RADV GFX1201)
tick  524000 alive  1045993 genomes   48821 energy   195.8 births 47282998 deaths 47283059 (2459.7s) AMD Radeon AI PRO R9700 (RADV GFX1201)
tick  525000 alive  1046029 genomes   49840 energy   195.1 births 47639844 deaths 47639808 (2464.4s) AMD Radeon AI PRO R9700 (RADV GFX1201)
tick  526000 alive  1046133 genomes   49370 energy   195.8 births 47884129 deaths 47884025 (2469.1s) AMD Radeon AI PRO R9700 (RADV GFX1201)
tick  527000 alive  1046110 genomes   48652 energy   195.9 births 47226892 deaths 47226915 (2473.7s) AMD Radeon AI PRO R9700 (RADV GFX1201)
tick  528000 alive  1046093 genomes   48900 energy   195.9 births 47186252 deaths 47186269 (2478.4s) AMD Radeon AI PRO R9700 (RADV GFX1201)
tick  529000 alive  1046068 genomes   49136 energy   195.9 births 47288472 deaths 47288497 (2483.1s) AMD Radeon AI PRO R9700 (RADV GFX1201)
tick  530000 alive  1046045 genomes   48793 energy   195.9 births 47085146 deaths 47085169 (2487.8s) AMD Radeon AI PRO R9700 (RADV GFX1201)
tick  531000 alive  1046018 genomes   49254 energy   196.0 births 47270435 deaths 47270462 (2492.5s) AMD Radeon AI PRO R9700 (RADV GFX1201)
tick  532000 alive  1045952 genomes   50408 energy   194.8 births 47691703 deaths 47691769 (2497.2s) AMD Radeon AI PRO R9700 (RADV GFX1201)
tick  533000 alive  1046081 genomes   49511 energy   195.2 births 47721024 deaths 47720895 (2501.9s) AMD Radeon AI PRO R9700 (RADV GFX1201)
tick  534000 alive  1046061 genomes   49467 energy   195.2 births 47625083 deaths 47625103 (2506.6s) AMD Radeon AI PRO R9700 (RADV GFX1201)
tick  535000 alive  1046019 genomes   48598 energy   195.8 births 47428281 deaths 47428323 (2511.3s) AMD Radeon AI PRO R9700 (RADV GFX1201)
tick  536000 alive  1046061 genomes   48320 energy   196.3 births 47246582 deaths 47246540 (2516.0s) AMD Radeon AI PRO R9700 (RADV GFX1201)
tick  537000 alive  1046124 genomes   46975 energy   196.9 births 46691880 deaths 46691817 (2520.7s) AMD Radeon AI PRO R9700 (RADV GFX1201)
tick  538000 alive  1046107 genomes   47196 energy   196.4 births 46254547 deaths 46254564 (2525.4s) AMD Radeon AI PRO R9700 (RADV GFX1201)
tick  539000 alive  1046065 genomes   48082 energy   196.4 births 46647401 deaths 46647443 (2530.1s) AMD Radeon AI PRO R9700 (RADV GFX1201)
tick  540000 alive  1046030 genomes   48244 energy   196.1 births 46983426 deaths 46983461 (2535.0s) AMD Radeon AI PRO R9700 (RADV GFX1201)
tick  541000 alive  1046047 genomes   49461 energy   195.5 births 47359451 deaths 47359434 (2539.7s) AMD Radeon AI PRO R9700 (RADV GFX1201)
tick  542000 alive  1046058 genomes   49106 energy   195.7 births 47358520 deaths 47358509 (2544.4s) AMD Radeon AI PRO R9700 (RADV GFX1201)
tick  543000 alive  1046055 genomes   49658 energy   195.6 births 47544030 deaths 47544033 (2549.0s) AMD Radeon AI PRO R9700 (RADV GFX1201)
tick  544000 alive  1046022 genomes   49628 energy   195.2 births 47358947 deaths 47358980 (2553.7s) AMD Radeon AI PRO R9700 (RADV GFX1201)
tick  545000 alive  1046043 genomes   49720 energy   194.9 births 47908073 deaths 47908052 (2558.4s) AMD Radeon AI PRO R9700 (RADV GFX1201)
tick  546000 alive  1046079 genomes   49672 energy   195.3 births 47689807 deaths 47689771 (2563.1s) AMD Radeon AI PRO R9700 (RADV GFX1201)
tick  547000 alive  1045985 genomes   49279 energy   195.7 births 47568395 deaths 47568489 (2567.8s) AMD Radeon AI PRO R9700 (RADV GFX1201)
tick  548000 alive  1046025 genomes   49594 energy   196.1 births 47336994 deaths 47336954 (2572.5s) AMD Radeon AI PRO R9700 (RADV GFX1201)
tick  549000 alive  1046107 genomes   49185 energy   195.7 births 47212624 deaths 47212542 (2577.2s) AMD Radeon AI PRO R9700 (RADV GFX1201)
tick  550000 alive  1046081 genomes   49438 energy   195.9 births 47110987 deaths 47111013 (2581.9s) AMD Radeon AI PRO R9700 (RADV GFX1201)
tick  551000 alive  1046048 genomes   48621 energy   196.5 births 46735261 deaths 46735294 (2586.5s) AMD Radeon AI PRO R9700 (RADV GFX1201)
tick  552000 alive  1046057 genomes   48201 energy   196.4 births 46575689 deaths 46575680 (2591.2s) AMD Radeon AI PRO R9700 (RADV GFX1201)
tick  553000 alive  1046088 genomes   48648 energy   196.1 births 46680220 deaths 46680189 (2595.9s) AMD Radeon AI PRO R9700 (RADV GFX1201)
tick  554000 alive  1046023 genomes   49682 energy   195.5 births 47257794 deaths 47257859 (2600.6s) AMD Radeon AI PRO R9700 (RADV GFX1201)
tick  555000 alive  1046190 genomes   49316 energy   195.1 births 47740336 deaths 47740169 (2605.2s) AMD Radeon AI PRO R9700 (RADV GFX1201)
tick  556000 alive  1046031 genomes   48845 energy   195.4 births 47391448 deaths 47391607 (2609.9s) AMD Radeon AI PRO R9700 (RADV GFX1201)
tick  557000 alive  1046094 genomes   47983 energy   196.0 births 47292738 deaths 47292675 (2614.5s) AMD Radeon AI PRO R9700 (RADV GFX1201)
tick  558000 alive  1045986 genomes   48011 energy   195.9 births 47248429 deaths 47248537 (2619.2s) AMD Radeon AI PRO R9700 (RADV GFX1201)
tick  559000 alive  1046084 genomes   47827 energy   196.2 births 47007317 deaths 47007219 (2623.8s) AMD Radeon AI PRO R9700 (RADV GFX1201)
tick  560000 alive  1046036 genomes   47743 energy   196.1 births 46975646 deaths 46975694 (2628.6s) AMD Radeon AI PRO R9700 (RADV GFX1201)
tick  561000 alive  1046000 genomes   48324 energy   195.7 births 47028341 deaths 47028377 (2633.2s) AMD Radeon AI PRO R9700 (RADV GFX1201)
tick  562000 alive  1046024 genomes   48709 energy   196.0 births 47248879 deaths 47248855 (2637.9s) AMD Radeon AI PRO R9700 (RADV GFX1201)
tick  563000 alive  1046036 genomes   47258 energy   196.6 births 46762131 deaths 46762119 (2642.5s) AMD Radeon AI PRO R9700 (RADV GFX1201)
tick  564000 alive  1046002 genomes   47236 energy   196.2 births 46839696 deaths 46839730 (2647.4s) AMD Radeon AI PRO R9700 (RADV GFX1201)
tick  565000 alive  1046032 genomes   47378 energy   196.4 births 46835341 deaths 46835311 (2652.0s) AMD Radeon AI PRO R9700 (RADV GFX1201)
tick  566000 alive  1046112 genomes   47934 energy   195.9 births 46893457 deaths 46893377 (2656.7s) AMD Radeon AI PRO R9700 (RADV GFX1201)
tick  567000 alive  1046089 genomes   47880 energy   195.9 births 47022122 deaths 47022145 (2661.4s) AMD Radeon AI PRO R9700 (RADV GFX1201)
tick  568000 alive  1045955 genomes   47761 energy   195.7 births 46996214 deaths 46996348 (2666.1s) AMD Radeon AI PRO R9700 (RADV GFX1201)
tick  569000 alive  1045970 genomes   48291 energy   195.9 births 47222313 deaths 47222298 (2670.7s) AMD Radeon AI PRO R9700 (RADV GFX1201)
tick  570000 alive  1046034 genomes   47037 energy   196.4 births 47189562 deaths 47189498 (2675.4s) AMD Radeon AI PRO R9700 (RADV GFX1201)
tick  571000 alive  1045986 genomes   47539 energy   196.4 births 46851395 deaths 46851443 (2680.1s) AMD Radeon AI PRO R9700 (RADV GFX1201)
tick  572000 alive  1046029 genomes   49591 energy   195.1 births 47701769 deaths 47701726 (2684.8s) AMD Radeon AI PRO R9700 (RADV GFX1201)
tick  573000 alive  1045961 genomes   49272 energy   194.8 births 48273121 deaths 48273189 (2689.4s) AMD Radeon AI PRO R9700 (RADV GFX1201)
tick  574000 alive  1046075 genomes   47755 energy   196.1 births 47618739 deaths 47618625 (2694.1s) AMD Radeon AI PRO R9700 (RADV GFX1201)
tick  575000 alive  1046019 genomes   47674 energy   196.0 births 47232553 deaths 47232609 (2698.7s) AMD Radeon AI PRO R9700 (RADV GFX1201)
tick  576000 alive  1046028 genomes   48188 energy   195.8 births 47050269 deaths 47050260 (2703.4s) AMD Radeon AI PRO R9700 (RADV GFX1201)
tick  577000 alive  1046068 genomes   47886 energy   195.8 births 47406253 deaths 47406213 (2708.0s) AMD Radeon AI PRO R9700 (RADV GFX1201)
tick  578000 alive  1046030 genomes   48021 energy   195.6 births 47373991 deaths 47374029 (2712.7s) AMD Radeon AI PRO R9700 (RADV GFX1201)
tick  579000 alive  1046011 genomes   47370 energy   196.0 births 47238803 deaths 47238822 (2717.4s) AMD Radeon AI PRO R9700 (RADV GFX1201)
tick  580000 alive  1046120 genomes   49615 energy   194.6 births 47628669 deaths 47628560 (2722.1s) AMD Radeon AI PRO R9700 (RADV GFX1201)
tick  581000 alive  1046069 genomes   49061 energy   194.8 births 47724037 deaths 47724088 (2726.7s) AMD Radeon AI PRO R9700 (RADV GFX1201)
tick  582000 alive  1046084 genomes   48750 energy   195.4 births 47534877 deaths 47534862 (2731.5s) AMD Radeon AI PRO R9700 (RADV GFX1201)
tick  583000 alive  1046070 genomes   49292 energy   194.6 births 47715090 deaths 47715104 (2736.1s) AMD Radeon AI PRO R9700 (RADV GFX1201)
tick  584000 alive  1046019 genomes   47951 energy   195.6 births 47773792 deaths 47773843 (2740.8s) AMD Radeon AI PRO R9700 (RADV GFX1201)
tick  585000 alive  1045966 genomes   48180 energy   195.2 births 47476757 deaths 47476810 (2745.5s) AMD Radeon AI PRO R9700 (RADV GFX1201)
tick  586000 alive  1046002 genomes   48004 energy   195.7 births 47498919 deaths 47498883 (2750.2s) AMD Radeon AI PRO R9700 (RADV GFX1201)
tick  587000 alive  1045968 genomes   47806 energy   195.9 births 47145900 deaths 47145934 (2754.8s) AMD Radeon AI PRO R9700 (RADV GFX1201)
tick  588000 alive  1045951 genomes   47720 energy   196.0 births 47335882 deaths 47335899 (2759.5s) AMD Radeon AI PRO R9700 (RADV GFX1201)
tick  589000 alive  1045967 genomes   48471 energy   195.1 births 47334443 deaths 47334427 (2764.2s) AMD Radeon AI PRO R9700 (RADV GFX1201)
tick  590000 alive  1045977 genomes   47698 energy   195.9 births 47461575 deaths 47461565 (2768.9s) AMD Radeon AI PRO R9700 (RADV GFX1201)
tick  591000 alive  1045986 genomes   47370 energy   195.8 births 47054664 deaths 47054655 (2773.5s) AMD Radeon AI PRO R9700 (RADV GFX1201)
tick  592000 alive  1046081 genomes   47520 energy   196.1 births 47108246 deaths 47108151 (2778.3s) AMD Radeon AI PRO R9700 (RADV GFX1201)
tick  593000 alive  1046065 genomes   48632 energy   195.3 births 47543361 deaths 47543377 (2782.9s) AMD Radeon AI PRO R9700 (RADV GFX1201)
tick  594000 alive  1046141 genomes   48404 energy   195.4 births 47655432 deaths 47655356 (2787.6s) AMD Radeon AI PRO R9700 (RADV GFX1201)
tick  595000 alive  1046040 genomes   47863 energy   195.8 births 47519209 deaths 47519310 (2792.3s) AMD Radeon AI PRO R9700 (RADV GFX1201)
tick  596000 alive  1045959 genomes   47856 energy   195.5 births 47399219 deaths 47399300 (2797.0s) AMD Radeon AI PRO R9700 (RADV GFX1201)
tick  597000 alive  1046000 genomes   47687 energy   195.7 births 47398486 deaths 47398445 (2801.7s) AMD Radeon AI PRO R9700 (RADV GFX1201)
tick  598000 alive  1046082 genomes   48336 energy   194.8 births 47679148 deaths 47679066 (2806.4s) AMD Radeon AI PRO R9700 (RADV GFX1201)
tick  599000 alive  1046032 genomes   49532 energy   194.7 births 48056562 deaths 48056612 (2811.1s) AMD Radeon AI PRO R9700 (RADV GFX1201)
tick  600000 alive  1046063 genomes   47988 energy   195.5 births 47694963 deaths 47694932 (2815.8s) AMD Radeon AI PRO R9700 (RADV GFX1201)
tick  601000 alive  1046050 genomes   48315 energy   195.1 births 47544629 deaths 47544642 (2820.4s) AMD Radeon AI PRO R9700 (RADV GFX1201)
tick  602000 alive  1045980 genomes   48159 energy   195.7 births 47592034 deaths 47592104 (2825.2s) AMD Radeon AI PRO R9700 (RADV GFX1201)
tick  603000 alive  1046015 genomes   48996 energy   194.7 births 47726064 deaths 47726029 (2829.9s) AMD Radeon AI PRO R9700 (RADV GFX1201)
tick  604000 alive  1046075 genomes   48615 energy   194.8 births 47927452 deaths 47927392 (2834.6s) AMD Radeon AI PRO R9700 (RADV GFX1201)
tick  605000 alive  1046015 genomes   48498 energy   195.4 births 47844751 deaths 47844811 (2839.3s) AMD Radeon AI PRO R9700 (RADV GFX1201)
tick  606000 alive  1046051 genomes   48617 energy   194.9 births 47914786 deaths 47914750 (2844.0s) AMD Radeon AI PRO R9700 (RADV GFX1201)
tick  607000 alive  1046128 genomes   49329 energy   194.7 births 48090384 deaths 48090307 (2848.7s) AMD Radeon AI PRO R9700 (RADV GFX1201)
tick  608000 alive  1046057 genomes   48982 energy   195.2 births 48175755 deaths 48175826 (2853.4s) AMD Radeon AI PRO R9700 (RADV GFX1201)
tick  609000 alive  1046011 genomes   48999 energy   195.0 births 47897682 deaths 47897728 (2858.1s) AMD Radeon AI PRO R9700 (RADV GFX1201)
tick  610000 alive  1046112 genomes   47279 energy   195.8 births 47647941 deaths 47647840 (2862.9s) AMD Radeon AI PRO R9700 (RADV GFX1201)
tick  611000 alive  1046048 genomes   46799 energy   196.0 births 47319179 deaths 47319243 (2867.5s) AMD Radeon AI PRO R9700 (RADV GFX1201)
tick  612000 alive  1046012 genomes   47700 energy   195.7 births 47269040 deaths 47269076 (2872.2s) AMD Radeon AI PRO R9700 (RADV GFX1201)
tick  613000 alive  1046012 genomes   48698 energy   194.6 births 47542822 deaths 47542822 (2876.9s) AMD Radeon AI PRO R9700 (RADV GFX1201)
tick  614000 alive  1046049 genomes   49057 energy   194.6 births 48082179 deaths 48082142 (2881.6s) AMD Radeon AI PRO R9700 (RADV GFX1201)
tick  615000 alive  1046026 genomes   48744 energy   194.9 births 48048401 deaths 48048424 (2886.2s) AMD Radeon AI PRO R9700 (RADV GFX1201)
tick  616000 alive  1045985 genomes   48501 energy   194.8 births 47798877 deaths 47798918 (2891.0s) AMD Radeon AI PRO R9700 (RADV GFX1201)
tick  617000 alive  1046046 genomes   49064 energy   194.7 births 48038781 deaths 48038720 (2895.7s) AMD Radeon AI PRO R9700 (RADV GFX1201)
tick  618000 alive  1046054 genomes   49696 energy   194.9 births 48331589 deaths 48331581 (2900.4s) AMD Radeon AI PRO R9700 (RADV GFX1201)
tick  619000 alive  1045952 genomes   49577 energy   194.5 births 48437484 deaths 48437586 (2905.0s) AMD Radeon AI PRO R9700 (RADV GFX1201)
tick  620000 alive  1046047 genomes   49264 energy   194.5 births 48255374 deaths 48255279 (2909.7s) AMD Radeon AI PRO R9700 (RADV GFX1201)
tick  621000 alive  1046053 genomes   48837 energy   194.8 births 48320326 deaths 48320320 (2914.4s) AMD Radeon AI PRO R9700 (RADV GFX1201)
tick  622000 alive  1046075 genomes   48730 energy   195.1 births 47839327 deaths 47839305 (2919.1s) AMD Radeon AI PRO R9700 (RADV GFX1201)
tick  623000 alive  1046009 genomes   48382 energy   195.7 births 47535568 deaths 47535634 (2923.7s) AMD Radeon AI PRO R9700 (RADV GFX1201)
tick  624000 alive  1046045 genomes   48531 energy   195.6 births 47375362 deaths 47375326 (2928.4s) AMD Radeon AI PRO R9700 (RADV GFX1201)
tick  625000 alive  1046045 genomes   47759 energy   196.2 births 47194063 deaths 47194063 (2933.1s) AMD Radeon AI PRO R9700 (RADV GFX1201)
tick  626000 alive  1046039 genomes   48066 energy   195.7 births 47075706 deaths 47075712 (2937.8s) AMD Radeon AI PRO R9700 (RADV GFX1201)
tick  627000 alive  1045995 genomes   50331 energy   194.5 births 47639479 deaths 47639523 (2942.4s) AMD Radeon AI PRO R9700 (RADV GFX1201)
tick  628000 alive  1046050 genomes   49324 energy   195.2 births 48147944 deaths 48147889 (2947.1s) AMD Radeon AI PRO R9700 (RADV GFX1201)
tick  629000 alive  1045988 genomes   48434 energy   195.7 births 47769824 deaths 47769886 (2951.8s) AMD Radeon AI PRO R9700 (RADV GFX1201)
tick  630000 alive  1046088 genomes   48550 energy   195.3 births 47503800 deaths 47503700 (2956.5s) AMD Radeon AI PRO R9700 (RADV GFX1201)
tick  631000 alive  1046039 genomes   48615 energy   195.5 births 47507650 deaths 47507699 (2961.2s) AMD Radeon AI PRO R9700 (RADV GFX1201)
tick  632000 alive  1046170 genomes   48261 energy   195.5 births 47384958 deaths 47384827 (2965.9s) AMD Radeon AI PRO R9700 (RADV GFX1201)
tick  633000 alive  1045964 genomes   49011 energy   195.3 births 47645395 deaths 47645601 (2970.6s) AMD Radeon AI PRO R9700 (RADV GFX1201)
tick  634000 alive  1046012 genomes   48955 energy   195.0 births 47707446 deaths 47707398 (2975.3s) AMD Radeon AI PRO R9700 (RADV GFX1201)
tick  635000 alive  1046011 genomes   48284 energy   195.8 births 47808996 deaths 47808997 (2979.9s) AMD Radeon AI PRO R9700 (RADV GFX1201)
tick  636000 alive  1046152 genomes   47319 energy   196.2 births 47224499 deaths 47224358 (2984.6s) AMD Radeon AI PRO R9700 (RADV GFX1201)
tick  637000 alive  1045977 genomes   47994 energy   195.9 births 47248116 deaths 47248291 (2989.3s) AMD Radeon AI PRO R9700 (RADV GFX1201)
tick  638000 alive  1046045 genomes   48602 energy   195.3 births 47375595 deaths 47375527 (2994.0s) AMD Radeon AI PRO R9700 (RADV GFX1201)
tick  639000 alive  1046073 genomes   47811 energy   195.5 births 47430874 deaths 47430846 (2998.7s) AMD Radeon AI PRO R9700 (RADV GFX1201)
tick  640000 alive  1046057 genomes   47912 energy   195.9 births 47498458 deaths 47498474 (3003.4s) AMD Radeon AI PRO R9700 (RADV GFX1201)
tick  641000 alive  1046001 genomes   47998 energy   195.5 births 47230903 deaths 47230959 (3008.1s) AMD Radeon AI PRO R9700 (RADV GFX1201)
tick  642000 alive  1046058 genomes   48862 energy   195.0 births 47638712 deaths 47638655 (3012.9s) AMD Radeon AI PRO R9700 (RADV GFX1201)
tick  643000 alive  1046049 genomes   48247 energy   195.6 births 47559481 deaths 47559490 (3017.5s) AMD Radeon AI PRO R9700 (RADV GFX1201)
tick  644000 alive  1046039 genomes   48111 energy   195.9 births 47388772 deaths 47388782 (3022.2s) AMD Radeon AI PRO R9700 (RADV GFX1201)
tick  645000 alive  1046090 genomes   48673 energy   195.4 births 47577066 deaths 47577015 (3026.9s) AMD Radeon AI PRO R9700 (RADV GFX1201)
tick  646000 alive  1046081 genomes   49548 energy   195.2 births 47642545 deaths 47642554 (3031.7s) AMD Radeon AI PRO R9700 (RADV GFX1201)
tick  647000 alive  1046098 genomes   49034 energy   195.1 births 47697711 deaths 47697694 (3036.3s) AMD Radeon AI PRO R9700 (RADV GFX1201)
tick  648000 alive  1046030 genomes   49086 energy   195.5 births 47731818 deaths 47731886 (3041.0s) AMD Radeon AI PRO R9700 (RADV GFX1201)
tick  649000 alive  1046051 genomes   49601 energy   194.7 births 47906480 deaths 47906459 (3045.7s) AMD Radeon AI PRO R9700 (RADV GFX1201)
tick  650000 alive  1046070 genomes   49254 energy   194.9 births 48012609 deaths 48012590 (3050.3s) AMD Radeon AI PRO R9700 (RADV GFX1201)
tick  651000 alive  1046029 genomes   49160 energy   195.4 births 47838298 deaths 47838339 (3055.0s) AMD Radeon AI PRO R9700 (RADV GFX1201)
tick  652000 alive  1046084 genomes   48816 energy   195.2 births 47674612 deaths 47674557 (3059.7s) AMD Radeon AI PRO R9700 (RADV GFX1201)
tick  653000 alive  1046125 genomes   47944 energy   196.1 births 47380436 deaths 47380395 (3064.3s) AMD Radeon AI PRO R9700 (RADV GFX1201)
tick  654000 alive  1046054 genomes   48501 energy   195.7 births 47417030 deaths 47417101 (3069.0s) AMD Radeon AI PRO R9700 (RADV GFX1201)
tick  655000 alive  1046073 genomes   48147 energy   195.8 births 47357677 deaths 47357658 (3073.7s) AMD Radeon AI PRO R9700 (RADV GFX1201)
tick  656000 alive  1046078 genomes   48760 energy   195.7 births 47446104 deaths 47446099 (3078.4s) AMD Radeon AI PRO R9700 (RADV GFX1201)
tick  657000 alive  1046014 genomes   48898 energy   195.6 births 47451230 deaths 47451294 (3083.0s) AMD Radeon AI PRO R9700 (RADV GFX1201)
tick  658000 alive  1046027 genomes   49861 energy   194.7 births 47722067 deaths 47722054 (3087.7s) AMD Radeon AI PRO R9700 (RADV GFX1201)
tick  659000 alive  1046097 genomes   49010 energy   195.8 births 47943503 deaths 47943433 (3092.4s) AMD Radeon AI PRO R9700 (RADV GFX1201)
tick  660000 alive  1046075 genomes   48211 energy   195.6 births 47292532 deaths 47292554 (3097.1s) AMD Radeon AI PRO R9700 (RADV GFX1201)
tick  661000 alive  1046074 genomes   47592 energy   196.5 births 46951955 deaths 46951956 (3101.7s) AMD Radeon AI PRO R9700 (RADV GFX1201)
tick  662000 alive  1046090 genomes   48183 energy   196.2 births 46748811 deaths 46748795 (3106.5s) AMD Radeon AI PRO R9700 (RADV GFX1201)
tick  663000 alive  1045982 genomes   48393 energy   195.8 births 47071245 deaths 47071353 (3111.1s) AMD Radeon AI PRO R9700 (RADV GFX1201)
tick  664000 alive  1046104 genomes   50558 energy   194.0 births 48223188 deaths 48223066 (3115.7s) AMD Radeon AI PRO R9700 (RADV GFX1201)
tick  665000 alive  1046062 genomes   50038 energy   194.6 births 48565525 deaths 48565567 (3120.4s) AMD Radeon AI PRO R9700 (RADV GFX1201)
tick  666000 alive  1045928 genomes   49415 energy   194.6 births 48113735 deaths 48113869 (3125.1s) AMD Radeon AI PRO R9700 (RADV GFX1201)
tick  667000 alive  1046148 genomes   48445 energy   195.5 births 47702627 deaths 47702407 (3129.7s) AMD Radeon AI PRO R9700 (RADV GFX1201)
tick  668000 alive  1046063 genomes   49644 energy   194.5 births 47759314 deaths 47759399 (3134.4s) AMD Radeon AI PRO R9700 (RADV GFX1201)
tick  669000 alive  1046025 genomes   50541 energy   194.1 births 48272188 deaths 48272226 (3139.0s) AMD Radeon AI PRO R9700 (RADV GFX1201)
tick  670000 alive  1045981 genomes   50058 energy   194.5 births 48321310 deaths 48321354 (3143.7s) AMD Radeon AI PRO R9700 (RADV GFX1201)
tick  671000 alive  1046103 genomes   49344 energy   195.1 births 48135475 deaths 48135353 (3148.4s) AMD Radeon AI PRO R9700 (RADV GFX1201)
tick  672000 alive  1045991 genomes   49416 energy   195.3 births 48068642 deaths 48068754 (3153.1s) AMD Radeon AI PRO R9700 (RADV GFX1201)
tick  673000 alive  1046034 genomes   49203 energy   195.3 births 47696547 deaths 47696504 (3157.7s) AMD Radeon AI PRO R9700 (RADV GFX1201)
tick  674000 alive  1046133 genomes   48421 energy   195.6 births 47887480 deaths 47887381 (3162.4s) AMD Radeon AI PRO R9700 (RADV GFX1201)
tick  675000 alive  1046033 genomes   48034 energy   195.6 births 47485721 deaths 47485821 (3167.1s) AMD Radeon AI PRO R9700 (RADV GFX1201)
tick  676000 alive  1046128 genomes   48770 energy   195.3 births 47503677 deaths 47503582 (3171.7s) AMD Radeon AI PRO R9700 (RADV GFX1201)
tick  677000 alive  1046080 genomes   47881 energy   195.7 births 47510906 deaths 47510954 (3176.4s) AMD Radeon AI PRO R9700 (RADV GFX1201)
tick  678000 alive  1045950 genomes   48788 energy   195.3 births 47410421 deaths 47410551 (3181.1s) AMD Radeon AI PRO R9700 (RADV GFX1201)
tick  679000 alive  1046013 genomes   48320 energy   195.4 births 47570074 deaths 47570011 (3185.8s) AMD Radeon AI PRO R9700 (RADV GFX1201)
tick  680000 alive  1046075 genomes   47316 energy   196.1 births 47278205 deaths 47278143 (3190.5s) AMD Radeon AI PRO R9700 (RADV GFX1201)
tick  681000 alive  1046033 genomes   48030 energy   196.0 births 47052803 deaths 47052845 (3195.2s) AMD Radeon AI PRO R9700 (RADV GFX1201)
tick  682000 alive  1046022 genomes   47517 energy   196.0 births 46934044 deaths 46934055 (3199.9s) AMD Radeon AI PRO R9700 (RADV GFX1201)
tick  683000 alive  1046044 genomes   48483 energy   195.4 births 47171950 deaths 47171928 (3204.5s) AMD Radeon AI PRO R9700 (RADV GFX1201)
tick  684000 alive  1046043 genomes   49554 energy   194.9 births 47830873 deaths 47830874 (3209.2s) AMD Radeon AI PRO R9700 (RADV GFX1201)
tick  685000 alive  1045996 genomes   50530 energy   194.5 births 48325371 deaths 48325418 (3213.9s) AMD Radeon AI PRO R9700 (RADV GFX1201)
tick  686000 alive  1046053 genomes   49555 energy   194.6 births 48291626 deaths 48291569 (3218.6s) AMD Radeon AI PRO R9700 (RADV GFX1201)
tick  687000 alive  1046062 genomes   48886 energy   195.1 births 48246570 deaths 48246561 (3223.3s) AMD Radeon AI PRO R9700 (RADV GFX1201)
tick  688000 alive  1045990 genomes   48317 energy   195.4 births 47831198 deaths 47831270 (3228.0s) AMD Radeon AI PRO R9700 (RADV GFX1201)
tick  689000 alive  1046042 genomes   49231 energy   195.1 births 47667783 deaths 47667731 (3232.7s) AMD Radeon AI PRO R9700 (RADV GFX1201)
tick  690000 alive  1046057 genomes   48789 energy   195.4 births 47587693 deaths 47587678 (3237.4s) AMD Radeon AI PRO R9700 (RADV GFX1201)
tick  691000 alive  1046041 genomes   47618 energy   195.7 births 47307085 deaths 47307101 (3242.1s) AMD Radeon AI PRO R9700 (RADV GFX1201)
tick  692000 alive  1046068 genomes   47088 energy   196.4 births 47036757 deaths 47036730 (3246.8s) AMD Radeon AI PRO R9700 (RADV GFX1201)
tick  693000 alive  1046099 genomes   48437 energy   195.7 births 47243590 deaths 47243559 (3251.4s) AMD Radeon AI PRO R9700 (RADV GFX1201)
tick  694000 alive  1046021 genomes   47822 energy   195.3 births 47426965 deaths 47427043 (3256.1s) AMD Radeon AI PRO R9700 (RADV GFX1201)
tick  695000 alive  1046024 genomes   48014 energy   196.0 births 47171302 deaths 47171299 (3260.8s) AMD Radeon AI PRO R9700 (RADV GFX1201)
tick  696000 alive  1046060 genomes   46600 energy   196.8 births 46963857 deaths 46963821 (3265.5s) AMD Radeon AI PRO R9700 (RADV GFX1201)
tick  697000 alive  1046112 genomes   47552 energy   195.9 births 46962270 deaths 46962218 (3270.2s) AMD Radeon AI PRO R9700 (RADV GFX1201)
tick  698000 alive  1046069 genomes   47005 energy   196.3 births 46987573 deaths 46987616 (3274.8s) AMD Radeon AI PRO R9700 (RADV GFX1201)
tick  699000 alive  1046062 genomes   47625 energy   196.2 births 47104568 deaths 47104575 (3279.5s) AMD Radeon AI PRO R9700 (RADV GFX1201)
tick  700000 alive  1046022 genomes   47442 energy   196.3 births 46903858 deaths 46903898 (3284.1s) AMD Radeon AI PRO R9700 (RADV GFX1201)
tick  701000 alive  1045969 genomes   48067 energy   195.9 births 47013007 deaths 47013060 (3288.8s) AMD Radeon AI PRO R9700 (RADV GFX1201)
tick  702000 alive  1046117 genomes   48165 energy   195.6 births 47233002 deaths 47232854 (3293.5s) AMD Radeon AI PRO R9700 (RADV GFX1201)
tick  703000 alive  1046061 genomes   46660 energy   196.5 births 47014502 deaths 47014558 (3298.1s) AMD Radeon AI PRO R9700 (RADV GFX1201)
tick  704000 alive  1046047 genomes   46217 energy   197.1 births 46501137 deaths 46501151 (3302.8s) AMD Radeon AI PRO R9700 (RADV GFX1201)
tick  705000 alive  1046135 genomes   46757 energy   196.7 births 46455690 deaths 46455602 (3307.5s) AMD Radeon AI PRO R9700 (RADV GFX1201)
tick  706000 alive  1045958 genomes   46686 energy   196.6 births 46485258 deaths 46485435 (3312.2s) AMD Radeon AI PRO R9700 (RADV GFX1201)
tick  707000 alive  1046073 genomes   47541 energy   195.8 births 46856201 deaths 46856086 (3316.8s) AMD Radeon AI PRO R9700 (RADV GFX1201)
tick  708000 alive  1046022 genomes   46797 energy   196.2 births 47049165 deaths 47049216 (3321.5s) AMD Radeon AI PRO R9700 (RADV GFX1201)
tick  709000 alive  1045956 genomes   48125 energy   195.7 births 47320606 deaths 47320672 (3326.2s) AMD Radeon AI PRO R9700 (RADV GFX1201)
tick  710000 alive  1045945 genomes   47877 energy   195.3 births 47362336 deaths 47362347 (3330.9s) AMD Radeon AI PRO R9700 (RADV GFX1201)
tick  711000 alive  1046067 genomes   48118 energy   196.1 births 47097690 deaths 47097568 (3335.5s) AMD Radeon AI PRO R9700 (RADV GFX1201)
tick  712000 alive  1046056 genomes   47373 energy   196.6 births 47055636 deaths 47055647 (3340.2s) AMD Radeon AI PRO R9700 (RADV GFX1201)
tick  713000 alive  1046155 genomes   46695 energy   196.6 births 46612260 deaths 46612161 (3344.9s) AMD Radeon AI PRO R9700 (RADV GFX1201)
tick  714000 alive  1046031 genomes   47279 energy   196.2 births 46861000 deaths 46861124 (3349.6s) AMD Radeon AI PRO R9700 (RADV GFX1201)
tick  715000 alive  1046053 genomes   47925 energy   195.9 births 47207619 deaths 47207597 (3354.3s) AMD Radeon AI PRO R9700 (RADV GFX1201)
tick  716000 alive  1046026 genomes   46753 energy   196.0 births 47160076 deaths 47160103 (3359.0s) AMD Radeon AI PRO R9700 (RADV GFX1201)
tick  717000 alive  1045967 genomes   47147 energy   196.3 births 46917608 deaths 46917667 (3363.6s) AMD Radeon AI PRO R9700 (RADV GFX1201)
tick  718000 alive  1046033 genomes   47474 energy   196.1 births 46969811 deaths 46969745 (3368.3s) AMD Radeon AI PRO R9700 (RADV GFX1201)
tick  719000 alive  1045994 genomes   47352 energy   195.7 births 47279546 deaths 47279585 (3373.0s) AMD Radeon AI PRO R9700 (RADV GFX1201)
tick  720000 alive  1046083 genomes   47409 energy   195.8 births 47141509 deaths 47141420 (3377.7s) AMD Radeon AI PRO R9700 (RADV GFX1201)
tick  721000 alive  1046030 genomes   46342 energy   196.4 births 46877849 deaths 46877902 (3382.3s) AMD Radeon AI PRO R9700 (RADV GFX1201)
tick  722000 alive  1046034 genomes   46625 energy   196.7 births 46693546 deaths 46693542 (3387.0s) AMD Radeon AI PRO R9700 (RADV GFX1201)
tick  723000 alive  1046123 genomes   46030 energy   197.0 births 46449991 deaths 46449902 (3391.6s) AMD Radeon AI PRO R9700 (RADV GFX1201)
tick  724000 alive  1046096 genomes   45416 energy   196.9 births 46299107 deaths 46299134 (3396.3s) AMD Radeon AI PRO R9700 (RADV GFX1201)
tick  725000 alive  1045974 genomes   45782 energy   196.7 births 46511704 deaths 46511826 (3401.0s) AMD Radeon AI PRO R9700 (RADV GFX1201)
tick  726000 alive  1046052 genomes   46806 energy   196.0 births 46819838 deaths 46819760 (3405.7s) AMD Radeon AI PRO R9700 (RADV GFX1201)
tick  727000 alive  1046018 genomes   46111 energy   196.5 births 46876458 deaths 46876492 (3410.3s) AMD Radeon AI PRO R9700 (RADV GFX1201)
tick  728000 alive  1046088 genomes   46040 energy   196.7 births 46880160 deaths 46880090 (3415.0s) AMD Radeon AI PRO R9700 (RADV GFX1201)
tick  729000 alive  1045981 genomes   46196 energy   196.3 births 46525107 deaths 46525214 (3419.7s) AMD Radeon AI PRO R9700 (RADV GFX1201)
tick  730000 alive  1046014 genomes   46542 energy   196.1 births 46809552 deaths 46809519 (3424.4s) AMD Radeon AI PRO R9700 (RADV GFX1201)
tick  731000 alive  1046116 genomes   46848 energy   195.7 births 47180220 deaths 47180118 (3429.0s) AMD Radeon AI PRO R9700 (RADV GFX1201)
tick  732000 alive  1045946 genomes   46737 energy   195.9 births 47185946 deaths 47186116 (3433.7s) AMD Radeon AI PRO R9700 (RADV GFX1201)
tick  733000 alive  1046048 genomes   46374 energy   196.1 births 47079459 deaths 47079357 (3438.3s) AMD Radeon AI PRO R9700 (RADV GFX1201)
tick  734000 alive  1046132 genomes   46597 energy   196.1 births 46852895 deaths 46852811 (3443.0s) AMD Radeon AI PRO R9700 (RADV GFX1201)
tick  735000 alive  1046114 genomes   45991 energy   196.4 births 46635481 deaths 46635499 (3447.6s) AMD Radeon AI PRO R9700 (RADV GFX1201)
tick  736000 alive  1046080 genomes   44842 energy   197.1 births 46424461 deaths 46424495 (3452.3s) AMD Radeon AI PRO R9700 (RADV GFX1201)
tick  737000 alive  1046048 genomes   45124 energy   197.0 births 46148279 deaths 46148311 (3456.9s) AMD Radeon AI PRO R9700 (RADV GFX1201)
tick  738000 alive  1046157 genomes   45355 energy   196.9 births 46169808 deaths 46169699 (3461.6s) AMD Radeon AI PRO R9700 (RADV GFX1201)
tick  739000 alive  1046065 genomes   45869 energy   196.5 births 46427797 deaths 46427889 (3466.2s) AMD Radeon AI PRO R9700 (RADV GFX1201)
tick  740000 alive  1046039 genomes   45995 energy   196.4 births 46781032 deaths 46781058 (3470.9s) AMD Radeon AI PRO R9700 (RADV GFX1201)
tick  741000 alive  1046092 genomes   46229 energy   196.3 births 46707535 deaths 46707482 (3475.6s) AMD Radeon AI PRO R9700 (RADV GFX1201)
tick  742000 alive  1046123 genomes   45762 energy   196.8 births 46545456 deaths 46545425 (3480.2s) AMD Radeon AI PRO R9700 (RADV GFX1201)
tick  743000 alive  1046090 genomes   46150 energy   196.2 births 46618839 deaths 46618872 (3484.8s) AMD Radeon AI PRO R9700 (RADV GFX1201)
tick  744000 alive  1046135 genomes   46848 energy   196.0 births 47008090 deaths 47008045 (3489.5s) AMD Radeon AI PRO R9700 (RADV GFX1201)
tick  745000 alive  1046065 genomes   46577 energy   196.1 births 46894406 deaths 46894476 (3494.1s) AMD Radeon AI PRO R9700 (RADV GFX1201)
tick  746000 alive  1046010 genomes   46696 energy   195.7 births 47234179 deaths 47234234 (3498.8s) AMD Radeon AI PRO R9700 (RADV GFX1201)
tick  747000 alive  1046035 genomes   45886 energy   196.5 births 47034409 deaths 47034384 (3503.4s) AMD Radeon AI PRO R9700 (RADV GFX1201)
tick  748000 alive  1046086 genomes   44895 energy   196.8 births 46574365 deaths 46574314 (3508.1s) AMD Radeon AI PRO R9700 (RADV GFX1201)
tick  749000 alive  1046137 genomes   44682 energy   197.7 births 46245658 deaths 46245607 (3512.7s) AMD Radeon AI PRO R9700 (RADV GFX1201)
tick  750000 alive  1046015 genomes   45616 energy   196.9 births 46067846 deaths 46067968 (3517.4s) AMD Radeon AI PRO R9700 (RADV GFX1201)
tick  751000 alive  1046031 genomes   44871 energy   196.7 births 46493168 deaths 46493152 (3522.0s) AMD Radeon AI PRO R9700 (RADV GFX1201)
tick  752000 alive  1046029 genomes   44421 energy   197.0 births 46234506 deaths 46234508 (3526.7s) AMD Radeon AI PRO R9700 (RADV GFX1201)
tick  753000 alive  1046052 genomes   44692 energy   196.9 births 46288489 deaths 46288466 (3531.3s) AMD Radeon AI PRO R9700 (RADV GFX1201)
tick  754000 alive  1046083 genomes   45354 energy   196.4 births 46470136 deaths 46470105 (3536.0s) AMD Radeon AI PRO R9700 (RADV GFX1201)
tick  755000 alive  1046015 genomes   45763 energy   196.1 births 46751451 deaths 46751519 (3540.6s) AMD Radeon AI PRO R9700 (RADV GFX1201)
tick  756000 alive  1046074 genomes   45980 energy   196.2 births 47172568 deaths 47172509 (3545.2s) AMD Radeon AI PRO R9700 (RADV GFX1201)
tick  757000 alive  1046003 genomes   45752 energy   196.2 births 46835990 deaths 46836061 (3549.9s) AMD Radeon AI PRO R9700 (RADV GFX1201)
tick  758000 alive  1046009 genomes   45182 energy   196.8 births 46825598 deaths 46825592 (3554.6s) AMD Radeon AI PRO R9700 (RADV GFX1201)
tick  759000 alive  1046073 genomes   45564 energy   196.4 births 46862456 deaths 46862392 (3559.2s) AMD Radeon AI PRO R9700 (RADV GFX1201)
tick  760000 alive  1046038 genomes   45498 energy   196.2 births 46775010 deaths 46775045 (3563.9s) AMD Radeon AI PRO R9700 (RADV GFX1201)
tick  761000 alive  1046149 genomes   45560 energy   196.4 births 46753465 deaths 46753354 (3568.5s) AMD Radeon AI PRO R9700 (RADV GFX1201)
tick  762000 alive  1046005 genomes   44993 energy   196.3 births 46885216 deaths 46885360 (3573.2s) AMD Radeon AI PRO R9700 (RADV GFX1201)
tick  763000 alive  1046070 genomes   46281 energy   196.1 births 46906567 deaths 46906502 (3577.8s) AMD Radeon AI PRO R9700 (RADV GFX1201)
tick  764000 alive  1046071 genomes   46501 energy   196.0 births 47136895 deaths 47136894 (3582.5s) AMD Radeon AI PRO R9700 (RADV GFX1201)
tick  765000 alive  1046082 genomes   46836 energy   195.9 births 47299712 deaths 47299701 (3587.1s) AMD Radeon AI PRO R9700 (RADV GFX1201)
tick  766000 alive  1046039 genomes   47634 energy   195.1 births 47424145 deaths 47424188 (3591.8s) AMD Radeon AI PRO R9700 (RADV GFX1201)
tick  767000 alive  1045970 genomes   48051 energy   194.8 births 48129046 deaths 48129115 (3596.5s) AMD Radeon AI PRO R9700 (RADV GFX1201)
tick  768000 alive  1045976 genomes   46785 energy   195.7 births 47782564 deaths 47782558 (3601.2s) AMD Radeon AI PRO R9700 (RADV GFX1201)
tick  769000 alive  1046058 genomes   47084 energy   195.5 births 47377261 deaths 47377179 (3605.8s) AMD Radeon AI PRO R9700 (RADV GFX1201)
tick  770000 alive  1046047 genomes   48030 energy   195.0 births 47696344 deaths 47696355 (3610.5s) AMD Radeon AI PRO R9700 (RADV GFX1201)
tick  771000 alive  1046074 genomes   48368 energy   194.6 births 48214435 deaths 48214408 (3615.1s) AMD Radeon AI PRO R9700 (RADV GFX1201)
tick  772000 alive  1046082 genomes   47211 energy   195.5 births 48005551 deaths 48005543 (3619.8s) AMD Radeon AI PRO R9700 (RADV GFX1201)
tick  773000 alive  1046032 genomes   46801 energy   195.8 births 47455047 deaths 47455097 (3624.5s) AMD Radeon AI PRO R9700 (RADV GFX1201)
tick  774000 alive  1046052 genomes   46610 energy   196.4 births 46976300 deaths 46976280 (3629.2s) AMD Radeon AI PRO R9700 (RADV GFX1201)
tick  775000 alive  1046073 genomes   46381 energy   195.8 births 46791337 deaths 46791316 (3633.8s) AMD Radeon AI PRO R9700 (RADV GFX1201)
tick  776000 alive  1046011 genomes   46051 energy   196.4 births 47113783 deaths 47113845 (3638.5s) AMD Radeon AI PRO R9700 (RADV GFX1201)
tick  777000 alive  1046060 genomes   45637 energy   196.6 births 46580548 deaths 46580499 (3643.2s) AMD Radeon AI PRO R9700 (RADV GFX1201)
tick  778000 alive  1046085 genomes   46383 energy   196.2 births 46786136 deaths 46786111 (3647.9s) AMD Radeon AI PRO R9700 (RADV GFX1201)
tick  779000 alive  1046182 genomes   46191 energy   195.9 births 46982332 deaths 46982235 (3652.5s) AMD Radeon AI PRO R9700 (RADV GFX1201)
tick  780000 alive  1046034 genomes   47414 energy   195.3 births 47451966 deaths 47452114 (3657.2s) AMD Radeon AI PRO R9700 (RADV GFX1201)
tick  781000 alive  1046130 genomes   47770 energy   195.5 births 47610122 deaths 47610026 (3661.8s) AMD Radeon AI PRO R9700 (RADV GFX1201)
tick  782000 alive  1046051 genomes   47063 energy   196.1 births 47160026 deaths 47160105 (3666.4s) AMD Radeon AI PRO R9700 (RADV GFX1201)
tick  783000 alive  1046106 genomes   46676 energy   196.1 births 47095649 deaths 47095594 (3671.1s) AMD Radeon AI PRO R9700 (RADV GFX1201)
tick  784000 alive  1046033 genomes   45917 energy   196.5 births 46666590 deaths 46666663 (3675.7s) AMD Radeon AI PRO R9700 (RADV GFX1201)
tick  785000 alive  1046109 genomes   47205 energy   195.8 births 47158320 deaths 47158244 (3680.4s) AMD Radeon AI PRO R9700 (RADV GFX1201)
tick  786000 alive  1046085 genomes   47009 energy   196.0 births 47313888 deaths 47313912 (3685.1s) AMD Radeon AI PRO R9700 (RADV GFX1201)
tick  787000 alive  1046164 genomes   47312 energy   195.9 births 47305799 deaths 47305720 (3689.7s) AMD Radeon AI PRO R9700 (RADV GFX1201)
tick  788000 alive  1046025 genomes   47183 energy   196.0 births 47183475 deaths 47183614 (3694.4s) AMD Radeon AI PRO R9700 (RADV GFX1201)
tick  789000 alive  1046102 genomes   46080 energy   196.5 births 46886858 deaths 46886781 (3699.0s) AMD Radeon AI PRO R9700 (RADV GFX1201)
tick  790000 alive  1046117 genomes   46764 energy   196.1 births 46909288 deaths 46909273 (3703.7s) AMD Radeon AI PRO R9700 (RADV GFX1201)
tick  791000 alive  1046136 genomes   47296 energy   195.5 births 47142373 deaths 47142354 (3708.3s) AMD Radeon AI PRO R9700 (RADV GFX1201)
tick  792000 alive  1046049 genomes   47944 energy   195.1 births 47589316 deaths 47589403 (3713.0s) AMD Radeon AI PRO R9700 (RADV GFX1201)
tick  793000 alive  1046131 genomes   47899 energy   195.2 births 47751980 deaths 47751898 (3717.7s) AMD Radeon AI PRO R9700 (RADV GFX1201)
tick  794000 alive  1046040 genomes   48900 energy   194.6 births 47921975 deaths 47922066 (3722.4s) AMD Radeon AI PRO R9700 (RADV GFX1201)
tick  795000 alive  1045990 genomes   47816 energy   195.5 births 48001976 deaths 48002026 (3727.0s) AMD Radeon AI PRO R9700 (RADV GFX1201)
tick  796000 alive  1046062 genomes   47900 energy   194.9 births 47827194 deaths 47827122 (3731.7s) AMD Radeon AI PRO R9700 (RADV GFX1201)
tick  797000 alive  1046132 genomes   47627 energy   195.5 births 47777210 deaths 47777140 (3736.3s) AMD Radeon AI PRO R9700 (RADV GFX1201)
tick  798000 alive  1046061 genomes   46723 energy   196.0 births 47514392 deaths 47514463 (3741.0s) AMD Radeon AI PRO R9700 (RADV GFX1201)
tick  799000 alive  1046000 genomes   47762 energy   195.4 births 47459186 deaths 47459247 (3745.7s) AMD Radeon AI PRO R9700 (RADV GFX1201)
tick  800000 alive  1045991 genomes   47830 energy   195.0 births 47580552 deaths 47580561 (3750.4s) AMD Radeon AI PRO R9700 (RADV GFX1201)
tick  801000 alive  1046036 genomes   48148 energy   195.1 births 47854624 deaths 47854579 (3755.1s) AMD Radeon AI PRO R9700 (RADV GFX1201)
tick  802000 alive  1045987 genomes   48524 energy   195.1 births 47925449 deaths 47925498 (3759.7s) AMD Radeon AI PRO R9700 (RADV GFX1201)
tick  803000 alive  1046092 genomes   48613 energy   194.7 births 48156037 deaths 48155932 (3764.4s) AMD Radeon AI PRO R9700 (RADV GFX1201)
tick  804000 alive  1046082 genomes   48630 energy   195.0 births 47886048 deaths 47886058 (3769.1s) AMD Radeon AI PRO R9700 (RADV GFX1201)
tick  805000 alive  1046024 genomes   48712 energy   194.6 births 48257283 deaths 48257341 (3773.8s) AMD Radeon AI PRO R9700 (RADV GFX1201)
tick  806000 alive  1046015 genomes   48579 energy   194.9 births 48209804 deaths 48209813 (3778.4s) AMD Radeon AI PRO R9700 (RADV GFX1201)
tick  807000 alive  1045996 genomes   47323 energy   195.2 births 47712450 deaths 47712469 (3783.1s) AMD Radeon AI PRO R9700 (RADV GFX1201)
tick  808000 alive  1046079 genomes   46494 energy   195.9 births 47594865 deaths 47594782 (3787.8s) AMD Radeon AI PRO R9700 (RADV GFX1201)
tick  809000 alive  1046006 genomes   47379 energy   195.4 births 47542598 deaths 47542671 (3792.4s) AMD Radeon AI PRO R9700 (RADV GFX1201)
tick  810000 alive  1046053 genomes   48566 energy   194.7 births 47985749 deaths 47985702 (3797.1s) AMD Radeon AI PRO R9700 (RADV GFX1201)
tick  811000 alive  1046085 genomes   48230 energy   195.1 births 48054883 deaths 48054851 (3801.8s) AMD Radeon AI PRO R9700 (RADV GFX1201)
tick  812000 alive  1046031 genomes   49095 energy   194.8 births 48269306 deaths 48269360 (3806.5s) AMD Radeon AI PRO R9700 (RADV GFX1201)
tick  813000 alive  1045931 genomes   48512 energy   194.9 births 47943968 deaths 47944068 (3811.2s) AMD Radeon AI PRO R9700 (RADV GFX1201)
tick  814000 alive  1046069 genomes   48341 energy   195.2 births 47928650 deaths 47928512 (3815.8s) AMD Radeon AI PRO R9700 (RADV GFX1201)
tick  815000 alive  1046050 genomes   47005 energy   195.7 births 47687302 deaths 47687321 (3820.5s) AMD Radeon AI PRO R9700 (RADV GFX1201)
tick  816000 alive  1046013 genomes   46890 energy   196.0 births 47136181 deaths 47136218 (3825.2s) AMD Radeon AI PRO R9700 (RADV GFX1201)
tick  817000 alive  1045998 genomes   46940 energy   195.5 births 47330290 deaths 47330305 (3829.9s) AMD Radeon AI PRO R9700 (RADV GFX1201)
tick  818000 alive  1046017 genomes   47554 energy   195.1 births 47926547 deaths 47926528 (3834.6s) AMD Radeon AI PRO R9700 (RADV GFX1201)
tick  819000 alive  1045948 genomes   47448 energy   195.1 births 47920025 deaths 47920094 (3839.2s) AMD Radeon AI PRO R9700 (RADV GFX1201)
tick  820000 alive  1046107 genomes   46492 energy   196.0 births 47415192 deaths 47415033 (3843.9s) AMD Radeon AI PRO R9700 (RADV GFX1201)
tick  821000 alive  1046080 genomes   47988 energy   194.7 births 47639472 deaths 47639499 (3848.6s) AMD Radeon AI PRO R9700 (RADV GFX1201)
tick  822000 alive  1046087 genomes   47026 energy   195.5 births 48094014 deaths 48094007 (3853.2s) AMD Radeon AI PRO R9700 (RADV GFX1201)
tick  823000 alive  1045959 genomes   47905 energy   194.8 births 47818315 deaths 47818443 (3857.9s) AMD Radeon AI PRO R9700 (RADV GFX1201)
tick  824000 alive  1046075 genomes   48834 energy   194.9 births 48235046 deaths 48234930 (3862.5s) AMD Radeon AI PRO R9700 (RADV GFX1201)
tick  825000 alive  1046035 genomes   47685 energy   195.0 births 47959001 deaths 47959041 (3867.2s) AMD Radeon AI PRO R9700 (RADV GFX1201)
tick  826000 alive  1046065 genomes   47655 energy   195.0 births 47802094 deaths 47802064 (3871.9s) AMD Radeon AI PRO R9700 (RADV GFX1201)
tick  827000 alive  1046006 genomes   46605 energy   195.9 births 47565559 deaths 47565618 (3876.6s) AMD Radeon AI PRO R9700 (RADV GFX1201)
tick  828000 alive  1046144 genomes   46374 energy   196.3 births 47065244 deaths 47065106 (3881.2s) AMD Radeon AI PRO R9700 (RADV GFX1201)
tick  829000 alive  1046121 genomes   47061 energy   195.4 births 47207489 deaths 47207512 (3885.8s) AMD Radeon AI PRO R9700 (RADV GFX1201)
tick  830000 alive  1046008 genomes   47498 energy   195.1 births 47666949 deaths 47667062 (3890.5s) AMD Radeon AI PRO R9700 (RADV GFX1201)
tick  831000 alive  1046048 genomes   48236 energy   194.7 births 47863903 deaths 47863863 (3895.2s) AMD Radeon AI PRO R9700 (RADV GFX1201)
tick  832000 alive  1046111 genomes   47634 energy   195.3 births 48093773 deaths 48093710 (3899.8s) AMD Radeon AI PRO R9700 (RADV GFX1201)
tick  833000 alive  1045981 genomes   47069 energy   195.6 births 47632958 deaths 47633088 (3904.5s) AMD Radeon AI PRO R9700 (RADV GFX1201)
tick  834000 alive  1046066 genomes   47224 energy   195.9 births 47547799 deaths 47547714 (3909.1s) AMD Radeon AI PRO R9700 (RADV GFX1201)
tick  835000 alive  1046011 genomes   47008 energy   196.0 births 47293986 deaths 47294041 (3913.8s) AMD Radeon AI PRO R9700 (RADV GFX1201)
tick  836000 alive  1046002 genomes   47528 energy   195.7 births 47546417 deaths 47546426 (3918.4s) AMD Radeon AI PRO R9700 (RADV GFX1201)
tick  837000 alive  1045977 genomes   47946 energy   195.3 births 47447570 deaths 47447595 (3923.0s) AMD Radeon AI PRO R9700 (RADV GFX1201)
tick  838000 alive  1046099 genomes   47510 energy   195.6 births 47632320 deaths 47632198 (3927.7s) AMD Radeon AI PRO R9700 (RADV GFX1201)
tick  839000 alive  1046041 genomes   47735 energy   195.6 births 47371851 deaths 47371909 (3932.4s) AMD Radeon AI PRO R9700 (RADV GFX1201)
tick  840000 alive  1046005 genomes   47970 energy   195.2 births 47536748 deaths 47536784 (3937.0s) AMD Radeon AI PRO R9700 (RADV GFX1201)
tick  841000 alive  1046158 genomes   48433 energy   195.3 births 47860751 deaths 47860598 (3941.7s) AMD Radeon AI PRO R9700 (RADV GFX1201)
tick  842000 alive  1046058 genomes   48068 energy   195.4 births 47610315 deaths 47610415 (3946.3s) AMD Radeon AI PRO R9700 (RADV GFX1201)
tick  843000 alive  1046060 genomes   47235 energy   196.1 births 47487023 deaths 47487021 (3951.0s) AMD Radeon AI PRO R9700 (RADV GFX1201)
tick  844000 alive  1046059 genomes   47179 energy   195.9 births 47214917 deaths 47214918 (3955.6s) AMD Radeon AI PRO R9700 (RADV GFX1201)
tick  845000 alive  1046048 genomes   48430 energy   195.5 births 47665683 deaths 47665694 (3960.3s) AMD Radeon AI PRO R9700 (RADV GFX1201)
tick  846000 alive  1046043 genomes   48645 energy   194.9 births 47947552 deaths 47947557 (3964.9s) AMD Radeon AI PRO R9700 (RADV GFX1201)
tick  847000 alive  1046098 genomes   49424 energy   194.8 births 48180535 deaths 48180480 (3969.6s) AMD Radeon AI PRO R9700 (RADV GFX1201)
tick  848000 alive  1046036 genomes   48863 energy   195.0 births 48412924 deaths 48412986 (3974.3s) AMD Radeon AI PRO R9700 (RADV GFX1201)
tick  849000 alive  1046117 genomes   47944 energy   195.8 births 47632707 deaths 47632626 (3978.9s) AMD Radeon AI PRO R9700 (RADV GFX1201)
tick  850000 alive  1046015 genomes   47818 energy   195.6 births 47300084 deaths 47300186 (3983.6s) AMD Radeon AI PRO R9700 (RADV GFX1201)
tick  851000 alive  1046189 genomes   48331 energy   195.3 births 47503038 deaths 47502864 (3988.3s) AMD Radeon AI PRO R9700 (RADV GFX1201)
tick  852000 alive  1046111 genomes   48995 energy   195.0 births 47747513 deaths 47747591 (3992.9s) AMD Radeon AI PRO R9700 (RADV GFX1201)
tick  853000 alive  1046089 genomes   48006 energy   195.6 births 47710732 deaths 47710754 (3997.6s) AMD Radeon AI PRO R9700 (RADV GFX1201)
tick  854000 alive  1046046 genomes   47399 energy   196.0 births 47341443 deaths 47341486 (4002.2s) AMD Radeon AI PRO R9700 (RADV GFX1201)
tick  855000 alive  1045878 genomes   48032 energy   195.3 births 47341314 deaths 47341482 (4006.9s) AMD Radeon AI PRO R9700 (RADV GFX1201)
tick  856000 alive  1046021 genomes   48522 energy   195.1 births 47663226 deaths 47663083 (4011.5s) AMD Radeon AI PRO R9700 (RADV GFX1201)
tick  857000 alive  1046117 genomes   48989 energy   194.6 births 47897273 deaths 47897177 (4016.2s) AMD Radeon AI PRO R9700 (RADV GFX1201)
tick  858000 alive  1046068 genomes   48837 energy   195.0 births 48136718 deaths 48136767 (4020.8s) AMD Radeon AI PRO R9700 (RADV GFX1201)
tick  859000 alive  1046068 genomes   49186 energy   195.0 births 47925599 deaths 47925599 (4025.5s) AMD Radeon AI PRO R9700 (RADV GFX1201)
tick  860000 alive  1046098 genomes   49565 energy   194.6 births 48280921 deaths 48280891 (4030.2s) AMD Radeon AI PRO R9700 (RADV GFX1201)
tick  861000 alive  1046065 genomes   49340 energy   194.7 births 48240108 deaths 48240141 (4034.9s) AMD Radeon AI PRO R9700 (RADV GFX1201)
tick  862000 alive  1046059 genomes   48731 energy   194.8 births 48131100 deaths 48131106 (4039.5s) AMD Radeon AI PRO R9700 (RADV GFX1201)
tick  863000 alive  1046090 genomes   47979 energy   195.4 births 47662010 deaths 47661979 (4044.2s) AMD Radeon AI PRO R9700 (RADV GFX1201)
tick  864000 alive  1046030 genomes   48301 energy   195.2 births 47914980 deaths 47915040 (4048.9s) AMD Radeon AI PRO R9700 (RADV GFX1201)
tick  865000 alive  1046108 genomes   48461 energy   195.0 births 47862417 deaths 47862339 (4053.5s) AMD Radeon AI PRO R9700 (RADV GFX1201)
tick  866000 alive  1046069 genomes   47620 energy   195.4 births 47638030 deaths 47638069 (4058.2s) AMD Radeon AI PRO R9700 (RADV GFX1201)
tick  867000 alive  1046022 genomes   49453 energy   194.3 births 48257878 deaths 48257925 (4062.9s) AMD Radeon AI PRO R9700 (RADV GFX1201)
tick  868000 alive  1046017 genomes   49364 energy   195.0 births 48165378 deaths 48165383 (4067.5s) AMD Radeon AI PRO R9700 (RADV GFX1201)
tick  869000 alive  1046005 genomes   48228 energy   195.2 births 48150506 deaths 48150518 (4072.2s) AMD Radeon AI PRO R9700 (RADV GFX1201)
tick  870000 alive  1045997 genomes   49227 energy   194.6 births 48124584 deaths 48124592 (4076.8s) AMD Radeon AI PRO R9700 (RADV GFX1201)
tick  871000 alive  1046003 genomes   48923 energy   194.7 births 48116171 deaths 48116165 (4081.5s) AMD Radeon AI PRO R9700 (RADV GFX1201)
tick  872000 alive  1046027 genomes   48690 energy   194.4 births 48319480 deaths 48319456 (4086.1s) AMD Radeon AI PRO R9700 (RADV GFX1201)
tick  873000 alive  1046047 genomes   48855 energy   195.0 births 48372612 deaths 48372592 (4090.8s) AMD Radeon AI PRO R9700 (RADV GFX1201)
tick  874000 alive  1046113 genomes   48977 energy   195.3 births 48000168 deaths 48000102 (4095.5s) AMD Radeon AI PRO R9700 (RADV GFX1201)
tick  875000 alive  1045972 genomes   48892 energy   195.4 births 47926764 deaths 47926905 (4100.2s) AMD Radeon AI PRO R9700 (RADV GFX1201)
tick  876000 alive  1046048 genomes   49403 energy   194.8 births 48060141 deaths 48060065 (4104.8s) AMD Radeon AI PRO R9700 (RADV GFX1201)
tick  877000 alive  1046063 genomes   49075 energy   194.8 births 48171418 deaths 48171403 (4109.5s) AMD Radeon AI PRO R9700 (RADV GFX1201)
tick  878000 alive  1046011 genomes   47885 energy   195.2 births 47730964 deaths 47731016 (4114.1s) AMD Radeon AI PRO R9700 (RADV GFX1201)
tick  879000 alive  1046045 genomes   49413 energy   194.7 births 47823103 deaths 47823069 (4118.8s) AMD Radeon AI PRO R9700 (RADV GFX1201)
tick  880000 alive  1045938 genomes   50490 energy   194.3 births 48209276 deaths 48209383 (4123.5s) AMD Radeon AI PRO R9700 (RADV GFX1201)
tick  881000 alive  1045980 genomes   50630 energy   193.8 births 48798735 deaths 48798693 (4128.1s) AMD Radeon AI PRO R9700 (RADV GFX1201)
tick  882000 alive  1046030 genomes   50115 energy   194.0 births 48732270 deaths 48732220 (4132.8s) AMD Radeon AI PRO R9700 (RADV GFX1201)
tick  883000 alive  1046066 genomes   49382 energy   194.6 births 48694390 deaths 48694354 (4137.5s) AMD Radeon AI PRO R9700 (RADV GFX1201)
tick  884000 alive  1046057 genomes   48551 energy   194.7 births 48313794 deaths 48313803 (4142.1s) AMD Radeon AI PRO R9700 (RADV GFX1201)
tick  885000 alive  1046130 genomes   49085 energy   194.5 births 48254136 deaths 48254063 (4146.8s) AMD Radeon AI PRO R9700 (RADV GFX1201)
tick  886000 alive  1046046 genomes   50323 energy   193.7 births 48855154 deaths 48855238 (4151.5s) AMD Radeon AI PRO R9700 (RADV GFX1201)
tick  887000 alive  1046108 genomes   51280 energy   193.2 births 49135404 deaths 49135342 (4156.2s) AMD Radeon AI PRO R9700 (RADV GFX1201)
tick  888000 alive  1046003 genomes   51253 energy   193.4 births 49221333 deaths 49221438 (4160.8s) AMD Radeon AI PRO R9700 (RADV GFX1201)
tick  889000 alive  1046009 genomes   50293 energy   193.6 births 49002274 deaths 49002268 (4165.5s) AMD Radeon AI PRO R9700 (RADV GFX1201)
tick  890000 alive  1045967 genomes   50038 energy   194.1 births 48554232 deaths 48554274 (4170.2s) AMD Radeon AI PRO R9700 (RADV GFX1201)
tick  891000 alive  1046018 genomes   49017 energy   194.6 births 48602792 deaths 48602741 (4174.9s) AMD Radeon AI PRO R9700 (RADV GFX1201)
tick  892000 alive  1046058 genomes   49577 energy   194.4 births 48420120 deaths 48420080 (4179.5s) AMD Radeon AI PRO R9700 (RADV GFX1201)
tick  893000 alive  1046045 genomes   49283 energy   194.5 births 48336466 deaths 48336479 (4184.2s) AMD Radeon AI PRO R9700 (RADV GFX1201)
tick  894000 alive  1045998 genomes   50736 energy   193.5 births 48603629 deaths 48603676 (4188.8s) AMD Radeon AI PRO R9700 (RADV GFX1201)
tick  895000 alive  1046108 genomes   50501 energy   193.9 births 48881516 deaths 48881406 (4193.5s) AMD Radeon AI PRO R9700 (RADV GFX1201)
tick  896000 alive  1046106 genomes   50461 energy   193.8 births 48884200 deaths 48884202 (4198.2s) AMD Radeon AI PRO R9700 (RADV GFX1201)
tick  897000 alive  1045964 genomes   51161 energy   193.5 births 49188034 deaths 49188176 (4202.8s) AMD Radeon AI PRO R9700 (RADV GFX1201)
tick  898000 alive  1046090 genomes   50783 energy   193.7 births 49053719 deaths 49053593 (4207.5s) AMD Radeon AI PRO R9700 (RADV GFX1201)
tick  899000 alive  1045995 genomes   50537 energy   194.0 births 48843691 deaths 48843786 (4212.2s) AMD Radeon AI PRO R9700 (RADV GFX1201)
tick  900000 alive  1046091 genomes   49369 energy   194.7 births 48581082 deaths 48580986 (4216.8s) AMD Radeon AI PRO R9700 (RADV GFX1201)
tick  901000 alive  1046106 genomes   48957 energy   194.6 births 48463694 deaths 48463679 (4221.5s) AMD Radeon AI PRO R9700 (RADV GFX1201)
tick  902000 alive  1046082 genomes   48528 energy   195.1 births 47948513 deaths 47948537 (4226.1s) AMD Radeon AI PRO R9700 (RADV GFX1201)
tick  903000 alive  1046044 genomes   48701 energy   194.7 births 48278626 deaths 48278664 (4230.8s) AMD Radeon AI PRO R9700 (RADV GFX1201)
tick  904000 alive  1046034 genomes   49607 energy   194.3 births 48307879 deaths 48307889 (4235.4s) AMD Radeon AI PRO R9700 (RADV GFX1201)
tick  905000 alive  1046071 genomes   49304 energy   195.3 births 48325029 deaths 48324992 (4240.1s) AMD Radeon AI PRO R9700 (RADV GFX1201)
tick  906000 alive  1046061 genomes   50642 energy   193.9 births 48270632 deaths 48270642 (4244.7s) AMD Radeon AI PRO R9700 (RADV GFX1201)
tick  907000 alive  1045950 genomes   50081 energy   194.4 births 48928693 deaths 48928804 (4249.4s) AMD Radeon AI PRO R9700 (RADV GFX1201)
tick  908000 alive  1046023 genomes   50423 energy   194.3 births 48921366 deaths 48921293 (4254.0s) AMD Radeon AI PRO R9700 (RADV GFX1201)
tick  909000 alive  1046038 genomes   49332 energy   194.8 births 48399698 deaths 48399683 (4258.7s) AMD Radeon AI PRO R9700 (RADV GFX1201)
tick  910000 alive  1046124 genomes   49705 energy   194.4 births 48012343 deaths 48012257 (4263.3s) AMD Radeon AI PRO R9700 (RADV GFX1201)
tick  911000 alive  1046046 genomes   49986 energy   194.8 births 48271781 deaths 48271859 (4267.9s) AMD Radeon AI PRO R9700 (RADV GFX1201)
tick  912000 alive  1045890 genomes   49618 energy   195.0 births 48221536 deaths 48221692 (4272.6s) AMD Radeon AI PRO R9700 (RADV GFX1201)
tick  913000 alive  1045989 genomes   50258 energy   194.3 births 48310446 deaths 48310347 (4277.3s) AMD Radeon AI PRO R9700 (RADV GFX1201)
tick  914000 alive  1046053 genomes   50809 energy   193.8 births 48668531 deaths 48668467 (4281.9s) AMD Radeon AI PRO R9700 (RADV GFX1201)
tick  915000 alive  1045912 genomes   51306 energy   193.8 births 49059544 deaths 49059685 (4286.6s) AMD Radeon AI PRO R9700 (RADV GFX1201)
tick  916000 alive  1045972 genomes   50139 energy   194.3 births 48733018 deaths 48732958 (4291.2s) AMD Radeon AI PRO R9700 (RADV GFX1201)
tick  917000 alive  1046055 genomes   50336 energy   194.4 births 48427469 deaths 48427386 (4295.9s) AMD Radeon AI PRO R9700 (RADV GFX1201)
tick  918000 alive  1045980 genomes   49579 energy   194.4 births 48541009 deaths 48541084 (4300.6s) AMD Radeon AI PRO R9700 (RADV GFX1201)
tick  919000 alive  1046029 genomes   50834 energy   193.7 births 48747328 deaths 48747279 (4305.3s) AMD Radeon AI PRO R9700 (RADV GFX1201)
tick  920000 alive  1046115 genomes   49692 energy   194.7 births 48522504 deaths 48522418 (4309.9s) AMD Radeon AI PRO R9700 (RADV GFX1201)
tick  921000 alive  1046088 genomes   51162 energy   193.6 births 48929778 deaths 48929805 (4314.6s) AMD Radeon AI PRO R9700 (RADV GFX1201)
tick  922000 alive  1046108 genomes   50532 energy   193.8 births 48932729 deaths 48932709 (4319.3s) AMD Radeon AI PRO R9700 (RADV GFX1201)
tick  923000 alive  1046129 genomes   50203 energy   194.4 births 48615390 deaths 48615369 (4323.9s) AMD Radeon AI PRO R9700 (RADV GFX1201)
tick  924000 alive  1045974 genomes   49741 energy   195.1 births 48320739 deaths 48320894 (4328.6s) AMD Radeon AI PRO R9700 (RADV GFX1201)
tick  925000 alive  1046036 genomes   50871 energy   194.6 births 48237930 deaths 48237868 (4333.3s) AMD Radeon AI PRO R9700 (RADV GFX1201)
tick  926000 alive  1046094 genomes   50528 energy   194.5 births 48399823 deaths 48399765 (4338.0s) AMD Radeon AI PRO R9700 (RADV GFX1201)
tick  927000 alive  1045986 genomes   49642 energy   195.1 births 48092125 deaths 48092233 (4342.7s) AMD Radeon AI PRO R9700 (RADV GFX1201)
tick  928000 alive  1045956 genomes   51116 energy   193.8 births 48243308 deaths 48243338 (4347.3s) AMD Radeon AI PRO R9700 (RADV GFX1201)
tick  929000 alive  1046008 genomes   50670 energy   194.3 births 48789295 deaths 48789243 (4352.0s) AMD Radeon AI PRO R9700 (RADV GFX1201)
tick  930000 alive  1046042 genomes   51899 energy   193.3 births 49065857 deaths 49065823 (4356.6s) AMD Radeon AI PRO R9700 (RADV GFX1201)
tick  931000 alive  1046026 genomes   50850 energy   194.0 births 49093832 deaths 49093848 (4361.4s) AMD Radeon AI PRO R9700 (RADV GFX1201)
tick  932000 alive  1046124 genomes   50630 energy   194.6 births 48366305 deaths 48366207 (4366.0s) AMD Radeon AI PRO R9700 (RADV GFX1201)
tick  933000 alive  1046043 genomes   50069 energy   194.8 births 48126928 deaths 48127009 (4370.7s) AMD Radeon AI PRO R9700 (RADV GFX1201)
tick  934000 alive  1046041 genomes   49054 energy   195.2 births 48288079 deaths 48288081 (4375.3s) AMD Radeon AI PRO R9700 (RADV GFX1201)
tick  935000 alive  1046075 genomes   49574 energy   194.7 births 47978412 deaths 47978378 (4380.0s) AMD Radeon AI PRO R9700 (RADV GFX1201)
tick  936000 alive  1046039 genomes   49172 energy   195.0 births 47978043 deaths 47978079 (4384.7s) AMD Radeon AI PRO R9700 (RADV GFX1201)
tick  937000 alive  1045972 genomes   49413 energy   194.8 births 47805277 deaths 47805344 (4389.3s) AMD Radeon AI PRO R9700 (RADV GFX1201)
tick  938000 alive  1046041 genomes   49938 energy   194.4 births 48426481 deaths 48426412 (4394.0s) AMD Radeon AI PRO R9700 (RADV GFX1201)
tick  939000 alive  1046045 genomes   49375 energy   194.9 births 48445596 deaths 48445592 (4398.6s) AMD Radeon AI PRO R9700 (RADV GFX1201)
tick  940000 alive  1046006 genomes   49003 energy   194.7 births 48294253 deaths 48294292 (4403.3s) AMD Radeon AI PRO R9700 (RADV GFX1201)
tick  941000 alive  1045966 genomes   49050 energy   194.6 births 48291930 deaths 48291970 (4408.0s) AMD Radeon AI PRO R9700 (RADV GFX1201)
tick  942000 alive  1046023 genomes   48839 energy   194.8 births 48216137 deaths 48216080 (4412.6s) AMD Radeon AI PRO R9700 (RADV GFX1201)
tick  943000 alive  1046045 genomes   47053 energy   195.9 births 47438816 deaths 47438794 (4417.3s) AMD Radeon AI PRO R9700 (RADV GFX1201)
tick  944000 alive  1046064 genomes   47105 energy   195.8 births 47092010 deaths 47091991 (4421.9s) AMD Radeon AI PRO R9700 (RADV GFX1201)
tick  945000 alive  1045897 genomes   48080 energy   194.7 births 47756077 deaths 47756244 (4426.6s) AMD Radeon AI PRO R9700 (RADV GFX1201)
tick  946000 alive  1046047 genomes   48433 energy   194.7 births 48146985 deaths 48146835 (4431.2s) AMD Radeon AI PRO R9700 (RADV GFX1201)
tick  947000 alive  1045997 genomes   47911 energy   194.6 births 48092222 deaths 48092272 (4435.9s) AMD Radeon AI PRO R9700 (RADV GFX1201)
tick  948000 alive  1046061 genomes   49691 energy   193.8 births 48516460 deaths 48516396 (4440.5s) AMD Radeon AI PRO R9700 (RADV GFX1201)
tick  949000 alive  1046012 genomes   48325 energy   194.7 births 48376213 deaths 48376262 (4445.2s) AMD Radeon AI PRO R9700 (RADV GFX1201)
tick  950000 alive  1046103 genomes   48690 energy   194.4 births 48239919 deaths 48239828 (4449.8s) AMD Radeon AI PRO R9700 (RADV GFX1201)
tick  951000 alive  1045987 genomes   48177 energy   194.9 births 48230376 deaths 48230492 (4454.5s) AMD Radeon AI PRO R9700 (RADV GFX1201)
tick  952000 alive  1046017 genomes   48653 energy   194.3 births 48007532 deaths 48007502 (4459.2s) AMD Radeon AI PRO R9700 (RADV GFX1201)
tick  953000 alive  1045990 genomes   48450 energy   195.0 births 48232684 deaths 48232711 (4463.8s) AMD Radeon AI PRO R9700 (RADV GFX1201)
tick  954000 alive  1046031 genomes   50295 energy   193.8 births 48258117 deaths 48258076 (4468.5s) AMD Radeon AI PRO R9700 (RADV GFX1201)
tick  955000 alive  1046064 genomes   49607 energy   194.6 births 48781358 deaths 48781325 (4473.2s) AMD Radeon AI PRO R9700 (RADV GFX1201)
tick  956000 alive  1046021 genomes   49315 energy   194.4 births 48415131 deaths 48415174 (4477.8s) AMD Radeon AI PRO R9700 (RADV GFX1201)
tick  957000 alive  1046096 genomes   49399 energy   194.4 births 48284398 deaths 48284323 (4482.5s) AMD Radeon AI PRO R9700 (RADV GFX1201)
tick  958000 alive  1046063 genomes   49181 energy   194.5 births 48771339 deaths 48771372 (4487.2s) AMD Radeon AI PRO R9700 (RADV GFX1201)
tick  959000 alive  1046066 genomes   48401 energy   194.5 births 48333675 deaths 48333672 (4491.9s) AMD Radeon AI PRO R9700 (RADV GFX1201)
tick  960000 alive  1045944 genomes   48110 energy   194.6 births 48045021 deaths 48045143 (4496.5s) AMD Radeon AI PRO R9700 (RADV GFX1201)
tick  961000 alive  1045979 genomes   47737 energy   195.0 births 48243487 deaths 48243452 (4501.2s) AMD Radeon AI PRO R9700 (RADV GFX1201)
tick  962000 alive  1045966 genomes   48924 energy   194.5 births 48067333 deaths 48067346 (4505.9s) AMD Radeon AI PRO R9700 (RADV GFX1201)
tick  963000 alive  1045998 genomes   49300 energy   194.2 births 48600433 deaths 48600401 (4510.5s) AMD Radeon AI PRO R9700 (RADV GFX1201)
tick  964000 alive  1046037 genomes   48600 energy   194.3 births 48449404 deaths 48449365 (4515.1s) AMD Radeon AI PRO R9700 (RADV GFX1201)
tick  965000 alive  1046046 genomes   48762 energy   194.3 births 48522770 deaths 48522761 (4519.8s) AMD Radeon AI PRO R9700 (RADV GFX1201)
tick  966000 alive  1046056 genomes   48567 energy   194.7 births 48319447 deaths 48319437 (4524.5s) AMD Radeon AI PRO R9700 (RADV GFX1201)
tick  967000 alive  1046032 genomes   48788 energy   194.7 births 48095289 deaths 48095313 (4529.2s) AMD Radeon AI PRO R9700 (RADV GFX1201)
tick  968000 alive  1046119 genomes   49152 energy   194.2 births 48476796 deaths 48476709 (4533.8s) AMD Radeon AI PRO R9700 (RADV GFX1201)
tick  969000 alive  1046018 genomes   48794 energy   194.5 births 48396537 deaths 48396638 (4538.4s) AMD Radeon AI PRO R9700 (RADV GFX1201)
tick  970000 alive  1046018 genomes   50120 energy   194.2 births 48533426 deaths 48533426 (4543.1s) AMD Radeon AI PRO R9700 (RADV GFX1201)
tick  971000 alive  1045953 genomes   49330 energy   194.2 births 48714226 deaths 48714291 (4547.7s) AMD Radeon AI PRO R9700 (RADV GFX1201)
tick  972000 alive  1045995 genomes   49576 energy   194.2 births 48670759 deaths 48670717 (4552.3s) AMD Radeon AI PRO R9700 (RADV GFX1201)
tick  973000 alive  1046091 genomes   49993 energy   193.8 births 48585111 deaths 48585015 (4557.0s) AMD Radeon AI PRO R9700 (RADV GFX1201)
tick  974000 alive  1046038 genomes   50412 energy   193.8 births 49037599 deaths 49037652 (4561.6s) AMD Radeon AI PRO R9700 (RADV GFX1201)
tick  975000 alive  1045991 genomes   48969 energy   194.6 births 48530464 deaths 48530511 (4566.4s) AMD Radeon AI PRO R9700 (RADV GFX1201)
tick  976000 alive  1045987 genomes   49195 energy   194.3 births 48465736 deaths 48465740 (4571.0s) AMD Radeon AI PRO R9700 (RADV GFX1201)
tick  977000 alive  1046142 genomes   49055 energy   194.4 births 48320916 deaths 48320761 (4575.7s) AMD Radeon AI PRO R9700 (RADV GFX1201)
tick  978000 alive  1046033 genomes   49682 energy   194.4 births 48530689 deaths 48530798 (4580.4s) AMD Radeon AI PRO R9700 (RADV GFX1201)
tick  979000 alive  1046107 genomes   49132 energy   194.5 births 48368987 deaths 48368913 (4585.1s) AMD Radeon AI PRO R9700 (RADV GFX1201)
tick  980000 alive  1046042 genomes   48734 energy   195.2 births 47946559 deaths 47946624 (4589.7s) AMD Radeon AI PRO R9700 (RADV GFX1201)
tick  981000 alive  1046083 genomes   48823 energy   194.6 births 47955359 deaths 47955318 (4594.4s) AMD Radeon AI PRO R9700 (RADV GFX1201)
tick  982000 alive  1046022 genomes   48719 energy   194.7 births 48052514 deaths 48052575 (4599.0s) AMD Radeon AI PRO R9700 (RADV GFX1201)
tick  983000 alive  1046112 genomes   48332 energy   194.6 births 48126997 deaths 48126907 (4603.7s) AMD Radeon AI PRO R9700 (RADV GFX1201)
tick  984000 alive  1046060 genomes   49158 energy   195.0 births 48122701 deaths 48122753 (4608.3s) AMD Radeon AI PRO R9700 (RADV GFX1201)
tick  985000 alive  1045979 genomes   48742 energy   194.8 births 47926609 deaths 47926690 (4613.0s) AMD Radeon AI PRO R9700 (RADV GFX1201)
tick  986000 alive  1045988 genomes   48584 energy   195.1 births 47973893 deaths 47973884 (4617.6s) AMD Radeon AI PRO R9700 (RADV GFX1201)
tick  987000 alive  1046006 genomes   49267 energy   194.4 births 48348386 deaths 48348368 (4622.3s) AMD Radeon AI PRO R9700 (RADV GFX1201)
tick  988000 alive  1045978 genomes   50172 energy   193.7 births 48646909 deaths 48646937 (4627.0s) AMD Radeon AI PRO R9700 (RADV GFX1201)
tick  989000 alive  1045981 genomes   50662 energy   193.1 births 48993360 deaths 48993357 (4631.6s) AMD Radeon AI PRO R9700 (RADV GFX1201)
tick  990000 alive  1046108 genomes   50852 energy   193.2 births 49537783 deaths 49537656 (4636.3s) AMD Radeon AI PRO R9700 (RADV GFX1201)
tick  991000 alive  1046037 genomes   51166 energy   193.5 births 49454406 deaths 49454477 (4640.9s) AMD Radeon AI PRO R9700 (RADV GFX1201)
tick  992000 alive  1045982 genomes   50216 energy   193.6 births 49162466 deaths 49162521 (4645.6s) AMD Radeon AI PRO R9700 (RADV GFX1201)
tick  993000 alive  1045961 genomes   50070 energy   194.0 births 48927565 deaths 48927586 (4650.3s) AMD Radeon AI PRO R9700 (RADV GFX1201)
tick  994000 alive  1045973 genomes   48324 energy   194.8 births 48481954 deaths 48481942 (4655.0s) AMD Radeon AI PRO R9700 (RADV GFX1201)
tick  995000 alive  1046145 genomes   48802 energy   194.8 births 48185785 deaths 48185613 (4659.7s) AMD Radeon AI PRO R9700 (RADV GFX1201)
tick  996000 alive  1046078 genomes   48759 energy   194.4 births 48096891 deaths 48096958 (4664.3s) AMD Radeon AI PRO R9700 (RADV GFX1201)
tick  997000 alive  1046063 genomes   47560 energy   195.3 births 48181532 deaths 48181547 (4669.0s) AMD Radeon AI PRO R9700 (RADV GFX1201)
tick  998000 alive  1045979 genomes   49135 energy   194.6 births 47965859 deaths 47965943 (4673.7s) AMD Radeon AI PRO R9700 (RADV GFX1201)
tick  999000 alive  1046060 genomes   50085 energy   194.0 births 48798926 deaths 48798845 (4678.4s) AMD Radeon AI PRO R9700 (RADV GFX1201)
tick 1000000 alive  1045988 genomes   49677 energy   194.5 births 48667837 deaths 48667909 (4683.1s) AMD Radeon AI PRO R9700 (RADV GFX1201)
tick 1001000 alive  1046023 genomes   50270 energy   193.6 births 48381280 deaths 48381245 (4687.7s) AMD Radeon AI PRO R9700 (RADV GFX1201)
tick 1002000 alive  1046018 genomes   50256 energy   194.3 births 48773592 deaths 48773597 (4692.4s) AMD Radeon AI PRO R9700 (RADV GFX1201)
tick 1003000 alive  1046101 genomes   49669 energy   194.4 births 48396184 deaths 48396101 (4697.1s) AMD Radeon AI PRO R9700 (RADV GFX1201)
tick 1004000 alive  1045973 genomes   48759 energy   194.5 births 48358364 deaths 48358492 (4701.7s) AMD Radeon AI PRO R9700 (RADV GFX1201)
tick 1005000 alive  1045936 genomes   49586 energy   193.9 births 48431853 deaths 48431890 (4706.4s) AMD Radeon AI PRO R9700 (RADV GFX1201)
tick 1006000 alive  1046109 genomes   50671 energy   193.4 births 48898745 deaths 48898572 (4711.1s) AMD Radeon AI PRO R9700 (RADV GFX1201)
tick 1007000 alive  1046053 genomes   49463 energy   194.4 births 48782240 deaths 48782296 (4715.8s) AMD Radeon AI PRO R9700 (RADV GFX1201)
tick 1008000 alive  1045989 genomes   49806 energy   194.3 births 48457953 deaths 48458017 (4720.4s) AMD Radeon AI PRO R9700 (RADV GFX1201)
tick 1009000 alive  1046023 genomes   50314 energy   193.3 births 48914850 deaths 48914816 (4725.1s) AMD Radeon AI PRO R9700 (RADV GFX1201)
tick 1010000 alive  1045941 genomes   50463 energy   193.7 births 49036425 deaths 49036507 (4729.8s) AMD Radeon AI PRO R9700 (RADV GFX1201)
tick 1011000 alive  1045989 genomes   50876 energy   193.5 births 49366028 deaths 49365980 (4734.4s) AMD Radeon AI PRO R9700 (RADV GFX1201)
tick 1012000 alive  1046142 genomes   50973 energy   193.5 births 49372147 deaths 49371994 (4739.1s) AMD Radeon AI PRO R9700 (RADV GFX1201)
tick 1013000 alive  1046086 genomes   51080 energy   193.2 births 49403192 deaths 49403248 (4743.8s) AMD Radeon AI PRO R9700 (RADV GFX1201)
tick 1014000 alive  1046040 genomes   50864 energy   193.7 births 49282862 deaths 49282908 (4748.4s) AMD Radeon AI PRO R9700 (RADV GFX1201)
tick 1015000 alive  1046022 genomes   52291 energy   192.8 births 49619790 deaths 49619808 (4753.1s) AMD Radeon AI PRO R9700 (RADV GFX1201)
tick 1016000 alive  1046041 genomes   51701 energy   193.1 births 49888447 deaths 49888428 (4757.8s) AMD Radeon AI PRO R9700 (RADV GFX1201)
tick 1017000 alive  1046044 genomes   51312 energy   193.1 births 49885397 deaths 49885394 (4762.5s) AMD Radeon AI PRO R9700 (RADV GFX1201)
tick 1018000 alive  1046044 genomes   51062 energy   193.0 births 49489632 deaths 49489632 (4767.2s) AMD Radeon AI PRO R9700 (RADV GFX1201)
tick 1019000 alive  1045971 genomes   50702 energy   193.8 births 49500388 deaths 49500461 (4771.8s) AMD Radeon AI PRO R9700 (RADV GFX1201)
tick 1020000 alive  1046073 genomes   49562 energy   194.3 births 49159282 deaths 49159180 (4776.5s) AMD Radeon AI PRO R9700 (RADV GFX1201)
tick 1021000 alive  1046037 genomes   49759 energy   194.1 births 48546314 deaths 48546350 (4781.2s) AMD Radeon AI PRO R9700 (RADV GFX1201)
tick 1022000 alive  1045998 genomes   49441 energy   194.3 births 48608596 deaths 48608635 (4785.9s) AMD Radeon AI PRO R9700 (RADV GFX1201)
tick 1023000 alive  1045862 genomes   50191 energy   193.8 births 48737519 deaths 48737655 (4790.6s) AMD Radeon AI PRO R9700 (RADV GFX1201)
tick 1024000 alive  1046034 genomes   50719 energy   193.8 births 49080606 deaths 49080434 (4795.3s) AMD Radeon AI PRO R9700 (RADV GFX1201)
tick 1025000 alive  1046047 genomes   50381 energy   194.0 births 48697613 deaths 48697600 (4800.0s) AMD Radeon AI PRO R9700 (RADV GFX1201)
tick 1026000 alive  1046047 genomes   49463 energy   194.4 births 48486262 deaths 48486262 (4804.6s) AMD Radeon AI PRO R9700 (RADV GFX1201)
tick 1027000 alive  1045955 genomes   49260 energy   194.7 births 48238570 deaths 48238662 (4809.3s) AMD Radeon AI PRO R9700 (RADV GFX1201)
tick 1028000 alive  1045965 genomes   50083 energy   194.1 births 48235054 deaths 48235044 (4813.9s) AMD Radeon AI PRO R9700 (RADV GFX1201)
tick 1029000 alive  1046136 genomes   50078 energy   194.3 births 48695836 deaths 48695665 (4818.6s) AMD Radeon AI PRO R9700 (RADV GFX1201)
tick 1030000 alive  1046126 genomes   49577 energy   194.0 births 48549685 deaths 48549695 (4823.3s) AMD Radeon AI PRO R9700 (RADV GFX1201)
tick 1031000 alive  1046089 genomes   49901 energy   193.9 births 48784893 deaths 48784930 (4828.0s) AMD Radeon AI PRO R9700 (RADV GFX1201)
tick 1032000 alive  1046007 genomes   50264 energy   193.5 births 49059392 deaths 49059474 (4832.7s) AMD Radeon AI PRO R9700 (RADV GFX1201)
tick 1033000 alive  1046059 genomes   51337 energy   193.1 births 49327715 deaths 49327663 (4837.4s) AMD Radeon AI PRO R9700 (RADV GFX1201)
tick 1034000 alive  1045963 genomes   52529 energy   192.2 births 49946642 deaths 49946738 (4842.0s) AMD Radeon AI PRO R9700 (RADV GFX1201)
tick 1035000 alive  1046057 genomes   51317 energy   193.1 births 49777350 deaths 49777256 (4846.7s) AMD Radeon AI PRO R9700 (RADV GFX1201)
tick 1036000 alive  1045902 genomes   51605 energy   192.9 births 49556388 deaths 49556543 (4851.3s) AMD Radeon AI PRO R9700 (RADV GFX1201)
tick 1037000 alive  1045985 genomes   51766 energy   193.0 births 49660769 deaths 49660686 (4856.0s) AMD Radeon AI PRO R9700 (RADV GFX1201)
tick 1038000 alive  1046019 genomes   51982 energy   192.7 births 49917759 deaths 49917725 (4860.7s) AMD Radeon AI PRO R9700 (RADV GFX1201)
tick 1039000 alive  1046033 genomes   50595 energy   193.4 births 49519143 deaths 49519129 (4865.4s) AMD Radeon AI PRO R9700 (RADV GFX1201)
tick 1040000 alive  1046104 genomes   50205 energy   194.0 births 49201673 deaths 49201602 (4870.0s) AMD Radeon AI PRO R9700 (RADV GFX1201)
tick 1041000 alive  1046030 genomes   49450 energy   194.5 births 49029386 deaths 49029460 (4874.7s) AMD Radeon AI PRO R9700 (RADV GFX1201)
tick 1042000 alive  1045949 genomes   49802 energy   194.7 births 48465020 deaths 48465101 (4879.4s) AMD Radeon AI PRO R9700 (RADV GFX1201)
tick 1043000 alive  1046011 genomes   50431 energy   193.7 births 48353728 deaths 48353666 (4884.1s) AMD Radeon AI PRO R9700 (RADV GFX1201)
tick 1044000 alive  1046004 genomes   51489 energy   193.4 births 49010655 deaths 49010662 (4888.7s) AMD Radeon AI PRO R9700 (RADV GFX1201)
tick 1045000 alive  1045908 genomes   52645 energy   192.6 births 49794595 deaths 49794691 (4893.5s) AMD Radeon AI PRO R9700 (RADV GFX1201)
tick 1046000 alive  1046006 genomes   50754 energy   194.3 births 49289787 deaths 49289689 (4898.1s) AMD Radeon AI PRO R9700 (RADV GFX1201)
tick 1047000 alive  1046112 genomes   49559 energy   194.4 births 48567733 deaths 48567627 (4902.9s) AMD Radeon AI PRO R9700 (RADV GFX1201)
tick 1048000 alive  1046121 genomes   50700 energy   193.5 births 48889914 deaths 48889905 (4907.5s) AMD Radeon AI PRO R9700 (RADV GFX1201)
tick 1049000 alive  1046022 genomes   50782 energy   193.5 births 49312319 deaths 49312418 (4912.2s) AMD Radeon AI PRO R9700 (RADV GFX1201)
tick 1050000 alive  1045965 genomes   51140 energy   193.0 births 49455705 deaths 49455762 (4916.8s) AMD Radeon AI PRO R9700 (RADV GFX1201)
tick 1051000 alive  1046086 genomes   50640 energy   193.5 births 49225453 deaths 49225332 (4921.5s) AMD Radeon AI PRO R9700 (RADV GFX1201)
tick 1052000 alive  1046002 genomes   50734 energy   193.4 births 49378846 deaths 49378930 (4926.2s) AMD Radeon AI PRO R9700 (RADV GFX1201)
tick 1053000 alive  1045976 genomes   51945 energy   193.2 births 49472110 deaths 49472136 (4930.9s) AMD Radeon AI PRO R9700 (RADV GFX1201)
tick 1054000 alive  1046048 genomes   51701 energy   192.9 births 49449530 deaths 49449458 (4935.5s) AMD Radeon AI PRO R9700 (RADV GFX1201)
tick 1055000 alive  1046043 genomes   51829 energy   193.0 births 49647464 deaths 49647469 (4940.2s) AMD Radeon AI PRO R9700 (RADV GFX1201)
tick 1056000 alive  1045992 genomes   51769 energy   192.8 births 49950351 deaths 49950402 (4944.9s) AMD Radeon AI PRO R9700 (RADV GFX1201)
tick 1057000 alive  1045923 genomes   52130 energy   192.8 births 49893209 deaths 49893278 (4949.6s) AMD Radeon AI PRO R9700 (RADV GFX1201)
tick 1058000 alive  1046022 genomes   51603 energy   192.6 births 49786389 deaths 49786290 (4954.3s) AMD Radeon AI PRO R9700 (RADV GFX1201)
tick 1059000 alive  1045966 genomes   51243 energy   193.4 births 49720785 deaths 49720841 (4959.0s) AMD Radeon AI PRO R9700 (RADV GFX1201)
tick 1060000 alive  1045982 genomes   51373 energy   193.0 births 49547753 deaths 49547737 (4963.7s) AMD Radeon AI PRO R9700 (RADV GFX1201)
tick 1061000 alive  1046019 genomes   51534 energy   193.3 births 49655677 deaths 49655640 (4968.4s) AMD Radeon AI PRO R9700 (RADV GFX1201)
tick 1062000 alive  1046069 genomes   50403 energy   194.2 births 49421093 deaths 49421043 (4973.1s) AMD Radeon AI PRO R9700 (RADV GFX1201)
tick 1063000 alive  1045985 genomes   51087 energy   193.6 births 48909542 deaths 48909626 (4977.8s) AMD Radeon AI PRO R9700 (RADV GFX1201)
tick 1064000 alive  1046142 genomes   50826 energy   193.8 births 49059359 deaths 49059202 (4982.5s) AMD Radeon AI PRO R9700 (RADV GFX1201)
tick 1065000 alive  1046037 genomes   51780 energy   192.9 births 49691010 deaths 49691115 (4987.2s) AMD Radeon AI PRO R9700 (RADV GFX1201)
tick 1066000 alive  1046046 genomes   50963 energy   193.6 births 49499725 deaths 49499716 (4991.8s) AMD Radeon AI PRO R9700 (RADV GFX1201)
tick 1067000 alive  1046097 genomes   51544 energy   193.2 births 49233205 deaths 49233154 (4996.5s) AMD Radeon AI PRO R9700 (RADV GFX1201)
tick 1068000 alive  1046060 genomes   51536 energy   193.3 births 49343153 deaths 49343190 (5001.2s) AMD Radeon AI PRO R9700 (RADV GFX1201)
tick 1069000 alive  1046086 genomes   50596 energy   193.3 births 49732712 deaths 49732686 (5005.9s) AMD Radeon AI PRO R9700 (RADV GFX1201)
tick 1070000 alive  1046025 genomes   50993 energy   193.1 births 49312343 deaths 49312404 (5010.5s) AMD Radeon AI PRO R9700 (RADV GFX1201)
tick 1071000 alive  1046048 genomes   51497 energy   193.2 births 49349112 deaths 49349089 (5015.2s) AMD Radeon AI PRO R9700 (RADV GFX1201)
tick 1072000 alive  1046050 genomes   51123 energy   193.3 births 49499614 deaths 49499612 (5019.8s) AMD Radeon AI PRO R9700 (RADV GFX1201)
tick 1073000 alive  1046071 genomes   51823 energy   193.0 births 49264827 deaths 49264806 (5024.5s) AMD Radeon AI PRO R9700 (RADV GFX1201)
tick 1074000 alive  1045899 genomes   50543 energy   193.7 births 49310081 deaths 49310253 (5029.2s) AMD Radeon AI PRO R9700 (RADV GFX1201)
tick 1075000 alive  1046050 genomes   51268 energy   193.6 births 49112634 deaths 49112483 (5033.8s) AMD Radeon AI PRO R9700 (RADV GFX1201)
tick 1076000 alive  1045993 genomes   52412 energy   192.8 births 49254488 deaths 49254545 (5038.5s) AMD Radeon AI PRO R9700 (RADV GFX1201)
tick 1077000 alive  1045980 genomes   51447 energy   193.1 births 49756920 deaths 49756933 (5043.2s) AMD Radeon AI PRO R9700 (RADV GFX1201)
tick 1078000 alive  1046082 genomes   51269 energy   193.7 births 49433981 deaths 49433879 (5047.8s) AMD Radeon AI PRO R9700 (RADV GFX1201)
tick 1079000 alive  1046057 genomes   50915 energy   193.8 births 49229738 deaths 49229763 (5052.5s) AMD Radeon AI PRO R9700 (RADV GFX1201)
tick 1080000 alive  1045931 genomes   48982 energy   194.7 births 48581701 deaths 48581827 (5057.1s) AMD Radeon AI PRO R9700 (RADV GFX1201)
tick 1081000 alive  1046061 genomes   50844 energy   193.6 births 48669611 deaths 48669481 (5061.7s) AMD Radeon AI PRO R9700 (RADV GFX1201)
tick 1082000 alive  1046008 genomes   50617 energy   193.9 births 49147084 deaths 49147137 (5066.4s) AMD Radeon AI PRO R9700 (RADV GFX1201)
tick 1083000 alive  1045993 genomes   51209 energy   194.1 births 48681263 deaths 48681278 (5071.0s) AMD Radeon AI PRO R9700 (RADV GFX1201)
tick 1084000 alive  1046008 genomes   50753 energy   193.6 births 49089445 deaths 49089430 (5075.7s) AMD Radeon AI PRO R9700 (RADV GFX1201)
tick 1085000 alive  1046000 genomes   50479 energy   194.2 births 48986766 deaths 48986774 (5080.4s) AMD Radeon AI PRO R9700 (RADV GFX1201)
tick 1086000 alive  1045962 genomes   49595 energy   194.7 births 48610787 deaths 48610825 (5085.0s) AMD Radeon AI PRO R9700 (RADV GFX1201)
tick 1087000 alive  1046106 genomes   49335 energy   194.6 births 48639555 deaths 48639411 (5089.7s) AMD Radeon AI PRO R9700 (RADV GFX1201)
tick 1088000 alive  1046032 genomes   48504 energy   194.5 births 48316523 deaths 48316597 (5094.3s) AMD Radeon AI PRO R9700 (RADV GFX1201)
tick 1089000 alive  1046133 genomes   48333 energy   194.8 births 47887196 deaths 47887095 (5099.0s) AMD Radeon AI PRO R9700 (RADV GFX1201)
tick 1090000 alive  1045905 genomes   49668 energy   194.4 births 48348383 deaths 48348611 (5103.7s) AMD Radeon AI PRO R9700 (RADV GFX1201)
tick 1091000 alive  1045986 genomes   49763 energy   194.6 births 48669663 deaths 48669582 (5108.4s) AMD Radeon AI PRO R9700 (RADV GFX1201)
tick 1092000 alive  1046000 genomes   50053 energy   194.1 births 48599524 deaths 48599510 (5113.0s) AMD Radeon AI PRO R9700 (RADV GFX1201)
tick 1093000 alive  1046091 genomes   50912 energy   193.6 births 49206090 deaths 49205999 (5117.7s) AMD Radeon AI PRO R9700 (RADV GFX1201)
tick 1094000 alive  1046003 genomes   50504 energy   193.6 births 48921082 deaths 48921170 (5122.4s) AMD Radeon AI PRO R9700 (RADV GFX1201)
tick 1095000 alive  1046053 genomes   49735 energy   194.2 births 48991347 deaths 48991297 (5127.1s) AMD Radeon AI PRO R9700 (RADV GFX1201)
tick 1096000 alive  1046039 genomes   49881 energy   194.4 births 48728339 deaths 48728353 (5131.7s) AMD Radeon AI PRO R9700 (RADV GFX1201)
tick 1097000 alive  1046068 genomes   49350 energy   194.8 births 48413808 deaths 48413779 (5136.4s) AMD Radeon AI PRO R9700 (RADV GFX1201)
tick 1098000 alive  1046093 genomes   49442 energy   194.4 births 48201006 deaths 48200981 (5141.0s) AMD Radeon AI PRO R9700 (RADV GFX1201)
tick 1099000 alive  1045974 genomes   49362 energy   194.6 births 48462213 deaths 48462332 (5145.7s) AMD Radeon AI PRO R9700 (RADV GFX1201)
tick 1100000 alive  1045999 genomes   49967 energy   194.3 births 48744682 deaths 48744657 (5150.4s) AMD Radeon AI PRO R9700 (RADV GFX1201)
tick 1101000 alive  1046035 genomes   49506 energy   194.3 births 48741232 deaths 48741196 (5155.1s) AMD Radeon AI PRO R9700 (RADV GFX1201)
tick 1102000 alive  1046026 genomes   49889 energy   193.8 births 48807343 deaths 48807352 (5159.7s) AMD Radeon AI PRO R9700 (RADV GFX1201)
tick 1103000 alive  1046010 genomes   49754 energy   194.5 births 48968424 deaths 48968440 (5164.4s) AMD Radeon AI PRO R9700 (RADV GFX1201)
tick 1104000 alive  1046017 genomes   48782 energy   194.2 births 48393393 deaths 48393386 (5169.0s) AMD Radeon AI PRO R9700 (RADV GFX1201)
tick 1105000 alive  1046033 genomes   48345 energy   194.8 births 48078930 deaths 48078914 (5173.7s) AMD Radeon AI PRO R9700 (RADV GFX1201)
tick 1106000 alive  1046038 genomes   48269 energy   194.7 births 48399808 deaths 48399803 (5178.3s) AMD Radeon AI PRO R9700 (RADV GFX1201)
tick 1107000 alive  1046058 genomes   47694 energy   194.9 births 48400949 deaths 48400929 (5183.0s) AMD Radeon AI PRO R9700 (RADV GFX1201)
tick 1108000 alive  1046024 genomes   48953 energy   194.1 births 48262645 deaths 48262679 (5187.7s) AMD Radeon AI PRO R9700 (RADV GFX1201)
tick 1109000 alive  1046059 genomes   49991 energy   193.5 births 49048210 deaths 49048175 (5192.4s) AMD Radeon AI PRO R9700 (RADV GFX1201)
tick 1110000 alive  1046061 genomes   51263 energy   193.0 births 49626955 deaths 49626953 (5197.0s) AMD Radeon AI PRO R9700 (RADV GFX1201)
tick 1111000 alive  1046054 genomes   50168 energy   193.6 births 49409210 deaths 49409217 (5201.8s) AMD Radeon AI PRO R9700 (RADV GFX1201)
tick 1112000 alive  1046179 genomes   52079 energy   192.1 births 49650846 deaths 49650721 (5206.4s) AMD Radeon AI PRO R9700 (RADV GFX1201)
tick 1113000 alive  1046078 genomes   50827 energy   192.7 births 49921161 deaths 49921262 (5211.1s) AMD Radeon AI PRO R9700 (RADV GFX1201)
tick 1114000 alive  1046126 genomes   50270 energy   193.7 births 49330964 deaths 49330916 (5215.8s) AMD Radeon AI PRO R9700 (RADV GFX1201)
tick 1115000 alive  1046085 genomes   49290 energy   194.3 births 48923004 deaths 48923045 (5220.5s) AMD Radeon AI PRO R9700 (RADV GFX1201)
tick 1116000 alive  1046067 genomes   49488 energy   194.4 births 48407376 deaths 48407394 (5225.1s) AMD Radeon AI PRO R9700 (RADV GFX1201)
tick 1117000 alive  1046015 genomes   49122 energy   194.7 births 48382095 deaths 48382147 (5229.8s) AMD Radeon AI PRO R9700 (RADV GFX1201)
tick 1118000 alive  1046042 genomes   48769 energy   194.7 births 48258219 deaths 48258192 (5234.5s) AMD Radeon AI PRO R9700 (RADV GFX1201)
tick 1119000 alive  1046048 genomes   49043 energy   194.3 births 48267661 deaths 48267655 (5239.2s) AMD Radeon AI PRO R9700 (RADV GFX1201)
tick 1120000 alive  1046012 genomes   49774 energy   193.8 births 48818972 deaths 48819008 (5243.9s) AMD Radeon AI PRO R9700 (RADV GFX1201)
tick 1121000 alive  1045998 genomes   50576 energy   193.4 births 49303361 deaths 49303375 (5248.6s) AMD Radeon AI PRO R9700 (RADV GFX1201)
tick 1122000 alive  1046030 genomes   50180 energy   194.0 births 49112761 deaths 49112729 (5253.3s) AMD Radeon AI PRO R9700 (RADV GFX1201)
tick 1123000 alive  1046122 genomes   48663 energy   194.9 births 48422364 deaths 48422272 (5257.9s) AMD Radeon AI PRO R9700 (RADV GFX1201)
tick 1124000 alive  1045897 genomes   50082 energy   193.7 births 48456012 deaths 48456237 (5262.6s) AMD Radeon AI PRO R9700 (RADV GFX1201)
tick 1125000 alive  1046060 genomes   49846 energy   193.8 births 48877330 deaths 48877167 (5267.3s) AMD Radeon AI PRO R9700 (RADV GFX1201)
tick 1126000 alive  1045941 genomes   49460 energy   194.1 births 48923770 deaths 48923889 (5272.0s) AMD Radeon AI PRO R9700 (RADV GFX1201)
tick 1127000 alive  1045945 genomes   48910 energy   194.5 births 48542054 deaths 48542050 (5276.7s) AMD Radeon AI PRO R9700 (RADV GFX1201)
tick 1128000 alive  1046110 genomes   48198 energy   195.0 births 48347785 deaths 48347620 (5281.4s) AMD Radeon AI PRO R9700 (RADV GFX1201)
tick 1129000 alive  1046075 genomes   48031 energy   194.8 births 48068640 deaths 48068675 (5286.1s) AMD Radeon AI PRO R9700 (RADV GFX1201)
tick 1130000 alive  1046051 genomes   47667 energy   195.4 births 47755920 deaths 47755944 (5290.8s) AMD Radeon AI PRO R9700 (RADV GFX1201)
tick 1131000 alive  1046102 genomes   47856 energy   194.6 births 47785955 deaths 47785904 (5295.5s) AMD Radeon AI PRO R9700 (RADV GFX1201)
tick 1132000 alive  1045979 genomes   48785 energy   194.9 births 48273579 deaths 48273702 (5300.1s) AMD Radeon AI PRO R9700 (RADV GFX1201)
tick 1133000 alive  1046055 genomes   48152 energy   194.6 births 48322772 deaths 48322696 (5304.8s) AMD Radeon AI PRO R9700 (RADV GFX1201)
tick 1134000 alive  1046134 genomes   48912 energy   194.4 births 48389039 deaths 48388960 (5309.5s) AMD Radeon AI PRO R9700 (RADV GFX1201)
tick 1135000 alive  1046027 genomes   48045 energy   194.9 births 48002253 deaths 48002360 (5314.2s) AMD Radeon AI PRO R9700 (RADV GFX1201)
tick 1136000 alive  1046060 genomes   47407 energy   195.3 births 47981367 deaths 47981334 (5318.9s) AMD Radeon AI PRO R9700 (RADV GFX1201)
tick 1137000 alive  1046082 genomes   47981 energy   195.0 births 47818639 deaths 47818617 (5323.6s) AMD Radeon AI PRO R9700 (RADV GFX1201)
tick 1138000 alive  1045967 genomes   49443 energy   194.4 births 48351492 deaths 48351607 (5328.2s) AMD Radeon AI PRO R9700 (RADV GFX1201)
tick 1139000 alive  1046055 genomes   50132 energy   194.1 births 48641841 deaths 48641753 (5333.0s) AMD Radeon AI PRO R9700 (RADV GFX1201)
tick 1140000 alive  1045957 genomes   49774 energy   194.4 births 48776340 deaths 48776438 (5337.6s) AMD Radeon AI PRO R9700 (RADV GFX1201)
tick 1141000 alive  1046035 genomes   49072 energy   194.6 births 48488408 deaths 48488330 (5342.3s) AMD Radeon AI PRO R9700 (RADV GFX1201)
tick 1142000 alive  1046024 genomes   49574 energy   194.6 births 48165279 deaths 48165290 (5347.0s) AMD Radeon AI PRO R9700 (RADV GFX1201)
tick 1143000 alive  1046022 genomes   48574 energy   195.2 births 47968313 deaths 47968315 (5351.7s) AMD Radeon AI PRO R9700 (RADV GFX1201)
tick 1144000 alive  1046050 genomes   48460 energy   195.4 births 47804322 deaths 47804294 (5356.3s) AMD Radeon AI PRO R9700 (RADV GFX1201)
tick 1145000 alive  1046125 genomes   48472 energy   195.1 births 47823530 deaths 47823455 (5361.0s) AMD Radeon AI PRO R9700 (RADV GFX1201)
tick 1146000 alive  1046126 genomes   47796 energy   195.7 births 47639599 deaths 47639598 (5365.7s) AMD Radeon AI PRO R9700 (RADV GFX1201)
tick 1147000 alive  1046008 genomes   48773 energy   194.9 births 47828579 deaths 47828697 (5370.3s) AMD Radeon AI PRO R9700 (RADV GFX1201)
tick 1148000 alive  1046042 genomes   48109 energy   195.3 births 47746882 deaths 47746848 (5375.0s) AMD Radeon AI PRO R9700 (RADV GFX1201)
tick 1149000 alive  1045938 genomes   48943 energy   194.6 births 47826638 deaths 47826742 (5379.7s) AMD Radeon AI PRO R9700 (RADV GFX1201)
tick 1150000 alive  1046025 genomes   48098 energy   195.5 births 47605604 deaths 47605517 (5384.3s) AMD Radeon AI PRO R9700 (RADV GFX1201)
tick 1151000 alive  1046070 genomes   46605 energy   196.5 births 47361090 deaths 47361045 (5389.0s) AMD Radeon AI PRO R9700 (RADV GFX1201)
tick 1152000 alive  1046059 genomes   48033 energy   195.3 births 47263031 deaths 47263042 (5393.7s) AMD Radeon AI PRO R9700 (RADV GFX1201)
tick 1153000 alive  1046056 genomes   48733 energy   194.7 births 47879761 deaths 47879764 (5398.4s) AMD Radeon AI PRO R9700 (RADV GFX1201)
tick 1154000 alive  1045913 genomes   49502 energy   194.5 births 48136927 deaths 48137070 (5403.0s) AMD Radeon AI PRO R9700 (RADV GFX1201)
tick 1155000 alive  1046103 genomes   47789 energy   195.5 births 48233194 deaths 48233004 (5407.7s) AMD Radeon AI PRO R9700 (RADV GFX1201)
tick 1156000 alive  1046082 genomes   47644 energy   195.3 births 47780011 deaths 47780032 (5412.3s) AMD Radeon AI PRO R9700 (RADV GFX1201)
tick 1157000 alive  1046073 genomes   47904 energy   195.1 births 47979288 deaths 47979297 (5417.0s) AMD Radeon AI PRO R9700 (RADV GFX1201)
tick 1158000 alive  1046060 genomes   46831 energy   195.6 births 47614705 deaths 47614718 (5421.6s) AMD Radeon AI PRO R9700 (RADV GFX1201)
tick 1159000 alive  1046083 genomes   46649 energy   195.9 births 47375230 deaths 47375207 (5426.4s) AMD Radeon AI PRO R9700 (RADV GFX1201)
tick 1160000 alive  1046038 genomes   46702 energy   195.6 births 47327454 deaths 47327499 (5431.0s) AMD Radeon AI PRO R9700 (RADV GFX1201)
tick 1161000 alive  1046000 genomes   48012 energy   194.9 births 47618563 deaths 47618601 (5435.7s) AMD Radeon AI PRO R9700 (RADV GFX1201)
tick 1162000 alive  1046107 genomes   47743 energy   195.1 births 47853697 deaths 47853590 (5440.3s) AMD Radeon AI PRO R9700 (RADV GFX1201)
tick 1163000 alive  1046059 genomes   48056 energy   194.7 births 48267372 deaths 48267420 (5445.0s) AMD Radeon AI PRO R9700 (RADV GFX1201)
tick 1164000 alive  1046008 genomes   48244 energy   194.6 births 48169399 deaths 48169450 (5449.6s) AMD Radeon AI PRO R9700 (RADV GFX1201)
tick 1165000 alive  1046018 genomes   48468 energy   194.5 births 48302275 deaths 48302265 (5454.3s) AMD Radeon AI PRO R9700 (RADV GFX1201)
tick 1166000 alive  1046049 genomes   47866 energy   195.5 births 47995696 deaths 47995665 (5458.9s) AMD Radeon AI PRO R9700 (RADV GFX1201)
tick 1167000 alive  1046062 genomes   47136 energy   195.8 births 47491854 deaths 47491841 (5463.6s) AMD Radeon AI PRO R9700 (RADV GFX1201)
tick 1168000 alive  1046031 genomes   46815 energy   195.9 births 47347834 deaths 47347865 (5468.3s) AMD Radeon AI PRO R9700 (RADV GFX1201)
tick 1169000 alive  1045946 genomes   46757 energy   196.0 births 46961337 deaths 46961422 (5472.9s) AMD Radeon AI PRO R9700 (RADV GFX1201)
tick 1170000 alive  1045975 genomes   47137 energy   195.9 births 47274479 deaths 47274450 (5477.6s) AMD Radeon AI PRO R9700 (RADV GFX1201)
tick 1171000 alive  1045984 genomes   45895 energy   196.4 births 46784312 deaths 46784303 (5482.2s) AMD Radeon AI PRO R9700 (RADV GFX1201)
tick 1172000 alive  1046078 genomes   47060 energy   196.0 births 47124587 deaths 47124493 (5486.9s) AMD Radeon AI PRO R9700 (RADV GFX1201)
tick 1173000 alive  1046112 genomes   47078 energy   195.6 births 47206285 deaths 47206251 (5491.6s) AMD Radeon AI PRO R9700 (RADV GFX1201)
tick 1174000 alive  1045981 genomes   47433 energy   195.2 births 47174674 deaths 47174805 (5496.3s) AMD Radeon AI PRO R9700 (RADV GFX1201)
tick 1175000 alive  1046120 genomes   47468 energy   195.6 births 47765697 deaths 47765558 (5501.0s) AMD Radeon AI PRO R9700 (RADV GFX1201)
tick 1176000 alive  1046035 genomes   47188 energy   195.1 births 47259119 deaths 47259204 (5505.6s) AMD Radeon AI PRO R9700 (RADV GFX1201)
tick 1177000 alive  1045978 genomes   47746 energy   195.1 births 47767563 deaths 47767620 (5510.3s) AMD Radeon AI PRO R9700 (RADV GFX1201)
tick 1178000 alive  1046009 genomes   49024 energy   194.5 births 47977180 deaths 47977149 (5514.9s) AMD Radeon AI PRO R9700 (RADV GFX1201)
tick 1179000 alive  1046067 genomes   48785 energy   194.8 births 48641704 deaths 48641646 (5519.6s) AMD Radeon AI PRO R9700 (RADV GFX1201)
tick 1180000 alive  1045963 genomes   49504 energy   194.3 births 48495912 deaths 48496016 (5524.3s) AMD Radeon AI PRO R9700 (RADV GFX1201)
tick 1181000 alive  1046085 genomes   48006 energy   194.5 births 48242275 deaths 48242153 (5529.0s) AMD Radeon AI PRO R9700 (RADV GFX1201)
tick 1182000 alive  1046044 genomes   48310 energy   194.7 births 48205663 deaths 48205704 (5533.6s) AMD Radeon AI PRO R9700 (RADV GFX1201)
tick 1183000 alive  1046093 genomes   47685 energy   195.2 births 47957118 deaths 47957069 (5538.3s) AMD Radeon AI PRO R9700 (RADV GFX1201)
tick 1184000 alive  1045976 genomes   48125 energy   194.7 births 47817667 deaths 47817784 (5543.0s) AMD Radeon AI PRO R9700 (RADV GFX1201)
tick 1185000 alive  1046033 genomes   48193 energy   194.5 births 48338878 deaths 48338821 (5547.6s) AMD Radeon AI PRO R9700 (RADV GFX1201)
tick 1186000 alive  1046068 genomes   48195 energy   194.5 births 48217844 deaths 48217809 (5552.3s) AMD Radeon AI PRO R9700 (RADV GFX1201)
tick 1187000 alive  1046068 genomes   49558 energy   193.9 births 48561232 deaths 48561232 (5557.0s) AMD Radeon AI PRO R9700 (RADV GFX1201)
tick 1188000 alive  1045948 genomes   49485 energy   194.4 births 48570978 deaths 48571098 (5561.6s) AMD Radeon AI PRO R9700 (RADV GFX1201)
tick 1189000 alive  1046101 genomes   49188 energy   194.6 births 48485612 deaths 48485459 (5566.3s) AMD Radeon AI PRO R9700 (RADV GFX1201)
tick 1190000 alive  1046058 genomes   48653 energy   194.8 births 48220352 deaths 48220395 (5570.9s) AMD Radeon AI PRO R9700 (RADV GFX1201)
tick 1191000 alive  1046094 genomes   48334 energy   194.8 births 47975656 deaths 47975620 (5575.6s) AMD Radeon AI PRO R9700 (RADV GFX1201)
tick 1192000 alive  1046092 genomes   49742 energy   194.0 births 48695630 deaths 48695632 (5580.2s) AMD Radeon AI PRO R9700 (RADV GFX1201)
tick 1193000 alive  1046004 genomes   49493 energy   194.4 births 48658285 deaths 48658373 (5584.9s) AMD Radeon AI PRO R9700 (RADV GFX1201)
tick 1194000 alive  1045940 genomes   49799 energy   193.6 births 48783887 deaths 48783951 (5589.6s) AMD Radeon AI PRO R9700 (RADV GFX1201)
tick 1195000 alive  1045969 genomes   50032 energy   194.1 births 48705578 deaths 48705549 (5594.2s) AMD Radeon AI PRO R9700 (RADV GFX1201)
tick 1196000 alive  1046073 genomes   49912 energy   194.0 births 48726584 deaths 48726480 (5598.9s) AMD Radeon AI PRO R9700 (RADV GFX1201)
tick 1197000 alive  1046012 genomes   49150 energy   194.7 births 48430234 deaths 48430295 (5603.5s) AMD Radeon AI PRO R9700 (RADV GFX1201)
tick 1198000 alive  1046112 genomes   48398 energy   195.1 births 48280134 deaths 48280034 (5608.1s) AMD Radeon AI PRO R9700 (RADV GFX1201)
tick 1199000 alive  1046042 genomes   49082 energy   194.7 births 48227529 deaths 48227599 (5612.8s) AMD Radeon AI PRO R9700 (RADV GFX1201)
tick 1200000 alive  1045974 genomes   48874 energy   194.6 births 48261074 deaths 48261142 (5617.5s) AMD Radeon AI PRO R9700 (RADV GFX1201)
tick 1201000 alive  1045916 genomes   49749 energy   194.2 births 48664999 deaths 48665057 (5622.1s) AMD Radeon AI PRO R9700 (RADV GFX1201)
tick 1202000 alive  1045979 genomes   50855 energy   193.7 births 49029897 deaths 49029834 (5626.8s) AMD Radeon AI PRO R9700 (RADV GFX1201)
tick 1203000 alive  1046066 genomes   51042 energy   193.0 births 49261303 deaths 49261216 (5631.5s) AMD Radeon AI PRO R9700 (RADV GFX1201)
tick 1204000 alive  1045984 genomes   51637 energy   193.1 births 49493201 deaths 49493283 (5636.1s) AMD Radeon AI PRO R9700 (RADV GFX1201)
tick 1205000 alive  1045943 genomes   51279 energy   193.5 births 49695389 deaths 49695430 (5640.8s) AMD Radeon AI PRO R9700 (RADV GFX1201)
tick 1206000 alive  1046030 genomes   50765 energy   193.6 births 49374523 deaths 49374436 (5645.6s) AMD Radeon AI PRO R9700 (RADV GFX1201)
tick 1207000 alive  1046011 genomes   51307 energy   193.5 births 49530844 deaths 49530863 (5650.3s) AMD Radeon AI PRO R9700 (RADV GFX1201)
tick 1208000 alive  1046138 genomes   50794 energy   193.7 births 49246435 deaths 49246308 (5655.0s) AMD Radeon AI PRO R9700 (RADV GFX1201)
tick 1209000 alive  1046119 genomes   50585 energy   193.8 births 49024587 deaths 49024606 (5659.6s) AMD Radeon AI PRO R9700 (RADV GFX1201)
tick 1210000 alive  1046054 genomes   50699 energy   193.8 births 48579673 deaths 48579738 (5664.3s) AMD Radeon AI PRO R9700 (RADV GFX1201)
tick 1211000 alive  1045992 genomes   50852 energy   193.4 births 48760790 deaths 48760852 (5669.0s) AMD Radeon AI PRO R9700 (RADV GFX1201)
tick 1212000 alive  1046034 genomes   49451 energy   194.7 births 48856119 deaths 48856077 (5673.7s) AMD Radeon AI PRO R9700 (RADV GFX1201)
tick 1213000 alive  1046016 genomes   50051 energy   193.9 births 48412551 deaths 48412569 (5678.3s) AMD Radeon AI PRO R9700 (RADV GFX1201)
tick 1214000 alive  1046060 genomes   50372 energy   193.9 births 48769052 deaths 48769008 (5683.0s) AMD Radeon AI PRO R9700 (RADV GFX1201)
tick 1215000 alive  1046119 genomes   50214 energy   194.2 births 48852865 deaths 48852806 (5687.7s) AMD Radeon AI PRO R9700 (RADV GFX1201)
tick 1216000 alive  1046114 genomes   49685 energy   194.2 births 48586202 deaths 48586207 (5692.4s) AMD Radeon AI PRO R9700 (RADV GFX1201)
tick 1217000 alive  1045984 genomes   50174 energy   194.0 births 48720988 deaths 48721118 (5697.1s) AMD Radeon AI PRO R9700 (RADV GFX1201)
tick 1218000 alive  1045993 genomes   50540 energy   193.8 births 48961984 deaths 48961975 (5701.8s) AMD Radeon AI PRO R9700 (RADV GFX1201)
tick 1219000 alive  1045997 genomes   50073 energy   194.0 births 48954049 deaths 48954045 (5706.4s) AMD Radeon AI PRO R9700 (RADV GFX1201)
tick 1220000 alive  1046033 genomes   50212 energy   193.8 births 48728817 deaths 48728781 (5711.1s) AMD Radeon AI PRO R9700 (RADV GFX1201)
tick 1221000 alive  1046025 genomes   49759 energy   194.3 births 48619272 deaths 48619280 (5715.8s) AMD Radeon AI PRO R9700 (RADV GFX1201)
tick 1222000 alive  1046080 genomes   49936 energy   194.3 births 48401582 deaths 48401527 (5720.4s) AMD Radeon AI PRO R9700 (RADV GFX1201)
tick 1223000 alive  1046000 genomes   49516 energy   194.4 births 48585382 deaths 48585462 (5725.1s) AMD Radeon AI PRO R9700 (RADV GFX1201)
tick 1224000 alive  1046054 genomes   49618 energy   194.5 births 48370556 deaths 48370502 (5729.8s) AMD Radeon AI PRO R9700 (RADV GFX1201)
tick 1225000 alive  1046098 genomes   48930 energy   194.8 births 48190101 deaths 48190057 (5734.5s) AMD Radeon AI PRO R9700 (RADV GFX1201)
tick 1226000 alive  1046049 genomes   48640 energy   194.8 births 48609475 deaths 48609524 (5739.1s) AMD Radeon AI PRO R9700 (RADV GFX1201)
tick 1227000 alive  1046049 genomes   49438 energy   194.1 births 48420103 deaths 48420103 (5743.8s) AMD Radeon AI PRO R9700 (RADV GFX1201)
tick 1228000 alive  1045936 genomes   49867 energy   194.2 births 48657786 deaths 48657899 (5748.5s) AMD Radeon AI PRO R9700 (RADV GFX1201)
tick 1229000 alive  1046010 genomes   49801 energy   193.8 births 48679387 deaths 48679313 (5753.1s) AMD Radeon AI PRO R9700 (RADV GFX1201)
tick 1230000 alive  1045999 genomes   50005 energy   194.0 births 48926486 deaths 48926497 (5757.9s) AMD Radeon AI PRO R9700 (RADV GFX1201)
tick 1231000 alive  1046091 genomes   50881 energy   193.5 births 48874286 deaths 48874194 (5762.5s) AMD Radeon AI PRO R9700 (RADV GFX1201)
tick 1232000 alive  1046031 genomes   50805 energy   193.2 births 49355633 deaths 49355693 (5767.3s) AMD Radeon AI PRO R9700 (RADV GFX1201)
tick 1233000 alive  1046101 genomes   49559 energy   194.0 births 49196709 deaths 49196639 (5771.9s) AMD Radeon AI PRO R9700 (RADV GFX1201)
tick 1234000 alive  1046044 genomes   49727 energy   194.0 births 48721342 deaths 48721399 (5776.6s) AMD Radeon AI PRO R9700 (RADV GFX1201)
tick 1235000 alive  1046026 genomes   50137 energy   193.9 births 48936538 deaths 48936556 (5781.3s) AMD Radeon AI PRO R9700 (RADV GFX1201)
tick 1236000 alive  1046036 genomes   49541 energy   194.0 births 48605035 deaths 48605025 (5786.0s) AMD Radeon AI PRO R9700 (RADV GFX1201)
tick 1237000 alive  1046007 genomes   50068 energy   194.0 births 48842279 deaths 48842308 (5790.6s) AMD Radeon AI PRO R9700 (RADV GFX1201)
tick 1238000 alive  1046006 genomes   49521 energy   194.3 births 48960834 deaths 48960835 (5795.3s) AMD Radeon AI PRO R9700 (RADV GFX1201)
tick 1239000 alive  1046050 genomes   49949 energy   193.9 births 48893764 deaths 48893720 (5800.0s) AMD Radeon AI PRO R9700 (RADV GFX1201)
tick 1240000 alive  1046007 genomes   49756 energy   194.2 births 48824746 deaths 48824789 (5804.7s) AMD Radeon AI PRO R9700 (RADV GFX1201)
tick 1241000 alive  1046051 genomes   50306 energy   193.6 births 48972974 deaths 48972930 (5809.4s) AMD Radeon AI PRO R9700 (RADV GFX1201)
tick 1242000 alive  1046094 genomes   50458 energy   194.2 births 48929287 deaths 48929244 (5814.1s) AMD Radeon AI PRO R9700 (RADV GFX1201)
tick 1243000 alive  1046080 genomes   50164 energy   194.3 births 48616105 deaths 48616119 (5818.7s) AMD Radeon AI PRO R9700 (RADV GFX1201)
tick 1244000 alive  1046056 genomes   50162 energy   194.2 births 48531229 deaths 48531253 (5823.4s) AMD Radeon AI PRO R9700 (RADV GFX1201)
tick 1245000 alive  1046107 genomes   50101 energy   194.1 births 48490433 deaths 48490382 (5828.1s) AMD Radeon AI PRO R9700 (RADV GFX1201)
tick 1246000 alive  1046062 genomes   50298 energy   194.1 births 48686298 deaths 48686343 (5832.8s) AMD Radeon AI PRO R9700 (RADV GFX1201)
tick 1247000 alive  1046045 genomes   49566 energy   194.6 births 48492537 deaths 48492554 (5837.5s) AMD Radeon AI PRO R9700 (RADV GFX1201)
tick 1248000 alive  1046049 genomes   50688 energy   193.8 births 48630782 deaths 48630778 (5842.1s) AMD Radeon AI PRO R9700 (RADV GFX1201)
tick 1249000 alive  1046070 genomes   50174 energy   193.7 births 49181029 deaths 49181008 (5846.7s) AMD Radeon AI PRO R9700 (RADV GFX1201)
tick 1250000 alive  1046142 genomes   50481 energy   193.5 births 48848090 deaths 48848018 (5851.4s) AMD Radeon AI PRO R9700 (RADV GFX1201)
tick 1251000 alive  1046039 genomes   49718 energy   194.0 births 48819403 deaths 48819506 (5856.0s) AMD Radeon AI PRO R9700 (RADV GFX1201)
tick 1252000 alive  1045931 genomes   50327 energy   193.6 births 48825932 deaths 48826040 (5860.7s) AMD Radeon AI PRO R9700 (RADV GFX1201)
tick 1253000 alive  1046035 genomes   50408 energy   193.5 births 49128543 deaths 49128439 (5865.4s) AMD Radeon AI PRO R9700 (RADV GFX1201)
tick 1254000 alive  1045997 genomes   50523 energy   193.7 births 49093241 deaths 49093279 (5870.1s) AMD Radeon AI PRO R9700 (RADV GFX1201)
tick 1255000 alive  1046046 genomes   50091 energy   193.7 births 49055336 deaths 49055287 (5874.8s) AMD Radeon AI PRO R9700 (RADV GFX1201)
tick 1256000 alive  1046011 genomes   50618 energy   193.3 births 48853852 deaths 48853887 (5879.5s) AMD Radeon AI PRO R9700 (RADV GFX1201)
tick 1257000 alive  1046012 genomes   51271 energy   193.3 births 49532605 deaths 49532604 (5884.1s) AMD Radeon AI PRO R9700 (RADV GFX1201)
tick 1258000 alive  1046092 genomes   51103 energy   193.8 births 49188468 deaths 49188388 (5888.8s) AMD Radeon AI PRO R9700 (RADV GFX1201)
tick 1259000 alive  1046080 genomes   50891 energy   193.4 births 49526152 deaths 49526164 (5893.4s) AMD Radeon AI PRO R9700 (RADV GFX1201)
tick 1260000 alive  1045990 genomes   49848 energy   193.9 births 49539177 deaths 49539267 (5898.1s) AMD Radeon AI PRO R9700 (RADV GFX1201)
tick 1261000 alive  1046075 genomes   49853 energy   194.3 births 48778777 deaths 48778692 (5902.8s) AMD Radeon AI PRO R9700 (RADV GFX1201)
tick 1262000 alive  1045984 genomes   49357 energy   194.5 births 48722650 deaths 48722741 (5907.5s) AMD Radeon AI PRO R9700 (RADV GFX1201)
tick 1263000 alive  1046104 genomes   49032 energy   194.4 births 48434983 deaths 48434863 (5912.1s) AMD Radeon AI PRO R9700 (RADV GFX1201)
tick 1264000 alive  1046100 genomes   49037 energy   194.3 births 48457053 deaths 48457057 (5916.8s) AMD Radeon AI PRO R9700 (RADV GFX1201)
tick 1265000 alive  1046027 genomes   48630 energy   194.6 births 48530882 deaths 48530955 (5921.5s) AMD Radeon AI PRO R9700 (RADV GFX1201)
tick 1266000 alive  1046017 genomes   49725 energy   193.6 births 48494358 deaths 48494368 (5926.2s) AMD Radeon AI PRO R9700 (RADV GFX1201)
tick 1267000 alive  1046040 genomes   48977 energy   194.4 births 48728184 deaths 48728161 (5930.8s) AMD Radeon AI PRO R9700 (RADV GFX1201)
tick 1268000 alive  1046030 genomes   49453 energy   194.2 births 48669430 deaths 48669440 (5935.5s) AMD Radeon AI PRO R9700 (RADV GFX1201)
tick 1269000 alive  1046028 genomes   49756 energy   194.2 births 48820417 deaths 48820419 (5940.2s) AMD Radeon AI PRO R9700 (RADV GFX1201)
tick 1270000 alive  1045945 genomes   50364 energy   193.3 births 49013523 deaths 49013606 (5944.8s) AMD Radeon AI PRO R9700 (RADV GFX1201)
tick 1271000 alive  1045975 genomes   50518 energy   193.4 births 49397257 deaths 49397227 (5949.5s) AMD Radeon AI PRO R9700 (RADV GFX1201)
tick 1272000 alive  1046097 genomes   50120 energy   193.9 births 49213768 deaths 49213646 (5954.2s) AMD Radeon AI PRO R9700 (RADV GFX1201)
tick 1273000 alive  1046005 genomes   49901 energy   193.9 births 48843135 deaths 48843227 (5958.8s) AMD Radeon AI PRO R9700 (RADV GFX1201)
tick 1274000 alive  1045985 genomes   50293 energy   193.8 births 48984990 deaths 48985010 (5963.5s) AMD Radeon AI PRO R9700 (RADV GFX1201)
tick 1275000 alive  1046047 genomes   49422 energy   194.3 births 48716352 deaths 48716290 (5968.1s) AMD Radeon AI PRO R9700 (RADV GFX1201)
tick 1276000 alive  1046039 genomes   49733 energy   194.3 births 48542998 deaths 48543006 (5972.8s) AMD Radeon AI PRO R9700 (RADV GFX1201)
tick 1277000 alive  1046136 genomes   49215 energy   194.5 births 48504639 deaths 48504542 (5977.5s) AMD Radeon AI PRO R9700 (RADV GFX1201)
tick 1278000 alive  1046095 genomes   50907 energy   193.4 births 49050735 deaths 49050776 (5982.2s) AMD Radeon AI PRO R9700 (RADV GFX1201)
tick 1279000 alive  1045952 genomes   51478 energy   193.0 births 49474258 deaths 49474401 (5986.8s) AMD Radeon AI PRO R9700 (RADV GFX1201)
tick 1280000 alive  1045988 genomes   50808 energy   193.3 births 49209599 deaths 49209563 (5991.5s) AMD Radeon AI PRO R9700 (RADV GFX1201)
tick 1281000 alive  1045998 genomes   50048 energy   193.9 births 49248429 deaths 49248419 (5996.2s) AMD Radeon AI PRO R9700 (RADV GFX1201)
tick 1282000 alive  1045946 genomes   49296 energy   194.7 births 48578782 deaths 48578834 (6000.9s) AMD Radeon AI PRO R9700 (RADV GFX1201)
tick 1283000 alive  1046000 genomes   48935 energy   194.8 births 48174129 deaths 48174075 (6005.6s) AMD Radeon AI PRO R9700 (RADV GFX1201)
tick 1284000 alive  1046076 genomes   48932 energy   194.9 births 48087566 deaths 48087490 (6010.3s) AMD Radeon AI PRO R9700 (RADV GFX1201)
tick 1285000 alive  1046034 genomes   47961 energy   195.4 births 47931322 deaths 47931364 (6014.9s) AMD Radeon AI PRO R9700 (RADV GFX1201)
tick 1286000 alive  1046102 genomes   48572 energy   194.6 births 47966279 deaths 47966211 (6019.6s) AMD Radeon AI PRO R9700 (RADV GFX1201)
tick 1287000 alive  1046112 genomes   50893 energy   193.0 births 48778880 deaths 48778870 (6024.3s) AMD Radeon AI PRO R9700 (RADV GFX1201)
tick 1288000 alive  1046054 genomes   50095 energy   193.7 births 49355101 deaths 49355159 (6029.0s) AMD Radeon AI PRO R9700 (RADV GFX1201)
tick 1289000 alive  1045863 genomes   51068 energy   193.3 births 49035322 deaths 49035513 (6033.6s) AMD Radeon AI PRO R9700 (RADV GFX1201)
tick 1290000 alive  1046021 genomes   51224 energy   193.6 births 49341222 deaths 49341064 (6038.3s) AMD Radeon AI PRO R9700 (RADV GFX1201)
tick 1291000 alive  1045871 genomes   50549 energy   193.6 births 49073221 deaths 49073371 (6043.0s) AMD Radeon AI PRO R9700 (RADV GFX1201)
tick 1292000 alive  1046035 genomes   49674 energy   194.5 births 48782093 deaths 48781929 (6047.7s) AMD Radeon AI PRO R9700 (RADV GFX1201)
tick 1293000 alive  1046020 genomes   49581 energy   194.1 births 48596681 deaths 48596696 (6052.3s) AMD Radeon AI PRO R9700 (RADV GFX1201)
tick 1294000 alive  1046033 genomes   51006 energy   193.1 births 49126911 deaths 49126898 (6057.0s) AMD Radeon AI PRO R9700 (RADV GFX1201)
tick 1295000 alive  1046072 genomes   49657 energy   194.3 births 48797916 deaths 48797877 (6061.7s) AMD Radeon AI PRO R9700 (RADV GFX1201)
tick 1296000 alive  1046037 genomes   48926 energy   195.1 births 48270386 deaths 48270421 (6066.4s) AMD Radeon AI PRO R9700 (RADV GFX1201)
tick 1297000 alive  1046047 genomes   49188 energy   194.3 births 48405015 deaths 48405005 (6071.0s) AMD Radeon AI PRO R9700 (RADV GFX1201)
tick 1298000 alive  1045967 genomes   48414 energy   194.8 births 48223179 deaths 48223259 (6075.8s) AMD Radeon AI PRO R9700 (RADV GFX1201)
tick 1299000 alive  1046089 genomes   49455 energy   194.1 births 48361451 deaths 48361329 (6080.4s) AMD Radeon AI PRO R9700 (RADV GFX1201)
tick 1300000 alive  1046030 genomes   48863 energy   194.5 births 48685612 deaths 48685671 (6085.1s) AMD Radeon AI PRO R9700 (RADV GFX1201)
tick 1301000 alive  1046023 genomes   49118 energy   194.8 births 48214594 deaths 48214601 (6089.8s) AMD Radeon AI PRO R9700 (RADV GFX1201)
tick 1302000 alive  1046039 genomes   49379 energy   194.4 births 48467085 deaths 48467069 (6094.5s) AMD Radeon AI PRO R9700 (RADV GFX1201)
tick 1303000 alive  1046033 genomes   49912 energy   193.9 births 48805164 deaths 48805170 (6099.1s) AMD Radeon AI PRO R9700 (RADV GFX1201)
tick 1304000 alive  1046032 genomes   50109 energy   193.9 births 48557432 deaths 48557433 (6103.8s) AMD Radeon AI PRO R9700 (RADV GFX1201)
tick 1305000 alive  1045967 genomes   51634 energy   192.6 births 49266116 deaths 49266181 (6108.4s) AMD Radeon AI PRO R9700 (RADV GFX1201)
tick 1306000 alive  1045964 genomes   51648 energy   193.3 births 49677045 deaths 49677048 (6113.1s) AMD Radeon AI PRO R9700 (RADV GFX1201)
tick 1307000 alive  1046049 genomes   50079 energy   194.1 births 49100726 deaths 49100641 (6117.8s) AMD Radeon AI PRO R9700 (RADV GFX1201)
tick 1308000 alive  1046069 genomes   48476 energy   195.2 births 48126884 deaths 48126864 (6122.5s) AMD Radeon AI PRO R9700 (RADV GFX1201)
tick 1309000 alive  1046011 genomes   48772 energy   194.9 births 47760813 deaths 47760871 (6127.1s) AMD Radeon AI PRO R9700 (RADV GFX1201)
tick 1310000 alive  1045993 genomes   49124 energy   194.6 births 48043479 deaths 48043497 (6131.8s) AMD Radeon AI PRO R9700 (RADV GFX1201)
tick 1311000 alive  1046158 genomes   50183 energy   193.8 births 48459615 deaths 48459450 (6136.4s) AMD Radeon AI PRO R9700 (RADV GFX1201)
tick 1312000 alive  1046113 genomes   49641 energy   194.2 births 48552485 deaths 48552530 (6141.1s) AMD Radeon AI PRO R9700 (RADV GFX1201)
tick 1313000 alive  1046034 genomes   51098 energy   193.4 births 48995108 deaths 48995187 (6145.8s) AMD Radeon AI PRO R9700 (RADV GFX1201)
tick 1314000 alive  1046044 genomes   50299 energy   193.8 births 49230487 deaths 49230477 (6150.5s) AMD Radeon AI PRO R9700 (RADV GFX1201)
tick 1315000 alive  1046092 genomes   49341 energy   194.1 births 48800365 deaths 48800317 (6155.2s) AMD Radeon AI PRO R9700 (RADV GFX1201)
tick 1316000 alive  1046100 genomes   49407 energy   194.0 births 48637103 deaths 48637095 (6159.9s) AMD Radeon AI PRO R9700 (RADV GFX1201)
tick 1317000 alive  1046064 genomes   49088 energy   194.2 births 48651543 deaths 48651579 (6164.6s) AMD Radeon AI PRO R9700 (RADV GFX1201)
tick 1318000 alive  1046023 genomes   49389 energy   194.1 births 48786673 deaths 48786714 (6169.2s) AMD Radeon AI PRO R9700 (RADV GFX1201)
tick 1319000 alive  1045935 genomes   49897 energy   193.7 births 48769097 deaths 48769185 (6173.9s) AMD Radeon AI PRO R9700 (RADV GFX1201)
tick 1320000 alive  1046085 genomes   50165 energy   193.9 births 49242960 deaths 49242810 (6178.6s) AMD Radeon AI PRO R9700 (RADV GFX1201)
tick 1321000 alive  1045993 genomes   49427 energy   194.3 births 48728212 deaths 48728304 (6183.3s) AMD Radeon AI PRO R9700 (RADV GFX1201)
tick 1322000 alive  1046019 genomes   48744 energy   194.7 births 48462416 deaths 48462390 (6188.0s) AMD Radeon AI PRO R9700 (RADV GFX1201)
tick 1323000 alive  1046095 genomes   47966 energy   195.2 births 48049790 deaths 48049714 (6192.6s) AMD Radeon AI PRO R9700 (RADV GFX1201)
tick 1324000 alive  1046080 genomes   48467 energy   194.4 births 48365720 deaths 48365735 (6197.3s) AMD Radeon AI PRO R9700 (RADV GFX1201)
tick 1325000 alive  1046032 genomes   48650 energy   194.3 births 48342064 deaths 48342112 (6201.9s) AMD Radeon AI PRO R9700 (RADV GFX1201)
tick 1326000 alive  1046027 genomes   49601 energy   194.0 births 48710958 deaths 48710963 (6206.8s) AMD Radeon AI PRO R9700 (RADV GFX1201)
tick 1327000 alive  1046016 genomes   48587 energy   193.9 births 48588580 deaths 48588591 (6211.5s) AMD Radeon AI PRO R9700 (RADV GFX1201)
tick 1328000 alive  1046063 genomes   48135 energy   194.6 births 48702254 deaths 48702207 (6216.2s) AMD Radeon AI PRO R9700 (RADV GFX1201)
tick 1329000 alive  1046089 genomes   48168 energy   194.9 births 48159291 deaths 48159265 (6220.8s) AMD Radeon AI PRO R9700 (RADV GFX1201)
tick 1330000 alive  1046021 genomes   48441 energy   194.8 births 48263089 deaths 48263157 (6225.6s) AMD Radeon AI PRO R9700 (RADV GFX1201)
tick 1331000 alive  1045982 genomes   48145 energy   195.0 births 48095572 deaths 48095611 (6230.2s) AMD Radeon AI PRO R9700 (RADV GFX1201)
tick 1332000 alive  1045939 genomes   49360 energy   194.2 births 48392053 deaths 48392096 (6234.9s) AMD Radeon AI PRO R9700 (RADV GFX1201)
tick 1333000 alive  1046078 genomes   49109 energy   194.1 births 48738202 deaths 48738063 (6239.6s) AMD Radeon AI PRO R9700 (RADV GFX1201)
tick 1334000 alive  1046098 genomes   48360 energy   194.9 births 48259882 deaths 48259862 (6244.3s) AMD Radeon AI PRO R9700 (RADV GFX1201)
tick 1335000 alive  1046010 genomes   48831 energy   194.4 births 48617397 deaths 48617485 (6248.9s) AMD Radeon AI PRO R9700 (RADV GFX1201)
tick 1336000 alive  1045998 genomes   48365 energy   194.8 births 48333517 deaths 48333529 (6253.6s) AMD Radeon AI PRO R9700 (RADV GFX1201)
tick 1337000 alive  1045956 genomes   48860 energy   194.5 births 48179817 deaths 48179859 (6258.3s) AMD Radeon AI PRO R9700 (RADV GFX1201)
tick 1338000 alive  1046041 genomes   49283 energy   194.4 births 48620516 deaths 48620431 (6263.0s) AMD Radeon AI PRO R9700 (RADV GFX1201)
tick 1339000 alive  1046038 genomes   49199 energy   193.9 births 48760511 deaths 48760514 (6267.6s) AMD Radeon AI PRO R9700 (RADV GFX1201)
tick 1340000 alive  1046112 genomes   49744 energy   193.5 births 49181439 deaths 49181365 (6272.3s) AMD Radeon AI PRO R9700 (RADV GFX1201)
tick 1341000 alive  1046021 genomes   49658 energy   193.4 births 49388371 deaths 49388462 (6277.0s) AMD Radeon AI PRO R9700 (RADV GFX1201)
tick 1342000 alive  1046046 genomes   50967 energy   192.9 births 49440660 deaths 49440635 (6281.7s) AMD Radeon AI PRO R9700 (RADV GFX1201)
tick 1343000 alive  1046058 genomes   50547 energy   193.0 births 49726918 deaths 49726906 (6286.3s) AMD Radeon AI PRO R9700 (RADV GFX1201)
tick 1344000 alive  1046094 genomes   50315 energy   193.1 births 49521315 deaths 49521279 (6290.9s) AMD Radeon AI PRO R9700 (RADV GFX1201)
tick 1345000 alive  1046070 genomes   50548 energy   193.0 births 49393263 deaths 49393287 (6295.6s) AMD Radeon AI PRO R9700 (RADV GFX1201)
tick 1346000 alive  1046044 genomes   50712 energy   193.4 births 49522277 deaths 49522303 (6300.3s) AMD Radeon AI PRO R9700 (RADV GFX1201)
tick 1347000 alive  1046094 genomes   50449 energy   193.5 births 49330999 deaths 49330949 (6304.9s) AMD Radeon AI PRO R9700 (RADV GFX1201)
tick 1348000 alive  1045997 genomes   50772 energy   193.3 births 49293767 deaths 49293864 (6309.6s) AMD Radeon AI PRO R9700 (RADV GFX1201)
tick 1349000 alive  1046014 genomes   49393 energy   194.5 births 48956683 deaths 48956666 (6314.3s) AMD Radeon AI PRO R9700 (RADV GFX1201)
tick 1350000 alive  1046105 genomes   49303 energy   194.0 births 48789411 deaths 48789320 (6319.0s) AMD Radeon AI PRO R9700 (RADV GFX1201)
tick 1351000 alive  1046043 genomes   50047 energy   193.3 births 48974180 deaths 48974242 (6324.1s) AMD Radeon AI PRO R9700 (RADV GFX1201)
tick 1352000 alive  1046094 genomes   50683 energy   193.4 births 48941982 deaths 48941931 (6328.8s) AMD Radeon AI PRO R9700 (RADV GFX1201)
tick 1353000 alive  1046092 genomes   50647 energy   193.4 births 49068551 deaths 49068553 (6333.4s) AMD Radeon AI PRO R9700 (RADV GFX1201)
tick 1354000 alive  1046105 genomes   50118 energy   194.2 births 49168069 deaths 49168056 (6338.1s) AMD Radeon AI PRO R9700 (RADV GFX1201)
tick 1355000 alive  1046004 genomes   49490 energy   194.4 births 48839600 deaths 48839701 (6342.7s) AMD Radeon AI PRO R9700 (RADV GFX1201)
tick 1356000 alive  1046017 genomes   50180 energy   193.9 births 48656671 deaths 48656658 (6347.4s) AMD Radeon AI PRO R9700 (RADV GFX1201)
tick 1357000 alive  1046030 genomes   50848 energy   193.5 births 48895219 deaths 48895206 (6352.0s) AMD Radeon AI PRO R9700 (RADV GFX1201)
tick 1358000 alive  1046125 genomes   50226 energy   194.1 births 49085590 deaths 49085495 (6356.7s) AMD Radeon AI PRO R9700 (RADV GFX1201)
tick 1359000 alive  1045928 genomes   49607 energy   194.7 births 48727912 deaths 48728109 (6361.4s) AMD Radeon AI PRO R9700 (RADV GFX1201)
tick 1360000 alive  1046084 genomes   50078 energy   194.1 births 48647887 deaths 48647731 (6366.0s) AMD Radeon AI PRO R9700 (RADV GFX1201)
tick 1361000 alive  1046042 genomes   49059 energy   194.2 births 48515635 deaths 48515677 (6370.7s) AMD Radeon AI PRO R9700 (RADV GFX1201)
tick 1362000 alive  1046073 genomes   49864 energy   194.3 births 48699413 deaths 48699382 (6375.4s) AMD Radeon AI PRO R9700 (RADV GFX1201)
tick 1363000 alive  1046037 genomes   50223 energy   194.0 births 48956333 deaths 48956369 (6380.0s) AMD Radeon AI PRO R9700 (RADV GFX1201)
tick 1364000 alive  1046051 genomes   49577 energy   194.1 births 48837980 deaths 48837966 (6384.7s) AMD Radeon AI PRO R9700 (RADV GFX1201)
tick 1365000 alive  1045997 genomes   50679 energy   193.4 births 48961387 deaths 48961441 (6389.4s) AMD Radeon AI PRO R9700 (RADV GFX1201)
tick 1366000 alive  1046082 genomes   49776 energy   194.2 births 48972544 deaths 48972459 (6394.0s) AMD Radeon AI PRO R9700 (RADV GFX1201)
tick 1367000 alive  1045986 genomes   50120 energy   193.6 births 48946532 deaths 48946628 (6398.7s) AMD Radeon AI PRO R9700 (RADV GFX1201)
tick 1368000 alive  1046097 genomes   49746 energy   194.2 births 48879459 deaths 48879348 (6403.4s) AMD Radeon AI PRO R9700 (RADV GFX1201)
tick 1369000 alive  1046129 genomes   49614 energy   194.2 births 48759830 deaths 48759798 (6408.1s) AMD Radeon AI PRO R9700 (RADV GFX1201)
tick 1370000 alive  1045979 genomes   48380 energy   195.1 births 48317444 deaths 48317594 (6412.8s) AMD Radeon AI PRO R9700 (RADV GFX1201)
tick 1371000 alive  1046023 genomes   49281 energy   194.7 births 48330548 deaths 48330504 (6417.5s) AMD Radeon AI PRO R9700 (RADV GFX1201)
tick 1372000 alive  1046067 genomes   49527 energy   194.6 births 48544546 deaths 48544502 (6422.2s) AMD Radeon AI PRO R9700 (RADV GFX1201)
tick 1373000 alive  1046055 genomes   48917 energy   194.6 births 48172663 deaths 48172675 (6426.8s) AMD Radeon AI PRO R9700 (RADV GFX1201)
tick 1374000 alive  1046095 genomes   50270 energy   194.0 births 48652977 deaths 48652937 (6431.5s) AMD Radeon AI PRO R9700 (RADV GFX1201)
tick 1375000 alive  1046001 genomes   49910 energy   193.8 births 48769256 deaths 48769350 (6436.2s) AMD Radeon AI PRO R9700 (RADV GFX1201)
tick 1376000 alive  1046085 genomes   50250 energy   193.4 births 48679940 deaths 48679856 (6441.0s) AMD Radeon AI PRO R9700 (RADV GFX1201)
tick 1377000 alive  1046013 genomes   49885 energy   194.3 births 48702469 deaths 48702541 (6445.6s) AMD Radeon AI PRO R9700 (RADV GFX1201)
tick 1378000 alive  1046004 genomes   49697 energy   194.1 births 48650097 deaths 48650106 (6450.3s) AMD Radeon AI PRO R9700 (RADV GFX1201)
tick 1379000 alive  1045977 genomes   48274 energy   195.2 births 48130168 deaths 48130195 (6455.1s) AMD Radeon AI PRO R9700 (RADV GFX1201)
tick 1380000 alive  1045992 genomes   48789 energy   194.8 births 48141207 deaths 48141192 (6459.8s) AMD Radeon AI PRO R9700 (RADV GFX1201)
tick 1381000 alive  1046072 genomes   48050 energy   195.1 births 48030750 deaths 48030670 (6464.4s) AMD Radeon AI PRO R9700 (RADV GFX1201)
tick 1382000 alive  1045992 genomes   48191 energy   195.1 births 47960448 deaths 47960528 (6469.1s) AMD Radeon AI PRO R9700 (RADV GFX1201)
tick 1383000 alive  1046035 genomes   49248 energy   195.0 births 48049085 deaths 48049042 (6473.8s) AMD Radeon AI PRO R9700 (RADV GFX1201)
tick 1384000 alive  1046039 genomes   47949 energy   195.5 births 48059608 deaths 48059604 (6478.4s) AMD Radeon AI PRO R9700 (RADV GFX1201)
tick 1385000 alive  1046058 genomes   48242 energy   195.2 births 47879486 deaths 47879467 (6483.1s) AMD Radeon AI PRO R9700 (RADV GFX1201)
tick 1386000 alive  1046065 genomes   48427 energy   194.7 births 48063261 deaths 48063254 (6487.8s) AMD Radeon AI PRO R9700 (RADV GFX1201)
tick 1387000 alive  1046065 genomes   49115 energy   194.5 births 48284202 deaths 48284202 (6492.4s) AMD Radeon AI PRO R9700 (RADV GFX1201)
tick 1388000 alive  1046059 genomes   48074 energy   195.7 births 47965494 deaths 47965500 (6497.1s) AMD Radeon AI PRO R9700 (RADV GFX1201)
tick 1389000 alive  1046084 genomes   48025 energy   195.1 births 47588538 deaths 47588513 (6501.7s) AMD Radeon AI PRO R9700 (RADV GFX1201)
tick 1390000 alive  1046026 genomes   47778 energy   195.3 births 47857668 deaths 47857726 (6506.4s) AMD Radeon AI PRO R9700 (RADV GFX1201)
tick 1391000 alive  1045970 genomes   48952 energy   194.3 births 48159242 deaths 48159298 (6511.1s) AMD Radeon AI PRO R9700 (RADV GFX1201)
tick 1392000 alive  1046027 genomes   49053 energy   194.2 births 48716745 deaths 48716688 (6515.7s) AMD Radeon AI PRO R9700 (RADV GFX1201)
tick 1393000 alive  1046106 genomes   50037 energy   193.3 births 48700309 deaths 48700230 (6520.3s) AMD Radeon AI PRO R9700 (RADV GFX1201)
tick 1394000 alive  1045967 genomes   50117 energy   193.3 births 48903204 deaths 48903343 (6525.0s) AMD Radeon AI PRO R9700 (RADV GFX1201)
tick 1395000 alive  1046037 genomes   49582 energy   194.0 births 49116250 deaths 49116180 (6529.6s) AMD Radeon AI PRO R9700 (RADV GFX1201)
tick 1396000 alive  1046035 genomes   48853 energy   193.9 births 48692372 deaths 48692374 (6534.3s) AMD Radeon AI PRO R9700 (RADV GFX1201)
tick 1397000 alive  1046034 genomes   48634 energy   194.6 births 48426255 deaths 48426256 (6538.9s) AMD Radeon AI PRO R9700 (RADV GFX1201)
tick 1398000 alive  1046073 genomes   49387 energy   193.9 births 48620046 deaths 48620007 (6543.6s) AMD Radeon AI PRO R9700 (RADV GFX1201)
tick 1399000 alive  1046055 genomes   48853 energy   194.4 births 48484000 deaths 48484018 (6548.2s) AMD Radeon AI PRO R9700 (RADV GFX1201)
tick 1400000 alive  1045985 genomes   48878 energy   194.6 births 48391644 deaths 48391714 (6552.9s) AMD Radeon AI PRO R9700 (RADV GFX1201)
tick 1401000 alive  1046040 genomes   51013 energy   193.4 births 49033875 deaths 49033820 (6557.5s) AMD Radeon AI PRO R9700 (RADV GFX1201)
tick 1402000 alive  1046002 genomes   50856 energy   193.3 births 49456503 deaths 49456541 (6562.2s) AMD Radeon AI PRO R9700 (RADV GFX1201)
tick 1403000 alive  1045994 genomes   49708 energy   193.9 births 49122657 deaths 49122665 (6566.9s) AMD Radeon AI PRO R9700 (RADV GFX1201)
tick 1404000 alive  1046045 genomes   49897 energy   193.7 births 48933726 deaths 48933675 (6571.6s) AMD Radeon AI PRO R9700 (RADV GFX1201)
tick 1405000 alive  1046066 genomes   49377 energy   194.0 births 48831794 deaths 48831773 (6576.2s) AMD Radeon AI PRO R9700 (RADV GFX1201)
tick 1406000 alive  1046064 genomes   49317 energy   194.3 births 48564281 deaths 48564283 (6580.9s) AMD Radeon AI PRO R9700 (RADV GFX1201)
tick 1407000 alive  1045981 genomes   50144 energy   194.3 births 48835612 deaths 48835695 (6585.5s) AMD Radeon AI PRO R9700 (RADV GFX1201)
tick 1408000 alive  1046041 genomes   50160 energy   194.0 births 48842239 deaths 48842179 (6590.2s) AMD Radeon AI PRO R9700 (RADV GFX1201)
tick 1409000 alive  1046105 genomes   49246 energy   194.4 births 48508585 deaths 48508521 (6594.8s) AMD Radeon AI PRO R9700 (RADV GFX1201)
tick 1410000 alive  1046066 genomes   48617 energy   195.2 births 48090233 deaths 48090272 (6599.5s) AMD Radeon AI PRO R9700 (RADV GFX1201)
tick 1411000 alive  1045979 genomes   48615 energy   195.5 births 47892931 deaths 47893018 (6604.1s) AMD Radeon AI PRO R9700 (RADV GFX1201)
tick 1412000 alive  1046070 genomes   48528 energy   195.3 births 47741831 deaths 47741740 (6608.8s) AMD Radeon AI PRO R9700 (RADV GFX1201)
tick 1413000 alive  1045971 genomes   49044 energy   195.0 births 47842411 deaths 47842510 (6613.4s) AMD Radeon AI PRO R9700 (RADV GFX1201)
tick 1414000 alive  1046048 genomes   50235 energy   194.4 births 48494661 deaths 48494584 (6618.1s) AMD Radeon AI PRO R9700 (RADV GFX1201)
tick 1415000 alive  1046051 genomes   51224 energy   193.6 births 48929377 deaths 48929374 (6622.7s) AMD Radeon AI PRO R9700 (RADV GFX1201)
tick 1416000 alive  1046058 genomes   51066 energy   193.7 births 48999994 deaths 48999987 (6627.4s) AMD Radeon AI PRO R9700 (RADV GFX1201)
tick 1417000 alive  1045997 genomes   49524 energy   194.5 births 48695568 deaths 48695629 (6632.0s) AMD Radeon AI PRO R9700 (RADV GFX1201)
tick 1418000 alive  1046072 genomes   48969 energy   194.9 births 48368484 deaths 48368409 (6636.7s) AMD Radeon AI PRO R9700 (RADV GFX1201)
tick 1419000 alive  1045902 genomes   48256 energy   195.0 births 48062411 deaths 48062581 (6641.4s) AMD Radeon AI PRO R9700 (RADV GFX1201)
tick 1420000 alive  1046023 genomes   48401 energy   195.0 births 47829052 deaths 47828931 (6646.1s) AMD Radeon AI PRO R9700 (RADV GFX1201)
tick 1421000 alive  1046029 genomes   48734 energy   194.7 births 47932478 deaths 47932472 (6650.7s) AMD Radeon AI PRO R9700 (RADV GFX1201)
tick 1422000 alive  1046011 genomes   48848 energy   194.5 births 48356944 deaths 48356962 (6655.4s) AMD Radeon AI PRO R9700 (RADV GFX1201)
tick 1423000 alive  1046138 genomes   49724 energy   194.1 births 48342804 deaths 48342677 (6660.0s) AMD Radeon AI PRO R9700 (RADV GFX1201)
tick 1424000 alive  1045958 genomes   49953 energy   194.4 births 48573568 deaths 48573748 (6664.7s) AMD Radeon AI PRO R9700 (RADV GFX1201)
tick 1425000 alive  1045995 genomes   50635 energy   194.2 births 48780653 deaths 48780616 (6669.3s) AMD Radeon AI PRO R9700 (RADV GFX1201)
tick 1426000 alive  1046129 genomes   50510 energy   194.1 births 48840548 deaths 48840414 (6674.0s) AMD Radeon AI PRO R9700 (RADV GFX1201)
tick 1427000 alive  1045972 genomes   51070 energy   193.8 births 48782656 deaths 48782813 (6678.7s) AMD Radeon AI PRO R9700 (RADV GFX1201)
tick 1428000 alive  1046133 genomes   50985 energy   193.6 births 48736146 deaths 48735985 (6683.4s) AMD Radeon AI PRO R9700 (RADV GFX1201)
tick 1429000 alive  1046072 genomes   51465 energy   193.5 births 49174465 deaths 49174526 (6688.0s) AMD Radeon AI PRO R9700 (RADV GFX1201)
tick 1430000 alive  1046080 genomes   50549 energy   194.2 births 48934829 deaths 48934821 (6692.7s) AMD Radeon AI PRO R9700 (RADV GFX1201)
tick 1431000 alive  1046079 genomes   49596 energy   194.6 births 48642777 deaths 48642778 (6697.4s) AMD Radeon AI PRO R9700 (RADV GFX1201)
tick 1432000 alive  1046004 genomes   49647 energy   194.1 births 48572688 deaths 48572763 (6702.0s) AMD Radeon AI PRO R9700 (RADV GFX1201)
tick 1433000 alive  1046137 genomes   48920 energy   194.7 births 48131238 deaths 48131105 (6706.7s) AMD Radeon AI PRO R9700 (RADV GFX1201)
tick 1434000 alive  1046048 genomes   50252 energy   193.9 births 48434156 deaths 48434245 (6711.4s) AMD Radeon AI PRO R9700 (RADV GFX1201)
tick 1435000 alive  1045967 genomes   49542 energy   194.2 births 48839776 deaths 48839857 (6716.1s) AMD Radeon AI PRO R9700 (RADV GFX1201)
tick 1436000 alive  1046064 genomes   48960 energy   194.5 births 48673163 deaths 48673066 (6720.9s) AMD Radeon AI PRO R9700 (RADV GFX1201)
tick 1437000 alive  1046074 genomes   50290 energy   193.9 births 48678491 deaths 48678481 (6725.6s) AMD Radeon AI PRO R9700 (RADV GFX1201)
tick 1438000 alive  1046102 genomes   49907 energy   194.3 births 48649910 deaths 48649882 (6730.3s) AMD Radeon AI PRO R9700 (RADV GFX1201)
tick 1439000 alive  1046026 genomes   48723 energy   194.9 births 48307252 deaths 48307328 (6734.9s) AMD Radeon AI PRO R9700 (RADV GFX1201)
tick 1440000 alive  1045902 genomes   49775 energy   194.0 births 48292965 deaths 48293089 (6739.6s) AMD Radeon AI PRO R9700 (RADV GFX1201)
tick 1441000 alive  1046000 genomes   50106 energy   193.7 births 48884819 deaths 48884721 (6744.3s) AMD Radeon AI PRO R9700 (RADV GFX1201)
tick 1442000 alive  1046046 genomes   50902 energy   193.6 births 49101013 deaths 49100967 (6749.1s) AMD Radeon AI PRO R9700 (RADV GFX1201)
tick 1443000 alive  1046036 genomes   51250 energy   193.3 births 49178910 deaths 49178920 (6753.7s) AMD Radeon AI PRO R9700 (RADV GFX1201)
tick 1444000 alive  1046163 genomes   50320 energy   193.7 births 49215392 deaths 49215265 (6758.4s) AMD Radeon AI PRO R9700 (RADV GFX1201)
tick 1445000 alive  1046163 genomes   48912 energy   195.1 births 48506835 deaths 48506835 (6763.3s) AMD Radeon AI PRO R9700 (RADV GFX1201)
tick 1446000 alive  1045978 genomes   49051 energy   194.3 births 48124609 deaths 48124794 (6768.0s) AMD Radeon AI PRO R9700 (RADV GFX1201)
tick 1447000 alive  1046048 genomes   48871 energy   195.2 births 48211143 deaths 48211073 (6772.7s) AMD Radeon AI PRO R9700 (RADV GFX1201)
tick 1448000 alive  1046054 genomes   49863 energy   194.2 births 48373602 deaths 48373596 (6777.4s) AMD Radeon AI PRO R9700 (RADV GFX1201)
tick 1449000 alive  1046110 genomes   49719 energy   194.2 births 48364574 deaths 48364518 (6782.0s) AMD Radeon AI PRO R9700 (RADV GFX1201)
tick 1450000 alive  1045948 genomes   50737 energy   193.4 births 49037295 deaths 49037457 (6786.7s) AMD Radeon AI PRO R9700 (RADV GFX1201)
tick 1451000 alive  1045964 genomes   50986 energy   193.3 births 49364623 deaths 49364607 (6791.4s) AMD Radeon AI PRO R9700 (RADV GFX1201)
tick 1452000 alive  1046106 genomes   50687 energy   194.0 births 48936893 deaths 48936751 (6796.1s) AMD Radeon AI PRO R9700 (RADV GFX1201)
tick 1453000 alive  1046059 genomes   49362 energy   194.6 births 48554688 deaths 48554735 (6800.7s) AMD Radeon AI PRO R9700 (RADV GFX1201)
tick 1454000 alive  1046051 genomes   50512 energy   193.8 births 48544195 deaths 48544203 (6805.4s) AMD Radeon AI PRO R9700 (RADV GFX1201)
tick 1455000 alive  1045959 genomes   50305 energy   193.8 births 48823788 deaths 48823880 (6810.1s) AMD Radeon AI PRO R9700 (RADV GFX1201)
tick 1456000 alive  1046095 genomes   51038 energy   193.3 births 49160121 deaths 49159985 (6814.7s) AMD Radeon AI PRO R9700 (RADV GFX1201)
tick 1457000 alive  1046032 genomes   50747 energy   194.1 births 49128233 deaths 49128296 (6819.4s) AMD Radeon AI PRO R9700 (RADV GFX1201)
tick 1458000 alive  1046003 genomes   50093 energy   194.1 births 49016247 deaths 49016276 (6824.1s) AMD Radeon AI PRO R9700 (RADV GFX1201)
tick 1459000 alive  1046013 genomes   50394 energy   194.0 births 48908390 deaths 48908380 (6828.7s) AMD Radeon AI PRO R9700 (RADV GFX1201)
tick 1460000 alive  1046079 genomes   49647 energy   194.8 births 48422225 deaths 48422159 (6833.4s) AMD Radeon AI PRO R9700 (RADV GFX1201)
tick 1461000 alive  1046086 genomes   48880 energy   194.6 births 48392742 deaths 48392735 (6838.0s) AMD Radeon AI PRO R9700 (RADV GFX1201)
tick 1462000 alive  1046038 genomes   50263 energy   194.1 births 48581530 deaths 48581578 (6842.7s) AMD Radeon AI PRO R9700 (RADV GFX1201)
tick 1463000 alive  1045978 genomes   51220 energy   193.5 births 48685914 deaths 48685974 (6847.4s) AMD Radeon AI PRO R9700 (RADV GFX1201)
tick 1464000 alive  1045995 genomes   51199 energy   193.0 births 49154549 deaths 49154532 (6852.1s) AMD Radeon AI PRO R9700 (RADV GFX1201)
tick 1465000 alive  1046052 genomes   51987 energy   192.9 births 49390737 deaths 49390680 (6856.8s) AMD Radeon AI PRO R9700 (RADV GFX1201)
tick 1466000 alive  1046011 genomes   51167 energy   194.0 births 49478239 deaths 49478280 (6861.5s) AMD Radeon AI PRO R9700 (RADV GFX1201)
tick 1467000 alive  1046070 genomes   52219 energy   193.2 births 49471312 deaths 49471253 (6866.1s) AMD Radeon AI PRO R9700 (RADV GFX1201)
tick 1468000 alive  1046114 genomes   50598 energy   193.8 births 49140051 deaths 49140007 (6870.8s) AMD Radeon AI PRO R9700 (RADV GFX1201)
tick 1469000 alive  1045962 genomes   50360 energy   194.1 births 48938022 deaths 48938174 (6875.5s) AMD Radeon AI PRO R9700 (RADV GFX1201)
tick 1470000 alive  1046014 genomes   50564 energy   193.8 births 48766695 deaths 48766643 (6880.2s) AMD Radeon AI PRO R9700 (RADV GFX1201)
tick 1471000 alive  1046038 genomes   49563 energy   194.7 births 48526341 deaths 48526317 (6884.9s) AMD Radeon AI PRO R9700 (RADV GFX1201)
tick 1472000 alive  1046015 genomes   49518 energy   194.5 births 48520532 deaths 48520555 (6889.7s) AMD Radeon AI PRO R9700 (RADV GFX1201)
tick 1473000 alive  1045956 genomes   48756 energy   195.1 births 48079102 deaths 48079161 (6894.3s) AMD Radeon AI PRO R9700 (RADV GFX1201)
tick 1474000 alive  1046033 genomes   49891 energy   193.9 births 48178538 deaths 48178461 (6899.0s) AMD Radeon AI PRO R9700 (RADV GFX1201)
tick 1475000 alive  1045967 genomes   50905 energy   193.8 births 48884138 deaths 48884204 (6903.7s) AMD Radeon AI PRO R9700 (RADV GFX1201)
tick 1476000 alive  1046017 genomes   49946 energy   194.1 births 48894348 deaths 48894298 (6908.3s) AMD Radeon AI PRO R9700 (RADV GFX1201)
tick 1477000 alive  1046025 genomes   49920 energy   193.9 births 48734330 deaths 48734322 (6912.9s) AMD Radeon AI PRO R9700 (RADV GFX1201)
tick 1478000 alive  1046048 genomes   49937 energy   194.1 births 49026766 deaths 49026743 (6917.6s) AMD Radeon AI PRO R9700 (RADV GFX1201)
tick 1479000 alive  1045976 genomes   49504 energy   194.5 births 48685547 deaths 48685619 (6922.2s) AMD Radeon AI PRO R9700 (RADV GFX1201)
tick 1480000 alive  1045989 genomes   49263 energy   194.8 births 48285768 deaths 48285755 (6926.9s) AMD Radeon AI PRO R9700 (RADV GFX1201)
tick 1481000 alive  1046014 genomes   48257 energy   195.5 births 47866489 deaths 47866464 (6931.6s) AMD Radeon AI PRO R9700 (RADV GFX1201)
tick 1482000 alive  1046151 genomes   47926 energy   195.5 births 47701870 deaths 47701733 (6936.2s) AMD Radeon AI PRO R9700 (RADV GFX1201)
tick 1483000 alive  1045953 genomes   50460 energy   194.1 births 48110767 deaths 48110965 (6940.9s) AMD Radeon AI PRO R9700 (RADV GFX1201)
tick 1484000 alive  1046041 genomes   50675 energy   193.8 births 49002283 deaths 49002195 (6945.5s) AMD Radeon AI PRO R9700 (RADV GFX1201)
tick 1485000 alive  1046009 genomes   49365 energy   194.6 births 48592846 deaths 48592878 (6950.2s) AMD Radeon AI PRO R9700 (RADV GFX1201)
tick 1486000 alive  1046023 genomes   49291 energy   195.2 births 48138849 deaths 48138835 (6954.8s) AMD Radeon AI PRO R9700 (RADV GFX1201)
tick 1487000 alive  1046096 genomes   48430 energy   195.0 births 48095684 deaths 48095611 (6959.5s) AMD Radeon AI PRO R9700 (RADV GFX1201)
tick 1488000 alive  1045998 genomes   49408 energy   195.1 births 48167846 deaths 48167944 (6964.1s) AMD Radeon AI PRO R9700 (RADV GFX1201)
tick 1489000 alive  1046036 genomes   48401 energy   195.4 births 47453226 deaths 47453188 (6968.8s) AMD Radeon AI PRO R9700 (RADV GFX1201)
tick 1490000 alive  1046024 genomes   49146 energy   194.8 births 47721100 deaths 47721112 (6973.4s) AMD Radeon AI PRO R9700 (RADV GFX1201)
tick 1491000 alive  1046025 genomes   49081 energy   194.8 births 48063842 deaths 48063841 (6978.1s) AMD Radeon AI PRO R9700 (RADV GFX1201)
tick 1492000 alive  1046095 genomes   49390 energy   194.5 births 48620174 deaths 48620104 (6982.8s) AMD Radeon AI PRO R9700 (RADV GFX1201)
tick 1493000 alive  1045986 genomes   49049 energy   194.7 births 48418422 deaths 48418531 (6987.4s) AMD Radeon AI PRO R9700 (RADV GFX1201)
tick 1494000 alive  1046073 genomes   48727 energy   194.7 births 48090772 deaths 48090685 (6992.1s) AMD Radeon AI PRO R9700 (RADV GFX1201)
tick 1495000 alive  1046097 genomes   48896 energy   194.4 births 48126455 deaths 48126431 (6996.8s) AMD Radeon AI PRO R9700 (RADV GFX1201)
tick 1496000 alive  1046035 genomes   49872 energy   194.0 births 48770167 deaths 48770229 (7001.4s) AMD Radeon AI PRO R9700 (RADV GFX1201)
tick 1497000 alive  1046125 genomes   48440 energy   194.8 births 48332601 deaths 48332511 (7006.1s) AMD Radeon AI PRO R9700 (RADV GFX1201)
tick 1498000 alive  1046037 genomes   47580 energy   195.2 births 47975536 deaths 47975624 (7010.8s) AMD Radeon AI PRO R9700 (RADV GFX1201)
tick 1499000 alive  1046029 genomes   48568 energy   194.8 births 47988500 deaths 47988508 (7015.5s) AMD Radeon AI PRO R9700 (RADV GFX1201)
tick 1500000 alive  1046109 genomes   48166 energy   194.6 births 48177459 deaths 48177379 (7020.1s) AMD Radeon AI PRO R9700 (RADV GFX1201)
tick 1501000 alive  1046120 genomes   48367 energy   194.5 births 48136123 deaths 48136112 (7024.8s) AMD Radeon AI PRO R9700 (RADV GFX1201)
tick 1502000 alive  1045925 genomes   49830 energy   193.7 births 48593106 deaths 48593301 (7029.5s) AMD Radeon AI PRO R9700 (RADV GFX1201)
tick 1503000 alive  1046033 genomes   48895 energy   194.8 births 48577016 deaths 48576908 (7034.3s) AMD Radeon AI PRO R9700 (RADV GFX1201)
tick 1504000 alive  1045995 genomes   49713 energy   194.2 births 48665503 deaths 48665541 (7039.0s) AMD Radeon AI PRO R9700 (RADV GFX1201)
tick 1505000 alive  1045993 genomes   49949 energy   194.0 births 48681926 deaths 48681928 (7043.7s) AMD Radeon AI PRO R9700 (RADV GFX1201)
tick 1506000 alive  1045959 genomes   50872 energy   193.5 births 49063342 deaths 49063376 (7048.3s) AMD Radeon AI PRO R9700 (RADV GFX1201)
tick 1507000 alive  1046074 genomes   49579 energy   194.0 births 48940273 deaths 48940158 (7053.0s) AMD Radeon AI PRO R9700 (RADV GFX1201)
tick 1508000 alive  1046023 genomes   50270 energy   193.7 births 49218271 deaths 49218322 (7057.7s) AMD Radeon AI PRO R9700 (RADV GFX1201)
tick 1509000 alive  1046098 genomes   49973 energy   193.6 births 49229257 deaths 49229182 (7062.5s) AMD Radeon AI PRO R9700 (RADV GFX1201)
tick 1510000 alive  1046052 genomes   49951 energy   194.2 births 48958297 deaths 48958343 (7067.6s) AMD Radeon AI PRO R9700 (RADV GFX1201)
tick 1511000 alive  1045996 genomes   48285 energy   195.2 births 48542003 deaths 48542059 (7072.3s) AMD Radeon AI PRO R9700 (RADV GFX1201)
tick 1512000 alive  1046080 genomes   49109 energy   195.0 births 48105043 deaths 48104959 (7076.9s) AMD Radeon AI PRO R9700 (RADV GFX1201)
tick 1513000 alive  1046020 genomes   47700 energy   195.7 births 48052533 deaths 48052593 (7081.6s) AMD Radeon AI PRO R9700 (RADV GFX1201)
tick 1514000 alive  1046037 genomes   48612 energy   195.1 births 47493735 deaths 47493718 (7086.3s) AMD Radeon AI PRO R9700 (RADV GFX1201)
tick 1515000 alive  1046003 genomes   50676 energy   193.4 births 48607141 deaths 48607175 (7091.0s) AMD Radeon AI PRO R9700 (RADV GFX1201)
tick 1516000 alive  1046028 genomes   50229 energy   193.9 births 48978652 deaths 48978627 (7095.8s) AMD Radeon AI PRO R9700 (RADV GFX1201)
tick 1517000 alive  1046013 genomes   50966 energy   193.5 births 49025652 deaths 49025667 (7100.4s) AMD Radeon AI PRO R9700 (RADV GFX1201)
tick 1518000 alive  1046006 genomes   49941 energy   193.7 births 49041332 deaths 49041339 (7105.1s) AMD Radeon AI PRO R9700 (RADV GFX1201)
tick 1519000 alive  1046080 genomes   49485 energy   194.0 births 49245440 deaths 49245366 (7109.8s) AMD Radeon AI PRO R9700 (RADV GFX1201)
tick 1520000 alive  1046044 genomes   48472 energy   194.6 births 48653150 deaths 48653186 (7114.4s) AMD Radeon AI PRO R9700 (RADV GFX1201)
tick 1521000 alive  1045992 genomes   48887 energy   194.4 births 48440997 deaths 48441049 (7119.1s) AMD Radeon AI PRO R9700 (RADV GFX1201)
tick 1522000 alive  1046024 genomes   49070 energy   194.7 births 48499787 deaths 48499755 (7123.7s) AMD Radeon AI PRO R9700 (RADV GFX1201)
tick 1523000 alive  1046107 genomes   48898 energy   194.7 births 48277775 deaths 48277692 (7128.4s) AMD Radeon AI PRO R9700 (RADV GFX1201)
tick 1524000 alive  1046018 genomes   48601 energy   194.8 births 48302560 deaths 48302649 (7133.0s) AMD Radeon AI PRO R9700 (RADV GFX1201)
tick 1525000 alive  1046042 genomes   48243 energy   195.0 births 47921361 deaths 47921337 (7137.6s) AMD Radeon AI PRO R9700 (RADV GFX1201)
tick 1526000 alive  1046044 genomes   48131 energy   195.1 births 47940798 deaths 47940796 (7142.3s) AMD Radeon AI PRO R9700 (RADV GFX1201)
tick 1527000 alive  1045959 genomes   48746 energy   195.2 births 48072769 deaths 48072854 (7146.9s) AMD Radeon AI PRO R9700 (RADV GFX1201)
tick 1528000 alive  1046072 genomes   49993 energy   194.1 births 48281010 deaths 48280897 (7151.9s) AMD Radeon AI PRO R9700 (RADV GFX1201)
tick 1529000 alive  1046057 genomes   49965 energy   193.9 births 48677531 deaths 48677546 (7156.6s) AMD Radeon AI PRO R9700 (RADV GFX1201)
tick 1530000 alive  1046099 genomes   49764 energy   194.2 births 49032384 deaths 49032342 (7161.2s) AMD Radeon AI PRO R9700 (RADV GFX1201)
tick 1531000 alive  1046029 genomes   49755 energy   194.3 births 48408847 deaths 48408917 (7165.9s) AMD Radeon AI PRO R9700 (RADV GFX1201)
tick 1532000 alive  1046056 genomes   48107 energy   195.5 births 48046315 deaths 48046288 (7170.6s) AMD Radeon AI PRO R9700 (RADV GFX1201)
tick 1533000 alive  1046013 genomes   49309 energy   194.8 births 47918874 deaths 47918917 (7175.2s) AMD Radeon AI PRO R9700 (RADV GFX1201)
tick 1534000 alive  1046087 genomes   49212 energy   194.6 births 48410556 deaths 48410482 (7179.9s) AMD Radeon AI PRO R9700 (RADV GFX1201)
tick 1535000 alive  1046047 genomes   48908 energy   194.4 births 48570788 deaths 48570828 (7184.6s) AMD Radeon AI PRO R9700 (RADV GFX1201)
tick 1536000 alive  1046060 genomes   49319 energy   194.7 births 48360584 deaths 48360571 (7189.2s) AMD Radeon AI PRO R9700 (RADV GFX1201)
tick 1537000 alive  1046078 genomes   48789 energy   194.9 births 48218957 deaths 48218939 (7193.9s) AMD Radeon AI PRO R9700 (RADV GFX1201)
tick 1538000 alive  1046043 genomes   48320 energy   195.1 births 48007006 deaths 48007041 (7198.5s) AMD Radeon AI PRO R9700 (RADV GFX1201)
tick 1539000 alive  1045978 genomes   48846 energy   194.4 births 48195539 deaths 48195604 (7203.1s) AMD Radeon AI PRO R9700 (RADV GFX1201)
tick 1540000 alive  1046054 genomes   48301 energy   195.2 births 48131017 deaths 48130941 (7207.8s) AMD Radeon AI PRO R9700 (RADV GFX1201)
tick 1541000 alive  1046007 genomes   48492 energy   194.8 births 47972154 deaths 47972201 (7212.4s) AMD Radeon AI PRO R9700 (RADV GFX1201)
tick 1542000 alive  1046131 genomes   47905 energy   195.3 births 47970554 deaths 47970430 (7217.1s) AMD Radeon AI PRO R9700 (RADV GFX1201)
tick 1543000 alive  1046066 genomes   48574 energy   194.8 births 48071612 deaths 48071677 (7221.9s) AMD Radeon AI PRO R9700 (RADV GFX1201)
tick 1544000 alive  1046019 genomes   48418 energy   195.0 births 48109380 deaths 48109427 (7226.5s) AMD Radeon AI PRO R9700 (RADV GFX1201)
tick 1545000 alive  1046016 genomes   48616 energy   195.2 births 48203055 deaths 48203058 (7231.2s) AMD Radeon AI PRO R9700 (RADV GFX1201)
tick 1546000 alive  1046097 genomes   48131 energy   195.2 births 48048762 deaths 48048681 (7235.9s) AMD Radeon AI PRO R9700 (RADV GFX1201)
tick 1547000 alive  1046032 genomes   48259 energy   195.1 births 47974241 deaths 47974306 (7240.6s) AMD Radeon AI PRO R9700 (RADV GFX1201)
tick 1548000 alive  1046024 genomes   48443 energy   195.1 births 48006858 deaths 48006866 (7245.2s) AMD Radeon AI PRO R9700 (RADV GFX1201)
tick 1549000 alive  1046164 genomes   47862 energy   195.3 births 47861456 deaths 47861316 (7249.9s) AMD Radeon AI PRO R9700 (RADV GFX1201)
tick 1550000 alive  1045995 genomes   48502 energy   194.7 births 47988355 deaths 47988524 (7254.6s) AMD Radeon AI PRO R9700 (RADV GFX1201)
tick 1551000 alive  1046117 genomes   48181 energy   195.2 births 48126175 deaths 48126053 (7259.3s) AMD Radeon AI PRO R9700 (RADV GFX1201)
tick 1552000 alive  1045958 genomes   48409 energy   194.9 births 47795624 deaths 47795783 (7263.9s) AMD Radeon AI PRO R9700 (RADV GFX1201)
tick 1553000 alive  1046053 genomes   49162 energy   194.2 births 48332041 deaths 48331946 (7268.6s) AMD Radeon AI PRO R9700 (RADV GFX1201)
tick 1554000 alive  1046032 genomes   47940 energy   194.8 births 48398853 deaths 48398874 (7273.3s) AMD Radeon AI PRO R9700 (RADV GFX1201)
tick 1555000 alive  1046032 genomes   48447 energy   194.7 births 48109257 deaths 48109257 (7278.0s) AMD Radeon AI PRO R9700 (RADV GFX1201)
tick 1556000 alive  1046005 genomes   48810 energy   194.3 births 48387500 deaths 48387527 (7282.7s) AMD Radeon AI PRO R9700 (RADV GFX1201)
tick 1557000 alive  1045978 genomes   50014 energy   193.8 births 48560287 deaths 48560314 (7287.3s) AMD Radeon AI PRO R9700 (RADV GFX1201)
tick 1558000 alive  1046059 genomes   47965 energy   195.3 births 48258672 deaths 48258591 (7292.0s) AMD Radeon AI PRO R9700 (RADV GFX1201)
tick 1559000 alive  1046026 genomes   49385 energy   194.5 births 48271448 deaths 48271481 (7296.7s) AMD Radeon AI PRO R9700 (RADV GFX1201)
tick 1560000 alive  1046033 genomes   49050 energy   194.6 births 48501527 deaths 48501520 (7301.3s) AMD Radeon AI PRO R9700 (RADV GFX1201)
tick 1561000 alive  1046114 genomes   49750 energy   194.6 births 48269966 deaths 48269885 (7306.0s) AMD Radeon AI PRO R9700 (RADV GFX1201)
tick 1562000 alive  1045998 genomes   49868 energy   194.5 births 48462505 deaths 48462621 (7310.6s) AMD Radeon AI PRO R9700 (RADV GFX1201)
tick 1563000 alive  1045998 genomes   49529 energy   194.8 births 48362254 deaths 48362254 (7315.3s) AMD Radeon AI PRO R9700 (RADV GFX1201)
tick 1564000 alive  1045978 genomes   51037 energy   193.5 births 48719050 deaths 48719070 (7320.0s) AMD Radeon AI PRO R9700 (RADV GFX1201)
tick 1565000 alive  1046059 genomes   50204 energy   194.2 births 48648796 deaths 48648715 (7324.6s) AMD Radeon AI PRO R9700 (RADV GFX1201)
tick 1566000 alive  1046148 genomes   49437 energy   194.5 births 48490274 deaths 48490185 (7329.3s) AMD Radeon AI PRO R9700 (RADV GFX1201)
tick 1567000 alive  1046078 genomes   49842 energy   194.2 births 48476647 deaths 48476717 (7334.0s) AMD Radeon AI PRO R9700 (RADV GFX1201)
tick 1568000 alive  1046072 genomes   47627 energy   195.8 births 47905085 deaths 47905091 (7338.6s) AMD Radeon AI PRO R9700 (RADV GFX1201)
tick 1569000 alive  1046052 genomes   47266 energy   195.7 births 47441846 deaths 47441866 (7343.3s) AMD Radeon AI PRO R9700 (RADV GFX1201)
tick 1570000 alive  1046072 genomes   48939 energy   194.3 births 47884892 deaths 47884872 (7347.9s) AMD Radeon AI PRO R9700 (RADV GFX1201)
tick 1571000 alive  1045988 genomes   49677 energy   194.1 births 48422661 deaths 48422745 (7352.6s) AMD Radeon AI PRO R9700 (RADV GFX1201)
tick 1572000 alive  1046026 genomes   49958 energy   193.8 births 48758042 deaths 48758004 (7357.2s) AMD Radeon AI PRO R9700 (RADV GFX1201)
tick 1573000 alive  1045985 genomes   49472 energy   194.0 births 49018984 deaths 49019025 (7361.8s) AMD Radeon AI PRO R9700 (RADV GFX1201)
tick 1574000 alive  1046062 genomes   48998 energy   194.7 births 48605883 deaths 48605806 (7366.4s) AMD Radeon AI PRO R9700 (RADV GFX1201)
tick 1575000 alive  1045997 genomes   48481 energy   195.1 births 47980464 deaths 47980529 (7371.2s) AMD Radeon AI PRO R9700 (RADV GFX1201)
tick 1576000 alive  1045976 genomes   47914 energy   195.4 births 47816272 deaths 47816293 (7375.8s) AMD Radeon AI PRO R9700 (RADV GFX1201)
tick 1577000 alive  1046053 genomes   48398 energy   194.8 births 47930474 deaths 47930397 (7380.4s) AMD Radeon AI PRO R9700 (RADV GFX1201)
tick 1578000 alive  1046003 genomes   47982 energy   195.3 births 47923327 deaths 47923377 (7385.0s) AMD Radeon AI PRO R9700 (RADV GFX1201)
tick 1579000 alive  1046058 genomes   49263 energy   194.4 births 48190494 deaths 48190439 (7389.8s) AMD Radeon AI PRO R9700 (RADV GFX1201)
tick 1580000 alive  1045980 genomes   50041 energy   194.0 births 48381356 deaths 48381434 (7394.5s) AMD Radeon AI PRO R9700 (RADV GFX1201)
tick 1581000 alive  1046052 genomes   50333 energy   193.9 births 48716448 deaths 48716376 (7399.2s) AMD Radeon AI PRO R9700 (RADV GFX1201)
tick 1582000 alive  1046086 genomes   49924 energy   194.1 births 48635617 deaths 48635583 (7403.8s) AMD Radeon AI PRO R9700 (RADV GFX1201)
tick 1583000 alive  1046012 genomes   50542 energy   193.6 births 48989917 deaths 48989991 (7408.5s) AMD Radeon AI PRO R9700 (RADV GFX1201)
tick 1584000 alive  1046008 genomes   50312 energy   194.0 births 48910032 deaths 48910036 (7413.2s) AMD Radeon AI PRO R9700 (RADV GFX1201)
tick 1585000 alive  1046033 genomes   50325 energy   193.8 births 48952310 deaths 48952285 (7417.9s) AMD Radeon AI PRO R9700 (RADV GFX1201)
tick 1586000 alive  1046055 genomes   49945 energy   194.2 births 48660981 deaths 48660959 (7422.6s) AMD Radeon AI PRO R9700 (RADV GFX1201)
tick 1587000 alive  1045997 genomes   49006 energy   194.3 births 48462212 deaths 48462270 (7427.3s) AMD Radeon AI PRO R9700 (RADV GFX1201)
tick 1588000 alive  1046095 genomes   48702 energy   194.6 births 48119491 deaths 48119393 (7431.9s) AMD Radeon AI PRO R9700 (RADV GFX1201)
tick 1589000 alive  1046071 genomes   48558 energy   194.8 births 48081266 deaths 48081290 (7436.6s) AMD Radeon AI PRO R9700 (RADV GFX1201)
tick 1590000 alive  1046128 genomes   48317 energy   195.4 births 47876566 deaths 47876509 (7441.2s) AMD Radeon AI PRO R9700 (RADV GFX1201)
tick 1591000 alive  1046043 genomes   47935 energy   195.7 births 47936312 deaths 47936397 (7445.9s) AMD Radeon AI PRO R9700 (RADV GFX1201)
tick 1592000 alive  1046083 genomes   49261 energy   194.7 births 47847899 deaths 47847859 (7450.5s) AMD Radeon AI PRO R9700 (RADV GFX1201)
tick 1593000 alive  1046016 genomes   49611 energy   194.6 births 48340958 deaths 48341025 (7455.2s) AMD Radeon AI PRO R9700 (RADV GFX1201)
tick 1594000 alive  1046024 genomes   48915 energy   195.0 births 48092773 deaths 48092765 (7459.8s) AMD Radeon AI PRO R9700 (RADV GFX1201)
tick 1595000 alive  1046045 genomes   48647 energy   195.0 births 48019721 deaths 48019700 (7464.7s) AMD Radeon AI PRO R9700 (RADV GFX1201)
tick 1596000 alive  1046003 genomes   49647 energy   194.6 births 48078648 deaths 48078690 (7469.3s) AMD Radeon AI PRO R9700 (RADV GFX1201)
tick 1597000 alive  1046098 genomes   49360 energy   194.8 births 48378742 deaths 48378647 (7474.0s) AMD Radeon AI PRO R9700 (RADV GFX1201)
tick 1598000 alive  1046054 genomes   49525 energy   194.3 births 48522247 deaths 48522291 (7478.6s) AMD Radeon AI PRO R9700 (RADV GFX1201)
tick 1599000 alive  1046004 genomes   50423 energy   193.9 births 48568855 deaths 48568905 (7483.3s) AMD Radeon AI PRO R9700 (RADV GFX1201)
tick 1600000 alive  1045931 genomes   49930 energy   194.2 births 48600882 deaths 48600955 (7487.9s) AMD Radeon AI PRO R9700 (RADV GFX1201)
tick 1601000 alive  1045929 genomes   50156 energy   194.3 births 48817476 deaths 48817478 (7492.6s) AMD Radeon AI PRO R9700 (RADV GFX1201)
tick 1602000 alive  1046095 genomes   50391 energy   194.1 births 48899939 deaths 48899773 (7497.2s) AMD Radeon AI PRO R9700 (RADV GFX1201)
tick 1603000 alive  1046025 genomes   49497 energy   194.5 births 48428945 deaths 48429015 (7501.9s) AMD Radeon AI PRO R9700 (RADV GFX1201)
tick 1604000 alive  1046051 genomes   49222 energy   194.2 births 48318733 deaths 48318707 (7506.5s) AMD Radeon AI PRO R9700 (RADV GFX1201)
tick 1605000 alive  1046112 genomes   49611 energy   194.3 births 48478465 deaths 48478404 (7511.5s) AMD Radeon AI PRO R9700 (RADV GFX1201)
tick 1606000 alive  1046082 genomes   49039 energy   194.3 births 48544702 deaths 48544732 (7516.2s) AMD Radeon AI PRO R9700 (RADV GFX1201)
tick 1607000 alive  1046049 genomes   47600 energy   194.9 births 48275617 deaths 48275650 (7520.8s) AMD Radeon AI PRO R9700 (RADV GFX1201)
tick 1608000 alive  1046064 genomes   49061 energy   194.3 births 48297401 deaths 48297386 (7525.5s) AMD Radeon AI PRO R9700 (RADV GFX1201)
tick 1609000 alive  1046000 genomes   49492 energy   194.0 births 48534001 deaths 48534065 (7530.1s) AMD Radeon AI PRO R9700 (RADV GFX1201)
tick 1610000 alive  1045983 genomes   49360 energy   194.3 births 48819996 deaths 48820013 (7534.8s) AMD Radeon AI PRO R9700 (RADV GFX1201)
tick 1611000 alive  1046063 genomes   48204 energy   195.1 births 48397649 deaths 48397569 (7539.5s) AMD Radeon AI PRO R9700 (RADV GFX1201)
tick 1612000 alive  1045996 genomes   48488 energy   194.6 births 48210301 deaths 48210368 (7544.2s) AMD Radeon AI PRO R9700 (RADV GFX1201)
tick 1613000 alive  1046046 genomes   49259 energy   194.1 births 48529260 deaths 48529210 (7548.8s) AMD Radeon AI PRO R9700 (RADV GFX1201)
tick 1614000 alive  1046028 genomes   49075 energy   194.2 births 48547917 deaths 48547935 (7553.5s) AMD Radeon AI PRO R9700 (RADV GFX1201)
tick 1615000 alive  1046054 genomes   49891 energy   193.7 births 48811131 deaths 48811105 (7558.2s) AMD Radeon AI PRO R9700 (RADV GFX1201)
tick 1616000 alive  1046018 genomes   49240 energy   194.3 births 48768258 deaths 48768294 (7562.9s) AMD Radeon AI PRO R9700 (RADV GFX1201)
tick 1617000 alive  1046013 genomes   49464 energy   194.2 births 48669745 deaths 48669750 (7567.5s) AMD Radeon AI PRO R9700 (RADV GFX1201)
tick 1618000 alive  1045999 genomes   48939 energy   194.6 births 48504293 deaths 48504307 (7572.2s) AMD Radeon AI PRO R9700 (RADV GFX1201)
tick 1619000 alive  1046008 genomes   49709 energy   194.0 births 48550147 deaths 48550138 (7576.8s) AMD Radeon AI PRO R9700 (RADV GFX1201)
tick 1620000 alive  1046113 genomes   49913 energy   193.8 births 48710640 deaths 48710535 (7581.5s) AMD Radeon AI PRO R9700 (RADV GFX1201)
tick 1621000 alive  1045974 genomes   49991 energy   194.1 births 48836141 deaths 48836280 (7586.4s) AMD Radeon AI PRO R9700 (RADV GFX1201)
tick 1622000 alive  1045932 genomes   50452 energy   193.4 births 48952171 deaths 48952213 (7591.1s) AMD Radeon AI PRO R9700 (RADV GFX1201)
tick 1623000 alive  1046088 genomes   50945 energy   193.5 births 49183163 deaths 49183007 (7595.9s) AMD Radeon AI PRO R9700 (RADV GFX1201)
tick 1624000 alive  1046003 genomes   50144 energy   193.9 births 48939077 deaths 48939162 (7600.5s) AMD Radeon AI PRO R9700 (RADV GFX1201)
tick 1625000 alive  1045876 genomes   50882 energy   193.9 births 48750663 deaths 48750790 (7605.2s) AMD Radeon AI PRO R9700 (RADV GFX1201)
tick 1626000 alive  1045959 genomes   50888 energy   193.5 births 48957574 deaths 48957491 (7609.8s) AMD Radeon AI PRO R9700 (RADV GFX1201)
tick 1627000 alive  1046024 genomes   50756 energy   194.0 births 49128258 deaths 49128193 (7614.5s) AMD Radeon AI PRO R9700 (RADV GFX1201)
tick 1628000 alive  1046058 genomes   50568 energy   194.0 births 49044675 deaths 49044641 (7619.2s) AMD Radeon AI PRO R9700 (RADV GFX1201)
tick 1629000 alive  1046188 genomes   49650 energy   194.3 births 48878473 deaths 48878343 (7623.8s) AMD Radeon AI PRO R9700 (RADV GFX1201)
tick 1630000 alive  1046043 genomes   49462 energy   194.7 births 48231892 deaths 48232037 (7628.5s) AMD Radeon AI PRO R9700 (RADV GFX1201)
tick 1631000 alive  1045999 genomes   49382 energy   195.0 births 48399249 deaths 48399293 (7633.1s) AMD Radeon AI PRO R9700 (RADV GFX1201)
tick 1632000 alive  1046122 genomes   49329 energy   195.0 births 48068216 deaths 48068093 (7637.8s) AMD Radeon AI PRO R9700 (RADV GFX1201)
tick 1633000 alive  1045943 genomes   50109 energy   194.4 births 48293881 deaths 48294060 (7642.4s) AMD Radeon AI PRO R9700 (RADV GFX1201)
tick 1634000 alive  1046034 genomes   51615 energy   193.3 births 48804658 deaths 48804567 (7647.1s) AMD Radeon AI PRO R9700 (RADV GFX1201)
tick 1635000 alive  1046030 genomes   49709 energy   195.1 births 48519875 deaths 48519879 (7651.7s) AMD Radeon AI PRO R9700 (RADV GFX1201)
tick 1636000 alive  1045992 genomes   50810 energy   193.9 births 48385190 deaths 48385228 (7656.4s) AMD Radeon AI PRO R9700 (RADV GFX1201)
tick 1637000 alive  1046029 genomes   51440 energy   193.4 births 49147929 deaths 49147892 (7661.0s) AMD Radeon AI PRO R9700 (RADV GFX1201)
tick 1638000 alive  1046062 genomes   50935 energy   193.7 births 49284979 deaths 49284946 (7665.7s) AMD Radeon AI PRO R9700 (RADV GFX1201)
tick 1639000 alive  1046054 genomes   49426 energy   194.8 births 48631978 deaths 48631986 (7670.3s) AMD Radeon AI PRO R9700 (RADV GFX1201)
tick 1640000 alive  1045938 genomes   50301 energy   194.1 births 48485552 deaths 48485668 (7675.0s) AMD Radeon AI PRO R9700 (RADV GFX1201)
tick 1641000 alive  1045981 genomes   49934 energy   194.2 births 48512781 deaths 48512738 (7679.6s) AMD Radeon AI PRO R9700 (RADV GFX1201)
tick 1642000 alive  1046036 genomes   50806 energy   193.7 births 49109234 deaths 49109179 (7684.3s) AMD Radeon AI PRO R9700 (RADV GFX1201)
tick 1643000 alive  1045923 genomes   50816 energy   193.6 births 48937876 deaths 48937989 (7689.0s) AMD Radeon AI PRO R9700 (RADV GFX1201)
tick 1644000 alive  1046027 genomes   51388 energy   193.4 births 48980568 deaths 48980464 (7693.7s) AMD Radeon AI PRO R9700 (RADV GFX1201)
tick 1645000 alive  1045965 genomes   50221 energy   193.9 births 49307725 deaths 49307787 (7698.4s) AMD Radeon AI PRO R9700 (RADV GFX1201)
tick 1646000 alive  1046107 genomes   50107 energy   193.8 births 48915650 deaths 48915508 (7703.0s) AMD Radeon AI PRO R9700 (RADV GFX1201)
tick 1647000 alive  1046025 genomes   49207 energy   194.3 births 48795325 deaths 48795407 (7707.7s) AMD Radeon AI PRO R9700 (RADV GFX1201)
tick 1648000 alive  1045998 genomes   49853 energy   194.0 births 48667305 deaths 48667332 (7712.3s) AMD Radeon AI PRO R9700 (RADV GFX1201)
tick 1649000 alive  1046094 genomes   49012 energy   194.2 births 48507489 deaths 48507393 (7716.9s) AMD Radeon AI PRO R9700 (RADV GFX1201)
tick 1650000 alive  1046011 genomes   49988 energy   194.2 births 48679508 deaths 48679591 (7721.7s) AMD Radeon AI PRO R9700 (RADV GFX1201)
tick 1651000 alive  1046012 genomes   49440 energy   194.3 births 48585830 deaths 48585829 (7726.3s) AMD Radeon AI PRO R9700 (RADV GFX1201)
tick 1652000 alive  1045944 genomes   50049 energy   193.9 births 48817016 deaths 48817084 (7731.0s) AMD Radeon AI PRO R9700 (RADV GFX1201)
tick 1653000 alive  1046036 genomes   50011 energy   193.9 births 48773386 deaths 48773294 (7735.6s) AMD Radeon AI PRO R9700 (RADV GFX1201)
tick 1654000 alive  1046056 genomes   49458 energy   194.4 births 48834378 deaths 48834358 (7740.3s) AMD Radeon AI PRO R9700 (RADV GFX1201)
tick 1655000 alive  1046063 genomes   49702 energy   194.4 births 48566154 deaths 48566147 (7744.9s) AMD Radeon AI PRO R9700 (RADV GFX1201)
tick 1656000 alive  1046051 genomes   50107 energy   193.8 births 48865753 deaths 48865765 (7749.7s) AMD Radeon AI PRO R9700 (RADV GFX1201)
tick 1657000 alive  1045970 genomes   50484 energy   193.9 births 49216385 deaths 49216466 (7754.3s) AMD Radeon AI PRO R9700 (RADV GFX1201)
tick 1658000 alive  1046002 genomes   50417 energy   193.7 births 49116608 deaths 49116576 (7759.0s) AMD Radeon AI PRO R9700 (RADV GFX1201)
tick 1659000 alive  1046095 genomes   50784 energy   193.4 births 49207847 deaths 49207754 (7763.6s) AMD Radeon AI PRO R9700 (RADV GFX1201)
tick 1660000 alive  1045988 genomes   50062 energy   194.3 births 48937198 deaths 48937305 (7768.4s) AMD Radeon AI PRO R9700 (RADV GFX1201)
tick 1661000 alive  1046031 genomes   50150 energy   194.3 births 48835370 deaths 48835327 (7772.9s) AMD Radeon AI PRO R9700 (RADV GFX1201)
tick 1662000 alive  1046026 genomes   50653 energy   194.1 births 48955195 deaths 48955200 (7777.7s) AMD Radeon AI PRO R9700 (RADV GFX1201)
tick 1663000 alive  1046027 genomes   49201 energy   194.9 births 48381928 deaths 48381927 (7782.3s) AMD Radeon AI PRO R9700 (RADV GFX1201)
tick 1664000 alive  1045989 genomes   49674 energy   194.4 births 48350173 deaths 48350211 (7787.0s) AMD Radeon AI PRO R9700 (RADV GFX1201)
tick 1665000 alive  1046079 genomes   49723 energy   194.5 births 48239320 deaths 48239230 (7791.7s) AMD Radeon AI PRO R9700 (RADV GFX1201)
tick 1666000 alive  1046146 genomes   49110 energy   194.8 births 48217514 deaths 48217447 (7796.4s) AMD Radeon AI PRO R9700 (RADV GFX1201)
tick 1667000 alive  1046036 genomes   50349 energy   193.9 births 48471180 deaths 48471290 (7801.0s) AMD Radeon AI PRO R9700 (RADV GFX1201)
tick 1668000 alive  1045979 genomes   50228 energy   193.8 births 48974792 deaths 48974849 (7805.6s) AMD Radeon AI PRO R9700 (RADV GFX1201)
tick 1669000 alive  1046063 genomes   50361 energy   193.9 births 48905940 deaths 48905856 (7810.2s) AMD Radeon AI PRO R9700 (RADV GFX1201)
tick 1670000 alive  1045952 genomes   49550 energy   194.1 births 49041557 deaths 49041668 (7814.8s) AMD Radeon AI PRO R9700 (RADV GFX1201)
tick 1671000 alive  1046017 genomes   49587 energy   194.0 births 48659748 deaths 48659683 (7819.4s) AMD Radeon AI PRO R9700 (RADV GFX1201)
tick 1672000 alive  1046028 genomes   48497 energy   194.7 births 48390713 deaths 48390702 (7824.1s) AMD Radeon AI PRO R9700 (RADV GFX1201)
tick 1673000 alive  1046014 genomes   48597 energy   194.7 births 48187438 deaths 48187452 (7828.7s) AMD Radeon AI PRO R9700 (RADV GFX1201)
tick 1674000 alive  1046117 genomes   49730 energy   193.9 births 48340517 deaths 48340414 (7833.3s) AMD Radeon AI PRO R9700 (RADV GFX1201)
tick 1675000 alive  1046100 genomes   49405 energy   194.4 births 48616004 deaths 48616021 (7837.9s) AMD Radeon AI PRO R9700 (RADV GFX1201)
tick 1676000 alive  1046073 genomes   48489 energy   194.8 births 48314241 deaths 48314268 (7842.7s) AMD Radeon AI PRO R9700 (RADV GFX1201)
tick 1677000 alive  1046009 genomes   49285 energy   194.1 births 48652169 deaths 48652233 (7847.3s) AMD Radeon AI PRO R9700 (RADV GFX1201)
tick 1678000 alive  1046064 genomes   49038 energy   194.3 births 48665675 deaths 48665620 (7851.9s) AMD Radeon AI PRO R9700 (RADV GFX1201)
tick 1679000 alive  1046078 genomes   48481 energy   194.8 births 48391800 deaths 48391786 (7856.5s) AMD Radeon AI PRO R9700 (RADV GFX1201)
tick 1680000 alive  1046073 genomes   48891 energy   194.7 births 48318399 deaths 48318404 (7861.2s) AMD Radeon AI PRO R9700 (RADV GFX1201)
tick 1681000 alive  1046005 genomes   48648 energy   195.1 births 48075211 deaths 48075279 (7865.8s) AMD Radeon AI PRO R9700 (RADV GFX1201)
tick 1682000 alive  1046087 genomes   48431 energy   195.1 births 48096815 deaths 48096733 (7870.5s) AMD Radeon AI PRO R9700 (RADV GFX1201)
tick 1683000 alive  1046044 genomes   48188 energy   195.1 births 48019499 deaths 48019542 (7875.1s) AMD Radeon AI PRO R9700 (RADV GFX1201)
tick 1684000 alive  1045986 genomes   48630 energy   195.0 births 47798183 deaths 47798241 (7879.8s) AMD Radeon AI PRO R9700 (RADV GFX1201)
tick 1685000 alive  1046066 genomes   49364 energy   194.8 births 48054261 deaths 48054181 (7884.4s) AMD Radeon AI PRO R9700 (RADV GFX1201)
tick 1686000 alive  1046013 genomes   49127 energy   194.6 births 48590965 deaths 48591018 (7889.1s) AMD Radeon AI PRO R9700 (RADV GFX1201)
tick 1687000 alive  1046117 genomes   49058 energy   194.4 births 48546339 deaths 48546235 (7893.7s) AMD Radeon AI PRO R9700 (RADV GFX1201)
tick 1688000 alive  1046042 genomes   48802 energy   194.8 births 48178685 deaths 48178760 (7898.4s) AMD Radeon AI PRO R9700 (RADV GFX1201)
tick 1689000 alive  1046170 genomes   48366 energy   195.0 births 48163086 deaths 48162958 (7903.0s) AMD Radeon AI PRO R9700 (RADV GFX1201)
tick 1690000 alive  1046020 genomes   49185 energy   194.5 births 48370742 deaths 48370892 (7907.7s) AMD Radeon AI PRO R9700 (RADV GFX1201)
tick 1691000 alive  1046008 genomes   49304 energy   194.2 births 48424377 deaths 48424389 (7912.3s) AMD Radeon AI PRO R9700 (RADV GFX1201)
tick 1692000 alive  1046099 genomes   48584 energy   194.6 births 48580039 deaths 48579948 (7917.0s) AMD Radeon AI PRO R9700 (RADV GFX1201)
tick 1693000 alive  1046153 genomes   49177 energy   194.4 births 48337002 deaths 48336948 (7921.6s) AMD Radeon AI PRO R9700 (RADV GFX1201)
tick 1694000 alive  1046036 genomes   49926 energy   193.8 births 48561090 deaths 48561207 (7926.2s) AMD Radeon AI PRO R9700 (RADV GFX1201)
tick 1695000 alive  1046093 genomes   49000 energy   194.8 births 48492770 deaths 48492713 (7930.9s) AMD Radeon AI PRO R9700 (RADV GFX1201)
tick 1696000 alive  1046042 genomes   48497 energy   195.1 births 48149437 deaths 48149488 (7935.9s) AMD Radeon AI PRO R9700 (RADV GFX1201)
tick 1697000 alive  1046028 genomes   49195 energy   194.4 births 48211117 deaths 48211131 (7940.6s) AMD Radeon AI PRO R9700 (RADV GFX1201)
tick 1698000 alive  1045999 genomes   48965 energy   194.5 births 48438765 deaths 48438794 (7945.3s) AMD Radeon AI PRO R9700 (RADV GFX1201)
tick 1699000 alive  1046073 genomes   47811 energy   195.5 births 47866915 deaths 47866841 (7949.9s) AMD Radeon AI PRO R9700 (RADV GFX1201)
tick 1700000 alive  1045995 genomes   48403 energy   194.9 births 47771880 deaths 47771958 (7954.6s) AMD Radeon AI PRO R9700 (RADV GFX1201)
tick 1701000 alive  1046061 genomes   48285 energy   195.3 births 48282008 deaths 48281942 (7959.2s) AMD Radeon AI PRO R9700 (RADV GFX1201)
tick 1702000 alive  1045988 genomes   48706 energy   194.7 births 47916179 deaths 47916252 (7963.8s) AMD Radeon AI PRO R9700 (RADV GFX1201)
tick 1703000 alive  1045942 genomes   48774 energy   195.0 births 48229940 deaths 48229986 (7968.5s) AMD Radeon AI PRO R9700 (RADV GFX1201)
tick 1704000 alive  1046051 genomes   49456 energy   194.1 births 48396413 deaths 48396304 (7973.2s) AMD Radeon AI PRO R9700 (RADV GFX1201)
tick 1705000 alive  1045981 genomes   48918 energy   194.6 births 48451634 deaths 48451704 (7977.8s) AMD Radeon AI PRO R9700 (RADV GFX1201)
tick 1706000 alive  1045954 genomes   49733 energy   194.0 births 48579209 deaths 48579236 (7982.5s) AMD Radeon AI PRO R9700 (RADV GFX1201)
tick 1707000 alive  1046057 genomes   49255 energy   194.5 births 48546755 deaths 48546652 (7987.1s) AMD Radeon AI PRO R9700 (RADV GFX1201)
tick 1708000 alive  1046062 genomes   49218 energy   194.4 births 48347039 deaths 48347034 (7992.5s) AMD Radeon AI PRO R9700 (RADV GFX1201)
tick 1709000 alive  1046017 genomes   48434 energy   195.0 births 48363414 deaths 48363459 (7997.8s) AMD Radeon AI PRO R9700 (RADV GFX1201)
tick 1710000 alive  1045968 genomes   49026 energy   194.4 births 48373098 deaths 48373147 (8002.5s) AMD Radeon AI PRO R9700 (RADV GFX1201)
tick 1711000 alive  1046123 genomes   49395 energy   194.1 births 48496122 deaths 48495967 (8007.1s) AMD Radeon AI PRO R9700 (RADV GFX1201)
tick 1712000 alive  1046067 genomes   49337 energy   194.5 births 48718144 deaths 48718200 (8011.8s) AMD Radeon AI PRO R9700 (RADV GFX1201)
tick 1713000 alive  1046045 genomes   49064 energy   194.4 births 48576779 deaths 48576801 (8016.4s) AMD Radeon AI PRO R9700 (RADV GFX1201)
tick 1714000 alive  1045952 genomes   49813 energy   194.2 births 48891131 deaths 48891224 (8021.1s) AMD Radeon AI PRO R9700 (RADV GFX1201)
tick 1715000 alive  1046047 genomes   49077 energy   194.1 births 48787821 deaths 48787726 (8025.7s) AMD Radeon AI PRO R9700 (RADV GFX1201)
tick 1716000 alive  1045991 genomes   48019 energy   194.9 births 48516974 deaths 48517030 (8030.4s) AMD Radeon AI PRO R9700 (RADV GFX1201)
tick 1717000 alive  1045991 genomes   49122 energy   194.0 births 48246316 deaths 48246316 (8035.1s) AMD Radeon AI PRO R9700 (RADV GFX1201)
tick 1718000 alive  1046104 genomes   49187 energy   194.0 births 48631953 deaths 48631840 (8039.7s) AMD Radeon AI PRO R9700 (RADV GFX1201)
tick 1719000 alive  1045992 genomes   48391 energy   194.8 births 48319924 deaths 48320036 (8044.4s) AMD Radeon AI PRO R9700 (RADV GFX1201)
tick 1720000 alive  1045996 genomes   48503 energy   194.9 births 48313971 deaths 48313967 (8049.1s) AMD Radeon AI PRO R9700 (RADV GFX1201)
tick 1721000 alive  1046153 genomes   47862 energy   195.3 births 48108134 deaths 48107977 (8053.7s) AMD Radeon AI PRO R9700 (RADV GFX1201)
tick 1722000 alive  1046026 genomes   48569 energy   194.8 births 48047476 deaths 48047603 (8058.3s) AMD Radeon AI PRO R9700 (RADV GFX1201)
tick 1723000 alive  1046022 genomes   46969 energy   195.8 births 47989017 deaths 47989021 (8063.0s) AMD Radeon AI PRO R9700 (RADV GFX1201)
tick 1724000 alive  1046054 genomes   48822 energy   194.7 births 48059258 deaths 48059226 (8067.7s) AMD Radeon AI PRO R9700 (RADV GFX1201)
tick 1725000 alive  1046141 genomes   48192 energy   194.8 births 48293116 deaths 48293029 (8072.4s) AMD Radeon AI PRO R9700 (RADV GFX1201)
tick 1726000 alive  1046067 genomes   48441 energy   194.9 births 48227815 deaths 48227889 (8077.0s) AMD Radeon AI PRO R9700 (RADV GFX1201)
tick 1727000 alive  1045881 genomes   49203 energy   194.3 births 48215972 deaths 48216158 (8081.7s) AMD Radeon AI PRO R9700 (RADV GFX1201)
tick 1728000 alive  1046041 genomes   48682 energy   195.1 births 48435485 deaths 48435325 (8086.3s) AMD Radeon AI PRO R9700 (RADV GFX1201)
tick 1729000 alive  1045961 genomes   48292 energy   195.0 births 48062393 deaths 48062473 (8091.0s) AMD Radeon AI PRO R9700 (RADV GFX1201)
tick 1730000 alive  1046061 genomes   48499 energy   195.2 births 47724659 deaths 47724559 (8095.7s) AMD Radeon AI PRO R9700 (RADV GFX1201)
tick 1731000 alive  1046141 genomes   49279 energy   194.4 births 47974998 deaths 47974918 (8100.4s) AMD Radeon AI PRO R9700 (RADV GFX1201)
tick 1732000 alive  1046078 genomes   49608 energy   194.2 births 48504639 deaths 48504702 (8105.0s) AMD Radeon AI PRO R9700 (RADV GFX1201)
tick 1733000 alive  1046042 genomes   49460 energy   194.7 births 48560628 deaths 48560664 (8109.7s) AMD Radeon AI PRO R9700 (RADV GFX1201)
tick 1734000 alive  1046032 genomes   49062 energy   194.7 births 48242111 deaths 48242121 (8114.3s) AMD Radeon AI PRO R9700 (RADV GFX1201)
tick 1735000 alive  1046157 genomes   48045 energy   195.3 births 47882820 deaths 47882695 (8119.0s) AMD Radeon AI PRO R9700 (RADV GFX1201)
tick 1736000 alive  1046100 genomes   47781 energy   195.4 births 47655707 deaths 47655764 (8123.7s) AMD Radeon AI PRO R9700 (RADV GFX1201)
tick 1737000 alive  1046052 genomes   48420 energy   195.0 births 47755454 deaths 47755502 (8128.3s) AMD Radeon AI PRO R9700 (RADV GFX1201)
tick 1738000 alive  1046123 genomes   48890 energy   194.9 births 47896296 deaths 47896225 (8133.0s) AMD Radeon AI PRO R9700 (RADV GFX1201)
tick 1739000 alive  1046099 genomes   48894 energy   194.5 births 48242710 deaths 48242734 (8137.7s) AMD Radeon AI PRO R9700 (RADV GFX1201)
tick 1740000 alive  1046050 genomes   49022 energy   194.2 births 48196141 deaths 48196190 (8142.4s) AMD Radeon AI PRO R9700 (RADV GFX1201)
tick 1741000 alive  1046021 genomes   49409 energy   193.9 births 48617868 deaths 48617897 (8147.0s) AMD Radeon AI PRO R9700 (RADV GFX1201)
tick 1742000 alive  1045983 genomes   49945 energy   193.7 births 49083155 deaths 49083193 (8151.7s) AMD Radeon AI PRO R9700 (RADV GFX1201)
tick 1743000 alive  1045970 genomes   49565 energy   193.9 births 48750119 deaths 48750132 (8156.4s) AMD Radeon AI PRO R9700 (RADV GFX1201)
tick 1744000 alive  1046059 genomes   50111 energy   193.6 births 48978822 deaths 48978733 (8161.0s) AMD Radeon AI PRO R9700 (RADV GFX1201)
tick 1745000 alive  1046041 genomes   49408 energy   194.4 births 48862114 deaths 48862132 (8165.7s) AMD Radeon AI PRO R9700 (RADV GFX1201)
tick 1746000 alive  1046110 genomes   48009 energy   195.2 births 48163085 deaths 48163016 (8170.4s) AMD Radeon AI PRO R9700 (RADV GFX1201)
tick 1747000 alive  1046135 genomes   47945 energy   195.2 births 47947247 deaths 47947222 (8175.1s) AMD Radeon AI PRO R9700 (RADV GFX1201)
tick 1748000 alive  1046034 genomes   48821 energy   194.7 births 48224844 deaths 48224945 (8179.8s) AMD Radeon AI PRO R9700 (RADV GFX1201)
tick 1749000 alive  1046064 genomes   47430 energy   195.1 births 48094549 deaths 48094519 (8184.5s) AMD Radeon AI PRO R9700 (RADV GFX1201)
tick 1750000 alive  1046063 genomes   48363 energy   194.9 births 47757872 deaths 47757873 (8189.2s) AMD Radeon AI PRO R9700 (RADV GFX1201)
tick 1751000 alive  1046022 genomes   48111 energy   194.8 births 48110771 deaths 48110812 (8193.9s) AMD Radeon AI PRO R9700 (RADV GFX1201)
tick 1752000 alive  1046075 genomes   50036 energy   193.9 births 48359014 deaths 48358961 (8198.5s) AMD Radeon AI PRO R9700 (RADV GFX1201)
tick 1753000 alive  1046148 genomes   48661 energy   194.7 births 48482209 deaths 48482136 (8203.2s) AMD Radeon AI PRO R9700 (RADV GFX1201)
tick 1754000 alive  1046095 genomes   49062 energy   194.2 births 48318703 deaths 48318756 (8207.8s) AMD Radeon AI PRO R9700 (RADV GFX1201)
tick 1755000 alive  1046091 genomes   47116 energy   195.6 births 48069531 deaths 48069535 (8212.5s) AMD Radeon AI PRO R9700 (RADV GFX1201)
tick 1756000 alive  1046053 genomes   46780 energy   195.8 births 47458247 deaths 47458285 (8217.1s) AMD Radeon AI PRO R9700 (RADV GFX1201)
tick 1757000 alive  1046013 genomes   47693 energy   195.6 births 47564937 deaths 47564977 (8221.8s) AMD Radeon AI PRO R9700 (RADV GFX1201)
tick 1758000 alive  1046040 genomes   47642 energy   195.1 births 47753693 deaths 47753666 (8226.5s) AMD Radeon AI PRO R9700 (RADV GFX1201)
tick 1759000 alive  1046097 genomes   48245 energy   194.9 births 48107106 deaths 48107049 (8231.1s) AMD Radeon AI PRO R9700 (RADV GFX1201)
tick 1760000 alive  1046018 genomes   48828 energy   194.4 births 48214768 deaths 48214847 (8235.8s) AMD Radeon AI PRO R9700 (RADV GFX1201)
tick 1761000 alive  1046044 genomes   48998 energy   194.4 births 48402893 deaths 48402867 (8240.5s) AMD Radeon AI PRO R9700 (RADV GFX1201)
tick 1762000 alive  1046096 genomes   49585 energy   193.9 births 48863233 deaths 48863181 (8245.1s) AMD Radeon AI PRO R9700 (RADV GFX1201)
tick 1763000 alive  1046079 genomes   48916 energy   194.6 births 48438143 deaths 48438160 (8249.8s) AMD Radeon AI PRO R9700 (RADV GFX1201)
tick 1764000 alive  1046096 genomes   47704 energy   195.5 births 47717033 deaths 47717016 (8254.4s) AMD Radeon AI PRO R9700 (RADV GFX1201)
tick 1765000 alive  1046040 genomes   47156 energy   195.7 births 47145663 deaths 47145719 (8259.0s) AMD Radeon AI PRO R9700 (RADV GFX1201)
tick 1766000 alive  1046121 genomes   46801 energy   196.0 births 47299696 deaths 47299615 (8263.6s) AMD Radeon AI PRO R9700 (RADV GFX1201)
tick 1767000 alive  1046078 genomes   46981 energy   195.4 births 47496991 deaths 47497034 (8268.3s) AMD Radeon AI PRO R9700 (RADV GFX1201)
tick 1768000 alive  1045993 genomes   47742 energy   194.8 births 47486434 deaths 47486519 (8272.9s) AMD Radeon AI PRO R9700 (RADV GFX1201)
tick 1769000 alive  1046044 genomes   47588 energy   195.2 births 47851852 deaths 47851801 (8277.5s) AMD Radeon AI PRO R9700 (RADV GFX1201)
tick 1770000 alive  1046032 genomes   48152 energy   194.7 births 47834172 deaths 47834184 (8282.1s) AMD Radeon AI PRO R9700 (RADV GFX1201)
tick 1771000 alive  1046052 genomes   49802 energy   193.9 births 48210272 deaths 48210252 (8286.8s) AMD Radeon AI PRO R9700 (RADV GFX1201)
tick 1772000 alive  1045977 genomes   49538 energy   194.3 births 48948436 deaths 48948511 (8291.4s) AMD Radeon AI PRO R9700 (RADV GFX1201)
tick 1773000 alive  1046035 genomes   49823 energy   194.1 births 48711616 deaths 48711558 (8296.1s) AMD Radeon AI PRO R9700 (RADV GFX1201)
tick 1774000 alive  1046005 genomes   50133 energy   193.9 births 48868972 deaths 48869002 (8300.7s) AMD Radeon AI PRO R9700 (RADV GFX1201)
tick 1775000 alive  1046067 genomes   48982 energy   194.3 births 48758506 deaths 48758444 (8305.4s) AMD Radeon AI PRO R9700 (RADV GFX1201)
tick 1776000 alive  1046071 genomes   48024 energy   195.2 births 48329742 deaths 48329738 (8310.0s) AMD Radeon AI PRO R9700 (RADV GFX1201)
tick 1777000 alive  1046018 genomes   48071 energy   195.1 births 47952823 deaths 47952876 (8314.7s) AMD Radeon AI PRO R9700 (RADV GFX1201)
tick 1778000 alive  1046064 genomes   47153 energy   195.4 births 47751982 deaths 47751936 (8319.3s) AMD Radeon AI PRO R9700 (RADV GFX1201)
tick 1779000 alive  1046090 genomes   48153 energy   195.1 births 47637196 deaths 47637170 (8324.0s) AMD Radeon AI PRO R9700 (RADV GFX1201)
tick 1780000 alive  1046139 genomes   47711 energy   195.2 births 47721287 deaths 47721238 (8328.6s) AMD Radeon AI PRO R9700 (RADV GFX1201)
tick 1781000 alive  1045962 genomes   48277 energy   194.9 births 48130323 deaths 48130500 (8333.3s) AMD Radeon AI PRO R9700 (RADV GFX1201)
tick 1782000 alive  1046082 genomes   48430 energy   194.9 births 47996586 deaths 47996466 (8337.9s) AMD Radeon AI PRO R9700 (RADV GFX1201)
tick 1783000 alive  1046132 genomes   47516 energy   195.8 births 47828793 deaths 47828743 (8342.6s) AMD Radeon AI PRO R9700 (RADV GFX1201)
tick 1784000 alive  1046103 genomes   48819 energy   194.5 births 47978013 deaths 47978042 (8347.2s) AMD Radeon AI PRO R9700 (RADV GFX1201)
tick 1785000 alive  1046099 genomes   49454 energy   194.3 births 48512992 deaths 48512996 (8351.9s) AMD Radeon AI PRO R9700 (RADV GFX1201)
tick 1786000 alive  1046042 genomes   48023 energy   195.3 births 48132224 deaths 48132281 (8356.5s) AMD Radeon AI PRO R9700 (RADV GFX1201)
tick 1787000 alive  1045984 genomes   47945 energy   195.3 births 47769617 deaths 47769675 (8361.2s) AMD Radeon AI PRO R9700 (RADV GFX1201)
tick 1788000 alive  1045987 genomes   49057 energy   194.1 births 48335466 deaths 48335463 (8366.2s) AMD Radeon AI PRO R9700 (RADV GFX1201)
tick 1789000 alive  1046165 genomes   48439 energy   194.5 births 48482472 deaths 48482294 (8370.9s) AMD Radeon AI PRO R9700 (RADV GFX1201)
tick 1790000 alive  1046127 genomes   48663 energy   194.7 births 48163631 deaths 48163669 (8375.5s) AMD Radeon AI PRO R9700 (RADV GFX1201)
tick 1791000 alive  1045995 genomes   48795 energy   195.1 births 48116401 deaths 48116533 (8380.2s) AMD Radeon AI PRO R9700 (RADV GFX1201)
tick 1792000 alive  1045993 genomes   49857 energy   194.1 births 48328053 deaths 48328055 (8384.8s) AMD Radeon AI PRO R9700 (RADV GFX1201)
tick 1793000 alive  1046039 genomes   50016 energy   193.8 births 48813709 deaths 48813663 (8389.5s) AMD Radeon AI PRO R9700 (RADV GFX1201)
tick 1794000 alive  1045978 genomes   49648 energy   194.1 births 48989930 deaths 48989991 (8394.1s) AMD Radeon AI PRO R9700 (RADV GFX1201)
tick 1795000 alive  1046003 genomes   50124 energy   193.8 births 49002005 deaths 49001980 (8398.8s) AMD Radeon AI PRO R9700 (RADV GFX1201)
tick 1796000 alive  1045995 genomes   49680 energy   194.1 births 48846208 deaths 48846216 (8403.5s) AMD Radeon AI PRO R9700 (RADV GFX1201)
tick 1797000 alive  1046071 genomes   49536 energy   194.2 births 48787497 deaths 48787421 (8408.2s) AMD Radeon AI PRO R9700 (RADV GFX1201)
tick 1798000 alive  1046026 genomes   49999 energy   194.3 births 48580157 deaths 48580202 (8412.8s) AMD Radeon AI PRO R9700 (RADV GFX1201)
tick 1799000 alive  1046025 genomes   49907 energy   194.3 births 48981418 deaths 48981419 (8417.5s) AMD Radeon AI PRO R9700 (RADV GFX1201)
tick 1800000 alive  1046085 genomes   49568 energy   194.3 births 48818351 deaths 48818291 (8422.1s) AMD Radeon AI PRO R9700 (RADV GFX1201)
tick 1801000 alive  1046097 genomes   49269 energy   194.8 births 48549986 deaths 48549974 (8426.7s) AMD Radeon AI PRO R9700 (RADV GFX1201)
tick 1802000 alive  1046005 genomes   48946 energy   194.8 births 48034472 deaths 48034564 (8431.4s) AMD Radeon AI PRO R9700 (RADV GFX1201)
tick 1803000 alive  1046074 genomes   49881 energy   194.6 births 48097165 deaths 48097096 (8436.1s) AMD Radeon AI PRO R9700 (RADV GFX1201)
tick 1804000 alive  1046072 genomes   49678 energy   194.3 births 48472186 deaths 48472188 (8440.7s) AMD Radeon AI PRO R9700 (RADV GFX1201)
tick 1805000 alive  1046064 genomes   49224 energy   194.8 births 48147139 deaths 48147147 (8445.4s) AMD Radeon AI PRO R9700 (RADV GFX1201)
tick 1806000 alive  1046040 genomes   51125 energy   193.5 births 48688033 deaths 48688057 (8450.0s) AMD Radeon AI PRO R9700 (RADV GFX1201)
tick 1807000 alive  1046012 genomes   49889 energy   194.6 births 48974765 deaths 48974793 (8454.7s) AMD Radeon AI PRO R9700 (RADV GFX1201)
tick 1808000 alive  1045995 genomes   50740 energy   193.8 births 48699131 deaths 48699148 (8459.4s) AMD Radeon AI PRO R9700 (RADV GFX1201)
tick 1809000 alive  1046056 genomes   51116 energy   193.0 births 49196507 deaths 49196446 (8464.0s) AMD Radeon AI PRO R9700 (RADV GFX1201)
tick 1810000 alive  1046072 genomes   51404 energy   193.4 births 49424635 deaths 49424619 (8468.8s) AMD Radeon AI PRO R9700 (RADV GFX1201)
tick 1811000 alive  1046049 genomes   50694 energy   194.0 births 49044794 deaths 49044817 (8473.5s) AMD Radeon AI PRO R9700 (RADV GFX1201)
tick 1812000 alive  1046006 genomes   51622 energy   193.0 births 48982178 deaths 48982221 (8478.2s) AMD Radeon AI PRO R9700 (RADV GFX1201)
tick 1813000 alive  1046028 genomes   50350 energy   194.1 births 49168464 deaths 49168442 (8482.9s) AMD Radeon AI PRO R9700 (RADV GFX1201)
tick 1814000 alive  1045923 genomes   50580 energy   193.8 births 48716072 deaths 48716177 (8487.5s) AMD Radeon AI PRO R9700 (RADV GFX1201)
tick 1815000 alive  1046102 genomes   50877 energy   193.3 births 49200389 deaths 49200210 (8492.3s) AMD Radeon AI PRO R9700 (RADV GFX1201)
tick 1816000 alive  1045960 genomes   51071 energy   193.2 births 49477868 deaths 49478010 (8497.0s) AMD Radeon AI PRO R9700 (RADV GFX1201)
tick 1817000 alive  1046037 genomes   51352 energy   193.2 births 49412651 deaths 49412574 (8501.6s) AMD Radeon AI PRO R9700 (RADV GFX1201)
tick 1818000 alive  1046016 genomes   50959 energy   192.7 births 49634811 deaths 49634832 (8506.3s) AMD Radeon AI PRO R9700 (RADV GFX1201)
tick 1819000 alive  1046009 genomes   51599 energy   192.8 births 49803259 deaths 49803266 (8511.0s) AMD Radeon AI PRO R9700 (RADV GFX1201)
tick 1820000 alive  1045916 genomes   51228 energy   192.9 births 49741008 deaths 49741101 (8515.6s) AMD Radeon AI PRO R9700 (RADV GFX1201)
tick 1821000 alive  1046000 genomes   51502 energy   193.1 births 49700539 deaths 49700455 (8520.3s) AMD Radeon AI PRO R9700 (RADV GFX1201)
tick 1822000 alive  1046048 genomes   51664 energy   192.9 births 49444676 deaths 49444628 (8525.0s) AMD Radeon AI PRO R9700 (RADV GFX1201)
tick 1823000 alive  1046081 genomes   52132 energy   192.9 births 49704963 deaths 49704930 (8529.6s) AMD Radeon AI PRO R9700 (RADV GFX1201)
tick 1824000 alive  1046011 genomes   52192 energy   192.6 births 50060956 deaths 50061026 (8534.3s) AMD Radeon AI PRO R9700 (RADV GFX1201)
tick 1825000 alive  1046043 genomes   50810 energy   193.3 births 49452961 deaths 49452929 (8539.0s) AMD Radeon AI PRO R9700 (RADV GFX1201)
tick 1826000 alive  1046019 genomes   50358 energy   194.3 births 48956091 deaths 48956115 (8543.6s) AMD Radeon AI PRO R9700 (RADV GFX1201)
tick 1827000 alive  1045965 genomes   49963 energy   194.3 births 48786436 deaths 48786490 (8548.3s) AMD Radeon AI PRO R9700 (RADV GFX1201)
tick 1828000 alive  1046039 genomes   51387 energy   193.1 births 48984176 deaths 48984102 (8552.9s) AMD Radeon AI PRO R9700 (RADV GFX1201)
tick 1829000 alive  1046008 genomes   50520 energy   194.1 births 49067146 deaths 49067177 (8557.6s) AMD Radeon AI PRO R9700 (RADV GFX1201)
tick 1830000 alive  1046051 genomes   51294 energy   193.4 births 49067303 deaths 49067260 (8562.3s) AMD Radeon AI PRO R9700 (RADV GFX1201)
tick 1831000 alive  1045941 genomes   51933 energy   193.2 births 49569090 deaths 49569200 (8567.1s) AMD Radeon AI PRO R9700 (RADV GFX1201)
tick 1832000 alive  1045951 genomes   50852 energy   193.7 births 49304122 deaths 49304112 (8571.7s) AMD Radeon AI PRO R9700 (RADV GFX1201)
tick 1833000 alive  1045970 genomes   48888 energy   194.7 births 48582578 deaths 48582559 (8576.4s) AMD Radeon AI PRO R9700 (RADV GFX1201)
tick 1834000 alive  1045989 genomes   50421 energy   193.9 births 48529002 deaths 48528983 (8581.0s) AMD Radeon AI PRO R9700 (RADV GFX1201)
tick 1835000 alive  1046078 genomes   50657 energy   194.0 births 49085532 deaths 49085443 (8585.7s) AMD Radeon AI PRO R9700 (RADV GFX1201)
tick 1836000 alive  1046033 genomes   51378 energy   193.4 births 48981949 deaths 48981994 (8590.7s) AMD Radeon AI PRO R9700 (RADV GFX1201)
tick 1837000 alive  1046092 genomes   51366 energy   193.7 births 49044635 deaths 49044576 (8595.3s) AMD Radeon AI PRO R9700 (RADV GFX1201)
tick 1838000 alive  1046030 genomes   51117 energy   193.5 births 49043055 deaths 49043117 (8599.9s) AMD Radeon AI PRO R9700 (RADV GFX1201)
tick 1839000 alive  1045948 genomes   51354 energy   193.6 births 49119540 deaths 49119622 (8604.9s) AMD Radeon AI PRO R9700 (RADV GFX1201)
tick 1840000 alive  1045988 genomes   51417 energy   193.3 births 49101407 deaths 49101367 (8609.6s) AMD Radeon AI PRO R9700 (RADV GFX1201)
tick 1841000 alive  1046046 genomes   49478 energy   194.4 births 48932912 deaths 48932854 (8614.3s) AMD Radeon AI PRO R9700 (RADV GFX1201)
tick 1842000 alive  1046004 genomes   51419 energy   193.2 births 49011642 deaths 49011684 (8618.9s) AMD Radeon AI PRO R9700 (RADV GFX1201)
tick 1843000 alive  1045940 genomes   51979 energy   192.7 births 49540484 deaths 49540548 (8623.6s) AMD Radeon AI PRO R9700 (RADV GFX1201)
tick 1844000 alive  1045994 genomes   52642 energy   192.3 births 50287261 deaths 50287207 (8628.3s) AMD Radeon AI PRO R9700 (RADV GFX1201)
tick 1845000 alive  1046073 genomes   52005 energy   192.8 births 49984663 deaths 49984584 (8633.0s) AMD Radeon AI PRO R9700 (RADV GFX1201)
tick 1846000 alive  1046013 genomes   51205 energy   193.4 births 49474635 deaths 49474695 (8637.7s) AMD Radeon AI PRO R9700 (RADV GFX1201)
tick 1847000 alive  1045995 genomes   50742 energy   193.4 births 49435422 deaths 49435440 (8642.3s) AMD Radeon AI PRO R9700 (RADV GFX1201)
tick 1848000 alive  1045991 genomes   51613 energy   193.0 births 49173361 deaths 49173365 (8647.0s) AMD Radeon AI PRO R9700 (RADV GFX1201)
tick 1849000 alive  1046097 genomes   51801 energy   192.9 births 49727963 deaths 49727857 (8651.7s) AMD Radeon AI PRO R9700 (RADV GFX1201)
tick 1850000 alive  1046075 genomes   51763 energy   192.8 births 49486233 deaths 49486255 (8656.3s) AMD Radeon AI PRO R9700 (RADV GFX1201)
tick 1851000 alive  1045993 genomes   51974 energy   193.1 births 49713943 deaths 49714025 (8661.0s) AMD Radeon AI PRO R9700 (RADV GFX1201)
tick 1852000 alive  1046067 genomes   51830 energy   192.9 births 49678327 deaths 49678253 (8665.7s) AMD Radeon AI PRO R9700 (RADV GFX1201)
tick 1853000 alive  1045980 genomes   51674 energy   193.2 births 49626519 deaths 49626606 (8670.3s) AMD Radeon AI PRO R9700 (RADV GFX1201)
tick 1854000 alive  1046033 genomes   52392 energy   192.9 births 49455385 deaths 49455332 (8675.0s) AMD Radeon AI PRO R9700 (RADV GFX1201)
tick 1855000 alive  1045986 genomes   51603 energy   193.5 births 49427751 deaths 49427798 (8679.6s) AMD Radeon AI PRO R9700 (RADV GFX1201)
tick 1856000 alive  1046016 genomes   52363 energy   192.8 births 49607908 deaths 49607878 (8684.3s) AMD Radeon AI PRO R9700 (RADV GFX1201)
tick 1857000 alive  1046027 genomes   52158 energy   193.1 births 49492623 deaths 49492612 (8688.9s) AMD Radeon AI PRO R9700 (RADV GFX1201)
tick 1858000 alive  1045996 genomes   52768 energy   192.6 births 49505237 deaths 49505268 (8693.5s) AMD Radeon AI PRO R9700 (RADV GFX1201)
tick 1859000 alive  1046004 genomes   52621 energy   192.4 births 49969725 deaths 49969717 (8698.2s) AMD Radeon AI PRO R9700 (RADV GFX1201)
tick 1860000 alive  1046133 genomes   52652 energy   192.8 births 50201776 deaths 50201647 (8702.8s) AMD Radeon AI PRO R9700 (RADV GFX1201)
tick 1861000 alive  1046016 genomes   52466 energy   193.2 births 49883004 deaths 49883121 (8707.5s) AMD Radeon AI PRO R9700 (RADV GFX1201)
tick 1862000 alive  1045998 genomes   52492 energy   192.9 births 49726851 deaths 49726869 (8712.1s) AMD Radeon AI PRO R9700 (RADV GFX1201)
tick 1863000 alive  1046016 genomes   53243 energy   192.6 births 50031844 deaths 50031826 (8716.8s) AMD Radeon AI PRO R9700 (RADV GFX1201)
tick 1864000 alive  1045880 genomes   53730 energy   192.1 births 49974867 deaths 49975003 (8721.4s) AMD Radeon AI PRO R9700 (RADV GFX1201)
tick 1865000 alive  1046047 genomes   53472 energy   192.8 births 50368202 deaths 50368035 (8726.0s) AMD Radeon AI PRO R9700 (RADV GFX1201)
tick 1866000 alive  1045987 genomes   51961 energy   193.2 births 49722658 deaths 49722718 (8730.7s) AMD Radeon AI PRO R9700 (RADV GFX1201)
tick 1867000 alive  1046099 genomes   51338 energy   193.5 births 49329565 deaths 49329453 (8735.3s) AMD Radeon AI PRO R9700 (RADV GFX1201)
tick 1868000 alive  1046072 genomes   52888 energy   192.9 births 49647006 deaths 49647033 (8740.1s) AMD Radeon AI PRO R9700 (RADV GFX1201)
tick 1869000 alive  1045904 genomes   53789 energy   192.2 births 50172167 deaths 50172335 (8744.7s) AMD Radeon AI PRO R9700 (RADV GFX1201)
tick 1870000 alive  1046010 genomes   53000 energy   192.6 births 50115247 deaths 50115141 (8749.5s) AMD Radeon AI PRO R9700 (RADV GFX1201)
tick 1871000 alive  1046053 genomes   52501 energy   193.0 births 49775278 deaths 49775235 (8754.3s) AMD Radeon AI PRO R9700 (RADV GFX1201)
tick 1872000 alive  1045979 genomes   52840 energy   192.9 births 49829932 deaths 49830006 (8759.0s) AMD Radeon AI PRO R9700 (RADV GFX1201)
tick 1873000 alive  1046138 genomes   52121 energy   193.3 births 49675772 deaths 49675613 (8763.6s) AMD Radeon AI PRO R9700 (RADV GFX1201)
tick 1874000 alive  1045948 genomes   53104 energy   192.0 births 49877256 deaths 49877446 (8768.2s) AMD Radeon AI PRO R9700 (RADV GFX1201)
tick 1875000 alive  1046023 genomes   53578 energy   192.3 births 50171144 deaths 50171069 (8773.1s) AMD Radeon AI PRO R9700 (RADV GFX1201)
tick 1876000 alive  1046021 genomes   54731 energy   191.3 births 50530473 deaths 50530475 (8777.7s) AMD Radeon AI PRO R9700 (RADV GFX1201)
tick 1877000 alive  1045942 genomes   54247 energy   191.8 births 50777584 deaths 50777663 (8782.4s) AMD Radeon AI PRO R9700 (RADV GFX1201)
tick 1878000 alive  1045905 genomes   54103 energy   191.9 births 50811094 deaths 50811131 (8787.0s) AMD Radeon AI PRO R9700 (RADV GFX1201)
tick 1879000 alive  1046060 genomes   53835 energy   192.5 births 50483253 deaths 50483098 (8791.6s) AMD Radeon AI PRO R9700 (RADV GFX1201)
tick 1880000 alive  1046030 genomes   53030 energy   192.7 births 49926048 deaths 49926078 (8796.2s) AMD Radeon AI PRO R9700 (RADV GFX1201)
tick 1881000 alive  1045962 genomes   52853 energy   193.2 births 49667277 deaths 49667345 (8801.0s) AMD Radeon AI PRO R9700 (RADV GFX1201)
tick 1882000 alive  1046042 genomes   52375 energy   193.5 births 49718771 deaths 49718691 (8805.6s) AMD Radeon AI PRO R9700 (RADV GFX1201)
tick 1883000 alive  1046019 genomes   51465 energy   194.3 births 49257243 deaths 49257266 (8810.3s) AMD Radeon AI PRO R9700 (RADV GFX1201)
tick 1884000 alive  1045988 genomes   50976 energy   194.1 births 48603918 deaths 48603949 (8815.1s) AMD Radeon AI PRO R9700 (RADV GFX1201)
tick 1885000 alive  1046025 genomes   52537 energy   193.1 births 49328326 deaths 49328289 (8819.8s) AMD Radeon AI PRO R9700 (RADV GFX1201)
tick 1886000 alive  1046050 genomes   53747 energy   192.6 births 49786955 deaths 49786930 (8824.5s) AMD Radeon AI PRO R9700 (RADV GFX1201)
tick 1887000 alive  1045915 genomes   52696 energy   193.0 births 49770676 deaths 49770811 (8829.1s) AMD Radeon AI PRO R9700 (RADV GFX1201)
tick 1888000 alive  1046036 genomes   53511 energy   192.1 births 49854450 deaths 49854329 (8833.8s) AMD Radeon AI PRO R9700 (RADV GFX1201)
tick 1889000 alive  1046026 genomes   53752 energy   192.4 births 50289471 deaths 50289481 (8838.5s) AMD Radeon AI PRO R9700 (RADV GFX1201)
tick 1890000 alive  1046102 genomes   54122 energy   192.0 births 50225541 deaths 50225465 (8843.1s) AMD Radeon AI PRO R9700 (RADV GFX1201)
tick 1891000 alive  1046089 genomes   53103 energy   192.8 births 50235131 deaths 50235144 (8847.8s) AMD Radeon AI PRO R9700 (RADV GFX1201)
tick 1892000 alive  1046058 genomes   51958 energy   193.7 births 49355648 deaths 49355679 (8852.4s) AMD Radeon AI PRO R9700 (RADV GFX1201)
tick 1893000 alive  1046028 genomes   52053 energy   193.4 births 49384567 deaths 49384597 (8857.0s) AMD Radeon AI PRO R9700 (RADV GFX1201)
tick 1894000 alive  1046038 genomes   52250 energy   192.8 births 49280326 deaths 49280316 (8861.7s) AMD Radeon AI PRO R9700 (RADV GFX1201)
tick 1895000 alive  1045977 genomes   53516 energy   192.6 births 49816198 deaths 49816259 (8866.4s) AMD Radeon AI PRO R9700 (RADV GFX1201)
tick 1896000 alive  1046056 genomes   51621 energy   193.6 births 49665584 deaths 49665505 (8871.1s) AMD Radeon AI PRO R9700 (RADV GFX1201)
tick 1897000 alive  1046142 genomes   52671 energy   192.9 births 49835529 deaths 49835443 (8875.7s) AMD Radeon AI PRO R9700 (RADV GFX1201)
tick 1898000 alive  1045965 genomes   50655 energy   193.9 births 49707841 deaths 49708018 (8880.4s) AMD Radeon AI PRO R9700 (RADV GFX1201)
tick 1899000 alive  1045997 genomes   50446 energy   194.1 births 48892159 deaths 48892127 (8885.0s) AMD Radeon AI PRO R9700 (RADV GFX1201)
tick 1900000 alive  1046020 genomes   50402 energy   193.9 births 48827727 deaths 48827704 (8889.7s) AMD Radeon AI PRO R9700 (RADV GFX1201)
tick 1901000 alive  1046016 genomes   50807 energy   193.9 births 48852951 deaths 48852955 (8894.3s) AMD Radeon AI PRO R9700 (RADV GFX1201)
tick 1902000 alive  1046006 genomes   51454 energy   193.7 births 48845892 deaths 48845902 (8899.0s) AMD Radeon AI PRO R9700 (RADV GFX1201)
tick 1903000 alive  1046122 genomes   51094 energy   193.2 births 49450380 deaths 49450264 (8903.6s) AMD Radeon AI PRO R9700 (RADV GFX1201)
tick 1904000 alive  1045984 genomes   52133 energy   193.0 births 49363517 deaths 49363655 (8908.3s) AMD Radeon AI PRO R9700 (RADV GFX1201)
tick 1905000 alive  1046048 genomes   51290 energy   193.2 births 49584731 deaths 49584667 (8913.0s) AMD Radeon AI PRO R9700 (RADV GFX1201)
tick 1906000 alive  1046012 genomes   51767 energy   193.0 births 49410699 deaths 49410735 (8917.6s) AMD Radeon AI PRO R9700 (RADV GFX1201)
tick 1907000 alive  1046010 genomes   51633 energy   193.6 births 49540203 deaths 49540205 (8922.3s) AMD Radeon AI PRO R9700 (RADV GFX1201)
tick 1908000 alive  1046074 genomes   51347 energy   193.6 births 49049775 deaths 49049711 (8927.0s) AMD Radeon AI PRO R9700 (RADV GFX1201)
tick 1909000 alive  1046004 genomes   52954 energy   192.7 births 49331916 deaths 49331986 (8931.6s) AMD Radeon AI PRO R9700 (RADV GFX1201)
tick 1910000 alive  1046061 genomes   51680 energy   194.0 births 49349174 deaths 49349117 (8936.3s) AMD Radeon AI PRO R9700 (RADV GFX1201)
tick 1911000 alive  1046046 genomes   50772 energy   194.4 births 48870785 deaths 48870800 (8941.0s) AMD Radeon AI PRO R9700 (RADV GFX1201)
tick 1912000 alive  1046041 genomes   51253 energy   193.9 births 48319688 deaths 48319693 (8945.7s) AMD Radeon AI PRO R9700 (RADV GFX1201)
tick 1913000 alive  1046018 genomes   52026 energy   193.7 births 48886136 deaths 48886159 (8950.3s) AMD Radeon AI PRO R9700 (RADV GFX1201)
tick 1914000 alive  1046031 genomes   51389 energy   193.6 births 49042225 deaths 49042212 (8955.1s) AMD Radeon AI PRO R9700 (RADV GFX1201)
tick 1915000 alive  1045946 genomes   52118 energy   193.2 births 49364124 deaths 49364209 (8959.7s) AMD Radeon AI PRO R9700 (RADV GFX1201)
tick 1916000 alive  1045971 genomes   51962 energy   193.4 births 49313446 deaths 49313421 (8964.4s) AMD Radeon AI PRO R9700 (RADV GFX1201)
tick 1917000 alive  1045993 genomes   51061 energy   194.0 births 48956922 deaths 48956900 (8969.1s) AMD Radeon AI PRO R9700 (RADV GFX1201)
tick 1918000 alive  1046033 genomes   50774 energy   193.9 births 48744917 deaths 48744877 (8973.8s) AMD Radeon AI PRO R9700 (RADV GFX1201)
tick 1919000 alive  1045995 genomes   50317 energy   194.1 births 48624986 deaths 48625024 (8978.4s) AMD Radeon AI PRO R9700 (RADV GFX1201)
tick 1920000 alive  1046021 genomes   51642 energy   193.3 births 48905441 deaths 48905415 (8983.1s) AMD Radeon AI PRO R9700 (RADV GFX1201)
tick 1921000 alive  1046074 genomes   49598 energy   194.7 births 48610447 deaths 48610394 (8987.8s) AMD Radeon AI PRO R9700 (RADV GFX1201)
tick 1922000 alive  1046045 genomes   50236 energy   194.3 births 48313871 deaths 48313900 (8992.5s) AMD Radeon AI PRO R9700 (RADV GFX1201)
tick 1923000 alive  1045961 genomes   51853 energy   193.1 births 48935654 deaths 48935738 (8997.2s) AMD Radeon AI PRO R9700 (RADV GFX1201)
tick 1924000 alive  1046034 genomes   50213 energy   194.6 births 49095287 deaths 49095214 (9001.9s) AMD Radeon AI PRO R9700 (RADV GFX1201)
tick 1925000 alive  1046111 genomes   49685 energy   194.7 births 48275300 deaths 48275223 (9006.6s) AMD Radeon AI PRO R9700 (RADV GFX1201)
tick 1926000 alive  1045948 genomes   48026 energy   195.8 births 47682909 deaths 47683072 (9011.3s) AMD Radeon AI PRO R9700 (RADV GFX1201)
tick 1927000 alive  1046061 genomes   48437 energy   195.3 births 47545129 deaths 47545016 (9015.9s) AMD Radeon AI PRO R9700 (RADV GFX1201)
tick 1928000 alive  1046041 genomes   48063 energy   195.3 births 47872389 deaths 47872409 (9020.6s) AMD Radeon AI PRO R9700 (RADV GFX1201)
tick 1929000 alive  1046027 genomes   50017 energy   194.3 births 48064578 deaths 48064592 (9025.3s) AMD Radeon AI PRO R9700 (RADV GFX1201)
tick 1930000 alive  1046021 genomes   51161 energy   193.6 births 49158784 deaths 49158790 (9030.0s) AMD Radeon AI PRO R9700 (RADV GFX1201)
tick 1931000 alive  1046043 genomes   51338 energy   193.5 births 49271600 deaths 49271578 (9034.7s) AMD Radeon AI PRO R9700 (RADV GFX1201)
tick 1932000 alive  1046116 genomes   50366 energy   194.2 births 48609099 deaths 48609026 (9039.4s) AMD Radeon AI PRO R9700 (RADV GFX1201)
tick 1933000 alive  1045995 genomes   50750 energy   193.7 births 48647900 deaths 48648021 (9044.0s) AMD Radeon AI PRO R9700 (RADV GFX1201)
tick 1934000 alive  1046019 genomes   50568 energy   193.6 births 49058484 deaths 49058460 (9048.7s) AMD Radeon AI PRO R9700 (RADV GFX1201)
tick 1935000 alive  1046077 genomes   50587 energy   194.0 births 49232155 deaths 49232097 (9053.3s) AMD Radeon AI PRO R9700 (RADV GFX1201)
tick 1936000 alive  1045998 genomes   48882 energy   195.0 births 48233714 deaths 48233793 (9058.0s) AMD Radeon AI PRO R9700 (RADV GFX1201)
tick 1937000 alive  1046090 genomes   49150 energy   194.8 births 47987596 deaths 47987504 (9062.6s) AMD Radeon AI PRO R9700 (RADV GFX1201)
tick 1938000 alive  1046049 genomes   49109 energy   194.8 births 48285952 deaths 48285993 (9067.3s) AMD Radeon AI PRO R9700 (RADV GFX1201)
tick 1939000 alive  1045995 genomes   49713 energy   194.4 births 48408678 deaths 48408732 (9071.9s) AMD Radeon AI PRO R9700 (RADV GFX1201)
tick 1940000 alive  1046158 genomes   48362 energy   195.2 births 48054411 deaths 48054248 (9076.6s) AMD Radeon AI PRO R9700 (RADV GFX1201)
tick 1941000 alive  1045976 genomes   49473 energy   194.1 births 48364995 deaths 48365177 (9081.2s) AMD Radeon AI PRO R9700 (RADV GFX1201)
tick 1942000 alive  1046073 genomes   49758 energy   194.1 births 48793914 deaths 48793817 (9085.9s) AMD Radeon AI PRO R9700 (RADV GFX1201)
tick 1943000 alive  1046114 genomes   49883 energy   194.1 births 49010589 deaths 49010548 (9090.5s) AMD Radeon AI PRO R9700 (RADV GFX1201)
tick 1944000 alive  1046033 genomes   49433 energy   193.9 births 48824039 deaths 48824120 (9095.1s) AMD Radeon AI PRO R9700 (RADV GFX1201)
tick 1945000 alive  1046020 genomes   50179 energy   193.9 births 49024260 deaths 49024273 (9100.1s) AMD Radeon AI PRO R9700 (RADV GFX1201)
tick 1946000 alive  1046007 genomes   49938 energy   194.4 births 48876716 deaths 48876729 (9104.8s) AMD Radeon AI PRO R9700 (RADV GFX1201)
tick 1947000 alive  1045962 genomes   50051 energy   193.8 births 48645673 deaths 48645718 (9109.6s) AMD Radeon AI PRO R9700 (RADV GFX1201)
tick 1948000 alive  1046029 genomes   49332 energy   194.5 births 48689015 deaths 48688948 (9114.3s) AMD Radeon AI PRO R9700 (RADV GFX1201)
tick 1949000 alive  1045991 genomes   49911 energy   193.9 births 48576279 deaths 48576317 (9118.8s) AMD Radeon AI PRO R9700 (RADV GFX1201)
tick 1950000 alive  1046056 genomes   48884 energy   194.3 births 48533120 deaths 48533055 (9123.5s) AMD Radeon AI PRO R9700 (RADV GFX1201)
tick 1951000 alive  1046000 genomes   48574 energy   194.8 births 48398590 deaths 48398646 (9128.1s) AMD Radeon AI PRO R9700 (RADV GFX1201)
tick 1952000 alive  1046003 genomes   49711 energy   194.1 births 48568058 deaths 48568055 (9132.8s) AMD Radeon AI PRO R9700 (RADV GFX1201)
tick 1953000 alive  1045943 genomes   50048 energy   193.5 births 48824583 deaths 48824643 (9137.4s) AMD Radeon AI PRO R9700 (RADV GFX1201)
tick 1954000 alive  1045981 genomes   48545 energy   194.6 births 48693520 deaths 48693482 (9142.1s) AMD Radeon AI PRO R9700 (RADV GFX1201)
tick 1955000 alive  1046134 genomes   49452 energy   194.3 births 48498179 deaths 48498026 (9146.8s) AMD Radeon AI PRO R9700 (RADV GFX1201)
tick 1956000 alive  1046003 genomes   49806 energy   194.1 births 48761737 deaths 48761868 (9151.4s) AMD Radeon AI PRO R9700 (RADV GFX1201)
tick 1957000 alive  1046105 genomes   50002 energy   194.1 births 48738849 deaths 48738747 (9156.0s) AMD Radeon AI PRO R9700 (RADV GFX1201)
tick 1958000 alive  1046054 genomes   49657 energy   194.6 births 48406242 deaths 48406293 (9160.7s) AMD Radeon AI PRO R9700 (RADV GFX1201)
tick 1959000 alive  1046002 genomes   48878 energy   194.7 births 47999492 deaths 47999544 (9165.3s) AMD Radeon AI PRO R9700 (RADV GFX1201)
tick 1960000 alive  1046106 genomes   48539 energy   195.2 births 47841704 deaths 47841600 (9170.1s) AMD Radeon AI PRO R9700 (RADV GFX1201)
tick 1961000 alive  1046046 genomes   49323 energy   194.8 births 48088320 deaths 48088380 (9174.7s) AMD Radeon AI PRO R9700 (RADV GFX1201)
tick 1962000 alive  1045977 genomes   49300 energy   194.8 births 48178285 deaths 48178354 (9179.4s) AMD Radeon AI PRO R9700 (RADV GFX1201)
tick 1963000 alive  1046094 genomes   50198 energy   194.1 births 48371527 deaths 48371410 (9184.0s) AMD Radeon AI PRO R9700 (RADV GFX1201)
tick 1964000 alive  1045987 genomes   50575 energy   193.8 births 48791344 deaths 48791451 (9188.7s) AMD Radeon AI PRO R9700 (RADV GFX1201)
tick 1965000 alive  1045952 genomes   49989 energy   194.7 births 48545087 deaths 48545122 (9193.4s) AMD Radeon AI PRO R9700 (RADV GFX1201)
tick 1966000 alive  1046080 genomes   48336 energy   195.5 births 47661160 deaths 47661032 (9198.0s) AMD Radeon AI PRO R9700 (RADV GFX1201)
tick 1967000 alive  1046014 genomes   49246 energy   195.0 births 47689819 deaths 47689885 (9202.7s) AMD Radeon AI PRO R9700 (RADV GFX1201)
tick 1968000 alive  1046052 genomes   49485 energy   194.6 births 48239071 deaths 48239033 (9207.4s) AMD Radeon AI PRO R9700 (RADV GFX1201)
tick 1969000 alive  1046025 genomes   50061 energy   194.7 births 48340010 deaths 48340037 (9212.0s) AMD Radeon AI PRO R9700 (RADV GFX1201)
tick 1970000 alive  1046022 genomes   49066 energy   195.2 births 48018288 deaths 48018291 (9216.7s) AMD Radeon AI PRO R9700 (RADV GFX1201)
tick 1971000 alive  1045986 genomes   49081 energy   194.7 births 48047400 deaths 48047436 (9221.4s) AMD Radeon AI PRO R9700 (RADV GFX1201)
tick 1972000 alive  1045989 genomes   49538 energy   194.4 births 48166778 deaths 48166775 (9226.1s) AMD Radeon AI PRO R9700 (RADV GFX1201)
tick 1973000 alive  1045892 genomes   49875 energy   193.8 births 48535407 deaths 48535504 (9230.7s) AMD Radeon AI PRO R9700 (RADV GFX1201)
tick 1974000 alive  1046086 genomes   48979 energy   194.6 births 48694256 deaths 48694062 (9235.4s) AMD Radeon AI PRO R9700 (RADV GFX1201)
tick 1975000 alive  1046066 genomes   48573 energy   194.3 births 48334596 deaths 48334616 (9240.3s) AMD Radeon AI PRO R9700 (RADV GFX1201)
tick 1976000 alive  1046066 genomes   49357 energy   194.4 births 48350640 deaths 48350640 (9245.0s) AMD Radeon AI PRO R9700 (RADV GFX1201)
tick 1977000 alive  1045978 genomes   48624 energy   195.1 births 48015691 deaths 48015779 (9249.6s) AMD Radeon AI PRO R9700 (RADV GFX1201)
tick 1978000 alive  1046018 genomes   48198 energy   195.3 births 47869093 deaths 47869053 (9254.3s) AMD Radeon AI PRO R9700 (RADV GFX1201)
tick 1979000 alive  1046038 genomes   47893 energy   195.3 births 47860741 deaths 47860721 (9258.9s) AMD Radeon AI PRO R9700 (RADV GFX1201)
tick 1980000 alive  1046074 genomes   49036 energy   194.7 births 48212758 deaths 48212722 (9263.7s) AMD Radeon AI PRO R9700 (RADV GFX1201)
tick 1981000 alive  1046112 genomes   48878 energy   195.0 births 48179833 deaths 48179795 (9268.3s) AMD Radeon AI PRO R9700 (RADV GFX1201)
tick 1982000 alive  1046094 genomes   47868 energy   195.5 births 47859338 deaths 47859356 (9273.0s) AMD Radeon AI PRO R9700 (RADV GFX1201)
tick 1983000 alive  1046033 genomes   48179 energy   195.1 births 47963873 deaths 47963934 (9277.7s) AMD Radeon AI PRO R9700 (RADV GFX1201)
tick 1984000 alive  1045976 genomes   48284 energy   195.4 births 47763876 deaths 47763933 (9282.6s) AMD Radeon AI PRO R9700 (RADV GFX1201)
tick 1985000 alive  1046146 genomes   47498 energy   195.7 births 47382507 deaths 47382337 (9287.3s) AMD Radeon AI PRO R9700 (RADV GFX1201)
tick 1986000 alive  1046027 genomes   46951 energy   195.9 births 47115481 deaths 47115600 (9292.0s) AMD Radeon AI PRO R9700 (RADV GFX1201)
tick 1987000 alive  1046115 genomes   46770 energy   196.3 births 47065085 deaths 47064997 (9296.6s) AMD Radeon AI PRO R9700 (RADV GFX1201)
tick 1988000 alive  1045931 genomes   47237 energy   196.2 births 46970886 deaths 46971070 (9301.3s) AMD Radeon AI PRO R9700 (RADV GFX1201)
tick 1989000 alive  1045994 genomes   48163 energy   195.6 births 47224723 deaths 47224660 (9306.0s) AMD Radeon AI PRO R9700 (RADV GFX1201)
tick 1990000 alive  1046023 genomes   48848 energy   195.1 births 47528453 deaths 47528424 (9310.7s) AMD Radeon AI PRO R9700 (RADV GFX1201)
tick 1991000 alive  1045938 genomes   49355 energy   194.5 births 47966619 deaths 47966704 (9315.4s) AMD Radeon AI PRO R9700 (RADV GFX1201)
tick 1992000 alive  1046049 genomes   48638 energy   194.9 births 47979136 deaths 47979025 (9320.1s) AMD Radeon AI PRO R9700 (RADV GFX1201)
tick 1993000 alive  1046007 genomes   48214 energy   195.6 births 47748078 deaths 47748120 (9324.9s) AMD Radeon AI PRO R9700 (RADV GFX1201)
tick 1994000 alive  1045976 genomes   50045 energy   194.3 births 48053579 deaths 48053610 (9329.5s) AMD Radeon AI PRO R9700 (RADV GFX1201)
tick 1995000 alive  1046094 genomes   48882 energy   194.6 births 48136467 deaths 48136349 (9334.2s) AMD Radeon AI PRO R9700 (RADV GFX1201)
tick 1996000 alive  1045947 genomes   48888 energy   194.5 births 48154319 deaths 48154466 (9338.9s) AMD Radeon AI PRO R9700 (RADV GFX1201)
tick 1997000 alive  1045993 genomes   49384 energy   194.6 births 48181332 deaths 48181286 (9343.6s) AMD Radeon AI PRO R9700 (RADV GFX1201)
tick 1998000 alive  1046048 genomes   47824 energy   195.4 births 47883521 deaths 47883466 (9348.5s) AMD Radeon AI PRO R9700 (RADV GFX1201)
tick 1999000 alive  1046199 genomes   49616 energy   194.3 births 48211568 deaths 48211417 (9353.1s) AMD Radeon AI PRO R9700 (RADV GFX1201)
tick 2000000 alive  1046027 genomes   48850 energy   194.2 births 48269579 deaths 48269751 (9357.8s) AMD Radeon AI PRO R9700 (RADV GFX1201)
tick 2001000 alive  1046018 genomes   49303 energy   194.5 births 48242290 deaths 48242299 (9362.5s) AMD Radeon AI PRO R9700 (RADV GFX1201)
tick 2002000 alive  1046011 genomes   49872 energy   194.0 births 48669521 deaths 48669528 (9367.1s) AMD Radeon AI PRO R9700 (RADV GFX1201)
tick 2003000 alive  1045985 genomes   49692 energy   194.1 births 48820819 deaths 48820845 (9371.9s) AMD Radeon AI PRO R9700 (RADV GFX1201)
tick 2004000 alive  1046152 genomes   48526 energy   195.2 births 48160284 deaths 48160117 (9376.9s) AMD Radeon AI PRO R9700 (RADV GFX1201)
tick 2005000 alive  1046071 genomes   50006 energy   194.2 births 48052375 deaths 48052456 (9381.6s) AMD Radeon AI PRO R9700 (RADV GFX1201)
tick 2006000 alive  1046030 genomes   49910 energy   194.2 births 48832911 deaths 48832952 (9386.3s) AMD Radeon AI PRO R9700 (RADV GFX1201)
tick 2007000 alive  1045905 genomes   49692 energy   194.6 births 48512011 deaths 48512136 (9391.0s) AMD Radeon AI PRO R9700 (RADV GFX1201)
tick 2008000 alive  1045990 genomes   49351 energy   195.0 births 48033728 deaths 48033643 (9395.7s) AMD Radeon AI PRO R9700 (RADV GFX1201)
tick 2009000 alive  1046028 genomes   49196 energy   195.1 births 47804771 deaths 47804733 (9400.2s) AMD Radeon AI PRO R9700 (RADV GFX1201)
tick 2010000 alive  1046002 genomes   49918 energy   195.3 births 47766592 deaths 47766618 (9404.9s) AMD Radeon AI PRO R9700 (RADV GFX1201)
tick 2011000 alive  1046045 genomes   49517 energy   194.9 births 48213241 deaths 48213198 (9409.6s) AMD Radeon AI PRO R9700 (RADV GFX1201)
tick 2012000 alive  1046121 genomes   48788 energy   195.3 births 48117535 deaths 48117459 (9414.2s) AMD Radeon AI PRO R9700 (RADV GFX1201)
tick 2013000 alive  1046099 genomes   49029 energy   195.4 births 47575205 deaths 47575227 (9418.8s) AMD Radeon AI PRO R9700 (RADV GFX1201)
tick 2014000 alive  1046048 genomes   49058 energy   195.0 births 47673598 deaths 47673649 (9423.5s) AMD Radeon AI PRO R9700 (RADV GFX1201)
tick 2015000 alive  1045991 genomes   49892 energy   194.8 births 48312450 deaths 48312507 (9428.1s) AMD Radeon AI PRO R9700 (RADV GFX1201)
tick 2016000 alive  1046060 genomes   48862 energy   195.1 births 48234267 deaths 48234198 (9432.8s) AMD Radeon AI PRO R9700 (RADV GFX1201)
tick 2017000 alive  1046105 genomes   49752 energy   194.3 births 48347391 deaths 48347346 (9437.4s) AMD Radeon AI PRO R9700 (RADV GFX1201)
tick 2018000 alive  1045981 genomes   47820 energy   195.7 births 48058460 deaths 48058584 (9442.1s) AMD Radeon AI PRO R9700 (RADV GFX1201)
tick 2019000 alive  1046100 genomes   47482 energy   195.3 births 47668455 deaths 47668336 (9446.7s) AMD Radeon AI PRO R9700 (RADV GFX1201)
tick 2020000 alive  1046021 genomes   49946 energy   194.4 births 48277873 deaths 48277952 (9451.3s) AMD Radeon AI PRO R9700 (RADV GFX1201)
tick 2021000 alive  1045952 genomes   48344 energy   194.8 births 48248767 deaths 48248836 (9455.9s) AMD Radeon AI PRO R9700 (RADV GFX1201)
tick 2022000 alive  1046029 genomes   48602 energy   195.1 births 48018581 deaths 48018504 (9460.6s) AMD Radeon AI PRO R9700 (RADV GFX1201)
tick 2023000 alive  1045985 genomes   48713 energy   194.7 births 47907877 deaths 47907921 (9465.2s) AMD Radeon AI PRO R9700 (RADV GFX1201)
tick 2024000 alive  1045999 genomes   48693 energy   195.0 births 48245040 deaths 48245026 (9469.9s) AMD Radeon AI PRO R9700 (RADV GFX1201)
tick 2025000 alive  1046024 genomes   48310 energy   194.8 births 48025931 deaths 48025906 (9474.5s) AMD Radeon AI PRO R9700 (RADV GFX1201)
tick 2026000 alive  1046095 genomes   47344 energy   195.9 births 47501468 deaths 47501397 (9479.2s) AMD Radeon AI PRO R9700 (RADV GFX1201)
tick 2027000 alive  1046099 genomes   48311 energy   195.5 births 47328158 deaths 47328154 (9483.8s) AMD Radeon AI PRO R9700 (RADV GFX1201)
tick 2028000 alive  1046029 genomes   48088 energy   195.0 births 47541604 deaths 47541674 (9488.4s) AMD Radeon AI PRO R9700 (RADV GFX1201)
tick 2029000 alive  1045906 genomes   47590 energy   195.3 births 47615379 deaths 47615502 (9493.1s) AMD Radeon AI PRO R9700 (RADV GFX1201)
tick 2030000 alive  1045985 genomes   48507 energy   194.7 births 47930559 deaths 47930480 (9497.7s) AMD Radeon AI PRO R9700 (RADV GFX1201)
tick 2031000 alive  1046123 genomes   47495 energy   195.5 births 47690400 deaths 47690262 (9502.4s) AMD Radeon AI PRO R9700 (RADV GFX1201)
tick 2032000 alive  1045997 genomes   46720 energy   195.8 births 47247335 deaths 47247461 (9507.0s) AMD Radeon AI PRO R9700 (RADV GFX1201)
tick 2033000 alive  1046002 genomes   46823 energy   195.9 births 47282568 deaths 47282563 (9511.6s) AMD Radeon AI PRO R9700 (RADV GFX1201)
tick 2034000 alive  1046045 genomes   48011 energy   195.1 births 47518334 deaths 47518291 (9516.3s) AMD Radeon AI PRO R9700 (RADV GFX1201)
tick 2035000 alive  1046064 genomes   47748 energy   195.1 births 47817716 deaths 47817697 (9520.9s) AMD Radeon AI PRO R9700 (RADV GFX1201)
tick 2036000 alive  1046052 genomes   47916 energy   194.8 births 47772778 deaths 47772790 (9525.5s) AMD Radeon AI PRO R9700 (RADV GFX1201)
tick 2037000 alive  1046095 genomes   47437 energy   195.1 births 47988380 deaths 47988337 (9530.2s) AMD Radeon AI PRO R9700 (RADV GFX1201)
tick 2038000 alive  1045984 genomes   47035 energy   195.6 births 47611787 deaths 47611898 (9534.9s) AMD Radeon AI PRO R9700 (RADV GFX1201)
tick 2039000 alive  1046060 genomes   49430 energy   194.1 births 48178403 deaths 48178327 (9539.4s) AMD Radeon AI PRO R9700 (RADV GFX1201)
tick 2040000 alive  1045978 genomes   48486 energy   194.5 births 48493362 deaths 48493444 (9544.2s) AMD Radeon AI PRO R9700 (RADV GFX1201)
tick 2041000 alive  1046081 genomes   49016 energy   194.6 births 48211264 deaths 48211161 (9548.8s) AMD Radeon AI PRO R9700 (RADV GFX1201)
tick 2042000 alive  1046030 genomes   48238 energy   194.9 births 48254632 deaths 48254683 (9553.5s) AMD Radeon AI PRO R9700 (RADV GFX1201)
tick 2043000 alive  1045996 genomes   48587 energy   194.8 births 48262899 deaths 48262933 (9558.2s) AMD Radeon AI PRO R9700 (RADV GFX1201)
tick 2044000 alive  1046008 genomes   49137 energy   194.2 births 48206415 deaths 48206403 (9562.8s) AMD Radeon AI PRO R9700 (RADV GFX1201)
tick 2045000 alive  1046049 genomes   48841 energy   194.7 births 48521129 deaths 48521088 (9567.5s) AMD Radeon AI PRO R9700 (RADV GFX1201)
tick 2046000 alive  1046060 genomes   48115 energy   195.3 births 48103015 deaths 48103004 (9572.2s) AMD Radeon AI PRO R9700 (RADV GFX1201)
tick 2047000 alive  1046077 genomes   46425 energy   196.1 births 47436080 deaths 47436063 (9576.8s) AMD Radeon AI PRO R9700 (RADV GFX1201)
tick 2048000 alive  1046071 genomes   47459 energy   195.2 births 47278260 deaths 47278266 (9581.5s) AMD Radeon AI PRO R9700 (RADV GFX1201)
tick 2049000 alive  1045977 genomes   48215 energy   195.0 births 48101734 deaths 48101828 (9586.1s) AMD Radeon AI PRO R9700 (RADV GFX1201)
tick 2050000 alive  1046039 genomes   47885 energy   195.4 births 47811137 deaths 47811075 (9590.7s) AMD Radeon AI PRO R9700 (RADV GFX1201)
tick 2051000 alive  1046033 genomes   47626 energy   195.3 births 47945083 deaths 47945089 (9595.4s) AMD Radeon AI PRO R9700 (RADV GFX1201)
tick 2052000 alive  1046014 genomes   47372 energy   195.3 births 47795754 deaths 47795773 (9600.1s) AMD Radeon AI PRO R9700 (RADV GFX1201)
tick 2053000 alive  1046066 genomes   48274 energy   195.1 births 47773503 deaths 47773451 (9604.7s) AMD Radeon AI PRO R9700 (RADV GFX1201)
tick 2054000 alive  1045954 genomes   48084 energy   195.0 births 47991961 deaths 47992073 (9609.4s) AMD Radeon AI PRO R9700 (RADV GFX1201)
tick 2055000 alive  1046030 genomes   48536 energy   194.8 births 48315447 deaths 48315371 (9614.1s) AMD Radeon AI PRO R9700 (RADV GFX1201)
tick 2056000 alive  1046059 genomes   47877 energy   195.2 births 48062556 deaths 48062527 (9618.7s) AMD Radeon AI PRO R9700 (RADV GFX1201)
tick 2057000 alive  1046033 genomes   47666 energy   195.4 births 47792102 deaths 47792128 (9623.4s) AMD Radeon AI PRO R9700 (RADV GFX1201)
tick 2058000 alive  1046013 genomes   49191 energy   194.0 births 48050718 deaths 48050738 (9628.0s) AMD Radeon AI PRO R9700 (RADV GFX1201)
tick 2059000 alive  1046047 genomes   49108 energy   194.6 births 48686732 deaths 48686698 (9632.7s) AMD Radeon AI PRO R9700 (RADV GFX1201)
tick 2060000 alive  1045931 genomes   48410 energy   194.9 births 48254090 deaths 48254206 (9637.4s) AMD Radeon AI PRO R9700 (RADV GFX1201)
tick 2061000 alive  1045985 genomes   48254 energy   195.3 births 48076764 deaths 48076710 (9642.0s) AMD Radeon AI PRO R9700 (RADV GFX1201)
tick 2062000 alive  1046031 genomes   49558 energy   193.9 births 48322872 deaths 48322826 (9646.6s) AMD Radeon AI PRO R9700 (RADV GFX1201)
tick 2063000 alive  1046007 genomes   49083 energy   194.3 births 48792444 deaths 48792468 (9651.3s) AMD Radeon AI PRO R9700 (RADV GFX1201)
tick 2064000 alive  1046116 genomes   48242 energy   194.8 births 48445858 deaths 48445749 (9655.9s) AMD Radeon AI PRO R9700 (RADV GFX1201)
tick 2065000 alive  1046101 genomes   48512 energy   194.7 births 48157982 deaths 48157997 (9660.6s) AMD Radeon AI PRO R9700 (RADV GFX1201)
tick 2066000 alive  1046141 genomes   47806 energy   195.2 births 47976484 deaths 47976444 (9665.2s) AMD Radeon AI PRO R9700 (RADV GFX1201)
tick 2067000 alive  1045979 genomes   49308 energy   194.5 births 48142882 deaths 48143044 (9669.8s) AMD Radeon AI PRO R9700 (RADV GFX1201)
tick 2068000 alive  1046029 genomes   49086 energy   194.9 births 48373068 deaths 48373018 (9674.4s) AMD Radeon AI PRO R9700 (RADV GFX1201)
tick 2069000 alive  1045972 genomes   47701 energy   195.6 births 47877646 deaths 47877703 (9679.1s) AMD Radeon AI PRO R9700 (RADV GFX1201)
tick 2070000 alive  1046029 genomes   47184 energy   195.9 births 47326582 deaths 47326525 (9683.7s) AMD Radeon AI PRO R9700 (RADV GFX1201)
tick 2071000 alive  1046130 genomes   47342 energy   195.8 births 47541151 deaths 47541050 (9688.4s) AMD Radeon AI PRO R9700 (RADV GFX1201)
tick 2072000 alive  1045993 genomes   47633 energy   195.8 births 47345044 deaths 47345181 (9693.0s) AMD Radeon AI PRO R9700 (RADV GFX1201)
tick 2073000 alive  1046050 genomes   46980 energy   196.0 births 47380960 deaths 47380903 (9697.7s) AMD Radeon AI PRO R9700 (RADV GFX1201)
tick 2074000 alive  1045944 genomes   47616 energy   195.9 births 47509312 deaths 47509418 (9702.3s) AMD Radeon AI PRO R9700 (RADV GFX1201)
tick 2075000 alive  1046122 genomes   47767 energy   196.1 births 47156897 deaths 47156719 (9707.0s) AMD Radeon AI PRO R9700 (RADV GFX1201)
tick 2076000 alive  1046123 genomes   48054 energy   195.7 births 47388904 deaths 47388903 (9711.6s) AMD Radeon AI PRO R9700 (RADV GFX1201)
tick 2077000 alive  1046081 genomes   48432 energy   195.3 births 47337610 deaths 47337652 (9716.2s) AMD Radeon AI PRO R9700 (RADV GFX1201)
tick 2078000 alive  1045980 genomes   49234 energy   194.9 births 47785397 deaths 47785498 (9720.9s) AMD Radeon AI PRO R9700 (RADV GFX1201)
tick 2079000 alive  1046034 genomes   49244 energy   194.8 births 48032005 deaths 48031951 (9725.5s) AMD Radeon AI PRO R9700 (RADV GFX1201)
tick 2080000 alive  1046057 genomes   49710 energy   194.2 births 48156946 deaths 48156923 (9730.2s) AMD Radeon AI PRO R9700 (RADV GFX1201)
tick 2081000 alive  1046011 genomes   48883 energy   194.6 births 48244600 deaths 48244646 (9734.8s) AMD Radeon AI PRO R9700 (RADV GFX1201)
tick 2082000 alive  1045957 genomes   48056 energy   195.3 births 47973147 deaths 47973201 (9739.5s) AMD Radeon AI PRO R9700 (RADV GFX1201)
tick 2083000 alive  1045951 genomes   48088 energy   194.9 births 47611233 deaths 47611239 (9744.1s) AMD Radeon AI PRO R9700 (RADV GFX1201)
tick 2084000 alive  1045969 genomes   47893 energy   195.7 births 47979420 deaths 47979402 (9748.8s) AMD Radeon AI PRO R9700 (RADV GFX1201)
tick 2085000 alive  1046025 genomes   47923 energy   195.8 births 47603711 deaths 47603655 (9753.5s) AMD Radeon AI PRO R9700 (RADV GFX1201)
tick 2086000 alive  1046061 genomes   47973 energy   195.4 births 47406043 deaths 47406007 (9758.1s) AMD Radeon AI PRO R9700 (RADV GFX1201)
tick 2087000 alive  1045998 genomes   48070 energy   195.3 births 47222523 deaths 47222586 (9762.8s) AMD Radeon AI PRO R9700 (RADV GFX1201)
tick 2088000 alive  1045939 genomes   48158 energy   195.4 births 47436556 deaths 47436615 (9767.4s) AMD Radeon AI PRO R9700 (RADV GFX1201)
tick 2089000 alive  1046020 genomes   48929 energy   194.8 births 48086484 deaths 48086403 (9772.0s) AMD Radeon AI PRO R9700 (RADV GFX1201)
tick 2090000 alive  1046009 genomes   49128 energy   194.5 births 48290754 deaths 48290765 (9776.6s) AMD Radeon AI PRO R9700 (RADV GFX1201)
tick 2091000 alive  1045992 genomes   48515 energy   194.6 births 48371184 deaths 48371201 (9781.3s) AMD Radeon AI PRO R9700 (RADV GFX1201)
tick 2092000 alive  1045996 genomes   48233 energy   194.8 births 47919652 deaths 47919648 (9785.9s) AMD Radeon AI PRO R9700 (RADV GFX1201)
tick 2093000 alive  1046154 genomes   47911 energy   195.1 births 47832856 deaths 47832698 (9790.6s) AMD Radeon AI PRO R9700 (RADV GFX1201)
tick 2094000 alive  1046009 genomes   47839 energy   195.9 births 47410069 deaths 47410214 (9795.2s) AMD Radeon AI PRO R9700 (RADV GFX1201)
tick 2095000 alive  1046014 genomes   47855 energy   195.8 births 47404332 deaths 47404327 (9799.8s) AMD Radeon AI PRO R9700 (RADV GFX1201)
tick 2096000 alive  1046050 genomes   48783 energy   195.2 births 47603975 deaths 47603939 (9804.4s) AMD Radeon AI PRO R9700 (RADV GFX1201)
tick 2097000 alive  1045998 genomes   49432 energy   194.2 births 48002658 deaths 48002710 (9809.2s) AMD Radeon AI PRO R9700 (RADV GFX1201)
tick 2098000 alive  1046036 genomes   47842 energy   195.6 births 47962699 deaths 47962661 (9813.8s) AMD Radeon AI PRO R9700 (RADV GFX1201)
tick 2099000 alive  1046007 genomes   47230 energy   195.8 births 47244757 deaths 47244786 (9818.5s) AMD Radeon AI PRO R9700 (RADV GFX1201)
tick 2100000 alive  1046026 genomes   47121 energy   195.8 births 47567986 deaths 47567967 (9823.1s) AMD Radeon AI PRO R9700 (RADV GFX1201)
tick 2101000 alive  1046019 genomes   47779 energy   195.3 births 47453113 deaths 47453120 (9827.8s) AMD Radeon AI PRO R9700 (RADV GFX1201)
tick 2102000 alive  1046009 genomes   46922 energy   195.8 births 47323446 deaths 47323456 (9832.4s) AMD Radeon AI PRO R9700 (RADV GFX1201)
tick 2103000 alive  1046068 genomes   47566 energy   195.1 births 47598203 deaths 47598144 (9837.0s) AMD Radeon AI PRO R9700 (RADV GFX1201)
tick 2104000 alive  1046080 genomes   48166 energy   194.9 births 47818571 deaths 47818559 (9841.7s) AMD Radeon AI PRO R9700 (RADV GFX1201)
tick 2105000 alive  1045909 genomes   48669 energy   194.6 births 47945153 deaths 47945324 (9846.3s) AMD Radeon AI PRO R9700 (RADV GFX1201)
tick 2106000 alive  1046135 genomes   47867 energy   195.4 births 47935544 deaths 47935318 (9850.9s) AMD Radeon AI PRO R9700 (RADV GFX1201)
tick 2107000 alive  1045958 genomes   47941 energy   195.1 births 47710673 deaths 47710850 (9855.6s) AMD Radeon AI PRO R9700 (RADV GFX1201)
tick 2108000 alive  1046037 genomes   48296 energy   195.2 births 47972459 deaths 47972380 (9860.2s) AMD Radeon AI PRO R9700 (RADV GFX1201)
tick 2109000 alive  1045949 genomes   48107 energy   195.4 births 47790092 deaths 47790180 (9864.9s) AMD Radeon AI PRO R9700 (RADV GFX1201)
tick 2110000 alive  1046081 genomes   47120 energy   195.8 births 47502277 deaths 47502145 (9869.5s) AMD Radeon AI PRO R9700 (RADV GFX1201)
tick 2111000 alive  1046091 genomes   45906 energy   196.2 births 46921034 deaths 46921024 (9874.1s) AMD Radeon AI PRO R9700 (RADV GFX1201)
tick 2112000 alive  1046062 genomes   47976 energy   195.3 births 47571836 deaths 47571865 (9878.7s) AMD Radeon AI PRO R9700 (RADV GFX1201)
tick 2113000 alive  1046043 genomes   48816 energy   194.2 births 48140899 deaths 48140918 (9883.4s) AMD Radeon AI PRO R9700 (RADV GFX1201)
tick 2114000 alive  1045976 genomes   47980 energy   195.2 births 48157411 deaths 48157478 (9888.0s) AMD Radeon AI PRO R9700 (RADV GFX1201)
tick 2115000 alive  1046032 genomes   48970 energy   194.0 births 48337452 deaths 48337396 (9892.7s) AMD Radeon AI PRO R9700 (RADV GFX1201)
tick 2116000 alive  1046004 genomes   48483 energy   194.2 births 48779211 deaths 48779239 (9897.3s) AMD Radeon AI PRO R9700 (RADV GFX1201)
tick 2117000 alive  1046031 genomes   47709 energy   195.1 births 48277907 deaths 48277880 (9902.0s) AMD Radeon AI PRO R9700 (RADV GFX1201)
tick 2118000 alive  1045999 genomes   47935 energy   194.7 births 48282666 deaths 48282698 (9906.6s) AMD Radeon AI PRO R9700 (RADV GFX1201)
tick 2119000 alive  1046068 genomes   48499 energy   194.4 births 48305168 deaths 48305099 (9911.3s) AMD Radeon AI PRO R9700 (RADV GFX1201)
tick 2120000 alive  1046028 genomes   47380 energy   195.2 births 48102141 deaths 48102181 (9915.9s) AMD Radeon AI PRO R9700 (RADV GFX1201)
tick 2121000 alive  1046042 genomes   47971 energy   194.8 births 47866018 deaths 47866004 (9920.6s) AMD Radeon AI PRO R9700 (RADV GFX1201)
tick 2122000 alive  1046030 genomes   47521 energy   195.1 births 47900652 deaths 47900664 (9925.2s) AMD Radeon AI PRO R9700 (RADV GFX1201)
tick 2123000 alive  1045915 genomes   46495 energy   196.1 births 47717390 deaths 47717505 (9929.9s) AMD Radeon AI PRO R9700 (RADV GFX1201)
tick 2124000 alive  1046050 genomes   47292 energy   195.3 births 47605689 deaths 47605554 (9934.5s) AMD Radeon AI PRO R9700 (RADV GFX1201)
tick 2125000 alive  1046057 genomes   47865 energy   194.7 births 48032160 deaths 48032153 (9939.1s) AMD Radeon AI PRO R9700 (RADV GFX1201)
tick 2126000 alive  1046035 genomes   47868 energy   194.7 births 48281291 deaths 48281313 (9943.7s) AMD Radeon AI PRO R9700 (RADV GFX1201)
tick 2127000 alive  1046054 genomes   47520 energy   195.3 births 48034531 deaths 48034512 (9948.4s) AMD Radeon AI PRO R9700 (RADV GFX1201)
tick 2128000 alive  1046111 genomes   47330 energy   195.1 births 47683591 deaths 47683534 (9953.1s) AMD Radeon AI PRO R9700 (RADV GFX1201)
tick 2129000 alive  1046049 genomes   46895 energy   195.5 births 47418434 deaths 47418496 (9957.7s) AMD Radeon AI PRO R9700 (RADV GFX1201)
tick 2130000 alive  1046098 genomes   47416 energy   194.9 births 47661589 deaths 47661540 (9962.4s) AMD Radeon AI PRO R9700 (RADV GFX1201)
tick 2131000 alive  1046123 genomes   48542 energy   194.8 births 48251960 deaths 48251935 (9967.1s) AMD Radeon AI PRO R9700 (RADV GFX1201)
tick 2132000 alive  1046075 genomes   48886 energy   194.3 births 48318095 deaths 48318143 (9971.7s) AMD Radeon AI PRO R9700 (RADV GFX1201)
tick 2133000 alive  1045907 genomes   50174 energy   193.2 births 48768996 deaths 48769164 (9976.4s) AMD Radeon AI PRO R9700 (RADV GFX1201)
tick 2134000 alive  1046107 genomes   50262 energy   193.5 births 49311561 deaths 49311361 (9981.0s) AMD Radeon AI PRO R9700 (RADV GFX1201)
tick 2135000 alive  1046071 genomes   49309 energy   194.1 births 49017659 deaths 49017695 (9985.7s) AMD Radeon AI PRO R9700 (RADV GFX1201)
tick 2136000 alive  1046082 genomes   48350 energy   195.0 births 48465514 deaths 48465503 (9990.3s) AMD Radeon AI PRO R9700 (RADV GFX1201)
tick 2137000 alive  1046094 genomes   48448 energy   195.0 births 48137520 deaths 48137508 (9995.0s) AMD Radeon AI PRO R9700 (RADV GFX1201)
tick 2138000 alive  1045944 genomes   48299 energy   194.9 births 48054736 deaths 48054886 (9999.6s) AMD Radeon AI PRO R9700 (RADV GFX1201)
tick 2139000 alive  1046046 genomes   48176 energy   195.1 births 48076467 deaths 48076365 (10004.3s) AMD Radeon AI PRO R9700 (RADV GFX1201)
tick 2140000 alive  1045995 genomes   48631 energy   194.7 births 48072884 deaths 48072935 (10008.9s) AMD Radeon AI PRO R9700 (RADV GFX1201)
tick 2141000 alive  1045985 genomes   47886 energy   195.1 births 47885383 deaths 47885393 (10013.6s) AMD Radeon AI PRO R9700 (RADV GFX1201)
tick 2142000 alive  1045957 genomes   50015 energy   193.9 births 48433099 deaths 48433127 (10018.2s) AMD Radeon AI PRO R9700 (RADV GFX1201)
tick 2143000 alive  1046018 genomes   49548 energy   194.2 births 48919774 deaths 48919713 (10022.9s) AMD Radeon AI PRO R9700 (RADV GFX1201)
tick 2144000 alive  1045998 genomes   48495 energy   195.2 births 48045597 deaths 48045617 (10027.5s) AMD Radeon AI PRO R9700 (RADV GFX1201)
tick 2145000 alive  1045984 genomes   49368 energy   194.1 births 48237846 deaths 48237860 (10032.2s) AMD Radeon AI PRO R9700 (RADV GFX1201)
tick 2146000 alive  1046023 genomes   49320 energy   194.4 births 48562570 deaths 48562531 (10036.8s) AMD Radeon AI PRO R9700 (RADV GFX1201)
tick 2147000 alive  1045974 genomes   49060 energy   194.5 births 48592895 deaths 48592944 (10041.5s) AMD Radeon AI PRO R9700 (RADV GFX1201)
tick 2148000 alive  1045986 genomes   48676 energy   194.7 births 48288702 deaths 48288690 (10046.1s) AMD Radeon AI PRO R9700 (RADV GFX1201)
tick 2149000 alive  1046107 genomes   48663 energy   194.8 births 48154232 deaths 48154111 (10050.8s) AMD Radeon AI PRO R9700 (RADV GFX1201)
tick 2150000 alive  1045966 genomes   48697 energy   194.9 births 48060733 deaths 48060874 (10055.4s) AMD Radeon AI PRO R9700 (RADV GFX1201)
tick 2151000 alive  1046024 genomes   49712 energy   194.0 births 48402757 deaths 48402699 (10060.1s) AMD Radeon AI PRO R9700 (RADV GFX1201)
tick 2152000 alive  1046002 genomes   49336 energy   194.3 births 48605189 deaths 48605211 (10064.7s) AMD Radeon AI PRO R9700 (RADV GFX1201)
tick 2153000 alive  1046034 genomes   49647 energy   194.2 births 48470311 deaths 48470279 (10069.4s) AMD Radeon AI PRO R9700 (RADV GFX1201)
tick 2154000 alive  1045925 genomes   49467 energy   194.0 births 48466788 deaths 48466897 (10074.0s) AMD Radeon AI PRO R9700 (RADV GFX1201)
tick 2155000 alive  1046117 genomes   49058 energy   194.1 births 48396738 deaths 48396546 (10078.6s) AMD Radeon AI PRO R9700 (RADV GFX1201)
tick 2156000 alive  1046061 genomes   48693 energy   194.5 births 48588679 deaths 48588735 (10083.3s) AMD Radeon AI PRO R9700 (RADV GFX1201)
tick 2157000 alive  1046062 genomes   48585 energy   194.4 births 48539834 deaths 48539833 (10087.9s) AMD Radeon AI PRO R9700 (RADV GFX1201)
tick 2158000 alive  1046018 genomes   48073 energy   194.9 births 48437412 deaths 48437456 (10092.6s) AMD Radeon AI PRO R9700 (RADV GFX1201)
tick 2159000 alive  1045954 genomes   49483 energy   193.9 births 48490422 deaths 48490486 (10097.2s) AMD Radeon AI PRO R9700 (RADV GFX1201)
tick 2160000 alive  1045992 genomes   49324 energy   194.5 births 48437895 deaths 48437857 (10101.9s) AMD Radeon AI PRO R9700 (RADV GFX1201)
tick 2161000 alive  1046004 genomes   48623 energy   194.5 births 48642955 deaths 48642943 (10106.5s) AMD Radeon AI PRO R9700 (RADV GFX1201)
tick 2162000 alive  1046006 genomes   49223 energy   194.3 births 48717344 deaths 48717342 (10111.1s) AMD Radeon AI PRO R9700 (RADV GFX1201)
tick 2163000 alive  1046098 genomes   49755 energy   194.2 births 48884797 deaths 48884705 (10115.8s) AMD Radeon AI PRO R9700 (RADV GFX1201)
tick 2164000 alive  1046028 genomes   50920 energy   193.1 births 49370875 deaths 49370945 (10120.4s) AMD Radeon AI PRO R9700 (RADV GFX1201)
tick 2165000 alive  1046037 genomes   49995 energy   193.8 births 49225185 deaths 49225176 (10125.1s) AMD Radeon AI PRO R9700 (RADV GFX1201)
tick 2166000 alive  1046024 genomes   49821 energy   194.1 births 48851085 deaths 48851098 (10129.7s) AMD Radeon AI PRO R9700 (RADV GFX1201)
tick 2167000 alive  1045876 genomes   50246 energy   194.0 births 48606523 deaths 48606671 (10134.3s) AMD Radeon AI PRO R9700 (RADV GFX1201)
tick 2168000 alive  1046093 genomes   50059 energy   194.1 births 48930322 deaths 48930105 (10138.9s) AMD Radeon AI PRO R9700 (RADV GFX1201)
tick 2169000 alive  1045979 genomes   50691 energy   193.4 births 48874573 deaths 48874687 (10143.6s) AMD Radeon AI PRO R9700 (RADV GFX1201)
tick 2170000 alive  1046032 genomes   50514 energy   193.9 births 49204151 deaths 49204098 (10148.2s) AMD Radeon AI PRO R9700 (RADV GFX1201)
tick 2171000 alive  1046057 genomes   49947 energy   194.0 births 48608489 deaths 48608464 (10152.9s) AMD Radeon AI PRO R9700 (RADV GFX1201)
tick 2172000 alive  1046058 genomes   48930 energy   194.3 births 48623000 deaths 48622999 (10157.5s) AMD Radeon AI PRO R9700 (RADV GFX1201)
tick 2173000 alive  1046052 genomes   50793 energy   194.1 births 49046202 deaths 49046208 (10162.2s) AMD Radeon AI PRO R9700 (RADV GFX1201)
tick 2174000 alive  1045891 genomes   50572 energy   193.8 births 48940051 deaths 48940212 (10166.8s) AMD Radeon AI PRO R9700 (RADV GFX1201)
tick 2175000 alive  1046006 genomes   51087 energy   193.3 births 49200252 deaths 49200137 (10171.5s) AMD Radeon AI PRO R9700 (RADV GFX1201)
tick 2176000 alive  1046062 genomes   49801 energy   194.1 births 48785256 deaths 48785200 (10176.1s) AMD Radeon AI PRO R9700 (RADV GFX1201)
tick 2177000 alive  1046003 genomes   50121 energy   194.0 births 48794692 deaths 48794751 (10180.8s) AMD Radeon AI PRO R9700 (RADV GFX1201)
tick 2178000 alive  1046007 genomes   50995 energy   193.4 births 49084144 deaths 49084140 (10185.4s) AMD Radeon AI PRO R9700 (RADV GFX1201)
tick 2179000 alive  1046121 genomes   50607 energy   193.5 births 49174254 deaths 49174140 (10190.1s) AMD Radeon AI PRO R9700 (RADV GFX1201)
tick 2180000 alive  1046052 genomes   48582 energy   194.8 births 48305021 deaths 48305090 (10194.7s) AMD Radeon AI PRO R9700 (RADV GFX1201)
tick 2181000 alive  1046013 genomes   49691 energy   194.1 births 48486251 deaths 48486290 (10199.4s) AMD Radeon AI PRO R9700 (RADV GFX1201)
tick 2182000 alive  1046086 genomes   49804 energy   194.2 births 48892252 deaths 48892179 (10204.0s) AMD Radeon AI PRO R9700 (RADV GFX1201)
tick 2183000 alive  1046015 genomes   50747 energy   193.7 births 48910836 deaths 48910907 (10208.7s) AMD Radeon AI PRO R9700 (RADV GFX1201)
tick 2184000 alive  1045956 genomes   50011 energy   194.2 births 49031021 deaths 49031080 (10213.3s) AMD Radeon AI PRO R9700 (RADV GFX1201)
tick 2185000 alive  1046058 genomes   50516 energy   194.0 births 48810171 deaths 48810069 (10218.0s) AMD Radeon AI PRO R9700 (RADV GFX1201)
tick 2186000 alive  1046115 genomes   49332 energy   194.3 births 48715139 deaths 48715082 (10222.6s) AMD Radeon AI PRO R9700 (RADV GFX1201)
tick 2187000 alive  1046042 genomes   51385 energy   193.2 births 48995214 deaths 48995287 (10227.3s) AMD Radeon AI PRO R9700 (RADV GFX1201)
tick 2188000 alive  1045915 genomes   49907 energy   194.1 births 49052387 deaths 49052514 (10231.9s) AMD Radeon AI PRO R9700 (RADV GFX1201)
tick 2189000 alive  1046028 genomes   50771 energy   193.6 births 49078545 deaths 49078432 (10236.6s) AMD Radeon AI PRO R9700 (RADV GFX1201)
tick 2190000 alive  1046040 genomes   49964 energy   194.0 births 49201967 deaths 49201955 (10241.3s) AMD Radeon AI PRO R9700 (RADV GFX1201)
tick 2191000 alive  1046037 genomes   50080 energy   193.9 births 48896335 deaths 48896338 (10245.9s) AMD Radeon AI PRO R9700 (RADV GFX1201)
tick 2192000 alive  1046118 genomes   49509 energy   194.5 births 48778825 deaths 48778744 (10250.6s) AMD Radeon AI PRO R9700 (RADV GFX1201)
tick 2193000 alive  1046012 genomes   48731 energy   194.9 births 48170479 deaths 48170585 (10255.2s) AMD Radeon AI PRO R9700 (RADV GFX1201)
tick 2194000 alive  1046015 genomes   49169 energy   194.5 births 48356192 deaths 48356189 (10259.9s) AMD Radeon AI PRO R9700 (RADV GFX1201)
tick 2195000 alive  1046084 genomes   50463 energy   193.8 births 48983164 deaths 48983095 (10264.5s) AMD Radeon AI PRO R9700 (RADV GFX1201)
tick 2196000 alive  1046062 genomes   50469 energy   193.6 births 48973248 deaths 48973270 (10269.2s) AMD Radeon AI PRO R9700 (RADV GFX1201)
tick 2197000 alive  1046140 genomes   49554 energy   193.9 births 49108082 deaths 49108004 (10273.8s) AMD Radeon AI PRO R9700 (RADV GFX1201)
tick 2198000 alive  1046006 genomes   47836 energy   195.1 births 48096307 deaths 48096441 (10278.4s) AMD Radeon AI PRO R9700 (RADV GFX1201)
tick 2199000 alive  1046028 genomes   48583 energy   195.0 births 47998153 deaths 47998131 (10283.1s) AMD Radeon AI PRO R9700 (RADV GFX1201)
tick 2200000 alive  1046018 genomes   50016 energy   194.4 births 48466201 deaths 48466211 (10287.8s) AMD Radeon AI PRO R9700 (RADV GFX1201)
tick 2201000 alive  1046092 genomes   50076 energy   193.9 births 48408272 deaths 48408198 (10292.5s) AMD Radeon AI PRO R9700 (RADV GFX1201)
tick 2202000 alive  1045968 genomes   51593 energy   192.7 births 49376278 deaths 49376402 (10297.1s) AMD Radeon AI PRO R9700 (RADV GFX1201)
tick 2203000 alive  1046094 genomes   49399 energy   194.2 births 49240924 deaths 49240798 (10301.8s) AMD Radeon AI PRO R9700 (RADV GFX1201)
tick 2204000 alive  1046147 genomes   48411 energy   194.7 births 48556489 deaths 48556436 (10306.4s) AMD Radeon AI PRO R9700 (RADV GFX1201)
tick 2205000 alive  1046040 genomes   47647 energy   195.3 births 48248958 deaths 48249065 (10311.1s) AMD Radeon AI PRO R9700 (RADV GFX1201)
tick 2206000 alive  1046068 genomes   49167 energy   194.4 births 48412106 deaths 48412078 (10315.7s) AMD Radeon AI PRO R9700 (RADV GFX1201)
tick 2207000 alive  1046035 genomes   47417 energy   195.4 births 48000345 deaths 48000378 (10320.4s) AMD Radeon AI PRO R9700 (RADV GFX1201)
tick 2208000 alive  1046073 genomes   48231 energy   194.7 births 48090525 deaths 48090487 (10325.0s) AMD Radeon AI PRO R9700 (RADV GFX1201)
tick 2209000 alive  1046002 genomes   48223 energy   195.1 births 48163492 deaths 48163563 (10329.7s) AMD Radeon AI PRO R9700 (RADV GFX1201)
tick 2210000 alive  1046111 genomes   48934 energy   194.9 births 48017303 deaths 48017194 (10334.3s) AMD Radeon AI PRO R9700 (RADV GFX1201)
tick 2211000 alive  1046009 genomes   47837 energy   195.3 births 47967696 deaths 47967798 (10339.0s) AMD Radeon AI PRO R9700 (RADV GFX1201)
tick 2212000 alive  1046077 genomes   47424 energy   195.4 births 47590652 deaths 47590584 (10343.6s) AMD Radeon AI PRO R9700 (RADV GFX1201)
tick 2213000 alive  1046033 genomes   47458 energy   195.3 births 47562766 deaths 47562810 (10348.3s) AMD Radeon AI PRO R9700 (RADV GFX1201)
tick 2214000 alive  1046099 genomes   47958 energy   194.9 births 47811273 deaths 47811207 (10352.9s) AMD Radeon AI PRO R9700 (RADV GFX1201)
tick 2215000 alive  1045982 genomes   49241 energy   194.3 births 48314807 deaths 48314924 (10357.5s) AMD Radeon AI PRO R9700 (RADV GFX1201)
tick 2216000 alive  1046012 genomes   49110 energy   194.6 births 48440164 deaths 48440134 (10362.2s) AMD Radeon AI PRO R9700 (RADV GFX1201)
tick 2217000 alive  1046016 genomes   50133 energy   193.3 births 48821955 deaths 48821951 (10366.8s) AMD Radeon AI PRO R9700 (RADV GFX1201)
tick 2218000 alive  1046071 genomes   49762 energy   194.0 births 48988738 deaths 48988683 (10371.5s) AMD Radeon AI PRO R9700 (RADV GFX1201)
tick 2219000 alive  1045966 genomes   50141 energy   193.8 births 48909772 deaths 48909877 (10376.1s) AMD Radeon AI PRO R9700 (RADV GFX1201)
tick 2220000 alive  1046028 genomes   49388 energy   194.4 births 48679704 deaths 48679642 (10380.8s) AMD Radeon AI PRO R9700 (RADV GFX1201)
tick 2221000 alive  1046034 genomes   49069 energy   194.3 births 48354922 deaths 48354916 (10385.4s) AMD Radeon AI PRO R9700 (RADV GFX1201)
tick 2222000 alive  1046001 genomes   49562 energy   193.9 births 48741169 deaths 48741202 (10390.1s) AMD Radeon AI PRO R9700 (RADV GFX1201)
tick 2223000 alive  1045983 genomes   50182 energy   193.6 births 49063857 deaths 49063875 (10394.7s) AMD Radeon AI PRO R9700 (RADV GFX1201)
tick 2224000 alive  1045980 genomes   49811 energy   193.9 births 49034406 deaths 49034409 (10399.4s) AMD Radeon AI PRO R9700 (RADV GFX1201)
tick 2225000 alive  1046068 genomes   49804 energy   193.8 births 48978646 deaths 48978558 (10404.0s) AMD Radeon AI PRO R9700 (RADV GFX1201)
tick 2226000 alive  1046026 genomes   49973 energy   193.6 births 49150130 deaths 49150172 (10408.7s) AMD Radeon AI PRO R9700 (RADV GFX1201)
tick 2227000 alive  1046100 genomes   50307 energy   193.6 births 49315283 deaths 49315209 (10413.4s) AMD Radeon AI PRO R9700 (RADV GFX1201)
tick 2228000 alive  1046047 genomes   49475 energy   194.4 births 48835993 deaths 48836046 (10418.0s) AMD Radeon AI PRO R9700 (RADV GFX1201)
tick 2229000 alive  1045943 genomes   48493 energy   194.9 births 48119929 deaths 48120033 (10422.7s) AMD Radeon AI PRO R9700 (RADV GFX1201)
tick 2230000 alive  1045965 genomes   48173 energy   195.2 births 47913958 deaths 47913936 (10427.3s) AMD Radeon AI PRO R9700 (RADV GFX1201)
tick 2231000 alive  1045961 genomes   49569 energy   194.2 births 48056956 deaths 48056960 (10432.0s) AMD Radeon AI PRO R9700 (RADV GFX1201)
tick 2232000 alive  1045960 genomes   49670 energy   194.0 births 48862031 deaths 48862032 (10436.6s) AMD Radeon AI PRO R9700 (RADV GFX1201)
tick 2233000 alive  1045973 genomes   49937 energy   193.9 births 48779187 deaths 48779174 (10441.2s) AMD Radeon AI PRO R9700 (RADV GFX1201)
tick 2234000 alive  1046136 genomes   48722 energy   194.7 births 48383769 deaths 48383606 (10445.8s) AMD Radeon AI PRO R9700 (RADV GFX1201)
tick 2235000 alive  1045981 genomes   49317 energy   194.1 births 48551866 deaths 48552021 (10450.5s) AMD Radeon AI PRO R9700 (RADV GFX1201)
tick 2236000 alive  1046075 genomes   48655 energy   194.2 births 48596766 deaths 48596672 (10455.1s) AMD Radeon AI PRO R9700 (RADV GFX1201)
tick 2237000 alive  1045965 genomes   48199 energy   194.6 births 48298560 deaths 48298670 (10459.8s) AMD Radeon AI PRO R9700 (RADV GFX1201)
tick 2238000 alive  1046074 genomes   47373 energy   195.0 births 48011044 deaths 48010935 (10464.4s) AMD Radeon AI PRO R9700 (RADV GFX1201)
tick 2239000 alive  1046086 genomes   48610 energy   195.2 births 48055143 deaths 48055131 (10469.1s) AMD Radeon AI PRO R9700 (RADV GFX1201)
tick 2240000 alive  1046094 genomes   48102 energy   194.9 births 48011319 deaths 48011311 (10473.8s) AMD Radeon AI PRO R9700 (RADV GFX1201)
tick 2241000 alive  1045999 genomes   48098 energy   194.9 births 47953544 deaths 47953639 (10478.5s) AMD Radeon AI PRO R9700 (RADV GFX1201)
tick 2242000 alive  1046063 genomes   48034 energy   195.2 births 48071207 deaths 48071143 (10483.2s) AMD Radeon AI PRO R9700 (RADV GFX1201)
tick 2243000 alive  1046031 genomes   48573 energy   194.8 births 48050413 deaths 48050445 (10487.8s) AMD Radeon AI PRO R9700 (RADV GFX1201)
tick 2244000 alive  1046061 genomes   47856 energy   194.8 births 47809224 deaths 47809194 (10492.5s) AMD Radeon AI PRO R9700 (RADV GFX1201)
tick 2245000 alive  1045975 genomes   48053 energy   194.8 births 48201748 deaths 48201834 (10497.2s) AMD Radeon AI PRO R9700 (RADV GFX1201)
tick 2246000 alive  1045987 genomes   48177 energy   194.9 births 48121428 deaths 48121416 (10501.9s) AMD Radeon AI PRO R9700 (RADV GFX1201)
tick 2247000 alive  1046124 genomes   48049 energy   194.8 births 48156972 deaths 48156835 (10506.5s) AMD Radeon AI PRO R9700 (RADV GFX1201)
tick 2248000 alive  1046077 genomes   48316 energy   194.6 births 47975358 deaths 47975405 (10511.2s) AMD Radeon AI PRO R9700 (RADV GFX1201)
tick 2249000 alive  1045963 genomes   48000 energy   194.4 births 48236955 deaths 48237069 (10515.9s) AMD Radeon AI PRO R9700 (RADV GFX1201)
tick 2250000 alive  1046052 genomes   49069 energy   193.6 births 48771388 deaths 48771299 (10520.5s) AMD Radeon AI PRO R9700 (RADV GFX1201)
tick 2251000 alive  1046045 genomes   49260 energy   193.6 births 49009635 deaths 49009642 (10525.1s) AMD Radeon AI PRO R9700 (RADV GFX1201)
tick 2252000 alive  1046058 genomes   49907 energy   193.1 births 49354652 deaths 49354639 (10529.8s) AMD Radeon AI PRO R9700 (RADV GFX1201)
tick 2253000 alive  1046042 genomes   50407 energy   193.2 births 49687426 deaths 49687442 (10534.5s) AMD Radeon AI PRO R9700 (RADV GFX1201)
tick 2254000 alive  1045982 genomes   49199 energy   194.0 births 49291394 deaths 49291454 (10539.1s) AMD Radeon AI PRO R9700 (RADV GFX1201)
tick 2255000 alive  1046016 genomes   49207 energy   194.2 births 48791928 deaths 48791894 (10543.8s) AMD Radeon AI PRO R9700 (RADV GFX1201)
tick 2256000 alive  1046020 genomes   49652 energy   194.1 births 48813383 deaths 48813379 (10548.4s) AMD Radeon AI PRO R9700 (RADV GFX1201)
tick 2257000 alive  1046002 genomes   48756 energy   194.4 births 48569018 deaths 48569036 (10553.1s) AMD Radeon AI PRO R9700 (RADV GFX1201)
tick 2258000 alive  1046008 genomes   48412 energy   194.9 births 48321588 deaths 48321582 (10557.7s) AMD Radeon AI PRO R9700 (RADV GFX1201)
tick 2259000 alive  1046009 genomes   48276 energy   194.5 births 48363371 deaths 48363370 (10562.4s) AMD Radeon AI PRO R9700 (RADV GFX1201)
tick 2260000 alive  1046053 genomes   49085 energy   194.2 births 48507586 deaths 48507542 (10567.0s) AMD Radeon AI PRO R9700 (RADV GFX1201)
tick 2261000 alive  1046072 genomes   47586 energy   195.2 births 48020420 deaths 48020401 (10571.7s) AMD Radeon AI PRO R9700 (RADV GFX1201)
tick 2262000 alive  1046197 genomes   47833 energy   195.1 births 47947010 deaths 47946885 (10576.3s) AMD Radeon AI PRO R9700 (RADV GFX1201)
tick 2263000 alive  1046001 genomes   47900 energy   195.1 births 47891353 deaths 47891549 (10581.0s) AMD Radeon AI PRO R9700 (RADV GFX1201)
tick 2264000 alive  1046106 genomes   49278 energy   194.3 births 48139720 deaths 48139615 (10585.7s) AMD Radeon AI PRO R9700 (RADV GFX1201)
tick 2265000 alive  1046064 genomes   48932 energy   194.1 births 48687765 deaths 48687807 (10590.3s) AMD Radeon AI PRO R9700 (RADV GFX1201)
tick 2266000 alive  1046025 genomes   49394 energy   194.0 births 48800159 deaths 48800198 (10594.9s) AMD Radeon AI PRO R9700 (RADV GFX1201)
tick 2267000 alive  1046063 genomes   49783 energy   193.5 births 48885531 deaths 48885493 (10599.6s) AMD Radeon AI PRO R9700 (RADV GFX1201)
tick 2268000 alive  1045980 genomes   49852 energy   193.7 births 49162014 deaths 49162097 (10604.2s) AMD Radeon AI PRO R9700 (RADV GFX1201)
tick 2269000 alive  1046096 genomes   49148 energy   194.2 births 48769359 deaths 48769243 (10608.9s) AMD Radeon AI PRO R9700 (RADV GFX1201)
tick 2270000 alive  1046054 genomes   47868 energy   195.3 births 48366202 deaths 48366244 (10613.5s) AMD Radeon AI PRO R9700 (RADV GFX1201)
tick 2271000 alive  1046165 genomes   47826 energy   195.1 births 47990714 deaths 47990603 (10618.1s) AMD Radeon AI PRO R9700 (RADV GFX1201)
tick 2272000 alive  1046064 genomes   48080 energy   194.8 births 47840316 deaths 47840417 (10622.8s) AMD Radeon AI PRO R9700 (RADV GFX1201)
tick 2273000 alive  1046143 genomes   49085 energy   194.2 births 48394698 deaths 48394619 (10627.5s) AMD Radeon AI PRO R9700 (RADV GFX1201)
tick 2274000 alive  1046013 genomes   50235 energy   194.0 births 48797058 deaths 48797188 (10632.2s) AMD Radeon AI PRO R9700 (RADV GFX1201)
tick 2275000 alive  1046107 genomes   48910 energy   194.8 births 48332742 deaths 48332648 (10636.9s) AMD Radeon AI PRO R9700 (RADV GFX1201)
tick 2276000 alive  1046065 genomes   48881 energy   194.6 births 48178608 deaths 48178650 (10641.5s) AMD Radeon AI PRO R9700 (RADV GFX1201)
tick 2277000 alive  1046005 genomes   49252 energy   194.3 births 48420536 deaths 48420596 (10646.3s) AMD Radeon AI PRO R9700 (RADV GFX1201)
tick 2278000 alive  1046034 genomes   49694 energy   193.9 births 48588510 deaths 48588481 (10650.9s) AMD Radeon AI PRO R9700 (RADV GFX1201)
tick 2279000 alive  1045947 genomes   49969 energy   193.9 births 48502883 deaths 48502970 (10655.6s) AMD Radeon AI PRO R9700 (RADV GFX1201)
tick 2280000 alive  1046017 genomes   50633 energy   193.6 births 49312082 deaths 49312012 (10660.2s) AMD Radeon AI PRO R9700 (RADV GFX1201)
tick 2281000 alive  1046087 genomes   50690 energy   193.3 births 49042158 deaths 49042088 (10664.9s) AMD Radeon AI PRO R9700 (RADV GFX1201)
tick 2282000 alive  1046024 genomes   51305 energy   193.4 births 49118430 deaths 49118493 (10669.6s) AMD Radeon AI PRO R9700 (RADV GFX1201)
tick 2283000 alive  1045957 genomes   51874 energy   192.5 births 49578670 deaths 49578737 (10674.2s) AMD Radeon AI PRO R9700 (RADV GFX1201)
tick 2284000 alive  1046035 genomes   51531 energy   193.0 births 49922277 deaths 49922199 (10678.8s) AMD Radeon AI PRO R9700 (RADV GFX1201)
tick 2285000 alive  1046033 genomes   51092 energy   193.5 births 49258076 deaths 49258078 (10683.5s) AMD Radeon AI PRO R9700 (RADV GFX1201)
tick 2286000 alive  1046055 genomes   50734 energy   193.5 births 49002114 deaths 49002092 (10688.1s) AMD Radeon AI PRO R9700 (RADV GFX1201)
tick 2287000 alive  1046010 genomes   49733 energy   194.3 births 49166794 deaths 49166839 (10692.7s) AMD Radeon AI PRO R9700 (RADV GFX1201)
tick 2288000 alive  1045994 genomes   49387 energy   194.6 births 48512780 deaths 48512796 (10697.3s) AMD Radeon AI PRO R9700 (RADV GFX1201)
tick 2289000 alive  1045996 genomes   49408 energy   194.2 births 48536186 deaths 48536184 (10702.0s) AMD Radeon AI PRO R9700 (RADV GFX1201)
tick 2290000 alive  1046095 genomes   48982 energy   194.5 births 48432602 deaths 48432503 (10706.7s) AMD Radeon AI PRO R9700 (RADV GFX1201)
tick 2291000 alive  1046056 genomes   50557 energy   193.7 births 48738440 deaths 48738479 (10711.3s) AMD Radeon AI PRO R9700 (RADV GFX1201)
tick 2292000 alive  1045981 genomes   49972 energy   194.1 births 48872103 deaths 48872178 (10715.9s) AMD Radeon AI PRO R9700 (RADV GFX1201)
tick 2293000 alive  1045998 genomes   50141 energy   193.9 births 48813882 deaths 48813865 (10720.6s) AMD Radeon AI PRO R9700 (RADV GFX1201)
tick 2294000 alive  1045989 genomes   49273 energy   194.6 births 48583334 deaths 48583343 (10725.2s) AMD Radeon AI PRO R9700 (RADV GFX1201)
tick 2295000 alive  1045966 genomes   49424 energy   194.5 births 48092945 deaths 48092968 (10729.9s) AMD Radeon AI PRO R9700 (RADV GFX1201)
tick 2296000 alive  1046020 genomes   49838 energy   194.2 births 48449213 deaths 48449159 (10734.6s) AMD Radeon AI PRO R9700 (RADV GFX1201)
tick 2297000 alive  1046229 genomes   49435 energy   194.2 births 48468696 deaths 48468487 (10739.3s) AMD Radeon AI PRO R9700 (RADV GFX1201)
tick 2298000 alive  1045983 genomes   49480 energy   194.1 births 48674319 deaths 48674565 (10743.9s) AMD Radeon AI PRO R9700 (RADV GFX1201)
tick 2299000 alive  1046109 genomes   49282 energy   194.8 births 48366660 deaths 48366534 (10748.6s) AMD Radeon AI PRO R9700 (RADV GFX1201)
tick 2300000 alive  1046061 genomes   49076 energy   194.7 births 48144594 deaths 48144642 (10753.2s) AMD Radeon AI PRO R9700 (RADV GFX1201)
tick 2301000 alive  1045978 genomes   48970 energy   195.1 births 48257023 deaths 48257106 (10757.9s) AMD Radeon AI PRO R9700 (RADV GFX1201)
tick 2302000 alive  1046092 genomes   48172 energy   195.4 births 47948190 deaths 47948076 (10762.5s) AMD Radeon AI PRO R9700 (RADV GFX1201)
tick 2303000 alive  1045970 genomes   49332 energy   194.8 births 47900713 deaths 47900835 (10767.2s) AMD Radeon AI PRO R9700 (RADV GFX1201)
tick 2304000 alive  1046076 genomes   48417 energy   195.3 births 47843981 deaths 47843875 (10771.8s) AMD Radeon AI PRO R9700 (RADV GFX1201)
tick 2305000 alive  1046093 genomes   48035 energy   195.3 births 47627316 deaths 47627299 (10776.4s) AMD Radeon AI PRO R9700 (RADV GFX1201)
tick 2306000 alive  1045953 genomes   48105 energy   195.6 births 47387215 deaths 47387355 (10781.1s) AMD Radeon AI PRO R9700 (RADV GFX1201)
tick 2307000 alive  1046072 genomes   47319 energy   195.9 births 47326336 deaths 47326217 (10785.7s) AMD Radeon AI PRO R9700 (RADV GFX1201)
tick 2308000 alive  1046003 genomes   47590 energy   195.6 births 47539160 deaths 47539229 (10790.4s) AMD Radeon AI PRO R9700 (RADV GFX1201)
tick 2309000 alive  1046019 genomes   49884 energy   194.5 births 48000403 deaths 48000387 (10795.0s) AMD Radeon AI PRO R9700 (RADV GFX1201)
tick 2310000 alive  1045961 genomes   51122 energy   193.6 births 48959321 deaths 48959379 (10799.7s) AMD Radeon AI PRO R9700 (RADV GFX1201)
tick 2311000 alive  1046047 genomes   49182 energy   194.7 births 48580093 deaths 48580007 (10804.3s) AMD Radeon AI PRO R9700 (RADV GFX1201)
tick 2312000 alive  1046014 genomes   48796 energy   195.0 births 48043970 deaths 48044003 (10809.0s) AMD Radeon AI PRO R9700 (RADV GFX1201)
tick 2313000 alive  1046013 genomes   47679 energy   195.4 births 47819352 deaths 47819353 (10813.6s) AMD Radeon AI PRO R9700 (RADV GFX1201)
tick 2314000 alive  1046027 genomes   49038 energy   194.2 births 47979845 deaths 47979831 (10818.8s) AMD Radeon AI PRO R9700 (RADV GFX1201)
tick 2315000 alive  1045982 genomes   48925 energy   194.6 births 48376239 deaths 48376284 (10823.4s) AMD Radeon AI PRO R9700 (RADV GFX1201)
tick 2316000 alive  1046042 genomes   48759 energy   194.4 births 48498130 deaths 48498070 (10828.1s) AMD Radeon AI PRO R9700 (RADV GFX1201)
tick 2317000 alive  1046031 genomes   47798 energy   195.6 births 47987186 deaths 47987197 (10832.8s) AMD Radeon AI PRO R9700 (RADV GFX1201)
tick 2318000 alive  1046066 genomes   47422 energy   195.3 births 47827986 deaths 47827951 (10837.5s) AMD Radeon AI PRO R9700 (RADV GFX1201)
tick 2319000 alive  1046042 genomes   47657 energy   195.0 births 47886901 deaths 47886925 (10842.4s) AMD Radeon AI PRO R9700 (RADV GFX1201)
tick 2320000 alive  1046001 genomes   47198 energy   195.4 births 47747888 deaths 47747929 (10847.1s) AMD Radeon AI PRO R9700 (RADV GFX1201)
tick 2321000 alive  1046006 genomes   48395 energy   194.7 births 47960263 deaths 47960258 (10851.8s) AMD Radeon AI PRO R9700 (RADV GFX1201)
tick 2322000 alive  1046035 genomes   48744 energy   194.6 births 48150096 deaths 48150067 (10856.5s) AMD Radeon AI PRO R9700 (RADV GFX1201)
tick 2323000 alive  1046071 genomes   48789 energy   194.2 births 48514469 deaths 48514433 (10861.2s) AMD Radeon AI PRO R9700 (RADV GFX1201)
tick 2324000 alive  1046091 genomes   48889 energy   194.7 births 48324389 deaths 48324369 (10866.0s) AMD Radeon AI PRO R9700 (RADV GFX1201)
tick 2325000 alive  1045995 genomes   48583 energy   194.8 births 48488475 deaths 48488571 (10870.6s) AMD Radeon AI PRO R9700 (RADV GFX1201)
tick 2326000 alive  1046032 genomes   47093 energy   195.6 births 47886217 deaths 47886180 (10875.3s) AMD Radeon AI PRO R9700 (RADV GFX1201)
tick 2327000 alive  1046080 genomes   46984 energy   195.6 births 47750423 deaths 47750375 (10880.0s) AMD Radeon AI PRO R9700 (RADV GFX1201)
tick 2328000 alive  1046035 genomes   47265 energy   195.5 births 47600295 deaths 47600340 (10884.6s) AMD Radeon AI PRO R9700 (RADV GFX1201)
tick 2329000 alive  1046121 genomes   47674 energy   195.4 births 47718105 deaths 47718019 (10889.4s) AMD Radeon AI PRO R9700 (RADV GFX1201)
tick 2330000 alive  1046137 genomes   47873 energy   195.1 births 47902286 deaths 47902270 (10894.0s) AMD Radeon AI PRO R9700 (RADV GFX1201)
tick 2331000 alive  1046135 genomes   48118 energy   194.7 births 48035875 deaths 48035877 (10898.7s) AMD Radeon AI PRO R9700 (RADV GFX1201)
tick 2332000 alive  1046063 genomes   49458 energy   193.8 births 48568761 deaths 48568833 (10903.3s) AMD Radeon AI PRO R9700 (RADV GFX1201)
tick 2333000 alive  1046006 genomes   48906 energy   194.7 births 48766085 deaths 48766142 (10908.0s) AMD Radeon AI PRO R9700 (RADV GFX1201)
tick 2334000 alive  1046047 genomes   48547 energy   194.3 births 48368353 deaths 48368312 (10912.7s) AMD Radeon AI PRO R9700 (RADV GFX1201)
tick 2335000 alive  1046039 genomes   49482 energy   194.0 births 48724388 deaths 48724396 (10917.4s) AMD Radeon AI PRO R9700 (RADV GFX1201)
tick 2336000 alive  1045969 genomes   49395 energy   194.2 births 48795186 deaths 48795256 (10922.0s) AMD Radeon AI PRO R9700 (RADV GFX1201)
tick 2337000 alive  1046039 genomes   48655 energy   194.8 births 48464441 deaths 48464371 (10926.8s) AMD Radeon AI PRO R9700 (RADV GFX1201)
tick 2338000 alive  1046076 genomes   48782 energy   194.7 births 48387920 deaths 48387883 (10931.5s) AMD Radeon AI PRO R9700 (RADV GFX1201)
tick 2339000 alive  1046078 genomes   48963 energy   194.2 births 48503936 deaths 48503934 (10936.1s) AMD Radeon AI PRO R9700 (RADV GFX1201)
tick 2340000 alive  1046066 genomes   49231 energy   194.1 births 48742897 deaths 48742909 (10940.8s) AMD Radeon AI PRO R9700 (RADV GFX1201)
tick 2341000 alive  1046043 genomes   49997 energy   193.8 births 49021060 deaths 49021083 (10945.5s) AMD Radeon AI PRO R9700 (RADV GFX1201)
tick 2342000 alive  1045981 genomes   49520 energy   194.0 births 49016288 deaths 49016350 (10950.1s) AMD Radeon AI PRO R9700 (RADV GFX1201)
tick 2343000 alive  1046034 genomes   48789 energy   194.8 births 48564264 deaths 48564211 (10954.7s) AMD Radeon AI PRO R9700 (RADV GFX1201)
tick 2344000 alive  1046092 genomes   48923 energy   194.7 births 48117672 deaths 48117614 (10959.4s) AMD Radeon AI PRO R9700 (RADV GFX1201)
tick 2345000 alive  1045983 genomes   50344 energy   193.5 births 48777687 deaths 48777796 (10964.0s) AMD Radeon AI PRO R9700 (RADV GFX1201)
tick 2346000 alive  1046128 genomes   49626 energy   194.0 births 48749786 deaths 48749641 (10968.7s) AMD Radeon AI PRO R9700 (RADV GFX1201)
tick 2347000 alive  1046029 genomes   50317 energy   193.7 births 49042066 deaths 49042165 (10973.3s) AMD Radeon AI PRO R9700 (RADV GFX1201)
tick 2348000 alive  1046006 genomes   50350 energy   193.5 births 49098223 deaths 49098246 (10978.0s) AMD Radeon AI PRO R9700 (RADV GFX1201)
tick 2349000 alive  1046060 genomes   49102 energy   194.2 births 48889039 deaths 48888985 (10982.6s) AMD Radeon AI PRO R9700 (RADV GFX1201)
tick 2350000 alive  1045944 genomes   48631 energy   194.5 births 48458620 deaths 48458736 (10987.2s) AMD Radeon AI PRO R9700 (RADV GFX1201)
tick 2351000 alive  1046118 genomes   48092 energy   195.8 births 47755568 deaths 47755394 (10991.8s) AMD Radeon AI PRO R9700 (RADV GFX1201)
tick 2352000 alive  1046062 genomes   48070 energy   194.9 births 47624596 deaths 47624652 (10996.5s) AMD Radeon AI PRO R9700 (RADV GFX1201)
tick 2353000 alive  1046018 genomes   50076 energy   194.0 births 48552341 deaths 48552385 (11001.2s) AMD Radeon AI PRO R9700 (RADV GFX1201)
tick 2354000 alive  1045989 genomes   48199 energy   195.1 births 48463949 deaths 48463978 (11005.9s) AMD Radeon AI PRO R9700 (RADV GFX1201)
tick 2355000 alive  1046134 genomes   48715 energy   194.5 births 48143090 deaths 48142945 (11010.6s) AMD Radeon AI PRO R9700 (RADV GFX1201)
tick 2356000 alive  1045979 genomes   50056 energy   193.7 births 48839897 deaths 48840052 (11015.3s) AMD Radeon AI PRO R9700 (RADV GFX1201)
tick 2357000 alive  1045945 genomes   49923 energy   193.9 births 48999140 deaths 48999174 (11020.1s) AMD Radeon AI PRO R9700 (RADV GFX1201)
tick 2358000 alive  1045920 genomes   49468 energy   193.8 births 48779875 deaths 48779900 (11024.7s) AMD Radeon AI PRO R9700 (RADV GFX1201)
tick 2359000 alive  1045982 genomes   49158 energy   194.1 births 48676796 deaths 48676734 (11029.4s) AMD Radeon AI PRO R9700 (RADV GFX1201)
tick 2360000 alive  1046204 genomes   49703 energy   193.9 births 48693263 deaths 48693041 (11034.1s) AMD Radeon AI PRO R9700 (RADV GFX1201)
tick 2361000 alive  1046081 genomes   49939 energy   193.5 births 48977587 deaths 48977710 (11038.7s) AMD Radeon AI PRO R9700 (RADV GFX1201)
tick 2362000 alive  1046082 genomes   48616 energy   194.2 births 49019720 deaths 49019719 (11043.4s) AMD Radeon AI PRO R9700 (RADV GFX1201)
tick 2363000 alive  1046015 genomes   48840 energy   194.6 births 48587827 deaths 48587894 (11048.0s) AMD Radeon AI PRO R9700 (RADV GFX1201)
tick 2364000 alive  1046035 genomes   48659 energy   194.9 births 48162614 deaths 48162594 (11052.7s) AMD Radeon AI PRO R9700 (RADV GFX1201)
tick 2365000 alive  1045995 genomes   48701 energy   194.7 births 48325662 deaths 48325702 (11057.4s) AMD Radeon AI PRO R9700 (RADV GFX1201)
tick 2366000 alive  1046012 genomes   49181 energy   194.5 births 48209741 deaths 48209724 (11062.1s) AMD Radeon AI PRO R9700 (RADV GFX1201)
tick 2367000 alive  1046062 genomes   47959 energy   195.3 births 47992279 deaths 47992229 (11066.7s) AMD Radeon AI PRO R9700 (RADV GFX1201)
tick 2368000 alive  1046058 genomes   48268 energy   194.7 births 48074780 deaths 48074784 (11071.4s) AMD Radeon AI PRO R9700 (RADV GFX1201)
tick 2369000 alive  1046071 genomes   48730 energy   194.6 births 48160080 deaths 48160067 (11076.0s) AMD Radeon AI PRO R9700 (RADV GFX1201)
tick 2370000 alive  1046080 genomes   48372 energy   194.8 births 48344923 deaths 48344914 (11080.7s) AMD Radeon AI PRO R9700 (RADV GFX1201)
tick 2371000 alive  1046043 genomes   49726 energy   194.3 births 48231879 deaths 48231916 (11085.3s) AMD Radeon AI PRO R9700 (RADV GFX1201)
tick 2372000 alive  1045990 genomes   49586 energy   194.1 births 48489462 deaths 48489515 (11089.9s) AMD Radeon AI PRO R9700 (RADV GFX1201)
tick 2373000 alive  1046078 genomes   49410 energy   193.9 births 48738773 deaths 48738685 (11094.6s) AMD Radeon AI PRO R9700 (RADV GFX1201)
tick 2374000 alive  1046137 genomes   48821 energy   194.4 births 48473393 deaths 48473334 (11099.3s) AMD Radeon AI PRO R9700 (RADV GFX1201)
tick 2375000 alive  1046013 genomes   48767 energy   194.1 births 48522895 deaths 48523019 (11103.9s) AMD Radeon AI PRO R9700 (RADV GFX1201)
tick 2376000 alive  1045994 genomes   48635 energy   194.7 births 48422130 deaths 48422149 (11108.7s) AMD Radeon AI PRO R9700 (RADV GFX1201)
tick 2377000 alive  1046079 genomes   48896 energy   194.3 births 48377842 deaths 48377757 (11113.4s) AMD Radeon AI PRO R9700 (RADV GFX1201)
tick 2378000 alive  1046017 genomes   49320 energy   194.3 births 48457176 deaths 48457238 (11118.1s) AMD Radeon AI PRO R9700 (RADV GFX1201)
tick 2379000 alive  1046038 genomes   50216 energy   193.5 births 48995601 deaths 48995580 (11122.7s) AMD Radeon AI PRO R9700 (RADV GFX1201)
tick 2380000 alive  1046095 genomes   49710 energy   194.3 births 49005269 deaths 49005212 (11127.5s) AMD Radeon AI PRO R9700 (RADV GFX1201)
tick 2381000 alive  1046034 genomes   49740 energy   194.3 births 48529097 deaths 48529158 (11132.1s) AMD Radeon AI PRO R9700 (RADV GFX1201)
tick 2382000 alive  1046056 genomes   49229 energy   194.3 births 48873451 deaths 48873429 (11136.8s) AMD Radeon AI PRO R9700 (RADV GFX1201)
tick 2383000 alive  1046018 genomes   48741 energy   195.0 births 48273129 deaths 48273167 (11141.5s) AMD Radeon AI PRO R9700 (RADV GFX1201)
tick 2384000 alive  1046062 genomes   48926 energy   194.8 births 48386367 deaths 48386323 (11146.3s) AMD Radeon AI PRO R9700 (RADV GFX1201)
tick 2385000 alive  1045970 genomes   49919 energy   193.8 births 48650248 deaths 48650340 (11151.0s) AMD Radeon AI PRO R9700 (RADV GFX1201)
tick 2386000 alive  1046070 genomes   49254 energy   194.3 births 48622754 deaths 48622654 (11155.7s) AMD Radeon AI PRO R9700 (RADV GFX1201)
tick 2387000 alive  1046064 genomes   49464 energy   194.2 births 48592917 deaths 48592923 (11160.3s) AMD Radeon AI PRO R9700 (RADV GFX1201)
tick 2388000 alive  1045966 genomes   49467 energy   193.9 births 48493693 deaths 48493791 (11165.0s) AMD Radeon AI PRO R9700 (RADV GFX1201)
tick 2389000 alive  1046077 genomes   48932 energy   194.5 births 48566964 deaths 48566853 (11169.7s) AMD Radeon AI PRO R9700 (RADV GFX1201)
tick 2390000 alive  1046048 genomes   50338 energy   193.4 births 48694374 deaths 48694403 (11174.4s) AMD Radeon AI PRO R9700 (RADV GFX1201)
tick 2391000 alive  1045970 genomes   51218 energy   193.0 births 49306061 deaths 49306139 (11179.1s) AMD Radeon AI PRO R9700 (RADV GFX1201)
tick 2392000 alive  1046015 genomes   50293 energy   193.7 births 49278715 deaths 49278670 (11183.8s) AMD Radeon AI PRO R9700 (RADV GFX1201)
tick 2393000 alive  1046078 genomes   49072 energy   194.6 births 48721646 deaths 48721583 (11188.4s) AMD Radeon AI PRO R9700 (RADV GFX1201)
tick 2394000 alive  1046045 genomes   49519 energy   194.4 births 48553992 deaths 48554025 (11193.1s) AMD Radeon AI PRO R9700 (RADV GFX1201)
tick 2395000 alive  1046041 genomes   49852 energy   194.8 births 48464149 deaths 48464153 (11197.8s) AMD Radeon AI PRO R9700 (RADV GFX1201)
tick 2396000 alive  1046009 genomes   50647 energy   193.9 births 48612578 deaths 48612610 (11202.4s) AMD Radeon AI PRO R9700 (RADV GFX1201)
tick 2397000 alive  1045989 genomes   51248 energy   193.4 births 49078134 deaths 49078154 (11207.0s) AMD Radeon AI PRO R9700 (RADV GFX1201)
tick 2398000 alive  1045935 genomes   50863 energy   193.8 births 49174932 deaths 49174986 (11211.7s) AMD Radeon AI PRO R9700 (RADV GFX1201)
tick 2399000 alive  1045989 genomes   49348 energy   194.5 births 48560727 deaths 48560673 (11216.3s) AMD Radeon AI PRO R9700 (RADV GFX1201)
tick 2400000 alive  1045975 genomes   50297 energy   194.2 births 48616327 deaths 48616341 (11221.0s) AMD Radeon AI PRO R9700 (RADV GFX1201)
tick 2401000 alive  1046025 genomes   49582 energy   194.9 births 48621261 deaths 48621211 (11225.6s) AMD Radeon AI PRO R9700 (RADV GFX1201)
tick 2402000 alive  1046092 genomes   49280 energy   194.6 births 48172973 deaths 48172906 (11230.3s) AMD Radeon AI PRO R9700 (RADV GFX1201)
tick 2403000 alive  1046072 genomes   49790 energy   194.6 births 48053251 deaths 48053271 (11235.0s) AMD Radeon AI PRO R9700 (RADV GFX1201)
tick 2404000 alive  1046000 genomes   49446 energy   194.5 births 48310611 deaths 48310683 (11239.7s) AMD Radeon AI PRO R9700 (RADV GFX1201)
tick 2405000 alive  1046055 genomes   50360 energy   193.8 births 48531150 deaths 48531095 (11244.4s) AMD Radeon AI PRO R9700 (RADV GFX1201)
tick 2406000 alive  1046035 genomes   50345 energy   193.8 births 48748333 deaths 48748353 (11249.0s) AMD Radeon AI PRO R9700 (RADV GFX1201)
tick 2407000 alive  1045978 genomes   48846 energy   195.3 births 48850459 deaths 48850516 (11253.7s) AMD Radeon AI PRO R9700 (RADV GFX1201)
tick 2408000 alive  1046072 genomes   49613 energy   194.8 births 48040472 deaths 48040378 (11258.5s) AMD Radeon AI PRO R9700 (RADV GFX1201)
tick 2409000 alive  1046020 genomes   49158 energy   195.3 births 48067793 deaths 48067845 (11263.3s) AMD Radeon AI PRO R9700 (RADV GFX1201)
tick 2410000 alive  1046024 genomes   49765 energy   194.3 births 48293774 deaths 48293770 (11268.0s) AMD Radeon AI PRO R9700 (RADV GFX1201)
tick 2411000 alive  1045976 genomes   49737 energy   194.7 births 48403773 deaths 48403821 (11272.6s) AMD Radeon AI PRO R9700 (RADV GFX1201)
tick 2412000 alive  1046062 genomes   49048 energy   194.8 births 48137499 deaths 48137413 (11277.3s) AMD Radeon AI PRO R9700 (RADV GFX1201)
tick 2413000 alive  1046063 genomes   48653 energy   195.3 births 47833510 deaths 47833509 (11281.9s) AMD Radeon AI PRO R9700 (RADV GFX1201)
tick 2414000 alive  1045990 genomes   47512 energy   196.0 births 47272349 deaths 47272422 (11286.5s) AMD Radeon AI PRO R9700 (RADV GFX1201)
tick 2415000 alive  1046054 genomes   48116 energy   195.9 births 46978509 deaths 46978445 (11291.1s) AMD Radeon AI PRO R9700 (RADV GFX1201)
tick 2416000 alive  1045992 genomes   48266 energy   195.3 births 47414233 deaths 47414295 (11295.8s) AMD Radeon AI PRO R9700 (RADV GFX1201)
tick 2417000 alive  1046030 genomes   48770 energy   195.0 births 47945405 deaths 47945367 (11300.4s) AMD Radeon AI PRO R9700 (RADV GFX1201)
tick 2418000 alive  1046051 genomes   47807 energy   195.2 births 47737377 deaths 47737356 (11305.1s) AMD Radeon AI PRO R9700 (RADV GFX1201)
tick 2419000 alive  1046067 genomes   48162 energy   195.0 births 47995014 deaths 47994998 (11309.7s) AMD Radeon AI PRO R9700 (RADV GFX1201)
tick 2420000 alive  1046105 genomes   48623 energy   194.7 births 47947240 deaths 47947202 (11314.4s) AMD Radeon AI PRO R9700 (RADV GFX1201)
tick 2421000 alive  1046082 genomes   48347 energy   195.3 births 47896739 deaths 47896762 (11319.1s) AMD Radeon AI PRO R9700 (RADV GFX1201)
tick 2422000 alive  1046007 genomes   49122 energy   194.7 births 48028443 deaths 48028518 (11323.7s) AMD Radeon AI PRO R9700 (RADV GFX1201)
tick 2423000 alive  1046048 genomes   48457 energy   195.3 births 48024653 deaths 48024612 (11328.4s) AMD Radeon AI PRO R9700 (RADV GFX1201)
tick 2424000 alive  1045985 genomes   48348 energy   195.1 births 47718799 deaths 47718862 (11333.0s) AMD Radeon AI PRO R9700 (RADV GFX1201)
tick 2425000 alive  1046110 genomes   47994 energy   195.6 births 47509061 deaths 47508936 (11337.7s) AMD Radeon AI PRO R9700 (RADV GFX1201)
tick 2426000 alive  1046047 genomes   48660 energy   195.1 births 47473257 deaths 47473320 (11342.4s) AMD Radeon AI PRO R9700 (RADV GFX1201)
tick 2427000 alive  1046123 genomes   48793 energy   195.0 births 47845351 deaths 47845275 (11347.0s) AMD Radeon AI PRO R9700 (RADV GFX1201)
tick 2428000 alive  1046078 genomes   47884 energy   195.5 births 47666227 deaths 47666272 (11351.6s) AMD Radeon AI PRO R9700 (RADV GFX1201)
tick 2429000 alive  1046171 genomes   48964 energy   194.9 births 47625482 deaths 47625389 (11356.3s) AMD Radeon AI PRO R9700 (RADV GFX1201)
tick 2430000 alive  1045993 genomes   49304 energy   194.7 births 48068883 deaths 48069061 (11361.0s) AMD Radeon AI PRO R9700 (RADV GFX1201)
tick 2431000 alive  1045974 genomes   47746 energy   195.5 births 47859577 deaths 47859596 (11365.6s) AMD Radeon AI PRO R9700 (RADV GFX1201)
tick 2432000 alive  1046147 genomes   48392 energy   195.5 births 47682428 deaths 47682255 (11370.3s) AMD Radeon AI PRO R9700 (RADV GFX1201)
tick 2433000 alive  1046060 genomes   49570 energy   194.3 births 48340494 deaths 48340581 (11374.9s) AMD Radeon AI PRO R9700 (RADV GFX1201)
tick 2434000 alive  1046011 genomes   48149 energy   195.2 births 47968995 deaths 47969044 (11379.6s) AMD Radeon AI PRO R9700 (RADV GFX1201)
tick 2435000 alive  1046015 genomes   48203 energy   195.2 births 47870440 deaths 47870436 (11384.2s) AMD Radeon AI PRO R9700 (RADV GFX1201)
tick 2436000 alive  1045987 genomes   48426 energy   194.6 births 48307626 deaths 48307654 (11388.9s) AMD Radeon AI PRO R9700 (RADV GFX1201)
tick 2437000 alive  1046064 genomes   48315 energy   195.3 births 48074072 deaths 48073995 (11393.5s) AMD Radeon AI PRO R9700 (RADV GFX1201)
tick 2438000 alive  1046022 genomes   48467 energy   195.0 births 48122291 deaths 48122333 (11398.2s) AMD Radeon AI PRO R9700 (RADV GFX1201)
tick 2439000 alive  1046017 genomes   48997 energy   194.5 births 47999874 deaths 47999879 (11402.9s) AMD Radeon AI PRO R9700 (RADV GFX1201)
tick 2440000 alive  1046051 genomes   50156 energy   193.8 births 48491724 deaths 48491690 (11407.6s) AMD Radeon AI PRO R9700 (RADV GFX1201)
tick 2441000 alive  1046008 genomes   49572 energy   194.3 births 48701045 deaths 48701088 (11412.3s) AMD Radeon AI PRO R9700 (RADV GFX1201)
tick 2442000 alive  1046091 genomes   49321 energy   195.0 births 48501119 deaths 48501036 (11417.0s) AMD Radeon AI PRO R9700 (RADV GFX1201)
tick 2443000 alive  1046036 genomes   48040 energy   195.1 births 48043930 deaths 48043985 (11421.6s) AMD Radeon AI PRO R9700 (RADV GFX1201)
tick 2444000 alive  1046077 genomes   49583 energy   194.2 births 48300395 deaths 48300354 (11426.3s) AMD Radeon AI PRO R9700 (RADV GFX1201)
tick 2445000 alive  1046111 genomes   48970 energy   195.1 births 48366108 deaths 48366074 (11431.0s) AMD Radeon AI PRO R9700 (RADV GFX1201)
tick 2446000 alive  1046030 genomes   48316 energy   195.5 births 47639598 deaths 47639679 (11435.7s) AMD Radeon AI PRO R9700 (RADV GFX1201)
tick 2447000 alive  1046110 genomes   51002 energy   194.3 births 48381034 deaths 48380954 (11440.4s) AMD Radeon AI PRO R9700 (RADV GFX1201)
tick 2448000 alive  1046044 genomes   49734 energy   195.1 births 48615522 deaths 48615588 (11445.1s) AMD Radeon AI PRO R9700 (RADV GFX1201)
tick 2449000 alive  1045993 genomes   49843 energy   194.7 births 48278114 deaths 48278165 (11449.7s) AMD Radeon AI PRO R9700 (RADV GFX1201)
tick 2450000 alive  1046043 genomes   48846 energy   195.0 births 48083041 deaths 48082991 (11454.4s) AMD Radeon AI PRO R9700 (RADV GFX1201)
tick 2451000 alive  1045977 genomes   48645 energy   195.4 births 47976616 deaths 47976682 (11459.7s) AMD Radeon AI PRO R9700 (RADV GFX1201)
tick 2452000 alive  1046000 genomes   47658 energy   195.7 births 47584360 deaths 47584337 (11464.3s) AMD Radeon AI PRO R9700 (RADV GFX1201)
tick 2453000 alive  1046018 genomes   47195 energy   196.0 births 47203185 deaths 47203167 (11469.0s) AMD Radeon AI PRO R9700 (RADV GFX1201)
tick 2454000 alive  1046013 genomes   47628 energy   195.8 births 47272760 deaths 47272765 (11473.7s) AMD Radeon AI PRO R9700 (RADV GFX1201)
tick 2455000 alive  1046131 genomes   48324 energy   194.8 births 47787970 deaths 47787852 (11478.3s) AMD Radeon AI PRO R9700 (RADV GFX1201)
tick 2456000 alive  1046080 genomes   49178 energy   194.6 births 48149203 deaths 48149254 (11483.0s) AMD Radeon AI PRO R9700 (RADV GFX1201)
tick 2457000 alive  1046038 genomes   49730 energy   194.4 births 48396763 deaths 48396805 (11487.6s) AMD Radeon AI PRO R9700 (RADV GFX1201)
tick 2458000 alive  1045959 genomes   50050 energy   194.0 births 48467460 deaths 48467539 (11492.3s) AMD Radeon AI PRO R9700 (RADV GFX1201)
tick 2459000 alive  1046005 genomes   49781 energy   194.0 births 48288285 deaths 48288239 (11496.9s) AMD Radeon AI PRO R9700 (RADV GFX1201)
tick 2460000 alive  1046125 genomes   49262 energy   194.5 births 48417533 deaths 48417413 (11501.6s) AMD Radeon AI PRO R9700 (RADV GFX1201)
tick 2461000 alive  1046021 genomes   49797 energy   194.0 births 48551022 deaths 48551126 (11506.2s) AMD Radeon AI PRO R9700 (RADV GFX1201)
tick 2462000 alive  1046005 genomes   49734 energy   194.4 births 48663910 deaths 48663926 (11511.0s) AMD Radeon AI PRO R9700 (RADV GFX1201)
tick 2463000 alive  1046106 genomes   50992 energy   193.3 births 49063974 deaths 49063873 (11515.5s) AMD Radeon AI PRO R9700 (RADV GFX1201)
tick 2464000 alive  1046014 genomes   50990 energy   193.6 births 49045591 deaths 49045683 (11520.2s) AMD Radeon AI PRO R9700 (RADV GFX1201)
tick 2465000 alive  1046056 genomes   49715 energy   194.6 births 48763725 deaths 48763683 (11524.8s) AMD Radeon AI PRO R9700 (RADV GFX1201)
tick 2466000 alive  1046030 genomes   50733 energy   194.0 births 48457014 deaths 48457040 (11529.5s) AMD Radeon AI PRO R9700 (RADV GFX1201)
tick 2467000 alive  1046030 genomes   50560 energy   193.9 births 48653714 deaths 48653714 (11534.2s) AMD Radeon AI PRO R9700 (RADV GFX1201)
tick 2468000 alive  1046012 genomes   49363 energy   194.3 births 48721248 deaths 48721266 (11538.9s) AMD Radeon AI PRO R9700 (RADV GFX1201)
tick 2469000 alive  1046085 genomes   49302 energy   194.1 births 48620223 deaths 48620150 (11543.6s) AMD Radeon AI PRO R9700 (RADV GFX1201)
tick 2470000 alive  1046080 genomes   49620 energy   194.0 births 48517494 deaths 48517499 (11548.2s) AMD Radeon AI PRO R9700 (RADV GFX1201)
tick 2471000 alive  1046141 genomes   49617 energy   194.3 births 48550605 deaths 48550544 (11552.8s) AMD Radeon AI PRO R9700 (RADV GFX1201)
tick 2472000 alive  1046018 genomes   49933 energy   193.9 births 48744668 deaths 48744791 (11557.5s) AMD Radeon AI PRO R9700 (RADV GFX1201)
tick 2473000 alive  1046063 genomes   49392 energy   194.4 births 48585305 deaths 48585260 (11562.1s) AMD Radeon AI PRO R9700 (RADV GFX1201)
tick 2474000 alive  1046100 genomes   48611 energy   195.0 births 48372622 deaths 48372585 (11566.8s) AMD Radeon AI PRO R9700 (RADV GFX1201)
tick 2475000 alive  1046025 genomes   48466 energy   195.0 births 47866682 deaths 47866757 (11571.4s) AMD Radeon AI PRO R9700 (RADV GFX1201)
tick 2476000 alive  1045950 genomes   49181 energy   194.7 births 48156946 deaths 48157021 (11576.1s) AMD Radeon AI PRO R9700 (RADV GFX1201)
tick 2477000 alive  1045970 genomes   49904 energy   194.2 births 48352317 deaths 48352297 (11580.7s) AMD Radeon AI PRO R9700 (RADV GFX1201)
tick 2478000 alive  1046015 genomes   50703 energy   193.5 births 48730439 deaths 48730394 (11585.4s) AMD Radeon AI PRO R9700 (RADV GFX1201)
tick 2479000 alive  1046053 genomes   50506 energy   193.4 births 49053889 deaths 49053851 (11590.1s) AMD Radeon AI PRO R9700 (RADV GFX1201)
tick 2480000 alive  1045995 genomes   50339 energy   193.5 births 49022446 deaths 49022504 (11594.7s) AMD Radeon AI PRO R9700 (RADV GFX1201)
tick 2481000 alive  1046014 genomes   50894 energy   192.9 births 49466303 deaths 49466284 (11599.5s) AMD Radeon AI PRO R9700 (RADV GFX1201)
tick 2482000 alive  1046014 genomes   50936 energy   193.3 births 49476091 deaths 49476091 (11604.2s) AMD Radeon AI PRO R9700 (RADV GFX1201)
tick 2483000 alive  1046053 genomes   50148 energy   194.0 births 49497411 deaths 49497372 (11608.8s) AMD Radeon AI PRO R9700 (RADV GFX1201)
tick 2484000 alive  1046075 genomes   49203 energy   194.4 births 48785966 deaths 48785944 (11613.5s) AMD Radeon AI PRO R9700 (RADV GFX1201)
tick 2485000 alive  1046175 genomes   49023 energy   194.5 births 48667920 deaths 48667820 (11618.1s) AMD Radeon AI PRO R9700 (RADV GFX1201)
tick 2486000 alive  1045957 genomes   49934 energy   193.6 births 48810519 deaths 48810737 (11623.1s) AMD Radeon AI PRO R9700 (RADV GFX1201)
tick 2487000 alive  1046022 genomes   50179 energy   193.7 births 48983790 deaths 48983725 (11627.7s) AMD Radeon AI PRO R9700 (RADV GFX1201)
tick 2488000 alive  1046097 genomes   50507 energy   193.4 births 49014968 deaths 49014893 (11632.3s) AMD Radeon AI PRO R9700 (RADV GFX1201)
tick 2489000 alive  1046000 genomes   51333 energy   193.2 births 49311488 deaths 49311585 (11637.0s) AMD Radeon AI PRO R9700 (RADV GFX1201)
tick 2490000 alive  1045963 genomes   51093 energy   193.6 births 49298910 deaths 49298947 (11641.6s) AMD Radeon AI PRO R9700 (RADV GFX1201)
tick 2491000 alive  1046064 genomes   50445 energy   193.8 births 49172095 deaths 49171994 (11646.2s) AMD Radeon AI PRO R9700 (RADV GFX1201)
tick 2492000 alive  1045978 genomes   52134 energy   192.9 births 49262217 deaths 49262303 (11650.8s) AMD Radeon AI PRO R9700 (RADV GFX1201)
tick 2493000 alive  1045990 genomes   51299 energy   193.7 births 49112790 deaths 49112778 (11655.5s) AMD Radeon AI PRO R9700 (RADV GFX1201)
tick 2494000 alive  1046100 genomes   50665 energy   193.8 births 49131996 deaths 49131886 (11660.1s) AMD Radeon AI PRO R9700 (RADV GFX1201)
tick 2495000 alive  1046032 genomes   51530 energy   193.6 births 49238952 deaths 49239020 (11664.7s) AMD Radeon AI PRO R9700 (RADV GFX1201)
tick 2496000 alive  1045964 genomes   50345 energy   194.2 births 49003345 deaths 49003413 (11669.4s) AMD Radeon AI PRO R9700 (RADV GFX1201)
tick 2497000 alive  1046022 genomes   49191 energy   195.3 births 48485774 deaths 48485716 (11674.0s) AMD Radeon AI PRO R9700 (RADV GFX1201)
tick 2498000 alive  1045992 genomes   49518 energy   194.6 births 48165086 deaths 48165116 (11678.6s) AMD Radeon AI PRO R9700 (RADV GFX1201)
tick 2499000 alive  1046041 genomes   49087 energy   194.9 births 48286930 deaths 48286881 (11683.3s) AMD Radeon AI PRO R9700 (RADV GFX1201)
tick 2500000 alive  1045994 genomes   49836 energy   194.4 births 48178310 deaths 48178357 (11687.9s) AMD Radeon AI PRO R9700 (RADV GFX1201)
tick 2501000 alive  1045948 genomes   49481 energy   194.5 births 48733508 deaths 48733554 (11692.6s) AMD Radeon AI PRO R9700 (RADV GFX1201)
tick 2502000 alive  1046044 genomes   50570 energy   193.7 births 49035839 deaths 49035743 (11697.2s) AMD Radeon AI PRO R9700 (RADV GFX1201)
tick 2503000 alive  1046010 genomes   52020 energy   193.1 births 49348997 deaths 49349031 (11701.9s) AMD Radeon AI PRO R9700 (RADV GFX1201)
tick 2504000 alive  1046056 genomes   51114 energy   193.9 births 49427708 deaths 49427662 (11706.5s) AMD Radeon AI PRO R9700 (RADV GFX1201)
tick 2505000 alive  1046064 genomes   50988 energy   193.5 births 49147276 deaths 49147268 (11711.2s) AMD Radeon AI PRO R9700 (RADV GFX1201)
tick 2506000 alive  1046021 genomes   51698 energy   193.4 births 49129625 deaths 49129668 (11715.8s) AMD Radeon AI PRO R9700 (RADV GFX1201)
tick 2507000 alive  1046048 genomes   50143 energy   194.1 births 48861791 deaths 48861764 (11720.4s) AMD Radeon AI PRO R9700 (RADV GFX1201)
tick 2508000 alive  1046069 genomes   49933 energy   194.5 births 48715199 deaths 48715178 (11725.2s) AMD Radeon AI PRO R9700 (RADV GFX1201)
tick 2509000 alive  1046018 genomes   50399 energy   194.2 births 48610309 deaths 48610360 (11729.9s) AMD Radeon AI PRO R9700 (RADV GFX1201)
tick 2510000 alive  1046045 genomes   49740 energy   194.6 births 48898956 deaths 48898929 (11734.5s) AMD Radeon AI PRO R9700 (RADV GFX1201)
tick 2511000 alive  1045992 genomes   49820 energy   194.2 births 48510155 deaths 48510208 (11739.4s) AMD Radeon AI PRO R9700 (RADV GFX1201)
tick 2512000 alive  1046145 genomes   49960 energy   194.7 births 48489925 deaths 48489772 (11744.0s) AMD Radeon AI PRO R9700 (RADV GFX1201)
tick 2513000 alive  1046106 genomes   49883 energy   194.5 births 48205864 deaths 48205903 (11748.6s) AMD Radeon AI PRO R9700 (RADV GFX1201)
tick 2514000 alive  1046090 genomes   50444 energy   194.3 births 48363619 deaths 48363635 (11753.7s) AMD Radeon AI PRO R9700 (RADV GFX1201)
tick 2515000 alive  1046066 genomes   50892 energy   194.2 births 48847894 deaths 48847918 (11758.3s) AMD Radeon AI PRO R9700 (RADV GFX1201)
tick 2516000 alive  1046080 genomes   51241 energy   194.1 births 48918614 deaths 48918600 (11763.0s) AMD Radeon AI PRO R9700 (RADV GFX1201)
tick 2517000 alive  1046000 genomes   50703 energy   194.1 births 48715419 deaths 48715499 (11767.6s) AMD Radeon AI PRO R9700 (RADV GFX1201)
tick 2518000 alive  1045922 genomes   50686 energy   194.1 births 48785584 deaths 48785662 (11772.2s) AMD Radeon AI PRO R9700 (RADV GFX1201)
tick 2519000 alive  1046018 genomes   49642 energy   194.3 births 48777548 deaths 48777452 (11776.9s) AMD Radeon AI PRO R9700 (RADV GFX1201)
tick 2520000 alive  1046069 genomes   49550 energy   194.5 births 48353988 deaths 48353937 (11781.5s) AMD Radeon AI PRO R9700 (RADV GFX1201)
tick 2521000 alive  1046019 genomes   50089 energy   194.5 births 48284427 deaths 48284477 (11786.2s) AMD Radeon AI PRO R9700 (RADV GFX1201)
tick 2522000 alive  1046013 genomes   49421 energy   194.7 births 48535281 deaths 48535287 (11790.8s) AMD Radeon AI PRO R9700 (RADV GFX1201)
tick 2523000 alive  1046055 genomes   49417 energy   194.5 births 48402332 deaths 48402290 (11795.5s) AMD Radeon AI PRO R9700 (RADV GFX1201)
tick 2524000 alive  1046075 genomes   49782 energy   194.0 births 48530016 deaths 48529996 (11800.3s) AMD Radeon AI PRO R9700 (RADV GFX1201)
tick 2525000 alive  1046082 genomes   50808 energy   193.7 births 48854713 deaths 48854706 (11804.9s) AMD Radeon AI PRO R9700 (RADV GFX1201)
tick 2526000 alive  1046053 genomes   50303 energy   194.1 births 48756130 deaths 48756159 (11809.5s) AMD Radeon AI PRO R9700 (RADV GFX1201)
tick 2527000 alive  1046066 genomes   49480 energy   194.3 births 48635833 deaths 48635820 (11814.2s) AMD Radeon AI PRO R9700 (RADV GFX1201)
tick 2528000 alive  1046000 genomes   49656 energy   194.6 births 48650342 deaths 48650408 (11819.6s) AMD Radeon AI PRO R9700 (RADV GFX1201)
tick 2529000 alive  1046020 genomes   49194 energy   194.8 births 48400024 deaths 48400004 (11824.3s) AMD Radeon AI PRO R9700 (RADV GFX1201)
tick 2530000 alive  1046010 genomes   49475 energy   194.6 births 48220331 deaths 48220341 (11828.9s) AMD Radeon AI PRO R9700 (RADV GFX1201)
tick 2531000 alive  1046065 genomes   48992 energy   194.9 births 48069619 deaths 48069564 (11833.7s) AMD Radeon AI PRO R9700 (RADV GFX1201)
tick 2532000 alive  1046097 genomes   48979 energy   194.8 births 48212404 deaths 48212372 (11838.4s) AMD Radeon AI PRO R9700 (RADV GFX1201)
tick 2533000 alive  1045924 genomes   50513 energy   193.4 births 48761077 deaths 48761250 (11843.8s) AMD Radeon AI PRO R9700 (RADV GFX1201)
tick 2534000 alive  1046100 genomes   49885 energy   194.3 births 48756721 deaths 48756545 (11848.4s) AMD Radeon AI PRO R9700 (RADV GFX1201)
tick 2535000 alive  1046058 genomes   49885 energy   194.1 births 48764087 deaths 48764129 (11853.5s) AMD Radeon AI PRO R9700 (RADV GFX1201)
tick 2536000 alive  1046114 genomes   48932 energy   195.1 births 48279727 deaths 48279671 (11858.2s) AMD Radeon AI PRO R9700 (RADV GFX1201)
tick 2537000 alive  1046031 genomes   49506 energy   194.5 births 48264721 deaths 48264804 (11862.9s) AMD Radeon AI PRO R9700 (RADV GFX1201)
tick 2538000 alive  1046051 genomes   49814 energy   194.2 births 48602301 deaths 48602281 (11867.5s) AMD Radeon AI PRO R9700 (RADV GFX1201)
tick 2539000 alive  1046075 genomes   49716 energy   194.0 births 48736892 deaths 48736868 (11872.2s) AMD Radeon AI PRO R9700 (RADV GFX1201)
tick 2540000 alive  1046105 genomes   49703 energy   194.0 births 48907727 deaths 48907697 (11876.9s) AMD Radeon AI PRO R9700 (RADV GFX1201)
tick 2541000 alive  1046043 genomes   48176 energy   195.0 births 48349847 deaths 48349909 (11881.6s) AMD Radeon AI PRO R9700 (RADV GFX1201)
tick 2542000 alive  1046032 genomes   48689 energy   194.8 births 48056102 deaths 48056113 (11886.3s) AMD Radeon AI PRO R9700 (RADV GFX1201)
tick 2543000 alive  1046000 genomes   48385 energy   194.9 births 48005163 deaths 48005195 (11891.0s) AMD Radeon AI PRO R9700 (RADV GFX1201)
tick 2544000 alive  1045991 genomes   50060 energy   194.1 births 48260185 deaths 48260194 (11895.8s) AMD Radeon AI PRO R9700 (RADV GFX1201)
tick 2545000 alive  1046049 genomes   50081 energy   193.8 births 48911901 deaths 48911843 (11900.5s) AMD Radeon AI PRO R9700 (RADV GFX1201)
tick 2546000 alive  1046091 genomes   49705 energy   194.1 births 48805640 deaths 48805598 (11905.2s) AMD Radeon AI PRO R9700 (RADV GFX1201)
tick 2547000 alive  1046116 genomes   50578 energy   193.3 births 48812891 deaths 48812866 (11909.8s) AMD Radeon AI PRO R9700 (RADV GFX1201)
tick 2548000 alive  1046070 genomes   51650 energy   193.4 births 49274842 deaths 49274888 (11914.5s) AMD Radeon AI PRO R9700 (RADV GFX1201)
tick 2549000 alive  1046043 genomes   50706 energy   193.3 births 49264665 deaths 49264692 (11919.9s) AMD Radeon AI PRO R9700 (RADV GFX1201)
tick 2550000 alive  1045967 genomes   51682 energy   193.3 births 49338108 deaths 49338184 (11924.6s) AMD Radeon AI PRO R9700 (RADV GFX1201)
tick 2551000 alive  1046049 genomes   50409 energy   193.4 births 49265384 deaths 49265302 (11929.2s) AMD Radeon AI PRO R9700 (RADV GFX1201)
tick 2552000 alive  1046018 genomes   49895 energy   193.9 births 48895606 deaths 48895637 (11933.9s) AMD Radeon AI PRO R9700 (RADV GFX1201)
tick 2553000 alive  1046040 genomes   50455 energy   193.8 births 48870280 deaths 48870258 (11938.7s) AMD Radeon AI PRO R9700 (RADV GFX1201)
tick 2554000 alive  1046107 genomes   49674 energy   194.4 births 48648379 deaths 48648312 (11943.5s) AMD Radeon AI PRO R9700 (RADV GFX1201)
tick 2555000 alive  1046026 genomes   49225 energy   194.3 births 48211876 deaths 48211957 (11948.1s) AMD Radeon AI PRO R9700 (RADV GFX1201)
tick 2556000 alive  1045932 genomes   48854 energy   194.7 births 48027825 deaths 48027919 (11952.8s) AMD Radeon AI PRO R9700 (RADV GFX1201)
tick 2557000 alive  1046083 genomes   49223 energy   194.6 births 48247761 deaths 48247610 (11957.4s) AMD Radeon AI PRO R9700 (RADV GFX1201)
tick 2558000 alive  1046104 genomes   49948 energy   194.0 births 48206141 deaths 48206120 (11962.2s) AMD Radeon AI PRO R9700 (RADV GFX1201)
tick 2559000 alive  1046064 genomes   51690 energy   193.3 births 49300969 deaths 49301009 (11966.9s) AMD Radeon AI PRO R9700 (RADV GFX1201)
tick 2560000 alive  1046048 genomes   50918 energy   193.7 births 49569423 deaths 49569439 (11971.6s) AMD Radeon AI PRO R9700 (RADV GFX1201)
tick 2561000 alive  1046054 genomes   49557 energy   194.5 births 48653269 deaths 48653263 (11976.2s) AMD Radeon AI PRO R9700 (RADV GFX1201)
tick 2562000 alive  1046030 genomes   49088 energy   194.1 births 48391457 deaths 48391481 (11980.9s) AMD Radeon AI PRO R9700 (RADV GFX1201)
tick 2563000 alive  1046051 genomes   49391 energy   194.7 births 48462579 deaths 48462558 (11985.5s) AMD Radeon AI PRO R9700 (RADV GFX1201)
tick 2564000 alive  1046066 genomes   47351 energy   195.9 births 47740797 deaths 47740782 (11990.2s) AMD Radeon AI PRO R9700 (RADV GFX1201)
tick 2565000 alive  1046117 genomes   48530 energy   194.9 births 47793973 deaths 47793922 (11994.8s) AMD Radeon AI PRO R9700 (RADV GFX1201)
tick 2566000 alive  1046024 genomes   49443 energy   194.5 births 48465284 deaths 48465377 (12000.2s) AMD Radeon AI PRO R9700 (RADV GFX1201)
tick 2567000 alive  1046017 genomes   50441 energy   194.1 births 48494815 deaths 48494822 (12004.8s) AMD Radeon AI PRO R9700 (RADV GFX1201)
tick 2568000 alive  1046027 genomes   49599 energy   194.4 births 48458430 deaths 48458420 (12009.5s) AMD Radeon AI PRO R9700 (RADV GFX1201)
tick 2569000 alive  1046074 genomes   50370 energy   194.1 births 48751001 deaths 48750954 (12014.1s) AMD Radeon AI PRO R9700 (RADV GFX1201)
tick 2570000 alive  1046082 genomes   51147 energy   193.5 births 48994783 deaths 48994775 (12018.7s) AMD Radeon AI PRO R9700 (RADV GFX1201)
tick 2571000 alive  1046077 genomes   49856 energy   194.3 births 49141105 deaths 49141110 (12023.3s) AMD Radeon AI PRO R9700 (RADV GFX1201)
tick 2572000 alive  1046033 genomes   49612 energy   194.1 births 48600976 deaths 48601020 (12028.0s) AMD Radeon AI PRO R9700 (RADV GFX1201)
tick 2573000 alive  1046069 genomes   49819 energy   193.8 births 48633098 deaths 48633062 (12032.6s) AMD Radeon AI PRO R9700 (RADV GFX1201)
tick 2574000 alive  1046089 genomes   50306 energy   193.9 births 48875027 deaths 48875007 (12037.3s) AMD Radeon AI PRO R9700 (RADV GFX1201)
tick 2575000 alive  1046009 genomes   50172 energy   194.0 births 49061898 deaths 49061978 (12041.9s) AMD Radeon AI PRO R9700 (RADV GFX1201)
tick 2576000 alive  1046108 genomes   50107 energy   193.8 births 48634861 deaths 48634762 (12046.6s) AMD Radeon AI PRO R9700 (RADV GFX1201)
tick 2577000 alive  1046010 genomes   50110 energy   193.7 births 49015754 deaths 49015852 (12051.4s) AMD Radeon AI PRO R9700 (RADV GFX1201)
tick 2578000 alive  1046064 genomes   49406 energy   194.4 births 48859867 deaths 48859813 (12056.1s) AMD Radeon AI PRO R9700 (RADV GFX1201)
tick 2579000 alive  1046082 genomes   48343 energy   195.2 births 48143881 deaths 48143863 (12060.6s) AMD Radeon AI PRO R9700 (RADV GFX1201)
tick 2580000 alive  1046020 genomes   50346 energy   193.5 births 48537840 deaths 48537902 (12065.3s) AMD Radeon AI PRO R9700 (RADV GFX1201)
tick 2581000 alive  1046079 genomes   51015 energy   193.5 births 49092651 deaths 49092592 (12069.9s) AMD Radeon AI PRO R9700 (RADV GFX1201)
tick 2582000 alive  1046038 genomes   49773 energy   194.0 births 49069831 deaths 49069872 (12074.5s) AMD Radeon AI PRO R9700 (RADV GFX1201)
tick 2583000 alive  1046103 genomes   49002 energy   194.9 births 48675500 deaths 48675435 (12079.1s) AMD Radeon AI PRO R9700 (RADV GFX1201)
tick 2584000 alive  1046054 genomes   49201 energy   194.3 births 48322442 deaths 48322491 (12083.7s) AMD Radeon AI PRO R9700 (RADV GFX1201)
tick 2585000 alive  1046049 genomes   50047 energy   194.4 births 48639950 deaths 48639955 (12088.3s) AMD Radeon AI PRO R9700 (RADV GFX1201)
tick 2586000 alive  1046068 genomes   50217 energy   194.3 births 48738596 deaths 48738577 (12093.1s) AMD Radeon AI PRO R9700 (RADV GFX1201)
tick 2587000 alive  1046044 genomes   50368 energy   194.3 births 48496231 deaths 48496255 (12097.7s) AMD Radeon AI PRO R9700 (RADV GFX1201)
tick 2588000 alive  1046030 genomes   50508 energy   194.0 births 48650416 deaths 48650430 (12102.4s) AMD Radeon AI PRO R9700 (RADV GFX1201)
tick 2589000 alive  1046034 genomes   50328 energy   194.0 births 48862538 deaths 48862534 (12107.0s) AMD Radeon AI PRO R9700 (RADV GFX1201)
tick 2590000 alive  1045994 genomes   49235 energy   194.5 births 48658979 deaths 48659019 (12111.6s) AMD Radeon AI PRO R9700 (RADV GFX1201)
tick 2591000 alive  1046021 genomes   49727 energy   194.3 births 48314364 deaths 48314337 (12116.2s) AMD Radeon AI PRO R9700 (RADV GFX1201)
tick 2592000 alive  1045948 genomes   49230 energy   194.8 births 48320987 deaths 48321060 (12120.9s) AMD Radeon AI PRO R9700 (RADV GFX1201)
tick 2593000 alive  1046101 genomes   49231 energy   194.7 births 48213453 deaths 48213300 (12125.5s) AMD Radeon AI PRO R9700 (RADV GFX1201)
tick 2594000 alive  1046048 genomes   51323 energy   193.6 births 48754666 deaths 48754719 (12130.1s) AMD Radeon AI PRO R9700 (RADV GFX1201)
tick 2595000 alive  1045987 genomes   50424 energy   194.1 births 49004611 deaths 49004672 (12134.7s) AMD Radeon AI PRO R9700 (RADV GFX1201)
tick 2596000 alive  1046028 genomes   49689 energy   194.5 births 48431002 deaths 48430961 (12139.4s) AMD Radeon AI PRO R9700 (RADV GFX1201)
tick 2597000 alive  1045998 genomes   49915 energy   194.2 births 48577529 deaths 48577559 (12144.0s) AMD Radeon AI PRO R9700 (RADV GFX1201)
tick 2598000 alive  1046055 genomes   49934 energy   194.1 births 48672797 deaths 48672740 (12148.7s) AMD Radeon AI PRO R9700 (RADV GFX1201)
tick 2599000 alive  1046081 genomes   49723 energy   194.6 births 48672359 deaths 48672333 (12153.3s) AMD Radeon AI PRO R9700 (RADV GFX1201)
tick 2600000 alive  1046038 genomes   49337 energy   195.1 births 48076585 deaths 48076628 (12158.0s) AMD Radeon AI PRO R9700 (RADV GFX1201)
tick 2601000 alive  1046060 genomes   48701 energy   195.1 births 47981264 deaths 47981242 (12162.6s) AMD Radeon AI PRO R9700 (RADV GFX1201)
tick 2602000 alive  1046079 genomes   48611 energy   195.0 births 48145958 deaths 48145939 (12167.3s) AMD Radeon AI PRO R9700 (RADV GFX1201)
tick 2603000 alive  1046011 genomes   48081 energy   195.2 births 47904585 deaths 47904653 (12171.9s) AMD Radeon AI PRO R9700 (RADV GFX1201)
tick 2604000 alive  1045969 genomes   49179 energy   194.8 births 47861948 deaths 47861990 (12176.6s) AMD Radeon AI PRO R9700 (RADV GFX1201)
tick 2605000 alive  1046021 genomes   49403 energy   194.3 births 48118351 deaths 48118299 (12181.3s) AMD Radeon AI PRO R9700 (RADV GFX1201)
tick 2606000 alive  1046111 genomes   50472 energy   193.5 births 48841270 deaths 48841180 (12186.0s) AMD Radeon AI PRO R9700 (RADV GFX1201)
tick 2607000 alive  1046068 genomes   51026 energy   193.8 births 49081215 deaths 49081258 (12190.6s) AMD Radeon AI PRO R9700 (RADV GFX1201)
tick 2608000 alive  1046093 genomes   49928 energy   194.4 births 48891894 deaths 48891869 (12195.3s) AMD Radeon AI PRO R9700 (RADV GFX1201)
tick 2609000 alive  1046043 genomes   48943 energy   194.9 births 48559408 deaths 48559458 (12200.0s) AMD Radeon AI PRO R9700 (RADV GFX1201)
tick 2610000 alive  1046066 genomes   48819 energy   194.6 births 48137729 deaths 48137706 (12204.6s) AMD Radeon AI PRO R9700 (RADV GFX1201)
tick 2611000 alive  1046088 genomes   48053 energy   195.1 births 47948156 deaths 47948134 (12209.3s) AMD Radeon AI PRO R9700 (RADV GFX1201)
tick 2612000 alive  1046092 genomes   49075 energy   194.4 births 48308116 deaths 48308112 (12213.9s) AMD Radeon AI PRO R9700 (RADV GFX1201)
tick 2613000 alive  1046032 genomes   49244 energy   194.3 births 48538845 deaths 48538905 (12218.6s) AMD Radeon AI PRO R9700 (RADV GFX1201)
tick 2614000 alive  1046109 genomes   49038 energy   194.5 births 48585208 deaths 48585131 (12223.2s) AMD Radeon AI PRO R9700 (RADV GFX1201)
tick 2615000 alive  1045978 genomes   50438 energy   193.9 births 48560700 deaths 48560831 (12227.9s) AMD Radeon AI PRO R9700 (RADV GFX1201)
tick 2616000 alive  1046020 genomes   49747 energy   194.0 births 49052763 deaths 49052721 (12232.5s) AMD Radeon AI PRO R9700 (RADV GFX1201)
tick 2617000 alive  1046094 genomes   50202 energy   193.8 births 49095981 deaths 49095907 (12237.3s) AMD Radeon AI PRO R9700 (RADV GFX1201)
tick 2618000 alive  1045953 genomes   50878 energy   193.9 births 49024051 deaths 49024192 (12242.0s) AMD Radeon AI PRO R9700 (RADV GFX1201)
tick 2619000 alive  1046069 genomes   49573 energy   194.5 births 48817735 deaths 48817619 (12246.7s) AMD Radeon AI PRO R9700 (RADV GFX1201)
tick 2620000 alive  1046026 genomes   50072 energy   194.0 births 48613176 deaths 48613219 (12251.3s) AMD Radeon AI PRO R9700 (RADV GFX1201)
tick 2621000 alive  1046040 genomes   49134 energy   194.9 births 48496395 deaths 48496381 (12256.0s) AMD Radeon AI PRO R9700 (RADV GFX1201)
tick 2622000 alive  1046099 genomes   48010 energy   195.3 births 47800669 deaths 47800610 (12260.6s) AMD Radeon AI PRO R9700 (RADV GFX1201)
tick 2623000 alive  1046070 genomes   48843 energy   194.5 births 48232199 deaths 48232228 (12265.3s) AMD Radeon AI PRO R9700 (RADV GFX1201)
tick 2624000 alive  1046112 genomes   49130 energy   194.2 births 48243390 deaths 48243348 (12270.6s) AMD Radeon AI PRO R9700 (RADV GFX1201)
tick 2625000 alive  1046005 genomes   49942 energy   194.2 births 48511536 deaths 48511643 (12275.3s) AMD Radeon AI PRO R9700 (RADV GFX1201)
tick 2626000 alive  1046052 genomes   49824 energy   193.9 births 48605508 deaths 48605461 (12280.0s) AMD Radeon AI PRO R9700 (RADV GFX1201)
tick 2627000 alive  1046055 genomes   50390 energy   193.5 births 48960288 deaths 48960285 (12285.2s) AMD Radeon AI PRO R9700 (RADV GFX1201)
tick 2628000 alive  1046020 genomes   48787 energy   194.8 births 48627475 deaths 48627510 (12290.6s) AMD Radeon AI PRO R9700 (RADV GFX1201)
tick 2629000 alive  1046150 genomes   49351 energy   194.5 births 48100995 deaths 48100865 (12295.2s) AMD Radeon AI PRO R9700 (RADV GFX1201)
tick 2630000 alive  1045990 genomes   49379 energy   194.2 births 48409728 deaths 48409888 (12299.8s) AMD Radeon AI PRO R9700 (RADV GFX1201)
tick 2631000 alive  1045962 genomes   49696 energy   194.3 births 48667058 deaths 48667086 (12304.5s) AMD Radeon AI PRO R9700 (RADV GFX1201)
tick 2632000 alive  1046012 genomes   50669 energy   193.8 births 49048114 deaths 49048064 (12309.1s) AMD Radeon AI PRO R9700 (RADV GFX1201)
tick 2633000 alive  1046023 genomes   50830 energy   193.4 births 49011281 deaths 49011270 (12313.7s) AMD Radeon AI PRO R9700 (RADV GFX1201)
tick 2634000 alive  1045981 genomes   50916 energy   193.7 births 49527604 deaths 49527646 (12318.3s) AMD Radeon AI PRO R9700 (RADV GFX1201)
tick 2635000 alive  1046052 genomes   51033 energy   193.5 births 49329060 deaths 49328989 (12323.0s) AMD Radeon AI PRO R9700 (RADV GFX1201)
tick 2636000 alive  1045991 genomes   50529 energy   193.9 births 49006355 deaths 49006416 (12327.7s) AMD Radeon AI PRO R9700 (RADV GFX1201)
tick 2637000 alive  1045960 genomes   50887 energy   193.8 births 48875132 deaths 48875163 (12332.4s) AMD Radeon AI PRO R9700 (RADV GFX1201)
tick 2638000 alive  1046091 genomes   50944 energy   193.6 births 49160363 deaths 49160232 (12337.0s) AMD Radeon AI PRO R9700 (RADV GFX1201)
tick 2639000 alive  1046051 genomes   50891 energy   193.9 births 49011845 deaths 49011885 (12341.7s) AMD Radeon AI PRO R9700 (RADV GFX1201)
tick 2640000 alive  1046026 genomes   49556 energy   194.4 births 48766202 deaths 48766227 (12346.4s) AMD Radeon AI PRO R9700 (RADV GFX1201)
tick 2641000 alive  1045999 genomes   49451 energy   194.4 births 48524385 deaths 48524412 (12351.0s) AMD Radeon AI PRO R9700 (RADV GFX1201)
tick 2642000 alive  1045998 genomes   49870 energy   194.2 births 48521361 deaths 48521362 (12355.6s) AMD Radeon AI PRO R9700 (RADV GFX1201)
tick 2643000 alive  1046043 genomes   49002 energy   194.8 births 48395598 deaths 48395553 (12360.3s) AMD Radeon AI PRO R9700 (RADV GFX1201)
tick 2644000 alive  1045951 genomes   49585 energy   194.7 births 48369800 deaths 48369892 (12364.9s) AMD Radeon AI PRO R9700 (RADV GFX1201)
tick 2645000 alive  1046051 genomes   49901 energy   194.3 births 48323269 deaths 48323169 (12369.5s) AMD Radeon AI PRO R9700 (RADV GFX1201)
tick 2646000 alive  1046073 genomes   49654 energy   194.6 births 48510386 deaths 48510364 (12374.1s) AMD Radeon AI PRO R9700 (RADV GFX1201)
tick 2647000 alive  1046027 genomes   51063 energy   193.6 births 48869681 deaths 48869727 (12378.8s) AMD Radeon AI PRO R9700 (RADV GFX1201)
tick 2648000 alive  1046002 genomes   51552 energy   193.5 births 49306440 deaths 49306465 (12383.4s) AMD Radeon AI PRO R9700 (RADV GFX1201)
tick 2649000 alive  1046062 genomes   51698 energy   193.2 births 49488819 deaths 49488759 (12388.0s) AMD Radeon AI PRO R9700 (RADV GFX1201)
tick 2650000 alive  1045951 genomes   51160 energy   193.1 births 49417635 deaths 49417746 (12392.6s) AMD Radeon AI PRO R9700 (RADV GFX1201)
tick 2651000 alive  1045970 genomes   51459 energy   193.3 births 49476160 deaths 49476141 (12397.3s) AMD Radeon AI PRO R9700 (RADV GFX1201)
tick 2652000 alive  1045984 genomes   52261 energy   192.8 births 49954541 deaths 49954527 (12402.0s) AMD Radeon AI PRO R9700 (RADV GFX1201)
tick 2653000 alive  1046082 genomes   52371 energy   192.9 births 49795090 deaths 49794992 (12406.7s) AMD Radeon AI PRO R9700 (RADV GFX1201)
tick 2654000 alive  1045927 genomes   52304 energy   192.4 births 49781143 deaths 49781298 (12411.3s) AMD Radeon AI PRO R9700 (RADV GFX1201)
tick 2655000 alive  1046023 genomes   51437 energy   193.3 births 49692441 deaths 49692345 (12416.0s) AMD Radeon AI PRO R9700 (RADV GFX1201)
tick 2656000 alive  1045971 genomes   50406 energy   193.8 births 49162598 deaths 49162650 (12420.6s) AMD Radeon AI PRO R9700 (RADV GFX1201)
tick 2657000 alive  1046129 genomes   50002 energy   194.3 births 48992423 deaths 48992265 (12425.2s) AMD Radeon AI PRO R9700 (RADV GFX1201)
tick 2658000 alive  1046026 genomes   50784 energy   193.8 births 48837308 deaths 48837411 (12430.0s) AMD Radeon AI PRO R9700 (RADV GFX1201)
tick 2659000 alive  1045993 genomes   50764 energy   193.7 births 48974539 deaths 48974572 (12434.6s) AMD Radeon AI PRO R9700 (RADV GFX1201)
tick 2660000 alive  1046093 genomes   50171 energy   194.2 births 48754200 deaths 48754100 (12439.3s) AMD Radeon AI PRO R9700 (RADV GFX1201)
tick 2661000 alive  1045999 genomes   51094 energy   193.5 births 48859514 deaths 48859608 (12443.9s) AMD Radeon AI PRO R9700 (RADV GFX1201)
tick 2662000 alive  1046024 genomes   50260 energy   194.2 births 49291354 deaths 49291329 (12448.4s) AMD Radeon AI PRO R9700 (RADV GFX1201)
tick 2663000 alive  1046003 genomes   50387 energy   194.2 births 48742047 deaths 48742068 (12453.1s) AMD Radeon AI PRO R9700 (RADV GFX1201)
tick 2664000 alive  1045935 genomes   51316 energy   193.7 births 48872543 deaths 48872611 (12457.8s) AMD Radeon AI PRO R9700 (RADV GFX1201)
tick 2665000 alive  1046074 genomes   51476 energy   193.2 births 49204765 deaths 49204626 (12462.5s) AMD Radeon AI PRO R9700 (RADV GFX1201)
tick 2666000 alive  1046047 genomes   51562 energy   193.8 births 49144490 deaths 49144517 (12467.0s) AMD Radeon AI PRO R9700 (RADV GFX1201)
tick 2667000 alive  1046027 genomes   49185 energy   194.8 births 48525613 deaths 48525633 (12471.7s) AMD Radeon AI PRO R9700 (RADV GFX1201)
tick 2668000 alive  1046106 genomes   50816 energy   194.3 births 48128703 deaths 48128624 (12476.4s) AMD Radeon AI PRO R9700 (RADV GFX1201)
tick 2669000 alive  1046172 genomes   50260 energy   194.3 births 48543483 deaths 48543417 (12481.0s) AMD Radeon AI PRO R9700 (RADV GFX1201)
tick 2670000 alive  1046054 genomes   50850 energy   193.1 births 49030445 deaths 49030563 (12485.6s) AMD Radeon AI PRO R9700 (RADV GFX1201)
tick 2671000 alive  1046012 genomes   49313 energy   194.4 births 48910051 deaths 48910093 (12490.2s) AMD Radeon AI PRO R9700 (RADV GFX1201)
tick 2672000 alive  1046064 genomes   49981 energy   194.2 births 48624050 deaths 48623998 (12494.9s) AMD Radeon AI PRO R9700 (RADV GFX1201)
tick 2673000 alive  1045974 genomes   51488 energy   193.5 births 48991471 deaths 48991561 (12499.5s) AMD Radeon AI PRO R9700 (RADV GFX1201)
tick 2674000 alive  1046039 genomes   51664 energy   193.6 births 49066746 deaths 49066681 (12504.1s) AMD Radeon AI PRO R9700 (RADV GFX1201)
tick 2675000 alive  1046049 genomes   51084 energy   193.8 births 49078055 deaths 49078045 (12508.8s) AMD Radeon AI PRO R9700 (RADV GFX1201)
tick 2676000 alive  1045967 genomes   50971 energy   193.7 births 49073072 deaths 49073154 (12513.6s) AMD Radeon AI PRO R9700 (RADV GFX1201)
tick 2677000 alive  1046053 genomes   51010 energy   193.6 births 49151220 deaths 49151134 (12518.3s) AMD Radeon AI PRO R9700 (RADV GFX1201)
tick 2678000 alive  1046063 genomes   50323 energy   194.0 births 49078694 deaths 49078684 (12522.9s) AMD Radeon AI PRO R9700 (RADV GFX1201)
tick 2679000 alive  1045990 genomes   52305 energy   193.0 births 49430040 deaths 49430113 (12527.6s) AMD Radeon AI PRO R9700 (RADV GFX1201)
tick 2680000 alive  1046023 genomes   50681 energy   193.8 births 49374850 deaths 49374817 (12532.2s) AMD Radeon AI PRO R9700 (RADV GFX1201)
tick 2681000 alive  1046071 genomes   49779 energy   194.5 births 48561550 deaths 48561502 (12537.1s) AMD Radeon AI PRO R9700 (RADV GFX1201)
tick 2682000 alive  1046035 genomes   50111 energy   193.9 births 48749806 deaths 48749842 (12541.7s) AMD Radeon AI PRO R9700 (RADV GFX1201)
tick 2683000 alive  1046011 genomes   51252 energy   193.5 births 48919050 deaths 48919074 (12546.4s) AMD Radeon AI PRO R9700 (RADV GFX1201)
tick 2684000 alive  1046010 genomes   50558 energy   194.2 births 49102496 deaths 49102497 (12551.1s) AMD Radeon AI PRO R9700 (RADV GFX1201)
tick 2685000 alive  1046084 genomes   50516 energy   194.3 births 48816941 deaths 48816867 (12555.8s) AMD Radeon AI PRO R9700 (RADV GFX1201)
tick 2686000 alive  1045999 genomes   49809 energy   195.0 births 48355244 deaths 48355329 (12560.3s) AMD Radeon AI PRO R9700 (RADV GFX1201)
tick 2687000 alive  1046030 genomes   50146 energy   194.6 births 48082870 deaths 48082839 (12565.0s) AMD Radeon AI PRO R9700 (RADV GFX1201)
tick 2688000 alive  1046059 genomes   50910 energy   194.3 births 48217050 deaths 48217021 (12569.6s) AMD Radeon AI PRO R9700 (RADV GFX1201)
tick 2689000 alive  1045992 genomes   50374 energy   194.5 births 48609111 deaths 48609178 (12574.2s) AMD Radeon AI PRO R9700 (RADV GFX1201)
tick 2690000 alive  1046055 genomes   50926 energy   194.0 births 48441165 deaths 48441102 (12578.9s) AMD Radeon AI PRO R9700 (RADV GFX1201)
tick 2691000 alive  1046029 genomes   49991 energy   194.4 births 48539585 deaths 48539611 (12583.5s) AMD Radeon AI PRO R9700 (RADV GFX1201)
tick 2692000 alive  1046007 genomes   50008 energy   194.3 births 48488583 deaths 48488605 (12588.1s) AMD Radeon AI PRO R9700 (RADV GFX1201)
tick 2693000 alive  1045905 genomes   50095 energy   194.6 births 48494915 deaths 48495017 (12592.8s) AMD Radeon AI PRO R9700 (RADV GFX1201)
tick 2694000 alive  1045967 genomes   51228 energy   193.7 births 48593507 deaths 48593445 (12597.4s) AMD Radeon AI PRO R9700 (RADV GFX1201)
tick 2695000 alive  1045985 genomes   50679 energy   193.8 births 48935859 deaths 48935841 (12602.1s) AMD Radeon AI PRO R9700 (RADV GFX1201)
tick 2696000 alive  1046057 genomes   49424 energy   194.9 births 48471667 deaths 48471595 (12606.7s) AMD Radeon AI PRO R9700 (RADV GFX1201)
tick 2697000 alive  1046068 genomes   50046 energy   194.6 births 48285126 deaths 48285115 (12611.4s) AMD Radeon AI PRO R9700 (RADV GFX1201)
tick 2698000 alive  1045997 genomes   49227 energy   194.9 births 48341075 deaths 48341146 (12616.0s) AMD Radeon AI PRO R9700 (RADV GFX1201)
tick 2699000 alive  1046000 genomes   50182 energy   194.4 births 48341316 deaths 48341313 (12620.7s) AMD Radeon AI PRO R9700 (RADV GFX1201)
tick 2700000 alive  1045932 genomes   50431 energy   194.4 births 48664102 deaths 48664170 (12625.3s) AMD Radeon AI PRO R9700 (RADV GFX1201)
tick 2701000 alive  1046008 genomes   50529 energy   194.2 births 48621482 deaths 48621406 (12630.4s) AMD Radeon AI PRO R9700 (RADV GFX1201)
tick 2702000 alive  1046127 genomes   49980 energy   194.2 births 48451300 deaths 48451181 (12635.0s) AMD Radeon AI PRO R9700 (RADV GFX1201)
tick 2703000 alive  1046041 genomes   49970 energy   193.9 births 48732221 deaths 48732307 (12639.7s) AMD Radeon AI PRO R9700 (RADV GFX1201)
tick 2704000 alive  1046062 genomes   50226 energy   194.3 births 48825017 deaths 48824996 (12644.3s) AMD Radeon AI PRO R9700 (RADV GFX1201)
tick 2705000 alive  1045965 genomes   50270 energy   194.5 births 48503949 deaths 48504046 (12649.0s) AMD Radeon AI PRO R9700 (RADV GFX1201)
tick 2706000 alive  1046094 genomes   51609 energy   193.7 births 48966062 deaths 48965933 (12653.7s) AMD Radeon AI PRO R9700 (RADV GFX1201)
tick 2707000 alive  1046116 genomes   49043 energy   194.7 births 48565049 deaths 48565027 (12658.3s) AMD Radeon AI PRO R9700 (RADV GFX1201)
tick 2708000 alive  1046122 genomes   49237 energy   195.0 births 47997076 deaths 47997070 (12662.9s) AMD Radeon AI PRO R9700 (RADV GFX1201)
tick 2709000 alive  1045991 genomes   49139 energy   194.9 births 48232265 deaths 48232396 (12667.6s) AMD Radeon AI PRO R9700 (RADV GFX1201)
tick 2710000 alive  1045974 genomes   49536 energy   194.4 births 48373301 deaths 48373318 (12672.2s) AMD Radeon AI PRO R9700 (RADV GFX1201)
tick 2711000 alive  1046061 genomes   48657 energy   195.1 births 48464383 deaths 48464296 (12676.9s) AMD Radeon AI PRO R9700 (RADV GFX1201)
tick 2712000 alive  1046095 genomes   48403 energy   195.2 births 47965080 deaths 47965046 (12681.5s) AMD Radeon AI PRO R9700 (RADV GFX1201)
tick 2713000 alive  1046067 genomes   49240 energy   195.0 births 47982712 deaths 47982740 (12686.5s) AMD Radeon AI PRO R9700 (RADV GFX1201)
tick 2714000 alive  1046090 genomes   48906 energy   195.0 births 47785548 deaths 47785525 (12691.1s) AMD Radeon AI PRO R9700 (RADV GFX1201)
tick 2715000 alive  1046134 genomes   50314 energy   194.2 births 48188034 deaths 48187990 (12695.8s) AMD Radeon AI PRO R9700 (RADV GFX1201)
tick 2716000 alive  1046055 genomes   50123 energy   194.3 births 48460284 deaths 48460363 (12701.1s) AMD Radeon AI PRO R9700 (RADV GFX1201)
tick 2717000 alive  1046042 genomes   50591 energy   194.1 births 48605326 deaths 48605339 (12705.7s) AMD Radeon AI PRO R9700 (RADV GFX1201)
tick 2718000 alive  1046087 genomes   50096 energy   194.1 births 48645281 deaths 48645236 (12710.4s) AMD Radeon AI PRO R9700 (RADV GFX1201)
tick 2719000 alive  1046030 genomes   50378 energy   193.9 births 48988398 deaths 48988455 (12715.0s) AMD Radeon AI PRO R9700 (RADV GFX1201)
tick 2720000 alive  1046159 genomes   50187 energy   194.3 births 48685297 deaths 48685168 (12719.6s) AMD Radeon AI PRO R9700 (RADV GFX1201)
tick 2721000 alive  1045992 genomes   50782 energy   194.3 births 48314307 deaths 48314474 (12724.3s) AMD Radeon AI PRO R9700 (RADV GFX1201)
tick 2722000 alive  1046010 genomes   49876 energy   194.9 births 48158025 deaths 48158007 (12729.0s) AMD Radeon AI PRO R9700 (RADV GFX1201)
tick 2723000 alive  1046050 genomes   49793 energy   194.4 births 48279980 deaths 48279940 (12733.6s) AMD Radeon AI PRO R9700 (RADV GFX1201)
tick 2724000 alive  1046057 genomes   49641 energy   194.8 births 48491754 deaths 48491747 (12738.3s) AMD Radeon AI PRO R9700 (RADV GFX1201)
tick 2725000 alive  1046141 genomes   49534 energy   194.7 births 47930843 deaths 47930759 (12742.9s) AMD Radeon AI PRO R9700 (RADV GFX1201)
tick 2726000 alive  1046094 genomes   49433 energy   194.8 births 48014687 deaths 48014734 (12747.7s) AMD Radeon AI PRO R9700 (RADV GFX1201)
tick 2727000 alive  1046091 genomes   49491 energy   194.6 births 48356001 deaths 48356004 (12752.3s) AMD Radeon AI PRO R9700 (RADV GFX1201)
tick 2728000 alive  1045995 genomes   50171 energy   194.0 births 48420135 deaths 48420231 (12757.0s) AMD Radeon AI PRO R9700 (RADV GFX1201)
tick 2729000 alive  1046026 genomes   50059 energy   194.4 births 48833623 deaths 48833592 (12761.6s) AMD Radeon AI PRO R9700 (RADV GFX1201)
tick 2730000 alive  1045952 genomes   50055 energy   194.2 births 48385431 deaths 48385505 (12766.3s) AMD Radeon AI PRO R9700 (RADV GFX1201)
tick 2731000 alive  1045960 genomes   50512 energy   193.8 births 48733382 deaths 48733374 (12770.9s) AMD Radeon AI PRO R9700 (RADV GFX1201)
tick 2732000 alive  1046162 genomes   49861 energy   194.3 births 48555729 deaths 48555527 (12775.6s) AMD Radeon AI PRO R9700 (RADV GFX1201)
tick 2733000 alive  1046072 genomes   49301 energy   194.9 births 48383831 deaths 48383921 (12780.3s) AMD Radeon AI PRO R9700 (RADV GFX1201)
tick 2734000 alive  1046071 genomes   49164 energy   194.6 births 48377940 deaths 48377941 (12785.0s) AMD Radeon AI PRO R9700 (RADV GFX1201)
tick 2735000 alive  1046042 genomes   50008 energy   194.3 births 48517447 deaths 48517476 (12789.6s) AMD Radeon AI PRO R9700 (RADV GFX1201)
tick 2736000 alive  1046001 genomes   50316 energy   194.0 births 48675539 deaths 48675580 (12794.3s) AMD Radeon AI PRO R9700 (RADV GFX1201)
tick 2737000 alive  1046066 genomes   48810 energy   194.6 births 48613207 deaths 48613142 (12799.0s) AMD Radeon AI PRO R9700 (RADV GFX1201)
tick 2738000 alive  1046021 genomes   47998 energy   195.4 births 47952891 deaths 47952936 (12803.7s) AMD Radeon AI PRO R9700 (RADV GFX1201)
tick 2739000 alive  1045932 genomes   49434 energy   194.3 births 48340525 deaths 48340614 (12808.4s) AMD Radeon AI PRO R9700 (RADV GFX1201)
tick 2740000 alive  1046052 genomes   50096 energy   194.0 births 48899998 deaths 48899878 (12813.1s) AMD Radeon AI PRO R9700 (RADV GFX1201)
tick 2741000 alive  1046080 genomes   49214 energy   194.3 births 48567989 deaths 48567961 (12817.7s) AMD Radeon AI PRO R9700 (RADV GFX1201)
tick 2742000 alive  1046046 genomes   48271 energy   194.4 births 48304163 deaths 48304197 (12822.4s) AMD Radeon AI PRO R9700 (RADV GFX1201)
tick 2743000 alive  1046007 genomes   50647 energy   193.8 births 48858467 deaths 48858506 (12827.8s) AMD Radeon AI PRO R9700 (RADV GFX1201)
tick 2744000 alive  1046029 genomes   50527 energy   194.1 births 49085940 deaths 49085918 (12833.2s) AMD Radeon AI PRO R9700 (RADV GFX1201)
tick 2745000 alive  1046008 genomes   49739 energy   193.9 births 48563352 deaths 48563373 (12838.6s) AMD Radeon AI PRO R9700 (RADV GFX1201)
tick 2746000 alive  1046011 genomes   48990 energy   194.9 births 48160576 deaths 48160573 (12843.2s) AMD Radeon AI PRO R9700 (RADV GFX1201)
tick 2747000 alive  1046066 genomes   49824 energy   194.5 births 48242658 deaths 48242603 (12847.9s) AMD Radeon AI PRO R9700 (RADV GFX1201)
tick 2748000 alive  1046085 genomes   50142 energy   194.0 births 48710184 deaths 48710165 (12852.5s) AMD Radeon AI PRO R9700 (RADV GFX1201)
tick 2749000 alive  1046038 genomes   50304 energy   194.1 births 48949571 deaths 48949618 (12857.1s) AMD Radeon AI PRO R9700 (RADV GFX1201)
tick 2750000 alive  1046010 genomes   48720 energy   194.9 births 48374745 deaths 48374773 (12861.8s) AMD Radeon AI PRO R9700 (RADV GFX1201)
tick 2751000 alive  1046099 genomes   49952 energy   193.9 births 48308777 deaths 48308688 (12866.4s) AMD Radeon AI PRO R9700 (RADV GFX1201)
tick 2752000 alive  1046126 genomes   49179 energy   194.8 births 48600087 deaths 48600060 (12871.1s) AMD Radeon AI PRO R9700 (RADV GFX1201)
tick 2753000 alive  1046094 genomes   49470 energy   194.5 births 48276605 deaths 48276637 (12875.8s) AMD Radeon AI PRO R9700 (RADV GFX1201)
tick 2754000 alive  1046139 genomes   49399 energy   194.7 births 48184571 deaths 48184526 (12880.5s) AMD Radeon AI PRO R9700 (RADV GFX1201)
tick 2755000 alive  1045990 genomes   49957 energy   194.2 births 48451068 deaths 48451217 (12885.1s) AMD Radeon AI PRO R9700 (RADV GFX1201)
tick 2756000 alive  1046035 genomes   50368 energy   194.1 births 48708072 deaths 48708027 (12889.8s) AMD Radeon AI PRO R9700 (RADV GFX1201)
tick 2757000 alive  1046037 genomes   49879 energy   194.0 births 48781786 deaths 48781784 (12894.5s) AMD Radeon AI PRO R9700 (RADV GFX1201)
tick 2758000 alive  1046038 genomes   50271 energy   194.0 births 48492302 deaths 48492301 (12899.1s) AMD Radeon AI PRO R9700 (RADV GFX1201)
tick 2759000 alive  1046052 genomes   50091 energy   194.2 births 48778550 deaths 48778536 (12903.8s) AMD Radeon AI PRO R9700 (RADV GFX1201)
tick 2760000 alive  1046058 genomes   48722 energy   195.2 births 48098833 deaths 48098827 (12908.5s) AMD Radeon AI PRO R9700 (RADV GFX1201)
tick 2761000 alive  1046096 genomes   49503 energy   194.1 births 48261479 deaths 48261441 (12913.1s) AMD Radeon AI PRO R9700 (RADV GFX1201)
tick 2762000 alive  1045953 genomes   49302 energy   194.8 births 48263046 deaths 48263189 (12917.8s) AMD Radeon AI PRO R9700 (RADV GFX1201)
tick 2763000 alive  1046011 genomes   49720 energy   194.6 births 48330814 deaths 48330756 (12922.4s) AMD Radeon AI PRO R9700 (RADV GFX1201)
tick 2764000 alive  1045929 genomes   49288 energy   194.4 births 48265839 deaths 48265921 (12927.0s) AMD Radeon AI PRO R9700 (RADV GFX1201)
tick 2765000 alive  1045961 genomes   49986 energy   194.3 births 48337042 deaths 48337010 (12931.7s) AMD Radeon AI PRO R9700 (RADV GFX1201)
tick 2766000 alive  1045886 genomes   49522 energy   194.6 births 48683829 deaths 48683904 (12936.4s) AMD Radeon AI PRO R9700 (RADV GFX1201)
tick 2767000 alive  1046093 genomes   49703 energy   194.6 births 48347114 deaths 48346907 (12941.0s) AMD Radeon AI PRO R9700 (RADV GFX1201)
tick 2768000 alive  1046073 genomes   49947 energy   194.1 births 48567865 deaths 48567885 (12945.7s) AMD Radeon AI PRO R9700 (RADV GFX1201)
tick 2769000 alive  1046074 genomes   50164 energy   194.2 births 48816777 deaths 48816776 (12950.3s) AMD Radeon AI PRO R9700 (RADV GFX1201)
tick 2770000 alive  1045996 genomes   48872 energy   194.7 births 48196741 deaths 48196819 (12955.1s) AMD Radeon AI PRO R9700 (RADV GFX1201)
tick 2771000 alive  1046058 genomes   48126 energy   195.1 births 47951491 deaths 47951429 (12959.7s) AMD Radeon AI PRO R9700 (RADV GFX1201)
tick 2772000 alive  1046038 genomes   48675 energy   195.0 births 47899152 deaths 47899172 (12964.4s) AMD Radeon AI PRO R9700 (RADV GFX1201)
tick 2773000 alive  1046075 genomes   49764 energy   194.7 births 48102800 deaths 48102763 (12969.0s) AMD Radeon AI PRO R9700 (RADV GFX1201)
tick 2774000 alive  1046076 genomes   49194 energy   195.0 births 48231741 deaths 48231740 (12973.6s) AMD Radeon AI PRO R9700 (RADV GFX1201)
tick 2775000 alive  1045978 genomes   49324 energy   195.2 births 47780826 deaths 47780924 (12978.2s) AMD Radeon AI PRO R9700 (RADV GFX1201)
tick 2776000 alive  1046176 genomes   48862 energy   195.0 births 47885999 deaths 47885801 (12982.9s) AMD Radeon AI PRO R9700 (RADV GFX1201)
tick 2777000 alive  1046075 genomes   48452 energy   195.6 births 47808279 deaths 47808380 (12987.5s) AMD Radeon AI PRO R9700 (RADV GFX1201)
tick 2778000 alive  1045996 genomes   47811 energy   196.2 births 47342096 deaths 47342175 (12992.2s) AMD Radeon AI PRO R9700 (RADV GFX1201)
tick 2779000 alive  1046086 genomes   48920 energy   195.1 births 47676680 deaths 47676590 (12996.8s) AMD Radeon AI PRO R9700 (RADV GFX1201)
tick 2780000 alive  1045986 genomes   48913 energy   195.1 births 47901380 deaths 47901480 (13001.5s) AMD Radeon AI PRO R9700 (RADV GFX1201)
tick 2781000 alive  1046012 genomes   48670 energy   195.1 births 47993546 deaths 47993520 (13006.2s) AMD Radeon AI PRO R9700 (RADV GFX1201)
tick 2782000 alive  1046085 genomes   48407 energy   195.0 births 47569552 deaths 47569479 (13010.8s) AMD Radeon AI PRO R9700 (RADV GFX1201)
tick 2783000 alive  1046150 genomes   48330 energy   195.4 births 47673599 deaths 47673534 (13015.5s) AMD Radeon AI PRO R9700 (RADV GFX1201)
tick 2784000 alive  1046130 genomes   48487 energy   194.8 births 47697766 deaths 47697786 (13020.2s) AMD Radeon AI PRO R9700 (RADV GFX1201)
tick 2785000 alive  1046047 genomes   48742 energy   194.9 births 47667386 deaths 47667469 (13024.8s) AMD Radeon AI PRO R9700 (RADV GFX1201)
tick 2786000 alive  1046054 genomes   48367 energy   195.0 births 47789422 deaths 47789415 (13029.5s) AMD Radeon AI PRO R9700 (RADV GFX1201)
tick 2787000 alive  1046119 genomes   47493 energy   195.6 births 47525326 deaths 47525261 (13034.1s) AMD Radeon AI PRO R9700 (RADV GFX1201)
tick 2788000 alive  1045957 genomes   47704 energy   195.3 births 47414867 deaths 47415029 (13038.8s) AMD Radeon AI PRO R9700 (RADV GFX1201)
tick 2789000 alive  1046022 genomes   50052 energy   193.9 births 48207428 deaths 48207363 (13043.4s) AMD Radeon AI PRO R9700 (RADV GFX1201)
tick 2790000 alive  1046096 genomes   49785 energy   194.2 births 48389648 deaths 48389574 (13048.1s) AMD Radeon AI PRO R9700 (RADV GFX1201)
tick 2791000 alive  1046041 genomes   49556 energy   194.2 births 48480393 deaths 48480448 (13052.9s) AMD Radeon AI PRO R9700 (RADV GFX1201)
tick 2792000 alive  1045963 genomes   48460 energy   195.0 births 48184949 deaths 48185027 (13057.8s) AMD Radeon AI PRO R9700 (RADV GFX1201)
tick 2793000 alive  1046140 genomes   48565 energy   194.9 births 47786176 deaths 47785999 (13062.5s) AMD Radeon AI PRO R9700 (RADV GFX1201)
tick 2794000 alive  1046074 genomes   48619 energy   194.9 births 48126714 deaths 48126780 (13067.1s) AMD Radeon AI PRO R9700 (RADV GFX1201)
tick 2795000 alive  1046238 genomes   48198 energy   195.3 births 48036404 deaths 48036240 (13071.8s) AMD Radeon AI PRO R9700 (RADV GFX1201)
tick 2796000 alive  1046041 genomes   49045 energy   195.0 births 47890606 deaths 47890803 (13076.4s) AMD Radeon AI PRO R9700 (RADV GFX1201)
tick 2797000 alive  1046176 genomes   49412 energy   194.7 births 48104616 deaths 48104481 (13081.1s) AMD Radeon AI PRO R9700 (RADV GFX1201)
tick 2798000 alive  1045955 genomes   48874 energy   195.0 births 47936399 deaths 47936620 (13085.7s) AMD Radeon AI PRO R9700 (RADV GFX1201)
tick 2799000 alive  1046088 genomes   49775 energy   194.7 births 48082941 deaths 48082808 (13090.4s) AMD Radeon AI PRO R9700 (RADV GFX1201)
tick 2800000 alive  1045972 genomes   48811 energy   195.1 births 48099297 deaths 48099413 (13095.5s) AMD Radeon AI PRO R9700 (RADV GFX1201)
tick 2801000 alive  1045882 genomes   49088 energy   194.9 births 47867552 deaths 47867642 (13100.5s) AMD Radeon AI PRO R9700 (RADV GFX1201)
tick 2802000 alive  1046010 genomes   48222 energy   195.2 births 47608301 deaths 47608173 (13105.1s) AMD Radeon AI PRO R9700 (RADV GFX1201)
tick 2803000 alive  1045983 genomes   49660 energy   194.8 births 47755987 deaths 47756014 (13109.8s) AMD Radeon AI PRO R9700 (RADV GFX1201)
tick 2804000 alive  1046066 genomes   49133 energy   195.3 births 47915093 deaths 47915010 (13114.4s) AMD Radeon AI PRO R9700 (RADV GFX1201)
tick 2805000 alive  1046076 genomes   48122 energy   195.3 births 47575653 deaths 47575643 (13119.1s) AMD Radeon AI PRO R9700 (RADV GFX1201)
tick 2806000 alive  1046014 genomes   48156 energy   195.3 births 47621784 deaths 47621846 (13123.8s) AMD Radeon AI PRO R9700 (RADV GFX1201)
tick 2807000 alive  1046098 genomes   48168 energy   195.1 births 47709604 deaths 47709520 (13128.4s) AMD Radeon AI PRO R9700 (RADV GFX1201)
tick 2808000 alive  1046071 genomes   47603 energy   195.7 births 47588054 deaths 47588081 (13133.0s) AMD Radeon AI PRO R9700 (RADV GFX1201)
tick 2809000 alive  1046061 genomes   47357 energy   195.8 births 47472341 deaths 47472351 (13137.7s) AMD Radeon AI PRO R9700 (RADV GFX1201)
tick 2810000 alive  1046010 genomes   46911 energy   196.3 births 47102468 deaths 47102519 (13142.4s) AMD Radeon AI PRO R9700 (RADV GFX1201)
tick 2811000 alive  1046012 genomes   47845 energy   195.7 births 47275461 deaths 47275459 (13147.0s) AMD Radeon AI PRO R9700 (RADV GFX1201)
tick 2812000 alive  1045960 genomes   48559 energy   194.9 births 47699575 deaths 47699627 (13151.7s) AMD Radeon AI PRO R9700 (RADV GFX1201)
tick 2813000 alive  1046153 genomes   47664 energy   195.9 births 47738516 deaths 47738323 (13156.4s) AMD Radeon AI PRO R9700 (RADV GFX1201)
tick 2814000 alive  1046061 genomes   48571 energy   195.2 births 47465369 deaths 47465461 (13161.0s) AMD Radeon AI PRO R9700 (RADV GFX1201)
tick 2815000 alive  1046018 genomes   47848 energy   195.4 births 47490752 deaths 47490795 (13165.7s) AMD Radeon AI PRO R9700 (RADV GFX1201)
tick 2816000 alive  1046046 genomes   47637 energy   195.9 births 47406772 deaths 47406744 (13170.3s) AMD Radeon AI PRO R9700 (RADV GFX1201)
tick 2817000 alive  1045994 genomes   47258 energy   195.5 births 47293736 deaths 47293788 (13174.9s) AMD Radeon AI PRO R9700 (RADV GFX1201)
tick 2818000 alive  1045973 genomes   48113 energy   195.2 births 47401910 deaths 47401931 (13179.5s) AMD Radeon AI PRO R9700 (RADV GFX1201)
tick 2819000 alive  1046094 genomes   48331 energy   195.0 births 47670365 deaths 47670244 (13184.2s) AMD Radeon AI PRO R9700 (RADV GFX1201)
tick 2820000 alive  1045934 genomes   47529 energy   195.2 births 47628156 deaths 47628316 (13188.8s) AMD Radeon AI PRO R9700 (RADV GFX1201)
tick 2821000 alive  1046015 genomes   47915 energy   195.3 births 47390857 deaths 47390776 (13193.5s) AMD Radeon AI PRO R9700 (RADV GFX1201)
tick 2822000 alive  1046064 genomes   47432 energy   195.9 births 47492815 deaths 47492766 (13198.2s) AMD Radeon AI PRO R9700 (RADV GFX1201)
tick 2823000 alive  1045953 genomes   46780 energy   196.2 births 47222322 deaths 47222433 (13202.8s) AMD Radeon AI PRO R9700 (RADV GFX1201)
tick 2824000 alive  1046076 genomes   48435 energy   195.4 births 47258250 deaths 47258127 (13207.5s) AMD Radeon AI PRO R9700 (RADV GFX1201)
tick 2825000 alive  1045934 genomes   49227 energy   194.8 births 47879595 deaths 47879737 (13212.2s) AMD Radeon AI PRO R9700 (RADV GFX1201)
tick 2826000 alive  1046019 genomes   48983 energy   194.6 births 47973296 deaths 47973211 (13216.8s) AMD Radeon AI PRO R9700 (RADV GFX1201)
tick 2827000 alive  1046165 genomes   48922 energy   194.9 births 48405206 deaths 48405060 (13221.5s) AMD Radeon AI PRO R9700 (RADV GFX1201)
tick 2828000 alive  1046089 genomes   48158 energy   195.2 births 48020367 deaths 48020443 (13226.2s) AMD Radeon AI PRO R9700 (RADV GFX1201)
tick 2829000 alive  1045979 genomes   48980 energy   194.8 births 47762442 deaths 47762552 (13230.9s) AMD Radeon AI PRO R9700 (RADV GFX1201)
tick 2830000 alive  1046020 genomes   48317 energy   195.6 births 47680387 deaths 47680346 (13235.6s) AMD Radeon AI PRO R9700 (RADV GFX1201)
tick 2831000 alive  1046029 genomes   46566 energy   196.6 births 47284981 deaths 47284972 (13240.3s) AMD Radeon AI PRO R9700 (RADV GFX1201)
tick 2832000 alive  1046065 genomes   45883 energy   197.0 births 46431916 deaths 46431880 (13244.9s) AMD Radeon AI PRO R9700 (RADV GFX1201)
tick 2833000 alive  1046019 genomes   46503 energy   196.7 births 46525921 deaths 46525967 (13249.5s) AMD Radeon AI PRO R9700 (RADV GFX1201)
tick 2834000 alive  1046067 genomes   47604 energy   195.6 births 47015024 deaths 47014976 (13254.2s) AMD Radeon AI PRO R9700 (RADV GFX1201)
tick 2835000 alive  1046019 genomes   48273 energy   195.2 births 47770027 deaths 47770075 (13258.8s) AMD Radeon AI PRO R9700 (RADV GFX1201)
tick 2836000 alive  1046075 genomes   48917 energy   194.6 births 48167474 deaths 48167418 (13263.5s) AMD Radeon AI PRO R9700 (RADV GFX1201)
tick 2837000 alive  1046007 genomes   49100 energy   194.5 births 48009600 deaths 48009668 (13268.1s) AMD Radeon AI PRO R9700 (RADV GFX1201)
tick 2838000 alive  1046114 genomes   49039 energy   194.9 births 47935247 deaths 47935140 (13272.7s) AMD Radeon AI PRO R9700 (RADV GFX1201)
tick 2839000 alive  1046077 genomes   48681 energy   195.0 births 48060470 deaths 48060507 (13277.4s) AMD Radeon AI PRO R9700 (RADV GFX1201)
tick 2840000 alive  1046035 genomes   48812 energy   194.8 births 47938039 deaths 47938081 (13282.1s) AMD Radeon AI PRO R9700 (RADV GFX1201)
tick 2841000 alive  1046064 genomes   48936 energy   194.8 births 48052898 deaths 48052869 (13286.8s) AMD Radeon AI PRO R9700 (RADV GFX1201)
tick 2842000 alive  1045993 genomes   48242 energy   195.6 births 47840223 deaths 47840294 (13291.6s) AMD Radeon AI PRO R9700 (RADV GFX1201)
tick 2843000 alive  1045985 genomes   47611 energy   195.4 births 47496448 deaths 47496456 (13296.3s) AMD Radeon AI PRO R9700 (RADV GFX1201)
tick 2844000 alive  1046199 genomes   47173 energy   196.2 births 47053208 deaths 47052994 (13300.9s) AMD Radeon AI PRO R9700 (RADV GFX1201)
tick 2845000 alive  1046027 genomes   46179 energy   196.3 births 46705535 deaths 46705707 (13305.6s) AMD Radeon AI PRO R9700 (RADV GFX1201)
tick 2846000 alive  1046100 genomes   46874 energy   195.9 births 46896628 deaths 46896555 (13310.2s) AMD Radeon AI PRO R9700 (RADV GFX1201)
tick 2847000 alive  1046094 genomes   47262 energy   195.8 births 47364744 deaths 47364750 (13314.8s) AMD Radeon AI PRO R9700 (RADV GFX1201)
tick 2848000 alive  1045995 genomes   46833 energy   196.7 births 47014301 deaths 47014400 (13319.4s) AMD Radeon AI PRO R9700 (RADV GFX1201)
tick 2849000 alive  1046081 genomes   47539 energy   195.9 births 46941316 deaths 46941230 (13324.1s) AMD Radeon AI PRO R9700 (RADV GFX1201)
tick 2850000 alive  1046016 genomes   46952 energy   195.8 births 47197193 deaths 47197258 (13328.7s) AMD Radeon AI PRO R9700 (RADV GFX1201)
tick 2851000 alive  1045920 genomes   47894 energy   195.3 births 47339463 deaths 47339559 (13333.4s) AMD Radeon AI PRO R9700 (RADV GFX1201)
tick 2852000 alive  1046046 genomes   48546 energy   194.8 births 47736484 deaths 47736358 (13338.0s) AMD Radeon AI PRO R9700 (RADV GFX1201)
tick 2853000 alive  1046002 genomes   49188 energy   195.1 births 48020926 deaths 48020970 (13342.7s) AMD Radeon AI PRO R9700 (RADV GFX1201)
tick 2854000 alive  1046028 genomes   48474 energy   195.1 births 48000868 deaths 48000842 (13347.3s) AMD Radeon AI PRO R9700 (RADV GFX1201)
tick 2855000 alive  1045991 genomes   49182 energy   195.1 births 48007729 deaths 48007766 (13352.0s) AMD Radeon AI PRO R9700 (RADV GFX1201)
tick 2856000 alive  1046065 genomes   49225 energy   195.1 births 48010864 deaths 48010790 (13356.6s) AMD Radeon AI PRO R9700 (RADV GFX1201)
tick 2857000 alive  1046075 genomes   48694 energy   195.2 births 47892970 deaths 47892960 (13361.3s) AMD Radeon AI PRO R9700 (RADV GFX1201)
tick 2858000 alive  1046082 genomes   49219 energy   194.9 births 48254355 deaths 48254348 (13366.0s) AMD Radeon AI PRO R9700 (RADV GFX1201)
tick 2859000 alive  1046019 genomes   49702 energy   194.5 births 48445257 deaths 48445320 (13370.6s) AMD Radeon AI PRO R9700 (RADV GFX1201)
tick 2860000 alive  1045953 genomes   49923 energy   194.5 births 48379912 deaths 48379978 (13375.3s) AMD Radeon AI PRO R9700 (RADV GFX1201)
tick 2861000 alive  1045972 genomes   49510 energy   194.2 births 48477569 deaths 48477550 (13379.9s) AMD Radeon AI PRO R9700 (RADV GFX1201)
tick 2862000 alive  1046102 genomes   48875 energy   195.0 births 48061172 deaths 48061042 (13384.6s) AMD Radeon AI PRO R9700 (RADV GFX1201)
tick 2863000 alive  1046044 genomes   48990 energy   194.8 births 48190558 deaths 48190616 (13389.2s) AMD Radeon AI PRO R9700 (RADV GFX1201)
tick 2864000 alive  1046078 genomes   50183 energy   194.4 births 48357350 deaths 48357316 (13394.0s) AMD Radeon AI PRO R9700 (RADV GFX1201)
tick 2865000 alive  1046096 genomes   49721 energy   194.6 births 48364184 deaths 48364166 (13398.7s) AMD Radeon AI PRO R9700 (RADV GFX1201)
tick 2866000 alive  1046117 genomes   49688 energy   194.8 births 48248491 deaths 48248470 (13403.4s) AMD Radeon AI PRO R9700 (RADV GFX1201)
tick 2867000 alive  1046077 genomes   48795 energy   195.0 births 48002053 deaths 48002093 (13408.0s) AMD Radeon AI PRO R9700 (RADV GFX1201)
tick 2868000 alive  1046093 genomes   48988 energy   194.7 births 48107785 deaths 48107769 (13412.7s) AMD Radeon AI PRO R9700 (RADV GFX1201)
tick 2869000 alive  1046049 genomes   48395 energy   195.1 births 47901235 deaths 47901279 (13417.3s) AMD Radeon AI PRO R9700 (RADV GFX1201)
tick 2870000 alive  1045965 genomes   49456 energy   194.5 births 48365584 deaths 48365668 (13422.0s) AMD Radeon AI PRO R9700 (RADV GFX1201)
tick 2871000 alive  1046077 genomes   50085 energy   193.9 births 48473282 deaths 48473170 (13426.8s) AMD Radeon AI PRO R9700 (RADV GFX1201)
tick 2872000 alive  1046011 genomes   48851 energy   194.8 births 48528544 deaths 48528610 (13431.5s) AMD Radeon AI PRO R9700 (RADV GFX1201)
tick 2873000 alive  1046035 genomes   49090 energy   194.6 births 48426667 deaths 48426643 (13436.4s) AMD Radeon AI PRO R9700 (RADV GFX1201)
tick 2874000 alive  1045999 genomes   48879 energy   194.7 births 48124333 deaths 48124369 (13441.0s) AMD Radeon AI PRO R9700 (RADV GFX1201)
tick 2875000 alive  1046028 genomes   49311 energy   194.8 births 48317204 deaths 48317175 (13445.8s) AMD Radeon AI PRO R9700 (RADV GFX1201)
tick 2876000 alive  1046041 genomes   49223 energy   194.6 births 48328761 deaths 48328748 (13450.5s) AMD Radeon AI PRO R9700 (RADV GFX1201)
tick 2877000 alive  1046024 genomes   48499 energy   195.3 births 48185585 deaths 48185602 (13455.2s) AMD Radeon AI PRO R9700 (RADV GFX1201)
tick 2878000 alive  1045966 genomes   48867 energy   194.9 births 47935904 deaths 47935962 (13459.9s) AMD Radeon AI PRO R9700 (RADV GFX1201)
tick 2879000 alive  1045988 genomes   48274 energy   194.8 births 47829156 deaths 47829134 (13464.6s) AMD Radeon AI PRO R9700 (RADV GFX1201)
tick 2880000 alive  1046042 genomes   49757 energy   194.0 births 48086069 deaths 48086015 (13469.3s) AMD Radeon AI PRO R9700 (RADV GFX1201)
tick 2881000 alive  1046062 genomes   49742 energy   194.3 births 48501389 deaths 48501369 (13474.0s) AMD Radeon AI PRO R9700 (RADV GFX1201)
tick 2882000 alive  1046009 genomes   48359 energy   195.2 births 48056332 deaths 48056385 (13478.7s) AMD Radeon AI PRO R9700 (RADV GFX1201)
tick 2883000 alive  1046012 genomes   48068 energy   195.5 births 47698153 deaths 47698150 (13483.4s) AMD Radeon AI PRO R9700 (RADV GFX1201)
tick 2884000 alive  1046053 genomes   47647 energy   195.0 births 47545410 deaths 47545369 (13488.1s) AMD Radeon AI PRO R9700 (RADV GFX1201)
tick 2885000 alive  1046018 genomes   49123 energy   194.3 births 48174118 deaths 48174153 (13492.8s) AMD Radeon AI PRO R9700 (RADV GFX1201)
tick 2886000 alive  1045995 genomes   50281 energy   193.8 births 48669936 deaths 48669959 (13497.4s) AMD Radeon AI PRO R9700 (RADV GFX1201)
tick 2887000 alive  1045993 genomes   49984 energy   193.9 births 48991631 deaths 48991633 (13502.1s) AMD Radeon AI PRO R9700 (RADV GFX1201)
tick 2888000 alive  1046161 genomes   49647 energy   193.9 births 48819700 deaths 48819532 (13506.7s) AMD Radeon AI PRO R9700 (RADV GFX1201)
tick 2889000 alive  1046065 genomes   49021 energy   194.5 births 48350389 deaths 48350485 (13511.4s) AMD Radeon AI PRO R9700 (RADV GFX1201)
tick 2890000 alive  1046115 genomes   49286 energy   194.7 births 48381353 deaths 48381303 (13516.0s) AMD Radeon AI PRO R9700 (RADV GFX1201)
tick 2891000 alive  1046045 genomes   47942 energy   195.2 births 47956964 deaths 47957034 (13520.7s) AMD Radeon AI PRO R9700 (RADV GFX1201)
tick 2892000 alive  1046055 genomes   49220 energy   194.6 births 48147352 deaths 48147342 (13525.6s) AMD Radeon AI PRO R9700 (RADV GFX1201)
tick 2893000 alive  1046043 genomes   49278 energy   194.4 births 48608207 deaths 48608219 (13530.2s) AMD Radeon AI PRO R9700 (RADV GFX1201)
tick 2894000 alive  1046102 genomes   49459 energy   194.3 births 48511284 deaths 48511225 (13534.9s) AMD Radeon AI PRO R9700 (RADV GFX1201)
tick 2895000 alive  1046068 genomes   48851 energy   194.9 births 48492806 deaths 48492840 (13539.6s) AMD Radeon AI PRO R9700 (RADV GFX1201)
tick 2896000 alive  1046010 genomes   47586 energy   195.6 births 47510270 deaths 47510328 (13544.3s) AMD Radeon AI PRO R9700 (RADV GFX1201)
tick 2897000 alive  1045934 genomes   49384 energy   194.8 births 47878916 deaths 47878992 (13549.0s) AMD Radeon AI PRO R9700 (RADV GFX1201)
tick 2898000 alive  1046031 genomes   48547 energy   195.0 births 48259536 deaths 48259439 (13553.6s) AMD Radeon AI PRO R9700 (RADV GFX1201)
tick 2899000 alive  1045957 genomes   49249 energy   194.8 births 48146106 deaths 48146180 (13558.2s) AMD Radeon AI PRO R9700 (RADV GFX1201)
tick 2900000 alive  1045982 genomes   50063 energy   193.7 births 48682604 deaths 48682579 (13562.9s) AMD Radeon AI PRO R9700 (RADV GFX1201)
tick 2901000 alive  1046011 genomes   49133 energy   194.1 births 48683201 deaths 48683172 (13567.5s) AMD Radeon AI PRO R9700 (RADV GFX1201)
tick 2902000 alive  1045943 genomes   49610 energy   193.9 births 48668721 deaths 48668789 (13572.1s) AMD Radeon AI PRO R9700 (RADV GFX1201)
tick 2903000 alive  1046014 genomes   49619 energy   193.9 births 48903822 deaths 48903751 (13576.8s) AMD Radeon AI PRO R9700 (RADV GFX1201)
tick 2904000 alive  1046011 genomes   48925 energy   194.5 births 48701297 deaths 48701300 (13581.5s) AMD Radeon AI PRO R9700 (RADV GFX1201)
tick 2905000 alive  1046067 genomes   49102 energy   194.6 births 48493290 deaths 48493234 (13586.1s) AMD Radeon AI PRO R9700 (RADV GFX1201)
tick 2906000 alive  1046089 genomes   47702 energy   195.6 births 47995748 deaths 47995726 (13590.8s) AMD Radeon AI PRO R9700 (RADV GFX1201)
tick 2907000 alive  1046054 genomes   48490 energy   194.7 births 47989369 deaths 47989404 (13595.4s) AMD Radeon AI PRO R9700 (RADV GFX1201)
tick 2908000 alive  1045985 genomes   48940 energy   194.5 births 48349145 deaths 48349214 (13600.1s) AMD Radeon AI PRO R9700 (RADV GFX1201)
tick 2909000 alive  1046030 genomes   48642 energy   194.9 births 48305810 deaths 48305765 (13604.7s) AMD Radeon AI PRO R9700 (RADV GFX1201)
tick 2910000 alive  1046038 genomes   48950 energy   194.2 births 48366615 deaths 48366607 (13609.5s) AMD Radeon AI PRO R9700 (RADV GFX1201)
tick 2911000 alive  1046064 genomes   47965 energy   195.3 births 48461334 deaths 48461308 (13614.1s) AMD Radeon AI PRO R9700 (RADV GFX1201)
tick 2912000 alive  1046036 genomes   47927 energy   194.9 births 47787903 deaths 47787931 (13618.8s) AMD Radeon AI PRO R9700 (RADV GFX1201)
tick 2913000 alive  1046162 genomes   48674 energy   194.3 births 48231093 deaths 48230967 (13623.4s) AMD Radeon AI PRO R9700 (RADV GFX1201)
tick 2914000 alive  1046014 genomes   48653 energy   195.0 births 48440783 deaths 48440931 (13628.2s) AMD Radeon AI PRO R9700 (RADV GFX1201)
tick 2915000 alive  1045923 genomes   49427 energy   194.2 births 48474498 deaths 48474589 (13632.8s) AMD Radeon AI PRO R9700 (RADV GFX1201)
tick 2916000 alive  1046118 genomes   49209 energy   194.2 births 48883786 deaths 48883591 (13637.4s) AMD Radeon AI PRO R9700 (RADV GFX1201)
tick 2917000 alive  1046071 genomes   49578 energy   194.3 births 48756354 deaths 48756401 (13642.1s) AMD Radeon AI PRO R9700 (RADV GFX1201)
tick 2918000 alive  1046081 genomes   49865 energy   193.8 births 48782017 deaths 48782007 (13646.7s) AMD Radeon AI PRO R9700 (RADV GFX1201)
tick 2919000 alive  1045990 genomes   49701 energy   194.1 births 48705973 deaths 48706064 (13651.4s) AMD Radeon AI PRO R9700 (RADV GFX1201)
tick 2920000 alive  1045942 genomes   49848 energy   194.1 births 48659090 deaths 48659138 (13656.0s) AMD Radeon AI PRO R9700 (RADV GFX1201)
tick 2921000 alive  1046009 genomes   49892 energy   193.8 births 48740074 deaths 48740007 (13660.6s) AMD Radeon AI PRO R9700 (RADV GFX1201)
tick 2922000 alive  1045944 genomes   51086 energy   193.4 births 48918762 deaths 48918827 (13665.2s) AMD Radeon AI PRO R9700 (RADV GFX1201)
tick 2923000 alive  1045944 genomes   50384 energy   193.7 births 49154315 deaths 49154315 (13669.9s) AMD Radeon AI PRO R9700 (RADV GFX1201)
tick 2924000 alive  1046009 genomes   49389 energy   194.2 births 48977111 deaths 48977046 (13674.5s) AMD Radeon AI PRO R9700 (RADV GFX1201)
tick 2925000 alive  1046073 genomes   49291 energy   194.3 births 48569219 deaths 48569155 (13679.2s) AMD Radeon AI PRO R9700 (RADV GFX1201)
tick 2926000 alive  1046098 genomes   48621 energy   195.0 births 48176263 deaths 48176238 (13683.8s) AMD Radeon AI PRO R9700 (RADV GFX1201)
tick 2927000 alive  1046057 genomes   48061 energy   195.4 births 48163607 deaths 48163648 (13688.5s) AMD Radeon AI PRO R9700 (RADV GFX1201)
tick 2928000 alive  1045959 genomes   48064 energy   195.2 births 48089920 deaths 48090018 (13693.1s) AMD Radeon AI PRO R9700 (RADV GFX1201)
tick 2929000 alive  1046132 genomes   48815 energy   194.9 births 48122315 deaths 48122142 (13697.8s) AMD Radeon AI PRO R9700 (RADV GFX1201)
tick 2930000 alive  1045980 genomes   49136 energy   194.4 births 48287747 deaths 48287899 (13702.4s) AMD Radeon AI PRO R9700 (RADV GFX1201)
tick 2931000 alive  1046077 genomes   49339 energy   194.9 births 48352250 deaths 48352153 (13707.1s) AMD Radeon AI PRO R9700 (RADV GFX1201)
tick 2932000 alive  1046071 genomes   48032 energy   195.3 births 48153331 deaths 48153337 (13711.7s) AMD Radeon AI PRO R9700 (RADV GFX1201)
tick 2933000 alive  1046108 genomes   48514 energy   195.0 births 47819127 deaths 47819090 (13716.3s) AMD Radeon AI PRO R9700 (RADV GFX1201)
tick 2934000 alive  1046030 genomes   49812 energy   194.2 births 48371696 deaths 48371774 (13720.9s) AMD Radeon AI PRO R9700 (RADV GFX1201)
tick 2935000 alive  1046043 genomes   49236 energy   194.5 births 48490092 deaths 48490079 (13725.6s) AMD Radeon AI PRO R9700 (RADV GFX1201)
tick 2936000 alive  1046049 genomes   48119 energy   195.7 births 47900006 deaths 47900000 (13730.3s) AMD Radeon AI PRO R9700 (RADV GFX1201)
tick 2937000 alive  1046006 genomes   48763 energy   195.1 births 47760508 deaths 47760551 (13734.9s) AMD Radeon AI PRO R9700 (RADV GFX1201)
tick 2938000 alive  1046047 genomes   49445 energy   194.4 births 48326138 deaths 48326097 (13739.6s) AMD Radeon AI PRO R9700 (RADV GFX1201)
tick 2939000 alive  1045935 genomes   49755 energy   194.4 births 48561652 deaths 48561764 (13744.1s) AMD Radeon AI PRO R9700 (RADV GFX1201)
tick 2940000 alive  1046066 genomes   49501 energy   194.4 births 48560699 deaths 48560568 (13748.8s) AMD Radeon AI PRO R9700 (RADV GFX1201)
tick 2941000 alive  1046011 genomes   48127 energy   195.2 births 48207027 deaths 48207082 (13753.4s) AMD Radeon AI PRO R9700 (RADV GFX1201)
tick 2942000 alive  1045955 genomes   48242 energy   194.4 births 47849345 deaths 47849401 (13758.0s) AMD Radeon AI PRO R9700 (RADV GFX1201)
tick 2943000 alive  1045958 genomes   47788 energy   195.4 births 48301161 deaths 48301158 (13762.7s) AMD Radeon AI PRO R9700 (RADV GFX1201)
tick 2944000 alive  1046135 genomes   47527 energy   195.6 births 47641302 deaths 47641125 (13767.3s) AMD Radeon AI PRO R9700 (RADV GFX1201)
tick 2945000 alive  1046026 genomes   47935 energy   195.3 births 47633665 deaths 47633774 (13771.9s) AMD Radeon AI PRO R9700 (RADV GFX1201)
tick 2946000 alive  1046006 genomes   48756 energy   194.7 births 48072342 deaths 48072362 (13776.6s) AMD Radeon AI PRO R9700 (RADV GFX1201)
tick 2947000 alive  1046019 genomes   49332 energy   194.2 births 48320373 deaths 48320360 (13781.2s) AMD Radeon AI PRO R9700 (RADV GFX1201)
tick 2948000 alive  1045984 genomes   50629 energy   193.6 births 48778076 deaths 48778111 (13786.0s) AMD Radeon AI PRO R9700 (RADV GFX1201)
tick 2949000 alive  1045910 genomes   50028 energy   193.7 births 49107782 deaths 49107856 (13790.7s) AMD Radeon AI PRO R9700 (RADV GFX1201)
tick 2950000 alive  1046009 genomes   48947 energy   194.6 births 48824957 deaths 48824858 (13795.3s) AMD Radeon AI PRO R9700 (RADV GFX1201)
tick 2951000 alive  1046033 genomes   48046 energy   194.9 births 48102881 deaths 48102857 (13799.9s) AMD Radeon AI PRO R9700 (RADV GFX1201)
tick 2952000 alive  1046094 genomes   48462 energy   195.0 births 47986597 deaths 47986536 (13804.6s) AMD Radeon AI PRO R9700 (RADV GFX1201)
tick 2953000 alive  1046008 genomes   48667 energy   194.4 births 48079886 deaths 48079972 (13809.3s) AMD Radeon AI PRO R9700 (RADV GFX1201)
tick 2954000 alive  1046022 genomes   48441 energy   195.0 births 48263231 deaths 48263217 (13813.9s) AMD Radeon AI PRO R9700 (RADV GFX1201)
tick 2955000 alive  1046012 genomes   49372 energy   194.5 births 48123269 deaths 48123279 (13818.6s) AMD Radeon AI PRO R9700 (RADV GFX1201)
tick 2956000 alive  1045989 genomes   48945 energy   194.4 births 48420860 deaths 48420883 (13823.3s) AMD Radeon AI PRO R9700 (RADV GFX1201)
tick 2957000 alive  1045969 genomes   49626 energy   193.6 births 48837930 deaths 48837950 (13828.0s) AMD Radeon AI PRO R9700 (RADV GFX1201)
tick 2958000 alive  1046054 genomes   49031 energy   194.6 births 48695704 deaths 48695619 (13832.6s) AMD Radeon AI PRO R9700 (RADV GFX1201)
tick 2959000 alive  1045999 genomes   49784 energy   194.3 births 48669263 deaths 48669318 (13837.2s) AMD Radeon AI PRO R9700 (RADV GFX1201)
tick 2960000 alive  1046074 genomes   48671 energy   194.5 births 48624309 deaths 48624234 (13841.9s) AMD Radeon AI PRO R9700 (RADV GFX1201)
tick 2961000 alive  1046034 genomes   49485 energy   194.2 births 48341509 deaths 48341549 (13846.5s) AMD Radeon AI PRO R9700 (RADV GFX1201)
tick 2962000 alive  1046058 genomes   49212 energy   194.4 births 48758482 deaths 48758458 (13851.2s) AMD Radeon AI PRO R9700 (RADV GFX1201)
tick 2963000 alive  1045997 genomes   48791 energy   194.5 births 48550038 deaths 48550099 (13855.8s) AMD Radeon AI PRO R9700 (RADV GFX1201)
tick 2964000 alive  1046010 genomes   49619 energy   194.1 births 48653168 deaths 48653155 (13860.5s) AMD Radeon AI PRO R9700 (RADV GFX1201)
tick 2965000 alive  1046106 genomes   48847 energy   194.9 births 48399519 deaths 48399423 (13865.1s) AMD Radeon AI PRO R9700 (RADV GFX1201)
tick 2966000 alive  1046031 genomes   48164 energy   195.5 births 48021727 deaths 48021802 (13869.7s) AMD Radeon AI PRO R9700 (RADV GFX1201)
tick 2967000 alive  1046098 genomes   47574 energy   195.7 births 47351445 deaths 47351378 (13874.4s) AMD Radeon AI PRO R9700 (RADV GFX1201)
tick 2968000 alive  1046068 genomes   47865 energy   195.3 births 47577913 deaths 47577943 (13879.0s) AMD Radeon AI PRO R9700 (RADV GFX1201)
tick 2969000 alive  1046072 genomes   47326 energy   195.9 births 47429674 deaths 47429670 (13883.7s) AMD Radeon AI PRO R9700 (RADV GFX1201)
tick 2970000 alive  1046054 genomes   46646 energy   196.1 births 47094521 deaths 47094539 (13888.3s) AMD Radeon AI PRO R9700 (RADV GFX1201)
tick 2971000 alive  1046009 genomes   47710 energy   195.2 births 47526996 deaths 47527041 (13893.0s) AMD Radeon AI PRO R9700 (RADV GFX1201)
tick 2972000 alive  1045952 genomes   47698 energy   195.2 births 47687622 deaths 47687679 (13897.6s) AMD Radeon AI PRO R9700 (RADV GFX1201)
tick 2973000 alive  1046033 genomes   48131 energy   195.2 births 48096785 deaths 48096704 (13902.4s) AMD Radeon AI PRO R9700 (RADV GFX1201)
tick 2974000 alive  1046052 genomes   48883 energy   194.4 births 48053560 deaths 48053541 (13907.1s) AMD Radeon AI PRO R9700 (RADV GFX1201)
tick 2975000 alive  1045947 genomes   47830 energy   195.2 births 47949778 deaths 47949883 (13911.8s) AMD Radeon AI PRO R9700 (RADV GFX1201)
tick 2976000 alive  1046011 genomes   48175 energy   195.0 births 47921998 deaths 47921934 (13916.5s) AMD Radeon AI PRO R9700 (RADV GFX1201)
tick 2977000 alive  1046062 genomes   48208 energy   194.6 births 48314028 deaths 48313977 (13921.1s) AMD Radeon AI PRO R9700 (RADV GFX1201)
tick 2978000 alive  1045971 genomes   48109 energy   194.9 births 48286314 deaths 48286405 (13925.8s) AMD Radeon AI PRO R9700 (RADV GFX1201)
tick 2979000 alive  1046029 genomes   49115 energy   194.2 births 48446831 deaths 48446773 (13930.4s) AMD Radeon AI PRO R9700 (RADV GFX1201)
tick 2980000 alive  1046017 genomes   50250 energy   193.4 births 48877733 deaths 48877745 (13935.1s) AMD Radeon AI PRO R9700 (RADV GFX1201)
tick 2981000 alive  1046086 genomes   49693 energy   194.2 births 49023877 deaths 49023808 (13939.7s) AMD Radeon AI PRO R9700 (RADV GFX1201)
tick 2982000 alive  1046048 genomes   48808 energy   194.4 births 48560354 deaths 48560392 (13944.4s) AMD Radeon AI PRO R9700 (RADV GFX1201)
tick 2983000 alive  1046030 genomes   48906 energy   194.3 births 48544183 deaths 48544201 (13949.1s) AMD Radeon AI PRO R9700 (RADV GFX1201)
tick 2984000 alive  1046044 genomes   48731 energy   194.2 births 48417035 deaths 48417021 (13953.7s) AMD Radeon AI PRO R9700 (RADV GFX1201)
tick 2985000 alive  1046008 genomes   48236 energy   194.4 births 48406039 deaths 48406075 (13958.4s) AMD Radeon AI PRO R9700 (RADV GFX1201)
tick 2986000 alive  1045994 genomes   49721 energy   194.2 births 48483289 deaths 48483303 (13963.1s) AMD Radeon AI PRO R9700 (RADV GFX1201)
tick 2987000 alive  1045947 genomes   50221 energy   193.6 births 48846780 deaths 48846827 (13967.7s) AMD Radeon AI PRO R9700 (RADV GFX1201)
tick 2988000 alive  1046119 genomes   48740 energy   194.7 births 48656915 deaths 48656743 (13972.4s) AMD Radeon AI PRO R9700 (RADV GFX1201)
tick 2989000 alive  1046076 genomes   48517 energy   194.8 births 47992306 deaths 47992349 (13977.0s) AMD Radeon AI PRO R9700 (RADV GFX1201)
tick 2990000 alive  1046130 genomes   48170 energy   195.2 births 47695611 deaths 47695557 (13981.7s) AMD Radeon AI PRO R9700 (RADV GFX1201)
tick 2991000 alive  1046051 genomes   49630 energy   194.1 births 48236402 deaths 48236481 (13986.4s) AMD Radeon AI PRO R9700 (RADV GFX1201)
tick 2992000 alive  1046020 genomes   49570 energy   194.5 births 48687160 deaths 48687191 (13991.0s) AMD Radeon AI PRO R9700 (RADV GFX1201)
tick 2993000 alive  1046145 genomes   49098 energy   194.9 births 48178497 deaths 48178372 (13995.7s) AMD Radeon AI PRO R9700 (RADV GFX1201)
tick 2994000 alive  1046060 genomes   49506 energy   194.5 births 48165437 deaths 48165522 (14000.4s) AMD Radeon AI PRO R9700 (RADV GFX1201)
tick 2995000 alive  1046000 genomes   50644 energy   193.8 births 48754110 deaths 48754170 (14005.1s) AMD Radeon AI PRO R9700 (RADV GFX1201)
tick 2996000 alive  1046028 genomes   50239 energy   194.1 births 48929556 deaths 48929528 (14009.7s) AMD Radeon AI PRO R9700 (RADV GFX1201)
tick 2997000 alive  1046098 genomes   50394 energy   193.7 births 48679990 deaths 48679920 (14014.4s) AMD Radeon AI PRO R9700 (RADV GFX1201)
tick 2998000 alive  1046093 genomes   50067 energy   194.1 births 48933965 deaths 48933970 (14019.0s) AMD Radeon AI PRO R9700 (RADV GFX1201)
tick 2999000 alive  1046011 genomes   50120 energy   194.0 births 48903251 deaths 48903333 (14023.6s) AMD Radeon AI PRO R9700 (RADV GFX1201)
tick 3000000 alive  1046030 genomes   49822 energy   194.3 births 48533113 deaths 48533094 (14028.3s) AMD Radeon AI PRO R9700 (RADV GFX1201)
tick 3001000 alive  1046101 genomes   50709 energy   194.3 births 48627293 deaths 48627222 (14032.9s) AMD Radeon AI PRO R9700 (RADV GFX1201)
tick 3002000 alive  1046122 genomes   49641 energy   194.6 births 48535110 deaths 48535089 (14037.6s) AMD Radeon AI PRO R9700 (RADV GFX1201)
tick 3003000 alive  1046081 genomes   48188 energy   195.1 births 48080146 deaths 48080187 (14042.2s) AMD Radeon AI PRO R9700 (RADV GFX1201)
tick 3004000 alive  1046117 genomes   49103 energy   194.8 births 48066410 deaths 48066374 (14046.8s) AMD Radeon AI PRO R9700 (RADV GFX1201)
tick 3005000 alive  1046089 genomes   49114 energy   194.7 births 48227013 deaths 48227041 (14051.5s) AMD Radeon AI PRO R9700 (RADV GFX1201)
tick 3006000 alive  1045994 genomes   47997 energy   195.2 births 48131825 deaths 48131920 (14056.1s) AMD Radeon AI PRO R9700 (RADV GFX1201)
tick 3007000 alive  1046078 genomes   48001 energy   195.2 births 47909923 deaths 47909839 (14060.8s) AMD Radeon AI PRO R9700 (RADV GFX1201)
tick 3008000 alive  1046015 genomes   49683 energy   194.3 births 48271433 deaths 48271496 (14065.4s) AMD Radeon AI PRO R9700 (RADV GFX1201)
tick 3009000 alive  1045964 genomes   49553 energy   194.2 births 48740772 deaths 48740823 (14070.0s) AMD Radeon AI PRO R9700 (RADV GFX1201)
tick 3010000 alive  1046127 genomes   48541 energy   194.9 births 48424264 deaths 48424101 (14074.6s) AMD Radeon AI PRO R9700 (RADV GFX1201)
tick 3011000 alive  1046043 genomes   49691 energy   194.3 births 48437048 deaths 48437132 (14079.2s) AMD Radeon AI PRO R9700 (RADV GFX1201)
tick 3012000 alive  1046080 genomes   49954 energy   194.5 births 48585204 deaths 48585167 (14083.8s) AMD Radeon AI PRO R9700 (RADV GFX1201)
tick 3013000 alive  1046012 genomes   49705 energy   194.2 births 48683231 deaths 48683299 (14088.4s) AMD Radeon AI PRO R9700 (RADV GFX1201)
tick 3014000 alive  1045936 genomes   49612 energy   194.0 births 48646249 deaths 48646325 (14093.1s) AMD Radeon AI PRO R9700 (RADV GFX1201)
tick 3015000 alive  1046119 genomes   50214 energy   193.7 births 48766085 deaths 48765902 (14097.7s) AMD Radeon AI PRO R9700 (RADV GFX1201)
tick 3016000 alive  1046083 genomes   49396 energy   194.4 births 48581381 deaths 48581417 (14102.3s) AMD Radeon AI PRO R9700 (RADV GFX1201)
tick 3017000 alive  1045964 genomes   50273 energy   193.8 births 48769357 deaths 48769476 (14106.9s) AMD Radeon AI PRO R9700 (RADV GFX1201)
tick 3018000 alive  1046087 genomes   49238 energy   194.4 births 48790342 deaths 48790219 (14111.6s) AMD Radeon AI PRO R9700 (RADV GFX1201)
tick 3019000 alive  1046101 genomes   48575 energy   195.1 births 48085502 deaths 48085488 (14116.2s) AMD Radeon AI PRO R9700 (RADV GFX1201)
tick 3020000 alive  1046052 genomes   48234 energy   195.3 births 47920429 deaths 47920478 (14120.8s) AMD Radeon AI PRO R9700 (RADV GFX1201)
tick 3021000 alive  1046113 genomes   48171 energy   195.3 births 47625253 deaths 47625192 (14125.4s) AMD Radeon AI PRO R9700 (RADV GFX1201)
tick 3022000 alive  1046010 genomes   47717 energy   195.6 births 47527571 deaths 47527674 (14130.1s) AMD Radeon AI PRO R9700 (RADV GFX1201)
tick 3023000 alive  1046068 genomes   49037 energy   195.1 births 47776308 deaths 47776250 (14134.7s) AMD Radeon AI PRO R9700 (RADV GFX1201)
tick 3024000 alive  1046140 genomes   49852 energy   194.5 births 48233238 deaths 48233166 (14139.3s) AMD Radeon AI PRO R9700 (RADV GFX1201)
tick 3025000 alive  1046041 genomes   50547 energy   194.2 births 48548723 deaths 48548822 (14143.9s) AMD Radeon AI PRO R9700 (RADV GFX1201)
tick 3026000 alive  1046164 genomes   49139 energy   194.8 births 48348606 deaths 48348483 (14148.7s) AMD Radeon AI PRO R9700 (RADV GFX1201)
tick 3027000 alive  1046043 genomes   50239 energy   194.3 births 48348015 deaths 48348136 (14153.3s) AMD Radeon AI PRO R9700 (RADV GFX1201)
tick 3028000 alive  1046021 genomes   49464 energy   194.6 births 48392849 deaths 48392871 (14157.9s) AMD Radeon AI PRO R9700 (RADV GFX1201)
tick 3029000 alive  1045965 genomes   49360 energy   194.7 births 48457294 deaths 48457350 (14162.5s) AMD Radeon AI PRO R9700 (RADV GFX1201)
tick 3030000 alive  1046035 genomes   48251 energy   194.9 births 48094394 deaths 48094324 (14167.2s) AMD Radeon AI PRO R9700 (RADV GFX1201)
tick 3031000 alive  1046058 genomes   48208 energy   195.3 births 47831534 deaths 47831511 (14171.8s) AMD Radeon AI PRO R9700 (RADV GFX1201)
tick 3032000 alive  1046077 genomes   49193 energy   194.2 births 47987790 deaths 47987771 (14176.4s) AMD Radeon AI PRO R9700 (RADV GFX1201)
tick 3033000 alive  1046047 genomes   48030 energy   195.1 births 48282389 deaths 48282419 (14181.0s) AMD Radeon AI PRO R9700 (RADV GFX1201)
tick 3034000 alive  1045981 genomes   49592 energy   194.0 births 48575526 deaths 48575592 (14185.7s) AMD Radeon AI PRO R9700 (RADV GFX1201)
tick 3035000 alive  1046074 genomes   50772 energy   193.7 births 48517266 deaths 48517173 (14190.3s) AMD Radeon AI PRO R9700 (RADV GFX1201)
tick 3036000 alive  1046128 genomes   50288 energy   194.1 births 49094489 deaths 49094435 (14195.0s) AMD Radeon AI PRO R9700 (RADV GFX1201)
tick 3037000 alive  1046017 genomes   50740 energy   193.6 births 48575028 deaths 48575139 (14199.6s) AMD Radeon AI PRO R9700 (RADV GFX1201)
tick 3038000 alive  1046050 genomes   50390 energy   193.6 births 49032008 deaths 49031975 (14204.3s) AMD Radeon AI PRO R9700 (RADV GFX1201)
tick 3039000 alive  1046058 genomes   49410 energy   194.5 births 48750741 deaths 48750733 (14208.9s) AMD Radeon AI PRO R9700 (RADV GFX1201)
tick 3040000 alive  1046042 genomes   49050 energy   194.6 births 48464199 deaths 48464215 (14213.5s) AMD Radeon AI PRO R9700 (RADV GFX1201)
tick 3041000 alive  1046058 genomes   48689 energy   194.6 births 48244342 deaths 48244326 (14218.2s) AMD Radeon AI PRO R9700 (RADV GFX1201)
tick 3042000 alive  1046062 genomes   49009 energy   194.7 births 48462528 deaths 48462524 (14222.9s) AMD Radeon AI PRO R9700 (RADV GFX1201)
tick 3043000 alive  1045982 genomes   48479 energy   194.7 births 48131176 deaths 48131256 (14227.5s) AMD Radeon AI PRO R9700 (RADV GFX1201)
tick 3044000 alive  1046015 genomes   50002 energy   193.8 births 48390325 deaths 48390292 (14232.1s) AMD Radeon AI PRO R9700 (RADV GFX1201)
tick 3045000 alive  1046015 genomes   49303 energy   194.6 births 48348726 deaths 48348726 (14236.7s) AMD Radeon AI PRO R9700 (RADV GFX1201)
tick 3046000 alive  1045997 genomes   47288 energy   195.8 births 47548773 deaths 47548791 (14241.4s) AMD Radeon AI PRO R9700 (RADV GFX1201)
tick 3047000 alive  1046080 genomes   48283 energy   195.5 births 47406495 deaths 47406412 (14246.1s) AMD Radeon AI PRO R9700 (RADV GFX1201)
tick 3048000 alive  1046053 genomes   47947 energy   195.5 births 47456117 deaths 47456144 (14250.7s) AMD Radeon AI PRO R9700 (RADV GFX1201)
tick 3049000 alive  1045974 genomes   48340 energy   195.3 births 47509930 deaths 47510009 (14255.4s) AMD Radeon AI PRO R9700 (RADV GFX1201)
tick 3050000 alive  1045985 genomes   48762 energy   194.8 births 47932362 deaths 47932351 (14260.1s) AMD Radeon AI PRO R9700 (RADV GFX1201)
tick 3051000 alive  1046011 genomes   48856 energy   195.1 births 48019110 deaths 48019084 (14264.7s) AMD Radeon AI PRO R9700 (RADV GFX1201)
tick 3052000 alive  1046010 genomes   48339 energy   195.3 births 47773632 deaths 47773633 (14269.3s) AMD Radeon AI PRO R9700 (RADV GFX1201)
tick 3053000 alive  1046056 genomes   47961 energy   195.7 births 47618181 deaths 47618135 (14274.0s) AMD Radeon AI PRO R9700 (RADV GFX1201)
tick 3054000 alive  1045956 genomes   47876 energy   195.5 births 47522321 deaths 47522421 (14278.7s) AMD Radeon AI PRO R9700 (RADV GFX1201)
tick 3055000 alive  1046088 genomes   49796 energy   194.5 births 48075548 deaths 48075416 (14283.3s) AMD Radeon AI PRO R9700 (RADV GFX1201)
tick 3056000 alive  1046026 genomes   50646 energy   193.9 births 48401419 deaths 48401481 (14288.0s) AMD Radeon AI PRO R9700 (RADV GFX1201)
tick 3057000 alive  1046064 genomes   48559 energy   194.8 births 48247274 deaths 48247236 (14292.6s) AMD Radeon AI PRO R9700 (RADV GFX1201)
tick 3058000 alive  1046033 genomes   48054 energy   195.3 births 47880143 deaths 47880174 (14297.3s) AMD Radeon AI PRO R9700 (RADV GFX1201)
tick 3059000 alive  1046098 genomes   48349 energy   195.2 births 47556000 deaths 47555935 (14301.9s) AMD Radeon AI PRO R9700 (RADV GFX1201)
tick 3060000 alive  1046105 genomes   49152 energy   194.8 births 48050870 deaths 48050863 (14306.6s) AMD Radeon AI PRO R9700 (RADV GFX1201)
tick 3061000 alive  1046138 genomes   48704 energy   195.1 births 48070514 deaths 48070481 (14311.2s) AMD Radeon AI PRO R9700 (RADV GFX1201)
tick 3062000 alive  1046077 genomes   48280 energy   195.4 births 47773939 deaths 47774000 (14315.9s) AMD Radeon AI PRO R9700 (RADV GFX1201)
tick 3063000 alive  1045970 genomes   47941 energy   195.5 births 47390782 deaths 47390889 (14320.5s) AMD Radeon AI PRO R9700 (RADV GFX1201)
tick 3064000 alive  1045955 genomes   47944 energy   195.0 births 47701499 deaths 47701514 (14325.2s) AMD Radeon AI PRO R9700 (RADV GFX1201)
tick 3065000 alive  1046107 genomes   46979 energy   195.8 births 47804915 deaths 47804763 (14329.9s) AMD Radeon AI PRO R9700 (RADV GFX1201)
tick 3066000 alive  1046028 genomes   47833 energy   195.3 births 47583537 deaths 47583616 (14334.5s) AMD Radeon AI PRO R9700 (RADV GFX1201)
tick 3067000 alive  1046023 genomes   47760 energy   194.9 births 47740856 deaths 47740861 (14339.2s) AMD Radeon AI PRO R9700 (RADV GFX1201)
tick 3068000 alive  1045967 genomes   48680 energy   194.5 births 48147167 deaths 48147223 (14343.8s) AMD Radeon AI PRO R9700 (RADV GFX1201)
tick 3069000 alive  1046051 genomes   48313 energy   195.0 births 48319255 deaths 48319171 (14348.5s) AMD Radeon AI PRO R9700 (RADV GFX1201)
tick 3070000 alive  1046034 genomes   47680 energy   195.3 births 48006902 deaths 48006919 (14353.2s) AMD Radeon AI PRO R9700 (RADV GFX1201)
tick 3071000 alive  1045978 genomes   48440 energy   194.8 births 47882640 deaths 47882696 (14357.8s) AMD Radeon AI PRO R9700 (RADV GFX1201)
tick 3072000 alive  1046120 genomes   49512 energy   194.3 births 48390953 deaths 48390811 (14362.5s) AMD Radeon AI PRO R9700 (RADV GFX1201)
tick 3073000 alive  1046038 genomes   48643 energy   194.9 births 48391152 deaths 48391234 (14367.1s) AMD Radeon AI PRO R9700 (RADV GFX1201)
tick 3074000 alive  1045997 genomes   49854 energy   193.8 births 48662205 deaths 48662246 (14371.8s) AMD Radeon AI PRO R9700 (RADV GFX1201)
tick 3075000 alive  1046046 genomes   49170 energy   194.3 births 48883774 deaths 48883725 (14376.4s) AMD Radeon AI PRO R9700 (RADV GFX1201)
tick 3076000 alive  1046035 genomes   49304 energy   194.1 births 48635150 deaths 48635161 (14381.1s) AMD Radeon AI PRO R9700 (RADV GFX1201)
tick 3077000 alive  1046052 genomes   48499 energy   194.8 births 48287861 deaths 48287844 (14385.7s) AMD Radeon AI PRO R9700 (RADV GFX1201)
tick 3078000 alive  1046010 genomes   49474 energy   194.3 births 48507493 deaths 48507535 (14390.4s) AMD Radeon AI PRO R9700 (RADV GFX1201)
tick 3079000 alive  1045949 genomes   48899 energy   194.6 births 48633344 deaths 48633405 (14395.0s) AMD Radeon AI PRO R9700 (RADV GFX1201)
tick 3080000 alive  1045974 genomes   48429 energy   194.6 births 48311186 deaths 48311161 (14399.6s) AMD Radeon AI PRO R9700 (RADV GFX1201)
tick 3081000 alive  1046004 genomes   48308 energy   194.9 births 47859351 deaths 47859321 (14405.0s) AMD Radeon AI PRO R9700 (RADV GFX1201)
tick 3082000 alive  1046066 genomes   49188 energy   194.1 births 48414920 deaths 48414858 (14409.6s) AMD Radeon AI PRO R9700 (RADV GFX1201)
tick 3083000 alive  1045968 genomes   49599 energy   193.9 births 48459138 deaths 48459236 (14414.2s) AMD Radeon AI PRO R9700 (RADV GFX1201)
tick 3084000 alive  1046131 genomes   49757 energy   193.7 births 48760101 deaths 48759938 (14418.9s) AMD Radeon AI PRO R9700 (RADV GFX1201)
tick 3085000 alive  1046077 genomes   49894 energy   193.8 births 48875440 deaths 48875494 (14423.6s) AMD Radeon AI PRO R9700 (RADV GFX1201)
tick 3086000 alive  1046073 genomes   50490 energy   193.5 births 49056839 deaths 49056843 (14428.2s) AMD Radeon AI PRO R9700 (RADV GFX1201)
tick 3087000 alive  1046002 genomes   50920 energy   193.1 births 49302023 deaths 49302094 (14432.9s) AMD Radeon AI PRO R9700 (RADV GFX1201)
tick 3088000 alive  1046027 genomes   50265 energy   193.9 births 49308318 deaths 49308293 (14437.5s) AMD Radeon AI PRO R9700 (RADV GFX1201)
tick 3089000 alive  1045941 genomes   51177 energy   193.4 births 49446788 deaths 49446874 (14442.2s) AMD Radeon AI PRO R9700 (RADV GFX1201)
tick 3090000 alive  1046023 genomes   50257 energy   193.5 births 49264832 deaths 49264750 (14446.8s) AMD Radeon AI PRO R9700 (RADV GFX1201)
tick 3091000 alive  1046010 genomes   50590 energy   193.6 births 49188496 deaths 49188509 (14451.5s) AMD Radeon AI PRO R9700 (RADV GFX1201)
tick 3092000 alive  1046035 genomes   49696 energy   194.0 births 48992900 deaths 48992875 (14456.1s) AMD Radeon AI PRO R9700 (RADV GFX1201)
tick 3093000 alive  1045971 genomes   50557 energy   193.6 births 48785396 deaths 48785460 (14460.7s) AMD Radeon AI PRO R9700 (RADV GFX1201)
tick 3094000 alive  1046004 genomes   51793 energy   192.7 births 49352973 deaths 49352940 (14465.3s) AMD Radeon AI PRO R9700 (RADV GFX1201)
tick 3095000 alive  1045945 genomes   51436 energy   193.2 births 49601275 deaths 49601334 (14470.0s) AMD Radeon AI PRO R9700 (RADV GFX1201)
tick 3096000 alive  1046036 genomes   50840 energy   193.5 births 49337424 deaths 49337333 (14474.6s) AMD Radeon AI PRO R9700 (RADV GFX1201)
tick 3097000 alive  1046061 genomes   50169 energy   193.9 births 49139438 deaths 49139413 (14479.3s) AMD Radeon AI PRO R9700 (RADV GFX1201)
tick 3098000 alive  1046094 genomes   50171 energy   193.6 births 48984604 deaths 48984571 (14483.9s) AMD Radeon AI PRO R9700 (RADV GFX1201)
tick 3099000 alive  1046034 genomes   49875 energy   194.1 births 49040041 deaths 49040101 (14488.6s) AMD Radeon AI PRO R9700 (RADV GFX1201)
tick 3100000 alive  1046014 genomes   50899 energy   193.5 births 48951883 deaths 48951903 (14493.5s) AMD Radeon AI PRO R9700 (RADV GFX1201)
tick 3101000 alive  1045983 genomes   50714 energy   193.6 births 49218436 deaths 49218467 (14498.1s) AMD Radeon AI PRO R9700 (RADV GFX1201)
tick 3102000 alive  1045995 genomes   50974 energy   193.2 births 49385316 deaths 49385304 (14502.8s) AMD Radeon AI PRO R9700 (RADV GFX1201)
tick 3103000 alive  1045998 genomes   50840 energy   193.5 births 49280268 deaths 49280265 (14507.4s) AMD Radeon AI PRO R9700 (RADV GFX1201)
tick 3104000 alive  1046063 genomes   50771 energy   193.5 births 49093636 deaths 49093571 (14512.0s) AMD Radeon AI PRO R9700 (RADV GFX1201)
tick 3105000 alive  1046116 genomes   50820 energy   193.3 births 49218633 deaths 49218580 (14516.7s) AMD Radeon AI PRO R9700 (RADV GFX1201)
tick 3106000 alive  1046105 genomes   50800 energy   193.4 births 49433926 deaths 49433937 (14521.4s) AMD Radeon AI PRO R9700 (RADV GFX1201)
tick 3107000 alive  1045944 genomes   49862 energy   193.7 births 49043968 deaths 49044129 (14526.0s) AMD Radeon AI PRO R9700 (RADV GFX1201)
tick 3108000 alive  1045982 genomes   50104 energy   193.8 births 49088284 deaths 49088246 (14530.8s) AMD Radeon AI PRO R9700 (RADV GFX1201)
tick 3109000 alive  1046101 genomes   50459 energy   193.9 births 49161427 deaths 49161308 (14535.4s) AMD Radeon AI PRO R9700 (RADV GFX1201)
tick 3110000 alive  1045928 genomes   50684 energy   193.3 births 49352408 deaths 49352581 (14540.4s) AMD Radeon AI PRO R9700 (RADV GFX1201)
tick 3111000 alive  1046000 genomes   50426 energy   194.2 births 48990905 deaths 48990833 (14545.1s) AMD Radeon AI PRO R9700 (RADV GFX1201)
tick 3112000 alive  1046108 genomes   50735 energy   193.4 births 49031655 deaths 49031547 (14549.8s) AMD Radeon AI PRO R9700 (RADV GFX1201)
tick 3113000 alive  1045990 genomes   50580 energy   193.3 births 49238400 deaths 49238518 (14554.5s) AMD Radeon AI PRO R9700 (RADV GFX1201)
tick 3114000 alive  1046049 genomes   50098 energy   193.8 births 49278479 deaths 49278420 (14559.2s) AMD Radeon AI PRO R9700 (RADV GFX1201)
tick 3115000 alive  1046028 genomes   49878 energy   194.0 births 48716301 deaths 48716322 (14563.8s) AMD Radeon AI PRO R9700 (RADV GFX1201)
tick 3116000 alive  1046020 genomes   49858 energy   194.0 births 48505453 deaths 48505461 (14568.5s) AMD Radeon AI PRO R9700 (RADV GFX1201)
tick 3117000 alive  1046030 genomes   49451 energy   193.9 births 48782240 deaths 48782230 (14573.2s) AMD Radeon AI PRO R9700 (RADV GFX1201)
tick 3118000 alive  1045957 genomes   50251 energy   193.8 births 48944204 deaths 48944277 (14577.8s) AMD Radeon AI PRO R9700 (RADV GFX1201)
tick 3119000 alive  1045973 genomes   50508 energy   193.7 births 49265101 deaths 49265085 (14582.4s) AMD Radeon AI PRO R9700 (RADV GFX1201)
tick 3120000 alive  1046129 genomes   50682 energy   193.3 births 49268585 deaths 49268429 (14587.1s) AMD Radeon AI PRO R9700 (RADV GFX1201)
tick 3121000 alive  1045991 genomes   49405 energy   194.4 births 48896961 deaths 48897099 (14591.7s) AMD Radeon AI PRO R9700 (RADV GFX1201)
tick 3122000 alive  1046064 genomes   49398 energy   194.3 births 48587905 deaths 48587832 (14596.3s) AMD Radeon AI PRO R9700 (RADV GFX1201)
tick 3123000 alive  1046015 genomes   50135 energy   194.0 births 48850327 deaths 48850376 (14601.0s) AMD Radeon AI PRO R9700 (RADV GFX1201)
tick 3124000 alive  1045927 genomes   50188 energy   194.4 births 48866730 deaths 48866818 (14605.6s) AMD Radeon AI PRO R9700 (RADV GFX1201)
tick 3125000 alive  1046006 genomes   50500 energy   194.2 births 48295424 deaths 48295345 (14610.2s) AMD Radeon AI PRO R9700 (RADV GFX1201)
tick 3126000 alive  1046092 genomes   50442 energy   194.5 births 48701996 deaths 48701910 (14614.8s) AMD Radeon AI PRO R9700 (RADV GFX1201)
tick 3127000 alive  1046013 genomes   49878 energy   194.6 births 48538622 deaths 48538701 (14619.5s) AMD Radeon AI PRO R9700 (RADV GFX1201)
tick 3128000 alive  1046071 genomes   50547 energy   194.2 births 48536046 deaths 48535988 (14624.1s) AMD Radeon AI PRO R9700 (RADV GFX1201)
tick 3129000 alive  1045939 genomes   50575 energy   193.8 births 48504416 deaths 48504548 (14628.8s) AMD Radeon AI PRO R9700 (RADV GFX1201)
tick 3130000 alive  1046007 genomes   50004 energy   194.5 births 48464041 deaths 48463973 (14633.4s) AMD Radeon AI PRO R9700 (RADV GFX1201)
tick 3131000 alive  1046056 genomes   50226 energy   194.2 births 48647661 deaths 48647612 (14638.1s) AMD Radeon AI PRO R9700 (RADV GFX1201)
tick 3132000 alive  1046043 genomes   50762 energy   193.9 births 48796499 deaths 48796512 (14642.8s) AMD Radeon AI PRO R9700 (RADV GFX1201)
tick 3133000 alive  1046022 genomes   52410 energy   193.1 births 49299980 deaths 49300001 (14647.4s) AMD Radeon AI PRO R9700 (RADV GFX1201)
tick 3134000 alive  1045931 genomes   51773 energy   193.0 births 49435540 deaths 49435631 (14652.0s) AMD Radeon AI PRO R9700 (RADV GFX1201)
tick 3135000 alive  1046097 genomes   50583 energy   193.9 births 49162422 deaths 49162256 (14656.7s) AMD Radeon AI PRO R9700 (RADV GFX1201)
tick 3136000 alive  1045984 genomes   49091 energy   194.4 births 48652542 deaths 48652655 (14661.3s) AMD Radeon AI PRO R9700 (RADV GFX1201)
tick 3137000 alive  1046080 genomes   48817 energy   194.5 births 48231682 deaths 48231586 (14665.9s) AMD Radeon AI PRO R9700 (RADV GFX1201)
tick 3138000 alive  1046161 genomes   49446 energy   194.4 births 48356697 deaths 48356616 (14670.6s) AMD Radeon AI PRO R9700 (RADV GFX1201)
tick 3139000 alive  1046102 genomes   49220 energy   194.8 births 48388012 deaths 48388071 (14675.2s) AMD Radeon AI PRO R9700 (RADV GFX1201)
tick 3140000 alive  1046073 genomes   50090 energy   194.2 births 48409050 deaths 48409079 (14679.8s) AMD Radeon AI PRO R9700 (RADV GFX1201)
tick 3141000 alive  1046072 genomes   50511 energy   193.9 births 48762318 deaths 48762319 (14684.5s) AMD Radeon AI PRO R9700 (RADV GFX1201)
tick 3142000 alive  1045973 genomes   49603 energy   194.3 births 48587770 deaths 48587869 (14689.1s) AMD Radeon AI PRO R9700 (RADV GFX1201)
tick 3143000 alive  1045962 genomes   50404 energy   193.9 births 48822260 deaths 48822271 (14693.7s) AMD Radeon AI PRO R9700 (RADV GFX1201)
tick 3144000 alive  1045972 genomes   50837 energy   193.5 births 49187607 deaths 49187597 (14698.3s) AMD Radeon AI PRO R9700 (RADV GFX1201)
tick 3145000 alive  1046102 genomes   49837 energy   194.0 births 48951770 deaths 48951640 (14703.3s) AMD Radeon AI PRO R9700 (RADV GFX1201)
tick 3146000 alive  1046033 genomes   49674 energy   194.0 births 48681437 deaths 48681506 (14707.9s) AMD Radeon AI PRO R9700 (RADV GFX1201)
tick 3147000 alive  1046052 genomes   49030 energy   194.5 births 48624445 deaths 48624426 (14712.5s) AMD Radeon AI PRO R9700 (RADV GFX1201)
tick 3148000 alive  1046104 genomes   49561 energy   194.2 births 48429315 deaths 48429263 (14717.1s) AMD Radeon AI PRO R9700 (RADV GFX1201)
tick 3149000 alive  1045939 genomes   50420 energy   194.2 births 48515356 deaths 48515521 (14721.8s) AMD Radeon AI PRO R9700 (RADV GFX1201)
tick 3150000 alive  1046042 genomes   50539 energy   194.7 births 48699695 deaths 48699592 (14726.4s) AMD Radeon AI PRO R9700 (RADV GFX1201)
tick 3151000 alive  1046055 genomes   49867 energy   194.6 births 48492888 deaths 48492875 (14731.0s) AMD Radeon AI PRO R9700 (RADV GFX1201)
tick 3152000 alive  1046039 genomes   50157 energy   194.4 births 48543960 deaths 48543976 (14735.7s) AMD Radeon AI PRO R9700 (RADV GFX1201)
tick 3153000 alive  1046037 genomes   50101 energy   194.7 births 48661632 deaths 48661634 (14740.3s) AMD Radeon AI PRO R9700 (RADV GFX1201)
tick 3154000 alive  1046057 genomes   49449 energy   194.6 births 48092658 deaths 48092638 (14744.9s) AMD Radeon AI PRO R9700 (RADV GFX1201)
tick 3155000 alive  1045981 genomes   50253 energy   194.6 births 48329830 deaths 48329906 (14749.6s) AMD Radeon AI PRO R9700 (RADV GFX1201)
tick 3156000 alive  1046018 genomes   49838 energy   194.5 births 48513479 deaths 48513442 (14754.2s) AMD Radeon AI PRO R9700 (RADV GFX1201)
tick 3157000 alive  1046030 genomes   51347 energy   193.5 births 48749300 deaths 48749288 (14758.8s) AMD Radeon AI PRO R9700 (RADV GFX1201)
tick 3158000 alive  1046068 genomes   50045 energy   194.6 births 48813067 deaths 48813029 (14763.5s) AMD Radeon AI PRO R9700 (RADV GFX1201)
tick 3159000 alive  1045986 genomes   49318 energy   195.2 births 47954170 deaths 47954252 (14768.1s) AMD Radeon AI PRO R9700 (RADV GFX1201)
tick 3160000 alive  1046054 genomes   48799 energy   195.2 births 47920904 deaths 47920836 (14772.7s) AMD Radeon AI PRO R9700 (RADV GFX1201)
tick 3161000 alive  1046001 genomes   49562 energy   194.5 births 48123684 deaths 48123737 (14777.4s) AMD Radeon AI PRO R9700 (RADV GFX1201)
tick 3162000 alive  1045956 genomes   49397 energy   194.7 births 48342321 deaths 48342366 (14782.0s) AMD Radeon AI PRO R9700 (RADV GFX1201)
tick 3163000 alive  1046006 genomes   50177 energy   193.6 births 48646394 deaths 48646344 (14786.7s) AMD Radeon AI PRO R9700 (RADV GFX1201)
tick 3164000 alive  1046072 genomes   50632 energy   193.9 births 49140352 deaths 49140286 (14791.5s) AMD Radeon AI PRO R9700 (RADV GFX1201)
tick 3165000 alive  1046011 genomes   50809 energy   193.4 births 48978739 deaths 48978800 (14796.4s) AMD Radeon AI PRO R9700 (RADV GFX1201)
tick 3166000 alive  1046048 genomes   48907 energy   194.8 births 48695874 deaths 48695837 (14801.0s) AMD Radeon AI PRO R9700 (RADV GFX1201)
tick 3167000 alive  1046030 genomes   50134 energy   194.2 births 48534784 deaths 48534802 (14805.7s) AMD Radeon AI PRO R9700 (RADV GFX1201)
tick 3168000 alive  1046103 genomes   48615 energy   195.2 births 48124718 deaths 48124645 (14810.3s) AMD Radeon AI PRO R9700 (RADV GFX1201)
tick 3169000 alive  1045961 genomes   49033 energy   194.8 births 47745707 deaths 47745849 (14814.9s) AMD Radeon AI PRO R9700 (RADV GFX1201)
tick 3170000 alive  1046094 genomes   49042 energy   195.0 births 48052784 deaths 48052651 (14819.6s) AMD Radeon AI PRO R9700 (RADV GFX1201)
tick 3171000 alive  1046021 genomes   49925 energy   194.6 births 48096670 deaths 48096743 (14824.2s) AMD Radeon AI PRO R9700 (RADV GFX1201)
tick 3172000 alive  1045951 genomes   50592 energy   193.6 births 48578457 deaths 48578527 (14828.8s) AMD Radeon AI PRO R9700 (RADV GFX1201)
tick 3173000 alive  1046067 genomes   49582 energy   194.9 births 48911133 deaths 48911017 (14833.5s) AMD Radeon AI PRO R9700 (RADV GFX1201)
tick 3174000 alive  1045977 genomes   49267 energy   195.1 births 48047576 deaths 48047666 (14838.1s) AMD Radeon AI PRO R9700 (RADV GFX1201)
tick 3175000 alive  1046045 genomes   50082 energy   194.4 births 48066889 deaths 48066821 (14842.8s) AMD Radeon AI PRO R9700 (RADV GFX1201)
tick 3176000 alive  1045987 genomes   49186 energy   195.2 births 48188725 deaths 48188783 (14847.4s) AMD Radeon AI PRO R9700 (RADV GFX1201)
tick 3177000 alive  1046050 genomes   48640 energy   195.4 births 47755532 deaths 47755469 (14852.1s) AMD Radeon AI PRO R9700 (RADV GFX1201)
tick 3178000 alive  1046011 genomes   47724 energy   195.9 births 47579476 deaths 47579515 (14856.7s) AMD Radeon AI PRO R9700 (RADV GFX1201)
tick 3179000 alive  1046048 genomes   48215 energy   195.5 births 47475839 deaths 47475802 (14861.3s) AMD Radeon AI PRO R9700 (RADV GFX1201)
tick 3180000 alive  1045995 genomes   49381 energy   194.6 births 47955127 deaths 47955180 (14866.0s) AMD Radeon AI PRO R9700 (RADV GFX1201)
tick 3181000 alive  1046060 genomes   49578 energy   194.5 births 48499869 deaths 48499804 (14870.6s) AMD Radeon AI PRO R9700 (RADV GFX1201)
tick 3182000 alive  1046029 genomes   48963 energy   194.6 births 48213718 deaths 48213749 (14875.3s) AMD Radeon AI PRO R9700 (RADV GFX1201)
tick 3183000 alive  1046043 genomes   48518 energy   194.6 births 48249006 deaths 48248992 (14879.9s) AMD Radeon AI PRO R9700 (RADV GFX1201)
tick 3184000 alive  1046107 genomes   47785 energy   195.3 births 47898576 deaths 47898512 (14884.5s) AMD Radeon AI PRO R9700 (RADV GFX1201)
tick 3185000 alive  1046153 genomes   48068 energy   195.4 births 47681932 deaths 47681886 (14889.2s) AMD Radeon AI PRO R9700 (RADV GFX1201)
tick 3186000 alive  1046009 genomes   49120 energy   194.6 births 47781660 deaths 47781804 (14893.8s) AMD Radeon AI PRO R9700 (RADV GFX1201)
tick 3187000 alive  1046030 genomes   48475 energy   194.8 births 48225032 deaths 48225011 (14898.5s) AMD Radeon AI PRO R9700 (RADV GFX1201)
tick 3188000 alive  1045996 genomes   48975 energy   194.4 births 48282669 deaths 48282703 (14903.1s) AMD Radeon AI PRO R9700 (RADV GFX1201)
tick 3189000 alive  1045989 genomes   49920 energy   194.0 births 48618152 deaths 48618159 (14907.8s) AMD Radeon AI PRO R9700 (RADV GFX1201)
tick 3190000 alive  1046047 genomes   50182 energy   194.4 births 48753320 deaths 48753262 (14912.5s) AMD Radeon AI PRO R9700 (RADV GFX1201)
tick 3191000 alive  1046156 genomes   49321 energy   194.3 births 48556193 deaths 48556084 (14917.2s) AMD Radeon AI PRO R9700 (RADV GFX1201)
tick 3192000 alive  1045998 genomes   47043 energy   196.1 births 47579852 deaths 47580010 (14921.8s) AMD Radeon AI PRO R9700 (RADV GFX1201)
tick 3193000 alive  1046054 genomes   48347 energy   195.0 births 47402630 deaths 47402574 (14926.4s) AMD Radeon AI PRO R9700 (RADV GFX1201)
tick 3194000 alive  1046046 genomes   50177 energy   193.8 births 48265860 deaths 48265868 (14931.1s) AMD Radeon AI PRO R9700 (RADV GFX1201)
tick 3195000 alive  1046076 genomes   49924 energy   193.9 births 48883016 deaths 48882986 (14935.7s) AMD Radeon AI PRO R9700 (RADV GFX1201)
tick 3196000 alive  1046056 genomes   49379 energy   194.3 births 48799583 deaths 48799603 (14940.4s) AMD Radeon AI PRO R9700 (RADV GFX1201)
tick 3197000 alive  1045965 genomes   48655 energy   194.8 births 48221538 deaths 48221629 (14945.1s) AMD Radeon AI PRO R9700 (RADV GFX1201)
tick 3198000 alive  1046009 genomes   49114 energy   194.4 births 48382578 deaths 48382534 (14949.7s) AMD Radeon AI PRO R9700 (RADV GFX1201)
tick 3199000 alive  1046020 genomes   48855 energy   194.7 births 48528671 deaths 48528660 (14954.3s) AMD Radeon AI PRO R9700 (RADV GFX1201)
tick 3200000 alive  1045953 genomes   48935 energy   194.5 births 48400399 deaths 48400466 (14959.0s) AMD Radeon AI PRO R9700 (RADV GFX1201)
tick 3201000 alive  1046012 genomes   48440 energy   194.9 births 48226084 deaths 48226025 (14963.6s) AMD Radeon AI PRO R9700 (RADV GFX1201)
tick 3202000 alive  1046067 genomes   47707 energy   195.2 births 47669143 deaths 47669088 (14968.2s) AMD Radeon AI PRO R9700 (RADV GFX1201)
tick 3203000 alive  1046075 genomes   49094 energy   194.7 births 48323117 deaths 48323109 (14972.9s) AMD Radeon AI PRO R9700 (RADV GFX1201)
tick 3204000 alive  1046040 genomes   49516 energy   193.8 births 48695702 deaths 48695737 (14977.5s) AMD Radeon AI PRO R9700 (RADV GFX1201)
tick 3205000 alive  1045953 genomes   49125 energy   194.3 births 48702792 deaths 48702879 (14982.2s) AMD Radeon AI PRO R9700 (RADV GFX1201)
tick 3206000 alive  1045964 genomes   49456 energy   194.4 births 48739787 deaths 48739776 (14986.8s) AMD Radeon AI PRO R9700 (RADV GFX1201)
tick 3207000 alive  1046019 genomes   49125 energy   194.5 births 48522137 deaths 48522082 (14991.5s) AMD Radeon AI PRO R9700 (RADV GFX1201)
tick 3208000 alive  1045939 genomes   48949 energy   194.8 births 48308662 deaths 48308742 (14996.2s) AMD Radeon AI PRO R9700 (RADV GFX1201)
tick 3209000 alive  1046023 genomes   48486 energy   195.1 births 48207440 deaths 48207356 (15000.8s) AMD Radeon AI PRO R9700 (RADV GFX1201)
tick 3210000 alive  1046013 genomes   49024 energy   194.6 births 47980388 deaths 47980398 (15005.5s) AMD Radeon AI PRO R9700 (RADV GFX1201)
tick 3211000 alive  1046059 genomes   50140 energy   193.9 births 48573940 deaths 48573894 (15010.2s) AMD Radeon AI PRO R9700 (RADV GFX1201)
tick 3212000 alive  1045964 genomes   48388 energy   195.1 births 48320911 deaths 48321006 (15014.8s) AMD Radeon AI PRO R9700 (RADV GFX1201)
tick 3213000 alive  1046083 genomes   48598 energy   195.4 births 47842145 deaths 47842026 (15019.5s) AMD Radeon AI PRO R9700 (RADV GFX1201)
tick 3214000 alive  1046006 genomes   48994 energy   195.4 births 47859814 deaths 47859891 (15024.1s) AMD Radeon AI PRO R9700 (RADV GFX1201)
tick 3215000 alive  1046051 genomes   47847 energy   195.4 births 47610329 deaths 47610284 (15028.7s) AMD Radeon AI PRO R9700 (RADV GFX1201)
tick 3216000 alive  1046068 genomes   48398 energy   195.6 births 47780543 deaths 47780526 (15034.1s) AMD Radeon AI PRO R9700 (RADV GFX1201)
tick 3217000 alive  1046057 genomes   48254 energy   195.3 births 47507511 deaths 47507522 (15038.7s) AMD Radeon AI PRO R9700 (RADV GFX1201)
tick 3218000 alive  1046044 genomes   49044 energy   194.5 births 47778010 deaths 47778023 (15043.4s) AMD Radeon AI PRO R9700 (RADV GFX1201)
tick 3219000 alive  1046068 genomes   50006 energy   194.1 births 48052632 deaths 48052608 (15048.0s) AMD Radeon AI PRO R9700 (RADV GFX1201)
tick 3220000 alive  1046032 genomes   49944 energy   193.8 births 48612758 deaths 48612794 (15052.6s) AMD Radeon AI PRO R9700 (RADV GFX1201)
tick 3221000 alive  1046057 genomes   49534 energy   194.5 births 48353533 deaths 48353508 (15057.3s) AMD Radeon AI PRO R9700 (RADV GFX1201)
tick 3222000 alive  1045985 genomes   49271 energy   194.9 births 48264951 deaths 48265023 (15061.9s) AMD Radeon AI PRO R9700 (RADV GFX1201)
tick 3223000 alive  1046037 genomes   48777 energy   194.7 births 48038985 deaths 48038933 (15066.6s) AMD Radeon AI PRO R9700 (RADV GFX1201)
tick 3224000 alive  1046083 genomes   49877 energy   194.0 births 48432649 deaths 48432603 (15071.2s) AMD Radeon AI PRO R9700 (RADV GFX1201)
tick 3225000 alive  1046050 genomes   49904 energy   193.7 births 48656842 deaths 48656875 (15075.9s) AMD Radeon AI PRO R9700 (RADV GFX1201)
tick 3226000 alive  1046092 genomes   49554 energy   194.3 births 48688001 deaths 48687959 (15080.6s) AMD Radeon AI PRO R9700 (RADV GFX1201)
tick 3227000 alive  1046057 genomes   49826 energy   194.2 births 48761790 deaths 48761825 (15085.2s) AMD Radeon AI PRO R9700 (RADV GFX1201)
tick 3228000 alive  1046094 genomes   49805 energy   194.4 births 48669626 deaths 48669589 (15089.8s) AMD Radeon AI PRO R9700 (RADV GFX1201)
tick 3229000 alive  1045971 genomes   48092 energy   195.3 births 48031675 deaths 48031798 (15094.5s) AMD Radeon AI PRO R9700 (RADV GFX1201)
tick 3230000 alive  1045933 genomes   48266 energy   194.8 births 47764907 deaths 47764945 (15099.1s) AMD Radeon AI PRO R9700 (RADV GFX1201)
tick 3231000 alive  1046045 genomes   47920 energy   195.2 births 47865303 deaths 47865191 (15103.7s) AMD Radeon AI PRO R9700 (RADV GFX1201)
tick 3232000 alive  1046055 genomes   49221 energy   194.2 births 48231911 deaths 48231901 (15108.3s) AMD Radeon AI PRO R9700 (RADV GFX1201)
tick 3233000 alive  1046085 genomes   49855 energy   193.5 births 48751571 deaths 48751541 (15113.0s) AMD Radeon AI PRO R9700 (RADV GFX1201)
tick 3234000 alive  1046013 genomes   48336 energy   194.6 births 48685406 deaths 48685478 (15117.6s) AMD Radeon AI PRO R9700 (RADV GFX1201)
tick 3235000 alive  1046087 genomes   48536 energy   194.8 births 48210198 deaths 48210124 (15122.3s) AMD Radeon AI PRO R9700 (RADV GFX1201)
tick 3236000 alive  1046016 genomes   48336 energy   195.0 births 47831424 deaths 47831495 (15126.9s) AMD Radeon AI PRO R9700 (RADV GFX1201)
tick 3237000 alive  1046015 genomes   47975 energy   194.7 births 47995712 deaths 47995713 (15131.5s) AMD Radeon AI PRO R9700 (RADV GFX1201)
tick 3238000 alive  1046078 genomes   48832 energy   194.2 births 48485420 deaths 48485357 (15136.2s) AMD Radeon AI PRO R9700 (RADV GFX1201)
tick 3239000 alive  1045991 genomes   49254 energy   194.1 births 48689125 deaths 48689212 (15140.8s) AMD Radeon AI PRO R9700 (RADV GFX1201)
tick 3240000 alive  1046079 genomes   50014 energy   193.7 births 49250233 deaths 49250145 (15145.5s) AMD Radeon AI PRO R9700 (RADV GFX1201)
tick 3241000 alive  1046026 genomes   48613 energy   194.4 births 48799578 deaths 48799631 (15150.1s) AMD Radeon AI PRO R9700 (RADV GFX1201)
tick 3242000 alive  1046113 genomes   47744 energy   194.9 births 48101129 deaths 48101042 (15154.8s) AMD Radeon AI PRO R9700 (RADV GFX1201)
tick 3243000 alive  1046035 genomes   46890 energy   195.0 births 47865052 deaths 47865130 (15159.4s) AMD Radeon AI PRO R9700 (RADV GFX1201)
tick 3244000 alive  1046028 genomes   47882 energy   194.9 births 48160887 deaths 48160894 (15164.1s) AMD Radeon AI PRO R9700 (RADV GFX1201)
tick 3245000 alive  1046010 genomes   48738 energy   194.8 births 48239947 deaths 48239965 (15168.8s) AMD Radeon AI PRO R9700 (RADV GFX1201)
tick 3246000 alive  1046003 genomes   48495 energy   194.8 births 48320639 deaths 48320646 (15173.5s) AMD Radeon AI PRO R9700 (RADV GFX1201)
tick 3247000 alive  1046124 genomes   48720 energy   194.4 births 48298532 deaths 48298411 (15178.2s) AMD Radeon AI PRO R9700 (RADV GFX1201)
tick 3248000 alive  1046050 genomes   49759 energy   193.9 births 48659549 deaths 48659623 (15182.9s) AMD Radeon AI PRO R9700 (RADV GFX1201)
tick 3249000 alive  1046074 genomes   50531 energy   193.6 births 49107891 deaths 49107867 (15187.5s) AMD Radeon AI PRO R9700 (RADV GFX1201)
tick 3250000 alive  1046037 genomes   50524 energy   193.6 births 49282724 deaths 49282761 (15192.2s) AMD Radeon AI PRO R9700 (RADV GFX1201)
tick 3251000 alive  1046096 genomes   49444 energy   194.3 births 48823520 deaths 48823461 (15196.9s) AMD Radeon AI PRO R9700 (RADV GFX1201)
tick 3252000 alive  1046092 genomes   48720 energy   194.7 births 48487500 deaths 48487504 (15201.5s) AMD Radeon AI PRO R9700 (RADV GFX1201)
tick 3253000 alive  1045894 genomes   48290 energy   194.9 births 48314107 deaths 48314305 (15206.2s) AMD Radeon AI PRO R9700 (RADV GFX1201)
tick 3254000 alive  1046049 genomes   48968 energy   194.3 births 48252560 deaths 48252405 (15210.9s) AMD Radeon AI PRO R9700 (RADV GFX1201)
tick 3255000 alive  1046020 genomes   49754 energy   193.7 births 48833903 deaths 48833932 (15215.5s) AMD Radeon AI PRO R9700 (RADV GFX1201)
tick 3256000 alive  1046077 genomes   49103 energy   194.1 births 49074984 deaths 49074927 (15220.2s) AMD Radeon AI PRO R9700 (RADV GFX1201)
tick 3257000 alive  1046032 genomes   49291 energy   194.5 births 48580199 deaths 48580244 (15224.9s) AMD Radeon AI PRO R9700 (RADV GFX1201)
tick 3258000 alive  1046000 genomes   48551 energy   194.5 births 48393307 deaths 48393339 (15229.6s) AMD Radeon AI PRO R9700 (RADV GFX1201)
tick 3259000 alive  1046026 genomes   48718 energy   194.7 births 48480224 deaths 48480198 (15234.2s) AMD Radeon AI PRO R9700 (RADV GFX1201)
tick 3260000 alive  1045988 genomes   49133 energy   194.2 births 48317821 deaths 48317859 (15238.9s) AMD Radeon AI PRO R9700 (RADV GFX1201)
tick 3261000 alive  1046021 genomes   48571 energy   194.7 births 48181234 deaths 48181201 (15243.6s) AMD Radeon AI PRO R9700 (RADV GFX1201)
tick 3262000 alive  1046081 genomes   49148 energy   194.5 births 48393947 deaths 48393887 (15248.3s) AMD Radeon AI PRO R9700 (RADV GFX1201)
tick 3263000 alive  1046089 genomes   48636 energy   194.5 births 48508221 deaths 48508213 (15253.0s) AMD Radeon AI PRO R9700 (RADV GFX1201)
tick 3264000 alive  1046091 genomes   48993 energy   194.2 births 48479248 deaths 48479246 (15257.7s) AMD Radeon AI PRO R9700 (RADV GFX1201)
tick 3265000 alive  1045982 genomes   48754 energy   194.4 births 48575570 deaths 48575679 (15262.4s) AMD Radeon AI PRO R9700 (RADV GFX1201)
tick 3266000 alive  1046016 genomes   50564 energy   193.2 births 48784993 deaths 48784959 (15267.1s) AMD Radeon AI PRO R9700 (RADV GFX1201)
tick 3267000 alive  1046019 genomes   49947 energy   193.3 births 49397326 deaths 49397323 (15271.8s) AMD Radeon AI PRO R9700 (RADV GFX1201)
tick 3268000 alive  1046155 genomes   48844 energy   194.1 births 49124743 deaths 49124607 (15276.5s) AMD Radeon AI PRO R9700 (RADV GFX1201)
tick 3269000 alive  1045980 genomes   48718 energy   195.0 births 48377668 deaths 48377843 (15281.2s) AMD Radeon AI PRO R9700 (RADV GFX1201)
tick 3270000 alive  1046038 genomes   48754 energy   194.8 births 48297617 deaths 48297559 (15285.9s) AMD Radeon AI PRO R9700 (RADV GFX1201)
tick 3271000 alive  1046041 genomes   49515 energy   193.9 births 48547446 deaths 48547443 (15290.5s) AMD Radeon AI PRO R9700 (RADV GFX1201)
tick 3272000 alive  1046006 genomes   51798 energy   193.1 births 49097866 deaths 49097901 (15295.2s) AMD Radeon AI PRO R9700 (RADV GFX1201)
tick 3273000 alive  1046092 genomes   50815 energy   193.4 births 49481809 deaths 49481723 (15299.9s) AMD Radeon AI PRO R9700 (RADV GFX1201)
tick 3274000 alive  1046032 genomes   50648 energy   193.3 births 49413432 deaths 49413492 (15304.6s) AMD Radeon AI PRO R9700 (RADV GFX1201)
tick 3275000 alive  1045958 genomes   50793 energy   193.0 births 49250165 deaths 49250239 (15309.3s) AMD Radeon AI PRO R9700 (RADV GFX1201)
tick 3276000 alive  1045976 genomes   50391 energy   193.7 births 49209859 deaths 49209841 (15314.0s) AMD Radeon AI PRO R9700 (RADV GFX1201)
tick 3277000 alive  1046010 genomes   50339 energy   193.6 births 48954644 deaths 48954610 (15318.6s) AMD Radeon AI PRO R9700 (RADV GFX1201)
tick 3278000 alive  1046042 genomes   50030 energy   193.6 births 49165716 deaths 49165684 (15323.4s) AMD Radeon AI PRO R9700 (RADV GFX1201)
tick 3279000 alive  1046042 genomes   50992 energy   193.2 births 49485373 deaths 49485373 (15328.0s) AMD Radeon AI PRO R9700 (RADV GFX1201)
tick 3280000 alive  1046123 genomes   51141 energy   193.3 births 49578010 deaths 49577929 (15332.7s) AMD Radeon AI PRO R9700 (RADV GFX1201)
tick 3281000 alive  1045988 genomes   49886 energy   194.3 births 49129806 deaths 49129941 (15337.4s) AMD Radeon AI PRO R9700 (RADV GFX1201)
tick 3282000 alive  1046075 genomes   48923 energy   194.2 births 48397355 deaths 48397268 (15342.1s) AMD Radeon AI PRO R9700 (RADV GFX1201)
tick 3283000 alive  1046144 genomes   49870 energy   194.2 births 48755688 deaths 48755619 (15346.8s) AMD Radeon AI PRO R9700 (RADV GFX1201)
tick 3284000 alive  1046024 genomes   50265 energy   193.8 births 48773578 deaths 48773698 (15351.4s) AMD Radeon AI PRO R9700 (RADV GFX1201)
tick 3285000 alive  1046011 genomes   49799 energy   194.2 births 48731998 deaths 48732011 (15356.1s) AMD Radeon AI PRO R9700 (RADV GFX1201)
tick 3286000 alive  1046067 genomes   49273 energy   194.5 births 48538609 deaths 48538553 (15360.7s) AMD Radeon AI PRO R9700 (RADV GFX1201)
tick 3287000 alive  1046167 genomes   48918 energy   195.3 births 48210196 deaths 48210096 (15365.3s) AMD Radeon AI PRO R9700 (RADV GFX1201)
tick 3288000 alive  1045986 genomes   48031 energy   195.4 births 47801144 deaths 47801325 (15370.0s) AMD Radeon AI PRO R9700 (RADV GFX1201)
tick 3289000 alive  1046077 genomes   49470 energy   194.2 births 47877473 deaths 47877382 (15374.6s) AMD Radeon AI PRO R9700 (RADV GFX1201)
tick 3290000 alive  1046116 genomes   50277 energy   193.9 births 48778433 deaths 48778394 (15379.3s) AMD Radeon AI PRO R9700 (RADV GFX1201)
tick 3291000 alive  1046050 genomes   50409 energy   193.8 births 48656908 deaths 48656974 (15384.0s) AMD Radeon AI PRO R9700 (RADV GFX1201)
tick 3292000 alive  1046008 genomes   49711 energy   194.2 births 48834781 deaths 48834823 (15388.6s) AMD Radeon AI PRO R9700 (RADV GFX1201)
tick 3293000 alive  1045989 genomes   50510 energy   194.2 births 48819236 deaths 48819255 (15393.2s) AMD Radeon AI PRO R9700 (RADV GFX1201)
tick 3294000 alive  1046014 genomes   50011 energy   194.4 births 48693559 deaths 48693534 (15397.9s) AMD Radeon AI PRO R9700 (RADV GFX1201)
tick 3295000 alive  1045979 genomes   49218 energy   194.8 births 48380264 deaths 48380299 (15402.5s) AMD Radeon AI PRO R9700 (RADV GFX1201)
tick 3296000 alive  1046098 genomes   50551 energy   194.0 births 48451773 deaths 48451654 (15407.2s) AMD Radeon AI PRO R9700 (RADV GFX1201)
tick 3297000 alive  1046070 genomes   50605 energy   193.4 births 48819976 deaths 48820004 (15411.8s) AMD Radeon AI PRO R9700 (RADV GFX1201)
tick 3298000 alive  1046032 genomes   50935 energy   193.3 births 49381826 deaths 49381864 (15416.4s) AMD Radeon AI PRO R9700 (RADV GFX1201)
tick 3299000 alive  1046045 genomes   50138 energy   193.5 births 49370295 deaths 49370282 (15421.0s) AMD Radeon AI PRO R9700 (RADV GFX1201)
tick 3300000 alive  1046062 genomes   50782 energy   193.3 births 49138984 deaths 49138967 (15425.6s) AMD Radeon AI PRO R9700 (RADV GFX1201)
tick 3301000 alive  1046014 genomes   50494 energy   193.3 births 49309680 deaths 49309728 (15430.3s) AMD Radeon AI PRO R9700 (RADV GFX1201)
tick 3302000 alive  1045994 genomes   50166 energy   193.4 births 49368634 deaths 49368654 (15434.9s) AMD Radeon AI PRO R9700 (RADV GFX1201)
tick 3303000 alive  1046012 genomes   49428 energy   194.1 births 49304685 deaths 49304667 (15439.6s) AMD Radeon AI PRO R9700 (RADV GFX1201)
tick 3304000 alive  1046053 genomes   48963 energy   194.2 births 48678535 deaths 48678494 (15444.2s) AMD Radeon AI PRO R9700 (RADV GFX1201)
tick 3305000 alive  1046009 genomes   49172 energy   194.2 births 48888036 deaths 48888080 (15448.9s) AMD Radeon AI PRO R9700 (RADV GFX1201)
tick 3306000 alive  1046123 genomes   49746 energy   194.1 births 48714499 deaths 48714385 (15453.5s) AMD Radeon AI PRO R9700 (RADV GFX1201)
tick 3307000 alive  1045997 genomes   50062 energy   193.9 births 49081581 deaths 49081707 (15458.2s) AMD Radeon AI PRO R9700 (RADV GFX1201)
tick 3308000 alive  1046065 genomes   49551 energy   194.3 births 48855868 deaths 48855800 (15462.8s) AMD Radeon AI PRO R9700 (RADV GFX1201)
tick 3309000 alive  1045950 genomes   49604 energy   194.1 births 48659854 deaths 48659969 (15467.4s) AMD Radeon AI PRO R9700 (RADV GFX1201)
tick 3310000 alive  1046017 genomes   49930 energy   193.7 births 48774903 deaths 48774836 (15472.1s) AMD Radeon AI PRO R9700 (RADV GFX1201)
tick 3311000 alive  1046065 genomes   49420 energy   194.6 births 48886103 deaths 48886055 (15476.7s) AMD Radeon AI PRO R9700 (RADV GFX1201)
tick 3312000 alive  1046106 genomes   49244 energy   194.3 births 48553094 deaths 48553053 (15481.4s) AMD Radeon AI PRO R9700 (RADV GFX1201)
tick 3313000 alive  1046121 genomes   48617 energy   195.1 births 48009895 deaths 48009880 (15486.0s) AMD Radeon AI PRO R9700 (RADV GFX1201)
tick 3314000 alive  1046062 genomes   48559 energy   195.0 births 48101710 deaths 48101769 (15490.7s) AMD Radeon AI PRO R9700 (RADV GFX1201)
tick 3315000 alive  1045937 genomes   50119 energy   193.9 births 48498105 deaths 48498230 (15495.5s) AMD Radeon AI PRO R9700 (RADV GFX1201)
tick 3316000 alive  1046076 genomes   49249 energy   194.3 births 48729422 deaths 48729283 (15500.1s) AMD Radeon AI PRO R9700 (RADV GFX1201)
tick 3317000 alive  1046052 genomes   48499 energy   194.9 births 47982024 deaths 47982048 (15504.8s) AMD Radeon AI PRO R9700 (RADV GFX1201)
tick 3318000 alive  1046107 genomes   49058 energy   194.8 births 48286087 deaths 48286032 (15509.4s) AMD Radeon AI PRO R9700 (RADV GFX1201)
tick 3319000 alive  1046085 genomes   48384 energy   194.5 births 48282632 deaths 48282654 (15514.1s) AMD Radeon AI PRO R9700 (RADV GFX1201)
tick 3320000 alive  1046055 genomes   49021 energy   194.7 births 48362318 deaths 48362348 (15518.7s) AMD Radeon AI PRO R9700 (RADV GFX1201)
tick 3321000 alive  1046121 genomes   47957 energy   195.5 births 48184331 deaths 48184265 (15523.4s) AMD Radeon AI PRO R9700 (RADV GFX1201)
tick 3322000 alive  1046048 genomes   48342 energy   194.9 births 47922487 deaths 47922560 (15528.1s) AMD Radeon AI PRO R9700 (RADV GFX1201)
tick 3323000 alive  1045952 genomes   48363 energy   194.7 births 48007295 deaths 48007391 (15532.7s) AMD Radeon AI PRO R9700 (RADV GFX1201)
tick 3324000 alive  1046083 genomes   48217 energy   194.9 births 48136915 deaths 48136784 (15537.4s) AMD Radeon AI PRO R9700 (RADV GFX1201)
tick 3325000 alive  1046021 genomes   47714 energy   195.2 births 47790913 deaths 47790975 (15542.0s) AMD Radeon AI PRO R9700 (RADV GFX1201)
tick 3326000 alive  1046040 genomes   48247 energy   195.2 births 47887417 deaths 47887398 (15546.7s) AMD Radeon AI PRO R9700 (RADV GFX1201)
tick 3327000 alive  1046006 genomes   48853 energy   194.9 births 47992777 deaths 47992811 (15551.4s) AMD Radeon AI PRO R9700 (RADV GFX1201)
tick 3328000 alive  1046011 genomes   49005 energy   194.6 births 48307613 deaths 48307608 (15556.1s) AMD Radeon AI PRO R9700 (RADV GFX1201)
tick 3329000 alive  1046031 genomes   49611 energy   194.1 births 48637677 deaths 48637657 (15560.7s) AMD Radeon AI PRO R9700 (RADV GFX1201)
tick 3330000 alive  1046064 genomes   50008 energy   194.0 births 48740946 deaths 48740913 (15565.4s) AMD Radeon AI PRO R9700 (RADV GFX1201)
tick 3331000 alive  1046141 genomes   49015 energy   194.2 births 48461822 deaths 48461745 (15570.0s) AMD Radeon AI PRO R9700 (RADV GFX1201)
tick 3332000 alive  1045985 genomes   49445 energy   194.2 births 48565215 deaths 48565371 (15574.6s) AMD Radeon AI PRO R9700 (RADV GFX1201)
tick 3333000 alive  1045964 genomes   50023 energy   193.9 births 49171012 deaths 49171033 (15579.3s) AMD Radeon AI PRO R9700 (RADV GFX1201)
tick 3334000 alive  1046041 genomes   48345 energy   194.9 births 48308956 deaths 48308879 (15583.9s) AMD Radeon AI PRO R9700 (RADV GFX1201)
tick 3335000 alive  1046109 genomes   47901 energy   195.3 births 47976528 deaths 47976460 (15588.5s) AMD Radeon AI PRO R9700 (RADV GFX1201)
tick 3336000 alive  1045979 genomes   47379 energy   195.6 births 47626621 deaths 47626751 (15593.2s) AMD Radeon AI PRO R9700 (RADV GFX1201)
tick 3337000 alive  1046130 genomes   49312 energy   194.2 births 48078390 deaths 48078239 (15597.8s) AMD Radeon AI PRO R9700 (RADV GFX1201)
tick 3338000 alive  1046020 genomes   49475 energy   194.1 births 48534458 deaths 48534568 (15602.5s) AMD Radeon AI PRO R9700 (RADV GFX1201)
tick 3339000 alive  1045982 genomes   48647 energy   194.4 births 48437325 deaths 48437363 (15607.1s) AMD Radeon AI PRO R9700 (RADV GFX1201)
tick 3340000 alive  1046008 genomes   48808 energy   194.5 births 48495780 deaths 48495754 (15611.8s) AMD Radeon AI PRO R9700 (RADV GFX1201)
tick 3341000 alive  1046034 genomes   49783 energy   194.1 births 48798641 deaths 48798615 (15616.4s) AMD Radeon AI PRO R9700 (RADV GFX1201)
tick 3342000 alive  1046027 genomes   49194 energy   194.1 births 48778721 deaths 48778728 (15621.1s) AMD Radeon AI PRO R9700 (RADV GFX1201)
tick 3343000 alive  1046024 genomes   48847 energy   194.3 births 48478708 deaths 48478711 (15625.8s) AMD Radeon AI PRO R9700 (RADV GFX1201)
tick 3344000 alive  1046095 genomes   49351 energy   194.2 births 48651715 deaths 48651644 (15630.5s) AMD Radeon AI PRO R9700 (RADV GFX1201)
tick 3345000 alive  1046047 genomes   49131 energy   194.4 births 48663545 deaths 48663593 (15635.1s) AMD Radeon AI PRO R9700 (RADV GFX1201)
tick 3346000 alive  1046024 genomes   50434 energy   193.5 births 48840627 deaths 48840650 (15639.8s) AMD Radeon AI PRO R9700 (RADV GFX1201)
tick 3347000 alive  1046031 genomes   51175 energy   193.5 births 49328033 deaths 49328026 (15644.4s) AMD Radeon AI PRO R9700 (RADV GFX1201)
tick 3348000 alive  1045990 genomes   51877 energy   192.7 births 49711322 deaths 49711363 (15649.1s) AMD Radeon AI PRO R9700 (RADV GFX1201)
tick 3349000 alive  1045940 genomes   50068 energy   193.5 births 49568724 deaths 49568774 (15653.7s) AMD Radeon AI PRO R9700 (RADV GFX1201)
tick 3350000 alive  1046033 genomes   50268 energy   193.9 births 49011430 deaths 49011337 (15658.4s) AMD Radeon AI PRO R9700 (RADV GFX1201)
tick 3351000 alive  1046044 genomes   48474 energy   194.5 births 48785019 deaths 48785008 (15663.1s) AMD Radeon AI PRO R9700 (RADV GFX1201)
tick 3352000 alive  1046093 genomes   49110 energy   193.9 births 48473270 deaths 48473221 (15667.8s) AMD Radeon AI PRO R9700 (RADV GFX1201)
tick 3353000 alive  1045989 genomes   49600 energy   194.1 births 48532791 deaths 48532895 (15672.4s) AMD Radeon AI PRO R9700 (RADV GFX1201)
tick 3354000 alive  1046000 genomes   48125 energy   195.1 births 48338904 deaths 48338893 (15677.1s) AMD Radeon AI PRO R9700 (RADV GFX1201)
tick 3355000 alive  1045999 genomes   47315 energy   195.6 births 47903980 deaths 47903981 (15681.7s) AMD Radeon AI PRO R9700 (RADV GFX1201)
tick 3356000 alive  1046012 genomes   47830 energy   195.2 births 47897780 deaths 47897767 (15686.4s) AMD Radeon AI PRO R9700 (RADV GFX1201)
tick 3357000 alive  1046060 genomes   48969 energy   194.5 births 48161969 deaths 48161921 (15691.0s) AMD Radeon AI PRO R9700 (RADV GFX1201)
tick 3358000 alive  1045909 genomes   48681 energy   194.9 births 48262016 deaths 48262167 (15695.6s) AMD Radeon AI PRO R9700 (RADV GFX1201)
tick 3359000 alive  1046052 genomes   49764 energy   193.9 births 48452538 deaths 48452395 (15700.3s) AMD Radeon AI PRO R9700 (RADV GFX1201)
tick 3360000 alive  1046068 genomes   48565 energy   195.2 births 48491218 deaths 48491202 (15704.9s) AMD Radeon AI PRO R9700 (RADV GFX1201)
tick 3361000 alive  1046162 genomes   48358 energy   194.6 births 48265436 deaths 48265342 (15709.6s) AMD Radeon AI PRO R9700 (RADV GFX1201)
tick 3362000 alive  1046031 genomes   48560 energy   194.7 births 48186434 deaths 48186565 (15714.2s) AMD Radeon AI PRO R9700 (RADV GFX1201)
tick 3363000 alive  1045990 genomes   48379 energy   194.9 births 48218146 deaths 48218187 (15718.9s) AMD Radeon AI PRO R9700 (RADV GFX1201)
tick 3364000 alive  1046066 genomes   48387 energy   194.8 births 48361537 deaths 48361461 (15723.6s) AMD Radeon AI PRO R9700 (RADV GFX1201)
tick 3365000 alive  1046057 genomes   47681 energy   195.4 births 47689572 deaths 47689581 (15728.3s) AMD Radeon AI PRO R9700 (RADV GFX1201)
tick 3366000 alive  1046026 genomes   48192 energy   195.4 births 47578660 deaths 47578691 (15733.0s) AMD Radeon AI PRO R9700 (RADV GFX1201)
tick 3367000 alive  1045998 genomes   48071 energy   195.3 births 47734543 deaths 47734571 (15737.7s) AMD Radeon AI PRO R9700 (RADV GFX1201)
tick 3368000 alive  1046027 genomes   47083 energy   195.8 births 47280075 deaths 47280046 (15742.4s) AMD Radeon AI PRO R9700 (RADV GFX1201)
tick 3369000 alive  1046070 genomes   47163 energy   195.6 births 47305631 deaths 47305588 (15747.0s) AMD Radeon AI PRO R9700 (RADV GFX1201)
tick 3370000 alive  1046061 genomes   46905 energy   195.9 births 47030795 deaths 47030804 (15751.7s) AMD Radeon AI PRO R9700 (RADV GFX1201)
tick 3371000 alive  1045973 genomes   46696 energy   196.1 births 47235501 deaths 47235589 (15756.4s) AMD Radeon AI PRO R9700 (RADV GFX1201)
tick 3372000 alive  1046137 genomes   47289 energy   195.7 births 47282825 deaths 47282661 (15761.1s) AMD Radeon AI PRO R9700 (RADV GFX1201)
tick 3373000 alive  1046124 genomes   47864 energy   195.2 births 47803860 deaths 47803873 (15765.7s) AMD Radeon AI PRO R9700 (RADV GFX1201)
tick 3374000 alive  1046054 genomes   48957 energy   194.3 births 47927301 deaths 47927371 (15770.5s) AMD Radeon AI PRO R9700 (RADV GFX1201)
tick 3375000 alive  1046140 genomes   48110 energy   195.0 births 48322749 deaths 48322663 (15775.1s) AMD Radeon AI PRO R9700 (RADV GFX1201)
tick 3376000 alive  1046068 genomes   48646 energy   194.5 births 47913051 deaths 47913123 (15779.9s) AMD Radeon AI PRO R9700 (RADV GFX1201)
tick 3377000 alive  1046023 genomes   47254 energy   195.5 births 47774434 deaths 47774479 (15784.7s) AMD Radeon AI PRO R9700 (RADV GFX1201)
tick 3378000 alive  1046100 genomes   48026 energy   195.3 births 47983179 deaths 47983102 (15789.4s) AMD Radeon AI PRO R9700 (RADV GFX1201)
tick 3379000 alive  1045960 genomes   47543 energy   195.3 births 47819743 deaths 47819883 (15794.0s) AMD Radeon AI PRO R9700 (RADV GFX1201)
tick 3380000 alive  1046038 genomes   49046 energy   194.5 births 47976944 deaths 47976866 (15798.7s) AMD Radeon AI PRO R9700 (RADV GFX1201)
tick 3381000 alive  1046087 genomes   47678 energy   195.6 births 47784312 deaths 47784263 (15803.4s) AMD Radeon AI PRO R9700 (RADV GFX1201)
tick 3382000 alive  1046048 genomes   47257 energy   195.3 births 47668102 deaths 47668141 (15808.1s) AMD Radeon AI PRO R9700 (RADV GFX1201)
tick 3383000 alive  1046047 genomes   47475 energy   195.1 births 47898882 deaths 47898883 (15812.7s) AMD Radeon AI PRO R9700 (RADV GFX1201)
tick 3384000 alive  1046136 genomes   48053 energy   194.9 births 47883389 deaths 47883300 (15817.4s) AMD Radeon AI PRO R9700 (RADV GFX1201)
tick 3385000 alive  1046068 genomes   49441 energy   193.8 births 48321621 deaths 48321689 (15822.0s) AMD Radeon AI PRO R9700 (RADV GFX1201)
tick 3386000 alive  1045935 genomes   49043 energy   194.0 births 49045875 deaths 49046008 (15826.7s) AMD Radeon AI PRO R9700 (RADV GFX1201)
tick 3387000 alive  1046063 genomes   49803 energy   193.6 births 48855257 deaths 48855129 (15831.4s) AMD Radeon AI PRO R9700 (RADV GFX1201)
tick 3388000 alive  1046028 genomes   49631 energy   193.7 births 48894317 deaths 48894352 (15836.1s) AMD Radeon AI PRO R9700 (RADV GFX1201)
tick 3389000 alive  1046024 genomes   49178 energy   193.7 births 49217821 deaths 49217825 (15840.8s) AMD Radeon AI PRO R9700 (RADV GFX1201)
tick 3390000 alive  1046003 genomes   48491 energy   194.4 births 48574261 deaths 48574282 (15845.5s) AMD Radeon AI PRO R9700 (RADV GFX1201)
tick 3391000 alive  1046100 genomes   49037 energy   193.9 births 48666827 deaths 48666730 (15850.1s) AMD Radeon AI PRO R9700 (RADV GFX1201)
tick 3392000 alive  1046075 genomes   48374 energy   194.2 births 48609883 deaths 48609908 (15854.7s) AMD Radeon AI PRO R9700 (RADV GFX1201)
tick 3393000 alive  1046127 genomes   49908 energy   193.6 births 48637269 deaths 48637217 (15859.3s) AMD Radeon AI PRO R9700 (RADV GFX1201)
tick 3394000 alive  1046002 genomes   47579 energy   194.8 births 48651009 deaths 48651134 (15864.0s) AMD Radeon AI PRO R9700 (RADV GFX1201)
tick 3395000 alive  1046032 genomes   48249 energy   194.6 births 48126539 deaths 48126509 (15868.6s) AMD Radeon AI PRO R9700 (RADV GFX1201)
tick 3396000 alive  1045987 genomes   49349 energy   194.2 births 48540720 deaths 48540765 (15873.3s) AMD Radeon AI PRO R9700 (RADV GFX1201)
tick 3397000 alive  1046019 genomes   49023 energy   194.2 births 48650500 deaths 48650468 (15877.9s) AMD Radeon AI PRO R9700 (RADV GFX1201)
tick 3398000 alive  1046105 genomes   49479 energy   194.1 births 48683761 deaths 48683675 (15882.5s) AMD Radeon AI PRO R9700 (RADV GFX1201)
tick 3399000 alive  1046011 genomes   51429 energy   192.8 births 49131018 deaths 49131112 (15887.2s) AMD Radeon AI PRO R9700 (RADV GFX1201)
tick 3400000 alive  1046036 genomes   50844 energy   193.3 births 49377035 deaths 49377010 (15891.9s) AMD Radeon AI PRO R9700 (RADV GFX1201)
tick 3401000 alive  1046060 genomes   49496 energy   194.3 births 48974177 deaths 48974153 (15896.6s) AMD Radeon AI PRO R9700 (RADV GFX1201)
tick 3402000 alive  1045977 genomes   48740 energy   194.6 births 48737386 deaths 48737469 (15901.3s) AMD Radeon AI PRO R9700 (RADV GFX1201)
tick 3403000 alive  1046073 genomes   48592 energy   194.5 births 48224795 deaths 48224699 (15905.9s) AMD Radeon AI PRO R9700 (RADV GFX1201)
tick 3404000 alive  1046005 genomes   48875 energy   194.6 births 48342811 deaths 48342879 (15910.5s) AMD Radeon AI PRO R9700 (RADV GFX1201)
tick 3405000 alive  1046057 genomes   49389 energy   194.5 births 48584496 deaths 48584444 (15915.2s) AMD Radeon AI PRO R9700 (RADV GFX1201)
tick 3406000 alive  1045982 genomes   48843 energy   194.9 births 48431231 deaths 48431306 (15919.8s) AMD Radeon AI PRO R9700 (RADV GFX1201)
tick 3407000 alive  1046112 genomes   48133 energy   195.0 births 48008824 deaths 48008694 (15924.6s) AMD Radeon AI PRO R9700 (RADV GFX1201)
tick 3408000 alive  1045971 genomes   48770 energy   194.6 births 48199695 deaths 48199836 (15929.2s) AMD Radeon AI PRO R9700 (RADV GFX1201)
tick 3409000 alive  1046104 genomes   49340 energy   194.3 births 48384002 deaths 48383869 (15933.9s) AMD Radeon AI PRO R9700 (RADV GFX1201)
tick 3410000 alive  1046002 genomes   50262 energy   193.7 births 48651159 deaths 48651261 (15938.5s) AMD Radeon AI PRO R9700 (RADV GFX1201)
tick 3411000 alive  1045995 genomes   50142 energy   194.0 births 48874483 deaths 48874490 (15943.2s) AMD Radeon AI PRO R9700 (RADV GFX1201)
tick 3412000 alive  1046055 genomes   49579 energy   194.2 births 48810032 deaths 48809972 (15947.8s) AMD Radeon AI PRO R9700 (RADV GFX1201)
tick 3413000 alive  1046016 genomes   49898 energy   194.0 births 48981097 deaths 48981136 (15952.6s) AMD Radeon AI PRO R9700 (RADV GFX1201)
tick 3414000 alive  1046006 genomes   50050 energy   194.0 births 48806631 deaths 48806641 (15957.3s) AMD Radeon AI PRO R9700 (RADV GFX1201)
tick 3415000 alive  1045990 genomes   50913 energy   193.6 births 48884545 deaths 48884561 (15961.9s) AMD Radeon AI PRO R9700 (RADV GFX1201)
tick 3416000 alive  1046017 genomes   50820 energy   193.5 births 49131025 deaths 49130998 (15966.6s) AMD Radeon AI PRO R9700 (RADV GFX1201)
tick 3417000 alive  1046098 genomes   50212 energy   193.9 births 49149671 deaths 49149590 (15971.2s) AMD Radeon AI PRO R9700 (RADV GFX1201)
tick 3418000 alive  1046096 genomes   49904 energy   194.3 births 48631952 deaths 48631954 (15975.9s) AMD Radeon AI PRO R9700 (RADV GFX1201)
tick 3419000 alive  1046062 genomes   49934 energy   194.5 births 48582742 deaths 48582776 (15980.5s) AMD Radeon AI PRO R9700 (RADV GFX1201)
tick 3420000 alive  1045998 genomes   49425 energy   194.8 births 48263353 deaths 48263417 (15985.2s) AMD Radeon AI PRO R9700 (RADV GFX1201)
tick 3421000 alive  1046081 genomes   47642 energy   195.4 births 47649965 deaths 47649882 (15989.8s) AMD Radeon AI PRO R9700 (RADV GFX1201)
tick 3422000 alive  1046021 genomes   47513 energy   195.9 births 47442263 deaths 47442323 (15994.6s) AMD Radeon AI PRO R9700 (RADV GFX1201)
tick 3423000 alive  1046035 genomes   48189 energy   194.8 births 47437132 deaths 47437118 (15999.3s) AMD Radeon AI PRO R9700 (RADV GFX1201)
tick 3424000 alive  1046075 genomes   48836 energy   194.6 births 48129405 deaths 48129365 (16003.9s) AMD Radeon AI PRO R9700 (RADV GFX1201)
tick 3425000 alive  1046046 genomes   49431 energy   194.9 births 48317245 deaths 48317274 (16008.6s) AMD Radeon AI PRO R9700 (RADV GFX1201)
tick 3426000 alive  1045946 genomes   49365 energy   194.8 births 48313268 deaths 48313368 (16013.2s) AMD Radeon AI PRO R9700 (RADV GFX1201)
tick 3427000 alive  1046003 genomes   50248 energy   194.2 births 48671632 deaths 48671575 (16017.9s) AMD Radeon AI PRO R9700 (RADV GFX1201)
tick 3428000 alive  1046139 genomes   49786 energy   194.4 births 48729727 deaths 48729591 (16022.5s) AMD Radeon AI PRO R9700 (RADV GFX1201)
tick 3429000 alive  1046005 genomes   48845 energy   194.8 births 48316454 deaths 48316588 (16027.1s) AMD Radeon AI PRO R9700 (RADV GFX1201)
tick 3430000 alive  1045999 genomes   48909 energy   194.9 births 48163654 deaths 48163660 (16031.8s) AMD Radeon AI PRO R9700 (RADV GFX1201)
tick 3431000 alive  1046019 genomes   49096 energy   194.5 births 48081449 deaths 48081429 (16036.4s) AMD Radeon AI PRO R9700 (RADV GFX1201)
tick 3432000 alive  1046044 genomes   48980 energy   194.7 births 48137102 deaths 48137077 (16041.0s) AMD Radeon AI PRO R9700 (RADV GFX1201)
tick 3433000 alive  1046012 genomes   49561 energy   194.3 births 48529436 deaths 48529468 (16045.7s) AMD Radeon AI PRO R9700 (RADV GFX1201)
tick 3434000 alive  1046023 genomes   50200 energy   193.6 births 48861539 deaths 48861528 (16050.4s) AMD Radeon AI PRO R9700 (RADV GFX1201)
tick 3435000 alive  1046005 genomes   49579 energy   194.1 births 48803834 deaths 48803852 (16055.0s) AMD Radeon AI PRO R9700 (RADV GFX1201)
tick 3436000 alive  1046099 genomes   48663 energy   194.6 births 48665184 deaths 48665090 (16059.7s) AMD Radeon AI PRO R9700 (RADV GFX1201)
tick 3437000 alive  1046023 genomes   49028 energy   194.3 births 48376226 deaths 48376302 (16064.3s) AMD Radeon AI PRO R9700 (RADV GFX1201)
tick 3438000 alive  1046028 genomes   50181 energy   193.5 births 48705951 deaths 48705946 (16069.0s) AMD Radeon AI PRO R9700 (RADV GFX1201)
tick 3439000 alive  1046049 genomes   49279 energy   194.5 births 48915547 deaths 48915526 (16073.6s) AMD Radeon AI PRO R9700 (RADV GFX1201)
tick 3440000 alive  1046091 genomes   49037 energy   194.2 births 48440716 deaths 48440674 (16078.5s) AMD Radeon AI PRO R9700 (RADV GFX1201)
tick 3441000 alive  1046069 genomes   47555 energy   195.5 births 48160494 deaths 48160516 (16083.1s) AMD Radeon AI PRO R9700 (RADV GFX1201)
tick 3442000 alive  1046123 genomes   47695 energy   195.8 births 47431162 deaths 47431108 (16087.8s) AMD Radeon AI PRO R9700 (RADV GFX1201)
tick 3443000 alive  1046007 genomes   47877 energy   195.0 births 47741862 deaths 47741978 (16092.4s) AMD Radeon AI PRO R9700 (RADV GFX1201)
tick 3444000 alive  1045988 genomes   48343 energy   195.0 births 47610852 deaths 47610871 (16097.0s) AMD Radeon AI PRO R9700 (RADV GFX1201)
tick 3445000 alive  1046034 genomes   49949 energy   194.3 births 48141854 deaths 48141808 (16101.7s) AMD Radeon AI PRO R9700 (RADV GFX1201)
tick 3446000 alive  1046063 genomes   49941 energy   193.9 births 48890934 deaths 48890905 (16106.3s) AMD Radeon AI PRO R9700 (RADV GFX1201)
tick 3447000 alive  1045940 genomes   49698 energy   194.3 births 48657875 deaths 48657998 (16110.9s) AMD Radeon AI PRO R9700 (RADV GFX1201)
tick 3448000 alive  1046088 genomes   48301 energy   195.2 births 48381449 deaths 48381301 (16115.5s) AMD Radeon AI PRO R9700 (RADV GFX1201)
tick 3449000 alive  1046060 genomes   47864 energy   195.3 births 47625074 deaths 47625102 (16120.2s) AMD Radeon AI PRO R9700 (RADV GFX1201)
tick 3450000 alive  1046030 genomes   47080 energy   195.7 births 47488608 deaths 47488638 (16124.8s) AMD Radeon AI PRO R9700 (RADV GFX1201)
tick 3451000 alive  1046035 genomes   47200 energy   196.0 births 47269635 deaths 47269630 (16129.4s) AMD Radeon AI PRO R9700 (RADV GFX1201)
tick 3452000 alive  1046027 genomes   47952 energy   195.6 births 47452446 deaths 47452454 (16134.0s) AMD Radeon AI PRO R9700 (RADV GFX1201)
tick 3453000 alive  1045981 genomes   47558 energy   195.6 births 47582854 deaths 47582900 (16138.7s) AMD Radeon AI PRO R9700 (RADV GFX1201)
tick 3454000 alive  1046051 genomes   47111 energy   196.1 births 47122385 deaths 47122315 (16143.3s) AMD Radeon AI PRO R9700 (RADV GFX1201)
tick 3455000 alive  1046026 genomes   47114 energy   195.5 births 47354899 deaths 47354924 (16147.9s) AMD Radeon AI PRO R9700 (RADV GFX1201)
tick 3456000 alive  1046091 genomes   47214 energy   195.2 births 47590889 deaths 47590824 (16152.5s) AMD Radeon AI PRO R9700 (RADV GFX1201)
tick 3457000 alive  1045988 genomes   47630 energy   195.4 births 47651994 deaths 47652097 (16157.2s) AMD Radeon AI PRO R9700 (RADV GFX1201)
tick 3458000 alive  1046052 genomes   47894 energy   195.0 births 47799009 deaths 47798945 (16161.8s) AMD Radeon AI PRO R9700 (RADV GFX1201)
tick 3459000 alive  1045972 genomes   48058 energy   195.3 births 47738905 deaths 47738985 (16166.5s) AMD Radeon AI PRO R9700 (RADV GFX1201)
tick 3460000 alive  1046026 genomes   47001 energy   195.3 births 47762841 deaths 47762787 (16171.2s) AMD Radeon AI PRO R9700 (RADV GFX1201)
tick 3461000 alive  1046108 genomes   48136 energy   194.5 births 47896010 deaths 47895928 (16175.9s) AMD Radeon AI PRO R9700 (RADV GFX1201)
tick 3462000 alive  1046121 genomes   47318 energy   195.2 births 47964910 deaths 47964897 (16180.5s) AMD Radeon AI PRO R9700 (RADV GFX1201)
tick 3463000 alive  1046016 genomes   47189 energy   195.1 births 47871619 deaths 47871724 (16185.2s) AMD Radeon AI PRO R9700 (RADV GFX1201)
tick 3464000 alive  1045907 genomes   47590 energy   195.1 births 47977555 deaths 47977664 (16189.8s) AMD Radeon AI PRO R9700 (RADV GFX1201)
tick 3465000 alive  1046048 genomes   47337 energy   195.0 births 47915382 deaths 47915241 (16194.4s) AMD Radeon AI PRO R9700 (RADV GFX1201)
tick 3466000 alive  1046081 genomes   47368 energy   195.4 births 47533177 deaths 47533144 (16199.1s) AMD Radeon AI PRO R9700 (RADV GFX1201)
tick 3467000 alive  1045979 genomes   47661 energy   194.9 births 47790567 deaths 47790669 (16203.8s) AMD Radeon AI PRO R9700 (RADV GFX1201)
tick 3468000 alive  1046029 genomes   47812 energy   194.6 births 47976588 deaths 47976538 (16208.4s) AMD Radeon AI PRO R9700 (RADV GFX1201)
tick 3469000 alive  1045934 genomes   46823 energy   195.3 births 47909904 deaths 47909999 (16213.0s) AMD Radeon AI PRO R9700 (RADV GFX1201)
tick 3470000 alive  1046066 genomes   47299 energy   195.3 births 47440367 deaths 47440235 (16217.6s) AMD Radeon AI PRO R9700 (RADV GFX1201)
tick 3471000 alive  1046039 genomes   47141 energy   195.5 births 47473055 deaths 47473082 (16222.3s) AMD Radeon AI PRO R9700 (RADV GFX1201)
tick 3472000 alive  1046032 genomes   46230 energy   196.0 births 47523339 deaths 47523346 (16226.8s) AMD Radeon AI PRO R9700 (RADV GFX1201)
tick 3473000 alive  1045937 genomes   45989 energy   195.8 births 46983620 deaths 46983715 (16231.5s) AMD Radeon AI PRO R9700 (RADV GFX1201)
tick 3474000 alive  1045973 genomes   47553 energy   194.8 births 47631482 deaths 47631446 (16236.1s) AMD Radeon AI PRO R9700 (RADV GFX1201)
tick 3475000 alive  1045994 genomes   47106 energy   195.1 births 47859175 deaths 47859154 (16240.8s) AMD Radeon AI PRO R9700 (RADV GFX1201)
tick 3476000 alive  1046003 genomes   47480 energy   194.9 births 47909810 deaths 47909801 (16245.3s) AMD Radeon AI PRO R9700 (RADV GFX1201)
tick 3477000 alive  1046120 genomes   46689 energy   195.5 births 48071923 deaths 48071806 (16250.0s) AMD Radeon AI PRO R9700 (RADV GFX1201)
tick 3478000 alive  1046042 genomes   46955 energy   195.3 births 47595750 deaths 47595828 (16254.6s) AMD Radeon AI PRO R9700 (RADV GFX1201)
tick 3479000 alive  1046193 genomes   46689 energy   195.5 births 47707141 deaths 47706990 (16259.3s) AMD Radeon AI PRO R9700 (RADV GFX1201)
tick 3480000 alive  1046096 genomes   47798 energy   195.0 births 47592221 deaths 47592318 (16263.9s) AMD Radeon AI PRO R9700 (RADV GFX1201)
tick 3481000 alive  1046013 genomes   48154 energy   194.8 births 48164183 deaths 48164266 (16268.5s) AMD Radeon AI PRO R9700 (RADV GFX1201)
tick 3482000 alive  1046032 genomes   48746 energy   194.1 births 48264891 deaths 48264872 (16273.1s) AMD Radeon AI PRO R9700 (RADV GFX1201)
tick 3483000 alive  1046059 genomes   48533 energy   194.7 births 48494035 deaths 48494008 (16277.8s) AMD Radeon AI PRO R9700 (RADV GFX1201)
tick 3484000 alive  1046058 genomes   48143 energy   194.8 births 48280684 deaths 48280685 (16282.3s) AMD Radeon AI PRO R9700 (RADV GFX1201)
tick 3485000 alive  1046102 genomes   48078 energy   194.9 births 47953134 deaths 47953090 (16287.0s) AMD Radeon AI PRO R9700 (RADV GFX1201)
tick 3486000 alive  1046046 genomes   48010 energy   194.7 births 48000662 deaths 48000718 (16291.6s) AMD Radeon AI PRO R9700 (RADV GFX1201)
tick 3487000 alive  1046044 genomes   47695 energy   194.9 births 48082680 deaths 48082682 (16296.2s) AMD Radeon AI PRO R9700 (RADV GFX1201)
tick 3488000 alive  1046062 genomes   46737 energy   195.5 births 47685887 deaths 47685869 (16300.8s) AMD Radeon AI PRO R9700 (RADV GFX1201)
tick 3489000 alive  1046041 genomes   45994 energy   196.3 births 47223182 deaths 47223203 (16305.5s) AMD Radeon AI PRO R9700 (RADV GFX1201)
tick 3490000 alive  1045975 genomes   47243 energy   195.4 births 47467178 deaths 47467244 (16310.1s) AMD Radeon AI PRO R9700 (RADV GFX1201)
tick 3491000 alive  1045940 genomes   46386 energy   195.4 births 47489821 deaths 47489856 (16314.8s) AMD Radeon AI PRO R9700 (RADV GFX1201)
tick 3492000 alive  1046055 genomes   46972 energy   195.5 births 47480984 deaths 47480869 (16319.4s) AMD Radeon AI PRO R9700 (RADV GFX1201)
tick 3493000 alive  1046065 genomes   48680 energy   194.4 births 47903248 deaths 47903238 (16324.1s) AMD Radeon AI PRO R9700 (RADV GFX1201)
tick 3494000 alive  1046011 genomes   49401 energy   193.9 births 48755924 deaths 48755978 (16328.7s) AMD Radeon AI PRO R9700 (RADV GFX1201)
tick 3495000 alive  1045952 genomes   49010 energy   194.0 births 48693121 deaths 48693180 (16333.4s) AMD Radeon AI PRO R9700 (RADV GFX1201)
tick 3496000 alive  1046105 genomes   48605 energy   194.3 births 48631150 deaths 48630997 (16338.0s) AMD Radeon AI PRO R9700 (RADV GFX1201)
tick 3497000 alive  1046152 genomes   47350 energy   195.4 births 48231466 deaths 48231419 (16342.7s) AMD Radeon AI PRO R9700 (RADV GFX1201)
tick 3498000 alive  1046032 genomes   47788 energy   194.9 births 48013382 deaths 48013502 (16347.3s) AMD Radeon AI PRO R9700 (RADV GFX1201)
tick 3499000 alive  1046018 genomes   48582 energy   194.2 births 48299318 deaths 48299332 (16352.0s) AMD Radeon AI PRO R9700 (RADV GFX1201)
tick 3500000 alive  1046014 genomes   49173 energy   194.6 births 48551295 deaths 48551299 (16356.6s) AMD Radeon AI PRO R9700 (RADV GFX1201)
tick 3501000 alive  1046039 genomes   48772 energy   195.0 births 48470547 deaths 48470522 (16361.3s) AMD Radeon AI PRO R9700 (RADV GFX1201)
tick 3502000 alive  1046060 genomes   47269 energy   195.7 births 47681331 deaths 47681310 (16365.9s) AMD Radeon AI PRO R9700 (RADV GFX1201)
tick 3503000 alive  1046031 genomes   47971 energy   195.1 births 47810619 deaths 47810648 (16370.6s) AMD Radeon AI PRO R9700 (RADV GFX1201)
tick 3504000 alive  1045959 genomes   48120 energy   195.1 births 47829962 deaths 47830034 (16375.3s) AMD Radeon AI PRO R9700 (RADV GFX1201)
tick 3505000 alive  1045991 genomes   48504 energy   195.2 births 47963114 deaths 47963082 (16379.9s) AMD Radeon AI PRO R9700 (RADV GFX1201)
tick 3506000 alive  1045964 genomes   48964 energy   194.9 births 47942067 deaths 47942094 (16384.6s) AMD Radeon AI PRO R9700 (RADV GFX1201)
tick 3507000 alive  1045993 genomes   48037 energy   194.9 births 48143454 deaths 48143425 (16389.3s) AMD Radeon AI PRO R9700 (RADV GFX1201)
tick 3508000 alive  1045992 genomes   47650 energy   195.1 births 47910179 deaths 47910180 (16393.9s) AMD Radeon AI PRO R9700 (RADV GFX1201)
tick 3509000 alive  1046064 genomes   48910 energy   194.4 births 48391839 deaths 48391767 (16398.6s) AMD Radeon AI PRO R9700 (RADV GFX1201)
tick 3510000 alive  1046031 genomes   48573 energy   194.7 births 48334902 deaths 48334935 (16403.2s) AMD Radeon AI PRO R9700 (RADV GFX1201)
tick 3511000 alive  1045947 genomes   48128 energy   194.9 births 48062789 deaths 48062873 (16407.8s) AMD Radeon AI PRO R9700 (RADV GFX1201)
tick 3512000 alive  1046024 genomes   48705 energy   194.4 births 47781927 deaths 47781850 (16412.5s) AMD Radeon AI PRO R9700 (RADV GFX1201)
tick 3513000 alive  1045969 genomes   49290 energy   194.0 births 48713496 deaths 48713551 (16417.1s) AMD Radeon AI PRO R9700 (RADV GFX1201)
tick 3514000 alive  1046004 genomes   49155 energy   194.1 births 48826377 deaths 48826342 (16421.8s) AMD Radeon AI PRO R9700 (RADV GFX1201)
tick 3515000 alive  1046021 genomes   49329 energy   193.9 births 48733306 deaths 48733289 (16426.4s) AMD Radeon AI PRO R9700 (RADV GFX1201)
tick 3516000 alive  1045975 genomes   49555 energy   194.4 births 48744929 deaths 48744975 (16431.1s) AMD Radeon AI PRO R9700 (RADV GFX1201)
tick 3517000 alive  1046019 genomes   48367 energy   195.1 births 48245225 deaths 48245181 (16435.7s) AMD Radeon AI PRO R9700 (RADV GFX1201)
tick 3518000 alive  1046095 genomes   47334 energy   195.7 births 47958176 deaths 47958100 (16440.4s) AMD Radeon AI PRO R9700 (RADV GFX1201)
tick 3519000 alive  1046039 genomes   47096 energy   195.9 births 47477722 deaths 47477778 (16445.1s) AMD Radeon AI PRO R9700 (RADV GFX1201)
tick 3520000 alive  1046068 genomes   47439 energy   195.6 births 47259980 deaths 47259951 (16449.7s) AMD Radeon AI PRO R9700 (RADV GFX1201)
tick 3521000 alive  1046095 genomes   47054 energy   196.1 births 47222995 deaths 47222968 (16454.4s) AMD Radeon AI PRO R9700 (RADV GFX1201)
tick 3522000 alive  1046027 genomes   47643 energy   195.4 births 47246103 deaths 47246171 (16459.0s) AMD Radeon AI PRO R9700 (RADV GFX1201)
tick 3523000 alive  1046041 genomes   48213 energy   195.4 births 47783525 deaths 47783511 (16463.7s) AMD Radeon AI PRO R9700 (RADV GFX1201)
tick 3524000 alive  1046084 genomes   48998 energy   194.9 births 47915123 deaths 47915080 (16468.3s) AMD Radeon AI PRO R9700 (RADV GFX1201)
tick 3525000 alive  1046050 genomes   50160 energy   194.3 births 48415356 deaths 48415390 (16473.0s) AMD Radeon AI PRO R9700 (RADV GFX1201)
tick 3526000 alive  1046029 genomes   50042 energy   194.3 births 48733695 deaths 48733716 (16477.7s) AMD Radeon AI PRO R9700 (RADV GFX1201)
tick 3527000 alive  1046022 genomes   49184 energy   194.7 births 48177395 deaths 48177402 (16482.4s) AMD Radeon AI PRO R9700 (RADV GFX1201)
tick 3528000 alive  1046055 genomes   49142 energy   194.5 births 48161045 deaths 48161012 (16487.0s) AMD Radeon AI PRO R9700 (RADV GFX1201)
tick 3529000 alive  1046006 genomes   49053 energy   194.5 births 48461408 deaths 48461457 (16491.7s) AMD Radeon AI PRO R9700 (RADV GFX1201)
tick 3530000 alive  1046022 genomes   49661 energy   193.9 births 48560830 deaths 48560814 (16496.3s) AMD Radeon AI PRO R9700 (RADV GFX1201)
tick 3531000 alive  1046011 genomes   49727 energy   194.2 births 48894723 deaths 48894734 (16501.0s) AMD Radeon AI PRO R9700 (RADV GFX1201)
tick 3532000 alive  1046042 genomes   49254 energy   194.3 births 48703061 deaths 48703030 (16505.6s) AMD Radeon AI PRO R9700 (RADV GFX1201)
tick 3533000 alive  1046077 genomes   50045 energy   194.0 births 48546465 deaths 48546430 (16510.3s) AMD Radeon AI PRO R9700 (RADV GFX1201)
tick 3534000 alive  1046016 genomes   49856 energy   194.3 births 48477063 deaths 48477124 (16515.0s) AMD Radeon AI PRO R9700 (RADV GFX1201)
tick 3535000 alive  1046039 genomes   49326 energy   194.5 births 48475228 deaths 48475205 (16519.6s) AMD Radeon AI PRO R9700 (RADV GFX1201)
tick 3536000 alive  1046007 genomes   49175 energy   193.9 births 48698688 deaths 48698720 (16524.3s) AMD Radeon AI PRO R9700 (RADV GFX1201)
tick 3537000 alive  1046070 genomes   49458 energy   194.3 births 48886316 deaths 48886253 (16529.0s) AMD Radeon AI PRO R9700 (RADV GFX1201)
tick 3538000 alive  1045987 genomes   48710 energy   194.8 births 48357021 deaths 48357104 (16533.7s) AMD Radeon AI PRO R9700 (RADV GFX1201)
tick 3539000 alive  1046048 genomes   48391 energy   194.5 births 48267843 deaths 48267782 (16538.4s) AMD Radeon AI PRO R9700 (RADV GFX1201)
tick 3540000 alive  1046021 genomes   49017 energy   194.7 births 48252803 deaths 48252830 (16543.0s) AMD Radeon AI PRO R9700 (RADV GFX1201)
tick 3541000 alive  1046112 genomes   48435 energy   194.4 births 48386711 deaths 48386620 (16547.7s) AMD Radeon AI PRO R9700 (RADV GFX1201)
tick 3542000 alive  1045957 genomes   50011 energy   193.7 births 48638452 deaths 48638607 (16552.3s) AMD Radeon AI PRO R9700 (RADV GFX1201)
tick 3543000 alive  1046075 genomes   50637 energy   193.5 births 49111939 deaths 49111821 (16557.0s) AMD Radeon AI PRO R9700 (RADV GFX1201)
tick 3544000 alive  1045979 genomes   51080 energy   193.1 births 49472916 deaths 49473012 (16561.6s) AMD Radeon AI PRO R9700 (RADV GFX1201)
tick 3545000 alive  1046039 genomes   49761 energy   194.2 births 48940855 deaths 48940795 (16566.3s) AMD Radeon AI PRO R9700 (RADV GFX1201)
tick 3546000 alive  1046023 genomes   49924 energy   194.0 births 48918728 deaths 48918744 (16570.9s) AMD Radeon AI PRO R9700 (RADV GFX1201)
tick 3547000 alive  1046126 genomes   48464 energy   195.0 births 48452075 deaths 48451972 (16575.6s) AMD Radeon AI PRO R9700 (RADV GFX1201)
tick 3548000 alive  1046101 genomes   49870 energy   194.2 births 48652663 deaths 48652688 (16580.2s) AMD Radeon AI PRO R9700 (RADV GFX1201)
tick 3549000 alive  1046060 genomes   49343 energy   194.5 births 48566230 deaths 48566271 (16584.9s) AMD Radeon AI PRO R9700 (RADV GFX1201)
tick 3550000 alive  1046014 genomes   49507 energy   194.4 births 48404136 deaths 48404182 (16589.6s) AMD Radeon AI PRO R9700 (RADV GFX1201)
tick 3551000 alive  1045934 genomes   49585 energy   194.5 births 48385762 deaths 48385842 (16594.2s) AMD Radeon AI PRO R9700 (RADV GFX1201)
tick 3552000 alive  1046042 genomes   51313 energy   193.4 births 48925956 deaths 48925848 (16598.9s) AMD Radeon AI PRO R9700 (RADV GFX1201)
tick 3553000 alive  1046077 genomes   50624 energy   193.8 births 48952113 deaths 48952078 (16603.6s) AMD Radeon AI PRO R9700 (RADV GFX1201)
tick 3554000 alive  1046105 genomes   49710 energy   194.1 births 48708853 deaths 48708825 (16608.2s) AMD Radeon AI PRO R9700 (RADV GFX1201)
tick 3555000 alive  1046074 genomes   49029 energy   195.2 births 48458181 deaths 48458212 (16612.9s) AMD Radeon AI PRO R9700 (RADV GFX1201)
tick 3556000 alive  1046025 genomes   50102 energy   193.9 births 48396063 deaths 48396112 (16617.6s) AMD Radeon AI PRO R9700 (RADV GFX1201)
tick 3557000 alive  1045946 genomes   49255 energy   194.5 births 48541421 deaths 48541500 (16622.2s) AMD Radeon AI PRO R9700 (RADV GFX1201)
tick 3558000 alive  1045953 genomes   50499 energy   193.8 births 48723841 deaths 48723834 (16626.9s) AMD Radeon AI PRO R9700 (RADV GFX1201)
tick 3559000 alive  1046028 genomes   51918 energy   192.8 births 49472837 deaths 49472762 (16631.6s) AMD Radeon AI PRO R9700 (RADV GFX1201)
tick 3560000 alive  1046006 genomes   50887 energy   193.4 births 49627564 deaths 49627586 (16636.3s) AMD Radeon AI PRO R9700 (RADV GFX1201)
tick 3561000 alive  1045902 genomes   50818 energy   193.2 births 49514996 deaths 49515100 (16641.0s) AMD Radeon AI PRO R9700 (RADV GFX1201)
tick 3562000 alive  1046071 genomes   50319 energy   193.7 births 49343700 deaths 49343531 (16645.6s) AMD Radeon AI PRO R9700 (RADV GFX1201)
tick 3563000 alive  1046029 genomes   49903 energy   194.1 births 49203742 deaths 49203784 (16650.3s) AMD Radeon AI PRO R9700 (RADV GFX1201)
tick 3564000 alive  1046047 genomes   50624 energy   193.5 births 49098306 deaths 49098288 (16655.0s) AMD Radeon AI PRO R9700 (RADV GFX1201)
tick 3565000 alive  1046012 genomes   50992 energy   193.2 births 49140738 deaths 49140773 (16659.7s) AMD Radeon AI PRO R9700 (RADV GFX1201)
tick 3566000 alive  1045990 genomes   51341 energy   192.9 births 49381446 deaths 49381468 (16664.3s) AMD Radeon AI PRO R9700 (RADV GFX1201)
tick 3567000 alive  1046077 genomes   51168 energy   193.0 births 49591558 deaths 49591471 (16669.0s) AMD Radeon AI PRO R9700 (RADV GFX1201)
tick 3568000 alive  1046133 genomes   50665 energy   193.6 births 49665896 deaths 49665840 (16673.7s) AMD Radeon AI PRO R9700 (RADV GFX1201)
tick 3569000 alive  1045957 genomes   50622 energy   193.5 births 49216545 deaths 49216721 (16678.4s) AMD Radeon AI PRO R9700 (RADV GFX1201)
tick 3570000 alive  1046018 genomes   49164 energy   194.5 births 48884322 deaths 48884261 (16683.1s) AMD Radeon AI PRO R9700 (RADV GFX1201)
tick 3571000 alive  1046002 genomes   50355 energy   193.9 births 48653936 deaths 48653952 (16687.7s) AMD Radeon AI PRO R9700 (RADV GFX1201)
tick 3572000 alive  1046056 genomes   51388 energy   193.3 births 49434775 deaths 49434721 (16692.4s) AMD Radeon AI PRO R9700 (RADV GFX1201)
tick 3573000 alive  1046083 genomes   50961 energy   193.4 births 49224540 deaths 49224513 (16697.1s) AMD Radeon AI PRO R9700 (RADV GFX1201)
tick 3574000 alive  1046003 genomes   50019 energy   194.3 births 49097662 deaths 49097742 (16701.8s) AMD Radeon AI PRO R9700 (RADV GFX1201)
tick 3575000 alive  1045990 genomes   49876 energy   194.4 births 48623557 deaths 48623570 (16706.5s) AMD Radeon AI PRO R9700 (RADV GFX1201)
tick 3576000 alive  1046002 genomes   49702 energy   194.0 births 48470731 deaths 48470719 (16711.2s) AMD Radeon AI PRO R9700 (RADV GFX1201)
tick 3577000 alive  1046139 genomes   50084 energy   193.7 births 48841417 deaths 48841280 (16715.9s) AMD Radeon AI PRO R9700 (RADV GFX1201)
tick 3578000 alive  1045936 genomes   50697 energy   193.4 births 49326098 deaths 49326301 (16720.5s) AMD Radeon AI PRO R9700 (RADV GFX1201)
tick 3579000 alive  1046040 genomes   49659 energy   194.3 births 48672202 deaths 48672098 (16725.2s) AMD Radeon AI PRO R9700 (RADV GFX1201)
tick 3580000 alive  1046114 genomes   49593 energy   194.7 births 48468083 deaths 48468009 (16729.8s) AMD Radeon AI PRO R9700 (RADV GFX1201)
tick 3581000 alive  1046044 genomes   50037 energy   194.1 births 48399650 deaths 48399720 (16734.5s) AMD Radeon AI PRO R9700 (RADV GFX1201)
tick 3582000 alive  1046032 genomes   48891 energy   194.9 births 48336436 deaths 48336448 (16739.1s) AMD Radeon AI PRO R9700 (RADV GFX1201)
tick 3583000 alive  1046038 genomes   48823 energy   195.3 births 47986739 deaths 47986733 (16743.8s) AMD Radeon AI PRO R9700 (RADV GFX1201)
tick 3584000 alive  1046121 genomes   48468 energy   195.2 births 47743809 deaths 47743726 (16748.4s) AMD Radeon AI PRO R9700 (RADV GFX1201)
tick 3585000 alive  1046006 genomes   48657 energy   195.0 births 47762837 deaths 47762952 (16753.0s) AMD Radeon AI PRO R9700 (RADV GFX1201)
tick 3586000 alive  1046013 genomes   48747 energy   194.9 births 47755918 deaths 47755911 (16757.6s) AMD Radeon AI PRO R9700 (RADV GFX1201)
tick 3587000 alive  1045983 genomes   49703 energy   194.3 births 48041478 deaths 48041508 (16762.3s) AMD Radeon AI PRO R9700 (RADV GFX1201)
tick 3588000 alive  1045986 genomes   49809 energy   194.5 births 48380201 deaths 48380198 (16766.9s) AMD Radeon AI PRO R9700 (RADV GFX1201)
tick 3589000 alive  1046100 genomes   48634 energy   195.1 births 48376324 deaths 48376210 (16771.5s) AMD Radeon AI PRO R9700 (RADV GFX1201)
tick 3590000 alive  1046009 genomes   48658 energy   195.3 births 47647586 deaths 47647677 (16776.1s) AMD Radeon AI PRO R9700 (RADV GFX1201)
tick 3591000 alive  1046044 genomes   48497 energy   195.1 births 47864219 deaths 47864184 (16780.8s) AMD Radeon AI PRO R9700 (RADV GFX1201)
tick 3592000 alive  1046054 genomes   50084 energy   193.7 births 48511957 deaths 48511947 (16785.4s) AMD Radeon AI PRO R9700 (RADV GFX1201)
tick 3593000 alive  1046048 genomes   51402 energy   192.7 births 49297840 deaths 49297846 (16790.0s) AMD Radeon AI PRO R9700 (RADV GFX1201)
tick 3594000 alive  1046056 genomes   49682 energy   194.1 births 49204426 deaths 49204418 (16794.6s) AMD Radeon AI PRO R9700 (RADV GFX1201)
tick 3595000 alive  1046077 genomes   48887 energy   194.4 births 48624767 deaths 48624746 (16799.4s) AMD Radeon AI PRO R9700 (RADV GFX1201)
tick 3596000 alive  1046051 genomes   47115 energy   195.5 births 48144747 deaths 48144773 (16804.0s) AMD Radeon AI PRO R9700 (RADV GFX1201)
tick 3597000 alive  1046013 genomes   47574 energy   195.3 births 47776034 deaths 47776072 (16808.6s) AMD Radeon AI PRO R9700 (RADV GFX1201)
tick 3598000 alive  1046046 genomes   47771 energy   195.2 births 48014064 deaths 48014031 (16813.2s) AMD Radeon AI PRO R9700 (RADV GFX1201)
tick 3599000 alive  1046077 genomes   47678 energy   194.9 births 47852660 deaths 47852629 (16817.8s) AMD Radeon AI PRO R9700 (RADV GFX1201)
tick 3600000 alive  1046065 genomes   48674 energy   194.7 births 48120863 deaths 48120875 (16822.5s) AMD Radeon AI PRO R9700 (RADV GFX1201)
tick 3601000 alive  1046035 genomes   49129 energy   194.2 births 48394523 deaths 48394553 (16827.3s) AMD Radeon AI PRO R9700 (RADV GFX1201)
tick 3602000 alive  1046036 genomes   48544 energy   194.9 births 48449409 deaths 48449408 (16831.9s) AMD Radeon AI PRO R9700 (RADV GFX1201)
tick 3603000 alive  1046013 genomes   49125 energy   194.5 births 48404851 deaths 48404874 (16836.5s) AMD Radeon AI PRO R9700 (RADV GFX1201)
tick 3604000 alive  1046058 genomes   48141 energy   195.3 births 47880566 deaths 47880521 (16841.1s) AMD Radeon AI PRO R9700 (RADV GFX1201)
tick 3605000 alive  1046068 genomes   49238 energy   194.5 births 48013638 deaths 48013628 (16845.8s) AMD Radeon AI PRO R9700 (RADV GFX1201)
tick 3606000 alive  1046034 genomes   49464 energy   194.3 births 48380643 deaths 48380677 (16850.4s) AMD Radeon AI PRO R9700 (RADV GFX1201)
tick 3607000 alive  1045968 genomes   50434 energy   193.5 births 48564842 deaths 48564908 (16855.0s) AMD Radeon AI PRO R9700 (RADV GFX1201)
tick 3608000 alive  1045917 genomes   50771 energy   194.0 births 49101334 deaths 49101385 (16859.7s) AMD Radeon AI PRO R9700 (RADV GFX1201)
tick 3609000 alive  1045977 genomes   49671 energy   194.5 births 48773721 deaths 48773661 (16864.3s) AMD Radeon AI PRO R9700 (RADV GFX1201)
tick 3610000 alive  1046160 genomes   48249 energy   195.1 births 47612486 deaths 47612303 (16868.9s) AMD Radeon AI PRO R9700 (RADV GFX1201)
tick 3611000 alive  1045997 genomes   47417 energy   195.3 births 47710630 deaths 47710793 (16873.5s) AMD Radeon AI PRO R9700 (RADV GFX1201)
tick 3612000 alive  1046010 genomes   48129 energy   195.5 births 47379964 deaths 47379951 (16878.2s) AMD Radeon AI PRO R9700 (RADV GFX1201)
tick 3613000 alive  1046150 genomes   48657 energy   195.2 births 47681737 deaths 47681597 (16882.8s) AMD Radeon AI PRO R9700 (RADV GFX1201)
tick 3614000 alive  1046006 genomes   49352 energy   194.3 births 48190732 deaths 48190876 (16887.4s) AMD Radeon AI PRO R9700 (RADV GFX1201)
tick 3615000 alive  1046074 genomes   49836 energy   194.0 births 48644417 deaths 48644349 (16892.1s) AMD Radeon AI PRO R9700 (RADV GFX1201)
tick 3616000 alive  1045988 genomes   50168 energy   193.7 births 48970982 deaths 48971068 (16896.8s) AMD Radeon AI PRO R9700 (RADV GFX1201)
tick 3617000 alive  1046034 genomes   51616 energy   192.9 births 49377445 deaths 49377399 (16901.5s) AMD Radeon AI PRO R9700 (RADV GFX1201)
tick 3618000 alive  1046054 genomes   49264 energy   194.2 births 49293217 deaths 49293197 (16906.2s) AMD Radeon AI PRO R9700 (RADV GFX1201)
tick 3619000 alive  1046103 genomes   48554 energy   194.6 births 48410958 deaths 48410909 (16910.9s) AMD Radeon AI PRO R9700 (RADV GFX1201)
tick 3620000 alive  1046028 genomes   48709 energy   194.8 births 48256364 deaths 48256439 (16915.5s) AMD Radeon AI PRO R9700 (RADV GFX1201)
tick 3621000 alive  1046028 genomes   47836 energy   195.6 births 47883364 deaths 47883364 (16920.2s) AMD Radeon AI PRO R9700 (RADV GFX1201)
tick 3622000 alive  1046066 genomes   47547 energy   195.5 births 47511815 deaths 47511777 (16924.8s) AMD Radeon AI PRO R9700 (RADV GFX1201)
tick 3623000 alive  1046119 genomes   48185 energy   194.8 births 47598060 deaths 47598007 (16929.5s) AMD Radeon AI PRO R9700 (RADV GFX1201)
tick 3624000 alive  1045948 genomes   49531 energy   194.5 births 48305957 deaths 48306128 (16934.2s) AMD Radeon AI PRO R9700 (RADV GFX1201)
tick 3625000 alive  1046060 genomes   48282 energy   195.0 births 48009424 deaths 48009312 (16938.9s) AMD Radeon AI PRO R9700 (RADV GFX1201)
tick 3626000 alive  1046111 genomes   48800 energy   194.5 births 47757442 deaths 47757391 (16943.6s) AMD Radeon AI PRO R9700 (RADV GFX1201)
tick 3627000 alive  1046050 genomes   48944 energy   194.6 births 48061796 deaths 48061857 (16948.3s) AMD Radeon AI PRO R9700 (RADV GFX1201)
tick 3628000 alive  1046037 genomes   49368 energy   194.8 births 48285104 deaths 48285117 (16953.0s) AMD Radeon AI PRO R9700 (RADV GFX1201)
tick 3629000 alive  1046034 genomes   48833 energy   194.9 births 48222488 deaths 48222491 (16957.7s) AMD Radeon AI PRO R9700 (RADV GFX1201)
tick 3630000 alive  1046074 genomes   47957 energy   195.3 births 48002166 deaths 48002126 (16962.3s) AMD Radeon AI PRO R9700 (RADV GFX1201)
tick 3631000 alive  1046090 genomes   47885 energy   195.1 births 47827686 deaths 47827670 (16967.2s) AMD Radeon AI PRO R9700 (RADV GFX1201)
tick 3632000 alive  1046082 genomes   47990 energy   195.3 births 47704802 deaths 47704810 (16971.9s) AMD Radeon AI PRO R9700 (RADV GFX1201)
tick 3633000 alive  1046001 genomes   47876 energy   195.1 births 47591274 deaths 47591355 (16976.7s) AMD Radeon AI PRO R9700 (RADV GFX1201)
tick 3634000 alive  1046055 genomes   47769 energy   195.2 births 47601959 deaths 47601905 (16981.6s) AMD Radeon AI PRO R9700 (RADV GFX1201)
tick 3635000 alive  1045998 genomes   47800 energy   195.0 births 47890840 deaths 47890897 (16986.4s) AMD Radeon AI PRO R9700 (RADV GFX1201)
tick 3636000 alive  1046039 genomes   47599 energy   195.0 births 47797430 deaths 47797389 (16991.1s) AMD Radeon AI PRO R9700 (RADV GFX1201)
tick 3637000 alive  1046108 genomes   47801 energy   195.3 births 47839672 deaths 47839603 (16995.9s) AMD Radeon AI PRO R9700 (RADV GFX1201)
tick 3638000 alive  1046012 genomes   48169 energy   195.4 births 47755700 deaths 47755796 (17000.5s) AMD Radeon AI PRO R9700 (RADV GFX1201)
tick 3639000 alive  1045911 genomes   47134 energy   195.8 births 47771693 deaths 47771794 (17005.2s) AMD Radeon AI PRO R9700 (RADV GFX1201)
tick 3640000 alive  1046132 genomes   47506 energy   195.2 births 47484331 deaths 47484110 (17009.8s) AMD Radeon AI PRO R9700 (RADV GFX1201)
tick 3641000 alive  1046033 genomes   47700 energy   195.3 births 47934413 deaths 47934512 (17014.5s) AMD Radeon AI PRO R9700 (RADV GFX1201)
tick 3642000 alive  1046093 genomes   47347 energy   195.3 births 47535961 deaths 47535901 (17019.2s) AMD Radeon AI PRO R9700 (RADV GFX1201)
tick 3643000 alive  1046108 genomes   47973 energy   195.3 births 47565137 deaths 47565122 (17023.9s) AMD Radeon AI PRO R9700 (RADV GFX1201)
tick 3644000 alive  1046102 genomes   46556 energy   195.9 births 47248018 deaths 47248024 (17028.7s) AMD Radeon AI PRO R9700 (RADV GFX1201)
tick 3645000 alive  1046036 genomes   48850 energy   194.8 births 47654057 deaths 47654123 (17033.3s) AMD Radeon AI PRO R9700 (RADV GFX1201)
tick 3646000 alive  1045987 genomes   47991 energy   195.4 births 47821741 deaths 47821790 (17038.0s) AMD Radeon AI PRO R9700 (RADV GFX1201)
tick 3647000 alive  1046031 genomes   47602 energy   195.9 births 47310796 deaths 47310752 (17042.7s) AMD Radeon AI PRO R9700 (RADV GFX1201)
tick 3648000 alive  1046073 genomes   47777 energy   195.4 births 47443651 deaths 47443609 (17047.3s) AMD Radeon AI PRO R9700 (RADV GFX1201)
tick 3649000 alive  1046119 genomes   48513 energy   195.1 births 47953442 deaths 47953396 (17052.0s) AMD Radeon AI PRO R9700 (RADV GFX1201)
tick 3650000 alive  1046023 genomes   48167 energy   194.9 births 47952511 deaths 47952607 (17056.7s) AMD Radeon AI PRO R9700 (RADV GFX1201)
tick 3651000 alive  1046020 genomes   47975 energy   195.2 births 47972195 deaths 47972198 (17061.3s) AMD Radeon AI PRO R9700 (RADV GFX1201)
tick 3652000 alive  1046063 genomes   48552 energy   194.6 births 47935880 deaths 47935837 (17066.0s) AMD Radeon AI PRO R9700 (RADV GFX1201)
tick 3653000 alive  1045961 genomes   48229 energy   195.1 births 47877147 deaths 47877249 (17070.6s) AMD Radeon AI PRO R9700 (RADV GFX1201)
tick 3654000 alive  1046029 genomes   48213 energy   194.8 births 47931668 deaths 47931600 (17075.2s) AMD Radeon AI PRO R9700 (RADV GFX1201)
tick 3655000 alive  1046122 genomes   48671 energy   194.3 births 48096352 deaths 48096259 (17079.9s) AMD Radeon AI PRO R9700 (RADV GFX1201)
tick 3656000 alive  1046165 genomes   48202 energy   194.8 births 48164862 deaths 48164819 (17084.5s) AMD Radeon AI PRO R9700 (RADV GFX1201)
tick 3657000 alive  1046056 genomes   48033 energy   194.9 births 48236694 deaths 48236803 (17089.2s) AMD Radeon AI PRO R9700 (RADV GFX1201)
tick 3658000 alive  1046076 genomes   47709 energy   195.4 births 47968743 deaths 47968723 (17093.8s) AMD Radeon AI PRO R9700 (RADV GFX1201)
tick 3659000 alive  1045997 genomes   47557 energy   195.2 births 47707626 deaths 47707705 (17098.5s) AMD Radeon AI PRO R9700 (RADV GFX1201)
tick 3660000 alive  1046057 genomes   46012 energy   196.7 births 47175508 deaths 47175448 (17103.1s) AMD Radeon AI PRO R9700 (RADV GFX1201)
tick 3661000 alive  1046056 genomes   47131 energy   195.5 births 47296262 deaths 47296263 (17107.7s) AMD Radeon AI PRO R9700 (RADV GFX1201)
tick 3662000 alive  1046038 genomes   47667 energy   195.4 births 47698258 deaths 47698276 (17112.4s) AMD Radeon AI PRO R9700 (RADV GFX1201)
tick 3663000 alive  1046050 genomes   47934 energy   194.7 births 48135226 deaths 48135214 (17117.1s) AMD Radeon AI PRO R9700 (RADV GFX1201)
tick 3664000 alive  1045988 genomes   48277 energy   194.6 births 47944147 deaths 47944209 (17121.7s) AMD Radeon AI PRO R9700 (RADV GFX1201)
tick 3665000 alive  1046069 genomes   47327 energy   195.1 births 47807515 deaths 47807434 (17126.4s) AMD Radeon AI PRO R9700 (RADV GFX1201)
tick 3666000 alive  1046123 genomes   47325 energy   195.4 births 47877138 deaths 47877084 (17131.1s) AMD Radeon AI PRO R9700 (RADV GFX1201)
tick 3667000 alive  1045973 genomes   47748 energy   195.2 births 47633679 deaths 47633829 (17135.7s) AMD Radeon AI PRO R9700 (RADV GFX1201)
tick 3668000 alive  1046050 genomes   47409 energy   195.3 births 47758339 deaths 47758262 (17140.4s) AMD Radeon AI PRO R9700 (RADV GFX1201)
tick 3669000 alive  1046024 genomes   47307 energy   195.4 births 47800468 deaths 47800494 (17145.0s) AMD Radeon AI PRO R9700 (RADV GFX1201)
tick 3670000 alive  1045995 genomes   48000 energy   194.9 births 47795422 deaths 47795451 (17149.6s) AMD Radeon AI PRO R9700 (RADV GFX1201)
tick 3671000 alive  1046010 genomes   47839 energy   195.1 births 47921521 deaths 47921506 (17154.3s) AMD Radeon AI PRO R9700 (RADV GFX1201)
tick 3672000 alive  1046038 genomes   47887 energy   195.1 births 47935338 deaths 47935310 (17158.9s) AMD Radeon AI PRO R9700 (RADV GFX1201)
tick 3673000 alive  1046089 genomes   49989 energy   194.2 births 48558119 deaths 48558068 (17163.6s) AMD Radeon AI PRO R9700 (RADV GFX1201)
tick 3674000 alive  1046047 genomes   50388 energy   193.8 births 48704623 deaths 48704665 (17168.5s) AMD Radeon AI PRO R9700 (RADV GFX1201)
tick 3675000 alive  1045995 genomes   50051 energy   194.1 births 48999891 deaths 48999943 (17173.2s) AMD Radeon AI PRO R9700 (RADV GFX1201)
tick 3676000 alive  1045995 genomes   49431 energy   194.5 births 48517089 deaths 48517089 (17177.9s) AMD Radeon AI PRO R9700 (RADV GFX1201)
tick 3677000 alive  1045996 genomes   48715 energy   194.7 births 48214744 deaths 48214743 (17182.4s) AMD Radeon AI PRO R9700 (RADV GFX1201)
tick 3678000 alive  1046078 genomes   48986 energy   195.0 births 47970930 deaths 47970848 (17187.1s) AMD Radeon AI PRO R9700 (RADV GFX1201)
tick 3679000 alive  1046115 genomes   48671 energy   195.1 births 47960676 deaths 47960639 (17191.8s) AMD Radeon AI PRO R9700 (RADV GFX1201)
tick 3680000 alive  1046041 genomes   48326 energy   195.4 births 47789249 deaths 47789323 (17196.4s) AMD Radeon AI PRO R9700 (RADV GFX1201)
tick 3681000 alive  1046103 genomes   49233 energy   194.7 births 47727430 deaths 47727368 (17201.0s) AMD Radeon AI PRO R9700 (RADV GFX1201)
tick 3682000 alive  1046020 genomes   49497 energy   194.5 births 48391037 deaths 48391120 (17205.8s) AMD Radeon AI PRO R9700 (RADV GFX1201)
tick 3683000 alive  1046076 genomes   49502 energy   194.4 births 48383458 deaths 48383402 (17210.5s) AMD Radeon AI PRO R9700 (RADV GFX1201)
tick 3684000 alive  1045919 genomes   50153 energy   193.8 births 48777726 deaths 48777883 (17215.1s) AMD Radeon AI PRO R9700 (RADV GFX1201)
tick 3685000 alive  1046071 genomes   50976 energy   193.7 births 49056481 deaths 49056329 (17219.7s) AMD Radeon AI PRO R9700 (RADV GFX1201)
tick 3686000 alive  1046035 genomes   51023 energy   193.9 births 48955798 deaths 48955834 (17224.4s) AMD Radeon AI PRO R9700 (RADV GFX1201)
tick 3687000 alive  1045996 genomes   49837 energy   194.3 births 48740839 deaths 48740878 (17229.1s) AMD Radeon AI PRO R9700 (RADV GFX1201)
tick 3688000 alive  1046066 genomes   49674 energy   194.3 births 48592239 deaths 48592169 (17234.2s) AMD Radeon AI PRO R9700 (RADV GFX1201)
tick 3689000 alive  1045923 genomes   49191 energy   194.2 births 48418299 deaths 48418442 (17238.9s) AMD Radeon AI PRO R9700 (RADV GFX1201)
tick 3690000 alive  1046156 genomes   49210 energy   194.5 births 48683670 deaths 48683437 (17243.5s) AMD Radeon AI PRO R9700 (RADV GFX1201)
tick 3691000 alive  1045980 genomes   49135 energy   194.6 births 48365441 deaths 48365617 (17248.2s) AMD Radeon AI PRO R9700 (RADV GFX1201)
tick 3692000 alive  1046016 genomes   50227 energy   193.7 births 48485667 deaths 48485631 (17252.8s) AMD Radeon AI PRO R9700 (RADV GFX1201)
tick 3693000 alive  1046086 genomes   49982 energy   193.6 births 49136338 deaths 49136268 (17257.5s) AMD Radeon AI PRO R9700 (RADV GFX1201)
tick 3694000 alive  1046032 genomes   51249 energy   193.3 births 49362049 deaths 49362103 (17262.2s) AMD Radeon AI PRO R9700 (RADV GFX1201)
tick 3695000 alive  1046098 genomes   49172 energy   194.6 births 48722861 deaths 48722795 (17266.9s) AMD Radeon AI PRO R9700 (RADV GFX1201)
tick 3696000 alive  1045996 genomes   48967 energy   194.9 births 48269383 deaths 48269485 (17271.6s) AMD Radeon AI PRO R9700 (RADV GFX1201)
tick 3697000 alive  1046026 genomes   49282 energy   194.3 births 48162487 deaths 48162457 (17276.2s) AMD Radeon AI PRO R9700 (RADV GFX1201)
tick 3698000 alive  1046017 genomes   48591 energy   194.9 births 48257377 deaths 48257386 (17280.9s) AMD Radeon AI PRO R9700 (RADV GFX1201)
tick 3699000 alive  1046082 genomes   48702 energy   194.7 births 48079321 deaths 48079256 (17285.6s) AMD Radeon AI PRO R9700 (RADV GFX1201)
tick 3700000 alive  1046094 genomes   48317 energy   194.5 births 48523718 deaths 48523706 (17290.4s) AMD Radeon AI PRO R9700 (RADV GFX1201)
tick 3701000 alive  1046110 genomes   49632 energy   194.1 births 48435390 deaths 48435374 (17295.0s) AMD Radeon AI PRO R9700 (RADV GFX1201)
tick 3702000 alive  1046073 genomes   48840 energy   194.7 births 48484052 deaths 48484089 (17299.7s) AMD Radeon AI PRO R9700 (RADV GFX1201)
tick 3703000 alive  1046068 genomes   49314 energy   194.3 births 48540826 deaths 48540831 (17304.4s) AMD Radeon AI PRO R9700 (RADV GFX1201)
tick 3704000 alive  1046020 genomes   48780 energy   194.7 births 48120631 deaths 48120679 (17309.1s) AMD Radeon AI PRO R9700 (RADV GFX1201)
tick 3705000 alive  1046090 genomes   49302 energy   194.1 births 48399379 deaths 48399309 (17313.7s) AMD Radeon AI PRO R9700 (RADV GFX1201)
tick 3706000 alive  1045973 genomes   47953 energy   195.0 births 48370352 deaths 48370469 (17318.4s) AMD Radeon AI PRO R9700 (RADV GFX1201)
tick 3707000 alive  1046004 genomes   48875 energy   194.6 births 48269855 deaths 48269824 (17323.1s) AMD Radeon AI PRO R9700 (RADV GFX1201)
tick 3708000 alive  1046078 genomes   48399 energy   194.5 births 48179030 deaths 48178956 (17327.8s) AMD Radeon AI PRO R9700 (RADV GFX1201)
tick 3709000 alive  1046080 genomes   49178 energy   194.4 births 48397528 deaths 48397526 (17332.4s) AMD Radeon AI PRO R9700 (RADV GFX1201)
tick 3710000 alive  1046077 genomes   48843 energy   195.2 births 48243045 deaths 48243048 (17337.2s) AMD Radeon AI PRO R9700 (RADV GFX1201)
tick 3711000 alive  1045969 genomes   48074 energy   195.3 births 48045438 deaths 48045546 (17341.9s) AMD Radeon AI PRO R9700 (RADV GFX1201)
tick 3712000 alive  1046044 genomes   48277 energy   194.7 births 47946162 deaths 47946087 (17346.5s) AMD Radeon AI PRO R9700 (RADV GFX1201)
tick 3713000 alive  1046016 genomes   49173 energy   194.4 births 48624308 deaths 48624336 (17351.4s) AMD Radeon AI PRO R9700 (RADV GFX1201)
tick 3714000 alive  1046055 genomes   48631 energy   194.5 births 48575011 deaths 48574972 (17356.1s) AMD Radeon AI PRO R9700 (RADV GFX1201)
tick 3715000 alive  1045960 genomes   49085 energy   194.5 births 48214689 deaths 48214784 (17360.8s) AMD Radeon AI PRO R9700 (RADV GFX1201)
tick 3716000 alive  1046033 genomes   48748 energy   194.4 births 48327202 deaths 48327129 (17365.4s) AMD Radeon AI PRO R9700 (RADV GFX1201)
tick 3717000 alive  1046088 genomes   49190 energy   194.2 births 48425556 deaths 48425501 (17370.2s) AMD Radeon AI PRO R9700 (RADV GFX1201)
tick 3718000 alive  1046014 genomes   49000 energy   194.3 births 48538577 deaths 48538651 (17374.9s) AMD Radeon AI PRO R9700 (RADV GFX1201)
tick 3719000 alive  1046062 genomes   49388 energy   193.8 births 48814849 deaths 48814801 (17379.7s) AMD Radeon AI PRO R9700 (RADV GFX1201)
tick 3720000 alive  1045985 genomes   49675 energy   193.7 births 49253484 deaths 49253561 (17384.4s) AMD Radeon AI PRO R9700 (RADV GFX1201)
tick 3721000 alive  1046102 genomes   49050 energy   194.2 births 48766472 deaths 48766355 (17389.0s) AMD Radeon AI PRO R9700 (RADV GFX1201)
tick 3722000 alive  1046155 genomes   49669 energy   194.0 births 48555714 deaths 48555661 (17393.7s) AMD Radeon AI PRO R9700 (RADV GFX1201)
tick 3723000 alive  1046117 genomes   48262 energy   194.9 births 48348157 deaths 48348195 (17398.3s) AMD Radeon AI PRO R9700 (RADV GFX1201)
tick 3724000 alive  1046016 genomes   48653 energy   194.6 births 48088314 deaths 48088415 (17403.3s) AMD Radeon AI PRO R9700 (RADV GFX1201)
tick 3725000 alive  1045989 genomes   49941 energy   194.2 births 48614094 deaths 48614121 (17408.0s) AMD Radeon AI PRO R9700 (RADV GFX1201)
tick 3726000 alive  1046042 genomes   50157 energy   193.5 births 48984724 deaths 48984671 (17412.7s) AMD Radeon AI PRO R9700 (RADV GFX1201)
tick 3727000 alive  1045916 genomes   49942 energy   194.2 births 49157491 deaths 49157617 (17417.3s) AMD Radeon AI PRO R9700 (RADV GFX1201)
tick 3728000 alive  1046031 genomes   49363 energy   194.2 births 48681870 deaths 48681755 (17422.0s) AMD Radeon AI PRO R9700 (RADV GFX1201)
tick 3729000 alive  1046003 genomes   49359 energy   194.2 births 48680990 deaths 48681018 (17426.6s) AMD Radeon AI PRO R9700 (RADV GFX1201)
tick 3730000 alive  1045982 genomes   49912 energy   194.1 births 48828900 deaths 48828921 (17431.3s) AMD Radeon AI PRO R9700 (RADV GFX1201)
tick 3731000 alive  1046035 genomes   49082 energy   194.7 births 48606170 deaths 48606117 (17435.9s) AMD Radeon AI PRO R9700 (RADV GFX1201)
tick 3732000 alive  1046041 genomes   48999 energy   194.4 births 48295039 deaths 48295033 (17440.9s) AMD Radeon AI PRO R9700 (RADV GFX1201)
tick 3733000 alive  1046040 genomes   49803 energy   193.7 births 48769567 deaths 48769568 (17445.5s) AMD Radeon AI PRO R9700 (RADV GFX1201)
tick 3734000 alive  1045953 genomes   49199 energy   194.2 births 48808275 deaths 48808362 (17450.1s) AMD Radeon AI PRO R9700 (RADV GFX1201)
tick 3735000 alive  1046086 genomes   49972 energy   194.1 births 48632047 deaths 48631914 (17454.8s) AMD Radeon AI PRO R9700 (RADV GFX1201)
tick 3736000 alive  1045994 genomes   50737 energy   193.7 births 48931919 deaths 48932011 (17459.4s) AMD Radeon AI PRO R9700 (RADV GFX1201)
tick 3737000 alive  1045945 genomes   50538 energy   193.3 births 49191886 deaths 49191935 (17464.1s) AMD Radeon AI PRO R9700 (RADV GFX1201)
tick 3738000 alive  1046078 genomes   49087 energy   194.8 births 49023889 deaths 49023756 (17468.7s) AMD Radeon AI PRO R9700 (RADV GFX1201)
tick 3739000 alive  1046084 genomes   49041 energy   194.3 births 48275046 deaths 48275040 (17473.3s) AMD Radeon AI PRO R9700 (RADV GFX1201)
tick 3740000 alive  1046024 genomes   49398 energy   194.3 births 48388365 deaths 48388425 (17478.0s) AMD Radeon AI PRO R9700 (RADV GFX1201)
tick 3741000 alive  1046120 genomes   49795 energy   194.1 births 48633840 deaths 48633744 (17482.6s) AMD Radeon AI PRO R9700 (RADV GFX1201)
tick 3742000 alive  1046148 genomes   49331 energy   194.3 births 48762989 deaths 48762961 (17487.4s) AMD Radeon AI PRO R9700 (RADV GFX1201)
tick 3743000 alive  1045989 genomes   49573 energy   193.8 births 48724406 deaths 48724565 (17492.2s) AMD Radeon AI PRO R9700 (RADV GFX1201)
tick 3744000 alive  1045966 genomes   50492 energy   193.0 births 49259695 deaths 49259718 (17496.8s) AMD Radeon AI PRO R9700 (RADV GFX1201)
tick 3745000 alive  1046137 genomes   49192 energy   194.5 births 49094964 deaths 49094793 (17501.5s) AMD Radeon AI PRO R9700 (RADV GFX1201)
tick 3746000 alive  1045944 genomes   49267 energy   194.3 births 48709200 deaths 48709393 (17506.2s) AMD Radeon AI PRO R9700 (RADV GFX1201)
tick 3747000 alive  1046091 genomes   49353 energy   194.8 births 48610771 deaths 48610624 (17510.9s) AMD Radeon AI PRO R9700 (RADV GFX1201)
tick 3748000 alive  1045995 genomes   49033 energy   194.5 births 48285504 deaths 48285600 (17515.6s) AMD Radeon AI PRO R9700 (RADV GFX1201)
tick 3749000 alive  1046095 genomes   48982 energy   194.3 births 48427133 deaths 48427033 (17520.5s) AMD Radeon AI PRO R9700 (RADV GFX1201)
tick 3750000 alive  1045997 genomes   47746 energy   195.3 births 48257258 deaths 48257356 (17525.1s) AMD Radeon AI PRO R9700 (RADV GFX1201)
tick 3751000 alive  1046041 genomes   48939 energy   194.0 births 48095597 deaths 48095553 (17529.8s) AMD Radeon AI PRO R9700 (RADV GFX1201)
tick 3752000 alive  1046091 genomes   49087 energy   194.6 births 48447235 deaths 48447185 (17534.4s) AMD Radeon AI PRO R9700 (RADV GFX1201)
tick 3753000 alive  1045949 genomes   48624 energy   194.5 births 48244310 deaths 48244452 (17539.0s) AMD Radeon AI PRO R9700 (RADV GFX1201)
tick 3754000 alive  1046057 genomes   49226 energy   194.5 births 48431658 deaths 48431550 (17543.7s) AMD Radeon AI PRO R9700 (RADV GFX1201)
tick 3755000 alive  1046088 genomes   48553 energy   194.7 births 48323499 deaths 48323468 (17548.3s) AMD Radeon AI PRO R9700 (RADV GFX1201)
tick 3756000 alive  1046060 genomes   47237 energy   195.1 births 48278500 deaths 48278528 (17553.0s) AMD Radeon AI PRO R9700 (RADV GFX1201)
tick 3757000 alive  1046054 genomes   48524 energy   194.4 births 48091543 deaths 48091549 (17557.7s) AMD Radeon AI PRO R9700 (RADV GFX1201)
tick 3758000 alive  1046000 genomes   48849 energy   194.2 births 48348262 deaths 48348316 (17562.3s) AMD Radeon AI PRO R9700 (RADV GFX1201)
tick 3759000 alive  1045949 genomes   48954 energy   194.7 births 48317108 deaths 48317159 (17566.9s) AMD Radeon AI PRO R9700 (RADV GFX1201)
tick 3760000 alive  1046063 genomes   48787 energy   194.4 births 48260034 deaths 48259920 (17571.6s) AMD Radeon AI PRO R9700 (RADV GFX1201)
tick 3761000 alive  1046131 genomes   49087 energy   194.1 births 48610322 deaths 48610254 (17576.2s) AMD Radeon AI PRO R9700 (RADV GFX1201)
tick 3762000 alive  1046051 genomes   47880 energy   194.9 births 48452296 deaths 48452376 (17580.8s) AMD Radeon AI PRO R9700 (RADV GFX1201)
tick 3763000 alive  1046028 genomes   48092 energy   194.5 births 47895379 deaths 47895402 (17585.7s) AMD Radeon AI PRO R9700 (RADV GFX1201)
tick 3764000 alive  1045963 genomes   47745 energy   194.1 births 48047148 deaths 48047213 (17590.3s) AMD Radeon AI PRO R9700 (RADV GFX1201)
tick 3765000 alive  1045998 genomes   48966 energy   194.0 births 48558345 deaths 48558310 (17595.0s) AMD Radeon AI PRO R9700 (RADV GFX1201)
tick 3766000 alive  1046104 genomes   48963 energy   194.2 births 48672281 deaths 48672175 (17599.6s) AMD Radeon AI PRO R9700 (RADV GFX1201)
tick 3767000 alive  1045981 genomes   48817 energy   194.7 births 48701548 deaths 48701671 (17604.4s) AMD Radeon AI PRO R9700 (RADV GFX1201)
tick 3768000 alive  1045979 genomes   47651 energy   195.1 births 47887129 deaths 47887131 (17609.4s) AMD Radeon AI PRO R9700 (RADV GFX1201)
tick 3769000 alive  1046099 genomes   46397 energy   195.7 births 47526016 deaths 47525896 (17614.2s) AMD Radeon AI PRO R9700 (RADV GFX1201)
tick 3770000 alive  1046058 genomes   47038 energy   195.7 births 47538905 deaths 47538946 (17618.8s) AMD Radeon AI PRO R9700 (RADV GFX1201)
tick 3771000 alive  1046074 genomes   47814 energy   195.0 births 47710494 deaths 47710478 (17623.4s) AMD Radeon AI PRO R9700 (RADV GFX1201)
tick 3772000 alive  1046011 genomes   48912 energy   194.4 births 48089134 deaths 48089197 (17628.1s) AMD Radeon AI PRO R9700 (RADV GFX1201)
tick 3773000 alive  1046066 genomes   48029 energy   194.8 births 48134525 deaths 48134470 (17632.8s) AMD Radeon AI PRO R9700 (RADV GFX1201)
tick 3774000 alive  1046073 genomes   47534 energy   195.5 births 47880101 deaths 47880094 (17637.4s) AMD Radeon AI PRO R9700 (RADV GFX1201)
tick 3775000 alive  1045990 genomes   47333 energy   195.5 births 47677671 deaths 47677754 (17642.0s) AMD Radeon AI PRO R9700 (RADV GFX1201)
tick 3776000 alive  1046065 genomes   48684 energy   194.8 births 47878067 deaths 47877992 (17646.7s) AMD Radeon AI PRO R9700 (RADV GFX1201)
tick 3777000 alive  1046082 genomes   47849 energy   194.8 births 47985114 deaths 47985097 (17651.3s) AMD Radeon AI PRO R9700 (RADV GFX1201)
tick 3778000 alive  1046096 genomes   48183 energy   194.9 births 48074812 deaths 48074798 (17655.9s) AMD Radeon AI PRO R9700 (RADV GFX1201)
tick 3779000 alive  1046068 genomes   48015 energy   195.0 births 48089533 deaths 48089561 (17660.6s) AMD Radeon AI PRO R9700 (RADV GFX1201)
tick 3780000 alive  1045953 genomes   49003 energy   194.3 births 48255679 deaths 48255794 (17665.2s) AMD Radeon AI PRO R9700 (RADV GFX1201)
tick 3781000 alive  1046037 genomes   49043 energy   194.5 births 48384046 deaths 48383962 (17669.9s) AMD Radeon AI PRO R9700 (RADV GFX1201)
tick 3782000 alive  1046003 genomes   48416 energy   195.0 births 48309395 deaths 48309429 (17674.5s) AMD Radeon AI PRO R9700 (RADV GFX1201)
tick 3783000 alive  1046089 genomes   47427 energy   194.9 births 48042267 deaths 48042181 (17679.2s) AMD Radeon AI PRO R9700 (RADV GFX1201)
tick 3784000 alive  1046058 genomes   47558 energy   195.1 births 47838958 deaths 47838989 (17683.8s) AMD Radeon AI PRO R9700 (RADV GFX1201)
tick 3785000 alive  1046046 genomes   46918 energy   196.0 births 47658200 deaths 47658212 (17688.5s) AMD Radeon AI PRO R9700 (RADV GFX1201)
tick 3786000 alive  1046051 genomes   48542 energy   194.8 births 47715671 deaths 47715666 (17693.2s) AMD Radeon AI PRO R9700 (RADV GFX1201)
tick 3787000 alive  1046023 genomes   48449 energy   194.6 births 48049864 deaths 48049892 (17697.8s) AMD Radeon AI PRO R9700 (RADV GFX1201)
tick 3788000 alive  1046046 genomes   47556 energy   195.5 births 48070818 deaths 48070795 (17702.5s) AMD Radeon AI PRO R9700 (RADV GFX1201)
tick 3789000 alive  1046011 genomes   47802 energy   195.0 births 48008881 deaths 48008916 (17707.2s) AMD Radeon AI PRO R9700 (RADV GFX1201)
tick 3790000 alive  1045995 genomes   48057 energy   195.2 births 48011740 deaths 48011756 (17711.8s) AMD Radeon AI PRO R9700 (RADV GFX1201)
tick 3791000 alive  1045963 genomes   47089 energy   195.6 births 47688105 deaths 47688137 (17716.5s) AMD Radeon AI PRO R9700 (RADV GFX1201)
tick 3792000 alive  1046047 genomes   48109 energy   194.9 births 48027235 deaths 48027151 (17721.1s) AMD Radeon AI PRO R9700 (RADV GFX1201)
tick 3793000 alive  1046032 genomes   47442 energy   195.1 births 47876296 deaths 47876311 (17725.8s) AMD Radeon AI PRO R9700 (RADV GFX1201)
tick 3794000 alive  1046030 genomes   48103 energy   195.2 births 47987917 deaths 47987919 (17730.4s) AMD Radeon AI PRO R9700 (RADV GFX1201)
tick 3795000 alive  1046043 genomes   48342 energy   194.9 births 48110880 deaths 48110867 (17735.1s) AMD Radeon AI PRO R9700 (RADV GFX1201)
tick 3796000 alive  1046136 genomes   47464 energy   195.5 births 47983100 deaths 47983007 (17739.7s) AMD Radeon AI PRO R9700 (RADV GFX1201)
tick 3797000 alive  1046062 genomes   45799 energy   196.5 births 47070611 deaths 47070685 (17744.4s) AMD Radeon AI PRO R9700 (RADV GFX1201)
tick 3798000 alive  1046027 genomes   47093 energy   195.6 births 47199294 deaths 47199329 (17749.0s) AMD Radeon AI PRO R9700 (RADV GFX1201)
tick 3799000 alive  1045979 genomes   48008 energy   195.2 births 47505251 deaths 47505299 (17753.6s) AMD Radeon AI PRO R9700 (RADV GFX1201)
tick 3800000 alive  1046179 genomes   47400 energy   195.7 births 47452112 deaths 47451912 (17758.2s) AMD Radeon AI PRO R9700 (RADV GFX1201)
tick 3801000 alive  1045984 genomes   48648 energy   194.7 births 47749338 deaths 47749533 (17762.8s) AMD Radeon AI PRO R9700 (RADV GFX1201)
tick 3802000 alive  1046035 genomes   49150 energy   194.2 births 48577852 deaths 48577801 (17767.7s) AMD Radeon AI PRO R9700 (RADV GFX1201)
tick 3803000 alive  1046008 genomes   48862 energy   194.3 births 48436439 deaths 48436466 (17772.4s) AMD Radeon AI PRO R9700 (RADV GFX1201)
tick 3804000 alive  1046049 genomes   47447 energy   195.6 births 48253306 deaths 48253265 (17777.2s) AMD Radeon AI PRO R9700 (RADV GFX1201)
tick 3805000 alive  1045991 genomes   48105 energy   195.3 births 47713399 deaths 47713457 (17781.9s) AMD Radeon AI PRO R9700 (RADV GFX1201)
tick 3806000 alive  1046068 genomes   46956 energy   195.7 births 47232795 deaths 47232718 (17786.5s) AMD Radeon AI PRO R9700 (RADV GFX1201)
tick 3807000 alive  1046019 genomes   47311 energy   195.4 births 47471481 deaths 47471530 (17791.8s) AMD Radeon AI PRO R9700 (RADV GFX1201)
tick 3808000 alive  1045958 genomes   48271 energy   194.6 births 47756398 deaths 47756459 (17796.4s) AMD Radeon AI PRO R9700 (RADV GFX1201)
tick 3809000 alive  1046005 genomes   46827 energy   195.9 births 47679865 deaths 47679818 (17801.1s) AMD Radeon AI PRO R9700 (RADV GFX1201)
tick 3810000 alive  1046036 genomes   48377 energy   194.8 births 47660668 deaths 47660637 (17805.8s) AMD Radeon AI PRO R9700 (RADV GFX1201)
tick 3811000 alive  1046023 genomes   47932 energy   194.8 births 48141463 deaths 48141476 (17810.5s) AMD Radeon AI PRO R9700 (RADV GFX1201)
tick 3812000 alive  1045992 genomes   48149 energy   195.1 births 47907707 deaths 47907738 (17815.1s) AMD Radeon AI PRO R9700 (RADV GFX1201)
tick 3813000 alive  1046069 genomes   48756 energy   194.5 births 48060469 deaths 48060392 (17819.8s) AMD Radeon AI PRO R9700 (RADV GFX1201)
tick 3814000 alive  1046105 genomes   48086 energy   195.0 births 48159140 deaths 48159104 (17824.4s) AMD Radeon AI PRO R9700 (RADV GFX1201)
tick 3815000 alive  1045984 genomes   47562 energy   195.1 births 47944036 deaths 47944157 (17829.1s) AMD Radeon AI PRO R9700 (RADV GFX1201)
tick 3816000 alive  1046103 genomes   48089 energy   194.7 births 47936160 deaths 47936041 (17833.7s) AMD Radeon AI PRO R9700 (RADV GFX1201)
tick 3817000 alive  1045986 genomes   48817 energy   194.2 births 48268832 deaths 48268949 (17838.3s) AMD Radeon AI PRO R9700 (RADV GFX1201)
tick 3818000 alive  1046108 genomes   48909 energy   193.9 births 48521876 deaths 48521754 (17843.0s) AMD Radeon AI PRO R9700 (RADV GFX1201)
tick 3819000 alive  1046057 genomes   49101 energy   194.2 births 48562175 deaths 48562226 (17847.7s) AMD Radeon AI PRO R9700 (RADV GFX1201)
tick 3820000 alive  1046092 genomes   48301 energy   195.0 births 48497335 deaths 48497300 (17852.4s) AMD Radeon AI PRO R9700 (RADV GFX1201)
tick 3821000 alive  1046103 genomes   47698 energy   195.1 births 48044114 deaths 48044103 (17857.1s) AMD Radeon AI PRO R9700 (RADV GFX1201)
tick 3822000 alive  1046009 genomes   48687 energy   194.3 births 48118055 deaths 48118149 (17861.7s) AMD Radeon AI PRO R9700 (RADV GFX1201)
tick 3823000 alive  1046096 genomes   47885 energy   194.8 births 48403814 deaths 48403727 (17866.4s) AMD Radeon AI PRO R9700 (RADV GFX1201)
tick 3824000 alive  1046056 genomes   49164 energy   194.2 births 48472500 deaths 48472540 (17871.0s) AMD Radeon AI PRO R9700 (RADV GFX1201)
tick 3825000 alive  1046050 genomes   48080 energy   194.4 births 48484687 deaths 48484693 (17875.7s) AMD Radeon AI PRO R9700 (RADV GFX1201)
tick 3826000 alive  1046103 genomes   48766 energy   193.6 births 48386262 deaths 48386209 (17880.5s) AMD Radeon AI PRO R9700 (RADV GFX1201)
tick 3827000 alive  1046048 genomes   49048 energy   193.8 births 48711103 deaths 48711158 (17885.2s) AMD Radeon AI PRO R9700 (RADV GFX1201)
tick 3828000 alive  1046036 genomes   48665 energy   194.4 births 48561808 deaths 48561820 (17889.8s) AMD Radeon AI PRO R9700 (RADV GFX1201)
tick 3829000 alive  1046090 genomes   47543 energy   195.2 births 48211829 deaths 48211775 (17894.5s) AMD Radeon AI PRO R9700 (RADV GFX1201)
tick 3830000 alive  1046101 genomes   46425 energy   195.9 births 47500953 deaths 47500942 (17899.1s) AMD Radeon AI PRO R9700 (RADV GFX1201)
tick 3831000 alive  1046012 genomes   47686 energy   194.9 births 47441349 deaths 47441438 (17903.8s) AMD Radeon AI PRO R9700 (RADV GFX1201)
tick 3832000 alive  1046062 genomes   47165 energy   195.3 births 47797635 deaths 47797585 (17908.4s) AMD Radeon AI PRO R9700 (RADV GFX1201)
tick 3833000 alive  1046003 genomes   48241 energy   194.6 births 48081276 deaths 48081335 (17913.0s) AMD Radeon AI PRO R9700 (RADV GFX1201)
tick 3834000 alive  1046090 genomes   48692 energy   194.5 births 48275725 deaths 48275638 (17917.7s) AMD Radeon AI PRO R9700 (RADV GFX1201)
tick 3835000 alive  1046030 genomes   48365 energy   195.0 births 48224005 deaths 48224065 (17922.4s) AMD Radeon AI PRO R9700 (RADV GFX1201)
tick 3836000 alive  1046107 genomes   48372 energy   194.5 births 48253314 deaths 48253237 (17927.0s) AMD Radeon AI PRO R9700 (RADV GFX1201)
tick 3837000 alive  1046075 genomes   48059 energy   194.9 births 48044918 deaths 48044950 (17931.7s) AMD Radeon AI PRO R9700 (RADV GFX1201)
tick 3838000 alive  1046015 genomes   47714 energy   195.0 births 48095422 deaths 48095482 (17936.3s) AMD Radeon AI PRO R9700 (RADV GFX1201)
tick 3839000 alive  1045992 genomes   48457 energy   194.1 births 48150745 deaths 48150768 (17941.0s) AMD Radeon AI PRO R9700 (RADV GFX1201)
tick 3840000 alive  1046006 genomes   47747 energy   195.0 births 48277467 deaths 48277453 (17945.6s) AMD Radeon AI PRO R9700 (RADV GFX1201)
tick 3841000 alive  1046142 genomes   47907 energy   194.4 births 47939045 deaths 47938909 (17950.3s) AMD Radeon AI PRO R9700 (RADV GFX1201)
tick 3842000 alive  1046026 genomes   47401 energy   194.8 births 47938300 deaths 47938416 (17955.0s) AMD Radeon AI PRO R9700 (RADV GFX1201)
tick 3843000 alive  1046110 genomes   47955 energy   194.9 births 48069301 deaths 48069217 (17959.6s) AMD Radeon AI PRO R9700 (RADV GFX1201)
tick 3844000 alive  1046056 genomes   46948 energy   195.6 births 47452786 deaths 47452840 (17964.3s) AMD Radeon AI PRO R9700 (RADV GFX1201)
tick 3845000 alive  1046029 genomes   47755 energy   194.9 births 47701049 deaths 47701076 (17968.9s) AMD Radeon AI PRO R9700 (RADV GFX1201)
tick 3846000 alive  1046037 genomes   49271 energy   194.0 births 48349419 deaths 48349411 (17973.6s) AMD Radeon AI PRO R9700 (RADV GFX1201)
tick 3847000 alive  1046065 genomes   49600 energy   193.9 births 48569876 deaths 48569848 (17978.3s) AMD Radeon AI PRO R9700 (RADV GFX1201)
tick 3848000 alive  1046025 genomes   50603 energy   193.3 births 49171151 deaths 49171191 (17983.0s) AMD Radeon AI PRO R9700 (RADV GFX1201)
tick 3849000 alive  1045983 genomes   50473 energy   193.3 births 49178055 deaths 49178097 (17987.7s) AMD Radeon AI PRO R9700 (RADV GFX1201)
tick 3850000 alive  1045916 genomes   49717 energy   194.1 births 48955244 deaths 48955311 (17992.4s) AMD Radeon AI PRO R9700 (RADV GFX1201)
tick 3851000 alive  1046102 genomes   48117 energy   194.9 births 48229072 deaths 48228886 (17997.0s) AMD Radeon AI PRO R9700 (RADV GFX1201)
tick 3852000 alive  1046090 genomes   47839 energy   195.3 births 47879822 deaths 47879834 (18001.7s) AMD Radeon AI PRO R9700 (RADV GFX1201)
tick 3853000 alive  1045985 genomes   47883 energy   194.9 births 47836774 deaths 47836879 (18006.3s) AMD Radeon AI PRO R9700 (RADV GFX1201)
tick 3854000 alive  1046017 genomes   47713 energy   195.2 births 48071255 deaths 48071223 (18011.0s) AMD Radeon AI PRO R9700 (RADV GFX1201)
tick 3855000 alive  1046118 genomes   47766 energy   195.3 births 47771627 deaths 47771526 (18015.7s) AMD Radeon AI PRO R9700 (RADV GFX1201)
tick 3856000 alive  1045986 genomes   47929 energy   195.1 births 47569325 deaths 47569457 (18020.4s) AMD Radeon AI PRO R9700 (RADV GFX1201)
tick 3857000 alive  1046074 genomes   47597 energy   195.3 births 47611664 deaths 47611576 (18025.0s) AMD Radeon AI PRO R9700 (RADV GFX1201)
tick 3858000 alive  1046037 genomes   47070 energy   195.6 births 47606408 deaths 47606445 (18029.6s) AMD Radeon AI PRO R9700 (RADV GFX1201)
tick 3859000 alive  1046052 genomes   48014 energy   194.9 births 47529419 deaths 47529404 (18034.3s) AMD Radeon AI PRO R9700 (RADV GFX1201)
tick 3860000 alive  1046018 genomes   48443 energy   194.7 births 48318366 deaths 48318400 (18039.0s) AMD Radeon AI PRO R9700 (RADV GFX1201)
tick 3861000 alive  1045989 genomes   48597 energy   194.6 births 48487912 deaths 48487941 (18043.6s) AMD Radeon AI PRO R9700 (RADV GFX1201)
tick 3862000 alive  1046055 genomes   48850 energy   194.5 births 48331020 deaths 48330954 (18048.3s) AMD Radeon AI PRO R9700 (RADV GFX1201)
tick 3863000 alive  1046006 genomes   48509 energy   194.3 births 48514403 deaths 48514452 (18052.9s) AMD Radeon AI PRO R9700 (RADV GFX1201)
tick 3864000 alive  1046045 genomes   48888 energy   193.8 births 48673355 deaths 48673316 (18057.6s) AMD Radeon AI PRO R9700 (RADV GFX1201)
tick 3865000 alive  1046058 genomes   47631 energy   195.3 births 48347357 deaths 48347344 (18062.3s) AMD Radeon AI PRO R9700 (RADV GFX1201)
tick 3866000 alive  1046008 genomes   48274 energy   194.4 births 48270887 deaths 48270937 (18067.0s) AMD Radeon AI PRO R9700 (RADV GFX1201)
tick 3867000 alive  1046058 genomes   48192 energy   194.4 births 48374752 deaths 48374702 (18071.6s) AMD Radeon AI PRO R9700 (RADV GFX1201)
tick 3868000 alive  1045967 genomes   47873 energy   194.7 births 48174732 deaths 48174823 (18076.3s) AMD Radeon AI PRO R9700 (RADV GFX1201)
tick 3869000 alive  1045993 genomes   47835 energy   195.0 births 48053800 deaths 48053774 (18080.9s) AMD Radeon AI PRO R9700 (RADV GFX1201)
tick 3870000 alive  1045967 genomes   48148 energy   195.0 births 48010762 deaths 48010788 (18085.6s) AMD Radeon AI PRO R9700 (RADV GFX1201)
tick 3871000 alive  1046025 genomes   47888 energy   195.1 births 48035566 deaths 48035508 (18090.3s) AMD Radeon AI PRO R9700 (RADV GFX1201)
tick 3872000 alive  1045985 genomes   48834 energy   194.4 births 48194255 deaths 48194295 (18094.9s) AMD Radeon AI PRO R9700 (RADV GFX1201)
tick 3873000 alive  1046085 genomes   48862 energy   194.5 births 48352473 deaths 48352373 (18099.6s) AMD Radeon AI PRO R9700 (RADV GFX1201)
tick 3874000 alive  1046107 genomes   50052 energy   193.9 births 48585344 deaths 48585322 (18104.2s) AMD Radeon AI PRO R9700 (RADV GFX1201)
tick 3875000 alive  1046039 genomes   49720 energy   194.2 births 48611309 deaths 48611377 (18109.2s) AMD Radeon AI PRO R9700 (RADV GFX1201)
tick 3876000 alive  1046023 genomes   48840 energy   194.9 births 48477034 deaths 48477050 (18113.8s) AMD Radeon AI PRO R9700 (RADV GFX1201)
tick 3877000 alive  1046084 genomes   49621 energy   193.9 births 48555066 deaths 48555005 (18118.4s) AMD Radeon AI PRO R9700 (RADV GFX1201)
tick 3878000 alive  1046001 genomes   49617 energy   193.9 births 48611198 deaths 48611281 (18123.1s) AMD Radeon AI PRO R9700 (RADV GFX1201)
tick 3879000 alive  1046059 genomes   50735 energy   193.6 births 49214355 deaths 49214297 (18127.7s) AMD Radeon AI PRO R9700 (RADV GFX1201)
tick 3880000 alive  1045993 genomes   50740 energy   193.4 births 49186805 deaths 49186871 (18132.4s) AMD Radeon AI PRO R9700 (RADV GFX1201)
tick 3881000 alive  1046030 genomes   50529 energy   193.6 births 49336257 deaths 49336220 (18137.0s) AMD Radeon AI PRO R9700 (RADV GFX1201)
tick 3882000 alive  1046081 genomes   49215 energy   194.2 births 48790187 deaths 48790136 (18141.6s) AMD Radeon AI PRO R9700 (RADV GFX1201)
tick 3883000 alive  1045995 genomes   50395 energy   193.6 births 49050230 deaths 49050316 (18146.3s) AMD Radeon AI PRO R9700 (RADV GFX1201)
tick 3884000 alive  1046038 genomes   49636 energy   193.2 births 49237552 deaths 49237509 (18151.0s) AMD Radeon AI PRO R9700 (RADV GFX1201)
tick 3885000 alive  1046024 genomes   50177 energy   193.2 births 49230060 deaths 49230074 (18155.6s) AMD Radeon AI PRO R9700 (RADV GFX1201)
tick 3886000 alive  1046078 genomes   49691 energy   193.7 births 49383950 deaths 49383896 (18160.2s) AMD Radeon AI PRO R9700 (RADV GFX1201)
tick 3887000 alive  1046078 genomes   49650 energy   193.9 births 48940125 deaths 48940125 (18164.9s) AMD Radeon AI PRO R9700 (RADV GFX1201)
tick 3888000 alive  1046060 genomes   49655 energy   194.1 births 48915464 deaths 48915482 (18169.5s) AMD Radeon AI PRO R9700 (RADV GFX1201)
tick 3889000 alive  1046053 genomes   50214 energy   193.8 births 49056262 deaths 49056269 (18174.1s) AMD Radeon AI PRO R9700 (RADV GFX1201)
tick 3890000 alive  1046135 genomes   49211 energy   194.2 births 48969636 deaths 48969554 (18178.9s) AMD Radeon AI PRO R9700 (RADV GFX1201)
tick 3891000 alive  1046086 genomes   50006 energy   194.1 births 48878011 deaths 48878060 (18183.5s) AMD Radeon AI PRO R9700 (RADV GFX1201)
tick 3892000 alive  1046055 genomes   50143 energy   193.7 births 48973435 deaths 48973466 (18188.2s) AMD Radeon AI PRO R9700 (RADV GFX1201)
tick 3893000 alive  1045950 genomes   49141 energy   194.4 births 48659822 deaths 48659927 (18192.8s) AMD Radeon AI PRO R9700 (RADV GFX1201)
tick 3894000 alive  1045993 genomes   50175 energy   193.6 births 48654303 deaths 48654260 (18197.4s) AMD Radeon AI PRO R9700 (RADV GFX1201)
tick 3895000 alive  1045936 genomes   50757 energy   193.0 births 49445363 deaths 49445420 (18202.0s) AMD Radeon AI PRO R9700 (RADV GFX1201)
tick 3896000 alive  1045978 genomes   51043 energy   193.1 births 49436386 deaths 49436344 (18206.7s) AMD Radeon AI PRO R9700 (RADV GFX1201)
tick 3897000 alive  1046012 genomes   49822 energy   193.8 births 49353728 deaths 49353694 (18211.4s) AMD Radeon AI PRO R9700 (RADV GFX1201)
tick 3898000 alive  1046007 genomes   49670 energy   193.8 births 48956691 deaths 48956696 (18216.0s) AMD Radeon AI PRO R9700 (RADV GFX1201)
tick 3899000 alive  1046068 genomes   48555 energy   195.0 births 48172589 deaths 48172528 (18220.6s) AMD Radeon AI PRO R9700 (RADV GFX1201)
tick 3900000 alive  1046008 genomes   48769 energy   194.2 births 48302829 deaths 48302889 (18225.3s) AMD Radeon AI PRO R9700 (RADV GFX1201)
tick 3901000 alive  1045976 genomes   48731 energy   194.6 births 48277202 deaths 48277234 (18229.9s) AMD Radeon AI PRO R9700 (RADV GFX1201)
tick 3902000 alive  1046137 genomes   49491 energy   194.1 births 48337292 deaths 48337131 (18234.5s) AMD Radeon AI PRO R9700 (RADV GFX1201)
tick 3903000 alive  1046137 genomes   48381 energy   194.9 births 48232502 deaths 48232502 (18239.2s) AMD Radeon AI PRO R9700 (RADV GFX1201)
tick 3904000 alive  1046003 genomes   49058 energy   194.5 births 48240638 deaths 48240772 (18243.8s) AMD Radeon AI PRO R9700 (RADV GFX1201)
tick 3905000 alive  1046019 genomes   48732 energy   194.9 births 48250443 deaths 48250427 (18248.4s) AMD Radeon AI PRO R9700 (RADV GFX1201)
tick 3906000 alive  1046076 genomes   49295 energy   194.4 births 48245182 deaths 48245125 (18253.1s) AMD Radeon AI PRO R9700 (RADV GFX1201)
tick 3907000 alive  1046024 genomes   49598 energy   193.7 births 48600347 deaths 48600399 (18257.7s) AMD Radeon AI PRO R9700 (RADV GFX1201)
tick 3908000 alive  1045991 genomes   49488 energy   193.8 births 48753111 deaths 48753144 (18262.4s) AMD Radeon AI PRO R9700 (RADV GFX1201)
tick 3909000 alive  1046034 genomes   48177 energy   194.6 births 48463747 deaths 48463704 (18267.0s) AMD Radeon AI PRO R9700 (RADV GFX1201)
tick 3910000 alive  1045997 genomes   48655 energy   194.0 births 48254183 deaths 48254220 (18271.6s) AMD Radeon AI PRO R9700 (RADV GFX1201)
tick 3911000 alive  1046123 genomes   48204 energy   194.7 births 48475246 deaths 48475120 (18276.2s) AMD Radeon AI PRO R9700 (RADV GFX1201)
tick 3912000 alive  1045995 genomes   48478 energy   194.8 births 48310836 deaths 48310964 (18280.8s) AMD Radeon AI PRO R9700 (RADV GFX1201)
tick 3913000 alive  1046010 genomes   47489 energy   195.1 births 48127598 deaths 48127583 (18285.4s) AMD Radeon AI PRO R9700 (RADV GFX1201)
tick 3914000 alive  1046034 genomes   47728 energy   195.3 births 48071727 deaths 48071703 (18290.0s) AMD Radeon AI PRO R9700 (RADV GFX1201)
tick 3915000 alive  1046043 genomes   47173 energy   195.3 births 47841016 deaths 47841007 (18294.8s) AMD Radeon AI PRO R9700 (RADV GFX1201)
tick 3916000 alive  1046054 genomes   47792 energy   194.6 births 48110132 deaths 48110121 (18299.5s) AMD Radeon AI PRO R9700 (RADV GFX1201)
tick 3917000 alive  1046020 genomes   47368 energy   195.1 births 47807891 deaths 47807925 (18304.1s) AMD Radeon AI PRO R9700 (RADV GFX1201)
tick 3918000 alive  1046007 genomes   48037 energy   194.6 births 48251971 deaths 48251984 (18308.8s) AMD Radeon AI PRO R9700 (RADV GFX1201)
tick 3919000 alive  1045968 genomes   48565 energy   194.1 births 48415723 deaths 48415762 (18313.4s) AMD Radeon AI PRO R9700 (RADV GFX1201)
tick 3920000 alive  1046067 genomes   49071 energy   194.1 births 48731866 deaths 48731767 (18318.2s) AMD Radeon AI PRO R9700 (RADV GFX1201)
tick 3921000 alive  1045989 genomes   49389 energy   194.0 births 48836037 deaths 48836115 (18322.8s) AMD Radeon AI PRO R9700 (RADV GFX1201)
tick 3922000 alive  1046038 genomes   49736 energy   193.7 births 48956076 deaths 48956027 (18327.5s) AMD Radeon AI PRO R9700 (RADV GFX1201)
tick 3923000 alive  1046080 genomes   48269 energy   194.7 births 48697640 deaths 48697598 (18332.1s) AMD Radeon AI PRO R9700 (RADV GFX1201)
tick 3924000 alive  1046012 genomes   48421 energy   194.5 births 48262570 deaths 48262638 (18336.7s) AMD Radeon AI PRO R9700 (RADV GFX1201)
tick 3925000 alive  1046082 genomes   49254 energy   194.0 births 48483764 deaths 48483694 (18341.4s) AMD Radeon AI PRO R9700 (RADV GFX1201)
tick 3926000 alive  1046052 genomes   49652 energy   194.2 births 48816863 deaths 48816893 (18346.0s) AMD Radeon AI PRO R9700 (RADV GFX1201)
tick 3927000 alive  1046082 genomes   48991 energy   194.5 births 48617972 deaths 48617942 (18350.7s) AMD Radeon AI PRO R9700 (RADV GFX1201)
tick 3928000 alive  1046049 genomes   50038 energy   193.9 births 48721617 deaths 48721650 (18355.3s) AMD Radeon AI PRO R9700 (RADV GFX1201)
tick 3929000 alive  1046012 genomes   50276 energy   193.4 births 49151431 deaths 49151468 (18359.9s) AMD Radeon AI PRO R9700 (RADV GFX1201)
tick 3930000 alive  1046007 genomes   49618 energy   193.9 births 49087373 deaths 49087378 (18364.6s) AMD Radeon AI PRO R9700 (RADV GFX1201)
tick 3931000 alive  1046059 genomes   49589 energy   193.7 births 48961537 deaths 48961485 (18369.3s) AMD Radeon AI PRO R9700 (RADV GFX1201)
tick 3932000 alive  1045979 genomes   49388 energy   193.6 births 49200137 deaths 49200217 (18373.9s) AMD Radeon AI PRO R9700 (RADV GFX1201)
tick 3933000 alive  1046000 genomes   48872 energy   194.1 births 49001345 deaths 49001324 (18378.6s) AMD Radeon AI PRO R9700 (RADV GFX1201)
tick 3934000 alive  1046016 genomes   49189 energy   194.2 births 48675708 deaths 48675692 (18383.3s) AMD Radeon AI PRO R9700 (RADV GFX1201)
tick 3935000 alive  1045996 genomes   49265 energy   193.7 births 49029281 deaths 49029301 (18387.9s) AMD Radeon AI PRO R9700 (RADV GFX1201)
tick 3936000 alive  1045988 genomes   48327 energy   194.5 births 48554073 deaths 48554081 (18392.6s) AMD Radeon AI PRO R9700 (RADV GFX1201)
tick 3937000 alive  1046100 genomes   49068 energy   194.9 births 48451925 deaths 48451813 (18397.2s) AMD Radeon AI PRO R9700 (RADV GFX1201)
tick 3938000 alive  1046066 genomes   48355 energy   194.9 births 48113580 deaths 48113614 (18401.9s) AMD Radeon AI PRO R9700 (RADV GFX1201)
tick 3939000 alive  1046115 genomes   48596 energy   195.0 births 47835183 deaths 47835134 (18406.5s) AMD Radeon AI PRO R9700 (RADV GFX1201)
tick 3940000 alive  1046058 genomes   48995 energy   194.3 births 48295744 deaths 48295801 (18411.2s) AMD Radeon AI PRO R9700 (RADV GFX1201)
tick 3941000 alive  1046061 genomes   49822 energy   194.0 births 48885220 deaths 48885217 (18415.8s) AMD Radeon AI PRO R9700 (RADV GFX1201)
tick 3942000 alive  1046082 genomes   48821 energy   194.5 births 48534822 deaths 48534801 (18420.5s) AMD Radeon AI PRO R9700 (RADV GFX1201)
tick 3943000 alive  1045996 genomes   48634 energy   194.7 births 48400319 deaths 48400405 (18425.1s) AMD Radeon AI PRO R9700 (RADV GFX1201)
tick 3944000 alive  1046057 genomes   48236 energy   194.8 births 48235483 deaths 48235422 (18429.8s) AMD Radeon AI PRO R9700 (RADV GFX1201)
tick 3945000 alive  1046031 genomes   48528 energy   194.6 births 48306767 deaths 48306793 (18434.4s) AMD Radeon AI PRO R9700 (RADV GFX1201)
tick 3946000 alive  1046068 genomes   48381 energy   194.7 births 48040267 deaths 48040230 (18439.1s) AMD Radeon AI PRO R9700 (RADV GFX1201)
tick 3947000 alive  1046017 genomes   48175 energy   194.9 births 48034334 deaths 48034385 (18443.7s) AMD Radeon AI PRO R9700 (RADV GFX1201)
tick 3948000 alive  1046037 genomes   48042 energy   195.0 births 47960734 deaths 47960714 (18448.4s) AMD Radeon AI PRO R9700 (RADV GFX1201)
tick 3949000 alive  1046057 genomes   47740 energy   195.1 births 48027033 deaths 48027013 (18453.1s) AMD Radeon AI PRO R9700 (RADV GFX1201)
tick 3950000 alive  1046050 genomes   48477 energy   194.7 births 48020585 deaths 48020592 (18457.7s) AMD Radeon AI PRO R9700 (RADV GFX1201)
tick 3951000 alive  1046062 genomes   48547 energy   194.8 births 48156743 deaths 48156731 (18462.4s) AMD Radeon AI PRO R9700 (RADV GFX1201)
tick 3952000 alive  1046102 genomes   48204 energy   194.9 births 48135885 deaths 48135845 (18467.1s) AMD Radeon AI PRO R9700 (RADV GFX1201)
tick 3953000 alive  1045998 genomes   49506 energy   194.5 births 48363654 deaths 48363758 (18471.8s) AMD Radeon AI PRO R9700 (RADV GFX1201)
tick 3954000 alive  1046074 genomes   48614 energy   195.0 births 48244040 deaths 48243964 (18476.5s) AMD Radeon AI PRO R9700 (RADV GFX1201)
tick 3955000 alive  1046090 genomes   49155 energy   194.7 births 48466195 deaths 48466179 (18481.2s) AMD Radeon AI PRO R9700 (RADV GFX1201)
tick 3956000 alive  1045996 genomes   48512 energy   194.6 births 48259918 deaths 48260012 (18485.9s) AMD Radeon AI PRO R9700 (RADV GFX1201)
tick 3957000 alive  1046107 genomes   48709 energy   194.5 births 48147269 deaths 48147158 (18490.5s) AMD Radeon AI PRO R9700 (RADV GFX1201)
tick 3958000 alive  1046052 genomes   47255 energy   195.2 births 47859107 deaths 47859162 (18495.2s) AMD Radeon AI PRO R9700 (RADV GFX1201)
tick 3959000 alive  1045981 genomes   47449 energy   195.0 births 47700268 deaths 47700339 (18499.8s) AMD Radeon AI PRO R9700 (RADV GFX1201)
tick 3960000 alive  1046049 genomes   48395 energy   194.9 births 48102422 deaths 48102354 (18504.5s) AMD Radeon AI PRO R9700 (RADV GFX1201)
tick 3961000 alive  1046089 genomes   48688 energy   194.4 births 48369779 deaths 48369739 (18509.1s) AMD Radeon AI PRO R9700 (RADV GFX1201)
tick 3962000 alive  1046022 genomes   48936 energy   194.2 births 48369191 deaths 48369258 (18513.8s) AMD Radeon AI PRO R9700 (RADV GFX1201)
tick 3963000 alive  1046093 genomes   47100 energy   195.3 births 48056324 deaths 48056253 (18518.4s) AMD Radeon AI PRO R9700 (RADV GFX1201)
tick 3964000 alive  1046076 genomes   46765 energy   195.4 births 47623890 deaths 47623907 (18523.1s) AMD Radeon AI PRO R9700 (RADV GFX1201)
tick 3965000 alive  1046024 genomes   46817 energy   195.6 births 47497069 deaths 47497121 (18527.7s) AMD Radeon AI PRO R9700 (RADV GFX1201)
tick 3966000 alive  1046069 genomes   47929 energy   194.6 births 47849103 deaths 47849058 (18532.4s) AMD Radeon AI PRO R9700 (RADV GFX1201)
tick 3967000 alive  1045943 genomes   48840 energy   194.5 births 48509727 deaths 48509853 (18537.0s) AMD Radeon AI PRO R9700 (RADV GFX1201)
tick 3968000 alive  1046032 genomes   48703 energy   193.8 births 48468477 deaths 48468388 (18541.7s) AMD Radeon AI PRO R9700 (RADV GFX1201)
tick 3969000 alive  1046003 genomes   48497 energy   194.1 births 48521924 deaths 48521953 (18546.3s) AMD Radeon AI PRO R9700 (RADV GFX1201)
tick 3970000 alive  1046156 genomes   48193 energy   194.7 births 48185377 deaths 48185224 (18551.0s) AMD Radeon AI PRO R9700 (RADV GFX1201)
tick 3971000 alive  1045999 genomes   48370 energy   194.5 births 48465495 deaths 48465652 (18555.6s) AMD Radeon AI PRO R9700 (RADV GFX1201)
tick 3972000 alive  1046004 genomes   48536 energy   194.8 births 48244801 deaths 48244796 (18560.3s) AMD Radeon AI PRO R9700 (RADV GFX1201)
tick 3973000 alive  1045984 genomes   47853 energy   195.3 births 48192296 deaths 48192316 (18564.9s) AMD Radeon AI PRO R9700 (RADV GFX1201)
tick 3974000 alive  1046038 genomes   47775 energy   194.8 births 48071839 deaths 48071785 (18569.5s) AMD Radeon AI PRO R9700 (RADV GFX1201)
tick 3975000 alive  1045986 genomes   48458 energy   194.5 births 48342609 deaths 48342661 (18574.2s) AMD Radeon AI PRO R9700 (RADV GFX1201)
tick 3976000 alive  1045990 genomes   48383 energy   194.7 births 48482135 deaths 48482131 (18578.8s) AMD Radeon AI PRO R9700 (RADV GFX1201)
tick 3977000 alive  1045969 genomes   48376 energy   194.5 births 48179806 deaths 48179827 (18583.4s) AMD Radeon AI PRO R9700 (RADV GFX1201)
tick 3978000 alive  1046016 genomes   49710 energy   193.8 births 48522971 deaths 48522924 (18588.1s) AMD Radeon AI PRO R9700 (RADV GFX1201)
tick 3979000 alive  1046025 genomes   49090 energy   194.3 births 48613729 deaths 48613720 (18592.7s) AMD Radeon AI PRO R9700 (RADV GFX1201)
tick 3980000 alive  1045957 genomes   48150 energy   194.5 births 48508426 deaths 48508494 (18597.4s) AMD Radeon AI PRO R9700 (RADV GFX1201)
tick 3981000 alive  1046050 genomes   48036 energy   194.7 births 48189357 deaths 48189264 (18602.0s) AMD Radeon AI PRO R9700 (RADV GFX1201)
tick 3982000 alive  1046056 genomes   48196 energy   194.7 births 48168640 deaths 48168634 (18606.7s) AMD Radeon AI PRO R9700 (RADV GFX1201)
tick 3983000 alive  1046077 genomes   49370 energy   194.5 births 48317877 deaths 48317856 (18611.3s) AMD Radeon AI PRO R9700 (RADV GFX1201)
tick 3984000 alive  1046058 genomes   48659 energy   194.9 births 48160170 deaths 48160189 (18616.0s) AMD Radeon AI PRO R9700 (RADV GFX1201)
tick 3985000 alive  1045991 genomes   48021 energy   195.2 births 48137322 deaths 48137389 (18620.6s) AMD Radeon AI PRO R9700 (RADV GFX1201)
tick 3986000 alive  1046086 genomes   48494 energy   194.9 births 47981635 deaths 47981540 (18625.3s) AMD Radeon AI PRO R9700 (RADV GFX1201)
tick 3987000 alive  1046065 genomes   48379 energy   195.0 births 48127017 deaths 48127038 (18629.9s) AMD Radeon AI PRO R9700 (RADV GFX1201)
tick 3988000 alive  1046065 genomes   48077 energy   195.4 births 47781468 deaths 47781468 (18634.6s) AMD Radeon AI PRO R9700 (RADV GFX1201)
tick 3989000 alive  1046142 genomes   47773 energy   195.4 births 47776036 deaths 47775959 (18639.2s) AMD Radeon AI PRO R9700 (RADV GFX1201)
tick 3990000 alive  1046058 genomes   49030 energy   194.9 births 47895097 deaths 47895181 (18643.9s) AMD Radeon AI PRO R9700 (RADV GFX1201)
tick 3991000 alive  1046043 genomes   50060 energy   194.0 births 48268407 deaths 48268422 (18648.5s) AMD Radeon AI PRO R9700 (RADV GFX1201)
tick 3992000 alive  1046046 genomes   49102 energy   194.4 births 48641419 deaths 48641416 (18653.2s) AMD Radeon AI PRO R9700 (RADV GFX1201)
tick 3993000 alive  1046010 genomes   48647 energy   194.3 births 48409078 deaths 48409114 (18657.9s) AMD Radeon AI PRO R9700 (RADV GFX1201)
tick 3994000 alive  1045953 genomes   48120 energy   194.7 births 48062941 deaths 48062998 (18662.5s) AMD Radeon AI PRO R9700 (RADV GFX1201)
tick 3995000 alive  1045984 genomes   48876 energy   194.4 births 48406427 deaths 48406396 (18667.2s) AMD Radeon AI PRO R9700 (RADV GFX1201)
tick 3996000 alive  1046082 genomes   49488 energy   193.6 births 48682340 deaths 48682242 (18671.9s) AMD Radeon AI PRO R9700 (RADV GFX1201)
tick 3997000 alive  1045995 genomes   48856 energy   194.2 births 48815260 deaths 48815347 (18676.5s) AMD Radeon AI PRO R9700 (RADV GFX1201)
tick 3998000 alive  1046028 genomes   48664 energy   194.3 births 48513849 deaths 48513816 (18681.2s) AMD Radeon AI PRO R9700 (RADV GFX1201)
tick 3999000 alive  1046066 genomes   48555 energy   194.4 births 48381091 deaths 48381053 (18685.8s) AMD Radeon AI PRO R9700 (RADV GFX1201)
tick 4000000 alive  1045894 genomes   48898 energy   194.2 births 48474632 deaths 48474804 (18690.5s) AMD Radeon AI PRO R9700 (RADV GFX1201)
tick 4001000 alive  1046073 genomes   49319 energy   194.0 births 48806835 deaths 48806656 (18695.2s) AMD Radeon AI PRO R9700 (RADV GFX1201)
tick 4002000 alive  1046039 genomes   48985 energy   194.5 births 48670845 deaths 48670879 (18699.8s) AMD Radeon AI PRO R9700 (RADV GFX1201)
tick 4003000 alive  1046098 genomes   48503 energy   194.9 births 48251865 deaths 48251806 (18704.4s) AMD Radeon AI PRO R9700 (RADV GFX1201)
tick 4004000 alive  1046101 genomes   48646 energy   194.3 births 47958321 deaths 47958318 (18709.4s) AMD Radeon AI PRO R9700 (RADV GFX1201)
tick 4005000 alive  1046063 genomes   48681 energy   194.4 births 48293326 deaths 48293364 (18714.1s) AMD Radeon AI PRO R9700 (RADV GFX1201)
tick 4006000 alive  1046033 genomes   49723 energy   194.2 births 48926413 deaths 48926443 (18718.8s) AMD Radeon AI PRO R9700 (RADV GFX1201)
tick 4007000 alive  1046080 genomes   48938 energy   194.8 births 48557637 deaths 48557590 (18723.5s) AMD Radeon AI PRO R9700 (RADV GFX1201)
tick 4008000 alive  1046060 genomes   47775 energy   195.1 births 48066722 deaths 48066742 (18728.2s) AMD Radeon AI PRO R9700 (RADV GFX1201)
tick 4009000 alive  1046017 genomes   48864 energy   194.9 births 48054523 deaths 48054566 (18733.0s) AMD Radeon AI PRO R9700 (RADV GFX1201)
tick 4010000 alive  1046062 genomes   48370 energy   195.4 births 48232131 deaths 48232086 (18737.6s) AMD Radeon AI PRO R9700 (RADV GFX1201)
tick 4011000 alive  1046075 genomes   48505 energy   195.5 births 47726523 deaths 47726510 (18742.5s) AMD Radeon AI PRO R9700 (RADV GFX1201)
tick 4012000 alive  1045991 genomes   48614 energy   195.1 births 48057687 deaths 48057771 (18747.1s) AMD Radeon AI PRO R9700 (RADV GFX1201)
tick 4013000 alive  1046056 genomes   48115 energy   195.3 births 48014383 deaths 48014318 (18751.8s) AMD Radeon AI PRO R9700 (RADV GFX1201)
tick 4014000 alive  1046115 genomes   47142 energy   196.0 births 47388002 deaths 47387943 (18756.5s) AMD Radeon AI PRO R9700 (RADV GFX1201)
tick 4015000 alive  1046034 genomes   48218 energy   195.1 births 47527343 deaths 47527424 (18761.3s) AMD Radeon AI PRO R9700 (RADV GFX1201)
tick 4016000 alive  1046070 genomes   48493 energy   194.6 births 48179449 deaths 48179413 (18766.0s) AMD Radeon AI PRO R9700 (RADV GFX1201)
tick 4017000 alive  1046037 genomes   49555 energy   194.3 births 48541234 deaths 48541267 (18770.6s) AMD Radeon AI PRO R9700 (RADV GFX1201)
tick 4018000 alive  1046043 genomes   48252 energy   194.8 births 48109466 deaths 48109460 (18775.3s) AMD Radeon AI PRO R9700 (RADV GFX1201)
tick 4019000 alive  1045982 genomes   47241 energy   195.4 births 47877654 deaths 47877715 (18779.9s) AMD Radeon AI PRO R9700 (RADV GFX1201)
tick 4020000 alive  1046050 genomes   47789 energy   195.0 births 47771672 deaths 47771604 (18784.6s) AMD Radeon AI PRO R9700 (RADV GFX1201)
tick 4021000 alive  1045993 genomes   47641 energy   195.1 births 47972306 deaths 47972363 (18789.3s) AMD Radeon AI PRO R9700 (RADV GFX1201)
tick 4022000 alive  1045949 genomes   47028 energy   195.4 births 47766159 deaths 47766203 (18793.9s) AMD Radeon AI PRO R9700 (RADV GFX1201)
tick 4023000 alive  1046042 genomes   47384 energy   195.1 births 47723713 deaths 47723620 (18798.6s) AMD Radeon AI PRO R9700 (RADV GFX1201)
tick 4024000 alive  1046054 genomes   47991 energy   194.7 births 47907149 deaths 47907137 (18803.3s) AMD Radeon AI PRO R9700 (RADV GFX1201)
tick 4025000 alive  1045989 genomes   48577 energy   194.5 births 48305178 deaths 48305243 (18807.9s) AMD Radeon AI PRO R9700 (RADV GFX1201)
tick 4026000 alive  1046009 genomes   48342 energy   194.9 births 48268293 deaths 48268273 (18812.6s) AMD Radeon AI PRO R9700 (RADV GFX1201)
tick 4027000 alive  1046060 genomes   49218 energy   194.1 births 48323033 deaths 48322982 (18817.2s) AMD Radeon AI PRO R9700 (RADV GFX1201)
tick 4028000 alive  1045924 genomes   47977 energy   195.4 births 48278230 deaths 48278366 (18822.1s) AMD Radeon AI PRO R9700 (RADV GFX1201)
tick 4029000 alive  1046030 genomes   48221 energy   195.0 births 47765270 deaths 47765164 (18826.7s) AMD Radeon AI PRO R9700 (RADV GFX1201)
tick 4030000 alive  1046079 genomes   47824 energy   195.3 births 47929122 deaths 47929073 (18831.9s) AMD Radeon AI PRO R9700 (RADV GFX1201)
tick 4031000 alive  1045997 genomes   47866 energy   195.1 births 47759153 deaths 47759235 (18836.6s) AMD Radeon AI PRO R9700 (RADV GFX1201)
tick 4032000 alive  1046020 genomes   47932 energy   195.0 births 47737019 deaths 47736996 (18841.2s) AMD Radeon AI PRO R9700 (RADV GFX1201)
tick 4033000 alive  1045997 genomes   47655 energy   195.2 births 47903201 deaths 47903224 (18845.9s) AMD Radeon AI PRO R9700 (RADV GFX1201)
tick 4034000 alive  1046019 genomes   47988 energy   195.0 births 48029599 deaths 48029577 (18850.5s) AMD Radeon AI PRO R9700 (RADV GFX1201)
tick 4035000 alive  1045955 genomes   48457 energy   194.5 births 48148794 deaths 48148858 (18855.2s) AMD Radeon AI PRO R9700 (RADV GFX1201)
tick 4036000 alive  1046126 genomes   48645 energy   194.5 births 48501715 deaths 48501544 (18859.8s) AMD Radeon AI PRO R9700 (RADV GFX1201)
tick 4037000 alive  1045968 genomes   50449 energy   193.3 births 48978481 deaths 48978639 (18864.4s) AMD Radeon AI PRO R9700 (RADV GFX1201)
tick 4038000 alive  1046018 genomes   49192 energy   194.6 births 48984735 deaths 48984685 (18869.1s) AMD Radeon AI PRO R9700 (RADV GFX1201)
tick 4039000 alive  1046024 genomes   48403 energy   194.9 births 48318643 deaths 48318637 (18873.8s) AMD Radeon AI PRO R9700 (RADV GFX1201)
tick 4040000 alive  1045992 genomes   48683 energy   194.6 births 47999856 deaths 47999888 (18878.4s) AMD Radeon AI PRO R9700 (RADV GFX1201)
tick 4041000 alive  1046052 genomes   48567 energy   194.8 births 48115342 deaths 48115282 (18883.0s) AMD Radeon AI PRO R9700 (RADV GFX1201)
tick 4042000 alive  1046003 genomes   49155 energy   194.1 births 48421238 deaths 48421287 (18887.7s) AMD Radeon AI PRO R9700 (RADV GFX1201)
tick 4043000 alive  1046099 genomes   49070 energy   194.6 births 48587945 deaths 48587849 (18892.3s) AMD Radeon AI PRO R9700 (RADV GFX1201)
tick 4044000 alive  1046100 genomes   48548 energy   194.6 births 48161605 deaths 48161604 (18896.9s) AMD Radeon AI PRO R9700 (RADV GFX1201)
tick 4045000 alive  1045970 genomes   48991 energy   194.6 births 48414884 deaths 48415014 (18901.6s) AMD Radeon AI PRO R9700 (RADV GFX1201)
tick 4046000 alive  1046089 genomes   47126 energy   195.4 births 47575026 deaths 47574907 (18906.2s) AMD Radeon AI PRO R9700 (RADV GFX1201)
tick 4047000 alive  1046036 genomes   47246 energy   195.6 births 47620874 deaths 47620927 (18910.9s) AMD Radeon AI PRO R9700 (RADV GFX1201)
tick 4048000 alive  1046008 genomes   49786 energy   193.8 births 48504438 deaths 48504466 (18915.5s) AMD Radeon AI PRO R9700 (RADV GFX1201)
tick 4049000 alive  1046036 genomes   49224 energy   194.1 births 48766573 deaths 48766545 (18920.1s) AMD Radeon AI PRO R9700 (RADV GFX1201)
tick 4050000 alive  1045992 genomes   48043 energy   194.4 births 48353440 deaths 48353484 (18924.8s) AMD Radeon AI PRO R9700 (RADV GFX1201)
tick 4051000 alive  1046077 genomes   47874 energy   194.7 births 48284799 deaths 48284714 (18929.4s) AMD Radeon AI PRO R9700 (RADV GFX1201)
tick 4052000 alive  1046041 genomes   49362 energy   193.7 births 48935129 deaths 48935165 (18934.0s) AMD Radeon AI PRO R9700 (RADV GFX1201)
tick 4053000 alive  1046090 genomes   49389 energy   194.2 births 48980240 deaths 48980191 (18938.9s) AMD Radeon AI PRO R9700 (RADV GFX1201)
tick 4054000 alive  1046035 genomes   48101 energy   195.2 births 48062491 deaths 48062546 (18943.9s) AMD Radeon AI PRO R9700 (RADV GFX1201)
tick 4055000 alive  1046148 genomes   47590 energy   195.1 births 47867022 deaths 47866909 (18948.7s) AMD Radeon AI PRO R9700 (RADV GFX1201)
tick 4056000 alive  1046019 genomes   47370 energy   195.3 births 47767502 deaths 47767631 (18953.3s) AMD Radeon AI PRO R9700 (RADV GFX1201)
tick 4057000 alive  1046057 genomes   48409 energy   194.7 births 48020861 deaths 48020823 (18957.9s) AMD Radeon AI PRO R9700 (RADV GFX1201)
tick 4058000 alive  1046057 genomes   48008 energy   195.2 births 47968317 deaths 47968317 (18962.6s) AMD Radeon AI PRO R9700 (RADV GFX1201)
tick 4059000 alive  1046113 genomes   48040 energy   195.2 births 47801634 deaths 47801578 (18967.3s) AMD Radeon AI PRO R9700 (RADV GFX1201)
tick 4060000 alive  1046031 genomes   48079 energy   195.0 births 47706052 deaths 47706134 (18971.9s) AMD Radeon AI PRO R9700 (RADV GFX1201)
tick 4061000 alive  1046108 genomes   48065 energy   194.9 births 47950217 deaths 47950140 (18976.6s) AMD Radeon AI PRO R9700 (RADV GFX1201)
tick 4062000 alive  1046042 genomes   48117 energy   195.0 births 48258894 deaths 48258960 (18981.2s) AMD Radeon AI PRO R9700 (RADV GFX1201)
tick 4063000 alive  1045952 genomes   48480 energy   194.6 births 48032768 deaths 48032858 (18985.9s) AMD Radeon AI PRO R9700 (RADV GFX1201)
tick 4064000 alive  1046115 genomes   47965 energy   194.7 births 48233961 deaths 48233798 (18990.6s) AMD Radeon AI PRO R9700 (RADV GFX1201)
tick 4065000 alive  1046006 genomes   47397 energy   195.5 births 48059182 deaths 48059291 (18995.2s) AMD Radeon AI PRO R9700 (RADV GFX1201)
tick 4066000 alive  1046149 genomes   47767 energy   195.1 births 47540769 deaths 47540626 (18999.9s) AMD Radeon AI PRO R9700 (RADV GFX1201)
tick 4067000 alive  1046014 genomes   47351 energy   195.7 births 47870971 deaths 47871106 (19004.6s) AMD Radeon AI PRO R9700 (RADV GFX1201)
tick 4068000 alive  1046104 genomes   47656 energy   195.4 births 47690249 deaths 47690159 (19009.2s) AMD Radeon AI PRO R9700 (RADV GFX1201)
tick 4069000 alive  1046052 genomes   46340 energy   195.9 births 47473503 deaths 47473555 (19013.9s) AMD Radeon AI PRO R9700 (RADV GFX1201)
tick 4070000 alive  1046188 genomes   48309 energy   194.6 births 47888777 deaths 47888641 (19018.5s) AMD Radeon AI PRO R9700 (RADV GFX1201)
tick 4071000 alive  1045941 genomes   49089 energy   194.2 births 48438042 deaths 48438289 (19023.2s) AMD Radeon AI PRO R9700 (RADV GFX1201)
tick 4072000 alive  1046041 genomes   48810 energy   194.5 births 48465562 deaths 48465462 (19027.9s) AMD Radeon AI PRO R9700 (RADV GFX1201)
tick 4073000 alive  1046096 genomes   47415 energy   195.4 births 47941843 deaths 47941788 (19032.6s) AMD Radeon AI PRO R9700 (RADV GFX1201)
tick 4074000 alive  1046028 genomes   47345 energy   195.4 births 47799571 deaths 47799639 (19037.2s) AMD Radeon AI PRO R9700 (RADV GFX1201)
tick 4075000 alive  1045984 genomes   46641 energy   195.7 births 47834607 deaths 47834651 (19041.9s) AMD Radeon AI PRO R9700 (RADV GFX1201)
tick 4076000 alive  1046031 genomes   48217 energy   194.5 births 47977709 deaths 47977662 (19046.6s) AMD Radeon AI PRO R9700 (RADV GFX1201)
tick 4077000 alive  1045991 genomes   48251 energy   194.7 births 48337805 deaths 48337845 (19051.2s) AMD Radeon AI PRO R9700 (RADV GFX1201)
tick 4078000 alive  1046117 genomes   48153 energy   194.9 births 48066081 deaths 48065955 (19055.9s) AMD Radeon AI PRO R9700 (RADV GFX1201)
tick 4079000 alive  1045986 genomes   47770 energy   194.7 births 48171122 deaths 48171253 (19060.5s) AMD Radeon AI PRO R9700 (RADV GFX1201)
tick 4080000 alive  1046087 genomes   47911 energy   194.7 births 48328627 deaths 48328526 (19065.1s) AMD Radeon AI PRO R9700 (RADV GFX1201)
tick 4081000 alive  1046114 genomes   48385 energy   194.3 births 48080190 deaths 48080163 (19069.8s) AMD Radeon AI PRO R9700 (RADV GFX1201)
tick 4082000 alive  1046046 genomes   48996 energy   194.4 births 48371480 deaths 48371548 (19074.4s) AMD Radeon AI PRO R9700 (RADV GFX1201)
tick 4083000 alive  1046018 genomes   48355 energy   195.0 births 47901522 deaths 47901550 (19079.1s) AMD Radeon AI PRO R9700 (RADV GFX1201)
tick 4084000 alive  1046031 genomes   48809 energy   194.3 births 48245300 deaths 48245287 (19083.7s) AMD Radeon AI PRO R9700 (RADV GFX1201)
tick 4085000 alive  1046026 genomes   49284 energy   193.8 births 48524746 deaths 48524751 (19088.3s) AMD Radeon AI PRO R9700 (RADV GFX1201)
tick 4086000 alive  1046041 genomes   48382 energy   194.6 births 48466388 deaths 48466373 (19092.9s) AMD Radeon AI PRO R9700 (RADV GFX1201)
tick 4087000 alive  1045968 genomes   48619 energy   194.8 births 48583838 deaths 48583911 (19097.6s) AMD Radeon AI PRO R9700 (RADV GFX1201)
tick 4088000 alive  1046135 genomes   48177 energy   194.5 births 48400509 deaths 48400342 (19102.2s) AMD Radeon AI PRO R9700 (RADV GFX1201)
tick 4089000 alive  1045988 genomes   48140 energy   194.8 births 48261684 deaths 48261831 (19106.8s) AMD Radeon AI PRO R9700 (RADV GFX1201)
tick 4090000 alive  1046115 genomes   47821 energy   194.8 births 48151017 deaths 48150890 (19111.5s) AMD Radeon AI PRO R9700 (RADV GFX1201)
tick 4091000 alive  1046036 genomes   47429 energy   195.3 births 47983158 deaths 47983237 (19116.1s) AMD Radeon AI PRO R9700 (RADV GFX1201)
tick 4092000 alive  1045965 genomes   48391 energy   194.8 births 48011615 deaths 48011686 (19120.7s) AMD Radeon AI PRO R9700 (RADV GFX1201)
tick 4093000 alive  1046021 genomes   48638 energy   194.8 births 48508771 deaths 48508715 (19125.4s) AMD Radeon AI PRO R9700 (RADV GFX1201)
tick 4094000 alive  1045911 genomes   47673 energy   194.7 births 48070035 deaths 48070145 (19130.0s) AMD Radeon AI PRO R9700 (RADV GFX1201)
tick 4095000 alive  1046073 genomes   48453 energy   194.6 births 48281197 deaths 48281035 (19134.7s) AMD Radeon AI PRO R9700 (RADV GFX1201)
tick 4096000 alive  1045954 genomes   47462 energy   195.2 births 48126201 deaths 48126320 (19139.3s) AMD Radeon AI PRO R9700 (RADV GFX1201)
tick 4097000 alive  1046018 genomes   47459 energy   195.2 births 47475005 deaths 47474941 (19143.9s) AMD Radeon AI PRO R9700 (RADV GFX1201)
tick 4098000 alive  1046037 genomes   47201 energy   195.6 births 47522336 deaths 47522317 (19148.6s) AMD Radeon AI PRO R9700 (RADV GFX1201)
tick 4099000 alive  1046097 genomes   48721 energy   194.3 births 47981857 deaths 47981797 (19153.2s) AMD Radeon AI PRO R9700 (RADV GFX1201)
tick 4100000 alive  1046008 genomes   48745 energy   194.5 births 48191942 deaths 48192031 (19157.9s) AMD Radeon AI PRO R9700 (RADV GFX1201)
tick 4101000 alive  1046010 genomes   49006 energy   194.8 births 48208786 deaths 48208784 (19162.5s) AMD Radeon AI PRO R9700 (RADV GFX1201)
tick 4102000 alive  1046064 genomes   49648 energy   194.2 births 48439875 deaths 48439821 (19167.1s) AMD Radeon AI PRO R9700 (RADV GFX1201)
tick 4103000 alive  1046021 genomes   49352 energy   194.3 births 48803091 deaths 48803134 (19171.8s) AMD Radeon AI PRO R9700 (RADV GFX1201)
tick 4104000 alive  1046018 genomes   50494 energy   194.0 births 48727503 deaths 48727506 (19176.4s) AMD Radeon AI PRO R9700 (RADV GFX1201)
tick 4105000 alive  1045943 genomes   49026 energy   194.6 births 48681431 deaths 48681506 (19181.1s) AMD Radeon AI PRO R9700 (RADV GFX1201)
tick 4106000 alive  1046073 genomes   49622 energy   193.9 births 48605997 deaths 48605867 (19185.7s) AMD Radeon AI PRO R9700 (RADV GFX1201)
tick 4107000 alive  1046031 genomes   49185 energy   194.0 births 48661925 deaths 48661967 (19190.4s) AMD Radeon AI PRO R9700 (RADV GFX1201)
tick 4108000 alive  1046039 genomes   48235 energy   195.0 births 48240661 deaths 48240653 (19195.0s) AMD Radeon AI PRO R9700 (RADV GFX1201)
tick 4109000 alive  1046016 genomes   49231 energy   194.6 births 48297843 deaths 48297866 (19199.6s) AMD Radeon AI PRO R9700 (RADV GFX1201)
tick 4110000 alive  1046042 genomes   48317 energy   194.6 births 48048202 deaths 48048176 (19204.3s) AMD Radeon AI PRO R9700 (RADV GFX1201)
tick 4111000 alive  1046011 genomes   49171 energy   194.4 births 48529250 deaths 48529281 (19208.9s) AMD Radeon AI PRO R9700 (RADV GFX1201)
tick 4112000 alive  1046065 genomes   48838 energy   194.5 births 48442890 deaths 48442836 (19213.6s) AMD Radeon AI PRO R9700 (RADV GFX1201)
tick 4113000 alive  1046104 genomes   48017 energy   195.1 births 48149360 deaths 48149321 (19218.3s) AMD Radeon AI PRO R9700 (RADV GFX1201)
tick 4114000 alive  1046141 genomes   48993 energy   194.8 births 48195837 deaths 48195800 (19222.9s) AMD Radeon AI PRO R9700 (RADV GFX1201)
tick 4115000 alive  1046040 genomes   47435 energy   195.4 births 48345229 deaths 48345330 (19227.6s) AMD Radeon AI PRO R9700 (RADV GFX1201)
tick 4116000 alive  1046000 genomes   47392 energy   195.5 births 47645245 deaths 47645285 (19232.2s) AMD Radeon AI PRO R9700 (RADV GFX1201)
tick 4117000 alive  1046052 genomes   48165 energy   195.0 births 47810289 deaths 47810237 (19236.9s) AMD Radeon AI PRO R9700 (RADV GFX1201)
tick 4118000 alive  1046037 genomes   48086 energy   195.1 births 47981291 deaths 47981306 (19241.6s) AMD Radeon AI PRO R9700 (RADV GFX1201)
tick 4119000 alive  1045965 genomes   47667 energy   195.4 births 47657731 deaths 47657803 (19246.2s) AMD Radeon AI PRO R9700 (RADV GFX1201)
tick 4120000 alive  1046093 genomes   49363 energy   194.0 births 48382823 deaths 48382695 (19250.9s) AMD Radeon AI PRO R9700 (RADV GFX1201)
tick 4121000 alive  1046134 genomes   49487 energy   194.1 births 48539720 deaths 48539679 (19255.6s) AMD Radeon AI PRO R9700 (RADV GFX1201)
tick 4122000 alive  1046046 genomes   49436 energy   194.1 births 48863640 deaths 48863728 (19260.2s) AMD Radeon AI PRO R9700 (RADV GFX1201)
tick 4123000 alive  1045970 genomes   49932 energy   193.9 births 48799084 deaths 48799160 (19264.9s) AMD Radeon AI PRO R9700 (RADV GFX1201)
tick 4124000 alive  1046061 genomes   50577 energy   193.4 births 48824608 deaths 48824517 (19269.5s) AMD Radeon AI PRO R9700 (RADV GFX1201)
tick 4125000 alive  1046044 genomes   51139 energy   193.1 births 49408430 deaths 49408447 (19274.2s) AMD Radeon AI PRO R9700 (RADV GFX1201)
tick 4126000 alive  1045981 genomes   51111 energy   193.2 births 49423598 deaths 49423661 (19278.9s) AMD Radeon AI PRO R9700 (RADV GFX1201)
tick 4127000 alive  1046015 genomes   50462 energy   194.1 births 48977611 deaths 48977577 (19283.5s) AMD Radeon AI PRO R9700 (RADV GFX1201)
tick 4128000 alive  1046071 genomes   50722 energy   193.8 births 49000698 deaths 49000642 (19288.2s) AMD Radeon AI PRO R9700 (RADV GFX1201)
tick 4129000 alive  1046041 genomes   50919 energy   193.3 births 49011765 deaths 49011795 (19292.9s) AMD Radeon AI PRO R9700 (RADV GFX1201)
tick 4130000 alive  1046030 genomes   50115 energy   193.6 births 49350746 deaths 49350757 (19297.5s) AMD Radeon AI PRO R9700 (RADV GFX1201)
tick 4131000 alive  1046039 genomes   50155 energy   193.7 births 48965157 deaths 48965148 (19302.2s) AMD Radeon AI PRO R9700 (RADV GFX1201)
tick 4132000 alive  1045998 genomes   50158 energy   193.9 births 49068883 deaths 49068924 (19306.9s) AMD Radeon AI PRO R9700 (RADV GFX1201)
tick 4133000 alive  1046099 genomes   49903 energy   194.4 births 48817234 deaths 48817133 (19311.6s) AMD Radeon AI PRO R9700 (RADV GFX1201)
tick 4134000 alive  1046060 genomes   50574 energy   193.8 births 48680457 deaths 48680496 (19316.2s) AMD Radeon AI PRO R9700 (RADV GFX1201)
tick 4135000 alive  1046115 genomes   50280 energy   194.1 births 48918358 deaths 48918303 (19320.9s) AMD Radeon AI PRO R9700 (RADV GFX1201)
tick 4136000 alive  1046100 genomes   50040 energy   194.0 births 48851645 deaths 48851660 (19325.6s) AMD Radeon AI PRO R9700 (RADV GFX1201)
tick 4137000 alive  1046072 genomes   51730 energy   193.2 births 49153122 deaths 49153150 (19330.3s) AMD Radeon AI PRO R9700 (RADV GFX1201)
tick 4138000 alive  1046065 genomes   52234 energy   192.9 births 49580685 deaths 49580692 (19335.0s) AMD Radeon AI PRO R9700 (RADV GFX1201)
tick 4139000 alive  1046051 genomes   50686 energy   193.7 births 49493122 deaths 49493136 (19339.7s) AMD Radeon AI PRO R9700 (RADV GFX1201)
tick 4140000 alive  1046100 genomes   50121 energy   194.0 births 48908033 deaths 48907984 (19344.4s) AMD Radeon AI PRO R9700 (RADV GFX1201)
tick 4141000 alive  1045987 genomes   51333 energy   193.4 births 49183353 deaths 49183466 (19349.1s) AMD Radeon AI PRO R9700 (RADV GFX1201)
tick 4142000 alive  1046136 genomes   50893 energy   194.2 births 48970629 deaths 48970480 (19353.8s) AMD Radeon AI PRO R9700 (RADV GFX1201)
tick 4143000 alive  1046063 genomes   51912 energy   193.2 births 49179315 deaths 49179388 (19358.5s) AMD Radeon AI PRO R9700 (RADV GFX1201)
tick 4144000 alive  1046019 genomes   50891 energy   194.0 births 49016878 deaths 49016922 (19363.2s) AMD Radeon AI PRO R9700 (RADV GFX1201)
tick 4145000 alive  1045927 genomes   50954 energy   193.3 births 49237844 deaths 49237936 (19367.9s) AMD Radeon AI PRO R9700 (RADV GFX1201)
tick 4146000 alive  1046036 genomes   51101 energy   193.4 births 49397562 deaths 49397453 (19372.5s) AMD Radeon AI PRO R9700 (RADV GFX1201)
tick 4147000 alive  1046022 genomes   51903 energy   192.8 births 49716992 deaths 49717006 (19377.2s) AMD Radeon AI PRO R9700 (RADV GFX1201)
tick 4148000 alive  1046028 genomes   50117 energy   193.9 births 49424589 deaths 49424583 (19381.9s) AMD Radeon AI PRO R9700 (RADV GFX1201)
tick 4149000 alive  1046030 genomes   50203 energy   194.1 births 48971072 deaths 48971070 (19386.6s) AMD Radeon AI PRO R9700 (RADV GFX1201)
tick 4150000 alive  1046040 genomes   49531 energy   194.6 births 48643781 deaths 48643771 (19391.2s) AMD Radeon AI PRO R9700 (RADV GFX1201)
tick 4151000 alive  1046030 genomes   49044 energy   194.6 births 48298222 deaths 48298232 (19395.9s) AMD Radeon AI PRO R9700 (RADV GFX1201)
tick 4152000 alive  1046044 genomes   49841 energy   194.2 births 48500705 deaths 48500691 (19400.6s) AMD Radeon AI PRO R9700 (RADV GFX1201)
tick 4153000 alive  1046099 genomes   51750 energy   193.3 births 48796908 deaths 48796853 (19405.3s) AMD Radeon AI PRO R9700 (RADV GFX1201)
tick 4154000 alive  1046078 genomes   51616 energy   193.1 births 49458951 deaths 49458972 (19410.1s) AMD Radeon AI PRO R9700 (RADV GFX1201)
tick 4155000 alive  1046021 genomes   50845 energy   193.5 births 49196629 deaths 49196686 (19414.8s) AMD Radeon AI PRO R9700 (RADV GFX1201)
tick 4156000 alive  1045965 genomes   49358 energy   194.4 births 48908817 deaths 48908873 (19419.4s) AMD Radeon AI PRO R9700 (RADV GFX1201)
tick 4157000 alive  1046007 genomes   49506 energy   194.0 births 48576033 deaths 48575991 (19424.1s) AMD Radeon AI PRO R9700 (RADV GFX1201)
tick 4158000 alive  1046082 genomes   49154 energy   194.5 births 48483937 deaths 48483862 (19428.7s) AMD Radeon AI PRO R9700 (RADV GFX1201)
tick 4159000 alive  1046116 genomes   50752 energy   193.6 births 48911222 deaths 48911188 (19433.4s) AMD Radeon AI PRO R9700 (RADV GFX1201)
tick 4160000 alive  1046044 genomes   50573 energy   193.8 births 48946402 deaths 48946474 (19438.1s) AMD Radeon AI PRO R9700 (RADV GFX1201)
tick 4161000 alive  1045891 genomes   50564 energy   193.4 births 49103821 deaths 49103974 (19442.8s) AMD Radeon AI PRO R9700 (RADV GFX1201)
tick 4162000 alive  1045985 genomes   50647 energy   193.6 births 49296353 deaths 49296259 (19447.5s) AMD Radeon AI PRO R9700 (RADV GFX1201)
tick 4163000 alive  1046045 genomes   50613 energy   193.2 births 49323469 deaths 49323409 (19452.2s) AMD Radeon AI PRO R9700 (RADV GFX1201)
tick 4164000 alive  1045981 genomes   49784 energy   193.7 births 49483662 deaths 49483726 (19456.9s) AMD Radeon AI PRO R9700 (RADV GFX1201)
tick 4165000 alive  1046029 genomes   50425 energy   193.1 births 49318538 deaths 49318490 (19461.6s) AMD Radeon AI PRO R9700 (RADV GFX1201)
tick 4166000 alive  1046118 genomes   49875 energy   193.8 births 49318580 deaths 49318491 (19466.3s) AMD Radeon AI PRO R9700 (RADV GFX1201)
tick 4167000 alive  1046054 genomes   49661 energy   193.8 births 48861182 deaths 48861246 (19470.9s) AMD Radeon AI PRO R9700 (RADV GFX1201)
tick 4168000 alive  1046034 genomes   49546 energy   194.2 births 48921229 deaths 48921249 (19475.5s) AMD Radeon AI PRO R9700 (RADV GFX1201)
tick 4169000 alive  1046110 genomes   49358 energy   194.0 births 49048601 deaths 49048525 (19480.2s) AMD Radeon AI PRO R9700 (RADV GFX1201)
tick 4170000 alive  1046140 genomes   50414 energy   193.2 births 48970137 deaths 48970107 (19484.8s) AMD Radeon AI PRO R9700 (RADV GFX1201)
tick 4171000 alive  1046061 genomes   50092 energy   194.0 births 49364809 deaths 49364888 (19489.5s) AMD Radeon AI PRO R9700 (RADV GFX1201)
tick 4172000 alive  1045995 genomes   50116 energy   194.0 births 48971055 deaths 48971121 (19494.1s) AMD Radeon AI PRO R9700 (RADV GFX1201)
tick 4173000 alive  1045866 genomes   51490 energy   192.9 births 49316221 deaths 49316350 (19498.8s) AMD Radeon AI PRO R9700 (RADV GFX1201)
tick 4174000 alive  1046027 genomes   52236 energy   192.3 births 50074867 deaths 50074706 (19503.4s) AMD Radeon AI PRO R9700 (RADV GFX1201)
tick 4175000 alive  1046008 genomes   51257 energy   193.1 births 49982537 deaths 49982556 (19508.4s) AMD Radeon AI PRO R9700 (RADV GFX1201)
tick 4176000 alive  1045980 genomes   51190 energy   193.5 births 49670974 deaths 49671002 (19513.0s) AMD Radeon AI PRO R9700 (RADV GFX1201)
tick 4177000 alive  1046081 genomes   50564 energy   193.6 births 49226565 deaths 49226464 (19517.7s) AMD Radeon AI PRO R9700 (RADV GFX1201)
tick 4178000 alive  1045973 genomes   50043 energy   194.3 births 48961526 deaths 48961634 (19522.3s) AMD Radeon AI PRO R9700 (RADV GFX1201)
tick 4179000 alive  1046076 genomes   49627 energy   194.6 births 48561434 deaths 48561331 (19526.9s) AMD Radeon AI PRO R9700 (RADV GFX1201)
tick 4180000 alive  1046049 genomes   48935 energy   194.6 births 48159536 deaths 48159563 (19531.5s) AMD Radeon AI PRO R9700 (RADV GFX1201)
tick 4181000 alive  1046093 genomes   51110 energy   193.3 births 48856750 deaths 48856706 (19536.2s) AMD Radeon AI PRO R9700 (RADV GFX1201)
tick 4182000 alive  1046025 genomes   50776 energy   193.7 births 49449667 deaths 49449735 (19540.8s) AMD Radeon AI PRO R9700 (RADV GFX1201)
tick 4183000 alive  1045995 genomes   51087 energy   193.5 births 49562576 deaths 49562606 (19545.5s) AMD Radeon AI PRO R9700 (RADV GFX1201)
tick 4184000 alive  1046043 genomes   52116 energy   193.0 births 49404472 deaths 49404424 (19550.1s) AMD Radeon AI PRO R9700 (RADV GFX1201)
tick 4185000 alive  1046019 genomes   49962 energy   194.0 births 49338598 deaths 49338622 (19554.8s) AMD Radeon AI PRO R9700 (RADV GFX1201)
tick 4186000 alive  1046137 genomes   50305 energy   193.5 births 48756174 deaths 48756056 (19559.4s) AMD Radeon AI PRO R9700 (RADV GFX1201)
tick 4187000 alive  1045937 genomes   51768 energy   193.2 births 49343151 deaths 49343351 (19564.1s) AMD Radeon AI PRO R9700 (RADV GFX1201)
tick 4188000 alive  1045948 genomes   51140 energy   193.4 births 49221327 deaths 49221316 (19568.7s) AMD Radeon AI PRO R9700 (RADV GFX1201)
tick 4189000 alive  1046028 genomes   51208 energy   193.5 births 49600030 deaths 49599950 (19573.4s) AMD Radeon AI PRO R9700 (RADV GFX1201)
tick 4190000 alive  1046024 genomes   51102 energy   193.1 births 49420380 deaths 49420384 (19578.0s) AMD Radeon AI PRO R9700 (RADV GFX1201)
tick 4191000 alive  1046101 genomes   50416 energy   193.7 births 49535026 deaths 49534949 (19582.7s) AMD Radeon AI PRO R9700 (RADV GFX1201)
tick 4192000 alive  1045968 genomes   51279 energy   192.7 births 49668710 deaths 49668843 (19587.3s) AMD Radeon AI PRO R9700 (RADV GFX1201)
tick 4193000 alive  1045955 genomes   51631 energy   192.7 births 49718104 deaths 49718117 (19592.0s) AMD Radeon AI PRO R9700 (RADV GFX1201)
tick 4194000 alive  1045914 genomes   51408 energy   193.5 births 49413034 deaths 49413075 (19596.6s) AMD Radeon AI PRO R9700 (RADV GFX1201)
tick 4195000 alive  1045951 genomes   51889 energy   192.8 births 49719427 deaths 49719390 (19601.2s) AMD Radeon AI PRO R9700 (RADV GFX1201)
tick 4196000 alive  1046002 genomes   51596 energy   193.0 births 50045707 deaths 50045656 (19605.9s) AMD Radeon AI PRO R9700 (RADV GFX1201)
tick 4197000 alive  1045990 genomes   50951 energy   193.0 births 49461137 deaths 49461149 (19610.6s) AMD Radeon AI PRO R9700 (RADV GFX1201)
tick 4198000 alive  1046090 genomes   49826 energy   194.1 births 49123250 deaths 49123150 (19615.2s) AMD Radeon AI PRO R9700 (RADV GFX1201)
tick 4199000 alive  1046051 genomes   49762 energy   194.0 births 48958014 deaths 48958053 (19619.9s) AMD Radeon AI PRO R9700 (RADV GFX1201)
tick 4200000 alive  1046034 genomes   48331 energy   195.1 births 48483434 deaths 48483451 (19624.5s) AMD Radeon AI PRO R9700 (RADV GFX1201)
tick 4201000 alive  1046039 genomes   48340 energy   195.1 births 48137218 deaths 48137213 (19629.2s) AMD Radeon AI PRO R9700 (RADV GFX1201)
tick 4202000 alive  1046025 genomes   49099 energy   194.5 births 48157051 deaths 48157065 (19633.8s) AMD Radeon AI PRO R9700 (RADV GFX1201)
tick 4203000 alive  1046082 genomes   48375 energy   194.9 births 48242657 deaths 48242600 (19638.5s) AMD Radeon AI PRO R9700 (RADV GFX1201)
tick 4204000 alive  1046004 genomes   49142 energy   194.5 births 48233727 deaths 48233805 (19643.1s) AMD Radeon AI PRO R9700 (RADV GFX1201)
tick 4205000 alive  1046007 genomes   49708 energy   194.1 births 48629030 deaths 48629027 (19647.8s) AMD Radeon AI PRO R9700 (RADV GFX1201)
tick 4206000 alive  1046054 genomes   49587 energy   193.9 births 48959812 deaths 48959765 (19652.4s) AMD Radeon AI PRO R9700 (RADV GFX1201)
tick 4207000 alive  1045991 genomes   50630 energy   192.8 births 49261765 deaths 49261828 (19657.1s) AMD Radeon AI PRO R9700 (RADV GFX1201)
tick 4208000 alive  1046051 genomes   51050 energy   192.7 births 49825369 deaths 49825309 (19661.7s) AMD Radeon AI PRO R9700 (RADV GFX1201)
tick 4209000 alive  1046010 genomes   52451 energy   192.7 births 49910418 deaths 49910459 (19666.4s) AMD Radeon AI PRO R9700 (RADV GFX1201)
tick 4210000 alive  1046046 genomes   51302 energy   193.4 births 49582657 deaths 49582621 (19671.0s) AMD Radeon AI PRO R9700 (RADV GFX1201)
tick 4211000 alive  1046023 genomes   51981 energy   192.9 births 49594461 deaths 49594484 (19675.7s) AMD Radeon AI PRO R9700 (RADV GFX1201)
tick 4212000 alive  1046061 genomes   50346 energy   194.0 births 49383511 deaths 49383473 (19680.3s) AMD Radeon AI PRO R9700 (RADV GFX1201)
tick 4213000 alive  1046101 genomes   49602 energy   194.6 births 48711009 deaths 48710969 (19685.0s) AMD Radeon AI PRO R9700 (RADV GFX1201)
tick 4214000 alive  1045984 genomes   50228 energy   194.4 births 48293064 deaths 48293181 (19689.6s) AMD Radeon AI PRO R9700 (RADV GFX1201)
tick 4215000 alive  1045999 genomes   50346 energy   194.2 births 48528506 deaths 48528491 (19694.2s) AMD Radeon AI PRO R9700 (RADV GFX1201)
tick 4216000 alive  1046106 genomes   49852 energy   194.8 births 48513021 deaths 48512914 (19698.8s) AMD Radeon AI PRO R9700 (RADV GFX1201)
tick 4217000 alive  1046019 genomes   50626 energy   194.1 births 48363465 deaths 48363552 (19703.5s) AMD Radeon AI PRO R9700 (RADV GFX1201)
tick 4218000 alive  1046017 genomes   51380 energy   194.1 births 48923395 deaths 48923397 (19708.1s) AMD Radeon AI PRO R9700 (RADV GFX1201)
tick 4219000 alive  1046070 genomes   50243 energy   194.2 births 48620354 deaths 48620301 (19712.7s) AMD Radeon AI PRO R9700 (RADV GFX1201)
tick 4220000 alive  1046070 genomes   51111 energy   194.0 births 48745840 deaths 48745840 (19717.3s) AMD Radeon AI PRO R9700 (RADV GFX1201)
tick 4221000 alive  1046092 genomes   51535 energy   193.6 births 49371447 deaths 49371425 (19722.0s) AMD Radeon AI PRO R9700 (RADV GFX1201)
tick 4222000 alive  1046100 genomes   49333 energy   195.1 births 48408800 deaths 48408792 (19726.6s) AMD Radeon AI PRO R9700 (RADV GFX1201)
tick 4223000 alive  1046029 genomes   49042 energy   195.0 births 48058011 deaths 48058082 (19731.2s) AMD Radeon AI PRO R9700 (RADV GFX1201)
tick 4224000 alive  1046078 genomes   49759 energy   195.0 births 47904563 deaths 47904514 (19735.8s) AMD Radeon AI PRO R9700 (RADV GFX1201)
tick 4225000 alive  1045976 genomes   50344 energy   194.8 births 48107426 deaths 48107528 (19740.5s) AMD Radeon AI PRO R9700 (RADV GFX1201)
tick 4226000 alive  1046070 genomes   49483 energy   194.9 births 48188871 deaths 48188777 (19745.1s) AMD Radeon AI PRO R9700 (RADV GFX1201)
tick 4227000 alive  1046121 genomes   50745 energy   194.0 births 48581432 deaths 48581381 (19749.8s) AMD Radeon AI PRO R9700 (RADV GFX1201)
tick 4228000 alive  1045996 genomes   50626 energy   194.1 births 48686009 deaths 48686134 (19754.4s) AMD Radeon AI PRO R9700 (RADV GFX1201)
tick 4229000 alive  1045975 genomes   50552 energy   193.4 births 48869179 deaths 48869200 (19759.0s) AMD Radeon AI PRO R9700 (RADV GFX1201)
tick 4230000 alive  1046065 genomes   48961 energy   194.7 births 48560939 deaths 48560849 (19763.7s) AMD Radeon AI PRO R9700 (RADV GFX1201)
tick 4231000 alive  1046070 genomes   48569 energy   194.6 births 48277900 deaths 48277895 (19768.3s) AMD Radeon AI PRO R9700 (RADV GFX1201)
tick 4232000 alive  1046022 genomes   49159 energy   194.6 births 48219591 deaths 48219639 (19773.0s) AMD Radeon AI PRO R9700 (RADV GFX1201)
tick 4233000 alive  1046140 genomes   48584 energy   195.3 births 48127539 deaths 48127421 (19777.6s) AMD Radeon AI PRO R9700 (RADV GFX1201)
tick 4234000 alive  1046029 genomes   46810 energy   196.2 births 47451005 deaths 47451116 (19782.2s) AMD Radeon AI PRO R9700 (RADV GFX1201)
tick 4235000 alive  1046058 genomes   47586 energy   195.5 births 47545268 deaths 47545239 (19786.9s) AMD Radeon AI PRO R9700 (RADV GFX1201)
tick 4236000 alive  1046023 genomes   48104 energy   195.4 births 47406911 deaths 47406946 (19791.5s) AMD Radeon AI PRO R9700 (RADV GFX1201)
tick 4237000 alive  1045957 genomes   48789 energy   194.8 births 48144919 deaths 48144985 (19796.2s) AMD Radeon AI PRO R9700 (RADV GFX1201)
tick 4238000 alive  1046095 genomes   48025 energy   195.3 births 47997107 deaths 47996969 (19800.8s) AMD Radeon AI PRO R9700 (RADV GFX1201)
tick 4239000 alive  1046011 genomes   49969 energy   194.0 births 48182063 deaths 48182147 (19805.4s) AMD Radeon AI PRO R9700 (RADV GFX1201)
tick 4240000 alive  1046046 genomes   50434 energy   193.7 births 49101807 deaths 49101772 (19810.1s) AMD Radeon AI PRO R9700 (RADV GFX1201)
tick 4241000 alive  1046065 genomes   49207 energy   194.3 births 48811215 deaths 48811196 (19814.7s) AMD Radeon AI PRO R9700 (RADV GFX1201)
tick 4242000 alive  1046058 genomes   49072 energy   194.4 births 48321321 deaths 48321328 (19819.3s) AMD Radeon AI PRO R9700 (RADV GFX1201)
tick 4243000 alive  1046027 genomes   48392 energy   194.8 births 48267487 deaths 48267518 (19824.0s) AMD Radeon AI PRO R9700 (RADV GFX1201)
tick 4244000 alive  1046011 genomes   47914 energy   195.1 births 47972390 deaths 47972406 (19828.6s) AMD Radeon AI PRO R9700 (RADV GFX1201)
tick 4245000 alive  1046144 genomes   47409 energy   195.4 births 47656874 deaths 47656741 (19833.2s) AMD Radeon AI PRO R9700 (RADV GFX1201)
tick 4246000 alive  1046117 genomes   48349 energy   194.7 births 47971963 deaths 47971990 (19837.8s) AMD Radeon AI PRO R9700 (RADV GFX1201)
tick 4247000 alive  1046031 genomes   49039 energy   194.8 births 48288249 deaths 48288335 (19842.5s) AMD Radeon AI PRO R9700 (RADV GFX1201)
tick 4248000 alive  1045907 genomes   47861 energy   195.6 births 47957324 deaths 47957448 (19847.1s) AMD Radeon AI PRO R9700 (RADV GFX1201)
tick 4249000 alive  1046025 genomes   48052 energy   195.6 births 47733895 deaths 47733777 (19851.8s) AMD Radeon AI PRO R9700 (RADV GFX1201)
tick 4250000 alive  1046093 genomes   47756 energy   195.2 births 47722779 deaths 47722711 (19856.4s) AMD Radeon AI PRO R9700 (RADV GFX1201)
tick 4251000 alive  1046060 genomes   48328 energy   194.7 births 47898909 deaths 47898942 (19861.1s) AMD Radeon AI PRO R9700 (RADV GFX1201)
tick 4252000 alive  1046139 genomes   48952 energy   194.7 births 48085513 deaths 48085434 (19865.8s) AMD Radeon AI PRO R9700 (RADV GFX1201)
tick 4253000 alive  1046000 genomes   49194 energy   194.3 births 48370056 deaths 48370195 (19870.4s) AMD Radeon AI PRO R9700 (RADV GFX1201)
tick 4254000 alive  1045989 genomes   49528 energy   194.4 births 48684802 deaths 48684813 (19875.1s) AMD Radeon AI PRO R9700 (RADV GFX1201)
tick 4255000 alive  1046032 genomes   49513 energy   194.3 births 48506207 deaths 48506164 (19879.7s) AMD Radeon AI PRO R9700 (RADV GFX1201)
tick 4256000 alive  1046075 genomes   49519 energy   194.3 births 48449990 deaths 48449947 (19884.4s) AMD Radeon AI PRO R9700 (RADV GFX1201)
tick 4257000 alive  1046091 genomes   50166 energy   194.1 births 48737704 deaths 48737688 (19889.0s) AMD Radeon AI PRO R9700 (RADV GFX1201)
tick 4258000 alive  1046077 genomes   50401 energy   194.1 births 48592979 deaths 48592993 (19893.7s) AMD Radeon AI PRO R9700 (RADV GFX1201)
tick 4259000 alive  1046012 genomes   49173 energy   194.3 births 48402143 deaths 48402208 (19898.3s) AMD Radeon AI PRO R9700 (RADV GFX1201)
tick 4260000 alive  1046075 genomes   50041 energy   194.1 births 48646679 deaths 48646616 (19903.0s) AMD Radeon AI PRO R9700 (RADV GFX1201)
tick 4261000 alive  1046051 genomes   48851 energy   194.6 births 48612686 deaths 48612710 (19907.6s) AMD Radeon AI PRO R9700 (RADV GFX1201)
tick 4262000 alive  1046038 genomes   49961 energy   193.5 births 48810104 deaths 48810117 (19912.3s) AMD Radeon AI PRO R9700 (RADV GFX1201)
tick 4263000 alive  1046029 genomes   51011 energy   193.6 births 49230736 deaths 49230745 (19916.9s) AMD Radeon AI PRO R9700 (RADV GFX1201)
tick 4264000 alive  1046136 genomes   50436 energy   193.7 births 49044800 deaths 49044693 (19921.6s) AMD Radeon AI PRO R9700 (RADV GFX1201)
tick 4265000 alive  1046069 genomes   50134 energy   193.7 births 49173080 deaths 49173147 (19926.9s) AMD Radeon AI PRO R9700 (RADV GFX1201)
tick 4266000 alive  1046118 genomes   49142 energy   194.7 births 48639904 deaths 48639855 (19931.6s) AMD Radeon AI PRO R9700 (RADV GFX1201)
tick 4267000 alive  1045997 genomes   49114 energy   195.0 births 48410804 deaths 48410925 (19936.2s) AMD Radeon AI PRO R9700 (RADV GFX1201)
tick 4268000 alive  1046079 genomes   49470 energy   194.4 births 48101806 deaths 48101724 (19940.9s) AMD Radeon AI PRO R9700 (RADV GFX1201)
tick 4269000 alive  1046041 genomes   48908 energy   194.6 births 48376812 deaths 48376850 (19945.5s) AMD Radeon AI PRO R9700 (RADV GFX1201)
tick 4270000 alive  1046011 genomes   48704 energy   195.3 births 48005973 deaths 48006003 (19950.1s) AMD Radeon AI PRO R9700 (RADV GFX1201)
tick 4271000 alive  1046090 genomes   49319 energy   194.2 births 48142209 deaths 48142130 (19954.7s) AMD Radeon AI PRO R9700 (RADV GFX1201)
tick 4272000 alive  1046039 genomes   49341 energy   194.2 births 48407609 deaths 48407660 (19959.4s) AMD Radeon AI PRO R9700 (RADV GFX1201)
tick 4273000 alive  1046039 genomes   49262 energy   194.6 births 48457782 deaths 48457782 (19964.0s) AMD Radeon AI PRO R9700 (RADV GFX1201)
tick 4274000 alive  1046058 genomes   49696 energy   194.2 births 48787665 deaths 48787646 (19968.7s) AMD Radeon AI PRO R9700 (RADV GFX1201)
tick 4275000 alive  1046043 genomes   48638 energy   194.9 births 48217900 deaths 48217915 (19974.0s) AMD Radeon AI PRO R9700 (RADV GFX1201)
tick 4276000 alive  1046060 genomes   48932 energy   194.7 births 48333561 deaths 48333544 (19978.7s) AMD Radeon AI PRO R9700 (RADV GFX1201)
tick 4277000 alive  1046032 genomes   48894 energy   194.7 births 48145291 deaths 48145319 (19983.3s) AMD Radeon AI PRO R9700 (RADV GFX1201)
tick 4278000 alive  1046042 genomes   50099 energy   193.8 births 48571391 deaths 48571381 (19988.0s) AMD Radeon AI PRO R9700 (RADV GFX1201)
tick 4279000 alive  1045969 genomes   49708 energy   193.7 births 48887712 deaths 48887785 (19992.6s) AMD Radeon AI PRO R9700 (RADV GFX1201)
tick 4280000 alive  1045942 genomes   49302 energy   194.3 births 48595633 deaths 48595660 (19997.3s) AMD Radeon AI PRO R9700 (RADV GFX1201)
tick 4281000 alive  1046073 genomes   49154 energy   194.0 births 48673943 deaths 48673812 (20001.9s) AMD Radeon AI PRO R9700 (RADV GFX1201)
tick 4282000 alive  1045996 genomes   50197 energy   193.8 births 48898408 deaths 48898485 (20006.6s) AMD Radeon AI PRO R9700 (RADV GFX1201)
tick 4283000 alive  1046042 genomes   50881 energy   193.3 births 49244023 deaths 49243977 (20011.2s) AMD Radeon AI PRO R9700 (RADV GFX1201)
tick 4284000 alive  1046081 genomes   50861 energy   193.3 births 49034748 deaths 49034709 (20015.9s) AMD Radeon AI PRO R9700 (RADV GFX1201)
tick 4285000 alive  1046005 genomes   50578 energy   193.8 births 48971760 deaths 48971836 (20020.5s) AMD Radeon AI PRO R9700 (RADV GFX1201)
tick 4286000 alive  1046165 genomes   50512 energy   193.8 births 49003121 deaths 49002961 (20025.2s) AMD Radeon AI PRO R9700 (RADV GFX1201)
tick 4287000 alive  1046041 genomes   50764 energy   193.7 births 48855567 deaths 48855691 (20029.8s) AMD Radeon AI PRO R9700 (RADV GFX1201)
tick 4288000 alive  1046034 genomes   50305 energy   194.1 births 48921069 deaths 48921076 (20034.4s) AMD Radeon AI PRO R9700 (RADV GFX1201)
tick 4289000 alive  1046080 genomes   50580 energy   194.0 births 48843840 deaths 48843794 (20039.8s) AMD Radeon AI PRO R9700 (RADV GFX1201)
tick 4290000 alive  1046023 genomes   51094 energy   193.7 births 48957257 deaths 48957314 (20044.5s) AMD Radeon AI PRO R9700 (RADV GFX1201)
tick 4291000 alive  1046097 genomes   50897 energy   193.6 births 49171260 deaths 49171186 (20049.1s) AMD Radeon AI PRO R9700 (RADV GFX1201)
tick 4292000 alive  1046007 genomes   50633 energy   194.1 births 48968452 deaths 48968542 (20053.8s) AMD Radeon AI PRO R9700 (RADV GFX1201)
tick 4293000 alive  1046051 genomes   49822 energy   194.8 births 48719733 deaths 48719689 (20058.4s) AMD Radeon AI PRO R9700 (RADV GFX1201)
tick 4294000 alive  1045934 genomes   48933 energy   195.1 births 48043945 deaths 48044062 (20063.1s) AMD Radeon AI PRO R9700 (RADV GFX1201)
tick 4295000 alive  1046045 genomes   49410 energy   194.7 births 48195123 deaths 48195012 (20067.7s) AMD Radeon AI PRO R9700 (RADV GFX1201)
tick 4296000 alive  1046026 genomes   50215 energy   194.3 births 48343420 deaths 48343439 (20072.4s) AMD Radeon AI PRO R9700 (RADV GFX1201)
tick 4297000 alive  1046133 genomes   49500 energy   194.5 births 48336165 deaths 48336058 (20077.0s) AMD Radeon AI PRO R9700 (RADV GFX1201)
tick 4298000 alive  1046054 genomes   50313 energy   194.3 births 48596493 deaths 48596572 (20081.7s) AMD Radeon AI PRO R9700 (RADV GFX1201)
tick 4299000 alive  1046107 genomes   49435 energy   194.8 births 48710349 deaths 48710296 (20086.3s) AMD Radeon AI PRO R9700 (RADV GFX1201)
tick 4300000 alive  1046132 genomes   49930 energy   194.8 births 48375311 deaths 48375286 (20091.1s) AMD Radeon AI PRO R9700 (RADV GFX1201)
tick 4301000 alive  1046061 genomes   49867 energy   194.5 births 48217436 deaths 48217507 (20095.7s) AMD Radeon AI PRO R9700 (RADV GFX1201)
tick 4302000 alive  1046084 genomes   50487 energy   193.7 births 48708880 deaths 48708857 (20100.4s) AMD Radeon AI PRO R9700 (RADV GFX1201)
tick 4303000 alive  1045991 genomes   49253 energy   194.7 births 48462419 deaths 48462512 (20105.0s) AMD Radeon AI PRO R9700 (RADV GFX1201)
tick 4304000 alive  1046119 genomes   48433 energy   195.3 births 48093614 deaths 48093486 (20109.7s) AMD Radeon AI PRO R9700 (RADV GFX1201)
tick 4305000 alive  1046036 genomes   48806 energy   195.1 births 47827945 deaths 47828028 (20114.3s) AMD Radeon AI PRO R9700 (RADV GFX1201)
tick 4306000 alive  1046093 genomes   48976 energy   194.7 births 48021161 deaths 48021104 (20119.0s) AMD Radeon AI PRO R9700 (RADV GFX1201)
tick 4307000 alive  1046002 genomes   50206 energy   194.1 births 48384062 deaths 48384153 (20123.6s) AMD Radeon AI PRO R9700 (RADV GFX1201)
tick 4308000 alive  1045934 genomes   49689 energy   194.2 births 48340663 deaths 48340731 (20128.3s) AMD Radeon AI PRO R9700 (RADV GFX1201)
tick 4309000 alive  1046003 genomes   49695 energy   194.1 births 48663220 deaths 48663151 (20132.9s) AMD Radeon AI PRO R9700 (RADV GFX1201)
tick 4310000 alive  1046147 genomes   49052 energy   194.6 births 48403411 deaths 48403267 (20137.7s) AMD Radeon AI PRO R9700 (RADV GFX1201)
tick 4311000 alive  1046031 genomes   49263 energy   194.4 births 48380168 deaths 48380284 (20142.5s) AMD Radeon AI PRO R9700 (RADV GFX1201)
tick 4312000 alive  1045971 genomes   50252 energy   193.8 births 48863180 deaths 48863240 (20147.2s) AMD Radeon AI PRO R9700 (RADV GFX1201)
tick 4313000 alive  1046039 genomes   50844 energy   193.3 births 49351829 deaths 49351761 (20151.8s) AMD Radeon AI PRO R9700 (RADV GFX1201)
tick 4314000 alive  1046047 genomes   49759 energy   193.9 births 48991985 deaths 48991977 (20156.5s) AMD Radeon AI PRO R9700 (RADV GFX1201)
tick 4315000 alive  1046082 genomes   49469 energy   194.0 births 48578150 deaths 48578115 (20161.2s) AMD Radeon AI PRO R9700 (RADV GFX1201)
tick 4316000 alive  1045954 genomes   49574 energy   194.3 births 48660226 deaths 48660354 (20165.8s) AMD Radeon AI PRO R9700 (RADV GFX1201)
tick 4317000 alive  1045964 genomes   50285 energy   193.9 births 48849116 deaths 48849106 (20170.4s) AMD Radeon AI PRO R9700 (RADV GFX1201)
tick 4318000 alive  1046140 genomes   48493 energy   194.9 births 48385850 deaths 48385674 (20175.1s) AMD Radeon AI PRO R9700 (RADV GFX1201)
tick 4319000 alive  1045933 genomes   49447 energy   194.5 births 48510635 deaths 48510842 (20179.7s) AMD Radeon AI PRO R9700 (RADV GFX1201)
tick 4320000 alive  1046152 genomes   49006 energy   195.2 births 48251721 deaths 48251502 (20184.4s) AMD Radeon AI PRO R9700 (RADV GFX1201)
tick 4321000 alive  1046075 genomes   49877 energy   194.2 births 48103568 deaths 48103645 (20189.0s) AMD Radeon AI PRO R9700 (RADV GFX1201)
tick 4322000 alive  1046050 genomes   49618 energy   194.6 births 48563933 deaths 48563958 (20193.7s) AMD Radeon AI PRO R9700 (RADV GFX1201)
tick 4323000 alive  1046075 genomes   49791 energy   194.7 births 48249028 deaths 48249003 (20198.3s) AMD Radeon AI PRO R9700 (RADV GFX1201)
tick 4324000 alive  1046086 genomes   50949 energy   194.2 births 48494160 deaths 48494149 (20203.0s) AMD Radeon AI PRO R9700 (RADV GFX1201)
tick 4325000 alive  1046038 genomes   50588 energy   194.3 births 48488987 deaths 48489035 (20207.6s) AMD Radeon AI PRO R9700 (RADV GFX1201)
tick 4326000 alive  1046008 genomes   49867 energy   194.7 births 48448589 deaths 48448619 (20212.3s) AMD Radeon AI PRO R9700 (RADV GFX1201)
tick 4327000 alive  1046101 genomes   49742 energy   194.5 births 48275036 deaths 48274943 (20216.9s) AMD Radeon AI PRO R9700 (RADV GFX1201)
tick 4328000 alive  1046066 genomes   49494 energy   194.6 births 48228278 deaths 48228313 (20221.6s) AMD Radeon AI PRO R9700 (RADV GFX1201)
tick 4329000 alive  1046044 genomes   49445 energy   194.5 births 48379035 deaths 48379057 (20226.2s) AMD Radeon AI PRO R9700 (RADV GFX1201)
tick 4330000 alive  1046056 genomes   51000 energy   193.6 births 48938494 deaths 48938482 (20230.8s) AMD Radeon AI PRO R9700 (RADV GFX1201)
tick 4331000 alive  1045999 genomes   49620 energy   194.5 births 48964231 deaths 48964288 (20235.4s) AMD Radeon AI PRO R9700 (RADV GFX1201)
tick 4332000 alive  1046011 genomes   49604 energy   194.2 births 48676815 deaths 48676803 (20240.1s) AMD Radeon AI PRO R9700 (RADV GFX1201)
tick 4333000 alive  1046076 genomes   50559 energy   194.2 births 48759699 deaths 48759634 (20244.7s) AMD Radeon AI PRO R9700 (RADV GFX1201)
tick 4334000 alive  1046110 genomes   50164 energy   194.2 births 48751436 deaths 48751402 (20249.3s) AMD Radeon AI PRO R9700 (RADV GFX1201)
tick 4335000 alive  1046053 genomes   47588 energy   195.9 births 48178618 deaths 48178675 (20254.0s) AMD Radeon AI PRO R9700 (RADV GFX1201)
tick 4336000 alive  1046135 genomes   48175 energy   195.8 births 47451909 deaths 47451827 (20258.6s) AMD Radeon AI PRO R9700 (RADV GFX1201)
tick 4337000 alive  1046030 genomes   50129 energy   194.1 births 47982201 deaths 47982306 (20263.3s) AMD Radeon AI PRO R9700 (RADV GFX1201)
tick 4338000 alive  1046081 genomes   49863 energy   194.3 births 48797123 deaths 48797072 (20267.9s) AMD Radeon AI PRO R9700 (RADV GFX1201)
tick 4339000 alive  1046018 genomes   49966 energy   194.0 births 48978880 deaths 48978943 (20272.6s) AMD Radeon AI PRO R9700 (RADV GFX1201)
tick 4340000 alive  1046029 genomes   51498 energy   192.9 births 49442289 deaths 49442278 (20277.2s) AMD Radeon AI PRO R9700 (RADV GFX1201)
tick 4341000 alive  1046027 genomes   51397 energy   192.9 births 49820878 deaths 49820880 (20281.9s) AMD Radeon AI PRO R9700 (RADV GFX1201)
tick 4342000 alive  1046026 genomes   49684 energy   194.1 births 49188501 deaths 49188502 (20286.5s) AMD Radeon AI PRO R9700 (RADV GFX1201)
tick 4343000 alive  1046002 genomes   50492 energy   193.4 births 48791023 deaths 48791047 (20291.1s) AMD Radeon AI PRO R9700 (RADV GFX1201)
tick 4344000 alive  1046025 genomes   49883 energy   194.2 births 49042133 deaths 49042110 (20295.8s) AMD Radeon AI PRO R9700 (RADV GFX1201)
tick 4345000 alive  1046020 genomes   51064 energy   193.5 births 49244280 deaths 49244285 (20300.5s) AMD Radeon AI PRO R9700 (RADV GFX1201)
tick 4346000 alive  1046013 genomes   50548 energy   193.7 births 49215985 deaths 49215992 (20305.1s) AMD Radeon AI PRO R9700 (RADV GFX1201)
tick 4347000 alive  1045959 genomes   49840 energy   193.9 births 48995611 deaths 48995665 (20309.8s) AMD Radeon AI PRO R9700 (RADV GFX1201)
tick 4348000 alive  1046004 genomes   49932 energy   193.8 births 48812027 deaths 48811982 (20314.4s) AMD Radeon AI PRO R9700 (RADV GFX1201)
tick 4349000 alive  1046049 genomes   49742 energy   194.0 births 48894573 deaths 48894528 (20319.0s) AMD Radeon AI PRO R9700 (RADV GFX1201)
tick 4350000 alive  1046074 genomes   49650 energy   194.2 births 48651350 deaths 48651325 (20323.7s) AMD Radeon AI PRO R9700 (RADV GFX1201)
tick 4351000 alive  1045986 genomes   50787 energy   193.3 births 48753743 deaths 48753831 (20328.3s) AMD Radeon AI PRO R9700 (RADV GFX1201)
tick 4352000 alive  1045978 genomes   51635 energy   192.9 births 49662868 deaths 49662876 (20333.0s) AMD Radeon AI PRO R9700 (RADV GFX1201)
tick 4353000 alive  1045954 genomes   50682 energy   193.5 births 49465890 deaths 49465914 (20337.6s) AMD Radeon AI PRO R9700 (RADV GFX1201)
tick 4354000 alive  1046027 genomes   50724 energy   193.5 births 49234794 deaths 49234721 (20342.3s) AMD Radeon AI PRO R9700 (RADV GFX1201)
tick 4355000 alive  1046025 genomes   49961 energy   193.8 births 49334467 deaths 49334469 (20347.0s) AMD Radeon AI PRO R9700 (RADV GFX1201)
tick 4356000 alive  1046017 genomes   50226 energy   193.5 births 49091008 deaths 49091016 (20351.6s) AMD Radeon AI PRO R9700 (RADV GFX1201)
tick 4357000 alive  1046023 genomes   50191 energy   194.0 births 48953353 deaths 48953347 (20356.3s) AMD Radeon AI PRO R9700 (RADV GFX1201)
tick 4358000 alive  1046069 genomes   48961 energy   194.9 births 48564362 deaths 48564316 (20360.9s) AMD Radeon AI PRO R9700 (RADV GFX1201)
tick 4359000 alive  1046019 genomes   49014 energy   194.5 births 48224864 deaths 48224914 (20365.5s) AMD Radeon AI PRO R9700 (RADV GFX1201)
tick 4360000 alive  1046173 genomes   48356 energy   195.4 births 48043175 deaths 48043021 (20370.2s) AMD Radeon AI PRO R9700 (RADV GFX1201)
tick 4361000 alive  1046094 genomes   48570 energy   194.8 births 47704964 deaths 47705043 (20374.9s) AMD Radeon AI PRO R9700 (RADV GFX1201)
tick 4362000 alive  1046016 genomes   49183 energy   194.8 births 48145742 deaths 48145820 (20379.5s) AMD Radeon AI PRO R9700 (RADV GFX1201)
tick 4363000 alive  1045955 genomes   49667 energy   194.6 births 48306896 deaths 48306957 (20384.2s) AMD Radeon AI PRO R9700 (RADV GFX1201)
tick 4364000 alive  1046036 genomes   50631 energy   193.8 births 48706381 deaths 48706300 (20388.8s) AMD Radeon AI PRO R9700 (RADV GFX1201)
tick 4365000 alive  1046060 genomes   50230 energy   194.5 births 48617560 deaths 48617536 (20393.5s) AMD Radeon AI PRO R9700 (RADV GFX1201)
tick 4366000 alive  1046106 genomes   49320 energy   194.8 births 48201746 deaths 48201700 (20398.2s) AMD Radeon AI PRO R9700 (RADV GFX1201)
tick 4367000 alive  1046083 genomes   50110 energy   194.3 births 48537633 deaths 48537656 (20402.8s) AMD Radeon AI PRO R9700 (RADV GFX1201)
tick 4368000 alive  1046080 genomes   50661 energy   194.0 births 48787680 deaths 48787683 (20407.4s) AMD Radeon AI PRO R9700 (RADV GFX1201)
tick 4369000 alive  1046007 genomes   50347 energy   194.3 births 48638130 deaths 48638203 (20412.1s) AMD Radeon AI PRO R9700 (RADV GFX1201)
tick 4370000 alive  1045952 genomes   51375 energy   193.3 births 48759378 deaths 48759433 (20416.7s) AMD Radeon AI PRO R9700 (RADV GFX1201)
tick 4371000 alive  1046037 genomes   51241 energy   193.4 births 49502552 deaths 49502467 (20421.4s) AMD Radeon AI PRO R9700 (RADV GFX1201)
tick 4372000 alive  1046002 genomes   50883 energy   193.3 births 49157501 deaths 49157536 (20426.0s) AMD Radeon AI PRO R9700 (RADV GFX1201)
tick 4373000 alive  1046019 genomes   49743 energy   194.2 births 49123199 deaths 49123182 (20430.8s) AMD Radeon AI PRO R9700 (RADV GFX1201)
tick 4374000 alive  1045977 genomes   48908 energy   194.8 births 48629404 deaths 48629446 (20435.5s) AMD Radeon AI PRO R9700 (RADV GFX1201)
tick 4375000 alive  1046011 genomes   49779 energy   193.9 births 48663869 deaths 48663835 (20440.1s) AMD Radeon AI PRO R9700 (RADV GFX1201)
tick 4376000 alive  1046027 genomes   49914 energy   194.1 births 48985520 deaths 48985504 (20444.8s) AMD Radeon AI PRO R9700 (RADV GFX1201)
tick 4377000 alive  1046039 genomes   48271 energy   194.7 births 48502782 deaths 48502770 (20449.4s) AMD Radeon AI PRO R9700 (RADV GFX1201)
tick 4378000 alive  1045989 genomes   47931 energy   194.9 births 48025312 deaths 48025362 (20454.1s) AMD Radeon AI PRO R9700 (RADV GFX1201)
tick 4379000 alive  1046031 genomes   48466 energy   194.9 births 47842100 deaths 47842058 (20458.7s) AMD Radeon AI PRO R9700 (RADV GFX1201)
tick 4380000 alive  1045988 genomes   48223 energy   194.9 births 48012521 deaths 48012564 (20463.3s) AMD Radeon AI PRO R9700 (RADV GFX1201)
tick 4381000 alive  1045970 genomes   47824 energy   195.4 births 47986541 deaths 47986559 (20468.0s) AMD Radeon AI PRO R9700 (RADV GFX1201)
tick 4382000 alive  1046051 genomes   49419 energy   194.4 births 48172755 deaths 48172674 (20472.6s) AMD Radeon AI PRO R9700 (RADV GFX1201)
tick 4383000 alive  1046024 genomes   49633 energy   194.1 births 48870390 deaths 48870417 (20477.2s) AMD Radeon AI PRO R9700 (RADV GFX1201)
tick 4384000 alive  1046022 genomes   50110 energy   193.7 births 48817387 deaths 48817389 (20481.9s) AMD Radeon AI PRO R9700 (RADV GFX1201)
tick 4385000 alive  1046009 genomes   50414 energy   193.5 births 49144604 deaths 49144617 (20486.5s) AMD Radeon AI PRO R9700 (RADV GFX1201)
tick 4386000 alive  1046091 genomes   51354 energy   193.2 births 49266214 deaths 49266132 (20491.2s) AMD Radeon AI PRO R9700 (RADV GFX1201)
tick 4387000 alive  1046096 genomes   50677 energy   193.8 births 49407414 deaths 49407409 (20495.8s) AMD Radeon AI PRO R9700 (RADV GFX1201)
tick 4388000 alive  1046019 genomes   49689 energy   194.0 births 48719831 deaths 48719908 (20500.4s) AMD Radeon AI PRO R9700 (RADV GFX1201)
tick 4389000 alive  1046062 genomes   48423 energy   194.8 births 48425900 deaths 48425857 (20505.0s) AMD Radeon AI PRO R9700 (RADV GFX1201)
tick 4390000 alive  1046108 genomes   48331 energy   194.7 births 47998486 deaths 47998440 (20509.7s) AMD Radeon AI PRO R9700 (RADV GFX1201)
tick 4391000 alive  1046055 genomes   49327 energy   194.7 births 48199771 deaths 48199824 (20514.3s) AMD Radeon AI PRO R9700 (RADV GFX1201)
tick 4392000 alive  1046039 genomes   48471 energy   195.2 births 48471521 deaths 48471537 (20519.0s) AMD Radeon AI PRO R9700 (RADV GFX1201)
tick 4393000 alive  1045960 genomes   47209 energy   195.9 births 47547775 deaths 47547854 (20523.6s) AMD Radeon AI PRO R9700 (RADV GFX1201)
tick 4394000 alive  1045970 genomes   49102 energy   194.5 births 47906622 deaths 47906612 (20528.3s) AMD Radeon AI PRO R9700 (RADV GFX1201)
tick 4395000 alive  1046063 genomes   48906 energy   194.5 births 48315705 deaths 48315612 (20532.9s) AMD Radeon AI PRO R9700 (RADV GFX1201)
tick 4396000 alive  1045952 genomes   49183 energy   194.0 births 48610804 deaths 48610915 (20537.6s) AMD Radeon AI PRO R9700 (RADV GFX1201)
tick 4397000 alive  1046096 genomes   49520 energy   194.3 births 48828196 deaths 48828052 (20542.2s) AMD Radeon AI PRO R9700 (RADV GFX1201)
tick 4398000 alive  1046088 genomes   50429 energy   193.7 births 48578855 deaths 48578863 (20546.9s) AMD Radeon AI PRO R9700 (RADV GFX1201)
tick 4399000 alive  1045992 genomes   50079 energy   193.7 births 49229095 deaths 49229191 (20551.5s) AMD Radeon AI PRO R9700 (RADV GFX1201)
tick 4400000 alive  1046028 genomes   48418 energy   194.9 births 48427279 deaths 48427243 (20556.2s) AMD Radeon AI PRO R9700 (RADV GFX1201)
tick 4401000 alive  1046010 genomes   48633 energy   194.9 births 48032114 deaths 48032132 (20560.8s) AMD Radeon AI PRO R9700 (RADV GFX1201)
tick 4402000 alive  1046170 genomes   48580 energy   194.8 births 48076058 deaths 48075898 (20565.5s) AMD Radeon AI PRO R9700 (RADV GFX1201)
tick 4403000 alive  1046020 genomes   47423 energy   195.3 births 47866785 deaths 47866935 (20570.1s) AMD Radeon AI PRO R9700 (RADV GFX1201)
tick 4404000 alive  1045987 genomes   48405 energy   194.5 births 47979548 deaths 47979581 (20574.8s) AMD Radeon AI PRO R9700 (RADV GFX1201)
tick 4405000 alive  1046082 genomes   47961 energy   194.8 births 48401791 deaths 48401696 (20579.4s) AMD Radeon AI PRO R9700 (RADV GFX1201)
tick 4406000 alive  1046037 genomes   47837 energy   194.7 births 48115306 deaths 48115351 (20584.1s) AMD Radeon AI PRO R9700 (RADV GFX1201)
tick 4407000 alive  1045972 genomes   47619 energy   195.4 births 48016908 deaths 48016973 (20588.7s) AMD Radeon AI PRO R9700 (RADV GFX1201)
tick 4408000 alive  1046053 genomes   47118 energy   195.4 births 47942616 deaths 47942535 (20593.3s) AMD Radeon AI PRO R9700 (RADV GFX1201)
tick 4409000 alive  1046022 genomes   48343 energy   194.6 births 47856415 deaths 47856446 (20597.9s) AMD Radeon AI PRO R9700 (RADV GFX1201)
tick 4410000 alive  1046036 genomes   48007 energy   194.6 births 48310521 deaths 48310507 (20602.6s) AMD Radeon AI PRO R9700 (RADV GFX1201)
tick 4411000 alive  1046017 genomes   48119 energy   194.5 births 48165696 deaths 48165715 (20607.2s) AMD Radeon AI PRO R9700 (RADV GFX1201)
tick 4412000 alive  1046019 genomes   48657 energy   194.5 births 48171970 deaths 48171968 (20611.8s) AMD Radeon AI PRO R9700 (RADV GFX1201)
tick 4413000 alive  1046105 genomes   48241 energy   195.0 births 48551121 deaths 48551035 (20616.5s) AMD Radeon AI PRO R9700 (RADV GFX1201)
tick 4414000 alive  1046008 genomes   46682 energy   196.1 births 47532470 deaths 47532567 (20621.1s) AMD Radeon AI PRO R9700 (RADV GFX1201)
tick 4415000 alive  1046086 genomes   47860 energy   195.3 births 47534360 deaths 47534282 (20625.8s) AMD Radeon AI PRO R9700 (RADV GFX1201)
tick 4416000 alive  1045972 genomes   48837 energy   194.4 births 47843885 deaths 47843999 (20630.4s) AMD Radeon AI PRO R9700 (RADV GFX1201)
tick 4417000 alive  1046015 genomes   48626 energy   194.7 births 48058273 deaths 48058230 (20635.1s) AMD Radeon AI PRO R9700 (RADV GFX1201)
tick 4418000 alive  1045987 genomes   48829 energy   194.5 births 48327744 deaths 48327772 (20639.7s) AMD Radeon AI PRO R9700 (RADV GFX1201)
tick 4419000 alive  1045953 genomes   48800 energy   194.6 births 48236657 deaths 48236691 (20644.4s) AMD Radeon AI PRO R9700 (RADV GFX1201)
tick 4420000 alive  1045986 genomes   49837 energy   194.1 births 48512860 deaths 48512827 (20649.1s) AMD Radeon AI PRO R9700 (RADV GFX1201)
tick 4421000 alive  1046000 genomes   49027 energy   194.3 births 48480691 deaths 48480677 (20653.7s) AMD Radeon AI PRO R9700 (RADV GFX1201)
tick 4422000 alive  1046081 genomes   48776 energy   194.5 births 48226531 deaths 48226450 (20658.4s) AMD Radeon AI PRO R9700 (RADV GFX1201)
tick 4423000 alive  1045957 genomes   49620 energy   193.9 births 48600853 deaths 48600977 (20663.0s) AMD Radeon AI PRO R9700 (RADV GFX1201)
tick 4424000 alive  1046083 genomes   48264 energy   194.8 births 48425436 deaths 48425310 (20667.7s) AMD Radeon AI PRO R9700 (RADV GFX1201)
tick 4425000 alive  1046059 genomes   48427 energy   194.8 births 48179070 deaths 48179094 (20672.3s) AMD Radeon AI PRO R9700 (RADV GFX1201)
tick 4426000 alive  1046098 genomes   48645 energy   194.5 births 48558219 deaths 48558180 (20677.0s) AMD Radeon AI PRO R9700 (RADV GFX1201)
tick 4427000 alive  1046007 genomes   49626 energy   193.8 births 48595413 deaths 48595504 (20681.7s) AMD Radeon AI PRO R9700 (RADV GFX1201)
tick 4428000 alive  1045965 genomes   48531 energy   194.6 births 48369097 deaths 48369139 (20686.3s) AMD Radeon AI PRO R9700 (RADV GFX1201)
tick 4429000 alive  1045948 genomes   49524 energy   194.1 births 48559067 deaths 48559084 (20691.0s) AMD Radeon AI PRO R9700 (RADV GFX1201)
tick 4430000 alive  1045952 genomes   49040 energy   194.5 births 48549853 deaths 48549849 (20695.6s) AMD Radeon AI PRO R9700 (RADV GFX1201)
tick 4431000 alive  1046043 genomes   48020 energy   194.7 births 47957452 deaths 47957361 (20700.3s) AMD Radeon AI PRO R9700 (RADV GFX1201)
tick 4432000 alive  1046091 genomes   48297 energy   195.0 births 47736080 deaths 47736032 (20704.9s) AMD Radeon AI PRO R9700 (RADV GFX1201)
tick 4433000 alive  1046090 genomes   48812 energy   194.3 births 48050943 deaths 48050944 (20709.6s) AMD Radeon AI PRO R9700 (RADV GFX1201)
tick 4434000 alive  1046032 genomes   49469 energy   194.2 births 48496642 deaths 48496700 (20714.2s) AMD Radeon AI PRO R9700 (RADV GFX1201)
tick 4435000 alive  1046069 genomes   49652 energy   193.9 births 48859873 deaths 48859836 (20718.9s) AMD Radeon AI PRO R9700 (RADV GFX1201)
tick 4436000 alive  1046061 genomes   48726 energy   194.5 births 48466492 deaths 48466500 (20723.5s) AMD Radeon AI PRO R9700 (RADV GFX1201)
tick 4437000 alive  1046004 genomes   47207 energy   195.4 births 48255111 deaths 48255168 (20728.2s) AMD Radeon AI PRO R9700 (RADV GFX1201)
tick 4438000 alive  1046022 genomes   47522 energy   195.0 births 47729393 deaths 47729375 (20732.8s) AMD Radeon AI PRO R9700 (RADV GFX1201)
tick 4439000 alive  1045987 genomes   48176 energy   194.6 births 48122617 deaths 48122652 (20737.5s) AMD Radeon AI PRO R9700 (RADV GFX1201)
tick 4440000 alive  1046026 genomes   49044 energy   194.3 births 48450567 deaths 48450528 (20742.1s) AMD Radeon AI PRO R9700 (RADV GFX1201)
tick 4441000 alive  1046114 genomes   49308 energy   194.1 births 48585109 deaths 48585021 (20746.8s) AMD Radeon AI PRO R9700 (RADV GFX1201)
tick 4442000 alive  1045982 genomes   49621 energy   194.4 births 48474013 deaths 48474145 (20751.4s) AMD Radeon AI PRO R9700 (RADV GFX1201)
tick 4443000 alive  1045931 genomes   49423 energy   194.1 births 48413337 deaths 48413388 (20756.1s) AMD Radeon AI PRO R9700 (RADV GFX1201)
tick 4444000 alive  1046027 genomes   49458 energy   193.8 births 48949311 deaths 48949215 (20760.7s) AMD Radeon AI PRO R9700 (RADV GFX1201)
tick 4445000 alive  1046067 genomes   49075 energy   194.2 births 48695615 deaths 48695575 (20765.4s) AMD Radeon AI PRO R9700 (RADV GFX1201)
tick 4446000 alive  1046035 genomes   49552 energy   194.0 births 48699007 deaths 48699039 (20770.0s) AMD Radeon AI PRO R9700 (RADV GFX1201)
tick 4447000 alive  1045943 genomes   50059 energy   193.8 births 48975313 deaths 48975405 (20774.7s) AMD Radeon AI PRO R9700 (RADV GFX1201)
tick 4448000 alive  1046076 genomes   48611 energy   194.4 births 48843458 deaths 48843325 (20779.3s) AMD Radeon AI PRO R9700 (RADV GFX1201)
tick 4449000 alive  1046162 genomes   48789 energy   194.3 births 48353743 deaths 48353657 (20783.9s) AMD Radeon AI PRO R9700 (RADV GFX1201)
tick 4450000 alive  1046013 genomes   48764 energy   194.4 births 48272997 deaths 48273146 (20788.6s) AMD Radeon AI PRO R9700 (RADV GFX1201)
tick 4451000 alive  1046039 genomes   49303 energy   193.9 births 48558471 deaths 48558445 (20793.2s) AMD Radeon AI PRO R9700 (RADV GFX1201)
tick 4452000 alive  1046000 genomes   48363 energy   194.7 births 48533110 deaths 48533149 (20797.8s) AMD Radeon AI PRO R9700 (RADV GFX1201)
tick 4453000 alive  1046073 genomes   48321 energy   194.6 births 48253322 deaths 48253249 (20802.5s) AMD Radeon AI PRO R9700 (RADV GFX1201)
tick 4454000 alive  1046076 genomes   48776 energy   194.2 births 48357198 deaths 48357195 (20807.1s) AMD Radeon AI PRO R9700 (RADV GFX1201)
tick 4455000 alive  1045969 genomes   48525 energy   194.7 births 48414735 deaths 48414842 (20811.7s) AMD Radeon AI PRO R9700 (RADV GFX1201)
tick 4456000 alive  1045949 genomes   49529 energy   193.8 births 48489374 deaths 48489394 (20816.4s) AMD Radeon AI PRO R9700 (RADV GFX1201)
tick 4457000 alive  1046157 genomes   49976 energy   194.1 births 48815954 deaths 48815746 (20821.1s) AMD Radeon AI PRO R9700 (RADV GFX1201)
tick 4458000 alive  1046060 genomes   49915 energy   194.2 births 48845795 deaths 48845892 (20825.7s) AMD Radeon AI PRO R9700 (RADV GFX1201)
tick 4459000 alive  1046095 genomes   50114 energy   194.2 births 48796233 deaths 48796198 (20830.4s) AMD Radeon AI PRO R9700 (RADV GFX1201)
tick 4460000 alive  1045996 genomes   49613 energy   194.2 births 48557299 deaths 48557398 (20835.0s) AMD Radeon AI PRO R9700 (RADV GFX1201)
tick 4461000 alive  1046117 genomes   49597 energy   194.6 births 48658566 deaths 48658445 (20839.6s) AMD Radeon AI PRO R9700 (RADV GFX1201)
tick 4462000 alive  1046055 genomes   49513 energy   194.4 births 48620425 deaths 48620487 (20844.2s) AMD Radeon AI PRO R9700 (RADV GFX1201)
tick 4463000 alive  1046019 genomes   48707 energy   194.9 births 48167401 deaths 48167437 (20848.9s) AMD Radeon AI PRO R9700 (RADV GFX1201)
tick 4464000 alive  1046012 genomes   49739 energy   194.3 births 48126614 deaths 48126621 (20853.5s) AMD Radeon AI PRO R9700 (RADV GFX1201)
tick 4465000 alive  1045932 genomes   49620 energy   194.7 births 48181931 deaths 48182011 (20858.2s) AMD Radeon AI PRO R9700 (RADV GFX1201)
tick 4466000 alive  1045944 genomes   49701 energy   194.4 births 48424820 deaths 48424808 (20862.9s) AMD Radeon AI PRO R9700 (RADV GFX1201)
tick 4467000 alive  1046055 genomes   48709 energy   194.8 births 48500015 deaths 48499904 (20867.5s) AMD Radeon AI PRO R9700 (RADV GFX1201)
tick 4468000 alive  1046089 genomes   49923 energy   193.4 births 48634207 deaths 48634173 (20872.1s) AMD Radeon AI PRO R9700 (RADV GFX1201)
tick 4469000 alive  1046096 genomes   50933 energy   193.2 births 49283571 deaths 49283564 (20876.8s) AMD Radeon AI PRO R9700 (RADV GFX1201)
tick 4470000 alive  1045977 genomes   51305 energy   193.0 births 49250438 deaths 49250557 (20881.5s) AMD Radeon AI PRO R9700 (RADV GFX1201)
tick 4471000 alive  1046057 genomes   49776 energy   194.0 births 49462209 deaths 49462129 (20886.2s) AMD Radeon AI PRO R9700 (RADV GFX1201)
tick 4472000 alive  1046068 genomes   49927 energy   193.5 births 48911233 deaths 48911222 (20890.8s) AMD Radeon AI PRO R9700 (RADV GFX1201)
tick 4473000 alive  1046076 genomes   49970 energy   193.7 births 49088767 deaths 49088759 (20895.5s) AMD Radeon AI PRO R9700 (RADV GFX1201)
tick 4474000 alive  1045954 genomes   50193 energy   193.6 births 49142212 deaths 49142334 (20900.1s) AMD Radeon AI PRO R9700 (RADV GFX1201)
tick 4475000 alive  1046112 genomes   49114 energy   193.9 births 49204782 deaths 49204624 (20904.8s) AMD Radeon AI PRO R9700 (RADV GFX1201)
tick 4476000 alive  1046007 genomes   49223 energy   193.9 births 48707112 deaths 48707217 (20909.4s) AMD Radeon AI PRO R9700 (RADV GFX1201)
tick 4477000 alive  1046015 genomes   49934 energy   193.6 births 49063924 deaths 49063916 (20914.1s) AMD Radeon AI PRO R9700 (RADV GFX1201)
tick 4478000 alive  1046029 genomes   48845 energy   194.4 births 48815802 deaths 48815788 (20918.8s) AMD Radeon AI PRO R9700 (RADV GFX1201)
tick 4479000 alive  1046094 genomes   48780 energy   194.6 births 48462005 deaths 48461940 (20923.5s) AMD Radeon AI PRO R9700 (RADV GFX1201)
tick 4480000 alive  1045974 genomes   49313 energy   194.5 births 48789354 deaths 48789474 (20928.1s) AMD Radeon AI PRO R9700 (RADV GFX1201)
tick 4481000 alive  1045987 genomes   48432 energy   194.8 births 48442018 deaths 48442005 (20932.8s) AMD Radeon AI PRO R9700 (RADV GFX1201)
tick 4482000 alive  1046016 genomes   49297 energy   193.9 births 48547563 deaths 48547534 (20937.5s) AMD Radeon AI PRO R9700 (RADV GFX1201)
tick 4483000 alive  1046118 genomes   49624 energy   193.8 births 48782202 deaths 48782100 (20942.1s) AMD Radeon AI PRO R9700 (RADV GFX1201)
tick 4484000 alive  1045950 genomes   51398 energy   193.0 births 49133808 deaths 49133976 (20946.8s) AMD Radeon AI PRO R9700 (RADV GFX1201)
tick 4485000 alive  1045964 genomes   50586 energy   193.3 births 49479462 deaths 49479448 (20951.5s) AMD Radeon AI PRO R9700 (RADV GFX1201)
tick 4486000 alive  1046091 genomes   48955 energy   194.6 births 49017084 deaths 49016957 (20956.1s) AMD Radeon AI PRO R9700 (RADV GFX1201)
tick 4487000 alive  1046079 genomes   48274 energy   195.0 births 48474297 deaths 48474309 (20960.8s) AMD Radeon AI PRO R9700 (RADV GFX1201)
tick 4488000 alive  1046119 genomes   48898 energy   194.4 births 48168471 deaths 48168431 (20965.4s) AMD Radeon AI PRO R9700 (RADV GFX1201)
tick 4489000 alive  1046027 genomes   48852 energy   194.7 births 48575466 deaths 48575558 (20970.1s) AMD Radeon AI PRO R9700 (RADV GFX1201)
tick 4490000 alive  1046066 genomes   49856 energy   193.9 births 48522557 deaths 48522518 (20974.7s) AMD Radeon AI PRO R9700 (RADV GFX1201)
tick 4491000 alive  1046093 genomes   48998 energy   194.6 births 48599298 deaths 48599271 (20979.4s) AMD Radeon AI PRO R9700 (RADV GFX1201)
tick 4492000 alive  1046048 genomes   49508 energy   194.2 births 48391070 deaths 48391115 (20984.0s) AMD Radeon AI PRO R9700 (RADV GFX1201)
tick 4493000 alive  1046084 genomes   48711 energy   194.5 births 48558996 deaths 48558960 (20988.7s) AMD Radeon AI PRO R9700 (RADV GFX1201)
tick 4494000 alive  1046000 genomes   49267 energy   194.2 births 48472246 deaths 48472330 (20993.3s) AMD Radeon AI PRO R9700 (RADV GFX1201)
tick 4495000 alive  1046063 genomes   49914 energy   193.7 births 49083853 deaths 49083790 (20997.9s) AMD Radeon AI PRO R9700 (RADV GFX1201)
tick 4496000 alive  1045960 genomes   49941 energy   194.1 births 49037316 deaths 49037419 (21002.6s) AMD Radeon AI PRO R9700 (RADV GFX1201)
tick 4497000 alive  1046078 genomes   50222 energy   193.8 births 48845868 deaths 48845750 (21007.2s) AMD Radeon AI PRO R9700 (RADV GFX1201)
tick 4498000 alive  1045968 genomes   48486 energy   194.4 births 48755043 deaths 48755153 (21011.9s) AMD Radeon AI PRO R9700 (RADV GFX1201)
tick 4499000 alive  1046062 genomes   49341 energy   193.8 births 48497111 deaths 48497017 (21016.5s) AMD Radeon AI PRO R9700 (RADV GFX1201)
tick 4500000 alive  1046052 genomes   48266 energy   194.5 births 48702544 deaths 48702554 (21021.2s) AMD Radeon AI PRO R9700 (RADV GFX1201)
tick 4501000 alive  1046029 genomes   47929 energy   195.1 births 48036463 deaths 48036486 (21025.9s) AMD Radeon AI PRO R9700 (RADV GFX1201)
tick 4502000 alive  1046038 genomes   47668 energy   195.3 births 47802830 deaths 47802821 (21030.5s) AMD Radeon AI PRO R9700 (RADV GFX1201)
tick 4503000 alive  1046064 genomes   49242 energy   194.3 births 48154967 deaths 48154941 (21035.1s) AMD Radeon AI PRO R9700 (RADV GFX1201)
tick 4504000 alive  1046022 genomes   50057 energy   193.6 births 49025382 deaths 49025424 (21039.7s) AMD Radeon AI PRO R9700 (RADV GFX1201)
tick 4505000 alive  1046076 genomes   50937 energy   193.1 births 49400759 deaths 49400705 (21044.4s) AMD Radeon AI PRO R9700 (RADV GFX1201)
tick 4506000 alive  1046034 genomes   49836 energy   194.1 births 49214489 deaths 49214531 (21049.0s) AMD Radeon AI PRO R9700 (RADV GFX1201)
tick 4507000 alive  1046012 genomes   50468 energy   194.0 births 48964018 deaths 48964040 (21053.7s) AMD Radeon AI PRO R9700 (RADV GFX1201)
tick 4508000 alive  1046025 genomes   49602 energy   194.1 births 48531435 deaths 48531422 (21058.3s) AMD Radeon AI PRO R9700 (RADV GFX1201)
tick 4509000 alive  1046055 genomes   48955 energy   194.8 births 48397861 deaths 48397831 (21063.0s) AMD Radeon AI PRO R9700 (RADV GFX1201)
tick 4510000 alive  1045999 genomes   48599 energy   195.1 births 48070146 deaths 48070202 (21067.6s) AMD Radeon AI PRO R9700 (RADV GFX1201)
tick 4511000 alive  1046049 genomes   48685 energy   195.1 births 47880227 deaths 47880177 (21072.2s) AMD Radeon AI PRO R9700 (RADV GFX1201)
tick 4512000 alive  1046095 genomes   48475 energy   195.5 births 47630517 deaths 47630471 (21076.8s) AMD Radeon AI PRO R9700 (RADV GFX1201)
tick 4513000 alive  1046105 genomes   48958 energy   195.0 births 47833865 deaths 47833855 (21081.5s) AMD Radeon AI PRO R9700 (RADV GFX1201)
tick 4514000 alive  1045999 genomes   48340 energy   195.3 births 48011338 deaths 48011444 (21086.1s) AMD Radeon AI PRO R9700 (RADV GFX1201)
tick 4515000 alive  1046088 genomes   49091 energy   194.6 births 47895104 deaths 47895015 (21090.7s) AMD Radeon AI PRO R9700 (RADV GFX1201)
tick 4516000 alive  1045995 genomes   49057 energy   194.7 births 48313942 deaths 48314035 (21095.4s) AMD Radeon AI PRO R9700 (RADV GFX1201)
tick 4517000 alive  1045992 genomes   49389 energy   194.3 births 48236620 deaths 48236623 (21100.0s) AMD Radeon AI PRO R9700 (RADV GFX1201)
tick 4518000 alive  1045987 genomes   49525 energy   194.2 births 48559874 deaths 48559879 (21104.6s) AMD Radeon AI PRO R9700 (RADV GFX1201)
tick 4519000 alive  1046016 genomes   50306 energy   194.2 births 48717181 deaths 48717152 (21109.3s) AMD Radeon AI PRO R9700 (RADV GFX1201)
tick 4520000 alive  1046024 genomes   48807 energy   195.0 births 48425319 deaths 48425311 (21113.9s) AMD Radeon AI PRO R9700 (RADV GFX1201)
tick 4521000 alive  1045967 genomes   49083 energy   194.6 births 48188745 deaths 48188802 (21118.6s) AMD Radeon AI PRO R9700 (RADV GFX1201)
tick 4522000 alive  1046051 genomes   49112 energy   194.6 births 48098705 deaths 48098621 (21123.2s) AMD Radeon AI PRO R9700 (RADV GFX1201)
tick 4523000 alive  1046061 genomes   49600 energy   194.2 births 48388084 deaths 48388074 (21127.8s) AMD Radeon AI PRO R9700 (RADV GFX1201)
tick 4524000 alive  1046073 genomes   49874 energy   194.3 births 48800078 deaths 48800066 (21132.5s) AMD Radeon AI PRO R9700 (RADV GFX1201)
tick 4525000 alive  1046035 genomes   48486 energy   195.0 births 48540155 deaths 48540193 (21137.1s) AMD Radeon AI PRO R9700 (RADV GFX1201)
tick 4526000 alive  1045969 genomes   49038 energy   194.6 births 47973114 deaths 47973180 (21141.8s) AMD Radeon AI PRO R9700 (RADV GFX1201)
tick 4527000 alive  1046073 genomes   48723 energy   194.7 births 48208113 deaths 48208009 (21146.5s) AMD Radeon AI PRO R9700 (RADV GFX1201)
tick 4528000 alive  1046072 genomes   49196 energy   193.7 births 48603327 deaths 48603328 (21151.1s) AMD Radeon AI PRO R9700 (RADV GFX1201)
tick 4529000 alive  1046119 genomes   50150 energy   193.7 births 48982074 deaths 48982027 (21155.8s) AMD Radeon AI PRO R9700 (RADV GFX1201)
tick 4530000 alive  1046000 genomes   49248 energy   193.9 births 49006453 deaths 49006572 (21160.4s) AMD Radeon AI PRO R9700 (RADV GFX1201)
tick 4531000 alive  1046106 genomes   49361 energy   194.0 births 48827209 deaths 48827103 (21165.1s) AMD Radeon AI PRO R9700 (RADV GFX1201)
tick 4532000 alive  1046070 genomes   49891 energy   193.5 births 48946889 deaths 48946925 (21169.8s) AMD Radeon AI PRO R9700 (RADV GFX1201)
tick 4533000 alive  1045987 genomes   50620 energy   193.4 births 49249674 deaths 49249757 (21174.5s) AMD Radeon AI PRO R9700 (RADV GFX1201)
tick 4534000 alive  1046011 genomes   49821 energy   193.5 births 49278061 deaths 49278037 (21179.1s) AMD Radeon AI PRO R9700 (RADV GFX1201)
tick 4535000 alive  1046062 genomes   49064 energy   194.3 births 48874367 deaths 48874316 (21183.8s) AMD Radeon AI PRO R9700 (RADV GFX1201)
tick 4536000 alive  1046024 genomes   48419 energy   194.5 births 48362762 deaths 48362800 (21188.8s) AMD Radeon AI PRO R9700 (RADV GFX1201)
tick 4537000 alive  1046039 genomes   49287 energy   194.1 births 48782641 deaths 48782626 (21193.5s) AMD Radeon AI PRO R9700 (RADV GFX1201)
tick 4538000 alive  1046026 genomes   49583 energy   194.0 births 48949769 deaths 48949782 (21198.1s) AMD Radeon AI PRO R9700 (RADV GFX1201)
tick 4539000 alive  1046032 genomes   50353 energy   193.4 births 49153397 deaths 49153391 (21202.8s) AMD Radeon AI PRO R9700 (RADV GFX1201)
tick 4540000 alive  1046046 genomes   50400 energy   193.4 births 49502272 deaths 49502258 (21207.4s) AMD Radeon AI PRO R9700 (RADV GFX1201)
tick 4541000 alive  1046111 genomes   49475 energy   194.0 births 49114201 deaths 49114136 (21212.2s) AMD Radeon AI PRO R9700 (RADV GFX1201)
tick 4542000 alive  1046099 genomes   49054 energy   194.3 births 49027695 deaths 49027707 (21216.9s) AMD Radeon AI PRO R9700 (RADV GFX1201)
tick 4543000 alive  1046067 genomes   49909 energy   193.4 births 48966993 deaths 48967025 (21221.5s) AMD Radeon AI PRO R9700 (RADV GFX1201)
tick 4544000 alive  1046083 genomes   50527 energy   193.5 births 49206117 deaths 49206101 (21226.2s) AMD Radeon AI PRO R9700 (RADV GFX1201)
tick 4545000 alive  1046028 genomes   50094 energy   193.8 births 49293390 deaths 49293445 (21230.9s) AMD Radeon AI PRO R9700 (RADV GFX1201)
tick 4546000 alive  1045966 genomes   51746 energy   192.6 births 49406539 deaths 49406601 (21235.6s) AMD Radeon AI PRO R9700 (RADV GFX1201)
tick 4547000 alive  1046060 genomes   51021 energy   192.9 births 49742099 deaths 49742005 (21240.2s) AMD Radeon AI PRO R9700 (RADV GFX1201)
tick 4548000 alive  1046067 genomes   50393 energy   193.2 births 49894873 deaths 49894866 (21244.8s) AMD Radeon AI PRO R9700 (RADV GFX1201)
tick 4549000 alive  1046053 genomes   49959 energy   193.8 births 49335206 deaths 49335220 (21249.5s) AMD Radeon AI PRO R9700 (RADV GFX1201)
tick 4550000 alive  1046104 genomes   49626 energy   193.6 births 49284732 deaths 49284681 (21254.1s) AMD Radeon AI PRO R9700 (RADV GFX1201)
tick 4551000 alive  1046113 genomes   48833 energy   194.1 births 49066493 deaths 49066484 (21258.8s) AMD Radeon AI PRO R9700 (RADV GFX1201)
tick 4552000 alive  1045991 genomes   49124 energy   193.6 births 48941542 deaths 48941664 (21263.4s) AMD Radeon AI PRO R9700 (RADV GFX1201)
tick 4553000 alive  1045982 genomes   49017 energy   193.7 births 49137709 deaths 49137718 (21268.0s) AMD Radeon AI PRO R9700 (RADV GFX1201)
tick 4554000 alive  1045961 genomes   49093 energy   193.8 births 48902899 deaths 48902920 (21272.7s) AMD Radeon AI PRO R9700 (RADV GFX1201)
tick 4555000 alive  1045984 genomes   49744 energy   193.7 births 48958478 deaths 48958455 (21277.3s) AMD Radeon AI PRO R9700 (RADV GFX1201)
tick 4556000 alive  1046055 genomes   50504 energy   192.6 births 49631588 deaths 49631517 (21282.1s) AMD Radeon AI PRO R9700 (RADV GFX1201)
tick 4557000 alive  1046135 genomes   50540 energy   193.2 births 49603197 deaths 49603117 (21286.8s) AMD Radeon AI PRO R9700 (RADV GFX1201)
tick 4558000 alive  1046024 genomes   49869 energy   193.6 births 49169251 deaths 49169362 (21291.5s) AMD Radeon AI PRO R9700 (RADV GFX1201)
tick 4559000 alive  1045998 genomes   50479 energy   193.4 births 49430512 deaths 49430538 (21296.1s) AMD Radeon AI PRO R9700 (RADV GFX1201)
tick 4560000 alive  1046074 genomes   49740 energy   193.6 births 49170914 deaths 49170838 (21300.7s) AMD Radeon AI PRO R9700 (RADV GFX1201)
tick 4561000 alive  1046047 genomes   50754 energy   193.3 births 49221748 deaths 49221775 (21305.3s) AMD Radeon AI PRO R9700 (RADV GFX1201)
tick 4562000 alive  1046076 genomes   50160 energy   193.3 births 49220811 deaths 49220782 (21310.0s) AMD Radeon AI PRO R9700 (RADV GFX1201)
tick 4563000 alive  1046032 genomes   49445 energy   193.9 births 48922530 deaths 48922574 (21314.6s) AMD Radeon AI PRO R9700 (RADV GFX1201)
tick 4564000 alive  1046019 genomes   50225 energy   193.1 births 49069125 deaths 49069138 (21319.2s) AMD Radeon AI PRO R9700 (RADV GFX1201)
tick 4565000 alive  1045984 genomes   49167 energy   194.1 births 49100710 deaths 49100745 (21323.9s) AMD Radeon AI PRO R9700 (RADV GFX1201)
tick 4566000 alive  1046091 genomes   49534 energy   194.4 births 48741624 deaths 48741517 (21328.5s) AMD Radeon AI PRO R9700 (RADV GFX1201)
tick 4567000 alive  1046107 genomes   48976 energy   194.3 births 48646556 deaths 48646540 (21333.2s) AMD Radeon AI PRO R9700 (RADV GFX1201)
tick 4568000 alive  1046002 genomes   49418 energy   194.5 births 48489318 deaths 48489423 (21337.8s) AMD Radeon AI PRO R9700 (RADV GFX1201)
tick 4569000 alive  1046051 genomes   49307 energy   194.6 births 48418734 deaths 48418685 (21342.4s) AMD Radeon AI PRO R9700 (RADV GFX1201)
tick 4570000 alive  1046079 genomes   49464 energy   194.8 births 48543418 deaths 48543390 (21347.0s) AMD Radeon AI PRO R9700 (RADV GFX1201)
tick 4571000 alive  1046077 genomes   50234 energy   194.0 births 48802757 deaths 48802759 (21351.7s) AMD Radeon AI PRO R9700 (RADV GFX1201)
tick 4572000 alive  1046040 genomes   50110 energy   194.2 births 48717566 deaths 48717603 (21356.3s) AMD Radeon AI PRO R9700 (RADV GFX1201)
tick 4573000 alive  1045984 genomes   50250 energy   193.6 births 48983147 deaths 48983203 (21361.0s) AMD Radeon AI PRO R9700 (RADV GFX1201)
tick 4574000 alive  1046053 genomes   49872 energy   194.2 births 48943225 deaths 48943156 (21365.6s) AMD Radeon AI PRO R9700 (RADV GFX1201)
tick 4575000 alive  1046056 genomes   49590 energy   194.3 births 48748907 deaths 48748904 (21370.3s) AMD Radeon AI PRO R9700 (RADV GFX1201)
tick 4576000 alive  1046001 genomes   49906 energy   194.0 births 48584923 deaths 48584978 (21374.9s) AMD Radeon AI PRO R9700 (RADV GFX1201)
tick 4577000 alive  1046063 genomes   49398 energy   194.7 births 48592176 deaths 48592114 (21379.6s) AMD Radeon AI PRO R9700 (RADV GFX1201)
tick 4578000 alive  1046064 genomes   50740 energy   193.7 births 48599997 deaths 48599996 (21384.2s) AMD Radeon AI PRO R9700 (RADV GFX1201)
tick 4579000 alive  1046033 genomes   50837 energy   193.5 births 49116942 deaths 49116973 (21388.9s) AMD Radeon AI PRO R9700 (RADV GFX1201)
tick 4580000 alive  1046012 genomes   51145 energy   193.0 births 49453460 deaths 49453481 (21393.5s) AMD Radeon AI PRO R9700 (RADV GFX1201)
tick 4581000 alive  1046097 genomes   51176 energy   193.1 births 49652899 deaths 49652814 (21398.1s) AMD Radeon AI PRO R9700 (RADV GFX1201)
tick 4582000 alive  1045963 genomes   50518 energy   193.5 births 49446419 deaths 49446553 (21402.8s) AMD Radeon AI PRO R9700 (RADV GFX1201)
tick 4583000 alive  1045956 genomes   51301 energy   192.9 births 49341281 deaths 49341288 (21407.5s) AMD Radeon AI PRO R9700 (RADV GFX1201)
tick 4584000 alive  1045988 genomes   50958 energy   193.3 births 49575149 deaths 49575117 (21412.1s) AMD Radeon AI PRO R9700 (RADV GFX1201)
tick 4585000 alive  1045992 genomes   50019 energy   193.8 births 49156288 deaths 49156284 (21416.9s) AMD Radeon AI PRO R9700 (RADV GFX1201)
tick 4586000 alive  1046050 genomes   50749 energy   193.4 births 49135026 deaths 49134968 (21421.6s) AMD Radeon AI PRO R9700 (RADV GFX1201)
tick 4587000 alive  1045993 genomes   49946 energy   194.1 births 48818162 deaths 48818219 (21426.2s) AMD Radeon AI PRO R9700 (RADV GFX1201)
tick 4588000 alive  1045994 genomes   49780 energy   194.1 births 48810564 deaths 48810563 (21430.8s) AMD Radeon AI PRO R9700 (RADV GFX1201)
tick 4589000 alive  1045949 genomes   50263 energy   193.9 births 48647589 deaths 48647634 (21435.5s) AMD Radeon AI PRO R9700 (RADV GFX1201)
tick 4590000 alive  1046022 genomes   49741 energy   194.2 births 48909331 deaths 48909258 (21440.1s) AMD Radeon AI PRO R9700 (RADV GFX1201)
tick 4591000 alive  1046125 genomes   50536 energy   194.1 births 48634453 deaths 48634350 (21444.8s) AMD Radeon AI PRO R9700 (RADV GFX1201)
tick 4592000 alive  1046028 genomes   51139 energy   193.7 births 49129535 deaths 49129632 (21449.4s) AMD Radeon AI PRO R9700 (RADV GFX1201)
tick 4593000 alive  1046024 genomes   51098 energy   193.4 births 49155493 deaths 49155497 (21454.1s) AMD Radeon AI PRO R9700 (RADV GFX1201)
tick 4594000 alive  1046053 genomes   49782 energy   194.4 births 48793469 deaths 48793440 (21458.7s) AMD Radeon AI PRO R9700 (RADV GFX1201)
tick 4595000 alive  1046013 genomes   50856 energy   194.0 births 48800697 deaths 48800737 (21463.4s) AMD Radeon AI PRO R9700 (RADV GFX1201)
tick 4596000 alive  1045999 genomes   50752 energy   194.1 births 48774036 deaths 48774050 (21466.8s) AMD Radeon AI PRO R9700 (RADV GFX1201)
tick 4597000 alive  1046045 genomes   51912 energy   193.2 births 49036438 deaths 49036392 (21469.6s) AMD Radeon AI PRO R9700 (RADV GFX1201)
tick 4598000 alive  1046008 genomes   50726 energy   193.6 births 49335238 deaths 49335275 (21472.3s) AMD Radeon AI PRO R9700 (RADV GFX1201)
tick 4599000 alive  1046045 genomes   49932 energy   194.4 births 48902320 deaths 48902283 (21474.9s) AMD Radeon AI PRO R9700 (RADV GFX1201)
tick 4600000 alive  1046012 genomes   50824 energy   193.9 births 48654530 deaths 48654563 (21477.5s) AMD Radeon AI PRO R9700 (RADV GFX1201)
tick 4601000 alive  1046085 genomes   49832 energy   194.4 births 48756806 deaths 48756733 (21480.1s) AMD Radeon AI PRO R9700 (RADV GFX1201)
tick 4602000 alive  1046067 genomes   49615 energy   194.3 births 48599379 deaths 48599397 (21482.7s) AMD Radeon AI PRO R9700 (RADV GFX1201)
tick 4603000 alive  1046041 genomes   50008 energy   194.0 births 48747399 deaths 48747425 (21485.3s) AMD Radeon AI PRO R9700 (RADV GFX1201)
tick 4604000 alive  1046035 genomes   50182 energy   194.3 births 49014793 deaths 49014799 (21487.9s) AMD Radeon AI PRO R9700 (RADV GFX1201)
tick 4605000 alive  1046054 genomes   49398 energy   194.9 births 48349128 deaths 48349109 (21490.6s) AMD Radeon AI PRO R9700 (RADV GFX1201)
tick 4606000 alive  1046024 genomes   48991 energy   194.8 births 47945298 deaths 47945328 (21493.2s) AMD Radeon AI PRO R9700 (RADV GFX1201)
tick 4607000 alive  1045978 genomes   49307 energy   194.1 births 48297370 deaths 48297416 (21495.8s) AMD Radeon AI PRO R9700 (RADV GFX1201)
tick 4608000 alive  1046124 genomes   49245 energy   194.7 births 48245106 deaths 48244960 (21498.4s) AMD Radeon AI PRO R9700 (RADV GFX1201)
tick 4609000 alive  1045982 genomes   48785 energy   194.8 births 47955242 deaths 47955384 (21501.1s) AMD Radeon AI PRO R9700 (RADV GFX1201)
tick 4610000 alive  1046101 genomes   49413 energy   194.8 births 48176408 deaths 48176289 (21503.7s) AMD Radeon AI PRO R9700 (RADV GFX1201)
tick 4611000 alive  1046057 genomes   49721 energy   194.3 births 48514789 deaths 48514833 (21506.3s) AMD Radeon AI PRO R9700 (RADV GFX1201)
tick 4612000 alive  1045979 genomes   50105 energy   194.0 births 48500384 deaths 48500462 (21508.9s) AMD Radeon AI PRO R9700 (RADV GFX1201)
tick 4613000 alive  1045968 genomes   50654 energy   194.1 births 48839966 deaths 48839977 (21511.5s) AMD Radeon AI PRO R9700 (RADV GFX1201)
tick 4614000 alive  1046106 genomes   51250 energy   193.8 births 48993430 deaths 48993292 (21514.1s) AMD Radeon AI PRO R9700 (RADV GFX1201)
tick 4615000 alive  1046025 genomes   51241 energy   193.5 births 48949926 deaths 48950007 (21516.8s) AMD Radeon AI PRO R9700 (RADV GFX1201)
tick 4616000 alive  1045943 genomes   52535 energy   193.1 births 49510582 deaths 49510664 (21519.3s) AMD Radeon AI PRO R9700 (RADV GFX1201)
tick 4617000 alive  1046033 genomes   50728 energy   194.1 births 49313377 deaths 49313287 (21521.9s) AMD Radeon AI PRO R9700 (RADV GFX1201)
tick 4618000 alive  1045934 genomes   50025 energy   194.9 births 48740664 deaths 48740763 (21524.6s) AMD Radeon AI PRO R9700 (RADV GFX1201)
tick 4619000 alive  1046097 genomes   50062 energy   194.3 births 48436321 deaths 48436158 (21527.2s) AMD Radeon AI PRO R9700 (RADV GFX1201)
tick 4620000 alive  1046022 genomes   51464 energy   193.5 births 49074212 deaths 49074287 (21529.8s) AMD Radeon AI PRO R9700 (RADV GFX1201)
tick 4621000 alive  1046030 genomes   49812 energy   193.9 births 48893700 deaths 48893692 (21532.4s) AMD Radeon AI PRO R9700 (RADV GFX1201)
tick 4622000 alive  1046061 genomes   49215 energy   194.6 births 48318439 deaths 48318408 (21535.0s) AMD Radeon AI PRO R9700 (RADV GFX1201)
tick 4623000 alive  1046032 genomes   48739 energy   195.2 births 48119811 deaths 48119840 (21537.6s) AMD Radeon AI PRO R9700 (RADV GFX1201)
tick 4624000 alive  1046054 genomes   49356 energy   194.6 births 47979274 deaths 47979252 (21540.4s) AMD Radeon AI PRO R9700 (RADV GFX1201)
tick 4625000 alive  1046069 genomes   50041 energy   194.1 births 48430297 deaths 48430282 (21543.0s) AMD Radeon AI PRO R9700 (RADV GFX1201)
tick 4626000 alive  1045968 genomes   50550 energy   194.0 births 48668655 deaths 48668756 (21545.5s) AMD Radeon AI PRO R9700 (RADV GFX1201)
tick 4627000 alive  1046049 genomes   50479 energy   194.6 births 48199928 deaths 48199847 (21548.1s) AMD Radeon AI PRO R9700 (RADV GFX1201)
tick 4628000 alive  1046065 genomes   49397 energy   195.0 births 47913233 deaths 47913217 (21550.8s) AMD Radeon AI PRO R9700 (RADV GFX1201)
tick 4629000 alive  1046066 genomes   49511 energy   195.0 births 47713995 deaths 47713994 (21553.3s) AMD Radeon AI PRO R9700 (RADV GFX1201)
tick 4630000 alive  1046020 genomes   50847 energy   194.2 births 48403988 deaths 48404034 (21555.9s) AMD Radeon AI PRO R9700 (RADV GFX1201)
tick 4631000 alive  1046010 genomes   51651 energy   193.3 births 49001733 deaths 49001743 (21558.5s) AMD Radeon AI PRO R9700 (RADV GFX1201)
tick 4632000 alive  1046131 genomes   49659 energy   194.5 births 48886903 deaths 48886782 (21561.1s) AMD Radeon AI PRO R9700 (RADV GFX1201)
tick 4633000 alive  1045927 genomes   49572 energy   194.6 births 48485599 deaths 48485803 (21563.7s) AMD Radeon AI PRO R9700 (RADV GFX1201)
tick 4634000 alive  1046038 genomes   49298 energy   194.7 births 48158867 deaths 48158756 (21566.5s) AMD Radeon AI PRO R9700 (RADV GFX1201)
tick 4635000 alive  1046051 genomes   48956 energy   194.9 births 48336052 deaths 48336039 (21569.1s) AMD Radeon AI PRO R9700 (RADV GFX1201)
tick 4636000 alive  1046004 genomes   49951 energy   194.1 births 48541759 deaths 48541806 (21571.7s) AMD Radeon AI PRO R9700 (RADV GFX1201)
tick 4637000 alive  1046016 genomes   49417 energy   194.6 births 48463230 deaths 48463218 (21574.3s) AMD Radeon AI PRO R9700 (RADV GFX1201)
tick 4638000 alive  1045943 genomes   49270 energy   194.5 births 48470006 deaths 48470079 (21576.9s) AMD Radeon AI PRO R9700 (RADV GFX1201)
tick 4639000 alive  1046067 genomes   48598 energy   195.0 births 48222090 deaths 48221966 (21579.5s) AMD Radeon AI PRO R9700 (RADV GFX1201)
tick 4640000 alive  1046077 genomes   48375 energy   194.9 births 48043575 deaths 48043565 (21582.1s) AMD Radeon AI PRO R9700 (RADV GFX1201)
tick 4641000 alive  1045993 genomes   48744 energy   195.0 births 48142296 deaths 48142380 (21584.8s) AMD Radeon AI PRO R9700 (RADV GFX1201)
tick 4642000 alive  1046102 genomes   49107 energy   194.5 births 48151786 deaths 48151677 (21587.4s) AMD Radeon AI PRO R9700 (RADV GFX1201)
tick 4643000 alive  1046038 genomes   49617 energy   194.1 births 48443113 deaths 48443177 (21590.0s) AMD Radeon AI PRO R9700 (RADV GFX1201)
tick 4644000 alive  1046021 genomes   49946 energy   194.0 births 48880525 deaths 48880542 (21592.7s) AMD Radeon AI PRO R9700 (RADV GFX1201)
tick 4645000 alive  1046026 genomes   49317 energy   194.1 births 48845130 deaths 48845125 (21595.3s) AMD Radeon AI PRO R9700 (RADV GFX1201)
tick 4646000 alive  1046039 genomes   50174 energy   194.2 births 49011683 deaths 49011670 (21597.8s) AMD Radeon AI PRO R9700 (RADV GFX1201)
tick 4647000 alive  1045970 genomes   49943 energy   193.7 births 48975319 deaths 48975388 (21600.4s) AMD Radeon AI PRO R9700 (RADV GFX1201)
tick 4648000 alive  1046018 genomes   49176 energy   194.5 births 48547455 deaths 48547407 (21603.0s) AMD Radeon AI PRO R9700 (RADV GFX1201)
tick 4649000 alive  1046068 genomes   49460 energy   194.2 births 48496942 deaths 48496892 (21605.6s) AMD Radeon AI PRO R9700 (RADV GFX1201)
tick 4650000 alive  1045966 genomes   50100 energy   193.7 births 48725246 deaths 48725348 (21608.5s) AMD Radeon AI PRO R9700 (RADV GFX1201)
tick 4651000 alive  1046054 genomes   51304 energy   193.1 births 49380026 deaths 49379938 (21611.3s) AMD Radeon AI PRO R9700 (RADV GFX1201)
tick 4652000 alive  1046038 genomes   50705 energy   193.6 births 49180139 deaths 49180155 (21614.0s) AMD Radeon AI PRO R9700 (RADV GFX1201)
tick 4653000 alive  1046048 genomes   50513 energy   193.6 births 49317958 deaths 49317948 (21616.7s) AMD Radeon AI PRO R9700 (RADV GFX1201)
tick 4654000 alive  1045975 genomes   49934 energy   193.8 births 49185919 deaths 49185992 (21619.4s) AMD Radeon AI PRO R9700 (RADV GFX1201)
tick 4655000 alive  1046042 genomes   49581 energy   194.0 births 48819293 deaths 48819226 (21622.0s) AMD Radeon AI PRO R9700 (RADV GFX1201)
tick 4656000 alive  1045987 genomes   50031 energy   194.0 births 48833689 deaths 48833744 (21624.6s) AMD Radeon AI PRO R9700 (RADV GFX1201)
tick 4657000 alive  1046003 genomes   51742 energy   192.7 births 49147590 deaths 49147574 (21627.2s) AMD Radeon AI PRO R9700 (RADV GFX1201)
tick 4658000 alive  1046097 genomes   52535 energy   192.4 births 49847802 deaths 49847708 (21629.9s) AMD Radeon AI PRO R9700 (RADV GFX1201)
tick 4659000 alive  1045960 genomes   51718 energy   193.0 births 49677396 deaths 49677533 (21632.6s) AMD Radeon AI PRO R9700 (RADV GFX1201)
tick 4660000 alive  1046062 genomes   50305 energy   194.1 births 49401376 deaths 49401274 (21635.3s) AMD Radeon AI PRO R9700 (RADV GFX1201)
tick 4661000 alive  1046074 genomes   49568 energy   193.9 births 48815123 deaths 48815111 (21637.9s) AMD Radeon AI PRO R9700 (RADV GFX1201)
tick 4662000 alive  1046105 genomes   50663 energy   193.7 births 48962100 deaths 48962069 (21640.4s) AMD Radeon AI PRO R9700 (RADV GFX1201)
tick 4663000 alive  1046076 genomes   51854 energy   192.9 births 49564975 deaths 49565004 (21643.0s) AMD Radeon AI PRO R9700 (RADV GFX1201)
tick 4664000 alive  1045965 genomes   52153 energy   192.7 births 49803429 deaths 49803540 (21645.6s) AMD Radeon AI PRO R9700 (RADV GFX1201)
tick 4665000 alive  1046051 genomes   51788 energy   192.7 births 49901202 deaths 49901116 (21648.2s) AMD Radeon AI PRO R9700 (RADV GFX1201)
tick 4666000 alive  1046028 genomes   51998 energy   193.1 births 49744625 deaths 49744648 (21650.8s) AMD Radeon AI PRO R9700 (RADV GFX1201)
tick 4667000 alive  1046047 genomes   51534 energy   193.1 births 49731963 deaths 49731944 (21653.4s) AMD Radeon AI PRO R9700 (RADV GFX1201)
tick 4668000 alive  1046095 genomes   51267 energy   192.9 births 49722419 deaths 49722371 (21656.0s) AMD Radeon AI PRO R9700 (RADV GFX1201)
tick 4669000 alive  1046106 genomes   49947 energy   193.9 births 49454369 deaths 49454358 (21658.5s) AMD Radeon AI PRO R9700 (RADV GFX1201)
tick 4670000 alive  1046004 genomes   49485 energy   194.1 births 48923277 deaths 48923379 (21661.1s) AMD Radeon AI PRO R9700 (RADV GFX1201)
tick 4671000 alive  1046057 genomes   49845 energy   194.7 births 48504369 deaths 48504316 (21663.6s) AMD Radeon AI PRO R9700 (RADV GFX1201)
tick 4672000 alive  1046043 genomes   49388 energy   194.7 births 48262587 deaths 48262601 (21666.2s) AMD Radeon AI PRO R9700 (RADV GFX1201)
tick 4673000 alive  1046048 genomes   49948 energy   194.3 births 48357769 deaths 48357764 (21668.8s) AMD Radeon AI PRO R9700 (RADV GFX1201)
tick 4674000 alive  1045992 genomes   49751 energy   194.5 births 48472758 deaths 48472814 (21671.6s) AMD Radeon AI PRO R9700 (RADV GFX1201)
tick 4675000 alive  1046128 genomes   49233 energy   194.9 births 48400270 deaths 48400134 (21674.2s) AMD Radeon AI PRO R9700 (RADV GFX1201)
tick 4676000 alive  1046082 genomes   48463 energy   195.6 births 48011491 deaths 48011537 (21676.9s) AMD Radeon AI PRO R9700 (RADV GFX1201)
tick 4677000 alive  1045909 genomes   48616 energy   195.4 births 47794056 deaths 47794229 (21679.7s) AMD Radeon AI PRO R9700 (RADV GFX1201)
tick 4678000 alive  1046023 genomes   49950 energy   194.5 births 48338209 deaths 48338095 (21682.3s) AMD Radeon AI PRO R9700 (RADV GFX1201)
tick 4679000 alive  1046045 genomes   49347 energy   194.5 births 48359753 deaths 48359731 (21684.9s) AMD Radeon AI PRO R9700 (RADV GFX1201)
tick 4680000 alive  1046043 genomes   49421 energy   195.0 births 48177270 deaths 48177272 (21687.5s) AMD Radeon AI PRO R9700 (RADV GFX1201)
tick 4681000 alive  1046013 genomes   50015 energy   194.0 births 48182274 deaths 48182304 (21690.1s) AMD Radeon AI PRO R9700 (RADV GFX1201)
tick 4682000 alive  1046075 genomes   49371 energy   194.6 births 48475692 deaths 48475630 (21692.6s) AMD Radeon AI PRO R9700 (RADV GFX1201)
tick 4683000 alive  1045984 genomes   49776 energy   194.6 births 48356882 deaths 48356973 (21695.2s) AMD Radeon AI PRO R9700 (RADV GFX1201)
tick 4684000 alive  1046087 genomes   48902 energy   195.2 births 48012704 deaths 48012601 (21697.9s) AMD Radeon AI PRO R9700 (RADV GFX1201)
tick 4685000 alive  1046069 genomes   47831 energy   195.7 births 47525996 deaths 47526014 (21700.6s) AMD Radeon AI PRO R9700 (RADV GFX1201)
tick 4686000 alive  1046034 genomes   48563 energy   195.0 births 47565703 deaths 47565738 (21703.2s) AMD Radeon AI PRO R9700 (RADV GFX1201)
tick 4687000 alive  1046005 genomes   48625 energy   195.1 births 47862402 deaths 47862431 (21705.8s) AMD Radeon AI PRO R9700 (RADV GFX1201)
tick 4688000 alive  1046094 genomes   48724 energy   194.9 births 47531673 deaths 47531584 (21708.3s) AMD Radeon AI PRO R9700 (RADV GFX1201)
tick 4689000 alive  1045959 genomes   49011 energy   194.7 births 48257651 deaths 48257786 (21711.0s) AMD Radeon AI PRO R9700 (RADV GFX1201)
tick 4690000 alive  1045961 genomes   49027 energy   194.3 births 48188022 deaths 48188020 (21713.5s) AMD Radeon AI PRO R9700 (RADV GFX1201)
tick 4691000 alive  1045986 genomes   47606 energy   195.8 births 47905115 deaths 47905090 (21716.2s) AMD Radeon AI PRO R9700 (RADV GFX1201)
tick 4692000 alive  1046108 genomes   47933 energy   195.5 births 47647122 deaths 47647000 (21718.8s) AMD Radeon AI PRO R9700 (RADV GFX1201)
tick 4693000 alive  1045988 genomes   48781 energy   194.5 births 47856443 deaths 47856563 (21721.5s) AMD Radeon AI PRO R9700 (RADV GFX1201)
tick 4694000 alive  1046046 genomes   48196 energy   195.0 births 48236558 deaths 48236500 (21724.1s) AMD Radeon AI PRO R9700 (RADV GFX1201)
tick 4695000 alive  1046130 genomes   48266 energy   195.0 births 48027474 deaths 48027390 (21726.7s) AMD Radeon AI PRO R9700 (RADV GFX1201)
tick 4696000 alive  1046148 genomes   47286 energy   195.5 births 47685520 deaths 47685502 (21729.4s) AMD Radeon AI PRO R9700 (RADV GFX1201)
tick 4697000 alive  1046002 genomes   48175 energy   194.4 births 47692508 deaths 47692654 (21732.1s) AMD Radeon AI PRO R9700 (RADV GFX1201)
tick 4698000 alive  1045995 genomes   48709 energy   194.5 births 48354754 deaths 48354761 (21734.8s) AMD Radeon AI PRO R9700 (RADV GFX1201)
tick 4699000 alive  1046067 genomes   49643 energy   193.9 births 48475329 deaths 48475257 (21737.4s) AMD Radeon AI PRO R9700 (RADV GFX1201)
tick 4700000 alive  1046149 genomes   47740 energy   195.4 births 48251995 deaths 48251913 (21740.1s) AMD Radeon AI PRO R9700 (RADV GFX1201)
tick 4701000 alive  1046068 genomes   47325 energy   195.3 births 47620864 deaths 47620945 (21742.6s) AMD Radeon AI PRO R9700 (RADV GFX1201)
tick 4702000 alive  1046032 genomes   47668 energy   195.0 births 47653049 deaths 47653085 (21745.2s) AMD Radeon AI PRO R9700 (RADV GFX1201)
tick 4703000 alive  1046094 genomes   47076 energy   195.3 births 47902425 deaths 47902363 (21747.8s) AMD Radeon AI PRO R9700 (RADV GFX1201)
tick 4704000 alive  1046037 genomes   49222 energy   193.5 births 48168475 deaths 48168532 (21750.4s) AMD Radeon AI PRO R9700 (RADV GFX1201)
tick 4705000 alive  1046012 genomes   48240 energy   194.5 births 48838612 deaths 48838637 (21753.0s) AMD Radeon AI PRO R9700 (RADV GFX1201)
tick 4706000 alive  1046039 genomes   48855 energy   193.7 births 48684884 deaths 48684857 (21755.5s) AMD Radeon AI PRO R9700 (RADV GFX1201)
tick 4707000 alive  1046062 genomes   48393 energy   194.3 births 48667671 deaths 48667648 (21758.5s) AMD Radeon AI PRO R9700 (RADV GFX1201)
tick 4708000 alive  1045985 genomes   48301 energy   194.7 births 48408561 deaths 48408638 (21761.1s) AMD Radeon AI PRO R9700 (RADV GFX1201)
tick 4709000 alive  1046098 genomes   48301 energy   194.2 births 48470534 deaths 48470421 (21763.7s) AMD Radeon AI PRO R9700 (RADV GFX1201)
tick 4710000 alive  1045999 genomes   47787 energy   194.8 births 48240740 deaths 48240839 (21766.3s) AMD Radeon AI PRO R9700 (RADV GFX1201)
tick 4711000 alive  1046037 genomes   49481 energy   193.8 births 48510011 deaths 48509973 (21768.9s) AMD Radeon AI PRO R9700 (RADV GFX1201)
tick 4712000 alive  1045961 genomes   49049 energy   194.3 births 48869063 deaths 48869139 (21771.5s) AMD Radeon AI PRO R9700 (RADV GFX1201)
tick 4713000 alive  1045942 genomes   48413 energy   194.6 births 48537586 deaths 48537605 (21774.1s) AMD Radeon AI PRO R9700 (RADV GFX1201)
tick 4714000 alive  1046056 genomes   47642 energy   194.8 births 48246414 deaths 48246300 (21776.7s) AMD Radeon AI PRO R9700 (RADV GFX1201)
tick 4715000 alive  1046062 genomes   48228 energy   194.8 births 48250900 deaths 48250894 (21779.2s) AMD Radeon AI PRO R9700 (RADV GFX1201)
tick 4716000 alive  1045974 genomes   49338 energy   193.8 births 48877151 deaths 48877239 (21781.8s) AMD Radeon AI PRO R9700 (RADV GFX1201)
tick 4717000 alive  1046050 genomes   49336 energy   193.5 births 49219725 deaths 49219649 (21784.5s) AMD Radeon AI PRO R9700 (RADV GFX1201)
tick 4718000 alive  1046006 genomes   48218 energy   194.4 births 48825765 deaths 48825809 (21787.1s) AMD Radeon AI PRO R9700 (RADV GFX1201)
tick 4719000 alive  1046027 genomes   47293 energy   194.7 births 48314442 deaths 48314421 (21789.6s) AMD Radeon AI PRO R9700 (RADV GFX1201)
tick 4720000 alive  1046075 genomes   48001 energy   194.1 births 48436665 deaths 48436617 (21792.2s) AMD Radeon AI PRO R9700 (RADV GFX1201)
tick 4721000 alive  1046099 genomes   48551 energy   194.0 births 48528482 deaths 48528458 (21794.8s) AMD Radeon AI PRO R9700 (RADV GFX1201)
tick 4722000 alive  1046098 genomes   48749 energy   193.9 births 48759568 deaths 48759569 (21797.4s) AMD Radeon AI PRO R9700 (RADV GFX1201)
tick 4723000 alive  1046091 genomes   49038 energy   193.9 births 48827048 deaths 48827055 (21800.1s) AMD Radeon AI PRO R9700 (RADV GFX1201)
tick 4724000 alive  1045990 genomes   49139 energy   193.8 births 48991638 deaths 48991739 (21802.7s) AMD Radeon AI PRO R9700 (RADV GFX1201)
tick 4725000 alive  1046072 genomes   47963 energy   194.1 births 48710972 deaths 48710890 (21805.5s) AMD Radeon AI PRO R9700 (RADV GFX1201)
tick 4726000 alive  1045980 genomes   49861 energy   193.1 births 49011444 deaths 49011536 (21808.2s) AMD Radeon AI PRO R9700 (RADV GFX1201)
tick 4727000 alive  1045944 genomes   50035 energy   193.4 births 49593022 deaths 49593058 (21811.2s) AMD Radeon AI PRO R9700 (RADV GFX1201)
tick 4728000 alive  1045985 genomes   48832 energy   193.7 births 49319170 deaths 49319129 (21814.2s) AMD Radeon AI PRO R9700 (RADV GFX1201)
tick 4729000 alive  1046074 genomes   49630 energy   193.1 births 49009661 deaths 49009572 (21817.1s) AMD Radeon AI PRO R9700 (RADV GFX1201)
tick 4730000 alive  1046052 genomes   48946 energy   194.4 births 48928352 deaths 48928374 (21820.2s) AMD Radeon AI PRO R9700 (RADV GFX1201)
tick 4731000 alive  1046123 genomes   48740 energy   194.6 births 48501232 deaths 48501161 (21823.4s) AMD Radeon AI PRO R9700 (RADV GFX1201)
tick 4732000 alive  1046009 genomes   49668 energy   193.9 births 48601106 deaths 48601220 (21826.2s) AMD Radeon AI PRO R9700 (RADV GFX1201)
tick 4733000 alive  1046096 genomes   49169 energy   194.2 births 48757242 deaths 48757155 (21828.9s) AMD Radeon AI PRO R9700 (RADV GFX1201)
tick 4734000 alive  1046042 genomes   48724 energy   194.0 births 48667053 deaths 48667107 (21831.4s) AMD Radeon AI PRO R9700 (RADV GFX1201)
tick 4735000 alive  1046062 genomes   47775 energy   194.9 births 48571833 deaths 48571813 (21834.1s) AMD Radeon AI PRO R9700 (RADV GFX1201)
tick 4736000 alive  1046143 genomes   48004 energy   194.9 births 47868776 deaths 47868695 (21836.7s) AMD Radeon AI PRO R9700 (RADV GFX1201)
tick 4737000 alive  1046032 genomes   48499 energy   194.5 births 48125705 deaths 48125816 (21839.3s) AMD Radeon AI PRO R9700 (RADV GFX1201)
tick 4738000 alive  1046078 genomes   49639 energy   194.2 births 48489683 deaths 48489637 (21841.9s) AMD Radeon AI PRO R9700 (RADV GFX1201)
tick 4739000 alive  1045918 genomes   48886 energy   194.3 births 48535745 deaths 48535905 (21844.5s) AMD Radeon AI PRO R9700 (RADV GFX1201)
tick 4740000 alive  1045980 genomes   48781 energy   194.8 births 48570906 deaths 48570844 (21847.0s) AMD Radeon AI PRO R9700 (RADV GFX1201)
tick 4741000 alive  1045966 genomes   49468 energy   193.8 births 48457396 deaths 48457410 (21849.8s) AMD Radeon AI PRO R9700 (RADV GFX1201)
tick 4742000 alive  1046083 genomes   50083 energy   193.9 births 48749281 deaths 48749164 (21852.5s) AMD Radeon AI PRO R9700 (RADV GFX1201)
tick 4743000 alive  1045995 genomes   49132 energy   194.2 births 48402998 deaths 48403086 (21855.2s) AMD Radeon AI PRO R9700 (RADV GFX1201)
tick 4744000 alive  1046007 genomes   49691 energy   193.9 births 48885704 deaths 48885692 (21857.8s) AMD Radeon AI PRO R9700 (RADV GFX1201)
tick 4745000 alive  1046045 genomes   48986 energy   194.8 births 48672907 deaths 48672869 (21860.4s) AMD Radeon AI PRO R9700 (RADV GFX1201)
tick 4746000 alive  1045886 genomes   49962 energy   194.2 births 48404814 deaths 48404973 (21863.0s) AMD Radeon AI PRO R9700 (RADV GFX1201)
tick 4747000 alive  1045998 genomes   48515 energy   195.1 births 48184494 deaths 48184382 (21865.6s) AMD Radeon AI PRO R9700 (RADV GFX1201)
tick 4748000 alive  1046132 genomes   48353 energy   195.1 births 47758110 deaths 47757976 (21868.2s) AMD Radeon AI PRO R9700 (RADV GFX1201)
tick 4749000 alive  1046107 genomes   47572 energy   195.3 births 47663703 deaths 47663728 (21870.9s) AMD Radeon AI PRO R9700 (RADV GFX1201)
tick 4750000 alive  1046020 genomes   49257 energy   194.3 births 48117758 deaths 48117845 (21873.5s) AMD Radeon AI PRO R9700 (RADV GFX1201)
tick 4751000 alive  1046072 genomes   49407 energy   194.4 births 48499087 deaths 48499035 (21876.1s) AMD Radeon AI PRO R9700 (RADV GFX1201)
tick 4752000 alive  1046021 genomes   49145 energy   194.2 births 48651265 deaths 48651316 (21878.7s) AMD Radeon AI PRO R9700 (RADV GFX1201)
tick 4753000 alive  1046089 genomes   49586 energy   193.6 births 48646071 deaths 48646003 (21881.2s) AMD Radeon AI PRO R9700 (RADV GFX1201)
tick 4754000 alive  1046103 genomes   48771 energy   194.7 births 48640609 deaths 48640595 (21883.8s) AMD Radeon AI PRO R9700 (RADV GFX1201)
tick 4755000 alive  1046041 genomes   48087 energy   194.8 births 48390985 deaths 48391047 (21886.3s) AMD Radeon AI PRO R9700 (RADV GFX1201)
tick 4756000 alive  1045918 genomes   48478 energy   194.9 births 48155994 deaths 48156117 (21888.9s) AMD Radeon AI PRO R9700 (RADV GFX1201)
tick 4757000 alive  1045991 genomes   48509 energy   194.7 births 48363213 deaths 48363140 (21891.5s) AMD Radeon AI PRO R9700 (RADV GFX1201)
tick 4758000 alive  1045965 genomes   49231 energy   193.9 births 48464153 deaths 48464179 (21894.1s) AMD Radeon AI PRO R9700 (RADV GFX1201)
tick 4759000 alive  1045991 genomes   50315 energy   193.2 births 49173389 deaths 49173363 (21896.7s) AMD Radeon AI PRO R9700 (RADV GFX1201)
tick 4760000 alive  1046067 genomes   50582 energy   192.6 births 49532031 deaths 49531955 (21899.3s) AMD Radeon AI PRO R9700 (RADV GFX1201)
tick 4761000 alive  1045988 genomes   50488 energy   193.0 births 49703057 deaths 49703136 (21901.9s) AMD Radeon AI PRO R9700 (RADV GFX1201)
tick 4762000 alive  1046125 genomes   49458 energy   193.8 births 49036863 deaths 49036726 (21904.5s) AMD Radeon AI PRO R9700 (RADV GFX1201)
tick 4763000 alive  1046091 genomes   50463 energy   193.5 births 49256783 deaths 49256817 (21907.2s) AMD Radeon AI PRO R9700 (RADV GFX1201)
tick 4764000 alive  1046005 genomes   50188 energy   193.8 births 48918176 deaths 48918262 (21909.8s) AMD Radeon AI PRO R9700 (RADV GFX1201)
tick 4765000 alive  1046064 genomes   50052 energy   194.0 births 49009108 deaths 49009049 (21912.4s) AMD Radeon AI PRO R9700 (RADV GFX1201)
tick 4766000 alive  1046002 genomes   49842 energy   194.0 births 48835957 deaths 48836019 (21914.9s) AMD Radeon AI PRO R9700 (RADV GFX1201)
tick 4767000 alive  1046010 genomes   49729 energy   193.8 births 49021779 deaths 49021771 (21917.5s) AMD Radeon AI PRO R9700 (RADV GFX1201)
tick 4768000 alive  1046061 genomes   49649 energy   193.9 births 49010705 deaths 49010654 (21920.1s) AMD Radeon AI PRO R9700 (RADV GFX1201)
tick 4769000 alive  1046011 genomes   48680 energy   194.2 births 48500209 deaths 48500259 (21922.7s) AMD Radeon AI PRO R9700 (RADV GFX1201)
tick 4770000 alive  1046124 genomes   49358 energy   194.1 births 48641462 deaths 48641349 (21925.3s) AMD Radeon AI PRO R9700 (RADV GFX1201)
tick 4771000 alive  1045998 genomes   48701 energy   195.0 births 48571029 deaths 48571155 (21928.0s) AMD Radeon AI PRO R9700 (RADV GFX1201)
tick 4772000 alive  1046041 genomes   48284 energy   194.8 births 48264030 deaths 48263987 (21930.7s) AMD Radeon AI PRO R9700 (RADV GFX1201)
tick 4773000 alive  1046012 genomes   49697 energy   193.5 births 48553646 deaths 48553675 (21933.3s) AMD Radeon AI PRO R9700 (RADV GFX1201)
tick 4774000 alive  1046002 genomes   50116 energy   193.7 births 49278867 deaths 49278877 (21935.9s) AMD Radeon AI PRO R9700 (RADV GFX1201)
tick 4775000 alive  1046106 genomes   49060 energy   193.8 births 48795481 deaths 48795377 (21938.5s) AMD Radeon AI PRO R9700 (RADV GFX1201)
tick 4776000 alive  1046032 genomes   48730 energy   194.4 births 48545557 deaths 48545631 (21941.1s) AMD Radeon AI PRO R9700 (RADV GFX1201)
tick 4777000 alive  1046055 genomes   49531 energy   194.1 births 48650129 deaths 48650106 (21943.7s) AMD Radeon AI PRO R9700 (RADV GFX1201)
tick 4778000 alive  1045964 genomes   49371 energy   193.7 births 48920082 deaths 48920173 (21946.3s) AMD Radeon AI PRO R9700 (RADV GFX1201)
tick 4779000 alive  1046031 genomes   49200 energy   194.1 births 48857331 deaths 48857264 (21948.9s) AMD Radeon AI PRO R9700 (RADV GFX1201)
tick 4780000 alive  1046097 genomes   48452 energy   195.1 births 48436820 deaths 48436754 (21951.5s) AMD Radeon AI PRO R9700 (RADV GFX1201)
tick 4781000 alive  1045967 genomes   49220 energy   194.3 births 48303246 deaths 48303376 (21954.1s) AMD Radeon AI PRO R9700 (RADV GFX1201)
tick 4782000 alive  1046043 genomes   49330 energy   193.9 births 48726029 deaths 48725953 (21956.6s) AMD Radeon AI PRO R9700 (RADV GFX1201)
tick 4783000 alive  1046069 genomes   50265 energy   193.7 births 49236010 deaths 49235984 (21959.2s) AMD Radeon AI PRO R9700 (RADV GFX1201)
tick 4784000 alive  1045947 genomes   50873 energy   192.9 births 49283311 deaths 49283433 (21961.9s) AMD Radeon AI PRO R9700 (RADV GFX1201)
tick 4785000 alive  1046061 genomes   50460 energy   193.8 births 49421944 deaths 49421830 (21964.5s) AMD Radeon AI PRO R9700 (RADV GFX1201)
tick 4786000 alive  1046043 genomes   49444 energy   193.9 births 48950916 deaths 48950934 (21967.2s) AMD Radeon AI PRO R9700 (RADV GFX1201)
tick 4787000 alive  1046078 genomes   48333 energy   194.5 births 48710859 deaths 48710824 (21969.8s) AMD Radeon AI PRO R9700 (RADV GFX1201)
tick 4788000 alive  1046153 genomes   48000 energy   195.1 births 48255187 deaths 48255112 (21972.4s) AMD Radeon AI PRO R9700 (RADV GFX1201)
tick 4789000 alive  1046051 genomes   48829 energy   194.3 births 48380879 deaths 48380981 (21975.0s) AMD Radeon AI PRO R9700 (RADV GFX1201)
tick 4790000 alive  1046046 genomes   49403 energy   194.6 births 48219028 deaths 48219033 (21977.6s) AMD Radeon AI PRO R9700 (RADV GFX1201)
tick 4791000 alive  1046088 genomes   49260 energy   194.0 births 48704550 deaths 48704508 (21980.2s) AMD Radeon AI PRO R9700 (RADV GFX1201)
tick 4792000 alive  1046087 genomes   48433 energy   194.8 births 48307807 deaths 48307808 (21983.1s) AMD Radeon AI PRO R9700 (RADV GFX1201)
tick 4793000 alive  1046015 genomes   49147 energy   194.4 births 48428301 deaths 48428373 (21985.6s) AMD Radeon AI PRO R9700 (RADV GFX1201)
tick 4794000 alive  1046058 genomes   48462 energy   194.9 births 48206403 deaths 48206360 (21988.2s) AMD Radeon AI PRO R9700 (RADV GFX1201)
tick 4795000 alive  1046041 genomes   49305 energy   194.3 births 48178594 deaths 48178611 (21990.7s) AMD Radeon AI PRO R9700 (RADV GFX1201)
tick 4796000 alive  1045998 genomes   48987 energy   194.6 births 48683560 deaths 48683603 (21993.7s) AMD Radeon AI PRO R9700 (RADV GFX1201)
tick 4797000 alive  1045910 genomes   49174 energy   193.9 births 48636246 deaths 48636334 (21996.3s) AMD Radeon AI PRO R9700 (RADV GFX1201)
tick 4798000 alive  1046007 genomes   48537 energy   194.7 births 48454227 deaths 48454130 (21998.9s) AMD Radeon AI PRO R9700 (RADV GFX1201)
tick 4799000 alive  1045988 genomes   49855 energy   193.8 births 48537412 deaths 48537431 (22001.6s) AMD Radeon AI PRO R9700 (RADV GFX1201)
tick 4800000 alive  1046032 genomes   48411 energy   194.9 births 48452166 deaths 48452122 (22004.4s) AMD Radeon AI PRO R9700 (RADV GFX1201)
tick 4801000 alive  1045963 genomes   49421 energy   193.9 births 48553644 deaths 48553713 (22007.0s) AMD Radeon AI PRO R9700 (RADV GFX1201)
tick 4802000 alive  1046025 genomes   48875 energy   194.5 births 48713484 deaths 48713422 (22009.6s) AMD Radeon AI PRO R9700 (RADV GFX1201)
tick 4803000 alive  1046062 genomes   48849 energy   194.6 births 48322569 deaths 48322532 (22012.2s) AMD Radeon AI PRO R9700 (RADV GFX1201)
tick 4804000 alive  1046101 genomes   48802 energy   194.6 births 48545132 deaths 48545093 (22014.8s) AMD Radeon AI PRO R9700 (RADV GFX1201)
tick 4805000 alive  1046113 genomes   49131 energy   194.3 births 48785490 deaths 48785478 (22017.4s) AMD Radeon AI PRO R9700 (RADV GFX1201)
tick 4806000 alive  1046028 genomes   49071 energy   194.7 births 48496736 deaths 48496821 (22020.0s) AMD Radeon AI PRO R9700 (RADV GFX1201)
tick 4807000 alive  1046107 genomes   47556 energy   194.7 births 48400274 deaths 48400195 (22022.6s) AMD Radeon AI PRO R9700 (RADV GFX1201)
tick 4808000 alive  1046143 genomes   49099 energy   193.7 births 48699359 deaths 48699323 (22025.2s) AMD Radeon AI PRO R9700 (RADV GFX1201)
tick 4809000 alive  1046012 genomes   49421 energy   194.3 births 48824512 deaths 48824643 (22027.7s) AMD Radeon AI PRO R9700 (RADV GFX1201)
tick 4810000 alive  1046071 genomes   50133 energy   193.6 births 49050153 deaths 49050094 (22030.3s) AMD Radeon AI PRO R9700 (RADV GFX1201)
tick 4811000 alive  1046056 genomes   49066 energy   194.3 births 48598751 deaths 48598766 (22032.9s) AMD Radeon AI PRO R9700 (RADV GFX1201)
tick 4812000 alive  1046090 genomes   48817 energy   194.5 births 48381426 deaths 48381392 (22035.5s) AMD Radeon AI PRO R9700 (RADV GFX1201)
tick 4813000 alive  1046093 genomes   49039 energy   194.7 births 48379940 deaths 48379937 (22038.1s) AMD Radeon AI PRO R9700 (RADV GFX1201)
tick 4814000 alive  1046060 genomes   50105 energy   193.6 births 48635487 deaths 48635520 (22040.6s) AMD Radeon AI PRO R9700 (RADV GFX1201)
tick 4815000 alive  1046011 genomes   50777 energy   193.3 births 49273004 deaths 49273053 (22043.3s) AMD Radeon AI PRO R9700 (RADV GFX1201)
tick 4816000 alive  1046075 genomes   50689 energy   193.5 births 49111416 deaths 49111352 (22045.8s) AMD Radeon AI PRO R9700 (RADV GFX1201)
tick 4817000 alive  1046078 genomes   49993 energy   193.9 births 49096570 deaths 49096567 (22048.4s) AMD Radeon AI PRO R9700 (RADV GFX1201)
tick 4818000 alive  1046102 genomes   50273 energy   193.5 births 48899934 deaths 48899910 (22051.0s) AMD Radeon AI PRO R9700 (RADV GFX1201)
tick 4819000 alive  1046018 genomes   51160 energy   193.4 births 49458797 deaths 49458881 (22053.6s) AMD Radeon AI PRO R9700 (RADV GFX1201)
tick 4820000 alive  1045977 genomes   49704 energy   194.2 births 49001754 deaths 49001795 (22056.3s) AMD Radeon AI PRO R9700 (RADV GFX1201)
tick 4821000 alive  1046009 genomes   47351 energy   195.6 births 48288102 deaths 48288070 (22059.2s) AMD Radeon AI PRO R9700 (RADV GFX1201)
tick 4822000 alive  1046019 genomes   49122 energy   195.1 births 47702492 deaths 47702482 (22061.9s) AMD Radeon AI PRO R9700 (RADV GFX1201)
tick 4823000 alive  1046127 genomes   48366 energy   195.3 births 47822192 deaths 47822084 (22064.5s) AMD Radeon AI PRO R9700 (RADV GFX1201)
tick 4824000 alive  1046082 genomes   49103 energy   194.5 births 48406979 deaths 48407024 (22067.0s) AMD Radeon AI PRO R9700 (RADV GFX1201)
tick 4825000 alive  1046069 genomes   49421 energy   194.3 births 48447319 deaths 48447332 (22069.6s) AMD Radeon AI PRO R9700 (RADV GFX1201)
tick 4826000 alive  1046034 genomes   51383 energy   193.7 births 49039808 deaths 49039843 (22072.2s) AMD Radeon AI PRO R9700 (RADV GFX1201)
tick 4827000 alive  1046060 genomes   50071 energy   194.2 births 49044764 deaths 49044738 (22075.1s) AMD Radeon AI PRO R9700 (RADV GFX1201)
tick 4828000 alive  1045976 genomes   49448 energy   194.4 births 48748318 deaths 48748402 (22077.8s) AMD Radeon AI PRO R9700 (RADV GFX1201)
tick 4829000 alive  1046094 genomes   49404 energy   194.5 births 48180721 deaths 48180603 (22080.4s) AMD Radeon AI PRO R9700 (RADV GFX1201)
tick 4830000 alive  1046050 genomes   48608 energy   195.1 births 48156530 deaths 48156574 (22082.9s) AMD Radeon AI PRO R9700 (RADV GFX1201)
tick 4831000 alive  1046081 genomes   48881 energy   194.6 births 48113230 deaths 48113199 (22085.5s) AMD Radeon AI PRO R9700 (RADV GFX1201)
tick 4832000 alive  1046052 genomes   49653 energy   194.3 births 48329344 deaths 48329373 (22088.1s) AMD Radeon AI PRO R9700 (RADV GFX1201)
tick 4833000 alive  1045960 genomes   48750 energy   194.8 births 48211521 deaths 48211613 (22090.6s) AMD Radeon AI PRO R9700 (RADV GFX1201)
tick 4834000 alive  1046089 genomes   49009 energy   194.5 births 48273168 deaths 48273039 (22093.2s) AMD Radeon AI PRO R9700 (RADV GFX1201)
tick 4835000 alive  1046047 genomes   49298 energy   194.1 births 48374984 deaths 48375026 (22095.9s) AMD Radeon AI PRO R9700 (RADV GFX1201)
tick 4836000 alive  1045966 genomes   50010 energy   193.5 births 49029261 deaths 49029342 (22098.6s) AMD Radeon AI PRO R9700 (RADV GFX1201)
tick 4837000 alive  1046004 genomes   49191 energy   194.2 births 48814500 deaths 48814462 (22101.3s) AMD Radeon AI PRO R9700 (RADV GFX1201)
tick 4838000 alive  1046072 genomes   49522 energy   194.1 births 48587621 deaths 48587553 (22103.9s) AMD Radeon AI PRO R9700 (RADV GFX1201)
tick 4839000 alive  1046081 genomes   49384 energy   194.3 births 48408853 deaths 48408844 (22106.4s) AMD Radeon AI PRO R9700 (RADV GFX1201)
tick 4840000 alive  1046106 genomes   48566 energy   194.7 births 48356906 deaths 48356881 (22109.0s) AMD Radeon AI PRO R9700 (RADV GFX1201)
tick 4841000 alive  1046009 genomes   48630 energy   194.6 births 48362281 deaths 48362378 (22111.6s) AMD Radeon AI PRO R9700 (RADV GFX1201)
tick 4842000 alive  1046060 genomes   48482 energy   194.6 births 48098664 deaths 48098613 (22114.2s) AMD Radeon AI PRO R9700 (RADV GFX1201)
tick 4843000 alive  1046036 genomes   48108 energy   194.9 births 48032104 deaths 48032128 (22116.8s) AMD Radeon AI PRO R9700 (RADV GFX1201)
tick 4844000 alive  1046053 genomes   48360 energy   195.0 births 47889776 deaths 47889759 (22119.4s) AMD Radeon AI PRO R9700 (RADV GFX1201)
tick 4845000 alive  1046019 genomes   48781 energy   194.9 births 47988858 deaths 47988892 (22122.0s) AMD Radeon AI PRO R9700 (RADV GFX1201)
tick 4846000 alive  1046096 genomes   49992 energy   194.3 births 48160842 deaths 48160765 (22124.6s) AMD Radeon AI PRO R9700 (RADV GFX1201)
tick 4847000 alive  1046029 genomes   51630 energy   193.0 births 49260966 deaths 49261033 (22127.2s) AMD Radeon AI PRO R9700 (RADV GFX1201)
tick 4848000 alive  1045939 genomes   50401 energy   193.9 births 49349055 deaths 49349145 (22129.7s) AMD Radeon AI PRO R9700 (RADV GFX1201)
tick 4849000 alive  1045994 genomes   49281 energy   194.2 births 48843009 deaths 48842954 (22132.3s) AMD Radeon AI PRO R9700 (RADV GFX1201)
tick 4850000 alive  1046078 genomes   48909 energy   194.3 births 48473009 deaths 48472925 (22134.9s) AMD Radeon AI PRO R9700 (RADV GFX1201)
tick 4851000 alive  1046092 genomes   49603 energy   194.4 births 48671790 deaths 48671776 (22137.8s) AMD Radeon AI PRO R9700 (RADV GFX1201)
tick 4852000 alive  1046132 genomes   49438 energy   194.0 births 48765689 deaths 48765649 (22140.5s) AMD Radeon AI PRO R9700 (RADV GFX1201)
tick 4853000 alive  1046049 genomes   48508 energy   194.2 births 48421256 deaths 48421339 (22143.0s) AMD Radeon AI PRO R9700 (RADV GFX1201)
tick 4854000 alive  1045991 genomes   49298 energy   193.9 births 48934317 deaths 48934375 (22145.6s) AMD Radeon AI PRO R9700 (RADV GFX1201)
tick 4855000 alive  1046088 genomes   48051 energy   194.5 births 48408503 deaths 48408406 (22148.3s) AMD Radeon AI PRO R9700 (RADV GFX1201)
tick 4856000 alive  1045961 genomes   48942 energy   194.5 births 48536315 deaths 48536442 (22150.9s) AMD Radeon AI PRO R9700 (RADV GFX1201)
tick 4857000 alive  1046105 genomes   49069 energy   194.3 births 48255799 deaths 48255655 (22153.6s) AMD Radeon AI PRO R9700 (RADV GFX1201)
tick 4858000 alive  1046083 genomes   48049 energy   194.9 births 48451349 deaths 48451371 (22156.3s) AMD Radeon AI PRO R9700 (RADV GFX1201)
tick 4859000 alive  1046021 genomes   48284 energy   194.8 births 48370291 deaths 48370353 (22158.9s) AMD Radeon AI PRO R9700 (RADV GFX1201)
tick 4860000 alive  1046055 genomes   47928 energy   195.2 births 47960717 deaths 47960683 (22161.5s) AMD Radeon AI PRO R9700 (RADV GFX1201)
tick 4861000 alive  1045981 genomes   49242 energy   194.2 births 48310924 deaths 48310998 (22164.1s) AMD Radeon AI PRO R9700 (RADV GFX1201)
tick 4862000 alive  1045990 genomes   49636 energy   194.0 births 48659051 deaths 48659042 (22166.8s) AMD Radeon AI PRO R9700 (RADV GFX1201)
tick 4863000 alive  1046035 genomes   50392 energy   193.0 births 49219495 deaths 49219450 (22169.4s) AMD Radeon AI PRO R9700 (RADV GFX1201)
tick 4864000 alive  1045990 genomes   50787 energy   193.0 births 49468252 deaths 49468297 (22172.0s) AMD Radeon AI PRO R9700 (RADV GFX1201)
tick 4865000 alive  1046107 genomes   50529 energy   193.3 births 49569975 deaths 49569858 (22174.6s) AMD Radeon AI PRO R9700 (RADV GFX1201)
tick 4866000 alive  1046005 genomes   48906 energy   194.8 births 48723466 deaths 48723568 (22177.2s) AMD Radeon AI PRO R9700 (RADV GFX1201)
tick 4867000 alive  1045978 genomes   47897 energy   195.5 births 47841958 deaths 47841985 (22179.8s) AMD Radeon AI PRO R9700 (RADV GFX1201)
tick 4868000 alive  1046079 genomes   49296 energy   194.3 births 48485206 deaths 48485105 (22182.4s) AMD Radeon AI PRO R9700 (RADV GFX1201)
tick 4869000 alive  1046019 genomes   50693 energy   193.6 births 48884989 deaths 48885049 (22184.9s) AMD Radeon AI PRO R9700 (RADV GFX1201)
tick 4870000 alive  1045969 genomes   49975 energy   193.7 births 49050011 deaths 49050061 (22187.5s) AMD Radeon AI PRO R9700 (RADV GFX1201)
tick 4871000 alive  1046080 genomes   49031 energy   194.2 births 48839656 deaths 48839545 (22190.2s) AMD Radeon AI PRO R9700 (RADV GFX1201)
tick 4872000 alive  1046073 genomes   49067 energy   194.3 births 48708506 deaths 48708513 (22193.1s) AMD Radeon AI PRO R9700 (RADV GFX1201)
tick 4873000 alive  1046036 genomes   49701 energy   193.5 births 48682998 deaths 48683035 (22195.7s) AMD Radeon AI PRO R9700 (RADV GFX1201)
tick 4874000 alive  1046100 genomes   49711 energy   194.0 births 48800070 deaths 48800006 (22198.3s) AMD Radeon AI PRO R9700 (RADV GFX1201)
tick 4875000 alive  1046067 genomes   49265 energy   194.2 births 48625654 deaths 48625687 (22200.9s) AMD Radeon AI PRO R9700 (RADV GFX1201)
tick 4876000 alive  1046030 genomes   49121 energy   194.1 births 48746683 deaths 48746720 (22203.4s) AMD Radeon AI PRO R9700 (RADV GFX1201)
tick 4877000 alive  1046018 genomes   48723 energy   194.4 births 48497874 deaths 48497886 (22206.0s) AMD Radeon AI PRO R9700 (RADV GFX1201)
tick 4878000 alive  1045992 genomes   49304 energy   193.7 births 48751351 deaths 48751377 (22208.6s) AMD Radeon AI PRO R9700 (RADV GFX1201)
tick 4879000 alive  1046046 genomes   49108 energy   193.9 births 48875452 deaths 48875398 (22211.2s) AMD Radeon AI PRO R9700 (RADV GFX1201)
tick 4880000 alive  1046156 genomes   48372 energy   194.8 births 48494750 deaths 48494640 (22213.8s) AMD Radeon AI PRO R9700 (RADV GFX1201)
tick 4881000 alive  1046048 genomes   47691 energy   195.0 births 48084218 deaths 48084326 (22216.4s) AMD Radeon AI PRO R9700 (RADV GFX1201)
tick 4882000 alive  1046040 genomes   47994 energy   194.9 births 48006662 deaths 48006670 (22218.9s) AMD Radeon AI PRO R9700 (RADV GFX1201)
tick 4883000 alive  1046104 genomes   47825 energy   195.2 births 47982367 deaths 47982303 (22221.5s) AMD Radeon AI PRO R9700 (RADV GFX1201)
tick 4884000 alive  1045974 genomes   46994 energy   195.8 births 47559224 deaths 47559354 (22224.2s) AMD Radeon AI PRO R9700 (RADV GFX1201)
tick 4885000 alive  1046104 genomes   46987 energy   195.9 births 47421197 deaths 47421067 (22226.8s) AMD Radeon AI PRO R9700 (RADV GFX1201)
tick 4886000 alive  1046042 genomes   47788 energy   195.6 births 47312377 deaths 47312439 (22229.4s) AMD Radeon AI PRO R9700 (RADV GFX1201)
tick 4887000 alive  1046005 genomes   48625 energy   194.6 births 47694656 deaths 47694693 (22232.0s) AMD Radeon AI PRO R9700 (RADV GFX1201)
tick 4888000 alive  1046079 genomes   47936 energy   195.4 births 47754213 deaths 47754139 (22234.6s) AMD Radeon AI PRO R9700 (RADV GFX1201)
tick 4889000 alive  1046018 genomes   48389 energy   194.9 births 47895099 deaths 47895160 (22237.2s) AMD Radeon AI PRO R9700 (RADV GFX1201)
tick 4890000 alive  1045954 genomes   48049 energy   194.8 births 47761772 deaths 47761836 (22239.8s) AMD Radeon AI PRO R9700 (RADV GFX1201)
tick 4891000 alive  1046000 genomes   49034 energy   194.3 births 48260598 deaths 48260552 (22242.4s) AMD Radeon AI PRO R9700 (RADV GFX1201)
tick 4892000 alive  1046012 genomes   48481 energy   194.6 births 48690678 deaths 48690666 (22245.0s) AMD Radeon AI PRO R9700 (RADV GFX1201)
tick 4893000 alive  1046060 genomes   47219 energy   195.2 births 47992817 deaths 47992769 (22247.6s) AMD Radeon AI PRO R9700 (RADV GFX1201)
tick 4894000 alive  1046069 genomes   46600 energy   195.7 births 47633081 deaths 47633072 (22250.2s) AMD Radeon AI PRO R9700 (RADV GFX1201)
tick 4895000 alive  1045968 genomes   47456 energy   195.1 births 47629105 deaths 47629206 (22252.8s) AMD Radeon AI PRO R9700 (RADV GFX1201)
tick 4896000 alive  1046102 genomes   47876 energy   195.1 births 48098022 deaths 48097888 (22255.5s) AMD Radeon AI PRO R9700 (RADV GFX1201)
tick 4897000 alive  1046037 genomes   47221 energy   195.3 births 47832394 deaths 47832459 (22258.2s) AMD Radeon AI PRO R9700 (RADV GFX1201)
tick 4898000 alive  1046059 genomes   49456 energy   193.7 births 48371468 deaths 48371446 (22260.8s) AMD Radeon AI PRO R9700 (RADV GFX1201)
tick 4899000 alive  1045993 genomes   49717 energy   193.8 births 48919456 deaths 48919522 (22263.4s) AMD Radeon AI PRO R9700 (RADV GFX1201)
tick 4900000 alive  1045963 genomes   49468 energy   194.1 births 49001051 deaths 49001081 (22265.9s) AMD Radeon AI PRO R9700 (RADV GFX1201)
tick 4901000 alive  1046114 genomes   49462 energy   193.8 births 48949128 deaths 48948977 (22268.6s) AMD Radeon AI PRO R9700 (RADV GFX1201)
tick 4902000 alive  1046011 genomes   49949 energy   193.5 births 49089754 deaths 49089857 (22271.4s) AMD Radeon AI PRO R9700 (RADV GFX1201)
tick 4903000 alive  1045975 genomes   50149 energy   193.6 births 48992299 deaths 48992335 (22274.0s) AMD Radeon AI PRO R9700 (RADV GFX1201)
tick 4904000 alive  1046011 genomes   49820 energy   193.8 births 49292213 deaths 49292177 (22276.6s) AMD Radeon AI PRO R9700 (RADV GFX1201)
tick 4905000 alive  1046010 genomes   49956 energy   193.9 births 49089326 deaths 49089327 (22279.2s) AMD Radeon AI PRO R9700 (RADV GFX1201)
tick 4906000 alive  1046102 genomes   49256 energy   194.3 births 48716474 deaths 48716382 (22281.8s) AMD Radeon AI PRO R9700 (RADV GFX1201)
tick 4907000 alive  1045986 genomes   49531 energy   194.2 births 48629668 deaths 48629784 (22284.3s) AMD Radeon AI PRO R9700 (RADV GFX1201)
tick 4908000 alive  1046017 genomes   48605 energy   195.0 births 48440578 deaths 48440547 (22286.9s) AMD Radeon AI PRO R9700 (RADV GFX1201)
tick 4909000 alive  1046047 genomes   48713 energy   194.4 births 48505697 deaths 48505667 (22289.6s) AMD Radeon AI PRO R9700 (RADV GFX1201)
tick 4910000 alive  1046059 genomes   50063 energy   193.7 births 48532503 deaths 48532491 (22292.2s) AMD Radeon AI PRO R9700 (RADV GFX1201)
tick 4911000 alive  1046022 genomes   49998 energy   194.0 births 48784606 deaths 48784643 (22294.8s) AMD Radeon AI PRO R9700 (RADV GFX1201)
tick 4912000 alive  1046011 genomes   50035 energy   194.0 births 48491808 deaths 48491819 (22297.4s) AMD Radeon AI PRO R9700 (RADV GFX1201)
tick 4913000 alive  1046051 genomes   49731 energy   194.0 births 48840701 deaths 48840661 (22299.9s) AMD Radeon AI PRO R9700 (RADV GFX1201)
tick 4914000 alive  1046073 genomes   50022 energy   193.8 births 48703784 deaths 48703762 (22302.4s) AMD Radeon AI PRO R9700 (RADV GFX1201)
tick 4915000 alive  1046035 genomes   49632 energy   194.0 births 48967758 deaths 48967796 (22305.0s) AMD Radeon AI PRO R9700 (RADV GFX1201)
tick 4916000 alive  1046088 genomes   50351 energy   193.7 births 48906346 deaths 48906293 (22307.6s) AMD Radeon AI PRO R9700 (RADV GFX1201)
tick 4917000 alive  1046014 genomes   51247 energy   193.5 births 49218033 deaths 49218107 (22310.2s) AMD Radeon AI PRO R9700 (RADV GFX1201)
tick 4918000 alive  1046013 genomes   51955 energy   192.9 births 49533519 deaths 49533520 (22312.8s) AMD Radeon AI PRO R9700 (RADV GFX1201)
tick 4919000 alive  1045945 genomes   50994 energy   193.0 births 49453847 deaths 49453915 (22315.4s) AMD Radeon AI PRO R9700 (RADV GFX1201)
tick 4920000 alive  1046060 genomes   50682 energy   193.8 births 49211415 deaths 49211300 (22318.0s) AMD Radeon AI PRO R9700 (RADV GFX1201)
tick 4921000 alive  1045992 genomes   50140 energy   194.1 births 48821432 deaths 48821500 (22320.9s) AMD Radeon AI PRO R9700 (RADV GFX1201)
tick 4922000 alive  1046064 genomes   50500 energy   194.0 births 48640142 deaths 48640070 (22323.5s) AMD Radeon AI PRO R9700 (RADV GFX1201)
tick 4923000 alive  1045929 genomes   51263 energy   193.1 births 49333687 deaths 49333822 (22326.2s) AMD Radeon AI PRO R9700 (RADV GFX1201)
tick 4924000 alive  1045976 genomes   51055 energy   193.2 births 49474004 deaths 49473957 (22328.8s) AMD Radeon AI PRO R9700 (RADV GFX1201)
tick 4925000 alive  1046139 genomes   52102 energy   193.3 births 49919695 deaths 49919532 (22331.4s) AMD Radeon AI PRO R9700 (RADV GFX1201)
tick 4926000 alive  1046054 genomes   51433 energy   193.3 births 49216398 deaths 49216483 (22334.0s) AMD Radeon AI PRO R9700 (RADV GFX1201)
tick 4927000 alive  1046054 genomes   52471 energy   193.0 births 49626389 deaths 49626389 (22336.6s) AMD Radeon AI PRO R9700 (RADV GFX1201)
tick 4928000 alive  1046100 genomes   51867 energy   193.3 births 49452175 deaths 49452129 (22339.2s) AMD Radeon AI PRO R9700 (RADV GFX1201)
tick 4929000 alive  1046023 genomes   50759 energy   194.0 births 49062834 deaths 49062911 (22341.8s) AMD Radeon AI PRO R9700 (RADV GFX1201)
tick 4930000 alive  1046084 genomes   50808 energy   194.1 births 48653808 deaths 48653747 (22344.4s) AMD Radeon AI PRO R9700 (RADV GFX1201)
tick 4931000 alive  1046016 genomes   50527 energy   194.0 births 48843457 deaths 48843525 (22347.0s) AMD Radeon AI PRO R9700 (RADV GFX1201)
tick 4932000 alive  1046029 genomes   49876 energy   194.9 births 48330000 deaths 48329987 (22349.6s) AMD Radeon AI PRO R9700 (RADV GFX1201)
tick 4933000 alive  1046093 genomes   49746 energy   194.9 births 48153976 deaths 48153912 (22352.1s) AMD Radeon AI PRO R9700 (RADV GFX1201)
tick 4934000 alive  1046058 genomes   51504 energy   193.6 births 48755269 deaths 48755304 (22354.7s) AMD Radeon AI PRO R9700 (RADV GFX1201)
tick 4935000 alive  1046004 genomes   51107 energy   193.9 births 49186994 deaths 49187048 (22357.3s) AMD Radeon AI PRO R9700 (RADV GFX1201)
tick 4936000 alive  1046112 genomes   52036 energy   193.1 births 49486635 deaths 49486527 (22359.9s) AMD Radeon AI PRO R9700 (RADV GFX1201)
tick 4937000 alive  1046040 genomes   50485 energy   193.8 births 49160988 deaths 49161060 (22362.5s) AMD Radeon AI PRO R9700 (RADV GFX1201)
tick 4938000 alive  1045899 genomes   50883 energy   193.7 births 48911827 deaths 48911968 (22365.1s) AMD Radeon AI PRO R9700 (RADV GFX1201)
tick 4939000 alive  1045991 genomes   50501 energy   193.9 births 48983566 deaths 48983474 (22367.6s) AMD Radeon AI PRO R9700 (RADV GFX1201)
tick 4940000 alive  1045976 genomes   50719 energy   193.3 births 49123830 deaths 49123845 (22370.2s) AMD Radeon AI PRO R9700 (RADV GFX1201)
tick 4941000 alive  1046076 genomes   51846 energy   193.2 births 49420943 deaths 49420843 (22372.8s) AMD Radeon AI PRO R9700 (RADV GFX1201)
tick 4942000 alive  1045991 genomes   51976 energy   192.7 births 49744951 deaths 49745036 (22375.4s) AMD Radeon AI PRO R9700 (RADV GFX1201)
tick 4943000 alive  1046043 genomes   50994 energy   193.7 births 49478817 deaths 49478765 (22377.9s) AMD Radeon AI PRO R9700 (RADV GFX1201)
tick 4944000 alive  1046014 genomes   49395 energy   194.4 births 48691641 deaths 48691670 (22380.5s) AMD Radeon AI PRO R9700 (RADV GFX1201)
tick 4945000 alive  1046062 genomes   51090 energy   193.6 births 48828486 deaths 48828438 (22383.2s) AMD Radeon AI PRO R9700 (RADV GFX1201)
tick 4946000 alive  1046048 genomes   50951 energy   193.8 births 49030483 deaths 49030497 (22385.9s) AMD Radeon AI PRO R9700 (RADV GFX1201)
tick 4947000 alive  1046077 genomes   51448 energy   193.3 births 49219405 deaths 49219376 (22388.4s) AMD Radeon AI PRO R9700 (RADV GFX1201)
tick 4948000 alive  1046071 genomes   51141 energy   193.2 births 49522024 deaths 49522030 (22391.1s) AMD Radeon AI PRO R9700 (RADV GFX1201)
tick 4949000 alive  1046012 genomes   51708 energy   192.7 births 49529517 deaths 49529576 (22393.7s) AMD Radeon AI PRO R9700 (RADV GFX1201)
tick 4950000 alive  1045979 genomes   52423 energy   193.0 births 50031858 deaths 50031891 (22396.3s) AMD Radeon AI PRO R9700 (RADV GFX1201)
tick 4951000 alive  1046009 genomes   49933 energy   194.0 births 49264048 deaths 49264018 (22399.0s) AMD Radeon AI PRO R9700 (RADV GFX1201)
tick 4952000 alive  1046045 genomes   50625 energy   193.5 births 49043894 deaths 49043858 (22401.6s) AMD Radeon AI PRO R9700 (RADV GFX1201)
tick 4953000 alive  1046077 genomes   49918 energy   193.8 births 49035064 deaths 49035032 (22404.2s) AMD Radeon AI PRO R9700 (RADV GFX1201)
tick 4954000 alive  1045991 genomes   51163 energy   193.4 births 49093803 deaths 49093889 (22406.8s) AMD Radeon AI PRO R9700 (RADV GFX1201)
tick 4955000 alive  1045951 genomes   50864 energy   193.8 births 49331450 deaths 49331490 (22409.4s) AMD Radeon AI PRO R9700 (RADV GFX1201)
tick 4956000 alive  1045898 genomes   52005 energy   193.2 births 49167747 deaths 49167800 (22412.0s) AMD Radeon AI PRO R9700 (RADV GFX1201)
tick 4957000 alive  1046063 genomes   51387 energy   192.9 births 49810855 deaths 49810690 (22414.7s) AMD Radeon AI PRO R9700 (RADV GFX1201)
tick 4958000 alive  1045970 genomes   50713 energy   193.6 births 49354702 deaths 49354795 (22417.2s) AMD Radeon AI PRO R9700 (RADV GFX1201)
tick 4959000 alive  1045957 genomes   50649 energy   193.6 births 49118518 deaths 49118531 (22419.9s) AMD Radeon AI PRO R9700 (RADV GFX1201)
tick 4960000 alive  1046047 genomes   51418 energy   193.3 births 49370745 deaths 49370655 (22422.5s) AMD Radeon AI PRO R9700 (RADV GFX1201)
tick 4961000 alive  1046014 genomes   50860 energy   193.8 births 49281154 deaths 49281187 (22425.4s) AMD Radeon AI PRO R9700 (RADV GFX1201)
tick 4962000 alive  1046031 genomes   51195 energy   193.7 births 49102251 deaths 49102234 (22428.0s) AMD Radeon AI PRO R9700 (RADV GFX1201)
tick 4963000 alive  1046068 genomes   52089 energy   192.6 births 49643755 deaths 49643718 (22430.7s) AMD Radeon AI PRO R9700 (RADV GFX1201)
tick 4964000 alive  1045965 genomes   51390 energy   192.8 births 50189918 deaths 50190021 (22433.4s) AMD Radeon AI PRO R9700 (RADV GFX1201)
tick 4965000 alive  1046073 genomes   51527 energy   192.8 births 49308701 deaths 49308593 (22436.0s) AMD Radeon AI PRO R9700 (RADV GFX1201)
tick 4966000 alive  1045977 genomes   51629 energy   193.2 births 49500825 deaths 49500921 (22438.6s) AMD Radeon AI PRO R9700 (RADV GFX1201)
tick 4967000 alive  1046075 genomes   49724 energy   194.3 births 49210100 deaths 49210002 (22441.3s) AMD Radeon AI PRO R9700 (RADV GFX1201)
tick 4968000 alive  1045962 genomes   50476 energy   193.8 births 48711222 deaths 48711335 (22444.1s) AMD Radeon AI PRO R9700 (RADV GFX1201)
tick 4969000 alive  1046077 genomes   51271 energy   193.6 births 48953483 deaths 48953368 (22446.9s) AMD Radeon AI PRO R9700 (RADV GFX1201)
tick 4970000 alive  1046026 genomes   52151 energy   192.8 births 49448955 deaths 49449006 (22449.7s) AMD Radeon AI PRO R9700 (RADV GFX1201)
tick 4971000 alive  1046020 genomes   52739 energy   192.3 births 49854362 deaths 49854368 (22452.4s) AMD Radeon AI PRO R9700 (RADV GFX1201)
tick 4972000 alive  1046012 genomes   52772 energy   192.5 births 50528814 deaths 50528822 (22455.0s) AMD Radeon AI PRO R9700 (RADV GFX1201)
tick 4973000 alive  1045983 genomes   51515 energy   192.9 births 50059189 deaths 50059218 (22457.5s) AMD Radeon AI PRO R9700 (RADV GFX1201)
tick 4974000 alive  1046038 genomes   51227 energy   193.2 births 49788873 deaths 49788818 (22460.1s) AMD Radeon AI PRO R9700 (RADV GFX1201)
tick 4975000 alive  1045998 genomes   50278 energy   194.6 births 49029992 deaths 49030032 (22462.8s) AMD Radeon AI PRO R9700 (RADV GFX1201)
tick 4976000 alive  1046010 genomes   50317 energy   193.8 births 48771045 deaths 48771033 (22465.5s) AMD Radeon AI PRO R9700 (RADV GFX1201)
tick 4977000 alive  1046086 genomes   50294 energy   193.9 births 48884376 deaths 48884300 (22468.1s) AMD Radeon AI PRO R9700 (RADV GFX1201)
tick 4978000 alive  1046034 genomes   51047 energy   193.6 births 49062577 deaths 49062629 (22470.7s) AMD Radeon AI PRO R9700 (RADV GFX1201)
tick 4979000 alive  1046046 genomes   51641 energy   193.0 births 49494111 deaths 49494099 (22473.3s) AMD Radeon AI PRO R9700 (RADV GFX1201)
tick 4980000 alive  1046096 genomes   50900 energy   193.4 births 49208290 deaths 49208240 (22475.8s) AMD Radeon AI PRO R9700 (RADV GFX1201)
tick 4981000 alive  1046072 genomes   51507 energy   193.2 births 49214441 deaths 49214465 (22478.4s) AMD Radeon AI PRO R9700 (RADV GFX1201)
tick 4982000 alive  1046052 genomes   51370 energy   193.3 births 49493573 deaths 49493593 (22481.0s) AMD Radeon AI PRO R9700 (RADV GFX1201)
tick 4983000 alive  1046036 genomes   52019 energy   192.6 births 49575441 deaths 49575457 (22483.6s) AMD Radeon AI PRO R9700 (RADV GFX1201)
tick 4984000 alive  1045967 genomes   51579 energy   193.1 births 49685152 deaths 49685221 (22486.2s) AMD Radeon AI PRO R9700 (RADV GFX1201)
tick 4985000 alive  1045995 genomes   51390 energy   193.3 births 49504021 deaths 49503993 (22488.8s) AMD Radeon AI PRO R9700 (RADV GFX1201)
tick 4986000 alive  1046068 genomes   51554 energy   193.3 births 49516019 deaths 49515946 (22491.4s) AMD Radeon AI PRO R9700 (RADV GFX1201)
tick 4987000 alive  1046077 genomes   50038 energy   194.1 births 49103232 deaths 49103223 (22493.9s) AMD Radeon AI PRO R9700 (RADV GFX1201)
tick 4988000 alive  1046088 genomes   50615 energy   193.9 births 49071582 deaths 49071571 (22496.5s) AMD Radeon AI PRO R9700 (RADV GFX1201)
tick 4989000 alive  1046083 genomes   51496 energy   193.4 births 49187228 deaths 49187233 (22499.2s) AMD Radeon AI PRO R9700 (RADV GFX1201)
tick 4990000 alive  1045981 genomes   51096 energy   193.7 births 49251507 deaths 49251609 (22501.8s) AMD Radeon AI PRO R9700 (RADV GFX1201)
tick 4991000 alive  1045915 genomes   51324 energy   193.1 births 49244377 deaths 49244443 (22504.6s) AMD Radeon AI PRO R9700 (RADV GFX1201)
tick 4992000 alive  1046064 genomes   51456 energy   193.0 births 49664102 deaths 49663953 (22507.5s) AMD Radeon AI PRO R9700 (RADV GFX1201)
tick 4993000 alive  1046003 genomes   51619 energy   193.1 births 49504425 deaths 49504486 (22510.2s) AMD Radeon AI PRO R9700 (RADV GFX1201)
tick 4994000 alive  1046015 genomes   51076 energy   193.6 births 49611901 deaths 49611889 (22512.9s) AMD Radeon AI PRO R9700 (RADV GFX1201)
tick 4995000 alive  1046036 genomes   51450 energy   193.6 births 49225555 deaths 49225534 (22515.7s) AMD Radeon AI PRO R9700 (RADV GFX1201)
tick 4996000 alive  1046036 genomes   50761 energy   193.5 births 49138147 deaths 49138147 (22518.4s) AMD Radeon AI PRO R9700 (RADV GFX1201)
tick 4997000 alive  1046017 genomes   50934 energy   193.4 births 49096308 deaths 49096327 (22521.1s) AMD Radeon AI PRO R9700 (RADV GFX1201)
tick 4998000 alive  1046121 genomes   51668 energy   192.8 births 49786675 deaths 49786571 (22523.8s) AMD Radeon AI PRO R9700 (RADV GFX1201)
tick 4999000 alive  1046025 genomes   50917 energy   193.3 births 49709207 deaths 49709303 (22526.5s) AMD Radeon AI PRO R9700 (RADV GFX1201)
tick 5000000 alive  1046066 genomes   51308 energy   193.8 births 49169157 deaths 49169116 (22529.1s) AMD Radeon AI PRO R9700 (RADV GFX1201)
tick 5001000 alive  1046103 genomes   50493 energy   193.9 births 49008137 deaths 49008100 (22531.9s) AMD Radeon AI PRO R9700 (RADV GFX1201)
tick 5002000 alive  1045994 genomes   51239 energy   192.9 births 49147540 deaths 49147649 (22534.5s) AMD Radeon AI PRO R9700 (RADV GFX1201)
tick 5003000 alive  1046104 genomes   50274 energy   194.1 births 48945515 deaths 48945405 (22537.1s) AMD Radeon AI PRO R9700 (RADV GFX1201)
tick 5004000 alive  1045970 genomes   49933 energy   194.3 births 48641924 deaths 48642058 (22539.6s) AMD Radeon AI PRO R9700 (RADV GFX1201)
tick 5005000 alive  1046112 genomes   50112 energy   194.9 births 48368644 deaths 48368502 (22542.2s) AMD Radeon AI PRO R9700 (RADV GFX1201)
tick 5006000 alive  1045995 genomes   49410 energy   194.7 births 48052225 deaths 48052342 (22544.8s) AMD Radeon AI PRO R9700 (RADV GFX1201)
tick 5007000 alive  1045990 genomes   49982 energy   194.5 births 48201384 deaths 48201389 (22547.6s) AMD Radeon AI PRO R9700 (RADV GFX1201)
tick 5008000 alive  1046075 genomes   50299 energy   194.0 births 48610394 deaths 48610309 (22550.2s) AMD Radeon AI PRO R9700 (RADV GFX1201)
tick 5009000 alive  1046013 genomes   51996 energy   192.9 births 49270452 deaths 49270514 (22552.8s) AMD Radeon AI PRO R9700 (RADV GFX1201)
tick 5010000 alive  1046105 genomes   51540 energy   193.0 births 49894781 deaths 49894689 (22555.4s) AMD Radeon AI PRO R9700 (RADV GFX1201)
tick 5011000 alive  1046054 genomes   50800 energy   193.7 births 49257799 deaths 49257850 (22558.0s) AMD Radeon AI PRO R9700 (RADV GFX1201)
tick 5012000 alive  1046107 genomes   50941 energy   193.6 births 49026528 deaths 49026475 (22560.7s) AMD Radeon AI PRO R9700 (RADV GFX1201)
tick 5013000 alive  1046060 genomes   52082 energy   192.5 births 49478730 deaths 49478777 (22563.3s) AMD Radeon AI PRO R9700 (RADV GFX1201)
tick 5014000 alive  1046100 genomes   50330 energy   193.9 births 49536694 deaths 49536654 (22565.8s) AMD Radeon AI PRO R9700 (RADV GFX1201)
tick 5015000 alive  1046094 genomes   49223 energy   194.4 births 48415031 deaths 48415037 (22568.4s) AMD Radeon AI PRO R9700 (RADV GFX1201)
tick 5016000 alive  1046033 genomes   50128 energy   193.8 births 48636612 deaths 48636673 (22571.0s) AMD Radeon AI PRO R9700 (RADV GFX1201)
tick 5017000 alive  1046055 genomes   49496 energy   194.3 births 48737434 deaths 48737412 (22573.7s) AMD Radeon AI PRO R9700 (RADV GFX1201)
tick 5018000 alive  1045974 genomes   49924 energy   193.8 births 48513021 deaths 48513102 (22576.3s) AMD Radeon AI PRO R9700 (RADV GFX1201)
tick 5019000 alive  1046009 genomes   50698 energy   193.5 births 49027591 deaths 49027556 (22579.3s) AMD Radeon AI PRO R9700 (RADV GFX1201)
tick 5020000 alive  1046049 genomes   50283 energy   193.6 births 49116517 deaths 49116477 (22582.1s) AMD Radeon AI PRO R9700 (RADV GFX1201)
tick 5021000 alive  1046006 genomes   50586 energy   193.9 births 49060912 deaths 49060955 (22584.8s) AMD Radeon AI PRO R9700 (RADV GFX1201)
tick 5022000 alive  1045960 genomes   51178 energy   193.8 births 49154589 deaths 49154635 (22587.4s) AMD Radeon AI PRO R9700 (RADV GFX1201)
tick 5023000 alive  1046103 genomes   49963 energy   194.2 births 48876495 deaths 48876352 (22590.0s) AMD Radeon AI PRO R9700 (RADV GFX1201)
tick 5024000 alive  1045890 genomes   50255 energy   194.2 births 48617716 deaths 48617929 (22592.7s) AMD Radeon AI PRO R9700 (RADV GFX1201)
tick 5025000 alive  1046070 genomes   50257 energy   194.0 births 48539266 deaths 48539086 (22595.3s) AMD Radeon AI PRO R9700 (RADV GFX1201)
tick 5026000 alive  1045982 genomes   49522 energy   194.4 births 48352172 deaths 48352260 (22597.9s) AMD Radeon AI PRO R9700 (RADV GFX1201)
tick 5027000 alive  1046031 genomes   50470 energy   193.7 births 48761427 deaths 48761378 (22600.5s) AMD Radeon AI PRO R9700 (RADV GFX1201)
tick 5028000 alive  1045961 genomes   50764 energy   193.9 births 49233911 deaths 49233981 (22603.1s) AMD Radeon AI PRO R9700 (RADV GFX1201)
tick 5029000 alive  1045966 genomes   51028 energy   193.5 births 49156041 deaths 49156036 (22605.7s) AMD Radeon AI PRO R9700 (RADV GFX1201)
tick 5030000 alive  1046045 genomes   49480 energy   194.4 births 48948225 deaths 48948146 (22608.3s) AMD Radeon AI PRO R9700 (RADV GFX1201)
tick 5031000 alive  1046060 genomes   49695 energy   194.2 births 48685411 deaths 48685396 (22610.9s) AMD Radeon AI PRO R9700 (RADV GFX1201)
tick 5032000 alive  1045988 genomes   51129 energy   193.6 births 48850039 deaths 48850111 (22613.5s) AMD Radeon AI PRO R9700 (RADV GFX1201)
tick 5033000 alive  1046060 genomes   51864 energy   192.7 births 49510460 deaths 49510388 (22616.2s) AMD Radeon AI PRO R9700 (RADV GFX1201)
tick 5034000 alive  1045976 genomes   51429 energy   193.3 births 49574364 deaths 49574448 (22619.0s) AMD Radeon AI PRO R9700 (RADV GFX1201)
tick 5035000 alive  1046097 genomes   51161 energy   193.0 births 49414543 deaths 49414422 (22621.7s) AMD Radeon AI PRO R9700 (RADV GFX1201)
tick 5036000 alive  1046011 genomes   50844 energy   193.8 births 49168736 deaths 49168822 (22624.3s) AMD Radeon AI PRO R9700 (RADV GFX1201)
tick 5037000 alive  1046042 genomes   49791 energy   193.6 births 48730832 deaths 48730801 (22627.0s) AMD Radeon AI PRO R9700 (RADV GFX1201)
tick 5038000 alive  1045967 genomes   50407 energy   193.7 births 48730853 deaths 48730928 (22629.6s) AMD Radeon AI PRO R9700 (RADV GFX1201)
tick 5039000 alive  1045969 genomes   51290 energy   193.4 births 49094237 deaths 49094235 (22632.2s) AMD Radeon AI PRO R9700 (RADV GFX1201)
tick 5040000 alive  1046020 genomes   51750 energy   192.8 births 49654531 deaths 49654480 (22634.8s) AMD Radeon AI PRO R9700 (RADV GFX1201)
tick 5041000 alive  1045918 genomes   50718 energy   193.2 births 49699814 deaths 49699916 (22637.5s) AMD Radeon AI PRO R9700 (RADV GFX1201)
tick 5042000 alive  1046059 genomes   49864 energy   193.9 births 49045981 deaths 49045840 (22640.2s) AMD Radeon AI PRO R9700 (RADV GFX1201)
tick 5043000 alive  1046029 genomes   50591 energy   194.0 births 48805323 deaths 48805353 (22642.8s) AMD Radeon AI PRO R9700 (RADV GFX1201)
tick 5044000 alive  1046003 genomes   50219 energy   193.8 births 49026987 deaths 49027013 (22645.4s) AMD Radeon AI PRO R9700 (RADV GFX1201)
tick 5045000 alive  1046030 genomes   51026 energy   193.2 births 49337403 deaths 49337376 (22648.0s) AMD Radeon AI PRO R9700 (RADV GFX1201)
tick 5046000 alive  1045986 genomes   51408 energy   193.2 births 49267072 deaths 49267116 (22650.5s) AMD Radeon AI PRO R9700 (RADV GFX1201)
tick 5047000 alive  1046069 genomes   51092 energy   193.4 births 49313137 deaths 49313054 (22653.2s) AMD Radeon AI PRO R9700 (RADV GFX1201)
tick 5048000 alive  1046033 genomes   50672 energy   193.3 births 49259329 deaths 49259365 (22655.8s) AMD Radeon AI PRO R9700 (RADV GFX1201)
tick 5049000 alive  1046004 genomes   50335 energy   193.4 births 49359238 deaths 49359267 (22658.4s) AMD Radeon AI PRO R9700 (RADV GFX1201)
tick 5050000 alive  1046134 genomes   49824 energy   194.1 births 48943907 deaths 48943777 (22661.0s) AMD Radeon AI PRO R9700 (RADV GFX1201)
tick 5051000 alive  1046057 genomes   49240 energy   194.2 births 48912479 deaths 48912556 (22663.7s) AMD Radeon AI PRO R9700 (RADV GFX1201)
tick 5052000 alive  1046041 genomes   48876 energy   194.1 births 48385998 deaths 48386014 (22666.3s) AMD Radeon AI PRO R9700 (RADV GFX1201)
tick 5053000 alive  1046048 genomes   49286 energy   193.6 births 49065580 deaths 49065573 (22669.3s) AMD Radeon AI PRO R9700 (RADV GFX1201)
tick 5054000 alive  1045985 genomes   48885 energy   194.0 births 48647829 deaths 48647892 (22672.0s) AMD Radeon AI PRO R9700 (RADV GFX1201)
tick 5055000 alive  1046018 genomes   48438 energy   194.6 births 48666067 deaths 48666034 (22674.7s) AMD Radeon AI PRO R9700 (RADV GFX1201)
tick 5056000 alive  1046114 genomes   47827 energy   194.6 births 48274172 deaths 48274076 (22677.3s) AMD Radeon AI PRO R9700 (RADV GFX1201)
tick 5057000 alive  1045981 genomes   48348 energy   194.5 births 48168712 deaths 48168845 (22680.0s) AMD Radeon AI PRO R9700 (RADV GFX1201)
tick 5058000 alive  1046013 genomes   49987 energy   193.8 births 48729284 deaths 48729252 (22682.8s) AMD Radeon AI PRO R9700 (RADV GFX1201)
tick 5059000 alive  1045946 genomes   50526 energy   193.2 births 49069042 deaths 49069109 (22685.4s) AMD Radeon AI PRO R9700 (RADV GFX1201)
tick 5060000 alive  1046038 genomes   48995 energy   193.9 births 49156482 deaths 49156390 (22688.1s) AMD Radeon AI PRO R9700 (RADV GFX1201)
tick 5061000 alive  1045984 genomes   49157 energy   194.0 births 48749695 deaths 48749749 (22690.7s) AMD Radeon AI PRO R9700 (RADV GFX1201)
tick 5062000 alive  1045945 genomes   49030 energy   193.9 births 48678658 deaths 48678697 (22693.3s) AMD Radeon AI PRO R9700 (RADV GFX1201)
tick 5063000 alive  1046048 genomes   49781 energy   193.5 births 49021566 deaths 49021463 (22695.9s) AMD Radeon AI PRO R9700 (RADV GFX1201)
tick 5064000 alive  1046053 genomes   49665 energy   193.6 births 48975076 deaths 48975071 (22698.6s) AMD Radeon AI PRO R9700 (RADV GFX1201)
tick 5065000 alive  1046018 genomes   48811 energy   193.7 births 48937666 deaths 48937701 (22701.1s) AMD Radeon AI PRO R9700 (RADV GFX1201)
tick 5066000 alive  1046020 genomes   48983 energy   194.3 births 48971491 deaths 48971489 (22703.7s) AMD Radeon AI PRO R9700 (RADV GFX1201)
tick 5067000 alive  1046080 genomes   49341 energy   193.6 births 49004415 deaths 49004355 (22706.3s) AMD Radeon AI PRO R9700 (RADV GFX1201)
tick 5068000 alive  1046075 genomes   48498 energy   193.8 births 48888243 deaths 48888248 (22709.0s) AMD Radeon AI PRO R9700 (RADV GFX1201)
tick 5069000 alive  1045956 genomes   48891 energy   194.0 births 48714783 deaths 48714902 (22711.6s) AMD Radeon AI PRO R9700 (RADV GFX1201)
tick 5070000 alive  1046012 genomes   48088 energy   194.5 births 48448104 deaths 48448048 (22714.2s) AMD Radeon AI PRO R9700 (RADV GFX1201)
tick 5071000 alive  1046130 genomes   48570 energy   194.5 births 48469007 deaths 48468889 (22716.8s) AMD Radeon AI PRO R9700 (RADV GFX1201)
tick 5072000 alive  1046110 genomes   47710 energy   195.0 births 48274252 deaths 48274272 (22719.4s) AMD Radeon AI PRO R9700 (RADV GFX1201)
tick 5073000 alive  1046048 genomes   49963 energy   193.7 births 48626118 deaths 48626180 (22721.9s) AMD Radeon AI PRO R9700 (RADV GFX1201)
tick 5074000 alive  1046046 genomes   49515 energy   194.3 births 49012624 deaths 49012626 (22724.5s) AMD Radeon AI PRO R9700 (RADV GFX1201)
tick 5075000 alive  1045989 genomes   49099 energy   194.7 births 48347405 deaths 48347462 (22727.1s) AMD Radeon AI PRO R9700 (RADV GFX1201)
tick 5076000 alive  1046131 genomes   49196 energy   194.1 births 48839613 deaths 48839471 (22729.7s) AMD Radeon AI PRO R9700 (RADV GFX1201)
tick 5077000 alive  1045972 genomes   48128 energy   195.3 births 48333881 deaths 48334040 (22732.2s) AMD Radeon AI PRO R9700 (RADV GFX1201)
tick 5078000 alive  1046102 genomes   48388 energy   195.1 births 48156437 deaths 48156307 (22734.7s) AMD Radeon AI PRO R9700 (RADV GFX1201)
tick 5079000 alive  1045951 genomes   47859 energy   195.3 births 47882722 deaths 47882873 (22737.3s) AMD Radeon AI PRO R9700 (RADV GFX1201)
tick 5080000 alive  1046041 genomes   47953 energy   195.2 births 47971431 deaths 47971341 (22739.9s) AMD Radeon AI PRO R9700 (RADV GFX1201)
tick 5081000 alive  1045966 genomes   46923 energy   195.9 births 47647791 deaths 47647866 (22742.6s) AMD Radeon AI PRO R9700 (RADV GFX1201)
tick 5082000 alive  1046064 genomes   47990 energy   195.2 births 47378300 deaths 47378202 (22745.2s) AMD Radeon AI PRO R9700 (RADV GFX1201)
tick 5083000 alive  1046035 genomes   50424 energy   193.6 births 48510075 deaths 48510104 (22747.7s) AMD Radeon AI PRO R9700 (RADV GFX1201)
tick 5084000 alive  1046050 genomes   49241 energy   194.4 births 48881387 deaths 48881372 (22750.3s) AMD Radeon AI PRO R9700 (RADV GFX1201)
tick 5085000 alive  1046032 genomes   48508 energy   195.1 births 48263838 deaths 48263856 (22752.9s) AMD Radeon AI PRO R9700 (RADV GFX1201)
tick 5086000 alive  1046001 genomes   49235 energy   194.3 births 48204844 deaths 48204875 (22755.6s) AMD Radeon AI PRO R9700 (RADV GFX1201)
tick 5087000 alive  1046007 genomes   49585 energy   193.8 births 48820143 deaths 48820137 (22758.3s) AMD Radeon AI PRO R9700 (RADV GFX1201)
tick 5088000 alive  1046036 genomes   48743 energy   194.2 births 48676223 deaths 48676194 (22760.9s) AMD Radeon AI PRO R9700 (RADV GFX1201)
tick 5089000 alive  1046073 genomes   47513 energy   195.4 births 48117458 deaths 48117421 (22763.5s) AMD Radeon AI PRO R9700 (RADV GFX1201)
tick 5090000 alive  1045954 genomes   48683 energy   194.7 births 47836821 deaths 47836940 (22766.1s) AMD Radeon AI PRO R9700 (RADV GFX1201)
tick 5091000 alive  1045985 genomes   48090 energy   194.9 births 48254809 deaths 48254778 (22768.7s) AMD Radeon AI PRO R9700 (RADV GFX1201)
tick 5092000 alive  1046033 genomes   49578 energy   194.2 births 48262861 deaths 48262813 (22771.2s) AMD Radeon AI PRO R9700 (RADV GFX1201)
tick 5093000 alive  1046071 genomes   47725 energy   194.9 births 48186559 deaths 48186521 (22773.8s) AMD Radeon AI PRO R9700 (RADV GFX1201)
tick 5094000 alive  1046110 genomes   47293 energy   195.6 births 47568271 deaths 47568232 (22776.4s) AMD Radeon AI PRO R9700 (RADV GFX1201)
tick 5095000 alive  1045967 genomes   47983 energy   195.3 births 47714190 deaths 47714333 (22779.0s) AMD Radeon AI PRO R9700 (RADV GFX1201)
tick 5096000 alive  1046014 genomes   47179 energy   195.3 births 47831144 deaths 47831097 (22781.6s) AMD Radeon AI PRO R9700 (RADV GFX1201)
tick 5097000 alive  1046040 genomes   47907 energy   194.9 births 47956660 deaths 47956634 (22784.3s) AMD Radeon AI PRO R9700 (RADV GFX1201)
tick 5098000 alive  1045963 genomes   47395 energy   195.2 births 48047486 deaths 48047563 (22786.9s) AMD Radeon AI PRO R9700 (RADV GFX1201)
tick 5099000 alive  1046056 genomes   46255 energy   196.0 births 47587072 deaths 47586979 (22789.5s) AMD Radeon AI PRO R9700 (RADV GFX1201)
tick 5100000 alive  1045970 genomes   47276 energy   195.4 births 47372994 deaths 47373080 (22792.2s) AMD Radeon AI PRO R9700 (RADV GFX1201)
tick 5101000 alive  1046057 genomes   46164 energy   196.1 births 47356195 deaths 47356108 (22794.8s) AMD Radeon AI PRO R9700 (RADV GFX1201)
tick 5102000 alive  1046036 genomes   47552 energy   195.3 births 47369623 deaths 47369644 (22797.4s) AMD Radeon AI PRO R9700 (RADV GFX1201)
tick 5103000 alive  1046055 genomes   48931 energy   194.4 births 48205073 deaths 48205054 (22800.0s) AMD Radeon AI PRO R9700 (RADV GFX1201)
tick 5104000 alive  1046047 genomes   48488 energy   194.9 births 48142878 deaths 48142886 (22802.6s) AMD Radeon AI PRO R9700 (RADV GFX1201)
tick 5105000 alive  1046027 genomes   48502 energy   194.7 births 48089604 deaths 48089624 (22805.1s) AMD Radeon AI PRO R9700 (RADV GFX1201)
tick 5106000 alive  1045985 genomes   47998 energy   195.1 births 48109130 deaths 48109172 (22807.7s) AMD Radeon AI PRO R9700 (RADV GFX1201)
tick 5107000 alive  1046077 genomes   47497 energy   195.1 births 47881060 deaths 47880968 (22810.3s) AMD Radeon AI PRO R9700 (RADV GFX1201)
tick 5108000 alive  1046089 genomes   47060 energy   195.3 births 47683316 deaths 47683304 (22812.9s) AMD Radeon AI PRO R9700 (RADV GFX1201)
tick 5109000 alive  1046043 genomes   46963 energy   195.8 births 47539686 deaths 47539732 (22815.5s) AMD Radeon AI PRO R9700 (RADV GFX1201)
tick 5110000 alive  1046067 genomes   47525 energy   195.8 births 47461184 deaths 47461160 (22818.1s) AMD Radeon AI PRO R9700 (RADV GFX1201)
tick 5111000 alive  1046080 genomes   46854 energy   195.7 births 47473961 deaths 47473948 (22820.6s) AMD Radeon AI PRO R9700 (RADV GFX1201)
tick 5112000 alive  1046079 genomes   47092 energy   195.5 births 47546524 deaths 47546525 (22823.2s) AMD Radeon AI PRO R9700 (RADV GFX1201)
tick 5113000 alive  1046068 genomes   47879 energy   194.8 births 47936972 deaths 47936983 (22826.1s) AMD Radeon AI PRO R9700 (RADV GFX1201)
tick 5114000 alive  1046072 genomes   48127 energy   194.8 births 47736969 deaths 47736965 (22828.8s) AMD Radeon AI PRO R9700 (RADV GFX1201)
tick 5115000 alive  1045983 genomes   47886 energy   195.1 births 48111801 deaths 48111890 (22831.4s) AMD Radeon AI PRO R9700 (RADV GFX1201)
tick 5116000 alive  1045981 genomes   48741 energy   194.2 births 48248990 deaths 48248992 (22834.0s) AMD Radeon AI PRO R9700 (RADV GFX1201)
tick 5117000 alive  1045979 genomes   48995 energy   194.1 births 48542989 deaths 48542991 (22836.7s) AMD Radeon AI PRO R9700 (RADV GFX1201)
tick 5118000 alive  1045990 genomes   48341 energy   194.9 births 48415509 deaths 48415498 (22839.2s) AMD Radeon AI PRO R9700 (RADV GFX1201)
tick 5119000 alive  1046077 genomes   48418 energy   194.5 births 48255703 deaths 48255616 (22841.9s) AMD Radeon AI PRO R9700 (RADV GFX1201)
tick 5120000 alive  1046011 genomes   48855 energy   194.7 births 48122425 deaths 48122491 (22844.5s) AMD Radeon AI PRO R9700 (RADV GFX1201)
tick 5121000 alive  1046061 genomes   48683 energy   194.4 births 48460311 deaths 48460261 (22847.1s) AMD Radeon AI PRO R9700 (RADV GFX1201)
tick 5122000 alive  1046041 genomes   48585 energy   194.4 births 48468118 deaths 48468138 (22849.8s) AMD Radeon AI PRO R9700 (RADV GFX1201)
tick 5123000 alive  1046055 genomes   48028 energy   194.5 births 48075782 deaths 48075768 (22852.5s) AMD Radeon AI PRO R9700 (RADV GFX1201)
tick 5124000 alive  1046046 genomes   48913 energy   194.6 births 48405939 deaths 48405948 (22855.2s) AMD Radeon AI PRO R9700 (RADV GFX1201)
tick 5125000 alive  1046026 genomes   48329 energy   194.7 births 48200148 deaths 48200168 (22857.7s) AMD Radeon AI PRO R9700 (RADV GFX1201)
tick 5126000 alive  1045911 genomes   48751 energy   194.5 births 48447506 deaths 48447621 (22860.3s) AMD Radeon AI PRO R9700 (RADV GFX1201)
tick 5127000 alive  1046083 genomes   47449 energy   195.3 births 48084356 deaths 48084184 (22862.9s) AMD Radeon AI PRO R9700 (RADV GFX1201)
tick 5128000 alive  1046004 genomes   47514 energy   195.0 births 47904139 deaths 47904218 (22865.8s) AMD Radeon AI PRO R9700 (RADV GFX1201)
tick 5129000 alive  1046089 genomes   48110 energy   194.5 births 48166896 deaths 48166811 (22868.5s) AMD Radeon AI PRO R9700 (RADV GFX1201)
tick 5130000 alive  1046110 genomes   48895 energy   194.2 births 48401456 deaths 48401435 (22871.1s) AMD Radeon AI PRO R9700 (RADV GFX1201)
tick 5131000 alive  1046052 genomes   49358 energy   193.7 births 48495235 deaths 48495293 (22873.7s) AMD Radeon AI PRO R9700 (RADV GFX1201)
tick 5132000 alive  1046051 genomes   49626 energy   193.9 births 48905092 deaths 48905093 (22876.3s) AMD Radeon AI PRO R9700 (RADV GFX1201)
tick 5133000 alive  1046035 genomes   49411 energy   193.7 births 48967069 deaths 48967085 (22878.9s) AMD Radeon AI PRO R9700 (RADV GFX1201)
tick 5134000 alive  1046072 genomes   49919 energy   193.6 births 49113946 deaths 49113909 (22881.5s) AMD Radeon AI PRO R9700 (RADV GFX1201)
tick 5135000 alive  1045960 genomes   50216 energy   193.3 births 49043117 deaths 49043229 (22884.1s) AMD Radeon AI PRO R9700 (RADV GFX1201)
tick 5136000 alive  1046022 genomes   49376 energy   194.2 births 49022482 deaths 49022420 (22886.7s) AMD Radeon AI PRO R9700 (RADV GFX1201)
tick 5137000 alive  1046039 genomes   49418 energy   193.9 births 48851369 deaths 48851352 (22889.3s) AMD Radeon AI PRO R9700 (RADV GFX1201)
tick 5138000 alive  1045999 genomes   48249 energy   194.8 births 48369783 deaths 48369823 (22891.9s) AMD Radeon AI PRO R9700 (RADV GFX1201)
tick 5139000 alive  1046058 genomes   48874 energy   194.7 births 48277881 deaths 48277822 (22894.4s) AMD Radeon AI PRO R9700 (RADV GFX1201)
tick 5140000 alive  1046054 genomes   49392 energy   194.2 births 48417500 deaths 48417504 (22897.0s) AMD Radeon AI PRO R9700 (RADV GFX1201)
tick 5141000 alive  1045968 genomes   49270 energy   194.2 births 48778743 deaths 48778829 (22900.1s) AMD Radeon AI PRO R9700 (RADV GFX1201)
tick 5142000 alive  1045999 genomes   49395 energy   194.2 births 48719940 deaths 48719909 (22902.8s) AMD Radeon AI PRO R9700 (RADV GFX1201)
tick 5143000 alive  1046004 genomes   49495 energy   194.2 births 48641894 deaths 48641889 (22905.4s) AMD Radeon AI PRO R9700 (RADV GFX1201)
tick 5144000 alive  1046004 genomes   48256 energy   194.9 births 48297183 deaths 48297183 (22908.2s) AMD Radeon AI PRO R9700 (RADV GFX1201)
tick 5145000 alive  1046014 genomes   48111 energy   194.9 births 48198421 deaths 48198411 (22911.0s) AMD Radeon AI PRO R9700 (RADV GFX1201)
tick 5146000 alive  1046070 genomes   48481 energy   194.6 births 48222472 deaths 48222416 (22913.7s) AMD Radeon AI PRO R9700 (RADV GFX1201)
tick 5147000 alive  1046043 genomes   48543 energy   194.6 births 48231855 deaths 48231882 (22916.3s) AMD Radeon AI PRO R9700 (RADV GFX1201)
tick 5148000 alive  1046012 genomes   48180 energy   194.8 births 48227306 deaths 48227337 (22918.9s) AMD Radeon AI PRO R9700 (RADV GFX1201)
tick 5149000 alive  1045942 genomes   48164 energy   195.1 births 48057397 deaths 48057467 (22921.5s) AMD Radeon AI PRO R9700 (RADV GFX1201)
tick 5150000 alive  1046087 genomes   47409 energy   195.1 births 47825881 deaths 47825736 (22924.0s) AMD Radeon AI PRO R9700 (RADV GFX1201)
tick 5151000 alive  1046041 genomes   48144 energy   194.6 births 47977172 deaths 47977218 (22926.6s) AMD Radeon AI PRO R9700 (RADV GFX1201)
tick 5152000 alive  1045983 genomes   49496 energy   193.7 births 48772667 deaths 48772725 (22929.2s) AMD Radeon AI PRO R9700 (RADV GFX1201)
tick 5153000 alive  1046044 genomes   49344 energy   194.1 births 48982500 deaths 48982439 (22931.8s) AMD Radeon AI PRO R9700 (RADV GFX1201)
tick 5154000 alive  1046130 genomes   49104 energy   194.5 births 48874331 deaths 48874245 (22934.5s) AMD Radeon AI PRO R9700 (RADV GFX1201)
tick 5155000 alive  1046084 genomes   49729 energy   194.1 births 48515988 deaths 48516034 (22937.1s) AMD Radeon AI PRO R9700 (RADV GFX1201)
tick 5156000 alive  1046097 genomes   48394 energy   194.8 births 48361570 deaths 48361557 (22939.7s) AMD Radeon AI PRO R9700 (RADV GFX1201)
tick 5157000 alive  1046017 genomes   49247 energy   194.1 births 48215190 deaths 48215270 (22942.3s) AMD Radeon AI PRO R9700 (RADV GFX1201)
tick 5158000 alive  1046064 genomes   49163 energy   194.5 births 48414465 deaths 48414418 (22944.9s) AMD Radeon AI PRO R9700 (RADV GFX1201)
tick 5159000 alive  1045990 genomes   49798 energy   194.2 births 48617713 deaths 48617787 (22947.5s) AMD Radeon AI PRO R9700 (RADV GFX1201)
tick 5160000 alive  1046061 genomes   49862 energy   194.2 births 48485562 deaths 48485491 (22950.1s) AMD Radeon AI PRO R9700 (RADV GFX1201)
tick 5161000 alive  1046049 genomes   48366 energy   195.0 births 48161686 deaths 48161698 (22952.7s) AMD Radeon AI PRO R9700 (RADV GFX1201)
tick 5162000 alive  1045976 genomes   49191 energy   194.6 births 48183657 deaths 48183730 (22955.3s) AMD Radeon AI PRO R9700 (RADV GFX1201)
tick 5163000 alive  1046065 genomes   49999 energy   194.1 births 48688709 deaths 48688620 (22957.9s) AMD Radeon AI PRO R9700 (RADV GFX1201)
tick 5164000 alive  1046083 genomes   49305 energy   194.1 births 48761929 deaths 48761911 (22960.4s) AMD Radeon AI PRO R9700 (RADV GFX1201)
tick 5165000 alive  1046088 genomes   50053 energy   193.9 births 48670543 deaths 48670538 (22963.0s) AMD Radeon AI PRO R9700 (RADV GFX1201)
tick 5166000 alive  1046061 genomes   48627 energy   194.7 births 48514935 deaths 48514962 (22965.6s) AMD Radeon AI PRO R9700 (RADV GFX1201)
tick 5167000 alive  1046050 genomes   47353 energy   195.7 births 48004684 deaths 48004695 (22968.2s) AMD Radeon AI PRO R9700 (RADV GFX1201)
tick 5168000 alive  1046104 genomes   48361 energy   194.7 births 48010662 deaths 48010608 (22970.8s) AMD Radeon AI PRO R9700 (RADV GFX1201)
tick 5169000 alive  1046151 genomes   47559 energy   195.3 births 47987870 deaths 47987823 (22973.4s) AMD Radeon AI PRO R9700 (RADV GFX1201)
tick 5170000 alive  1045949 genomes   47855 energy   194.9 births 47705964 deaths 47706166 (22976.0s) AMD Radeon AI PRO R9700 (RADV GFX1201)
tick 5171000 alive  1046086 genomes   47405 energy   195.3 births 48099953 deaths 48099816 (22978.6s) AMD Radeon AI PRO R9700 (RADV GFX1201)
tick 5172000 alive  1045991 genomes   48821 energy   194.3 births 48028795 deaths 48028890 (22981.1s) AMD Radeon AI PRO R9700 (RADV GFX1201)
tick 5173000 alive  1046032 genomes   50332 energy   193.5 births 49046470 deaths 49046429 (22983.8s) AMD Radeon AI PRO R9700 (RADV GFX1201)
tick 5174000 alive  1046036 genomes   49816 energy   194.0 births 49031018 deaths 49031014 (22986.4s) AMD Radeon AI PRO R9700 (RADV GFX1201)
tick 5175000 alive  1046083 genomes   48558 energy   194.5 births 48541171 deaths 48541124 (22989.1s) AMD Radeon AI PRO R9700 (RADV GFX1201)
tick 5176000 alive  1046008 genomes   49313 energy   194.6 births 48382468 deaths 48382543 (22991.6s) AMD Radeon AI PRO R9700 (RADV GFX1201)
tick 5177000 alive  1046066 genomes   49591 energy   193.9 births 48796062 deaths 48796004 (22994.2s) AMD Radeon AI PRO R9700 (RADV GFX1201)
tick 5178000 alive  1046032 genomes   49800 energy   193.9 births 48922760 deaths 48922794 (22996.7s) AMD Radeon AI PRO R9700 (RADV GFX1201)
tick 5179000 alive  1046028 genomes   50445 energy   193.5 births 49115337 deaths 49115341 (22999.4s) AMD Radeon AI PRO R9700 (RADV GFX1201)
tick 5180000 alive  1046070 genomes   49932 energy   193.8 births 49143197 deaths 49143155 (23002.1s) AMD Radeon AI PRO R9700 (RADV GFX1201)
tick 5181000 alive  1045929 genomes   50011 energy   193.3 births 49352073 deaths 49352214 (23004.9s) AMD Radeon AI PRO R9700 (RADV GFX1201)
tick 5182000 alive  1046008 genomes   49998 energy   193.4 births 49371541 deaths 49371462 (23007.6s) AMD Radeon AI PRO R9700 (RADV GFX1201)
tick 5183000 alive  1046026 genomes   48286 energy   194.3 births 49076032 deaths 49076014 (23010.2s) AMD Radeon AI PRO R9700 (RADV GFX1201)
tick 5184000 alive  1045992 genomes   48721 energy   194.5 births 48372443 deaths 48372477 (23012.9s) AMD Radeon AI PRO R9700 (RADV GFX1201)
tick 5185000 alive  1046047 genomes   49384 energy   193.5 births 48637328 deaths 48637273 (23015.5s) AMD Radeon AI PRO R9700 (RADV GFX1201)
tick 5186000 alive  1046026 genomes   49484 energy   193.7 births 49177472 deaths 49177493 (23018.2s) AMD Radeon AI PRO R9700 (RADV GFX1201)
tick 5187000 alive  1045997 genomes   49514 energy   194.1 births 49046380 deaths 49046409 (23020.8s) AMD Radeon AI PRO R9700 (RADV GFX1201)
tick 5188000 alive  1046005 genomes   49659 energy   193.8 births 49093856 deaths 49093848 (23023.5s) AMD Radeon AI PRO R9700 (RADV GFX1201)
tick 5189000 alive  1046017 genomes   50107 energy   193.5 births 49057108 deaths 49057096 (23026.1s) AMD Radeon AI PRO R9700 (RADV GFX1201)
tick 5190000 alive  1046082 genomes   50200 energy   193.9 births 49190291 deaths 49190226 (23028.7s) AMD Radeon AI PRO R9700 (RADV GFX1201)
tick 5191000 alive  1046011 genomes   49406 energy   194.2 births 48917460 deaths 48917531 (23031.3s) AMD Radeon AI PRO R9700 (RADV GFX1201)
tick 5192000 alive  1046053 genomes   49122 energy   194.6 births 48731462 deaths 48731420 (23033.9s) AMD Radeon AI PRO R9700 (RADV GFX1201)
tick 5193000 alive  1046077 genomes   49400 energy   194.1 births 48429479 deaths 48429455 (23036.5s) AMD Radeon AI PRO R9700 (RADV GFX1201)
tick 5194000 alive  1045939 genomes   51217 energy   193.5 births 48910179 deaths 48910317 (23039.5s) AMD Radeon AI PRO R9700 (RADV GFX1201)
tick 5195000 alive  1045985 genomes   50250 energy   193.5 births 49397258 deaths 49397212 (23042.1s) AMD Radeon AI PRO R9700 (RADV GFX1201)
tick 5196000 alive  1045962 genomes   50221 energy   193.7 births 49192716 deaths 49192739 (23044.7s) AMD Radeon AI PRO R9700 (RADV GFX1201)
tick 5197000 alive  1046037 genomes   50171 energy   193.4 births 49073210 deaths 49073135 (23047.4s) AMD Radeon AI PRO R9700 (RADV GFX1201)
tick 5198000 alive  1046088 genomes   49870 energy   193.4 births 49236862 deaths 49236811 (23050.1s) AMD Radeon AI PRO R9700 (RADV GFX1201)
tick 5199000 alive  1045998 genomes   50216 energy   193.6 births 49029384 deaths 49029474 (23052.7s) AMD Radeon AI PRO R9700 (RADV GFX1201)
tick 5200000 alive  1045882 genomes   49639 energy   193.5 births 48879290 deaths 48879406 (23055.3s) AMD Radeon AI PRO R9700 (RADV GFX1201)
tick 5201000 alive  1046046 genomes   49863 energy   193.8 births 49055074 deaths 49054910 (23057.9s) AMD Radeon AI PRO R9700 (RADV GFX1201)
tick 5202000 alive  1046000 genomes   49796 energy   193.7 births 49177763 deaths 49177809 (23060.5s) AMD Radeon AI PRO R9700 (RADV GFX1201)
tick 5203000 alive  1046004 genomes   50700 energy   192.9 births 49376356 deaths 49376352 (23063.2s) AMD Radeon AI PRO R9700 (RADV GFX1201)
tick 5204000 alive  1045988 genomes   51651 energy   192.8 births 49778944 deaths 49778960 (23065.8s) AMD Radeon AI PRO R9700 (RADV GFX1201)
tick 5205000 alive  1046059 genomes   50120 energy   193.8 births 49466088 deaths 49466017 (23068.3s) AMD Radeon AI PRO R9700 (RADV GFX1201)
tick 5206000 alive  1046194 genomes   49828 energy   194.1 births 49058377 deaths 49058242 (23070.9s) AMD Radeon AI PRO R9700 (RADV GFX1201)
tick 5207000 alive  1046016 genomes   49583 energy   194.0 births 48740153 deaths 48740331 (23073.6s) AMD Radeon AI PRO R9700 (RADV GFX1201)
tick 5208000 alive  1046018 genomes   51173 energy   193.1 births 49209587 deaths 49209585 (23076.2s) AMD Radeon AI PRO R9700 (RADV GFX1201)
tick 5209000 alive  1046077 genomes   50282 energy   193.9 births 49365769 deaths 49365710 (23078.8s) AMD Radeon AI PRO R9700 (RADV GFX1201)
tick 5210000 alive  1046064 genomes   49048 energy   194.6 births 48730126 deaths 48730139 (23081.4s) AMD Radeon AI PRO R9700 (RADV GFX1201)
tick 5211000 alive  1045942 genomes   49718 energy   194.2 births 48531275 deaths 48531397 (23083.9s) AMD Radeon AI PRO R9700 (RADV GFX1201)
tick 5212000 alive  1046037 genomes   49138 energy   194.7 births 48532322 deaths 48532227 (23086.4s) AMD Radeon AI PRO R9700 (RADV GFX1201)
tick 5213000 alive  1046004 genomes   49699 energy   194.4 births 48415011 deaths 48415044 (23089.0s) AMD Radeon AI PRO R9700 (RADV GFX1201)
tick 5214000 alive  1045995 genomes   50685 energy   193.7 births 48589005 deaths 48589014 (23091.6s) AMD Radeon AI PRO R9700 (RADV GFX1201)
tick 5215000 alive  1046001 genomes   51584 energy   193.2 births 49606410 deaths 49606404 (23094.2s) AMD Radeon AI PRO R9700 (RADV GFX1201)
tick 5216000 alive  1046008 genomes   51365 energy   193.1 births 49514936 deaths 49514929 (23096.8s) AMD Radeon AI PRO R9700 (RADV GFX1201)
tick 5217000 alive  1045932 genomes   51275 energy   193.2 births 49532738 deaths 49532814 (23099.3s) AMD Radeon AI PRO R9700 (RADV GFX1201)
tick 5218000 alive  1046102 genomes   49860 energy   194.4 births 49155411 deaths 49155241 (23101.9s) AMD Radeon AI PRO R9700 (RADV GFX1201)
tick 5219000 alive  1046070 genomes   49647 energy   194.5 births 48471936 deaths 48471968 (23104.4s) AMD Radeon AI PRO R9700 (RADV GFX1201)
tick 5220000 alive  1045968 genomes   51320 energy   193.2 births 48812651 deaths 48812753 (23107.0s) AMD Radeon AI PRO R9700 (RADV GFX1201)
tick 5221000 alive  1046009 genomes   50264 energy   193.8 births 48929671 deaths 48929630 (23109.6s) AMD Radeon AI PRO R9700 (RADV GFX1201)
tick 5222000 alive  1046086 genomes   51174 energy   193.4 births 49063242 deaths 49063165 (23112.2s) AMD Radeon AI PRO R9700 (RADV GFX1201)
tick 5223000 alive  1045963 genomes   50849 energy   193.5 births 49245968 deaths 49246091 (23114.9s) AMD Radeon AI PRO R9700 (RADV GFX1201)
tick 5224000 alive  1046014 genomes   50869 energy   193.5 births 49302957 deaths 49302906 (23117.5s) AMD Radeon AI PRO R9700 (RADV GFX1201)
tick 5225000 alive  1045965 genomes   50198 energy   193.8 births 48913063 deaths 48913112 (23120.1s) AMD Radeon AI PRO R9700 (RADV GFX1201)
tick 5226000 alive  1046062 genomes   48905 energy   194.6 births 48805336 deaths 48805239 (23122.7s) AMD Radeon AI PRO R9700 (RADV GFX1201)
tick 5227000 alive  1045933 genomes   48760 energy   194.6 births 48348951 deaths 48349080 (23125.2s) AMD Radeon AI PRO R9700 (RADV GFX1201)
tick 5228000 alive  1046055 genomes   49511 energy   194.2 births 48689784 deaths 48689662 (23127.9s) AMD Radeon AI PRO R9700 (RADV GFX1201)
tick 5229000 alive  1046079 genomes   48825 energy   194.8 births 48557568 deaths 48557544 (23130.6s) AMD Radeon AI PRO R9700 (RADV GFX1201)
tick 5230000 alive  1046050 genomes   48887 energy   195.0 births 48293894 deaths 48293923 (23133.2s) AMD Radeon AI PRO R9700 (RADV GFX1201)
tick 5231000 alive  1046066 genomes   49596 energy   194.4 births 48362135 deaths 48362119 (23135.7s) AMD Radeon AI PRO R9700 (RADV GFX1201)
tick 5232000 alive  1045950 genomes   49828 energy   194.0 births 48850881 deaths 48850997 (23138.3s) AMD Radeon AI PRO R9700 (RADV GFX1201)
tick 5233000 alive  1046053 genomes   48420 energy   194.8 births 48530484 deaths 48530381 (23140.9s) AMD Radeon AI PRO R9700 (RADV GFX1201)
tick 5234000 alive  1046024 genomes   49144 energy   194.3 births 48597228 deaths 48597257 (23143.5s) AMD Radeon AI PRO R9700 (RADV GFX1201)
tick 5235000 alive  1046073 genomes   49253 energy   194.7 births 48483747 deaths 48483698 (23146.1s) AMD Radeon AI PRO R9700 (RADV GFX1201)
tick 5236000 alive  1046070 genomes   49423 energy   194.3 births 48554907 deaths 48554910 (23148.8s) AMD Radeon AI PRO R9700 (RADV GFX1201)
tick 5237000 alive  1046086 genomes   49692 energy   194.5 births 48643864 deaths 48643848 (23151.4s) AMD Radeon AI PRO R9700 (RADV GFX1201)
tick 5238000 alive  1046000 genomes   49276 energy   194.3 births 48546963 deaths 48547049 (23154.0s) AMD Radeon AI PRO R9700 (RADV GFX1201)
tick 5239000 alive  1046065 genomes   49598 energy   194.2 births 48303757 deaths 48303692 (23156.7s) AMD Radeon AI PRO R9700 (RADV GFX1201)
tick 5240000 alive  1046058 genomes   49555 energy   194.1 births 48314817 deaths 48314824 (23159.3s) AMD Radeon AI PRO R9700 (RADV GFX1201)
tick 5241000 alive  1046013 genomes   50541 energy   193.9 births 48782800 deaths 48782845 (23161.9s) AMD Radeon AI PRO R9700 (RADV GFX1201)
tick 5242000 alive  1046056 genomes   50440 energy   193.9 births 48525100 deaths 48525057 (23164.5s) AMD Radeon AI PRO R9700 (RADV GFX1201)
tick 5243000 alive  1046025 genomes   50315 energy   194.1 births 48946634 deaths 48946665 (23167.5s) AMD Radeon AI PRO R9700 (RADV GFX1201)
tick 5244000 alive  1046077 genomes   50393 energy   194.1 births 48838870 deaths 48838818 (23170.1s) AMD Radeon AI PRO R9700 (RADV GFX1201)
tick 5245000 alive  1046057 genomes   50926 energy   193.7 births 48899470 deaths 48899490 (23172.7s) AMD Radeon AI PRO R9700 (RADV GFX1201)
tick 5246000 alive  1046003 genomes   51044 energy   193.7 births 49145504 deaths 49145558 (23175.4s) AMD Radeon AI PRO R9700 (RADV GFX1201)
tick 5247000 alive  1045972 genomes   50257 energy   194.0 births 48876440 deaths 48876471 (23178.0s) AMD Radeon AI PRO R9700 (RADV GFX1201)
tick 5248000 alive  1046076 genomes   49735 energy   194.6 births 48346904 deaths 48346800 (23180.6s) AMD Radeon AI PRO R9700 (RADV GFX1201)
tick 5249000 alive  1046035 genomes   49259 energy   194.8 births 47901934 deaths 47901975 (23183.2s) AMD Radeon AI PRO R9700 (RADV GFX1201)
tick 5250000 alive  1045992 genomes   49654 energy   194.7 births 48221234 deaths 48221277 (23185.9s) AMD Radeon AI PRO R9700 (RADV GFX1201)
tick 5251000 alive  1046051 genomes   50340 energy   193.8 births 48481825 deaths 48481766 (23188.5s) AMD Radeon AI PRO R9700 (RADV GFX1201)
tick 5252000 alive  1046014 genomes   50421 energy   194.0 births 48826003 deaths 48826040 (23191.1s) AMD Radeon AI PRO R9700 (RADV GFX1201)
tick 5253000 alive  1045952 genomes   49850 energy   194.3 births 48710213 deaths 48710275 (23193.7s) AMD Radeon AI PRO R9700 (RADV GFX1201)
tick 5254000 alive  1046058 genomes   49202 energy   194.4 births 48643372 deaths 48643266 (23196.3s) AMD Radeon AI PRO R9700 (RADV GFX1201)
tick 5255000 alive  1046061 genomes   48606 energy   195.0 births 48023959 deaths 48023956 (23198.9s) AMD Radeon AI PRO R9700 (RADV GFX1201)
tick 5256000 alive  1046016 genomes   49328 energy   194.7 births 48168206 deaths 48168251 (23201.6s) AMD Radeon AI PRO R9700 (RADV GFX1201)
tick 5257000 alive  1046011 genomes   49696 energy   194.7 births 48080915 deaths 48080920 (23204.1s) AMD Radeon AI PRO R9700 (RADV GFX1201)
tick 5258000 alive  1045997 genomes   49038 energy   194.9 births 47996004 deaths 47996018 (23206.8s) AMD Radeon AI PRO R9700 (RADV GFX1201)
tick 5259000 alive  1046095 genomes   49817 energy   194.7 births 48066814 deaths 48066716 (23209.6s) AMD Radeon AI PRO R9700 (RADV GFX1201)
tick 5260000 alive  1046170 genomes   48978 energy   195.3 births 48086471 deaths 48086396 (23212.3s) AMD Radeon AI PRO R9700 (RADV GFX1201)
tick 5261000 alive  1046021 genomes   49229 energy   194.7 births 47878470 deaths 47878619 (23215.0s) AMD Radeon AI PRO R9700 (RADV GFX1201)
tick 5262000 alive  1046034 genomes   50445 energy   193.9 births 48564720 deaths 48564707 (23217.7s) AMD Radeon AI PRO R9700 (RADV GFX1201)
tick 5263000 alive  1045911 genomes   50916 energy   193.6 births 48882752 deaths 48882875 (23220.3s) AMD Radeon AI PRO R9700 (RADV GFX1201)
tick 5264000 alive  1046059 genomes   50941 energy   193.7 births 49155441 deaths 49155293 (23223.0s) AMD Radeon AI PRO R9700 (RADV GFX1201)
tick 5265000 alive  1045972 genomes   50587 energy   193.4 births 49209066 deaths 49209153 (23225.5s) AMD Radeon AI PRO R9700 (RADV GFX1201)
tick 5266000 alive  1046054 genomes   49302 energy   194.2 births 48923676 deaths 48923594 (23228.1s) AMD Radeon AI PRO R9700 (RADV GFX1201)
tick 5267000 alive  1045996 genomes   49288 energy   194.7 births 48492554 deaths 48492612 (23230.7s) AMD Radeon AI PRO R9700 (RADV GFX1201)
tick 5268000 alive  1046113 genomes   48036 energy   195.2 births 48192148 deaths 48192031 (23233.3s) AMD Radeon AI PRO R9700 (RADV GFX1201)
tick 5269000 alive  1046092 genomes   47183 energy   195.7 births 47602681 deaths 47602702 (23235.9s) AMD Radeon AI PRO R9700 (RADV GFX1201)
tick 5270000 alive  1046042 genomes   48130 energy   195.1 births 47440477 deaths 47440527 (23238.5s) AMD Radeon AI PRO R9700 (RADV GFX1201)
tick 5271000 alive  1045988 genomes   48530 energy   194.8 births 47921204 deaths 47921258 (23241.1s) AMD Radeon AI PRO R9700 (RADV GFX1201)
tick 5272000 alive  1046082 genomes   48753 energy   194.9 births 47902217 deaths 47902123 (23243.7s) AMD Radeon AI PRO R9700 (RADV GFX1201)
tick 5273000 alive  1046013 genomes   49083 energy   194.7 births 48296320 deaths 48296389 (23246.4s) AMD Radeon AI PRO R9700 (RADV GFX1201)
tick 5274000 alive  1046009 genomes   48144 energy   194.9 births 48139571 deaths 48139575 (23249.0s) AMD Radeon AI PRO R9700 (RADV GFX1201)
tick 5275000 alive  1045957 genomes   49734 energy   193.8 births 48510140 deaths 48510192 (23251.6s) AMD Radeon AI PRO R9700 (RADV GFX1201)
tick 5276000 alive  1046055 genomes   49495 energy   194.0 births 48669039 deaths 48668941 (23254.2s) AMD Radeon AI PRO R9700 (RADV GFX1201)
tick 5277000 alive  1046019 genomes   48340 energy   194.3 births 48245906 deaths 48245942 (23256.8s) AMD Radeon AI PRO R9700 (RADV GFX1201)
tick 5278000 alive  1046078 genomes   48334 energy   194.6 births 48165627 deaths 48165568 (23259.5s) AMD Radeon AI PRO R9700 (RADV GFX1201)
tick 5279000 alive  1046007 genomes   47917 energy   194.9 births 48220653 deaths 48220724 (23262.1s) AMD Radeon AI PRO R9700 (RADV GFX1201)
tick 5280000 alive  1046072 genomes   47615 energy   195.3 births 47864329 deaths 47864264 (23264.7s) AMD Radeon AI PRO R9700 (RADV GFX1201)
tick 5281000 alive  1046100 genomes   47670 energy   195.4 births 47516524 deaths 47516496 (23267.3s) AMD Radeon AI PRO R9700 (RADV GFX1201)
tick 5282000 alive  1046031 genomes   48205 energy   195.1 births 47868474 deaths 47868543 (23269.9s) AMD Radeon AI PRO R9700 (RADV GFX1201)
tick 5283000 alive  1045952 genomes   49892 energy   193.8 births 48061493 deaths 48061572 (23272.6s) AMD Radeon AI PRO R9700 (RADV GFX1201)
tick 5284000 alive  1045970 genomes   49342 energy   194.5 births 48712611 deaths 48712593 (23275.1s) AMD Radeon AI PRO R9700 (RADV GFX1201)
tick 5285000 alive  1046032 genomes   49406 energy   193.9 births 48715410 deaths 48715348 (23277.7s) AMD Radeon AI PRO R9700 (RADV GFX1201)
tick 5286000 alive  1046008 genomes   48722 energy   194.5 births 48785749 deaths 48785773 (23280.2s) AMD Radeon AI PRO R9700 (RADV GFX1201)
tick 5287000 alive  1046037 genomes   49298 energy   194.1 births 48673772 deaths 48673743 (23282.8s) AMD Radeon AI PRO R9700 (RADV GFX1201)
tick 5288000 alive  1045989 genomes   47581 energy   195.2 births 48632136 deaths 48632184 (23285.4s) AMD Radeon AI PRO R9700 (RADV GFX1201)
tick 5289000 alive  1046051 genomes   49149 energy   194.3 births 48311006 deaths 48310944 (23288.0s) AMD Radeon AI PRO R9700 (RADV GFX1201)
tick 5290000 alive  1045957 genomes   49597 energy   193.7 births 48704753 deaths 48704847 (23290.8s) AMD Radeon AI PRO R9700 (RADV GFX1201)
tick 5291000 alive  1046048 genomes   49919 energy   193.8 births 48817317 deaths 48817226 (23293.4s) AMD Radeon AI PRO R9700 (RADV GFX1201)
tick 5292000 alive  1046092 genomes   50716 energy   193.3 births 49026694 deaths 49026650 (23296.0s) AMD Radeon AI PRO R9700 (RADV GFX1201)
tick 5293000 alive  1046047 genomes   51119 energy   193.0 births 49476903 deaths 49476948 (23298.6s) AMD Radeon AI PRO R9700 (RADV GFX1201)
tick 5294000 alive  1046068 genomes   50206 energy   193.9 births 49562211 deaths 49562190 (23301.2s) AMD Radeon AI PRO R9700 (RADV GFX1201)
tick 5295000 alive  1045976 genomes   49982 energy   193.8 births 48968145 deaths 48968237 (23303.8s) AMD Radeon AI PRO R9700 (RADV GFX1201)
tick 5296000 alive  1046080 genomes   49481 energy   194.1 births 49045212 deaths 49045108 (23306.4s) AMD Radeon AI PRO R9700 (RADV GFX1201)
tick 5297000 alive  1045979 genomes   49419 energy   194.3 births 48781404 deaths 48781505 (23309.0s) AMD Radeon AI PRO R9700 (RADV GFX1201)
tick 5298000 alive  1045992 genomes   49445 energy   194.1 births 48688496 deaths 48688483 (23311.6s) AMD Radeon AI PRO R9700 (RADV GFX1201)
tick 5299000 alive  1046001 genomes   50032 energy   193.7 births 48737416 deaths 48737407 (23314.1s) AMD Radeon AI PRO R9700 (RADV GFX1201)
tick 5300000 alive  1046036 genomes   50739 energy   193.3 births 49051456 deaths 49051421 (23316.7s) AMD Radeon AI PRO R9700 (RADV GFX1201)
tick 5301000 alive  1045989 genomes   50418 energy   193.2 births 49373143 deaths 49373190 (23319.3s) AMD Radeon AI PRO R9700 (RADV GFX1201)
tick 5302000 alive  1046083 genomes   50817 energy   193.5 births 49379044 deaths 49378950 (23321.9s) AMD Radeon AI PRO R9700 (RADV GFX1201)
tick 5303000 alive  1045979 genomes   49912 energy   194.0 births 49041885 deaths 49041989 (23324.5s) AMD Radeon AI PRO R9700 (RADV GFX1201)
tick 5304000 alive  1046019 genomes   50383 energy   194.0 births 49031392 deaths 49031352 (23327.0s) AMD Radeon AI PRO R9700 (RADV GFX1201)
tick 5305000 alive  1046039 genomes   49395 energy   194.3 births 48960659 deaths 48960639 (23329.6s) AMD Radeon AI PRO R9700 (RADV GFX1201)
tick 5306000 alive  1046073 genomes   49388 energy   194.6 births 48541704 deaths 48541670 (23332.2s) AMD Radeon AI PRO R9700 (RADV GFX1201)
tick 5307000 alive  1046004 genomes   48355 energy   195.1 births 48062184 deaths 48062253 (23334.8s) AMD Radeon AI PRO R9700 (RADV GFX1201)
tick 5308000 alive  1046065 genomes   48281 energy   194.9 births 48184781 deaths 48184720 (23337.6s) AMD Radeon AI PRO R9700 (RADV GFX1201)
tick 5309000 alive  1046041 genomes   50733 energy   193.5 births 48484853 deaths 48484877 (23340.2s) AMD Radeon AI PRO R9700 (RADV GFX1201)
tick 5310000 alive  1046002 genomes   49539 energy   193.9 births 49067085 deaths 49067124 (23342.8s) AMD Radeon AI PRO R9700 (RADV GFX1201)
tick 5311000 alive  1045943 genomes   48947 energy   194.3 births 48584147 deaths 48584206 (23345.3s) AMD Radeon AI PRO R9700 (RADV GFX1201)
tick 5312000 alive  1045986 genomes   49450 energy   194.0 births 48565771 deaths 48565728 (23347.9s) AMD Radeon AI PRO R9700 (RADV GFX1201)
tick 5313000 alive  1045938 genomes   50370 energy   193.5 births 49086415 deaths 49086463 (23350.5s) AMD Radeon AI PRO R9700 (RADV GFX1201)
tick 5314000 alive  1046056 genomes   48640 energy   194.3 births 48711801 deaths 48711683 (23353.1s) AMD Radeon AI PRO R9700 (RADV GFX1201)
tick 5315000 alive  1046020 genomes   48806 energy   194.7 births 48468993 deaths 48469029 (23355.7s) AMD Radeon AI PRO R9700 (RADV GFX1201)
tick 5316000 alive  1046100 genomes   48522 energy   194.4 births 48456721 deaths 48456641 (23358.3s) AMD Radeon AI PRO R9700 (RADV GFX1201)
tick 5317000 alive  1046071 genomes   49361 energy   194.0 births 48913167 deaths 48913196 (23360.8s) AMD Radeon AI PRO R9700 (RADV GFX1201)
tick 5318000 alive  1046025 genomes   48945 energy   194.5 births 48466272 deaths 48466318 (23363.4s) AMD Radeon AI PRO R9700 (RADV GFX1201)
tick 5319000 alive  1046005 genomes   49274 energy   194.5 births 48392152 deaths 48392172 (23366.0s) AMD Radeon AI PRO R9700 (RADV GFX1201)
tick 5320000 alive  1046016 genomes   48612 energy   194.6 births 48332996 deaths 48332985 (23368.6s) AMD Radeon AI PRO R9700 (RADV GFX1201)
tick 5321000 alive  1046104 genomes   48260 energy   194.9 births 48171853 deaths 48171765 (23371.2s) AMD Radeon AI PRO R9700 (RADV GFX1201)
tick 5322000 alive  1046037 genomes   48710 energy   194.8 births 48009945 deaths 48010012 (23373.8s) AMD Radeon AI PRO R9700 (RADV GFX1201)
tick 5323000 alive  1046061 genomes   48922 energy   194.5 births 48337384 deaths 48337360 (23376.4s) AMD Radeon AI PRO R9700 (RADV GFX1201)
tick 5324000 alive  1046027 genomes   49836 energy   193.9 births 48647794 deaths 48647828 (23379.0s) AMD Radeon AI PRO R9700 (RADV GFX1201)
tick 5325000 alive  1046049 genomes   50752 energy   193.4 births 48912071 deaths 48912049 (23381.6s) AMD Radeon AI PRO R9700 (RADV GFX1201)
tick 5326000 alive  1046053 genomes   50268 energy   193.9 births 48887923 deaths 48887919 (23384.3s) AMD Radeon AI PRO R9700 (RADV GFX1201)
tick 5327000 alive  1046047 genomes   49693 energy   194.0 births 48708192 deaths 48708198 (23386.9s) AMD Radeon AI PRO R9700 (RADV GFX1201)
tick 5328000 alive  1046056 genomes   48538 energy   194.8 births 48307727 deaths 48307718 (23389.5s) AMD Radeon AI PRO R9700 (RADV GFX1201)
tick 5329000 alive  1046025 genomes   49109 energy   194.6 births 48175073 deaths 48175104 (23392.2s) AMD Radeon AI PRO R9700 (RADV GFX1201)
tick 5330000 alive  1045968 genomes   48066 energy   195.0 births 48328105 deaths 48328162 (23394.8s) AMD Radeon AI PRO R9700 (RADV GFX1201)
tick 5331000 alive  1046050 genomes   49970 energy   194.0 births 48598063 deaths 48597981 (23397.4s) AMD Radeon AI PRO R9700 (RADV GFX1201)
tick 5332000 alive  1046090 genomes   48880 energy   194.4 births 48850100 deaths 48850060 (23400.0s) AMD Radeon AI PRO R9700 (RADV GFX1201)
tick 5333000 alive  1046039 genomes   47422 energy   195.0 births 48127201 deaths 48127252 (23402.6s) AMD Radeon AI PRO R9700 (RADV GFX1201)
tick 5334000 alive  1046043 genomes   47958 energy   195.1 births 47830818 deaths 47830814 (23405.3s) AMD Radeon AI PRO R9700 (RADV GFX1201)
tick 5335000 alive  1046075 genomes   47449 energy   195.4 births 47822289 deaths 47822257 (23407.9s) AMD Radeon AI PRO R9700 (RADV GFX1201)
tick 5336000 alive  1046037 genomes   46810 energy   196.0 births 47431349 deaths 47431387 (23410.6s) AMD Radeon AI PRO R9700 (RADV GFX1201)
tick 5337000 alive  1046026 genomes   47943 energy   195.0 births 47440379 deaths 47440390 (23413.2s) AMD Radeon AI PRO R9700 (RADV GFX1201)
tick 5338000 alive  1046070 genomes   48552 energy   194.9 births 48101415 deaths 48101371 (23415.8s) AMD Radeon AI PRO R9700 (RADV GFX1201)
tick 5339000 alive  1046017 genomes   48002 energy   195.2 births 48135685 deaths 48135738 (23418.4s) AMD Radeon AI PRO R9700 (RADV GFX1201)
tick 5340000 alive  1046112 genomes   47539 energy   195.3 births 47719657 deaths 47719562 (23421.0s) AMD Radeon AI PRO R9700 (RADV GFX1201)
tick 5341000 alive  1046054 genomes   48462 energy   194.6 births 47968832 deaths 47968890 (23423.6s) AMD Radeon AI PRO R9700 (RADV GFX1201)
tick 5342000 alive  1046023 genomes   49009 energy   194.4 births 48338413 deaths 48338444 (23426.2s) AMD Radeon AI PRO R9700 (RADV GFX1201)
tick 5343000 alive  1046017 genomes   50113 energy   193.7 births 48936953 deaths 48936959 (23428.8s) AMD Radeon AI PRO R9700 (RADV GFX1201)
tick 5344000 alive  1045937 genomes   50116 energy   193.4 births 49084762 deaths 49084842 (23431.4s) AMD Radeon AI PRO R9700 (RADV GFX1201)
tick 5345000 alive  1046004 genomes   49671 energy   193.5 births 49283111 deaths 49283044 (23434.0s) AMD Radeon AI PRO R9700 (RADV GFX1201)
tick 5346000 alive  1045915 genomes   50024 energy   193.5 births 49300926 deaths 49301015 (23436.6s) AMD Radeon AI PRO R9700 (RADV GFX1201)
tick 5347000 alive  1046090 genomes   48330 energy   194.5 births 49016191 deaths 49016016 (23439.2s) AMD Radeon AI PRO R9700 (RADV GFX1201)
tick 5348000 alive  1046034 genomes   48057 energy   194.8 births 48527917 deaths 48527973 (23441.8s) AMD Radeon AI PRO R9700 (RADV GFX1201)
tick 5349000 alive  1045960 genomes   48503 energy   194.8 births 48530874 deaths 48530948 (23444.3s) AMD Radeon AI PRO R9700 (RADV GFX1201)
tick 5350000 alive  1046046 genomes   48644 energy   194.7 births 48371464 deaths 48371378 (23446.9s) AMD Radeon AI PRO R9700 (RADV GFX1201)
tick 5351000 alive  1046010 genomes   48017 energy   195.0 births 48191561 deaths 48191597 (23449.4s) AMD Radeon AI PRO R9700 (RADV GFX1201)
tick 5352000 alive  1046108 genomes   48137 energy   195.1 births 47960441 deaths 47960343 (23452.0s) AMD Radeon AI PRO R9700 (RADV GFX1201)
tick 5353000 alive  1046085 genomes   48450 energy   195.0 births 48065130 deaths 48065153 (23454.6s) AMD Radeon AI PRO R9700 (RADV GFX1201)
tick 5354000 alive  1046001 genomes   48075 energy   195.1 births 47775585 deaths 47775669 (23457.2s) AMD Radeon AI PRO R9700 (RADV GFX1201)
tick 5355000 alive  1046051 genomes   48699 energy   194.4 births 47754391 deaths 47754341 (23459.8s) AMD Radeon AI PRO R9700 (RADV GFX1201)
tick 5356000 alive  1046063 genomes   47931 energy   195.2 births 48100871 deaths 48100859 (23462.4s) AMD Radeon AI PRO R9700 (RADV GFX1201)
tick 5357000 alive  1046044 genomes   48105 energy   195.2 births 47795034 deaths 47795053 (23465.0s) AMD Radeon AI PRO R9700 (RADV GFX1201)
tick 5358000 alive  1046017 genomes   48933 energy   194.3 births 48293897 deaths 48293924 (23467.5s) AMD Radeon AI PRO R9700 (RADV GFX1201)
tick 5359000 alive  1046034 genomes   48380 energy   194.8 births 48624581 deaths 48624564 (23470.2s) AMD Radeon AI PRO R9700 (RADV GFX1201)
tick 5360000 alive  1046065 genomes   48632 energy   194.6 births 48313398 deaths 48313367 (23472.9s) AMD Radeon AI PRO R9700 (RADV GFX1201)
tick 5361000 alive  1046028 genomes   48623 energy   194.4 births 48473377 deaths 48473414 (23475.6s) AMD Radeon AI PRO R9700 (RADV GFX1201)
tick 5362000 alive  1046059 genomes   48864 energy   193.9 births 48470524 deaths 48470493 (23478.3s) AMD Radeon AI PRO R9700 (RADV GFX1201)
tick 5363000 alive  1046118 genomes   47444 energy   194.7 births 48600044 deaths 48599985 (23480.9s) AMD Radeon AI PRO R9700 (RADV GFX1201)
tick 5364000 alive  1046047 genomes   47459 energy   195.0 births 47984061 deaths 47984132 (23483.5s) AMD Radeon AI PRO R9700 (RADV GFX1201)
tick 5365000 alive  1045969 genomes   47895 energy   195.1 births 47818053 deaths 47818131 (23486.2s) AMD Radeon AI PRO R9700 (RADV GFX1201)
tick 5366000 alive  1046081 genomes   47956 energy   194.4 births 48167107 deaths 48166995 (23488.8s) AMD Radeon AI PRO R9700 (RADV GFX1201)
tick 5367000 alive  1045998 genomes   48329 energy   194.3 births 48436242 deaths 48436325 (23491.3s) AMD Radeon AI PRO R9700 (RADV GFX1201)
tick 5368000 alive  1046062 genomes   48776 energy   194.0 births 48617014 deaths 48616950 (23494.0s) AMD Radeon AI PRO R9700 (RADV GFX1201)
tick 5369000 alive  1046042 genomes   48311 energy   194.5 births 48629452 deaths 48629472 (23496.6s) AMD Radeon AI PRO R9700 (RADV GFX1201)
tick 5370000 alive  1046051 genomes   48991 energy   193.9 births 48429385 deaths 48429376 (23499.2s) AMD Radeon AI PRO R9700 (RADV GFX1201)
tick 5371000 alive  1045999 genomes   48504 energy   194.1 births 48599191 deaths 48599243 (23501.7s) AMD Radeon AI PRO R9700 (RADV GFX1201)
tick 5372000 alive  1046019 genomes   48776 energy   194.6 births 48217302 deaths 48217282 (23504.3s) AMD Radeon AI PRO R9700 (RADV GFX1201)
tick 5373000 alive  1046056 genomes   49445 energy   194.3 births 48527976 deaths 48527939 (23506.9s) AMD Radeon AI PRO R9700 (RADV GFX1201)
tick 5374000 alive  1045955 genomes   49068 energy   194.2 births 48443341 deaths 48443442 (23509.5s) AMD Radeon AI PRO R9700 (RADV GFX1201)
tick 5375000 alive  1046009 genomes   49318 energy   194.4 births 48626157 deaths 48626103 (23512.1s) AMD Radeon AI PRO R9700 (RADV GFX1201)
tick 5376000 alive  1046008 genomes   49551 energy   193.9 births 48757137 deaths 48757138 (23514.6s) AMD Radeon AI PRO R9700 (RADV GFX1201)
tick 5377000 alive  1046037 genomes   48290 energy   195.0 births 48595330 deaths 48595301 (23517.2s) AMD Radeon AI PRO R9700 (RADV GFX1201)
tick 5378000 alive  1046007 genomes   49150 energy   194.0 births 48364077 deaths 48364107 (23519.7s) AMD Radeon AI PRO R9700 (RADV GFX1201)
tick 5379000 alive  1045954 genomes   49301 energy   193.8 births 48599202 deaths 48599255 (23522.3s) AMD Radeon AI PRO R9700 (RADV GFX1201)
tick 5380000 alive  1046009 genomes   49410 energy   193.6 births 48752614 deaths 48752559 (23524.9s) AMD Radeon AI PRO R9700 (RADV GFX1201)
tick 5381000 alive  1046032 genomes   50209 energy   193.6 births 49355058 deaths 49355035 (23527.5s) AMD Radeon AI PRO R9700 (RADV GFX1201)
tick 5382000 alive  1046123 genomes   48861 energy   194.4 births 48746554 deaths 48746463 (23530.0s) AMD Radeon AI PRO R9700 (RADV GFX1201)
tick 5383000 alive  1045962 genomes   48543 energy   194.8 births 48229128 deaths 48229289 (23532.6s) AMD Radeon AI PRO R9700 (RADV GFX1201)
tick 5384000 alive  1046153 genomes   49079 energy   194.3 births 48434903 deaths 48434712 (23535.2s) AMD Radeon AI PRO R9700 (RADV GFX1201)
tick 5385000 alive  1045988 genomes   48817 energy   194.5 births 48405499 deaths 48405664 (23537.8s) AMD Radeon AI PRO R9700 (RADV GFX1201)
tick 5386000 alive  1045985 genomes   49215 energy   193.9 births 48398811 deaths 48398814 (23540.4s) AMD Radeon AI PRO R9700 (RADV GFX1201)
tick 5387000 alive  1046121 genomes   49316 energy   193.9 births 48646216 deaths 48646080 (23543.1s) AMD Radeon AI PRO R9700 (RADV GFX1201)
tick 5388000 alive  1046090 genomes   49412 energy   193.9 births 48987326 deaths 48987357 (23545.7s) AMD Radeon AI PRO R9700 (RADV GFX1201)
tick 5389000 alive  1046051 genomes   48349 energy   194.4 births 48667609 deaths 48667648 (23548.3s) AMD Radeon AI PRO R9700 (RADV GFX1201)
tick 5390000 alive  1046099 genomes   48908 energy   193.6 births 48543299 deaths 48543251 (23550.9s) AMD Radeon AI PRO R9700 (RADV GFX1201)
tick 5391000 alive  1046086 genomes   48708 energy   193.9 births 49103119 deaths 49103132 (23553.4s) AMD Radeon AI PRO R9700 (RADV GFX1201)
tick 5392000 alive  1046126 genomes   49188 energy   193.7 births 48971681 deaths 48971641 (23556.0s) AMD Radeon AI PRO R9700 (RADV GFX1201)
tick 5393000 alive  1045943 genomes   48270 energy   193.9 births 48766969 deaths 48767152 (23558.6s) AMD Radeon AI PRO R9700 (RADV GFX1201)
tick 5394000 alive  1045988 genomes   49956 energy   192.9 births 49320443 deaths 49320398 (23561.2s) AMD Radeon AI PRO R9700 (RADV GFX1201)
tick 5395000 alive  1046156 genomes   49235 energy   193.8 births 49328872 deaths 49328704 (23563.8s) AMD Radeon AI PRO R9700 (RADV GFX1201)
tick 5396000 alive  1046016 genomes   49723 energy   193.6 births 49059038 deaths 49059178 (23566.4s) AMD Radeon AI PRO R9700 (RADV GFX1201)
tick 5397000 alive  1046012 genomes   48646 energy   194.6 births 48702281 deaths 48702285 (23569.1s) AMD Radeon AI PRO R9700 (RADV GFX1201)
tick 5398000 alive  1046014 genomes   48858 energy   194.3 births 48551555 deaths 48551553 (23571.7s) AMD Radeon AI PRO R9700 (RADV GFX1201)
tick 5399000 alive  1046069 genomes   48987 energy   194.4 births 48594662 deaths 48594607 (23574.3s) AMD Radeon AI PRO R9700 (RADV GFX1201)
tick 5400000 alive  1045907 genomes   48978 energy   194.4 births 48615057 deaths 48615219 (23577.3s) AMD Radeon AI PRO R9700 (RADV GFX1201)
tick 5401000 alive  1046066 genomes   49741 energy   193.8 births 48744400 deaths 48744241 (23580.1s) AMD Radeon AI PRO R9700 (RADV GFX1201)
tick 5402000 alive  1045978 genomes   49551 energy   194.0 births 48819478 deaths 48819566 (23582.7s) AMD Radeon AI PRO R9700 (RADV GFX1201)
tick 5403000 alive  1045995 genomes   50222 energy   193.5 births 48749183 deaths 48749166 (23585.4s) AMD Radeon AI PRO R9700 (RADV GFX1201)
tick 5404000 alive  1046080 genomes   50150 energy   193.3 births 49188021 deaths 49187936 (23587.9s) AMD Radeon AI PRO R9700 (RADV GFX1201)
tick 5405000 alive  1046088 genomes   51398 energy   192.4 births 49645165 deaths 49645157 (23590.5s) AMD Radeon AI PRO R9700 (RADV GFX1201)
tick 5406000 alive  1045959 genomes   51317 energy   192.8 births 49765520 deaths 49765649 (23593.1s) AMD Radeon AI PRO R9700 (RADV GFX1201)
tick 5407000 alive  1045987 genomes   49437 energy   194.0 births 49300678 deaths 49300650 (23595.7s) AMD Radeon AI PRO R9700 (RADV GFX1201)
tick 5408000 alive  1045995 genomes   49496 energy   193.9 births 48897335 deaths 48897327 (23598.3s) AMD Radeon AI PRO R9700 (RADV GFX1201)
tick 5409000 alive  1046109 genomes   49463 energy   194.1 births 48818507 deaths 48818393 (23600.9s) AMD Radeon AI PRO R9700 (RADV GFX1201)
tick 5410000 alive  1046013 genomes   50241 energy   193.3 births 49018230 deaths 49018326 (23603.5s) AMD Radeon AI PRO R9700 (RADV GFX1201)
tick 5411000 alive  1046015 genomes   50840 energy   192.9 births 49602289 deaths 49602287 (23606.1s) AMD Radeon AI PRO R9700 (RADV GFX1201)
tick 5412000 alive  1045991 genomes   50244 energy   193.1 births 49672991 deaths 49673015 (23608.7s) AMD Radeon AI PRO R9700 (RADV GFX1201)
tick 5413000 alive  1045971 genomes   50851 energy   193.2 births 49541873 deaths 49541893 (23611.3s) AMD Radeon AI PRO R9700 (RADV GFX1201)
tick 5414000 alive  1046021 genomes   49523 energy   194.4 births 49297768 deaths 49297718 (23614.0s) AMD Radeon AI PRO R9700 (RADV GFX1201)
tick 5415000 alive  1046067 genomes   49264 energy   194.5 births 48784582 deaths 48784536 (23616.6s) AMD Radeon AI PRO R9700 (RADV GFX1201)
tick 5416000 alive  1046026 genomes   49963 energy   193.7 births 48744791 deaths 48744832 (23619.2s) AMD Radeon AI PRO R9700 (RADV GFX1201)
tick 5417000 alive  1046028 genomes   49158 energy   194.4 births 48777283 deaths 48777281 (23621.8s) AMD Radeon AI PRO R9700 (RADV GFX1201)
tick 5418000 alive  1046090 genomes   50541 energy   193.6 births 49142387 deaths 49142325 (23624.4s) AMD Radeon AI PRO R9700 (RADV GFX1201)
tick 5419000 alive  1046030 genomes   50234 energy   193.4 births 49194970 deaths 49195030 (23627.1s) AMD Radeon AI PRO R9700 (RADV GFX1201)
tick 5420000 alive  1045988 genomes   49534 energy   194.1 births 49018373 deaths 49018415 (23629.7s) AMD Radeon AI PRO R9700 (RADV GFX1201)
tick 5421000 alive  1045962 genomes   47945 energy   194.8 births 48439230 deaths 48439256 (23632.4s) AMD Radeon AI PRO R9700 (RADV GFX1201)
tick 5422000 alive  1046047 genomes   49631 energy   193.4 births 48708620 deaths 48708535 (23635.1s) AMD Radeon AI PRO R9700 (RADV GFX1201)
tick 5423000 alive  1046038 genomes   51130 energy   192.8 births 49499144 deaths 49499153 (23637.8s) AMD Radeon AI PRO R9700 (RADV GFX1201)
tick 5424000 alive  1045994 genomes   49760 energy   193.6 births 49348103 deaths 49348147 (23640.3s) AMD Radeon AI PRO R9700 (RADV GFX1201)
tick 5425000 alive  1046035 genomes   49346 energy   193.8 births 49321216 deaths 49321175 (23643.1s) AMD Radeon AI PRO R9700 (RADV GFX1201)
tick 5426000 alive  1046010 genomes   48991 energy   194.0 births 48677761 deaths 48677786 (23645.8s) AMD Radeon AI PRO R9700 (RADV GFX1201)
tick 5427000 alive  1045958 genomes   50697 energy   193.0 births 49108435 deaths 49108487 (23648.4s) AMD Radeon AI PRO R9700 (RADV GFX1201)
tick 5428000 alive  1045912 genomes   50736 energy   193.5 births 49325996 deaths 49326042 (23651.2s) AMD Radeon AI PRO R9700 (RADV GFX1201)
tick 5429000 alive  1046030 genomes   49649 energy   194.2 births 48819370 deaths 48819252 (23653.9s) AMD Radeon AI PRO R9700 (RADV GFX1201)
tick 5430000 alive  1045934 genomes   49708 energy   194.1 births 48548839 deaths 48548935 (23656.6s) AMD Radeon AI PRO R9700 (RADV GFX1201)
tick 5431000 alive  1045967 genomes   48640 energy   194.6 births 48473581 deaths 48473548 (23659.2s) AMD Radeon AI PRO R9700 (RADV GFX1201)
tick 5432000 alive  1046011 genomes   48339 energy   195.0 births 48208305 deaths 48208261 (23661.8s) AMD Radeon AI PRO R9700 (RADV GFX1201)
tick 5433000 alive  1046065 genomes   47855 energy   195.4 births 47953875 deaths 47953821 (23664.4s) AMD Radeon AI PRO R9700 (RADV GFX1201)
tick 5434000 alive  1045967 genomes   48816 energy   194.8 births 47816548 deaths 47816646 (23667.0s) AMD Radeon AI PRO R9700 (RADV GFX1201)
tick 5435000 alive  1046101 genomes   49315 energy   194.5 births 48195503 deaths 48195369 (23669.7s) AMD Radeon AI PRO R9700 (RADV GFX1201)
tick 5436000 alive  1046020 genomes   50446 energy   193.3 births 48739922 deaths 48740003 (23672.3s) AMD Radeon AI PRO R9700 (RADV GFX1201)
tick 5437000 alive  1046063 genomes   50165 energy   193.5 births 49470590 deaths 49470547 (23674.9s) AMD Radeon AI PRO R9700 (RADV GFX1201)
tick 5438000 alive  1046043 genomes   51090 energy   193.3 births 49210074 deaths 49210094 (23677.4s) AMD Radeon AI PRO R9700 (RADV GFX1201)
tick 5439000 alive  1046056 genomes   49030 energy   194.2 births 48921482 deaths 48921469 (23680.1s) AMD Radeon AI PRO R9700 (RADV GFX1201)
tick 5440000 alive  1046028 genomes   49761 energy   194.0 births 48651713 deaths 48651741 (23682.7s) AMD Radeon AI PRO R9700 (RADV GFX1201)
tick 5441000 alive  1046100 genomes   49856 energy   193.9 births 48921992 deaths 48921920 (23685.2s) AMD Radeon AI PRO R9700 (RADV GFX1201)
tick 5442000 alive  1046045 genomes   49183 energy   194.2 births 48718368 deaths 48718423 (23687.8s) AMD Radeon AI PRO R9700 (RADV GFX1201)
tick 5443000 alive  1046124 genomes   49280 energy   193.9 births 48846645 deaths 48846566 (23690.4s) AMD Radeon AI PRO R9700 (RADV GFX1201)
tick 5444000 alive  1046045 genomes   50469 energy   193.2 births 49033533 deaths 49033612 (23693.0s) AMD Radeon AI PRO R9700 (RADV GFX1201)
tick 5445000 alive  1046055 genomes   49964 energy   194.1 births 49317221 deaths 49317211 (23695.5s) AMD Radeon AI PRO R9700 (RADV GFX1201)
tick 5446000 alive  1045974 genomes   49551 energy   194.2 births 48702923 deaths 48703004 (23698.1s) AMD Radeon AI PRO R9700 (RADV GFX1201)
tick 5447000 alive  1045998 genomes   49952 energy   193.6 births 48972940 deaths 48972916 (23700.7s) AMD Radeon AI PRO R9700 (RADV GFX1201)
tick 5448000 alive  1045959 genomes   50191 energy   193.8 births 48969051 deaths 48969090 (23703.4s) AMD Radeon AI PRO R9700 (RADV GFX1201)
tick 5449000 alive  1046008 genomes   51291 energy   192.9 births 49339828 deaths 49339779 (23706.0s) AMD Radeon AI PRO R9700 (RADV GFX1201)
tick 5450000 alive  1045972 genomes   49637 energy   193.8 births 49122559 deaths 49122595 (23708.5s) AMD Radeon AI PRO R9700 (RADV GFX1201)
tick 5451000 alive  1046059 genomes   50067 energy   193.6 births 48915775 deaths 48915688 (23711.1s) AMD Radeon AI PRO R9700 (RADV GFX1201)
tick 5452000 alive  1046063 genomes   51350 energy   193.3 births 49354579 deaths 49354575 (23713.7s) AMD Radeon AI PRO R9700 (RADV GFX1201)
tick 5453000 alive  1046084 genomes   51501 energy   192.8 births 49786721 deaths 49786700 (23716.3s) AMD Radeon AI PRO R9700 (RADV GFX1201)
tick 5454000 alive  1046021 genomes   49807 energy   193.8 births 49178819 deaths 49178882 (23718.9s) AMD Radeon AI PRO R9700 (RADV GFX1201)
tick 5455000 alive  1045997 genomes   49963 energy   193.9 births 49032599 deaths 49032623 (23721.8s) AMD Radeon AI PRO R9700 (RADV GFX1201)
tick 5456000 alive  1046116 genomes   48671 energy   194.8 births 48597295 deaths 48597176 (23724.4s) AMD Radeon AI PRO R9700 (RADV GFX1201)
tick 5457000 alive  1046099 genomes   49530 energy   194.3 births 48371417 deaths 48371434 (23727.2s) AMD Radeon AI PRO R9700 (RADV GFX1201)
tick 5458000 alive  1045941 genomes   50386 energy   193.2 births 49289687 deaths 49289845 (23729.8s) AMD Radeon AI PRO R9700 (RADV GFX1201)
tick 5459000 alive  1046030 genomes   50248 energy   193.9 births 49217886 deaths 49217797 (23732.4s) AMD Radeon AI PRO R9700 (RADV GFX1201)
tick 5460000 alive  1045984 genomes   50215 energy   193.7 births 48987963 deaths 48988009 (23735.0s) AMD Radeon AI PRO R9700 (RADV GFX1201)
tick 5461000 alive  1046106 genomes   49307 energy   194.1 births 48980837 deaths 48980715 (23737.6s) AMD Radeon AI PRO R9700 (RADV GFX1201)
tick 5462000 alive  1046102 genomes   48994 energy   194.7 births 48683531 deaths 48683535 (23740.2s) AMD Radeon AI PRO R9700 (RADV GFX1201)
tick 5463000 alive  1046111 genomes   49222 energy   194.2 births 48551591 deaths 48551582 (23742.8s) AMD Radeon AI PRO R9700 (RADV GFX1201)
tick 5464000 alive  1046073 genomes   49420 energy   194.5 births 48850695 deaths 48850733 (23745.3s) AMD Radeon AI PRO R9700 (RADV GFX1201)
tick 5465000 alive  1046055 genomes   49664 energy   194.0 births 48454937 deaths 48454955 (23747.9s) AMD Radeon AI PRO R9700 (RADV GFX1201)
tick 5466000 alive  1046039 genomes   50442 energy   193.4 births 49006270 deaths 49006286 (23750.5s) AMD Radeon AI PRO R9700 (RADV GFX1201)
tick 5467000 alive  1046120 genomes   50008 energy   193.6 births 49149764 deaths 49149683 (23753.1s) AMD Radeon AI PRO R9700 (RADV GFX1201)
tick 5468000 alive  1046043 genomes   50874 energy   193.2 births 49258781 deaths 49258858 (23755.7s) AMD Radeon AI PRO R9700 (RADV GFX1201)
tick 5469000 alive  1046046 genomes   51688 energy   192.9 births 49611979 deaths 49611976 (23758.3s) AMD Radeon AI PRO R9700 (RADV GFX1201)
tick 5470000 alive  1045978 genomes   49680 energy   194.0 births 48955729 deaths 48955797 (23760.8s) AMD Radeon AI PRO R9700 (RADV GFX1201)
tick 5471000 alive  1046013 genomes   50769 energy   193.7 births 49066842 deaths 49066807 (23763.4s) AMD Radeon AI PRO R9700 (RADV GFX1201)
tick 5472000 alive  1046014 genomes   50979 energy   193.3 births 49137053 deaths 49137052 (23766.0s) AMD Radeon AI PRO R9700 (RADV GFX1201)
tick 5473000 alive  1046054 genomes   50257 energy   194.0 births 49266182 deaths 49266142 (23768.5s) AMD Radeon AI PRO R9700 (RADV GFX1201)
tick 5474000 alive  1045989 genomes   50055 energy   194.1 births 48713787 deaths 48713852 (23771.1s) AMD Radeon AI PRO R9700 (RADV GFX1201)
tick 5475000 alive  1046098 genomes   49417 energy   194.7 births 48631239 deaths 48631130 (23773.7s) AMD Radeon AI PRO R9700 (RADV GFX1201)
tick 5476000 alive  1046041 genomes   48833 energy   194.7 births 48203398 deaths 48203455 (23776.2s) AMD Radeon AI PRO R9700 (RADV GFX1201)
tick 5477000 alive  1046046 genomes   49128 energy   194.6 births 48490260 deaths 48490255 (23778.8s) AMD Radeon AI PRO R9700 (RADV GFX1201)
tick 5478000 alive  1045989 genomes   50388 energy   193.9 births 48734567 deaths 48734624 (23781.3s) AMD Radeon AI PRO R9700 (RADV GFX1201)
tick 5479000 alive  1045923 genomes   49952 energy   194.1 births 49072802 deaths 49072868 (23783.9s) AMD Radeon AI PRO R9700 (RADV GFX1201)
tick 5480000 alive  1046148 genomes   51396 energy   193.6 births 48826730 deaths 48826505 (23786.6s) AMD Radeon AI PRO R9700 (RADV GFX1201)
tick 5481000 alive  1045925 genomes   51677 energy   193.4 births 49291255 deaths 49291478 (23789.3s) AMD Radeon AI PRO R9700 (RADV GFX1201)
tick 5482000 alive  1045960 genomes   51268 energy   193.7 births 49551022 deaths 49550987 (23791.9s) AMD Radeon AI PRO R9700 (RADV GFX1201)
tick 5483000 alive  1046063 genomes   51150 energy   193.3 births 49284655 deaths 49284552 (23794.9s) AMD Radeon AI PRO R9700 (RADV GFX1201)
tick 5484000 alive  1046119 genomes   50520 energy   194.1 births 49105411 deaths 49105355 (23797.4s) AMD Radeon AI PRO R9700 (RADV GFX1201)
tick 5485000 alive  1046052 genomes   49956 energy   194.4 births 48717659 deaths 48717726 (23800.1s) AMD Radeon AI PRO R9700 (RADV GFX1201)
tick 5486000 alive  1046038 genomes   50914 energy   193.9 births 48742517 deaths 48742531 (23802.7s) AMD Radeon AI PRO R9700 (RADV GFX1201)
tick 5487000 alive  1046038 genomes   50907 energy   193.7 births 49061698 deaths 49061698 (23805.3s) AMD Radeon AI PRO R9700 (RADV GFX1201)
tick 5488000 alive  1046021 genomes   52262 energy   193.2 births 49062482 deaths 49062499 (23808.0s) AMD Radeon AI PRO R9700 (RADV GFX1201)
tick 5489000 alive  1046057 genomes   51231 energy   193.6 births 49260373 deaths 49260337 (23810.6s) AMD Radeon AI PRO R9700 (RADV GFX1201)
tick 5490000 alive  1046077 genomes   50315 energy   194.1 births 48964215 deaths 48964195 (23813.3s) AMD Radeon AI PRO R9700 (RADV GFX1201)
tick 5491000 alive  1046057 genomes   49994 energy   194.3 births 48643501 deaths 48643521 (23815.9s) AMD Radeon AI PRO R9700 (RADV GFX1201)
tick 5492000 alive  1046089 genomes   49684 energy   194.1 births 48713247 deaths 48713215 (23818.5s) AMD Radeon AI PRO R9700 (RADV GFX1201)
tick 5493000 alive  1046135 genomes   49180 energy   195.0 births 48354869 deaths 48354823 (23821.1s) AMD Radeon AI PRO R9700 (RADV GFX1201)
tick 5494000 alive  1046022 genomes   51220 energy   193.8 births 48373460 deaths 48373573 (23823.8s) AMD Radeon AI PRO R9700 (RADV GFX1201)
tick 5495000 alive  1046107 genomes   50886 energy   194.0 births 48785185 deaths 48785100 (23826.4s) AMD Radeon AI PRO R9700 (RADV GFX1201)
tick 5496000 alive  1046029 genomes   49942 energy   194.4 births 48728829 deaths 48728907 (23829.0s) AMD Radeon AI PRO R9700 (RADV GFX1201)
tick 5497000 alive  1045945 genomes   51054 energy   193.4 births 48747531 deaths 48747615 (23831.6s) AMD Radeon AI PRO R9700 (RADV GFX1201)
tick 5498000 alive  1046073 genomes   49632 energy   194.7 births 48643554 deaths 48643426 (23834.2s) AMD Radeon AI PRO R9700 (RADV GFX1201)
tick 5499000 alive  1046013 genomes   50352 energy   194.3 births 48522836 deaths 48522896 (23836.8s) AMD Radeon AI PRO R9700 (RADV GFX1201)
tick 5500000 alive  1046055 genomes   50177 energy   194.3 births 48617940 deaths 48617898 (23839.4s) AMD Radeon AI PRO R9700 (RADV GFX1201)
tick 5501000 alive  1046066 genomes   50971 energy   193.8 births 48677068 deaths 48677057 (23842.0s) AMD Radeon AI PRO R9700 (RADV GFX1201)
tick 5502000 alive  1046136 genomes   50390 energy   194.6 births 48697533 deaths 48697463 (23844.6s) AMD Radeon AI PRO R9700 (RADV GFX1201)
tick 5503000 alive  1046009 genomes   49444 energy   194.9 births 48429627 deaths 48429754 (23847.2s) AMD Radeon AI PRO R9700 (RADV GFX1201)
tick 5504000 alive  1046067 genomes   48960 energy   194.8 births 47685455 deaths 47685397 (23849.8s) AMD Radeon AI PRO R9700 (RADV GFX1201)
tick 5505000 alive  1045990 genomes   50669 energy   194.2 births 48251816 deaths 48251893 (23852.5s) AMD Radeon AI PRO R9700 (RADV GFX1201)
tick 5506000 alive  1046049 genomes   50117 energy   194.2 births 48658137 deaths 48658078 (23855.2s) AMD Radeon AI PRO R9700 (RADV GFX1201)
tick 5507000 alive  1045972 genomes   50700 energy   193.5 births 48699085 deaths 48699162 (23857.8s) AMD Radeon AI PRO R9700 (RADV GFX1201)
tick 5508000 alive  1046004 genomes   50749 energy   193.3 births 49283765 deaths 49283733 (23860.5s) AMD Radeon AI PRO R9700 (RADV GFX1201)
tick 5509000 alive  1046024 genomes   50786 energy   193.6 births 49460431 deaths 49460411 (23863.1s) AMD Radeon AI PRO R9700 (RADV GFX1201)
tick 5510000 alive  1046007 genomes   51082 energy   193.7 births 48936037 deaths 48936054 (23865.7s) AMD Radeon AI PRO R9700 (RADV GFX1201)
tick 5511000 alive  1046001 genomes   49602 energy   194.6 births 48835669 deaths 48835675 (23868.3s) AMD Radeon AI PRO R9700 (RADV GFX1201)
tick 5512000 alive  1046040 genomes   49575 energy   194.3 births 48368856 deaths 48368817 (23871.0s) AMD Radeon AI PRO R9700 (RADV GFX1201)
tick 5513000 alive  1046039 genomes   49288 energy   194.2 births 48586836 deaths 48586837 (23873.6s) AMD Radeon AI PRO R9700 (RADV GFX1201)
tick 5514000 alive  1046057 genomes   49574 energy   194.4 births 48615319 deaths 48615301 (23876.2s) AMD Radeon AI PRO R9700 (RADV GFX1201)
tick 5515000 alive  1045996 genomes   49357 energy   194.5 births 48719054 deaths 48719115 (23878.8s) AMD Radeon AI PRO R9700 (RADV GFX1201)
tick 5516000 alive  1046046 genomes   50909 energy   193.2 births 48936959 deaths 48936909 (23881.4s) AMD Radeon AI PRO R9700 (RADV GFX1201)
tick 5517000 alive  1045988 genomes   50392 energy   193.6 births 49237764 deaths 49237822 (23884.0s) AMD Radeon AI PRO R9700 (RADV GFX1201)
tick 5518000 alive  1045933 genomes   49792 energy   194.2 births 48940520 deaths 48940575 (23886.6s) AMD Radeon AI PRO R9700 (RADV GFX1201)
tick 5519000 alive  1046034 genomes   49204 energy   194.5 births 48505645 deaths 48505544 (23889.3s) AMD Radeon AI PRO R9700 (RADV GFX1201)
tick 5520000 alive  1046084 genomes   48412 energy   194.8 births 48367898 deaths 48367848 (23892.0s) AMD Radeon AI PRO R9700 (RADV GFX1201)
tick 5521000 alive  1045983 genomes   47814 energy   195.3 births 47932272 deaths 47932373 (23894.5s) AMD Radeon AI PRO R9700 (RADV GFX1201)
tick 5522000 alive  1046024 genomes   48411 energy   194.9 births 47714968 deaths 47714927 (23897.5s) AMD Radeon AI PRO R9700 (RADV GFX1201)
tick 5523000 alive  1045979 genomes   49127 energy   194.3 births 48210870 deaths 48210915 (23900.1s) AMD Radeon AI PRO R9700 (RADV GFX1201)
tick 5524000 alive  1046108 genomes   49354 energy   194.0 births 48675336 deaths 48675207 (23902.7s) AMD Radeon AI PRO R9700 (RADV GFX1201)
tick 5525000 alive  1045995 genomes   50312 energy   193.7 births 48986405 deaths 48986518 (23905.7s) AMD Radeon AI PRO R9700 (RADV GFX1201)
tick 5526000 alive  1046022 genomes   48900 energy   194.6 births 48591471 deaths 48591444 (23908.4s) AMD Radeon AI PRO R9700 (RADV GFX1201)
tick 5527000 alive  1046109 genomes   49081 energy   194.8 births 48439075 deaths 48438988 (23911.1s) AMD Radeon AI PRO R9700 (RADV GFX1201)
tick 5528000 alive  1046053 genomes   48051 energy   195.6 births 47839887 deaths 47839943 (23913.7s) AMD Radeon AI PRO R9700 (RADV GFX1201)
tick 5529000 alive  1045921 genomes   48496 energy   195.1 births 47594712 deaths 47594844 (23916.3s) AMD Radeon AI PRO R9700 (RADV GFX1201)
tick 5530000 alive  1045980 genomes   48312 energy   195.5 births 47566324 deaths 47566265 (23918.8s) AMD Radeon AI PRO R9700 (RADV GFX1201)
tick 5531000 alive  1046024 genomes   49668 energy   194.0 births 48015165 deaths 48015121 (23921.5s) AMD Radeon AI PRO R9700 (RADV GFX1201)
tick 5532000 alive  1046160 genomes   49174 energy   194.6 births 48246302 deaths 48246166 (23924.3s) AMD Radeon AI PRO R9700 (RADV GFX1201)
tick 5533000 alive  1046055 genomes   48323 energy   195.0 births 48146631 deaths 48146736 (23926.9s) AMD Radeon AI PRO R9700 (RADV GFX1201)
tick 5534000 alive  1046072 genomes   47943 energy   195.4 births 48052242 deaths 48052225 (23929.6s) AMD Radeon AI PRO R9700 (RADV GFX1201)
tick 5535000 alive  1045994 genomes   48713 energy   194.7 births 48030528 deaths 48030606 (23932.2s) AMD Radeon AI PRO R9700 (RADV GFX1201)
tick 5536000 alive  1046092 genomes   49547 energy   194.1 births 48404292 deaths 48404194 (23934.7s) AMD Radeon AI PRO R9700 (RADV GFX1201)
tick 5537000 alive  1046004 genomes   49961 energy   193.7 births 48863188 deaths 48863276 (23937.3s) AMD Radeon AI PRO R9700 (RADV GFX1201)
tick 5538000 alive  1046157 genomes   50099 energy   193.6 births 49024710 deaths 49024557 (23939.9s) AMD Radeon AI PRO R9700 (RADV GFX1201)
tick 5539000 alive  1046121 genomes   47946 energy   195.3 births 48123738 deaths 48123774 (23942.5s) AMD Radeon AI PRO R9700 (RADV GFX1201)
tick 5540000 alive  1046047 genomes   48170 energy   195.2 births 47876635 deaths 47876709 (23945.1s) AMD Radeon AI PRO R9700 (RADV GFX1201)
tick 5541000 alive  1046097 genomes   48473 energy   195.1 births 48058596 deaths 48058546 (23947.7s) AMD Radeon AI PRO R9700 (RADV GFX1201)
tick 5542000 alive  1046122 genomes   47895 energy   195.4 births 47765457 deaths 47765432 (23950.3s) AMD Radeon AI PRO R9700 (RADV GFX1201)
tick 5543000 alive  1045984 genomes   48443 energy   194.6 births 47823824 deaths 47823962 (23952.8s) AMD Radeon AI PRO R9700 (RADV GFX1201)
tick 5544000 alive  1046067 genomes   49175 energy   194.3 births 48420884 deaths 48420801 (23955.4s) AMD Radeon AI PRO R9700 (RADV GFX1201)
tick 5545000 alive  1046060 genomes   48993 energy   194.8 births 48465198 deaths 48465205 (23958.0s) AMD Radeon AI PRO R9700 (RADV GFX1201)
tick 5546000 alive  1046021 genomes   48995 energy   194.3 births 48284641 deaths 48284680 (23960.6s) AMD Radeon AI PRO R9700 (RADV GFX1201)
tick 5547000 alive  1046126 genomes   49310 energy   194.5 births 48113875 deaths 48113770 (23963.3s) AMD Radeon AI PRO R9700 (RADV GFX1201)
tick 5548000 alive  1046029 genomes   48339 energy   195.1 births 47964403 deaths 47964500 (23965.9s) AMD Radeon AI PRO R9700 (RADV GFX1201)
tick 5549000 alive  1045997 genomes   50363 energy   194.3 births 48129782 deaths 48129814 (23968.5s) AMD Radeon AI PRO R9700 (RADV GFX1201)
tick 5550000 alive  1046022 genomes   49661 energy   194.6 births 48407165 deaths 48407140 (23971.1s) AMD Radeon AI PRO R9700 (RADV GFX1201)
tick 5551000 alive  1046028 genomes   49956 energy   194.8 births 48249581 deaths 48249575 (23973.7s) AMD Radeon AI PRO R9700 (RADV GFX1201)
tick 5552000 alive  1045992 genomes   49070 energy   195.2 births 47987476 deaths 47987512 (23976.4s) AMD Radeon AI PRO R9700 (RADV GFX1201)
tick 5553000 alive  1046040 genomes   49807 energy   194.6 births 48066794 deaths 48066746 (23979.0s) AMD Radeon AI PRO R9700 (RADV GFX1201)
tick 5554000 alive  1045953 genomes   50879 energy   194.2 births 48726161 deaths 48726248 (23981.7s) AMD Radeon AI PRO R9700 (RADV GFX1201)
tick 5555000 alive  1046017 genomes   50782 energy   194.0 births 48767432 deaths 48767368 (23984.3s) AMD Radeon AI PRO R9700 (RADV GFX1201)
tick 5556000 alive  1046070 genomes   49294 energy   194.5 births 48496330 deaths 48496277 (23986.9s) AMD Radeon AI PRO R9700 (RADV GFX1201)
tick 5557000 alive  1046078 genomes   49423 energy   194.6 births 48344205 deaths 48344197 (23989.5s) AMD Radeon AI PRO R9700 (RADV GFX1201)
tick 5558000 alive  1046099 genomes   49788 energy   194.5 births 48336111 deaths 48336090 (23992.1s) AMD Radeon AI PRO R9700 (RADV GFX1201)
tick 5559000 alive  1046078 genomes   50079 energy   194.1 births 48724446 deaths 48724467 (23995.0s) AMD Radeon AI PRO R9700 (RADV GFX1201)
tick 5560000 alive  1046098 genomes   48551 energy   195.1 births 48033041 deaths 48033021 (23997.8s) AMD Radeon AI PRO R9700 (RADV GFX1201)
tick 5561000 alive  1046156 genomes   49780 energy   194.3 births 48289514 deaths 48289456 (24000.6s) AMD Radeon AI PRO R9700 (RADV GFX1201)
tick 5562000 alive  1046072 genomes   49675 energy   194.2 births 48584318 deaths 48584402 (24003.3s) AMD Radeon AI PRO R9700 (RADV GFX1201)
tick 5563000 alive  1046003 genomes   50796 energy   193.7 births 48982240 deaths 48982309 (24005.8s) AMD Radeon AI PRO R9700 (RADV GFX1201)
tick 5564000 alive  1046065 genomes   50939 energy   193.8 births 49271878 deaths 49271816 (24008.4s) AMD Radeon AI PRO R9700 (RADV GFX1201)
tick 5565000 alive  1046067 genomes   50036 energy   193.9 births 48832076 deaths 48832074 (24011.4s) AMD Radeon AI PRO R9700 (RADV GFX1201)
tick 5566000 alive  1046104 genomes   51398 energy   193.3 births 49192542 deaths 49192505 (24014.0s) AMD Radeon AI PRO R9700 (RADV GFX1201)
tick 5567000 alive  1046029 genomes   50304 energy   194.2 births 48832679 deaths 48832754 (24016.9s) AMD Radeon AI PRO R9700 (RADV GFX1201)
tick 5568000 alive  1046000 genomes   51578 energy   193.4 births 49064844 deaths 49064873 (24019.6s) AMD Radeon AI PRO R9700 (RADV GFX1201)
tick 5569000 alive  1046050 genomes   50527 energy   194.2 births 49072769 deaths 49072719 (24022.2s) AMD Radeon AI PRO R9700 (RADV GFX1201)
tick 5570000 alive  1045938 genomes   49715 energy   194.6 births 48280205 deaths 48280317 (24024.8s) AMD Radeon AI PRO R9700 (RADV GFX1201)
tick 5571000 alive  1046070 genomes   48244 energy   195.4 births 47635813 deaths 47635681 (24027.4s) AMD Radeon AI PRO R9700 (RADV GFX1201)
tick 5572000 alive  1045986 genomes   49282 energy   194.7 births 47631326 deaths 47631410 (24030.0s) AMD Radeon AI PRO R9700 (RADV GFX1201)
tick 5573000 alive  1046072 genomes   49301 energy   194.8 births 48105217 deaths 48105131 (24032.6s) AMD Radeon AI PRO R9700 (RADV GFX1201)
tick 5574000 alive  1045983 genomes   49331 energy   194.4 births 48408598 deaths 48408687 (24035.2s) AMD Radeon AI PRO R9700 (RADV GFX1201)
tick 5575000 alive  1046044 genomes   50765 energy   193.6 births 48686428 deaths 48686367 (24037.9s) AMD Radeon AI PRO R9700 (RADV GFX1201)
tick 5576000 alive  1046081 genomes   50109 energy   193.9 births 49087938 deaths 49087901 (24040.4s) AMD Radeon AI PRO R9700 (RADV GFX1201)
tick 5577000 alive  1046082 genomes   48888 energy   194.5 births 48580261 deaths 48580260 (24043.1s) AMD Radeon AI PRO R9700 (RADV GFX1201)
tick 5578000 alive  1045928 genomes   49685 energy   194.3 births 48430372 deaths 48430526 (24045.8s) AMD Radeon AI PRO R9700 (RADV GFX1201)
tick 5579000 alive  1046040 genomes   49894 energy   194.3 births 48433670 deaths 48433558 (24048.5s) AMD Radeon AI PRO R9700 (RADV GFX1201)
tick 5580000 alive  1046021 genomes   50249 energy   194.0 births 48729420 deaths 48729439 (24051.0s) AMD Radeon AI PRO R9700 (RADV GFX1201)
tick 5581000 alive  1046032 genomes   50928 energy   193.7 births 48891286 deaths 48891275 (24053.6s) AMD Radeon AI PRO R9700 (RADV GFX1201)
tick 5582000 alive  1046086 genomes   50955 energy   194.0 births 48879296 deaths 48879242 (24056.2s) AMD Radeon AI PRO R9700 (RADV GFX1201)
tick 5583000 alive  1046068 genomes   50513 energy   194.5 births 48931856 deaths 48931874 (24058.7s) AMD Radeon AI PRO R9700 (RADV GFX1201)
tick 5584000 alive  1045986 genomes   50038 energy   194.2 births 48643644 deaths 48643726 (24061.4s) AMD Radeon AI PRO R9700 (RADV GFX1201)
tick 5585000 alive  1046064 genomes   50422 energy   194.0 births 48745081 deaths 48745003 (24064.0s) AMD Radeon AI PRO R9700 (RADV GFX1201)
tick 5586000 alive  1045979 genomes   50128 energy   194.2 births 48678600 deaths 48678685 (24066.6s) AMD Radeon AI PRO R9700 (RADV GFX1201)
tick 5587000 alive  1046080 genomes   48790 energy   194.8 births 48265626 deaths 48265525 (24069.2s) AMD Radeon AI PRO R9700 (RADV GFX1201)
tick 5588000 alive  1046079 genomes   50180 energy   194.3 births 48337841 deaths 48337842 (24071.8s) AMD Radeon AI PRO R9700 (RADV GFX1201)
tick 5589000 alive  1046095 genomes   48785 energy   194.8 births 48198277 deaths 48198261 (24074.5s) AMD Radeon AI PRO R9700 (RADV GFX1201)
tick 5590000 alive  1046084 genomes   49132 energy   194.9 births 48099057 deaths 48099068 (24077.4s) AMD Radeon AI PRO R9700 (RADV GFX1201)
tick 5591000 alive  1046006 genomes   50039 energy   194.3 births 48305446 deaths 48305524 (24080.1s) AMD Radeon AI PRO R9700 (RADV GFX1201)
tick 5592000 alive  1046035 genomes   49487 energy   194.8 births 48425985 deaths 48425956 (24082.6s) AMD Radeon AI PRO R9700 (RADV GFX1201)
tick 5593000 alive  1045974 genomes   49544 energy   194.8 births 48366650 deaths 48366711 (24085.2s) AMD Radeon AI PRO R9700 (RADV GFX1201)
tick 5594000 alive  1045989 genomes   48774 energy   194.7 births 48205486 deaths 48205471 (24087.9s) AMD Radeon AI PRO R9700 (RADV GFX1201)
tick 5595000 alive  1045976 genomes   48274 energy   195.1 births 47881604 deaths 47881617 (24090.7s) AMD Radeon AI PRO R9700 (RADV GFX1201)
tick 5596000 alive  1046100 genomes   48779 energy   194.3 births 47955469 deaths 47955345 (24093.3s) AMD Radeon AI PRO R9700 (RADV GFX1201)
tick 5597000 alive  1046089 genomes   49193 energy   194.3 births 48645485 deaths 48645496 (24095.9s) AMD Radeon AI PRO R9700 (RADV GFX1201)
tick 5598000 alive  1045985 genomes   50027 energy   193.4 births 48814030 deaths 48814134 (24098.5s) AMD Radeon AI PRO R9700 (RADV GFX1201)
tick 5599000 alive  1046031 genomes   49274 energy   194.3 births 48878057 deaths 48878011 (24101.1s) AMD Radeon AI PRO R9700 (RADV GFX1201)
tick 5600000 alive  1046060 genomes   48440 energy   194.9 births 48221293 deaths 48221264 (24103.7s) AMD Radeon AI PRO R9700 (RADV GFX1201)
tick 5601000 alive  1046053 genomes   47995 energy   195.2 births 47937796 deaths 47937803 (24106.3s) AMD Radeon AI PRO R9700 (RADV GFX1201)
tick 5602000 alive  1046004 genomes   47815 energy   195.4 births 47630637 deaths 47630686 (24108.8s) AMD Radeon AI PRO R9700 (RADV GFX1201)
tick 5603000 alive  1045993 genomes   47834 energy   195.4 births 47508986 deaths 47508997 (24111.4s) AMD Radeon AI PRO R9700 (RADV GFX1201)
tick 5604000 alive  1046039 genomes   49333 energy   194.2 births 48240797 deaths 48240751 (24114.0s) AMD Radeon AI PRO R9700 (RADV GFX1201)
tick 5605000 alive  1046051 genomes   48556 energy   194.9 births 48477942 deaths 48477930 (24116.7s) AMD Radeon AI PRO R9700 (RADV GFX1201)
tick 5606000 alive  1046005 genomes   49012 energy   194.5 births 48455224 deaths 48455270 (24119.3s) AMD Radeon AI PRO R9700 (RADV GFX1201)
tick 5607000 alive  1045993 genomes   48374 energy   195.0 births 47994999 deaths 47995011 (24121.8s) AMD Radeon AI PRO R9700 (RADV GFX1201)
tick 5608000 alive  1046011 genomes   48049 energy   195.0 births 48104510 deaths 48104492 (24124.5s) AMD Radeon AI PRO R9700 (RADV GFX1201)
tick 5609000 alive  1046017 genomes   49394 energy   193.9 births 48280894 deaths 48280888 (24127.0s) AMD Radeon AI PRO R9700 (RADV GFX1201)
tick 5610000 alive  1046035 genomes   50913 energy   192.5 births 49210934 deaths 49210916 (24129.6s) AMD Radeon AI PRO R9700 (RADV GFX1201)
tick 5611000 alive  1045937 genomes   50498 energy   193.3 births 49458525 deaths 49458623 (24132.1s) AMD Radeon AI PRO R9700 (RADV GFX1201)
tick 5612000 alive  1046019 genomes   49919 energy   194.1 births 49020636 deaths 49020554 (24134.7s) AMD Radeon AI PRO R9700 (RADV GFX1201)
tick 5613000 alive  1046093 genomes   48946 energy   194.6 births 48504249 deaths 48504175 (24137.3s) AMD Radeon AI PRO R9700 (RADV GFX1201)
tick 5614000 alive  1046079 genomes   49350 energy   194.4 births 48449748 deaths 48449762 (24139.9s) AMD Radeon AI PRO R9700 (RADV GFX1201)
tick 5615000 alive  1046000 genomes   49663 energy   194.3 births 48343710 deaths 48343789 (24142.6s) AMD Radeon AI PRO R9700 (RADV GFX1201)
tick 5616000 alive  1046019 genomes   49139 energy   194.8 births 48427567 deaths 48427548 (24145.1s) AMD Radeon AI PRO R9700 (RADV GFX1201)
tick 5617000 alive  1046106 genomes   47888 energy   194.9 births 48120414 deaths 48120327 (24147.7s) AMD Radeon AI PRO R9700 (RADV GFX1201)
tick 5618000 alive  1045991 genomes   48810 energy   194.4 births 48110697 deaths 48110812 (24150.4s) AMD Radeon AI PRO R9700 (RADV GFX1201)
tick 5619000 alive  1046029 genomes   48722 energy   194.4 births 48423954 deaths 48423916 (24153.0s) AMD Radeon AI PRO R9700 (RADV GFX1201)
tick 5620000 alive  1045956 genomes   47902 energy   195.2 births 48211163 deaths 48211236 (24155.6s) AMD Radeon AI PRO R9700 (RADV GFX1201)
tick 5621000 alive  1046027 genomes   48579 energy   194.8 births 47897857 deaths 47897786 (24158.1s) AMD Radeon AI PRO R9700 (RADV GFX1201)
tick 5622000 alive  1045970 genomes   49348 energy   194.5 births 48236530 deaths 48236587 (24161.0s) AMD Radeon AI PRO R9700 (RADV GFX1201)
tick 5623000 alive  1046093 genomes   49940 energy   194.0 births 48382796 deaths 48382673 (24163.6s) AMD Radeon AI PRO R9700 (RADV GFX1201)
tick 5624000 alive  1046067 genomes   50403 energy   193.9 births 49090875 deaths 49090901 (24166.2s) AMD Radeon AI PRO R9700 (RADV GFX1201)
tick 5625000 alive  1046095 genomes   49962 energy   194.0 births 48988389 deaths 48988361 (24168.8s) AMD Radeon AI PRO R9700 (RADV GFX1201)
tick 5626000 alive  1046091 genomes   49410 energy   193.9 births 48866913 deaths 48866917 (24171.4s) AMD Radeon AI PRO R9700 (RADV GFX1201)
tick 5627000 alive  1046063 genomes   48860 energy   194.3 births 48523198 deaths 48523226 (24174.0s) AMD Radeon AI PRO R9700 (RADV GFX1201)
tick 5628000 alive  1046074 genomes   48498 energy   194.3 births 48596637 deaths 48596626 (24176.7s) AMD Radeon AI PRO R9700 (RADV GFX1201)
tick 5629000 alive  1046089 genomes   49172 energy   194.1 births 48825721 deaths 48825706 (24179.2s) AMD Radeon AI PRO R9700 (RADV GFX1201)
tick 5630000 alive  1046040 genomes   50517 energy   193.6 births 49079096 deaths 49079145 (24181.8s) AMD Radeon AI PRO R9700 (RADV GFX1201)
tick 5631000 alive  1045992 genomes   50402 energy   193.8 births 48992404 deaths 48992452 (24184.5s) AMD Radeon AI PRO R9700 (RADV GFX1201)
tick 5632000 alive  1046008 genomes   49875 energy   194.1 births 48932800 deaths 48932784 (24187.1s) AMD Radeon AI PRO R9700 (RADV GFX1201)
tick 5633000 alive  1045992 genomes   49941 energy   194.0 births 48781990 deaths 48782006 (24189.7s) AMD Radeon AI PRO R9700 (RADV GFX1201)
tick 5634000 alive  1046057 genomes   50027 energy   194.5 births 48536715 deaths 48536650 (24192.3s) AMD Radeon AI PRO R9700 (RADV GFX1201)
tick 5635000 alive  1045999 genomes   49499 energy   194.5 births 48411349 deaths 48411407 (24195.1s) AMD Radeon AI PRO R9700 (RADV GFX1201)
tick 5636000 alive  1045969 genomes   48883 energy   194.6 births 48403570 deaths 48403600 (24198.0s) AMD Radeon AI PRO R9700 (RADV GFX1201)
tick 5637000 alive  1046068 genomes   48859 energy   194.8 births 48187611 deaths 48187512 (24200.6s) AMD Radeon AI PRO R9700 (RADV GFX1201)
tick 5638000 alive  1046130 genomes   49264 energy   194.5 births 48113537 deaths 48113475 (24203.3s) AMD Radeon AI PRO R9700 (RADV GFX1201)
tick 5639000 alive  1046004 genomes   49358 energy   194.9 births 48388021 deaths 48388147 (24205.9s) AMD Radeon AI PRO R9700 (RADV GFX1201)
tick 5640000 alive  1046016 genomes   50207 energy   194.3 births 48145599 deaths 48145587 (24208.5s) AMD Radeon AI PRO R9700 (RADV GFX1201)
tick 5641000 alive  1046042 genomes   49571 energy   194.7 births 48648303 deaths 48648277 (24211.1s) AMD Radeon AI PRO R9700 (RADV GFX1201)
tick 5642000 alive  1046083 genomes   49413 energy   194.8 births 48409089 deaths 48409048 (24213.7s) AMD Radeon AI PRO R9700 (RADV GFX1201)
tick 5643000 alive  1046033 genomes   49890 energy   194.5 births 48244839 deaths 48244889 (24216.2s) AMD Radeon AI PRO R9700 (RADV GFX1201)
tick 5644000 alive  1046017 genomes   49167 energy   194.7 births 48425279 deaths 48425295 (24218.8s) AMD Radeon AI PRO R9700 (RADV GFX1201)
tick 5645000 alive  1046075 genomes   49660 energy   194.4 births 48153485 deaths 48153427 (24221.4s) AMD Radeon AI PRO R9700 (RADV GFX1201)
tick 5646000 alive  1046037 genomes   51004 energy   193.5 births 48719488 deaths 48719526 (24224.0s) AMD Radeon AI PRO R9700 (RADV GFX1201)
tick 5647000 alive  1046066 genomes   49798 energy   194.4 births 48881381 deaths 48881352 (24226.6s) AMD Radeon AI PRO R9700 (RADV GFX1201)
tick 5648000 alive  1045981 genomes   49716 energy   194.8 births 48368209 deaths 48368294 (24229.1s) AMD Radeon AI PRO R9700 (RADV GFX1201)
tick 5649000 alive  1045975 genomes   49433 energy   194.6 births 48499971 deaths 48499977 (24231.8s) AMD Radeon AI PRO R9700 (RADV GFX1201)
tick 5650000 alive  1046041 genomes   49828 energy   193.8 births 48710784 deaths 48710718 (24234.4s) AMD Radeon AI PRO R9700 (RADV GFX1201)
tick 5651000 alive  1046047 genomes   50163 energy   193.9 births 48504447 deaths 48504441 (24237.0s) AMD Radeon AI PRO R9700 (RADV GFX1201)
tick 5652000 alive  1046055 genomes   50245 energy   193.7 births 48847927 deaths 48847919 (24239.6s) AMD Radeon AI PRO R9700 (RADV GFX1201)
tick 5653000 alive  1045971 genomes   50695 energy   193.6 births 49167502 deaths 49167586 (24242.2s) AMD Radeon AI PRO R9700 (RADV GFX1201)
tick 5654000 alive  1046018 genomes   50777 energy   193.4 births 49294716 deaths 49294669 (24244.8s) AMD Radeon AI PRO R9700 (RADV GFX1201)
tick 5655000 alive  1046040 genomes   50247 energy   193.7 births 49208016 deaths 49207994 (24247.4s) AMD Radeon AI PRO R9700 (RADV GFX1201)
tick 5656000 alive  1045913 genomes   50330 energy   193.9 births 48802608 deaths 48802735 (24249.9s) AMD Radeon AI PRO R9700 (RADV GFX1201)
tick 5657000 alive  1046048 genomes   48966 energy   194.7 births 48487691 deaths 48487556 (24252.5s) AMD Radeon AI PRO R9700 (RADV GFX1201)
tick 5658000 alive  1046059 genomes   48933 energy   194.5 births 48509556 deaths 48509545 (24255.1s) AMD Radeon AI PRO R9700 (RADV GFX1201)
tick 5659000 alive  1045938 genomes   49641 energy   194.4 births 48525359 deaths 48525480 (24257.7s) AMD Radeon AI PRO R9700 (RADV GFX1201)
tick 5660000 alive  1045966 genomes   49601 energy   194.1 births 48907319 deaths 48907291 (24260.3s) AMD Radeon AI PRO R9700 (RADV GFX1201)
tick 5661000 alive  1045951 genomes   51880 energy   192.8 births 49178704 deaths 49178719 (24262.9s) AMD Radeon AI PRO R9700 (RADV GFX1201)
tick 5662000 alive  1045977 genomes   50701 energy   193.6 births 49486917 deaths 49486891 (24265.4s) AMD Radeon AI PRO R9700 (RADV GFX1201)
tick 5663000 alive  1045994 genomes   50625 energy   193.2 births 49428555 deaths 49428538 (24268.0s) AMD Radeon AI PRO R9700 (RADV GFX1201)
tick 5664000 alive  1046037 genomes   50741 energy   193.2 births 49164045 deaths 49164002 (24270.6s) AMD Radeon AI PRO R9700 (RADV GFX1201)
tick 5665000 alive  1046096 genomes   50067 energy   193.7 births 49248684 deaths 49248625 (24273.2s) AMD Radeon AI PRO R9700 (RADV GFX1201)
tick 5666000 alive  1045967 genomes   49053 energy   194.6 births 48609478 deaths 48609607 (24275.9s) AMD Radeon AI PRO R9700 (RADV GFX1201)
tick 5667000 alive  1046046 genomes   48953 energy   194.8 births 47852555 deaths 47852476 (24278.5s) AMD Radeon AI PRO R9700 (RADV GFX1201)
tick 5668000 alive  1046106 genomes   48469 energy   195.5 births 47851564 deaths 47851504 (24281.1s) AMD Radeon AI PRO R9700 (RADV GFX1201)
tick 5669000 alive  1046041 genomes   49471 energy   194.1 births 48233490 deaths 48233555 (24283.7s) AMD Radeon AI PRO R9700 (RADV GFX1201)
tick 5670000 alive  1046095 genomes   49410 energy   194.4 births 48486758 deaths 48486704 (24286.2s) AMD Radeon AI PRO R9700 (RADV GFX1201)
tick 5671000 alive  1045983 genomes   51077 energy   193.3 births 48968707 deaths 48968819 (24288.8s) AMD Radeon AI PRO R9700 (RADV GFX1201)
tick 5672000 alive  1046026 genomes   51913 energy   192.6 births 49588118 deaths 49588075 (24291.4s) AMD Radeon AI PRO R9700 (RADV GFX1201)
tick 5673000 alive  1045966 genomes   50485 energy   193.4 births 49330549 deaths 49330609 (24294.0s) AMD Radeon AI PRO R9700 (RADV GFX1201)
tick 5674000 alive  1045964 genomes   49372 energy   194.0 births 49303794 deaths 49303796 (24296.6s) AMD Radeon AI PRO R9700 (RADV GFX1201)
tick 5675000 alive  1045991 genomes   48242 energy   194.7 births 48691727 deaths 48691700 (24299.2s) AMD Radeon AI PRO R9700 (RADV GFX1201)
tick 5676000 alive  1046003 genomes   47835 energy   194.9 births 48087722 deaths 48087710 (24301.7s) AMD Radeon AI PRO R9700 (RADV GFX1201)
tick 5677000 alive  1046023 genomes   47551 energy   195.2 births 48082006 deaths 48081986 (24304.3s) AMD Radeon AI PRO R9700 (RADV GFX1201)
tick 5678000 alive  1046020 genomes   47886 energy   195.0 births 47933618 deaths 47933621 (24306.9s) AMD Radeon AI PRO R9700 (RADV GFX1201)
tick 5679000 alive  1046007 genomes   48299 energy   194.7 births 48200863 deaths 48200876 (24309.5s) AMD Radeon AI PRO R9700 (RADV GFX1201)
tick 5680000 alive  1046073 genomes   48961 energy   194.5 births 48558664 deaths 48558598 (24312.2s) AMD Radeon AI PRO R9700 (RADV GFX1201)
tick 5681000 alive  1045998 genomes   50385 energy   193.7 births 48800176 deaths 48800251 (24314.8s) AMD Radeon AI PRO R9700 (RADV GFX1201)
tick 5682000 alive  1046072 genomes   49644 energy   193.6 births 49049431 deaths 49049357 (24317.4s) AMD Radeon AI PRO R9700 (RADV GFX1201)
tick 5683000 alive  1045979 genomes   49540 energy   194.4 births 48985328 deaths 48985421 (24319.9s) AMD Radeon AI PRO R9700 (RADV GFX1201)
tick 5684000 alive  1045988 genomes   49085 energy   193.9 births 48685659 deaths 48685650 (24322.5s) AMD Radeon AI PRO R9700 (RADV GFX1201)
tick 5685000 alive  1045942 genomes   49336 energy   194.3 births 48797752 deaths 48797798 (24325.1s) AMD Radeon AI PRO R9700 (RADV GFX1201)
tick 5686000 alive  1046023 genomes   50185 energy   193.3 births 48845981 deaths 48845900 (24327.6s) AMD Radeon AI PRO R9700 (RADV GFX1201)
tick 5687000 alive  1046013 genomes   50392 energy   193.5 births 49168314 deaths 49168324 (24330.2s) AMD Radeon AI PRO R9700 (RADV GFX1201)
tick 5688000 alive  1045929 genomes   49778 energy   193.4 births 49213642 deaths 49213726 (24332.8s) AMD Radeon AI PRO R9700 (RADV GFX1201)
tick 5689000 alive  1046018 genomes   48356 energy   194.6 births 48807837 deaths 48807748 (24335.3s) AMD Radeon AI PRO R9700 (RADV GFX1201)
tick 5690000 alive  1045938 genomes   48635 energy   194.7 births 48184355 deaths 48184435 (24337.9s) AMD Radeon AI PRO R9700 (RADV GFX1201)
tick 5691000 alive  1045980 genomes   48822 energy   194.4 births 48292136 deaths 48292094 (24340.5s) AMD Radeon AI PRO R9700 (RADV GFX1201)
tick 5692000 alive  1045961 genomes   49126 energy   193.9 births 48688430 deaths 48688449 (24343.1s) AMD Radeon AI PRO R9700 (RADV GFX1201)
tick 5693000 alive  1046070 genomes   49760 energy   194.1 births 48621243 deaths 48621134 (24345.6s) AMD Radeon AI PRO R9700 (RADV GFX1201)
tick 5694000 alive  1045931 genomes   50827 energy   192.8 births 49121292 deaths 49121431 (24348.2s) AMD Radeon AI PRO R9700 (RADV GFX1201)
tick 5695000 alive  1045988 genomes   50340 energy   193.2 births 49644772 deaths 49644715 (24350.8s) AMD Radeon AI PRO R9700 (RADV GFX1201)
tick 5696000 alive  1046085 genomes   49845 energy   193.7 births 49433617 deaths 49433520 (24353.4s) AMD Radeon AI PRO R9700 (RADV GFX1201)
tick 5697000 alive  1046049 genomes   50794 energy   193.3 births 49447922 deaths 49447958 (24356.0s) AMD Radeon AI PRO R9700 (RADV GFX1201)
tick 5698000 alive  1046130 genomes   50226 energy   193.9 births 48987844 deaths 48987763 (24358.9s) AMD Radeon AI PRO R9700 (RADV GFX1201)
tick 5699000 alive  1046074 genomes   50610 energy   193.5 births 49108514 deaths 49108570 (24361.5s) AMD Radeon AI PRO R9700 (RADV GFX1201)
tick 5700000 alive  1046053 genomes   50547 energy   193.8 births 49407085 deaths 49407106 (24364.2s) AMD Radeon AI PRO R9700 (RADV GFX1201)
tick 5701000 alive  1046043 genomes   50367 energy   193.9 births 49125756 deaths 49125766 (24366.8s) AMD Radeon AI PRO R9700 (RADV GFX1201)
tick 5702000 alive  1046098 genomes   49774 energy   194.3 births 48766554 deaths 48766499 (24369.4s) AMD Radeon AI PRO R9700 (RADV GFX1201)
tick 5703000 alive  1046079 genomes   50864 energy   193.3 births 49014127 deaths 49014146 (24371.9s) AMD Radeon AI PRO R9700 (RADV GFX1201)
tick 5704000 alive  1046096 genomes   50472 energy   193.2 births 49117250 deaths 49117233 (24374.5s) AMD Radeon AI PRO R9700 (RADV GFX1201)
tick 5705000 alive  1046030 genomes   50519 energy   193.3 births 49086649 deaths 49086715 (24377.1s) AMD Radeon AI PRO R9700 (RADV GFX1201)
tick 5706000 alive  1045988 genomes   50469 energy   194.0 births 49367260 deaths 49367302 (24379.8s) AMD Radeon AI PRO R9700 (RADV GFX1201)
tick 5707000 alive  1046047 genomes   51051 energy   193.2 births 49363136 deaths 49363077 (24382.4s) AMD Radeon AI PRO R9700 (RADV GFX1201)
tick 5708000 alive  1046045 genomes   50893 energy   193.4 births 49574485 deaths 49574487 (24385.0s) AMD Radeon AI PRO R9700 (RADV GFX1201)
tick 5709000 alive  1045957 genomes   50910 energy   193.2 births 49458615 deaths 49458703 (24387.6s) AMD Radeon AI PRO R9700 (RADV GFX1201)
tick 5710000 alive  1046005 genomes   51068 energy   193.0 births 49498373 deaths 49498325 (24390.2s) AMD Radeon AI PRO R9700 (RADV GFX1201)
tick 5711000 alive  1045909 genomes   51506 energy   192.7 births 49569136 deaths 49569232 (24392.8s) AMD Radeon AI PRO R9700 (RADV GFX1201)
tick 5712000 alive  1046004 genomes   51145 energy   193.4 births 49806705 deaths 49806610 (24395.4s) AMD Radeon AI PRO R9700 (RADV GFX1201)
tick 5713000 alive  1046034 genomes   51544 energy   192.9 births 49565985 deaths 49565955 (24398.2s) AMD Radeon AI PRO R9700 (RADV GFX1201)
tick 5714000 alive  1046052 genomes   52986 energy   191.9 births 50129703 deaths 50129685 (24401.0s) AMD Radeon AI PRO R9700 (RADV GFX1201)
tick 5715000 alive  1046036 genomes   51914 energy   192.9 births 50076119 deaths 50076135 (24403.6s) AMD Radeon AI PRO R9700 (RADV GFX1201)
tick 5716000 alive  1046079 genomes   51033 energy   193.4 births 49601896 deaths 49601853 (24406.2s) AMD Radeon AI PRO R9700 (RADV GFX1201)
tick 5717000 alive  1045937 genomes   50398 energy   193.4 births 49309938 deaths 49310080 (24408.8s) AMD Radeon AI PRO R9700 (RADV GFX1201)
tick 5718000 alive  1046011 genomes   49264 energy   194.5 births 49150983 deaths 49150909 (24411.4s) AMD Radeon AI PRO R9700 (RADV GFX1201)
tick 5719000 alive  1046003 genomes   49984 energy   194.2 births 48376668 deaths 48376676 (24414.2s) AMD Radeon AI PRO R9700 (RADV GFX1201)
tick 5720000 alive  1046117 genomes   51138 energy   193.7 births 49023170 deaths 49023056 (24416.9s) AMD Radeon AI PRO R9700 (RADV GFX1201)
tick 5721000 alive  1046068 genomes   51069 energy   193.1 births 49230912 deaths 49230961 (24419.5s) AMD Radeon AI PRO R9700 (RADV GFX1201)
tick 5722000 alive  1046052 genomes   50581 energy   193.9 births 49105783 deaths 49105799 (24422.1s) AMD Radeon AI PRO R9700 (RADV GFX1201)
tick 5723000 alive  1046071 genomes   49706 energy   194.2 births 48781985 deaths 48781966 (24424.7s) AMD Radeon AI PRO R9700 (RADV GFX1201)
tick 5724000 alive  1046004 genomes   50608 energy   194.0 births 48790545 deaths 48790612 (24427.3s) AMD Radeon AI PRO R9700 (RADV GFX1201)
tick 5725000 alive  1046008 genomes   50451 energy   193.9 births 49008116 deaths 49008112 (24429.9s) AMD Radeon AI PRO R9700 (RADV GFX1201)
tick 5726000 alive  1046036 genomes   51547 energy   193.4 births 49133221 deaths 49133193 (24432.5s) AMD Radeon AI PRO R9700 (RADV GFX1201)
tick 5727000 alive  1046090 genomes   51372 energy   192.9 births 49421694 deaths 49421640 (24435.0s) AMD Radeon AI PRO R9700 (RADV GFX1201)
tick 5728000 alive  1046007 genomes   52007 energy   192.9 births 49769736 deaths 49769819 (24437.7s) AMD Radeon AI PRO R9700 (RADV GFX1201)
tick 5729000 alive  1046042 genomes   51677 energy   193.0 births 49751706 deaths 49751671 (24440.3s) AMD Radeon AI PRO R9700 (RADV GFX1201)
tick 5730000 alive  1046048 genomes   51633 energy   193.2 births 49474265 deaths 49474259 (24442.9s) AMD Radeon AI PRO R9700 (RADV GFX1201)
tick 5731000 alive  1046040 genomes   51245 energy   193.4 births 49257888 deaths 49257896 (24445.5s) AMD Radeon AI PRO R9700 (RADV GFX1201)
tick 5732000 alive  1046159 genomes   49343 energy   194.4 births 48798812 deaths 48798693 (24448.0s) AMD Radeon AI PRO R9700 (RADV GFX1201)
tick 5733000 alive  1046100 genomes   50441 energy   193.6 births 48849815 deaths 48849874 (24450.7s) AMD Radeon AI PRO R9700 (RADV GFX1201)
tick 5734000 alive  1046041 genomes   50185 energy   193.9 births 49036005 deaths 49036064 (24453.3s) AMD Radeon AI PRO R9700 (RADV GFX1201)
tick 5735000 alive  1045964 genomes   50333 energy   193.9 births 49222646 deaths 49222723 (24456.3s) AMD Radeon AI PRO R9700 (RADV GFX1201)
tick 5736000 alive  1045991 genomes   50264 energy   193.5 births 49267695 deaths 49267668 (24459.1s) AMD Radeon AI PRO R9700 (RADV GFX1201)
tick 5737000 alive  1046014 genomes   50178 energy   193.6 births 49352638 deaths 49352615 (24461.9s) AMD Radeon AI PRO R9700 (RADV GFX1201)
tick 5738000 alive  1046024 genomes   49502 energy   194.2 births 48912092 deaths 48912082 (24464.5s) AMD Radeon AI PRO R9700 (RADV GFX1201)
tick 5739000 alive  1045989 genomes   50758 energy   193.6 births 49156538 deaths 49156573 (24467.3s) AMD Radeon AI PRO R9700 (RADV GFX1201)
tick 5740000 alive  1045995 genomes   50527 energy   193.5 births 49271018 deaths 49271012 (24470.0s) AMD Radeon AI PRO R9700 (RADV GFX1201)
tick 5741000 alive  1046007 genomes   50397 energy   194.0 births 49022657 deaths 49022645 (24472.6s) AMD Radeon AI PRO R9700 (RADV GFX1201)
tick 5742000 alive  1046092 genomes   50544 energy   193.5 births 49134751 deaths 49134666 (24475.5s) AMD Radeon AI PRO R9700 (RADV GFX1201)
tick 5743000 alive  1046046 genomes   50374 energy   193.4 births 49104906 deaths 49104952 (24478.2s) AMD Radeon AI PRO R9700 (RADV GFX1201)
tick 5744000 alive  1046103 genomes   48671 energy   194.6 births 48796231 deaths 48796174 (24480.9s) AMD Radeon AI PRO R9700 (RADV GFX1201)
tick 5745000 alive  1046023 genomes   50187 energy   193.5 births 48867822 deaths 48867902 (24483.5s) AMD Radeon AI PRO R9700 (RADV GFX1201)
tick 5746000 alive  1046100 genomes   49591 energy   193.8 births 49175836 deaths 49175759 (24486.1s) AMD Radeon AI PRO R9700 (RADV GFX1201)
tick 5747000 alive  1046090 genomes   50711 energy   193.6 births 49258552 deaths 49258562 (24488.7s) AMD Radeon AI PRO R9700 (RADV GFX1201)
tick 5748000 alive  1046040 genomes   51146 energy   193.2 births 49060082 deaths 49060132 (24491.6s) AMD Radeon AI PRO R9700 (RADV GFX1201)
tick 5749000 alive  1046057 genomes   51565 energy   192.8 births 49804332 deaths 49804315 (24494.2s) AMD Radeon AI PRO R9700 (RADV GFX1201)
tick 5750000 alive  1045992 genomes   50730 energy   193.4 births 49551443 deaths 49551508 (24496.8s) AMD Radeon AI PRO R9700 (RADV GFX1201)
tick 5751000 alive  1045995 genomes   52479 energy   192.8 births 49674009 deaths 49674006 (24499.5s) AMD Radeon AI PRO R9700 (RADV GFX1201)
tick 5752000 alive  1046040 genomes   52003 energy   192.7 births 50117050 deaths 50117005 (24502.1s) AMD Radeon AI PRO R9700 (RADV GFX1201)
tick 5753000 alive  1046019 genomes   52188 energy   192.6 births 49913674 deaths 49913695 (24504.7s) AMD Radeon AI PRO R9700 (RADV GFX1201)
tick 5754000 alive  1046037 genomes   51732 energy   193.0 births 49904689 deaths 49904671 (24507.4s) AMD Radeon AI PRO R9700 (RADV GFX1201)
tick 5755000 alive  1045916 genomes   50706 energy   193.9 births 49222582 deaths 49222703 (24509.9s) AMD Radeon AI PRO R9700 (RADV GFX1201)
tick 5756000 alive  1045983 genomes   52214 energy   192.8 births 49409425 deaths 49409358 (24512.5s) AMD Radeon AI PRO R9700 (RADV GFX1201)
tick 5757000 alive  1046013 genomes   51763 energy   192.8 births 49850779 deaths 49850749 (24515.3s) AMD Radeon AI PRO R9700 (RADV GFX1201)
tick 5758000 alive  1046016 genomes   52819 energy   192.4 births 49718719 deaths 49718716 (24518.0s) AMD Radeon AI PRO R9700 (RADV GFX1201)
tick 5759000 alive  1045992 genomes   52889 energy   191.8 births 50287043 deaths 50287067 (24520.7s) AMD Radeon AI PRO R9700 (RADV GFX1201)
tick 5760000 alive  1046064 genomes   51232 energy   193.1 births 50037202 deaths 50037130 (24523.3s) AMD Radeon AI PRO R9700 (RADV GFX1201)
tick 5761000 alive  1046013 genomes   51184 energy   192.8 births 49613064 deaths 49613115 (24525.9s) AMD Radeon AI PRO R9700 (RADV GFX1201)
tick 5762000 alive  1046013 genomes   50820 energy   192.8 births 49608553 deaths 49608553 (24528.4s) AMD Radeon AI PRO R9700 (RADV GFX1201)
tick 5763000 alive  1046115 genomes   51858 energy   192.2 births 50154515 deaths 50154413 (24531.1s) AMD Radeon AI PRO R9700 (RADV GFX1201)
tick 5764000 alive  1045981 genomes   51021 energy   192.9 births 49888697 deaths 49888831 (24533.7s) AMD Radeon AI PRO R9700 (RADV GFX1201)
tick 5765000 alive  1045943 genomes   51664 energy   192.2 births 49880600 deaths 49880638 (24536.3s) AMD Radeon AI PRO R9700 (RADV GFX1201)
tick 5766000 alive  1046063 genomes   52210 energy   192.2 births 50365067 deaths 50364947 (24539.0s) AMD Radeon AI PRO R9700 (RADV GFX1201)
tick 5767000 alive  1046072 genomes   51125 energy   193.5 births 49663804 deaths 49663795 (24541.6s) AMD Radeon AI PRO R9700 (RADV GFX1201)
tick 5768000 alive  1046034 genomes   50071 energy   194.1 births 49381718 deaths 49381756 (24544.1s) AMD Radeon AI PRO R9700 (RADV GFX1201)
tick 5769000 alive  1046097 genomes   49294 energy   194.4 births 48294767 deaths 48294704 (24546.6s) AMD Radeon AI PRO R9700 (RADV GFX1201)
tick 5770000 alive  1046072 genomes   49458 energy   194.3 births 48292401 deaths 48292426 (24549.2s) AMD Radeon AI PRO R9700 (RADV GFX1201)
tick 5771000 alive  1046028 genomes   49622 energy   194.3 births 48433656 deaths 48433700 (24551.8s) AMD Radeon AI PRO R9700 (RADV GFX1201)
tick 5772000 alive  1046117 genomes   50231 energy   194.0 births 48785824 deaths 48785735 (24554.8s) AMD Radeon AI PRO R9700 (RADV GFX1201)
tick 5773000 alive  1046062 genomes   49903 energy   193.9 births 49161211 deaths 49161266 (24557.4s) AMD Radeon AI PRO R9700 (RADV GFX1201)
tick 5774000 alive  1046062 genomes   51495 energy   192.8 births 49515947 deaths 49515947 (24560.0s) AMD Radeon AI PRO R9700 (RADV GFX1201)
tick 5775000 alive  1046079 genomes   50523 energy   194.0 births 49231529 deaths 49231512 (24562.5s) AMD Radeon AI PRO R9700 (RADV GFX1201)
tick 5776000 alive  1046038 genomes   51740 energy   193.0 births 49187776 deaths 49187817 (24565.1s) AMD Radeon AI PRO R9700 (RADV GFX1201)
tick 5777000 alive  1046011 genomes   51303 energy   193.5 births 49483406 deaths 49483433 (24567.7s) AMD Radeon AI PRO R9700 (RADV GFX1201)
tick 5778000 alive  1046061 genomes   50101 energy   194.5 births 49029455 deaths 49029405 (24570.3s) AMD Radeon AI PRO R9700 (RADV GFX1201)
tick 5779000 alive  1046052 genomes   50952 energy   193.7 births 48736040 deaths 48736049 (24572.9s) AMD Radeon AI PRO R9700 (RADV GFX1201)
tick 5780000 alive  1046026 genomes   50192 energy   194.0 births 49163976 deaths 49164002 (24575.5s) AMD Radeon AI PRO R9700 (RADV GFX1201)
tick 5781000 alive  1045938 genomes   51595 energy   193.0 births 49204569 deaths 49204657 (24578.0s) AMD Radeon AI PRO R9700 (RADV GFX1201)
tick 5782000 alive  1046114 genomes   51794 energy   193.1 births 49514947 deaths 49514771 (24580.6s) AMD Radeon AI PRO R9700 (RADV GFX1201)
tick 5783000 alive  1045973 genomes   52470 energy   192.5 births 49664284 deaths 49664425 (24583.2s) AMD Radeon AI PRO R9700 (RADV GFX1201)
tick 5784000 alive  1045944 genomes   51902 energy   192.8 births 49497135 deaths 49497164 (24585.7s) AMD Radeon AI PRO R9700 (RADV GFX1201)
tick 5785000 alive  1046063 genomes   51911 energy   193.0 births 49662979 deaths 49662860 (24588.3s) AMD Radeon AI PRO R9700 (RADV GFX1201)
tick 5786000 alive  1046080 genomes   52893 energy   192.5 births 49836019 deaths 49836002 (24590.9s) AMD Radeon AI PRO R9700 (RADV GFX1201)
tick 5787000 alive  1045994 genomes   51514 energy   193.4 births 49621384 deaths 49621470 (24593.5s) AMD Radeon AI PRO R9700 (RADV GFX1201)
tick 5788000 alive  1046007 genomes   51769 energy   193.5 births 49187578 deaths 49187565 (24596.0s) AMD Radeon AI PRO R9700 (RADV GFX1201)
tick 5789000 alive  1046087 genomes   50215 energy   194.7 births 48891143 deaths 48891063 (24598.6s) AMD Radeon AI PRO R9700 (RADV GFX1201)
tick 5790000 alive  1046086 genomes   50657 energy   194.3 births 48367152 deaths 48367153 (24601.1s) AMD Radeon AI PRO R9700 (RADV GFX1201)
tick 5791000 alive  1045997 genomes   50872 energy   194.4 births 48699967 deaths 48700056 (24603.7s) AMD Radeon AI PRO R9700 (RADV GFX1201)
tick 5792000 alive  1045990 genomes   50358 energy   194.3 births 48722849 deaths 48722856 (24606.3s) AMD Radeon AI PRO R9700 (RADV GFX1201)
tick 5793000 alive  1046035 genomes   50298 energy   194.2 births 48822063 deaths 48822018 (24608.9s) AMD Radeon AI PRO R9700 (RADV GFX1201)
tick 5794000 alive  1046087 genomes   50625 energy   194.1 births 48670335 deaths 48670283 (24611.5s) AMD Radeon AI PRO R9700 (RADV GFX1201)
tick 5795000 alive  1045987 genomes   50888 energy   193.7 births 48821339 deaths 48821439 (24614.5s) AMD Radeon AI PRO R9700 (RADV GFX1201)
tick 5796000 alive  1046047 genomes   51264 energy   193.7 births 49462414 deaths 49462354 (24617.4s) AMD Radeon AI PRO R9700 (RADV GFX1201)
tick 5797000 alive  1046011 genomes   51862 energy   193.2 births 49051014 deaths 49051050 (24620.0s) AMD Radeon AI PRO R9700 (RADV GFX1201)
tick 5798000 alive  1046066 genomes   50063 energy   194.2 births 49156020 deaths 49155965 (24622.6s) AMD Radeon AI PRO R9700 (RADV GFX1201)
tick 5799000 alive  1046091 genomes   50424 energy   193.9 births 48652484 deaths 48652459 (24625.3s) AMD Radeon AI PRO R9700 (RADV GFX1201)
tick 5800000 alive  1046015 genomes   50584 energy   193.7 births 49045589 deaths 49045665 (24627.9s) AMD Radeon AI PRO R9700 (RADV GFX1201)
tick 5801000 alive  1045982 genomes   50516 energy   193.9 births 49193118 deaths 49193151 (24630.5s) AMD Radeon AI PRO R9700 (RADV GFX1201)
tick 5802000 alive  1046031 genomes   50245 energy   194.0 births 48612398 deaths 48612349 (24633.0s) AMD Radeon AI PRO R9700 (RADV GFX1201)
tick 5803000 alive  1046119 genomes   51073 energy   193.6 births 48957770 deaths 48957682 (24635.6s) AMD Radeon AI PRO R9700 (RADV GFX1201)
tick 5804000 alive  1046019 genomes   50011 energy   194.5 births 49053503 deaths 49053603 (24638.2s) AMD Radeon AI PRO R9700 (RADV GFX1201)
tick 5805000 alive  1045948 genomes   50690 energy   194.0 births 48690206 deaths 48690277 (24640.7s) AMD Radeon AI PRO R9700 (RADV GFX1201)
tick 5806000 alive  1046037 genomes   50010 energy   194.1 births 48783625 deaths 48783536 (24643.3s) AMD Radeon AI PRO R9700 (RADV GFX1201)
tick 5807000 alive  1045965 genomes   50595 energy   194.1 births 48736924 deaths 48736996 (24645.9s) AMD Radeon AI PRO R9700 (RADV GFX1201)
tick 5808000 alive  1046072 genomes   51382 energy   193.4 births 49003046 deaths 49002939 (24648.5s) AMD Radeon AI PRO R9700 (RADV GFX1201)
tick 5809000 alive  1045989 genomes   51570 energy   193.1 births 49380832 deaths 49380915 (24651.1s) AMD Radeon AI PRO R9700 (RADV GFX1201)
tick 5810000 alive  1046042 genomes   51250 energy   193.4 births 49403621 deaths 49403568 (24653.7s) AMD Radeon AI PRO R9700 (RADV GFX1201)
tick 5811000 alive  1046045 genomes   51005 energy   193.5 births 49299139 deaths 49299136 (24656.3s) AMD Radeon AI PRO R9700 (RADV GFX1201)
tick 5812000 alive  1046117 genomes   50612 energy   193.5 births 49075566 deaths 49075494 (24658.9s) AMD Radeon AI PRO R9700 (RADV GFX1201)
tick 5813000 alive  1046047 genomes   50570 energy   194.0 births 49081613 deaths 49081683 (24661.5s) AMD Radeon AI PRO R9700 (RADV GFX1201)
tick 5814000 alive  1045964 genomes   49512 energy   194.4 births 48706697 deaths 48706780 (24664.2s) AMD Radeon AI PRO R9700 (RADV GFX1201)
tick 5815000 alive  1046053 genomes   50974 energy   193.4 births 48676875 deaths 48676786 (24666.7s) AMD Radeon AI PRO R9700 (RADV GFX1201)
tick 5816000 alive  1045976 genomes   51448 energy   193.3 births 49316160 deaths 49316237 (24669.4s) AMD Radeon AI PRO R9700 (RADV GFX1201)
tick 5817000 alive  1046088 genomes   51267 energy   193.0 births 49392926 deaths 49392814 (24672.0s) AMD Radeon AI PRO R9700 (RADV GFX1201)
tick 5818000 alive  1045994 genomes   50711 energy   193.7 births 49252663 deaths 49252757 (24674.6s) AMD Radeon AI PRO R9700 (RADV GFX1201)
tick 5819000 alive  1045912 genomes   50510 energy   193.9 births 48939717 deaths 48939799 (24677.2s) AMD Radeon AI PRO R9700 (RADV GFX1201)
tick 5820000 alive  1046006 genomes   50243 energy   193.7 births 49287232 deaths 49287138 (24679.8s) AMD Radeon AI PRO R9700 (RADV GFX1201)
tick 5821000 alive  1046028 genomes   52052 energy   192.7 births 49594757 deaths 49594735 (24682.4s) AMD Radeon AI PRO R9700 (RADV GFX1201)
tick 5822000 alive  1045955 genomes   51810 energy   192.7 births 50020648 deaths 50020721 (24685.0s) AMD Radeon AI PRO R9700 (RADV GFX1201)
tick 5823000 alive  1046112 genomes   50342 energy   194.0 births 49440371 deaths 49440214 (24687.6s) AMD Radeon AI PRO R9700 (RADV GFX1201)
tick 5824000 alive  1045981 genomes   49917 energy   193.9 births 48817678 deaths 48817809 (24690.2s) AMD Radeon AI PRO R9700 (RADV GFX1201)
tick 5825000 alive  1045980 genomes   48750 energy   194.9 births 48736231 deaths 48736232 (24692.8s) AMD Radeon AI PRO R9700 (RADV GFX1201)
tick 5826000 alive  1046066 genomes   49978 energy   194.2 births 48519296 deaths 48519210 (24695.4s) AMD Radeon AI PRO R9700 (RADV GFX1201)
tick 5827000 alive  1045966 genomes   50799 energy   193.5 births 48777587 deaths 48777687 (24698.0s) AMD Radeon AI PRO R9700 (RADV GFX1201)
tick 5828000 alive  1045947 genomes   52211 energy   192.6 births 49684385 deaths 49684404 (24700.6s) AMD Radeon AI PRO R9700 (RADV GFX1201)
tick 5829000 alive  1046075 genomes   51605 energy   193.5 births 49529002 deaths 49528874 (24703.2s) AMD Radeon AI PRO R9700 (RADV GFX1201)
tick 5830000 alive  1045934 genomes   49573 energy   194.6 births 48870671 deaths 48870812 (24705.8s) AMD Radeon AI PRO R9700 (RADV GFX1201)
tick 5831000 alive  1046019 genomes   51383 energy   193.6 births 48769536 deaths 48769451 (24708.4s) AMD Radeon AI PRO R9700 (RADV GFX1201)
tick 5832000 alive  1045999 genomes   51458 energy   193.6 births 49211345 deaths 49211365 (24711.0s) AMD Radeon AI PRO R9700 (RADV GFX1201)
tick 5833000 alive  1046048 genomes   51774 energy   193.4 births 49569937 deaths 49569888 (24713.6s) AMD Radeon AI PRO R9700 (RADV GFX1201)
tick 5834000 alive  1046007 genomes   51603 energy   193.1 births 49393340 deaths 49393381 (24716.2s) AMD Radeon AI PRO R9700 (RADV GFX1201)
tick 5835000 alive  1045971 genomes   51892 energy   193.1 births 49477365 deaths 49477401 (24718.8s) AMD Radeon AI PRO R9700 (RADV GFX1201)
tick 5836000 alive  1046106 genomes   51015 energy   193.6 births 49159138 deaths 49159003 (24721.4s) AMD Radeon AI PRO R9700 (RADV GFX1201)
tick 5837000 alive  1046049 genomes   51208 energy   193.7 births 49069648 deaths 49069705 (24724.1s) AMD Radeon AI PRO R9700 (RADV GFX1201)
tick 5838000 alive  1046034 genomes   52384 energy   192.8 births 49382406 deaths 49382421 (24726.7s) AMD Radeon AI PRO R9700 (RADV GFX1201)
tick 5839000 alive  1046013 genomes   50974 energy   193.8 births 49606809 deaths 49606830 (24729.3s) AMD Radeon AI PRO R9700 (RADV GFX1201)
tick 5840000 alive  1046013 genomes   50370 energy   193.6 births 49249446 deaths 49249446 (24732.0s) AMD Radeon AI PRO R9700 (RADV GFX1201)
tick 5841000 alive  1046046 genomes   50588 energy   193.7 births 49377501 deaths 49377468 (24734.5s) AMD Radeon AI PRO R9700 (RADV GFX1201)
tick 5842000 alive  1046005 genomes   50814 energy   193.5 births 49106651 deaths 49106692 (24737.1s) AMD Radeon AI PRO R9700 (RADV GFX1201)
tick 5843000 alive  1046000 genomes   51494 energy   193.1 births 49342922 deaths 49342927 (24739.6s) AMD Radeon AI PRO R9700 (RADV GFX1201)
tick 5844000 alive  1046023 genomes   51131 energy   193.2 births 49242563 deaths 49242540 (24742.2s) AMD Radeon AI PRO R9700 (RADV GFX1201)
tick 5845000 alive  1046091 genomes   50070 energy   193.9 births 48827448 deaths 48827380 (24744.9s) AMD Radeon AI PRO R9700 (RADV GFX1201)
tick 5846000 alive  1045998 genomes   49253 energy   194.9 births 48475596 deaths 48475689 (24747.5s) AMD Radeon AI PRO R9700 (RADV GFX1201)
tick 5847000 alive  1046003 genomes   49247 energy   194.2 births 48711650 deaths 48711645 (24750.1s) AMD Radeon AI PRO R9700 (RADV GFX1201)
tick 5848000 alive  1045997 genomes   50648 energy   193.6 births 49056426 deaths 49056432 (24752.7s) AMD Radeon AI PRO R9700 (RADV GFX1201)
tick 5849000 alive  1046043 genomes   50542 energy   193.4 births 48976220 deaths 48976174 (24755.4s) AMD Radeon AI PRO R9700 (RADV GFX1201)
tick 5850000 alive  1046063 genomes   50156 energy   194.0 births 49159515 deaths 49159495 (24758.0s) AMD Radeon AI PRO R9700 (RADV GFX1201)
tick 5851000 alive  1046023 genomes   50221 energy   193.7 births 48855056 deaths 48855096 (24760.6s) AMD Radeon AI PRO R9700 (RADV GFX1201)
tick 5852000 alive  1045986 genomes   49922 energy   194.1 births 48831264 deaths 48831301 (24763.2s) AMD Radeon AI PRO R9700 (RADV GFX1201)
tick 5853000 alive  1046127 genomes   49074 energy   194.6 births 48538421 deaths 48538280 (24765.7s) AMD Radeon AI PRO R9700 (RADV GFX1201)
tick 5854000 alive  1046115 genomes   48437 energy   195.4 births 48163577 deaths 48163589 (24768.3s) AMD Radeon AI PRO R9700 (RADV GFX1201)
tick 5855000 alive  1046050 genomes   47943 energy   195.1 births 47951540 deaths 47951605 (24770.9s) AMD Radeon AI PRO R9700 (RADV GFX1201)
tick 5856000 alive  1046059 genomes   48046 energy   195.5 births 47755129 deaths 47755120 (24773.4s) AMD Radeon AI PRO R9700 (RADV GFX1201)
tick 5857000 alive  1045998 genomes   48825 energy   194.8 births 48085266 deaths 48085327 (24776.1s) AMD Radeon AI PRO R9700 (RADV GFX1201)
tick 5858000 alive  1046021 genomes   49844 energy   194.4 births 48445216 deaths 48445193 (24778.7s) AMD Radeon AI PRO R9700 (RADV GFX1201)
tick 5859000 alive  1045961 genomes   48990 energy   194.8 births 48159533 deaths 48159593 (24781.4s) AMD Radeon AI PRO R9700 (RADV GFX1201)
tick 5860000 alive  1046049 genomes   48286 energy   195.2 births 47928445 deaths 47928357 (24784.0s) AMD Radeon AI PRO R9700 (RADV GFX1201)
tick 5861000 alive  1046034 genomes   48560 energy   195.2 births 47960036 deaths 47960051 (24786.6s) AMD Radeon AI PRO R9700 (RADV GFX1201)
tick 5862000 alive  1046006 genomes   48269 energy   195.2 births 47501989 deaths 47502017 (24789.4s) AMD Radeon AI PRO R9700 (RADV GFX1201)
tick 5863000 alive  1045959 genomes   47837 energy   195.2 births 47776622 deaths 47776669 (24792.0s) AMD Radeon AI PRO R9700 (RADV GFX1201)
tick 5864000 alive  1046071 genomes   47211 energy   195.8 births 47509748 deaths 47509636 (24794.5s) AMD Radeon AI PRO R9700 (RADV GFX1201)
tick 5865000 alive  1046094 genomes   46947 energy   196.4 births 47141700 deaths 47141677 (24797.1s) AMD Radeon AI PRO R9700 (RADV GFX1201)
tick 5866000 alive  1046013 genomes   46785 energy   196.4 births 47048725 deaths 47048806 (24799.8s) AMD Radeon AI PRO R9700 (RADV GFX1201)
tick 5867000 alive  1046026 genomes   46234 energy   196.0 births 46878242 deaths 46878229 (24802.3s) AMD Radeon AI PRO R9700 (RADV GFX1201)
tick 5868000 alive  1046094 genomes   47684 energy   195.4 births 47062554 deaths 47062486 (24804.9s) AMD Radeon AI PRO R9700 (RADV GFX1201)
tick 5869000 alive  1046040 genomes   47956 energy   195.4 births 47248846 deaths 47248900 (24807.5s) AMD Radeon AI PRO R9700 (RADV GFX1201)
tick 5870000 alive  1045988 genomes   47490 energy   195.6 births 47826815 deaths 47826867 (24810.1s) AMD Radeon AI PRO R9700 (RADV GFX1201)
tick 5871000 alive  1046028 genomes   47995 energy   194.8 births 47862278 deaths 47862238 (24812.7s) AMD Radeon AI PRO R9700 (RADV GFX1201)
tick 5872000 alive  1046099 genomes   47760 energy   195.3 births 48092714 deaths 48092643 (24815.3s) AMD Radeon AI PRO R9700 (RADV GFX1201)
tick 5873000 alive  1046003 genomes   48980 energy   195.0 births 48045250 deaths 48045346 (24818.3s) AMD Radeon AI PRO R9700 (RADV GFX1201)
tick 5874000 alive  1045993 genomes   48318 energy   194.9 births 47889480 deaths 47889490 (24820.9s) AMD Radeon AI PRO R9700 (RADV GFX1201)
tick 5875000 alive  1046021 genomes   48518 energy   195.1 births 48116891 deaths 48116863 (24823.5s) AMD Radeon AI PRO R9700 (RADV GFX1201)
tick 5876000 alive  1045976 genomes   47661 energy   195.4 births 47740551 deaths 47740596 (24826.1s) AMD Radeon AI PRO R9700 (RADV GFX1201)
tick 5877000 alive  1045933 genomes   48937 energy   194.9 births 47729209 deaths 47729252 (24828.8s) AMD Radeon AI PRO R9700 (RADV GFX1201)
tick 5878000 alive  1046041 genomes   48289 energy   194.8 births 47942108 deaths 47942000 (24831.5s) AMD Radeon AI PRO R9700 (RADV GFX1201)
tick 5879000 alive  1046155 genomes   48656 energy   194.9 births 47840845 deaths 47840731 (24834.4s) AMD Radeon AI PRO R9700 (RADV GFX1201)
tick 5880000 alive  1046094 genomes   47976 energy   195.3 births 47889252 deaths 47889313 (24837.3s) AMD Radeon AI PRO R9700 (RADV GFX1201)
tick 5881000 alive  1046053 genomes   48178 energy   195.4 births 47634955 deaths 47634996 (24839.9s) AMD Radeon AI PRO R9700 (RADV GFX1201)
tick 5882000 alive  1046023 genomes   48284 energy   195.3 births 47754913 deaths 47754943 (24842.6s) AMD Radeon AI PRO R9700 (RADV GFX1201)
tick 5883000 alive  1046019 genomes   48050 energy   194.9 births 47801017 deaths 47801021 (24845.3s) AMD Radeon AI PRO R9700 (RADV GFX1201)
tick 5884000 alive  1046123 genomes   48920 energy   194.6 births 48186139 deaths 48186035 (24847.9s) AMD Radeon AI PRO R9700 (RADV GFX1201)
tick 5885000 alive  1046020 genomes   49744 energy   193.6 births 48627076 deaths 48627179 (24850.5s) AMD Radeon AI PRO R9700 (RADV GFX1201)
tick 5886000 alive  1046075 genomes   49958 energy   194.2 births 48755961 deaths 48755906 (24853.1s) AMD Radeon AI PRO R9700 (RADV GFX1201)
tick 5887000 alive  1046057 genomes   48812 energy   194.6 births 48627507 deaths 48627525 (24855.7s) AMD Radeon AI PRO R9700 (RADV GFX1201)
tick 5888000 alive  1046114 genomes   49197 energy   194.5 births 48267759 deaths 48267702 (24858.3s) AMD Radeon AI PRO R9700 (RADV GFX1201)
tick 5889000 alive  1046018 genomes   49820 energy   194.0 births 48547391 deaths 48547487 (24860.9s) AMD Radeon AI PRO R9700 (RADV GFX1201)
tick 5890000 alive  1045906 genomes   49102 energy   194.9 births 48688935 deaths 48689047 (24863.6s) AMD Radeon AI PRO R9700 (RADV GFX1201)
tick 5891000 alive  1045988 genomes   48121 energy   195.3 births 47849040 deaths 47848958 (24866.2s) AMD Radeon AI PRO R9700 (RADV GFX1201)
tick 5892000 alive  1046052 genomes   48386 energy   195.3 births 47412650 deaths 47412586 (24868.9s) AMD Radeon AI PRO R9700 (RADV GFX1201)
tick 5893000 alive  1046000 genomes   48598 energy   195.0 births 47803466 deaths 47803518 (24871.5s) AMD Radeon AI PRO R9700 (RADV GFX1201)
tick 5894000 alive  1046048 genomes   49493 energy   194.7 births 48152797 deaths 48152749 (24874.1s) AMD Radeon AI PRO R9700 (RADV GFX1201)
tick 5895000 alive  1046151 genomes   49119 energy   194.2 births 48341594 deaths 48341491 (24876.7s) AMD Radeon AI PRO R9700 (RADV GFX1201)
tick 5896000 alive  1046036 genomes   50056 energy   193.8 births 48768534 deaths 48768649 (24879.4s) AMD Radeon AI PRO R9700 (RADV GFX1201)
tick 5897000 alive  1045984 genomes   49652 energy   193.9 births 48822567 deaths 48822619 (24882.0s) AMD Radeon AI PRO R9700 (RADV GFX1201)
tick 5898000 alive  1045987 genomes   49400 energy   194.1 births 48726028 deaths 48726025 (24884.6s) AMD Radeon AI PRO R9700 (RADV GFX1201)
tick 5899000 alive  1046088 genomes   48988 energy   194.2 births 48498794 deaths 48498693 (24887.2s) AMD Radeon AI PRO R9700 (RADV GFX1201)
tick 5900000 alive  1046080 genomes   49656 energy   194.2 births 48495345 deaths 48495353 (24889.8s) AMD Radeon AI PRO R9700 (RADV GFX1201)
tick 5901000 alive  1046026 genomes   49312 energy   194.5 births 48561621 deaths 48561675 (24892.8s) AMD Radeon AI PRO R9700 (RADV GFX1201)
tick 5902000 alive  1045923 genomes   47897 energy   195.6 births 47989076 deaths 47989179 (24895.6s) AMD Radeon AI PRO R9700 (RADV GFX1201)
tick 5903000 alive  1046037 genomes   48660 energy   194.5 births 48047396 deaths 48047282 (24898.5s) AMD Radeon AI PRO R9700 (RADV GFX1201)
tick 5904000 alive  1046069 genomes   49362 energy   194.4 births 48501159 deaths 48501127 (24901.3s) AMD Radeon AI PRO R9700 (RADV GFX1201)
tick 5905000 alive  1046059 genomes   49325 energy   194.8 births 48442683 deaths 48442693 (24904.0s) AMD Radeon AI PRO R9700 (RADV GFX1201)
tick 5906000 alive  1045992 genomes   49913 energy   194.2 births 48415591 deaths 48415658 (24906.7s) AMD Radeon AI PRO R9700 (RADV GFX1201)
tick 5907000 alive  1046118 genomes   49822 energy   194.2 births 48574253 deaths 48574127 (24909.3s) AMD Radeon AI PRO R9700 (RADV GFX1201)
tick 5908000 alive  1046122 genomes   49501 energy   194.3 births 48572722 deaths 48572718 (24911.9s) AMD Radeon AI PRO R9700 (RADV GFX1201)
tick 5909000 alive  1046090 genomes   49423 energy   194.6 births 48575420 deaths 48575452 (24914.6s) AMD Radeon AI PRO R9700 (RADV GFX1201)
tick 5910000 alive  1046022 genomes   49240 energy   194.6 births 48293309 deaths 48293377 (24917.2s) AMD Radeon AI PRO R9700 (RADV GFX1201)
tick 5911000 alive  1046097 genomes   49319 energy   194.5 births 48790904 deaths 48790829 (24919.8s) AMD Radeon AI PRO R9700 (RADV GFX1201)
tick 5912000 alive  1045983 genomes   50439 energy   194.1 births 48877197 deaths 48877311 (24922.4s) AMD Radeon AI PRO R9700 (RADV GFX1201)
tick 5913000 alive  1046043 genomes   50321 energy   193.8 births 48885465 deaths 48885405 (24925.0s) AMD Radeon AI PRO R9700 (RADV GFX1201)
tick 5914000 alive  1046016 genomes   49585 energy   194.2 births 48791936 deaths 48791963 (24927.6s) AMD Radeon AI PRO R9700 (RADV GFX1201)
tick 5915000 alive  1045932 genomes   50878 energy   193.4 births 49039806 deaths 49039890 (24930.1s) AMD Radeon AI PRO R9700 (RADV GFX1201)
tick 5916000 alive  1046019 genomes   51367 energy   193.6 births 49353606 deaths 49353519 (24932.7s) AMD Radeon AI PRO R9700 (RADV GFX1201)
tick 5917000 alive  1046124 genomes   50250 energy   194.2 births 49273744 deaths 49273639 (24935.3s) AMD Radeon AI PRO R9700 (RADV GFX1201)
tick 5918000 alive  1046038 genomes   50762 energy   193.9 births 48845210 deaths 48845296 (24937.9s) AMD Radeon AI PRO R9700 (RADV GFX1201)
tick 5919000 alive  1046081 genomes   50488 energy   193.9 births 48915560 deaths 48915517 (24940.5s) AMD Radeon AI PRO R9700 (RADV GFX1201)
tick 5920000 alive  1046048 genomes   51169 energy   193.6 births 49241962 deaths 49241995 (24943.1s) AMD Radeon AI PRO R9700 (RADV GFX1201)
tick 5921000 alive  1045965 genomes   49975 energy   194.0 births 49022985 deaths 49023068 (24946.1s) AMD Radeon AI PRO R9700 (RADV GFX1201)
tick 5922000 alive  1046059 genomes   50815 energy   193.9 births 48789350 deaths 48789256 (24948.8s) AMD Radeon AI PRO R9700 (RADV GFX1201)
tick 5923000 alive  1046112 genomes   48939 energy   194.8 births 48693772 deaths 48693719 (24951.4s) AMD Radeon AI PRO R9700 (RADV GFX1201)
tick 5924000 alive  1046116 genomes   49362 energy   194.9 births 48331686 deaths 48331682 (24954.0s) AMD Radeon AI PRO R9700 (RADV GFX1201)
tick 5925000 alive  1046054 genomes   49866 energy   194.5 births 48082396 deaths 48082458 (24956.6s) AMD Radeon AI PRO R9700 (RADV GFX1201)
tick 5926000 alive  1046048 genomes   48774 energy   195.2 births 48232361 deaths 48232367 (24959.2s) AMD Radeon AI PRO R9700 (RADV GFX1201)
tick 5927000 alive  1046105 genomes   48659 energy   195.6 births 47636558 deaths 47636501 (24961.7s) AMD Radeon AI PRO R9700 (RADV GFX1201)
tick 5928000 alive  1046118 genomes   49032 energy   194.8 births 47834923 deaths 47834910 (24964.4s) AMD Radeon AI PRO R9700 (RADV GFX1201)
tick 5929000 alive  1045962 genomes   50253 energy   194.3 births 48064529 deaths 48064685 (24967.0s) AMD Radeon AI PRO R9700 (RADV GFX1201)
tick 5930000 alive  1046059 genomes   48748 energy   195.4 births 47767303 deaths 47767206 (24969.6s) AMD Radeon AI PRO R9700 (RADV GFX1201)
tick 5931000 alive  1046018 genomes   48724 energy   195.2 births 47714232 deaths 47714273 (24972.2s) AMD Radeon AI PRO R9700 (RADV GFX1201)
tick 5932000 alive  1046020 genomes   48319 energy   195.5 births 47668591 deaths 47668589 (24974.8s) AMD Radeon AI PRO R9700 (RADV GFX1201)
tick 5933000 alive  1046004 genomes   48776 energy   195.0 births 47566865 deaths 47566881 (24977.5s) AMD Radeon AI PRO R9700 (RADV GFX1201)
tick 5934000 alive  1046079 genomes   48669 energy   195.1 births 47940165 deaths 47940090 (24980.0s) AMD Radeon AI PRO R9700 (RADV GFX1201)
tick 5935000 alive  1046074 genomes   50250 energy   193.9 births 48271555 deaths 48271560 (24982.7s) AMD Radeon AI PRO R9700 (RADV GFX1201)
tick 5936000 alive  1046080 genomes   49646 energy   194.5 births 48445067 deaths 48445061 (24985.3s) AMD Radeon AI PRO R9700 (RADV GFX1201)
tick 5937000 alive  1046102 genomes   48503 energy   194.8 births 48115445 deaths 48115423 (24987.9s) AMD Radeon AI PRO R9700 (RADV GFX1201)
tick 5938000 alive  1046053 genomes   47566 energy   195.4 births 47715137 deaths 47715186 (24991.2s) AMD Radeon AI PRO R9700 (RADV GFX1201)
tick 5939000 alive  1045958 genomes   49049 energy   194.4 births 47690739 deaths 47690834 (24994.0s) AMD Radeon AI PRO R9700 (RADV GFX1201)
tick 5940000 alive  1046075 genomes   48254 energy   195.1 births 48244429 deaths 48244312 (24996.7s) AMD Radeon AI PRO R9700 (RADV GFX1201)
tick 5941000 alive  1046054 genomes   48964 energy   194.5 births 47933085 deaths 47933106 (24999.3s) AMD Radeon AI PRO R9700 (RADV GFX1201)
tick 5942000 alive  1046035 genomes   48523 energy   194.8 births 48415444 deaths 48415463 (25001.9s) AMD Radeon AI PRO R9700 (RADV GFX1201)
tick 5943000 alive  1046009 genomes   48282 energy   195.4 births 48029546 deaths 48029572 (25004.5s) AMD Radeon AI PRO R9700 (RADV GFX1201)
tick 5944000 alive  1046041 genomes   48370 energy   195.1 births 47754673 deaths 47754641 (25007.1s) AMD Radeon AI PRO R9700 (RADV GFX1201)
tick 5945000 alive  1046002 genomes   48508 energy   194.6 births 47997333 deaths 47997372 (25009.7s) AMD Radeon AI PRO R9700 (RADV GFX1201)
tick 5946000 alive  1046034 genomes   47993 energy   195.1 births 48066398 deaths 48066366 (25012.3s) AMD Radeon AI PRO R9700 (RADV GFX1201)
tick 5947000 alive  1045982 genomes   48722 energy   194.6 births 48214847 deaths 48214899 (25015.0s) AMD Radeon AI PRO R9700 (RADV GFX1201)
tick 5948000 alive  1046159 genomes   48364 energy   195.2 births 48176835 deaths 48176658 (25017.6s) AMD Radeon AI PRO R9700 (RADV GFX1201)
tick 5949000 alive  1046142 genomes   48519 energy   195.0 births 47814211 deaths 47814228 (25020.2s) AMD Radeon AI PRO R9700 (RADV GFX1201)
tick 5950000 alive  1046069 genomes   48510 energy   195.0 births 47778984 deaths 47779057 (25022.8s) AMD Radeon AI PRO R9700 (RADV GFX1201)
tick 5951000 alive  1046073 genomes   48439 energy   195.2 births 48063512 deaths 48063508 (25025.4s) AMD Radeon AI PRO R9700 (RADV GFX1201)
tick 5952000 alive  1045965 genomes   47854 energy   195.5 births 47658962 deaths 47659070 (25028.0s) AMD Radeon AI PRO R9700 (RADV GFX1201)
tick 5953000 alive  1046025 genomes   49170 energy   194.3 births 47819321 deaths 47819261 (25030.6s) AMD Radeon AI PRO R9700 (RADV GFX1201)
tick 5954000 alive  1046017 genomes   48886 energy   194.7 births 48346542 deaths 48346550 (25033.2s) AMD Radeon AI PRO R9700 (RADV GFX1201)
tick 5955000 alive  1046027 genomes   49077 energy   194.4 births 48260317 deaths 48260307 (25035.8s) AMD Radeon AI PRO R9700 (RADV GFX1201)
tick 5956000 alive  1046041 genomes   48466 energy   194.8 births 48063756 deaths 48063742 (25038.3s) AMD Radeon AI PRO R9700 (RADV GFX1201)
tick 5957000 alive  1046097 genomes   48575 energy   194.5 births 48046587 deaths 48046531 (25041.0s) AMD Radeon AI PRO R9700 (RADV GFX1201)
tick 5958000 alive  1046055 genomes   47742 energy   195.1 births 48076192 deaths 48076234 (25043.6s) AMD Radeon AI PRO R9700 (RADV GFX1201)
tick 5959000 alive  1045991 genomes   49206 energy   194.7 births 48036372 deaths 48036436 (25046.3s) AMD Radeon AI PRO R9700 (RADV GFX1201)
tick 5960000 alive  1046073 genomes   49976 energy   194.0 births 48571102 deaths 48571020 (25049.0s) AMD Radeon AI PRO R9700 (RADV GFX1201)
tick 5961000 alive  1046043 genomes   50225 energy   193.8 births 48915094 deaths 48915124 (25051.6s) AMD Radeon AI PRO R9700 (RADV GFX1201)
tick 5962000 alive  1046048 genomes   50327 energy   193.7 births 49100170 deaths 49100165 (25054.2s) AMD Radeon AI PRO R9700 (RADV GFX1201)
tick 5963000 alive  1046059 genomes   50515 energy   193.7 births 48943044 deaths 48943033 (25056.8s) AMD Radeon AI PRO R9700 (RADV GFX1201)
tick 5964000 alive  1046115 genomes   50140 energy   194.1 births 49129814 deaths 49129758 (25059.4s) AMD Radeon AI PRO R9700 (RADV GFX1201)
tick 5965000 alive  1046047 genomes   51163 energy   193.2 births 49037562 deaths 49037630 (25062.0s) AMD Radeon AI PRO R9700 (RADV GFX1201)
tick 5966000 alive  1045961 genomes   50286 energy   194.4 births 49024077 deaths 49024163 (25064.6s) AMD Radeon AI PRO R9700 (RADV GFX1201)
tick 5967000 alive  1046071 genomes   48984 energy   195.0 births 48288440 deaths 48288330 (25067.1s) AMD Radeon AI PRO R9700 (RADV GFX1201)
tick 5968000 alive  1045992 genomes   49219 energy   194.7 births 48358632 deaths 48358711 (25069.8s) AMD Radeon AI PRO R9700 (RADV GFX1201)
tick 5969000 alive  1045979 genomes   50367 energy   194.3 births 48355877 deaths 48355890 (25072.4s) AMD Radeon AI PRO R9700 (RADV GFX1201)
tick 5970000 alive  1046078 genomes   50533 energy   193.9 births 48633567 deaths 48633468 (25075.1s) AMD Radeon AI PRO R9700 (RADV GFX1201)
tick 5971000 alive  1046070 genomes   49905 energy   194.5 births 48849259 deaths 48849267 (25077.7s) AMD Radeon AI PRO R9700 (RADV GFX1201)
tick 5972000 alive  1046009 genomes   50889 energy   193.4 births 49074998 deaths 49075059 (25080.3s) AMD Radeon AI PRO R9700 (RADV GFX1201)
tick 5973000 alive  1046005 genomes   50569 energy   193.4 births 49143665 deaths 49143669 (25082.8s) AMD Radeon AI PRO R9700 (RADV GFX1201)
tick 5974000 alive  1046032 genomes   50446 energy   193.7 births 48932106 deaths 48932079 (25085.4s) AMD Radeon AI PRO R9700 (RADV GFX1201)
tick 5975000 alive  1045942 genomes   49776 energy   194.2 births 48836497 deaths 48836587 (25088.0s) AMD Radeon AI PRO R9700 (RADV GFX1201)
tick 5976000 alive  1046051 genomes   50142 energy   193.8 births 48816718 deaths 48816609 (25090.6s) AMD Radeon AI PRO R9700 (RADV GFX1201)
tick 5977000 alive  1046063 genomes   51202 energy   193.2 births 49400947 deaths 49400935 (25093.2s) AMD Radeon AI PRO R9700 (RADV GFX1201)
tick 5978000 alive  1046022 genomes   51745 energy   192.6 births 49626116 deaths 49626157 (25095.9s) AMD Radeon AI PRO R9700 (RADV GFX1201)
tick 5979000 alive  1045950 genomes   51911 energy   192.7 births 50002352 deaths 50002424 (25098.5s) AMD Radeon AI PRO R9700 (RADV GFX1201)
tick 5980000 alive  1045988 genomes   51848 energy   192.7 births 49708250 deaths 49708212 (25101.0s) AMD Radeon AI PRO R9700 (RADV GFX1201)
tick 5981000 alive  1046075 genomes   51428 energy   193.2 births 49731418 deaths 49731331 (25103.6s) AMD Radeon AI PRO R9700 (RADV GFX1201)
tick 5982000 alive  1046070 genomes   52013 energy   192.9 births 49544455 deaths 49544460 (25106.2s) AMD Radeon AI PRO R9700 (RADV GFX1201)
tick 5983000 alive  1046140 genomes   51632 energy   192.8 births 49568930 deaths 49568860 (25108.8s) AMD Radeon AI PRO R9700 (RADV GFX1201)
tick 5984000 alive  1046072 genomes   52286 energy   192.9 births 49954247 deaths 49954315 (25111.4s) AMD Radeon AI PRO R9700 (RADV GFX1201)
tick 5985000 alive  1045983 genomes   51855 energy   193.3 births 49489350 deaths 49489439 (25114.0s) AMD Radeon AI PRO R9700 (RADV GFX1201)
tick 5986000 alive  1045963 genomes   51661 energy   193.0 births 49400537 deaths 49400557 (25116.7s) AMD Radeon AI PRO R9700 (RADV GFX1201)
tick 5987000 alive  1046030 genomes   51826 energy   193.2 births 49494229 deaths 49494162 (25119.2s) AMD Radeon AI PRO R9700 (RADV GFX1201)
tick 5988000 alive  1046006 genomes   51468 energy   193.3 births 49562548 deaths 49562572 (25121.9s) AMD Radeon AI PRO R9700 (RADV GFX1201)
tick 5989000 alive  1046104 genomes   50441 energy   193.8 births 49372685 deaths 49372587 (25124.5s) AMD Radeon AI PRO R9700 (RADV GFX1201)
tick 5990000 alive  1046000 genomes   50841 energy   193.9 births 49001465 deaths 49001569 (25127.1s) AMD Radeon AI PRO R9700 (RADV GFX1201)
tick 5991000 alive  1046056 genomes   51097 energy   193.3 births 49075981 deaths 49075925 (25129.7s) AMD Radeon AI PRO R9700 (RADV GFX1201)
tick 5992000 alive  1045973 genomes   50467 energy   194.3 births 49074882 deaths 49074965 (25132.6s) AMD Radeon AI PRO R9700 (RADV GFX1201)
tick 5993000 alive  1046038 genomes   49064 energy   194.6 births 48594140 deaths 48594075 (25135.3s) AMD Radeon AI PRO R9700 (RADV GFX1201)
tick 5994000 alive  1046108 genomes   50255 energy   194.1 births 48463597 deaths 48463527 (25137.9s) AMD Radeon AI PRO R9700 (RADV GFX1201)
tick 5995000 alive  1045985 genomes   51563 energy   193.1 births 49218079 deaths 49218202 (25140.5s) AMD Radeon AI PRO R9700 (RADV GFX1201)
tick 5996000 alive  1046112 genomes   51609 energy   193.0 births 49569294 deaths 49569167 (25143.1s) AMD Radeon AI PRO R9700 (RADV GFX1201)
tick 5997000 alive  1046005 genomes   51630 energy   192.9 births 49812696 deaths 49812803 (25145.7s) AMD Radeon AI PRO R9700 (RADV GFX1201)
tick 5998000 alive  1046112 genomes   50546 energy   193.6 births 49371049 deaths 49370942 (25148.4s) AMD Radeon AI PRO R9700 (RADV GFX1201)
tick 5999000 alive  1046098 genomes   49918 energy   193.6 births 49178763 deaths 49178777 (25151.0s) AMD Radeon AI PRO R9700 (RADV GFX1201)
tick 6000000 alive  1046058 genomes   49565 energy   194.2 births 48788205 deaths 48788245 (25153.6s) AMD Radeon AI PRO R9700 (RADV GFX1201)
done 6000000 ticks in 25153.6s
