tick,live,births,faithful,mutant,deaths_age,deaths_reaper,placements,rays,distinct_genomes,entropy,singletons,top_count,top_genome,parasites,out_readers,fertile,new_genomes,genomes_ever,shadow_distinct,shadow_entropy,shadow_singletons,shadow_new,shadow_ever
0,65536,0,0,0,0,0,61440,0,59906,15.7319,57732,12,0x0016885ce8,0,0,0,2174,2174,59906,15.7319,57732,2174,2174
1000,65536,835,626,209,2031567,835,2093007,0,58200,15.5350,55169,960,0x0000000000,27015,32777,0,3031,5205,58230,15.5359,55217,3013,5187
2000,65536,839,630,209,4063214,839,4124654,0,53202,15.0470,49120,2185,0x0000000000,23742,24272,0,3127,8332,53193,15.0462,49105,3126,8313
3000,65536,839,630,209,6094833,839,6156273,0,50136,14.7190,45214,3026,0x0000000000,22342,20652,0,3001,11333,50143,14.7170,45232,2980,11293
4000,65536,839,630,209,8191161,839,8252601,0,48137,14.5120,42574,3422,0x0000000000,409,213,0,2690,14023,48146,14.5146,42603,2677,13970
5000,65536,839,630,209,10223563,839,10285003,0,47484,14.4325,41293,3614,0x0000000000,21304,17577,0,2612,16635,47475,14.4299,41297,2609,16579
6000,65536,839,630,209,12255214,839,12316654,0,46714,14.3470,40067,3865,0x0000000000,21243,16991,0,2331,18966,46735,14.3495,40112,2316,18895
7000,65536,839,630,209,14286833,839,14348273,0,46571,14.3362,39560,3875,0x0000000000,21268,16933,0,2231,21197,46573,14.3353,39583,2233,21128
8000,65536,839,630,209,16383161,839,16444601,0,46229,14.3177,38880,3827,0x0000000000,397,219,0,2141,23338,46216,14.3175,38853,2160,23288
9000,65536,839,630,209,18415563,839,18477003,0,46117,14.2870,38506,3971,0x0000000000,20936,16521,0,1977,25315,46084,14.2849,38467,1996,25284
10000,65536,839,630,209,20447214,839,20508654,0,46148,14.2784,38255,3940,0x0000000000,20917,16475,0,1915,27230,46158,14.2785,38288,1892,27176
11000,65536,839,630,209,22478833,839,22540273,0,45863,14.2555,37692,4040,0x0000000000,21120,16234,0,1953,29183,45882,14.2547,37734,1935,29111
12000,65536,839,630,209,24575161,839,24636601,0,46058,14.2968,37510,3851,0x0000000000,405,196,0,1803,30986,46073,14.2985,37523,1803,30914
13000,65536,839,630,209,26607563,839,26669003,0,46011,14.2702,37303,3996,0x0000000000,20861,16002,0,1802,32788,45990,14.2668,37297,1798,32712
14000,65536,839,630,209,28639214,839,28700654,0,45936,14.2675,37099,3978,0x0000000000,20951,16147,0,1683,34471,45932,14.2658,37102,1688,34400
15000,65536,839,630,209,30670833,839,30732273,0,45878,14.2618,36800,4061,0x0000000000,20978,16033,0,1726,36197,45887,14.2639,36814,1742,36142
16000,65536,839,630,209,32767161,839,32828601,0,45770,14.2619,36361,3969,0x0000000000,401,206,0,1716,37913,45769,14.2636,36336,1734,37876
17000,65536,839,630,209,34799563,839,34861003,0,45650,14.2612,36106,3887,0x0000000000,20924,16129,0,1594,39507,45623,14.2585,36076,1597,39473
18000,65536,839,630,209,36831214,839,36892654,0,45721,14.2577,35900,3941,0x0000000000,20744,16041,0,1683,41190,45739,14.2570,35953,1684,41157
19000,65536,839,630,209,38862833,839,38924273,0,45675,14.2414,35739,4047,0x0000000000,20948,15928,0,1639,42829,45663,14.2400,35727,1636,42793
20000,65536,839,630,209,40959161,839,41020601,0,45728,14.2645,35630,3931,0x0000000000,406,209,0,1584,44413,45734,14.2646,35636,1591,44384
21000,65536,839,630,209,42991563,839,43053003,0,45785,14.2610,35547,3972,0x0000000000,20976,16191,0,1600,46013,45824,14.2657,35604,1601,45985
22000,65536,839,630,209,45023214,839,45084654,0,45683,14.2402,35121,4038,0x0000000000,21007,16050,0,1572,47585,45673,14.2405,35099,1559,47544
23000,65536,839,630,209,47054833,839,47116273,0,46005,14.2895,35448,3873,0x0000000000,20958,16191,0,1555,49140,45989,14.2883,35441,1564,49108
24000,65536,839,630,209,49151161,839,49212601,0,45936,14.2788,35218,3957,0x0000000000,415,222,0,1549,50689,45922,14.2795,35207,1562,50670
25000,65536,839,630,209,51183563,839,51245003,0,45582,14.2379,34724,4029,0x0000000000,20931,15924,0,1467,52156,45584,14.2361,34774,1472,52142
26000,65536,839,630,209,53215214,839,53276654,0,45637,14.2582,34709,3983,0x0000000000,21053,15999,0,1489,53645,45610,14.2553,34688,1481,53623
27000,65536,839,630,209,55246833,839,55308273,0,45535,14.2458,34341,3966,0x0000000000,20867,16134,0,1478,55123,45526,14.2446,34369,1471,55094
28000,65536,839,630,209,57343161,839,57404601,0,45556,14.2355,34248,4083,0x0000000000,412,178,0,1426,56549,45582,14.2368,34295,1432,56526
29000,65536,839,630,209,59375563,839,59437003,0,45640,14.2487,34225,3949,0x0000000000,20947,15935,0,1415,57964,45616,14.2485,34202,1425,57951
30000,65536,839,630,209,61407214,839,61468654,0,45642,14.2416,34012,3987,0x0000000000,20984,16083,0,1437,59401,45616,14.2382,33981,1437,59388
31000,65536,839,630,209,63438833,839,63500273,0,45521,14.2285,33596,4072,0x0000000000,20921,15976,0,1441,60842,45526,14.2313,33612,1438,60826
32000,65536,839,630,209,65535161,839,65596601,0,45618,14.2609,33830,3933,0x0000000000,436,228,0,1393,62235,45592,14.2564,33828,1383,62209
33000,65536,839,630,209,67567563,839,67629003,0,45654,14.2357,33785,4035,0x0000000000,21129,16110,0,1390,63625,45626,14.2324,33766,1395,63604
34000,65536,839,630,209,69599214,839,69660654,0,45697,14.2392,33710,3982,0x0000000000,21067,16027,0,1274,64899,45728,14.2433,33732,1273,64877
35000,65536,839,630,209,71630833,839,71692273,0,45572,14.2232,33418,4038,0x0000000000,21008,16177,0,1338,66237,45554,14.2219,33403,1345,66222
36000,65536,839,630,209,73727161,839,73788601,0,45464,14.2318,33172,4014,0x0000000000,404,174,0,1322,67559,45489,14.2333,33212,1325,67547
37000,65536,839,630,209,75759563,839,75821003,0,45534,14.2539,33074,3921,0x0000000000,20924,15792,0,1312,68871,45583,14.2586,33083,1318,68865
38000,65536,839,630,209,77791214,839,77852654,0,45655,14.2445,33077,3984,0x0000000000,20932,15975,0,1310,70181,45619,14.2440,33072,1322,70187
39000,65536,839,630,209,79822833,839,79884273,0,45605,14.2622,32784,3930,0x0000000000,21021,15965,0,1410,71591,45608,14.2614,32765,1407,71594
40000,65536,839,630,209,81919161,839,81980601,0,45493,14.2322,32757,4050,0x0000000000,389,169,0,1335,72926,45523,14.2338,32778,1327,72921
41000,65536,839,630,209,83951563,839,84013003,0,45673,14.2525,32771,3980,0x0000000000,21061,16235,0,1356,74282,45687,14.2540,32765,1353,74274
42000,65536,839,630,209,85983214,839,86044654,0,45654,14.2384,32508,4031,0x0000000000,20995,16015,0,1259,75541,45623,14.2364,32516,1251,75525
43000,65536,839,630,209,88014833,839,88076273,0,45458,14.2272,32282,4038,0x0000000000,20829,15997,0,1297,76838,45463,14.2278,32304,1301,76826
44000,65536,839,630,209,90111161,839,90172601,0,45717,14.2624,32453,3919,0x0000000000,408,192,0,1262,78100,45711,14.2611,32433,1269,78095
45000,65536,839,630,209,92143563,839,92205003,0,45359,14.2121,32041,4082,0x0000000000,20858,15832,0,1232,79332,45395,14.2148,32053,1240,79335
46000,65536,839,630,209,94175214,839,94236654,0,45673,14.2481,32236,4002,0x0000000000,20951,15821,0,1210,80542,45699,14.2489,32267,1198,80533
47000,65536,839,630,209,96206833,839,96268273,0,45538,14.2362,31795,4051,0x0000000000,20852,16023,0,1299,81841,45518,14.2337,31777,1307,81840
48000,65536,839,630,209,98303161,839,98364601,0,45692,14.2623,32000,3912,0x0000000000,407,212,0,1212,83053,45688,14.2620,31998,1211,83051
49000,65536,839,630,209,100335563,839,100397003,0,45572,14.2356,31878,4045,0x0000000000,20872,15964,0,1234,84287,45576,14.2359,31886,1231,84282
50000,65536,839,630,209,102367214,839,102428654,0,45525,14.2397,31813,3959,0x0000000000,20867,15957,0,1173,85460,45524,14.2411,31813,1163,85445
51000,65536,839,630,209,104398833,839,104460273,0,45521,14.2453,31610,3984,0x0000000000,21025,15927,0,1224,86684,45529,14.2433,31622,1220,86665
52000,65536,839,630,209,106495161,839,106556601,0,45511,14.2280,31397,4053,0x0000000000,407,184,0,1158,87842,45516,14.2269,31400,1149,87814
53000,65536,839,630,209,108527563,839,108589003,0,45610,14.2500,31530,3938,0x0000000000,20926,16103,0,1154,88996,45626,14.2511,31534,1154,88968
54000,65536,839,630,209,110559214,839,110620654,0,45494,14.2321,31269,4000,0x0000000000,20876,16056,0,1213,90209,45494,14.2312,31278,1212,90180
55000,65536,839,630,209,112590833,839,112652273,0,45725,14.2456,31440,4044,0x0000000000,20892,15843,0,1152,91361,45709,14.2451,31444,1144,91324
56000,65536,839,630,209,114687161,839,114748601,0,45541,14.2401,31172,4019,0x0000000000,416,215,0,1180,92541,45536,14.2395,31192,1191,92515
57000,65536,839,630,209,116719563,839,116781003,0,45582,14.2510,31037,3961,0x0000000000,20931,16085,0,1164,93705,45591,14.2513,31064,1166,93681
58000,65536,839,630,209,118751214,839,118812654,0,45448,14.2295,30859,4037,0x0000000000,20959,15954,0,1178,94883,45433,14.2290,30874,1185,94866
59000,65536,839,630,209,120782833,839,120844273,0,45716,14.2407,31109,4062,0x0000000000,20965,15937,0,1123,96006,45704,14.2385,31079,1124,95990
60000,65536,839,630,209,122879161,839,122940601,0,45433,14.2261,30762,3996,0x0000000000,416,201,0,1150,97156,45435,14.2245,30787,1152,97142
61000,65536,839,630,209,124911563,839,124973003,0,45616,14.2473,30794,3956,0x0000000000,20966,16054,0,1183,98339,45586,14.2427,30781,1180,98322
62000,65536,839,630,209,126943214,839,127004654,0,45603,14.2367,30590,4014,0x0000000000,20931,15962,0,1095,99434,45595,14.2336,30581,1105,99427
63000,65536,839,630,209,128974833,839,129036273,0,45383,14.2192,30307,4099,0x0000000000,20908,15973,0,1197,100631,45362,14.2171,30285,1207,100634
64000,65536,839,630,209,131071161,839,131132601,0,45417,14.2301,30371,3981,0x0000000000,412,211,0,1141,101772,45418,14.2288,30361,1136,101770
65000,65536,839,630,209,133103563,839,133165003,0,45601,14.2494,30416,3924,0x0000000000,20834,15956,0,1074,102846,45583,14.2455,30410,1070,102840
66000,65536,839,630,209,135135214,839,135196654,0,45516,14.2124,30275,4082,0x0000000000,20809,15781,0,1089,103935,45491,14.2115,30217,1091,103931
67000,65536,839,630,209,137166833,839,137228273,0,45528,14.2417,30088,3991,0x0000000000,20910,15908,0,1159,105094,45533,14.2438,30071,1167,105098
68000,65536,839,630,209,139263161,839,139324601,0,45530,14.2367,30110,4007,0x0000000000,435,185,0,1119,106213,45543,14.2383,30082,1118,106216
69000,65536,839,630,209,141295563,839,141357003,0,45627,14.2470,30146,3950,0x0000000000,20826,15930,0,1119,107332,45620,14.2467,30189,1100,107316
70000,65536,839,630,209,143327214,839,143388654,0,45675,14.2404,30033,4029,0x0000000000,21066,15974,0,1063,108395,45673,14.2424,30031,1065,108381
71000,65536,839,630,209,145358833,839,145420273,0,45517,14.2288,29768,4022,0x0000000000,20915,16061,0,1062,109457,45553,14.2296,29812,1043,109424
72000,65536,839,630,209,147455161,839,147516601,0,45474,14.2282,29624,4036,0x0000000000,389,186,0,1112,110569,45511,14.2322,29641,1112,110536
73000,65536,839,630,209,149487563,839,149549003,0,45488,14.2251,29508,4067,0x0000000000,21022,15724,0,1096,111665,45490,14.2291,29448,1110,111646
74000,65536,839,630,209,151519214,839,151580654,0,45350,14.2194,29313,4052,0x0000000000,20715,15969,0,1125,112790,45323,14.2159,29275,1114,112760
75000,65536,839,630,209,153550833,839,153612273,0,45394,14.2155,29418,4090,0x0000000000,20861,15981,0,1050,113840,45389,14.2159,29428,1062,113822
76000,65536,839,630,209,155647161,839,155708601,0,45275,14.2185,29105,4001,0x0000000000,400,185,0,1137,114977,45324,14.2217,29149,1124,114946
77000,65536,839,630,209,157679563,839,157741003,0,45438,14.2277,29071,4023,0x0000000000,20815,15942,0,1108,116085,45419,14.2240,29070,1093,116039
78000,65536,839,630,209,159711214,839,159772654,0,45392,14.2220,29198,4058,0x0000000000,20793,16006,0,1088,117173,45411,14.2236,29245,1075,117114
79000,65536,839,630,209,161742833,839,161804273,0,45325,14.2108,29138,4056,0x0000000000,20688,15888,0,1013,118186,45326,14.2096,29155,1008,118122
80000,65536,839,630,209,163839161,839,163900601,0,45396,14.2307,28859,3981,0x0000000000,407,208,0,1115,119301,45380,14.2286,28896,1113,119235
81000,65536,839,630,209,165871563,839,165933003,0,45361,14.2230,28923,3989,0x0000000000,20903,15923,0,1020,120321,45387,14.2246,28942,1022,120257
82000,65536,839,630,209,167903214,839,167964654,0,45483,14.2369,28868,3986,0x0000000000,20837,15792,0,1054,121375,45452,14.2340,28829,1058,121315
83000,65536,839,630,209,169934833,839,169996273,0,45624,14.2363,28995,4054,0x0000000000,20676,15970,0,996,122371,45643,14.2391,29009,1001,122316
84000,65536,839,630,209,172031161,839,172092601,0,45614,14.2569,28810,3974,0x0000000000,420,205,0,1034,123405,45592,14.2558,28822,1048,123364
85000,65536,839,630,209,174063563,839,174125003,0,45575,14.2418,28752,4014,0x0000000000,21040,15766,0,1103,124508,45565,14.2411,28749,1092,124456
86000,65536,839,630,209,176095214,839,176156654,0,45380,14.2121,28720,4080,0x0000000000,20869,15994,0,997,125505,45393,14.2136,28734,992,125448
87000,65536,839,630,209,178126833,839,178188273,0,45354,14.2052,28513,4063,0x0000000000,20869,15955,0,1041,126546,45363,14.2064,28552,1041,126489
88000,65536,839,630,209,180223161,839,180284601,0,45682,14.2515,28790,3911,0x0000000000,400,208,0,1008,127554,45637,14.2486,28726,1003,127492
89000,65536,839,630,209,182255563,839,182317003,0,45574,14.2520,28426,3933,0x0000000000,20953,15905,0,1007,128561,45576,14.2526,28490,1003,128495
90000,65536,839,630,209,184287214,839,184348654,0,45463,14.2288,28428,4041,0x0000000000,20967,16049,0,1036,129597,45476,14.2299,28384,1033,129528
91000,65536,839,630,209,186318833,839,186380273,0,45528,14.2349,28260,4036,0x0000000000,20821,15959,0,1040,130637,45514,14.2315,28229,1032,130560
92000,65536,839,630,209,188415161,839,188476601,0,45417,14.2244,28224,4006,0x0000000000,398,215,0,1023,131660,45414,14.2268,28207,1019,131579
93000,65536,839,630,209,190447563,839,190509003,0,45271,14.2106,28102,4050,0x0000000000,20939,15894,0,1007,132667,45276,14.2100,28108,1004,132583
94000,65536,839,630,209,192479214,839,192540654,0,45724,14.2607,28181,3919,0x0000000000,21109,16164,0,1011,133678,45747,14.2648,28190,997,133580
95000,65536,839,630,209,194510833,839,194572273,0,45393,14.2236,27932,4054,0x0000000000,20724,15843,0,1043,134721,45413,14.2252,27961,1032,134612
96000,65536,839,630,209,196607161,839,196668601,0,45549,14.2394,27975,3988,0x0000000000,436,187,0,1015,135736,45564,14.2412,28044,1015,135627
97000,65536,839,630,209,198639563,839,198701003,0,45592,14.2319,27860,4080,0x0000000000,20766,15875,0,944,136680,45594,14.2295,27820,935,136562
98000,65536,839,630,209,200671214,839,200732654,0,45463,14.2302,27720,4007,0x0000000000,20712,15755,0,983,137663,45447,14.2288,27735,986,137548
99000,65536,839,630,209,202702833,839,202764273,0,45617,14.2470,27887,3943,0x0000000000,21014,16165,0,990,138653,45608,14.2457,27895,996,138544
100000,65536,839,630,209,204799161,839,204860601,0,45482,14.2183,27667,4059,0x0000000000,402,203,0,967,139620,45466,14.2183,27636,968,139512
101000,65536,839,630,209,206831563,839,206893003,0,45430,14.2156,27466,4112,0x0000000000,20787,16026,0,942,140562,45456,14.2217,27467,957,140469
102000,65536,839,630,209,208863214,839,208924654,0,45514,14.2520,27704,3910,0x0000000000,21023,15875,0,1006,141568,45536,14.2544,27718,1007,141476
103000,65536,839,630,209,210894833,839,210956273,0,45488,14.2384,27297,3921,0x0000000000,20819,15910,0,968,142536,45474,14.2367,27270,974,142450
104000,65536,839,630,209,212991161,839,213052601,0,45576,14.2366,27529,3995,0x0000000000,404,195,0,969,143505,45545,14.2352,27508,976,143426
105000,65536,839,630,209,215023563,839,215085003,0,45667,14.2546,27369,3957,0x0000000000,20970,16146,0,965,144470,45661,14.2557,27371,975,144401
106000,65536,839,630,209,217055214,839,217116654,0,45631,14.2506,27537,3984,0x0000000000,21039,15842,0,983,145453,45625,14.2502,27527,979,145380
107000,65536,839,630,209,219086833,839,219148273,0,45531,14.2428,27305,4032,0x0000000000,20940,15941,0,993,146446,45500,14.2410,27340,985,146365
108000,65536,839,630,209,221183161,839,221244601,0,45507,14.2368,27183,4013,0x0000000000,406,197,0,1000,147446,45496,14.2364,27149,1004,147369
109000,65536,839,630,209,223215563,839,223277003,0,45368,14.2257,26991,3991,0x0000000000,20729,15909,0,1010,148456,45356,14.2279,26980,1011,148380
110000,65536,839,630,209,225247214,839,225308654,0,45432,14.2124,27017,4089,0x0000000000,20949,15911,0,931,149387,45431,14.2124,27011,933,149313
111000,65536,839,630,209,227278833,839,227340273,0,45482,14.2191,26913,4112,0x0000000000,20810,15822,0,924,150311,45471,14.2184,26896,926,150239
112000,65536,839,630,209,229375161,839,229436601,0,45341,14.2025,26748,4126,0x0000000000,410,169,0,894,151205,45363,14.2067,26799,892,151131
113000,65536,839,630,209,231407563,839,231469003,0,45486,14.2256,26915,4037,0x0000000000,21009,16045,0,933,152138,45477,14.2253,26886,928,152059
114000,65536,839,630,209,233439214,839,233500654,0,45587,14.2601,26737,3900,0x0000000000,20984,15787,0,959,153097,45598,14.2624,26714,942,153001
115000,65536,839,630,209,235470833,839,235532273,0,45339,14.2153,26684,4022,0x0000000000,21025,15812,0,923,154020,45327,14.2135,26682,920,153921
116000,65536,839,630,209,237567161,839,237628601,0,45402,14.2372,26321,3953,0x0000000000,421,232,0,979,154999,45398,14.2343,26321,981,154902
117000,65536,839,630,209,239599563,839,239661003,0,45284,14.1860,26486,4205,0x0000000000,20945,15816,0,881,155880,45258,14.1824,26487,886,155788
118000,65536,839,630,209,241631214,839,241692654,0,45518,14.2293,26519,4038,0x0000000000,21110,15916,0,942,156822,45473,14.2251,26484,949,156737
119000,65536,839,630,209,243662833,839,243724273,0,45425,14.2291,26472,3965,0x0000000000,20610,15877,0,846,157668,45411,14.2252,26447,834,157571
120000,65536,839,630,209,245759161,839,245820601,0,45560,14.2504,26310,3917,0x0000000000,414,196,0,902,158570,45572,14.2510,26338,896,158467
121000,65536,839,630,209,247791563,839,247853003,0,45573,14.2426,26314,3950,0x0000000000,21079,15925,0,918,159488,45611,14.2454,26358,914,159381
122000,65536,839,630,209,249823214,839,249884654,0,45443,14.2286,26118,4044,0x0000000000,20928,15776,0,908,160396,45444,14.2273,26094,898,160279
123000,65536,839,630,209,251854833,839,251916273,0,45516,14.2423,26144,3937,0x0000000000,20811,15807,0,913,161309,45502,14.2417,26150,919,161198
124000,65536,839,630,209,253951161,839,254012601,0,45538,14.2312,26165,4037,0x0000000000,390,197,0,906,162215,45532,14.2321,26175,902,162100
125000,65536,839,630,209,255983563,839,256045003,0,45425,14.2185,26034,4086,0x0000000000,20913,15894,0,925,163140,45404,14.2157,26000,933,163033
126000,65536,839,630,209,258015214,839,258076654,0,45424,14.2342,25951,3992,0x0000000000,20856,15796,0,940,164080,45397,14.2315,25943,943,163976
127000,65536,839,630,209,260046833,839,260108273,0,45182,14.1952,25671,4140,0x0000000000,20769,15831,0,956,165036,45207,14.1973,25676,952,164928
128000,65536,839,630,209,262143161,839,262204601,0,45537,14.2433,25734,3983,0x0000000000,410,197,0,920,165956,45552,14.2445,25771,916,165844
129000,65536,839,630,209,264175563,839,264237003,0,45291,14.2135,25655,4043,0x0000000000,20952,15712,0,904,166860,45294,14.2118,25661,897,166741
130000,65536,839,630,209,266207214,839,266268654,0,45455,14.2239,25613,4008,0x0000000000,21032,16117,0,892,167752,45403,14.2219,25567,901,167642
131000,65536,839,630,209,268238833,839,268300273,0,45380,14.2120,25641,4122,0x0000000000,20988,15702,0,883,168635,45403,14.2152,25641,871,168513
132000,65536,839,630,209,270335161,839,270396601,0,45584,14.2505,25626,3973,0x0000000000,414,218,0,891,169526,45588,14.2513,25636,878,169391
133000,65536,839,630,209,272367563,839,272429003,0,45382,14.2188,25504,4055,0x0000000000,20896,15837,0,898,170424,45424,14.2228,25545,894,170285
134000,65536,839,630,209,274399214,839,274460654,0,45582,14.2540,25517,3882,0x0000000000,20960,16085,0,881,171305,45563,14.2524,25489,878,171163
135000,65536,839,630,209,276430833,839,276492273,0,45343,14.2293,25302,3967,0x0000000000,20928,15787,0,890,172195,45346,14.2266,25317,875,172038
136000,65536,839,630,209,278527161,839,278588601,0,45473,14.2376,25407,4013,0x0000000000,400,202,0,906,173101,45496,14.2394,25415,903,172941
137000,65536,839,630,209,280559563,839,280621003,0,45573,14.2319,25225,4064,0x0000000000,20632,15959,0,866,173967,45561,14.2327,25235,863,173804
138000,65536,839,630,209,282591214,839,282652654,0,45258,14.2079,25176,4040,0x0000000000,20780,15943,0,897,174864,45266,14.2083,25171,895,174699
139000,65536,839,630,209,284622833,839,284684273,0,45461,14.2317,25155,3995,0x0000000000,20789,15922,0,857,175721,45502,14.2349,25192,855,175554
140000,65536,839,630,209,286719161,839,286780601,0,45688,14.2442,25372,4006,0x0000000000,410,207,0,868,176589,45679,14.2450,25380,870,176424
141000,65536,839,630,209,288751563,839,288813003,0,45664,14.2428,25142,4126,0x0000000000,20752,15889,0,895,177484,45665,14.2410,25132,894,177318
142000,65536,839,630,209,290783214,839,290844654,0,45532,14.2425,25094,3989,0x0000000000,20782,15939,0,880,178364,45553,14.2453,25121,875,178193
143000,65536,839,630,209,292814833,839,292876273,0,45503,14.2220,25018,4074,0x0000000000,20846,15792,0,858,179222,45501,14.2226,24998,868,179061
144000,65536,839,630,209,294911161,839,294972601,0,45457,14.2273,24827,3992,0x0000000000,403,199,0,867,180089,45415,14.2232,24820,874,179935
145000,65536,839,630,209,296943563,839,297005003,0,45373,14.2199,24823,4047,0x0000000000,21009,15888,0,870,180959,45375,14.2209,24808,876,180811
146000,65536,839,630,209,298975214,839,299036654,0,45583,14.2369,24754,4089,0x0000000000,20794,15786,0,853,181812,45619,14.2396,24802,860,181671
147000,65536,839,630,209,301006833,839,301068273,0,45285,14.1915,24537,4189,0x0000000000,20793,15827,0,869,182681,45311,14.1931,24563,866,182537
148000,65536,839,630,209,303103161,839,303164601,0,45452,14.2274,24819,4065,0x0000000000,432,194,0,875,183556,45460,14.2280,24812,862,183399
149000,65536,839,630,209,305135563,839,305197003,0,45526,14.2124,24717,4131,0x0000000000,20608,15802,0,800,184356,45508,14.2098,24727,800,184199
150000,65536,839,630,209,307167214,839,307228654,0,45405,14.2348,24508,3930,0x0000000000,20833,15946,0,886,185242,45375,14.2339,24491,893,185092
151000,65536,839,630,209,309198833,839,309260273,0,45512,14.2403,24382,3986,0x0000000000,20776,15918,0,838,186080,45510,14.2367,24414,843,185935
152000,65536,839,630,209,311295161,839,311356601,0,45602,14.2408,24459,4044,0x0000000000,432,213,0,793,186873,45592,14.2396,24458,795,186730
153000,65536,839,630,209,313327563,839,313389003,0,45434,14.2200,24444,4110,0x0000000000,21041,16029,0,831,187704,45457,14.2197,24476,825,187555
154000,65536,839,630,209,315359214,839,315420654,0,45353,14.2258,24239,4008,0x0000000000,21121,15992,0,858,188562,45361,14.2273,24242,869,188424
155000,65536,839,630,209,317390833,839,317452273,0,45301,14.2125,24265,4044,0x0000000000,20947,15851,0,825,189387,45312,14.2133,24313,817,189241
156000,65536,839,630,209,319487161,839,319548601,0,45412,14.2227,24233,4049,0x0000000000,412,208,0,884,190271,45386,14.2211,24248,888,190129
157000,65536,839,630,209,321519563,839,321581003,0,45639,14.2518,24198,3950,0x0000000000,20974,15894,0,816,191087,45614,14.2494,24147,824,190953
158000,65536,839,630,209,323551214,839,323612654,0,45430,14.2292,24132,4011,0x0000000000,20934,15865,0,807,191894,45427,14.2314,24069,806,191759
159000,65536,839,630,209,325582833,839,325644273,0,45452,14.2213,24086,4056,0x0000000000,20882,15945,0,871,192765,45460,14.2226,24058,865,192624
160000,65536,839,630,209,327679161,839,327740601,0,45314,14.2162,23844,4002,0x0000000000,411,227,0,839,193604,45305,14.2138,23891,843,193467
161000,65536,839,630,209,329711563,839,329773003,0,45563,14.2334,24033,4076,0x0000000000,20931,15938,0,824,194428,45570,14.2332,24084,815,194282
162000,65536,839,630,209,331743214,839,331804654,0,45590,14.2393,24072,4024,0x0000000000,20926,15918,0,788,195216,45595,14.2410,24116,779,195061
163000,65536,839,630,209,333774833,839,333836273,0,45547,14.2218,23963,4141,0x0000000000,20952,16009,0,816,196032,45535,14.2203,23957,822,195883
164000,65536,839,630,209,335871161,839,335932601,0,45593,14.2299,23777,4062,0x0000000000,424,216,0,790,196822,45573,14.2285,23771,787,196670
165000,65536,839,630,209,337903563,839,337965003,0,45390,14.2330,23722,3968,0x0000000000,20792,15872,0,829,197651,45382,14.2348,23673,834,197504
166000,65536,839,630,209,339935214,839,339996654,0,45348,14.2161,23516,4047,0x0000000000,20967,15928,0,841,198492,45316,14.2141,23503,843,198347
167000,65536,839,630,209,341966833,839,342028273,0,45189,14.2113,23571,4053,0x0000000000,20942,15807,0,823,199315,45192,14.2119,23599,819,199166
168000,65536,839,630,209,344063161,839,344124601,0,45400,14.2247,23554,4069,0x0000000000,413,190,0,791,200106,45359,14.2199,23522,796,199962
169000,65536,839,630,209,346095563,839,346157003,0,45352,14.2376,23529,3931,0x0000000000,20842,15761,0,789,200895,45324,14.2329,23477,779,200741
170000,65536,839,630,209,348127214,839,348188654,0,45480,14.2427,23535,3967,0x0000000000,21029,15886,0,834,201729,45499,14.2471,23511,842,201583
171000,65536,839,630,209,350158833,839,350220273,0,45524,14.2324,23562,4008,0x0000000000,20848,15927,0,791,202520,45534,14.2312,23572,795,202378
172000,65536,839,630,209,352255161,839,352316601,0,45614,14.2398,23534,4013,0x0000000000,425,227,0,781,203301,45586,14.2370,23514,793,203171
173000,65536,839,630,209,354287563,839,354349003,0,45402,14.2402,23204,3985,0x0000000000,20955,15788,0,853,204154,45423,14.2399,23189,850,204021
174000,65536,839,630,209,356319214,839,356380654,0,45230,14.1989,23234,4121,0x0000000000,20683,15787,0,759,204913,45174,14.1944,23209,773,204794
175000,65536,839,630,209,358350833,839,358412273,0,45527,14.2410,23233,3986,0x0000000000,20675,15977,0,806,205719,45525,14.2418,23196,831,205625
176000,65536,839,630,209,360447161,839,360508601,0,45396,14.2128,23392,4037,0x0000000000,407,205,0,750,206469,45440,14.2163,23416,749,206374
177000,65536,839,630,209,362479563,839,362541003,0,45321,14.2199,23239,4003,0x0000000000,20765,15850,0,799,207268,45326,14.2169,23237,784,207158
178000,65536,839,630,209,364511214,839,364572654,0,45639,14.2242,23146,4093,0x0000000000,20766,15876,0,800,208068,45634,14.2227,23159,801,207959
179000,65536,839,630,209,366542833,839,366604273,0,45546,14.2417,23188,3993,0x0000000000,20803,15889,0,827,208895,45553,14.2406,23152,830,208789
180000,65536,839,630,209,368639161,839,368700601,0,45582,14.2443,23119,3933,0x0000000000,413,204,0,795,209690,45585,14.2456,23158,794,209583
181000,65536,839,630,209,370671563,839,370733003,0,45518,14.2388,23005,3945,0x0000000000,20848,16065,0,771,210461,45520,14.2380,22989,769,210352
182000,65536,839,630,209,372703214,839,372764654,0,45379,14.2407,22920,3897,0x0000000000,20982,15822,0,769,211230,45396,14.2399,22905,770,211122
183000,65536,839,630,209,374734833,839,374796273,0,45595,14.2465,22925,3992,0x0000000000,20937,15935,0,741,211971,45616,14.2479,22949,738,211860
184000,65536,839,630,209,376831161,839,376892601,0,45383,14.2195,22867,4040,0x0000000000,393,227,0,752,212723,45362,14.2177,22864,772,212632
185000,65536,839,630,209,378863563,839,378925003,0,45487,14.2346,22863,4034,0x0000000000,20970,15881,0,777,213500,45508,14.2368,22888,762,213394
186000,65536,839,630,209,380895214,839,380956654,0,45459,14.2277,22614,4036,0x0000000000,21074,15919,0,800,214300,45485,14.2307,22624,787,214181
187000,65536,839,630,209,382926833,839,382988273,0,45461,14.2299,22680,4045,0x0000000000,20720,15917,0,807,215107,45455,14.2316,22696,809,214990
188000,65536,839,630,209,385023161,839,385084601,0,45709,14.2612,22728,3895,0x0000000000,407,198,0,793,215900,45708,14.2612,22728,799,215789
189000,65536,839,630,209,387055563,839,387117003,0,45432,14.2283,22452,3988,0x0000000000,20950,15894,0,755,216655,45405,14.2241,22447,755,216544
190000,65536,839,630,209,389087214,839,389148654,0,45440,14.2311,22562,3949,0x0000000000,20890,15779,0,732,217387,45428,14.2300,22520,724,217268
191000,65536,839,630,209,391118833,839,391180273,0,45628,14.2494,22632,4002,0x0000000000,20815,15887,0,732,218119,45606,14.2492,22631,731,217999
192000,65536,839,630,209,393215161,839,393276601,0,45207,14.1997,22221,4079,0x0000000000,436,208,0,758,218877,45248,14.2031,22221,763,218762
193000,65536,839,630,209,395247563,839,395309003,0,45507,14.2491,22500,3916,0x0000000000,21101,16063,0,797,219674,45538,14.2509,22488,789,219551
194000,65536,839,630,209,397279214,839,397340654,0,45611,14.2395,22462,3988,0x0000000000,20865,15841,0,771,220445,45593,14.2371,22458,785,220336
195000,65536,839,630,209,399310833,839,399372273,0,45193,14.2001,22169,4043,0x0000000000,20933,15750,0,741,221186,45189,14.1977,22173,744,221080
196000,65536,839,630,209,401407161,839,401468601,0,45486,14.2125,22277,4106,0x0000000000,417,202,0,759,221945,45509,14.2157,22308,749,221829
197000,65536,839,630,209,403439563,839,403501003,0,45460,14.2308,22085,4073,0x0000000000,21114,16019,0,773,222718,45476,14.2318,22123,759,222588
198000,65536,839,630,209,405471214,839,405532654,0,45501,14.2300,22150,4023,0x0000000000,20950,15969,0,734,223452,45481,14.2269,22152,722,223310
199000,65536,839,630,209,407502833,839,407564273,0,45558,14.2291,22177,4054,0x0000000000,20946,15946,0,727,224179,45602,14.2356,22191,741,224051
200000,65536,839,630,209,409599161,839,409660601,0,45267,14.2077,22074,4075,0x0000000000,406,182,0,733,224912,45276,14.2120,22046,736,224787
201000,65536,839,630,209,411631563,839,411693003,0,45408,14.2199,21619,4057,0x0000000000,21001,15769,0,745,225657,45420,14.2199,21636,738,225525
202000,65536,839,630,209,413663214,839,413724654,0,45382,14.2140,21975,4049,0x0000000000,20889,15874,0,708,226365,45393,14.2176,22004,718,226243
203000,65536,839,630,209,415694833,839,415756273,0,45465,14.2298,21990,3997,0x0000000000,20829,15808,0,698,227063,45506,14.2346,22024,681,226924
204000,65536,839,630,209,417791161,839,417852601,0,45691,14.2452,22145,4037,0x0000000000,396,210,0,732,227795,45698,14.2456,22147,730,227654
205000,65536,839,630,209,419823563,839,419885003,0,45352,14.2108,21683,4099,0x0000000000,20942,15975,0,678,228473,45320,14.2079,21666,675,228329
206000,65536,839,630,209,421855214,839,421916654,0,45486,14.2139,21912,4034,0x0000000000,20852,15823,0,775,229248,45477,14.2118,21907,774,229103
207000,65536,839,630,209,423886833,839,423948273,0,45363,14.2207,21741,4023,0x0000000000,20756,15735,0,661,229909,45388,14.2219,21763,668,229771
208000,65536,839,630,209,425983161,839,426044601,0,45502,14.2394,21773,4041,0x0000000000,405,190,0,736,230645,45494,14.2386,21762,739,230510
209000,65536,839,630,209,428015563,839,428077003,0,45572,14.2310,21757,4011,0x0000000000,20865,15776,0,692,231337,45580,14.2289,21755,683,231193
210000,65536,839,630,209,430047214,839,430108654,0,45600,14.2400,21682,4006,0x0000000000,20905,15877,0,786,232123,45577,14.2385,21652,779,231972
211000,65536,839,630,209,432078833,839,432140273,0,45707,14.2506,21735,4023,0x0000000000,20872,15855,0,719,232842,45716,14.2518,21762,718,232690
212000,65536,839,630,209,434175161,839,434236601,0,45563,14.2297,21439,4047,0x0000000000,405,202,0,740,233582,45584,14.2306,21498,731,233421
213000,65536,839,630,209,436207563,839,436269003,0,45459,14.2418,21435,3960,0x0000000000,20991,16071,0,736,234318,45454,14.2409,21455,729,234150
214000,65536,839,630,209,438239214,839,438300654,0,45679,14.2564,21613,3968,0x0000000000,20973,16018,0,709,235027,45672,14.2545,21595,712,234862
215000,65536,839,630,209,440270833,839,440332273,0,45422,14.2314,21451,4007,0x0000000000,20864,15892,0,698,235725,45430,14.2330,21481,691,235553
216000,65536,839,630,209,442367161,839,442428601,0,45546,14.2420,21276,3983,0x0000000000,382,204,0,714,236439,45517,14.2415,21263,723,236276
217000,65536,839,630,209,444399563,839,444461003,0,45456,14.2445,21300,3927,0x0000000000,20761,15890,0,697,237136,45460,14.2468,21282,700,236976
218000,65536,839,630,209,446431214,839,446492654,0,45268,14.1882,21304,4206,0x0000000000,21034,15950,0,723,237859,45268,14.1870,21308,719,237695
219000,65536,839,630,209,448462833,839,448524273,0,45430,14.2233,21098,4059,0x0000000000,20888,15940,0,725,238584,45433,14.2231,21108,721,238416
220000,65536,839,630,209,450559161,839,450620601,0,45384,14.2268,21018,4025,0x0000000000,416,191,0,701,239285,45381,14.2248,21054,707,239123
221000,65536,839,630,209,452591563,839,452653003,0,45526,14.2320,21173,3970,0x0000000000,20764,15897,0,700,239985,45502,14.2275,21181,696,239819
222000,65536,839,630,209,454623214,839,454684654,0,45385,14.2287,20919,4006,0x0000000000,20810,15621,0,736,240721,45394,14.2291,20952,735,240554
223000,65536,839,630,209,456654833,839,456716273,0,45297,14.2027,20997,4080,0x0000000000,20704,15933,0,697,241418,45261,14.1998,20976,699,241253
224000,65536,839,630,209,458751161,839,458812601,0,45400,14.2121,20875,4087,0x0000000000,407,177,0,691,242109,45448,14.2154,20941,678,241931
225000,65536,839,630,209,460783563,839,460845003,0,45737,14.2605,21238,4003,0x0000000000,20862,16024,0,723,242832,45730,14.2571,21264,722,242653
226000,65536,839,630,209,462815214,839,462876654,0,45516,14.2404,20957,4013,0x0000000000,20893,15784,0,705,243537,45495,14.2370,20888,708,243361
227000,65536,839,630,209,464846833,839,464908273,0,45479,14.2182,20962,4083,0x0000000000,20916,15793,0,698,244235,45477,14.2193,20965,702,244063
228000,65536,839,630,209,466943161,839,467004601,0,45462,14.2406,20914,3923,0x0000000000,411,202,0,719,244954,45451,14.2378,20886,719,244782
229000,65536,839,630,209,468975563,839,469037003,0,45609,14.2514,20831,3966,0x0000000000,20895,16013,0,714,245668,45617,14.2517,20867,721,245503
230000,65536,839,630,209,471007214,839,471068654,0,45559,14.2427,20764,4021,0x0000000000,20969,15909,0,666,246334,45555,14.2409,20790,664,246167
231000,65536,839,630,209,473038833,839,473100273,0,45613,14.2499,20649,3943,0x0000000000,20770,15959,0,678,247012,45616,14.2524,20668,671,246838
232000,65536,839,630,209,475135161,839,475196601,0,45345,14.2139,20567,4045,0x0000000000,401,211,0,668,247680,45372,14.2161,20596,655,247493
233000,65536,839,630,209,477167563,839,477229003,0,45589,14.2483,20547,3993,0x0000000000,20924,15862,0,666,248346,45580,14.2464,20572,674,248167
234000,65536,839,630,209,479199214,839,479260654,0,45526,14.2376,20536,3972,0x0000000000,20689,15959,0,665,249011,45528,14.2398,20560,671,248838
235000,65536,839,630,209,481230833,839,481292273,0,45417,14.2324,20468,4028,0x0000000000,20841,16005,0,672,249683,45400,14.2316,20446,681,249519
236000,65536,839,630,209,483327161,839,483388601,0,45338,14.2225,20394,4005,0x0000000000,396,207,0,694,250377,45374,14.2257,20398,684,250203
237000,65536,839,630,209,485359563,839,485421003,0,45407,14.2448,20400,3943,0x0000000000,20951,15972,0,728,251105,45420,14.2464,20386,725,250928
238000,65536,839,630,209,487391214,839,487452654,0,45344,14.2227,20321,4002,0x0000000000,20818,15568,0,690,251795,45332,14.2226,20318,700,251628
239000,65536,839,630,209,489422833,839,489484273,0,45556,14.2207,20435,4094,0x0000000000,20757,15809,0,646,252441,45583,14.2241,20442,653,252281
240000,65536,839,630,209,491519161,839,491580601,0,45506,14.2202,20327,4036,0x0000000000,403,198,0,665,253106,45506,14.2196,20288,666,252947
241000,65536,839,630,209,493551563,839,493613003,0,45402,14.2074,20305,4089,0x0000000000,20867,15927,0,702,253808,45394,14.2045,20293,699,253646
242000,65536,839,630,209,495583214,839,495644654,0,45598,14.2424,20298,4027,0x0000000000,20911,15907,0,652,254460,45545,14.2371,20260,651,254297
243000,65536,839,630,209,497614833,839,497676273,0,45536,14.2235,20313,4087,0x0000000000,20854,15885,0,642,255102,45567,14.2267,20371,649,254946
244000,65536,839,630,209,499711161,839,499772601,0,45463,14.2362,20127,4014,0x0000000000,385,208,0,681,255783,45460,14.2359,20090,677,255623
245000,65536,839,630,209,501743563,839,501805003,0,45550,14.2379,20120,3990,0x0000000000,20997,15974,0,620,256403,45543,14.2377,20142,618,256241
246000,65536,839,630,209,503775214,839,503836654,0,45652,14.2473,20019,4038,0x0000000000,20764,16032,0,666,257069,45653,14.2457,20029,664,256905
247000,65536,839,630,209,505806833,839,505868273,0,45238,14.2047,20076,4135,0x0000000000,20661,15666,0,667,257736,45249,14.2058,20106,670,257575
248000,65536,839,630,209,507903161,839,507964601,0,45328,14.2166,19868,4025,0x0000000000,443,207,0,662,258398,45295,14.2130,19838,665,258240
249000,65536,839,630,209,509935563,839,509997003,0,45527,14.2387,19975,4015,0x0000000000,20814,15766,0,685,259083,45510,14.2386,19941,692,258932
250000,65536,839,630,209,511967214,839,512028654,0,45546,14.2387,19991,3996,0x0000000000,21046,15967,0,651,259734,45569,14.2420,19976,649,259581
251000,65536,839,630,209,513998833,839,514060273,0,45565,14.2359,19990,4017,0x0000000000,20870,15765,0,630,260364,45569,14.2385,19965,626,260207
252000,65536,839,630,209,516095161,839,516156601,0,45357,14.2154,19806,4082,0x0000000000,384,186,0,682,261046,45368,14.2188,19802,681,260888
253000,65536,839,630,209,518127563,839,518189003,0,45519,14.2313,19730,4007,0x0000000000,20853,15772,0,653,261699,45511,14.2282,19721,648,261536
254000,65536,839,630,209,520159214,839,520220654,0,45599,14.2347,19892,4014,0x0000000000,20915,15983,0,675,262374,45595,14.2336,19936,664,262200
255000,65536,839,630,209,522190833,839,522252273,0,45552,14.2508,19804,3860,0x0000000000,20911,16028,0,661,263035,45580,14.2507,19823,659,262859
256000,65536,839,630,209,524287161,839,524348601,0,45435,14.2206,19767,4100,0x0000000000,407,192,0,664,263699,45440,14.2224,19746,669,263528
257000,65536,839,630,209,526319563,839,526381003,0,45511,14.2357,19596,4051,0x0000000000,20949,15783,0,669,264368,45505,14.2350,19623,658,264186
258000,65536,839,630,209,528351214,839,528412654,0,45452,14.2252,19574,4031,0x0000000000,20767,15949,0,673,265041,45478,14.2282,19580,668,264854
259000,65536,839,630,209,530382833,839,530444273,0,45406,14.2186,19636,4045,0x0000000000,20660,15889,0,659,265700,45403,14.2176,19605,662,265516
260000,65536,839,630,209,532479161,839,532540601,0,45531,14.2283,19727,4077,0x0000000000,424,220,0,633,266333,45521,14.2280,19761,643,266159
261000,65536,839,630,209,534511563,839,534573003,0,45222,14.2175,19297,3993,0x0000000000,20941,15774,0,608,266941,45249,14.2204,19319,608,266767
262000,65536,839,630,209,536543214,839,536604654,0,45433,14.2139,19429,4098,0x0000000000,20742,15632,0,649,267590,45444,14.2141,19425,654,267421
263000,65536,839,630,209,538574833,839,538636273,0,45344,14.2168,19286,4038,0x0000000000,20760,15791,0,571,268161,45348,14.2179,19309,569,267990
264000,65536,839,630,209,540671161,839,540732601,0,45533,14.2278,19505,4068,0x0000000000,390,183,0,631,268792,45523,14.2282,19490,621,268611
265000,65536,839,630,209,542703563,839,542765003,0,45561,14.2437,19106,3985,0x0000000000,20975,15773,0,618,269410,45568,14.2437,19068,615,269226
266000,65536,839,630,209,544735214,839,544796654,0,45268,14.2051,19250,4080,0x0000000000,20699,15829,0,592,270002,45254,14.2064,19266,591,269817
267000,65536,839,630,209,546766833,839,546828273,0,45597,14.2369,19462,3970,0x0000000000,20953,16055,0,636,270638,45591,14.2328,19527,636,270453
268000,65536,839,630,209,548863161,839,548924601,0,45668,14.2546,19151,3929,0x0000000000,387,208,0,592,271230,45637,14.2521,19141,591,271044
269000,65536,839,630,209,550895563,839,550957003,0,45435,14.2374,19146,3948,0x0000000000,20893,15827,0,633,271863,45399,14.2334,19090,643,271687
270000,65536,839,630,209,552927214,839,552988654,0,45148,14.1912,18958,4118,0x0000000000,20909,15868,0,621,272484,45137,14.1903,18935,619,272306
271000,65536,839,630,209,554958833,839,555020273,0,45361,14.2200,18972,3994,0x0000000000,20902,15819,0,619,273103,45350,14.2204,18974,612,272918
272000,65536,839,630,209,557055161,839,557116601,0,45224,14.2139,19034,3964,0x0000000000,417,211,0,636,273739,45241,14.2132,19012,634,273552
273000,65536,839,630,209,559087563,839,559149003,0,45469,14.2399,19036,3937,0x0000000000,20867,16046,0,670,274409,45454,14.2338,19072,677,274229
274000,65536,839,630,209,561119214,839,561180654,0,45335,14.2131,18738,4078,0x0000000000,20957,15921,0,635,275044,45335,14.2139,18701,651,274880
275000,65536,839,630,209,563150833,839,563212273,0,45320,14.2128,18732,4093,0x0000000000,20784,15765,0,668,275712,45289,14.2099,18664,659,275539
276000,65536,839,630,209,565247161,839,565308601,0,45390,14.2152,18873,4023,0x0000000000,428,202,0,623,276335,45390,14.2154,18876,622,276161
277000,65536,839,630,209,567279563,839,567341003,0,45350,14.2130,18710,4071,0x0000000000,21035,15978,0,653,276988,45351,14.2125,18760,658,276819
278000,65536,839,630,209,569311214,839,569372654,0,45441,14.2090,18809,4158,0x0000000000,20846,15697,0,582,277570,45437,14.2104,18786,594,277413
279000,65536,839,630,209,571342833,839,571404273,0,45308,14.2142,18783,4040,0x0000000000,20837,16005,0,609,278179,45319,14.2160,18747,610,278023
280000,65536,839,630,209,573439161,839,573500601,0,45564,14.2392,18853,3998,0x0000000000,408,215,0,602,278781,45541,14.2369,18844,600,278623
281000,65536,839,630,209,575471563,839,575533003,0,45229,14.2032,18710,4040,0x0000000000,20741,15861,0,625,279406,45234,14.2070,18675,623,279246
282000,65536,839,630,209,577503214,839,577564654,0,45282,14.2063,18514,4078,0x0000000000,20943,15929,0,618,280024,45269,14.2020,18550,608,279854
283000,65536,839,630,209,579534833,839,579596273,0,45542,14.2424,18786,3986,0x0000000000,21089,15951,0,673,280697,45533,14.2448,18772,671,280525
284000,65536,839,630,209,581631161,839,581692601,0,45243,14.2047,18346,4109,0x0000000000,412,197,0,609,281306,45229,14.2022,18327,603,281128
285000,65536,839,630,209,583663563,839,583725003,0,45633,14.2428,18613,4011,0x0000000000,20785,15854,0,619,281925,45600,14.2408,18601,627,281755
286000,65536,839,630,209,585695214,839,585756654,0,45371,14.2231,18701,3974,0x0000000000,20969,15894,0,604,282529,45370,14.2224,18686,613,282368
287000,65536,839,630,209,587726833,839,587788273,0,45468,14.2338,18439,4008,0x0000000000,20989,15959,0,620,283149,45482,14.2357,18485,609,282977
288000,65536,839,630,209,589823161,839,589884601,0,45677,14.2404,18530,4030,0x0000000000,385,178,0,612,283761,45695,14.2426,18504,611,283588
289000,65536,839,630,209,591855563,839,591917003,0,45317,14.2137,18309,3985,0x0000000000,20878,15703,0,601,284362,45298,14.2124,18300,610,284198
290000,65536,839,630,209,593887214,839,593948654,0,45654,14.2475,18401,4014,0x0000000000,20891,15892,0,612,284974,45648,14.2452,18402,603,284801
291000,65536,839,630,209,595918833,839,595980273,0,45738,14.2585,18555,3839,0x0000000000,20833,16083,0,594,285568,45704,14.2573,18527,602,285403
292000,65536,839,630,209,598015161,839,598076601,0,45486,14.2300,18249,4074,0x0000000000,387,205,0,600,286168,45519,14.2326,18275,604,286007
293000,65536,839,630,209,600047563,839,600109003,0,45502,14.2385,18364,3976,0x0000000000,20987,15796,0,600,286768,45491,14.2364,18373,588,286595
294000,65536,839,630,209,602079214,839,602140654,0,45305,14.2306,18145,3897,0x0000000000,20841,15648,0,647,287415,45318,14.2347,18156,643,287238
295000,65536,839,630,209,604110833,839,604172273,0,45286,14.2049,18229,4153,0x0000000000,20895,15999,0,637,288052,45309,14.2083,18240,649,287887
296000,65536,839,630,209,606207161,839,606268601,0,45425,14.2234,18071,4041,0x0000000000,396,209,0,626,288678,45445,14.2253,18069,619,288506
297000,65536,839,630,209,608239563,839,608301003,0,45337,14.2172,18043,4121,0x0000000000,20838,15778,0,630,289308,45359,14.2175,18072,628,289134
298000,65536,839,630,209,610271214,839,610332654,0,45315,14.2062,17976,4110,0x0000000000,20773,15768,0,593,289901,45313,14.2058,17989,588,289722
299000,65536,839,630,209,612302833,839,612364273,0,45568,14.2226,17825,4080,0x0000000000,20888,15869,0,575,290476,45568,14.2215,17811,580,290302
300000,65536,839,630,209,614399161,839,614460601,0,45344,14.2370,18121,3974,0x0000000000,434,203,0,602,291078,45361,14.2387,18200,590,290892
301000,65536,839,630,209,616431563,839,616493003,0,45462,14.2326,18224,4032,0x0000000000,20921,15999,0,606,291684,45469,14.2350,18251,591,291483
302000,65536,839,630,209,618463214,839,618524654,0,45520,14.2570,17899,3886,0x0000000000,20937,15866,0,606,292290,45517,14.2580,17936,601,292084
303000,65536,839,630,209,620494833,839,620556273,0,45394,14.2050,17944,4101,0x0000000000,21019,16119,0,575,292865,45399,14.2015,17998,572,292656
304000,65536,839,630,209,622591161,839,622652601,0,45335,14.2183,17792,4075,0x0000000000,395,192,0,566,293431,45336,14.2170,17749,568,293224
305000,65536,839,630,209,624623563,839,624685003,0,45420,14.2194,17842,4023,0x0000000000,20847,15783,0,588,294019,45425,14.2197,17812,594,293818
306000,65536,839,630,209,626655214,839,626716654,0,45428,14.2349,17897,4004,0x0000000000,20937,16084,0,563,294582,45423,14.2336,17932,561,294379
307000,65536,839,630,209,628686833,839,628748273,0,45801,14.2613,17887,3968,0x0000000000,21111,16049,0,561,295143,45810,14.2627,17932,564,294943
308000,65536,839,630,209,630783161,839,630844601,0,45404,14.2306,17779,3962,0x0000000000,432,198,0,637,295780,45403,14.2293,17778,634,295577
309000,65536,839,630,209,632815563,839,632877003,0,45474,14.2287,17570,3977,0x0000000000,20977,15932,0,581,296361,45481,14.2280,17595,587,296164
310000,65536,839,630,209,634847214,839,634908654,0,45574,14.2414,17709,4033,0x0000000000,21066,16196,0,581,296942,45584,14.2405,17706,584,296748
311000,65536,839,630,209,636878833,839,636940273,0,45698,14.2678,17768,3884,0x0000000000,20745,15970,0,598,297540,45685,14.2673,17778,605,297353
312000,65536,839,630,209,638975161,839,639036601,0,45388,14.2234,17508,4000,0x0000000000,418,203,0,612,298152,45371,14.2229,17544,622,297975
313000,65536,839,630,209,641007563,839,641069003,0,45428,14.2391,17661,3951,0x0000000000,20934,15868,0,591,298743,45423,14.2383,17696,592,298567
314000,65536,839,630,209,643039214,839,643100654,0,45342,14.2114,17605,4045,0x0000000000,20826,15756,0,571,299314,45351,14.2130,17592,579,299146
315000,65536,839,630,209,645070833,839,645132273,0,45389,14.2168,17644,4072,0x0000000000,20949,15895,0,562,299876,45384,14.2179,17630,572,299718
316000,65536,839,630,209,647167161,839,647228601,0,45288,14.2076,17249,4083,0x0000000000,423,190,0,536,300412,45330,14.2136,17303,533,300251
317000,65536,839,630,209,649199563,839,649261003,0,45262,14.2124,17464,4034,0x0000000000,20967,15797,0,571,300983,45261,14.2112,17486,566,300817
318000,65536,839,630,209,651231214,839,651292654,0,45538,14.2339,17579,4038,0x0000000000,20795,15885,0,565,301548,45530,14.2348,17647,555,301372
319000,65536,839,630,209,653262833,839,653324273,0,45312,14.2180,17142,4062,0x0000000000,20969,15901,0,597,302145,45310,14.2165,17174,595,301967
320000,65536,839,630,209,655359161,839,655420601,0,45262,14.2048,17241,4053,0x0000000000,381,194,0,594,302739,45254,14.2044,17255,598,302565
321000,65536,839,630,209,657391563,839,657453003,0,45358,14.2122,17362,4128,0x0000000000,20995,15942,0,552,303291,45360,14.2134,17384,550,303115
322000,65536,839,630,209,659423214,839,659484654,0,45362,14.2396,17081,3904,0x0000000000,21117,15961,0,555,303846,45353,14.2414,16992,567,303682
323000,65536,839,630,209,661454833,839,661516273,0,45524,14.2398,17188,4059,0x0000000000,20994,16069,0,584,304430,45546,14.2414,17245,578,304260
324000,65536,839,630,209,663551161,839,663612601,0,45466,14.2139,17371,4066,0x0000000000,399,207,0,566,304996,45470,14.2127,17403,560,304820
325000,65536,839,630,209,665583563,839,665645003,0,45325,14.2266,17191,3998,0x0000000000,20833,15760,0,562,305558,45291,14.2260,17170,571,305391
326000,65536,839,630,209,667615214,839,667676654,0,45600,14.2386,17167,4061,0x0000000000,21073,16030,0,579,306137,45570,14.2353,17124,575,305966
327000,65536,839,630,209,669646833,839,669708273,0,45451,14.2283,17082,4025,0x0000000000,20908,15875,0,570,306707,45448,14.2307,17148,575,306541
328000,65536,839,630,209,671743161,839,671804601,0,45766,14.2635,17236,3930,0x0000000000,395,199,0,584,307291,45755,14.2633,17199,583,307124
329000,65536,839,630,209,673775563,839,673837003,0,45350,14.2247,17054,4028,0x0000000000,20695,15759,0,591,307882,45347,14.2248,17045,594,307718
330000,65536,839,630,209,675807214,839,675868654,0,45402,14.2311,16953,3986,0x0000000000,20865,15878,0,540,308422,45377,14.2281,16988,541,308259
331000,65536,839,630,209,677838833,839,677900273,0,45525,14.2204,17121,4166,0x0000000000,20728,15876,0,583,309005,45497,14.2199,17102,586,308845
332000,65536,839,630,209,679935161,839,679996601,0,45528,14.2396,16849,4024,0x0000000000,446,220,0,578,309583,45495,14.2372,16838,581,309426
333000,65536,839,630,209,681967563,839,682029003,0,45359,14.2183,16922,4088,0x0000000000,20815,15908,0,557,310140,45351,14.2176,16951,554,309980
334000,65536,839,630,209,683999214,839,684060654,0,45692,14.2424,17020,4000,0x0000000000,20851,16092,0,514,310654,45718,14.2482,16986,523,310503
335000,65536,839,630,209,686030833,839,686092273,0,45646,14.2492,16999,3964,0x0000000000,21143,15965,0,575,311229,45633,14.2480,17003,580,311083
336000,65536,839,630,209,688127161,839,688188601,0,45541,14.2484,16890,3939,0x0000000000,441,220,0,557,311786,45552,14.2482,16957,557,311640
337000,65536,839,630,209,690159563,839,690221003,0,45383,14.2103,16663,4143,0x0000000000,20716,15806,0,530,312316,45363,14.2062,16664,521,312161
338000,65536,839,630,209,692191214,839,692252654,0,45524,14.2367,16821,4039,0x0000000000,20978,16014,0,596,312912,45512,14.2350,16831,600,312761
339000,65536,839,630,209,694222833,839,694284273,0,45437,14.2240,16756,4056,0x0000000000,20954,16033,0,534,313446,45401,14.2210,16755,525,313286
340000,65536,839,630,209,696319161,839,696380601,0,45717,14.2415,16796,4038,0x0000000000,422,210,0,556,314002,45702,14.2378,16771,555,313841
341000,65536,839,630,209,698351563,839,698413003,0,45319,14.2193,16399,4075,0x0000000000,20857,15792,0,603,314605,45323,14.2209,16449,612,314453
342000,65536,839,630,209,700383214,839,700444654,0,45389,14.2264,16529,4003,0x0000000000,20830,15879,0,554,315159,45417,14.2281,16559,550,315003
343000,65536,839,630,209,702414833,839,702476273,0,45465,14.2336,16625,4012,0x0000000000,20756,15885,0,532,315691,45514,14.2373,16719,520,315523
344000,65536,839,630,209,704511161,839,704572601,0,45525,14.2383,16640,3984,0x0000000000,389,201,0,495,316186,45521,14.2358,16660,503,316026
345000,65536,839,630,209,706543563,839,706605003,0,45436,14.2067,16542,4097,0x0000000000,20972,15814,0,527,316713,45436,14.2069,16543,530,316556
346000,65536,839,630,209,708575214,839,708636654,0,45296,14.2115,16450,4079,0x0000000000,20994,15906,0,511,317224,45295,14.2123,16477,504,317060
347000,65536,839,630,209,710606833,839,710668273,0,45377,14.2373,16463,3914,0x0000000000,20736,15797,0,549,317773,45406,14.2409,16484,559,317619
348000,65536,839,630,209,712703161,839,712764601,0,45623,14.2373,16564,4025,0x0000000000,389,193,0,511,318284,45656,14.2394,16570,507,318126
349000,65536,839,630,209,714735563,839,714797003,0,45466,14.2275,16526,4043,0x0000000000,20926,15862,0,517,318801,45459,14.2285,16496,531,318657
350000,65536,839,630,209,716767214,839,716828654,0,45316,14.2132,16120,4041,0x0000000000,20818,15774,0,520,319321,45322,14.2134,16149,522,319179
351000,65536,839,630,209,718798833,839,718860273,0,45386,14.2230,16215,4016,0x0000000000,20816,15836,0,519,319840,45398,14.2244,16197,526,319705
352000,65536,839,630,209,720895161,839,720956601,0,45355,14.1996,16238,4144,0x0000000000,431,185,0,523,320363,45375,14.2021,16252,517,320222
353000,65536,839,630,209,722927563,839,722989003,0,45365,14.2221,16097,4043,0x0000000000,20765,15768,0,535,320898,45369,14.2237,16106,537,320759
354000,65536,839,630,209,724959214,839,725020654,0,45477,14.2348,16256,3990,0x0000000000,20947,15998,0,546,321444,45480,14.2332,16264,540,321299
355000,65536,839,630,209,726990833,839,727052273,0,45389,14.2247,16247,4040,0x0000000000,21061,15876,0,519,321963,45411,14.2268,16266,524,321823
356000,65536,839,630,209,729087161,839,729148601,0,45611,14.2332,16130,4051,0x0000000000,425,190,0,490,322453,45613,14.2317,16157,480,322303
357000,65536,839,630,209,731119563,839,731181003,0,45413,14.2335,16053,3966,0x0000000000,20862,15758,0,598,323051,45426,14.2320,16086,589,322892
358000,65536,839,630,209,733151214,839,733212654,0,45267,14.1982,16122,4129,0x0000000000,20917,15911,0,534,323585,45264,14.1975,16135,530,323422
359000,65536,839,630,209,735182833,839,735244273,0,45511,14.2273,16101,4064,0x0000000000,20829,15915,0,493,324078,45462,14.2237,16138,497,323919
360000,65536,839,630,209,737279161,839,737340601,0,45615,14.2280,16086,4108,0x0000000000,415,190,0,532,324610,45631,14.2276,16093,526,324445
361000,65536,839,630,209,739311563,839,739373003,0,45476,14.2338,16100,4011,0x0000000000,20825,15872,0,510,325120,45462,14.2297,16066,510,324955
362000,65536,839,630,209,741343214,839,741404654,0,45572,14.2478,16059,3934,0x0000000000,20909,15761,0,521,325641,45559,14.2440,16088,514,325469
363000,65536,839,630,209,743374833,839,743436273,0,45504,14.2314,15913,4017,0x0000000000,20923,15815,0,536,326177,45492,14.2288,15955,532,326001
364000,65536,839,630,209,745471161,839,745532601,0,45253,14.2231,15801,3976,0x0000000000,408,205,0,510,326687,45254,14.2198,15785,497,326498
365000,65536,839,630,209,747503563,839,747565003,0,45515,14.2385,16047,4022,0x0000000000,20837,15911,0,495,327182,45504,14.2396,16052,494,326992
366000,65536,839,630,209,749535214,839,749596654,0,45264,14.2183,15795,3998,0x0000000000,21097,15977,0,548,327730,45225,14.2166,15791,557,327549
367000,65536,839,630,209,751566833,839,751628273,0,45301,14.2138,15769,4088,0x0000000000,20849,15938,0,517,328247,45290,14.2132,15831,519,328068
368000,65536,839,630,209,753663161,839,753724601,0,45447,14.2351,15717,3957,0x0000000000,401,190,0,543,328790,45461,14.2378,15760,550,328618
369000,65536,839,630,209,755695563,839,755757003,0,45346,14.2150,15707,4073,0x0000000000,20876,15936,0,477,329267,45384,14.2206,15759,477,329095
370000,65536,839,630,209,757727214,839,757788654,0,45297,14.2099,15633,4019,0x0000000000,21050,15827,0,540,329807,45272,14.2088,15639,537,329632
371000,65536,839,630,209,759758833,839,759820273,0,45335,14.2116,15845,4119,0x0000000000,20797,15722,0,506,330313,45351,14.2143,15832,515,330147
372000,65536,839,630,209,761855161,839,761916601,0,45524,14.2320,15660,4040,0x0000000000,406,195,0,516,330829,45527,14.2333,15741,514,330661
373000,65536,839,630,209,763887563,839,763949003,0,45504,14.2402,15645,3940,0x0000000000,20807,16015,0,475,331304,45496,14.2379,15661,473,331134
374000,65536,839,630,209,765919214,839,765980654,0,45387,14.2341,15695,4003,0x0000000000,20821,15807,0,529,331833,45390,14.2334,15639,526,331660
375000,65536,839,630,209,767950833,839,768012273,0,45598,14.2234,15531,4112,0x0000000000,20885,15996,0,500,332333,45589,14.2215,15480,506,332166
376000,65536,839,630,209,770047161,839,770108601,0,45408,14.2088,15520,4078,0x0000000000,391,201,0,509,332842,45414,14.2069,15529,511,332677
377000,65536,839,630,209,772079563,839,772141003,0,45587,14.2529,15642,3924,0x0000000000,20931,15949,0,514,333356,45594,14.2541,15650,510,333187
378000,65536,839,630,209,774111214,839,774172654,0,45214,14.1967,15311,4113,0x0000000000,20960,15881,0,537,333893,45234,14.1984,15380,532,333719
379000,65536,839,630,209,776142833,839,776204273,0,45446,14.2234,15533,4049,0x0000000000,20940,16165,0,544,334437,45456,14.2243,15558,538,334257
380000,65536,839,630,209,778239161,839,778300601,0,45624,14.2584,15519,3899,0x0000000000,425,205,0,481,334918,45637,14.2605,15580,482,334739
381000,65536,839,630,209,780271563,839,780333003,0,45319,14.2240,15325,4025,0x0000000000,20801,15837,0,565,335483,45326,14.2217,15385,550,335289
382000,65536,839,630,209,782303214,839,782364654,0,45572,14.2635,15387,3869,0x0000000000,20815,15834,0,485,335968,45573,14.2632,15389,493,335782
383000,65536,839,630,209,784334833,839,784396273,0,45443,14.2282,15355,4046,0x0000000000,20846,15944,0,484,336452,45450,14.2317,15366,494,336276
384000,65536,839,630,209,786431161,839,786492601,0,45452,14.2232,15004,4077,0x0000000000,440,208,0,489,336941,45448,14.2252,15074,485,336761
385000,65536,839,630,209,788463563,839,788525003,0,45365,14.2170,15216,4050,0x0000000000,20816,15803,0,507,337448,45411,14.2193,15244,506,337267
386000,65536,839,630,209,790495214,839,790556654,0,45332,14.2168,15251,4049,0x0000000000,20882,15985,0,513,337961,45356,14.2210,15277,501,337768
387000,65536,839,630,209,792526833,839,792588273,0,45400,14.2297,15239,4046,0x0000000000,20756,15882,0,478,338439,45434,14.2329,15286,479,338247
388000,65536,839,630,209,794623161,839,794684601,0,45504,14.2258,15246,4045,0x0000000000,434,192,0,505,338944,45498,14.2234,15235,509,338756
389000,65536,839,630,209,796655563,839,796717003,0,45428,14.2326,15211,4030,0x0000000000,20808,15974,0,525,339469,45395,14.2296,15197,530,339286
390000,65536,839,630,209,798687214,839,798748654,0,45378,14.2181,15198,4019,0x0000000000,20942,16042,0,492,339961,45364,14.2164,15257,495,339781
391000,65536,839,630,209,800718833,839,800780273,0,45223,14.2050,15070,4084,0x0000000000,20800,15784,0,532,340493,45212,14.2055,15082,530,340311
392000,65536,839,630,209,802815161,839,802876601,0,45362,14.2084,15160,4134,0x0000000000,416,207,0,479,340972,45351,14.2047,15196,481,340792
393000,65536,839,630,209,804847563,839,804909003,0,45455,14.2304,15155,3994,0x0000000000,20724,15911,0,511,341483,45475,14.2313,15185,520,341312
394000,65536,839,630,209,806879214,839,806940654,0,45510,14.2162,15310,4123,0x0000000000,20879,15933,0,520,342003,45525,14.2193,15265,516,341828
395000,65536,839,630,209,808910833,839,808972273,0,45529,14.2398,14943,4007,0x0000000000,20787,15875,0,527,342530,45540,14.2382,14928,520,342348
396000,65536,839,630,209,811007161,839,811068601,0,45400,14.2245,15041,3942,0x0000000000,419,189,0,471,343001,45411,14.2274,15042,478,342826
397000,65536,839,630,209,813039563,839,813101003,0,45565,14.2465,14963,3934,0x0000000000,20921,15806,0,496,343497,45558,14.2493,14941,497,343323
398000,65536,839,630,209,815071214,839,815132654,0,45481,14.2374,14909,3959,0x0000000000,20816,15889,0,495,343992,45475,14.2392,14851,497,343820
399000,65536,839,630,209,817102833,839,817164273,0,45414,14.2387,14930,3951,0x0000000000,20985,15837,0,493,344485,45443,14.2409,14895,495,344315
400000,65536,839,630,209,819199161,839,819260601,0,45697,14.2584,14834,3978,0x0000000000,408,197,0,485,344970,45697,14.2590,14844,494,344809
401000,65536,839,630,209,821231563,839,821293003,0,45310,14.2193,14807,4037,0x0000000000,20863,15689,0,464,345434,45295,14.2183,14793,461,345270
402000,65536,839,630,209,823263214,839,823324654,0,45440,14.2262,14760,3985,0x0000000000,21081,15572,0,455,345889,45453,14.2278,14800,450,345720
403000,65536,839,630,209,825294833,839,825356273,0,45530,14.2367,14861,3972,0x0000000000,20625,15689,0,469,346358,45511,14.2356,14811,465,346185
404000,65536,839,630,209,827391161,839,827452601,0,45603,14.2479,14851,3960,0x0000000000,422,230,0,502,346860,45601,14.2456,14897,504,346689
405000,65536,839,630,209,829423563,839,829485003,0,45445,14.2250,14575,4069,0x0000000000,20865,15868,0,521,347381,45410,14.2209,14585,524,347213
406000,65536,839,630,209,831455214,839,831516654,0,45366,14.2118,14593,4104,0x0000000000,20837,15810,0,493,347874,45379,14.2114,14623,488,347701
407000,65536,839,630,209,833486833,839,833548273,0,45379,14.2325,14533,4029,0x0000000000,20891,15741,0,490,348364,45345,14.2297,14535,496,348197
408000,65536,839,630,209,835583161,839,835644601,0,45192,14.1994,14594,4053,0x0000000000,407,192,0,447,348811,45183,14.1975,14596,445,348642
409000,65536,839,630,209,837615563,839,837677003,0,45432,14.2179,14732,4060,0x0000000000,20859,15911,0,479,349290,45393,14.2167,14688,490,349132
410000,65536,839,630,209,839647214,839,839708654,0,45323,14.2062,14623,4093,0x0000000000,20857,15757,0,470,349760,45326,14.2082,14642,474,349606
411000,65536,839,630,209,841678833,839,841740273,0,45498,14.2259,14606,4100,0x0000000000,20906,15874,0,506,350266,45491,14.2233,14576,508,350114
412000,65536,839,630,209,843775161,839,843836601,0,45349,14.2152,14313,4041,0x0000000000,407,195,0,472,350738,45280,14.2082,14309,463,350577
413000,65536,839,630,209,845807563,839,845869003,0,45460,14.2218,14563,4083,0x0000000000,20864,15989,0,489,351227,45448,14.2215,14574,495,351072
414000,65536,839,630,209,847839214,839,847900654,0,45174,14.2061,14430,4017,0x0000000000,20766,15562,0,465,351692,45192,14.2068,14408,473,351545
415000,65536,839,630,209,849870833,839,849932273,0,45471,14.2465,14501,3913,0x0000000000,20865,15908,0,449,352141,45486,14.2479,14503,459,352004
416000,65536,839,630,209,851967161,839,852028601,0,45575,14.2428,14454,3995,0x0000000000,408,199,0,459,352600,45568,14.2431,14464,464,352468
417000,65536,839,630,209,853999563,839,854061003,0,45302,14.2072,14333,4096,0x0000000000,20797,15835,0,471,353071,45317,14.2082,14301,469,352937
418000,65536,839,630,209,856031214,839,856092654,0,45507,14.2395,14434,3992,0x0000000000,21091,15914,0,453,353524,45487,14.2362,14440,458,353395
419000,65536,839,630,209,858062833,839,858124273,0,45362,14.2273,14472,4003,0x0000000000,20826,15838,0,494,354018,45352,14.2251,14496,500,353895
420000,65536,839,630,209,860159161,839,860220601,0,45566,14.2539,14326,3959,0x0000000000,414,192,0,469,354487,45603,14.2578,14347,471,354366
421000,65536,839,630,209,862191563,839,862253003,0,45659,14.2300,14384,4059,0x0000000000,21026,16026,0,436,354923,45658,14.2300,14392,431,354797
422000,65536,839,630,209,864223214,839,864284654,0,45517,14.2373,14438,4046,0x0000000000,20987,15871,0,458,355381,45525,14.2368,14464,452,355249
423000,65536,839,630,209,866254833,839,866316273,0,45321,14.2190,14162,4003,0x0000000000,20687,15798,0,498,355879,45325,14.2175,14157,493,355742
424000,65536,839,630,209,868351161,839,868412601,0,45262,14.2019,14066,4066,0x0000000000,395,195,0,520,356399,45227,14.1990,14099,519,356261
425000,65536,839,630,209,870383563,839,870445003,0,45760,14.2683,14458,3889,0x0000000000,20821,15816,0,434,356833,45748,14.2648,14440,436,356697
426000,65536,839,630,209,872415214,839,872476654,0,45415,14.2225,14128,4058,0x0000000000,20753,15878,0,440,357273,45433,14.2223,14174,432,357129
427000,65536,839,630,209,874446833,839,874508273,0,45397,14.2261,14176,3968,0x0000000000,21002,15778,0,456,357729,45406,14.2284,14195,454,357583
428000,65536,839,630,209,876543161,839,876604601,0,45370,14.2087,13995,4075,0x0000000000,376,191,0,462,358191,45376,14.2105,13999,458,358041
429000,65536,839,630,209,878575563,839,878637003,0,45350,14.2214,14033,4034,0x0000000000,20758,15762,0,462,358653,45340,14.2203,14052,456,358497
430000,65536,839,630,209,880607214,839,880668654,0,45269,14.2092,13901,4050,0x0000000000,20908,15968,0,454,359107,45271,14.2073,13914,453,358950
431000,65536,839,630,209,882638833,839,882700273,0,45539,14.2371,14045,4032,0x0000000000,20901,15871,0,449,359556,45525,14.2336,14038,440,359390
432000,65536,839,630,209,884735161,839,884796601,0,45632,14.2519,14052,4020,0x0000000000,403,193,0,394,359950,45666,14.2576,14069,390,359780
433000,65536,839,630,209,886767563,839,886829003,0,45518,14.2233,14052,4120,0x0000000000,20899,16151,0,411,360361,45522,14.2225,14043,412,360192
434000,65536,839,630,209,888799214,839,888860654,0,45536,14.2405,13885,3996,0x0000000000,20794,15884,0,433,360794,45540,14.2412,13925,432,360624
435000,65536,839,630,209,890830833,839,890892273,0,45455,14.2226,13863,4097,0x0000000000,20878,15866,0,441,361235,45446,14.2221,13907,441,361065
436000,65536,839,630,209,892927161,839,892988601,0,45398,14.2244,13795,4042,0x0000000000,422,213,0,479,361714,45417,14.2238,13824,479,361544
437000,65536,839,630,209,894959563,839,895021003,0,45492,14.2184,13912,4082,0x0000000000,20876,15813,0,405,362119,45518,14.2232,13975,409,361953
438000,65536,839,630,209,896991214,839,897052654,0,45406,14.2160,13987,4099,0x0000000000,21012,15781,0,439,362558,45413,14.2161,13976,441,362394
439000,65536,839,630,209,899022833,839,899084273,0,45221,14.2120,13816,4029,0x0000000000,20814,15724,0,511,363069,45230,14.2140,13824,521,362915
440000,65536,839,630,209,901119161,839,901180601,0,45231,14.2113,13768,4049,0x0000000000,420,215,0,446,363515,45244,14.2116,13742,437,363352
441000,65536,839,630,209,903151563,839,903213003,0,45417,14.2287,13894,4003,0x0000000000,20941,15913,0,471,363986,45460,14.2325,13934,475,363827
442000,65536,839,630,209,905183214,839,905244654,0,45407,14.2109,13871,4101,0x0000000000,20928,15682,0,479,364465,45390,14.2094,13890,475,364302
443000,65536,839,630,209,907214833,839,907276273,0,45342,14.2256,13799,3993,0x0000000000,21018,15659,0,438,364903,45335,14.2244,13767,438,364740
444000,65536,839,630,209,909311161,839,909372601,0,45337,14.2136,13710,4068,0x0000000000,435,216,0,449,365352,45327,14.2125,13701,453,365193
445000,65536,839,630,209,911343563,839,911405003,0,45342,14.2224,13596,4043,0x0000000000,20734,15853,0,437,365789,45316,14.2191,13587,425,365618
446000,65536,839,630,209,913375214,839,913436654,0,45245,14.2147,13395,3986,0x0000000000,20979,15865,0,443,366232,45240,14.2163,13388,442,366060
447000,65536,839,630,209,915406833,839,915468273,0,45470,14.2280,13645,4045,0x0000000000,20962,16004,0,462,366694,45471,14.2281,13697,464,366524
448000,65536,839,630,209,917503161,839,917564601,0,45427,14.2411,13524,3941,0x0000000000,411,193,0,450,367144,45411,14.2396,13562,430,366954
449000,65536,839,630,209,919535563,839,919597003,0,45373,14.2324,13434,4035,0x0000000000,20991,15940,0,462,367606,45409,14.2365,13465,457,367411
450000,65536,839,630,209,921567214,839,921628654,0,45325,14.1996,13581,4148,0x0000000000,20956,15791,0,450,368056,45365,14.2058,13675,445,367856
451000,65536,839,630,209,923598833,839,923660273,0,45451,14.2225,13553,4086,0x0000000000,20776,15762,0,449,368505,45446,14.2215,13598,457,368313
452000,65536,839,630,209,925695161,839,925756601,0,45361,14.2112,13515,4131,0x0000000000,388,198,0,450,368955,45340,14.2107,13518,456,368769
453000,65536,839,630,209,927727563,839,927789003,0,45457,14.2212,13596,4057,0x0000000000,20850,15973,0,400,369355,45467,14.2200,13553,400,369169
454000,65536,839,630,209,929759214,839,929820654,0,45583,14.2410,13303,4020,0x0000000000,20779,15981,0,455,369810,45588,14.2404,13326,448,369617
455000,65536,839,630,209,931790833,839,931852273,0,45573,14.2441,13537,3985,0x0000000000,20844,15919,0,465,370275,45606,14.2472,13553,463,370080
456000,65536,839,630,209,933887161,839,933948601,0,45502,14.2297,13503,4050,0x0000000000,397,195,0,401,370676,45494,14.2293,13517,415,370495
457000,65536,839,630,209,935919563,839,935981003,0,45348,14.1945,13470,4121,0x0000000000,20958,16002,0,418,371094,45378,14.1976,13454,425,370920
458000,65536,839,630,209,937951214,839,938012654,0,45467,14.2158,13442,4108,0x0000000000,20818,15894,0,406,371500,45445,14.2137,13434,404,371324
459000,65536,839,630,209,939982833,839,940044273,0,45626,14.2461,13398,3993,0x0000000000,20762,15902,0,436,371936,45625,14.2443,13424,428,371752
460000,65536,839,630,209,942079161,839,942140601,0,45409,14.2290,13206,3999,0x0000000000,403,204,0,455,372391,45415,14.2306,13228,451,372203
461000,65536,839,630,209,944111563,839,944173003,0,45578,14.2370,13253,4053,0x0000000000,20893,15887,0,452,372843,45594,14.2376,13240,448,372651
462000,65536,839,630,209,946143214,839,946204654,0,45321,14.2180,13136,4011,0x0000000000,20977,15870,0,418,373261,45310,14.2195,13162,430,373081
463000,65536,839,630,209,948174833,839,948236273,0,45392,14.2254,13304,3940,0x0000000000,20832,15880,0,431,373692,45398,14.2265,13302,430,373511
464000,65536,839,630,209,950271161,839,950332601,0,45579,14.2489,13070,3952,0x0000000000,423,231,0,437,374129,45556,14.2475,13094,439,373950
465000,65536,839,630,209,952303563,839,952365003,0,45532,14.2195,13329,4073,0x0000000000,21007,16136,0,415,374544,45519,14.2191,13320,415,374365
466000,65536,839,630,209,954335214,839,954396654,0,45501,14.2370,13233,4036,0x0000000000,21005,15932,0,444,374988,45489,14.2337,13261,440,374805
467000,65536,839,630,209,956366833,839,956428273,0,45314,14.2209,13053,3960,0x0000000000,20867,15632,0,444,375432,45316,14.2203,13107,449,375254
468000,65536,839,630,209,958463161,839,958524601,0,45472,14.2354,13043,3992,0x0000000000,380,177,0,438,375870,45491,14.2364,13028,446,375700
469000,65536,839,630,209,960495563,839,960557003,0,45513,14.2324,13137,4052,0x0000000000,21066,15933,0,402,376272,45476,14.2300,13157,409,376109
470000,65536,839,630,209,962527214,839,962588654,0,45469,14.2326,13064,4031,0x0000000000,20865,15811,0,411,376683,45480,14.2312,13073,409,376518
471000,65536,839,630,209,964558833,839,964620273,0,45509,14.2293,13076,4017,0x0000000000,20885,15962,0,385,377068,45495,14.2278,13071,388,376906
472000,65536,839,630,209,966655161,839,966716601,0,45221,14.1947,13120,4097,0x0000000000,410,215,0,431,377499,45257,14.1983,13122,435,377341
473000,65536,839,630,209,968687563,839,968749003,0,45590,14.2287,13106,4013,0x0000000000,20592,15930,0,418,377917,45602,14.2301,13115,403,377744
474000,65536,839,630,209,970719214,839,970780654,0,45329,14.2204,12942,4002,0x0000000000,20763,15859,0,416,378333,45311,14.2200,12898,420,378164
475000,65536,839,630,209,972750833,839,972812273,0,45393,14.2261,12882,4043,0x0000000000,20782,15802,0,412,378745,45376,14.2256,12921,404,378568
476000,65536,839,630,209,974847161,839,974908601,0,45545,14.2258,13226,4080,0x0000000000,405,204,0,366,379111,45561,14.2271,13238,368,378936
477000,65536,839,630,209,976879563,839,976941003,0,45436,14.2318,12973,4024,0x0000000000,20960,16003,0,410,379521,45460,14.2327,13010,407,379343
478000,65536,839,630,209,978911214,839,978972654,0,45451,14.2166,12900,4147,0x0000000000,20823,15835,0,429,379950,45470,14.2186,12885,433,379776
479000,65536,839,630,209,980942833,839,981004273,0,45462,14.2214,12941,4038,0x0000000000,21014,15950,0,427,380377,45465,14.2220,12949,424,380200
480000,65536,839,630,209,983039161,839,983100601,0,45414,14.2122,13027,4140,0x0000000000,434,204,0,382,380759,45430,14.2118,13031,370,380570
481000,65536,839,630,209,985071563,839,985133003,0,45428,14.2298,12850,3961,0x0000000000,20864,15913,0,432,381191,45399,14.2264,12839,435,381005
482000,65536,839,630,209,987103214,839,987164654,0,45309,14.2098,12573,4078,0x0000000000,20754,15717,0,455,381646,45329,14.2150,12615,456,381461
483000,65536,839,630,209,989134833,839,989196273,0,45518,14.2309,12853,4056,0x0000000000,20935,16034,0,416,382062,45530,14.2322,12869,408,381869
484000,65536,839,630,209,991231161,839,991292601,0,45260,14.2161,12507,4024,0x0000000000,415,188,0,418,382480,45276,14.2182,12569,413,382282
485000,65536,839,630,209,993263563,839,993325003,0,45484,14.2249,12745,4048,0x0000000000,20986,15917,0,414,382894,45475,14.2244,12774,415,382697
486000,65536,839,630,209,995295214,839,995356654,0,45421,14.2066,12558,4122,0x0000000000,20878,15778,0,441,383335,45417,14.2059,12562,448,383145
487000,65536,839,630,209,997326833,839,997388273,0,45485,14.2311,12610,4047,0x0000000000,20909,15906,0,413,383748,45500,14.2329,12616,414,383559
488000,65536,839,630,209,999423161,839,999484601,0,45342,14.2148,12673,4007,0x0000000000,397,214,0,382,384130,45352,14.2168,12635,380,383939
489000,65536,839,630,209,1001455563,839,1001517003,0,45489,14.2191,12690,4062,0x0000000000,20679,15871,0,414,384544,45488,14.2189,12677,401,384340
490000,65536,839,630,209,1003487214,839,1003548654,0,45493,14.2332,12629,3967,0x0000000000,20731,15871,0,371,384915,45485,14.2322,12630,376,384716
491000,65536,839,630,209,1005518833,839,1005580273,0,45377,14.2191,12480,4019,0x0000000000,20923,15980,0,421,385336,45411,14.2223,12489,412,385128
492000,65536,839,630,209,1007615161,839,1007676601,0,45310,14.1879,12459,4266,0x0000000000,428,206,0,413,385749,45311,14.1881,12516,411,385539
493000,65536,839,630,209,1009647563,839,1009709003,0,45482,14.2305,12622,4052,0x0000000000,20757,15895,0,397,386146,45497,14.2322,12596,405,385944
494000,65536,839,630,209,1011679214,839,1011740654,0,45498,14.2236,12474,4050,0x0000000000,20996,16052,0,396,386542,45479,14.2212,12449,386,386330
495000,65536,839,630,209,1013710833,839,1013772273,0,45400,14.2263,12465,3986,0x0000000000,21008,15834,0,392,386934,45412,14.2273,12467,397,386727
496000,65536,839,630,209,1015807161,839,1015868601,0,45580,14.2422,12581,4021,0x0000000000,418,209,0,409,387343,45567,14.2397,12548,409,387136
497000,65536,839,630,209,1017839563,839,1017901003,0,45469,14.2372,12417,4003,0x0000000000,20985,15931,0,398,387741,45460,14.2332,12424,394,387530
498000,65536,839,630,209,1019871214,839,1019932654,0,45539,14.2302,12519,4026,0x0000000000,20781,15976,0,407,388148,45550,14.2321,12591,403,387933
499000,65536,839,630,209,1021902833,839,1021964273,0,45471,14.2228,12369,4054,0x0000000000,20828,15899,0,374,388522,45484,14.2233,12368,378,388311
500000,65536,839,630,209,1023999161,839,1024060601,0,45652,14.2554,12491,3926,0x0000000000,418,187,0,382,388904,45670,14.2573,12512,386,388697
501000,65536,839,630,209,1026031563,839,1026093003,0,45280,14.2135,12407,4041,0x0000000000,20905,15825,0,399,389303,45296,14.2149,12423,402,389099
502000,65536,839,630,209,1028063214,839,1028124654,0,45526,14.2384,12429,4017,0x0000000000,20814,15871,0,374,389677,45503,14.2362,12440,378,389477
503000,65536,839,630,209,1030094833,839,1030156273,0,45441,14.2409,12311,3965,0x0000000000,20858,15645,0,391,390068,45432,14.2418,12351,395,389872
504000,65536,839,630,209,1032191161,839,1032252601,0,45365,14.2185,12127,4053,0x0000000000,420,219,0,414,390482,45364,14.2187,12148,411,390283
505000,65536,839,630,209,1034223563,839,1034285003,0,45556,14.2431,12321,4014,0x0000000000,20942,15978,0,406,390888,45553,14.2413,12375,401,390684
506000,65536,839,630,209,1036255214,839,1036316654,0,45461,14.2219,12319,4119,0x0000000000,21053,15927,0,400,391288,45420,14.2169,12285,395,391079
507000,65536,839,630,209,1038286833,839,1038348273,0,45670,14.2613,12191,3985,0x0000000000,20858,15823,0,390,391678,45674,14.2612,12260,394,391473
508000,65536,839,630,209,1040383161,839,1040444601,0,45455,14.2235,12340,4034,0x0000000000,399,208,0,397,392075,45458,14.2247,12367,392,391865
509000,65536,839,630,209,1042415563,839,1042477003,0,45400,14.2177,11932,4038,0x0000000000,20823,15713,0,375,392450,45370,14.2172,11971,363,392228
510000,65536,839,630,209,1044447214,839,1044508654,0,45337,14.2132,12235,4100,0x0000000000,20667,15758,0,387,392837,45303,14.2106,12247,389,392617
511000,65536,839,630,209,1046478833,839,1046540273,0,45485,14.2373,12215,3983,0x0000000000,20910,15837,0,400,393237,45465,14.2342,12229,405,393022
512000,65536,839,630,209,1048575161,839,1048636601,0,45448,14.2211,12083,4092,0x0000000000,410,186,0,390,393627,45446,14.2218,12111,392,393414
513000,65536,839,630,209,1050607563,839,1050669003,0,45402,14.2251,12031,4004,0x0000000000,20921,15969,0,390,394017,45422,14.2271,12075,396,393810
514000,65536,839,630,209,1052639214,839,1052700654,0,45214,14.2146,11923,3962,0x0000000000,20845,15834,0,376,394393,45221,14.2166,11934,378,394188
515000,65536,839,630,209,1054670833,839,1054732273,0,45615,14.2543,11903,3960,0x0000000000,20912,15716,0,373,394766,45636,14.2572,11934,365,394553
516000,65536,839,630,209,1056767161,839,1056828601,0,45585,14.2376,12092,4027,0x0000000000,435,205,0,359,395125,45595,14.2369,12105,362,394915
517000,65536,839,630,209,1058799563,839,1058861003,0,45501,14.2404,11941,3995,0x0000000000,20930,15916,0,429,395554,45503,14.2438,11918,434,395349
518000,65536,839,630,209,1060831214,839,1060892654,0,45628,14.2551,12124,3958,0x0000000000,20940,16000,0,368,395922,45649,14.2591,12149,372,395721
519000,65536,839,630,209,1062862833,839,1062924273,0,45401,14.2105,11912,4065,0x0000000000,20857,15870,0,368,396290,45382,14.2105,11870,358,396079
520000,65536,839,630,209,1064959161,839,1065020601,0,45323,14.2278,11934,4041,0x0000000000,410,186,0,397,396687,45310,14.2268,11958,401,396480
521000,65536,839,630,209,1066991563,839,1067053003,0,45620,14.2466,11999,3913,0x0000000000,20967,16012,0,348,397035,45616,14.2463,11994,349,396829
522000,65536,839,630,209,1069023214,839,1069084654,0,45409,14.2118,11850,4078,0x0000000000,20818,15690,0,376,397411,45382,14.2089,11876,373,397202
523000,65536,839,630,209,1071054833,839,1071116273,0,45460,14.2185,12015,4073,0x0000000000,20882,15742,0,381,397792,45460,14.2200,12046,388,397590
524000,65536,839,630,209,1073151161,839,1073212601,0,45598,14.2543,11803,3972,0x0000000000,392,187,0,347,398139,45586,14.2528,11807,347,397937
525000,65536,839,630,209,1075183563,839,1075245003,0,45425,14.2204,11743,4044,0x0000000000,20951,15919,0,366,398505,45430,14.2197,11716,352,398289
526000,65536,839,630,209,1077215214,839,1077276654,0,45335,14.2055,11705,4140,0x0000000000,20873,15869,0,403,398908,45342,14.2079,11730,405,398694
527000,65536,839,630,209,1079246833,839,1079308273,0,45471,14.2296,11770,4009,0x0000000000,20961,15678,0,386,399294,45427,14.2262,11779,385,399079
528000,65536,839,630,209,1081343161,839,1081404601,0,45336,14.2253,11867,3995,0x0000000000,402,207,0,323,399617,45365,14.2275,11852,327,399406
529000,65536,839,630,209,1083375563,839,1083437003,0,45604,14.2522,11801,3960,0x0000000000,20962,16000,0,368,399985,45625,14.2517,11833,376,399782
530000,65536,839,630,209,1085407214,839,1085468654,0,45540,14.2279,11651,4023,0x0000000000,20970,15924,0,389,400374,45534,14.2304,11689,388,400170
531000,65536,839,630,209,1087438833,839,1087500273,0,45354,14.2136,11582,4105,0x0000000000,20647,15787,0,382,400756,45381,14.2160,11584,383,400553
532000,65536,839,630,209,1089535161,839,1089596601,0,45531,14.2274,11705,4040,0x0000000000,417,210,0,366,401122,45530,14.2257,11715,365,400918
533000,65536,839,630,209,1091567563,839,1091629003,0,45317,14.2270,11604,3955,0x0000000000,20720,15781,0,334,401456,45294,14.2253,11598,340,401258
534000,65536,839,630,209,1093599214,839,1093660654,0,45418,14.2286,11586,3979,0x0000000000,20772,15760,0,360,401816,45422,14.2288,11561,356,401614
535000,65536,839,630,209,1095630833,839,1095692273,0,45401,14.2231,11585,4003,0x0000000000,20714,15853,0,359,402175,45368,14.2216,11587,375,401989
536000,65536,839,630,209,1097727161,839,1097788601,0,45513,14.2337,11635,3977,0x0000000000,398,198,0,399,402574,45517,14.2337,11660,398,402387
537000,65536,839,630,209,1099759563,839,1099821003,0,45427,14.2266,11574,4075,0x0000000000,20805,15831,0,403,402977,45457,14.2299,11546,389,402776
538000,65536,839,630,209,1101791214,839,1101852654,0,45360,14.2261,11539,3985,0x0000000000,20989,15944,0,372,403349,45388,14.2282,11570,372,403148
539000,65536,839,630,209,1103822833,839,1103884273,0,45466,14.2296,11436,3982,0x0000000000,20873,16013,0,348,403697,45443,14.2268,11388,357,403505
540000,65536,839,630,209,1105919161,839,1105980601,0,45464,14.2240,11685,4021,0x0000000000,409,194,0,376,404073,45467,14.2244,11677,373,403878
541000,65536,839,630,209,1107951563,839,1108013003,0,45471,14.2384,11732,3949,0x0000000000,20918,15958,0,394,404467,45483,14.2407,11771,392,404270
542000,65536,839,630,209,1109983214,839,1110044654,0,45431,14.2292,11423,4031,0x0000000000,20969,16057,0,361,404828,45399,14.2257,11424,365,404635
543000,65536,839,630,209,1112014833,839,1112076273,0,45501,14.2351,11457,4036,0x0000000000,21029,16004,0,377,405205,45519,14.2357,11466,377,405012
544000,65536,839,630,209,1114111161,839,1114172601,0,45480,14.2248,11445,4069,0x0000000000,427,214,0,365,405570,45480,14.2216,11455,363,405375
545000,65536,839,630,209,1116143563,839,1116205003,0,45514,14.2326,11468,4016,0x0000000000,20859,15823,0,348,405918,45486,14.2307,11488,352,405727
546000,65536,839,630,209,1118175214,839,1118236654,0,45148,14.1912,11305,4144,0x0000000000,20807,15860,0,403,406321,45140,14.1922,11333,401,406128
547000,65536,839,630,209,1120206833,839,1120268273,0,45320,14.1974,11428,4105,0x0000000000,20759,15840,0,367,406688,45344,14.2005,11392,366,406494
548000,65536,839,630,209,1122303161,839,1122364601,0,45475,14.2438,11376,3928,0x0000000000,416,216,0,401,407089,45451,14.2403,11324,393,406887
549000,65536,839,630,209,1124335563,839,1124397003,0,45498,14.2328,11250,4093,0x0000000000,20954,16000,0,374,407463,45468,14.2288,11272,378,407265
550000,65536,839,630,209,1126367214,839,1126428654,0,45302,14.2178,11198,3981,0x0000000000,20748,15904,0,351,407814,45308,14.2188,11215,358,407623
551000,65536,839,630,209,1128398833,839,1128460273,0,45415,14.2308,11328,4007,0x0000000000,20948,15883,0,380,408194,45455,14.2334,11326,375,407998
552000,65536,839,630,209,1130495161,839,1130556601,0,45504,14.2302,11379,3966,0x0000000000,400,205,0,377,408571,45506,14.2314,11407,376,408374
553000,65536,839,630,209,1132527563,839,1132589003,0,45544,14.2425,11313,3986,0x0000000000,20915,15751,0,348,408919,45544,14.2418,11358,350,408724
554000,65536,839,630,209,1134559214,839,1134620654,0,45494,14.2320,11292,4001,0x0000000000,20839,15926,0,349,409268,45446,14.2281,11247,362,409086
555000,65536,839,630,209,1136590833,839,1136652273,0,45365,14.2129,11251,4086,0x0000000000,20949,15860,0,400,409668,45359,14.2128,11226,405,409491
556000,65536,839,630,209,1138687161,839,1138748601,0,45408,14.2271,11102,4026,0x0000000000,417,186,0,372,410040,45411,14.2291,11111,379,409870
557000,65536,839,630,209,1140719563,839,1140781003,0,45338,14.2322,11161,3951,0x0000000000,20855,15741,0,361,410401,45309,14.2283,11150,374,410244
558000,65536,839,630,209,1142751214,839,1142812654,0,45572,14.2346,11271,4068,0x0000000000,20902,15852,0,337,410738,45549,14.2327,11262,337,410581
559000,65536,839,630,209,1144782833,839,1144844273,0,45451,14.2159,11064,4124,0x0000000000,20895,15806,0,392,411130,45467,14.2182,11082,381,410962
560000,65536,839,630,209,1146879161,839,1146940601,0,45375,14.2090,11116,4126,0x0000000000,412,209,0,358,411488,45352,14.2063,11100,357,411319
561000,65536,839,630,209,1148911563,839,1148973003,0,45436,14.2190,11079,4056,0x0000000000,20925,15772,0,358,411846,45433,14.2182,11066,364,411683
562000,65536,839,630,209,1150943214,839,1151004654,0,45425,14.2291,10993,4030,0x0000000000,21070,15915,0,383,412229,45427,14.2290,11019,374,412057
563000,65536,839,630,209,1152974833,839,1153036273,0,45261,14.2042,10978,4076,0x0000000000,20878,15758,0,330,412559,45275,14.2051,10997,333,412390
564000,65536,839,630,209,1155071161,839,1155132601,0,45519,14.2583,11092,3874,0x0000000000,429,189,0,361,412920,45484,14.2547,11089,361,412751
565000,65536,839,630,209,1157103563,839,1157165003,0,45319,14.2212,10897,4048,0x0000000000,20960,15728,0,353,413273,45298,14.2174,10888,363,413114
566000,65536,839,630,209,1159135214,839,1159196654,0,45555,14.2517,11049,4001,0x0000000000,20740,15884,0,347,413620,45544,14.2497,11084,342,413456
567000,65536,839,630,209,1161166833,839,1161228273,0,45481,14.2310,10961,4010,0x0000000000,20874,15801,0,356,413976,45456,14.2318,10979,348,413804
568000,65536,839,630,209,1163263161,839,1163324601,0,45460,14.2195,10921,4010,0x0000000000,388,195,0,312,414288,45443,14.2180,10950,328,414132
569000,65536,839,630,209,1165295563,839,1165357003,0,45351,14.2098,10932,4180,0x0000000000,20729,15703,0,348,414636,45344,14.2081,10919,345,414477
570000,65536,839,630,209,1167327214,839,1167388654,0,45436,14.2280,10990,4084,0x0000000000,20921,15913,0,333,414969,45389,14.2206,10951,338,414815
571000,65536,839,630,209,1169358833,839,1169420273,0,45535,14.2432,10986,3969,0x0000000000,20919,15937,0,320,415289,45545,14.2437,10996,324,415139
572000,65536,839,630,209,1171455161,839,1171516601,0,45391,14.2175,10842,4045,0x0000000000,431,205,0,335,415624,45349,14.2127,10818,338,415477
573000,65536,839,630,209,1173487563,839,1173549003,0,45478,14.2453,10888,3924,0x0000000000,20818,15862,0,350,415974,45481,14.2452,10938,353,415830
574000,65536,839,630,209,1175519214,839,1175580654,0,45558,14.2371,10895,4026,0x0000000000,21000,16012,0,364,416338,45569,14.2343,10935,359,416189
575000,65536,839,630,209,1177550833,839,1177612273,0,45442,14.2173,10783,4096,0x0000000000,20772,16018,0,355,416693,45446,14.2200,10775,361,416550
576000,65536,839,630,209,1179647161,839,1179708601,0,45243,14.2167,10704,4027,0x0000000000,413,215,0,341,417034,45255,14.2174,10708,345,416895
577000,65536,839,630,209,1181679563,839,1181741003,0,45431,14.2347,10732,4010,0x0000000000,20951,15875,0,353,417387,45422,14.2343,10742,357,417252
578000,65536,839,630,209,1183711214,839,1183772654,0,45522,14.2219,10837,4059,0x0000000000,20677,15779,0,295,417682,45542,14.2239,10811,294,417546
579000,65536,839,630,209,1185742833,839,1185804273,0,45462,14.2108,10745,4138,0x0000000000,20891,15898,0,298,417980,45496,14.2161,10753,300,417846
580000,65536,839,630,209,1187839161,839,1187900601,0,45549,14.2277,10677,4045,0x0000000000,406,180,0,324,418304,45519,14.2222,10721,331,418177
581000,65536,839,630,209,1189871563,839,1189933003,0,45496,14.2352,10650,3990,0x0000000000,21020,15926,0,363,418667,45493,14.2364,10658,369,418546
582000,65536,839,630,209,1191903214,839,1191964654,0,45514,14.2253,10655,4030,0x0000000000,20737,15834,0,320,418987,45491,14.2242,10603,325,418871
583000,65536,839,630,209,1193934833,839,1193996273,0,45447,14.2302,10571,3987,0x0000000000,20896,15755,0,353,419340,45419,14.2280,10571,349,419220
584000,65536,839,630,209,1196031161,839,1196092601,0,45258,14.2219,10554,4001,0x0000000000,435,194,0,360,419700,45302,14.2229,10564,356,419576
585000,65536,839,630,209,1198063563,839,1198125003,0,45557,14.2530,10604,3867,0x0000000000,21036,15891,0,379,420079,45579,14.2524,10627,373,419949
586000,65536,839,630,209,1200095214,839,1200156654,0,45488,14.2356,10693,3956,0x0000000000,20998,15839,0,368,420447,45476,14.2306,10687,365,420314
587000,65536,839,630,209,1202126833,839,1202188273,0,45444,14.2206,10656,4083,0x0000000000,20968,15618,0,347,420794,45474,14.2224,10662,347,420661
588000,65536,839,630,209,1204223161,839,1204284601,0,45458,14.2209,10702,3965,0x0000000000,403,211,0,320,421114,45473,14.2243,10708,318,420979
589000,65536,839,630,209,1206255563,839,1206317003,0,45591,14.2367,10450,4019,0x0000000000,20852,15728,0,320,421434,45626,14.2394,10459,314,421293
590000,65536,839,630,209,1208287214,839,1208348654,0,45308,14.2145,10566,4062,0x0000000000,20952,15669,0,326,421760,45310,14.2131,10603,322,421615
591000,65536,839,630,209,1210318833,839,1210380273,0,45476,14.2314,10449,4001,0x0000000000,20625,15728,0,356,422116,45473,14.2303,10456,357,421972
592000,65536,839,630,209,1212415161,839,1212476601,0,45388,14.2016,10496,4109,0x0000000000,427,211,0,348,422464,45418,14.2063,10492,352,422324
593000,65536,839,630,209,1214447563,839,1214509003,0,45360,14.2197,10463,4040,0x0000000000,20768,15623,0,332,422796,45339,14.2160,10435,330,422654
594000,65536,839,630,209,1216479214,839,1216540654,0,45426,14.2337,10487,4021,0x0000000000,20946,15901,0,365,423161,45416,14.2298,10453,357,423011
595000,65536,839,630,209,1218510833,839,1218572273,0,45460,14.2268,10513,4008,0x0000000000,20862,15912,0,304,423465,45469,14.2277,10531,308,423319
596000,65536,839,630,209,1220607161,839,1220668601,0,45452,14.2232,10370,4039,0x0000000000,422,188,0,321,423786,45483,14.2252,10434,318,423637
597000,65536,839,630,209,1222639563,839,1222701003,0,45462,14.2306,10468,4001,0x0000000000,20749,15635,0,350,424136,45444,14.2291,10464,350,423987
598000,65536,839,630,209,1224671214,839,1224732654,0,45514,14.2319,10349,3995,0x0000000000,20930,15802,0,310,424446,45517,14.2321,10341,315,424302
599000,65536,839,630,209,1226702833,839,1226764273,0,45610,14.2459,10350,4015,0x0000000000,20786,16032,0,319,424765,45608,14.2455,10300,322,424624
600000,65536,839,630,209,1228799161,839,1228860601,0,45640,14.2372,10382,4001,0x0000000000,405,227,0,355,425120,45643,14.2391,10412,351,424975
601000,65536,839,630,209,1230831563,839,1230893003,0,45427,14.2178,10356,4064,0x0000000000,20891,15845,0,353,425473,45430,14.2186,10327,354,425329
602000,65536,839,630,209,1232863214,839,1232924654,0,45409,14.2306,10200,3988,0x0000000000,20941,16019,0,335,425808,45382,14.2275,10214,333,425662
603000,65536,839,630,209,1234894833,839,1234956273,0,45277,14.2257,10106,3994,0x0000000000,20882,15750,0,338,426146,45267,14.2224,10099,339,426001
604000,65536,839,630,209,1236991161,839,1237052601,0,45329,14.2027,10128,4163,0x0000000000,409,217,0,341,426487,45331,14.2040,10133,338,426339
605000,65536,839,630,209,1239023563,839,1239085003,0,45498,14.2471,10289,3953,0x0000000000,20909,15828,0,322,426809,45496,14.2481,10247,323,426662
606000,65536,839,630,209,1241055214,839,1241116654,0,45428,14.2188,10199,4025,0x0000000000,21052,15810,0,316,427125,45434,14.2184,10157,321,426983
607000,65536,839,630,209,1243086833,839,1243148273,0,45332,14.2131,10184,4092,0x0000000000,20816,15751,0,324,427449,45367,14.2147,10129,327,427310
608000,65536,839,630,209,1245183161,839,1245244601,0,45361,14.2244,9977,4047,0x0000000000,379,208,0,322,427771,45354,14.2226,10009,313,427623
609000,65536,839,630,209,1247215563,839,1247277003,0,45277,14.2095,10145,4050,0x0000000000,20823,15771,0,344,428115,45276,14.2119,10085,353,427976
610000,65536,839,630,209,1249247214,839,1249308654,0,45513,14.2307,10316,4057,0x0000000000,20933,15877,0,337,428452,45507,14.2299,10356,332,428308
611000,65536,839,630,209,1251278833,839,1251340273,0,45401,14.2164,10166,4031,0x0000000000,20887,15818,0,326,428778,45404,14.2157,10206,333,428641
612000,65536,839,630,209,1253375161,839,1253436601,0,45233,14.1919,9942,4139,0x0000000000,410,184,0,309,429087,45269,14.1950,9967,309,428950
613000,65536,839,630,209,1255407563,839,1255469003,0,45253,14.2024,10079,4127,0x0000000000,20725,15848,0,325,429412,45226,14.2007,10069,323,429273
614000,65536,839,630,209,1257439214,839,1257500654,0,45314,14.2197,10011,3983,0x0000000000,20821,15916,0,329,429741,45319,14.2191,10002,323,429596
615000,65536,839,630,209,1259470833,839,1259532273,0,45431,14.2383,10161,3944,0x0000000000,20922,15983,0,373,430114,45423,14.2391,10144,377,429973
616000,65536,839,630,209,1261567161,839,1261628601,0,45344,14.2281,10019,4007,0x0000000000,392,204,0,330,430444,45342,14.2283,10077,330,430303
617000,65536,839,630,209,1263599563,839,1263661003,0,45361,14.2002,10053,4072,0x0000000000,20918,15957,0,333,430777,45378,14.2043,10075,335,430638
618000,65536,839,630,209,1265631214,839,1265692654,0,45496,14.2280,9971,4067,0x0000000000,20755,15884,0,322,431099,45512,14.2335,9939,325,430963
619000,65536,839,630,209,1267662833,839,1267724273,0,45338,14.2176,10025,3995,0x0000000000,21076,15908,0,353,431452,45343,14.2155,10016,349,431312
620000,65536,839,630,209,1269759161,839,1269820601,0,45487,14.2275,10062,4062,0x0000000000,403,198,0,306,431758,45476,14.2261,10084,312,431624
621000,65536,839,630,209,1271791563,839,1271853003,0,45405,14.2094,10033,4114,0x0000000000,20803,15878,0,305,432063,45431,14.2149,10033,310,431934
622000,65536,839,630,209,1273823214,839,1273884654,0,45467,14.2269,9872,4055,0x0000000000,20886,15744,0,338,432401,45482,14.2279,9857,340,432274
623000,65536,839,630,209,1275854833,839,1275916273,0,45482,14.2223,9973,4121,0x0000000000,20676,15876,0,289,432690,45512,14.2233,9973,295,432569
624000,65536,839,630,209,1277951161,839,1278012601,0,45511,14.2286,9960,4034,0x0000000000,391,196,0,298,432988,45523,14.2295,9917,297,432866
625000,65536,839,630,209,1279983563,839,1280045003,0,45524,14.2418,9884,3957,0x0000000000,20811,15973,0,299,433287,45550,14.2451,9882,310,433176
626000,65536,839,630,209,1282015214,839,1282076654,0,45225,14.2002,9867,4055,0x0000000000,20852,15667,0,289,433576,45247,14.2028,9846,293,433469
627000,65536,839,630,209,1284046833,839,1284108273,0,45451,14.2437,9872,3936,0x0000000000,21006,16066,0,324,433900,45441,14.2432,9908,324,433793
628000,65536,839,630,209,1286143161,839,1286204601,0,45335,14.2124,9780,4112,0x0000000000,421,206,0,311,434211,45328,14.2111,9741,313,434106
629000,65536,839,630,209,1288175563,839,1288237003,0,45592,14.2543,9900,3955,0x0000000000,20742,15913,0,328,434539,45605,14.2561,9896,329,434435
630000,65536,839,630,209,1290207214,839,1290268654,0,45435,14.2158,9759,4030,0x0000000000,20859,15650,0,302,434841,45435,14.2145,9774,296,434731
631000,65536,839,630,209,1292238833,839,1292300273,0,45575,14.2347,9708,4055,0x0000000000,20751,15966,0,309,435150,45525,14.2304,9706,314,435045
632000,65536,839,630,209,1294335161,839,1294396601,0,45395,14.2182,9855,4102,0x0000000000,420,207,0,332,435482,45416,14.2205,9860,335,435380
633000,65536,839,630,209,1296367563,839,1296429003,0,45403,14.2193,9619,4054,0x0000000000,20889,15780,0,299,435781,45409,14.2215,9645,309,435689
634000,65536,839,630,209,1298399214,839,1298460654,0,45582,14.2386,9955,4007,0x0000000000,20962,16180,0,311,436092,45562,14.2382,9995,312,436001
635000,65536,839,630,209,1300430833,839,1300492273,0,45547,14.2401,9684,3932,0x0000000000,20898,15887,0,335,436427,45585,14.2452,9698,329,436330
636000,65536,839,630,209,1302527161,839,1302588601,0,45385,14.2214,9694,4036,0x0000000000,409,202,0,315,436742,45380,14.2201,9708,314,436644
637000,65536,839,630,209,1304559563,839,1304621003,0,45269,14.2155,9654,4046,0x0000000000,20940,16058,0,316,437058,45266,14.2179,9650,325,436969
638000,65536,839,630,209,1306591214,839,1306652654,0,45408,14.2301,9808,3991,0x0000000000,20943,15929,0,322,437380,45393,14.2282,9811,322,437291
639000,65536,839,630,209,1308622833,839,1308684273,0,45502,14.2324,9765,4025,0x0000000000,20863,15927,0,304,437684,45500,14.2311,9768,306,437597
640000,65536,839,630,209,1310719161,839,1310780601,0,45474,14.2282,9689,4022,0x0000000000,416,209,0,338,438022,45473,14.2269,9728,333,437930
641000,65536,839,630,209,1312751563,839,1312813003,0,45473,14.2514,9554,3891,0x0000000000,20865,15842,0,309,438331,45499,14.2528,9559,309,438239
642000,65536,839,630,209,1314783214,839,1314844654,0,45367,14.2138,9620,4041,0x0000000000,20992,15908,0,286,438617,45353,14.2146,9648,287,438526
643000,65536,839,630,209,1316814833,839,1316876273,0,45512,14.2464,9472,3927,0x0000000000,20830,15875,0,308,438925,45491,14.2459,9481,312,438838
644000,65536,839,630,209,1318911161,839,1318972601,0,45353,14.2217,9528,4075,0x0000000000,406,200,0,287,439212,45359,14.2202,9528,286,439124
645000,65536,839,630,209,1320943563,839,1321005003,0,45549,14.2353,9476,4002,0x0000000000,20908,16096,0,336,439548,45560,14.2348,9476,321,439445
646000,65536,839,630,209,1322975214,839,1323036654,0,45444,14.2339,9406,4070,0x0000000000,20965,15801,0,322,439870,45449,14.2358,9406,329,439774
647000,65536,839,630,209,1325006833,839,1325068273,0,45487,14.2350,9431,4000,0x0000000000,21007,16083,0,321,440191,45469,14.2345,9476,316,440090
648000,65536,839,630,209,1327103161,839,1327164601,0,45247,14.2119,9378,4051,0x0000000000,403,198,0,296,440487,45262,14.2117,9434,294,440384
649000,65536,839,630,209,1329135563,839,1329197003,0,45398,14.2275,9379,4038,0x0000000000,20807,15750,0,306,440793,45392,14.2260,9366,306,440690
650000,65536,839,630,209,1331167214,839,1331228654,0,45495,14.2291,9421,4041,0x0000000000,20944,15744,0,299,441092,45485,14.2254,9444,299,440989
651000,65536,839,630,209,1333198833,839,1333260273,0,45570,14.2519,9516,3950,0x0000000000,20845,15745,0,287,441379,45582,14.2522,9561,286,441275
652000,65536,839,630,209,1335295161,839,1335356601,0,45513,14.2301,9376,4085,0x0000000000,395,202,0,329,441708,45515,14.2305,9348,329,441604
653000,65536,839,630,209,1337327563,839,1337389003,0,45410,14.2238,9315,4027,0x0000000000,20787,15928,0,303,442011,45421,14.2255,9319,312,441916
654000,65536,839,630,209,1339359214,839,1339420654,0,45450,14.2271,9373,4048,0x0000000000,20803,15786,0,305,442316,45438,14.2268,9374,294,442210
655000,65536,839,630,209,1341390833,839,1341452273,0,45347,14.2192,9382,4066,0x0000000000,21087,15683,0,283,442599,45355,14.2198,9384,291,442501
656000,65536,839,630,209,1343487161,839,1343548601,0,45534,14.2361,9341,4012,0x0000000000,406,192,0,279,442878,45553,14.2375,9318,284,442785
657000,65536,839,630,209,1345519563,839,1345581003,0,45499,14.2298,9377,3997,0x0000000000,20920,15921,0,271,443149,45516,14.2306,9368,279,443064
658000,65536,839,630,209,1347551214,839,1347612654,0,45443,14.2338,9421,3958,0x0000000000,20830,15913,0,292,443441,45466,14.2371,9484,292,443356
659000,65536,839,630,209,1349582833,839,1349644273,0,45388,14.2274,9478,3995,0x0000000000,20675,15869,0,298,443739,45363,14.2263,9472,290,443646
660000,65536,839,630,209,1351679161,839,1351740601,0,45434,14.2315,9241,4042,0x0000000000,428,220,0,299,444038,45470,14.2338,9291,299,443945
661000,65536,839,630,209,1353711563,839,1353773003,0,45453,14.2357,9245,3947,0x0000000000,21005,15934,0,275,444313,45471,14.2372,9276,271,444216
662000,65536,839,630,209,1355743214,839,1355804654,0,45432,14.2160,9327,4117,0x0000000000,20729,15797,0,308,444621,45444,14.2182,9318,312,444528
663000,65536,839,630,209,1357774833,839,1357836273,0,45502,14.2349,9405,4005,0x0000000000,20776,16114,0,304,444925,45515,14.2334,9449,299,444827
664000,65536,839,630,209,1359871161,839,1359932601,0,45403,14.2175,9083,4081,0x0000000000,412,204,0,282,445207,45393,14.2148,9069,279,445106
665000,65536,839,630,209,1361903563,839,1361965003,0,45404,14.2264,9175,4042,0x0000000000,21024,15839,0,336,445543,45414,14.2289,9206,334,445440
666000,65536,839,630,209,1363935214,839,1363996654,0,45484,14.2289,9185,4016,0x0000000000,20996,15802,0,301,445844,45503,14.2308,9209,306,445746
667000,65536,839,630,209,1365966833,839,1366028273,0,45582,14.2378,9188,4010,0x0000000000,20939,15961,0,324,446168,45564,14.2378,9145,326,446072
668000,65536,839,630,209,1368063161,839,1368124601,0,45412,14.2141,9178,4124,0x0000000000,412,189,0,286,446454,45462,14.2158,9203,296,446368
669000,65536,839,630,209,1370095563,839,1370157003,0,45325,14.2104,9081,4133,0x0000000000,20982,15633,0,299,446753,45325,14.2095,9089,299,446667
670000,65536,839,630,209,1372127214,839,1372188654,0,45512,14.2359,9060,4017,0x0000000000,20862,15864,0,294,447047,45525,14.2372,9027,290,446957
671000,65536,839,630,209,1374158833,839,1374220273,0,45544,14.2450,9042,3987,0x0000000000,21047,15840,0,295,447342,45529,14.2431,9054,298,447255
672000,65536,839,630,209,1376255161,839,1376316601,0,45498,14.2380,8997,4029,0x0000000000,402,205,0,283,447625,45481,14.2371,8991,273,447528
673000,65536,839,630,209,1378287563,839,1378349003,0,45374,14.2262,9116,4067,0x0000000000,20753,15813,0,287,447912,45367,14.2228,9153,294,447822
674000,65536,839,630,209,1380319214,839,1380380654,0,45543,14.2338,9024,4000,0x0000000000,20972,16064,0,289,448201,45543,14.2329,9041,286,448108
675000,65536,839,630,209,1382350833,839,1382412273,0,45372,14.2298,8903,3957,0x0000000000,20654,15799,0,277,448478,45354,14.2263,8941,280,448388
676000,65536,839,630,209,1384447161,839,1384508601,0,45590,14.2501,9116,3953,0x0000000000,405,208,0,302,448780,45593,14.2491,9163,292,448680
677000,65536,839,630,209,1386479563,839,1386541003,0,45560,14.2537,8847,3951,0x0000000000,21119,16051,0,293,449073,45575,14.2543,8850,292,448972
678000,65536,839,630,209,1388511214,839,1388572654,0,45437,14.2395,8915,3921,0x0000000000,20847,15750,0,285,449358,45439,14.2382,8887,280,449252
679000,65536,839,630,209,1390542833,839,1390604273,0,45578,14.2367,9087,4021,0x0000000000,21058,16037,0,298,449656,45568,14.2361,9085,306,449558
680000,65536,839,630,209,1392639161,839,1392700601,0,45195,14.1967,8765,4103,0x0000000000,417,185,0,298,449954,45235,14.2018,8782,292,449850
681000,65536,839,630,209,1394671563,839,1394733003,0,45442,14.2142,8972,4074,0x0000000000,20864,15931,0,320,450274,45469,14.2150,8970,314,450164
682000,65536,839,630,209,1396703214,839,1396764654,0,45352,14.2052,8799,4072,0x0000000000,20829,15778,0,284,450558,45356,14.2065,8808,293,450457
683000,65536,839,630,209,1398734833,839,1398796273,0,45432,14.2186,8852,4098,0x0000000000,20926,15830,0,290,450848,45465,14.2223,8878,292,450749
684000,65536,839,630,209,1400831161,839,1400892601,0,45462,14.2288,8921,4004,0x0000000000,429,174,0,262,451110,45441,14.2254,8893,269,451018
685000,65536,839,630,209,1402863563,839,1402925003,0,45532,14.2358,8841,3967,0x0000000000,20853,15856,0,270,451380,45550,14.2381,8803,268,451286
686000,65536,839,630,209,1404895214,839,1404956654,0,45445,14.2490,8772,3857,0x0000000000,20952,15962,0,299,451679,45436,14.2474,8755,294,451580
687000,65536,839,630,209,1406926833,839,1406988273,0,45452,14.2287,8750,3989,0x0000000000,20948,15736,0,270,451949,45479,14.2302,8740,280,451860
688000,65536,839,630,209,1409023161,839,1409084601,0,45499,14.2369,8700,4027,0x0000000000,406,187,0,310,452259,45517,14.2388,8699,303,452163
689000,65536,839,630,209,1411055563,839,1411117003,0,45229,14.1974,8644,4109,0x0000000000,20955,15561,0,270,452529,45225,14.1983,8688,264,452427
690000,65536,839,630,209,1413087214,839,1413148654,0,45342,14.2182,8781,4089,0x0000000000,20923,15857,0,295,452824,45355,14.2224,8764,284,452711
691000,65536,839,630,209,1415118833,839,1415180273,0,45477,14.2298,8758,4057,0x0000000000,20934,15864,0,298,453122,45469,14.2300,8812,297,453008
692000,65536,839,630,209,1417215161,839,1417276601,0,45417,14.2100,8722,4097,0x0000000000,399,181,0,288,453410,45411,14.2097,8689,293,453301
693000,65536,839,630,209,1419247563,839,1419309003,0,45435,14.2363,8846,3917,0x0000000000,20898,15989,0,275,453685,45423,14.2349,8857,286,453587
694000,65536,839,630,209,1421279214,839,1421340654,0,45433,14.2221,8559,4034,0x0000000000,20831,15837,0,264,453949,45429,14.2236,8526,271,453858
695000,65536,839,630,209,1423310833,839,1423372273,0,45374,14.2203,8729,4052,0x0000000000,21026,15803,0,271,454220,45408,14.2218,8751,273,454131
696000,65536,839,630,209,1425407161,839,1425468601,0,45535,14.2238,8723,4099,0x0000000000,406,212,0,285,454505,45495,14.2201,8725,276,454407
697000,65536,839,630,209,1427439563,839,1427501003,0,45506,14.2325,8594,4008,0x0000000000,20924,15751,0,293,454798,45532,14.2346,8643,290,454697
698000,65536,839,630,209,1429471214,839,1429532654,0,45525,14.2244,8867,4085,0x0000000000,20922,15818,0,290,455088,45544,14.2240,8891,284,454981
699000,65536,839,630,209,1431502833,839,1431564273,0,45423,14.2337,8746,3983,0x0000000000,20742,15755,0,264,455352,45414,14.2348,8753,268,455249
700000,65536,839,630,209,1433599161,839,1433660601,0,45393,14.2166,8682,4042,0x0000000000,402,171,0,276,455628,45391,14.2156,8702,271,455520
701000,65536,839,630,209,1435631563,839,1435693003,0,45627,14.2351,8703,4081,0x0000000000,20887,16036,0,291,455919,45609,14.2354,8668,292,455812
702000,65536,839,630,209,1437663214,839,1437724654,0,45704,14.2358,8693,4126,0x0000000000,20922,15891,0,272,456191,45652,14.2295,8644,275,456087
703000,65536,839,630,209,1439694833,839,1439756273,0,45331,14.2144,8575,4077,0x0000000000,20984,15970,0,269,456460,45340,14.2158,8553,269,456356
704000,65536,839,630,209,1441791161,839,1441852601,0,45388,14.2241,8670,4041,0x0000000000,398,226,0,280,456740,45372,14.2240,8666,282,456638
705000,65536,839,630,209,1443823563,839,1443885003,0,45347,14.2135,8525,4111,0x0000000000,20934,15833,0,279,457019,45321,14.2124,8473,269,456907
706000,65536,839,630,209,1445855214,839,1445916654,0,45368,14.2110,8732,4123,0x0000000000,20963,15706,0,232,457251,45356,14.2089,8683,241,457148
707000,65536,839,630,209,1447886833,839,1447948273,0,45470,14.2223,8448,4099,0x0000000000,20772,15836,0,253,457504,45495,14.2241,8438,257,457405
708000,65536,839,630,209,1449983161,839,1450044601,0,45593,14.2400,8606,4038,0x0000000000,425,208,0,291,457795,45587,14.2401,8643,284,457689
709000,65536,839,630,209,1452015563,839,1452077003,0,45364,14.2202,8573,4042,0x0000000000,20925,15997,0,284,458079,45343,14.2165,8597,284,457973
710000,65536,839,630,209,1454047214,839,1454108654,0,45372,14.2162,8579,4035,0x0000000000,20750,15754,0,250,458329,45362,14.2143,8554,253,458226
711000,65536,839,630,209,1456078833,839,1456140273,0,45541,14.2387,8475,3978,0x0000000000,20955,16115,0,275,458604,45553,14.2398,8520,270,458496
712000,65536,839,630,209,1458175161,839,1458236601,0,45585,14.2423,8421,4036,0x0000000000,439,219,0,272,458876,45576,14.2432,8465,270,458766
713000,65536,839,630,209,1460207563,839,1460269003,0,45205,14.2126,8321,4026,0x0000000000,20782,15717,0,277,459153,45216,14.2134,8313,275,459041
714000,65536,839,630,209,1462239214,839,1462300654,0,45604,14.2369,8478,4010,0x0000000000,20818,15964,0,250,459403,45599,14.2371,8515,250,459291
715000,65536,839,630,209,1464270833,839,1464332273,0,45309,14.2221,8283,3997,0x0000000000,21026,15878,0,255,459658,45307,14.2223,8289,255,459546
716000,65536,839,630,209,1466367161,839,1466428601,0,45338,14.2213,8539,3984,0x0000000000,404,206,0,256,459914,45338,14.2202,8554,260,459806
717000,65536,839,630,209,1468399563,839,1468461003,0,45360,14.2142,8220,4019,0x0000000000,20941,15942,0,274,460188,45378,14.2161,8232,279,460085
718000,65536,839,630,209,1470431214,839,1470492654,0,45558,14.2355,8375,4029,0x0000000000,20995,15968,0,222,460410,45549,14.2357,8350,223,460308
719000,65536,839,630,209,1472462833,839,1472524273,0,45516,14.2275,8294,4046,0x0000000000,20839,15793,0,279,460689,45531,14.2318,8256,279,460587
720000,65536,839,630,209,1474559161,839,1474620601,0,45414,14.2237,8341,4002,0x0000000000,389,190,0,251,460940,45416,14.2241,8318,256,460843
721000,65536,839,630,209,1476591563,839,1476653003,0,45622,14.2499,8479,3938,0x0000000000,21002,16261,0,267,461207,45613,14.2506,8479,270,461113
722000,65536,839,630,209,1478623214,839,1478684654,0,45415,14.2136,8262,4068,0x0000000000,20833,15835,0,263,461470,45426,14.2168,8256,257,461370
723000,65536,839,630,209,1480654833,839,1480716273,0,45601,14.2511,8275,3960,0x0000000000,20983,15806,0,256,461726,45570,14.2487,8270,256,461626
724000,65536,839,630,209,1482751161,839,1482812601,0,45573,14.2532,8263,3916,0x0000000000,421,197,0,233,461959,45559,14.2519,8244,228,461854
725000,65536,839,630,209,1484783563,839,1484845003,0,45308,14.2167,8384,4018,0x0000000000,20870,15793,0,241,462200,45290,14.2150,8364,244,462098
726000,65536,839,630,209,1486815214,839,1486876654,0,45496,14.2235,8289,4053,0x0000000000,20874,16072,0,240,462440,45501,14.2234,8301,241,462339
727000,65536,839,630,209,1488846833,839,1488908273,0,45296,14.1986,8302,4129,0x0000000000,20979,15833,0,260,462700,45316,14.2005,8244,258,462597
728000,65536,839,630,209,1490943161,839,1491004601,0,45434,14.2199,8307,4024,0x0000000000,419,201,0,282,462982,45455,14.2211,8317,283,462880
729000,65536,839,630,209,1492975563,839,1493037003,0,45471,14.2464,8163,3893,0x0000000000,20895,16041,0,259,463241,45485,14.2487,8169,265,463145
730000,65536,839,630,209,1495007214,839,1495068654,0,45270,14.2062,8164,4057,0x0000000000,20750,15776,0,285,463526,45267,14.2065,8164,283,463428
731000,65536,839,630,209,1497038833,839,1497100273,0,45431,14.2301,8268,3956,0x0000000000,20802,15805,0,265,463791,45410,14.2275,8247,263,463691
732000,65536,839,630,209,1499135161,839,1499196601,0,45412,14.2199,8203,4065,0x0000000000,423,211,0,258,464049,45388,14.2164,8166,263,463954
733000,65536,839,630,209,1501167563,839,1501229003,0,45389,14.2200,8142,3983,0x0000000000,20955,15824,0,258,464307,45378,14.2203,8159,253,464207
734000,65536,839,630,209,1503199214,839,1503260654,0,45350,14.2140,8171,4086,0x0000000000,20794,15911,0,254,464561,45320,14.2118,8169,249,464456
735000,65536,839,630,209,1505230833,839,1505292273,0,45618,14.2398,8303,4055,0x0000000000,20771,15744,0,271,464832,45609,14.2372,8306,277,464733
736000,65536,839,630,209,1507327161,839,1507388601,0,45414,14.2166,8131,4052,0x0000000000,405,175,0,271,465103,45389,14.2132,8126,266,464999
737000,65536,839,630,209,1509359563,839,1509421003,0,45372,14.2296,8166,3950,0x0000000000,20846,15676,0,290,465393,45378,14.2318,8167,297,465296
738000,65536,839,630,209,1511391214,839,1511452654,0,45479,14.2309,8070,4019,0x0000000000,21017,15804,0,275,465668,45475,14.2299,8055,267,465563
739000,65536,839,630,209,1513422833,839,1513484273,0,45588,14.2533,7972,3912,0x0000000000,20825,16152,0,256,465924,45590,14.2541,8016,256,465819
740000,65536,839,630,209,1515519161,839,1515580601,0,45553,14.2477,7966,3967,0x0000000000,414,179,0,252,466176,45564,14.2469,7954,253,466072
741000,65536,839,630,209,1517551563,839,1517613003,0,45417,14.2128,7944,4080,0x0000000000,20848,15917,0,266,466442,45396,14.2087,7968,262,466334
742000,65536,839,630,209,1519583214,839,1519644654,0,45670,14.2444,8091,4033,0x0000000000,20752,15885,0,247,466689,45659,14.2425,8080,256,466590
743000,65536,839,630,209,1521614833,839,1521676273,0,45435,14.2264,7970,4026,0x0000000000,20957,15930,0,290,466979,45419,14.2261,7930,285,466875
744000,65536,839,630,209,1523711161,839,1523772601,0,45324,14.2343,8035,3930,0x0000000000,389,194,0,256,467235,45368,14.2368,8063,255,467130
745000,65536,839,630,209,1525743563,839,1525805003,0,45577,14.2444,7977,4002,0x0000000000,20799,15924,0,266,467501,45572,14.2422,8000,257,467387
746000,65536,839,630,209,1527775214,839,1527836654,0,45504,14.2428,7992,4020,0x0000000000,20872,15869,0,257,467758,45507,14.2449,7971,257,467644
747000,65536,839,630,209,1529806833,839,1529868273,0,45192,14.2076,7896,4023,0x0000000000,20851,15787,0,284,468042,45246,14.2144,7887,280,467924
748000,65536,839,630,209,1531903161,839,1531964601,0,45487,14.2259,8027,4039,0x0000000000,387,187,0,238,468280,45476,14.2246,8042,235,468159
749000,65536,839,630,209,1533935563,839,1533997003,0,45488,14.2175,7951,4061,0x0000000000,20925,15844,0,268,468548,45487,14.2156,7969,264,468423
750000,65536,839,630,209,1535967214,839,1536028654,0,45522,14.2432,8022,4005,0x0000000000,21074,15989,0,248,468796,45491,14.2398,8034,244,468667
751000,65536,839,630,209,1537998833,839,1538060273,0,45365,14.2203,7772,4030,0x0000000000,20995,16018,0,265,469061,45340,14.2186,7770,272,468939
752000,65536,839,630,209,1540095161,839,1540156601,0,45306,14.2025,7825,4099,0x0000000000,414,201,0,238,469299,45281,14.2015,7852,245,469184
753000,65536,839,630,209,1542127563,839,1542189003,0,45546,14.2306,7933,4042,0x0000000000,20797,15891,0,219,469518,45547,14.2321,7887,211,469395
754000,65536,839,630,209,1544159214,839,1544220654,0,45557,14.2464,7715,3961,0x0000000000,20763,16011,0,258,469776,45585,14.2488,7742,250,469645
755000,65536,839,630,209,1546190833,839,1546252273,0,45471,14.2379,7803,3935,0x0000000000,20841,15833,0,272,470048,45427,14.2357,7839,265,469910
756000,65536,839,630,209,1548287161,839,1548348601,0,45478,14.2179,7749,4084,0x0000000000,412,198,0,275,470323,45511,14.2204,7746,277,470187
757000,65536,839,630,209,1550319563,839,1550381003,0,45581,14.2366,7934,3999,0x0000000000,20901,15889,0,274,470597,45575,14.2383,7936,278,470465
758000,65536,839,630,209,1552351214,839,1552412654,0,45630,14.2416,7898,4008,0x0000000000,20951,16071,0,242,470839,45630,14.2415,7886,245,470710
759000,65536,839,630,209,1554382833,839,1554444273,0,45173,14.2030,7814,4055,0x0000000000,21083,15882,0,262,471101,45163,14.2010,7811,262,470972
760000,65536,839,630,209,1556479161,839,1556540601,0,45361,14.2171,7675,4033,0x0000000000,412,182,0,267,471368,45369,14.2183,7714,264,471236
761000,65536,839,630,209,1558511563,839,1558573003,0,45502,14.2273,7743,4039,0x0000000000,20800,15914,0,250,471618,45498,14.2279,7703,257,471493
762000,65536,839,630,209,1560543214,839,1560604654,0,45563,14.2354,7641,3986,0x0000000000,20853,15848,0,249,471867,45537,14.2303,7684,246,471739
763000,65536,839,630,209,1562574833,839,1562636273,0,45514,14.2342,7661,3985,0x0000000000,20727,15931,0,250,472117,45479,14.2306,7662,254,471993
764000,65536,839,630,209,1564671161,839,1564732601,0,45490,14.2437,7616,3958,0x0000000000,412,202,0,217,472334,45499,14.2446,7623,222,472215
765000,65536,839,630,209,1566703563,839,1566765003,0,45257,14.2273,7621,3925,0x0000000000,20814,15648,0,236,472570,45255,14.2259,7590,236,472451
766000,65536,839,630,209,1568735214,839,1568796654,0,45414,14.2198,7569,4052,0x0000000000,20939,15929,0,240,472810,45410,14.2170,7563,233,472684
767000,65536,839,630,209,1570766833,839,1570828273,0,45624,14.2503,7700,3967,0x0000000000,20876,16026,0,250,473060,45619,14.2513,7648,248,472932
768000,65536,839,630,209,1572863161,839,1572924601,0,45160,14.1868,7566,4149,0x0000000000,420,182,0,233,473293,45192,14.1882,7552,236,473168
769000,65536,839,630,209,1574895563,839,1574957003,0,45534,14.2503,7615,3924,0x0000000000,20928,15986,0,253,473546,45532,14.2492,7608,251,473419
770000,65536,839,630,209,1576927214,839,1576988654,0,45398,14.2312,7706,3976,0x0000000000,21000,15869,0,259,473805,45435,14.2348,7713,263,473682
