tick,live,births,faithful,mutant,deaths_age,deaths_reaper,placements,rays,distinct_genomes,entropy,singletons,top_count,top_genome,parasites,out_readers,fertile,new_genomes,genomes_ever,shadow_distinct,shadow_entropy,shadow_singletons,shadow_new,shadow_ever
0,2048,0,0,0,0,0,2048,0,2045,10.9971,2042,2,0x7eb2f21fa4,0,0,0,3,3,2045,10.9971,2042,3,3
1000,2048,0,0,0,63488,0,65536,0,2047,10.9990,2046,2,0xf5c6419bfe,63,1865,0,1,4,2047,10.9990,2046,1,4
2000,2048,0,0,0,126976,0,129024,0,2046,10.9980,2044,2,0xdcd5cd35a3,63,1865,0,2,6,2046,10.9980,2044,2,6
3000,2048,0,0,0,190464,0,192512,0,2046,10.9980,2044,2,0x0ed1fa011d,61,1859,0,2,8,2046,10.9980,2044,2,8
4000,2048,0,0,0,256000,0,258048,0,2048,11.0000,2048,1,0xfb762a93ea,0,0,0,0,8,2048,11.0000,2048,0,8
5000,2048,0,0,0,319488,0,321536,0,2045,10.9971,2042,2,0x72b3f740d9,68,1855,0,3,11,2045,10.9971,2042,3,11
6000,2048,0,0,0,382976,0,385024,0,2048,11.0000,2048,1,0x940ca1d6f9,85,1854,0,0,11,2048,11.0000,2048,0,11
7000,2048,0,0,0,446464,0,448512,0,2046,10.9980,2044,2,0xf9eb2773cb,59,1851,0,2,13,2046,10.9980,2044,2,13
8000,2048,0,0,0,512000,0,514048,0,2048,11.0000,2048,1,0x1257eb2f2a,0,0,0,0,13,2048,11.0000,2048,0,13
9000,2048,0,0,0,575488,0,577536,0,2045,10.9971,2042,2,0x0ed0ac778d,63,1860,0,3,16,2045,10.9971,2042,3,16
10000,2048,0,0,0,638976,0,641024,0,2046,10.9980,2044,2,0xe91605e3ae,55,1865,0,2,18,2046,10.9980,2044,2,18
11000,2048,0,0,0,702464,0,704512,0,2047,10.9990,2046,2,0xaaf366c9ee,69,1850,0,1,19,2047,10.9990,2046,1,19
12000,2048,0,0,0,768000,0,770048,0,2048,11.0000,2048,1,0x0f82bf0f92,0,0,0,0,19,2048,11.0000,2048,0,19
13000,2048,0,0,0,831488,0,833536,0,2047,10.9990,2046,2,0xd1520c074b,53,1854,0,1,20,2047,10.9990,2046,1,20
14000,2048,0,0,0,894976,0,897024,0,2048,11.0000,2048,1,0xd7ecc9b125,48,1847,0,0,20,2048,11.0000,2048,0,20
15000,2048,0,0,0,958464,0,960512,0,2046,10.9980,2044,2,0xefe660cbef,73,1831,0,2,22,2046,10.9980,2044,2,22
16000,2048,0,0,0,1024000,0,1026048,0,2047,10.9990,2046,2,0x2f95f12854,0,0,0,1,23,2047,10.9990,2046,1,23
17000,2048,0,0,0,1087488,0,1089536,0,2047,10.9990,2046,2,0xff8fdd36bb,63,1856,0,1,24,2047,10.9990,2046,1,24
18000,2048,0,0,0,1150976,0,1153024,0,2048,11.0000,2048,1,0x891475999c,71,1860,0,0,24,2048,11.0000,2048,0,24
19000,2048,0,0,0,1214464,0,1216512,0,2045,10.9971,2042,2,0xfa17cc1814,73,1860,0,3,27,2045,10.9971,2042,3,27
20000,2048,0,0,0,1280000,0,1282048,0,2047,10.9990,2046,2,0xeb98c0f1eb,0,0,0,1,28,2047,10.9990,2046,1,28
21000,2048,0,0,0,1343488,0,1345536,0,2043,10.9951,2038,2,0xe6e8d8b110,69,1829,0,5,33,2043,10.9951,2038,5,33
22000,2048,0,0,0,1406976,0,1409024,0,2048,11.0000,2048,1,0x36667c7614,62,1853,0,0,33,2048,11.0000,2048,0,33
23000,2048,0,0,0,1470464,0,1472512,0,2046,10.9980,2044,2,0x063c0def52,61,1853,0,2,35,2046,10.9980,2044,2,35
24000,2048,0,0,0,1536000,0,1538048,0,2047,10.9990,2046,2,0x24dae21139,0,0,0,1,36,2047,10.9990,2046,1,36
25000,2048,0,0,0,1599488,0,1601536,0,2044,10.9957,2041,3,0x30ba70b53c,61,1851,0,3,39,2044,10.9957,2041,3,39
26000,2048,0,0,0,1662976,0,1665024,0,2047,10.9990,2046,2,0x72a98e28b7,55,1839,0,1,40,2047,10.9990,2046,1,40
27000,2048,0,0,0,1726464,0,1728512,0,2045,10.9971,2042,2,0xceb90fe318,72,1836,0,3,43,2045,10.9971,2042,3,43
28000,2048,0,0,0,1792000,0,1794048,0,2046,10.9980,2044,2,0x7e57624a0c,0,0,0,2,45,2046,10.9980,2044,2,45
29000,2048,0,0,0,1855488,0,1857536,0,2044,10.9961,2040,2,0x930f7a1bff,59,1842,0,4,49,2044,10.9961,2040,4,49
30000,2048,0,0,0,1918976,0,1921024,0,2046,10.9980,2044,2,0x4ecc0491a1,62,1854,0,2,51,2046,10.9980,2044,2,51
31000,2048,0,0,0,1982464,0,1984512,0,2045,10.9971,2042,2,0x4f5cd47b3f,39,1853,0,3,54,2045,10.9971,2042,3,54
32000,2048,0,0,0,2048000,0,2050048,0,2047,10.9990,2046,2,0xe46e55ab91,0,0,0,1,55,2047,10.9990,2046,1,55
33000,2048,0,0,0,2111488,0,2113536,0,2044,10.9961,2040,2,0x560f470bf6,84,1874,0,4,59,2044,10.9961,2040,4,59
34000,2048,0,0,0,2174976,0,2177024,0,2047,10.9990,2046,2,0x5b1020304f,64,1853,0,1,60,2047,10.9990,2046,1,60
35000,2048,0,0,0,2238464,0,2240512,0,2045,10.9971,2042,2,0x6194178cba,66,1852,0,3,63,2045,10.9971,2042,3,63
36000,2048,0,0,0,2304000,0,2306048,0,2047,10.9990,2046,2,0x1743edaebf,0,0,0,1,64,2047,10.9990,2046,1,64
37000,2048,0,0,0,2367488,0,2369536,0,2047,10.9990,2046,2,0xfa77626794,64,1836,0,1,65,2047,10.9990,2046,1,65
38000,2048,0,0,0,2430976,0,2433024,0,2045,10.9971,2042,2,0x8a991cd3a5,61,1845,0,3,68,2045,10.9971,2042,3,68
39000,2048,0,0,0,2494464,0,2496512,0,2046,10.9980,2044,2,0xccdd971480,85,1837,0,2,70,2046,10.9980,2044,2,70
40000,2048,0,0,0,2560000,0,2562048,0,2048,11.0000,2048,1,0x1dbf391f6e,0,0,0,0,70,2048,11.0000,2048,0,70
41000,2048,0,0,0,2623488,0,2625536,0,2044,10.9961,2040,2,0x6ca28950e7,76,1834,0,4,74,2044,10.9961,2040,4,74
42000,2048,0,0,0,2686976,0,2689024,0,2047,10.9990,2046,2,0x2977d0a2a7,59,1857,0,1,75,2047,10.9990,2046,1,75
43000,2048,0,0,0,2750464,0,2752512,0,2045,10.9971,2042,2,0x7dd78ee65a,57,1832,0,3,78,2045,10.9971,2042,3,78
44000,2048,0,0,0,2816000,0,2818048,0,2045,10.9971,2042,2,0x63a68079cb,0,0,0,3,81,2045,10.9971,2042,3,81
45000,2048,0,0,0,2879488,0,2881536,0,2045,10.9971,2042,2,0xee21ccebe4,63,1857,0,3,84,2045,10.9971,2042,3,84
46000,2048,0,0,0,2942976,0,2945024,0,2048,11.0000,2048,1,0x0af5619631,92,1851,0,0,84,2048,11.0000,2048,0,84
47000,2048,0,0,0,3006464,0,3008512,0,2046,10.9980,2044,2,0x53d5e93e2f,69,1867,0,2,86,2046,10.9980,2044,2,86
48000,2048,0,0,0,3072000,0,3074048,0,2046,10.9980,2044,2,0x2858ed0d8b,0,0,0,2,88,2046,10.9980,2044,2,88
49000,2048,0,0,0,3135488,0,3137536,0,2047,10.9990,2046,2,0xfb08e97cea,67,1858,0,1,89,2047,10.9990,2046,1,89
50000,2048,0,0,0,3198976,0,3201024,0,2047,10.9990,2046,2,0x71b0f0e383,57,1861,0,1,90,2047,10.9990,2046,1,90
51000,2048,0,0,0,3262464,0,3264512,0,2045,10.9971,2042,2,0x9a0ec85f39,60,1861,0,3,93,2045,10.9971,2042,3,93
52000,2048,0,0,0,3328000,0,3330048,0,2048,11.0000,2048,1,0xad7a8eab03,0,0,0,0,93,2048,11.0000,2048,0,93
53000,2048,0,0,0,3391488,0,3393536,0,2045,10.9971,2042,2,0xd84dcd174e,59,1849,0,3,96,2045,10.9971,2042,3,96
54000,2048,0,0,0,3454976,0,3457024,0,2045,10.9971,2042,2,0x2f145ce562,60,1836,0,3,99,2045,10.9971,2042,3,99
55000,2048,0,0,0,3518464,0,3520512,0,2046,10.9980,2044,2,0xc49617ac94,64,1859,0,2,101,2046,10.9980,2044,2,101
56000,2048,0,0,0,3584000,0,3586048,0,2048,11.0000,2048,1,0xab01b13950,0,0,0,0,101,2048,11.0000,2048,0,101
57000,2048,0,0,0,3647488,0,3649536,0,2045,10.9971,2042,2,0x38933426b8,79,1846,0,3,104,2045,10.9971,2042,3,104
58000,2048,0,0,0,3710976,0,3713024,0,2045,10.9971,2042,2,0x6bdbec1a17,62,1849,0,3,107,2045,10.9971,2042,3,107
59000,2048,0,0,0,3774464,0,3776512,0,2045,10.9971,2042,2,0x2ba0937ab9,53,1845,0,3,110,2045,10.9971,2042,3,110
60000,2048,0,0,0,3840000,0,3842048,0,2046,10.9980,2044,2,0x9bb4859698,0,0,0,2,112,2046,10.9980,2044,2,112
61000,2048,0,0,0,3903488,0,3905536,0,2047,10.9990,2046,2,0xb942f85899,59,1825,0,1,113,2047,10.9990,2046,1,113
62000,2048,0,0,0,3966976,0,3969024,0,2046,10.9980,2044,2,0xcca1477c17,72,1850,0,2,115,2046,10.9980,2044,2,115
63000,2048,0,0,0,4030464,0,4032512,0,2045,10.9971,2042,2,0x6d4f23ed6c,74,1850,0,3,118,2045,10.9971,2042,3,118
64000,2048,0,0,0,4096000,0,4098048,0,2045,10.9971,2042,2,0xd685fd0cd9,0,0,0,3,121,2045,10.9971,2042,3,121
65000,2048,0,0,0,4159488,0,4161536,0,2043,10.9951,2038,2,0xc48f3d15ea,61,1852,0,5,126,2043,10.9951,2038,5,126
66000,2048,0,0,0,4222976,0,4225024,0,2046,10.9980,2044,2,0x14262bb6b9,56,1842,0,2,128,2046,10.9980,2044,2,128
67000,2048,0,0,0,4286464,0,4288512,0,2047,10.9990,2046,2,0x5f3dd46d27,65,1879,0,1,129,2047,10.9990,2046,1,129
68000,2048,0,0,0,4352000,0,4354048,0,2044,10.9961,2040,2,0x3087f5d0d4,0,0,0,4,133,2044,10.9961,2040,4,133
69000,2048,0,0,0,4415488,0,4417536,0,2047,10.9990,2046,2,0xcea389acfe,56,1848,0,1,134,2047,10.9990,2046,1,134
70000,2048,0,0,0,4478976,0,4481024,0,2047,10.9990,2046,2,0xb8661a80ff,59,1872,0,1,135,2047,10.9990,2046,1,135
71000,2048,0,0,0,4542464,0,4544512,0,2047,10.9990,2046,2,0x08c710b8b1,60,1884,0,1,136,2047,10.9990,2046,1,136
72000,2048,0,0,0,4608000,0,4610048,0,2047,10.9990,2046,2,0x8aa699340e,0,0,0,1,137,2047,10.9990,2046,1,137
73000,2048,0,0,0,4671488,0,4673536,0,2043,10.9951,2038,2,0x6d7c515c03,54,1805,0,5,142,2043,10.9951,2038,5,142
74000,2048,0,0,0,4734976,0,4737024,0,2045,10.9971,2042,2,0x7aaab587d4,62,1870,0,3,145,2045,10.9971,2042,3,145
75000,2048,0,0,0,4798464,0,4800512,0,2047,10.9990,2046,2,0xfcfdce02eb,82,1849,0,1,146,2047,10.9990,2046,1,146
76000,2048,0,0,0,4864000,0,4866048,0,2048,11.0000,2048,1,0xf590a1a246,0,0,0,0,146,2048,11.0000,2048,0,146
77000,2048,0,0,0,4927488,0,4929536,0,2043,10.9951,2038,2,0x01e4193ba3,57,1866,0,5,151,2043,10.9951,2038,5,151
78000,2048,0,0,0,4990976,0,4993024,0,2046,10.9980,2044,2,0x0ac844caf7,72,1848,0,2,153,2046,10.9980,2044,2,153
79000,2048,0,0,0,5054464,0,5056512,0,2045,10.9971,2042,2,0xd16fb877be,76,1861,0,3,156,2045,10.9971,2042,3,156
80000,2048,0,0,0,5120000,0,5122048,0,2046,10.9980,2044,2,0x59888fdf2b,0,0,0,2,158,2046,10.9980,2044,2,158
81000,2048,0,0,0,5183488,0,5185536,0,2046,10.9980,2044,2,0x129851813a,63,1849,0,2,160,2046,10.9980,2044,2,160
82000,2048,0,0,0,5246976,0,5249024,0,2047,10.9990,2046,2,0xd64bb9bc71,56,1835,0,1,161,2047,10.9990,2046,1,161
83000,2048,0,0,0,5310464,0,5312512,0,2046,10.9980,2044,2,0x57c246790a,53,1832,0,2,163,2046,10.9980,2044,2,163
84000,2048,0,0,0,5376000,0,5378048,0,2048,11.0000,2048,1,0x7dc4d0aa47,0,0,0,0,163,2048,11.0000,2048,0,163
85000,2048,0,0,0,5439488,0,5441536,0,2047,10.9990,2046,2,0x47a16f6a91,51,1833,0,1,164,2047,10.9990,2046,1,164
86000,2048,0,0,0,5502976,0,5505024,0,2046,10.9980,2044,2,0x0e6d0979e5,69,1859,0,2,166,2046,10.9980,2044,2,166
87000,2048,0,0,0,5566464,0,5568512,0,2048,11.0000,2048,1,0xb3f99528be,57,1847,0,0,166,2048,11.0000,2048,0,166
88000,2048,0,0,0,5632000,0,5634048,0,2047,10.9990,2046,2,0x698c95e03a,0,0,0,1,167,2047,10.9990,2046,1,167
89000,2048,0,0,0,5695488,0,5697536,0,2047,10.9990,2046,2,0xbbb1be8cd4,59,1825,0,1,168,2047,10.9990,2046,1,168
90000,2048,0,0,0,5758976,0,5761024,0,2047,10.9990,2046,2,0x0c47f277e1,48,1835,0,1,169,2047,10.9990,2046,1,169
91000,2048,0,0,0,5822464,0,5824512,0,2046,10.9980,2044,2,0x44a7099622,71,1866,0,2,171,2046,10.9980,2044,2,171
92000,2048,0,0,0,5888000,0,5890048,0,2043,10.9951,2038,2,0x641ef1dc9c,0,0,0,5,176,2043,10.9951,2038,5,176
93000,2048,0,0,0,5951488,0,5953536,0,2048,11.0000,2048,1,0x3678433bea,49,1841,0,0,176,2048,11.0000,2048,0,176
94000,2048,0,0,0,6014976,0,6017024,0,2048,11.0000,2048,1,0x4081baa469,48,1840,0,0,176,2048,11.0000,2048,0,176
95000,2048,0,0,0,6078464,0,6080512,0,2046,10.9980,2044,2,0x3ef6ec56b0,62,1857,0,2,178,2046,10.9980,2044,2,178
96000,2048,0,0,0,6144000,0,6146048,0,2048,11.0000,2048,1,0x4f896e87d8,0,0,0,0,178,2048,11.0000,2048,0,178
97000,2048,0,0,0,6207488,0,6209536,0,2043,10.9951,2038,2,0x0113719b21,50,1853,0,5,183,2043,10.9951,2038,5,183
98000,2048,0,0,0,6270976,0,6273024,0,2047,10.9990,2046,2,0x32107ac35c,65,1827,0,1,184,2047,10.9990,2046,1,184
99000,2048,0,0,0,6334464,0,6336512,0,2045,10.9971,2042,2,0x2205cc4342,66,1863,0,3,187,2045,10.9971,2042,3,187
100000,2048,0,0,0,6400000,0,6402048,0,2047,10.9990,2046,2,0x4035b0109d,0,0,0,1,188,2047,10.9990,2046,1,188
101000,2048,0,0,0,6463488,0,6465536,0,2045,10.9971,2042,2,0x4b358d1dce,76,1854,0,3,191,2045,10.9971,2042,3,191
102000,2048,0,0,0,6526976,0,6529024,0,2045,10.9971,2042,2,0x8010840d2d,59,1863,0,3,194,2045,10.9971,2042,3,194
103000,2048,0,0,0,6590464,0,6592512,0,2046,10.9980,2044,2,0x9446785082,72,1866,0,2,196,2046,10.9980,2044,2,196
104000,2048,0,0,0,6656000,0,6658048,0,2046,10.9980,2044,2,0xe2ffa300e7,0,0,0,2,198,2046,10.9980,2044,2,198
105000,2048,0,0,0,6719488,0,6721536,0,2046,10.9980,2044,2,0xcae5cd2d89,65,1862,0,2,200,2046,10.9980,2044,2,200
106000,2048,0,0,0,6782976,0,6785024,0,2047,10.9990,2046,2,0x754c4e94e3,65,1848,0,1,201,2047,10.9990,2046,1,201
107000,2048,0,0,0,6846464,0,6848512,0,2047,10.9990,2046,2,0x3da8e6e084,70,1834,0,1,202,2047,10.9990,2046,1,202
108000,2048,0,0,0,6912000,0,6914048,0,2046,10.9980,2044,2,0x11cb532733,0,0,0,2,204,2046,10.9980,2044,2,204
109000,2048,0,0,0,6975488,0,6977536,0,2045,10.9971,2042,2,0xc44c26d224,57,1844,0,3,207,2045,10.9971,2042,3,207
110000,2048,0,0,0,7038976,0,7041024,0,2047,10.9990,2046,2,0xa54ad8081e,64,1844,0,1,208,2047,10.9990,2046,1,208
111000,2048,0,0,0,7102464,0,7104512,0,2048,11.0000,2048,1,0x90a8577fa7,66,1854,0,0,208,2048,11.0000,2048,0,208
112000,2048,0,0,0,7168000,0,7170048,0,2047,10.9990,2046,2,0x8047dc6b76,0,0,0,1,209,2047,10.9990,2046,1,209
113000,2048,0,0,0,7231488,0,7233536,0,2048,11.0000,2048,1,0xa263764dc9,64,1864,0,0,209,2048,11.0000,2048,0,209
114000,2048,0,0,0,7294976,0,7297024,0,2047,10.9990,2046,2,0x4aacbc36a3,66,1852,0,1,210,2047,10.9990,2046,1,210
115000,2048,0,0,0,7358464,0,7360512,0,2045,10.9971,2042,2,0x1c3f6044ac,69,1844,0,3,213,2045,10.9971,2042,3,213
116000,2048,0,0,0,7424000,0,7426048,0,2046,10.9980,2044,2,0x59e734af97,0,0,0,2,215,2046,10.9980,2044,2,215
117000,2048,0,0,0,7487488,0,7489536,0,2045,10.9971,2042,2,0x6e5bd0e8db,55,1829,0,3,218,2045,10.9971,2042,3,218
118000,2048,0,0,0,7550976,0,7553024,0,2044,10.9961,2040,2,0x81c2bf1ddc,61,1819,0,4,222,2044,10.9961,2040,4,222
119000,2048,0,0,0,7614464,0,7616512,0,2046,10.9980,2044,2,0x7d21ea68b2,70,1821,0,2,224,2046,10.9980,2044,2,224
120000,2048,0,0,0,7680000,0,7682048,0,2048,11.0000,2048,1,0x92a9502854,0,0,0,0,224,2048,11.0000,2048,0,224
121000,2048,0,0,0,7743488,0,7745536,0,2045,10.9971,2042,2,0xcc0dc92d45,50,1825,0,3,227,2045,10.9971,2042,3,227
122000,2048,0,0,0,7806976,0,7809024,0,2046,10.9980,2044,2,0xadb8f8348d,76,1825,0,2,229,2046,10.9980,2044,2,229
123000,2048,0,0,0,7870464,0,7872512,0,2045,10.9971,2042,2,0xa42ab595f5,73,1853,0,3,232,2045,10.9971,2042,3,232
124000,2048,0,0,0,7936000,0,7938048,0,2047,10.9990,2046,2,0x5e4e5a38eb,0,0,0,1,233,2047,10.9990,2046,1,233
125000,2048,0,0,0,7999488,0,8001536,0,2045,10.9971,2042,2,0x04a91d8d7f,53,1883,0,3,236,2045,10.9971,2042,3,236
126000,2048,0,0,0,8062976,0,8065024,0,2045,10.9971,2042,2,0x819b7b498e,66,1851,0,3,239,2045,10.9971,2042,3,239
127000,2048,0,0,0,8126464,0,8128512,0,2047,10.9990,2046,2,0xc6a0e922c3,75,1842,0,1,240,2047,10.9990,2046,1,240
128000,2048,0,0,0,8192000,0,8194048,0,2045,10.9971,2042,2,0x778627722a,0,0,0,3,243,2045,10.9971,2042,3,243
129000,2048,0,0,0,8255488,0,8257536,0,2045,10.9971,2042,2,0x23ba4efd56,61,1849,0,3,246,2045,10.9971,2042,3,246
130000,2048,0,0,0,8318976,0,8321024,0,2047,10.9990,2046,2,0xbc189b0186,63,1851,0,1,247,2047,10.9990,2046,1,247
131000,2048,0,0,0,8382464,0,8384512,0,2044,10.9961,2040,2,0xb0e20607e6,70,1858,0,4,251,2044,10.9961,2040,4,251
132000,2048,0,0,0,8448000,0,8450048,0,2047,10.9990,2046,2,0xcac66441c9,0,0,0,1,252,2047,10.9990,2046,1,252
133000,2048,0,0,0,8511488,0,8513536,0,2046,10.9980,2044,2,0xfc590c7a56,77,1857,0,2,254,2046,10.9980,2044,2,254
134000,2048,0,0,0,8574976,0,8577024,0,2048,11.0000,2048,1,0xc5f393ac32,64,1848,0,0,254,2048,11.0000,2048,0,254
135000,2048,0,0,0,8638464,0,8640512,0,2044,10.9961,2040,2,0xd2daffd46b,64,1861,0,4,258,2044,10.9961,2040,4,258
136000,2048,0,0,0,8704000,0,8706048,0,2045,10.9971,2042,2,0x5273d65366,0,0,0,3,261,2045,10.9971,2042,3,261
137000,2048,0,0,0,8767488,0,8769536,0,2048,11.0000,2048,1,0xb169a2dc71,59,1844,0,0,261,2048,11.0000,2048,0,261
138000,2048,0,0,0,8830976,0,8833024,0,2045,10.9971,2042,2,0xbfeb9ecdc4,71,1839,0,3,264,2045,10.9971,2042,3,264
139000,2048,0,0,0,8894464,0,8896512,0,2047,10.9990,2046,2,0xd4ab000e09,61,1865,0,1,265,2047,10.9990,2046,1,265
140000,2048,0,0,0,8960000,0,8962048,0,2045,10.9971,2042,2,0xc160e5b873,0,0,0,3,268,2045,10.9971,2042,3,268
141000,2048,0,0,0,9023488,0,9025536,0,2047,10.9990,2046,2,0xba1b8866fd,71,1834,0,1,269,2047,10.9990,2046,1,269
142000,2048,0,0,0,9086976,0,9089024,0,2042,10.9941,2036,2,0x6cdc0f71cd,60,1847,0,6,275,2042,10.9941,2036,6,275
143000,2048,0,0,0,9150464,0,9152512,0,2047,10.9990,2046,2,0xea692fdf7c,68,1839,0,1,276,2047,10.9990,2046,1,276
144000,2048,0,0,0,9216000,0,9218048,0,2048,11.0000,2048,1,0x2c75d994bc,0,0,0,0,276,2048,11.0000,2048,0,276
145000,2048,0,0,0,9279488,0,9281536,0,2046,10.9980,2044,2,0x12c9f9ca6d,66,1869,0,2,278,2046,10.9980,2044,2,278
146000,2048,0,0,0,9342976,0,9345024,0,2044,10.9961,2040,2,0x5c9e4f117a,68,1851,0,4,282,2044,10.9961,2040,4,282
147000,2048,0,0,0,9406464,0,9408512,0,2045,10.9971,2042,2,0xf3bfc0768d,55,1838,0,3,285,2045,10.9971,2042,3,285
148000,2048,0,0,0,9472000,0,9474048,0,2046,10.9980,2044,2,0x23358527ac,0,0,0,2,287,2046,10.9980,2044,2,287
149000,2048,0,0,0,9535488,0,9537536,0,2042,10.9941,2036,2,0xb5ea462d81,55,1853,0,6,293,2042,10.9941,2036,6,293
150000,2048,0,0,0,9598976,0,9601024,0,2044,10.9961,2040,2,0x5a9b4243b2,70,1834,0,4,297,2044,10.9961,2040,4,297
151000,2048,0,0,0,9662464,0,9664512,0,2046,10.9980,2044,2,0x5047287203,66,1865,0,2,299,2046,10.9980,2044,2,299
152000,2048,0,0,0,9728000,0,9730048,0,2048,11.0000,2048,1,0x5c7aac3fbb,0,0,0,0,299,2048,11.0000,2048,0,299
153000,2048,0,0,0,9791488,0,9793536,0,2044,10.9961,2040,2,0x8335ecdc55,64,1853,0,4,303,2044,10.9961,2040,4,303
154000,2048,0,0,0,9854976,0,9857024,0,2048,11.0000,2048,1,0xe18a867839,60,1858,0,0,303,2048,11.0000,2048,0,303
155000,2048,0,0,0,9918464,0,9920512,0,2046,10.9980,2044,2,0xfc69d7721b,73,1859,0,2,305,2046,10.9980,2044,2,305
156000,2048,0,0,0,9984000,0,9986048,0,2047,10.9990,2046,2,0x7ef3d0c035,0,0,0,1,306,2047,10.9990,2046,1,306
157000,2048,0,0,0,10047488,0,10049536,0,2045,10.9971,2042,2,0x9279ab83ec,64,1854,0,3,309,2045,10.9971,2042,3,309
158000,2048,0,0,0,10110976,0,10113024,0,2046,10.9980,2044,2,0x41df0c4b2c,60,1865,0,2,311,2046,10.9980,2044,2,311
159000,2048,0,0,0,10174464,0,10176512,0,2044,10.9961,2040,2,0xadc1e2e133,67,1848,0,4,315,2044,10.9961,2040,4,315
160000,2048,0,0,0,10240000,0,10242048,0,2045,10.9971,2042,2,0xf46b1610a9,0,0,0,3,318,2045,10.9971,2042,3,318
161000,2048,0,0,0,10303488,0,10305536,0,2046,10.9980,2044,2,0x7270546777,69,1820,0,2,320,2046,10.9980,2044,2,320
162000,2048,0,0,0,10366976,0,10369024,0,2048,11.0000,2048,1,0xf0c9c49788,51,1861,0,0,320,2048,11.0000,2048,0,320
163000,2048,0,0,0,10430464,0,10432512,0,2045,10.9971,2042,2,0x24fd5aa7aa,66,1860,0,3,323,2045,10.9971,2042,3,323
164000,2048,0,0,0,10496000,0,10498048,0,2047,10.9990,2046,2,0x8529916893,0,0,0,1,324,2047,10.9990,2046,1,324
165000,2048,0,0,0,10559488,0,10561536,0,2047,10.9990,2046,2,0x50ab5ab555,58,1862,0,1,325,2047,10.9990,2046,1,325
166000,2048,0,0,0,10622976,0,10625024,0,2046,10.9980,2044,2,0x2d382c541e,64,1846,0,2,327,2046,10.9980,2044,2,327
167000,2048,0,0,0,10686464,0,10688512,0,2047,10.9990,2046,2,0x3a276a3486,49,1846,0,1,328,2047,10.9990,2046,1,328
168000,2048,0,0,0,10752000,0,10754048,0,2043,10.9951,2038,2,0x119d515c2e,0,0,0,5,333,2043,10.9951,2038,5,333
169000,2048,0,0,0,10815488,0,10817536,0,2045,10.9971,2042,2,0xb966ddb2b4,59,1834,0,3,336,2045,10.9971,2042,3,336
170000,2048,0,0,0,10878976,0,10881024,0,2047,10.9990,2046,2,0xb9d796d108,92,1837,0,1,337,2047,10.9990,2046,1,337
171000,2048,0,0,0,10942464,0,10944512,0,2046,10.9980,2044,2,0x6dbda6dcf9,78,1822,0,2,339,2046,10.9980,2044,2,339
172000,2048,0,0,0,11008000,0,11010048,0,2044,10.9961,2040,2,0x5bbe217e70,0,0,0,4,343,2044,10.9961,2040,4,343
173000,2048,0,0,0,11071488,0,11073536,0,2046,10.9980,2044,2,0x70a67e0884,61,1834,0,2,345,2046,10.9980,2044,2,345
174000,2048,0,0,0,11134976,0,11137024,0,2045,10.9971,2042,2,0x696846e076,59,1842,0,3,348,2045,10.9971,2042,3,348
175000,2048,0,0,0,11198464,0,11200512,0,2048,11.0000,2048,1,0xa3ab6c1e76,58,1857,0,0,348,2048,11.0000,2048,0,348
176000,2048,0,0,0,11264000,0,11266048,0,2046,10.9980,2044,2,0xe202c474a6,0,0,0,2,350,2046,10.9980,2044,2,350
177000,2048,0,0,0,11327488,0,11329536,0,2044,10.9961,2040,2,0x13cc75134d,72,1839,0,4,354,2044,10.9961,2040,4,354
178000,2048,0,0,0,11390976,0,11393024,0,2046,10.9980,2044,2,0x4a36c58462,53,1831,0,2,356,2046,10.9980,2044,2,356
179000,2048,0,0,0,11454464,0,11456512,0,2046,10.9980,2044,2,0x946154f8fb,51,1829,0,2,358,2046,10.9980,2044,2,358
180000,2048,0,0,0,11520000,0,11522048,0,2043,10.9951,2038,2,0xde8cda30a4,0,0,0,5,363,2043,10.9951,2038,5,363
181000,2048,0,0,0,11583488,0,11585536,0,2048,11.0000,2048,1,0x98e03e19e9,72,1845,0,0,363,2048,11.0000,2048,0,363
182000,2048,0,0,0,11646976,0,11649024,0,2046,10.9980,2044,2,0x2ea1a76c5c,57,1855,0,2,365,2046,10.9980,2044,2,365
183000,2048,0,0,0,11710464,0,11712512,0,2041,10.9932,2034,2,0x449ecf609c,59,1853,0,7,372,2041,10.9932,2034,7,372
184000,2048,0,0,0,11776000,0,11778048,0,2045,10.9971,2042,2,0x728c3196ae,0,0,0,3,375,2045,10.9971,2042,3,375
185000,2048,0,0,0,11839488,0,11841536,0,2047,10.9990,2046,2,0x9754b84e5d,71,1833,0,1,376,2047,10.9990,2046,1,376
186000,2048,0,0,0,11902976,0,11905024,0,2045,10.9971,2042,2,0x30afc93638,44,1869,0,3,379,2045,10.9971,2042,3,379
187000,2048,0,0,0,11966464,0,11968512,0,2046,10.9980,2044,2,0x8b9a81f603,80,1847,0,2,381,2046,10.9980,2044,2,381
188000,2048,0,0,0,12032000,0,12034048,0,2043,10.9951,2038,2,0xc9e9fd87ce,0,0,0,5,386,2043,10.9951,2038,5,386
189000,2048,0,0,0,12095488,0,12097536,0,2044,10.9961,2040,2,0x3d127ba684,69,1849,0,4,390,2044,10.9961,2040,4,390
190000,2048,0,0,0,12158976,0,12161024,0,2046,10.9980,2044,2,0x5fc7b65d9f,54,1833,0,2,392,2046,10.9980,2044,2,392
191000,2048,0,0,0,12222464,0,12224512,0,2045,10.9971,2042,2,0x29fb4227a3,68,1838,0,3,395,2045,10.9971,2042,3,395
192000,2048,0,0,0,12288000,0,12290048,0,2045,10.9971,2042,2,0x736e01130f,0,0,0,3,398,2045,10.9971,2042,3,398
193000,2048,0,0,0,12351488,0,12353536,0,2046,10.9980,2044,2,0xf0a01c6c40,70,1848,0,2,400,2046,10.9980,2044,2,400
194000,2048,0,0,0,12414976,0,12417024,0,2046,10.9980,2044,2,0x4c281d7a5f,60,1849,0,2,402,2046,10.9980,2044,2,402
195000,2048,0,0,0,12478464,0,12480512,0,2046,10.9980,2044,2,0xb2e7d5e47f,54,1836,0,2,404,2046,10.9980,2044,2,404
196000,2048,0,0,0,12544000,0,12546048,0,2045,10.9971,2042,2,0xdc42a1a305,0,0,0,3,407,2045,10.9971,2042,3,407
197000,2048,0,0,0,12607488,0,12609536,0,2044,10.9961,2040,2,0x26d74b996d,68,1849,0,4,411,2044,10.9961,2040,4,411
198000,2048,0,0,0,12670976,0,12673024,0,2048,11.0000,2048,1,0x16b4e60eda,69,1843,0,0,411,2048,11.0000,2048,0,411
199000,2048,0,0,0,12734464,0,12736512,0,2044,10.9961,2040,2,0x70f8fb500b,65,1855,0,4,415,2044,10.9961,2040,4,415
200000,2048,0,0,0,12800000,0,12802048,0,2046,10.9980,2044,2,0x960c9c6928,0,0,0,2,417,2046,10.9980,2044,2,417
201000,2048,0,0,0,12863488,0,12865536,0,2045,10.9971,2042,2,0xa0531ea929,73,1840,0,3,420,2045,10.9971,2042,3,420
202000,2048,0,0,0,12926976,0,12929024,0,2046,10.9980,2044,2,0x059ccede52,69,1845,0,2,422,2046,10.9980,2044,2,422
203000,2048,0,0,0,12990464,0,12992512,0,2045,10.9971,2042,2,0xa3fce78546,67,1855,0,3,425,2045,10.9971,2042,3,425
204000,2048,0,0,0,13056000,0,13058048,0,2045,10.9971,2042,2,0x0c4bb696ad,0,0,0,3,428,2045,10.9971,2042,3,428
205000,2048,0,0,0,13119488,0,13121536,0,2046,10.9980,2044,2,0xdc79731dd6,64,1849,0,2,430,2046,10.9980,2044,2,430
206000,2048,0,0,0,13182976,0,13185024,0,2048,11.0000,2048,1,0x65e8596af0,80,1848,0,0,430,2048,11.0000,2048,0,430
207000,2048,0,0,0,13246464,0,13248512,0,2046,10.9980,2044,2,0xb60e26a6d8,53,1825,0,2,432,2046,10.9980,2044,2,432
208000,2048,0,0,0,13312000,0,13314048,0,2045,10.9971,2042,2,0xabb364650f,0,0,0,3,435,2045,10.9971,2042,3,435
209000,2048,0,0,0,13375488,0,13377536,0,2045,10.9971,2042,2,0x0e07958ed7,59,1849,0,3,438,2045,10.9971,2042,3,438
210000,2048,0,0,0,13438976,0,13441024,0,2046,10.9980,2044,2,0x830860ee7e,63,1882,0,2,440,2046,10.9980,2044,2,440
211000,2048,0,0,0,13502464,0,13504512,0,2046,10.9980,2044,2,0xa6d59433a2,73,1870,0,2,442,2046,10.9980,2044,2,442
212000,2048,0,0,0,13568000,0,13570048,0,2044,10.9961,2040,2,0x612e903132,0,0,0,4,446,2044,10.9961,2040,4,446
213000,2048,0,0,0,13631488,0,13633536,0,2045,10.9971,2042,2,0x368bb71c14,58,1842,0,3,449,2045,10.9971,2042,3,449
214000,2048,0,0,0,13694976,0,13697024,0,2047,10.9990,2046,2,0xa957cff6bb,62,1849,0,1,450,2047,10.9990,2046,1,450
215000,2048,0,0,0,13758464,0,13760512,0,2047,10.9990,2046,2,0x1a07bc1238,61,1820,0,1,451,2047,10.9990,2046,1,451
216000,2048,0,0,0,13824000,0,13826048,0,2048,11.0000,2048,1,0x7818e317dc,0,0,0,0,451,2048,11.0000,2048,0,451
217000,2048,0,0,0,13887488,0,13889536,0,2045,10.9971,2042,2,0x359be9d7aa,56,1823,0,3,454,2045,10.9971,2042,3,454
218000,2048,0,0,0,13950976,0,13953024,0,2044,10.9957,2041,3,0x43f1d801c4,58,1851,0,3,457,2044,10.9957,2041,3,457
219000,2048,0,0,0,14014464,0,14016512,0,2043,10.9951,2038,2,0xd59073fe9c,68,1858,0,5,462,2043,10.9951,2038,5,462
220000,2048,0,0,0,14080000,0,14082048,0,2046,10.9980,2044,2,0x931ebf303c,0,0,0,2,464,2046,10.9980,2044,2,464
221000,2048,0,0,0,14143488,0,14145536,0,2046,10.9980,2044,2,0x3c379ee317,61,1814,0,2,466,2046,10.9980,2044,2,466
222000,2048,0,0,0,14206976,0,14209024,0,2045,10.9971,2042,2,0x301fe1d538,92,1835,0,3,469,2045,10.9971,2042,3,469
223000,2048,0,0,0,14270464,0,14272512,0,2046,10.9980,2044,2,0x729075da5b,56,1863,0,2,471,2046,10.9980,2044,2,471
224000,2048,0,0,0,14336000,0,14338048,0,2044,10.9961,2040,2,0x64bc82736a,0,0,0,4,475,2044,10.9961,2040,4,475
225000,2048,0,0,0,14399488,0,14401536,0,2047,10.9990,2046,2,0x644c733abe,71,1819,0,1,476,2047,10.9990,2046,1,476
226000,2048,0,0,0,14462976,0,14465024,0,2046,10.9980,2044,2,0x30756bdc89,79,1845,0,2,478,2046,10.9980,2044,2,478
227000,2048,0,0,0,14526464,0,14528512,0,2046,10.9980,2044,2,0x27edfd18e1,86,1849,0,2,480,2046,10.9980,2044,2,480
228000,2048,0,0,0,14592000,0,14594048,0,2046,10.9980,2044,2,0x87acdbdcb5,0,0,0,2,482,2046,10.9980,2044,2,482
229000,2048,0,0,0,14655488,0,14657536,0,2047,10.9990,2046,2,0x56bec755e0,52,1851,0,1,483,2047,10.9990,2046,1,483
230000,2048,0,0,0,14718976,0,14721024,0,2047,10.9990,2046,2,0x47ac6b42e1,66,1832,0,1,484,2047,10.9990,2046,1,484
231000,2048,0,0,0,14782464,0,14784512,0,2048,11.0000,2048,1,0x6347e6ac66,64,1846,0,0,484,2048,11.0000,2048,0,484
232000,2048,0,0,0,14848000,0,14850048,0,2047,10.9990,2046,2,0xd4ced279a0,0,0,0,1,485,2047,10.9990,2046,1,485
233000,2048,0,0,0,14911488,0,14913536,0,2046,10.9980,2044,2,0x0b194a928e,59,1867,0,2,487,2046,10.9980,2044,2,487
234000,2048,0,0,0,14974976,0,14977024,0,2047,10.9990,2046,2,0xabf7f4bc98,58,1863,0,1,488,2047,10.9990,2046,1,488
235000,2048,0,0,0,15038464,0,15040512,0,2047,10.9990,2046,2,0x594aa4418f,62,1825,0,1,489,2047,10.9990,2046,1,489
236000,2048,0,0,0,15104000,0,15106048,0,2047,10.9990,2046,2,0x8aa40c709f,0,0,0,1,490,2047,10.9990,2046,1,490
237000,2048,0,0,0,15167488,0,15169536,0,2046,10.9980,2044,2,0x5a93ca5307,55,1869,0,2,492,2046,10.9980,2044,2,492
238000,2048,0,0,0,15230976,0,15233024,0,2045,10.9971,2042,2,0x3593dec5b8,51,1830,0,3,495,2045,10.9971,2042,3,495
239000,2048,0,0,0,15294464,0,15296512,0,2046,10.9980,2044,2,0xec0b89fd12,66,1853,0,2,497,2046,10.9980,2044,2,497
240000,2048,0,0,0,15360000,0,15362048,0,2046,10.9980,2044,2,0x6225a4a77e,0,0,0,2,499,2046,10.9980,2044,2,499
241000,2048,0,0,0,15423488,0,15425536,0,2045,10.9971,2042,2,0xbbdf9db8dc,60,1846,0,3,502,2045,10.9971,2042,3,502
242000,2048,0,0,0,15486976,0,15489024,0,2048,11.0000,2048,1,0xb58e944ebf,55,1848,0,0,502,2048,11.0000,2048,0,502
243000,2048,0,0,0,15550464,0,15552512,0,2046,10.9980,2044,2,0xd18f636209,57,1853,0,2,504,2046,10.9980,2044,2,504
244000,2048,0,0,0,15616000,0,15618048,0,2045,10.9971,2042,2,0x5c228ac7d7,0,0,0,3,507,2045,10.9971,2042,3,507
245000,2048,0,0,0,15679488,0,15681536,0,2046,10.9980,2044,2,0xdfa12b4201,59,1868,0,2,509,2046,10.9980,2044,2,509
246000,2048,0,0,0,15742976,0,15745024,0,2046,10.9980,2044,2,0x506af765c4,58,1887,0,2,511,2046,10.9980,2044,2,511
247000,2048,0,0,0,15806464,0,15808512,0,2047,10.9990,2046,2,0x29d8954baf,64,1829,0,1,512,2047,10.9990,2046,1,512
248000,2048,0,0,0,15872000,0,15874048,0,2047,10.9990,2046,2,0x2f58fb5097,0,0,0,1,513,2047,10.9990,2046,1,513
249000,2048,0,0,0,15935488,0,15937536,0,2045,10.9971,2042,2,0x78fa0e8209,57,1845,0,3,516,2045,10.9971,2042,3,516
250000,2048,0,0,0,15998976,0,16001024,0,2047,10.9990,2046,2,0xb0a1ab968a,62,1861,0,1,517,2047,10.9990,2046,1,517
251000,2048,0,0,0,16062464,0,16064512,0,2047,10.9990,2046,2,0xdd06b4746c,58,1860,0,1,518,2047,10.9990,2046,1,518
252000,2048,0,0,0,16128000,0,16130048,0,2048,11.0000,2048,1,0x811898f8a2,0,0,0,0,518,2048,11.0000,2048,0,518
253000,2048,0,0,0,16191488,0,16193536,0,2047,10.9990,2046,2,0x7ad994cdc1,60,1866,0,1,519,2047,10.9990,2046,1,519
254000,2048,0,0,0,16254976,0,16257024,0,2046,10.9980,2044,2,0x0cdea6cf05,66,1824,0,2,521,2046,10.9980,2044,2,521
255000,2048,0,0,0,16318464,0,16320512,0,2046,10.9980,2044,2,0xb38fc23c44,60,1848,0,2,523,2046,10.9980,2044,2,523
256000,2048,0,0,0,16384000,0,16386048,0,2045,10.9971,2042,2,0x760fcf41f9,0,0,0,3,526,2045,10.9971,2042,3,526
257000,2048,0,0,0,16447488,0,16449536,0,2045,10.9971,2042,2,0x08eac20d35,49,1871,0,3,529,2045,10.9971,2042,3,529
258000,2048,0,0,0,16510976,0,16513024,0,2048,11.0000,2048,1,0x6286607c03,63,1856,0,0,529,2048,11.0000,2048,0,529
259000,2048,0,0,0,16574464,0,16576512,0,2048,11.0000,2048,1,0xc2d6701e7a,69,1858,0,0,529,2048,11.0000,2048,0,529
260000,2048,0,0,0,16640000,0,16642048,0,2046,10.9980,2044,2,0xa8d2c475fa,0,0,0,2,531,2046,10.9980,2044,2,531
261000,2048,0,0,0,16703488,0,16705536,0,2047,10.9990,2046,2,0x3e1f0cb43f,75,1815,0,1,532,2047,10.9990,2046,1,532
262000,2048,0,0,0,16766976,0,16769024,0,2047,10.9990,2046,2,0x72520a4141,74,1847,0,1,533,2047,10.9990,2046,1,533
263000,2048,0,0,0,16830464,0,16832512,0,2044,10.9961,2040,2,0x93b585557b,70,1861,0,4,537,2044,10.9961,2040,4,537
264000,2048,0,0,0,16896000,0,16898048,0,2048,11.0000,2048,1,0xe82c637546,0,0,0,0,537,2048,11.0000,2048,0,537
265000,2048,0,0,0,16959488,0,16961536,0,2046,10.9980,2044,2,0x6d33f8a6c9,68,1827,0,2,539,2046,10.9980,2044,2,539
266000,2048,0,0,0,17022976,0,17025024,0,2046,10.9980,2044,2,0xf130bf4297,61,1834,0,2,541,2046,10.9980,2044,2,541
267000,2048,0,0,0,17086464,0,17088512,0,2048,11.0000,2048,1,0xda1cd7e51a,55,1848,0,0,541,2048,11.0000,2048,0,541
268000,2048,0,0,0,17152000,0,17154048,0,2047,10.9990,2046,2,0x72baab1868,0,0,0,1,542,2047,10.9990,2046,1,542
269000,2048,0,0,0,17215488,0,17217536,0,2046,10.9980,2044,2,0xa3db52d600,74,1851,0,2,544,2046,10.9980,2044,2,544
270000,2048,0,0,0,17278976,0,17281024,0,2045,10.9971,2042,2,0x0565d29e19,72,1851,0,3,547,2045,10.9971,2042,3,547
271000,2048,0,0,0,17342464,0,17344512,0,2046,10.9980,2044,2,0xcc3d5ad560,70,1844,0,2,549,2046,10.9980,2044,2,549
272000,2048,0,0,0,17408000,0,17410048,0,2047,10.9990,2046,2,0x7b5df99686,0,0,0,1,550,2047,10.9990,2046,1,550
273000,2048,0,0,0,17471488,0,17473536,0,2045,10.9971,2042,2,0xe79756fe13,58,1848,0,3,553,2045,10.9971,2042,3,553
274000,2048,0,0,0,17534976,0,17537024,0,2045,10.9971,2042,2,0x457467a72d,67,1857,0,3,556,2045,10.9971,2042,3,556
275000,2048,0,0,0,17598464,0,17600512,0,2045,10.9971,2042,2,0x24cefea223,68,1847,0,3,559,2045,10.9971,2042,3,559
276000,2048,0,0,0,17664000,0,17666048,0,2046,10.9980,2044,2,0xf63150ced0,0,0,0,2,561,2046,10.9980,2044,2,561
277000,2048,0,0,0,17727488,0,17729536,0,2048,11.0000,2048,1,0x1b879716f0,53,1826,0,0,561,2048,11.0000,2048,0,561
278000,2048,0,0,0,17790976,0,17793024,0,2045,10.9971,2042,2,0x2fce9e0b19,61,1870,0,3,564,2045,10.9971,2042,3,564
279000,2048,0,0,0,17854464,0,17856512,0,2045,10.9971,2042,2,0x4e0aa4210d,72,1824,0,3,567,2045,10.9971,2042,3,567
280000,2048,0,0,0,17920000,0,17922048,0,2045,10.9971,2042,2,0xffe03f9910,0,0,0,3,570,2045,10.9971,2042,3,570
281000,2048,0,0,0,17983488,0,17985536,0,2045,10.9971,2042,2,0x624dd2d44f,75,1831,0,3,573,2045,10.9971,2042,3,573
282000,2048,0,0,0,18046976,0,18049024,0,2046,10.9980,2044,2,0xffe34f333e,65,1838,0,2,575,2046,10.9980,2044,2,575
283000,2048,0,0,0,18110464,0,18112512,0,2043,10.9951,2038,2,0x66d06ec9e8,69,1817,0,5,580,2043,10.9951,2038,5,580
284000,2048,0,0,0,18176000,0,18178048,0,2045,10.9971,2042,2,0xb9ec7be5fa,0,0,0,3,583,2045,10.9971,2042,3,583
285000,2048,0,0,0,18239488,0,18241536,0,2046,10.9980,2044,2,0x738ef46831,62,1838,0,2,585,2046,10.9980,2044,2,585
286000,2048,0,0,0,18302976,0,18305024,0,2046,10.9980,2044,2,0x20a9354f14,50,1856,0,2,587,2046,10.9980,2044,2,587
287000,2048,0,0,0,18366464,0,18368512,0,2045,10.9971,2042,2,0x1bebd194bb,64,1828,0,3,590,2045,10.9971,2042,3,590
288000,2048,0,0,0,18432000,0,18434048,0,2047,10.9990,2046,2,0x3d039e4d47,0,0,0,1,591,2047,10.9990,2046,1,591
289000,2048,0,0,0,18495488,0,18497536,0,2046,10.9980,2044,2,0x0883b11926,73,1859,0,2,593,2046,10.9980,2044,2,593
290000,2048,0,0,0,18558976,0,18561024,0,2047,10.9990,2046,2,0x4179fcad74,72,1862,0,1,594,2047,10.9990,2046,1,594
291000,2048,0,0,0,18622464,0,18624512,0,2045,10.9971,2042,2,0xa56f4c09a4,76,1847,0,3,597,2045,10.9971,2042,3,597
292000,2048,0,0,0,18688000,0,18690048,0,2047,10.9990,2046,2,0x45b6b33fd3,0,0,0,1,598,2047,10.9990,2046,1,598
293000,2048,0,0,0,18751488,0,18753536,0,2047,10.9990,2046,2,0x74f1b052d0,74,1848,0,1,599,2047,10.9990,2046,1,599
294000,2048,0,0,0,18814976,0,18817024,0,2046,10.9980,2044,2,0x125e410e1b,49,1837,0,2,601,2046,10.9980,2044,2,601
295000,2048,0,0,0,18878464,0,18880512,0,2046,10.9980,2044,2,0xe50c25313c,65,1881,0,2,603,2046,10.9980,2044,2,603
296000,2048,0,0,0,18944000,0,18946048,0,2046,10.9980,2044,2,0x332c8e242e,0,0,0,2,605,2046,10.9980,2044,2,605
297000,2048,0,0,0,19007488,0,19009536,0,2047,10.9990,2046,2,0xa6dfc54e89,63,1853,0,1,606,2047,10.9990,2046,1,606
298000,2048,0,0,0,19070976,0,19073024,0,2046,10.9980,2044,2,0x09f76e5b43,61,1846,0,2,608,2046,10.9980,2044,2,608
299000,2048,0,0,0,19134464,0,19136512,0,2046,10.9980,2044,2,0x2aa0f69689,56,1835,0,2,610,2046,10.9980,2044,2,610
300000,2048,0,0,0,19200000,0,19202048,0,2047,10.9990,2046,2,0xe1b4eb3b2b,0,0,0,1,611,2047,10.9990,2046,1,611
301000,2048,0,0,0,19263488,0,19265536,0,2048,11.0000,2048,1,0xf3221f1ecf,53,1830,0,0,611,2048,11.0000,2048,0,611
302000,2048,0,0,0,19326976,0,19329024,0,2046,10.9980,2044,2,0xa48c16428d,54,1845,0,2,613,2046,10.9980,2044,2,613
303000,2048,0,0,0,19390464,0,19392512,0,2047,10.9990,2046,2,0xa98a0b5256,69,1863,0,1,614,2047,10.9990,2046,1,614
304000,2048,0,0,0,19456000,0,19458048,0,2046,10.9980,2044,2,0x6ebf4673c6,0,0,0,2,616,2046,10.9980,2044,2,616
305000,2048,0,0,0,19519488,0,19521536,0,2046,10.9980,2044,2,0xb32c247e6e,73,1865,0,2,618,2046,10.9980,2044,2,618
306000,2048,0,0,0,19582976,0,19585024,0,2047,10.9990,2046,2,0x62df78d2cf,71,1840,0,1,619,2047,10.9990,2046,1,619
307000,2048,0,0,0,19646464,0,19648512,0,2046,10.9980,2044,2,0x05c2c995e8,66,1861,0,2,621,2046,10.9980,2044,2,621
308000,2048,0,0,0,19712000,0,19714048,0,2045,10.9971,2042,2,0x966b87451a,0,0,0,3,624,2045,10.9971,2042,3,624
309000,2048,0,0,0,19775488,0,19777536,0,2047,10.9990,2046,2,0x55eb03c1a2,58,1855,0,1,625,2047,10.9990,2046,1,625
310000,2048,0,0,0,19838976,0,19841024,0,2045,10.9971,2042,2,0xcdf1c679df,58,1835,0,3,628,2045,10.9971,2042,3,628
311000,2048,0,0,0,19902464,0,19904512,0,2045,10.9971,2042,2,0xac9981bcde,63,1843,0,3,631,2045,10.9971,2042,3,631
312000,2048,0,0,0,19968000,0,19970048,0,2048,11.0000,2048,1,0x6d947b6d13,0,0,0,0,631,2048,11.0000,2048,0,631
313000,2048,0,0,0,20031488,0,20033536,0,2047,10.9990,2046,2,0x31731ab144,43,1848,0,1,632,2047,10.9990,2046,1,632
314000,2048,0,0,0,20094976,0,20097024,0,2046,10.9980,2044,2,0xbbb2cefea8,72,1838,0,2,634,2046,10.9980,2044,2,634
315000,2048,1,1,0,20158464,1,20160512,0,2043,10.9951,2038,2,0xdc1121098c,75,1873,1,5,639,2043,10.9951,2038,5,639
316000,2048,1,1,0,20223999,1,20226047,0,2047,10.9990,2046,2,0xacb32105ec,0,1,0,1,640,2047,10.9990,2046,1,640
317000,2048,1,1,0,20287488,1,20289536,0,2047,10.9990,2046,2,0xd9adf3b8e4,56,1837,0,1,641,2047,10.9990,2046,1,641
318000,2048,1,1,0,20350976,1,20353024,0,2046,10.9980,2044,2,0x5e06de9bca,59,1870,0,2,643,2046,10.9980,2044,2,643
319000,2048,1,1,0,20414464,1,20416512,0,2045,10.9971,2042,2,0x7fbbba628b,74,1841,0,3,646,2045,10.9971,2042,3,646
320000,2048,1,1,0,20479999,1,20482047,0,2048,11.0000,2048,1,0x7d7e24a0f1,0,1,0,0,646,2048,11.0000,2048,0,646
321000,2048,1,1,0,20543488,1,20545536,0,2047,10.9990,2046,2,0x14b155be56,72,1846,0,1,647,2047,10.9990,2046,1,647
322000,2048,1,1,0,20606976,1,20609024,0,2047,10.9990,2046,2,0x95d039af5a,68,1844,0,1,648,2047,10.9990,2046,1,648
323000,2048,1,1,0,20670464,1,20672512,0,2047,10.9990,2046,2,0x753e1c3587,45,1857,0,1,649,2047,10.9990,2046,1,649
324000,2048,1,1,0,20735999,1,20738047,0,2044,10.9961,2040,2,0x971ff9b9c2,0,0,0,4,653,2044,10.9961,2040,4,653
325000,2048,1,1,0,20799488,1,20801536,0,2046,10.9980,2044,2,0xe3f7e61daa,65,1846,0,2,655,2046,10.9980,2044,2,655
326000,2048,1,1,0,20862976,1,20865024,0,2045,10.9971,2042,2,0xcd43b2d8b2,57,1851,0,3,658,2045,10.9971,2042,3,658
327000,2048,1,1,0,20926464,1,20928512,0,2045,10.9971,2042,2,0x6773433c62,54,1870,0,3,661,2045,10.9971,2042,3,661
328000,2048,1,1,0,20991999,1,20994047,0,2045,10.9971,2042,2,0xf29412a2e1,0,1,0,3,664,2045,10.9971,2042,3,664
329000,2048,1,1,0,21055488,1,21057536,0,2047,10.9990,2046,2,0x4ecdc0dd4e,57,1836,0,1,665,2047,10.9990,2046,1,665
330000,2048,1,1,0,21118976,1,21121024,0,2046,10.9980,2044,2,0x0e58a2f8b8,58,1848,0,2,667,2046,10.9980,2044,2,667
331000,2048,1,1,0,21182464,1,21184512,0,2046,10.9980,2044,2,0xbfeca3660c,67,1868,0,2,669,2046,10.9980,2044,2,669
332000,2048,1,1,0,21247999,1,21250047,0,2047,10.9990,2046,2,0x92bbfe8b82,0,1,0,1,670,2047,10.9990,2046,1,670
333000,2048,1,1,0,21311488,1,21313536,0,2047,10.9990,2046,2,0x5800f2de56,72,1856,0,1,671,2047,10.9990,2046,1,671
334000,2048,1,1,0,21374976,1,21377024,0,2047,10.9990,2046,2,0xb2788579de,59,1858,0,1,672,2047,10.9990,2046,1,672
335000,2048,1,1,0,21438464,1,21440512,0,2048,11.0000,2048,1,0x31148e29f5,71,1854,0,0,672,2048,11.0000,2048,0,672
336000,2048,1,1,0,21503999,1,21506047,0,2047,10.9990,2046,2,0xecb86c989a,0,1,0,1,673,2047,10.9990,2046,1,673
337000,2048,1,1,0,21567488,1,21569536,0,2045,10.9971,2042,2,0xc958de1793,82,1844,0,3,676,2045,10.9971,2042,3,676
338000,2048,1,1,0,21630976,1,21633024,0,2046,10.9980,2044,2,0xaeeab1d5e1,57,1828,0,2,678,2046,10.9980,2044,2,678
339000,2048,1,1,0,21694464,1,21696512,0,2045,10.9971,2042,2,0xb4eea901f8,78,1832,0,3,681,2045,10.9971,2042,3,681
340000,2048,1,1,0,21759999,1,21762047,0,2046,10.9980,2044,2,0xbbb9675bc1,0,1,0,2,683,2046,10.9980,2044,2,683
341000,2048,1,1,0,21823488,1,21825536,0,2046,10.9980,2044,2,0xd487ff7b78,73,1831,0,2,685,2046,10.9980,2044,2,685
342000,2048,1,1,0,21886976,1,21889024,0,2044,10.9961,2040,2,0xcab280ca24,65,1836,0,4,689,2044,10.9961,2040,4,689
343000,2048,1,1,0,21950464,1,21952512,0,2047,10.9990,2046,2,0x6d22429979,69,1848,0,1,690,2047,10.9990,2046,1,690
344000,2048,1,1,0,22015999,1,22018047,0,2047,10.9990,2046,2,0x262d395d70,0,1,0,1,691,2047,10.9990,2046,1,691
345000,2048,1,1,0,22079488,1,22081536,0,2046,10.9980,2044,2,0xdd4e5bf3c4,53,1852,0,2,693,2046,10.9980,2044,2,693
346000,2048,1,1,0,22142976,1,22145024,0,2046,10.9980,2044,2,0xcbb917631b,55,1846,0,2,695,2046,10.9980,2044,2,695
347000,2048,1,1,0,22206464,1,22208512,0,2047,10.9990,2046,2,0x6155613c39,54,1842,0,1,696,2047,10.9990,2046,1,696
348000,2048,1,1,0,22271999,1,22274047,0,2048,11.0000,2048,1,0xed5df81abf,0,1,0,0,696,2048,11.0000,2048,0,696
349000,2048,1,1,0,22335488,1,22337536,0,2047,10.9990,2046,2,0x9aaa6f2fae,64,1843,0,1,697,2047,10.9990,2046,1,697
350000,2048,1,1,0,22398976,1,22401024,0,2045,10.9971,2042,2,0x7402612bc7,59,1827,0,3,700,2045,10.9971,2042,3,700
351000,2048,1,1,0,22462464,1,22464512,0,2043,10.9951,2038,2,0x2c707152df,71,1827,0,5,705,2043,10.9951,2038,5,705
352000,2048,1,1,0,22527999,1,22530047,0,2048,11.0000,2048,1,0xdd71e8ec93,0,1,0,0,705,2048,11.0000,2048,0,705
353000,2048,1,1,0,22591488,1,22593536,0,2046,10.9980,2044,2,0x7872660037,59,1860,0,2,707,2046,10.9980,2044,2,707
354000,2048,1,1,0,22654976,1,22657024,0,2047,10.9990,2046,2,0xbd0f5883bc,55,1853,0,1,708,2047,10.9990,2046,1,708
355000,2048,1,1,0,22718464,1,22720512,0,2045,10.9971,2042,2,0xd0442378d5,80,1858,0,3,711,2045,10.9971,2042,3,711
356000,2048,1,1,0,22783999,1,22786047,0,2046,10.9980,2044,2,0x9384bb4b47,0,1,0,2,713,2046,10.9980,2044,2,713
357000,2048,1,1,0,22847488,1,22849536,0,2047,10.9990,2046,2,0x2c531697bf,65,1842,0,1,714,2047,10.9990,2046,1,714
358000,2048,1,1,0,22910976,1,22913024,0,2047,10.9990,2046,2,0x413748ce85,59,1843,0,1,715,2047,10.9990,2046,1,715
359000,2048,1,1,0,22974464,1,22976512,0,2043,10.9951,2038,2,0x454e9fd56b,71,1843,0,5,720,2043,10.9951,2038,5,720
360000,2048,1,1,0,23039999,1,23042047,0,2046,10.9980,2044,2,0x2d0a5dd7e3,0,0,0,2,722,2046,10.9980,2044,2,722
361000,2048,1,1,0,23103488,1,23105536,0,2048,11.0000,2048,1,0xbe83330311,61,1836,0,0,722,2048,11.0000,2048,0,722
362000,2048,1,1,0,23166976,1,23169024,0,2046,10.9980,2044,2,0x26c9a1141a,87,1834,0,2,724,2046,10.9980,2044,2,724
363000,2048,1,1,0,23230464,1,23232512,0,2045,10.9971,2042,2,0xb056c827fc,56,1864,0,3,727,2045,10.9971,2042,3,727
364000,2048,1,1,0,23295999,1,23298047,0,2044,10.9961,2040,2,0xbff19943bc,0,1,0,4,731,2044,10.9961,2040,4,731
365000,2048,1,1,0,23359488,1,23361536,0,2046,10.9980,2044,2,0x7c23421a2e,60,1864,0,2,733,2046,10.9980,2044,2,733
366000,2048,1,1,0,23422976,1,23425024,0,2047,10.9990,2046,2,0x01e111644c,64,1874,0,1,734,2047,10.9990,2046,1,734
367000,2048,1,1,0,23486464,1,23488512,0,2044,10.9961,2040,2,0x95435664e6,60,1833,0,4,738,2044,10.9961,2040,4,738
368000,2048,1,1,0,23551999,1,23554047,0,2046,10.9980,2044,2,0xf891de2d35,0,1,0,2,740,2046,10.9980,2044,2,740
369000,2048,1,1,0,23615488,1,23617536,0,2047,10.9990,2046,2,0x1241de8ea2,75,1832,0,1,741,2047,10.9990,2046,1,741
370000,2048,1,1,0,23678976,1,23681024,0,2045,10.9971,2042,2,0x9edf88f383,66,1842,0,3,744,2045,10.9971,2042,3,744
371000,2048,1,1,0,23742464,1,23744512,0,2046,10.9980,2044,2,0xea28a4e821,64,1853,0,2,746,2046,10.9980,2044,2,746
372000,2048,1,1,0,23807999,1,23810047,0,2043,10.9951,2038,2,0x81341446cd,0,1,0,5,751,2043,10.9951,2038,5,751
373000,2048,1,1,0,23871488,1,23873536,0,2048,11.0000,2048,1,0x4fe21457d7,58,1826,0,0,751,2048,11.0000,2048,0,751
374000,2048,1,1,0,23934976,1,23937024,0,2048,11.0000,2048,1,0x805028d271,93,1859,0,0,751,2048,11.0000,2048,0,751
375000,2048,1,1,0,23998464,1,24000512,0,2045,10.9971,2042,2,0xce582e8dd7,79,1859,0,3,754,2045,10.9971,2042,3,754
376000,2048,1,1,0,24063999,1,24066047,0,2047,10.9990,2046,2,0xf5cadc341f,0,1,0,1,755,2047,10.9990,2046,1,755
377000,2048,1,1,0,24127488,1,24129536,0,2045,10.9971,2042,2,0xbd899ea126,65,1837,0,3,758,2045,10.9971,2042,3,758
378000,2048,1,1,0,24190976,1,24193024,0,2047,10.9990,2046,2,0x25299ad946,64,1844,0,1,759,2047,10.9990,2046,1,759
379000,2048,1,1,0,24254464,1,24256512,0,2048,11.0000,2048,1,0x45850787fe,66,1845,0,0,759,2048,11.0000,2048,0,759
380000,2048,1,1,0,24319999,1,24322047,0,2047,10.9990,2046,2,0xfeffc28173,0,1,0,1,760,2047,10.9990,2046,1,760
381000,2048,1,1,0,24383488,1,24385536,0,2043,10.9951,2038,2,0x14ce98d52c,71,1855,0,5,765,2043,10.9951,2038,5,765
382000,2048,1,1,0,24446976,1,24449024,0,2045,10.9971,2042,2,0xc34653ca9c,65,1857,0,3,768,2045,10.9971,2042,3,768
383000,2048,1,1,0,24510464,1,24512512,0,2046,10.9980,2044,2,0xdfcee1dd10,55,1854,0,2,770,2046,10.9980,2044,2,770
384000,2048,1,1,0,24575999,1,24578047,0,2047,10.9990,2046,2,0x9760b45d71,0,0,0,1,771,2047,10.9990,2046,1,771
385000,2048,1,1,0,24639488,1,24641536,0,2045,10.9971,2042,2,0x7304e05a43,68,1863,0,3,774,2045,10.9971,2042,3,774
386000,2048,1,1,0,24702976,1,24705024,0,2045,10.9971,2042,2,0xa4eeba133d,60,1871,0,3,777,2045,10.9971,2042,3,777
387000,2048,1,1,0,24766464,1,24768512,0,2046,10.9980,2044,2,0x75a9280977,66,1840,0,2,779,2046,10.9980,2044,2,779
388000,2048,1,1,0,24831999,1,24834047,0,2048,11.0000,2048,1,0x18d553507a,0,1,0,0,779,2048,11.0000,2048,0,779
389000,2048,1,1,0,24895488,1,24897536,0,2045,10.9971,2042,2,0x5839763a38,80,1850,0,3,782,2045,10.9971,2042,3,782
390000,2048,1,1,0,24958976,1,24961024,0,2046,10.9980,2044,2,0x729dd54bb5,68,1831,0,2,784,2046,10.9980,2044,2,784
391000,2048,1,1,0,25022464,1,25024512,0,2045,10.9971,2042,2,0x4ba23b0c9a,61,1849,0,3,787,2045,10.9971,2042,3,787
392000,2048,1,1,0,25087999,1,25090047,0,2045,10.9971,2042,2,0x0c4b49b137,0,1,0,3,790,2045,10.9971,2042,3,790
393000,2048,1,1,0,25151488,1,25153536,0,2046,10.9980,2044,2,0x8a312e39ac,66,1831,0,2,792,2046,10.9980,2044,2,792
394000,2048,1,1,0,25214976,1,25217024,0,2047,10.9990,2046,2,0xa2a5c7396d,74,1830,0,1,793,2047,10.9990,2046,1,793
395000,2048,1,1,0,25278464,1,25280512,0,2046,10.9980,2044,2,0x18970e1edd,73,1831,0,2,795,2046,10.9980,2044,2,795
396000,2048,1,1,0,25343999,1,25346047,0,2045,10.9971,2042,2,0x848104d6a6,0,1,0,3,798,2045,10.9971,2042,3,798
397000,2048,1,1,0,25407488,1,25409536,0,2047,10.9990,2046,2,0x30da3eeca2,71,1866,0,1,799,2047,10.9990,2046,1,799
398000,2048,1,1,0,25470976,1,25473024,0,2046,10.9980,2044,2,0x90b88b777f,60,1865,0,2,801,2046,10.9980,2044,2,801
399000,2048,1,1,0,25534464,1,25536512,0,2043,10.9951,2038,2,0x4ff223a76a,71,1845,0,5,806,2043,10.9951,2038,5,806
400000,2048,1,1,0,25599999,1,25602047,0,2046,10.9980,2044,2,0x743762c927,0,0,0,2,808,2046,10.9980,2044,2,808
401000,2048,1,1,0,25663488,1,25665536,0,2047,10.9990,2046,2,0x3f30aa6175,62,1845,0,1,809,2047,10.9990,2046,1,809
402000,2048,1,1,0,25726976,1,25729024,0,2047,10.9990,2046,2,0x57d9deec5e,76,1845,0,1,810,2047,10.9990,2046,1,810
403000,2048,1,1,0,25790464,1,25792512,0,2044,10.9961,2040,2,0xa4b9e32844,71,1853,0,4,814,2044,10.9961,2040,4,814
404000,2048,1,1,0,25855999,1,25858047,0,2044,10.9961,2040,2,0x09669e4ce7,0,1,0,4,818,2044,10.9961,2040,4,818
405000,2048,1,1,0,25919488,1,25921536,0,2043,10.9951,2038,2,0x23a3e129ed,77,1847,0,5,823,2043,10.9951,2038,5,823
406000,2048,1,1,0,25982976,1,25985024,0,2048,11.0000,2048,1,0x095c587721,69,1851,0,0,823,2048,11.0000,2048,0,823
407000,2048,1,1,0,26046464,1,26048512,0,2044,10.9961,2040,2,0xc746c7e8c1,58,1846,0,4,827,2044,10.9961,2040,4,827
408000,2048,1,1,0,26111999,1,26114047,0,2044,10.9961,2040,2,0x8a91a10be3,1,1,0,4,831,2044,10.9961,2040,4,831
409000,2048,1,1,0,26175488,1,26177536,0,2044,10.9961,2040,2,0x7ca39c2876,66,1848,0,4,835,2044,10.9961,2040,4,835
410000,2048,1,1,0,26238976,1,26241024,0,2048,11.0000,2048,1,0x0e7d65ada4,67,1867,0,0,835,2048,11.0000,2048,0,835
411000,2048,1,1,0,26302464,1,26304512,0,2046,10.9980,2044,2,0x881957382c,57,1824,0,2,837,2046,10.9980,2044,2,837
412000,2048,1,1,0,26367999,1,26370047,0,2047,10.9990,2046,2,0x0c60f888fa,0,0,0,1,838,2047,10.9990,2046,1,838
413000,2048,1,1,0,26431488,1,26433536,0,2048,11.0000,2048,1,0x95ea42e74c,62,1859,0,0,838,2048,11.0000,2048,0,838
414000,2048,1,1,0,26494976,1,26497024,0,2047,10.9990,2046,2,0x5467315218,75,1841,0,1,839,2047,10.9990,2046,1,839
415000,2048,1,1,0,26558464,1,26560512,0,2046,10.9980,2044,2,0xf404149319,73,1847,0,2,841,2046,10.9980,2044,2,841
416000,2048,1,1,0,26623999,1,26626047,0,2046,10.9980,2044,2,0x99b34921e9,0,1,0,2,843,2046,10.9980,2044,2,843
417000,2048,1,1,0,26687488,1,26689536,0,2045,10.9971,2042,2,0xda52296472,52,1848,0,3,846,2045,10.9971,2042,3,846
418000,2048,1,1,0,26750976,1,26753024,0,2043,10.9951,2038,2,0xc5968c390b,65,1834,0,5,851,2043,10.9951,2038,5,851
419000,2048,1,1,0,26814464,1,26816512,0,2043,10.9951,2038,2,0x801d6aed34,75,1850,0,5,856,2043,10.9951,2038,5,856
420000,2048,1,1,0,26879999,1,26882047,0,2046,10.9980,2044,2,0x91ba053905,0,1,0,2,858,2046,10.9980,2044,2,858
421000,2048,1,1,0,26943488,1,26945536,0,2048,11.0000,2048,1,0x144c21e4e1,65,1870,0,0,858,2048,11.0000,2048,0,858
422000,2048,1,1,0,27006976,1,27009024,0,2047,10.9990,2046,2,0xc7f82940e1,47,1849,0,1,859,2047,10.9990,2046,1,859
423000,2048,1,1,0,27070464,1,27072512,0,2047,10.9990,2046,2,0xe1a81686e4,75,1846,0,1,860,2047,10.9990,2046,1,860
424000,2048,1,1,0,27135999,1,27138047,0,2048,11.0000,2048,1,0xce9f6ffe63,0,1,0,0,860,2048,11.0000,2048,0,860
425000,2048,1,1,0,27199488,1,27201536,0,2046,10.9980,2044,2,0xc05510fc3c,63,1844,0,2,862,2046,10.9980,2044,2,862
426000,2048,1,1,0,27262976,1,27265024,0,2043,10.9951,2038,2,0x7dea5820ba,52,1835,0,5,867,2043,10.9951,2038,5,867
427000,2048,1,1,0,27326464,1,27328512,0,2046,10.9980,2044,2,0x2fb6733cfb,74,1825,0,2,869,2046,10.9980,2044,2,869
428000,2048,1,1,0,27391999,1,27394047,0,2048,11.0000,2048,1,0xac8323324e,0,1,0,0,869,2048,11.0000,2048,0,869
429000,2048,1,1,0,27455488,1,27457536,0,2047,10.9990,2046,2,0x439cda3045,49,1837,0,1,870,2047,10.9990,2046,1,870
430000,2048,1,1,0,27518976,1,27521024,0,2045,10.9971,2042,2,0xbbe96bb191,68,1861,0,3,873,2045,10.9971,2042,3,873
431000,2048,1,1,0,27582464,1,27584512,0,2046,10.9980,2044,2,0x392e8c0e81,66,1851,0,2,875,2046,10.9980,2044,2,875
432000,2048,1,1,0,27647999,1,27650047,0,2046,10.9980,2044,2,0x4a7d03a89b,0,1,0,2,877,2046,10.9980,2044,2,877
433000,2048,1,1,0,27711488,1,27713536,0,2045,10.9971,2042,2,0x686467f0ec,63,1856,0,3,880,2045,10.9971,2042,3,880
434000,2048,1,1,0,27774976,1,27777024,0,2041,10.9932,2034,2,0xa7de826f32,72,1837,0,7,887,2041,10.9932,2034,7,887
435000,2048,1,1,0,27838464,1,27840512,0,2043,10.9951,2038,2,0xbbed37aa12,80,1835,0,5,892,2043,10.9951,2038,5,892
436000,2048,1,1,0,27903999,1,27906047,0,2046,10.9980,2044,2,0x57a210bfcd,0,1,0,2,894,2046,10.9980,2044,2,894
437000,2048,1,1,0,27967488,1,27969536,0,2044,10.9961,2040,2,0xd2e55eba4b,68,1867,0,4,898,2044,10.9961,2040,4,898
438000,2048,1,1,0,28030976,1,28033024,0,2046,10.9980,2044,2,0xea885de739,66,1855,0,2,900,2046,10.9980,2044,2,900
439000,2048,1,1,0,28094464,1,28096512,0,2045,10.9971,2042,2,0x9474823776,65,1838,0,3,903,2045,10.9971,2042,3,903
440000,2048,1,1,0,28159999,1,28162047,0,2047,10.9990,2046,2,0xba6f2e3747,0,1,0,1,904,2047,10.9990,2046,1,904
441000,2048,1,1,0,28223488,1,28225536,0,2047,10.9990,2046,2,0xa466369200,58,1832,0,1,905,2047,10.9990,2046,1,905
442000,2048,1,1,0,28286976,1,28289024,0,2048,11.0000,2048,1,0x2e213200eb,75,1835,0,0,905,2048,11.0000,2048,0,905
443000,2048,1,1,0,28350464,1,28352512,0,2045,10.9971,2042,2,0x0dcc5b8d51,68,1852,0,3,908,2045,10.9971,2042,3,908
444000,2048,1,1,0,28415999,1,28418047,0,2043,10.9951,2038,2,0xfa51934ca0,0,1,0,5,913,2043,10.9951,2038,5,913
445000,2048,1,1,0,28479488,1,28481536,0,2046,10.9980,2044,2,0x88259e5235,63,1853,0,2,915,2046,10.9980,2044,2,915
446000,2048,1,1,0,28542976,1,28545024,0,2047,10.9990,2046,2,0x324e73aae1,68,1840,0,1,916,2047,10.9990,2046,1,916
447000,2048,1,1,0,28606464,1,28608512,0,2048,11.0000,2048,1,0x849eb2391b,52,1860,0,0,916,2048,11.0000,2048,0,916
448000,2048,1,1,0,28671999,1,28674047,0,2045,10.9971,2042,2,0xf6597a2de6,0,1,0,3,919,2045,10.9971,2042,3,919
449000,2048,1,1,0,28735488,1,28737536,0,2046,10.9980,2044,2,0x8daa9a4db1,74,1859,0,2,921,2046,10.9980,2044,2,921
450000,2048,1,1,0,28798976,1,28801024,0,2047,10.9990,2046,2,0x5b4de69f66,73,1866,0,1,922,2047,10.9990,2046,1,922
451000,2048,1,1,0,28862464,1,28864512,0,2046,10.9980,2044,2,0x7f4546fcbe,64,1859,0,2,924,2046,10.9980,2044,2,924
452000,2048,1,1,0,28927999,1,28930047,0,2045,10.9971,2042,2,0xf432b85e38,0,1,0,3,927,2045,10.9971,2042,3,927
453000,2048,1,1,0,28991488,1,28993536,0,2044,10.9961,2040,2,0xb9ee1fff0f,82,1847,0,4,931,2044,10.9961,2040,4,931
454000,2048,1,1,0,29054976,1,29057024,0,2048,11.0000,2048,1,0xf55457bc0c,48,1860,0,0,931,2048,11.0000,2048,0,931
455000,2048,1,1,0,29118464,1,29120512,0,2043,10.9951,2038,2,0x09702ab9ad,68,1859,0,5,936,2043,10.9951,2038,5,936
456000,2048,1,1,0,29183999,1,29186047,0,2046,10.9980,2044,2,0xe7cc1cf537,0,1,0,2,938,2046,10.9980,2044,2,938
457000,2048,1,1,0,29247488,1,29249536,0,2046,10.9980,2044,2,0x8eee9e9718,59,1857,0,2,940,2046,10.9980,2044,2,940
458000,2048,1,1,0,29310976,1,29313024,0,2047,10.9990,2046,2,0x29889d1c2a,59,1828,0,1,941,2047,10.9990,2046,1,941
459000,2048,1,1,0,29374464,1,29376512,0,2045,10.9971,2042,2,0x8d20e0fe94,62,1853,0,3,944,2045,10.9971,2042,3,944
460000,2048,1,1,0,29439999,1,29442047,0,2044,10.9961,2040,2,0x81486f4e45,0,0,0,4,948,2044,10.9961,2040,4,948
461000,2048,1,1,0,29503488,1,29505536,0,2047,10.9990,2046,2,0xb1d9f2c8f2,58,1848,0,1,949,2047,10.9990,2046,1,949
462000,2048,1,1,0,29566976,1,29569024,0,2043,10.9947,2039,3,0x616c815b97,49,1860,0,4,953,2043,10.9947,2039,4,953
463000,2048,1,1,0,29630464,1,29632512,0,2047,10.9990,2046,2,0xf5e04dc66e,53,1833,0,1,954,2047,10.9990,2046,1,954
464000,2048,1,1,0,29695999,1,29698047,0,2048,11.0000,2048,1,0xd5682b4cef,0,1,0,0,954,2048,11.0000,2048,0,954
465000,2048,1,1,0,29759488,1,29761536,0,2047,10.9990,2046,2,0x94cc073041,61,1854,0,1,955,2047,10.9990,2046,1,955
466000,2048,1,1,0,29822976,1,29825024,0,2046,10.9980,2044,2,0x3c80028436,59,1853,0,2,957,2046,10.9980,2044,2,957
467000,2048,1,1,0,29886464,1,29888512,0,2046,10.9980,2044,2,0x41f81a1b61,73,1845,0,2,959,2046,10.9980,2044,2,959
468000,2048,1,1,0,29951999,1,29954047,0,2046,10.9980,2044,2,0x0e53232099,0,1,0,2,961,2046,10.9980,2044,2,961
469000,2048,1,1,0,30015488,1,30017536,0,2047,10.9990,2046,2,0xb094deafc6,64,1854,0,1,962,2047,10.9990,2046,1,962
470000,2048,1,1,0,30078976,1,30081024,0,2046,10.9980,2044,2,0xe922f6e8af,66,1848,0,2,964,2046,10.9980,2044,2,964
471000,2048,1,1,0,30142464,1,30144512,0,2046,10.9980,2044,2,0x63aed5f0e6,66,1871,0,2,966,2046,10.9980,2044,2,966
472000,2048,1,1,0,30207999,1,30210047,0,2046,10.9980,2044,2,0x9a1137231f,1,1,0,2,968,2046,10.9980,2044,2,968
473000,2048,1,1,0,30271488,1,30273536,0,2046,10.9980,2044,2,0x35f0bdd5ea,68,1835,0,2,970,2046,10.9980,2044,2,970
474000,2048,1,1,0,30334976,1,30337024,0,2047,10.9990,2046,2,0x6200118b06,69,1851,0,1,971,2047,10.9990,2046,1,971
475000,2048,1,1,0,30398464,1,30400512,0,2044,10.9961,2040,2,0xe931d5f664,68,1828,0,4,975,2044,10.9961,2040,4,975
476000,2048,1,1,0,30463999,1,30466047,0,2048,11.0000,2048,1,0xe5c469ee10,0,1,0,0,975,2048,11.0000,2048,0,975
477000,2048,1,1,0,30527488,1,30529536,0,2048,11.0000,2048,1,0x4a8c06a87c,68,1839,0,0,975,2048,11.0000,2048,0,975
478000,2048,1,1,0,30590976,1,30593024,0,2047,10.9990,2046,2,0x69ddda62c2,62,1849,0,1,976,2047,10.9990,2046,1,976
479000,2048,1,1,0,30654464,1,30656512,0,2044,10.9961,2040,2,0xdd724a456d,67,1824,0,4,980,2044,10.9961,2040,4,980
480000,2048,1,1,0,30719999,1,30722047,0,2046,10.9980,2044,2,0xca8c0f32ab,0,0,0,2,982,2046,10.9980,2044,2,982
481000,2048,1,1,0,30783488,1,30785536,0,2047,10.9990,2046,2,0x0476468746,66,1848,0,1,983,2047,10.9990,2046,1,983
482000,2048,1,1,0,30846976,1,30849024,0,2045,10.9971,2042,2,0xbe678b1465,58,1859,0,3,986,2045,10.9971,2042,3,986
483000,2048,1,1,0,30910464,1,30912512,0,2048,11.0000,2048,1,0xc266427832,49,1821,0,0,986,2048,11.0000,2048,0,986
484000,2048,1,1,0,30975999,1,30978047,0,2046,10.9980,2044,2,0x5f83a2aab6,0,1,0,2,988,2046,10.9980,2044,2,988
485000,2048,1,1,0,31039488,1,31041536,0,2046,10.9980,2044,2,0x550fd24d15,51,1844,0,2,990,2046,10.9980,2044,2,990
486000,2048,1,1,0,31102976,1,31105024,0,2048,11.0000,2048,1,0x462a38c02b,42,1837,0,0,990,2048,11.0000,2048,0,990
487000,2048,1,1,0,31166464,1,31168512,0,2047,10.9990,2046,2,0xd75433c1e1,56,1849,0,1,991,2047,10.9990,2046,1,991
488000,2048,1,1,0,31231999,1,31234047,0,2046,10.9980,2044,2,0x6adb6fef5f,0,1,0,2,993,2046,10.9980,2044,2,993
489000,2048,1,1,0,31295488,1,31297536,0,2048,11.0000,2048,1,0xadbaf00bf4,66,1835,0,0,993,2048,11.0000,2048,0,993
490000,2048,1,1,0,31358976,1,31361024,0,2047,10.9990,2046,2,0xb13568788b,64,1855,0,1,994,2047,10.9990,2046,1,994
491000,2048,1,1,0,31422464,1,31424512,0,2046,10.9980,2044,2,0x183f618209,66,1855,0,2,996,2046,10.9980,2044,2,996
492000,2048,1,1,0,31487999,1,31490047,0,2045,10.9971,2042,2,0x64851e2f19,0,1,0,3,999,2045,10.9971,2042,3,999
493000,2048,1,1,0,31551488,1,31553536,0,2046,10.9980,2044,2,0x61a3230db1,51,1830,0,2,1001,2046,10.9980,2044,2,1001
494000,2048,1,1,0,31614976,1,31617024,0,2048,11.0000,2048,1,0xf4dcc06a86,71,1853,0,0,1001,2048,11.0000,2048,0,1001
495000,2048,1,1,0,31678464,1,31680512,0,2045,10.9971,2042,2,0x8729e491ba,76,1843,0,3,1004,2045,10.9971,2042,3,1004
496000,2048,1,1,0,31743999,1,31746047,0,2047,10.9990,2046,2,0x68f4673285,0,1,0,1,1005,2047,10.9990,2046,1,1005
497000,2048,1,1,0,31807488,1,31809536,0,2047,10.9990,2046,2,0xb12c201bd6,64,1853,0,1,1006,2047,10.9990,2046,1,1006
498000,2048,1,1,0,31870976,1,31873024,0,2048,11.0000,2048,1,0x07214d8427,62,1864,0,0,1006,2048,11.0000,2048,0,1006
499000,2048,1,1,0,31934464,1,31936512,0,2046,10.9980,2044,2,0x87ca8dba45,72,1848,0,2,1008,2046,10.9980,2044,2,1008
500000,2048,1,1,0,31999999,1,32002047,0,2047,10.9990,2046,2,0xfdff34d8fe,1,1,0,1,1009,2047,10.9990,2046,1,1009
501000,2048,1,1,0,32063488,1,32065536,0,2046,10.9980,2044,2,0x1eedef515f,52,1839,0,2,1011,2046,10.9980,2044,2,1011
502000,2048,1,1,0,32126976,1,32129024,0,2048,11.0000,2048,1,0xade0327671,74,1853,0,0,1011,2048,11.0000,2048,0,1011
503000,2048,1,1,0,32190464,1,32192512,0,2045,10.9971,2042,2,0x193b5ba26b,70,1815,0,3,1014,2045,10.9971,2042,3,1014
504000,2048,1,1,0,32255999,1,32258047,0,2048,11.0000,2048,1,0x163b38e34b,0,1,0,0,1014,2048,11.0000,2048,0,1014
505000,2048,1,1,0,32319488,1,32321536,0,2046,10.9980,2044,2,0x1ff8e6da24,76,1839,0,2,1016,2046,10.9980,2044,2,1016
506000,2048,1,1,0,32382976,1,32385024,0,2046,10.9980,2044,2,0x54e2724d51,71,1855,0,2,1018,2046,10.9980,2044,2,1018
507000,2048,1,1,0,32446464,1,32448512,0,2046,10.9980,2044,2,0xf78664ed06,68,1853,0,2,1020,2046,10.9980,2044,2,1020
508000,2048,1,1,0,32511999,1,32514047,0,2047,10.9990,2046,2,0x61f7490bae,0,0,0,1,1021,2047,10.9990,2046,1,1021
509000,2048,1,1,0,32575488,1,32577536,0,2046,10.9980,2044,2,0x23a55066e4,57,1825,0,2,1023,2046,10.9980,2044,2,1023
510000,2048,1,1,0,32638976,1,32641024,0,2047,10.9990,2046,2,0x9a1c2a8c21,54,1843,0,1,1024,2047,10.9990,2046,1,1024
511000,2048,1,1,0,32702464,1,32704512,0,2046,10.9980,2044,2,0x8618448e26,66,1866,0,2,1026,2046,10.9980,2044,2,1026
512000,2048,1,1,0,32767999,1,32770047,0,2047,10.9990,2046,2,0xaaefec1305,0,1,0,1,1027,2047,10.9990,2046,1,1027
513000,2048,1,1,0,32831488,1,32833536,0,2045,10.9971,2042,2,0xc99c3c7943,65,1857,0,3,1030,2045,10.9971,2042,3,1030
514000,2048,1,1,0,32894976,1,32897024,0,2046,10.9980,2044,2,0x5446cd1a39,54,1801,0,2,1032,2046,10.9980,2044,2,1032
515000,2048,1,1,0,32958464,1,32960512,0,2046,10.9980,2044,2,0x4d6982bfde,64,1853,0,2,1034,2046,10.9980,2044,2,1034
516000,2048,1,1,0,33023999,1,33026047,0,2044,10.9961,2040,2,0x736cf83c35,0,1,0,4,1038,2044,10.9961,2040,4,1038
517000,2048,1,1,0,33087488,1,33089536,0,2047,10.9990,2046,2,0x4476e083e3,88,1835,0,1,1039,2047,10.9990,2046,1,1039
518000,2048,1,1,0,33150976,1,33153024,0,2045,10.9971,2042,2,0xb5cebd5640,82,1860,0,3,1042,2045,10.9971,2042,3,1042
519000,2048,1,1,0,33214464,1,33216512,0,2046,10.9980,2044,2,0x31795da16f,56,1869,0,2,1044,2046,10.9980,2044,2,1044
520000,2048,1,1,0,33279999,1,33282047,0,2047,10.9990,2046,2,0xfe022311ff,0,1,0,1,1045,2047,10.9990,2046,1,1045
521000,2048,1,1,0,33343488,1,33345536,0,2045,10.9971,2042,2,0x1bb559dbce,59,1821,0,3,1048,2045,10.9971,2042,3,1048
522000,2048,1,1,0,33406976,1,33409024,0,2045,10.9971,2042,2,0x834973ab52,63,1853,0,3,1051,2045,10.9971,2042,3,1051
523000,2048,1,1,0,33470464,1,33472512,0,2048,11.0000,2048,1,0x7cfc434a84,60,1874,0,0,1051,2048,11.0000,2048,0,1051
524000,2048,1,1,0,33535999,1,33538047,0,2046,10.9980,2044,2,0x9d9e30bde4,0,1,0,2,1053,2046,10.9980,2044,2,1053
525000,2048,1,1,0,33599488,1,33601536,0,2046,10.9980,2044,2,0x31e45d459d,69,1852,0,2,1055,2046,10.9980,2044,2,1055
526000,2048,1,1,0,33662976,1,33665024,0,2045,10.9971,2042,2,0xcbe0d69820,80,1864,0,3,1058,2045,10.9971,2042,3,1058
527000,2048,1,1,0,33726464,1,33728512,0,2046,10.9980,2044,2,0x4e99b99157,67,1853,0,2,1060,2046,10.9980,2044,2,1060
528000,2048,1,1,0,33791999,1,33794047,0,2047,10.9990,2046,2,0x6da5b802ab,0,1,0,1,1061,2047,10.9990,2046,1,1061
529000,2048,1,1,0,33855488,1,33857536,0,2047,10.9990,2046,2,0xdedb010b2f,78,1845,0,1,1062,2047,10.9990,2046,1,1062
530000,2048,1,1,0,33918976,1,33921024,0,2046,10.9980,2044,2,0x72cc74c923,70,1853,0,2,1064,2046,10.9980,2044,2,1064
531000,2048,1,1,0,33982464,1,33984512,0,2045,10.9971,2042,2,0x492818830c,56,1868,0,3,1067,2045,10.9971,2042,3,1067
532000,2048,1,1,0,34047999,1,34050047,0,2046,10.9980,2044,2,0x807fc97645,0,1,0,2,1069,2046,10.9980,2044,2,1069
533000,2048,1,1,0,34111488,1,34113536,0,2043,10.9951,2038,2,0x0a2f6aed8e,60,1849,0,5,1074,2043,10.9951,2038,5,1074
534000,2048,1,1,0,34174976,1,34177024,0,2046,10.9980,2044,2,0x95ddaa5bef,79,1862,0,2,1076,2046,10.9980,2044,2,1076
535000,2048,1,1,0,34238464,1,34240512,0,2047,10.9990,2046,2,0x5d662bab3d,54,1850,0,1,1077,2047,10.9990,2046,1,1077
536000,2048,1,1,0,34303999,1,34306047,0,2046,10.9980,2044,2,0x0c5ab0d31d,0,1,0,2,1079,2046,10.9980,2044,2,1079
537000,2048,1,1,0,34367488,1,34369536,0,2047,10.9990,2046,2,0x5f16ee3136,74,1849,0,1,1080,2047,10.9990,2046,1,1080
538000,2048,1,1,0,34430976,1,34433024,0,2046,10.9980,2044,2,0x2070f5c772,63,1855,0,2,1082,2046,10.9980,2044,2,1082
539000,2048,1,1,0,34494464,1,34496512,0,2048,11.0000,2048,1,0x738d9afb5f,64,1837,0,0,1082,2048,11.0000,2048,0,1082
540000,2048,1,1,0,34559999,1,34562047,0,2045,10.9971,2042,2,0xbaa5849cc7,0,1,0,3,1085,2045,10.9971,2042,3,1085
541000,2048,1,1,0,34623488,1,34625536,0,2047,10.9990,2046,2,0x85c5c561f5,54,1829,0,1,1086,2047,10.9990,2046,1,1086
542000,2048,1,1,0,34686976,1,34689024,0,2047,10.9990,2046,2,0xae6ea36e17,57,1854,0,1,1087,2047,10.9990,2046,1,1087
543000,2048,1,1,0,34750464,1,34752512,0,2044,10.9961,2040,2,0x3d0dae13d3,65,1840,0,4,1091,2044,10.9961,2040,4,1091
544000,2048,1,1,0,34815999,1,34818047,0,2046,10.9980,2044,2,0xe64f0a123a,1,0,0,2,1093,2046,10.9980,2044,2,1093
545000,2048,1,1,0,34879488,1,34881536,0,2048,11.0000,2048,1,0xe01f6d81e7,74,1855,0,0,1093,2048,11.0000,2048,0,1093
546000,2048,1,1,0,34942976,1,34945024,0,2045,10.9971,2042,2,0xa20ab5d203,63,1837,0,3,1096,2045,10.9971,2042,3,1096
547000,2048,1,1,0,35006464,1,35008512,0,2046,10.9980,2044,2,0xd8be4e307d,54,1838,0,2,1098,2046,10.9980,2044,2,1098
548000,2048,1,1,0,35071999,1,35074047,0,2046,10.9980,2044,2,0x971e825ddf,0,0,0,2,1100,2046,10.9980,2044,2,1100
549000,2048,1,1,0,35135488,1,35137536,0,2045,10.9971,2042,2,0x1981d7240f,71,1853,0,3,1103,2045,10.9971,2042,3,1103
550000,2048,1,1,0,35198976,1,35201024,0,2046,10.9980,2044,2,0xe7ed7f6823,61,1837,0,2,1105,2046,10.9980,2044,2,1105
551000,2048,1,1,0,35262464,1,35264512,0,2047,10.9990,2046,2,0x94d2ef942a,69,1857,0,1,1106,2047,10.9990,2046,1,1106
552000,2048,1,1,0,35327999,1,35330047,0,2048,11.0000,2048,1,0xff8d0eaa28,0,1,0,0,1106,2048,11.0000,2048,0,1106
553000,2048,1,1,0,35391488,1,35393536,0,2045,10.9971,2042,2,0x55ceaae010,71,1809,0,3,1109,2045,10.9971,2042,3,1109
554000,2048,1,1,0,35454976,1,35457024,0,2045,10.9971,2042,2,0x88cdaf30e1,80,1836,0,3,1112,2045,10.9971,2042,3,1112
555000,2048,1,1,0,35518464,1,35520512,0,2045,10.9971,2042,2,0xfbd1305a19,74,1844,0,3,1115,2045,10.9971,2042,3,1115
556000,2048,1,1,0,35583999,1,35586047,0,2047,10.9990,2046,2,0xb388597bfd,0,1,0,1,1116,2047,10.9990,2046,1,1116
557000,2048,1,1,0,35647488,1,35649536,0,2047,10.9990,2046,2,0x6996ba20f6,61,1839,0,1,1117,2047,10.9990,2046,1,1117
558000,2048,1,1,0,35710976,1,35713024,0,2046,10.9980,2044,2,0xdd976a35f4,61,1848,0,2,1119,2046,10.9980,2044,2,1119
559000,2048,1,1,0,35774464,1,35776512,0,2047,10.9990,2046,2,0x81eb11eb07,51,1848,0,1,1120,2047,10.9990,2046,1,1120
560000,2048,1,1,0,35839999,1,35842047,0,2043,10.9951,2038,2,0xf9ca7a3f86,0,1,0,5,1125,2043,10.9951,2038,5,1125
561000,2048,1,1,0,35903488,1,35905536,0,2045,10.9971,2042,2,0xc625243df0,69,1861,0,3,1128,2045,10.9971,2042,3,1128
562000,2048,1,1,0,35966976,1,35969024,0,2046,10.9980,2044,2,0xae27f35dcb,57,1859,0,2,1130,2046,10.9980,2044,2,1130
563000,2048,1,1,0,36030464,1,36032512,0,2047,10.9990,2046,2,0x618ecf1f80,60,1844,0,1,1131,2047,10.9990,2046,1,1131
564000,2048,1,1,0,36095999,1,36098047,0,2044,10.9961,2040,2,0x20cae95feb,0,1,0,4,1135,2044,10.9961,2040,4,1135
565000,2048,1,1,0,36159488,1,36161536,0,2044,10.9961,2040,2,0xdceadae53d,63,1847,0,4,1139,2044,10.9961,2040,4,1139
566000,2048,1,1,0,36222976,1,36225024,0,2045,10.9971,2042,2,0xecdc03d786,68,1843,0,3,1142,2045,10.9971,2042,3,1142
567000,2048,1,1,0,36286464,1,36288512,0,2043,10.9951,2038,2,0x0426e2c33c,64,1856,0,5,1147,2043,10.9951,2038,5,1147
568000,2048,1,1,0,36351999,1,36354047,0,2046,10.9980,2044,2,0xc633918a19,0,1,0,2,1149,2046,10.9980,2044,2,1149
569000,2048,1,1,0,36415488,1,36417536,0,2046,10.9980,2044,2,0x0d25eed664,57,1856,0,2,1151,2046,10.9980,2044,2,1151
570000,2048,1,1,0,36478976,1,36481024,0,2047,10.9990,2046,2,0xc59c06d900,63,1850,0,1,1152,2047,10.9990,2046,1,1152
571000,2048,1,1,0,36542464,1,36544512,0,2046,10.9980,2044,2,0x0907a7457b,78,1844,0,2,1154,2046,10.9980,2044,2,1154
572000,2048,1,1,0,36607999,1,36610047,0,2047,10.9990,2046,2,0xbab1505c5f,0,1,0,1,1155,2047,10.9990,2046,1,1155
573000,2048,1,1,0,36671488,1,36673536,0,2045,10.9971,2042,2,0x6fdcfb07da,59,1841,0,3,1158,2045,10.9971,2042,3,1158
574000,2048,1,1,0,36734976,1,36737024,0,2046,10.9980,2044,2,0x671b2f7621,57,1838,0,2,1160,2046,10.9980,2044,2,1160
575000,2048,1,1,0,36798464,1,36800512,0,2043,10.9951,2038,2,0xb3cae4e3b6,67,1847,0,5,1165,2043,10.9951,2038,5,1165
576000,2048,1,1,0,36863999,1,36866047,0,2047,10.9990,2046,2,0x6eba43b637,0,0,0,1,1166,2047,10.9990,2046,1,1166
577000,2048,1,1,0,36927488,1,36929536,0,2047,10.9990,2046,2,0x50340dc24b,59,1852,0,1,1167,2047,10.9990,2046,1,1167
578000,2048,1,1,0,36990976,1,36993024,0,2044,10.9961,2040,2,0xccf82fb0bd,55,1853,0,4,1171,2044,10.9961,2040,4,1171
579000,2048,1,1,0,37054464,1,37056512,0,2046,10.9980,2044,2,0x052c252d38,70,1850,0,2,1173,2046,10.9980,2044,2,1173
580000,2048,1,1,0,37119999,1,37122047,0,2046,10.9980,2044,2,0x5a1d8f4b71,0,1,0,2,1175,2046,10.9980,2044,2,1175
581000,2048,1,1,0,37183488,1,37185536,0,2048,11.0000,2048,1,0x26b9fd7461,66,1820,0,0,1175,2048,11.0000,2048,0,1175
582000,2048,1,1,0,37246976,1,37249024,0,2046,10.9980,2044,2,0x7fbc1c26c0,61,1848,0,2,1177,2046,10.9980,2044,2,1177
583000,2048,1,1,0,37310464,1,37312512,0,2044,10.9961,2040,2,0x023803e38a,69,1852,0,4,1181,2044,10.9961,2040,4,1181
584000,2048,1,1,0,37375999,1,37378047,0,2046,10.9980,2044,2,0xa62dc21e54,0,1,0,2,1183,2046,10.9980,2044,2,1183
585000,2048,1,1,0,37439488,1,37441536,0,2047,10.9990,2046,2,0x19c16c9451,53,1855,0,1,1184,2047,10.9990,2046,1,1184
586000,2048,1,1,0,37502976,1,37505024,0,2042,10.9941,2036,2,0x9cebe6526a,59,1851,0,6,1190,2042,10.9941,2036,6,1190
587000,2048,1,1,0,37566464,1,37568512,0,2046,10.9980,2044,2,0x5d1f6b16c3,50,1846,0,2,1192,2046,10.9980,2044,2,1192
588000,2048,1,1,0,37631999,1,37634047,0,2046,10.9980,2044,2,0x04ca50a46f,0,1,0,2,1194,2046,10.9980,2044,2,1194
589000,2048,1,1,0,37695488,1,37697536,0,2045,10.9971,2042,2,0xafa94abe04,58,1850,0,3,1197,2045,10.9971,2042,3,1197
590000,2048,1,1,0,37758976,1,37761024,0,2047,10.9990,2046,2,0xd3f24d2a76,64,1857,0,1,1198,2047,10.9990,2046,1,1198
591000,2048,1,1,0,37822464,1,37824512,0,2046,10.9980,2044,2,0x0161f029ea,66,1849,0,2,1200,2046,10.9980,2044,2,1200
592000,2048,1,1,0,37887999,1,37890047,0,2044,10.9961,2040,2,0x0fd29e5dd9,0,1,0,4,1204,2044,10.9961,2040,4,1204
593000,2048,1,1,0,37951488,1,37953536,0,2046,10.9980,2044,2,0x43966e9d02,53,1848,0,2,1206,2046,10.9980,2044,2,1206
594000,2048,1,1,0,38014976,1,38017024,0,2048,11.0000,2048,1,0xd3805edd09,70,1859,0,0,1206,2048,11.0000,2048,0,1206
595000,2048,1,1,0,38078464,1,38080512,0,2044,10.9961,2040,2,0xbcf7b1b91b,67,1831,0,4,1210,2044,10.9961,2040,4,1210
596000,2048,1,1,0,38143999,1,38146047,0,2046,10.9980,2044,2,0x4bfc5db630,0,1,0,2,1212,2046,10.9980,2044,2,1212
597000,2048,1,1,0,38207488,1,38209536,0,2046,10.9980,2044,2,0xe91ed66459,68,1834,0,2,1214,2046,10.9980,2044,2,1214
598000,2048,1,1,0,38270976,1,38273024,0,2046,10.9980,2044,2,0x1150a0d091,66,1859,0,2,1216,2046,10.9980,2044,2,1216
599000,2048,1,1,0,38334464,1,38336512,0,2046,10.9980,2044,2,0x1ade49d3da,65,1848,0,2,1218,2046,10.9980,2044,2,1218
600000,2048,1,1,0,38399999,1,38402047,0,2046,10.9980,2044,2,0x50bf6e8cd6,0,1,0,2,1220,2046,10.9980,2044,2,1220
601000,2048,1,1,0,38463488,1,38465536,0,2047,10.9990,2046,2,0xecf5fe319c,63,1859,0,1,1221,2047,10.9990,2046,1,1221
602000,2048,1,1,0,38526976,1,38529024,0,2045,10.9971,2042,2,0xb8cd074d53,63,1821,0,3,1224,2045,10.9971,2042,3,1224
603000,2048,1,1,0,38590464,1,38592512,0,2045,10.9971,2042,2,0x281abc6fdb,69,1873,0,3,1227,2045,10.9971,2042,3,1227
604000,2048,1,1,0,38655999,1,38658047,0,2048,11.0000,2048,1,0xdde5696c98,0,1,0,0,1227,2048,11.0000,2048,0,1227
605000,2048,1,1,0,38719488,1,38721536,0,2047,10.9990,2046,2,0x24255c5ccf,72,1808,0,1,1228,2047,10.9990,2046,1,1228
606000,2048,1,1,0,38782976,1,38785024,0,2047,10.9990,2046,2,0x45ddd639d0,74,1860,0,1,1229,2047,10.9990,2046,1,1229
607000,2048,1,1,0,38846464,1,38848512,0,2045,10.9971,2042,2,0xfd49fbfb18,65,1857,0,3,1232,2045,10.9971,2042,3,1232
608000,2048,1,1,0,38911999,1,38914047,0,2048,11.0000,2048,1,0x2b48ed03e7,0,0,0,0,1232,2048,11.0000,2048,0,1232
609000,2048,1,1,0,38975488,1,38977536,0,2044,10.9961,2040,2,0x26600c7d00,59,1858,0,4,1236,2044,10.9961,2040,4,1236
610000,2048,1,1,0,39038976,1,39041024,0,2047,10.9990,2046,2,0xb6be4bdcbd,74,1847,0,1,1237,2047,10.9990,2046,1,1237
611000,2048,1,1,0,39102464,1,39104512,0,2045,10.9971,2042,2,0x1a7a5cfcf9,70,1856,0,3,1240,2045,10.9971,2042,3,1240
612000,2048,1,1,0,39167999,1,39170047,0,2047,10.9990,2046,2,0x2d37d576a8,0,1,0,1,1241,2047,10.9990,2046,1,1241
613000,2048,1,1,0,39231488,1,39233536,0,2046,10.9980,2044,2,0x0c7a51c04e,60,1844,0,2,1243,2046,10.9980,2044,2,1243
614000,2048,1,1,0,39294976,1,39297024,0,2047,10.9990,2046,2,0x29a9d8129b,62,1865,0,1,1244,2047,10.9990,2046,1,1244
615000,2048,1,1,0,39358464,1,39360512,0,2044,10.9961,2040,2,0xc8f922a1da,55,1857,0,4,1248,2044,10.9961,2040,4,1248
616000,2048,1,1,0,39423999,1,39426047,0,2046,10.9980,2044,2,0xf9821c8c8f,1,1,0,2,1250,2046,10.9980,2044,2,1250
617000,2048,1,1,0,39487488,1,39489536,0,2044,10.9961,2040,2,0x399fd6c2a2,57,1848,0,4,1254,2044,10.9961,2040,4,1254
618000,2048,1,1,0,39550976,1,39553024,0,2047,10.9990,2046,2,0xb22aa65f71,66,1851,0,1,1255,2047,10.9990,2046,1,1255
619000,2048,1,1,0,39614464,1,39616512,0,2047,10.9990,2046,2,0xc035fbea36,64,1848,0,1,1256,2047,10.9990,2046,1,1256
620000,2048,1,1,0,39679999,1,39682047,0,2045,10.9971,2042,2,0xb124543617,0,1,0,3,1259,2045,10.9971,2042,3,1259
621000,2048,1,1,0,39743488,1,39745536,0,2045,10.9971,2042,2,0x6566d71e8d,55,1853,0,3,1262,2045,10.9971,2042,3,1262
622000,2048,1,1,0,39806976,1,39809024,0,2046,10.9980,2044,2,0x1a0131da8d,74,1862,0,2,1264,2046,10.9980,2044,2,1264
623000,2048,1,1,0,39870464,1,39872512,0,2045,10.9971,2042,2,0x7a4dc96de1,67,1874,0,3,1267,2045,10.9971,2042,3,1267
624000,2048,1,1,0,39935999,1,39938047,0,2044,10.9961,2040,2,0x96d4fdc535,0,1,0,4,1271,2044,10.9961,2040,4,1271
625000,2048,1,1,0,39999488,1,40001536,0,2046,10.9980,2044,2,0xb1050e8e40,56,1830,0,2,1273,2046,10.9980,2044,2,1273
626000,2048,1,1,0,40062976,1,40065024,0,2047,10.9990,2046,2,0xf77cbd4c5c,55,1864,0,1,1274,2047,10.9990,2046,1,1274
627000,2048,1,1,0,40126464,1,40128512,0,2047,10.9990,2046,2,0x71c8ff373c,72,1848,0,1,1275,2047,10.9990,2046,1,1275
628000,2048,1,1,0,40191999,1,40194047,0,2047,10.9990,2046,2,0xc0afe283ed,0,1,0,1,1276,2047,10.9990,2046,1,1276
629000,2048,1,1,0,40255488,1,40257536,0,2045,10.9971,2042,2,0xe0e6a2908a,57,1839,0,3,1279,2045,10.9971,2042,3,1279
630000,2048,1,1,0,40318976,1,40321024,0,2047,10.9990,2046,2,0xd105ee2445,60,1843,0,1,1280,2047,10.9990,2046,1,1280
631000,2048,1,1,0,40382464,1,40384512,0,2046,10.9980,2044,2,0x0cf26ac963,69,1865,0,2,1282,2046,10.9980,2044,2,1282
632000,2048,1,1,0,40447999,1,40450047,0,2044,10.9961,2040,2,0x53555d4371,0,1,0,4,1286,2044,10.9961,2040,4,1286
633000,2048,1,1,0,40511488,1,40513536,0,2046,10.9980,2044,2,0x94e8da0904,62,1825,0,2,1288,2046,10.9980,2044,2,1288
634000,2048,1,1,0,40574976,1,40577024,0,2044,10.9961,2040,2,0xdf7d1a47c9,61,1823,0,4,1292,2044,10.9961,2040,4,1292
635000,2048,1,1,0,40638464,1,40640512,0,2046,10.9980,2044,2,0xb129d2fa36,71,1850,0,2,1294,2046,10.9980,2044,2,1294
636000,2048,1,1,0,40703999,1,40706047,0,2046,10.9980,2044,2,0xa639f6010a,0,1,0,2,1296,2046,10.9980,2044,2,1296
637000,2048,1,1,0,40767488,1,40769536,0,2045,10.9971,2042,2,0x3bc1a01b5f,62,1842,0,3,1299,2045,10.9971,2042,3,1299
638000,2048,1,1,0,40830976,1,40833024,0,2043,10.9951,2038,2,0x1f736da474,70,1845,0,5,1304,2043,10.9951,2038,5,1304
639000,2048,1,1,0,40894464,1,40896512,0,2046,10.9980,2044,2,0xd0f1e9fd96,70,1850,0,2,1306,2046,10.9980,2044,2,1306
640000,2048,1,1,0,40959999,1,40962047,0,2045,10.9971,2042,2,0xa05a216c6d,0,1,0,3,1309,2045,10.9971,2042,3,1309
641000,2048,1,1,0,41023488,1,41025536,0,2047,10.9990,2046,2,0xc5db48952f,56,1823,0,1,1310,2047,10.9990,2046,1,1310
642000,2048,1,1,0,41086976,1,41089024,0,2047,10.9990,2046,2,0x87dc184b96,54,1823,0,1,1311,2047,10.9990,2046,1,1311
643000,2048,1,1,0,41150464,1,41152512,0,2047,10.9990,2046,2,0x070241097e,53,1838,0,1,1312,2047,10.9990,2046,1,1312
644000,2048,1,1,0,41215999,1,41218047,0,2047,10.9990,2046,2,0x2d38705bc9,0,0,0,1,1313,2047,10.9990,2046,1,1313
645000,2048,1,1,0,41279488,1,41281536,0,2047,10.9990,2046,2,0x3db3399f6e,84,1854,0,1,1314,2047,10.9990,2046,1,1314
646000,2048,1,1,0,41342976,1,41345024,0,2046,10.9980,2044,2,0x1c7f0943bd,62,1855,0,2,1316,2046,10.9980,2044,2,1316
647000,2048,1,1,0,41406464,1,41408512,0,2043,10.9951,2038,2,0xb33494cb38,63,1852,0,5,1321,2043,10.9951,2038,5,1321
648000,2048,1,1,0,41471999,1,41474047,0,2048,11.0000,2048,1,0x3dc63de5da,0,1,0,0,1321,2048,11.0000,2048,0,1321
649000,2048,1,1,0,41535488,1,41537536,0,2046,10.9980,2044,2,0x8e9185b4b8,64,1833,0,2,1323,2046,10.9980,2044,2,1323
650000,2048,1,1,0,41598976,1,41601024,0,2046,10.9980,2044,2,0x824dc3ffd4,59,1832,0,2,1325,2046,10.9980,2044,2,1325
651000,2048,1,1,0,41662464,1,41664512,0,2046,10.9980,2044,2,0xe7524438de,53,1836,0,2,1327,2046,10.9980,2044,2,1327
652000,2048,1,1,0,41727999,1,41730047,0,2048,11.0000,2048,1,0xe4c53eec17,0,1,0,0,1327,2048,11.0000,2048,0,1327
653000,2048,1,1,0,41791488,1,41793536,0,2047,10.9990,2046,2,0xb2a942ef79,58,1859,0,1,1328,2047,10.9990,2046,1,1328
654000,2048,1,1,0,41854976,1,41857024,0,2047,10.9990,2046,2,0x8c968d7964,60,1852,0,1,1329,2047,10.9990,2046,1,1329
655000,2048,1,1,0,41918464,1,41920512,0,2046,10.9980,2044,2,0x48eb2276c4,59,1873,0,2,1331,2046,10.9980,2044,2,1331
656000,2048,1,1,0,41983999,1,41986047,0,2047,10.9990,2046,2,0x6e1ce3a06c,0,1,0,1,1332,2047,10.9990,2046,1,1332
657000,2048,1,1,0,42047488,1,42049536,0,2046,10.9980,2044,2,0xd7081cfe36,63,1829,0,2,1334,2046,10.9980,2044,2,1334
658000,2048,1,1,0,42110976,1,42113024,0,2047,10.9990,2046,2,0x802b754e25,68,1857,0,1,1335,2047,10.9990,2046,1,1335
659000,2048,1,1,0,42174464,1,42176512,0,2045,10.9971,2042,2,0x8923d4e454,59,1868,0,3,1338,2045,10.9971,2042,3,1338
660000,2048,1,1,0,42239999,1,42242047,0,2047,10.9990,2046,2,0x1ba0fc74cf,0,1,0,1,1339,2047,10.9990,2046,1,1339
661000,2048,1,1,0,42303488,1,42305536,0,2046,10.9980,2044,2,0x8c7a6f9a22,55,1882,0,2,1341,2046,10.9980,2044,2,1341
662000,2048,1,1,0,42366976,1,42369024,0,2045,10.9971,2042,2,0x32310e6277,61,1864,0,3,1344,2045,10.9971,2042,3,1344
663000,2048,1,1,0,42430464,1,42432512,0,2045,10.9971,2042,2,0x4df1954995,58,1844,0,3,1347,2045,10.9971,2042,3,1347
664000,2048,1,1,0,42495999,1,42498047,0,2044,10.9961,2040,2,0x792648f2f6,0,1,0,4,1351,2044,10.9961,2040,4,1351
665000,2048,1,1,0,42559488,1,42561536,0,2047,10.9990,2046,2,0xe7e58e8635,80,1857,0,1,1352,2047,10.9990,2046,1,1352
666000,2048,1,1,0,42622976,1,42625024,0,2047,10.9990,2046,2,0xe5edb111f7,60,1814,0,1,1353,2047,10.9990,2046,1,1353
667000,2048,1,1,0,42686464,1,42688512,0,2048,11.0000,2048,1,0x501f93e80b,69,1834,0,0,1353,2048,11.0000,2048,0,1353
668000,2048,1,1,0,42751999,1,42754047,0,2042,10.9941,2036,2,0x9606927d0f,0,1,0,6,1359,2042,10.9941,2036,6,1359
669000,2048,1,1,0,42815488,1,42817536,0,2046,10.9980,2044,2,0x2366107025,57,1847,0,2,1361,2046,10.9980,2044,2,1361
670000,2048,1,1,0,42878976,1,42881024,0,2047,10.9990,2046,2,0xd7492dce15,61,1834,0,1,1362,2047,10.9990,2046,1,1362
671000,2048,1,1,0,42942464,1,42944512,0,2047,10.9990,2046,2,0xec35fe157a,72,1842,0,1,1363,2047,10.9990,2046,1,1363
672000,2048,1,1,0,43007999,1,43010047,0,2047,10.9990,2046,2,0x7276823196,0,1,0,1,1364,2047,10.9990,2046,1,1364
673000,2048,1,1,0,43071488,1,43073536,0,2047,10.9990,2046,2,0x23a3fc64c3,75,1849,0,1,1365,2047,10.9990,2046,1,1365
674000,2048,1,1,0,43134976,1,43137024,0,2047,10.9990,2046,2,0xa5f860f588,77,1852,0,1,1366,2047,10.9990,2046,1,1366
675000,2048,1,1,0,43198464,1,43200512,0,2046,10.9980,2044,2,0x34ee151af0,49,1847,0,2,1368,2046,10.9980,2044,2,1368
676000,2048,1,1,0,43263999,1,43266047,0,2048,11.0000,2048,1,0x785db38f2f,0,1,0,0,1368,2048,11.0000,2048,0,1368
677000,2048,1,1,0,43327488,1,43329536,0,2045,10.9971,2042,2,0x151174587c,61,1861,0,3,1371,2045,10.9971,2042,3,1371
678000,2048,1,1,0,43390976,1,43393024,0,2047,10.9990,2046,2,0x02d9d4a49a,59,1856,0,1,1372,2047,10.9990,2046,1,1372
679000,2048,1,1,0,43454464,1,43456512,0,2045,10.9971,2042,2,0xe9414897e3,94,1843,0,3,1375,2045,10.9971,2042,3,1375
680000,2048,1,1,0,43519999,1,43522047,0,2045,10.9971,2042,2,0x02ef1783b1,0,1,0,3,1378,2045,10.9971,2042,3,1378
681000,2048,1,1,0,43583488,1,43585536,0,2046,10.9980,2044,2,0xe45c892689,58,1853,0,2,1380,2046,10.9980,2044,2,1380
682000,2048,1,1,0,43646976,1,43649024,0,2041,10.9932,2034,2,0x4fdd3c8c42,63,1853,0,7,1387,2041,10.9932,2034,7,1387
683000,2048,1,1,0,43710464,1,43712512,0,2045,10.9971,2042,2,0x777454dccf,49,1854,0,3,1390,2045,10.9971,2042,3,1390
684000,2048,1,1,0,43775999,1,43778047,0,2045,10.9971,2042,2,0x05bdf38b17,0,1,0,3,1393,2045,10.9971,2042,3,1393
685000,2048,1,1,0,43839488,1,43841536,0,2047,10.9990,2046,2,0xd8e023d40e,79,1851,0,1,1394,2047,10.9990,2046,1,1394
686000,2048,1,1,0,43902976,1,43905024,0,2048,11.0000,2048,1,0xe11f8c2f93,68,1851,0,0,1394,2048,11.0000,2048,0,1394
687000,2048,1,1,0,43966464,1,43968512,0,2043,10.9951,2038,2,0x51e46073a0,56,1843,0,5,1399,2043,10.9951,2038,5,1399
688000,2048,1,1,0,44031999,1,44034047,0,2044,10.9961,2040,2,0x7eebbf6459,0,1,0,4,1403,2044,10.9961,2040,4,1403
689000,2048,1,1,0,44095488,1,44097536,0,2045,10.9971,2042,2,0x9e54bbd55f,62,1839,0,3,1406,2045,10.9971,2042,3,1406
690000,2048,1,1,0,44158976,1,44161024,0,2047,10.9990,2046,2,0x84d28545e4,77,1855,0,1,1407,2047,10.9990,2046,1,1407
691000,2048,1,1,0,44222464,1,44224512,0,2047,10.9990,2046,2,0x71dab30fb8,58,1831,0,1,1408,2047,10.9990,2046,1,1408
692000,2048,1,1,0,44287999,1,44290047,0,2047,10.9990,2046,2,0xae4b5ee172,0,1,0,1,1409,2047,10.9990,2046,1,1409
693000,2048,1,1,0,44351488,1,44353536,0,2048,11.0000,2048,1,0x1797617005,76,1866,0,0,1409,2048,11.0000,2048,0,1409
694000,2048,1,1,0,44414976,1,44417024,0,2046,10.9980,2044,2,0x7e9b422ab1,60,1839,0,2,1411,2046,10.9980,2044,2,1411
695000,2048,1,1,0,44478464,1,44480512,0,2046,10.9980,2044,2,0xf1f10c9047,74,1861,0,2,1413,2046,10.9980,2044,2,1413
696000,2048,1,1,0,44543999,1,44546047,0,2047,10.9990,2046,2,0x9450f7974b,0,1,0,1,1414,2047,10.9990,2046,1,1414
697000,2048,1,1,0,44607488,1,44609536,0,2046,10.9980,2044,2,0x9f58ed23be,64,1835,0,2,1416,2046,10.9980,2044,2,1416
698000,2048,1,1,0,44670976,1,44673024,0,2046,10.9980,2044,2,0xbfe9801b56,70,1849,0,2,1418,2046,10.9980,2044,2,1418
699000,2048,1,1,0,44734464,1,44736512,0,2048,11.0000,2048,1,0xfb3d0c2c0f,61,1864,0,0,1418,2048,11.0000,2048,0,1418
700000,2048,1,1,0,44799999,1,44802047,0,2047,10.9990,2046,2,0xdbbe6ddfb1,0,0,0,1,1419,2047,10.9990,2046,1,1419
701000,2048,1,1,0,44863488,1,44865536,0,2048,11.0000,2048,1,0x123db6ff3f,65,1862,0,0,1419,2048,11.0000,2048,0,1419
702000,2048,1,1,0,44926976,1,44929024,0,2046,10.9980,2044,2,0x16980b1f48,73,1833,0,2,1421,2046,10.9980,2044,2,1421
703000,2048,1,1,0,44990464,1,44992512,0,2046,10.9980,2044,2,0xea2ec2ad57,66,1823,0,2,1423,2046,10.9980,2044,2,1423
704000,2048,1,1,0,45055999,1,45058047,0,2046,10.9980,2044,2,0xf3f72f8aee,0,1,0,2,1425,2046,10.9980,2044,2,1425
705000,2048,1,1,0,45119488,1,45121536,0,2042,10.9941,2036,2,0x87cc2ac384,54,1831,0,6,1431,2042,10.9941,2036,6,1431
706000,2048,1,1,0,45182976,1,45185024,0,2044,10.9961,2040,2,0x4619a26855,71,1864,0,4,1435,2044,10.9961,2040,4,1435
707000,2048,1,1,0,45246464,1,45248512,0,2048,11.0000,2048,1,0x2b47c51812,49,1815,0,0,1435,2048,11.0000,2048,0,1435
708000,2048,1,1,0,45311999,1,45314047,0,2047,10.9990,2046,2,0x0dbf4f6572,0,1,0,1,1436,2047,10.9990,2046,1,1436
709000,2048,1,1,0,45375488,1,45377536,0,2045,10.9971,2042,2,0x9ab990cca7,76,1853,0,3,1439,2045,10.9971,2042,3,1439
710000,2048,1,1,0,45438976,1,45441024,0,2047,10.9990,2046,2,0x3ca31b402d,52,1836,0,1,1440,2047,10.9990,2046,1,1440
711000,2048,1,1,0,45502464,1,45504512,0,2046,10.9980,2044,2,0x7c5a57fe50,57,1834,0,2,1442,2046,10.9980,2044,2,1442
712000,2048,1,1,0,45567999,1,45570047,0,2046,10.9980,2044,2,0x80d70c8088,0,0,0,2,1444,2046,10.9980,2044,2,1444
713000,2048,1,1,0,45631488,1,45633536,0,2045,10.9971,2042,2,0x20c888646d,63,1841,0,3,1447,2045,10.9971,2042,3,1447
714000,2048,1,1,0,45694976,1,45697024,0,2047,10.9990,2046,2,0x06d6c6bbe3,57,1856,0,1,1448,2047,10.9990,2046,1,1448
715000,2048,1,1,0,45758464,1,45760512,0,2047,10.9990,2046,2,0x3b52290777,74,1875,0,1,1449,2047,10.9990,2046,1,1449
716000,2048,1,1,0,45823999,1,45826047,0,2045,10.9971,2042,2,0xd0ff3a6ffc,0,0,0,3,1452,2045,10.9971,2042,3,1452
717000,2048,1,1,0,45887488,1,45889536,0,2045,10.9971,2042,2,0x60206854b9,58,1833,0,3,1455,2045,10.9971,2042,3,1455
718000,2048,1,1,0,45950976,1,45953024,0,2048,11.0000,2048,1,0x6d94751600,64,1838,0,0,1455,2048,11.0000,2048,0,1455
719000,2048,1,1,0,46014464,1,46016512,0,2046,10.9980,2044,2,0x3735376006,70,1845,0,2,1457,2046,10.9980,2044,2,1457
720000,2048,1,1,0,46079999,1,46082047,0,2044,10.9961,2040,2,0x354120d3a4,0,1,0,4,1461,2044,10.9961,2040,4,1461
721000,2048,1,1,0,46143488,1,46145536,0,2046,10.9980,2044,2,0x25226bfb40,76,1866,0,2,1463,2046,10.9980,2044,2,1463
722000,2048,1,1,0,46206976,1,46209024,0,2047,10.9990,2046,2,0x997df39620,71,1846,0,1,1464,2047,10.9990,2046,1,1464
723000,2048,1,1,0,46270464,1,46272512,0,2047,10.9990,2046,2,0xa8aab9057d,56,1851,0,1,1465,2047,10.9990,2046,1,1465
724000,2048,1,1,0,46335999,1,46338047,0,2044,10.9961,2040,2,0x565c672a0e,0,0,0,4,1469,2044,10.9961,2040,4,1469
725000,2048,1,1,0,46399488,1,46401536,0,2047,10.9990,2046,2,0x0db75632bf,71,1858,0,1,1470,2047,10.9990,2046,1,1470
726000,2048,1,1,0,46462976,1,46465024,0,2042,10.9941,2036,2,0x44eb6a693e,60,1837,0,6,1476,2042,10.9941,2036,6,1476
727000,2048,1,1,0,46526464,1,46528512,0,2046,10.9980,2044,2,0x9afd083202,70,1844,0,2,1478,2046,10.9980,2044,2,1478
728000,2048,1,1,0,46591999,1,46594047,0,2048,11.0000,2048,1,0xc88622e283,0,0,0,0,1478,2048,11.0000,2048,0,1478
729000,2048,1,1,0,46655488,1,46657536,0,2048,11.0000,2048,1,0xc63f4a1b9d,59,1856,0,0,1478,2048,11.0000,2048,0,1478
730000,2048,1,1,0,46718976,1,46721024,0,2046,10.9980,2044,2,0xd38a9bba77,60,1828,0,2,1480,2046,10.9980,2044,2,1480
731000,2048,1,1,0,46782464,1,46784512,0,2047,10.9990,2046,2,0x95ca264c0c,62,1844,0,1,1481,2047,10.9990,2046,1,1481
732000,2048,1,1,0,46847999,1,46850047,0,2048,11.0000,2048,1,0xa0507d7775,0,1,0,0,1481,2048,11.0000,2048,0,1481
733000,2048,1,1,0,46911488,1,46913536,0,2046,10.9980,2044,2,0x56e1760eeb,70,1862,0,2,1483,2046,10.9980,2044,2,1483
734000,2048,1,1,0,46974976,1,46977024,0,2048,11.0000,2048,1,0xa8c0673dc1,64,1862,0,0,1483,2048,11.0000,2048,0,1483
735000,2048,1,1,0,47038464,1,47040512,0,2046,10.9980,2044,2,0xdd89725e22,63,1834,0,2,1485,2046,10.9980,2044,2,1485
736000,2048,1,1,0,47103999,1,47106047,0,2047,10.9990,2046,2,0x19c8a1c8a4,0,1,0,1,1486,2047,10.9990,2046,1,1486
737000,2048,1,1,0,47167488,1,47169536,0,2045,10.9971,2042,2,0xf45127c50d,75,1848,0,3,1489,2045,10.9971,2042,3,1489
738000,2048,1,1,0,47230976,1,47233024,0,2046,10.9980,2044,2,0xfb1eb04f47,76,1839,0,2,1491,2046,10.9980,2044,2,1491
739000,2048,1,1,0,47294464,1,47296512,0,2045,10.9971,2042,2,0x73d1bb7eef,53,1855,0,3,1494,2045,10.9971,2042,3,1494
740000,2048,1,1,0,47359999,1,47362047,0,2047,10.9990,2046,2,0x30940d7b3a,0,1,0,1,1495,2047,10.9990,2046,1,1495
741000,2048,1,1,0,47423488,1,47425536,0,2047,10.9990,2046,2,0xe150ba3723,76,1843,0,1,1496,2047,10.9990,2046,1,1496
742000,2048,1,1,0,47486976,1,47489024,0,2047,10.9990,2046,2,0xfb89d7da8b,61,1851,0,1,1497,2047,10.9990,2046,1,1497
743000,2048,1,1,0,47550464,1,47552512,0,2044,10.9961,2040,2,0x6e8df322ac,71,1866,0,4,1501,2044,10.9961,2040,4,1501
744000,2048,1,1,0,47615999,1,47618047,0,2047,10.9990,2046,2,0x2de1bcfa20,0,1,0,1,1502,2047,10.9990,2046,1,1502
745000,2048,1,1,0,47679488,1,47681536,0,2048,11.0000,2048,1,0x51f01aad91,59,1828,0,0,1502,2048,11.0000,2048,0,1502
746000,2048,1,1,0,47742976,1,47745024,0,2045,10.9971,2042,2,0x4fc6ba44ac,66,1866,0,3,1505,2045,10.9971,2042,3,1505
747000,2048,1,1,0,47806464,1,47808512,0,2048,11.0000,2048,1,0x868e4d3d82,78,1838,0,0,1505,2048,11.0000,2048,0,1505
748000,2048,1,1,0,47871999,1,47874047,0,2048,11.0000,2048,1,0x540f054309,0,1,0,0,1505,2048,11.0000,2048,0,1505
749000,2048,1,1,0,47935488,1,47937536,0,2044,10.9961,2040,2,0xdfddd3f8fd,58,1871,0,4,1509,2044,10.9961,2040,4,1509
750000,2048,1,1,0,47998976,1,48001024,0,2046,10.9980,2044,2,0xa30f548ac0,67,1852,0,2,1511,2046,10.9980,2044,2,1511
751000,2048,1,1,0,48062464,1,48064512,0,2047,10.9990,2046,2,0x8293d265c2,68,1846,0,1,1512,2047,10.9990,2046,1,1512
752000,2048,1,1,0,48127999,1,48130047,0,2047,10.9990,2046,2,0x495ee813ca,0,1,0,1,1513,2047,10.9990,2046,1,1513
753000,2048,1,1,0,48191488,1,48193536,0,2047,10.9990,2046,2,0xad62a3422c,70,1847,0,1,1514,2047,10.9990,2046,1,1514
754000,2048,1,1,0,48254976,1,48257024,0,2045,10.9971,2042,2,0x27539c9a30,63,1844,0,3,1517,2045,10.9971,2042,3,1517
755000,2048,1,1,0,48318464,1,48320512,0,2045,10.9971,2042,2,0x1cd0cedc9d,48,1843,0,3,1520,2045,10.9971,2042,3,1520
756000,2048,1,1,0,48383999,1,48386047,0,2047,10.9990,2046,2,0xf13637bba5,0,1,0,1,1521,2047,10.9990,2046,1,1521
757000,2048,1,1,0,48447488,1,48449536,0,2047,10.9990,2046,2,0xf6f1b77f46,59,1826,0,1,1522,2047,10.9990,2046,1,1522
758000,2048,1,1,0,48510976,1,48513024,0,2047,10.9990,2046,2,0xcfc4239fda,76,1864,0,1,1523,2047,10.9990,2046,1,1523
759000,2048,1,1,0,48574464,1,48576512,0,2047,10.9990,2046,2,0xa22318bce1,62,1852,0,1,1524,2047,10.9990,2046,1,1524
760000,2048,1,1,0,48639999,1,48642047,0,2046,10.9980,2044,2,0x7482267321,0,1,0,2,1526,2046,10.9980,2044,2,1526
761000,2048,1,1,0,48703488,1,48705536,0,2047,10.9990,2046,2,0xbcc9eabc25,60,1846,0,1,1527,2047,10.9990,2046,1,1527
762000,2048,1,1,0,48766976,1,48769024,0,2045,10.9971,2042,2,0xb2242b7fdf,59,1862,0,3,1530,2045,10.9971,2042,3,1530
763000,2048,1,1,0,48830464,1,48832512,0,2047,10.9990,2046,2,0x2d3db41216,63,1822,0,1,1531,2047,10.9990,2046,1,1531
764000,2048,1,1,0,48895999,1,48898047,0,2044,10.9961,2040,2,0xf11d55cc44,0,1,0,4,1535,2044,10.9961,2040,4,1535
765000,2048,1,1,0,48959488,1,48961536,0,2046,10.9980,2044,2,0x0b2da46a8c,69,1864,0,2,1537,2046,10.9980,2044,2,1537
766000,2048,1,1,0,49022976,1,49025024,0,2044,10.9961,2040,2,0xda40471c02,64,1861,0,4,1541,2044,10.9961,2040,4,1541
767000,2048,1,1,0,49086464,1,49088512,0,2046,10.9980,2044,2,0x5e8a8cc95c,54,1842,0,2,1543,2046,10.9980,2044,2,1543
768000,2048,1,1,0,49151999,1,49154047,0,2044,10.9961,2040,2,0xa3a56453d3,0,1,0,4,1547,2044,10.9961,2040,4,1547
769000,2048,1,1,0,49215488,1,49217536,0,2046,10.9980,2044,2,0x55c1d319b1,71,1835,0,2,1549,2046,10.9980,2044,2,1549
770000,2048,1,1,0,49278976,1,49281024,0,2046,10.9980,2044,2,0x421d3fd81f,62,1848,0,2,1551,2046,10.9980,2044,2,1551
771000,2048,1,1,0,49342464,1,49344512,0,2047,10.9990,2046,2,0x5d28a1980e,70,1849,0,1,1552,2047,10.9990,2046,1,1552
772000,2048,1,1,0,49407999,1,49410047,0,2043,10.9951,2038,2,0x4c0f802ce8,0,1,0,5,1557,2043,10.9951,2038,5,1557
773000,2048,1,1,0,49471488,1,49473536,0,2045,10.9971,2042,2,0xd1d5c03af6,60,1832,0,3,1560,2045,10.9971,2042,3,1560
774000,2048,1,1,0,49534976,1,49537024,0,2047,10.9990,2046,2,0x184395d96a,51,1843,0,1,1561,2047,10.9990,2046,1,1561
775000,2048,1,1,0,49598464,1,49600512,0,2045,10.9971,2042,2,0x54709ae947,63,1862,0,3,1564,2045,10.9971,2042,3,1564
776000,2048,1,1,0,49663999,1,49666047,0,2044,10.9961,2040,2,0x6e7376f75b,0,1,0,4,1568,2044,10.9961,2040,4,1568
777000,2048,1,1,0,49727488,1,49729536,0,2045,10.9971,2042,2,0xb77106a6b6,73,1853,0,3,1571,2045,10.9971,2042,3,1571
778000,2048,1,1,0,49790976,1,49793024,0,2045,10.9971,2042,2,0x331dcc8ca6,73,1839,0,3,1574,2045,10.9971,2042,3,1574
779000,2048,1,1,0,49854464,1,49856512,0,2047,10.9990,2046,2,0x1360e92af9,64,1837,0,1,1575,2047,10.9990,2046,1,1575
780000,2048,1,1,0,49919999,1,49922047,0,2045,10.9971,2042,2,0x20f59624e2,0,1,0,3,1578,2045,10.9971,2042,3,1578
781000,2048,1,1,0,49983488,1,49985536,0,2044,10.9961,2040,2,0x1269ce0323,59,1847,0,4,1582,2044,10.9961,2040,4,1582
782000,2048,1,1,0,50046976,1,50049024,0,2046,10.9980,2044,2,0x1620fa2a40,62,1840,0,2,1584,2046,10.9980,2044,2,1584
783000,2048,1,1,0,50110464,1,50112512,0,2047,10.9990,2046,2,0xd4ca3eceb6,73,1849,0,1,1585,2047,10.9990,2046,1,1585
784000,2048,1,1,0,50175999,1,50178047,0,2046,10.9980,2044,2,0x49990b3f0d,0,1,0,2,1587,2046,10.9980,2044,2,1587
785000,2048,1,1,0,50239488,1,50241536,0,2047,10.9990,2046,2,0x22121f6d94,63,1851,0,1,1588,2047,10.9990,2046,1,1588
786000,2048,1,1,0,50302976,1,50305024,0,2046,10.9980,2044,2,0xe6b67b0472,74,1833,0,2,1590,2046,10.9980,2044,2,1590
787000,2048,1,1,0,50366464,1,50368512,0,2047,10.9990,2046,2,0x1aa2425a39,54,1856,0,1,1591,2047,10.9990,2046,1,1591
788000,2048,1,1,0,50431999,1,50434047,0,2046,10.9980,2044,2,0xd741ca8ca2,0,1,0,2,1593,2046,10.9980,2044,2,1593
789000,2048,1,1,0,50495488,1,50497536,0,2048,11.0000,2048,1,0x943eecc049,61,1847,0,0,1593,2048,11.0000,2048,0,1593
790000,2048,1,1,0,50558976,1,50561024,0,2048,11.0000,2048,1,0xfc4ddd6a61,69,1838,0,0,1593,2048,11.0000,2048,0,1593
791000,2048,1,1,0,50622464,1,50624512,0,2047,10.9990,2046,2,0xcc1a9424af,61,1862,0,1,1594,2047,10.9990,2046,1,1594
792000,2048,1,1,0,50687999,1,50690047,0,2048,11.0000,2048,1,0x34d7722243,0,1,0,0,1594,2048,11.0000,2048,0,1594
793000,2048,1,1,0,50751488,1,50753536,0,2045,10.9971,2042,2,0xb225b8a7bd,50,1889,0,3,1597,2045,10.9971,2042,3,1597
794000,2048,1,1,0,50814976,1,50817024,0,2047,10.9990,2046,2,0xfdd93e2446,58,1851,0,1,1598,2047,10.9990,2046,1,1598
795000,2048,1,1,0,50878464,1,50880512,0,2045,10.9971,2042,2,0xbd169b650f,72,1866,0,3,1601,2045,10.9971,2042,3,1601
796000,2048,1,1,0,50943999,1,50946047,0,2044,10.9961,2040,2,0x5aec9765fb,0,1,0,4,1605,2044,10.9961,2040,4,1605
797000,2048,1,1,0,51007488,1,51009536,0,2045,10.9971,2042,2,0xe06cf4d812,69,1848,0,3,1608,2045,10.9971,2042,3,1608
798000,2048,1,1,0,51070976,1,51073024,0,2043,10.9951,2038,2,0xecf794b4df,67,1847,0,5,1613,2043,10.9951,2038,5,1613
799000,2048,1,1,0,51134464,1,51136512,0,2047,10.9990,2046,2,0xd8465f9783,62,1858,0,1,1614,2047,10.9990,2046,1,1614
800000,2048,1,1,0,51199999,1,51202047,0,2046,10.9980,2044,2,0x7fd9e49514,0,1,0,2,1616,2046,10.9980,2044,2,1616
801000,2048,1,1,0,51263488,1,51265536,0,2043,10.9951,2038,2,0x4d29a8ed80,64,1828,0,5,1621,2043,10.9951,2038,5,1621
802000,2048,1,1,0,51326976,1,51329024,0,2048,11.0000,2048,1,0x7395b7891c,60,1856,0,0,1621,2048,11.0000,2048,0,1621
803000,2048,1,1,0,51390464,1,51392512,0,2045,10.9971,2042,2,0x6f5af8f9e9,58,1808,0,3,1624,2045,10.9971,2042,3,1624
804000,2048,1,1,0,51455999,1,51458047,0,2048,11.0000,2048,1,0xbd6c3a8782,0,1,0,0,1624,2048,11.0000,2048,0,1624
805000,2048,1,1,0,51519488,1,51521536,0,2045,10.9971,2042,2,0x0ebeb9cb5c,83,1875,0,3,1627,2045,10.9971,2042,3,1627
806000,2048,1,1,0,51582976,1,51585024,0,2048,11.0000,2048,1,0xada585a4c0,53,1868,0,0,1627,2048,11.0000,2048,0,1627
807000,2048,1,1,0,51646464,1,51648512,0,2046,10.9980,2044,2,0x7f2139cf7a,59,1854,0,2,1629,2046,10.9980,2044,2,1629
808000,2048,1,1,0,51711999,1,51714047,0,2047,10.9990,2046,2,0x040242a322,0,1,0,1,1630,2047,10.9990,2046,1,1630
809000,2048,1,1,0,51775488,1,51777536,0,2045,10.9971,2042,2,0x4906935675,63,1862,0,3,1633,2045,10.9971,2042,3,1633
810000,2048,1,1,0,51838976,1,51841024,0,2045,10.9971,2042,2,0xdd4de012fc,64,1842,0,3,1636,2045,10.9971,2042,3,1636
811000,2048,1,1,0,51902464,1,51904512,0,2044,10.9961,2040,2,0x5b20f6e43f,53,1847,0,4,1640,2044,10.9961,2040,4,1640
812000,2048,1,1,0,51967999,1,51970047,0,2047,10.9990,2046,2,0xf5ef1438a1,0,1,0,1,1641,2047,10.9990,2046,1,1641
813000,2048,1,1,0,52031488,1,52033536,0,2043,10.9951,2038,2,0x8927574a44,54,1844,0,5,1646,2044,10.9961,2040,4,1645
814000,2048,1,1,0,52094976,1,52097024,0,2047,10.9990,2046,2,0xc2bfb75e8d,63,1853,0,1,1647,2047,10.9990,2046,1,1646
815000,2048,1,1,0,52158464,1,52160512,0,2046,10.9980,2044,2,0x4fa4eb035f,86,1844,0,2,1649,2046,10.9980,2044,2,1648
816000,2048,1,1,0,52223999,1,52226047,0,2046,10.9980,2044,2,0x439932678e,0,1,0,2,1651,2046,10.9980,2044,2,1650
817000,2048,1,1,0,52287488,1,52289536,0,2044,10.9961,2040,2,0xcd5bf6d4bc,70,1825,0,4,1655,2044,10.9961,2040,4,1654
818000,2048,1,1,0,52350976,1,52353024,0,2046,10.9980,2044,2,0x3a2ae4c6e7,60,1834,0,2,1657,2046,10.9980,2044,2,1656
819000,2048,1,1,0,52414464,1,52416512,0,2047,10.9990,2046,2,0x7d2a6fbf62,66,1846,0,1,1658,2047,10.9990,2046,1,1657
820000,2048,1,1,0,52479999,1,52482047,0,2047,10.9990,2046,2,0xd3303df6ed,0,1,0,1,1659,2047,10.9990,2046,1,1658
821000,2048,1,1,0,52543488,1,52545536,0,2044,10.9961,2040,2,0x8e2f504a42,65,1842,0,4,1663,2044,10.9961,2040,4,1662
822000,2048,1,1,0,52606976,1,52609024,0,2044,10.9961,2040,2,0x0a97b077fc,66,1861,0,4,1667,2044,10.9961,2040,4,1666
823000,2048,1,1,0,52670464,1,52672512,0,2046,10.9980,2044,2,0x26712678f2,63,1851,0,2,1669,2046,10.9980,2044,2,1668
824000,2048,1,1,0,52735999,1,52738047,0,2044,10.9961,2040,2,0xae3fa4d393,0,1,0,4,1673,2044,10.9961,2040,4,1672
825000,2048,1,1,0,52799488,1,52801536,0,2047,10.9990,2046,2,0x85dec34d66,65,1851,0,1,1674,2047,10.9990,2046,1,1673
826000,2048,1,1,0,52862976,1,52865024,0,2045,10.9971,2042,2,0x2876d7e6e8,61,1843,0,3,1677,2045,10.9971,2042,3,1676
827000,2048,1,1,0,52926464,1,52928512,0,2048,11.0000,2048,1,0x4c93aeafb0,58,1851,0,0,1677,2048,11.0000,2048,0,1676
828000,2048,1,1,0,52991999,1,52994047,0,2046,10.9980,2044,2,0x4f57b662bb,0,1,0,2,1679,2046,10.9980,2044,2,1678
829000,2048,1,1,0,53055488,1,53057536,0,2046,10.9980,2044,2,0xc67da3e0dd,50,1866,0,2,1681,2046,10.9980,2044,2,1680
830000,2048,1,1,0,53118976,1,53121024,0,2047,10.9990,2046,2,0xc02624ef84,59,1845,0,1,1682,2047,10.9990,2046,1,1681
831000,2048,1,1,0,53182464,1,53184512,0,2046,10.9980,2044,2,0xd85f8be9df,68,1861,0,2,1684,2046,10.9980,2044,2,1683
832000,2048,1,1,0,53247999,1,53250047,0,2047,10.9990,2046,2,0x6fae69a72e,0,1,0,1,1685,2047,10.9990,2046,1,1684
833000,2048,1,1,0,53311488,1,53313536,0,2047,10.9990,2046,2,0x2edcba0885,79,1847,0,1,1686,2047,10.9990,2046,1,1685
834000,2048,1,1,0,53374976,1,53377024,0,2044,10.9961,2040,2,0x75f557d110,66,1858,0,4,1690,2044,10.9961,2040,4,1689
835000,2048,1,1,0,53438464,1,53440512,0,2046,10.9980,2044,2,0xd664047171,69,1854,0,2,1692,2046,10.9980,2044,2,1691
836000,2048,1,1,0,53503999,1,53506047,0,2045,10.9971,2042,2,0x9473938059,0,0,0,3,1695,2045,10.9971,2042,3,1694
837000,2048,1,1,0,53567488,1,53569536,0,2044,10.9961,2040,2,0x4368e0b3bf,70,1838,0,4,1699,2044,10.9961,2040,4,1698
838000,2048,1,1,0,53630976,1,53633024,0,2047,10.9990,2046,2,0xb7c2e2c611,75,1856,0,1,1700,2047,10.9990,2046,1,1699
839000,2048,1,1,0,53694464,1,53696512,0,2047,10.9990,2046,2,0x1876ecd873,55,1848,0,1,1701,2047,10.9990,2046,1,1700
840000,2048,1,1,0,53759999,1,53762047,0,2046,10.9980,2044,2,0xaa5ed872d4,0,0,0,2,1703,2046,10.9980,2044,2,1702
841000,2048,1,1,0,53823488,1,53825536,0,2044,10.9961,2040,2,0xba06f21930,61,1841,0,4,1707,2044,10.9961,2040,4,1706
842000,2048,1,1,0,53886976,1,53889024,0,2045,10.9971,2042,2,0x051c3c169f,71,1855,0,3,1710,2045,10.9971,2042,3,1709
843000,2048,1,1,0,53950464,1,53952512,0,2044,10.9961,2040,2,0x48ed3bc7cf,61,1851,0,4,1714,2044,10.9961,2040,4,1713
844000,2048,1,1,0,54015999,1,54018047,0,2048,11.0000,2048,1,0xe73830d3e1,0,1,0,0,1714,2048,11.0000,2048,0,1713
845000,2048,1,1,0,54079488,1,54081536,0,2047,10.9990,2046,2,0xa453471f79,69,1856,0,1,1715,2047,10.9990,2046,1,1714
846000,2048,1,1,0,54142976,1,54145024,0,2046,10.9980,2044,2,0x7bde6ab4f4,54,1842,0,2,1717,2046,10.9980,2044,2,1716
847000,2048,1,1,0,54206464,1,54208512,0,2048,11.0000,2048,1,0x9597496475,63,1855,0,0,1717,2048,11.0000,2048,0,1716
848000,2048,1,1,0,54271999,1,54274047,0,2047,10.9990,2046,2,0x27a1fae6bd,0,0,0,1,1718,2047,10.9990,2046,1,1717
849000,2048,1,1,0,54335488,1,54337536,0,2046,10.9980,2044,2,0xeb9c32d872,70,1836,0,2,1720,2046,10.9980,2044,2,1719
850000,2048,1,1,0,54398976,1,54401024,0,2045,10.9971,2042,2,0x9ad171cf25,59,1856,0,3,1723,2045,10.9971,2042,3,1722
851000,2048,1,1,0,54462464,1,54464512,0,2046,10.9980,2044,2,0x1b82fcdfe2,70,1848,0,2,1725,2046,10.9980,2044,2,1724
852000,2048,1,1,0,54527999,1,54530047,0,2047,10.9990,2046,2,0x7b2ab24d08,0,1,0,1,1726,2047,10.9990,2046,1,1725
853000,2048,1,1,0,54591488,1,54593536,0,2044,10.9961,2040,2,0xbabe4632ba,82,1854,0,4,1730,2044,10.9961,2040,4,1729
854000,2048,1,1,0,54654976,1,54657024,0,2047,10.9990,2046,2,0x2d3225f43b,58,1837,0,1,1731,2047,10.9990,2046,1,1730
855000,2048,1,1,0,54718464,1,54720512,0,2047,10.9990,2046,2,0x9c71aa6b94,73,1856,0,1,1732,2047,10.9990,2046,1,1731
856000,2048,1,1,0,54783999,1,54786047,0,2044,10.9961,2040,2,0x6ad4b74c27,0,0,0,4,1736,2044,10.9961,2040,4,1735
857000,2048,1,1,0,54847488,1,54849536,0,2048,11.0000,2048,1,0x624b6486dd,55,1847,0,0,1736,2048,11.0000,2048,0,1735
858000,2048,1,1,0,54910976,1,54913024,0,2047,10.9990,2046,2,0x417437b9e2,76,1855,0,1,1737,2047,10.9990,2046,1,1736
859000,2048,1,1,0,54974464,1,54976512,0,2048,11.0000,2048,1,0x9dee14aa0a,54,1859,0,0,1737,2048,11.0000,2048,0,1736
860000,2048,1,1,0,55039999,1,55042047,0,2048,11.0000,2048,1,0x272a554e15,0,1,0,0,1737,2048,11.0000,2048,0,1736
861000,2048,1,1,0,55103488,1,55105536,0,2047,10.9990,2046,2,0x16d261b003,53,1870,0,1,1738,2047,10.9990,2046,1,1737
862000,2048,1,1,0,55166976,1,55169024,0,2046,10.9980,2044,2,0x24610b8973,64,1820,0,2,1740,2046,10.9980,2044,2,1739
863000,2048,1,1,0,55230464,1,55232512,0,2044,10.9961,2040,2,0x1b7cd69f9a,82,1864,0,4,1744,2044,10.9961,2040,4,1743
864000,2048,1,1,0,55295999,1,55298047,0,2045,10.9971,2042,2,0x7a9a943f9b,0,1,0,3,1747,2045,10.9971,2042,3,1746
865000,2048,1,1,0,55359488,1,55361536,0,2045,10.9971,2042,2,0xfdfac7a80c,66,1822,0,3,1750,2045,10.9971,2042,3,1749
866000,2048,1,1,0,55422976,1,55425024,0,2045,10.9971,2042,2,0xa92436b9bc,56,1859,0,3,1753,2045,10.9971,2042,3,1752
867000,2048,1,1,0,55486464,1,55488512,0,2047,10.9990,2046,2,0x2b181b6f2f,67,1849,0,1,1754,2047,10.9990,2046,1,1753
868000,2048,1,1,0,55551999,1,55554047,0,2048,11.0000,2048,1,0x224cf7a1c7,0,1,0,0,1754,2048,11.0000,2048,0,1753
869000,2048,1,1,0,55615488,1,55617536,0,2046,10.9980,2044,2,0xa32ce28ad0,64,1857,0,2,1756,2046,10.9980,2044,2,1755
870000,2048,1,1,0,55678976,1,55681024,0,2047,10.9990,2046,2,0x6619ee8089,59,1865,0,1,1757,2047,10.9990,2046,1,1756
871000,2048,1,1,0,55742464,1,55744512,0,2045,10.9971,2042,2,0x6483346d87,65,1834,0,3,1760,2045,10.9971,2042,3,1759
872000,2048,1,1,0,55807999,1,55810047,0,2046,10.9980,2044,2,0x0300ed7679,0,0,0,2,1762,2046,10.9980,2044,2,1761
873000,2048,1,1,0,55871488,1,55873536,0,2046,10.9980,2044,2,0xae3cf6b6cd,60,1852,0,2,1764,2046,10.9980,2044,2,1763
874000,2048,1,1,0,55934976,1,55937024,0,2047,10.9990,2046,2,0x6f2389c5e5,73,1855,0,1,1765,2047,10.9990,2046,1,1764
875000,2048,1,1,0,55998464,1,56000512,0,2048,11.0000,2048,1,0x3f92b7deb7,67,1858,0,0,1765,2048,11.0000,2048,0,1764
876000,2048,1,1,0,56063999,1,56066047,0,2047,10.9990,2046,2,0xe8df7f9b45,0,1,0,1,1766,2047,10.9990,2046,1,1765
877000,2048,1,1,0,56127488,1,56129536,0,2047,10.9990,2046,2,0x9adb86902e,60,1866,0,1,1767,2047,10.9990,2046,1,1766
878000,2048,1,1,0,56190976,1,56193024,0,2048,11.0000,2048,1,0x413e2603b1,66,1847,0,0,1767,2048,11.0000,2048,0,1766
879000,2048,1,1,0,56254464,1,56256512,0,2046,10.9980,2044,2,0x3e1134fbb8,56,1850,0,2,1769,2046,10.9980,2044,2,1768
880000,2048,1,1,0,56319999,1,56322047,0,2047,10.9990,2046,2,0x5f46041073,0,1,0,1,1770,2047,10.9990,2046,1,1769
881000,2048,1,1,0,56383488,1,56385536,0,2044,10.9961,2040,2,0x4898365f3f,63,1863,0,4,1774,2044,10.9961,2040,4,1773
882000,2048,1,1,0,56446976,1,56449024,0,2044,10.9961,2040,2,0xd106e758bb,58,1835,0,4,1778,2044,10.9961,2040,4,1777
883000,2048,1,1,0,56510464,1,56512512,0,2048,11.0000,2048,1,0xccb337c012,59,1841,0,0,1778,2048,11.0000,2048,0,1777
884000,2048,1,1,0,56575999,1,56578047,0,2044,10.9961,2040,2,0x143dcc0daa,0,1,0,4,1782,2044,10.9961,2040,4,1781
885000,2048,1,1,0,56639488,1,56641536,0,2047,10.9990,2046,2,0x0928d55b0a,68,1838,0,1,1783,2047,10.9990,2046,1,1782
886000,2048,1,1,0,56702976,1,56705024,0,2044,10.9961,2040,2,0x937ef52e2e,74,1849,0,4,1787,2044,10.9961,2040,4,1786
887000,2048,1,1,0,56766464,1,56768512,0,2046,10.9980,2044,2,0xcfad6d04b9,70,1829,0,2,1789,2046,10.9980,2044,2,1788
888000,2048,1,1,0,56831999,1,56834047,0,2046,10.9980,2044,2,0x93998bee5e,0,1,0,2,1791,2046,10.9980,2044,2,1790
889000,2048,1,1,0,56895488,1,56897536,0,2045,10.9971,2042,2,0x8a3379c786,52,1854,0,3,1794,2045,10.9971,2042,3,1793
890000,2048,1,1,0,56958976,1,56961024,0,2048,11.0000,2048,1,0xc93e905d1d,71,1826,0,0,1794,2048,11.0000,2048,0,1793
891000,2048,1,1,0,57022464,1,57024512,0,2043,10.9951,2038,2,0xec181a74a6,78,1847,0,5,1799,2043,10.9951,2038,5,1798
892000,2048,1,1,0,57087999,1,57090047,0,2046,10.9980,2044,2,0xb1fbf3dede,0,1,0,2,1801,2046,10.9980,2044,2,1800
893000,2048,1,1,0,57151488,1,57153536,0,2047,10.9990,2046,2,0x0dbe2637d4,70,1852,0,1,1802,2047,10.9990,2046,1,1801
894000,2048,1,1,0,57214976,1,57217024,0,2043,10.9951,2038,2,0xd91633385a,60,1844,0,5,1807,2043,10.9951,2038,5,1806
895000,2048,1,1,0,57278464,1,57280512,0,2046,10.9980,2044,2,0xbde5e4a452,68,1862,0,2,1809,2046,10.9980,2044,2,1808
896000,2048,1,1,0,57343999,1,57346047,0,2046,10.9980,2044,2,0x8ded8dcd89,0,1,0,2,1811,2046,10.9980,2044,2,1810
897000,2048,1,1,0,57407488,1,57409536,0,2045,10.9971,2042,2,0x84ab07a1ab,62,1838,0,3,1814,2045,10.9971,2042,3,1813
898000,2048,1,1,0,57470976,1,57473024,0,2044,10.9961,2040,2,0x25e94c498a,73,1837,0,4,1818,2044,10.9961,2040,4,1817
899000,2048,1,1,0,57534464,1,57536512,0,2046,10.9980,2044,2,0x1d7b89868f,57,1850,0,2,1820,2046,10.9980,2044,2,1819
900000,2048,1,1,0,57599999,1,57602047,0,2046,10.9980,2044,2,0x90b28976d5,0,1,0,2,1822,2046,10.9980,2044,2,1821
901000,2048,1,1,0,57663488,1,57665536,0,2046,10.9980,2044,2,0xfc069f383d,66,1843,0,2,1824,2046,10.9980,2044,2,1823
902000,2048,1,1,0,57726976,1,57729024,0,2046,10.9980,2044,2,0x254cca94d9,67,1827,0,2,1826,2046,10.9980,2044,2,1825
903000,2048,1,1,0,57790464,1,57792512,0,2044,10.9961,2040,2,0xbe007015bf,67,1848,0,4,1830,2044,10.9961,2040,4,1829
904000,2048,1,1,0,57855999,1,57858047,0,2047,10.9990,2046,2,0xf0259629b7,0,1,0,1,1831,2047,10.9990,2046,1,1830
905000,2048,1,1,0,57919488,1,57921536,0,2046,10.9980,2044,2,0xe391d7ed94,62,1851,0,2,1833,2046,10.9980,2044,2,1832
906000,2048,1,1,0,57982976,1,57985024,0,2045,10.9971,2042,2,0xbe43c3fea6,68,1849,0,3,1836,2045,10.9971,2042,3,1835
907000,2048,1,1,0,58046464,1,58048512,0,2047,10.9990,2046,2,0xe02f1d464d,52,1851,0,1,1837,2047,10.9990,2046,1,1836
908000,2048,1,1,0,58111999,1,58114047,0,2048,11.0000,2048,1,0x955d97a514,0,1,0,0,1837,2048,11.0000,2048,0,1836
909000,2048,1,1,0,58175488,1,58177536,0,2048,11.0000,2048,1,0x4803329f22,43,1833,0,0,1837,2048,11.0000,2048,0,1836
910000,2048,1,1,0,58238976,1,58241024,0,2042,10.9941,2036,2,0xa69577ec72,67,1846,0,6,1843,2042,10.9941,2036,6,1842
911000,2048,1,1,0,58302464,1,58304512,0,2046,10.9980,2044,2,0xe80ee1404b,53,1836,0,2,1845,2046,10.9980,2044,2,1844
912000,2048,1,1,0,58367999,1,58370047,0,2048,11.0000,2048,1,0x2ef6b1fec8,0,0,0,0,1845,2048,11.0000,2048,0,1844
913000,2048,1,1,0,58431488,1,58433536,0,2046,10.9980,2044,2,0xf3730f302b,59,1865,0,2,1847,2046,10.9980,2044,2,1846
914000,2048,1,1,0,58494976,1,58497024,0,2048,11.0000,2048,1,0x8cc7765b8b,69,1862,0,0,1847,2048,11.0000,2048,0,1846
915000,2048,1,1,0,58558464,1,58560512,0,2046,10.9980,2044,2,0x85b6b32cc8,67,1839,0,2,1849,2046,10.9980,2044,2,1848
916000,2048,1,1,0,58623999,1,58626047,0,2045,10.9971,2042,2,0x7d46ff849e,0,1,0,3,1852,2045,10.9971,2042,3,1851
917000,2048,1,1,0,58687488,1,58689536,0,2046,10.9980,2044,2,0x47928c6062,78,1846,0,2,1854,2046,10.9980,2044,2,1853
918000,2048,1,1,0,58750976,1,58753024,0,2047,10.9990,2046,2,0xdc5f8e030a,67,1875,0,1,1855,2047,10.9990,2046,1,1854
919000,2048,1,1,0,58814464,1,58816512,0,2046,10.9980,2044,2,0x7d2ebb238e,78,1850,0,2,1857,2046,10.9980,2044,2,1856
920000,2048,1,1,0,58879999,1,58882047,0,2046,10.9980,2044,2,0x4e204321a8,0,1,0,2,1859,2046,10.9980,2044,2,1858
921000,2048,1,1,0,58943488,1,58945536,0,2043,10.9951,2038,2,0x8fd1f7340f,58,1825,0,5,1864,2043,10.9951,2038,5,1863
922000,2048,1,1,0,59006976,1,59009024,0,2046,10.9980,2044,2,0xec41b7b25a,58,1824,0,2,1866,2046,10.9980,2044,2,1865
923000,2048,1,1,0,59070464,1,59072512,0,2046,10.9980,2044,2,0xd60ac72efa,71,1843,0,2,1868,2046,10.9980,2044,2,1867
924000,2048,1,1,0,59135999,1,59138047,0,2045,10.9971,2042,2,0xb9f031ada2,0,1,0,3,1871,2045,10.9971,2042,3,1870
925000,2048,1,1,0,59199488,1,59201536,0,2047,10.9990,2046,2,0xa5149a3b90,69,1822,0,1,1872,2047,10.9990,2046,1,1871
926000,2048,1,1,0,59262976,1,59265024,0,2044,10.9961,2040,2,0x9f7f34fa07,66,1863,0,4,1876,2044,10.9961,2040,4,1875
927000,2048,1,1,0,59326464,1,59328512,0,2044,10.9961,2040,2,0x6940730c02,62,1846,0,4,1880,2044,10.9961,2040,4,1879
928000,2048,1,1,0,59391999,1,59394047,0,2046,10.9980,2044,2,0xd6f7f75958,0,1,0,2,1882,2046,10.9980,2044,2,1881
929000,2048,1,1,0,59455488,1,59457536,0,2044,10.9961,2040,2,0x12072fcc92,61,1854,0,4,1886,2044,10.9961,2040,4,1885
930000,2048,1,1,0,59518976,1,59521024,0,2045,10.9971,2042,2,0x869037f3c1,74,1846,0,3,1889,2045,10.9971,2042,3,1888
931000,2048,1,1,0,59582464,1,59584512,0,2046,10.9980,2044,2,0x448309c85d,59,1848,0,2,1891,2046,10.9980,2044,2,1890
932000,2048,1,1,0,59647999,1,59650047,0,2045,10.9971,2042,2,0x2053c5d33f,0,1,0,3,1894,2045,10.9971,2042,3,1893
933000,2048,1,1,0,59711488,1,59713536,0,2046,10.9980,2044,2,0xa510ff30d8,54,1842,0,2,1896,2046,10.9980,2044,2,1895
934000,2048,1,1,0,59774976,1,59777024,0,2046,10.9980,2044,2,0x34a547b097,66,1849,0,2,1898,2046,10.9980,2044,2,1897
935000,2048,1,1,0,59838464,1,59840512,0,2047,10.9990,2046,2,0xff10af67ed,72,1865,0,1,1899,2047,10.9990,2046,1,1898
936000,2048,1,1,0,59903999,1,59906047,0,2045,10.9971,2042,2,0xd7f985436a,0,1,0,3,1902,2045,10.9971,2042,3,1901
937000,2048,1,1,0,59967488,1,59969536,0,2047,10.9990,2046,2,0xfc1df20fe6,67,1853,0,1,1903,2047,10.9990,2046,1,1902
938000,2048,1,1,0,60030976,1,60033024,0,2046,10.9980,2044,2,0x23e2db900b,75,1852,0,2,1905,2046,10.9980,2044,2,1904
939000,2048,1,1,0,60094464,1,60096512,0,2048,11.0000,2048,1,0x01c8bbb9da,65,1855,0,0,1905,2048,11.0000,2048,0,1904
940000,2048,1,1,0,60159999,1,60162047,0,2044,10.9961,2040,2,0x11b1d209b2,0,1,0,4,1909,2044,10.9961,2040,4,1908
941000,2048,1,1,0,60223488,1,60225536,0,2048,11.0000,2048,1,0x8306af162b,50,1854,0,0,1909,2048,11.0000,2048,0,1908
942000,2048,1,1,0,60286976,1,60289024,0,2044,10.9961,2040,2,0xc0b73ef3cb,61,1876,0,4,1913,2044,10.9961,2040,4,1912
943000,2048,1,1,0,60350464,1,60352512,0,2042,10.9941,2036,2,0x81a58c0f8a,64,1831,0,6,1919,2042,10.9941,2036,6,1918
944000,2048,1,1,0,60415999,1,60418047,0,2045,10.9971,2042,2,0x63845e5cb6,0,1,0,3,1922,2045,10.9971,2042,3,1921
945000,2048,1,1,0,60479488,1,60481536,0,2045,10.9971,2042,2,0x977e97b6ed,77,1873,0,3,1925,2045,10.9971,2042,3,1924
946000,2048,1,1,0,60542976,1,60545024,0,2046,10.9980,2044,2,0x23a3c9a32d,70,1829,0,2,1927,2046,10.9980,2044,2,1926
947000,2048,1,1,0,60606464,1,60608512,0,2046,10.9980,2044,2,0x76a62cccfe,53,1856,0,2,1929,2046,10.9980,2044,2,1928
948000,2048,1,1,0,60671999,1,60674047,0,2045,10.9971,2042,2,0x5ec5146c83,0,1,0,3,1932,2045,10.9971,2042,3,1931
949000,2048,1,1,0,60735488,1,60737536,0,2047,10.9990,2046,2,0x1ab34b6b87,68,1846,0,1,1933,2047,10.9990,2046,1,1932
950000,2048,1,1,0,60798976,1,60801024,0,2045,10.9971,2042,2,0x21b7ad3fce,62,1832,0,3,1936,2045,10.9971,2042,3,1935
951000,2048,1,1,0,60862464,1,60864512,0,2046,10.9980,2044,2,0x0f90817e43,65,1843,0,2,1938,2046,10.9980,2044,2,1937
952000,2048,1,1,0,60927999,1,60930047,0,2045,10.9971,2042,2,0x605c8f446b,0,1,0,3,1941,2045,10.9971,2042,3,1940
953000,2048,1,1,0,60991488,1,60993536,0,2046,10.9980,2044,2,0x82b70c5121,57,1855,0,2,1943,2046,10.9980,2044,2,1942
954000,2048,1,1,0,61054976,1,61057024,0,2046,10.9980,2044,2,0x6a8687957b,72,1852,0,2,1945,2046,10.9980,2044,2,1944
955000,2048,1,1,0,61118464,1,61120512,0,2046,10.9980,2044,2,0x248eb7f8a3,67,1833,0,2,1947,2046,10.9980,2044,2,1946
956000,2048,1,1,0,61183999,1,61186047,0,2048,11.0000,2048,1,0x2f3a9ca1b5,0,1,0,0,1947,2048,11.0000,2048,0,1946
957000,2048,1,1,0,61247488,1,61249536,0,2045,10.9971,2042,2,0x08ed4a34c3,58,1856,0,3,1950,2045,10.9971,2042,3,1949
958000,2048,1,1,0,61310976,1,61313024,0,2045,10.9971,2042,2,0xf86b9f01d0,68,1848,0,3,1953,2045,10.9971,2042,3,1952
959000,2048,1,1,0,61374464,1,61376512,0,2047,10.9990,2046,2,0x6c712d45c6,79,1859,0,1,1954,2047,10.9990,2046,1,1953
960000,2048,1,1,0,61439999,1,61442047,0,2048,11.0000,2048,1,0x218c0b0c5c,0,1,0,0,1954,2048,11.0000,2048,0,1953
961000,2048,1,1,0,61503488,1,61505536,0,2046,10.9980,2044,2,0xcf4ec43021,61,1848,0,2,1956,2046,10.9980,2044,2,1955
962000,2048,1,1,0,61566976,1,61569024,0,2046,10.9980,2044,2,0xb3f2ac80ef,67,1846,0,2,1958,2046,10.9980,2044,2,1957
963000,2048,1,1,0,61630464,1,61632512,0,2044,10.9961,2040,2,0xff9f02b3ac,58,1848,0,4,1962,2044,10.9961,2040,4,1961
964000,2048,1,1,0,61695999,1,61698047,0,2048,11.0000,2048,1,0xd7400f72c9,0,1,0,0,1962,2048,11.0000,2048,0,1961
965000,2048,1,1,0,61759488,1,61761536,0,2046,10.9980,2044,2,0x6740d6ea36,62,1833,0,2,1964,2046,10.9980,2044,2,1963
966000,2048,1,1,0,61822976,1,61825024,0,2047,10.9990,2046,2,0x2fea00ab8d,62,1822,0,1,1965,2047,10.9990,2046,1,1964
967000,2048,1,1,0,61886464,1,61888512,0,2047,10.9990,2046,2,0xafeaee431a,64,1805,0,1,1966,2047,10.9990,2046,1,1965
968000,2048,1,1,0,61951999,1,61954047,0,2045,10.9971,2042,2,0x959a30400e,0,1,0,3,1969,2045,10.9971,2042,3,1968
969000,2048,1,1,0,62015488,1,62017536,0,2047,10.9990,2046,2,0x06f53ccd6c,70,1827,0,1,1970,2047,10.9990,2046,1,1969
970000,2048,1,1,0,62078976,1,62081024,0,2046,10.9980,2044,2,0xd5d25c1bf4,64,1846,0,2,1972,2046,10.9980,2044,2,1971
971000,2048,1,1,0,62142464,1,62144512,0,2047,10.9990,2046,2,0x5c35ad0e0f,52,1845,0,1,1973,2047,10.9990,2046,1,1972
972000,2048,1,1,0,62207999,1,62210047,0,2044,10.9961,2040,2,0x867624c1df,0,1,0,4,1977,2044,10.9961,2040,4,1976
973000,2048,1,1,0,62271488,1,62273536,0,2048,11.0000,2048,1,0xb69a697558,66,1845,0,0,1977,2048,11.0000,2048,0,1976
974000,2048,1,1,0,62334976,1,62337024,0,2045,10.9971,2042,2,0xc3f335db15,62,1830,0,3,1980,2045,10.9971,2042,3,1979
975000,2048,1,1,0,62398464,1,62400512,0,2044,10.9961,2040,2,0x1b920129d6,62,1832,0,4,1984,2044,10.9961,2040,4,1983
976000,2048,1,1,0,62463999,1,62466047,0,2047,10.9990,2046,2,0x33e985261e,0,1,0,1,1985,2047,10.9990,2046,1,1984
977000,2048,1,1,0,62527488,1,62529536,0,2047,10.9990,2046,2,0xc36a1b0ac9,53,1850,0,1,1986,2047,10.9990,2046,1,1985
978000,2048,1,1,0,62590976,1,62593024,0,2048,11.0000,2048,1,0x5ecf41e23b,68,1873,0,0,1986,2048,11.0000,2048,0,1985
979000,2048,1,1,0,62654464,1,62656512,0,2045,10.9971,2042,2,0x15a0bef296,68,1840,0,3,1989,2045,10.9971,2042,3,1988
980000,2048,1,1,0,62719999,1,62722047,0,2045,10.9971,2042,2,0x7a8b0a8257,0,1,0,3,1992,2045,10.9971,2042,3,1991
981000,2048,1,1,0,62783488,1,62785536,0,2045,10.9971,2042,2,0x75866c21a1,69,1851,0,3,1995,2045,10.9971,2042,3,1994
982000,2048,1,1,0,62846976,1,62849024,0,2047,10.9990,2046,2,0x57fa79d0a1,67,1824,0,1,1996,2047,10.9990,2046,1,1995
983000,2048,1,1,0,62910464,1,62912512,0,2042,10.9941,2036,2,0xae26ff3e37,76,1841,0,6,2002,2042,10.9941,2036,6,2001
984000,2048,1,1,0,62975999,1,62978047,0,2043,10.9951,2038,2,0x604e5cbefe,0,1,0,5,2007,2043,10.9951,2038,5,2006
985000,2048,1,1,0,63039488,1,63041536,0,2045,10.9971,2042,2,0x964a6496ea,72,1854,0,3,2010,2045,10.9971,2042,3,2009
986000,2048,1,1,0,63102976,1,63105024,0,2047,10.9990,2046,2,0xfa331f9935,53,1847,0,1,2011,2047,10.9990,2046,1,2010
987000,2048,1,1,0,63166464,1,63168512,0,2046,10.9980,2044,2,0x7cfed7b7f2,70,1854,0,2,2013,2046,10.9980,2044,2,2012
988000,2048,1,1,0,63231999,1,63234047,0,2047,10.9990,2046,2,0xe6e026043e,0,1,0,1,2014,2047,10.9990,2046,1,2013
989000,2048,1,1,0,63295488,1,63297536,0,2047,10.9990,2046,2,0x53eaf4001c,66,1842,0,1,2015,2047,10.9990,2046,1,2014
990000,2048,1,1,0,63358976,1,63361024,0,2046,10.9980,2044,2,0x1acc2bc654,69,1849,0,2,2017,2046,10.9980,2044,2,2016
991000,2048,1,1,0,63422464,1,63424512,0,2046,10.9980,2044,2,0xc768607bc2,72,1850,0,2,2019,2046,10.9980,2044,2,2018
992000,2048,1,1,0,63487999,1,63490047,0,2047,10.9990,2046,2,0x0fcb043afa,0,0,0,1,2020,2047,10.9990,2046,1,2019
993000,2048,1,1,0,63551488,1,63553536,0,2045,10.9971,2042,2,0xce09b557fa,63,1827,0,3,2023,2045,10.9971,2042,3,2022
994000,2048,1,1,0,63614976,1,63617024,0,2045,10.9971,2042,2,0x003768bcef,48,1820,0,3,2026,2045,10.9971,2042,3,2025
995000,2048,1,1,0,63678464,1,63680512,0,2045,10.9971,2042,2,0x2a89544846,69,1832,0,3,2029,2045,10.9971,2042,3,2028
996000,2048,1,1,0,63743999,1,63746047,0,2044,10.9961,2040,2,0xc2aff8cadf,0,1,0,4,2033,2044,10.9961,2040,4,2032
997000,2048,1,1,0,63807488,1,63809536,0,2047,10.9990,2046,2,0xeeea94e04c,69,1836,0,1,2034,2047,10.9990,2046,1,2033
998000,2048,1,1,0,63870976,1,63873024,0,2046,10.9980,2044,2,0x73300475f4,76,1842,0,2,2036,2046,10.9980,2044,2,2035
999000,2048,1,1,0,63934464,1,63936512,0,2047,10.9990,2046,2,0xedd0aceb22,51,1855,0,1,2037,2047,10.9990,2046,1,2036
1000000,2048,1,1,0,63999999,1,64002047,0,2045,10.9971,2042,2,0x538bf4bcfd,0,1,0,3,2040,2045,10.9971,2042,3,2039
1001000,2048,1,1,0,64063488,1,64065536,0,2047,10.9990,2046,2,0x93cef05b66,53,1855,0,1,2041,2047,10.9990,2046,1,2040
1002000,2048,1,1,0,64126976,1,64129024,0,2047,10.9990,2046,2,0x9161c8d1ac,82,1864,0,1,2042,2047,10.9990,2046,1,2041
1003000,2048,1,1,0,64190464,1,64192512,0,2044,10.9961,2040,2,0xa82eb18007,76,1856,0,4,2046,2044,10.9961,2040,4,2045
1004000,2048,1,1,0,64255999,1,64258047,0,2047,10.9990,2046,2,0x00894fa2df,0,1,0,1,2047,2047,10.9990,2046,1,2046
1005000,2048,1,1,0,64319488,1,64321536,0,2048,11.0000,2048,1,0x478a788420,63,1844,0,0,2047,2048,11.0000,2048,0,2046
1006000,2048,1,1,0,64382976,1,64385024,0,2046,10.9980,2044,2,0xea27d41f76,64,1847,0,2,2049,2046,10.9980,2044,2,2048
1007000,2048,1,1,0,64446464,1,64448512,0,2048,11.0000,2048,1,0xfb72016d78,73,1871,0,0,2049,2048,11.0000,2048,0,2048
1008000,2048,1,1,0,64511999,1,64514047,0,2046,10.9980,2044,2,0xb6ad19ac1a,0,1,0,2,2051,2046,10.9980,2044,2,2050
1009000,2048,1,1,0,64575488,1,64577536,0,2045,10.9971,2042,2,0xaa40234a57,74,1858,0,3,2054,2045,10.9971,2042,3,2053
1010000,2048,1,1,0,64638976,1,64641024,0,2046,10.9980,2044,2,0xd597b3ed5c,57,1841,0,2,2056,2046,10.9980,2044,2,2055
1011000,2048,1,1,0,64702464,1,64704512,0,2043,10.9951,2038,2,0x743423ce91,62,1854,0,5,2061,2043,10.9951,2038,5,2060
1012000,2048,1,1,0,64767999,1,64770047,0,2045,10.9971,2042,2,0xbb02f8a6dc,0,1,0,3,2064,2045,10.9971,2042,3,2063
1013000,2048,1,1,0,64831488,1,64833536,0,2045,10.9971,2042,2,0x1b27ba1efd,61,1838,0,3,2067,2045,10.9971,2042,3,2066
1014000,2048,1,1,0,64894976,1,64897024,0,2048,11.0000,2048,1,0x694910f621,74,1846,0,0,2067,2048,11.0000,2048,0,2066
1015000,2048,1,1,0,64958464,1,64960512,0,2047,10.9990,2046,2,0xb9f9539184,52,1853,0,1,2068,2047,10.9990,2046,1,2067
1016000,2048,1,1,0,65023999,1,65026047,0,2047,10.9990,2046,2,0xd0e684e52c,0,1,0,1,2069,2047,10.9990,2046,1,2068
1017000,2048,1,1,0,65087488,1,65089536,0,2045,10.9971,2042,2,0x6ac8192861,52,1867,0,3,2072,2045,10.9971,2042,3,2071
1018000,2048,1,1,0,65150976,1,65153024,0,2045,10.9971,2042,2,0xa7c2280241,68,1854,0,3,2075,2045,10.9971,2042,3,2074
1019000,2048,1,1,0,65214464,1,65216512,0,2045,10.9971,2042,2,0x5c1a3ed4d2,65,1879,0,3,2078,2045,10.9971,2042,3,2077
1020000,2048,1,1,0,65279999,1,65282047,0,2047,10.9990,2046,2,0xc9ab214892,0,0,0,1,2079,2047,10.9990,2046,1,2078
1021000,2048,1,1,0,65343488,1,65345536,0,2045,10.9971,2042,2,0x9d33060bb8,65,1848,0,3,2082,2045,10.9971,2042,3,2081
1022000,2048,1,1,0,65406976,1,65409024,0,2047,10.9990,2046,2,0x8966484b7d,62,1853,0,1,2083,2047,10.9990,2046,1,2082
1023000,2048,1,1,0,65470464,1,65472512,0,2046,10.9980,2044,2,0x07bb4291bc,63,1839,0,2,2085,2046,10.9980,2044,2,2084
1024000,2048,1,1,0,65535999,1,65538047,0,2046,10.9980,2044,2,0x8595fdf988,0,1,0,2,2087,2046,10.9980,2044,2,2086
1025000,2048,1,1,0,65599488,1,65601536,0,2046,10.9980,2044,2,0x00835ea783,78,1850,0,2,2089,2046,10.9980,2044,2,2088
1026000,2048,1,1,0,65662976,1,65665024,0,2047,10.9990,2046,2,0x2b54570231,72,1870,0,1,2090,2047,10.9990,2046,1,2089
1027000,2048,1,1,0,65726464,1,65728512,0,2047,10.9990,2046,2,0xa2cafee905,53,1836,0,1,2091,2047,10.9990,2046,1,2090
1028000,2048,1,1,0,65791999,1,65794047,0,2047,10.9990,2046,2,0xe34532cbcc,0,1,0,1,2092,2047,10.9990,2046,1,2091
1029000,2048,1,1,0,65855488,1,65857536,0,2047,10.9990,2046,2,0x7435469e65,70,1830,0,1,2093,2047,10.9990,2046,1,2092
1030000,2048,1,1,0,65918976,1,65921024,0,2047,10.9990,2046,2,0xd3f744728f,54,1865,0,1,2094,2047,10.9990,2046,1,2093
1031000,2048,1,1,0,65982464,1,65984512,0,2046,10.9980,2044,2,0xd7519dbce8,72,1872,0,2,2096,2046,10.9980,2044,2,2095
1032000,2048,1,1,0,66047999,1,66050047,0,2047,10.9990,2046,2,0x2d9d6c9dc0,0,1,0,1,2097,2047,10.9990,2046,1,2096
1033000,2048,1,1,0,66111488,1,66113536,0,2046,10.9980,2044,2,0xeec5b9240c,58,1853,0,2,2099,2046,10.9980,2044,2,2098
1034000,2048,1,1,0,66174976,1,66177024,0,2044,10.9961,2040,2,0xacadc8286a,60,1869,0,4,2103,2044,10.9961,2040,4,2102
1035000,2048,1,1,0,66238464,1,66240512,0,2044,10.9961,2040,2,0x63df188ca7,62,1851,0,4,2107,2044,10.9961,2040,4,2106
1036000,2048,1,1,0,66303999,1,66306047,0,2045,10.9971,2042,2,0x7c60876d84,0,1,0,3,2110,2045,10.9971,2042,3,2109
1037000,2048,1,1,0,66367488,1,66369536,0,2047,10.9990,2046,2,0x7c0fe3af06,64,1839,0,1,2111,2047,10.9990,2046,1,2110
1038000,2048,1,1,0,66430976,1,66433024,0,2045,10.9971,2042,2,0x5f767b1444,53,1852,0,3,2114,2045,10.9971,2042,3,2113
1039000,2048,1,1,0,66494464,1,66496512,0,2046,10.9980,2044,2,0xac4d71809c,72,1845,0,2,2116,2046,10.9980,2044,2,2115
1040000,2048,1,1,0,66559999,1,66562047,0,2047,10.9990,2046,2,0xcf92a9c494,0,1,0,1,2117,2047,10.9990,2046,1,2116
1041000,2048,1,1,0,66623488,1,66625536,0,2045,10.9971,2042,2,0x6b8bfab79e,63,1858,0,3,2120,2045,10.9971,2042,3,2119
1042000,2048,1,1,0,66686976,1,66689024,0,2045,10.9971,2042,2,0x2821bf8e92,61,1844,0,3,2123,2045,10.9971,2042,3,2122
1043000,2048,1,1,0,66750464,1,66752512,0,2044,10.9961,2040,2,0xdf4c9fd6d4,81,1863,0,4,2127,2044,10.9961,2040,4,2126
1044000,2048,1,1,0,66815999,1,66818047,0,2046,10.9980,2044,2,0x7d4893c6f0,0,1,0,2,2129,2046,10.9980,2044,2,2128
1045000,2048,1,1,0,66879488,1,66881536,0,2047,10.9990,2046,2,0xcf88a5802d,54,1851,0,1,2130,2047,10.9990,2046,1,2129
1046000,2048,1,1,0,66942976,1,66945024,0,2045,10.9971,2042,2,0x24e41dce4f,70,1847,0,3,2133,2045,10.9971,2042,3,2132
1047000,2048,1,1,0,67006464,1,67008512,0,2048,11.0000,2048,1,0x05f07130fa,66,1842,0,0,2133,2048,11.0000,2048,0,2132
1048000,2048,1,1,0,67071999,1,67074047,0,2046,10.9980,2044,2,0x029ce8409e,0,1,0,2,2135,2046,10.9980,2044,2,2134
1049000,2048,1,1,0,67135488,1,67137536,0,2048,11.0000,2048,1,0xce950a624d,65,1832,0,0,2135,2048,11.0000,2048,0,2134
1050000,2048,1,1,0,67198976,1,67201024,0,2044,10.9961,2040,2,0x94e8b3d243,67,1857,0,4,2139,2044,10.9961,2040,4,2138
1051000,2048,1,1,0,67262464,1,67264512,0,2047,10.9990,2046,2,0xffeb17f385,76,1857,0,1,2140,2047,10.9990,2046,1,2139
1052000,2048,1,1,0,67327999,1,67330047,0,2047,10.9990,2046,2,0xf55273e6d5,0,1,0,1,2141,2047,10.9990,2046,1,2140
1053000,2048,1,1,0,67391488,1,67393536,0,2045,10.9971,2042,2,0xfc3194c7c3,67,1874,0,3,2144,2045,10.9971,2042,3,2143
1054000,2048,1,1,0,67454976,1,67457024,0,2048,11.0000,2048,1,0x012c58271e,71,1854,0,0,2144,2048,11.0000,2048,0,2143
1055000,2048,1,1,0,67518464,1,67520512,0,2048,11.0000,2048,1,0x54493a32d3,73,1834,0,0,2144,2048,11.0000,2048,0,2143
1056000,2048,1,1,0,67583999,1,67586047,0,2047,10.9990,2046,2,0x02663f5a19,1,1,0,1,2145,2047,10.9990,2046,1,2144
1057000,2048,1,1,0,67647488,1,67649536,0,2047,10.9990,2046,2,0x46ac28f15a,66,1830,0,1,2146,2047,10.9990,2046,1,2145
1058000,2048,1,1,0,67710976,1,67713024,0,2044,10.9961,2040,2,0x645f05f2db,76,1860,0,4,2150,2044,10.9961,2040,4,2149
1059000,2048,1,1,0,67774464,1,67776512,0,2045,10.9971,2042,2,0x2eeaa9a2b6,60,1837,0,3,2153,2045,10.9971,2042,3,2152
1060000,2048,1,1,0,67839999,1,67842047,0,2044,10.9961,2040,2,0xdc5aaf66f2,0,1,0,4,2157,2044,10.9961,2040,4,2156
1061000,2048,1,1,0,67903488,1,67905536,0,2048,11.0000,2048,1,0x3be5d0d5b1,58,1839,0,0,2157,2048,11.0000,2048,0,2156
1062000,2048,1,1,0,67966976,1,67969024,0,2047,10.9990,2046,2,0x239e80e919,79,1869,0,1,2158,2047,10.9990,2046,1,2157
1063000,2048,1,1,0,68030464,1,68032512,0,2046,10.9980,2044,2,0xe2a61ec46d,63,1843,0,2,2160,2046,10.9980,2044,2,2159
1064000,2048,1,1,0,68095999,1,68098047,0,2046,10.9980,2044,2,0x7f1fc3484d,0,1,0,2,2162,2046,10.9980,2044,2,2161
1065000,2048,1,1,0,68159488,1,68161536,0,2047,10.9990,2046,2,0x7a0a59c2d9,62,1864,0,1,2163,2047,10.9990,2046,1,2162
1066000,2048,1,1,0,68222976,1,68225024,0,2043,10.9951,2038,2,0xa461ab1292,75,1846,0,5,2168,2043,10.9951,2038,5,2167
1067000,2048,1,1,0,68286464,1,68288512,0,2047,10.9990,2046,2,0x034791d239,86,1855,0,1,2169,2047,10.9990,2046,1,2168
1068000,2048,1,1,0,68351999,1,68354047,0,2045,10.9971,2042,2,0x208d72401c,0,1,0,3,2172,2045,10.9971,2042,3,2171
1069000,2048,1,1,0,68415488,1,68417536,0,2045,10.9971,2042,2,0xe9fb5cf165,55,1854,0,3,2175,2045,10.9971,2042,3,2174
1070000,2048,1,1,0,68478976,1,68481024,0,2047,10.9990,2046,2,0x9176dc3ff2,58,1866,0,1,2176,2047,10.9990,2046,1,2175
1071000,2048,1,1,0,68542464,1,68544512,0,2047,10.9990,2046,2,0x05382fcf1b,63,1843,0,1,2177,2047,10.9990,2046,1,2176
1072000,2048,1,1,0,68607999,1,68610047,0,2045,10.9971,2042,2,0x3e171498f7,0,0,0,3,2180,2045,10.9971,2042,3,2179
1073000,2048,1,1,0,68671488,1,68673536,0,2047,10.9990,2046,2,0x0423b96948,60,1828,0,1,2181,2047,10.9990,2046,1,2180
1074000,2048,1,1,0,68734976,1,68737024,0,2048,11.0000,2048,1,0x51ddee70c7,68,1846,0,0,2181,2048,11.0000,2048,0,2180
1075000,2048,1,1,0,68798464,1,68800512,0,2048,11.0000,2048,1,0x56be83b279,69,1836,0,0,2181,2048,11.0000,2048,0,2180
1076000,2048,1,1,0,68863999,1,68866047,0,2048,11.0000,2048,1,0x352fe55618,0,1,0,0,2181,2048,11.0000,2048,0,2180
1077000,2048,1,1,0,68927488,1,68929536,0,2047,10.9990,2046,2,0x0132b6b2bb,58,1862,0,1,2182,2047,10.9990,2046,1,2181
1078000,2048,1,1,0,68990976,1,68993024,0,2045,10.9971,2042,2,0x4e17190ad8,62,1873,0,3,2185,2045,10.9971,2042,3,2184
1079000,2048,1,1,0,69054464,1,69056512,0,2046,10.9980,2044,2,0xc039faf51d,69,1843,0,2,2187,2046,10.9980,2044,2,2186
1080000,2048,1,1,0,69119999,1,69122047,0,2048,11.0000,2048,1,0x47adaaa339,0,1,0,0,2187,2048,11.0000,2048,0,2186
1081000,2048,1,1,0,69183488,1,69185536,0,2048,11.0000,2048,1,0x1592fb3415,49,1838,0,0,2187,2048,11.0000,2048,0,2186
1082000,2048,1,1,0,69246976,1,69249024,0,2048,11.0000,2048,1,0xf54dfefa3e,53,1831,0,0,2187,2048,11.0000,2048,0,2186
1083000,2048,1,1,0,69310464,1,69312512,0,2045,10.9971,2042,2,0xd34c31b9e0,66,1855,0,3,2190,2045,10.9971,2042,3,2189
1084000,2048,1,1,0,69375999,1,69378047,0,2045,10.9971,2042,2,0x85d7803b31,0,1,0,3,2193,2045,10.9971,2042,3,2192
1085000,2048,1,1,0,69439488,1,69441536,0,2045,10.9971,2042,2,0x5fc4f2bc75,62,1843,0,3,2196,2045,10.9971,2042,3,2195
1086000,2048,1,1,0,69502976,1,69505024,0,2047,10.9990,2046,2,0x974617a7ea,63,1844,0,1,2197,2047,10.9990,2046,1,2196
1087000,2048,1,1,0,69566464,1,69568512,0,2044,10.9961,2040,2,0x0763abeb27,71,1846,0,4,2201,2044,10.9961,2040,4,2200
1088000,2048,1,1,0,69631999,1,69634047,0,2045,10.9971,2042,2,0xef13c5737e,0,1,0,3,2204,2045,10.9971,2042,3,2203
1089000,2048,1,1,0,69695488,1,69697536,0,2042,10.9941,2036,2,0x03dee8ad2d,84,1850,0,6,2210,2042,10.9941,2036,6,2209
1090000,2048,1,1,0,69758976,1,69761024,0,2045,10.9971,2042,2,0x304e20a917,64,1855,0,3,2213,2045,10.9971,2042,3,2212
1091000,2048,1,1,0,69822464,1,69824512,0,2047,10.9990,2046,2,0x85ac90880a,63,1836,0,1,2214,2047,10.9990,2046,1,2213
1092000,2048,1,1,0,69887999,1,69890047,0,2046,10.9980,2044,2,0xd3efe5efb3,0,0,0,2,2216,2046,10.9980,2044,2,2215
1093000,2048,1,1,0,69951488,1,69953536,0,2045,10.9971,2042,2,0x442293fc46,70,1853,0,3,2219,2045,10.9971,2042,3,2218
1094000,2048,1,1,0,70014976,1,70017024,0,2047,10.9990,2046,2,0xbd6be83149,64,1833,0,1,2220,2047,10.9990,2046,1,2219
1095000,2048,1,1,0,70078464,1,70080512,0,2047,10.9990,2046,2,0x8500d6b877,71,1867,0,1,2221,2047,10.9990,2046,1,2220
1096000,2048,1,1,0,70143999,1,70146047,0,2043,10.9951,2038,2,0x1a2fa2815a,0,1,0,5,2226,2043,10.9951,2038,5,2225
1097000,2048,1,1,0,70207488,1,70209536,0,2047,10.9990,2046,2,0xd395e81112,69,1839,0,1,2227,2047,10.9990,2046,1,2226
1098000,2048,1,1,0,70270976,1,70273024,0,2048,11.0000,2048,1,0x9486854f1c,54,1865,0,0,2227,2048,11.0000,2048,0,2226
1099000,2048,1,1,0,70334464,1,70336512,0,2046,10.9980,2044,2,0xfea761fd10,61,1857,0,2,2229,2046,10.9980,2044,2,2228
1100000,2048,1,1,0,70399999,1,70402047,0,2045,10.9971,2042,2,0xb020be36aa,0,1,0,3,2232,2045,10.9971,2042,3,2231
1101000,2048,1,1,0,70463488,1,70465536,0,2045,10.9971,2042,2,0x2220c32c1f,59,1852,0,3,2235,2045,10.9971,2042,3,2234
1102000,2048,1,1,0,70526976,1,70529024,0,2047,10.9990,2046,2,0x540327d342,70,1856,0,1,2236,2047,10.9990,2046,1,2235
1103000,2048,1,1,0,70590464,1,70592512,0,2048,11.0000,2048,1,0xdc90814b7b,61,1844,0,0,2236,2048,11.0000,2048,0,2235
1104000,2048,1,1,0,70655999,1,70658047,0,2046,10.9980,2044,2,0x9f520d7241,0,1,0,2,2238,2046,10.9980,2044,2,2237
1105000,2048,1,1,0,70719488,1,70721536,0,2047,10.9990,2046,2,0x0b79c0638e,64,1849,0,1,2239,2047,10.9990,2046,1,2238
1106000,2048,1,1,0,70782976,1,70785024,0,2047,10.9990,2046,2,0xc5a659a4d0,58,1847,0,1,2240,2047,10.9990,2046,1,2239
1107000,2048,1,1,0,70846464,1,70848512,0,2046,10.9980,2044,2,0xbbb0036c8b,60,1847,0,2,2242,2046,10.9980,2044,2,2241
1108000,2048,1,1,0,70911999,1,70914047,0,2045,10.9971,2042,2,0x4838b59a45,0,1,0,3,2245,2045,10.9971,2042,3,2244
1109000,2048,1,1,0,70975488,1,70977536,0,2047,10.9990,2046,2,0xb1855cc9c2,68,1849,0,1,2246,2047,10.9990,2046,1,2245
1110000,2048,1,1,0,71038976,1,71041024,0,2046,10.9980,2044,2,0xdf7421c1eb,53,1850,0,2,2248,2046,10.9980,2044,2,2247
1111000,2048,1,1,0,71102464,1,71104512,0,2047,10.9990,2046,2,0x3372d04f5e,74,1864,0,1,2249,2047,10.9990,2046,1,2248
1112000,2048,1,1,0,71167999,1,71170047,0,2047,10.9990,2046,2,0x11ab18850b,0,1,0,1,2250,2047,10.9990,2046,1,2249
1113000,2048,1,1,0,71231488,1,71233536,0,2045,10.9971,2042,2,0xef73bbca48,62,1864,0,3,2253,2045,10.9971,2042,3,2252
1114000,2048,1,1,0,71294976,1,71297024,0,2045,10.9971,2042,2,0x0f2dafd102,63,1845,0,3,2256,2045,10.9971,2042,3,2255
1115000,2048,1,1,0,71358464,1,71360512,0,2047,10.9990,2046,2,0x0d44db3542,55,1856,0,1,2257,2047,10.9990,2046,1,2256
1116000,2048,1,1,0,71423999,1,71426047,0,2044,10.9961,2040,2,0xf2db433725,0,1,0,4,2261,2044,10.9961,2040,4,2260
1117000,2048,1,1,0,71487488,1,71489536,0,2046,10.9980,2044,2,0x0562c59d2b,68,1827,0,2,2263,2046,10.9980,2044,2,2262
1118000,2048,1,1,0,71550976,1,71553024,0,2048,11.0000,2048,1,0x56147f2da0,70,1848,0,0,2263,2048,11.0000,2048,0,2262
1119000,2048,1,1,0,71614464,1,71616512,0,2044,10.9961,2040,2,0x114079bfd8,60,1853,0,4,2267,2044,10.9961,2040,4,2266
1120000,2048,1,1,0,71679999,1,71682047,0,2046,10.9980,2044,2,0x63ba007234,0,1,0,2,2269,2046,10.9980,2044,2,2268
1121000,2048,1,1,0,71743488,1,71745536,0,2047,10.9990,2046,2,0x67a194f3d3,53,1842,0,1,2270,2047,10.9990,2046,1,2269
1122000,2048,1,1,0,71806976,1,71809024,0,2045,10.9971,2042,2,0x1f1bea32f8,66,1844,0,3,2273,2045,10.9971,2042,3,2272
1123000,2048,1,1,0,71870464,1,71872512,0,2048,11.0000,2048,1,0x4837e58172,69,1870,0,0,2273,2048,11.0000,2048,0,2272
1124000,2048,1,1,0,71935999,1,71938047,0,2047,10.9990,2046,2,0xebcead85c9,0,1,0,1,2274,2047,10.9990,2046,1,2273
1125000,2048,1,1,0,71999488,1,72001536,0,2048,11.0000,2048,1,0x60111896b8,54,1829,0,0,2274,2048,11.0000,2048,0,2273
1126000,2048,1,1,0,72062976,1,72065024,0,2045,10.9971,2042,2,0xd40186f881,56,1856,0,3,2277,2045,10.9971,2042,3,2276
1127000,2048,1,1,0,72126464,1,72128512,0,2045,10.9971,2042,2,0xcb99a59bcd,75,1838,0,3,2280,2045,10.9971,2042,3,2279
1128000,2048,1,1,0,72191999,1,72194047,0,2046,10.9980,2044,2,0xe8eb83553f,0,1,0,2,2282,2046,10.9980,2044,2,2281
1129000,2048,1,1,0,72255488,1,72257536,0,2048,11.0000,2048,1,0xdd70a6a58a,54,1855,0,0,2282,2048,11.0000,2048,0,2281
1130000,2048,1,1,0,72318976,1,72321024,0,2045,10.9971,2042,2,0x73a2dd4259,74,1841,0,3,2285,2045,10.9971,2042,3,2284
1131000,2048,1,1,0,72382464,1,72384512,0,2046,10.9980,2044,2,0x66008d1fb0,68,1847,0,2,2287,2046,10.9980,2044,2,2286
1132000,2048,1,1,0,72447999,1,72450047,0,2045,10.9971,2042,2,0xec4a7a44c7,0,1,0,3,2290,2045,10.9971,2042,3,2289
1133000,2048,1,1,0,72511488,1,72513536,0,2046,10.9980,2044,2,0xc608ce837e,66,1845,0,2,2292,2046,10.9980,2044,2,2291
1134000,2048,1,1,0,72574976,1,72577024,0,2045,10.9971,2042,2,0xdf1b4f1a00,56,1860,0,3,2295,2045,10.9971,2042,3,2294
1135000,2048,1,1,0,72638464,1,72640512,0,2047,10.9990,2046,2,0x72b017362a,61,1846,0,1,2296,2047,10.9990,2046,1,2295
1136000,2048,1,1,0,72703999,1,72706047,0,2045,10.9971,2042,2,0x2aaee162fa,0,1,0,3,2299,2045,10.9971,2042,3,2298
1137000,2048,1,1,0,72767488,1,72769536,0,2048,11.0000,2048,1,0x4d706b3621,57,1850,0,0,2299,2048,11.0000,2048,0,2298
1138000,2048,1,1,0,72830976,1,72833024,0,2045,10.9971,2042,2,0xe4de41d87c,59,1841,0,3,2302,2045,10.9971,2042,3,2301
1139000,2048,1,1,0,72894464,1,72896512,0,2048,11.0000,2048,1,0x7b2e08af57,64,1861,0,0,2302,2048,11.0000,2048,0,2301
1140000,2048,1,1,0,72959999,1,72962047,0,2044,10.9961,2040,2,0x6a96fb75df,0,1,0,4,2306,2044,10.9961,2040,4,2305
1141000,2048,1,1,0,73023488,1,73025536,0,2046,10.9980,2044,2,0x06bc236b7f,62,1868,0,2,2308,2046,10.9980,2044,2,2307
1142000,2048,1,1,0,73086976,1,73089024,0,2048,11.0000,2048,1,0xec21b9e761,80,1837,0,0,2308,2048,11.0000,2048,0,2307
1143000,2048,1,1,0,73150464,1,73152512,0,2045,10.9971,2042,2,0x2b6fa7d74f,61,1847,0,3,2311,2045,10.9971,2042,3,2310
1144000,2048,1,1,0,73215999,1,73218047,0,2046,10.9980,2044,2,0xd39ed51682,0,1,0,2,2313,2046,10.9980,2044,2,2312
1145000,2048,1,1,0,73279488,1,73281536,0,2047,10.9990,2046,2,0xe9a45a28c6,64,1810,0,1,2314,2047,10.9990,2046,1,2313
1146000,2048,1,1,0,73342976,1,73345024,0,2044,10.9961,2040,2,0x926b3fb400,63,1829,0,4,2318,2044,10.9961,2040,4,2317
1147000,2048,1,1,0,73406464,1,73408512,0,2047,10.9990,2046,2,0xa5df7e2c70,64,1820,0,1,2319,2047,10.9990,2046,1,2318
1148000,2048,1,1,0,73471999,1,73474047,0,2045,10.9971,2042,2,0x5e695ef414,0,1,0,3,2322,2045,10.9971,2042,3,2321
1149000,2048,1,1,0,73535488,1,73537536,0,2045,10.9971,2042,2,0xf05fff8044,58,1837,0,3,2325,2045,10.9971,2042,3,2324
1150000,2048,1,1,0,73598976,1,73601024,0,2047,10.9990,2046,2,0xcf876bfe4f,54,1859,0,1,2326,2047,10.9990,2046,1,2325
1151000,2048,1,1,0,73662464,1,73664512,0,2045,10.9971,2042,2,0xa2d68fa776,49,1847,0,3,2329,2045,10.9971,2042,3,2328
1152000,2048,1,1,0,73727999,1,73730047,0,2048,11.0000,2048,1,0x37a1624794,0,1,0,0,2329,2048,11.0000,2048,0,2328
1153000,2048,1,1,0,73791488,1,73793536,0,2044,10.9961,2040,2,0xa612902b29,54,1835,0,4,2333,2044,10.9961,2040,4,2332
1154000,2048,1,1,0,73854976,1,73857024,0,2048,11.0000,2048,1,0x06eb8e49e6,59,1839,0,0,2333,2048,11.0000,2048,0,2332
1155000,2048,1,1,0,73918464,1,73920512,0,2047,10.9990,2046,2,0xbbf1c9ffa5,63,1865,0,1,2334,2047,10.9990,2046,1,2333
1156000,2048,1,1,0,73983999,1,73986047,0,2045,10.9971,2042,2,0xf07cdcaa2d,0,1,0,3,2337,2045,10.9971,2042,3,2336
1157000,2048,1,1,0,74047488,1,74049536,0,2046,10.9980,2044,2,0x484cbdb4e9,67,1826,0,2,2339,2046,10.9980,2044,2,2338
1158000,2048,1,1,0,74110976,1,74113024,0,2047,10.9990,2046,2,0x519058d95c,66,1850,0,1,2340,2047,10.9990,2046,1,2339
1159000,2048,1,1,0,74174464,1,74176512,0,2048,11.0000,2048,1,0xedd2aca6bd,53,1846,0,0,2340,2048,11.0000,2048,0,2339
1160000,2048,1,1,0,74239999,1,74242047,0,2046,10.9980,2044,2,0x1365784c08,0,1,0,2,2342,2046,10.9980,2044,2,2341
1161000,2048,1,1,0,74303488,1,74305536,0,2047,10.9990,2046,2,0x0b788f7055,55,1845,0,1,2343,2047,10.9990,2046,1,2342
1162000,2048,1,1,0,74366976,1,74369024,0,2048,11.0000,2048,1,0x1331ff252f,55,1837,0,0,2343,2048,11.0000,2048,0,2342
1163000,2048,1,1,0,74430464,1,74432512,0,2047,10.9990,2046,2,0x59d01586b7,69,1857,0,1,2344,2047,10.9990,2046,1,2343
1164000,2048,1,1,0,74495999,1,74498047,0,2045,10.9971,2042,2,0x221242cf3f,0,1,0,3,2347,2045,10.9971,2042,3,2346
1165000,2048,1,1,0,74559488,1,74561536,0,2047,10.9990,2046,2,0x98f66483db,66,1877,0,1,2348,2047,10.9990,2046,1,2347
1166000,2048,1,1,0,74622976,1,74625024,0,2048,11.0000,2048,1,0xb79f5d7ec0,83,1856,0,0,2348,2048,11.0000,2048,0,2347
1167000,2048,1,1,0,74686464,1,74688512,0,2045,10.9971,2042,2,0x0918852328,71,1842,0,3,2351,2045,10.9971,2042,3,2350
1168000,2048,1,1,0,74751999,1,74754047,0,2044,10.9961,2040,2,0xc162306386,0,1,0,4,2355,2044,10.9961,2040,4,2354
1169000,2048,1,1,0,74815488,1,74817536,0,2047,10.9990,2046,2,0x7b74dfab2c,54,1824,0,1,2356,2047,10.9990,2046,1,2355
1170000,2048,1,1,0,74878976,1,74881024,0,2046,10.9980,2044,2,0xfeb01e1c69,69,1881,0,2,2358,2046,10.9980,2044,2,2357
1171000,2048,1,1,0,74942464,1,74944512,0,2044,10.9961,2040,2,0x73145f62e7,40,1852,0,4,2362,2044,10.9961,2040,4,2361
1172000,2048,1,1,0,75007999,1,75010047,0,2048,11.0000,2048,1,0x87941e89e4,0,0,0,0,2362,2048,11.0000,2048,0,2361
1173000,2048,1,1,0,75071488,1,75073536,0,2046,10.9980,2044,2,0x1be8505d23,68,1849,0,2,2364,2047,10.9990,2046,1,2362
1174000,2048,1,1,0,75134976,1,75137024,0,2047,10.9990,2046,2,0xfac0a738ac,51,1864,0,1,2365,2047,10.9990,2046,1,2363
1175000,2048,1,1,0,75198464,1,75200512,0,2046,10.9980,2044,2,0xa4f21a72ef,70,1819,0,2,2367,2046,10.9980,2044,2,2365
1176000,2048,1,1,0,75263999,1,75266047,0,2042,10.9941,2036,2,0xdf3f486fd9,0,1,0,6,2373,2042,10.9941,2036,6,2371
1177000,2048,1,1,0,75327488,1,75329536,0,2045,10.9971,2042,2,0xe0f5d0a1a9,62,1824,0,3,2376,2045,10.9971,2042,3,2374
1178000,2048,1,1,0,75390976,1,75393024,0,2045,10.9971,2042,2,0x50b3945c7a,66,1862,0,3,2379,2045,10.9971,2042,3,2377
1179000,2048,1,1,0,75454464,1,75456512,0,2046,10.9980,2044,2,0xbe4ab768b5,69,1835,0,2,2381,2046,10.9980,2044,2,2379
1180000,2048,1,1,0,75519999,1,75522047,0,2048,11.0000,2048,1,0x1e9d0c67e0,0,1,0,0,2381,2048,11.0000,2048,0,2379
1181000,2048,1,1,0,75583488,1,75585536,0,2044,10.9961,2040,2,0x212f273dcb,62,1870,0,4,2385,2044,10.9961,2040,4,2383
1182000,2048,1,1,0,75646976,1,75649024,0,2047,10.9990,2046,2,0x2b89ec29a8,62,1829,0,1,2386,2047,10.9990,2046,1,2384
1183000,2048,1,1,0,75710464,1,75712512,0,2047,10.9990,2046,2,0xbb559920b3,78,1836,0,1,2387,2047,10.9990,2046,1,2385
1184000,2048,1,1,0,75775999,1,75778047,0,2048,11.0000,2048,1,0xbca0dd4cb5,0,1,0,0,2387,2048,11.0000,2048,0,2385
1185000,2048,1,1,0,75839488,1,75841536,0,2046,10.9980,2044,2,0x4b63ea61e1,62,1864,0,2,2389,2046,10.9980,2044,2,2387
1186000,2048,1,1,0,75902976,1,75905024,0,2048,11.0000,2048,1,0x4244eefd4b,58,1830,0,0,2389,2048,11.0000,2048,0,2387
1187000,2048,1,1,0,75966464,1,75968512,0,2044,10.9961,2040,2,0x9920579283,62,1870,0,4,2393,2044,10.9961,2040,4,2391
1188000,2048,1,1,0,76031999,1,76034047,0,2047,10.9990,2046,2,0x039166659f,0,1,0,1,2394,2047,10.9990,2046,1,2392
1189000,2048,1,1,0,76095488,1,76097536,0,2047,10.9990,2046,2,0xc4af0b09ad,55,1865,0,1,2395,2047,10.9990,2046,1,2393
1190000,2048,1,1,0,76158976,1,76161024,0,2047,10.9990,2046,2,0x33ff242a48,60,1854,0,1,2396,2047,10.9990,2046,1,2394
1191000,2048,1,1,0,76222464,1,76224512,0,2048,11.0000,2048,1,0x657633949a,65,1849,0,0,2396,2048,11.0000,2048,0,2394
1192000,2048,1,1,0,76287999,1,76290047,0,2043,10.9951,2038,2,0x507d10db11,0,1,0,5,2401,2043,10.9951,2038,5,2399
1193000,2048,1,1,0,76351488,1,76353536,0,2047,10.9990,2046,2,0x9e72d5d1e7,68,1858,0,1,2402,2047,10.9990,2046,1,2400
1194000,2048,1,1,0,76414976,1,76417024,0,2045,10.9971,2042,2,0x9355b8a45a,77,1865,0,3,2405,2045,10.9971,2042,3,2403
1195000,2048,1,1,0,76478464,1,76480512,0,2043,10.9951,2038,2,0x9385a617c9,54,1841,0,5,2410,2043,10.9951,2038,5,2408
1196000,2048,1,1,0,76543999,1,76546047,0,2046,10.9980,2044,2,0xe72d486a7c,0,0,0,2,2412,2046,10.9980,2044,2,2410
1197000,2048,1,1,0,76607488,1,76609536,0,2046,10.9980,2044,2,0xa2d516ee0a,61,1841,0,2,2414,2046,10.9980,2044,2,2412
1198000,2048,1,1,0,76670976,1,76673024,0,2045,10.9971,2042,2,0xa162832a71,47,1832,0,3,2417,2045,10.9971,2042,3,2415
1199000,2048,1,1,0,76734464,1,76736512,0,2048,11.0000,2048,1,0x1ec8440c4b,60,1841,0,0,2417,2048,11.0000,2048,0,2415
1200000,2048,1,1,0,76799999,1,76802047,0,2047,10.9990,2046,2,0xe01d05c530,0,1,0,1,2418,2047,10.9990,2046,1,2416
1201000,2048,1,1,0,76863488,1,76865536,0,2048,11.0000,2048,1,0xd9d95b04c5,73,1854,0,0,2418,2048,11.0000,2048,0,2416
1202000,2048,1,1,0,76926976,1,76929024,0,2047,10.9990,2046,2,0xff15fd61f6,62,1813,0,1,2419,2047,10.9990,2046,1,2417
1203000,2048,1,1,0,76990464,1,76992512,0,2046,10.9980,2044,2,0xd92393134c,68,1864,0,2,2421,2046,10.9980,2044,2,2419
1204000,2048,1,1,0,77055999,1,77058047,0,2048,11.0000,2048,1,0xdc0ed126cd,0,1,0,0,2421,2048,11.0000,2048,0,2419
1205000,2048,1,1,0,77119488,1,77121536,0,2047,10.9990,2046,2,0x7ba121b746,54,1827,0,1,2422,2047,10.9990,2046,1,2420
1206000,2048,1,1,0,77182976,1,77185024,0,2048,11.0000,2048,1,0xe7a78ff2a4,71,1854,0,0,2422,2048,11.0000,2048,0,2420
1207000,2048,1,1,0,77246464,1,77248512,0,2047,10.9990,2046,2,0x05734f8c48,62,1856,0,1,2423,2047,10.9990,2046,1,2421
1208000,2048,1,1,0,77311999,1,77314047,0,2047,10.9990,2046,2,0x3dc3916f37,0,1,0,1,2424,2047,10.9990,2046,1,2422
1209000,2048,1,1,0,77375488,1,77377536,0,2047,10.9990,2046,2,0x56bb40bc12,55,1857,0,1,2425,2047,10.9990,2046,1,2423
1210000,2048,1,1,0,77438976,1,77441024,0,2045,10.9971,2042,2,0x42bac041c3,64,1838,0,3,2428,2045,10.9971,2042,3,2426
1211000,2048,1,1,0,77502464,1,77504512,0,2047,10.9990,2046,2,0x2613057db2,54,1835,0,1,2429,2047,10.9990,2046,1,2427
1212000,2048,1,1,0,77567999,1,77570047,0,2046,10.9980,2044,2,0x03c367885a,0,1,0,2,2431,2046,10.9980,2044,2,2429
1213000,2048,1,1,0,77631488,1,77633536,0,2046,10.9980,2044,2,0x79208ec5a7,60,1854,0,2,2433,2046,10.9980,2044,2,2431
1214000,2048,1,1,0,77694976,1,77697024,0,2046,10.9980,2044,2,0xc7db2af517,65,1855,0,2,2435,2046,10.9980,2044,2,2433
1215000,2048,1,1,0,77758464,1,77760512,0,2048,11.0000,2048,1,0xfb85cfa00d,53,1847,0,0,2435,2048,11.0000,2048,0,2433
1216000,2048,1,1,0,77823999,1,77826047,0,2047,10.9990,2046,2,0xaedfafae69,0,0,0,1,2436,2047,10.9990,2046,1,2434
1217000,2048,1,1,0,77887488,1,77889536,0,2046,10.9980,2044,2,0x00ec477406,55,1837,0,2,2438,2046,10.9980,2044,2,2436
1218000,2048,1,1,0,77950976,1,77953024,0,2047,10.9990,2046,2,0x9d6734b1e1,60,1852,0,1,2439,2047,10.9990,2046,1,2437
1219000,2048,1,1,0,78014464,1,78016512,0,2045,10.9971,2042,2,0x60bcd270bd,59,1855,0,3,2442,2045,10.9971,2042,3,2440
1220000,2048,1,1,0,78079999,1,78082047,0,2046,10.9980,2044,2,0x9973447659,0,0,0,2,2444,2046,10.9980,2044,2,2442
1221000,2048,1,1,0,78143488,1,78145536,0,2046,10.9980,2044,2,0xfbe8abef75,70,1855,0,2,2446,2046,10.9980,2044,2,2444
1222000,2048,1,1,0,78206976,1,78209024,0,2046,10.9980,2044,2,0xb97d33a3bb,64,1850,0,2,2448,2046,10.9980,2044,2,2446
1223000,2048,1,1,0,78270464,1,78272512,0,2043,10.9951,2038,2,0x60d8a4c52e,79,1859,0,5,2453,2043,10.9951,2038,5,2451
1224000,2048,1,1,0,78335999,1,78338047,0,2044,10.9961,2040,2,0x19bdf3be77,0,1,0,4,2457,2044,10.9961,2040,4,2455
1225000,2048,1,1,0,78399488,1,78401536,0,2048,11.0000,2048,1,0xf821c247f2,69,1810,0,0,2457,2048,11.0000,2048,0,2455
1226000,2048,1,1,0,78462976,1,78465024,0,2048,11.0000,2048,1,0x5e3f46f775,54,1865,0,0,2457,2048,11.0000,2048,0,2455
1227000,2048,1,1,0,78526464,1,78528512,0,2046,10.9980,2044,2,0xd65857c0be,54,1875,0,2,2459,2046,10.9980,2044,2,2457
1228000,2048,1,1,0,78591999,1,78594047,0,2043,10.9951,2038,2,0xc470d38d4b,0,1,0,5,2464,2043,10.9951,2038,5,2462
1229000,2048,1,1,0,78655488,1,78657536,0,2047,10.9990,2046,2,0xeb02c9b530,86,1838,0,1,2465,2047,10.9990,2046,1,2463
1230000,2048,1,1,0,78718976,1,78721024,0,2044,10.9961,2040,2,0xd46c6b3f7d,54,1842,0,4,2469,2044,10.9961,2040,4,2467
1231000,2048,1,1,0,78782464,1,78784512,0,2044,10.9961,2040,2,0x89ddf667e4,65,1844,0,4,2473,2044,10.9961,2040,4,2471
1232000,2048,1,1,0,78847999,1,78850047,0,2048,11.0000,2048,1,0xa00d6e0121,1,1,0,0,2473,2048,11.0000,2048,0,2471
1233000,2048,1,1,0,78911488,1,78913536,0,2048,11.0000,2048,1,0x94a2a4c2b0,66,1862,0,0,2473,2048,11.0000,2048,0,2471
1234000,2048,1,1,0,78974976,1,78977024,0,2047,10.9990,2046,2,0x8a5b1bcf04,63,1812,0,1,2474,2047,10.9990,2046,1,2472
1235000,2048,1,1,0,79038464,1,79040512,0,2046,10.9980,2044,2,0x3252d6a2ad,70,1864,0,2,2476,2046,10.9980,2044,2,2474
1236000,2048,1,1,0,79103999,1,79106047,0,2048,11.0000,2048,1,0x26afb1585a,0,1,0,0,2476,2048,11.0000,2048,0,2474
1237000,2048,1,1,0,79167488,1,79169536,0,2048,11.0000,2048,1,0x4a6635fa61,69,1834,0,0,2476,2048,11.0000,2048,0,2474
1238000,2048,1,1,0,79230976,1,79233024,0,2047,10.9990,2046,2,0x1ecc2a1581,54,1842,0,1,2477,2047,10.9990,2046,1,2475
1239000,2048,1,1,0,79294464,1,79296512,0,2045,10.9971,2042,2,0x68ea251a5d,62,1847,0,3,2480,2045,10.9971,2042,3,2478
1240000,2048,1,1,0,79359999,1,79362047,0,2046,10.9980,2044,2,0x2009f4fbca,0,1,0,2,2482,2046,10.9980,2044,2,2480
1241000,2048,1,1,0,79423488,1,79425536,0,2046,10.9980,2044,2,0x5d30fb9a27,62,1854,0,2,2484,2046,10.9980,2044,2,2482
1242000,2048,1,1,0,79486976,1,79489024,0,2046,10.9980,2044,2,0xa8d1ad8a81,52,1856,0,2,2486,2046,10.9980,2044,2,2484
1243000,2048,1,1,0,79550464,1,79552512,0,2046,10.9980,2044,2,0xe9393ffd14,62,1849,0,2,2488,2046,10.9980,2044,2,2486
1244000,2048,1,1,0,79615999,1,79618047,0,2046,10.9980,2044,2,0x7c115e897c,0,1,0,2,2490,2046,10.9980,2044,2,2488
1245000,2048,1,1,0,79679488,1,79681536,0,2048,11.0000,2048,1,0x58edd0d36e,72,1845,0,0,2490,2048,11.0000,2048,0,2488
1246000,2048,1,1,0,79742976,1,79745024,0,2047,10.9990,2046,2,0x3756c970e5,68,1854,0,1,2491,2047,10.9990,2046,1,2489
1247000,2048,1,1,0,79806464,1,79808512,0,2046,10.9980,2044,2,0x85130cd0cf,58,1825,0,2,2493,2046,10.9980,2044,2,2491
1248000,2048,1,1,0,79871999,1,79874047,0,2045,10.9971,2042,2,0xc221be3541,0,1,0,3,2496,2045,10.9971,2042,3,2494
1249000,2048,1,1,0,79935488,1,79937536,0,2047,10.9990,2046,2,0x18d7d6fa78,59,1852,0,1,2497,2047,10.9990,2046,1,2495
1250000,2048,1,1,0,79998976,1,80001024,0,2047,10.9990,2046,2,0x6f989331f0,63,1848,0,1,2498,2047,10.9990,2046,1,2496
1251000,2048,1,1,0,80062464,1,80064512,0,2045,10.9971,2042,2,0x1b141ee4fe,76,1837,0,3,2501,2045,10.9971,2042,3,2499
1252000,2048,1,1,0,80127999,1,80130047,0,2045,10.9971,2042,2,0x772f25af6d,0,1,0,3,2504,2045,10.9971,2042,3,2502
1253000,2048,1,1,0,80191488,1,80193536,0,2047,10.9990,2046,2,0x1b4f88d661,54,1835,0,1,2505,2047,10.9990,2046,1,2503
1254000,2048,1,1,0,80254976,1,80257024,0,2043,10.9951,2038,2,0x48a0b61486,79,1839,0,5,2510,2043,10.9951,2038,5,2508
1255000,2048,1,1,0,80318464,1,80320512,0,2044,10.9961,2040,2,0xb857fcd926,71,1817,0,4,2514,2044,10.9961,2040,4,2512
1256000,2048,1,1,0,80383999,1,80386047,0,2043,10.9951,2038,2,0x58e7904cd9,0,1,0,5,2519,2043,10.9951,2038,5,2517
1257000,2048,1,1,0,80447488,1,80449536,0,2045,10.9971,2042,2,0x3796167f88,67,1853,0,3,2522,2045,10.9971,2042,3,2520
1258000,2048,1,1,0,80510976,1,80513024,0,2045,10.9971,2042,2,0xb1ec4df1b6,69,1853,0,3,2525,2045,10.9971,2042,3,2523
1259000,2048,1,1,0,80574464,1,80576512,0,2046,10.9980,2044,2,0x95daf500ae,57,1847,0,2,2527,2046,10.9980,2044,2,2525
1260000,2048,1,1,0,80639999,1,80642047,0,2047,10.9990,2046,2,0x8c30d97f59,0,1,0,1,2528,2047,10.9990,2046,1,2526
1261000,2048,1,1,0,80703488,1,80705536,0,2046,10.9980,2044,2,0xa25b3cccb8,61,1842,0,2,2530,2046,10.9980,2044,2,2528
1262000,2048,1,1,0,80766976,1,80769024,0,2047,10.9990,2046,2,0x5972ebc497,60,1850,0,1,2531,2047,10.9990,2046,1,2529
1263000,2048,1,1,0,80830464,1,80832512,0,2044,10.9957,2041,3,0xd7b9ddaa03,71,1843,0,3,2534,2044,10.9957,2041,3,2532
1264000,2048,1,1,0,80895999,1,80898047,0,2045,10.9971,2042,2,0x3d2034b233,0,0,0,3,2537,2045,10.9971,2042,3,2535
1265000,2048,1,1,0,80959488,1,80961536,0,2046,10.9980,2044,2,0xae4ad1b51b,58,1851,0,2,2539,2046,10.9980,2044,2,2537
1266000,2048,1,1,0,81022976,1,81025024,0,2047,10.9990,2046,2,0xec9233fcf9,64,1833,0,1,2540,2047,10.9990,2046,1,2538
1267000,2048,1,1,0,81086464,1,81088512,0,2047,10.9990,2046,2,0x597fde4216,64,1848,0,1,2541,2047,10.9990,2046,1,2539
1268000,2048,1,1,0,81151999,1,81154047,0,2045,10.9971,2042,2,0x2e23a3ea8f,0,1,0,3,2544,2045,10.9971,2042,3,2542
1269000,2048,1,1,0,81215488,1,81217536,0,2045,10.9971,2042,2,0x2fb1f72bcd,74,1832,0,3,2547,2045,10.9971,2042,3,2545
1270000,2048,1,1,0,81278976,1,81281024,0,2041,10.9932,2034,2,0x187300086d,55,1829,0,7,2554,2041,10.9932,2034,7,2552
1271000,2048,1,1,0,81342464,1,81344512,0,2047,10.9990,2046,2,0x37847edfee,52,1853,0,1,2555,2047,10.9990,2046,1,2553
1272000,2048,1,1,0,81407999,1,81410047,0,2047,10.9990,2046,2,0xe0242454de,0,1,0,1,2556,2047,10.9990,2046,1,2554
1273000,2048,1,1,0,81471488,1,81473536,0,2046,10.9980,2044,2,0xdd1e8fdcff,66,1844,0,2,2558,2046,10.9980,2044,2,2556
1274000,2048,1,1,0,81534976,1,81537024,0,2048,11.0000,2048,1,0xb8c5b2dc92,72,1840,0,0,2558,2048,11.0000,2048,0,2556
1275000,2048,1,1,0,81598464,1,81600512,0,2043,10.9951,2038,2,0xe9a12bc71c,57,1847,0,5,2563,2043,10.9951,2038,5,2561
1276000,2048,1,1,0,81663999,1,81666047,0,2046,10.9980,2044,2,0x85e7d0e596,0,1,0,2,2565,2046,10.9980,2044,2,2563
1277000,2048,1,1,0,81727488,1,81729536,0,2047,10.9990,2046,2,0xb3b2bcc11d,54,1817,0,1,2566,2047,10.9990,2046,1,2564
1278000,2048,1,1,0,81790976,1,81793024,0,2046,10.9980,2044,2,0x72f585152d,59,1825,0,2,2568,2046,10.9980,2044,2,2566
1279000,2048,1,1,0,81854464,1,81856512,0,2044,10.9961,2040,2,0x19fb4885a7,72,1854,0,4,2572,2044,10.9961,2040,4,2570
1280000,2048,1,1,0,81919999,1,81922047,0,2045,10.9971,2042,2,0x393fda1789,0,1,0,3,2575,2045,10.9971,2042,3,2573
1281000,2048,1,1,0,81983488,1,81985536,0,2045,10.9971,2042,2,0xf34a4e5836,55,1847,0,3,2578,2045,10.9971,2042,3,2576
1282000,2048,1,1,0,82046976,1,82049024,0,2045,10.9971,2042,2,0xae331dd916,53,1849,0,3,2581,2045,10.9971,2042,3,2579
1283000,2048,1,1,0,82110464,1,82112512,0,2045,10.9971,2042,2,0x57f82440f4,60,1850,0,3,2584,2045,10.9971,2042,3,2582
1284000,2048,1,1,0,82175999,1,82178047,0,2046,10.9980,2044,2,0x6f5a4e25d5,0,0,0,2,2586,2046,10.9980,2044,2,2584
1285000,2048,1,1,0,82239488,1,82241536,0,2047,10.9990,2046,2,0xb1a6df48a3,56,1840,0,1,2587,2047,10.9990,2046,1,2585
1286000,2048,1,1,0,82302976,1,82305024,0,2047,10.9990,2046,2,0x3a01c2b75c,69,1838,0,1,2588,2047,10.9990,2046,1,2586
1287000,2048,1,1,0,82366464,1,82368512,0,2047,10.9990,2046,2,0xf7b2f23092,67,1849,0,1,2589,2047,10.9990,2046,1,2587
1288000,2048,1,1,0,82431999,1,82434047,0,2044,10.9961,2040,2,0x909ef03b47,0,1,0,4,2593,2044,10.9961,2040,4,2591
1289000,2048,1,1,0,82495488,1,82497536,0,2048,11.0000,2048,1,0xa0a23cf561,66,1852,0,0,2593,2048,11.0000,2048,0,2591
1290000,2048,1,1,0,82558976,1,82561024,0,2047,10.9990,2046,2,0xabca6b2d41,66,1865,0,1,2594,2047,10.9990,2046,1,2592
1291000,2048,1,1,0,82622464,1,82624512,0,2046,10.9980,2044,2,0xc67e9667a8,70,1862,0,2,2596,2046,10.9980,2044,2,2594
1292000,2048,1,1,0,82687999,1,82690047,0,2047,10.9990,2046,2,0x5e45fc257e,0,1,0,1,2597,2047,10.9990,2046,1,2595
1293000,2048,1,1,0,82751488,1,82753536,0,2046,10.9980,2044,2,0x992add6bb6,64,1847,0,2,2599,2046,10.9980,2044,2,2597
1294000,2048,1,1,0,82814976,1,82817024,0,2046,10.9980,2044,2,0x5dc2592d26,60,1850,0,2,2601,2046,10.9980,2044,2,2599
1295000,2048,1,1,0,82878464,1,82880512,0,2047,10.9990,2046,2,0x69a5d5d2ac,74,1875,0,1,2602,2047,10.9990,2046,1,2600
1296000,2048,1,1,0,82943999,1,82946047,0,2046,10.9980,2044,2,0x63996cc075,0,1,0,2,2604,2046,10.9980,2044,2,2602
1297000,2048,1,1,0,83007488,1,83009536,0,2047,10.9990,2046,2,0x8159a72f3d,72,1844,0,1,2605,2047,10.9990,2046,1,2603
1298000,2048,1,1,0,83070976,1,83073024,0,2047,10.9990,2046,2,0xf8fbe0b358,72,1847,0,1,2606,2047,10.9990,2046,1,2604
1299000,2048,1,1,0,83134464,1,83136512,0,2046,10.9980,2044,2,0x8aff407e33,61,1861,0,2,2608,2046,10.9980,2044,2,2606
1300000,2048,1,1,0,83199999,1,83202047,0,2047,10.9990,2046,2,0xe283815bda,0,1,0,1,2609,2047,10.9990,2046,1,2607
1301000,2048,1,1,0,83263488,1,83265536,0,2047,10.9990,2046,2,0x2a9d5ff2b6,66,1869,0,1,2610,2047,10.9990,2046,1,2608
1302000,2048,1,1,0,83326976,1,83329024,0,2047,10.9990,2046,2,0x1e0811af2c,59,1861,0,1,2611,2047,10.9990,2046,1,2609
1303000,2048,1,1,0,83390464,1,83392512,0,2046,10.9980,2044,2,0x95c0cf30e8,56,1847,0,2,2613,2046,10.9980,2044,2,2611
1304000,2048,1,1,0,83455999,1,83458047,0,2046,10.9980,2044,2,0xd96a1a5b5a,0,1,0,2,2615,2046,10.9980,2044,2,2613
1305000,2048,1,1,0,83519488,1,83521536,0,2044,10.9961,2040,2,0xabf5abc53f,76,1844,0,4,2619,2044,10.9961,2040,4,2617
1306000,2048,1,1,0,83582976,1,83585024,0,2046,10.9980,2044,2,0x285136309f,54,1833,0,2,2621,2046,10.9980,2044,2,2619
1307000,2048,1,1,0,83646464,1,83648512,0,2046,10.9980,2044,2,0x0e2716df88,60,1849,0,2,2623,2046,10.9980,2044,2,2621
1308000,2048,1,1,0,83711999,1,83714047,0,2047,10.9990,2046,2,0x2a05aa6aad,0,1,0,1,2624,2047,10.9990,2046,1,2622
1309000,2048,1,1,0,83775488,1,83777536,0,2043,10.9951,2038,2,0x5eabf6ef5d,69,1837,0,5,2629,2043,10.9951,2038,5,2627
1310000,2048,1,1,0,83838976,1,83841024,0,2048,11.0000,2048,1,0x22b1db70fa,51,1834,0,0,2629,2048,11.0000,2048,0,2627
1311000,2048,1,1,0,83902464,1,83904512,0,2047,10.9990,2046,2,0xc101e141ee,64,1857,0,1,2630,2047,10.9990,2046,1,2628
1312000,2048,1,1,0,83967999,1,83970047,0,2048,11.0000,2048,1,0xa4f23ae3f0,0,1,0,0,2630,2048,11.0000,2048,0,2628
1313000,2048,1,1,0,84031488,1,84033536,0,2045,10.9971,2042,2,0x055db9c4c6,76,1870,0,3,2633,2045,10.9971,2042,3,2631
1314000,2048,1,1,0,84094976,1,84097024,0,2048,11.0000,2048,1,0x79fe0d43e1,60,1850,0,0,2633,2048,11.0000,2048,0,2631
1315000,2048,1,1,0,84158464,1,84160512,0,2045,10.9971,2042,2,0x329ea14007,75,1850,0,3,2636,2045,10.9971,2042,3,2634
1316000,2048,1,1,0,84223999,1,84226047,0,2046,10.9980,2044,2,0xb9c9489610,0,1,0,2,2638,2046,10.9980,2044,2,2636
1317000,2048,1,1,0,84287488,1,84289536,0,2046,10.9980,2044,2,0xf11bc25132,67,1830,0,2,2640,2046,10.9980,2044,2,2638
1318000,2048,1,1,0,84350976,1,84353024,0,2044,10.9961,2040,2,0x085f3d3151,53,1867,0,4,2644,2044,10.9961,2040,4,2642
1319000,2048,1,1,0,84414464,1,84416512,0,2046,10.9980,2044,2,0x8f732573d9,54,1855,0,2,2646,2046,10.9980,2044,2,2644
1320000,2048,1,1,0,84479999,1,84482047,0,2046,10.9980,2044,2,0x9a709c03a4,0,0,0,2,2648,2046,10.9980,2044,2,2646
1321000,2048,1,1,0,84543488,1,84545536,0,2045,10.9971,2042,2,0x30b769bc10,64,1839,0,3,2651,2045,10.9971,2042,3,2649
1322000,2048,1,1,0,84606976,1,84609024,0,2046,10.9980,2044,2,0x58cd5d0e7f,59,1847,0,2,2653,2046,10.9980,2044,2,2651
1323000,2048,1,1,0,84670464,1,84672512,0,2046,10.9980,2044,2,0x137c71ea23,56,1824,0,2,2655,2046,10.9980,2044,2,2653
1324000,2048,1,1,0,84735999,1,84738047,0,2047,10.9990,2046,2,0x3b74ee844b,0,1,0,1,2656,2047,10.9990,2046,1,2654
1325000,2048,1,1,0,84799488,1,84801536,0,2044,10.9961,2040,2,0x0cff19b5ea,74,1849,0,4,2660,2044,10.9961,2040,4,2658
1326000,2048,1,1,0,84862976,1,84865024,0,2048,11.0000,2048,1,0xc20161ee21,63,1841,0,0,2660,2048,11.0000,2048,0,2658
1327000,2048,1,1,0,84926464,1,84928512,0,2048,11.0000,2048,1,0xc746436a3a,60,1839,0,0,2660,2048,11.0000,2048,0,2658
1328000,2048,1,1,0,84991999,1,84994047,0,2043,10.9951,2038,2,0x7c045229e7,1,1,0,5,2665,2043,10.9951,2038,5,2663
1329000,2048,1,1,0,85055488,1,85057536,0,2048,11.0000,2048,1,0xb6c5a6c8a8,48,1868,0,0,2665,2048,11.0000,2048,0,2663
1330000,2048,1,1,0,85118976,1,85121024,0,2046,10.9980,2044,2,0xe8f3ded82f,56,1852,0,2,2667,2046,10.9980,2044,2,2665
1331000,2048,1,1,0,85182464,1,85184512,0,2046,10.9980,2044,2,0x89c937bc9d,91,1827,0,2,2669,2046,10.9980,2044,2,2667
1332000,2048,1,1,0,85247999,1,85250047,0,2047,10.9990,2046,2,0x9ff6119a32,0,1,0,1,2670,2047,10.9990,2046,1,2668
1333000,2048,1,1,0,85311488,1,85313536,0,2047,10.9990,2046,2,0xa24efe59ea,71,1844,0,1,2671,2047,10.9990,2046,1,2669
1334000,2048,1,1,0,85374976,1,85377024,0,2047,10.9990,2046,2,0xbf7dd6f019,58,1837,0,1,2672,2047,10.9990,2046,1,2670
1335000,2048,1,1,0,85438464,1,85440512,0,2047,10.9990,2046,2,0xce4075ef79,49,1849,0,1,2673,2047,10.9990,2046,1,2671
1336000,2048,1,1,0,85503999,1,85506047,0,2043,10.9951,2038,2,0x8dd41e87c1,1,1,0,5,2678,2043,10.9951,2038,5,2676
1337000,2048,1,1,0,85567488,1,85569536,0,2045,10.9971,2042,2,0x0e394a4658,75,1829,0,3,2681,2045,10.9971,2042,3,2679
1338000,2048,1,1,0,85630976,1,85633024,0,2046,10.9980,2044,2,0x7b2f8a4487,66,1845,0,2,2683,2046,10.9980,2044,2,2681
1339000,2048,1,1,0,85694464,1,85696512,0,2048,11.0000,2048,1,0x57a2cd2c13,62,1842,0,0,2683,2048,11.0000,2048,0,2681
1340000,2048,1,1,0,85759999,1,85762047,0,2047,10.9990,2046,2,0xaa20255726,0,1,0,1,2684,2047,10.9990,2046,1,2682
1341000,2048,1,1,0,85823488,1,85825536,0,2046,10.9980,2044,2,0x3661367291,69,1858,0,2,2686,2046,10.9980,2044,2,2684
1342000,2048,1,1,0,85886976,1,85889024,0,2048,11.0000,2048,1,0xc1dfe8efa1,79,1839,0,0,2686,2048,11.0000,2048,0,2684
1343000,2048,1,1,0,85950464,1,85952512,0,2047,10.9990,2046,2,0x15717c4c75,65,1838,0,1,2687,2047,10.9990,2046,1,2685
1344000,2048,1,1,0,86015999,1,86018047,0,2047,10.9990,2046,2,0x326d01501e,0,1,0,1,2688,2047,10.9990,2046,1,2686
1345000,2048,1,1,0,86079488,1,86081536,0,2045,10.9971,2042,2,0x293a08a7b1,44,1838,0,3,2691,2045,10.9971,2042,3,2689
1346000,2048,1,1,0,86142976,1,86145024,0,2047,10.9990,2046,2,0x287c368da6,60,1853,0,1,2692,2047,10.9990,2046,1,2690
1347000,2048,1,1,0,86206464,1,86208512,0,2047,10.9990,2046,2,0x1c685d9657,72,1860,0,1,2693,2047,10.9990,2046,1,2691
1348000,2048,1,1,0,86271999,1,86274047,0,2044,10.9961,2040,2,0x5f285a00db,0,1,0,4,2697,2044,10.9961,2040,4,2695
1349000,2048,1,1,0,86335488,1,86337536,0,2046,10.9980,2044,2,0xf20701316e,74,1861,0,2,2699,2046,10.9980,2044,2,2697
1350000,2048,1,1,0,86398976,1,86401024,0,2047,10.9990,2046,2,0x9771b5bbdc,59,1832,0,1,2700,2047,10.9990,2046,1,2698
1351000,2048,1,1,0,86462464,1,86464512,0,2047,10.9990,2046,2,0x1dc8c92534,62,1837,0,1,2701,2047,10.9990,2046,1,2699
1352000,2048,1,1,0,86527999,1,86530047,0,2046,10.9980,2044,2,0x7196645a56,0,1,0,2,2703,2046,10.9980,2044,2,2701
1353000,2048,1,1,0,86591488,1,86593536,0,2045,10.9971,2042,2,0x5c572a9340,61,1866,0,3,2706,2045,10.9971,2042,3,2704
1354000,2048,1,1,0,86654976,1,86657024,0,2047,10.9990,2046,2,0xfcfc583573,66,1841,0,1,2707,2047,10.9990,2046,1,2705
1355000,2048,1,1,0,86718464,1,86720512,0,2046,10.9980,2044,2,0xd43393d4e5,61,1842,0,2,2709,2046,10.9980,2044,2,2707
1356000,2048,1,1,0,86783999,1,86786047,0,2044,10.9961,2040,2,0xc87e9b1f4f,0,1,0,4,2713,2044,10.9961,2040,4,2711
1357000,2048,1,1,0,86847488,1,86849536,0,2046,10.9980,2044,2,0x9ae07f7624,57,1835,0,2,2715,2046,10.9980,2044,2,2713
1358000,2048,1,1,0,86910976,1,86913024,0,2047,10.9990,2046,2,0x3f2085e8ee,68,1832,0,1,2716,2047,10.9990,2046,1,2714
1359000,2048,1,1,0,86974464,1,86976512,0,2047,10.9990,2046,2,0x0df087c887,67,1831,0,1,2717,2047,10.9990,2046,1,2715
1360000,2048,1,1,0,87039999,1,87042047,0,2046,10.9980,2044,2,0x730cc34612,0,0,0,2,2719,2046,10.9980,2044,2,2717
1361000,2048,1,1,0,87103488,1,87105536,0,2046,10.9980,2044,2,0xe2d07229bf,83,1858,0,2,2721,2046,10.9980,2044,2,2719
1362000,2048,1,1,0,87166976,1,87169024,0,2045,10.9971,2042,2,0xf577bf440d,62,1821,0,3,2724,2045,10.9971,2042,3,2722
1363000,2048,1,1,0,87230464,1,87232512,0,2043,10.9951,2038,2,0x5ccd737a10,66,1847,0,5,2729,2043,10.9951,2038,5,2727
1364000,2048,1,1,0,87295999,1,87298047,0,2047,10.9990,2046,2,0xaf5b668912,0,1,0,1,2730,2047,10.9990,2046,1,2728
1365000,2048,1,1,0,87359488,1,87361536,0,2047,10.9990,2046,2,0x3f6fec4aff,67,1846,0,1,2731,2047,10.9990,2046,1,2729
1366000,2048,1,1,0,87422976,1,87425024,0,2046,10.9980,2044,2,0xe5453c7e7e,60,1838,0,2,2733,2046,10.9980,2044,2,2731
1367000,2048,1,1,0,87486464,1,87488512,0,2045,10.9971,2042,2,0x886beada95,55,1877,0,3,2736,2045,10.9971,2042,3,2734
1368000,2048,1,1,0,87551999,1,87554047,0,2045,10.9971,2042,2,0x6896ffe8dc,0,0,0,3,2739,2045,10.9971,2042,3,2737
1369000,2048,1,1,0,87615488,1,87617536,0,2048,11.0000,2048,1,0x4aaa7ce74e,77,1834,0,0,2739,2048,11.0000,2048,0,2737
1370000,2048,1,1,0,87678976,1,87681024,0,2048,11.0000,2048,1,0x68d2dacf87,43,1833,0,0,2739,2048,11.0000,2048,0,2737
1371000,2048,1,1,0,87742464,1,87744512,0,2048,11.0000,2048,1,0x08924b77a0,62,1845,0,0,2739,2048,11.0000,2048,0,2737
1372000,2048,1,1,0,87807999,1,87810047,0,2043,10.9951,2038,2,0xeeac176f91,0,1,0,5,2744,2043,10.9951,2038,5,2742
1373000,2048,1,1,0,87871488,1,87873536,0,2047,10.9990,2046,2,0x275607ff4c,56,1851,0,1,2745,2047,10.9990,2046,1,2743
1374000,2048,1,1,0,87934976,1,87937024,0,2046,10.9980,2044,2,0xc4329cc3cc,61,1860,0,2,2747,2046,10.9980,2044,2,2745
1375000,2048,1,1,0,87998464,1,88000512,0,2045,10.9971,2042,2,0x3a32d24bec,71,1855,0,3,2750,2045,10.9971,2042,3,2748
1376000,2048,1,1,0,88063999,1,88066047,0,2045,10.9971,2042,2,0x41f7975c0f,0,1,0,3,2753,2045,10.9971,2042,3,2751
1377000,2048,1,1,0,88127488,1,88129536,0,2043,10.9951,2038,2,0x009f4e3a44,66,1868,0,5,2758,2043,10.9951,2038,5,2756
1378000,2048,1,1,0,88190976,1,88193024,0,2045,10.9971,2042,2,0x2124bd75bb,76,1830,0,3,2761,2045,10.9971,2042,3,2759
1379000,2048,1,1,0,88254464,1,88256512,0,2046,10.9980,2044,2,0xae93bd39e8,51,1834,0,2,2763,2046,10.9980,2044,2,2761
1380000,2048,1,1,0,88319999,1,88322047,0,2045,10.9971,2042,2,0xafaf014e05,1,1,0,3,2766,2045,10.9971,2042,3,2764
1381000,2048,1,1,0,88383488,1,88385536,0,2047,10.9990,2046,2,0xc61ca4a95b,57,1845,0,1,2767,2047,10.9990,2046,1,2765
1382000,2048,1,1,0,88446976,1,88449024,0,2047,10.9990,2046,2,0x5f8cbbf528,66,1842,0,1,2768,2047,10.9990,2046,1,2766
1383000,2048,1,1,0,88510464,1,88512512,0,2044,10.9961,2040,2,0x3b7b8f2355,56,1835,0,4,2772,2044,10.9961,2040,4,2770
1384000,2048,1,1,0,88575999,1,88578047,0,2045,10.9971,2042,2,0xd1f98e7bb1,0,1,0,3,2775,2045,10.9971,2042,3,2773
1385000,2048,1,1,0,88639488,1,88641536,0,2048,11.0000,2048,1,0xe4c64bb8f7,60,1827,0,0,2775,2048,11.0000,2048,0,2773
1386000,2048,1,1,0,88702976,1,88705024,0,2046,10.9980,2044,2,0x690eee7c19,69,1842,0,2,2777,2046,10.9980,2044,2,2775
1387000,2048,1,1,0,88766464,1,88768512,0,2048,11.0000,2048,1,0x80b7805398,51,1830,0,0,2777,2048,11.0000,2048,0,2775
1388000,2048,1,1,0,88831999,1,88834047,0,2046,10.9980,2044,2,0x4d60a57a5b,0,1,0,2,2779,2046,10.9980,2044,2,2777
1389000,2048,1,1,0,88895488,1,88897536,0,2044,10.9961,2040,2,0xa51fc40d95,78,1855,0,4,2783,2044,10.9961,2040,4,2781
1390000,2048,1,1,0,88958976,1,88961024,0,2046,10.9980,2044,2,0x193297170c,59,1845,0,2,2785,2046,10.9980,2044,2,2783
1391000,2048,1,1,0,89022464,1,89024512,0,2045,10.9971,2042,2,0x7f7d0c7ea6,71,1846,0,3,2788,2045,10.9971,2042,3,2786
1392000,2048,1,1,0,89087999,1,89090047,0,2047,10.9990,2046,2,0x702c1909d9,1,1,0,1,2789,2047,10.9990,2046,1,2787
1393000,2048,1,1,0,89151488,1,89153536,0,2043,10.9951,2038,2,0x8ef308225b,64,1854,0,5,2794,2043,10.9951,2038,5,2792
1394000,2048,1,1,0,89214976,1,89217024,0,2047,10.9990,2046,2,0x88eb4b773e,61,1859,0,1,2795,2047,10.9990,2046,1,2793
1395000,2048,1,1,0,89278464,1,89280512,0,2046,10.9980,2044,2,0x6800ebf709,72,1852,0,2,2797,2046,10.9980,2044,2,2795
1396000,2048,1,1,0,89343999,1,89346047,0,2045,10.9971,2042,2,0xcd70917933,0,1,0,3,2800,2045,10.9971,2042,3,2798
1397000,2048,1,1,0,89407488,1,89409536,0,2044,10.9961,2040,2,0xc3c39af7c7,77,1864,0,4,2804,2044,10.9961,2040,4,2802
1398000,2048,1,1,0,89470976,1,89473024,0,2044,10.9961,2040,2,0x70309f52b8,66,1860,0,4,2808,2044,10.9961,2040,4,2806
1399000,2048,1,1,0,89534464,1,89536512,0,2046,10.9980,2044,2,0x969b20150d,70,1857,0,2,2810,2046,10.9980,2044,2,2808
1400000,2048,1,1,0,89599999,1,89602047,0,2047,10.9990,2046,2,0xa2f285c451,0,1,0,1,2811,2047,10.9990,2046,1,2809
1401000,2048,1,1,0,89663488,1,89665536,0,2047,10.9990,2046,2,0xf38288f659,56,1846,0,1,2812,2047,10.9990,2046,1,2810
1402000,2048,1,1,0,89726976,1,89729024,0,2045,10.9971,2042,2,0x05cc288c4a,63,1848,0,3,2815,2045,10.9971,2042,3,2813
1403000,2048,1,1,0,89790464,1,89792512,0,2048,11.0000,2048,1,0xef822cfc35,75,1843,0,0,2815,2048,11.0000,2048,0,2813
1404000,2048,1,1,0,89855999,1,89858047,0,2046,10.9980,2044,2,0x399a49b517,0,1,0,2,2817,2046,10.9980,2044,2,2815
1405000,2048,1,1,0,89919488,1,89921536,0,2046,10.9980,2044,2,0x626e485463,66,1852,0,2,2819,2046,10.9980,2044,2,2817
1406000,2048,1,1,0,89982976,1,89985024,0,2046,10.9980,2044,2,0x414418df6c,55,1853,0,2,2821,2046,10.9980,2044,2,2819
1407000,2048,1,1,0,90046464,1,90048512,0,2048,11.0000,2048,1,0x9bf1df8c8c,49,1840,0,0,2821,2048,11.0000,2048,0,2819
1408000,2048,1,1,0,90111999,1,90114047,0,2047,10.9990,2046,2,0x32facb4282,0,1,0,1,2822,2047,10.9990,2046,1,2820
1409000,2048,1,1,0,90175488,1,90177536,0,2045,10.9971,2042,2,0x63aeae50f4,69,1861,0,3,2825,2045,10.9971,2042,3,2823
1410000,2048,1,1,0,90238976,1,90241024,0,2047,10.9990,2046,2,0x391ce65570,56,1835,0,1,2826,2047,10.9990,2046,1,2824
1411000,2048,1,1,0,90302464,1,90304512,0,2044,10.9961,2040,2,0x9669d5e918,72,1846,0,4,2830,2044,10.9961,2040,4,2828
1412000,2048,1,1,0,90367999,1,90370047,0,2047,10.9990,2046,2,0x069710e85c,0,1,0,1,2831,2047,10.9990,2046,1,2829
1413000,2048,1,1,0,90431488,1,90433536,0,2047,10.9990,2046,2,0xe82af42dc1,55,1865,0,1,2832,2047,10.9990,2046,1,2830
1414000,2048,1,1,0,90494976,1,90497024,0,2046,10.9980,2044,2,0xc24e5a9aa1,72,1810,0,2,2834,2046,10.9980,2044,2,2832
1415000,2048,1,1,0,90558464,1,90560512,0,2046,10.9980,2044,2,0x1b617d04df,57,1855,0,2,2836,2046,10.9980,2044,2,2834
1416000,2048,1,1,0,90623999,1,90626047,0,2045,10.9971,2042,2,0x3d09181eb3,0,1,0,3,2839,2045,10.9971,2042,3,2837
1417000,2048,1,1,0,90687488,1,90689536,0,2046,10.9980,2044,2,0xc7567074b8,66,1867,0,2,2841,2046,10.9980,2044,2,2839
1418000,2048,1,1,0,90750976,1,90753024,0,2046,10.9980,2044,2,0xc392172cfa,54,1862,0,2,2843,2046,10.9980,2044,2,2841
1419000,2048,1,1,0,90814464,1,90816512,0,2043,10.9951,2038,2,0x965c94581e,60,1846,0,5,2848,2043,10.9951,2038,5,2846
1420000,2048,1,1,0,90879999,1,90882047,0,2046,10.9980,2044,2,0x9e6ce1cd22,0,1,0,2,2850,2046,10.9980,2044,2,2848
1421000,2048,1,1,0,90943488,1,90945536,0,2046,10.9980,2044,2,0xd5983d24ee,52,1877,0,2,2852,2046,10.9980,2044,2,2850
1422000,2048,1,1,0,91006976,1,91009024,0,2048,11.0000,2048,1,0xeb44c50244,56,1823,0,0,2852,2048,11.0000,2048,0,2850
1423000,2048,1,1,0,91070464,1,91072512,0,2047,10.9990,2046,2,0x7e8dfac004,65,1852,0,1,2853,2047,10.9990,2046,1,2851
1424000,2048,1,1,0,91135999,1,91138047,0,2044,10.9961,2040,2,0xaa6e09d43f,0,1,0,4,2857,2044,10.9961,2040,4,2855
1425000,2048,1,1,0,91199488,1,91201536,0,2042,10.9941,2036,2,0x0fd4107e4b,79,1842,0,6,2863,2042,10.9941,2036,6,2861
1426000,2048,1,1,0,91262976,1,91265024,0,2048,11.0000,2048,1,0xca7c8d5d31,61,1854,0,0,2863,2048,11.0000,2048,0,2861
1427000,2048,1,1,0,91326464,1,91328512,0,2045,10.9971,2042,2,0x0add1c445c,84,1855,0,3,2866,2045,10.9971,2042,3,2864
1428000,2048,1,1,0,91391999,1,91394047,0,2043,10.9951,2038,2,0xe73aabe48a,0,1,0,5,2871,2043,10.9951,2038,5,2869
1429000,2048,1,1,0,91455488,1,91457536,0,2047,10.9990,2046,2,0xa4f4d07cae,65,1840,0,1,2872,2047,10.9990,2046,1,2870
1430000,2048,1,1,0,91518976,1,91521024,0,2047,10.9990,2046,2,0x8a59617260,69,1859,0,1,2873,2047,10.9990,2046,1,2871
1431000,2048,1,1,0,91582464,1,91584512,0,2047,10.9990,2046,2,0x67cc20509b,58,1833,0,1,2874,2047,10.9990,2046,1,2872
1432000,2048,1,1,0,91647999,1,91650047,0,2047,10.9990,2046,2,0x6bfeb1b37b,0,0,0,1,2875,2047,10.9990,2046,1,2873
1433000,2048,1,1,0,91711488,1,91713536,0,2046,10.9980,2044,2,0x360d718f2b,83,1862,0,2,2877,2046,10.9980,2044,2,2875
1434000,2048,1,1,0,91774976,1,91777024,0,2047,10.9990,2046,2,0x54bd56a869,76,1849,0,1,2878,2047,10.9990,2046,1,2876
1435000,2048,1,1,0,91838464,1,91840512,0,2046,10.9980,2044,2,0x26775701ff,67,1851,0,2,2880,2046,10.9980,2044,2,2878
1436000,2048,1,1,0,91903999,1,91906047,0,2046,10.9980,2044,2,0xbd1f950cdc,0,1,0,2,2882,2046,10.9980,2044,2,2880
1437000,2048,1,1,0,91967488,1,91969536,0,2047,10.9990,2046,2,0xb593a141d4,58,1878,0,1,2883,2047,10.9990,2046,1,2881
1438000,2048,1,1,0,92030976,1,92033024,0,2048,11.0000,2048,1,0xe568afc2f4,63,1845,0,0,2883,2048,11.0000,2048,0,2881
1439000,2048,1,1,0,92094464,1,92096512,0,2048,11.0000,2048,1,0xad2ba47d3e,63,1857,0,0,2883,2048,11.0000,2048,0,2881
1440000,2048,1,1,0,92159999,1,92162047,0,2047,10.9990,2046,2,0x0d36ea7df9,0,1,0,1,2884,2047,10.9990,2046,1,2882
1441000,2048,1,1,0,92223488,1,92225536,0,2045,10.9971,2042,2,0xe05846de1e,59,1849,0,3,2887,2045,10.9971,2042,3,2885
1442000,2048,1,1,0,92286976,1,92289024,0,2043,10.9951,2038,2,0x179c6ec25b,65,1845,0,5,2892,2043,10.9951,2038,5,2890
1443000,2048,1,1,0,92350464,1,92352512,0,2047,10.9990,2046,2,0x871f271e45,63,1843,0,1,2893,2047,10.9990,2046,1,2891
1444000,2048,1,1,0,92415999,1,92418047,0,2045,10.9971,2042,2,0xd3c4d0c3a3,0,1,0,3,2896,2045,10.9971,2042,3,2894
1445000,2048,1,1,0,92479488,1,92481536,0,2048,11.0000,2048,1,0x8e40addd95,58,1854,0,0,2896,2048,11.0000,2048,0,2894
1446000,2048,1,1,0,92542976,1,92545024,0,2047,10.9990,2046,2,0x386e02eccf,64,1843,0,1,2897,2047,10.9990,2046,1,2895
1447000,2048,1,1,0,92606464,1,92608512,0,2048,11.0000,2048,1,0x467c2f75f1,59,1834,0,0,2897,2048,11.0000,2048,0,2895
1448000,2048,1,1,0,92671999,1,92674047,0,2047,10.9990,2046,2,0x463564748f,0,1,0,1,2898,2047,10.9990,2046,1,2896
1449000,2048,1,1,0,92735488,1,92737536,0,2045,10.9971,2042,2,0x2c31da74b6,72,1877,0,3,2901,2045,10.9971,2042,3,2899
1450000,2048,1,1,0,92798976,1,92801024,0,2046,10.9980,2044,2,0xb51a3f84a6,54,1867,0,2,2903,2046,10.9980,2044,2,2901
1451000,2048,1,1,0,92862464,1,92864512,0,2047,10.9990,2046,2,0xc9893d8825,84,1831,0,1,2904,2047,10.9990,2046,1,2902
1452000,2048,1,1,0,92927999,1,92930047,0,2048,11.0000,2048,1,0x8219281307,0,1,0,0,2904,2048,11.0000,2048,0,2902
1453000,2048,1,1,0,92991488,1,92993536,0,2046,10.9980,2044,2,0xbcabcaf6f2,64,1833,0,2,2906,2046,10.9980,2044,2,2904
1454000,2048,1,1,0,93054976,1,93057024,0,2048,11.0000,2048,1,0x6f855a5941,61,1847,0,0,2906,2048,11.0000,2048,0,2904
1455000,2048,1,1,0,93118464,1,93120512,0,2044,10.9961,2040,2,0x1eabc2fbce,55,1846,0,4,2910,2044,10.9961,2040,4,2908
1456000,2048,1,1,0,93183999,1,93186047,0,2047,10.9990,2046,2,0x688ca5185f,0,1,0,1,2911,2047,10.9990,2046,1,2909
1457000,2048,1,1,0,93247488,1,93249536,0,2048,11.0000,2048,1,0xf074d1d0e2,54,1855,0,0,2911,2048,11.0000,2048,0,2909
1458000,2048,1,1,0,93310976,1,93313024,0,2045,10.9971,2042,2,0x7ba63925a4,68,1840,0,3,2914,2045,10.9971,2042,3,2912
1459000,2048,1,1,0,93374464,1,93376512,0,2046,10.9980,2044,2,0x8241266151,51,1808,0,2,2916,2046,10.9980,2044,2,2914
1460000,2048,1,1,0,93439999,1,93442047,0,2046,10.9980,2044,2,0x5bedbac354,0,1,0,2,2918,2046,10.9980,2044,2,2916
1461000,2048,1,1,0,93503488,1,93505536,0,2047,10.9990,2046,2,0xbe443b7102,70,1825,0,1,2919,2047,10.9990,2046,1,2917
1462000,2048,1,1,0,93566976,1,93569024,0,2047,10.9990,2046,2,0x075cc3960f,66,1843,0,1,2920,2047,10.9990,2046,1,2918
1463000,2048,1,1,0,93630464,1,93632512,0,2044,10.9961,2040,2,0xa95d30c6a1,54,1852,0,4,2924,2044,10.9961,2040,4,2922
1464000,2048,1,1,0,93695999,1,93698047,0,2047,10.9990,2046,2,0x4b603bcee0,0,1,0,1,2925,2047,10.9990,2046,1,2923
1465000,2048,1,1,0,93759488,1,93761536,0,2045,10.9971,2042,2,0xa8813236fd,71,1839,0,3,2928,2045,10.9971,2042,3,2926
1466000,2048,1,1,0,93822976,1,93825024,0,2047,10.9990,2046,2,0xaff5f5b113,73,1867,0,1,2929,2047,10.9990,2046,1,2927
1467000,2048,1,1,0,93886464,1,93888512,0,2048,11.0000,2048,1,0x2445c33fa4,77,1849,0,0,2929,2048,11.0000,2048,0,2927
1468000,2048,1,1,0,93951999,1,93954047,0,2045,10.9971,2042,2,0xa9a17cde8d,0,0,0,3,2932,2045,10.9971,2042,3,2930
1469000,2048,1,1,0,94015488,1,94017536,0,2046,10.9980,2044,2,0x58297854b6,68,1829,0,2,2934,2046,10.9980,2044,2,2932
1470000,2048,1,1,0,94078976,1,94081024,0,2047,10.9990,2046,2,0xef726859bb,63,1853,0,1,2935,2047,10.9990,2046,1,2933
1471000,2048,1,1,0,94142464,1,94144512,0,2045,10.9971,2042,2,0x0393621833,75,1835,0,3,2938,2045,10.9971,2042,3,2936
1472000,2048,1,1,0,94207999,1,94210047,0,2044,10.9961,2040,2,0x9476296c3c,0,1,0,4,2942,2044,10.9961,2040,4,2940
1473000,2048,1,1,0,94271488,1,94273536,0,2040,10.9922,2032,2,0xc9f137201b,60,1874,0,8,2950,2040,10.9922,2032,8,2948
1474000,2048,1,1,0,94334976,1,94337024,0,2046,10.9980,2044,2,0x2e424288e7,67,1860,0,2,2952,2046,10.9980,2044,2,2950
1475000,2048,1,1,0,94398464,1,94400512,0,2047,10.9990,2046,2,0xe3b6ba46aa,65,1835,0,1,2953,2047,10.9990,2046,1,2951
1476000,2048,1,1,0,94463999,1,94466047,0,2048,11.0000,2048,1,0xdc062d8dea,0,1,0,0,2953,2048,11.0000,2048,0,2951
1477000,2048,1,1,0,94527488,1,94529536,0,2048,11.0000,2048,1,0x76dc11bf65,67,1850,0,0,2953,2048,11.0000,2048,0,2951
1478000,2048,1,1,0,94590976,1,94593024,0,2047,10.9990,2046,2,0x869d3da7e3,74,1842,0,1,2954,2047,10.9990,2046,1,2952
1479000,2048,1,1,0,94654464,1,94656512,0,2046,10.9980,2044,2,0x81addf360c,70,1840,0,2,2956,2046,10.9980,2044,2,2954
1480000,2048,1,1,0,94719999,1,94722047,0,2046,10.9980,2044,2,0x40ba87bc30,0,1,0,2,2958,2046,10.9980,2044,2,2956
1481000,2048,1,1,0,94783488,1,94785536,0,2042,10.9941,2036,2,0x1718136bff,57,1834,0,6,2964,2042,10.9941,2036,6,2962
1482000,2048,1,1,0,94846976,1,94849024,0,2046,10.9980,2044,2,0x982364b4c9,65,1875,0,2,2966,2046,10.9980,2044,2,2964
1483000,2048,1,1,0,94910464,1,94912512,0,2046,10.9980,2044,2,0x7e30b19f3a,64,1858,0,2,2968,2046,10.9980,2044,2,2966
1484000,2048,1,1,0,94975999,1,94978047,0,2048,11.0000,2048,1,0xa7f9f48bfa,0,1,0,0,2968,2048,11.0000,2048,0,2966
1485000,2048,1,1,0,95039488,1,95041536,0,2045,10.9971,2042,2,0x68f6ffd195,61,1862,0,3,2971,2045,10.9971,2042,3,2969
1486000,2048,1,1,0,95102976,1,95105024,0,2046,10.9980,2044,2,0xcc92b58f3a,74,1857,0,2,2973,2046,10.9980,2044,2,2971
1487000,2048,1,1,0,95166464,1,95168512,0,2047,10.9990,2046,2,0x25db564c4c,61,1865,0,1,2974,2047,10.9990,2046,1,2972
1488000,2048,1,1,0,95231999,1,95234047,0,2048,11.0000,2048,1,0x9e5cbdb732,0,1,0,0,2974,2048,11.0000,2048,0,2972
1489000,2048,1,1,0,95295488,1,95297536,0,2045,10.9971,2042,2,0x06fe203eab,57,1862,0,3,2977,2045,10.9971,2042,3,2975
1490000,2048,1,1,0,95358976,1,95361024,0,2046,10.9980,2044,2,0xd5bb15c2e2,64,1863,0,2,2979,2046,10.9980,2044,2,2977
1491000,2048,1,1,0,95422464,1,95424512,0,2044,10.9961,2040,2,0x2136a6c15a,50,1867,0,4,2983,2044,10.9961,2040,4,2981
1492000,2048,1,1,0,95487999,1,95490047,0,2046,10.9980,2044,2,0x72f9ee4125,0,1,0,2,2985,2046,10.9980,2044,2,2983
1493000,2048,1,1,0,95551488,1,95553536,0,2047,10.9990,2046,2,0xdf5a353a8d,50,1847,0,1,2986,2047,10.9990,2046,1,2984
1494000,2048,1,1,0,95614976,1,95617024,0,2048,11.0000,2048,1,0x2d7c3e1879,71,1845,0,0,2986,2048,11.0000,2048,0,2984
1495000,2048,1,1,0,95678464,1,95680512,0,2046,10.9980,2044,2,0x70ff5560e8,66,1847,0,2,2988,2046,10.9980,2044,2,2986
1496000,2048,1,1,0,95743999,1,95746047,0,2047,10.9990,2046,2,0x8fdea24525,0,1,0,1,2989,2047,10.9990,2046,1,2987
1497000,2048,1,1,0,95807488,1,95809536,0,2047,10.9990,2046,2,0xe132366e43,62,1823,0,1,2990,2047,10.9990,2046,1,2988
1498000,2048,1,1,0,95870976,1,95873024,0,2045,10.9971,2042,2,0x6ec0037908,68,1846,0,3,2993,2045,10.9971,2042,3,2991
1499000,2048,1,1,0,95934464,1,95936512,0,2045,10.9971,2042,2,0x59ab438bd2,59,1817,0,3,2996,2045,10.9971,2042,3,2994
1500000,2048,1,1,0,95999999,1,96002047,0,2047,10.9990,2046,2,0x7d607f4c95,0,1,0,1,2997,2047,10.9990,2046,1,2995
1501000,2048,1,1,0,96063488,1,96065536,0,2043,10.9951,2038,2,0x9d7427f719,71,1833,0,5,3002,2043,10.9951,2038,5,3000
1502000,2048,1,1,0,96126976,1,96129024,0,2047,10.9990,2046,2,0x004bbef2c4,56,1855,0,1,3003,2047,10.9990,2046,1,3001
1503000,2048,1,1,0,96190464,1,96192512,0,2044,10.9961,2040,2,0x69e5dbb709,64,1839,0,4,3007,2044,10.9961,2040,4,3005
1504000,2048,1,1,0,96255999,1,96258047,0,2047,10.9990,2046,2,0xee826f41a0,0,0,0,1,3008,2047,10.9990,2046,1,3006
1505000,2048,1,1,0,96319488,1,96321536,0,2046,10.9980,2044,2,0x91574b2803,60,1844,0,2,3010,2046,10.9980,2044,2,3008
1506000,2048,1,1,0,96382976,1,96385024,0,2045,10.9971,2042,2,0x6c67fe3dfa,61,1830,0,3,3013,2045,10.9971,2042,3,3011
1507000,2048,1,1,0,96446464,1,96448512,0,2047,10.9990,2046,2,0xe8a0811888,52,1860,0,1,3014,2047,10.9990,2046,1,3012
1508000,2048,1,1,0,96511999,1,96514047,0,2046,10.9980,2044,2,0x394ed2225c,0,1,0,2,3016,2046,10.9980,2044,2,3014
1509000,2048,1,1,0,96575488,1,96577536,0,2048,11.0000,2048,1,0xb1a3d27d65,65,1859,0,0,3016,2048,11.0000,2048,0,3014
1510000,2048,1,1,0,96638976,1,96641024,0,2044,10.9961,2040,2,0xd97ed8946a,76,1846,0,4,3020,2044,10.9961,2040,4,3018
1511000,2048,1,1,0,96702464,1,96704512,0,2047,10.9990,2046,2,0xe06c5ff799,56,1855,0,1,3021,2047,10.9990,2046,1,3019
1512000,2048,1,1,0,96767999,1,96770047,0,2045,10.9971,2042,2,0xea9a4b0d7f,1,1,0,3,3024,2045,10.9971,2042,3,3022
1513000,2048,1,1,0,96831488,1,96833536,0,2047,10.9990,2046,2,0x6d536d92b8,69,1846,0,1,3025,2047,10.9990,2046,1,3023
1514000,2048,1,1,0,96894976,1,96897024,0,2044,10.9961,2040,2,0xd3e4d4fe95,65,1831,0,4,3029,2045,10.9971,2042,3,3026
1515000,2048,1,1,0,96958464,1,96960512,0,2046,10.9980,2044,2,0x4b9e4043d4,65,1858,0,2,3031,2046,10.9980,2044,2,3028
1516000,2048,1,1,0,97023999,1,97026047,0,2047,10.9990,2046,2,0xb34321f01f,0,1,0,1,3032,2047,10.9990,2046,1,3029
1517000,2048,1,1,0,97087488,1,97089536,0,2044,10.9961,2040,2,0x156c0d77ba,67,1844,0,4,3036,2044,10.9961,2040,4,3033
1518000,2048,1,1,0,97150976,1,97153024,0,2043,10.9951,2038,2,0x6cd678839f,72,1845,0,5,3041,2043,10.9951,2038,5,3038
1519000,2048,1,1,0,97214464,1,97216512,0,2048,11.0000,2048,1,0x1b426b4102,58,1832,0,0,3041,2048,11.0000,2048,0,3038
1520000,2048,1,1,0,97279999,1,97282047,0,2048,11.0000,2048,1,0x8a8d4f0029,0,1,0,0,3041,2048,11.0000,2048,0,3038
1521000,2048,1,1,0,97343488,1,97345536,0,2044,10.9961,2040,2,0x22d2563d67,63,1846,0,4,3045,2044,10.9961,2040,4,3042
1522000,2048,1,1,0,97406976,1,97409024,0,2045,10.9971,2042,2,0xcc98cc1f5b,64,1850,0,3,3048,2045,10.9971,2042,3,3045
1523000,2048,1,1,0,97470464,1,97472512,0,2047,10.9990,2046,2,0xdb05caa3d5,61,1863,0,1,3049,2047,10.9990,2046,1,3046
1524000,2048,1,1,0,97535999,1,97538047,0,2048,11.0000,2048,1,0xa5a312be3d,0,1,0,0,3049,2048,11.0000,2048,0,3046
1525000,2048,1,1,0,97599488,1,97601536,0,2046,10.9980,2044,2,0xa2a208d846,73,1848,0,2,3051,2046,10.9980,2044,2,3048
1526000,2048,1,1,0,97662976,1,97665024,0,2047,10.9990,2046,2,0x085cbfdf3c,63,1844,0,1,3052,2047,10.9990,2046,1,3049
1527000,2048,1,1,0,97726464,1,97728512,0,2045,10.9971,2042,2,0x8bd7ea26bd,77,1869,0,3,3055,2045,10.9971,2042,3,3052
1528000,2048,1,1,0,97791999,1,97794047,0,2047,10.9990,2046,2,0xcbd639f8f7,0,1,0,1,3056,2047,10.9990,2046,1,3053
1529000,2048,1,1,0,97855488,1,97857536,0,2048,11.0000,2048,1,0x4d62175200,60,1868,0,0,3056,2048,11.0000,2048,0,3053
1530000,2048,1,1,0,97918976,1,97921024,0,2048,11.0000,2048,1,0x6e0327f35c,74,1841,0,0,3056,2048,11.0000,2048,0,3053
1531000,2048,1,1,0,97982464,1,97984512,0,2047,10.9990,2046,2,0x3102a5bddb,61,1840,0,1,3057,2047,10.9990,2046,1,3054
1532000,2048,1,1,0,98047999,1,98050047,0,2046,10.9980,2044,2,0x6051257eae,0,1,0,2,3059,2046,10.9980,2044,2,3056
1533000,2048,1,1,0,98111488,1,98113536,0,2046,10.9980,2044,2,0xbe9f84b211,61,1807,0,2,3061,2046,10.9980,2044,2,3058
1534000,2048,1,1,0,98174976,1,98177024,0,2047,10.9990,2046,2,0x86908d5f58,67,1857,0,1,3062,2047,10.9990,2046,1,3059
1535000,2048,1,1,0,98238464,1,98240512,0,2042,10.9941,2036,2,0x81fae5eb30,66,1843,0,6,3068,2042,10.9941,2036,6,3065
1536000,2048,1,1,0,98303999,1,98306047,0,2048,11.0000,2048,1,0x2e58d5f820,0,0,0,0,3068,2048,11.0000,2048,0,3065
1537000,2048,1,1,0,98367488,1,98369536,0,2046,10.9980,2044,2,0xe151af8d70,67,1860,0,2,3070,2046,10.9980,2044,2,3067
1538000,2048,1,1,0,98430976,1,98433024,0,2045,10.9971,2042,2,0xacbdeca908,58,1847,0,3,3073,2045,10.9971,2042,3,3070
1539000,2048,1,1,0,98494464,1,98496512,0,2047,10.9990,2046,2,0xda13022681,64,1848,0,1,3074,2047,10.9990,2046,1,3071
1540000,2048,1,1,0,98559999,1,98562047,0,2045,10.9971,2042,2,0x64e7450927,0,1,0,3,3077,2045,10.9971,2042,3,3074
1541000,2048,1,1,0,98623488,1,98625536,0,2044,10.9961,2040,2,0x6946948f00,73,1853,0,4,3081,2044,10.9961,2040,4,3078
1542000,2048,1,1,0,98686976,1,98689024,0,2046,10.9980,2044,2,0xe98394089e,64,1849,0,2,3083,2046,10.9980,2044,2,3080
1543000,2048,1,1,0,98750464,1,98752512,0,2044,10.9961,2040,2,0x2622ed0dc2,75,1841,0,4,3087,2044,10.9961,2040,4,3084
1544000,2048,1,1,0,98815999,1,98818047,0,2045,10.9971,2042,2,0xa2d74e4117,0,1,0,3,3090,2045,10.9971,2042,3,3087
1545000,2048,1,1,0,98879488,1,98881536,0,2047,10.9990,2046,2,0x208c7e6c71,63,1875,0,1,3091,2047,10.9990,2046,1,3088
1546000,2048,1,1,0,98942976,1,98945024,0,2047,10.9990,2046,2,0xe51af6da52,70,1855,0,1,3092,2047,10.9990,2046,1,3089
1547000,2048,1,1,0,99006464,1,99008512,0,2046,10.9980,2044,2,0xd159734e57,71,1828,0,2,3094,2046,10.9980,2044,2,3091
1548000,2048,1,1,0,99071999,1,99074047,0,2046,10.9980,2044,2,0x24e60cf7e1,0,1,0,2,3096,2046,10.9980,2044,2,3093
1549000,2048,1,1,0,99135488,1,99137536,0,2047,10.9990,2046,2,0x46a4bb7fce,62,1843,0,1,3097,2047,10.9990,2046,1,3094
1550000,2048,1,1,0,99198976,1,99201024,0,2046,10.9980,2044,2,0xfa75f758bc,63,1817,0,2,3099,2046,10.9980,2044,2,3096
1551000,2048,1,1,0,99262464,1,99264512,0,2047,10.9990,2046,2,0xe486e01737,77,1837,0,1,3100,2047,10.9990,2046,1,3097
1552000,2048,1,1,0,99327999,1,99330047,0,2047,10.9990,2046,2,0xea37ad34a8,0,1,0,1,3101,2047,10.9990,2046,1,3098
1553000,2048,1,1,0,99391488,1,99393536,0,2048,11.0000,2048,1,0x211f756943,59,1842,0,0,3101,2048,11.0000,2048,0,3098
1554000,2048,1,1,0,99454976,1,99457024,0,2045,10.9971,2042,2,0xc9050379c6,62,1861,0,3,3104,2045,10.9971,2042,3,3101
1555000,2048,1,1,0,99518464,1,99520512,0,2047,10.9990,2046,2,0x9019c444bf,73,1839,0,1,3105,2047,10.9990,2046,1,3102
1556000,2048,1,1,0,99583999,1,99586047,0,2046,10.9980,2044,2,0x8e73fd9dee,1,1,0,2,3107,2046,10.9980,2044,2,3104
1557000,2048,1,1,0,99647488,1,99649536,0,2047,10.9990,2046,2,0x80745364b9,61,1856,0,1,3108,2047,10.9990,2046,1,3105
1558000,2048,1,1,0,99710976,1,99713024,0,2046,10.9980,2044,2,0x2d055cb826,58,1826,0,2,3110,2046,10.9980,2044,2,3107
1559000,2048,1,1,0,99774464,1,99776512,0,2044,10.9961,2040,2,0x1182685393,61,1845,0,4,3114,2044,10.9961,2040,4,3111
1560000,2048,1,1,0,99839999,1,99842047,0,2045,10.9971,2042,2,0x421aa09fda,0,1,0,3,3117,2045,10.9971,2042,3,3114
1561000,2048,1,1,0,99903488,1,99905536,0,2046,10.9980,2044,2,0xb8592c4ea6,62,1813,0,2,3119,2046,10.9980,2044,2,3116
1562000,2048,1,1,0,99966976,1,99969024,0,2045,10.9971,2042,2,0x6315c35d33,70,1862,0,3,3122,2045,10.9971,2042,3,3119
1563000,2048,1,1,0,100030464,1,100032512,0,2046,10.9980,2044,2,0xdbb1f6aec1,62,1835,0,2,3124,2046,10.9980,2044,2,3121
1564000,2048,1,1,0,100095999,1,100098047,0,2046,10.9980,2044,2,0xbeebee1895,0,1,0,2,3126,2046,10.9980,2044,2,3123
1565000,2048,1,1,0,100159488,1,100161536,0,2045,10.9971,2042,2,0xd6063a5208,80,1855,0,3,3129,2045,10.9971,2042,3,3126
1566000,2048,1,1,0,100222976,1,100225024,0,2046,10.9980,2044,2,0xad103e7283,68,1818,0,2,3131,2046,10.9980,2044,2,3128
1567000,2048,1,1,0,100286464,1,100288512,0,2046,10.9980,2044,2,0x8c6725f492,51,1851,0,2,3133,2046,10.9980,2044,2,3130
1568000,2048,1,1,0,100351999,1,100354047,0,2047,10.9990,2046,2,0xae4bee476e,0,1,0,1,3134,2047,10.9990,2046,1,3131
1569000,2048,1,1,0,100415488,1,100417536,0,2046,10.9980,2044,2,0x7677def392,51,1836,0,2,3136,2046,10.9980,2044,2,3133
1570000,2048,1,1,0,100478976,1,100481024,0,2047,10.9990,2046,2,0x398b5b2a71,66,1846,0,1,3137,2047,10.9990,2046,1,3134
1571000,2048,1,1,0,100542464,1,100544512,0,2047,10.9990,2046,2,0x105083cbd1,61,1848,0,1,3138,2047,10.9990,2046,1,3135
1572000,2048,1,1,0,100607999,1,100610047,0,2044,10.9961,2040,2,0x2771161fe3,0,0,0,4,3142,2044,10.9961,2040,4,3139
1573000,2048,1,1,0,100671488,1,100673536,0,2045,10.9971,2042,2,0xe700ca7873,65,1845,0,3,3145,2045,10.9971,2042,3,3142
1574000,2048,1,1,0,100734976,1,100737024,0,2047,10.9990,2046,2,0x4894a879fd,73,1890,0,1,3146,2047,10.9990,2046,1,3143
1575000,2048,1,1,0,100798464,1,100800512,0,2045,10.9971,2042,2,0x9d4134f620,47,1869,0,3,3149,2045,10.9971,2042,3,3146
1576000,2048,1,1,0,100863999,1,100866047,0,2045,10.9971,2042,2,0xf56ee5701a,0,1,0,3,3152,2045,10.9971,2042,3,3149
1577000,2048,1,1,0,100927488,1,100929536,0,2045,10.9971,2042,2,0xe5f62b77ab,64,1829,0,3,3155,2045,10.9971,2042,3,3152
1578000,2048,1,1,0,100990976,1,100993024,0,2047,10.9990,2046,2,0x56bde6c282,66,1886,0,1,3156,2047,10.9990,2046,1,3153
1579000,2048,1,1,0,101054464,1,101056512,0,2047,10.9990,2046,2,0xfa86cb1860,67,1848,0,1,3157,2047,10.9990,2046,1,3154
1580000,2048,1,1,0,101119999,1,101122047,0,2045,10.9971,2042,2,0xe01b7e3cc9,0,1,0,3,3160,2045,10.9971,2042,3,3157
1581000,2048,1,1,0,101183488,1,101185536,0,2042,10.9941,2036,2,0x3aedf61ae2,57,1851,0,6,3166,2042,10.9941,2036,6,3163
1582000,2048,1,1,0,101246976,1,101249024,0,2046,10.9980,2044,2,0x23d7226030,70,1869,0,2,3168,2046,10.9980,2044,2,3165
1583000,2048,1,1,0,101310464,1,101312512,0,2047,10.9990,2046,2,0x15d90a3f7c,63,1845,0,1,3169,2047,10.9990,2046,1,3166
1584000,2048,1,1,0,101375999,1,101378047,0,2044,10.9961,2040,2,0xec1ba22273,0,1,0,4,3173,2044,10.9961,2040,4,3170
1585000,2048,1,1,0,101439488,1,101441536,0,2045,10.9971,2042,2,0xc1329cc918,65,1853,0,3,3176,2045,10.9971,2042,3,3173
1586000,2048,1,1,0,101502976,1,101505024,0,2045,10.9971,2042,2,0xb6f63f4983,51,1840,0,3,3179,2045,10.9971,2042,3,3176
1587000,2048,1,1,0,101566464,1,101568512,0,2046,10.9980,2044,2,0x03ed2a5e49,78,1867,0,2,3181,2046,10.9980,2044,2,3178
1588000,2048,1,1,0,101631999,1,101634047,0,2045,10.9971,2042,2,0x346733712f,0,1,0,3,3184,2045,10.9971,2042,3,3181
1589000,2048,1,1,0,101695488,1,101697536,0,2045,10.9971,2042,2,0xeb9ca62fc2,55,1865,0,3,3187,2045,10.9971,2042,3,3184
1590000,2048,1,1,0,101758976,1,101761024,0,2046,10.9980,2044,2,0x3975c9e731,69,1851,0,2,3189,2046,10.9980,2044,2,3186
1591000,2048,1,1,0,101822464,1,101824512,0,2046,10.9980,2044,2,0x68df1dbbae,56,1846,0,2,3191,2046,10.9980,2044,2,3188
1592000,2048,1,1,0,101887999,1,101890047,0,2047,10.9990,2046,2,0xf33c0312b0,0,1,0,1,3192,2047,10.9990,2046,1,3189
1593000,2048,1,1,0,101951488,1,101953536,0,2048,11.0000,2048,1,0x061fe72b90,78,1869,0,0,3192,2048,11.0000,2048,0,3189
1594000,2048,1,1,0,102014976,1,102017024,0,2045,10.9971,2042,2,0x26203cd56e,65,1854,0,3,3195,2045,10.9971,2042,3,3192
1595000,2048,1,1,0,102078464,1,102080512,0,2046,10.9980,2044,2,0x099f828b88,75,1821,0,2,3197,2046,10.9980,2044,2,3194
1596000,2048,1,1,0,102143999,1,102146047,0,2047,10.9990,2046,2,0xb35771512c,0,0,0,1,3198,2047,10.9990,2046,1,3195
1597000,2048,1,1,0,102207488,1,102209536,0,2045,10.9971,2042,2,0xbf48f9e273,72,1843,0,3,3201,2045,10.9971,2042,3,3198
1598000,2048,1,1,0,102270976,1,102273024,0,2048,11.0000,2048,1,0x37992a6abd,61,1842,0,0,3201,2048,11.0000,2048,0,3198
1599000,2048,1,1,0,102334464,1,102336512,0,2043,10.9951,2038,2,0xc7673fa0a3,60,1826,0,5,3206,2043,10.9951,2038,5,3203
1600000,2048,1,1,0,102399999,1,102402047,0,2047,10.9990,2046,2,0xaae4995afc,0,1,0,1,3207,2047,10.9990,2046,1,3204
1601000,2048,1,1,0,102463488,1,102465536,0,2048,11.0000,2048,1,0x25da4e5b56,76,1844,0,0,3207,2048,11.0000,2048,0,3204
1602000,2048,1,1,0,102526976,1,102529024,0,2046,10.9980,2044,2,0x404a45c74d,67,1822,0,2,3209,2046,10.9980,2044,2,3206
1603000,2048,1,1,0,102590464,1,102592512,0,2046,10.9980,2044,2,0x301ec80fb9,51,1843,0,2,3211,2046,10.9980,2044,2,3208
1604000,2048,1,1,0,102655999,1,102658047,0,2046,10.9980,2044,2,0xdccc86d937,0,1,0,2,3213,2046,10.9980,2044,2,3210
1605000,2048,1,1,0,102719488,1,102721536,0,2047,10.9990,2046,2,0xe294cec949,67,1840,0,1,3214,2047,10.9990,2046,1,3211
1606000,2048,1,1,0,102782976,1,102785024,0,2046,10.9980,2044,2,0x81e3ee5c4f,71,1853,0,2,3216,2046,10.9980,2044,2,3213
1607000,2048,1,1,0,102846464,1,102848512,0,2048,11.0000,2048,1,0xd7f5fa9909,57,1836,0,0,3216,2048,11.0000,2048,0,3213
1608000,2048,1,1,0,102911999,1,102914047,0,2046,10.9980,2044,2,0xe22d1abe0b,0,1,0,2,3218,2046,10.9980,2044,2,3215
1609000,2048,1,1,0,102975488,1,102977536,0,2045,10.9971,2042,2,0xffeb3da32c,55,1856,0,3,3221,2045,10.9971,2042,3,3218
1610000,2048,1,1,0,103038976,1,103041024,0,2046,10.9980,2044,2,0x735b551ba5,76,1873,0,2,3223,2046,10.9980,2044,2,3220
1611000,2048,1,1,0,103102464,1,103104512,0,2046,10.9980,2044,2,0xc41b9ca3c4,78,1850,0,2,3225,2046,10.9980,2044,2,3222
1612000,2048,1,1,0,103167999,1,103170047,0,2046,10.9980,2044,2,0x0312c60dae,1,1,0,2,3227,2046,10.9980,2044,2,3224
1613000,2048,1,1,0,103231488,1,103233536,0,2045,10.9971,2042,2,0x3301b2704b,65,1836,0,3,3230,2045,10.9971,2042,3,3227
1614000,2048,1,1,0,103294976,1,103297024,0,2047,10.9990,2046,2,0xfde3ee9077,59,1867,0,1,3231,2047,10.9990,2046,1,3228
1615000,2048,1,1,0,103358464,1,103360512,0,2046,10.9980,2044,2,0x4b940823a5,62,1859,0,2,3233,2046,10.9980,2044,2,3230
1616000,2048,1,1,0,103423999,1,103426047,0,2047,10.9990,2046,2,0xf7c5e16977,1,1,0,1,3234,2047,10.9990,2046,1,3231
1617000,2048,1,1,0,103487488,1,103489536,0,2045,10.9971,2042,2,0xaa7fefe8df,66,1836,0,3,3237,2045,10.9971,2042,3,3234
1618000,2048,1,1,0,103550976,1,103553024,0,2044,10.9961,2040,2,0xed4a8e9dab,64,1843,0,4,3241,2044,10.9961,2040,4,3238
1619000,2048,1,1,0,103614464,1,103616512,0,2047,10.9990,2046,2,0x661203d0c6,65,1855,0,1,3242,2047,10.9990,2046,1,3239
1620000,2048,1,1,0,103679999,1,103682047,0,2046,10.9980,2044,2,0xbbcd631521,0,1,0,2,3244,2046,10.9980,2044,2,3241
1621000,2048,1,1,0,103743488,1,103745536,0,2046,10.9980,2044,2,0x45af6ccd31,59,1851,0,2,3246,2046,10.9980,2044,2,3243
1622000,2048,1,1,0,103806976,1,103809024,0,2046,10.9980,2044,2,0xb3fef2397e,63,1850,0,2,3248,2046,10.9980,2044,2,3245
1623000,2048,1,1,0,103870464,1,103872512,0,2048,11.0000,2048,1,0x6e3342642b,65,1844,0,0,3248,2048,11.0000,2048,0,3245
1624000,2048,1,1,0,103935999,1,103938047,0,2046,10.9980,2044,2,0x869c8afa49,0,1,0,2,3250,2046,10.9980,2044,2,3247
1625000,2048,1,1,0,103999488,1,104001536,0,2043,10.9951,2038,2,0x7d8ec4cc17,65,1857,0,5,3255,2043,10.9951,2038,5,3252
1626000,2048,1,1,0,104062976,1,104065024,0,2046,10.9980,2044,2,0x689fb5d88d,76,1850,0,2,3257,2046,10.9980,2044,2,3254
1627000,2048,1,1,0,104126464,1,104128512,0,2046,10.9980,2044,2,0xf979bf837a,52,1839,0,2,3259,2046,10.9980,2044,2,3256
1628000,2048,1,1,0,104191999,1,104194047,0,2045,10.9971,2042,2,0xeb53d6edf3,0,1,0,3,3262,2045,10.9971,2042,3,3259
1629000,2048,1,1,0,104255488,1,104257536,0,2047,10.9990,2046,2,0x2e82fbf5f3,58,1837,0,1,3263,2047,10.9990,2046,1,3260
1630000,2048,1,1,0,104318976,1,104321024,0,2046,10.9980,2044,2,0xf2a27819cd,57,1846,0,2,3265,2046,10.9980,2044,2,3262
1631000,2048,1,1,0,104382464,1,104384512,0,2047,10.9990,2046,2,0xa75a7ad20e,63,1853,0,1,3266,2047,10.9990,2046,1,3263
1632000,2048,1,1,0,104447999,1,104450047,0,2046,10.9980,2044,2,0x8dff2201ac,0,1,0,2,3268,2046,10.9980,2044,2,3265
1633000,2048,1,1,0,104511488,1,104513536,0,2047,10.9990,2046,2,0xf71d3d4e40,76,1853,0,1,3269,2047,10.9990,2046,1,3266
1634000,2048,1,1,0,104574976,1,104577024,0,2045,10.9971,2042,2,0xe7693a0405,68,1861,0,3,3272,2045,10.9971,2042,3,3269
1635000,2048,1,1,0,104638464,1,104640512,0,2045,10.9971,2042,2,0x0d625601b2,68,1851,0,3,3275,2045,10.9971,2042,3,3272
1636000,2048,1,1,0,104703999,1,104706047,0,2043,10.9951,2038,2,0x368e622be0,0,1,0,5,3280,2043,10.9951,2038,5,3277
1637000,2048,1,1,0,104767488,1,104769536,0,2046,10.9980,2044,2,0xd64fcc6ac5,73,1834,0,2,3282,2046,10.9980,2044,2,3279
1638000,2048,1,1,0,104830976,1,104833024,0,2047,10.9990,2046,2,0x0706c4cf26,66,1840,0,1,3283,2047,10.9990,2046,1,3280
1639000,2048,1,1,0,104894464,1,104896512,0,2044,10.9961,2040,2,0x4a0469268e,51,1823,0,4,3287,2044,10.9961,2040,4,3284
1640000,2048,1,1,0,104959999,1,104962047,0,2047,10.9990,2046,2,0x379accaf01,0,1,0,1,3288,2047,10.9990,2046,1,3285
1641000,2048,1,1,0,105023488,1,105025536,0,2048,11.0000,2048,1,0xfc80ece340,67,1862,0,0,3288,2048,11.0000,2048,0,3285
1642000,2048,1,1,0,105086976,1,105089024,0,2048,11.0000,2048,1,0x202d7da4ab,70,1853,0,0,3288,2048,11.0000,2048,0,3285
1643000,2048,1,1,0,105150464,1,105152512,0,2047,10.9990,2046,2,0x80b7587ba0,55,1859,0,1,3289,2047,10.9990,2046,1,3286
1644000,2048,1,1,0,105215999,1,105218047,0,2044,10.9961,2040,2,0x23ccc30260,0,1,0,4,3293,2044,10.9961,2040,4,3290
1645000,2048,1,1,0,105279488,1,105281536,0,2048,11.0000,2048,1,0xf4e417e9e3,62,1838,0,0,3293,2048,11.0000,2048,0,3290
1646000,2048,1,1,0,105342976,1,105345024,0,2047,10.9990,2046,2,0xb48fb5fd7e,62,1861,0,1,3294,2047,10.9990,2046,1,3291
1647000,2048,1,1,0,105406464,1,105408512,0,2046,10.9980,2044,2,0x3749282736,67,1854,0,2,3296,2046,10.9980,2044,2,3293
1648000,2048,1,1,0,105471999,1,105474047,0,2047,10.9990,2046,2,0x8fe247f428,0,1,0,1,3297,2047,10.9990,2046,1,3294
1649000,2048,1,1,0,105535488,1,105537536,0,2046,10.9980,2044,2,0x360404ebb0,79,1834,0,2,3299,2046,10.9980,2044,2,3296
1650000,2048,1,1,0,105598976,1,105601024,0,2046,10.9980,2044,2,0xf0f77823f1,65,1841,0,2,3301,2046,10.9980,2044,2,3298
1651000,2048,1,1,0,105662464,1,105664512,0,2045,10.9971,2042,2,0xe5a17ab3ba,70,1852,0,3,3304,2045,10.9971,2042,3,3301
1652000,2048,1,1,0,105727999,1,105730047,0,2045,10.9971,2042,2,0xc7233af3ac,0,1,0,3,3307,2045,10.9971,2042,3,3304
1653000,2048,1,1,0,105791488,1,105793536,0,2045,10.9971,2042,2,0xc4be995b8b,59,1862,0,3,3310,2045,10.9971,2042,3,3307
1654000,2048,1,1,0,105854976,1,105857024,0,2046,10.9980,2044,2,0x38847b4d48,76,1839,0,2,3312,2046,10.9980,2044,2,3309
1655000,2048,1,1,0,105918464,1,105920512,0,2046,10.9980,2044,2,0x24d303eafa,68,1856,0,2,3314,2046,10.9980,2044,2,3311
1656000,2048,1,1,0,105983999,1,105986047,0,2047,10.9990,2046,2,0xf708b7f3b5,0,1,0,1,3315,2047,10.9990,2046,1,3312
1657000,2048,1,1,0,106047488,1,106049536,0,2048,11.0000,2048,1,0x0426b391ba,64,1855,0,0,3315,2048,11.0000,2048,0,3312
1658000,2048,1,1,0,106110976,1,106113024,0,2046,10.9980,2044,2,0x740dfa532a,68,1840,0,2,3317,2046,10.9980,2044,2,3314
1659000,2048,1,1,0,106174464,1,106176512,0,2047,10.9990,2046,2,0x8ffa3390a6,68,1867,0,1,3318,2047,10.9990,2046,1,3315
1660000,2048,1,1,0,106239999,1,106242047,0,2047,10.9990,2046,2,0xb92e14c3b5,0,1,0,1,3319,2047,10.9990,2046,1,3316
1661000,2048,1,1,0,106303488,1,106305536,0,2047,10.9990,2046,2,0x59748386ac,78,1828,0,1,3320,2047,10.9990,2046,1,3317
1662000,2048,1,1,0,106366976,1,106369024,0,2047,10.9990,2046,2,0x51ee4fb498,64,1844,0,1,3321,2047,10.9990,2046,1,3318
1663000,2048,1,1,0,106430464,1,106432512,0,2045,10.9971,2042,2,0xe0304c8835,46,1856,0,3,3324,2045,10.9971,2042,3,3321
1664000,2048,1,1,0,106495999,1,106498047,0,2044,10.9961,2040,2,0xd3bf91d559,0,1,0,4,3328,2044,10.9961,2040,4,3325
1665000,2048,1,1,0,106559488,1,106561536,0,2044,10.9961,2040,2,0x1b54a4b145,67,1843,0,4,3332,2044,10.9961,2040,4,3329
1666000,2048,1,1,0,106622976,1,106625024,0,2048,11.0000,2048,1,0xa001ced55e,71,1836,0,0,3332,2048,11.0000,2048,0,3329
1667000,2048,1,1,0,106686464,1,106688512,0,2043,10.9951,2038,2,0xeb62f81369,62,1850,0,5,3337,2043,10.9951,2038,5,3334
1668000,2048,1,1,0,106751999,1,106754047,0,2046,10.9980,2044,2,0xc1bffc7484,0,1,0,2,3339,2046,10.9980,2044,2,3336
1669000,2048,1,1,0,106815488,1,106817536,0,2048,11.0000,2048,1,0x214ba7d465,68,1819,0,0,3339,2048,11.0000,2048,0,3336
1670000,2048,1,1,0,106878976,1,106881024,0,2047,10.9990,2046,2,0xb9ea8d3da2,59,1814,0,1,3340,2047,10.9990,2046,1,3337
1671000,2048,1,1,0,106942464,1,106944512,0,2048,11.0000,2048,1,0xc8e904fdc1,76,1863,0,0,3340,2048,11.0000,2048,0,3337
1672000,2048,1,1,0,107007999,1,107010047,0,2046,10.9980,2044,2,0x4d1c9c9381,0,1,0,2,3342,2046,10.9980,2044,2,3339
1673000,2048,1,1,0,107071488,1,107073536,0,2046,10.9980,2044,2,0xacdc32ea34,63,1854,0,2,3344,2046,10.9980,2044,2,3341
1674000,2048,1,1,0,107134976,1,107137024,0,2047,10.9990,2046,2,0x09854821d4,62,1868,0,1,3345,2047,10.9990,2046,1,3342
1675000,2048,1,1,0,107198464,1,107200512,0,2047,10.9990,2046,2,0x522fe0400c,65,1858,0,1,3346,2047,10.9990,2046,1,3343
1676000,2048,1,1,0,107263999,1,107266047,0,2046,10.9980,2044,2,0xff5a8293ac,0,1,0,2,3348,2046,10.9980,2044,2,3345
1677000,2048,1,1,0,107327488,1,107329536,0,2046,10.9980,2044,2,0x87ff3a9b1c,73,1853,0,2,3350,2046,10.9980,2044,2,3347
1678000,2048,1,1,0,107390976,1,107393024,0,2047,10.9990,2046,2,0xdde6c0a58e,85,1850,0,1,3351,2047,10.9990,2046,1,3348
1679000,2048,1,1,0,107454464,1,107456512,0,2045,10.9971,2042,2,0x6662d8b9e4,62,1861,0,3,3354,2045,10.9971,2042,3,3351
1680000,2048,1,1,0,107519999,1,107522047,0,2044,10.9961,2040,2,0xed0f1679f1,0,1,0,4,3358,2044,10.9961,2040,4,3355
1681000,2048,1,1,0,107583488,1,107585536,0,2048,11.0000,2048,1,0x3a7b06273f,49,1837,0,0,3358,2048,11.0000,2048,0,3355
1682000,2048,1,1,0,107646976,1,107649024,0,2047,10.9990,2046,2,0x55842b45d8,62,1869,0,1,3359,2047,10.9990,2046,1,3356
1683000,2048,1,1,0,107710464,1,107712512,0,2047,10.9990,2046,2,0x58c1a22452,59,1854,0,1,3360,2047,10.9990,2046,1,3357
1684000,2048,1,1,0,107775999,1,107778047,0,2048,11.0000,2048,1,0x9733ff9356,0,1,0,0,3360,2048,11.0000,2048,0,3357
1685000,2048,1,1,0,107839488,1,107841536,0,2046,10.9980,2044,2,0xa50530c9b6,72,1868,0,2,3362,2046,10.9980,2044,2,3359
1686000,2048,1,1,0,107902976,1,107905024,0,2045,10.9971,2042,2,0x2d97736dcc,63,1840,0,3,3365,2045,10.9971,2042,3,3362
1687000,2048,1,1,0,107966464,1,107968512,0,2048,11.0000,2048,1,0x5f0b707407,55,1849,0,0,3365,2048,11.0000,2048,0,3362
1688000,2048,1,1,0,108031999,1,108034047,0,2046,10.9980,2044,2,0xf295896909,0,1,0,2,3367,2046,10.9980,2044,2,3364
1689000,2048,1,1,0,108095488,1,108097536,0,2046,10.9980,2044,2,0x401f45b3aa,58,1838,0,2,3369,2046,10.9980,2044,2,3366
1690000,2048,1,1,0,108158976,1,108161024,0,2046,10.9980,2044,2,0x34785f882e,75,1855,0,2,3371,2046,10.9980,2044,2,3368
1691000,2048,1,1,0,108222464,1,108224512,0,2044,10.9961,2040,2,0x2a4c34ea80,77,1836,0,4,3375,2044,10.9961,2040,4,3372
1692000,2048,1,1,0,108287999,1,108290047,0,2047,10.9990,2046,2,0xffd8b92122,1,1,0,1,3376,2047,10.9990,2046,1,3373
1693000,2048,1,1,0,108351488,1,108353536,0,2045,10.9971,2042,2,0x7f4414c29b,69,1846,0,3,3379,2045,10.9971,2042,3,3376
1694000,2048,1,1,0,108414976,1,108417024,0,2046,10.9980,2044,2,0x4bd8ab81b3,67,1852,0,2,3381,2046,10.9980,2044,2,3378
1695000,2048,1,1,0,108478464,1,108480512,0,2046,10.9980,2044,2,0x7f1c4ae35b,83,1865,0,2,3383,2046,10.9980,2044,2,3380
1696000,2048,1,1,0,108543999,1,108546047,0,2046,10.9980,2044,2,0x8aa30aa325,0,1,0,2,3385,2046,10.9980,2044,2,3382
1697000,2048,1,1,0,108607488,1,108609536,0,2045,10.9971,2042,2,0x5026e85126,72,1851,0,3,3388,2045,10.9971,2042,3,3385
1698000,2048,1,1,0,108670976,1,108673024,0,2045,10.9971,2042,2,0xeb315c6466,61,1852,0,3,3391,2045,10.9971,2042,3,3388
1699000,2048,1,1,0,108734464,1,108736512,0,2046,10.9980,2044,2,0x4dd45d23c8,56,1847,0,2,3393,2046,10.9980,2044,2,3390
1700000,2048,1,1,0,108799999,1,108802047,0,2046,10.9980,2044,2,0xb1b038a50e,0,1,0,2,3395,2046,10.9980,2044,2,3392
1701000,2048,1,1,0,108863488,1,108865536,0,2048,11.0000,2048,1,0xaf1b3012b1,65,1856,0,0,3395,2048,11.0000,2048,0,3392
1702000,2048,1,1,0,108926976,1,108929024,0,2047,10.9990,2046,2,0x542d49f412,61,1831,0,1,3396,2047,10.9990,2046,1,3393
1703000,2048,1,1,0,108990464,1,108992512,0,2043,10.9951,2038,2,0x76228395d9,68,1844,0,5,3401,2043,10.9951,2038,5,3398
1704000,2048,1,1,0,109055999,1,109058047,0,2045,10.9971,2042,2,0x9ee624f6f4,0,1,0,3,3404,2045,10.9971,2042,3,3401
1705000,2048,1,1,0,109119488,1,109121536,0,2048,11.0000,2048,1,0x06e994564b,63,1833,0,0,3404,2048,11.0000,2048,0,3401
1706000,2048,1,1,0,109182976,1,109185024,0,2046,10.9980,2044,2,0x8fa6af83cf,58,1820,0,2,3406,2046,10.9980,2044,2,3403
1707000,2048,1,1,0,109246464,1,109248512,0,2048,11.0000,2048,1,0x6f9adffd31,66,1862,0,0,3406,2048,11.0000,2048,0,3403
1708000,2048,1,1,0,109311999,1,109314047,0,2044,10.9961,2040,2,0x2728589cbe,0,0,0,4,3410,2044,10.9961,2040,4,3407
1709000,2048,1,1,0,109375488,1,109377536,0,2046,10.9980,2044,2,0xbbc9abf7e7,71,1839,0,2,3412,2046,10.9980,2044,2,3409
1710000,2048,1,1,0,109438976,1,109441024,0,2046,10.9980,2044,2,0xdc449c78bb,75,1874,0,2,3414,2046,10.9980,2044,2,3411
1711000,2048,1,1,0,109502464,1,109504512,0,2046,10.9980,2044,2,0x1868e85277,80,1861,0,2,3416,2046,10.9980,2044,2,3413
1712000,2048,1,1,0,109567999,1,109570047,0,2044,10.9961,2040,2,0x8f5b5c6d79,0,1,0,4,3420,2044,10.9961,2040,4,3417
1713000,2048,1,1,0,109631488,1,109633536,0,2048,11.0000,2048,1,0xef6f4c41a0,58,1851,0,0,3420,2048,11.0000,2048,0,3417
1714000,2048,1,1,0,109694976,1,109697024,0,2047,10.9990,2046,2,0xbbfb86a32d,56,1846,0,1,3421,2047,10.9990,2046,1,3418
1715000,2048,1,1,0,109758464,1,109760512,0,2047,10.9990,2046,2,0x664aa15456,60,1854,0,1,3422,2047,10.9990,2046,1,3419
1716000,2048,1,1,0,109823999,1,109826047,0,2046,10.9980,2044,2,0x2d31e84dab,0,1,0,2,3424,2046,10.9980,2044,2,3421
1717000,2048,1,1,0,109887488,1,109889536,0,2047,10.9990,2046,2,0xf7da46b81d,74,1868,0,1,3425,2047,10.9990,2046,1,3422
1718000,2048,1,1,0,109950976,1,109953024,0,2045,10.9971,2042,2,0x21a34b3856,56,1836,0,3,3428,2045,10.9971,2042,3,3425
1719000,2048,1,1,0,110014464,1,110016512,0,2047,10.9990,2046,2,0x9bee8f92fe,66,1844,0,1,3429,2047,10.9990,2046,1,3426
1720000,2048,1,1,0,110079999,1,110082047,0,2048,11.0000,2048,1,0x0d9a12c843,0,1,0,0,3429,2048,11.0000,2048,0,3426
1721000,2048,1,1,0,110143488,1,110145536,0,2047,10.9990,2046,2,0x15744fb99a,53,1844,0,1,3430,2047,10.9990,2046,1,3427
1722000,2048,1,1,0,110206976,1,110209024,0,2046,10.9980,2044,2,0xb32a115d0a,66,1848,0,2,3432,2046,10.9980,2044,2,3429
1723000,2048,1,1,0,110270464,1,110272512,0,2047,10.9990,2046,2,0x3a4259b614,78,1845,0,1,3433,2047,10.9990,2046,1,3430
1724000,2048,1,1,0,110335999,1,110338047,0,2046,10.9980,2044,2,0xe1438e934b,0,1,0,2,3435,2046,10.9980,2044,2,3432
1725000,2048,1,1,0,110399488,1,110401536,0,2046,10.9980,2044,2,0xe859405337,76,1846,0,2,3437,2046,10.9980,2044,2,3434
1726000,2048,1,1,0,110462976,1,110465024,0,2046,10.9980,2044,2,0xcffe3d55ef,68,1855,0,2,3439,2046,10.9980,2044,2,3436
1727000,2048,1,1,0,110526464,1,110528512,0,2047,10.9990,2046,2,0xb320f8c2af,61,1852,0,1,3440,2047,10.9990,2046,1,3437
1728000,2048,1,1,0,110591999,1,110594047,0,2048,11.0000,2048,1,0x02e157aa31,0,1,0,0,3440,2048,11.0000,2048,0,3437
1729000,2048,1,1,0,110655488,1,110657536,0,2044,10.9961,2040,2,0xfd4abd9792,69,1853,0,4,3444,2044,10.9961,2040,4,3441
1730000,2048,1,1,0,110718976,1,110721024,0,2046,10.9980,2044,2,0xc8ea48b9df,65,1864,0,2,3446,2046,10.9980,2044,2,3443
1731000,2048,1,1,0,110782464,1,110784512,0,2044,10.9961,2040,2,0x85f565f040,69,1871,0,4,3450,2044,10.9961,2040,4,3447
1732000,2048,1,1,0,110847999,1,110850047,0,2048,11.0000,2048,1,0xd10230cc78,0,1,0,0,3450,2048,11.0000,2048,0,3447
1733000,2048,1,1,0,110911488,1,110913536,0,2045,10.9971,2042,2,0x6f254d192e,60,1851,0,3,3453,2045,10.9971,2042,3,3450
1734000,2048,1,1,0,110974976,1,110977024,0,2048,11.0000,2048,1,0xb41a28d22a,64,1858,0,0,3453,2048,11.0000,2048,0,3450
1735000,2048,1,1,0,111038464,1,111040512,0,2048,11.0000,2048,1,0x12a6d24e40,56,1838,0,0,3453,2048,11.0000,2048,0,3450
1736000,2048,1,1,0,111103999,1,111106047,0,2048,11.0000,2048,1,0xcbb0cf7c62,0,1,0,0,3453,2048,11.0000,2048,0,3450
1737000,2048,1,1,0,111167488,1,111169536,0,2048,11.0000,2048,1,0x68cfc7c9f4,51,1831,0,0,3453,2048,11.0000,2048,0,3450
1738000,2048,1,1,0,111230976,1,111233024,0,2046,10.9980,2044,2,0xf1a50d5cb9,66,1829,0,2,3455,2046,10.9980,2044,2,3452
1739000,2048,1,1,0,111294464,1,111296512,0,2046,10.9980,2044,2,0x49ee12df20,62,1838,0,2,3457,2046,10.9980,2044,2,3454
1740000,2048,1,1,0,111359999,1,111362047,0,2045,10.9971,2042,2,0x7b6a998788,0,1,0,3,3460,2045,10.9971,2042,3,3457
1741000,2048,1,1,0,111423488,1,111425536,0,2047,10.9990,2046,2,0xd292c9da25,56,1841,0,1,3461,2047,10.9990,2046,1,3458
1742000,2048,1,1,0,111486976,1,111489024,0,2046,10.9980,2044,2,0xabbfff1234,58,1842,0,2,3463,2046,10.9980,2044,2,3460
1743000,2048,1,1,0,111550464,1,111552512,0,2048,11.0000,2048,1,0x47d3451299,60,1859,0,0,3463,2048,11.0000,2048,0,3460
1744000,2048,1,1,0,111615999,1,111618047,0,2041,10.9932,2034,2,0x80706c7f3c,0,1,0,7,3470,2041,10.9932,2034,7,3467
1745000,2048,1,1,0,111679488,1,111681536,0,2040,10.9922,2032,2,0x3733c5088c,74,1839,0,8,3478,2040,10.9922,2032,8,3475
1746000,2048,1,1,0,111742976,1,111745024,0,2047,10.9990,2046,2,0x860df0140d,73,1835,0,1,3479,2047,10.9990,2046,1,3476
1747000,2048,1,1,0,111806464,1,111808512,0,2045,10.9971,2042,2,0x88cd6ecfbf,60,1853,0,3,3482,2045,10.9971,2042,3,3479
1748000,2048,1,1,0,111871999,1,111874047,0,2048,11.0000,2048,1,0x9f24bdfd68,0,1,0,0,3482,2048,11.0000,2048,0,3479
1749000,2048,1,1,0,111935488,1,111937536,0,2046,10.9980,2044,2,0xca947dee0c,61,1852,0,2,3484,2046,10.9980,2044,2,3481
1750000,2048,1,1,0,111998976,1,112001024,0,2048,11.0000,2048,1,0x4bf0a8a0c1,64,1851,0,0,3484,2048,11.0000,2048,0,3481
1751000,2048,1,1,0,112062464,1,112064512,0,2044,10.9961,2040,2,0x14de767908,72,1831,0,4,3488,2044,10.9961,2040,4,3485
1752000,2048,1,1,0,112127999,1,112130047,0,2047,10.9990,2046,2,0x3a2a74b533,0,1,0,1,3489,2047,10.9990,2046,1,3486
1753000,2048,1,1,0,112191488,1,112193536,0,2044,10.9961,2040,2,0xc2fdd2b16a,65,1834,0,4,3493,2044,10.9961,2040,4,3490
1754000,2048,1,1,0,112254976,1,112257024,0,2048,11.0000,2048,1,0x6f31f15795,59,1850,0,0,3493,2048,11.0000,2048,0,3490
1755000,2048,1,1,0,112318464,1,112320512,0,2045,10.9971,2042,2,0xab8b87b475,44,1848,0,3,3496,2045,10.9971,2042,3,3493
1756000,2048,1,1,0,112383999,1,112386047,0,2046,10.9980,2044,2,0x43e19649ff,0,1,0,2,3498,2046,10.9980,2044,2,3495
1757000,2048,1,1,0,112447488,1,112449536,0,2046,10.9980,2044,2,0x4c4767cd58,60,1831,0,2,3500,2046,10.9980,2044,2,3497
1758000,2048,1,1,0,112510976,1,112513024,0,2046,10.9980,2044,2,0x63595fcfbd,57,1842,0,2,3502,2046,10.9980,2044,2,3499
1759000,2048,1,1,0,112574464,1,112576512,0,2046,10.9980,2044,2,0x98205c04e6,72,1831,0,2,3504,2046,10.9980,2044,2,3501
1760000,2048,1,1,0,112639999,1,112642047,0,2045,10.9971,2042,2,0x56566aea82,0,1,0,3,3507,2045,10.9971,2042,3,3504
1761000,2048,1,1,0,112703488,1,112705536,0,2044,10.9961,2040,2,0x7d3897bbd2,55,1837,0,4,3511,2044,10.9961,2040,4,3508
1762000,2048,1,1,0,112766976,1,112769024,0,2046,10.9980,2044,2,0xb9189a65de,50,1836,0,2,3513,2046,10.9980,2044,2,3510
1763000,2048,1,1,0,112830464,1,112832512,0,2044,10.9961,2040,2,0xfb96040427,60,1839,0,4,3517,2044,10.9961,2040,4,3514
1764000,2048,1,1,0,112895999,1,112898047,0,2046,10.9980,2044,2,0xaa4e3546cb,0,1,0,2,3519,2046,10.9980,2044,2,3516
1765000,2048,1,1,0,112959488,1,112961536,0,2044,10.9961,2040,2,0xde1f2cf008,63,1839,0,4,3523,2044,10.9961,2040,4,3520
1766000,2048,1,1,0,113022976,1,113025024,0,2048,11.0000,2048,1,0x7f9fdd5f64,61,1841,0,0,3523,2048,11.0000,2048,0,3520
1767000,2048,1,1,0,113086464,1,113088512,0,2047,10.9990,2046,2,0x85bdcff0a8,60,1838,0,1,3524,2047,10.9990,2046,1,3521
1768000,2048,1,1,0,113151999,1,113154047,0,2046,10.9980,2044,2,0x110d993904,0,1,0,2,3526,2046,10.9980,2044,2,3523
1769000,2048,1,1,0,113215488,1,113217536,0,2047,10.9990,2046,2,0xa4aa4e9aaf,69,1821,0,1,3527,2047,10.9990,2046,1,3524
1770000,2048,1,1,0,113278976,1,113281024,0,2045,10.9971,2042,2,0xc92c7c5cb7,60,1844,0,3,3530,2045,10.9971,2042,3,3527
1771000,2048,1,1,0,113342464,1,113344512,0,2046,10.9980,2044,2,0xb822abcae8,68,1854,0,2,3532,2046,10.9980,2044,2,3529
1772000,2048,1,1,0,113407999,1,113410047,0,2046,10.9980,2044,2,0x707ce8a35e,0,1,0,2,3534,2046,10.9980,2044,2,3531
1773000,2048,1,1,0,113471488,1,113473536,0,2047,10.9990,2046,2,0x07d07c8bf8,57,1831,0,1,3535,2047,10.9990,2046,1,3532
1774000,2048,1,1,0,113534976,1,113537024,0,2046,10.9980,2044,2,0xc605483c50,77,1861,0,2,3537,2046,10.9980,2044,2,3534
1775000,2048,1,1,0,113598464,1,113600512,0,2047,10.9990,2046,2,0x6426366972,54,1856,0,1,3538,2047,10.9990,2046,1,3535
1776000,2048,1,1,0,113663999,1,113666047,0,2044,10.9961,2040,2,0x01410fa41f,0,1,0,4,3542,2044,10.9961,2040,4,3539
1777000,2048,1,1,0,113727488,1,113729536,0,2045,10.9971,2042,2,0x8b7d333d89,70,1854,0,3,3545,2045,10.9971,2042,3,3542
1778000,2048,1,1,0,113790976,1,113793024,0,2046,10.9980,2044,2,0xfbea4a7225,57,1850,0,2,3547,2046,10.9980,2044,2,3544
1779000,2048,1,1,0,113854464,1,113856512,0,2046,10.9980,2044,2,0x1486cdb50f,79,1864,0,2,3549,2046,10.9980,2044,2,3546
1780000,2048,1,1,0,113919999,1,113922047,0,2045,10.9971,2042,2,0x29a7c42b33,0,1,0,3,3552,2045,10.9971,2042,3,3549
1781000,2048,1,1,0,113983488,1,113985536,0,2046,10.9980,2044,2,0x8f2bffa0c0,63,1858,0,2,3554,2046,10.9980,2044,2,3551
1782000,2048,1,1,0,114046976,1,114049024,0,2047,10.9990,2046,2,0x995daa9d23,62,1857,0,1,3555,2047,10.9990,2046,1,3552
1783000,2048,1,1,0,114110464,1,114112512,0,2046,10.9980,2044,2,0x3d3fab17fa,63,1840,0,2,3557,2046,10.9980,2044,2,3554
1784000,2048,1,1,0,114175999,1,114178047,0,2046,10.9980,2044,2,0x58756e4db5,0,1,0,2,3559,2046,10.9980,2044,2,3556
1785000,2048,1,1,0,114239488,1,114241536,0,2043,10.9951,2038,2,0x9f55607ac2,62,1855,0,5,3564,2043,10.9951,2038,5,3561
1786000,2048,1,1,0,114302976,1,114305024,0,2045,10.9971,2042,2,0xb0ae3e7452,64,1846,0,3,3567,2045,10.9971,2042,3,3564
1787000,2048,1,1,0,114366464,1,114368512,0,2045,10.9971,2042,2,0xa1ec7b0eb2,57,1828,0,3,3570,2045,10.9971,2042,3,3567
1788000,2048,1,1,0,114431999,1,114434047,0,2047,10.9990,2046,2,0x0ba6744176,0,1,0,1,3571,2047,10.9990,2046,1,3568
1789000,2048,1,1,0,114495488,1,114497536,0,2046,10.9980,2044,2,0x6bbbe39f18,54,1842,0,2,3573,2046,10.9980,2044,2,3570
1790000,2048,1,1,0,114558976,1,114561024,0,2048,11.0000,2048,1,0xe69d248bcb,60,1856,0,0,3573,2048,11.0000,2048,0,3570
1791000,2048,1,1,0,114622464,1,114624512,0,2046,10.9980,2044,2,0xcb35cc2147,80,1855,0,2,3575,2046,10.9980,2044,2,3572
1792000,2048,1,1,0,114687999,1,114690047,0,2048,11.0000,2048,1,0xffdd9f6519,0,0,0,0,3575,2048,11.0000,2048,0,3572
1793000,2048,1,1,0,114751488,1,114753536,0,2047,10.9990,2046,2,0x995b40d71b,78,1841,0,1,3576,2047,10.9990,2046,1,3573
1794000,2048,1,1,0,114814976,1,114817024,0,2046,10.9980,2044,2,0xf6f2956ebf,64,1844,0,2,3578,2046,10.9980,2044,2,3575
1795000,2048,1,1,0,114878464,1,114880512,0,2046,10.9980,2044,2,0xbb4423f0d9,55,1844,0,2,3580,2046,10.9980,2044,2,3577
1796000,2048,1,1,0,114943999,1,114946047,0,2044,10.9961,2040,2,0xff3f0df156,0,1,0,4,3584,2044,10.9961,2040,4,3581
1797000,2048,1,1,0,115007488,1,115009536,0,2046,10.9980,2044,2,0xffa6e36eb0,70,1843,0,2,3586,2046,10.9980,2044,2,3583
1798000,2048,1,1,0,115070976,1,115073024,0,2048,11.0000,2048,1,0xc13a954250,59,1853,0,0,3586,2048,11.0000,2048,0,3583
1799000,2048,1,1,0,115134464,1,115136512,0,2046,10.9980,2044,2,0x6f87550d20,59,1835,0,2,3588,2046,10.9980,2044,2,3585
1800000,2048,1,1,0,115199999,1,115202047,0,2046,10.9980,2044,2,0xc9c23c8a33,0,1,0,2,3590,2046,10.9980,2044,2,3587
1801000,2048,1,1,0,115263488,1,115265536,0,2044,10.9961,2040,2,0x0003e5b8bb,70,1859,0,4,3594,2044,10.9961,2040,4,3591
1802000,2048,1,1,0,115326976,1,115329024,0,2046,10.9980,2044,2,0x73b721c937,70,1858,0,2,3596,2046,10.9980,2044,2,3593
1803000,2048,1,1,0,115390464,1,115392512,0,2047,10.9990,2046,2,0x4fd5aac76e,68,1836,0,1,3597,2047,10.9990,2046,1,3594
1804000,2048,1,1,0,115455999,1,115458047,0,2045,10.9971,2042,2,0x7fd389d010,0,1,0,3,3600,2045,10.9971,2042,3,3597
1805000,2048,1,1,0,115519488,1,115521536,0,2045,10.9971,2042,2,0x211aef61f2,62,1856,0,3,3603,2045,10.9971,2042,3,3600
1806000,2048,1,1,0,115582976,1,115585024,0,2045,10.9971,2042,2,0x5f69b6ff86,72,1831,0,3,3606,2045,10.9971,2042,3,3603
1807000,2048,1,1,0,115646464,1,115648512,0,2046,10.9980,2044,2,0xd756cc6d57,71,1846,0,2,3608,2046,10.9980,2044,2,3605
1808000,2048,1,1,0,115711999,1,115714047,0,2046,10.9980,2044,2,0xe41b8f3f25,0,1,0,2,3610,2046,10.9980,2044,2,3607
1809000,2048,1,1,0,115775488,1,115777536,0,2046,10.9980,2044,2,0x732a4e1011,82,1834,0,2,3612,2046,10.9980,2044,2,3609
1810000,2048,1,1,0,115838976,1,115841024,0,2047,10.9990,2046,2,0xaafe98a681,62,1844,0,1,3613,2047,10.9990,2046,1,3610
1811000,2048,1,1,0,115902464,1,115904512,0,2046,10.9980,2044,2,0x609286f271,71,1845,0,2,3615,2046,10.9980,2044,2,3612
1812000,2048,1,1,0,115967999,1,115970047,0,2047,10.9990,2046,2,0x4800eb7d8f,0,1,0,1,3616,2047,10.9990,2046,1,3613
1813000,2048,1,1,0,116031488,1,116033536,0,2045,10.9971,2042,2,0x1a4417c84c,68,1850,0,3,3619,2045,10.9971,2042,3,3616
1814000,2048,1,1,0,116094976,1,116097024,0,2046,10.9980,2044,2,0x42f52ab819,81,1852,0,2,3621,2046,10.9980,2044,2,3618
1815000,2048,1,1,0,116158464,1,116160512,0,2046,10.9980,2044,2,0x7802a71411,79,1864,0,2,3623,2046,10.9980,2044,2,3620
1816000,2048,1,1,0,116223999,1,116226047,0,2046,10.9980,2044,2,0x59897d0f1e,0,1,0,2,3625,2046,10.9980,2044,2,3622
1817000,2048,1,1,0,116287488,1,116289536,0,2044,10.9961,2040,2,0x95822dc20d,61,1857,0,4,3629,2044,10.9961,2040,4,3626
1818000,2048,1,1,0,116350976,1,116353024,0,2046,10.9980,2044,2,0x59b3f2b46a,55,1855,0,2,3631,2046,10.9980,2044,2,3628
1819000,2048,1,1,0,116414464,1,116416512,0,2047,10.9990,2046,2,0xec2dab1907,56,1859,0,1,3632,2047,10.9990,2046,1,3629
1820000,2048,1,1,0,116479999,1,116482047,0,2048,11.0000,2048,1,0xa215dc4a49,0,1,0,0,3632,2048,11.0000,2048,0,3629
1821000,2048,1,1,0,116543488,1,116545536,0,2046,10.9980,2044,2,0x66c41d4165,66,1856,0,2,3634,2046,10.9980,2044,2,3631
1822000,2048,1,1,0,116606976,1,116609024,0,2046,10.9980,2044,2,0xd8eef71c55,63,1829,0,2,3636,2046,10.9980,2044,2,3633
1823000,2048,1,1,0,116670464,1,116672512,0,2048,11.0000,2048,1,0xf2d41c4874,50,1847,0,0,3636,2048,11.0000,2048,0,3633
1824000,2048,1,1,0,116735999,1,116738047,0,2047,10.9990,2046,2,0x2c051faa46,0,1,0,1,3637,2047,10.9990,2046,1,3634
1825000,2048,1,1,0,116799488,1,116801536,0,2047,10.9990,2046,2,0x50a3a4a304,70,1840,0,1,3638,2047,10.9990,2046,1,3635
1826000,2048,1,1,0,116862976,1,116865024,0,2047,10.9990,2046,2,0x27f1732347,63,1850,0,1,3639,2047,10.9990,2046,1,3636
1827000,2048,1,1,0,116926464,1,116928512,0,2046,10.9980,2044,2,0x9eeff0d6ec,61,1854,0,2,3641,2046,10.9980,2044,2,3638
1828000,2048,1,1,0,116991999,1,116994047,0,2045,10.9971,2042,2,0x491387446c,0,1,0,3,3644,2045,10.9971,2042,3,3641
1829000,2048,1,1,0,117055488,1,117057536,0,2046,10.9980,2044,2,0xb61d188360,63,1857,0,2,3646,2046,10.9980,2044,2,3643
1830000,2048,1,1,0,117118976,1,117121024,0,2047,10.9990,2046,2,0x0da49bcca8,74,1866,0,1,3647,2047,10.9990,2046,1,3644
1831000,2048,1,1,0,117182464,1,117184512,0,2046,10.9980,2044,2,0xfc13be12a2,62,1848,0,2,3649,2046,10.9980,2044,2,3646
1832000,2048,1,1,0,117247999,1,117250047,0,2048,11.0000,2048,1,0xfa3fb0f7e1,0,1,0,0,3649,2048,11.0000,2048,0,3646
1833000,2048,1,1,0,117311488,1,117313536,0,2047,10.9990,2046,2,0x0a9f2bdb63,64,1860,0,1,3650,2047,10.9990,2046,1,3647
1834000,2048,1,1,0,117374976,1,117377024,0,2045,10.9971,2042,2,0xcba1e9bce6,66,1849,0,3,3653,2045,10.9971,2042,3,3650
1835000,2048,1,1,0,117438464,1,117440512,0,2048,11.0000,2048,1,0x47603315e6,53,1852,0,0,3653,2048,11.0000,2048,0,3650
1836000,2048,1,1,0,117503999,1,117506047,0,2047,10.9990,2046,2,0x2af4bf5f34,0,1,0,1,3654,2047,10.9990,2046,1,3651
1837000,2048,1,1,0,117567488,1,117569536,0,2048,11.0000,2048,1,0x7563cafd50,63,1871,0,0,3654,2048,11.0000,2048,0,3651
1838000,2048,1,1,0,117630976,1,117633024,0,2046,10.9980,2044,2,0x4a2d9d7526,80,1835,0,2,3656,2046,10.9980,2044,2,3653
1839000,2048,1,1,0,117694464,1,117696512,0,2046,10.9980,2044,2,0x3eba140853,51,1840,0,2,3658,2046,10.9980,2044,2,3655
1840000,2048,1,1,0,117759999,1,117762047,0,2045,10.9971,2042,2,0xe6b44dff33,0,1,0,3,3661,2045,10.9971,2042,3,3658
1841000,2048,1,1,0,117823488,1,117825536,0,2045,10.9971,2042,2,0x9938c1b27c,78,1849,0,3,3664,2045,10.9971,2042,3,3661
1842000,2048,1,1,0,117886976,1,117889024,0,2047,10.9990,2046,2,0xc9a9e7c51b,69,1843,0,1,3665,2047,10.9990,2046,1,3662
1843000,2048,1,1,0,117950464,1,117952512,0,2045,10.9971,2042,2,0xce77744265,66,1861,0,3,3668,2045,10.9971,2042,3,3665
1844000,2048,1,1,0,118015999,1,118018047,0,2045,10.9971,2042,2,0xdfb69278e5,0,0,0,3,3671,2045,10.9971,2042,3,3668
1845000,2048,1,1,0,118079488,1,118081536,0,2045,10.9971,2042,2,0xd688092948,63,1851,0,3,3674,2045,10.9971,2042,3,3671
1846000,2048,1,1,0,118142976,1,118145024,0,2048,11.0000,2048,1,0x59fb0658c8,58,1853,0,0,3674,2048,11.0000,2048,0,3671
1847000,2048,1,1,0,118206464,1,118208512,0,2045,10.9971,2042,2,0x0bd51882da,54,1832,0,3,3677,2045,10.9971,2042,3,3674
1848000,2048,1,1,0,118271999,1,118274047,0,2047,10.9990,2046,2,0xdee0b4fb37,0,1,0,1,3678,2047,10.9990,2046,1,3675
1849000,2048,1,1,0,118335488,1,118337536,0,2048,11.0000,2048,1,0xa20d80df77,60,1845,0,0,3678,2048,11.0000,2048,0,3675
1850000,2048,1,1,0,118398976,1,118401024,0,2044,10.9961,2040,2,0xaea184f7f4,83,1842,0,4,3682,2044,10.9961,2040,4,3679
1851000,2048,1,1,0,118462464,1,118464512,0,2047,10.9990,2046,2,0xa2a0ffc7bc,58,1871,0,1,3683,2047,10.9990,2046,1,3680
1852000,2048,1,1,0,118527999,1,118530047,0,2046,10.9980,2044,2,0xa2510bd294,0,1,0,2,3685,2046,10.9980,2044,2,3682
1853000,2048,1,1,0,118591488,1,118593536,0,2045,10.9971,2042,2,0xbe0af62df8,57,1857,0,3,3688,2045,10.9971,2042,3,3685
1854000,2048,1,1,0,118654976,1,118657024,0,2046,10.9980,2044,2,0x246bc77883,65,1828,0,2,3690,2046,10.9980,2044,2,3687
1855000,2048,1,1,0,118718464,1,118720512,0,2047,10.9990,2046,2,0x7662a13229,80,1850,0,1,3691,2047,10.9990,2046,1,3688
1856000,2048,1,1,0,118783999,1,118786047,0,2044,10.9961,2040,2,0x51f1c309b0,0,1,0,4,3695,2044,10.9961,2040,4,3692
1857000,2048,1,1,0,118847488,1,118849536,0,2044,10.9961,2040,2,0x8117b85d64,67,1847,0,4,3699,2044,10.9961,2040,4,3696
1858000,2048,1,1,0,118910976,1,118913024,0,2046,10.9980,2044,2,0x224e1eb5b9,63,1835,0,2,3701,2046,10.9980,2044,2,3698
1859000,2048,1,1,0,118974464,1,118976512,0,2047,10.9990,2046,2,0x076589416d,57,1828,0,1,3702,2047,10.9990,2046,1,3699
1860000,2048,1,1,0,119039999,1,119042047,0,2045,10.9971,2042,2,0x9fc93e51ff,0,1,0,3,3705,2045,10.9971,2042,3,3702
1861000,2048,1,1,0,119103488,1,119105536,0,2048,11.0000,2048,1,0x30b19c22cf,74,1833,0,0,3705,2048,11.0000,2048,0,3702
1862000,2048,1,1,0,119166976,1,119169024,0,2044,10.9961,2040,2,0xe2c229bb41,67,1848,0,4,3709,2044,10.9961,2040,4,3706
1863000,2048,1,1,0,119230464,1,119232512,0,2048,11.0000,2048,1,0x4dd9bde66a,66,1863,0,0,3709,2048,11.0000,2048,0,3706
1864000,2048,1,1,0,119295999,1,119298047,0,2045,10.9971,2042,2,0x235d0556c6,0,1,0,3,3712,2045,10.9971,2042,3,3709
1865000,2048,1,1,0,119359488,1,119361536,0,2047,10.9990,2046,2,0x5feca02a97,58,1855,0,1,3713,2047,10.9990,2046,1,3710
1866000,2048,1,1,0,119422976,1,119425024,0,2047,10.9990,2046,2,0xb3bf201439,67,1835,0,1,3714,2047,10.9990,2046,1,3711
1867000,2048,1,1,0,119486464,1,119488512,0,2047,10.9990,2046,2,0x4fdfc14ce7,63,1850,0,1,3715,2047,10.9990,2046,1,3712
1868000,2048,1,1,0,119551999,1,119554047,0,2045,10.9971,2042,2,0x7cac895488,0,1,0,3,3718,2045,10.9971,2042,3,3715
1869000,2048,1,1,0,119615488,1,119617536,0,2048,11.0000,2048,1,0x5e517f1cf5,55,1833,0,0,3718,2048,11.0000,2048,0,3715
1870000,2048,1,1,0,119678976,1,119681024,0,2046,10.9980,2044,2,0xcca02455b8,50,1858,0,2,3720,2046,10.9980,2044,2,3717
1871000,2048,1,1,0,119742464,1,119744512,0,2046,10.9980,2044,2,0x39b1ccc1a1,56,1835,0,2,3722,2046,10.9980,2044,2,3719
1872000,2048,1,1,0,119807999,1,119810047,0,2048,11.0000,2048,1,0x5d42214025,0,1,0,0,3722,2048,11.0000,2048,0,3719
1873000,2048,1,1,0,119871488,1,119873536,0,2044,10.9961,2040,2,0xb74d46a015,76,1852,0,4,3726,2044,10.9961,2040,4,3723
1874000,2048,1,1,0,119934976,1,119937024,0,2048,11.0000,2048,1,0x29991484a5,73,1839,0,0,3726,2048,11.0000,2048,0,3723
1875000,2048,1,1,0,119998464,1,120000512,0,2046,10.9980,2044,2,0xbf61067622,62,1860,0,2,3728,2046,10.9980,2044,2,3725
1876000,2048,1,1,0,120063999,1,120066047,0,2048,11.0000,2048,1,0x0e7efc4a03,0,1,0,0,3728,2048,11.0000,2048,0,3725
1877000,2048,1,1,0,120127488,1,120129536,0,2047,10.9990,2046,2,0xfb40ce93fa,67,1830,0,1,3729,2047,10.9990,2046,1,3726
1878000,2048,1,1,0,120190976,1,120193024,0,2043,10.9951,2038,2,0xb309ae5088,62,1855,0,5,3734,2043,10.9951,2038,5,3731
1879000,2048,1,1,0,120254464,1,120256512,0,2042,10.9941,2036,2,0x785b33b0b0,70,1875,0,6,3740,2042,10.9941,2036,6,3737
1880000,2048,1,1,0,120319999,1,120322047,0,2048,11.0000,2048,1,0xea6696e8f1,0,1,0,0,3740,2048,11.0000,2048,0,3737
1881000,2048,1,1,0,120383488,1,120385536,0,2048,11.0000,2048,1,0xe49ed040a6,58,1842,0,0,3740,2048,11.0000,2048,0,3737
1882000,2048,1,1,0,120446976,1,120449024,0,2047,10.9990,2046,2,0xbd296f9c80,59,1863,0,1,3741,2047,10.9990,2046,1,3738
1883000,2048,1,1,0,120510464,1,120512512,0,2046,10.9980,2044,2,0x13667a4c83,67,1851,0,2,3743,2047,10.9990,2046,1,3739
1884000,2048,1,1,0,120575999,1,120578047,0,2046,10.9980,2044,2,0x4c10356817,0,1,0,2,3745,2046,10.9980,2044,2,3741
1885000,2048,1,1,0,120639488,1,120641536,0,2047,10.9990,2046,2,0xb40ee8ade9,57,1858,0,1,3746,2047,10.9990,2046,1,3742
1886000,2048,1,1,0,120702976,1,120705024,0,2047,10.9990,2046,2,0x4b52e63f4a,58,1849,0,1,3747,2047,10.9990,2046,1,3743
1887000,2048,1,1,0,120766464,1,120768512,0,2048,11.0000,2048,1,0xf36fb05f53,63,1865,0,0,3747,2048,11.0000,2048,0,3743
1888000,2048,1,1,0,120831999,1,120834047,0,2043,10.9951,2038,2,0xa5fabd105b,0,1,0,5,3752,2043,10.9951,2038,5,3748
1889000,2048,1,1,0,120895488,1,120897536,0,2046,10.9980,2044,2,0xe82c982b73,68,1853,0,2,3754,2046,10.9980,2044,2,3750
1890000,2048,1,1,0,120958976,1,120961024,0,2045,10.9971,2042,2,0x48f63e0506,66,1853,0,3,3757,2045,10.9971,2042,3,3753
1891000,2048,1,1,0,121022464,1,121024512,0,2046,10.9980,2044,2,0x398737b0e1,76,1833,0,2,3759,2046,10.9980,2044,2,3755
1892000,2048,1,1,0,121087999,1,121090047,0,2046,10.9980,2044,2,0xec12061b01,0,1,0,2,3761,2046,10.9980,2044,2,3757
1893000,2048,1,1,0,121151488,1,121153536,0,2047,10.9990,2046,2,0x8ce2c788ec,76,1853,0,1,3762,2047,10.9990,2046,1,3758
1894000,2048,1,1,0,121214976,1,121217024,0,2046,10.9980,2044,2,0x96f081c8a2,57,1837,0,2,3764,2046,10.9980,2044,2,3760
1895000,2048,1,1,0,121278464,1,121280512,0,2047,10.9990,2046,2,0x91a7778188,61,1849,0,1,3765,2047,10.9990,2046,1,3761
1896000,2048,1,1,0,121343999,1,121346047,0,2045,10.9971,2042,2,0xfb0f6b233d,0,1,0,3,3768,2045,10.9971,2042,3,3764
1897000,2048,1,1,0,121407488,1,121409536,0,2047,10.9990,2046,2,0x2b89e0aa83,63,1835,0,1,3769,2047,10.9990,2046,1,3765
1898000,2048,1,1,0,121470976,1,121473024,0,2048,11.0000,2048,1,0x92869a277b,60,1858,0,0,3769,2048,11.0000,2048,0,3765
1899000,2048,1,1,0,121534464,1,121536512,0,2048,11.0000,2048,1,0x470f9f8da6,67,1850,0,0,3769,2048,11.0000,2048,0,3765
1900000,2048,1,1,0,121599999,1,121602047,0,2045,10.9971,2042,2,0xe1fb977e0a,0,1,0,3,3772,2045,10.9971,2042,3,3768
1901000,2048,1,1,0,121663488,1,121665536,0,2041,10.9932,2034,2,0x684ddee730,57,1843,0,7,3779,2041,10.9932,2034,7,3775
1902000,2048,1,1,0,121726976,1,121729024,0,2048,11.0000,2048,1,0x34994c3d97,56,1846,0,0,3779,2048,11.0000,2048,0,3775
1903000,2048,1,1,0,121790464,1,121792512,0,2046,10.9980,2044,2,0xcb3e2556d2,77,1869,0,2,3781,2046,10.9980,2044,2,3777
1904000,2048,1,1,0,121855999,1,121858047,0,2046,10.9980,2044,2,0xa6b8b20e33,1,1,0,2,3783,2046,10.9980,2044,2,3779
1905000,2048,1,1,0,121919488,1,121921536,0,2047,10.9990,2046,2,0xd48e72c13f,74,1841,0,1,3784,2047,10.9990,2046,1,3780
1906000,2048,1,1,0,121982976,1,121985024,0,2044,10.9961,2040,2,0x904ad27122,80,1860,0,4,3788,2044,10.9961,2040,4,3784
1907000,2048,1,1,0,122046464,1,122048512,0,2047,10.9990,2046,2,0x742234ba67,52,1845,0,1,3789,2047,10.9990,2046,1,3785
1908000,2048,1,1,0,122111999,1,122114047,0,2045,10.9971,2042,2,0x73d5e711f7,0,1,0,3,3792,2045,10.9971,2042,3,3788
1909000,2048,1,1,0,122175488,1,122177536,0,2046,10.9980,2044,2,0x946af30fd6,83,1838,0,2,3794,2046,10.9980,2044,2,3790
1910000,2048,1,1,0,122238976,1,122241024,0,2047,10.9990,2046,2,0x089cdf7092,63,1849,0,1,3795,2047,10.9990,2046,1,3791
1911000,2048,1,1,0,122302464,1,122304512,0,2047,10.9990,2046,2,0x4b3bf49193,64,1852,0,1,3796,2047,10.9990,2046,1,3792
1912000,2048,1,1,0,122367999,1,122370047,0,2047,10.9990,2046,2,0x08eabe009a,0,0,0,1,3797,2047,10.9990,2046,1,3793
1913000,2048,1,1,0,122431488,1,122433536,0,2047,10.9990,2046,2,0x0b8e5f322a,65,1845,0,1,3798,2047,10.9990,2046,1,3794
1914000,2048,1,1,0,122494976,1,122497024,0,2047,10.9990,2046,2,0xa4c5005ec1,73,1862,0,1,3799,2047,10.9990,2046,1,3795
1915000,2048,1,1,0,122558464,1,122560512,0,2047,10.9990,2046,2,0x7e725f2ddc,73,1852,0,1,3800,2047,10.9990,2046,1,3796
1916000,2048,1,1,0,122623999,1,122626047,0,2047,10.9990,2046,2,0x4fe9b70d9b,1,1,0,1,3801,2047,10.9990,2046,1,3797
1917000,2048,1,1,0,122687488,1,122689536,0,2046,10.9980,2044,2,0xf0e34b730e,46,1828,0,2,3803,2046,10.9980,2044,2,3799
1918000,2048,1,1,0,122750976,1,122753024,0,2047,10.9990,2046,2,0xb0bb7f4c30,67,1854,0,1,3804,2047,10.9990,2046,1,3800
1919000,2048,1,1,0,122814464,1,122816512,0,2047,10.9990,2046,2,0xfb32dbb984,64,1847,0,1,3805,2047,10.9990,2046,1,3801
1920000,2048,1,1,0,122879999,1,122882047,0,2048,11.0000,2048,1,0xf8b2785757,0,1,0,0,3805,2048,11.0000,2048,0,3801
1921000,2048,1,1,0,122943488,1,122945536,0,2045,10.9971,2042,2,0x38b9d62d21,53,1849,0,3,3808,2045,10.9971,2042,3,3804
1922000,2048,1,1,0,123006976,1,123009024,0,2045,10.9971,2042,2,0x39def31a67,66,1851,0,3,3811,2045,10.9971,2042,3,3807
1923000,2048,1,1,0,123070464,1,123072512,0,2044,10.9961,2040,2,0xc6feea945f,74,1833,0,4,3815,2044,10.9961,2040,4,3811
1924000,2048,1,1,0,123135999,1,123138047,0,2044,10.9961,2040,2,0x616bc6fdda,0,1,0,4,3819,2044,10.9961,2040,4,3815
1925000,2048,1,1,0,123199488,1,123201536,0,2047,10.9990,2046,2,0xb7a84002a1,64,1854,0,1,3820,2047,10.9990,2046,1,3816
1926000,2048,1,1,0,123262976,1,123265024,0,2046,10.9980,2044,2,0xe5fb0ce8f2,66,1824,0,2,3822,2046,10.9980,2044,2,3818
1927000,2048,1,1,0,123326464,1,123328512,0,2046,10.9980,2044,2,0x91dae1bc35,52,1844,0,2,3824,2046,10.9980,2044,2,3820
1928000,2048,1,1,0,123391999,1,123394047,0,2046,10.9980,2044,2,0xdf5adf3aff,0,0,0,2,3826,2046,10.9980,2044,2,3822
1929000,2048,1,1,0,123455488,1,123457536,0,2046,10.9980,2044,2,0x15c6fa6395,71,1847,0,2,3828,2046,10.9980,2044,2,3824
1930000,2048,1,1,0,123518976,1,123521024,0,2048,11.0000,2048,1,0xc1ef5fe8b1,62,1829,0,0,3828,2048,11.0000,2048,0,3824
1931000,2048,1,1,0,123582464,1,123584512,0,2045,10.9971,2042,2,0xb7d050ef45,63,1817,0,3,3831,2045,10.9971,2042,3,3827
1932000,2048,1,1,0,123647999,1,123650047,0,2047,10.9990,2046,2,0x1c284b2e93,0,1,0,1,3832,2047,10.9990,2046,1,3828
1933000,2048,1,1,0,123711488,1,123713536,0,2047,10.9990,2046,2,0xc84e77da6f,72,1846,0,1,3833,2047,10.9990,2046,1,3829
1934000,2048,1,1,0,123774976,1,123777024,0,2046,10.9980,2044,2,0x93f85c4626,64,1856,0,2,3835,2046,10.9980,2044,2,3831
1935000,2048,1,1,0,123838464,1,123840512,0,2047,10.9990,2046,2,0x56b026009f,68,1846,0,1,3836,2047,10.9990,2046,1,3832
1936000,2048,1,1,0,123903999,1,123906047,0,2047,10.9990,2046,2,0xd54fdf4ae4,0,1,0,1,3837,2047,10.9990,2046,1,3833
1937000,2048,1,1,0,123967488,1,123969536,0,2044,10.9961,2040,2,0xbac63ef83a,52,1825,0,4,3841,2044,10.9961,2040,4,3837
1938000,2048,1,1,0,124030976,1,124033024,0,2048,11.0000,2048,1,0xccf664605b,55,1832,0,0,3841,2048,11.0000,2048,0,3837
1939000,2048,1,1,0,124094464,1,124096512,0,2047,10.9990,2046,2,0xd0938c4cdd,79,1855,0,1,3842,2047,10.9990,2046,1,3838
1940000,2048,1,1,0,124159999,1,124162047,0,2047,10.9990,2046,2,0x530f2d98aa,0,1,0,1,3843,2047,10.9990,2046,1,3839
1941000,2048,1,1,0,124223488,1,124225536,0,2048,11.0000,2048,1,0xbacadb96c5,49,1858,0,0,3843,2048,11.0000,2048,0,3839
1942000,2048,1,1,0,124286976,1,124289024,0,2047,10.9990,2046,2,0xeea56fdb5a,51,1853,0,1,3844,2047,10.9990,2046,1,3840
1943000,2048,1,1,0,124350464,1,124352512,0,2046,10.9980,2044,2,0x7741eee8d7,72,1856,0,2,3846,2046,10.9980,2044,2,3842
1944000,2048,1,1,0,124415999,1,124418047,0,2046,10.9980,2044,2,0xf249b78c9e,0,1,0,2,3848,2046,10.9980,2044,2,3844
1945000,2048,1,1,0,124479488,1,124481536,0,2046,10.9980,2044,2,0xba4a0f6458,62,1842,0,2,3850,2046,10.9980,2044,2,3846
1946000,2048,1,1,0,124542976,1,124545024,0,2046,10.9980,2044,2,0x6ce27c4257,65,1855,0,2,3852,2046,10.9980,2044,2,3848
1947000,2048,1,1,0,124606464,1,124608512,0,2047,10.9990,2046,2,0x988459e093,69,1853,0,1,3853,2047,10.9990,2046,1,3849
1948000,2048,1,1,0,124671999,1,124674047,0,2048,11.0000,2048,1,0xcd198c4e84,0,1,0,0,3853,2048,11.0000,2048,0,3849
1949000,2048,1,1,0,124735488,1,124737536,0,2047,10.9990,2046,2,0x1a071f10eb,58,1825,0,1,3854,2047,10.9990,2046,1,3850
1950000,2048,1,1,0,124798976,1,124801024,0,2047,10.9990,2046,2,0xbcec36a64a,63,1866,0,1,3855,2047,10.9990,2046,1,3851
1951000,2048,1,1,0,124862464,1,124864512,0,2047,10.9990,2046,2,0xc5e27eabe7,64,1839,0,1,3856,2047,10.9990,2046,1,3852
1952000,2048,1,1,0,124927999,1,124930047,0,2046,10.9980,2044,2,0x2b41c95588,0,1,0,2,3858,2046,10.9980,2044,2,3854
1953000,2048,1,1,0,124991488,1,124993536,0,2047,10.9990,2046,2,0x00d297d540,65,1844,0,1,3859,2047,10.9990,2046,1,3855
1954000,2048,1,1,0,125054976,1,125057024,0,2047,10.9990,2046,2,0x4dfe6c0e53,80,1859,0,1,3860,2047,10.9990,2046,1,3856
1955000,2048,1,1,0,125118464,1,125120512,0,2046,10.9980,2044,2,0xe53dd21d2c,68,1839,0,2,3862,2046,10.9980,2044,2,3858
1956000,2048,1,1,0,125183999,1,125186047,0,2045,10.9971,2042,2,0x9c694d8344,1,1,0,3,3865,2045,10.9971,2042,3,3861
1957000,2048,1,1,0,125247488,1,125249536,0,2046,10.9980,2044,2,0xef2d382ebb,64,1861,0,2,3867,2046,10.9980,2044,2,3863
1958000,2048,1,1,0,125310976,1,125313024,0,2047,10.9990,2046,2,0x274cd16eb2,67,1841,0,1,3868,2047,10.9990,2046,1,3864
1959000,2048,1,1,0,125374464,1,125376512,0,2046,10.9980,2044,2,0xc768a13c02,73,1826,0,2,3870,2046,10.9980,2044,2,3866
1960000,2048,1,1,0,125439999,1,125442047,0,2048,11.0000,2048,1,0x23e421d031,0,1,0,0,3870,2048,11.0000,2048,0,3866
1961000,2048,1,1,0,125503488,1,125505536,0,2046,10.9980,2044,2,0x8f53ac98a1,74,1865,0,2,3872,2046,10.9980,2044,2,3868
1962000,2048,1,1,0,125566976,1,125569024,0,2047,10.9990,2046,2,0x74390609f6,58,1812,0,1,3873,2047,10.9990,2046,1,3869
1963000,2048,1,1,0,125630464,1,125632512,0,2047,10.9990,2046,2,0x194a164717,79,1845,0,1,3874,2047,10.9990,2046,1,3870
1964000,2048,1,1,0,125695999,1,125698047,0,2046,10.9980,2044,2,0x160ed87124,0,1,0,2,3876,2046,10.9980,2044,2,3872
1965000,2048,1,1,0,125759488,1,125761536,0,2045,10.9971,2042,2,0xee74aaae7e,66,1861,0,3,3879,2045,10.9971,2042,3,3875
1966000,2048,1,1,0,125822976,1,125825024,0,2045,10.9971,2042,2,0x2fcd62d7ae,50,1851,0,3,3882,2045,10.9971,2042,3,3878
1967000,2048,1,1,0,125886464,1,125888512,0,2048,11.0000,2048,1,0xa2e1fe934b,81,1847,0,0,3882,2048,11.0000,2048,0,3878
1968000,2048,1,1,0,125951999,1,125954047,0,2047,10.9990,2046,2,0xad4e49120c,0,1,0,1,3883,2047,10.9990,2046,1,3879
1969000,2048,1,1,0,126015488,1,126017536,0,2046,10.9980,2044,2,0xe1cf508263,62,1850,0,2,3885,2046,10.9980,2044,2,3881
1970000,2048,1,1,0,126078976,1,126081024,0,2047,10.9990,2046,2,0x84e3bc97cb,70,1862,0,1,3886,2047,10.9990,2046,1,3882
1971000,2048,1,1,0,126142464,1,126144512,0,2045,10.9971,2042,2,0x010ff4fc50,70,1840,0,3,3889,2045,10.9971,2042,3,3885
1972000,2048,1,1,0,126207999,1,126210047,0,2047,10.9990,2046,2,0x07c59efc42,0,1,0,1,3890,2047,10.9990,2046,1,3886
1973000,2048,1,1,0,126271488,1,126273536,0,2047,10.9990,2046,2,0x3a91729229,55,1850,0,1,3891,2047,10.9990,2046,1,3887
1974000,2048,1,1,0,126334976,1,126337024,0,2046,10.9980,2044,2,0x97e9a414a3,73,1852,0,2,3893,2046,10.9980,2044,2,3889
1975000,2048,1,1,0,126398464,1,126400512,0,2046,10.9980,2044,2,0x02ffaf53a9,48,1830,0,2,3895,2046,10.9980,2044,2,3891
1976000,2048,1,1,0,126463999,1,126466047,0,2043,10.9951,2038,2,0xe750abd9da,0,1,0,5,3900,2043,10.9951,2038,5,3896
1977000,2048,1,1,0,126527488,1,126529536,0,2045,10.9971,2042,2,0xd88559b829,52,1851,0,3,3903,2045,10.9971,2042,3,3899
1978000,2048,1,1,0,126590976,1,126593024,0,2047,10.9990,2046,2,0xf057463017,63,1827,0,1,3904,2047,10.9990,2046,1,3900
1979000,2048,1,1,0,126654464,1,126656512,0,2045,10.9971,2042,2,0x0c747640c6,63,1837,0,3,3907,2045,10.9971,2042,3,3903
1980000,2048,1,1,0,126719999,1,126722047,0,2046,10.9980,2044,2,0x9aaf9b16ee,0,1,0,2,3909,2046,10.9980,2044,2,3905
1981000,2048,1,1,0,126783488,1,126785536,0,2046,10.9980,2044,2,0x6e12405fec,65,1861,0,2,3911,2046,10.9980,2044,2,3907
1982000,2048,1,1,0,126846976,1,126849024,0,2043,10.9951,2038,2,0xf7f844c984,47,1827,0,5,3916,2043,10.9951,2038,5,3912
1983000,2048,1,1,0,126910464,1,126912512,0,2044,10.9961,2040,2,0xfda8a7671d,75,1834,0,4,3920,2044,10.9961,2040,4,3916
1984000,2048,1,1,0,126975999,1,126978047,0,2046,10.9980,2044,2,0xa9a0c6f851,0,1,0,2,3922,2046,10.9980,2044,2,3918
1985000,2048,1,1,0,127039488,1,127041536,0,2046,10.9980,2044,2,0x61854be080,62,1817,0,2,3924,2046,10.9980,2044,2,3920
1986000,2048,1,1,0,127102976,1,127105024,0,2044,10.9961,2040,2,0xf7537478e1,55,1864,0,4,3928,2044,10.9961,2040,4,3924
1987000,2048,1,1,0,127166464,1,127168512,0,2046,10.9980,2044,2,0x832577ecc6,52,1841,0,2,3930,2046,10.9980,2044,2,3926
1988000,2048,1,1,0,127231999,1,127234047,0,2046,10.9980,2044,2,0x8a164c1372,0,1,0,2,3932,2046,10.9980,2044,2,3928
1989000,2048,1,1,0,127295488,1,127297536,0,2047,10.9990,2046,2,0x206d58ab27,52,1819,0,1,3933,2047,10.9990,2046,1,3929
1990000,2048,1,1,0,127358976,1,127361024,0,2046,10.9980,2044,2,0xd1ad669b30,66,1877,0,2,3935,2046,10.9980,2044,2,3931
1991000,2048,1,1,0,127422464,1,127424512,0,2046,10.9980,2044,2,0x60f990240e,67,1853,0,2,3937,2046,10.9980,2044,2,3933
1992000,2048,1,1,0,127487999,1,127490047,0,2047,10.9990,2046,2,0x12250d3dc3,0,1,0,1,3938,2047,10.9990,2046,1,3934
1993000,2048,1,1,0,127551488,1,127553536,0,2047,10.9990,2046,2,0x0e5202fda9,66,1853,0,1,3939,2047,10.9990,2046,1,3935
1994000,2048,1,1,0,127614976,1,127617024,0,2044,10.9961,2040,2,0x870f388670,59,1862,0,4,3943,2044,10.9961,2040,4,3939
1995000,2048,1,1,0,127678464,1,127680512,0,2046,10.9980,2044,2,0x1d59eba594,59,1861,0,2,3945,2046,10.9980,2044,2,3941
1996000,2048,1,1,0,127743999,1,127746047,0,2047,10.9990,2046,2,0xe7e5b56f61,0,1,0,1,3946,2047,10.9990,2046,1,3942
1997000,2048,1,1,0,127807488,1,127809536,0,2043,10.9951,2038,2,0x2b5f07a97f,60,1855,0,5,3951,2043,10.9951,2038,5,3947
1998000,2048,1,1,0,127870976,1,127873024,0,2044,10.9961,2040,2,0x479ca83980,69,1853,0,4,3955,2044,10.9961,2040,4,3951
1999000,2048,1,1,0,127934464,1,127936512,0,2045,10.9971,2042,2,0xac5f75e8d9,62,1843,0,3,3958,2045,10.9971,2042,3,3954
2000000,2048,1,1,0,127999999,1,128002047,0,2048,11.0000,2048,1,0xb3934f0de2,0,1,0,0,3958,2048,11.0000,2048,0,3954
2001000,2048,1,1,0,128063488,1,128065536,0,2046,10.9980,2044,2,0xa7926990d1,60,1868,0,2,3960,2046,10.9980,2044,2,3956
2002000,2048,1,1,0,128126976,1,128129024,0,2046,10.9980,2044,2,0x1160061105,73,1852,0,2,3962,2046,10.9980,2044,2,3958
2003000,2048,1,1,0,128190464,1,128192512,0,2044,10.9961,2040,2,0x4387b31770,67,1854,0,4,3966,2044,10.9961,2040,4,3962
2004000,2048,1,1,0,128255999,1,128258047,0,2048,11.0000,2048,1,0x6bfe427aff,0,0,0,0,3966,2048,11.0000,2048,0,3962
2005000,2048,1,1,0,128319488,1,128321536,0,2045,10.9971,2042,2,0xe21966625e,71,1822,0,3,3969,2045,10.9971,2042,3,3965
2006000,2048,1,1,0,128382976,1,128385024,0,2047,10.9990,2046,2,0x72df1c5c6f,94,1848,0,1,3970,2047,10.9990,2046,1,3966
2007000,2048,1,1,0,128446464,1,128448512,0,2047,10.9990,2046,2,0x533f983214,70,1838,0,1,3971,2047,10.9990,2046,1,3967
2008000,2048,1,1,0,128511999,1,128514047,0,2046,10.9980,2044,2,0xbe7e5220ed,0,1,0,2,3973,2046,10.9980,2044,2,3969
2009000,2048,1,1,0,128575488,1,128577536,0,2046,10.9980,2044,2,0xafc151f21b,60,1846,0,2,3975,2046,10.9980,2044,2,3971
2010000,2048,1,1,0,128638976,1,128641024,0,2046,10.9980,2044,2,0x0a44930892,64,1852,0,2,3977,2046,10.9980,2044,2,3973
2011000,2048,1,1,0,128702464,1,128704512,0,2047,10.9990,2046,2,0x1c6db0bc13,63,1843,0,1,3978,2047,10.9990,2046,1,3974
2012000,2048,1,1,0,128767999,1,128770047,0,2047,10.9990,2046,2,0x497fb9957b,0,1,0,1,3979,2047,10.9990,2046,1,3975
2013000,2048,1,1,0,128831488,1,128833536,0,2048,11.0000,2048,1,0xdd3febc3e7,68,1855,0,0,3979,2048,11.0000,2048,0,3975
2014000,2048,1,1,0,128894976,1,128897024,0,2043,10.9951,2038,2,0xd2c5daa4a0,60,1848,0,5,3984,2043,10.9951,2038,5,3980
2015000,2048,1,1,0,128958464,1,128960512,0,2047,10.9990,2046,2,0x83eaea6a7e,66,1850,0,1,3985,2047,10.9990,2046,1,3981
2016000,2048,1,1,0,129023999,1,129026047,0,2047,10.9990,2046,2,0x8cb3f97cbf,0,1,0,1,3986,2047,10.9990,2046,1,3982
2017000,2048,1,1,0,129087488,1,129089536,0,2043,10.9951,2038,2,0xfca50e77f8,72,1841,0,5,3991,2043,10.9951,2038,5,3987
2018000,2048,1,1,0,129150976,1,129153024,0,2047,10.9990,2046,2,0xa366aacfd4,59,1841,0,1,3992,2047,10.9990,2046,1,3988
2019000,2048,1,1,0,129214464,1,129216512,0,2047,10.9990,2046,2,0xf25292d24c,79,1844,0,1,3993,2047,10.9990,2046,1,3989
2020000,2048,1,1,0,129279999,1,129282047,0,2040,10.9922,2032,2,0xcb87e6d127,0,1,0,8,4001,2040,10.9922,2032,8,3997
2021000,2048,1,1,0,129343488,1,129345536,0,2046,10.9980,2044,2,0x04df5cb684,63,1859,0,2,4003,2046,10.9980,2044,2,3999
2022000,2048,1,1,0,129406976,1,129409024,0,2048,11.0000,2048,1,0xf3d6c11723,53,1865,0,0,4003,2048,11.0000,2048,0,3999
2023000,2048,1,1,0,129470464,1,129472512,0,2045,10.9971,2042,2,0x8668294856,54,1855,0,3,4006,2045,10.9971,2042,3,4002
2024000,2048,1,1,0,129535999,1,129538047,0,2046,10.9980,2044,2,0x422bf16075,0,1,0,2,4008,2046,10.9980,2044,2,4004
2025000,2048,1,1,0,129599488,1,129601536,0,2043,10.9951,2038,2,0x71226528a3,53,1858,0,5,4013,2043,10.9951,2038,5,4009
2026000,2048,1,1,0,129662976,1,129665024,0,2045,10.9971,2042,2,0xd2c8d22894,68,1852,0,3,4016,2045,10.9971,2042,3,4012
2027000,2048,1,1,0,129726464,1,129728512,0,2045,10.9971,2042,2,0x2c42d4738d,79,1857,0,3,4019,2045,10.9971,2042,3,4015
2028000,2048,1,1,0,129791999,1,129794047,0,2046,10.9980,2044,2,0x528ac1895d,0,1,0,2,4021,2046,10.9980,2044,2,4017
2029000,2048,1,1,0,129855488,1,129857536,0,2046,10.9980,2044,2,0x42d524d038,71,1864,0,2,4023,2046,10.9980,2044,2,4019
2030000,2048,1,1,0,129918976,1,129921024,0,2048,11.0000,2048,1,0x6df17f93c1,71,1869,0,0,4023,2048,11.0000,2048,0,4019
2031000,2048,1,1,0,129982464,1,129984512,0,2047,10.9990,2046,2,0x04e6578251,57,1866,0,1,4024,2047,10.9990,2046,1,4020
2032000,2048,1,1,0,130047999,1,130050047,0,2044,10.9961,2040,2,0xb05265fe58,0,1,0,4,4028,2044,10.9961,2040,4,4024
2033000,2048,1,1,0,130111488,1,130113536,0,2045,10.9971,2042,2,0x47514967fc,59,1857,0,3,4031,2045,10.9971,2042,3,4027
2034000,2048,1,1,0,130174976,1,130177024,0,2046,10.9980,2044,2,0xa57e422a0c,76,1862,0,2,4033,2046,10.9980,2044,2,4029
2035000,2048,1,1,0,130238464,1,130240512,0,2045,10.9971,2042,2,0xadebb2e1d1,61,1844,0,3,4036,2045,10.9971,2042,3,4032
2036000,2048,1,1,0,130303999,1,130306047,0,2048,11.0000,2048,1,0x9178b957f5,0,1,0,0,4036,2048,11.0000,2048,0,4032
2037000,2048,1,1,0,130367488,1,130369536,0,2047,10.9990,2046,2,0xfd41dbdbcc,71,1826,0,1,4037,2047,10.9990,2046,1,4033
2038000,2048,1,1,0,130430976,1,130433024,0,2047,10.9990,2046,2,0x713fac1472,59,1864,0,1,4038,2047,10.9990,2046,1,4034
2039000,2048,1,1,0,130494464,1,130496512,0,2043,10.9951,2038,2,0xafb0295f93,61,1834,0,5,4043,2043,10.9951,2038,5,4039
2040000,2048,1,1,0,130559999,1,130562047,0,2045,10.9971,2042,2,0xf774d6e5fb,0,0,0,3,4046,2045,10.9971,2042,3,4042
2041000,2048,1,1,0,130623488,1,130625536,0,2046,10.9980,2044,2,0x2b3cf3de04,57,1845,0,2,4048,2046,10.9980,2044,2,4044
2042000,2048,1,1,0,130686976,1,130689024,0,2047,10.9990,2046,2,0x41e81d8d45,55,1844,0,1,4049,2047,10.9990,2046,1,4045
2043000,2048,1,1,0,130750464,1,130752512,0,2046,10.9980,2044,2,0x9c134a7b48,49,1818,0,2,4051,2046,10.9980,2044,2,4047
2044000,2048,1,1,0,130815999,1,130818047,0,2046,10.9980,2044,2,0xa5897f2424,0,1,0,2,4053,2046,10.9980,2044,2,4049
2045000,2048,1,1,0,130879488,1,130881536,0,2046,10.9980,2044,2,0x3b980988f3,55,1830,0,2,4055,2046,10.9980,2044,2,4051
2046000,2048,1,1,0,130942976,1,130945024,0,2046,10.9980,2044,2,0x2e51b9e53b,68,1852,0,2,4057,2046,10.9980,2044,2,4053
2047000,2048,1,1,0,131006464,1,131008512,0,2046,10.9980,2044,2,0xd6e7b2d91c,64,1861,0,2,4059,2046,10.9980,2044,2,4055
2048000,2048,1,1,0,131071999,1,131074047,0,2045,10.9971,2042,2,0x11aee4c565,0,1,0,3,4062,2045,10.9971,2042,3,4058
2049000,2048,1,1,0,131135488,1,131137536,0,2045,10.9971,2042,2,0xa0ba270e19,58,1852,0,3,4065,2045,10.9971,2042,3,4061
2050000,2048,1,1,0,131198976,1,131201024,0,2046,10.9980,2044,2,0xe29fc55c18,68,1849,0,2,4067,2046,10.9980,2044,2,4063
2051000,2048,1,1,0,131262464,1,131264512,0,2045,10.9971,2042,2,0x9d7f7eca70,70,1857,0,3,4070,2045,10.9971,2042,3,4066
2052000,2048,1,1,0,131327999,1,131330047,0,2044,10.9961,2040,2,0x8d1734c251,1,1,0,4,4074,2044,10.9961,2040,4,4070
2053000,2048,1,1,0,131391488,1,131393536,0,2045,10.9971,2042,2,0x28f4d69694,87,1857,0,3,4077,2045,10.9971,2042,3,4073
2054000,2048,1,1,0,131454976,1,131457024,0,2046,10.9980,2044,2,0x576fc99bbf,57,1850,0,2,4079,2046,10.9980,2044,2,4075
2055000,2048,1,1,0,131518464,1,131520512,0,2045,10.9971,2042,2,0xafe0542f95,73,1853,0,3,4082,2045,10.9971,2042,3,4078
2056000,2048,1,1,0,131583999,1,131586047,0,2045,10.9971,2042,2,0x774ada34b4,0,1,0,3,4085,2045,10.9971,2042,3,4081
2057000,2048,1,1,0,131647488,1,131649536,0,2047,10.9990,2046,2,0x35277a3b09,75,1865,0,1,4086,2047,10.9990,2046,1,4082
2058000,2048,1,1,0,131710976,1,131713024,0,2047,10.9990,2046,2,0x94127a5e03,51,1869,0,1,4087,2047,10.9990,2046,1,4083
2059000,2048,1,1,0,131774464,1,131776512,0,2047,10.9990,2046,2,0x898ab682a7,53,1817,0,1,4088,2047,10.9990,2046,1,4084
2060000,2048,1,1,0,131839999,1,131842047,0,2047,10.9990,2046,2,0x6fdd9ef735,0,1,0,1,4089,2047,10.9990,2046,1,4085
2061000,2048,1,1,0,131903488,1,131905536,0,2045,10.9971,2042,2,0xf1484ae49b,51,1833,0,3,4092,2045,10.9971,2042,3,4088
2062000,2048,1,1,0,131966976,1,131969024,0,2047,10.9990,2046,2,0x84a69808dc,81,1842,0,1,4093,2047,10.9990,2046,1,4089
2063000,2048,1,1,0,132030464,1,132032512,0,2046,10.9980,2044,2,0x593e748e01,68,1865,0,2,4095,2046,10.9980,2044,2,4091
2064000,2048,1,1,0,132095999,1,132098047,0,2047,10.9990,2046,2,0xdf666e54ff,0,1,0,1,4096,2047,10.9990,2046,1,4092
2065000,2048,1,1,0,132159488,1,132161536,0,2047,10.9990,2046,2,0x0d558ecea9,84,1850,0,1,4097,2047,10.9990,2046,1,4093
2066000,2048,1,1,0,132222976,1,132225024,0,2046,10.9980,2044,2,0xe910c0cbe0,75,1861,0,2,4099,2046,10.9980,2044,2,4095
2067000,2048,1,1,0,132286464,1,132288512,0,2046,10.9980,2044,2,0x9ab49d3c0f,60,1832,0,2,4101,2046,10.9980,2044,2,4097
2068000,2048,1,1,0,132351999,1,132354047,0,2046,10.9980,2044,2,0x98c93a4776,0,1,0,2,4103,2046,10.9980,2044,2,4099
2069000,2048,1,1,0,132415488,1,132417536,0,2046,10.9980,2044,2,0xfdfa49b2f5,77,1832,0,2,4105,2046,10.9980,2044,2,4101
2070000,2048,1,1,0,132478976,1,132481024,0,2046,10.9980,2044,2,0xe03cce4c64,61,1855,0,2,4107,2046,10.9980,2044,2,4103
2071000,2048,1,1,0,132542464,1,132544512,0,2048,11.0000,2048,1,0x3f87f387e5,68,1856,0,0,4107,2048,11.0000,2048,0,4103
2072000,2048,1,1,0,132607999,1,132610047,0,2046,10.9980,2044,2,0xe7ed9d5707,0,1,0,2,4109,2046,10.9980,2044,2,4105
2073000,2048,1,1,0,132671488,1,132673536,0,2048,11.0000,2048,1,0xa52f4208e9,65,1833,0,0,4109,2048,11.0000,2048,0,4105
2074000,2048,1,1,0,132734976,1,132737024,0,2044,10.9961,2040,2,0x3f5ec14317,53,1841,0,4,4113,2044,10.9961,2040,4,4109
2075000,2048,1,1,0,132798464,1,132800512,0,2047,10.9990,2046,2,0x65d9f39e7f,55,1827,0,1,4114,2047,10.9990,2046,1,4110
2076000,2048,1,1,0,132863999,1,132866047,0,2046,10.9980,2044,2,0x705066b6b6,0,1,0,2,4116,2046,10.9980,2044,2,4112
2077000,2048,1,1,0,132927488,1,132929536,0,2045,10.9971,2042,2,0x2566a1cd06,63,1853,0,3,4119,2045,10.9971,2042,3,4115
2078000,2048,1,1,0,132990976,1,132993024,0,2048,11.0000,2048,1,0x3d6460f82f,58,1877,0,0,4119,2048,11.0000,2048,0,4115
2079000,2048,1,1,0,133054464,1,133056512,0,2047,10.9990,2046,2,0xd77c6e5cbd,73,1861,0,1,4120,2047,10.9990,2046,1,4116
2080000,2048,1,1,0,133119999,1,133122047,0,2047,10.9990,2046,2,0x27fdd57fc8,0,1,0,1,4121,2047,10.9990,2046,1,4117
2081000,2048,1,1,0,133183488,1,133185536,0,2046,10.9980,2044,2,0xfcfa978f38,67,1833,0,2,4123,2046,10.9980,2044,2,4119
2082000,2048,1,1,0,133246976,1,133249024,0,2048,11.0000,2048,1,0x1926c8a7db,46,1828,0,0,4123,2048,11.0000,2048,0,4119
2083000,2048,1,1,0,133310464,1,133312512,0,2044,10.9961,2040,2,0x7239555a4d,66,1843,0,4,4127,2044,10.9961,2040,4,4123
2084000,2048,1,1,0,133375999,1,133378047,0,2047,10.9990,2046,2,0x435fe1aadb,0,1,0,1,4128,2047,10.9990,2046,1,4124
2085000,2048,1,1,0,133439488,1,133441536,0,2046,10.9980,2044,2,0x9017d6904d,57,1839,0,2,4130,2046,10.9980,2044,2,4126
2086000,2048,1,1,0,133502976,1,133505024,0,2047,10.9990,2046,2,0x6678a105da,74,1824,0,1,4131,2047,10.9990,2046,1,4127
2087000,2048,1,1,0,133566464,1,133568512,0,2048,11.0000,2048,1,0xa8802f91f2,74,1828,0,0,4131,2048,11.0000,2048,0,4127
2088000,2048,1,1,0,133631999,1,133634047,0,2047,10.9990,2046,2,0x0dc77b07a1,0,1,0,1,4132,2047,10.9990,2046,1,4128
2089000,2048,1,1,0,133695488,1,133697536,0,2047,10.9990,2046,2,0x4fc704b39a,63,1846,0,1,4133,2047,10.9990,2046,1,4129
2090000,2048,1,1,0,133758976,1,133761024,0,2047,10.9990,2046,2,0xe990bfd94e,67,1867,0,1,4134,2047,10.9990,2046,1,4130
2091000,2048,1,1,0,133822464,1,133824512,0,2045,10.9971,2042,2,0x4679d1d73a,68,1839,0,3,4137,2045,10.9971,2042,3,4133
2092000,2048,1,1,0,133887999,1,133890047,0,2045,10.9971,2042,2,0xb706ac79b4,0,1,0,3,4140,2045,10.9971,2042,3,4136
2093000,2048,1,1,0,133951488,1,133953536,0,2045,10.9971,2042,2,0xec901d268d,72,1870,0,3,4143,2045,10.9971,2042,3,4139
2094000,2048,1,1,0,134014976,1,134017024,0,2045,10.9971,2042,2,0x6a9b4d785c,54,1850,0,3,4146,2045,10.9971,2042,3,4142
2095000,2048,1,1,0,134078464,1,134080512,0,2046,10.9980,2044,2,0x31292927c6,62,1830,0,2,4148,2046,10.9980,2044,2,4144
2096000,2048,1,1,0,134143999,1,134146047,0,2046,10.9980,2044,2,0x9d2a60d3a3,0,1,0,2,4150,2046,10.9980,2044,2,4146
2097000,2048,1,1,0,134207488,1,134209536,0,2046,10.9980,2044,2,0x11d66a45a0,66,1854,0,2,4152,2046,10.9980,2044,2,4148
2098000,2048,1,1,0,134270976,1,134273024,0,2045,10.9971,2042,2,0x2a3c3a4e86,60,1850,0,3,4155,2045,10.9971,2042,3,4151
2099000,2048,1,1,0,134334464,1,134336512,0,2045,10.9971,2042,2,0x2a94445a8c,81,1838,0,3,4158,2045,10.9971,2042,3,4154
2100000,2048,1,1,0,134399999,1,134402047,0,2047,10.9990,2046,2,0x20824c2689,0,1,0,1,4159,2047,10.9990,2046,1,4155
2101000,2048,1,1,0,134463488,1,134465536,0,2047,10.9990,2046,2,0x9cf7c1cccb,68,1845,0,1,4160,2047,10.9990,2046,1,4156
2102000,2048,1,1,0,134526976,1,134529024,0,2044,10.9961,2040,2,0x7e8e06901f,66,1865,0,4,4164,2044,10.9961,2040,4,4160
2103000,2048,1,1,0,134590464,1,134592512,0,2042,10.9941,2036,2,0xaef64e4ef7,68,1835,0,6,4170,2042,10.9941,2036,6,4166
2104000,2048,1,1,0,134655999,1,134658047,0,2047,10.9990,2046,2,0x512df15ebf,0,1,0,1,4171,2047,10.9990,2046,1,4167
2105000,2048,1,1,0,134719488,1,134721536,0,2046,10.9980,2044,2,0xdb619c6cb7,70,1838,0,2,4173,2046,10.9980,2044,2,4169
2106000,2048,1,1,0,134782976,1,134785024,0,2046,10.9980,2044,2,0x150a69723a,63,1857,0,2,4175,2046,10.9980,2044,2,4171
2107000,2048,1,1,0,134846464,1,134848512,0,2046,10.9980,2044,2,0x75f7e8ada0,75,1858,0,2,4177,2046,10.9980,2044,2,4173
2108000,2048,1,1,0,134911999,1,134914047,0,2045,10.9971,2042,2,0x77b2eda8f6,0,1,0,3,4180,2045,10.9971,2042,3,4176
2109000,2048,1,1,0,134975488,1,134977536,0,2042,10.9941,2036,2,0x3c8dabd55c,63,1854,0,6,4186,2042,10.9941,2036,6,4182
2110000,2048,1,1,0,135038976,1,135041024,0,2043,10.9951,2038,2,0x90b8d8aeff,69,1843,0,5,4191,2043,10.9951,2038,5,4187
2111000,2048,1,1,0,135102464,1,135104512,0,2045,10.9971,2042,2,0x3157fffbae,74,1843,0,3,4194,2045,10.9971,2042,3,4190
2112000,2048,1,1,0,135167999,1,135170047,0,2047,10.9990,2046,2,0xe0f2db28b1,0,1,0,1,4195,2047,10.9990,2046,1,4191
2113000,2048,1,1,0,135231488,1,135233536,0,2045,10.9971,2042,2,0x04d6597c04,48,1850,0,3,4198,2045,10.9971,2042,3,4194
2114000,2048,1,1,0,135294976,1,135297024,0,2046,10.9980,2044,2,0xa338f02f5b,64,1849,0,2,4200,2046,10.9980,2044,2,4196
2115000,2048,1,1,0,135358464,1,135360512,0,2048,11.0000,2048,1,0x1261873240,51,1854,0,0,4200,2048,11.0000,2048,0,4196
2116000,2048,1,1,0,135423999,1,135426047,0,2045,10.9971,2042,2,0x963f44e228,0,1,0,3,4203,2045,10.9971,2042,3,4199
2117000,2048,1,1,0,135487488,1,135489536,0,2045,10.9971,2042,2,0xaab5fe8edb,55,1864,0,3,4206,2045,10.9971,2042,3,4202
2118000,2048,1,1,0,135550976,1,135553024,0,2045,10.9971,2042,2,0x8c06e105c2,48,1855,0,3,4209,2045,10.9971,2042,3,4205
2119000,2048,1,1,0,135614464,1,135616512,0,2045,10.9971,2042,2,0x24c1cdf60d,77,1851,0,3,4212,2045,10.9971,2042,3,4208
2120000,2048,1,1,0,135679999,1,135682047,0,2048,11.0000,2048,1,0xd51ab8bb2a,0,1,0,0,4212,2048,11.0000,2048,0,4208
2121000,2048,1,1,0,135743488,1,135745536,0,2045,10.9971,2042,2,0x3304c60340,64,1840,0,3,4215,2045,10.9971,2042,3,4211
2122000,2048,1,1,0,135806976,1,135809024,0,2046,10.9980,2044,2,0x137c1ff9ab,71,1865,0,2,4217,2046,10.9980,2044,2,4213
2123000,2048,1,1,0,135870464,1,135872512,0,2048,11.0000,2048,1,0x69ae7aeb19,80,1823,0,0,4217,2048,11.0000,2048,0,4213
2124000,2048,1,1,0,135935999,1,135938047,0,2042,10.9941,2036,2,0x767c803b72,0,1,0,6,4223,2042,10.9941,2036,6,4219
2125000,2048,1,1,0,135999488,1,136001536,0,2045,10.9971,2042,2,0xf68f2ba24b,49,1857,0,3,4226,2045,10.9971,2042,3,4222
2126000,2048,1,1,0,136062976,1,136065024,0,2047,10.9990,2046,2,0xd7f858bafb,67,1857,0,1,4227,2047,10.9990,2046,1,4223
2127000,2048,1,1,0,136126464,1,136128512,0,2044,10.9961,2040,2,0xae0cdc5afb,59,1848,0,4,4231,2044,10.9961,2040,4,4227
2128000,2048,1,1,0,136191999,1,136194047,0,2044,10.9961,2040,2,0x220d973234,0,1,0,4,4235,2044,10.9961,2040,4,4231
2129000,2048,1,1,0,136255488,1,136257536,0,2046,10.9980,2044,2,0x943435ea99,62,1859,0,2,4237,2046,10.9980,2044,2,4233
2130000,2048,1,1,0,136318976,1,136321024,0,2046,10.9980,2044,2,0x0a97e93b96,64,1862,0,2,4239,2046,10.9980,2044,2,4235
2131000,2048,1,1,0,136382464,1,136384512,0,2044,10.9961,2040,2,0xe06a00d7fa,81,1847,0,4,4243,2044,10.9961,2040,4,4239
2132000,2048,1,1,0,136447999,1,136450047,0,2047,10.9990,2046,2,0xb2bc92169d,0,1,0,1,4244,2047,10.9990,2046,1,4240
2133000,2048,1,1,0,136511488,1,136513536,0,2047,10.9990,2046,2,0x7fea01e50d,79,1835,0,1,4245,2047,10.9990,2046,1,4241
2134000,2048,1,1,0,136574976,1,136577024,0,2043,10.9951,2038,2,0x4de07be795,68,1837,0,5,4250,2043,10.9951,2038,5,4246
2135000,2048,1,1,0,136638464,1,136640512,0,2048,11.0000,2048,1,0xdfcd9e20ea,57,1850,0,0,4250,2048,11.0000,2048,0,4246
2136000,2048,1,1,0,136703999,1,136706047,0,2048,11.0000,2048,1,0xa6cad7eb0b,0,1,0,0,4250,2048,11.0000,2048,0,4246
2137000,2048,1,1,0,136767488,1,136769536,0,2046,10.9980,2044,2,0x7498527f0a,67,1847,0,2,4252,2046,10.9980,2044,2,4248
2138000,2048,1,1,0,136830976,1,136833024,0,2045,10.9971,2042,2,0x3c65c8c32b,56,1881,0,3,4255,2045,10.9971,2042,3,4251
2139000,2048,1,1,0,136894464,1,136896512,0,2045,10.9971,2042,2,0x746de9b04e,63,1844,0,3,4258,2045,10.9971,2042,3,4254
2140000,2048,1,1,0,136959999,1,136962047,0,2046,10.9980,2044,2,0xbe6083707b,1,1,0,2,4260,2046,10.9980,2044,2,4256
2141000,2048,1,1,0,137023488,1,137025536,0,2047,10.9990,2046,2,0xa9b5947793,55,1856,0,1,4261,2047,10.9990,2046,1,4257
2142000,2048,1,1,0,137086976,1,137089024,0,2046,10.9980,2044,2,0x4fae8b54bf,73,1862,0,2,4263,2046,10.9980,2044,2,4259
2143000,2048,1,1,0,137150464,1,137152512,0,2045,10.9971,2042,2,0x0bfaad9d90,56,1881,0,3,4266,2045,10.9971,2042,3,4262
2144000,2048,1,1,0,137215999,1,137218047,0,2046,10.9980,2044,2,0xae298d0636,0,1,0,2,4268,2046,10.9980,2044,2,4264
2145000,2048,1,1,0,137279488,1,137281536,0,2047,10.9990,2046,2,0x83bf1b6c42,70,1833,0,1,4269,2047,10.9990,2046,1,4265
2146000,2048,1,1,0,137342976,1,137345024,0,2047,10.9990,2046,2,0x41358ef9f5,59,1844,0,1,4270,2047,10.9990,2046,1,4266
2147000,2048,1,1,0,137406464,1,137408512,0,2047,10.9990,2046,2,0xae9b29f720,59,1845,0,1,4271,2047,10.9990,2046,1,4267
2148000,2048,1,1,0,137471999,1,137474047,0,2043,10.9947,2039,3,0x606d30ca81,0,1,0,4,4275,2043,10.9947,2039,4,4271
2149000,2048,1,1,0,137535488,1,137537536,0,2047,10.9990,2046,2,0x60cdd307a4,60,1836,0,1,4276,2047,10.9990,2046,1,4272
2150000,2048,1,1,0,137598976,1,137601024,0,2045,10.9971,2042,2,0x9d9e8345a6,57,1841,0,3,4279,2045,10.9971,2042,3,4275
2151000,2048,1,1,0,137662464,1,137664512,0,2044,10.9961,2040,2,0xd83baaf9e7,63,1849,0,4,4283,2044,10.9961,2040,4,4279
2152000,2048,1,1,0,137727999,1,137730047,0,2047,10.9990,2046,2,0x391c482fed,1,1,0,1,4284,2047,10.9990,2046,1,4280
2153000,2048,1,1,0,137791488,1,137793536,0,2046,10.9980,2044,2,0x9e51739a6e,64,1852,0,2,4286,2046,10.9980,2044,2,4282
2154000,2048,1,1,0,137854976,1,137857024,0,2044,10.9961,2040,2,0xf9797606bc,59,1865,0,4,4290,2044,10.9961,2040,4,4286
2155000,2048,1,1,0,137918464,1,137920512,0,2048,11.0000,2048,1,0x4e4638acfb,77,1841,0,0,4290,2048,11.0000,2048,0,4286
2156000,2048,1,1,0,137983999,1,137986047,0,2046,10.9980,2044,2,0xb6fc9149b7,0,1,0,2,4292,2046,10.9980,2044,2,4288
2157000,2048,1,1,0,138047488,1,138049536,0,2047,10.9990,2046,2,0xf33037a48b,73,1841,0,1,4293,2047,10.9990,2046,1,4289
2158000,2048,1,1,0,138110976,1,138113024,0,2047,10.9990,2046,2,0xb469441954,68,1848,0,1,4294,2047,10.9990,2046,1,4290
2159000,2048,1,1,0,138174464,1,138176512,0,2048,11.0000,2048,1,0x499e7b3787,62,1844,0,0,4294,2048,11.0000,2048,0,4290
2160000,2048,1,1,0,138239999,1,138242047,0,2044,10.9961,2040,2,0xd5be5acfbd,0,1,0,4,4298,2044,10.9961,2040,4,4294
2161000,2048,1,1,0,138303488,1,138305536,0,2045,10.9971,2042,2,0xab96d21360,60,1853,0,3,4301,2045,10.9971,2042,3,4297
2162000,2048,1,1,0,138366976,1,138369024,0,2048,11.0000,2048,1,0x3af77aa870,55,1860,0,0,4301,2048,11.0000,2048,0,4297
2163000,2048,1,1,0,138430464,1,138432512,0,2048,11.0000,2048,1,0x1290bf97df,66,1835,0,0,4301,2048,11.0000,2048,0,4297
2164000,2048,1,1,0,138495999,1,138498047,0,2047,10.9990,2046,2,0xb19fe02757,0,1,0,1,4302,2047,10.9990,2046,1,4298
2165000,2048,1,1,0,138559488,1,138561536,0,2048,11.0000,2048,1,0x6f97920ede,70,1861,0,0,4302,2048,11.0000,2048,0,4298
2166000,2048,1,1,0,138622976,1,138625024,0,2044,10.9961,2040,2,0x52785f1ba7,64,1838,0,4,4306,2044,10.9961,2040,4,4302
2167000,2048,1,1,0,138686464,1,138688512,0,2045,10.9971,2042,2,0x0f7d4ca03b,70,1856,0,3,4309,2045,10.9971,2042,3,4305
2168000,2048,1,1,0,138751999,1,138754047,0,2044,10.9961,2040,2,0xe495775ff8,0,1,0,4,4313,2044,10.9961,2040,4,4309
2169000,2048,1,1,0,138815488,1,138817536,0,2047,10.9990,2046,2,0x022bd67d06,55,1853,0,1,4314,2047,10.9990,2046,1,4310
2170000,2048,1,1,0,138878976,1,138881024,0,2048,11.0000,2048,1,0x50cf28422a,57,1831,0,0,4314,2048,11.0000,2048,0,4310
2171000,2048,1,1,0,138942464,1,138944512,0,2045,10.9971,2042,2,0x2461aaca08,63,1859,0,3,4317,2045,10.9971,2042,3,4313
2172000,2048,1,1,0,139007999,1,139010047,0,2047,10.9990,2046,2,0xfd7ed93084,0,1,0,1,4318,2047,10.9990,2046,1,4314
2173000,2048,1,1,0,139071488,1,139073536,0,2045,10.9971,2042,2,0xb505d58374,73,1860,0,3,4321,2045,10.9971,2042,3,4317
2174000,2048,1,1,0,139134976,1,139137024,0,2047,10.9990,2046,2,0xba9007d4af,75,1867,0,1,4322,2047,10.9990,2046,1,4318
2175000,2048,1,1,0,139198464,1,139200512,0,2048,11.0000,2048,1,0xd0a895a409,66,1851,0,0,4322,2048,11.0000,2048,0,4318
2176000,2048,1,1,0,139263999,1,139266047,0,2046,10.9980,2044,2,0x0389e05a71,0,1,0,2,4324,2046,10.9980,2044,2,4320
2177000,2048,1,1,0,139327488,1,139329536,0,2046,10.9980,2044,2,0xffbfd5b220,72,1836,0,2,4326,2046,10.9980,2044,2,4322
2178000,2048,1,1,0,139390976,1,139393024,0,2045,10.9971,2042,2,0x616bb4fd52,80,1856,0,3,4329,2045,10.9971,2042,3,4325
2179000,2048,1,1,0,139454464,1,139456512,0,2047,10.9990,2046,2,0xea721a6048,49,1850,0,1,4330,2047,10.9990,2046,1,4326
2180000,2048,1,1,0,139519999,1,139522047,0,2042,10.9941,2036,2,0x69254cf1eb,0,1,0,6,4336,2042,10.9941,2036,6,4332
2181000,2048,1,1,0,139583488,1,139585536,0,2045,10.9971,2042,2,0xbc4a51bc42,71,1858,0,3,4339,2045,10.9971,2042,3,4335
2182000,2048,1,1,0,139646976,1,139649024,0,2044,10.9961,2040,2,0xbcee2c6bbf,73,1828,0,4,4343,2044,10.9961,2040,4,4339
2183000,2048,1,1,0,139710464,1,139712512,0,2048,11.0000,2048,1,0x126c792254,62,1845,0,0,4343,2048,11.0000,2048,0,4339
2184000,2048,1,1,0,139775999,1,139778047,0,2045,10.9971,2042,2,0x711ce219e3,0,1,0,3,4346,2045,10.9971,2042,3,4342
2185000,2048,1,1,0,139839488,1,139841536,0,2047,10.9990,2046,2,0x2b799d951e,55,1863,0,1,4347,2047,10.9990,2046,1,4343
2186000,2048,1,1,0,139902976,1,139905024,0,2045,10.9971,2042,2,0xe73b8e32bd,60,1848,0,3,4350,2045,10.9971,2042,3,4346
2187000,2048,1,1,0,139966464,1,139968512,0,2048,11.0000,2048,1,0x8ee449c541,57,1843,0,0,4350,2048,11.0000,2048,0,4346
2188000,2048,1,1,0,140031999,1,140034047,0,2047,10.9990,2046,2,0xd2394b3787,0,1,0,1,4351,2047,10.9990,2046,1,4347
2189000,2048,1,1,0,140095488,1,140097536,0,2047,10.9990,2046,2,0x58e5cd35f9,61,1872,0,1,4352,2047,10.9990,2046,1,4348
2190000,2048,1,1,0,140158976,1,140161024,0,2047,10.9990,2046,2,0x81033d1041,54,1851,0,1,4353,2047,10.9990,2046,1,4349
2191000,2048,1,1,0,140222464,1,140224512,0,2045,10.9971,2042,2,0x23fd148833,70,1847,0,3,4356,2045,10.9971,2042,3,4352
2192000,2048,1,1,0,140287999,1,140290047,0,2046,10.9980,2044,2,0x3a774a6015,0,1,0,2,4358,2046,10.9980,2044,2,4354
2193000,2048,1,1,0,140351488,1,140353536,0,2047,10.9990,2046,2,0x2615303f25,66,1850,0,1,4359,2047,10.9990,2046,1,4355
2194000,2048,1,1,0,140414976,1,140417024,0,2045,10.9971,2042,2,0x3f005778a0,72,1862,0,3,4362,2045,10.9971,2042,3,4358
2195000,2048,1,1,0,140478464,1,140480512,0,2047,10.9990,2046,2,0x1bf2f40b67,53,1848,0,1,4363,2047,10.9990,2046,1,4359
2196000,2048,1,1,0,140543999,1,140546047,0,2047,10.9990,2046,2,0x6683f5f41e,0,1,0,1,4364,2047,10.9990,2046,1,4360
2197000,2048,1,1,0,140607488,1,140609536,0,2045,10.9971,2042,2,0xbde5e63d07,52,1867,0,3,4367,2045,10.9971,2042,3,4363
2198000,2048,1,1,0,140670976,1,140673024,0,2047,10.9990,2046,2,0x1ddcc076b9,83,1833,0,1,4368,2047,10.9990,2046,1,4364
2199000,2048,1,1,0,140734464,1,140736512,0,2047,10.9990,2046,2,0x72b3f1ddba,64,1843,0,1,4369,2047,10.9990,2046,1,4365
2200000,2048,1,1,0,140799999,1,140802047,0,2045,10.9971,2042,2,0xccf4b4b142,0,1,0,3,4372,2045,10.9971,2042,3,4368
2201000,2048,1,1,0,140863488,1,140865536,0,2045,10.9971,2042,2,0x603b612a8d,50,1867,0,3,4375,2045,10.9971,2042,3,4371
2202000,2048,1,1,0,140926976,1,140929024,0,2047,10.9990,2046,2,0xce11eb4958,78,1840,0,1,4376,2047,10.9990,2046,1,4372
2203000,2048,1,1,0,140990464,1,140992512,0,2048,11.0000,2048,1,0x3a9e2a1139,64,1848,0,0,4376,2048,11.0000,2048,0,4372
2204000,2048,1,1,0,141055999,1,141058047,0,2048,11.0000,2048,1,0x4d376d4b99,0,1,0,0,4376,2048,11.0000,2048,0,4372
2205000,2048,1,1,0,141119488,1,141121536,0,2043,10.9951,2038,2,0xf208687033,61,1847,0,5,4381,2043,10.9951,2038,5,4377
2206000,2048,1,1,0,141182976,1,141185024,0,2044,10.9961,2040,2,0x5018ff2330,62,1866,0,4,4385,2044,10.9961,2040,4,4381
2207000,2048,1,1,0,141246464,1,141248512,0,2045,10.9971,2042,2,0x217e61cb21,56,1840,0,3,4388,2045,10.9971,2042,3,4384
2208000,2048,1,1,0,141311999,1,141314047,0,2045,10.9971,2042,2,0x1ffb4849dc,0,1,0,3,4391,2045,10.9971,2042,3,4387
2209000,2048,1,1,0,141375488,1,141377536,0,2042,10.9941,2036,2,0xa119bc7b43,49,1834,0,6,4397,2042,10.9941,2036,6,4393
2210000,2048,1,1,0,141438976,1,141441024,0,2046,10.9980,2044,2,0xf356e1bdcd,64,1863,0,2,4399,2046,10.9980,2044,2,4395
2211000,2048,1,1,0,141502464,1,141504512,0,2048,11.0000,2048,1,0x91018ba34d,50,1849,0,0,4399,2048,11.0000,2048,0,4395
2212000,2048,1,1,0,141567999,1,141570047,0,2044,10.9961,2040,2,0x5d7fea716d,0,1,0,4,4403,2044,10.9961,2040,4,4399
2213000,2048,1,1,0,141631488,1,141633536,0,2048,11.0000,2048,1,0xa46239d03c,57,1870,0,0,4403,2048,11.0000,2048,0,4399
2214000,2048,1,1,0,141694976,1,141697024,0,2045,10.9971,2042,2,0xa5cffab87f,54,1855,0,3,4406,2045,10.9971,2042,3,4402
2215000,2048,1,1,0,141758464,1,141760512,0,2044,10.9961,2040,2,0x7b34c1efa7,72,1833,0,4,4410,2044,10.9961,2040,4,4406
2216000,2048,1,1,0,141823999,1,141826047,0,2047,10.9990,2046,2,0xc9dbe22ea2,0,1,0,1,4411,2047,10.9990,2046,1,4407
2217000,2048,1,1,0,141887488,1,141889536,0,2047,10.9990,2046,2,0xf22b85002d,66,1809,0,1,4412,2047,10.9990,2046,1,4408
2218000,2048,1,1,0,141950976,1,141953024,0,2047,10.9990,2046,2,0x92941afb94,75,1854,0,1,4413,2047,10.9990,2046,1,4409
2219000,2048,1,1,0,142014464,1,142016512,0,2047,10.9990,2046,2,0x049e052110,66,1862,0,1,4414,2047,10.9990,2046,1,4410
2220000,2048,1,1,0,142079999,1,142082047,0,2046,10.9980,2044,2,0xf526cffb52,0,1,0,2,4416,2046,10.9980,2044,2,4412
2221000,2048,1,1,0,142143488,1,142145536,0,2044,10.9961,2040,2,0x73ac46b5af,69,1839,0,4,4420,2044,10.9961,2040,4,4416
2222000,2048,1,1,0,142206976,1,142209024,0,2045,10.9971,2042,2,0xbb4137e46b,79,1848,0,3,4423,2045,10.9971,2042,3,4419
2223000,2048,1,1,0,142270464,1,142272512,0,2047,10.9990,2046,2,0x14a8e4f989,56,1869,0,1,4424,2047,10.9990,2046,1,4420
2224000,2048,1,1,0,142335999,1,142338047,0,2047,10.9990,2046,2,0x8615ee210b,0,1,0,1,4425,2047,10.9990,2046,1,4421
2225000,2048,1,1,0,142399488,1,142401536,0,2046,10.9980,2044,2,0x4dc5caddbc,49,1846,0,2,4427,2046,10.9980,2044,2,4423
2226000,2048,1,1,0,142462976,1,142465024,0,2047,10.9990,2046,2,0xb7c26e25ab,55,1818,0,1,4428,2047,10.9990,2046,1,4424
2227000,2048,1,1,0,142526464,1,142528512,0,2044,10.9961,2040,2,0x3a9d30e521,62,1866,0,4,4432,2044,10.9961,2040,4,4428
2228000,2048,1,1,0,142591999,1,142594047,0,2045,10.9971,2042,2,0x7917efe144,0,1,0,3,4435,2045,10.9971,2042,3,4431
2229000,2048,1,1,0,142655488,1,142657536,0,2048,11.0000,2048,1,0xdb804d586a,64,1869,0,0,4435,2048,11.0000,2048,0,4431
2230000,2048,1,1,0,142718976,1,142721024,0,2046,10.9980,2044,2,0xc5495d75f2,68,1856,0,2,4437,2046,10.9980,2044,2,4433
2231000,2048,1,1,0,142782464,1,142784512,0,2047,10.9990,2046,2,0x392eba3100,55,1828,0,1,4438,2047,10.9990,2046,1,4434
2232000,2048,1,1,0,142847999,1,142850047,0,2047,10.9990,2046,2,0xfa24df0e83,0,1,0,1,4439,2047,10.9990,2046,1,4435
2233000,2048,1,1,0,142911488,1,142913536,0,2045,10.9971,2042,2,0x9c6dade590,58,1837,0,3,4442,2045,10.9971,2042,3,4438
2234000,2048,1,1,0,142974976,1,142977024,0,2047,10.9990,2046,2,0x0448aca310,58,1852,0,1,4443,2047,10.9990,2046,1,4439
2235000,2048,1,1,0,143038464,1,143040512,0,2047,10.9990,2046,2,0x1f18d240c3,54,1847,0,1,4444,2047,10.9990,2046,1,4440
2236000,2048,1,1,0,143103999,1,143106047,0,2043,10.9951,2038,2,0xc3deb063c7,0,1,0,5,4449,2043,10.9951,2038,5,4445
2237000,2048,1,1,0,143167488,1,143169536,0,2045,10.9971,2042,2,0x8bf94e9845,73,1844,0,3,4452,2045,10.9971,2042,3,4448
2238000,2048,1,1,0,143230976,1,143233024,0,2047,10.9990,2046,2,0x2a1fe53b31,68,1864,0,1,4453,2047,10.9990,2046,1,4449
2239000,2048,1,1,0,143294464,1,143296512,0,2043,10.9951,2038,2,0x09214a7bc6,66,1821,0,5,4458,2043,10.9951,2038,5,4454
2240000,2048,1,1,0,143359999,1,143362047,0,2046,10.9980,2044,2,0xff390ef421,0,1,0,2,4460,2046,10.9980,2044,2,4456
2241000,2048,1,1,0,143423488,1,143425536,0,2046,10.9980,2044,2,0xba48c26c23,79,1872,0,2,4462,2046,10.9980,2044,2,4458
2242000,2048,1,1,0,143486976,1,143489024,0,2047,10.9990,2046,2,0x44559c97ff,48,1865,0,1,4463,2047,10.9990,2046,1,4459
2243000,2048,1,1,0,143550464,1,143552512,0,2046,10.9980,2044,2,0xb0a38b8655,66,1847,0,2,4465,2046,10.9980,2044,2,4461
2244000,2048,1,1,0,143615999,1,143618047,0,2045,10.9971,2042,2,0x4b5deef215,0,1,0,3,4468,2045,10.9971,2042,3,4464
2245000,2048,1,1,0,143679488,1,143681536,0,2046,10.9980,2044,2,0x739864cfb4,60,1863,0,2,4470,2046,10.9980,2044,2,4466
2246000,2048,1,1,0,143742976,1,143745024,0,2045,10.9971,2042,2,0x7192de6a5d,55,1833,0,3,4473,2045,10.9971,2042,3,4469
2247000,2048,1,1,0,143806464,1,143808512,0,2045,10.9971,2042,2,0x486c0f7e8b,68,1849,0,3,4476,2045,10.9971,2042,3,4472
2248000,2048,1,1,0,143871999,1,143874047,0,2047,10.9990,2046,2,0x784aaab7d9,0,1,0,1,4477,2047,10.9990,2046,1,4473
2249000,2048,1,1,0,143935488,1,143937536,0,2047,10.9990,2046,2,0x0511299417,56,1828,0,1,4478,2047,10.9990,2046,1,4474
2250000,2048,1,1,0,143998976,1,144001024,0,2046,10.9980,2044,2,0x2b73727ae4,77,1856,0,2,4480,2046,10.9980,2044,2,4476
2251000,2048,1,1,0,144062464,1,144064512,0,2046,10.9980,2044,2,0x0f3f189add,45,1833,0,2,4482,2046,10.9980,2044,2,4478
2252000,2048,1,1,0,144127999,1,144130047,0,2044,10.9961,2040,2,0x6b4cad116f,0,0,0,4,4486,2044,10.9961,2040,4,4482
2253000,2048,1,1,0,144191488,1,144193536,0,2045,10.9971,2042,2,0xc7c59882fc,58,1866,0,3,4489,2045,10.9971,2042,3,4485
2254000,2048,1,1,0,144254976,1,144257024,0,2047,10.9990,2046,2,0x4d28c9f7b5,61,1844,0,1,4490,2047,10.9990,2046,1,4486
2255000,2048,1,1,0,144318464,1,144320512,0,2045,10.9971,2042,2,0xa6d4269f7f,82,1849,0,3,4493,2045,10.9971,2042,3,4489
2256000,2048,1,1,0,144383999,1,144386047,0,2047,10.9990,2046,2,0x49f5ab6e6e,0,1,0,1,4494,2047,10.9990,2046,1,4490
2257000,2048,1,1,0,144447488,1,144449536,0,2044,10.9961,2040,2,0xcf65554da4,81,1843,0,4,4498,2044,10.9961,2040,4,4494
2258000,2048,1,1,0,144510976,1,144513024,0,2046,10.9980,2044,2,0xb3df71caf1,56,1820,0,2,4500,2046,10.9980,2044,2,4496
2259000,2048,1,1,0,144574464,1,144576512,0,2045,10.9971,2042,2,0x1091c7decc,67,1864,0,3,4503,2045,10.9971,2042,3,4499
2260000,2048,1,1,0,144639999,1,144642047,0,2046,10.9980,2044,2,0x30613a93a4,0,0,0,2,4505,2046,10.9980,2044,2,4501
2261000,2048,1,1,0,144703488,1,144705536,0,2048,11.0000,2048,1,0xe4b091c241,60,1825,0,0,4505,2048,11.0000,2048,0,4501
2262000,2048,1,1,0,144766976,1,144769024,0,2047,10.9990,2046,2,0xb9faedecc5,64,1858,0,1,4506,2047,10.9990,2046,1,4502
2263000,2048,1,1,0,144830464,1,144832512,0,2048,11.0000,2048,1,0x3d7a50458f,62,1864,0,0,4506,2048,11.0000,2048,0,4502
2264000,2048,1,1,0,144895999,1,144898047,0,2046,10.9980,2044,2,0x8c691edb3e,0,1,0,2,4508,2046,10.9980,2044,2,4504
2265000,2048,1,1,0,144959488,1,144961536,0,2046,10.9980,2044,2,0x29025d1b19,82,1855,0,2,4510,2046,10.9980,2044,2,4506
2266000,2048,1,1,0,145022976,1,145025024,0,2045,10.9971,2042,2,0x8775037568,66,1869,0,3,4513,2045,10.9971,2042,3,4509
2267000,2048,1,1,0,145086464,1,145088512,0,2046,10.9980,2044,2,0x794ab8aa13,75,1870,0,2,4515,2046,10.9980,2044,2,4511
2268000,2048,1,1,0,145151999,1,145154047,0,2047,10.9990,2046,2,0x84248b157b,0,1,0,1,4516,2047,10.9990,2046,1,4512
2269000,2048,1,1,0,145215488,1,145217536,0,2045,10.9971,2042,2,0x5b9f542211,47,1846,0,3,4519,2045,10.9971,2042,3,4515
2270000,2048,1,1,0,145278976,1,145281024,0,2047,10.9990,2046,2,0xe9e415bbee,67,1857,0,1,4520,2047,10.9990,2046,1,4516
2271000,2048,1,1,0,145342464,1,145344512,0,2047,10.9990,2046,2,0x15f845806c,51,1857,0,1,4521,2047,10.9990,2046,1,4517
2272000,2048,1,1,0,145407999,1,145410047,0,2046,10.9980,2044,2,0x9f74007abe,0,1,0,2,4523,2046,10.9980,2044,2,4519
2273000,2048,1,1,0,145471488,1,145473536,0,2045,10.9971,2042,2,0x67fd842cc2,60,1862,0,3,4526,2045,10.9971,2042,3,4522
2274000,2048,1,1,0,145534976,1,145537024,0,2041,10.9932,2034,2,0x1389c0b0bb,65,1841,0,7,4533,2041,10.9932,2034,7,4529
2275000,2048,1,1,0,145598464,1,145600512,0,2046,10.9980,2044,2,0xeb8ec44d14,65,1865,0,2,4535,2046,10.9980,2044,2,4531
2276000,2048,1,1,0,145663999,1,145666047,0,2043,10.9951,2038,2,0x8e37c93487,0,1,0,5,4540,2043,10.9951,2038,5,4536
2277000,2048,1,1,0,145727488,1,145729536,0,2046,10.9980,2044,2,0xdfceec45d8,56,1843,0,2,4542,2046,10.9980,2044,2,4538
2278000,2048,1,1,0,145790976,1,145793024,0,2046,10.9980,2044,2,0x4dfb14c5a8,64,1846,0,2,4544,2046,10.9980,2044,2,4540
2279000,2048,1,1,0,145854464,1,145856512,0,2046,10.9980,2044,2,0xab99195e18,49,1848,0,2,4546,2046,10.9980,2044,2,4542
2280000,2048,1,1,0,145919999,1,145922047,0,2043,10.9951,2038,2,0xba05ccb73b,0,1,0,5,4551,2043,10.9951,2038,5,4547
2281000,2048,1,1,0,145983488,1,145985536,0,2046,10.9980,2044,2,0x2402df7c90,61,1849,0,2,4553,2046,10.9980,2044,2,4549
2282000,2048,1,1,0,146046976,1,146049024,0,2046,10.9980,2044,2,0x6a1096569a,71,1845,0,2,4555,2046,10.9980,2044,2,4551
2283000,2048,1,1,0,146110464,1,146112512,0,2048,11.0000,2048,1,0x046e897234,67,1855,0,0,4555,2048,11.0000,2048,0,4551
2284000,2048,1,1,0,146175999,1,146178047,0,2042,10.9941,2036,2,0x32a04a4ff2,0,1,0,6,4561,2042,10.9941,2036,6,4557
2285000,2048,1,1,0,146239488,1,146241536,0,2047,10.9990,2046,2,0xe8e434b54c,51,1852,0,1,4562,2047,10.9990,2046,1,4558
2286000,2048,1,1,0,146302976,1,146305024,0,2044,10.9961,2040,2,0x9d5eec0ee4,64,1861,0,4,4566,2044,10.9961,2040,4,4562
2287000,2048,1,1,0,146366464,1,146368512,0,2045,10.9971,2042,2,0x0eea5a84d3,71,1846,0,3,4569,2045,10.9971,2042,3,4565
2288000,2048,1,1,0,146431999,1,146434047,0,2047,10.9990,2046,2,0x329d18cefd,0,1,0,1,4570,2047,10.9990,2046,1,4566
2289000,2048,1,1,0,146495488,1,146497536,0,2048,11.0000,2048,1,0x63ecd41b93,49,1852,0,0,4570,2048,11.0000,2048,0,4566
2290000,2048,1,1,0,146558976,1,146561024,0,2044,10.9961,2040,2,0xbb0ff73989,72,1818,0,4,4574,2044,10.9961,2040,4,4570
2291000,2048,1,1,0,146622464,1,146624512,0,2047,10.9990,2046,2,0x7a4bdb995a,84,1853,0,1,4575,2047,10.9990,2046,1,4571
2292000,2048,1,1,0,146687999,1,146690047,0,2047,10.9990,2046,2,0x61563507af,0,1,0,1,4576,2047,10.9990,2046,1,4572
2293000,2048,1,1,0,146751488,1,146753536,0,2046,10.9980,2044,2,0xb0cfdac918,70,1860,0,2,4578,2046,10.9980,2044,2,4574
2294000,2048,1,1,0,146814976,1,146817024,0,2047,10.9990,2046,2,0x6e693822ad,65,1827,0,1,4579,2047,10.9990,2046,1,4575
2295000,2048,1,1,0,146878464,1,146880512,0,2047,10.9990,2046,2,0x973703ce03,80,1839,0,1,4580,2047,10.9990,2046,1,4576
2296000,2048,1,1,0,146943999,1,146946047,0,2048,11.0000,2048,1,0x5c65b73ddc,0,0,0,0,4580,2048,11.0000,2048,0,4576
2297000,2048,1,1,0,147007488,1,147009536,0,2048,11.0000,2048,1,0x24dc2861a9,71,1878,0,0,4580,2048,11.0000,2048,0,4576
2298000,2048,1,1,0,147070976,1,147073024,0,2048,11.0000,2048,1,0x9347c7389b,69,1826,0,0,4580,2048,11.0000,2048,0,4576
2299000,2048,1,1,0,147134464,1,147136512,0,2048,11.0000,2048,1,0xd94e028bf6,65,1821,0,0,4580,2048,11.0000,2048,0,4576
2300000,2048,1,1,0,147199999,1,147202047,0,2046,10.9980,2044,2,0x5af128ac6d,0,1,0,2,4582,2046,10.9980,2044,2,4578
2301000,2048,1,1,0,147263488,1,147265536,0,2046,10.9980,2044,2,0x7bffd6e04c,65,1855,0,2,4584,2046,10.9980,2044,2,4580
2302000,2048,1,1,0,147326976,1,147329024,0,2047,10.9990,2046,2,0x56ddacffb4,63,1875,0,1,4585,2047,10.9990,2046,1,4581
2303000,2048,1,1,0,147390464,1,147392512,0,2046,10.9980,2044,2,0xd55c9be52b,78,1851,0,2,4587,2046,10.9980,2044,2,4583
2304000,2048,1,1,0,147455999,1,147458047,0,2047,10.9990,2046,2,0xc90dcd6b46,0,1,0,1,4588,2047,10.9990,2046,1,4584
2305000,2048,1,1,0,147519488,1,147521536,0,2048,11.0000,2048,1,0x4f18bc8370,58,1842,0,0,4588,2048,11.0000,2048,0,4584
2306000,2048,1,1,0,147582976,1,147585024,0,2044,10.9961,2040,2,0x3990e49e3d,72,1864,0,4,4592,2044,10.9961,2040,4,4588
2307000,2048,1,1,0,147646464,1,147648512,0,2047,10.9990,2046,2,0xe667fa52f0,75,1849,0,1,4593,2047,10.9990,2046,1,4589
2308000,2048,1,1,0,147711999,1,147714047,0,2046,10.9980,2044,2,0x6e213114da,0,1,0,2,4595,2046,10.9980,2044,2,4591
2309000,2048,1,1,0,147775488,1,147777536,0,2045,10.9971,2042,2,0x46bc162e0d,58,1858,0,3,4598,2045,10.9971,2042,3,4594
2310000,2048,1,1,0,147838976,1,147841024,0,2048,11.0000,2048,1,0x9ff7e48a06,62,1833,0,0,4598,2048,11.0000,2048,0,4594
2311000,2048,1,1,0,147902464,1,147904512,0,2047,10.9990,2046,2,0xe49d3b688e,73,1847,0,1,4599,2047,10.9990,2046,1,4595
2312000,2048,1,1,0,147967999,1,147970047,0,2045,10.9971,2042,2,0xc18ac3aacb,0,1,0,3,4602,2045,10.9971,2042,3,4598
2313000,2048,1,1,0,148031488,1,148033536,0,2046,10.9980,2044,2,0x9080aacb02,70,1841,0,2,4604,2046,10.9980,2044,2,4600
2314000,2048,1,1,0,148094976,1,148097024,0,2047,10.9990,2046,2,0x2bfcf872ef,71,1856,0,1,4605,2047,10.9990,2046,1,4601
2315000,2048,1,1,0,148158464,1,148160512,0,2046,10.9980,2044,2,0x9b4c5faff7,69,1823,0,2,4607,2046,10.9980,2044,2,4603
2316000,2048,1,1,0,148223999,1,148226047,0,2047,10.9990,2046,2,0x2e53090202,0,0,0,1,4608,2047,10.9990,2046,1,4604
2317000,2048,1,1,0,148287488,1,148289536,0,2046,10.9980,2044,2,0x542f2fab35,62,1846,0,2,4610,2046,10.9980,2044,2,4606
2318000,2048,1,1,0,148350976,1,148353024,0,2047,10.9990,2046,2,0x30a1d78cb9,56,1843,0,1,4611,2047,10.9990,2046,1,4607
2319000,2048,1,1,0,148414464,1,148416512,0,2048,11.0000,2048,1,0x407e04f5cc,57,1871,0,0,4611,2048,11.0000,2048,0,4607
2320000,2048,1,1,0,148479999,1,148482047,0,2044,10.9961,2040,2,0x57931b1a46,0,1,0,4,4615,2044,10.9961,2040,4,4611
2321000,2048,1,1,0,148543488,1,148545536,0,2047,10.9990,2046,2,0x70f6c2fe52,59,1858,0,1,4616,2047,10.9990,2046,1,4612
2322000,2048,1,1,0,148606976,1,148609024,0,2046,10.9980,2044,2,0x231f6cb8c6,47,1842,0,2,4618,2046,10.9980,2044,2,4614
2323000,2048,1,1,0,148670464,1,148672512,0,2046,10.9980,2044,2,0x55376cf1ce,55,1844,0,2,4620,2046,10.9980,2044,2,4616
2324000,2048,1,1,0,148735999,1,148738047,0,2046,10.9980,2044,2,0xabafbabdcb,0,1,0,2,4622,2046,10.9980,2044,2,4618
2325000,2048,1,1,0,148799488,1,148801536,0,2047,10.9990,2046,2,0x51116aa988,67,1849,0,1,4623,2047,10.9990,2046,1,4619
2326000,2048,1,1,0,148862976,1,148865024,0,2046,10.9980,2044,2,0x8c835130bf,56,1836,0,2,4625,2046,10.9980,2044,2,4621
2327000,2048,1,1,0,148926464,1,148928512,0,2045,10.9971,2042,2,0x197d708bab,64,1844,0,3,4628,2045,10.9971,2042,3,4624
2328000,2048,1,1,0,148991999,1,148994047,0,2046,10.9980,2044,2,0x2f7331b3d5,0,1,0,2,4630,2046,10.9980,2044,2,4626
2329000,2048,1,1,0,149055488,1,149057536,0,2047,10.9990,2046,2,0xdd4e1f766c,65,1854,0,1,4631,2047,10.9990,2046,1,4627
2330000,2048,1,1,0,149118976,1,149121024,0,2046,10.9980,2044,2,0x96b7ce6283,68,1876,0,2,4633,2046,10.9980,2044,2,4629
2331000,2048,1,1,0,149182464,1,149184512,0,2046,10.9980,2044,2,0xfba4e161ee,58,1823,0,2,4635,2046,10.9980,2044,2,4631
2332000,2048,1,1,0,149247999,1,149250047,0,2046,10.9980,2044,2,0x65b7c9677f,0,1,0,2,4637,2046,10.9980,2044,2,4633
2333000,2048,1,1,0,149311488,1,149313536,0,2046,10.9980,2044,2,0xa598b435f1,79,1826,0,2,4639,2046,10.9980,2044,2,4635
2334000,2048,1,1,0,149374976,1,149377024,0,2046,10.9980,2044,2,0xbc95859a0b,73,1839,0,2,4641,2046,10.9980,2044,2,4637
2335000,2048,1,1,0,149438464,1,149440512,0,2048,11.0000,2048,1,0xa42c25a5d8,46,1848,0,0,4641,2048,11.0000,2048,0,4637
2336000,2048,1,1,0,149503999,1,149506047,0,2047,10.9990,2046,2,0x01e9337ec7,0,1,0,1,4642,2047,10.9990,2046,1,4638
2337000,2048,1,1,0,149567488,1,149569536,0,2048,11.0000,2048,1,0xa0c18be7b6,56,1846,0,0,4642,2048,11.0000,2048,0,4638
2338000,2048,1,1,0,149630976,1,149633024,0,2046,10.9980,2044,2,0x106e53d164,68,1836,0,2,4644,2046,10.9980,2044,2,4640
2339000,2048,1,1,0,149694464,1,149696512,0,2047,10.9990,2046,2,0xc53b13455b,57,1851,0,1,4645,2047,10.9990,2046,1,4641
2340000,2048,1,1,0,149759999,1,149762047,0,2046,10.9980,2044,2,0x91fcff96ea,0,1,0,2,4647,2046,10.9980,2044,2,4643
2341000,2048,1,1,0,149823488,1,149825536,0,2045,10.9971,2042,2,0x45ff5434e1,57,1838,0,3,4650,2045,10.9971,2042,3,4646
2342000,2048,1,1,0,149886976,1,149889024,0,2046,10.9980,2044,2,0xa8510c92ca,66,1841,0,2,4652,2046,10.9980,2044,2,4648
2343000,2048,1,1,0,149950464,1,149952512,0,2048,11.0000,2048,1,0x6023a9c4db,68,1845,0,0,4652,2048,11.0000,2048,0,4648
2344000,2048,1,1,0,150015999,1,150018047,0,2047,10.9990,2046,2,0x6b7a07ed80,0,1,0,1,4653,2047,10.9990,2046,1,4649
2345000,2048,1,1,0,150079488,1,150081536,0,2048,11.0000,2048,1,0x1ef9ffd13c,72,1858,0,0,4653,2048,11.0000,2048,0,4649
2346000,2048,1,1,0,150142976,1,150145024,0,2048,11.0000,2048,1,0xb89703f44f,46,1868,0,0,4653,2048,11.0000,2048,0,4649
2347000,2048,1,1,0,150206464,1,150208512,0,2047,10.9990,2046,2,0x249066131d,65,1860,0,1,4654,2047,10.9990,2046,1,4650
2348000,2048,1,1,0,150271999,1,150274047,0,2045,10.9971,2042,2,0xfa751de9c4,0,1,0,3,4657,2045,10.9971,2042,3,4653
2349000,2048,1,1,0,150335488,1,150337536,0,2046,10.9980,2044,2,0xd7cdc6bfac,50,1824,0,2,4659,2046,10.9980,2044,2,4655
2350000,2048,1,1,0,150398976,1,150401024,0,2047,10.9990,2046,2,0x6b8ba9dd15,61,1857,0,1,4660,2047,10.9990,2046,1,4656
2351000,2048,1,1,0,150462464,1,150464512,0,2047,10.9990,2046,2,0xcb3a535b61,52,1816,0,1,4661,2047,10.9990,2046,1,4657
2352000,2048,1,1,0,150527999,1,150530047,0,2046,10.9980,2044,2,0x718c6ca190,0,1,0,2,4663,2046,10.9980,2044,2,4659
2353000,2048,1,1,0,150591488,1,150593536,0,2046,10.9980,2044,2,0x245e495ca2,53,1843,0,2,4665,2046,10.9980,2044,2,4661
2354000,2048,1,1,0,150654976,1,150657024,0,2046,10.9980,2044,2,0xcfebb7a0dd,68,1861,0,2,4667,2046,10.9980,2044,2,4663
2355000,2048,1,1,0,150718464,1,150720512,0,2045,10.9971,2042,2,0x0fb52a8af0,69,1849,0,3,4670,2045,10.9971,2042,3,4666
2356000,2048,1,1,0,150783999,1,150786047,0,2046,10.9980,2044,2,0x022be90a2e,0,1,0,2,4672,2046,10.9980,2044,2,4668
2357000,2048,1,1,0,150847488,1,150849536,0,2047,10.9990,2046,2,0x4669ad3f2d,58,1868,0,1,4673,2047,10.9990,2046,1,4669
2358000,2048,1,1,0,150910976,1,150913024,0,2045,10.9971,2042,2,0x02f7a46496,72,1838,0,3,4676,2045,10.9971,2042,3,4672
2359000,2048,1,1,0,150974464,1,150976512,0,2047,10.9990,2046,2,0xa1ccecf2fe,60,1873,0,1,4677,2047,10.9990,2046,1,4673
2360000,2048,1,1,0,151039999,1,151042047,0,2047,10.9990,2046,2,0xadc2ef3af1,0,0,0,1,4678,2047,10.9990,2046,1,4674
2361000,2048,1,1,0,151103488,1,151105536,0,2046,10.9980,2044,2,0x09f9ac89c2,70,1861,0,2,4680,2046,10.9980,2044,2,4676
2362000,2048,1,1,0,151166976,1,151169024,0,2044,10.9961,2040,2,0x0c3889e926,78,1835,0,4,4684,2044,10.9961,2040,4,4680
2363000,2048,1,1,0,151230464,1,151232512,0,2045,10.9971,2042,2,0x4d8b61dc26,65,1835,0,3,4687,2045,10.9971,2042,3,4683
2364000,2048,1,1,0,151295999,1,151298047,0,2047,10.9990,2046,2,0x11fa6ca5bf,0,1,0,1,4688,2047,10.9990,2046,1,4684
2365000,2048,1,1,0,151359488,1,151361536,0,2044,10.9961,2040,2,0x77ee6e64a3,68,1843,0,4,4692,2044,10.9961,2040,4,4688
2366000,2048,1,1,0,151422976,1,151425024,0,2047,10.9990,2046,2,0x77160030d7,53,1855,0,1,4693,2047,10.9990,2046,1,4689
2367000,2048,1,1,0,151486464,1,151488512,0,2045,10.9971,2042,2,0xd36b65c115,68,1840,0,3,4696,2045,10.9971,2042,3,4692
2368000,2048,1,1,0,151551999,1,151554047,0,2046,10.9980,2044,2,0x607dcc6d65,0,1,0,2,4698,2046,10.9980,2044,2,4694
2369000,2048,1,1,0,151615488,1,151617536,0,2047,10.9990,2046,2,0x3b7378299c,58,1850,0,1,4699,2047,10.9990,2046,1,4695
2370000,2048,1,1,0,151678976,1,151681024,0,2044,10.9961,2040,2,0x1d2e1bf4f0,57,1826,0,4,4703,2044,10.9961,2040,4,4699
2371000,2048,1,1,0,151742464,1,151744512,0,2046,10.9980,2044,2,0xca6ff99eb8,57,1849,0,2,4705,2046,10.9980,2044,2,4701
2372000,2048,1,1,0,151807999,1,151810047,0,2046,10.9980,2044,2,0x74d0de03f6,0,1,0,2,4707,2046,10.9980,2044,2,4703
2373000,2048,1,1,0,151871488,1,151873536,0,2044,10.9961,2040,2,0x7ec616c115,66,1855,0,4,4711,2044,10.9961,2040,4,4707
2374000,2048,1,1,0,151934976,1,151937024,0,2046,10.9980,2044,2,0x37dbdc90dd,67,1853,0,2,4713,2046,10.9980,2044,2,4709
2375000,2048,1,1,0,151998464,1,152000512,0,2046,10.9980,2044,2,0x5d8c68a370,55,1855,0,2,4715,2046,10.9980,2044,2,4711
2376000,2048,1,1,0,152063999,1,152066047,0,2045,10.9971,2042,2,0xfbc6acb1e6,0,1,0,3,4718,2045,10.9971,2042,3,4714
2377000,2048,1,1,0,152127488,1,152129536,0,2046,10.9980,2044,2,0x8311621ead,65,1861,0,2,4720,2046,10.9980,2044,2,4716
2378000,2048,1,1,0,152190976,1,152193024,0,2045,10.9971,2042,2,0x1cb95e9e3e,71,1842,0,3,4723,2045,10.9971,2042,3,4719
2379000,2048,1,1,0,152254464,1,152256512,0,2046,10.9980,2044,2,0x7d4f924f9e,56,1857,0,2,4725,2046,10.9980,2044,2,4721
2380000,2048,1,1,0,152319999,1,152322047,0,2045,10.9971,2042,2,0x822d398edc,0,1,0,3,4728,2045,10.9971,2042,3,4724
2381000,2048,1,1,0,152383488,1,152385536,0,2046,10.9980,2044,2,0x5ba3d80e0e,55,1841,0,2,4730,2046,10.9980,2044,2,4726
2382000,2048,1,1,0,152446976,1,152449024,0,2045,10.9971,2042,2,0xefdb40c195,67,1867,0,3,4733,2045,10.9971,2042,3,4729
2383000,2048,1,1,0,152510464,1,152512512,0,2046,10.9980,2044,2,0xc9790d0762,53,1842,0,2,4735,2046,10.9980,2044,2,4731
2384000,2048,1,1,0,152575999,1,152578047,0,2043,10.9951,2038,2,0xf4a847b252,0,1,0,5,4740,2043,10.9951,2038,5,4736
2385000,2048,1,1,0,152639488,1,152641536,0,2046,10.9980,2044,2,0xc2687e95fd,65,1868,0,2,4742,2046,10.9980,2044,2,4738
2386000,2048,1,1,0,152702976,1,152705024,0,2044,10.9961,2040,2,0xe3e102a9c6,82,1838,0,4,4746,2044,10.9961,2040,4,4742
2387000,2048,1,1,0,152766464,1,152768512,0,2048,11.0000,2048,1,0x1b8eb784e5,70,1843,0,0,4746,2048,11.0000,2048,0,4742
2388000,2048,1,1,0,152831999,1,152834047,0,2045,10.9971,2042,2,0x66f991f160,0,1,0,3,4749,2045,10.9971,2042,3,4745
2389000,2048,1,1,0,152895488,1,152897536,0,2045,10.9971,2042,2,0x51cd3c497a,68,1847,0,3,4752,2045,10.9971,2042,3,4748
2390000,2048,1,1,0,152958976,1,152961024,0,2047,10.9990,2046,2,0x81d98ff1b8,63,1850,0,1,4753,2047,10.9990,2046,1,4749
2391000,2048,1,1,0,153022464,1,153024512,0,2047,10.9990,2046,2,0x27475e9a24,56,1877,0,1,4754,2047,10.9990,2046,1,4750
2392000,2048,1,1,0,153087999,1,153090047,0,2048,11.0000,2048,1,0xe870d75e7a,0,1,0,0,4754,2048,11.0000,2048,0,4750
2393000,2048,1,1,0,153151488,1,153153536,0,2048,11.0000,2048,1,0xacbb3d00ef,64,1843,0,0,4754,2048,11.0000,2048,0,4750
2394000,2048,1,1,0,153214976,1,153217024,0,2046,10.9980,2044,2,0xca3e8c04f0,60,1864,0,2,4756,2046,10.9980,2044,2,4752
2395000,2048,1,1,0,153278464,1,153280512,0,2047,10.9990,2046,2,0xdec9027983,58,1839,0,1,4757,2047,10.9990,2046,1,4753
2396000,2048,1,1,0,153343999,1,153346047,0,2048,11.0000,2048,1,0x7472421643,0,1,0,0,4757,2048,11.0000,2048,0,4753
2397000,2048,1,1,0,153407488,1,153409536,0,2046,10.9980,2044,2,0xbf9dbc11a2,73,1846,0,2,4759,2046,10.9980,2044,2,4755
2398000,2048,1,1,0,153470976,1,153473024,0,2045,10.9971,2042,2,0x00aa63187c,47,1856,0,3,4762,2045,10.9971,2042,3,4758
2399000,2048,1,1,0,153534464,1,153536512,0,2047,10.9990,2046,2,0x51b8e371a9,47,1829,0,1,4763,2047,10.9990,2046,1,4759
2400000,2048,1,1,0,153599999,1,153602047,0,2048,11.0000,2048,1,0x30509da98d,0,1,0,0,4763,2048,11.0000,2048,0,4759
2401000,2048,1,1,0,153663488,1,153665536,0,2047,10.9990,2046,2,0xe518bef930,53,1857,0,1,4764,2047,10.9990,2046,1,4760
2402000,2048,1,1,0,153726976,1,153729024,0,2045,10.9971,2042,2,0xb09d1bc6d7,63,1833,0,3,4767,2045,10.9971,2042,3,4763
2403000,2048,1,1,0,153790464,1,153792512,0,2043,10.9951,2038,2,0x04fffe19e9,70,1842,0,5,4772,2043,10.9951,2038,5,4768
2404000,2048,1,1,0,153855999,1,153858047,0,2046,10.9980,2044,2,0x2ff2a61fc9,0,1,0,2,4774,2046,10.9980,2044,2,4770
2405000,2048,1,1,0,153919488,1,153921536,0,2046,10.9980,2044,2,0x39977db53f,61,1861,0,2,4776,2046,10.9980,2044,2,4772
2406000,2048,1,1,0,153982976,1,153985024,0,2046,10.9980,2044,2,0x0f54529239,66,1840,0,2,4778,2046,10.9980,2044,2,4774
2407000,2048,1,1,0,154046464,1,154048512,0,2047,10.9990,2046,2,0xbd9cfa4fec,65,1844,0,1,4779,2047,10.9990,2046,1,4775
2408000,2048,1,1,0,154111999,1,154114047,0,2048,11.0000,2048,1,0x661a233220,0,1,0,0,4779,2048,11.0000,2048,0,4775
2409000,2048,1,1,0,154175488,1,154177536,0,2047,10.9990,2046,2,0xdce7834afb,68,1856,0,1,4780,2047,10.9990,2046,1,4776
2410000,2048,1,1,0,154238976,1,154241024,0,2043,10.9951,2038,2,0xffd1a93a42,70,1861,0,5,4785,2043,10.9951,2038,5,4781
2411000,2048,1,1,0,154302464,1,154304512,0,2048,11.0000,2048,1,0x6fbbc42da4,64,1839,0,0,4785,2048,11.0000,2048,0,4781
2412000,2048,1,1,0,154367999,1,154370047,0,2047,10.9990,2046,2,0x4ace932e15,0,1,0,1,4786,2047,10.9990,2046,1,4782
2413000,2048,1,1,0,154431488,1,154433536,0,2046,10.9980,2044,2,0x1d286187a3,64,1813,0,2,4788,2046,10.9980,2044,2,4784
2414000,2048,1,1,0,154494976,1,154497024,0,2045,10.9971,2042,2,0x6ced94ab17,68,1842,0,3,4791,2045,10.9971,2042,3,4787
2415000,2048,1,1,0,154558464,1,154560512,0,2046,10.9980,2044,2,0x610ffb6751,65,1844,0,2,4793,2046,10.9980,2044,2,4789
2416000,2048,1,1,0,154623999,1,154626047,0,2048,11.0000,2048,1,0x50b732f6e8,0,1,0,0,4793,2048,11.0000,2048,0,4789
2417000,2048,1,1,0,154687488,1,154689536,0,2047,10.9990,2046,2,0xe70834d051,70,1861,0,1,4794,2047,10.9990,2046,1,4790
2418000,2048,1,1,0,154750976,1,154753024,0,2046,10.9980,2044,2,0x52b4ad4c93,75,1838,0,2,4796,2046,10.9980,2044,2,4792
2419000,2048,1,1,0,154814464,1,154816512,0,2048,11.0000,2048,1,0x9b6ae30d31,52,1856,0,0,4796,2048,11.0000,2048,0,4792
2420000,2048,1,1,0,154879999,1,154882047,0,2048,11.0000,2048,1,0x91b81747be,0,1,0,0,4796,2048,11.0000,2048,0,4792
2421000,2048,1,1,0,154943488,1,154945536,0,2045,10.9971,2042,2,0x8ad515a9b3,65,1849,0,3,4799,2045,10.9971,2042,3,4795
2422000,2048,1,1,0,155006976,1,155009024,0,2047,10.9990,2046,2,0x24a6334314,71,1851,0,1,4800,2047,10.9990,2046,1,4796
2423000,2048,1,1,0,155070464,1,155072512,0,2047,10.9990,2046,2,0xc21bedb684,71,1870,0,1,4801,2047,10.9990,2046,1,4797
2424000,2048,1,1,0,155135999,1,155138047,0,2048,11.0000,2048,1,0x41bf87d5e1,0,1,0,0,4801,2048,11.0000,2048,0,4797
2425000,2048,1,1,0,155199488,1,155201536,0,2046,10.9980,2044,2,0x5b6b46f691,54,1846,0,2,4803,2046,10.9980,2044,2,4799
2426000,2048,1,1,0,155262976,1,155265024,0,2046,10.9980,2044,2,0x3a89c4edaf,59,1863,0,2,4805,2046,10.9980,2044,2,4801
2427000,2048,1,1,0,155326464,1,155328512,0,2047,10.9990,2046,2,0xa2d722b89f,57,1871,0,1,4806,2047,10.9990,2046,1,4802
2428000,2048,1,1,0,155391999,1,155394047,0,2046,10.9980,2044,2,0xef7c608614,0,1,0,2,4808,2046,10.9980,2044,2,4804
2429000,2048,1,1,0,155455488,1,155457536,0,2046,10.9980,2044,2,0xf33618156e,74,1826,0,2,4810,2046,10.9980,2044,2,4806
2430000,2048,1,1,0,155518976,1,155521024,0,2045,10.9971,2042,2,0xe6e86c96da,60,1842,0,3,4813,2045,10.9971,2042,3,4809
2431000,2048,1,1,0,155582464,1,155584512,0,2046,10.9980,2044,2,0x8e1c6c5c03,75,1860,0,2,4815,2046,10.9980,2044,2,4811
2432000,2048,1,1,0,155647999,1,155650047,0,2047,10.9990,2046,2,0xa9c6288be3,0,1,0,1,4816,2047,10.9990,2046,1,4812
2433000,2048,1,1,0,155711488,1,155713536,0,2045,10.9971,2042,2,0xebd6038f62,64,1863,0,3,4819,2045,10.9971,2042,3,4815
2434000,2048,1,1,0,155774976,1,155777024,0,2045,10.9971,2042,2,0x1cb0c4bf32,76,1829,0,3,4822,2045,10.9971,2042,3,4818
2435000,2048,1,1,0,155838464,1,155840512,0,2045,10.9971,2042,2,0xe677b07a58,67,1861,0,3,4825,2045,10.9971,2042,3,4821
2436000,2048,1,1,0,155903999,1,155906047,0,2047,10.9990,2046,2,0xfffd5800ba,0,1,0,1,4826,2047,10.9990,2046,1,4822
2437000,2048,1,1,0,155967488,1,155969536,0,2047,10.9990,2046,2,0xc5d5bef369,50,1855,0,1,4827,2047,10.9990,2046,1,4823
2438000,2048,1,1,0,156030976,1,156033024,0,2046,10.9980,2044,2,0x6047b0cf9b,60,1821,0,2,4829,2046,10.9980,2044,2,4825
2439000,2048,1,1,0,156094464,1,156096512,0,2045,10.9971,2042,2,0xd6612dad5f,64,1850,0,3,4832,2045,10.9971,2042,3,4828
2440000,2048,1,1,0,156159999,1,156162047,0,2046,10.9980,2044,2,0x9037255eb1,0,1,0,2,4834,2046,10.9980,2044,2,4830
2441000,2048,1,1,0,156223488,1,156225536,0,2043,10.9951,2038,2,0x55839ddc66,61,1863,0,5,4839,2043,10.9951,2038,5,4835
2442000,2048,1,1,0,156286976,1,156289024,0,2047,10.9990,2046,2,0x6ac4b182e4,67,1821,0,1,4840,2047,10.9990,2046,1,4836
2443000,2048,1,1,0,156350464,1,156352512,0,2046,10.9980,2044,2,0x64c6215423,62,1858,0,2,4842,2046,10.9980,2044,2,4838
2444000,2048,1,1,0,156415999,1,156418047,0,2046,10.9980,2044,2,0x01df1e0314,0,1,0,2,4844,2046,10.9980,2044,2,4840
2445000,2048,1,1,0,156479488,1,156481536,0,2046,10.9980,2044,2,0x8963457e97,53,1827,0,2,4846,2046,10.9980,2044,2,4842
2446000,2048,1,1,0,156542976,1,156545024,0,2043,10.9951,2038,2,0x7370ffefde,55,1830,0,5,4851,2043,10.9951,2038,5,4847
2447000,2048,1,1,0,156606464,1,156608512,0,2047,10.9990,2046,2,0x963f32e245,57,1878,0,1,4852,2047,10.9990,2046,1,4848
2448000,2048,1,1,0,156671999,1,156674047,0,2046,10.9980,2044,2,0x65413317cd,0,1,0,2,4854,2046,10.9980,2044,2,4850
2449000,2048,1,1,0,156735488,1,156737536,0,2048,11.0000,2048,1,0x9f525c7e90,66,1870,0,0,4854,2048,11.0000,2048,0,4850
2450000,2048,1,1,0,156798976,1,156801024,0,2047,10.9990,2046,2,0x9c9ea3ef3d,60,1850,0,1,4855,2047,10.9990,2046,1,4851
2451000,2048,1,1,0,156862464,1,156864512,0,2046,10.9980,2044,2,0x080d517939,53,1843,0,2,4857,2046,10.9980,2044,2,4853
2452000,2048,1,1,0,156927999,1,156930047,0,2044,10.9961,2040,2,0xae2f07708d,0,1,0,4,4861,2044,10.9961,2040,4,4857
2453000,2048,1,1,0,156991488,1,156993536,0,2046,10.9980,2044,2,0xb4ea127147,53,1838,0,2,4863,2046,10.9980,2044,2,4859
2454000,2048,1,1,0,157054976,1,157057024,0,2046,10.9980,2044,2,0xd15c28bef0,69,1835,0,2,4865,2046,10.9980,2044,2,4861
2455000,2048,1,1,0,157118464,1,157120512,0,2046,10.9980,2044,2,0x83545b390a,52,1872,0,2,4867,2046,10.9980,2044,2,4863
2456000,2048,1,1,0,157183999,1,157186047,0,2048,11.0000,2048,1,0x041fd52612,0,1,0,0,4867,2048,11.0000,2048,0,4863
2457000,2048,1,1,0,157247488,1,157249536,0,2047,10.9990,2046,2,0x057f0956e6,64,1834,0,1,4868,2047,10.9990,2046,1,4864
2458000,2048,1,1,0,157310976,1,157313024,0,2048,11.0000,2048,1,0xdbddf97c11,66,1848,0,0,4868,2048,11.0000,2048,0,4864
2459000,2048,1,1,0,157374464,1,157376512,0,2048,11.0000,2048,1,0xe880f19164,64,1855,0,0,4868,2048,11.0000,2048,0,4864
2460000,2048,1,1,0,157439999,1,157442047,0,2048,11.0000,2048,1,0xae6547cfd2,0,1,0,0,4868,2048,11.0000,2048,0,4864
2461000,2048,1,1,0,157503488,1,157505536,0,2047,10.9990,2046,2,0x0afd18db38,58,1858,0,1,4869,2047,10.9990,2046,1,4865
2462000,2048,1,1,0,157566976,1,157569024,0,2047,10.9990,2046,2,0x58f5685c59,55,1828,0,1,4870,2047,10.9990,2046,1,4866
2463000,2048,1,1,0,157630464,1,157632512,0,2045,10.9971,2042,2,0x8538736f28,70,1839,0,3,4873,2045,10.9971,2042,3,4869
2464000,2048,1,1,0,157695999,1,157698047,0,2048,11.0000,2048,1,0xcff910d7cc,0,1,0,0,4873,2048,11.0000,2048,0,4869
2465000,2048,1,1,0,157759488,1,157761536,0,2047,10.9990,2046,2,0x9877d01e68,67,1835,0,1,4874,2047,10.9990,2046,1,4870
2466000,2048,1,1,0,157822976,1,157825024,0,2046,10.9980,2044,2,0x7844ebcab4,62,1834,0,2,4876,2046,10.9980,2044,2,4872
2467000,2048,1,1,0,157886464,1,157888512,0,2047,10.9990,2046,2,0x4c227e033e,73,1826,0,1,4877,2047,10.9990,2046,1,4873
2468000,2048,1,1,0,157951999,1,157954047,0,2046,10.9980,2044,2,0x6766be8907,0,1,0,2,4879,2046,10.9980,2044,2,4875
2469000,2048,1,1,0,158015488,1,158017536,0,2046,10.9980,2044,2,0x356b282ec5,64,1845,0,2,4881,2046,10.9980,2044,2,4877
2470000,2048,1,1,0,158078976,1,158081024,0,2043,10.9951,2038,2,0xeaada9c212,71,1839,0,5,4886,2043,10.9951,2038,5,4882
2471000,2048,1,1,0,158142464,1,158144512,0,2046,10.9980,2044,2,0x5617152b94,62,1848,0,2,4888,2046,10.9980,2044,2,4884
2472000,2048,1,1,0,158207999,1,158210047,0,2048,11.0000,2048,1,0xab757c18d6,0,1,0,0,4888,2048,11.0000,2048,0,4884
2473000,2048,1,1,0,158271488,1,158273536,0,2044,10.9961,2040,2,0x024dce0480,56,1851,0,4,4892,2044,10.9961,2040,4,4888
2474000,2048,1,1,0,158334976,1,158337024,0,2045,10.9971,2042,2,0xe059e2adbd,56,1869,0,3,4895,2045,10.9971,2042,3,4891
2475000,2048,1,1,0,158398464,1,158400512,0,2047,10.9990,2046,2,0xfe939e86d0,73,1837,0,1,4896,2047,10.9990,2046,1,4892
2476000,2048,1,1,0,158463999,1,158466047,0,2045,10.9971,2042,2,0xbd82866498,0,1,0,3,4899,2045,10.9971,2042,3,4895
2477000,2048,1,1,0,158527488,1,158529536,0,2043,10.9951,2038,2,0x5a6cb52c59,61,1831,0,5,4904,2043,10.9951,2038,5,4900
2478000,2048,1,1,0,158590976,1,158593024,0,2046,10.9980,2044,2,0x7a18b42222,74,1863,0,2,4906,2046,10.9980,2044,2,4902
2479000,2048,1,1,0,158654464,1,158656512,0,2047,10.9990,2046,2,0xfeb11976d4,55,1861,0,1,4907,2047,10.9990,2046,1,4903
2480000,2048,1,1,0,158719999,1,158722047,0,2046,10.9980,2044,2,0x1bf9cd17b1,0,1,0,2,4909,2046,10.9980,2044,2,4905
2481000,2048,1,1,0,158783488,1,158785536,0,2047,10.9990,2046,2,0xc69b9da73a,62,1829,0,1,4910,2047,10.9990,2046,1,4906
2482000,2048,1,1,0,158846976,1,158849024,0,2046,10.9980,2044,2,0x8695ecbf04,57,1834,0,2,4912,2046,10.9980,2044,2,4908
2483000,2048,1,1,0,158910464,1,158912512,0,2048,11.0000,2048,1,0x93d3d1609d,75,1832,0,0,4912,2048,11.0000,2048,0,4908
2484000,2048,1,1,0,158975999,1,158978047,0,2046,10.9980,2044,2,0xc3743ebb17,0,1,0,2,4914,2046,10.9980,2044,2,4910
2485000,2048,1,1,0,159039488,1,159041536,0,2041,10.9932,2034,2,0x0309f9574d,66,1842,0,7,4921,2041,10.9932,2034,7,4917
2486000,2048,1,1,0,159102976,1,159105024,0,2047,10.9990,2046,2,0x1268246542,63,1831,0,1,4922,2047,10.9990,2046,1,4918
2487000,2048,1,1,0,159166464,1,159168512,0,2048,11.0000,2048,1,0x205617b65c,59,1829,0,0,4922,2048,11.0000,2048,0,4918
2488000,2048,1,1,0,159231999,1,159234047,0,2048,11.0000,2048,1,0x9e5522f13b,0,1,0,0,4922,2048,11.0000,2048,0,4918
2489000,2048,1,1,0,159295488,1,159297536,0,2048,11.0000,2048,1,0x8833bc7f19,70,1847,0,0,4922,2048,11.0000,2048,0,4918
2490000,2048,1,1,0,159358976,1,159361024,0,2045,10.9971,2042,2,0x940394de84,71,1842,0,3,4925,2045,10.9971,2042,3,4921
2491000,2048,1,1,0,159422464,1,159424512,0,2046,10.9980,2044,2,0xc11d317d0e,59,1833,0,2,4927,2046,10.9980,2044,2,4923
2492000,2048,1,1,0,159487999,1,159490047,0,2047,10.9990,2046,2,0x90c158b96d,0,1,0,1,4928,2047,10.9990,2046,1,4924
2493000,2048,1,1,0,159551488,1,159553536,0,2047,10.9990,2046,2,0xeffd1419dd,64,1849,0,1,4929,2047,10.9990,2046,1,4925
2494000,2048,1,1,0,159614976,1,159617024,0,2047,10.9990,2046,2,0x3707ed7667,61,1856,0,1,4930,2047,10.9990,2046,1,4926
2495000,2048,1,1,0,159678464,1,159680512,0,2047,10.9990,2046,2,0x861ec66574,60,1853,0,1,4931,2047,10.9990,2046,1,4927
2496000,2048,1,1,0,159743999,1,159746047,0,2046,10.9980,2044,2,0x4108401cad,0,1,0,2,4933,2046,10.9980,2044,2,4929
2497000,2048,1,1,0,159807488,1,159809536,0,2045,10.9971,2042,2,0xdd7230ffd6,60,1874,0,3,4936,2045,10.9971,2042,3,4932
2498000,2048,1,1,0,159870976,1,159873024,0,2046,10.9980,2044,2,0x44a1473541,57,1860,0,2,4938,2046,10.9980,2044,2,4934
2499000,2048,1,1,0,159934464,1,159936512,0,2045,10.9971,2042,2,0x604f29f4d7,74,1843,0,3,4941,2045,10.9971,2042,3,4937
2500000,2048,1,1,0,159999999,1,160002047,0,2045,10.9971,2042,2,0xe2e8f1f4f3,0,1,0,3,4944,2045,10.9971,2042,3,4940
2501000,2048,1,1,0,160063488,1,160065536,0,2045,10.9971,2042,2,0xbbd7cf3f42,64,1856,0,3,4947,2045,10.9971,2042,3,4943
2502000,2048,1,1,0,160126976,1,160129024,0,2046,10.9980,2044,2,0x21e62b3249,60,1871,0,2,4949,2046,10.9980,2044,2,4945
2503000,2048,1,1,0,160190464,1,160192512,0,2047,10.9990,2046,2,0x4224eee3b9,62,1858,0,1,4950,2047,10.9990,2046,1,4946
2504000,2048,1,1,0,160255999,1,160258047,0,2043,10.9951,2038,2,0xad4de861ed,0,1,0,5,4955,2043,10.9951,2038,5,4951
2505000,2048,1,1,0,160319488,1,160321536,0,2047,10.9990,2046,2,0x3069296bd6,70,1835,0,1,4956,2047,10.9990,2046,1,4952
2506000,2048,1,1,0,160382976,1,160385024,0,2045,10.9971,2042,2,0xf29c3d8192,66,1835,0,3,4959,2045,10.9971,2042,3,4955
2507000,2048,1,1,0,160446464,1,160448512,0,2048,11.0000,2048,1,0xd81a3ba3ce,63,1829,0,0,4959,2048,11.0000,2048,0,4955
2508000,2048,1,1,0,160511999,1,160514047,0,2046,10.9980,2044,2,0x83f941cb46,0,1,0,2,4961,2046,10.9980,2044,2,4957
2509000,2048,1,1,0,160575488,1,160577536,0,2047,10.9990,2046,2,0xfd8d7e480d,50,1842,0,1,4962,2047,10.9990,2046,1,4958
2510000,2048,1,1,0,160638976,1,160641024,0,2047,10.9990,2046,2,0x56252ffa71,54,1867,0,1,4963,2047,10.9990,2046,1,4959
2511000,2048,1,1,0,160702464,1,160704512,0,2048,11.0000,2048,1,0x29657adbe2,60,1843,0,0,4963,2048,11.0000,2048,0,4959
2512000,2048,1,1,0,160767999,1,160770047,0,2046,10.9980,2044,2,0xe8f709242a,0,1,0,2,4965,2046,10.9980,2044,2,4961
2513000,2048,1,1,0,160831488,1,160833536,0,2044,10.9961,2040,2,0x79a827decd,75,1837,0,4,4969,2044,10.9961,2040,4,4965
2514000,2048,1,1,0,160894976,1,160897024,0,2048,11.0000,2048,1,0x2a4f9cfdee,74,1868,0,0,4969,2048,11.0000,2048,0,4965
2515000,2048,1,1,0,160958464,1,160960512,0,2046,10.9980,2044,2,0x3f6c74464d,60,1857,0,2,4971,2046,10.9980,2044,2,4967
2516000,2048,1,1,0,161023999,1,161026047,0,2046,10.9980,2044,2,0xb142b42786,0,1,0,2,4973,2046,10.9980,2044,2,4969
2517000,2048,1,1,0,161087488,1,161089536,0,2046,10.9980,2044,2,0x645d5af7f6,63,1852,0,2,4975,2046,10.9980,2044,2,4971
2518000,2048,1,1,0,161150976,1,161153024,0,2047,10.9990,2046,2,0x21ca7172de,58,1857,0,1,4976,2047,10.9990,2046,1,4972
2519000,2048,1,1,0,161214464,1,161216512,0,2047,10.9990,2046,2,0x4150f633e5,63,1850,0,1,4977,2047,10.9990,2046,1,4973
2520000,2048,1,1,0,161279999,1,161282047,0,2048,11.0000,2048,1,0x1bbe056264,0,0,0,0,4977,2048,11.0000,2048,0,4973
2521000,2048,1,1,0,161343488,1,161345536,0,2047,10.9990,2046,2,0xa03cd63a23,75,1844,0,1,4978,2047,10.9990,2046,1,4974
2522000,2048,1,1,0,161406976,1,161409024,0,2047,10.9990,2046,2,0x8ec1a54fb5,69,1847,0,1,4979,2047,10.9990,2046,1,4975
2523000,2048,1,1,0,161470464,1,161472512,0,2048,11.0000,2048,1,0xfd81044286,67,1847,0,0,4979,2048,11.0000,2048,0,4975
2524000,2048,1,1,0,161535999,1,161538047,0,2045,10.9971,2042,2,0xe773b4ef04,0,0,0,3,4982,2045,10.9971,2042,3,4978
2525000,2048,1,1,0,161599488,1,161601536,0,2040,10.9918,2033,3,0xed843bd45f,69,1867,0,7,4989,2040,10.9918,2033,7,4985
2526000,2048,1,1,0,161662976,1,161665024,0,2044,10.9961,2040,2,0x4752d05af6,67,1866,0,4,4993,2044,10.9961,2040,4,4989
2527000,2048,1,1,0,161726464,1,161728512,0,2047,10.9990,2046,2,0xbfed015826,68,1869,0,1,4994,2047,10.9990,2046,1,4990
2528000,2048,1,1,0,161791999,1,161794047,0,2046,10.9980,2044,2,0x1059512678,0,0,0,2,4996,2046,10.9980,2044,2,4992
2529000,2048,1,1,0,161855488,1,161857536,0,2045,10.9971,2042,2,0xbd19bc9346,63,1825,0,3,4999,2045,10.9971,2042,3,4995
2530000,2048,1,1,0,161918976,1,161921024,0,2047,10.9990,2046,2,0x89433f3b1e,72,1849,0,1,5000,2047,10.9990,2046,1,4996
2531000,2048,1,1,0,161982464,1,161984512,0,2045,10.9971,2042,2,0x5f431f7bae,55,1832,0,3,5003,2045,10.9971,2042,3,4999
2532000,2048,1,1,0,162047999,1,162050047,0,2045,10.9971,2042,2,0x03269ded4f,0,1,0,3,5006,2045,10.9971,2042,3,5002
2533000,2048,1,1,0,162111488,1,162113536,0,2046,10.9980,2044,2,0xdd4d1bc6e6,76,1834,0,2,5008,2046,10.9980,2044,2,5004
2534000,2048,1,1,0,162174976,1,162177024,0,2047,10.9990,2046,2,0xde8125462e,51,1838,0,1,5009,2047,10.9990,2046,1,5005
2535000,2048,1,1,0,162238464,1,162240512,0,2045,10.9971,2042,2,0x3089291706,71,1866,0,3,5012,2045,10.9971,2042,3,5008
2536000,2048,1,1,0,162303999,1,162306047,0,2046,10.9980,2044,2,0x308214f2f6,0,1,0,2,5014,2046,10.9980,2044,2,5010
2537000,2048,1,1,0,162367488,1,162369536,0,2046,10.9980,2044,2,0xaa1abdbaf9,72,1846,0,2,5016,2046,10.9980,2044,2,5012
2538000,2048,1,1,0,162430976,1,162433024,0,2047,10.9990,2046,2,0x4d6a77222f,62,1852,0,1,5017,2047,10.9990,2046,1,5013
2539000,2048,1,1,0,162494464,1,162496512,0,2047,10.9990,2046,2,0x4f992aa724,63,1865,0,1,5018,2047,10.9990,2046,1,5014
2540000,2048,1,1,0,162559999,1,162562047,0,2046,10.9980,2044,2,0xf362a7fd23,0,1,0,2,5020,2046,10.9980,2044,2,5016
2541000,2048,1,1,0,162623488,1,162625536,0,2047,10.9990,2046,2,0x913b194e89,56,1845,0,1,5021,2047,10.9990,2046,1,5017
2542000,2048,1,1,0,162686976,1,162689024,0,2048,11.0000,2048,1,0xc851ea84ae,70,1863,0,0,5021,2048,11.0000,2048,0,5017
2543000,2048,1,1,0,162750464,1,162752512,0,2046,10.9980,2044,2,0xd5a6d18319,60,1827,0,2,5023,2046,10.9980,2044,2,5019
2544000,2048,1,1,0,162815999,1,162818047,0,2046,10.9980,2044,2,0x836e5e913c,0,1,0,2,5025,2046,10.9980,2044,2,5021
2545000,2048,1,1,0,162879488,1,162881536,0,2047,10.9990,2046,2,0xcaf132d178,60,1845,0,1,5026,2047,10.9990,2046,1,5022
2546000,2048,1,1,0,162942976,1,162945024,0,2048,11.0000,2048,1,0xec0a9a5182,56,1837,0,0,5026,2048,11.0000,2048,0,5022
2547000,2048,1,1,0,163006464,1,163008512,0,2048,11.0000,2048,1,0x816e56ef2f,49,1836,0,0,5026,2048,11.0000,2048,0,5022
2548000,2048,1,1,0,163071999,1,163074047,0,2047,10.9990,2046,2,0x81ff4542e0,0,1,0,1,5027,2047,10.9990,2046,1,5023
2549000,2048,1,1,0,163135488,1,163137536,0,2046,10.9980,2044,2,0x1b276ca82f,68,1838,0,2,5029,2046,10.9980,2044,2,5025
2550000,2048,1,1,0,163198976,1,163201024,0,2047,10.9990,2046,2,0xd7db8ca0e0,69,1849,0,1,5030,2047,10.9990,2046,1,5026
2551000,2048,1,1,0,163262464,1,163264512,0,2044,10.9961,2040,2,0x1bf6ab3273,67,1859,0,4,5034,2044,10.9961,2040,4,5030
2552000,2048,1,1,0,163327999,1,163330047,0,2045,10.9971,2042,2,0xbe10a27c1d,1,1,0,3,5037,2045,10.9971,2042,3,5033
2553000,2048,1,1,0,163391488,1,163393536,0,2046,10.9980,2044,2,0x1e40a1fbbf,56,1829,0,2,5039,2046,10.9980,2044,2,5035
2554000,2048,1,1,0,163454976,1,163457024,0,2043,10.9951,2038,2,0x1bde5a71b1,66,1841,0,5,5044,2043,10.9951,2038,5,5040
2555000,2048,1,1,0,163518464,1,163520512,0,2047,10.9990,2046,2,0xf29a6b1a12,66,1851,0,1,5045,2047,10.9990,2046,1,5041
2556000,2048,1,1,0,163583999,1,163586047,0,2048,11.0000,2048,1,0x2ddaaabbc0,0,1,0,0,5045,2048,11.0000,2048,0,5041
2557000,2048,1,1,0,163647488,1,163649536,0,2046,10.9980,2044,2,0x3371b8b499,68,1848,0,2,5047,2046,10.9980,2044,2,5043
2558000,2048,1,1,0,163710976,1,163713024,0,2047,10.9990,2046,2,0x7df0694459,68,1840,0,1,5048,2047,10.9990,2046,1,5044
2559000,2048,1,1,0,163774464,1,163776512,0,2045,10.9971,2042,2,0xad0537c748,51,1861,0,3,5051,2045,10.9971,2042,3,5047
2560000,2048,1,1,0,163839999,1,163842047,0,2046,10.9980,2044,2,0x6d560b4559,0,1,0,2,5053,2046,10.9980,2044,2,5049
2561000,2048,1,1,0,163903488,1,163905536,0,2048,11.0000,2048,1,0x7008949503,68,1842,0,0,5053,2048,11.0000,2048,0,5049
2562000,2048,1,1,0,163966976,1,163969024,0,2047,10.9990,2046,2,0x2654df6f0e,62,1849,0,1,5054,2047,10.9990,2046,1,5050
2563000,2048,1,1,0,164030464,1,164032512,0,2047,10.9990,2046,2,0x476d5f3bc3,68,1843,0,1,5055,2047,10.9990,2046,1,5051
2564000,2048,1,1,0,164095999,1,164098047,0,2044,10.9961,2040,2,0xda914f794e,0,1,0,4,5059,2044,10.9961,2040,4,5055
2565000,2048,1,1,0,164159488,1,164161536,0,2044,10.9961,2040,2,0xdef5eb5222,67,1840,0,4,5063,2044,10.9961,2040,4,5059
2566000,2048,1,1,0,164222976,1,164225024,0,2047,10.9990,2046,2,0xb0aaa67985,76,1851,0,1,5064,2047,10.9990,2046,1,5060
2567000,2048,1,1,0,164286464,1,164288512,0,2045,10.9971,2042,2,0x0142f648e4,76,1859,0,3,5067,2045,10.9971,2042,3,5063
2568000,2048,1,1,0,164351999,1,164354047,0,2047,10.9990,2046,2,0x9abd887ca8,0,1,0,1,5068,2047,10.9990,2046,1,5064
2569000,2048,1,1,0,164415488,1,164417536,0,2048,11.0000,2048,1,0x2b83d689ad,57,1837,0,0,5068,2048,11.0000,2048,0,5064
2570000,2048,1,1,0,164478976,1,164481024,0,2045,10.9971,2042,2,0xc9a1abf857,67,1867,0,3,5071,2045,10.9971,2042,3,5067
2571000,2048,1,1,0,164542464,1,164544512,0,2047,10.9990,2046,2,0xd1b495869c,67,1846,0,1,5072,2047,10.9990,2046,1,5068
2572000,2048,1,1,0,164607999,1,164610047,0,2046,10.9980,2044,2,0xce09efbcac,0,1,0,2,5074,2046,10.9980,2044,2,5070
2573000,2048,1,1,0,164671488,1,164673536,0,2043,10.9951,2038,2,0xfa24f3c1ec,60,1830,0,5,5079,2043,10.9951,2038,5,5075
2574000,2048,1,1,0,164734976,1,164737024,0,2048,11.0000,2048,1,0xdc57320620,57,1860,0,0,5079,2048,11.0000,2048,0,5075
2575000,2048,1,1,0,164798464,1,164800512,0,2047,10.9990,2046,2,0x9a2587fbda,65,1869,0,1,5080,2047,10.9990,2046,1,5076
2576000,2048,1,1,0,164863999,1,164866047,0,2044,10.9961,2040,2,0xa29034b5be,0,1,0,4,5084,2044,10.9961,2040,4,5080
2577000,2048,1,1,0,164927488,1,164929536,0,2045,10.9971,2042,2,0x6de21de3d3,66,1840,0,3,5087,2045,10.9971,2042,3,5083
2578000,2048,1,1,0,164990976,1,164993024,0,2041,10.9932,2034,2,0xb0d3bef22a,75,1870,0,7,5094,2041,10.9932,2034,7,5090
2579000,2048,1,1,0,165054464,1,165056512,0,2046,10.9980,2044,2,0x587209a164,60,1852,0,2,5096,2046,10.9980,2044,2,5092
2580000,2048,1,1,0,165119999,1,165122047,0,2045,10.9971,2042,2,0xcaf5e466fb,0,1,0,3,5099,2045,10.9971,2042,3,5095
2581000,2048,1,1,0,165183488,1,165185536,0,2044,10.9961,2040,2,0x3b17d48ad1,63,1828,0,4,5103,2044,10.9961,2040,4,5099
2582000,2048,1,1,0,165246976,1,165249024,0,2048,11.0000,2048,1,0x2daede0cbc,58,1837,0,0,5103,2048,11.0000,2048,0,5099
2583000,2048,1,1,0,165310464,1,165312512,0,2044,10.9961,2040,2,0xcc4f6ddb9c,58,1842,0,4,5107,2044,10.9961,2040,4,5103
2584000,2048,1,1,0,165375999,1,165378047,0,2045,10.9971,2042,2,0x1a379d723c,0,1,0,3,5110,2045,10.9971,2042,3,5106
2585000,2048,1,1,0,165439488,1,165441536,0,2043,10.9951,2038,2,0x3d04d88f02,71,1876,0,5,5115,2043,10.9951,2038,5,5111
2586000,2048,1,1,0,165502976,1,165505024,0,2047,10.9990,2046,2,0xf7b5bb0835,54,1849,0,1,5116,2047,10.9990,2046,1,5112
2587000,2048,1,1,0,165566464,1,165568512,0,2044,10.9961,2040,2,0x62d6280463,71,1843,0,4,5120,2044,10.9961,2040,4,5116
2588000,2048,1,1,0,165631999,1,165634047,0,2046,10.9980,2044,2,0x49a24a93b4,0,1,0,2,5122,2046,10.9980,2044,2,5118
2589000,2048,1,1,0,165695488,1,165697536,0,2046,10.9980,2044,2,0x2b70cc54d5,73,1840,0,2,5124,2046,10.9980,2044,2,5120
2590000,2048,1,1,0,165758976,1,165761024,0,2045,10.9971,2042,2,0xa3c75914f1,81,1844,0,3,5127,2045,10.9971,2042,3,5123
2591000,2048,1,1,0,165822464,1,165824512,0,2046,10.9980,2044,2,0xded98df74a,59,1844,0,2,5129,2046,10.9980,2044,2,5125
2592000,2048,1,1,0,165887999,1,165890047,0,2047,10.9990,2046,2,0x209336f516,0,1,0,1,5130,2047,10.9990,2046,1,5126
2593000,2048,1,1,0,165951488,1,165953536,0,2045,10.9971,2042,2,0x3c4e69fe1a,53,1864,0,3,5133,2045,10.9971,2042,3,5129
2594000,2048,1,1,0,166014976,1,166017024,0,2046,10.9980,2044,2,0x244c6e81ca,67,1853,0,2,5135,2046,10.9980,2044,2,5131
2595000,2048,1,1,0,166078464,1,166080512,0,2048,11.0000,2048,1,0x051f278bf3,63,1849,0,0,5135,2048,11.0000,2048,0,5131
2596000,2048,1,1,0,166143999,1,166146047,0,2046,10.9980,2044,2,0xdfec1cea69,0,1,0,2,5137,2046,10.9980,2044,2,5133
2597000,2048,1,1,0,166207488,1,166209536,0,2044,10.9961,2040,2,0xcbd837db4e,73,1813,0,4,5141,2044,10.9961,2040,4,5137
2598000,2048,1,1,0,166270976,1,166273024,0,2047,10.9990,2046,2,0xe3b3278e6f,70,1845,0,1,5142,2047,10.9990,2046,1,5138
2599000,2048,1,1,0,166334464,1,166336512,0,2046,10.9980,2044,2,0x4bbb7c88a0,63,1854,0,2,5144,2046,10.9980,2044,2,5140
2600000,2048,1,1,0,166399999,1,166402047,0,2047,10.9990,2046,2,0xa5399306e8,0,1,0,1,5145,2047,10.9990,2046,1,5141
2601000,2048,1,1,0,166463488,1,166465536,0,2048,11.0000,2048,1,0x18dabb1132,71,1837,0,0,5145,2048,11.0000,2048,0,5141
2602000,2048,1,1,0,166526976,1,166529024,0,2042,10.9941,2036,2,0x25e621ece3,79,1819,0,6,5151,2042,10.9941,2036,6,5147
2603000,2048,1,1,0,166590464,1,166592512,0,2046,10.9980,2044,2,0xab3d068742,68,1848,0,2,5153,2046,10.9980,2044,2,5149
2604000,2048,1,1,0,166655999,1,166658047,0,2048,11.0000,2048,1,0xd8255c60b9,0,1,0,0,5153,2048,11.0000,2048,0,5149
2605000,2048,1,1,0,166719488,1,166721536,0,2046,10.9980,2044,2,0xcefef97e2f,67,1857,0,2,5155,2046,10.9980,2044,2,5151
2606000,2048,1,1,0,166782976,1,166785024,0,2046,10.9980,2044,2,0x1f306af30f,58,1832,0,2,5157,2046,10.9980,2044,2,5153
2607000,2048,1,1,0,166846464,1,166848512,0,2046,10.9980,2044,2,0x04d94a8b1e,74,1850,0,2,5159,2046,10.9980,2044,2,5155
2608000,2048,1,1,0,166911999,1,166914047,0,2047,10.9990,2046,2,0xa785b9c450,0,1,0,1,5160,2047,10.9990,2046,1,5156
2609000,2048,1,1,0,166975488,1,166977536,0,2044,10.9961,2040,2,0x5bc2dc88e7,69,1858,0,4,5164,2044,10.9961,2040,4,5160
2610000,2048,1,1,0,167038976,1,167041024,0,2048,11.0000,2048,1,0x0a81ada568,59,1834,0,0,5164,2048,11.0000,2048,0,5160
2611000,2048,1,1,0,167102464,1,167104512,0,2048,11.0000,2048,1,0x3afa6b842a,61,1845,0,0,5164,2048,11.0000,2048,0,5160
2612000,2048,1,1,0,167167999,1,167170047,0,2047,10.9990,2046,2,0x99a28e6eae,0,1,0,1,5165,2047,10.9990,2046,1,5161
2613000,2048,1,1,0,167231488,1,167233536,0,2046,10.9980,2044,2,0x1605eccc26,59,1840,0,2,5167,2046,10.9980,2044,2,5163
2614000,2048,1,1,0,167294976,1,167297024,0,2048,11.0000,2048,1,0x7214e53a4d,67,1847,0,0,5167,2048,11.0000,2048,0,5163
2615000,2048,1,1,0,167358464,1,167360512,0,2045,10.9971,2042,2,0x4260637f12,63,1827,0,3,5170,2045,10.9971,2042,3,5166
2616000,2048,1,1,0,167423999,1,167426047,0,2045,10.9971,2042,2,0x1865445641,0,1,0,3,5173,2045,10.9971,2042,3,5169
2617000,2048,1,1,0,167487488,1,167489536,0,2045,10.9971,2042,2,0xb434c208a3,59,1859,0,3,5176,2045,10.9971,2042,3,5172
2618000,2048,1,1,0,167550976,1,167553024,0,2047,10.9990,2046,2,0xf59ae24d54,67,1837,0,1,5177,2047,10.9990,2046,1,5173
2619000,2048,1,1,0,167614464,1,167616512,0,2047,10.9990,2046,2,0xd991948fdc,60,1854,0,1,5178,2047,10.9990,2046,1,5174
2620000,2048,1,1,0,167679999,1,167682047,0,2045,10.9971,2042,2,0x93c83f9f08,0,1,0,3,5181,2045,10.9971,2042,3,5177
2621000,2048,1,1,0,167743488,1,167745536,0,2048,11.0000,2048,1,0x5d5a982223,62,1859,0,0,5181,2048,11.0000,2048,0,5177
2622000,2048,1,1,0,167806976,1,167809024,0,2047,10.9990,2046,2,0x83d7e1079c,76,1847,0,1,5182,2047,10.9990,2046,1,5178
2623000,2048,1,1,0,167870464,1,167872512,0,2047,10.9990,2046,2,0x7853340d02,66,1865,0,1,5183,2047,10.9990,2046,1,5179
2624000,2048,1,1,0,167935999,1,167938047,0,2047,10.9990,2046,2,0x06f707e216,0,1,0,1,5184,2047,10.9990,2046,1,5180
2625000,2048,1,1,0,167999488,1,168001536,0,2046,10.9980,2044,2,0x1fe214d380,77,1845,0,2,5186,2046,10.9980,2044,2,5182
2626000,2048,1,1,0,168062976,1,168065024,0,2047,10.9990,2046,2,0x561d95f8b9,66,1835,0,1,5187,2047,10.9990,2046,1,5183
2627000,2048,1,1,0,168126464,1,168128512,0,2047,10.9990,2046,2,0x5decc5dad4,73,1859,0,1,5188,2047,10.9990,2046,1,5184
2628000,2048,1,1,0,168191999,1,168194047,0,2046,10.9980,2044,2,0x32123e36ee,0,0,0,2,5190,2046,10.9980,2044,2,5186
2629000,2048,1,1,0,168255488,1,168257536,0,2044,10.9961,2040,2,0xbd8b8831b1,67,1855,0,4,5194,2044,10.9961,2040,4,5190
2630000,2048,1,1,0,168318976,1,168321024,0,2046,10.9980,2044,2,0x8c027deb19,66,1851,0,2,5196,2046,10.9980,2044,2,5192
2631000,2048,1,1,0,168382464,1,168384512,0,2048,11.0000,2048,1,0x20b86864a5,57,1865,0,0,5196,2048,11.0000,2048,0,5192
2632000,2048,1,1,0,168447999,1,168450047,0,2047,10.9990,2046,2,0x3e0a1516c1,0,1,0,1,5197,2047,10.9990,2046,1,5193
2633000,2048,1,1,0,168511488,1,168513536,0,2046,10.9980,2044,2,0x4859c99417,57,1829,0,2,5199,2046,10.9980,2044,2,5195
2634000,2048,1,1,0,168574976,1,168577024,0,2045,10.9971,2042,2,0xe1d6de6250,70,1852,0,3,5202,2045,10.9971,2042,3,5198
2635000,2048,1,1,0,168638464,1,168640512,0,2048,11.0000,2048,1,0xc20ebbf42e,59,1854,0,0,5202,2048,11.0000,2048,0,5198
2636000,2048,1,1,0,168703999,1,168706047,0,2045,10.9971,2042,2,0x9fd6ed12ec,0,1,0,3,5205,2045,10.9971,2042,3,5201
2637000,2048,1,1,0,168767488,1,168769536,0,2047,10.9990,2046,2,0xfee7d2a50c,61,1856,0,1,5206,2047,10.9990,2046,1,5202
2638000,2048,1,1,0,168830976,1,168833024,0,2046,10.9980,2044,2,0xcb5c42bb27,59,1818,0,2,5208,2046,10.9980,2044,2,5204
2639000,2048,1,1,0,168894464,1,168896512,0,2047,10.9990,2046,2,0x4446282392,57,1857,0,1,5209,2047,10.9990,2046,1,5205
2640000,2048,1,1,0,168959999,1,168962047,0,2046,10.9980,2044,2,0x845565df16,0,0,0,2,5211,2046,10.9980,2044,2,5207
2641000,2048,1,1,0,169023488,1,169025536,0,2046,10.9980,2044,2,0x6a38c1f6f1,67,1860,0,2,5213,2046,10.9980,2044,2,5209
2642000,2048,1,1,0,169086976,1,169089024,0,2045,10.9971,2042,2,0x00d4b8c2bc,64,1861,0,3,5216,2045,10.9971,2042,3,5212
2643000,2048,1,1,0,169150464,1,169152512,0,2045,10.9971,2042,2,0x44324f1258,67,1863,0,3,5219,2045,10.9971,2042,3,5215
2644000,2048,1,1,0,169215999,1,169218047,0,2046,10.9980,2044,2,0x96bc85d623,0,1,0,2,5221,2046,10.9980,2044,2,5217
2645000,2048,1,1,0,169279488,1,169281536,0,2046,10.9980,2044,2,0xe7bf912310,63,1832,0,2,5223,2046,10.9980,2044,2,5219
2646000,2048,1,1,0,169342976,1,169345024,0,2045,10.9971,2042,2,0x0d697c2ce0,65,1869,0,3,5226,2045,10.9971,2042,3,5222
2647000,2048,1,1,0,169406464,1,169408512,0,2042,10.9941,2036,2,0xbb3536a1c1,46,1828,0,6,5232,2042,10.9941,2036,6,5228
2648000,2048,1,1,0,169471999,1,169474047,0,2046,10.9980,2044,2,0x2935c14739,0,1,0,2,5234,2046,10.9980,2044,2,5230
2649000,2048,1,1,0,169535488,1,169537536,0,2045,10.9971,2042,2,0x9348a5d904,61,1855,0,3,5237,2045,10.9971,2042,3,5233
2650000,2048,1,1,0,169598976,1,169601024,0,2047,10.9990,2046,2,0xc348d038ca,69,1854,0,1,5238,2047,10.9990,2046,1,5234
2651000,2048,1,1,0,169662464,1,169664512,0,2045,10.9971,2042,2,0x679722f083,64,1860,0,3,5241,2045,10.9971,2042,3,5237
2652000,2048,1,1,0,169727999,1,169730047,0,2046,10.9980,2044,2,0xefbf0ef048,0,1,0,2,5243,2046,10.9980,2044,2,5239
2653000,2048,1,1,0,169791488,1,169793536,0,2046,10.9980,2044,2,0x01dd752f5f,48,1839,0,2,5245,2046,10.9980,2044,2,5241
2654000,2048,1,1,0,169854976,1,169857024,0,2046,10.9980,2044,2,0x42ab53b118,60,1839,0,2,5247,2046,10.9980,2044,2,5243
2655000,2048,1,1,0,169918464,1,169920512,0,2045,10.9971,2042,2,0x10fd9679ba,65,1843,0,3,5250,2045,10.9971,2042,3,5246
2656000,2048,1,1,0,169983999,1,169986047,0,2046,10.9980,2044,2,0x92b8313c78,0,0,0,2,5252,2046,10.9980,2044,2,5248
2657000,2048,1,1,0,170047488,1,170049536,0,2046,10.9980,2044,2,0x959487426d,57,1868,0,2,5254,2046,10.9980,2044,2,5250
2658000,2048,1,1,0,170110976,1,170113024,0,2044,10.9961,2040,2,0x95c4da71ec,60,1842,0,4,5258,2044,10.9961,2040,4,5254
2659000,2048,1,1,0,170174464,1,170176512,0,2047,10.9990,2046,2,0x02379622fb,62,1876,0,1,5259,2047,10.9990,2046,1,5255
2660000,2048,1,1,0,170239999,1,170242047,0,2043,10.9951,2038,2,0xbcc26ccba9,0,1,0,5,5264,2043,10.9951,2038,5,5260
2661000,2048,1,1,0,170303488,1,170305536,0,2046,10.9980,2044,2,0x32c578e154,55,1834,0,2,5266,2046,10.9980,2044,2,5262
2662000,2048,1,1,0,170366976,1,170369024,0,2048,11.0000,2048,1,0x9877896196,67,1856,0,0,5266,2048,11.0000,2048,0,5262
2663000,2048,1,1,0,170430464,1,170432512,0,2046,10.9980,2044,2,0xa1b60b3cb2,59,1846,0,2,5268,2046,10.9980,2044,2,5264
2664000,2048,1,1,0,170495999,1,170498047,0,2046,10.9980,2044,2,0x4e861eaf60,0,1,0,2,5270,2046,10.9980,2044,2,5266
2665000,2048,1,1,0,170559488,1,170561536,0,2046,10.9980,2044,2,0xff8ee89848,60,1835,0,2,5272,2046,10.9980,2044,2,5268
2666000,2048,1,1,0,170622976,1,170625024,0,2046,10.9980,2044,2,0xec56b2addf,69,1841,0,2,5274,2046,10.9980,2044,2,5270
2667000,2048,1,1,0,170686464,1,170688512,0,2046,10.9980,2044,2,0xdcde693247,59,1868,0,2,5276,2046,10.9980,2044,2,5272
2668000,2048,1,1,0,170751999,1,170754047,0,2045,10.9971,2042,2,0x9af98ba06b,0,1,0,3,5279,2045,10.9971,2042,3,5275
2669000,2048,1,1,0,170815488,1,170817536,0,2045,10.9971,2042,2,0xb368709d59,59,1847,0,3,5282,2045,10.9971,2042,3,5278
2670000,2048,1,1,0,170878976,1,170881024,0,2046,10.9980,2044,2,0xfc56df9817,70,1858,0,2,5284,2046,10.9980,2044,2,5280
2671000,2048,1,1,0,170942464,1,170944512,0,2048,11.0000,2048,1,0x63b64c4f87,70,1857,0,0,5284,2048,11.0000,2048,0,5280
2672000,2048,1,1,0,171007999,1,171010047,0,2048,11.0000,2048,1,0x3091bc8ccb,0,1,0,0,5284,2048,11.0000,2048,0,5280
2673000,2048,1,1,0,171071488,1,171073536,0,2048,11.0000,2048,1,0x24d2f58150,66,1836,0,0,5284,2048,11.0000,2048,0,5280
2674000,2048,1,1,0,171134976,1,171137024,0,2046,10.9980,2044,2,0xe7509a04da,64,1847,0,2,5286,2046,10.9980,2044,2,5282
2675000,2048,1,1,0,171198464,1,171200512,0,2047,10.9990,2046,2,0x7eac039d39,72,1826,0,1,5287,2047,10.9990,2046,1,5283
2676000,2048,1,1,0,171263999,1,171266047,0,2046,10.9980,2044,2,0x4b0054497c,0,1,0,2,5289,2046,10.9980,2044,2,5285
2677000,2048,1,1,0,171327488,1,171329536,0,2046,10.9980,2044,2,0xd92ec342bd,70,1850,0,2,5291,2046,10.9980,2044,2,5287
2678000,2048,1,1,0,171390976,1,171393024,0,2044,10.9961,2040,2,0x244984733b,78,1856,0,4,5295,2044,10.9961,2040,4,5291
2679000,2048,1,1,0,171454464,1,171456512,0,2047,10.9990,2046,2,0x32aa141a75,62,1873,0,1,5296,2047,10.9990,2046,1,5292
2680000,2048,1,1,0,171519999,1,171522047,0,2045,10.9971,2042,2,0x362a834e8e,0,1,0,3,5299,2045,10.9971,2042,3,5295
2681000,2048,1,1,0,171583488,1,171585536,0,2043,10.9951,2038,2,0x01049ef4a6,65,1867,0,5,5304,2043,10.9951,2038,5,5300
2682000,2048,1,1,0,171646976,1,171649024,0,2046,10.9980,2044,2,0x0bb142d724,51,1874,0,2,5306,2046,10.9980,2044,2,5302
2683000,2048,1,1,0,171710464,1,171712512,0,2047,10.9990,2046,2,0x0a6f8ab7f9,68,1847,0,1,5307,2047,10.9990,2046,1,5303
2684000,2048,1,1,0,171775999,1,171778047,0,2046,10.9980,2044,2,0x8b26673114,0,1,0,2,5309,2046,10.9980,2044,2,5305
2685000,2048,1,1,0,171839488,1,171841536,0,2045,10.9971,2042,2,0xeefbb8c9cd,61,1834,0,3,5312,2045,10.9971,2042,3,5308
2686000,2048,1,1,0,171902976,1,171905024,0,2047,10.9990,2046,2,0x8c376575af,76,1867,0,1,5313,2047,10.9990,2046,1,5309
2687000,2048,1,1,0,171966464,1,171968512,0,2048,11.0000,2048,1,0x6d6efc43e2,65,1847,0,0,5313,2048,11.0000,2048,0,5309
2688000,2048,1,1,0,172031999,1,172034047,0,2046,10.9980,2044,2,0x3b828f1dae,0,1,0,2,5315,2046,10.9980,2044,2,5311
2689000,2048,1,1,0,172095488,1,172097536,0,2045,10.9971,2042,2,0x5c84e5588f,71,1857,0,3,5318,2045,10.9971,2042,3,5314
2690000,2048,1,1,0,172158976,1,172161024,0,2047,10.9990,2046,2,0xd7191d9d97,71,1859,0,1,5319,2047,10.9990,2046,1,5315
2691000,2048,1,1,0,172222464,1,172224512,0,2046,10.9980,2044,2,0xb04032008a,55,1864,0,2,5321,2046,10.9980,2044,2,5317
2692000,2048,1,1,0,172287999,1,172290047,0,2047,10.9990,2046,2,0x576faf2bc8,0,1,0,1,5322,2047,10.9990,2046,1,5318
2693000,2048,1,1,0,172351488,1,172353536,0,2048,11.0000,2048,1,0x2f3cbb0905,75,1851,0,0,5322,2048,11.0000,2048,0,5318
2694000,2048,1,1,0,172414976,1,172417024,0,2043,10.9951,2038,2,0x561dd3d059,75,1846,0,5,5327,2043,10.9951,2038,5,5323
2695000,2048,1,1,0,172478464,1,172480512,0,2046,10.9980,2044,2,0xdb922d0432,54,1857,0,2,5329,2046,10.9980,2044,2,5325
2696000,2048,1,1,0,172543999,1,172546047,0,2045,10.9971,2042,2,0x66303b0d4d,0,0,0,3,5332,2045,10.9971,2042,3,5328
2697000,2048,1,1,0,172607488,1,172609536,0,2047,10.9990,2046,2,0x3311cb39ae,56,1860,0,1,5333,2047,10.9990,2046,1,5329
2698000,2048,1,1,0,172670976,1,172673024,0,2046,10.9980,2044,2,0x8e79560189,75,1835,0,2,5335,2046,10.9980,2044,2,5331
2699000,2048,1,1,0,172734464,1,172736512,0,2044,10.9961,2040,2,0x1e4e86651b,73,1854,0,4,5339,2044,10.9961,2040,4,5335
2700000,2048,1,1,0,172799999,1,172802047,0,2046,10.9980,2044,2,0x51fb69ce40,0,1,0,2,5341,2046,10.9980,2044,2,5337
2701000,2048,1,1,0,172863488,1,172865536,0,2046,10.9980,2044,2,0x4e8df9b890,85,1827,0,2,5343,2046,10.9980,2044,2,5339
2702000,2048,1,1,0,172926976,1,172929024,0,2044,10.9961,2040,2,0x90c09b6094,61,1850,0,4,5347,2044,10.9961,2040,4,5343
2703000,2048,1,1,0,172990464,1,172992512,0,2046,10.9980,2044,2,0x00d78f42ae,66,1851,0,2,5349,2046,10.9980,2044,2,5345
2704000,2048,1,1,0,173055999,1,173058047,0,2047,10.9990,2046,2,0x286b65cd22,0,1,0,1,5350,2047,10.9990,2046,1,5346
2705000,2048,1,1,0,173119488,1,173121536,0,2046,10.9980,2044,2,0x48e1c37f75,60,1858,0,2,5352,2046,10.9980,2044,2,5348
2706000,2048,1,1,0,173182976,1,173185024,0,2043,10.9951,2038,2,0x746b588c70,71,1853,0,5,5357,2043,10.9951,2038,5,5353
2707000,2048,1,1,0,173246464,1,173248512,0,2039,10.9912,2030,2,0xeafb02b0c2,57,1855,0,9,5366,2039,10.9912,2030,9,5362
2708000,2048,1,1,0,173311999,1,173314047,0,2047,10.9990,2046,2,0xc10db6adfd,0,1,0,1,5367,2047,10.9990,2046,1,5363
2709000,2048,1,1,0,173375488,1,173377536,0,2048,11.0000,2048,1,0x3e71f8a3ec,63,1841,0,0,5367,2048,11.0000,2048,0,5363
2710000,2048,1,1,0,173438976,1,173441024,0,2046,10.9980,2044,2,0x0a94ecdb03,58,1840,0,2,5369,2046,10.9980,2044,2,5365
2711000,2048,1,1,0,173502464,1,173504512,0,2046,10.9980,2044,2,0x4287390506,68,1823,0,2,5371,2046,10.9980,2044,2,5367
2712000,2048,1,1,0,173567999,1,173570047,0,2044,10.9961,2040,2,0x5db598e694,0,1,0,4,5375,2044,10.9961,2040,4,5371
2713000,2048,1,1,0,173631488,1,173633536,0,2047,10.9990,2046,2,0x6735a828f0,59,1839,0,1,5376,2047,10.9990,2046,1,5372
2714000,2048,1,1,0,173694976,1,173697024,0,2047,10.9990,2046,2,0x45f1e50e39,52,1831,0,1,5377,2047,10.9990,2046,1,5373
2715000,2048,1,1,0,173758464,1,173760512,0,2045,10.9971,2042,2,0x0da94875ee,58,1850,0,3,5380,2045,10.9971,2042,3,5376
2716000,2048,1,1,0,173823999,1,173826047,0,2040,10.9922,2032,2,0x7a3c93dabe,0,1,0,8,5388,2040,10.9922,2032,8,5384
2717000,2048,1,1,0,173887488,1,173889536,0,2045,10.9971,2042,2,0x1ebe25cb51,57,1859,0,3,5391,2045,10.9971,2042,3,5387
2718000,2048,1,1,0,173950976,1,173953024,0,2046,10.9980,2044,2,0x700b704c2b,75,1868,0,2,5393,2046,10.9980,2044,2,5389
2719000,2048,1,1,0,174014464,1,174016512,0,2047,10.9990,2046,2,0xd47a0acad0,72,1836,0,1,5394,2047,10.9990,2046,1,5390
2720000,2048,1,1,0,174079999,1,174082047,0,2047,10.9990,2046,2,0x2d7bc7aeb7,0,1,0,1,5395,2047,10.9990,2046,1,5391
2721000,2048,1,1,0,174143488,1,174145536,0,2045,10.9971,2042,2,0xb715897a58,66,1826,0,3,5398,2045,10.9971,2042,3,5394
2722000,2048,1,1,0,174206976,1,174209024,0,2045,10.9971,2042,2,0x63a88d198f,64,1827,0,3,5401,2045,10.9971,2042,3,5397
2723000,2048,1,1,0,174270464,1,174272512,0,2044,10.9961,2040,2,0x11bbe23299,61,1846,0,4,5405,2044,10.9961,2040,4,5401
2724000,2048,1,1,0,174335999,1,174338047,0,2048,11.0000,2048,1,0x7eb8801808,0,1,0,0,5405,2048,11.0000,2048,0,5401
2725000,2048,1,1,0,174399488,1,174401536,0,2047,10.9990,2046,2,0x9f87115b40,55,1841,0,1,5406,2048,11.0000,2048,0,5401
2726000,2048,1,1,0,174462976,1,174465024,0,2047,10.9990,2046,2,0x4d38092b87,70,1858,0,1,5407,2047,10.9990,2046,1,5402
2727000,2048,1,1,0,174526464,1,174528512,0,2044,10.9961,2040,2,0x0aa6bf120d,60,1835,0,4,5411,2044,10.9961,2040,4,5406
2728000,2048,1,1,0,174591999,1,174594047,0,2047,10.9990,2046,2,0x4da4f47d08,0,1,0,1,5412,2047,10.9990,2046,1,5407
2729000,2048,1,1,0,174655488,1,174657536,0,2046,10.9980,2044,2,0x763042f74d,61,1830,0,2,5414,2046,10.9980,2044,2,5409
2730000,2048,1,1,0,174718976,1,174721024,0,2044,10.9961,2040,2,0x3f76e61542,74,1838,0,4,5418,2044,10.9961,2040,4,5413
2731000,2048,1,1,0,174782464,1,174784512,0,2046,10.9980,2044,2,0x61065369b5,75,1843,0,2,5420,2046,10.9980,2044,2,5415
2732000,2048,1,1,0,174847999,1,174850047,0,2047,10.9990,2046,2,0x1de96cd524,0,1,0,1,5421,2047,10.9990,2046,1,5416
2733000,2048,1,1,0,174911488,1,174913536,0,2045,10.9971,2042,2,0x81a2b03b6b,72,1842,0,3,5424,2045,10.9971,2042,3,5419
2734000,2048,1,1,0,174974976,1,174977024,0,2046,10.9980,2044,2,0xf4612183e1,59,1832,0,2,5426,2046,10.9980,2044,2,5421
2735000,2048,1,1,0,175038464,1,175040512,0,2046,10.9980,2044,2,0x4c65ff60c1,58,1846,0,2,5428,2046,10.9980,2044,2,5423
2736000,2048,1,1,0,175103999,1,175106047,0,2043,10.9951,2038,2,0x34501ded06,0,1,0,5,5433,2043,10.9951,2038,5,5428
2737000,2048,1,1,0,175167488,1,175169536,0,2047,10.9990,2046,2,0x8b42bdeb2e,61,1822,0,1,5434,2047,10.9990,2046,1,5429
2738000,2048,1,1,0,175230976,1,175233024,0,2044,10.9961,2040,2,0x03462e176e,62,1851,0,4,5438,2044,10.9961,2040,4,5433
2739000,2048,1,1,0,175294464,1,175296512,0,2046,10.9980,2044,2,0x9c5b858077,68,1852,0,2,5440,2046,10.9980,2044,2,5435
2740000,2048,1,1,0,175359999,1,175362047,0,2047,10.9990,2046,2,0xc6f35a3ed1,0,1,0,1,5441,2047,10.9990,2046,1,5436
2741000,2048,1,1,0,175423488,1,175425536,0,2044,10.9961,2040,2,0xd42d775f59,47,1849,0,4,5445,2045,10.9971,2042,3,5439
2742000,2048,1,1,0,175486976,1,175489024,0,2044,10.9961,2040,2,0xbcc2532aa6,51,1837,0,4,5449,2044,10.9961,2040,4,5443
2743000,2048,1,1,0,175550464,1,175552512,0,2046,10.9980,2044,2,0x4dbee081ab,67,1858,0,2,5451,2046,10.9980,2044,2,5445
2744000,2048,1,1,0,175615999,1,175618047,0,2047,10.9990,2046,2,0xfce2a302e6,0,1,0,1,5452,2047,10.9990,2046,1,5446
2745000,2048,1,1,0,175679488,1,175681536,0,2044,10.9961,2040,2,0xf7b94eccbf,68,1861,0,4,5456,2044,10.9961,2040,4,5450
2746000,2048,1,1,0,175742976,1,175745024,0,2044,10.9961,2040,2,0xddfb5e3287,75,1861,0,4,5460,2044,10.9961,2040,4,5454
2747000,2048,1,1,0,175806464,1,175808512,0,2045,10.9971,2042,2,0xc7821fb794,63,1822,0,3,5463,2045,10.9971,2042,3,5457
2748000,2048,1,1,0,175871999,1,175874047,0,2047,10.9990,2046,2,0xa7ca579b5d,0,1,0,1,5464,2047,10.9990,2046,1,5458
2749000,2048,1,1,0,175935488,1,175937536,0,2047,10.9990,2046,2,0x602dd7063e,60,1837,0,1,5465,2047,10.9990,2046,1,5459
2750000,2048,1,1,0,175998976,1,176001024,0,2044,10.9961,2040,2,0xb4fded0457,59,1841,0,4,5469,2044,10.9961,2040,4,5463
2751000,2048,1,1,0,176062464,1,176064512,0,2047,10.9990,2046,2,0x909617c8cc,55,1858,0,1,5470,2047,10.9990,2046,1,5464
2752000,2048,1,1,0,176127999,1,176130047,0,2044,10.9961,2040,2,0x262601b6c1,0,1,0,4,5474,2044,10.9961,2040,4,5468
2753000,2048,1,1,0,176191488,1,176193536,0,2048,11.0000,2048,1,0x1189c4142c,62,1863,0,0,5474,2048,11.0000,2048,0,5468
2754000,2048,1,1,0,176254976,1,176257024,0,2047,10.9990,2046,2,0x6caf854afd,56,1845,0,1,5475,2047,10.9990,2046,1,5469
2755000,2048,1,1,0,176318464,1,176320512,0,2044,10.9961,2040,2,0x99cbd5d2ba,54,1864,0,4,5479,2044,10.9961,2040,4,5473
2756000,2048,1,1,0,176383999,1,176386047,0,2046,10.9980,2044,2,0x93aeaf5743,0,1,0,2,5481,2046,10.9980,2044,2,5475
2757000,2048,1,1,0,176447488,1,176449536,0,2045,10.9971,2042,2,0xf63b0c9308,71,1845,0,3,5484,2045,10.9971,2042,3,5478
2758000,2048,1,1,0,176510976,1,176513024,0,2048,11.0000,2048,1,0xe11fbe7b4b,67,1832,0,0,5484,2048,11.0000,2048,0,5478
2759000,2048,1,1,0,176574464,1,176576512,0,2046,10.9980,2044,2,0x9ef63aaf6f,51,1853,0,2,5486,2046,10.9980,2044,2,5480
2760000,2048,1,1,0,176639999,1,176642047,0,2048,11.0000,2048,1,0x7d9e3008e9,0,1,0,0,5486,2048,11.0000,2048,0,5480
2761000,2048,1,1,0,176703488,1,176705536,0,2044,10.9961,2040,2,0x420883296a,65,1857,0,4,5490,2044,10.9961,2040,4,5484
2762000,2048,1,1,0,176766976,1,176769024,0,2047,10.9990,2046,2,0x351d1ea673,51,1848,0,1,5491,2047,10.9990,2046,1,5485
2763000,2048,1,1,0,176830464,1,176832512,0,2045,10.9971,2042,2,0xbab0133bd3,65,1835,0,3,5494,2045,10.9971,2042,3,5488
2764000,2048,1,1,0,176895999,1,176898047,0,2047,10.9990,2046,2,0x2dc36b4a9c,0,0,0,1,5495,2047,10.9990,2046,1,5489
2765000,2048,1,1,0,176959488,1,176961536,0,2044,10.9961,2040,2,0xda2c5a0e3f,55,1849,0,4,5499,2044,10.9961,2040,4,5493
2766000,2048,2,2,0,177022975,2,177025023,0,2047,10.9990,2046,2,0x2dfd9ff8f0,58,1877,0,1,5500,2047,10.9990,2046,1,5494
2767000,2048,2,2,0,177086463,2,177088511,0,2044,10.9961,2040,2,0x29f65504e8,65,1867,0,4,5504,2044,10.9961,2040,4,5498
2768000,2048,2,2,0,177151998,2,177154046,0,2046,10.9980,2044,2,0x5167aeb66c,0,1,0,2,5506,2046,10.9980,2044,2,5500
2769000,2048,2,2,0,177215487,2,177217535,0,2046,10.9980,2044,2,0x34de40192a,72,1847,0,2,5508,2046,10.9980,2044,2,5502
2770000,2048,2,2,0,177278975,2,177281023,0,2046,10.9980,2044,2,0x401b8dce2c,79,1851,0,2,5510,2046,10.9980,2044,2,5504
2771000,2048,2,2,0,177342463,2,177344511,0,2041,10.9932,2034,2,0x9786f2c7c5,70,1837,0,7,5517,2041,10.9932,2034,7,5511
2772000,2048,2,2,0,177407998,2,177410046,0,2047,10.9990,2046,2,0x71855ad180,0,1,0,1,5518,2047,10.9990,2046,1,5512
2773000,2048,2,2,0,177471487,2,177473535,0,2044,10.9961,2040,2,0xc5cfadffa2,61,1836,0,4,5522,2044,10.9961,2040,4,5516
2774000,2048,2,2,0,177534975,2,177537023,0,2046,10.9980,2044,2,0xa6b16bc04a,68,1861,0,2,5524,2046,10.9980,2044,2,5518
2775000,2048,2,2,0,177598463,2,177600511,0,2047,10.9990,2046,2,0x6de52d62aa,56,1818,0,1,5525,2047,10.9990,2046,1,5519
2776000,2048,2,2,0,177663998,2,177666046,0,2047,10.9990,2046,2,0xc0ac7f2b48,0,1,0,1,5526,2047,10.9990,2046,1,5520
2777000,2048,2,2,0,177727487,2,177729535,0,2046,10.9980,2044,2,0x2052ffd1d1,73,1865,0,2,5528,2046,10.9980,2044,2,5522
2778000,2048,2,2,0,177790975,2,177793023,0,2047,10.9990,2046,2,0x1ee1967b9d,68,1823,0,1,5529,2047,10.9990,2046,1,5523
2779000,2048,2,2,0,177854463,2,177856511,0,2044,10.9961,2040,2,0xb0f52782ca,77,1847,0,4,5533,2044,10.9961,2040,4,5527
2780000,2048,2,2,0,177919998,2,177922046,0,2047,10.9990,2046,2,0x8b32c21afa,0,1,0,1,5534,2047,10.9990,2046,1,5528
2781000,2048,2,2,0,177983487,2,177985535,0,2047,10.9990,2046,2,0x0ed2cb6ce5,72,1854,0,1,5535,2047,10.9990,2046,1,5529
2782000,2048,2,2,0,178046975,2,178049023,0,2045,10.9971,2042,2,0x5bf5a3f264,65,1861,0,3,5538,2045,10.9971,2042,3,5532
2783000,2048,2,2,0,178110463,2,178112511,0,2045,10.9971,2042,2,0x8b5095c7e2,71,1855,0,3,5541,2045,10.9971,2042,3,5535
2784000,2048,2,2,0,178175998,2,178178046,0,2044,10.9961,2040,2,0x06b6319164,0,1,0,4,5545,2044,10.9961,2040,4,5539
2785000,2048,2,2,0,178239487,2,178241535,0,2047,10.9990,2046,2,0x3c26235dbf,58,1854,0,1,5546,2047,10.9990,2046,1,5540
2786000,2048,2,2,0,178302975,2,178305023,0,2047,10.9990,2046,2,0x2aa45f3dc0,72,1824,0,1,5547,2047,10.9990,2046,1,5541
2787000,2048,2,2,0,178366463,2,178368511,0,2046,10.9980,2044,2,0xec639dd60a,66,1849,0,2,5549,2046,10.9980,2044,2,5543
2788000,2048,2,2,0,178431998,2,178434046,0,2045,10.9971,2042,2,0xf8a50266bd,0,1,0,3,5552,2045,10.9971,2042,3,5546
2789000,2048,2,2,0,178495487,2,178497535,0,2047,10.9990,2046,2,0x033ede6604,74,1852,0,1,5553,2047,10.9990,2046,1,5547
2790000,2048,2,2,0,178558975,2,178561023,0,2045,10.9971,2042,2,0xbc4b95d399,61,1832,0,3,5556,2045,10.9971,2042,3,5550
2791000,2048,2,2,0,178622463,2,178624511,0,2044,10.9961,2040,2,0xb731140a05,55,1848,0,4,5560,2044,10.9961,2040,4,5554
2792000,2048,2,2,0,178687998,2,178690046,0,2044,10.9961,2040,2,0x6767392034,0,1,0,4,5564,2044,10.9961,2040,4,5558
2793000,2048,2,2,0,178751487,2,178753535,0,2043,10.9951,2038,2,0x89f5135733,62,1839,0,5,5569,2043,10.9951,2038,5,5563
2794000,2048,2,2,0,178814975,2,178817023,0,2047,10.9990,2046,2,0x0a67605449,64,1855,0,1,5570,2047,10.9990,2046,1,5564
2795000,2048,2,2,0,178878463,2,178880511,0,2044,10.9961,2040,2,0x47fb157f33,42,1854,0,4,5574,2044,10.9961,2040,4,5568
2796000,2048,2,2,0,178943998,2,178946046,0,2046,10.9980,2044,2,0xd957d4dd94,0,0,0,2,5576,2046,10.9980,2044,2,5570
2797000,2048,2,2,0,179007487,2,179009535,0,2048,11.0000,2048,1,0x42f83dc63d,65,1856,0,0,5576,2048,11.0000,2048,0,5570
2798000,2048,2,2,0,179070975,2,179073023,0,2045,10.9971,2042,2,0x9b8ef65a6a,71,1873,0,3,5579,2045,10.9971,2042,3,5573
2799000,2048,2,2,0,179134463,2,179136511,0,2046,10.9980,2044,2,0xa29d802cd3,52,1833,0,2,5581,2046,10.9980,2044,2,5575
2800000,2048,2,2,0,179199998,2,179202046,0,2043,10.9951,2038,2,0xd5c35a37e3,0,1,0,5,5586,2043,10.9951,2038,5,5580
2801000,2048,2,2,0,179263487,2,179265535,0,2044,10.9961,2040,2,0xf0d99cc836,72,1837,0,4,5590,2044,10.9961,2040,4,5584
2802000,2048,2,2,0,179326975,2,179329023,0,2047,10.9990,2046,2,0xff88f763ed,72,1850,0,1,5591,2047,10.9990,2046,1,5585
2803000,2048,2,2,0,179390463,2,179392511,0,2048,11.0000,2048,1,0x179506c7f2,73,1837,0,0,5591,2048,11.0000,2048,0,5585
2804000,2048,2,2,0,179455998,2,179458046,0,2047,10.9990,2046,2,0x7d95de122c,0,1,0,1,5592,2047,10.9990,2046,1,5586
2805000,2048,2,2,0,179519487,2,179521535,0,2048,11.0000,2048,1,0x3682e92ff1,57,1841,0,0,5592,2048,11.0000,2048,0,5586
2806000,2048,2,2,0,179582975,2,179585023,0,2047,10.9990,2046,2,0x36320b1d3a,82,1839,0,1,5593,2047,10.9990,2046,1,5587
2807000,2048,2,2,0,179646463,2,179648511,0,2047,10.9990,2046,2,0xf3b5c1c72f,59,1818,0,1,5594,2047,10.9990,2046,1,5588
2808000,2048,2,2,0,179711998,2,179714046,0,2045,10.9971,2042,2,0xe862b932dc,0,1,0,3,5597,2045,10.9971,2042,3,5591
2809000,2048,2,2,0,179775487,2,179777535,0,2047,10.9990,2046,2,0xe037f46930,64,1826,0,1,5598,2047,10.9990,2046,1,5592
2810000,2048,2,2,0,179838975,2,179841023,0,2047,10.9990,2046,2,0xf7423ca77a,78,1851,0,1,5599,2047,10.9990,2046,1,5593
2811000,2048,2,2,0,179902463,2,179904511,0,2043,10.9951,2038,2,0x3a69fa3d7c,59,1843,0,5,5604,2043,10.9951,2038,5,5598
2812000,2048,2,2,0,179967998,2,179970046,0,2045,10.9971,2042,2,0x45dabfb7dd,0,1,0,3,5607,2045,10.9971,2042,3,5601
2813000,2048,2,2,0,180031487,2,180033535,0,2048,11.0000,2048,1,0x67f148444c,66,1852,0,0,5607,2048,11.0000,2048,0,5601
2814000,2048,2,2,0,180094975,2,180097023,0,2048,11.0000,2048,1,0xce5447c7e0,67,1857,0,0,5607,2048,11.0000,2048,0,5601
2815000,2048,2,2,0,180158463,2,180160511,0,2048,11.0000,2048,1,0x0099ddb039,65,1824,0,0,5607,2048,11.0000,2048,0,5601
2816000,2048,2,2,0,180223998,2,180226046,0,2043,10.9951,2038,2,0x44daab3c0b,0,0,0,5,5612,2043,10.9951,2038,5,5606
2817000,2048,2,2,0,180287487,2,180289535,0,2046,10.9980,2044,2,0x1de8018e59,77,1826,0,2,5614,2046,10.9980,2044,2,5608
2818000,2048,2,2,0,180350975,2,180353023,0,2045,10.9971,2042,2,0xb2eefbe3ee,73,1862,0,3,5617,2045,10.9971,2042,3,5611
2819000,2048,2,2,0,180414463,2,180416511,0,2048,11.0000,2048,1,0xeb56857642,71,1817,0,0,5617,2048,11.0000,2048,0,5611
2820000,2048,2,2,0,180479998,2,180482046,0,2045,10.9971,2042,2,0xae17bd2e7e,0,0,0,3,5620,2045,10.9971,2042,3,5614
2821000,2048,2,2,0,180543487,2,180545535,0,2048,11.0000,2048,1,0x18aba703d3,59,1838,0,0,5620,2048,11.0000,2048,0,5614
2822000,2048,2,2,0,180606975,2,180609023,0,2048,11.0000,2048,1,0xdd3c2237a5,51,1846,0,0,5620,2048,11.0000,2048,0,5614
2823000,2048,2,2,0,180670463,2,180672511,0,2048,11.0000,2048,1,0xeec965fb37,77,1834,0,0,5620,2048,11.0000,2048,0,5614
2824000,2048,2,2,0,180735998,2,180738046,0,2046,10.9980,2044,2,0xa4072b39b3,0,1,0,2,5622,2046,10.9980,2044,2,5616
2825000,2048,2,2,0,180799487,2,180801535,0,2046,10.9980,2044,2,0x5ecb7f0bfd,58,1856,0,2,5624,2046,10.9980,2044,2,5618
2826000,2048,2,2,0,180862975,2,180865023,0,2048,11.0000,2048,1,0xb55d51e968,71,1852,0,0,5624,2048,11.0000,2048,0,5618
2827000,2048,2,2,0,180926463,2,180928511,0,2046,10.9980,2044,2,0xeb07b1860e,66,1845,0,2,5626,2046,10.9980,2044,2,5620
2828000,2048,2,2,0,180991998,2,180994046,0,2048,11.0000,2048,1,0x1975c16f11,1,1,0,0,5626,2048,11.0000,2048,0,5620
2829000,2048,2,2,0,181055487,2,181057535,0,2044,10.9961,2040,2,0xd45f9d8e29,64,1831,0,4,5630,2044,10.9961,2040,4,5624
2830000,2048,2,2,0,181118975,2,181121023,0,2045,10.9971,2042,2,0x25cf5ee02f,65,1851,0,3,5633,2045,10.9971,2042,3,5627
2831000,2048,2,2,0,181182463,2,181184511,0,2045,10.9971,2042,2,0x639e7cb5c2,57,1855,0,3,5636,2045,10.9971,2042,3,5630
2832000,2048,2,2,0,181247998,2,181250046,0,2047,10.9990,2046,2,0xfa48867885,0,0,0,1,5637,2047,10.9990,2046,1,5631
2833000,2048,2,2,0,181311487,2,181313535,0,2047,10.9990,2046,2,0x85decd22fc,69,1856,0,1,5638,2047,10.9990,2046,1,5632
2834000,2048,2,2,0,181374975,2,181377023,0,2047,10.9990,2046,2,0xb33795630a,70,1832,0,1,5639,2047,10.9990,2046,1,5633
2835000,2048,2,2,0,181438463,2,181440511,0,2047,10.9990,2046,2,0xd1663f68c5,65,1848,0,1,5640,2047,10.9990,2046,1,5634
2836000,2048,2,2,0,181503998,2,181506046,0,2048,11.0000,2048,1,0xcca27a1bc6,0,1,0,0,5640,2048,11.0000,2048,0,5634
2837000,2048,2,2,0,181567487,2,181569535,0,2046,10.9980,2044,2,0x812b1295de,72,1844,0,2,5642,2046,10.9980,2044,2,5636
2838000,2048,2,2,0,181630975,2,181633023,0,2047,10.9990,2046,2,0x7fed7de6f4,57,1840,0,1,5643,2047,10.9990,2046,1,5637
2839000,2048,2,2,0,181694463,2,181696511,0,2044,10.9961,2040,2,0xd1607009b7,77,1833,0,4,5647,2044,10.9961,2040,4,5641
2840000,2048,2,2,0,181759998,2,181762046,0,2047,10.9990,2046,2,0x4ee3ffb02c,0,1,0,1,5648,2047,10.9990,2046,1,5642
2841000,2048,2,2,0,181823487,2,181825535,0,2047,10.9990,2046,2,0x520b15a797,67,1843,0,1,5649,2047,10.9990,2046,1,5643
2842000,2048,2,2,0,181886975,2,181889023,0,2047,10.9990,2046,2,0xa0841486fa,81,1873,0,1,5650,2047,10.9990,2046,1,5644
2843000,2048,2,2,0,181950463,2,181952511,0,2044,10.9961,2040,2,0x02e4b570ab,65,1835,0,4,5654,2044,10.9961,2040,4,5648
2844000,2048,2,2,0,182015998,2,182018046,0,2048,11.0000,2048,1,0x0b5834e5b6,0,1,0,0,5654,2048,11.0000,2048,0,5648
2845000,2048,2,2,0,182079487,2,182081535,0,2047,10.9990,2046,2,0xca35e5f471,69,1850,0,1,5655,2047,10.9990,2046,1,5649
2846000,2048,2,2,0,182142975,2,182145023,0,2046,10.9980,2044,2,0x7344e4bbb6,82,1801,0,2,5657,2046,10.9980,2044,2,5651
2847000,2048,2,2,0,182206463,2,182208511,0,2047,10.9990,2046,2,0x69c70dc95d,55,1839,0,1,5658,2047,10.9990,2046,1,5652
2848000,2048,2,2,0,182271998,2,182274046,0,2045,10.9971,2042,2,0x4a93cf8d8a,0,1,0,3,5661,2045,10.9971,2042,3,5655
2849000,2048,2,2,0,182335487,2,182337535,0,2048,11.0000,2048,1,0x4f76457e58,56,1816,0,0,5661,2048,11.0000,2048,0,5655
2850000,2048,2,2,0,182398975,2,182401023,0,2046,10.9980,2044,2,0x137e68769b,68,1852,0,2,5663,2046,10.9980,2044,2,5657
2851000,2048,2,2,0,182462463,2,182464511,0,2047,10.9990,2046,2,0x383602adce,73,1860,0,1,5664,2047,10.9990,2046,1,5658
2852000,2048,2,2,0,182527998,2,182530046,0,2047,10.9990,2046,2,0x88dfd66749,0,1,0,1,5665,2047,10.9990,2046,1,5659
2853000,2048,2,2,0,182591487,2,182593535,0,2046,10.9980,2044,2,0x37b54697dc,64,1849,0,2,5667,2046,10.9980,2044,2,5661
2854000,2048,2,2,0,182654975,2,182657023,0,2047,10.9990,2046,2,0xe9ea30d066,57,1846,0,1,5668,2047,10.9990,2046,1,5662
2855000,2048,2,2,0,182718463,2,182720511,0,2047,10.9990,2046,2,0x9bac3497da,76,1820,0,1,5669,2047,10.9990,2046,1,5663
2856000,2048,2,2,0,182783998,2,182786046,0,2046,10.9980,2044,2,0x669103d16c,0,1,0,2,5671,2046,10.9980,2044,2,5665
2857000,2048,2,2,0,182847487,2,182849535,0,2047,10.9990,2046,2,0x65bbd9e483,71,1849,0,1,5672,2047,10.9990,2046,1,5666
2858000,2048,2,2,0,182910975,2,182913023,0,2047,10.9990,2046,2,0x39d17f23af,77,1866,0,1,5673,2047,10.9990,2046,1,5667
2859000,2048,2,2,0,182974463,2,182976511,0,2046,10.9980,2044,2,0x72d2a80a4f,65,1847,0,2,5675,2046,10.9980,2044,2,5669
2860000,2048,2,2,0,183039998,2,183042046,0,2047,10.9990,2046,2,0xe20a19e1d1,0,0,0,1,5676,2047,10.9990,2046,1,5670
2861000,2048,2,2,0,183103487,2,183105535,0,2041,10.9932,2034,2,0xf6390df652,85,1853,0,7,5683,2041,10.9932,2034,7,5677
2862000,2048,2,2,0,183166975,2,183169023,0,2047,10.9990,2046,2,0x3fd167079d,59,1863,0,1,5684,2047,10.9990,2046,1,5678
2863000,2048,2,2,0,183230463,2,183232511,0,2045,10.9971,2042,2,0xa34cef61cf,63,1839,0,3,5687,2045,10.9971,2042,3,5681
2864000,2048,2,2,0,183295998,2,183298046,0,2046,10.9980,2044,2,0x68a5f0ae4b,0,0,0,2,5689,2046,10.9980,2044,2,5683
2865000,2048,2,2,0,183359487,2,183361535,0,2048,11.0000,2048,1,0xe5c4dd25fc,72,1834,0,0,5689,2048,11.0000,2048,0,5683
2866000,2048,2,2,0,183422975,2,183425023,0,2048,11.0000,2048,1,0xbe418b9455,63,1861,0,0,5689,2048,11.0000,2048,0,5683
2867000,2048,2,2,0,183486463,2,183488511,0,2048,11.0000,2048,1,0x8459e00e06,68,1851,0,0,5689,2048,11.0000,2048,0,5683
2868000,2048,2,2,0,183551998,2,183554046,0,2046,10.9980,2044,2,0xdd5d12c343,0,1,0,2,5691,2046,10.9980,2044,2,5685
2869000,2048,2,2,0,183615487,2,183617535,0,2044,10.9961,2040,2,0xdfca79d796,70,1862,0,4,5695,2044,10.9961,2040,4,5689
2870000,2048,2,2,0,183678975,2,183681023,0,2046,10.9980,2044,2,0x7ca0debedd,55,1868,0,2,5697,2046,10.9980,2044,2,5691
2871000,2048,2,2,0,183742463,2,183744511,0,2043,10.9951,2038,2,0xc7847a7148,62,1855,0,5,5702,2043,10.9951,2038,5,5696
2872000,2048,2,2,0,183807998,2,183810046,0,2046,10.9980,2044,2,0xfeffe51ba5,0,1,0,2,5704,2046,10.9980,2044,2,5698
2873000,2048,2,2,0,183871487,2,183873535,0,2047,10.9990,2046,2,0x457ccfe11d,54,1836,0,1,5705,2047,10.9990,2046,1,5699
2874000,2048,2,2,0,183934975,2,183937023,0,2044,10.9961,2040,2,0x27c7ad9b4e,79,1848,0,4,5709,2044,10.9961,2040,4,5703
2875000,2048,2,2,0,183998463,2,184000511,0,2047,10.9990,2046,2,0xa56f54e41b,62,1845,0,1,5710,2047,10.9990,2046,1,5704
2876000,2048,2,2,0,184063998,2,184066046,0,2046,10.9980,2044,2,0xe8eacc9638,0,1,0,2,5712,2046,10.9980,2044,2,5706
2877000,2048,2,2,0,184127487,2,184129535,0,2045,10.9971,2042,2,0xfecc004f20,58,1858,0,3,5715,2045,10.9971,2042,3,5709
2878000,2048,2,2,0,184190975,2,184193023,0,2043,10.9951,2038,2,0xbd6ee66df9,63,1861,0,5,5720,2043,10.9951,2038,5,5714
2879000,2048,2,2,0,184254463,2,184256511,0,2047,10.9990,2046,2,0xff109de569,55,1859,0,1,5721,2047,10.9990,2046,1,5715
2880000,2048,2,2,0,184319998,2,184322046,0,2046,10.9980,2044,2,0xa78db36149,0,1,0,2,5723,2046,10.9980,2044,2,5717
2881000,2048,2,2,0,184383487,2,184385535,0,2046,10.9980,2044,2,0x4927f7fd2d,62,1845,0,2,5725,2046,10.9980,2044,2,5719
2882000,2048,2,2,0,184446975,2,184449023,0,2043,10.9951,2038,2,0x35a8255064,59,1849,0,5,5730,2043,10.9951,2038,5,5724
2883000,2048,2,2,0,184510463,2,184512511,0,2047,10.9990,2046,2,0x5cc3c62f73,70,1849,0,1,5731,2047,10.9990,2046,1,5725
2884000,2048,2,2,0,184575998,2,184578046,0,2046,10.9980,2044,2,0xab328e686e,0,1,0,2,5733,2046,10.9980,2044,2,5727
2885000,2048,2,2,0,184639487,2,184641535,0,2046,10.9980,2044,2,0xbdc6b02ab2,63,1854,0,2,5735,2046,10.9980,2044,2,5729
2886000,2048,2,2,0,184702975,2,184705023,0,2047,10.9990,2046,2,0x22f9da400a,55,1832,0,1,5736,2047,10.9990,2046,1,5730
2887000,2048,2,2,0,184766463,2,184768511,0,2045,10.9971,2042,2,0x99fdfaaf30,69,1858,0,3,5739,2045,10.9971,2042,3,5733
2888000,2048,2,2,0,184831998,2,184834046,0,2046,10.9980,2044,2,0x8f65bdbfab,0,1,0,2,5741,2046,10.9980,2044,2,5735
2889000,2048,2,2,0,184895487,2,184897535,0,2045,10.9971,2042,2,0x29b77508c6,73,1846,0,3,5744,2045,10.9971,2042,3,5738
2890000,2048,2,2,0,184958975,2,184961023,0,2048,11.0000,2048,1,0x912dbb447b,55,1838,0,0,5744,2048,11.0000,2048,0,5738
2891000,2048,2,2,0,185022463,2,185024511,0,2041,10.9932,2034,2,0x61a617fd8a,52,1835,0,7,5751,2041,10.9932,2034,7,5745
2892000,2048,2,2,0,185087998,2,185090046,0,2047,10.9990,2046,2,0xc2ab38878f,0,1,0,1,5752,2047,10.9990,2046,1,5746
2893000,2048,2,2,0,185151487,2,185153535,0,2044,10.9961,2040,2,0x377dfe821c,64,1815,0,4,5756,2044,10.9961,2040,4,5750
2894000,2048,2,2,0,185214975,2,185217023,0,2048,11.0000,2048,1,0x45a5fa1ba2,61,1855,0,0,5756,2048,11.0000,2048,0,5750
2895000,2048,2,2,0,185278463,2,185280511,0,2045,10.9971,2042,2,0xa1baeeb9c0,47,1842,0,3,5759,2045,10.9971,2042,3,5753
2896000,2048,2,2,0,185343998,2,185346046,0,2042,10.9941,2036,2,0xc626b913e0,0,1,0,6,5765,2042,10.9941,2036,6,5759
2897000,2048,2,2,0,185407487,2,185409535,0,2043,10.9951,2038,2,0x8227c00931,68,1843,0,5,5770,2043,10.9951,2038,5,5764
2898000,2048,2,2,0,185470975,2,185473023,0,2046,10.9980,2044,2,0x8c96228e69,55,1866,0,2,5772,2046,10.9980,2044,2,5766
2899000,2048,2,2,0,185534463,2,185536511,0,2048,11.0000,2048,1,0x117edc6f6c,63,1842,0,0,5772,2048,11.0000,2048,0,5766
2900000,2048,2,2,0,185599998,2,185602046,0,2047,10.9990,2046,2,0xa9c62579b4,0,1,0,1,5773,2047,10.9990,2046,1,5767
2901000,2048,2,2,0,185663487,2,185665535,0,2047,10.9990,2046,2,0x65003b6142,49,1846,0,1,5774,2047,10.9990,2046,1,5768
2902000,2048,2,2,0,185726975,2,185729023,0,2047,10.9990,2046,2,0x9096cf64dc,51,1840,0,1,5775,2047,10.9990,2046,1,5769
2903000,2048,2,2,0,185790463,2,185792511,0,2046,10.9980,2044,2,0x454b163901,70,1862,0,2,5777,2046,10.9980,2044,2,5771
2904000,2048,2,2,0,185855998,2,185858046,0,2047,10.9990,2046,2,0x106a0142ff,0,0,0,1,5778,2047,10.9990,2046,1,5772
2905000,2048,2,2,0,185919487,2,185921535,0,2043,10.9951,2038,2,0x6f51bbf1af,70,1849,0,5,5783,2043,10.9951,2038,5,5777
2906000,2048,2,2,0,185982975,2,185985023,0,2044,10.9961,2040,2,0x46ca569902,65,1836,0,4,5787,2044,10.9961,2040,4,5781
2907000,2048,2,2,0,186046463,2,186048511,0,2043,10.9951,2038,2,0xdfc2749ba8,69,1860,0,5,5792,2043,10.9951,2038,5,5786
2908000,2048,2,2,0,186111998,2,186114046,0,2045,10.9971,2042,2,0xdf3ac18895,0,1,0,3,5795,2045,10.9971,2042,3,5789
2909000,2048,2,2,0,186175487,2,186177535,0,2047,10.9990,2046,2,0x25f7ed8a7b,68,1846,0,1,5796,2047,10.9990,2046,1,5790
2910000,2048,2,2,0,186238975,2,186241023,0,2046,10.9980,2044,2,0xc50011f9e9,62,1836,0,2,5798,2046,10.9980,2044,2,5792
2911000,2048,2,2,0,186302463,2,186304511,0,2045,10.9971,2042,2,0x7d44b2a424,54,1852,0,3,5801,2046,10.9980,2044,2,5794
2912000,2048,2,2,0,186367998,2,186370046,0,2045,10.9971,2042,2,0x656cf90be9,0,1,0,3,5804,2045,10.9971,2042,3,5797
2913000,2048,2,2,0,186431487,2,186433535,0,2047,10.9990,2046,2,0x029b1f3205,66,1842,0,1,5805,2047,10.9990,2046,1,5798
2914000,2048,2,2,0,186494975,2,186497023,0,2047,10.9990,2046,2,0x5f74f90050,66,1856,0,1,5806,2047,10.9990,2046,1,5799
2915000,2048,2,2,0,186558463,2,186560511,0,2047,10.9990,2046,2,0xb3fef3b295,71,1851,0,1,5807,2047,10.9990,2046,1,5800
2916000,2048,2,2,0,186623998,2,186626046,0,2047,10.9990,2046,2,0x711c7f5ca2,0,1,0,1,5808,2047,10.9990,2046,1,5801
2917000,2048,2,2,0,186687487,2,186689535,0,2048,11.0000,2048,1,0x8d17159c7d,65,1867,0,0,5808,2048,11.0000,2048,0,5801
2918000,2048,2,2,0,186750975,2,186753023,0,2048,11.0000,2048,1,0x659ffe1393,81,1853,0,0,5808,2048,11.0000,2048,0,5801
2919000,2048,2,2,0,186814463,2,186816511,0,2045,10.9971,2042,2,0xeb3582de03,65,1835,0,3,5811,2045,10.9971,2042,3,5804
2920000,2048,2,2,0,186879998,2,186882046,0,2046,10.9980,2044,2,0x551a9601f3,0,1,0,2,5813,2046,10.9980,2044,2,5806
2921000,2048,2,2,0,186943487,2,186945535,0,2045,10.9971,2042,2,0x218c6f9019,57,1839,0,3,5816,2045,10.9971,2042,3,5809
2922000,2048,2,2,0,187006975,2,187009023,0,2046,10.9980,2044,2,0xddc849507a,61,1860,0,2,5818,2046,10.9980,2044,2,5811
2923000,2048,2,2,0,187070463,2,187072511,0,2045,10.9971,2042,2,0x944698181a,79,1853,0,3,5821,2045,10.9971,2042,3,5814
2924000,2048,2,2,0,187135998,2,187138046,0,2044,10.9961,2040,2,0x22a1fc9a2a,0,1,0,4,5825,2044,10.9961,2040,4,5818
2925000,2048,2,2,0,187199487,2,187201535,0,2043,10.9951,2038,2,0xb80abed50a,53,1853,0,5,5830,2043,10.9951,2038,5,5823
2926000,2048,2,2,0,187262975,2,187265023,0,2046,10.9980,2044,2,0x6f37d15a8d,74,1835,0,2,5832,2046,10.9980,2044,2,5825
2927000,2048,2,2,0,187326463,2,187328511,0,2045,10.9971,2042,2,0x73eb66f36a,62,1834,0,3,5835,2045,10.9971,2042,3,5828
2928000,2048,2,2,0,187391998,2,187394046,0,2043,10.9951,2038,2,0x0cc3942c86,0,1,0,5,5840,2043,10.9951,2038,5,5833
2929000,2048,2,2,0,187455487,2,187457535,0,2043,10.9951,2038,2,0x27280856dd,64,1843,0,5,5845,2043,10.9951,2038,5,5838
2930000,2048,2,2,0,187518975,2,187521023,0,2046,10.9980,2044,2,0xdba7e37c35,64,1817,0,2,5847,2046,10.9980,2044,2,5840
2931000,2048,2,2,0,187582463,2,187584511,0,2047,10.9990,2046,2,0x30484a57bf,62,1824,0,1,5848,2047,10.9990,2046,1,5841
2932000,2048,2,2,0,187647998,2,187650046,0,2047,10.9990,2046,2,0xec9339d47e,0,1,0,1,5849,2047,10.9990,2046,1,5842
2933000,2048,2,2,0,187711487,2,187713535,0,2047,10.9990,2046,2,0xe486a1cc3c,73,1836,0,1,5850,2047,10.9990,2046,1,5843
2934000,2048,2,2,0,187774975,2,187777023,0,2047,10.9990,2046,2,0x8649d49d3e,53,1872,0,1,5851,2047,10.9990,2046,1,5844
2935000,2048,2,2,0,187838463,2,187840511,0,2044,10.9961,2040,2,0x3f817a40f0,68,1818,0,4,5855,2044,10.9961,2040,4,5848
2936000,2048,2,2,0,187903998,2,187906046,0,2046,10.9980,2044,2,0x2e5f4e7325,0,1,0,2,5857,2046,10.9980,2044,2,5850
2937000,2048,2,2,0,187967487,2,187969535,0,2047,10.9990,2046,2,0x9993ac0d8a,68,1866,0,1,5858,2047,10.9990,2046,1,5851
2938000,2048,2,2,0,188030975,2,188033023,0,2048,11.0000,2048,1,0x48d500e52d,48,1867,0,0,5858,2048,11.0000,2048,0,5851
2939000,2048,2,2,0,188094463,2,188096511,0,2046,10.9980,2044,2,0x9a51dfe143,58,1830,0,2,5860,2046,10.9980,2044,2,5853
2940000,2048,2,2,0,188159998,2,188162046,0,2047,10.9990,2046,2,0xbc09aa32ad,0,1,0,1,5861,2047,10.9990,2046,1,5854
2941000,2048,2,2,0,188223487,2,188225535,0,2047,10.9990,2046,2,0x43f86840f1,69,1819,0,1,5862,2047,10.9990,2046,1,5855
2942000,2048,2,2,0,188286975,2,188289023,0,2044,10.9961,2040,2,0x295b5ed6c8,70,1871,0,4,5866,2044,10.9961,2040,4,5859
2943000,2048,2,2,0,188350463,2,188352511,0,2045,10.9971,2042,2,0x72c552092b,50,1838,0,3,5869,2045,10.9971,2042,3,5862
2944000,2048,2,2,0,188415998,2,188418046,0,2047,10.9990,2046,2,0xb4269cbd7a,0,1,0,1,5870,2047,10.9990,2046,1,5863
2945000,2048,2,2,0,188479487,2,188481535,0,2045,10.9971,2042,2,0xe4df28eb0a,73,1851,0,3,5873,2045,10.9971,2042,3,5866
2946000,2048,2,2,0,188542975,2,188545023,0,2047,10.9990,2046,2,0xaece2cbc4c,66,1841,0,1,5874,2047,10.9990,2046,1,5867
2947000,2048,2,2,0,188606463,2,188608511,0,2047,10.9990,2046,2,0x47adcaf359,57,1854,0,1,5875,2047,10.9990,2046,1,5868
2948000,2048,2,2,0,188671998,2,188674046,0,2048,11.0000,2048,1,0x9bfffcac3c,0,0,0,0,5875,2048,11.0000,2048,0,5868
2949000,2048,2,2,0,188735487,2,188737535,0,2047,10.9990,2046,2,0x504f306cfc,54,1843,0,1,5876,2047,10.9990,2046,1,5869
2950000,2048,2,2,0,188798975,2,188801023,0,2046,10.9980,2044,2,0x71f7acd2df,77,1830,0,2,5878,2046,10.9980,2044,2,5871
2951000,2048,2,2,0,188862463,2,188864511,0,2044,10.9961,2040,2,0x442a25b223,68,1842,0,4,5882,2044,10.9961,2040,4,5875
2952000,2048,2,2,0,188927998,2,188930046,0,2047,10.9990,2046,2,0xb47a16624e,0,1,0,1,5883,2047,10.9990,2046,1,5876
2953000,2048,2,2,0,188991487,2,188993535,0,2047,10.9990,2046,2,0xd84c7fe903,67,1887,0,1,5884,2047,10.9990,2046,1,5877
2954000,2048,2,2,0,189054975,2,189057023,0,2045,10.9971,2042,2,0xa21400315f,60,1821,0,3,5887,2045,10.9971,2042,3,5880
2955000,2048,2,2,0,189118463,2,189120511,0,2048,11.0000,2048,1,0x7cee33fcef,53,1833,0,0,5887,2048,11.0000,2048,0,5880
2956000,2048,2,2,0,189183998,2,189186046,0,2044,10.9961,2040,2,0x759e1a6222,0,1,0,4,5891,2044,10.9961,2040,4,5884
2957000,2048,2,2,0,189247487,2,189249535,0,2046,10.9980,2044,2,0xa8c220a9fd,65,1862,0,2,5893,2046,10.9980,2044,2,5886
2958000,2048,2,2,0,189310975,2,189313023,0,2044,10.9961,2040,2,0x40403a5080,71,1868,0,4,5897,2044,10.9961,2040,4,5890
2959000,2048,2,2,0,189374463,2,189376511,0,2047,10.9990,2046,2,0xb5bfbea070,52,1855,0,1,5898,2047,10.9990,2046,1,5891
2960000,2048,2,2,0,189439998,2,189442046,0,2045,10.9971,2042,2,0x31b32a1190,0,1,0,3,5901,2045,10.9971,2042,3,5894
2961000,2048,2,2,0,189503487,2,189505535,0,2045,10.9971,2042,2,0xc10b777ade,64,1843,0,3,5904,2045,10.9971,2042,3,5897
2962000,2048,2,2,0,189566975,2,189569023,0,2042,10.9941,2036,2,0x89afe35b20,72,1842,0,6,5910,2042,10.9941,2036,6,5903
2963000,2048,2,2,0,189630463,2,189632511,0,2047,10.9990,2046,2,0x87e2f022ca,54,1863,0,1,5911,2047,10.9990,2046,1,5904
2964000,2048,2,2,0,189695998,2,189698046,0,2044,10.9961,2040,2,0x3fc546b015,0,1,0,4,5915,2044,10.9961,2040,4,5908
2965000,2048,2,2,0,189759487,2,189761535,0,2047,10.9990,2046,2,0xc8345067ab,68,1835,0,1,5916,2047,10.9990,2046,1,5909
2966000,2048,2,2,0,189822975,2,189825023,0,2045,10.9971,2042,2,0xd2c3a83b1b,75,1856,0,3,5919,2045,10.9971,2042,3,5912
2967000,2048,2,2,0,189886463,2,189888511,0,2045,10.9971,2042,2,0x1dd53be83b,67,1835,0,3,5922,2045,10.9971,2042,3,5915
2968000,2048,2,2,0,189951998,2,189954046,0,2044,10.9961,2040,2,0xe49a4def77,0,1,0,4,5926,2044,10.9961,2040,4,5919
2969000,2048,2,2,0,190015487,2,190017535,0,2045,10.9971,2042,2,0x8405bfb4e0,71,1846,0,3,5929,2045,10.9971,2042,3,5922
2970000,2048,2,2,0,190078975,2,190081023,0,2045,10.9971,2042,2,0x084dc548a9,72,1839,0,3,5932,2045,10.9971,2042,3,5925
2971000,2048,2,2,0,190142463,2,190144511,0,2044,10.9961,2040,2,0x842dea2742,76,1836,0,4,5936,2044,10.9961,2040,4,5929
2972000,2048,2,2,0,190207998,2,190210046,0,2044,10.9961,2040,2,0x77e082865f,0,1,0,4,5940,2044,10.9961,2040,4,5933
2973000,2048,2,2,0,190271487,2,190273535,0,2046,10.9980,2044,2,0x7c7140e463,62,1834,0,2,5942,2046,10.9980,2044,2,5935
2974000,2048,2,2,0,190334975,2,190337023,0,2048,11.0000,2048,1,0xe75dc42f92,65,1839,0,0,5942,2048,11.0000,2048,0,5935
2975000,2048,2,2,0,190398463,2,190400511,0,2048,11.0000,2048,1,0xfa3a53a9de,56,1867,0,0,5942,2048,11.0000,2048,0,5935
2976000,2048,2,2,0,190463998,2,190466046,0,2047,10.9990,2046,2,0x7a2decf6b9,0,1,0,1,5943,2047,10.9990,2046,1,5936
2977000,2048,2,2,0,190527487,2,190529535,0,2048,11.0000,2048,1,0x4202adbfca,71,1843,0,0,5943,2048,11.0000,2048,0,5936
2978000,2048,2,2,0,190590975,2,190593023,0,2047,10.9990,2046,2,0xf9a334b045,68,1835,0,1,5944,2047,10.9990,2046,1,5937
2979000,2048,2,2,0,190654463,2,190656511,0,2047,10.9990,2046,2,0x77883dcf58,80,1864,0,1,5945,2047,10.9990,2046,1,5938
2980000,2048,2,2,0,190719998,2,190722046,0,2046,10.9980,2044,2,0x2e3543d084,0,0,0,2,5947,2046,10.9980,2044,2,5940
2981000,2048,2,2,0,190783487,2,190785535,0,2044,10.9961,2040,2,0x9351ceb38e,59,1858,0,4,5951,2044,10.9961,2040,4,5944
2982000,2048,2,2,0,190846975,2,190849023,0,2046,10.9980,2044,2,0xf3393b01b5,69,1886,0,2,5953,2046,10.9980,2044,2,5946
2983000,2048,2,2,0,190910463,2,190912511,0,2046,10.9980,2044,2,0x2d7ae877df,62,1828,0,2,5955,2046,10.9980,2044,2,5948
2984000,2048,2,2,0,190975998,2,190978046,0,2046,10.9980,2044,2,0xf38d3cf42d,0,1,0,2,5957,2046,10.9980,2044,2,5950
2985000,2048,2,2,0,191039487,2,191041535,0,2046,10.9980,2044,2,0x59965bd4a8,60,1856,0,2,5959,2046,10.9980,2044,2,5952
2986000,2048,2,2,0,191102975,2,191105023,0,2044,10.9961,2040,2,0x1bd7b3ebdd,77,1818,0,4,5963,2044,10.9961,2040,4,5956
2987000,2048,2,2,0,191166463,2,191168511,0,2047,10.9990,2046,2,0xa1b57c400d,63,1847,0,1,5964,2047,10.9990,2046,1,5957
2988000,2048,2,2,0,191231998,2,191234046,0,2048,11.0000,2048,1,0xaf18165eb0,0,0,0,0,5964,2048,11.0000,2048,0,5957
2989000,2048,2,2,0,191295487,2,191297535,0,2044,10.9961,2040,2,0xe1d27b2b56,65,1848,0,4,5968,2044,10.9961,2040,4,5961
2990000,2048,2,2,0,191358975,2,191361023,0,2045,10.9971,2042,2,0x1805a67731,67,1827,0,3,5971,2045,10.9971,2042,3,5964
2991000,2048,2,2,0,191422463,2,191424511,0,2048,11.0000,2048,1,0x5c05977af4,62,1848,0,0,5971,2048,11.0000,2048,0,5964
2992000,2048,2,2,0,191487998,2,191490046,0,2048,11.0000,2048,1,0xe0c021dbb4,0,1,0,0,5971,2048,11.0000,2048,0,5964
2993000,2048,2,2,0,191551487,2,191553535,0,2046,10.9980,2044,2,0xa8c13d21e8,72,1856,0,2,5973,2046,10.9980,2044,2,5966
2994000,2048,2,2,0,191614975,2,191617023,0,2047,10.9990,2046,2,0x6f84e8f2d9,84,1871,0,1,5974,2047,10.9990,2046,1,5967
2995000,2048,2,2,0,191678463,2,191680511,0,2046,10.9980,2044,2,0x7b2cb07566,59,1860,0,2,5976,2046,10.9980,2044,2,5969
2996000,2048,2,2,0,191743998,2,191746046,0,2048,11.0000,2048,1,0xded44bf9bc,0,0,0,0,5976,2048,11.0000,2048,0,5969
2997000,2048,2,2,0,191807487,2,191809535,0,2047,10.9990,2046,2,0x1b8705717b,77,1842,0,1,5977,2047,10.9990,2046,1,5970
2998000,2048,2,2,0,191870975,2,191873023,0,2047,10.9990,2046,2,0x489fbf56fc,77,1849,0,1,5978,2047,10.9990,2046,1,5971
2999000,2048,2,2,0,191934463,2,191936511,0,2045,10.9971,2042,2,0x10ecd46d48,59,1836,0,3,5981,2045,10.9971,2042,3,5974
3000000,2048,2,2,0,191999998,2,192002046,0,2047,10.9990,2046,2,0xbbf8fcd8d8,0,1,0,1,5982,2047,10.9990,2046,1,5975
3001000,2048,2,2,0,192063487,2,192065535,0,2048,11.0000,2048,1,0xc8bedbad43,57,1863,0,0,5982,2048,11.0000,2048,0,5975
3002000,2048,2,2,0,192126975,2,192129023,0,2046,10.9980,2044,2,0x295710c5a0,67,1861,0,2,5984,2046,10.9980,2044,2,5977
3003000,2048,2,2,0,192190463,2,192192511,0,2048,11.0000,2048,1,0x764b4351a9,88,1829,0,0,5984,2048,11.0000,2048,0,5977
3004000,2048,2,2,0,192255998,2,192258046,0,2045,10.9971,2042,2,0xfc669b0ac6,0,1,0,3,5987,2045,10.9971,2042,3,5980
3005000,2048,2,2,0,192319487,2,192321535,0,2044,10.9961,2040,2,0x8fd017b383,51,1857,0,4,5991,2044,10.9961,2040,4,5984
3006000,2048,2,2,0,192382975,2,192385023,0,2048,11.0000,2048,1,0xe72ce3f752,64,1840,0,0,5991,2048,11.0000,2048,0,5984
3007000,2048,2,2,0,192446463,2,192448511,0,2045,10.9971,2042,2,0xeecec0acdf,69,1857,0,3,5994,2045,10.9971,2042,3,5987
3008000,2048,2,2,0,192511998,2,192514046,0,2047,10.9990,2046,2,0x5a5297bf9b,0,1,0,1,5995,2047,10.9990,2046,1,5988
3009000,2048,2,2,0,192575487,2,192577535,0,2046,10.9980,2044,2,0xa89ed5fc47,59,1851,0,2,5997,2046,10.9980,2044,2,5990
3010000,2048,2,2,0,192638975,2,192641023,0,2046,10.9980,2044,2,0x5542015433,64,1828,0,2,5999,2046,10.9980,2044,2,5992
3011000,2048,2,2,0,192702463,2,192704511,0,2048,11.0000,2048,1,0xc8d2f57e65,59,1845,0,0,5999,2048,11.0000,2048,0,5992
3012000,2048,2,2,0,192767998,2,192770046,0,2046,10.9980,2044,2,0x905d209625,0,1,0,2,6001,2046,10.9980,2044,2,5994
3013000,2048,2,2,0,192831487,2,192833535,0,2044,10.9961,2040,2,0xde4f022936,79,1844,0,4,6005,2044,10.9961,2040,4,5998
3014000,2048,2,2,0,192894975,2,192897023,0,2048,11.0000,2048,1,0xa1f3a6ffe4,58,1842,0,0,6005,2048,11.0000,2048,0,5998
3015000,2048,2,2,0,192958463,2,192960511,0,2048,11.0000,2048,1,0x130e44b8b5,57,1831,0,0,6005,2048,11.0000,2048,0,5998
3016000,2048,2,2,0,193023998,2,193026046,0,2046,10.9980,2044,2,0x5d0091b3b4,0,0,0,2,6007,2046,10.9980,2044,2,6000
3017000,2048,2,2,0,193087487,2,193089535,0,2047,10.9990,2046,2,0xce0de82efc,63,1855,0,1,6008,2047,10.9990,2046,1,6001
3018000,2048,2,2,0,193150975,2,193153023,0,2044,10.9961,2040,2,0xef27325cec,67,1845,0,4,6012,2044,10.9961,2040,4,6005
3019000,2048,2,2,0,193214463,2,193216511,0,2046,10.9980,2044,2,0x49fcb7dab0,62,1855,0,2,6014,2046,10.9980,2044,2,6007
3020000,2048,2,2,0,193279998,2,193282046,0,2046,10.9980,2044,2,0x298c5dbd18,0,1,0,2,6016,2046,10.9980,2044,2,6009
3021000,2048,2,2,0,193343487,2,193345535,0,2048,11.0000,2048,1,0xe23824ea3e,68,1839,0,0,6016,2048,11.0000,2048,0,6009
3022000,2048,2,2,0,193406975,2,193409023,0,2046,10.9980,2044,2,0xa96cdb7c66,54,1847,0,2,6018,2046,10.9980,2044,2,6011
3023000,2048,2,2,0,193470463,2,193472511,0,2046,10.9980,2044,2,0x965c445b53,63,1848,0,2,6020,2046,10.9980,2044,2,6013
3024000,2048,2,2,0,193535998,2,193538046,0,2046,10.9980,2044,2,0xb6e22b488b,0,1,0,2,6022,2046,10.9980,2044,2,6015
3025000,2048,2,2,0,193599487,2,193601535,0,2048,11.0000,2048,1,0x289f744414,68,1861,0,0,6022,2048,11.0000,2048,0,6015
3026000,2048,2,2,0,193662975,2,193665023,0,2046,10.9980,2044,2,0xb9b231498c,60,1826,0,2,6024,2046,10.9980,2044,2,6017
3027000,2048,2,2,0,193726463,2,193728511,0,2044,10.9961,2040,2,0x2cf45b5e2e,65,1849,0,4,6028,2044,10.9961,2040,4,6021
3028000,2048,2,2,0,193791998,2,193794046,0,2046,10.9980,2044,2,0x103ba38fe6,0,1,0,2,6030,2046,10.9980,2044,2,6023
3029000,2048,2,2,0,193855487,2,193857535,0,2045,10.9971,2042,2,0x3787a79651,62,1841,0,3,6033,2045,10.9971,2042,3,6026
3030000,2048,2,2,0,193918975,2,193921023,0,2048,11.0000,2048,1,0x4c2d28f9f6,72,1821,0,0,6033,2048,11.0000,2048,0,6026
3031000,2048,2,2,0,193982463,2,193984511,0,2046,10.9980,2044,2,0xa5d6159965,63,1858,0,2,6035,2046,10.9980,2044,2,6028
3032000,2048,2,2,0,194047998,2,194050046,0,2044,10.9961,2040,2,0x2e9405aeb2,0,1,0,4,6039,2044,10.9961,2040,4,6032
3033000,2048,2,2,0,194111487,2,194113535,0,2045,10.9971,2042,2,0x7c83ecf27e,54,1842,0,3,6042,2045,10.9971,2042,3,6035
3034000,2048,2,2,0,194174975,2,194177023,0,2046,10.9980,2044,2,0x6490e17327,70,1840,0,2,6044,2046,10.9980,2044,2,6037
3035000,2048,2,2,0,194238463,2,194240511,0,2048,11.0000,2048,1,0xfec102091d,64,1862,0,0,6044,2048,11.0000,2048,0,6037
3036000,2048,2,2,0,194303998,2,194306046,0,2046,10.9980,2044,2,0x5d47ad58c7,0,1,0,2,6046,2046,10.9980,2044,2,6039
3037000,2048,2,2,0,194367487,2,194369535,0,2045,10.9971,2042,2,0x9a06b2348e,59,1834,0,3,6049,2045,10.9971,2042,3,6042
3038000,2048,2,2,0,194430975,2,194433023,0,2045,10.9971,2042,2,0x2209956f4c,62,1839,0,3,6052,2045,10.9971,2042,3,6045
3039000,2048,2,2,0,194494463,2,194496511,0,2046,10.9980,2044,2,0xa366724328,60,1833,0,2,6054,2046,10.9980,2044,2,6047
3040000,2048,2,2,0,194559998,2,194562046,0,2047,10.9990,2046,2,0x9b7f93d5b6,0,1,0,1,6055,2047,10.9990,2046,1,6048
3041000,2048,2,2,0,194623487,2,194625535,0,2046,10.9980,2044,2,0xa1cb06215b,66,1860,0,2,6057,2046,10.9980,2044,2,6050
3042000,2048,2,2,0,194686975,2,194689023,0,2045,10.9971,2042,2,0x37e1858bb0,72,1846,0,3,6060,2045,10.9971,2042,3,6053
3043000,2048,2,2,0,194750463,2,194752511,0,2047,10.9990,2046,2,0x587fd8a4c2,75,1856,0,1,6061,2047,10.9990,2046,1,6054
3044000,2048,2,2,0,194815998,2,194818046,0,2047,10.9990,2046,2,0x12720e24f4,0,1,0,1,6062,2047,10.9990,2046,1,6055
3045000,2048,2,2,0,194879487,2,194881535,0,2047,10.9990,2046,2,0x3b1e6078f0,73,1855,0,1,6063,2047,10.9990,2046,1,6056
3046000,2048,2,2,0,194942975,2,194945023,0,2047,10.9990,2046,2,0xb37ba952b2,68,1853,0,1,6064,2047,10.9990,2046,1,6057
3047000,2048,2,2,0,195006463,2,195008511,0,2047,10.9990,2046,2,0x9efbacf402,60,1822,0,1,6065,2047,10.9990,2046,1,6058
3048000,2048,2,2,0,195071998,2,195074046,0,2047,10.9990,2046,2,0xfe864535a0,0,1,0,1,6066,2047,10.9990,2046,1,6059
3049000,2048,2,2,0,195135487,2,195137535,0,2046,10.9980,2044,2,0x5d8ba7bca6,66,1862,0,2,6068,2046,10.9980,2044,2,6061
3050000,2048,2,2,0,195198975,2,195201023,0,2044,10.9961,2040,2,0x2deb411054,57,1832,0,4,6072,2044,10.9961,2040,4,6065
3051000,2048,2,2,0,195262463,2,195264511,0,2046,10.9980,2044,2,0xc38a80a3e4,57,1854,0,2,6074,2046,10.9980,2044,2,6067
3052000,2048,2,2,0,195327998,2,195330046,0,2048,11.0000,2048,1,0x1b55dee8f8,0,0,0,0,6074,2048,11.0000,2048,0,6067
3053000,2048,2,2,0,195391487,2,195393535,0,2046,10.9980,2044,2,0xad27fe5bbe,69,1844,0,2,6076,2046,10.9980,2044,2,6069
3054000,2048,2,2,0,195454975,2,195457023,0,2046,10.9980,2044,2,0xb96ae13dfc,61,1837,0,2,6078,2046,10.9980,2044,2,6071
3055000,2048,2,2,0,195518463,2,195520511,0,2046,10.9980,2044,2,0xb70427c9af,63,1836,0,2,6080,2046,10.9980,2044,2,6073
3056000,2048,2,2,0,195583998,2,195586046,0,2041,10.9932,2034,2,0xa27cb6e6fa,0,1,0,7,6087,2041,10.9932,2034,7,6080
3057000,2048,2,2,0,195647487,2,195649535,0,2047,10.9990,2046,2,0x1c3ffe9f8a,61,1839,0,1,6088,2047,10.9990,2046,1,6081
3058000,2048,2,2,0,195710975,2,195713023,0,2045,10.9971,2042,2,0x346172d506,58,1863,0,3,6091,2045,10.9971,2042,3,6084
3059000,2048,2,2,0,195774463,2,195776511,0,2048,11.0000,2048,1,0x1200be7115,62,1841,0,0,6091,2048,11.0000,2048,0,6084
3060000,2048,2,2,0,195839998,2,195842046,0,2047,10.9990,2046,2,0x7e2bb5a042,0,0,0,1,6092,2047,10.9990,2046,1,6085
3061000,2048,2,2,0,195903487,2,195905535,0,2046,10.9980,2044,2,0xe44be3ccd6,64,1854,0,2,6094,2046,10.9980,2044,2,6087
3062000,2048,2,2,0,195966975,2,195969023,0,2048,11.0000,2048,1,0x43c7985beb,70,1871,0,0,6094,2048,11.0000,2048,0,6087
3063000,2048,2,2,0,196030463,2,196032511,0,2047,10.9990,2046,2,0xccd039b2a0,62,1852,0,1,6095,2047,10.9990,2046,1,6088
3064000,2048,2,2,0,196095998,2,196098046,0,2046,10.9980,2044,2,0xac0aa6d2e9,0,1,0,2,6097,2046,10.9980,2044,2,6090
3065000,2048,2,2,0,196159487,2,196161535,0,2046,10.9980,2044,2,0x212af0dee3,69,1837,0,2,6099,2046,10.9980,2044,2,6092
3066000,2048,2,2,0,196222975,2,196225023,0,2048,11.0000,2048,1,0x54389fa6a4,69,1871,0,0,6099,2048,11.0000,2048,0,6092
3067000,2048,2,2,0,196286463,2,196288511,0,2047,10.9990,2046,2,0x89b550152e,65,1870,0,1,6100,2047,10.9990,2046,1,6093
3068000,2048,2,2,0,196351998,2,196354046,0,2047,10.9990,2046,2,0x3ad260a09a,0,1,0,1,6101,2047,10.9990,2046,1,6094
3069000,2048,2,2,0,196415487,2,196417535,0,2044,10.9961,2040,2,0x8840b4699a,53,1832,0,4,6105,2044,10.9961,2040,4,6098
3070000,2048,2,2,0,196478975,2,196481023,0,2047,10.9990,2046,2,0x6b5fae0a9f,77,1861,0,1,6106,2047,10.9990,2046,1,6099
3071000,2048,2,2,0,196542463,2,196544511,0,2046,10.9980,2044,2,0x6c041daa14,62,1857,0,2,6108,2046,10.9980,2044,2,6101
3072000,2048,2,2,0,196607998,2,196610046,0,2046,10.9980,2044,2,0xc86ccb8ae2,0,1,0,2,6110,2046,10.9980,2044,2,6103
3073000,2048,2,2,0,196671487,2,196673535,0,2045,10.9971,2042,2,0x8f1ecdb808,69,1858,0,3,6113,2045,10.9971,2042,3,6106
3074000,2048,2,2,0,196734975,2,196737023,0,2047,10.9990,2046,2,0x0d381edd95,67,1846,0,1,6114,2047,10.9990,2046,1,6107
3075000,2048,2,2,0,196798463,2,196800511,0,2047,10.9990,2046,2,0x0999bb84e8,71,1840,0,1,6115,2047,10.9990,2046,1,6108
3076000,2048,2,2,0,196863998,2,196866046,0,2046,10.9980,2044,2,0x9d1351e56d,0,1,0,2,6117,2046,10.9980,2044,2,6110
3077000,2048,2,2,0,196927487,2,196929535,0,2047,10.9990,2046,2,0xc0b18d63ee,67,1859,0,1,6118,2047,10.9990,2046,1,6111
3078000,2048,2,2,0,196990975,2,196993023,0,2045,10.9971,2042,2,0x150e877487,72,1838,0,3,6121,2045,10.9971,2042,3,6114
3079000,2048,2,2,0,197054463,2,197056511,0,2046,10.9980,2044,2,0xc81f9bc1c2,62,1862,0,2,6123,2046,10.9980,2044,2,6116
3080000,2048,2,2,0,197119998,2,197122046,0,2045,10.9971,2042,2,0x4293df5def,0,1,0,3,6126,2045,10.9971,2042,3,6119
3081000,2048,2,2,0,197183487,2,197185535,0,2046,10.9980,2044,2,0x459439b1d1,70,1849,0,2,6128,2046,10.9980,2044,2,6121
3082000,2048,2,2,0,197246975,2,197249023,0,2046,10.9980,2044,2,0xfda6aab5f2,56,1831,0,2,6130,2046,10.9980,2044,2,6123
3083000,2048,2,2,0,197310463,2,197312511,0,2044,10.9961,2040,2,0x4116aea9c0,71,1863,0,4,6134,2044,10.9961,2040,4,6127
3084000,2048,2,2,0,197375998,2,197378046,0,2045,10.9971,2042,2,0xfe7b2a3325,0,1,0,3,6137,2045,10.9971,2042,3,6130
3085000,2048,2,2,0,197439487,2,197441535,0,2044,10.9961,2040,2,0xd8bc001fc2,75,1865,0,4,6141,2044,10.9961,2040,4,6134
3086000,2048,2,2,0,197502975,2,197505023,0,2047,10.9990,2046,2,0x4a2a22dcce,61,1833,0,1,6142,2047,10.9990,2046,1,6135
3087000,2048,2,2,0,197566463,2,197568511,0,2046,10.9980,2044,2,0x479a11c31a,67,1841,0,2,6144,2046,10.9980,2044,2,6137
3088000,2048,2,2,0,197631998,2,197634046,0,2047,10.9990,2046,2,0xfbbcd1adbe,0,1,0,1,6145,2047,10.9990,2046,1,6138
3089000,2048,2,2,0,197695487,2,197697535,0,2043,10.9951,2038,2,0x72c88f9ca9,72,1857,0,5,6150,2043,10.9951,2038,5,6143
3090000,2048,2,2,0,197758975,2,197761023,0,2045,10.9971,2042,2,0xeb5dab45a3,68,1840,0,3,6153,2045,10.9971,2042,3,6146
3091000,2048,2,2,0,197822463,2,197824511,0,2045,10.9971,2042,2,0x5edfa2b3a3,71,1826,0,3,6156,2045,10.9971,2042,3,6149
3092000,2048,2,2,0,197887998,2,197890046,0,2047,10.9990,2046,2,0x32819edf1f,0,1,0,1,6157,2047,10.9990,2046,1,6150
3093000,2048,2,2,0,197951487,2,197953535,0,2046,10.9980,2044,2,0x817100a8b8,75,1822,0,2,6159,2046,10.9980,2044,2,6152
3094000,2048,2,2,0,198014975,2,198017023,0,2046,10.9980,2044,2,0xdafb76ea8f,55,1838,0,2,6161,2046,10.9980,2044,2,6154
3095000,2048,2,2,0,198078463,2,198080511,0,2048,11.0000,2048,1,0x48cc8d6709,72,1831,0,0,6161,2048,11.0000,2048,0,6154
3096000,2048,2,2,0,198143998,2,198146046,0,2046,10.9980,2044,2,0xca2f1afb9a,0,0,0,2,6163,2046,10.9980,2044,2,6156
3097000,2048,2,2,0,198207487,2,198209535,0,2047,10.9990,2046,2,0xc9bd8c55b7,69,1872,0,1,6164,2047,10.9990,2046,1,6157
3098000,2048,2,2,0,198270975,2,198273023,0,2046,10.9980,2044,2,0x7a8ee86b68,67,1843,0,2,6166,2046,10.9980,2044,2,6159
3099000,2048,2,2,0,198334463,2,198336511,0,2047,10.9990,2046,2,0x55bd4da7b9,55,1852,0,1,6167,2047,10.9990,2046,1,6160
3100000,2048,2,2,0,198399998,2,198402046,0,2046,10.9980,2044,2,0x8aa5fb8146,0,1,0,2,6169,2046,10.9980,2044,2,6162
3101000,2048,2,2,0,198463487,2,198465535,0,2047,10.9990,2046,2,0x7f040561e0,70,1855,0,1,6170,2047,10.9990,2046,1,6163
3102000,2048,2,2,0,198526975,2,198529023,0,2048,11.0000,2048,1,0x40bd8ce2c2,83,1848,0,0,6170,2048,11.0000,2048,0,6163
3103000,2048,2,2,0,198590463,2,198592511,0,2047,10.9990,2046,2,0x404211e4a7,74,1851,0,1,6171,2047,10.9990,2046,1,6164
3104000,2048,2,2,0,198655998,2,198658046,0,2046,10.9980,2044,2,0x38d7cab672,0,0,0,2,6173,2046,10.9980,2044,2,6166
3105000,2048,2,2,0,198719487,2,198721535,0,2048,11.0000,2048,1,0x7230c0fafd,64,1855,0,0,6173,2048,11.0000,2048,0,6166
3106000,2048,2,2,0,198782975,2,198785023,0,2045,10.9971,2042,2,0xfcd1bd3fce,64,1845,0,3,6176,2045,10.9971,2042,3,6169
3107000,2048,2,2,0,198846463,2,198848511,0,2047,10.9990,2046,2,0x172f070f49,51,1848,0,1,6177,2047,10.9990,2046,1,6170
3108000,2048,2,2,0,198911998,2,198914046,0,2047,10.9990,2046,2,0xd6a685873e,0,1,0,1,6178,2047,10.9990,2046,1,6171
3109000,2048,2,2,0,198975487,2,198977535,0,2046,10.9980,2044,2,0xddd3d2f9a5,59,1841,0,2,6180,2046,10.9980,2044,2,6173
3110000,2048,2,2,0,199038975,2,199041023,0,2042,10.9941,2036,2,0x9f7c6c1e4a,47,1840,0,6,6186,2042,10.9941,2036,6,6179
3111000,2048,2,2,0,199102463,2,199104511,0,2045,10.9971,2042,2,0x4d2f6f63f1,57,1818,0,3,6189,2045,10.9971,2042,3,6182
3112000,2048,2,2,0,199167998,2,199170046,0,2044,10.9961,2040,2,0x2139862b04,1,1,0,4,6193,2044,10.9961,2040,4,6186
3113000,2048,2,2,0,199231487,2,199233535,0,2047,10.9990,2046,2,0x2aba3ccee7,54,1878,0,1,6194,2047,10.9990,2046,1,6187
3114000,2048,2,2,0,199294975,2,199297023,0,2047,10.9990,2046,2,0xec817eae2a,71,1879,0,1,6195,2047,10.9990,2046,1,6188
3115000,2048,2,2,0,199358463,2,199360511,0,2047,10.9990,2046,2,0x6e4dfc919a,69,1854,0,1,6196,2047,10.9990,2046,1,6189
3116000,2048,2,2,0,199423998,2,199426046,0,2047,10.9990,2046,2,0x71b919efde,0,1,0,1,6197,2047,10.9990,2046,1,6190
3117000,2048,2,2,0,199487487,2,199489535,0,2045,10.9971,2042,2,0xf7a81657e5,47,1839,0,3,6200,2045,10.9971,2042,3,6193
3118000,2048,2,2,0,199550975,2,199553023,0,2044,10.9961,2040,2,0x08aadb723b,73,1846,0,4,6204,2044,10.9961,2040,4,6197
3119000,2048,2,2,0,199614463,2,199616511,0,2046,10.9980,2044,2,0x70400e65b0,56,1856,0,2,6206,2046,10.9980,2044,2,6199
3120000,2048,2,2,0,199679998,2,199682046,0,2044,10.9961,2040,2,0x4f6b5f4c89,0,1,0,4,6210,2044,10.9961,2040,4,6203
3121000,2048,2,2,0,199743487,2,199745535,0,2047,10.9990,2046,2,0x3613f41d41,61,1831,0,1,6211,2047,10.9990,2046,1,6204
3122000,2048,2,2,0,199806975,2,199809023,0,2046,10.9980,2044,2,0x184be44df5,67,1839,0,2,6213,2046,10.9980,2044,2,6206
3123000,2048,2,2,0,199870463,2,199872511,0,2044,10.9961,2040,2,0x559e1cd336,71,1825,0,4,6217,2044,10.9961,2040,4,6210
3124000,2048,2,2,0,199935998,2,199938046,0,2047,10.9990,2046,2,0x4195a10eb6,0,1,0,1,6218,2047,10.9990,2046,1,6211
3125000,2048,2,2,0,199999487,2,200001535,0,2047,10.9990,2046,2,0x54edf8a25d,77,1843,0,1,6219,2047,10.9990,2046,1,6212
3126000,2048,2,2,0,200062975,2,200065023,0,2048,11.0000,2048,1,0x385375d1f3,78,1853,0,0,6219,2048,11.0000,2048,0,6212
3127000,2048,2,2,0,200126463,2,200128511,0,2047,10.9990,2046,2,0xc78108104e,61,1838,0,1,6220,2047,10.9990,2046,1,6213
3128000,2048,2,2,0,200191998,2,200194046,0,2046,10.9980,2044,2,0x6333f2d65f,0,1,0,2,6222,2046,10.9980,2044,2,6215
3129000,2048,2,2,0,200255487,2,200257535,0,2047,10.9990,2046,2,0xeb5cd67792,62,1828,0,1,6223,2047,10.9990,2046,1,6216
3130000,2048,2,2,0,200318975,2,200321023,0,2047,10.9990,2046,2,0x12421fa2fe,56,1851,0,1,6224,2047,10.9990,2046,1,6217
3131000,2048,2,2,0,200382463,2,200384511,0,2047,10.9990,2046,2,0x15a0961818,71,1845,0,1,6225,2047,10.9990,2046,1,6218
3132000,2048,2,2,0,200447998,2,200450046,0,2047,10.9990,2046,2,0x48ab818a59,0,1,0,1,6226,2047,10.9990,2046,1,6219
3133000,2048,2,2,0,200511487,2,200513535,0,2046,10.9980,2044,2,0xfc545cb472,69,1819,0,2,6228,2046,10.9980,2044,2,6221
3134000,2048,2,2,0,200574975,2,200577023,0,2046,10.9980,2044,2,0x943e4d5e8e,80,1845,0,2,6230,2046,10.9980,2044,2,6223
3135000,2048,2,2,0,200638463,2,200640511,0,2044,10.9961,2040,2,0xa71f7e5f66,60,1860,0,4,6234,2044,10.9961,2040,4,6227
3136000,2048,2,2,0,200703998,2,200706046,0,2045,10.9971,2042,2,0x5a55c79ea5,0,1,0,3,6237,2045,10.9971,2042,3,6230
3137000,2048,2,2,0,200767487,2,200769535,0,2048,11.0000,2048,1,0xa403ee238e,59,1850,0,0,6237,2048,11.0000,2048,0,6230
3138000,2048,2,2,0,200830975,2,200833023,0,2047,10.9990,2046,2,0x25a5b87812,65,1853,0,1,6238,2047,10.9990,2046,1,6231
3139000,2048,2,2,0,200894463,2,200896511,0,2045,10.9971,2042,2,0x681e5e5269,66,1860,0,3,6241,2045,10.9971,2042,3,6234
3140000,2048,2,2,0,200959998,2,200962046,0,2047,10.9990,2046,2,0x122251f5f2,0,1,0,1,6242,2047,10.9990,2046,1,6235
3141000,2048,2,2,0,201023487,2,201025535,0,2047,10.9990,2046,2,0x01091468f5,46,1850,0,1,6243,2047,10.9990,2046,1,6236
3142000,2048,2,2,0,201086975,2,201089023,0,2048,11.0000,2048,1,0xd517777740,72,1846,0,0,6243,2048,11.0000,2048,0,6236
3143000,2048,2,2,0,201150463,2,201152511,0,2043,10.9951,2038,2,0x602a91d5ff,67,1859,0,5,6248,2043,10.9951,2038,5,6241
3144000,2048,2,2,0,201215998,2,201218046,0,2046,10.9980,2044,2,0x37d6deba9e,0,1,0,2,6250,2046,10.9980,2044,2,6243
3145000,2048,2,2,0,201279487,2,201281535,0,2047,10.9990,2046,2,0xc189ac9daa,70,1818,0,1,6251,2047,10.9990,2046,1,6244
3146000,2048,2,2,0,201342975,2,201345023,0,2047,10.9990,2046,2,0xa868cfd8fd,59,1838,0,1,6252,2047,10.9990,2046,1,6245
3147000,2048,2,2,0,201406463,2,201408511,0,2047,10.9990,2046,2,0xa6ad491d83,68,1848,0,1,6253,2047,10.9990,2046,1,6246
3148000,2048,2,2,0,201471998,2,201474046,0,2047,10.9990,2046,2,0x15abb861e7,0,1,0,1,6254,2047,10.9990,2046,1,6247
3149000,2048,2,2,0,201535487,2,201537535,0,2044,10.9961,2040,2,0xb2d97dd519,80,1825,0,4,6258,2044,10.9961,2040,4,6251
3150000,2048,2,2,0,201598975,2,201601023,0,2048,11.0000,2048,1,0x59fc8047c4,60,1877,0,0,6258,2048,11.0000,2048,0,6251
3151000,2048,2,2,0,201662463,2,201664511,0,2046,10.9980,2044,2,0xb36c277142,73,1845,0,2,6260,2046,10.9980,2044,2,6253
3152000,2048,2,2,0,201727998,2,201730046,0,2044,10.9961,2040,2,0xafb054f5b4,0,1,0,4,6264,2044,10.9961,2040,4,6257
3153000,2048,2,2,0,201791487,2,201793535,0,2045,10.9971,2042,2,0x1a690fb838,52,1837,0,3,6267,2045,10.9971,2042,3,6260
3154000,2048,2,2,0,201854975,2,201857023,0,2045,10.9971,2042,2,0xede59066c7,69,1831,0,3,6270,2045,10.9971,2042,3,6263
3155000,2048,2,2,0,201918463,2,201920511,0,2046,10.9980,2044,2,0xb0cf0eb064,71,1835,0,2,6272,2046,10.9980,2044,2,6265
3156000,2048,2,2,0,201983998,2,201986046,0,2046,10.9980,2044,2,0x0b2a6f74f0,0,1,0,2,6274,2046,10.9980,2044,2,6267
3157000,2048,2,2,0,202047487,2,202049535,0,2042,10.9941,2036,2,0x7b95e3c5ff,55,1848,0,6,6280,2042,10.9941,2036,6,6273
3158000,2048,2,2,0,202110975,2,202113023,0,2044,10.9961,2040,2,0x951315445f,56,1836,0,4,6284,2044,10.9961,2040,4,6277
3159000,2048,2,2,0,202174463,2,202176511,0,2046,10.9980,2044,2,0x7f89de2089,73,1836,0,2,6286,2046,10.9980,2044,2,6279
3160000,2048,2,2,0,202239998,2,202242046,0,2042,10.9941,2036,2,0xba6fbdc9c8,0,1,0,6,6292,2042,10.9941,2036,6,6285
3161000,2048,2,2,0,202303487,2,202305535,0,2045,10.9971,2042,2,0x0097a75172,64,1865,0,3,6295,2045,10.9971,2042,3,6288
3162000,2048,2,2,0,202366975,2,202369023,0,2046,10.9980,2044,2,0x81b01d12e8,71,1859,0,2,6297,2046,10.9980,2044,2,6290
3163000,2048,2,2,0,202430463,2,202432511,0,2047,10.9990,2046,2,0x4bc581e4d8,61,1847,0,1,6298,2047,10.9990,2046,1,6291
3164000,2048,2,2,0,202495998,2,202498046,0,2048,11.0000,2048,1,0xdbfcda915e,0,1,0,0,6298,2048,11.0000,2048,0,6291
3165000,2048,2,2,0,202559487,2,202561535,0,2043,10.9951,2038,2,0xdbea6d3462,62,1829,0,5,6303,2043,10.9951,2038,5,6296
3166000,2048,2,2,0,202622975,2,202625023,0,2047,10.9990,2046,2,0x44d3e49d8d,63,1828,0,1,6304,2047,10.9990,2046,1,6297
3167000,2048,2,2,0,202686463,2,202688511,0,2044,10.9961,2040,2,0x4ac1f35186,59,1840,0,4,6308,2044,10.9961,2040,4,6301
3168000,2048,2,2,0,202751998,2,202754046,0,2046,10.9980,2044,2,0x997dd0ad78,0,1,0,2,6310,2046,10.9980,2044,2,6303
3169000,2048,2,2,0,202815487,2,202817535,0,2047,10.9990,2046,2,0x63e6241d9e,62,1861,0,1,6311,2047,10.9990,2046,1,6304
3170000,2048,2,2,0,202878975,2,202881023,0,2045,10.9971,2042,2,0xe94df13d71,60,1858,0,3,6314,2045,10.9971,2042,3,6307
3171000,2048,2,2,0,202942463,2,202944511,0,2045,10.9971,2042,2,0x80f8f1030a,70,1826,0,3,6317,2045,10.9971,2042,3,6310
3172000,2048,2,2,0,203007998,2,203010046,0,2046,10.9980,2044,2,0xc3e733add1,0,1,0,2,6319,2046,10.9980,2044,2,6312
3173000,2048,2,2,0,203071487,2,203073535,0,2044,10.9961,2040,2,0xb41f966d0b,94,1830,0,4,6323,2044,10.9961,2040,4,6316
3174000,2048,2,2,0,203134975,2,203137023,0,2046,10.9980,2044,2,0x2ac6f54c7f,48,1817,0,2,6325,2046,10.9980,2044,2,6318
3175000,2048,2,2,0,203198463,2,203200511,0,2046,10.9980,2044,2,0x1788077c4f,67,1839,0,2,6327,2046,10.9980,2044,2,6320
3176000,2048,2,2,0,203263998,2,203266046,0,2048,11.0000,2048,1,0x019ba89149,0,1,0,0,6327,2048,11.0000,2048,0,6320
3177000,2048,2,2,0,203327487,2,203329535,0,2045,10.9971,2042,2,0x48a292642c,72,1847,0,3,6330,2045,10.9971,2042,3,6323
3178000,2048,2,2,0,203390975,2,203393023,0,2043,10.9951,2038,2,0xe096530c11,67,1873,0,5,6335,2043,10.9951,2038,5,6328
3179000,2048,2,2,0,203454463,2,203456511,0,2044,10.9961,2040,2,0x32b5d0629e,64,1851,0,4,6339,2044,10.9961,2040,4,6332
3180000,2048,2,2,0,203519998,2,203522046,0,2047,10.9990,2046,2,0x3582d6a54d,0,0,0,1,6340,2047,10.9990,2046,1,6333
3181000,2048,2,2,0,203583487,2,203585535,0,2047,10.9990,2046,2,0x38f6b6fa1f,71,1851,0,1,6341,2047,10.9990,2046,1,6334
3182000,2048,2,2,0,203646975,2,203649023,0,2046,10.9980,2044,2,0x0e9031061c,70,1866,0,2,6343,2046,10.9980,2044,2,6336
3183000,2048,2,2,0,203710463,2,203712511,0,2044,10.9961,2040,2,0xeefc6b4dd2,70,1835,0,4,6347,2044,10.9961,2040,4,6340
3184000,2048,2,2,0,203775998,2,203778046,0,2045,10.9971,2042,2,0x1d4c7dfba5,0,1,0,3,6350,2045,10.9971,2042,3,6343
3185000,2048,2,2,0,203839487,2,203841535,0,2046,10.9980,2044,2,0xbc3e1c9b27,69,1844,0,2,6352,2046,10.9980,2044,2,6345
3186000,2048,2,2,0,203902975,2,203905023,0,2047,10.9990,2046,2,0xbfbf7300e0,55,1858,0,1,6353,2047,10.9990,2046,1,6346
3187000,2048,2,2,0,203966463,2,203968511,0,2045,10.9971,2042,2,0x3b1e13dcef,67,1810,0,3,6356,2045,10.9971,2042,3,6349
3188000,2048,2,2,0,204031998,2,204034046,0,2045,10.9971,2042,2,0x6d7d978ee2,0,1,0,3,6359,2045,10.9971,2042,3,6352
3189000,2048,2,2,0,204095487,2,204097535,0,2045,10.9971,2042,2,0x18fa856d44,86,1827,0,3,6362,2045,10.9971,2042,3,6355
3190000,2048,2,2,0,204158975,2,204161023,0,2046,10.9980,2044,2,0xceac8122fc,69,1843,0,2,6364,2046,10.9980,2044,2,6357
3191000,2048,2,2,0,204222463,2,204224511,0,2041,10.9932,2034,2,0xeb095056af,60,1847,0,7,6371,2041,10.9932,2034,7,6364
3192000,2048,2,2,0,204287998,2,204290046,0,2047,10.9990,2046,2,0x3058497e95,0,1,0,1,6372,2047,10.9990,2046,1,6365
3193000,2048,2,2,0,204351487,2,204353535,0,2046,10.9980,2044,2,0xf79ad757d2,65,1857,0,2,6374,2046,10.9980,2044,2,6367
3194000,2048,2,2,0,204414975,2,204417023,0,2046,10.9980,2044,2,0x5f90a1c40a,59,1840,0,2,6376,2046,10.9980,2044,2,6369
3195000,2048,2,2,0,204478463,2,204480511,0,2046,10.9980,2044,2,0x8ce6b6c428,44,1850,0,2,6378,2046,10.9980,2044,2,6371
3196000,2048,2,2,0,204543998,2,204546046,0,2048,11.0000,2048,1,0x75a8e5e592,0,1,0,0,6378,2048,11.0000,2048,0,6371
3197000,2048,2,2,0,204607487,2,204609535,0,2047,10.9990,2046,2,0x685d5e4791,59,1871,0,1,6379,2047,10.9990,2046,1,6372
3198000,2048,2,2,0,204670975,2,204673023,0,2048,11.0000,2048,1,0x63216c60ee,58,1862,0,0,6379,2048,11.0000,2048,0,6372
3199000,2048,2,2,0,204734463,2,204736511,0,2048,11.0000,2048,1,0xed8b8ebd21,59,1837,0,0,6379,2048,11.0000,2048,0,6372
3200000,2048,2,2,0,204799998,2,204802046,0,2047,10.9990,2046,2,0x07b762be3f,0,1,0,1,6380,2047,10.9990,2046,1,6373
3201000,2048,2,2,0,204863487,2,204865535,0,2046,10.9980,2044,2,0x3a7a100c64,69,1847,0,2,6382,2046,10.9980,2044,2,6375
3202000,2048,2,2,0,204926975,2,204929023,0,2045,10.9971,2042,2,0xae69243684,62,1833,0,3,6385,2045,10.9971,2042,3,6378
3203000,2048,2,2,0,204990463,2,204992511,0,2046,10.9980,2044,2,0x8cdda7f02f,71,1827,0,2,6387,2046,10.9980,2044,2,6380
3204000,2048,2,2,0,205055998,2,205058046,0,2046,10.9980,2044,2,0xd5bd3aee29,0,1,0,2,6389,2046,10.9980,2044,2,6382
3205000,2048,2,2,0,205119487,2,205121535,0,2046,10.9980,2044,2,0x9155a4d16c,68,1858,0,2,6391,2046,10.9980,2044,2,6384
3206000,2048,2,2,0,205182975,2,205185023,0,2045,10.9971,2042,2,0xa854ab78ed,63,1856,0,3,6394,2045,10.9971,2042,3,6387
3207000,2048,2,2,0,205246463,2,205248511,0,2047,10.9990,2046,2,0x305f0206c7,72,1842,0,1,6395,2047,10.9990,2046,1,6388
3208000,2048,2,2,0,205311998,2,205314046,0,2047,10.9990,2046,2,0x7c36ec794e,0,1,0,1,6396,2047,10.9990,2046,1,6389
3209000,2048,2,2,0,205375487,2,205377535,0,2047,10.9990,2046,2,0xa7572e5dd7,64,1855,0,1,6397,2047,10.9990,2046,1,6390
3210000,2048,2,2,0,205438975,2,205441023,0,2048,11.0000,2048,1,0xfb015cd0ea,59,1851,0,0,6397,2048,11.0000,2048,0,6390
3211000,2048,2,2,0,205502463,2,205504511,0,2047,10.9990,2046,2,0xf633d866cd,66,1848,0,1,6398,2047,10.9990,2046,1,6391
3212000,2048,2,2,0,205567998,2,205570046,0,2043,10.9951,2038,2,0x6781e50529,0,1,0,5,6403,2043,10.9951,2038,5,6396
3213000,2048,2,2,0,205631487,2,205633535,0,2044,10.9961,2040,2,0xf3feb45f89,63,1850,0,4,6407,2044,10.9961,2040,4,6400
3214000,2048,2,2,0,205694975,2,205697023,0,2048,11.0000,2048,1,0x5eea353e5b,63,1849,0,0,6407,2048,11.0000,2048,0,6400
3215000,2048,2,2,0,205758463,2,205760511,0,2041,10.9932,2034,2,0x0b2dd72e80,57,1831,0,7,6414,2041,10.9932,2034,7,6407
3216000,2048,2,2,0,205823998,2,205826046,0,2047,10.9990,2046,2,0x7353d4c757,0,1,0,1,6415,2047,10.9990,2046,1,6408
3217000,2048,2,2,0,205887487,2,205889535,0,2047,10.9990,2046,2,0x4b01560f9d,74,1870,0,1,6416,2047,10.9990,2046,1,6409
3218000,2048,2,2,0,205950975,2,205953023,0,2045,10.9971,2042,2,0x9c07f797f1,68,1852,0,3,6419,2045,10.9971,2042,3,6412
3219000,2048,2,2,0,206014463,2,206016511,0,2046,10.9980,2044,2,0x552acc4cc4,71,1843,0,2,6421,2046,10.9980,2044,2,6414
3220000,2048,2,2,0,206079998,2,206082046,0,2047,10.9990,2046,2,0x42f3ec689a,0,1,0,1,6422,2047,10.9990,2046,1,6415
3221000,2048,2,2,0,206143487,2,206145535,0,2046,10.9980,2044,2,0x925010521a,79,1868,0,2,6424,2046,10.9980,2044,2,6417
3222000,2048,2,2,0,206206975,2,206209023,0,2048,11.0000,2048,1,0xbe6eec176f,60,1873,0,0,6424,2048,11.0000,2048,0,6417
3223000,2048,2,2,0,206270463,2,206272511,0,2047,10.9990,2046,2,0xc92e2977f8,74,1877,0,1,6425,2047,10.9990,2046,1,6418
3224000,2048,2,2,0,206335998,2,206338046,0,2046,10.9980,2044,2,0xb4674ec5b2,0,1,0,2,6427,2046,10.9980,2044,2,6420
3225000,2048,2,2,0,206399487,2,206401535,0,2044,10.9961,2040,2,0x4295b64e4f,58,1840,0,4,6431,2044,10.9961,2040,4,6424
3226000,2048,2,2,0,206462975,2,206465023,0,2047,10.9990,2046,2,0x1150e4b2bd,76,1846,0,1,6432,2047,10.9990,2046,1,6425
3227000,2048,2,2,0,206526463,2,206528511,0,2046,10.9980,2044,2,0xf125ca0765,56,1833,0,2,6434,2046,10.9980,2044,2,6427
3228000,2048,2,2,0,206591998,2,206594046,0,2047,10.9990,2046,2,0x296072be35,0,1,0,1,6435,2047,10.9990,2046,1,6428
3229000,2048,2,2,0,206655487,2,206657535,0,2045,10.9971,2042,2,0xbe6fc3b152,67,1856,0,3,6438,2045,10.9971,2042,3,6431
3230000,2048,2,2,0,206718975,2,206721023,0,2047,10.9990,2046,2,0x8bf0b4bba6,67,1839,0,1,6439,2047,10.9990,2046,1,6432
3231000,2048,2,2,0,206782463,2,206784511,0,2047,10.9990,2046,2,0xb0942e8c4a,67,1861,0,1,6440,2047,10.9990,2046,1,6433
3232000,2048,2,2,0,206847998,2,206850046,0,2045,10.9971,2042,2,0xf5ea2bdba6,0,1,0,3,6443,2045,10.9971,2042,3,6436
3233000,2048,2,2,0,206911487,2,206913535,0,2047,10.9990,2046,2,0x949eb73779,54,1856,0,1,6444,2047,10.9990,2046,1,6437
3234000,2048,2,2,0,206974975,2,206977023,0,2047,10.9990,2046,2,0xb82fcb3145,59,1831,0,1,6445,2047,10.9990,2046,1,6438
3235000,2048,2,2,0,207038463,2,207040511,0,2046,10.9980,2044,2,0x76b5d84e6b,56,1843,0,2,6447,2046,10.9980,2044,2,6440
3236000,2048,2,2,0,207103998,2,207106046,0,2047,10.9990,2046,2,0xaf8ecf48c2,0,1,0,1,6448,2047,10.9990,2046,1,6441
3237000,2048,2,2,0,207167487,2,207169535,0,2048,11.0000,2048,1,0xadd46acca2,57,1853,0,0,6448,2048,11.0000,2048,0,6441
3238000,2048,2,2,0,207230975,2,207233023,0,2046,10.9980,2044,2,0x6070819422,77,1841,0,2,6450,2046,10.9980,2044,2,6443
3239000,2048,2,2,0,207294463,2,207296511,0,2046,10.9980,2044,2,0x5e1ea7fd2e,67,1824,0,2,6452,2046,10.9980,2044,2,6445
3240000,2048,2,2,0,207359998,2,207362046,0,2045,10.9971,2042,2,0x1035e6f5be,1,1,0,3,6455,2045,10.9971,2042,3,6448
3241000,2048,2,2,0,207423487,2,207425535,0,2044,10.9961,2040,2,0x8800b7db79,75,1832,0,4,6459,2044,10.9961,2040,4,6452
3242000,2048,2,2,0,207486975,2,207489023,0,2046,10.9980,2044,2,0x19155db0c0,73,1862,0,2,6461,2046,10.9980,2044,2,6454
3243000,2048,3,3,0,207550462,3,207552510,0,2045,10.9971,2042,2,0x47ed78ab01,68,1847,0,3,6464,2045,10.9971,2042,3,6457
3244000,2048,3,3,0,207615997,3,207618045,0,2046,10.9980,2044,2,0x60b40e4927,0,1,0,2,6466,2046,10.9980,2044,2,6459
3245000,2048,3,3,0,207679486,3,207681534,0,2044,10.9961,2040,2,0xd1a478b095,71,1859,0,4,6470,2044,10.9961,2040,4,6463
3246000,2048,3,3,0,207742974,3,207745022,0,2048,11.0000,2048,1,0xe3aa82b792,66,1821,0,0,6470,2048,11.0000,2048,0,6463
3247000,2048,3,3,0,207806462,3,207808510,0,2047,10.9990,2046,2,0x5e8c1bebc7,52,1845,0,1,6471,2047,10.9990,2046,1,6464
3248000,2048,3,3,0,207871997,3,207874045,0,2047,10.9990,2046,2,0x91f190bd00,0,0,0,1,6472,2047,10.9990,2046,1,6465
3249000,2048,3,3,0,207935486,3,207937534,0,2048,11.0000,2048,1,0x1e38fd21c1,78,1877,0,0,6472,2048,11.0000,2048,0,6465
3250000,2048,3,3,0,207998974,3,208001022,0,2046,10.9980,2044,2,0x7d63edd765,69,1832,0,2,6474,2046,10.9980,2044,2,6467
3251000,2048,3,3,0,208062462,3,208064510,0,2045,10.9971,2042,2,0xbd1a987da5,44,1836,0,3,6477,2045,10.9971,2042,3,6470
3252000,2048,3,3,0,208127997,3,208130045,0,2048,11.0000,2048,1,0xb3ed83d993,0,1,0,0,6477,2048,11.0000,2048,0,6470
3253000,2048,3,3,0,208191486,3,208193534,0,2047,10.9990,2046,2,0x8ab46423fc,76,1846,0,1,6478,2047,10.9990,2046,1,6471
3254000,2048,3,3,0,208254974,3,208257022,0,2045,10.9971,2042,2,0xa597c6cda2,60,1862,0,3,6481,2045,10.9971,2042,3,6474
3255000,2048,3,3,0,208318462,3,208320510,0,2046,10.9980,2044,2,0xcf3183403b,78,1855,0,2,6483,2046,10.9980,2044,2,6476
3256000,2048,3,3,0,208383997,3,208386045,0,2047,10.9990,2046,2,0x03cf0f443b,0,1,0,1,6484,2047,10.9990,2046,1,6477
3257000,2048,3,3,0,208447486,3,208449534,0,2047,10.9990,2046,2,0x3e3b1206f8,39,1834,0,1,6485,2047,10.9990,2046,1,6478
3258000,2048,3,3,0,208510974,3,208513022,0,2047,10.9990,2046,2,0xb8c05631f2,60,1848,0,1,6486,2047,10.9990,2046,1,6479
3259000,2048,3,3,0,208574462,3,208576510,0,2046,10.9980,2044,2,0xebce47188a,61,1847,0,2,6488,2046,10.9980,2044,2,6481
3260000,2048,3,3,0,208639997,3,208642045,0,2048,11.0000,2048,1,0xcd8bcedbc2,0,1,0,0,6488,2048,11.0000,2048,0,6481
3261000,2048,3,3,0,208703486,3,208705534,0,2045,10.9971,2042,2,0x6897ddaddd,50,1833,0,3,6491,2045,10.9971,2042,3,6484
3262000,2048,3,3,0,208766974,3,208769022,0,2042,10.9941,2036,2,0x36316b4b6e,51,1861,0,6,6497,2042,10.9941,2036,6,6490
3263000,2048,3,3,0,208830462,3,208832510,0,2048,11.0000,2048,1,0x0ab98d1dbe,77,1828,0,0,6497,2048,11.0000,2048,0,6490
3264000,2048,3,3,0,208895997,3,208898045,0,2046,10.9980,2044,2,0x8c8d38aa0c,0,1,0,2,6499,2046,10.9980,2044,2,6492
3265000,2048,3,3,0,208959486,3,208961534,0,2047,10.9990,2046,2,0xe456bb8a88,79,1868,0,1,6500,2047,10.9990,2046,1,6493
3266000,2048,3,3,0,209022974,3,209025022,0,2046,10.9980,2044,2,0xd3c6ac1816,64,1871,0,2,6502,2046,10.9980,2044,2,6495
3267000,2048,3,3,0,209086462,3,209088510,0,2047,10.9990,2046,2,0x5b814fcafd,65,1821,0,1,6503,2047,10.9990,2046,1,6496
3268000,2048,3,3,0,209151997,3,209154045,0,2048,11.0000,2048,1,0xe60b4ffe1a,1,1,0,0,6503,2048,11.0000,2048,0,6496
3269000,2048,3,3,0,209215486,3,209217534,0,2047,10.9990,2046,2,0xfaf4b18a8a,79,1836,0,1,6504,2047,10.9990,2046,1,6497
3270000,2048,3,3,0,209278974,3,209281022,0,2045,10.9971,2042,2,0xa364c7452b,65,1839,0,3,6507,2045,10.9971,2042,3,6500
3271000,2048,3,3,0,209342462,3,209344510,0,2044,10.9961,2040,2,0x98f524c402,63,1834,0,4,6511,2044,10.9961,2040,4,6504
3272000,2048,3,3,0,209407997,3,209410045,0,2046,10.9980,2044,2,0x5f35a6ee33,0,1,0,2,6513,2046,10.9980,2044,2,6506
3273000,2048,3,3,0,209471486,3,209473534,0,2046,10.9980,2044,2,0x3cf574f3f2,71,1883,0,2,6515,2046,10.9980,2044,2,6508
3274000,2048,3,3,0,209534974,3,209537022,0,2043,10.9951,2038,2,0x188d6d075e,71,1858,0,5,6520,2043,10.9951,2038,5,6513
3275000,2048,3,3,0,209598462,3,209600510,0,2045,10.9971,2042,2,0x14d3ec57da,77,1817,0,3,6523,2045,10.9971,2042,3,6516
3276000,2048,3,3,0,209663997,3,209666045,0,2045,10.9971,2042,2,0xd8f62eb842,0,1,0,3,6526,2045,10.9971,2042,3,6519
3277000,2048,3,3,0,209727486,3,209729534,0,2048,11.0000,2048,1,0x8f98b8cd0b,77,1837,0,0,6526,2048,11.0000,2048,0,6519
3278000,2048,3,3,0,209790974,3,209793022,0,2045,10.9971,2042,2,0xdb0a827349,62,1870,0,3,6529,2045,10.9971,2042,3,6522
3279000,2048,3,3,0,209854462,3,209856510,0,2044,10.9961,2040,2,0xd565f8e0f2,55,1824,0,4,6533,2044,10.9961,2040,4,6526
3280000,2048,3,3,0,209919997,3,209922045,0,2047,10.9990,2046,2,0x02c1c09e8f,0,0,0,1,6534,2047,10.9990,2046,1,6527
3281000,2048,3,3,0,209983486,3,209985534,0,2044,10.9961,2040,2,0x4cd9d92ab6,61,1857,0,4,6538,2044,10.9961,2040,4,6531
3282000,2048,3,3,0,210046974,3,210049022,0,2046,10.9980,2044,2,0x5ad3119beb,63,1834,0,2,6540,2046,10.9980,2044,2,6533
3283000,2048,3,3,0,210110462,3,210112510,0,2045,10.9971,2042,2,0x1df986387c,68,1842,0,3,6543,2045,10.9971,2042,3,6536
3284000,2048,3,3,0,210175997,3,210178045,0,2048,11.0000,2048,1,0x3fab0e67d0,0,0,0,0,6543,2048,11.0000,2048,0,6536
3285000,2048,3,3,0,210239486,3,210241534,0,2045,10.9971,2042,2,0xa3bd7c95b3,65,1866,0,3,6546,2045,10.9971,2042,3,6539
3286000,2048,3,3,0,210302974,3,210305022,0,2047,10.9990,2046,2,0xf387c390df,59,1862,0,1,6547,2047,10.9990,2046,1,6540
3287000,2048,3,3,0,210366462,3,210368510,0,2046,10.9980,2044,2,0xe2bd6e6d78,44,1846,0,2,6549,2046,10.9980,2044,2,6542
3288000,2048,3,3,0,210431997,3,210434045,0,2046,10.9980,2044,2,0x84988f2a45,0,1,0,2,6551,2046,10.9980,2044,2,6544
3289000,2048,3,3,0,210495486,3,210497534,0,2041,10.9932,2034,2,0xdd27582ebd,57,1841,0,7,6558,2041,10.9932,2034,7,6551
3290000,2048,3,3,0,210558974,3,210561022,0,2047,10.9990,2046,2,0x906a8be249,73,1810,0,1,6559,2047,10.9990,2046,1,6552
3291000,2048,3,3,0,210622462,3,210624510,0,2047,10.9990,2046,2,0xcc658dfd04,83,1849,0,1,6560,2047,10.9990,2046,1,6553
3292000,2048,3,3,0,210687997,3,210690045,0,2048,11.0000,2048,1,0x8b8fdb8dd1,0,1,0,0,6560,2048,11.0000,2048,0,6553
3293000,2048,3,3,0,210751486,3,210753534,0,2046,10.9980,2044,2,0xf486a72e1c,76,1837,0,2,6562,2046,10.9980,2044,2,6555
3294000,2048,3,3,0,210814974,3,210817022,0,2046,10.9980,2044,2,0x0a1895de7b,65,1833,0,2,6564,2046,10.9980,2044,2,6557
3295000,2048,3,3,0,210878462,3,210880510,0,2046,10.9980,2044,2,0x7c98b32c95,58,1849,0,2,6566,2046,10.9980,2044,2,6559
3296000,2048,3,3,0,210943997,3,210946045,0,2048,11.0000,2048,1,0x88f6de0c6d,0,1,0,0,6566,2048,11.0000,2048,0,6559
3297000,2048,3,3,0,211007486,3,211009534,0,2044,10.9961,2040,2,0x6a7ce8453f,83,1840,0,4,6570,2044,10.9961,2040,4,6563
3298000,2048,3,3,0,211070974,3,211073022,0,2045,10.9971,2042,2,0xccc9aa14f4,63,1848,0,3,6573,2045,10.9971,2042,3,6566
3299000,2048,3,3,0,211134462,3,211136510,0,2045,10.9971,2042,2,0x33e590bbd4,77,1871,0,3,6576,2045,10.9971,2042,3,6569
3300000,2048,3,3,0,211199997,3,211202045,0,2046,10.9980,2044,2,0xd81d0e88e7,0,0,0,2,6578,2046,10.9980,2044,2,6571
3301000,2048,3,3,0,211263486,3,211265534,0,2046,10.9980,2044,2,0xabd9d5290e,72,1835,0,2,6580,2046,10.9980,2044,2,6573
3302000,2048,3,3,0,211326974,3,211329022,0,2047,10.9990,2046,2,0x687734d341,67,1873,0,1,6581,2047,10.9990,2046,1,6574
3303000,2048,3,3,0,211390462,3,211392510,0,2045,10.9971,2042,2,0x6f5a6e1fa4,69,1851,0,3,6584,2045,10.9971,2042,3,6577
3304000,2048,3,3,0,211455997,3,211458045,0,2047,10.9990,2046,2,0x74cfe764bd,0,1,0,1,6585,2047,10.9990,2046,1,6578
3305000,2048,3,3,0,211519486,3,211521534,0,2045,10.9971,2042,2,0xa47923fce3,62,1824,0,3,6588,2045,10.9971,2042,3,6581
3306000,2048,3,3,0,211582974,3,211585022,0,2044,10.9961,2040,2,0x1c7b5afa85,63,1848,0,4,6592,2044,10.9961,2040,4,6585
3307000,2048,3,3,0,211646462,3,211648510,0,2047,10.9990,2046,2,0x4a7a9a6810,59,1849,0,1,6593,2047,10.9990,2046,1,6586
3308000,2048,3,3,0,211711997,3,211714045,0,2046,10.9980,2044,2,0x56aafb5bfe,0,1,0,2,6595,2046,10.9980,2044,2,6588
3309000,2048,3,3,0,211775486,3,211777534,0,2046,10.9980,2044,2,0xfde515d3c5,57,1842,0,2,6597,2046,10.9980,2044,2,6590
3310000,2048,3,3,0,211838974,3,211841022,0,2046,10.9980,2044,2,0xb7ee7f819b,54,1827,0,2,6599,2046,10.9980,2044,2,6592
3311000,2048,3,3,0,211902462,3,211904510,0,2046,10.9980,2044,2,0xa4c5d72eeb,59,1841,0,2,6601,2046,10.9980,2044,2,6594
3312000,2048,3,3,0,211967997,3,211970045,0,2046,10.9980,2044,2,0xc16894761e,0,0,0,2,6603,2046,10.9980,2044,2,6596
3313000,2048,3,3,0,212031486,3,212033534,0,2043,10.9951,2038,2,0x67ecc137db,70,1842,0,5,6608,2043,10.9951,2038,5,6601
3314000,2048,3,3,0,212094974,3,212097022,0,2045,10.9971,2042,2,0x8d5b8b0118,69,1851,0,3,6611,2045,10.9971,2042,3,6604
3315000,2048,3,3,0,212158462,3,212160510,0,2046,10.9980,2044,2,0xc53cad8685,66,1833,0,2,6613,2046,10.9980,2044,2,6606
3316000,2048,3,3,0,212223997,3,212226045,0,2047,10.9990,2046,2,0x8a78cadf17,0,1,0,1,6614,2047,10.9990,2046,1,6607
3317000,2048,3,3,0,212287486,3,212289534,0,2044,10.9961,2040,2,0xf91ecdc6f7,54,1821,0,4,6618,2044,10.9961,2040,4,6611
3318000,2048,3,3,0,212350974,3,212353022,0,2045,10.9971,2042,2,0xc4768e4206,77,1852,0,3,6621,2045,10.9971,2042,3,6614
3319000,2048,3,3,0,212414462,3,212416510,0,2043,10.9951,2038,2,0x4117d16f03,84,1830,0,5,6626,2043,10.9951,2038,5,6619
3320000,2048,3,3,0,212479997,3,212482045,0,2047,10.9990,2046,2,0x46bbfb6545,1,1,0,1,6627,2047,10.9990,2046,1,6620
3321000,2048,3,3,0,212543486,3,212545534,0,2047,10.9990,2046,2,0xd88a32cf48,71,1862,0,1,6628,2047,10.9990,2046,1,6621
3322000,2048,3,3,0,212606974,3,212609022,0,2046,10.9980,2044,2,0xef7fe02b18,57,1863,0,2,6630,2046,10.9980,2044,2,6623
3323000,2048,3,3,0,212670462,3,212672510,0,2047,10.9990,2046,2,0x9eb30ec914,56,1842,0,1,6631,2047,10.9990,2046,1,6624
3324000,2048,3,3,0,212735997,3,212738045,0,2047,10.9990,2046,2,0xe17887159f,0,0,0,1,6632,2047,10.9990,2046,1,6625
3325000,2048,3,3,0,212799486,3,212801534,0,2047,10.9990,2046,2,0x617967d5ee,53,1858,0,1,6633,2047,10.9990,2046,1,6626
3326000,2048,3,3,0,212862974,3,212865022,0,2046,10.9980,2044,2,0x618dcea238,65,1833,0,2,6635,2046,10.9980,2044,2,6628
3327000,2048,3,3,0,212926462,3,212928510,0,2047,10.9990,2046,2,0x8c23a191e2,61,1815,0,1,6636,2047,10.9990,2046,1,6629
3328000,2048,3,3,0,212991997,3,212994045,0,2046,10.9980,2044,2,0xe22fae4c0e,0,1,0,2,6638,2046,10.9980,2044,2,6631
3329000,2048,3,3,0,213055486,3,213057534,0,2048,11.0000,2048,1,0xdcad518585,70,1857,0,0,6638,2048,11.0000,2048,0,6631
3330000,2048,3,3,0,213118974,3,213121022,0,2047,10.9990,2046,2,0x14e2fe4f7b,86,1856,0,1,6639,2047,10.9990,2046,1,6632
3331000,2048,3,3,0,213182462,3,213184510,0,2046,10.9980,2044,2,0x2e77c3e2b3,65,1837,0,2,6641,2046,10.9980,2044,2,6634
3332000,2048,3,3,0,213247997,3,213250045,0,2047,10.9990,2046,2,0xdd592a5afb,0,1,0,1,6642,2047,10.9990,2046,1,6635
3333000,2048,3,3,0,213311486,3,213313534,0,2048,11.0000,2048,1,0x29564b95b0,65,1849,0,0,6642,2048,11.0000,2048,0,6635
3334000,2048,3,3,0,213374974,3,213377022,0,2047,10.9990,2046,2,0x22ac815a1f,60,1860,0,1,6643,2047,10.9990,2046,1,6636
3335000,2048,3,3,0,213438462,3,213440510,0,2044,10.9961,2040,2,0xaf64a7837c,71,1842,0,4,6647,2044,10.9961,2040,4,6640
3336000,2048,3,3,0,213503997,3,213506045,0,2044,10.9961,2040,2,0xaa68728dfb,0,1,0,4,6651,2044,10.9961,2040,4,6644
3337000,2048,3,3,0,213567486,3,213569534,0,2047,10.9990,2046,2,0x3466e601ad,56,1826,0,1,6652,2047,10.9990,2046,1,6645
3338000,2048,3,3,0,213630974,3,213633022,0,2048,11.0000,2048,1,0xc7167efbaa,65,1855,0,0,6652,2048,11.0000,2048,0,6645
3339000,2048,3,3,0,213694462,3,213696510,0,2046,10.9980,2044,2,0xf7be144c36,81,1831,0,2,6654,2046,10.9980,2044,2,6647
3340000,2048,3,3,0,213759997,3,213762045,0,2046,10.9980,2044,2,0xda8cb553c7,0,1,0,2,6656,2046,10.9980,2044,2,6649
3341000,2048,3,3,0,213823486,3,213825534,0,2045,10.9971,2042,2,0x9b375cd672,50,1859,0,3,6659,2045,10.9971,2042,3,6652
3342000,2048,3,3,0,213886974,3,213889022,0,2047,10.9990,2046,2,0x198b67bf8a,53,1884,0,1,6660,2047,10.9990,2046,1,6653
3343000,2048,3,3,0,213950462,3,213952510,0,2047,10.9990,2046,2,0x92202c4bae,66,1862,0,1,6661,2047,10.9990,2046,1,6654
3344000,2048,3,3,0,214015997,3,214018045,0,2045,10.9971,2042,2,0xb9598baf9e,0,1,0,3,6664,2045,10.9971,2042,3,6657
3345000,2048,3,3,0,214079486,3,214081534,0,2046,10.9980,2044,2,0x79c341bbc4,63,1853,0,2,6666,2046,10.9980,2044,2,6659
3346000,2048,3,3,0,214142974,3,214145022,0,2048,11.0000,2048,1,0x5ce21e4122,68,1864,0,0,6666,2048,11.0000,2048,0,6659
3347000,2048,3,3,0,214206462,3,214208510,0,2047,10.9990,2046,2,0x6f0dd8628e,69,1849,0,1,6667,2047,10.9990,2046,1,6660
3348000,2048,3,3,0,214271997,3,214274045,0,2045,10.9971,2042,2,0x231566c1e7,0,1,0,3,6670,2045,10.9971,2042,3,6663
3349000,2048,3,3,0,214335486,3,214337534,0,2042,10.9941,2036,2,0xa472ff9a60,81,1838,0,6,6676,2042,10.9941,2036,6,6669
3350000,2048,3,3,0,214398974,3,214401022,0,2046,10.9980,2044,2,0x9664785f65,56,1838,0,2,6678,2046,10.9980,2044,2,6671
3351000,2048,3,3,0,214462462,3,214464510,0,2048,11.0000,2048,1,0x38b0f6a12c,59,1850,0,0,6678,2048,11.0000,2048,0,6671
3352000,2048,3,3,0,214527997,3,214530045,0,2047,10.9990,2046,2,0xb3d6058c59,0,1,0,1,6679,2047,10.9990,2046,1,6672
3353000,2048,3,3,0,214591486,3,214593534,0,2047,10.9990,2046,2,0xd2a2c9e084,80,1822,0,1,6680,2047,10.9990,2046,1,6673
3354000,2048,3,3,0,214654974,3,214657022,0,2045,10.9971,2042,2,0x471ba7a069,62,1858,0,3,6683,2045,10.9971,2042,3,6676
3355000,2048,3,3,0,214718462,3,214720510,0,2046,10.9980,2044,2,0x6dcbf74a0a,76,1838,0,2,6685,2046,10.9980,2044,2,6678
3356000,2048,3,3,0,214783997,3,214786045,0,2047,10.9990,2046,2,0xd27b9ff9b1,0,1,0,1,6686,2047,10.9990,2046,1,6679
3357000,2048,3,3,0,214847486,3,214849534,0,2048,11.0000,2048,1,0x73ffaf6045,66,1848,0,0,6686,2048,11.0000,2048,0,6679
3358000,2048,3,3,0,214910974,3,214913022,0,2047,10.9990,2046,2,0xb9e55c4f35,67,1842,0,1,6687,2047,10.9990,2046,1,6680
3359000,2048,3,3,0,214974462,3,214976510,0,2047,10.9990,2046,2,0x3ff1cd07f1,65,1850,0,1,6688,2047,10.9990,2046,1,6681
3360000,2048,3,3,0,215039997,3,215042045,0,2046,10.9980,2044,2,0x6148c428fe,0,1,0,2,6690,2046,10.9980,2044,2,6683
3361000,2048,3,3,0,215103486,3,215105534,0,2047,10.9990,2046,2,0x0672d7ec08,75,1831,0,1,6691,2047,10.9990,2046,1,6684
3362000,2048,3,3,0,215166974,3,215169022,0,2046,10.9980,2044,2,0x907ba2b08f,73,1843,0,2,6693,2046,10.9980,2044,2,6686
3363000,2048,3,3,0,215230462,3,215232510,0,2048,11.0000,2048,1,0x85bd0074d0,65,1836,0,0,6693,2048,11.0000,2048,0,6686
3364000,2048,3,3,0,215295997,3,215298045,0,2047,10.9990,2046,2,0x2fc4a10c76,0,1,0,1,6694,2047,10.9990,2046,1,6687
3365000,2048,3,3,0,215359486,3,215361534,0,2048,11.0000,2048,1,0x8e7214eba6,58,1853,0,0,6694,2048,11.0000,2048,0,6687
3366000,2048,3,3,0,215422974,3,215425022,0,2043,10.9951,2038,2,0x635eefc9f2,72,1860,0,5,6699,2043,10.9951,2038,5,6692
3367000,2048,3,3,0,215486462,3,215488510,0,2047,10.9990,2046,2,0x02f1765629,72,1835,0,1,6700,2047,10.9990,2046,1,6693
3368000,2048,3,3,0,215551997,3,215554045,0,2045,10.9971,2042,2,0xb87bf2ac6f,0,1,0,3,6703,2045,10.9971,2042,3,6696
3369000,2048,3,3,0,215615486,3,215617534,0,2041,10.9932,2034,2,0x1416887b2a,74,1839,0,7,6710,2041,10.9932,2034,7,6703
3370000,2048,3,3,0,215678974,3,215681022,0,2045,10.9971,2042,2,0x0d4a81a5f4,73,1850,0,3,6713,2045,10.9971,2042,3,6706
3371000,2048,3,3,0,215742462,3,215744510,0,2048,11.0000,2048,1,0x8d3c7228ce,53,1855,0,0,6713,2048,11.0000,2048,0,6706
3372000,2048,3,3,0,215807997,3,215810045,0,2046,10.9980,2044,2,0xab6ff69a7f,0,1,0,2,6715,2046,10.9980,2044,2,6708
3373000,2048,3,3,0,215871486,3,215873534,0,2044,10.9961,2040,2,0x50c6870a3c,48,1849,0,4,6719,2044,10.9961,2040,4,6712
3374000,2048,3,3,0,215934974,3,215937022,0,2044,10.9961,2040,2,0x572b909f4a,60,1850,0,4,6723,2044,10.9961,2040,4,6716
3375000,2048,3,3,0,215998462,3,216000510,0,2047,10.9990,2046,2,0xf890a132ee,72,1862,0,1,6724,2047,10.9990,2046,1,6717
3376000,2048,3,3,0,216063997,3,216066045,0,2046,10.9980,2044,2,0xb03bcdc63c,0,1,0,2,6726,2046,10.9980,2044,2,6719
3377000,2048,3,3,0,216127486,3,216129534,0,2046,10.9980,2044,2,0xbbec369c4c,46,1846,0,2,6728,2046,10.9980,2044,2,6721
3378000,2048,3,3,0,216190974,3,216193022,0,2047,10.9990,2046,2,0x63379267c4,58,1871,0,1,6729,2047,10.9990,2046,1,6722
3379000,2048,3,3,0,216254462,3,216256510,0,2047,10.9990,2046,2,0x7edcdddd4e,58,1842,0,1,6730,2047,10.9990,2046,1,6723
3380000,2048,3,3,0,216319997,3,216322045,0,2045,10.9971,2042,2,0xe96b0527d1,0,0,0,3,6733,2045,10.9971,2042,3,6726
3381000,2048,3,3,0,216383486,3,216385534,0,2045,10.9971,2042,2,0xc9e8c7594e,65,1850,0,3,6736,2045,10.9971,2042,3,6729
3382000,2048,3,3,0,216446974,3,216449022,0,2045,10.9971,2042,2,0x36626c338e,80,1864,0,3,6739,2045,10.9971,2042,3,6732
3383000,2048,3,3,0,216510462,3,216512510,0,2045,10.9971,2042,2,0xfe62ddcd89,72,1866,0,3,6742,2045,10.9971,2042,3,6735
3384000,2048,3,3,0,216575997,3,216578045,0,2048,11.0000,2048,1,0x29c9ea85f4,0,1,0,0,6742,2048,11.0000,2048,0,6735
3385000,2048,3,3,0,216639486,3,216641534,0,2044,10.9961,2040,2,0x063719feb4,61,1852,0,4,6746,2044,10.9961,2040,4,6739
3386000,2048,3,3,0,216702974,3,216705022,0,2044,10.9961,2040,2,0xeff6fa9e4a,67,1856,0,4,6750,2044,10.9961,2040,4,6743
3387000,2048,3,3,0,216766462,3,216768510,0,2046,10.9980,2044,2,0xc41445c997,55,1876,0,2,6752,2046,10.9980,2044,2,6745
3388000,2048,3,3,0,216831997,3,216834045,0,2042,10.9941,2036,2,0xe3be7b3c70,0,1,0,6,6758,2042,10.9941,2036,6,6751
3389000,2048,3,3,0,216895486,3,216897534,0,2046,10.9980,2044,2,0xc762869202,57,1850,0,2,6760,2046,10.9980,2044,2,6753
3390000,2048,3,3,0,216958974,3,216961022,0,2045,10.9971,2042,2,0xef8059b1b5,64,1857,0,3,6763,2045,10.9971,2042,3,6756
3391000,2048,3,3,0,217022462,3,217024510,0,2047,10.9990,2046,2,0x738eafe7b5,72,1837,0,1,6764,2047,10.9990,2046,1,6757
3392000,2048,3,3,0,217087997,3,217090045,0,2046,10.9980,2044,2,0x75470ef281,0,1,0,2,6766,2046,10.9980,2044,2,6759
3393000,2048,3,3,0,217151486,3,217153534,0,2046,10.9980,2044,2,0x7b8d96e016,87,1867,0,2,6768,2046,10.9980,2044,2,6761
3394000,2048,3,3,0,217214974,3,217217022,0,2048,11.0000,2048,1,0x38fa95e77a,62,1876,0,0,6768,2048,11.0000,2048,0,6761
3395000,2048,3,3,0,217278462,3,217280510,0,2046,10.9980,2044,2,0x392d648b9c,75,1820,0,2,6770,2046,10.9980,2044,2,6763
3396000,2048,3,3,0,217343997,3,217346045,0,2048,11.0000,2048,1,0xc10fa3882e,0,1,0,0,6770,2048,11.0000,2048,0,6763
3397000,2048,3,3,0,217407486,3,217409534,0,2045,10.9971,2042,2,0xd89f158c73,67,1861,0,3,6773,2045,10.9971,2042,3,6766
3398000,2048,3,3,0,217470974,3,217473022,0,2046,10.9980,2044,2,0x228fae88d4,56,1833,0,2,6775,2046,10.9980,2044,2,6768
3399000,2048,3,3,0,217534462,3,217536510,0,2046,10.9980,2044,2,0x1d344467f1,57,1827,0,2,6777,2046,10.9980,2044,2,6770
3400000,2048,3,3,0,217599997,3,217602045,0,2046,10.9980,2044,2,0x022bfc0282,0,1,0,2,6779,2046,10.9980,2044,2,6772
3401000,2048,3,3,0,217663486,3,217665534,0,2046,10.9980,2044,2,0xc7af3092b3,51,1866,0,2,6781,2046,10.9980,2044,2,6774
3402000,2048,3,3,0,217726974,3,217729022,0,2044,10.9961,2040,2,0xef40f3a63d,73,1847,0,4,6785,2044,10.9961,2040,4,6778
3403000,2048,3,3,0,217790462,3,217792510,0,2047,10.9990,2046,2,0x279930b282,53,1833,0,1,6786,2047,10.9990,2046,1,6779
3404000,2048,3,3,0,217855997,3,217858045,0,2044,10.9961,2040,2,0xf7028089dc,0,1,0,4,6790,2044,10.9961,2040,4,6783
3405000,2048,3,3,0,217919486,3,217921534,0,2044,10.9961,2040,2,0xd53d87b806,69,1849,0,4,6794,2044,10.9961,2040,4,6787
3406000,2048,3,3,0,217982974,3,217985022,0,2047,10.9990,2046,2,0x235914b39b,72,1842,0,1,6795,2047,10.9990,2046,1,6788
3407000,2048,3,3,0,218046462,3,218048510,0,2047,10.9990,2046,2,0x2247df5b5e,63,1829,0,1,6796,2047,10.9990,2046,1,6789
3408000,2048,3,3,0,218111997,3,218114045,0,2046,10.9980,2044,2,0x533fe170d2,0,1,0,2,6798,2046,10.9980,2044,2,6791
3409000,2048,3,3,0,218175486,3,218177534,0,2048,11.0000,2048,1,0x49a526d43f,54,1812,0,0,6798,2048,11.0000,2048,0,6791
3410000,2048,3,3,0,218238974,3,218241022,0,2046,10.9980,2044,2,0xd430a7de5b,58,1846,0,2,6800,2046,10.9980,2044,2,6793
3411000,2048,3,3,0,218302462,3,218304510,0,2047,10.9990,2046,2,0x5661c642fd,68,1840,0,1,6801,2047,10.9990,2046,1,6794
3412000,2048,3,3,0,218367997,3,218370045,0,2045,10.9971,2042,2,0x59a8acc936,0,1,0,3,6804,2045,10.9971,2042,3,6797
3413000,2048,3,3,0,218431486,3,218433534,0,2044,10.9961,2040,2,0x859abb1ab7,63,1853,0,4,6808,2044,10.9961,2040,4,6801
3414000,2048,3,3,0,218494974,3,218497022,0,2044,10.9961,2040,2,0x87b3e58704,53,1849,0,4,6812,2044,10.9961,2040,4,6805
3415000,2048,3,3,0,218558462,3,218560510,0,2043,10.9951,2038,2,0xa923c72c8b,64,1854,0,5,6817,2043,10.9951,2038,5,6810
3416000,2048,3,3,0,218623997,3,218626045,0,2047,10.9990,2046,2,0xb3c141ce8f,0,1,0,1,6818,2047,10.9990,2046,1,6811
3417000,2048,3,3,0,218687486,3,218689534,0,2046,10.9980,2044,2,0x76177dceab,63,1820,0,2,6820,2046,10.9980,2044,2,6813
3418000,2048,3,3,0,218750974,3,218753022,0,2047,10.9990,2046,2,0x8a313395dc,64,1861,0,1,6821,2047,10.9990,2046,1,6814
3419000,2048,3,3,0,218814462,3,218816510,0,2047,10.9990,2046,2,0xe4f92b5e9e,46,1859,0,1,6822,2047,10.9990,2046,1,6815
3420000,2048,3,3,0,218879997,3,218882045,0,2044,10.9961,2040,2,0x1c32b0de10,0,1,0,4,6826,2044,10.9961,2040,4,6819
3421000,2048,3,3,0,218943486,3,218945534,0,2046,10.9980,2044,2,0x3c4c368bb6,72,1825,0,2,6828,2046,10.9980,2044,2,6821
3422000,2048,3,3,0,219006974,3,219009022,0,2046,10.9980,2044,2,0xf6c6cba206,62,1863,0,2,6830,2046,10.9980,2044,2,6823
3423000,2048,3,3,0,219070462,3,219072510,0,2047,10.9990,2046,2,0xc6e8dfba4c,68,1861,0,1,6831,2047,10.9990,2046,1,6824
3424000,2048,3,3,0,219135997,3,219138045,0,2048,11.0000,2048,1,0x8a858df6d2,0,1,0,0,6831,2048,11.0000,2048,0,6824
3425000,2048,3,3,0,219199486,3,219201534,0,2047,10.9990,2046,2,0x8570669973,52,1867,0,1,6832,2047,10.9990,2046,1,6825
3426000,2048,3,3,0,219262974,3,219265022,0,2046,10.9980,2044,2,0xb2726b834b,63,1866,0,2,6834,2046,10.9980,2044,2,6827
3427000,2048,3,3,0,219326462,3,219328510,0,2045,10.9971,2042,2,0x14ad321390,53,1839,0,3,6837,2045,10.9971,2042,3,6830
3428000,2048,3,3,0,219391997,3,219394045,0,2046,10.9980,2044,2,0xf1ae7e05f0,0,1,0,2,6839,2046,10.9980,2044,2,6832
3429000,2048,3,3,0,219455486,3,219457534,0,2045,10.9971,2042,2,0xf16a2400ff,72,1878,0,3,6842,2045,10.9971,2042,3,6835
3430000,2048,3,3,0,219518974,3,219521022,0,2045,10.9971,2042,2,0xa4744fdd71,58,1857,0,3,6845,2045,10.9971,2042,3,6838
3431000,2048,3,3,0,219582462,3,219584510,0,2045,10.9971,2042,2,0xc30e66f6e4,53,1839,0,3,6848,2045,10.9971,2042,3,6841
3432000,2048,3,3,0,219647997,3,219650045,0,2044,10.9961,2040,2,0xa53e620fa3,0,1,0,4,6852,2044,10.9961,2040,4,6845
3433000,2048,3,3,0,219711486,3,219713534,0,2046,10.9980,2044,2,0x35ef1d1081,82,1871,0,2,6854,2046,10.9980,2044,2,6847
3434000,2048,3,3,0,219774974,3,219777022,0,2046,10.9980,2044,2,0xa7c41bbdbe,76,1847,0,2,6856,2046,10.9980,2044,2,6849
3435000,2048,3,3,0,219838462,3,219840510,0,2045,10.9971,2042,2,0x5c737d29fd,45,1862,0,3,6859,2045,10.9971,2042,3,6852
3436000,2048,3,3,0,219903997,3,219906045,0,2045,10.9971,2042,2,0xf6e3ae75ee,0,1,0,3,6862,2045,10.9971,2042,3,6855
3437000,2048,3,3,0,219967486,3,219969534,0,2047,10.9990,2046,2,0x5272d1a845,69,1829,0,1,6863,2047,10.9990,2046,1,6856
3438000,2048,3,3,0,220030974,3,220033022,0,2046,10.9980,2044,2,0x5c45275fb0,71,1854,0,2,6865,2046,10.9980,2044,2,6858
3439000,2048,3,3,0,220094462,3,220096510,0,2047,10.9990,2046,2,0x850eb76867,52,1847,0,1,6866,2047,10.9990,2046,1,6859
3440000,2048,3,3,0,220159997,3,220162045,0,2044,10.9961,2040,2,0x47f3a22602,0,0,0,4,6870,2044,10.9961,2040,4,6863
3441000,2048,3,3,0,220223486,3,220225534,0,2045,10.9971,2042,2,0xb4fe2387ba,64,1829,0,3,6873,2045,10.9971,2042,3,6866
3442000,2048,3,3,0,220286974,3,220289022,0,2046,10.9980,2044,2,0xb871fa8f8f,58,1854,0,2,6875,2046,10.9980,2044,2,6868
3443000,2048,3,3,0,220350462,3,220352510,0,2048,11.0000,2048,1,0x1b541087e9,57,1834,0,0,6875,2048,11.0000,2048,0,6868
3444000,2048,3,3,0,220415997,3,220418045,0,2046,10.9980,2044,2,0x01afb4bc9c,0,1,0,2,6877,2046,10.9980,2044,2,6870
3445000,2048,3,3,0,220479486,3,220481534,0,2046,10.9980,2044,2,0x8d298a31b7,55,1851,0,2,6879,2046,10.9980,2044,2,6872
3446000,2048,3,3,0,220542974,3,220545022,0,2047,10.9990,2046,2,0xbc19d1845d,59,1855,0,1,6880,2047,10.9990,2046,1,6873
3447000,2048,3,3,0,220606462,3,220608510,0,2047,10.9990,2046,2,0x5f1c578aef,56,1840,0,1,6881,2047,10.9990,2046,1,6874
3448000,2048,3,3,0,220671997,3,220674045,0,2044,10.9961,2040,2,0x6956447e31,0,1,0,4,6885,2044,10.9961,2040,4,6878
3449000,2048,3,3,0,220735486,3,220737534,0,2043,10.9951,2038,2,0x4c600a1244,61,1842,0,5,6890,2043,10.9951,2038,5,6883
3450000,2048,3,3,0,220798974,3,220801022,0,2047,10.9990,2046,2,0xd692f31a8e,73,1846,0,1,6891,2047,10.9990,2046,1,6884
3451000,2048,3,3,0,220862462,3,220864510,0,2045,10.9971,2042,2,0xf92b5494d6,71,1856,0,3,6894,2045,10.9971,2042,3,6887
3452000,2048,3,3,0,220927997,3,220930045,0,2046,10.9980,2044,2,0x7988b3d799,0,1,0,2,6896,2046,10.9980,2044,2,6889
3453000,2048,3,3,0,220991486,3,220993534,0,2047,10.9990,2046,2,0x35ba382491,75,1824,0,1,6897,2047,10.9990,2046,1,6890
3454000,2048,3,3,0,221054974,3,221057022,0,2046,10.9980,2044,2,0x7583bcc2a6,68,1858,0,2,6899,2046,10.9980,2044,2,6892
3455000,2048,3,3,0,221118462,3,221120510,0,2048,11.0000,2048,1,0x5841decb44,58,1844,0,0,6899,2048,11.0000,2048,0,6892
3456000,2048,3,3,0,221183997,3,221186045,0,2044,10.9961,2040,2,0xa18dd3b6cc,0,1,0,4,6903,2044,10.9961,2040,4,6896
3457000,2048,3,3,0,221247486,3,221249534,0,2047,10.9990,2046,2,0xc3cce0a128,82,1815,0,1,6904,2047,10.9990,2046,1,6897
3458000,2048,3,3,0,221310974,3,221313022,0,2047,10.9990,2046,2,0x5f71c5d519,70,1850,0,1,6905,2047,10.9990,2046,1,6898
3459000,2048,3,3,0,221374462,3,221376510,0,2045,10.9971,2042,2,0x7675f37188,53,1843,0,3,6908,2045,10.9971,2042,3,6901
3460000,2048,3,3,0,221439997,3,221442045,0,2046,10.9980,2044,2,0x76110b3bcc,0,1,0,2,6910,2046,10.9980,2044,2,6903
3461000,2048,3,3,0,221503486,3,221505534,0,2045,10.9971,2042,2,0xd40aaaa1a0,55,1832,0,3,6913,2045,10.9971,2042,3,6906
3462000,2048,3,3,0,221566974,3,221569022,0,2048,11.0000,2048,1,0x97a9fd804b,61,1828,0,0,6913,2048,11.0000,2048,0,6906
3463000,2048,3,3,0,221630462,3,221632510,0,2047,10.9990,2046,2,0x0f59ef52ce,57,1865,0,1,6914,2047,10.9990,2046,1,6907
3464000,2048,3,3,0,221695997,3,221698045,0,2048,11.0000,2048,1,0x5947c862b8,0,1,0,0,6914,2048,11.0000,2048,0,6907
3465000,2048,3,3,0,221759486,3,221761534,0,2046,10.9980,2044,2,0xeef78ca26e,65,1852,0,2,6916,2046,10.9980,2044,2,6909
3466000,2048,3,3,0,221822974,3,221825022,0,2046,10.9980,2044,2,0x89a38af52f,60,1877,0,2,6918,2046,10.9980,2044,2,6911
3467000,2048,3,3,0,221886462,3,221888510,0,2046,10.9980,2044,2,0x4815440167,81,1861,0,2,6920,2046,10.9980,2044,2,6913
3468000,2048,3,3,0,221951997,3,221954045,0,2044,10.9961,2040,2,0x17eb6fe9ac,0,1,0,4,6924,2044,10.9961,2040,4,6917
3469000,2048,3,3,0,222015486,3,222017534,0,2046,10.9980,2044,2,0x3d897761c3,59,1846,0,2,6926,2046,10.9980,2044,2,6919
3470000,2048,3,3,0,222078974,3,222081022,0,2048,11.0000,2048,1,0x218424c38b,65,1863,0,0,6926,2048,11.0000,2048,0,6919
3471000,2048,3,3,0,222142462,3,222144510,0,2046,10.9980,2044,2,0xef82279dc3,53,1844,0,2,6928,2046,10.9980,2044,2,6921
3472000,2048,3,3,0,222207997,3,222210045,0,2045,10.9971,2042,2,0x51e6c432ba,0,1,0,3,6931,2045,10.9971,2042,3,6924
3473000,2048,3,3,0,222271486,3,222273534,0,2045,10.9971,2042,2,0xd41fbfd010,56,1835,0,3,6934,2045,10.9971,2042,3,6927
3474000,2048,3,3,0,222334974,3,222337022,0,2047,10.9990,2046,2,0x32bfcbd37e,63,1848,0,1,6935,2047,10.9990,2046,1,6928
3475000,2048,3,3,0,222398462,3,222400510,0,2046,10.9980,2044,2,0x27339514b2,74,1847,0,2,6937,2046,10.9980,2044,2,6930
3476000,2048,3,3,0,222463997,3,222466045,0,2043,10.9951,2038,2,0x4fb92e8386,0,1,0,5,6942,2043,10.9951,2038,5,6935
3477000,2048,3,3,0,222527486,3,222529534,0,2045,10.9971,2042,2,0xd47e374105,75,1869,0,3,6945,2045,10.9971,2042,3,6938
3478000,2048,3,3,0,222590974,3,222593022,0,2045,10.9971,2042,2,0x8e78ec9aa2,61,1846,0,3,6948,2045,10.9971,2042,3,6941
3479000,2048,3,3,0,222654462,3,222656510,0,2047,10.9990,2046,2,0x25ec6e5240,62,1837,0,1,6949,2047,10.9990,2046,1,6942
3480000,2048,3,3,0,222719997,3,222722045,0,2046,10.9980,2044,2,0x143c925686,0,1,0,2,6951,2046,10.9980,2044,2,6944
3481000,2048,3,3,0,222783486,3,222785534,0,2047,10.9990,2046,2,0x52f95089de,55,1827,0,1,6952,2047,10.9990,2046,1,6945
3482000,2048,3,3,0,222846974,3,222849022,0,2047,10.9990,2046,2,0x2582a5700f,64,1850,0,1,6953,2047,10.9990,2046,1,6946
3483000,2048,3,3,0,222910462,3,222912510,0,2048,11.0000,2048,1,0xfb79cdf091,73,1871,0,0,6953,2048,11.0000,2048,0,6946
3484000,2048,3,3,0,222975997,3,222978045,0,2047,10.9990,2046,2,0x25d631de07,0,1,0,1,6954,2047,10.9990,2046,1,6947
3485000,2048,3,3,0,223039486,3,223041534,0,2046,10.9980,2044,2,0x101d766065,66,1870,0,2,6956,2046,10.9980,2044,2,6949
3486000,2048,3,3,0,223102974,3,223105022,0,2047,10.9990,2046,2,0x74b3daa3b4,64,1829,0,1,6957,2047,10.9990,2046,1,6950
3487000,2048,3,3,0,223166462,3,223168510,0,2045,10.9971,2042,2,0xcf10e2ba25,63,1866,0,3,6960,2045,10.9971,2042,3,6953
3488000,2048,3,3,0,223231997,3,223234045,0,2047,10.9990,2046,2,0xf8841efec8,0,1,0,1,6961,2047,10.9990,2046,1,6954
3489000,2048,3,3,0,223295486,3,223297534,0,2044,10.9961,2040,2,0x2995b16e61,72,1860,0,4,6965,2044,10.9961,2040,4,6958
3490000,2048,3,3,0,223358974,3,223361022,0,2045,10.9971,2042,2,0xef2232d436,65,1828,0,3,6968,2045,10.9971,2042,3,6961
3491000,2048,3,3,0,223422462,3,223424510,0,2047,10.9990,2046,2,0xd5e7fe5dcb,57,1800,0,1,6969,2047,10.9990,2046,1,6962
3492000,2048,3,3,0,223487997,3,223490045,0,2045,10.9971,2042,2,0x2b6f5bb638,0,1,0,3,6972,2045,10.9971,2042,3,6965
3493000,2048,3,3,0,223551486,3,223553534,0,2045,10.9971,2042,2,0x2fdf59fb37,65,1857,0,3,6975,2045,10.9971,2042,3,6968
3494000,2048,3,3,0,223614974,3,223617022,0,2045,10.9971,2042,2,0x3b912859cc,50,1846,0,3,6978,2045,10.9971,2042,3,6971
3495000,2048,3,3,0,223678462,3,223680510,0,2048,11.0000,2048,1,0xe53f322984,63,1870,0,0,6978,2048,11.0000,2048,0,6971
3496000,2048,3,3,0,223743997,3,223746045,0,2046,10.9980,2044,2,0x86bd86dd52,0,1,0,2,6980,2046,10.9980,2044,2,6973
3497000,2048,3,3,0,223807486,3,223809534,0,2045,10.9971,2042,2,0xe9c7bdb46e,53,1844,0,3,6983,2045,10.9971,2042,3,6976
3498000,2048,3,3,0,223870974,3,223873022,0,2047,10.9990,2046,2,0x814cf6f104,78,1839,0,1,6984,2047,10.9990,2046,1,6977
3499000,2048,3,3,0,223934462,3,223936510,0,2047,10.9990,2046,2,0x262a6032fa,54,1836,0,1,6985,2047,10.9990,2046,1,6978
3500000,2048,3,3,0,223999997,3,224002045,0,2046,10.9980,2044,2,0xbb12711280,0,1,0,2,6987,2046,10.9980,2044,2,6980
3501000,2048,3,3,0,224063486,3,224065534,0,2046,10.9980,2044,2,0x5fc1c4f42f,64,1847,0,2,6989,2046,10.9980,2044,2,6982
3502000,2048,3,3,0,224126974,3,224129022,0,2045,10.9971,2042,2,0xcaaf88b30a,72,1830,0,3,6992,2045,10.9971,2042,3,6985
3503000,2048,3,3,0,224190462,3,224192510,0,2046,10.9980,2044,2,0x477a7a1e2f,64,1826,0,2,6994,2046,10.9980,2044,2,6987
3504000,2048,3,3,0,224255997,3,224258045,0,2047,10.9990,2046,2,0xf373a9a5b3,0,1,0,1,6995,2047,10.9990,2046,1,6988
3505000,2048,3,3,0,224319486,3,224321534,0,2044,10.9961,2040,2,0x8e6b6706d1,70,1822,0,4,6999,2044,10.9961,2040,4,6992
3506000,2048,3,3,0,224382974,3,224385022,0,2047,10.9990,2046,2,0x846dc1c0c6,70,1857,0,1,7000,2047,10.9990,2046,1,6993
3507000,2048,3,3,0,224446462,3,224448510,0,2046,10.9980,2044,2,0x90906cec9b,71,1851,0,2,7002,2046,10.9980,2044,2,6995
3508000,2048,3,3,0,224511997,3,224514045,0,2047,10.9990,2046,2,0xadaf79ed6c,0,1,0,1,7003,2047,10.9990,2046,1,6996
3509000,2048,3,3,0,224575486,3,224577534,0,2046,10.9980,2044,2,0x3429308f57,62,1814,0,2,7005,2046,10.9980,2044,2,6998
3510000,2048,3,3,0,224638974,3,224641022,0,2046,10.9980,2044,2,0x310993d573,63,1838,0,2,7007,2046,10.9980,2044,2,7000
3511000,2048,3,3,0,224702462,3,224704510,0,2045,10.9971,2042,2,0xdf6354d37e,60,1869,0,3,7010,2045,10.9971,2042,3,7003
3512000,2048,3,3,0,224767997,3,224770045,0,2046,10.9980,2044,2,0x31ad3d063e,0,1,0,2,7012,2046,10.9980,2044,2,7005
3513000,2048,3,3,0,224831486,3,224833534,0,2045,10.9971,2042,2,0x158c4728e7,60,1831,0,3,7015,2045,10.9971,2042,3,7008
3514000,2048,3,3,0,224894974,3,224897022,0,2046,10.9980,2044,2,0x050a6e558d,65,1844,0,2,7017,2046,10.9980,2044,2,7010
3515000,2048,3,3,0,224958462,3,224960510,0,2048,11.0000,2048,1,0xbcfdea6882,55,1857,0,0,7017,2048,11.0000,2048,0,7010
3516000,2048,3,3,0,225023997,3,225026045,0,2044,10.9961,2040,2,0x835369cc3a,0,1,0,4,7021,2044,10.9961,2040,4,7014
3517000,2048,3,3,0,225087486,3,225089534,0,2046,10.9980,2044,2,0xea12e37967,65,1850,0,2,7023,2046,10.9980,2044,2,7016
3518000,2048,3,3,0,225150974,3,225153022,0,2046,10.9980,2044,2,0x91bc7181a3,63,1871,0,2,7025,2046,10.9980,2044,2,7018
3519000,2048,3,3,0,225214462,3,225216510,0,2045,10.9971,2042,2,0xa1e22dfc64,81,1837,0,3,7028,2045,10.9971,2042,3,7021
3520000,2048,3,3,0,225279997,3,225282045,0,2046,10.9980,2044,2,0x6397143734,0,1,0,2,7030,2046,10.9980,2044,2,7023
3521000,2048,3,3,0,225343486,3,225345534,0,2048,11.0000,2048,1,0xe8d0133237,59,1852,0,0,7030,2048,11.0000,2048,0,7023
3522000,2048,3,3,0,225406974,3,225409022,0,2045,10.9971,2042,2,0xd9740ff245,47,1837,0,3,7033,2045,10.9971,2042,3,7026
3523000,2048,3,3,0,225470462,3,225472510,0,2047,10.9990,2046,2,0x380a8fdb85,69,1854,0,1,7034,2047,10.9990,2046,1,7027
3524000,2048,3,3,0,225535997,3,225538045,0,2048,11.0000,2048,1,0xc49850acf6,0,1,0,0,7034,2048,11.0000,2048,0,7027
3525000,2048,3,3,0,225599486,3,225601534,0,2047,10.9990,2046,2,0x56b9e9671b,68,1850,0,1,7035,2047,10.9990,2046,1,7028
3526000,2048,3,3,0,225662974,3,225665022,0,2046,10.9980,2044,2,0x17f9eac498,60,1839,0,2,7037,2046,10.9980,2044,2,7030
3527000,2048,3,3,0,225726462,3,225728510,0,2046,10.9980,2044,2,0x6ce5553f2c,58,1858,0,2,7039,2046,10.9980,2044,2,7032
3528000,2048,3,3,0,225791997,3,225794045,0,2044,10.9961,2040,2,0x33532465ef,0,1,0,4,7043,2044,10.9961,2040,4,7036
3529000,2048,3,3,0,225855486,3,225857534,0,2047,10.9990,2046,2,0xe6e6023621,67,1842,0,1,7044,2047,10.9990,2046,1,7037
3530000,2048,3,3,0,225918974,3,225921022,0,2045,10.9971,2042,2,0x50b81debf2,74,1879,0,3,7047,2045,10.9971,2042,3,7040
3531000,2048,3,3,0,225982462,3,225984510,0,2046,10.9980,2044,2,0x655a1f2dee,53,1847,0,2,7049,2046,10.9980,2044,2,7042
3532000,2048,3,3,0,226047997,3,226050045,0,2047,10.9990,2046,2,0x9659c52efe,0,1,0,1,7050,2047,10.9990,2046,1,7043
3533000,2048,3,3,0,226111486,3,226113534,0,2044,10.9961,2040,2,0xda72509051,59,1846,0,4,7054,2044,10.9961,2040,4,7047
3534000,2048,3,3,0,226174974,3,226177022,0,2047,10.9990,2046,2,0x5c35b4e6c2,59,1839,0,1,7055,2047,10.9990,2046,1,7048
3535000,2048,3,3,0,226238462,3,226240510,0,2048,11.0000,2048,1,0xdca8705a7e,65,1857,0,0,7055,2048,11.0000,2048,0,7048
3536000,2048,3,3,0,226303997,3,226306045,0,2047,10.9990,2046,2,0xd4fa8d45c8,0,1,0,1,7056,2047,10.9990,2046,1,7049
3537000,2048,3,3,0,226367486,3,226369534,0,2046,10.9980,2044,2,0xb1033cfcb3,59,1848,0,2,7058,2046,10.9980,2044,2,7051
3538000,2048,3,3,0,226430974,3,226433022,0,2047,10.9990,2046,2,0xe88e01720d,73,1852,0,1,7059,2047,10.9990,2046,1,7052
3539000,2048,3,3,0,226494462,3,226496510,0,2045,10.9971,2042,2,0x6c32d46e8f,71,1844,0,3,7062,2045,10.9971,2042,3,7055
3540000,2048,3,3,0,226559997,3,226562045,0,2046,10.9980,2044,2,0x0abe416f17,0,1,0,2,7064,2046,10.9980,2044,2,7057
3541000,2048,3,3,0,226623486,3,226625534,0,2044,10.9961,2040,2,0x40c33eac04,79,1839,0,4,7068,2044,10.9961,2040,4,7061
3542000,2048,3,3,0,226686974,3,226689022,0,2044,10.9961,2040,2,0x4783237f76,61,1827,0,4,7072,2044,10.9961,2040,4,7065
3543000,2048,3,3,0,226750462,3,226752510,0,2048,11.0000,2048,1,0x88c2fa4f7d,70,1847,0,0,7072,2048,11.0000,2048,0,7065
3544000,2048,3,3,0,226815997,3,226818045,0,2045,10.9971,2042,2,0x4a6a9f0b0a,0,1,0,3,7075,2045,10.9971,2042,3,7068
3545000,2048,3,3,0,226879486,3,226881534,0,2046,10.9980,2044,2,0xc672a48cb6,73,1835,0,2,7077,2046,10.9980,2044,2,7070
3546000,2048,3,3,0,226942974,3,226945022,0,2046,10.9980,2044,2,0xc2867ba843,64,1844,0,2,7079,2046,10.9980,2044,2,7072
3547000,2048,3,3,0,227006462,3,227008510,0,2047,10.9990,2046,2,0xc3a01528a5,84,1833,0,1,7080,2047,10.9990,2046,1,7073
3548000,2048,3,3,0,227071997,3,227074045,0,2047,10.9990,2046,2,0x4a0c0865b5,0,1,0,1,7081,2047,10.9990,2046,1,7074
3549000,2048,3,3,0,227135486,3,227137534,0,2046,10.9980,2044,2,0x617c19d773,69,1856,0,2,7083,2046,10.9980,2044,2,7076
3550000,2048,3,3,0,227198974,3,227201022,0,2045,10.9971,2042,2,0x33623e1b09,60,1851,0,3,7086,2045,10.9971,2042,3,7079
3551000,2048,3,3,0,227262462,3,227264510,0,2047,10.9990,2046,2,0x8a388e3c22,68,1861,0,1,7087,2047,10.9990,2046,1,7080
3552000,2048,3,3,0,227327997,3,227330045,0,2046,10.9980,2044,2,0x320521ce85,0,1,0,2,7089,2046,10.9980,2044,2,7082
3553000,2048,3,3,0,227391486,3,227393534,0,2047,10.9990,2046,2,0xab05d32402,76,1843,0,1,7090,2047,10.9990,2046,1,7083
3554000,2048,3,3,0,227454974,3,227457022,0,2045,10.9971,2042,2,0x887cc8bd7f,73,1834,0,3,7093,2045,10.9971,2042,3,7086
3555000,2048,3,3,0,227518462,3,227520510,0,2047,10.9990,2046,2,0xd5bdcabfb7,66,1827,0,1,7094,2047,10.9990,2046,1,7087
3556000,2048,3,3,0,227583997,3,227586045,0,2047,10.9990,2046,2,0x25b75631be,0,1,0,1,7095,2047,10.9990,2046,1,7088
3557000,2048,3,3,0,227647486,3,227649534,0,2042,10.9941,2036,2,0x985c175e4f,70,1839,0,6,7101,2042,10.9941,2036,6,7094
3558000,2048,3,3,0,227710974,3,227713022,0,2047,10.9990,2046,2,0x27b6d6191b,65,1840,0,1,7102,2047,10.9990,2046,1,7095
3559000,2048,3,3,0,227774462,3,227776510,0,2046,10.9980,2044,2,0x8a8f7045ab,83,1843,0,2,7104,2046,10.9980,2044,2,7097
3560000,2048,3,3,0,227839997,3,227842045,0,2048,11.0000,2048,1,0x3dea19e1b6,0,1,0,0,7104,2048,11.0000,2048,0,7097
3561000,2048,3,3,0,227903486,3,227905534,0,2047,10.9990,2046,2,0x2ddeb6e671,74,1831,0,1,7105,2047,10.9990,2046,1,7098
3562000,2048,3,3,0,227966974,3,227969022,0,2048,11.0000,2048,1,0xa0ccba32aa,63,1857,0,0,7105,2048,11.0000,2048,0,7098
3563000,2048,3,3,0,228030462,3,228032510,0,2048,11.0000,2048,1,0x0e8fed831a,64,1842,0,0,7105,2048,11.0000,2048,0,7098
3564000,2048,3,3,0,228095997,3,228098045,0,2046,10.9980,2044,2,0x55a0ab0da6,0,1,0,2,7107,2046,10.9980,2044,2,7100
3565000,2048,3,3,0,228159486,3,228161534,0,2046,10.9980,2044,2,0xb099706140,61,1828,0,2,7109,2046,10.9980,2044,2,7102
3566000,2048,3,3,0,228222974,3,228225022,0,2047,10.9990,2046,2,0xc86646fe1b,63,1858,0,1,7110,2047,10.9990,2046,1,7103
3567000,2048,3,3,0,228286462,3,228288510,0,2046,10.9980,2044,2,0xe7f02adde2,71,1847,0,2,7112,2046,10.9980,2044,2,7105
3568000,2048,3,3,0,228351997,3,228354045,0,2046,10.9980,2044,2,0x0680268a05,0,1,0,2,7114,2046,10.9980,2044,2,7107
3569000,2048,3,3,0,228415486,3,228417534,0,2043,10.9951,2038,2,0x070b3e7755,69,1812,0,5,7119,2043,10.9951,2038,5,7112
3570000,2048,3,3,0,228478974,3,228481022,0,2047,10.9990,2046,2,0xa661a8cb68,57,1828,0,1,7120,2047,10.9990,2046,1,7113
3571000,2048,3,3,0,228542462,3,228544510,0,2046,10.9980,2044,2,0xc96f84e8fe,65,1837,0,2,7122,2046,10.9980,2044,2,7115
3572000,2048,3,3,0,228607997,3,228610045,0,2046,10.9980,2044,2,0xf2474aa7ea,0,1,0,2,7124,2046,10.9980,2044,2,7117
3573000,2048,3,3,0,228671486,3,228673534,0,2045,10.9971,2042,2,0x556cc3ba74,63,1854,0,3,7127,2045,10.9971,2042,3,7120
3574000,2048,3,3,0,228734974,3,228737022,0,2045,10.9971,2042,2,0x10fbb6e44d,64,1858,0,3,7130,2045,10.9971,2042,3,7123
3575000,2048,3,3,0,228798462,3,228800510,0,2048,11.0000,2048,1,0x30a0658798,60,1846,0,0,7130,2048,11.0000,2048,0,7123
3576000,2048,3,3,0,228863997,3,228866045,0,2045,10.9971,2042,2,0x5c0e9588d6,0,1,0,3,7133,2045,10.9971,2042,3,7126
3577000,2048,3,3,0,228927486,3,228929534,0,2047,10.9990,2046,2,0x0ebff13da6,77,1858,0,1,7134,2047,10.9990,2046,1,7127
3578000,2048,3,3,0,228990974,3,228993022,0,2048,11.0000,2048,1,0x8c65c6eda2,57,1849,0,0,7134,2048,11.0000,2048,0,7127
3579000,2048,3,3,0,229054462,3,229056510,0,2046,10.9980,2044,2,0x7ed6ca6757,56,1835,0,2,7136,2046,10.9980,2044,2,7129
3580000,2048,3,3,0,229119997,3,229122045,0,2047,10.9990,2046,2,0x581a0f5554,0,1,0,1,7137,2047,10.9990,2046,1,7130
3581000,2048,3,3,0,229183486,3,229185534,0,2048,11.0000,2048,1,0x59340f8f07,58,1850,0,0,7137,2048,11.0000,2048,0,7130
3582000,2048,3,3,0,229246974,3,229249022,0,2047,10.9990,2046,2,0x77d6e29e50,53,1840,0,1,7138,2047,10.9990,2046,1,7131
3583000,2048,3,3,0,229310462,3,229312510,0,2047,10.9990,2046,2,0xfd21d74483,46,1845,0,1,7139,2047,10.9990,2046,1,7132
3584000,2048,3,3,0,229375997,3,229378045,0,2045,10.9971,2042,2,0xbc6424536a,0,1,0,3,7142,2045,10.9971,2042,3,7135
3585000,2048,3,3,0,229439486,3,229441534,0,2048,11.0000,2048,1,0x07856dd1e2,66,1860,0,0,7142,2048,11.0000,2048,0,7135
3586000,2048,3,3,0,229502974,3,229505022,0,2046,10.9980,2044,2,0x000d108280,80,1859,0,2,7144,2046,10.9980,2044,2,7137
3587000,2048,3,3,0,229566462,3,229568510,0,2048,11.0000,2048,1,0xff6db24b06,52,1851,0,0,7144,2048,11.0000,2048,0,7137
3588000,2048,3,3,0,229631997,3,229634045,0,2047,10.9990,2046,2,0xd10f36f8c9,0,1,0,1,7145,2047,10.9990,2046,1,7138
3589000,2048,3,3,0,229695486,3,229697534,0,2045,10.9971,2042,2,0x3bdc6eebde,75,1845,0,3,7148,2046,10.9980,2044,2,7140
3590000,2048,3,3,0,229758974,3,229761022,0,2046,10.9980,2044,2,0x1ed9fa21f8,57,1841,0,2,7150,2046,10.9980,2044,2,7142
3591000,2048,3,3,0,229822462,3,229824510,0,2044,10.9961,2040,2,0x2de5a0a962,83,1825,0,4,7154,2044,10.9961,2040,4,7146
3592000,2048,3,3,0,229887997,3,229890045,0,2046,10.9980,2044,2,0xfd87db1112,0,1,0,2,7156,2046,10.9980,2044,2,7148
3593000,2048,3,3,0,229951486,3,229953534,0,2044,10.9961,2040,2,0x041211f0d3,67,1861,0,4,7160,2044,10.9961,2040,4,7152
3594000,2048,3,3,0,230014974,3,230017022,0,2048,11.0000,2048,1,0xd55fe118a0,75,1848,0,0,7160,2048,11.0000,2048,0,7152
3595000,2048,3,3,0,230078462,3,230080510,0,2045,10.9971,2042,2,0x37f1d3dc42,77,1854,0,3,7163,2045,10.9971,2042,3,7155
3596000,2048,3,3,0,230143997,3,230146045,0,2047,10.9990,2046,2,0x13f80bae44,0,1,0,1,7164,2047,10.9990,2046,1,7156
3597000,2048,3,3,0,230207486,3,230209534,0,2046,10.9980,2044,2,0x2d9f777dee,74,1827,0,2,7166,2046,10.9980,2044,2,7158
3598000,2048,3,3,0,230270974,3,230273022,0,2045,10.9971,2042,2,0x53360a662b,72,1864,0,3,7169,2045,10.9971,2042,3,7161
3599000,2048,3,3,0,230334462,3,230336510,0,2048,11.0000,2048,1,0x22e8985ec7,84,1830,0,0,7169,2048,11.0000,2048,0,7161
3600000,2048,3,3,0,230399997,3,230402045,0,2047,10.9990,2046,2,0xd5f5434b7f,0,1,0,1,7170,2047,10.9990,2046,1,7162
3601000,2048,3,3,0,230463486,3,230465534,0,2046,10.9980,2044,2,0xc03b0442a3,61,1845,0,2,7172,2046,10.9980,2044,2,7164
3602000,2048,3,3,0,230526974,3,230529022,0,2047,10.9990,2046,2,0xa6d615b7eb,70,1839,0,1,7173,2047,10.9990,2046,1,7165
3603000,2048,3,3,0,230590462,3,230592510,0,2047,10.9990,2046,2,0x9f523af33b,69,1855,0,1,7174,2047,10.9990,2046,1,7166
3604000,2048,3,3,0,230655997,3,230658045,0,2046,10.9980,2044,2,0x376c05dd38,0,1,0,2,7176,2046,10.9980,2044,2,7168
3605000,2048,3,3,0,230719486,3,230721534,0,2046,10.9980,2044,2,0xae1f8bda08,68,1824,0,2,7178,2046,10.9980,2044,2,7170
3606000,2048,3,3,0,230782974,3,230785022,0,2046,10.9980,2044,2,0x1d34cc2608,59,1863,0,2,7180,2046,10.9980,2044,2,7172
3607000,2048,3,3,0,230846462,3,230848510,0,2045,10.9971,2042,2,0x1bce7efcbe,80,1836,0,3,7183,2045,10.9971,2042,3,7175
3608000,2048,3,3,0,230911997,3,230914045,0,2045,10.9971,2042,2,0xcfdae9558f,0,1,0,3,7186,2045,10.9971,2042,3,7178
3609000,2048,3,3,0,230975486,3,230977534,0,2047,10.9990,2046,2,0x5ab479da78,71,1866,0,1,7187,2047,10.9990,2046,1,7179
3610000,2048,3,3,0,231038974,3,231041022,0,2047,10.9990,2046,2,0x9cc3471273,72,1853,0,1,7188,2047,10.9990,2046,1,7180
3611000,2048,3,3,0,231102462,3,231104510,0,2047,10.9990,2046,2,0x4f883cc8e2,57,1861,0,1,7189,2047,10.9990,2046,1,7181
3612000,2048,3,3,0,231167997,3,231170045,0,2042,10.9941,2036,2,0x760a25061a,0,1,0,6,7195,2042,10.9941,2036,6,7187
3613000,2048,3,3,0,231231486,3,231233534,0,2046,10.9980,2044,2,0x8eddb80e6d,69,1834,0,2,7197,2046,10.9980,2044,2,7189
3614000,2048,3,3,0,231294974,3,231297022,0,2046,10.9980,2044,2,0x994513beac,58,1861,0,2,7199,2046,10.9980,2044,2,7191
3615000,2048,3,3,0,231358462,3,231360510,0,2047,10.9990,2046,2,0x7177d7f2c9,71,1854,0,1,7200,2047,10.9990,2046,1,7192
3616000,2048,3,3,0,231423997,3,231426045,0,2047,10.9990,2046,2,0x2225831dd1,0,1,0,1,7201,2047,10.9990,2046,1,7193
3617000,2048,3,3,0,231487486,3,231489534,0,2048,11.0000,2048,1,0x2fd0f16640,74,1861,0,0,7201,2048,11.0000,2048,0,7193
3618000,2048,3,3,0,231550974,3,231553022,0,2048,11.0000,2048,1,0x0f06d105b0,62,1840,0,0,7201,2048,11.0000,2048,0,7193
3619000,2048,3,3,0,231614462,3,231616510,0,2045,10.9971,2042,2,0x14b4915372,72,1858,0,3,7204,2045,10.9971,2042,3,7196
3620000,2048,3,3,0,231679997,3,231682045,0,2048,11.0000,2048,1,0xb291d23a9f,0,1,0,0,7204,2048,11.0000,2048,0,7196
3621000,2048,3,3,0,231743486,3,231745534,0,2046,10.9980,2044,2,0x349e313465,73,1848,0,2,7206,2046,10.9980,2044,2,7198
3622000,2048,3,3,0,231806974,3,231809022,0,2046,10.9980,2044,2,0x2769bd42d3,63,1842,0,2,7208,2046,10.9980,2044,2,7200
3623000,2048,3,3,0,231870462,3,231872510,0,2046,10.9980,2044,2,0x2bd93e7125,69,1861,0,2,7210,2046,10.9980,2044,2,7202
3624000,2048,3,3,0,231935997,3,231938045,0,2046,10.9980,2044,2,0x84b2183b9b,0,1,0,2,7212,2046,10.9980,2044,2,7204
3625000,2048,3,3,0,231999486,3,232001534,0,2043,10.9951,2038,2,0xb3737d0e1a,66,1844,0,5,7217,2043,10.9951,2038,5,7209
3626000,2048,3,3,0,232062974,3,232065022,0,2047,10.9990,2046,2,0x79f0fd8ec9,63,1859,0,1,7218,2047,10.9990,2046,1,7210
3627000,2048,3,3,0,232126462,3,232128510,0,2045,10.9971,2042,2,0x4288195c1c,71,1853,0,3,7221,2045,10.9971,2042,3,7213
3628000,2048,3,3,0,232191997,3,232194045,0,2043,10.9951,2038,2,0x46a5684270,0,1,0,5,7226,2043,10.9951,2038,5,7218
3629000,2048,3,3,0,232255486,3,232257534,0,2048,11.0000,2048,1,0x1b18d18e0b,57,1832,0,0,7226,2048,11.0000,2048,0,7218
3630000,2048,3,3,0,232318974,3,232321022,0,2047,10.9990,2046,2,0x08f114ca45,70,1864,0,1,7227,2047,10.9990,2046,1,7219
3631000,2048,3,3,0,232382462,3,232384510,0,2048,11.0000,2048,1,0x0ae548cc8b,62,1843,0,0,7227,2048,11.0000,2048,0,7219
3632000,2048,3,3,0,232447997,3,232450045,0,2048,11.0000,2048,1,0x6bb3707ecb,0,1,0,0,7227,2048,11.0000,2048,0,7219
3633000,2048,3,3,0,232511486,3,232513534,0,2047,10.9990,2046,2,0x803dd54071,67,1850,0,1,7228,2047,10.9990,2046,1,7220
3634000,2048,3,3,0,232574974,3,232577022,0,2046,10.9980,2044,2,0x02d3af1877,71,1848,0,2,7230,2046,10.9980,2044,2,7222
3635000,2048,3,3,0,232638462,3,232640510,0,2047,10.9990,2046,2,0x92951c6f70,58,1814,0,1,7231,2047,10.9990,2046,1,7223
3636000,2048,3,3,0,232703997,3,232706045,0,2047,10.9990,2046,2,0x5dbc71ca93,0,1,0,1,7232,2047,10.9990,2046,1,7224
3637000,2048,3,3,0,232767486,3,232769534,0,2045,10.9971,2042,2,0x90d150c263,59,1842,0,3,7235,2045,10.9971,2042,3,7227
3638000,2048,3,3,0,232830974,3,232833022,0,2047,10.9990,2046,2,0x076def9602,74,1869,0,1,7236,2047,10.9990,2046,1,7228
3639000,2048,3,3,0,232894462,3,232896510,0,2047,10.9990,2046,2,0xe2623c3723,65,1869,0,1,7237,2047,10.9990,2046,1,7229
3640000,2048,3,3,0,232959997,3,232962045,0,2046,10.9980,2044,2,0x337e90594d,0,1,0,2,7239,2046,10.9980,2044,2,7231
3641000,2048,3,3,0,233023486,3,233025534,0,2047,10.9990,2046,2,0x2788a9fe51,69,1859,0,1,7240,2047,10.9990,2046,1,7232
3642000,2048,3,3,0,233086974,3,233089022,0,2046,10.9980,2044,2,0x067f6e11dd,72,1843,0,2,7242,2046,10.9980,2044,2,7234
3643000,2048,3,3,0,233150462,3,233152510,0,2046,10.9980,2044,2,0x16cbafb861,72,1851,0,2,7244,2046,10.9980,2044,2,7236
3644000,2048,3,3,0,233215997,3,233218045,0,2044,10.9961,2040,2,0xd0638256c8,0,0,0,4,7248,2044,10.9961,2040,4,7240
3645000,2048,3,3,0,233279486,3,233281534,0,2048,11.0000,2048,1,0xebff8921b2,55,1847,0,0,7248,2048,11.0000,2048,0,7240
3646000,2048,3,3,0,233342974,3,233345022,0,2047,10.9990,2046,2,0x51d261823f,60,1851,0,1,7249,2047,10.9990,2046,1,7241
3647000,2048,3,3,0,233406462,3,233408510,0,2046,10.9980,2044,2,0x46a5ab811f,62,1869,0,2,7251,2046,10.9980,2044,2,7243
3648000,2048,3,3,0,233471997,3,233474045,0,2048,11.0000,2048,1,0xae308cca4a,0,1,0,0,7251,2048,11.0000,2048,0,7243
3649000,2048,3,3,0,233535486,3,233537534,0,2046,10.9980,2044,2,0x650655b6ab,52,1839,0,2,7253,2046,10.9980,2044,2,7245
3650000,2048,3,3,0,233598974,3,233601022,0,2045,10.9971,2042,2,0xc07e0d2d98,66,1840,0,3,7256,2045,10.9971,2042,3,7248
3651000,2048,3,3,0,233662462,3,233664510,0,2045,10.9971,2042,2,0xa13665f1d8,59,1852,0,3,7259,2045,10.9971,2042,3,7251
3652000,2048,3,3,0,233727997,3,233730045,0,2047,10.9990,2046,2,0x4fc2cb9db2,0,1,0,1,7260,2047,10.9990,2046,1,7252
3653000,2048,3,3,0,233791486,3,233793534,0,2047,10.9990,2046,2,0x6c40b9e0fe,60,1847,0,1,7261,2047,10.9990,2046,1,7253
3654000,2048,3,3,0,233854974,3,233857022,0,2045,10.9971,2042,2,0x8721e8a2d0,70,1857,0,3,7264,2045,10.9971,2042,3,7256
3655000,2048,3,3,0,233918462,3,233920510,0,2043,10.9951,2038,2,0x4890d53a67,76,1852,0,5,7269,2043,10.9951,2038,5,7261
3656000,2048,3,3,0,233983997,3,233986045,0,2046,10.9980,2044,2,0xf9af291bb7,0,1,0,2,7271,2046,10.9980,2044,2,7263
3657000,2048,3,3,0,234047486,3,234049534,0,2048,11.0000,2048,1,0x7574a9bb36,63,1836,0,0,7271,2048,11.0000,2048,0,7263
3658000,2048,3,3,0,234110974,3,234113022,0,2045,10.9971,2042,2,0x878652e0dc,51,1846,0,3,7274,2045,10.9971,2042,3,7266
3659000,2048,3,3,0,234174462,3,234176510,0,2045,10.9971,2042,2,0x0c1c3d750b,78,1838,0,3,7277,2045,10.9971,2042,3,7269
3660000,2048,3,3,0,234239997,3,234242045,0,2044,10.9961,2040,2,0x911ad58c68,0,0,0,4,7281,2044,10.9961,2040,4,7273
3661000,2048,3,3,0,234303486,3,234305534,0,2045,10.9971,2042,2,0xb5ab9cfe4b,76,1836,0,3,7284,2045,10.9971,2042,3,7276
3662000,2048,3,3,0,234366974,3,234369022,0,2046,10.9980,2044,2,0x67c8d00382,69,1849,0,2,7286,2046,10.9980,2044,2,7278
3663000,2048,3,3,0,234430462,3,234432510,0,2046,10.9980,2044,2,0x57c0879123,58,1851,0,2,7288,2046,10.9980,2044,2,7280
3664000,2048,3,3,0,234495997,3,234498045,0,2047,10.9990,2046,2,0xec69b5bbdb,0,1,0,1,7289,2047,10.9990,2046,1,7281
3665000,2048,3,3,0,234559486,3,234561534,0,2048,11.0000,2048,1,0xf20625257c,59,1844,0,0,7289,2048,11.0000,2048,0,7281
3666000,2048,3,3,0,234622974,3,234625022,0,2046,10.9980,2044,2,0xfc9fbfba21,58,1836,0,2,7291,2046,10.9980,2044,2,7283
3667000,2048,3,3,0,234686462,3,234688510,0,2047,10.9990,2046,2,0x6973242790,57,1820,0,1,7292,2047,10.9990,2046,1,7284
3668000,2048,3,3,0,234751997,3,234754045,0,2046,10.9980,2044,2,0x165d5aa196,1,1,0,2,7294,2046,10.9980,2044,2,7286
3669000,2048,3,3,0,234815486,3,234817534,0,2046,10.9980,2044,2,0xefb36fba36,70,1834,0,2,7296,2046,10.9980,2044,2,7288
3670000,2048,3,3,0,234878974,3,234881022,0,2048,11.0000,2048,1,0xf609caf397,66,1861,0,0,7296,2048,11.0000,2048,0,7288
3671000,2048,3,3,0,234942462,3,234944510,0,2048,11.0000,2048,1,0x4744cdea8e,74,1855,0,0,7296,2048,11.0000,2048,0,7288
3672000,2048,3,3,0,235007997,3,235010045,0,2047,10.9990,2046,2,0xdc9ddd8caa,0,1,0,1,7297,2047,10.9990,2046,1,7289
3673000,2048,3,3,0,235071486,3,235073534,0,2047,10.9990,2046,2,0x8601802756,76,1864,0,1,7298,2047,10.9990,2046,1,7290
3674000,2048,3,3,0,235134974,3,235137022,0,2044,10.9961,2040,2,0x37a3139269,47,1862,0,4,7302,2044,10.9961,2040,4,7294
3675000,2048,3,3,0,235198462,3,235200510,0,2048,11.0000,2048,1,0x5cb861fb29,58,1823,0,0,7302,2048,11.0000,2048,0,7294
3676000,2048,3,3,0,235263997,3,235266045,0,2046,10.9980,2044,2,0x7a6ab14601,0,1,0,2,7304,2046,10.9980,2044,2,7296
3677000,2048,3,3,0,235327486,3,235329534,0,2047,10.9990,2046,2,0x1afe07a8c1,75,1856,0,1,7305,2047,10.9990,2046,1,7297
3678000,2048,3,3,0,235390974,3,235393022,0,2043,10.9951,2038,2,0x758776df20,67,1842,0,5,7310,2043,10.9951,2038,5,7302
3679000,2048,3,3,0,235454462,3,235456510,0,2045,10.9971,2042,2,0x1536cb5421,62,1829,0,3,7313,2045,10.9971,2042,3,7305
3680000,2048,3,3,0,235519997,3,235522045,0,2046,10.9980,2044,2,0x6c132c1eb2,0,1,0,2,7315,2046,10.9980,2044,2,7307
3681000,2048,3,3,0,235583486,3,235585534,0,2045,10.9971,2042,2,0x2e695d718b,47,1838,0,3,7318,2045,10.9971,2042,3,7310
3682000,2048,3,3,0,235646974,3,235649022,0,2046,10.9980,2044,2,0x617b1b0b71,59,1807,0,2,7320,2046,10.9980,2044,2,7312
3683000,2048,3,3,0,235710462,3,235712510,0,2045,10.9971,2042,2,0x2800096007,81,1839,0,3,7323,2045,10.9971,2042,3,7315
3684000,2048,3,3,0,235775997,3,235778045,0,2045,10.9971,2042,2,0x9db5d60bd0,0,1,0,3,7326,2045,10.9971,2042,3,7318
3685000,2048,3,3,0,235839486,3,235841534,0,2047,10.9990,2046,2,0x83712e1764,75,1853,0,1,7327,2047,10.9990,2046,1,7319
3686000,2048,3,3,0,235902974,3,235905022,0,2044,10.9961,2040,2,0xcbbbd0f2e6,61,1876,0,4,7331,2044,10.9961,2040,4,7323
3687000,2048,3,3,0,235966462,3,235968510,0,2046,10.9980,2044,2,0x0a1ac1e130,57,1838,0,2,7333,2046,10.9980,2044,2,7325
3688000,2048,3,3,0,236031997,3,236034045,0,2047,10.9990,2046,2,0x84d89ea6c3,0,1,0,1,7334,2047,10.9990,2046,1,7326
3689000,2048,3,3,0,236095486,3,236097534,0,2048,11.0000,2048,1,0xa669648e9b,81,1850,0,0,7334,2048,11.0000,2048,0,7326
3690000,2048,3,3,0,236158974,3,236161022,0,2047,10.9990,2046,2,0x01c9535e5c,60,1849,0,1,7335,2047,10.9990,2046,1,7327
3691000,2048,3,3,0,236222462,3,236224510,0,2047,10.9990,2046,2,0x2a01c9b14c,68,1856,0,1,7336,2047,10.9990,2046,1,7328
3692000,2048,3,3,0,236287997,3,236290045,0,2047,10.9990,2046,2,0x54f14a74a0,0,0,0,1,7337,2047,10.9990,2046,1,7329
3693000,2048,3,3,0,236351486,3,236353534,0,2045,10.9971,2042,2,0x46b57c243d,70,1859,0,3,7340,2045,10.9971,2042,3,7332
3694000,2048,3,3,0,236414974,3,236417022,0,2046,10.9980,2044,2,0xa93c543e61,54,1825,0,2,7342,2046,10.9980,2044,2,7334
3695000,2048,3,3,0,236478462,3,236480510,0,2046,10.9980,2044,2,0xb9d110ef30,61,1832,0,2,7344,2046,10.9980,2044,2,7336
3696000,2048,3,3,0,236543997,3,236546045,0,2043,10.9951,2038,2,0x794145be21,0,1,0,5,7349,2043,10.9951,2038,5,7341
3697000,2048,3,3,0,236607486,3,236609534,0,2047,10.9990,2046,2,0x7de1a8476e,56,1838,0,1,7350,2047,10.9990,2046,1,7342
3698000,2048,3,3,0,236670974,3,236673022,0,2045,10.9971,2042,2,0x268eca0c30,59,1842,0,3,7353,2045,10.9971,2042,3,7345
3699000,2048,3,3,0,236734462,3,236736510,0,2047,10.9990,2046,2,0x964d748042,45,1843,0,1,7354,2047,10.9990,2046,1,7346
3700000,2048,3,3,0,236799997,3,236802045,0,2046,10.9980,2044,2,0x3a4f9b5f5b,0,1,0,2,7356,2046,10.9980,2044,2,7348
3701000,2048,3,3,0,236863486,3,236865534,0,2047,10.9990,2046,2,0xd048788316,63,1868,0,1,7357,2047,10.9990,2046,1,7349
3702000,2048,3,3,0,236926974,3,236929022,0,2045,10.9971,2042,2,0x2ac4c9ed48,72,1878,0,3,7360,2045,10.9971,2042,3,7352
3703000,2048,3,3,0,236990462,3,236992510,0,2046,10.9980,2044,2,0xaebf882131,60,1857,0,2,7362,2046,10.9980,2044,2,7354
3704000,2048,3,3,0,237055997,3,237058045,0,2044,10.9961,2040,2,0xfb5d32f522,0,1,0,4,7366,2044,10.9961,2040,4,7358
3705000,2048,3,3,0,237119486,3,237121534,0,2047,10.9990,2046,2,0x387c4baf56,61,1856,0,1,7367,2047,10.9990,2046,1,7359
3706000,2048,3,3,0,237182974,3,237185022,0,2048,11.0000,2048,1,0x6d838ae152,62,1852,0,0,7367,2048,11.0000,2048,0,7359
3707000,2048,3,3,0,237246462,3,237248510,0,2047,10.9990,2046,2,0x69d3aa6eda,71,1836,0,1,7368,2047,10.9990,2046,1,7360
3708000,2048,3,3,0,237311997,3,237314045,0,2046,10.9980,2044,2,0x25494ce5ed,0,1,0,2,7370,2046,10.9980,2044,2,7362
3709000,2048,3,3,0,237375486,3,237377534,0,2046,10.9980,2044,2,0x2cfa7cc664,55,1840,0,2,7372,2046,10.9980,2044,2,7364
3710000,2048,3,3,0,237438974,3,237441022,0,2046,10.9980,2044,2,0xe8270658b7,63,1843,0,2,7374,2046,10.9980,2044,2,7366
3711000,2048,3,3,0,237502462,3,237504510,0,2047,10.9990,2046,2,0x900df24827,75,1866,0,1,7375,2047,10.9990,2046,1,7367
3712000,2048,3,3,0,237567997,3,237570045,0,2046,10.9980,2044,2,0xe1b0b33c14,0,1,0,2,7377,2046,10.9980,2044,2,7369
3713000,2048,3,3,0,237631486,3,237633534,0,2048,11.0000,2048,1,0x060313ff10,72,1834,0,0,7377,2048,11.0000,2048,0,7369
3714000,2048,3,3,0,237694974,3,237697022,0,2046,10.9980,2044,2,0x11a44fc22d,73,1883,0,2,7379,2046,10.9980,2044,2,7371
3715000,2048,3,3,0,237758462,3,237760510,0,2046,10.9980,2044,2,0x735558081f,72,1869,0,2,7381,2046,10.9980,2044,2,7373
3716000,2048,3,3,0,237823997,3,237826045,0,2048,11.0000,2048,1,0xdd49e7eeb2,0,0,0,0,7381,2048,11.0000,2048,0,7373
3717000,2048,3,3,0,237887486,3,237889534,0,2045,10.9971,2042,2,0x737b58462e,65,1844,0,3,7384,2045,10.9971,2042,3,7376
3718000,2048,3,3,0,237950974,3,237953022,0,2046,10.9980,2044,2,0x25ce4dfdfb,73,1849,0,2,7386,2046,10.9980,2044,2,7378
3719000,2048,3,3,0,238014462,3,238016510,0,2048,11.0000,2048,1,0x84232a416c,85,1868,0,0,7386,2048,11.0000,2048,0,7378
3720000,2048,3,3,0,238079997,3,238082045,0,2048,11.0000,2048,1,0x32056be67d,1,1,0,0,7386,2048,11.0000,2048,0,7378
3721000,2048,3,3,0,238143486,3,238145534,0,2045,10.9971,2042,2,0x4f97aa2f38,55,1842,0,3,7389,2045,10.9971,2042,3,7381
3722000,2048,3,3,0,238206974,3,238209022,0,2045,10.9971,2042,2,0x11aea1dd70,70,1863,0,3,7392,2045,10.9971,2042,3,7384
3723000,2048,3,3,0,238270462,3,238272510,0,2047,10.9990,2046,2,0xcc978d782a,66,1854,0,1,7393,2047,10.9990,2046,1,7385
3724000,2048,3,3,0,238335997,3,238338045,0,2047,10.9990,2046,2,0xe021c2ea77,0,1,0,1,7394,2047,10.9990,2046,1,7386
3725000,2048,3,3,0,238399486,3,238401534,0,2048,11.0000,2048,1,0xba9094b275,73,1842,0,0,7394,2048,11.0000,2048,0,7386
3726000,2048,3,3,0,238462974,3,238465022,0,2045,10.9971,2042,2,0xd7d32e46d8,75,1837,0,3,7397,2045,10.9971,2042,3,7389
3727000,2048,3,3,0,238526462,3,238528510,0,2046,10.9980,2044,2,0x082cb47820,61,1852,0,2,7399,2046,10.9980,2044,2,7391
3728000,2048,3,3,0,238591997,3,238594045,0,2046,10.9980,2044,2,0xc31b416d9e,0,1,0,2,7401,2046,10.9980,2044,2,7393
3729000,2048,3,3,0,238655486,3,238657534,0,2042,10.9941,2036,2,0x08fd3b1c6a,63,1872,0,6,7407,2042,10.9941,2036,6,7399
3730000,2048,3,3,0,238718974,3,238721022,0,2047,10.9990,2046,2,0x2b4b739e41,68,1864,0,1,7408,2047,10.9990,2046,1,7400
3731000,2048,3,3,0,238782462,3,238784510,0,2047,10.9990,2046,2,0xca8ecc5759,81,1849,0,1,7409,2047,10.9990,2046,1,7401
3732000,2048,3,3,0,238847997,3,238850045,0,2048,11.0000,2048,1,0xdbc7c3bad6,0,1,0,0,7409,2048,11.0000,2048,0,7401
3733000,2048,3,3,0,238911486,3,238913534,0,2045,10.9971,2042,2,0xbf181e93ca,66,1832,0,3,7412,2045,10.9971,2042,3,7404
3734000,2048,3,3,0,238974974,3,238977022,0,2045,10.9971,2042,2,0x5cf333d69a,66,1860,0,3,7415,2045,10.9971,2042,3,7407
3735000,2048,3,3,0,239038462,3,239040510,0,2045,10.9971,2042,2,0xabb44b5357,68,1836,0,3,7418,2045,10.9971,2042,3,7410
3736000,2048,3,3,0,239103997,3,239106045,0,2048,11.0000,2048,1,0x3972bd3135,0,1,0,0,7418,2048,11.0000,2048,0,7410
3737000,2048,3,3,0,239167486,3,239169534,0,2045,10.9971,2042,2,0xc9b5823c7c,56,1831,0,3,7421,2045,10.9971,2042,3,7413
3738000,2048,3,3,0,239230974,3,239233022,0,2047,10.9990,2046,2,0x6ac71e4dbb,62,1864,0,1,7422,2047,10.9990,2046,1,7414
3739000,2048,3,3,0,239294462,3,239296510,0,2046,10.9980,2044,2,0x3ab5afff2c,60,1846,0,2,7424,2046,10.9980,2044,2,7416
3740000,2048,3,3,0,239359997,3,239362045,0,2047,10.9990,2046,2,0x9d1dd27b0d,0,1,0,1,7425,2047,10.9990,2046,1,7417
3741000,2048,3,3,0,239423486,3,239425534,0,2047,10.9990,2046,2,0x2fef8795a1,69,1829,0,1,7426,2047,10.9990,2046,1,7418
3742000,2048,3,3,0,239486974,3,239489022,0,2047,10.9990,2046,2,0x88f920e2a4,66,1846,0,1,7427,2047,10.9990,2046,1,7419
3743000,2048,3,3,0,239550462,3,239552510,0,2047,10.9990,2046,2,0x03801e5bab,62,1852,0,1,7428,2047,10.9990,2046,1,7420
3744000,2048,3,3,0,239615997,3,239618045,0,2045,10.9971,2042,2,0x1137be9dc2,0,0,0,3,7431,2045,10.9971,2042,3,7423
3745000,2048,3,3,0,239679486,3,239681534,0,2048,11.0000,2048,1,0xb358e7c625,70,1857,0,0,7431,2048,11.0000,2048,0,7423
3746000,2048,3,3,0,239742974,3,239745022,0,2046,10.9980,2044,2,0x2a6b1a0302,66,1846,0,2,7433,2046,10.9980,2044,2,7425
3747000,2048,3,3,0,239806462,3,239808510,0,2047,10.9990,2046,2,0x6617e2753f,54,1858,0,1,7434,2047,10.9990,2046,1,7426
3748000,2048,3,3,0,239871997,3,239874045,0,2048,11.0000,2048,1,0x1de588ec59,0,1,0,0,7434,2048,11.0000,2048,0,7426
3749000,2048,3,3,0,239935486,3,239937534,0,2046,10.9980,2044,2,0x0004cc86c1,66,1846,0,2,7436,2046,10.9980,2044,2,7428
3750000,2048,3,3,0,239998974,3,240001022,0,2044,10.9961,2040,2,0x15bb782048,64,1852,0,4,7440,2044,10.9961,2040,4,7432
3751000,2048,3,3,0,240062462,3,240064510,0,2045,10.9971,2042,2,0xfb3c17af0d,67,1844,0,3,7443,2045,10.9971,2042,3,7435
3752000,2048,3,3,0,240127997,3,240130045,0,2046,10.9980,2044,2,0x356502471c,0,1,0,2,7445,2046,10.9980,2044,2,7437
3753000,2048,3,3,0,240191486,3,240193534,0,2048,11.0000,2048,1,0x4d352dc8ad,85,1839,0,0,7445,2048,11.0000,2048,0,7437
3754000,2048,3,3,0,240254974,3,240257022,0,2046,10.9980,2044,2,0x6d9bcbce7e,51,1839,0,2,7447,2046,10.9980,2044,2,7439
3755000,2048,3,3,0,240318462,3,240320510,0,2045,10.9971,2042,2,0x7196c22124,76,1858,0,3,7450,2045,10.9971,2042,3,7442
3756000,2048,3,3,0,240383997,3,240386045,0,2045,10.9971,2042,2,0x0ac8740b08,0,1,0,3,7453,2045,10.9971,2042,3,7445
3757000,2048,3,3,0,240447486,3,240449534,0,2045,10.9971,2042,2,0x99fdcac3d5,57,1860,0,3,7456,2045,10.9971,2042,3,7448
3758000,2048,3,3,0,240510974,3,240513022,0,2044,10.9961,2040,2,0x7cb5d471e7,73,1842,0,4,7460,2044,10.9961,2040,4,7452
3759000,2048,3,3,0,240574462,3,240576510,0,2045,10.9971,2042,2,0x18784dea36,73,1845,0,3,7463,2045,10.9971,2042,3,7455
3760000,2048,3,3,0,240639997,3,240642045,0,2048,11.0000,2048,1,0xf7efcbf010,0,1,0,0,7463,2048,11.0000,2048,0,7455
3761000,2048,3,3,0,240703486,3,240705534,0,2045,10.9971,2042,2,0xbeb4b3da6d,59,1838,0,3,7466,2045,10.9971,2042,3,7458
3762000,2048,3,3,0,240766974,3,240769022,0,2048,11.0000,2048,1,0x46c0772b4c,72,1857,0,0,7466,2048,11.0000,2048,0,7458
3763000,2048,3,3,0,240830462,3,240832510,0,2045,10.9971,2042,2,0x5374f5f47e,75,1856,0,3,7469,2045,10.9971,2042,3,7461
3764000,2048,3,3,0,240895997,3,240898045,0,2046,10.9980,2044,2,0x05c5e030a0,0,1,0,2,7471,2046,10.9980,2044,2,7463
3765000,2048,3,3,0,240959486,3,240961534,0,2045,10.9971,2042,2,0xb7277b8378,74,1853,0,3,7474,2045,10.9971,2042,3,7466
3766000,2048,3,3,0,241022974,3,241025022,0,2046,10.9980,2044,2,0x4c46dc7420,51,1845,0,2,7476,2046,10.9980,2044,2,7468
3767000,2048,3,3,0,241086462,3,241088510,0,2046,10.9980,2044,2,0xe4e058ac9b,57,1833,0,2,7478,2046,10.9980,2044,2,7470
3768000,2048,3,3,0,241151997,3,241154045,0,2048,11.0000,2048,1,0xaba9170dc1,0,1,0,0,7478,2048,11.0000,2048,0,7470
3769000,2048,3,3,0,241215486,3,241217534,0,2048,11.0000,2048,1,0xbddef384c0,52,1852,0,0,7478,2048,11.0000,2048,0,7470
3770000,2048,3,3,0,241278974,3,241281022,0,2046,10.9980,2044,2,0xa6fae0321d,71,1860,0,2,7480,2046,10.9980,2044,2,7472
3771000,2048,3,3,0,241342462,3,241344510,0,2047,10.9990,2046,2,0x63764a6981,74,1845,0,1,7481,2047,10.9990,2046,1,7473
3772000,2048,3,3,0,241407997,3,241410045,0,2046,10.9980,2044,2,0x3fc8c2e15a,0,1,0,2,7483,2046,10.9980,2044,2,7475
3773000,2048,3,3,0,241471486,3,241473534,0,2046,10.9980,2044,2,0x8782a0601e,50,1831,0,2,7485,2046,10.9980,2044,2,7477
3774000,2048,3,3,0,241534974,3,241537022,0,2042,10.9941,2036,2,0x5859048bc1,76,1848,0,6,7491,2042,10.9941,2036,6,7483
3775000,2048,3,3,0,241598462,3,241600510,0,2045,10.9971,2042,2,0x3352703e61,91,1875,0,3,7494,2045,10.9971,2042,3,7486
3776000,2048,3,3,0,241663997,3,241666045,0,2045,10.9971,2042,2,0x8f14bfcc83,0,1,0,3,7497,2045,10.9971,2042,3,7489
3777000,2048,3,3,0,241727486,3,241729534,0,2045,10.9971,2042,2,0xe4dd6757b9,60,1825,0,3,7500,2045,10.9971,2042,3,7492
3778000,2048,3,3,0,241790974,3,241793022,0,2047,10.9990,2046,2,0xdd4ec6380a,58,1855,0,1,7501,2047,10.9990,2046,1,7493
3779000,2048,3,3,0,241854462,3,241856510,0,2046,10.9980,2044,2,0x70d6484ec9,70,1854,0,2,7503,2046,10.9980,2044,2,7495
3780000,2048,3,3,0,241919997,3,241922045,0,2046,10.9980,2044,2,0x0185f04826,0,1,0,2,7505,2046,10.9980,2044,2,7497
3781000,2048,3,3,0,241983486,3,241985534,0,2043,10.9951,2038,2,0xbaa0e01742,86,1843,0,5,7510,2043,10.9951,2038,5,7502
3782000,2048,3,3,0,242046974,3,242049022,0,2046,10.9980,2044,2,0x9992db4b57,63,1851,0,2,7512,2046,10.9980,2044,2,7504
3783000,2048,3,3,0,242110462,3,242112510,0,2044,10.9961,2040,2,0xd90e0e5aed,53,1841,0,4,7516,2044,10.9961,2040,4,7508
3784000,2048,3,3,0,242175997,3,242178045,0,2048,11.0000,2048,1,0xfc4de0ce64,0,1,0,0,7516,2048,11.0000,2048,0,7508
3785000,2048,3,3,0,242239486,3,242241534,0,2045,10.9971,2042,2,0x3835131f54,68,1833,0,3,7519,2045,10.9971,2042,3,7511
3786000,2048,3,3,0,242302974,3,242305022,0,2047,10.9990,2046,2,0x1d234285e7,57,1833,0,1,7520,2047,10.9990,2046,1,7512
3787000,2048,3,3,0,242366462,3,242368510,0,2045,10.9971,2042,2,0x8e5be18ff3,52,1859,0,3,7523,2045,10.9971,2042,3,7515
3788000,2048,3,3,0,242431997,3,242434045,0,2045,10.9971,2042,2,0x6df2179df6,0,1,0,3,7526,2045,10.9971,2042,3,7518
3789000,2048,3,3,0,242495486,3,242497534,0,2043,10.9951,2038,2,0x054ce103b6,69,1854,0,5,7531,2043,10.9951,2038,5,7523
3790000,2048,3,3,0,242558974,3,242561022,0,2047,10.9990,2046,2,0x9762b54d87,65,1873,0,1,7532,2047,10.9990,2046,1,7524
3791000,2048,3,3,0,242622462,3,242624510,0,2046,10.9980,2044,2,0xebdc285c45,60,1814,0,2,7534,2046,10.9980,2044,2,7526
3792000,2048,3,3,0,242687997,3,242690045,0,2043,10.9951,2038,2,0x55c306e62a,0,1,0,5,7539,2043,10.9951,2038,5,7531
3793000,2048,3,3,0,242751486,3,242753534,0,2047,10.9990,2046,2,0x39ecbb262f,49,1848,0,1,7540,2047,10.9990,2046,1,7532
3794000,2048,3,3,0,242814974,3,242817022,0,2047,10.9990,2046,2,0xd5c9dcd2c0,69,1856,0,1,7541,2047,10.9990,2046,1,7533
3795000,2048,3,3,0,242878462,3,242880510,0,2048,11.0000,2048,1,0x659e54866b,69,1835,0,0,7541,2048,11.0000,2048,0,7533
3796000,2048,3,3,0,242943997,3,242946045,0,2048,11.0000,2048,1,0x703ca877b6,0,1,0,0,7541,2048,11.0000,2048,0,7533
3797000,2048,3,3,0,243007486,3,243009534,0,2045,10.9971,2042,2,0xec7b18897f,79,1861,0,3,7544,2045,10.9971,2042,3,7536
3798000,2048,3,3,0,243070974,3,243073022,0,2046,10.9980,2044,2,0x2501eaab32,63,1853,0,2,7546,2046,10.9980,2044,2,7538
3799000,2048,3,3,0,243134462,3,243136510,0,2046,10.9980,2044,2,0xcb8c6ac42f,53,1848,0,2,7548,2046,10.9980,2044,2,7540
3800000,2048,3,3,0,243199997,3,243202045,0,2048,11.0000,2048,1,0xaa32282559,0,1,0,0,7548,2048,11.0000,2048,0,7540
3801000,2048,3,3,0,243263486,3,243265534,0,2048,11.0000,2048,1,0xf6e7a7d347,69,1878,0,0,7548,2048,11.0000,2048,0,7540
3802000,2048,3,3,0,243326974,3,243329022,0,2047,10.9990,2046,2,0x62361a6828,55,1843,0,1,7549,2047,10.9990,2046,1,7541
3803000,2048,3,3,0,243390462,3,243392510,0,2048,11.0000,2048,1,0xc346cec7aa,49,1863,0,0,7549,2048,11.0000,2048,0,7541
3804000,2048,3,3,0,243455997,3,243458045,0,2046,10.9980,2044,2,0xf23a120cc4,0,1,0,2,7551,2046,10.9980,2044,2,7543
3805000,2048,3,3,0,243519486,3,243521534,0,2046,10.9980,2044,2,0xa78b2bc6fd,63,1857,0,2,7553,2046,10.9980,2044,2,7545
3806000,2048,3,3,0,243582974,3,243585022,0,2046,10.9980,2044,2,0x0df0dced85,52,1844,0,2,7555,2046,10.9980,2044,2,7547
3807000,2048,3,3,0,243646462,3,243648510,0,2045,10.9971,2042,2,0xa9af883323,62,1852,0,3,7558,2045,10.9971,2042,3,7550
3808000,2048,3,3,0,243711997,3,243714045,0,2046,10.9980,2044,2,0x6fcf30555e,0,1,0,2,7560,2046,10.9980,2044,2,7552
3809000,2048,3,3,0,243775486,3,243777534,0,2048,11.0000,2048,1,0x916b7b3ead,63,1839,0,0,7560,2048,11.0000,2048,0,7552
3810000,2048,3,3,0,243838974,3,243841022,0,2046,10.9980,2044,2,0x53d7384325,62,1845,0,2,7562,2046,10.9980,2044,2,7554
3811000,2048,3,3,0,243902462,3,243904510,0,2046,10.9980,2044,2,0x16b2bd2ca1,65,1873,0,2,7564,2046,10.9980,2044,2,7556
3812000,2048,3,3,0,243967997,3,243970045,0,2048,11.0000,2048,1,0x14eb66d492,0,1,0,0,7564,2048,11.0000,2048,0,7556
3813000,2048,3,3,0,244031486,3,244033534,0,2048,11.0000,2048,1,0xf5e8d37580,56,1811,0,0,7564,2048,11.0000,2048,0,7556
3814000,2048,3,3,0,244094974,3,244097022,0,2047,10.9990,2046,2,0x36d69e4290,69,1861,0,1,7565,2047,10.9990,2046,1,7557
3815000,2048,3,3,0,244158462,3,244160510,0,2044,10.9961,2040,2,0x6009e78e0d,72,1831,0,4,7569,2044,10.9961,2040,4,7561
3816000,2048,3,3,0,244223997,3,244226045,0,2047,10.9990,2046,2,0x0226b4e86e,0,1,0,1,7570,2047,10.9990,2046,1,7562
3817000,2048,3,3,0,244287486,3,244289534,0,2046,10.9980,2044,2,0xcac2bdd4a2,57,1856,0,2,7572,2046,10.9980,2044,2,7564
3818000,2048,3,3,0,244350974,3,244353022,0,2045,10.9971,2042,2,0x2257b4af4d,54,1841,0,3,7575,2045,10.9971,2042,3,7567
3819000,2048,3,3,0,244414462,3,244416510,0,2047,10.9990,2046,2,0xab033cad3c,79,1845,0,1,7576,2047,10.9990,2046,1,7568
3820000,2048,3,3,0,244479997,3,244482045,0,2047,10.9990,2046,2,0x9cc0b2fe12,0,1,0,1,7577,2047,10.9990,2046,1,7569
3821000,2048,3,3,0,244543486,3,244545534,0,2047,10.9990,2046,2,0xc21e742be6,59,1840,0,1,7578,2047,10.9990,2046,1,7570
3822000,2048,3,3,0,244606974,3,244609022,0,2045,10.9971,2042,2,0x32ccbe0ea4,58,1854,0,3,7581,2045,10.9971,2042,3,7573
3823000,2048,3,3,0,244670462,3,244672510,0,2046,10.9980,2044,2,0x3303314521,62,1852,0,2,7583,2046,10.9980,2044,2,7575
3824000,2048,3,3,0,244735997,3,244738045,0,2046,10.9980,2044,2,0x70027b8faa,0,1,0,2,7585,2046,10.9980,2044,2,7577
3825000,2048,3,3,0,244799486,3,244801534,0,2046,10.9980,2044,2,0x21d112cd7b,55,1839,0,2,7587,2046,10.9980,2044,2,7579
3826000,2048,3,3,0,244862974,3,244865022,0,2046,10.9980,2044,2,0x8bc2eed041,61,1871,0,2,7589,2046,10.9980,2044,2,7581
3827000,2048,3,3,0,244926462,3,244928510,0,2047,10.9990,2046,2,0x596a01c92b,75,1855,0,1,7590,2047,10.9990,2046,1,7582
3828000,2048,3,3,0,244991997,3,244994045,0,2046,10.9980,2044,2,0xf4c8ca07af,0,1,0,2,7592,2046,10.9980,2044,2,7584
3829000,2048,3,3,0,245055486,3,245057534,0,2047,10.9990,2046,2,0x856264de15,62,1840,0,1,7593,2047,10.9990,2046,1,7585
3830000,2048,3,3,0,245118974,3,245121022,0,2047,10.9990,2046,2,0xc628f42ead,51,1834,0,1,7594,2047,10.9990,2046,1,7586
3831000,2048,3,3,0,245182462,3,245184510,0,2046,10.9980,2044,2,0xc94f490ea8,67,1861,0,2,7596,2046,10.9980,2044,2,7588
3832000,2048,3,3,0,245247997,3,245250045,0,2045,10.9971,2042,2,0x2bbb1af99a,0,1,0,3,7599,2045,10.9971,2042,3,7591
3833000,2048,3,3,0,245311486,3,245313534,0,2046,10.9980,2044,2,0x144cc8987e,70,1841,0,2,7601,2046,10.9980,2044,2,7593
3834000,2048,3,3,0,245374974,3,245377022,0,2047,10.9990,2046,2,0x873aa5e195,67,1841,0,1,7602,2047,10.9990,2046,1,7594
3835000,2048,3,3,0,245438462,3,245440510,0,2046,10.9980,2044,2,0x65a1ea800f,63,1850,0,2,7604,2046,10.9980,2044,2,7596
3836000,2048,3,3,0,245503997,3,245506045,0,2046,10.9980,2044,2,0x1a9714af74,0,0,0,2,7606,2046,10.9980,2044,2,7598
3837000,2048,3,3,0,245567486,3,245569534,0,2046,10.9980,2044,2,0x16021eeb63,54,1818,0,2,7608,2046,10.9980,2044,2,7600
3838000,2048,3,3,0,245630974,3,245633022,0,2047,10.9990,2046,2,0x1a0553062c,87,1846,0,1,7609,2047,10.9990,2046,1,7601
3839000,2048,3,3,0,245694462,3,245696510,0,2047,10.9990,2046,2,0x429b516f1a,61,1874,0,1,7610,2047,10.9990,2046,1,7602
3840000,2048,3,3,0,245759997,3,245762045,0,2046,10.9980,2044,2,0xdbf1cbf492,0,1,0,2,7612,2046,10.9980,2044,2,7604
3841000,2048,3,3,0,245823486,3,245825534,0,2044,10.9961,2040,2,0x2c9d355ed2,85,1827,0,4,7616,2044,10.9961,2040,4,7608
3842000,2048,3,3,0,245886974,3,245889022,0,2046,10.9980,2044,2,0x3ee3a043e9,53,1849,0,2,7618,2046,10.9980,2044,2,7610
3843000,2048,3,3,0,245950462,3,245952510,0,2044,10.9961,2040,2,0x87c75c0309,64,1841,0,4,7622,2044,10.9961,2040,4,7614
3844000,2048,3,3,0,246015997,3,246018045,0,2047,10.9990,2046,2,0x205668eb73,0,1,0,1,7623,2047,10.9990,2046,1,7615
3845000,2048,3,3,0,246079486,3,246081534,0,2046,10.9980,2044,2,0xcee1e74b94,61,1843,0,2,7625,2046,10.9980,2044,2,7617
3846000,2048,3,3,0,246142974,3,246145022,0,2046,10.9980,2044,2,0x847d5e1174,60,1865,0,2,7627,2046,10.9980,2044,2,7619
3847000,2048,3,3,0,246206462,3,246208510,0,2044,10.9961,2040,2,0xdba0ba69d0,57,1847,0,4,7631,2044,10.9961,2040,4,7623
3848000,2048,3,3,0,246271997,3,246274045,0,2044,10.9961,2040,2,0xfccc6131a8,0,1,0,4,7635,2044,10.9961,2040,4,7627
3849000,2048,3,3,0,246335486,3,246337534,0,2045,10.9971,2042,2,0xb43b671aa8,60,1863,0,3,7638,2045,10.9971,2042,3,7630
3850000,2048,3,3,0,246398974,3,246401022,0,2043,10.9951,2038,2,0xa8b37e3347,72,1881,0,5,7643,2043,10.9951,2038,5,7635
3851000,2048,3,3,0,246462462,3,246464510,0,2048,11.0000,2048,1,0xba33be4a5b,69,1881,0,0,7643,2048,11.0000,2048,0,7635
3852000,2048,3,3,0,246527997,3,246530045,0,2046,10.9980,2044,2,0xec38561f0a,0,1,0,2,7645,2046,10.9980,2044,2,7637
3853000,2048,3,3,0,246591486,3,246593534,0,2047,10.9990,2046,2,0x4b1e8e8c9c,62,1852,0,1,7646,2047,10.9990,2046,1,7638
3854000,2048,3,3,0,246654974,3,246657022,0,2046,10.9980,2044,2,0x28d9b295b1,88,1863,0,2,7648,2046,10.9980,2044,2,7640
3855000,2048,3,3,0,246718462,3,246720510,0,2047,10.9990,2046,2,0x817a9f9e92,56,1849,0,1,7649,2047,10.9990,2046,1,7641
3856000,2048,3,3,0,246783997,3,246786045,0,2046,10.9980,2044,2,0x599b4ac047,0,0,0,2,7651,2046,10.9980,2044,2,7643
3857000,2048,3,3,0,246847486,3,246849534,0,2047,10.9990,2046,2,0x6074f72fff,58,1839,0,1,7652,2047,10.9990,2046,1,7644
3858000,2048,3,3,0,246910974,3,246913022,0,2047,10.9990,2046,2,0x001d4ff1f6,62,1858,0,1,7653,2047,10.9990,2046,1,7645
3859000,2048,3,3,0,246974462,3,246976510,0,2047,10.9990,2046,2,0x762e2c1b97,62,1848,0,1,7654,2047,10.9990,2046,1,7646
3860000,2048,3,3,0,247039997,3,247042045,0,2046,10.9980,2044,2,0x9a60f92cd7,0,1,0,2,7656,2046,10.9980,2044,2,7648
3861000,2048,3,3,0,247103486,3,247105534,0,2048,11.0000,2048,1,0xdb6e88917c,74,1868,0,0,7656,2048,11.0000,2048,0,7648
3862000,2048,3,3,0,247166974,3,247169022,0,2047,10.9990,2046,2,0x5795ae15fc,50,1837,0,1,7657,2047,10.9990,2046,1,7649
3863000,2048,3,3,0,247230462,3,247232510,0,2048,11.0000,2048,1,0x7828025d42,57,1836,0,0,7657,2048,11.0000,2048,0,7649
3864000,2048,3,3,0,247295997,3,247298045,0,2047,10.9990,2046,2,0x5dc518052b,0,1,0,1,7658,2047,10.9990,2046,1,7650
3865000,2048,3,3,0,247359486,3,247361534,0,2046,10.9980,2044,2,0xdb8b4b4b68,77,1864,0,2,7660,2046,10.9980,2044,2,7652
3866000,2048,3,3,0,247422974,3,247425022,0,2045,10.9971,2042,2,0xda51b39971,57,1851,0,3,7663,2045,10.9971,2042,3,7655
3867000,2048,3,3,0,247486462,3,247488510,0,2046,10.9980,2044,2,0xb00afa5fc8,71,1852,0,2,7665,2046,10.9980,2044,2,7657
3868000,2048,3,3,0,247551997,3,247554045,0,2048,11.0000,2048,1,0xa9ff86a6e0,0,1,0,0,7665,2048,11.0000,2048,0,7657
3869000,2048,3,3,0,247615486,3,247617534,0,2044,10.9961,2040,2,0x54275ed454,78,1852,0,4,7669,2044,10.9961,2040,4,7661
3870000,2048,3,3,0,247678974,3,247681022,0,2046,10.9980,2044,2,0x9123684add,73,1836,0,2,7671,2046,10.9980,2044,2,7663
3871000,2048,3,3,0,247742462,3,247744510,0,2045,10.9971,2042,2,0x08c6676c62,59,1845,0,3,7674,2045,10.9971,2042,3,7666
3872000,2048,3,3,0,247807997,3,247810045,0,2047,10.9990,2046,2,0x55cfba25b2,0,1,0,1,7675,2047,10.9990,2046,1,7667
3873000,2048,3,3,0,247871486,3,247873534,0,2045,10.9971,2042,2,0x219afca8cd,58,1865,0,3,7678,2045,10.9971,2042,3,7670
3874000,2048,3,3,0,247934974,3,247937022,0,2047,10.9990,2046,2,0x4ded50fa2f,60,1834,0,1,7679,2047,10.9990,2046,1,7671
3875000,2048,3,3,0,247998462,3,248000510,0,2047,10.9990,2046,2,0x87411a5a08,64,1825,0,1,7680,2047,10.9990,2046,1,7672
3876000,2048,3,3,0,248063997,3,248066045,0,2047,10.9990,2046,2,0xef80273f2f,0,1,0,1,7681,2047,10.9990,2046,1,7673
3877000,2048,3,3,0,248127486,3,248129534,0,2047,10.9990,2046,2,0xb211623343,57,1853,0,1,7682,2047,10.9990,2046,1,7674
3878000,2048,3,3,0,248190974,3,248193022,0,2048,11.0000,2048,1,0xd89550b063,68,1857,0,0,7682,2048,11.0000,2048,0,7674
3879000,2048,3,3,0,248254462,3,248256510,0,2042,10.9941,2036,2,0x11776cf772,70,1861,0,6,7688,2042,10.9941,2036,6,7680
3880000,2048,3,3,0,248319997,3,248322045,0,2044,10.9961,2040,2,0x3b8799a929,0,1,0,4,7692,2044,10.9961,2040,4,7684
3881000,2048,3,3,0,248383486,3,248385534,0,2044,10.9961,2040,2,0x07d0810a18,59,1847,0,4,7696,2044,10.9961,2040,4,7688
3882000,2048,3,3,0,248446974,3,248449022,0,2045,10.9971,2042,2,0xadf864e54e,77,1842,0,3,7699,2045,10.9971,2042,3,7691
3883000,2048,3,3,0,248510462,3,248512510,0,2047,10.9990,2046,2,0xb27b494cdf,72,1857,0,1,7700,2047,10.9990,2046,1,7692
3884000,2048,3,3,0,248575997,3,248578045,0,2047,10.9990,2046,2,0x78fd8e3865,0,1,0,1,7701,2047,10.9990,2046,1,7693
3885000,2048,3,3,0,248639486,3,248641534,0,2048,11.0000,2048,1,0xe5f16afdb3,55,1870,0,0,7701,2048,11.0000,2048,0,7693
3886000,2048,3,3,0,248702974,3,248705022,0,2045,10.9971,2042,2,0x5c922109ae,77,1850,0,3,7704,2045,10.9971,2042,3,7696
3887000,2048,3,3,0,248766462,3,248768510,0,2045,10.9971,2042,2,0xcd357990d7,65,1848,0,3,7707,2045,10.9971,2042,3,7699
3888000,2048,3,3,0,248831997,3,248834045,0,2046,10.9980,2044,2,0x368f6947d4,0,1,0,2,7709,2046,10.9980,2044,2,7701
3889000,2048,3,3,0,248895486,3,248897534,0,2046,10.9980,2044,2,0x74f515fd54,63,1862,0,2,7711,2046,10.9980,2044,2,7703
3890000,2048,3,3,0,248958974,3,248961022,0,2043,10.9951,2038,2,0xafe510fc83,56,1867,0,5,7716,2043,10.9951,2038,5,7708
3891000,2048,3,3,0,249022462,3,249024510,0,2044,10.9961,2040,2,0x81fd4bdc1e,69,1848,0,4,7720,2044,10.9961,2040,4,7712
3892000,2048,3,3,0,249087997,3,249090045,0,2048,11.0000,2048,1,0x821e96436b,0,1,0,0,7720,2048,11.0000,2048,0,7712
3893000,2048,3,3,0,249151486,3,249153534,0,2043,10.9951,2038,2,0x326c1534a1,70,1844,0,5,7725,2043,10.9951,2038,5,7717
3894000,2048,3,3,0,249214974,3,249217022,0,2047,10.9990,2046,2,0x0719d0b5dc,60,1840,0,1,7726,2047,10.9990,2046,1,7718
3895000,2048,3,3,0,249278462,3,249280510,0,2047,10.9990,2046,2,0xd3d6f906ea,51,1854,0,1,7727,2047,10.9990,2046,1,7719
3896000,2048,3,3,0,249343997,3,249346045,0,2044,10.9961,2040,2,0x4824d24835,0,1,0,4,7731,2044,10.9961,2040,4,7723
3897000,2048,3,3,0,249407486,3,249409534,0,2047,10.9990,2046,2,0x013560c2cc,55,1868,0,1,7732,2047,10.9990,2046,1,7724
3898000,2048,3,3,0,249470974,3,249473022,0,2046,10.9980,2044,2,0x0abe96268b,62,1848,0,2,7734,2046,10.9980,2044,2,7726
3899000,2048,3,3,0,249534462,3,249536510,0,2044,10.9961,2040,2,0xbd0906ce99,66,1852,0,4,7738,2044,10.9961,2040,4,7730
3900000,2048,3,3,0,249599997,3,249602045,0,2046,10.9980,2044,2,0x41008ede61,1,1,0,2,7740,2046,10.9980,2044,2,7732
3901000,2048,3,3,0,249663486,3,249665534,0,2047,10.9990,2046,2,0x167ce17b41,76,1830,0,1,7741,2047,10.9990,2046,1,7733
3902000,2048,4,4,0,249726973,4,249729021,0,2045,10.9971,2042,2,0x25155f0ec5,66,1820,0,3,7744,2045,10.9971,2042,3,7736
3903000,2048,4,4,0,249790461,4,249792509,0,2048,11.0000,2048,1,0xcd67d406a3,48,1854,0,0,7744,2048,11.0000,2048,0,7736
3904000,2048,4,4,0,249855996,4,249858044,0,2047,10.9990,2046,2,0x28196d31ab,0,1,0,1,7745,2047,10.9990,2046,1,7737
3905000,2048,4,4,0,249919485,4,249921533,0,2047,10.9990,2046,2,0x5e4cbf22c1,57,1850,0,1,7746,2047,10.9990,2046,1,7738
3906000,2048,4,4,0,249982973,4,249985021,0,2046,10.9980,2044,2,0xd34e221967,79,1853,0,2,7748,2046,10.9980,2044,2,7740
3907000,2048,4,4,0,250046461,4,250048509,0,2048,11.0000,2048,1,0x04555080b8,60,1849,0,0,7748,2048,11.0000,2048,0,7740
3908000,2048,4,4,0,250111996,4,250114044,0,2048,11.0000,2048,1,0x0e6d6809b8,0,0,0,0,7748,2048,11.0000,2048,0,7740
3909000,2048,4,4,0,250175485,4,250177533,0,2047,10.9990,2046,2,0x0041496520,64,1846,0,1,7749,2047,10.9990,2046,1,7741
3910000,2048,4,4,0,250238973,4,250241021,0,2046,10.9980,2044,2,0x7b56cf0c9e,61,1821,0,2,7751,2046,10.9980,2044,2,7743
3911000,2048,4,4,0,250302461,4,250304509,0,2048,11.0000,2048,1,0xf77edac380,50,1834,0,0,7751,2048,11.0000,2048,0,7743
3912000,2048,4,4,0,250367996,4,250370044,0,2046,10.9980,2044,2,0xf28776f50c,0,1,0,2,7753,2046,10.9980,2044,2,7745
3913000,2048,4,4,0,250431485,4,250433533,0,2045,10.9971,2042,2,0xa792151b74,62,1834,0,3,7756,2045,10.9971,2042,3,7748
3914000,2048,4,4,0,250494973,4,250497021,0,2046,10.9980,2044,2,0x834141facf,70,1850,0,2,7758,2046,10.9980,2044,2,7750
3915000,2048,4,4,0,250558461,4,250560509,0,2045,10.9971,2042,2,0x986c476567,53,1856,0,3,7761,2045,10.9971,2042,3,7753
3916000,2048,4,4,0,250623996,4,250626044,0,2047,10.9990,2046,2,0x64df8678a7,0,0,0,1,7762,2047,10.9990,2046,1,7754
3917000,2048,4,4,0,250687485,4,250689533,0,2044,10.9961,2040,2,0x6b1789efee,55,1866,0,4,7766,2044,10.9961,2040,4,7758
3918000,2048,4,4,0,250750973,4,250753021,0,2044,10.9961,2040,2,0xabbe80148d,84,1852,0,4,7770,2044,10.9961,2040,4,7762
3919000,2048,4,4,0,250814461,4,250816509,0,2046,10.9980,2044,2,0x810e6338f8,71,1853,0,2,7772,2046,10.9980,2044,2,7764
3920000,2048,4,4,0,250879996,4,250882044,0,2045,10.9971,2042,2,0x02fea5105d,0,1,0,3,7775,2045,10.9971,2042,3,7767
3921000,2048,4,4,0,250943485,4,250945533,0,2045,10.9971,2042,2,0xc55c3e1fe6,67,1841,0,3,7778,2045,10.9971,2042,3,7770
3922000,2048,4,4,0,251006973,4,251009021,0,2044,10.9961,2040,2,0x36e7643462,72,1877,0,4,7782,2044,10.9961,2040,4,7774
3923000,2048,4,4,0,251070461,4,251072509,0,2047,10.9990,2046,2,0xc8c9908e35,56,1840,0,1,7783,2047,10.9990,2046,1,7775
3924000,2048,4,4,0,251135996,4,251138044,0,2046,10.9980,2044,2,0x04cf803fdf,0,1,0,2,7785,2046,10.9980,2044,2,7777
3925000,2048,4,4,0,251199485,4,251201533,0,2045,10.9971,2042,2,0xb32af5feb9,67,1851,0,3,7788,2045,10.9971,2042,3,7780
3926000,2048,4,4,0,251262973,4,251265021,0,2045,10.9971,2042,2,0xc10ef7d922,57,1853,0,3,7791,2045,10.9971,2042,3,7783
3927000,2048,4,4,0,251326461,4,251328509,0,2046,10.9980,2044,2,0x8621e979f7,57,1852,0,2,7793,2046,10.9980,2044,2,7785
3928000,2048,4,4,0,251391996,4,251394044,0,2046,10.9980,2044,2,0x312ed97186,0,1,0,2,7795,2046,10.9980,2044,2,7787
3929000,2048,4,4,0,251455485,4,251457533,0,2047,10.9990,2046,2,0x0c0415012c,65,1866,0,1,7796,2047,10.9990,2046,1,7788
3930000,2048,4,4,0,251518973,4,251521021,0,2046,10.9980,2044,2,0xea635f3bf5,74,1850,0,2,7798,2046,10.9980,2044,2,7790
3931000,2048,4,4,0,251582461,4,251584509,0,2047,10.9990,2046,2,0xce77f5964f,68,1849,0,1,7799,2047,10.9990,2046,1,7791
3932000,2048,4,4,0,251647996,4,251650044,0,2044,10.9961,2040,2,0x99651e364a,0,1,0,4,7803,2044,10.9961,2040,4,7795
3933000,2048,4,4,0,251711485,4,251713533,0,2046,10.9980,2044,2,0xe6bf750cec,43,1852,0,2,7805,2046,10.9980,2044,2,7797
3934000,2048,4,4,0,251774973,4,251777021,0,2047,10.9990,2046,2,0x4a77a2a3f8,57,1876,0,1,7806,2047,10.9990,2046,1,7798
3935000,2048,4,4,0,251838461,4,251840509,0,2044,10.9961,2040,2,0xbe7ee1cabc,62,1864,0,4,7810,2044,10.9961,2040,4,7802
3936000,2048,4,4,0,251903996,4,251906044,0,2046,10.9980,2044,2,0x17cd31eaed,0,1,0,2,7812,2046,10.9980,2044,2,7804
3937000,2048,4,4,0,251967485,4,251969533,0,2047,10.9990,2046,2,0x841d20367a,54,1838,0,1,7813,2047,10.9990,2046,1,7805
3938000,2048,4,4,0,252030973,4,252033021,0,2046,10.9980,2044,2,0xa8ecaeacd5,58,1846,0,2,7815,2046,10.9980,2044,2,7807
3939000,2048,4,4,0,252094461,4,252096509,0,2046,10.9980,2044,2,0xb3373eac88,72,1821,0,2,7817,2046,10.9980,2044,2,7809
3940000,2048,4,4,0,252159996,4,252162044,0,2046,10.9980,2044,2,0xa5b38071f9,0,1,0,2,7819,2046,10.9980,2044,2,7811
3941000,2048,4,4,0,252223485,4,252225533,0,2046,10.9980,2044,2,0x58796f5a16,65,1844,0,2,7821,2046,10.9980,2044,2,7813
3942000,2048,4,4,0,252286973,4,252289021,0,2043,10.9951,2038,2,0x397e679d18,64,1855,0,5,7826,2043,10.9951,2038,5,7818
3943000,2048,4,4,0,252350461,4,252352509,0,2047,10.9990,2046,2,0x9b75206057,51,1851,0,1,7827,2047,10.9990,2046,1,7819
3944000,2048,4,4,0,252415996,4,252418044,0,2046,10.9980,2044,2,0x8dc71eec60,0,1,0,2,7829,2046,10.9980,2044,2,7821
3945000,2048,4,4,0,252479485,4,252481533,0,2045,10.9971,2042,2,0xf5906670b6,49,1850,0,3,7832,2045,10.9971,2042,3,7824
3946000,2048,4,4,0,252542973,4,252545021,0,2047,10.9990,2046,2,0x79a995310d,53,1823,0,1,7833,2047,10.9990,2046,1,7825
3947000,2048,4,4,0,252606461,4,252608509,0,2044,10.9961,2040,2,0x47abc84db1,58,1833,0,4,7837,2044,10.9961,2040,4,7829
3948000,2048,4,4,0,252671996,4,252674044,0,2048,11.0000,2048,1,0x7b2e752428,0,1,0,0,7837,2048,11.0000,2048,0,7829
3949000,2048,4,4,0,252735485,4,252737533,0,2047,10.9990,2046,2,0x0f7c7d7136,63,1845,0,1,7838,2047,10.9990,2046,1,7830
3950000,2048,4,4,0,252798973,4,252801021,0,2045,10.9971,2042,2,0xb1c9f7d505,68,1852,0,3,7841,2045,10.9971,2042,3,7833
3951000,2048,4,4,0,252862461,4,252864509,0,2047,10.9990,2046,2,0xa0537c413a,78,1836,0,1,7842,2047,10.9990,2046,1,7834
3952000,2048,4,4,0,252927996,4,252930044,0,2048,11.0000,2048,1,0x08d88cf35b,0,1,0,0,7842,2048,11.0000,2048,0,7834
3953000,2048,4,4,0,252991485,4,252993533,0,2045,10.9971,2042,2,0x0f7ecc56e3,58,1845,0,3,7845,2045,10.9971,2042,3,7837
3954000,2048,4,4,0,253054973,4,253057021,0,2048,11.0000,2048,1,0x4190b9e50b,58,1852,0,0,7845,2048,11.0000,2048,0,7837
3955000,2048,4,4,0,253118461,4,253120509,0,2044,10.9961,2040,2,0x543505484c,71,1845,0,4,7849,2044,10.9961,2040,4,7841
3956000,2048,4,4,0,253183996,4,253186044,0,2043,10.9951,2038,2,0x7e04264745,0,1,0,5,7854,2043,10.9951,2038,5,7846
3957000,2048,4,4,0,253247485,4,253249533,0,2047,10.9990,2046,2,0x19ef3c300d,61,1887,0,1,7855,2047,10.9990,2046,1,7847
3958000,2048,4,4,0,253310973,4,253313021,0,2047,10.9990,2046,2,0x5aa92e7a44,73,1847,0,1,7856,2047,10.9990,2046,1,7848
3959000,2048,4,4,0,253374461,4,253376509,0,2045,10.9971,2042,2,0xd0e59f522b,75,1859,0,3,7859,2045,10.9971,2042,3,7851
3960000,2048,4,4,0,253439996,4,253442044,0,2046,10.9980,2044,2,0xca58989c9f,0,1,0,2,7861,2046,10.9980,2044,2,7853
3961000,2048,4,4,0,253503485,4,253505533,0,2048,11.0000,2048,1,0x8fb44eddd9,56,1854,0,0,7861,2048,11.0000,2048,0,7853
3962000,2048,4,4,0,253566973,4,253569021,0,2044,10.9961,2040,2,0x38fcfd9f79,50,1844,0,4,7865,2044,10.9961,2040,4,7857
3963000,2048,4,4,0,253630461,4,253632509,0,2045,10.9971,2042,2,0x81480838f6,65,1861,0,3,7868,2045,10.9971,2042,3,7860
3964000,2048,4,4,0,253695996,4,253698044,0,2044,10.9961,2040,2,0xad3d7121cd,0,1,0,4,7872,2044,10.9961,2040,4,7864
3965000,2048,4,4,0,253759485,4,253761533,0,2047,10.9990,2046,2,0x6a1fb6219b,52,1839,0,1,7873,2047,10.9990,2046,1,7865
3966000,2048,4,4,0,253822973,4,253825021,0,2045,10.9971,2042,2,0xb0480e5f91,63,1847,0,3,7876,2045,10.9971,2042,3,7868
3967000,2048,4,4,0,253886461,4,253888509,0,2047,10.9990,2046,2,0xf25883dac8,63,1852,0,1,7877,2047,10.9990,2046,1,7869
3968000,2048,4,4,0,253951996,4,253954044,0,2048,11.0000,2048,1,0x8bc8224e6f,0,1,0,0,7877,2048,11.0000,2048,0,7869
3969000,2048,4,4,0,254015485,4,254017533,0,2048,11.0000,2048,1,0x20ffb829ab,52,1860,0,0,7877,2048,11.0000,2048,0,7869
3970000,2048,4,4,0,254078973,4,254081021,0,2045,10.9971,2042,2,0xccb59c1154,83,1847,0,3,7880,2045,10.9971,2042,3,7872
3971000,2048,4,4,0,254142461,4,254144509,0,2048,11.0000,2048,1,0xc95639bd6d,62,1835,0,0,7880,2048,11.0000,2048,0,7872
3972000,2048,4,4,0,254207996,4,254210044,0,2046,10.9980,2044,2,0xb93bad1098,0,1,0,2,7882,2046,10.9980,2044,2,7874
3973000,2048,4,4,0,254271485,4,254273533,0,2046,10.9980,2044,2,0xec20175014,72,1863,0,2,7884,2046,10.9980,2044,2,7876
3974000,2048,4,4,0,254334973,4,254337021,0,2045,10.9971,2042,2,0x3229ce043f,81,1856,0,3,7887,2045,10.9971,2042,3,7879
3975000,2048,4,4,0,254398461,4,254400509,0,2047,10.9990,2046,2,0x53e4b62e66,53,1847,0,1,7888,2047,10.9990,2046,1,7880
3976000,2048,4,4,0,254463996,4,254466044,0,2045,10.9971,2042,2,0x55a6c657da,0,1,0,3,7891,2045,10.9971,2042,3,7883
3977000,2048,4,4,0,254527485,4,254529533,0,2048,11.0000,2048,1,0xa135b530b8,61,1845,0,0,7891,2048,11.0000,2048,0,7883
3978000,2048,4,4,0,254590973,4,254593021,0,2047,10.9990,2046,2,0x0af39b188e,55,1852,0,1,7892,2047,10.9990,2046,1,7884
3979000,2048,4,4,0,254654461,4,254656509,0,2046,10.9980,2044,2,0xc1c43c118c,65,1858,0,2,7894,2046,10.9980,2044,2,7886
3980000,2048,4,4,0,254719996,4,254722044,0,2045,10.9971,2042,2,0x2eb6c3a0cb,0,1,0,3,7897,2045,10.9971,2042,3,7889
3981000,2048,4,4,0,254783485,4,254785533,0,2041,10.9932,2034,2,0x8d62d40696,59,1842,0,7,7904,2041,10.9932,2034,7,7896
3982000,2048,4,4,0,254846973,4,254849021,0,2046,10.9980,2044,2,0xf8c86ef956,68,1838,0,2,7906,2046,10.9980,2044,2,7898
3983000,2048,4,4,0,254910461,4,254912509,0,2048,11.0000,2048,1,0x563dba13d3,66,1850,0,0,7906,2048,11.0000,2048,0,7898
3984000,2048,4,4,0,254975996,4,254978044,0,2044,10.9961,2040,2,0x72545b0130,0,1,0,4,7910,2044,10.9961,2040,4,7902
3985000,2048,4,4,0,255039485,4,255041533,0,2047,10.9990,2046,2,0x366b99d7c5,70,1840,0,1,7911,2047,10.9990,2046,1,7903
3986000,2048,4,4,0,255102973,4,255105021,0,2047,10.9990,2046,2,0x6ada7c54f5,61,1845,0,1,7912,2047,10.9990,2046,1,7904
3987000,2048,4,4,0,255166461,4,255168509,0,2044,10.9961,2040,2,0x92456a0e8e,69,1854,0,4,7916,2044,10.9961,2040,4,7908
3988000,2048,4,4,0,255231996,4,255234044,0,2047,10.9990,2046,2,0xbc7c89d211,0,1,0,1,7917,2047,10.9990,2046,1,7909
3989000,2048,4,4,0,255295485,4,255297533,0,2045,10.9971,2042,2,0x161937d933,69,1865,0,3,7920,2045,10.9971,2042,3,7912
3990000,2048,4,4,0,255358973,4,255361021,0,2045,10.9971,2042,2,0xc9ee545e22,66,1852,0,3,7923,2045,10.9971,2042,3,7915
3991000,2048,4,4,0,255422461,4,255424509,0,2046,10.9980,2044,2,0x49f8dd0ed2,66,1844,0,2,7925,2046,10.9980,2044,2,7917
3992000,2048,4,4,0,255487996,4,255490044,0,2045,10.9971,2042,2,0x4b3a48680b,0,1,0,3,7928,2045,10.9971,2042,3,7920
3993000,2048,4,4,0,255551485,4,255553533,0,2046,10.9980,2044,2,0x12bc1ac08b,65,1828,0,2,7930,2046,10.9980,2044,2,7922
3994000,2048,4,4,0,255614973,4,255617021,0,2044,10.9961,2040,2,0x00d2b39493,52,1846,0,4,7934,2044,10.9961,2040,4,7926
3995000,2048,4,4,0,255678461,4,255680509,0,2045,10.9971,2042,2,0x14f35e3920,64,1859,0,3,7937,2045,10.9971,2042,3,7929
3996000,2048,4,4,0,255743996,4,255746044,0,2044,10.9961,2040,2,0x3efedda117,0,0,0,4,7941,2044,10.9961,2040,4,7933
3997000,2048,4,4,0,255807485,4,255809533,0,2046,10.9980,2044,2,0x7a4fc8f7bb,53,1869,0,2,7943,2046,10.9980,2044,2,7935
3998000,2048,4,4,0,255870973,4,255873021,0,2045,10.9971,2042,2,0xc70110e11c,73,1848,0,3,7946,2045,10.9971,2042,3,7938
3999000,2048,4,4,0,255934461,4,255936509,0,2046,10.9980,2044,2,0xb51b92993e,73,1843,0,2,7948,2046,10.9980,2044,2,7940
4000000,2048,4,4,0,255999996,4,256002044,0,2047,10.9990,2046,2,0xc93903fb5b,0,1,0,1,7949,2047,10.9990,2046,1,7941
4001000,2048,4,4,0,256063485,4,256065533,0,2048,11.0000,2048,1,0x07931660f8,69,1852,0,0,7949,2048,11.0000,2048,0,7941
4002000,2048,4,4,0,256126973,4,256129021,0,2044,10.9961,2040,2,0x1f2fd603e3,72,1875,0,4,7953,2044,10.9961,2040,4,7945
4003000,2048,4,4,0,256190461,4,256192509,0,2047,10.9990,2046,2,0x956e757ef7,44,1829,0,1,7954,2047,10.9990,2046,1,7946
4004000,2048,4,4,0,256255996,4,256258044,0,2047,10.9990,2046,2,0x52d606c56a,0,1,0,1,7955,2047,10.9990,2046,1,7947
4005000,2048,4,4,0,256319485,4,256321533,0,2044,10.9961,2040,2,0x2de61e8c4c,69,1867,0,4,7959,2044,10.9961,2040,4,7951
4006000,2048,4,4,0,256382973,4,256385021,0,2044,10.9961,2040,2,0x96ddc78440,57,1850,0,4,7963,2044,10.9961,2040,4,7955
4007000,2048,4,4,0,256446461,4,256448509,0,2047,10.9990,2046,2,0x3c6845b6a3,55,1857,0,1,7964,2047,10.9990,2046,1,7956
4008000,2048,4,4,0,256511996,4,256514044,0,2046,10.9980,2044,2,0x900246c833,0,1,0,2,7966,2046,10.9980,2044,2,7958
4009000,2048,4,4,0,256575485,4,256577533,0,2046,10.9980,2044,2,0xd2ec176732,67,1828,0,2,7968,2046,10.9980,2044,2,7960
4010000,2048,4,4,0,256638973,4,256641021,0,2047,10.9990,2046,2,0xac228a2480,63,1834,0,1,7969,2047,10.9990,2046,1,7961
4011000,2048,4,4,0,256702461,4,256704509,0,2045,10.9971,2042,2,0xecad19621b,54,1853,0,3,7972,2045,10.9971,2042,3,7964
4012000,2048,4,4,0,256767996,4,256770044,0,2047,10.9990,2046,2,0x2e8e45ee92,0,1,0,1,7973,2047,10.9990,2046,1,7965
4013000,2048,4,4,0,256831485,4,256833533,0,2046,10.9980,2044,2,0xf705e0e1da,55,1832,0,2,7975,2046,10.9980,2044,2,7967
4014000,2048,4,4,0,256894973,4,256897021,0,2046,10.9980,2044,2,0x9905807456,88,1850,0,2,7977,2046,10.9980,2044,2,7969
4015000,2048,4,4,0,256958461,4,256960509,0,2046,10.9980,2044,2,0x08380dc19f,60,1856,0,2,7979,2046,10.9980,2044,2,7971
4016000,2048,4,4,0,257023996,4,257026044,0,2047,10.9990,2046,2,0x66565e8cc4,0,1,0,1,7980,2047,10.9990,2046,1,7972
4017000,2048,4,4,0,257087485,4,257089533,0,2044,10.9961,2040,2,0xddd091b07e,61,1843,0,4,7984,2044,10.9961,2040,4,7976
4018000,2048,4,4,0,257150973,4,257153021,0,2046,10.9980,2044,2,0x20838fba28,60,1851,0,2,7986,2046,10.9980,2044,2,7978
4019000,2048,4,4,0,257214461,4,257216509,0,2048,11.0000,2048,1,0x78f6967f3c,57,1856,0,0,7986,2048,11.0000,2048,0,7978
4020000,2048,4,4,0,257279996,4,257282044,0,2046,10.9980,2044,2,0x9adc655285,0,1,0,2,7988,2046,10.9980,2044,2,7980
4021000,2048,4,4,0,257343485,4,257345533,0,2047,10.9990,2046,2,0xad7b7eae39,63,1850,0,1,7989,2047,10.9990,2046,1,7981
4022000,2048,4,4,0,257406973,4,257409021,0,2047,10.9990,2046,2,0x7eba96d006,68,1834,0,1,7990,2047,10.9990,2046,1,7982
4023000,2048,4,4,0,257470461,4,257472509,0,2047,10.9990,2046,2,0x4e1c9212cf,54,1840,0,1,7991,2047,10.9990,2046,1,7983
4024000,2048,4,4,0,257535996,4,257538044,0,2047,10.9990,2046,2,0x464bc19b1b,0,1,0,1,7992,2047,10.9990,2046,1,7984
4025000,2048,4,4,0,257599485,4,257601533,0,2045,10.9971,2042,2,0x73c2e205ab,57,1831,0,3,7995,2045,10.9971,2042,3,7987
4026000,2048,4,4,0,257662973,4,257665021,0,2046,10.9980,2044,2,0x87e148150f,68,1853,0,2,7997,2046,10.9980,2044,2,7989
4027000,2048,4,4,0,257726461,4,257728509,0,2046,10.9980,2044,2,0x0ef5eaa50d,55,1820,0,2,7999,2046,10.9980,2044,2,7991
4028000,2048,4,4,0,257791996,4,257794044,0,2045,10.9971,2042,2,0xb9c0303772,0,1,0,3,8002,2045,10.9971,2042,3,7994
4029000,2048,4,4,0,257855485,4,257857533,0,2044,10.9961,2040,2,0x710d47c94b,56,1838,0,4,8006,2044,10.9961,2040,4,7998
4030000,2048,4,4,0,257918973,4,257921021,0,2046,10.9980,2044,2,0xd72cfa0351,59,1842,0,2,8008,2046,10.9980,2044,2,8000
4031000,2048,4,4,0,257982461,4,257984509,0,2047,10.9990,2046,2,0x9fff0876df,54,1838,0,1,8009,2047,10.9990,2046,1,8001
4032000,2048,4,4,0,258047996,4,258050044,0,2048,11.0000,2048,1,0xa19397760f,1,1,0,0,8009,2048,11.0000,2048,0,8001
4033000,2048,4,4,0,258111485,4,258113533,0,2047,10.9990,2046,2,0x228fc22d74,76,1848,0,1,8010,2047,10.9990,2046,1,8002
4034000,2048,4,4,0,258174973,4,258177021,0,2046,10.9980,2044,2,0x2a8ee1857a,60,1855,0,2,8012,2046,10.9980,2044,2,8004
4035000,2048,4,4,0,258238461,4,258240509,0,2048,11.0000,2048,1,0xc004459cbd,67,1856,0,0,8012,2048,11.0000,2048,0,8004
4036000,2048,4,4,0,258303996,4,258306044,0,2045,10.9971,2042,2,0x56f2567014,0,1,0,3,8015,2045,10.9971,2042,3,8007
4037000,2048,4,4,0,258367485,4,258369533,0,2047,10.9990,2046,2,0x3f146c64c2,64,1849,0,1,8016,2047,10.9990,2046,1,8008
4038000,2048,4,4,0,258430973,4,258433021,0,2047,10.9990,2046,2,0xac21025d20,61,1840,0,1,8017,2047,10.9990,2046,1,8009
4039000,2048,4,4,0,258494461,4,258496509,0,2047,10.9990,2046,2,0x31f11c4721,55,1842,0,1,8018,2047,10.9990,2046,1,8010
4040000,2048,4,4,0,258559996,4,258562044,0,2045,10.9971,2042,2,0xdebea5fdd5,0,1,0,3,8021,2045,10.9971,2042,3,8013
4041000,2048,4,4,0,258623485,4,258625533,0,2046,10.9980,2044,2,0x5c7ba6e267,62,1840,0,2,8023,2046,10.9980,2044,2,8015
4042000,2048,4,4,0,258686973,4,258689021,0,2046,10.9980,2044,2,0x934e7b2530,64,1856,0,2,8025,2046,10.9980,2044,2,8017
4043000,2048,4,4,0,258750461,4,258752509,0,2045,10.9971,2042,2,0x8e10b77887,66,1846,0,3,8028,2045,10.9971,2042,3,8020
4044000,2048,4,4,0,258815996,4,258818044,0,2047,10.9990,2046,2,0xe2b36bdd81,0,1,0,1,8029,2047,10.9990,2046,1,8021
4045000,2048,4,4,0,258879485,4,258881533,0,2045,10.9971,2042,2,0x6a27a9103f,67,1838,0,3,8032,2045,10.9971,2042,3,8024
4046000,2048,4,4,0,258942973,4,258945021,0,2046,10.9980,2044,2,0xc7b9f53d45,57,1873,0,2,8034,2046,10.9980,2044,2,8026
4047000,2048,4,4,0,259006461,4,259008509,0,2047,10.9990,2046,2,0x9cb61c49df,66,1850,0,1,8035,2047,10.9990,2046,1,8027
4048000,2048,4,4,0,259071996,4,259074044,0,2045,10.9971,2042,2,0x9a5dec240d,1,1,0,3,8038,2045,10.9971,2042,3,8030
4049000,2048,4,4,0,259135485,4,259137533,0,2044,10.9961,2040,2,0x41a07a2937,70,1835,0,4,8042,2044,10.9961,2040,4,8034
4050000,2048,4,4,0,259198973,4,259201021,0,2047,10.9990,2046,2,0xeba02c37fb,68,1848,0,1,8043,2047,10.9990,2046,1,8035
4051000,2048,4,4,0,259262461,4,259264509,0,2047,10.9990,2046,2,0x3a6bee453d,62,1840,0,1,8044,2047,10.9990,2046,1,8036
4052000,2048,4,4,0,259327996,4,259330044,0,2047,10.9990,2046,2,0x5bda4887fb,0,1,0,1,8045,2047,10.9990,2046,1,8037
4053000,2048,4,4,0,259391485,4,259393533,0,2045,10.9971,2042,2,0x49ddfefc5a,62,1825,0,3,8048,2045,10.9971,2042,3,8040
4054000,2048,4,4,0,259454973,4,259457021,0,2047,10.9990,2046,2,0x90faeac211,67,1849,0,1,8049,2047,10.9990,2046,1,8041
4055000,2048,4,4,0,259518461,4,259520509,0,2046,10.9980,2044,2,0x79048672fc,65,1879,0,2,8051,2046,10.9980,2044,2,8043
4056000,2048,4,4,0,259583996,4,259586044,0,2046,10.9980,2044,2,0xb359a86457,0,1,0,2,8053,2046,10.9980,2044,2,8045
4057000,2048,4,4,0,259647485,4,259649533,0,2045,10.9971,2042,2,0x19bdb4602c,77,1839,0,3,8056,2045,10.9971,2042,3,8048
4058000,2048,4,4,0,259710973,4,259713021,0,2047,10.9990,2046,2,0x8cfe893dbf,75,1843,0,1,8057,2047,10.9990,2046,1,8049
4059000,2048,4,4,0,259774461,4,259776509,0,2046,10.9980,2044,2,0x22fc09be5c,69,1837,0,2,8059,2046,10.9980,2044,2,8051
4060000,2048,4,4,0,259839996,4,259842044,0,2047,10.9990,2046,2,0x98f09b0252,0,1,0,1,8060,2047,10.9990,2046,1,8052
4061000,2048,4,4,0,259903485,4,259905533,0,2047,10.9990,2046,2,0x9822af2ddb,56,1849,0,1,8061,2047,10.9990,2046,1,8053
4062000,2048,4,4,0,259966973,4,259969021,0,2046,10.9980,2044,2,0xfb6074f9f4,59,1874,0,2,8063,2046,10.9980,2044,2,8055
4063000,2048,4,4,0,260030461,4,260032509,0,2046,10.9980,2044,2,0x3a9bbf9ec5,71,1829,0,2,8065,2046,10.9980,2044,2,8057
4064000,2048,4,4,0,260095996,4,260098044,0,2047,10.9990,2046,2,0x222cdd608a,0,1,0,1,8066,2047,10.9990,2046,1,8058
4065000,2048,4,4,0,260159485,4,260161533,0,2045,10.9971,2042,2,0x4d03175d17,64,1834,0,3,8069,2045,10.9971,2042,3,8061
4066000,2048,4,4,0,260222973,4,260225021,0,2046,10.9980,2044,2,0x3d46befafb,55,1841,0,2,8071,2046,10.9980,2044,2,8063
4067000,2048,4,4,0,260286461,4,260288509,0,2045,10.9971,2042,2,0x6b3be5d95c,47,1833,0,3,8074,2045,10.9971,2042,3,8066
4068000,2048,4,4,0,260351996,4,260354044,0,2047,10.9990,2046,2,0x3f64d1ae1c,0,1,0,1,8075,2047,10.9990,2046,1,8067
4069000,2048,4,4,0,260415485,4,260417533,0,2046,10.9980,2044,2,0x40c284a14a,55,1832,0,2,8077,2046,10.9980,2044,2,8069
4070000,2048,4,4,0,260478973,4,260481021,0,2045,10.9971,2042,2,0x8faa72a2b6,64,1845,0,3,8080,2045,10.9971,2042,3,8072
4071000,2048,4,4,0,260542461,4,260544509,0,2047,10.9990,2046,2,0x10ba4db200,75,1865,0,1,8081,2047,10.9990,2046,1,8073
4072000,2048,4,4,0,260607996,4,260610044,0,2045,10.9971,2042,2,0x38c01ab9ca,0,1,0,3,8084,2045,10.9971,2042,3,8076
4073000,2048,4,4,0,260671485,4,260673533,0,2047,10.9990,2046,2,0x05399b6a47,60,1845,0,1,8085,2047,10.9990,2046,1,8077
4074000,2048,4,4,0,260734973,4,260737021,0,2042,10.9941,2036,2,0xf28ed018c6,56,1850,0,6,8091,2042,10.9941,2036,6,8083
4075000,2048,4,4,0,260798461,4,260800509,0,2047,10.9990,2046,2,0x78285687a9,63,1857,0,1,8092,2047,10.9990,2046,1,8084
4076000,2048,4,4,0,260863996,4,260866044,0,2047,10.9990,2046,2,0x4ff0e4fb03,0,0,0,1,8093,2047,10.9990,2046,1,8085
4077000,2048,4,4,0,260927485,4,260929533,0,2047,10.9990,2046,2,0xe3619c1d9f,64,1852,0,1,8094,2047,10.9990,2046,1,8086
4078000,2048,4,4,0,260990973,4,260993021,0,2047,10.9990,2046,2,0x347acd75d1,68,1840,0,1,8095,2047,10.9990,2046,1,8087
4079000,2048,4,4,0,261054461,4,261056509,0,2048,11.0000,2048,1,0x46840f0b1b,67,1841,0,0,8095,2048,11.0000,2048,0,8087
4080000,2048,4,4,0,261119996,4,261122044,0,2045,10.9971,2042,2,0x5fc2411682,0,1,0,3,8098,2045,10.9971,2042,3,8090
4081000,2048,4,4,0,261183485,4,261185533,0,2046,10.9980,2044,2,0x8165828eff,69,1862,0,2,8100,2046,10.9980,2044,2,8092
4082000,2048,4,4,0,261246973,4,261249021,0,2046,10.9980,2044,2,0x7b7800360b,70,1853,0,2,8102,2046,10.9980,2044,2,8094
4083000,2048,4,4,0,261310461,4,261312509,0,2046,10.9980,2044,2,0x573d020652,49,1842,0,2,8104,2046,10.9980,2044,2,8096
4084000,2048,4,4,0,261375996,4,261378044,0,2047,10.9990,2046,2,0xf9b57c6d44,0,0,0,1,8105,2047,10.9990,2046,1,8097
4085000,2048,4,4,0,261439485,4,261441533,0,2044,10.9961,2040,2,0x1387fa5aa4,79,1835,0,4,8109,2045,10.9971,2042,3,8100
4086000,2048,4,4,0,261502973,4,261505021,0,2043,10.9951,2038,2,0x4e3c7a6d64,60,1848,0,5,8114,2043,10.9951,2038,5,8105
4087000,2048,4,4,0,261566461,4,261568509,0,2046,10.9980,2044,2,0xc37d16a482,79,1861,0,2,8116,2046,10.9980,2044,2,8107
4088000,2048,4,4,0,261631996,4,261634044,0,2046,10.9980,2044,2,0x5ca6bbb7c8,0,1,0,2,8118,2046,10.9980,2044,2,8109
4089000,2048,4,4,0,261695485,4,261697533,0,2047,10.9990,2046,2,0xdbabae5202,66,1847,0,1,8119,2047,10.9990,2046,1,8110
4090000,2048,4,4,0,261758973,4,261761021,0,2046,10.9980,2044,2,0x34f99ac3b8,62,1855,0,2,8121,2046,10.9980,2044,2,8112
4091000,2048,4,4,0,261822461,4,261824509,0,2046,10.9980,2044,2,0xcf511ab4dd,64,1864,0,2,8123,2046,10.9980,2044,2,8114
4092000,2048,4,4,0,261887996,4,261890044,0,2046,10.9980,2044,2,0xdc5bf2188b,0,0,0,2,8125,2046,10.9980,2044,2,8116
4093000,2048,4,4,0,261951485,4,261953533,0,2047,10.9990,2046,2,0x20ac495923,66,1858,0,1,8126,2047,10.9990,2046,1,8117
4094000,2048,4,4,0,262014973,4,262017021,0,2046,10.9980,2044,2,0x3ab7dc00cd,67,1830,0,2,8128,2046,10.9980,2044,2,8119
4095000,2048,4,4,0,262078461,4,262080509,0,2047,10.9990,2046,2,0x210ccd4ae1,73,1835,0,1,8129,2047,10.9990,2046,1,8120
4096000,2048,4,4,0,262143996,4,262146044,0,2046,10.9980,2044,2,0x7cc957c2ea,0,0,0,2,8131,2046,10.9980,2044,2,8122
4097000,2048,4,4,0,262207485,4,262209533,0,2047,10.9990,2046,2,0x15b59ebdd3,66,1843,0,1,8132,2047,10.9990,2046,1,8123
4098000,2048,4,4,0,262270973,4,262273021,0,2048,11.0000,2048,1,0xc9e016cd0d,50,1847,0,0,8132,2048,11.0000,2048,0,8123
4099000,2048,4,4,0,262334461,4,262336509,0,2048,11.0000,2048,1,0xd5022f9fc7,52,1863,0,0,8132,2048,11.0000,2048,0,8123
4100000,2048,4,4,0,262399996,4,262402044,0,2044,10.9961,2040,2,0xddc2519276,0,1,0,4,8136,2044,10.9961,2040,4,8127
4101000,2048,4,4,0,262463485,4,262465533,0,2047,10.9990,2046,2,0x3fe6bf64ea,71,1855,0,1,8137,2047,10.9990,2046,1,8128
4102000,2048,4,4,0,262526973,4,262529021,0,2048,11.0000,2048,1,0xba553e5f6d,66,1851,0,0,8137,2048,11.0000,2048,0,8128
4103000,2048,4,4,0,262590461,4,262592509,0,2047,10.9990,2046,2,0x218802dd79,65,1852,0,1,8138,2047,10.9990,2046,1,8129
4104000,2048,4,4,0,262655996,4,262658044,0,2044,10.9961,2040,2,0x2416140a49,0,1,0,4,8142,2044,10.9961,2040,4,8133
4105000,2048,4,4,0,262719485,4,262721533,0,2042,10.9941,2036,2,0x3d0bb5c97f,57,1841,0,6,8148,2042,10.9941,2036,6,8139
4106000,2048,4,4,0,262782973,4,262785021,0,2048,11.0000,2048,1,0x2e759ce472,57,1861,0,0,8148,2048,11.0000,2048,0,8139
4107000,2048,4,4,0,262846461,4,262848509,0,2045,10.9971,2042,2,0x6dca5eebd2,66,1861,0,3,8151,2045,10.9971,2042,3,8142
4108000,2048,4,4,0,262911996,4,262914044,0,2047,10.9990,2046,2,0xd625eedb16,0,1,0,1,8152,2047,10.9990,2046,1,8143
4109000,2048,4,4,0,262975485,4,262977533,0,2044,10.9961,2040,2,0xb357fe012e,64,1831,0,4,8156,2044,10.9961,2040,4,8147
4110000,2048,4,4,0,263038973,4,263041021,0,2045,10.9971,2042,2,0xfd535fae08,57,1840,0,3,8159,2045,10.9971,2042,3,8150
4111000,2048,4,4,0,263102461,4,263104509,0,2046,10.9980,2044,2,0xa76dc088b5,58,1826,0,2,8161,2046,10.9980,2044,2,8152
4112000,2048,4,4,0,263167996,4,263170044,0,2047,10.9990,2046,2,0xe43be62783,0,1,0,1,8162,2047,10.9990,2046,1,8153
4113000,2048,4,4,0,263231485,4,263233533,0,2047,10.9990,2046,2,0x8e1b53b6e5,66,1849,0,1,8163,2047,10.9990,2046,1,8154
4114000,2048,4,4,0,263294973,4,263297021,0,2047,10.9990,2046,2,0xdcc761157f,70,1844,0,1,8164,2047,10.9990,2046,1,8155
4115000,2048,4,4,0,263358461,4,263360509,0,2045,10.9971,2042,2,0x6ce348029c,71,1834,0,3,8167,2045,10.9971,2042,3,8158
4116000,2048,4,4,0,263423996,4,263426044,0,2046,10.9980,2044,2,0x24ba784c3e,0,1,0,2,8169,2046,10.9980,2044,2,8160
4117000,2048,4,4,0,263487485,4,263489533,0,2047,10.9990,2046,2,0x039de09458,73,1853,0,1,8170,2047,10.9990,2046,1,8161
4118000,2048,4,4,0,263550973,4,263553021,0,2047,10.9990,2046,2,0x3fca90ed5b,63,1837,0,1,8171,2047,10.9990,2046,1,8162
4119000,2048,4,4,0,263614461,4,263616509,0,2046,10.9980,2044,2,0x37b256d265,60,1847,0,2,8173,2046,10.9980,2044,2,8164
4120000,2048,4,4,0,263679996,4,263682044,0,2046,10.9980,2044,2,0x237b77fae9,0,1,0,2,8175,2046,10.9980,2044,2,8166
4121000,2048,4,4,0,263743485,4,263745533,0,2043,10.9951,2038,2,0x6b92e07c2b,63,1854,0,5,8180,2043,10.9951,2038,5,8171
4122000,2048,4,4,0,263806973,4,263809021,0,2048,11.0000,2048,1,0x631a48f6bb,60,1842,0,0,8180,2048,11.0000,2048,0,8171
4123000,2048,4,4,0,263870461,4,263872509,0,2045,10.9971,2042,2,0x094cf0e9eb,63,1855,0,3,8183,2045,10.9971,2042,3,8174
4124000,2048,4,4,0,263935996,4,263938044,0,2048,11.0000,2048,1,0x16a062d11b,0,1,0,0,8183,2048,11.0000,2048,0,8174
4125000,2048,4,4,0,263999485,4,264001533,0,2048,11.0000,2048,1,0xf69dfed656,64,1856,0,0,8183,2048,11.0000,2048,0,8174
4126000,2048,4,4,0,264062973,4,264065021,0,2044,10.9961,2040,2,0x487d54ed4a,64,1855,0,4,8187,2044,10.9961,2040,4,8178
4127000,2048,4,4,0,264126461,4,264128509,0,2047,10.9990,2046,2,0xb6e8ca406f,58,1879,0,1,8188,2047,10.9990,2046,1,8179
4128000,2048,4,4,0,264191996,4,264194044,0,2046,10.9980,2044,2,0x91ac8382df,0,1,0,2,8190,2046,10.9980,2044,2,8181
4129000,2048,4,4,0,264255485,4,264257533,0,2044,10.9961,2040,2,0xdf60502eee,65,1844,0,4,8194,2044,10.9961,2040,4,8185
4130000,2048,4,4,0,264318973,4,264321021,0,2047,10.9990,2046,2,0x8136fb3497,68,1825,0,1,8195,2047,10.9990,2046,1,8186
4131000,2048,4,4,0,264382461,4,264384509,0,2044,10.9961,2040,2,0x51bbe039bf,49,1850,0,4,8199,2044,10.9961,2040,4,8190
4132000,2048,4,4,0,264447996,4,264450044,0,2047,10.9990,2046,2,0x36f03160d5,0,1,0,1,8200,2047,10.9990,2046,1,8191
4133000,2048,4,4,0,264511485,4,264513533,0,2046,10.9980,2044,2,0xff543049c0,60,1843,0,2,8202,2046,10.9980,2044,2,8193
4134000,2048,4,4,0,264574973,4,264577021,0,2046,10.9980,2044,2,0xff35553b55,53,1835,0,2,8204,2046,10.9980,2044,2,8195
4135000,2048,4,4,0,264638461,4,264640509,0,2045,10.9971,2042,2,0x6ae3358ceb,75,1832,0,3,8207,2045,10.9971,2042,3,8198
4136000,2048,4,4,0,264703996,4,264706044,0,2047,10.9990,2046,2,0x82f83809df,0,1,0,1,8208,2047,10.9990,2046,1,8199
4137000,2048,4,4,0,264767485,4,264769533,0,2046,10.9980,2044,2,0xcfc86af4a1,60,1861,0,2,8210,2046,10.9980,2044,2,8201
4138000,2048,4,4,0,264830973,4,264833021,0,2047,10.9990,2046,2,0x029b8b7614,79,1832,0,1,8211,2047,10.9990,2046,1,8202
4139000,2048,4,4,0,264894461,4,264896509,0,2043,10.9951,2038,2,0x6b5e3649bf,72,1856,0,5,8216,2043,10.9951,2038,5,8207
4140000,2048,4,4,0,264959996,4,264962044,0,2046,10.9980,2044,2,0x28631d2b72,0,0,0,2,8218,2046,10.9980,2044,2,8209
4141000,2048,4,4,0,265023485,4,265025533,0,2046,10.9980,2044,2,0x4678d2193c,64,1862,0,2,8220,2046,10.9980,2044,2,8211
4142000,2048,4,4,0,265086973,4,265089021,0,2044,10.9961,2040,2,0xffb77c073b,70,1832,0,4,8224,2044,10.9961,2040,4,8215
4143000,2048,4,4,0,265150461,4,265152509,0,2047,10.9990,2046,2,0x389e286ae4,63,1856,0,1,8225,2047,10.9990,2046,1,8216
4144000,2048,4,4,0,265215996,4,265218044,0,2047,10.9990,2046,2,0xf3f398c5a7,0,1,0,1,8226,2047,10.9990,2046,1,8217
4145000,2048,4,4,0,265279485,4,265281533,0,2047,10.9990,2046,2,0x963903a8de,66,1861,0,1,8227,2047,10.9990,2046,1,8218
4146000,2048,4,4,0,265342973,4,265345021,0,2048,11.0000,2048,1,0xe9e7767f8c,62,1870,0,0,8227,2048,11.0000,2048,0,8218
4147000,2048,4,4,0,265406461,4,265408509,0,2044,10.9961,2040,2,0x98fbf47eac,54,1852,0,4,8231,2044,10.9961,2040,4,8222
4148000,2048,4,4,0,265471996,4,265474044,0,2046,10.9980,2044,2,0xac1b82dc1c,0,1,0,2,8233,2046,10.9980,2044,2,8224
4149000,2048,4,4,0,265535485,4,265537533,0,2047,10.9990,2046,2,0x3612485f93,69,1852,0,1,8234,2047,10.9990,2046,1,8225
4150000,2048,4,4,0,265598973,4,265601021,0,2048,11.0000,2048,1,0xa875387d66,61,1875,0,0,8234,2048,11.0000,2048,0,8225
4151000,2048,4,4,0,265662461,4,265664509,0,2043,10.9951,2038,2,0x10451ef5cf,58,1851,0,5,8239,2043,10.9951,2038,5,8230
4152000,2048,4,4,0,265727996,4,265730044,0,2047,10.9990,2046,2,0xddad191687,0,0,0,1,8240,2047,10.9990,2046,1,8231
4153000,2048,4,4,0,265791485,4,265793533,0,2044,10.9961,2040,2,0x8e6d44ff17,77,1846,0,4,8244,2044,10.9961,2040,4,8235
4154000,2048,4,4,0,265854973,4,265857021,0,2045,10.9971,2042,2,0x593cff8539,76,1862,0,3,8247,2045,10.9971,2042,3,8238
4155000,2048,4,4,0,265918461,4,265920509,0,2047,10.9990,2046,2,0x6483097738,47,1868,0,1,8248,2047,10.9990,2046,1,8239
4156000,2048,4,4,0,265983996,4,265986044,0,2044,10.9961,2040,2,0xbac6a6858d,0,1,0,4,8252,2044,10.9961,2040,4,8243
4157000,2048,4,4,0,266047485,4,266049533,0,2048,11.0000,2048,1,0x22c3fd6fb1,52,1847,0,0,8252,2048,11.0000,2048,0,8243
4158000,2048,4,4,0,266110973,4,266113021,0,2048,11.0000,2048,1,0xafca04e2f6,61,1840,0,0,8252,2048,11.0000,2048,0,8243
4159000,2048,4,4,0,266174461,4,266176509,0,2047,10.9990,2046,2,0x5b79ed03dd,61,1847,0,1,8253,2047,10.9990,2046,1,8244
4160000,2048,4,4,0,266239996,4,266242044,0,2043,10.9951,2038,2,0xe34e846841,0,1,0,5,8258,2043,10.9951,2038,5,8249
4161000,2048,4,4,0,266303485,4,266305533,0,2048,11.0000,2048,1,0x662d7ad0f2,73,1852,0,0,8258,2048,11.0000,2048,0,8249
4162000,2048,4,4,0,266366973,4,266369021,0,2047,10.9990,2046,2,0xd40cfd9f71,59,1844,0,1,8259,2047,10.9990,2046,1,8250
4163000,2048,4,4,0,266430461,4,266432509,0,2048,11.0000,2048,1,0x0c4dacc4ac,63,1835,0,0,8259,2048,11.0000,2048,0,8250
4164000,2048,4,4,0,266495996,4,266498044,0,2047,10.9990,2046,2,0xcecb88bdff,0,1,0,1,8260,2047,10.9990,2046,1,8251
4165000,2048,4,4,0,266559485,4,266561533,0,2047,10.9990,2046,2,0x77f4c06111,63,1861,0,1,8261,2047,10.9990,2046,1,8252
4166000,2048,4,4,0,266622973,4,266625021,0,2048,11.0000,2048,1,0x21d8379e89,50,1853,0,0,8261,2048,11.0000,2048,0,8252
4167000,2048,4,4,0,266686461,4,266688509,0,2043,10.9951,2038,2,0x03caae5184,61,1860,0,5,8266,2043,10.9951,2038,5,8257
4168000,2048,4,4,0,266751996,4,266754044,0,2046,10.9980,2044,2,0x65b81798a2,0,1,0,2,8268,2046,10.9980,2044,2,8259
4169000,2048,4,4,0,266815485,4,266817533,0,2045,10.9971,2042,2,0x5d2094aad2,68,1837,0,3,8271,2045,10.9971,2042,3,8262
4170000,2048,4,4,0,266878973,4,266881021,0,2046,10.9980,2044,2,0xf53ba9be3f,58,1867,0,2,8273,2046,10.9980,2044,2,8264
4171000,2048,4,4,0,266942461,4,266944509,0,2045,10.9971,2042,2,0x07f372f392,57,1856,0,3,8276,2045,10.9971,2042,3,8267
4172000,2048,4,4,0,267007996,4,267010044,0,2045,10.9971,2042,2,0x7f6328ea56,0,1,0,3,8279,2045,10.9971,2042,3,8270
4173000,2048,4,4,0,267071485,4,267073533,0,2046,10.9980,2044,2,0x09aad224f6,61,1840,0,2,8281,2046,10.9980,2044,2,8272
4174000,2048,4,4,0,267134973,4,267137021,0,2046,10.9980,2044,2,0x8d7a4229eb,70,1866,0,2,8283,2046,10.9980,2044,2,8274
4175000,2048,4,4,0,267198461,4,267200509,0,2046,10.9980,2044,2,0xb6b1771ee3,71,1816,0,2,8285,2046,10.9980,2044,2,8276
4176000,2048,4,4,0,267263996,4,267266044,0,2047,10.9990,2046,2,0x29f3d3cda1,0,1,0,1,8286,2047,10.9990,2046,1,8277
4177000,2048,4,4,0,267327485,4,267329533,0,2047,10.9990,2046,2,0x70e50ccf1b,65,1848,0,1,8287,2047,10.9990,2046,1,8278
4178000,2048,4,4,0,267390973,4,267393021,0,2048,11.0000,2048,1,0x0ecb23a8b6,73,1853,0,0,8287,2048,11.0000,2048,0,8278
4179000,2048,4,4,0,267454461,4,267456509,0,2047,10.9990,2046,2,0x82794b2731,75,1849,0,1,8288,2047,10.9990,2046,1,8279
4180000,2048,4,4,0,267519996,4,267522044,0,2046,10.9980,2044,2,0x9dcb83c5df,0,1,0,2,8290,2046,10.9980,2044,2,8281
4181000,2048,4,4,0,267583485,4,267585533,0,2046,10.9980,2044,2,0x591c0cfae8,50,1829,0,2,8292,2046,10.9980,2044,2,8283
4182000,2048,4,4,0,267646973,4,267649021,0,2047,10.9990,2046,2,0xcd387cab0f,69,1849,0,1,8293,2047,10.9990,2046,1,8284
4183000,2048,4,4,0,267710461,4,267712509,0,2048,11.0000,2048,1,0x32ae2e4b09,61,1861,0,0,8293,2048,11.0000,2048,0,8284
4184000,2048,4,4,0,267775996,4,267778044,0,2046,10.9980,2044,2,0xe4f6f31264,0,1,0,2,8295,2046,10.9980,2044,2,8286
4185000,2048,4,4,0,267839485,4,267841533,0,2047,10.9990,2046,2,0xba4825413c,48,1841,0,1,8296,2047,10.9990,2046,1,8287
4186000,2048,4,4,0,267902973,4,267905021,0,2045,10.9971,2042,2,0x9a2678104f,69,1857,0,3,8299,2045,10.9971,2042,3,8290
4187000,2048,4,4,0,267966461,4,267968509,0,2047,10.9990,2046,2,0x7426ebf4e8,68,1854,0,1,8300,2047,10.9990,2046,1,8291
4188000,2048,4,4,0,268031996,4,268034044,0,2047,10.9990,2046,2,0xb653e5c105,0,1,0,1,8301,2047,10.9990,2046,1,8292
4189000,2048,4,4,0,268095485,4,268097533,0,2046,10.9980,2044,2,0xe5dfb28310,61,1829,0,2,8303,2046,10.9980,2044,2,8294
4190000,2048,4,4,0,268158973,4,268161021,0,2048,11.0000,2048,1,0x77b87c29a9,66,1860,0,0,8303,2048,11.0000,2048,0,8294
4191000,2048,4,4,0,268222461,4,268224509,0,2047,10.9990,2046,2,0x372c1cf65f,64,1853,0,1,8304,2047,10.9990,2046,1,8295
4192000,2048,4,4,0,268287996,4,268290044,0,2045,10.9971,2042,2,0x543ad63810,0,1,0,3,8307,2045,10.9971,2042,3,8298
4193000,2048,4,4,0,268351485,4,268353533,0,2044,10.9961,2040,2,0x0ea2e644cf,73,1827,0,4,8311,2044,10.9961,2040,4,8302
4194000,2048,4,4,0,268414973,4,268417021,0,2044,10.9961,2040,2,0xc32bd3898f,78,1867,0,4,8315,2044,10.9961,2040,4,8306
4195000,2048,4,4,0,268478461,4,268480509,0,2045,10.9971,2042,2,0xf75232a469,60,1847,0,3,8318,2045,10.9971,2042,3,8309
4196000,2048,4,4,0,268543996,4,268546044,0,2046,10.9980,2044,2,0xabff5fe21d,0,1,0,2,8320,2046,10.9980,2044,2,8311
4197000,2048,4,4,0,268607485,4,268609533,0,2046,10.9980,2044,2,0x1b95ffd7ae,54,1818,0,2,8322,2046,10.9980,2044,2,8313
4198000,2048,4,4,0,268670973,4,268673021,0,2046,10.9980,2044,2,0x0c90835103,66,1838,0,2,8324,2046,10.9980,2044,2,8315
4199000,2048,4,4,0,268734461,4,268736509,0,2043,10.9951,2038,2,0x5634ebbf93,53,1842,0,5,8329,2043,10.9951,2038,5,8320
4200000,2048,4,4,0,268799996,4,268802044,0,2046,10.9980,2044,2,0xcf1a1b1f94,0,1,0,2,8331,2046,10.9980,2044,2,8322
4201000,2048,4,4,0,268863485,4,268865533,0,2045,10.9971,2042,2,0x69b31ef7b9,59,1832,0,3,8334,2045,10.9971,2042,3,8325
4202000,2048,4,4,0,268926973,4,268929021,0,2047,10.9990,2046,2,0x6561141d6d,65,1851,0,1,8335,2047,10.9990,2046,1,8326
4203000,2048,4,4,0,268990461,4,268992509,0,2046,10.9980,2044,2,0xe9c121a96a,64,1855,0,2,8337,2046,10.9980,2044,2,8328
4204000,2048,4,4,0,269055996,4,269058044,0,2047,10.9990,2046,2,0x1052c7ea2a,0,1,0,1,8338,2047,10.9990,2046,1,8329
4205000,2048,4,4,0,269119485,4,269121533,0,2048,11.0000,2048,1,0x8fe7f0b643,70,1842,0,0,8338,2048,11.0000,2048,0,8329
4206000,2048,4,4,0,269182973,4,269185021,0,2045,10.9971,2042,2,0x73e43efa14,61,1854,0,3,8341,2045,10.9971,2042,3,8332
4207000,2048,4,4,0,269246461,4,269248509,0,2045,10.9971,2042,2,0x2fb09f5655,68,1849,0,3,8344,2045,10.9971,2042,3,8335
4208000,2048,4,4,0,269311996,4,269314044,0,2047,10.9990,2046,2,0x8b20baddf9,0,1,0,1,8345,2047,10.9990,2046,1,8336
4209000,2048,4,4,0,269375485,4,269377533,0,2048,11.0000,2048,1,0xddc6a4b562,56,1834,0,0,8345,2048,11.0000,2048,0,8336
4210000,2048,4,4,0,269438973,4,269441021,0,2047,10.9990,2046,2,0xff6e1105bb,55,1847,0,1,8346,2047,10.9990,2046,1,8337
4211000,2048,4,4,0,269502461,4,269504509,0,2044,10.9961,2040,2,0xe01b90a090,72,1852,0,4,8350,2044,10.9961,2040,4,8341
4212000,2048,4,4,0,269567996,4,269570044,0,2045,10.9971,2042,2,0x89b9651324,0,1,0,3,8353,2045,10.9971,2042,3,8344
4213000,2048,4,4,0,269631485,4,269633533,0,2047,10.9990,2046,2,0x4cbbb7506a,54,1842,0,1,8354,2047,10.9990,2046,1,8345
4214000,2048,4,4,0,269694973,4,269697021,0,2043,10.9951,2038,2,0xf725896f79,64,1833,0,5,8359,2043,10.9951,2038,5,8350
4215000,2048,4,4,0,269758461,4,269760509,0,2046,10.9980,2044,2,0xeb9ef930f9,66,1872,0,2,8361,2046,10.9980,2044,2,8352
4216000,2048,4,4,0,269823996,4,269826044,0,2042,10.9941,2036,2,0x4f24425f09,0,1,0,6,8367,2042,10.9941,2036,6,8358
4217000,2048,4,4,0,269887485,4,269889533,0,2048,11.0000,2048,1,0x8812e46648,62,1853,0,0,8367,2048,11.0000,2048,0,8358
4218000,2048,4,4,0,269950973,4,269953021,0,2046,10.9980,2044,2,0x46c527638c,61,1864,0,2,8369,2046,10.9980,2044,2,8360
4219000,2048,4,4,0,270014461,4,270016509,0,2047,10.9990,2046,2,0x0d7112020c,66,1859,0,1,8370,2047,10.9990,2046,1,8361
4220000,2048,4,4,0,270079996,4,270082044,0,2045,10.9971,2042,2,0x9f30dd1834,0,1,0,3,8373,2045,10.9971,2042,3,8364
4221000,2048,4,4,0,270143485,4,270145533,0,2048,11.0000,2048,1,0x3888f282f7,63,1820,0,0,8373,2048,11.0000,2048,0,8364
4222000,2048,4,4,0,270206973,4,270209021,0,2046,10.9980,2044,2,0x9f2462b51d,54,1838,0,2,8375,2046,10.9980,2044,2,8366
4223000,2048,4,4,0,270270461,4,270272509,0,2045,10.9971,2042,2,0x5cb4ac2e7d,83,1839,0,3,8378,2045,10.9971,2042,3,8369
4224000,2048,4,4,0,270335996,4,270338044,0,2045,10.9971,2042,2,0x836c71d00f,0,1,0,3,8381,2045,10.9971,2042,3,8372
4225000,2048,4,4,0,270399485,4,270401533,0,2047,10.9990,2046,2,0x1f700bc64e,64,1847,0,1,8382,2047,10.9990,2046,1,8373
4226000,2048,4,4,0,270462973,4,270465021,0,2046,10.9980,2044,2,0x0320d3510e,67,1845,0,2,8384,2046,10.9980,2044,2,8375
4227000,2048,4,4,0,270526461,4,270528509,0,2047,10.9990,2046,2,0xfa698d3dfe,51,1837,0,1,8385,2047,10.9990,2046,1,8376
4228000,2048,4,4,0,270591996,4,270594044,0,2047,10.9990,2046,2,0xd2fc10412c,0,1,0,1,8386,2047,10.9990,2046,1,8377
4229000,2048,4,4,0,270655485,4,270657533,0,2046,10.9980,2044,2,0x7f81e33906,60,1857,0,2,8388,2046,10.9980,2044,2,8379
4230000,2048,4,4,0,270718973,4,270721021,0,2048,11.0000,2048,1,0x9413d9acf3,66,1834,0,0,8388,2048,11.0000,2048,0,8379
4231000,2048,4,4,0,270782461,4,270784509,0,2045,10.9971,2042,2,0x68599603c0,60,1849,0,3,8391,2045,10.9971,2042,3,8382
4232000,2048,4,4,0,270847996,4,270850044,0,2048,11.0000,2048,1,0x74592ed797,0,1,0,0,8391,2048,11.0000,2048,0,8382
4233000,2048,4,4,0,270911485,4,270913533,0,2045,10.9971,2042,2,0x2181fb994f,62,1832,0,3,8394,2045,10.9971,2042,3,8385
4234000,2048,4,4,0,270974973,4,270977021,0,2046,10.9980,2044,2,0x05567fd181,65,1863,0,2,8396,2046,10.9980,2044,2,8387
4235000,2048,4,4,0,271038461,4,271040509,0,2047,10.9990,2046,2,0x2bc88c6c64,60,1841,0,1,8397,2047,10.9990,2046,1,8388
4236000,2048,4,4,0,271103996,4,271106044,0,2046,10.9980,2044,2,0xa9e0c1c2ee,0,1,0,2,8399,2046,10.9980,2044,2,8390
4237000,2048,4,4,0,271167485,4,271169533,0,2045,10.9971,2042,2,0x13ea48f46b,67,1823,0,3,8402,2045,10.9971,2042,3,8393
4238000,2048,4,4,0,271230973,4,271233021,0,2047,10.9990,2046,2,0x062569cd77,54,1852,0,1,8403,2047,10.9990,2046,1,8394
4239000,2048,4,4,0,271294461,4,271296509,0,2046,10.9980,2044,2,0x9809ecf93a,60,1868,0,2,8405,2046,10.9980,2044,2,8396
4240000,2048,4,4,0,271359996,4,271362044,0,2047,10.9990,2046,2,0x218467550c,0,1,0,1,8406,2047,10.9990,2046,1,8397
4241000,2048,4,4,0,271423485,4,271425533,0,2048,11.0000,2048,1,0x398e47b903,68,1830,0,0,8406,2048,11.0000,2048,0,8397
4242000,2048,4,4,0,271486973,4,271489021,0,2046,10.9980,2044,2,0xcee791ad3a,58,1840,0,2,8408,2046,10.9980,2044,2,8399
4243000,2048,4,4,0,271550461,4,271552509,0,2046,10.9980,2044,2,0x4894affa8e,71,1835,0,2,8410,2046,10.9980,2044,2,8401
4244000,2048,4,4,0,271615996,4,271618044,0,2045,10.9971,2042,2,0x7442e5a461,0,1,0,3,8413,2045,10.9971,2042,3,8404
4245000,2048,4,4,0,271679485,4,271681533,0,2047,10.9990,2046,2,0x99c26af566,64,1851,0,1,8414,2047,10.9990,2046,1,8405
4246000,2048,4,4,0,271742973,4,271745021,0,2046,10.9980,2044,2,0x97b2e05df3,68,1846,0,2,8416,2046,10.9980,2044,2,8407
4247000,2048,4,4,0,271806461,4,271808509,0,2046,10.9980,2044,2,0xede77246c5,45,1854,0,2,8418,2046,10.9980,2044,2,8409
4248000,2048,4,4,0,271871996,4,271874044,0,2046,10.9980,2044,2,0x5fe104ea3f,0,1,0,2,8420,2046,10.9980,2044,2,8411
4249000,2048,4,4,0,271935485,4,271937533,0,2045,10.9971,2042,2,0x1cf6e890b8,55,1863,0,3,8423,2045,10.9971,2042,3,8414
4250000,2048,4,4,0,271998973,4,272001021,0,2045,10.9971,2042,2,0x2474473a7e,77,1842,0,3,8426,2045,10.9971,2042,3,8417
4251000,2048,4,4,0,272062461,4,272064509,0,2045,10.9971,2042,2,0x6ad8c5ddf9,75,1841,0,3,8429,2045,10.9971,2042,3,8420
4252000,2048,4,4,0,272127996,4,272130044,0,2047,10.9990,2046,2,0x58d8181c42,1,1,0,1,8430,2047,10.9990,2046,1,8421
4253000,2048,4,4,0,272191485,4,272193533,0,2046,10.9980,2044,2,0x5071aef80d,63,1863,0,2,8432,2046,10.9980,2044,2,8423
4254000,2048,4,4,0,272254973,4,272257021,0,2047,10.9990,2046,2,0x1d4db4ad47,59,1859,0,1,8433,2047,10.9990,2046,1,8424
4255000,2048,4,4,0,272318461,4,272320509,0,2047,10.9990,2046,2,0x7177b35cf6,70,1852,0,1,8434,2047,10.9990,2046,1,8425
4256000,2048,4,4,0,272383996,4,272386044,0,2046,10.9980,2044,2,0xeee12e3b8e,0,1,0,2,8436,2046,10.9980,2044,2,8427
4257000,2048,4,4,0,272447485,4,272449533,0,2046,10.9980,2044,2,0x196362a6bd,71,1827,0,2,8438,2046,10.9980,2044,2,8429
4258000,2048,4,4,0,272510973,4,272513021,0,2045,10.9971,2042,2,0x6296d0c118,65,1849,0,3,8441,2045,10.9971,2042,3,8432
4259000,2048,4,4,0,272574461,4,272576509,0,2047,10.9990,2046,2,0xe03b31165e,69,1846,0,1,8442,2047,10.9990,2046,1,8433
4260000,2048,4,4,0,272639996,4,272642044,0,2047,10.9990,2046,2,0x1e3b7f0ce7,0,1,0,1,8443,2047,10.9990,2046,1,8434
4261000,2048,4,4,0,272703485,4,272705533,0,2047,10.9990,2046,2,0xf2b0fa57bb,76,1868,0,1,8444,2047,10.9990,2046,1,8435
4262000,2048,4,4,0,272766973,4,272769021,0,2046,10.9980,2044,2,0x48ece65e69,68,1858,0,2,8446,2046,10.9980,2044,2,8437
4263000,2048,4,4,0,272830461,4,272832509,0,2045,10.9971,2042,2,0xe14d26d367,62,1865,0,3,8449,2045,10.9971,2042,3,8440
4264000,2048,4,4,0,272895996,4,272898044,0,2046,10.9980,2044,2,0xbf53705f8d,0,0,0,2,8451,2046,10.9980,2044,2,8442
4265000,2048,4,4,0,272959485,4,272961533,0,2047,10.9990,2046,2,0xfdb7bc1c23,70,1864,0,1,8452,2047,10.9990,2046,1,8443
4266000,2048,4,4,0,273022973,4,273025021,0,2046,10.9980,2044,2,0xdba1c58c23,80,1854,0,2,8454,2046,10.9980,2044,2,8445
4267000,2048,4,4,0,273086461,4,273088509,0,2045,10.9971,2042,2,0x2baaa8114e,76,1854,0,3,8457,2045,10.9971,2042,3,8448
4268000,2048,4,4,0,273151996,4,273154044,0,2046,10.9980,2044,2,0x7b65738510,0,1,0,2,8459,2046,10.9980,2044,2,8450
4269000,2048,4,4,0,273215485,4,273217533,0,2047,10.9990,2046,2,0x6b26efb0db,80,1838,0,1,8460,2047,10.9990,2046,1,8451
4270000,2048,4,4,0,273278973,4,273281021,0,2047,10.9990,2046,2,0x50118a10a9,60,1834,0,1,8461,2047,10.9990,2046,1,8452
4271000,2048,4,4,0,273342461,4,273344509,0,2044,10.9961,2040,2,0xfffdcceb54,61,1817,0,4,8465,2044,10.9961,2040,4,8456
4272000,2048,4,4,0,273407996,4,273410044,0,2046,10.9980,2044,2,0xa117d6b385,0,1,0,2,8467,2046,10.9980,2044,2,8458
4273000,2048,4,4,0,273471485,4,273473533,0,2047,10.9990,2046,2,0xc380d7c670,67,1846,0,1,8468,2047,10.9990,2046,1,8459
4274000,2048,4,4,0,273534973,4,273537021,0,2045,10.9971,2042,2,0xfbc69b1623,52,1856,0,3,8471,2045,10.9971,2042,3,8462
4275000,2048,4,4,0,273598461,4,273600509,0,2045,10.9971,2042,2,0x62d7971391,56,1830,0,3,8474,2045,10.9971,2042,3,8465
4276000,2048,4,4,0,273663996,4,273666044,0,2046,10.9980,2044,2,0x13b240af27,0,1,0,2,8476,2046,10.9980,2044,2,8467
4277000,2048,4,4,0,273727485,4,273729533,0,2046,10.9980,2044,2,0x6625f1fb2f,72,1837,0,2,8478,2046,10.9980,2044,2,8469
4278000,2048,4,4,0,273790973,4,273793021,0,2048,11.0000,2048,1,0x926d45e155,69,1863,0,0,8478,2048,11.0000,2048,0,8469
4279000,2048,4,4,0,273854461,4,273856509,0,2046,10.9980,2044,2,0x019dbe6278,61,1838,0,2,8480,2046,10.9980,2044,2,8471
4280000,2048,4,4,0,273919996,4,273922044,0,2045,10.9971,2042,2,0x5fc8778a15,0,1,0,3,8483,2045,10.9971,2042,3,8474
4281000,2048,4,4,0,273983485,4,273985533,0,2045,10.9971,2042,2,0x7b351e7c05,66,1857,0,3,8486,2045,10.9971,2042,3,8477
4282000,2048,4,4,0,274046973,4,274049021,0,2046,10.9980,2044,2,0x6e9f3ef075,68,1843,0,2,8488,2046,10.9980,2044,2,8479
4283000,2048,4,4,0,274110461,4,274112509,0,2045,10.9971,2042,2,0xb79b099a55,68,1844,0,3,8491,2045,10.9971,2042,3,8482
4284000,2048,4,4,0,274175996,4,274178044,0,2046,10.9980,2044,2,0x16b66cc635,0,1,0,2,8493,2046,10.9980,2044,2,8484
4285000,2048,4,4,0,274239485,4,274241533,0,2046,10.9980,2044,2,0x17c1d3461d,58,1852,0,2,8495,2046,10.9980,2044,2,8486
4286000,2048,4,4,0,274302973,4,274305021,0,2044,10.9961,2040,2,0x29c1588dac,67,1849,0,4,8499,2044,10.9961,2040,4,8490
4287000,2048,4,4,0,274366461,4,274368509,0,2046,10.9980,2044,2,0x4de8a302c4,80,1854,0,2,8501,2046,10.9980,2044,2,8492
4288000,2048,4,4,0,274431996,4,274434044,0,2046,10.9980,2044,2,0xac12f77857,0,1,0,2,8503,2046,10.9980,2044,2,8494
4289000,2048,4,4,0,274495485,4,274497533,0,2046,10.9980,2044,2,0xe4d4575c59,70,1824,0,2,8505,2046,10.9980,2044,2,8496
4290000,2048,4,4,0,274558973,4,274561021,0,2046,10.9980,2044,2,0x68604d5e57,61,1841,0,2,8507,2046,10.9980,2044,2,8498
4291000,2048,4,4,0,274622461,4,274624509,0,2047,10.9990,2046,2,0xa102930ba6,67,1854,0,1,8508,2047,10.9990,2046,1,8499
4292000,2048,4,4,0,274687996,4,274690044,0,2046,10.9980,2044,2,0xde1abac2a7,0,1,0,2,8510,2046,10.9980,2044,2,8501
4293000,2048,4,4,0,274751485,4,274753533,0,2046,10.9980,2044,2,0x89e4aee8c7,51,1848,0,2,8512,2046,10.9980,2044,2,8503
4294000,2048,4,4,0,274814973,4,274817021,0,2046,10.9980,2044,2,0xc3e15106df,47,1838,0,2,8514,2046,10.9980,2044,2,8505
4295000,2048,4,4,0,274878461,4,274880509,0,2041,10.9932,2034,2,0x67c8e8d71b,89,1858,0,7,8521,2041,10.9932,2034,7,8512
4296000,2048,4,4,0,274943996,4,274946044,0,2047,10.9990,2046,2,0xf7c0671b8d,0,1,0,1,8522,2047,10.9990,2046,1,8513
4297000,2048,4,4,0,275007485,4,275009533,0,2046,10.9980,2044,2,0x44a5617c1f,51,1840,0,2,8524,2046,10.9980,2044,2,8515
4298000,2048,4,4,0,275070973,4,275073021,0,2047,10.9990,2046,2,0x7f0793fb66,65,1866,0,1,8525,2047,10.9990,2046,1,8516
4299000,2048,4,4,0,275134461,4,275136509,0,2047,10.9990,2046,2,0xf3ec331fe5,57,1844,0,1,8526,2047,10.9990,2046,1,8517
4300000,2048,4,4,0,275199996,4,275202044,0,2043,10.9951,2038,2,0x325da0c1dc,0,1,0,5,8531,2043,10.9951,2038,5,8522
4301000,2048,4,4,0,275263485,4,275265533,0,2043,10.9951,2038,2,0xe6aad850ea,70,1858,0,5,8536,2043,10.9951,2038,5,8527
4302000,2048,4,4,0,275326973,4,275329021,0,2046,10.9980,2044,2,0x68722197e2,58,1853,0,2,8538,2046,10.9980,2044,2,8529
4303000,2048,4,4,0,275390461,4,275392509,0,2046,10.9980,2044,2,0xbafbf81fcb,54,1839,0,2,8540,2046,10.9980,2044,2,8531
4304000,2048,4,4,0,275455996,4,275458044,0,2047,10.9990,2046,2,0x71d9e75b95,0,1,0,1,8541,2047,10.9990,2046,1,8532
4305000,2048,4,4,0,275519485,4,275521533,0,2046,10.9980,2044,2,0xd82c9d36df,66,1840,0,2,8543,2046,10.9980,2044,2,8534
4306000,2048,4,4,0,275582973,4,275585021,0,2045,10.9971,2042,2,0x6e19fc1f63,66,1842,0,3,8546,2045,10.9971,2042,3,8537
4307000,2048,4,4,0,275646461,4,275648509,0,2047,10.9990,2046,2,0x778a2761b0,66,1835,0,1,8547,2047,10.9990,2046,1,8538
4308000,2048,4,4,0,275711996,4,275714044,0,2043,10.9951,2038,2,0x8b45fd882f,0,1,0,5,8552,2043,10.9951,2038,5,8543
4309000,2048,4,4,0,275775485,4,275777533,0,2047,10.9990,2046,2,0x41061d6a8d,57,1837,0,1,8553,2047,10.9990,2046,1,8544
4310000,2048,4,4,0,275838973,4,275841021,0,2046,10.9980,2044,2,0x9a252d17a8,58,1827,0,2,8555,2046,10.9980,2044,2,8546
4311000,2048,4,4,0,275902461,4,275904509,0,2048,11.0000,2048,1,0x59b07f9980,73,1840,0,0,8555,2048,11.0000,2048,0,8546
4312000,2048,4,4,0,275967996,4,275970044,0,2047,10.9990,2046,2,0x55dcfa205e,0,1,0,1,8556,2047,10.9990,2046,1,8547
4313000,2048,4,4,0,276031485,4,276033533,0,2048,11.0000,2048,1,0x0e8f310319,72,1866,0,0,8556,2048,11.0000,2048,0,8547
4314000,2048,4,4,0,276094973,4,276097021,0,2046,10.9980,2044,2,0x9e95417384,61,1812,0,2,8558,2046,10.9980,2044,2,8549
4315000,2048,4,4,0,276158461,4,276160509,0,2045,10.9971,2042,2,0xa0e5e3ff2c,74,1839,0,3,8561,2045,10.9971,2042,3,8552
4316000,2048,4,4,0,276223996,4,276226044,0,2047,10.9990,2046,2,0x444880cb16,0,1,0,1,8562,2047,10.9990,2046,1,8553
4317000,2048,4,4,0,276287485,4,276289533,0,2047,10.9990,2046,2,0x08bccfd31a,54,1858,0,1,8563,2047,10.9990,2046,1,8554
4318000,2048,4,4,0,276350973,4,276353021,0,2045,10.9971,2042,2,0x3729065c7b,84,1867,0,3,8566,2045,10.9971,2042,3,8557
4319000,2048,4,4,0,276414461,4,276416509,0,2048,11.0000,2048,1,0xe12ae7ef5f,58,1826,0,0,8566,2048,11.0000,2048,0,8557
4320000,2048,4,4,0,276479996,4,276482044,0,2046,10.9980,2044,2,0x8f78da9b88,0,1,0,2,8568,2046,10.9980,2044,2,8559
4321000,2048,4,4,0,276543485,4,276545533,0,2047,10.9990,2046,2,0xa038ed5832,67,1860,0,1,8569,2047,10.9990,2046,1,8560
4322000,2048,4,4,0,276606973,4,276609021,0,2046,10.9980,2044,2,0x112134a813,71,1855,0,2,8571,2046,10.9980,2044,2,8562
4323000,2048,4,4,0,276670461,4,276672509,0,2047,10.9990,2046,2,0xa1f36971d5,69,1848,0,1,8572,2047,10.9990,2046,1,8563
4324000,2048,4,4,0,276735996,4,276738044,0,2045,10.9971,2042,2,0x33e24d1779,0,0,0,3,8575,2045,10.9971,2042,3,8566
4325000,2048,4,4,0,276799485,4,276801533,0,2047,10.9990,2046,2,0x3d5265b214,61,1839,0,1,8576,2047,10.9990,2046,1,8567
4326000,2048,4,4,0,276862973,4,276865021,0,2045,10.9971,2042,2,0x1d311a4164,63,1827,0,3,8579,2045,10.9971,2042,3,8570
4327000,2048,4,4,0,276926461,4,276928509,0,2045,10.9971,2042,2,0xa7cd8335cb,62,1835,0,3,8582,2045,10.9971,2042,3,8573
4328000,2048,4,4,0,276991996,4,276994044,0,2043,10.9951,2038,2,0x81a56be620,1,1,0,5,8587,2043,10.9951,2038,5,8578
4329000,2048,4,4,0,277055485,4,277057533,0,2045,10.9971,2042,2,0xdf575bd137,78,1863,0,3,8590,2045,10.9971,2042,3,8581
4330000,2048,4,4,0,277118973,4,277121021,0,2046,10.9980,2044,2,0xf3e7d45f3e,63,1849,0,2,8592,2046,10.9980,2044,2,8583
4331000,2048,4,4,0,277182461,4,277184509,0,2046,10.9980,2044,2,0xaa8f9d8fe8,69,1828,0,2,8594,2046,10.9980,2044,2,8585
4332000,2048,4,4,0,277247996,4,277250044,0,2046,10.9980,2044,2,0x23d9946fa5,0,1,0,2,8596,2046,10.9980,2044,2,8587
4333000,2048,4,4,0,277311485,4,277313533,0,2047,10.9990,2046,2,0x7a1c92c992,67,1833,0,1,8597,2047,10.9990,2046,1,8588
4334000,2048,4,4,0,277374973,4,277377021,0,2047,10.9990,2046,2,0xd8dd56dc66,68,1862,0,1,8598,2047,10.9990,2046,1,8589
4335000,2048,4,4,0,277438461,4,277440509,0,2044,10.9961,2040,2,0xb217f8ef8d,70,1856,0,4,8602,2044,10.9961,2040,4,8593
4336000,2048,4,4,0,277503996,4,277506044,0,2046,10.9980,2044,2,0x13b9915e06,0,1,0,2,8604,2046,10.9980,2044,2,8595
4337000,2048,4,4,0,277567485,4,277569533,0,2046,10.9980,2044,2,0x6e68bd024b,64,1837,0,2,8606,2046,10.9980,2044,2,8597
4338000,2048,4,4,0,277630973,4,277633021,0,2046,10.9980,2044,2,0x86af7d650b,74,1858,0,2,8608,2046,10.9980,2044,2,8599
4339000,2048,4,4,0,277694461,4,277696509,0,2046,10.9980,2044,2,0x40c8f5648d,76,1836,0,2,8610,2046,10.9980,2044,2,8601
4340000,2048,4,4,0,277759996,4,277762044,0,2046,10.9980,2044,2,0x498df74ad6,0,1,0,2,8612,2046,10.9980,2044,2,8603
4341000,2048,4,4,0,277823485,4,277825533,0,2047,10.9990,2046,2,0xa7558b13c2,58,1874,0,1,8613,2047,10.9990,2046,1,8604
4342000,2048,4,4,0,277886973,4,277889021,0,2048,11.0000,2048,1,0x49c9f3c121,47,1837,0,0,8613,2048,11.0000,2048,0,8604
4343000,2048,4,4,0,277950461,4,277952509,0,2047,10.9990,2046,2,0x0ca8210a0f,50,1849,0,1,8614,2047,10.9990,2046,1,8605
4344000,2048,4,4,0,278015996,4,278018044,0,2046,10.9980,2044,2,0x991ac53460,0,1,0,2,8616,2046,10.9980,2044,2,8607
4345000,2048,4,4,0,278079485,4,278081533,0,2048,11.0000,2048,1,0xbb8a679bdd,41,1849,0,0,8616,2048,11.0000,2048,0,8607
4346000,2048,4,4,0,278142973,4,278145021,0,2045,10.9971,2042,2,0x992c4c2f21,62,1831,0,3,8619,2045,10.9971,2042,3,8610
4347000,2048,4,4,0,278206461,4,278208509,0,2045,10.9971,2042,2,0x2d4e8d9f6b,81,1841,0,3,8622,2045,10.9971,2042,3,8613
4348000,2048,4,4,0,278271996,4,278274044,0,2045,10.9971,2042,2,0x44bc02cd4a,0,1,0,3,8625,2045,10.9971,2042,3,8616
4349000,2048,4,4,0,278335485,4,278337533,0,2044,10.9961,2040,2,0x7adaeca35a,59,1841,0,4,8629,2044,10.9961,2040,4,8620
4350000,2048,4,4,0,278398973,4,278401021,0,2045,10.9971,2042,2,0x82773ca5d4,70,1845,0,3,8632,2045,10.9971,2042,3,8623
4351000,2048,4,4,0,278462461,4,278464509,0,2048,11.0000,2048,1,0x5d83a6bc66,61,1848,0,0,8632,2048,11.0000,2048,0,8623
4352000,2048,4,4,0,278527996,4,278530044,0,2047,10.9990,2046,2,0xb6cf81d31e,0,1,0,1,8633,2047,10.9990,2046,1,8624
4353000,2048,4,4,0,278591485,4,278593533,0,2045,10.9971,2042,2,0x421a276767,71,1817,0,3,8636,2045,10.9971,2042,3,8627
4354000,2048,4,4,0,278654973,4,278657021,0,2044,10.9961,2040,2,0x8c467537e8,79,1845,0,4,8640,2044,10.9961,2040,4,8631
4355000,2048,4,4,0,278718461,4,278720509,0,2045,10.9971,2042,2,0xbbfcd715c5,54,1828,0,3,8643,2045,10.9971,2042,3,8634
4356000,2048,4,4,0,278783996,4,278786044,0,2046,10.9980,2044,2,0xe9925e5c62,0,1,0,2,8645,2046,10.9980,2044,2,8636
4357000,2048,4,4,0,278847485,4,278849533,0,2047,10.9990,2046,2,0x03f4883117,74,1859,0,1,8646,2047,10.9990,2046,1,8637
4358000,2048,4,4,0,278910973,4,278913021,0,2047,10.9990,2046,2,0xd85eb2e427,69,1847,0,1,8647,2047,10.9990,2046,1,8638
4359000,2048,4,4,0,278974461,4,278976509,0,2046,10.9980,2044,2,0xa5df84c9ac,70,1849,0,2,8649,2046,10.9980,2044,2,8640
4360000,2048,4,4,0,279039996,4,279042044,0,2048,11.0000,2048,1,0xb9db730f39,0,1,0,0,8649,2048,11.0000,2048,0,8640
4361000,2048,4,4,0,279103485,4,279105533,0,2044,10.9961,2040,2,0x2ca4aaa4ae,60,1849,0,4,8653,2044,10.9961,2040,4,8644
4362000,2048,4,4,0,279166973,4,279169021,0,2048,11.0000,2048,1,0xd490d44b4b,67,1850,0,0,8653,2048,11.0000,2048,0,8644
4363000,2048,4,4,0,279230461,4,279232509,0,2045,10.9971,2042,2,0x864afd0968,74,1861,0,3,8656,2045,10.9971,2042,3,8647
4364000,2048,4,4,0,279295996,4,279298044,0,2044,10.9961,2040,2,0x6c098e13ef,0,1,0,4,8660,2044,10.9961,2040,4,8651
4365000,2048,4,4,0,279359485,4,279361533,0,2044,10.9961,2040,2,0x6f42eb77dd,69,1859,0,4,8664,2044,10.9961,2040,4,8655
4366000,2048,4,4,0,279422973,4,279425021,0,2045,10.9971,2042,2,0xf752ac586a,56,1853,0,3,8667,2045,10.9971,2042,3,8658
4367000,2048,4,4,0,279486461,4,279488509,0,2047,10.9990,2046,2,0x9668706e2e,63,1853,0,1,8668,2047,10.9990,2046,1,8659
4368000,2048,4,4,0,279551996,4,279554044,0,2043,10.9951,2038,2,0x0910faba43,0,1,0,5,8673,2043,10.9951,2038,5,8664
4369000,2048,4,4,0,279615485,4,279617533,0,2043,10.9951,2038,2,0xdcc4fe5d77,61,1844,0,5,8678,2043,10.9951,2038,5,8669
4370000,2048,4,4,0,279678973,4,279681021,0,2048,11.0000,2048,1,0xba3e15a5b4,82,1857,0,0,8678,2048,11.0000,2048,0,8669
4371000,2048,4,4,0,279742461,4,279744509,0,2047,10.9990,2046,2,0xea5ee9096b,51,1843,0,1,8679,2047,10.9990,2046,1,8670
4372000,2048,4,4,0,279807996,4,279810044,0,2047,10.9990,2046,2,0xbd9811376e,0,1,0,1,8680,2047,10.9990,2046,1,8671
4373000,2048,4,4,0,279871485,4,279873533,0,2047,10.9990,2046,2,0xe232c093bd,69,1862,0,1,8681,2047,10.9990,2046,1,8672
4374000,2048,4,4,0,279934973,4,279937021,0,2048,11.0000,2048,1,0xf0c2d46a01,72,1844,0,0,8681,2048,11.0000,2048,0,8672
4375000,2048,4,4,0,279998461,4,280000509,0,2046,10.9980,2044,2,0x8b358ec45e,58,1848,0,2,8683,2046,10.9980,2044,2,8674
4376000,2048,4,4,0,280063996,4,280066044,0,2046,10.9980,2044,2,0xa2645febd7,0,1,0,2,8685,2046,10.9980,2044,2,8676
4377000,2048,4,4,0,280127485,4,280129533,0,2047,10.9990,2046,2,0x42be2a6da1,58,1831,0,1,8686,2047,10.9990,2046,1,8677
4378000,2048,4,4,0,280190973,4,280193021,0,2044,10.9961,2040,2,0x15885de568,71,1846,0,4,8690,2044,10.9961,2040,4,8681
4379000,2048,4,4,0,280254461,4,280256509,0,2045,10.9971,2042,2,0xaa74f3297a,53,1849,0,3,8693,2045,10.9971,2042,3,8684
4380000,2048,4,4,0,280319996,4,280322044,0,2045,10.9971,2042,2,0x713cff10c0,0,1,0,3,8696,2045,10.9971,2042,3,8687
4381000,2048,4,4,0,280383485,4,280385533,0,2044,10.9961,2040,2,0x51f99403eb,51,1822,0,4,8700,2044,10.9961,2040,4,8691
4382000,2048,4,4,0,280446973,4,280449021,0,2046,10.9980,2044,2,0x31a6ca77df,54,1851,0,2,8702,2046,10.9980,2044,2,8693
4383000,2048,4,4,0,280510461,4,280512509,0,2043,10.9951,2038,2,0x9f25ea0d7b,67,1846,0,5,8707,2043,10.9951,2038,5,8698
4384000,2048,4,4,0,280575996,4,280578044,0,2047,10.9990,2046,2,0x6d4ff1c0b2,0,1,0,1,8708,2047,10.9990,2046,1,8699
4385000,2048,4,4,0,280639485,4,280641533,0,2047,10.9990,2046,2,0x7917877021,69,1832,0,1,8709,2047,10.9990,2046,1,8700
4386000,2048,4,4,0,280702973,4,280705021,0,2042,10.9941,2036,2,0x7e5775d56c,58,1865,0,6,8715,2042,10.9941,2036,6,8706
4387000,2048,4,4,0,280766461,4,280768509,0,2044,10.9961,2040,2,0xdb59c912f6,61,1848,0,4,8719,2044,10.9961,2040,4,8710
4388000,2048,4,4,0,280831996,4,280834044,0,2044,10.9961,2040,2,0xd2230e6b04,0,1,0,4,8723,2044,10.9961,2040,4,8714
4389000,2048,4,4,0,280895485,4,280897533,0,2046,10.9980,2044,2,0x8feb87f5cd,63,1849,0,2,8725,2046,10.9980,2044,2,8716
4390000,2048,4,4,0,280958973,4,280961021,0,2046,10.9980,2044,2,0xdffb6918ca,65,1863,0,2,8727,2046,10.9980,2044,2,8718
4391000,2048,4,4,0,281022461,4,281024509,0,2045,10.9971,2042,2,0xbe30b9947e,63,1843,0,3,8730,2045,10.9971,2042,3,8721
4392000,2048,4,4,0,281087996,4,281090044,0,2047,10.9990,2046,2,0xfaa775c9c5,0,1,0,1,8731,2047,10.9990,2046,1,8722
4393000,2048,4,4,0,281151485,4,281153533,0,2047,10.9990,2046,2,0x7d70e86c4d,66,1839,0,1,8732,2047,10.9990,2046,1,8723
4394000,2048,4,4,0,281214973,4,281217021,0,2048,11.0000,2048,1,0xe22b560739,56,1845,0,0,8732,2048,11.0000,2048,0,8723
4395000,2048,4,4,0,281278461,4,281280509,0,2047,10.9990,2046,2,0xd2148d7072,71,1867,0,1,8733,2047,10.9990,2046,1,8724
4396000,2048,4,4,0,281343996,4,281346044,0,2046,10.9980,2044,2,0xc31202b3e3,0,1,0,2,8735,2046,10.9980,2044,2,8726
4397000,2048,4,4,0,281407485,4,281409533,0,2047,10.9990,2046,2,0xec226af11c,56,1878,0,1,8736,2047,10.9990,2046,1,8727
4398000,2048,4,4,0,281470973,4,281473021,0,2047,10.9990,2046,2,0x024fb0cc2d,62,1844,0,1,8737,2047,10.9990,2046,1,8728
4399000,2048,4,4,0,281534461,4,281536509,0,2046,10.9980,2044,2,0x575e58e35a,66,1848,0,2,8739,2046,10.9980,2044,2,8730
4400000,2048,4,4,0,281599996,4,281602044,0,2048,11.0000,2048,1,0xe1e4c22cc1,0,1,0,0,8739,2048,11.0000,2048,0,8730
4401000,2048,4,4,0,281663485,4,281665533,0,2047,10.9990,2046,2,0xdf2814d8d7,70,1844,0,1,8740,2047,10.9990,2046,1,8731
4402000,2048,4,4,0,281726973,4,281729021,0,2045,10.9971,2042,2,0xf8cb998f22,54,1819,0,3,8743,2045,10.9971,2042,3,8734
4403000,2048,4,4,0,281790461,4,281792509,0,2043,10.9951,2038,2,0x70567744c5,62,1868,0,5,8748,2043,10.9951,2038,5,8739
4404000,2048,4,4,0,281855996,4,281858044,0,2046,10.9980,2044,2,0xb3c165c4d5,0,1,0,2,8750,2046,10.9980,2044,2,8741
4405000,2048,4,4,0,281919485,4,281921533,0,2048,11.0000,2048,1,0xdd3afafbdc,53,1847,0,0,8750,2048,11.0000,2048,0,8741
4406000,2048,4,4,0,281982973,4,281985021,0,2047,10.9990,2046,2,0xeaf1671780,60,1862,0,1,8751,2047,10.9990,2046,1,8742
4407000,2048,4,4,0,282046461,4,282048509,0,2044,10.9961,2040,2,0x8141d460d2,77,1852,0,4,8755,2044,10.9961,2040,4,8746
4408000,2048,4,4,0,282111996,4,282114044,0,2046,10.9980,2044,2,0x3abbd2d11a,0,1,0,2,8757,2046,10.9980,2044,2,8748
4409000,2048,4,4,0,282175485,4,282177533,0,2044,10.9961,2040,2,0xf11e6ec4ea,69,1861,0,4,8761,2044,10.9961,2040,4,8752
4410000,2048,4,4,0,282238973,4,282241021,0,2047,10.9990,2046,2,0x4afcd2766a,66,1826,0,1,8762,2047,10.9990,2046,1,8753
4411000,2048,4,4,0,282302461,4,282304509,0,2048,11.0000,2048,1,0x307927e75b,67,1842,0,0,8762,2048,11.0000,2048,0,8753
4412000,2048,4,4,0,282367996,4,282370044,0,2048,11.0000,2048,1,0x4f4c4e9860,0,1,0,0,8762,2048,11.0000,2048,0,8753
4413000,2048,4,4,0,282431485,4,282433533,0,2046,10.9980,2044,2,0x274d89322b,86,1858,0,2,8764,2046,10.9980,2044,2,8755
4414000,2048,4,4,0,282494973,4,282497021,0,2046,10.9980,2044,2,0x4d8801c1cd,68,1857,0,2,8766,2046,10.9980,2044,2,8757
4415000,2048,4,4,0,282558461,4,282560509,0,2048,11.0000,2048,1,0x4623a758ba,61,1839,0,0,8766,2048,11.0000,2048,0,8757
4416000,2048,4,4,0,282623996,4,282626044,0,2047,10.9990,2046,2,0xaeab24a86e,0,1,0,1,8767,2047,10.9990,2046,1,8758
4417000,2048,4,4,0,282687485,4,282689533,0,2048,11.0000,2048,1,0xef11152841,60,1818,0,0,8767,2048,11.0000,2048,0,8758
4418000,2048,4,4,0,282750973,4,282753021,0,2045,10.9971,2042,2,0xfe271c2938,59,1850,0,3,8770,2045,10.9971,2042,3,8761
4419000,2048,4,4,0,282814461,4,282816509,0,2045,10.9971,2042,2,0x1654e4e5da,68,1827,0,3,8773,2045,10.9971,2042,3,8764
4420000,2048,4,4,0,282879996,4,282882044,0,2048,11.0000,2048,1,0xb80d6171a2,0,1,0,0,8773,2048,11.0000,2048,0,8764
4421000,2048,4,4,0,282943485,4,282945533,0,2046,10.9980,2044,2,0xe52f6df2bd,78,1852,0,2,8775,2046,10.9980,2044,2,8766
4422000,2048,4,4,0,283006973,4,283009021,0,2045,10.9971,2042,2,0xe5f75ee8db,51,1844,0,3,8778,2045,10.9971,2042,3,8769
4423000,2048,4,4,0,283070461,4,283072509,0,2047,10.9990,2046,2,0x894f1c8216,60,1849,0,1,8779,2047,10.9990,2046,1,8770
4424000,2048,4,4,0,283135996,4,283138044,0,2045,10.9971,2042,2,0xe315132c51,0,1,0,3,8782,2045,10.9971,2042,3,8773
4425000,2048,4,4,0,283199485,4,283201533,0,2045,10.9971,2042,2,0xa49b208d69,62,1845,0,3,8785,2045,10.9971,2042,3,8776
4426000,2048,4,4,0,283262973,4,283265021,0,2047,10.9990,2046,2,0x439b5003f5,59,1850,0,1,8786,2047,10.9990,2046,1,8777
4427000,2048,4,4,0,283326461,4,283328509,0,2045,10.9971,2042,2,0xea96e54ad8,74,1840,0,3,8789,2045,10.9971,2042,3,8780
4428000,2048,4,4,0,283391996,4,283394044,0,2046,10.9980,2044,2,0xc0bec0abac,0,1,0,2,8791,2046,10.9980,2044,2,8782
4429000,2048,4,4,0,283455485,4,283457533,0,2047,10.9990,2046,2,0xc4066d37c8,57,1825,0,1,8792,2047,10.9990,2046,1,8783
4430000,2048,4,4,0,283518973,4,283521021,0,2048,11.0000,2048,1,0x0eef77a974,51,1818,0,0,8792,2048,11.0000,2048,0,8783
4431000,2048,4,4,0,283582461,4,283584509,0,2043,10.9951,2038,2,0xc7c4b28846,67,1849,0,5,8797,2043,10.9951,2038,5,8788
4432000,2048,4,4,0,283647996,4,283650044,0,2045,10.9971,2042,2,0xb543e6c846,0,1,0,3,8800,2045,10.9971,2042,3,8791
4433000,2048,4,4,0,283711485,4,283713533,0,2047,10.9990,2046,2,0x06654bf911,64,1825,0,1,8801,2047,10.9990,2046,1,8792
4434000,2048,4,4,0,283774973,4,283777021,0,2046,10.9980,2044,2,0xf385427f70,64,1885,0,2,8803,2046,10.9980,2044,2,8794
4435000,2048,4,4,0,283838461,4,283840509,0,2047,10.9990,2046,2,0xe0367a0216,48,1850,0,1,8804,2047,10.9990,2046,1,8795
4436000,2048,4,4,0,283903996,4,283906044,0,2046,10.9980,2044,2,0x3b6d479d29,0,1,0,2,8806,2046,10.9980,2044,2,8797
4437000,2048,4,4,0,283967485,4,283969533,0,2047,10.9990,2046,2,0xeaa6575bde,59,1821,0,1,8807,2047,10.9990,2046,1,8798
4438000,2048,4,4,0,284030973,4,284033021,0,2046,10.9980,2044,2,0x9eabb9f944,49,1845,0,2,8809,2046,10.9980,2044,2,8800
4439000,2048,4,4,0,284094461,4,284096509,0,2045,10.9971,2042,2,0x76882ff837,65,1843,0,3,8812,2045,10.9971,2042,3,8803
4440000,2048,4,4,0,284159996,4,284162044,0,2047,10.9990,2046,2,0x181c9cc3f5,0,1,0,1,8813,2047,10.9990,2046,1,8804
4441000,2048,4,4,0,284223485,4,284225533,0,2047,10.9990,2046,2,0x7526328544,68,1808,0,1,8814,2047,10.9990,2046,1,8805
4442000,2048,4,4,0,284286973,4,284289021,0,2045,10.9971,2042,2,0xcd2de9f461,79,1862,0,3,8817,2045,10.9971,2042,3,8808
4443000,2048,4,4,0,284350461,4,284352509,0,2046,10.9980,2044,2,0x1322e1fc5b,70,1864,0,2,8819,2046,10.9980,2044,2,8810
4444000,2048,4,4,0,284415996,4,284418044,0,2048,11.0000,2048,1,0xa19e088c77,0,1,0,0,8819,2048,11.0000,2048,0,8810
4445000,2048,4,4,0,284479485,4,284481533,0,2043,10.9951,2038,2,0x41f28b3d54,70,1855,0,5,8824,2043,10.9951,2038,5,8815
4446000,2048,4,4,0,284542973,4,284545021,0,2043,10.9951,2038,2,0x138a2eb9c1,64,1828,0,5,8829,2043,10.9951,2038,5,8820
4447000,2048,4,4,0,284606461,4,284608509,0,2046,10.9980,2044,2,0x2cdcabda9c,58,1847,0,2,8831,2046,10.9980,2044,2,8822
4448000,2048,4,4,0,284671996,4,284674044,0,2048,11.0000,2048,1,0x600221b3aa,0,1,0,0,8831,2048,11.0000,2048,0,8822
4449000,2048,4,4,0,284735485,4,284737533,0,2047,10.9990,2046,2,0x50b4cda550,69,1831,0,1,8832,2047,10.9990,2046,1,8823
4450000,2048,4,4,0,284798973,4,284801021,0,2046,10.9980,2044,2,0x8678914abc,58,1855,0,2,8834,2046,10.9980,2044,2,8825
4451000,2048,4,4,0,284862461,4,284864509,0,2046,10.9980,2044,2,0x92ff5db404,65,1850,0,2,8836,2046,10.9980,2044,2,8827
4452000,2048,4,4,0,284927996,4,284930044,0,2044,10.9961,2040,2,0x5bb4ae7dde,0,1,0,4,8840,2044,10.9961,2040,4,8831
4453000,2048,4,4,0,284991485,4,284993533,0,2046,10.9980,2044,2,0x4b2aa2cce9,54,1840,0,2,8842,2046,10.9980,2044,2,8833
4454000,2048,4,4,0,285054973,4,285057021,0,2046,10.9980,2044,2,0x1b916635e7,77,1852,0,2,8844,2046,10.9980,2044,2,8835
4455000,2048,4,4,0,285118461,4,285120509,0,2047,10.9990,2046,2,0xf6b6dbb818,57,1850,0,1,8845,2047,10.9990,2046,1,8836
4456000,2048,4,4,0,285183996,4,285186044,0,2044,10.9961,2040,2,0xd76c16c903,1,1,0,4,8849,2044,10.9961,2040,4,8840
4457000,2048,4,4,0,285247485,4,285249533,0,2046,10.9980,2044,2,0x1e30b079f3,57,1844,0,2,8851,2046,10.9980,2044,2,8842
4458000,2048,4,4,0,285310973,4,285313021,0,2047,10.9990,2046,2,0xdb8d240b34,75,1870,0,1,8852,2047,10.9990,2046,1,8843
4459000,2048,4,4,0,285374461,4,285376509,0,2047,10.9990,2046,2,0x46ec806fd2,82,1882,0,1,8853,2047,10.9990,2046,1,8844
4460000,2048,4,4,0,285439996,4,285442044,0,2047,10.9990,2046,2,0x4ed7b97d84,0,0,0,1,8854,2047,10.9990,2046,1,8845
4461000,2048,4,4,0,285503485,4,285505533,0,2047,10.9990,2046,2,0x1bd92eed75,75,1836,0,1,8855,2047,10.9990,2046,1,8846
4462000,2048,4,4,0,285566973,4,285569021,0,2046,10.9980,2044,2,0x6c117174fb,58,1859,0,2,8857,2046,10.9980,2044,2,8848
4463000,2048,4,4,0,285630461,4,285632509,0,2044,10.9961,2040,2,0xad32da77e0,77,1858,0,4,8861,2044,10.9961,2040,4,8852
4464000,2048,4,4,0,285695996,4,285698044,0,2046,10.9980,2044,2,0xecb67cf601,1,1,0,2,8863,2046,10.9980,2044,2,8854
4465000,2048,4,4,0,285759485,4,285761533,0,2043,10.9951,2038,2,0xac8efcee80,64,1849,0,5,8868,2043,10.9951,2038,5,8859
4466000,2048,4,4,0,285822973,4,285825021,0,2047,10.9990,2046,2,0x07644ac1df,65,1832,0,1,8869,2047,10.9990,2046,1,8860
4467000,2048,4,4,0,285886461,4,285888509,0,2044,10.9961,2040,2,0xa1dcf3d264,87,1867,0,4,8873,2044,10.9961,2040,4,8864
4468000,2048,4,4,0,285951996,4,285954044,0,2046,10.9980,2044,2,0xa52d808a2a,0,1,0,2,8875,2046,10.9980,2044,2,8866
4469000,2048,4,4,0,286015485,4,286017533,0,2046,10.9980,2044,2,0x03da0ace30,50,1851,0,2,8877,2046,10.9980,2044,2,8868
4470000,2048,4,4,0,286078973,4,286081021,0,2047,10.9990,2046,2,0x10b38c229c,59,1825,0,1,8878,2047,10.9990,2046,1,8869
4471000,2048,4,4,0,286142461,4,286144509,0,2048,11.0000,2048,1,0xb89c80aed8,61,1834,0,0,8878,2048,11.0000,2048,0,8869
4472000,2048,4,4,0,286207996,4,286210044,0,2045,10.9971,2042,2,0x8a0ccfa94d,0,1,0,3,8881,2045,10.9971,2042,3,8872
4473000,2048,4,4,0,286271485,4,286273533,0,2047,10.9990,2046,2,0x149680716a,61,1833,0,1,8882,2047,10.9990,2046,1,8873
4474000,2048,4,4,0,286334973,4,286337021,0,2044,10.9961,2040,2,0xa5559a1486,66,1848,0,4,8886,2044,10.9961,2040,4,8877
4475000,2048,4,4,0,286398461,4,286400509,0,2047,10.9990,2046,2,0xea8ea8b848,69,1834,0,1,8887,2047,10.9990,2046,1,8878
4476000,2048,4,4,0,286463996,4,286466044,0,2047,10.9990,2046,2,0x8384d4102f,0,1,0,1,8888,2047,10.9990,2046,1,8879
4477000,2048,4,4,0,286527485,4,286529533,0,2046,10.9980,2044,2,0x1e56a5f1fb,67,1861,0,2,8890,2046,10.9980,2044,2,8881
4478000,2048,4,4,0,286590973,4,286593021,0,2045,10.9971,2042,2,0x5ae749a9d4,61,1847,0,3,8893,2045,10.9971,2042,3,8884
4479000,2048,4,4,0,286654461,4,286656509,0,2044,10.9961,2040,2,0x452e6b6a4c,59,1847,0,4,8897,2044,10.9961,2040,4,8888
4480000,2048,4,4,0,286719996,4,286722044,0,2047,10.9990,2046,2,0x07c5b4ca10,0,1,0,1,8898,2047,10.9990,2046,1,8889
4481000,2048,4,4,0,286783485,4,286785533,0,2046,10.9980,2044,2,0xd3cdaee25b,70,1832,0,2,8900,2046,10.9980,2044,2,8891
4482000,2048,4,4,0,286846973,4,286849021,0,2044,10.9961,2040,2,0x0926fd9961,90,1842,0,4,8904,2044,10.9961,2040,4,8895
4483000,2048,4,4,0,286910461,4,286912509,0,2046,10.9980,2044,2,0x0cde27ad67,70,1838,0,2,8906,2046,10.9980,2044,2,8897
4484000,2048,4,4,0,286975996,4,286978044,0,2045,10.9971,2042,2,0xdbb3b5eaea,0,1,0,3,8909,2045,10.9971,2042,3,8900
4485000,2048,4,4,0,287039485,4,287041533,0,2048,11.0000,2048,1,0x78455c8cf6,69,1849,0,0,8909,2048,11.0000,2048,0,8900
4486000,2048,4,4,0,287102973,4,287105021,0,2047,10.9990,2046,2,0xd688b34bdc,65,1845,0,1,8910,2047,10.9990,2046,1,8901
4487000,2048,4,4,0,287166461,4,287168509,0,2045,10.9971,2042,2,0xed68413c34,64,1826,0,3,8913,2045,10.9971,2042,3,8904
4488000,2048,4,4,0,287231996,4,287234044,0,2048,11.0000,2048,1,0x8d3e4002b4,0,1,0,0,8913,2048,11.0000,2048,0,8904
4489000,2048,4,4,0,287295485,4,287297533,0,2045,10.9971,2042,2,0x9bcd3ecc49,62,1850,0,3,8916,2045,10.9971,2042,3,8907
4490000,2048,4,4,0,287358973,4,287361021,0,2047,10.9990,2046,2,0x891d8655d8,70,1827,0,1,8917,2047,10.9990,2046,1,8908
4491000,2048,4,4,0,287422461,4,287424509,0,2046,10.9980,2044,2,0x5c91cb5dfb,54,1850,0,2,8919,2046,10.9980,2044,2,8910
4492000,2048,4,4,0,287487996,4,287490044,0,2047,10.9990,2046,2,0x47061ad396,0,1,0,1,8920,2047,10.9990,2046,1,8911
4493000,2048,4,4,0,287551485,4,287553533,0,2047,10.9990,2046,2,0x34fd49bf10,48,1856,0,1,8921,2047,10.9990,2046,1,8912
4494000,2048,4,4,0,287614973,4,287617021,0,2048,11.0000,2048,1,0xd1002ef862,74,1848,0,0,8921,2048,11.0000,2048,0,8912
4495000,2048,4,4,0,287678461,4,287680509,0,2047,10.9990,2046,2,0x2734051490,66,1845,0,1,8922,2047,10.9990,2046,1,8913
4496000,2048,4,4,0,287743996,4,287746044,0,2048,11.0000,2048,1,0x96aeafdea8,0,1,0,0,8922,2048,11.0000,2048,0,8913
4497000,2048,4,4,0,287807485,4,287809533,0,2047,10.9990,2046,2,0x798665290a,78,1852,0,1,8923,2047,10.9990,2046,1,8914
4498000,2048,4,4,0,287870973,4,287873021,0,2046,10.9980,2044,2,0x0148f643bb,63,1846,0,2,8925,2046,10.9980,2044,2,8916
4499000,2048,4,4,0,287934461,4,287936509,0,2046,10.9980,2044,2,0x3bcd4fd0d4,60,1840,0,2,8927,2046,10.9980,2044,2,8918
4500000,2048,4,4,0,287999996,4,288002044,0,2046,10.9980,2044,2,0xde3dd21aa7,0,1,0,2,8929,2046,10.9980,2044,2,8920
4501000,2048,4,4,0,288063485,4,288065533,0,2047,10.9990,2046,2,0x56e3e371b7,81,1817,0,1,8930,2047,10.9990,2046,1,8921
4502000,2048,4,4,0,288126973,4,288129021,0,2046,10.9980,2044,2,0x8744a1d42f,59,1860,0,2,8932,2046,10.9980,2044,2,8923
4503000,2048,4,4,0,288190461,4,288192509,0,2046,10.9980,2044,2,0x66fbb3975b,63,1879,0,2,8934,2046,10.9980,2044,2,8925
4504000,2048,4,4,0,288255996,4,288258044,0,2046,10.9980,2044,2,0x38d123ce3d,0,1,0,2,8936,2046,10.9980,2044,2,8927
4505000,2048,4,4,0,288319485,4,288321533,0,2047,10.9990,2046,2,0x35dcfb59c2,61,1846,0,1,8937,2047,10.9990,2046,1,8928
4506000,2048,4,4,0,288382973,4,288385021,0,2047,10.9990,2046,2,0xf187053c3d,67,1838,0,1,8938,2047,10.9990,2046,1,8929
4507000,2048,4,4,0,288446461,4,288448509,0,2045,10.9971,2042,2,0x5de6b0aefd,70,1837,0,3,8941,2045,10.9971,2042,3,8932
4508000,2048,4,4,0,288511996,4,288514044,0,2047,10.9990,2046,2,0xbd16ecdfb9,0,1,0,1,8942,2047,10.9990,2046,1,8933
4509000,2048,4,4,0,288575485,4,288577533,0,2048,11.0000,2048,1,0x2d1e2f9015,61,1835,0,0,8942,2048,11.0000,2048,0,8933
4510000,2048,4,4,0,288638973,4,288641021,0,2045,10.9971,2042,2,0x89cfb84980,61,1860,0,3,8945,2045,10.9971,2042,3,8936
4511000,2048,4,4,0,288702461,4,288704509,0,2046,10.9980,2044,2,0x8439a9d372,62,1867,0,2,8947,2046,10.9980,2044,2,8938
4512000,2048,4,4,0,288767996,4,288770044,0,2047,10.9990,2046,2,0xb24974a2d7,0,1,0,1,8948,2047,10.9990,2046,1,8939
4513000,2048,4,4,0,288831485,4,288833533,0,2043,10.9951,2038,2,0xe39e89dc89,63,1849,0,5,8953,2043,10.9951,2038,5,8944
4514000,2048,4,4,0,288894973,4,288897021,0,2043,10.9951,2038,2,0xd818937aff,70,1850,0,5,8958,2043,10.9951,2038,5,8949
4515000,2048,4,4,0,288958461,4,288960509,0,2046,10.9980,2044,2,0x84801351d2,68,1848,0,2,8960,2046,10.9980,2044,2,8951
4516000,2048,4,4,0,289023996,4,289026044,0,2048,11.0000,2048,1,0xedcfb32a96,0,1,0,0,8960,2048,11.0000,2048,0,8951
4517000,2048,4,4,0,289087485,4,289089533,0,2043,10.9951,2038,2,0x7efde623dd,84,1841,0,5,8965,2043,10.9951,2038,5,8956
4518000,2048,4,4,0,289150973,4,289153021,0,2045,10.9971,2042,2,0x2c07e517de,58,1816,0,3,8968,2045,10.9971,2042,3,8959
4519000,2048,4,4,0,289214461,4,289216509,0,2046,10.9980,2044,2,0x7cedbcd4c9,55,1854,0,2,8970,2046,10.9980,2044,2,8961
4520000,2048,4,4,0,289279996,4,289282044,0,2047,10.9990,2046,2,0xbc8d491a6e,0,1,0,1,8971,2047,10.9990,2046,1,8962
4521000,2048,4,4,0,289343485,4,289345533,0,2047,10.9990,2046,2,0x006cdd28a1,69,1813,0,1,8972,2047,10.9990,2046,1,8963
4522000,2048,4,4,0,289406973,4,289409021,0,2046,10.9980,2044,2,0x43106f1fc4,49,1865,0,2,8974,2046,10.9980,2044,2,8965
4523000,2048,4,4,0,289470461,4,289472509,0,2047,10.9990,2046,2,0x1b7caf8ca8,68,1889,0,1,8975,2047,10.9990,2046,1,8966
4524000,2048,4,4,0,289535996,4,289538044,0,2048,11.0000,2048,1,0xa4beb8352a,0,1,0,0,8975,2048,11.0000,2048,0,8966
4525000,2048,4,4,0,289599485,4,289601533,0,2047,10.9990,2046,2,0x3bae3cf5ee,53,1858,0,1,8976,2047,10.9990,2046,1,8967
4526000,2048,4,4,0,289662973,4,289665021,0,2047,10.9990,2046,2,0xd3caf22709,59,1844,0,1,8977,2047,10.9990,2046,1,8968
4527000,2048,4,4,0,289726461,4,289728509,0,2045,10.9971,2042,2,0x21ec7143ea,70,1843,0,3,8980,2045,10.9971,2042,3,8971
4528000,2048,4,4,0,289791996,4,289794044,0,2045,10.9971,2042,2,0x4d0c89a480,0,1,0,3,8983,2045,10.9971,2042,3,8974
4529000,2048,4,4,0,289855485,4,289857533,0,2048,11.0000,2048,1,0x3839d34bc7,53,1887,0,0,8983,2048,11.0000,2048,0,8974
4530000,2048,4,4,0,289918973,4,289921021,0,2047,10.9990,2046,2,0x6491fe02e1,66,1841,0,1,8984,2047,10.9990,2046,1,8975
4531000,2048,4,4,0,289982461,4,289984509,0,2044,10.9961,2040,2,0x2d9909702f,82,1853,0,4,8988,2044,10.9961,2040,4,8979
4532000,2048,4,4,0,290047996,4,290050044,0,2045,10.9971,2042,2,0xc8b71cc133,0,1,0,3,8991,2045,10.9971,2042,3,8982
4533000,2048,4,4,0,290111485,4,290113533,0,2046,10.9980,2044,2,0x27581df6f7,58,1861,0,2,8993,2046,10.9980,2044,2,8984
4534000,2048,4,4,0,290174973,4,290177021,0,2047,10.9990,2046,2,0x6421c82f0c,51,1850,0,1,8994,2047,10.9990,2046,1,8985
4535000,2048,4,4,0,290238461,4,290240509,0,2045,10.9971,2042,2,0x781047901c,63,1843,0,3,8997,2045,10.9971,2042,3,8988
4536000,2048,4,4,0,290303996,4,290306044,0,2046,10.9980,2044,2,0x237fd35852,0,1,0,2,8999,2046,10.9980,2044,2,8990
4537000,2048,4,4,0,290367485,4,290369533,0,2044,10.9961,2040,2,0x6b552e6fe0,68,1827,0,4,9003,2044,10.9961,2040,4,8994
4538000,2048,4,4,0,290430973,4,290433021,0,2043,10.9951,2038,2,0xf9457ab5a8,56,1855,0,5,9008,2043,10.9951,2038,5,8999
4539000,2048,4,4,0,290494461,4,290496509,0,2048,11.0000,2048,1,0xc41af67dca,75,1823,0,0,9008,2048,11.0000,2048,0,8999
4540000,2048,4,4,0,290559996,4,290562044,0,2046,10.9980,2044,2,0xb564c26ba4,0,1,0,2,9010,2046,10.9980,2044,2,9001
4541000,2048,4,4,0,290623485,4,290625533,0,2047,10.9990,2046,2,0x908455c593,81,1861,0,1,9011,2047,10.9990,2046,1,9002
4542000,2048,4,4,0,290686973,4,290689021,0,2047,10.9990,2046,2,0x0f3c5e749a,65,1848,0,1,9012,2047,10.9990,2046,1,9003
4543000,2048,4,4,0,290750461,4,290752509,0,2048,11.0000,2048,1,0x67bc8b4719,59,1833,0,0,9012,2048,11.0000,2048,0,9003
4544000,2048,4,4,0,290815996,4,290818044,0,2047,10.9990,2046,2,0x94cad3bddb,0,1,0,1,9013,2047,10.9990,2046,1,9004
4545000,2048,4,4,0,290879485,4,290881533,0,2044,10.9961,2040,2,0xee9485e0c8,66,1867,0,4,9017,2044,10.9961,2040,4,9008
4546000,2048,4,4,0,290942973,4,290945021,0,2045,10.9971,2042,2,0x1b804bc377,59,1849,0,3,9020,2045,10.9971,2042,3,9011
4547000,2048,4,4,0,291006461,4,291008509,0,2047,10.9990,2046,2,0x91f7f67792,62,1836,0,1,9021,2047,10.9990,2046,1,9012
4548000,2048,4,4,0,291071996,4,291074044,0,2047,10.9990,2046,2,0x75ecbe0a39,0,1,0,1,9022,2047,10.9990,2046,1,9013
4549000,2048,4,4,0,291135485,4,291137533,0,2046,10.9980,2044,2,0xc162bc9850,71,1863,0,2,9024,2046,10.9980,2044,2,9015
4550000,2048,4,4,0,291198973,4,291201021,0,2047,10.9990,2046,2,0xafd3ffecde,52,1858,0,1,9025,2047,10.9990,2046,1,9016
4551000,2048,4,4,0,291262461,4,291264509,0,2047,10.9990,2046,2,0xb12251f3cb,44,1840,0,1,9026,2047,10.9990,2046,1,9017
4552000,2048,4,4,0,291327996,4,291330044,0,2042,10.9941,2036,2,0xc550b498c6,0,1,0,6,9032,2042,10.9941,2036,6,9023
4553000,2048,4,4,0,291391485,4,291393533,0,2046,10.9980,2044,2,0xdff00a874c,60,1837,0,2,9034,2046,10.9980,2044,2,9025
4554000,2048,4,4,0,291454973,4,291457021,0,2047,10.9990,2046,2,0x8aa00bd21f,63,1854,0,1,9035,2047,10.9990,2046,1,9026
4555000,2048,4,4,0,291518461,4,291520509,0,2048,11.0000,2048,1,0xb8892161ec,74,1835,0,0,9035,2048,11.0000,2048,0,9026
4556000,2048,4,4,0,291583996,4,291586044,0,2047,10.9990,2046,2,0x9770946114,0,1,0,1,9036,2047,10.9990,2046,1,9027
4557000,2048,4,4,0,291647485,4,291649533,0,2046,10.9980,2044,2,0x4f619b9058,61,1854,0,2,9038,2046,10.9980,2044,2,9029
4558000,2048,4,4,0,291710973,4,291713021,0,2045,10.9971,2042,2,0x7ff971287a,68,1844,0,3,9041,2046,10.9980,2044,2,9031
4559000,2048,4,4,0,291774461,4,291776509,0,2046,10.9980,2044,2,0xa2aee20617,61,1823,0,2,9043,2046,10.9980,2044,2,9033
4560000,2048,4,4,0,291839996,4,291842044,0,2044,10.9961,2040,2,0x9cd67831cc,0,1,0,4,9047,2044,10.9961,2040,4,9037
4561000,2048,4,4,0,291903485,4,291905533,0,2045,10.9971,2042,2,0x3ac3ee43ff,82,1860,0,3,9050,2045,10.9971,2042,3,9040
4562000,2048,4,4,0,291966973,4,291969021,0,2047,10.9990,2046,2,0x09bd4a54e6,61,1836,0,1,9051,2047,10.9990,2046,1,9041
4563000,2048,4,4,0,292030461,4,292032509,0,2047,10.9990,2046,2,0xe1d93ce027,61,1825,0,1,9052,2047,10.9990,2046,1,9042
4564000,2048,4,4,0,292095996,4,292098044,0,2046,10.9980,2044,2,0x57b1e5dc34,0,1,0,2,9054,2046,10.9980,2044,2,9044
4565000,2048,4,4,0,292159485,4,292161533,0,2046,10.9980,2044,2,0xdaf8a86264,58,1834,0,2,9056,2046,10.9980,2044,2,9046
4566000,2048,4,4,0,292222973,4,292225021,0,2047,10.9990,2046,2,0xffe9a1ac62,64,1860,0,1,9057,2047,10.9990,2046,1,9047
4567000,2048,4,4,0,292286461,4,292288509,0,2047,10.9990,2046,2,0x539564cad2,53,1857,0,1,9058,2047,10.9990,2046,1,9048
4568000,2048,4,4,0,292351996,4,292354044,0,2044,10.9961,2040,2,0xf063153723,0,1,0,4,9062,2044,10.9961,2040,4,9052
4569000,2048,4,4,0,292415485,4,292417533,0,2044,10.9961,2040,2,0x900c4b1f11,61,1841,0,4,9066,2044,10.9961,2040,4,9056
4570000,2048,4,4,0,292478973,4,292481021,0,2047,10.9990,2046,2,0xf44683155a,55,1838,0,1,9067,2047,10.9990,2046,1,9057
4571000,2048,4,4,0,292542461,4,292544509,0,2043,10.9951,2038,2,0xf45a3a088c,67,1851,0,5,9072,2043,10.9951,2038,5,9062
4572000,2048,4,4,0,292607996,4,292610044,0,2048,11.0000,2048,1,0x12c1867adc,0,1,0,0,9072,2048,11.0000,2048,0,9062
4573000,2048,4,4,0,292671485,4,292673533,0,2044,10.9961,2040,2,0x8b926f72a3,69,1834,0,4,9076,2044,10.9961,2040,4,9066
4574000,2048,4,4,0,292734973,4,292737021,0,2045,10.9971,2042,2,0x35ad43e63f,72,1850,0,3,9079,2045,10.9971,2042,3,9069
4575000,2048,4,4,0,292798461,4,292800509,0,2047,10.9990,2046,2,0xe53e0f4254,50,1837,0,1,9080,2047,10.9990,2046,1,9070
4576000,2048,4,4,0,292863996,4,292866044,0,2047,10.9990,2046,2,0xc1d06c29ab,0,1,0,1,9081,2047,10.9990,2046,1,9071
4577000,2048,4,4,0,292927485,4,292929533,0,2046,10.9980,2044,2,0xee85723a2d,59,1866,0,2,9083,2046,10.9980,2044,2,9073
4578000,2048,4,4,0,292990973,4,292993021,0,2043,10.9951,2038,2,0xad530564db,62,1824,0,5,9088,2043,10.9951,2038,5,9078
4579000,2048,4,4,0,293054461,4,293056509,0,2043,10.9951,2038,2,0x3bb4714e0a,61,1830,0,5,9093,2043,10.9951,2038,5,9083
4580000,2048,4,4,0,293119996,4,293122044,0,2045,10.9971,2042,2,0xe9ac5d5a5c,0,0,0,3,9096,2045,10.9971,2042,3,9086
4581000,2048,4,4,0,293183485,4,293185533,0,2047,10.9990,2046,2,0x95d6645074,61,1834,0,1,9097,2047,10.9990,2046,1,9087
4582000,2048,4,4,0,293246973,4,293249021,0,2047,10.9990,2046,2,0x3fb14b0331,61,1853,0,1,9098,2047,10.9990,2046,1,9088
4583000,2048,4,4,0,293310461,4,293312509,0,2046,10.9980,2044,2,0xebdbc59ea5,63,1859,0,2,9100,2046,10.9980,2044,2,9090
4584000,2048,4,4,0,293375996,4,293378044,0,2046,10.9980,2044,2,0x5613de28fa,0,1,0,2,9102,2046,10.9980,2044,2,9092
4585000,2048,4,4,0,293439485,4,293441533,0,2048,11.0000,2048,1,0x001e0fa123,57,1853,0,0,9102,2048,11.0000,2048,0,9092
4586000,2048,4,4,0,293502973,4,293505021,0,2048,11.0000,2048,1,0x7540a9b8ab,68,1839,0,0,9102,2048,11.0000,2048,0,9092
4587000,2048,4,4,0,293566461,4,293568509,0,2046,10.9980,2044,2,0xc1c6e16e0d,64,1842,0,2,9104,2046,10.9980,2044,2,9094
4588000,2048,4,4,0,293631996,4,293634044,0,2048,11.0000,2048,1,0x6f40f4dd9f,0,1,0,0,9104,2048,11.0000,2048,0,9094
4589000,2048,4,4,0,293695485,4,293697533,0,2043,10.9951,2038,2,0x5f4e977e6a,71,1867,0,5,9109,2043,10.9951,2038,5,9099
4590000,2048,4,4,0,293758973,4,293761021,0,2047,10.9990,2046,2,0x89db3ea920,67,1844,0,1,9110,2047,10.9990,2046,1,9100
4591000,2048,4,4,0,293822461,4,293824509,0,2048,11.0000,2048,1,0x21586cbb8b,65,1861,0,0,9110,2048,11.0000,2048,0,9100
4592000,2048,4,4,0,293887996,4,293890044,0,2046,10.9980,2044,2,0xda155cc9a6,0,1,0,2,9112,2046,10.9980,2044,2,9102
4593000,2048,4,4,0,293951485,4,293953533,0,2048,11.0000,2048,1,0xd0b13a11dc,60,1839,0,0,9112,2048,11.0000,2048,0,9102
4594000,2048,4,4,0,294014973,4,294017021,0,2047,10.9990,2046,2,0x8cd5f0f5f2,65,1839,0,1,9113,2047,10.9990,2046,1,9103
4595000,2048,4,4,0,294078461,4,294080509,0,2046,10.9980,2044,2,0x80cf01599b,74,1877,0,2,9115,2046,10.9980,2044,2,9105
4596000,2048,4,4,0,294143996,4,294146044,0,2045,10.9971,2042,2,0xf4e8b71e27,0,1,0,3,9118,2045,10.9971,2042,3,9108
4597000,2048,4,4,0,294207485,4,294209533,0,2047,10.9990,2046,2,0x84359bf3f5,62,1854,0,1,9119,2047,10.9990,2046,1,9109
4598000,2048,4,4,0,294270973,4,294273021,0,2043,10.9951,2038,2,0xd9071207ee,50,1844,0,5,9124,2043,10.9951,2038,5,9114
4599000,2048,4,4,0,294334461,4,294336509,0,2047,10.9990,2046,2,0x9e12ddf697,74,1846,0,1,9125,2047,10.9990,2046,1,9115
4600000,2048,4,4,0,294399996,4,294402044,0,2047,10.9990,2046,2,0xf2e9a4e8d4,0,0,0,1,9126,2047,10.9990,2046,1,9116
4601000,2048,4,4,0,294463485,4,294465533,0,2046,10.9980,2044,2,0x96b5307811,74,1839,0,2,9128,2046,10.9980,2044,2,9118
4602000,2048,4,4,0,294526973,4,294529021,0,2048,11.0000,2048,1,0x866e07a4fa,63,1847,0,0,9128,2048,11.0000,2048,0,9118
4603000,2048,4,4,0,294590461,4,294592509,0,2046,10.9980,2044,2,0x2ef64bcc58,66,1838,0,2,9130,2046,10.9980,2044,2,9120
4604000,2048,4,4,0,294655996,4,294658044,0,2046,10.9980,2044,2,0x670ec0d44e,0,0,0,2,9132,2046,10.9980,2044,2,9122
4605000,2048,4,4,0,294719485,4,294721533,0,2048,11.0000,2048,1,0x663aec1071,55,1855,0,0,9132,2048,11.0000,2048,0,9122
4606000,2048,4,4,0,294782973,4,294785021,0,2048,11.0000,2048,1,0x90400e6cde,64,1867,0,0,9132,2048,11.0000,2048,0,9122
4607000,2048,4,4,0,294846461,4,294848509,0,2044,10.9961,2040,2,0x6fe1604e22,70,1848,0,4,9136,2044,10.9961,2040,4,9126
4608000,2048,4,4,0,294911996,4,294914044,0,2048,11.0000,2048,1,0x322639927e,0,1,0,0,9136,2048,11.0000,2048,0,9126
4609000,2048,4,4,0,294975485,4,294977533,0,2047,10.9990,2046,2,0xe57124b12e,53,1833,0,1,9137,2047,10.9990,2046,1,9127
4610000,2048,4,4,0,295038973,4,295041021,0,2046,10.9980,2044,2,0xd4468cde64,76,1833,0,2,9139,2046,10.9980,2044,2,9129
4611000,2048,4,4,0,295102461,4,295104509,0,2048,11.0000,2048,1,0x91b3318182,58,1843,0,0,9139,2048,11.0000,2048,0,9129
4612000,2048,4,4,0,295167996,4,295170044,0,2047,10.9990,2046,2,0x1ee2806f42,0,1,0,1,9140,2047,10.9990,2046,1,9130
4613000,2048,4,4,0,295231485,4,295233533,0,2048,11.0000,2048,1,0xbd5d7d6472,58,1863,0,0,9140,2048,11.0000,2048,0,9130
4614000,2048,4,4,0,295294973,4,295297021,0,2046,10.9980,2044,2,0xb0e1fa028f,59,1819,0,2,9142,2046,10.9980,2044,2,9132
4615000,2048,4,4,0,295358461,4,295360509,0,2047,10.9990,2046,2,0x5fd0b08f60,65,1829,0,1,9143,2047,10.9990,2046,1,9133
4616000,2048,4,4,0,295423996,4,295426044,0,2047,10.9990,2046,2,0xfadbff9794,0,1,0,1,9144,2047,10.9990,2046,1,9134
4617000,2048,4,4,0,295487485,4,295489533,0,2046,10.9980,2044,2,0xecd780f98b,55,1861,0,2,9146,2046,10.9980,2044,2,9136
4618000,2048,4,4,0,295550973,4,295553021,0,2047,10.9990,2046,2,0x1732cf0aed,71,1845,0,1,9147,2047,10.9990,2046,1,9137
4619000,2048,4,4,0,295614461,4,295616509,0,2047,10.9990,2046,2,0x6d8c0098c5,75,1847,0,1,9148,2047,10.9990,2046,1,9138
4620000,2048,4,4,0,295679996,4,295682044,0,2044,10.9961,2040,2,0x02d45fe320,0,0,0,4,9152,2044,10.9961,2040,4,9142
4621000,2048,4,4,0,295743485,4,295745533,0,2046,10.9980,2044,2,0xd299eba493,56,1843,0,2,9154,2046,10.9980,2044,2,9144
4622000,2048,4,4,0,295806973,4,295809021,0,2046,10.9980,2044,2,0x2f8891ab14,56,1846,0,2,9156,2046,10.9980,2044,2,9146
4623000,2048,4,4,0,295870461,4,295872509,0,2046,10.9980,2044,2,0x1d7c5230a9,73,1844,0,2,9158,2046,10.9980,2044,2,9148
4624000,2048,4,4,0,295935996,4,295938044,0,2046,10.9980,2044,2,0x6bc27ae337,0,1,0,2,9160,2046,10.9980,2044,2,9150
4625000,2048,4,4,0,295999485,4,296001533,0,2046,10.9980,2044,2,0xc77117d97c,73,1844,0,2,9162,2046,10.9980,2044,2,9152
4626000,2048,4,4,0,296062973,4,296065021,0,2046,10.9980,2044,2,0x8060a2caa6,57,1864,0,2,9164,2046,10.9980,2044,2,9154
4627000,2048,4,4,0,296126461,4,296128509,0,2047,10.9990,2046,2,0xca594e80f9,57,1836,0,1,9165,2047,10.9990,2046,1,9155
4628000,2048,4,4,0,296191996,4,296194044,0,2047,10.9990,2046,2,0x03a182cd0f,0,0,0,1,9166,2047,10.9990,2046,1,9156
4629000,2048,4,4,0,296255485,4,296257533,0,2047,10.9990,2046,2,0x4a88836fdc,72,1821,0,1,9167,2047,10.9990,2046,1,9157
4630000,2048,4,4,0,296318973,4,296321021,0,2044,10.9961,2040,2,0x6d81440956,71,1858,0,4,9171,2044,10.9961,2040,4,9161
4631000,2048,4,4,0,296382461,4,296384509,0,2047,10.9990,2046,2,0x76dffef8ff,54,1827,0,1,9172,2047,10.9990,2046,1,9162
4632000,2048,4,4,0,296447996,4,296450044,0,2045,10.9971,2042,2,0xbb4986eebf,0,1,0,3,9175,2045,10.9971,2042,3,9165
4633000,2048,4,4,0,296511485,4,296513533,0,2046,10.9980,2044,2,0xdfe6bdbadd,66,1844,0,2,9177,2046,10.9980,2044,2,9167
4634000,2048,4,4,0,296574973,4,296577021,0,2047,10.9990,2046,2,0x1ab49bc20f,52,1858,0,1,9178,2047,10.9990,2046,1,9168
4635000,2048,4,4,0,296638461,4,296640509,0,2047,10.9990,2046,2,0xb648840dc6,61,1822,0,1,9179,2047,10.9990,2046,1,9169
4636000,2048,4,4,0,296703996,4,296706044,0,2045,10.9971,2042,2,0x4f79467990,0,0,0,3,9182,2045,10.9971,2042,3,9172
4637000,2048,4,4,0,296767485,4,296769533,0,2048,11.0000,2048,1,0x17cc272c07,65,1860,0,0,9182,2048,11.0000,2048,0,9172
4638000,2048,4,4,0,296830973,4,296833021,0,2045,10.9971,2042,2,0xf9d8f00b5d,53,1841,0,3,9185,2045,10.9971,2042,3,9175
4639000,2048,4,4,0,296894461,4,296896509,0,2047,10.9990,2046,2,0xde5574ad10,67,1828,0,1,9186,2047,10.9990,2046,1,9176
4640000,2048,4,4,0,296959996,4,296962044,0,2047,10.9990,2046,2,0x7adb9c32d0,1,1,0,1,9187,2047,10.9990,2046,1,9177
4641000,2048,4,4,0,297023485,4,297025533,0,2047,10.9990,2046,2,0x9ea7f3c6ac,62,1820,0,1,9188,2047,10.9990,2046,1,9178
4642000,2048,4,4,0,297086973,4,297089021,0,2047,10.9990,2046,2,0x5eab02a637,64,1858,0,1,9189,2047,10.9990,2046,1,9179
4643000,2048,4,4,0,297150461,4,297152509,0,2045,10.9971,2042,2,0xfe9e819879,68,1852,0,3,9192,2045,10.9971,2042,3,9182
4644000,2048,4,4,0,297215996,4,297218044,0,2046,10.9980,2044,2,0x6e38fb224b,0,1,0,2,9194,2046,10.9980,2044,2,9184
4645000,2048,4,4,0,297279485,4,297281533,0,2046,10.9980,2044,2,0xd9069e1d98,62,1873,0,2,9196,2046,10.9980,2044,2,9186
4646000,2048,4,4,0,297342973,4,297345021,0,2043,10.9951,2038,2,0x0737263646,67,1833,0,5,9201,2043,10.9951,2038,5,9191
4647000,2048,4,4,0,297406461,4,297408509,0,2047,10.9990,2046,2,0x0883f13565,65,1853,0,1,9202,2047,10.9990,2046,1,9192
4648000,2048,4,4,0,297471996,4,297474044,0,2041,10.9932,2034,2,0xf22e22a597,0,1,0,7,9209,2041,10.9932,2034,7,9199
4649000,2048,4,4,0,297535485,4,297537533,0,2045,10.9971,2042,2,0xcbddfdd54a,58,1845,0,3,9212,2045,10.9971,2042,3,9202
4650000,2048,4,4,0,297598973,4,297601021,0,2046,10.9980,2044,2,0x827fbdd0ae,66,1863,0,2,9214,2046,10.9980,2044,2,9204
4651000,2048,4,4,0,297662461,4,297664509,0,2046,10.9980,2044,2,0x088389791c,51,1833,0,2,9216,2046,10.9980,2044,2,9206
4652000,2048,4,4,0,297727996,4,297730044,0,2046,10.9980,2044,2,0x63c3c686cc,0,1,0,2,9218,2046,10.9980,2044,2,9208
4653000,2048,4,4,0,297791485,4,297793533,0,2047,10.9990,2046,2,0x349215ff86,69,1845,0,1,9219,2047,10.9990,2046,1,9209
4654000,2048,4,4,0,297854973,4,297857021,0,2046,10.9980,2044,2,0xf4bdf7e1c2,62,1856,0,2,9221,2046,10.9980,2044,2,9211
4655000,2048,4,4,0,297918461,4,297920509,0,2044,10.9961,2040,2,0x116afd6b1a,66,1858,0,4,9225,2044,10.9961,2040,4,9215
4656000,2048,4,4,0,297983996,4,297986044,0,2047,10.9990,2046,2,0x6f76ad0e9b,0,1,0,1,9226,2047,10.9990,2046,1,9216
4657000,2048,4,4,0,298047485,4,298049533,0,2044,10.9961,2040,2,0xfb21758f28,73,1843,0,4,9230,2044,10.9961,2040,4,9220
4658000,2048,4,4,0,298110973,4,298113021,0,2046,10.9980,2044,2,0x56c1346fbd,62,1860,0,2,9232,2046,10.9980,2044,2,9222
4659000,2048,4,4,0,298174461,4,298176509,0,2046,10.9980,2044,2,0xce1813a8ab,71,1837,0,2,9234,2046,10.9980,2044,2,9224
4660000,2048,4,4,0,298239996,4,298242044,0,2043,10.9951,2038,2,0xc80a8e663b,0,1,0,5,9239,2043,10.9951,2038,5,9229
4661000,2048,4,4,0,298303485,4,298305533,0,2046,10.9980,2044,2,0xf1713aa246,64,1856,0,2,9241,2046,10.9980,2044,2,9231
4662000,2048,4,4,0,298366973,4,298369021,0,2045,10.9971,2042,2,0xce8626c590,76,1845,0,3,9244,2045,10.9971,2042,3,9234
4663000,2048,4,4,0,298430461,4,298432509,0,2048,11.0000,2048,1,0x13cd663974,77,1848,0,0,9244,2048,11.0000,2048,0,9234
4664000,2048,4,4,0,298495996,4,298498044,0,2046,10.9980,2044,2,0xf9000303ac,0,1,0,2,9246,2046,10.9980,2044,2,9236
4665000,2048,4,4,0,298559485,4,298561533,0,2047,10.9990,2046,2,0xe059dbd55e,62,1825,0,1,9247,2047,10.9990,2046,1,9237
4666000,2048,4,4,0,298622973,4,298625021,0,2044,10.9961,2040,2,0x384baf3991,63,1837,0,4,9251,2044,10.9961,2040,4,9241
4667000,2048,4,4,0,298686461,4,298688509,0,2046,10.9980,2044,2,0x5ab4fab70f,67,1865,0,2,9253,2046,10.9980,2044,2,9243
4668000,2048,4,4,0,298751996,4,298754044,0,2046,10.9980,2044,2,0x1ad9cc8576,0,1,0,2,9255,2046,10.9980,2044,2,9245
4669000,2048,4,4,0,298815485,4,298817533,0,2043,10.9951,2038,2,0x4a7d0d04e0,68,1851,0,5,9260,2043,10.9951,2038,5,9250
4670000,2048,4,4,0,298878973,4,298881021,0,2048,11.0000,2048,1,0xae5e12da54,66,1859,0,0,9260,2048,11.0000,2048,0,9250
4671000,2048,4,4,0,298942461,4,298944509,0,2048,11.0000,2048,1,0x429169ff22,55,1829,0,0,9260,2048,11.0000,2048,0,9250
4672000,2048,4,4,0,299007996,4,299010044,0,2047,10.9990,2046,2,0x1514f0e7b0,0,0,0,1,9261,2047,10.9990,2046,1,9251
4673000,2048,4,4,0,299071485,4,299073533,0,2045,10.9971,2042,2,0x6e19f14c9a,69,1851,0,3,9264,2045,10.9971,2042,3,9254
4674000,2048,4,4,0,299134973,4,299137021,0,2048,11.0000,2048,1,0xdc3626cf40,66,1849,0,0,9264,2048,11.0000,2048,0,9254
4675000,2048,4,4,0,299198461,4,299200509,0,2046,10.9980,2044,2,0xf31729286c,57,1851,0,2,9266,2046,10.9980,2044,2,9256
4676000,2048,4,4,0,299263996,4,299266044,0,2047,10.9990,2046,2,0xc426d552df,0,1,0,1,9267,2047,10.9990,2046,1,9257
4677000,2048,4,4,0,299327485,4,299329533,0,2045,10.9971,2042,2,0xff2ef31e38,69,1862,0,3,9270,2045,10.9971,2042,3,9260
4678000,2048,4,4,0,299390973,4,299393021,0,2046,10.9980,2044,2,0xb28bfe4d10,75,1848,0,2,9272,2046,10.9980,2044,2,9262
4679000,2048,4,4,0,299454461,4,299456509,0,2047,10.9990,2046,2,0x860c661b1f,70,1839,0,1,9273,2047,10.9990,2046,1,9263
4680000,2048,4,4,0,299519996,4,299522044,0,2047,10.9990,2046,2,0xf17a5a6037,0,1,0,1,9274,2047,10.9990,2046,1,9264
4681000,2048,4,4,0,299583485,4,299585533,0,2047,10.9990,2046,2,0xf8380302b0,76,1828,0,1,9275,2047,10.9990,2046,1,9265
4682000,2048,4,4,0,299646973,4,299649021,0,2044,10.9961,2040,2,0x08e3ad5ed9,57,1840,0,4,9279,2044,10.9961,2040,4,9269
4683000,2048,4,4,0,299710461,4,299712509,0,2048,11.0000,2048,1,0xf27acebafb,59,1870,0,0,9279,2048,11.0000,2048,0,9269
4684000,2048,4,4,0,299775996,4,299778044,0,2046,10.9980,2044,2,0xec8aa84210,0,1,0,2,9281,2046,10.9980,2044,2,9271
4685000,2048,4,4,0,299839485,4,299841533,0,2047,10.9990,2046,2,0x285ec8897e,75,1858,0,1,9282,2047,10.9990,2046,1,9272
4686000,2048,4,4,0,299902973,4,299905021,0,2047,10.9990,2046,2,0x44fe3707b7,66,1850,0,1,9283,2047,10.9990,2046,1,9273
4687000,2048,4,4,0,299966461,4,299968509,0,2047,10.9990,2046,2,0xec8bee06f0,69,1869,0,1,9284,2047,10.9990,2046,1,9274
4688000,2048,4,4,0,300031996,4,300034044,0,2046,10.9980,2044,2,0x1283d885ee,0,1,0,2,9286,2046,10.9980,2044,2,9276
4689000,2048,4,4,0,300095485,4,300097533,0,2046,10.9980,2044,2,0x2ebefb9e58,61,1835,0,2,9288,2046,10.9980,2044,2,9278
4690000,2048,4,4,0,300158973,4,300161021,0,2047,10.9990,2046,2,0x42b23450e3,59,1848,0,1,9289,2047,10.9990,2046,1,9279
4691000,2048,4,4,0,300222461,4,300224509,0,2048,11.0000,2048,1,0x7ce422070a,61,1851,0,0,9289,2048,11.0000,2048,0,9279
4692000,2048,4,4,0,300287996,4,300290044,0,2047,10.9990,2046,2,0x3ada5f4ac2,0,1,0,1,9290,2047,10.9990,2046,1,9280
4693000,2048,4,4,0,300351485,4,300353533,0,2048,11.0000,2048,1,0xc6cb62ade7,47,1817,0,0,9290,2048,11.0000,2048,0,9280
4694000,2048,4,4,0,300414973,4,300417021,0,2048,11.0000,2048,1,0x463e281177,58,1871,0,0,9290,2048,11.0000,2048,0,9280
4695000,2048,4,4,0,300478461,4,300480509,0,2046,10.9980,2044,2,0x45027b95d2,59,1868,0,2,9292,2046,10.9980,2044,2,9282
4696000,2048,4,4,0,300543996,4,300546044,0,2046,10.9980,2044,2,0x2b9b901e63,0,1,0,2,9294,2046,10.9980,2044,2,9284
4697000,2048,4,4,0,300607485,4,300609533,0,2045,10.9971,2042,2,0x68115c5812,59,1853,0,3,9297,2045,10.9971,2042,3,9287
4698000,2048,4,4,0,300670973,4,300673021,0,2048,11.0000,2048,1,0x891c4a0b8c,61,1858,0,0,9297,2048,11.0000,2048,0,9287
4699000,2048,4,4,0,300734461,4,300736509,0,2043,10.9951,2038,2,0xc84ee44b96,80,1853,0,5,9302,2043,10.9951,2038,5,9292
4700000,2048,4,4,0,300799996,4,300802044,0,2047,10.9990,2046,2,0x189be2b570,1,1,0,1,9303,2047,10.9990,2046,1,9293
4701000,2048,4,4,0,300863485,4,300865533,0,2048,11.0000,2048,1,0x0965c280b1,67,1837,0,0,9303,2048,11.0000,2048,0,9293
4702000,2048,4,4,0,300926973,4,300929021,0,2045,10.9971,2042,2,0xba70977934,87,1851,0,3,9306,2045,10.9971,2042,3,9296
4703000,2048,4,4,0,300990461,4,300992509,0,2044,10.9961,2040,2,0x72a80a4801,68,1835,0,4,9310,2044,10.9961,2040,4,9300
4704000,2048,4,4,0,301055996,4,301058044,0,2045,10.9971,2042,2,0x62556d7091,1,1,0,3,9313,2045,10.9971,2042,3,9303
4705000,2048,4,4,0,301119485,4,301121533,0,2046,10.9980,2044,2,0x7c88f2e054,56,1853,0,2,9315,2046,10.9980,2044,2,9305
4706000,2048,4,4,0,301182973,4,301185021,0,2045,10.9971,2042,2,0xbb49b2bad0,69,1827,0,3,9318,2045,10.9971,2042,3,9308
4707000,2048,4,4,0,301246461,4,301248509,0,2047,10.9990,2046,2,0x7dcbfedff6,60,1836,0,1,9319,2047,10.9990,2046,1,9309
4708000,2048,4,4,0,301311996,4,301314044,0,2047,10.9990,2046,2,0x6c78d36b29,0,1,0,1,9320,2047,10.9990,2046,1,9310
4709000,2048,4,4,0,301375485,4,301377533,0,2046,10.9980,2044,2,0xe59c5c781d,45,1842,0,2,9322,2046,10.9980,2044,2,9312
4710000,2048,4,4,0,301438973,4,301441021,0,2045,10.9971,2042,2,0x8d25261913,66,1841,0,3,9325,2045,10.9971,2042,3,9315
4711000,2048,4,4,0,301502461,4,301504509,0,2046,10.9980,2044,2,0x2054cc49c5,67,1857,0,2,9327,2046,10.9980,2044,2,9317
4712000,2048,4,4,0,301567996,4,301570044,0,2047,10.9990,2046,2,0x1a3d22b629,0,1,0,1,9328,2047,10.9990,2046,1,9318
4713000,2048,4,4,0,301631485,4,301633533,0,2048,11.0000,2048,1,0x366affa30b,80,1865,0,0,9328,2048,11.0000,2048,0,9318
4714000,2048,4,4,0,301694973,4,301697021,0,2047,10.9990,2046,2,0x7c3a14b00b,55,1834,0,1,9329,2047,10.9990,2046,1,9319
4715000,2048,4,4,0,301758461,4,301760509,0,2046,10.9980,2044,2,0x8c5245f643,67,1856,0,2,9331,2046,10.9980,2044,2,9321
4716000,2048,4,4,0,301823996,4,301826044,0,2042,10.9941,2036,2,0x070758168c,0,1,0,6,9337,2042,10.9941,2036,6,9327
4717000,2048,4,4,0,301887485,4,301889533,0,2045,10.9971,2042,2,0xa313763f87,52,1862,0,3,9340,2045,10.9971,2042,3,9330
4718000,2048,4,4,0,301950973,4,301953021,0,2047,10.9990,2046,2,0xf2aa262e0f,62,1840,0,1,9341,2047,10.9990,2046,1,9331
4719000,2048,4,4,0,302014461,4,302016509,0,2046,10.9980,2044,2,0xeb05a3a4a6,75,1850,0,2,9343,2046,10.9980,2044,2,9333
4720000,2048,4,4,0,302079996,4,302082044,0,2047,10.9990,2046,2,0x17d3a1a194,0,0,0,1,9344,2047,10.9990,2046,1,9334
4721000,2048,4,4,0,302143485,4,302145533,0,2046,10.9980,2044,2,0x49f875e9b9,49,1862,0,2,9346,2046,10.9980,2044,2,9336
4722000,2048,4,4,0,302206973,4,302209021,0,2045,10.9971,2042,2,0x9ba2f7433f,58,1843,0,3,9349,2045,10.9971,2042,3,9339
4723000,2048,4,4,0,302270461,4,302272509,0,2045,10.9971,2042,2,0x601165000e,70,1850,0,3,9352,2045,10.9971,2042,3,9342
4724000,2048,4,4,0,302335996,4,302338044,0,2048,11.0000,2048,1,0xbdb67879b7,0,1,0,0,9352,2048,11.0000,2048,0,9342
4725000,2048,4,4,0,302399485,4,302401533,0,2046,10.9980,2044,2,0xbfe8e62de0,56,1870,0,2,9354,2046,10.9980,2044,2,9344
4726000,2048,4,4,0,302462973,4,302465021,0,2047,10.9990,2046,2,0xa5adfae6b4,63,1831,0,1,9355,2047,10.9990,2046,1,9345
4727000,2048,4,4,0,302526461,4,302528509,0,2045,10.9971,2042,2,0xb64254f67a,53,1860,0,3,9358,2045,10.9971,2042,3,9348
4728000,2048,4,4,0,302591996,4,302594044,0,2046,10.9980,2044,2,0x40d4afdef2,0,1,0,2,9360,2046,10.9980,2044,2,9350
4729000,2048,4,4,0,302655485,4,302657533,0,2047,10.9990,2046,2,0x7e6a40d053,62,1857,0,1,9361,2047,10.9990,2046,1,9351
4730000,2048,4,4,0,302718973,4,302721021,0,2047,10.9990,2046,2,0x36ba9f0769,77,1840,0,1,9362,2047,10.9990,2046,1,9352
4731000,2048,4,4,0,302782461,4,302784509,0,2046,10.9980,2044,2,0x97886520b4,59,1846,0,2,9364,2046,10.9980,2044,2,9354
4732000,2048,4,4,0,302847996,4,302850044,0,2046,10.9980,2044,2,0xe6f9931369,0,1,0,2,9366,2046,10.9980,2044,2,9356
4733000,2048,4,4,0,302911485,4,302913533,0,2046,10.9980,2044,2,0xcbfdae2b92,61,1849,0,2,9368,2046,10.9980,2044,2,9358
4734000,2048,4,4,0,302974973,4,302977021,0,2046,10.9980,2044,2,0x8382ac284f,64,1842,0,2,9370,2046,10.9980,2044,2,9360
4735000,2048,4,4,0,303038461,4,303040509,0,2047,10.9990,2046,2,0x594c75bd5f,64,1843,0,1,9371,2047,10.9990,2046,1,9361
4736000,2048,4,4,0,303103996,4,303106044,0,2045,10.9971,2042,2,0x0421afc2db,0,1,0,3,9374,2045,10.9971,2042,3,9364
4737000,2048,4,4,0,303167485,4,303169533,0,2044,10.9961,2040,2,0x4d89e0ab37,79,1837,0,4,9378,2044,10.9961,2040,4,9368
4738000,2048,4,4,0,303230973,4,303233021,0,2048,11.0000,2048,1,0x5d56fb7995,66,1828,0,0,9378,2048,11.0000,2048,0,9368
4739000,2048,4,4,0,303294461,4,303296509,0,2048,11.0000,2048,1,0x4063c97694,79,1838,0,0,9378,2048,11.0000,2048,0,9368
4740000,2048,4,4,0,303359996,4,303362044,0,2046,10.9980,2044,2,0xb8088bb5de,0,1,0,2,9380,2046,10.9980,2044,2,9370
4741000,2048,4,4,0,303423485,4,303425533,0,2047,10.9990,2046,2,0xf04239f345,77,1869,0,1,9381,2047,10.9990,2046,1,9371
4742000,2048,4,4,0,303486973,4,303489021,0,2047,10.9990,2046,2,0xc122941d6c,52,1863,0,1,9382,2047,10.9990,2046,1,9372
4743000,2048,4,4,0,303550461,4,303552509,0,2046,10.9980,2044,2,0x1bba0c094b,66,1847,0,2,9384,2046,10.9980,2044,2,9374
4744000,2048,4,4,0,303615996,4,303618044,0,2044,10.9961,2040,2,0x8c41f7c5a5,0,1,0,4,9388,2044,10.9961,2040,4,9378
4745000,2048,4,4,0,303679485,4,303681533,0,2043,10.9951,2038,2,0xfd4edf5dd9,75,1854,0,5,9393,2043,10.9951,2038,5,9383
4746000,2048,4,4,0,303742973,4,303745021,0,2047,10.9990,2046,2,0x28932149b7,50,1867,0,1,9394,2047,10.9990,2046,1,9384
4747000,2048,4,4,0,303806461,4,303808509,0,2047,10.9990,2046,2,0x486473038c,60,1853,0,1,9395,2047,10.9990,2046,1,9385
4748000,2048,4,4,0,303871996,4,303874044,0,2046,10.9980,2044,2,0xea14eefc31,0,0,0,2,9397,2046,10.9980,2044,2,9387
4749000,2048,4,4,0,303935485,4,303937533,0,2048,11.0000,2048,1,0xf8e7c579bb,76,1834,0,0,9397,2048,11.0000,2048,0,9387
4750000,2048,4,4,0,303998973,4,304001021,0,2045,10.9971,2042,2,0xbacc8b0644,64,1838,0,3,9400,2045,10.9971,2042,3,9390
4751000,2048,4,4,0,304062461,4,304064509,0,2043,10.9947,2039,3,0x50e733ba78,66,1822,0,4,9404,2043,10.9947,2039,4,9394
4752000,2048,4,4,0,304127996,4,304130044,0,2046,10.9980,2044,2,0xe96e179cc4,0,1,0,2,9406,2046,10.9980,2044,2,9396
4753000,2048,4,4,0,304191485,4,304193533,0,2047,10.9990,2046,2,0xa6ae963da1,67,1830,0,1,9407,2047,10.9990,2046,1,9397
4754000,2048,4,4,0,304254973,4,304257021,0,2048,11.0000,2048,1,0xdbc527628e,59,1864,0,0,9407,2048,11.0000,2048,0,9397
4755000,2048,4,4,0,304318461,4,304320509,0,2045,10.9971,2042,2,0x12e48046f4,61,1852,0,3,9410,2045,10.9971,2042,3,9400
4756000,2048,4,4,0,304383996,4,304386044,0,2046,10.9980,2044,2,0x8568dabd09,0,1,0,2,9412,2046,10.9980,2044,2,9402
4757000,2048,4,4,0,304447485,4,304449533,0,2047,10.9990,2046,2,0x075742c89c,59,1836,0,1,9413,2047,10.9990,2046,1,9403
4758000,2048,4,4,0,304510973,4,304513021,0,2046,10.9980,2044,2,0x8ae16df2b1,61,1835,0,2,9415,2046,10.9980,2044,2,9405
4759000,2048,4,4,0,304574461,4,304576509,0,2045,10.9971,2042,2,0xb7fd096834,66,1855,0,3,9418,2045,10.9971,2042,3,9408
4760000,2048,4,4,0,304639996,4,304642044,0,2046,10.9980,2044,2,0x92201f4206,0,1,0,2,9420,2046,10.9980,2044,2,9410
4761000,2048,4,4,0,304703485,4,304705533,0,2044,10.9961,2040,2,0x1cb9106bd9,66,1843,0,4,9424,2044,10.9961,2040,4,9414
4762000,2048,4,4,0,304766973,4,304769021,0,2047,10.9990,2046,2,0x68cb4730ed,61,1868,0,1,9425,2047,10.9990,2046,1,9415
4763000,2048,4,4,0,304830461,4,304832509,0,2047,10.9990,2046,2,0x0e3bf76ae0,65,1841,0,1,9426,2047,10.9990,2046,1,9416
4764000,2048,4,4,0,304895996,4,304898044,0,2047,10.9990,2046,2,0x656f0ee82c,0,1,0,1,9427,2047,10.9990,2046,1,9417
4765000,2048,4,4,0,304959485,4,304961533,0,2048,11.0000,2048,1,0x1e20d294ef,78,1836,0,0,9427,2048,11.0000,2048,0,9417
4766000,2048,4,4,0,305022973,4,305025021,0,2045,10.9971,2042,2,0x9eb6de9ce0,47,1830,0,3,9430,2045,10.9971,2042,3,9420
4767000,2048,4,4,0,305086461,4,305088509,0,2046,10.9980,2044,2,0x267a4db86f,72,1863,0,2,9432,2046,10.9980,2044,2,9422
4768000,2048,4,4,0,305151996,4,305154044,0,2047,10.9990,2046,2,0x968b7c1e41,0,1,0,1,9433,2047,10.9990,2046,1,9423
4769000,2048,4,4,0,305215485,4,305217533,0,2046,10.9980,2044,2,0x3f63fd1c94,73,1851,0,2,9435,2046,10.9980,2044,2,9425
4770000,2048,4,4,0,305278973,4,305281021,0,2046,10.9980,2044,2,0x2f8e4ec1b6,76,1830,0,2,9437,2046,10.9980,2044,2,9427
4771000,2048,4,4,0,305342461,4,305344509,0,2047,10.9990,2046,2,0x4eb60be86c,64,1862,0,1,9438,2047,10.9990,2046,1,9428
4772000,2048,4,4,0,305407996,4,305410044,0,2048,11.0000,2048,1,0x205b048c3e,0,1,0,0,9438,2048,11.0000,2048,0,9428
4773000,2048,4,4,0,305471485,4,305473533,0,2047,10.9990,2046,2,0x26c108bc7b,59,1866,0,1,9439,2047,10.9990,2046,1,9429
4774000,2048,4,4,0,305534973,4,305537021,0,2044,10.9961,2040,2,0x2ac400bb7a,58,1862,0,4,9443,2044,10.9961,2040,4,9433
4775000,2048,4,4,0,305598461,4,305600509,0,2046,10.9980,2044,2,0x4be956f5b0,65,1843,0,2,9445,2046,10.9980,2044,2,9435
4776000,2048,4,4,0,305663996,4,305666044,0,2044,10.9961,2040,2,0x879dff21fe,0,0,0,4,9449,2044,10.9961,2040,4,9439
4777000,2048,4,4,0,305727485,4,305729533,0,2045,10.9971,2042,2,0xd0bde992c4,64,1846,0,3,9452,2045,10.9971,2042,3,9442
4778000,2048,4,4,0,305790973,4,305793021,0,2047,10.9990,2046,2,0x36ac246cad,57,1850,0,1,9453,2047,10.9990,2046,1,9443
4779000,2048,4,4,0,305854461,4,305856509,0,2046,10.9980,2044,2,0x8db324ab4e,56,1846,0,2,9455,2046,10.9980,2044,2,9445
4780000,2048,4,4,0,305919996,4,305922044,0,2046,10.9980,2044,2,0xf90e166066,0,1,0,2,9457,2046,10.9980,2044,2,9447
4781000,2048,4,4,0,305983485,4,305985533,0,2047,10.9990,2046,2,0x25ae0cd988,64,1854,0,1,9458,2047,10.9990,2046,1,9448
4782000,2048,4,4,0,306046973,4,306049021,0,2046,10.9980,2044,2,0x6972895dd4,70,1833,0,2,9460,2046,10.9980,2044,2,9450
4783000,2048,4,4,0,306110461,4,306112509,0,2045,10.9971,2042,2,0x93266bad7a,66,1844,0,3,9463,2045,10.9971,2042,3,9453
4784000,2048,4,4,0,306175996,4,306178044,0,2047,10.9990,2046,2,0xced6539cfa,0,1,0,1,9464,2047,10.9990,2046,1,9454
4785000,2048,4,4,0,306239485,4,306241533,0,2046,10.9980,2044,2,0x14d537803f,73,1849,0,2,9466,2046,10.9980,2044,2,9456
4786000,2048,4,4,0,306302973,4,306305021,0,2045,10.9971,2042,2,0xe880702ff8,48,1835,0,3,9469,2045,10.9971,2042,3,9459
4787000,2048,4,4,0,306366461,4,306368509,0,2044,10.9961,2040,2,0x70ea2cc23b,67,1849,0,4,9473,2044,10.9961,2040,4,9463
4788000,2048,4,4,0,306431996,4,306434044,0,2046,10.9980,2044,2,0x6ef3f7e011,0,1,0,2,9475,2046,10.9980,2044,2,9465
4789000,2048,4,4,0,306495485,4,306497533,0,2047,10.9990,2046,2,0x64834c8d9e,56,1869,0,1,9476,2047,10.9990,2046,1,9466
4790000,2048,4,4,0,306558973,4,306561021,0,2044,10.9961,2040,2,0x41589bfa3f,86,1846,0,4,9480,2044,10.9961,2040,4,9470
4791000,2048,4,4,0,306622461,4,306624509,0,2045,10.9971,2042,2,0xd08b8290b1,70,1882,0,3,9483,2045,10.9971,2042,3,9473
4792000,2048,4,4,0,306687996,4,306690044,0,2045,10.9971,2042,2,0xcd3cb7dd3a,0,0,0,3,9486,2045,10.9971,2042,3,9476
4793000,2048,4,4,0,306751485,4,306753533,0,2043,10.9951,2038,2,0x49b5fc67be,73,1844,0,5,9491,2043,10.9951,2038,5,9481
4794000,2048,4,4,0,306814973,4,306817021,0,2047,10.9990,2046,2,0xd715390cae,66,1840,0,1,9492,2047,10.9990,2046,1,9482
4795000,2048,4,4,0,306878461,4,306880509,0,2048,11.0000,2048,1,0x1b1a79d15f,60,1870,0,0,9492,2048,11.0000,2048,0,9482
4796000,2048,4,4,0,306943996,4,306946044,0,2047,10.9990,2046,2,0x61a10f510e,0,0,0,1,9493,2047,10.9990,2046,1,9483
4797000,2048,4,4,0,307007485,4,307009533,0,2048,11.0000,2048,1,0xd786580b4f,57,1849,0,0,9493,2048,11.0000,2048,0,9483
4798000,2048,4,4,0,307070973,4,307073021,0,2048,11.0000,2048,1,0x810d941abb,63,1840,0,0,9493,2048,11.0000,2048,0,9483
4799000,2048,4,4,0,307134461,4,307136509,0,2046,10.9980,2044,2,0x8d760c8fa7,63,1844,0,2,9495,2046,10.9980,2044,2,9485
4800000,2048,4,4,0,307199996,4,307202044,0,2047,10.9990,2046,2,0x4b072bffea,0,1,0,1,9496,2047,10.9990,2046,1,9486
4801000,2048,4,4,0,307263485,4,307265533,0,2046,10.9980,2044,2,0x877ade2136,60,1852,0,2,9498,2046,10.9980,2044,2,9488
4802000,2048,4,4,0,307326973,4,307329021,0,2047,10.9990,2046,2,0x9d6183171b,76,1847,0,1,9499,2047,10.9990,2046,1,9489
4803000,2048,4,4,0,307390461,4,307392509,0,2045,10.9971,2042,2,0xc94802eca7,60,1843,0,3,9502,2045,10.9971,2042,3,9492
4804000,2048,4,4,0,307455996,4,307458044,0,2044,10.9961,2040,2,0x7e22a404c2,0,1,0,4,9506,2044,10.9961,2040,4,9496
4805000,2048,4,4,0,307519485,4,307521533,0,2044,10.9961,2040,2,0x9f082694ca,70,1839,0,4,9510,2044,10.9961,2040,4,9500
4806000,2048,4,4,0,307582973,4,307585021,0,2046,10.9980,2044,2,0xabb692b4d9,70,1851,0,2,9512,2046,10.9980,2044,2,9502
4807000,2048,4,4,0,307646461,4,307648509,0,2046,10.9980,2044,2,0xcb6f86e6cd,67,1857,0,2,9514,2046,10.9980,2044,2,9504
4808000,2048,4,4,0,307711996,4,307714044,0,2047,10.9990,2046,2,0x4c41675dee,0,1,0,1,9515,2047,10.9990,2046,1,9505
4809000,2048,4,4,0,307775485,4,307777533,0,2046,10.9980,2044,2,0x094fc6ec72,68,1875,0,2,9517,2046,10.9980,2044,2,9507
4810000,2048,4,4,0,307838973,4,307841021,0,2047,10.9990,2046,2,0xaec72ce2a7,68,1855,0,1,9518,2047,10.9990,2046,1,9508
4811000,2048,4,4,0,307902461,4,307904509,0,2046,10.9980,2044,2,0x3eabe2d117,73,1849,0,2,9520,2046,10.9980,2044,2,9510
4812000,2048,4,4,0,307967996,4,307970044,0,2047,10.9990,2046,2,0x1c4db42c7a,0,1,0,1,9521,2047,10.9990,2046,1,9511
4813000,2048,4,4,0,308031485,4,308033533,0,2045,10.9971,2042,2,0xb19d03e681,61,1859,0,3,9524,2045,10.9971,2042,3,9514
4814000,2048,4,4,0,308094973,4,308097021,0,2043,10.9951,2038,2,0xcf3208f6e5,71,1859,0,5,9529,2043,10.9951,2038,5,9519
4815000,2048,4,4,0,308158461,4,308160509,0,2048,11.0000,2048,1,0xbf1d3f05a6,58,1867,0,0,9529,2048,11.0000,2048,0,9519
4816000,2048,4,4,0,308223996,4,308226044,0,2045,10.9971,2042,2,0x0c3c37c835,1,1,0,3,9532,2045,10.9971,2042,3,9522
4817000,2048,4,4,0,308287485,4,308289533,0,2048,11.0000,2048,1,0x6117963f94,79,1847,0,0,9532,2048,11.0000,2048,0,9522
4818000,2048,4,4,0,308350973,4,308353021,0,2048,11.0000,2048,1,0x696925020f,54,1854,0,0,9532,2048,11.0000,2048,0,9522
4819000,2048,4,4,0,308414461,4,308416509,0,2046,10.9980,2044,2,0x16ac97ae7e,60,1839,0,2,9534,2046,10.9980,2044,2,9524
4820000,2048,4,4,0,308479996,4,308482044,0,2048,11.0000,2048,1,0x152da7e904,0,1,0,0,9534,2048,11.0000,2048,0,9524
4821000,2048,4,4,0,308543485,4,308545533,0,2045,10.9971,2042,2,0x4317cd224b,67,1874,0,3,9537,2045,10.9971,2042,3,9527
4822000,2048,4,4,0,308606973,4,308609021,0,2047,10.9990,2046,2,0x21f647a9b6,58,1851,0,1,9538,2047,10.9990,2046,1,9528
4823000,2048,4,4,0,308670461,4,308672509,0,2044,10.9961,2040,2,0x04d5cf9247,57,1861,0,4,9542,2044,10.9961,2040,4,9532
4824000,2048,4,4,0,308735996,4,308738044,0,2048,11.0000,2048,1,0xb9e376638a,0,1,0,0,9542,2048,11.0000,2048,0,9532
4825000,2048,4,4,0,308799485,4,308801533,0,2045,10.9971,2042,2,0xfc94bb3012,74,1854,0,3,9545,2045,10.9971,2042,3,9535
4826000,2048,4,4,0,308862973,4,308865021,0,2047,10.9990,2046,2,0x9cbd78c2e4,71,1850,0,1,9546,2047,10.9990,2046,1,9536
4827000,2048,4,4,0,308926461,4,308928509,0,2045,10.9971,2042,2,0x0eb1485810,78,1878,0,3,9549,2045,10.9971,2042,3,9539
4828000,2048,4,4,0,308991996,4,308994044,0,2045,10.9971,2042,2,0x92d9698029,0,1,0,3,9552,2045,10.9971,2042,3,9542
4829000,2048,4,4,0,309055485,4,309057533,0,2046,10.9980,2044,2,0x1d74a00ab7,53,1851,0,2,9554,2046,10.9980,2044,2,9544
4830000,2048,4,4,0,309118973,4,309121021,0,2044,10.9961,2040,2,0x04a8434a2d,62,1865,0,4,9558,2044,10.9961,2040,4,9548
4831000,2048,4,4,0,309182461,4,309184509,0,2045,10.9971,2042,2,0xf2e930f9f3,68,1872,0,3,9561,2045,10.9971,2042,3,9551
4832000,2048,4,4,0,309247996,4,309250044,0,2044,10.9961,2040,2,0xe2fb4bdf6f,0,1,0,4,9565,2044,10.9961,2040,4,9555
4833000,2048,4,4,0,309311485,4,309313533,0,2045,10.9971,2042,2,0x218a02d373,63,1857,0,3,9568,2045,10.9971,2042,3,9558
4834000,2048,4,4,0,309374973,4,309377021,0,2046,10.9980,2044,2,0xf880e13175,62,1845,0,2,9570,2046,10.9980,2044,2,9560
4835000,2048,4,4,0,309438461,4,309440509,0,2047,10.9990,2046,2,0xea21bf5db9,76,1849,0,1,9571,2047,10.9990,2046,1,9561
4836000,2048,4,4,0,309503996,4,309506044,0,2047,10.9990,2046,2,0x115a1db6ef,0,1,0,1,9572,2047,10.9990,2046,1,9562
4837000,2048,4,4,0,309567485,4,309569533,0,2045,10.9971,2042,2,0x79f464dc61,59,1855,0,3,9575,2045,10.9971,2042,3,9565
4838000,2048,4,4,0,309630973,4,309633021,0,2047,10.9990,2046,2,0x8eb42ce756,61,1854,0,1,9576,2047,10.9990,2046,1,9566
4839000,2048,4,4,0,309694461,4,309696509,0,2048,11.0000,2048,1,0x4eb1f28a39,56,1844,0,0,9576,2048,11.0000,2048,0,9566
4840000,2048,4,4,0,309759996,4,309762044,0,2048,11.0000,2048,1,0xed1567906d,0,1,0,0,9576,2048,11.0000,2048,0,9566
4841000,2048,4,4,0,309823485,4,309825533,0,2045,10.9971,2042,2,0x25d9d05817,51,1850,0,3,9579,2045,10.9971,2042,3,9569
4842000,2048,4,4,0,309886973,4,309889021,0,2046,10.9980,2044,2,0x3ba7b556fe,67,1862,0,2,9581,2046,10.9980,2044,2,9571
4843000,2048,4,4,0,309950461,4,309952509,0,2046,10.9980,2044,2,0xa08bff8759,60,1844,0,2,9583,2046,10.9980,2044,2,9573
4844000,2048,4,4,0,310015996,4,310018044,0,2047,10.9990,2046,2,0x02a4ae1de7,0,1,0,1,9584,2047,10.9990,2046,1,9574
4845000,2048,4,4,0,310079485,4,310081533,0,2047,10.9990,2046,2,0x374e4e9c56,58,1855,0,1,9585,2047,10.9990,2046,1,9575
4846000,2048,4,4,0,310142973,4,310145021,0,2045,10.9971,2042,2,0xacd0814bfe,58,1857,0,3,9588,2045,10.9971,2042,3,9578
4847000,2048,4,4,0,310206461,4,310208509,0,2046,10.9980,2044,2,0x8c4d344776,71,1840,0,2,9590,2046,10.9980,2044,2,9580
4848000,2048,4,4,0,310271996,4,310274044,0,2046,10.9980,2044,2,0x82451ff445,0,0,0,2,9592,2046,10.9980,2044,2,9582
4849000,2048,4,4,0,310335485,4,310337533,0,2045,10.9971,2042,2,0xdc84c0ec9a,65,1831,0,3,9595,2045,10.9971,2042,3,9585
4850000,2048,4,4,0,310398973,4,310401021,0,2047,10.9990,2046,2,0x7fc54c460a,63,1819,0,1,9596,2047,10.9990,2046,1,9586
4851000,2048,4,4,0,310462461,4,310464509,0,2048,11.0000,2048,1,0xf01321dac8,57,1849,0,0,9596,2048,11.0000,2048,0,9586
4852000,2048,4,4,0,310527996,4,310530044,0,2047,10.9990,2046,2,0xb317fef38e,0,1,0,1,9597,2047,10.9990,2046,1,9587
4853000,2048,4,4,0,310591485,4,310593533,0,2048,11.0000,2048,1,0x414fe3f2b5,60,1837,0,0,9597,2048,11.0000,2048,0,9587
4854000,2048,4,4,0,310654973,4,310657021,0,2047,10.9990,2046,2,0x08c2acb049,68,1865,0,1,9598,2047,10.9990,2046,1,9588
4855000,2048,4,4,0,310718461,4,310720509,0,2046,10.9980,2044,2,0x2045d2cdb3,72,1873,0,2,9600,2046,10.9980,2044,2,9590
4856000,2048,4,4,0,310783996,4,310786044,0,2045,10.9971,2042,2,0xc4d427e4a6,0,1,0,3,9603,2045,10.9971,2042,3,9593
4857000,2048,4,4,0,310847485,4,310849533,0,2048,11.0000,2048,1,0x894602f196,56,1845,0,0,9603,2048,11.0000,2048,0,9593
4858000,2048,4,4,0,310910973,4,310913021,0,2047,10.9990,2046,2,0x96ce3d1780,59,1833,0,1,9604,2047,10.9990,2046,1,9594
4859000,2048,4,4,0,310974461,4,310976509,0,2047,10.9990,2046,2,0xd0b62c0fed,66,1867,0,1,9605,2047,10.9990,2046,1,9595
4860000,2048,4,4,0,311039996,4,311042044,0,2046,10.9980,2044,2,0x522b1e9490,0,1,0,2,9607,2046,10.9980,2044,2,9597
4861000,2048,4,4,0,311103485,4,311105533,0,2046,10.9980,2044,2,0xb755d19143,49,1849,0,2,9609,2046,10.9980,2044,2,9599
4862000,2048,4,4,0,311166973,4,311169021,0,2047,10.9990,2046,2,0xe2f643fa53,66,1838,0,1,9610,2047,10.9990,2046,1,9600
4863000,2048,4,4,0,311230461,4,311232509,0,2047,10.9990,2046,2,0xef739e642b,63,1825,0,1,9611,2047,10.9990,2046,1,9601
4864000,2048,4,4,0,311295996,4,311298044,0,2045,10.9971,2042,2,0xe54c23ee14,0,1,0,3,9614,2045,10.9971,2042,3,9604
4865000,2048,4,4,0,311359485,4,311361533,0,2044,10.9961,2040,2,0xe369572ba3,57,1852,0,4,9618,2044,10.9961,2040,4,9608
4866000,2048,4,4,0,311422973,4,311425021,0,2046,10.9980,2044,2,0x8bb6ac0e89,60,1819,0,2,9620,2046,10.9980,2044,2,9610
4867000,2048,4,4,0,311486461,4,311488509,0,2048,11.0000,2048,1,0x5624244ef7,56,1856,0,0,9620,2048,11.0000,2048,0,9610
4868000,2048,4,4,0,311551996,4,311554044,0,2046,10.9980,2044,2,0x593a5c25ca,0,1,0,2,9622,2046,10.9980,2044,2,9612
4869000,2048,4,4,0,311615485,4,311617533,0,2048,11.0000,2048,1,0x32d244613d,61,1844,0,0,9622,2048,11.0000,2048,0,9612
4870000,2048,4,4,0,311678973,4,311681021,0,2047,10.9990,2046,2,0xfbed5adf5c,71,1858,0,1,9623,2047,10.9990,2046,1,9613
4871000,2048,4,4,0,311742461,4,311744509,0,2045,10.9971,2042,2,0xb445c64d17,68,1851,0,3,9626,2045,10.9971,2042,3,9616
4872000,2048,4,4,0,311807996,4,311810044,0,2047,10.9990,2046,2,0xae21fff41a,0,1,0,1,9627,2047,10.9990,2046,1,9617
4873000,2048,4,4,0,311871485,4,311873533,0,2047,10.9990,2046,2,0x10907d39fa,53,1848,0,1,9628,2047,10.9990,2046,1,9618
4874000,2048,4,4,0,311934973,4,311937021,0,2045,10.9971,2042,2,0xdd672df304,52,1836,0,3,9631,2045,10.9971,2042,3,9621
4875000,2048,4,4,0,311998461,4,312000509,0,2045,10.9971,2042,2,0x7ce308394b,57,1845,0,3,9634,2045,10.9971,2042,3,9624
4876000,2048,4,4,0,312063996,4,312066044,0,2047,10.9990,2046,2,0x4fa20758e6,0,1,0,1,9635,2047,10.9990,2046,1,9625
4877000,2048,4,4,0,312127485,4,312129533,0,2047,10.9990,2046,2,0x9b55215f2b,72,1858,0,1,9636,2047,10.9990,2046,1,9626
4878000,2048,4,4,0,312190973,4,312193021,0,2044,10.9961,2040,2,0x93ec127850,68,1856,0,4,9640,2044,10.9961,2040,4,9630
4879000,2048,4,4,0,312254461,4,312256509,0,2047,10.9990,2046,2,0xdbefe4273e,63,1849,0,1,9641,2047,10.9990,2046,1,9631
4880000,2048,4,4,0,312319996,4,312322044,0,2047,10.9990,2046,2,0x07a0c2dea8,0,1,0,1,9642,2047,10.9990,2046,1,9632
4881000,2048,4,4,0,312383485,4,312385533,0,2046,10.9980,2044,2,0x4e2c16b0a6,60,1857,0,2,9644,2046,10.9980,2044,2,9634
4882000,2048,4,4,0,312446973,4,312449021,0,2046,10.9980,2044,2,0x8b5d8988aa,71,1823,0,2,9646,2046,10.9980,2044,2,9636
4883000,2048,4,4,0,312510461,4,312512509,0,2047,10.9990,2046,2,0xf420b9ac93,64,1855,0,1,9647,2047,10.9990,2046,1,9637
4884000,2048,4,4,0,312575996,4,312578044,0,2044,10.9961,2040,2,0xd705d4b6d5,0,1,0,4,9651,2044,10.9961,2040,4,9641
4885000,2048,4,4,0,312639485,4,312641533,0,2048,11.0000,2048,1,0x234e3a405d,56,1855,0,0,9651,2048,11.0000,2048,0,9641
4886000,2048,4,4,0,312702973,4,312705021,0,2047,10.9990,2046,2,0x199d026d42,63,1854,0,1,9652,2047,10.9990,2046,1,9642
4887000,2048,4,4,0,312766461,4,312768509,0,2045,10.9971,2042,2,0x46d19f590b,65,1856,0,3,9655,2045,10.9971,2042,3,9645
4888000,2048,4,4,0,312831996,4,312834044,0,2048,11.0000,2048,1,0xed7ae66d07,0,1,0,0,9655,2048,11.0000,2048,0,9645
4889000,2048,4,4,0,312895485,4,312897533,0,2045,10.9971,2042,2,0xcb8f4cdc1c,56,1855,0,3,9658,2045,10.9971,2042,3,9648
4890000,2048,4,4,0,312958973,4,312961021,0,2043,10.9951,2038,2,0x70aec8415c,77,1886,0,5,9663,2043,10.9951,2038,5,9653
4891000,2048,4,4,0,313022461,4,313024509,0,2046,10.9980,2044,2,0xe45d8185a0,61,1861,0,2,9665,2046,10.9980,2044,2,9655
4892000,2048,4,4,0,313087996,4,313090044,0,2047,10.9990,2046,2,0x4d992dc2fa,0,1,0,1,9666,2047,10.9990,2046,1,9656
4893000,2048,4,4,0,313151485,4,313153533,0,2048,11.0000,2048,1,0x44e386d5d6,58,1835,0,0,9666,2048,11.0000,2048,0,9656
4894000,2048,4,4,0,313214973,4,313217021,0,2043,10.9951,2038,2,0x746a352ae5,60,1876,0,5,9671,2043,10.9951,2038,5,9661
4895000,2048,4,4,0,313278461,4,313280509,0,2044,10.9961,2040,2,0xefe03ec537,58,1848,0,4,9675,2044,10.9961,2040,4,9665
4896000,2048,4,4,0,313343996,4,313346044,0,2046,10.9980,2044,2,0x3f3338065b,0,0,0,2,9677,2046,10.9980,2044,2,9667
4897000,2048,4,4,0,313407485,4,313409533,0,2048,11.0000,2048,1,0x48cb02f774,58,1844,0,0,9677,2048,11.0000,2048,0,9667
4898000,2048,4,4,0,313470973,4,313473021,0,2047,10.9990,2046,2,0x811b4fb6e1,65,1876,0,1,9678,2047,10.9990,2046,1,9668
4899000,2048,4,4,0,313534461,4,313536509,0,2046,10.9980,2044,2,0xa2958f7958,69,1835,0,2,9680,2046,10.9980,2044,2,9670
4900000,2048,4,4,0,313599996,4,313602044,0,2047,10.9990,2046,2,0xdc41f1dfe1,0,1,0,1,9681,2047,10.9990,2046,1,9671
4901000,2048,4,4,0,313663485,4,313665533,0,2048,11.0000,2048,1,0x67101cf251,63,1858,0,0,9681,2048,11.0000,2048,0,9671
4902000,2048,4,4,0,313726973,4,313729021,0,2047,10.9990,2046,2,0x9c9e84ba58,60,1854,0,1,9682,2047,10.9990,2046,1,9672
4903000,2048,4,4,0,313790461,4,313792509,0,2046,10.9980,2044,2,0xded3653975,51,1851,0,2,9684,2046,10.9980,2044,2,9674
4904000,2048,4,4,0,313855996,4,313858044,0,2046,10.9980,2044,2,0xbf2d78af9d,0,1,0,2,9686,2046,10.9980,2044,2,9676
4905000,2048,4,4,0,313919485,4,313921533,0,2047,10.9990,2046,2,0x2b66f60ce7,57,1826,0,1,9687,2047,10.9990,2046,1,9677
4906000,2048,4,4,0,313982973,4,313985021,0,2047,10.9990,2046,2,0xb550561764,65,1866,0,1,9688,2047,10.9990,2046,1,9678
4907000,2048,4,4,0,314046461,4,314048509,0,2045,10.9971,2042,2,0x467c0dd13c,64,1855,0,3,9691,2045,10.9971,2042,3,9681
4908000,2048,4,4,0,314111996,4,314114044,0,2048,11.0000,2048,1,0x2ba6a22bc6,0,1,0,0,9691,2048,11.0000,2048,0,9681
4909000,2048,4,4,0,314175485,4,314177533,0,2046,10.9980,2044,2,0x3d088f4e12,61,1846,0,2,9693,2046,10.9980,2044,2,9683
4910000,2048,4,4,0,314238973,4,314241021,0,2046,10.9980,2044,2,0xdde3371d87,65,1843,0,2,9695,2046,10.9980,2044,2,9685
4911000,2048,4,4,0,314302461,4,314304509,0,2048,11.0000,2048,1,0x87b8bf6db1,61,1854,0,0,9695,2048,11.0000,2048,0,9685
4912000,2048,4,4,0,314367996,4,314370044,0,2048,11.0000,2048,1,0x45b931b898,0,1,0,0,9695,2048,11.0000,2048,0,9685
4913000,2048,4,4,0,314431485,4,314433533,0,2048,11.0000,2048,1,0x42d65ce43f,56,1869,0,0,9695,2048,11.0000,2048,0,9685
4914000,2048,4,4,0,314494973,4,314497021,0,2046,10.9980,2044,2,0xa7d7b3359f,73,1862,0,2,9697,2046,10.9980,2044,2,9687
4915000,2048,4,4,0,314558461,4,314560509,0,2048,11.0000,2048,1,0xf0f007ded9,64,1843,0,0,9697,2048,11.0000,2048,0,9687
4916000,2048,4,4,0,314623996,4,314626044,0,2047,10.9990,2046,2,0x53e12745d3,0,1,0,1,9698,2047,10.9990,2046,1,9688
4917000,2048,4,4,0,314687485,4,314689533,0,2047,10.9990,2046,2,0xc9cfaa11f0,73,1848,0,1,9699,2047,10.9990,2046,1,9689
4918000,2048,4,4,0,314750973,4,314753021,0,2047,10.9990,2046,2,0x10753551ba,41,1844,0,1,9700,2047,10.9990,2046,1,9690
4919000,2048,4,4,0,314814461,4,314816509,0,2046,10.9980,2044,2,0x9602a67535,60,1854,0,2,9702,2046,10.9980,2044,2,9692
4920000,2048,4,4,0,314879996,4,314882044,0,2047,10.9990,2046,2,0x6e574a2c40,0,1,0,1,9703,2047,10.9990,2046,1,9693
4921000,2048,4,4,0,314943485,4,314945533,0,2044,10.9961,2040,2,0xcdc67ec26e,65,1847,0,4,9707,2044,10.9961,2040,4,9697
4922000,2048,4,4,0,315006973,4,315009021,0,2043,10.9951,2038,2,0x7c0f2d28a4,64,1817,0,5,9712,2043,10.9951,2038,5,9702
4923000,2048,4,4,0,315070461,4,315072509,0,2046,10.9980,2044,2,0x1b92e3a1bd,60,1854,0,2,9714,2046,10.9980,2044,2,9704
4924000,2048,4,4,0,315135996,4,315138044,0,2047,10.9990,2046,2,0x8098e19268,0,1,0,1,9715,2047,10.9990,2046,1,9705
4925000,2048,4,4,0,315199485,4,315201533,0,2047,10.9990,2046,2,0xc224cb204b,71,1866,0,1,9716,2047,10.9990,2046,1,9706
4926000,2048,4,4,0,315262973,4,315265021,0,2047,10.9990,2046,2,0xab3aee659f,61,1872,0,1,9717,2047,10.9990,2046,1,9707
4927000,2048,4,4,0,315326461,4,315328509,0,2048,11.0000,2048,1,0x56cdeeb2cd,58,1860,0,0,9717,2048,11.0000,2048,0,9707
4928000,2048,4,4,0,315391996,4,315394044,0,2048,11.0000,2048,1,0xa8295046cb,0,1,0,0,9717,2048,11.0000,2048,0,9707
4929000,2048,6,6,0,315455484,6,315457532,0,2048,11.0000,2048,1,0xcb0669fd15,65,1873,0,0,9717,2048,11.0000,2048,0,9707
4930000,2048,6,6,0,315518972,6,315521020,0,2048,11.0000,2048,1,0x2a93e39f7f,58,1847,0,0,9717,2048,11.0000,2048,0,9707
4931000,2048,6,6,0,315582460,6,315584508,0,2046,10.9980,2044,2,0x44ccd1a6ac,53,1855,0,2,9719,2046,10.9980,2044,2,9709
4932000,2048,6,6,0,315647994,6,315650042,0,2048,11.0000,2048,1,0x756d2ac4a9,0,2,0,0,9719,2048,11.0000,2048,0,9709
4933000,2048,6,6,0,315711484,6,315713532,0,2046,10.9980,2044,2,0x05d3e8a88c,72,1863,0,2,9721,2046,10.9980,2044,2,9711
4934000,2048,6,6,0,315774972,6,315777020,0,2047,10.9990,2046,2,0x77b55d34d7,54,1855,0,1,9722,2047,10.9990,2046,1,9712
4935000,2048,6,6,0,315838460,6,315840508,0,2047,10.9990,2046,2,0x7a4d46d52b,65,1843,0,1,9723,2047,10.9990,2046,1,9713
4936000,2048,6,6,0,315903994,6,315906042,0,2044,10.9961,2040,2,0xc10ec0d0d4,0,2,0,4,9727,2044,10.9961,2040,4,9717
4937000,2048,6,6,0,315967484,6,315969532,0,2046,10.9980,2044,2,0x728b5f00fb,57,1872,0,2,9729,2046,10.9980,2044,2,9719
4938000,2048,6,6,0,316030972,6,316033020,0,2047,10.9990,2046,2,0x63f4a97a6a,72,1863,0,1,9730,2047,10.9990,2046,1,9720
4939000,2048,7,7,0,316094459,7,316096507,0,2046,10.9980,2044,2,0xb937a57656,73,1860,0,2,9732,2046,10.9980,2044,2,9722
4940000,2048,7,7,0,316159993,7,316162041,0,2048,11.0000,2048,1,0x5a7379c96f,0,2,0,0,9732,2048,11.0000,2048,0,9722
4941000,2048,7,7,0,316223483,7,316225531,0,2045,10.9971,2042,2,0xf8a477b73e,79,1861,0,3,9735,2045,10.9971,2042,3,9725
4942000,2048,7,7,0,316286971,7,316289019,0,2047,10.9990,2046,2,0xa0ca44c1f4,63,1856,0,1,9736,2047,10.9990,2046,1,9726
4943000,2048,7,7,0,316350459,7,316352507,0,2048,11.0000,2048,1,0x5c795498de,64,1843,0,0,9736,2048,11.0000,2048,0,9726
4944000,2048,7,7,0,316415993,7,316418041,0,2045,10.9971,2042,2,0xbc8cf88634,0,1,0,3,9739,2045,10.9971,2042,3,9729
4945000,2048,7,7,0,316479483,7,316481531,0,2044,10.9961,2040,2,0x21536f152b,61,1859,0,4,9743,2044,10.9961,2040,4,9733
4946000,2048,7,7,0,316542971,7,316545019,0,2047,10.9990,2046,2,0xdc1bbb448b,66,1837,0,1,9744,2047,10.9990,2046,1,9734
4947000,2048,7,7,0,316606459,7,316608507,0,2045,10.9971,2042,2,0x28c7a7ecf3,53,1846,0,3,9747,2045,10.9971,2042,3,9737
4948000,2048,7,7,0,316671993,7,316674041,0,2045,10.9971,2042,2,0xa0eceedd6b,0,2,0,3,9750,2045,10.9971,2042,3,9740
4949000,2048,7,7,0,316735483,7,316737531,0,2046,10.9980,2044,2,0x045b5f9ebf,77,1859,0,2,9752,2046,10.9980,2044,2,9742
4950000,2048,7,7,0,316798971,7,316801019,0,2047,10.9990,2046,2,0x82d38850e8,73,1850,0,1,9753,2047,10.9990,2046,1,9743
4951000,2048,7,7,0,316862459,7,316864507,0,2047,10.9990,2046,2,0xfb7c18f9ca,73,1832,0,1,9754,2047,10.9990,2046,1,9744
4952000,2048,7,7,0,316927993,7,316930041,0,2046,10.9980,2044,2,0x48951de28e,0,2,0,2,9756,2046,10.9980,2044,2,9746
4953000,2048,7,7,0,316991483,7,316993531,0,2045,10.9971,2042,2,0x2eac0bc022,71,1848,0,3,9759,2045,10.9971,2042,3,9749
4954000,2048,7,7,0,317054971,7,317057019,0,2045,10.9971,2042,2,0x2a320ea94a,62,1870,0,3,9762,2045,10.9971,2042,3,9752
4955000,2048,7,7,0,317118459,7,317120507,0,2047,10.9990,2046,2,0xe022125df2,87,1832,0,1,9763,2047,10.9990,2046,1,9753
4956000,2048,7,7,0,317183993,7,317186041,0,2043,10.9951,2038,2,0xd22ab25941,1,2,0,5,9768,2043,10.9951,2038,5,9758
4957000,2048,7,7,0,317247483,7,317249531,0,2047,10.9990,2046,2,0x301b903a14,54,1831,0,1,9769,2047,10.9990,2046,1,9759
4958000,2048,7,7,0,317310971,7,317313019,0,2047,10.9990,2046,2,0x6dd89224bb,48,1844,0,1,9770,2047,10.9990,2046,1,9760
4959000,2048,7,7,0,317374459,7,317376507,0,2048,11.0000,2048,1,0x04312a239e,52,1881,0,0,9770,2048,11.0000,2048,0,9760
4960000,2048,7,7,0,317439993,7,317442041,0,2043,10.9951,2038,2,0x3df7abec97,0,2,0,5,9775,2043,10.9951,2038,5,9765
4961000,2048,7,7,0,317503483,7,317505531,0,2046,10.9980,2044,2,0xd0d7663c54,63,1835,0,2,9777,2046,10.9980,2044,2,9767
4962000,2048,7,7,0,317566971,7,317569019,0,2047,10.9990,2046,2,0xdf83aeec33,67,1848,0,1,9778,2047,10.9990,2046,1,9768
4963000,2048,7,7,0,317630459,7,317632507,0,2047,10.9990,2046,2,0x6ace16eae7,67,1852,0,1,9779,2047,10.9990,2046,1,9769
4964000,2048,7,7,0,317695993,7,317698041,0,2044,10.9961,2040,2,0x2c4f97bfc8,0,2,0,4,9783,2044,10.9961,2040,4,9773
4965000,2048,7,7,0,317759483,7,317761531,0,2046,10.9980,2044,2,0x71bb707074,50,1840,0,2,9785,2046,10.9980,2044,2,9775
4966000,2048,7,7,0,317822971,7,317825019,0,2048,11.0000,2048,1,0x947c9d1a32,56,1859,0,0,9785,2048,11.0000,2048,0,9775
4967000,2048,7,7,0,317886459,7,317888507,0,2047,10.9990,2046,2,0x4599d7060d,74,1848,0,1,9786,2047,10.9990,2046,1,9776
4968000,2048,7,7,0,317951993,7,317954041,0,2046,10.9980,2044,2,0x86dc3bdbf9,0,2,0,2,9788,2046,10.9980,2044,2,9778
4969000,2048,7,7,0,318015483,7,318017531,0,2047,10.9990,2046,2,0x88a9b6952c,49,1828,0,1,9789,2047,10.9990,2046,1,9779
4970000,2048,7,7,0,318078971,7,318081019,0,2048,11.0000,2048,1,0xc4c68ba504,66,1862,0,0,9789,2048,11.0000,2048,0,9779
4971000,2048,7,7,0,318142459,7,318144507,0,2048,11.0000,2048,1,0x80a0bf0f67,62,1847,0,0,9789,2048,11.0000,2048,0,9779
4972000,2048,7,7,0,318207993,7,318210041,0,2045,10.9971,2042,2,0x69f749f1ee,0,2,0,3,9792,2045,10.9971,2042,3,9782
4973000,2048,7,7,0,318271483,7,318273531,0,2046,10.9980,2044,2,0x7250ab05f0,56,1859,0,2,9794,2046,10.9980,2044,2,9784
4974000,2048,7,7,0,318334971,7,318337019,0,2047,10.9990,2046,2,0x1e785e0543,65,1821,0,1,9795,2047,10.9990,2046,1,9785
4975000,2048,7,7,0,318398459,7,318400507,0,2047,10.9990,2046,2,0x1bffeaafd6,66,1851,0,1,9796,2047,10.9990,2046,1,9786
4976000,2048,7,7,0,318463993,7,318466041,0,2045,10.9971,2042,2,0x685b5303a0,0,2,0,3,9799,2045,10.9971,2042,3,9789
4977000,2048,7,7,0,318527483,7,318529531,0,2044,10.9961,2040,2,0xce5cf59bb9,68,1867,0,4,9803,2044,10.9961,2040,4,9793
4978000,2048,7,7,0,318590971,7,318593019,0,2047,10.9990,2046,2,0x00784bf3e6,61,1867,0,1,9804,2047,10.9990,2046,1,9794
4979000,2048,7,7,0,318654459,7,318656507,0,2046,10.9980,2044,2,0xb8a947e54e,67,1823,0,2,9806,2046,10.9980,2044,2,9796
4980000,2048,7,7,0,318719993,7,318722041,0,2048,11.0000,2048,1,0x3ea7afe31d,0,1,0,0,9806,2048,11.0000,2048,0,9796
4981000,2048,7,7,0,318783483,7,318785531,0,2046,10.9980,2044,2,0x879877aa07,52,1847,0,2,9808,2046,10.9980,2044,2,9798
4982000,2048,7,7,0,318846971,7,318849019,0,2046,10.9980,2044,2,0xdab4062f78,62,1849,0,2,9810,2046,10.9980,2044,2,9800
4983000,2048,7,7,0,318910459,7,318912507,0,2046,10.9980,2044,2,0x0d831b4335,70,1855,0,2,9812,2046,10.9980,2044,2,9802
4984000,2048,7,7,0,318975993,7,318978041,0,2045,10.9971,2042,2,0x1a4f8a96cb,0,2,0,3,9815,2045,10.9971,2042,3,9805
4985000,2048,7,7,0,319039483,7,319041531,0,2044,10.9961,2040,2,0x81a5cf5302,65,1863,0,4,9819,2044,10.9961,2040,4,9809
4986000,2048,7,7,0,319102971,7,319105019,0,2047,10.9990,2046,2,0x33678213db,65,1837,0,1,9820,2047,10.9990,2046,1,9810
4987000,2048,7,7,0,319166459,7,319168507,0,2042,10.9941,2036,2,0x27e924775a,79,1857,0,6,9826,2042,10.9941,2036,6,9816
4988000,2048,7,7,0,319231993,7,319234041,0,2047,10.9990,2046,2,0x8422220e25,0,1,0,1,9827,2047,10.9990,2046,1,9817
4989000,2048,7,7,0,319295483,7,319297531,0,2046,10.9980,2044,2,0x30dc2f6702,76,1852,0,2,9829,2046,10.9980,2044,2,9819
4990000,2048,7,7,0,319358971,7,319361019,0,2048,11.0000,2048,1,0x0743fbd51f,62,1839,0,0,9829,2048,11.0000,2048,0,9819
4991000,2048,7,7,0,319422459,7,319424507,0,2047,10.9990,2046,2,0x69477f5de1,62,1842,0,1,9830,2047,10.9990,2046,1,9820
4992000,2048,7,7,0,319487993,7,319490041,0,2048,11.0000,2048,1,0x187ff70472,0,2,0,0,9830,2048,11.0000,2048,0,9820
4993000,2048,7,7,0,319551483,7,319553531,0,2044,10.9961,2040,2,0x98943982a4,56,1850,0,4,9834,2044,10.9961,2040,4,9824
4994000,2048,7,7,0,319614971,7,319617019,0,2044,10.9961,2040,2,0xc7d5ab7263,69,1836,0,4,9838,2044,10.9961,2040,4,9828
4995000,2048,7,7,0,319678459,7,319680507,0,2046,10.9980,2044,2,0xea5b68a614,77,1846,0,2,9840,2046,10.9980,2044,2,9830
4996000,2048,7,7,0,319743993,7,319746041,0,2046,10.9980,2044,2,0x05495b4377,0,2,0,2,9842,2046,10.9980,2044,2,9832
4997000,2048,7,7,0,319807483,7,319809531,0,2047,10.9990,2046,2,0xe46249b791,62,1855,0,1,9843,2047,10.9990,2046,1,9833
4998000,2048,7,7,0,319870971,7,319873019,0,2047,10.9990,2046,2,0x6ff2f6ff4f,61,1829,0,1,9844,2047,10.9990,2046,1,9834
4999000,2048,7,7,0,319934459,7,319936507,0,2046,10.9980,2044,2,0x1a8b8a07a3,78,1842,0,2,9846,2046,10.9980,2044,2,9836
5000000,2048,7,7,0,319999993,7,320002041,0,2046,10.9980,2044,2,0x6c024e9951,0,2,0,2,9848,2046,10.9980,2044,2,9838
5001000,2048,7,7,0,320063483,7,320065531,0,2047,10.9990,2046,2,0x91dec37191,70,1850,0,1,9849,2047,10.9990,2046,1,9839
5002000,2048,7,7,0,320126971,7,320129019,0,2045,10.9971,2042,2,0x8e535cfcad,59,1827,0,3,9852,2045,10.9971,2042,3,9842
5003000,2048,7,7,0,320190459,7,320192507,0,2047,10.9990,2046,2,0x5923fbd7fb,63,1851,0,1,9853,2047,10.9990,2046,1,9843
5004000,2048,7,7,0,320255993,7,320258041,0,2045,10.9971,2042,2,0x53a757c4c6,0,2,0,3,9856,2045,10.9971,2042,3,9846
5005000,2048,7,7,0,320319483,7,320321531,0,2045,10.9971,2042,2,0x530e60346c,55,1843,0,3,9859,2045,10.9971,2042,3,9849
5006000,2048,7,7,0,320382971,7,320385019,0,2047,10.9990,2046,2,0x7a800a00f1,69,1852,0,1,9860,2047,10.9990,2046,1,9850
5007000,2048,7,7,0,320446459,7,320448507,0,2048,11.0000,2048,1,0x21f03947fd,73,1846,0,0,9860,2048,11.0000,2048,0,9850
5008000,2048,7,7,0,320511993,7,320514041,0,2047,10.9990,2046,2,0x2efd747c78,0,2,0,1,9861,2047,10.9990,2046,1,9851
5009000,2048,7,7,0,320575483,7,320577531,0,2047,10.9990,2046,2,0xd3feae6f3e,61,1856,0,1,9862,2047,10.9990,2046,1,9852
5010000,2048,7,7,0,320638971,7,320641019,0,2045,10.9971,2042,2,0xe68805ee73,59,1846,0,3,9865,2045,10.9971,2042,3,9855
5011000,2048,7,7,0,320702459,7,320704507,0,2047,10.9990,2046,2,0xad4d4105ad,76,1851,0,1,9866,2047,10.9990,2046,1,9856
5012000,2048,7,7,0,320767993,7,320770041,0,2045,10.9971,2042,2,0xd6f5628edc,0,2,0,3,9869,2045,10.9971,2042,3,9859
5013000,2048,7,7,0,320831483,7,320833531,0,2047,10.9990,2046,2,0x409074e951,62,1838,0,1,9870,2047,10.9990,2046,1,9860
5014000,2048,7,7,0,320894971,7,320897019,0,2047,10.9990,2046,2,0xab2844bfd8,72,1855,0,1,9871,2047,10.9990,2046,1,9861
5015000,2048,7,7,0,320958459,7,320960507,0,2047,10.9990,2046,2,0x889d546f63,57,1850,0,1,9872,2047,10.9990,2046,1,9862
5016000,2048,7,7,0,321023993,7,321026041,0,2047,10.9990,2046,2,0xaa4e2d76cb,0,2,0,1,9873,2047,10.9990,2046,1,9863
5017000,2048,7,7,0,321087483,7,321089531,0,2047,10.9990,2046,2,0x27d970f397,72,1851,0,1,9874,2047,10.9990,2046,1,9864
5018000,2048,7,7,0,321150971,7,321153019,0,2047,10.9990,2046,2,0x478a12f9ee,69,1864,0,1,9875,2047,10.9990,2046,1,9865
5019000,2048,7,7,0,321214459,7,321216507,0,2045,10.9971,2042,2,0x86eddb8a5c,56,1836,0,3,9878,2045,10.9971,2042,3,9868
5020000,2048,7,7,0,321279993,7,321282041,0,2045,10.9971,2042,2,0x85d3514d81,0,2,0,3,9881,2045,10.9971,2042,3,9871
5021000,2048,7,7,0,321343483,7,321345531,0,2046,10.9980,2044,2,0x89fd982050,85,1840,0,2,9883,2046,10.9980,2044,2,9873
5022000,2048,7,7,0,321406971,7,321409019,0,2046,10.9980,2044,2,0xd06ca3e880,59,1849,0,2,9885,2046,10.9980,2044,2,9875
5023000,2048,7,7,0,321470459,7,321472507,0,2045,10.9971,2042,2,0x6926bd6866,62,1836,0,3,9888,2045,10.9971,2042,3,9878
5024000,2048,7,7,0,321535993,7,321538041,0,2046,10.9980,2044,2,0xc4c4ff74a3,0,2,0,2,9890,2046,10.9980,2044,2,9880
5025000,2048,7,7,0,321599483,7,321601531,0,2045,10.9971,2042,2,0x6599ec6bda,50,1863,0,3,9893,2045,10.9971,2042,3,9883
5026000,2048,7,7,0,321662971,7,321665019,0,2048,11.0000,2048,1,0x94730c1891,63,1830,0,0,9893,2048,11.0000,2048,0,9883
5027000,2048,7,7,0,321726459,7,321728507,0,2043,10.9951,2038,2,0x6c6d2f0dfc,59,1857,0,5,9898,2043,10.9951,2038,5,9888
5028000,2048,7,7,0,321791993,7,321794041,0,2048,11.0000,2048,1,0xe9d223999d,0,2,0,0,9898,2048,11.0000,2048,0,9888
5029000,2048,7,7,0,321855483,7,321857531,0,2047,10.9990,2046,2,0x68d6dd0fc9,84,1846,0,1,9899,2047,10.9990,2046,1,9889
5030000,2048,7,7,0,321918971,7,321921019,0,2048,11.0000,2048,1,0x92b75845b7,62,1848,0,0,9899,2048,11.0000,2048,0,9889
5031000,2048,7,7,0,321982459,7,321984507,0,2045,10.9971,2042,2,0x55f273162f,58,1866,0,3,9902,2045,10.9971,2042,3,9892
5032000,2048,7,7,0,322047993,7,322050041,0,2044,10.9961,2040,2,0xb1e75d8281,0,2,0,4,9906,2044,10.9961,2040,4,9896
5033000,2048,7,7,0,322111483,7,322113531,0,2048,11.0000,2048,1,0x06321d7d09,56,1832,0,0,9906,2048,11.0000,2048,0,9896
5034000,2048,7,7,0,322174971,7,322177019,0,2043,10.9951,2038,2,0xe2aa19f818,66,1846,0,5,9911,2043,10.9951,2038,5,9901
5035000,2048,7,7,0,322238459,7,322240507,0,2047,10.9990,2046,2,0xed43d314fe,54,1833,0,1,9912,2047,10.9990,2046,1,9902
5036000,2048,7,7,0,322303993,7,322306041,0,2047,10.9990,2046,2,0x1ac7727ae5,0,2,0,1,9913,2047,10.9990,2046,1,9903
5037000,2048,7,7,0,322367483,7,322369531,0,2042,10.9941,2036,2,0xc0487783fe,73,1848,0,6,9919,2042,10.9941,2036,6,9909
5038000,2048,7,7,0,322430971,7,322433019,0,2045,10.9971,2042,2,0x432f67ed3e,57,1833,0,3,9922,2045,10.9971,2042,3,9912
5039000,2048,7,7,0,322494459,7,322496507,0,2044,10.9961,2040,2,0xf81864598b,78,1851,0,4,9926,2044,10.9961,2040,4,9916
5040000,2048,7,7,0,322559993,7,322562041,0,2045,10.9971,2042,2,0xeed4333dfb,0,2,0,3,9929,2045,10.9971,2042,3,9919
5041000,2048,7,7,0,322623483,7,322625531,0,2044,10.9961,2040,2,0x9bec6e02e0,63,1870,0,4,9933,2044,10.9961,2040,4,9923
5042000,2048,7,7,0,322686971,7,322689019,0,2048,11.0000,2048,1,0x519000ba37,65,1845,0,0,9933,2048,11.0000,2048,0,9923
5043000,2048,7,7,0,322750459,7,322752507,0,2045,10.9971,2042,2,0xc4077f49c6,76,1829,0,3,9936,2045,10.9971,2042,3,9926
5044000,2048,7,7,0,322815993,7,322818041,0,2042,10.9941,2036,2,0x4c61c126ee,0,1,0,6,9942,2042,10.9941,2036,6,9932
5045000,2048,7,7,0,322879483,7,322881531,0,2044,10.9961,2040,2,0x72306a4c7e,76,1842,0,4,9946,2044,10.9961,2040,4,9936
5046000,2048,7,7,0,322942971,7,322945019,0,2046,10.9980,2044,2,0xa9cc899889,58,1843,0,2,9948,2046,10.9980,2044,2,9938
5047000,2048,7,7,0,323006459,7,323008507,0,2046,10.9980,2044,2,0x4591c3abcf,71,1857,0,2,9950,2046,10.9980,2044,2,9940
5048000,2048,7,7,0,323071993,7,323074041,0,2045,10.9971,2042,2,0xb5a0f3072c,0,2,0,3,9953,2045,10.9971,2042,3,9943
5049000,2048,7,7,0,323135483,7,323137531,0,2047,10.9990,2046,2,0xf48a7c9e9e,69,1829,0,1,9954,2047,10.9990,2046,1,9944
5050000,2048,7,7,0,323198971,7,323201019,0,2047,10.9990,2046,2,0x09f4ef09ac,57,1867,0,1,9955,2047,10.9990,2046,1,9945
5051000,2048,7,7,0,323262459,7,323264507,0,2048,11.0000,2048,1,0x3113a50a33,51,1833,0,0,9955,2048,11.0000,2048,0,9945
5052000,2048,7,7,0,323327993,7,323330041,0,2046,10.9980,2044,2,0xd8d0fdf027,0,1,0,2,9957,2046,10.9980,2044,2,9947
5053000,2048,7,7,0,323391483,7,323393531,0,2046,10.9980,2044,2,0x88b4f6914d,79,1871,0,2,9959,2046,10.9980,2044,2,9949
5054000,2048,7,7,0,323454971,7,323457019,0,2047,10.9990,2046,2,0x6279351f81,62,1837,0,1,9960,2047,10.9990,2046,1,9950
5055000,2048,7,7,0,323518459,7,323520507,0,2045,10.9971,2042,2,0x98300c10ca,72,1840,0,3,9963,2045,10.9971,2042,3,9953
5056000,2048,7,7,0,323583993,7,323586041,0,2044,10.9961,2040,2,0x7c96ae8f82,0,2,0,4,9967,2044,10.9961,2040,4,9957
5057000,2048,7,7,0,323647483,7,323649531,0,2046,10.9980,2044,2,0xbb99ff40b9,74,1855,0,2,9969,2046,10.9980,2044,2,9959
5058000,2048,7,7,0,323710971,7,323713019,0,2046,10.9980,2044,2,0x92561df601,74,1850,0,2,9971,2046,10.9980,2044,2,9961
5059000,2048,7,7,0,323774459,7,323776507,0,2044,10.9961,2040,2,0x5042f0e3fd,63,1835,0,4,9975,2044,10.9961,2040,4,9965
5060000,2048,7,7,0,323839993,7,323842041,0,2048,11.0000,2048,1,0x2ae3a15841,0,2,0,0,9975,2048,11.0000,2048,0,9965
5061000,2048,7,7,0,323903483,7,323905531,0,2046,10.9980,2044,2,0x8c7d6f9a8c,58,1851,0,2,9977,2046,10.9980,2044,2,9967
5062000,2048,7,7,0,323966971,7,323969019,0,2044,10.9961,2040,2,0xed24db5897,62,1829,0,4,9981,2044,10.9961,2040,4,9971
5063000,2048,7,7,0,324030459,7,324032507,0,2046,10.9980,2044,2,0x66a160b62a,61,1874,0,2,9983,2046,10.9980,2044,2,9973
5064000,2048,7,7,0,324095993,7,324098041,0,2047,10.9990,2046,2,0x36bb97ed8d,0,2,0,1,9984,2047,10.9990,2046,1,9974
5065000,2048,7,7,0,324159483,7,324161531,0,2047,10.9990,2046,2,0x5cc9f8c9a0,63,1843,0,1,9985,2047,10.9990,2046,1,9975
5066000,2048,7,7,0,324222971,7,324225019,0,2046,10.9980,2044,2,0xae1900e339,70,1854,0,2,9987,2046,10.9980,2044,2,9977
5067000,2048,7,7,0,324286459,7,324288507,0,2044,10.9961,2040,2,0x714f61a75f,61,1823,0,4,9991,2044,10.9961,2040,4,9981
5068000,2048,7,7,0,324351993,7,324354041,0,2047,10.9990,2046,2,0x1872e2d576,0,2,0,1,9992,2047,10.9990,2046,1,9982
5069000,2048,7,7,0,324415483,7,324417531,0,2046,10.9980,2044,2,0xc2e8cb6933,61,1861,0,2,9994,2046,10.9980,2044,2,9984
5070000,2048,7,7,0,324478971,7,324481019,0,2045,10.9971,2042,2,0xe8f2ce2362,64,1832,0,3,9997,2045,10.9971,2042,3,9987
5071000,2048,7,7,0,324542459,7,324544507,0,2044,10.9961,2040,2,0x310485e4cd,70,1857,0,4,10001,2044,10.9961,2040,4,9991
5072000,2048,7,7,0,324607993,7,324610041,0,2048,11.0000,2048,1,0x0a25aa92e3,1,2,0,0,10001,2048,11.0000,2048,0,9991
5073000,2048,7,7,0,324671483,7,324673531,0,2047,10.9990,2046,2,0xccd1b07075,56,1831,0,1,10002,2047,10.9990,2046,1,9992
5074000,2048,7,7,0,324734971,7,324737019,0,2044,10.9961,2040,2,0xa75fae8676,64,1844,0,4,10006,2044,10.9961,2040,4,9996
5075000,2048,7,7,0,324798459,7,324800507,0,2047,10.9990,2046,2,0x6bb86b7bcc,72,1863,0,1,10007,2047,10.9990,2046,1,9997
5076000,2048,7,7,0,324863993,7,324866041,0,2045,10.9971,2042,2,0x56bdf6d9a7,0,1,0,3,10010,2045,10.9971,2042,3,10000
5077000,2048,7,7,0,324927483,7,324929531,0,2040,10.9922,2032,2,0xa041ce5aa5,61,1842,0,8,10018,2040,10.9922,2032,8,10008
5078000,2048,7,7,0,324990971,7,324993019,0,2046,10.9980,2044,2,0x6e21a79481,64,1822,0,2,10020,2046,10.9980,2044,2,10010
5079000,2048,7,7,0,325054459,7,325056507,0,2047,10.9990,2046,2,0x5ea548c0eb,60,1854,0,1,10021,2047,10.9990,2046,1,10011
5080000,2048,7,7,0,325119993,7,325122041,0,2047,10.9990,2046,2,0x69ca81cf12,0,1,0,1,10022,2047,10.9990,2046,1,10012
5081000,2048,7,7,0,325183483,7,325185531,0,2046,10.9980,2044,2,0x89b895be99,77,1834,0,2,10024,2046,10.9980,2044,2,10014
5082000,2048,7,7,0,325246971,7,325249019,0,2046,10.9980,2044,2,0xe03ed8eaaf,70,1876,0,2,10026,2046,10.9980,2044,2,10016
5083000,2048,7,7,0,325310459,7,325312507,0,2043,10.9951,2038,2,0xa7a340bbfa,67,1829,0,5,10031,2043,10.9951,2038,5,10021
5084000,2048,7,7,0,325375993,7,325378041,0,2045,10.9971,2042,2,0xef23579aaa,0,2,0,3,10034,2045,10.9971,2042,3,10024
5085000,2048,7,7,0,325439483,7,325441531,0,2047,10.9990,2046,2,0x0472139dcf,71,1850,0,1,10035,2047,10.9990,2046,1,10025
5086000,2048,7,7,0,325502971,7,325505019,0,2046,10.9980,2044,2,0x229ceaf53e,75,1854,0,2,10037,2046,10.9980,2044,2,10027
5087000,2048,7,7,0,325566459,7,325568507,0,2041,10.9932,2034,2,0x2f858fdbbe,78,1842,0,7,10044,2041,10.9932,2034,7,10034
5088000,2048,7,7,0,325631993,7,325634041,0,2045,10.9971,2042,2,0x186113e982,0,2,0,3,10047,2045,10.9971,2042,3,10037
5089000,2048,7,7,0,325695483,7,325697531,0,2045,10.9971,2042,2,0x73f418a7ab,67,1825,0,3,10050,2045,10.9971,2042,3,10040
5090000,2048,7,7,0,325758971,7,325761019,0,2045,10.9971,2042,2,0xa6758fffd7,65,1876,0,3,10053,2045,10.9971,2042,3,10043
5091000,2048,7,7,0,325822459,7,325824507,0,2047,10.9990,2046,2,0x3cc11abbee,76,1857,0,1,10054,2047,10.9990,2046,1,10044
5092000,2048,7,7,0,325887993,7,325890041,0,2047,10.9990,2046,2,0x31940e7a68,0,2,0,1,10055,2047,10.9990,2046,1,10045
5093000,2048,7,7,0,325951483,7,325953531,0,2045,10.9971,2042,2,0xdf22178cbf,66,1825,0,3,10058,2045,10.9971,2042,3,10048
5094000,2048,7,7,0,326014971,7,326017019,0,2046,10.9980,2044,2,0x02e9690923,71,1849,0,2,10060,2046,10.9980,2044,2,10050
5095000,2048,7,7,0,326078459,7,326080507,0,2045,10.9971,2042,2,0x80547590a9,60,1847,0,3,10063,2045,10.9971,2042,3,10053
5096000,2048,7,7,0,326143993,7,326146041,0,2046,10.9980,2044,2,0xf693e4ad62,0,1,0,2,10065,2046,10.9980,2044,2,10055
5097000,2048,7,7,0,326207483,7,326209531,0,2045,10.9971,2042,2,0xe5e4206c00,64,1853,0,3,10068,2045,10.9971,2042,3,10058
5098000,2048,7,7,0,326270971,7,326273019,0,2046,10.9980,2044,2,0xdebf9f2675,59,1858,0,2,10070,2046,10.9980,2044,2,10060
5099000,2048,7,7,0,326334459,7,326336507,0,2046,10.9980,2044,2,0x4cd7bba5ff,71,1844,0,2,10072,2046,10.9980,2044,2,10062
5100000,2048,7,7,0,326399993,7,326402041,0,2043,10.9951,2038,2,0x1f53bbd7a9,0,2,0,5,10077,2043,10.9951,2038,5,10067
5101000,2048,7,7,0,326463483,7,326465531,0,2047,10.9990,2046,2,0x92115bf5d2,72,1829,0,1,10078,2047,10.9990,2046,1,10068
5102000,2048,7,7,0,326526971,7,326529019,0,2046,10.9980,2044,2,0xd5d2167c82,64,1859,0,2,10080,2046,10.9980,2044,2,10070
5103000,2048,7,7,0,326590459,7,326592507,0,2044,10.9961,2040,2,0xb66fef53e9,70,1843,0,4,10084,2044,10.9961,2040,4,10074
5104000,2048,7,7,0,326655993,7,326658041,0,2046,10.9980,2044,2,0x62ec5f66a3,1,2,0,2,10086,2046,10.9980,2044,2,10076
5105000,2048,7,7,0,326719483,7,326721531,0,2045,10.9971,2042,2,0x0fe12b1286,68,1848,0,3,10089,2045,10.9971,2042,3,10079
5106000,2048,7,7,0,326782971,7,326785019,0,2047,10.9990,2046,2,0xb8d368f98e,75,1828,0,1,10090,2047,10.9990,2046,1,10080
5107000,2048,7,7,0,326846459,7,326848507,0,2045,10.9971,2042,2,0xbf093250e1,55,1844,0,3,10093,2045,10.9971,2042,3,10083
5108000,2048,7,7,0,326911993,7,326914041,0,2045,10.9971,2042,2,0xfa67743613,0,2,0,3,10096,2045,10.9971,2042,3,10086
5109000,2048,7,7,0,326975483,7,326977531,0,2047,10.9990,2046,2,0xcc0fc68b1b,66,1855,0,1,10097,2047,10.9990,2046,1,10087
5110000,2048,7,7,0,327038971,7,327041019,0,2046,10.9980,2044,2,0x36b69d8835,54,1824,0,2,10099,2046,10.9980,2044,2,10089
5111000,2048,7,7,0,327102459,7,327104507,0,2046,10.9980,2044,2,0xdbc5d455a9,71,1859,0,2,10101,2046,10.9980,2044,2,10091
5112000,2048,7,7,0,327167993,7,327170041,0,2044,10.9961,2040,2,0x25e47ec003,0,2,0,4,10105,2044,10.9961,2040,4,10095
5113000,2048,7,7,0,327231483,7,327233531,0,2046,10.9980,2044,2,0x3f894a3295,54,1826,0,2,10107,2046,10.9980,2044,2,10097
5114000,2048,7,7,0,327294971,7,327297019,0,2045,10.9971,2042,2,0x257f0bbcbd,67,1860,0,3,10110,2045,10.9971,2042,3,10100
5115000,2048,7,7,0,327358459,7,327360507,0,2041,10.9932,2034,2,0x6a0d0390d5,87,1819,0,7,10117,2041,10.9932,2034,7,10107
5116000,2048,7,7,0,327423993,7,327426041,0,2045,10.9971,2042,2,0x5f51eef97e,0,2,0,3,10120,2045,10.9971,2042,3,10110
5117000,2048,7,7,0,327487483,7,327489531,0,2043,10.9951,2038,2,0xe6e53069e9,70,1844,0,5,10125,2043,10.9951,2038,5,10115
5118000,2048,7,7,0,327550971,7,327553019,0,2043,10.9951,2038,2,0xde1e5c328c,71,1847,0,5,10130,2043,10.9951,2038,5,10120
5119000,2048,7,7,0,327614459,7,327616507,0,2046,10.9980,2044,2,0xbf8be591d4,56,1845,0,2,10132,2046,10.9980,2044,2,10122
5120000,2048,7,7,0,327679993,7,327682041,0,2046,10.9980,2044,2,0x3504657e55,0,1,0,2,10134,2046,10.9980,2044,2,10124
5121000,2048,7,7,0,327743483,7,327745531,0,2045,10.9971,2042,2,0x079ff77077,56,1841,0,3,10137,2045,10.9971,2042,3,10127
5122000,2048,7,7,0,327806971,7,327809019,0,2046,10.9980,2044,2,0x988e59cdbb,70,1838,0,2,10139,2046,10.9980,2044,2,10129
5123000,2048,7,7,0,327870459,7,327872507,0,2046,10.9980,2044,2,0x1595543da2,67,1871,0,2,10141,2046,10.9980,2044,2,10131
5124000,2048,7,7,0,327935993,7,327938041,0,2047,10.9990,2046,2,0x8e3c1243a0,0,1,0,1,10142,2047,10.9990,2046,1,10132
5125000,2048,7,7,0,327999483,7,328001531,0,2048,11.0000,2048,1,0xce7f41db84,70,1858,0,0,10142,2048,11.0000,2048,0,10132
5126000,2048,7,7,0,328062971,7,328065019,0,2045,10.9971,2042,2,0xe5931b5d13,79,1840,0,3,10145,2045,10.9971,2042,3,10135
5127000,2048,7,7,0,328126459,7,328128507,0,2047,10.9990,2046,2,0x93b6b1b5ef,56,1830,0,1,10146,2047,10.9990,2046,1,10136
5128000,2048,7,7,0,328191993,7,328194041,0,2045,10.9971,2042,2,0xe13b5d2b66,0,2,0,3,10149,2045,10.9971,2042,3,10139
5129000,2048,7,7,0,328255483,7,328257531,0,2045,10.9971,2042,2,0x7a1ad40d5d,65,1851,0,3,10152,2045,10.9971,2042,3,10142
5130000,2048,7,7,0,328318971,7,328321019,0,2046,10.9980,2044,2,0xa6dbee4ea1,58,1839,0,2,10154,2046,10.9980,2044,2,10144
5131000,2048,7,7,0,328382459,7,328384507,0,2048,11.0000,2048,1,0x822db75d1e,64,1846,0,0,10154,2048,11.0000,2048,0,10144
5132000,2048,7,7,0,328447993,7,328450041,0,2046,10.9980,2044,2,0x81cd5dd160,0,2,0,2,10156,2046,10.9980,2044,2,10146
5133000,2048,7,7,0,328511483,7,328513531,0,2046,10.9980,2044,2,0xf5d52efbeb,72,1817,0,2,10158,2046,10.9980,2044,2,10148
5134000,2048,7,7,0,328574971,7,328577019,0,2046,10.9980,2044,2,0x90620024b3,70,1858,0,2,10160,2046,10.9980,2044,2,10150
5135000,2048,7,7,0,328638459,7,328640507,0,2047,10.9990,2046,2,0x27626643af,55,1856,0,1,10161,2047,10.9990,2046,1,10151
5136000,2048,7,7,0,328703993,7,328706041,0,2048,11.0000,2048,1,0xfafb4c2791,0,2,0,0,10161,2048,11.0000,2048,0,10151
5137000,2048,7,7,0,328767483,7,328769531,0,2047,10.9990,2046,2,0x059e1256f7,71,1837,0,1,10162,2047,10.9990,2046,1,10152
5138000,2048,7,7,0,328830971,7,328833019,0,2048,11.0000,2048,1,0x5f21db59f0,66,1851,0,0,10162,2048,11.0000,2048,0,10152
5139000,2048,7,7,0,328894459,7,328896507,0,2046,10.9980,2044,2,0xd3c5940f27,50,1868,0,2,10164,2046,10.9980,2044,2,10154
5140000,2048,7,7,0,328959993,7,328962041,0,2047,10.9990,2046,2,0x126b8f2344,0,2,0,1,10165,2047,10.9990,2046,1,10155
5141000,2048,7,7,0,329023483,7,329025531,0,2044,10.9961,2040,2,0x29ada5da4a,65,1847,0,4,10169,2044,10.9961,2040,4,10159
5142000,2048,7,7,0,329086971,7,329089019,0,2046,10.9980,2044,2,0xf7fcd5be73,48,1859,0,2,10171,2046,10.9980,2044,2,10161
5143000,2048,7,7,0,329150459,7,329152507,0,2047,10.9990,2046,2,0x6621b44c44,52,1842,0,1,10172,2047,10.9990,2046,1,10162
5144000,2048,7,7,0,329215993,7,329218041,0,2045,10.9971,2042,2,0xd9bebd3538,1,2,0,3,10175,2045,10.9971,2042,3,10165
5145000,2048,7,7,0,329279483,7,329281531,0,2045,10.9971,2042,2,0x20c1ea4576,77,1853,0,3,10178,2045,10.9971,2042,3,10168
5146000,2048,7,7,0,329342971,7,329345019,0,2047,10.9990,2046,2,0x5a6b10a6b2,55,1849,0,1,10179,2047,10.9990,2046,1,10169
5147000,2048,7,7,0,329406459,7,329408507,0,2048,11.0000,2048,1,0xca1b2da227,60,1832,0,0,10179,2048,11.0000,2048,0,10169
5148000,2048,7,7,0,329471993,7,329474041,0,2047,10.9990,2046,2,0x28a1f1087d,0,1,0,1,10180,2047,10.9990,2046,1,10170
5149000,2048,7,7,0,329535483,7,329537531,0,2047,10.9990,2046,2,0x097f0f7007,57,1873,0,1,10181,2047,10.9990,2046,1,10171
5150000,2048,7,7,0,329598971,7,329601019,0,2044,10.9961,2040,2,0x57072b839b,61,1845,0,4,10185,2044,10.9961,2040,4,10175
5151000,2048,7,7,0,329662459,7,329664507,0,2045,10.9971,2042,2,0xfab1e4e0ae,66,1849,0,3,10188,2045,10.9971,2042,3,10178
5152000,2048,7,7,0,329727993,7,329730041,0,2048,11.0000,2048,1,0xc8599165a2,0,1,0,0,10188,2048,11.0000,2048,0,10178
5153000,2048,7,7,0,329791483,7,329793531,0,2044,10.9961,2040,2,0x2759925a6e,61,1859,0,4,10192,2044,10.9961,2040,4,10182
5154000,2048,7,7,0,329854971,7,329857019,0,2045,10.9971,2042,2,0xc810b8cad8,57,1863,0,3,10195,2045,10.9971,2042,3,10185
5155000,2048,7,7,0,329918459,7,329920507,0,2045,10.9971,2042,2,0x7edbbef366,68,1857,0,3,10198,2045,10.9971,2042,3,10188
5156000,2048,7,7,0,329983993,7,329986041,0,2047,10.9990,2046,2,0x1ad13345eb,0,2,0,1,10199,2047,10.9990,2046,1,10189
5157000,2048,7,7,0,330047483,7,330049531,0,2044,10.9961,2040,2,0x74e1fb3221,49,1853,0,4,10203,2044,10.9961,2040,4,10193
5158000,2048,7,7,0,330110971,7,330113019,0,2046,10.9980,2044,2,0x950807f0bb,68,1859,0,2,10205,2046,10.9980,2044,2,10195
5159000,2048,7,7,0,330174459,7,330176507,0,2047,10.9990,2046,2,0xbb0849faf9,69,1827,0,1,10206,2047,10.9990,2046,1,10196
5160000,2048,7,7,0,330239993,7,330242041,0,2047,10.9990,2046,2,0x825f009a05,0,1,0,1,10207,2047,10.9990,2046,1,10197
5161000,2048,7,7,0,330303483,7,330305531,0,2045,10.9971,2042,2,0x9ecc275910,76,1861,0,3,10210,2045,10.9971,2042,3,10200
5162000,2048,7,7,0,330366971,7,330369019,0,2046,10.9980,2044,2,0x8f4df2a84a,75,1860,0,2,10212,2046,10.9980,2044,2,10202
5163000,2048,7,7,0,330430459,7,330432507,0,2047,10.9990,2046,2,0xfaa564772e,57,1846,0,1,10213,2047,10.9990,2046,1,10203
5164000,2048,7,7,0,330495993,7,330498041,0,2044,10.9961,2040,2,0x52e6aadc11,0,1,0,4,10217,2044,10.9961,2040,4,10207
5165000,2048,7,7,0,330559483,7,330561531,0,2047,10.9990,2046,2,0xaf751e0397,74,1842,0,1,10218,2047,10.9990,2046,1,10208
5166000,2048,7,7,0,330622971,7,330625019,0,2047,10.9990,2046,2,0xb79de7a65e,44,1873,0,1,10219,2047,10.9990,2046,1,10209
5167000,2048,7,7,0,330686459,7,330688507,0,2046,10.9980,2044,2,0x6d6d332523,61,1860,0,2,10221,2046,10.9980,2044,2,10211
5168000,2048,7,7,0,330751993,7,330754041,0,2046,10.9980,2044,2,0x14bffae9ef,0,1,0,2,10223,2046,10.9980,2044,2,10213
5169000,2048,7,7,0,330815483,7,330817531,0,2044,10.9961,2040,2,0x9163240ee9,61,1818,0,4,10227,2044,10.9961,2040,4,10217
5170000,2048,7,7,0,330878971,7,330881019,0,2043,10.9951,2038,2,0x4961104412,56,1859,0,5,10232,2043,10.9951,2038,5,10222
5171000,2048,7,7,0,330942459,7,330944507,0,2047,10.9990,2046,2,0xedccc4eb92,71,1794,0,1,10233,2047,10.9990,2046,1,10223
5172000,2048,7,7,0,331007993,7,331010041,0,2046,10.9980,2044,2,0x1d1e7f0b77,0,2,0,2,10235,2046,10.9980,2044,2,10225
5173000,2048,7,7,0,331071483,7,331073531,0,2046,10.9980,2044,2,0xa9e6767f79,57,1844,0,2,10237,2046,10.9980,2044,2,10227
5174000,2048,7,7,0,331134971,7,331137019,0,2042,10.9941,2036,2,0x098af46db8,59,1848,0,6,10243,2042,10.9941,2036,6,10233
5175000,2048,7,7,0,331198459,7,331200507,0,2046,10.9980,2044,2,0x016283632d,64,1877,0,2,10245,2046,10.9980,2044,2,10235
5176000,2048,7,7,0,331263993,7,331266041,0,2045,10.9971,2042,2,0xb3d54a29bf,0,2,0,3,10248,2045,10.9971,2042,3,10238
5177000,2048,7,7,0,331327483,7,331329531,0,2045,10.9971,2042,2,0x9b3208f337,76,1862,0,3,10251,2045,10.9971,2042,3,10241
5178000,2048,7,7,0,331390971,7,331393019,0,2048,11.0000,2048,1,0x60adf53360,64,1830,0,0,10251,2048,11.0000,2048,0,10241
5179000,2048,7,7,0,331454459,7,331456507,0,2046,10.9980,2044,2,0x296bd1dbcc,68,1873,0,2,10253,2046,10.9980,2044,2,10243
5180000,2048,7,7,0,331519993,7,331522041,0,2045,10.9971,2042,2,0x0bed881dc8,0,1,0,3,10256,2045,10.9971,2042,3,10246
5181000,2048,7,7,0,331583483,7,331585531,0,2042,10.9941,2036,2,0x8d50e2d156,69,1855,0,6,10262,2042,10.9941,2036,6,10252
5182000,2048,7,7,0,331646971,7,331649019,0,2043,10.9951,2038,2,0xd50d1cc89a,82,1835,0,5,10267,2043,10.9951,2038,5,10257
5183000,2048,7,7,0,331710459,7,331712507,0,2048,11.0000,2048,1,0x3b5db0ab89,72,1862,0,0,10267,2048,11.0000,2048,0,10257
5184000,2048,7,7,0,331775993,7,331778041,0,2044,10.9961,2040,2,0x54da85ca0a,0,2,0,4,10271,2044,10.9961,2040,4,10261
5185000,2048,7,7,0,331839483,7,331841531,0,2046,10.9980,2044,2,0xec16b4e29d,61,1885,0,2,10273,2046,10.9980,2044,2,10263
5186000,2048,7,7,0,331902971,7,331905019,0,2045,10.9971,2042,2,0x626d34d4ba,66,1835,0,3,10276,2045,10.9971,2042,3,10266
5187000,2048,7,7,0,331966459,7,331968507,0,2047,10.9990,2046,2,0x7d9aa743ad,67,1827,0,1,10277,2047,10.9990,2046,1,10267
5188000,2048,7,7,0,332031993,7,332034041,0,2048,11.0000,2048,1,0xd5e1d27c14,0,1,0,0,10277,2048,11.0000,2048,0,10267
5189000,2048,7,7,0,332095483,7,332097531,0,2046,10.9980,2044,2,0xb566d37dbd,48,1832,0,2,10279,2046,10.9980,2044,2,10269
5190000,2048,7,7,0,332158971,7,332161019,0,2043,10.9951,2038,2,0xa2d131d3e9,68,1844,0,5,10284,2043,10.9951,2038,5,10274
5191000,2048,7,7,0,332222459,7,332224507,0,2047,10.9990,2046,2,0xc76c42b565,56,1859,0,1,10285,2047,10.9990,2046,1,10275
5192000,2048,7,7,0,332287993,7,332290041,0,2048,11.0000,2048,1,0x03a5da75f0,1,2,0,0,10285,2048,11.0000,2048,0,10275
5193000,2048,7,7,0,332351483,7,332353531,0,2046,10.9980,2044,2,0x26b6a8042b,58,1830,0,2,10287,2046,10.9980,2044,2,10277
5194000,2048,7,7,0,332414971,7,332417019,0,2045,10.9971,2042,2,0xe1c7c1a8a0,77,1838,0,3,10290,2045,10.9971,2042,3,10280
5195000,2048,7,7,0,332478459,7,332480507,0,2046,10.9980,2044,2,0xc99a793b6d,71,1834,0,2,10292,2046,10.9980,2044,2,10282
5196000,2048,7,7,0,332543993,7,332546041,0,2046,10.9980,2044,2,0x9fbf504daf,0,2,0,2,10294,2046,10.9980,2044,2,10284
5197000,2048,7,7,0,332607483,7,332609531,0,2043,10.9951,2038,2,0xcdfcfff68c,60,1862,0,5,10299,2043,10.9951,2038,5,10289
5198000,2048,7,7,0,332670971,7,332673019,0,2043,10.9951,2038,2,0x6ea4d8ec08,90,1847,0,5,10304,2043,10.9951,2038,5,10294
5199000,2048,7,7,0,332734459,7,332736507,0,2048,11.0000,2048,1,0x9b5ca17b63,62,1850,0,0,10304,2048,11.0000,2048,0,10294
5200000,2048,7,7,0,332799993,7,332802041,0,2047,10.9990,2046,2,0x5384a2e354,0,2,0,1,10305,2047,10.9990,2046,1,10295
5201000,2048,7,7,0,332863483,7,332865531,0,2047,10.9990,2046,2,0x5d7bb73e61,59,1851,0,1,10306,2047,10.9990,2046,1,10296
5202000,2048,7,7,0,332926971,7,332929019,0,2047,10.9990,2046,2,0x2c883ef2c9,66,1851,0,1,10307,2047,10.9990,2046,1,10297
5203000,2048,7,7,0,332990459,7,332992507,0,2047,10.9990,2046,2,0x29f6fea422,67,1818,0,1,10308,2047,10.9990,2046,1,10298
5204000,2048,7,7,0,333055993,7,333058041,0,2045,10.9971,2042,2,0xe1c40c9666,0,2,0,3,10311,2045,10.9971,2042,3,10301
5205000,2048,7,7,0,333119483,7,333121531,0,2047,10.9990,2046,2,0x0be3bd638b,77,1856,0,1,10312,2047,10.9990,2046,1,10302
5206000,2048,7,7,0,333182971,7,333185019,0,2046,10.9980,2044,2,0xdaced97136,74,1849,0,2,10314,2046,10.9980,2044,2,10304
5207000,2048,7,7,0,333246459,7,333248507,0,2048,11.0000,2048,1,0x14e305a2b1,61,1891,0,0,10314,2048,11.0000,2048,0,10304
5208000,2048,7,7,0,333311993,7,333314041,0,2047,10.9990,2046,2,0x62742d2805,0,2,0,1,10315,2047,10.9990,2046,1,10305
5209000,2048,7,7,0,333375483,7,333377531,0,2047,10.9990,2046,2,0xb184ec81f9,79,1827,0,1,10316,2047,10.9990,2046,1,10306
5210000,2048,7,7,0,333438971,7,333441019,0,2044,10.9961,2040,2,0x4d33c27d27,64,1858,0,4,10320,2044,10.9961,2040,4,10310
5211000,2048,7,7,0,333502459,7,333504507,0,2047,10.9990,2046,2,0x848480a2c4,68,1856,0,1,10321,2047,10.9990,2046,1,10311
5212000,2048,7,7,0,333567993,7,333570041,0,2044,10.9961,2040,2,0xc9c1c30ba8,0,2,0,4,10325,2044,10.9961,2040,4,10315
5213000,2048,7,7,0,333631483,7,333633531,0,2045,10.9971,2042,2,0xaf87823266,55,1859,0,3,10328,2045,10.9971,2042,3,10318
5214000,2048,7,7,0,333694971,7,333697019,0,2046,10.9980,2044,2,0x1f5641f6b5,63,1839,0,2,10330,2046,10.9980,2044,2,10320
5215000,2048,7,7,0,333758459,7,333760507,0,2046,10.9980,2044,2,0x5860b1d2f4,64,1838,0,2,10332,2046,10.9980,2044,2,10322
5216000,2048,7,7,0,333823993,7,333826041,0,2047,10.9990,2046,2,0xc08a641030,0,2,0,1,10333,2047,10.9990,2046,1,10323
5217000,2048,7,7,0,333887483,7,333889531,0,2048,11.0000,2048,1,0xb8294e9566,64,1847,0,0,10333,2048,11.0000,2048,0,10323
5218000,2048,7,7,0,333950971,7,333953019,0,2046,10.9980,2044,2,0x5dbcc0e32e,59,1857,0,2,10335,2046,10.9980,2044,2,10325
5219000,2048,7,7,0,334014459,7,334016507,0,2047,10.9990,2046,2,0x90e37b06b1,64,1859,0,1,10336,2047,10.9990,2046,1,10326
5220000,2048,7,7,0,334079993,7,334082041,0,2048,11.0000,2048,1,0xf683cadd23,0,2,0,0,10336,2048,11.0000,2048,0,10326
5221000,2048,7,7,0,334143483,7,334145531,0,2042,10.9941,2036,2,0x3a25d36cd9,60,1873,0,6,10342,2042,10.9941,2036,6,10332
5222000,2048,7,7,0,334206971,7,334209019,0,2046,10.9980,2044,2,0x006cea5741,67,1841,0,2,10344,2046,10.9980,2044,2,10334
5223000,2048,7,7,0,334270459,7,334272507,0,2044,10.9961,2040,2,0xdd86813ce0,57,1869,0,4,10348,2044,10.9961,2040,4,10338
5224000,2048,7,7,0,334335993,7,334338041,0,2045,10.9971,2042,2,0xbd77adf7bf,0,2,0,3,10351,2045,10.9971,2042,3,10341
5225000,2048,7,7,0,334399483,7,334401531,0,2046,10.9980,2044,2,0xc614f8817a,75,1867,0,2,10353,2046,10.9980,2044,2,10343
5226000,2048,7,7,0,334462971,7,334465019,0,2046,10.9980,2044,2,0x2eaba982e6,58,1837,0,2,10355,2046,10.9980,2044,2,10345
5227000,2048,7,7,0,334526459,7,334528507,0,2045,10.9971,2042,2,0x912a83d073,53,1827,0,3,10358,2045,10.9971,2042,3,10348
5228000,2048,7,7,0,334591993,7,334594041,0,2043,10.9951,2038,2,0xf64df9a734,0,2,0,5,10363,2043,10.9951,2038,5,10353
5229000,2048,7,7,0,334655483,7,334657531,0,2046,10.9980,2044,2,0x740f4963ce,69,1852,0,2,10365,2046,10.9980,2044,2,10355
5230000,2048,7,7,0,334718971,7,334721019,0,2047,10.9990,2046,2,0xc56da5b168,60,1859,0,1,10366,2047,10.9990,2046,1,10356
5231000,2048,7,7,0,334782459,7,334784507,0,2047,10.9990,2046,2,0xbd5a25b6a2,62,1850,0,1,10367,2047,10.9990,2046,1,10357
5232000,2048,7,7,0,334847993,7,334850041,0,2045,10.9971,2042,2,0xe06c3dcb3a,0,2,0,3,10370,2045,10.9971,2042,3,10360
5233000,2048,7,7,0,334911483,7,334913531,0,2047,10.9990,2046,2,0x9e9903e6a4,53,1849,0,1,10371,2047,10.9990,2046,1,10361
5234000,2048,7,7,0,334974971,7,334977019,0,2047,10.9990,2046,2,0x96fcbec51d,59,1858,0,1,10372,2047,10.9990,2046,1,10362
5235000,2048,7,7,0,335038459,7,335040507,0,2046,10.9980,2044,2,0x2d3d66000d,74,1844,0,2,10374,2046,10.9980,2044,2,10364
5236000,2048,7,7,0,335103993,7,335106041,0,2045,10.9971,2042,2,0x2e1407a88c,0,2,0,3,10377,2045,10.9971,2042,3,10367
5237000,2048,7,7,0,335167483,7,335169531,0,2046,10.9980,2044,2,0x4d5325ad47,68,1833,0,2,10379,2046,10.9980,2044,2,10369
5238000,2048,7,7,0,335230971,7,335233019,0,2048,11.0000,2048,1,0x9e69109993,73,1863,0,0,10379,2048,11.0000,2048,0,10369
5239000,2048,7,7,0,335294459,7,335296507,0,2047,10.9990,2046,2,0xa3765cc07c,67,1829,0,1,10380,2047,10.9990,2046,1,10370
5240000,2048,7,7,0,335359993,7,335362041,0,2044,10.9961,2040,2,0x1184a02017,0,2,0,4,10384,2044,10.9961,2040,4,10374
5241000,2048,7,7,0,335423483,7,335425531,0,2044,10.9961,2040,2,0xccc09687b1,62,1857,0,4,10388,2044,10.9961,2040,4,10378
5242000,2048,7,7,0,335486971,7,335489019,0,2045,10.9971,2042,2,0xace06267a3,66,1855,0,3,10391,2045,10.9971,2042,3,10381
5243000,2048,7,7,0,335550459,7,335552507,0,2047,10.9990,2046,2,0x770ca47540,76,1865,0,1,10392,2047,10.9990,2046,1,10382
5244000,2048,7,7,0,335615993,7,335618041,0,2047,10.9990,2046,2,0x77453abe66,0,2,0,1,10393,2047,10.9990,2046,1,10383
5245000,2048,7,7,0,335679483,7,335681531,0,2046,10.9980,2044,2,0x66520b459f,63,1834,0,2,10395,2046,10.9980,2044,2,10385
5246000,2048,7,7,0,335742971,7,335745019,0,2048,11.0000,2048,1,0x9945dfdd68,58,1854,0,0,10395,2048,11.0000,2048,0,10385
5247000,2048,7,7,0,335806459,7,335808507,0,2047,10.9990,2046,2,0xdfacbf3700,71,1873,0,1,10396,2047,10.9990,2046,1,10386
5248000,2048,7,7,0,335871993,7,335874041,0,2045,10.9971,2042,2,0x65e3c5a55e,0,2,0,3,10399,2045,10.9971,2042,3,10389
5249000,2048,7,7,0,335935483,7,335937531,0,2046,10.9980,2044,2,0xbc8ca5e46f,69,1850,0,2,10401,2046,10.9980,2044,2,10391
5250000,2048,7,7,0,335998971,7,336001019,0,2046,10.9980,2044,2,0x8f8a9765a3,68,1868,0,2,10403,2046,10.9980,2044,2,10393
5251000,2048,7,7,0,336062459,7,336064507,0,2047,10.9990,2046,2,0xc5e204be4f,66,1849,0,1,10404,2047,10.9990,2046,1,10394
5252000,2048,7,7,0,336127993,7,336130041,0,2047,10.9990,2046,2,0xb1f349a308,0,1,0,1,10405,2047,10.9990,2046,1,10395
5253000,2048,7,7,0,336191483,7,336193531,0,2045,10.9971,2042,2,0xbf97c6835d,63,1825,0,3,10408,2045,10.9971,2042,3,10398
5254000,2048,7,7,0,336254971,7,336257019,0,2044,10.9961,2040,2,0x43ffc042b0,60,1822,0,4,10412,2044,10.9961,2040,4,10402
5255000,2048,7,7,0,336318459,7,336320507,0,2047,10.9990,2046,2,0x12b93ddcb1,76,1849,0,1,10413,2047,10.9990,2046,1,10403
5256000,2048,7,7,0,336383993,7,336386041,0,2044,10.9961,2040,2,0xaa8a6b8194,0,2,0,4,10417,2044,10.9961,2040,4,10407
5257000,2048,7,7,0,336447483,7,336449531,0,2048,11.0000,2048,1,0x16873fd048,54,1846,0,0,10417,2048,11.0000,2048,0,10407
5258000,2048,7,7,0,336510971,7,336513019,0,2046,10.9980,2044,2,0x7055abc458,60,1827,0,2,10419,2046,10.9980,2044,2,10409
5259000,2048,7,7,0,336574459,7,336576507,0,2045,10.9971,2042,2,0x3bcd829dad,65,1839,0,3,10422,2045,10.9971,2042,3,10412
5260000,2048,7,7,0,336639993,7,336642041,0,2042,10.9941,2036,2,0x536773f734,0,2,0,6,10428,2042,10.9941,2036,6,10418
5261000,2048,7,7,0,336703483,7,336705531,0,2045,10.9971,2042,2,0xf7f5314f64,65,1860,0,3,10431,2045,10.9971,2042,3,10421
5262000,2048,7,7,0,336766971,7,336769019,0,2045,10.9971,2042,2,0x70257f72d7,65,1856,0,3,10434,2045,10.9971,2042,3,10424
5263000,2048,7,7,0,336830459,7,336832507,0,2046,10.9980,2044,2,0xa13cc9ddd8,59,1850,0,2,10436,2046,10.9980,2044,2,10426
5264000,2048,7,7,0,336895993,7,336898041,0,2048,11.0000,2048,1,0xbe8206b2bf,0,1,0,0,10436,2048,11.0000,2048,0,10426
5265000,2048,7,7,0,336959483,7,336961531,0,2044,10.9961,2040,2,0x7fcb984db0,64,1853,0,4,10440,2044,10.9961,2040,4,10430
5266000,2048,7,7,0,337022971,7,337025019,0,2045,10.9971,2042,2,0xbac400bcd9,59,1851,0,3,10443,2045,10.9971,2042,3,10433
5267000,2048,7,7,0,337086459,7,337088507,0,2047,10.9990,2046,2,0x3b24abe26f,65,1851,0,1,10444,2047,10.9990,2046,1,10434
5268000,2048,7,7,0,337151993,7,337154041,0,2048,11.0000,2048,1,0x3a91348a54,0,2,0,0,10444,2048,11.0000,2048,0,10434
5269000,2048,7,7,0,337215483,7,337217531,0,2044,10.9961,2040,2,0x727e2c9667,68,1824,0,4,10448,2044,10.9961,2040,4,10438
5270000,2048,7,7,0,337278971,7,337281019,0,2047,10.9990,2046,2,0x1efed25633,49,1838,0,1,10449,2047,10.9990,2046,1,10439
5271000,2048,7,7,0,337342459,7,337344507,0,2046,10.9980,2044,2,0x89116546d6,66,1845,0,2,10451,2046,10.9980,2044,2,10441
5272000,2048,7,7,0,337407993,7,337410041,0,2046,10.9980,2044,2,0x0b9dfd13ab,0,2,0,2,10453,2046,10.9980,2044,2,10443
5273000,2048,7,7,0,337471483,7,337473531,0,2047,10.9990,2046,2,0xdb9924cf17,58,1841,0,1,10454,2047,10.9990,2046,1,10444
5274000,2048,7,7,0,337534971,7,337537019,0,2047,10.9990,2046,2,0x9791eae006,61,1836,0,1,10455,2047,10.9990,2046,1,10445
5275000,2048,7,7,0,337598459,7,337600507,0,2044,10.9961,2040,2,0x32f4974e8a,56,1864,0,4,10459,2044,10.9961,2040,4,10449
5276000,2048,7,7,0,337663993,7,337666041,0,2046,10.9980,2044,2,0x1ac635cfa7,0,2,0,2,10461,2046,10.9980,2044,2,10451
5277000,2048,7,7,0,337727483,7,337729531,0,2047,10.9990,2046,2,0xbfae549f94,76,1871,0,1,10462,2047,10.9990,2046,1,10452
5278000,2048,7,7,0,337790971,7,337793019,0,2045,10.9971,2042,2,0x2d0fec31bf,72,1857,0,3,10465,2045,10.9971,2042,3,10455
5279000,2048,7,7,0,337854459,7,337856507,0,2046,10.9980,2044,2,0xd2fe0b06bf,66,1838,0,2,10467,2046,10.9980,2044,2,10457
5280000,2048,7,7,0,337919993,7,337922041,0,2048,11.0000,2048,1,0x52dc2f85de,0,1,0,0,10467,2048,11.0000,2048,0,10457
5281000,2048,7,7,0,337983483,7,337985531,0,2044,10.9961,2040,2,0xe8db5fa569,95,1838,0,4,10471,2044,10.9961,2040,4,10461
5282000,2048,7,7,0,338046971,7,338049019,0,2044,10.9961,2040,2,0xce42796793,62,1828,0,4,10475,2044,10.9961,2040,4,10465
5283000,2048,7,7,0,338110459,7,338112507,0,2046,10.9980,2044,2,0xd0c8a1a3cc,54,1848,0,2,10477,2046,10.9980,2044,2,10467
5284000,2048,7,7,0,338175993,7,338178041,0,2045,10.9971,2042,2,0xd58f62767c,0,2,0,3,10480,2045,10.9971,2042,3,10470
5285000,2048,7,7,0,338239483,7,338241531,0,2047,10.9990,2046,2,0x9879632967,69,1849,0,1,10481,2047,10.9990,2046,1,10471
5286000,2048,7,7,0,338302971,7,338305019,0,2047,10.9990,2046,2,0x6a3451d7dc,85,1831,0,1,10482,2047,10.9990,2046,1,10472
5287000,2048,7,7,0,338366459,7,338368507,0,2047,10.9990,2046,2,0x34d59cf6da,60,1835,0,1,10483,2047,10.9990,2046,1,10473
5288000,2048,7,7,0,338431993,7,338434041,0,2048,11.0000,2048,1,0x9e03952fd9,0,2,0,0,10483,2048,11.0000,2048,0,10473
5289000,2048,7,7,0,338495483,7,338497531,0,2043,10.9951,2038,2,0xde9bbff9b7,57,1868,0,5,10488,2043,10.9951,2038,5,10478
5290000,2048,7,7,0,338558971,7,338561019,0,2045,10.9971,2042,2,0x0ac200178c,67,1842,0,3,10491,2045,10.9971,2042,3,10481
5291000,2048,7,7,0,338622459,7,338624507,0,2047,10.9990,2046,2,0x48f0d26d50,43,1857,0,1,10492,2047,10.9990,2046,1,10482
5292000,2048,7,7,0,338687993,7,338690041,0,2047,10.9990,2046,2,0xc279610b99,0,2,0,1,10493,2047,10.9990,2046,1,10483
5293000,2048,7,7,0,338751483,7,338753531,0,2045,10.9971,2042,2,0xcaa98e1ffc,71,1873,0,3,10496,2045,10.9971,2042,3,10486
5294000,2048,7,7,0,338814971,7,338817019,0,2046,10.9980,2044,2,0xd0ab06fa5e,87,1847,0,2,10498,2046,10.9980,2044,2,10488
5295000,2048,7,7,0,338878459,7,338880507,0,2045,10.9971,2042,2,0x9d630f6bd5,63,1852,0,3,10501,2045,10.9971,2042,3,10491
5296000,2048,7,7,0,338943993,7,338946041,0,2046,10.9980,2044,2,0x51326f4cf1,0,2,0,2,10503,2046,10.9980,2044,2,10493
5297000,2048,7,7,0,339007483,7,339009531,0,2047,10.9990,2046,2,0x804a882d7f,58,1858,0,1,10504,2047,10.9990,2046,1,10494
5298000,2048,7,7,0,339070971,7,339073019,0,2045,10.9971,2042,2,0x4734881221,47,1848,0,3,10507,2045,10.9971,2042,3,10497
5299000,2048,7,7,0,339134459,7,339136507,0,2044,10.9961,2040,2,0xfb73241e7c,61,1836,0,4,10511,2044,10.9961,2040,4,10501
5300000,2048,7,7,0,339199993,7,339202041,0,2047,10.9990,2046,2,0x2bb1d5bdc6,0,2,0,1,10512,2047,10.9990,2046,1,10502
5301000,2048,7,7,0,339263483,7,339265531,0,2047,10.9990,2046,2,0xef348e0951,77,1861,0,1,10513,2047,10.9990,2046,1,10503
5302000,2048,7,7,0,339326971,7,339329019,0,2046,10.9980,2044,2,0x504c0c431a,54,1855,0,2,10515,2046,10.9980,2044,2,10505
5303000,2048,7,7,0,339390459,7,339392507,0,2044,10.9961,2040,2,0xeac5e67db6,52,1841,0,4,10519,2044,10.9961,2040,4,10509
5304000,2048,7,7,0,339455993,7,339458041,0,2045,10.9971,2042,2,0x61b98a6634,0,2,0,3,10522,2045,10.9971,2042,3,10512
5305000,2048,7,7,0,339519483,7,339521531,0,2047,10.9990,2046,2,0x1932ea48c4,63,1829,0,1,10523,2047,10.9990,2046,1,10513
5306000,2048,7,7,0,339582971,7,339585019,0,2045,10.9971,2042,2,0x1fe281ba81,64,1843,0,3,10526,2045,10.9971,2042,3,10516
5307000,2048,7,7,0,339646459,7,339648507,0,2046,10.9980,2044,2,0xb92aac0444,62,1823,0,2,10528,2046,10.9980,2044,2,10518
5308000,2048,7,7,0,339711993,7,339714041,0,2048,11.0000,2048,1,0x385b38b793,0,2,0,0,10528,2048,11.0000,2048,0,10518
5309000,2048,7,7,0,339775483,7,339777531,0,2046,10.9980,2044,2,0x2b8cb4b284,56,1822,0,2,10530,2046,10.9980,2044,2,10520
5310000,2048,7,7,0,339838971,7,339841019,0,2047,10.9990,2046,2,0xde266e5436,65,1854,0,1,10531,2047,10.9990,2046,1,10521
5311000,2048,7,7,0,339902459,7,339904507,0,2047,10.9990,2046,2,0xf45d32a057,63,1847,0,1,10532,2047,10.9990,2046,1,10522
5312000,2048,7,7,0,339967993,7,339970041,0,2047,10.9990,2046,2,0xa8d0150fcd,0,2,0,1,10533,2047,10.9990,2046,1,10523
5313000,2048,7,7,0,340031483,7,340033531,0,2045,10.9971,2042,2,0x7ed3a3aa5f,57,1842,0,3,10536,2045,10.9971,2042,3,10526
5314000,2048,7,7,0,340094971,7,340097019,0,2046,10.9980,2044,2,0xaa396e0c84,71,1863,0,2,10538,2046,10.9980,2044,2,10528
5315000,2048,7,7,0,340158459,7,340160507,0,2046,10.9980,2044,2,0xed6543bd8d,64,1843,0,2,10540,2046,10.9980,2044,2,10530
5316000,2048,7,7,0,340223993,7,340226041,0,2047,10.9990,2046,2,0xadc6f962b6,0,2,0,1,10541,2047,10.9990,2046,1,10531
5317000,2048,7,7,0,340287483,7,340289531,0,2047,10.9990,2046,2,0xc602ccd7f8,70,1832,0,1,10542,2047,10.9990,2046,1,10532
5318000,2048,7,7,0,340350971,7,340353019,0,2045,10.9971,2042,2,0x1f6e090075,63,1847,0,3,10545,2045,10.9971,2042,3,10535
5319000,2048,7,7,0,340414459,7,340416507,0,2047,10.9990,2046,2,0x471d0430a7,52,1861,0,1,10546,2047,10.9990,2046,1,10536
5320000,2048,7,7,0,340479993,7,340482041,0,2045,10.9971,2042,2,0xb0bae59eec,0,1,0,3,10549,2045,10.9971,2042,3,10539
5321000,2048,7,7,0,340543483,7,340545531,0,2044,10.9961,2040,2,0xa41b99d01a,64,1853,0,4,10553,2044,10.9961,2040,4,10543
5322000,2048,7,7,0,340606971,7,340609019,0,2044,10.9961,2040,2,0x5f05efee8f,70,1849,0,4,10557,2044,10.9961,2040,4,10547
5323000,2048,7,7,0,340670459,7,340672507,0,2046,10.9980,2044,2,0x086b912104,65,1847,0,2,10559,2046,10.9980,2044,2,10549
5324000,2048,7,7,0,340735993,7,340738041,0,2046,10.9980,2044,2,0xceb6d94068,0,2,0,2,10561,2046,10.9980,2044,2,10551
5325000,2048,7,7,0,340799483,7,340801531,0,2045,10.9971,2042,2,0xda6b3de27e,67,1867,0,3,10564,2046,10.9980,2044,2,10553
5326000,2048,7,7,0,340862971,7,340865019,0,2047,10.9990,2046,2,0xc57c87b762,57,1866,0,1,10565,2047,10.9990,2046,1,10554
5327000,2048,7,7,0,340926459,7,340928507,0,2045,10.9971,2042,2,0x4da1ab9aef,79,1841,0,3,10568,2045,10.9971,2042,3,10557
5328000,2048,7,7,0,340991993,7,340994041,0,2045,10.9971,2042,2,0x4b02f4065a,1,2,0,3,10571,2045,10.9971,2042,3,10560
5329000,2048,7,7,0,341055483,7,341057531,0,2045,10.9971,2042,2,0x44e64d0e10,73,1851,0,3,10574,2045,10.9971,2042,3,10563
5330000,2048,7,7,0,341118971,7,341121019,0,2046,10.9980,2044,2,0x0abc0f30cb,53,1854,0,2,10576,2046,10.9980,2044,2,10565
5331000,2048,7,7,0,341182459,7,341184507,0,2048,11.0000,2048,1,0x65f063ca38,82,1858,0,0,10576,2048,11.0000,2048,0,10565
5332000,2048,7,7,0,341247993,7,341250041,0,2046,10.9980,2044,2,0x204e60bef6,0,2,0,2,10578,2046,10.9980,2044,2,10567
5333000,2048,7,7,0,341311483,7,341313531,0,2045,10.9971,2042,2,0x3d61f4bca2,55,1840,0,3,10581,2045,10.9971,2042,3,10570
5334000,2048,7,7,0,341374971,7,341377019,0,2046,10.9980,2044,2,0x41aac7b62b,54,1833,0,2,10583,2046,10.9980,2044,2,10572
5335000,2048,7,7,0,341438459,7,341440507,0,2043,10.9951,2038,2,0x1b8174e586,65,1823,0,5,10588,2043,10.9951,2038,5,10577
5336000,2048,7,7,0,341503993,7,341506041,0,2044,10.9961,2040,2,0x55dd2a23c9,0,0,0,4,10592,2044,10.9961,2040,4,10581
5337000,2048,7,7,0,341567483,7,341569531,0,2046,10.9980,2044,2,0x2fbab326ca,58,1846,0,2,10594,2046,10.9980,2044,2,10583
5338000,2048,7,7,0,341630971,7,341633019,0,2045,10.9971,2042,2,0x3c1fe8b3cc,69,1852,0,3,10597,2045,10.9971,2042,3,10586
5339000,2048,7,7,0,341694459,7,341696507,0,2045,10.9971,2042,2,0xf4ae881c25,66,1857,0,3,10600,2045,10.9971,2042,3,10589
5340000,2048,7,7,0,341759993,7,341762041,0,2044,10.9961,2040,2,0xa1837d69d7,0,2,0,4,10604,2044,10.9961,2040,4,10593
5341000,2048,7,7,0,341823483,7,341825531,0,2045,10.9971,2042,2,0xc00a123726,60,1856,0,3,10607,2045,10.9971,2042,3,10596
5342000,2048,7,7,0,341886971,7,341889019,0,2044,10.9961,2040,2,0xaefea46d9d,70,1815,0,4,10611,2044,10.9961,2040,4,10600
5343000,2048,7,7,0,341950459,7,341952507,0,2047,10.9990,2046,2,0x02ab02c7f8,62,1849,0,1,10612,2047,10.9990,2046,1,10601
5344000,2048,7,7,0,342015993,7,342018041,0,2046,10.9980,2044,2,0xfbe113933c,0,2,0,2,10614,2046,10.9980,2044,2,10603
5345000,2048,7,7,0,342079483,7,342081531,0,2046,10.9980,2044,2,0xf5eeaf6861,52,1837,0,2,10616,2046,10.9980,2044,2,10605
5346000,2048,7,7,0,342142971,7,342145019,0,2045,10.9971,2042,2,0x0ebe7456fd,59,1864,0,3,10619,2045,10.9971,2042,3,10608
5347000,2048,7,7,0,342206459,7,342208507,0,2046,10.9980,2044,2,0xfe73d05c01,69,1852,0,2,10621,2046,10.9980,2044,2,10610
5348000,2048,7,7,0,342271993,7,342274041,0,2047,10.9990,2046,2,0xd127e87368,0,2,0,1,10622,2047,10.9990,2046,1,10611
5349000,2048,7,7,0,342335483,7,342337531,0,2047,10.9990,2046,2,0xfd97ed769b,65,1844,0,1,10623,2047,10.9990,2046,1,10612
5350000,2048,7,7,0,342398971,7,342401019,0,2046,10.9980,2044,2,0x0ae71b5c62,74,1865,0,2,10625,2046,10.9980,2044,2,10614
5351000,2048,7,7,0,342462459,7,342464507,0,2045,10.9971,2042,2,0x2727cba339,51,1834,0,3,10628,2045,10.9971,2042,3,10617
5352000,2048,7,7,0,342527993,7,342530041,0,2045,10.9971,2042,2,0x14f013377e,0,2,0,3,10631,2045,10.9971,2042,3,10620
5353000,2048,7,7,0,342591483,7,342593531,0,2045,10.9971,2042,2,0xe058ee7514,64,1858,0,3,10634,2045,10.9971,2042,3,10623
5354000,2048,7,7,0,342654971,7,342657019,0,2047,10.9990,2046,2,0x95d09ea74b,65,1863,0,1,10635,2047,10.9990,2046,1,10624
5355000,2048,7,7,0,342718459,7,342720507,0,2046,10.9980,2044,2,0xd169d198ae,56,1859,0,2,10637,2046,10.9980,2044,2,10626
5356000,2048,7,7,0,342783993,7,342786041,0,2044,10.9961,2040,2,0x3b9b2d6b0b,0,2,0,4,10641,2044,10.9961,2040,4,10630
5357000,2048,7,7,0,342847483,7,342849531,0,2044,10.9961,2040,2,0x9cb8a84e7f,69,1857,0,4,10645,2044,10.9961,2040,4,10634
5358000,2048,7,7,0,342910971,7,342913019,0,2044,10.9961,2040,2,0x6a4f1d954b,61,1875,0,4,10649,2044,10.9961,2040,4,10638
5359000,2048,7,7,0,342974459,7,342976507,0,2046,10.9980,2044,2,0xd4cb8998ca,66,1852,0,2,10651,2046,10.9980,2044,2,10640
5360000,2048,7,7,0,343039993,7,343042041,0,2047,10.9990,2046,2,0x00ee146e62,0,1,0,1,10652,2047,10.9990,2046,1,10641
5361000,2048,7,7,0,343103483,7,343105531,0,2046,10.9980,2044,2,0x2d79589f92,59,1846,0,2,10654,2046,10.9980,2044,2,10643
5362000,2048,7,7,0,343166971,7,343169019,0,2048,11.0000,2048,1,0x1cc8aae024,63,1826,0,0,10654,2048,11.0000,2048,0,10643
5363000,2048,7,7,0,343230459,7,343232507,0,2046,10.9980,2044,2,0xdf97b6e85f,54,1823,0,2,10656,2046,10.9980,2044,2,10645
5364000,2048,7,7,0,343295993,7,343298041,0,2048,11.0000,2048,1,0xfb18af7c00,0,1,0,0,10656,2048,11.0000,2048,0,10645
5365000,2048,7,7,0,343359483,7,343361531,0,2047,10.9990,2046,2,0xe6c45e8e12,50,1839,0,1,10657,2047,10.9990,2046,1,10646
5366000,2048,7,7,0,343422971,7,343425019,0,2046,10.9980,2044,2,0xed00e78a93,83,1858,0,2,10659,2046,10.9980,2044,2,10648
5367000,2048,7,7,0,343486459,7,343488507,0,2048,11.0000,2048,1,0x3567a63eca,66,1843,0,0,10659,2048,11.0000,2048,0,10648
5368000,2048,7,7,0,343551993,7,343554041,0,2047,10.9990,2046,2,0xb5a836eac6,0,2,0,1,10660,2047,10.9990,2046,1,10649
5369000,2048,7,7,0,343615483,7,343617531,0,2047,10.9990,2046,2,0xef30528660,80,1853,0,1,10661,2047,10.9990,2046,1,10650
5370000,2048,7,7,0,343678971,7,343681019,0,2048,11.0000,2048,1,0x57ff4c4062,67,1861,0,0,10661,2048,11.0000,2048,0,10650
5371000,2048,7,7,0,343742459,7,343744507,0,2045,10.9971,2042,2,0x252b2e0143,70,1865,0,3,10664,2045,10.9971,2042,3,10653
5372000,2048,7,7,0,343807993,7,343810041,0,2047,10.9990,2046,2,0x57555dfec6,0,2,0,1,10665,2047,10.9990,2046,1,10654
5373000,2048,7,7,0,343871483,7,343873531,0,2045,10.9971,2042,2,0xd3e82c0820,72,1853,0,3,10668,2045,10.9971,2042,3,10657
5374000,2048,7,7,0,343934971,7,343937019,0,2046,10.9980,2044,2,0xf9fe8220f6,55,1857,0,2,10670,2046,10.9980,2044,2,10659
5375000,2048,7,7,0,343998459,7,344000507,0,2047,10.9990,2046,2,0xaaee6d8f68,32,1867,0,1,10671,2047,10.9990,2046,1,10660
5376000,2048,7,7,0,344063993,7,344066041,0,2045,10.9971,2042,2,0xbcddd45a0e,0,2,0,3,10674,2045,10.9971,2042,3,10663
5377000,2048,7,7,0,344127483,7,344129531,0,2047,10.9990,2046,2,0x837505c8e1,71,1852,0,1,10675,2047,10.9990,2046,1,10664
5378000,2048,7,7,0,344190971,7,344193019,0,2046,10.9980,2044,2,0xb19af52e65,55,1857,0,2,10677,2046,10.9980,2044,2,10666
5379000,2048,7,7,0,344254459,7,344256507,0,2044,10.9961,2040,2,0x983a58a7b9,73,1852,0,4,10681,2044,10.9961,2040,4,10670
5380000,2048,7,7,0,344319993,7,344322041,0,2048,11.0000,2048,1,0xeca5670a69,0,1,0,0,10681,2048,11.0000,2048,0,10670
5381000,2048,7,7,0,344383483,7,344385531,0,2048,11.0000,2048,1,0x8551c1de89,57,1851,0,0,10681,2048,11.0000,2048,0,10670
5382000,2048,7,7,0,344446971,7,344449019,0,2045,10.9971,2042,2,0xa7f4f3229c,75,1848,0,3,10684,2045,10.9971,2042,3,10673
5383000,2048,7,7,0,344510459,7,344512507,0,2045,10.9971,2042,2,0x67dea59590,74,1858,0,3,10687,2045,10.9971,2042,3,10676
5384000,2048,7,7,0,344575993,7,344578041,0,2046,10.9980,2044,2,0x17536fba93,0,1,0,2,10689,2046,10.9980,2044,2,10678
5385000,2048,7,7,0,344639483,7,344641531,0,2047,10.9990,2046,2,0xf064d628d7,63,1860,0,1,10690,2047,10.9990,2046,1,10679
5386000,2048,7,7,0,344702971,7,344705019,0,2046,10.9980,2044,2,0xc94486d3a8,73,1846,0,2,10692,2046,10.9980,2044,2,10681
5387000,2048,7,7,0,344766459,7,344768507,0,2048,11.0000,2048,1,0x5e86fdf519,64,1857,0,0,10692,2048,11.0000,2048,0,10681
5388000,2048,7,7,0,344831993,7,344834041,0,2044,10.9961,2040,2,0x3d15fb101b,0,2,0,4,10696,2044,10.9961,2040,4,10685
5389000,2048,7,7,0,344895483,7,344897531,0,2043,10.9951,2038,2,0x74f0d9b35b,57,1843,0,5,10701,2043,10.9951,2038,5,10690
5390000,2048,7,7,0,344958971,7,344961019,0,2046,10.9980,2044,2,0x1d9659e7d9,72,1834,0,2,10703,2046,10.9980,2044,2,10692
5391000,2048,7,7,0,345022459,7,345024507,0,2046,10.9980,2044,2,0xb11fc1bd50,67,1838,0,2,10705,2046,10.9980,2044,2,10694
5392000,2048,7,7,0,345087993,7,345090041,0,2047,10.9990,2046,2,0xb82f855684,0,2,0,1,10706,2047,10.9990,2046,1,10695
5393000,2048,7,7,0,345151483,7,345153531,0,2046,10.9980,2044,2,0xb2fcddaa7f,78,1855,0,2,10708,2046,10.9980,2044,2,10697
5394000,2048,7,7,0,345214971,7,345217019,0,2047,10.9990,2046,2,0xdff0474531,51,1841,0,1,10709,2047,10.9990,2046,1,10698
5395000,2048,7,7,0,345278459,7,345280507,0,2046,10.9980,2044,2,0x5f91208cd5,58,1839,0,2,10711,2046,10.9980,2044,2,10700
5396000,2048,7,7,0,345343993,7,345346041,0,2046,10.9980,2044,2,0x289f028c18,0,1,0,2,10713,2046,10.9980,2044,2,10702
5397000,2048,7,7,0,345407483,7,345409531,0,2045,10.9971,2042,2,0x705b455e92,77,1851,0,3,10716,2045,10.9971,2042,3,10705
5398000,2048,7,7,0,345470971,7,345473019,0,2047,10.9990,2046,2,0x5d0fdcc385,44,1843,0,1,10717,2047,10.9990,2046,1,10706
5399000,2048,7,7,0,345534459,7,345536507,0,2048,11.0000,2048,1,0x7e74d2ae45,75,1850,0,0,10717,2048,11.0000,2048,0,10706
5400000,2048,7,7,0,345599993,7,345602041,0,2047,10.9990,2046,2,0xef95bd08cd,0,2,0,1,10718,2047,10.9990,2046,1,10707
5401000,2048,7,7,0,345663483,7,345665531,0,2044,10.9961,2040,2,0x2f3abb8e01,77,1826,0,4,10722,2044,10.9961,2040,4,10711
5402000,2048,7,7,0,345726971,7,345729019,0,2048,11.0000,2048,1,0xbb24823b76,61,1868,0,0,10722,2048,11.0000,2048,0,10711
5403000,2048,7,7,0,345790459,7,345792507,0,2046,10.9980,2044,2,0x7e3ea2e072,63,1835,0,2,10724,2046,10.9980,2044,2,10713
5404000,2048,7,7,0,345855993,7,345858041,0,2046,10.9980,2044,2,0xbc3dca3916,0,2,0,2,10726,2046,10.9980,2044,2,10715
5405000,2048,7,7,0,345919483,7,345921531,0,2045,10.9971,2042,2,0xd00b2b37c5,60,1846,0,3,10729,2045,10.9971,2042,3,10718
5406000,2048,7,7,0,345982971,7,345985019,0,2046,10.9980,2044,2,0x03be8b29ce,65,1848,0,2,10731,2046,10.9980,2044,2,10720
5407000,2048,7,7,0,346046459,7,346048507,0,2044,10.9961,2040,2,0x3f36b2b26d,77,1847,0,4,10735,2044,10.9961,2040,4,10724
5408000,2048,7,7,0,346111993,7,346114041,0,2046,10.9980,2044,2,0x7072ad44de,0,2,0,2,10737,2046,10.9980,2044,2,10726
5409000,2048,7,7,0,346175483,7,346177531,0,2048,11.0000,2048,1,0xe0f150e044,67,1830,0,0,10737,2048,11.0000,2048,0,10726
5410000,2048,7,7,0,346238971,7,346241019,0,2045,10.9971,2042,2,0x18a58b2bf6,60,1854,0,3,10740,2045,10.9971,2042,3,10729
5411000,2048,7,7,0,346302459,7,346304507,0,2045,10.9971,2042,2,0x8137584f19,58,1837,0,3,10743,2045,10.9971,2042,3,10732
5412000,2048,7,7,0,346367993,7,346370041,0,2045,10.9971,2042,2,0x54f85eb530,0,1,0,3,10746,2045,10.9971,2042,3,10735
5413000,2048,7,7,0,346431483,7,346433531,0,2044,10.9961,2040,2,0x2321474b8c,58,1854,0,4,10750,2044,10.9961,2040,4,10739
5414000,2048,7,7,0,346494971,7,346497019,0,2046,10.9980,2044,2,0x6524b5b70e,55,1860,0,2,10752,2046,10.9980,2044,2,10741
5415000,2048,7,7,0,346558459,7,346560507,0,2048,11.0000,2048,1,0x521eb6b35e,56,1863,0,0,10752,2048,11.0000,2048,0,10741
5416000,2048,7,7,0,346623993,7,346626041,0,2046,10.9980,2044,2,0xbeff070387,0,2,0,2,10754,2046,10.9980,2044,2,10743
5417000,2048,7,7,0,346687483,7,346689531,0,2046,10.9980,2044,2,0xc9c48d79ec,55,1855,0,2,10756,2046,10.9980,2044,2,10745
5418000,2048,7,7,0,346750971,7,346753019,0,2047,10.9990,2046,2,0x2cad24a672,66,1852,0,1,10757,2047,10.9990,2046,1,10746
5419000,2048,7,7,0,346814459,7,346816507,0,2048,11.0000,2048,1,0x9cb86755d8,48,1868,0,0,10757,2048,11.0000,2048,0,10746
5420000,2048,7,7,0,346879993,7,346882041,0,2045,10.9971,2042,2,0x88d0e617c3,0,2,0,3,10760,2045,10.9971,2042,3,10749
5421000,2048,7,7,0,346943483,7,346945531,0,2046,10.9980,2044,2,0x7c1a0be24d,68,1852,0,2,10762,2046,10.9980,2044,2,10751
5422000,2048,7,7,0,347006971,7,347009019,0,2046,10.9980,2044,2,0x270b555b13,56,1838,0,2,10764,2046,10.9980,2044,2,10753
5423000,2048,7,7,0,347070459,7,347072507,0,2046,10.9980,2044,2,0x1be8049646,48,1816,0,2,10766,2046,10.9980,2044,2,10755
5424000,2048,7,7,0,347135993,7,347138041,0,2046,10.9980,2044,2,0x6b1c2cdd28,0,2,0,2,10768,2046,10.9980,2044,2,10757
5425000,2048,7,7,0,347199483,7,347201531,0,2047,10.9990,2046,2,0xac52fd1c19,58,1857,0,1,10769,2047,10.9990,2046,1,10758
5426000,2048,7,7,0,347262971,7,347265019,0,2047,10.9990,2046,2,0x061e77bc78,59,1856,0,1,10770,2047,10.9990,2046,1,10759
5427000,2048,7,7,0,347326459,7,347328507,0,2048,11.0000,2048,1,0xcb1604222e,63,1857,0,0,10770,2048,11.0000,2048,0,10759
5428000,2048,7,7,0,347391993,7,347394041,0,2046,10.9980,2044,2,0xcf204eadc3,0,2,0,2,10772,2046,10.9980,2044,2,10761
5429000,2048,7,7,0,347455483,7,347457531,0,2046,10.9980,2044,2,0x78ad25ffc0,57,1839,0,2,10774,2046,10.9980,2044,2,10763
5430000,2048,7,7,0,347518971,7,347521019,0,2047,10.9990,2046,2,0x9f404a03d9,62,1849,0,1,10775,2047,10.9990,2046,1,10764
5431000,2048,7,7,0,347582459,7,347584507,0,2044,10.9961,2040,2,0xbdbe05d9d0,60,1843,0,4,10779,2044,10.9961,2040,4,10768
5432000,2048,7,7,0,347647993,7,347650041,0,2046,10.9980,2044,2,0x67216aea84,0,2,0,2,10781,2046,10.9980,2044,2,10770
5433000,2048,7,7,0,347711483,7,347713531,0,2048,11.0000,2048,1,0x4a4e9a7f95,50,1850,0,0,10781,2048,11.0000,2048,0,10770
5434000,2048,7,7,0,347774971,7,347777019,0,2047,10.9990,2046,2,0x29db5c7aa7,79,1861,0,1,10782,2047,10.9990,2046,1,10771
5435000,2048,7,7,0,347838459,7,347840507,0,2046,10.9980,2044,2,0xd5cc5e690b,78,1844,0,2,10784,2046,10.9980,2044,2,10773
5436000,2048,7,7,0,347903993,7,347906041,0,2047,10.9990,2046,2,0xd73a907a29,0,2,0,1,10785,2047,10.9990,2046,1,10774
5437000,2048,7,7,0,347967483,7,347969531,0,2044,10.9961,2040,2,0x09c3ad3a19,64,1844,0,4,10789,2044,10.9961,2040,4,10778
5438000,2048,7,7,0,348030971,7,348033019,0,2047,10.9990,2046,2,0x9f822caa4d,68,1838,0,1,10790,2047,10.9990,2046,1,10779
5439000,2048,7,7,0,348094459,7,348096507,0,2046,10.9980,2044,2,0xe6bd24e116,60,1857,0,2,10792,2046,10.9980,2044,2,10781
5440000,2048,7,7,0,348159993,7,348162041,0,2044,10.9961,2040,2,0xdaadbaf230,0,2,0,4,10796,2044,10.9961,2040,4,10785
5441000,2048,7,7,0,348223483,7,348225531,0,2047,10.9990,2046,2,0xe8785468a6,71,1834,0,1,10797,2047,10.9990,2046,1,10786
5442000,2048,7,7,0,348286971,7,348289019,0,2047,10.9990,2046,2,0xab6f358b53,63,1854,0,1,10798,2047,10.9990,2046,1,10787
5443000,2048,7,7,0,348350459,7,348352507,0,2043,10.9951,2038,2,0x6b6395bda0,69,1869,0,5,10803,2043,10.9951,2038,5,10792
5444000,2048,7,7,0,348415993,7,348418041,0,2044,10.9961,2040,2,0x797b141f0a,0,1,0,4,10807,2044,10.9961,2040,4,10796
5445000,2048,7,7,0,348479483,7,348481531,0,2043,10.9951,2038,2,0xc20a174391,79,1849,0,5,10812,2043,10.9951,2038,5,10801
5446000,2048,7,7,0,348542971,7,348545019,0,2045,10.9971,2042,2,0xd173b75e73,84,1867,0,3,10815,2045,10.9971,2042,3,10804
5447000,2048,7,7,0,348606459,7,348608507,0,2048,11.0000,2048,1,0xc2d10a086f,66,1838,0,0,10815,2048,11.0000,2048,0,10804
5448000,2048,7,7,0,348671993,7,348674041,0,2048,11.0000,2048,1,0xa9b102e6cb,1,2,0,0,10815,2048,11.0000,2048,0,10804
5449000,2048,7,7,0,348735483,7,348737531,0,2047,10.9990,2046,2,0x5fa7579263,60,1842,0,1,10816,2047,10.9990,2046,1,10805
5450000,2048,7,7,0,348798971,7,348801019,0,2048,11.0000,2048,1,0x933096c7ee,63,1847,0,0,10816,2048,11.0000,2048,0,10805
5451000,2048,7,7,0,348862459,7,348864507,0,2046,10.9980,2044,2,0xec36332337,67,1858,0,2,10818,2046,10.9980,2044,2,10807
5452000,2048,7,7,0,348927993,7,348930041,0,2045,10.9971,2042,2,0x785fda4565,0,2,0,3,10821,2045,10.9971,2042,3,10810
5453000,2048,7,7,0,348991483,7,348993531,0,2045,10.9971,2042,2,0x7dd6796201,68,1866,0,3,10824,2045,10.9971,2042,3,10813
5454000,2048,7,7,0,349054971,7,349057019,0,2048,11.0000,2048,1,0x2a15fe0088,68,1832,0,0,10824,2048,11.0000,2048,0,10813
5455000,2048,7,7,0,349118459,7,349120507,0,2046,10.9980,2044,2,0xe33a9a962b,73,1866,0,2,10826,2046,10.9980,2044,2,10815
5456000,2048,7,7,0,349183993,7,349186041,0,2046,10.9980,2044,2,0xea3ad01681,0,2,0,2,10828,2046,10.9980,2044,2,10817
5457000,2048,7,7,0,349247483,7,349249531,0,2047,10.9990,2046,2,0xc3c3f777fe,61,1870,0,1,10829,2047,10.9990,2046,1,10818
5458000,2048,7,7,0,349310971,7,349313019,0,2045,10.9971,2042,2,0x724216f1bd,58,1874,0,3,10832,2045,10.9971,2042,3,10821
5459000,2048,7,7,0,349374459,7,349376507,0,2046,10.9980,2044,2,0xb8ed4ccae3,76,1858,0,2,10834,2046,10.9980,2044,2,10823
5460000,2048,7,7,0,349439993,7,349442041,0,2047,10.9990,2046,2,0xe8abc1b4b7,0,2,0,1,10835,2047,10.9990,2046,1,10824
5461000,2048,7,7,0,349503483,7,349505531,0,2046,10.9980,2044,2,0x47b94d55c8,69,1850,0,2,10837,2046,10.9980,2044,2,10826
5462000,2048,7,7,0,349566971,7,349569019,0,2048,11.0000,2048,1,0xaf6192e364,74,1848,0,0,10837,2048,11.0000,2048,0,10826
5463000,2048,7,7,0,349630459,7,349632507,0,2048,11.0000,2048,1,0x7b18651fd4,57,1839,0,0,10837,2048,11.0000,2048,0,10826
5464000,2048,7,7,0,349695993,7,349698041,0,2046,10.9980,2044,2,0xf88c40e9f7,0,2,0,2,10839,2046,10.9980,2044,2,10828
5465000,2048,7,7,0,349759483,7,349761531,0,2048,11.0000,2048,1,0x99c7d78644,65,1831,0,0,10839,2048,11.0000,2048,0,10828
5466000,2048,7,7,0,349822971,7,349825019,0,2046,10.9980,2044,2,0x8883395fef,63,1850,0,2,10841,2046,10.9980,2044,2,10830
5467000,2048,7,7,0,349886459,7,349888507,0,2047,10.9990,2046,2,0x7939bfb959,58,1844,0,1,10842,2047,10.9990,2046,1,10831
5468000,2048,7,7,0,349951993,7,349954041,0,2047,10.9990,2046,2,0x4e786cc8e0,0,1,0,1,10843,2047,10.9990,2046,1,10832
5469000,2048,7,7,0,350015483,7,350017531,0,2046,10.9980,2044,2,0xe8f8b22083,66,1846,0,2,10845,2046,10.9980,2044,2,10834
5470000,2048,7,7,0,350078971,7,350081019,0,2046,10.9980,2044,2,0xab72ad01de,65,1847,0,2,10847,2046,10.9980,2044,2,10836
5471000,2048,7,7,0,350142459,7,350144507,0,2045,10.9971,2042,2,0x32e8a68166,60,1846,0,3,10850,2045,10.9971,2042,3,10839
5472000,2048,7,7,0,350207993,7,350210041,0,2045,10.9971,2042,2,0x7903d04290,1,2,0,3,10853,2045,10.9971,2042,3,10842
5473000,2048,7,7,0,350271483,7,350273531,0,2046,10.9980,2044,2,0x833cb37a5c,66,1854,0,2,10855,2046,10.9980,2044,2,10844
5474000,2048,7,7,0,350334971,7,350337019,0,2048,11.0000,2048,1,0xa0361cdcf0,61,1849,0,0,10855,2048,11.0000,2048,0,10844
5475000,2048,7,7,0,350398459,7,350400507,0,2045,10.9971,2042,2,0xf3ff056992,68,1813,0,3,10858,2045,10.9971,2042,3,10847
5476000,2048,7,7,0,350463993,7,350466041,0,2045,10.9971,2042,2,0x3f601a2b83,0,1,0,3,10861,2045,10.9971,2042,3,10850
5477000,2048,7,7,0,350527483,7,350529531,0,2047,10.9990,2046,2,0x32141743d5,71,1853,0,1,10862,2047,10.9990,2046,1,10851
5478000,2048,7,7,0,350590971,7,350593019,0,2047,10.9990,2046,2,0x2f81e6f65d,74,1866,0,1,10863,2047,10.9990,2046,1,10852
5479000,2048,7,7,0,350654459,7,350656507,0,2047,10.9990,2046,2,0x7dab1e071f,53,1863,0,1,10864,2047,10.9990,2046,1,10853
5480000,2048,7,7,0,350719993,7,350722041,0,2046,10.9980,2044,2,0x500a1b5836,0,1,0,2,10866,2046,10.9980,2044,2,10855
5481000,2048,7,7,0,350783483,7,350785531,0,2048,11.0000,2048,1,0x62ca393a54,62,1829,0,0,10866,2048,11.0000,2048,0,10855
5482000,2048,7,7,0,350846971,7,350849019,0,2046,10.9980,2044,2,0x250e700660,74,1848,0,2,10868,2046,10.9980,2044,2,10857
5483000,2048,7,7,0,350910459,7,350912507,0,2048,11.0000,2048,1,0x24645cd096,47,1852,0,0,10868,2048,11.0000,2048,0,10857
5484000,2048,7,7,0,350975993,7,350978041,0,2043,10.9951,2038,2,0x97b003ec41,0,2,0,5,10873,2043,10.9951,2038,5,10862
5485000,2048,7,7,0,351039483,7,351041531,0,2044,10.9961,2040,2,0x951aad2041,68,1852,0,4,10877,2044,10.9961,2040,4,10866
5486000,2048,7,7,0,351102971,7,351105019,0,2043,10.9951,2038,2,0x637e72111d,70,1836,0,5,10882,2043,10.9951,2038,5,10871
5487000,2048,7,7,0,351166459,7,351168507,0,2046,10.9980,2044,2,0xd8d5d52258,67,1835,0,2,10884,2046,10.9980,2044,2,10873
5488000,2048,7,7,0,351231993,7,351234041,0,2046,10.9980,2044,2,0xb7fd19661c,0,2,0,2,10886,2046,10.9980,2044,2,10875
5489000,2048,7,7,0,351295483,7,351297531,0,2045,10.9971,2042,2,0x0815b25bd5,57,1846,0,3,10889,2045,10.9971,2042,3,10878
5490000,2048,7,7,0,351358971,7,351361019,0,2047,10.9990,2046,2,0x4165a4f25a,62,1849,0,1,10890,2047,10.9990,2046,1,10879
5491000,2048,7,7,0,351422459,7,351424507,0,2044,10.9961,2040,2,0x2b2c070f3d,64,1833,0,4,10894,2044,10.9961,2040,4,10883
5492000,2048,7,7,0,351487993,7,351490041,0,2046,10.9980,2044,2,0xbd5f4e4e8b,0,2,0,2,10896,2046,10.9980,2044,2,10885
5493000,2048,7,7,0,351551483,7,351553531,0,2046,10.9980,2044,2,0x3469f62f57,68,1838,0,2,10898,2046,10.9980,2044,2,10887
5494000,2048,7,7,0,351614971,7,351617019,0,2042,10.9941,2036,2,0x83ddc43564,44,1831,0,6,10904,2042,10.9941,2036,6,10893
5495000,2048,7,7,0,351678459,7,351680507,0,2047,10.9990,2046,2,0x310f2ebb5b,60,1851,0,1,10905,2047,10.9990,2046,1,10894
5496000,2048,7,7,0,351743993,7,351746041,0,2046,10.9980,2044,2,0xea6dd9238e,0,2,0,2,10907,2046,10.9980,2044,2,10896
5497000,2048,7,7,0,351807483,7,351809531,0,2047,10.9990,2046,2,0x5fc89e6597,72,1872,0,1,10908,2047,10.9990,2046,1,10897
5498000,2048,7,7,0,351870971,7,351873019,0,2046,10.9980,2044,2,0xd5a8c8c0be,57,1829,0,2,10910,2046,10.9980,2044,2,10899
5499000,2048,7,7,0,351934459,7,351936507,0,2045,10.9971,2042,2,0x836df5295f,63,1855,0,3,10913,2045,10.9971,2042,3,10902
5500000,2048,7,7,0,351999993,7,352002041,0,2043,10.9951,2038,2,0x825e008a58,0,1,0,5,10918,2043,10.9951,2038,5,10907
5501000,2048,7,7,0,352063483,7,352065531,0,2044,10.9961,2040,2,0x9c7bc656d4,62,1844,0,4,10922,2044,10.9961,2040,4,10911
5502000,2048,7,7,0,352126971,7,352129019,0,2046,10.9980,2044,2,0x154a414318,40,1848,0,2,10924,2046,10.9980,2044,2,10913
5503000,2048,7,7,0,352190459,7,352192507,0,2045,10.9971,2042,2,0xd8717618c7,60,1845,0,3,10927,2045,10.9971,2042,3,10916
5504000,2048,7,7,0,352255993,7,352258041,0,2044,10.9961,2040,2,0x87cd351625,0,2,0,4,10931,2044,10.9961,2040,4,10920
5505000,2048,7,7,0,352319483,7,352321531,0,2046,10.9980,2044,2,0xcc0576705f,65,1848,0,2,10933,2046,10.9980,2044,2,10922
5506000,2048,7,7,0,352382971,7,352385019,0,2045,10.9971,2042,2,0x09e5a3148d,70,1846,0,3,10936,2045,10.9971,2042,3,10925
5507000,2048,7,7,0,352446459,7,352448507,0,2047,10.9990,2046,2,0x03242f6d8a,51,1841,0,1,10937,2047,10.9990,2046,1,10926
5508000,2048,7,7,0,352511993,7,352514041,0,2044,10.9961,2040,2,0x1b97d635be,0,2,0,4,10941,2044,10.9961,2040,4,10930
5509000,2048,7,7,0,352575483,7,352577531,0,2047,10.9990,2046,2,0xbcb20d30b3,63,1840,0,1,10942,2047,10.9990,2046,1,10931
5510000,2048,7,7,0,352638971,7,352641019,0,2047,10.9990,2046,2,0x7738548c23,67,1841,0,1,10943,2047,10.9990,2046,1,10932
5511000,2048,7,7,0,352702459,7,352704507,0,2045,10.9971,2042,2,0x408fbdef21,58,1861,0,3,10946,2045,10.9971,2042,3,10935
5512000,2048,7,7,0,352767993,7,352770041,0,2047,10.9990,2046,2,0x9e3b6e69f5,0,2,0,1,10947,2047,10.9990,2046,1,10936
5513000,2048,7,7,0,352831483,7,352833531,0,2048,11.0000,2048,1,0xca52b25cfb,82,1837,0,0,10947,2048,11.0000,2048,0,10936
5514000,2048,7,7,0,352894971,7,352897019,0,2046,10.9980,2044,2,0x22051fdfde,46,1861,0,2,10949,2046,10.9980,2044,2,10938
5515000,2048,7,7,0,352958459,7,352960507,0,2044,10.9961,2040,2,0x66dd64f2f4,68,1854,0,4,10953,2044,10.9961,2040,4,10942
5516000,2048,7,7,0,353023993,7,353026041,0,2047,10.9990,2046,2,0xf57291174c,0,1,0,1,10954,2047,10.9990,2046,1,10943
5517000,2048,7,7,0,353087483,7,353089531,0,2047,10.9990,2046,2,0xe54b60d651,65,1852,0,1,10955,2047,10.9990,2046,1,10944
5518000,2048,7,7,0,353150971,7,353153019,0,2047,10.9990,2046,2,0xebb2ac5ce8,53,1851,0,1,10956,2047,10.9990,2046,1,10945
5519000,2048,7,7,0,353214459,7,353216507,0,2047,10.9990,2046,2,0xd18553193d,55,1858,0,1,10957,2047,10.9990,2046,1,10946
5520000,2048,7,7,0,353279993,7,353282041,0,2046,10.9980,2044,2,0x688d2c4c1b,1,1,0,2,10959,2046,10.9980,2044,2,10948
5521000,2048,7,7,0,353343483,7,353345531,0,2047,10.9990,2046,2,0x7ef41cf3a5,67,1855,0,1,10960,2047,10.9990,2046,1,10949
5522000,2048,7,7,0,353406971,7,353409019,0,2046,10.9980,2044,2,0x680eb31d94,63,1832,0,2,10962,2046,10.9980,2044,2,10951
5523000,2048,7,7,0,353470459,7,353472507,0,2048,11.0000,2048,1,0xcc60c12723,75,1846,0,0,10962,2048,11.0000,2048,0,10951
5524000,2048,7,7,0,353535993,7,353538041,0,2048,11.0000,2048,1,0x490d563b30,0,0,0,0,10962,2048,11.0000,2048,0,10951
5525000,2048,7,7,0,353599483,7,353601531,0,2040,10.9922,2032,2,0xa7dd435b61,67,1855,0,8,10970,2040,10.9922,2032,8,10959
5526000,2048,7,7,0,353662971,7,353665019,0,2046,10.9980,2044,2,0x7fcef2b92d,59,1856,0,2,10972,2046,10.9980,2044,2,10961
5527000,2048,7,7,0,353726459,7,353728507,0,2047,10.9990,2046,2,0x431271c5ed,71,1859,0,1,10973,2047,10.9990,2046,1,10962
5528000,2048,7,7,0,353791993,7,353794041,0,2046,10.9980,2044,2,0x1e45329ea7,0,2,0,2,10975,2046,10.9980,2044,2,10964
5529000,2048,7,7,0,353855483,7,353857531,0,2047,10.9990,2046,2,0xac981cb297,66,1869,0,1,10976,2047,10.9990,2046,1,10965
5530000,2048,7,7,0,353918971,7,353921019,0,2046,10.9980,2044,2,0x61b092c90e,72,1854,0,2,10978,2046,10.9980,2044,2,10967
5531000,2048,7,7,0,353982459,7,353984507,0,2045,10.9971,2042,2,0x839fd766ca,64,1863,0,3,10981,2045,10.9971,2042,3,10970
5532000,2048,7,7,0,354047993,7,354050041,0,2043,10.9951,2038,2,0xf16cedce1f,0,2,0,5,10986,2043,10.9951,2038,5,10975
5533000,2048,7,7,0,354111483,7,354113531,0,2046,10.9980,2044,2,0x5d6a3b7b0f,69,1834,0,2,10988,2046,10.9980,2044,2,10977
5534000,2048,7,7,0,354174971,7,354177019,0,2046,10.9980,2044,2,0xb74287db19,62,1833,0,2,10990,2046,10.9980,2044,2,10979
5535000,2048,7,7,0,354238459,7,354240507,0,2044,10.9961,2040,2,0xf236449ae3,75,1874,0,4,10994,2044,10.9961,2040,4,10983
5536000,2048,7,7,0,354303993,7,354306041,0,2047,10.9990,2046,2,0x875592b28c,0,1,0,1,10995,2047,10.9990,2046,1,10984
5537000,2048,7,7,0,354367483,7,354369531,0,2047,10.9990,2046,2,0xda0ff45d6b,62,1831,0,1,10996,2047,10.9990,2046,1,10985
5538000,2048,7,7,0,354430971,7,354433019,0,2045,10.9971,2042,2,0x7f6146a83f,60,1862,0,3,10999,2045,10.9971,2042,3,10988
5539000,2048,7,7,0,354494459,7,354496507,0,2044,10.9961,2040,2,0x163dd5370c,49,1836,0,4,11003,2044,10.9961,2040,4,10992
5540000,2048,7,7,0,354559993,7,354562041,0,2046,10.9980,2044,2,0x071e798d69,0,1,0,2,11005,2046,10.9980,2044,2,10994
5541000,2048,7,7,0,354623483,7,354625531,0,2045,10.9971,2042,2,0x746e226213,78,1854,0,3,11008,2045,10.9971,2042,3,10997
5542000,2048,7,7,0,354686971,7,354689019,0,2044,10.9961,2040,2,0x91d84689d7,77,1838,0,4,11012,2044,10.9961,2040,4,11001
5543000,2048,7,7,0,354750459,7,354752507,0,2046,10.9980,2044,2,0x2c02d43194,64,1824,0,2,11014,2046,10.9980,2044,2,11003
5544000,2048,7,7,0,354815993,7,354818041,0,2047,10.9990,2046,2,0x7dbfc6fad7,0,2,0,1,11015,2047,10.9990,2046,1,11004
5545000,2048,7,7,0,354879483,7,354881531,0,2047,10.9990,2046,2,0x7c674315f0,60,1857,0,1,11016,2047,10.9990,2046,1,11005
5546000,2048,7,7,0,354942971,7,354945019,0,2048,11.0000,2048,1,0xb943cdc95c,65,1854,0,0,11016,2048,11.0000,2048,0,11005
5547000,2048,7,7,0,355006459,7,355008507,0,2044,10.9961,2040,2,0xf872ad5299,60,1831,0,4,11020,2044,10.9961,2040,4,11009
5548000,2048,7,7,0,355071993,7,355074041,0,2046,10.9980,2044,2,0x598ee08a88,0,2,0,2,11022,2046,10.9980,2044,2,11011
5549000,2048,7,7,0,355135483,7,355137531,0,2042,10.9941,2036,2,0xe4a1285131,79,1839,0,6,11028,2043,10.9951,2038,5,11016
5550000,2048,7,7,0,355198971,7,355201019,0,2047,10.9990,2046,2,0xe50e6137e6,57,1834,0,1,11029,2047,10.9990,2046,1,11017
5551000,2048,7,7,0,355262459,7,355264507,0,2048,11.0000,2048,1,0xbd180dee84,74,1834,0,0,11029,2048,11.0000,2048,0,11017
5552000,2048,7,7,0,355327993,7,355330041,0,2045,10.9971,2042,2,0x00d543efd7,1,2,0,3,11032,2045,10.9971,2042,3,11020
5553000,2048,7,7,0,355391483,7,355393531,0,2047,10.9990,2046,2,0x8d93f484a6,60,1846,0,1,11033,2047,10.9990,2046,1,11021
5554000,2048,7,7,0,355454971,7,355457019,0,2046,10.9980,2044,2,0xfa08c38c49,70,1849,0,2,11035,2046,10.9980,2044,2,11023
5555000,2048,7,7,0,355518459,7,355520507,0,2047,10.9990,2046,2,0x6ef1d1f005,61,1841,0,1,11036,2047,10.9990,2046,1,11024
5556000,2048,7,7,0,355583993,7,355586041,0,2046,10.9980,2044,2,0x5c2d8b18d6,0,2,0,2,11038,2046,10.9980,2044,2,11026
5557000,2048,7,7,0,355647483,7,355649531,0,2048,11.0000,2048,1,0xc5f8333de9,60,1836,0,0,11038,2048,11.0000,2048,0,11026
5558000,2048,7,7,0,355710971,7,355713019,0,2048,11.0000,2048,1,0x7a912976ae,61,1847,0,0,11038,2048,11.0000,2048,0,11026
5559000,2048,7,7,0,355774459,7,355776507,0,2045,10.9971,2042,2,0x5899468126,71,1828,0,3,11041,2045,10.9971,2042,3,11029
5560000,2048,7,7,0,355839993,7,355842041,0,2046,10.9980,2044,2,0x1f3f4b8eeb,0,1,0,2,11043,2046,10.9980,2044,2,11031
5561000,2048,7,7,0,355903483,7,355905531,0,2047,10.9990,2046,2,0xb650030fd1,64,1861,0,1,11044,2047,10.9990,2046,1,11032
5562000,2048,7,7,0,355966971,7,355969019,0,2046,10.9980,2044,2,0x2ea89449a0,66,1866,0,2,11046,2046,10.9980,2044,2,11034
5563000,2048,7,7,0,356030459,7,356032507,0,2048,11.0000,2048,1,0xe9a20e041d,77,1844,0,0,11046,2048,11.0000,2048,0,11034
5564000,2048,7,7,0,356095993,7,356098041,0,2045,10.9971,2042,2,0x54cf6fa0e7,0,2,0,3,11049,2045,10.9971,2042,3,11037
5565000,2048,7,7,0,356159483,7,356161531,0,2046,10.9980,2044,2,0xcd1d648906,68,1862,0,2,11051,2046,10.9980,2044,2,11039
5566000,2048,7,7,0,356222971,7,356225019,0,2048,11.0000,2048,1,0xd9eafd5ba0,61,1832,0,0,11051,2048,11.0000,2048,0,11039
5567000,2048,7,7,0,356286459,7,356288507,0,2048,11.0000,2048,1,0x1b72b0d9f5,61,1837,0,0,11051,2048,11.0000,2048,0,11039
5568000,2048,7,7,0,356351993,7,356354041,0,2048,11.0000,2048,1,0x822ce23660,0,2,0,0,11051,2048,11.0000,2048,0,11039
5569000,2048,7,7,0,356415483,7,356417531,0,2046,10.9980,2044,2,0xb649b85d66,66,1840,0,2,11053,2046,10.9980,2044,2,11041
5570000,2048,7,7,0,356478971,7,356481019,0,2048,11.0000,2048,1,0x1481f31a4a,46,1840,0,0,11053,2048,11.0000,2048,0,11041
5571000,2048,7,7,0,356542459,7,356544507,0,2048,11.0000,2048,1,0xc30fc04d66,47,1849,0,0,11053,2048,11.0000,2048,0,11041
5572000,2048,7,7,0,356607993,7,356610041,0,2048,11.0000,2048,1,0x912cfd0c92,0,2,0,0,11053,2048,11.0000,2048,0,11041
5573000,2048,7,7,0,356671483,7,356673531,0,2045,10.9971,2042,2,0xd8da16a989,68,1856,0,3,11056,2045,10.9971,2042,3,11044
5574000,2048,7,7,0,356734971,7,356737019,0,2048,11.0000,2048,1,0x96a9e34033,72,1855,0,0,11056,2048,11.0000,2048,0,11044
5575000,2048,7,7,0,356798459,7,356800507,0,2045,10.9971,2042,2,0x5e267de744,48,1840,0,3,11059,2045,10.9971,2042,3,11047
5576000,2048,7,7,0,356863993,7,356866041,0,2046,10.9980,2044,2,0x9e8ef1f884,0,2,0,2,11061,2046,10.9980,2044,2,11049
5577000,2048,7,7,0,356927483,7,356929531,0,2045,10.9971,2042,2,0x24360a9a73,50,1850,0,3,11064,2045,10.9971,2042,3,11052
5578000,2048,7,7,0,356990971,7,356993019,0,2046,10.9980,2044,2,0x72f6514683,81,1856,0,2,11066,2046,10.9980,2044,2,11054
5579000,2048,7,7,0,357054459,7,357056507,0,2048,11.0000,2048,1,0x0c361e34e7,45,1859,0,0,11066,2048,11.0000,2048,0,11054
5580000,2048,7,7,0,357119993,7,357122041,0,2048,11.0000,2048,1,0xa29bb0633f,0,2,0,0,11066,2048,11.0000,2048,0,11054
5581000,2048,7,7,0,357183483,7,357185531,0,2048,11.0000,2048,1,0xbb61b40fb1,75,1854,0,0,11066,2048,11.0000,2048,0,11054
5582000,2048,7,7,0,357246971,7,357249019,0,2041,10.9932,2034,2,0x03175112dc,64,1845,0,7,11073,2041,10.9932,2034,7,11061
5583000,2048,7,7,0,357310459,7,357312507,0,2047,10.9990,2046,2,0x507016b0b3,56,1857,0,1,11074,2047,10.9990,2046,1,11062
5584000,2048,7,7,0,357375993,7,357378041,0,2048,11.0000,2048,1,0x7d0dc3b943,0,2,0,0,11074,2048,11.0000,2048,0,11062
5585000,2048,7,7,0,357439483,7,357441531,0,2047,10.9990,2046,2,0x8d0416920d,58,1855,0,1,11075,2047,10.9990,2046,1,11063
5586000,2048,7,7,0,357502971,7,357505019,0,2048,11.0000,2048,1,0x411900765a,62,1840,0,0,11075,2048,11.0000,2048,0,11063
5587000,2048,7,7,0,357566459,7,357568507,0,2045,10.9971,2042,2,0xc96927db35,58,1839,0,3,11078,2045,10.9971,2042,3,11066
5588000,2048,7,7,0,357631993,7,357634041,0,2045,10.9971,2042,2,0xf0c50d3b1e,0,2,0,3,11081,2045,10.9971,2042,3,11069
5589000,2048,7,7,0,357695483,7,357697531,0,2046,10.9980,2044,2,0xffec559ec9,63,1839,0,2,11083,2046,10.9980,2044,2,11071
5590000,2048,7,7,0,357758971,7,357761019,0,2046,10.9980,2044,2,0x06dbd207ac,92,1858,0,2,11085,2046,10.9980,2044,2,11073
5591000,2048,7,7,0,357822459,7,357824507,0,2047,10.9990,2046,2,0xc682000cbc,80,1840,0,1,11086,2047,10.9990,2046,1,11074
5592000,2048,7,7,0,357887993,7,357890041,0,2047,10.9990,2046,2,0x8c8632d345,0,2,0,1,11087,2047,10.9990,2046,1,11075
5593000,2048,7,7,0,357951483,7,357953531,0,2047,10.9990,2046,2,0x614606edfb,64,1848,0,1,11088,2047,10.9990,2046,1,11076
5594000,2048,7,7,0,358014971,7,358017019,0,2045,10.9971,2042,2,0xada4bcefcf,60,1847,0,3,11091,2045,10.9971,2042,3,11079
5595000,2048,7,7,0,358078459,7,358080507,0,2047,10.9990,2046,2,0xa10d5458d6,69,1844,0,1,11092,2047,10.9990,2046,1,11080
5596000,2048,7,7,0,358143993,7,358146041,0,2044,10.9961,2040,2,0x5038dc0886,0,2,0,4,11096,2044,10.9961,2040,4,11084
5597000,2048,7,7,0,358207483,7,358209531,0,2045,10.9971,2042,2,0xbfbe257dd4,79,1844,0,3,11099,2045,10.9971,2042,3,11087
5598000,2048,7,7,0,358270971,7,358273019,0,2044,10.9961,2040,2,0xcc936bfe45,52,1838,0,4,11103,2044,10.9961,2040,4,11091
5599000,2048,7,7,0,358334459,7,358336507,0,2046,10.9980,2044,2,0x723bb2fc65,54,1868,0,2,11105,2046,10.9980,2044,2,11093
5600000,2048,7,7,0,358399993,7,358402041,0,2045,10.9971,2042,2,0x14d59ea7d0,0,0,0,3,11108,2045,10.9971,2042,3,11096
5601000,2048,7,7,0,358463483,7,358465531,0,2048,11.0000,2048,1,0xccac65dca7,65,1848,0,0,11108,2048,11.0000,2048,0,11096
5602000,2048,7,7,0,358526971,7,358529019,0,2046,10.9980,2044,2,0x81e1573f27,70,1853,0,2,11110,2046,10.9980,2044,2,11098
5603000,2048,7,7,0,358590459,7,358592507,0,2045,10.9971,2042,2,0xb8ca7ef2e7,59,1834,0,3,11113,2045,10.9971,2042,3,11101
5604000,2048,7,7,0,358655993,7,358658041,0,2045,10.9971,2042,2,0x963ce1b018,0,2,0,3,11116,2045,10.9971,2042,3,11104
5605000,2048,7,7,0,358719483,7,358721531,0,2047,10.9990,2046,2,0xfa558a5a60,69,1838,0,1,11117,2047,10.9990,2046,1,11105
5606000,2048,7,7,0,358782971,7,358785019,0,2047,10.9990,2046,2,0x76dd5446d2,73,1868,0,1,11118,2047,10.9990,2046,1,11106
5607000,2048,7,7,0,358846459,7,358848507,0,2047,10.9990,2046,2,0xfb59e4e3c2,55,1827,0,1,11119,2047,10.9990,2046,1,11107
5608000,2048,7,7,0,358911993,7,358914041,0,2044,10.9961,2040,2,0x1124fae28d,0,1,0,4,11123,2044,10.9961,2040,4,11111
5609000,2048,7,7,0,358975483,7,358977531,0,2046,10.9980,2044,2,0x87ea8c4a6b,51,1846,0,2,11125,2046,10.9980,2044,2,11113
5610000,2048,7,7,0,359038971,7,359041019,0,2047,10.9990,2046,2,0xe9b8c8f986,73,1852,0,1,11126,2047,10.9990,2046,1,11114
5611000,2048,7,7,0,359102459,7,359104507,0,2045,10.9971,2042,2,0x020ea709d6,73,1854,0,3,11129,2045,10.9971,2042,3,11117
5612000,2048,7,7,0,359167993,7,359170041,0,2047,10.9990,2046,2,0x88de29336d,0,2,0,1,11130,2047,10.9990,2046,1,11118
5613000,2048,7,7,0,359231483,7,359233531,0,2048,11.0000,2048,1,0x3c7481f0a8,61,1849,0,0,11130,2048,11.0000,2048,0,11118
5614000,2048,7,7,0,359294971,7,359297019,0,2044,10.9961,2040,2,0x2e952aa136,62,1833,0,4,11134,2044,10.9961,2040,4,11122
5615000,2048,7,7,0,359358459,7,359360507,0,2046,10.9980,2044,2,0x83afe04704,77,1861,0,2,11136,2046,10.9980,2044,2,11124
5616000,2048,7,7,0,359423993,7,359426041,0,2045,10.9971,2042,2,0x35a5f12f24,0,1,0,3,11139,2045,10.9971,2042,3,11127
5617000,2048,7,7,0,359487483,7,359489531,0,2046,10.9980,2044,2,0x1e5ec8f940,53,1872,0,2,11141,2046,10.9980,2044,2,11129
5618000,2048,7,7,0,359550971,7,359553019,0,2047,10.9990,2046,2,0xd2a02cb967,70,1845,0,1,11142,2047,10.9990,2046,1,11130
5619000,2048,7,7,0,359614459,7,359616507,0,2046,10.9980,2044,2,0x55e76d7752,72,1834,0,2,11144,2046,10.9980,2044,2,11132
5620000,2048,7,7,0,359679993,7,359682041,0,2046,10.9980,2044,2,0x40b6e32aa6,0,2,0,2,11146,2046,10.9980,2044,2,11134
5621000,2048,7,7,0,359743483,7,359745531,0,2046,10.9980,2044,2,0x32892c41fb,88,1860,0,2,11148,2046,10.9980,2044,2,11136
5622000,2048,7,7,0,359806971,7,359809019,0,2047,10.9990,2046,2,0xf4d48f6083,64,1825,0,1,11149,2047,10.9990,2046,1,11137
5623000,2048,7,7,0,359870459,7,359872507,0,2045,10.9971,2042,2,0x2821f393d7,59,1838,0,3,11152,2045,10.9971,2042,3,11140
5624000,2048,7,7,0,359935993,7,359938041,0,2046,10.9980,2044,2,0x103fb06f64,0,2,0,2,11154,2046,10.9980,2044,2,11142
5625000,2048,7,7,0,359999483,7,360001531,0,2048,11.0000,2048,1,0x6d69207ec5,68,1847,0,0,11154,2048,11.0000,2048,0,11142
5626000,2048,7,7,0,360062971,7,360065019,0,2046,10.9980,2044,2,0xa63a0a8a42,65,1848,0,2,11156,2046,10.9980,2044,2,11144
5627000,2048,7,7,0,360126459,7,360128507,0,2045,10.9971,2042,2,0x186ff05e04,66,1832,0,3,11159,2045,10.9971,2042,3,11147
5628000,2048,7,7,0,360191993,7,360194041,0,2045,10.9971,2042,2,0x32d459ef63,0,2,0,3,11162,2045,10.9971,2042,3,11150
5629000,2048,7,7,0,360255483,7,360257531,0,2044,10.9961,2040,2,0x6e5e7d3a1a,73,1854,0,4,11166,2044,10.9961,2040,4,11154
5630000,2048,7,7,0,360318971,7,360321019,0,2046,10.9980,2044,2,0x8b977259f2,61,1850,0,2,11168,2046,10.9980,2044,2,11156
5631000,2048,7,7,0,360382459,7,360384507,0,2045,10.9971,2042,2,0x1e3c12b42a,63,1855,0,3,11171,2045,10.9971,2042,3,11159
5632000,2048,7,7,0,360447993,7,360450041,0,2048,11.0000,2048,1,0xc780148fd4,0,2,0,0,11171,2048,11.0000,2048,0,11159
5633000,2048,7,7,0,360511483,7,360513531,0,2045,10.9971,2042,2,0xe6dee3417d,65,1836,0,3,11174,2045,10.9971,2042,3,11162
5634000,2048,7,7,0,360574971,7,360577019,0,2045,10.9971,2042,2,0x06be06da3a,63,1861,0,3,11177,2045,10.9971,2042,3,11165
5635000,2048,7,7,0,360638459,7,360640507,0,2046,10.9980,2044,2,0x64e1bf33cd,63,1863,0,2,11179,2046,10.9980,2044,2,11167
5636000,2048,7,7,0,360703993,7,360706041,0,2047,10.9990,2046,2,0x44fc8f9c8f,0,2,0,1,11180,2047,10.9990,2046,1,11168
5637000,2048,7,7,0,360767483,7,360769531,0,2046,10.9980,2044,2,0xa1572154c7,70,1840,0,2,11182,2046,10.9980,2044,2,11170
5638000,2048,7,7,0,360830971,7,360833019,0,2045,10.9971,2042,2,0x3a1fe90871,60,1851,0,3,11185,2045,10.9971,2042,3,11173
5639000,2048,7,7,0,360894459,7,360896507,0,2046,10.9980,2044,2,0xfbba7c49d8,66,1844,0,2,11187,2046,10.9980,2044,2,11175
5640000,2048,7,7,0,360959993,7,360962041,0,2045,10.9971,2042,2,0x283dadf6c5,0,2,0,3,11190,2045,10.9971,2042,3,11178
5641000,2048,7,7,0,361023483,7,361025531,0,2046,10.9980,2044,2,0x444f3b67ed,57,1850,0,2,11192,2046,10.9980,2044,2,11180
5642000,2048,7,7,0,361086971,7,361089019,0,2045,10.9971,2042,2,0x089aacab19,57,1832,0,3,11195,2045,10.9971,2042,3,11183
5643000,2048,7,7,0,361150459,7,361152507,0,2044,10.9961,2040,2,0xe594e9c7d1,61,1851,0,4,11199,2044,10.9961,2040,4,11187
5644000,2048,7,7,0,361215993,7,361218041,0,2046,10.9980,2044,2,0x4c4cb00aa9,0,2,0,2,11201,2046,10.9980,2044,2,11189
5645000,2048,7,7,0,361279483,7,361281531,0,2045,10.9967,2043,3,0x63b5434fda,61,1821,0,2,11203,2045,10.9967,2043,2,11191
5646000,2048,7,7,0,361342971,7,361345019,0,2046,10.9980,2044,2,0x1d1911fc28,60,1844,0,2,11205,2046,10.9980,2044,2,11193
5647000,2048,7,7,0,361406459,7,361408507,0,2047,10.9990,2046,2,0x80c34ef4ca,68,1872,0,1,11206,2047,10.9990,2046,1,11194
5648000,2048,7,7,0,361471993,7,361474041,0,2045,10.9971,2042,2,0xf59b6f0652,0,2,0,3,11209,2045,10.9971,2042,3,11197
5649000,2048,7,7,0,361535483,7,361537531,0,2046,10.9980,2044,2,0xa8310d3602,50,1855,0,2,11211,2046,10.9980,2044,2,11199
5650000,2048,7,7,0,361598971,7,361601019,0,2044,10.9961,2040,2,0x0901524cb8,92,1848,0,4,11215,2044,10.9961,2040,4,11203
5651000,2048,7,7,0,361662459,7,361664507,0,2045,10.9971,2042,2,0x6de4c2468c,55,1824,0,3,11218,2045,10.9971,2042,3,11206
5652000,2048,7,7,0,361727993,7,361730041,0,2044,10.9961,2040,2,0xb51c88da84,0,2,0,4,11222,2044,10.9961,2040,4,11210
5653000,2048,7,7,0,361791483,7,361793531,0,2047,10.9990,2046,2,0xdb5878a52f,54,1850,0,1,11223,2047,10.9990,2046,1,11211
5654000,2048,7,7,0,361854971,7,361857019,0,2046,10.9980,2044,2,0x3497bc6e5a,50,1851,0,2,11225,2046,10.9980,2044,2,11213
5655000,2048,7,7,0,361918459,7,361920507,0,2046,10.9980,2044,2,0xfd37a5aa66,68,1873,0,2,11227,2046,10.9980,2044,2,11215
5656000,2048,7,7,0,361983993,7,361986041,0,2046,10.9980,2044,2,0xe4cca6beb8,0,1,0,2,11229,2046,10.9980,2044,2,11217
5657000,2048,7,7,0,362047483,7,362049531,0,2045,10.9971,2042,2,0xf4c879ff74,65,1853,0,3,11232,2045,10.9971,2042,3,11220
5658000,2048,7,7,0,362110971,7,362113019,0,2047,10.9990,2046,2,0x3e22dc5fc3,58,1864,0,1,11233,2047,10.9990,2046,1,11221
5659000,2048,7,7,0,362174459,7,362176507,0,2045,10.9971,2042,2,0xa3a8db2780,56,1865,0,3,11236,2045,10.9971,2042,3,11224
5660000,2048,7,7,0,362239993,7,362242041,0,2047,10.9990,2046,2,0x1da8b82c28,0,2,0,1,11237,2047,10.9990,2046,1,11225
5661000,2048,7,7,0,362303483,7,362305531,0,2046,10.9980,2044,2,0x8dcff8eef3,53,1845,0,2,11239,2046,10.9980,2044,2,11227
5662000,2048,7,7,0,362366971,7,362369019,0,2047,10.9990,2046,2,0x7aa35f0207,63,1832,0,1,11240,2047,10.9990,2046,1,11228
5663000,2048,7,7,0,362430459,7,362432507,0,2046,10.9980,2044,2,0x9f356f3827,66,1867,0,2,11242,2046,10.9980,2044,2,11230
5664000,2048,7,7,0,362495993,7,362498041,0,2046,10.9980,2044,2,0xd5d25abad5,0,2,0,2,11244,2046,10.9980,2044,2,11232
5665000,2048,7,7,0,362559483,7,362561531,0,2047,10.9990,2046,2,0x94ba10aed5,71,1848,0,1,11245,2047,10.9990,2046,1,11233
5666000,2048,7,7,0,362622971,7,362625019,0,2045,10.9971,2042,2,0x0ae024e3e8,58,1854,0,3,11248,2045,10.9971,2042,3,11236
5667000,2048,7,7,0,362686459,7,362688507,0,2047,10.9990,2046,2,0xc65a090491,64,1832,0,1,11249,2047,10.9990,2046,1,11237
5668000,2048,7,7,0,362751993,7,362754041,0,2047,10.9990,2046,2,0x3f8400b1cf,0,0,0,1,11250,2047,10.9990,2046,1,11238
5669000,2048,7,7,0,362815483,7,362817531,0,2046,10.9980,2044,2,0x0536aca15d,62,1840,0,2,11252,2046,10.9980,2044,2,11240
5670000,2048,7,7,0,362878971,7,362881019,0,2047,10.9990,2046,2,0xd91897d80d,59,1837,0,1,11253,2047,10.9990,2046,1,11241
5671000,2048,7,7,0,362942459,7,362944507,0,2046,10.9980,2044,2,0x1df44c5ed1,75,1846,0,2,11255,2046,10.9980,2044,2,11243
5672000,2048,7,7,0,363007993,7,363010041,0,2046,10.9980,2044,2,0x3bf0419716,0,2,0,2,11257,2046,10.9980,2044,2,11245
5673000,2048,7,7,0,363071483,7,363073531,0,2047,10.9990,2046,2,0x3cd748c979,70,1857,0,1,11258,2047,10.9990,2046,1,11246
5674000,2048,7,7,0,363134971,7,363137019,0,2044,10.9961,2040,2,0xa174800547,58,1818,0,4,11262,2044,10.9961,2040,4,11250
5675000,2048,7,7,0,363198459,7,363200507,0,2047,10.9990,2046,2,0x5108f326f4,67,1840,0,1,11263,2047,10.9990,2046,1,11251
5676000,2048,7,7,0,363263993,7,363266041,0,2047,10.9990,2046,2,0x4497145960,0,1,0,1,11264,2047,10.9990,2046,1,11252
5677000,2048,7,7,0,363327483,7,363329531,0,2043,10.9951,2038,2,0x6f0025406e,68,1842,0,5,11269,2043,10.9951,2038,5,11257
5678000,2048,7,7,0,363390971,7,363393019,0,2047,10.9990,2046,2,0x617e8767d3,71,1850,0,1,11270,2047,10.9990,2046,1,11258
5679000,2048,7,7,0,363454459,7,363456507,0,2046,10.9980,2044,2,0xf511a997e3,44,1869,0,2,11272,2046,10.9980,2044,2,11260
5680000,2048,7,7,0,363519993,7,363522041,0,2045,10.9971,2042,2,0x920ff9db52,0,2,0,3,11275,2045,10.9971,2042,3,11263
5681000,2048,7,7,0,363583483,7,363585531,0,2046,10.9980,2044,2,0x13e0de9e2f,72,1838,0,2,11277,2046,10.9980,2044,2,11265
5682000,2048,7,7,0,363646971,7,363649019,0,2046,10.9980,2044,2,0xa0a252036e,69,1846,0,2,11279,2046,10.9980,2044,2,11267
5683000,2048,7,7,0,363710459,7,363712507,0,2047,10.9990,2046,2,0x35375059b6,67,1858,0,1,11280,2047,10.9990,2046,1,11268
5684000,2048,7,7,0,363775993,7,363778041,0,2045,10.9971,2042,2,0x76cc34c7d9,0,2,0,3,11283,2045,10.9971,2042,3,11271
5685000,2048,7,7,0,363839483,7,363841531,0,2045,10.9971,2042,2,0xc482a62c7a,76,1863,0,3,11286,2045,10.9971,2042,3,11274
5686000,2048,7,7,0,363902971,7,363905019,0,2048,11.0000,2048,1,0x614098be42,56,1835,0,0,11286,2048,11.0000,2048,0,11274
5687000,2048,7,7,0,363966459,7,363968507,0,2048,11.0000,2048,1,0xd684294238,50,1851,0,0,11286,2048,11.0000,2048,0,11274
5688000,2048,7,7,0,364031993,7,364034041,0,2047,10.9990,2046,2,0xb7492908aa,1,2,0,1,11287,2047,10.9990,2046,1,11275
5689000,2048,7,7,0,364095483,7,364097531,0,2046,10.9980,2044,2,0x9379d91bc9,53,1856,0,2,11289,2046,10.9980,2044,2,11277
5690000,2048,7,7,0,364158971,7,364161019,0,2047,10.9990,2046,2,0x717a9df1d8,56,1849,0,1,11290,2047,10.9990,2046,1,11278
5691000,2048,7,7,0,364222459,7,364224507,0,2048,11.0000,2048,1,0xbabd3475b8,55,1845,0,0,11290,2048,11.0000,2048,0,11278
5692000,2048,7,7,0,364287993,7,364290041,0,2044,10.9961,2040,2,0xe649e1201c,0,2,0,4,11294,2044,10.9961,2040,4,11282
5693000,2048,7,7,0,364351483,7,364353531,0,2048,11.0000,2048,1,0xbb95fb193f,63,1857,0,0,11294,2048,11.0000,2048,0,11282
5694000,2048,7,7,0,364414971,7,364417019,0,2045,10.9971,2042,2,0x06d6e98d41,65,1830,0,3,11297,2045,10.9971,2042,3,11285
5695000,2048,7,7,0,364478459,7,364480507,0,2048,11.0000,2048,1,0x651d42a266,53,1848,0,0,11297,2048,11.0000,2048,0,11285
5696000,2048,7,7,0,364543993,7,364546041,0,2045,10.9971,2042,2,0xf27dee64df,0,2,0,3,11300,2045,10.9971,2042,3,11288
5697000,2048,7,7,0,364607483,7,364609531,0,2046,10.9980,2044,2,0x66646fe299,69,1830,0,2,11302,2046,10.9980,2044,2,11290
5698000,2048,7,7,0,364670971,7,364673019,0,2048,11.0000,2048,1,0x3902e77774,60,1856,0,0,11302,2048,11.0000,2048,0,11290
5699000,2048,7,7,0,364734459,7,364736507,0,2045,10.9971,2042,2,0xaa13942a1a,73,1825,0,3,11305,2045,10.9971,2042,3,11293
5700000,2048,7,7,0,364799993,7,364802041,0,2047,10.9990,2046,2,0xe9a3cffacd,1,1,0,1,11306,2047,10.9990,2046,1,11294
5701000,2048,7,7,0,364863483,7,364865531,0,2045,10.9971,2042,2,0xa4e8afbf12,58,1844,0,3,11309,2045,10.9971,2042,3,11297
5702000,2048,7,7,0,364926971,7,364929019,0,2047,10.9990,2046,2,0xcc3e8b2fa8,56,1848,0,1,11310,2047,10.9990,2046,1,11298
5703000,2048,7,7,0,364990459,7,364992507,0,2046,10.9980,2044,2,0x7d728b59f6,63,1835,0,2,11312,2046,10.9980,2044,2,11300
5704000,2048,7,7,0,365055993,7,365058041,0,2043,10.9951,2038,2,0x159e448598,0,2,0,5,11317,2043,10.9951,2038,5,11305
5705000,2048,7,7,0,365119483,7,365121531,0,2047,10.9990,2046,2,0xf857781e41,68,1856,0,1,11318,2047,10.9990,2046,1,11306
5706000,2048,7,7,0,365182971,7,365185019,0,2044,10.9961,2040,2,0x7d100bd8a3,71,1852,0,4,11322,2044,10.9961,2040,4,11310
5707000,2048,7,7,0,365246459,7,365248507,0,2043,10.9951,2038,2,0x8e6d8e0fbd,72,1842,0,5,11327,2043,10.9951,2038,5,11315
5708000,2048,7,7,0,365311993,7,365314041,0,2042,10.9941,2036,2,0x54312c3d39,0,2,0,6,11333,2042,10.9941,2036,6,11321
5709000,2048,7,7,0,365375483,7,365377531,0,2048,11.0000,2048,1,0xf05cddcd5b,59,1829,0,0,11333,2048,11.0000,2048,0,11321
5710000,2048,7,7,0,365438971,7,365441019,0,2047,10.9990,2046,2,0xe2c3d6a98c,58,1871,0,1,11334,2047,10.9990,2046,1,11322
5711000,2048,7,7,0,365502459,7,365504507,0,2045,10.9971,2042,2,0xefa8dc1a44,71,1856,0,3,11337,2045,10.9971,2042,3,11325
5712000,2048,7,7,0,365567993,7,365570041,0,2045,10.9971,2042,2,0x17e3cc28ba,0,2,0,3,11340,2045,10.9971,2042,3,11328
5713000,2048,7,7,0,365631483,7,365633531,0,2044,10.9961,2040,2,0xddf8b71935,80,1831,0,4,11344,2044,10.9961,2040,4,11332
5714000,2048,7,7,0,365694971,7,365697019,0,2047,10.9990,2046,2,0x1979515977,67,1814,0,1,11345,2047,10.9990,2046,1,11333
5715000,2048,7,7,0,365758459,7,365760507,0,2044,10.9961,2040,2,0x33f6c614a7,64,1851,0,4,11349,2044,10.9961,2040,4,11337
5716000,2048,7,7,0,365823993,7,365826041,0,2045,10.9971,2042,2,0x4eb96d7af2,0,2,0,3,11352,2045,10.9971,2042,3,11340
5717000,2048,7,7,0,365887483,7,365889531,0,2045,10.9971,2042,2,0xfd9dd97c22,78,1852,0,3,11355,2045,10.9971,2042,3,11343
5718000,2048,7,7,0,365950971,7,365953019,0,2047,10.9990,2046,2,0x09b1f5f3ef,62,1850,0,1,11356,2047,10.9990,2046,1,11344
5719000,2048,7,7,0,366014459,7,366016507,0,2046,10.9980,2044,2,0x24238c6a64,49,1835,0,2,11358,2046,10.9980,2044,2,11346
5720000,2048,7,7,0,366079993,7,366082041,0,2043,10.9951,2038,2,0x0982bcf8c0,0,2,0,5,11363,2043,10.9951,2038,5,11351
5721000,2048,7,7,0,366143483,7,366145531,0,2047,10.9990,2046,2,0xdf6d6587b4,69,1834,0,1,11364,2047,10.9990,2046,1,11352
5722000,2048,7,7,0,366206971,7,366209019,0,2043,10.9951,2038,2,0x108648826c,59,1830,0,5,11369,2043,10.9951,2038,5,11357
5723000,2048,7,7,0,366270459,7,366272507,0,2046,10.9980,2044,2,0xb9b73c3731,62,1832,0,2,11371,2046,10.9980,2044,2,11359
5724000,2048,7,7,0,366335993,7,366338041,0,2044,10.9961,2040,2,0xea9e88a642,0,2,0,4,11375,2044,10.9961,2040,4,11363
5725000,2048,7,7,0,366399483,7,366401531,0,2048,11.0000,2048,1,0x5280be001e,58,1843,0,0,11375,2048,11.0000,2048,0,11363
5726000,2048,7,7,0,366462971,7,366465019,0,2047,10.9990,2046,2,0x796e04ec86,58,1850,0,1,11376,2047,10.9990,2046,1,11364
5727000,2048,7,7,0,366526459,7,366528507,0,2046,10.9980,2044,2,0x6d9c57e8c3,59,1842,0,2,11378,2046,10.9980,2044,2,11366
5728000,2048,7,7,0,366591993,7,366594041,0,2047,10.9990,2046,2,0xd322f1e9fb,0,2,0,1,11379,2047,10.9990,2046,1,11367
5729000,2048,7,7,0,366655483,7,366657531,0,2044,10.9961,2040,2,0x368e9f46d5,66,1855,0,4,11383,2045,10.9971,2042,3,11370
5730000,2048,7,7,0,366718971,7,366721019,0,2048,11.0000,2048,1,0x530a0896ef,68,1855,0,0,11383,2048,11.0000,2048,0,11370
5731000,2048,7,7,0,366782459,7,366784507,0,2046,10.9980,2044,2,0x81606951d4,62,1856,0,2,11385,2046,10.9980,2044,2,11372
5732000,2048,7,7,0,366847993,7,366850041,0,2045,10.9971,2042,2,0x43ff848bea,0,2,0,3,11388,2045,10.9971,2042,3,11375
5733000,2048,7,7,0,366911483,7,366913531,0,2046,10.9980,2044,2,0x661ea4361e,63,1843,0,2,11390,2046,10.9980,2044,2,11377
5734000,2048,7,7,0,366974971,7,366977019,0,2046,10.9980,2044,2,0xe9ccd4dd1f,59,1862,0,2,11392,2046,10.9980,2044,2,11379
5735000,2048,7,7,0,367038459,7,367040507,0,2046,10.9980,2044,2,0xc1dc6596b7,61,1822,0,2,11394,2046,10.9980,2044,2,11381
5736000,2048,7,7,0,367103993,7,367106041,0,2046,10.9980,2044,2,0x1eef160ecb,0,2,0,2,11396,2046,10.9980,2044,2,11383
5737000,2048,7,7,0,367167483,7,367169531,0,2046,10.9980,2044,2,0x933e7f9f9f,67,1879,0,2,11398,2046,10.9980,2044,2,11385
5738000,2048,7,7,0,367230971,7,367233019,0,2048,11.0000,2048,1,0x05cf0c9edd,74,1839,0,0,11398,2048,11.0000,2048,0,11385
5739000,2048,7,7,0,367294459,7,367296507,0,2045,10.9971,2042,2,0x3d27c86737,66,1855,0,3,11401,2045,10.9971,2042,3,11388
5740000,2048,7,7,0,367359993,7,367362041,0,2045,10.9971,2042,2,0xb04c085e1a,0,2,0,3,11404,2045,10.9971,2042,3,11391
5741000,2048,7,7,0,367423483,7,367425531,0,2047,10.9990,2046,2,0x3c562ac610,69,1870,0,1,11405,2047,10.9990,2046,1,11392
5742000,2048,7,7,0,367486971,7,367489019,0,2046,10.9980,2044,2,0xfc670f5bbf,70,1838,0,2,11407,2046,10.9980,2044,2,11394
5743000,2048,7,7,0,367550459,7,367552507,0,2044,10.9961,2040,2,0x6a8fc5dbc2,64,1862,0,4,11411,2044,10.9961,2040,4,11398
5744000,2048,7,7,0,367615993,7,367618041,0,2044,10.9961,2040,2,0x39bc3722b3,0,2,0,4,11415,2044,10.9961,2040,4,11402
5745000,2048,7,7,0,367679483,7,367681531,0,2046,10.9980,2044,2,0x26c44012f2,74,1839,0,2,11417,2046,10.9980,2044,2,11404
5746000,2048,7,7,0,367742971,7,367745019,0,2047,10.9990,2046,2,0xa101d885bb,56,1853,0,1,11418,2047,10.9990,2046,1,11405
5747000,2048,7,7,0,367806459,7,367808507,0,2046,10.9980,2044,2,0xef8f37b3a7,63,1870,0,2,11420,2046,10.9980,2044,2,11407
5748000,2048,7,7,0,367871993,7,367874041,0,2046,10.9980,2044,2,0x7341995986,0,1,0,2,11422,2046,10.9980,2044,2,11409
5749000,2048,7,7,0,367935483,7,367937531,0,2047,10.9990,2046,2,0x7fb5730e6a,56,1852,0,1,11423,2047,10.9990,2046,1,11410
5750000,2048,7,7,0,367998971,7,368001019,0,2047,10.9990,2046,2,0xd032cfce91,74,1846,0,1,11424,2047,10.9990,2046,1,11411
5751000,2048,7,7,0,368062459,7,368064507,0,2047,10.9990,2046,2,0xa89fdd8e5d,67,1863,0,1,11425,2047,10.9990,2046,1,11412
5752000,2048,7,7,0,368127993,7,368130041,0,2047,10.9990,2046,2,0x9f7591171c,1,2,0,1,11426,2047,10.9990,2046,1,11413
5753000,2048,7,7,0,368191483,7,368193531,0,2046,10.9980,2044,2,0x200fbe7f93,75,1830,0,2,11428,2046,10.9980,2044,2,11415
5754000,2048,7,7,0,368254971,7,368257019,0,2044,10.9961,2040,2,0x5231c3b525,67,1846,0,4,11432,2044,10.9961,2040,4,11419
5755000,2048,7,7,0,368318459,7,368320507,0,2047,10.9990,2046,2,0xca5b6b7edb,66,1861,0,1,11433,2047,10.9990,2046,1,11420
5756000,2048,7,7,0,368383993,7,368386041,0,2048,11.0000,2048,1,0x39a3d40ff2,1,2,0,0,11433,2048,11.0000,2048,0,11420
5757000,2048,7,7,0,368447483,7,368449531,0,2046,10.9980,2044,2,0x5e4f11e1ac,75,1844,0,2,11435,2046,10.9980,2044,2,11422
5758000,2048,7,7,0,368510971,7,368513019,0,2046,10.9980,2044,2,0x818ff4f40a,64,1833,0,2,11437,2046,10.9980,2044,2,11424
5759000,2048,7,7,0,368574459,7,368576507,0,2046,10.9980,2044,2,0xa4f160a451,63,1834,0,2,11439,2046,10.9980,2044,2,11426
5760000,2048,7,7,0,368639993,7,368642041,0,2047,10.9990,2046,2,0x64050e45ca,0,2,0,1,11440,2047,10.9990,2046,1,11427
5761000,2048,7,7,0,368703483,7,368705531,0,2045,10.9971,2042,2,0x20476669e2,59,1846,0,3,11443,2045,10.9971,2042,3,11430
5762000,2048,7,7,0,368766971,7,368769019,0,2046,10.9980,2044,2,0x664781c722,77,1818,0,2,11445,2047,10.9990,2046,1,11431
5763000,2048,7,7,0,368830459,7,368832507,0,2046,10.9980,2044,2,0x3412e7a27b,56,1848,0,2,11447,2046,10.9980,2044,2,11433
5764000,2048,7,7,0,368895993,7,368898041,0,2046,10.9980,2044,2,0x002ff6eecb,0,2,0,2,11449,2046,10.9980,2044,2,11435
5765000,2048,7,7,0,368959483,7,368961531,0,2046,10.9980,2044,2,0x5e90b3e43d,59,1852,0,2,11451,2046,10.9980,2044,2,11437
5766000,2048,7,7,0,369022971,7,369025019,0,2047,10.9990,2046,2,0x6263f9773d,58,1855,0,1,11452,2047,10.9990,2046,1,11438
5767000,2048,7,7,0,369086459,7,369088507,0,2044,10.9961,2040,2,0xc9fa9a788e,61,1825,0,4,11456,2044,10.9961,2040,4,11442
5768000,2048,7,7,0,369151993,7,369154041,0,2047,10.9990,2046,2,0x956d9dd173,0,1,0,1,11457,2047,10.9990,2046,1,11443
5769000,2048,7,7,0,369215483,7,369217531,0,2048,11.0000,2048,1,0xe096f10764,67,1854,0,0,11457,2048,11.0000,2048,0,11443
5770000,2048,7,7,0,369278971,7,369281019,0,2047,10.9990,2046,2,0x503c629550,46,1864,0,1,11458,2047,10.9990,2046,1,11444
5771000,2048,7,7,0,369342459,7,369344507,0,2045,10.9971,2042,2,0xec3429ba3d,84,1839,0,3,11461,2045,10.9971,2042,3,11447
5772000,2048,7,7,0,369407993,7,369410041,0,2048,11.0000,2048,1,0x028b0e6ecf,1,2,0,0,11461,2048,11.0000,2048,0,11447
5773000,2048,7,7,0,369471483,7,369473531,0,2045,10.9971,2042,2,0x409f5612c0,53,1849,0,3,11464,2045,10.9971,2042,3,11450
5774000,2048,7,7,0,369534971,7,369537019,0,2045,10.9971,2042,2,0x920d360b62,58,1844,0,3,11467,2045,10.9971,2042,3,11453
5775000,2048,7,7,0,369598459,7,369600507,0,2045,10.9971,2042,2,0xb8ae1f02e1,63,1858,0,3,11470,2045,10.9971,2042,3,11456
5776000,2048,7,7,0,369663993,7,369666041,0,2045,10.9971,2042,2,0x01ce069b16,1,2,0,3,11473,2045,10.9971,2042,3,11459
5777000,2048,7,7,0,369727483,7,369729531,0,2046,10.9980,2044,2,0x75b8ae30e1,70,1862,0,2,11475,2046,10.9980,2044,2,11461
5778000,2048,7,7,0,369790971,7,369793019,0,2046,10.9980,2044,2,0x088fb66be2,55,1851,0,2,11477,2046,10.9980,2044,2,11463
5779000,2048,7,7,0,369854459,7,369856507,0,2046,10.9980,2044,2,0x5805519284,63,1837,0,2,11479,2046,10.9980,2044,2,11465
5780000,2048,7,7,0,369919993,7,369922041,0,2046,10.9980,2044,2,0x28dd62b22c,1,1,0,2,11481,2046,10.9980,2044,2,11467
5781000,2048,7,7,0,369983483,7,369985531,0,2047,10.9990,2046,2,0xa7c6607c56,81,1828,0,1,11482,2047,10.9990,2046,1,11468
5782000,2048,7,7,0,370046971,7,370049019,0,2045,10.9971,2042,2,0x969687ecd4,66,1849,0,3,11485,2045,10.9971,2042,3,11471
5783000,2048,7,7,0,370110459,7,370112507,0,2046,10.9980,2044,2,0xb7ef916057,84,1837,0,2,11487,2046,10.9980,2044,2,11473
5784000,2048,7,7,0,370175993,7,370178041,0,2047,10.9990,2046,2,0x83dc8583b6,0,2,0,1,11488,2047,10.9990,2046,1,11474
5785000,2048,7,7,0,370239483,7,370241531,0,2045,10.9971,2042,2,0x83b90ea488,61,1874,0,3,11491,2045,10.9971,2042,3,11477
5786000,2048,7,7,0,370302971,7,370305019,0,2045,10.9971,2042,2,0xaffe80f0e4,71,1857,0,3,11494,2045,10.9971,2042,3,11480
5787000,2048,7,7,0,370366459,7,370368507,0,2047,10.9990,2046,2,0x5116269ae2,74,1842,0,1,11495,2047,10.9990,2046,1,11481
5788000,2048,7,7,0,370431993,7,370434041,0,2047,10.9990,2046,2,0x7101ea970a,0,2,0,1,11496,2047,10.9990,2046,1,11482
5789000,2048,7,7,0,370495483,7,370497531,0,2046,10.9980,2044,2,0xe603e4aec7,66,1865,0,2,11498,2046,10.9980,2044,2,11484
5790000,2048,7,7,0,370558971,7,370561019,0,2045,10.9971,2042,2,0xf4e9e2f0f3,56,1848,0,3,11501,2045,10.9971,2042,3,11487
5791000,2048,7,7,0,370622459,7,370624507,0,2046,10.9980,2044,2,0x061796b74c,63,1851,0,2,11503,2046,10.9980,2044,2,11489
5792000,2048,7,7,0,370687993,7,370690041,0,2048,11.0000,2048,1,0x5dcf3737c8,0,2,0,0,11503,2048,11.0000,2048,0,11489
5793000,2048,7,7,0,370751483,7,370753531,0,2045,10.9971,2042,2,0xc172d73c2a,70,1823,0,3,11506,2045,10.9971,2042,3,11492
5794000,2048,7,7,0,370814971,7,370817019,0,2043,10.9951,2038,2,0x402bddc967,79,1860,0,5,11511,2043,10.9951,2038,5,11497
5795000,2048,7,7,0,370878459,7,370880507,0,2044,10.9961,2040,2,0x6ff59a90d2,78,1889,0,4,11515,2044,10.9961,2040,4,11501
5796000,2048,7,7,0,370943993,7,370946041,0,2047,10.9990,2046,2,0xb8b97101eb,1,2,0,1,11516,2047,10.9990,2046,1,11502
5797000,2048,7,7,0,371007483,7,371009531,0,2044,10.9961,2040,2,0xa1524c0cf3,64,1871,0,4,11520,2044,10.9961,2040,4,11506
5798000,2048,7,7,0,371070971,7,371073019,0,2046,10.9980,2044,2,0x50d06e8746,78,1870,0,2,11522,2046,10.9980,2044,2,11508
5799000,2048,7,7,0,371134459,7,371136507,0,2046,10.9980,2044,2,0x1b7565a3c1,68,1842,0,2,11524,2046,10.9980,2044,2,11510
5800000,2048,7,7,0,371199993,7,371202041,0,2047,10.9990,2046,2,0xf9db11ded5,0,2,0,1,11525,2047,10.9990,2046,1,11511
5801000,2048,7,7,0,371263483,7,371265531,0,2046,10.9980,2044,2,0x2d99cfbf66,66,1853,0,2,11527,2046,10.9980,2044,2,11513
5802000,2048,7,7,0,371326971,7,371329019,0,2045,10.9971,2042,2,0x16194f8459,57,1858,0,3,11530,2045,10.9971,2042,3,11516
5803000,2048,7,7,0,371390459,7,371392507,0,2047,10.9990,2046,2,0xfd287c21b9,53,1835,0,1,11531,2047,10.9990,2046,1,11517
5804000,2048,7,7,0,371455993,7,371458041,0,2044,10.9961,2040,2,0xbcddb01af2,0,2,0,4,11535,2044,10.9961,2040,4,11521
5805000,2048,7,7,0,371519483,7,371521531,0,2047,10.9990,2046,2,0x5ca203403d,65,1858,0,1,11536,2047,10.9990,2046,1,11522
5806000,2048,7,7,0,371582971,7,371585019,0,2046,10.9980,2044,2,0xb098bc3366,74,1866,0,2,11538,2046,10.9980,2044,2,11524
5807000,2048,7,7,0,371646459,7,371648507,0,2044,10.9961,2040,2,0xaa699a646d,63,1838,0,4,11542,2044,10.9961,2040,4,11528
5808000,2048,7,7,0,371711993,7,371714041,0,2046,10.9980,2044,2,0x520e4829fe,0,2,0,2,11544,2046,10.9980,2044,2,11530
5809000,2048,7,7,0,371775483,7,371777531,0,2047,10.9990,2046,2,0xbd86952549,69,1850,0,1,11545,2047,10.9990,2046,1,11531
5810000,2048,7,7,0,371838971,7,371841019,0,2048,11.0000,2048,1,0x86f197bef1,62,1852,0,0,11545,2048,11.0000,2048,0,11531
5811000,2048,7,7,0,371902459,7,371904507,0,2045,10.9971,2042,2,0xfed5c4722b,66,1853,0,3,11548,2045,10.9971,2042,3,11534
5812000,2048,7,7,0,371967993,7,371970041,0,2045,10.9971,2042,2,0x8e6b314be9,0,1,0,3,11551,2045,10.9971,2042,3,11537
5813000,2048,7,7,0,372031483,7,372033531,0,2046,10.9980,2044,2,0x47a0f17b59,66,1847,0,2,11553,2046,10.9980,2044,2,11539
5814000,2048,7,7,0,372094971,7,372097019,0,2046,10.9980,2044,2,0x25255fb897,64,1852,0,2,11555,2046,10.9980,2044,2,11541
5815000,2048,7,7,0,372158459,7,372160507,0,2047,10.9990,2046,2,0x5317e472e5,76,1876,0,1,11556,2047,10.9990,2046,1,11542
5816000,2048,7,7,0,372223993,7,372226041,0,2048,11.0000,2048,1,0x2e9b40aede,0,2,0,0,11556,2048,11.0000,2048,0,11542
5817000,2048,7,7,0,372287483,7,372289531,0,2045,10.9971,2042,2,0x9147b0109f,49,1828,0,3,11559,2045,10.9971,2042,3,11545
5818000,2048,7,7,0,372350971,7,372353019,0,2048,11.0000,2048,1,0x4ce639e9da,65,1847,0,0,11559,2048,11.0000,2048,0,11545
5819000,2048,7,7,0,372414459,7,372416507,0,2045,10.9971,2042,2,0xdfbb2a7751,77,1846,0,3,11562,2045,10.9971,2042,3,11548
5820000,2048,7,7,0,372479993,7,372482041,0,2046,10.9980,2044,2,0x672d8b45f6,0,2,0,2,11564,2046,10.9980,2044,2,11550
5821000,2048,7,7,0,372543483,7,372545531,0,2046,10.9980,2044,2,0x85ff43b1cc,61,1861,0,2,11566,2046,10.9980,2044,2,11552
5822000,2048,7,7,0,372606971,7,372609019,0,2047,10.9990,2046,2,0x4582f36597,49,1852,0,1,11567,2047,10.9990,2046,1,11553
5823000,2048,7,7,0,372670459,7,372672507,0,2047,10.9990,2046,2,0x6b1825c851,56,1843,0,1,11568,2047,10.9990,2046,1,11554
5824000,2048,7,7,0,372735993,7,372738041,0,2045,10.9971,2042,2,0xe0a121c930,0,2,0,3,11571,2045,10.9971,2042,3,11557
5825000,2048,7,7,0,372799483,7,372801531,0,2045,10.9971,2042,2,0x5a9fe21518,46,1832,0,3,11574,2045,10.9971,2042,3,11560
5826000,2048,7,7,0,372862971,7,372865019,0,2048,11.0000,2048,1,0x259c1bf028,65,1832,0,0,11574,2048,11.0000,2048,0,11560
5827000,2048,7,7,0,372926459,7,372928507,0,2046,10.9980,2044,2,0xf86c11ad34,62,1842,0,2,11576,2046,10.9980,2044,2,11562
5828000,2048,7,7,0,372991993,7,372994041,0,2047,10.9990,2046,2,0x079fa9d35a,0,2,0,1,11577,2047,10.9990,2046,1,11563
5829000,2048,7,7,0,373055483,7,373057531,0,2045,10.9971,2042,2,0x3e8f549e0e,64,1846,0,3,11580,2045,10.9971,2042,3,11566
5830000,2048,7,7,0,373118971,7,373121019,0,2046,10.9980,2044,2,0x97d5e538ae,63,1873,0,2,11582,2046,10.9980,2044,2,11568
5831000,2048,7,7,0,373182459,7,373184507,0,2046,10.9980,2044,2,0xbbcab110f2,78,1859,0,2,11584,2046,10.9980,2044,2,11570
5832000,2048,7,7,0,373247993,7,373250041,0,2048,11.0000,2048,1,0x3d02203e30,0,2,0,0,11584,2048,11.0000,2048,0,11570
5833000,2048,7,7,0,373311483,7,373313531,0,2046,10.9980,2044,2,0xc270f89d23,72,1857,0,2,11586,2046,10.9980,2044,2,11572
5834000,2048,7,7,0,373374971,7,373377019,0,2044,10.9961,2040,2,0x146145585c,65,1846,0,4,11590,2044,10.9961,2040,4,11576
5835000,2048,7,7,0,373438459,7,373440507,0,2045,10.9971,2042,2,0x3fa238b500,60,1837,0,3,11593,2045,10.9971,2042,3,11579
5836000,2048,7,7,0,373503993,7,373506041,0,2046,10.9980,2044,2,0x151e98a239,0,1,0,2,11595,2046,10.9980,2044,2,11581
5837000,2048,7,7,0,373567483,7,373569531,0,2045,10.9971,2042,2,0xa54e099ff8,54,1839,0,3,11598,2045,10.9971,2042,3,11584
5838000,2048,7,7,0,373630971,7,373633019,0,2047,10.9990,2046,2,0x8fda2cd1f2,57,1852,0,1,11599,2047,10.9990,2046,1,11585
5839000,2048,7,7,0,373694459,7,373696507,0,2046,10.9980,2044,2,0x665ca59ee0,70,1842,0,2,11601,2046,10.9980,2044,2,11587
5840000,2048,7,7,0,373759993,7,373762041,0,2042,10.9941,2036,2,0x4a2509e3b0,0,2,0,6,11607,2042,10.9941,2036,6,11593
5841000,2048,7,7,0,373823483,7,373825531,0,2046,10.9980,2044,2,0x41b9d25b77,68,1853,0,2,11609,2046,10.9980,2044,2,11595
5842000,2048,7,7,0,373886971,7,373889019,0,2046,10.9980,2044,2,0x101a22a8b1,47,1851,0,2,11611,2046,10.9980,2044,2,11597
5843000,2048,7,7,0,373950459,7,373952507,0,2044,10.9961,2040,2,0x98e00b6537,57,1840,0,4,11615,2044,10.9961,2040,4,11601
5844000,2048,7,7,0,374015993,7,374018041,0,2047,10.9990,2046,2,0x7890f2835b,0,2,0,1,11616,2047,10.9990,2046,1,11602
5845000,2048,7,7,0,374079483,7,374081531,0,2046,10.9980,2044,2,0xd39aa1cf22,49,1853,0,2,11618,2046,10.9980,2044,2,11604
5846000,2048,7,7,0,374142971,7,374145019,0,2045,10.9971,2042,2,0x82162a2b68,70,1880,0,3,11621,2045,10.9971,2042,3,11607
5847000,2048,7,7,0,374206459,7,374208507,0,2044,10.9961,2040,2,0x2956ee3a4a,59,1845,0,4,11625,2044,10.9961,2040,4,11611
5848000,2048,7,7,0,374271993,7,374274041,0,2045,10.9971,2042,2,0x5ba7d7b2b0,0,2,0,3,11628,2045,10.9971,2042,3,11614
5849000,2048,7,7,0,374335483,7,374337531,0,2047,10.9990,2046,2,0x0ebde98ba1,67,1864,0,1,11629,2047,10.9990,2046,1,11615
5850000,2048,7,7,0,374398971,7,374401019,0,2048,11.0000,2048,1,0x08e1d9cc81,59,1870,0,0,11629,2048,11.0000,2048,0,11615
5851000,2048,7,7,0,374462459,7,374464507,0,2047,10.9990,2046,2,0xfb692bcb5a,59,1853,0,1,11630,2047,10.9990,2046,1,11616
5852000,2048,7,7,0,374527993,7,374530041,0,2042,10.9941,2036,2,0x4c6f88e952,1,2,0,6,11636,2042,10.9941,2036,6,11622
5853000,2048,7,7,0,374591483,7,374593531,0,2047,10.9990,2046,2,0x203aeee2fc,79,1835,0,1,11637,2047,10.9990,2046,1,11623
5854000,2048,7,7,0,374654971,7,374657019,0,2046,10.9980,2044,2,0x19d1a3984e,62,1808,0,2,11639,2046,10.9980,2044,2,11625
5855000,2048,7,7,0,374718459,7,374720507,0,2048,11.0000,2048,1,0x77aca780ed,71,1860,0,0,11639,2048,11.0000,2048,0,11625
5856000,2048,7,7,0,374783993,7,374786041,0,2047,10.9990,2046,2,0xd5da895c22,0,1,0,1,11640,2047,10.9990,2046,1,11626
5857000,2048,7,7,0,374847483,7,374849531,0,2046,10.9980,2044,2,0x9c9ebbb68a,69,1856,0,2,11642,2046,10.9980,2044,2,11628
5858000,2048,7,7,0,374910971,7,374913019,0,2045,10.9971,2042,2,0xff59f93bbb,77,1875,0,3,11645,2045,10.9971,2042,3,11631
5859000,2048,7,7,0,374974459,7,374976507,0,2046,10.9980,2044,2,0x9870fe5707,76,1850,0,2,11647,2046,10.9980,2044,2,11633
5860000,2048,7,7,0,375039993,7,375042041,0,2047,10.9990,2046,2,0xce3a53b9ef,0,2,0,1,11648,2047,10.9990,2046,1,11634
5861000,2048,7,7,0,375103483,7,375105531,0,2046,10.9980,2044,2,0x4a4babfece,66,1843,0,2,11650,2046,10.9980,2044,2,11636
5862000,2048,7,7,0,375166971,7,375169019,0,2045,10.9971,2042,2,0xc00e236d17,72,1827,0,3,11653,2045,10.9971,2042,3,11639
5863000,2048,7,7,0,375230459,7,375232507,0,2043,10.9951,2038,2,0xf4a8166145,62,1839,0,5,11658,2043,10.9951,2038,5,11644
5864000,2048,7,7,0,375295993,7,375298041,0,2048,11.0000,2048,1,0xd331091360,0,2,0,0,11658,2048,11.0000,2048,0,11644
5865000,2048,7,7,0,375359483,7,375361531,0,2047,10.9990,2046,2,0x47f90685df,59,1827,0,1,11659,2047,10.9990,2046,1,11645
5866000,2048,7,7,0,375422971,7,375425019,0,2047,10.9990,2046,2,0xd05ba85412,67,1831,0,1,11660,2048,11.0000,2048,0,11645
5867000,2048,7,7,0,375486459,7,375488507,0,2043,10.9951,2038,2,0xdf0a3730b4,70,1844,0,5,11665,2043,10.9951,2038,5,11650
5868000,2048,7,7,0,375551993,7,375554041,0,2047,10.9990,2046,2,0x0d8a46bc2b,0,2,0,1,11666,2047,10.9990,2046,1,11651
5869000,2048,7,7,0,375615483,7,375617531,0,2048,11.0000,2048,1,0x1dda188c69,61,1841,0,0,11666,2048,11.0000,2048,0,11651
5870000,2048,7,7,0,375678971,7,375681019,0,2042,10.9941,2036,2,0x99b5507743,63,1853,0,6,11672,2042,10.9941,2036,6,11657
5871000,2048,7,7,0,375742459,7,375744507,0,2048,11.0000,2048,1,0xd11f8272f3,68,1848,0,0,11672,2048,11.0000,2048,0,11657
5872000,2048,7,7,0,375807993,7,375810041,0,2046,10.9980,2044,2,0x9fce176e6f,0,2,0,2,11674,2046,10.9980,2044,2,11659
5873000,2048,7,7,0,375871483,7,375873531,0,2045,10.9971,2042,2,0x4eb596754c,67,1847,0,3,11677,2045,10.9971,2042,3,11662
5874000,2048,7,7,0,375934971,7,375937019,0,2047,10.9990,2046,2,0x645596126c,77,1823,0,1,11678,2047,10.9990,2046,1,11663
5875000,2048,7,7,0,375998459,7,376000507,0,2047,10.9990,2046,2,0xd10ef7d709,64,1832,0,1,11679,2047,10.9990,2046,1,11664
5876000,2048,7,7,0,376063993,7,376066041,0,2043,10.9951,2038,2,0x857214cb66,0,2,0,5,11684,2043,10.9951,2038,5,11669
5877000,2048,7,7,0,376127483,7,376129531,0,2046,10.9980,2044,2,0xf7e546e1d2,80,1857,0,2,11686,2046,10.9980,2044,2,11671
5878000,2048,7,7,0,376190971,7,376193019,0,2045,10.9971,2042,2,0x08cc1bb8fc,72,1845,0,3,11689,2045,10.9971,2042,3,11674
5879000,2048,7,7,0,376254459,7,376256507,0,2047,10.9990,2046,2,0x51cc902b7b,56,1849,0,1,11690,2047,10.9990,2046,1,11675
5880000,2048,7,7,0,376319993,7,376322041,0,2047,10.9990,2046,2,0xbacf0545eb,0,1,0,1,11691,2047,10.9990,2046,1,11676
5881000,2048,8,8,0,376383483,8,376385531,0,2042,10.9941,2036,2,0xd591f23d2b,64,1846,0,6,11697,2042,10.9941,2036,6,11682
5882000,2048,8,8,0,376446971,8,376449019,0,2047,10.9990,2046,2,0xd9326f5a70,59,1830,0,1,11698,2047,10.9990,2046,1,11683
5883000,2048,8,8,0,376510459,8,376512507,0,2045,10.9971,2042,2,0x9588767225,58,1832,0,3,11701,2045,10.9971,2042,3,11686
5884000,2048,8,8,0,376575992,8,376578040,0,2048,11.0000,2048,1,0x13fe887033,0,2,0,0,11701,2048,11.0000,2048,0,11686
5885000,2048,8,8,0,376639483,8,376641531,0,2048,11.0000,2048,1,0x218b7633c0,77,1838,0,0,11701,2048,11.0000,2048,0,11686
5886000,2048,8,8,0,376702971,8,376705019,0,2044,10.9961,2040,2,0xe92c9477a0,69,1846,0,4,11705,2044,10.9961,2040,4,11690
5887000,2048,8,8,0,376766459,8,376768507,0,2048,11.0000,2048,1,0x2506405cba,59,1841,0,0,11705,2048,11.0000,2048,0,11690
5888000,2048,8,8,0,376831992,8,376834040,0,2045,10.9971,2042,2,0x8a1b812976,0,3,0,3,11708,2045,10.9971,2042,3,11693
5889000,2048,8,8,0,376895483,8,376897531,0,2048,11.0000,2048,1,0x7f180e84cd,73,1863,0,0,11708,2048,11.0000,2048,0,11693
5890000,2048,8,8,0,376958971,8,376961019,0,2044,10.9961,2040,2,0x30d54c77df,55,1845,0,4,11712,2044,10.9961,2040,4,11697
5891000,2048,8,8,0,377022459,8,377024507,0,2046,10.9980,2044,2,0xe4c234dbe7,64,1829,0,2,11714,2046,10.9980,2044,2,11699
5892000,2048,8,8,0,377087992,8,377090040,0,2046,10.9980,2044,2,0x67e37ce343,0,3,0,2,11716,2046,10.9980,2044,2,11701
5893000,2048,8,8,0,377151483,8,377153531,0,2046,10.9980,2044,2,0x852f25866c,61,1854,0,2,11718,2046,10.9980,2044,2,11703
5894000,2048,8,8,0,377214971,8,377217019,0,2046,10.9980,2044,2,0xe2dcbaa73f,48,1888,0,2,11720,2046,10.9980,2044,2,11705
5895000,2048,8,8,0,377278459,8,377280507,0,2047,10.9990,2046,2,0x6eea9e901e,57,1840,0,1,11721,2047,10.9990,2046,1,11706
5896000,2048,8,8,0,377343992,8,377346040,0,2048,11.0000,2048,1,0xba60a3efb5,0,3,0,0,11721,2048,11.0000,2048,0,11706
5897000,2048,8,8,0,377407483,8,377409531,0,2044,10.9961,2040,2,0x555d973fe1,70,1847,0,4,11725,2044,10.9961,2040,4,11710
5898000,2048,8,8,0,377470971,8,377473019,0,2046,10.9980,2044,2,0x1e3433592e,68,1842,0,2,11727,2046,10.9980,2044,2,11712
5899000,2048,8,8,0,377534459,8,377536507,0,2046,10.9980,2044,2,0x5824d5bf0a,55,1833,0,2,11729,2046,10.9980,2044,2,11714
5900000,2048,8,8,0,377599992,8,377602040,0,2043,10.9951,2038,2,0x5b0ba7e9db,0,3,0,5,11734,2043,10.9951,2038,5,11719
5901000,2048,8,8,0,377663483,8,377665531,0,2046,10.9980,2044,2,0xbee86acc26,63,1858,0,2,11736,2046,10.9980,2044,2,11721
5902000,2048,8,8,0,377726971,8,377729019,0,2044,10.9961,2040,2,0xaedacf339a,52,1846,0,4,11740,2044,10.9961,2040,4,11725
5903000,2048,8,8,0,377790459,8,377792507,0,2044,10.9961,2040,2,0xf92f22698d,72,1854,0,4,11744,2044,10.9961,2040,4,11729
5904000,2048,8,8,0,377855992,8,377858040,0,2046,10.9980,2044,2,0x42dd7c2dcf,0,3,0,2,11746,2046,10.9980,2044,2,11731
5905000,2048,8,8,0,377919483,8,377921531,0,2046,10.9980,2044,2,0x4a15003071,70,1836,0,2,11748,2046,10.9980,2044,2,11733
5906000,2048,8,8,0,377982971,8,377985019,0,2047,10.9990,2046,2,0x5b5c1d4f34,72,1846,0,1,11749,2047,10.9990,2046,1,11734
5907000,2048,8,8,0,378046459,8,378048507,0,2047,10.9990,2046,2,0xb8c81c9562,71,1854,0,1,11750,2047,10.9990,2046,1,11735
5908000,2048,8,8,0,378111992,8,378114040,0,2045,10.9971,2042,2,0x8dbb27f2e2,1,3,0,3,11753,2045,10.9971,2042,3,11738
5909000,2048,8,8,0,378175483,8,378177531,0,2044,10.9961,2040,2,0x04769267cf,62,1843,0,4,11757,2044,10.9961,2040,4,11742
5910000,2048,8,8,0,378238971,8,378241019,0,2045,10.9971,2042,2,0x63b2a51816,63,1846,0,3,11760,2045,10.9971,2042,3,11745
5911000,2048,8,8,0,378302459,8,378304507,0,2046,10.9980,2044,2,0xa1e69af161,62,1834,0,2,11762,2046,10.9980,2044,2,11747
5912000,2048,8,8,0,378367992,8,378370040,0,2047,10.9990,2046,2,0x112b90c8cb,0,2,0,1,11763,2047,10.9990,2046,1,11748
5913000,2048,8,8,0,378431483,8,378433531,0,2046,10.9980,2044,2,0x8883be1833,60,1839,0,2,11765,2046,10.9980,2044,2,11750
5914000,2048,8,8,0,378494971,8,378497019,0,2048,11.0000,2048,1,0x3bb98aea5f,57,1857,0,0,11765,2048,11.0000,2048,0,11750
5915000,2048,8,8,0,378558459,8,378560507,0,2047,10.9990,2046,2,0x21a6db0bcb,67,1852,0,1,11766,2047,10.9990,2046,1,11751
5916000,2048,8,8,0,378623992,8,378626040,0,2047,10.9990,2046,2,0x7a4258e6be,0,2,0,1,11767,2047,10.9990,2046,1,11752
5917000,2048,8,8,0,378687483,8,378689531,0,2047,10.9990,2046,2,0x8008d5795d,76,1870,0,1,11768,2047,10.9990,2046,1,11753
5918000,2048,8,8,0,378750971,8,378753019,0,2046,10.9980,2044,2,0xd0244fd620,67,1841,0,2,11770,2046,10.9980,2044,2,11755
5919000,2048,8,8,0,378814459,8,378816507,0,2045,10.9971,2042,2,0x2ec596c96c,76,1850,0,3,11773,2045,10.9971,2042,3,11758
5920000,2048,8,8,0,378879992,8,378882040,0,2046,10.9980,2044,2,0xd3df35fdef,0,3,0,2,11775,2046,10.9980,2044,2,11760
5921000,2048,8,8,0,378943483,8,378945531,0,2047,10.9990,2046,2,0xea9e75ec9b,74,1834,0,1,11776,2047,10.9990,2046,1,11761
5922000,2048,8,8,0,379006971,8,379009019,0,2048,11.0000,2048,1,0xd52e6870a6,69,1828,0,0,11776,2048,11.0000,2048,0,11761
5923000,2048,8,8,0,379070459,8,379072507,0,2046,10.9980,2044,2,0xd0d7a2f7b3,65,1854,0,2,11778,2046,10.9980,2044,2,11763
5924000,2048,8,8,0,379135992,8,379138040,0,2047,10.9990,2046,2,0x59291f184a,0,2,0,1,11779,2047,10.9990,2046,1,11764
5925000,2048,8,8,0,379199483,8,379201531,0,2047,10.9990,2046,2,0xae82f02126,63,1873,0,1,11780,2047,10.9990,2046,1,11765
5926000,2048,8,8,0,379262971,8,379265019,0,2047,10.9990,2046,2,0x2b0d9780a1,57,1847,0,1,11781,2047,10.9990,2046,1,11766
5927000,2048,8,8,0,379326459,8,379328507,0,2046,10.9980,2044,2,0x41d83737f9,83,1849,0,2,11783,2046,10.9980,2044,2,11768
5928000,2048,8,8,0,379391992,8,379394040,0,2046,10.9980,2044,2,0x9cbbd5f9d7,0,2,0,2,11785,2046,10.9980,2044,2,11770
5929000,2048,8,8,0,379455483,8,379457531,0,2046,10.9980,2044,2,0x69da9d8b00,61,1840,0,2,11787,2046,10.9980,2044,2,11772
5930000,2048,8,8,0,379518971,8,379521019,0,2047,10.9990,2046,2,0x33f1660ab1,65,1855,0,1,11788,2047,10.9990,2046,1,11773
5931000,2048,8,8,0,379582459,8,379584507,0,2047,10.9990,2046,2,0xea20d0e60f,85,1828,0,1,11789,2047,10.9990,2046,1,11774
5932000,2048,8,8,0,379647992,8,379650040,0,2048,11.0000,2048,1,0xa9c6de46d8,0,2,0,0,11789,2048,11.0000,2048,0,11774
5933000,2048,8,8,0,379711483,8,379713531,0,2044,10.9961,2040,2,0xd87de7e515,59,1851,0,4,11793,2044,10.9961,2040,4,11778
5934000,2048,8,8,0,379774971,8,379777019,0,2047,10.9990,2046,2,0xa5cf68fcee,76,1848,0,1,11794,2047,10.9990,2046,1,11779
5935000,2048,8,8,0,379838459,8,379840507,0,2046,10.9980,2044,2,0xd6b063e484,54,1820,0,2,11796,2046,10.9980,2044,2,11781
5936000,2048,8,8,0,379903992,8,379906040,0,2047,10.9990,2046,2,0x9deffa3296,0,3,0,1,11797,2047,10.9990,2046,1,11782
5937000,2048,8,8,0,379967483,8,379969531,0,2047,10.9990,2046,2,0x60bae659f4,73,1861,0,1,11798,2047,10.9990,2046,1,11783
5938000,2048,8,8,0,380030971,8,380033019,0,2045,10.9971,2042,2,0xec8bd25fa6,77,1840,0,3,11801,2045,10.9971,2042,3,11786
5939000,2048,8,8,0,380094459,8,380096507,0,2046,10.9980,2044,2,0x0320ecff74,82,1841,0,2,11803,2046,10.9980,2044,2,11788
5940000,2048,8,8,0,380159992,8,380162040,0,2048,11.0000,2048,1,0x28ced88c62,0,3,0,0,11803,2048,11.0000,2048,0,11788
5941000,2048,8,8,0,380223483,8,380225531,0,2046,10.9980,2044,2,0x60cf025d14,68,1842,0,2,11805,2046,10.9980,2044,2,11790
5942000,2048,8,8,0,380286971,8,380289019,0,2046,10.9980,2044,2,0xaef4180967,76,1840,0,2,11807,2046,10.9980,2044,2,11792
5943000,2048,8,8,0,380350459,8,380352507,0,2048,11.0000,2048,1,0x9724449352,65,1839,0,0,11807,2048,11.0000,2048,0,11792
5944000,2048,8,8,0,380415992,8,380418040,0,2045,10.9971,2042,2,0x6324cde69a,0,3,0,3,11810,2045,10.9971,2042,3,11795
5945000,2048,8,8,0,380479483,8,380481531,0,2045,10.9971,2042,2,0x4b3c37d592,57,1841,0,3,11813,2045,10.9971,2042,3,11798
5946000,2048,8,8,0,380542971,8,380545019,0,2044,10.9961,2040,2,0x958abf907e,65,1823,0,4,11817,2044,10.9961,2040,4,11802
5947000,2048,8,8,0,380606459,8,380608507,0,2046,10.9980,2044,2,0x91dfafb156,64,1860,0,2,11819,2046,10.9980,2044,2,11804
5948000,2048,8,8,0,380671992,8,380674040,0,2047,10.9990,2046,2,0x1654456207,0,3,0,1,11820,2047,10.9990,2046,1,11805
5949000,2048,8,8,0,380735483,8,380737531,0,2046,10.9980,2044,2,0x5096f19b6f,73,1843,0,2,11822,2046,10.9980,2044,2,11807
5950000,2048,8,8,0,380798971,8,380801019,0,2047,10.9990,2046,2,0x7c231762bf,64,1854,0,1,11823,2047,10.9990,2046,1,11808
5951000,2048,8,8,0,380862459,8,380864507,0,2048,11.0000,2048,1,0xe1c4d52259,67,1832,0,0,11823,2048,11.0000,2048,0,11808
5952000,2048,8,8,0,380927992,8,380930040,0,2044,10.9961,2040,2,0x657706489c,0,3,0,4,11827,2044,10.9961,2040,4,11812
5953000,2048,8,8,0,380991483,8,380993531,0,2047,10.9990,2046,2,0x8759936148,73,1845,0,1,11828,2047,10.9990,2046,1,11813
5954000,2048,8,8,0,381054971,8,381057019,0,2043,10.9951,2038,2,0xe08ab5726d,62,1847,0,5,11833,2043,10.9951,2038,5,11818
5955000,2048,8,8,0,381118459,8,381120507,0,2046,10.9980,2044,2,0x6ee3001833,58,1838,0,2,11835,2046,10.9980,2044,2,11820
5956000,2048,8,8,0,381183992,8,381186040,0,2046,10.9980,2044,2,0xe7ccea4ea6,0,3,0,2,11837,2046,10.9980,2044,2,11822
5957000,2048,8,8,0,381247483,8,381249531,0,2044,10.9961,2040,2,0x4392f52277,62,1826,0,4,11841,2044,10.9961,2040,4,11826
5958000,2048,8,8,0,381310971,8,381313019,0,2046,10.9980,2044,2,0x248978caf4,63,1862,0,2,11843,2046,10.9980,2044,2,11828
5959000,2048,8,8,0,381374459,8,381376507,0,2047,10.9990,2046,2,0x61ea84a918,51,1851,0,1,11844,2047,10.9990,2046,1,11829
5960000,2048,8,8,0,381439992,8,381442040,0,2048,11.0000,2048,1,0x7fe5d3bd5b,1,3,0,0,11844,2048,11.0000,2048,0,11829
5961000,2048,8,8,0,381503483,8,381505531,0,2047,10.9990,2046,2,0xdc7384a10f,56,1851,0,1,11845,2047,10.9990,2046,1,11830
5962000,2048,8,8,0,381566971,8,381569019,0,2047,10.9990,2046,2,0x084e074788,64,1847,0,1,11846,2047,10.9990,2046,1,11831
5963000,2048,8,8,0,381630459,8,381632507,0,2047,10.9990,2046,2,0x7eb37a215a,55,1855,0,1,11847,2047,10.9990,2046,1,11832
5964000,2048,8,8,0,381695992,8,381698040,0,2043,10.9951,2038,2,0xd89db025a4,0,3,0,5,11852,2043,10.9951,2038,5,11837
5965000,2048,8,8,0,381759483,8,381761531,0,2045,10.9971,2042,2,0xf6ffe31c7e,68,1852,0,3,11855,2045,10.9971,2042,3,11840
5966000,2048,8,8,0,381822971,8,381825019,0,2043,10.9951,2038,2,0x496e8ae62b,63,1821,0,5,11860,2043,10.9951,2038,5,11845
5967000,2048,8,8,0,381886459,8,381888507,0,2044,10.9961,2040,2,0x7555eab1ad,61,1844,0,4,11864,2044,10.9961,2040,4,11849
5968000,2048,8,8,0,381951992,8,381954040,0,2046,10.9980,2044,2,0x52410240e1,0,2,0,2,11866,2046,10.9980,2044,2,11851
5969000,2048,8,8,0,382015483,8,382017531,0,2045,10.9971,2042,2,0x7f547b0a72,61,1841,0,3,11869,2045,10.9971,2042,3,11854
5970000,2048,8,8,0,382078971,8,382081019,0,2042,10.9941,2036,2,0xc16006aa9f,61,1844,0,6,11875,2042,10.9941,2036,6,11860
5971000,2048,8,8,0,382142459,8,382144507,0,2047,10.9990,2046,2,0x560d542f89,55,1862,0,1,11876,2047,10.9990,2046,1,11861
5972000,2048,8,8,0,382207992,8,382210040,0,2043,10.9951,2038,2,0x79b1a36d8c,0,3,0,5,11881,2043,10.9951,2038,5,11866
5973000,2048,8,8,0,382271483,8,382273531,0,2047,10.9990,2046,2,0xf6b5b0e920,67,1865,0,1,11882,2047,10.9990,2046,1,11867
5974000,2048,8,8,0,382334971,8,382337019,0,2046,10.9980,2044,2,0x0365d13cd9,81,1852,0,2,11884,2046,10.9980,2044,2,11869
5975000,2048,8,8,0,382398459,8,382400507,0,2047,10.9990,2046,2,0xfd29a36280,69,1864,0,1,11885,2047,10.9990,2046,1,11870
5976000,2048,8,8,0,382463992,8,382466040,0,2047,10.9990,2046,2,0xa235d5df80,0,2,0,1,11886,2047,10.9990,2046,1,11871
5977000,2048,8,8,0,382527483,8,382529531,0,2046,10.9980,2044,2,0x0d719074d9,65,1868,0,2,11888,2046,10.9980,2044,2,11873
5978000,2048,8,8,0,382590971,8,382593019,0,2042,10.9941,2036,2,0x74adb7f2b6,76,1863,0,6,11894,2042,10.9941,2036,6,11879
5979000,2048,8,8,0,382654459,8,382656507,0,2045,10.9971,2042,2,0x3814d8dded,70,1838,0,3,11897,2045,10.9971,2042,3,11882
5980000,2048,8,8,0,382719992,8,382722040,0,2044,10.9961,2040,2,0x130ecb47aa,0,3,0,4,11901,2044,10.9961,2040,4,11886
5981000,2048,8,8,0,382783483,8,382785531,0,2045,10.9971,2042,2,0x6d205ef89d,71,1841,0,3,11904,2045,10.9971,2042,3,11889
5982000,2048,8,8,0,382846971,8,382849019,0,2047,10.9990,2046,2,0xd071f55016,55,1871,0,1,11905,2047,10.9990,2046,1,11890
5983000,2048,8,8,0,382910459,8,382912507,0,2044,10.9961,2040,2,0x1a7e0d757b,63,1856,0,4,11909,2044,10.9961,2040,4,11894
5984000,2048,8,8,0,382975992,8,382978040,0,2046,10.9980,2044,2,0xde2ca71173,0,3,0,2,11911,2046,10.9980,2044,2,11896
5985000,2048,8,8,0,383039483,8,383041531,0,2045,10.9971,2042,2,0x4d9ddd222e,62,1865,0,3,11914,2045,10.9971,2042,3,11899
5986000,2048,8,8,0,383102971,8,383105019,0,2044,10.9961,2040,2,0xd5c104db08,73,1851,0,4,11918,2044,10.9961,2040,4,11903
5987000,2048,8,8,0,383166459,8,383168507,0,2043,10.9951,2038,2,0xe4ca28dad7,61,1845,0,5,11923,2043,10.9951,2038,5,11908
5988000,2048,8,8,0,383231992,8,383234040,0,2044,10.9961,2040,2,0xde783a409d,0,3,0,4,11927,2044,10.9961,2040,4,11912
5989000,2048,8,8,0,383295483,8,383297531,0,2045,10.9971,2042,2,0xc4db0bc786,65,1840,0,3,11930,2045,10.9971,2042,3,11915
5990000,2048,8,8,0,383358971,8,383361019,0,2044,10.9961,2040,2,0x74a3afa18c,63,1838,0,4,11934,2044,10.9961,2040,4,11919
5991000,2048,8,8,0,383422459,8,383424507,0,2048,11.0000,2048,1,0x3cd608e39d,68,1852,0,0,11934,2048,11.0000,2048,0,11919
5992000,2048,8,8,0,383487992,8,383490040,0,2047,10.9990,2046,2,0x91a88c5957,0,3,0,1,11935,2047,10.9990,2046,1,11920
5993000,2048,8,8,0,383551483,8,383553531,0,2046,10.9980,2044,2,0x530f44a471,59,1858,0,2,11937,2046,10.9980,2044,2,11922
5994000,2048,8,8,0,383614971,8,383617019,0,2046,10.9980,2044,2,0xb981562d41,85,1846,0,2,11939,2046,10.9980,2044,2,11924
5995000,2048,8,8,0,383678459,8,383680507,0,2046,10.9980,2044,2,0xf01ecbb80d,62,1837,0,2,11941,2046,10.9980,2044,2,11926
5996000,2048,8,8,0,383743992,8,383746040,0,2044,10.9961,2040,2,0xfe336a48bd,0,2,0,4,11945,2044,10.9961,2040,4,11930
5997000,2048,8,8,0,383807483,8,383809531,0,2045,10.9971,2042,2,0x226834b7d2,55,1848,0,3,11948,2045,10.9971,2042,3,11933
5998000,2048,8,8,0,383870971,8,383873019,0,2047,10.9990,2046,2,0x0b43c2a90e,67,1856,0,1,11949,2047,10.9990,2046,1,11934
5999000,2048,8,8,0,383934459,8,383936507,0,2046,10.9980,2044,2,0x396158202a,68,1845,0,2,11951,2046,10.9980,2044,2,11936
6000000,2048,8,8,0,383999992,8,384002040,0,2047,10.9990,2046,2,0x9717ed1e7a,0,3,0,1,11952,2047,10.9990,2046,1,11937
