tick,alive,distinct_genomes,mean_energy,mean_steps,halting_fraction,births,deaths
0,13141,13141,64.00,100.1,0.6187,0,0
1000,259864,73634,172.93,6.3,0.9930,5311876,5065153
2000,260366,56118,194.63,6.6,0.9944,5562923,5562421
3000,259578,47525,199.10,7.9,0.9934,4852653,4853441
4000,257746,46030,198.83,8.5,0.9922,4691370,4693202
5000,254385,48429,198.87,8.4,0.9930,4647013,4650374
6000,251227,51333,197.27,8.3,0.9933,4653301,4656459
7000,246384,53587,198.50,8.4,0.9931,4568239,4573082
8000,241649,55493,200.51,8.1,0.9940,4376631,4381366
9000,239518,56414,200.97,8.1,0.9936,4187524,4189655
10000,239647,59019,202.69,7.9,0.9943,4102105,4101976
11000,236356,61606,202.07,8.0,0.9936,3987991,3991282
12000,233327,63678,203.13,7.6,0.9947,3871620,3874649
13000,230221,65020,205.69,7.6,0.9945,3721210,3724316
14000,229000,66850,206.64,7.3,0.9954,3575464,3576685
15000,223968,67871,208.00,7.4,0.9949,3424114,3429146
16000,221397,69841,210.49,7.3,0.9950,3232889,3235460
17000,217516,70421,210.20,7.2,0.9952,3051170,3055051
18000,215889,71192,210.88,7.2,0.9949,3007821,3009448
19000,211719,70978,211.45,7.0,0.9953,2892060,2896230
20000,213005,72107,210.35,7.1,0.9951,2870938,2869652
21000,209807,71869,212.46,6.9,0.9957,2826666,2829864
22000,208386,71965,211.32,6.8,0.9958,2783517,2784938
23000,211777,71872,211.59,7.0,0.9949,2841674,2838283
24000,209790,71901,212.50,6.8,0.9956,2802811,2804798
25000,208899,72026,213.51,6.7,0.9958,2721160,2722051
26000,209283,73449,213.22,6.8,0.9955,2728830,2728446
27000,209680,73465,212.50,6.8,0.9955,2717744,2717347
28000,208581,72413,212.37,6.8,0.9954,2712195,2713294
29000,208762,72657,212.75,6.7,0.9957,2712190,2712009
30000,209169,72904,212.13,6.8,0.9954,2713222,2712815
31000,209341,72661,213.39,6.6,0.9960,2728989,2728817
32000,208421,73179,213.02,6.6,0.9959,2678119,2679039
33000,207710,73814,212.37,6.6,0.9957,2682676,2683387
34000,207339,72776,212.98,6.6,0.9958,2695552,2695923
35000,208438,73204,213.34,6.5,0.9959,2695753,2694654
36000,205527,72873,211.58,6.7,0.9951,2651126,2654037
37000,209315,72818,212.75,6.5,0.9959,2753955,2750167
38000,207709,72101,212.22,6.6,0.9954,2699050,2700656
39000,208210,72618,212.38,6.6,0.9954,2747210,2746709
40000,207777,73079,212.32,6.6,0.9954,2739600,2740033
41000,207909,72277,212.28,6.6,0.9953,2741912,2741780
42000,209502,72574,211.63,6.4,0.9960,2757401,2755808
43000,207375,72522,212.85,6.5,0.9955,2749036,2751163
44000,209284,73269,211.48,6.5,0.9956,2730477,2728568
45000,209767,72829,211.87,6.4,0.9958,2755026,2754543
46000,208541,72019,212.94,6.4,0.9957,2741049,2742275
47000,208596,71724,212.95,6.5,0.9956,2680671,2680616
48000,208650,72330,213.82,6.4,0.9956,2697562,2697508
49000,206802,72566,212.47,6.4,0.9957,2643038,2644886
50000,207897,72922,213.28,6.3,0.9959,2686809,2685714
51000,208455,73174,211.79,6.4,0.9956,2663411,2662853
52000,207864,72694,212.73,6.4,0.9957,2732700,2733291
53000,208291,72584,213.12,6.5,0.9953,2702216,2701789
54000,208442,72839,213.25,6.3,0.9961,2667155,2667004
55000,205955,72809,212.99,6.3,0.9957,2665538,2668025
56000,206603,72901,212.94,6.3,0.9957,2693842,2693194
57000,207713,72290,211.21,6.4,0.9954,2737650,2736540
58000,210317,72243,211.80,6.4,0.9953,2751648,2749044
59000,209555,72248,212.93,6.3,0.9956,2784994,2785756
60000,209004,71865,211.51,6.3,0.9957,2754537,2755088
61000,209420,71713,212.26,6.3,0.9956,2779977,2779561
62000,207815,70962,211.69,6.4,0.9953,2743683,2745288
63000,209789,70603,211.94,6.2,0.9961,2750968,2748994
64000,209451,71568,212.38,6.3,0.9954,2788212,2788550
65000,207141,71152,210.99,6.4,0.9953,2733469,2735779
66000,209567,71368,211.59,6.3,0.9956,2796044,2793618
67000,209336,71053,212.55,6.2,0.9958,2780528,2780759
68000,208917,71160,212.54,6.2,0.9957,2731613,2732032
69000,209030,71617,212.40,6.2,0.9956,2767612,2767499
70000,208719,70932,211.14,6.3,0.9955,2773982,2774293
71000,211334,71053,211.91,6.2,0.9957,2834032,2831417
72000,209378,71469,212.22,6.2,0.9956,2813554,2815510
73000,206783,70507,212.48,6.1,0.9960,2727811,2730406
74000,209944,70069,211.14,6.1,0.9960,2769338,2766177
75000,209097,69306,212.77,6.2,0.9957,2781326,2782173
76000,209556,69672,212.51,6.1,0.9957,2766494,2766035
77000,209726,68956,211.29,6.1,0.9957,2796149,2795979
78000,212298,68225,211.54,6.2,0.9956,2845201,2842629
79000,209559,68752,211.32,6.2,0.9954,2823965,2826704
80000,210415,69385,210.92,6.2,0.9957,2871163,2870307
81000,206613,68035,210.54,6.3,0.9952,2802391,2806193
82000,211164,68744,210.76,6.2,0.9955,2896708,2892157
83000,210832,69429,212.16,6.1,0.9958,2854933,2855265
84000,208282,69162,211.50,6.1,0.9959,2791429,2793979
85000,211689,68900,210.85,6.2,0.9955,2873611,2870204
86000,212164,68583,211.36,6.2,0.9952,2869505,2869030
87000,211212,68525,210.27,6.2,0.9953,2861344,2862296
88000,211011,68482,211.08,6.2,0.9953,2868821,2869022
89000,209448,68670,210.71,6.1,0.9957,2834955,2836518
90000,213387,68738,211.46,6.2,0.9953,2904978,2901039
91000,210858,68265,211.47,6.1,0.9955,2830792,2833321
92000,210807,68370,211.55,6.1,0.9958,2849928,2849979
93000,210422,68548,210.56,6.1,0.9954,2830729,2831114
94000,210448,68467,210.80,6.0,0.9959,2886445,2886419
95000,210166,67963,211.09,6.0,0.9958,2831893,2832175
96000,211739,67351,210.62,6.0,0.9957,2887611,2886038
97000,211076,66594,211.67,6.1,0.9956,2858225,2858888
98000,211948,67416,211.80,6.0,0.9959,2861161,2860289
99000,209955,66804,211.57,6.0,0.9957,2832430,2834423
100000,210276,65257,211.35,5.9,0.9960,2856164,2855843
101000,213550,65333,210.81,6.1,0.9955,2902139,2898865
102000,211327,64668,211.05,6.2,0.9952,2869335,2871558
103000,212877,64342,211.19,6.1,0.9954,2905577,2904027
104000,211800,64513,210.88,6.0,0.9958,2863816,2864893
105000,214955,64627,209.53,6.2,0.9950,2912691,2909536
106000,210820,64469,211.48,5.9,0.9960,2926828,2930963
107000,210243,64286,211.30,5.9,0.9959,2822422,2822999
108000,210244,62963,211.41,6.0,0.9957,2878533,2878532
109000,212228,63676,210.35,6.0,0.9956,2918906,2916922
110000,212473,63796,209.43,6.0,0.9955,2928522,2928277
111000,215653,62460,209.31,6.1,0.9954,3036163,3032983
112000,217046,62652,209.51,6.0,0.9960,3066841,3065448
113000,213830,62283,210.06,6.1,0.9957,3051333,3054549
114000,214182,62479,208.82,6.1,0.9956,3018838,3018486
115000,215624,63737,209.02,6.1,0.9955,3082333,3080891
116000,210678,63595,210.04,6.1,0.9952,3022861,3027807
117000,216294,63487,206.83,6.3,0.9949,3047876,3042260
118000,215035,62890,210.16,6.1,0.9956,3106708,3107967
119000,213107,63601,210.14,6.2,0.9951,2934143,2936071
120000,213271,64091,210.30,6.0,0.9956,2973758,2973594
121000,210602,63186,209.82,6.1,0.9954,2919789,2922458
122000,212856,64045,209.03,6.0,0.9957,2956629,2954375
123000,211295,63722,209.55,6.0,0.9955,2963000,2964561
124000,213856,63625,209.94,6.2,0.9949,2984863,2982302
125000,212571,63478,209.05,6.1,0.9952,2979690,2980975
126000,213416,62524,208.84,6.0,0.9957,3003683,3002838
127000,215358,62802,208.61,6.1,0.9951,3069900,3067958
128000,216651,62066,208.86,6.1,0.9952,3099786,3098493
129000,215838,61618,208.98,6.1,0.9953,3038342,3039155
130000,216269,61386,209.98,6.0,0.9957,3062232,3061801
131000,216738,61258,210.51,5.9,0.9957,3025292,3024823
132000,217211,61002,210.39,5.9,0.9960,3050023,3049550
133000,218023,60616,209.13,6.1,0.9951,3071367,3070555
134000,219685,59507,209.16,6.1,0.9951,3124063,3122401
135000,219318,58685,209.20,5.9,0.9957,3115905,3116272
136000,221108,58722,209.47,5.9,0.9958,3135978,3134188
137000,218214,59633,209.18,5.9,0.9956,3134157,3137051
138000,217610,59839,208.86,6.0,0.9952,3141890,3142494
139000,217400,60027,208.92,6.1,0.9951,3114392,3114602
140000,216654,60513,209.38,6.0,0.9953,3109022,3109768
141000,213933,59960,208.87,5.9,0.9957,3063846,3066567
142000,216316,59480,208.44,6.0,0.9952,3094187,3091804
143000,218419,60825,209.31,6.0,0.9952,3130685,3128582
144000,215588,60689,209.69,6.0,0.9955,3068927,3071758
145000,214327,59723,208.46,6.1,0.9950,3055110,3056371
146000,219908,60635,208.27,6.0,0.9953,3198066,3192485
147000,218831,61245,208.39,5.9,0.9958,3203484,3204561
148000,214908,62013,208.34,5.9,0.9957,3137173,3141096
149000,217974,63005,207.72,6.0,0.9954,3167219,3164153
150000,215814,63144,208.70,5.9,0.9954,3142117,3144277
151000,217955,64043,208.13,5.8,0.9958,3123655,3121514
152000,217642,64002,208.84,5.8,0.9959,3104696,3105009
153000,215811,63671,208.67,5.9,0.9955,3088716,3090547
154000,218943,62805,208.77,5.9,0.9955,3113328,3110196
155000,216522,61852,209.39,5.9,0.9954,3131615,3134036
156000,217698,61178,209.41,6.0,0.9950,3093539,3092363
157000,217269,61351,208.78,5.8,0.9957,3081578,3082007
158000,217548,61361,208.48,5.9,0.9955,3101921,3101642
159000,219822,60889,208.06,5.8,0.9959,3162177,3159903
160000,217061,60579,208.57,5.8,0.9957,3157848,3160609
161000,218880,60623,209.10,6.0,0.9950,3136716,3134897
162000,219889,60210,209.21,5.8,0.9959,3139519,3138510
163000,221124,60855,208.85,5.9,0.9954,3209071,3207836
164000,219426,60063,207.52,5.9,0.9951,3182572,3184270
165000,221850,60318,207.67,5.9,0.9951,3254828,3252404
166000,219921,60502,207.77,6.0,0.9951,3181101,3183030
167000,220275,59956,208.17,5.7,0.9960,3197169,3196815
168000,218375,59242,207.51,5.8,0.9957,3190863,3192763
169000,220416,58533,207.92,6.0,0.9949,3233424,3231383
170000,221973,59151,207.52,5.8,0.9957,3253669,3252112
171000,219133,60149,209.56,5.7,0.9959,3168663,3171503
172000,218210,60215,208.36,5.8,0.9955,3174194,3175117
173000,220340,60002,208.77,5.7,0.9959,3176329,3174199
174000,221091,59379,208.65,5.9,0.9955,3205755,3205004
175000,219166,59475,208.15,5.9,0.9955,3208842,3210767
176000,219965,60176,207.99,5.9,0.9953,3211422,3210623
177000,220485,60610,208.45,5.8,0.9957,3215528,3215008
178000,219396,60490,209.30,5.8,0.9957,3139421,3140510
179000,218519,60170,209.13,5.7,0.9959,3104981,3105858
180000,218148,59936,209.80,5.8,0.9957,3080247,3080618
181000,217827,59722,208.80,5.8,0.9954,3083872,3084193
182000,220973,59455,207.75,5.8,0.9955,3174047,3170901
183000,218469,58426,209.83,5.7,0.9959,3145125,3147629
184000,219641,57678,208.14,5.7,0.9960,3120798,3119626
185000,224835,56919,208.80,5.8,0.9955,3257676,3252482
186000,223825,55971,208.16,5.9,0.9951,3270212,3271222
187000,223451,55609,208.40,5.9,0.9953,3296372,3296746
188000,222456,56171,208.26,5.9,0.9953,3235550,3236545
189000,222254,57027,207.02,6.1,0.9947,3291816,3292018
190000,221634,57337,207.59,6.0,0.9949,3262293,3262913
191000,223807,57142,207.04,5.8,0.9957,3315239,3313066
192000,224692,57245,206.92,6.0,0.9950,3339591,3338706
193000,223423,56852,208.22,5.8,0.9955,3350865,3352134
194000,223475,55976,206.26,5.9,0.9955,3347208,3347156
195000,224379,56444,206.90,6.0,0.9950,3386588,3385684
196000,223673,57198,207.06,5.9,0.9951,3390919,3391625
197000,219422,58501,207.43,5.8,0.9955,3231543,3235794
198000,221864,59708,208.05,5.8,0.9955,3274241,3271799
199000,218430,59181,208.02,5.7,0.9958,3209566,3213000
200000,222775,57743,207.52,5.9,0.9952,3268775,3264430
201000,221395,57121,207.68,5.9,0.9951,3248181,3249561
202000,222796,57449,207.82,5.8,0.9955,3279151,3277750
203000,222008,58217,207.54,5.8,0.9954,3276314,3277102
204000,221115,57865,207.32,6.0,0.9950,3277033,3277926
205000,222468,58137,207.05,5.8,0.9954,3331703,3330350
206000,221953,57917,207.67,5.9,0.9953,3282621,3283136
207000,221565,58074,206.93,5.8,0.9953,3220186,3220574
208000,222494,57930,207.39,5.8,0.9953,3281456,3280527
209000,222113,57544,207.71,5.9,0.9949,3270109,3270490
210000,222245,57499,208.79,5.8,0.9955,3239870,3239738
211000,223527,57090,207.63,5.9,0.9952,3269826,3268544
212000,223376,56895,208.66,5.8,0.9955,3273072,3273223
213000,221347,57067,208.94,5.9,0.9952,3215331,3217360
214000,220141,56503,207.95,5.7,0.9957,3218965,3220171
215000,224620,56771,207.27,5.8,0.9955,3287551,3283072
216000,223151,55483,207.58,5.8,0.9955,3301464,3302933
217000,220990,55416,208.46,6.0,0.9949,3266788,3268949
218000,223516,55877,207.49,5.7,0.9960,3250423,3247897
219000,224904,54734,207.95,5.7,0.9958,3304426,3303038
220000,225036,52354,207.12,5.7,0.9960,3307273,3307141
221000,229592,51608,207.46,5.9,0.9952,3437949,3433393
222000,227964,51477,208.07,5.8,0.9955,3393937,3395565
223000,227480,51781,207.19,5.7,0.9958,3372092,3372576
224000,226014,51909,208.07,5.8,0.9953,3359854,3361320
225000,226649,52835,208.29,5.7,0.9958,3346148,3345513
226000,228340,53871,208.45,5.8,0.9953,3389237,3387546
227000,225210,53989,207.37,5.9,0.9952,3352304,3355434
228000,227098,53515,207.29,5.9,0.9951,3363427,3361539
229000,227989,53870,206.81,6.0,0.9947,3410718,3409827
230000,222973,53803,208.22,5.8,0.9956,3342730,3347746
231000,223894,54585,206.25,6.0,0.9948,3312049,3311128
232000,226031,54823,206.69,5.9,0.9951,3388808,3386671
233000,225177,55688,206.40,6.0,0.9951,3403768,3404622
234000,222752,57739,207.32,5.9,0.9953,3352345,3354770
235000,218699,58344,207.30,5.8,0.9957,3239117,3243170
236000,219018,58752,207.24,5.9,0.9953,3209707,3209388
237000,221332,59083,206.38,5.8,0.9956,3319568,3317254
238000,220198,58357,206.46,6.0,0.9948,3313718,3314852
239000,221073,58325,206.53,5.9,0.9954,3323969,3323094
240000,219310,58418,207.86,5.9,0.9952,3269976,3271739
241000,219956,57635,207.62,5.8,0.9955,3213602,3212956
242000,221496,57989,207.44,5.8,0.9957,3253230,3251690
243000,222487,57405,207.57,5.7,0.9960,3280347,3279356
244000,224508,57295,207.64,5.8,0.9954,3298360,3296339
245000,222948,55813,208.87,5.9,0.9953,3267907,3269467
246000,221611,55090,208.84,5.8,0.9953,3275055,3276392
247000,224901,54428,207.24,5.8,0.9954,3297981,3294691
248000,225582,55064,207.46,5.9,0.9951,3351032,3350351
249000,223662,54988,207.11,5.9,0.9950,3311720,3313640
250000,225405,55081,206.64,6.0,0.9948,3401218,3399475
251000,225879,54706,207.01,5.8,0.9955,3422745,3422271
252000,225613,55966,206.93,5.8,0.9954,3421767,3422033
253000,225021,55478,207.96,5.8,0.9955,3331047,3331639
254000,224223,54161,207.60,5.8,0.9953,3309523,3310321
255000,226765,54245,207.64,5.8,0.9953,3403414,3400872
256000,225441,54765,207.30,5.8,0.9953,3354400,3355724
257000,224417,56332,207.82,5.8,0.9954,3333141,3334165
258000,221140,57244,207.98,5.9,0.9952,3271358,3274635
259000,221884,57081,206.96,5.7,0.9960,3274713,3273969
260000,224129,56654,207.41,5.9,0.9952,3333135,3330890
261000,221887,57079,208.02,5.8,0.9957,3301485,3303727
262000,220696,58289,208.25,5.8,0.9957,3218297,3219488
263000,220917,57922,207.26,5.9,0.9952,3207923,3207702
264000,221224,58452,208.34,5.9,0.9953,3255307,3255000
265000,219466,59199,208.17,5.8,0.9954,3215491,3217249
266000,220939,58533,207.42,6.0,0.9949,3245067,3243594
267000,221850,57652,207.16,5.9,0.9955,3266226,3265315
268000,221201,57207,208.58,5.8,0.9957,3261552,3262201
269000,222992,56912,207.03,5.8,0.9956,3243191,3241400
270000,222134,56507,208.06,5.8,0.9956,3273352,3274210
271000,220868,56051,207.96,5.9,0.9952,3238811,3240077
272000,222839,54636,207.33,5.9,0.9951,3261160,3259189
273000,223700,54164,208.59,5.8,0.9954,3331308,3330447
274000,223898,54600,207.40,5.8,0.9954,3296242,3296044
275000,225001,54781,207.44,5.8,0.9956,3354670,3353567
276000,224260,55326,207.05,6.0,0.9948,3362963,3363704
277000,224206,56295,207.86,5.8,0.9953,3318030,3318084
278000,221317,57143,207.99,5.9,0.9952,3296238,3299127
279000,220053,57134,208.42,5.8,0.9956,3226865,3228129
280000,219353,57585,208.16,5.8,0.9955,3238230,3238930
281000,220393,58355,206.17,5.9,0.9950,3254405,3253365
282000,220192,58034,206.71,5.8,0.9954,3299945,3300146
283000,219756,57485,207.00,5.9,0.9952,3274390,3274826
284000,221389,57820,207.46,5.8,0.9958,3302122,3300489
285000,218645,59154,208.91,5.8,0.9954,3204321,3207065
286000,215513,59978,207.60,5.9,0.9951,3120054,3123186
287000,214995,59876,207.67,5.8,0.9955,3115116,3115634
288000,216141,59964,207.66,5.8,0.9955,3171646,3170500
289000,215426,59675,208.02,5.8,0.9956,3147468,3148183
290000,214898,58559,207.86,5.9,0.9953,3134806,3135334
291000,218480,58776,207.79,5.9,0.9951,3176148,3172566
292000,218778,58041,208.02,6.0,0.9948,3210860,3210562
293000,217754,56964,207.34,6.0,0.9948,3172596,3173620
294000,219273,55471,207.11,5.9,0.9954,3246498,3244979
295000,224682,55430,205.90,5.9,0.9954,3357052,3351643
296000,224759,55344,207.03,5.8,0.9955,3372137,3372060
297000,221286,56079,206.84,5.8,0.9955,3325220,3328693
298000,221326,57181,205.96,5.9,0.9951,3363530,3363490
299000,218496,58318,208.27,5.9,0.9954,3275605,3278435
300000,215499,59180,208.52,5.7,0.9959,3173455,3176452
301000,216638,59053,207.35,5.9,0.9953,3128079,3126940
302000,216441,58791,207.61,5.9,0.9952,3171666,3171863
303000,218091,58778,207.91,5.8,0.9957,3192645,3190995
304000,217838,58335,206.92,5.9,0.9953,3197436,3197689
305000,219120,59743,206.63,5.9,0.9953,3220193,3218911
306000,214621,60280,208.25,6.0,0.9951,3200658,3205157
307000,213098,61102,207.31,5.8,0.9956,3104665,3106188
308000,214945,61709,206.86,5.9,0.9953,3133494,3131647
309000,216883,61435,207.31,5.9,0.9953,3142324,3140386
310000,217402,60567,207.26,6.0,0.9948,3180312,3179793
311000,217311,60148,207.93,5.9,0.9955,3196576,3196667
312000,216931,60409,208.01,5.9,0.9951,3182501,3182881
313000,215996,59009,207.05,5.8,0.9955,3191053,3191988
314000,218439,57781,208.21,5.9,0.9954,3198701,3196258
315000,220721,57580,207.65,6.1,0.9947,3242004,3239722
316000,218687,58154,208.61,5.9,0.9953,3206816,3208850
317000,218424,59723,208.40,5.9,0.9951,3165163,3165426
318000,217225,60058,208.02,5.8,0.9955,3159330,3160529
319000,217381,60346,208.60,5.7,0.9960,3168324,3168168
320000,214039,60994,208.83,6.0,0.9949,3123090,3126432
321000,214689,60253,206.77,5.9,0.9954,3092351,3091701
322000,218164,60927,208.13,6.0,0.9951,3207455,3203980
323000,212870,59920,209.34,5.8,0.9955,3063036,3068330
324000,213392,59646,207.41,5.9,0.9951,3074947,3074425
325000,218876,59562,207.48,5.9,0.9954,3139851,3134367
326000,218998,59151,208.01,6.0,0.9951,3195207,3195085
327000,218628,57396,208.39,5.9,0.9954,3217002,3217372
328000,219563,57546,208.03,5.8,0.9956,3176440,3175505
329000,220005,57864,208.45,5.9,0.9953,3243533,3243091
330000,217440,58881,209.05,5.8,0.9955,3140589,3143154
331000,215759,59162,207.35,5.9,0.9953,3082546,3084227
332000,217592,59933,208.34,5.7,0.9960,3156574,3154741
333000,218210,59681,207.48,5.8,0.9956,3191224,3190606
334000,218466,59968,208.28,5.9,0.9954,3165117,3164861
335000,218071,60585,208.14,5.8,0.9958,3147310,3147705
336000,218206,59079,208.66,5.8,0.9958,3143009,3142874
337000,220075,58869,208.56,5.8,0.9955,3162237,3160368
338000,220935,59009,209.22,5.8,0.9954,3169136,3168276
339000,216921,58718,208.17,5.8,0.9957,3124543,3128557
340000,218455,57997,208.42,5.9,0.9950,3144289,3142755
341000,220506,59154,208.96,5.7,0.9959,3180038,3177987
342000,218008,59906,208.19,5.9,0.9951,3181811,3184309
343000,217066,57786,208.80,5.8,0.9957,3129000,3129942
344000,220198,58923,207.43,5.8,0.9953,3204469,3201337
345000,219415,59022,209.09,5.7,0.9957,3147122,3147905
346000,219454,59018,208.62,5.8,0.9956,3165047,3165008
347000,218514,58799,208.54,5.9,0.9951,3119804,3120744
348000,220185,57743,208.91,5.9,0.9952,3160908,3159237
349000,219902,57147,208.46,5.8,0.9954,3169472,3169755
350000,221155,57445,208.52,5.8,0.9953,3217116,3215863
351000,222173,57835,209.97,5.8,0.9954,3190159,3189141
352000,219757,59329,208.29,5.8,0.9955,3138655,3141071
353000,217619,58636,207.54,5.8,0.9954,3126607,3128745
354000,224023,58123,208.08,5.9,0.9953,3265869,3259465
355000,218928,57010,209.30,5.8,0.9954,3161345,3166440
356000,220093,58028,208.38,5.9,0.9953,3174432,3173267
357000,219798,58988,207.47,5.9,0.9949,3190680,3190975
358000,218984,58689,208.20,6.0,0.9949,3189143,3189957
359000,218349,60221,208.79,5.8,0.9955,3120143,3120778
360000,214874,59963,208.68,5.7,0.9957,3070998,3074473
361000,215180,60308,208.53,5.8,0.9953,3102051,3101745
362000,216145,60304,208.73,6.0,0.9950,3066584,3065619
363000,218550,60546,208.52,5.7,0.9959,3139553,3137148
364000,216953,58549,208.12,5.8,0.9957,3138489,3140086
365000,220817,58321,208.37,5.9,0.9952,3159247,3155383
366000,219488,57735,209.53,5.9,0.9953,3174016,3175345
367000,220656,57365,210.22,5.8,0.9955,3131801,3130633
368000,218715,57026,209.18,5.8,0.9954,3109923,3111864
369000,222385,56383,207.94,5.9,0.9952,3169355,3165685
370000,223877,55491,208.13,5.9,0.9950,3284748,3283256
371000,223848,54412,208.36,5.7,0.9957,3284195,3284224
372000,222663,53844,208.70,5.7,0.9958,3255160,3256345
373000,223528,53283,207.78,5.8,0.9956,3299431,3298566
374000,224732,53670,207.93,5.9,0.9953,3312398,3311194
375000,223040,55456,208.74,5.9,0.9953,3273667,3275359
376000,217777,58693,208.17,5.8,0.9955,3174271,3179534
377000,216913,59984,208.93,5.9,0.9952,3094075,3094939
378000,215109,61480,208.73,5.8,0.9956,3077056,3078860
379000,213469,61653,209.61,5.8,0.9954,2994849,2996489
380000,212048,61205,208.65,5.7,0.9957,2969199,2970620
381000,216030,61061,209.52,5.8,0.9957,3047394,3043412
382000,216417,61133,209.23,5.8,0.9957,3028303,3027916
383000,214459,62308,209.42,5.7,0.9960,3033263,3035221
384000,214071,62265,208.11,5.9,0.9953,3027573,3027961
385000,216477,60754,209.59,5.8,0.9956,3089058,3086652
386000,217985,59948,208.72,5.7,0.9957,3086266,3084758
387000,218285,60065,208.89,5.8,0.9955,3099438,3099138
388000,218550,61198,210.57,5.8,0.9956,3065692,3065427
389000,216939,61782,209.71,5.7,0.9958,3035918,3037529
390000,213714,60736,210.57,5.8,0.9956,2966284,2969509
391000,215199,60894,209.97,5.7,0.9957,2967101,2965616
392000,217052,60583,209.30,5.8,0.9956,3028197,3026344
393000,217355,58955,209.07,5.9,0.9951,3066738,3066435
394000,218621,59417,209.60,5.8,0.9955,3055138,3053872
395000,218560,59867,210.34,5.7,0.9957,3055783,3055844
396000,216497,59381,208.87,5.7,0.9956,3017103,3019166
397000,219094,58886,208.52,5.8,0.9953,3102892,3100295
398000,217515,58855,209.40,5.7,0.9958,3065870,3067449
399000,218035,60050,210.21,5.7,0.9957,3055551,3055031
400000,215361,61416,210.14,5.8,0.9953,3032961,3035635
401000,214217,61649,209.96,5.8,0.9954,2977543,2978687
402000,213214,61839,209.59,5.6,0.9961,2975116,2976119
403000,213460,61719,210.23,5.7,0.9958,2946030,2945784
404000,212912,61361,210.81,5.6,0.9960,2946352,2946900
405000,212021,60567,209.53,5.6,0.9960,2924031,2924922
406000,216731,59999,209.22,5.6,0.9959,3018667,3013957
407000,216325,60374,210.39,5.8,0.9954,3028533,3028939
408000,214849,59826,209.76,5.7,0.9957,2978381,2979857
409000,218281,60545,210.62,5.8,0.9954,2989789,2986357
410000,215012,60523,210.93,5.8,0.9952,2959178,2962447
411000,213245,60459,210.51,5.6,0.9960,2902099,2903866
412000,216442,60041,210.26,5.7,0.9957,2963254,2960057
413000,214844,59397,210.68,5.7,0.9956,2943131,2944729
414000,217032,59633,210.69,5.7,0.9957,2974263,2972075
415000,215638,59534,209.87,5.8,0.9952,2944676,2946070
416000,217304,59208,210.62,5.7,0.9956,2990462,2988796
417000,215401,58838,210.05,5.7,0.9957,2989522,2991425
418000,218170,59266,209.26,5.7,0.9955,3049202,3046433
419000,217771,60173,209.64,5.8,0.9951,3048419,3048818
420000,215961,60723,210.15,5.6,0.9959,3013235,3015045
421000,215086,60441,209.80,5.7,0.9957,2984994,2985869
422000,215839,60366,210.09,5.8,0.9954,2990846,2990093
423000,215253,60707,210.96,5.6,0.9961,2972881,2973467
424000,212520,60519,210.27,5.6,0.9961,2905081,2907814
425000,215344,61719,209.72,5.8,0.9953,2982259,2979435
426000,213646,62689,210.90,5.6,0.9960,2960647,2962345
427000,210663,63298,211.35,5.7,0.9955,2853035,2856018
428000,210273,63394,210.06,5.6,0.9958,2828987,2829377
429000,211157,62546,212.12,5.7,0.9959,2869653,2868769
430000,212268,63052,210.72,5.7,0.9956,2872739,2871628
431000,213177,63555,210.92,5.7,0.9958,2899696,2898787
432000,212819,62406,210.43,5.8,0.9953,2874284,2874642
433000,213903,61893,210.76,5.6,0.9959,2929711,2928627
434000,211973,62109,210.61,5.5,0.9962,2888977,2890907
435000,213929,62772,210.95,5.6,0.9960,2901010,2899054
436000,211509,63051,210.47,5.7,0.9957,2880506,2882926
437000,213640,63113,210.85,5.7,0.9957,2904324,2902193
438000,211817,61985,210.07,5.7,0.9955,2926552,2928375
439000,213039,61230,210.39,5.8,0.9954,2937290,2936068
440000,216292,61469,210.21,5.7,0.9958,2966576,2963323
441000,213901,61745,211.17,5.7,0.9958,2953684,2956075
442000,211257,60971,210.40,5.6,0.9960,2860829,2863473
443000,215690,60896,210.55,5.7,0.9957,2927704,2923271
444000,212268,60281,210.77,5.6,0.9959,2891232,2894654
445000,214759,58990,210.27,5.6,0.9959,2952405,2949914
446000,217912,59312,208.88,5.7,0.9956,3032168,3029015
447000,220071,59981,210.75,5.8,0.9954,3082568,3080409
448000,213699,61233,210.40,5.8,0.9951,2955173,2961545
449000,213205,61431,211.05,5.6,0.9959,2883672,2884166
450000,214032,60985,210.76,5.7,0.9955,2925657,2924830
451000,216745,60632,210.60,5.7,0.9956,2941862,2939149
452000,214985,60572,210.98,5.7,0.9956,2945502,2947262
453000,214962,61352,211.45,5.8,0.9952,2903993,2904016
454000,211862,61219,211.91,5.5,0.9962,2851399,2854499
455000,213713,61097,212.02,5.6,0.9959,2836092,2834241
456000,212619,61858,211.37,5.6,0.9957,2845352,2846446
457000,213029,62125,210.54,5.8,0.9950,2866772,2866362
458000,215153,62106,211.02,5.6,0.9959,2893322,2891198
459000,212954,62442,211.50,5.8,0.9951,2887080,2889279
460000,209337,61888,211.26,5.6,0.9960,2804825,2808442
461000,211130,62591,211.02,5.7,0.9955,2833434,2831641
462000,211214,62838,210.98,5.6,0.9960,2846589,2846505
463000,212002,62738,211.78,5.5,0.9962,2851963,2851175
464000,213033,62484,211.34,5.6,0.9960,2838174,2837143
465000,212984,63168,210.69,5.6,0.9957,2877959,2878008
466000,213015,62300,210.36,5.6,0.9957,2897257,2897226
467000,213370,62735,210.94,5.7,0.9954,2881239,2880884
468000,212012,62583,212.74,5.7,0.9954,2860798,2862156
469000,211444,63723,211.74,5.5,0.9960,2804800,2805368
470000,209837,63793,210.70,5.6,0.9958,2813521,2815128
471000,211611,62491,210.88,5.6,0.9960,2838511,2836737
472000,211364,62922,211.44,5.6,0.9958,2801898,2802145
473000,210688,63256,212.23,5.6,0.9959,2801444,2802120
474000,211765,63285,210.15,5.8,0.9951,2788543,2787466
475000,213490,63036,210.90,5.6,0.9959,2893161,2891436
476000,213033,62431,211.40,5.6,0.9958,2858902,2859359
477000,210624,62202,212.29,5.5,0.9961,2818671,2821080
478000,209413,62666,212.31,5.5,0.9960,2745629,2746840
479000,207423,62940,212.09,5.5,0.9962,2720979,2722969
480000,212038,62877,210.98,5.6,0.9957,2801497,2796882
481000,209319,62759,211.01,5.6,0.9959,2809252,2811971
482000,211954,62374,211.49,5.7,0.9957,2850776,2848141
483000,211038,62259,212.38,5.7,0.9956,2794858,2795774
484000,210050,63206,212.14,5.7,0.9956,2774615,2775603
485000,210790,63493,211.89,5.6,0.9960,2794040,2793300
486000,210162,64389,211.16,5.5,0.9963,2822001,2822629
487000,209970,64550,210.91,5.5,0.9962,2798228,2798420
488000,214703,63490,209.31,5.6,0.9958,2928790,2924057
489000,216139,63360,211.23,5.7,0.9957,2990851,2989415
490000,212144,64235,211.25,5.7,0.9956,2871576,2875571
491000,210264,63817,211.31,5.6,0.9959,2813133,2815013
492000,211164,63503,211.23,5.6,0.9959,2819850,2818950
493000,211026,62293,210.74,5.6,0.9959,2835019,2835157
494000,213992,62446,210.91,5.6,0.9960,2910815,2907849
495000,215146,61761,210.28,5.5,0.9962,2934685,2933531
496000,215640,61683,211.01,5.7,0.9955,2996264,2995770
497000,213890,61826,210.94,5.7,0.9956,2923145,2924895
498000,213169,62662,211.23,5.6,0.9959,2906785,2907506
499000,212764,62679,211.17,5.5,0.9964,2810993,2811398
500000,210278,62870,211.61,5.5,0.9962,2812201,2814687
501000,213325,63010,210.52,5.6,0.9958,2867513,2864466
502000,212201,62946,211.22,5.6,0.9959,2867203,2868327
503000,212259,62603,210.54,5.5,0.9961,2878736,2878678
504000,210715,61601,211.19,5.6,0.9959,2860263,2861807
505000,213412,61193,210.46,5.5,0.9962,2898474,2895777
506000,212982,60580,210.79,5.5,0.9960,2892001,2892431
507000,214327,60914,211.18,5.6,0.9957,2898912,2897567
508000,212892,61435,212.39,5.5,0.9962,2876641,2878076
509000,212282,62031,210.98,5.5,0.9960,2815021,2815631
510000,213408,62450,211.28,5.6,0.9958,2869921,2868795
511000,210633,61897,211.32,5.5,0.9960,2820447,2823222
512000,214948,62180,210.07,5.5,0.9960,2907119,2902804
513000,213833,61580,211.11,5.6,0.9958,2906340,2907455
514000,213727,61908,211.02,5.5,0.9960,2897858,2897964
515000,211237,62342,212.18,5.5,0.9962,2862990,2865480
516000,211435,61877,211.01,5.5,0.9958,2831652,2831454
517000,213834,61612,210.81,5.6,0.9958,2895010,2892611
518000,212555,60926,212.24,5.6,0.9958,2888024,2889303
519000,213452,61933,211.40,5.6,0.9957,2839355,2838458
520000,211783,61630,211.88,5.6,0.9960,2848270,2849939
521000,214289,62570,211.77,5.7,0.9956,2834350,2831844
522000,210032,62560,212.78,5.4,0.9964,2777113,2781370
523000,209072,63257,211.73,5.6,0.9959,2745219,2746179
524000,211818,63770,212.03,5.5,0.9961,2795003,2792257
525000,210339,63914,212.29,5.5,0.9961,2788454,2789933
526000,211260,64053,211.45,5.6,0.9959,2810078,2809157
527000,211684,63990,210.00,5.6,0.9958,2861142,2860718
528000,212865,62808,211.38,5.5,0.9963,2903287,2902106
529000,213400,63187,210.54,5.7,0.9955,2866134,2865599
530000,214710,62187,210.38,5.7,0.9955,2925930,2924620
531000,216099,62823,210.51,5.6,0.9961,2927064,2925675
532000,212623,62303,211.26,5.6,0.9957,2898415,2901891
533000,212008,61534,210.97,5.5,0.9962,2870683,2871298
534000,215271,60618,210.33,5.5,0.9961,2926002,2922739
535000,216008,60677,209.78,5.7,0.9955,2979304,2978567
536000,216227,60028,210.47,5.6,0.9958,2978874,2978655
537000,216305,61406,210.89,5.5,0.9961,2957424,2957346
538000,215725,61743,211.38,5.5,0.9962,2888318,2888898
539000,214085,62814,211.59,5.7,0.9957,2897574,2899214
540000,211226,62877,212.36,5.5,0.9961,2837269,2840128
541000,210825,62777,210.54,5.7,0.9956,2802097,2802498
542000,211651,63059,211.49,5.5,0.9960,2836908,2836082
543000,211856,62310,210.31,5.7,0.9956,2868925,2868720
544000,213733,62807,210.24,5.8,0.9953,2926873,2924996
545000,214312,62146,210.91,5.7,0.9954,2921672,2921093
546000,214958,62468,211.11,5.8,0.9953,2892483,2891837
547000,211215,62290,211.21,5.7,0.9956,2843827,2847570
548000,213403,61987,210.17,5.7,0.9958,2882763,2880575
549000,213051,61314,211.30,5.7,0.9958,2923465,2923817
550000,211247,61961,211.68,5.5,0.9962,2820463,2822267
551000,213438,62497,210.68,5.7,0.9955,2888475,2886284
552000,212269,62273,210.35,5.6,0.9960,2886040,2887209
553000,213278,61598,210.02,5.7,0.9956,2912667,2911658
554000,215664,61137,210.92,5.5,0.9962,2974958,2972572
555000,214151,61713,211.09,5.5,0.9961,2910842,2912355
556000,211183,62538,212.20,5.6,0.9960,2868072,2871040
557000,211753,63941,212.51,5.5,0.9960,2772693,2772123
558000,209611,63856,212.12,5.6,0.9957,2730787,2732929
559000,209583,63336,211.13,5.5,0.9961,2783883,2783911
560000,214112,62617,210.46,5.5,0.9962,2886764,2882235
561000,214046,63182,211.42,5.5,0.9961,2888172,2888238
562000,210756,63354,213.02,5.5,0.9962,2788791,2792081
563000,210043,63716,211.11,5.6,0.9959,2800169,2800882
564000,212682,64228,211.01,5.6,0.9959,2842235,2839596
565000,211053,63933,212.38,5.5,0.9961,2845891,2847520
566000,209340,64432,212.52,5.5,0.9963,2784245,2785958
567000,207504,64350,211.04,5.6,0.9959,2747693,2749529
568000,209381,63721,211.31,5.4,0.9964,2785717,2783840
569000,210355,63476,210.77,5.5,0.9962,2802921,2801947
570000,211875,63749,210.64,5.7,0.9954,2826831,2825311
571000,211508,64702,211.34,5.5,0.9961,2822518,2822885
572000,207179,63585,212.32,5.5,0.9964,2774924,2779253
573000,212112,62954,211.13,5.5,0.9961,2793021,2788088
574000,214895,63388,211.82,5.5,0.9962,2885731,2882948
575000,211846,63790,211.36,5.5,0.9963,2846427,2849476
576000,210449,64520,210.56,5.5,0.9961,2799533,2800930
577000,212855,64427,210.11,5.6,0.9959,2857269,2854863
578000,211972,63065,211.63,5.6,0.9960,2858080,2858963
579000,214251,64060,211.51,5.6,0.9960,2824596,2822317
580000,210479,65268,212.69,5.6,0.9960,2809762,2813534
581000,206862,64828,211.25,5.5,0.9963,2754088,2757705
582000,209181,65430,211.60,5.7,0.9953,2754564,2752245
583000,210397,64887,211.64,5.6,0.9961,2794076,2792860
584000,210678,64518,212.18,5.7,0.9955,2826125,2825844
585000,210432,65422,211.19,5.6,0.9961,2785194,2785440
586000,207405,64391,211.47,5.5,0.9964,2767653,2770680
587000,211163,64979,211.31,5.6,0.9961,2819680,2815922
588000,211629,65064,211.62,5.6,0.9961,2857385,2856919
589000,209282,65038,212.39,5.6,0.9961,2764204,2766551
590000,210352,65467,211.65,5.5,0.9962,2764837,2763767
591000,210732,64789,210.90,5.6,0.9960,2819729,2819349
592000,212438,64754,210.37,5.6,0.9960,2860924,2859218
593000,212025,64318,210.81,5.6,0.9960,2839458,2839871
594000,213485,64085,211.09,5.6,0.9959,2866290,2864830
595000,213621,63646,211.34,5.6,0.9961,2864843,2864707
596000,211635,63596,212.40,5.6,0.9957,2817979,2819965
597000,211231,63558,211.81,5.5,0.9961,2807265,2807669
598000,212182,63475,210.36,5.6,0.9958,2835339,2834388
599000,214067,63411,211.15,5.7,0.9956,2875995,2874110
600000,213441,63442,210.77,5.6,0.9962,2866286,2866912
601000,213032,64061,211.60,5.5,0.9963,2857623,2858032
602000,209770,63979,211.51,5.7,0.9957,2811494,2814756
603000,213807,64290,211.13,5.7,0.9957,2844757,2840720
604000,211873,65279,211.16,5.7,0.9954,2841631,2843565
605000,208298,64484,212.34,5.6,0.9960,2789544,2793119
606000,212850,64011,211.24,5.7,0.9958,2802542,2797990
607000,211031,64438,212.52,5.6,0.9959,2798122,2799941
608000,206723,64174,213.06,5.6,0.9960,2735298,2739606
609000,208310,64189,211.45,5.6,0.9959,2679523,2677936
610000,212368,64590,211.58,5.7,0.9957,2822653,2818595
611000,211054,64594,212.32,5.7,0.9956,2805983,2807297
612000,212912,64620,211.65,5.6,0.9963,2822852,2820994
613000,210200,64872,212.88,5.6,0.9962,2764301,2767013
614000,210213,64972,212.15,5.6,0.9959,2741570,2741557
615000,210851,65068,211.95,5.5,0.9964,2765123,2764485
616000,211948,64942,211.51,5.6,0.9961,2795607,2794510
617000,210496,65376,212.23,5.6,0.9962,2817173,2818625
618000,210656,65909,211.79,5.6,0.9960,2789646,2789486
619000,209605,64501,211.94,5.6,0.9962,2793812,2794863
620000,211968,64420,210.13,5.7,0.9957,2827856,2825493
621000,213411,63497,211.14,5.6,0.9962,2870992,2869549
622000,213980,63754,211.59,5.7,0.9960,2892965,2892396
623000,212616,64097,212.22,5.6,0.9963,2842172,2843536
624000,210848,64754,212.51,5.6,0.9958,2799513,2801281
625000,211014,63654,211.60,5.7,0.9958,2807713,2807547
626000,211187,63419,211.46,5.6,0.9962,2793767,2793594
627000,212320,63569,212.05,5.7,0.9956,2824462,2823329
628000,214338,64065,211.62,5.6,0.9961,2849790,2847772
629000,212568,62947,211.98,5.6,0.9958,2829382,2831152
630000,213245,63020,212.06,5.6,0.9961,2839208,2838531
631000,212654,63619,211.84,5.7,0.9957,2829185,2829776
632000,212540,63466,211.46,5.7,0.9955,2798484,2798598
633000,213411,62140,211.00,5.6,0.9959,2839024,2838153
634000,214986,61235,211.61,5.5,0.9961,2856858,2855283
635000,212689,62427,212.30,5.5,0.9960,2847753,2850050
636000,209804,62503,211.76,5.6,0.9958,2775847,2778732
637000,212944,63436,210.50,5.7,0.9956,2840234,2837094
638000,211613,63714,211.68,5.6,0.9961,2874980,2876311
639000,210357,63963,212.04,5.5,0.9963,2792818,2794074
640000,210740,64117,211.04,5.7,0.9955,2785089,2784706
641000,212825,64137,211.68,5.5,0.9963,2807202,2805117
642000,211206,65037,212.46,5.7,0.9957,2802385,2804004
643000,210057,64928,210.99,5.5,0.9963,2771301,2772450
644000,209066,64885,212.77,5.7,0.9956,2764974,2765965
645000,211137,65383,212.43,5.5,0.9964,2735873,2733802
646000,208632,64337,212.64,5.6,0.9958,2722159,2724664
647000,210473,64288,211.55,5.5,0.9962,2760185,2758344
648000,212885,63936,210.91,5.6,0.9959,2850903,2848491
649000,210995,63542,210.88,5.6,0.9958,2818948,2820838
650000,213839,63988,210.83,5.6,0.9959,2852972,2850128
651000,212515,64231,212.59,5.6,0.9958,2841702,2843026
652000,210766,64069,211.30,5.6,0.9962,2800089,2801838
653000,211165,63821,211.08,5.6,0.9960,2838567,2838168
654000,211698,64202,210.36,5.6,0.9961,2872968,2872435
655000,212649,64570,210.35,5.7,0.9956,2872047,2871096
656000,212442,63239,210.85,5.6,0.9961,2920814,2921021
657000,211403,62929,210.88,5.7,0.9954,2865967,2867006
658000,214048,64362,211.45,5.6,0.9962,2883120,2880475
659000,213607,65241,211.70,5.6,0.9960,2876600,2877041
660000,208816,63946,211.94,5.5,0.9963,2806130,2810921
661000,212068,64267,212.41,5.5,0.9963,2807966,2804714
662000,211278,64540,211.97,5.5,0.9962,2786816,2787606
663000,210427,64135,211.92,5.7,0.9958,2777396,2778247
664000,213222,64510,211.38,5.6,0.9961,2814813,2812018
665000,210712,64398,211.73,5.7,0.9954,2790253,2792763
666000,212307,63956,211.66,5.6,0.9959,2807466,2805871
667000,213375,63753,212.01,5.6,0.9961,2829606,2828538
668000,211416,64010,212.35,5.5,0.9964,2808837,2810796
669000,214451,64771,210.27,5.6,0.9959,2858441,2855406
670000,212929,64603,211.78,5.6,0.9959,2901686,2903208
671000,211266,65014,212.36,5.7,0.9955,2834935,2836598
672000,209158,64736,211.17,5.6,0.9958,2762078,2764186
673000,209554,64535,211.21,5.5,0.9962,2842219,2841823
674000,212059,63885,210.96,5.6,0.9958,2877041,2874536
675000,211121,64841,211.99,5.6,0.9961,2830816,2831754
676000,209346,65128,212.04,5.5,0.9961,2758155,2759930
677000,206237,65395,211.24,5.6,0.9959,2727358,2730467
678000,211453,64713,209.96,5.7,0.9958,2845556,2840340
679000,213558,63831,210.90,5.6,0.9961,2898077,2895972
680000,211957,64939,211.49,5.6,0.9962,2837761,2839362
681000,210100,65460,210.67,5.7,0.9956,2808574,2810431
682000,209764,66342,211.57,5.6,0.9963,2836415,2836751
683000,209250,67004,211.98,5.8,0.9953,2796320,2796834
684000,209501,66097,211.17,5.7,0.9957,2786108,2785857
685000,213209,65681,210.85,5.7,0.9959,2865855,2862147
686000,208647,65410,211.82,5.7,0.9956,2796432,2800994
687000,213080,65943,211.50,5.6,0.9961,2829214,2824781
688000,210590,65315,211.39,5.6,0.9961,2821323,2823813
689000,211290,64513,210.15,5.8,0.9954,2847405,2846705
690000,215189,63821,210.00,5.8,0.9955,2910805,2906906
691000,213671,63825,210.21,5.7,0.9960,2947243,2948761
692000,209559,63351,210.34,5.6,0.9963,2883494,2887606
693000,211409,63202,210.81,5.6,0.9961,2850048,2848198
694000,212423,63430,211.25,5.6,0.9961,2838043,2837029
695000,213628,64217,211.31,5.6,0.9960,2886651,2885446
696000,210312,64735,211.66,5.7,0.9956,2808810,2812126
697000,212115,63568,210.46,5.7,0.9959,2834063,2832260
698000,213944,62717,211.31,5.6,0.9959,2884412,2882583
699000,214343,63303,211.81,5.6,0.9962,2842515,2842116
700000,212882,64449,211.44,5.7,0.9957,2798467,2799928
701000,215216,63684,210.45,5.6,0.9961,2876479,2874145
702000,214005,62785,211.24,5.5,0.9963,2921923,2923134
703000,215004,63313,211.98,5.5,0.9964,2890089,2889090
704000,214735,63516,212.13,5.6,0.9960,2888297,2888566
705000,215037,63569,210.50,5.6,0.9961,2882480,2882178
706000,214774,63719,211.64,5.5,0.9962,2884160,2884423
707000,212417,63583,211.66,5.5,0.9962,2844735,2847092
708000,211795,64272,211.71,5.5,0.9961,2819952,2820574
709000,213232,64169,211.31,5.6,0.9958,2878743,2877306
710000,211817,64173,211.25,5.7,0.9956,2840872,2842287
711000,211488,63650,211.11,5.6,0.9961,2845894,2846223
712000,213240,62317,212.10,5.6,0.9961,2879279,2877527
713000,214291,62461,210.16,5.7,0.9957,2879576,2878525
714000,214191,63464,212.73,5.6,0.9961,2885091,2885191
715000,212082,63294,212.67,5.5,0.9963,2798578,2800687
716000,211159,63011,212.61,5.6,0.9960,2781577,2782500
717000,212842,62204,211.36,5.6,0.9958,2801070,2799387
718000,213589,61189,211.32,5.5,0.9961,2856788,2856041
719000,212534,60410,210.95,5.6,0.9961,2874368,2875423
720000,216731,60475,209.56,5.8,0.9954,2902863,2898666
721000,216087,61149,211.10,5.7,0.9956,2968390,2969034
722000,216971,61079,211.78,5.7,0.9957,2926800,2925916
723000,214022,62291,211.93,5.5,0.9965,2870533,2873482
724000,213608,63520,211.66,5.6,0.9962,2826545,2826959
725000,213363,64019,211.50,5.7,0.9956,2823124,2823369
726000,211847,63560,212.00,5.7,0.9956,2829696,2831212
727000,209444,64434,212.30,5.6,0.9960,2807237,2809640
728000,211712,63823,211.99,5.7,0.9956,2759083,2756815
729000,214218,64903,212.64,5.6,0.9959,2827388,2824882
730000,209969,64769,212.88,5.5,0.9961,2807356,2811605
731000,208867,64150,212.40,5.6,0.9960,2768001,2769103
732000,211217,64291,210.58,5.5,0.9961,2817567,2815217
733000,212584,63959,211.45,5.6,0.9960,2812013,2810646
734000,209728,64443,211.85,5.5,0.9961,2771381,2774237
735000,210403,64427,211.35,5.6,0.9959,2793008,2792333
736000,210310,64135,211.76,5.5,0.9961,2811136,2811229
737000,212651,64213,211.16,5.7,0.9957,2829870,2827529
738000,213326,64307,211.45,5.6,0.9959,2863715,2863040
739000,212335,64680,211.22,5.5,0.9963,2870404,2871395
740000,210950,64874,211.12,5.6,0.9958,2821373,2822758
741000,212400,64916,210.87,5.6,0.9960,2858937,2857487
742000,211482,64962,211.63,5.5,0.9961,2834826,2835744
743000,210260,64463,211.97,5.5,0.9961,2806996,2808218
744000,210003,65114,210.85,5.5,0.9962,2813905,2814162
745000,211605,64692,211.74,5.6,0.9959,2870818,2869216
746000,211324,63967,210.69,5.6,0.9960,2848867,2849148
747000,212684,64638,211.10,5.6,0.9958,2873222,2871862
748000,212583,64998,210.81,5.7,0.9956,2862136,2862237
749000,213708,64514,210.98,5.7,0.9956,2889909,2888784
750000,214461,64710,210.10,5.7,0.9956,2913032,2912279
751000,212467,65079,210.88,5.7,0.9959,2909672,2911666
752000,212966,64039,210.97,5.6,0.9960,2879430,2878931
753000,213743,62408,210.68,5.7,0.9955,2835331,2834554
754000,213213,62438,211.79,5.6,0.9959,2867805,2868335
755000,216211,61998,211.22,5.7,0.9955,2876063,2873065
756000,216714,62032,210.90,5.6,0.9960,2937866,2937363
757000,215742,61474,210.75,5.7,0.9956,2974770,2975742
758000,215490,61277,211.05,5.7,0.9958,2929294,2929546
759000,214115,62459,210.47,5.7,0.9957,2901008,2902383
760000,214524,62325,209.29,5.6,0.9957,2955680,2955271
761000,216110,62728,211.60,5.6,0.9961,2999100,2997514
762000,212725,62693,211.38,5.6,0.9958,2890407,2893792
763000,215084,63217,210.60,5.8,0.9953,2927474,2925115
764000,213742,64005,211.17,5.7,0.9957,2909993,2911335
765000,211687,64318,211.46,5.7,0.9955,2885474,2887529
766000,212250,63571,210.73,5.6,0.9959,2848600,2848037
767000,212164,63822,212.01,5.6,0.9958,2878256,2878342
768000,210097,63820,211.18,5.6,0.9959,2819647,2821714
769000,212917,63595,210.30,5.6,0.9959,2893512,2890692
770000,212928,63121,209.93,5.7,0.9957,2920564,2920553
771000,214426,63560,211.87,5.7,0.9958,2907451,2905953
772000,210771,63870,211.87,5.6,0.9960,2827093,2830748
773000,210454,64149,211.75,5.6,0.9960,2816505,2816822
774000,212505,64583,211.30,5.7,0.9958,2855775,2853724
775000,210483,63211,211.74,5.6,0.9959,2848780,2850802
776000,212822,63831,210.77,5.6,0.9960,2870661,2868322
777000,215542,63161,209.10,5.7,0.9956,2914329,2911609
778000,215239,62799,210.62,5.6,0.9962,2973803,2974106
779000,216013,62924,210.79,5.7,0.9956,2919656,2918882
780000,213623,63059,210.47,5.6,0.9958,2916260,2918650
781000,214244,63312,210.79,5.7,0.9957,2918365,2917744
782000,211452,63168,211.72,5.8,0.9954,2833124,2835916
783000,211060,63438,211.27,5.5,0.9962,2839292,2839684
784000,212905,64772,211.42,5.6,0.9958,2852517,2850672
785000,210335,65691,211.38,5.5,0.9961,2797421,2799991
786000,208341,65483,212.38,5.4,0.9966,2771911,2773905
787000,207887,65568,210.76,5.6,0.9961,2760387,2760841
788000,211548,65136,210.60,5.6,0.9960,2814297,2810636
789000,211260,64945,211.98,5.5,0.9962,2818850,2819138
790000,207268,65133,212.86,5.6,0.9959,2731872,2735864
791000,208128,64785,210.33,5.5,0.9962,2730601,2729741
792000,212756,64185,210.41,5.7,0.9955,2919667,2915039
793000,212348,63297,210.41,5.6,0.9958,2914137,2914545
794000,212907,64229,211.36,5.6,0.9959,2865671,2865112
795000,212055,64590,212.17,5.5,0.9962,2840050,2840902
796000,212637,63962,211.90,5.6,0.9958,2862583,2862001
797000,212253,63494,211.13,5.5,0.9961,2858812,2859196
798000,214069,62806,210.33,5.6,0.9959,2922200,2920384
799000,214368,62118,209.97,5.5,0.9961,2921891,2921592
800000,216546,62780,211.14,5.6,0.9961,2964230,2962052
801000,213584,63136,210.99,5.6,0.9957,2873143,2876105
802000,214334,62537,211.18,5.7,0.9956,2903594,2902844
803000,214165,62690,210.93,5.6,0.9957,2927651,2927820
804000,214595,62622,210.78,5.5,0.9961,2931945,2931515
805000,213455,62872,210.67,5.6,0.9960,2876711,2877851
806000,214903,62844,210.56,5.6,0.9957,2922463,2921015
807000,217052,61607,210.44,5.6,0.9959,2944630,2942481
808000,218100,61951,210.92,5.7,0.9956,2973824,2972776
809000,214126,62216,212.40,5.5,0.9961,2900253,2904227
810000,213275,62908,211.32,5.4,0.9965,2840563,2841414
811000,213760,62340,210.89,5.8,0.9951,2907911,2907426
812000,216919,62785,209.99,5.7,0.9955,2960280,2957121
813000,215287,62297,210.93,5.7,0.9953,2936324,2937956
814000,216927,63791,211.14,5.6,0.9960,2929652,2928012
815000,210998,63631,212.25,5.6,0.9958,2804342,2810271
816000,208257,65122,211.95,5.5,0.9961,2733993,2736734
817000,210557,64944,211.06,5.5,0.9961,2793265,2790965
818000,213289,64771,211.35,5.7,0.9956,2830272,2827540
819000,212055,64727,211.80,5.6,0.9959,2847763,2848997
820000,210399,64349,212.49,5.6,0.9958,2797774,2799430
821000,211698,63122,210.63,5.5,0.9961,2789378,2788079
822000,214178,63884,210.29,5.6,0.9960,2910980,2908500
823000,213507,63945,211.16,5.7,0.9957,2871055,2871726
824000,210764,64104,212.02,5.6,0.9958,2829315,2832058
825000,209960,63527,210.55,5.6,0.9960,2781879,2782683
826000,214359,64655,211.38,5.6,0.9960,2908332,2903933
827000,211570,64045,211.81,5.6,0.9958,2819267,2822056
828000,210861,64386,211.55,5.6,0.9958,2796280,2796989
829000,213876,63993,210.89,5.5,0.9961,2887568,2884553
830000,214262,63139,210.72,5.8,0.9953,2889496,2889110
831000,215393,63186,210.43,5.5,0.9965,2942473,2941342
832000,213081,63261,210.69,5.6,0.9958,2914657,2916969
833000,213888,62039,209.47,5.6,0.9960,2966725,2965918
834000,216064,62305,209.82,5.6,0.9960,3004373,3002197
835000,213640,63231,210.81,5.6,0.9958,2964173,2966597
836000,211542,63414,210.91,5.6,0.9959,2876137,2878235
837000,213517,63853,211.33,5.5,0.9961,2881204,2879229
838000,212308,64156,210.80,5.6,0.9958,2888534,2889743
839000,213166,63448,209.87,5.6,0.9959,2915170,2914312
840000,215731,62384,209.95,5.8,0.9954,2961058,2958493
841000,216215,62869,211.16,5.7,0.9957,2966476,2965992
842000,214091,63444,211.06,5.6,0.9958,2904836,2906960
843000,211944,64419,211.31,5.5,0.9962,2834589,2836736
844000,212165,65103,210.76,5.7,0.9954,2842512,2842291
845000,210154,64782,211.76,5.6,0.9958,2811183,2813194
846000,208952,63997,211.15,5.6,0.9959,2810792,2811994
847000,212528,62763,210.73,5.5,0.9961,2840510,2836934
848000,216608,62501,211.19,5.7,0.9954,2948487,2944407
849000,214418,62414,211.86,5.6,0.9959,2927235,2929425
850000,212768,62433,210.94,5.6,0.9957,2880025,2881675
851000,213948,62399,211.02,5.6,0.9957,2887715,2886535
852000,213586,62249,209.81,5.7,0.9955,2915449,2915811
853000,213100,63040,209.80,5.7,0.9956,2942510,2942996
854000,216019,63479,209.47,5.8,0.9953,2947072,2944153
855000,214232,63240,210.25,5.6,0.9958,2970085,2971872
856000,214751,62394,210.17,5.6,0.9959,2943434,2942915
857000,215303,62148,211.01,5.6,0.9958,2933780,2933228
858000,216474,62311,210.38,5.6,0.9959,2944639,2943468
859000,215838,62181,210.99,5.7,0.9954,2945418,2946054
860000,214137,62646,211.94,5.6,0.9958,2895874,2897575
861000,212796,62998,211.70,5.7,0.9957,2864664,2866005
862000,212052,64720,210.82,5.6,0.9959,2852630,2853374
863000,208130,65043,212.03,5.6,0.9958,2813486,2817408
864000,211018,65030,210.99,5.7,0.9956,2813793,2810905
865000,212551,65183,211.03,5.6,0.9958,2853503,2851970
866000,212791,65391,211.34,5.6,0.9960,2847855,2847615
867000,209637,64804,211.31,5.6,0.9959,2838067,2841221
868000,213187,65431,210.90,5.7,0.9954,2819046,2815496
869000,210247,65458,211.30,5.6,0.9958,2816319,2819259
870000,211469,65997,211.26,5.6,0.9959,2810055,2808833
871000,211071,65672,210.75,5.6,0.9960,2825881,2826279
872000,210405,65694,210.52,5.7,0.9958,2827089,2827755
873000,210965,64611,210.37,5.5,0.9963,2850634,2850074
874000,212381,64416,211.59,5.6,0.9960,2904777,2903361
875000,213770,64341,210.74,5.7,0.9955,2878367,2876978
876000,212575,63310,210.52,5.6,0.9961,2856636,2857831
877000,215050,63219,211.07,5.7,0.9956,2899414,2896939
878000,215001,63203,211.40,5.7,0.9957,2920667,2920716
879000,211616,63224,211.64,5.6,0.9958,2837692,2841077
880000,211845,62890,212.00,5.5,0.9961,2811792,2811563
881000,213449,63710,211.76,5.7,0.9957,2848286,2846682
882000,213012,63809,211.17,5.6,0.9959,2847134,2847571
883000,210477,62493,211.28,5.7,0.9958,2850307,2852842
884000,211780,62859,210.69,5.6,0.9960,2889343,2888040
885000,215733,64348,211.21,5.7,0.9955,2891189,2887236
886000,211060,64254,211.50,5.6,0.9960,2830636,2835309
887000,211627,64562,211.62,5.5,0.9961,2814852,2814285
888000,210529,64761,210.43,5.8,0.9951,2798857,2799955
889000,212098,64599,211.03,5.5,0.9964,2838647,2837078
890000,211787,65487,210.93,5.6,0.9960,2858127,2858438
891000,209931,64142,210.36,5.6,0.9958,2810591,2812447
892000,214661,63369,210.53,5.7,0.9956,2912230,2907500
893000,216654,63198,210.85,5.6,0.9960,2936329,2934336
894000,213413,64290,211.27,5.6,0.9960,2875032,2878273
895000,211632,64682,211.06,5.6,0.9959,2835724,2837505
896000,213004,64860,210.95,5.7,0.9953,2860349,2858977
897000,214013,64601,210.30,5.7,0.9957,2876325,2875316
898000,212899,64119,211.22,5.7,0.9957,2869978,2871092
899000,211214,64704,210.62,5.7,0.9955,2861507,2863192
900000,214718,64177,210.27,5.8,0.9950,2935320,2931816
901000,215028,64427,209.87,5.7,0.9956,2974738,2974428
902000,215749,64129,210.12,5.6,0.9961,2960907,2960186
903000,214796,64292,210.71,5.6,0.9960,2922162,2923115
904000,213831,63296,210.08,5.6,0.9958,2907987,2908952
905000,217702,62937,211.18,5.6,0.9960,2985944,2982073
906000,215719,62915,210.79,5.6,0.9959,2958108,2960091
907000,213259,62483,210.94,5.6,0.9958,2917278,2919738
908000,217488,61700,209.56,5.6,0.9957,2998791,2994562
909000,217604,61202,209.70,5.7,0.9956,3041388,3041272
910000,217354,61325,209.16,5.6,0.9961,3043041,3043291
911000,217840,60717,210.78,5.7,0.9957,3061002,3060516
912000,218079,60342,209.59,5.7,0.9952,3062193,3061954
913000,218649,60330,210.26,5.7,0.9954,3088788,3088218
914000,214814,61289,210.89,5.7,0.9954,2998513,3002348
915000,214222,62700,210.09,5.6,0.9956,2965381,2965973
916000,214911,63343,209.56,5.6,0.9959,2950883,2950194
917000,215752,63395,209.51,5.6,0.9957,3014527,3013686
918000,215347,63129,209.24,5.7,0.9957,3020085,3020490
919000,216334,63112,210.64,5.6,0.9958,2961613,2960626
920000,212174,63259,211.78,5.6,0.9958,2896857,2901017
921000,210860,62437,209.88,5.6,0.9958,2862938,2864252
922000,216224,61717,210.00,5.6,0.9957,2944898,2939534
923000,214634,62078,210.26,5.6,0.9955,2995257,2996847
924000,214085,62391,209.21,5.6,0.9957,2957874,2958423
925000,214108,63208,211.25,5.5,0.9963,2975960,2975937
926000,214796,63342,209.77,5.6,0.9957,2924361,2923673
927000,215137,63752,210.38,5.5,0.9960,2958293,2957952
928000,214294,63278,210.83,5.6,0.9958,2958109,2958952
929000,212280,62514,211.32,5.5,0.9960,2888215,2890229
930000,211035,63341,211.78,5.6,0.9958,2835610,2836855
931000,212571,63703,210.58,5.6,0.9960,2850478,2848942
932000,212021,64329,211.13,5.6,0.9956,2857084,2857634
933000,211094,64086,211.36,5.5,0.9960,2851056,2851983
934000,211664,64409,211.18,5.5,0.9962,2832021,2831451
935000,211746,64415,211.29,5.7,0.9956,2828093,2828011
936000,211556,64395,210.79,5.6,0.9958,2828324,2828514
937000,211567,63015,211.49,5.6,0.9958,2843321,2843310
938000,215971,62439,210.08,5.6,0.9961,2902745,2898341
939000,217460,62158,210.45,5.6,0.9959,3008382,3006893
940000,215213,61680,210.16,5.7,0.9956,2990517,2992764
941000,217337,61466,209.93,5.6,0.9958,3028482,3026358
942000,215842,61297,209.82,5.7,0.9955,3035371,3036866
943000,215376,61219,210.26,5.6,0.9957,2970358,2970824
944000,217343,61442,211.09,5.6,0.9960,3008936,3006969
945000,214002,62378,210.36,5.7,0.9953,2942049,2945390
946000,214882,62249,208.98,5.6,0.9959,2994049,2993169
947000,214672,62740,209.81,5.6,0.9960,2979769,2979979
948000,214066,63058,209.42,5.5,0.9961,2972673,2973279
949000,215414,62196,208.99,5.8,0.9953,3000643,2999295
950000,215501,62238,210.62,5.6,0.9960,2995485,2995398
951000,212596,63432,211.39,5.5,0.9961,2903576,2906481
952000,213949,64954,210.21,5.6,0.9959,2915169,2913816
953000,210111,64315,211.12,5.6,0.9957,2860616,2864454
954000,211592,62748,211.07,5.6,0.9957,2831397,2829916
955000,213260,63721,212.30,5.6,0.9959,2867240,2865572
956000,213875,63574,211.60,5.5,0.9961,2865776,2865161
957000,211491,62911,210.95,5.6,0.9958,2841512,2843896
958000,214706,62769,210.87,5.5,0.9961,2873241,2870026
959000,213468,63027,211.12,5.6,0.9959,2892809,2894047
960000,212031,64730,211.80,5.7,0.9956,2826549,2827986
961000,210965,63975,210.80,5.6,0.9960,2830396,2831462
962000,212641,62692,210.91,5.7,0.9955,2886682,2885006
963000,216144,63535,210.96,5.7,0.9955,2953734,2950231
964000,212610,63618,210.98,5.5,0.9962,2908864,2912398
965000,214473,63441,210.00,5.6,0.9956,2905782,2903919
966000,214726,63007,210.46,5.6,0.9957,2968486,2968233
967000,215696,63128,210.46,5.6,0.9959,2990192,2989222
968000,213891,63230,210.57,5.6,0.9960,2947934,2949739
969000,214233,63531,209.74,5.6,0.9957,2954660,2954318
970000,213036,64329,211.39,5.6,0.9959,2922214,2923411
971000,211509,64702,210.89,5.5,0.9962,2838193,2839720
972000,210953,64335,210.02,5.6,0.9956,2858974,2859530
973000,210551,65319,211.37,5.7,0.9955,2845420,2845822
974000,208856,65311,210.81,5.5,0.9961,2818021,2819716
975000,210857,64463,211.06,5.6,0.9957,2837100,2835099
976000,210731,64182,211.95,5.6,0.9957,2846113,2846239
977000,211204,65299,211.37,5.5,0.9961,2843957,2843484
978000,209786,64981,211.08,5.6,0.9960,2810960,2812378
979000,209442,64242,209.75,5.6,0.9956,2872020,2872364
980000,212775,63967,210.67,5.4,0.9964,2918929,2915596
981000,212434,64239,210.69,5.6,0.9960,2898951,2899292
982000,212073,64146,210.91,5.6,0.9957,2914830,2915191
983000,214465,63625,210.17,5.7,0.9957,2927947,2925555
984000,215514,64031,210.91,5.5,0.9964,2929943,2928894
985000,214351,63743,209.87,5.5,0.9962,2926782,2927945
986000,215824,62911,210.66,5.6,0.9960,2949794,2948321
987000,215943,63712,210.51,5.7,0.9955,2965212,2965093
988000,212951,63579,211.19,5.7,0.9955,2940958,2943950
989000,211901,63206,209.36,5.7,0.9954,2913963,2915013
990000,214910,62642,210.16,5.6,0.9957,2975814,2972805
991000,213872,63177,211.34,5.5,0.9964,2905014,2906052
992000,213631,64210,210.46,5.6,0.9958,2928956,2929197
993000,212147,64410,210.48,5.6,0.9960,2945008,2946492
994000,213991,63676,209.39,5.6,0.9958,2956211,2954367
995000,212593,63836,209.91,5.7,0.9955,2939197,2940595
996000,213069,63883,209.21,5.5,0.9961,2948748,2948272
997000,211986,64142,209.79,5.7,0.9955,2969890,2970973
998000,212267,63622,208.90,5.7,0.9956,2946948,2946667
999000,217171,63857,209.69,5.6,0.9956,3020206,3015302
1000000,216742,63201,210.23,5.7,0.9955,2986186,2986615
1001000,215533,63394,210.69,5.6,0.9958,2980748,2981957
1002000,210995,63654,210.98,5.6,0.9959,2902145,2906683
1003000,210337,64088,210.54,5.6,0.9960,2889315,2889973
1004000,213274,63188,209.71,5.7,0.9953,2923416,2920479
1005000,214316,63765,210.42,5.6,0.9956,2935284,2934242
1006000,212161,64029,210.22,5.6,0.9958,2925772,2927927
1007000,212459,62893,210.94,5.6,0.9957,2885145,2884847
1008000,212923,62905,210.56,5.6,0.9956,2904773,2904309
1009000,213741,63203,210.37,5.5,0.9963,2932842,2932024
1010000,213856,62835,210.41,5.6,0.9958,2940065,2939950
1011000,214650,61743,209.90,5.7,0.9951,2927627,2926833
1012000,213872,61315,209.64,5.6,0.9959,2960083,2960861
1013000,215721,61592,210.23,5.5,0.9960,2986083,2984234
1014000,215884,61999,210.09,5.6,0.9957,2947297,2947134
1015000,215419,62212,211.21,5.5,0.9961,2921445,2921910
1016000,216236,63242,211.67,5.6,0.9958,2921078,2920261
1017000,210761,63468,211.43,5.5,0.9961,2832467,2837942
1018000,211431,63903,211.69,5.6,0.9959,2808067,2807397
1019000,211997,64269,212.04,5.5,0.9962,2846813,2846247
1020000,213582,65668,211.53,5.6,0.9958,2859285,2857700
1021000,209904,64902,212.46,5.5,0.9960,2793168,2796846
1022000,211621,65732,211.09,5.5,0.9961,2792317,2790600
1023000,210245,65740,212.20,5.6,0.9956,2775281,2776657
1024000,209664,65714,212.67,5.5,0.9960,2742453,2743034
1025000,209796,66516,211.94,5.4,0.9963,2745414,2745282
1026000,209145,66271,211.49,5.6,0.9957,2759540,2760191
1027000,210456,66667,212.88,5.5,0.9962,2781226,2779915
1028000,207516,66745,212.40,5.4,0.9964,2689050,2691990
1029000,207633,66668,211.53,5.5,0.9961,2734947,2734830
1030000,211117,66709,211.26,5.6,0.9958,2814895,2811411
1031000,211048,65881,210.99,5.6,0.9959,2808994,2809063
1032000,210677,64503,210.13,5.4,0.9965,2846671,2847042
1033000,212465,64346,211.34,5.6,0.9960,2901639,2899851
1034000,211527,64826,211.57,5.7,0.9957,2871481,2872419
1035000,211137,64836,211.04,5.5,0.9962,2832432,2832822
1036000,211291,64488,210.56,5.7,0.9957,2869326,2869172
1037000,214908,64441,209.38,5.7,0.9957,2976717,2973100
1038000,212598,64799,210.21,5.7,0.9954,2949273,2951583
1039000,211388,65740,211.91,5.5,0.9961,2867170,2868380
1040000,210320,65820,211.10,5.6,0.9958,2798295,2799363
1041000,211730,66373,210.11,5.6,0.9958,2839415,2838005
1042000,211873,66801,210.74,5.6,0.9961,2895977,2895834
1043000,209796,65538,210.37,5.7,0.9955,2852131,2854208
1044000,214292,64493,209.95,5.6,0.9961,2919025,2914529
1045000,216348,64431,210.14,5.8,0.9953,2991961,2989905
1046000,213574,64694,210.42,5.7,0.9954,2944231,2947005
1047000,212185,65015,211.34,5.6,0.9960,2867775,2869164
1048000,210988,65388,211.34,5.6,0.9958,2830707,2831904
1049000,210954,64909,210.98,5.7,0.9957,2834054,2834088
1050000,213055,65527,210.24,5.6,0.9959,2891696,2889595
1051000,212676,64688,210.57,5.7,0.9957,2942380,2942759
1052000,213566,65068,210.44,5.7,0.9956,2911570,2910680
1053000,214539,65559,209.60,5.6,0.9960,2950165,2949192
1054000,213719,64960,210.67,5.6,0.9960,2939455,2940275
1055000,212512,65365,210.39,5.6,0.9959,2918623,2919830
1056000,211879,65662,210.98,5.6,0.9961,2880827,2881460
1057000,211112,66578,210.57,5.6,0.9960,2863748,2864515
1058000,210403,66132,210.51,5.6,0.9959,2881568,2882277
1059000,212531,65436,211.16,5.6,0.9961,2891630,2889502
1060000,213063,66030,210.73,5.6,0.9962,2869310,2868778
1061000,211312,65624,210.36,5.5,0.9964,2888511,2890262
1062000,211837,63789,210.59,5.6,0.9960,2913730,2913205
1063000,216034,63309,209.64,5.7,0.9955,2954135,2949938
1064000,216694,62856,209.89,5.7,0.9958,2995615,2994955
1065000,215323,63145,210.44,5.7,0.9956,2994461,2995832
1066000,215627,62850,210.72,5.6,0.9960,2965344,2965040
1067000,215148,62761,210.72,5.7,0.9956,2923936,2924415
1068000,215532,62921,211.15,5.8,0.9952,2937070,2936686
1069000,215670,62975,211.70,5.7,0.9955,2909269,2909131
1070000,211090,63622,210.41,5.7,0.9954,2877668,2882248
1071000,215243,63404,209.71,5.7,0.9956,2933709,2929556
1072000,215189,64908,211.49,5.7,0.9957,2935671,2935725
1073000,209736,64627,211.26,5.6,0.9957,2832139,2837592
1074000,209965,65049,211.02,5.5,0.9963,2817752,2817523
1075000,213258,65866,210.95,5.5,0.9961,2866841,2863548
1076000,209701,65538,211.66,5.6,0.9959,2824879,2828436
1077000,210157,66108,210.01,5.5,0.9961,2827780,2827324
1078000,212697,65737,211.00,5.5,0.9961,2883914,2881374
1079000,209907,65509,211.37,5.7,0.9956,2838689,2841479
1080000,212351,65198,209.62,5.6,0.9960,2863663,2861219
1081000,216035,65348,210.91,5.7,0.9955,2959664,2955980
1082000,211692,64920,210.90,5.5,0.9962,2918421,2922764
1083000,212964,65596,210.60,5.6,0.9959,2899861,2898589
1084000,211700,64946,211.49,5.6,0.9958,2901944,2903208
1085000,212106,64090,210.80,5.6,0.9959,2880334,2879928
1086000,215180,65074,210.63,5.6,0.9958,2926425,2923351
1087000,210677,65187,211.40,5.4,0.9965,2867561,2872064
1088000,213427,65382,211.37,5.6,0.9959,2861392,2858642
1089000,212943,64683,211.35,5.6,0.9959,2887256,2887740
1090000,213843,65128,210.84,5.7,0.9957,2888110,2887210
1091000,213148,65219,210.85,5.6,0.9957,2909054,2909749
1092000,213291,64906,210.28,5.6,0.9961,2907967,2907824
1093000,213973,65007,210.51,5.6,0.9958,2916904,2916222
1094000,214162,65008,210.42,5.5,0.9961,2929735,2929546
1095000,214406,64231,209.58,5.5,0.9960,2966993,2966749
1096000,215617,63108,210.59,5.6,0.9959,2975558,2974347
1097000,216870,63037,209.92,5.7,0.9956,2960876,2959623
1098000,215892,62223,210.37,5.6,0.9957,3000866,3001844
1099000,217453,62845,210.04,5.6,0.9956,3048299,3046738
1100000,216361,62668,209.52,5.6,0.9956,3032302,3033394
1101000,216164,61910,210.78,5.6,0.9957,3006713,3006910
1102000,216364,61726,210.68,5.4,0.9966,2980944,2980744
1103000,214730,63468,210.28,5.5,0.9961,2960749,2962383
1104000,215607,62860,210.15,5.5,0.9963,2958142,2957265
1105000,216048,63160,211.07,5.6,0.9957,2944959,2944518
1106000,214537,63647,211.12,5.6,0.9959,2941083,2942594
1107000,213939,63425,211.03,5.5,0.9960,2906857,2907455
1108000,213383,64369,211.53,5.6,0.9957,2879917,2880473
1109000,211464,65026,211.73,5.6,0.9959,2854711,2856630
1110000,212278,64836,211.23,5.5,0.9961,2870078,2869264
1111000,212086,64721,210.72,5.7,0.9954,2878397,2878589
1112000,211621,64566,211.21,5.6,0.9960,2886130,2886595
1113000,214618,64590,211.73,5.6,0.9959,2870123,2867126
1114000,212576,63466,210.81,5.8,0.9951,2866116,2868158
1115000,215320,63608,210.58,5.7,0.9957,2920409,2917665
1116000,216537,63395,210.02,5.6,0.9958,2953671,2952454
1117000,216249,63809,210.97,5.6,0.9957,2964069,2964357
1118000,211024,63154,211.21,5.6,0.9955,2867834,2873059
1119000,214845,63636,210.50,5.5,0.9961,2878818,2874997
1120000,214827,63732,211.82,5.4,0.9965,2907295,2907313
1121000,212225,64681,210.86,5.5,0.9960,2860605,2863207
1122000,209738,64305,212.02,5.4,0.9965,2839970,2842457
1123000,210232,63399,210.91,5.4,0.9963,2831596,2831102
1124000,212674,64564,210.91,5.7,0.9956,2873763,2871321
1125000,211349,65786,210.57,5.7,0.9953,2848241,2849566
1126000,211121,65250,210.25,5.6,0.9959,2907901,2908129
1127000,212375,64703,210.39,5.6,0.9959,2924597,2923343
1128000,213154,65575,210.40,5.7,0.9957,2944189,2943410
1129000,211060,65895,209.67,5.6,0.9959,2912712,2914806
1130000,211196,65558,210.00,5.6,0.9961,2888429,2888293
1131000,212730,65415,210.31,5.6,0.9960,2946179,2944645
1132000,210979,65450,210.60,5.6,0.9959,2891060,2892811
1133000,209000,65618,211.36,5.5,0.9962,2826140,2828119
1134000,208902,66413,209.31,5.7,0.9955,2841277,2841375
1135000,211397,66106,209.54,5.6,0.9961,2911071,2908576
1136000,213797,65152,210.07,5.7,0.9958,2982418,2980018
1137000,214262,65734,210.50,5.6,0.9961,2974759,2974294
1138000,212216,65564,211.90,5.6,0.9959,2933194,2935240
1139000,209791,65454,211.43,5.5,0.9964,2825966,2828391
1140000,211931,65194,211.04,5.5,0.9962,2850772,2848632
1141000,212688,64583,210.12,5.6,0.9959,2926195,2925438
1142000,213152,64318,210.24,5.5,0.9962,2914186,2913722
1143000,212605,63993,211.20,5.6,0.9960,2913301,2913848
1144000,212304,64246,210.51,5.6,0.9961,2853225,2853526
1145000,212273,64132,210.56,5.7,0.9957,2895459,2895490
1146000,213608,62953,209.94,5.7,0.9955,2911750,2910415
1147000,218034,61920,210.48,5.5,0.9961,2993695,2989269
1148000,213280,61251,210.03,5.6,0.9960,2977543,2982297
1149000,217204,61523,208.68,5.7,0.9954,3007864,3003940
1150000,216252,60889,209.93,5.6,0.9956,3064669,3065621
1151000,218936,61315,209.35,5.6,0.9959,3073831,3071147
1152000,215749,61002,209.24,5.6,0.9957,3083422,3086609
1153000,216250,60484,208.52,5.6,0.9960,3039352,3038851
1154000,220789,60368,209.57,5.7,0.9956,3111228,3106689
1155000,217297,60555,211.27,5.6,0.9957,3050428,3053920
1156000,218618,60887,211.01,5.6,0.9959,2986223,2984902
1157000,216198,60927,211.19,5.6,0.9959,2965818,2968238
1158000,215314,60685,210.37,5.5,0.9961,2980105,2980989
1159000,218634,61312,210.51,5.7,0.9955,2985160,2981840
1160000,214569,62005,211.66,5.6,0.9958,2949696,2953761
1161000,214069,63301,209.94,5.6,0.9957,2901392,2901892
1162000,213230,63176,211.06,5.6,0.9957,2922409,2923248
1163000,213008,62922,211.79,5.6,0.9959,2886826,2887048
1164000,211435,64639,211.59,5.6,0.9960,2821326,2822899
1165000,208395,64269,210.98,5.5,0.9961,2806860,2809900
1166000,212788,65477,210.96,5.6,0.9958,2856847,2852454
1167000,213174,65632,210.28,5.7,0.9954,2908957,2908571
1168000,211124,64967,211.13,5.6,0.9957,2874352,2876402
1169000,211035,65056,211.04,5.6,0.9956,2857255,2857344
1170000,211977,65063,210.22,5.6,0.9961,2914520,2913578
1171000,212451,65701,211.55,5.6,0.9959,2948092,2947618
1172000,210647,66423,210.49,5.7,0.9957,2871365,2873169
1173000,209095,65341,210.51,5.6,0.9958,2881937,2883489
1174000,213648,65190,209.95,5.7,0.9957,2903313,2898760
1175000,211008,64110,211.93,5.6,0.9960,2846752,2849392
1176000,212813,64976,210.84,5.7,0.9953,2820671,2818866
1177000,213159,64466,211.84,5.5,0.9962,2892853,2892507
1178000,214877,64975,209.88,5.6,0.9958,2922838,2921120
1179000,215389,63682,209.24,5.6,0.9958,2976463,2975951
1180000,216164,63928,211.07,5.7,0.9956,3000471,2999696
1181000,211956,64448,210.32,5.5,0.9961,2904636,2908844
1182000,213314,64590,210.02,5.6,0.9959,2939843,2938485
1183000,213129,64445,209.90,5.7,0.9954,2904847,2905032
1184000,213877,64413,209.95,5.6,0.9957,2927951,2927203
1185000,215878,64919,209.64,5.7,0.9957,2955519,2953518
1186000,214400,63610,211.00,5.6,0.9959,2961737,2963215
1187000,215281,63081,210.84,5.6,0.9960,2929607,2928726
1188000,215025,62196,209.53,5.6,0.9962,2984179,2984435
1189000,219562,61548,209.53,5.6,0.9958,3069183,3064646
1190000,217353,62122,211.23,5.6,0.9960,3068800,3071009
1191000,215133,62174,209.31,5.7,0.9953,2982664,2984884
1192000,215426,61441,211.28,5.5,0.9961,2997286,2996993
1193000,216191,62856,210.40,5.7,0.9954,2974690,2973925
1194000,213653,62278,209.86,5.7,0.9954,2975919,2978457
1195000,216577,62281,210.31,5.5,0.9961,2977658,2974734
1196000,215783,62352,211.13,5.5,0.9962,2964032,2964826
1197000,215742,63221,211.01,5.6,0.9957,2959180,2959221
1198000,213622,63532,210.78,5.5,0.9960,2912636,2914756
1199000,214284,63790,210.85,5.5,0.9961,2915685,2915023
1200000,212677,64146,211.89,5.5,0.9959,2909478,2911085
1201000,208864,64653,210.59,5.4,0.9964,2815644,2819457
1202000,214465,64187,210.10,5.7,0.9956,2907132,2901531
1203000,212889,64559,210.78,5.6,0.9959,2895460,2897036
1204000,210849,65193,211.05,5.6,0.9957,2874189,2876229
1205000,211082,64997,211.16,5.6,0.9956,2883614,2883381
1206000,213231,64731,209.21,5.6,0.9957,2908513,2906364
1207000,212453,63964,210.82,5.7,0.9956,2925111,2925889
1208000,213504,64801,210.54,5.6,0.9960,2911993,2910942
1209000,213728,64815,210.82,5.6,0.9958,2898017,2897793
1210000,211849,65063,211.44,5.5,0.9962,2884478,2886357
1211000,211631,65312,210.92,5.5,0.9962,2872698,2872916
1212000,209606,64489,211.66,5.6,0.9958,2832454,2834479
1213000,212340,64707,210.60,5.6,0.9957,2859486,2856752
1214000,211636,63901,210.16,5.7,0.9957,2882266,2882970
1215000,214934,64747,210.48,5.6,0.9958,2957973,2954675
1216000,213458,63914,210.31,5.8,0.9952,2964405,2965881
1217000,214478,64435,210.26,5.6,0.9960,2931879,2930859
1218000,213234,64730,210.83,5.6,0.9958,2948972,2950216
1219000,211659,63410,210.51,5.5,0.9962,2881530,2883105
1220000,213659,63520,209.74,5.7,0.9955,2920148,2918148
1221000,214890,63251,209.67,5.7,0.9956,3002757,3001526
1222000,216844,62679,209.28,5.8,0.9951,3006938,3004984
1223000,214135,63186,209.71,5.6,0.9959,3000616,3003325
1224000,213113,63593,210.11,5.7,0.9955,2947156,2948178
1225000,212989,63040,211.11,5.6,0.9958,2922873,2922997
1226000,213151,63582,210.97,5.6,0.9958,2902873,2902711
1227000,211436,63874,211.14,5.6,0.9959,2870428,2872143
1228000,211925,64077,209.90,5.6,0.9956,2870525,2870036
1229000,211903,63230,211.02,5.5,0.9961,2887109,2887131
1230000,213040,63696,210.91,5.5,0.9962,2856499,2855362
1231000,213131,63958,210.34,5.6,0.9956,2894051,2893960
1232000,212052,63210,210.99,5.5,0.9960,2882963,2884042
1233000,214119,62660,210.18,5.6,0.9958,2895016,2892949
1234000,213860,62392,211.51,5.6,0.9958,2926826,2927085
1235000,213760,62643,211.97,5.5,0.9960,2866207,2866307
1236000,212490,63678,210.15,5.6,0.9957,2868415,2869685
1237000,214563,65038,210.72,5.6,0.9957,2949240,2947167
1238000,208833,64932,210.80,5.5,0.9960,2850616,2856346
1239000,211714,64702,210.94,5.6,0.9958,2855088,2852207
1240000,212781,65769,211.08,5.6,0.9959,2888169,2887102
1241000,208533,65108,210.70,5.6,0.9957,2819410,2823658
1242000,211611,64043,209.69,5.7,0.9954,2867730,2864652
1243000,215355,64607,211.04,5.7,0.9954,2946995,2943251
1244000,212672,64652,210.72,5.7,0.9957,2914752,2917435
1245000,211371,64344,210.69,5.7,0.9955,2879649,2880950
1246000,210620,64669,211.34,5.7,0.9955,2850130,2850881
1247000,213590,64588,210.47,5.6,0.9959,2861040,2858070
1248000,213424,65000,210.79,5.6,0.9961,2880434,2880600
1249000,211549,65193,211.02,5.5,0.9963,2876956,2878831
1250000,212067,65352,210.43,5.7,0.9954,2869670,2869152
1251000,213001,64544,210.87,5.7,0.9955,2883032,2882098
1252000,213746,65357,210.72,5.6,0.9959,2895792,2895047
1253000,211218,65305,210.71,5.5,0.9962,2872100,2874628
1254000,210895,65318,210.27,5.7,0.9955,2868987,2869310
1255000,210861,65113,211.13,5.4,0.9964,2868377,2868411
1256000,212221,64867,211.02,5.7,0.9955,2887707,2886347
1257000,213447,64809,210.48,5.6,0.9959,2930534,2929308
1258000,214976,64313,209.56,5.6,0.9960,2952036,2950507
1259000,214095,63911,210.35,5.4,0.9967,2972490,2973371
1260000,212599,64329,210.83,5.7,0.9956,2914770,2916266
1261000,213686,63540,210.49,5.6,0.9958,2936818,2935731
1262000,214039,63517,211.15,5.6,0.9959,2912144,2911791
1263000,213249,63243,211.39,5.7,0.9956,2911150,2911940
1264000,214266,63131,209.53,5.6,0.9959,2918018,2917001
1265000,212277,63689,211.24,5.5,0.9960,2958266,2960255
1266000,213226,63877,209.65,5.6,0.9962,2924761,2923812
1267000,214379,63750,209.84,5.7,0.9957,2998867,2997714
1268000,214592,63689,210.36,5.7,0.9958,2955123,2954910
1269000,214220,64332,211.46,5.7,0.9956,2941107,2941479
1270000,209581,64522,212.33,5.5,0.9963,2803297,2807936
1271000,209877,65117,210.49,5.6,0.9958,2808354,2808058
1272000,212054,64243,210.15,5.6,0.9958,2890590,2888413
1273000,213349,64030,210.03,5.7,0.9956,2959667,2958372
1274000,212861,64943,210.83,5.5,0.9964,2919872,2920360
1275000,210814,64639,210.87,5.6,0.9959,2846042,2848089
1276000,211092,65428,211.00,5.7,0.9955,2860530,2860252
1277000,210516,65662,211.21,5.6,0.9958,2827101,2827677
1278000,208285,66144,210.39,5.6,0.9960,2815946,2818177
1279000,211020,64865,209.30,5.6,0.9961,2904264,2901529
1280000,214033,65212,209.67,5.6,0.9960,2950024,2947011
1281000,214192,64716,209.33,5.7,0.9954,2983894,2983735
1282000,214444,64492,210.74,5.6,0.9959,2963723,2963471
1283000,211555,64163,210.94,5.6,0.9960,2900960,2903849
1284000,213437,64205,210.78,5.6,0.9958,2913495,2911613
1285000,213543,63678,209.85,5.8,0.9952,2928647,2928541
1286000,214721,62747,210.24,5.6,0.9959,2976598,2975420
1287000,214589,63309,211.03,5.6,0.9959,2904711,2904843
1288000,215810,63410,210.38,5.6,0.9959,2911072,2909851
1289000,215291,63660,211.02,5.6,0.9959,2911015,2911534
1290000,213850,63392,211.86,5.6,0.9958,2896954,2898395
1291000,212818,63828,211.32,5.5,0.9963,2862338,2863370
1292000,213739,64198,211.18,5.4,0.9965,2866729,2865808
1293000,212450,63438,210.74,5.7,0.9956,2864175,2865464
1294000,214500,63056,210.71,5.6,0.9958,2920925,2918875
1295000,215377,62703,211.14,5.5,0.9963,2917720,2916843
1296000,215733,63164,211.05,5.6,0.9958,2931780,2931424
1297000,213051,62986,209.57,5.7,0.9956,2926665,2929347
1298000,213796,62296,210.20,5.6,0.9958,2968575,2967830
1299000,214625,63916,209.52,5.6,0.9959,2985379,2984550
1300000,212019,63317,211.18,5.5,0.9963,2925237,2927843
1301000,213291,64359,210.35,5.7,0.9955,2916673,2915401
1302000,213592,63987,210.85,5.7,0.9957,2890947,2890646
1303000,214498,64933,211.47,5.6,0.9960,2918483,2917577
1304000,211128,65436,210.35,5.6,0.9960,2882802,2886172
1305000,214338,64269,210.84,5.6,0.9958,2904809,2901599
1306000,213014,64985,209.79,5.7,0.9953,2890227,2891551
1307000,212882,64015,210.36,5.6,0.9958,2924818,2924950
1308000,213078,63394,210.75,5.7,0.9956,2898583,2898387
1309000,213050,63883,210.90,5.5,0.9960,2935651,2935679
1310000,212335,64077,210.51,5.5,0.9963,2915459,2916174
1311000,214229,65015,209.97,5.7,0.9952,2934922,2933028
1312000,213041,64230,209.52,5.5,0.9960,2967740,2968928
1313000,214472,63845,210.34,5.7,0.9953,2998320,2996889
1314000,213798,63626,209.36,5.5,0.9965,2979432,2980106
1315000,213396,63872,208.07,5.8,0.9952,3007296,3007698
1316000,216664,63178,208.47,5.7,0.9954,3094600,3091332
1317000,216139,62887,210.75,5.5,0.9962,3043491,3044016
1318000,215227,63236,210.20,5.6,0.9959,2969862,2970774
1319000,211925,61981,211.43,5.5,0.9961,2933362,2936664
1320000,214060,61764,209.53,5.6,0.9957,2941938,2939803
1321000,215578,61887,209.58,5.7,0.9954,3013689,3012171
1322000,214937,61507,211.36,5.5,0.9960,2969830,2970471
1323000,213534,62967,211.36,5.6,0.9958,2921745,2923148
1324000,213240,62974,210.38,5.7,0.9956,2912525,2912819
1325000,213907,62186,209.78,5.6,0.9958,2987377,2986710
1326000,213793,63211,210.62,5.5,0.9962,2966588,2966702
1327000,210675,64653,211.82,5.5,0.9962,2844998,2848116
1328000,213378,64472,210.59,5.6,0.9958,2869397,2866694
1329000,213598,64729,211.25,5.7,0.9956,2912965,2912745
1330000,210110,64365,210.74,5.6,0.9959,2862843,2866331
1331000,212230,64324,210.88,5.5,0.9962,2845838,2843718
1332000,211008,64441,212.39,5.4,0.9967,2817202,2818424
1333000,211787,64562,211.72,5.6,0.9958,2812539,2811760
1334000,212408,64851,211.27,5.6,0.9958,2861425,2860804
1335000,216244,65022,211.49,5.6,0.9960,2914090,2910254
1336000,212848,65230,212.11,5.7,0.9955,2879159,2882555
1337000,210472,66483,211.46,5.5,0.9962,2812253,2814629
1338000,207756,65832,210.61,5.6,0.9957,2787060,2789776
1339000,211420,65528,209.91,5.6,0.9961,2845390,2841726
1340000,212719,64825,211.03,5.6,0.9961,2903439,2902140
1341000,211924,65710,210.95,5.7,0.9955,2890353,2891148
1342000,211925,65548,210.90,5.6,0.9961,2896374,2896373
1343000,213254,65156,210.42,5.6,0.9960,2924413,2923084
1344000,212898,65459,211.28,5.6,0.9960,2922163,2922519
1345000,212729,66102,211.12,5.6,0.9959,2862991,2863160
1346000,208779,66495,211.61,5.6,0.9961,2836091,2840041
1347000,209650,65973,209.44,5.7,0.9955,2835173,2834302
1348000,212723,65894,210.37,5.6,0.9960,2922864,2919791
1349000,213581,64831,210.96,5.6,0.9962,2923118,2922260
1350000,213424,64067,210.10,5.5,0.9963,2942980,2943137
1351000,215792,64152,209.05,5.8,0.9954,3040921,3038553
1352000,215184,63624,209.77,5.6,0.9959,3038037,3038645
1353000,217023,62414,209.09,5.6,0.9957,3037498,3035659
1354000,217430,61501,209.58,5.7,0.9954,3089468,3089061
1355000,218716,61338,210.02,5.7,0.9955,3092112,3090826
1356000,215929,61000,210.79,5.6,0.9960,3056928,3059715
1357000,216956,61997,210.13,5.7,0.9955,2997050,2996023
1358000,215667,62329,210.12,5.6,0.9956,2986781,2988070
1359000,216158,62604,210.21,5.6,0.9958,3001213,3000722
1360000,213607,62201,211.27,5.5,0.9960,2962587,2965138
1361000,214426,61352,209.79,5.6,0.9956,2950483,2949664
1362000,216412,61758,210.37,5.6,0.9956,3015651,3013665
1363000,214715,61240,210.05,5.5,0.9961,3002945,3004642
1364000,217834,62001,210.67,5.6,0.9957,3025664,3022545
1365000,216468,62834,210.08,5.6,0.9958,2988105,2989471
1366000,213565,63775,210.83,5.7,0.9955,2961205,2964108
1367000,211851,64759,210.30,5.6,0.9960,2882317,2884031
1368000,213472,64755,209.25,5.6,0.9958,2954211,2952590
1369000,212693,64074,209.60,5.6,0.9958,2953512,2954291
1370000,214625,63682,209.39,5.5,0.9963,2974017,2972085
1371000,216025,64318,209.38,5.7,0.9955,3037613,3036213
1372000,215522,63416,210.71,5.5,0.9962,3012480,3012983
1373000,214368,63918,210.52,5.8,0.9952,2970416,2971570
1374000,211100,63142,210.43,5.6,0.9959,2918169,2921437
1375000,212689,62471,211.36,5.6,0.9957,2914652,2913063
1376000,215139,62508,210.44,5.6,0.9960,2953155,2950705
1377000,217110,62772,209.80,5.7,0.9957,2994253,2992282
1378000,214418,64012,210.27,5.6,0.9958,2933035,2935727
1379000,214186,63427,210.72,5.7,0.9956,2909708,2909940
1380000,213067,63344,211.42,5.6,0.9960,2902344,2903463
1381000,213507,62760,210.54,5.5,0.9960,2912522,2912082
1382000,215787,61185,209.99,5.7,0.9952,2984138,2981858
1383000,218534,61048,210.47,5.6,0.9958,3037043,3034296
1384000,216867,61133,210.67,5.6,0.9956,2983219,2984886
1385000,218380,61163,210.83,5.7,0.9955,2972937,2971424
1386000,216759,61816,210.94,5.7,0.9955,3026413,3028034
1387000,213909,60949,209.54,5.5,0.9961,2936472,2939322
1388000,216201,61500,210.21,5.7,0.9953,2998546,2996254
1389000,215534,61332,208.86,5.7,0.9954,3011272,3011939
1390000,217754,62146,209.50,5.7,0.9953,3059887,3057667
1391000,214293,61893,210.67,5.6,0.9958,2993946,2997407
1392000,215465,63024,210.98,5.6,0.9957,2925083,2923911
1393000,213685,64075,211.76,5.6,0.9959,2878279,2880059
1394000,212219,64190,210.87,5.4,0.9964,2842693,2844159
1395000,211954,64464,211.08,5.5,0.9962,2869453,2869718
1396000,213106,64141,210.52,5.6,0.9958,2905890,2904738
1397000,214343,64009,210.10,5.6,0.9958,2963742,2962505
1398000,213982,64475,209.92,5.6,0.9957,2968497,2968858
1399000,212026,65148,210.20,5.6,0.9959,2942328,2944284
1400000,212088,65516,209.79,5.6,0.9959,2904004,2903942
1401000,211868,65633,209.89,5.6,0.9960,2929978,2930198
1402000,212226,65457,210.26,5.6,0.9960,2899059,2898701
1403000,212039,64503,210.05,5.6,0.9958,2938204,2938391
1404000,214271,63320,209.55,5.6,0.9958,2969421,2967189
1405000,216729,63549,209.37,5.6,0.9958,3048641,3046183
1406000,215327,64318,209.54,5.6,0.9961,2990591,2991993
1407000,214822,64386,210.43,5.6,0.9958,2952168,2952673
1408000,215205,64176,209.97,5.7,0.9955,2980903,2980520
1409000,214631,63887,210.87,5.5,0.9961,2967607,2968181
1410000,212032,63581,210.49,5.6,0.9959,2907637,2910236
1411000,214430,63709,210.55,5.6,0.9959,2939757,2937359
1412000,215452,62640,210.87,5.6,0.9959,2967255,2966233
1413000,214216,61647,209.61,5.7,0.9954,3001054,3002290
1414000,219334,59990,208.61,5.9,0.9947,3101174,3096056
1415000,221018,60024,208.98,5.7,0.9954,3197765,3196081
1416000,218828,60742,209.87,5.7,0.9953,3107862,3110052
1417000,216941,60894,209.51,5.5,0.9961,3030377,3032264
1418000,215961,61834,210.58,5.6,0.9956,3024467,3025447
1419000,215996,61323,210.52,5.7,0.9955,2976278,2976243
1420000,215913,61185,210.60,5.5,0.9962,2979239,2979322
1421000,217312,61068,210.56,5.7,0.9956,3019169,3017770
1422000,217622,62307,210.47,5.6,0.9957,2998747,2998437
1423000,215154,62034,210.58,5.7,0.9954,2991070,2993538
1424000,214987,62331,210.27,5.7,0.9955,2953911,2954078
1425000,212882,63602,210.92,5.6,0.9957,2922433,2924538
1426000,213898,64063,210.75,5.6,0.9959,2913689,2912673
1427000,213069,63176,209.96,5.5,0.9963,2902100,2902929
1428000,213243,63615,211.28,5.5,0.9959,2912545,2912371
1429000,212821,62813,212.07,5.5,0.9964,2862326,2862748
1430000,212840,62777,212.69,5.6,0.9960,2801639,2801620
1431000,213520,62886,211.32,5.6,0.9956,2813483,2812803
1432000,214308,62252,210.70,5.6,0.9957,2905425,2904637
1433000,216064,61101,209.94,5.6,0.9956,2957507,2955751
1434000,218611,61099,211.02,5.5,0.9960,2985994,2983447
1435000,216773,61638,210.48,5.5,0.9961,2972763,2974601
1436000,215294,63001,211.67,5.5,0.9962,2940812,2942291
1437000,211542,63880,212.66,5.4,0.9964,2811597,2815349
1438000,209312,64463,212.07,5.5,0.9961,2784301,2786531
1439000,208721,65171,211.71,5.6,0.9958,2744600,2745191
1440000,209610,64972,212.29,5.6,0.9958,2773907,2773018
1441000,209615,65226,211.67,5.6,0.9958,2749906,2749901
1442000,211725,64981,210.94,5.7,0.9956,2803530,2801420
1443000,210563,65933,211.78,5.5,0.9965,2810743,2811905
1444000,209894,65687,211.01,5.6,0.9959,2828087,2828756
1445000,211822,65590,211.11,5.6,0.9957,2868623,2866695
1446000,211935,65607,210.51,5.5,0.9961,2874071,2873958
1447000,213564,65941,210.52,5.6,0.9959,2912082,2910453
1448000,210047,65737,211.45,5.6,0.9958,2828073,2831590
1449000,211560,66376,210.89,5.6,0.9959,2824476,2822963
1450000,210303,66338,211.08,5.6,0.9959,2825264,2826521
1451000,209123,66226,210.13,5.6,0.9959,2848923,2850103
1452000,210304,65605,211.34,5.6,0.9959,2815116,2813935
1453000,211019,66068,211.96,5.5,0.9964,2818215,2817500
1454000,211795,65816,211.40,5.6,0.9959,2814707,2813931
1455000,212553,65491,211.32,5.6,0.9960,2866149,2865391
1456000,212086,65434,210.95,5.7,0.9958,2890254,2890721
1457000,214218,65418,211.98,5.5,0.9963,2897067,2894935
1458000,210406,64497,210.75,5.6,0.9959,2817889,2821701
1459000,211502,64154,210.73,5.7,0.9954,2897801,2896705
1460000,215967,63827,210.88,5.6,0.9959,2951317,2946852
1461000,215801,63196,210.51,5.7,0.9954,2937694,2937860
1462000,213495,63177,210.25,5.6,0.9958,2969318,2971624
1463000,216189,62828,209.79,5.7,0.9957,2992958,2990264
1464000,216693,63171,209.92,5.6,0.9958,3042391,3041887
1465000,213609,62605,209.19,5.7,0.9955,3014138,3017222
1466000,216206,61972,209.41,5.6,0.9957,3071410,3068813
1467000,217802,61079,209.94,5.8,0.9952,3047422,3045826
1468000,216786,62319,210.56,5.7,0.9955,2966770,2967786
1469000,214848,62589,210.95,5.6,0.9956,2947293,2949231
1470000,217818,61757,210.30,5.6,0.9959,2956792,2953822
1471000,213285,61270,209.80,5.6,0.9956,2965534,2970067
1472000,217165,60779,209.14,5.7,0.9956,3007491,3003611
1473000,217919,60948,209.73,5.7,0.9953,3063748,3062994
1474000,215056,60747,210.63,5.6,0.9957,2967813,2970676
1475000,216481,61163,210.27,5.5,0.9962,2984369,2982944
1476000,213960,62374,210.09,5.6,0.9955,2978351,2980872
1477000,212857,61434,209.25,5.7,0.9953,2926424,2927527
1478000,215756,62204,210.02,5.7,0.9950,2997593,2994694
1479000,213322,61742,211.75,5.6,0.9954,2937038,2939472
1480000,213713,62632,211.37,5.5,0.9961,2862776,2862385
1481000,210736,64151,211.19,5.5,0.9959,2822323,2825300
1482000,212033,64839,210.47,5.5,0.9959,2844194,2842897
1483000,209797,64826,211.57,5.5,0.9958,2850793,2853029
1484000,210529,64760,212.69,5.5,0.9960,2802481,2801749
1485000,206778,65732,213.23,5.3,0.9968,2703747,2707498
1486000,205116,65347,211.21,5.6,0.9957,2692548,2694210
1487000,210520,65671,211.01,5.5,0.9961,2777865,2772461
1488000,207303,65981,212.26,5.6,0.9958,2759662,2762879
1489000,208922,66880,211.28,5.6,0.9957,2775773,2774154
1490000,209657,66299,210.65,5.5,0.9962,2833166,2832431
1491000,212243,65905,211.13,5.5,0.9961,2852265,2849679
1492000,209899,66372,211.57,5.4,0.9965,2803949,2806293
1493000,210910,65212,211.35,5.5,0.9964,2813291,2812280
1494000,211249,64494,211.01,5.6,0.9957,2866778,2866439
1495000,211723,63845,210.16,5.6,0.9957,2872145,2871671
1496000,214361,62562,211.23,5.6,0.9957,2936130,2933492
1497000,214112,61380,210.22,5.6,0.9959,2923514,2923763
1498000,217000,60387,209.66,5.6,0.9956,3002193,2999305
1499000,218762,60405,210.89,5.7,0.9954,3064974,3063212
1500000,217828,61376,210.92,5.6,0.9958,3008939,3009873
1501000,216118,62040,210.37,5.7,0.9953,2984814,2986524
1502000,215967,61985,210.28,5.7,0.9955,2982324,2982475
1503000,215155,62083,210.28,5.6,0.9958,2997519,2998331
1504000,216004,61459,210.21,5.6,0.9957,2976735,2975886
1505000,216541,61835,211.04,5.5,0.9960,2949101,2948564
1506000,215445,61933,211.13,5.6,0.9957,2917121,2918217
1507000,213333,61529,211.52,5.6,0.9957,2920912,2923024
1508000,212392,60389,210.60,5.6,0.9959,2905480,2906421
1509000,217376,61897,211.08,5.5,0.9960,2969578,2964594
1510000,214240,62989,209.96,5.5,0.9960,2928868,2932004
1511000,212705,62590,210.40,5.6,0.9958,2906579,2908114
1512000,213057,63581,210.64,5.5,0.9961,2903925,2903573
1513000,212958,63235,211.01,5.5,0.9960,2918481,2918580
1514000,215236,64480,211.05,5.5,0.9963,2919743,2917465
1515000,209047,64039,210.87,5.5,0.9962,2882686,2888875
1516000,211865,64511,209.75,5.6,0.9958,2882838,2880020
1517000,211521,63910,211.22,5.6,0.9957,2905818,2906162
1518000,211339,65300,211.11,5.6,0.9957,2831367,2831549
1519000,210274,65004,211.17,5.5,0.9960,2800946,2802011
1520000,210541,65438,211.13,5.6,0.9958,2836604,2836337
1521000,210810,65370,211.10,5.6,0.9960,2837793,2837524
1522000,214742,65705,211.27,5.6,0.9960,2879653,2875721
1523000,211281,66045,211.41,5.7,0.9955,2844909,2848370
1524000,211791,66495,211.20,5.6,0.9959,2798336,2797826
1525000,208307,65968,210.85,5.5,0.9962,2781775,2785259
1526000,211398,66134,212.16,5.6,0.9959,2806014,2802923
1527000,209084,67026,211.23,5.4,0.9965,2749894,2752208
1528000,211021,66406,211.30,5.6,0.9959,2781155,2779218
1529000,207923,66005,211.72,5.5,0.9963,2765647,2768745
1530000,209448,65896,210.94,5.5,0.9963,2777601,2776076
1531000,207958,65573,211.93,5.5,0.9962,2792439,2793929
1532000,210248,64625,211.98,5.5,0.9961,2811967,2809677
1533000,210932,64269,211.06,5.5,0.9965,2833933,2833249
1534000,212911,64653,210.98,5.5,0.9961,2864818,2862839
1535000,212223,65299,210.73,5.5,0.9960,2886229,2886917
1536000,212737,64937,211.61,5.5,0.9960,2910943,2910429
1537000,212626,63937,210.63,5.7,0.9957,2858126,2858237
1538000,213222,65601,212.17,5.5,0.9961,2849496,2848900
1539000,210459,65992,212.52,5.5,0.9962,2823823,2826586
1540000,209301,65883,211.12,5.6,0.9958,2743972,2745130
1541000,211665,65410,210.77,5.5,0.9963,2797746,2795382
1542000,214112,65614,212.12,5.6,0.9960,2869074,2866627
1543000,212904,65288,212.37,5.5,0.9962,2843503,2844711
1544000,213644,65302,210.04,5.5,0.9961,2867246,2866506
1545000,214323,64585,210.46,5.7,0.9955,2947542,2946863
1546000,214974,63784,211.17,5.6,0.9961,2938153,2937502
1547000,213108,63739,211.13,5.6,0.9958,2895071,2896937
1548000,213767,64312,210.51,5.6,0.9959,2921697,2921038
1549000,215934,65303,210.96,5.6,0.9960,2954877,2952710
1550000,211242,65607,210.89,5.5,0.9962,2909042,2913734
1551000,212695,65876,210.98,5.5,0.9961,2873896,2872443
1552000,213386,66152,211.83,5.4,0.9964,2897276,2896585
1553000,211913,65925,211.17,5.5,0.9964,2835381,2836854
1554000,214608,65251,210.87,5.6,0.9959,2883310,2880615
1555000,213697,65208,211.39,5.6,0.9958,2891632,2892543
1556000,211526,64372,210.98,5.6,0.9957,2828751,2830922
1557000,212325,63835,210.58,5.6,0.9956,2882436,2881637
1558000,214913,64719,209.80,5.6,0.9957,2917908,2915320
1559000,216496,64087,210.32,5.7,0.9956,2992946,2991363
1560000,216767,63803,210.32,5.6,0.9958,2983901,2983630
1561000,215813,63791,210.26,5.6,0.9960,2975314,2976268
1562000,213219,62868,210.04,5.6,0.9956,2969273,2971867
1563000,218127,62267,210.14,5.5,0.9961,3029604,3024696
1564000,217056,62266,210.27,5.6,0.9959,3038197,3039268
1565000,217793,62255,210.35,5.6,0.9958,2991663,2990926
1566000,217734,62037,209.77,5.7,0.9955,3031234,3031293
1567000,216126,62297,209.64,5.7,0.9955,3011065,3012673
1568000,216258,63878,209.69,5.7,0.9957,2991483,2991351
1569000,214877,64349,210.07,5.6,0.9960,2971416,2972797
1570000,211353,63825,210.90,5.6,0.9957,2906325,2909849
1571000,211781,63489,210.12,5.6,0.9960,2901228,2900800
1572000,215133,63724,209.62,5.6,0.9958,3011173,3007821
1573000,215697,63718,210.55,5.6,0.9958,2961766,2961202
1574000,215257,64366,211.30,5.6,0.9959,2953240,2953680
1575000,210993,64877,210.36,5.6,0.9959,2896322,2900586
1576000,212906,63725,209.74,5.8,0.9952,2908315,2906402
1577000,216518,64066,211.17,5.7,0.9956,3004580,3000968
1578000,214970,64643,211.45,5.5,0.9962,2921418,2922966
1579000,211488,65648,212.46,5.5,0.9962,2858772,2862254
1580000,210849,64268,210.52,5.7,0.9957,2808321,2808960
1581000,214173,64861,210.59,5.7,0.9957,2859608,2856284
1582000,212182,65371,211.66,5.5,0.9961,2846568,2848559
1583000,208909,65918,211.25,5.6,0.9956,2782061,2785334
1584000,209267,65695,210.84,5.7,0.9954,2796261,2795903
1585000,210999,65379,211.22,5.6,0.9959,2841031,2839299
1586000,212338,65807,211.44,5.5,0.9964,2840681,2839342
1587000,210688,65198,210.58,5.7,0.9954,2845894,2847544
1588000,211883,64789,210.68,5.6,0.9958,2884648,2883453
1589000,213952,64772,210.12,5.5,0.9961,2914998,2912929
1590000,214272,63984,210.76,5.5,0.9963,2930544,2930224
1591000,212772,64742,211.27,5.7,0.9956,2938420,2939920
1592000,214102,64569,209.39,5.7,0.9957,2926038,2924708
1593000,214153,65325,210.98,5.7,0.9957,2953743,2953692
1594000,213269,65085,210.76,5.4,0.9965,2924939,2925823
1595000,213371,64504,210.89,5.6,0.9959,2920348,2920246
1596000,213555,65279,210.44,5.7,0.9955,2913699,2913515
1597000,212341,65366,210.79,5.6,0.9959,2935007,2936221
1598000,209409,65514,211.66,5.7,0.9956,2859093,2862025
1599000,211254,65718,211.86,5.6,0.9960,2826532,2824687
1600000,211367,66236,211.14,5.6,0.9959,2839582,2839469
1601000,208124,65140,209.57,5.6,0.9960,2846214,2849457
1602000,214840,66150,209.88,5.8,0.9952,2927605,2920889
1603000,214048,65608,210.69,5.6,0.9960,2955422,2956214
1604000,211744,65459,210.27,5.5,0.9961,2941793,2944097
1605000,211487,64617,210.44,5.5,0.9963,2885549,2885806
1606000,211837,65066,210.81,5.6,0.9958,2896784,2896434
1607000,212731,65928,209.93,5.6,0.9957,2890224,2889330
1608000,213294,65344,210.47,5.6,0.9960,2946398,2945835
1609000,212595,64613,209.49,5.8,0.9950,2932769,2933468
1610000,215914,63306,208.85,5.7,0.9954,3004377,3001058
1611000,217705,62188,209.27,5.7,0.9954,3071593,3069802
1612000,216746,63193,209.87,5.7,0.9956,3045791,3046750
1613000,214077,63757,210.64,5.5,0.9962,2969972,2972641
1614000,211520,64601,209.16,5.6,0.9958,2922782,2925339
1615000,213421,64817,209.61,5.7,0.9956,2950257,2948356
1616000,212428,65175,210.86,5.7,0.9954,2927331,2928324
1617000,212573,65763,210.36,5.6,0.9957,2884377,2884232
1618000,213218,66332,211.04,5.6,0.9957,2888868,2888223
1619000,210262,66084,210.36,5.6,0.9958,2865210,2868166
1620000,212740,66432,210.29,5.6,0.9958,2914461,2911983
1621000,213022,65588,210.90,5.6,0.9959,2901813,2901531
1622000,214236,65628,210.12,5.7,0.9956,2913922,2912708
1623000,214602,65101,210.97,5.6,0.9958,2912343,2911977
1624000,213071,64996,210.95,5.7,0.9954,2924289,2925820
1625000,212283,65575,209.26,5.7,0.9956,2897786,2898574
1626000,210965,64807,209.80,5.6,0.9958,2931511,2932829
1627000,213170,63796,209.80,5.5,0.9962,2956541,2954336
1628000,214916,63716,209.58,5.6,0.9959,2968534,2966788
1629000,215318,63941,210.70,5.5,0.9962,3016543,3016141
1630000,215399,64101,209.92,5.6,0.9958,2942797,2942716
1631000,215072,63058,210.42,5.7,0.9954,2953994,2954321
1632000,216532,62773,210.89,5.5,0.9961,3002398,3000938
1633000,217150,62824,211.18,5.6,0.9958,2993204,2992586
1634000,214753,62922,210.62,5.6,0.9957,2978042,2980439
1635000,216233,62201,209.70,5.6,0.9960,2962516,2961036
1636000,213612,61867,211.54,5.5,0.9963,2956788,2959409
1637000,213817,62643,210.15,5.6,0.9957,2894306,2894101
1638000,215160,63095,210.36,5.6,0.9958,2937300,2935957
1639000,214371,63289,210.38,5.6,0.9958,2952093,2952882
1640000,212086,63222,211.23,5.6,0.9958,2913062,2915347
1641000,214990,62994,209.51,5.6,0.9955,2908660,2905756
1642000,213889,63479,211.70,5.5,0.9960,2921578,2922679
1643000,213280,63648,210.22,5.6,0.9956,2876527,2877136
1644000,213131,63018,210.97,5.6,0.9957,2918532,2918681
1645000,213803,63391,210.52,5.6,0.9958,2893875,2893203
1646000,211872,64255,211.77,5.4,0.9965,2880760,2882691
1647000,210287,63988,210.74,5.5,0.9960,2819642,2821227
1648000,210417,64084,211.93,5.4,0.9963,2806064,2805934
1649000,210876,64284,211.86,5.5,0.9960,2802155,2801696
1650000,212013,65271,211.00,5.5,0.9964,2801290,2800153
1651000,211499,64762,211.40,5.4,0.9964,2834605,2835119
1652000,209948,64554,210.67,5.6,0.9958,2794145,2795696
1653000,212812,64708,211.06,5.5,0.9960,2883427,2880563
1654000,213292,65218,211.22,5.5,0.9962,2899407,2898927
1655000,214239,64302,211.30,5.5,0.9963,2908827,2907880
1656000,209555,65013,212.44,5.6,0.9960,2797356,2802040
1657000,210678,65596,211.52,5.4,0.9964,2799376,2798253
1658000,209826,65244,211.46,5.6,0.9959,2811559,2812411
1659000,210824,64505,210.70,5.7,0.9956,2834798,2833800
1660000,211431,64292,212.12,5.6,0.9960,2851994,2851387
1661000,211369,64412,210.53,5.5,0.9961,2831855,2831917
1662000,211807,64944,211.50,5.6,0.9959,2850722,2850284
1663000,209543,64966,211.60,5.6,0.9959,2797180,2799444
1664000,209349,65247,211.99,5.7,0.9954,2772113,2772307
1665000,211318,65445,210.95,5.5,0.9961,2791514,2789545
1666000,213783,66002,210.80,5.7,0.9955,2874369,2871904
1667000,210769,65987,211.07,5.6,0.9957,2840150,2843164
1668000,209432,65585,210.43,5.6,0.9960,2832198,2833535
1669000,210838,66367,211.19,5.6,0.9958,2859051,2857645
1670000,209658,65453,211.12,5.5,0.9962,2838806,2839986
1671000,211762,65135,210.12,5.6,0.9958,2891219,2889115
1672000,214156,66384,210.83,5.6,0.9957,2924655,2922261
1673000,209905,65497,210.47,5.6,0.9960,2879428,2883679
1674000,213361,65293,211.07,5.5,0.9964,2898620,2895164
1675000,213818,64198,210.70,5.6,0.9960,2898013,2897556
1676000,213607,64064,210.80,5.7,0.9957,2908001,2908212
1677000,213141,64654,209.34,5.7,0.9955,2915808,2916274
1678000,214134,64262,211.57,5.6,0.9958,2938528,2937535
1679000,212376,64815,210.66,5.7,0.9957,2853802,2855560
1680000,212953,65088,210.01,5.6,0.9958,2897060,2896483
1681000,212409,64264,209.52,5.6,0.9961,2929230,2929774
1682000,213025,63679,210.25,5.7,0.9957,2932084,2931468
1683000,216425,63954,209.62,5.7,0.9957,3014374,3010974
1684000,212994,63391,210.23,5.7,0.9957,2972134,2975565
1685000,213823,63760,209.72,5.7,0.9957,2931955,2931126
1686000,214900,63814,209.73,5.6,0.9958,2972963,2971886
1687000,214024,63706,210.04,5.8,0.9953,2956644,2957520
1688000,212977,63125,209.03,5.7,0.9954,2963390,2964437
1689000,217888,61633,209.33,5.7,0.9953,3062411,3057500
1690000,218572,61825,210.03,5.7,0.9955,3081227,3080543
1691000,215146,61558,210.73,5.5,0.9961,2976704,2980130
1692000,215667,61350,209.11,5.7,0.9954,3001013,3000492
1693000,216290,61067,209.34,5.6,0.9955,3029068,3028445
1694000,219129,60770,210.20,5.5,0.9961,3064528,3061689
1695000,217972,60590,210.58,5.5,0.9961,3007541,3008698
1696000,216935,62082,210.95,5.6,0.9955,2951395,2952432
1697000,213375,62866,211.09,5.6,0.9958,2893357,2896917
1698000,213978,63311,210.07,5.6,0.9957,2919276,2918673
1699000,211277,63333,210.68,5.5,0.9958,2920901,2923602
1700000,212581,64124,210.60,5.4,0.9962,2876340,2875036
1701000,212238,64823,211.82,5.6,0.9959,2862738,2863081
1702000,209264,65873,211.66,5.5,0.9960,2788579,2791553
1703000,207874,66215,211.12,5.6,0.9959,2775275,2776665
1704000,209435,65841,211.00,5.6,0.9958,2822521,2820960
1705000,213472,66193,210.54,5.6,0.9957,2846286,2842249
1706000,210403,66324,210.64,5.4,0.9965,2848815,2851884
1707000,210028,66122,210.64,5.5,0.9962,2842224,2842599
1708000,210744,65861,211.16,5.5,0.9961,2870609,2869893
1709000,210707,64652,210.76,5.5,0.9960,2860537,2860574
1710000,212307,65729,211.08,5.6,0.9958,2866034,2864434
1711000,212010,65542,211.61,5.6,0.9960,2830559,2830856
1712000,209891,65420,211.06,5.6,0.9957,2807698,2809817
1713000,209953,65153,211.04,5.5,0.9961,2822373,2822311
1714000,212963,64873,211.03,5.6,0.9957,2849194,2846184
1715000,209660,65267,211.31,5.5,0.9961,2840492,2843795
1716000,211214,65079,211.11,5.5,0.9962,2822256,2820702
1717000,212585,65306,210.55,5.5,0.9963,2874798,2873427
1718000,214644,64626,209.90,5.6,0.9959,2946349,2944290
1719000,214351,64537,210.71,5.6,0.9959,2920546,2920839
1720000,211246,64747,211.05,5.5,0.9963,2905158,2908263
1721000,212062,63595,210.29,5.5,0.9963,2918726,2917910
1722000,216107,62979,210.18,5.6,0.9959,2978299,2974254
1723000,215190,63409,210.04,5.5,0.9961,2992022,2992939
1724000,212932,63144,210.26,5.5,0.9962,2936706,2938964
1725000,212569,62962,209.16,5.7,0.9954,2951794,2952157
1726000,213579,62861,209.43,5.6,0.9958,3005603,3004593
1727000,216341,63778,209.72,5.6,0.9958,3033479,3030717
1728000,215075,63543,210.43,5.6,0.9956,2976369,2977635
1729000,215618,63244,209.88,5.6,0.9957,2958908,2958365
1730000,213552,64309,210.37,5.6,0.9959,2932075,2934141
1731000,210355,63858,210.40,5.6,0.9960,2912185,2915382
1732000,213942,63627,210.39,5.7,0.9956,2930852,2927265
1733000,213423,64373,210.41,5.7,0.9955,2955686,2956205
1734000,212310,64178,211.31,5.5,0.9962,2897726,2898839
1735000,210792,62971,211.14,5.6,0.9957,2847554,2849072
1736000,213244,63977,211.12,5.6,0.9957,2893796,2891344
1737000,214047,63537,210.95,5.6,0.9960,2878898,2878095
1738000,211620,62742,211.33,5.6,0.9958,2841100,2843527
1739000,214027,63420,211.44,5.6,0.9960,2850563,2848156
1740000,210890,64706,212.45,5.6,0.9961,2826284,2829421
1741000,210764,65512,210.66,5.5,0.9963,2798942,2799068
1742000,212346,64683,211.64,5.6,0.9959,2857399,2855817
1743000,210971,65267,211.24,5.7,0.9957,2851766,2853141
1744000,211542,65672,211.66,5.5,0.9961,2860894,2860323
1745000,211647,64967,210.61,5.6,0.9960,2859981,2859876
1746000,214891,63369,210.79,5.8,0.9954,2900311,2897067
1747000,213260,63841,211.07,5.6,0.9959,2915362,2916993
1748000,212647,63320,211.18,5.7,0.9955,2915327,2915940
1749000,213828,63078,209.84,5.6,0.9959,2942065,2940884
1750000,215832,62985,209.78,5.6,0.9959,3001677,2999673
1751000,213190,62834,209.11,5.5,0.9960,2971255,2973897
1752000,212284,62549,210.33,5.5,0.9962,2974612,2975518
1753000,212870,62650,210.15,5.5,0.9963,2940169,2939583
1754000,215469,62130,210.14,5.8,0.9952,2948618,2946019
1755000,216651,62437,210.20,5.6,0.9960,3001107,2999925
1756000,213320,62687,210.14,5.5,0.9960,2935856,2939187
1757000,213934,62918,211.05,5.6,0.9955,2904413,2903799
1758000,212302,63536,210.82,5.6,0.9959,2863335,2864967
1759000,214434,63719,210.47,5.5,0.9961,2907801,2905669
1760000,213460,64256,212.05,5.7,0.9953,2880213,2881187
1761000,209621,63754,211.45,5.5,0.9962,2770875,2774714
1762000,212030,64025,210.30,5.5,0.9960,2877345,2874936
1763000,215174,63411,209.74,5.6,0.9958,2979527,2976383
1764000,214813,63575,211.12,5.5,0.9961,2947297,2947658
1765000,211133,65264,210.93,5.4,0.9964,2856184,2859864
1766000,208715,65268,210.15,5.5,0.9960,2823641,2826059
1767000,211204,65590,211.96,5.6,0.9959,2839886,2837397
1768000,210406,65194,211.46,5.6,0.9958,2788530,2789328
1769000,211105,65236,211.96,5.5,0.9962,2854100,2853401
1770000,211289,65392,211.01,5.6,0.9960,2807557,2807373
1771000,210346,66223,210.78,5.5,0.9961,2836815,2837758
1772000,209909,65311,210.64,5.5,0.9963,2847336,2847773
1773000,211483,65353,210.57,5.6,0.9958,2875523,2873949
1774000,211090,65656,210.40,5.7,0.9957,2849113,2849506
1775000,210511,66101,209.87,5.7,0.9953,2859572,2860151
1776000,212598,66558,210.41,5.6,0.9961,2887068,2884981
1777000,209801,65658,211.18,5.6,0.9959,2839997,2842794
1778000,212697,64883,210.14,5.6,0.9960,2893021,2890125
1779000,211230,65364,211.34,5.6,0.9958,2855268,2856735
1780000,214392,65796,211.73,5.6,0.9961,2877956,2874794
1781000,211596,65431,210.96,5.6,0.9958,2836126,2838922
1782000,211881,64861,211.04,5.6,0.9958,2859888,2859603
1783000,212767,64689,210.58,5.5,0.9963,2874090,2873204
1784000,213141,64294,210.25,5.5,0.9963,2925939,2925565
1785000,211631,63964,211.36,5.6,0.9960,2909822,2911332
1786000,215713,64154,210.87,5.6,0.9958,2957263,2953181
1787000,213251,63416,210.20,5.7,0.9957,2908164,2910626
1788000,214840,63713,210.14,5.5,0.9961,2948118,2946529
1789000,215460,63115,210.33,5.6,0.9958,2941035,2940415
1790000,214004,63581,210.44,5.6,0.9957,2925300,2926756
1791000,210196,63746,210.03,5.8,0.9952,2885718,2889526
1792000,215170,64093,209.67,5.8,0.9953,2926530,2921556
1793000,214722,64243,210.35,5.7,0.9957,2945439,2945887
1794000,212769,64758,211.04,5.6,0.9960,2877615,2879568
1795000,210627,64293,210.76,5.6,0.9957,2867389,2869531
1796000,212845,63835,210.29,5.7,0.9955,2868012,2865794
1797000,214434,64305,210.09,5.7,0.9955,2903922,2902333
1798000,213797,63471,210.64,5.6,0.9959,2929078,2929715
1799000,213135,63131,210.52,5.5,0.9963,2888599,2889261
1800000,214036,63236,210.36,5.6,0.9957,2910563,2909662
1801000,215175,64247,210.42,5.6,0.9958,2949093,2947954
1802000,212876,62972,210.99,5.6,0.9957,2921563,2923862
1803000,214595,62804,210.06,5.7,0.9955,2920721,2919002
1804000,215237,62914,210.77,5.6,0.9956,2939852,2939210
1805000,212012,63462,211.97,5.6,0.9959,2829496,2832721
1806000,212146,63822,209.82,5.6,0.9958,2841754,2841620
1807000,212807,64150,210.15,5.5,0.9961,2928862,2928201
1808000,213956,63545,210.78,5.6,0.9957,2913509,2912360
1809000,212556,63783,211.70,5.5,0.9962,2877654,2879054
1810000,209690,64337,211.15,5.5,0.9962,2850497,2853363
1811000,212937,64930,211.69,5.7,0.9957,2842048,2838801
1812000,209064,64664,211.44,5.5,0.9960,2784553,2788426
1813000,209427,65831,211.85,5.6,0.9957,2784205,2783842
1814000,207226,65047,211.36,5.6,0.9958,2783419,2785620
1815000,212503,65801,210.43,5.7,0.9958,2841393,2836116
1816000,210335,65578,211.82,5.5,0.9964,2861210,2863378
1817000,211495,65093,210.83,5.7,0.9957,2854812,2853652
1818000,213916,64513,210.26,5.7,0.9957,2894955,2892534
1819000,214890,65025,210.43,5.7,0.9959,2953413,2952439
1820000,213182,63606,210.53,5.7,0.9956,2964295,2966003
1821000,216417,63327,209.54,5.7,0.9957,3007528,3004293
1822000,217188,62917,209.90,5.6,0.9960,3021086,3020315
1823000,217553,61882,209.69,5.8,0.9954,3030807,3030442
1824000,216983,62566,210.93,5.8,0.9952,3041707,3042277
1825000,216664,62896,209.66,5.7,0.9955,3002543,3002862
1826000,219182,62537,210.16,5.7,0.9957,3035582,3033064
1827000,215213,61589,209.66,5.7,0.9956,2962798,2966767
1828000,218250,61467,209.75,5.8,0.9953,3061320,3058283
1829000,217894,60079,210.26,5.6,0.9959,3051654,3052010
1830000,219445,60288,210.64,5.7,0.9954,3037889,3036338
1831000,219065,60263,210.76,5.6,0.9957,3026703,3027083
1832000,215825,59946,210.98,5.6,0.9958,3017771,3021011
1833000,219164,59959,210.26,5.6,0.9958,3027915,3024576
1834000,217557,58995,210.37,5.6,0.9956,3040802,3042409
1835000,219392,59277,210.13,5.7,0.9956,3088362,3086527
1836000,221332,58207,209.44,5.7,0.9957,3138280,3136340
1837000,219926,59332,210.15,5.6,0.9958,3078008,3079414
1838000,219674,60965,210.59,5.6,0.9957,3029532,3029784
1839000,215100,60543,211.04,5.6,0.9958,2990702,2995276
1840000,217517,61754,211.66,5.6,0.9959,2951617,2949200
1841000,214507,62776,211.00,5.5,0.9959,2902442,2905452
1842000,213779,62776,209.96,5.7,0.9955,2935149,2935877
1843000,215804,62109,209.96,5.6,0.9957,2998459,2996434
1844000,215967,63261,210.74,5.6,0.9959,3010646,3010483
1845000,216845,63652,210.78,5.7,0.9956,2947662,2946784
1846000,213169,64631,211.29,5.6,0.9957,2900265,2903941
1847000,211808,64562,210.98,5.5,0.9963,2857547,2858908
1848000,210239,64935,210.37,5.5,0.9961,2827049,2828618
1849000,213106,64300,210.94,5.7,0.9956,2879838,2876971
1850000,212567,63291,209.79,5.5,0.9962,2903232,2903771
1851000,215072,63012,211.08,5.6,0.9958,2965259,2962754
1852000,213976,63533,210.32,5.6,0.9958,2915225,2916321
1853000,213022,63415,211.31,5.6,0.9958,2941363,2942317
1854000,213281,62584,210.37,5.6,0.9960,2917195,2916936
1855000,215581,63009,209.97,5.7,0.9957,2957445,2955145
1856000,212331,63151,211.03,5.6,0.9958,2936996,2940246
1857000,212751,62696,210.52,5.7,0.9956,2900383,2899963
1858000,213884,63769,210.51,5.6,0.9958,2933626,2932493
1859000,214545,64007,210.70,5.6,0.9960,2958014,2957353
1860000,212589,63543,209.77,5.7,0.9955,2933549,2935505
1861000,214236,62559,209.39,5.6,0.9958,2964255,2962608
1862000,215535,63603,209.86,5.6,0.9960,3034288,3032989
1863000,213245,64500,210.55,5.6,0.9958,2979097,2981387
1864000,210398,64882,209.75,5.6,0.9959,2856126,2858973
1865000,212931,64838,210.04,5.5,0.9961,2893783,2891250
1866000,212282,64083,210.14,5.5,0.9961,2947352,2948001
1867000,215251,64530,209.51,5.7,0.9954,2998773,2995804
1868000,214205,64024,209.63,5.7,0.9955,2967273,2968319
1869000,213899,63250,210.30,5.6,0.9959,2968818,2969124
1870000,213108,63822,209.58,5.5,0.9962,2938346,2939137
1871000,213842,63130,210.33,5.5,0.9960,2987734,2987000
1872000,213682,63007,210.51,5.6,0.9960,2946137,2946297
1873000,212532,62839,210.10,5.7,0.9953,2918363,2919513
1874000,215978,63283,210.39,5.5,0.9961,2978331,2974885
1875000,213121,63182,210.56,5.6,0.9959,2924941,2927798
1876000,213857,63317,211.14,5.6,0.9957,2915136,2914400
1877000,212349,62053,210.59,5.6,0.9959,2936996,2938504
1878000,214460,62410,210.28,5.7,0.9955,2921808,2919697
1879000,212412,62043,210.58,5.7,0.9956,2975892,2977940
1880000,215649,61755,209.92,5.6,0.9959,2963904,2960667
1881000,219503,61092,209.90,5.7,0.9955,3072452,3068598
1882000,218136,60570,210.50,5.5,0.9962,3075195,3076562
1883000,214459,60614,209.96,5.6,0.9958,2986050,2989727
1884000,214968,60107,209.48,5.6,0.9956,2995942,2995433
1885000,217883,59629,209.12,5.7,0.9955,3056668,3053753
1886000,218122,59957,207.77,5.6,0.9958,3096561,3096322
1887000,219946,60623,208.29,5.8,0.9951,3152314,3150490
1888000,216923,60997,210.48,5.6,0.9957,3097881,3100904
1889000,215452,61114,210.19,5.6,0.9958,2977765,2979236
1890000,217311,61784,210.91,5.6,0.9957,3013311,3011452
1891000,214179,62478,210.72,5.6,0.9960,2918031,2921163
1892000,215611,62186,210.57,5.6,0.9959,2958438,2957006
1893000,216761,62713,210.38,5.6,0.9958,2966698,2965548
1894000,211325,63958,212.24,5.5,0.9963,2911000,2916436
1895000,210199,64390,211.06,5.6,0.9958,2822615,2823741
1896000,212324,64921,210.71,5.7,0.9956,2877073,2874948
1897000,211000,63680,210.80,5.5,0.9962,2906412,2907736
1898000,213782,64331,209.85,5.7,0.9955,2923591,2920809
1899000,213329,64112,210.21,5.6,0.9959,2930721,2931174
1900000,213205,64306,210.52,5.5,0.9964,2901242,2901366
1901000,212826,64435,210.37,5.6,0.9957,2921057,2921436
1902000,213628,63032,209.74,5.7,0.9953,2964708,2963906
1903000,215589,62288,209.57,5.6,0.9959,2994442,2992481
1904000,216517,62864,209.99,5.7,0.9955,3005681,3004753
1905000,215468,61578,209.96,5.7,0.9954,2990705,2991754
1906000,217383,61719,210.28,5.6,0.9958,3015254,3013339
1907000,214776,61245,210.59,5.6,0.9959,2974598,2977205
1908000,215012,61423,210.04,5.6,0.9958,2962900,2962664
1909000,216348,61524,210.52,5.4,0.9965,2994764,2993428
1910000,215350,62545,210.87,5.6,0.9959,2935777,2936775
1911000,215053,62591,211.72,5.6,0.9958,2911821,2912118
1912000,213856,63868,211.53,5.6,0.9959,2882788,2883985
1913000,210752,63669,210.95,5.6,0.9959,2831858,2834962
1914000,214229,63575,210.06,5.6,0.9956,2934438,2930961
1915000,212355,62838,210.49,5.6,0.9959,2902150,2904024
1916000,213229,62827,210.96,5.6,0.9959,2905430,2904556
1917000,214301,62403,210.21,5.6,0.9958,2950100,2949028
1918000,213015,62654,210.63,5.5,0.9961,2949183,2950469
1919000,214222,62425,209.55,5.6,0.9957,2940200,2938993
1920000,213854,62901,211.79,5.5,0.9959,2949392,2949760
1921000,211310,62956,210.83,5.5,0.9960,2842029,2844573
1922000,212747,63548,210.65,5.6,0.9955,2856971,2855534
1923000,214249,63920,211.97,5.6,0.9957,2888903,2887401
1924000,209523,64013,212.32,5.5,0.9961,2813992,2818718
1925000,210796,63588,210.66,5.6,0.9958,2781739,2780466
1926000,212358,63596,211.86,5.5,0.9960,2876732,2875170
1927000,210767,63557,211.58,5.5,0.9961,2819499,2821090
1928000,212281,63597,210.34,5.5,0.9962,2864743,2863229
1929000,214289,64032,211.31,5.4,0.9964,2900505,2898497
1930000,212969,64348,211.42,5.6,0.9958,2893111,2894431
1931000,210244,63293,209.96,5.6,0.9958,2864056,2866781
1932000,213368,63245,209.97,5.8,0.9951,2945863,2942739
1933000,212512,64067,210.14,5.5,0.9960,2907806,2908662
1934000,213175,65583,211.03,5.5,0.9961,2905920,2905257
1935000,209471,64456,211.55,5.6,0.9959,2853396,2857100
1936000,212339,65233,210.66,5.5,0.9964,2799590,2796722
1937000,209214,65066,211.17,5.5,0.9962,2857054,2860179
1938000,210694,65345,211.31,5.5,0.9963,2858978,2857498
1939000,209035,65119,212.34,5.4,0.9968,2798853,2800512
1940000,213316,65614,209.93,5.7,0.9956,2832203,2827922
1941000,211635,64631,210.81,5.7,0.9956,2881556,2883237
1942000,212603,64341,210.53,5.6,0.9958,2873603,2872635
1943000,213523,63829,211.58,5.6,0.9957,2865461,2864541
1944000,215333,63557,211.46,5.7,0.9956,2890832,2889022
1945000,216539,63214,210.81,5.8,0.9952,2953558,2952352
1946000,215034,62476,211.26,5.7,0.9955,2956090,2957595
1947000,216264,61856,210.29,5.5,0.9961,2931873,2930643
1948000,217368,61924,209.69,5.6,0.9958,2972034,2970930
1949000,215725,61231,210.23,5.7,0.9952,2998459,3000102
1950000,218468,61780,209.50,5.7,0.9954,3022070,3019327
1951000,217941,62000,209.67,5.6,0.9957,3060356,3060883
1952000,216567,62069,210.41,5.6,0.9959,2996137,2997511
1953000,215498,62441,211.69,5.7,0.9952,2937745,2938814
1954000,213003,62155,211.63,5.4,0.9964,2862816,2865311
1955000,215484,62499,210.04,5.7,0.9954,2915171,2912690
1956000,214609,62264,211.09,5.6,0.9957,2935823,2936698
1957000,215160,61667,210.80,5.6,0.9960,2936857,2936306
1958000,215533,62204,211.58,5.6,0.9958,2921893,2921520
1959000,213809,61858,210.87,5.7,0.9956,2915055,2916779
1960000,216094,62664,211.24,5.7,0.9953,2910071,2907786
1961000,214325,63120,211.39,5.7,0.9955,2911117,2912886
1962000,214838,63752,210.76,5.6,0.9961,2917853,2917340
1963000,216039,64614,210.53,5.6,0.9958,2946767,2945566
1964000,212516,62745,211.05,5.6,0.9958,2897722,2901245
1965000,213045,63283,210.95,5.7,0.9956,2922832,2922303
1966000,214830,63387,209.72,5.7,0.9956,2934442,2932657
1967000,214814,62682,210.91,5.7,0.9958,2955110,2955126
1968000,216221,63384,210.82,5.6,0.9962,2943293,2941886
1969000,214965,63553,211.22,5.6,0.9960,2935924,2937180
1970000,212906,62992,210.08,5.6,0.9958,2928847,2930906
1971000,214208,62785,208.93,5.7,0.9956,2988113,2986811
1972000,217203,63062,210.10,5.6,0.9960,3036583,3033588
1973000,216093,63006,210.32,5.6,0.9959,2995236,2996346
1974000,214173,62748,210.53,5.6,0.9959,2920107,2922027
1975000,212021,62012,210.05,5.6,0.9955,2927329,2929481
1976000,214564,61990,209.25,5.6,0.9959,3013302,3010759
1977000,216251,61218,209.95,5.6,0.9957,3054897,3053210
1978000,220550,60039,210.23,5.8,0.9953,3075057,3070758
1979000,218564,59559,209.95,5.7,0.9954,3044236,3046222
1980000,219346,58756,209.88,5.6,0.9959,3075969,3075187
1981000,219344,59017,208.95,5.7,0.9955,3092676,3092678
1982000,219344,58601,209.24,5.6,0.9957,3121834,3121834
1983000,219429,59436,210.15,5.8,0.9951,3101231,3101146
1984000,215713,60552,209.19,5.5,0.9963,3055128,3058844
1985000,214831,61846,209.18,5.5,0.9959,3005992,3006874
1986000,213929,61802,210.14,5.5,0.9959,2995811,2996713
1987000,213271,62878,210.84,5.5,0.9960,2925742,2926400
1988000,211683,63372,211.03,5.5,0.9960,2887784,2889372
1989000,210855,64117,211.06,5.5,0.9961,2832723,2833551
1990000,210307,64122,211.10,5.6,0.9958,2854517,2855065
1991000,209921,63738,211.29,5.7,0.9955,2806519,2806905
1992000,211773,64160,210.32,5.5,0.9960,2832264,2830412
1993000,213400,64384,209.43,5.6,0.9959,2899804,2898177
1994000,213061,65490,211.05,5.6,0.9957,2909678,2910017
1995000,212194,66759,211.37,5.5,0.9960,2865521,2866388
1996000,207830,65636,211.77,5.5,0.9960,2758260,2762624
1997000,210560,66024,211.44,5.5,0.9963,2799811,2797081
1998000,209808,66344,210.24,5.5,0.9961,2819219,2819971
1999000,211071,65570,210.27,5.6,0.9957,2854498,2853235
2000000,212919,65200,211.23,5.6,0.9959,2879962,2878114
2001000,211588,65607,210.37,5.6,0.9959,2867941,2869272
2002000,212790,65332,211.32,5.6,0.9961,2889588,2888386
2003000,210598,66093,211.83,5.6,0.9958,2843972,2846164
2004000,207770,66164,210.79,5.6,0.9960,2801953,2804781
2005000,211219,66135,210.65,5.6,0.9961,2825808,2822359
2006000,211147,65435,210.67,5.6,0.9960,2862151,2862223
2007000,211930,65981,210.08,5.6,0.9960,2875925,2875142
2008000,212297,63896,210.98,5.6,0.9959,2905276,2904909
2009000,213600,63478,209.82,5.6,0.9960,2957063,2955760
2010000,213452,62292,209.87,5.6,0.9960,2956258,2956406
2011000,214852,61975,209.45,5.6,0.9956,2993659,2992259
2012000,217803,61324,209.07,5.6,0.9959,3050421,3047470
2013000,217040,61264,209.90,5.6,0.9958,3061931,3062694
2014000,218646,61254,209.87,5.6,0.9960,3054444,3052838
2015000,218000,62545,210.60,5.6,0.9957,3071239,3071885
2016000,214226,62496,211.64,5.5,0.9962,2969989,2973763
2017000,213684,63179,210.28,5.6,0.9959,2917752,2918294
2018000,214027,64210,210.66,5.6,0.9956,2901392,2901049
2019000,209982,63339,210.47,5.6,0.9958,2876428,2880473
2020000,216427,62690,209.25,5.6,0.9957,2968482,2962037
2021000,216366,63338,211.20,5.6,0.9960,3009505,3009566
2022000,211885,63155,210.82,5.7,0.9956,2899485,2903966
2023000,213347,63740,210.42,5.6,0.9959,2916083,2914621
2024000,213916,63663,210.66,5.5,0.9962,2943704,2943135
2025000,210806,63878,211.50,5.5,0.9961,2863695,2866805
2026000,214097,64133,209.59,5.7,0.9952,2896489,2893198
2027000,214431,64593,210.69,5.6,0.9956,2974471,2974137
2028000,213534,63808,210.15,5.7,0.9955,2910889,2911786
2029000,211840,63517,211.00,5.5,0.9960,2907769,2909463
2030000,214350,63222,210.51,5.6,0.9958,2913958,2911448
2031000,213799,63453,210.68,5.6,0.9957,2901997,2902548
2032000,213689,63223,210.86,5.6,0.9957,2914788,2914898
2033000,214401,63793,210.22,5.5,0.9961,2928508,2927796
2034000,212991,63198,210.62,5.7,0.9956,2902754,2904164
2035000,214026,62832,210.19,5.7,0.9955,2887595,2886560
2036000,216874,62961,211.42,5.6,0.9959,2937457,2934609
2037000,214349,63121,212.28,5.6,0.9959,2896616,2899141
2038000,212835,63254,211.40,5.6,0.9959,2855393,2856907
2039000,211022,63915,211.12,5.7,0.9954,2854839,2856652
2040000,211417,63837,210.56,5.6,0.9957,2855487,2855092
2041000,216371,63794,210.20,5.6,0.9958,2933534,2928580
2042000,213244,63207,211.51,5.6,0.9960,2947437,2950564
2043000,213512,62878,210.88,5.6,0.9959,2891797,2891529
2044000,215031,64067,211.25,5.7,0.9955,2917820,2916301
2045000,210445,62237,211.44,5.6,0.9959,2862561,2867147
2046000,215125,61760,210.61,5.7,0.9954,2909632,2904952
2047000,216456,60631,209.57,5.7,0.9954,3017166,3015835
2048000,218298,59946,209.66,5.8,0.9950,3049349,3047507
2049000,217591,59859,210.28,5.7,0.9954,3065233,3065940
2050000,218754,59372,209.29,5.6,0.9959,3102212,3101049
2051000,219988,59291,210.57,5.6,0.9958,3111692,3110458
2052000,216155,59312,209.44,5.8,0.9951,3029753,3033586
2053000,218596,60145,208.99,5.7,0.9955,3090221,3087780
2054000,217623,59363,209.08,5.7,0.9955,3067855,3068828
2055000,219760,60268,210.38,5.7,0.9956,3083184,3081047
2056000,214821,61158,210.37,5.6,0.9957,2970147,2975086
2057000,217266,60916,209.99,5.7,0.9955,2990043,2987598
2058000,216927,60953,210.92,5.7,0.9953,3002121,3002460
2059000,218477,61760,210.39,5.6,0.9958,3032148,3030598
2060000,214993,62857,210.21,5.5,0.9961,2998058,3001542
2061000,213691,64147,211.58,5.6,0.9958,2919259,2920561
2062000,210995,64699,210.58,5.5,0.9962,2859433,2862129
2063000,213531,64359,209.15,5.6,0.9958,2937394,2934858
2064000,210212,63668,211.03,5.6,0.9958,2883519,2886838
2065000,212148,64450,210.86,5.6,0.9957,2858904,2856968
2066000,210447,65068,210.58,5.5,0.9961,2868513,2870214
2067000,212706,64526,209.32,5.6,0.9958,2931177,2928918
2068000,216841,65373,210.18,5.7,0.9955,3038278,3034143
2069000,212213,64039,210.66,5.5,0.9960,2933449,2938077
2070000,214619,64260,210.13,5.6,0.9956,2961287,2958881
2071000,214660,65050,209.96,5.5,0.9960,2976369,2976328
2072000,213022,64587,210.82,5.6,0.9957,2935138,2936776
2073000,212122,65325,210.23,5.7,0.9954,2905168,2906068
2074000,211557,65019,210.59,5.6,0.9958,2884115,2884680
2075000,213773,65633,209.65,5.6,0.9957,2909238,2907022
2076000,211386,65276,210.89,5.6,0.9959,2934650,2937037
2077000,214246,65285,210.65,5.4,0.9964,2920751,2917891
2078000,213082,65409,210.81,5.7,0.9954,2889512,2890676
2079000,210746,65360,212.23,5.6,0.9961,2857130,2859466
2080000,212329,66063,210.76,5.7,0.9956,2835100,2833517
2081000,213585,66743,210.93,5.5,0.9963,2902529,2901273
2082000,211590,66110,210.73,5.5,0.9962,2843613,2845608
2083000,211848,65917,209.90,5.7,0.9955,2871391,2871133
2084000,212992,66454,211.19,5.6,0.9959,2914869,2913725
2085000,210262,66493,211.56,5.6,0.9960,2836734,2839464
2086000,209681,66223,210.75,5.7,0.9955,2786814,2787395
2087000,212309,66496,209.80,5.6,0.9960,2858640,2856012
2088000,213267,65183,211.01,5.6,0.9960,2921770,2920812
2089000,213786,65252,210.83,5.6,0.9960,2883617,2883098
2090000,212381,64469,210.72,5.6,0.9958,2876937,2878342
2091000,212466,63755,211.03,5.6,0.9957,2890041,2889956
2092000,211665,63944,212.15,5.5,0.9964,2863584,2864385
2093000,216296,63517,210.27,5.6,0.9957,2936648,2932017
2094000,215049,64134,210.83,5.6,0.9958,2978994,2980241
2095000,213977,64457,209.39,5.6,0.9957,2953465,2954537
2096000,212022,64457,210.75,5.5,0.9963,2902293,2904248
2097000,213902,64337,210.47,5.6,0.9958,2887530,2885650
2098000,213074,64795,211.15,5.6,0.9960,2884825,2885653
2099000,210775,65315,211.68,5.7,0.9956,2815515,2817814
2100000,211096,65094,211.39,5.5,0.9961,2813195,2812874
2101000,210834,64779,210.55,5.5,0.9961,2829371,2829633
2102000,212327,63827,210.51,5.5,0.9961,2901698,2900205
2103000,214177,64059,210.37,5.7,0.9956,2918583,2916733
2104000,213762,64079,209.46,5.7,0.9956,2953915,2954330
2105000,212639,63996,209.86,5.6,0.9961,2960985,2962108
2106000,213391,63265,209.73,5.6,0.9958,2956865,2956113
2107000,212206,63290,210.15,5.7,0.9956,2956479,2957664
2108000,214734,64082,210.53,5.8,0.9952,2964068,2961540
2109000,214087,63756,209.74,5.6,0.9958,2975133,2975780
2110000,213542,63416,210.15,5.6,0.9959,2976843,2977388
2111000,215909,63710,210.53,5.6,0.9960,2960400,2958033
2112000,211147,63566,210.74,5.5,0.9963,2888719,2893481
2113000,215346,64094,210.01,5.7,0.9956,2947202,2943003
2114000,214176,63739,211.53,5.6,0.9959,2952891,2954061
2115000,213620,64321,211.36,5.7,0.9955,2888035,2888591
2116000,213588,63147,210.52,5.5,0.9961,2919444,2919476
2117000,214340,63126,210.28,5.6,0.9958,2931090,2930338
2118000,215600,62359,210.93,5.7,0.9952,2981637,2980377
2119000,216085,62086,209.84,5.8,0.9951,2961831,2961346
2120000,215469,61443,209.92,5.7,0.9955,2981995,2982611
2121000,215410,61198,211.36,5.6,0.9958,2975354,2975413
2122000,214402,61087,210.32,5.7,0.9955,2928748,2929756
2123000,216625,61092,211.29,5.6,0.9959,2984709,2982486
2124000,215852,60979,210.14,5.6,0.9959,2984982,2985755
2125000,216188,61243,209.90,5.6,0.9958,3024126,3023790
2126000,218738,61232,208.66,5.7,0.9956,3076907,3074357
2127000,218674,61545,210.36,5.7,0.9955,3057142,3057206
2128000,217215,61218,209.68,5.5,0.9961,3020328,3021787
2129000,216465,61812,211.22,5.5,0.9962,3017720,3018470
2130000,214540,61753,209.90,5.7,0.9957,2975919,2977844
2131000,216739,62576,210.15,5.7,0.9955,3030455,3028256
2132000,217034,62046,210.08,5.7,0.9956,3025492,3025197
2133000,215948,62024,211.35,5.6,0.9959,2991221,2992307
2134000,212594,61829,210.51,5.6,0.9957,2894444,2897798
2135000,215496,62028,209.95,5.6,0.9960,2960786,2957884
2136000,215508,62575,210.01,5.6,0.9959,3017873,3017861
2137000,213073,63827,210.39,5.6,0.9958,2957207,2959642
2138000,212290,63669,210.56,5.5,0.9962,2902508,2903291
2139000,212838,64015,211.14,5.5,0.9962,2898069,2897521
2140000,210892,64308,211.01,5.5,0.9962,2864797,2866743
2141000,210614,64900,211.95,5.6,0.9958,2852207,2852485
2142000,213866,65336,210.40,5.6,0.9957,2874630,2871378
2143000,212083,64905,211.21,5.7,0.9955,2892365,2894148
2144000,209748,64051,211.44,5.6,0.9959,2839979,2842314
2145000,213243,63909,210.12,5.6,0.9957,2895493,2891998
2146000,213335,62846,211.38,5.5,0.9963,2927433,2927341
2147000,211950,63883,211.21,5.5,0.9960,2883563,2884948
2148000,211201,63991,210.69,5.6,0.9958,2851802,2852551
2149000,211647,63947,210.53,5.6,0.9958,2901768,2901322
2150000,211919,64367,209.96,5.5,0.9962,2943437,2943165
2151000,212414,64938,210.74,5.7,0.9957,2901802,2901307
2152000,213605,65482,210.22,5.6,0.9960,2913997,2912806
2153000,214801,66177,209.72,5.7,0.9957,2947039,2945843
2154000,212756,66085,211.64,5.7,0.9955,2919884,2921929
2155000,209093,66105,211.89,5.6,0.9962,2810481,2814144
2156000,209666,66879,211.82,5.6,0.9961,2767412,2766839
2157000,206936,66786,211.32,5.6,0.9961,2752065,2754795
2158000,209822,67007,211.08,5.7,0.9958,2829268,2826382
2159000,209482,66841,211.05,5.6,0.9958,2868795,2869135
2160000,211541,66978,210.54,5.6,0.9958,2869979,2867920
2161000,213371,66109,211.57,5.5,0.9964,2885885,2884055
2162000,210640,66037,211.56,5.6,0.9958,2855225,2857956
2163000,212019,65704,209.92,5.7,0.9957,2877118,2875739
2164000,211984,64545,211.56,5.5,0.9964,2899332,2899367
2165000,213284,64383,209.80,5.5,0.9963,2898278,2896978
2166000,215157,63690,210.43,5.6,0.9961,2984119,2982246
2167000,212700,63268,210.40,5.6,0.9961,2944181,2946638
2168000,215337,63639,209.78,5.7,0.9958,2965613,2962976
2169000,212991,63913,210.79,5.6,0.9958,2944737,2947083
2170000,213612,63633,209.71,5.6,0.9959,2920557,2919936
2171000,212294,63337,210.49,5.6,0.9959,2932966,2934284
2172000,213014,63250,209.37,5.6,0.9958,2926276,2925556
2173000,216519,61995,209.21,5.7,0.9958,3044392,3040887
2174000,216864,62249,210.05,5.6,0.9958,3029253,3028908
2175000,215654,61876,209.98,5.6,0.9960,3025963,3027173
2176000,217472,61432,208.75,5.7,0.9953,3041681,3039863
2177000,219441,61430,208.90,5.7,0.9956,3111735,3109766
2178000,219699,61281,209.59,5.6,0.9958,3070618,3070360
2179000,219745,61561,210.47,5.5,0.9963,3078181,3078135
2180000,216131,61815,211.39,5.5,0.9962,2997554,3001168
2181000,212819,62589,210.33,5.6,0.9958,2897327,2900639
2182000,214455,63639,210.52,5.6,0.9956,2924068,2922432
2183000,213009,63434,211.15,5.6,0.9960,2895972,2897418
2184000,213894,64426,210.54,5.7,0.9955,2892187,2891302
2185000,213617,63900,210.77,5.5,0.9963,2918942,2919219
2186000,212927,63909,211.38,5.6,0.9958,2882768,2883458
2187000,212484,63809,210.94,5.5,0.9963,2828386,2828829
2188000,211696,63992,211.44,5.6,0.9957,2828334,2829122
2189000,212075,64054,211.39,5.5,0.9963,2848644,2848265
2190000,213420,63304,211.08,5.6,0.9960,2873062,2871717
2191000,214162,63530,211.00,5.5,0.9961,2883355,2882613
2192000,213663,63830,211.19,5.5,0.9962,2921709,2922208
2193000,213115,63219,211.57,5.6,0.9957,2912869,2913417
2194000,214806,63003,209.69,5.7,0.9956,2964464,2962773
2195000,215701,62110,210.68,5.6,0.9959,2997154,2996259
2196000,213704,61341,210.34,5.7,0.9957,2945468,2947465
2197000,218535,61427,209.60,5.7,0.9956,3015470,3010639
2198000,217658,61446,209.81,5.7,0.9954,3075140,3076017
2199000,217087,60801,209.82,5.6,0.9957,3061976,3062547
2200000,218061,62425,210.33,5.6,0.9959,3073045,3072071
2201000,216386,62567,210.61,5.5,0.9961,2983613,2985288
2202000,213709,61455,210.69,5.6,0.9959,2927620,2930297
2203000,217722,61311,210.55,5.6,0.9959,2965535,2961522
2204000,218185,61839,210.56,5.5,0.9963,3020781,3020318
2205000,215661,61260,210.32,5.6,0.9960,2996956,2999480
2206000,217874,61588,209.63,5.8,0.9952,3019864,3017651
2207000,215344,61591,211.38,5.6,0.9957,2973628,2976158
2208000,214850,61126,210.98,5.6,0.9957,2934450,2934944
2209000,215072,61052,210.92,5.5,0.9959,2923078,2922856
2210000,216127,61099,210.49,5.6,0.9957,2968637,2967582
2211000,216651,61203,211.57,5.6,0.9957,2954445,2953921
2212000,215978,61840,210.79,5.6,0.9956,2913031,2913704
2213000,212991,62970,210.90,5.6,0.9955,2894273,2897260
2214000,212016,62790,211.44,5.4,0.9963,2836381,2837356
2215000,212872,62839,210.95,5.5,0.9961,2869759,2868903
2216000,215713,62892,209.83,5.6,0.9956,2930610,2927769
2217000,214552,63468,211.19,5.6,0.9956,2941597,2942758
2218000,213037,63797,211.01,5.6,0.9958,2913870,2915385
2219000,210299,63584,209.83,5.7,0.9955,2897828,2900566
2220000,213963,63519,209.59,5.5,0.9961,2975855,2972191
2221000,213660,64380,209.93,5.7,0.9956,2963950,2964253
2222000,213739,66320,211.12,5.6,0.9960,2955208,2955129
2223000,212288,66464,209.88,5.6,0.9961,2912438,2913889
2224000,213525,65791,211.23,5.7,0.9955,2932392,2931155
2225000,213083,65155,209.97,5.6,0.9961,2895332,2895774
2226000,212223,64825,209.84,5.7,0.9957,2936166,2937026
2227000,213860,63259,208.63,5.7,0.9956,2976976,2975339
2228000,217240,62759,209.36,5.6,0.9958,3084104,3080724
2229000,216203,62812,209.88,5.6,0.9958,3044067,3045104
2230000,217025,62403,209.71,5.7,0.9955,3044879,3044057
2231000,214908,62290,210.32,5.6,0.9959,2998127,3000244
2232000,214981,60811,209.84,5.6,0.9957,2968688,2968615
2233000,218885,61069,210.07,5.6,0.9959,3060539,3056635
2234000,217283,60538,209.46,5.8,0.9950,3019381,3020983
2235000,217774,60557,210.78,5.6,0.9958,3064624,3064133
2236000,216449,60319,210.46,5.7,0.9955,3015899,3017224
2237000,218632,60124,209.39,5.7,0.9955,3054043,3051860
2238000,216307,60512,209.42,5.7,0.9955,3063444,3065769
2239000,217609,61701,210.88,5.7,0.9957,3060093,3058791
2240000,213862,62591,211.87,5.6,0.9957,2934447,2938194
2241000,214782,64269,211.01,5.6,0.9957,2894869,2893949
2242000,210699,65313,211.71,5.6,0.9958,2817994,2822077
2243000,210432,65666,209.80,5.6,0.9958,2818391,2818658
2244000,212959,65790,210.92,5.5,0.9961,2871408,2868881
2245000,212122,64810,210.85,5.6,0.9959,2875130,2875967
2246000,210364,65435,211.36,5.4,0.9966,2810619,2812377
2247000,212334,65159,210.57,5.5,0.9961,2839664,2837694
2248000,212729,65211,210.65,5.6,0.9960,2889058,2888663
2249000,211854,64702,211.09,5.5,0.9962,2888175,2889050
2250000,212688,64172,210.78,5.7,0.9954,2893822,2892988
2251000,213472,63792,210.01,5.7,0.9955,2910755,2909971
2252000,214188,63711,210.42,5.7,0.9957,2926606,2925890
2253000,213576,63508,210.81,5.7,0.9954,2907906,2908518
2254000,214010,63131,212.21,5.5,0.9961,2898760,2898326
2255000,212574,63487,212.18,5.5,0.9962,2859297,2860733
2256000,212716,62008,210.40,5.6,0.9960,2871915,2871773
2257000,214764,61413,211.22,5.7,0.9955,2921106,2919058
2258000,215467,60442,210.57,5.7,0.9955,2959096,2958393
2259000,217263,61282,209.94,5.6,0.9960,3006113,3004317
2260000,216033,62492,209.95,5.7,0.9957,3012173,3013403
2261000,217127,62876,210.31,5.7,0.9958,2973443,2972349
2262000,214406,63645,211.45,5.5,0.9964,2955340,2958061
2263000,212469,63918,210.08,5.6,0.9959,2918192,2920129
2264000,213000,64160,209.79,5.5,0.9962,2925663,2925132
2265000,216071,63635,210.84,5.7,0.9958,2971159,2968088
2266000,215918,63087,210.27,5.9,0.9949,2970416,2970569
2267000,218234,61998,209.78,5.6,0.9960,3048485,3046169
2268000,219041,61262,210.15,5.6,0.9958,3022975,3022168
2269000,218586,60855,209.64,5.7,0.9956,3070133,3070588
2270000,219997,60709,209.58,5.7,0.9953,3085152,3083741
2271000,219632,59493,208.65,5.7,0.9955,3134738,3135103
2272000,219558,59362,209.54,5.8,0.9952,3129716,3129790
2273000,218246,60311,209.84,5.6,0.9960,3106866,3108178
2274000,218614,60517,209.82,5.7,0.9956,3052064,3051696
2275000,220078,61708,209.84,5.6,0.9958,3106937,3105473
2276000,216661,61622,209.70,5.7,0.9957,3055860,3059277
2277000,218648,61832,210.55,5.7,0.9957,3046799,3044812
2278000,215838,62214,210.06,5.5,0.9962,2996678,2999488
2279000,215538,61811,209.27,5.7,0.9955,3043283,3043583
2280000,215852,61644,209.97,5.7,0.9954,3014947,3014633
2281000,219184,61662,210.13,5.6,0.9961,3062823,3059491
2282000,215575,62168,210.01,5.7,0.9957,2990798,2994407
2283000,215895,63013,211.34,5.7,0.9957,2960274,2959954
2284000,214165,63488,211.02,5.7,0.9954,2921306,2923036
2285000,210761,63293,211.05,5.6,0.9959,2847781,2851185
2286000,213098,63926,211.32,5.6,0.9959,2885697,2883360
2287000,213330,64926,210.72,5.7,0.9954,2921721,2921489
2288000,209943,65128,211.15,5.5,0.9962,2907193,2910580
2289000,210171,64787,210.42,5.5,0.9961,2846768,2846540
2290000,211443,65109,209.61,5.6,0.9957,2883309,2882037
2291000,211512,65295,210.55,5.6,0.9958,2917873,2917804
2292000,211353,65482,211.15,5.6,0.9958,2883513,2883672
2293000,209807,66257,211.58,5.6,0.9958,2845989,2847535
2294000,211811,65811,210.80,5.7,0.9956,2830092,2828088
2295000,210961,65412,210.91,5.7,0.9957,2799251,2800101
2296000,211041,65412,211.65,5.6,0.9960,2788599,2788519
2297000,211968,65706,211.55,5.6,0.9961,2807129,2806202
2298000,211243,64899,210.51,5.5,0.9961,2861118,2861843
2299000,211714,63351,210.25,5.5,0.9961,2894708,2894237
2300000,214975,63596,210.54,5.6,0.9957,2938168,2934907
2301000,213922,64152,209.90,5.6,0.9958,2931776,2932829
2302000,213335,64185,210.13,5.6,0.9959,2954427,2955014
2303000,211622,63770,210.28,5.6,0.9959,2926941,2928654
2304000,213248,63594,210.45,5.5,0.9963,2926587,2924961
2305000,212883,64173,210.48,5.6,0.9958,2890424,2890789
2306000,213228,64370,210.58,5.6,0.9959,2933832,2933487
2307000,214958,65133,210.68,5.5,0.9963,2942936,2941206
2308000,211372,64986,211.59,5.6,0.9958,2852803,2856389
2309000,210333,65500,210.90,5.5,0.9962,2832281,2833320
2310000,212073,66182,210.15,5.7,0.9954,2891027,2889287
2311000,210058,65880,212.02,5.6,0.9960,2838765,2840780
2312000,211915,66153,211.19,5.7,0.9955,2843970,2842113
2313000,211047,65948,210.82,5.6,0.9960,2881873,2882741
2314000,211762,66306,210.54,5.7,0.9956,2897664,2896949
2315000,210741,66036,211.25,5.6,0.9958,2872859,2873880
2316000,213012,65589,211.13,5.6,0.9959,2894003,2891732
2317000,213976,65954,211.02,5.6,0.9959,2917166,2916202
2318000,210787,65727,210.44,5.6,0.9962,2853276,2856465
2319000,212393,65912,210.94,5.6,0.9960,2905011,2903405
2320000,211497,65130,211.31,5.6,0.9961,2881722,2882618
2321000,213048,66132,210.48,5.7,0.9956,2858264,2856713
2322000,211782,65057,211.66,5.6,0.9961,2850135,2851401
2323000,211875,65546,211.17,5.6,0.9958,2839701,2839608
2324000,208078,65263,212.07,5.6,0.9958,2795310,2799107
2325000,212385,64729,211.53,5.5,0.9963,2804241,2799934
2326000,213129,64934,211.38,5.7,0.9957,2883385,2882641
2327000,213149,64580,210.48,5.6,0.9958,2889308,2889288
2328000,215321,64743,210.66,5.6,0.9958,2950699,2948527
2329000,214414,64960,210.03,5.7,0.9956,2945898,2946805
2330000,212522,64407,210.14,5.6,0.9959,2918964,2920856
2331000,212948,64697,210.70,5.8,0.9952,2929010,2928584
2332000,213576,64826,209.52,5.6,0.9960,2953410,2952782
2333000,213228,65215,210.13,5.6,0.9958,2959395,2959743
2334000,212112,64813,209.97,5.7,0.9957,2914983,2916099
2335000,213779,63872,211.12,5.6,0.9959,2927359,2925692
2336000,211786,64311,211.11,5.6,0.9957,2883327,2885320
2337000,210610,64353,210.06,5.6,0.9960,2855893,2857069
2338000,213114,64157,210.87,5.5,0.9962,2920962,2918458
2339000,213900,64157,209.47,5.6,0.9958,2939788,2939002
2340000,217430,64324,210.67,5.6,0.9960,2969049,2965519
2341000,212554,64013,210.22,5.6,0.9960,2925753,2930629
2342000,213232,63952,210.50,5.6,0.9959,2949393,2948715
2343000,211476,63496,210.87,5.8,0.9951,2897958,2899714
2344000,213366,64462,210.67,5.6,0.9956,2920412,2918522
2345000,213439,63862,210.43,5.4,0.9964,2925249,2925176
2346000,213359,63390,210.63,5.6,0.9958,2919024,2919104
2347000,213934,63094,210.54,5.7,0.9953,2952113,2951538
2348000,214820,63743,209.89,5.6,0.9957,2950832,2949946
2349000,214130,63294,211.92,5.7,0.9954,2964314,2965004
2350000,214317,63661,211.11,5.5,0.9961,2912208,2912021
2351000,214977,63615,209.67,5.6,0.9958,2940807,2940147
2352000,215693,62925,210.68,5.6,0.9960,2973148,2972432
2353000,213483,62210,210.30,5.6,0.9958,2937839,2940049
2354000,216798,62805,211.06,5.6,0.9956,2935239,2931924
2355000,215714,63239,211.26,5.7,0.9954,2946844,2947928
2356000,212595,62961,209.87,5.5,0.9961,2929289,2932408
2357000,214142,63395,210.58,5.6,0.9956,2943251,2941704
2358000,214108,63385,211.03,5.6,0.9958,2916243,2916277
2359000,213858,64594,210.59,5.6,0.9959,2918127,2918377
2360000,209899,64153,210.52,5.5,0.9960,2892580,2896539
2361000,212181,64730,210.40,5.6,0.9958,2863758,2861476
2362000,212965,63877,210.13,5.6,0.9957,2938000,2937216
2363000,212697,64201,210.43,5.5,0.9960,2917254,2917522
2364000,212873,64885,210.85,5.5,0.9960,2911889,2911713
2365000,212609,64182,211.25,5.5,0.9961,2875854,2876118
2366000,211012,64810,211.38,5.6,0.9959,2860811,2862408
2367000,212049,65359,210.30,5.6,0.9958,2880011,2878974
2368000,212599,64808,209.78,5.6,0.9959,2922454,2921904
2369000,212887,64072,210.83,5.7,0.9955,2940467,2940179
2370000,213593,63753,209.76,5.7,0.9955,2942421,2941715
2371000,213729,63289,209.63,5.7,0.9954,2969303,2969167
2372000,214241,63320,210.13,5.6,0.9960,3006414,3005902
2373000,214240,63602,209.72,5.6,0.9959,2993516,2993517
2374000,212432,63976,210.23,5.6,0.9959,2950671,2952479
2375000,214792,63166,209.98,5.7,0.9957,2977541,2975181
2376000,214552,63538,210.76,5.6,0.9958,2949518,2949758
2377000,214151,62791,210.04,5.5,0.9961,2947703,2948104
2378000,213654,62330,209.98,5.6,0.9956,2973415,2973912
2379000,216439,62516,210.92,5.6,0.9959,2998115,2995330
2380000,214646,62923,211.27,5.6,0.9960,2956417,2958210
2381000,213230,63018,209.95,5.5,0.9962,2938890,2940306
2382000,214834,63196,210.10,5.6,0.9961,2974400,2972796
2383000,215031,63515,210.24,5.6,0.9960,2996751,2996554
2384000,215250,62518,210.00,5.7,0.9953,3007547,3007328
2385000,215597,63101,211.87,5.4,0.9965,2940063,2939716
2386000,212741,63187,211.17,5.5,0.9962,2866740,2869596
2387000,214313,63643,210.88,5.6,0.9956,2915654,2914082
2388000,212068,63504,210.55,5.5,0.9963,2892254,2894499
2389000,213428,63754,210.18,5.5,0.9962,2908677,2907317
2390000,212818,64015,210.76,5.4,0.9964,2884577,2885187
2391000,211497,63759,210.31,5.6,0.9957,2863429,2864750
2392000,213146,63301,209.86,5.6,0.9955,2885065,2883416
2393000,213488,62943,211.06,5.6,0.9959,2910797,2910455
2394000,214719,64325,211.42,5.6,0.9957,2919137,2917906
2395000,211696,64284,210.88,5.6,0.9957,2889919,2892942
2396000,210634,63877,211.22,5.5,0.9961,2875369,2876431
2397000,213816,63957,210.24,5.7,0.9955,2906994,2903812
2398000,212659,64195,210.82,5.6,0.9956,2932199,2933356
2399000,213828,64148,209.79,5.7,0.9954,2926984,2925815
2400000,212362,63978,209.57,5.6,0.9957,2932630,2934096
2401000,210117,63008,210.19,5.7,0.9953,2922222,2924467
2402000,215928,61882,209.89,5.5,0.9962,2994138,2988327
2403000,217222,62617,210.11,5.6,0.9957,3032128,3030834
2404000,211564,62913,210.58,5.5,0.9960,2922896,2928554
2405000,210845,64051,210.25,5.6,0.9957,2871484,2872203
2406000,210887,64374,210.86,5.5,0.9961,2903810,2903768
2407000,211471,64758,211.54,5.5,0.9959,2869510,2868926
2408000,212653,64152,210.28,5.6,0.9957,2922756,2921574
2409000,214416,63854,209.51,5.6,0.9958,2968504,2966741
2410000,213626,63827,210.10,5.5,0.9962,2950058,2950848
2411000,213150,64083,210.06,5.6,0.9959,2894782,2895258
2412000,214762,64482,210.86,5.5,0.9961,2975569,2973957
2413000,212428,64010,209.97,5.6,0.9960,2894905,2897239
2414000,213636,64197,210.11,5.5,0.9962,2934395,2933187
2415000,214389,64935,211.15,5.5,0.9961,2965194,2964441
2416000,212890,63944,209.63,5.6,0.9958,2951459,2952958
2417000,215828,63768,210.47,5.5,0.9962,2989047,2986109
2418000,216073,63445,210.30,5.6,0.9960,2975631,2975386
2419000,212975,62071,211.17,5.6,0.9959,2902040,2905138
2420000,213798,62952,211.09,5.7,0.9954,2912543,2911720
2421000,212343,62620,211.32,5.6,0.9956,2870601,2872056
2422000,211447,62312,210.79,5.6,0.9957,2884196,2885092
2423000,215455,63189,209.90,5.6,0.9959,2940319,2936311
2424000,213265,63054,211.12,5.5,0.9959,2942968,2945158
2425000,212548,63395,212.02,5.6,0.9956,2891923,2892640
2426000,211209,63536,211.54,5.5,0.9962,2826425,2827764
2427000,214732,63668,209.85,5.5,0.9959,2901900,2898377
2428000,213276,63290,211.07,5.6,0.9957,2939405,2940861
2429000,214082,63009,210.70,5.5,0.9959,2886253,2885447
2430000,214744,63020,209.10,5.5,0.9960,2969136,2968474
2431000,214798,62830,210.40,5.6,0.9958,2976983,2976929
2432000,213907,63797,211.23,5.6,0.9958,2959165,2960056
2433000,212718,63944,211.04,5.5,0.9961,2885653,2886842
2434000,214767,64764,210.95,5.6,0.9959,2906583,2904534
2435000,211697,64955,210.57,5.6,0.9958,2868604,2871674
2436000,211189,64243,210.89,5.7,0.9955,2893315,2893823
2437000,213943,64174,210.06,5.5,0.9963,2957531,2954777
2438000,213000,63663,210.15,5.5,0.9961,2954953,2955896
2439000,214054,62343,209.56,5.6,0.9959,3006924,3005870
2440000,217540,61759,209.30,5.6,0.9960,3050754,3047268
2441000,216373,61323,209.29,5.6,0.9958,3072670,3073837
2442000,216886,60983,209.85,5.7,0.9954,3066729,3066216
2443000,216411,61331,210.63,5.6,0.9958,3028371,3028846
2444000,215845,61702,211.22,5.7,0.9954,2976344,2976910
2445000,214343,62978,210.95,5.6,0.9957,2946289,2947791
2446000,213503,63980,210.05,5.6,0.9958,2944510,2945350
2447000,212264,65015,210.82,5.5,0.9962,2902282,2903521
2448000,213928,64975,210.60,5.6,0.9960,2913443,2911779
2449000,210029,64976,210.95,5.6,0.9958,2843695,2847594
2450000,210177,65257,210.88,5.5,0.9961,2841242,2841094
2451000,211501,64260,209.77,5.7,0.9956,2862325,2861001
2452000,214439,64670,210.51,5.6,0.9959,2920802,2917864
2453000,212345,64712,210.72,5.7,0.9953,2899842,2901936
2454000,212179,64555,211.00,5.5,0.9961,2895922,2896088
2455000,213015,65240,211.12,5.6,0.9960,2892851,2892015
2456000,211358,66654,211.02,5.5,0.9960,2860569,2862226
2457000,209033,66119,211.12,5.5,0.9962,2804215,2806540
2458000,209508,66074,211.08,5.5,0.9962,2823083,2822608
2459000,212011,66190,210.79,5.6,0.9960,2875182,2872679
2460000,210438,65464,211.17,5.6,0.9959,2852013,2853586
2461000,211862,65532,210.16,5.6,0.9959,2893788,2892364
2462000,214439,65324,210.69,5.7,0.9955,2923294,2920717
2463000,212064,64388,211.86,5.6,0.9958,2891984,2894359
2464000,212289,64304,210.07,5.7,0.9954,2880557,2880332
2465000,212950,64190,211.63,5.4,0.9966,2901783,2901122
2466000,208875,63764,210.53,5.6,0.9959,2850760,2854835
2467000,215859,63527,208.51,5.6,0.9957,2933403,2926419
2468000,218194,62744,210.72,5.5,0.9961,3023590,3021255
2469000,214737,63214,210.47,5.6,0.9957,2990867,2994324
2470000,214011,63864,210.77,5.7,0.9954,2924773,2925499
2471000,212884,64173,210.09,5.7,0.9954,2921038,2922165
2472000,214304,63084,210.72,5.7,0.9956,2939807,2938387
2473000,214469,64298,209.85,5.6,0.9957,2937554,2937389
2474000,215141,64653,210.85,5.5,0.9960,2977198,2976526
2475000,212001,64559,211.69,5.4,0.9963,2908721,2911861
2476000,212857,64269,210.39,5.5,0.9960,2879712,2878856
2477000,213469,64141,210.58,5.6,0.9960,2919347,2918735
2478000,212754,64444,210.72,5.7,0.9954,2904764,2905479
2479000,213367,64810,211.43,5.7,0.9953,2874018,2873405
2480000,211753,64900,212.13,5.6,0.9957,2853490,2855104
2481000,211328,65692,212.41,5.5,0.9962,2787967,2788392
2482000,209714,65409,212.02,5.6,0.9958,2809830,2811444
2483000,211786,65456,211.76,5.6,0.9957,2799088,2797016
2484000,211432,64306,211.27,5.5,0.9960,2837884,2838238
2485000,212516,64785,210.76,5.5,0.9960,2838065,2836981
2486000,212526,64063,210.75,5.4,0.9964,2899560,2899550
2487000,212085,64527,210.78,5.6,0.9955,2890380,2890821
2488000,212687,64479,210.53,5.5,0.9960,2901538,2900936
2489000,212299,63846,211.86,5.5,0.9963,2887088,2887476
2490000,213431,63582,210.97,5.6,0.9958,2875819,2874687
2491000,214585,63311,211.01,5.6,0.9958,2922588,2921434
2492000,213425,63030,211.16,5.5,0.9962,2895363,2896523
2493000,211396,63893,211.61,5.5,0.9964,2867573,2869602
2494000,212715,63908,211.34,5.6,0.9957,2870736,2869417
2495000,211963,63751,211.23,5.5,0.9960,2874205,2874957
2496000,213014,63365,210.46,5.6,0.9959,2873581,2872530
2497000,215209,63633,212.22,5.5,0.9961,2903138,2900943
2498000,212483,63574,211.54,5.5,0.9961,2881556,2884282
2499000,214883,62958,210.13,5.7,0.9957,2888194,2885794
