tick       0 alive    52104 genomes   52104 energy    64.0 births 0 deaths 0 (0.0s) NVIDIA GeForce RTX 3060
tick    1000 alive   194467 genomes   84056 energy   112.6 births 2114182 deaths 1971819 (2.6s) NVIDIA GeForce RTX 3060
tick    2000 alive   559823 genomes  223829 energy   117.5 births 9773122 deaths 9407766 (8.5s) NVIDIA GeForce RTX 3060
tick    3000 alive   701710 genomes  242090 energy   138.6 births 14628593 deaths 14486706 (16.9s) NVIDIA GeForce RTX 3060
tick    4000 alive   739537 genomes  208444 energy   159.2 births 13124145 deaths 13086318 (25.1s) NVIDIA GeForce RTX 3060
tick    5000 alive   799465 genomes  195271 energy   169.3 births 11968324 deaths 11908396 (33.2s) NVIDIA GeForce RTX 3060
tick    6000 alive   837402 genomes  186816 energy   175.6 births 11613829 deaths 11575892 (41.1s) NVIDIA GeForce RTX 3060
tick    7000 alive   842698 genomes  179252 energy   179.3 births 11101292 deaths 11095996 (49.1s) NVIDIA GeForce RTX 3060
tick    8000 alive   835776 genomes  172453 energy   180.6 births 10667575 deaths 10674497 (56.9s) NVIDIA GeForce RTX 3060
tick    9000 alive   825277 genomes  167068 energy   181.0 births 10340706 deaths 10351205 (64.7s) NVIDIA GeForce RTX 3060
tick   10000 alive   815314 genomes  161396 energy   180.6 births 10174297 deaths 10184260 (72.4s) NVIDIA GeForce RTX 3060
tick   11000 alive   812215 genomes  155084 energy   180.5 births 10047151 deaths 10050250 (80.2s) NVIDIA GeForce RTX 3060
tick   12000 alive   816880 genomes  151504 energy   179.0 births 10113756 deaths 10109091 (87.9s) NVIDIA GeForce RTX 3060
tick   13000 alive   823056 genomes  147674 energy   178.7 births 10247548 deaths 10241372 (95.7s) NVIDIA GeForce RTX 3060
tick   14000 alive   827120 genomes  143675 energy   178.1 births 10370639 deaths 10366575 (103.4s) NVIDIA GeForce RTX 3060
tick   15000 alive   835191 genomes  138977 energy   178.3 births 10448549 deaths 10440478 (111.3s) NVIDIA GeForce RTX 3060
tick   16000 alive   847755 genomes  136913 energy   178.2 births 10573536 deaths 10560972 (119.1s) NVIDIA GeForce RTX 3060
tick   17000 alive   854624 genomes  134141 energy   178.5 births 10689210 deaths 10682341 (126.9s) NVIDIA GeForce RTX 3060
tick   18000 alive   860418 genomes  132148 energy   178.3 births 10738926 deaths 10733132 (134.7s) NVIDIA GeForce RTX 3060
tick   19000 alive   866224 genomes  131181 energy   178.7 births 10793888 deaths 10788082 (142.5s) NVIDIA GeForce RTX 3060
tick   20000 alive   871327 genomes  129249 energy   178.7 births 10859611 deaths 10854508 (150.3s) NVIDIA GeForce RTX 3060
tick   21000 alive   868894 genomes  128210 energy   178.8 births 10884406 deaths 10886839 (158.1s) NVIDIA GeForce RTX 3060
tick   22000 alive   862597 genomes  127363 energy   178.3 births 10865024 deaths 10871321 (165.8s) NVIDIA GeForce RTX 3060
tick   23000 alive   862695 genomes  125292 energy   178.5 births 10887582 deaths 10887484 (173.6s) NVIDIA GeForce RTX 3060
tick   24000 alive   867805 genomes  122993 energy   178.5 births 10904350 deaths 10899240 (181.4s) NVIDIA GeForce RTX 3060
tick   25000 alive   863453 genomes  121348 energy   178.9 births 10833460 deaths 10837812 (189.2s) NVIDIA GeForce RTX 3060
tick   26000 alive   865438 genomes  119419 energy   179.1 births 10775376 deaths 10773391 (197.0s) NVIDIA GeForce RTX 3060
tick   27000 alive   866346 genomes  118788 energy   178.6 births 10784976 deaths 10784068 (204.8s) NVIDIA GeForce RTX 3060
tick   28000 alive   866692 genomes  117911 energy   178.7 births 10810279 deaths 10809933 (212.6s) NVIDIA GeForce RTX 3060
tick   29000 alive   868982 genomes  117215 energy   178.1 births 10872096 deaths 10869806 (220.5s) NVIDIA GeForce RTX 3060
tick   30000 alive   866973 genomes  116524 energy   178.2 births 10882488 deaths 10884497 (228.3s) NVIDIA GeForce RTX 3060
tick   31000 alive   865632 genomes  117079 energy   178.0 births 10871501 deaths 10872842 (236.2s) NVIDIA GeForce RTX 3060
tick   32000 alive   866026 genomes  117138 energy   177.8 births 10910197 deaths 10909803 (244.1s) NVIDIA GeForce RTX 3060
tick   33000 alive   867261 genomes  116967 energy   178.1 births 10899247 deaths 10898012 (252.0s) NVIDIA GeForce RTX 3060
tick   34000 alive   867151 genomes  116808 energy   178.1 births 10873007 deaths 10873117 (259.9s) NVIDIA GeForce RTX 3060
tick   35000 alive   867011 genomes  114463 energy   177.6 births 10929542 deaths 10929682 (267.8s) NVIDIA GeForce RTX 3060
tick   36000 alive   872199 genomes  114223 energy   177.6 births 10952855 deaths 10947667 (275.7s) NVIDIA GeForce RTX 3060
tick   37000 alive   875536 genomes  115674 energy   177.3 births 11053076 deaths 11049739 (283.7s) NVIDIA GeForce RTX 3060
tick   38000 alive   872204 genomes  114042 energy   177.5 births 11084457 deaths 11087789 (291.6s) NVIDIA GeForce RTX 3060
tick   39000 alive   870486 genomes  111862 energy   177.8 births 10968757 deaths 10970475 (299.6s) NVIDIA GeForce RTX 3060
tick   40000 alive   870995 genomes  110477 energy   177.9 births 10953022 deaths 10952513 (307.5s) NVIDIA GeForce RTX 3060
tick   41000 alive   874123 genomes  108857 energy   178.2 births 10911484 deaths 10908356 (315.4s) NVIDIA GeForce RTX 3060
tick   42000 alive   872063 genomes  108267 energy   178.7 births 10823467 deaths 10825527 (323.3s) NVIDIA GeForce RTX 3060
tick   43000 alive   874185 genomes  108484 energy   177.8 births 10869732 deaths 10867610 (331.2s) NVIDIA GeForce RTX 3060
tick   44000 alive   875281 genomes  108176 energy   177.8 births 10915079 deaths 10913983 (339.2s) NVIDIA GeForce RTX 3060
tick   45000 alive   877797 genomes  107075 energy   177.7 births 10914781 deaths 10912265 (347.1s) NVIDIA GeForce RTX 3060
tick   46000 alive   884155 genomes  105570 energy   177.4 births 10953327 deaths 10946969 (355.0s) NVIDIA GeForce RTX 3060
tick   47000 alive   885532 genomes  104052 energy   177.6 births 10959469 deaths 10958092 (362.9s) NVIDIA GeForce RTX 3060
tick   48000 alive   887516 genomes  103849 energy   178.0 births 11016056 deaths 11014072 (370.8s) NVIDIA GeForce RTX 3060
tick   49000 alive   887372 genomes  103536 energy   178.7 births 10935792 deaths 10935936 (378.7s) NVIDIA GeForce RTX 3060
tick   50000 alive   887716 genomes  103362 energy   178.2 births 10916454 deaths 10916110 (386.6s) NVIDIA GeForce RTX 3060
tick   51000 alive   882887 genomes  101443 energy   178.6 births 10901870 deaths 10906699 (394.6s) NVIDIA GeForce RTX 3060
tick   52000 alive   886910 genomes  100167 energy   178.4 births 10837538 deaths 10833515 (402.5s) NVIDIA GeForce RTX 3060
tick   53000 alive   890790 genomes   99264 energy   178.5 births 10902674 deaths 10898794 (410.4s) NVIDIA GeForce RTX 3060
tick   54000 alive   890063 genomes   98261 energy   178.3 births 10954934 deaths 10955661 (418.3s) NVIDIA GeForce RTX 3060
tick   55000 alive   893868 genomes   97686 energy   178.3 births 10966655 deaths 10962850 (426.1s) NVIDIA GeForce RTX 3060
tick   56000 alive   890666 genomes   96423 energy   178.6 births 10927232 deaths 10930434 (434.0s) NVIDIA GeForce RTX 3060
tick   57000 alive   889048 genomes   95774 energy   178.8 births 10841348 deaths 10842966 (441.8s) NVIDIA GeForce RTX 3060
tick   58000 alive   891487 genomes   94912 energy   178.8 births 10850033 deaths 10847594 (449.7s) NVIDIA GeForce RTX 3060
tick   59000 alive   893345 genomes   94259 energy   178.7 births 10921311 deaths 10919453 (457.5s) NVIDIA GeForce RTX 3060
tick   60000 alive   897346 genomes   94003 energy   178.9 births 10945384 deaths 10941383 (465.2s) NVIDIA GeForce RTX 3060
tick   61000 alive   900720 genomes   92959 energy   179.1 births 10929693 deaths 10926319 (473.0s) NVIDIA GeForce RTX 3060
tick   62000 alive   901985 genomes   92449 energy   179.2 births 10929082 deaths 10927817 (480.8s) NVIDIA GeForce RTX 3060
tick   63000 alive   900964 genomes   92775 energy   179.0 births 10943148 deaths 10944169 (488.6s) NVIDIA GeForce RTX 3060
tick   64000 alive   900071 genomes   92175 energy   179.2 births 10954177 deaths 10955070 (496.4s) NVIDIA GeForce RTX 3060
tick   65000 alive   903781 genomes   91978 energy   178.9 births 10963124 deaths 10959414 (504.1s) NVIDIA GeForce RTX 3060
tick   66000 alive   902569 genomes   92131 energy   178.7 births 11021153 deaths 11022365 (511.9s) NVIDIA GeForce RTX 3060
tick   67000 alive   904855 genomes   92235 energy   178.1 births 11100167 deaths 11097881 (519.6s) NVIDIA GeForce RTX 3060
tick   68000 alive   904112 genomes   91581 energy   178.5 births 11148671 deaths 11149414 (527.4s) NVIDIA GeForce RTX 3060
tick   69000 alive   903403 genomes   90282 energy   178.6 births 11111612 deaths 11112321 (535.1s) NVIDIA GeForce RTX 3060
tick   70000 alive   902730 genomes   90133 energy   178.5 births 11111240 deaths 11111913 (542.8s) NVIDIA GeForce RTX 3060
tick   71000 alive   900924 genomes   89975 energy   178.5 births 11101284 deaths 11103090 (550.5s) NVIDIA GeForce RTX 3060
tick   72000 alive   901371 genomes   90467 energy   179.1 births 11059700 deaths 11059253 (558.2s) NVIDIA GeForce RTX 3060
tick   73000 alive   899100 genomes   90958 energy   178.7 births 11000785 deaths 11003056 (565.9s) NVIDIA GeForce RTX 3060
tick   74000 alive   902656 genomes   91929 energy   178.8 births 11038751 deaths 11035195 (573.6s) NVIDIA GeForce RTX 3060
tick   75000 alive   905699 genomes   91799 energy   179.0 births 11038091 deaths 11035048 (581.3s) NVIDIA GeForce RTX 3060
tick   76000 alive   910691 genomes   91345 energy   178.5 births 11135587 deaths 11130595 (589.0s) NVIDIA GeForce RTX 3060
tick   77000 alive   907548 genomes   92060 energy   178.5 births 11145921 deaths 11149064 (596.7s) NVIDIA GeForce RTX 3060
tick   78000 alive   905423 genomes   93127 energy   178.1 births 11108350 deaths 11110475 (604.5s) NVIDIA GeForce RTX 3060
tick   79000 alive   906853 genomes   93469 energy   178.0 births 11133241 deaths 11131811 (612.3s) NVIDIA GeForce RTX 3060
tick   80000 alive   904407 genomes   93566 energy   178.0 births 11156010 deaths 11158456 (620.0s) NVIDIA GeForce RTX 3060
tick   81000 alive   906781 genomes   92508 energy   178.0 births 11156344 deaths 11153970 (627.8s) NVIDIA GeForce RTX 3060
tick   82000 alive   912495 genomes   91463 energy   178.2 births 11212007 deaths 11206293 (635.6s) NVIDIA GeForce RTX 3060
tick   83000 alive   912574 genomes   90029 energy   178.6 births 11222015 deaths 11221936 (643.3s) NVIDIA GeForce RTX 3060
tick   84000 alive   914784 genomes   88626 energy   179.0 births 11200048 deaths 11197838 (651.1s) NVIDIA GeForce RTX 3060
tick   85000 alive   913203 genomes   87741 energy   179.2 births 11186867 deaths 11188448 (658.8s) NVIDIA GeForce RTX 3060
tick   86000 alive   910945 genomes   87484 energy   179.1 births 11108316 deaths 11110574 (666.5s) NVIDIA GeForce RTX 3060
tick   87000 alive   908723 genomes   87430 energy   179.3 births 11076553 deaths 11078775 (674.2s) NVIDIA GeForce RTX 3060
tick   88000 alive   905926 genomes   86384 energy   179.2 births 11017230 deaths 11020027 (681.9s) NVIDIA GeForce RTX 3060
tick   89000 alive   905923 genomes   85450 energy   179.6 births 11016861 deaths 11016864 (689.5s) NVIDIA GeForce RTX 3060
tick   90000 alive   905054 genomes   84496 energy   179.9 births 10932362 deaths 10933231 (697.2s) NVIDIA GeForce RTX 3060
tick   91000 alive   904779 genomes   84471 energy   179.7 births 10896458 deaths 10896733 (704.9s) NVIDIA GeForce RTX 3060
tick   92000 alive   902479 genomes   84661 energy   179.8 births 10874468 deaths 10876768 (712.6s) NVIDIA GeForce RTX 3060
tick   93000 alive   904646 genomes   83600 energy   179.6 births 10872591 deaths 10870424 (720.3s) NVIDIA GeForce RTX 3060
tick   94000 alive   909781 genomes   83442 energy   179.4 births 10913283 deaths 10908148 (728.0s) NVIDIA GeForce RTX 3060
tick   95000 alive   910901 genomes   83641 energy   179.6 births 10936442 deaths 10935322 (735.7s) NVIDIA GeForce RTX 3060
tick   96000 alive   911206 genomes   83455 energy   179.7 births 10921051 deaths 10920746 (743.4s) NVIDIA GeForce RTX 3060
tick   97000 alive   911748 genomes   83799 energy   179.9 births 10934513 deaths 10933971 (751.1s) NVIDIA GeForce RTX 3060
tick   98000 alive   908625 genomes   83325 energy   180.1 births 10871285 deaths 10874408 (758.7s) NVIDIA GeForce RTX 3060
tick   99000 alive   908482 genomes   83982 energy   179.6 births 10871179 deaths 10871322 (766.4s) NVIDIA GeForce RTX 3060
tick  100000 alive   906670 genomes   83580 energy   179.9 births 10862513 deaths 10864325 (774.0s) NVIDIA GeForce RTX 3060
tick  101000 alive   904631 genomes   82796 energy   179.5 births 10864635 deaths 10866674 (781.7s) NVIDIA GeForce RTX 3060
tick  102000 alive   907517 genomes   80690 energy   179.5 births 10943549 deaths 10940663 (789.3s) NVIDIA GeForce RTX 3060
tick  103000 alive   910160 genomes   79526 energy   179.8 births 10967294 deaths 10964651 (796.9s) NVIDIA GeForce RTX 3060
tick  104000 alive   910270 genomes   79061 energy   179.9 births 10962610 deaths 10962500 (804.6s) NVIDIA GeForce RTX 3060
tick  105000 alive   910115 genomes   78378 energy   180.0 births 10900704 deaths 10900859 (812.2s) NVIDIA GeForce RTX 3060
tick  106000 alive   910111 genomes   77532 energy   180.0 births 10916478 deaths 10916482 (819.8s) NVIDIA GeForce RTX 3060
tick  107000 alive   909288 genomes   78172 energy   179.7 births 10890684 deaths 10891507 (827.5s) NVIDIA GeForce RTX 3060
tick  108000 alive   911996 genomes   78645 energy   179.7 births 10948391 deaths 10945683 (835.2s) NVIDIA GeForce RTX 3060
tick  109000 alive   913755 genomes   79713 energy   179.5 births 11006921 deaths 11005162 (842.9s) NVIDIA GeForce RTX 3060
tick  110000 alive   910453 genomes   80467 energy   179.3 births 10986041 deaths 10989343 (850.6s) NVIDIA GeForce RTX 3060
tick  111000 alive   913282 genomes   81563 energy   179.5 births 11028382 deaths 11025553 (858.3s) NVIDIA GeForce RTX 3060
tick  112000 alive   912477 genomes   82018 energy   179.9 births 11011478 deaths 11012283 (866.0s) NVIDIA GeForce RTX 3060
tick  113000 alive   914772 genomes   82422 energy   180.1 births 11018418 deaths 11016123 (873.7s) NVIDIA GeForce RTX 3060
tick  114000 alive   914169 genomes   82643 energy   180.5 births 10981779 deaths 10982382 (881.4s) NVIDIA GeForce RTX 3060
tick  115000 alive   911451 genomes   82974 energy   180.9 births 10893843 deaths 10896561 (889.1s) NVIDIA GeForce RTX 3060
tick  116000 alive   912882 genomes   83077 energy   180.7 births 10859551 deaths 10858120 (896.8s) NVIDIA GeForce RTX 3060
tick  117000 alive   915276 genomes   83142 energy   180.8 births 10884446 deaths 10882052 (904.5s) NVIDIA GeForce RTX 3060
tick  118000 alive   915285 genomes   82588 energy   180.9 births 10885096 deaths 10885087 (912.2s) NVIDIA GeForce RTX 3060
tick  119000 alive   917375 genomes   82162 energy   180.8 births 10902790 deaths 10900700 (919.9s) NVIDIA GeForce RTX 3060
tick  120000 alive   918053 genomes   81025 energy   181.0 births 10887316 deaths 10886638 (927.6s) NVIDIA GeForce RTX 3060
tick  121000 alive   918959 genomes   80198 energy   180.7 births 10897043 deaths 10896137 (935.3s) NVIDIA GeForce RTX 3060
tick  122000 alive   919462 genomes   79470 energy   180.8 births 10920152 deaths 10919649 (943.1s) NVIDIA GeForce RTX 3060
tick  123000 alive   919740 genomes   79225 energy   181.2 births 10882331 deaths 10882053 (950.8s) NVIDIA GeForce RTX 3060
tick  124000 alive   919808 genomes   78772 energy   181.1 births 10871880 deaths 10871812 (958.5s) NVIDIA GeForce RTX 3060
tick  125000 alive   919369 genomes   78992 energy   181.2 births 10843574 deaths 10844013 (966.2s) NVIDIA GeForce RTX 3060
tick  126000 alive   918336 genomes   79403 energy   181.5 births 10879102 deaths 10880135 (973.9s) NVIDIA GeForce RTX 3060
tick  127000 alive   912702 genomes   80769 energy   181.5 births 10783972 deaths 10789606 (981.6s) NVIDIA GeForce RTX 3060
tick  128000 alive   912185 genomes   81418 energy   181.7 births 10742059 deaths 10742576 (989.4s) NVIDIA GeForce RTX 3060
tick  129000 alive   911998 genomes   82169 energy   181.8 births 10680267 deaths 10680454 (997.1s) NVIDIA GeForce RTX 3060
tick  130000 alive   911200 genomes   82677 energy   181.7 births 10663750 deaths 10664548 (1004.8s) NVIDIA GeForce RTX 3060
tick  131000 alive   908855 genomes   81952 energy   181.6 births 10646859 deaths 10649204 (1012.5s) NVIDIA GeForce RTX 3060
tick  132000 alive   908257 genomes   81790 energy   180.8 births 10703067 deaths 10703665 (1020.3s) NVIDIA GeForce RTX 3060
tick  133000 alive   907284 genomes   80505 energy   180.8 births 10774441 deaths 10775414 (1028.0s) NVIDIA GeForce RTX 3060
tick  134000 alive   909493 genomes   79664 energy   180.4 births 10805912 deaths 10803703 (1035.7s) NVIDIA GeForce RTX 3060
tick  135000 alive   911504 genomes   79054 energy   180.4 births 10855475 deaths 10853464 (1043.5s) NVIDIA GeForce RTX 3060
tick  136000 alive   913365 genomes   78634 energy   180.4 births 10883964 deaths 10882103 (1051.2s) NVIDIA GeForce RTX 3060
tick  137000 alive   913065 genomes   78285 energy   180.0 births 10906871 deaths 10907171 (1059.0s) NVIDIA GeForce RTX 3060
tick  138000 alive   916945 genomes   78299 energy   180.3 births 10919750 deaths 10915870 (1066.7s) NVIDIA GeForce RTX 3060
tick  139000 alive   917455 genomes   79023 energy   180.3 births 10941256 deaths 10940746 (1074.5s) NVIDIA GeForce RTX 3060
tick  140000 alive   918541 genomes   80120 energy   180.5 births 10935945 deaths 10934859 (1082.2s) NVIDIA GeForce RTX 3060
tick  141000 alive   914628 genomes   81438 energy   180.8 births 10890002 deaths 10893915 (1089.9s) NVIDIA GeForce RTX 3060
tick  142000 alive   915337 genomes   81539 energy   180.3 births 10859335 deaths 10858626 (1097.7s) NVIDIA GeForce RTX 3060
tick  143000 alive   919301 genomes   81363 energy   180.5 births 10901301 deaths 10897337 (1105.4s) NVIDIA GeForce RTX 3060
tick  144000 alive   921859 genomes   81871 energy   180.9 births 10943609 deaths 10941051 (1113.2s) NVIDIA GeForce RTX 3060
tick  145000 alive   919002 genomes   82461 energy   181.0 births 10888253 deaths 10891110 (1120.9s) NVIDIA GeForce RTX 3060
tick  146000 alive   917734 genomes   82182 energy   181.0 births 10836927 deaths 10838195 (1128.7s) NVIDIA GeForce RTX 3060
tick  147000 alive   916301 genomes   83079 energy   180.7 births 10839436 deaths 10840869 (1136.4s) NVIDIA GeForce RTX 3060
tick  148000 alive   920090 genomes   82830 energy   181.2 births 10851934 deaths 10848145 (1144.2s) NVIDIA GeForce RTX 3060
tick  149000 alive   918824 genomes   82757 energy   181.1 births 10814654 deaths 10815920 (1151.9s) NVIDIA GeForce RTX 3060
tick  150000 alive   918745 genomes   82692 energy   181.3 births 10821157 deaths 10821236 (1159.7s) NVIDIA GeForce RTX 3060
tick  151000 alive   918513 genomes   82092 energy   181.7 births 10738635 deaths 10738867 (1167.4s) NVIDIA GeForce RTX 3060
tick  152000 alive   917464 genomes   81179 energy   181.9 births 10691646 deaths 10692695 (1175.2s) NVIDIA GeForce RTX 3060
tick  153000 alive   919832 genomes   81144 energy   181.8 births 10653005 deaths 10650637 (1182.9s) NVIDIA GeForce RTX 3060
tick  154000 alive   921431 genomes   79790 energy   181.7 births 10686454 deaths 10684855 (1190.6s) NVIDIA GeForce RTX 3060
tick  155000 alive   921823 genomes   79077 energy   181.4 births 10681356 deaths 10680964 (1198.4s) NVIDIA GeForce RTX 3060
tick  156000 alive   924833 genomes   78183 energy   181.2 births 10764940 deaths 10761930 (1206.1s) NVIDIA GeForce RTX 3060
tick  157000 alive   924752 genomes   77346 energy   181.1 births 10794567 deaths 10794648 (1213.8s) NVIDIA GeForce RTX 3060
tick  158000 alive   925745 genomes   77176 energy   181.1 births 10823532 deaths 10822539 (1221.6s) NVIDIA GeForce RTX 3060
tick  159000 alive   924742 genomes   76394 energy   181.8 births 10747864 deaths 10748867 (1229.3s) NVIDIA GeForce RTX 3060
tick  160000 alive   923789 genomes   75649 energy   181.7 births 10730835 deaths 10731788 (1237.0s) NVIDIA GeForce RTX 3060
tick  161000 alive   923144 genomes   75438 energy   181.9 births 10709061 deaths 10709706 (1244.7s) NVIDIA GeForce RTX 3060
tick  162000 alive   921953 genomes   74273 energy   182.5 births 10666163 deaths 10667354 (1252.4s) NVIDIA GeForce RTX 3060
tick  163000 alive   920179 genomes   74024 energy   182.9 births 10576952 deaths 10578726 (1260.0s) NVIDIA GeForce RTX 3060
tick  164000 alive   918903 genomes   73039 energy   183.1 births 10479423 deaths 10480699 (1267.7s) NVIDIA GeForce RTX 3060
tick  165000 alive   918257 genomes   72806 energy   183.2 births 10436071 deaths 10436717 (1275.3s) NVIDIA GeForce RTX 3060
tick  166000 alive   917930 genomes   73013 energy   183.0 births 10392021 deaths 10392348 (1283.0s) NVIDIA GeForce RTX 3060
tick  167000 alive   919902 genomes   72752 energy   183.2 births 10381007 deaths 10379035 (1290.7s) NVIDIA GeForce RTX 3060
tick  168000 alive   918262 genomes   73582 energy   183.0 births 10394067 deaths 10395707 (1298.4s) NVIDIA GeForce RTX 3060
tick  169000 alive   916619 genomes   73068 energy   183.0 births 10361921 deaths 10363564 (1306.0s) NVIDIA GeForce RTX 3060
tick  170000 alive   919228 genomes   72808 energy   182.9 births 10375936 deaths 10373327 (1313.6s) NVIDIA GeForce RTX 3060
tick  171000 alive   919186 genomes   73487 energy   182.7 births 10427064 deaths 10427106 (1321.3s) NVIDIA GeForce RTX 3060
tick  172000 alive   917573 genomes   73649 energy   182.3 births 10471232 deaths 10472845 (1328.9s) NVIDIA GeForce RTX 3060
tick  173000 alive   919369 genomes   74020 energy   182.6 births 10465140 deaths 10463344 (1336.6s) NVIDIA GeForce RTX 3060
tick  174000 alive   920487 genomes   73457 energy   182.9 births 10426795 deaths 10425677 (1344.3s) NVIDIA GeForce RTX 3060
tick  175000 alive   920725 genomes   73628 energy   182.9 births 10465948 deaths 10465710 (1352.0s) NVIDIA GeForce RTX 3060
tick  176000 alive   922897 genomes   73313 energy   182.7 births 10488483 deaths 10486311 (1359.6s) NVIDIA GeForce RTX 3060
tick  177000 alive   921067 genomes   72854 energy   183.2 births 10460900 deaths 10462730 (1367.3s) NVIDIA GeForce RTX 3060
tick  178000 alive   917748 genomes   73284 energy   182.8 births 10399837 deaths 10403156 (1375.0s) NVIDIA GeForce RTX 3060
tick  179000 alive   916551 genomes   73264 energy   183.3 births 10407165 deaths 10408362 (1382.7s) NVIDIA GeForce RTX 3060
tick  180000 alive   915186 genomes   73815 energy   182.6 births 10371435 deaths 10372800 (1390.4s) NVIDIA GeForce RTX 3060
tick  181000 alive   915047 genomes   72882 energy   182.7 births 10410474 deaths 10410613 (1398.0s) NVIDIA GeForce RTX 3060
tick  182000 alive   918994 genomes   73193 energy   182.2 births 10458762 deaths 10454815 (1405.7s) NVIDIA GeForce RTX 3060
tick  183000 alive   925338 genomes   73058 energy   181.9 births 10554733 deaths 10548389 (1413.3s) NVIDIA GeForce RTX 3060
tick  184000 alive   924734 genomes   73434 energy   182.3 births 10591733 deaths 10592337 (1421.0s) NVIDIA GeForce RTX 3060
tick  185000 alive   925206 genomes   73829 energy   182.1 births 10592689 deaths 10592217 (1428.7s) NVIDIA GeForce RTX 3060
tick  186000 alive   924515 genomes   73383 energy   182.3 births 10556747 deaths 10557438 (1436.3s) NVIDIA GeForce RTX 3060
tick  187000 alive   927299 genomes   74106 energy   182.0 births 10564781 deaths 10561997 (1444.0s) NVIDIA GeForce RTX 3060
tick  188000 alive   925917 genomes   74292 energy   181.5 births 10597514 deaths 10598896 (1451.7s) NVIDIA GeForce RTX 3060
tick  189000 alive   929067 genomes   74534 energy   181.5 births 10672937 deaths 10669787 (1459.3s) NVIDIA GeForce RTX 3060
tick  190000 alive   926589 genomes   74770 energy   181.2 births 10720324 deaths 10722802 (1467.0s) NVIDIA GeForce RTX 3060
tick  191000 alive   924894 genomes   74232 energy   181.7 births 10680101 deaths 10681796 (1474.7s) NVIDIA GeForce RTX 3060
tick  192000 alive   925549 genomes   73622 energy   181.4 births 10656916 deaths 10656261 (1482.4s) NVIDIA GeForce RTX 3060
tick  193000 alive   922809 genomes   73409 energy   181.4 births 10674947 deaths 10677687 (1490.1s) NVIDIA GeForce RTX 3060
tick  194000 alive   922502 genomes   73004 energy   181.8 births 10621141 deaths 10621448 (1497.8s) NVIDIA GeForce RTX 3060
tick  195000 alive   921910 genomes   71981 energy   182.0 births 10552527 deaths 10553119 (1505.5s) NVIDIA GeForce RTX 3060
tick  196000 alive   921407 genomes   71092 energy   181.1 births 10554615 deaths 10555118 (1513.1s) NVIDIA GeForce RTX 3060
tick  197000 alive   923745 genomes   71392 energy   180.9 births 10674652 deaths 10672314 (1520.8s) NVIDIA GeForce RTX 3060
tick  198000 alive   922583 genomes   71084 energy   181.1 births 10630798 deaths 10631960 (1528.5s) NVIDIA GeForce RTX 3060
tick  199000 alive   924838 genomes   70891 energy   181.0 births 10651609 deaths 10649354 (1536.2s) NVIDIA GeForce RTX 3060
tick  200000 alive   928638 genomes   71090 energy   180.9 births 10700061 deaths 10696261 (1543.9s) NVIDIA GeForce RTX 3060
tick  201000 alive   928868 genomes   71387 energy   180.9 births 10734674 deaths 10734444 (1551.6s) NVIDIA GeForce RTX 3060
tick  202000 alive   925803 genomes   72208 energy   180.6 births 10703262 deaths 10706327 (1559.2s) NVIDIA GeForce RTX 3060
tick  203000 alive   924707 genomes   72988 energy   180.3 births 10767992 deaths 10769088 (1566.9s) NVIDIA GeForce RTX 3060
tick  204000 alive   921601 genomes   73290 energy   180.2 births 10800321 deaths 10803427 (1574.6s) NVIDIA GeForce RTX 3060
tick  205000 alive   920543 genomes   74166 energy   180.1 births 10789021 deaths 10790079 (1582.4s) NVIDIA GeForce RTX 3060
tick  206000 alive   920767 genomes   74693 energy   180.3 births 10813450 deaths 10813226 (1590.1s) NVIDIA GeForce RTX 3060
tick  207000 alive   920287 genomes   75070 energy   180.6 births 10755779 deaths 10756259 (1597.9s) NVIDIA GeForce RTX 3060
tick  208000 alive   917800 genomes   74869 energy   181.2 births 10685367 deaths 10687854 (1605.6s) NVIDIA GeForce RTX 3060
tick  209000 alive   917446 genomes   75962 energy   181.1 births 10612602 deaths 10612956 (1613.3s) NVIDIA GeForce RTX 3060
tick  210000 alive   919834 genomes   76889 energy   180.8 births 10648412 deaths 10646024 (1621.0s) NVIDIA GeForce RTX 3060
tick  211000 alive   919277 genomes   77140 energy   181.0 births 10641136 deaths 10641693 (1628.7s) NVIDIA GeForce RTX 3060
tick  212000 alive   920398 genomes   77377 energy   181.5 births 10598596 deaths 10597475 (1636.4s) NVIDIA GeForce RTX 3060
tick  213000 alive   920642 genomes   77163 energy   181.5 births 10581069 deaths 10580825 (1644.1s) NVIDIA GeForce RTX 3060
tick  214000 alive   923517 genomes   77582 energy   181.2 births 10599779 deaths 10596904 (1651.8s) NVIDIA GeForce RTX 3060
tick  215000 alive   923407 genomes   76889 energy   181.7 births 10561106 deaths 10561216 (1659.5s) NVIDIA GeForce RTX 3060
tick  216000 alive   920676 genomes   76944 energy   181.8 births 10567124 deaths 10569855 (1667.2s) NVIDIA GeForce RTX 3060
tick  217000 alive   920388 genomes   76355 energy   182.0 births 10491281 deaths 10491569 (1674.8s) NVIDIA GeForce RTX 3060
tick  218000 alive   918028 genomes   75748 energy   181.8 births 10478346 deaths 10480706 (1682.5s) NVIDIA GeForce RTX 3060
tick  219000 alive   918519 genomes   74803 energy   181.4 births 10483290 deaths 10482799 (1690.2s) NVIDIA GeForce RTX 3060
tick  220000 alive   919506 genomes   74049 energy   181.3 births 10529533 deaths 10528546 (1697.9s) NVIDIA GeForce RTX 3060
tick  221000 alive   920801 genomes   73354 energy   181.0 births 10528608 deaths 10527313 (1705.5s) NVIDIA GeForce RTX 3060
tick  222000 alive   921652 genomes   73008 energy   181.3 births 10587760 deaths 10586909 (1713.2s) NVIDIA GeForce RTX 3060
tick  223000 alive   920203 genomes   71660 energy   181.6 births 10572044 deaths 10573493 (1720.9s) NVIDIA GeForce RTX 3060
tick  224000 alive   918970 genomes   70306 energy   182.0 births 10464275 deaths 10465508 (1728.6s) NVIDIA GeForce RTX 3060
tick  225000 alive   918116 genomes   69646 energy   182.5 births 10388392 deaths 10389246 (1736.3s) NVIDIA GeForce RTX 3060
tick  226000 alive   918596 genomes   69460 energy   182.2 births 10364064 deaths 10363584 (1744.0s) NVIDIA GeForce RTX 3060
tick  227000 alive   920578 genomes   69188 energy   181.8 births 10425769 deaths 10423787 (1751.7s) NVIDIA GeForce RTX 3060
tick  228000 alive   924437 genomes   68527 energy   182.1 births 10415852 deaths 10411993 (1759.4s) NVIDIA GeForce RTX 3060
tick  229000 alive   922707 genomes   69203 energy   181.7 births 10447139 deaths 10448869 (1767.1s) NVIDIA GeForce RTX 3060
tick  230000 alive   923119 genomes   68796 energy   181.8 births 10423290 deaths 10422878 (1774.8s) NVIDIA GeForce RTX 3060
tick  231000 alive   925770 genomes   68508 energy   182.2 births 10412447 deaths 10409796 (1782.5s) NVIDIA GeForce RTX 3060
tick  232000 alive   928241 genomes   68087 energy   182.5 births 10406971 deaths 10404500 (1790.2s) NVIDIA GeForce RTX 3060
tick  233000 alive   927441 genomes   67890 energy   182.6 births 10371693 deaths 10372493 (1797.9s) NVIDIA GeForce RTX 3060
tick  234000 alive   926232 genomes   68043 energy   182.5 births 10350180 deaths 10351389 (1805.5s) NVIDIA GeForce RTX 3060
tick  235000 alive   925587 genomes   67450 energy   182.5 births 10369363 deaths 10370008 (1813.2s) NVIDIA GeForce RTX 3060
tick  236000 alive   927152 genomes   67018 energy   183.0 births 10307205 deaths 10305640 (1820.9s) NVIDIA GeForce RTX 3060
tick  237000 alive   926062 genomes   67291 energy   183.1 births 10243086 deaths 10244176 (1828.5s) NVIDIA GeForce RTX 3060
tick  238000 alive   925869 genomes   67596 energy   183.1 births 10232892 deaths 10233085 (1836.2s) NVIDIA GeForce RTX 3060
tick  239000 alive   924132 genomes   67952 energy   183.1 births 10205197 deaths 10206934 (1843.8s) NVIDIA GeForce RTX 3060
tick  240000 alive   922627 genomes   67438 energy   183.2 births 10182893 deaths 10184398 (1851.5s) NVIDIA GeForce RTX 3060
tick  241000 alive   923901 genomes   67300 energy   182.4 births 10235742 deaths 10234468 (1859.2s) NVIDIA GeForce RTX 3060
tick  242000 alive   926951 genomes   67156 energy   182.5 births 10319694 deaths 10316644 (1866.8s) NVIDIA GeForce RTX 3060
tick  243000 alive   927121 genomes   67363 energy   182.6 births 10338299 deaths 10338129 (1874.5s) NVIDIA GeForce RTX 3060
tick  244000 alive   924654 genomes   67504 energy   182.7 births 10287267 deaths 10289734 (1882.2s) NVIDIA GeForce RTX 3060
tick  245000 alive   921866 genomes   68116 energy   182.7 births 10220903 deaths 10223691 (1889.8s) NVIDIA GeForce RTX 3060
tick  246000 alive   923485 genomes   67964 energy   182.8 births 10175658 deaths 10174039 (1897.5s) NVIDIA GeForce RTX 3060
tick  247000 alive   926800 genomes   68487 energy   182.5 births 10246772 deaths 10243457 (1905.1s) NVIDIA GeForce RTX 3060
tick  248000 alive   927139 genomes   69191 energy   182.4 births 10265725 deaths 10265386 (1912.8s) NVIDIA GeForce RTX 3060
tick  249000 alive   926513 genomes   70023 energy   182.5 births 10266914 deaths 10267540 (1920.4s) NVIDIA GeForce RTX 3060
tick  250000 alive   927531 genomes   70790 energy   182.6 births 10283313 deaths 10282295 (1928.1s) NVIDIA GeForce RTX 3060
tick  251000 alive   925114 genomes   71498 energy   182.7 births 10261396 deaths 10263813 (1935.7s) NVIDIA GeForce RTX 3060
tick  252000 alive   926265 genomes   72424 energy   182.6 births 10231017 deaths 10229866 (1943.4s) NVIDIA GeForce RTX 3060
tick  253000 alive   924934 genomes   73689 energy   182.9 births 10230472 deaths 10231803 (1951.1s) NVIDIA GeForce RTX 3060
tick  254000 alive   924550 genomes   75104 energy   182.8 births 10234736 deaths 10235120 (1958.8s) NVIDIA GeForce RTX 3060
tick  255000 alive   923157 genomes   76013 energy   183.2 births 10148231 deaths 10149624 (1966.4s) NVIDIA GeForce RTX 3060
tick  256000 alive   922843 genomes   76333 energy   183.1 births 10141945 deaths 10142259 (1974.1s) NVIDIA GeForce RTX 3060
tick  257000 alive   921282 genomes   76670 energy   183.1 births 10158410 deaths 10159971 (1981.8s) NVIDIA GeForce RTX 3060
tick  258000 alive   919560 genomes   77192 energy   182.7 births 10172936 deaths 10174658 (1989.4s) NVIDIA GeForce RTX 3060
tick  259000 alive   917650 genomes   77124 energy   182.5 births 10181109 deaths 10183019 (1997.1s) NVIDIA GeForce RTX 3060
tick  260000 alive   916520 genomes   75548 energy   182.9 births 10147219 deaths 10148349 (2004.8s) NVIDIA GeForce RTX 3060
tick  261000 alive   916722 genomes   74998 energy   182.8 births 10136810 deaths 10136608 (2012.5s) NVIDIA GeForce RTX 3060
tick  262000 alive   918701 genomes   74547 energy   182.7 births 10125731 deaths 10123752 (2020.1s) NVIDIA GeForce RTX 3060
tick  263000 alive   920143 genomes   74364 energy   182.9 births 10155924 deaths 10154482 (2027.8s) NVIDIA GeForce RTX 3060
tick  264000 alive   919291 genomes   73161 energy   183.0 births 10109466 deaths 10110318 (2035.4s) NVIDIA GeForce RTX 3060
tick  265000 alive   922865 genomes   72669 energy   183.2 births 10126639 deaths 10123065 (2043.1s) NVIDIA GeForce RTX 3060
tick  266000 alive   922156 genomes   71041 energy   183.3 births 10125562 deaths 10126271 (2050.7s) NVIDIA GeForce RTX 3060
tick  267000 alive   921954 genomes   70502 energy   183.4 births 10078614 deaths 10078816 (2058.4s) NVIDIA GeForce RTX 3060
tick  268000 alive   924336 genomes   69638 energy   183.4 births 10089759 deaths 10087377 (2066.0s) NVIDIA GeForce RTX 3060
tick  269000 alive   922321 genomes   68803 energy   183.5 births 10055673 deaths 10057688 (2073.6s) NVIDIA GeForce RTX 3060
tick  270000 alive   923953 genomes   68076 energy   183.3 births 10085047 deaths 10083415 (2081.2s) NVIDIA GeForce RTX 3060
tick  271000 alive   927461 genomes   67485 energy   183.5 births 10066706 deaths 10063198 (2088.9s) NVIDIA GeForce RTX 3060
tick  272000 alive   929509 genomes   67539 energy   183.4 births 10123660 deaths 10121612 (2096.5s) NVIDIA GeForce RTX 3060
tick  273000 alive   930540 genomes   67573 energy   183.4 births 10138806 deaths 10137775 (2104.2s) NVIDIA GeForce RTX 3060
tick  274000 alive   930887 genomes   68292 energy   183.5 births 10144646 deaths 10144299 (2111.8s) NVIDIA GeForce RTX 3060
tick  275000 alive   930930 genomes   69878 energy   183.2 births 10149168 deaths 10149125 (2119.5s) NVIDIA GeForce RTX 3060
tick  276000 alive   926913 genomes   70040 energy   183.4 births 10164947 deaths 10168964 (2127.2s) NVIDIA GeForce RTX 3060
tick  277000 alive   930049 genomes   70631 energy   183.6 births 10105469 deaths 10102333 (2134.9s) NVIDIA GeForce RTX 3060
tick  278000 alive   927432 genomes   70738 energy   183.7 births 10041308 deaths 10043925 (2142.6s) NVIDIA GeForce RTX 3060
tick  279000 alive   928531 genomes   71037 energy   183.8 births 10048129 deaths 10047030 (2150.3s) NVIDIA GeForce RTX 3060
tick  280000 alive   928523 genomes   71253 energy   184.2 births 9979782 deaths 9979790 (2158.0s) NVIDIA GeForce RTX 3060
tick  281000 alive   928134 genomes   71376 energy   184.4 births 9920765 deaths 9921154 (2165.7s) NVIDIA GeForce RTX 3060
tick  282000 alive   929112 genomes   71789 energy   184.1 births 9914198 deaths 9913220 (2173.4s) NVIDIA GeForce RTX 3060
tick  283000 alive   927365 genomes   72307 energy   184.0 births 9938209 deaths 9939956 (2181.1s) NVIDIA GeForce RTX 3060
tick  284000 alive   927103 genomes   72445 energy   183.4 births 9974542 deaths 9974804 (2188.7s) NVIDIA GeForce RTX 3060
tick  285000 alive   928216 genomes   73464 energy   182.7 births 10079673 deaths 10078560 (2196.4s) NVIDIA GeForce RTX 3060
tick  286000 alive   930352 genomes   73849 energy   182.9 births 10138123 deaths 10135987 (2204.1s) NVIDIA GeForce RTX 3060
tick  287000 alive   931737 genomes   75194 energy   183.0 births 10184462 deaths 10183077 (2211.8s) NVIDIA GeForce RTX 3060
tick  288000 alive   927268 genomes   76585 energy   183.3 births 10151300 deaths 10155769 (2219.5s) NVIDIA GeForce RTX 3060
tick  289000 alive   924190 genomes   77058 energy   183.4 births 10078719 deaths 10081797 (2227.2s) NVIDIA GeForce RTX 3060
tick  290000 alive   927363 genomes   77285 energy   182.8 births 10106690 deaths 10103517 (2234.9s) NVIDIA GeForce RTX 3060
tick  291000 alive   927046 genomes   76805 energy   182.9 births 10135189 deaths 10135506 (2242.6s) NVIDIA GeForce RTX 3060
tick  292000 alive   927079 genomes   77479 energy   183.2 births 10118363 deaths 10118330 (2250.3s) NVIDIA GeForce RTX 3060
tick  293000 alive   928391 genomes   77889 energy   183.3 births 10117971 deaths 10116659 (2258.0s) NVIDIA GeForce RTX 3060
tick  294000 alive   927039 genomes   77814 energy   183.7 births 10096056 deaths 10097408 (2265.7s) NVIDIA GeForce RTX 3060
tick  295000 alive   927834 genomes   76867 energy   183.7 births 10046438 deaths 10045643 (2273.3s) NVIDIA GeForce RTX 3060
tick  296000 alive   927360 genomes   76271 energy   183.7 births 10055639 deaths 10056113 (2281.0s) NVIDIA GeForce RTX 3060
tick  297000 alive   927079 genomes   75704 energy   183.6 births 10036093 deaths 10036374 (2288.7s) NVIDIA GeForce RTX 3060
tick  298000 alive   926819 genomes   75744 energy   183.6 births 10033761 deaths 10034021 (2296.3s) NVIDIA GeForce RTX 3060
tick  299000 alive   924822 genomes   75552 energy   183.4 births 10038036 deaths 10040033 (2304.0s) NVIDIA GeForce RTX 3060
tick  300000 alive   924373 genomes   75754 energy   183.3 births 10039695 deaths 10040144 (2311.7s) NVIDIA GeForce RTX 3060
tick  301000 alive   924958 genomes   75463 energy   183.7 births 10036641 deaths 10036056 (2319.4s) NVIDIA GeForce RTX 3060
tick  302000 alive   924281 genomes   74765 energy   183.6 births 9973479 deaths 9974156 (2327.1s) NVIDIA GeForce RTX 3060
tick  303000 alive   926211 genomes   74982 energy   183.3 births 10012605 deaths 10010675 (2334.8s) NVIDIA GeForce RTX 3060
tick  304000 alive   926822 genomes   75037 energy   183.6 births 10018267 deaths 10017656 (2342.5s) NVIDIA GeForce RTX 3060
tick  305000 alive   924926 genomes   75452 energy   183.4 births 9995903 deaths 9997799 (2350.2s) NVIDIA GeForce RTX 3060
tick  306000 alive   926612 genomes   74528 energy   183.7 births 9989925 deaths 9988239 (2357.8s) NVIDIA GeForce RTX 3060
tick  307000 alive   926984 genomes   74920 energy   183.5 births 9991266 deaths 9990894 (2365.5s) NVIDIA GeForce RTX 3060
tick  308000 alive   929095 genomes   75663 energy   183.4 births 10025945 deaths 10023834 (2373.2s) NVIDIA GeForce RTX 3060
tick  309000 alive   930697 genomes   75442 energy   183.7 births 10078208 deaths 10076606 (2380.9s) NVIDIA GeForce RTX 3060
tick  310000 alive   929963 genomes   75576 energy   183.9 births 10027342 deaths 10028076 (2388.5s) NVIDIA GeForce RTX 3060
tick  311000 alive   928492 genomes   75711 energy   183.8 births 10011585 deaths 10013056 (2396.2s) NVIDIA GeForce RTX 3060
tick  312000 alive   928273 genomes   75690 energy   183.8 births 9992511 deaths 9992730 (2403.8s) NVIDIA GeForce RTX 3060
tick  313000 alive   928822 genomes   74947 energy   184.1 births 9974660 deaths 9974111 (2411.5s) NVIDIA GeForce RTX 3060
tick  314000 alive   926339 genomes   74248 energy   184.3 births 9930406 deaths 9932889 (2419.1s) NVIDIA GeForce RTX 3060
tick  315000 alive   928081 genomes   74440 energy   184.2 births 9914378 deaths 9912636 (2426.7s) NVIDIA GeForce RTX 3060
tick  316000 alive   929019 genomes   73639 energy   184.3 births 9899846 deaths 9898908 (2434.4s) NVIDIA GeForce RTX 3060
tick  317000 alive   928912 genomes   73855 energy   184.3 births 9873669 deaths 9873776 (2442.0s) NVIDIA GeForce RTX 3060
tick  318000 alive   929392 genomes   73311 energy   184.5 births 9854213 deaths 9853733 (2449.7s) NVIDIA GeForce RTX 3060
tick  319000 alive   929459 genomes   73962 energy   184.4 births 9854523 deaths 9854456 (2457.3s) NVIDIA GeForce RTX 3060
tick  320000 alive   926499 genomes   73991 energy   184.2 births 9847692 deaths 9850652 (2465.0s) NVIDIA GeForce RTX 3060
tick  321000 alive   926644 genomes   74121 energy   184.0 births 9847950 deaths 9847805 (2472.6s) NVIDIA GeForce RTX 3060
tick  322000 alive   926502 genomes   73968 energy   184.0 births 9840371 deaths 9840513 (2480.2s) NVIDIA GeForce RTX 3060
tick  323000 alive   925322 genomes   73602 energy   183.5 births 9867219 deaths 9868399 (2487.8s) NVIDIA GeForce RTX 3060
tick  324000 alive   925992 genomes   72776 energy   183.7 births 9921760 deaths 9921090 (2495.5s) NVIDIA GeForce RTX 3060
tick  325000 alive   926628 genomes   71879 energy   183.5 births 9935517 deaths 9934881 (2503.1s) NVIDIA GeForce RTX 3060
tick  326000 alive   927635 genomes   72662 energy   183.6 births 9942769 deaths 9941762 (2510.8s) NVIDIA GeForce RTX 3060
tick  327000 alive   924492 genomes   73288 energy   184.2 births 9902740 deaths 9905883 (2518.4s) NVIDIA GeForce RTX 3060
tick  328000 alive   925011 genomes   73699 energy   184.0 births 9873159 deaths 9872640 (2526.0s) NVIDIA GeForce RTX 3060
tick  329000 alive   923474 genomes   74704 energy   184.0 births 9866844 deaths 9868381 (2533.6s) NVIDIA GeForce RTX 3060
tick  330000 alive   925148 genomes   75138 energy   184.0 births 9854491 deaths 9852817 (2541.2s) NVIDIA GeForce RTX 3060
tick  331000 alive   927145 genomes   75273 energy   184.6 births 9878137 deaths 9876140 (2548.8s) NVIDIA GeForce RTX 3060
tick  332000 alive   923922 genomes   75207 energy   183.9 births 9850491 deaths 9853714 (2556.4s) NVIDIA GeForce RTX 3060
tick  333000 alive   921588 genomes   75803 energy   184.2 births 9852148 deaths 9854482 (2564.1s) NVIDIA GeForce RTX 3060
tick  334000 alive   922761 genomes   75436 energy   184.5 births 9815398 deaths 9814225 (2571.7s) NVIDIA GeForce RTX 3060
tick  335000 alive   924151 genomes   75502 energy   184.6 births 9796373 deaths 9794983 (2579.3s) NVIDIA GeForce RTX 3060
tick  336000 alive   924251 genomes   75813 energy   184.5 births 9780442 deaths 9780342 (2587.0s) NVIDIA GeForce RTX 3060
tick  337000 alive   923253 genomes   76563 energy   184.8 births 9759373 deaths 9760371 (2594.6s) NVIDIA GeForce RTX 3060
tick  338000 alive   924603 genomes   76811 energy   184.6 births 9755651 deaths 9754301 (2602.2s) NVIDIA GeForce RTX 3060
tick  339000 alive   922153 genomes   76615 energy   184.4 births 9752629 deaths 9755079 (2609.9s) NVIDIA GeForce RTX 3060
tick  340000 alive   921204 genomes   77624 energy   184.7 births 9745617 deaths 9746566 (2617.6s) NVIDIA GeForce RTX 3060
tick  341000 alive   923803 genomes   78014 energy   184.9 births 9740633 deaths 9738034 (2625.2s) NVIDIA GeForce RTX 3060
tick  342000 alive   922732 genomes   77735 energy   185.4 births 9679824 deaths 9680895 (2632.9s) NVIDIA GeForce RTX 3060
tick  343000 alive   922419 genomes   77325 energy   185.5 births 9617238 deaths 9617551 (2640.6s) NVIDIA GeForce RTX 3060
tick  344000 alive   921756 genomes   76468 energy   185.2 births 9626030 deaths 9626693 (2648.2s) NVIDIA GeForce RTX 3060
tick  345000 alive   923245 genomes   76243 energy   184.8 births 9625118 deaths 9623629 (2655.9s) NVIDIA GeForce RTX 3060
tick  346000 alive   925280 genomes   76168 energy   185.0 births 9642367 deaths 9640332 (2663.6s) NVIDIA GeForce RTX 3060
tick  347000 alive   926281 genomes   77086 energy   185.2 births 9659215 deaths 9658214 (2671.2s) NVIDIA GeForce RTX 3060
tick  348000 alive   925653 genomes   77864 energy   184.9 births 9673161 deaths 9673789 (2678.9s) NVIDIA GeForce RTX 3060
tick  349000 alive   923760 genomes   77673 energy   185.0 births 9685941 deaths 9687834 (2686.6s) NVIDIA GeForce RTX 3060
tick  350000 alive   920627 genomes   77686 energy   184.9 births 9625176 deaths 9628309 (2694.3s) NVIDIA GeForce RTX 3060
tick  351000 alive   918664 genomes   78636 energy   184.6 births 9651810 deaths 9653773 (2701.9s) NVIDIA GeForce RTX 3060
tick  352000 alive   920919 genomes   79780 energy   184.6 births 9669477 deaths 9667222 (2709.6s) NVIDIA GeForce RTX 3060
tick  353000 alive   921869 genomes   80798 energy   184.5 births 9714391 deaths 9713441 (2717.3s) NVIDIA GeForce RTX 3060
tick  354000 alive   922730 genomes   81435 energy   184.2 births 9762520 deaths 9761659 (2725.0s) NVIDIA GeForce RTX 3060
tick  355000 alive   921143 genomes   82426 energy   184.1 births 9767275 deaths 9768862 (2732.8s) NVIDIA GeForce RTX 3060
tick  356000 alive   920756 genomes   82791 energy   184.5 births 9726665 deaths 9727052 (2740.4s) NVIDIA GeForce RTX 3060
tick  357000 alive   921606 genomes   83058 energy   184.3 births 9735343 deaths 9734493 (2748.1s) NVIDIA GeForce RTX 3060
tick  358000 alive   920743 genomes   83348 energy   184.6 births 9723155 deaths 9724018 (2755.8s) NVIDIA GeForce RTX 3060
tick  359000 alive   919674 genomes   83994 energy   184.4 births 9697052 deaths 9698121 (2763.5s) NVIDIA GeForce RTX 3060
tick  360000 alive   918228 genomes   84418 energy   184.4 births 9703631 deaths 9705077 (2771.2s) NVIDIA GeForce RTX 3060
tick  361000 alive   916486 genomes   84192 energy   184.9 births 9649872 deaths 9651614 (2778.8s) NVIDIA GeForce RTX 3060
tick  362000 alive   918614 genomes   84941 energy   184.9 births 9636852 deaths 9634724 (2786.5s) NVIDIA GeForce RTX 3060
tick  363000 alive   916198 genomes   85339 energy   184.6 births 9634109 deaths 9636525 (2794.2s) NVIDIA GeForce RTX 3060
tick  364000 alive   915562 genomes   85350 energy   185.2 births 9646462 deaths 9647098 (2801.8s) NVIDIA GeForce RTX 3060
tick  365000 alive   910945 genomes   85417 energy   184.7 births 9584823 deaths 9589440 (2809.5s) NVIDIA GeForce RTX 3060
tick  366000 alive   914996 genomes   84844 energy   184.5 births 9634173 deaths 9630122 (2817.1s) NVIDIA GeForce RTX 3060
tick  367000 alive   913490 genomes   84151 energy   184.6 births 9646676 deaths 9648182 (2824.8s) NVIDIA GeForce RTX 3060
tick  368000 alive   913349 genomes   83436 energy   184.6 births 9617926 deaths 9618067 (2832.5s) NVIDIA GeForce RTX 3060
tick  369000 alive   911402 genomes   82717 energy   185.0 births 9552791 deaths 9554738 (2840.1s) NVIDIA GeForce RTX 3060
tick  370000 alive   912064 genomes   82573 energy   184.7 births 9550072 deaths 9549410 (2847.8s) NVIDIA GeForce RTX 3060
tick  371000 alive   911703 genomes   81998 energy   184.7 births 9546003 deaths 9546364 (2855.5s) NVIDIA GeForce RTX 3060
tick  372000 alive   911233 genomes   80852 energy   185.0 births 9505975 deaths 9506445 (2863.1s) NVIDIA GeForce RTX 3060
tick  373000 alive   911249 genomes   80061 energy   185.0 births 9486814 deaths 9486798 (2870.8s) NVIDIA GeForce RTX 3060
tick  374000 alive   912865 genomes   79407 energy   185.1 births 9494221 deaths 9492605 (2878.5s) NVIDIA GeForce RTX 3060
tick  375000 alive   913278 genomes   78483 energy   185.1 births 9484093 deaths 9483680 (2886.1s) NVIDIA GeForce RTX 3060
tick  376000 alive   913625 genomes   77854 energy   185.1 births 9477649 deaths 9477302 (2893.8s) NVIDIA GeForce RTX 3060
tick  377000 alive   913292 genomes   76534 energy   185.0 births 9514877 deaths 9515210 (2901.4s) NVIDIA GeForce RTX 3060
tick  378000 alive   915953 genomes   75737 energy   184.6 births 9583785 deaths 9581124 (2909.0s) NVIDIA GeForce RTX 3060
tick  379000 alive   918389 genomes   74960 energy   184.5 births 9632203 deaths 9629767 (2916.6s) NVIDIA GeForce RTX 3060
tick  380000 alive   921691 genomes   74707 energy   184.4 births 9682676 deaths 9679374 (2924.3s) NVIDIA GeForce RTX 3060
tick  381000 alive   923602 genomes   74963 energy   184.6 births 9743682 deaths 9741771 (2931.9s) NVIDIA GeForce RTX 3060
tick  382000 alive   921759 genomes   75559 energy   184.5 births 9718357 deaths 9720200 (2939.6s) NVIDIA GeForce RTX 3060
tick  383000 alive   918861 genomes   76020 energy   184.7 births 9731149 deaths 9734047 (2947.2s) NVIDIA GeForce RTX 3060
tick  384000 alive   920509 genomes   76600 energy   184.4 births 9704555 deaths 9702907 (2954.9s) NVIDIA GeForce RTX 3060
tick  385000 alive   921796 genomes   77621 energy   184.4 births 9738423 deaths 9737136 (2962.6s) NVIDIA GeForce RTX 3060
tick  386000 alive   922290 genomes   78467 energy   184.2 births 9784226 deaths 9783732 (2970.3s) NVIDIA GeForce RTX 3060
tick  387000 alive   922614 genomes   78093 energy   184.3 births 9796764 deaths 9796440 (2977.9s) NVIDIA GeForce RTX 3060
tick  388000 alive   922740 genomes   78653 energy   184.4 births 9805766 deaths 9805640 (2985.6s) NVIDIA GeForce RTX 3060
tick  389000 alive   921611 genomes   79452 energy   184.1 births 9807013 deaths 9808142 (2993.3s) NVIDIA GeForce RTX 3060
tick  390000 alive   924075 genomes   80065 energy   184.3 births 9826440 deaths 9823976 (3000.9s) NVIDIA GeForce RTX 3060
tick  391000 alive   923912 genomes   80719 energy   184.2 births 9848204 deaths 9848367 (3008.6s) NVIDIA GeForce RTX 3060
tick  392000 alive   923046 genomes   80420 energy   184.4 births 9820016 deaths 9820882 (3016.3s) NVIDIA GeForce RTX 3060
tick  393000 alive   922355 genomes   80214 energy   184.4 births 9818239 deaths 9818930 (3024.0s) NVIDIA GeForce RTX 3060
tick  394000 alive   922075 genomes   81117 energy   184.2 births 9857992 deaths 9858272 (3031.6s) NVIDIA GeForce RTX 3060
tick  395000 alive   922692 genomes   81112 energy   183.9 births 9867578 deaths 9866961 (3039.3s) NVIDIA GeForce RTX 3060
tick  396000 alive   923610 genomes   80647 energy   183.5 births 9903622 deaths 9902704 (3047.0s) NVIDIA GeForce RTX 3060
tick  397000 alive   926298 genomes   80582 energy   183.3 births 10009607 deaths 10006919 (3054.7s) NVIDIA GeForce RTX 3060
tick  398000 alive   924035 genomes   79926 energy   183.7 births 9995667 deaths 9997930 (3062.4s) NVIDIA GeForce RTX 3060
tick  399000 alive   923815 genomes   79467 energy   183.5 births 9972900 deaths 9973120 (3070.0s) NVIDIA GeForce RTX 3060
tick  400000 alive   925143 genomes   78783 energy   183.5 births 9989729 deaths 9988401 (3077.7s) NVIDIA GeForce RTX 3060
tick  401000 alive   928721 genomes   77492 energy   183.6 births 10013994 deaths 10010416 (3085.3s) NVIDIA GeForce RTX 3060
tick  402000 alive   927753 genomes   76971 energy   183.9 births 10038981 deaths 10039949 (3093.0s) NVIDIA GeForce RTX 3060
tick  403000 alive   926467 genomes   76851 energy   183.7 births 9986461 deaths 9987747 (3100.6s) NVIDIA GeForce RTX 3060
tick  404000 alive   926652 genomes   77025 energy   183.4 births 9983448 deaths 9983263 (3108.3s) NVIDIA GeForce RTX 3060
tick  405000 alive   926031 genomes   77621 energy   183.7 births 10006843 deaths 10007464 (3115.9s) NVIDIA GeForce RTX 3060
tick  406000 alive   926785 genomes   78144 energy   183.8 births 9991956 deaths 9991202 (3123.6s) NVIDIA GeForce RTX 3060
tick  407000 alive   925336 genomes   77417 energy   184.0 births 9948905 deaths 9950354 (3131.2s) NVIDIA GeForce RTX 3060
tick  408000 alive   926263 genomes   78082 energy   183.7 births 9941055 deaths 9940128 (3138.9s) NVIDIA GeForce RTX 3060
tick  409000 alive   926261 genomes   78635 energy   183.9 births 9934416 deaths 9934418 (3146.6s) NVIDIA GeForce RTX 3060
tick  410000 alive   926664 genomes   78497 energy   184.2 births 9877296 deaths 9876893 (3154.3s) NVIDIA GeForce RTX 3060
tick  411000 alive   925799 genomes   79366 energy   183.9 births 9890377 deaths 9891242 (3162.0s) NVIDIA GeForce RTX 3060
tick  412000 alive   926064 genomes   80533 energy   183.6 births 9918873 deaths 9918608 (3169.6s) NVIDIA GeForce RTX 3060
tick  413000 alive   926383 genomes   80841 energy   183.6 births 9929312 deaths 9928993 (3177.3s) NVIDIA GeForce RTX 3060
tick  414000 alive   924483 genomes   81582 energy   183.6 births 9957627 deaths 9959527 (3185.0s) NVIDIA GeForce RTX 3060
tick  415000 alive   925790 genomes   82040 energy   183.3 births 9955138 deaths 9953831 (3192.7s) NVIDIA GeForce RTX 3060
tick  416000 alive   925474 genomes   82751 energy   183.1 births 10025407 deaths 10025723 (3200.5s) NVIDIA GeForce RTX 3060
tick  417000 alive   923987 genomes   82683 energy   183.2 births 10044338 deaths 10045825 (3208.2s) NVIDIA GeForce RTX 3060
tick  418000 alive   923982 genomes   82761 energy   183.4 births 9984723 deaths 9984728 (3215.9s) NVIDIA GeForce RTX 3060
tick  419000 alive   924999 genomes   82491 energy   183.2 births 9992694 deaths 9991677 (3223.6s) NVIDIA GeForce RTX 3060
tick  420000 alive   922974 genomes   82083 energy   183.9 births 9945014 deaths 9947039 (3231.3s) NVIDIA GeForce RTX 3060
tick  421000 alive   921564 genomes   81501 energy   184.3 births 9860684 deaths 9862094 (3238.9s) NVIDIA GeForce RTX 3060
tick  422000 alive   919062 genomes   80754 energy   184.3 births 9802577 deaths 9805079 (3246.6s) NVIDIA GeForce RTX 3060
tick  423000 alive   920428 genomes   80709 energy   184.8 births 9745498 deaths 9744132 (3254.2s) NVIDIA GeForce RTX 3060
tick  424000 alive   918805 genomes   81091 energy   184.7 births 9708971 deaths 9710594 (3261.9s) NVIDIA GeForce RTX 3060
tick  425000 alive   915854 genomes   80603 energy   184.9 births 9701826 deaths 9704777 (3269.5s) NVIDIA GeForce RTX 3060
tick  426000 alive   917584 genomes   79900 energy   184.4 births 9717607 deaths 9715877 (3277.2s) NVIDIA GeForce RTX 3060
tick  427000 alive   916842 genomes   79075 energy   184.2 births 9712041 deaths 9712783 (3284.8s) NVIDIA GeForce RTX 3060
tick  428000 alive   920893 genomes   78536 energy   184.1 births 9754907 deaths 9750856 (3292.5s) NVIDIA GeForce RTX 3060
tick  429000 alive   922455 genomes   77760 energy   184.3 births 9789195 deaths 9787633 (3300.1s) NVIDIA GeForce RTX 3060
tick  430000 alive   922709 genomes   77881 energy   184.5 births 9804176 deaths 9803922 (3307.8s) NVIDIA GeForce RTX 3060
tick  431000 alive   921190 genomes   78108 energy   184.2 births 9812278 deaths 9813797 (3315.4s) NVIDIA GeForce RTX 3060
tick  432000 alive   920612 genomes   79088 energy   184.4 births 9814727 deaths 9815305 (3323.1s) NVIDIA GeForce RTX 3060
tick  433000 alive   921163 genomes   78316 energy   184.4 births 9794341 deaths 9793790 (3330.7s) NVIDIA GeForce RTX 3060
tick  434000 alive   921316 genomes   78277 energy   184.4 births 9790476 deaths 9790323 (3338.4s) NVIDIA GeForce RTX 3060
tick  435000 alive   922282 genomes   77924 energy   184.3 births 9821574 deaths 9820608 (3346.0s) NVIDIA GeForce RTX 3060
tick  436000 alive   922692 genomes   77725 energy   184.3 births 9823604 deaths 9823194 (3353.6s) NVIDIA GeForce RTX 3060
tick  437000 alive   924040 genomes   77271 energy   184.4 births 9835122 deaths 9833774 (3361.3s) NVIDIA GeForce RTX 3060
tick  438000 alive   923458 genomes   77177 energy   184.1 births 9837104 deaths 9837686 (3368.9s) NVIDIA GeForce RTX 3060
tick  439000 alive   920770 genomes   77228 energy   184.6 births 9841524 deaths 9844212 (3376.5s) NVIDIA GeForce RTX 3060
tick  440000 alive   921509 genomes   76638 energy   184.5 births 9772851 deaths 9772112 (3384.2s) NVIDIA GeForce RTX 3060
tick  441000 alive   920486 genomes   76229 energy   184.8 births 9730012 deaths 9731035 (3391.8s) NVIDIA GeForce RTX 3060
tick  442000 alive   921405 genomes   75308 energy   184.8 births 9691842 deaths 9690923 (3399.4s) NVIDIA GeForce RTX 3060
tick  443000 alive   925003 genomes   74892 energy   184.5 births 9690280 deaths 9686682 (3407.0s) NVIDIA GeForce RTX 3060
tick  444000 alive   925913 genomes   76317 energy   184.6 births 9764230 deaths 9763320 (3414.6s) NVIDIA GeForce RTX 3060
tick  445000 alive   923931 genomes   77604 energy   184.7 births 9785572 deaths 9787554 (3422.2s) NVIDIA GeForce RTX 3060
tick  446000 alive   925291 genomes   77622 energy   184.6 births 9760103 deaths 9758743 (3429.8s) NVIDIA GeForce RTX 3060
tick  447000 alive   926047 genomes   78204 energy   185.1 births 9757553 deaths 9756797 (3437.4s) NVIDIA GeForce RTX 3060
tick  448000 alive   923739 genomes   77802 energy   185.0 births 9713928 deaths 9716236 (3444.9s) NVIDIA GeForce RTX 3060
tick  449000 alive   923101 genomes   78619 energy   185.0 births 9732155 deaths 9732793 (3452.5s) NVIDIA GeForce RTX 3060
tick  450000 alive   920477 genomes   77643 energy   184.6 births 9712638 deaths 9715262 (3460.1s) NVIDIA GeForce RTX 3060
tick  451000 alive   922928 genomes   76762 energy   184.7 births 9779330 deaths 9776879 (3467.7s) NVIDIA GeForce RTX 3060
tick  452000 alive   922549 genomes   76518 energy   184.5 births 9801811 deaths 9802190 (3475.3s) NVIDIA GeForce RTX 3060
tick  453000 alive   921540 genomes   75873 energy   184.3 births 9823626 deaths 9824635 (3482.9s) NVIDIA GeForce RTX 3060
tick  454000 alive   920104 genomes   75126 energy   184.4 births 9810971 deaths 9812407 (3490.5s) NVIDIA GeForce RTX 3060
tick  455000 alive   922307 genomes   73913 energy   184.4 births 9799098 deaths 9796895 (3498.1s) NVIDIA GeForce RTX 3060
tick  456000 alive   923434 genomes   74195 energy   184.0 births 9858018 deaths 9856891 (3505.7s) NVIDIA GeForce RTX 3060
tick  457000 alive   923882 genomes   72332 energy   184.4 births 9861501 deaths 9861053 (3513.3s) NVIDIA GeForce RTX 3060
tick  458000 alive   927482 genomes   73002 energy   184.1 births 9872690 deaths 9869090 (3520.9s) NVIDIA GeForce RTX 3060
tick  459000 alive   927890 genomes   72979 energy   184.3 births 9890007 deaths 9889599 (3528.5s) NVIDIA GeForce RTX 3060
tick  460000 alive   926129 genomes   72676 energy   184.4 births 9894993 deaths 9896754 (3536.1s) NVIDIA GeForce RTX 3060
tick  461000 alive   929901 genomes   72522 energy   184.6 births 9898726 deaths 9894954 (3543.7s) NVIDIA GeForce RTX 3060
tick  462000 alive   929544 genomes   72836 energy   184.3 births 9922033 deaths 9922390 (3551.3s) NVIDIA GeForce RTX 3060
tick  463000 alive   931364 genomes   73815 energy   184.2 births 9976508 deaths 9974688 (3558.9s) NVIDIA GeForce RTX 3060
tick  464000 alive   931956 genomes   74388 energy   184.2 births 10009817 deaths 10009225 (3566.5s) NVIDIA GeForce RTX 3060
tick  465000 alive   933800 genomes   75988 energy   184.5 births 10034444 deaths 10032600 (3574.1s) NVIDIA GeForce RTX 3060
tick  466000 alive   932786 genomes   77687 energy   184.9 births 9968233 deaths 9969247 (3581.7s) NVIDIA GeForce RTX 3060
tick  467000 alive   931588 genomes   78725 energy   184.9 births 9916365 deaths 9917563 (3589.4s) NVIDIA GeForce RTX 3060
tick  468000 alive   929125 genomes   79602 energy   185.2 births 9867812 deaths 9870275 (3597.0s) NVIDIA GeForce RTX 3060
tick  469000 alive   929988 genomes   79878 energy   185.3 births 9818082 deaths 9817219 (3604.6s) NVIDIA GeForce RTX 3060
tick  470000 alive   930119 genomes   78946 energy   185.5 births 9787901 deaths 9787770 (3612.2s) NVIDIA GeForce RTX 3060
tick  471000 alive   932212 genomes   79241 energy   185.6 births 9790964 deaths 9788871 (3619.8s) NVIDIA GeForce RTX 3060
tick  472000 alive   933243 genomes   79222 energy   185.4 births 9816815 deaths 9815784 (3627.4s) NVIDIA GeForce RTX 3060
tick  473000 alive   932132 genomes   78189 energy   185.4 births 9823769 deaths 9824880 (3635.0s) NVIDIA GeForce RTX 3060
tick  474000 alive   932354 genomes   77692 energy   185.7 births 9764371 deaths 9764149 (3642.6s) NVIDIA GeForce RTX 3060
tick  475000 alive   934051 genomes   77727 energy   185.4 births 9783121 deaths 9781424 (3650.2s) NVIDIA GeForce RTX 3060
tick  476000 alive   933488 genomes   77942 energy   185.4 births 9817712 deaths 9818275 (3657.8s) NVIDIA GeForce RTX 3060
tick  477000 alive   933752 genomes   78759 energy   185.4 births 9825183 deaths 9824919 (3665.4s) NVIDIA GeForce RTX 3060
tick  478000 alive   932123 genomes   78527 energy   185.8 births 9784695 deaths 9786324 (3673.0s) NVIDIA GeForce RTX 3060
tick  479000 alive   928442 genomes   78890 energy   185.4 births 9753094 deaths 9756775 (3680.6s) NVIDIA GeForce RTX 3060
tick  480000 alive   928466 genomes   77639 energy   185.8 births 9724202 deaths 9724178 (3688.2s) NVIDIA GeForce RTX 3060
tick  481000 alive   929162 genomes   76763 energy   185.7 births 9711320 deaths 9710624 (3695.8s) NVIDIA GeForce RTX 3060
tick  482000 alive   932092 genomes   75785 energy   185.2 births 9708258 deaths 9705328 (3703.4s) NVIDIA GeForce RTX 3060
tick  483000 alive   932133 genomes   74669 energy   185.8 births 9712085 deaths 9712044 (3711.0s) NVIDIA GeForce RTX 3060
tick  484000 alive   930664 genomes   74953 energy   185.1 births 9711377 deaths 9712846 (3718.6s) NVIDIA GeForce RTX 3060
tick  485000 alive   930134 genomes   75098 energy   185.6 births 9702463 deaths 9702993 (3726.2s) NVIDIA GeForce RTX 3060
tick  486000 alive   930461 genomes   75688 energy   185.7 births 9658232 deaths 9657905 (3733.8s) NVIDIA GeForce RTX 3060
tick  487000 alive   928120 genomes   76412 energy   185.7 births 9625658 deaths 9627999 (3741.4s) NVIDIA GeForce RTX 3060
tick  488000 alive   928475 genomes   77436 energy   185.9 births 9632203 deaths 9631848 (3749.0s) NVIDIA GeForce RTX 3060
tick  489000 alive   926038 genomes   77726 energy   186.3 births 9583482 deaths 9585919 (3756.6s) NVIDIA GeForce RTX 3060
tick  490000 alive   926134 genomes   77237 energy   186.5 births 9462283 deaths 9462187 (3764.2s) NVIDIA GeForce RTX 3060
tick  491000 alive   925910 genomes   76489 energy   186.4 births 9441045 deaths 9441269 (3771.8s) NVIDIA GeForce RTX 3060
tick  492000 alive   929790 genomes   76870 energy   186.1 births 9510341 deaths 9506461 (3779.4s) NVIDIA GeForce RTX 3060
tick  493000 alive   928605 genomes   76667 energy   186.7 births 9495834 deaths 9497019 (3787.1s) NVIDIA GeForce RTX 3060
tick  494000 alive   929745 genomes   75893 energy   186.8 births 9484291 deaths 9483151 (3794.7s) NVIDIA GeForce RTX 3060
tick  495000 alive   929678 genomes   75693 energy   187.2 births 9429986 deaths 9430053 (3802.3s) NVIDIA GeForce RTX 3060
tick  496000 alive   928496 genomes   75216 energy   187.0 births 9401786 deaths 9402968 (3809.8s) NVIDIA GeForce RTX 3060
tick  497000 alive   926597 genomes   74460 energy   187.1 births 9362315 deaths 9364214 (3817.4s) NVIDIA GeForce RTX 3060
tick  498000 alive   929118 genomes   73404 energy   186.9 births 9352321 deaths 9349800 (3825.0s) NVIDIA GeForce RTX 3060
tick  499000 alive   928505 genomes   72464 energy   187.0 births 9395540 deaths 9396153 (3832.6s) NVIDIA GeForce RTX 3060
tick  500000 alive   927811 genomes   71095 energy   186.7 births 9416944 deaths 9417638 (3840.2s) NVIDIA GeForce RTX 3060
tick  501000 alive   927798 genomes   70346 energy   186.4 births 9426178 deaths 9426191 (3847.7s) NVIDIA GeForce RTX 3060
tick  502000 alive   927335 genomes   68523 energy   186.2 births 9468690 deaths 9469153 (3855.3s) NVIDIA GeForce RTX 3060
tick  503000 alive   929560 genomes   69143 energy   185.8 births 9538300 deaths 9536075 (3862.8s) NVIDIA GeForce RTX 3060
tick  504000 alive   928084 genomes   69240 energy   186.2 births 9546541 deaths 9548017 (3870.4s) NVIDIA GeForce RTX 3060
tick  505000 alive   928339 genomes   69327 energy   186.3 births 9508658 deaths 9508403 (3878.0s) NVIDIA GeForce RTX 3060
tick  506000 alive   927335 genomes   70657 energy   186.4 births 9521450 deaths 9522454 (3885.6s) NVIDIA GeForce RTX 3060
tick  507000 alive   925272 genomes   71135 energy   186.0 births 9532388 deaths 9534451 (3893.2s) NVIDIA GeForce RTX 3060
tick  508000 alive   923410 genomes   71160 energy   185.7 births 9541084 deaths 9542946 (3900.8s) NVIDIA GeForce RTX 3060
tick  509000 alive   926791 genomes   69716 energy   185.3 births 9579031 deaths 9575650 (3908.4s) NVIDIA GeForce RTX 3060
tick  510000 alive   930053 genomes   69917 energy   185.1 births 9681775 deaths 9678513 (3916.0s) NVIDIA GeForce RTX 3060
tick  511000 alive   930794 genomes   70325 energy   185.0 births 9721237 deaths 9720496 (3923.6s) NVIDIA GeForce RTX 3060
tick  512000 alive   930689 genomes   71021 energy   185.0 births 9760383 deaths 9760488 (3931.2s) NVIDIA GeForce RTX 3060
tick  513000 alive   930803 genomes   72672 energy   185.4 births 9758935 deaths 9758821 (3938.8s) NVIDIA GeForce RTX 3060
tick  514000 alive   931359 genomes   73241 energy   185.6 births 9746240 deaths 9745684 (3946.4s) NVIDIA GeForce RTX 3060
tick  515000 alive   928029 genomes   73532 energy   185.4 births 9730303 deaths 9733633 (3954.0s) NVIDIA GeForce RTX 3060
tick  516000 alive   928933 genomes   73574 energy   185.2 births 9738405 deaths 9737501 (3961.6s) NVIDIA GeForce RTX 3060
tick  517000 alive   929328 genomes   74351 energy   185.0 births 9773534 deaths 9773139 (3969.2s) NVIDIA GeForce RTX 3060
tick  518000 alive   929516 genomes   74228 energy   185.1 births 9770200 deaths 9770012 (3976.8s) NVIDIA GeForce RTX 3060
tick  519000 alive   928894 genomes   73586 energy   184.9 births 9793071 deaths 9793693 (3984.4s) NVIDIA GeForce RTX 3060
tick  520000 alive   929288 genomes   74418 energy   184.6 births 9819486 deaths 9819092 (3992.1s) NVIDIA GeForce RTX 3060
tick  521000 alive   925911 genomes   74441 energy   184.5 births 9823383 deaths 9826760 (3999.7s) NVIDIA GeForce RTX 3060
tick  522000 alive   927471 genomes   73965 energy   184.9 births 9802775 deaths 9801215 (4007.4s) NVIDIA GeForce RTX 3060
tick  523000 alive   927755 genomes   73142 energy   184.6 births 9795641 deaths 9795357 (4015.0s) NVIDIA GeForce RTX 3060
tick  524000 alive   926898 genomes   72221 energy   184.7 births 9811544 deaths 9812401 (4022.6s) NVIDIA GeForce RTX 3060
tick  525000 alive   926014 genomes   71258 energy   184.9 births 9751000 deaths 9751884 (4030.3s) NVIDIA GeForce RTX 3060
tick  526000 alive   926198 genomes   71362 energy   184.7 births 9743557 deaths 9743373 (4037.9s) NVIDIA GeForce RTX 3060
tick  527000 alive   924536 genomes   71252 energy   184.9 births 9750664 deaths 9752326 (4045.6s) NVIDIA GeForce RTX 3060
tick  528000 alive   925978 genomes   72326 energy   185.1 births 9722990 deaths 9721548 (4053.2s) NVIDIA GeForce RTX 3060
tick  529000 alive   924961 genomes   73148 energy   185.3 births 9684103 deaths 9685120 (4060.9s) NVIDIA GeForce RTX 3060
tick  530000 alive   924340 genomes   73973 energy   185.3 births 9688409 deaths 9689030 (4068.5s) NVIDIA GeForce RTX 3060
tick  531000 alive   923579 genomes   74389 energy   185.1 births 9689047 deaths 9689808 (4076.2s) NVIDIA GeForce RTX 3060
tick  532000 alive   925640 genomes   74559 energy   185.7 births 9627378 deaths 9625317 (4083.8s) NVIDIA GeForce RTX 3060
tick  533000 alive   923351 genomes   76340 energy   185.8 births 9617793 deaths 9620082 (4091.5s) NVIDIA GeForce RTX 3060
tick  534000 alive   925092 genomes   76542 energy   185.8 births 9612618 deaths 9610877 (4099.2s) NVIDIA GeForce RTX 3060
tick  535000 alive   925037 genomes   76243 energy   185.6 births 9597966 deaths 9598021 (4106.8s) NVIDIA GeForce RTX 3060
tick  536000 alive   925052 genomes   75828 energy   185.6 births 9571835 deaths 9571820 (4114.4s) NVIDIA GeForce RTX 3060
tick  537000 alive   927396 genomes   75960 energy   185.6 births 9589636 deaths 9587292 (4122.0s) NVIDIA GeForce RTX 3060
tick  538000 alive   927584 genomes   74477 energy   186.1 births 9533313 deaths 9533125 (4129.7s) NVIDIA GeForce RTX 3060
tick  539000 alive   927451 genomes   73869 energy   185.8 births 9507702 deaths 9507835 (4137.3s) NVIDIA GeForce RTX 3060
tick  540000 alive   926196 genomes   73332 energy   185.6 births 9551889 deaths 9553144 (4144.9s) NVIDIA GeForce RTX 3060
tick  541000 alive   927576 genomes   72612 energy   186.0 births 9559038 deaths 9557658 (4152.6s) NVIDIA GeForce RTX 3060
tick  542000 alive   927559 genomes   71884 energy   185.8 births 9531227 deaths 9531244 (4160.2s) NVIDIA GeForce RTX 3060
tick  543000 alive   927184 genomes   71374 energy   185.8 births 9518043 deaths 9518418 (4167.9s) NVIDIA GeForce RTX 3060
tick  544000 alive   926377 genomes   71049 energy   185.9 births 9528322 deaths 9529129 (4175.5s) NVIDIA GeForce RTX 3060
tick  545000 alive   925375 genomes   70821 energy   185.7 births 9538594 deaths 9539596 (4183.1s) NVIDIA GeForce RTX 3060
tick  546000 alive   922635 genomes   69841 energy   185.8 births 9515356 deaths 9518096 (4190.7s) NVIDIA GeForce RTX 3060
tick  547000 alive   925184 genomes   68581 energy   185.3 births 9535313 deaths 9532764 (4198.3s) NVIDIA GeForce RTX 3060
tick  548000 alive   927624 genomes   67308 energy   185.3 births 9571092 deaths 9568652 (4206.0s) NVIDIA GeForce RTX 3060
tick  549000 alive   928149 genomes   66543 energy   185.5 births 9595800 deaths 9595275 (4213.6s) NVIDIA GeForce RTX 3060
tick  550000 alive   927927 genomes   67398 energy   185.3 births 9621574 deaths 9621796 (4221.2s) NVIDIA GeForce RTX 3060
tick  551000 alive   929541 genomes   67514 energy   185.7 births 9604202 deaths 9602588 (4228.8s) NVIDIA GeForce RTX 3060
tick  552000 alive   930058 genomes   68114 energy   186.1 births 9574513 deaths 9573996 (4236.4s) NVIDIA GeForce RTX 3060
tick  553000 alive   928868 genomes   67860 energy   185.9 births 9541285 deaths 9542475 (4244.0s) NVIDIA GeForce RTX 3060
tick  554000 alive   929785 genomes   67616 energy   186.2 births 9516690 deaths 9515773 (4251.5s) NVIDIA GeForce RTX 3060
tick  555000 alive   931795 genomes   67768 energy   186.4 births 9523204 deaths 9521194 (4259.1s) NVIDIA GeForce RTX 3060
tick  556000 alive   932699 genomes   67907 energy   185.8 births 9549151 deaths 9548247 (4266.7s) NVIDIA GeForce RTX 3060
tick  557000 alive   932597 genomes   68549 energy   185.6 births 9592761 deaths 9592863 (4274.2s) NVIDIA GeForce RTX 3060
tick  558000 alive   932040 genomes   69857 energy   185.7 births 9615530 deaths 9616087 (4281.8s) NVIDIA GeForce RTX 3060
tick  559000 alive   932331 genomes   70809 energy   185.7 births 9634198 deaths 9633907 (4289.4s) NVIDIA GeForce RTX 3060
tick  560000 alive   929401 genomes   71204 energy   185.6 births 9596289 deaths 9599219 (4297.0s) NVIDIA GeForce RTX 3060
tick  561000 alive   927886 genomes   71017 energy   185.6 births 9589256 deaths 9590771 (4304.6s) NVIDIA GeForce RTX 3060
tick  562000 alive   928311 genomes   70764 energy   186.0 births 9576225 deaths 9575800 (4312.2s) NVIDIA GeForce RTX 3060
tick  563000 alive   929548 genomes   69909 energy   185.7 births 9580595 deaths 9579358 (4319.8s) NVIDIA GeForce RTX 3060
tick  564000 alive   932594 genomes   70027 energy   185.9 births 9592294 deaths 9589248 (4327.4s) NVIDIA GeForce RTX 3060
tick  565000 alive   933572 genomes   71398 energy   185.7 births 9616573 deaths 9615595 (4334.9s) NVIDIA GeForce RTX 3060
tick  566000 alive   933857 genomes   71721 energy   185.8 births 9622108 deaths 9621823 (4342.5s) NVIDIA GeForce RTX 3060
tick  567000 alive   934328 genomes   72427 energy   186.0 births 9624028 deaths 9623557 (4350.1s) NVIDIA GeForce RTX 3060
tick  568000 alive   933054 genomes   73162 energy   185.9 births 9625069 deaths 9626343 (4357.6s) NVIDIA GeForce RTX 3060
tick  569000 alive   933554 genomes   73671 energy   185.7 births 9624078 deaths 9623578 (4365.2s) NVIDIA GeForce RTX 3060
tick  570000 alive   933060 genomes   74004 energy   186.1 births 9614966 deaths 9615460 (4372.8s) NVIDIA GeForce RTX 3060
tick  571000 alive   933454 genomes   73854 energy   186.2 births 9607144 deaths 9606750 (4380.3s) NVIDIA GeForce RTX 3060
tick  572000 alive   931911 genomes   73061 energy   186.4 births 9573652 deaths 9575195 (4387.9s) NVIDIA GeForce RTX 3060
tick  573000 alive   930813 genomes   72006 energy   186.7 births 9558440 deaths 9559538 (4395.5s) NVIDIA GeForce RTX 3060
tick  574000 alive   931687 genomes   71106 energy   186.5 births 9500739 deaths 9499865 (4403.0s) NVIDIA GeForce RTX 3060
tick  575000 alive   932161 genomes   70917 energy   186.8 births 9499715 deaths 9499241 (4410.6s) NVIDIA GeForce RTX 3060
tick  576000 alive   932818 genomes   70483 energy   186.9 births 9483189 deaths 9482532 (4418.1s) NVIDIA GeForce RTX 3060
tick  577000 alive   933519 genomes   70129 energy   186.8 births 9477752 deaths 9477051 (4425.6s) NVIDIA GeForce RTX 3060
tick  578000 alive   931144 genomes   70059 energy   186.7 births 9465026 deaths 9467401 (4433.2s) NVIDIA GeForce RTX 3060
tick  579000 alive   929164 genomes   70566 energy   187.0 births 9439115 deaths 9441095 (4440.7s) NVIDIA GeForce RTX 3060
tick  580000 alive   928731 genomes   69707 energy   186.6 births 9427212 deaths 9427645 (4448.3s) NVIDIA GeForce RTX 3060
tick  581000 alive   929524 genomes   69511 energy   186.3 births 9473527 deaths 9472734 (4455.8s) NVIDIA GeForce RTX 3060
tick  582000 alive   932021 genomes   68683 energy   186.4 births 9506559 deaths 9504062 (4463.4s) NVIDIA GeForce RTX 3060
tick  583000 alive   932769 genomes   67616 energy   185.8 births 9526910 deaths 9526162 (4470.9s) NVIDIA GeForce RTX 3060
tick  584000 alive   935721 genomes   66268 energy   185.9 births 9600028 deaths 9597076 (4478.5s) NVIDIA GeForce RTX 3060
tick  585000 alive   934810 genomes   66517 energy   185.6 births 9636122 deaths 9637033 (4486.1s) NVIDIA GeForce RTX 3060
tick  586000 alive   936675 genomes   66648 energy   185.9 births 9627945 deaths 9626080 (4493.6s) NVIDIA GeForce RTX 3060
tick  587000 alive   935289 genomes   67599 energy   185.8 births 9616708 deaths 9618094 (4501.2s) NVIDIA GeForce RTX 3060
tick  588000 alive   935235 genomes   68373 energy   186.2 births 9602534 deaths 9602588 (4508.7s) NVIDIA GeForce RTX 3060
tick  589000 alive   934873 genomes   69188 energy   186.0 births 9622649 deaths 9623011 (4516.3s) NVIDIA GeForce RTX 3060
tick  590000 alive   934039 genomes   68567 energy   185.9 births 9644187 deaths 9645021 (4523.9s) NVIDIA GeForce RTX 3060
tick  591000 alive   934872 genomes   68599 energy   185.6 births 9643710 deaths 9642877 (4531.4s) NVIDIA GeForce RTX 3060
tick  592000 alive   935480 genomes   68469 energy   185.8 births 9667764 deaths 9667156 (4539.0s) NVIDIA GeForce RTX 3060
tick  593000 alive   935364 genomes   69001 energy   185.9 births 9635680 deaths 9635796 (4546.6s) NVIDIA GeForce RTX 3060
tick  594000 alive   937930 genomes   69185 energy   185.3 births 9700932 deaths 9698366 (4554.2s) NVIDIA GeForce RTX 3060
tick  595000 alive   939533 genomes   68966 energy   185.4 births 9763018 deaths 9761415 (4561.8s) NVIDIA GeForce RTX 3060
tick  596000 alive   939225 genomes   69573 energy   185.3 births 9791998 deaths 9792306 (4569.4s) NVIDIA GeForce RTX 3060
tick  597000 alive   938098 genomes   70402 energy   185.4 births 9757171 deaths 9758298 (4576.9s) NVIDIA GeForce RTX 3060
tick  598000 alive   937507 genomes   70688 energy   185.6 births 9737053 deaths 9737644 (4584.5s) NVIDIA GeForce RTX 3060
tick  599000 alive   939198 genomes   71415 energy   185.4 births 9767043 deaths 9765352 (4592.1s) NVIDIA GeForce RTX 3060
tick  600000 alive   939961 genomes   71524 energy   185.4 births 9771135 deaths 9770372 (4599.6s) NVIDIA GeForce RTX 3060
tick  601000 alive   940238 genomes   71743 energy   185.7 births 9775224 deaths 9774947 (4607.2s) NVIDIA GeForce RTX 3060
tick  602000 alive   939965 genomes   72719 energy   185.9 births 9770751 deaths 9771024 (4614.8s) NVIDIA GeForce RTX 3060
tick  603000 alive   936736 genomes   73799 energy   186.2 births 9706998 deaths 9710227 (4622.3s) NVIDIA GeForce RTX 3060
tick  604000 alive   936062 genomes   74806 energy   186.2 births 9653211 deaths 9653885 (4629.9s) NVIDIA GeForce RTX 3060
tick  605000 alive   935598 genomes   74989 energy   186.2 births 9648418 deaths 9648882 (4637.5s) NVIDIA GeForce RTX 3060
tick  606000 alive   935318 genomes   74524 energy   186.2 births 9600273 deaths 9600553 (4645.1s) NVIDIA GeForce RTX 3060
tick  607000 alive   933703 genomes   75105 energy   186.4 births 9604459 deaths 9606074 (4652.7s) NVIDIA GeForce RTX 3060
tick  608000 alive   931705 genomes   75157 energy   186.5 births 9564663 deaths 9566661 (4660.2s) NVIDIA GeForce RTX 3060
tick  609000 alive   928955 genomes   74673 energy   186.3 births 9528477 deaths 9531227 (4667.8s) NVIDIA GeForce RTX 3060
tick  610000 alive   928450 genomes   73410 energy   186.4 births 9496650 deaths 9497155 (4675.4s) NVIDIA GeForce RTX 3060
tick  611000 alive   927263 genomes   71391 energy   186.5 births 9450791 deaths 9451978 (4683.0s) NVIDIA GeForce RTX 3060
tick  612000 alive   927431 genomes   70255 energy   185.8 births 9459576 deaths 9459408 (4690.5s) NVIDIA GeForce RTX 3060
tick  613000 alive   927167 genomes   69100 energy   185.8 births 9511918 deaths 9512182 (4698.1s) NVIDIA GeForce RTX 3060
tick  614000 alive   929544 genomes   68804 energy   185.8 births 9533529 deaths 9531152 (4705.6s) NVIDIA GeForce RTX 3060
tick  615000 alive   932003 genomes   67919 energy   185.6 births 9557075 deaths 9554616 (4713.2s) NVIDIA GeForce RTX 3060
tick  616000 alive   931898 genomes   68947 energy   185.0 births 9652131 deaths 9652236 (4720.8s) NVIDIA GeForce RTX 3060
tick  617000 alive   931533 genomes   69216 energy   184.9 births 9679445 deaths 9679810 (4728.4s) NVIDIA GeForce RTX 3060
tick  618000 alive   930679 genomes   69760 energy   184.8 births 9734254 deaths 9735108 (4736.0s) NVIDIA GeForce RTX 3060
tick  619000 alive   929829 genomes   70225 energy   184.8 births 9732012 deaths 9732862 (4743.6s) NVIDIA GeForce RTX 3060
tick  620000 alive   927735 genomes   71098 energy   184.7 births 9737880 deaths 9739974 (4751.2s) NVIDIA GeForce RTX 3060
tick  621000 alive   926131 genomes   70715 energy   185.3 births 9646951 deaths 9648555 (4758.9s) NVIDIA GeForce RTX 3060
tick  622000 alive   925506 genomes   70644 energy   185.5 births 9573552 deaths 9574177 (4766.5s) NVIDIA GeForce RTX 3060
tick  623000 alive   927688 genomes   70362 energy   185.4 births 9571926 deaths 9569744 (4774.1s) NVIDIA GeForce RTX 3060
tick  624000 alive   927286 genomes   70483 energy   185.0 births 9593819 deaths 9594221 (4781.8s) NVIDIA GeForce RTX 3060
tick  625000 alive   927331 genomes   71344 energy   185.1 births 9618817 deaths 9618772 (4789.4s) NVIDIA GeForce RTX 3060
tick  626000 alive   926886 genomes   71151 energy   185.1 births 9613368 deaths 9613813 (4797.0s) NVIDIA GeForce RTX 3060
tick  627000 alive   927040 genomes   71485 energy   185.2 births 9608304 deaths 9608150 (4804.7s) NVIDIA GeForce RTX 3060
tick  628000 alive   928110 genomes   72869 energy   185.6 births 9646797 deaths 9645727 (4812.3s) NVIDIA GeForce RTX 3060
tick  629000 alive   927777 genomes   72970 energy   185.7 births 9612339 deaths 9612672 (4820.0s) NVIDIA GeForce RTX 3060
tick  630000 alive   928597 genomes   73217 energy   185.6 births 9625057 deaths 9624237 (4827.6s) NVIDIA GeForce RTX 3060
tick  631000 alive   928433 genomes   73350 energy   185.9 births 9603669 deaths 9603833 (4835.2s) NVIDIA GeForce RTX 3060
tick  632000 alive   926918 genomes   72276 energy   186.2 births 9574886 deaths 9576401 (4842.8s) NVIDIA GeForce RTX 3060
tick  633000 alive   929188 genomes   71719 energy   186.2 births 9505034 deaths 9502764 (4850.4s) NVIDIA GeForce RTX 3060
tick  634000 alive   926877 genomes   71421 energy   186.6 births 9508110 deaths 9510421 (4858.0s) NVIDIA GeForce RTX 3060
tick  635000 alive   924807 genomes   70216 energy   186.4 births 9446711 deaths 9448781 (4865.6s) NVIDIA GeForce RTX 3060
tick  636000 alive   924948 genomes   67932 energy   186.2 births 9415215 deaths 9415074 (4873.1s) NVIDIA GeForce RTX 3060
tick  637000 alive   927496 genomes   66360 energy   185.7 births 9470785 deaths 9468237 (4880.7s) NVIDIA GeForce RTX 3060
tick  638000 alive   931731 genomes   65393 energy   185.5 births 9558476 deaths 9554241 (4888.3s) NVIDIA GeForce RTX 3060
tick  639000 alive   929748 genomes   64981 energy   185.4 births 9600842 deaths 9602825 (4895.9s) NVIDIA GeForce RTX 3060
tick  640000 alive   928155 genomes   64095 energy   185.0 births 9599194 deaths 9600787 (4903.5s) NVIDIA GeForce RTX 3060
tick  641000 alive   928605 genomes   63630 energy   185.3 births 9620456 deaths 9620006 (4911.1s) NVIDIA GeForce RTX 3060
tick  642000 alive   930027 genomes   63022 energy   185.5 births 9598676 deaths 9597254 (4918.6s) NVIDIA GeForce RTX 3060
tick  643000 alive   929627 genomes   62925 energy   185.3 births 9602125 deaths 9602525 (4926.2s) NVIDIA GeForce RTX 3060
tick  644000 alive   930574 genomes   63440 energy   185.2 births 9645619 deaths 9644672 (4933.8s) NVIDIA GeForce RTX 3060
tick  645000 alive   930290 genomes   64905 energy   185.5 births 9627902 deaths 9628186 (4941.4s) NVIDIA GeForce RTX 3060
tick  646000 alive   928730 genomes   66165 energy   185.3 births 9641057 deaths 9642617 (4949.0s) NVIDIA GeForce RTX 3060
tick  647000 alive   930730 genomes   66801 energy   185.1 births 9648856 deaths 9646856 (4956.6s) NVIDIA GeForce RTX 3060
tick  648000 alive   930722 genomes   67994 energy   185.4 births 9650210 deaths 9650218 (4964.2s) NVIDIA GeForce RTX 3060
tick  649000 alive   931809 genomes   69065 energy   186.0 births 9607843 deaths 9606756 (4971.8s) NVIDIA GeForce RTX 3060
tick  650000 alive   933060 genomes   69988 energy   185.9 births 9576541 deaths 9575290 (4979.5s) NVIDIA GeForce RTX 3060
tick  651000 alive   930627 genomes   69814 energy   186.0 births 9558463 deaths 9560896 (4987.1s) NVIDIA GeForce RTX 3060
tick  652000 alive   929751 genomes   70192 energy   186.0 births 9549675 deaths 9550551 (4994.7s) NVIDIA GeForce RTX 3060
tick  653000 alive   929191 genomes   70528 energy   185.9 births 9564181 deaths 9564741 (5002.3s) NVIDIA GeForce RTX 3060
tick  654000 alive   927576 genomes   69911 energy   185.8 births 9553033 deaths 9554648 (5009.9s) NVIDIA GeForce RTX 3060
tick  655000 alive   929369 genomes   69291 energy   185.5 births 9577296 deaths 9575503 (5017.5s) NVIDIA GeForce RTX 3060
tick  656000 alive   927110 genomes   69588 energy   185.4 births 9585423 deaths 9587682 (5025.1s) NVIDIA GeForce RTX 3060
tick  657000 alive   927979 genomes   69490 energy   185.3 births 9605434 deaths 9604565 (5032.7s) NVIDIA GeForce RTX 3060
tick  658000 alive   926751 genomes   68845 energy   185.4 births 9601020 deaths 9602248 (5040.3s) NVIDIA GeForce RTX 3060
tick  659000 alive   931575 genomes   68824 energy   185.5 births 9584530 deaths 9579706 (5047.9s) NVIDIA GeForce RTX 3060
tick  660000 alive   931282 genomes   68244 energy   186.3 births 9558591 deaths 9558884 (5055.4s) NVIDIA GeForce RTX 3060
tick  661000 alive   931391 genomes   68899 energy   186.1 births 9520505 deaths 9520396 (5063.0s) NVIDIA GeForce RTX 3060
tick  662000 alive   928940 genomes   68410 energy   185.8 births 9515910 deaths 9518361 (5070.5s) NVIDIA GeForce RTX 3060
tick  663000 alive   930918 genomes   69268 energy   185.5 births 9574112 deaths 9572134 (5078.1s) NVIDIA GeForce RTX 3060
tick  664000 alive   929867 genomes   69464 energy   185.6 births 9610074 deaths 9611125 (5085.7s) NVIDIA GeForce RTX 3060
tick  665000 alive   928278 genomes   69475 energy   185.5 births 9596674 deaths 9598263 (5093.2s) NVIDIA GeForce RTX 3060
tick  666000 alive   927244 genomes   70095 energy   185.6 births 9563802 deaths 9564836 (5100.8s) NVIDIA GeForce RTX 3060
tick  667000 alive   927679 genomes   70371 energy   185.7 births 9556672 deaths 9556237 (5108.4s) NVIDIA GeForce RTX 3060
tick  668000 alive   927554 genomes   69930 energy   186.0 births 9544678 deaths 9544803 (5115.9s) NVIDIA GeForce RTX 3060
tick  669000 alive   926756 genomes   69376 energy   185.9 births 9509732 deaths 9510530 (5123.5s) NVIDIA GeForce RTX 3060
tick  670000 alive   928388 genomes   69665 energy   186.6 births 9490170 deaths 9488538 (5131.0s) NVIDIA GeForce RTX 3060
tick  671000 alive   929404 genomes   68370 energy   186.2 births 9452610 deaths 9451594 (5138.6s) NVIDIA GeForce RTX 3060
tick  672000 alive   932650 genomes   67278 energy   186.5 births 9507836 deaths 9504590 (5146.1s) NVIDIA GeForce RTX 3060
tick  673000 alive   930378 genomes   66875 energy   186.6 births 9481619 deaths 9483891 (5153.6s) NVIDIA GeForce RTX 3060
tick  674000 alive   931807 genomes   66663 energy   186.5 births 9473465 deaths 9472036 (5161.1s) NVIDIA GeForce RTX 3060
tick  675000 alive   931571 genomes   66983 energy   186.4 births 9495978 deaths 9496214 (5168.7s) NVIDIA GeForce RTX 3060
tick  676000 alive   932587 genomes   67088 energy   186.5 births 9495014 deaths 9493998 (5176.2s) NVIDIA GeForce RTX 3060
tick  677000 alive   931709 genomes   67206 energy   186.3 births 9505143 deaths 9506021 (5183.7s) NVIDIA GeForce RTX 3060
tick  678000 alive   932969 genomes   66738 energy   186.3 births 9552098 deaths 9550838 (5191.3s) NVIDIA GeForce RTX 3060
tick  679000 alive   930433 genomes   66390 energy   186.0 births 9528157 deaths 9530693 (5198.8s) NVIDIA GeForce RTX 3060
tick  680000 alive   931442 genomes   65344 energy   186.2 births 9578676 deaths 9577667 (5206.3s) NVIDIA GeForce RTX 3060
tick  681000 alive   932416 genomes   65504 energy   186.1 births 9584560 deaths 9583586 (5213.9s) NVIDIA GeForce RTX 3060
tick  682000 alive   932108 genomes   65772 energy   185.8 births 9643113 deaths 9643421 (5221.4s) NVIDIA GeForce RTX 3060
tick  683000 alive   930488 genomes   66049 energy   185.8 births 9638880 deaths 9640500 (5228.9s) NVIDIA GeForce RTX 3060
tick  684000 alive   930955 genomes   66085 energy   185.8 births 9586969 deaths 9586502 (5236.5s) NVIDIA GeForce RTX 3060
tick  685000 alive   929610 genomes   66678 energy   186.0 births 9597846 deaths 9599191 (5244.0s) NVIDIA GeForce RTX 3060
tick  686000 alive   929549 genomes   66615 energy   185.9 births 9552520 deaths 9552581 (5251.5s) NVIDIA GeForce RTX 3060
tick  687000 alive   931745 genomes   66686 energy   186.0 births 9579751 deaths 9577555 (5259.1s) NVIDIA GeForce RTX 3060
tick  688000 alive   931745 genomes   65651 energy   186.2 births 9534618 deaths 9534618 (5266.6s) NVIDIA GeForce RTX 3060
tick  689000 alive   932301 genomes   65926 energy   186.3 births 9524744 deaths 9524188 (5274.2s) NVIDIA GeForce RTX 3060
tick  690000 alive   932950 genomes   66090 energy   186.2 births 9526785 deaths 9526136 (5281.7s) NVIDIA GeForce RTX 3060
tick  691000 alive   934646 genomes   66570 energy   186.2 births 9544046 deaths 9542350 (5289.3s) NVIDIA GeForce RTX 3060
tick  692000 alive   933350 genomes   66851 energy   186.1 births 9585122 deaths 9586418 (5296.8s) NVIDIA GeForce RTX 3060
tick  693000 alive   933072 genomes   66758 energy   186.3 births 9549720 deaths 9549998 (5304.4s) NVIDIA GeForce RTX 3060
tick  694000 alive   931824 genomes   67339 energy   186.3 births 9569082 deaths 9570330 (5311.9s) NVIDIA GeForce RTX 3060
tick  695000 alive   929743 genomes   67746 energy   185.7 births 9557092 deaths 9559173 (5319.5s) NVIDIA GeForce RTX 3060
tick  696000 alive   929860 genomes   67755 energy   185.3 births 9643665 deaths 9643548 (5327.0s) NVIDIA GeForce RTX 3060
tick  697000 alive   931926 genomes   67946 energy   185.6 births 9691136 deaths 9689070 (5334.6s) NVIDIA GeForce RTX 3060
tick  698000 alive   932911 genomes   68213 energy   185.1 births 9724168 deaths 9723183 (5342.2s) NVIDIA GeForce RTX 3060
tick  699000 alive   932334 genomes   68164 energy   185.0 births 9743293 deaths 9743870 (5349.8s) NVIDIA GeForce RTX 3060
tick  700000 alive   932439 genomes   68350 energy   185.0 births 9760360 deaths 9760255 (5357.4s) NVIDIA GeForce RTX 3060
tick  701000 alive   930501 genomes   68263 energy   185.3 births 9692520 deaths 9694458 (5365.0s) NVIDIA GeForce RTX 3060
tick  702000 alive   930602 genomes   68370 energy   185.3 births 9674979 deaths 9674878 (5372.6s) NVIDIA GeForce RTX 3060
tick  703000 alive   931365 genomes   68533 energy   185.3 births 9714148 deaths 9713385 (5380.2s) NVIDIA GeForce RTX 3060
tick  704000 alive   931889 genomes   69386 energy   185.1 births 9713259 deaths 9712735 (5387.8s) NVIDIA GeForce RTX 3060
tick  705000 alive   931833 genomes   69693 energy   185.1 births 9732201 deaths 9732257 (5395.5s) NVIDIA GeForce RTX 3060
tick  706000 alive   931191 genomes   70575 energy   185.6 births 9678644 deaths 9679286 (5403.1s) NVIDIA GeForce RTX 3060
tick  707000 alive   929285 genomes   71327 energy   185.7 births 9674860 deaths 9676766 (5410.7s) NVIDIA GeForce RTX 3060
tick  708000 alive   932576 genomes   72233 energy   186.2 births 9591369 deaths 9588078 (5418.4s) NVIDIA GeForce RTX 3060
tick  709000 alive   931100 genomes   72829 energy   186.5 births 9513610 deaths 9515086 (5426.0s) NVIDIA GeForce RTX 3060
tick  710000 alive   931799 genomes   72675 energy   186.6 births 9491601 deaths 9490902 (5433.6s) NVIDIA GeForce RTX 3060
tick  711000 alive   931674 genomes   71836 energy   186.4 births 9512350 deaths 9512475 (5441.2s) NVIDIA GeForce RTX 3060
tick  712000 alive   934483 genomes   71523 energy   186.2 births 9563327 deaths 9560518 (5448.8s) NVIDIA GeForce RTX 3060
tick  713000 alive   933540 genomes   71411 energy   185.8 births 9595189 deaths 9596132 (5456.4s) NVIDIA GeForce RTX 3060
tick  714000 alive   932228 genomes   71455 energy   185.4 births 9617587 deaths 9618899 (5464.0s) NVIDIA GeForce RTX 3060
tick  715000 alive   929285 genomes   71480 energy   185.4 births 9669872 deaths 9672815 (5471.6s) NVIDIA GeForce RTX 3060
tick  716000 alive   928407 genomes   71575 energy   186.0 births 9608259 deaths 9609137 (5479.2s) NVIDIA GeForce RTX 3060
tick  717000 alive   928627 genomes   70598 energy   186.2 births 9528961 deaths 9528741 (5486.9s) NVIDIA GeForce RTX 3060
tick  718000 alive   928337 genomes   70167 energy   186.0 births 9501496 deaths 9501786 (5494.5s) NVIDIA GeForce RTX 3060
tick  719000 alive   929841 genomes   69993 energy   185.7 births 9553462 deaths 9551958 (5502.1s) NVIDIA GeForce RTX 3060
tick  720000 alive   932720 genomes   70359 energy   185.2 births 9619738 deaths 9616859 (5509.7s) NVIDIA GeForce RTX 3060
tick  721000 alive   936234 genomes   70343 energy   185.6 births 9667989 deaths 9664475 (5517.3s) NVIDIA GeForce RTX 3060
tick  722000 alive   936795 genomes   70380 energy   185.7 births 9636306 deaths 9635745 (5524.9s) NVIDIA GeForce RTX 3060
tick  723000 alive   937834 genomes   71134 energy   185.8 births 9661537 deaths 9660498 (5532.5s) NVIDIA GeForce RTX 3060
tick  724000 alive   936150 genomes   70955 energy   185.9 births 9628358 deaths 9630042 (5540.0s) NVIDIA GeForce RTX 3060
tick  725000 alive   936528 genomes   71178 energy   185.9 births 9620020 deaths 9619642 (5547.6s) NVIDIA GeForce RTX 3060
tick  726000 alive   936953 genomes   71846 energy   185.7 births 9655792 deaths 9655367 (5555.2s) NVIDIA GeForce RTX 3060
tick  727000 alive   936416 genomes   72396 energy   186.0 births 9642077 deaths 9642614 (5562.8s) NVIDIA GeForce RTX 3060
tick  728000 alive   935904 genomes   72821 energy   186.1 births 9617014 deaths 9617526 (5570.4s) NVIDIA GeForce RTX 3060
tick  729000 alive   936402 genomes   73161 energy   185.9 births 9618403 deaths 9617905 (5578.0s) NVIDIA GeForce RTX 3060
tick  730000 alive   937265 genomes   74205 energy   185.7 births 9647983 deaths 9647120 (5585.6s) NVIDIA GeForce RTX 3060
tick  731000 alive   936717 genomes   74390 energy   185.8 births 9673715 deaths 9674263 (5593.1s) NVIDIA GeForce RTX 3060
tick  732000 alive   935339 genomes   74898 energy   186.1 births 9670305 deaths 9671683 (5600.7s) NVIDIA GeForce RTX 3060
tick  733000 alive   933328 genomes   75407 energy   185.9 births 9657017 deaths 9659028 (5608.4s) NVIDIA GeForce RTX 3060
tick  734000 alive   933554 genomes   74875 energy   185.8 births 9637414 deaths 9637188 (5616.0s) NVIDIA GeForce RTX 3060
tick  735000 alive   933034 genomes   74347 energy   186.0 births 9623201 deaths 9623721 (5623.6s) NVIDIA GeForce RTX 3060
tick  736000 alive   934498 genomes   73720 energy   186.0 births 9634181 deaths 9632717 (5631.1s) NVIDIA GeForce RTX 3060
tick  737000 alive   933686 genomes   73494 energy   185.5 births 9646412 deaths 9647224 (5638.7s) NVIDIA GeForce RTX 3060
tick  738000 alive   935507 genomes   72838 energy   185.9 births 9680812 deaths 9678991 (5646.3s) NVIDIA GeForce RTX 3060
tick  739000 alive   934705 genomes   71850 energy   186.0 births 9663550 deaths 9664352 (5653.9s) NVIDIA GeForce RTX 3060
tick  740000 alive   933869 genomes   71654 energy   186.2 births 9590922 deaths 9591758 (5661.5s) NVIDIA GeForce RTX 3060
tick  741000 alive   934701 genomes   70854 energy   186.5 births 9575217 deaths 9574385 (5669.1s) NVIDIA GeForce RTX 3060
tick  742000 alive   933335 genomes   71609 energy   186.6 births 9521199 deaths 9522565 (5676.6s) NVIDIA GeForce RTX 3060
tick  743000 alive   930194 genomes   71003 energy   187.4 births 9422594 deaths 9425735 (5684.2s) NVIDIA GeForce RTX 3060
tick  744000 alive   929501 genomes   70266 energy   187.4 births 9354828 deaths 9355521 (5691.7s) NVIDIA GeForce RTX 3060
tick  745000 alive   928868 genomes   69246 energy   187.3 births 9316270 deaths 9316903 (5699.3s) NVIDIA GeForce RTX 3060
tick  746000 alive   928541 genomes   67609 energy   187.7 births 9241493 deaths 9241820 (5706.8s) NVIDIA GeForce RTX 3060
tick  747000 alive   927758 genomes   67085 energy   187.5 births 9221036 deaths 9221819 (5714.3s) NVIDIA GeForce RTX 3060
tick  748000 alive   930127 genomes   65920 energy   187.8 births 9209650 deaths 9207281 (5721.9s) NVIDIA GeForce RTX 3060
tick  749000 alive   930379 genomes   65536 energy   188.0 births 9154059 deaths 9153807 (5729.4s) NVIDIA GeForce RTX 3060
tick  750000 alive   931175 genomes   65047 energy   188.2 births 9126286 deaths 9125490 (5737.0s) NVIDIA GeForce RTX 3060
tick  751000 alive   933112 genomes   64477 energy   187.7 births 9143835 deaths 9141898 (5744.5s) NVIDIA GeForce RTX 3060
tick  752000 alive   931411 genomes   63289 energy   187.5 births 9173840 deaths 9175541 (5752.0s) NVIDIA GeForce RTX 3060
tick  753000 alive   933055 genomes   61952 energy   187.2 births 9218014 deaths 9216370 (5759.6s) NVIDIA GeForce RTX 3060
tick  754000 alive   935184 genomes   61731 energy   186.6 births 9310825 deaths 9308696 (5767.1s) NVIDIA GeForce RTX 3060
tick  755000 alive   932974 genomes   62128 energy   186.4 births 9321437 deaths 9323647 (5774.6s) NVIDIA GeForce RTX 3060
tick  756000 alive   934893 genomes   62298 energy   186.5 births 9330639 deaths 9328720 (5782.2s) NVIDIA GeForce RTX 3060
tick  757000 alive   935016 genomes   62951 energy   186.8 births 9375704 deaths 9375581 (5789.8s) NVIDIA GeForce RTX 3060
tick  758000 alive   933953 genomes   64542 energy   186.8 births 9363680 deaths 9364743 (5797.3s) NVIDIA GeForce RTX 3060
tick  759000 alive   937007 genomes   65478 energy   186.7 births 9391320 deaths 9388266 (5804.9s) NVIDIA GeForce RTX 3060
tick  760000 alive   936618 genomes   66119 energy   187.1 births 9386983 deaths 9387372 (5812.4s) NVIDIA GeForce RTX 3060
tick  761000 alive   937152 genomes   67194 energy   187.0 births 9364341 deaths 9363807 (5820.0s) NVIDIA GeForce RTX 3060
tick  762000 alive   936592 genomes   68082 energy   187.3 births 9353876 deaths 9354436 (5827.6s) NVIDIA GeForce RTX 3060
tick  763000 alive   935499 genomes   68541 energy   187.2 births 9339651 deaths 9340744 (5835.1s) NVIDIA GeForce RTX 3060
tick  764000 alive   935063 genomes   68818 energy   187.6 births 9287677 deaths 9288113 (5842.7s) NVIDIA GeForce RTX 3060
tick  765000 alive   934592 genomes   69225 energy   187.6 births 9305708 deaths 9306179 (5850.3s) NVIDIA GeForce RTX 3060
tick  766000 alive   933697 genomes   69587 energy   187.7 births 9295816 deaths 9296711 (5857.8s) NVIDIA GeForce RTX 3060
tick  767000 alive   933835 genomes   69175 energy   187.5 births 9320222 deaths 9320084 (5865.4s) NVIDIA GeForce RTX 3060
tick  768000 alive   933891 genomes   68285 energy   187.9 births 9319682 deaths 9319626 (5873.0s) NVIDIA GeForce RTX 3060
tick  769000 alive   933686 genomes   68481 energy   187.9 births 9287620 deaths 9287825 (5880.5s) NVIDIA GeForce RTX 3060
tick  770000 alive   933068 genomes   67770 energy   188.2 births 9286704 deaths 9287322 (5888.1s) NVIDIA GeForce RTX 3060
tick  771000 alive   932070 genomes   66978 energy   188.4 births 9200039 deaths 9201037 (5895.6s) NVIDIA GeForce RTX 3060
tick  772000 alive   933681 genomes   67019 energy   188.6 births 9193565 deaths 9191954 (5903.1s) NVIDIA GeForce RTX 3060
tick  773000 alive   936355 genomes   66458 energy   188.5 births 9201851 deaths 9199177 (5910.7s) NVIDIA GeForce RTX 3060
tick  774000 alive   934825 genomes   66289 energy   188.1 births 9237095 deaths 9238625 (5918.2s) NVIDIA GeForce RTX 3060
tick  775000 alive   934391 genomes   65544 energy   188.4 births 9164637 deaths 9165071 (5925.7s) NVIDIA GeForce RTX 3060
tick  776000 alive   933950 genomes   64574 energy   188.5 births 9161963 deaths 9162404 (5933.2s) NVIDIA GeForce RTX 3060
tick  777000 alive   934995 genomes   63387 energy   188.3 births 9149832 deaths 9148787 (5940.8s) NVIDIA GeForce RTX 3060
tick  778000 alive   932883 genomes   63013 energy   188.2 births 9182836 deaths 9184948 (5948.3s) NVIDIA GeForce RTX 3060
tick  779000 alive   935535 genomes   63341 energy   187.7 births 9228531 deaths 9225879 (5955.8s) NVIDIA GeForce RTX 3060
tick  780000 alive   936124 genomes   63290 energy   187.3 births 9286189 deaths 9285600 (5963.3s) NVIDIA GeForce RTX 3060
tick  781000 alive   935090 genomes   63662 energy   187.3 births 9335760 deaths 9336794 (5970.8s) NVIDIA GeForce RTX 3060
tick  782000 alive   935658 genomes   62407 energy   187.3 births 9333039 deaths 9332471 (5978.3s) NVIDIA GeForce RTX 3060
tick  783000 alive   937751 genomes   61789 energy   187.2 births 9355274 deaths 9353181 (5985.8s) NVIDIA GeForce RTX 3060
tick  784000 alive   938195 genomes   61158 energy   187.2 births 9380940 deaths 9380496 (5993.3s) NVIDIA GeForce RTX 3060
tick  785000 alive   940057 genomes   60170 energy   187.5 births 9403529 deaths 9401667 (6000.8s) NVIDIA GeForce RTX 3060
tick  786000 alive   941095 genomes   60085 energy   187.0 births 9433347 deaths 9432309 (6008.3s) NVIDIA GeForce RTX 3060
tick  787000 alive   940618 genomes   59871 energy   187.5 births 9438031 deaths 9438508 (6015.8s) NVIDIA GeForce RTX 3060
tick  788000 alive   941943 genomes   59231 energy   187.7 births 9416025 deaths 9414700 (6023.3s) NVIDIA GeForce RTX 3060
tick  789000 alive   942523 genomes   59488 energy   187.8 births 9410699 deaths 9410119 (6030.8s) NVIDIA GeForce RTX 3060
tick  790000 alive   942909 genomes   58847 energy   188.0 births 9382746 deaths 9382360 (6038.2s) NVIDIA GeForce RTX 3060
tick  791000 alive   944458 genomes   58658 energy   188.3 births 9350388 deaths 9348839 (6045.7s) NVIDIA GeForce RTX 3060
tick  792000 alive   945263 genomes   57932 energy   188.0 births 9351443 deaths 9350638 (6053.1s) NVIDIA GeForce RTX 3060
tick  793000 alive   945723 genomes   57449 energy   188.2 births 9362831 deaths 9362371 (6060.5s) NVIDIA GeForce RTX 3060
tick  794000 alive   943258 genomes   56552 energy   188.0 births 9362456 deaths 9364921 (6068.0s) NVIDIA GeForce RTX 3060
tick  795000 alive   944508 genomes   56353 energy   187.9 births 9355710 deaths 9354460 (6075.4s) NVIDIA GeForce RTX 3060
tick  796000 alive   943675 genomes   55922 energy   187.5 births 9383765 deaths 9384598 (6082.9s) NVIDIA GeForce RTX 3060
tick  797000 alive   942886 genomes   55554 energy   187.9 births 9334970 deaths 9335759 (6090.4s) NVIDIA GeForce RTX 3060
tick  798000 alive   944974 genomes   55963 energy   187.5 births 9316268 deaths 9314180 (6097.8s) NVIDIA GeForce RTX 3060
tick  799000 alive   944255 genomes   56187 energy   187.3 births 9368332 deaths 9369051 (6105.3s) NVIDIA GeForce RTX 3060
tick  800000 alive   946059 genomes   57326 energy   187.4 births 9371783 deaths 9369979 (6112.8s) NVIDIA GeForce RTX 3060
tick  801000 alive   943635 genomes   58564 energy   187.0 births 9411360 deaths 9413784 (6120.3s) NVIDIA GeForce RTX 3060
tick  802000 alive   943697 genomes   59232 energy   187.4 births 9401546 deaths 9401484 (6127.9s) NVIDIA GeForce RTX 3060
tick  803000 alive   942188 genomes   59598 energy   187.3 births 9378209 deaths 9379718 (6135.4s) NVIDIA GeForce RTX 3060
tick  804000 alive   943721 genomes   59389 energy   187.3 births 9399265 deaths 9397732 (6142.9s) NVIDIA GeForce RTX 3060
tick  805000 alive   946016 genomes   59821 energy   187.4 births 9422878 deaths 9420583 (6150.4s) NVIDIA GeForce RTX 3060
tick  806000 alive   944508 genomes   59647 energy   187.2 births 9407313 deaths 9408821 (6157.9s) NVIDIA GeForce RTX 3060
tick  807000 alive   948272 genomes   59354 energy   187.2 births 9440592 deaths 9436828 (6165.4s) NVIDIA GeForce RTX 3060
tick  808000 alive   947453 genomes   59878 energy   186.9 births 9481736 deaths 9482555 (6172.9s) NVIDIA GeForce RTX 3060
tick  809000 alive   948533 genomes   59636 energy   186.8 births 9520661 deaths 9519581 (6180.4s) NVIDIA GeForce RTX 3060
tick  810000 alive   949785 genomes   58449 energy   186.8 births 9562197 deaths 9560945 (6187.9s) NVIDIA GeForce RTX 3060
tick  811000 alive   947982 genomes   58096 energy   186.8 births 9552274 deaths 9554077 (6195.4s) NVIDIA GeForce RTX 3060
tick  812000 alive   949968 genomes   58360 energy   186.7 births 9565937 deaths 9563951 (6202.9s) NVIDIA GeForce RTX 3060
tick  813000 alive   952349 genomes   58833 energy   186.7 births 9624963 deaths 9622582 (6210.4s) NVIDIA GeForce RTX 3060
tick  814000 alive   951261 genomes   59131 energy   186.9 births 9661677 deaths 9662765 (6217.9s) NVIDIA GeForce RTX 3060
tick  815000 alive   948861 genomes   59579 energy   186.9 births 9607623 deaths 9610023 (6225.4s) NVIDIA GeForce RTX 3060
tick  816000 alive   947825 genomes   60721 energy   186.9 births 9604836 deaths 9605872 (6232.9s) NVIDIA GeForce RTX 3060
tick  817000 alive   947504 genomes   61319 energy   186.8 births 9596365 deaths 9596686 (6240.4s) NVIDIA GeForce RTX 3060
tick  818000 alive   947600 genomes   61982 energy   187.1 births 9564534 deaths 9564438 (6247.9s) NVIDIA GeForce RTX 3060
tick  819000 alive   944986 genomes   62877 energy   187.1 births 9538998 deaths 9541612 (6255.4s) NVIDIA GeForce RTX 3060
tick  820000 alive   945260 genomes   63646 energy   187.4 births 9523002 deaths 9522728 (6263.0s) NVIDIA GeForce RTX 3060
tick  821000 alive   944183 genomes   63356 energy   187.3 births 9487903 deaths 9488980 (6270.5s) NVIDIA GeForce RTX 3060
tick  822000 alive   942706 genomes   63869 energy   187.3 births 9461923 deaths 9463400 (6278.0s) NVIDIA GeForce RTX 3060
tick  823000 alive   943411 genomes   63762 energy   187.2 births 9457933 deaths 9457228 (6285.6s) NVIDIA GeForce RTX 3060
tick  824000 alive   945472 genomes   63576 energy   187.4 births 9471235 deaths 9469174 (6293.1s) NVIDIA GeForce RTX 3060
tick  825000 alive   943978 genomes   63599 energy   187.6 births 9431822 deaths 9433316 (6300.7s) NVIDIA GeForce RTX 3060
tick  826000 alive   944083 genomes   63743 energy   187.7 births 9393883 deaths 9393778 (6308.2s) NVIDIA GeForce RTX 3060
tick  827000 alive   943688 genomes   63475 energy   187.4 births 9410034 deaths 9410429 (6315.8s) NVIDIA GeForce RTX 3060
tick  828000 alive   942996 genomes   63153 energy   187.5 births 9402184 deaths 9402876 (6323.3s) NVIDIA GeForce RTX 3060
tick  829000 alive   944234 genomes   62959 energy   187.2 births 9405649 deaths 9404411 (6330.8s) NVIDIA GeForce RTX 3060
tick  830000 alive   945377 genomes   62801 energy   187.3 births 9437037 deaths 9435894 (6338.4s) NVIDIA GeForce RTX 3060
tick  831000 alive   944220 genomes   62778 energy   187.4 births 9421147 deaths 9422304 (6345.9s) NVIDIA GeForce RTX 3060
tick  832000 alive   944737 genomes   62890 energy   187.4 births 9374154 deaths 9373637 (6353.4s) NVIDIA GeForce RTX 3060
tick  833000 alive   943707 genomes   62382 energy   187.4 births 9356731 deaths 9357761 (6360.9s) NVIDIA GeForce RTX 3060
tick  834000 alive   942309 genomes   62001 energy   187.4 births 9352984 deaths 9354382 (6368.5s) NVIDIA GeForce RTX 3060
tick  835000 alive   943972 genomes   61185 energy   186.5 births 9435157 deaths 9433494 (6376.0s) NVIDIA GeForce RTX 3060
tick  836000 alive   945112 genomes   61108 energy   186.8 births 9489765 deaths 9488625 (6383.5s) NVIDIA GeForce RTX 3060
tick  837000 alive   946211 genomes   61077 energy   186.7 births 9507390 deaths 9506291 (6391.1s) NVIDIA GeForce RTX 3060
tick  838000 alive   947417 genomes   61008 energy   186.7 births 9539208 deaths 9538002 (6398.6s) NVIDIA GeForce RTX 3060
tick  839000 alive   944654 genomes   61870 energy   186.6 births 9550924 deaths 9553687 (6406.1s) NVIDIA GeForce RTX 3060
tick  840000 alive   942466 genomes   63017 energy   186.4 births 9567078 deaths 9569266 (6413.7s) NVIDIA GeForce RTX 3060
tick  841000 alive   944161 genomes   63131 energy   186.6 births 9574657 deaths 9572962 (6421.2s) NVIDIA GeForce RTX 3060
tick  842000 alive   944431 genomes   64076 energy   186.1 births 9600861 deaths 9600591 (6428.8s) NVIDIA GeForce RTX 3060
tick  843000 alive   943353 genomes   64016 energy   186.5 births 9626716 deaths 9627794 (6436.3s) NVIDIA GeForce RTX 3060
tick  844000 alive   943912 genomes   64482 energy   187.3 births 9538600 deaths 9538041 (6443.9s) NVIDIA GeForce RTX 3060
tick  845000 alive   944791 genomes   64407 energy   187.7 births 9441860 deaths 9440981 (6451.4s) NVIDIA GeForce RTX 3060
tick  846000 alive   944975 genomes   64704 energy   187.7 births 9438101 deaths 9437917 (6458.9s) NVIDIA GeForce RTX 3060
tick  847000 alive   944086 genomes   64389 energy   187.5 births 9461347 deaths 9462236 (6466.4s) NVIDIA GeForce RTX 3060
tick  848000 alive   944283 genomes   63907 energy   187.2 births 9455531 deaths 9455334 (6473.9s) NVIDIA GeForce RTX 3060
tick  849000 alive   946605 genomes   63548 energy   187.4 births 9472992 deaths 9470670 (6481.4s) NVIDIA GeForce RTX 3060
tick  850000 alive   945743 genomes   63379 energy   187.5 births 9447543 deaths 9448405 (6489.0s) NVIDIA GeForce RTX 3060
tick  851000 alive   944703 genomes   63357 energy   187.4 births 9465350 deaths 9466390 (6496.5s) NVIDIA GeForce RTX 3060
tick  852000 alive   944565 genomes   62207 energy   187.8 births 9387171 deaths 9387309 (6504.0s) NVIDIA GeForce RTX 3060
tick  853000 alive   944508 genomes   62175 energy   187.6 births 9365399 deaths 9365456 (6511.5s) NVIDIA GeForce RTX 3060
tick  854000 alive   944310 genomes   61755 energy   187.6 births 9370766 deaths 9370964 (6519.0s) NVIDIA GeForce RTX 3060
tick  855000 alive   944992 genomes   60972 energy   187.5 births 9352042 deaths 9351360 (6526.6s) NVIDIA GeForce RTX 3060
tick  856000 alive   944175 genomes   61275 energy   187.6 births 9349326 deaths 9350143 (6534.1s) NVIDIA GeForce RTX 3060
tick  857000 alive   943773 genomes   61480 energy   187.7 births 9319248 deaths 9319650 (6541.6s) NVIDIA GeForce RTX 3060
tick  858000 alive   944427 genomes   60750 energy   188.2 births 9270735 deaths 9270081 (6549.1s) NVIDIA GeForce RTX 3060
tick  859000 alive   945080 genomes   60903 energy   188.1 births 9225406 deaths 9224753 (6556.6s) NVIDIA GeForce RTX 3060
tick  860000 alive   945048 genomes   61626 energy   188.3 births 9221005 deaths 9221037 (6564.1s) NVIDIA GeForce RTX 3060
tick  861000 alive   944675 genomes   62513 energy   188.8 births 9196978 deaths 9197351 (6571.6s) NVIDIA GeForce RTX 3060
tick  862000 alive   945604 genomes   62744 energy   188.9 births 9182177 deaths 9181248 (6579.1s) NVIDIA GeForce RTX 3060
tick  863000 alive   943763 genomes   62123 energy   188.9 births 9150967 deaths 9152808 (6586.6s) NVIDIA GeForce RTX 3060
tick  864000 alive   942811 genomes   61943 energy   188.8 births 9099751 deaths 9100703 (6594.1s) NVIDIA GeForce RTX 3060
tick  865000 alive   941929 genomes   61394 energy   188.6 births 9132949 deaths 9133831 (6601.6s) NVIDIA GeForce RTX 3060
tick  866000 alive   940765 genomes   60944 energy   188.1 births 9138083 deaths 9139247 (6609.1s) NVIDIA GeForce RTX 3060
tick  867000 alive   942520 genomes   60301 energy   188.1 births 9207983 deaths 9206228 (6616.6s) NVIDIA GeForce RTX 3060
tick  868000 alive   942381 genomes   60419 energy   187.9 births 9232677 deaths 9232816 (6624.1s) NVIDIA GeForce RTX 3060
tick  869000 alive   942204 genomes   60949 energy   187.5 births 9278932 deaths 9279109 (6631.7s) NVIDIA GeForce RTX 3060
tick  870000 alive   942797 genomes   60399 energy   187.2 births 9333819 deaths 9333226 (6639.2s) NVIDIA GeForce RTX 3060
tick  871000 alive   946319 genomes   60763 energy   187.2 births 9367570 deaths 9364048 (6646.7s) NVIDIA GeForce RTX 3060
tick  872000 alive   946341 genomes   61509 energy   187.2 births 9427409 deaths 9427387 (6654.2s) NVIDIA GeForce RTX 3060
tick  873000 alive   944564 genomes   61418 energy   187.5 births 9399418 deaths 9401195 (6661.7s) NVIDIA GeForce RTX 3060
tick  874000 alive   943636 genomes   61508 energy   187.2 births 9384674 deaths 9385602 (6669.2s) NVIDIA GeForce RTX 3060
tick  875000 alive   944575 genomes   62343 energy   186.9 births 9447105 deaths 9446166 (6676.8s) NVIDIA GeForce RTX 3060
tick  876000 alive   944935 genomes   62229 energy   187.3 births 9458494 deaths 9458134 (6684.3s) NVIDIA GeForce RTX 3060
tick  877000 alive   945100 genomes   61418 energy   187.4 births 9399359 deaths 9399194 (6691.8s) NVIDIA GeForce RTX 3060
tick  878000 alive   944961 genomes   61461 energy   187.4 births 9400994 deaths 9401133 (6699.3s) NVIDIA GeForce RTX 3060
tick  879000 alive   944718 genomes   60462 energy   187.5 births 9407450 deaths 9407693 (6706.8s) NVIDIA GeForce RTX 3060
tick  880000 alive   944493 genomes   61236 energy   187.4 births 9422058 deaths 9422283 (6714.4s) NVIDIA GeForce RTX 3060
tick  881000 alive   946511 genomes   60886 energy   187.6 births 9410761 deaths 9408743 (6721.9s) NVIDIA GeForce RTX 3060
tick  882000 alive   948009 genomes   60510 energy   187.7 births 9385282 deaths 9383784 (6729.4s) NVIDIA GeForce RTX 3060
tick  883000 alive   947729 genomes   61390 energy   187.4 births 9413370 deaths 9413650 (6736.9s) NVIDIA GeForce RTX 3060
tick  884000 alive   946598 genomes   60778 energy   187.3 births 9433089 deaths 9434220 (6744.4s) NVIDIA GeForce RTX 3060
tick  885000 alive   945705 genomes   60175 energy   187.3 births 9401719 deaths 9402612 (6751.9s) NVIDIA GeForce RTX 3060
tick  886000 alive   944848 genomes   59967 energy   187.2 births 9415311 deaths 9416168 (6759.4s) NVIDIA GeForce RTX 3060
tick  887000 alive   944521 genomes   58679 energy   187.6 births 9371372 deaths 9371699 (6767.0s) NVIDIA GeForce RTX 3060
tick  888000 alive   945436 genomes   58828 energy   186.9 births 9389592 deaths 9388677 (6774.5s) NVIDIA GeForce RTX 3060
tick  889000 alive   948019 genomes   59042 energy   187.0 births 9442173 deaths 9439590 (6782.0s) NVIDIA GeForce RTX 3060
tick  890000 alive   949071 genomes   59634 energy   187.0 births 9514562 deaths 9513510 (6789.5s) NVIDIA GeForce RTX 3060
tick  891000 alive   947833 genomes   59839 energy   187.4 births 9490811 deaths 9492049 (6797.0s) NVIDIA GeForce RTX 3060
tick  892000 alive   946308 genomes   60435 energy   187.7 births 9445970 deaths 9447495 (6804.5s) NVIDIA GeForce RTX 3060
tick  893000 alive   944551 genomes   61237 energy   187.6 births 9430639 deaths 9432396 (6812.0s) NVIDIA GeForce RTX 3060
tick  894000 alive   944774 genomes   60976 energy   187.6 births 9412571 deaths 9412348 (6819.5s) NVIDIA GeForce RTX 3060
tick  895000 alive   944040 genomes   60637 energy   187.9 births 9375523 deaths 9376257 (6827.0s) NVIDIA GeForce RTX 3060
tick  896000 alive   943058 genomes   60837 energy   187.5 births 9361190 deaths 9362172 (6834.5s) NVIDIA GeForce RTX 3060
tick  897000 alive   944558 genomes   60723 energy   187.5 births 9360703 deaths 9359203 (6842.0s) NVIDIA GeForce RTX 3060
tick  898000 alive   945424 genomes   59703 energy   187.5 births 9388984 deaths 9388118 (6849.5s) NVIDIA GeForce RTX 3060
tick  899000 alive   944007 genomes   59302 energy   187.6 births 9377684 deaths 9379101 (6856.9s) NVIDIA GeForce RTX 3060
tick  900000 alive   946681 genomes   58675 energy   187.2 births 9399325 deaths 9396651 (6864.4s) NVIDIA GeForce RTX 3060
tick  901000 alive   947071 genomes   58274 energy   186.9 births 9482915 deaths 9482525 (6871.9s) NVIDIA GeForce RTX 3060
tick  902000 alive   945508 genomes   58282 energy   187.0 births 9488461 deaths 9490024 (6879.3s) NVIDIA GeForce RTX 3060
tick  903000 alive   948148 genomes   57600 energy   187.0 births 9491525 deaths 9488885 (6886.8s) NVIDIA GeForce RTX 3060
tick  904000 alive   947379 genomes   57204 energy   187.2 births 9464737 deaths 9465506 (6894.3s) NVIDIA GeForce RTX 3060
tick  905000 alive   947617 genomes   57535 energy   187.4 births 9422833 deaths 9422595 (6901.8s) NVIDIA GeForce RTX 3060
tick  906000 alive   947771 genomes   57437 energy   187.1 births 9439741 deaths 9439587 (6909.2s) NVIDIA GeForce RTX 3060
tick  907000 alive   946979 genomes   57326 energy   187.1 births 9465319 deaths 9466111 (6916.7s) NVIDIA GeForce RTX 3060
tick  908000 alive   945137 genomes   57781 energy   187.0 births 9469697 deaths 9471539 (6924.2s) NVIDIA GeForce RTX 3060
tick  909000 alive   944216 genomes   57364 energy   187.7 births 9428527 deaths 9429448 (6931.7s) NVIDIA GeForce RTX 3060
tick  910000 alive   943872 genomes   57828 energy   187.5 births 9369489 deaths 9369833 (6939.2s) NVIDIA GeForce RTX 3060
tick  911000 alive   946051 genomes   57716 energy   187.6 births 9349801 deaths 9347622 (6946.7s) NVIDIA GeForce RTX 3060
tick  912000 alive   947040 genomes   58114 energy   187.2 births 9418846 deaths 9417857 (6954.2s) NVIDIA GeForce RTX 3060
tick  913000 alive   945426 genomes   58000 energy   187.5 births 9406739 deaths 9408353 (6961.7s) NVIDIA GeForce RTX 3060
tick  914000 alive   945971 genomes   56698 energy   187.3 births 9401057 deaths 9400512 (6969.1s) NVIDIA GeForce RTX 3060
tick  915000 alive   945909 genomes   56180 energy   186.9 births 9442923 deaths 9442985 (6976.6s) NVIDIA GeForce RTX 3060
tick  916000 alive   945972 genomes   56327 energy   187.3 births 9467929 deaths 9467866 (6984.1s) NVIDIA GeForce RTX 3060
tick  917000 alive   947590 genomes   55752 energy   187.5 births 9444391 deaths 9442773 (6991.6s) NVIDIA GeForce RTX 3060
tick  918000 alive   946222 genomes   57154 energy   187.4 births 9419556 deaths 9420924 (6999.2s) NVIDIA GeForce RTX 3060
tick  919000 alive   944827 genomes   58003 energy   187.4 births 9428484 deaths 9429879 (7006.7s) NVIDIA GeForce RTX 3060
tick  920000 alive   944478 genomes   58566 energy   187.2 births 9433314 deaths 9433663 (7014.2s) NVIDIA GeForce RTX 3060
tick  921000 alive   944266 genomes   59044 energy   187.1 births 9450136 deaths 9450348 (7021.7s) NVIDIA GeForce RTX 3060
tick  922000 alive   945618 genomes   59768 energy   187.3 births 9456729 deaths 9455377 (7029.3s) NVIDIA GeForce RTX 3060
tick  923000 alive   942685 genomes   59594 energy   187.8 births 9409707 deaths 9412640 (7036.8s) NVIDIA GeForce RTX 3060
tick  924000 alive   941589 genomes   59224 energy   187.9 births 9349919 deaths 9351015 (7044.3s) NVIDIA GeForce RTX 3060
tick  925000 alive   941897 genomes   58591 energy   187.7 births 9322577 deaths 9322269 (7051.8s) NVIDIA GeForce RTX 3060
tick  926000 alive   941512 genomes   58249 energy   187.3 births 9347381 deaths 9347766 (7059.3s) NVIDIA GeForce RTX 3060
tick  927000 alive   944668 genomes   57335 energy   187.5 births 9374446 deaths 9371290 (7066.9s) NVIDIA GeForce RTX 3060
tick  928000 alive   944148 genomes   57197 energy   187.4 births 9336019 deaths 9336539 (7074.4s) NVIDIA GeForce RTX 3060
tick  929000 alive   944156 genomes   56305 energy   187.6 births 9274440 deaths 9274432 (7081.9s) NVIDIA GeForce RTX 3060
tick  930000 alive   944073 genomes   56141 energy   187.2 births 9296222 deaths 9296305 (7089.5s) NVIDIA GeForce RTX 3060
tick  931000 alive   943757 genomes   55923 energy   187.1 births 9327005 deaths 9327321 (7097.0s) NVIDIA GeForce RTX 3060
tick  932000 alive   942427 genomes   56081 energy   187.1 births 9325159 deaths 9326489 (7104.6s) NVIDIA GeForce RTX 3060
tick  933000 alive   940100 genomes   56368 energy   186.6 births 9350641 deaths 9352968 (7112.1s) NVIDIA GeForce RTX 3060
tick  934000 alive   938599 genomes   56692 energy   186.6 births 9342010 deaths 9343511 (7119.7s) NVIDIA GeForce RTX 3060
tick  935000 alive   939543 genomes   57182 energy   186.4 births 9355564 deaths 9354620 (7127.3s) NVIDIA GeForce RTX 3060
tick  936000 alive   942531 genomes   57129 energy   186.5 births 9404581 deaths 9401593 (7134.8s) NVIDIA GeForce RTX 3060
tick  937000 alive   942051 genomes   57174 energy   186.2 births 9420423 deaths 9420903 (7142.4s) NVIDIA GeForce RTX 3060
tick  938000 alive   944722 genomes   57023 energy   186.2 births 9447694 deaths 9445023 (7150.0s) NVIDIA GeForce RTX 3060
tick  939000 alive   944745 genomes   56792 energy   186.3 births 9447202 deaths 9447179 (7157.5s) NVIDIA GeForce RTX 3060
tick  940000 alive   946289 genomes   57604 energy   186.2 births 9502820 deaths 9501276 (7165.1s) NVIDIA GeForce RTX 3060
tick  941000 alive   945409 genomes   56983 energy   186.5 births 9470800 deaths 9471680 (7172.6s) NVIDIA GeForce RTX 3060
tick  942000 alive   945503 genomes   57454 energy   186.5 births 9458692 deaths 9458598 (7180.2s) NVIDIA GeForce RTX 3060
tick  943000 alive   948120 genomes   57710 energy   186.5 births 9477879 deaths 9475262 (7187.8s) NVIDIA GeForce RTX 3060
tick  944000 alive   947100 genomes   57774 energy   186.8 births 9467696 deaths 9468716 (7195.3s) NVIDIA GeForce RTX 3060
tick  945000 alive   947410 genomes   58231 energy   187.0 births 9503609 deaths 9503299 (7202.9s) NVIDIA GeForce RTX 3060
tick  946000 alive   944841 genomes   59684 energy   187.2 births 9452043 deaths 9454612 (7210.5s) NVIDIA GeForce RTX 3060
tick  947000 alive   945346 genomes   59458 energy   187.3 births 9371661 deaths 9371156 (7218.1s) NVIDIA GeForce RTX 3060
tick  948000 alive   943853 genomes   59454 energy   187.3 births 9381334 deaths 9382827 (7225.6s) NVIDIA GeForce RTX 3060
tick  949000 alive   943301 genomes   59554 energy   187.1 births 9374677 deaths 9375229 (7233.2s) NVIDIA GeForce RTX 3060
tick  950000 alive   941439 genomes   58895 energy   187.2 births 9353348 deaths 9355210 (7240.8s) NVIDIA GeForce RTX 3060
tick  951000 alive   942531 genomes   59098 energy   187.3 births 9368516 deaths 9367424 (7248.4s) NVIDIA GeForce RTX 3060
tick  952000 alive   943866 genomes   59466 energy   187.4 births 9330548 deaths 9329213 (7256.0s) NVIDIA GeForce RTX 3060
tick  953000 alive   943475 genomes   60447 energy   187.7 births 9322398 deaths 9322789 (7263.6s) NVIDIA GeForce RTX 3060
tick  954000 alive   943189 genomes   61042 energy   187.9 births 9267298 deaths 9267584 (7271.2s) NVIDIA GeForce RTX 3060
tick  955000 alive   944928 genomes   61907 energy   187.9 births 9274282 deaths 9272543 (7278.8s) NVIDIA GeForce RTX 3060
tick  956000 alive   944877 genomes   62349 energy   187.8 births 9255275 deaths 9255326 (7286.4s) NVIDIA GeForce RTX 3060
tick  957000 alive   943416 genomes   62277 energy   188.0 births 9257322 deaths 9258783 (7294.0s) NVIDIA GeForce RTX 3060
tick  958000 alive   941116 genomes   62221 energy   187.7 births 9259549 deaths 9261849 (7301.6s) NVIDIA GeForce RTX 3060
tick  959000 alive   942210 genomes   62009 energy   187.6 births 9280761 deaths 9279667 (7309.2s) NVIDIA GeForce RTX 3060
tick  960000 alive   943097 genomes   61542 energy   187.2 births 9313696 deaths 9312809 (7316.8s) NVIDIA GeForce RTX 3060
tick  961000 alive   941372 genomes   61081 energy   186.9 births 9340391 deaths 9342116 (7324.5s) NVIDIA GeForce RTX 3060
tick  962000 alive   942701 genomes   60452 energy   186.9 births 9352347 deaths 9351018 (7332.1s) NVIDIA GeForce RTX 3060
tick  963000 alive   943828 genomes   59762 energy   187.1 births 9334819 deaths 9333692 (7339.7s) NVIDIA GeForce RTX 3060
tick  964000 alive   943300 genomes   61096 energy   187.3 births 9314465 deaths 9314993 (7347.3s) NVIDIA GeForce RTX 3060
tick  965000 alive   943082 genomes   61451 energy   187.5 births 9268189 deaths 9268407 (7354.9s) NVIDIA GeForce RTX 3060
tick  966000 alive   942868 genomes   61004 energy   187.3 births 9257427 deaths 9257641 (7362.5s) NVIDIA GeForce RTX 3060
tick  967000 alive   941791 genomes   61342 energy   187.4 births 9268473 deaths 9269550 (7370.2s) NVIDIA GeForce RTX 3060
tick  968000 alive   940280 genomes   61299 energy   187.6 births 9235510 deaths 9237021 (7377.8s) NVIDIA GeForce RTX 3060
tick  969000 alive   942927 genomes   61228 energy   187.8 births 9183235 deaths 9180588 (7385.4s) NVIDIA GeForce RTX 3060
tick  970000 alive   942565 genomes   60965 energy   187.8 births 9219001 deaths 9219363 (7393.1s) NVIDIA GeForce RTX 3060
tick  971000 alive   943527 genomes   60509 energy   187.5 births 9234306 deaths 9233344 (7400.7s) NVIDIA GeForce RTX 3060
tick  972000 alive   943394 genomes   60592 energy   187.3 births 9307332 deaths 9307465 (7408.4s) NVIDIA GeForce RTX 3060
tick  973000 alive   941640 genomes   60441 energy   187.0 births 9320926 deaths 9322680 (7416.0s) NVIDIA GeForce RTX 3060
tick  974000 alive   941316 genomes   59853 energy   187.3 births 9325574 deaths 9325898 (7423.6s) NVIDIA GeForce RTX 3060
tick  975000 alive   942315 genomes   60761 energy   187.2 births 9352220 deaths 9351221 (7431.3s) NVIDIA GeForce RTX 3060
tick  976000 alive   938840 genomes   61281 energy   187.1 births 9323792 deaths 9327267 (7438.9s) NVIDIA GeForce RTX 3060
tick  977000 alive   940116 genomes   61137 energy   187.4 births 9318139 deaths 9316863 (7446.5s) NVIDIA GeForce RTX 3060
tick  978000 alive   940605 genomes   61056 energy   187.4 births 9312658 deaths 9312169 (7454.1s) NVIDIA GeForce RTX 3060
tick  979000 alive   941002 genomes   61233 energy   187.7 births 9327731 deaths 9327334 (7461.7s) NVIDIA GeForce RTX 3060
tick  980000 alive   941650 genomes   60628 energy   187.6 births 9260919 deaths 9260271 (7469.3s) NVIDIA GeForce RTX 3060
tick  981000 alive   944421 genomes   59665 energy   187.3 births 9326384 deaths 9323613 (7476.9s) NVIDIA GeForce RTX 3060
tick  982000 alive   946213 genomes   59756 energy   187.4 births 9348750 deaths 9346958 (7484.5s) NVIDIA GeForce RTX 3060
tick  983000 alive   946056 genomes   59715 energy   187.0 births 9407960 deaths 9408117 (7492.1s) NVIDIA GeForce RTX 3060
tick  984000 alive   944338 genomes   59814 energy   187.0 births 9423122 deaths 9424840 (7499.7s) NVIDIA GeForce RTX 3060
tick  985000 alive   945461 genomes   59852 energy   187.1 births 9380831 deaths 9379708 (7507.4s) NVIDIA GeForce RTX 3060
tick  986000 alive   946940 genomes   59770 energy   187.0 births 9442329 deaths 9440850 (7515.0s) NVIDIA GeForce RTX 3060
tick  987000 alive   947504 genomes   59407 energy   187.3 births 9408292 deaths 9407728 (7522.6s) NVIDIA GeForce RTX 3060
tick  988000 alive   947387 genomes   59909 energy   187.3 births 9392582 deaths 9392699 (7530.2s) NVIDIA GeForce RTX 3060
tick  989000 alive   948027 genomes   59602 energy   187.6 births 9368577 deaths 9367937 (7537.8s) NVIDIA GeForce RTX 3060
tick  990000 alive   947362 genomes   59241 energy   187.5 births 9359474 deaths 9360139 (7545.4s) NVIDIA GeForce RTX 3060
tick  991000 alive   947160 genomes   58931 energy   187.4 births 9374166 deaths 9374368 (7553.0s) NVIDIA GeForce RTX 3060
tick  992000 alive   945743 genomes   58913 energy   188.2 births 9300928 deaths 9302345 (7560.6s) NVIDIA GeForce RTX 3060
tick  993000 alive   943311 genomes   58694 energy   188.3 births 9224494 deaths 9226926 (7568.2s) NVIDIA GeForce RTX 3060
tick  994000 alive   942708 genomes   58787 energy   188.4 births 9182505 deaths 9183108 (7575.8s) NVIDIA GeForce RTX 3060
tick  995000 alive   941410 genomes   58243 energy   188.0 births 9159659 deaths 9160957 (7583.4s) NVIDIA GeForce RTX 3060
tick  996000 alive   942063 genomes   57471 energy   188.1 births 9161449 deaths 9160796 (7591.0s) NVIDIA GeForce RTX 3060
tick  997000 alive   944702 genomes   57373 energy   188.0 births 9180903 deaths 9178264 (7598.6s) NVIDIA GeForce RTX 3060
tick  998000 alive   946302 genomes   57391 energy   188.2 births 9215709 deaths 9214109 (7606.2s) NVIDIA GeForce RTX 3060
tick  999000 alive   947495 genomes   56733 energy   188.5 births 9180822 deaths 9179629 (7613.8s) NVIDIA GeForce RTX 3060
tick 1000000 alive   948880 genomes   56607 energy   188.4 births 9189159 deaths 9187774 (7621.4s) NVIDIA GeForce RTX 3060
tick 1001000 alive   947747 genomes   56735 energy   188.1 births 9201722 deaths 9202855 (7629.0s) NVIDIA GeForce RTX 3060
tick 1002000 alive   947172 genomes   57052 energy   187.8 births 9262567 deaths 9263142 (7636.6s) NVIDIA GeForce RTX 3060
tick 1003000 alive   946941 genomes   57440 energy   187.6 births 9294452 deaths 9294683 (7644.2s) NVIDIA GeForce RTX 3060
tick 1004000 alive   946110 genomes   58500 energy   187.7 births 9279507 deaths 9280338 (7651.7s) NVIDIA GeForce RTX 3060
tick 1005000 alive   946365 genomes   59002 energy   187.9 births 9277469 deaths 9277214 (7659.3s) NVIDIA GeForce RTX 3060
tick 1006000 alive   947450 genomes   59181 energy   187.9 births 9280462 deaths 9279377 (7666.9s) NVIDIA GeForce RTX 3060
tick 1007000 alive   946242 genomes   59183 energy   188.1 births 9226423 deaths 9227631 (7674.5s) NVIDIA GeForce RTX 3060
tick 1008000 alive   945538 genomes   59725 energy   188.2 births 9231180 deaths 9231884 (7682.1s) NVIDIA GeForce RTX 3060
tick 1009000 alive   945433 genomes   59128 energy   188.1 births 9222188 deaths 9222293 (7689.7s) NVIDIA GeForce RTX 3060
tick 1010000 alive   947256 genomes   58818 energy   188.1 births 9204988 deaths 9203165 (7697.3s) NVIDIA GeForce RTX 3060
tick 1011000 alive   947334 genomes   58518 energy   188.5 births 9181702 deaths 9181624 (7704.9s) NVIDIA GeForce RTX 3060
tick 1012000 alive   948808 genomes   58705 energy   188.1 births 9181554 deaths 9180080 (7712.4s) NVIDIA GeForce RTX 3060
tick 1013000 alive   947316 genomes   58544 energy   188.0 births 9213111 deaths 9214603 (7720.0s) NVIDIA GeForce RTX 3060
tick 1014000 alive   947206 genomes   59055 energy   187.7 births 9247287 deaths 9247397 (7727.6s) NVIDIA GeForce RTX 3060
tick 1015000 alive   944357 genomes   59985 energy   187.4 births 9296391 deaths 9299240 (7735.2s) NVIDIA GeForce RTX 3060
tick 1016000 alive   944336 genomes   60503 energy   187.4 births 9316613 deaths 9316634 (7742.8s) NVIDIA GeForce RTX 3060
tick 1017000 alive   944812 genomes   60688 energy   187.3 births 9348856 deaths 9348380 (7750.5s) NVIDIA GeForce RTX 3060
tick 1018000 alive   945725 genomes   60320 energy   187.4 births 9364288 deaths 9363375 (7758.1s) NVIDIA GeForce RTX 3060
tick 1019000 alive   946512 genomes   60688 energy   187.2 births 9371002 deaths 9370215 (7765.7s) NVIDIA GeForce RTX 3060
tick 1020000 alive   945949 genomes   60530 energy   187.4 births 9386344 deaths 9386907 (7773.4s) NVIDIA GeForce RTX 3060
tick 1021000 alive   945996 genomes   60110 energy   187.6 births 9361411 deaths 9361364 (7781.0s) NVIDIA GeForce RTX 3060
tick 1022000 alive   945711 genomes   60283 energy   187.5 births 9332012 deaths 9332297 (7788.6s) NVIDIA GeForce RTX 3060
tick 1023000 alive   944634 genomes   60488 energy   187.3 births 9377199 deaths 9378276 (7796.2s) NVIDIA GeForce RTX 3060
tick 1024000 alive   943896 genomes   60513 energy   187.2 births 9364035 deaths 9364773 (7803.9s) NVIDIA GeForce RTX 3060
tick 1025000 alive   942739 genomes   60570 energy   187.2 births 9360111 deaths 9361268 (7811.5s) NVIDIA GeForce RTX 3060
tick 1026000 alive   942199 genomes   61289 energy   186.9 births 9379072 deaths 9379612 (7819.2s) NVIDIA GeForce RTX 3060
tick 1027000 alive   943560 genomes   60592 energy   186.7 births 9402011 deaths 9400650 (7826.9s) NVIDIA GeForce RTX 3060
tick 1028000 alive   942067 genomes   61384 energy   186.8 births 9435252 deaths 9436745 (7834.5s) NVIDIA GeForce RTX 3060
tick 1029000 alive   943094 genomes   61246 energy   186.6 births 9432313 deaths 9431286 (7842.2s) NVIDIA GeForce RTX 3060
tick 1030000 alive   942856 genomes   61474 energy   186.3 births 9468336 deaths 9468574 (7849.8s) NVIDIA GeForce RTX 3060
tick 1031000 alive   942458 genomes   61519 energy   186.5 births 9491155 deaths 9491553 (7857.5s) NVIDIA GeForce RTX 3060
tick 1032000 alive   943474 genomes   61304 energy   186.7 births 9478714 deaths 9477698 (7865.1s) NVIDIA GeForce RTX 3060
tick 1033000 alive   941764 genomes   60649 energy   186.5 births 9466547 deaths 9468257 (7872.8s) NVIDIA GeForce RTX 3060
tick 1034000 alive   940666 genomes   59809 energy   187.1 births 9397157 deaths 9398255 (7880.4s) NVIDIA GeForce RTX 3060
tick 1035000 alive   939492 genomes   58568 energy   187.6 births 9308176 deaths 9309350 (7888.0s) NVIDIA GeForce RTX 3060
tick 1036000 alive   942319 genomes   58099 energy   187.7 births 9266815 deaths 9263988 (7895.6s) NVIDIA GeForce RTX 3060
tick 1037000 alive   941907 genomes   57294 energy   187.4 births 9287921 deaths 9288333 (7903.2s) NVIDIA GeForce RTX 3060
tick 1038000 alive   942330 genomes   56980 energy   187.2 births 9290318 deaths 9289895 (7910.8s) NVIDIA GeForce RTX 3060
tick 1039000 alive   943911 genomes   56449 energy   187.7 births 9261667 deaths 9260086 (7918.4s) NVIDIA GeForce RTX 3060
tick 1040000 alive   942881 genomes   56682 energy   187.5 births 9259124 deaths 9260154 (7926.0s) NVIDIA GeForce RTX 3060
tick 1041000 alive   942893 genomes   56414 energy   187.6 births 9297272 deaths 9297260 (7933.6s) NVIDIA GeForce RTX 3060
tick 1042000 alive   942769 genomes   55612 energy   187.7 births 9250084 deaths 9250208 (7941.1s) NVIDIA GeForce RTX 3060
tick 1043000 alive   943444 genomes   55000 energy   187.7 births 9244482 deaths 9243807 (7948.7s) NVIDIA GeForce RTX 3060
tick 1044000 alive   941196 genomes   54667 energy   187.8 births 9247961 deaths 9250209 (7956.3s) NVIDIA GeForce RTX 3060
tick 1045000 alive   942314 genomes   53871 energy   187.8 births 9207366 deaths 9206248 (7963.9s) NVIDIA GeForce RTX 3060
tick 1046000 alive   943321 genomes   53602 energy   188.1 births 9179333 deaths 9178326 (7971.4s) NVIDIA GeForce RTX 3060
tick 1047000 alive   943272 genomes   53227 energy   188.3 births 9143941 deaths 9143990 (7979.0s) NVIDIA GeForce RTX 3060
tick 1048000 alive   943770 genomes   52885 energy   188.4 births 9130427 deaths 9129929 (7986.5s) NVIDIA GeForce RTX 3060
tick 1049000 alive   943474 genomes   51736 energy   188.5 births 9092627 deaths 9092923 (7994.0s) NVIDIA GeForce RTX 3060
tick 1050000 alive   943868 genomes   51564 energy   188.4 births 9114992 deaths 9114598 (8001.6s) NVIDIA GeForce RTX 3060
tick 1051000 alive   945277 genomes   51137 energy   188.2 births 9151942 deaths 9150533 (8009.1s) NVIDIA GeForce RTX 3060
tick 1052000 alive   945485 genomes   51194 energy   188.3 births 9134832 deaths 9134624 (8016.7s) NVIDIA GeForce RTX 3060
tick 1053000 alive   946901 genomes   51300 energy   188.1 births 9159953 deaths 9158537 (8024.2s) NVIDIA GeForce RTX 3060
tick 1054000 alive   948464 genomes   51727 energy   187.7 births 9218323 deaths 9216760 (8031.8s) NVIDIA GeForce RTX 3060
tick 1055000 alive   947561 genomes   52292 energy   187.9 births 9252990 deaths 9253893 (8039.3s) NVIDIA GeForce RTX 3060
tick 1056000 alive   947767 genomes   52079 energy   187.8 births 9248960 deaths 9248754 (8046.9s) NVIDIA GeForce RTX 3060
tick 1057000 alive   946790 genomes   52570 energy   187.5 births 9300484 deaths 9301461 (8054.5s) NVIDIA GeForce RTX 3060
tick 1058000 alive   947388 genomes   52353 energy   187.8 births 9302430 deaths 9301832 (8062.0s) NVIDIA GeForce RTX 3060
tick 1059000 alive   948623 genomes   52435 energy   187.9 births 9251931 deaths 9250696 (8069.6s) NVIDIA GeForce RTX 3060
tick 1060000 alive   949868 genomes   52696 energy   187.8 births 9286752 deaths 9285507 (8077.2s) NVIDIA GeForce RTX 3060
tick 1061000 alive   949823 genomes   53216 energy   188.2 births 9279231 deaths 9279276 (8084.8s) NVIDIA GeForce RTX 3060
tick 1062000 alive   949920 genomes   53073 energy   188.6 births 9200418 deaths 9200321 (8092.3s) NVIDIA GeForce RTX 3060
tick 1063000 alive   948053 genomes   52933 energy   188.6 births 9171944 deaths 9173811 (8099.9s) NVIDIA GeForce RTX 3060
tick 1064000 alive   948496 genomes   53096 energy   188.4 births 9183426 deaths 9182983 (8107.4s) NVIDIA GeForce RTX 3060
tick 1065000 alive   947906 genomes   53669 energy   187.9 births 9193044 deaths 9193634 (8115.0s) NVIDIA GeForce RTX 3060
tick 1066000 alive   947681 genomes   53675 energy   188.3 births 9241952 deaths 9242177 (8122.5s) NVIDIA GeForce RTX 3060
tick 1067000 alive   947381 genomes   54157 energy   188.4 births 9211989 deaths 9212289 (8130.1s) NVIDIA GeForce RTX 3060
tick 1068000 alive   947767 genomes   53958 energy   188.1 births 9200105 deaths 9199719 (8137.6s) NVIDIA GeForce RTX 3060
tick 1069000 alive   947690 genomes   54412 energy   188.3 births 9191254 deaths 9191331 (8145.2s) NVIDIA GeForce RTX 3060
tick 1070000 alive   949281 genomes   54645 energy   188.3 births 9171218 deaths 9169627 (8152.7s) NVIDIA GeForce RTX 3060
tick 1071000 alive   946765 genomes   54576 energy   188.4 births 9175825 deaths 9178341 (8160.3s) NVIDIA GeForce RTX 3060
tick 1072000 alive   946221 genomes   55189 energy   188.1 births 9165774 deaths 9166318 (8167.9s) NVIDIA GeForce RTX 3060
tick 1073000 alive   947413 genomes   55513 energy   188.5 births 9134461 deaths 9133269 (8175.4s) NVIDIA GeForce RTX 3060
tick 1074000 alive   945276 genomes   55911 energy   188.1 births 9133442 deaths 9135579 (8183.0s) NVIDIA GeForce RTX 3060
tick 1075000 alive   945664 genomes   55470 energy   187.8 births 9193595 deaths 9193207 (8190.6s) NVIDIA GeForce RTX 3060
tick 1076000 alive   947447 genomes   56100 energy   187.8 births 9257093 deaths 9255310 (8198.2s) NVIDIA GeForce RTX 3060
tick 1077000 alive   946229 genomes   56924 energy   187.7 births 9259311 deaths 9260529 (8205.8s) NVIDIA GeForce RTX 3060
tick 1078000 alive   948486 genomes   57257 energy   188.3 births 9253139 deaths 9250882 (8213.4s) NVIDIA GeForce RTX 3060
tick 1079000 alive   948180 genomes   57429 energy   188.7 births 9176131 deaths 9176437 (8221.0s) NVIDIA GeForce RTX 3060
tick 1080000 alive   947199 genomes   56804 energy   189.1 births 9138950 deaths 9139931 (8228.6s) NVIDIA GeForce RTX 3060
tick 1081000 alive   947731 genomes   56865 energy   189.2 births 9104434 deaths 9103902 (8236.1s) NVIDIA GeForce RTX 3060
tick 1082000 alive   946567 genomes   56635 energy   189.1 births 9067956 deaths 9069120 (8243.7s) NVIDIA GeForce RTX 3060
tick 1083000 alive   945154 genomes   56403 energy   189.4 births 9031826 deaths 9033239 (8251.2s) NVIDIA GeForce RTX 3060
tick 1084000 alive   944187 genomes   56107 energy   189.3 births 9033686 deaths 9034653 (8258.8s) NVIDIA GeForce RTX 3060
tick 1085000 alive   942234 genomes   55429 energy   189.1 births 9001759 deaths 9003712 (8266.4s) NVIDIA GeForce RTX 3060
tick 1086000 alive   944003 genomes   54139 energy   189.0 births 8989750 deaths 8987981 (8273.9s) NVIDIA GeForce RTX 3060
tick 1087000 alive   945906 genomes   53566 energy   189.1 births 9032272 deaths 9030369 (8281.4s) NVIDIA GeForce RTX 3060
tick 1088000 alive   944993 genomes   53016 energy   189.0 births 9036679 deaths 9037592 (8289.0s) NVIDIA GeForce RTX 3060
tick 1089000 alive   944436 genomes   53862 energy   189.0 births 9069546 deaths 9070103 (8296.5s) NVIDIA GeForce RTX 3060
tick 1090000 alive   944610 genomes   53619 energy   188.4 births 9112938 deaths 9112764 (8304.0s) NVIDIA GeForce RTX 3060
tick 1091000 alive   944619 genomes   53962 energy   188.1 births 9169664 deaths 9169655 (8311.6s) NVIDIA GeForce RTX 3060
tick 1092000 alive   945159 genomes   53344 energy   187.7 births 9198652 deaths 9198112 (8319.2s) NVIDIA GeForce RTX 3060
tick 1093000 alive   947139 genomes   53265 energy   187.1 births 9307913 deaths 9305933 (8326.7s) NVIDIA GeForce RTX 3060
tick 1094000 alive   948006 genomes   53176 energy   187.2 births 9373396 deaths 9372529 (8334.3s) NVIDIA GeForce RTX 3060
tick 1095000 alive   948092 genomes   53116 energy   187.0 births 9397609 deaths 9397523 (8341.8s) NVIDIA GeForce RTX 3060
tick 1096000 alive   947779 genomes   53415 energy   187.5 births 9391983 deaths 9392296 (8349.4s) NVIDIA GeForce RTX 3060
tick 1097000 alive   946544 genomes   54001 energy   187.3 births 9348871 deaths 9350106 (8357.0s) NVIDIA GeForce RTX 3060
tick 1098000 alive   946337 genomes   53904 energy   187.5 births 9335808 deaths 9336015 (8364.5s) NVIDIA GeForce RTX 3060
tick 1099000 alive   946519 genomes   54558 energy   187.6 births 9318673 deaths 9318491 (8372.1s) NVIDIA GeForce RTX 3060
tick 1100000 alive   947344 genomes   54417 energy   187.9 births 9304613 deaths 9303788 (8379.6s) NVIDIA GeForce RTX 3060
tick 1101000 alive   947540 genomes   55198 energy   187.9 births 9288067 deaths 9287871 (8387.2s) NVIDIA GeForce RTX 3060
tick 1102000 alive   946990 genomes   54948 energy   188.1 births 9266676 deaths 9267226 (8394.7s) NVIDIA GeForce RTX 3060
tick 1103000 alive   943566 genomes   54510 energy   188.0 births 9230016 deaths 9233440 (8402.3s) NVIDIA GeForce RTX 3060
tick 1104000 alive   943948 genomes   54700 energy   188.2 births 9199134 deaths 9198752 (8409.8s) NVIDIA GeForce RTX 3060
tick 1105000 alive   943192 genomes   54954 energy   187.9 births 9191912 deaths 9192668 (8417.4s) NVIDIA GeForce RTX 3060
tick 1106000 alive   943222 genomes   54042 energy   187.8 births 9204131 deaths 9204101 (8425.0s) NVIDIA GeForce RTX 3060
tick 1107000 alive   943083 genomes   53477 energy   187.6 births 9215494 deaths 9215633 (8432.5s) NVIDIA GeForce RTX 3060
tick 1108000 alive   945379 genomes   53424 energy   187.8 births 9237998 deaths 9235702 (8440.1s) NVIDIA GeForce RTX 3060
tick 1109000 alive   946561 genomes   54153 energy   187.7 births 9234597 deaths 9233415 (8447.7s) NVIDIA GeForce RTX 3060
tick 1110000 alive   946697 genomes   54952 energy   187.9 births 9241925 deaths 9241789 (8455.3s) NVIDIA GeForce RTX 3060
tick 1111000 alive   945887 genomes   56027 energy   187.8 births 9267812 deaths 9268622 (8462.9s) NVIDIA GeForce RTX 3060
tick 1112000 alive   945582 genomes   56953 energy   187.5 births 9295266 deaths 9295571 (8470.5s) NVIDIA GeForce RTX 3060
tick 1113000 alive   945378 genomes   57229 energy   187.3 births 9334156 deaths 9334360 (8478.1s) NVIDIA GeForce RTX 3060
tick 1114000 alive   944697 genomes   56940 energy   187.2 births 9377758 deaths 9378439 (8485.7s) NVIDIA GeForce RTX 3060
tick 1115000 alive   943125 genomes   56748 energy   187.1 births 9347440 deaths 9349012 (8493.3s) NVIDIA GeForce RTX 3060
tick 1116000 alive   943919 genomes   56274 energy   187.3 births 9348817 deaths 9348023 (8500.9s) NVIDIA GeForce RTX 3060
tick 1117000 alive   946144 genomes   56539 energy   187.6 births 9329647 deaths 9327422 (8508.5s) NVIDIA GeForce RTX 3060
tick 1118000 alive   945651 genomes   56911 energy   187.9 births 9319730 deaths 9320223 (8516.1s) NVIDIA GeForce RTX 3060
tick 1119000 alive   945883 genomes   56489 energy   187.9 births 9289376 deaths 9289144 (8523.7s) NVIDIA GeForce RTX 3060
tick 1120000 alive   943782 genomes   56074 energy   188.1 births 9241376 deaths 9243477 (8531.2s) NVIDIA GeForce RTX 3060
tick 1121000 alive   944972 genomes   55152 energy   188.1 births 9216602 deaths 9215412 (8538.8s) NVIDIA GeForce RTX 3060
tick 1122000 alive   943219 genomes   55208 energy   188.2 births 9197999 deaths 9199752 (8546.4s) NVIDIA GeForce RTX 3060
tick 1123000 alive   944220 genomes   55344 energy   187.8 births 9191973 deaths 9190972 (8554.0s) NVIDIA GeForce RTX 3060
tick 1124000 alive   945653 genomes   55400 energy   187.9 births 9218350 deaths 9216917 (8561.6s) NVIDIA GeForce RTX 3060
tick 1125000 alive   944933 genomes   55347 energy   188.2 births 9195373 deaths 9196093 (8569.2s) NVIDIA GeForce RTX 3060
tick 1126000 alive   946317 genomes   54964 energy   188.6 births 9108736 deaths 9107352 (8576.8s) NVIDIA GeForce RTX 3060
tick 1127000 alive   945376 genomes   55384 energy   188.5 births 9085143 deaths 9086084 (8584.4s) NVIDIA GeForce RTX 3060
tick 1128000 alive   944035 genomes   55620 energy   188.4 births 9078694 deaths 9080035 (8592.0s) NVIDIA GeForce RTX 3060
tick 1129000 alive   942030 genomes   55233 energy   188.8 births 9066978 deaths 9068983 (8599.6s) NVIDIA GeForce RTX 3060
tick 1130000 alive   941521 genomes   54207 energy   188.8 births 9016641 deaths 9017150 (8607.2s) NVIDIA GeForce RTX 3060
tick 1131000 alive   942699 genomes   53544 energy   188.9 births 8995253 deaths 8994075 (8614.7s) NVIDIA GeForce RTX 3060
tick 1132000 alive   941894 genomes   52714 energy   189.2 births 8974097 deaths 8974902 (8622.3s) NVIDIA GeForce RTX 3060
tick 1133000 alive   942732 genomes   52831 energy   189.1 births 8937416 deaths 8936578 (8629.8s) NVIDIA GeForce RTX 3060
tick 1134000 alive   942291 genomes   51664 energy   189.3 births 8910235 deaths 8910676 (8637.4s) NVIDIA GeForce RTX 3060
tick 1135000 alive   942787 genomes   50828 energy   189.1 births 8877932 deaths 8877436 (8644.9s) NVIDIA GeForce RTX 3060
tick 1136000 alive   944406 genomes   50567 energy   189.2 births 8889976 deaths 8888357 (8652.5s) NVIDIA GeForce RTX 3060
tick 1137000 alive   943703 genomes   50305 energy   189.4 births 8897024 deaths 8897727 (8660.0s) NVIDIA GeForce RTX 3060
tick 1138000 alive   944914 genomes   50031 energy   189.0 births 8906384 deaths 8905173 (8667.6s) NVIDIA GeForce RTX 3060
tick 1139000 alive   944454 genomes   50332 energy   188.8 births 8940745 deaths 8941205 (8675.2s) NVIDIA GeForce RTX 3060
tick 1140000 alive   944494 genomes   49976 energy   188.9 births 8943984 deaths 8943944 (8682.7s) NVIDIA GeForce RTX 3060
tick 1141000 alive   946480 genomes   49872 energy   189.1 births 8931112 deaths 8929126 (8690.3s) NVIDIA GeForce RTX 3060
tick 1142000 alive   947543 genomes   50255 energy   189.3 births 8936807 deaths 8935744 (8697.8s) NVIDIA GeForce RTX 3060
tick 1143000 alive   947160 genomes   49707 energy   189.2 births 8934519 deaths 8934902 (8705.4s) NVIDIA GeForce RTX 3060
tick 1144000 alive   947769 genomes   49738 energy   189.6 births 8898945 deaths 8898336 (8712.9s) NVIDIA GeForce RTX 3060
tick 1145000 alive   949094 genomes   50518 energy   189.7 births 8909754 deaths 8908429 (8720.4s) NVIDIA GeForce RTX 3060
tick 1146000 alive   948469 genomes   51792 energy   189.7 births 8909718 deaths 8910343 (8727.9s) NVIDIA GeForce RTX 3060
tick 1147000 alive   948671 genomes   52444 energy   189.9 births 8916510 deaths 8916308 (8735.5s) NVIDIA GeForce RTX 3060
tick 1148000 alive   947401 genomes   53078 energy   189.5 births 8904331 deaths 8905601 (8743.0s) NVIDIA GeForce RTX 3060
tick 1149000 alive   948253 genomes   53201 energy   189.3 births 8939935 deaths 8939083 (8750.5s) NVIDIA GeForce RTX 3060
tick 1150000 alive   946893 genomes   53727 energy   189.0 births 9005097 deaths 9006457 (8758.1s) NVIDIA GeForce RTX 3060
tick 1151000 alive   948118 genomes   53517 energy   189.3 births 8996040 deaths 8994815 (8765.6s) NVIDIA GeForce RTX 3060
tick 1152000 alive   947813 genomes   53866 energy   189.2 births 8991350 deaths 8991655 (8773.2s) NVIDIA GeForce RTX 3060
tick 1153000 alive   948747 genomes   54302 energy   189.0 births 9045735 deaths 9044801 (8780.8s) NVIDIA GeForce RTX 3060
tick 1154000 alive   947957 genomes   54330 energy   188.9 births 9072024 deaths 9072814 (8788.3s) NVIDIA GeForce RTX 3060
tick 1155000 alive   946997 genomes   54356 energy   188.8 births 9028001 deaths 9028961 (8795.9s) NVIDIA GeForce RTX 3060
tick 1156000 alive   945817 genomes   54180 energy   189.0 births 9017826 deaths 9019006 (8803.4s) NVIDIA GeForce RTX 3060
tick 1157000 alive   944678 genomes   54098 energy   189.0 births 9039783 deaths 9040922 (8811.0s) NVIDIA GeForce RTX 3060
tick 1158000 alive   945611 genomes   53478 energy   188.5 births 9028210 deaths 9027277 (8818.5s) NVIDIA GeForce RTX 3060
tick 1159000 alive   945401 genomes   52631 energy   188.2 births 9083021 deaths 9083231 (8826.1s) NVIDIA GeForce RTX 3060
tick 1160000 alive   946377 genomes   52384 energy   188.0 births 9135505 deaths 9134529 (8833.7s) NVIDIA GeForce RTX 3060
tick 1161000 alive   947564 genomes   51497 energy   187.9 births 9148684 deaths 9147497 (8841.2s) NVIDIA GeForce RTX 3060
tick 1162000 alive   947622 genomes   51785 energy   188.1 births 9126472 deaths 9126414 (8848.8s) NVIDIA GeForce RTX 3060
tick 1163000 alive   949885 genomes   51751 energy   188.7 births 9103575 deaths 9101312 (8856.4s) NVIDIA GeForce RTX 3060
tick 1164000 alive   948338 genomes   52525 energy   188.9 births 9046659 deaths 9048206 (8863.9s) NVIDIA GeForce RTX 3060
tick 1165000 alive   947052 genomes   53309 energy   189.1 births 9016314 deaths 9017600 (8871.5s) NVIDIA GeForce RTX 3060
tick 1166000 alive   945378 genomes   54145 energy   189.4 births 8978481 deaths 8980155 (8879.1s) NVIDIA GeForce RTX 3060
tick 1167000 alive   945359 genomes   54508 energy   189.5 births 8926543 deaths 8926562 (8886.6s) NVIDIA GeForce RTX 3060
tick 1168000 alive   945235 genomes   54108 energy   189.8 births 8919634 deaths 8919758 (8894.2s) NVIDIA GeForce RTX 3060
tick 1169000 alive   946764 genomes   54175 energy   189.9 births 8869220 deaths 8867691 (8901.7s) NVIDIA GeForce RTX 3060
tick 1170000 alive   945712 genomes   53915 energy   190.2 births 8838781 deaths 8839833 (8909.3s) NVIDIA GeForce RTX 3060
tick 1171000 alive   945557 genomes   53532 energy   190.5 births 8783360 deaths 8783515 (8916.8s) NVIDIA GeForce RTX 3060
tick 1172000 alive   946068 genomes   52885 energy   190.5 births 8760612 deaths 8760101 (8924.4s) NVIDIA GeForce RTX 3060
tick 1173000 alive   946689 genomes   52861 energy   190.2 births 8779419 deaths 8778798 (8931.9s) NVIDIA GeForce RTX 3060
tick 1174000 alive   944342 genomes   52484 energy   190.2 births 8794841 deaths 8797188 (8939.5s) NVIDIA GeForce RTX 3060
tick 1175000 alive   945185 genomes   51579 energy   190.0 births 8781226 deaths 8780383 (8947.0s) NVIDIA GeForce RTX 3060
tick 1176000 alive   947099 genomes   51356 energy   189.6 births 8857355 deaths 8855441 (8954.6s) NVIDIA GeForce RTX 3060
tick 1177000 alive   945898 genomes   51587 energy   189.2 births 8895685 deaths 8896886 (8962.1s) NVIDIA GeForce RTX 3060
tick 1178000 alive   945978 genomes   51558 energy   189.0 births 8956368 deaths 8956288 (8969.7s) NVIDIA GeForce RTX 3060
tick 1179000 alive   943812 genomes   51320 energy   189.3 births 8930257 deaths 8932423 (8977.2s) NVIDIA GeForce RTX 3060
tick 1180000 alive   943000 genomes   51458 energy   188.9 births 8921744 deaths 8922556 (8984.8s) NVIDIA GeForce RTX 3060
tick 1181000 alive   943856 genomes   51472 energy   189.1 births 8942048 deaths 8941192 (8992.3s) NVIDIA GeForce RTX 3060
tick 1182000 alive   943681 genomes   50861 energy   189.2 births 8934496 deaths 8934671 (8999.9s) NVIDIA GeForce RTX 3060
tick 1183000 alive   942886 genomes   51336 energy   189.0 births 8911103 deaths 8911898 (9007.5s) NVIDIA GeForce RTX 3060
tick 1184000 alive   942689 genomes   52003 energy   188.5 births 8947025 deaths 8947222 (9015.1s) NVIDIA GeForce RTX 3060
tick 1185000 alive   944243 genomes   52746 energy   188.6 births 8981889 deaths 8980335 (9022.7s) NVIDIA GeForce RTX 3060
tick 1186000 alive   944703 genomes   52960 energy   188.7 births 9011362 deaths 9010902 (9030.3s) NVIDIA GeForce RTX 3060
tick 1187000 alive   942235 genomes   52572 energy   188.6 births 9004667 deaths 9007135 (9037.9s) NVIDIA GeForce RTX 3060
tick 1188000 alive   943290 genomes   52327 energy   189.1 births 8925989 deaths 8924934 (9045.5s) NVIDIA GeForce RTX 3060
tick 1189000 alive   943379 genomes   52192 energy   189.0 births 8906600 deaths 8906511 (9053.1s) NVIDIA GeForce RTX 3060
tick 1190000 alive   944198 genomes   52436 energy   189.0 births 8902278 deaths 8901459 (9060.7s) NVIDIA GeForce RTX 3060
tick 1191000 alive   944507 genomes   52507 energy   189.4 births 8880309 deaths 8880000 (9068.3s) NVIDIA GeForce RTX 3060
tick 1192000 alive   945170 genomes   52865 energy   189.4 births 8876699 deaths 8876036 (9075.8s) NVIDIA GeForce RTX 3060
tick 1193000 alive   945776 genomes   53399 energy   189.6 births 8859475 deaths 8858869 (9083.4s) NVIDIA GeForce RTX 3060
tick 1194000 alive   944718 genomes   53613 energy   190.0 births 8827039 deaths 8828097 (9091.0s) NVIDIA GeForce RTX 3060
tick 1195000 alive   944502 genomes   53774 energy   189.7 births 8816057 deaths 8816273 (9098.5s) NVIDIA GeForce RTX 3060
tick 1196000 alive   941246 genomes   53283 energy   189.6 births 8836040 deaths 8839296 (9106.1s) NVIDIA GeForce RTX 3060
tick 1197000 alive   940697 genomes   52566 energy   189.6 births 8783435 deaths 8783984 (9113.7s) NVIDIA GeForce RTX 3060
tick 1198000 alive   942008 genomes   52229 energy   189.5 births 8812080 deaths 8810769 (9121.3s) NVIDIA GeForce RTX 3060
tick 1199000 alive   942621 genomes   51654 energy   189.5 births 8812996 deaths 8812383 (9128.8s) NVIDIA GeForce RTX 3060
tick 1200000 alive   943742 genomes   52094 energy   189.6 births 8815138 deaths 8814017 (9136.4s) NVIDIA GeForce RTX 3060
tick 1201000 alive   943476 genomes   52586 energy   189.4 births 8838811 deaths 8839077 (9144.0s) NVIDIA GeForce RTX 3060
tick 1202000 alive   942415 genomes   52943 energy   189.4 births 8825555 deaths 8826616 (9151.5s) NVIDIA GeForce RTX 3060
tick 1203000 alive   941100 genomes   53184 energy   189.6 births 8805215 deaths 8806530 (9159.1s) NVIDIA GeForce RTX 3060
tick 1204000 alive   942161 genomes   53904 energy   189.4 births 8810653 deaths 8809592 (9166.7s) NVIDIA GeForce RTX 3060
tick 1205000 alive   940978 genomes   53605 energy   189.7 births 8805531 deaths 8806714 (9174.3s) NVIDIA GeForce RTX 3060
tick 1206000 alive   942087 genomes   53227 energy   190.0 births 8786033 deaths 8784924 (9181.9s) NVIDIA GeForce RTX 3060
tick 1207000 alive   939166 genomes   53499 energy   190.1 births 8772607 deaths 8775528 (9189.5s) NVIDIA GeForce RTX 3060
tick 1208000 alive   938487 genomes   53427 energy   190.1 births 8710638 deaths 8711317 (9197.1s) NVIDIA GeForce RTX 3060
tick 1209000 alive   940288 genomes   53576 energy   190.1 births 8701016 deaths 8699215 (9204.6s) NVIDIA GeForce RTX 3060
tick 1210000 alive   939152 genomes   53757 energy   190.1 births 8694779 deaths 8695915 (9212.2s) NVIDIA GeForce RTX 3060
tick 1211000 alive   941127 genomes   54266 energy   189.9 births 8700258 deaths 8698283 (9219.8s) NVIDIA GeForce RTX 3060
tick 1212000 alive   941028 genomes   55334 energy   189.6 births 8749838 deaths 8749937 (9227.4s) NVIDIA GeForce RTX 3060
tick 1213000 alive   941328 genomes   55440 energy   189.5 births 8802914 deaths 8802614 (9235.0s) NVIDIA GeForce RTX 3060
tick 1214000 alive   942056 genomes   55733 energy   189.6 births 8800295 deaths 8799567 (9242.6s) NVIDIA GeForce RTX 3060
tick 1215000 alive   939954 genomes   55584 energy   189.4 births 8816595 deaths 8818697 (9250.2s) NVIDIA GeForce RTX 3060
tick 1216000 alive   938788 genomes   55779 energy   189.8 births 8815377 deaths 8816543 (9257.8s) NVIDIA GeForce RTX 3060
tick 1217000 alive   938284 genomes   54880 energy   189.8 births 8789268 deaths 8789772 (9265.4s) NVIDIA GeForce RTX 3060
tick 1218000 alive   940123 genomes   54208 energy   189.8 births 8789966 deaths 8788127 (9273.0s) NVIDIA GeForce RTX 3060
tick 1219000 alive   938856 genomes   53305 energy   189.8 births 8775850 deaths 8777117 (9280.6s) NVIDIA GeForce RTX 3060
tick 1220000 alive   938806 genomes   53202 energy   189.6 births 8790406 deaths 8790456 (9288.2s) NVIDIA GeForce RTX 3060
tick 1221000 alive   939180 genomes   53129 energy   189.3 births 8806061 deaths 8805687 (9295.8s) NVIDIA GeForce RTX 3060
tick 1222000 alive   939807 genomes   52477 energy   189.4 births 8818569 deaths 8817942 (9303.4s) NVIDIA GeForce RTX 3060
tick 1223000 alive   939668 genomes   51714 energy   189.5 births 8792014 deaths 8792153 (9311.0s) NVIDIA GeForce RTX 3060
tick 1224000 alive   940597 genomes   51178 energy   189.4 births 8764182 deaths 8763253 (9318.5s) NVIDIA GeForce RTX 3060
tick 1225000 alive   940182 genomes   51316 energy   189.7 births 8753489 deaths 8753904 (9326.1s) NVIDIA GeForce RTX 3060
tick 1226000 alive   940985 genomes   51976 energy   189.5 births 8737379 deaths 8736576 (9333.7s) NVIDIA GeForce RTX 3060
tick 1227000 alive   939820 genomes   52428 energy   189.7 births 8769313 deaths 8770478 (9341.3s) NVIDIA GeForce RTX 3060
tick 1228000 alive   938707 genomes   52735 energy   189.7 births 8711441 deaths 8712554 (9348.9s) NVIDIA GeForce RTX 3060
tick 1229000 alive   939311 genomes   52707 energy   189.9 births 8698609 deaths 8698005 (9356.5s) NVIDIA GeForce RTX 3060
tick 1230000 alive   936960 genomes   53132 energy   189.8 births 8695080 deaths 8697431 (9364.1s) NVIDIA GeForce RTX 3060
tick 1231000 alive   938092 genomes   53475 energy   189.6 births 8731658 deaths 8730526 (9371.7s) NVIDIA GeForce RTX 3060
tick 1232000 alive   939505 genomes   52442 energy   189.8 births 8704297 deaths 8702884 (9379.3s) NVIDIA GeForce RTX 3060
tick 1233000 alive   938862 genomes   51950 energy   189.8 births 8698553 deaths 8699196 (9386.9s) NVIDIA GeForce RTX 3060
tick 1234000 alive   940868 genomes   52370 energy   189.7 births 8768936 deaths 8766930 (9394.4s) NVIDIA GeForce RTX 3060
tick 1235000 alive   940102 genomes   52665 energy   189.9 births 8749261 deaths 8750027 (9402.0s) NVIDIA GeForce RTX 3060
tick 1236000 alive   939473 genomes   52751 energy   190.1 births 8698219 deaths 8698848 (9409.6s) NVIDIA GeForce RTX 3060
tick 1237000 alive   940229 genomes   53093 energy   189.9 births 8724082 deaths 8723326 (9417.2s) NVIDIA GeForce RTX 3060
tick 1238000 alive   939964 genomes   52389 energy   190.2 births 8743716 deaths 8743981 (9424.7s) NVIDIA GeForce RTX 3060
tick 1239000 alive   939789 genomes   51567 energy   190.5 births 8694708 deaths 8694883 (9432.3s) NVIDIA GeForce RTX 3060
tick 1240000 alive   941204 genomes   51292 energy   190.0 births 8679545 deaths 8678130 (9439.9s) NVIDIA GeForce RTX 3060
tick 1241000 alive   941686 genomes   50651 energy   189.8 births 8744438 deaths 8743956 (9447.5s) NVIDIA GeForce RTX 3060
tick 1242000 alive   941990 genomes   50550 energy   189.2 births 8797102 deaths 8796798 (9455.0s) NVIDIA GeForce RTX 3060
tick 1243000 alive   941122 genomes   50496 energy   189.1 births 8867013 deaths 8867881 (9462.6s) NVIDIA GeForce RTX 3060
tick 1244000 alive   941336 genomes   50806 energy   188.9 births 8906425 deaths 8906211 (9470.2s) NVIDIA GeForce RTX 3060
tick 1245000 alive   942260 genomes   50473 energy   188.6 births 8939554 deaths 8938630 (9477.8s) NVIDIA GeForce RTX 3060
tick 1246000 alive   940509 genomes   49942 energy   189.0 births 8962557 deaths 8964308 (9485.3s) NVIDIA GeForce RTX 3060
tick 1247000 alive   940406 genomes   49992 energy   189.2 births 8913877 deaths 8913980 (9492.9s) NVIDIA GeForce RTX 3060
tick 1248000 alive   940298 genomes   50253 energy   189.0 births 8898730 deaths 8898838 (9500.5s) NVIDIA GeForce RTX 3060
tick 1249000 alive   939199 genomes   50404 energy   189.0 births 8871758 deaths 8872857 (9508.1s) NVIDIA GeForce RTX 3060
tick 1250000 alive   939526 genomes   50525 energy   189.1 births 8900717 deaths 8900390 (9515.7s) NVIDIA GeForce RTX 3060
tick 1251000 alive   941127 genomes   50507 energy   189.6 births 8849260 deaths 8847659 (9523.3s) NVIDIA GeForce RTX 3060
tick 1252000 alive   940231 genomes   50673 energy   189.6 births 8838402 deaths 8839298 (9530.9s) NVIDIA GeForce RTX 3060
tick 1253000 alive   940853 genomes   50762 energy   189.4 births 8842177 deaths 8841555 (9538.5s) NVIDIA GeForce RTX 3060
tick 1254000 alive   938925 genomes   51003 energy   189.6 births 8848016 deaths 8849944 (9546.1s) NVIDIA GeForce RTX 3060
tick 1255000 alive   940580 genomes   50853 energy   189.2 births 8834509 deaths 8832854 (9553.7s) NVIDIA GeForce RTX 3060
tick 1256000 alive   938308 genomes   51210 energy   189.1 births 8851347 deaths 8853619 (9561.3s) NVIDIA GeForce RTX 3060
tick 1257000 alive   938309 genomes   51392 energy   189.4 births 8799841 deaths 8799840 (9568.9s) NVIDIA GeForce RTX 3060
tick 1258000 alive   938070 genomes   51950 energy   189.6 births 8787027 deaths 8787266 (9576.6s) NVIDIA GeForce RTX 3060
tick 1259000 alive   939058 genomes   53007 energy   189.1 births 8776475 deaths 8775487 (9584.2s) NVIDIA GeForce RTX 3060
tick 1260000 alive   940065 genomes   52686 energy   189.5 births 8806528 deaths 8805521 (9591.8s) NVIDIA GeForce RTX 3060
tick 1261000 alive   938441 genomes   52959 energy   189.6 births 8798225 deaths 8799849 (9599.5s) NVIDIA GeForce RTX 3060
tick 1262000 alive   937901 genomes   52955 energy   189.5 births 8770194 deaths 8770734 (9607.1s) NVIDIA GeForce RTX 3060
tick 1263000 alive   940339 genomes   53547 energy   189.4 births 8783670 deaths 8781232 (9614.7s) NVIDIA GeForce RTX 3060
tick 1264000 alive   940367 genomes   53757 energy   189.3 births 8806818 deaths 8806790 (9622.4s) NVIDIA GeForce RTX 3060
tick 1265000 alive   938518 genomes   54324 energy   188.9 births 8865112 deaths 8866961 (9630.0s) NVIDIA GeForce RTX 3060
tick 1266000 alive   938289 genomes   53426 energy   189.1 births 8853637 deaths 8853866 (9637.7s) NVIDIA GeForce RTX 3060
tick 1267000 alive   938800 genomes   53458 energy   189.2 births 8871240 deaths 8870729 (9645.3s) NVIDIA GeForce RTX 3060
tick 1268000 alive   939867 genomes   53263 energy   189.5 births 8832429 deaths 8831362 (9653.0s) NVIDIA GeForce RTX 3060
tick 1269000 alive   940251 genomes   54068 energy   189.3 births 8839220 deaths 8838836 (9660.6s) NVIDIA GeForce RTX 3060
tick 1270000 alive   939004 genomes   53924 energy   189.2 births 8851895 deaths 8853142 (9668.3s) NVIDIA GeForce RTX 3060
tick 1271000 alive   939774 genomes   54045 energy   189.5 births 8799956 deaths 8799186 (9676.0s) NVIDIA GeForce RTX 3060
tick 1272000 alive   939504 genomes   53928 energy   189.4 births 8816618 deaths 8816888 (9683.6s) NVIDIA GeForce RTX 3060
tick 1273000 alive   938435 genomes   54145 energy   189.6 births 8842446 deaths 8843515 (9691.3s) NVIDIA GeForce RTX 3060
tick 1274000 alive   938279 genomes   53749 energy   189.4 births 8804084 deaths 8804240 (9698.9s) NVIDIA GeForce RTX 3060
tick 1275000 alive   938601 genomes   53015 energy   189.9 births 8786233 deaths 8785911 (9706.5s) NVIDIA GeForce RTX 3060
tick 1276000 alive   939552 genomes   52082 energy   189.8 births 8724748 deaths 8723797 (9714.1s) NVIDIA GeForce RTX 3060
tick 1277000 alive   940935 genomes   52106 energy   190.1 births 8732407 deaths 8731024 (9721.7s) NVIDIA GeForce RTX 3060
tick 1278000 alive   939191 genomes   52696 energy   190.3 births 8698611 deaths 8700355 (9729.3s) NVIDIA GeForce RTX 3060
tick 1279000 alive   938889 genomes   53209 energy   190.5 births 8664249 deaths 8664551 (9737.0s) NVIDIA GeForce RTX 3060
tick 1280000 alive   937570 genomes   53516 energy   190.4 births 8687943 deaths 8689262 (9744.6s) NVIDIA GeForce RTX 3060
tick 1281000 alive   936648 genomes   53001 energy   190.4 births 8663769 deaths 8664691 (9752.2s) NVIDIA GeForce RTX 3060
tick 1282000 alive   935909 genomes   52835 energy   190.4 births 8639424 deaths 8640163 (9759.8s) NVIDIA GeForce RTX 3060
tick 1283000 alive   935996 genomes   52994 energy   190.5 births 8594688 deaths 8594601 (9767.4s) NVIDIA GeForce RTX 3060
tick 1284000 alive   938437 genomes   52386 energy   190.4 births 8606869 deaths 8604428 (9775.0s) NVIDIA GeForce RTX 3060
tick 1285000 alive   940039 genomes   51873 energy   190.3 births 8640300 deaths 8638698 (9782.6s) NVIDIA GeForce RTX 3060
tick 1286000 alive   939118 genomes   51785 energy   190.0 births 8674662 deaths 8675583 (9790.2s) NVIDIA GeForce RTX 3060
tick 1287000 alive   941228 genomes   51413 energy   189.8 births 8720261 deaths 8718151 (9797.8s) NVIDIA GeForce RTX 3060
tick 1288000 alive   941693 genomes   51897 energy   189.8 births 8762471 deaths 8762006 (9805.4s) NVIDIA GeForce RTX 3060
tick 1289000 alive   941034 genomes   52436 energy   189.5 births 8804498 deaths 8805157 (9813.0s) NVIDIA GeForce RTX 3060
tick 1290000 alive   941885 genomes   52597 energy   189.8 births 8798686 deaths 8797835 (9820.6s) NVIDIA GeForce RTX 3060
tick 1291000 alive   940252 genomes   52804 energy   190.0 births 8747500 deaths 8749133 (9828.2s) NVIDIA GeForce RTX 3060
tick 1292000 alive   941100 genomes   53026 energy   190.7 births 8714294 deaths 8713446 (9835.8s) NVIDIA GeForce RTX 3060
tick 1293000 alive   939204 genomes   52873 energy   190.4 births 8674975 deaths 8676871 (9843.4s) NVIDIA GeForce RTX 3060
tick 1294000 alive   937794 genomes   52824 energy   190.5 births 8642430 deaths 8643840 (9850.9s) NVIDIA GeForce RTX 3060
tick 1295000 alive   937745 genomes   52568 energy   190.3 births 8685139 deaths 8685188 (9858.5s) NVIDIA GeForce RTX 3060
tick 1296000 alive   939723 genomes   52347 energy   190.4 births 8682744 deaths 8680766 (9866.1s) NVIDIA GeForce RTX 3060
tick 1297000 alive   939897 genomes   52803 energy   189.9 births 8705858 deaths 8705684 (9873.7s) NVIDIA GeForce RTX 3060
tick 1298000 alive   942209 genomes   52825 energy   189.7 births 8750853 deaths 8748541 (9881.3s) NVIDIA GeForce RTX 3060
tick 1299000 alive   942537 genomes   53869 energy   189.3 births 8841093 deaths 8840765 (9888.9s) NVIDIA GeForce RTX 3060
tick 1300000 alive   942738 genomes   54718 energy   189.3 births 8917398 deaths 8917197 (9896.5s) NVIDIA GeForce RTX 3060
tick 1301000 alive   943180 genomes   55029 energy   189.1 births 8933294 deaths 8932852 (9904.1s) NVIDIA GeForce RTX 3060
tick 1302000 alive   940230 genomes   56291 energy   189.2 births 8921425 deaths 8924375 (9911.7s) NVIDIA GeForce RTX 3060
tick 1303000 alive   942542 genomes   56859 energy   189.0 births 8936842 deaths 8934530 (9919.4s) NVIDIA GeForce RTX 3060
tick 1304000 alive   943697 genomes   58039 energy   189.1 births 8963529 deaths 8962374 (9927.0s) NVIDIA GeForce RTX 3060
tick 1305000 alive   942073 genomes   58848 energy   189.3 births 8966449 deaths 8968073 (9934.7s) NVIDIA GeForce RTX 3060
tick 1306000 alive   942757 genomes   59916 energy   189.4 births 8950382 deaths 8949698 (9942.3s) NVIDIA GeForce RTX 3060
tick 1307000 alive   940307 genomes   59667 energy   190.0 births 8848515 deaths 8850965 (9950.0s) NVIDIA GeForce RTX 3060
tick 1308000 alive   940831 genomes   59128 energy   190.0 births 8806497 deaths 8805973 (9957.6s) NVIDIA GeForce RTX 3060
tick 1309000 alive   942710 genomes   58712 energy   189.9 births 8830371 deaths 8828492 (9965.2s) NVIDIA GeForce RTX 3060
tick 1310000 alive   944478 genomes   58805 energy   190.1 births 8848836 deaths 8847068 (9972.8s) NVIDIA GeForce RTX 3060
tick 1311000 alive   944476 genomes   58705 energy   190.3 births 8812109 deaths 8812111 (9980.4s) NVIDIA GeForce RTX 3060
tick 1312000 alive   944911 genomes   58516 energy   190.6 births 8779909 deaths 8779474 (9988.0s) NVIDIA GeForce RTX 3060
tick 1313000 alive   941944 genomes   58324 energy   190.7 births 8729706 deaths 8732673 (9995.6s) NVIDIA GeForce RTX 3060
tick 1314000 alive   939829 genomes   57291 energy   191.0 births 8670792 deaths 8672907 (10003.2s) NVIDIA GeForce RTX 3060
tick 1315000 alive   941639 genomes   56446 energy   191.3 births 8608223 deaths 8606413 (10010.8s) NVIDIA GeForce RTX 3060
tick 1316000 alive   942020 genomes   56495 energy   190.8 births 8656491 deaths 8656110 (10018.4s) NVIDIA GeForce RTX 3060
tick 1317000 alive   943775 genomes   56154 energy   191.2 births 8656099 deaths 8654344 (10026.0s) NVIDIA GeForce RTX 3060
tick 1318000 alive   943655 genomes   56287 energy   190.9 births 8664717 deaths 8664837 (10033.6s) NVIDIA GeForce RTX 3060
tick 1319000 alive   943842 genomes   55829 energy   191.0 births 8656674 deaths 8656487 (10041.3s) NVIDIA GeForce RTX 3060
tick 1320000 alive   945500 genomes   55771 energy   191.0 births 8660403 deaths 8658745 (10048.9s) NVIDIA GeForce RTX 3060
tick 1321000 alive   945564 genomes   55697 energy   190.7 births 8672786 deaths 8672722 (10056.5s) NVIDIA GeForce RTX 3060
tick 1322000 alive   943634 genomes   55091 energy   191.3 births 8646593 deaths 8648523 (10064.1s) NVIDIA GeForce RTX 3060
tick 1323000 alive   943479 genomes   54967 energy   191.1 births 8616290 deaths 8616445 (10071.7s) NVIDIA GeForce RTX 3060
tick 1324000 alive   943267 genomes   54894 energy   190.9 births 8625271 deaths 8625483 (10079.3s) NVIDIA GeForce RTX 3060
tick 1325000 alive   941920 genomes   53623 energy   190.7 births 8635782 deaths 8637129 (10086.9s) NVIDIA GeForce RTX 3060
tick 1326000 alive   942780 genomes   53307 energy   190.7 births 8655748 deaths 8654888 (10094.6s) NVIDIA GeForce RTX 3060
tick 1327000 alive   942205 genomes   53213 energy   190.4 births 8664017 deaths 8664592 (10102.2s) NVIDIA GeForce RTX 3060
tick 1328000 alive   942828 genomes   53002 energy   190.6 births 8645463 deaths 8644840 (10109.8s) NVIDIA GeForce RTX 3060
tick 1329000 alive   943094 genomes   52383 energy   190.8 births 8629856 deaths 8629590 (10117.5s) NVIDIA GeForce RTX 3060
tick 1330000 alive   944575 genomes   52860 energy   191.1 births 8588325 deaths 8586844 (10125.1s) NVIDIA GeForce RTX 3060
tick 1331000 alive   945362 genomes   53558 energy   191.1 births 8575701 deaths 8574914 (10132.7s) NVIDIA GeForce RTX 3060
tick 1332000 alive   944933 genomes   53908 energy   191.7 births 8525417 deaths 8525846 (10140.3s) NVIDIA GeForce RTX 3060
tick 1333000 alive   944550 genomes   54378 energy   191.7 births 8490345 deaths 8490728 (10147.9s) NVIDIA GeForce RTX 3060
tick 1334000 alive   944324 genomes   53478 energy   191.8 births 8447428 deaths 8447654 (10155.5s) NVIDIA GeForce RTX 3060
tick 1335000 alive   942158 genomes   53023 energy   192.0 births 8414378 deaths 8416544 (10163.1s) NVIDIA GeForce RTX 3060
tick 1336000 alive   941032 genomes   52852 energy   192.0 births 8405110 deaths 8406236 (10170.7s) NVIDIA GeForce RTX 3060
tick 1337000 alive   942131 genomes   52593 energy   192.0 births 8366316 deaths 8365217 (10178.2s) NVIDIA GeForce RTX 3060
tick 1338000 alive   940531 genomes   52477 energy   191.7 births 8401243 deaths 8402843 (10185.8s) NVIDIA GeForce RTX 3060
tick 1339000 alive   940272 genomes   52516 energy   191.7 births 8385746 deaths 8386005 (10193.4s) NVIDIA GeForce RTX 3060
tick 1340000 alive   939741 genomes   52037 energy   191.3 births 8421355 deaths 8421886 (10201.0s) NVIDIA GeForce RTX 3060
tick 1341000 alive   941660 genomes   52107 energy   191.3 births 8455861 deaths 8453942 (10208.5s) NVIDIA GeForce RTX 3060
tick 1342000 alive   940935 genomes   51272 energy   191.4 births 8450652 deaths 8451377 (10216.1s) NVIDIA GeForce RTX 3060
tick 1343000 alive   942470 genomes   50226 energy   191.2 births 8431447 deaths 8429912 (10223.7s) NVIDIA GeForce RTX 3060
tick 1344000 alive   942147 genomes   49831 energy   191.5 births 8442851 deaths 8443174 (10231.3s) NVIDIA GeForce RTX 3060
tick 1345000 alive   944742 genomes   49110 energy   191.7 births 8445884 deaths 8443289 (10238.8s) NVIDIA GeForce RTX 3060
tick 1346000 alive   945017 genomes   50101 energy   191.4 births 8431054 deaths 8430779 (10246.4s) NVIDIA GeForce RTX 3060
tick 1347000 alive   943568 genomes   50829 energy   191.4 births 8474914 deaths 8476363 (10254.0s) NVIDIA GeForce RTX 3060
tick 1348000 alive   944615 genomes   50848 energy   191.1 births 8474116 deaths 8473069 (10261.5s) NVIDIA GeForce RTX 3060
tick 1349000 alive   942690 genomes   51650 energy   191.2 births 8530455 deaths 8532380 (10269.1s) NVIDIA GeForce RTX 3060
tick 1350000 alive   943554 genomes   52307 energy   191.2 births 8507921 deaths 8507057 (10276.6s) NVIDIA GeForce RTX 3060
tick 1351000 alive   945547 genomes   52670 energy   191.7 births 8465515 deaths 8463522 (10284.2s) NVIDIA GeForce RTX 3060
tick 1352000 alive   943600 genomes   52826 energy   191.6 births 8449426 deaths 8451373 (10291.8s) NVIDIA GeForce RTX 3060
tick 1353000 alive   943425 genomes   53093 energy   191.5 births 8423945 deaths 8424120 (10299.3s) NVIDIA GeForce RTX 3060
tick 1354000 alive   941693 genomes   52862 energy   191.6 births 8425070 deaths 8426802 (10306.9s) NVIDIA GeForce RTX 3060
tick 1355000 alive   942414 genomes   52092 energy   191.7 births 8418673 deaths 8417952 (10314.4s) NVIDIA GeForce RTX 3060
tick 1356000 alive   941954 genomes   52146 energy   192.3 births 8351831 deaths 8352291 (10322.0s) NVIDIA GeForce RTX 3060
tick 1357000 alive   943431 genomes   51681 energy   192.4 births 8285780 deaths 8284303 (10329.5s) NVIDIA GeForce RTX 3060
tick 1358000 alive   945175 genomes   51468 energy   192.3 births 8296062 deaths 8294318 (10337.0s) NVIDIA GeForce RTX 3060
tick 1359000 alive   945050 genomes   51726 energy   192.2 births 8292803 deaths 8292928 (10344.6s) NVIDIA GeForce RTX 3060
tick 1360000 alive   944263 genomes   50620 energy   192.2 births 8278226 deaths 8279013 (10352.1s) NVIDIA GeForce RTX 3060
tick 1361000 alive   944616 genomes   50078 energy   192.5 births 8258486 deaths 8258133 (10359.7s) NVIDIA GeForce RTX 3060
tick 1362000 alive   946389 genomes   50283 energy   192.2 births 8268789 deaths 8267016 (10367.2s) NVIDIA GeForce RTX 3060
tick 1363000 alive   945079 genomes   50158 energy   191.7 births 8324071 deaths 8325381 (10374.7s) NVIDIA GeForce RTX 3060
tick 1364000 alive   945582 genomes   50221 energy   191.7 births 8390378 deaths 8389875 (10382.3s) NVIDIA GeForce RTX 3060
tick 1365000 alive   944505 genomes   50343 energy   191.7 births 8394546 deaths 8395623 (10389.9s) NVIDIA GeForce RTX 3060
tick 1366000 alive   944830 genomes   50772 energy   191.5 births 8399670 deaths 8399345 (10397.4s) NVIDIA GeForce RTX 3060
tick 1367000 alive   944288 genomes   50685 energy   191.4 births 8427415 deaths 8427957 (10404.9s) NVIDIA GeForce RTX 3060
tick 1368000 alive   944326 genomes   50872 energy   191.2 births 8447357 deaths 8447319 (10412.5s) NVIDIA GeForce RTX 3060
tick 1369000 alive   943842 genomes   50719 energy   191.6 births 8463282 deaths 8463766 (10420.0s) NVIDIA GeForce RTX 3060
tick 1370000 alive   941800 genomes   50092 energy   192.0 births 8417215 deaths 8419257 (10427.5s) NVIDIA GeForce RTX 3060
tick 1371000 alive   942404 genomes   49332 energy   192.2 births 8317895 deaths 8317291 (10435.1s) NVIDIA GeForce RTX 3060
tick 1372000 alive   942887 genomes   48874 energy   192.5 births 8298404 deaths 8297921 (10442.6s) NVIDIA GeForce RTX 3060
tick 1373000 alive   943172 genomes   48487 energy   192.5 births 8290983 deaths 8290698 (10450.1s) NVIDIA GeForce RTX 3060
tick 1374000 alive   941984 genomes   48759 energy   192.6 births 8251479 deaths 8252667 (10457.6s) NVIDIA GeForce RTX 3060
tick 1375000 alive   942909 genomes   49695 energy   192.2 births 8289278 deaths 8288353 (10465.2s) NVIDIA GeForce RTX 3060
tick 1376000 alive   942900 genomes   49509 energy   192.0 births 8290612 deaths 8290621 (10472.7s) NVIDIA GeForce RTX 3060
tick 1377000 alive   942255 genomes   49290 energy   192.2 births 8306491 deaths 8307136 (10480.2s) NVIDIA GeForce RTX 3060
tick 1378000 alive   942269 genomes   48969 energy   191.6 births 8359054 deaths 8359040 (10487.7s) NVIDIA GeForce RTX 3060
tick 1379000 alive   943158 genomes   48525 energy   191.6 births 8408227 deaths 8407338 (10495.3s) NVIDIA GeForce RTX 3060
tick 1380000 alive   943493 genomes   48182 energy   191.5 births 8404684 deaths 8404349 (10502.8s) NVIDIA GeForce RTX 3060
tick 1381000 alive   946080 genomes   47424 energy   191.8 births 8413811 deaths 8411224 (10510.4s) NVIDIA GeForce RTX 3060
tick 1382000 alive   946230 genomes   47768 energy   191.6 births 8438377 deaths 8438227 (10517.9s) NVIDIA GeForce RTX 3060
tick 1383000 alive   944446 genomes   47564 energy   191.6 births 8415769 deaths 8417553 (10525.4s) NVIDIA GeForce RTX 3060
tick 1384000 alive   945799 genomes   47474 energy   191.4 births 8417980 deaths 8416627 (10533.0s) NVIDIA GeForce RTX 3060
tick 1385000 alive   946303 genomes   47473 energy   191.0 births 8468065 deaths 8467561 (10540.5s) NVIDIA GeForce RTX 3060
tick 1386000 alive   946203 genomes   48510 energy   190.6 births 8570653 deaths 8570753 (10548.1s) NVIDIA GeForce RTX 3060
tick 1387000 alive   945510 genomes   48111 energy   190.8 births 8608539 deaths 8609232 (10555.6s) NVIDIA GeForce RTX 3060
tick 1388000 alive   944587 genomes   48152 energy   190.7 births 8577202 deaths 8578125 (10563.2s) NVIDIA GeForce RTX 3060
tick 1389000 alive   946433 genomes   47560 energy   190.8 births 8579918 deaths 8578072 (10570.7s) NVIDIA GeForce RTX 3060
tick 1390000 alive   946375 genomes   47202 energy   191.2 births 8535382 deaths 8535440 (10578.3s) NVIDIA GeForce RTX 3060
tick 1391000 alive   947827 genomes   46968 energy   191.3 births 8490587 deaths 8489135 (10585.8s) NVIDIA GeForce RTX 3060
tick 1392000 alive   947331 genomes   47299 energy   191.8 births 8472053 deaths 8472549 (10593.4s) NVIDIA GeForce RTX 3060
tick 1393000 alive   947461 genomes   47316 energy   191.8 births 8433645 deaths 8433515 (10600.9s) NVIDIA GeForce RTX 3060
tick 1394000 alive   947614 genomes   46817 energy   191.9 births 8419998 deaths 8419845 (10608.4s) NVIDIA GeForce RTX 3060
tick 1395000 alive   948340 genomes   46744 energy   192.1 births 8375685 deaths 8374959 (10615.9s) NVIDIA GeForce RTX 3060
tick 1396000 alive   946803 genomes   47011 energy   192.1 births 8371715 deaths 8373252 (10623.4s) NVIDIA GeForce RTX 3060
tick 1397000 alive   947149 genomes   46995 energy   192.1 births 8351926 deaths 8351580 (10630.9s) NVIDIA GeForce RTX 3060
tick 1398000 alive   946453 genomes   46850 energy   192.2 births 8339759 deaths 8340455 (10638.4s) NVIDIA GeForce RTX 3060
tick 1399000 alive   946629 genomes   47298 energy   192.4 births 8320985 deaths 8320809 (10645.9s) NVIDIA GeForce RTX 3060
tick 1400000 alive   947466 genomes   46887 energy   192.2 births 8320908 deaths 8320071 (10653.4s) NVIDIA GeForce RTX 3060
tick 1401000 alive   946278 genomes   47264 energy   192.2 births 8334016 deaths 8335204 (10660.9s) NVIDIA GeForce RTX 3060
tick 1402000 alive   946575 genomes   46592 energy   192.3 births 8309021 deaths 8308724 (10668.4s) NVIDIA GeForce RTX 3060
tick 1403000 alive   944724 genomes   46448 energy   192.1 births 8301090 deaths 8302941 (10676.0s) NVIDIA GeForce RTX 3060
tick 1404000 alive   946045 genomes   45681 energy   191.8 births 8304211 deaths 8302890 (10683.5s) NVIDIA GeForce RTX 3060
tick 1405000 alive   946505 genomes   46438 energy   191.3 births 8428091 deaths 8427631 (10691.0s) NVIDIA GeForce RTX 3060
tick 1406000 alive   944846 genomes   47081 energy   190.9 births 8489246 deaths 8490905 (10698.5s) NVIDIA GeForce RTX 3060
tick 1407000 alive   944717 genomes   47893 energy   190.5 births 8517667 deaths 8517796 (10706.1s) NVIDIA GeForce RTX 3060
tick 1408000 alive   946032 genomes   49168 energy   190.4 births 8576847 deaths 8575532 (10713.6s) NVIDIA GeForce RTX 3060
tick 1409000 alive   942726 genomes   50661 energy   190.2 births 8622936 deaths 8626242 (10721.2s) NVIDIA GeForce RTX 3060
tick 1410000 alive   940734 genomes   51773 energy   189.7 births 8678941 deaths 8680933 (10728.8s) NVIDIA GeForce RTX 3060
tick 1411000 alive   942166 genomes   52251 energy   189.6 births 8722940 deaths 8721508 (10736.3s) NVIDIA GeForce RTX 3060
tick 1412000 alive   939850 genomes   52565 energy   189.6 births 8713584 deaths 8715900 (10743.9s) NVIDIA GeForce RTX 3060
tick 1413000 alive   941006 genomes   52618 energy   189.4 births 8716588 deaths 8715432 (10751.5s) NVIDIA GeForce RTX 3060
tick 1414000 alive   938450 genomes   52626 energy   189.2 births 8743022 deaths 8745578 (10759.1s) NVIDIA GeForce RTX 3060
tick 1415000 alive   938797 genomes   52420 energy   189.1 births 8759026 deaths 8758679 (10766.8s) NVIDIA GeForce RTX 3060
tick 1416000 alive   939053 genomes   53133 energy   189.1 births 8760634 deaths 8760378 (10774.4s) NVIDIA GeForce RTX 3060
tick 1417000 alive   939218 genomes   52913 energy   189.5 births 8739585 deaths 8739420 (10782.0s) NVIDIA GeForce RTX 3060
tick 1418000 alive   941202 genomes   52717 energy   189.6 births 8713513 deaths 8711529 (10789.6s) NVIDIA GeForce RTX 3060
tick 1419000 alive   941416 genomes   53066 energy   189.8 births 8733002 deaths 8732788 (10797.1s) NVIDIA GeForce RTX 3060
tick 1420000 alive   940807 genomes   52600 energy   189.9 births 8700254 deaths 8700863 (10804.7s) NVIDIA GeForce RTX 3060
tick 1421000 alive   939202 genomes   52130 energy   190.0 births 8664648 deaths 8666253 (10812.3s) NVIDIA GeForce RTX 3060
tick 1422000 alive   938703 genomes   51445 energy   189.7 births 8664416 deaths 8664915 (10819.9s) NVIDIA GeForce RTX 3060
tick 1423000 alive   938568 genomes   51574 energy   189.5 births 8692045 deaths 8692180 (10827.5s) NVIDIA GeForce RTX 3060
tick 1424000 alive   940234 genomes   51110 energy   189.2 births 8729543 deaths 8727877 (10835.1s) NVIDIA GeForce RTX 3060
tick 1425000 alive   940128 genomes   51116 energy   189.2 births 8784982 deaths 8785088 (10842.8s) NVIDIA GeForce RTX 3060
tick 1426000 alive   939418 genomes   50737 energy   188.8 births 8822418 deaths 8823128 (10850.4s) NVIDIA GeForce RTX 3060
tick 1427000 alive   940749 genomes   51088 energy   189.1 births 8839124 deaths 8837793 (10858.0s) NVIDIA GeForce RTX 3060
tick 1428000 alive   942728 genomes   51046 energy   189.1 births 8806099 deaths 8804120 (10865.6s) NVIDIA GeForce RTX 3060
tick 1429000 alive   939785 genomes   51346 energy   189.2 births 8800310 deaths 8803253 (10873.1s) NVIDIA GeForce RTX 3060
tick 1430000 alive   941250 genomes   51422 energy   189.7 births 8773168 deaths 8771703 (10880.7s) NVIDIA GeForce RTX 3060
tick 1431000 alive   940097 genomes   51754 energy   189.8 births 8722958 deaths 8724111 (10888.3s) NVIDIA GeForce RTX 3060
tick 1432000 alive   939531 genomes   51933 energy   189.4 births 8715069 deaths 8715635 (10895.9s) NVIDIA GeForce RTX 3060
tick 1433000 alive   937349 genomes   52003 energy   189.5 births 8743698 deaths 8745880 (10903.5s) NVIDIA GeForce RTX 3060
tick 1434000 alive   938290 genomes   50923 energy   189.8 births 8698490 deaths 8697549 (10911.1s) NVIDIA GeForce RTX 3060
tick 1435000 alive   940727 genomes   49931 energy   190.2 births 8634091 deaths 8631654 (10918.7s) NVIDIA GeForce RTX 3060
tick 1436000 alive   940712 genomes   49621 energy   190.2 births 8621037 deaths 8621052 (10926.2s) NVIDIA GeForce RTX 3060
tick 1437000 alive   938295 genomes   50129 energy   190.0 births 8617037 deaths 8619454 (10933.8s) NVIDIA GeForce RTX 3060
tick 1438000 alive   938834 genomes   50109 energy   190.1 births 8621680 deaths 8621141 (10941.3s) NVIDIA GeForce RTX 3060
tick 1439000 alive   940505 genomes   50851 energy   190.0 births 8665648 deaths 8663977 (10948.9s) NVIDIA GeForce RTX 3060
tick 1440000 alive   940800 genomes   50269 energy   190.5 births 8624524 deaths 8624229 (10956.4s) NVIDIA GeForce RTX 3060
tick 1441000 alive   940147 genomes   50343 energy   190.0 births 8587675 deaths 8588328 (10963.9s) NVIDIA GeForce RTX 3060
tick 1442000 alive   940266 genomes   50040 energy   190.1 births 8602794 deaths 8602675 (10971.5s) NVIDIA GeForce RTX 3060
tick 1443000 alive   940336 genomes   50580 energy   189.7 births 8644633 deaths 8644563 (10979.0s) NVIDIA GeForce RTX 3060
tick 1444000 alive   941134 genomes   50618 energy   189.6 births 8697826 deaths 8697028 (10986.6s) NVIDIA GeForce RTX 3060
tick 1445000 alive   943197 genomes   51033 energy   189.6 births 8746441 deaths 8744378 (10994.2s) NVIDIA GeForce RTX 3060
tick 1446000 alive   941618 genomes   51039 energy   190.0 births 8733930 deaths 8735509 (11001.8s) NVIDIA GeForce RTX 3060
tick 1447000 alive   942214 genomes   50627 energy   190.0 births 8659643 deaths 8659047 (11009.3s) NVIDIA GeForce RTX 3060
tick 1448000 alive   940903 genomes   51128 energy   189.9 births 8698456 deaths 8699767 (11016.9s) NVIDIA GeForce RTX 3060
tick 1449000 alive   941041 genomes   51187 energy   190.1 births 8700608 deaths 8700470 (11024.4s) NVIDIA GeForce RTX 3060
tick 1450000 alive   941181 genomes   51996 energy   189.9 births 8714707 deaths 8714567 (11032.0s) NVIDIA GeForce RTX 3060
tick 1451000 alive   940634 genomes   53026 energy   190.2 births 8691708 deaths 8692255 (11039.6s) NVIDIA GeForce RTX 3060
tick 1452000 alive   941130 genomes   53492 energy   190.1 births 8668015 deaths 8667519 (11047.2s) NVIDIA GeForce RTX 3060
tick 1453000 alive   941131 genomes   54160 energy   190.5 births 8660626 deaths 8660625 (11054.7s) NVIDIA GeForce RTX 3060
tick 1454000 alive   940573 genomes   54781 energy   190.6 births 8618880 deaths 8619438 (11062.3s) NVIDIA GeForce RTX 3060
tick 1455000 alive   940732 genomes   54505 energy   190.7 births 8580137 deaths 8579978 (11069.9s) NVIDIA GeForce RTX 3060
tick 1456000 alive   939457 genomes   54067 energy   190.8 births 8564563 deaths 8565838 (11077.4s) NVIDIA GeForce RTX 3060
tick 1457000 alive   940499 genomes   53379 energy   191.0 births 8533324 deaths 8532282 (11085.0s) NVIDIA GeForce RTX 3060
tick 1458000 alive   939151 genomes   52941 energy   191.0 births 8487782 deaths 8489130 (11092.6s) NVIDIA GeForce RTX 3060
tick 1459000 alive   940235 genomes   52843 energy   190.9 births 8513799 deaths 8512715 (11100.1s) NVIDIA GeForce RTX 3060
tick 1460000 alive   938965 genomes   52284 energy   191.2 births 8477098 deaths 8478368 (11107.7s) NVIDIA GeForce RTX 3060
tick 1461000 alive   940067 genomes   52250 energy   190.8 births 8478768 deaths 8477666 (11115.2s) NVIDIA GeForce RTX 3060
tick 1462000 alive   941225 genomes   52690 energy   190.4 births 8543078 deaths 8541920 (11122.8s) NVIDIA GeForce RTX 3060
tick 1463000 alive   941874 genomes   52434 energy   190.2 births 8604991 deaths 8604342 (11130.4s) NVIDIA GeForce RTX 3060
tick 1464000 alive   940657 genomes   52559 energy   190.4 births 8598667 deaths 8599884 (11138.0s) NVIDIA GeForce RTX 3060
tick 1465000 alive   939277 genomes   51873 energy   190.3 births 8571733 deaths 8573113 (11145.6s) NVIDIA GeForce RTX 3060
tick 1466000 alive   938671 genomes   51595 energy   190.5 births 8548590 deaths 8549196 (11153.1s) NVIDIA GeForce RTX 3060
tick 1467000 alive   940184 genomes   51192 energy   190.7 births 8541085 deaths 8539572 (11160.7s) NVIDIA GeForce RTX 3060
tick 1468000 alive   942664 genomes   50557 energy   190.8 births 8497166 deaths 8494686 (11168.3s) NVIDIA GeForce RTX 3060
tick 1469000 alive   944279 genomes   50295 energy   190.8 births 8528075 deaths 8526460 (11175.8s) NVIDIA GeForce RTX 3060
tick 1470000 alive   943580 genomes   50927 energy   190.5 births 8566868 deaths 8567567 (11183.4s) NVIDIA GeForce RTX 3060
tick 1471000 alive   942903 genomes   51480 energy   190.5 births 8580856 deaths 8581533 (11190.9s) NVIDIA GeForce RTX 3060
tick 1472000 alive   942768 genomes   52651 energy   190.6 births 8609190 deaths 8609325 (11198.5s) NVIDIA GeForce RTX 3060
tick 1473000 alive   942198 genomes   51952 energy   190.6 births 8573892 deaths 8574462 (11206.0s) NVIDIA GeForce RTX 3060
tick 1474000 alive   942240 genomes   52032 energy   190.8 births 8552740 deaths 8552698 (11213.6s) NVIDIA GeForce RTX 3060
tick 1475000 alive   942637 genomes   51463 energy   190.3 births 8574973 deaths 8574576 (11221.1s) NVIDIA GeForce RTX 3060
tick 1476000 alive   943298 genomes   51252 energy   189.9 births 8691431 deaths 8690770 (11228.7s) NVIDIA GeForce RTX 3060
tick 1477000 alive   942439 genomes   51179 energy   189.3 births 8764737 deaths 8765596 (11236.2s) NVIDIA GeForce RTX 3060
tick 1478000 alive   940864 genomes   51500 energy   189.2 births 8808468 deaths 8810043 (11243.8s) NVIDIA GeForce RTX 3060
tick 1479000 alive   941043 genomes   51072 energy   189.2 births 8792416 deaths 8792237 (11251.4s) NVIDIA GeForce RTX 3060
tick 1480000 alive   940416 genomes   50647 energy   189.5 births 8767218 deaths 8767845 (11259.0s) NVIDIA GeForce RTX 3060
tick 1481000 alive   940591 genomes   50587 energy   189.6 births 8776027 deaths 8775852 (11266.5s) NVIDIA GeForce RTX 3060
tick 1482000 alive   940588 genomes   50785 energy   189.9 births 8742679 deaths 8742682 (11274.1s) NVIDIA GeForce RTX 3060
tick 1483000 alive   940869 genomes   50067 energy   190.3 births 8639639 deaths 8639358 (11281.6s) NVIDIA GeForce RTX 3060
tick 1484000 alive   938987 genomes   49342 energy   190.4 births 8594845 deaths 8596727 (11289.2s) NVIDIA GeForce RTX 3060
tick 1485000 alive   940405 genomes   48730 energy   190.1 births 8606619 deaths 8605201 (11296.7s) NVIDIA GeForce RTX 3060
tick 1486000 alive   940668 genomes   48375 energy   190.3 births 8629160 deaths 8628897 (11304.3s) NVIDIA GeForce RTX 3060
tick 1487000 alive   941793 genomes   48228 energy   189.8 births 8649784 deaths 8648659 (11311.9s) NVIDIA GeForce RTX 3060
tick 1488000 alive   938871 genomes   48726 energy   189.7 births 8684194 deaths 8687116 (11319.4s) NVIDIA GeForce RTX 3060
tick 1489000 alive   938792 genomes   48763 energy   189.7 births 8663109 deaths 8663188 (11327.0s) NVIDIA GeForce RTX 3060
tick 1490000 alive   937758 genomes   48478 energy   189.8 births 8653255 deaths 8654289 (11334.5s) NVIDIA GeForce RTX 3060
tick 1491000 alive   941476 genomes   48899 energy   189.9 births 8648533 deaths 8644815 (11342.1s) NVIDIA GeForce RTX 3060
tick 1492000 alive   941372 genomes   48645 energy   189.8 births 8660391 deaths 8660495 (11349.6s) NVIDIA GeForce RTX 3060
tick 1493000 alive   940458 genomes   49298 energy   189.7 births 8694530 deaths 8695444 (11357.2s) NVIDIA GeForce RTX 3060
tick 1494000 alive   941004 genomes   48939 energy   189.8 births 8645863 deaths 8645317 (11364.8s) NVIDIA GeForce RTX 3060
tick 1495000 alive   940944 genomes   49525 energy   189.9 births 8671290 deaths 8671350 (11372.3s) NVIDIA GeForce RTX 3060
tick 1496000 alive   940724 genomes   49736 energy   189.5 births 8688450 deaths 8688670 (11379.9s) NVIDIA GeForce RTX 3060
tick 1497000 alive   942829 genomes   49383 energy   189.7 births 8725034 deaths 8722929 (11387.5s) NVIDIA GeForce RTX 3060
tick 1498000 alive   943190 genomes   49311 energy   190.0 births 8700758 deaths 8700397 (11395.0s) NVIDIA GeForce RTX 3060
tick 1499000 alive   944209 genomes   49795 energy   190.2 births 8674857 deaths 8673838 (11402.6s) NVIDIA GeForce RTX 3060
tick 1500000 alive   943636 genomes   49818 energy   190.3 births 8688231 deaths 8688804 (11410.1s) NVIDIA GeForce RTX 3060
tick 1501000 alive   943410 genomes   50410 energy   190.6 births 8676958 deaths 8677184 (11417.7s) NVIDIA GeForce RTX 3060
tick 1502000 alive   942460 genomes   50646 energy   190.6 births 8604549 deaths 8605499 (11425.2s) NVIDIA GeForce RTX 3060
tick 1503000 alive   942392 genomes   50715 energy   190.6 births 8583399 deaths 8583467 (11432.8s) NVIDIA GeForce RTX 3060
tick 1504000 alive   941204 genomes   50495 energy   191.0 births 8545346 deaths 8546534 (11440.3s) NVIDIA GeForce RTX 3060
tick 1505000 alive   942049 genomes   50181 energy   191.0 births 8542315 deaths 8541470 (11447.9s) NVIDIA GeForce RTX 3060
tick 1506000 alive   942377 genomes   50011 energy   190.8 births 8538252 deaths 8537924 (11455.4s) NVIDIA GeForce RTX 3060
tick 1507000 alive   943309 genomes   49991 energy   190.6 births 8554222 deaths 8553290 (11463.0s) NVIDIA GeForce RTX 3060
tick 1508000 alive   943069 genomes   49700 energy   190.8 births 8556698 deaths 8556938 (11470.6s) NVIDIA GeForce RTX 3060
tick 1509000 alive   944397 genomes   49683 energy   190.7 births 8504458 deaths 8503130 (11478.2s) NVIDIA GeForce RTX 3060
tick 1510000 alive   943141 genomes   49597 energy   190.7 births 8546718 deaths 8547974 (11485.8s) NVIDIA GeForce RTX 3060
tick 1511000 alive   944481 genomes   49973 energy   190.7 births 8566828 deaths 8565488 (11493.4s) NVIDIA GeForce RTX 3060
tick 1512000 alive   941918 genomes   49936 energy   190.3 births 8585249 deaths 8587812 (11500.9s) NVIDIA GeForce RTX 3060
tick 1513000 alive   942528 genomes   49151 energy   190.4 births 8596154 deaths 8595544 (11508.5s) NVIDIA GeForce RTX 3060
tick 1514000 alive   944317 genomes   48989 energy   190.7 births 8579686 deaths 8577897 (11516.1s) NVIDIA GeForce RTX 3060
tick 1515000 alive   943240 genomes   49511 energy   190.7 births 8539598 deaths 8540675 (11523.7s) NVIDIA GeForce RTX 3060
tick 1516000 alive   942744 genomes   49502 energy   190.6 births 8540740 deaths 8541236 (11531.3s) NVIDIA GeForce RTX 3060
tick 1517000 alive   941108 genomes   49869 energy   190.4 births 8537728 deaths 8539364 (11538.9s) NVIDIA GeForce RTX 3060
tick 1518000 alive   941557 genomes   49642 energy   190.6 births 8532990 deaths 8532541 (11546.5s) NVIDIA GeForce RTX 3060
tick 1519000 alive   941699 genomes   50021 energy   190.7 births 8511097 deaths 8510955 (11554.1s) NVIDIA GeForce RTX 3060
tick 1520000 alive   941519 genomes   50249 energy   190.7 births 8525495 deaths 8525675 (11561.7s) NVIDIA GeForce RTX 3060
tick 1521000 alive   941599 genomes   50230 energy   190.4 births 8515023 deaths 8514943 (11569.3s) NVIDIA GeForce RTX 3060
tick 1522000 alive   941364 genomes   50491 energy   190.3 births 8562577 deaths 8562812 (11576.9s) NVIDIA GeForce RTX 3060
tick 1523000 alive   940447 genomes   50339 energy   190.1 births 8591914 deaths 8592831 (11584.5s) NVIDIA GeForce RTX 3060
tick 1524000 alive   940805 genomes   50820 energy   189.9 births 8637012 deaths 8636654 (11592.1s) NVIDIA GeForce RTX 3060
tick 1525000 alive   941893 genomes   51017 energy   190.0 births 8672784 deaths 8671696 (11599.7s) NVIDIA GeForce RTX 3060
tick 1526000 alive   940767 genomes   50957 energy   190.3 births 8639867 deaths 8640993 (11607.3s) NVIDIA GeForce RTX 3060
tick 1527000 alive   940752 genomes   50855 energy   190.3 births 8600551 deaths 8600566 (11614.9s) NVIDIA GeForce RTX 3060
tick 1528000 alive   941785 genomes   51386 energy   189.9 births 8644446 deaths 8643413 (11622.5s) NVIDIA GeForce RTX 3060
tick 1529000 alive   940602 genomes   51711 energy   189.5 births 8705317 deaths 8706500 (11630.1s) NVIDIA GeForce RTX 3060
tick 1530000 alive   938262 genomes   51160 energy   189.6 births 8694726 deaths 8697066 (11637.7s) NVIDIA GeForce RTX 3060
tick 1531000 alive   939730 genomes   50927 energy   189.1 births 8730353 deaths 8728885 (11645.3s) NVIDIA GeForce RTX 3060
tick 1532000 alive   938662 genomes   50680 energy   189.2 births 8781597 deaths 8782665 (11652.9s) NVIDIA GeForce RTX 3060
tick 1533000 alive   937706 genomes   50101 energy   189.4 births 8763297 deaths 8764253 (11660.5s) NVIDIA GeForce RTX 3060
tick 1534000 alive   939940 genomes   50150 energy   188.9 births 8795602 deaths 8793368 (11668.1s) NVIDIA GeForce RTX 3060
tick 1535000 alive   939148 genomes   50877 energy   188.6 births 8856736 deaths 8857528 (11675.7s) NVIDIA GeForce RTX 3060
tick 1536000 alive   939071 genomes   51372 energy   189.0 births 8828430 deaths 8828507 (11683.3s) NVIDIA GeForce RTX 3060
tick 1537000 alive   938585 genomes   51382 energy   189.1 births 8812524 deaths 8813010 (11690.9s) NVIDIA GeForce RTX 3060
tick 1538000 alive   936665 genomes   51140 energy   189.1 births 8796586 deaths 8798506 (11698.6s) NVIDIA GeForce RTX 3060
tick 1539000 alive   938738 genomes   50737 energy   189.3 births 8758345 deaths 8756272 (11706.2s) NVIDIA GeForce RTX 3060
tick 1540000 alive   937833 genomes   51024 energy   189.2 births 8757920 deaths 8758825 (11713.8s) NVIDIA GeForce RTX 3060
tick 1541000 alive   937559 genomes   50799 energy   189.3 births 8735921 deaths 8736195 (11721.4s) NVIDIA GeForce RTX 3060
tick 1542000 alive   938926 genomes   51217 energy   189.2 births 8740573 deaths 8739206 (11729.0s) NVIDIA GeForce RTX 3060
tick 1543000 alive   937292 genomes   51374 energy   188.5 births 8805561 deaths 8807195 (11736.6s) NVIDIA GeForce RTX 3060
tick 1544000 alive   937812 genomes   51855 energy   188.4 births 8843344 deaths 8842824 (11744.3s) NVIDIA GeForce RTX 3060
tick 1545000 alive   936755 genomes   51908 energy   188.3 births 8882343 deaths 8883400 (11751.9s) NVIDIA GeForce RTX 3060
tick 1546000 alive   938491 genomes   52321 energy   188.5 births 8855976 deaths 8854240 (11759.6s) NVIDIA GeForce RTX 3060
tick 1547000 alive   939659 genomes   52254 energy   188.6 births 8830444 deaths 8829276 (11767.2s) NVIDIA GeForce RTX 3060
tick 1548000 alive   940652 genomes   51480 energy   189.2 births 8820355 deaths 8819362 (11774.9s) NVIDIA GeForce RTX 3060
tick 1549000 alive   941221 genomes   51438 energy   189.5 births 8765573 deaths 8765004 (11782.6s) NVIDIA GeForce RTX 3060
tick 1550000 alive   941152 genomes   51339 energy   189.6 births 8708895 deaths 8708964 (11790.2s) NVIDIA GeForce RTX 3060
tick 1551000 alive   940076 genomes   51125 energy   189.7 births 8719736 deaths 8720812 (11797.9s) NVIDIA GeForce RTX 3060
tick 1552000 alive   940940 genomes   50812 energy   190.1 births 8664081 deaths 8663217 (11805.5s) NVIDIA GeForce RTX 3060
tick 1553000 alive   938739 genomes   50851 energy   190.0 births 8629755 deaths 8631956 (11813.2s) NVIDIA GeForce RTX 3060
tick 1554000 alive   939676 genomes   50733 energy   189.8 births 8628883 deaths 8627946 (11820.9s) NVIDIA GeForce RTX 3060
tick 1555000 alive   941016 genomes   50620 energy   189.7 births 8662100 deaths 8660760 (11828.6s) NVIDIA GeForce RTX 3060
tick 1556000 alive   940461 genomes   51372 energy   189.6 births 8679221 deaths 8679776 (11836.2s) NVIDIA GeForce RTX 3060
tick 1557000 alive   938841 genomes   51524 energy   189.5 births 8677215 deaths 8678835 (11843.9s) NVIDIA GeForce RTX 3060
tick 1558000 alive   941114 genomes   51857 energy   189.4 births 8701197 deaths 8698924 (11851.6s) NVIDIA GeForce RTX 3060
tick 1559000 alive   941361 genomes   52260 energy   189.3 births 8741596 deaths 8741349 (11859.3s) NVIDIA GeForce RTX 3060
tick 1560000 alive   940929 genomes   53014 energy   189.1 births 8766245 deaths 8766677 (11867.0s) NVIDIA GeForce RTX 3060
tick 1561000 alive   939581 genomes   53747 energy   189.2 births 8769076 deaths 8770424 (11874.7s) NVIDIA GeForce RTX 3060
tick 1562000 alive   936667 genomes   53449 energy   189.2 births 8760173 deaths 8763087 (11882.5s) NVIDIA GeForce RTX 3060
tick 1563000 alive   937696 genomes   53419 energy   189.0 births 8773321 deaths 8772292 (11890.2s) NVIDIA GeForce RTX 3060
tick 1564000 alive   937235 genomes   52879 energy   188.8 births 8785274 deaths 8785735 (11897.9s) NVIDIA GeForce RTX 3060
tick 1565000 alive   939102 genomes   52444 energy   188.5 births 8812932 deaths 8811065 (11905.6s) NVIDIA GeForce RTX 3060
tick 1566000 alive   939607 genomes   52953 energy   188.4 births 8858697 deaths 8858192 (11913.3s) NVIDIA GeForce RTX 3060
tick 1567000 alive   939223 genomes   53127 energy   188.4 births 8832317 deaths 8832701 (11921.0s) NVIDIA GeForce RTX 3060
tick 1568000 alive   938161 genomes   53727 energy   188.6 births 8853115 deaths 8854177 (11928.8s) NVIDIA GeForce RTX 3060
tick 1569000 alive   937742 genomes   53743 energy   188.8 births 8845629 deaths 8846048 (11936.5s) NVIDIA GeForce RTX 3060
tick 1570000 alive   937429 genomes   54258 energy   188.7 births 8810832 deaths 8811145 (11944.2s) NVIDIA GeForce RTX 3060
tick 1571000 alive   937426 genomes   54292 energy   188.8 births 8807168 deaths 8807171 (11951.9s) NVIDIA GeForce RTX 3060
tick 1572000 alive   936705 genomes   54123 energy   188.8 births 8773431 deaths 8774152 (11959.6s) NVIDIA GeForce RTX 3060
tick 1573000 alive   936517 genomes   53919 energy   189.0 births 8790255 deaths 8790443 (11967.3s) NVIDIA GeForce RTX 3060
tick 1574000 alive   935108 genomes   53556 energy   188.7 births 8770902 deaths 8772311 (11975.1s) NVIDIA GeForce RTX 3060
tick 1575000 alive   935030 genomes   52670 energy   188.5 births 8808131 deaths 8808209 (11982.8s) NVIDIA GeForce RTX 3060
tick 1576000 alive   937438 genomes   51628 energy   188.7 births 8804086 deaths 8801678 (11990.5s) NVIDIA GeForce RTX 3060
tick 1577000 alive   938779 genomes   50207 energy   188.7 births 8782479 deaths 8781138 (11998.2s) NVIDIA GeForce RTX 3060
tick 1578000 alive   938487 genomes   50427 energy   188.8 births 8808086 deaths 8808378 (12005.9s) NVIDIA GeForce RTX 3060
tick 1579000 alive   938446 genomes   50098 energy   189.0 births 8787354 deaths 8787395 (12013.6s) NVIDIA GeForce RTX 3060
tick 1580000 alive   936983 genomes   50366 energy   188.9 births 8768181 deaths 8769644 (12021.3s) NVIDIA GeForce RTX 3060
tick 1581000 alive   936910 genomes   49356 energy   189.1 births 8748605 deaths 8748678 (12029.1s) NVIDIA GeForce RTX 3060
tick 1582000 alive   937401 genomes   49281 energy   189.4 births 8708874 deaths 8708383 (12036.8s) NVIDIA GeForce RTX 3060
tick 1583000 alive   936783 genomes   48801 energy   189.5 births 8651810 deaths 8652428 (12044.4s) NVIDIA GeForce RTX 3060
tick 1584000 alive   938089 genomes   48338 energy   189.5 births 8677844 deaths 8676538 (12052.1s) NVIDIA GeForce RTX 3060
tick 1585000 alive   935151 genomes   47529 energy   189.4 births 8654056 deaths 8656994 (12059.8s) NVIDIA GeForce RTX 3060
tick 1586000 alive   937550 genomes   46934 energy   189.2 births 8684770 deaths 8682371 (12067.5s) NVIDIA GeForce RTX 3060
tick 1587000 alive   937167 genomes   46726 energy   189.1 births 8706560 deaths 8706943 (12075.2s) NVIDIA GeForce RTX 3060
tick 1588000 alive   936008 genomes   46560 energy   189.0 births 8690746 deaths 8691905 (12082.9s) NVIDIA GeForce RTX 3060
tick 1589000 alive   936549 genomes   46763 energy   188.7 births 8733376 deaths 8732835 (12090.6s) NVIDIA GeForce RTX 3060
tick 1590000 alive   937310 genomes   46959 energy   188.6 births 8780475 deaths 8779714 (12098.3s) NVIDIA GeForce RTX 3060
tick 1591000 alive   937622 genomes   46764 energy   188.5 births 8811702 deaths 8811390 (12106.0s) NVIDIA GeForce RTX 3060
tick 1592000 alive   937762 genomes   46821 energy   188.8 births 8772670 deaths 8772530 (12113.7s) NVIDIA GeForce RTX 3060
tick 1593000 alive   938270 genomes   46973 energy   188.7 births 8769068 deaths 8768560 (12121.4s) NVIDIA GeForce RTX 3060
tick 1594000 alive   940014 genomes   47117 energy   188.8 births 8789701 deaths 8787957 (12129.2s) NVIDIA GeForce RTX 3060
tick 1595000 alive   940895 genomes   47569 energy   188.5 births 8838587 deaths 8837706 (12136.9s) NVIDIA GeForce RTX 3060
tick 1596000 alive   939921 genomes   48412 energy   188.3 births 8878529 deaths 8879503 (12144.6s) NVIDIA GeForce RTX 3060
tick 1597000 alive   938907 genomes   48607 energy   188.2 births 8882171 deaths 8883185 (12152.3s) NVIDIA GeForce RTX 3060
tick 1598000 alive   939141 genomes   48766 energy   188.3 births 8895724 deaths 8895490 (12160.0s) NVIDIA GeForce RTX 3060
tick 1599000 alive   940359 genomes   48888 energy   188.4 births 8880246 deaths 8879028 (12167.7s) NVIDIA GeForce RTX 3060
tick 1600000 alive   939404 genomes   49462 energy   188.4 births 8865898 deaths 8866853 (12175.5s) NVIDIA GeForce RTX 3060
tick 1601000 alive   940588 genomes   49445 energy   188.5 births 8891499 deaths 8890315 (12183.2s) NVIDIA GeForce RTX 3060
tick 1602000 alive   937973 genomes   49380 energy   188.7 births 8861528 deaths 8864143 (12190.9s) NVIDIA GeForce RTX 3060
tick 1603000 alive   937864 genomes   48402 energy   189.4 births 8752993 deaths 8753102 (12198.7s) NVIDIA GeForce RTX 3060
tick 1604000 alive   940497 genomes   47794 energy   189.2 births 8733042 deaths 8730409 (12206.4s) NVIDIA GeForce RTX 3060
tick 1605000 alive   940960 genomes   48005 energy   189.2 births 8740962 deaths 8740499 (12214.1s) NVIDIA GeForce RTX 3060
tick 1606000 alive   939899 genomes   47946 energy   189.1 births 8749553 deaths 8750614 (12221.8s) NVIDIA GeForce RTX 3060
tick 1607000 alive   940380 genomes   48065 energy   189.5 births 8726210 deaths 8725729 (12229.6s) NVIDIA GeForce RTX 3060
tick 1608000 alive   941580 genomes   48903 energy   189.2 births 8738299 deaths 8737099 (12237.3s) NVIDIA GeForce RTX 3060
tick 1609000 alive   941427 genomes   49270 energy   189.8 births 8715976 deaths 8716129 (12245.0s) NVIDIA GeForce RTX 3060
tick 1610000 alive   941259 genomes   48808 energy   190.2 births 8651542 deaths 8651710 (12252.7s) NVIDIA GeForce RTX 3060
tick 1611000 alive   940948 genomes   48762 energy   190.1 births 8585944 deaths 8586255 (12260.4s) NVIDIA GeForce RTX 3060
tick 1612000 alive   942498 genomes   48271 energy   190.2 births 8598858 deaths 8597308 (12268.1s) NVIDIA GeForce RTX 3060
tick 1613000 alive   942674 genomes   47955 energy   190.6 births 8561588 deaths 8561412 (12275.8s) NVIDIA GeForce RTX 3060
tick 1614000 alive   942626 genomes   48802 energy   190.7 births 8525202 deaths 8525250 (12283.5s) NVIDIA GeForce RTX 3060
tick 1615000 alive   942333 genomes   49657 energy   190.9 births 8485537 deaths 8485830 (12291.2s) NVIDIA GeForce RTX 3060
tick 1616000 alive   943161 genomes   49976 energy   190.9 births 8500184 deaths 8499356 (12298.9s) NVIDIA GeForce RTX 3060
tick 1617000 alive   943157 genomes   49921 energy   191.1 births 8503765 deaths 8503769 (12306.6s) NVIDIA GeForce RTX 3060
tick 1618000 alive   942880 genomes   50028 energy   190.7 births 8516155 deaths 8516432 (12314.3s) NVIDIA GeForce RTX 3060
tick 1619000 alive   943097 genomes   50445 energy   190.5 births 8553804 deaths 8553587 (12322.0s) NVIDIA GeForce RTX 3060
tick 1620000 alive   942481 genomes   49818 energy   190.8 births 8557312 deaths 8557928 (12329.7s) NVIDIA GeForce RTX 3060
tick 1621000 alive   941826 genomes   49484 energy   190.8 births 8517731 deaths 8518386 (12337.4s) NVIDIA GeForce RTX 3060
tick 1622000 alive   941157 genomes   48934 energy   191.0 births 8500804 deaths 8501473 (12345.1s) NVIDIA GeForce RTX 3060
tick 1623000 alive   940715 genomes   48546 energy   191.1 births 8469854 deaths 8470296 (12352.8s) NVIDIA GeForce RTX 3060
tick 1624000 alive   942815 genomes   48265 energy   190.9 births 8456000 deaths 8453900 (12360.4s) NVIDIA GeForce RTX 3060
tick 1625000 alive   941945 genomes   48402 energy   190.7 births 8509227 deaths 8510097 (12368.2s) NVIDIA GeForce RTX 3060
tick 1626000 alive   941764 genomes   48258 energy   190.5 births 8543212 deaths 8543393 (12375.9s) NVIDIA GeForce RTX 3060
tick 1627000 alive   943140 genomes   48481 energy   190.4 births 8545571 deaths 8544195 (12383.6s) NVIDIA GeForce RTX 3060
tick 1628000 alive   944132 genomes   48384 energy   190.2 births 8573548 deaths 8572556 (12391.3s) NVIDIA GeForce RTX 3060
tick 1629000 alive   942425 genomes   47955 energy   190.5 births 8549197 deaths 8550904 (12399.0s) NVIDIA GeForce RTX 3060
tick 1630000 alive   941137 genomes   47784 energy   190.3 births 8538495 deaths 8539783 (12406.7s) NVIDIA GeForce RTX 3060
tick 1631000 alive   940858 genomes   47139 energy   190.3 births 8553503 deaths 8553782 (12414.4s) NVIDIA GeForce RTX 3060
tick 1632000 alive   941652 genomes   47565 energy   189.9 births 8570608 deaths 8569814 (12422.1s) NVIDIA GeForce RTX 3060
tick 1633000 alive   942120 genomes   47700 energy   189.8 births 8626290 deaths 8625822 (12429.9s) NVIDIA GeForce RTX 3060
tick 1634000 alive   942799 genomes   47904 energy   190.1 births 8638886 deaths 8638207 (12437.6s) NVIDIA GeForce RTX 3060
tick 1635000 alive   943565 genomes   48318 energy   190.1 births 8642037 deaths 8641271 (12445.3s) NVIDIA GeForce RTX 3060
tick 1636000 alive   943869 genomes   48350 energy   189.8 births 8647391 deaths 8647087 (12453.1s) NVIDIA GeForce RTX 3060
tick 1637000 alive   944299 genomes   48673 energy   189.8 births 8682620 deaths 8682190 (12460.8s) NVIDIA GeForce RTX 3060
tick 1638000 alive   943025 genomes   48921 energy   190.0 births 8662809 deaths 8664083 (12468.5s) NVIDIA GeForce RTX 3060
tick 1639000 alive   941807 genomes   49274 energy   189.6 births 8654000 deaths 8655218 (12476.2s) NVIDIA GeForce RTX 3060
tick 1640000 alive   942660 genomes   49594 energy   189.7 births 8687967 deaths 8687114 (12484.0s) NVIDIA GeForce RTX 3060
tick 1641000 alive   942526 genomes   49731 energy   189.5 births 8715071 deaths 8715205 (12491.7s) NVIDIA GeForce RTX 3060
tick 1642000 alive   944097 genomes   49989 energy   189.6 births 8706028 deaths 8704457 (12499.4s) NVIDIA GeForce RTX 3060
tick 1643000 alive   943371 genomes   50200 energy   189.5 births 8721774 deaths 8722500 (12507.2s) NVIDIA GeForce RTX 3060
tick 1644000 alive   942079 genomes   50852 energy   189.1 births 8776800 deaths 8778092 (12514.9s) NVIDIA GeForce RTX 3060
tick 1645000 alive   941859 genomes   50823 energy   189.1 births 8794742 deaths 8794962 (12522.7s) NVIDIA GeForce RTX 3060
tick 1646000 alive   942777 genomes   50695 energy   189.1 births 8805449 deaths 8804531 (12530.4s) NVIDIA GeForce RTX 3060
tick 1647000 alive   942654 genomes   50407 energy   189.3 births 8778613 deaths 8778736 (12538.2s) NVIDIA GeForce RTX 3060
tick 1648000 alive   940487 genomes   50581 energy   189.3 births 8771653 deaths 8773820 (12545.9s) NVIDIA GeForce RTX 3060
tick 1649000 alive   941160 genomes   50983 energy   189.5 births 8740592 deaths 8739919 (12553.6s) NVIDIA GeForce RTX 3060
tick 1650000 alive   940391 genomes   50763 energy   189.8 births 8724278 deaths 8725047 (12561.4s) NVIDIA GeForce RTX 3060
tick 1651000 alive   941618 genomes   50913 energy   189.6 births 8710894 deaths 8709667 (12569.1s) NVIDIA GeForce RTX 3060
tick 1652000 alive   940937 genomes   50675 energy   189.9 births 8676082 deaths 8676763 (12576.9s) NVIDIA GeForce RTX 3060
tick 1653000 alive   940596 genomes   50144 energy   190.0 births 8667237 deaths 8667578 (12584.6s) NVIDIA GeForce RTX 3060
tick 1654000 alive   941979 genomes   49562 energy   189.9 births 8645814 deaths 8644431 (12592.3s) NVIDIA GeForce RTX 3060
tick 1655000 alive   942081 genomes   49344 energy   189.7 births 8664170 deaths 8664068 (12600.1s) NVIDIA GeForce RTX 3060
tick 1656000 alive   942367 genomes   49374 energy   189.4 births 8697985 deaths 8697699 (12607.8s) NVIDIA GeForce RTX 3060
tick 1657000 alive   941791 genomes   49601 energy   189.7 births 8726112 deaths 8726688 (12615.5s) NVIDIA GeForce RTX 3060
tick 1658000 alive   940052 genomes   49135 energy   189.7 births 8684763 deaths 8686502 (12623.3s) NVIDIA GeForce RTX 3060
tick 1659000 alive   940638 genomes   49134 energy   190.0 births 8676709 deaths 8676123 (12631.0s) NVIDIA GeForce RTX 3060
tick 1660000 alive   938897 genomes   49066 energy   190.0 births 8661484 deaths 8663225 (12638.7s) NVIDIA GeForce RTX 3060
tick 1661000 alive   941142 genomes   48850 energy   190.1 births 8629903 deaths 8627658 (12646.4s) NVIDIA GeForce RTX 3060
tick 1662000 alive   940372 genomes   48776 energy   190.6 births 8597186 deaths 8597956 (12654.2s) NVIDIA GeForce RTX 3060
tick 1663000 alive   939330 genomes   48530 energy   190.9 births 8504743 deaths 8505785 (12661.9s) NVIDIA GeForce RTX 3060
tick 1664000 alive   939985 genomes   48252 energy   190.9 births 8454870 deaths 8454215 (12669.6s) NVIDIA GeForce RTX 3060
tick 1665000 alive   940833 genomes   47468 energy   191.1 births 8445300 deaths 8444452 (12677.3s) NVIDIA GeForce RTX 3060
tick 1666000 alive   942772 genomes   46712 energy   191.2 births 8456891 deaths 8454952 (12685.0s) NVIDIA GeForce RTX 3060
tick 1667000 alive   944486 genomes   46630 energy   191.1 births 8448075 deaths 8446361 (12692.7s) NVIDIA GeForce RTX 3060
tick 1668000 alive   943848 genomes   46928 energy   190.7 births 8496040 deaths 8496678 (12700.4s) NVIDIA GeForce RTX 3060
tick 1669000 alive   942021 genomes   47393 energy   190.5 births 8509533 deaths 8511360 (12708.1s) NVIDIA GeForce RTX 3060
tick 1670000 alive   942021 genomes   46989 energy   190.7 births 8496656 deaths 8496656 (12715.8s) NVIDIA GeForce RTX 3060
tick 1671000 alive   941233 genomes   46570 energy   190.5 births 8493410 deaths 8494198 (12723.5s) NVIDIA GeForce RTX 3060
tick 1672000 alive   943354 genomes   46700 energy   190.3 births 8525758 deaths 8523637 (12731.2s) NVIDIA GeForce RTX 3060
tick 1673000 alive   941679 genomes   46783 energy   190.5 births 8538766 deaths 8540441 (12738.9s) NVIDIA GeForce RTX 3060
tick 1674000 alive   942793 genomes   46829 energy   190.6 births 8500528 deaths 8499414 (12746.6s) NVIDIA GeForce RTX 3060
tick 1675000 alive   944510 genomes   46681 energy   190.1 births 8545580 deaths 8543863 (12754.3s) NVIDIA GeForce RTX 3060
tick 1676000 alive   944526 genomes   46776 energy   190.1 births 8584387 deaths 8584371 (12762.0s) NVIDIA GeForce RTX 3060
tick 1677000 alive   944514 genomes   47102 energy   190.1 births 8571944 deaths 8571956 (12769.8s) NVIDIA GeForce RTX 3060
tick 1678000 alive   945548 genomes   47053 energy   190.0 births 8570429 deaths 8569395 (12777.5s) NVIDIA GeForce RTX 3060
tick 1679000 alive   946660 genomes   47006 energy   190.2 births 8593024 deaths 8591912 (12785.2s) NVIDIA GeForce RTX 3060
tick 1680000 alive   945348 genomes   47674 energy   190.0 births 8642255 deaths 8643567 (12792.9s) NVIDIA GeForce RTX 3060
tick 1681000 alive   944800 genomes   47674 energy   189.9 births 8624476 deaths 8625024 (12800.7s) NVIDIA GeForce RTX 3060
tick 1682000 alive   944934 genomes   47629 energy   190.4 births 8651397 deaths 8651263 (12808.4s) NVIDIA GeForce RTX 3060
tick 1683000 alive   945174 genomes   47915 energy   189.7 births 8634219 deaths 8633979 (12816.1s) NVIDIA GeForce RTX 3060
tick 1684000 alive   943620 genomes   48409 energy   190.1 births 8648825 deaths 8650379 (12823.8s) NVIDIA GeForce RTX 3060
tick 1685000 alive   944238 genomes   48309 energy   190.2 births 8664598 deaths 8663980 (12831.5s) NVIDIA GeForce RTX 3060
tick 1686000 alive   943030 genomes   48491 energy   190.4 births 8619717 deaths 8620925 (12839.3s) NVIDIA GeForce RTX 3060
tick 1687000 alive   944190 genomes   47900 energy   190.3 births 8617586 deaths 8616426 (12847.0s) NVIDIA GeForce RTX 3060
tick 1688000 alive   943529 genomes   48296 energy   190.1 births 8640393 deaths 8641054 (12854.7s) NVIDIA GeForce RTX 3060
tick 1689000 alive   942911 genomes   47954 energy   190.2 births 8659471 deaths 8660089 (12862.4s) NVIDIA GeForce RTX 3060
tick 1690000 alive   941974 genomes   48056 energy   189.9 births 8630713 deaths 8631650 (12870.1s) NVIDIA GeForce RTX 3060
tick 1691000 alive   942518 genomes   47601 energy   190.2 births 8623165 deaths 8622621 (12877.8s) NVIDIA GeForce RTX 3060
tick 1692000 alive   941363 genomes   47037 energy   190.5 births 8585441 deaths 8586596 (12885.6s) NVIDIA GeForce RTX 3060
tick 1693000 alive   942020 genomes   46758 energy   190.7 births 8547378 deaths 8546721 (12893.3s) NVIDIA GeForce RTX 3060
tick 1694000 alive   943751 genomes   46437 energy   190.8 births 8498686 deaths 8496955 (12901.0s) NVIDIA GeForce RTX 3060
tick 1695000 alive   945845 genomes   46434 energy   190.6 births 8527579 deaths 8525485 (12908.7s) NVIDIA GeForce RTX 3060
tick 1696000 alive   945493 genomes   46871 energy   190.7 births 8521480 deaths 8521832 (12916.4s) NVIDIA GeForce RTX 3060
tick 1697000 alive   944292 genomes   47571 energy   190.2 births 8595459 deaths 8596660 (12924.1s) NVIDIA GeForce RTX 3060
tick 1698000 alive   945009 genomes   47488 energy   189.6 births 8661377 deaths 8660660 (12931.8s) NVIDIA GeForce RTX 3060
tick 1699000 alive   944512 genomes   47967 energy   189.7 births 8696168 deaths 8696665 (12939.5s) NVIDIA GeForce RTX 3060
tick 1700000 alive   944745 genomes   48303 energy   189.4 births 8741200 deaths 8740967 (12947.2s) NVIDIA GeForce RTX 3060
tick 1701000 alive   945871 genomes   48444 energy   189.5 births 8751722 deaths 8750596 (12954.9s) NVIDIA GeForce RTX 3060
tick 1702000 alive   945422 genomes   49086 energy   189.2 births 8794017 deaths 8794466 (12962.6s) NVIDIA GeForce RTX 3060
tick 1703000 alive   944610 genomes   49520 energy   189.3 births 8822500 deaths 8823312 (12970.3s) NVIDIA GeForce RTX 3060
tick 1704000 alive   946875 genomes   49149 energy   189.3 births 8811005 deaths 8808740 (12978.0s) NVIDIA GeForce RTX 3060
tick 1705000 alive   946954 genomes   49147 energy   189.9 births 8804019 deaths 8803940 (12985.7s) NVIDIA GeForce RTX 3060
tick 1706000 alive   945760 genomes   49667 energy   189.8 births 8774403 deaths 8775597 (12993.4s) NVIDIA GeForce RTX 3060
tick 1707000 alive   944223 genomes   50506 energy   189.9 births 8746966 deaths 8748503 (13001.1s) NVIDIA GeForce RTX 3060
tick 1708000 alive   942845 genomes   50722 energy   190.4 births 8707426 deaths 8708804 (13008.9s) NVIDIA GeForce RTX 3060
tick 1709000 alive   941471 genomes   51050 energy   190.0 births 8658796 deaths 8660170 (13016.6s) NVIDIA GeForce RTX 3060
tick 1710000 alive   941372 genomes   51152 energy   190.2 births 8676645 deaths 8676744 (13024.3s) NVIDIA GeForce RTX 3060
tick 1711000 alive   942988 genomes   51212 energy   190.5 births 8644024 deaths 8642408 (13032.0s) NVIDIA GeForce RTX 3060
tick 1712000 alive   942361 genomes   50503 energy   190.4 births 8615737 deaths 8616364 (13039.7s) NVIDIA GeForce RTX 3060
tick 1713000 alive   940566 genomes   50386 energy   190.4 births 8604791 deaths 8606586 (13047.4s) NVIDIA GeForce RTX 3060
tick 1714000 alive   941138 genomes   50099 energy   190.2 births 8610021 deaths 8609449 (13055.1s) NVIDIA GeForce RTX 3060
tick 1715000 alive   941848 genomes   49562 energy   190.3 births 8631131 deaths 8630421 (13062.8s) NVIDIA GeForce RTX 3060
tick 1716000 alive   940623 genomes   49294 energy   189.9 births 8617552 deaths 8618777 (13070.5s) NVIDIA GeForce RTX 3060
tick 1717000 alive   942382 genomes   49257 energy   190.0 births 8645939 deaths 8644180 (13078.2s) NVIDIA GeForce RTX 3060
tick 1718000 alive   943271 genomes   49203 energy   190.0 births 8690545 deaths 8689656 (13085.9s) NVIDIA GeForce RTX 3060
tick 1719000 alive   944683 genomes   49595 energy   189.9 births 8722264 deaths 8720852 (13093.6s) NVIDIA GeForce RTX 3060
tick 1720000 alive   944906 genomes   49223 energy   189.7 births 8767884 deaths 8767661 (13101.3s) NVIDIA GeForce RTX 3060
tick 1721000 alive   944717 genomes   49786 energy   189.8 births 8766318 deaths 8766507 (13109.0s) NVIDIA GeForce RTX 3060
tick 1722000 alive   943193 genomes   49639 energy   189.8 births 8739389 deaths 8740913 (13116.6s) NVIDIA GeForce RTX 3060
tick 1723000 alive   944288 genomes   49620 energy   190.0 births 8726305 deaths 8725210 (13124.3s) NVIDIA GeForce RTX 3060
tick 1724000 alive   944777 genomes   49415 energy   189.9 births 8719391 deaths 8718902 (13131.9s) NVIDIA GeForce RTX 3060
tick 1725000 alive   941774 genomes   49367 energy   189.9 births 8705605 deaths 8708608 (13139.6s) NVIDIA GeForce RTX 3060
tick 1726000 alive   942470 genomes   48933 energy   190.0 births 8700184 deaths 8699488 (13147.2s) NVIDIA GeForce RTX 3060
tick 1727000 alive   944059 genomes   48702 energy   189.9 births 8738738 deaths 8737149 (13154.8s) NVIDIA GeForce RTX 3060
tick 1728000 alive   943793 genomes   49033 energy   190.0 births 8726260 deaths 8726526 (13162.4s) NVIDIA GeForce RTX 3060
tick 1729000 alive   943214 genomes   48901 energy   190.1 births 8718377 deaths 8718956 (13170.1s) NVIDIA GeForce RTX 3060
tick 1730000 alive   943063 genomes   48866 energy   190.1 births 8713228 deaths 8713379 (13177.7s) NVIDIA GeForce RTX 3060
tick 1731000 alive   943865 genomes   48705 energy   190.2 births 8670311 deaths 8669509 (13185.4s) NVIDIA GeForce RTX 3060
tick 1732000 alive   942499 genomes   47970 energy   189.9 births 8716302 deaths 8717668 (13193.0s) NVIDIA GeForce RTX 3060
tick 1733000 alive   942078 genomes   48127 energy   189.8 births 8694584 deaths 8695005 (13200.7s) NVIDIA GeForce RTX 3060
tick 1734000 alive   940718 genomes   47856 energy   189.7 births 8703118 deaths 8704478 (13208.3s) NVIDIA GeForce RTX 3060
tick 1735000 alive   941447 genomes   46862 energy   189.8 births 8730482 deaths 8729753 (13216.0s) NVIDIA GeForce RTX 3060
tick 1736000 alive   942533 genomes   46440 energy   190.0 births 8711389 deaths 8710303 (13223.6s) NVIDIA GeForce RTX 3060
tick 1737000 alive   943760 genomes   45861 energy   189.9 births 8668224 deaths 8666997 (13231.2s) NVIDIA GeForce RTX 3060
tick 1738000 alive   942561 genomes   45981 energy   189.7 births 8673826 deaths 8675025 (13238.8s) NVIDIA GeForce RTX 3060
tick 1739000 alive   944289 genomes   45511 energy   189.9 births 8671624 deaths 8669896 (13246.5s) NVIDIA GeForce RTX 3060
tick 1740000 alive   944946 genomes   45548 energy   189.9 births 8689895 deaths 8689238 (13254.1s) NVIDIA GeForce RTX 3060
tick 1741000 alive   944418 genomes   45711 energy   190.0 births 8662127 deaths 8662655 (13261.7s) NVIDIA GeForce RTX 3060
tick 1742000 alive   943447 genomes   45360 energy   189.9 births 8681866 deaths 8682837 (13269.3s) NVIDIA GeForce RTX 3060
tick 1743000 alive   943795 genomes   45634 energy   189.6 births 8715147 deaths 8714799 (13276.9s) NVIDIA GeForce RTX 3060
tick 1744000 alive   943255 genomes   46245 energy   189.5 births 8737768 deaths 8738308 (13284.5s) NVIDIA GeForce RTX 3060
tick 1745000 alive   943475 genomes   46583 energy   189.0 births 8762206 deaths 8761986 (13292.1s) NVIDIA GeForce RTX 3060
tick 1746000 alive   942453 genomes   47144 energy   188.9 births 8833877 deaths 8834899 (13299.7s) NVIDIA GeForce RTX 3060
tick 1747000 alive   942314 genomes   47541 energy   188.4 births 8907005 deaths 8907144 (13307.4s) NVIDIA GeForce RTX 3060
tick 1748000 alive   944867 genomes   48434 energy   188.6 births 8949451 deaths 8946898 (13315.0s) NVIDIA GeForce RTX 3060
tick 1749000 alive   944153 genomes   48322 energy   188.7 births 8958407 deaths 8959121 (13322.7s) NVIDIA GeForce RTX 3060
tick 1750000 alive   945434 genomes   48639 energy   188.9 births 8903585 deaths 8902304 (13330.3s) NVIDIA GeForce RTX 3060
tick 1751000 alive   946325 genomes   48930 energy   189.5 births 8884406 deaths 8883515 (13338.0s) NVIDIA GeForce RTX 3060
tick 1752000 alive   947544 genomes   49109 energy   189.6 births 8845918 deaths 8844699 (13345.6s) NVIDIA GeForce RTX 3060
tick 1753000 alive   945931 genomes   49422 energy   189.9 births 8800768 deaths 8802381 (13353.2s) NVIDIA GeForce RTX 3060
tick 1754000 alive   945874 genomes   50088 energy   189.8 births 8797809 deaths 8797866 (13360.9s) NVIDIA GeForce RTX 3060
tick 1755000 alive   943615 genomes   50114 energy   190.0 births 8751897 deaths 8754156 (13368.5s) NVIDIA GeForce RTX 3060
tick 1756000 alive   942502 genomes   49759 energy   190.2 births 8723347 deaths 8724460 (13376.1s) NVIDIA GeForce RTX 3060
tick 1757000 alive   943529 genomes   49307 energy   189.8 births 8750706 deaths 8749679 (13383.8s) NVIDIA GeForce RTX 3060
tick 1758000 alive   944586 genomes   48538 energy   189.7 births 8760530 deaths 8759473 (13391.5s) NVIDIA GeForce RTX 3060
tick 1759000 alive   942663 genomes   48291 energy   189.1 births 8776916 deaths 8778839 (13399.1s) NVIDIA GeForce RTX 3060
tick 1760000 alive   944632 genomes   48538 energy   189.4 births 8801105 deaths 8799136 (13406.8s) NVIDIA GeForce RTX 3060
tick 1761000 alive   944832 genomes   47969 energy   189.4 births 8747232 deaths 8747032 (13414.4s) NVIDIA GeForce RTX 3060
tick 1762000 alive   946300 genomes   47411 energy   189.2 births 8798844 deaths 8797376 (13422.1s) NVIDIA GeForce RTX 3060
tick 1763000 alive   946162 genomes   47422 energy   189.5 births 8801736 deaths 8801874 (13429.7s) NVIDIA GeForce RTX 3060
tick 1764000 alive   944819 genomes   48100 energy   189.5 births 8793268 deaths 8794611 (13437.3s) NVIDIA GeForce RTX 3060
tick 1765000 alive   945599 genomes   48111 energy   189.7 births 8772924 deaths 8772144 (13445.0s) NVIDIA GeForce RTX 3060
tick 1766000 alive   944468 genomes   48724 energy   189.5 births 8775865 deaths 8776996 (13452.6s) NVIDIA GeForce RTX 3060
tick 1767000 alive   943930 genomes   48701 energy   189.6 births 8754093 deaths 8754631 (13460.3s) NVIDIA GeForce RTX 3060
tick 1768000 alive   942891 genomes   47803 energy   189.8 births 8758736 deaths 8759775 (13467.9s) NVIDIA GeForce RTX 3060
tick 1769000 alive   941549 genomes   47961 energy   189.7 births 8764806 deaths 8766148 (13475.5s) NVIDIA GeForce RTX 3060
tick 1770000 alive   943908 genomes   47687 energy   189.4 births 8764330 deaths 8761971 (13483.2s) NVIDIA GeForce RTX 3060
tick 1771000 alive   944953 genomes   47638 energy   189.7 births 8764082 deaths 8763037 (13490.8s) NVIDIA GeForce RTX 3060
tick 1772000 alive   944378 genomes   47786 energy   189.5 births 8752371 deaths 8752946 (13498.5s) NVIDIA GeForce RTX 3060
tick 1773000 alive   943695 genomes   47980 energy   189.4 births 8742343 deaths 8743026 (13506.1s) NVIDIA GeForce RTX 3060
tick 1774000 alive   944566 genomes   47689 energy   189.6 births 8733981 deaths 8733110 (13513.8s) NVIDIA GeForce RTX 3060
tick 1775000 alive   945670 genomes   47730 energy   189.5 births 8759191 deaths 8758087 (13521.4s) NVIDIA GeForce RTX 3060
tick 1776000 alive   945505 genomes   47649 energy   189.3 births 8787557 deaths 8787722 (13529.1s) NVIDIA GeForce RTX 3060
tick 1777000 alive   945594 genomes   48175 energy   188.8 births 8838171 deaths 8838082 (13536.7s) NVIDIA GeForce RTX 3060
tick 1778000 alive   946791 genomes   47827 energy   189.1 births 8857304 deaths 8856107 (13544.4s) NVIDIA GeForce RTX 3060
tick 1779000 alive   945783 genomes   48050 energy   188.7 births 8889660 deaths 8890668 (13552.1s) NVIDIA GeForce RTX 3060
tick 1780000 alive   943495 genomes   48076 energy   188.6 births 8933575 deaths 8935863 (13559.8s) NVIDIA GeForce RTX 3060
tick 1781000 alive   943102 genomes   48174 energy   188.9 births 8921727 deaths 8922120 (13567.5s) NVIDIA GeForce RTX 3060
tick 1782000 alive   941347 genomes   48170 energy   188.7 births 8914721 deaths 8916476 (13575.2s) NVIDIA GeForce RTX 3060
tick 1783000 alive   940743 genomes   48228 energy   188.9 births 8874126 deaths 8874730 (13582.9s) NVIDIA GeForce RTX 3060
tick 1784000 alive   942877 genomes   47954 energy   188.7 births 8897087 deaths 8894953 (13590.6s) NVIDIA GeForce RTX 3060
tick 1785000 alive   942139 genomes   48157 energy   188.7 births 8913345 deaths 8914083 (13598.3s) NVIDIA GeForce RTX 3060
tick 1786000 alive   941597 genomes   48130 energy   188.3 births 8937704 deaths 8938246 (13606.0s) NVIDIA GeForce RTX 3060
tick 1787000 alive   941552 genomes   48159 energy   188.0 births 8994267 deaths 8994312 (13613.7s) NVIDIA GeForce RTX 3060
tick 1788000 alive   940606 genomes   48228 energy   188.2 births 8992961 deaths 8993907 (13621.4s) NVIDIA GeForce RTX 3060
tick 1789000 alive   939364 genomes   48511 energy   187.5 births 9021855 deaths 9023097 (13629.1s) NVIDIA GeForce RTX 3060
tick 1790000 alive   939449 genomes   47851 energy   187.8 births 9052351 deaths 9052266 (13636.9s) NVIDIA GeForce RTX 3060
tick 1791000 alive   940593 genomes   47578 energy   188.0 births 8985549 deaths 8984405 (13644.6s) NVIDIA GeForce RTX 3060
tick 1792000 alive   942550 genomes   48090 energy   188.0 births 8978986 deaths 8977029 (13652.3s) NVIDIA GeForce RTX 3060
tick 1793000 alive   942681 genomes   47504 energy   188.3 births 8950299 deaths 8950168 (13659.9s) NVIDIA GeForce RTX 3060
tick 1794000 alive   942986 genomes   47086 energy   188.4 births 8946430 deaths 8946125 (13667.6s) NVIDIA GeForce RTX 3060
tick 1795000 alive   943602 genomes   46627 energy   188.8 births 8925198 deaths 8924582 (13675.4s) NVIDIA GeForce RTX 3060
tick 1796000 alive   943412 genomes   46944 energy   188.8 births 8916954 deaths 8917144 (13683.0s) NVIDIA GeForce RTX 3060
tick 1797000 alive   941708 genomes   46104 energy   189.2 births 8862936 deaths 8864640 (13690.7s) NVIDIA GeForce RTX 3060
tick 1798000 alive   943114 genomes   45936 energy   189.4 births 8820079 deaths 8818673 (13698.4s) NVIDIA GeForce RTX 3060
tick 1799000 alive   942420 genomes   45527 energy   189.2 births 8804491 deaths 8805185 (13706.0s) NVIDIA GeForce RTX 3060
tick 1800000 alive   943445 genomes   45490 energy   189.3 births 8795382 deaths 8794357 (13713.7s) NVIDIA GeForce RTX 3060
tick 1801000 alive   943917 genomes   45433 energy   189.1 births 8805431 deaths 8804959 (13721.4s) NVIDIA GeForce RTX 3060
tick 1802000 alive   945238 genomes   45282 energy   189.4 births 8794970 deaths 8793649 (13729.0s) NVIDIA GeForce RTX 3060
tick 1803000 alive   946237 genomes   45503 energy   189.1 births 8809433 deaths 8808434 (13736.7s) NVIDIA GeForce RTX 3060
tick 1804000 alive   945670 genomes   45500 energy   189.0 births 8826531 deaths 8827098 (13744.4s) NVIDIA GeForce RTX 3060
tick 1805000 alive   945326 genomes   45215 energy   189.0 births 8862137 deaths 8862481 (13752.0s) NVIDIA GeForce RTX 3060
tick 1806000 alive   943677 genomes   45023 energy   188.9 births 8865454 deaths 8867103 (13759.7s) NVIDIA GeForce RTX 3060
tick 1807000 alive   943338 genomes   44996 energy   188.6 births 8878346 deaths 8878685 (13767.4s) NVIDIA GeForce RTX 3060
tick 1808000 alive   943402 genomes   44566 energy   188.6 births 8891123 deaths 8891059 (13775.0s) NVIDIA GeForce RTX 3060
tick 1809000 alive   942638 genomes   44586 energy   188.5 births 8924582 deaths 8925346 (13782.7s) NVIDIA GeForce RTX 3060
tick 1810000 alive   943917 genomes   44167 energy   188.3 births 8915322 deaths 8914043 (13790.4s) NVIDIA GeForce RTX 3060
tick 1811000 alive   943738 genomes   44220 energy   188.7 births 8915144 deaths 8915323 (13798.1s) NVIDIA GeForce RTX 3060
tick 1812000 alive   943168 genomes   43851 energy   189.0 births 8859521 deaths 8860091 (13805.7s) NVIDIA GeForce RTX 3060
tick 1813000 alive   943953 genomes   44224 energy   188.4 births 8865564 deaths 8864779 (13813.4s) NVIDIA GeForce RTX 3060
tick 1814000 alive   943596 genomes   44067 energy   188.8 births 8888255 deaths 8888612 (13821.1s) NVIDIA GeForce RTX 3060
tick 1815000 alive   943609 genomes   43643 energy   189.4 births 8805038 deaths 8805025 (13828.8s) NVIDIA GeForce RTX 3060
tick 1816000 alive   945154 genomes   43667 energy   189.7 births 8758059 deaths 8756514 (13836.4s) NVIDIA GeForce RTX 3060
tick 1817000 alive   942930 genomes   43569 energy   189.7 births 8709083 deaths 8711307 (13844.1s) NVIDIA GeForce RTX 3060
tick 1818000 alive   942719 genomes   43354 energy   189.2 births 8737165 deaths 8737376 (13851.8s) NVIDIA GeForce RTX 3060
tick 1819000 alive   944738 genomes   43514 energy   189.1 births 8806610 deaths 8804591 (13859.5s) NVIDIA GeForce RTX 3060
tick 1820000 alive   944682 genomes   43601 energy   188.8 births 8816359 deaths 8816415 (13867.2s) NVIDIA GeForce RTX 3060
tick 1821000 alive   946674 genomes   43918 energy   189.2 births 8803673 deaths 8801681 (13874.8s) NVIDIA GeForce RTX 3060
tick 1822000 alive   945178 genomes   43999 energy   189.1 births 8792642 deaths 8794138 (13882.5s) NVIDIA GeForce RTX 3060
tick 1823000 alive   944118 genomes   43802 energy   188.8 births 8812855 deaths 8813915 (13890.2s) NVIDIA GeForce RTX 3060
tick 1824000 alive   945657 genomes   44022 energy   189.0 births 8846095 deaths 8844556 (13897.9s) NVIDIA GeForce RTX 3060
tick 1825000 alive   945042 genomes   43347 energy   188.8 births 8818002 deaths 8818617 (13905.6s) NVIDIA GeForce RTX 3060
tick 1826000 alive   945960 genomes   42671 energy   188.9 births 8847165 deaths 8846247 (13913.2s) NVIDIA GeForce RTX 3060
tick 1827000 alive   946058 genomes   43231 energy   188.8 births 8875906 deaths 8875808 (13920.9s) NVIDIA GeForce RTX 3060
tick 1828000 alive   944792 genomes   42957 energy   188.7 births 8862175 deaths 8863441 (13928.6s) NVIDIA GeForce RTX 3060
tick 1829000 alive   943578 genomes   42394 energy   188.8 births 8871837 deaths 8873051 (13936.2s) NVIDIA GeForce RTX 3060
tick 1830000 alive   945109 genomes   41953 energy   188.7 births 8859714 deaths 8858183 (13943.9s) NVIDIA GeForce RTX 3060
tick 1831000 alive   946268 genomes   42429 energy   188.5 births 8897722 deaths 8896563 (13951.6s) NVIDIA GeForce RTX 3060
tick 1832000 alive   946021 genomes   42652 energy   188.3 births 8934925 deaths 8935172 (13959.2s) NVIDIA GeForce RTX 3060
tick 1833000 alive   946662 genomes   42652 energy   188.4 births 8945052 deaths 8944411 (13966.9s) NVIDIA GeForce RTX 3060
tick 1834000 alive   946697 genomes   43140 energy   188.5 births 8917941 deaths 8917906 (13974.6s) NVIDIA GeForce RTX 3060
tick 1835000 alive   945268 genomes   43722 energy   188.2 births 8956552 deaths 8957981 (13982.3s) NVIDIA GeForce RTX 3060
tick 1836000 alive   946047 genomes   43641 energy   188.2 births 8948313 deaths 8947534 (13989.9s) NVIDIA GeForce RTX 3060
tick 1837000 alive   945780 genomes   43633 energy   188.5 births 8946857 deaths 8947124 (13997.6s) NVIDIA GeForce RTX 3060
tick 1838000 alive   944747 genomes   43772 energy   188.3 births 8914598 deaths 8915631 (14005.3s) NVIDIA GeForce RTX 3060
tick 1839000 alive   945625 genomes   43595 energy   188.2 births 8923913 deaths 8923035 (14013.0s) NVIDIA GeForce RTX 3060
tick 1840000 alive   944551 genomes   44268 energy   188.1 births 8969192 deaths 8970266 (14020.7s) NVIDIA GeForce RTX 3060
tick 1841000 alive   943784 genomes   44635 energy   187.8 births 9006523 deaths 9007290 (14028.4s) NVIDIA GeForce RTX 3060
tick 1842000 alive   944020 genomes   44970 energy   187.5 births 9041174 deaths 9040938 (14036.1s) NVIDIA GeForce RTX 3060
tick 1843000 alive   943180 genomes   45731 energy   187.0 births 9109675 deaths 9110515 (14043.8s) NVIDIA GeForce RTX 3060
tick 1844000 alive   943828 genomes   45795 energy   187.4 births 9087785 deaths 9087137 (14051.5s) NVIDIA GeForce RTX 3060
tick 1845000 alive   943422 genomes   45602 energy   187.2 births 9077100 deaths 9077506 (14059.3s) NVIDIA GeForce RTX 3060
tick 1846000 alive   944059 genomes   45385 energy   187.2 births 9114740 deaths 9114103 (14067.0s) NVIDIA GeForce RTX 3060
tick 1847000 alive   942704 genomes   45012 energy   187.4 births 9083917 deaths 9085272 (14074.7s) NVIDIA GeForce RTX 3060
tick 1848000 alive   944713 genomes   44624 energy   187.5 births 9064696 deaths 9062687 (14082.4s) NVIDIA GeForce RTX 3060
tick 1849000 alive   945345 genomes   44053 energy   187.8 births 9031280 deaths 9030648 (14090.1s) NVIDIA GeForce RTX 3060
tick 1850000 alive   945225 genomes   44044 energy   187.7 births 8991270 deaths 8991390 (14097.8s) NVIDIA GeForce RTX 3060
tick 1851000 alive   944484 genomes   43477 energy   188.1 births 8969468 deaths 8970209 (14105.5s) NVIDIA GeForce RTX 3060
tick 1852000 alive   943462 genomes   43395 energy   187.5 births 8980885 deaths 8981907 (14113.2s) NVIDIA GeForce RTX 3060
tick 1853000 alive   944829 genomes   43152 energy   187.6 births 9024527 deaths 9023160 (14120.8s) NVIDIA GeForce RTX 3060
tick 1854000 alive   945056 genomes   43089 energy   187.9 births 9024144 deaths 9023917 (14128.5s) NVIDIA GeForce RTX 3060
tick 1855000 alive   942477 genomes   43529 energy   187.7 births 9032978 deaths 9035557 (14136.2s) NVIDIA GeForce RTX 3060
tick 1856000 alive   943200 genomes   43872 energy   188.1 births 9030594 deaths 9029871 (14143.9s) NVIDIA GeForce RTX 3060
tick 1857000 alive   942074 genomes   43449 energy   188.5 births 8967807 deaths 8968933 (14151.6s) NVIDIA GeForce RTX 3060
tick 1858000 alive   942628 genomes   43093 energy   188.4 births 8919283 deaths 8918729 (14159.3s) NVIDIA GeForce RTX 3060
tick 1859000 alive   942084 genomes   42932 energy   188.8 births 8859980 deaths 8860524 (14166.9s) NVIDIA GeForce RTX 3060
tick 1860000 alive   942473 genomes   42367 energy   188.7 births 8840351 deaths 8839962 (14174.6s) NVIDIA GeForce RTX 3060
tick 1861000 alive   941370 genomes   42736 energy   188.1 births 8868297 deaths 8869400 (14182.3s) NVIDIA GeForce RTX 3060
tick 1862000 alive   943615 genomes   42509 energy   188.3 births 8874472 deaths 8872227 (14190.0s) NVIDIA GeForce RTX 3060
tick 1863000 alive   943530 genomes   42289 energy   188.4 births 8908716 deaths 8908801 (14197.7s) NVIDIA GeForce RTX 3060
tick 1864000 alive   943197 genomes   42226 energy   187.9 births 8940190 deaths 8940523 (14205.4s) NVIDIA GeForce RTX 3060
tick 1865000 alive   943404 genomes   42250 energy   187.7 births 8956801 deaths 8956594 (14213.1s) NVIDIA GeForce RTX 3060
tick 1866000 alive   945273 genomes   43080 energy   187.6 births 9018498 deaths 9016629 (14220.8s) NVIDIA GeForce RTX 3060
tick 1867000 alive   944178 genomes   42940 energy   188.2 births 8982293 deaths 8983388 (14228.5s) NVIDIA GeForce RTX 3060
tick 1868000 alive   942717 genomes   43365 energy   188.1 births 8943667 deaths 8945128 (14236.2s) NVIDIA GeForce RTX 3060
tick 1869000 alive   944821 genomes   43341 energy   188.8 births 8869517 deaths 8867413 (14243.9s) NVIDIA GeForce RTX 3060
tick 1870000 alive   944260 genomes   42537 energy   188.8 births 8828258 deaths 8828819 (14251.6s) NVIDIA GeForce RTX 3060
tick 1871000 alive   944220 genomes   42690 energy   188.6 births 8848596 deaths 8848636 (14259.3s) NVIDIA GeForce RTX 3060
tick 1872000 alive   944003 genomes   42446 energy   188.7 births 8871065 deaths 8871282 (14267.0s) NVIDIA GeForce RTX 3060
tick 1873000 alive   944568 genomes   42137 energy   188.9 births 8810704 deaths 8810139 (14274.7s) NVIDIA GeForce RTX 3060
tick 1874000 alive   945733 genomes   41831 energy   189.0 births 8785003 deaths 8783838 (14282.4s) NVIDIA GeForce RTX 3060
tick 1875000 alive   946060 genomes   41090 energy   189.4 births 8778685 deaths 8778358 (14290.1s) NVIDIA GeForce RTX 3060
tick 1876000 alive   945664 genomes   41011 energy   189.4 births 8752806 deaths 8753202 (14297.7s) NVIDIA GeForce RTX 3060
tick 1877000 alive   945535 genomes   40318 energy   189.3 births 8751764 deaths 8751893 (14305.4s) NVIDIA GeForce RTX 3060
tick 1878000 alive   944399 genomes   40520 energy   189.3 births 8752933 deaths 8754069 (14313.0s) NVIDIA GeForce RTX 3060
tick 1879000 alive   944381 genomes   41047 energy   188.8 births 8801101 deaths 8801119 (14320.7s) NVIDIA GeForce RTX 3060
tick 1880000 alive   945140 genomes   40500 energy   188.4 births 8862584 deaths 8861825 (14328.4s) NVIDIA GeForce RTX 3060
tick 1881000 alive   945769 genomes   40402 energy   188.4 births 8903167 deaths 8902538 (14336.1s) NVIDIA GeForce RTX 3060
tick 1882000 alive   946619 genomes   40077 energy   188.3 births 8921777 deaths 8920927 (14343.7s) NVIDIA GeForce RTX 3060
tick 1883000 alive   945391 genomes   40097 energy   188.5 births 8927341 deaths 8928569 (14351.4s) NVIDIA GeForce RTX 3060
tick 1884000 alive   944805 genomes   39742 energy   188.5 births 8909472 deaths 8910058 (14359.1s) NVIDIA GeForce RTX 3060
tick 1885000 alive   944992 genomes   39790 energy   188.3 births 8921157 deaths 8920970 (14366.8s) NVIDIA GeForce RTX 3060
tick 1886000 alive   945203 genomes   39891 energy   188.1 births 8960981 deaths 8960770 (14374.4s) NVIDIA GeForce RTX 3060
tick 1887000 alive   945250 genomes   39881 energy   187.7 births 8992836 deaths 8992789 (14382.1s) NVIDIA GeForce RTX 3060
tick 1888000 alive   946347 genomes   39698 energy   187.1 births 9068703 deaths 9067606 (14389.8s) NVIDIA GeForce RTX 3060
tick 1889000 alive   945860 genomes   39624 energy   186.7 births 9105382 deaths 9105869 (14397.5s) NVIDIA GeForce RTX 3060
tick 1890000 alive   945276 genomes   39903 energy   186.4 births 9177316 deaths 9177900 (14405.2s) NVIDIA GeForce RTX 3060
tick 1891000 alive   946241 genomes   40206 energy   186.1 births 9258059 deaths 9257094 (14412.9s) NVIDIA GeForce RTX 3060
tick 1892000 alive   946603 genomes   40439 energy   186.0 births 9303212 deaths 9302850 (14420.6s) NVIDIA GeForce RTX 3060
tick 1893000 alive   944761 genomes   40567 energy   186.0 births 9319608 deaths 9321450 (14428.3s) NVIDIA GeForce RTX 3060
tick 1894000 alive   946792 genomes   40606 energy   186.3 births 9314291 deaths 9312260 (14436.1s) NVIDIA GeForce RTX 3060
tick 1895000 alive   944571 genomes   40698 energy   185.9 births 9295542 deaths 9297763 (14443.8s) NVIDIA GeForce RTX 3060
tick 1896000 alive   945861 genomes   41355 energy   185.6 births 9346402 deaths 9345112 (14451.5s) NVIDIA GeForce RTX 3060
tick 1897000 alive   946539 genomes   41451 energy   185.9 births 9375661 deaths 9374983 (14459.3s) NVIDIA GeForce RTX 3060
tick 1898000 alive   944722 genomes   41174 energy   185.4 births 9384281 deaths 9386098 (14467.0s) NVIDIA GeForce RTX 3060
tick 1899000 alive   943381 genomes   41735 energy   185.6 births 9402818 deaths 9404159 (14474.7s) NVIDIA GeForce RTX 3060
tick 1900000 alive   943381 genomes   41826 energy   185.6 births 9408259 deaths 9408259 (14482.5s) NVIDIA GeForce RTX 3060
tick 1901000 alive   944589 genomes   42007 energy   186.1 births 9340402 deaths 9339194 (14490.2s) NVIDIA GeForce RTX 3060
tick 1902000 alive   943311 genomes   42477 energy   186.0 births 9355990 deaths 9357268 (14498.0s) NVIDIA GeForce RTX 3060
tick 1903000 alive   944717 genomes   42485 energy   186.3 births 9316118 deaths 9314712 (14505.7s) NVIDIA GeForce RTX 3060
tick 1904000 alive   944304 genomes   42768 energy   186.1 births 9314496 deaths 9314909 (14513.5s) NVIDIA GeForce RTX 3060
tick 1905000 alive   944108 genomes   43174 energy   185.9 births 9341150 deaths 9341346 (14521.2s) NVIDIA GeForce RTX 3060
tick 1906000 alive   945125 genomes   43337 energy   185.7 births 9375037 deaths 9374020 (14529.0s) NVIDIA GeForce RTX 3060
tick 1907000 alive   943858 genomes   43102 energy   185.7 births 9366450 deaths 9367717 (14536.7s) NVIDIA GeForce RTX 3060
tick 1908000 alive   944556 genomes   43414 energy   185.4 births 9413191 deaths 9412493 (14544.5s) NVIDIA GeForce RTX 3060
tick 1909000 alive   945706 genomes   43033 energy   185.6 births 9416910 deaths 9415760 (14552.2s) NVIDIA GeForce RTX 3060
tick 1910000 alive   944367 genomes   43005 energy   185.6 births 9451208 deaths 9452547 (14560.0s) NVIDIA GeForce RTX 3060
tick 1911000 alive   944150 genomes   42874 energy   185.9 births 9413921 deaths 9414138 (14567.7s) NVIDIA GeForce RTX 3060
tick 1912000 alive   943194 genomes   42291 energy   186.3 births 9343116 deaths 9344072 (14575.5s) NVIDIA GeForce RTX 3060
tick 1913000 alive   941794 genomes   41688 energy   186.3 births 9271909 deaths 9273309 (14583.2s) NVIDIA GeForce RTX 3060
tick 1914000 alive   942773 genomes   41420 energy   186.5 births 9252539 deaths 9251560 (14591.0s) NVIDIA GeForce RTX 3060
tick 1915000 alive   943699 genomes   41339 energy   186.9 births 9210366 deaths 9209440 (14598.7s) NVIDIA GeForce RTX 3060
tick 1916000 alive   943448 genomes   40882 energy   186.6 births 9185640 deaths 9185891 (14606.5s) NVIDIA GeForce RTX 3060
tick 1917000 alive   944954 genomes   40304 energy   187.1 births 9164148 deaths 9162642 (14614.2s) NVIDIA GeForce RTX 3060
tick 1918000 alive   943920 genomes   40079 energy   187.3 births 9102254 deaths 9103288 (14622.0s) NVIDIA GeForce RTX 3060
tick 1919000 alive   943250 genomes   39670 energy   187.0 births 9084819 deaths 9085489 (14629.7s) NVIDIA GeForce RTX 3060
tick 1920000 alive   944372 genomes   39283 energy   187.2 births 9090751 deaths 9089629 (14637.5s) NVIDIA GeForce RTX 3060
tick 1921000 alive   944126 genomes   39463 energy   186.6 births 9136444 deaths 9136690 (14645.2s) NVIDIA GeForce RTX 3060
tick 1922000 alive   943346 genomes   39366 energy   186.8 births 9173769 deaths 9174549 (14653.0s) NVIDIA GeForce RTX 3060
tick 1923000 alive   943851 genomes   39703 energy   187.0 births 9154175 deaths 9153670 (14660.7s) NVIDIA GeForce RTX 3060
tick 1924000 alive   943937 genomes   39518 energy   187.5 births 9075128 deaths 9075042 (14668.5s) NVIDIA GeForce RTX 3060
tick 1925000 alive   943797 genomes   39746 energy   187.5 births 9048610 deaths 9048750 (14676.3s) NVIDIA GeForce RTX 3060
tick 1926000 alive   943842 genomes   39940 energy   187.4 births 9044140 deaths 9044095 (14684.0s) NVIDIA GeForce RTX 3060
tick 1927000 alive   944664 genomes   40038 energy   187.3 births 9049909 deaths 9049087 (14691.8s) NVIDIA GeForce RTX 3060
tick 1928000 alive   946031 genomes   39863 energy   186.8 births 9119124 deaths 9117757 (14699.5s) NVIDIA GeForce RTX 3060
tick 1929000 alive   945160 genomes   40049 energy   186.8 births 9131850 deaths 9132721 (14707.3s) NVIDIA GeForce RTX 3060
tick 1930000 alive   945476 genomes   40097 energy   186.7 births 9165411 deaths 9165095 (14715.0s) NVIDIA GeForce RTX 3060
tick 1931000 alive   945791 genomes   40648 energy   186.8 births 9179439 deaths 9179124 (14722.8s) NVIDIA GeForce RTX 3060
tick 1932000 alive   945053 genomes   40718 energy   187.2 births 9137379 deaths 9138117 (14730.5s) NVIDIA GeForce RTX 3060
tick 1933000 alive   944429 genomes   40652 energy   187.5 births 9085987 deaths 9086611 (14738.2s) NVIDIA GeForce RTX 3060
tick 1934000 alive   944237 genomes   40870 energy   187.3 births 9051479 deaths 9051671 (14746.0s) NVIDIA GeForce RTX 3060
tick 1935000 alive   943521 genomes   40598 energy   187.7 births 9061873 deaths 9062589 (14753.7s) NVIDIA GeForce RTX 3060
tick 1936000 alive   943189 genomes   41036 energy   187.5 births 9047711 deaths 9048043 (14761.5s) NVIDIA GeForce RTX 3060
tick 1937000 alive   943640 genomes   41017 energy   187.6 births 9032220 deaths 9031769 (14769.2s) NVIDIA GeForce RTX 3060
tick 1938000 alive   943185 genomes   41202 energy   187.5 births 9018881 deaths 9019336 (14776.9s) NVIDIA GeForce RTX 3060
tick 1939000 alive   943325 genomes   40779 energy   187.5 births 9035265 deaths 9035125 (14784.6s) NVIDIA GeForce RTX 3060
tick 1940000 alive   944566 genomes   40692 energy   187.8 births 9026789 deaths 9025548 (14792.4s) NVIDIA GeForce RTX 3060
tick 1941000 alive   944330 genomes   40869 energy   188.0 births 9000393 deaths 9000629 (14800.1s) NVIDIA GeForce RTX 3060
tick 1942000 alive   944505 genomes   41237 energy   188.0 births 9018103 deaths 9017928 (14807.9s) NVIDIA GeForce RTX 3060
tick 1943000 alive   944384 genomes   41025 energy   187.9 births 8993937 deaths 8994058 (14815.6s) NVIDIA GeForce RTX 3060
tick 1944000 alive   943873 genomes   41804 energy   187.4 births 9040425 deaths 9040936 (14823.3s) NVIDIA GeForce RTX 3060
tick 1945000 alive   944807 genomes   42091 energy   187.4 births 9082121 deaths 9081187 (14831.1s) NVIDIA GeForce RTX 3060
tick 1946000 alive   944469 genomes   42104 energy   187.0 births 9102164 deaths 9102502 (14838.9s) NVIDIA GeForce RTX 3060
tick 1947000 alive   946424 genomes   42303 energy   186.8 births 9168030 deaths 9166075 (14846.6s) NVIDIA GeForce RTX 3060
tick 1948000 alive   947237 genomes   42327 energy   186.9 births 9189597 deaths 9188784 (14854.4s) NVIDIA GeForce RTX 3060
tick 1949000 alive   945224 genomes   42494 energy   186.6 births 9203765 deaths 9205778 (14862.1s) NVIDIA GeForce RTX 3060
tick 1950000 alive   942742 genomes   43211 energy   186.3 births 9233850 deaths 9236332 (14869.9s) NVIDIA GeForce RTX 3060
tick 1951000 alive   942088 genomes   43144 energy   186.4 births 9232951 deaths 9233605 (14877.7s) NVIDIA GeForce RTX 3060
tick 1952000 alive   943595 genomes   42721 energy   186.4 births 9227190 deaths 9225683 (14885.5s) NVIDIA GeForce RTX 3060
tick 1953000 alive   944279 genomes   42644 energy   186.6 births 9214502 deaths 9213818 (14893.3s) NVIDIA GeForce RTX 3060
tick 1954000 alive   944709 genomes   42794 energy   186.7 births 9207603 deaths 9207173 (14901.0s) NVIDIA GeForce RTX 3060
tick 1955000 alive   944661 genomes   43000 energy   186.6 births 9204192 deaths 9204240 (14908.8s) NVIDIA GeForce RTX 3060
tick 1956000 alive   943897 genomes   43329 energy   186.5 births 9216121 deaths 9216885 (14916.6s) NVIDIA GeForce RTX 3060
tick 1957000 alive   942221 genomes   43622 energy   186.7 births 9226066 deaths 9227742 (14924.3s) NVIDIA GeForce RTX 3060
tick 1958000 alive   940493 genomes   44284 energy   186.6 births 9196621 deaths 9198349 (14932.1s) NVIDIA GeForce RTX 3060
tick 1959000 alive   940574 genomes   44721 energy   186.7 births 9172241 deaths 9172160 (14939.9s) NVIDIA GeForce RTX 3060
tick 1960000 alive   941266 genomes   45029 energy   186.7 births 9166369 deaths 9165677 (14947.7s) NVIDIA GeForce RTX 3060
tick 1961000 alive   938694 genomes   45320 energy   186.9 births 9167036 deaths 9169608 (14955.6s) NVIDIA GeForce RTX 3060
tick 1962000 alive   940031 genomes   44991 energy   186.4 births 9155198 deaths 9153861 (14963.4s) NVIDIA GeForce RTX 3060
tick 1963000 alive   939292 genomes   44850 energy   186.4 births 9176451 deaths 9177190 (14971.2s) NVIDIA GeForce RTX 3060
tick 1964000 alive   941661 genomes   44774 energy   186.3 births 9219373 deaths 9217004 (14979.0s) NVIDIA GeForce RTX 3060
tick 1965000 alive   940674 genomes   44747 energy   186.5 births 9201122 deaths 9202109 (14986.8s) NVIDIA GeForce RTX 3060
tick 1966000 alive   939797 genomes   44341 energy   186.9 births 9149427 deaths 9150304 (14994.6s) NVIDIA GeForce RTX 3060
tick 1967000 alive   940755 genomes   44640 energy   186.6 births 9174605 deaths 9173647 (15002.5s) NVIDIA GeForce RTX 3060
tick 1968000 alive   941031 genomes   45031 energy   186.7 births 9186363 deaths 9186087 (15010.3s) NVIDIA GeForce RTX 3060
tick 1969000 alive   941973 genomes   44980 energy   186.8 births 9180800 deaths 9179858 (15018.1s) NVIDIA GeForce RTX 3060
tick 1970000 alive   939093 genomes   45157 energy   186.7 births 9164408 deaths 9167288 (15025.9s) NVIDIA GeForce RTX 3060
tick 1971000 alive   938605 genomes   45669 energy   186.5 births 9168687 deaths 9169175 (15033.8s) NVIDIA GeForce RTX 3060
tick 1972000 alive   938400 genomes   45567 energy   186.4 births 9189617 deaths 9189822 (15041.6s) NVIDIA GeForce RTX 3060
tick 1973000 alive   938985 genomes   45196 energy   186.2 births 9175302 deaths 9174717 (15049.4s) NVIDIA GeForce RTX 3060
tick 1974000 alive   938725 genomes   44373 energy   186.0 births 9181816 deaths 9182076 (15057.3s) NVIDIA GeForce RTX 3060
tick 1975000 alive   941271 genomes   43986 energy   186.2 births 9211586 deaths 9209040 (15065.1s) NVIDIA GeForce RTX 3060
tick 1976000 alive   940844 genomes   45162 energy   185.9 births 9254698 deaths 9255125 (15073.0s) NVIDIA GeForce RTX 3060
tick 1977000 alive   941179 genomes   45098 energy   186.0 births 9273459 deaths 9273124 (15080.8s) NVIDIA GeForce RTX 3060
tick 1978000 alive   939982 genomes   45736 energy   185.8 births 9287666 deaths 9288863 (15088.7s) NVIDIA GeForce RTX 3060
tick 1979000 alive   938143 genomes   46421 energy   185.6 births 9299205 deaths 9301044 (15096.6s) NVIDIA GeForce RTX 3060
tick 1980000 alive   937571 genomes   46060 energy   185.9 births 9272536 deaths 9273108 (15104.4s) NVIDIA GeForce RTX 3060
tick 1981000 alive   934965 genomes   45698 energy   186.1 births 9222149 deaths 9224755 (15112.3s) NVIDIA GeForce RTX 3060
tick 1982000 alive   938187 genomes   45503 energy   186.2 births 9198026 deaths 9194804 (15120.2s) NVIDIA GeForce RTX 3060
tick 1983000 alive   939191 genomes   45741 energy   186.2 births 9218227 deaths 9217223 (15128.0s) NVIDIA GeForce RTX 3060
tick 1984000 alive   939335 genomes   45890 energy   186.1 births 9244972 deaths 9244828 (15135.9s) NVIDIA GeForce RTX 3060
tick 1985000 alive   940040 genomes   45793 energy   186.1 births 9264949 deaths 9264244 (15143.7s) NVIDIA GeForce RTX 3060
tick 1986000 alive   939280 genomes   45728 energy   186.2 births 9226517 deaths 9227277 (15151.6s) NVIDIA GeForce RTX 3060
tick 1987000 alive   937091 genomes   45315 energy   186.2 births 9220604 deaths 9222793 (15159.5s) NVIDIA GeForce RTX 3060
tick 1988000 alive   939898 genomes   45348 energy   186.5 births 9210462 deaths 9207655 (15167.3s) NVIDIA GeForce RTX 3060
tick 1989000 alive   939372 genomes   45459 energy   186.3 births 9211356 deaths 9211882 (15175.2s) NVIDIA GeForce RTX 3060
tick 1990000 alive   937066 genomes   45715 energy   186.3 births 9200837 deaths 9203143 (15183.0s) NVIDIA GeForce RTX 3060
tick 1991000 alive   940515 genomes   45145 energy   186.5 births 9199318 deaths 9195869 (15190.9s) NVIDIA GeForce RTX 3060
tick 1992000 alive   939235 genomes   45471 energy   186.2 births 9215330 deaths 9216610 (15198.7s) NVIDIA GeForce RTX 3060
tick 1993000 alive   937712 genomes   45783 energy   186.1 births 9225000 deaths 9226523 (15206.5s) NVIDIA GeForce RTX 3060
tick 1994000 alive   938021 genomes   45164 energy   186.1 births 9256561 deaths 9256252 (15214.4s) NVIDIA GeForce RTX 3060
tick 1995000 alive   938832 genomes   45588 energy   186.2 births 9217823 deaths 9217012 (15222.3s) NVIDIA GeForce RTX 3060
tick 1996000 alive   937432 genomes   45135 energy   186.2 births 9243304 deaths 9244704 (15230.1s) NVIDIA GeForce RTX 3060
tick 1997000 alive   937844 genomes   45050 energy   186.0 births 9226974 deaths 9226562 (15238.0s) NVIDIA GeForce RTX 3060
tick 1998000 alive   938762 genomes   45347 energy   186.2 births 9252811 deaths 9251893 (15245.8s) NVIDIA GeForce RTX 3060
tick 1999000 alive   938123 genomes   45675 energy   186.1 births 9252237 deaths 9252876 (15253.7s) NVIDIA GeForce RTX 3060
tick 2000000 alive   936988 genomes   45094 energy   186.2 births 9221539 deaths 9222674 (15261.5s) NVIDIA GeForce RTX 3060
tick 2001000 alive   936260 genomes   44951 energy   185.9 births 9227512 deaths 9228240 (15269.4s) NVIDIA GeForce RTX 3060
tick 2002000 alive   937383 genomes   45207 energy   186.0 births 9235777 deaths 9234654 (15277.3s) NVIDIA GeForce RTX 3060
tick 2003000 alive   937428 genomes   44887 energy   186.2 births 9226205 deaths 9226160 (15285.2s) NVIDIA GeForce RTX 3060
tick 2004000 alive   938701 genomes   45327 energy   186.3 births 9200687 deaths 9199414 (15293.0s) NVIDIA GeForce RTX 3060
tick 2005000 alive   937776 genomes   45496 energy   186.5 births 9185003 deaths 9185928 (15300.9s) NVIDIA GeForce RTX 3060
tick 2006000 alive   937860 genomes   45252 energy   186.7 births 9152993 deaths 9152909 (15308.8s) NVIDIA GeForce RTX 3060
tick 2007000 alive   939957 genomes   44830 energy   187.2 births 9098164 deaths 9096067 (15316.7s) NVIDIA GeForce RTX 3060
tick 2008000 alive   939552 genomes   45219 energy   187.3 births 9056298 deaths 9056703 (15324.6s) NVIDIA GeForce RTX 3060
tick 2009000 alive   940739 genomes   44734 energy   188.1 births 9008552 deaths 9007365 (15332.5s) NVIDIA GeForce RTX 3060
tick 2010000 alive   941949 genomes   44956 energy   188.1 births 8957184 deaths 8955974 (15340.4s) NVIDIA GeForce RTX 3060
tick 2011000 alive   943406 genomes   44760 energy   188.1 births 8930514 deaths 8929057 (15348.3s) NVIDIA GeForce RTX 3060
tick 2012000 alive   941712 genomes   44710 energy   188.2 births 8905231 deaths 8906925 (15356.2s) NVIDIA GeForce RTX 3060
tick 2013000 alive   942586 genomes   44142 energy   188.1 births 8913756 deaths 8912882 (15364.1s) NVIDIA GeForce RTX 3060
tick 2014000 alive   941232 genomes   44525 energy   188.2 births 8906882 deaths 8908236 (15371.9s) NVIDIA GeForce RTX 3060
tick 2015000 alive   942319 genomes   44412 energy   188.1 births 8929113 deaths 8928026 (15379.8s) NVIDIA GeForce RTX 3060
tick 2016000 alive   943678 genomes   44437 energy   188.3 births 8934234 deaths 8932875 (15387.7s) NVIDIA GeForce RTX 3060
tick 2017000 alive   943569 genomes   44394 energy   188.1 births 8940904 deaths 8941013 (15395.6s) NVIDIA GeForce RTX 3060
tick 2018000 alive   942548 genomes   44311 energy   188.0 births 8956589 deaths 8957610 (15403.4s) NVIDIA GeForce RTX 3060
tick 2019000 alive   941222 genomes   44399 energy   187.8 births 8962090 deaths 8963416 (15411.3s) NVIDIA GeForce RTX 3060
tick 2020000 alive   942134 genomes   44255 energy   188.0 births 8957962 deaths 8957050 (15419.1s) NVIDIA GeForce RTX 3060
tick 2021000 alive   941051 genomes   44087 energy   188.1 births 8937195 deaths 8938278 (15427.0s) NVIDIA GeForce RTX 3060
tick 2022000 alive   939550 genomes   43633 energy   188.3 births 8894830 deaths 8896331 (15434.9s) NVIDIA GeForce RTX 3060
tick 2023000 alive   940574 genomes   43256 energy   188.4 births 8858998 deaths 8857974 (15442.7s) NVIDIA GeForce RTX 3060
tick 2024000 alive   943707 genomes   43671 energy   188.7 births 8880459 deaths 8877326 (15450.6s) NVIDIA GeForce RTX 3060
tick 2025000 alive   943512 genomes   43890 energy   188.8 births 8885109 deaths 8885304 (15458.4s) NVIDIA GeForce RTX 3060
tick 2026000 alive   942603 genomes   43771 energy   188.7 births 8841723 deaths 8842632 (15466.3s) NVIDIA GeForce RTX 3060
tick 2027000 alive   939957 genomes   44609 energy   188.2 births 8880227 deaths 8882873 (15474.2s) NVIDIA GeForce RTX 3060
tick 2028000 alive   940324 genomes   44599 energy   188.3 births 8876454 deaths 8876087 (15482.0s) NVIDIA GeForce RTX 3060
tick 2029000 alive   941765 genomes   44515 energy   188.4 births 8867314 deaths 8865873 (15489.9s) NVIDIA GeForce RTX 3060
tick 2030000 alive   943191 genomes   44676 energy   188.7 births 8865146 deaths 8863720 (15497.8s) NVIDIA GeForce RTX 3060
tick 2031000 alive   943771 genomes   44604 energy   189.0 births 8821218 deaths 8820638 (15505.6s) NVIDIA GeForce RTX 3060
tick 2032000 alive   944337 genomes   44638 energy   188.8 births 8815361 deaths 8814795 (15513.5s) NVIDIA GeForce RTX 3060
tick 2033000 alive   941397 genomes   44868 energy   188.8 births 8832604 deaths 8835544 (15521.3s) NVIDIA GeForce RTX 3060
tick 2034000 alive   941610 genomes   45484 energy   188.9 births 8829654 deaths 8829441 (15529.2s) NVIDIA GeForce RTX 3060
tick 2035000 alive   940986 genomes   45646 energy   188.6 births 8818266 deaths 8818890 (15537.1s) NVIDIA GeForce RTX 3060
tick 2036000 alive   941496 genomes   45574 energy   189.2 births 8793628 deaths 8793118 (15544.9s) NVIDIA GeForce RTX 3060
tick 2037000 alive   942908 genomes   45899 energy   189.1 births 8782259 deaths 8780847 (15552.8s) NVIDIA GeForce RTX 3060
tick 2038000 alive   944468 genomes   45729 energy   189.0 births 8831119 deaths 8829559 (15560.7s) NVIDIA GeForce RTX 3060
tick 2039000 alive   945108 genomes   45372 energy   189.3 births 8806672 deaths 8806032 (15568.5s) NVIDIA GeForce RTX 3060
tick 2040000 alive   943960 genomes   46770 energy   189.0 births 8809667 deaths 8810815 (15576.4s) NVIDIA GeForce RTX 3060
tick 2041000 alive   943486 genomes   46717 energy   189.2 births 8810086 deaths 8810560 (15584.2s) NVIDIA GeForce RTX 3060
tick 2042000 alive   943303 genomes   46906 energy   189.1 births 8814519 deaths 8814702 (15592.1s) NVIDIA GeForce RTX 3060
tick 2043000 alive   942853 genomes   47061 energy   188.8 births 8815566 deaths 8816016 (15599.9s) NVIDIA GeForce RTX 3060
tick 2044000 alive   943283 genomes   47107 energy   188.9 births 8867874 deaths 8867444 (15607.7s) NVIDIA GeForce RTX 3060
tick 2045000 alive   942748 genomes   47087 energy   189.1 births 8838018 deaths 8838553 (15615.6s) NVIDIA GeForce RTX 3060
tick 2046000 alive   943452 genomes   46996 energy   189.2 births 8796529 deaths 8795825 (15623.4s) NVIDIA GeForce RTX 3060
tick 2047000 alive   944966 genomes   47000 energy   189.2 births 8823220 deaths 8821706 (15631.3s) NVIDIA GeForce RTX 3060
tick 2048000 alive   944459 genomes   47542 energy   188.8 births 8840987 deaths 8841494 (15639.1s) NVIDIA GeForce RTX 3060
tick 2049000 alive   944042 genomes   47704 energy   189.1 births 8837948 deaths 8838365 (15647.0s) NVIDIA GeForce RTX 3060
tick 2050000 alive   944636 genomes   47468 energy   189.3 births 8786994 deaths 8786400 (15654.8s) NVIDIA GeForce RTX 3060
tick 2051000 alive   942158 genomes   48196 energy   188.9 births 8814093 deaths 8816571 (15662.6s) NVIDIA GeForce RTX 3060
tick 2052000 alive   942189 genomes   48177 energy   188.9 births 8828754 deaths 8828723 (15670.5s) NVIDIA GeForce RTX 3060
tick 2053000 alive   943174 genomes   47842 energy   189.1 births 8807833 deaths 8806848 (15678.3s) NVIDIA GeForce RTX 3060
tick 2054000 alive   943551 genomes   48266 energy   189.0 births 8812808 deaths 8812431 (15686.2s) NVIDIA GeForce RTX 3060
tick 2055000 alive   942334 genomes   48960 energy   188.6 births 8863753 deaths 8864970 (15694.0s) NVIDIA GeForce RTX 3060
tick 2056000 alive   942144 genomes   49033 energy   188.7 births 8895756 deaths 8895946 (15701.8s) NVIDIA GeForce RTX 3060
tick 2057000 alive   941482 genomes   49460 energy   188.1 births 8894739 deaths 8895401 (15709.7s) NVIDIA GeForce RTX 3060
tick 2058000 alive   942475 genomes   49080 energy   188.2 births 8921396 deaths 8920403 (15717.6s) NVIDIA GeForce RTX 3060
tick 2059000 alive   940682 genomes   49010 energy   188.1 births 8935389 deaths 8937182 (15725.4s) NVIDIA GeForce RTX 3060
tick 2060000 alive   940263 genomes   48828 energy   188.4 births 8897349 deaths 8897768 (15733.3s) NVIDIA GeForce RTX 3060
tick 2061000 alive   939543 genomes   48835 energy   188.1 births 8923394 deaths 8924114 (15741.2s) NVIDIA GeForce RTX 3060
tick 2062000 alive   940408 genomes   48466 energy   188.1 births 8944444 deaths 8943579 (15749.0s) NVIDIA GeForce RTX 3060
tick 2063000 alive   940691 genomes   48931 energy   188.1 births 8960650 deaths 8960367 (15756.9s) NVIDIA GeForce RTX 3060
tick 2064000 alive   939318 genomes   48847 energy   187.7 births 9004881 deaths 9006254 (15764.7s) NVIDIA GeForce RTX 3060
tick 2065000 alive   939461 genomes   48565 energy   188.2 births 9017230 deaths 9017087 (15772.6s) NVIDIA GeForce RTX 3060
tick 2066000 alive   938741 genomes   48852 energy   187.8 births 8992034 deaths 8992754 (15780.4s) NVIDIA GeForce RTX 3060
tick 2067000 alive   938276 genomes   48722 energy   188.2 births 8989162 deaths 8989627 (15788.3s) NVIDIA GeForce RTX 3060
tick 2068000 alive   940471 genomes   48518 energy   188.1 births 8966235 deaths 8964040 (15796.1s) NVIDIA GeForce RTX 3060
tick 2069000 alive   939908 genomes   48878 energy   188.0 births 8973784 deaths 8974347 (15803.9s) NVIDIA GeForce RTX 3060
tick 2070000 alive   942439 genomes   48767 energy   188.3 births 8989619 deaths 8987088 (15811.8s) NVIDIA GeForce RTX 3060
tick 2071000 alive   941860 genomes   48571 energy   188.4 births 8991785 deaths 8992364 (15819.6s) NVIDIA GeForce RTX 3060
tick 2072000 alive   940883 genomes   48057 energy   188.7 births 8930273 deaths 8931250 (15827.5s) NVIDIA GeForce RTX 3060
tick 2073000 alive   940906 genomes   47539 energy   188.9 births 8895886 deaths 8895863 (15835.3s) NVIDIA GeForce RTX 3060
tick 2074000 alive   940943 genomes   47226 energy   189.1 births 8849508 deaths 8849471 (15843.1s) NVIDIA GeForce RTX 3060
tick 2075000 alive   941541 genomes   46012 energy   189.7 births 8746814 deaths 8746216 (15850.9s) NVIDIA GeForce RTX 3060
tick 2076000 alive   942629 genomes   46406 energy   189.5 births 8773391 deaths 8772303 (15858.8s) NVIDIA GeForce RTX 3060
tick 2077000 alive   943798 genomes   45899 energy   189.2 births 8792234 deaths 8791065 (15866.6s) NVIDIA GeForce RTX 3060
tick 2078000 alive   942407 genomes   46080 energy   189.1 births 8837864 deaths 8839255 (15874.4s) NVIDIA GeForce RTX 3060
tick 2079000 alive   940770 genomes   46303 energy   188.9 births 8886352 deaths 8887989 (15882.2s) NVIDIA GeForce RTX 3060
tick 2080000 alive   941382 genomes   46620 energy   188.9 births 8906705 deaths 8906093 (15890.0s) NVIDIA GeForce RTX 3060
tick 2081000 alive   939833 genomes   46789 energy   188.4 births 8921003 deaths 8922552 (15897.8s) NVIDIA GeForce RTX 3060
tick 2082000 alive   938502 genomes   46908 energy   188.2 births 8963247 deaths 8964578 (15905.6s) NVIDIA GeForce RTX 3060
tick 2083000 alive   939835 genomes   47286 energy   188.6 births 8946251 deaths 8944918 (15913.5s) NVIDIA GeForce RTX 3060
tick 2084000 alive   938795 genomes   47441 energy   188.6 births 8931027 deaths 8932067 (15921.3s) NVIDIA GeForce RTX 3060
tick 2085000 alive   940528 genomes   47430 energy   188.7 births 8914593 deaths 8912860 (15929.1s) NVIDIA GeForce RTX 3060
tick 2086000 alive   940172 genomes   47539 energy   188.9 births 8893166 deaths 8893522 (15937.0s) NVIDIA GeForce RTX 3060
tick 2087000 alive   941196 genomes   47452 energy   189.1 births 8882321 deaths 8881297 (15944.8s) NVIDIA GeForce RTX 3060
tick 2088000 alive   939722 genomes   46991 energy   189.3 births 8858130 deaths 8859604 (15952.6s) NVIDIA GeForce RTX 3060
tick 2089000 alive   940004 genomes   46329 energy   189.5 births 8774234 deaths 8773952 (15960.5s) NVIDIA GeForce RTX 3060
tick 2090000 alive   940659 genomes   45760 energy   189.5 births 8773276 deaths 8772621 (15968.3s) NVIDIA GeForce RTX 3060
tick 2091000 alive   941828 genomes   46290 energy   189.2 births 8794276 deaths 8793107 (15976.1s) NVIDIA GeForce RTX 3060
tick 2092000 alive   943207 genomes   46215 energy   188.8 births 8818418 deaths 8817039 (15983.9s) NVIDIA GeForce RTX 3060
tick 2093000 alive   943334 genomes   45858 energy   188.9 births 8867840 deaths 8867713 (15991.8s) NVIDIA GeForce RTX 3060
tick 2094000 alive   942542 genomes   45553 energy   188.3 births 8911006 deaths 8911798 (15999.6s) NVIDIA GeForce RTX 3060
tick 2095000 alive   943335 genomes   45343 energy   188.5 births 8925721 deaths 8924928 (16007.4s) NVIDIA GeForce RTX 3060
tick 2096000 alive   944234 genomes   44925 energy   188.5 births 8955500 deaths 8954601 (16015.2s) NVIDIA GeForce RTX 3060
tick 2097000 alive   943232 genomes   44669 energy   188.4 births 8935204 deaths 8936206 (16023.0s) NVIDIA GeForce RTX 3060
tick 2098000 alive   943946 genomes   44213 energy   188.6 births 8944975 deaths 8944261 (16030.8s) NVIDIA GeForce RTX 3060
tick 2099000 alive   944748 genomes   44214 energy   188.8 births 8924944 deaths 8924142 (16038.6s) NVIDIA GeForce RTX 3060
tick 2100000 alive   944868 genomes   44513 energy   188.8 births 8910801 deaths 8910681 (16046.4s) NVIDIA GeForce RTX 3060
tick 2101000 alive   945122 genomes   44572 energy   188.8 births 8914774 deaths 8914520 (16054.1s) NVIDIA GeForce RTX 3060
tick 2102000 alive   944055 genomes   44467 energy   188.6 births 8912513 deaths 8913580 (16061.9s) NVIDIA GeForce RTX 3060
tick 2103000 alive   944541 genomes   44428 energy   188.8 births 8934459 deaths 8933973 (16069.7s) NVIDIA GeForce RTX 3060
tick 2104000 alive   944352 genomes   44346 energy   188.4 births 8941345 deaths 8941534 (16077.5s) NVIDIA GeForce RTX 3060
tick 2105000 alive   944495 genomes   43801 energy   188.7 births 8939104 deaths 8938961 (16085.3s) NVIDIA GeForce RTX 3060
tick 2106000 alive   944040 genomes   43922 energy   188.8 births 8932362 deaths 8932817 (16093.0s) NVIDIA GeForce RTX 3060
tick 2107000 alive   941928 genomes   43988 energy   188.5 births 8934938 deaths 8937050 (16100.8s) NVIDIA GeForce RTX 3060
tick 2108000 alive   940971 genomes   43894 energy   188.5 births 8927322 deaths 8928279 (16108.6s) NVIDIA GeForce RTX 3060
tick 2109000 alive   942887 genomes   43566 energy   188.8 births 8907154 deaths 8905238 (16116.4s) NVIDIA GeForce RTX 3060
tick 2110000 alive   943074 genomes   43377 energy   188.8 births 8875245 deaths 8875058 (16124.2s) NVIDIA GeForce RTX 3060
tick 2111000 alive   942179 genomes   43314 energy   189.1 births 8839146 deaths 8840041 (16132.0s) NVIDIA GeForce RTX 3060
tick 2112000 alive   945296 genomes   43115 energy   189.2 births 8796508 deaths 8793391 (16139.8s) NVIDIA GeForce RTX 3060
tick 2113000 alive   944045 genomes   42834 energy   189.0 births 8830709 deaths 8831960 (16147.6s) NVIDIA GeForce RTX 3060
tick 2114000 alive   945953 genomes   42632 energy   189.0 births 8858838 deaths 8856930 (16155.4s) NVIDIA GeForce RTX 3060
tick 2115000 alive   947118 genomes   43146 energy   189.3 births 8860298 deaths 8859133 (16163.1s) NVIDIA GeForce RTX 3060
tick 2116000 alive   947572 genomes   43416 energy   189.3 births 8828687 deaths 8828233 (16170.9s) NVIDIA GeForce RTX 3060
tick 2117000 alive   945795 genomes   43801 energy   189.4 births 8798450 deaths 8800227 (16178.7s) NVIDIA GeForce RTX 3060
tick 2118000 alive   944698 genomes   43634 energy   189.4 births 8774196 deaths 8775293 (16186.5s) NVIDIA GeForce RTX 3060
tick 2119000 alive   944483 genomes   44475 energy   189.2 births 8803221 deaths 8803436 (16194.3s) NVIDIA GeForce RTX 3060
tick 2120000 alive   944410 genomes   44900 energy   189.3 births 8789876 deaths 8789949 (16202.1s) NVIDIA GeForce RTX 3060
tick 2121000 alive   945685 genomes   45061 energy   189.8 births 8746917 deaths 8745642 (16209.9s) NVIDIA GeForce RTX 3060
tick 2122000 alive   941725 genomes   45595 energy   189.6 births 8720182 deaths 8724142 (16217.7s) NVIDIA GeForce RTX 3060
tick 2123000 alive   943352 genomes   46070 energy   189.6 births 8697692 deaths 8696065 (16225.5s) NVIDIA GeForce RTX 3060
tick 2124000 alive   943954 genomes   46215 energy   189.5 births 8723579 deaths 8722977 (16233.3s) NVIDIA GeForce RTX 3060
tick 2125000 alive   944047 genomes   45947 energy   189.5 births 8740894 deaths 8740801 (16241.2s) NVIDIA GeForce RTX 3060
tick 2126000 alive   945161 genomes   45503 energy   189.5 births 8766072 deaths 8764958 (16249.0s) NVIDIA GeForce RTX 3060
tick 2127000 alive   943723 genomes   45943 energy   189.5 births 8764426 deaths 8765864 (16256.7s) NVIDIA GeForce RTX 3060
tick 2128000 alive   943413 genomes   45574 energy   189.6 births 8755763 deaths 8756073 (16264.5s) NVIDIA GeForce RTX 3060
tick 2129000 alive   940564 genomes   46030 energy   189.5 births 8750444 deaths 8753293 (16272.3s) NVIDIA GeForce RTX 3060
tick 2130000 alive   941598 genomes   45396 energy   189.7 births 8732886 deaths 8731852 (16280.1s) NVIDIA GeForce RTX 3060
tick 2131000 alive   940693 genomes   44892 energy   189.8 births 8700048 deaths 8700953 (16287.9s) NVIDIA GeForce RTX 3060
tick 2132000 alive   940784 genomes   44592 energy   189.7 births 8672587 deaths 8672496 (16295.7s) NVIDIA GeForce RTX 3060
tick 2133000 alive   940396 genomes   44846 energy   189.6 births 8692259 deaths 8692647 (16303.5s) NVIDIA GeForce RTX 3060
tick 2134000 alive   939891 genomes   45036 energy   189.3 births 8720247 deaths 8720752 (16311.3s) NVIDIA GeForce RTX 3060
tick 2135000 alive   939406 genomes   45397 energy   188.9 births 8759528 deaths 8760013 (16319.1s) NVIDIA GeForce RTX 3060
tick 2136000 alive   940348 genomes   45118 energy   188.9 births 8800874 deaths 8799932 (16327.0s) NVIDIA GeForce RTX 3060
tick 2137000 alive   939583 genomes   45447 energy   189.0 births 8794657 deaths 8795422 (16334.8s) NVIDIA GeForce RTX 3060
tick 2138000 alive   941892 genomes   45403 energy   188.9 births 8833705 deaths 8831396 (16342.6s) NVIDIA GeForce RTX 3060
tick 2139000 alive   942536 genomes   45291 energy   188.9 births 8786737 deaths 8786093 (16350.5s) NVIDIA GeForce RTX 3060
tick 2140000 alive   941005 genomes   45623 energy   189.0 births 8809824 deaths 8811355 (16358.3s) NVIDIA GeForce RTX 3060
tick 2141000 alive   941347 genomes   45611 energy   188.8 births 8811254 deaths 8810912 (16366.2s) NVIDIA GeForce RTX 3060
tick 2142000 alive   940291 genomes   46361 energy   188.3 births 8843903 deaths 8844959 (16374.0s) NVIDIA GeForce RTX 3060
tick 2143000 alive   939575 genomes   46934 energy   188.4 births 8879894 deaths 8880610 (16381.9s) NVIDIA GeForce RTX 3060
tick 2144000 alive   938919 genomes   47118 energy   188.0 births 8874836 deaths 8875492 (16389.8s) NVIDIA GeForce RTX 3060
tick 2145000 alive   939602 genomes   47217 energy   188.6 births 8894859 deaths 8894176 (16397.6s) NVIDIA GeForce RTX 3060
tick 2146000 alive   937871 genomes   47429 energy   188.3 births 8862696 deaths 8864427 (16405.5s) NVIDIA GeForce RTX 3060
tick 2147000 alive   937925 genomes   47237 energy   188.4 births 8864756 deaths 8864702 (16413.4s) NVIDIA GeForce RTX 3060
tick 2148000 alive   936396 genomes   47031 energy   188.6 births 8828204 deaths 8829733 (16421.3s) NVIDIA GeForce RTX 3060
tick 2149000 alive   938139 genomes   47052 energy   188.6 births 8822706 deaths 8820963 (16429.2s) NVIDIA GeForce RTX 3060
tick 2150000 alive   939598 genomes   46699 energy   188.9 births 8764865 deaths 8763406 (16437.1s) NVIDIA GeForce RTX 3060
tick 2151000 alive   940609 genomes   46596 energy   188.7 births 8786961 deaths 8785950 (16445.0s) NVIDIA GeForce RTX 3060
tick 2152000 alive   939831 genomes   47118 energy   188.5 births 8845773 deaths 8846551 (16452.9s) NVIDIA GeForce RTX 3060
tick 2153000 alive   936905 genomes   47465 energy   188.2 births 8866966 deaths 8869892 (16460.8s) NVIDIA GeForce RTX 3060
tick 2154000 alive   937045 genomes   47940 energy   188.2 births 8894262 deaths 8894122 (16468.7s) NVIDIA GeForce RTX 3060
tick 2155000 alive   937979 genomes   47835 energy   188.4 births 8868525 deaths 8867591 (16476.6s) NVIDIA GeForce RTX 3060
tick 2156000 alive   937543 genomes   47618 energy   188.5 births 8872428 deaths 8872864 (16484.5s) NVIDIA GeForce RTX 3060
tick 2157000 alive   938483 genomes   47157 energy   188.5 births 8828024 deaths 8827084 (16492.4s) NVIDIA GeForce RTX 3060
tick 2158000 alive   937881 genomes   46932 energy   188.7 births 8826973 deaths 8827575 (16500.4s) NVIDIA GeForce RTX 3060
tick 2159000 alive   937947 genomes   46827 energy   188.9 births 8800861 deaths 8800795 (16508.3s) NVIDIA GeForce RTX 3060
tick 2160000 alive   938445 genomes   46853 energy   188.8 births 8770340 deaths 8769842 (16516.2s) NVIDIA GeForce RTX 3060
tick 2161000 alive   939184 genomes   47460 energy   188.6 births 8801593 deaths 8800854 (16524.1s) NVIDIA GeForce RTX 3060
tick 2162000 alive   937012 genomes   47905 energy   188.3 births 8861662 deaths 8863834 (16532.0s) NVIDIA GeForce RTX 3060
tick 2163000 alive   937080 genomes   48010 energy   188.3 births 8873936 deaths 8873868 (16539.9s) NVIDIA GeForce RTX 3060
tick 2164000 alive   937485 genomes   47572 energy   188.5 births 8847460 deaths 8847055 (16547.8s) NVIDIA GeForce RTX 3060
tick 2165000 alive   939974 genomes   47249 energy   188.5 births 8871519 deaths 8869030 (16555.8s) NVIDIA GeForce RTX 3060
tick 2166000 alive   940464 genomes   47321 energy   188.9 births 8815753 deaths 8815263 (16563.7s) NVIDIA GeForce RTX 3060
tick 2167000 alive   939543 genomes   47512 energy   188.9 births 8780718 deaths 8781639 (16571.6s) NVIDIA GeForce RTX 3060
tick 2168000 alive   940429 genomes   48016 energy   188.8 births 8802911 deaths 8802025 (16579.5s) NVIDIA GeForce RTX 3060
tick 2169000 alive   940064 genomes   48376 energy   189.1 births 8814406 deaths 8814771 (16587.4s) NVIDIA GeForce RTX 3060
tick 2170000 alive   941047 genomes   49131 energy   188.9 births 8832556 deaths 8831573 (16595.3s) NVIDIA GeForce RTX 3060
tick 2171000 alive   942067 genomes   49008 energy   189.0 births 8793441 deaths 8792421 (16603.2s) NVIDIA GeForce RTX 3060
tick 2172000 alive   941957 genomes   49083 energy   189.6 births 8752563 deaths 8752673 (16611.1s) NVIDIA GeForce RTX 3060
tick 2173000 alive   941606 genomes   48858 energy   189.4 births 8729737 deaths 8730088 (16619.0s) NVIDIA GeForce RTX 3060
tick 2174000 alive   941500 genomes   48033 energy   189.3 births 8741483 deaths 8741589 (16626.9s) NVIDIA GeForce RTX 3060
tick 2175000 alive   943471 genomes   47098 energy   189.2 births 8747403 deaths 8745432 (16634.8s) NVIDIA GeForce RTX 3060
tick 2176000 alive   942436 genomes   47136 energy   189.3 births 8770123 deaths 8771158 (16642.7s) NVIDIA GeForce RTX 3060
tick 2177000 alive   943784 genomes   46536 energy   189.4 births 8754057 deaths 8752709 (16650.6s) NVIDIA GeForce RTX 3060
tick 2178000 alive   943961 genomes   46432 energy   189.2 births 8785121 deaths 8784944 (16658.5s) NVIDIA GeForce RTX 3060
tick 2179000 alive   944039 genomes   46611 energy   189.5 births 8772557 deaths 8772479 (16666.3s) NVIDIA GeForce RTX 3060
tick 2180000 alive   942487 genomes   46508 energy   189.8 births 8751473 deaths 8753025 (16674.2s) NVIDIA GeForce RTX 3060
tick 2181000 alive   942475 genomes   46414 energy   189.9 births 8723651 deaths 8723663 (16682.1s) NVIDIA GeForce RTX 3060
tick 2182000 alive   942055 genomes   46633 energy   190.3 births 8691556 deaths 8691976 (16689.9s) NVIDIA GeForce RTX 3060
tick 2183000 alive   941724 genomes   46140 energy   190.4 births 8634894 deaths 8635225 (16697.8s) NVIDIA GeForce RTX 3060
tick 2184000 alive   941052 genomes   46521 energy   190.3 births 8647196 deaths 8647868 (16705.6s) NVIDIA GeForce RTX 3060
tick 2185000 alive   941549 genomes   46074 energy   190.4 births 8602952 deaths 8602455 (16713.5s) NVIDIA GeForce RTX 3060
tick 2186000 alive   940873 genomes   45540 energy   190.4 births 8574163 deaths 8574839 (16721.3s) NVIDIA GeForce RTX 3060
tick 2187000 alive   939914 genomes   45034 energy   190.2 births 8577460 deaths 8578419 (16729.2s) NVIDIA GeForce RTX 3060
tick 2188000 alive   941926 genomes   45267 energy   190.1 births 8630837 deaths 8628825 (16737.0s) NVIDIA GeForce RTX 3060
tick 2189000 alive   939585 genomes   45501 energy   189.4 births 8690928 deaths 8693269 (16744.9s) NVIDIA GeForce RTX 3060
tick 2190000 alive   939628 genomes   45853 energy   189.5 births 8742927 deaths 8742884 (16752.8s) NVIDIA GeForce RTX 3060
tick 2191000 alive   938273 genomes   46384 energy   189.6 births 8717303 deaths 8718658 (16760.7s) NVIDIA GeForce RTX 3060
tick 2192000 alive   938533 genomes   46376 energy   189.5 births 8715188 deaths 8714928 (16768.5s) NVIDIA GeForce RTX 3060
tick 2193000 alive   939815 genomes   46275 energy   189.4 births 8710434 deaths 8709152 (16776.4s) NVIDIA GeForce RTX 3060
tick 2194000 alive   938531 genomes   46368 energy   189.3 births 8734022 deaths 8735306 (16784.3s) NVIDIA GeForce RTX 3060
tick 2195000 alive   938678 genomes   46134 energy   189.4 births 8751822 deaths 8751675 (16792.1s) NVIDIA GeForce RTX 3060
tick 2196000 alive   936985 genomes   46193 energy   189.0 births 8768695 deaths 8770388 (16800.0s) NVIDIA GeForce RTX 3060
tick 2197000 alive   938030 genomes   45566 energy   189.5 births 8738549 deaths 8737504 (16807.9s) NVIDIA GeForce RTX 3060
tick 2198000 alive   937605 genomes   46151 energy   189.6 births 8711378 deaths 8711803 (16815.7s) NVIDIA GeForce RTX 3060
tick 2199000 alive   936838 genomes   46109 energy   189.6 births 8660578 deaths 8661345 (16823.6s) NVIDIA GeForce RTX 3060
tick 2200000 alive   938267 genomes   46236 energy   189.9 births 8628501 deaths 8627072 (16831.5s) NVIDIA GeForce RTX 3060
tick 2201000 alive   938975 genomes   46019 energy   189.8 births 8618891 deaths 8618183 (16839.3s) NVIDIA GeForce RTX 3060
tick 2202000 alive   937233 genomes   45305 energy   189.8 births 8632939 deaths 8634681 (16847.1s) NVIDIA GeForce RTX 3060
tick 2203000 alive   937226 genomes   45225 energy   189.4 births 8664661 deaths 8664668 (16855.0s) NVIDIA GeForce RTX 3060
tick 2204000 alive   937831 genomes   44822 energy   189.3 births 8721046 deaths 8720441 (16862.8s) NVIDIA GeForce RTX 3060
tick 2205000 alive   938847 genomes   44748 energy   189.2 births 8717806 deaths 8716790 (16870.7s) NVIDIA GeForce RTX 3060
tick 2206000 alive   938765 genomes   44417 energy   189.0 births 8734570 deaths 8734652 (16878.6s) NVIDIA GeForce RTX 3060
tick 2207000 alive   938969 genomes   44304 energy   189.0 births 8755541 deaths 8755337 (16886.4s) NVIDIA GeForce RTX 3060
tick 2208000 alive   937950 genomes   44537 energy   188.6 births 8771275 deaths 8772294 (16894.3s) NVIDIA GeForce RTX 3060
tick 2209000 alive   939748 genomes   44648 energy   188.7 births 8806739 deaths 8804941 (16902.2s) NVIDIA GeForce RTX 3060
tick 2210000 alive   939196 genomes   43993 energy   189.1 births 8797004 deaths 8797556 (16910.1s) NVIDIA GeForce RTX 3060
tick 2211000 alive   938688 genomes   44105 energy   189.4 births 8733536 deaths 8734044 (16918.0s) NVIDIA GeForce RTX 3060
tick 2212000 alive   938646 genomes   44435 energy   189.4 births 8672460 deaths 8672502 (16925.8s) NVIDIA GeForce RTX 3060
tick 2213000 alive   940145 genomes   45020 energy   189.6 births 8668799 deaths 8667300 (16933.7s) NVIDIA GeForce RTX 3060
tick 2214000 alive   938934 genomes   44918 energy   189.6 births 8676266 deaths 8677477 (16941.6s) NVIDIA GeForce RTX 3060
tick 2215000 alive   939240 genomes   44901 energy   189.6 births 8662071 deaths 8661765 (16949.5s) NVIDIA GeForce RTX 3060
tick 2216000 alive   938161 genomes   43992 energy   190.1 births 8634725 deaths 8635804 (16957.3s) NVIDIA GeForce RTX 3060
tick 2217000 alive   939445 genomes   43711 energy   189.9 births 8592358 deaths 8591074 (16965.2s) NVIDIA GeForce RTX 3060
tick 2218000 alive   940234 genomes   43233 energy   190.0 births 8623523 deaths 8622734 (16973.0s) NVIDIA GeForce RTX 3060
tick 2219000 alive   940462 genomes   43508 energy   189.8 births 8611476 deaths 8611248 (16980.9s) NVIDIA GeForce RTX 3060
tick 2220000 alive   940149 genomes   43210 energy   189.5 births 8661670 deaths 8661983 (16988.8s) NVIDIA GeForce RTX 3060
tick 2221000 alive   939385 genomes   43166 energy   189.0 births 8711355 deaths 8712119 (16996.6s) NVIDIA GeForce RTX 3060
tick 2222000 alive   939074 genomes   43346 energy   188.8 births 8770272 deaths 8770583 (17004.5s) NVIDIA GeForce RTX 3060
tick 2223000 alive   938385 genomes   42647 energy   188.6 births 8769059 deaths 8769748 (17012.4s) NVIDIA GeForce RTX 3060
tick 2224000 alive   937880 genomes   43262 energy   188.3 births 8835499 deaths 8836004 (17020.3s) NVIDIA GeForce RTX 3060
tick 2225000 alive   938589 genomes   42955 energy   188.8 births 8805763 deaths 8805054 (17028.2s) NVIDIA GeForce RTX 3060
tick 2226000 alive   939180 genomes   43383 energy   188.4 births 8814599 deaths 8814008 (17036.1s) NVIDIA GeForce RTX 3060
tick 2227000 alive   940262 genomes   43486 energy   188.4 births 8835398 deaths 8834316 (17043.9s) NVIDIA GeForce RTX 3060
tick 2228000 alive   940174 genomes   43522 energy   188.7 births 8815098 deaths 8815186 (17051.8s) NVIDIA GeForce RTX 3060
tick 2229000 alive   941162 genomes   43736 energy   188.8 births 8811896 deaths 8810908 (17059.7s) NVIDIA GeForce RTX 3060
tick 2230000 alive   939738 genomes   44692 energy   188.1 births 8881931 deaths 8883355 (17067.6s) NVIDIA GeForce RTX 3060
tick 2231000 alive   938394 genomes   45109 energy   188.2 births 8895883 deaths 8897227 (17075.5s) NVIDIA GeForce RTX 3060
tick 2232000 alive   939189 genomes   44871 energy   188.4 births 8860175 deaths 8859380 (17083.4s) NVIDIA GeForce RTX 3060
tick 2233000 alive   939487 genomes   45148 energy   188.7 births 8848457 deaths 8848159 (17091.3s) NVIDIA GeForce RTX 3060
tick 2234000 alive   939017 genomes   45085 energy   188.8 births 8791031 deaths 8791501 (17099.2s) NVIDIA GeForce RTX 3060
tick 2235000 alive   938097 genomes   45136 energy   188.9 births 8801754 deaths 8802674 (17107.1s) NVIDIA GeForce RTX 3060
tick 2236000 alive   937844 genomes   46011 energy   188.7 births 8784613 deaths 8784866 (17115.0s) NVIDIA GeForce RTX 3060
tick 2237000 alive   937532 genomes   45791 energy   188.6 births 8791920 deaths 8792232 (17122.9s) NVIDIA GeForce RTX 3060
tick 2238000 alive   938020 genomes   45904 energy   188.3 births 8826375 deaths 8825887 (17130.8s) NVIDIA GeForce RTX 3060
tick 2239000 alive   939502 genomes   46085 energy   188.3 births 8863635 deaths 8862153 (17138.7s) NVIDIA GeForce RTX 3060
tick 2240000 alive   941727 genomes   46225 energy   188.3 births 8860833 deaths 8858608 (17146.7s) NVIDIA GeForce RTX 3060
tick 2241000 alive   943033 genomes   46742 energy   188.2 births 8879259 deaths 8877953 (17154.6s) NVIDIA GeForce RTX 3060
tick 2242000 alive   940729 genomes   47701 energy   188.2 births 8923529 deaths 8925833 (17162.6s) NVIDIA GeForce RTX 3060
tick 2243000 alive   937730 genomes   48443 energy   188.2 births 8926540 deaths 8929539 (17170.5s) NVIDIA GeForce RTX 3060
tick 2244000 alive   939308 genomes   48681 energy   188.5 births 8889920 deaths 8888342 (17178.5s) NVIDIA GeForce RTX 3060
tick 2245000 alive   938342 genomes   48986 energy   188.2 births 8880808 deaths 8881774 (17186.4s) NVIDIA GeForce RTX 3060
tick 2246000 alive   937332 genomes   49131 energy   188.0 births 8912999 deaths 8914009 (17194.3s) NVIDIA GeForce RTX 3060
tick 2247000 alive   938567 genomes   48669 energy   188.7 births 8872288 deaths 8871053 (17202.3s) NVIDIA GeForce RTX 3060
tick 2248000 alive   938109 genomes   47756 energy   188.8 births 8828686 deaths 8829144 (17210.2s) NVIDIA GeForce RTX 3060
tick 2249000 alive   939433 genomes   47563 energy   188.5 births 8832565 deaths 8831241 (17218.2s) NVIDIA GeForce RTX 3060
tick 2250000 alive   940024 genomes   47150 energy   188.7 births 8832616 deaths 8832025 (17226.1s) NVIDIA GeForce RTX 3060
tick 2251000 alive   938789 genomes   46499 energy   188.4 births 8846341 deaths 8847576 (17234.0s) NVIDIA GeForce RTX 3060
tick 2252000 alive   940130 genomes   45913 energy   188.3 births 8870793 deaths 8869452 (17242.0s) NVIDIA GeForce RTX 3060
tick 2253000 alive   938573 genomes   46252 energy   187.8 births 8897572 deaths 8899129 (17249.9s) NVIDIA GeForce RTX 3060
tick 2254000 alive   937850 genomes   45525 energy   187.9 births 8945228 deaths 8945951 (17257.9s) NVIDIA GeForce RTX 3060
tick 2255000 alive   939320 genomes   45122 energy   188.1 births 8930630 deaths 8929160 (17265.8s) NVIDIA GeForce RTX 3060
tick 2256000 alive   939129 genomes   45958 energy   188.4 births 8890137 deaths 8890328 (17273.8s) NVIDIA GeForce RTX 3060
tick 2257000 alive   938080 genomes   46022 energy   188.6 births 8823260 deaths 8824309 (17281.7s) NVIDIA GeForce RTX 3060
tick 2258000 alive   936831 genomes   45738 energy   189.0 births 8762330 deaths 8763579 (17289.7s) NVIDIA GeForce RTX 3060
tick 2259000 alive   937823 genomes   44889 energy   189.2 births 8722678 deaths 8721686 (17297.6s) NVIDIA GeForce RTX 3060
tick 2260000 alive   939517 genomes   44947 energy   188.8 births 8737077 deaths 8735383 (17305.5s) NVIDIA GeForce RTX 3060
tick 2261000 alive   941356 genomes   44638 energy   189.4 births 8742225 deaths 8740386 (17313.5s) NVIDIA GeForce RTX 3060
tick 2262000 alive   940827 genomes   44485 energy   189.7 births 8690255 deaths 8690784 (17321.4s) NVIDIA GeForce RTX 3060
tick 2263000 alive   941816 genomes   44236 energy   190.0 births 8671521 deaths 8670532 (17329.3s) NVIDIA GeForce RTX 3060
tick 2264000 alive   940664 genomes   44356 energy   190.3 births 8602620 deaths 8603772 (17337.2s) NVIDIA GeForce RTX 3060
tick 2265000 alive   939810 genomes   44566 energy   190.0 births 8563127 deaths 8563981 (17345.1s) NVIDIA GeForce RTX 3060
tick 2266000 alive   940652 genomes   44296 energy   190.2 births 8569658 deaths 8568816 (17353.0s) NVIDIA GeForce RTX 3060
tick 2267000 alive   940880 genomes   43503 energy   190.4 births 8525100 deaths 8524872 (17360.9s) NVIDIA GeForce RTX 3060
tick 2268000 alive   939835 genomes   44129 energy   189.7 births 8573853 deaths 8574898 (17368.9s) NVIDIA GeForce RTX 3060
tick 2269000 alive   940075 genomes   44260 energy   189.9 births 8620089 deaths 8619849 (17376.8s) NVIDIA GeForce RTX 3060
tick 2270000 alive   939468 genomes   44172 energy   189.8 births 8593765 deaths 8594372 (17384.7s) NVIDIA GeForce RTX 3060
tick 2271000 alive   939752 genomes   44290 energy   189.4 births 8644449 deaths 8644165 (17392.7s) NVIDIA GeForce RTX 3060
tick 2272000 alive   940839 genomes   44422 energy   189.3 births 8651570 deaths 8650483 (17400.6s) NVIDIA GeForce RTX 3060
tick 2273000 alive   943048 genomes   45090 energy   189.6 births 8666374 deaths 8664165 (17408.5s) NVIDIA GeForce RTX 3060
tick 2274000 alive   943347 genomes   45393 energy   189.7 births 8651160 deaths 8650861 (17416.4s) NVIDIA GeForce RTX 3060
tick 2275000 alive   943479 genomes   45997 energy   189.6 births 8693621 deaths 8693489 (17424.4s) NVIDIA GeForce RTX 3060
tick 2276000 alive   940073 genomes   46766 energy   189.4 births 8717042 deaths 8720448 (17432.3s) NVIDIA GeForce RTX 3060
tick 2277000 alive   940076 genomes   47003 energy   189.6 births 8747362 deaths 8747359 (17440.2s) NVIDIA GeForce RTX 3060
tick 2278000 alive   939162 genomes   47069 energy   189.6 births 8692449 deaths 8693363 (17448.1s) NVIDIA GeForce RTX 3060
tick 2279000 alive   941819 genomes   46577 energy   189.7 births 8646578 deaths 8643921 (17456.0s) NVIDIA GeForce RTX 3060
tick 2280000 alive   942502 genomes   46481 energy   190.0 births 8678604 deaths 8677921 (17464.0s) NVIDIA GeForce RTX 3060
tick 2281000 alive   941582 genomes   46431 energy   189.8 births 8663906 deaths 8664826 (17471.9s) NVIDIA GeForce RTX 3060
tick 2282000 alive   942915 genomes   45711 energy   189.8 births 8674405 deaths 8673072 (17479.8s) NVIDIA GeForce RTX 3060
tick 2283000 alive   943235 genomes   45224 energy   189.9 births 8670961 deaths 8670641 (17487.7s) NVIDIA GeForce RTX 3060
tick 2284000 alive   944529 genomes   45839 energy   189.7 births 8699365 deaths 8698071 (17495.6s) NVIDIA GeForce RTX 3060
tick 2285000 alive   943831 genomes   46174 energy   189.5 births 8743941 deaths 8744639 (17503.5s) NVIDIA GeForce RTX 3060
tick 2286000 alive   943521 genomes   46257 energy   189.3 births 8744801 deaths 8745111 (17511.4s) NVIDIA GeForce RTX 3060
tick 2287000 alive   942873 genomes   46666 energy   189.5 births 8746985 deaths 8747633 (17519.3s) NVIDIA GeForce RTX 3060
tick 2288000 alive   942995 genomes   46810 energy   189.4 births 8738611 deaths 8738489 (17527.3s) NVIDIA GeForce RTX 3060
tick 2289000 alive   941882 genomes   46794 energy   189.7 births 8746350 deaths 8747463 (17535.2s) NVIDIA GeForce RTX 3060
tick 2290000 alive   942230 genomes   46940 energy   189.5 births 8744773 deaths 8744425 (17543.1s) NVIDIA GeForce RTX 3060
tick 2291000 alive   941201 genomes   46328 energy   189.4 births 8745846 deaths 8746875 (17551.0s) NVIDIA GeForce RTX 3060
tick 2292000 alive   940963 genomes   45800 energy   189.5 births 8723230 deaths 8723468 (17558.9s) NVIDIA GeForce RTX 3060
tick 2293000 alive   940087 genomes   44890 energy   189.6 births 8724295 deaths 8725171 (17566.8s) NVIDIA GeForce RTX 3060
tick 2294000 alive   940394 genomes   45853 energy   189.1 births 8748477 deaths 8748170 (17574.7s) NVIDIA GeForce RTX 3060
tick 2295000 alive   939009 genomes   45749 energy   189.1 births 8768417 deaths 8769802 (17582.6s) NVIDIA GeForce RTX 3060
tick 2296000 alive   940380 genomes   45763 energy   189.6 births 8757682 deaths 8756311 (17590.5s) NVIDIA GeForce RTX 3060
tick 2297000 alive   941565 genomes   45137 energy   189.4 births 8724701 deaths 8723516 (17598.3s) NVIDIA GeForce RTX 3060
tick 2298000 alive   942226 genomes   44557 energy   189.6 births 8715998 deaths 8715337 (17606.2s) NVIDIA GeForce RTX 3060
tick 2299000 alive   944132 genomes   43693 energy   189.8 births 8700639 deaths 8698733 (17614.1s) NVIDIA GeForce RTX 3060
tick 2300000 alive   944732 genomes   44253 energy   189.7 births 8725743 deaths 8725143 (17621.9s) NVIDIA GeForce RTX 3060
tick 2301000 alive   943253 genomes   45046 energy   189.7 births 8748587 deaths 8750066 (17629.8s) NVIDIA GeForce RTX 3060
tick 2302000 alive   942787 genomes   45095 energy   189.7 births 8747241 deaths 8747707 (17637.6s) NVIDIA GeForce RTX 3060
tick 2303000 alive   942695 genomes   44820 energy   190.0 births 8706353 deaths 8706445 (17645.4s) NVIDIA GeForce RTX 3060
tick 2304000 alive   942787 genomes   45723 energy   190.4 births 8664920 deaths 8664828 (17653.3s) NVIDIA GeForce RTX 3060
tick 2305000 alive   942239 genomes   46295 energy   190.1 births 8667321 deaths 8667869 (17661.1s) NVIDIA GeForce RTX 3060
tick 2306000 alive   939850 genomes   46869 energy   189.8 births 8676513 deaths 8678902 (17668.9s) NVIDIA GeForce RTX 3060
tick 2307000 alive   942042 genomes   46907 energy   189.8 births 8728078 deaths 8725886 (17676.8s) NVIDIA GeForce RTX 3060
tick 2308000 alive   942424 genomes   46137 energy   189.7 births 8727832 deaths 8727450 (17684.6s) NVIDIA GeForce RTX 3060
tick 2309000 alive   942828 genomes   45185 energy   190.0 births 8698230 deaths 8697826 (17692.5s) NVIDIA GeForce RTX 3060
tick 2310000 alive   942954 genomes   44926 energy   189.9 births 8690474 deaths 8690348 (17700.3s) NVIDIA GeForce RTX 3060
tick 2311000 alive   944221 genomes   44757 energy   190.1 births 8698604 deaths 8697337 (17708.2s) NVIDIA GeForce RTX 3060
tick 2312000 alive   943899 genomes   44810 energy   190.0 births 8678365 deaths 8678687 (17716.0s) NVIDIA GeForce RTX 3060
tick 2313000 alive   945192 genomes   45456 energy   189.8 births 8719702 deaths 8718409 (17723.9s) NVIDIA GeForce RTX 3060
tick 2314000 alive   945191 genomes   46201 energy   189.6 births 8762000 deaths 8762001 (17731.7s) NVIDIA GeForce RTX 3060
tick 2315000 alive   944173 genomes   46236 energy   189.8 births 8757123 deaths 8758141 (17739.6s) NVIDIA GeForce RTX 3060
tick 2316000 alive   943533 genomes   46386 energy   189.7 births 8768601 deaths 8769241 (17747.5s) NVIDIA GeForce RTX 3060
tick 2317000 alive   944050 genomes   46979 energy   189.4 births 8785427 deaths 8784910 (17755.3s) NVIDIA GeForce RTX 3060
tick 2318000 alive   944218 genomes   47027 energy   189.7 births 8812097 deaths 8811929 (17763.2s) NVIDIA GeForce RTX 3060
tick 2319000 alive   943441 genomes   47403 energy   189.4 births 8811720 deaths 8812497 (17771.1s) NVIDIA GeForce RTX 3060
tick 2320000 alive   940688 genomes   47673 energy   189.6 births 8802248 deaths 8805001 (17779.0s) NVIDIA GeForce RTX 3060
tick 2321000 alive   942738 genomes   47792 energy   189.7 births 8763856 deaths 8761806 (17786.9s) NVIDIA GeForce RTX 3060
tick 2322000 alive   941204 genomes   47464 energy   189.6 births 8760255 deaths 8761789 (17794.8s) NVIDIA GeForce RTX 3060
tick 2323000 alive   941653 genomes   47090 energy   189.9 births 8737896 deaths 8737447 (17802.7s) NVIDIA GeForce RTX 3060
tick 2324000 alive   942328 genomes   47066 energy   189.8 births 8727195 deaths 8726520 (17810.6s) NVIDIA GeForce RTX 3060
tick 2325000 alive   942125 genomes   46856 energy   190.0 births 8718447 deaths 8718650 (17818.5s) NVIDIA GeForce RTX 3060
tick 2326000 alive   943211 genomes   46532 energy   190.1 births 8712805 deaths 8711719 (17826.4s) NVIDIA GeForce RTX 3060
tick 2327000 alive   943550 genomes   47375 energy   189.7 births 8719602 deaths 8719263 (17834.3s) NVIDIA GeForce RTX 3060
tick 2328000 alive   943022 genomes   47619 energy   189.6 births 8731732 deaths 8732260 (17842.2s) NVIDIA GeForce RTX 3060
tick 2329000 alive   943300 genomes   47648 energy   189.6 births 8763645 deaths 8763367 (17850.1s) NVIDIA GeForce RTX 3060
tick 2330000 alive   942686 genomes   48008 energy   189.7 births 8737185 deaths 8737799 (17858.0s) NVIDIA GeForce RTX 3060
tick 2331000 alive   943281 genomes   47520 energy   190.2 births 8676524 deaths 8675929 (17865.9s) NVIDIA GeForce RTX 3060
tick 2332000 alive   941366 genomes   47790 energy   190.2 births 8640562 deaths 8642477 (17873.9s) NVIDIA GeForce RTX 3060
tick 2333000 alive   942535 genomes   47585 energy   190.1 births 8658011 deaths 8656842 (17881.8s) NVIDIA GeForce RTX 3060
tick 2334000 alive   944398 genomes   47264 energy   190.2 births 8651116 deaths 8649253 (17889.7s) NVIDIA GeForce RTX 3060
tick 2335000 alive   945542 genomes   48265 energy   190.1 births 8675042 deaths 8673898 (17897.6s) NVIDIA GeForce RTX 3060
tick 2336000 alive   945293 genomes   49009 energy   190.0 births 8700893 deaths 8701142 (17905.5s) NVIDIA GeForce RTX 3060
tick 2337000 alive   943721 genomes   49857 energy   189.5 births 8751031 deaths 8752603 (17913.4s) NVIDIA GeForce RTX 3060
tick 2338000 alive   942947 genomes   50262 energy   189.8 births 8754917 deaths 8755691 (17921.4s) NVIDIA GeForce RTX 3060
tick 2339000 alive   943657 genomes   50191 energy   190.1 births 8720695 deaths 8719985 (17929.3s) NVIDIA GeForce RTX 3060
tick 2340000 alive   943238 genomes   49977 energy   190.0 births 8716396 deaths 8716815 (17937.2s) NVIDIA GeForce RTX 3060
tick 2341000 alive   944612 genomes   50701 energy   190.3 births 8697631 deaths 8696257 (17945.1s) NVIDIA GeForce RTX 3060
tick 2342000 alive   943678 genomes   51245 energy   190.1 births 8687925 deaths 8688859 (17953.1s) NVIDIA GeForce RTX 3060
tick 2343000 alive   944071 genomes   51330 energy   190.3 births 8691360 deaths 8690967 (17961.0s) NVIDIA GeForce RTX 3060
tick 2344000 alive   942464 genomes   51563 energy   190.1 births 8684590 deaths 8686197 (17968.9s) NVIDIA GeForce RTX 3060
tick 2345000 alive   943535 genomes   51335 energy   190.4 births 8688071 deaths 8687000 (17976.8s) NVIDIA GeForce RTX 3060
tick 2346000 alive   943883 genomes   51491 energy   190.5 births 8652949 deaths 8652601 (17984.7s) NVIDIA GeForce RTX 3060
tick 2347000 alive   945577 genomes   50599 energy   190.7 births 8619369 deaths 8617675 (17992.6s) NVIDIA GeForce RTX 3060
tick 2348000 alive   945872 genomes   51778 energy   190.4 births 8651326 deaths 8651031 (18000.5s) NVIDIA GeForce RTX 3060
tick 2349000 alive   945240 genomes   52304 energy   190.1 births 8674284 deaths 8674916 (18008.4s) NVIDIA GeForce RTX 3060
tick 2350000 alive   942524 genomes   51935 energy   190.2 births 8666581 deaths 8669297 (18016.3s) NVIDIA GeForce RTX 3060
tick 2351000 alive   941735 genomes   51492 energy   190.5 births 8659013 deaths 8659802 (18024.2s) NVIDIA GeForce RTX 3060
tick 2352000 alive   941194 genomes   50806 energy   191.0 births 8586088 deaths 8586629 (18032.1s) NVIDIA GeForce RTX 3060
tick 2353000 alive   941177 genomes   50088 energy   190.9 births 8538108 deaths 8538125 (18040.1s) NVIDIA GeForce RTX 3060
tick 2354000 alive   942347 genomes   49012 energy   190.6 births 8561424 deaths 8560254 (18048.0s) NVIDIA GeForce RTX 3060
tick 2355000 alive   941833 genomes   48641 energy   190.8 births 8557396 deaths 8557910 (18055.9s) NVIDIA GeForce RTX 3060
tick 2356000 alive   943172 genomes   48626 energy   191.0 births 8542325 deaths 8540986 (18063.8s) NVIDIA GeForce RTX 3060
tick 2357000 alive   942249 genomes   48718 energy   190.9 births 8544779 deaths 8545702 (18071.7s) NVIDIA GeForce RTX 3060
tick 2358000 alive   944472 genomes   47596 energy   191.1 births 8501612 deaths 8499389 (18079.6s) NVIDIA GeForce RTX 3060
tick 2359000 alive   946923 genomes   47640 energy   191.2 births 8489017 deaths 8486566 (18087.5s) NVIDIA GeForce RTX 3060
tick 2360000 alive   945726 genomes   47540 energy   191.2 births 8534490 deaths 8535687 (18095.4s) NVIDIA GeForce RTX 3060
tick 2361000 alive   946027 genomes   46813 energy   191.6 births 8467939 deaths 8467638 (18103.3s) NVIDIA GeForce RTX 3060
tick 2362000 alive   945631 genomes   46499 energy   191.4 births 8425802 deaths 8426198 (18111.1s) NVIDIA GeForce RTX 3060
tick 2363000 alive   945562 genomes   46295 energy   191.3 births 8477258 deaths 8477327 (18119.0s) NVIDIA GeForce RTX 3060
tick 2364000 alive   945661 genomes   45713 energy   190.9 births 8502011 deaths 8501912 (18126.9s) NVIDIA GeForce RTX 3060
tick 2365000 alive   944499 genomes   45120 energy   190.7 births 8552213 deaths 8553375 (18134.8s) NVIDIA GeForce RTX 3060
tick 2366000 alive   944588 genomes   44451 energy   190.6 births 8562222 deaths 8562133 (18142.7s) NVIDIA GeForce RTX 3060
tick 2367000 alive   946522 genomes   44959 energy   190.7 births 8601058 deaths 8599124 (18150.6s) NVIDIA GeForce RTX 3060
tick 2368000 alive   946227 genomes   45079 energy   190.3 births 8643846 deaths 8644141 (18158.4s) NVIDIA GeForce RTX 3060
tick 2369000 alive   945805 genomes   45276 energy   190.0 births 8697249 deaths 8697671 (18166.3s) NVIDIA GeForce RTX 3060
tick 2370000 alive   946334 genomes   45363 energy   190.0 births 8725610 deaths 8725081 (18174.2s) NVIDIA GeForce RTX 3060
tick 2371000 alive   948845 genomes   45240 energy   190.0 births 8739358 deaths 8736847 (18182.1s) NVIDIA GeForce RTX 3060
tick 2372000 alive   949340 genomes   45425 energy   190.5 births 8721186 deaths 8720691 (18190.0s) NVIDIA GeForce RTX 3060
tick 2373000 alive   949908 genomes   45417 energy   190.8 births 8677932 deaths 8677364 (18197.8s) NVIDIA GeForce RTX 3060
tick 2374000 alive   950340 genomes   46424 energy   190.8 births 8702476 deaths 8702044 (18205.7s) NVIDIA GeForce RTX 3060
tick 2375000 alive   948195 genomes   47092 energy   190.8 births 8690849 deaths 8692994 (18213.5s) NVIDIA GeForce RTX 3060
tick 2376000 alive   947409 genomes   46833 energy   191.0 births 8669286 deaths 8670072 (18221.3s) NVIDIA GeForce RTX 3060
tick 2377000 alive   947711 genomes   46970 energy   190.6 births 8694603 deaths 8694301 (18229.2s) NVIDIA GeForce RTX 3060
tick 2378000 alive   948008 genomes   46257 energy   190.3 births 8753384 deaths 8753087 (18237.1s) NVIDIA GeForce RTX 3060
tick 2379000 alive   946722 genomes   45870 energy   190.5 births 8731348 deaths 8732634 (18244.9s) NVIDIA GeForce RTX 3060
tick 2380000 alive   947425 genomes   45881 energy   190.7 births 8697428 deaths 8696725 (18252.8s) NVIDIA GeForce RTX 3060
tick 2381000 alive   947627 genomes   45845 energy   190.8 births 8694864 deaths 8694662 (18260.6s) NVIDIA GeForce RTX 3060
tick 2382000 alive   945914 genomes   45663 energy   190.9 births 8658863 deaths 8660576 (18268.5s) NVIDIA GeForce RTX 3060
tick 2383000 alive   945442 genomes   45106 energy   191.0 births 8633289 deaths 8633761 (18276.4s) NVIDIA GeForce RTX 3060
tick 2384000 alive   946172 genomes   44757 energy   191.2 births 8608992 deaths 8608262 (18284.2s) NVIDIA GeForce RTX 3060
tick 2385000 alive   948655 genomes   43673 energy   191.4 births 8574313 deaths 8571830 (18292.1s) NVIDIA GeForce RTX 3060
tick 2386000 alive   949595 genomes   44373 energy   190.9 births 8601024 deaths 8600084 (18299.9s) NVIDIA GeForce RTX 3060
tick 2387000 alive   950431 genomes   44730 energy   190.8 births 8658527 deaths 8657691 (18307.8s) NVIDIA GeForce RTX 3060
tick 2388000 alive   947844 genomes   45308 energy   190.1 births 8727051 deaths 8729638 (18315.7s) NVIDIA GeForce RTX 3060
tick 2389000 alive   946262 genomes   45011 energy   190.3 births 8771879 deaths 8773461 (18323.6s) NVIDIA GeForce RTX 3060
tick 2390000 alive   944488 genomes   45529 energy   190.0 births 8748665 deaths 8750439 (18331.5s) NVIDIA GeForce RTX 3060
tick 2391000 alive   943442 genomes   46111 energy   190.0 births 8766567 deaths 8767613 (18339.4s) NVIDIA GeForce RTX 3060
tick 2392000 alive   943897 genomes   45868 energy   190.1 births 8768982 deaths 8768527 (18347.3s) NVIDIA GeForce RTX 3060
tick 2393000 alive   942805 genomes   45379 energy   190.1 births 8714651 deaths 8715743 (18355.2s) NVIDIA GeForce RTX 3060
tick 2394000 alive   943618 genomes   45421 energy   189.9 births 8709633 deaths 8708820 (18363.1s) NVIDIA GeForce RTX 3060
tick 2395000 alive   944812 genomes   45600 energy   190.1 births 8712367 deaths 8711173 (18371.1s) NVIDIA GeForce RTX 3060
tick 2396000 alive   944094 genomes   46051 energy   190.0 births 8718960 deaths 8719678 (18379.0s) NVIDIA GeForce RTX 3060
tick 2397000 alive   942838 genomes   46658 energy   189.5 births 8759518 deaths 8760774 (18386.9s) NVIDIA GeForce RTX 3060
tick 2398000 alive   941739 genomes   46752 energy   189.5 births 8789657 deaths 8790756 (18394.9s) NVIDIA GeForce RTX 3060
tick 2399000 alive   943424 genomes   47034 energy   189.2 births 8814083 deaths 8812398 (18402.9s) NVIDIA GeForce RTX 3060
tick 2400000 alive   942849 genomes   46818 energy   189.3 births 8844627 deaths 8845202 (18410.9s) NVIDIA GeForce RTX 3060
tick 2401000 alive   942121 genomes   46984 energy   189.3 births 8832079 deaths 8832807 (18418.8s) NVIDIA GeForce RTX 3060
tick 2402000 alive   942878 genomes   47101 energy   189.3 births 8824426 deaths 8823669 (18426.8s) NVIDIA GeForce RTX 3060
tick 2403000 alive   943641 genomes   47603 energy   189.1 births 8830429 deaths 8829666 (18434.8s) NVIDIA GeForce RTX 3060
tick 2404000 alive   944325 genomes   47894 energy   189.5 births 8821486 deaths 8820802 (18442.7s) NVIDIA GeForce RTX 3060
tick 2405000 alive   944443 genomes   48129 energy   189.6 births 8798135 deaths 8798017 (18450.7s) NVIDIA GeForce RTX 3060
tick 2406000 alive   944208 genomes   47782 energy   189.7 births 8811450 deaths 8811685 (18458.6s) NVIDIA GeForce RTX 3060
tick 2407000 alive   942900 genomes   47462 energy   189.6 births 8774532 deaths 8775840 (18466.6s) NVIDIA GeForce RTX 3060
tick 2408000 alive   942696 genomes   47766 energy   189.7 births 8814244 deaths 8814448 (18474.5s) NVIDIA GeForce RTX 3060
tick 2409000 alive   941732 genomes   47626 energy   189.3 births 8809767 deaths 8810731 (18482.5s) NVIDIA GeForce RTX 3060
tick 2410000 alive   943448 genomes   46827 energy   189.2 births 8817511 deaths 8815795 (18490.4s) NVIDIA GeForce RTX 3060
tick 2411000 alive   944566 genomes   46067 energy   190.0 births 8795162 deaths 8794044 (18498.4s) NVIDIA GeForce RTX 3060
tick 2412000 alive   946602 genomes   45447 energy   190.3 births 8731677 deaths 8729641 (18506.3s) NVIDIA GeForce RTX 3060
tick 2413000 alive   946981 genomes   45703 energy   190.0 births 8721259 deaths 8720880 (18514.2s) NVIDIA GeForce RTX 3060
tick 2414000 alive   945225 genomes   46157 energy   189.7 births 8763662 deaths 8765418 (18522.1s) NVIDIA GeForce RTX 3060
tick 2415000 alive   945854 genomes   46491 energy   189.8 births 8771821 deaths 8771192 (18530.0s) NVIDIA GeForce RTX 3060
tick 2416000 alive   944815 genomes   46801 energy   190.0 births 8765431 deaths 8766470 (18538.0s) NVIDIA GeForce RTX 3060
tick 2417000 alive   943928 genomes   46621 energy   189.8 births 8750782 deaths 8751669 (18545.9s) NVIDIA GeForce RTX 3060
tick 2418000 alive   944130 genomes   46278 energy   190.1 births 8741545 deaths 8741343 (18553.9s) NVIDIA GeForce RTX 3060
tick 2419000 alive   944057 genomes   46306 energy   190.2 births 8670201 deaths 8670274 (18561.8s) NVIDIA GeForce RTX 3060
tick 2420000 alive   946288 genomes   46372 energy   190.3 births 8662112 deaths 8659881 (18569.8s) NVIDIA GeForce RTX 3060
tick 2421000 alive   946577 genomes   46349 energy   190.3 births 8669699 deaths 8669410 (18577.8s) NVIDIA GeForce RTX 3060
tick 2422000 alive   948311 genomes   46563 energy   190.3 births 8677345 deaths 8675611 (18585.7s) NVIDIA GeForce RTX 3060
tick 2423000 alive   947715 genomes   46926 energy   190.1 births 8685559 deaths 8686155 (18593.7s) NVIDIA GeForce RTX 3060
tick 2424000 alive   946551 genomes   46879 energy   189.7 births 8720542 deaths 8721706 (18601.7s) NVIDIA GeForce RTX 3060
tick 2425000 alive   947705 genomes   47269 energy   189.3 births 8793142 deaths 8791988 (18609.7s) NVIDIA GeForce RTX 3060
tick 2426000 alive   948135 genomes   47087 energy   189.2 births 8843044 deaths 8842614 (18617.6s) NVIDIA GeForce RTX 3060
tick 2427000 alive   946676 genomes   48393 energy   189.2 births 8871063 deaths 8872522 (18625.6s) NVIDIA GeForce RTX 3060
tick 2428000 alive   945144 genomes   48213 energy   189.5 births 8845548 deaths 8847080 (18633.5s) NVIDIA GeForce RTX 3060
tick 2429000 alive   945145 genomes   48624 energy   189.0 births 8833552 deaths 8833551 (18641.4s) NVIDIA GeForce RTX 3060
tick 2430000 alive   945648 genomes   47929 energy   188.9 births 8884913 deaths 8884410 (18649.4s) NVIDIA GeForce RTX 3060
tick 2431000 alive   945984 genomes   47955 energy   189.2 births 8885289 deaths 8884953 (18657.3s) NVIDIA GeForce RTX 3060
tick 2432000 alive   946252 genomes   47864 energy   188.9 births 8880394 deaths 8880126 (18665.2s) NVIDIA GeForce RTX 3060
tick 2433000 alive   946391 genomes   47844 energy   189.2 births 8906651 deaths 8906512 (18673.2s) NVIDIA GeForce RTX 3060
tick 2434000 alive   948646 genomes   47354 energy   189.8 births 8846022 deaths 8843767 (18681.1s) NVIDIA GeForce RTX 3060
tick 2435000 alive   947020 genomes   46999 energy   190.0 births 8776386 deaths 8778012 (18689.0s) NVIDIA GeForce RTX 3060
tick 2436000 alive   945312 genomes   47320 energy   189.8 births 8749747 deaths 8751455 (18696.9s) NVIDIA GeForce RTX 3060
tick 2437000 alive   944997 genomes   47649 energy   190.0 births 8735185 deaths 8735500 (18704.9s) NVIDIA GeForce RTX 3060
tick 2438000 alive   944575 genomes   47607 energy   189.8 births 8728844 deaths 8729266 (18712.8s) NVIDIA GeForce RTX 3060
tick 2439000 alive   945836 genomes   47584 energy   190.2 births 8719001 deaths 8717740 (18720.7s) NVIDIA GeForce RTX 3060
tick 2440000 alive   945829 genomes   47470 energy   190.1 births 8678290 deaths 8678297 (18728.7s) NVIDIA GeForce RTX 3060
tick 2441000 alive   946176 genomes   46818 energy   190.0 births 8662551 deaths 8662204 (18736.6s) NVIDIA GeForce RTX 3060
tick 2442000 alive   946636 genomes   46346 energy   190.6 births 8641607 deaths 8641147 (18744.6s) NVIDIA GeForce RTX 3060
tick 2443000 alive   947375 genomes   45919 energy   191.0 births 8581729 deaths 8580990 (18752.5s) NVIDIA GeForce RTX 3060
tick 2444000 alive   947980 genomes   45158 energy   191.5 births 8495643 deaths 8495038 (18760.4s) NVIDIA GeForce RTX 3060
tick 2445000 alive   948318 genomes   44383 energy   192.2 births 8374122 deaths 8373784 (18768.3s) NVIDIA GeForce RTX 3060
tick 2446000 alive   949458 genomes   43860 energy   191.9 births 8368301 deaths 8367161 (18776.2s) NVIDIA GeForce RTX 3060
tick 2447000 alive   951231 genomes   43474 energy   192.1 births 8374027 deaths 8372254 (18784.1s) NVIDIA GeForce RTX 3060
tick 2448000 alive   951012 genomes   43571 energy   191.8 births 8402354 deaths 8402573 (18792.0s) NVIDIA GeForce RTX 3060
tick 2449000 alive   949992 genomes   44102 energy   191.5 births 8436315 deaths 8437335 (18799.9s) NVIDIA GeForce RTX 3060
tick 2450000 alive   951205 genomes   43995 energy   191.4 births 8479700 deaths 8478487 (18807.8s) NVIDIA GeForce RTX 3060
tick 2451000 alive   953017 genomes   43846 energy   191.3 births 8495062 deaths 8493250 (18815.7s) NVIDIA GeForce RTX 3060
tick 2452000 alive   952664 genomes   44096 energy   191.0 births 8532296 deaths 8532649 (18823.6s) NVIDIA GeForce RTX 3060
tick 2453000 alive   952328 genomes   45422 energy   190.8 births 8600133 deaths 8600469 (18831.5s) NVIDIA GeForce RTX 3060
tick 2454000 alive   949614 genomes   46680 energy   190.1 births 8659380 deaths 8662094 (18839.4s) NVIDIA GeForce RTX 3060
tick 2455000 alive   949768 genomes   47498 energy   190.3 births 8756479 deaths 8756325 (18847.3s) NVIDIA GeForce RTX 3060
tick 2456000 alive   949070 genomes   47979 energy   190.2 births 8763423 deaths 8764121 (18855.3s) NVIDIA GeForce RTX 3060
tick 2457000 alive   949505 genomes   48323 energy   190.1 births 8806595 deaths 8806160 (18863.2s) NVIDIA GeForce RTX 3060
tick 2458000 alive   950086 genomes   48500 energy   190.1 births 8803467 deaths 8802886 (18871.1s) NVIDIA GeForce RTX 3060
tick 2459000 alive   949761 genomes   48566 energy   190.0 births 8813821 deaths 8814146 (18879.0s) NVIDIA GeForce RTX 3060
tick 2460000 alive   949519 genomes   48902 energy   190.0 births 8795734 deaths 8795976 (18886.9s) NVIDIA GeForce RTX 3060
tick 2461000 alive   949958 genomes   48420 energy   190.1 births 8781965 deaths 8781526 (18894.8s) NVIDIA GeForce RTX 3060
tick 2462000 alive   950064 genomes   48636 energy   190.1 births 8774856 deaths 8774750 (18902.7s) NVIDIA GeForce RTX 3060
tick 2463000 alive   948859 genomes   49223 energy   190.0 births 8808321 deaths 8809526 (18910.6s) NVIDIA GeForce RTX 3060
tick 2464000 alive   948799 genomes   49334 energy   190.1 births 8792972 deaths 8793032 (18918.5s) NVIDIA GeForce RTX 3060
tick 2465000 alive   948654 genomes   50352 energy   189.9 births 8825896 deaths 8826041 (18926.4s) NVIDIA GeForce RTX 3060
tick 2466000 alive   946939 genomes   51125 energy   189.6 births 8844544 deaths 8846259 (18934.4s) NVIDIA GeForce RTX 3060
tick 2467000 alive   945943 genomes   51305 energy   189.3 births 8868376 deaths 8869372 (18942.3s) NVIDIA GeForce RTX 3060
tick 2468000 alive   944382 genomes   50938 energy   189.7 births 8847696 deaths 8849257 (18950.2s) NVIDIA GeForce RTX 3060
tick 2469000 alive   947591 genomes   50615 energy   190.2 births 8757593 deaths 8754384 (18958.2s) NVIDIA GeForce RTX 3060
tick 2470000 alive   948227 genomes   50458 energy   190.3 births 8718029 deaths 8717393 (18966.1s) NVIDIA GeForce RTX 3060
tick 2471000 alive   947137 genomes   50290 energy   190.7 births 8666558 deaths 8667648 (18974.0s) NVIDIA GeForce RTX 3060
tick 2472000 alive   946187 genomes   50207 energy   190.7 births 8629591 deaths 8630541 (18982.0s) NVIDIA GeForce RTX 3060
tick 2473000 alive   945617 genomes   50044 energy   190.5 births 8622219 deaths 8622789 (18989.9s) NVIDIA GeForce RTX 3060
tick 2474000 alive   946254 genomes   50522 energy   190.5 births 8642375 deaths 8641738 (18997.8s) NVIDIA GeForce RTX 3060
tick 2475000 alive   946217 genomes   50248 energy   190.6 births 8632231 deaths 8632268 (19005.8s) NVIDIA GeForce RTX 3060
tick 2476000 alive   944451 genomes   49938 energy   190.5 births 8640934 deaths 8642700 (19013.7s) NVIDIA GeForce RTX 3060
tick 2477000 alive   945392 genomes   49433 energy   190.8 births 8601708 deaths 8600767 (19021.6s) NVIDIA GeForce RTX 3060
tick 2478000 alive   946149 genomes   49629 energy   190.5 births 8597258 deaths 8596501 (19029.6s) NVIDIA GeForce RTX 3060
tick 2479000 alive   946385 genomes   48554 energy   190.9 births 8563634 deaths 8563398 (19037.5s) NVIDIA GeForce RTX 3060
tick 2480000 alive   945873 genomes   48790 energy   190.9 births 8556168 deaths 8556680 (19045.4s) NVIDIA GeForce RTX 3060
tick 2481000 alive   944298 genomes   49028 energy   191.2 births 8538726 deaths 8540301 (19053.4s) NVIDIA GeForce RTX 3060
tick 2482000 alive   944825 genomes   48727 energy   191.5 births 8498723 deaths 8498196 (19061.3s) NVIDIA GeForce RTX 3060
tick 2483000 alive   946106 genomes   48370 energy   191.6 births 8462766 deaths 8461485 (19069.3s) NVIDIA GeForce RTX 3060
tick 2484000 alive   944591 genomes   48044 energy   191.4 births 8431441 deaths 8432956 (19077.2s) NVIDIA GeForce RTX 3060
tick 2485000 alive   944436 genomes   47735 energy   191.5 births 8437284 deaths 8437439 (19085.1s) NVIDIA GeForce RTX 3060
tick 2486000 alive   944939 genomes   47624 energy   191.2 births 8458182 deaths 8457679 (19093.1s) NVIDIA GeForce RTX 3060
tick 2487000 alive   944421 genomes   47623 energy   191.2 births 8491893 deaths 8492411 (19101.0s) NVIDIA GeForce RTX 3060
tick 2488000 alive   942922 genomes   47788 energy   191.4 births 8492710 deaths 8494209 (19109.0s) NVIDIA GeForce RTX 3060
tick 2489000 alive   943920 genomes   47813 energy   191.3 births 8449222 deaths 8448224 (19116.9s) NVIDIA GeForce RTX 3060
tick 2490000 alive   941915 genomes   47635 energy   191.7 births 8443422 deaths 8445427 (19124.8s) NVIDIA GeForce RTX 3060
tick 2491000 alive   942480 genomes   47394 energy   191.7 births 8407619 deaths 8407054 (19132.7s) NVIDIA GeForce RTX 3060
tick 2492000 alive   943405 genomes   46403 energy   191.8 births 8387474 deaths 8386549 (19140.6s) NVIDIA GeForce RTX 3060
tick 2493000 alive   945041 genomes   46157 energy   191.8 births 8382841 deaths 8381205 (19148.5s) NVIDIA GeForce RTX 3060
tick 2494000 alive   945044 genomes   46076 energy   191.7 births 8410243 deaths 8410240 (19156.4s) NVIDIA GeForce RTX 3060
tick 2495000 alive   943700 genomes   45814 energy   191.6 births 8433290 deaths 8434634 (19164.3s) NVIDIA GeForce RTX 3060
tick 2496000 alive   944637 genomes   44754 energy   191.4 births 8417608 deaths 8416671 (19172.2s) NVIDIA GeForce RTX 3060
tick 2497000 alive   944649 genomes   45316 energy   191.2 births 8448407 deaths 8448395 (19180.1s) NVIDIA GeForce RTX 3060
tick 2498000 alive   945386 genomes   44608 energy   191.1 births 8475799 deaths 8475062 (19188.0s) NVIDIA GeForce RTX 3060
tick 2499000 alive   945313 genomes   44130 energy   191.5 births 8477053 deaths 8477126 (19195.9s) NVIDIA GeForce RTX 3060
tick 2500000 alive   946521 genomes   44557 energy   191.1 births 8506878 deaths 8505670 (19203.8s) NVIDIA GeForce RTX 3060
tick 2501000 alive   945597 genomes   44948 energy   190.8 births 8530653 deaths 8531577 (19211.7s) NVIDIA GeForce RTX 3060
tick 2502000 alive   945428 genomes   45202 energy   190.8 births 8552066 deaths 8552235 (19219.6s) NVIDIA GeForce RTX 3060
tick 2503000 alive   945053 genomes   45159 energy   190.8 births 8575619 deaths 8575994 (19227.5s) NVIDIA GeForce RTX 3060
tick 2504000 alive   942721 genomes   44510 energy   190.6 births 8576500 deaths 8578832 (19235.4s) NVIDIA GeForce RTX 3060
tick 2505000 alive   942185 genomes   44531 energy   190.8 births 8557047 deaths 8557583 (19243.3s) NVIDIA GeForce RTX 3060
tick 2506000 alive   944087 genomes   44941 energy   190.7 births 8585811 deaths 8583909 (19251.2s) NVIDIA GeForce RTX 3060
tick 2507000 alive   944055 genomes   44496 energy   190.7 births 8563987 deaths 8564019 (19259.0s) NVIDIA GeForce RTX 3060
tick 2508000 alive   943700 genomes   45246 energy   191.1 births 8561861 deaths 8562216 (19266.9s) NVIDIA GeForce RTX 3060
tick 2509000 alive   944968 genomes   45218 energy   190.8 births 8550100 deaths 8548832 (19274.8s) NVIDIA GeForce RTX 3060
tick 2510000 alive   944634 genomes   45756 energy   191.0 births 8541669 deaths 8542003 (19282.7s) NVIDIA GeForce RTX 3060
tick 2511000 alive   943270 genomes   45783 energy   191.3 births 8489690 deaths 8491054 (19290.6s) NVIDIA GeForce RTX 3060
tick 2512000 alive   942241 genomes   45799 energy   191.6 births 8457514 deaths 8458543 (19298.4s) NVIDIA GeForce RTX 3060
tick 2513000 alive   943859 genomes   45805 energy   191.4 births 8428086 deaths 8426468 (19306.3s) NVIDIA GeForce RTX 3060
tick 2514000 alive   941787 genomes   44744 energy   191.7 births 8419811 deaths 8421883 (19314.2s) NVIDIA GeForce RTX 3060
tick 2515000 alive   943628 genomes   44889 energy   191.4 births 8397274 deaths 8395433 (19322.1s) NVIDIA GeForce RTX 3060
tick 2516000 alive   944266 genomes   44915 energy   191.4 births 8412138 deaths 8411500 (19330.0s) NVIDIA GeForce RTX 3060
tick 2517000 alive   944692 genomes   45228 energy   191.1 births 8440974 deaths 8440548 (19338.0s) NVIDIA GeForce RTX 3060
tick 2518000 alive   945089 genomes   45245 energy   191.1 births 8458364 deaths 8457967 (19345.9s) NVIDIA GeForce RTX 3060
tick 2519000 alive   945647 genomes   45302 energy   191.3 births 8470196 deaths 8469638 (19353.8s) NVIDIA GeForce RTX 3060
tick 2520000 alive   944946 genomes   45018 energy   191.7 births 8398160 deaths 8398861 (19361.8s) NVIDIA GeForce RTX 3060
tick 2521000 alive   944543 genomes   44589 energy   191.8 births 8334109 deaths 8334512 (19369.7s) NVIDIA GeForce RTX 3060
tick 2522000 alive   945607 genomes   44876 energy   192.2 births 8307502 deaths 8306438 (19377.6s) NVIDIA GeForce RTX 3060
tick 2523000 alive   944574 genomes   45344 energy   192.0 births 8298645 deaths 8299678 (19385.5s) NVIDIA GeForce RTX 3060
tick 2524000 alive   943509 genomes   45337 energy   191.8 births 8316489 deaths 8317554 (19393.5s) NVIDIA GeForce RTX 3060
tick 2525000 alive   943414 genomes   45177 energy   191.7 births 8341107 deaths 8341202 (19401.4s) NVIDIA GeForce RTX 3060
tick 2526000 alive   943286 genomes   45108 energy   191.8 births 8341811 deaths 8341939 (19409.4s) NVIDIA GeForce RTX 3060
tick 2527000 alive   942324 genomes   44935 energy   191.8 births 8306408 deaths 8307370 (19417.3s) NVIDIA GeForce RTX 3060
tick 2528000 alive   941540 genomes   45355 energy   191.5 births 8361335 deaths 8362119 (19425.3s) NVIDIA GeForce RTX 3060
tick 2529000 alive   940534 genomes   45150 energy   191.3 births 8362651 deaths 8363657 (19433.2s) NVIDIA GeForce RTX 3060
tick 2530000 alive   941876 genomes   45441 energy   191.0 births 8372364 deaths 8371022 (19441.2s) NVIDIA GeForce RTX 3060
tick 2531000 alive   940803 genomes   45554 energy   191.0 births 8413893 deaths 8414966 (19449.1s) NVIDIA GeForce RTX 3060
tick 2532000 alive   939953 genomes   46056 energy   190.8 births 8468909 deaths 8469759 (19457.1s) NVIDIA GeForce RTX 3060
tick 2533000 alive   939492 genomes   46097 energy   190.8 births 8436889 deaths 8437350 (19465.1s) NVIDIA GeForce RTX 3060
tick 2534000 alive   938311 genomes   45873 energy   190.5 births 8469526 deaths 8470707 (19473.1s) NVIDIA GeForce RTX 3060
tick 2535000 alive   939074 genomes   46201 energy   190.0 births 8514312 deaths 8513549 (19481.1s) NVIDIA GeForce RTX 3060
tick 2536000 alive   940415 genomes   46550 energy   190.0 births 8590981 deaths 8589640 (19489.1s) NVIDIA GeForce RTX 3060
tick 2537000 alive   940375 genomes   47067 energy   189.8 births 8623821 deaths 8623861 (19497.1s) NVIDIA GeForce RTX 3060
tick 2538000 alive   941089 genomes   47848 energy   189.6 births 8667099 deaths 8666385 (19505.0s) NVIDIA GeForce RTX 3060
tick 2539000 alive   939745 genomes   48455 energy   189.2 births 8719552 deaths 8720896 (19513.0s) NVIDIA GeForce RTX 3060
tick 2540000 alive   940005 genomes   48333 energy   189.7 births 8683030 deaths 8682770 (19521.0s) NVIDIA GeForce RTX 3060
tick 2541000 alive   940945 genomes   48531 energy   190.3 births 8630612 deaths 8629672 (19529.0s) NVIDIA GeForce RTX 3060
tick 2542000 alive   940094 genomes   48646 energy   190.4 births 8564517 deaths 8565368 (19537.0s) NVIDIA GeForce RTX 3060
tick 2543000 alive   940565 genomes   48235 energy   191.1 births 8521916 deaths 8521445 (19545.0s) NVIDIA GeForce RTX 3060
tick 2544000 alive   938986 genomes   48117 energy   191.4 births 8453819 deaths 8455398 (19552.9s) NVIDIA GeForce RTX 3060
tick 2545000 alive   939745 genomes   47995 energy   191.4 births 8398781 deaths 8398022 (19560.9s) NVIDIA GeForce RTX 3060
tick 2546000 alive   941117 genomes   47980 energy   191.6 births 8408425 deaths 8407053 (19568.9s) NVIDIA GeForce RTX 3060
tick 2547000 alive   941063 genomes   47819 energy   191.9 births 8350707 deaths 8350761 (19576.9s) NVIDIA GeForce RTX 3060
tick 2548000 alive   939121 genomes   47295 energy   192.0 births 8321379 deaths 8323321 (19584.9s) NVIDIA GeForce RTX 3060
tick 2549000 alive   940250 genomes   47143 energy   192.2 births 8286220 deaths 8285091 (19592.9s) NVIDIA GeForce RTX 3060
tick 2550000 alive   940803 genomes   47052 energy   192.2 births 8296244 deaths 8295691 (19600.9s) NVIDIA GeForce RTX 3060
tick 2551000 alive   939813 genomes   47201 energy   191.8 births 8304733 deaths 8305723 (19608.8s) NVIDIA GeForce RTX 3060
tick 2552000 alive   941151 genomes   46712 energy   191.6 births 8314056 deaths 8312718 (19616.8s) NVIDIA GeForce RTX 3060
tick 2553000 alive   940904 genomes   46905 energy   191.3 births 8370876 deaths 8371123 (19624.8s) NVIDIA GeForce RTX 3060
tick 2554000 alive   939455 genomes   46680 energy   191.1 births 8410513 deaths 8411962 (19632.8s) NVIDIA GeForce RTX 3060
tick 2555000 alive   940683 genomes   46418 energy   191.0 births 8424854 deaths 8423626 (19640.8s) NVIDIA GeForce RTX 3060
tick 2556000 alive   940815 genomes   46190 energy   191.2 births 8457041 deaths 8456909 (19648.8s) NVIDIA GeForce RTX 3060
tick 2557000 alive   941647 genomes   46181 energy   191.0 births 8459474 deaths 8458642 (19656.8s) NVIDIA GeForce RTX 3060
tick 2558000 alive   941008 genomes   46656 energy   191.1 births 8484702 deaths 8485341 (19664.8s) NVIDIA GeForce RTX 3060
tick 2559000 alive   940243 genomes   46776 energy   191.0 births 8460503 deaths 8461268 (19672.7s) NVIDIA GeForce RTX 3060
tick 2560000 alive   939964 genomes   47101 energy   190.7 births 8473144 deaths 8473423 (19680.7s) NVIDIA GeForce RTX 3060
tick 2561000 alive   940097 genomes   46942 energy   190.9 births 8500180 deaths 8500047 (19688.7s) NVIDIA GeForce RTX 3060
tick 2562000 alive   938283 genomes   47665 energy   190.9 births 8483834 deaths 8485648 (19696.7s) NVIDIA GeForce RTX 3060
tick 2563000 alive   938504 genomes   47284 energy   190.9 births 8456105 deaths 8455884 (19704.7s) NVIDIA GeForce RTX 3060
tick 2564000 alive   937368 genomes   47322 energy   190.8 births 8475137 deaths 8476273 (19712.7s) NVIDIA GeForce RTX 3060
tick 2565000 alive   936562 genomes   48025 energy   190.8 births 8508689 deaths 8509495 (19720.7s) NVIDIA GeForce RTX 3060
tick 2566000 alive   938505 genomes   47469 energy   190.6 births 8487300 deaths 8485357 (19728.7s) NVIDIA GeForce RTX 3060
tick 2567000 alive   939546 genomes   47392 energy   191.0 births 8475330 deaths 8474289 (19736.6s) NVIDIA GeForce RTX 3060
tick 2568000 alive   938573 genomes   47810 energy   191.4 births 8452025 deaths 8452998 (19744.6s) NVIDIA GeForce RTX 3060
tick 2569000 alive   939398 genomes   48369 energy   191.3 births 8422153 deaths 8421328 (19752.6s) NVIDIA GeForce RTX 3060
tick 2570000 alive   938933 genomes   48940 energy   191.4 births 8435369 deaths 8435834 (19760.6s) NVIDIA GeForce RTX 3060
tick 2571000 alive   936881 genomes   48397 energy   191.1 births 8397893 deaths 8399945 (19768.6s) NVIDIA GeForce RTX 3060
tick 2572000 alive   937240 genomes   48920 energy   190.9 births 8448327 deaths 8447968 (19776.6s) NVIDIA GeForce RTX 3060
tick 2573000 alive   939692 genomes   48422 energy   191.0 births 8423278 deaths 8420826 (19784.6s) NVIDIA GeForce RTX 3060
tick 2574000 alive   939099 genomes   48766 energy   191.3 births 8397782 deaths 8398375 (19792.6s) NVIDIA GeForce RTX 3060
tick 2575000 alive   940044 genomes   48665 energy   191.5 births 8378529 deaths 8377584 (19800.6s) NVIDIA GeForce RTX 3060
tick 2576000 alive   940554 genomes   48944 energy   191.4 births 8414218 deaths 8413708 (19808.6s) NVIDIA GeForce RTX 3060
tick 2577000 alive   939695 genomes   49006 energy   191.1 births 8420727 deaths 8421586 (19816.6s) NVIDIA GeForce RTX 3060
tick 2578000 alive   942049 genomes   48979 energy   191.0 births 8475301 deaths 8472947 (19824.5s) NVIDIA GeForce RTX 3060
tick 2579000 alive   941731 genomes   49198 energy   191.2 births 8468617 deaths 8468935 (19832.5s) NVIDIA GeForce RTX 3060
tick 2580000 alive   941018 genomes   48850 energy   191.4 births 8429028 deaths 8429741 (19840.5s) NVIDIA GeForce RTX 3060
tick 2581000 alive   940213 genomes   48952 energy   191.4 births 8433535 deaths 8434340 (19848.5s) NVIDIA GeForce RTX 3060
tick 2582000 alive   940736 genomes   48265 energy   191.4 births 8431307 deaths 8430784 (19856.4s) NVIDIA GeForce RTX 3060
tick 2583000 alive   940846 genomes   48201 energy   191.2 births 8443589 deaths 8443479 (19864.4s) NVIDIA GeForce RTX 3060
tick 2584000 alive   940308 genomes   48195 energy   191.6 births 8408910 deaths 8409448 (19872.4s) NVIDIA GeForce RTX 3060
tick 2585000 alive   939965 genomes   48342 energy   191.3 births 8377600 deaths 8377943 (19880.4s) NVIDIA GeForce RTX 3060
tick 2586000 alive   938798 genomes   48470 energy   191.4 births 8379668 deaths 8380835 (19888.4s) NVIDIA GeForce RTX 3060
tick 2587000 alive   940619 genomes   48217 energy   191.6 births 8395463 deaths 8393642 (19896.4s) NVIDIA GeForce RTX 3060
tick 2588000 alive   939483 genomes   47790 energy   191.6 births 8351411 deaths 8352547 (19904.3s) NVIDIA GeForce RTX 3060
tick 2589000 alive   940060 genomes   47655 energy   191.6 births 8341048 deaths 8340471 (19912.3s) NVIDIA GeForce RTX 3060
tick 2590000 alive   940120 genomes   47972 energy   191.3 births 8364354 deaths 8364294 (19920.3s) NVIDIA GeForce RTX 3060
tick 2591000 alive   940157 genomes   47385 energy   191.5 births 8391190 deaths 8391153 (19928.3s) NVIDIA GeForce RTX 3060
tick 2592000 alive   940493 genomes   47505 energy   191.0 births 8413356 deaths 8413020 (19936.3s) NVIDIA GeForce RTX 3060
tick 2593000 alive   941286 genomes   47774 energy   191.3 births 8423253 deaths 8422460 (19944.3s) NVIDIA GeForce RTX 3060
tick 2594000 alive   940611 genomes   47828 energy   191.6 births 8423223 deaths 8423898 (19952.2s) NVIDIA GeForce RTX 3060
tick 2595000 alive   940669 genomes   47720 energy   191.3 births 8402956 deaths 8402898 (19960.2s) NVIDIA GeForce RTX 3060
tick 2596000 alive   941261 genomes   48145 energy   191.2 births 8423882 deaths 8423290 (19968.2s) NVIDIA GeForce RTX 3060
tick 2597000 alive   940299 genomes   47854 energy   191.1 births 8460786 deaths 8461748 (19976.2s) NVIDIA GeForce RTX 3060
tick 2598000 alive   941819 genomes   47954 energy   191.4 births 8438880 deaths 8437360 (19984.2s) NVIDIA GeForce RTX 3060
tick 2599000 alive   941481 genomes   48424 energy   191.8 births 8404295 deaths 8404633 (19992.2s) NVIDIA GeForce RTX 3060
tick 2600000 alive   940703 genomes   48913 energy   191.4 births 8383437 deaths 8384215 (20000.2s) NVIDIA GeForce RTX 3060
tick 2601000 alive   940667 genomes   48855 energy   191.6 births 8392401 deaths 8392437 (20008.2s) NVIDIA GeForce RTX 3060
tick 2602000 alive   939389 genomes   49176 energy   192.1 births 8344563 deaths 8345841 (20016.2s) NVIDIA GeForce RTX 3060
tick 2603000 alive   937976 genomes   49855 energy   192.0 births 8304256 deaths 8305669 (20024.2s) NVIDIA GeForce RTX 3060
tick 2604000 alive   936754 genomes   50517 energy   191.7 births 8324883 deaths 8326105 (20032.2s) NVIDIA GeForce RTX 3060
tick 2605000 alive   936370 genomes   50265 energy   191.8 births 8340217 deaths 8340601 (20040.2s) NVIDIA GeForce RTX 3060
tick 2606000 alive   935338 genomes   49580 energy   191.7 births 8349993 deaths 8351025 (20048.2s) NVIDIA GeForce RTX 3060
tick 2607000 alive   935227 genomes   49350 energy   191.6 births 8336134 deaths 8336245 (20056.2s) NVIDIA GeForce RTX 3060
tick 2608000 alive   934404 genomes   48945 energy   191.8 births 8315856 deaths 8316679 (20064.2s) NVIDIA GeForce RTX 3060
tick 2609000 alive   933975 genomes   48243 energy   192.0 births 8262666 deaths 8263095 (20072.2s) NVIDIA GeForce RTX 3060
tick 2610000 alive   935406 genomes   47016 energy   192.3 births 8223288 deaths 8221857 (20080.2s) NVIDIA GeForce RTX 3060
tick 2611000 alive   936249 genomes   46921 energy   192.7 births 8174442 deaths 8173599 (20088.1s) NVIDIA GeForce RTX 3060
tick 2612000 alive   936321 genomes   47003 energy   192.5 births 8141388 deaths 8141316 (20096.1s) NVIDIA GeForce RTX 3060
tick 2613000 alive   937430 genomes   46929 energy   192.9 births 8128189 deaths 8127080 (20104.1s) NVIDIA GeForce RTX 3060
tick 2614000 alive   936948 genomes   47103 energy   192.8 births 8097732 deaths 8098214 (20112.2s) NVIDIA GeForce RTX 3060
tick 2615000 alive   936615 genomes   47727 energy   192.4 births 8146677 deaths 8147010 (20120.2s) NVIDIA GeForce RTX 3060
tick 2616000 alive   935895 genomes   47643 energy   192.5 births 8157974 deaths 8158694 (20128.2s) NVIDIA GeForce RTX 3060
tick 2617000 alive   934627 genomes   47171 energy   192.9 births 8083551 deaths 8084819 (20136.2s) NVIDIA GeForce RTX 3060
tick 2618000 alive   936287 genomes   47599 energy   192.8 births 8088262 deaths 8086602 (20144.3s) NVIDIA GeForce RTX 3060
tick 2619000 alive   935511 genomes   47733 energy   192.7 births 8084682 deaths 8085458 (20152.3s) NVIDIA GeForce RTX 3060
tick 2620000 alive   936587 genomes   47621 energy   192.6 births 8079274 deaths 8078198 (20160.3s) NVIDIA GeForce RTX 3060
tick 2621000 alive   938291 genomes   46832 energy   192.8 births 8068589 deaths 8066885 (20168.3s) NVIDIA GeForce RTX 3060
tick 2622000 alive   938113 genomes   46539 energy   192.6 births 8074694 deaths 8074872 (20176.3s) NVIDIA GeForce RTX 3060
tick 2623000 alive   939816 genomes   46517 energy   192.8 births 8101807 deaths 8100104 (20184.3s) NVIDIA GeForce RTX 3060
tick 2624000 alive   939690 genomes   46698 energy   192.3 births 8147724 deaths 8147850 (20192.4s) NVIDIA GeForce RTX 3060
tick 2625000 alive   937915 genomes   46687 energy   192.6 births 8144872 deaths 8146647 (20200.4s) NVIDIA GeForce RTX 3060
tick 2626000 alive   938157 genomes   47112 energy   192.2 births 8161405 deaths 8161163 (20208.4s) NVIDIA GeForce RTX 3060
tick 2627000 alive   938126 genomes   47058 energy   192.4 births 8202379 deaths 8202410 (20216.4s) NVIDIA GeForce RTX 3060
tick 2628000 alive   937993 genomes   46646 energy   192.0 births 8205253 deaths 8205386 (20224.4s) NVIDIA GeForce RTX 3060
tick 2629000 alive   938566 genomes   46853 energy   192.0 births 8252326 deaths 8251753 (20232.5s) NVIDIA GeForce RTX 3060
tick 2630000 alive   938064 genomes   46639 energy   192.1 births 8248694 deaths 8249196 (20240.5s) NVIDIA GeForce RTX 3060
tick 2631000 alive   938181 genomes   46553 energy   192.5 births 8175765 deaths 8175648 (20248.5s) NVIDIA GeForce RTX 3060
tick 2632000 alive   937351 genomes   46794 energy   191.9 births 8211884 deaths 8212714 (20256.5s) NVIDIA GeForce RTX 3060
tick 2633000 alive   935807 genomes   46433 energy   191.9 births 8216839 deaths 8218383 (20264.6s) NVIDIA GeForce RTX 3060
tick 2634000 alive   937365 genomes   46462 energy   191.6 births 8260222 deaths 8258664 (20272.6s) NVIDIA GeForce RTX 3060
tick 2635000 alive   936491 genomes   46917 energy   191.1 births 8339814 deaths 8340688 (20280.7s) NVIDIA GeForce RTX 3060
tick 2636000 alive   936948 genomes   46778 energy   191.1 births 8370775 deaths 8370318 (20288.7s) NVIDIA GeForce RTX 3060
tick 2637000 alive   938513 genomes   46521 energy   191.5 births 8370589 deaths 8369024 (20296.8s) NVIDIA GeForce RTX 3060
tick 2638000 alive   938382 genomes   46046 energy   191.5 births 8368322 deaths 8368453 (20304.8s) NVIDIA GeForce RTX 3060
tick 2639000 alive   939998 genomes   45623 energy   191.5 births 8349207 deaths 8347591 (20312.9s) NVIDIA GeForce RTX 3060
tick 2640000 alive   941912 genomes   46202 energy   191.3 births 8363489 deaths 8361575 (20320.9s) NVIDIA GeForce RTX 3060
tick 2641000 alive   940109 genomes   46810 energy   191.3 births 8414405 deaths 8416208 (20328.9s) NVIDIA GeForce RTX 3060
tick 2642000 alive   939040 genomes   46979 energy   191.7 births 8371736 deaths 8372805 (20336.9s) NVIDIA GeForce RTX 3060
tick 2643000 alive   938610 genomes   47022 energy   191.4 births 8389752 deaths 8390182 (20344.9s) NVIDIA GeForce RTX 3060
tick 2644000 alive   939480 genomes   46951 energy   191.7 births 8377004 deaths 8376134 (20352.9s) NVIDIA GeForce RTX 3060
tick 2645000 alive   938066 genomes   47258 energy   191.5 births 8378305 deaths 8379719 (20360.9s) NVIDIA GeForce RTX 3060
tick 2646000 alive   938605 genomes   46372 energy   191.9 births 8347906 deaths 8347367 (20368.9s) NVIDIA GeForce RTX 3060
tick 2647000 alive   938101 genomes   46103 energy   192.1 births 8333784 deaths 8334288 (20376.9s) NVIDIA GeForce RTX 3060
tick 2648000 alive   938802 genomes   45334 energy   192.0 births 8314778 deaths 8314077 (20384.8s) NVIDIA GeForce RTX 3060
tick 2649000 alive   938280 genomes   44967 energy   192.0 births 8304494 deaths 8305016 (20392.8s) NVIDIA GeForce RTX 3060
tick 2650000 alive   938588 genomes   44726 energy   191.8 births 8347291 deaths 8346983 (20400.8s) NVIDIA GeForce RTX 3060
tick 2651000 alive   938353 genomes   44802 energy   191.7 births 8331457 deaths 8331692 (20408.8s) NVIDIA GeForce RTX 3060
tick 2652000 alive   938726 genomes   43912 energy   191.8 births 8346531 deaths 8346158 (20416.8s) NVIDIA GeForce RTX 3060
tick 2653000 alive   940421 genomes   44054 energy   191.4 births 8416525 deaths 8414830 (20424.8s) NVIDIA GeForce RTX 3060
tick 2654000 alive   940830 genomes   43725 energy   191.2 births 8418870 deaths 8418461 (20432.7s) NVIDIA GeForce RTX 3060
tick 2655000 alive   939735 genomes   43392 energy   191.7 births 8408803 deaths 8409898 (20440.7s) NVIDIA GeForce RTX 3060
tick 2656000 alive   940599 genomes   43391 energy   191.7 births 8369793 deaths 8368929 (20448.7s) NVIDIA GeForce RTX 3060
tick 2657000 alive   940242 genomes   43475 energy   191.7 births 8344120 deaths 8344477 (20456.6s) NVIDIA GeForce RTX 3060
tick 2658000 alive   939639 genomes   43354 energy   192.0 births 8322913 deaths 8323516 (20464.6s) NVIDIA GeForce RTX 3060
tick 2659000 alive   940386 genomes   43001 energy   192.1 births 8281253 deaths 8280506 (20472.6s) NVIDIA GeForce RTX 3060
tick 2660000 alive   940684 genomes   43423 energy   192.0 births 8257200 deaths 8256902 (20480.6s) NVIDIA GeForce RTX 3060
tick 2661000 alive   940208 genomes   43009 energy   192.2 births 8244346 deaths 8244822 (20488.6s) NVIDIA GeForce RTX 3060
tick 2662000 alive   939219 genomes   43132 energy   192.0 births 8254329 deaths 8255318 (20496.5s) NVIDIA GeForce RTX 3060
tick 2663000 alive   942497 genomes   42764 energy   192.2 births 8270410 deaths 8267132 (20504.5s) NVIDIA GeForce RTX 3060
tick 2664000 alive   942201 genomes   43307 energy   191.8 births 8292666 deaths 8292962 (20512.5s) NVIDIA GeForce RTX 3060
tick 2665000 alive   943343 genomes   42867 energy   191.7 births 8322283 deaths 8321141 (20520.5s) NVIDIA GeForce RTX 3060
tick 2666000 alive   941813 genomes   43525 energy   191.4 births 8366027 deaths 8367557 (20528.4s) NVIDIA GeForce RTX 3060
tick 2667000 alive   943226 genomes   43472 energy   191.2 births 8433357 deaths 8431944 (20536.4s) NVIDIA GeForce RTX 3060
tick 2668000 alive   942088 genomes   43373 energy   191.3 births 8470207 deaths 8471345 (20544.4s) NVIDIA GeForce RTX 3060
tick 2669000 alive   942253 genomes   43758 energy   191.0 births 8490062 deaths 8489897 (20552.3s) NVIDIA GeForce RTX 3060
tick 2670000 alive   941646 genomes   43699 energy   191.3 births 8466169 deaths 8466776 (20560.2s) NVIDIA GeForce RTX 3060
tick 2671000 alive   941429 genomes   44516 energy   191.4 births 8450511 deaths 8450728 (20568.2s) NVIDIA GeForce RTX 3060
tick 2672000 alive   940625 genomes   44886 energy   191.8 births 8399526 deaths 8400330 (20576.1s) NVIDIA GeForce RTX 3060
tick 2673000 alive   940647 genomes   44926 energy   191.8 births 8352065 deaths 8352043 (20584.1s) NVIDIA GeForce RTX 3060
tick 2674000 alive   941644 genomes   44534 energy   191.8 births 8356857 deaths 8355860 (20592.0s) NVIDIA GeForce RTX 3060
tick 2675000 alive   940964 genomes   44241 energy   191.7 births 8365639 deaths 8366319 (20600.0s) NVIDIA GeForce RTX 3060
tick 2676000 alive   940668 genomes   44599 energy   192.0 births 8362738 deaths 8363034 (20607.9s) NVIDIA GeForce RTX 3060
tick 2677000 alive   940905 genomes   44184 energy   192.0 births 8320337 deaths 8320100 (20615.9s) NVIDIA GeForce RTX 3060
tick 2678000 alive   942224 genomes   43790 energy   192.4 births 8286235 deaths 8284916 (20623.9s) NVIDIA GeForce RTX 3060
tick 2679000 alive   941001 genomes   43781 energy   192.3 births 8270170 deaths 8271393 (20631.8s) NVIDIA GeForce RTX 3060
tick 2680000 alive   941000 genomes   43945 energy   191.3 births 8341136 deaths 8341137 (20639.8s) NVIDIA GeForce RTX 3060
tick 2681000 alive   940536 genomes   44613 energy   191.0 births 8438247 deaths 8438711 (20647.8s) NVIDIA GeForce RTX 3060
tick 2682000 alive   940112 genomes   44702 energy   190.9 births 8456782 deaths 8457206 (20655.8s) NVIDIA GeForce RTX 3060
tick 2683000 alive   941107 genomes   45068 energy   190.8 births 8501942 deaths 8500947 (20663.7s) NVIDIA GeForce RTX 3060
tick 2684000 alive   942090 genomes   44545 energy   191.1 births 8472083 deaths 8471100 (20671.7s) NVIDIA GeForce RTX 3060
tick 2685000 alive   942295 genomes   44181 energy   191.1 births 8469096 deaths 8468891 (20679.7s) NVIDIA GeForce RTX 3060
tick 2686000 alive   939757 genomes   44133 energy   191.1 births 8452706 deaths 8455244 (20687.7s) NVIDIA GeForce RTX 3060
tick 2687000 alive   939362 genomes   43808 energy   191.4 births 8431207 deaths 8431602 (20695.7s) NVIDIA GeForce RTX 3060
tick 2688000 alive   938666 genomes   44034 energy   191.2 births 8406260 deaths 8406956 (20703.6s) NVIDIA GeForce RTX 3060
tick 2689000 alive   940446 genomes   44428 energy   190.7 births 8465822 deaths 8464042 (20711.6s) NVIDIA GeForce RTX 3060
tick 2690000 alive   940647 genomes   44832 energy   190.7 births 8520425 deaths 8520224 (20719.6s) NVIDIA GeForce RTX 3060
tick 2691000 alive   941781 genomes   45126 energy   191.0 births 8549575 deaths 8548441 (20727.6s) NVIDIA GeForce RTX 3060
tick 2692000 alive   941213 genomes   45100 energy   191.3 births 8504083 deaths 8504651 (20735.6s) NVIDIA GeForce RTX 3060
tick 2693000 alive   940106 genomes   45352 energy   191.6 births 8471440 deaths 8472547 (20743.5s) NVIDIA GeForce RTX 3060
tick 2694000 alive   939704 genomes   44948 energy   191.2 births 8435767 deaths 8436169 (20751.5s) NVIDIA GeForce RTX 3060
tick 2695000 alive   939262 genomes   45054 energy   191.5 births 8437714 deaths 8438156 (20759.4s) NVIDIA GeForce RTX 3060
tick 2696000 alive   939307 genomes   44601 energy   191.5 births 8396919 deaths 8396874 (20767.4s) NVIDIA GeForce RTX 3060
tick 2697000 alive   939894 genomes   45625 energy   191.2 births 8432894 deaths 8432307 (20775.3s) NVIDIA GeForce RTX 3060
tick 2698000 alive   939969 genomes   45206 energy   191.9 births 8409787 deaths 8409712 (20783.2s) NVIDIA GeForce RTX 3060
tick 2699000 alive   940346 genomes   45433 energy   191.4 births 8388521 deaths 8388144 (20791.2s) NVIDIA GeForce RTX 3060
tick 2700000 alive   941367 genomes   46142 energy   191.0 births 8431245 deaths 8430224 (20799.1s) NVIDIA GeForce RTX 3060
tick 2701000 alive   941896 genomes   46788 energy   190.7 births 8488675 deaths 8488146 (20807.1s) NVIDIA GeForce RTX 3060
tick 2702000 alive   939881 genomes   47356 energy   190.5 births 8523892 deaths 8525907 (20815.0s) NVIDIA GeForce RTX 3060
tick 2703000 alive   940363 genomes   46997 energy   190.6 births 8548354 deaths 8547872 (20823.0s) NVIDIA GeForce RTX 3060
tick 2704000 alive   943233 genomes   47113 energy   190.8 births 8553954 deaths 8551084 (20830.9s) NVIDIA GeForce RTX 3060
tick 2705000 alive   942945 genomes   47846 energy   190.6 births 8526843 deaths 8527131 (20838.9s) NVIDIA GeForce RTX 3060
tick 2706000 alive   941701 genomes   47934 energy   190.7 births 8556894 deaths 8558138 (20846.8s) NVIDIA GeForce RTX 3060
tick 2707000 alive   942011 genomes   48711 energy   190.6 births 8599830 deaths 8599520 (20854.7s) NVIDIA GeForce RTX 3060
tick 2708000 alive   940508 genomes   49057 energy   190.3 births 8605087 deaths 8606590 (20862.7s) NVIDIA GeForce RTX 3060
tick 2709000 alive   940810 genomes   50098 energy   190.1 births 8660850 deaths 8660548 (20870.7s) NVIDIA GeForce RTX 3060
tick 2710000 alive   939057 genomes   50641 energy   190.1 births 8653594 deaths 8655347 (20878.6s) NVIDIA GeForce RTX 3060
tick 2711000 alive   938835 genomes   50305 energy   190.1 births 8665971 deaths 8666193 (20886.6s) NVIDIA GeForce RTX 3060
tick 2712000 alive   939061 genomes   50232 energy   189.7 births 8663203 deaths 8662977 (20894.6s) NVIDIA GeForce RTX 3060
tick 2713000 alive   938764 genomes   49812 energy   189.9 births 8680264 deaths 8680561 (20902.5s) NVIDIA GeForce RTX 3060
tick 2714000 alive   940742 genomes   48785 energy   190.0 births 8656835 deaths 8654857 (20910.4s) NVIDIA GeForce RTX 3060
tick 2715000 alive   940623 genomes   48216 energy   190.2 births 8650958 deaths 8651077 (20918.4s) NVIDIA GeForce RTX 3060
tick 2716000 alive   940403 genomes   48038 energy   190.0 births 8645492 deaths 8645712 (20926.3s) NVIDIA GeForce RTX 3060
tick 2717000 alive   940107 genomes   48123 energy   189.4 births 8696852 deaths 8697148 (20934.2s) NVIDIA GeForce RTX 3060
tick 2718000 alive   940203 genomes   48383 energy   189.6 births 8751871 deaths 8751775 (20942.1s) NVIDIA GeForce RTX 3060
tick 2719000 alive   940876 genomes   48715 energy   189.5 births 8729773 deaths 8729100 (20950.1s) NVIDIA GeForce RTX 3060
tick 2720000 alive   940116 genomes   49861 energy   189.3 births 8768964 deaths 8769724 (20958.0s) NVIDIA GeForce RTX 3060
tick 2721000 alive   940017 genomes   50291 energy   189.4 births 8802160 deaths 8802259 (20966.0s) NVIDIA GeForce RTX 3060
tick 2722000 alive   941081 genomes   51066 energy   189.3 births 8811880 deaths 8810816 (20973.9s) NVIDIA GeForce RTX 3060
tick 2723000 alive   938985 genomes   50807 energy   189.7 births 8760991 deaths 8763087 (20981.8s) NVIDIA GeForce RTX 3060
tick 2724000 alive   938955 genomes   50630 energy   190.2 births 8706208 deaths 8706238 (20989.8s) NVIDIA GeForce RTX 3060
tick 2725000 alive   940119 genomes   50334 energy   189.9 births 8676947 deaths 8675783 (20997.7s) NVIDIA GeForce RTX 3060
tick 2726000 alive   939062 genomes   50207 energy   189.9 births 8669853 deaths 8670910 (21005.6s) NVIDIA GeForce RTX 3060
tick 2727000 alive   939747 genomes   50340 energy   190.2 births 8657087 deaths 8656402 (21013.5s) NVIDIA GeForce RTX 3060
tick 2728000 alive   941048 genomes   49860 energy   190.1 births 8678609 deaths 8677308 (21021.4s) NVIDIA GeForce RTX 3060
tick 2729000 alive   940008 genomes   50066 energy   190.0 births 8702694 deaths 8703734 (21029.3s) NVIDIA GeForce RTX 3060
tick 2730000 alive   939504 genomes   50146 energy   189.7 births 8709073 deaths 8709577 (21037.2s) NVIDIA GeForce RTX 3060
tick 2731000 alive   939749 genomes   50054 energy   189.5 births 8733545 deaths 8733300 (21045.2s) NVIDIA GeForce RTX 3060
tick 2732000 alive   939109 genomes   49936 energy   189.4 births 8740287 deaths 8740927 (21053.1s) NVIDIA GeForce RTX 3060
tick 2733000 alive   937668 genomes   49981 energy   189.2 births 8796864 deaths 8798305 (21061.0s) NVIDIA GeForce RTX 3060
tick 2734000 alive   939998 genomes   50378 energy   188.8 births 8834626 deaths 8832296 (21068.9s) NVIDIA GeForce RTX 3060
tick 2735000 alive   940470 genomes   50533 energy   188.9 births 8879820 deaths 8879348 (21076.9s) NVIDIA GeForce RTX 3060
tick 2736000 alive   938179 genomes   50003 energy   189.4 births 8820773 deaths 8823064 (21084.8s) NVIDIA GeForce RTX 3060
tick 2737000 alive   937492 genomes   49287 energy   189.6 births 8716787 deaths 8717474 (21092.7s) NVIDIA GeForce RTX 3060
tick 2738000 alive   939521 genomes   49142 energy   189.9 births 8719346 deaths 8717317 (21100.6s) NVIDIA GeForce RTX 3060
tick 2739000 alive   939067 genomes   49526 energy   190.1 births 8713493 deaths 8713947 (21108.6s) NVIDIA GeForce RTX 3060
tick 2740000 alive   938149 genomes   50150 energy   190.3 births 8675325 deaths 8676243 (21116.5s) NVIDIA GeForce RTX 3060
tick 2741000 alive   938030 genomes   50334 energy   190.3 births 8643627 deaths 8643746 (21124.4s) NVIDIA GeForce RTX 3060
tick 2742000 alive   936404 genomes   50005 energy   190.1 births 8623913 deaths 8625539 (21132.4s) NVIDIA GeForce RTX 3060
tick 2743000 alive   937029 genomes   49148 energy   190.4 births 8596874 deaths 8596249 (21140.3s) NVIDIA GeForce RTX 3060
tick 2744000 alive   936961 genomes   48811 energy   190.5 births 8569852 deaths 8569920 (21148.3s) NVIDIA GeForce RTX 3060
tick 2745000 alive   938914 genomes   48076 energy   190.7 births 8538863 deaths 8536910 (21156.3s) NVIDIA GeForce RTX 3060
tick 2746000 alive   938418 genomes   47066 energy   190.7 births 8493118 deaths 8493614 (21164.2s) NVIDIA GeForce RTX 3060
tick 2747000 alive   938013 genomes   46818 energy   191.0 births 8463281 deaths 8463686 (21172.2s) NVIDIA GeForce RTX 3060
tick 2748000 alive   939318 genomes   47333 energy   190.6 births 8494681 deaths 8493376 (21180.2s) NVIDIA GeForce RTX 3060
tick 2749000 alive   937288 genomes   47115 energy   190.5 births 8508541 deaths 8510571 (21188.1s) NVIDIA GeForce RTX 3060
tick 2750000 alive   939802 genomes   47210 energy   190.4 births 8533425 deaths 8530911 (21196.1s) NVIDIA GeForce RTX 3060
tick 2751000 alive   939453 genomes   47714 energy   190.0 births 8570482 deaths 8570831 (21204.1s) NVIDIA GeForce RTX 3060
tick 2752000 alive   940034 genomes   48228 energy   190.0 births 8606513 deaths 8605932 (21212.1s) NVIDIA GeForce RTX 3060
tick 2753000 alive   939937 genomes   48517 energy   189.5 births 8623923 deaths 8624020 (21220.1s) NVIDIA GeForce RTX 3060
tick 2754000 alive   939232 genomes   49175 energy   189.8 births 8663537 deaths 8664242 (21228.1s) NVIDIA GeForce RTX 3060
tick 2755000 alive   939549 genomes   49476 energy   189.5 births 8702886 deaths 8702569 (21236.2s) NVIDIA GeForce RTX 3060
tick 2756000 alive   939804 genomes   49352 energy   189.4 births 8726519 deaths 8726264 (21244.2s) NVIDIA GeForce RTX 3060
tick 2757000 alive   939590 genomes   49325 energy   189.7 births 8727084 deaths 8727298 (21252.2s) NVIDIA GeForce RTX 3060
tick 2758000 alive   939019 genomes   49564 energy   189.7 births 8698146 deaths 8698717 (21260.2s) NVIDIA GeForce RTX 3060
tick 2759000 alive   939534 genomes   49117 energy   190.0 births 8646545 deaths 8646030 (21268.2s) NVIDIA GeForce RTX 3060
tick 2760000 alive   937613 genomes   49512 energy   189.6 births 8672109 deaths 8674030 (21276.2s) NVIDIA GeForce RTX 3060
tick 2761000 alive   939175 genomes   48841 energy   189.9 births 8660694 deaths 8659132 (21284.2s) NVIDIA GeForce RTX 3060
tick 2762000 alive   939569 genomes   49290 energy   189.6 births 8671146 deaths 8670752 (21292.2s) NVIDIA GeForce RTX 3060
tick 2763000 alive   940546 genomes   50141 energy   189.7 births 8693961 deaths 8692984 (21300.3s) NVIDIA GeForce RTX 3060
tick 2764000 alive   939888 genomes   50560 energy   189.7 births 8685886 deaths 8686544 (21308.3s) NVIDIA GeForce RTX 3060
tick 2765000 alive   940009 genomes   50790 energy   190.0 births 8642475 deaths 8642354 (21316.3s) NVIDIA GeForce RTX 3060
tick 2766000 alive   937022 genomes   50747 energy   189.7 births 8649653 deaths 8652640 (21324.3s) NVIDIA GeForce RTX 3060
tick 2767000 alive   938132 genomes   50990 energy   189.4 births 8692029 deaths 8690919 (21332.4s) NVIDIA GeForce RTX 3060
tick 2768000 alive   938432 genomes   50998 energy   189.2 births 8727037 deaths 8726737 (21340.4s) NVIDIA GeForce RTX 3060
tick 2769000 alive   937845 genomes   50927 energy   188.9 births 8762385 deaths 8762972 (21348.5s) NVIDIA GeForce RTX 3060
tick 2770000 alive   939011 genomes   51113 energy   188.7 births 8801768 deaths 8800602 (21356.5s) NVIDIA GeForce RTX 3060
tick 2771000 alive   939572 genomes   51646 energy   188.3 births 8889719 deaths 8889158 (21364.6s) NVIDIA GeForce RTX 3060
tick 2772000 alive   938790 genomes   50636 energy   187.8 births 8931547 deaths 8932329 (21372.7s) NVIDIA GeForce RTX 3060
tick 2773000 alive   940405 genomes   50326 energy   188.1 births 8966474 deaths 8964859 (21380.7s) NVIDIA GeForce RTX 3060
tick 2774000 alive   941342 genomes   50381 energy   187.5 births 8994908 deaths 8993971 (21388.8s) NVIDIA GeForce RTX 3060
tick 2775000 alive   942653 genomes   50532 energy   188.1 births 8994769 deaths 8993458 (21396.8s) NVIDIA GeForce RTX 3060
tick 2776000 alive   940403 genomes   50838 energy   188.1 births 8981460 deaths 8983710 (21404.9s) NVIDIA GeForce RTX 3060
tick 2777000 alive   939920 genomes   50361 energy   188.4 births 8914688 deaths 8915171 (21412.9s) NVIDIA GeForce RTX 3060
tick 2778000 alive   942462 genomes   50673 energy   188.0 births 8954018 deaths 8951476 (21421.0s) NVIDIA GeForce RTX 3060
tick 2779000 alive   940925 genomes   50690 energy   188.1 births 8997400 deaths 8998937 (21429.1s) NVIDIA GeForce RTX 3060
tick 2780000 alive   942398 genomes   50553 energy   188.1 births 8979319 deaths 8977846 (21437.1s) NVIDIA GeForce RTX 3060
tick 2781000 alive   941963 genomes   50684 energy   188.0 births 9016040 deaths 9016475 (21445.2s) NVIDIA GeForce RTX 3060
tick 2782000 alive   940851 genomes   51336 energy   188.0 births 9022833 deaths 9023945 (21453.2s) NVIDIA GeForce RTX 3060
tick 2783000 alive   941855 genomes   51453 energy   188.0 births 9042274 deaths 9041270 (21461.3s) NVIDIA GeForce RTX 3060
tick 2784000 alive   940244 genomes   51406 energy   188.0 births 9022198 deaths 9023809 (21469.3s) NVIDIA GeForce RTX 3060
tick 2785000 alive   939424 genomes   50594 energy   188.0 births 9003076 deaths 9003896 (21477.4s) NVIDIA GeForce RTX 3060
tick 2786000 alive   938434 genomes   50398 energy   188.1 births 8991785 deaths 8992775 (21485.4s) NVIDIA GeForce RTX 3060
tick 2787000 alive   939610 genomes   50336 energy   188.0 births 8981753 deaths 8980577 (21493.4s) NVIDIA GeForce RTX 3060
tick 2788000 alive   939751 genomes   50302 energy   188.2 births 8999555 deaths 8999414 (21501.5s) NVIDIA GeForce RTX 3060
tick 2789000 alive   940296 genomes   50294 energy   188.5 births 8943159 deaths 8942614 (21509.5s) NVIDIA GeForce RTX 3060
tick 2790000 alive   940247 genomes   50394 energy   188.4 births 8926765 deaths 8926814 (21517.5s) NVIDIA GeForce RTX 3060
tick 2791000 alive   938998 genomes   49452 energy   189.0 births 8885994 deaths 8887243 (21525.6s) NVIDIA GeForce RTX 3060
tick 2792000 alive   940062 genomes   48844 energy   189.1 births 8806462 deaths 8805398 (21533.6s) NVIDIA GeForce RTX 3060
tick 2793000 alive   941971 genomes   48335 energy   189.3 births 8782501 deaths 8780592 (21541.6s) NVIDIA GeForce RTX 3060
tick 2794000 alive   941276 genomes   49277 energy   188.6 births 8848500 deaths 8849195 (21549.6s) NVIDIA GeForce RTX 3060
tick 2795000 alive   941012 genomes   48994 energy   188.3 births 8894424 deaths 8894688 (21557.6s) NVIDIA GeForce RTX 3060
tick 2796000 alive   942379 genomes   48713 energy   188.5 births 8934614 deaths 8933247 (21565.7s) NVIDIA GeForce RTX 3060
tick 2797000 alive   942047 genomes   48964 energy   188.3 births 8909396 deaths 8909728 (21573.7s) NVIDIA GeForce RTX 3060
tick 2798000 alive   941969 genomes   49224 energy   188.3 births 8924404 deaths 8924482 (21581.7s) NVIDIA GeForce RTX 3060
tick 2799000 alive   941686 genomes   50245 energy   187.9 births 8996744 deaths 8997027 (21589.8s) NVIDIA GeForce RTX 3060
tick 2800000 alive   942278 genomes   51071 energy   187.9 births 9012897 deaths 9012305 (21597.8s) NVIDIA GeForce RTX 3060
tick 2801000 alive   940920 genomes   51396 energy   187.9 births 8979904 deaths 8981262 (21605.9s) NVIDIA GeForce RTX 3060
tick 2802000 alive   941565 genomes   51501 energy   188.1 births 8984147 deaths 8983502 (21614.0s) NVIDIA GeForce RTX 3060
tick 2803000 alive   941875 genomes   51505 energy   188.2 births 8952173 deaths 8951863 (21622.0s) NVIDIA GeForce RTX 3060
tick 2804000 alive   943076 genomes   51234 energy   188.1 births 8966251 deaths 8965050 (21630.0s) NVIDIA GeForce RTX 3060
tick 2805000 alive   942698 genomes   51131 energy   188.6 births 8920672 deaths 8921050 (21638.1s) NVIDIA GeForce RTX 3060
tick 2806000 alive   944684 genomes   51537 energy   188.5 births 8899807 deaths 8897821 (21646.1s) NVIDIA GeForce RTX 3060
tick 2807000 alive   944113 genomes   51765 energy   188.8 births 8884839 deaths 8885410 (21654.1s) NVIDIA GeForce RTX 3060
tick 2808000 alive   942652 genomes   52146 energy   188.6 births 8915793 deaths 8917254 (21662.1s) NVIDIA GeForce RTX 3060
tick 2809000 alive   941642 genomes   51418 energy   188.6 births 8891365 deaths 8892375 (21670.1s) NVIDIA GeForce RTX 3060
tick 2810000 alive   941363 genomes   52023 energy   188.8 births 8857252 deaths 8857531 (21678.1s) NVIDIA GeForce RTX 3060
tick 2811000 alive   939901 genomes   51537 energy   189.4 births 8803212 deaths 8804674 (21686.1s) NVIDIA GeForce RTX 3060
tick 2812000 alive   940007 genomes   51373 energy   189.6 births 8742989 deaths 8742883 (21694.1s) NVIDIA GeForce RTX 3060
tick 2813000 alive   940731 genomes   51198 energy   189.2 births 8753181 deaths 8752457 (21702.2s) NVIDIA GeForce RTX 3060
tick 2814000 alive   940105 genomes   50621 energy   189.0 births 8777074 deaths 8777700 (21710.2s) NVIDIA GeForce RTX 3060
tick 2815000 alive   938861 genomes   50377 energy   189.2 births 8736321 deaths 8737565 (21718.2s) NVIDIA GeForce RTX 3060
tick 2816000 alive   941786 genomes   50263 energy   189.4 births 8721512 deaths 8718587 (21726.2s) NVIDIA GeForce RTX 3060
tick 2817000 alive   940074 genomes   50726 energy   189.7 births 8695021 deaths 8696733 (21734.2s) NVIDIA GeForce RTX 3060
tick 2818000 alive   941658 genomes   50719 energy   189.7 births 8678046 deaths 8676462 (21742.3s) NVIDIA GeForce RTX 3060
tick 2819000 alive   941465 genomes   50599 energy   189.5 births 8674590 deaths 8674783 (21750.3s) NVIDIA GeForce RTX 3060
tick 2820000 alive   941240 genomes   51201 energy   189.2 births 8727309 deaths 8727534 (21758.3s) NVIDIA GeForce RTX 3060
tick 2821000 alive   941104 genomes   50873 energy   189.2 births 8725315 deaths 8725451 (21766.3s) NVIDIA GeForce RTX 3060
tick 2822000 alive   941506 genomes   50900 energy   189.6 births 8725796 deaths 8725394 (21774.3s) NVIDIA GeForce RTX 3060
tick 2823000 alive   941176 genomes   50664 energy   189.4 births 8700829 deaths 8701159 (21782.4s) NVIDIA GeForce RTX 3060
tick 2824000 alive   942818 genomes   50273 energy   189.4 births 8705590 deaths 8703948 (21790.4s) NVIDIA GeForce RTX 3060
tick 2825000 alive   943055 genomes   49974 energy   189.5 births 8734429 deaths 8734192 (21798.4s) NVIDIA GeForce RTX 3060
tick 2826000 alive   941293 genomes   49793 energy   189.2 births 8729023 deaths 8730785 (21806.4s) NVIDIA GeForce RTX 3060
tick 2827000 alive   941086 genomes   49586 energy   189.2 births 8745750 deaths 8745957 (21814.4s) NVIDIA GeForce RTX 3060
tick 2828000 alive   943056 genomes   49198 energy   189.3 births 8772869 deaths 8770899 (21822.5s) NVIDIA GeForce RTX 3060
tick 2829000 alive   943288 genomes   49608 energy   189.1 births 8795816 deaths 8795584 (21830.5s) NVIDIA GeForce RTX 3060
tick 2830000 alive   942833 genomes   49980 energy   188.6 births 8864928 deaths 8865383 (21838.5s) NVIDIA GeForce RTX 3060
tick 2831000 alive   943608 genomes   50385 energy   189.0 births 8861457 deaths 8860682 (21846.5s) NVIDIA GeForce RTX 3060
tick 2832000 alive   941900 genomes   50516 energy   189.1 births 8826079 deaths 8827787 (21854.6s) NVIDIA GeForce RTX 3060
tick 2833000 alive   942423 genomes   50496 energy   188.9 births 8827854 deaths 8827331 (21862.6s) NVIDIA GeForce RTX 3060
tick 2834000 alive   945268 genomes   50538 energy   189.3 births 8809233 deaths 8806388 (21870.6s) NVIDIA GeForce RTX 3060
tick 2835000 alive   944148 genomes   50591 energy   189.1 births 8805685 deaths 8806805 (21878.7s) NVIDIA GeForce RTX 3060
tick 2836000 alive   943993 genomes   50909 energy   189.5 births 8783806 deaths 8783961 (21886.7s) NVIDIA GeForce RTX 3060
tick 2837000 alive   945215 genomes   50256 energy   189.4 births 8763536 deaths 8762314 (21894.7s) NVIDIA GeForce RTX 3060
tick 2838000 alive   945103 genomes   50258 energy   189.4 births 8780553 deaths 8780665 (21902.7s) NVIDIA GeForce RTX 3060
tick 2839000 alive   944724 genomes   50399 energy   189.1 births 8809190 deaths 8809569 (21910.7s) NVIDIA GeForce RTX 3060
tick 2840000 alive   946854 genomes   50289 energy   189.3 births 8795194 deaths 8793064 (21918.7s) NVIDIA GeForce RTX 3060
tick 2841000 alive   945336 genomes   50072 energy   189.2 births 8819344 deaths 8820862 (21926.7s) NVIDIA GeForce RTX 3060
tick 2842000 alive   944479 genomes   50759 energy   189.2 births 8848991 deaths 8849848 (21934.7s) NVIDIA GeForce RTX 3060
tick 2843000 alive   943953 genomes   50154 energy   189.1 births 8823905 deaths 8824431 (21942.7s) NVIDIA GeForce RTX 3060
tick 2844000 alive   944365 genomes   50291 energy   189.5 births 8820144 deaths 8819732 (21950.7s) NVIDIA GeForce RTX 3060
tick 2845000 alive   944680 genomes   49969 energy   189.1 births 8812326 deaths 8812011 (21958.7s) NVIDIA GeForce RTX 3060
tick 2846000 alive   942422 genomes   50193 energy   188.8 births 8886060 deaths 8888318 (21966.8s) NVIDIA GeForce RTX 3060
tick 2847000 alive   942290 genomes   50508 energy   188.8 births 8904208 deaths 8904340 (21974.8s) NVIDIA GeForce RTX 3060
tick 2848000 alive   944868 genomes   49984 energy   188.9 births 8889005 deaths 8886427 (21982.8s) NVIDIA GeForce RTX 3060
tick 2849000 alive   944217 genomes   50344 energy   188.8 births 8922984 deaths 8923635 (21990.8s) NVIDIA GeForce RTX 3060
tick 2850000 alive   944277 genomes   50001 energy   188.6 births 8921547 deaths 8921487 (21998.8s) NVIDIA GeForce RTX 3060
tick 2851000 alive   944773 genomes   50355 energy   188.5 births 8948360 deaths 8947864 (22006.8s) NVIDIA GeForce RTX 3060
tick 2852000 alive   944117 genomes   50614 energy   188.5 births 8963109 deaths 8963765 (22014.9s) NVIDIA GeForce RTX 3060
tick 2853000 alive   945606 genomes   51304 energy   188.9 births 8942420 deaths 8940931 (22022.9s) NVIDIA GeForce RTX 3060
tick 2854000 alive   943679 genomes   52010 energy   188.9 births 8926019 deaths 8927946 (22031.0s) NVIDIA GeForce RTX 3060
tick 2855000 alive   945133 genomes   52279 energy   189.1 births 8891899 deaths 8890445 (22039.0s) NVIDIA GeForce RTX 3060
tick 2856000 alive   946100 genomes   52885 energy   189.4 births 8863020 deaths 8862053 (22047.1s) NVIDIA GeForce RTX 3060
tick 2857000 alive   947709 genomes   53600 energy   189.6 births 8855508 deaths 8853899 (22055.1s) NVIDIA GeForce RTX 3060
tick 2858000 alive   945272 genomes   54521 energy   189.6 births 8820529 deaths 8822966 (22063.2s) NVIDIA GeForce RTX 3060
tick 2859000 alive   943504 genomes   54459 energy   189.5 births 8798790 deaths 8800558 (22071.3s) NVIDIA GeForce RTX 3060
tick 2860000 alive   941285 genomes   54597 energy   189.5 births 8810293 deaths 8812512 (22079.3s) NVIDIA GeForce RTX 3060
tick 2861000 alive   940657 genomes   54895 energy   189.2 births 8794550 deaths 8795178 (22087.4s) NVIDIA GeForce RTX 3060
tick 2862000 alive   939999 genomes   55087 energy   189.1 births 8809814 deaths 8810472 (22095.5s) NVIDIA GeForce RTX 3060
tick 2863000 alive   940832 genomes   54602 energy   188.9 births 8793294 deaths 8792461 (22103.6s) NVIDIA GeForce RTX 3060
tick 2864000 alive   940745 genomes   55311 energy   188.9 births 8824784 deaths 8824871 (22111.7s) NVIDIA GeForce RTX 3060
tick 2865000 alive   939528 genomes   55254 energy   189.0 births 8812945 deaths 8814162 (22119.8s) NVIDIA GeForce RTX 3060
tick 2866000 alive   939308 genomes   55259 energy   189.1 births 8788532 deaths 8788752 (22127.9s) NVIDIA GeForce RTX 3060
tick 2867000 alive   940906 genomes   55490 energy   189.0 births 8806700 deaths 8805102 (22136.0s) NVIDIA GeForce RTX 3060
tick 2868000 alive   943039 genomes   54718 energy   189.4 births 8784167 deaths 8782034 (22144.1s) NVIDIA GeForce RTX 3060
tick 2869000 alive   942708 genomes   54534 energy   189.5 births 8750563 deaths 8750894 (22152.2s) NVIDIA GeForce RTX 3060
tick 2870000 alive   942702 genomes   54518 energy   189.3 births 8742878 deaths 8742884 (22160.3s) NVIDIA GeForce RTX 3060
tick 2871000 alive   942574 genomes   55032 energy   189.3 births 8781288 deaths 8781416 (22168.4s) NVIDIA GeForce RTX 3060
tick 2872000 alive   943582 genomes   54374 energy   189.7 births 8743983 deaths 8742975 (22176.5s) NVIDIA GeForce RTX 3060
tick 2873000 alive   942129 genomes   54337 energy   189.6 births 8732495 deaths 8733948 (22184.6s) NVIDIA GeForce RTX 3060
tick 2874000 alive   940392 genomes   53776 energy   189.4 births 8726022 deaths 8727759 (22192.7s) NVIDIA GeForce RTX 3060
tick 2875000 alive   942265 genomes   53312 energy   190.0 births 8715041 deaths 8713168 (22200.8s) NVIDIA GeForce RTX 3060
tick 2876000 alive   942834 genomes   52643 energy   190.2 births 8660629 deaths 8660060 (22208.9s) NVIDIA GeForce RTX 3060
tick 2877000 alive   942664 genomes   52555 energy   190.3 births 8627972 deaths 8628142 (22217.0s) NVIDIA GeForce RTX 3060
tick 2878000 alive   940964 genomes   52671 energy   190.1 births 8621444 deaths 8623144 (22225.1s) NVIDIA GeForce RTX 3060
tick 2879000 alive   940082 genomes   52033 energy   190.2 births 8607021 deaths 8607903 (22233.2s) NVIDIA GeForce RTX 3060
tick 2880000 alive   941228 genomes   51706 energy   190.0 births 8591424 deaths 8590278 (22241.3s) NVIDIA GeForce RTX 3060
tick 2881000 alive   941042 genomes   51046 energy   190.5 births 8613945 deaths 8614131 (22249.4s) NVIDIA GeForce RTX 3060
tick 2882000 alive   940631 genomes   51114 energy   190.3 births 8576575 deaths 8576986 (22257.5s) NVIDIA GeForce RTX 3060
tick 2883000 alive   940816 genomes   51292 energy   190.2 births 8608583 deaths 8608398 (22265.6s) NVIDIA GeForce RTX 3060
tick 2884000 alive   941333 genomes   50699 energy   190.2 births 8589773 deaths 8589256 (22273.7s) NVIDIA GeForce RTX 3060
tick 2885000 alive   941440 genomes   50771 energy   190.3 births 8609670 deaths 8609563 (22281.8s) NVIDIA GeForce RTX 3060
tick 2886000 alive   942063 genomes   50342 energy   190.3 births 8588630 deaths 8588007 (22289.8s) NVIDIA GeForce RTX 3060
tick 2887000 alive   941855 genomes   49961 energy   190.8 births 8559454 deaths 8559662 (22297.9s) NVIDIA GeForce RTX 3060
tick 2888000 alive   940421 genomes   50590 energy   190.6 births 8538579 deaths 8540013 (22306.0s) NVIDIA GeForce RTX 3060
tick 2889000 alive   942038 genomes   49675 energy   190.5 births 8541824 deaths 8540207 (22314.1s) NVIDIA GeForce RTX 3060
tick 2890000 alive   943497 genomes   49708 energy   190.8 births 8540467 deaths 8539008 (22322.1s) NVIDIA GeForce RTX 3060
tick 2891000 alive   944213 genomes   49654 energy   190.5 births 8571307 deaths 8570591 (22330.2s) NVIDIA GeForce RTX 3060
tick 2892000 alive   942745 genomes   49765 energy   190.3 births 8590798 deaths 8592266 (22338.3s) NVIDIA GeForce RTX 3060
tick 2893000 alive   941043 genomes   49965 energy   190.3 births 8589106 deaths 8590808 (22346.3s) NVIDIA GeForce RTX 3060
tick 2894000 alive   941941 genomes   49673 energy   190.5 births 8593414 deaths 8592516 (22354.4s) NVIDIA GeForce RTX 3060
tick 2895000 alive   943142 genomes   49974 energy   190.3 births 8591343 deaths 8590142 (22362.4s) NVIDIA GeForce RTX 3060
tick 2896000 alive   942102 genomes   50085 energy   190.5 births 8607652 deaths 8608692 (22370.5s) NVIDIA GeForce RTX 3060
tick 2897000 alive   943549 genomes   50406 energy   190.5 births 8599707 deaths 8598260 (22378.6s) NVIDIA GeForce RTX 3060
tick 2898000 alive   942952 genomes   49907 energy   190.4 births 8574984 deaths 8575581 (22386.6s) NVIDIA GeForce RTX 3060
tick 2899000 alive   942759 genomes   50502 energy   190.5 births 8553548 deaths 8553741 (22394.7s) NVIDIA GeForce RTX 3060
tick 2900000 alive   942062 genomes   50397 energy   190.7 births 8523799 deaths 8524496 (22402.7s) NVIDIA GeForce RTX 3060
tick 2901000 alive   942455 genomes   50266 energy   190.8 births 8517965 deaths 8517572 (22410.8s) NVIDIA GeForce RTX 3060
tick 2902000 alive   941595 genomes   50504 energy   191.2 births 8442145 deaths 8443005 (22418.8s) NVIDIA GeForce RTX 3060
tick 2903000 alive   941205 genomes   50673 energy   191.4 births 8404080 deaths 8404470 (22426.9s) NVIDIA GeForce RTX 3060
tick 2904000 alive   942110 genomes   50811 energy   191.2 births 8418284 deaths 8417379 (22435.0s) NVIDIA GeForce RTX 3060
tick 2905000 alive   942599 genomes   50902 energy   191.3 births 8415867 deaths 8415378 (22443.0s) NVIDIA GeForce RTX 3060
tick 2906000 alive   943107 genomes   50091 energy   191.4 births 8389083 deaths 8388575 (22451.1s) NVIDIA GeForce RTX 3060
tick 2907000 alive   942617 genomes   50661 energy   190.7 births 8468570 deaths 8469060 (22459.2s) NVIDIA GeForce RTX 3060
tick 2908000 alive   944342 genomes   51540 energy   190.4 births 8540732 deaths 8539007 (22467.2s) NVIDIA GeForce RTX 3060
tick 2909000 alive   943778 genomes   51653 energy   190.6 births 8561762 deaths 8562326 (22475.3s) NVIDIA GeForce RTX 3060
tick 2910000 alive   941100 genomes   52690 energy   190.7 births 8533648 deaths 8536326 (22483.3s) NVIDIA GeForce RTX 3060
tick 2911000 alive   941189 genomes   52912 energy   190.8 births 8526829 deaths 8526740 (22491.4s) NVIDIA GeForce RTX 3060
tick 2912000 alive   941548 genomes   53490 energy   191.0 births 8496097 deaths 8495738 (22499.5s) NVIDIA GeForce RTX 3060
tick 2913000 alive   940825 genomes   53571 energy   190.8 births 8542324 deaths 8543047 (22507.5s) NVIDIA GeForce RTX 3060
tick 2914000 alive   938981 genomes   53656 energy   190.4 births 8536449 deaths 8538293 (22515.6s) NVIDIA GeForce RTX 3060
tick 2915000 alive   941036 genomes   53513 energy   190.9 births 8525471 deaths 8523416 (22523.7s) NVIDIA GeForce RTX 3060
tick 2916000 alive   940275 genomes   53635 energy   190.5 births 8562014 deaths 8562775 (22531.7s) NVIDIA GeForce RTX 3060
tick 2917000 alive   941299 genomes   54009 energy   190.2 births 8590980 deaths 8589956 (22539.8s) NVIDIA GeForce RTX 3060
tick 2918000 alive   941846 genomes   54147 energy   190.0 births 8632785 deaths 8632238 (22547.8s) NVIDIA GeForce RTX 3060
tick 2919000 alive   939451 genomes   54342 energy   189.7 births 8686167 deaths 8688562 (22555.9s) NVIDIA GeForce RTX 3060
tick 2920000 alive   938998 genomes   54044 energy   189.5 births 8731148 deaths 8731601 (22563.9s) NVIDIA GeForce RTX 3060
tick 2921000 alive   940521 genomes   54248 energy   189.6 births 8763315 deaths 8761792 (22572.0s) NVIDIA GeForce RTX 3060
tick 2922000 alive   939519 genomes   54037 energy   189.7 births 8745999 deaths 8747001 (22580.1s) NVIDIA GeForce RTX 3060
tick 2923000 alive   940708 genomes   53738 energy   189.7 births 8718462 deaths 8717273 (22588.1s) NVIDIA GeForce RTX 3060
tick 2924000 alive   940737 genomes   53879 energy   189.7 births 8745748 deaths 8745719 (22596.2s) NVIDIA GeForce RTX 3060
tick 2925000 alive   941148 genomes   53991 energy   189.7 births 8738294 deaths 8737883 (22604.3s) NVIDIA GeForce RTX 3060
tick 2926000 alive   941630 genomes   54079 energy   189.7 births 8773447 deaths 8772965 (22612.3s) NVIDIA GeForce RTX 3060
tick 2927000 alive   941629 genomes   53782 energy   189.5 births 8811709 deaths 8811710 (22620.3s) NVIDIA GeForce RTX 3060
tick 2928000 alive   942436 genomes   53543 energy   189.6 births 8813409 deaths 8812602 (22628.4s) NVIDIA GeForce RTX 3060
tick 2929000 alive   941756 genomes   53200 energy   189.6 births 8797088 deaths 8797768 (22636.4s) NVIDIA GeForce RTX 3060
tick 2930000 alive   943225 genomes   53048 energy   189.6 births 8795081 deaths 8793612 (22644.4s) NVIDIA GeForce RTX 3060
tick 2931000 alive   943737 genomes   52983 energy   189.4 births 8829658 deaths 8829146 (22652.4s) NVIDIA GeForce RTX 3060
tick 2932000 alive   942999 genomes   53279 energy   189.2 births 8855468 deaths 8856206 (22660.5s) NVIDIA GeForce RTX 3060
tick 2933000 alive   940605 genomes   54370 energy   188.7 births 8917070 deaths 8919464 (22668.5s) NVIDIA GeForce RTX 3060
tick 2934000 alive   941813 genomes   54533 energy   188.7 births 8962710 deaths 8961502 (22676.5s) NVIDIA GeForce RTX 3060
tick 2935000 alive   940780 genomes   55653 energy   188.5 births 8996416 deaths 8997449 (22684.6s) NVIDIA GeForce RTX 3060
tick 2936000 alive   938739 genomes   56416 energy   188.0 births 9068592 deaths 9070633 (22692.6s) NVIDIA GeForce RTX 3060
tick 2937000 alive   938619 genomes   56665 energy   187.8 births 9110673 deaths 9110793 (22700.7s) NVIDIA GeForce RTX 3060
tick 2938000 alive   938707 genomes   56416 energy   187.9 births 9130146 deaths 9130058 (22708.7s) NVIDIA GeForce RTX 3060
tick 2939000 alive   939063 genomes   55829 energy   187.9 births 9101193 deaths 9100837 (22716.7s) NVIDIA GeForce RTX 3060
tick 2940000 alive   938077 genomes   54899 energy   187.8 births 9090467 deaths 9091453 (22724.8s) NVIDIA GeForce RTX 3060
tick 2941000 alive   938719 genomes   54487 energy   188.1 births 9100440 deaths 9099798 (22732.8s) NVIDIA GeForce RTX 3060
tick 2942000 alive   939675 genomes   53846 energy   188.2 births 9057173 deaths 9056217 (22740.8s) NVIDIA GeForce RTX 3060
tick 2943000 alive   940174 genomes   53495 energy   188.4 births 9022334 deaths 9021835 (22748.8s) NVIDIA GeForce RTX 3060
tick 2944000 alive   939674 genomes   52491 energy   188.6 births 8961751 deaths 8962251 (22756.8s) NVIDIA GeForce RTX 3060
tick 2945000 alive   940561 genomes   51801 energy   188.9 births 8950874 deaths 8949987 (22764.8s) NVIDIA GeForce RTX 3060
tick 2946000 alive   942299 genomes   51494 energy   188.7 births 8936282 deaths 8934544 (22772.8s) NVIDIA GeForce RTX 3060
tick 2947000 alive   941560 genomes   51172 energy   188.7 births 8977064 deaths 8977803 (22780.8s) NVIDIA GeForce RTX 3060
tick 2948000 alive   941632 genomes   51347 energy   188.6 births 8967576 deaths 8967504 (22788.8s) NVIDIA GeForce RTX 3060
tick 2949000 alive   941681 genomes   51276 energy   188.9 births 8983560 deaths 8983511 (22796.7s) NVIDIA GeForce RTX 3060
tick 2950000 alive   942999 genomes   51844 energy   189.0 births 8989206 deaths 8987888 (22804.7s) NVIDIA GeForce RTX 3060
tick 2951000 alive   942550 genomes   51490 energy   189.4 births 8925484 deaths 8925933 (22812.7s) NVIDIA GeForce RTX 3060
tick 2952000 alive   942760 genomes   51009 energy   189.7 births 8888377 deaths 8888167 (22820.7s) NVIDIA GeForce RTX 3060
tick 2953000 alive   941609 genomes   50078 energy   189.7 births 8841177 deaths 8842328 (22828.6s) NVIDIA GeForce RTX 3060
tick 2954000 alive   942644 genomes   50063 energy   189.6 births 8854678 deaths 8853643 (22836.6s) NVIDIA GeForce RTX 3060
tick 2955000 alive   943830 genomes   49465 energy   189.7 births 8856710 deaths 8855524 (22844.5s) NVIDIA GeForce RTX 3060
tick 2956000 alive   945691 genomes   50190 energy   189.3 births 8892253 deaths 8890392 (22852.5s) NVIDIA GeForce RTX 3060
tick 2957000 alive   945152 genomes   50291 energy   189.1 births 8904332 deaths 8904871 (22860.4s) NVIDIA GeForce RTX 3060
tick 2958000 alive   944513 genomes   50468 energy   189.3 births 8927449 deaths 8928088 (22868.4s) NVIDIA GeForce RTX 3060
tick 2959000 alive   944417 genomes   50610 energy   189.0 births 8933402 deaths 8933498 (22876.3s) NVIDIA GeForce RTX 3060
tick 2960000 alive   946058 genomes   50779 energy   188.8 births 8985342 deaths 8983701 (22884.3s) NVIDIA GeForce RTX 3060
tick 2961000 alive   945312 genomes   50959 energy   188.6 births 9026262 deaths 9027008 (22892.2s) NVIDIA GeForce RTX 3060
tick 2962000 alive   945768 genomes   51056 energy   188.6 births 9035563 deaths 9035107 (22900.1s) NVIDIA GeForce RTX 3060
tick 2963000 alive   943314 genomes   51327 energy   188.7 births 9027334 deaths 9029788 (22908.1s) NVIDIA GeForce RTX 3060
tick 2964000 alive   943841 genomes   50830 energy   189.0 births 8982094 deaths 8981567 (22916.0s) NVIDIA GeForce RTX 3060
tick 2965000 alive   945587 genomes   50825 energy   189.2 births 8937322 deaths 8935576 (22923.9s) NVIDIA GeForce RTX 3060
tick 2966000 alive   946494 genomes   50564 energy   188.8 births 8966183 deaths 8965276 (22931.9s) NVIDIA GeForce RTX 3060
tick 2967000 alive   945853 genomes   50535 energy   188.7 births 9010115 deaths 9010756 (22939.8s) NVIDIA GeForce RTX 3060
tick 2968000 alive   945096 genomes   50479 energy   188.9 births 9002403 deaths 9003160 (22947.7s) NVIDIA GeForce RTX 3060
tick 2969000 alive   944050 genomes   50784 energy   188.8 births 8977966 deaths 8979012 (22955.7s) NVIDIA GeForce RTX 3060
tick 2970000 alive   944365 genomes   50683 energy   189.3 births 8947268 deaths 8946953 (22963.6s) NVIDIA GeForce RTX 3060
tick 2971000 alive   942213 genomes   50571 energy   189.8 births 8897378 deaths 8899530 (22971.5s) NVIDIA GeForce RTX 3060
tick 2972000 alive   942752 genomes   50935 energy   189.1 births 8894937 deaths 8894398 (22979.5s) NVIDIA GeForce RTX 3060
tick 2973000 alive   941432 genomes   51328 energy   188.8 births 8964303 deaths 8965623 (22987.4s) NVIDIA GeForce RTX 3060
tick 2974000 alive   941160 genomes   51167 energy   188.7 births 8976091 deaths 8976363 (22995.4s) NVIDIA GeForce RTX 3060
tick 2975000 alive   940617 genomes   51175 energy   188.3 births 9027706 deaths 9028249 (23003.4s) NVIDIA GeForce RTX 3060
tick 2976000 alive   938602 genomes   51935 energy   188.1 births 9065110 deaths 9067125 (23011.4s) NVIDIA GeForce RTX 3060
tick 2977000 alive   939961 genomes   52492 energy   188.1 births 9038530 deaths 9037171 (23019.4s) NVIDIA GeForce RTX 3060
tick 2978000 alive   939366 genomes   53198 energy   187.9 births 9080400 deaths 9080995 (23027.3s) NVIDIA GeForce RTX 3060
tick 2979000 alive   940690 genomes   53657 energy   187.9 births 9111497 deaths 9110173 (23035.3s) NVIDIA GeForce RTX 3060
tick 2980000 alive   940032 genomes   54057 energy   188.0 births 9108957 deaths 9109615 (23043.3s) NVIDIA GeForce RTX 3060
tick 2981000 alive   940144 genomes   55329 energy   187.9 births 9145333 deaths 9145221 (23051.3s) NVIDIA GeForce RTX 3060
tick 2982000 alive   940458 genomes   55034 energy   188.1 births 9128022 deaths 9127708 (23059.3s) NVIDIA GeForce RTX 3060
tick 2983000 alive   939821 genomes   55053 energy   188.4 births 9097547 deaths 9098184 (23067.3s) NVIDIA GeForce RTX 3060
tick 2984000 alive   939401 genomes   54880 energy   188.7 births 9018438 deaths 9018858 (23075.3s) NVIDIA GeForce RTX 3060
tick 2985000 alive   939838 genomes   54654 energy   188.8 births 8978473 deaths 8978036 (23083.3s) NVIDIA GeForce RTX 3060
tick 2986000 alive   936939 genomes   54621 energy   188.3 births 9011956 deaths 9014855 (23091.2s) NVIDIA GeForce RTX 3060
tick 2987000 alive   939953 genomes   54561 energy   188.2 births 9067154 deaths 9064140 (23099.2s) NVIDIA GeForce RTX 3060
tick 2988000 alive   939304 genomes   54266 energy   188.0 births 9109616 deaths 9110265 (23107.2s) NVIDIA GeForce RTX 3060
tick 2989000 alive   939943 genomes   54495 energy   187.4 births 9155930 deaths 9155291 (23115.2s) NVIDIA GeForce RTX 3060
tick 2990000 alive   937509 genomes   54801 energy   187.7 births 9173971 deaths 9176405 (23123.2s) NVIDIA GeForce RTX 3060
tick 2991000 alive   936499 genomes   55853 energy   187.2 births 9177369 deaths 9178379 (23131.2s) NVIDIA GeForce RTX 3060
tick 2992000 alive   937423 genomes   55817 energy   187.5 births 9231170 deaths 9230246 (23139.2s) NVIDIA GeForce RTX 3060
tick 2993000 alive   937472 genomes   56145 energy   187.8 births 9176228 deaths 9176179 (23147.2s) NVIDIA GeForce RTX 3060
tick 2994000 alive   938868 genomes   56711 energy   188.3 births 9094285 deaths 9092889 (23155.2s) NVIDIA GeForce RTX 3060
tick 2995000 alive   939341 genomes   56985 energy   188.2 births 9076494 deaths 9076021 (23163.2s) NVIDIA GeForce RTX 3060
tick 2996000 alive   938037 genomes   56683 energy   188.4 births 9054394 deaths 9055698 (23171.2s) NVIDIA GeForce RTX 3060
tick 2997000 alive   937877 genomes   56634 energy   188.3 births 9024299 deaths 9024459 (23179.2s) NVIDIA GeForce RTX 3060
tick 2998000 alive   939486 genomes   56490 energy   188.2 births 9039445 deaths 9037836 (23187.2s) NVIDIA GeForce RTX 3060
tick 2999000 alive   938422 genomes   55413 energy   188.4 births 8988487 deaths 8989551 (23195.2s) NVIDIA GeForce RTX 3060
tick 3000000 alive   937533 genomes   55010 energy   188.4 births 8969677 deaths 8970566 (23203.2s) NVIDIA GeForce RTX 3060
tick 3001000 alive   939008 genomes   54748 energy   188.2 births 9018516 deaths 9017041 (23211.2s) NVIDIA GeForce RTX 3060
tick 3002000 alive   938915 genomes   54206 energy   187.9 births 9047853 deaths 9047946 (23219.2s) NVIDIA GeForce RTX 3060
tick 3003000 alive   936508 genomes   54408 energy   188.0 births 9057926 deaths 9060333 (23227.2s) NVIDIA GeForce RTX 3060
tick 3004000 alive   936929 genomes   54125 energy   188.0 births 9059021 deaths 9058600 (23235.3s) NVIDIA GeForce RTX 3060
tick 3005000 alive   938354 genomes   53252 energy   188.2 births 9022674 deaths 9021249 (23243.3s) NVIDIA GeForce RTX 3060
tick 3006000 alive   938628 genomes   53065 energy   188.4 births 8999532 deaths 8999258 (23251.3s) NVIDIA GeForce RTX 3060
tick 3007000 alive   938371 genomes   53223 energy   188.4 births 8984166 deaths 8984423 (23259.4s) NVIDIA GeForce RTX 3060
tick 3008000 alive   938248 genomes   53309 energy   188.7 births 8950119 deaths 8950242 (23267.4s) NVIDIA GeForce RTX 3060
tick 3009000 alive   937008 genomes   53372 energy   189.0 births 8910057 deaths 8911297 (23275.4s) NVIDIA GeForce RTX 3060
tick 3010000 alive   938307 genomes   53196 energy   188.6 births 8892926 deaths 8891627 (23283.4s) NVIDIA GeForce RTX 3060
tick 3011000 alive   937856 genomes   53641 energy   188.3 births 8960908 deaths 8961359 (23291.5s) NVIDIA GeForce RTX 3060
tick 3012000 alive   940147 genomes   54135 energy   188.3 births 8977891 deaths 8975600 (23299.5s) NVIDIA GeForce RTX 3060
tick 3013000 alive   940191 genomes   53831 energy   188.8 births 8963593 deaths 8963549 (23307.5s) NVIDIA GeForce RTX 3060
tick 3014000 alive   941054 genomes   54257 energy   189.0 births 8914403 deaths 8913540 (23315.5s) NVIDIA GeForce RTX 3060
tick 3015000 alive   939860 genomes   53737 energy   189.0 births 8908112 deaths 8909306 (23323.5s) NVIDIA GeForce RTX 3060
tick 3016000 alive   940184 genomes   53721 energy   188.6 births 8917577 deaths 8917253 (23331.6s) NVIDIA GeForce RTX 3060
tick 3017000 alive   939548 genomes   53812 energy   188.9 births 8935012 deaths 8935648 (23339.6s) NVIDIA GeForce RTX 3060
tick 3018000 alive   939464 genomes   54638 energy   189.1 births 8914810 deaths 8914894 (23347.6s) NVIDIA GeForce RTX 3060
tick 3019000 alive   937328 genomes   53881 energy   189.9 births 8823794 deaths 8825930 (23355.6s) NVIDIA GeForce RTX 3060
tick 3020000 alive   937819 genomes   53808 energy   189.7 births 8734236 deaths 8733745 (23363.6s) NVIDIA GeForce RTX 3060
tick 3021000 alive   937641 genomes   53610 energy   189.7 births 8740063 deaths 8740241 (23371.6s) NVIDIA GeForce RTX 3060
tick 3022000 alive   938706 genomes   53974 energy   189.3 births 8767048 deaths 8765983 (23379.6s) NVIDIA GeForce RTX 3060
tick 3023000 alive   938322 genomes   53930 energy   189.1 births 8827647 deaths 8828031 (23387.7s) NVIDIA GeForce RTX 3060
tick 3024000 alive   935607 genomes   53415 energy   189.3 births 8792476 deaths 8795191 (23395.7s) NVIDIA GeForce RTX 3060
tick 3025000 alive   937558 genomes   52332 energy   189.4 births 8775467 deaths 8773516 (23403.8s) NVIDIA GeForce RTX 3060
tick 3026000 alive   939303 genomes   52268 energy   188.9 births 8811379 deaths 8809634 (23411.8s) NVIDIA GeForce RTX 3060
tick 3027000 alive   938958 genomes   52091 energy   188.5 births 8895668 deaths 8896013 (23419.8s) NVIDIA GeForce RTX 3060
tick 3028000 alive   938714 genomes   51877 energy   189.0 births 8873342 deaths 8873586 (23427.8s) NVIDIA GeForce RTX 3060
tick 3029000 alive   939297 genomes   52039 energy   188.2 births 8888548 deaths 8887965 (23435.9s) NVIDIA GeForce RTX 3060
tick 3030000 alive   939049 genomes   52641 energy   188.3 births 8942383 deaths 8942631 (23443.9s) NVIDIA GeForce RTX 3060
tick 3031000 alive   939868 genomes   53279 energy   188.3 births 8960840 deaths 8960021 (23452.0s) NVIDIA GeForce RTX 3060
tick 3032000 alive   938046 genomes   54117 energy   187.9 births 8992052 deaths 8993874 (23460.0s) NVIDIA GeForce RTX 3060
tick 3033000 alive   936980 genomes   54123 energy   187.9 births 9005139 deaths 9006205 (23468.1s) NVIDIA GeForce RTX 3060
tick 3034000 alive   937377 genomes   53952 energy   188.3 births 8948435 deaths 8948038 (23476.1s) NVIDIA GeForce RTX 3060
tick 3035000 alive   936175 genomes   54173 energy   188.7 births 8919810 deaths 8921012 (23484.2s) NVIDIA GeForce RTX 3060
tick 3036000 alive   940593 genomes   54196 energy   188.7 births 8866015 deaths 8861597 (23492.2s) NVIDIA GeForce RTX 3060
tick 3037000 alive   939035 genomes   53729 energy   188.6 births 8895415 deaths 8896973 (23500.2s) NVIDIA GeForce RTX 3060
tick 3038000 alive   938703 genomes   54203 energy   188.3 births 8926247 deaths 8926579 (23508.2s) NVIDIA GeForce RTX 3060
tick 3039000 alive   940314 genomes   54695 energy   188.4 births 8962300 deaths 8960689 (23516.3s) NVIDIA GeForce RTX 3060
tick 3040000 alive   939911 genomes   54261 energy   188.7 births 8919877 deaths 8920280 (23524.3s) NVIDIA GeForce RTX 3060
tick 3041000 alive   938275 genomes   54439 energy   188.7 births 8919068 deaths 8920704 (23532.3s) NVIDIA GeForce RTX 3060
tick 3042000 alive   938188 genomes   54092 energy   188.4 births 8927412 deaths 8927499 (23540.3s) NVIDIA GeForce RTX 3060
tick 3043000 alive   938211 genomes   54452 energy   187.8 births 9033679 deaths 9033656 (23548.3s) NVIDIA GeForce RTX 3060
tick 3044000 alive   938490 genomes   53852 energy   188.4 births 9012672 deaths 9012393 (23556.3s) NVIDIA GeForce RTX 3060
tick 3045000 alive   939385 genomes   54423 energy   188.3 births 8987749 deaths 8986854 (23564.3s) NVIDIA GeForce RTX 3060
tick 3046000 alive   938148 genomes   54073 energy   188.3 births 9009038 deaths 9010275 (23572.4s) NVIDIA GeForce RTX 3060
tick 3047000 alive   937184 genomes   54047 energy   188.1 births 8978964 deaths 8979928 (23580.4s) NVIDIA GeForce RTX 3060
tick 3048000 alive   936783 genomes   54830 energy   187.5 births 9030143 deaths 9030544 (23588.5s) NVIDIA GeForce RTX 3060
tick 3049000 alive   936560 genomes   54946 energy   187.7 births 9074070 deaths 9074293 (23596.6s) NVIDIA GeForce RTX 3060
tick 3050000 alive   936909 genomes   55325 energy   187.7 births 9030358 deaths 9030009 (23604.7s) NVIDIA GeForce RTX 3060
tick 3051000 alive   937060 genomes   55456 energy   188.1 births 9012879 deaths 9012728 (23612.7s) NVIDIA GeForce RTX 3060
tick 3052000 alive   936949 genomes   55506 energy   188.0 births 8990755 deaths 8990866 (23620.8s) NVIDIA GeForce RTX 3060
tick 3053000 alive   937224 genomes   56040 energy   188.0 births 8978393 deaths 8978118 (23628.9s) NVIDIA GeForce RTX 3060
tick 3054000 alive   937046 genomes   56351 energy   188.0 births 8988913 deaths 8989091 (23636.9s) NVIDIA GeForce RTX 3060
tick 3055000 alive   937478 genomes   56183 energy   188.0 births 8986152 deaths 8985720 (23645.0s) NVIDIA GeForce RTX 3060
tick 3056000 alive   939117 genomes   56230 energy   187.8 births 9038233 deaths 9036594 (23653.0s) NVIDIA GeForce RTX 3060
tick 3057000 alive   938360 genomes   55904 energy   187.8 births 9057934 deaths 9058691 (23661.1s) NVIDIA GeForce RTX 3060
tick 3058000 alive   938092 genomes   56421 energy   187.9 births 9069451 deaths 9069719 (23669.1s) NVIDIA GeForce RTX 3060
tick 3059000 alive   936831 genomes   56702 energy   188.2 births 9046265 deaths 9047526 (23677.2s) NVIDIA GeForce RTX 3060
tick 3060000 alive   935535 genomes   56328 energy   188.7 births 8996342 deaths 8997638 (23685.3s) NVIDIA GeForce RTX 3060
tick 3061000 alive   932599 genomes   55911 energy   188.2 births 8976013 deaths 8978949 (23693.3s) NVIDIA GeForce RTX 3060
tick 3062000 alive   936796 genomes   55041 energy   187.8 births 9000031 deaths 8995834 (23701.4s) NVIDIA GeForce RTX 3060
tick 3063000 alive   937338 genomes   55273 energy   188.3 births 9051738 deaths 9051196 (23709.4s) NVIDIA GeForce RTX 3060
tick 3064000 alive   936621 genomes   55538 energy   188.4 births 9022004 deaths 9022721 (23717.5s) NVIDIA GeForce RTX 3060
tick 3065000 alive   936059 genomes   56085 energy   188.9 births 8958427 deaths 8958989 (23725.6s) NVIDIA GeForce RTX 3060
tick 3066000 alive   934790 genomes   56028 energy   189.4 births 8886172 deaths 8887441 (23733.6s) NVIDIA GeForce RTX 3060
tick 3067000 alive   935964 genomes   55504 energy   189.2 births 8836485 deaths 8835311 (23741.7s) NVIDIA GeForce RTX 3060
tick 3068000 alive   937883 genomes   55873 energy   188.8 births 8897093 deaths 8895174 (23749.7s) NVIDIA GeForce RTX 3060
tick 3069000 alive   937940 genomes   55483 energy   189.0 births 8913277 deaths 8913220 (23757.8s) NVIDIA GeForce RTX 3060
tick 3070000 alive   938888 genomes   55005 energy   189.3 births 8881698 deaths 8880750 (23765.9s) NVIDIA GeForce RTX 3060
tick 3071000 alive   938250 genomes   54479 energy   189.8 births 8814993 deaths 8815631 (23774.0s) NVIDIA GeForce RTX 3060
tick 3072000 alive   938126 genomes   54966 energy   189.9 births 8731518 deaths 8731642 (23782.1s) NVIDIA GeForce RTX 3060
tick 3073000 alive   937725 genomes   55206 energy   190.0 births 8677133 deaths 8677534 (23790.2s) NVIDIA GeForce RTX 3060
tick 3074000 alive   937775 genomes   55317 energy   189.6 births 8703494 deaths 8703444 (23798.3s) NVIDIA GeForce RTX 3060
tick 3075000 alive   939471 genomes   54955 energy   190.0 births 8704527 deaths 8702831 (23806.4s) NVIDIA GeForce RTX 3060
tick 3076000 alive   939493 genomes   54615 energy   190.3 births 8660957 deaths 8660935 (23814.5s) NVIDIA GeForce RTX 3060
tick 3077000 alive   938287 genomes   54414 energy   190.6 births 8603520 deaths 8604726 (23822.5s) NVIDIA GeForce RTX 3060
tick 3078000 alive   939815 genomes   54422 energy   190.7 births 8571011 deaths 8569483 (23830.6s) NVIDIA GeForce RTX 3060
tick 3079000 alive   939145 genomes   54716 energy   190.2 births 8616541 deaths 8617211 (23838.7s) NVIDIA GeForce RTX 3060
tick 3080000 alive   938728 genomes   54326 energy   190.6 births 8584111 deaths 8584528 (23846.8s) NVIDIA GeForce RTX 3060
tick 3081000 alive   935747 genomes   54242 energy   190.4 births 8576713 deaths 8579694 (23854.9s) NVIDIA GeForce RTX 3060
tick 3082000 alive   937211 genomes   53396 energy   190.3 births 8570141 deaths 8568677 (23863.0s) NVIDIA GeForce RTX 3060
tick 3083000 alive   937664 genomes   53461 energy   190.5 births 8544906 deaths 8544453 (23871.0s) NVIDIA GeForce RTX 3060
tick 3084000 alive   937054 genomes   53150 energy   189.9 births 8578004 deaths 8578614 (23879.1s) NVIDIA GeForce RTX 3060
tick 3085000 alive   937307 genomes   53773 energy   190.4 births 8606360 deaths 8606107 (23887.2s) NVIDIA GeForce RTX 3060
tick 3086000 alive   937125 genomes   54916 energy   189.9 births 8597366 deaths 8597548 (23895.3s) NVIDIA GeForce RTX 3060
tick 3087000 alive   936021 genomes   55292 energy   189.8 births 8652458 deaths 8653562 (23903.4s) NVIDIA GeForce RTX 3060
tick 3088000 alive   934905 genomes   55386 energy   189.8 births 8680962 deaths 8682078 (23911.5s) NVIDIA GeForce RTX 3060
tick 3089000 alive   936796 genomes   54762 energy   190.1 births 8622163 deaths 8620272 (23919.6s) NVIDIA GeForce RTX 3060
tick 3090000 alive   936442 genomes   54834 energy   190.4 births 8594643 deaths 8594997 (23927.7s) NVIDIA GeForce RTX 3060
tick 3091000 alive   935930 genomes   54787 energy   190.2 births 8578296 deaths 8578808 (23935.8s) NVIDIA GeForce RTX 3060
tick 3092000 alive   936228 genomes   54931 energy   189.8 births 8608716 deaths 8608418 (23943.9s) NVIDIA GeForce RTX 3060
tick 3093000 alive   935570 genomes   55306 energy   189.6 births 8641548 deaths 8642206 (23952.0s) NVIDIA GeForce RTX 3060
tick 3094000 alive   936139 genomes   55506 energy   189.1 births 8722239 deaths 8721670 (23960.1s) NVIDIA GeForce RTX 3060
tick 3095000 alive   936788 genomes   56130 energy   189.3 births 8782641 deaths 8781992 (23968.2s) NVIDIA GeForce RTX 3060
tick 3096000 alive   936873 genomes   56055 energy   189.0 births 8771865 deaths 8771780 (23976.3s) NVIDIA GeForce RTX 3060
tick 3097000 alive   937286 genomes   56650 energy   188.7 births 8855472 deaths 8855059 (23984.4s) NVIDIA GeForce RTX 3060
tick 3098000 alive   934147 genomes   56741 energy   188.6 births 8874696 deaths 8877835 (23992.4s) NVIDIA GeForce RTX 3060
tick 3099000 alive   937160 genomes   57103 energy   188.1 births 8949638 deaths 8946625 (24000.5s) NVIDIA GeForce RTX 3060
tick 3100000 alive   935346 genomes   56947 energy   187.8 births 9025103 deaths 9026917 (24008.6s) NVIDIA GeForce RTX 3060
tick 3101000 alive   938566 genomes   56693 energy   187.7 births 9079201 deaths 9075981 (24016.7s) NVIDIA GeForce RTX 3060
tick 3102000 alive   938107 genomes   55638 energy   188.6 births 9039971 deaths 9040430 (24024.7s) NVIDIA GeForce RTX 3060
tick 3103000 alive   939704 genomes   55908 energy   188.5 births 8995593 deaths 8993996 (24032.8s) NVIDIA GeForce RTX 3060
tick 3104000 alive   939154 genomes   55673 energy   188.7 births 8981856 deaths 8982406 (24040.8s) NVIDIA GeForce RTX 3060
tick 3105000 alive   939328 genomes   55404 energy   188.8 births 8973224 deaths 8973050 (24048.9s) NVIDIA GeForce RTX 3060
tick 3106000 alive   939665 genomes   55903 energy   188.9 births 8972914 deaths 8972577 (24056.9s) NVIDIA GeForce RTX 3060
tick 3107000 alive   937770 genomes   55879 energy   188.7 births 8984139 deaths 8986034 (24064.9s) NVIDIA GeForce RTX 3060
tick 3108000 alive   936491 genomes   55301 energy   188.7 births 8934938 deaths 8936217 (24072.9s) NVIDIA GeForce RTX 3060
tick 3109000 alive   937010 genomes   55741 energy   188.7 births 8968776 deaths 8968257 (24081.0s) NVIDIA GeForce RTX 3060
tick 3110000 alive   937407 genomes   55062 energy   188.9 births 8949389 deaths 8948992 (24089.0s) NVIDIA GeForce RTX 3060
tick 3111000 alive   936430 genomes   54883 energy   188.8 births 8912474 deaths 8913451 (24097.0s) NVIDIA GeForce RTX 3060
tick 3112000 alive   937665 genomes   54478 energy   188.6 births 8943972 deaths 8942737 (24105.0s) NVIDIA GeForce RTX 3060
tick 3113000 alive   938585 genomes   53965 energy   188.8 births 8938668 deaths 8937748 (24113.0s) NVIDIA GeForce RTX 3060
tick 3114000 alive   938564 genomes   54418 energy   188.5 births 8972383 deaths 8972404 (24121.0s) NVIDIA GeForce RTX 3060
tick 3115000 alive   937005 genomes   54291 energy   188.6 births 8979220 deaths 8980779 (24129.0s) NVIDIA GeForce RTX 3060
tick 3116000 alive   937328 genomes   55124 energy   188.6 births 8989854 deaths 8989531 (24137.0s) NVIDIA GeForce RTX 3060
tick 3117000 alive   935371 genomes   54667 energy   188.8 births 8963719 deaths 8965676 (24145.0s) NVIDIA GeForce RTX 3060
tick 3118000 alive   939066 genomes   54874 energy   188.7 births 8972086 deaths 8968391 (24153.0s) NVIDIA GeForce RTX 3060
tick 3119000 alive   938795 genomes   54853 energy   188.5 births 9026650 deaths 9026921 (24161.0s) NVIDIA GeForce RTX 3060
tick 3120000 alive   938285 genomes   54977 energy   188.3 births 9028993 deaths 9029503 (24169.0s) NVIDIA GeForce RTX 3060
tick 3121000 alive   936830 genomes   54790 energy   188.2 births 9048317 deaths 9049772 (24177.0s) NVIDIA GeForce RTX 3060
tick 3122000 alive   939746 genomes   54666 energy   188.5 births 9058523 deaths 9055607 (24185.0s) NVIDIA GeForce RTX 3060
tick 3123000 alive   939870 genomes   54962 energy   188.4 births 9051556 deaths 9051432 (24193.0s) NVIDIA GeForce RTX 3060
tick 3124000 alive   940194 genomes   55408 energy   188.4 births 9104917 deaths 9104593 (24201.0s) NVIDIA GeForce RTX 3060
tick 3125000 alive   938322 genomes   55921 energy   188.4 births 9111319 deaths 9113191 (24209.0s) NVIDIA GeForce RTX 3060
tick 3126000 alive   939069 genomes   56239 energy   188.4 births 9130627 deaths 9129880 (24217.0s) NVIDIA GeForce RTX 3060
tick 3127000 alive   940177 genomes   56646 energy   188.5 births 9119199 deaths 9118091 (24224.9s) NVIDIA GeForce RTX 3060
tick 3128000 alive   940858 genomes   56029 energy   189.1 births 9065472 deaths 9064791 (24232.9s) NVIDIA GeForce RTX 3060
tick 3129000 alive   941617 genomes   55924 energy   188.6 births 9071807 deaths 9071048 (24240.8s) NVIDIA GeForce RTX 3060
tick 3130000 alive   939438 genomes   56243 energy   188.5 births 9126382 deaths 9128561 (24248.8s) NVIDIA GeForce RTX 3060
tick 3131000 alive   940031 genomes   56504 energy   188.6 births 9103530 deaths 9102937 (24256.7s) NVIDIA GeForce RTX 3060
tick 3132000 alive   938321 genomes   56547 energy   188.5 births 9095329 deaths 9097039 (24264.7s) NVIDIA GeForce RTX 3060
tick 3133000 alive   937931 genomes   56574 energy   188.5 births 9081437 deaths 9081827 (24272.7s) NVIDIA GeForce RTX 3060
tick 3134000 alive   937982 genomes   55765 energy   188.9 births 9067546 deaths 9067495 (24280.6s) NVIDIA GeForce RTX 3060
tick 3135000 alive   935910 genomes   55227 energy   188.8 births 9040185 deaths 9042257 (24288.6s) NVIDIA GeForce RTX 3060
tick 3136000 alive   937667 genomes   54833 energy   188.8 births 8978866 deaths 8977109 (24296.6s) NVIDIA GeForce RTX 3060
tick 3137000 alive   935840 genomes   54985 energy   188.6 births 8995633 deaths 8997460 (24304.6s) NVIDIA GeForce RTX 3060
tick 3138000 alive   936030 genomes   55585 energy   188.5 births 9004963 deaths 9004773 (24312.6s) NVIDIA GeForce RTX 3060
tick 3139000 alive   935555 genomes   55387 energy   188.6 births 8984683 deaths 8985158 (24320.6s) NVIDIA GeForce RTX 3060
tick 3140000 alive   933951 genomes   55938 energy   188.7 births 9003306 deaths 9004910 (24328.6s) NVIDIA GeForce RTX 3060
tick 3141000 alive   936101 genomes   55670 energy   188.7 births 8970203 deaths 8968053 (24336.6s) NVIDIA GeForce RTX 3060
tick 3142000 alive   935734 genomes   55223 energy   188.7 births 8950514 deaths 8950881 (24344.6s) NVIDIA GeForce RTX 3060
tick 3143000 alive   935271 genomes   55362 energy   188.7 births 8934455 deaths 8934918 (24352.7s) NVIDIA GeForce RTX 3060
tick 3144000 alive   935230 genomes   54653 energy   189.2 births 8879805 deaths 8879846 (24360.7s) NVIDIA GeForce RTX 3060
tick 3145000 alive   935587 genomes   53963 energy   189.4 births 8807564 deaths 8807207 (24368.7s) NVIDIA GeForce RTX 3060
tick 3146000 alive   938385 genomes   53810 energy   189.8 births 8779885 deaths 8777087 (24376.7s) NVIDIA GeForce RTX 3060
tick 3147000 alive   938912 genomes   53677 energy   190.0 births 8728403 deaths 8727876 (24384.8s) NVIDIA GeForce RTX 3060
tick 3148000 alive   939165 genomes   53857 energy   189.7 births 8722773 deaths 8722520 (24392.8s) NVIDIA GeForce RTX 3060
tick 3149000 alive   939833 genomes   54124 energy   189.7 births 8718528 deaths 8717860 (24400.9s) NVIDIA GeForce RTX 3060
tick 3150000 alive   938837 genomes   53910 energy   190.0 births 8724179 deaths 8725175 (24408.9s) NVIDIA GeForce RTX 3060
tick 3151000 alive   937920 genomes   54592 energy   189.6 births 8728323 deaths 8729240 (24417.0s) NVIDIA GeForce RTX 3060
tick 3152000 alive   938274 genomes   54977 energy   189.2 births 8752651 deaths 8752297 (24425.1s) NVIDIA GeForce RTX 3060
tick 3153000 alive   936143 genomes   55828 energy   188.9 births 8839110 deaths 8841241 (24433.1s) NVIDIA GeForce RTX 3060
tick 3154000 alive   935311 genomes   56263 energy   188.6 births 8871855 deaths 8872687 (24441.2s) NVIDIA GeForce RTX 3060
tick 3155000 alive   935716 genomes   56128 energy   188.7 births 8869776 deaths 8869371 (24449.3s) NVIDIA GeForce RTX 3060
tick 3156000 alive   936785 genomes   55730 energy   188.6 births 8883692 deaths 8882623 (24457.4s) NVIDIA GeForce RTX 3060
tick 3157000 alive   937237 genomes   56373 energy   188.5 births 8896030 deaths 8895578 (24465.5s) NVIDIA GeForce RTX 3060
tick 3158000 alive   937121 genomes   57131 energy   188.2 births 8959042 deaths 8959158 (24473.6s) NVIDIA GeForce RTX 3060
tick 3159000 alive   937684 genomes   57809 energy   188.0 births 9038188 deaths 9037625 (24481.7s) NVIDIA GeForce RTX 3060
tick 3160000 alive   936024 genomes   58221 energy   187.6 births 9087028 deaths 9088688 (24489.8s) NVIDIA GeForce RTX 3060
tick 3161000 alive   935323 genomes   58027 energy   187.7 births 9094171 deaths 9094872 (24497.9s) NVIDIA GeForce RTX 3060
tick 3162000 alive   934863 genomes   58361 energy   187.4 births 9104185 deaths 9104645 (24506.0s) NVIDIA GeForce RTX 3060
tick 3163000 alive   934596 genomes   58567 energy   187.7 births 9121990 deaths 9122257 (24514.1s) NVIDIA GeForce RTX 3060
tick 3164000 alive   936492 genomes   57702 energy   187.6 births 9100904 deaths 9099008 (24522.2s) NVIDIA GeForce RTX 3060
tick 3165000 alive   935758 genomes   58276 energy   187.5 births 9132937 deaths 9133671 (24530.2s) NVIDIA GeForce RTX 3060
tick 3166000 alive   936778 genomes   57084 energy   187.5 births 9170064 deaths 9169044 (24538.3s) NVIDIA GeForce RTX 3060
tick 3167000 alive   937499 genomes   56714 energy   187.3 births 9203351 deaths 9202630 (24546.3s) NVIDIA GeForce RTX 3060
tick 3168000 alive   936652 genomes   55939 energy   187.3 births 9232585 deaths 9233432 (24554.3s) NVIDIA GeForce RTX 3060
tick 3169000 alive   937458 genomes   55985 energy   187.4 births 9256355 deaths 9255549 (24562.3s) NVIDIA GeForce RTX 3060
tick 3170000 alive   938053 genomes   55642 energy   187.3 births 9290546 deaths 9289951 (24570.3s) NVIDIA GeForce RTX 3060
tick 3171000 alive   939704 genomes   55771 energy   187.6 births 9311246 deaths 9309595 (24578.2s) NVIDIA GeForce RTX 3060
tick 3172000 alive   940120 genomes   55706 energy   187.8 births 9305545 deaths 9305129 (24586.2s) NVIDIA GeForce RTX 3060
tick 3173000 alive   940896 genomes   55770 energy   187.8 births 9280389 deaths 9279613 (24594.1s) NVIDIA GeForce RTX 3060
tick 3174000 alive   942569 genomes   55105 energy   188.2 births 9272729 deaths 9271056 (24602.1s) NVIDIA GeForce RTX 3060
tick 3175000 alive   941062 genomes   54663 energy   188.1 births 9210729 deaths 9212236 (24610.0s) NVIDIA GeForce RTX 3060
tick 3176000 alive   941689 genomes   54308 energy   188.0 births 9256605 deaths 9255978 (24617.9s) NVIDIA GeForce RTX 3060
tick 3177000 alive   941884 genomes   54791 energy   187.4 births 9326889 deaths 9326694 (24625.8s) NVIDIA GeForce RTX 3060
tick 3178000 alive   942741 genomes   55277 energy   187.6 births 9366463 deaths 9365606 (24633.8s) NVIDIA GeForce RTX 3060
tick 3179000 alive   941323 genomes   55042 energy   187.0 births 9389265 deaths 9390683 (24641.7s) NVIDIA GeForce RTX 3060
tick 3180000 alive   942084 genomes   54991 energy   187.3 births 9384624 deaths 9383863 (24649.7s) NVIDIA GeForce RTX 3060
tick 3181000 alive   944481 genomes   55289 energy   187.8 births 9358992 deaths 9356595 (24657.7s) NVIDIA GeForce RTX 3060
tick 3182000 alive   943154 genomes   55760 energy   187.8 births 9309445 deaths 9310772 (24665.6s) NVIDIA GeForce RTX 3060
tick 3183000 alive   941645 genomes   55707 energy   187.7 births 9308939 deaths 9310448 (24673.6s) NVIDIA GeForce RTX 3060
tick 3184000 alive   941950 genomes   55360 energy   187.9 births 9281428 deaths 9281123 (24681.6s) NVIDIA GeForce RTX 3060
tick 3185000 alive   942654 genomes   55451 energy   187.9 births 9260720 deaths 9260016 (24689.5s) NVIDIA GeForce RTX 3060
tick 3186000 alive   943241 genomes   55591 energy   187.6 births 9288573 deaths 9287986 (24697.5s) NVIDIA GeForce RTX 3060
tick 3187000 alive   942733 genomes   55252 energy   188.2 births 9283229 deaths 9283737 (24705.4s) NVIDIA GeForce RTX 3060
tick 3188000 alive   942122 genomes   56319 energy   188.3 births 9221459 deaths 9222070 (24713.4s) NVIDIA GeForce RTX 3060
tick 3189000 alive   941061 genomes   56469 energy   188.2 births 9202778 deaths 9203839 (24721.3s) NVIDIA GeForce RTX 3060
tick 3190000 alive   939142 genomes   56836 energy   188.1 births 9171890 deaths 9173809 (24729.3s) NVIDIA GeForce RTX 3060
tick 3191000 alive   941039 genomes   56426 energy   188.3 births 9134776 deaths 9132879 (24737.2s) NVIDIA GeForce RTX 3060
tick 3192000 alive   941305 genomes   56520 energy   188.5 births 9137982 deaths 9137716 (24745.2s) NVIDIA GeForce RTX 3060
tick 3193000 alive   939821 genomes   55978 energy   188.3 births 9095995 deaths 9097479 (24753.1s) NVIDIA GeForce RTX 3060
tick 3194000 alive   939932 genomes   55648 energy   188.2 births 9103017 deaths 9102906 (24761.1s) NVIDIA GeForce RTX 3060
tick 3195000 alive   940140 genomes   55251 energy   188.5 births 9101262 deaths 9101054 (24769.1s) NVIDIA GeForce RTX 3060
tick 3196000 alive   940655 genomes   55354 energy   188.0 births 9093005 deaths 9092490 (24777.1s) NVIDIA GeForce RTX 3060
tick 3197000 alive   941547 genomes   55677 energy   187.9 births 9150958 deaths 9150066 (24785.1s) NVIDIA GeForce RTX 3060
tick 3198000 alive   941586 genomes   55907 energy   187.7 births 9198546 deaths 9198507 (24793.0s) NVIDIA GeForce RTX 3060
tick 3199000 alive   942809 genomes   56310 energy   187.6 births 9256320 deaths 9255097 (24801.0s) NVIDIA GeForce RTX 3060
tick 3200000 alive   941739 genomes   56769 energy   187.4 births 9282559 deaths 9283629 (24809.0s) NVIDIA GeForce RTX 3060
tick 3201000 alive   944085 genomes   57085 energy   187.6 births 9319442 deaths 9317096 (24817.0s) NVIDIA GeForce RTX 3060
tick 3202000 alive   941723 genomes   56791 energy   188.1 births 9286069 deaths 9288431 (24825.0s) NVIDIA GeForce RTX 3060
tick 3203000 alive   941944 genomes   56484 energy   188.4 births 9208317 deaths 9208096 (24832.9s) NVIDIA GeForce RTX 3060
tick 3204000 alive   942175 genomes   55658 energy   189.0 births 9118732 deaths 9118501 (24840.9s) NVIDIA GeForce RTX 3060
tick 3205000 alive   942535 genomes   54550 energy   189.1 births 9056630 deaths 9056270 (24848.8s) NVIDIA GeForce RTX 3060
tick 3206000 alive   941495 genomes   53810 energy   189.2 births 9021329 deaths 9022369 (24856.7s) NVIDIA GeForce RTX 3060
tick 3207000 alive   942841 genomes   52999 energy   189.7 births 8969382 deaths 8968036 (24864.7s) NVIDIA GeForce RTX 3060
tick 3208000 alive   942535 genomes   52457 energy   189.5 births 8919675 deaths 8919981 (24872.6s) NVIDIA GeForce RTX 3060
tick 3209000 alive   942670 genomes   52257 energy   189.2 births 8927872 deaths 8927737 (24880.5s) NVIDIA GeForce RTX 3060
tick 3210000 alive   942733 genomes   52231 energy   189.2 births 8958869 deaths 8958806 (24888.5s) NVIDIA GeForce RTX 3060
tick 3211000 alive   943427 genomes   51829 energy   189.4 births 8950960 deaths 8950266 (24896.4s) NVIDIA GeForce RTX 3060
tick 3212000 alive   943569 genomes   51856 energy   189.1 births 8971653 deaths 8971511 (24904.4s) NVIDIA GeForce RTX 3060
tick 3213000 alive   943145 genomes   51891 energy   188.9 births 9032830 deaths 9033254 (24912.3s) NVIDIA GeForce RTX 3060
tick 3214000 alive   941717 genomes   51743 energy   188.7 births 9041065 deaths 9042493 (24920.3s) NVIDIA GeForce RTX 3060
tick 3215000 alive   943714 genomes   51919 energy   188.6 births 9044810 deaths 9042813 (24928.2s) NVIDIA GeForce RTX 3060
tick 3216000 alive   943865 genomes   51919 energy   188.3 births 9109022 deaths 9108871 (24936.2s) NVIDIA GeForce RTX 3060
tick 3217000 alive   943121 genomes   51985 energy   188.6 births 9099360 deaths 9100104 (24944.1s) NVIDIA GeForce RTX 3060
tick 3218000 alive   944789 genomes   52558 energy   188.4 births 9106417 deaths 9104749 (24952.1s) NVIDIA GeForce RTX 3060
tick 3219000 alive   943946 genomes   52474 energy   188.2 births 9115286 deaths 9116129 (24960.0s) NVIDIA GeForce RTX 3060
tick 3220000 alive   946531 genomes   52644 energy   187.8 births 9176228 deaths 9173643 (24968.0s) NVIDIA GeForce RTX 3060
tick 3221000 alive   946894 genomes   52700 energy   187.4 births 9281476 deaths 9281113 (24975.9s) NVIDIA GeForce RTX 3060
tick 3222000 alive   946247 genomes   52252 energy   187.4 births 9311042 deaths 9311689 (24983.9s) NVIDIA GeForce RTX 3060
tick 3223000 alive   946806 genomes   52801 energy   186.8 births 9389664 deaths 9389105 (24991.8s) NVIDIA GeForce RTX 3060
tick 3224000 alive   946962 genomes   52936 energy   186.7 births 9463524 deaths 9463368 (24999.8s) NVIDIA GeForce RTX 3060
tick 3225000 alive   948555 genomes   52637 energy   186.7 births 9484754 deaths 9483161 (25007.7s) NVIDIA GeForce RTX 3060
tick 3226000 alive   949377 genomes   52704 energy   186.7 births 9508148 deaths 9507326 (25015.6s) NVIDIA GeForce RTX 3060
tick 3227000 alive   948953 genomes   52675 energy   186.6 births 9543715 deaths 9544139 (25023.6s) NVIDIA GeForce RTX 3060
tick 3228000 alive   948122 genomes   53585 energy   186.6 births 9551304 deaths 9552135 (25031.5s) NVIDIA GeForce RTX 3060
tick 3229000 alive   945947 genomes   54527 energy   186.3 births 9587515 deaths 9589690 (25039.5s) NVIDIA GeForce RTX 3060
tick 3230000 alive   947306 genomes   53954 energy   186.8 births 9555789 deaths 9554430 (25047.4s) NVIDIA GeForce RTX 3060
tick 3231000 alive   947100 genomes   53079 energy   187.7 births 9465440 deaths 9465646 (25055.4s) NVIDIA GeForce RTX 3060
tick 3232000 alive   947686 genomes   52770 energy   187.8 births 9377413 deaths 9376827 (25063.3s) NVIDIA GeForce RTX 3060
tick 3233000 alive   947665 genomes   52128 energy   188.0 births 9342932 deaths 9342953 (25071.2s) NVIDIA GeForce RTX 3060
tick 3234000 alive   947597 genomes   51551 energy   188.2 births 9301376 deaths 9301444 (25079.1s) NVIDIA GeForce RTX 3060
tick 3235000 alive   947840 genomes   51720 energy   188.0 births 9278607 deaths 9278364 (25086.9s) NVIDIA GeForce RTX 3060
tick 3236000 alive   949014 genomes   51429 energy   188.3 births 9287521 deaths 9286347 (25094.8s) NVIDIA GeForce RTX 3060
tick 3237000 alive   947363 genomes   51119 energy   188.5 births 9241963 deaths 9243614 (25102.7s) NVIDIA GeForce RTX 3060
tick 3238000 alive   947692 genomes   50405 energy   188.7 births 9169927 deaths 9169598 (25110.6s) NVIDIA GeForce RTX 3060
tick 3239000 alive   947553 genomes   49562 energy   188.7 births 9180153 deaths 9180292 (25118.4s) NVIDIA GeForce RTX 3060
tick 3240000 alive   947614 genomes   49483 energy   188.3 births 9198989 deaths 9198928 (25126.2s) NVIDIA GeForce RTX 3060
tick 3241000 alive   949030 genomes   49455 energy   188.6 births 9229346 deaths 9227930 (25134.0s) NVIDIA GeForce RTX 3060
tick 3242000 alive   949614 genomes   48943 energy   188.5 births 9236990 deaths 9236406 (25141.9s) NVIDIA GeForce RTX 3060
tick 3243000 alive   951536 genomes   49211 energy   188.8 births 9209279 deaths 9207357 (25149.7s) NVIDIA GeForce RTX 3060
tick 3244000 alive   949885 genomes   49189 energy   189.0 births 9190184 deaths 9191835 (25157.5s) NVIDIA GeForce RTX 3060
tick 3245000 alive   951028 genomes   49573 energy   189.3 births 9136681 deaths 9135538 (25165.3s) NVIDIA GeForce RTX 3060
tick 3246000 alive   949887 genomes   49477 energy   189.8 births 9077038 deaths 9078179 (25173.2s) NVIDIA GeForce RTX 3060
tick 3247000 alive   950162 genomes   48863 energy   190.1 births 8980644 deaths 8980369 (25181.0s) NVIDIA GeForce RTX 3060
tick 3248000 alive   949133 genomes   49044 energy   190.2 births 8945983 deaths 8947012 (25188.8s) NVIDIA GeForce RTX 3060
tick 3249000 alive   945613 genomes   48960 energy   189.8 births 8937000 deaths 8940520 (25196.6s) NVIDIA GeForce RTX 3060
tick 3250000 alive   946209 genomes   48443 energy   189.7 births 8962120 deaths 8961524 (25204.4s) NVIDIA GeForce RTX 3060
tick 3251000 alive   946485 genomes   47831 energy   189.8 births 8971424 deaths 8971148 (25212.3s) NVIDIA GeForce RTX 3060
tick 3252000 alive   947106 genomes   47360 energy   189.5 births 8954439 deaths 8953818 (25220.1s) NVIDIA GeForce RTX 3060
tick 3253000 alive   950275 genomes   47675 energy   189.5 births 8974747 deaths 8971578 (25227.9s) NVIDIA GeForce RTX 3060
tick 3254000 alive   951305 genomes   47818 energy   189.7 births 9009025 deaths 9007995 (25235.8s) NVIDIA GeForce RTX 3060
tick 3255000 alive   951797 genomes   48119 energy   189.6 births 9022659 deaths 9022167 (25243.6s) NVIDIA GeForce RTX 3060
tick 3256000 alive   949600 genomes   48814 energy   189.6 births 9032488 deaths 9034685 (25251.5s) NVIDIA GeForce RTX 3060
tick 3257000 alive   948910 genomes   49470 energy   189.4 births 9036156 deaths 9036846 (25259.3s) NVIDIA GeForce RTX 3060
tick 3258000 alive   949336 genomes   49632 energy   189.7 births 9017760 deaths 9017334 (25267.2s) NVIDIA GeForce RTX 3060
tick 3259000 alive   947917 genomes   49439 energy   189.7 births 8978576 deaths 8979995 (25275.0s) NVIDIA GeForce RTX 3060
tick 3260000 alive   947730 genomes   49478 energy   189.7 births 8923493 deaths 8923680 (25282.9s) NVIDIA GeForce RTX 3060
tick 3261000 alive   947327 genomes   49323 energy   190.0 births 8885634 deaths 8886037 (25290.7s) NVIDIA GeForce RTX 3060
tick 3262000 alive   948523 genomes   48709 energy   190.3 births 8835985 deaths 8834789 (25298.6s) NVIDIA GeForce RTX 3060
tick 3263000 alive   946012 genomes   48574 energy   190.1 births 8808542 deaths 8811053 (25306.4s) NVIDIA GeForce RTX 3060
tick 3264000 alive   946763 genomes   48643 energy   190.3 births 8805189 deaths 8804438 (25314.3s) NVIDIA GeForce RTX 3060
tick 3265000 alive   947258 genomes   48689 energy   190.1 births 8802151 deaths 8801656 (25322.2s) NVIDIA GeForce RTX 3060
tick 3266000 alive   948062 genomes   49081 energy   189.9 births 8882680 deaths 8881876 (25330.0s) NVIDIA GeForce RTX 3060
tick 3267000 alive   947333 genomes   49191 energy   190.1 births 8889154 deaths 8889883 (25337.9s) NVIDIA GeForce RTX 3060
tick 3268000 alive   945636 genomes   48994 energy   189.8 births 8874018 deaths 8875715 (25345.7s) NVIDIA GeForce RTX 3060
tick 3269000 alive   946157 genomes   48636 energy   189.8 births 8875645 deaths 8875124 (25353.5s) NVIDIA GeForce RTX 3060
tick 3270000 alive   946931 genomes   49012 energy   189.9 births 8851511 deaths 8850737 (25361.4s) NVIDIA GeForce RTX 3060
tick 3271000 alive   946598 genomes   48419 energy   189.9 births 8864762 deaths 8865095 (25369.2s) NVIDIA GeForce RTX 3060
tick 3272000 alive   947636 genomes   48034 energy   190.2 births 8864995 deaths 8863957 (25377.0s) NVIDIA GeForce RTX 3060
tick 3273000 alive   947859 genomes   47622 energy   190.6 births 8830053 deaths 8829830 (25384.9s) NVIDIA GeForce RTX 3060
tick 3274000 alive   947912 genomes   47769 energy   190.4 births 8791509 deaths 8791456 (25392.7s) NVIDIA GeForce RTX 3060
tick 3275000 alive   947797 genomes   47534 energy   190.7 births 8771449 deaths 8771564 (25400.5s) NVIDIA GeForce RTX 3060
tick 3276000 alive   948342 genomes   47051 energy   190.7 births 8743105 deaths 8742560 (25408.3s) NVIDIA GeForce RTX 3060
tick 3277000 alive   950706 genomes   46973 energy   190.9 births 8758981 deaths 8756617 (25416.2s) NVIDIA GeForce RTX 3060
tick 3278000 alive   949563 genomes   47195 energy   190.9 births 8720880 deaths 8722023 (25424.0s) NVIDIA GeForce RTX 3060
tick 3279000 alive   948419 genomes   46912 energy   191.2 births 8683747 deaths 8684891 (25431.8s) NVIDIA GeForce RTX 3060
tick 3280000 alive   948514 genomes   47265 energy   191.0 births 8665839 deaths 8665744 (25439.7s) NVIDIA GeForce RTX 3060
tick 3281000 alive   950167 genomes   47188 energy   191.0 births 8700156 deaths 8698503 (25447.5s) NVIDIA GeForce RTX 3060
tick 3282000 alive   949128 genomes   47545 energy   190.4 births 8735138 deaths 8736177 (25455.3s) NVIDIA GeForce RTX 3060
tick 3283000 alive   947481 genomes   48066 energy   190.6 births 8770198 deaths 8771845 (25463.2s) NVIDIA GeForce RTX 3060
tick 3284000 alive   946269 genomes   48658 energy   190.7 births 8774739 deaths 8775951 (25471.0s) NVIDIA GeForce RTX 3060
tick 3285000 alive   946587 genomes   49744 energy   190.3 births 8784855 deaths 8784537 (25478.9s) NVIDIA GeForce RTX 3060
tick 3286000 alive   948907 genomes   49938 energy   190.2 births 8818565 deaths 8816245 (25486.8s) NVIDIA GeForce RTX 3060
tick 3287000 alive   946628 genomes   50585 energy   190.0 births 8853804 deaths 8856083 (25494.6s) NVIDIA GeForce RTX 3060
tick 3288000 alive   947357 genomes   50794 energy   189.6 births 8898650 deaths 8897921 (25502.5s) NVIDIA GeForce RTX 3060
tick 3289000 alive   948787 genomes   51319 energy   189.7 births 8932224 deaths 8930794 (25510.4s) NVIDIA GeForce RTX 3060
tick 3290000 alive   947808 genomes   52431 energy   189.6 births 8931961 deaths 8932940 (25518.3s) NVIDIA GeForce RTX 3060
tick 3291000 alive   948809 genomes   52528 energy   189.8 births 8957802 deaths 8956801 (25526.1s) NVIDIA GeForce RTX 3060
tick 3292000 alive   948592 genomes   52430 energy   189.5 births 8967085 deaths 8967302 (25534.0s) NVIDIA GeForce RTX 3060
tick 3293000 alive   949021 genomes   52679 energy   189.5 births 8975025 deaths 8974596 (25541.9s) NVIDIA GeForce RTX 3060
tick 3294000 alive   947456 genomes   52454 energy   189.5 births 8981465 deaths 8983030 (25549.7s) NVIDIA GeForce RTX 3060
tick 3295000 alive   946306 genomes   52061 energy   189.3 births 8996301 deaths 8997451 (25557.6s) NVIDIA GeForce RTX 3060
tick 3296000 alive   947273 genomes   52330 energy   189.2 births 9030399 deaths 9029432 (25565.5s) NVIDIA GeForce RTX 3060
tick 3297000 alive   945357 genomes   52565 energy   189.1 births 9052399 deaths 9054315 (25573.4s) NVIDIA GeForce RTX 3060
tick 3298000 alive   944236 genomes   52568 energy   189.0 births 9030955 deaths 9032076 (25581.2s) NVIDIA GeForce RTX 3060
tick 3299000 alive   944192 genomes   52484 energy   189.4 births 9011813 deaths 9011857 (25589.1s) NVIDIA GeForce RTX 3060
tick 3300000 alive   943917 genomes   51953 energy   189.4 births 8953998 deaths 8954273 (25597.0s) NVIDIA GeForce RTX 3060
tick 3301000 alive   943952 genomes   52165 energy   189.4 births 8943687 deaths 8943652 (25604.9s) NVIDIA GeForce RTX 3060
tick 3302000 alive   946291 genomes   52681 energy   189.5 births 8962076 deaths 8959737 (25612.8s) NVIDIA GeForce RTX 3060
tick 3303000 alive   947159 genomes   53699 energy   189.3 births 8983140 deaths 8982272 (25620.7s) NVIDIA GeForce RTX 3060
tick 3304000 alive   945718 genomes   54029 energy   189.5 births 8980482 deaths 8981923 (25628.6s) NVIDIA GeForce RTX 3060
tick 3305000 alive   945677 genomes   54547 energy   189.4 births 8951881 deaths 8951922 (25636.6s) NVIDIA GeForce RTX 3060
tick 3306000 alive   945985 genomes   54592 energy   189.4 births 8947602 deaths 8947294 (25644.5s) NVIDIA GeForce RTX 3060
tick 3307000 alive   947068 genomes   55483 energy   189.4 births 8974799 deaths 8973716 (25652.4s) NVIDIA GeForce RTX 3060
tick 3308000 alive   945053 genomes   55474 energy   189.6 births 8980363 deaths 8982378 (25660.4s) NVIDIA GeForce RTX 3060
tick 3309000 alive   944425 genomes   55484 energy   189.7 births 8921331 deaths 8921959 (25668.3s) NVIDIA GeForce RTX 3060
tick 3310000 alive   943659 genomes   55173 energy   189.6 births 8866560 deaths 8867326 (25676.2s) NVIDIA GeForce RTX 3060
tick 3311000 alive   943346 genomes   54308 energy   190.1 births 8846161 deaths 8846474 (25684.2s) NVIDIA GeForce RTX 3060
tick 3312000 alive   941894 genomes   53288 energy   190.1 births 8796123 deaths 8797575 (25692.1s) NVIDIA GeForce RTX 3060
tick 3313000 alive   943052 genomes   52454 energy   190.4 births 8779219 deaths 8778061 (25700.0s) NVIDIA GeForce RTX 3060
tick 3314000 alive   945625 genomes   51073 energy   190.5 births 8734405 deaths 8731832 (25707.9s) NVIDIA GeForce RTX 3060
tick 3315000 alive   945600 genomes   51252 energy   190.7 births 8714541 deaths 8714566 (25715.8s) NVIDIA GeForce RTX 3060
tick 3316000 alive   945954 genomes   50872 energy   190.5 births 8691701 deaths 8691347 (25723.7s) NVIDIA GeForce RTX 3060
tick 3317000 alive   945000 genomes   50430 energy   190.8 births 8675007 deaths 8675961 (25731.6s) NVIDIA GeForce RTX 3060
tick 3318000 alive   943942 genomes   50066 energy   191.0 births 8689022 deaths 8690080 (25739.4s) NVIDIA GeForce RTX 3060
tick 3319000 alive   944691 genomes   49655 energy   190.7 births 8663840 deaths 8663091 (25747.3s) NVIDIA GeForce RTX 3060
tick 3320000 alive   945500 genomes   49009 energy   191.0 births 8636852 deaths 8636043 (25755.2s) NVIDIA GeForce RTX 3060
tick 3321000 alive   946636 genomes   48208 energy   191.4 births 8589416 deaths 8588280 (25763.1s) NVIDIA GeForce RTX 3060
tick 3322000 alive   948384 genomes   47174 energy   191.1 births 8591853 deaths 8590105 (25770.9s) NVIDIA GeForce RTX 3060
tick 3323000 alive   946067 genomes   47331 energy   191.1 births 8604513 deaths 8606830 (25778.8s) NVIDIA GeForce RTX 3060
tick 3324000 alive   946261 genomes   47261 energy   190.7 births 8641513 deaths 8641319 (25786.7s) NVIDIA GeForce RTX 3060
tick 3325000 alive   944860 genomes   47418 energy   190.6 births 8650015 deaths 8651416 (25794.6s) NVIDIA GeForce RTX 3060
tick 3326000 alive   945543 genomes   47718 energy   190.5 births 8684108 deaths 8683425 (25802.5s) NVIDIA GeForce RTX 3060
tick 3327000 alive   944748 genomes   48521 energy   190.3 births 8721529 deaths 8722324 (25810.4s) NVIDIA GeForce RTX 3060
tick 3328000 alive   946249 genomes   48648 energy   190.1 births 8728047 deaths 8726546 (25818.3s) NVIDIA GeForce RTX 3060
tick 3329000 alive   946435 genomes   49178 energy   190.2 births 8730268 deaths 8730082 (25826.2s) NVIDIA GeForce RTX 3060
tick 3330000 alive   946013 genomes   49781 energy   190.1 births 8727702 deaths 8728124 (25834.1s) NVIDIA GeForce RTX 3060
tick 3331000 alive   947058 genomes   49585 energy   190.1 births 8756528 deaths 8755483 (25842.1s) NVIDIA GeForce RTX 3060
tick 3332000 alive   946367 genomes   49418 energy   190.2 births 8717036 deaths 8717727 (25850.0s) NVIDIA GeForce RTX 3060
tick 3333000 alive   945450 genomes   50010 energy   190.0 births 8756712 deaths 8757629 (25857.9s) NVIDIA GeForce RTX 3060
tick 3334000 alive   943859 genomes   50873 energy   189.6 births 8759704 deaths 8761295 (25865.8s) NVIDIA GeForce RTX 3060
tick 3335000 alive   944411 genomes   51163 energy   189.6 births 8799559 deaths 8799007 (25873.8s) NVIDIA GeForce RTX 3060
tick 3336000 alive   945569 genomes   51527 energy   189.2 births 8845171 deaths 8844013 (25881.8s) NVIDIA GeForce RTX 3060
tick 3337000 alive   944397 genomes   51880 energy   189.1 births 8881548 deaths 8882720 (25889.7s) NVIDIA GeForce RTX 3060
tick 3338000 alive   944251 genomes   52866 energy   189.1 births 8893904 deaths 8894050 (25897.7s) NVIDIA GeForce RTX 3060
tick 3339000 alive   944141 genomes   53324 energy   189.1 births 8897488 deaths 8897598 (25905.7s) NVIDIA GeForce RTX 3060
tick 3340000 alive   943158 genomes   53239 energy   188.9 births 8928403 deaths 8929386 (25913.7s) NVIDIA GeForce RTX 3060
tick 3341000 alive   942672 genomes   53613 energy   188.6 births 8945489 deaths 8945975 (25921.7s) NVIDIA GeForce RTX 3060
tick 3342000 alive   944232 genomes   54777 energy   188.2 births 9011402 deaths 9009842 (25929.6s) NVIDIA GeForce RTX 3060
tick 3343000 alive   942306 genomes   55410 energy   188.0 births 9065956 deaths 9067882 (25937.7s) NVIDIA GeForce RTX 3060
tick 3344000 alive   943922 genomes   55698 energy   187.8 births 9077868 deaths 9076252 (25945.7s) NVIDIA GeForce RTX 3060
tick 3345000 alive   942953 genomes   56900 energy   188.2 births 9076339 deaths 9077308 (25953.7s) NVIDIA GeForce RTX 3060
tick 3346000 alive   944016 genomes   57440 energy   188.4 births 9097514 deaths 9096451 (25961.7s) NVIDIA GeForce RTX 3060
tick 3347000 alive   943332 genomes   58307 energy   188.3 births 9066728 deaths 9067412 (25969.7s) NVIDIA GeForce RTX 3060
tick 3348000 alive   943135 genomes   58909 energy   188.5 births 9063952 deaths 9064149 (25977.7s) NVIDIA GeForce RTX 3060
tick 3349000 alive   939313 genomes   59621 energy   188.4 births 9037460 deaths 9041282 (25985.7s) NVIDIA GeForce RTX 3060
tick 3350000 alive   939238 genomes   59224 energy   188.6 births 9020306 deaths 9020381 (25993.7s) NVIDIA GeForce RTX 3060
tick 3351000 alive   938816 genomes   58604 energy   188.4 births 9024026 deaths 9024448 (26001.8s) NVIDIA GeForce RTX 3060
tick 3352000 alive   939865 genomes   58570 energy   188.5 births 9054677 deaths 9053628 (26009.8s) NVIDIA GeForce RTX 3060
tick 3353000 alive   941278 genomes   57296 energy   188.3 births 9050084 deaths 9048671 (26017.8s) NVIDIA GeForce RTX 3060
tick 3354000 alive   940216 genomes   56693 energy   188.5 births 9037485 deaths 9038547 (26025.8s) NVIDIA GeForce RTX 3060
tick 3355000 alive   940486 genomes   56765 energy   188.7 births 8990658 deaths 8990388 (26033.8s) NVIDIA GeForce RTX 3060
tick 3356000 alive   940245 genomes   56988 energy   188.3 births 9000865 deaths 9001106 (26041.8s) NVIDIA GeForce RTX 3060
tick 3357000 alive   940299 genomes   56261 energy   188.4 births 9013779 deaths 9013725 (26049.8s) NVIDIA GeForce RTX 3060
tick 3358000 alive   938212 genomes   55432 energy   188.1 births 9029778 deaths 9031865 (26057.8s) NVIDIA GeForce RTX 3060
tick 3359000 alive   939990 genomes   54269 energy   188.1 births 9016554 deaths 9014776 (26065.8s) NVIDIA GeForce RTX 3060
tick 3360000 alive   942159 genomes   53561 energy   188.3 births 9027566 deaths 9025397 (26073.8s) NVIDIA GeForce RTX 3060
tick 3361000 alive   943903 genomes   53349 energy   188.3 births 9057326 deaths 9055582 (26081.8s) NVIDIA GeForce RTX 3060
tick 3362000 alive   945055 genomes   54234 energy   188.3 births 9088506 deaths 9087354 (26089.8s) NVIDIA GeForce RTX 3060
tick 3363000 alive   942251 genomes   54349 energy   189.0 births 8998267 deaths 9001071 (26097.8s) NVIDIA GeForce RTX 3060
tick 3364000 alive   942801 genomes   54372 energy   188.9 births 8965385 deaths 8964835 (26105.8s) NVIDIA GeForce RTX 3060
tick 3365000 alive   941255 genomes   54276 energy   189.2 births 8928530 deaths 8930076 (26113.8s) NVIDIA GeForce RTX 3060
tick 3366000 alive   941110 genomes   53737 energy   189.6 births 8858842 deaths 8858987 (26121.7s) NVIDIA GeForce RTX 3060
tick 3367000 alive   940000 genomes   53909 energy   189.7 births 8821812 deaths 8822922 (26129.7s) NVIDIA GeForce RTX 3060
tick 3368000 alive   940812 genomes   53547 energy   189.7 births 8800183 deaths 8799371 (26137.7s) NVIDIA GeForce RTX 3060
tick 3369000 alive   941528 genomes   54086 energy   189.5 births 8806050 deaths 8805334 (26145.6s) NVIDIA GeForce RTX 3060
tick 3370000 alive   942160 genomes   54047 energy   189.5 births 8869323 deaths 8868691 (26153.6s) NVIDIA GeForce RTX 3060
tick 3371000 alive   942666 genomes   54321 energy   189.5 births 8868201 deaths 8867695 (26161.5s) NVIDIA GeForce RTX 3060
tick 3372000 alive   943536 genomes   54718 energy   189.6 births 8844766 deaths 8843896 (26169.5s) NVIDIA GeForce RTX 3060
tick 3373000 alive   942717 genomes   54688 energy   189.4 births 8840271 deaths 8841090 (26177.4s) NVIDIA GeForce RTX 3060
tick 3374000 alive   941095 genomes   54790 energy   189.1 births 8897439 deaths 8899061 (26185.3s) NVIDIA GeForce RTX 3060
tick 3375000 alive   942102 genomes   53782 energy   189.2 births 8912102 deaths 8911095 (26193.3s) NVIDIA GeForce RTX 3060
tick 3376000 alive   943753 genomes   53587 energy   188.9 births 8915374 deaths 8913723 (26201.2s) NVIDIA GeForce RTX 3060
tick 3377000 alive   943854 genomes   54023 energy   189.2 births 8961115 deaths 8961014 (26209.2s) NVIDIA GeForce RTX 3060
tick 3378000 alive   942592 genomes   54380 energy   189.0 births 8964409 deaths 8965671 (26217.1s) NVIDIA GeForce RTX 3060
tick 3379000 alive   942188 genomes   54329 energy   189.0 births 8926903 deaths 8927307 (26225.0s) NVIDIA GeForce RTX 3060
tick 3380000 alive   941335 genomes   54046 energy   189.0 births 8923996 deaths 8924849 (26233.0s) NVIDIA GeForce RTX 3060
tick 3381000 alive   943417 genomes   54336 energy   189.2 births 8895573 deaths 8893491 (26240.9s) NVIDIA GeForce RTX 3060
tick 3382000 alive   941638 genomes   53715 energy   189.4 births 8869689 deaths 8871468 (26248.8s) NVIDIA GeForce RTX 3060
tick 3383000 alive   943175 genomes   53263 energy   189.5 births 8834263 deaths 8832726 (26256.8s) NVIDIA GeForce RTX 3060
tick 3384000 alive   942018 genomes   53374 energy   189.5 births 8864875 deaths 8866032 (26264.7s) NVIDIA GeForce RTX 3060
tick 3385000 alive   941025 genomes   53424 energy   189.2 births 8879022 deaths 8880015 (26272.6s) NVIDIA GeForce RTX 3060
tick 3386000 alive   938779 genomes   53100 energy   189.4 births 8860198 deaths 8862444 (26280.5s) NVIDIA GeForce RTX 3060
tick 3387000 alive   941553 genomes   52311 energy   189.6 births 8832792 deaths 8830018 (26288.4s) NVIDIA GeForce RTX 3060
tick 3388000 alive   943068 genomes   52271 energy   189.4 births 8817664 deaths 8816149 (26296.4s) NVIDIA GeForce RTX 3060
tick 3389000 alive   941933 genomes   52075 energy   189.8 births 8846899 deaths 8848034 (26304.3s) NVIDIA GeForce RTX 3060
tick 3390000 alive   942139 genomes   51930 energy   189.3 births 8822508 deaths 8822302 (26312.2s) NVIDIA GeForce RTX 3060
tick 3391000 alive   941039 genomes   51417 energy   189.2 births 8877636 deaths 8878736 (26320.1s) NVIDIA GeForce RTX 3060
tick 3392000 alive   941052 genomes   51934 energy   188.7 births 8905479 deaths 8905466 (26328.1s) NVIDIA GeForce RTX 3060
tick 3393000 alive   941971 genomes   52591 energy   188.6 births 8959346 deaths 8958427 (26336.0s) NVIDIA GeForce RTX 3060
tick 3394000 alive   943369 genomes   53143 energy   188.9 births 8967937 deaths 8966539 (26344.0s) NVIDIA GeForce RTX 3060
tick 3395000 alive   941457 genomes   53602 energy   188.4 births 8988081 deaths 8989993 (26351.9s) NVIDIA GeForce RTX 3060
tick 3396000 alive   942134 genomes   52934 energy   189.3 births 8938118 deaths 8937441 (26359.9s) NVIDIA GeForce RTX 3060
tick 3397000 alive   943526 genomes   52418 energy   188.9 births 8922185 deaths 8920793 (26367.8s) NVIDIA GeForce RTX 3060
tick 3398000 alive   943642 genomes   52521 energy   188.8 births 8932805 deaths 8932689 (26375.7s) NVIDIA GeForce RTX 3060
tick 3399000 alive   941588 genomes   52447 energy   188.4 births 8965206 deaths 8967260 (26383.7s) NVIDIA GeForce RTX 3060
tick 3400000 alive   942428 genomes   52333 energy   188.2 births 9026870 deaths 9026030 (26391.6s) NVIDIA GeForce RTX 3060
tick 3401000 alive   943875 genomes   53234 energy   187.9 births 9120566 deaths 9119119 (26399.5s) NVIDIA GeForce RTX 3060
tick 3402000 alive   942176 genomes   53384 energy   187.9 births 9142768 deaths 9144467 (26407.5s) NVIDIA GeForce RTX 3060
tick 3403000 alive   941655 genomes   53751 energy   188.1 births 9108763 deaths 9109284 (26415.4s) NVIDIA GeForce RTX 3060
tick 3404000 alive   942952 genomes   53765 energy   188.2 births 9120311 deaths 9119014 (26423.3s) NVIDIA GeForce RTX 3060
tick 3405000 alive   942308 genomes   54241 energy   188.0 births 9100745 deaths 9101389 (26431.3s) NVIDIA GeForce RTX 3060
tick 3406000 alive   940375 genomes   54663 energy   188.0 births 9124989 deaths 9126922 (26439.2s) NVIDIA GeForce RTX 3060
tick 3407000 alive   939096 genomes   54732 energy   188.0 births 9153822 deaths 9155101 (26447.1s) NVIDIA GeForce RTX 3060
tick 3408000 alive   939549 genomes   54985 energy   188.1 births 9119388 deaths 9118935 (26455.1s) NVIDIA GeForce RTX 3060
tick 3409000 alive   940035 genomes   54603 energy   188.5 births 9080269 deaths 9079783 (26463.0s) NVIDIA GeForce RTX 3060
tick 3410000 alive   940094 genomes   54516 energy   188.1 births 9089170 deaths 9089111 (26471.0s) NVIDIA GeForce RTX 3060
tick 3411000 alive   940875 genomes   54505 energy   188.0 births 9138616 deaths 9137835 (26478.9s) NVIDIA GeForce RTX 3060
tick 3412000 alive   940740 genomes   54497 energy   187.8 births 9142701 deaths 9142836 (26486.9s) NVIDIA GeForce RTX 3060
tick 3413000 alive   941101 genomes   54400 energy   188.3 births 9117740 deaths 9117379 (26494.8s) NVIDIA GeForce RTX 3060
tick 3414000 alive   942023 genomes   54290 energy   188.4 births 9078885 deaths 9077963 (26502.7s) NVIDIA GeForce RTX 3060
tick 3415000 alive   942367 genomes   54393 energy   188.7 births 9051703 deaths 9051359 (26510.7s) NVIDIA GeForce RTX 3060
tick 3416000 alive   943053 genomes   54435 energy   188.7 births 9053763 deaths 9053077 (26518.6s) NVIDIA GeForce RTX 3060
tick 3417000 alive   942878 genomes   55111 energy   188.7 births 9069019 deaths 9069194 (26526.5s) NVIDIA GeForce RTX 3060
tick 3418000 alive   942603 genomes   55032 energy   188.8 births 9042704 deaths 9042979 (26534.5s) NVIDIA GeForce RTX 3060
tick 3419000 alive   943837 genomes   55029 energy   188.5 births 9062445 deaths 9061211 (26542.4s) NVIDIA GeForce RTX 3060
tick 3420000 alive   942891 genomes   54750 energy   188.6 births 9095219 deaths 9096165 (26550.3s) NVIDIA GeForce RTX 3060
tick 3421000 alive   942542 genomes   54466 energy   188.7 births 9048079 deaths 9048428 (26558.2s) NVIDIA GeForce RTX 3060
tick 3422000 alive   941270 genomes   54324 energy   188.5 births 9076537 deaths 9077809 (26566.2s) NVIDIA GeForce RTX 3060
tick 3423000 alive   941173 genomes   54676 energy   188.5 births 9085110 deaths 9085207 (26574.1s) NVIDIA GeForce RTX 3060
tick 3424000 alive   940856 genomes   54961 energy   188.0 births 9113125 deaths 9113442 (26582.1s) NVIDIA GeForce RTX 3060
tick 3425000 alive   941077 genomes   54864 energy   187.8 births 9155060 deaths 9154839 (26590.0s) NVIDIA GeForce RTX 3060
tick 3426000 alive   941079 genomes   54656 energy   187.9 births 9156612 deaths 9156610 (26598.0s) NVIDIA GeForce RTX 3060
tick 3427000 alive   939419 genomes   54788 energy   187.2 births 9190987 deaths 9192647 (26605.9s) NVIDIA GeForce RTX 3060
tick 3428000 alive   938502 genomes   54899 energy   187.7 births 9206472 deaths 9207389 (26613.9s) NVIDIA GeForce RTX 3060
tick 3429000 alive   937970 genomes   54910 energy   187.7 births 9192727 deaths 9193259 (26621.8s) NVIDIA GeForce RTX 3060
tick 3430000 alive   937830 genomes   54139 energy   187.6 births 9180665 deaths 9180805 (26629.8s) NVIDIA GeForce RTX 3060
tick 3431000 alive   938950 genomes   53695 energy   187.0 births 9201403 deaths 9200283 (26637.7s) NVIDIA GeForce RTX 3060
tick 3432000 alive   939910 genomes   53151 energy   187.3 births 9226699 deaths 9225739 (26645.7s) NVIDIA GeForce RTX 3060
tick 3433000 alive   939871 genomes   53683 energy   186.8 births 9273238 deaths 9273277 (26653.7s) NVIDIA GeForce RTX 3060
tick 3434000 alive   939801 genomes   53321 energy   187.3 births 9269142 deaths 9269212 (26661.7s) NVIDIA GeForce RTX 3060
tick 3435000 alive   939485 genomes   53370 energy   187.6 births 9242330 deaths 9242646 (26669.7s) NVIDIA GeForce RTX 3060
tick 3436000 alive   938960 genomes   54305 energy   187.5 births 9218372 deaths 9218897 (26677.7s) NVIDIA GeForce RTX 3060
tick 3437000 alive   940101 genomes   54751 energy   187.4 births 9184680 deaths 9183539 (26685.6s) NVIDIA GeForce RTX 3060
tick 3438000 alive   939407 genomes   54703 energy   187.4 births 9184517 deaths 9185211 (26693.6s) NVIDIA GeForce RTX 3060
tick 3439000 alive   940304 genomes   54632 energy   187.1 births 9190267 deaths 9189370 (26701.7s) NVIDIA GeForce RTX 3060
tick 3440000 alive   940950 genomes   55580 energy   187.2 births 9254840 deaths 9254194 (26709.7s) NVIDIA GeForce RTX 3060
tick 3441000 alive   942325 genomes   56725 energy   187.3 births 9262527 deaths 9261152 (26717.7s) NVIDIA GeForce RTX 3060
tick 3442000 alive   945051 genomes   57474 energy   187.2 births 9301801 deaths 9299075 (26725.6s) NVIDIA GeForce RTX 3060
tick 3443000 alive   941763 genomes   58077 energy   187.2 births 9274985 deaths 9278273 (26733.7s) NVIDIA GeForce RTX 3060
tick 3444000 alive   938737 genomes   58738 energy   187.2 births 9272569 deaths 9275595 (26741.7s) NVIDIA GeForce RTX 3060
tick 3445000 alive   939639 genomes   58446 energy   187.3 births 9249084 deaths 9248182 (26749.7s) NVIDIA GeForce RTX 3060
tick 3446000 alive   940294 genomes   58580 energy   187.3 births 9228902 deaths 9228247 (26757.7s) NVIDIA GeForce RTX 3060
tick 3447000 alive   941170 genomes   58634 energy   187.8 births 9224255 deaths 9223379 (26765.7s) NVIDIA GeForce RTX 3060
tick 3448000 alive   941078 genomes   58475 energy   187.7 births 9188212 deaths 9188304 (26773.7s) NVIDIA GeForce RTX 3060
tick 3449000 alive   943878 genomes   58011 energy   188.1 births 9193355 deaths 9190555 (26781.8s) NVIDIA GeForce RTX 3060
tick 3450000 alive   943071 genomes   58522 energy   187.7 births 9217320 deaths 9218127 (26789.8s) NVIDIA GeForce RTX 3060
tick 3451000 alive   941903 genomes   58141 energy   187.9 births 9230440 deaths 9231608 (26797.8s) NVIDIA GeForce RTX 3060
tick 3452000 alive   941904 genomes   57685 energy   188.2 births 9128720 deaths 9128719 (26805.8s) NVIDIA GeForce RTX 3060
tick 3453000 alive   942828 genomes   57894 energy   188.6 births 9082185 deaths 9081261 (26813.8s) NVIDIA GeForce RTX 3060
tick 3454000 alive   942103 genomes   58122 energy   188.8 births 9073244 deaths 9073969 (26821.8s) NVIDIA GeForce RTX 3060
tick 3455000 alive   940461 genomes   58213 energy   188.7 births 9044679 deaths 9046321 (26829.8s) NVIDIA GeForce RTX 3060
tick 3456000 alive   939379 genomes   58561 energy   188.7 births 9026876 deaths 9027958 (26837.9s) NVIDIA GeForce RTX 3060
tick 3457000 alive   939633 genomes   58886 energy   188.5 births 9022055 deaths 9021801 (26845.9s) NVIDIA GeForce RTX 3060
tick 3458000 alive   937775 genomes   58209 energy   188.6 births 9025986 deaths 9027844 (26853.9s) NVIDIA GeForce RTX 3060
tick 3459000 alive   939727 genomes   57006 energy   188.5 births 9013378 deaths 9011426 (26861.9s) NVIDIA GeForce RTX 3060
tick 3460000 alive   941711 genomes   56512 energy   188.4 births 9050661 deaths 9048677 (26870.0s) NVIDIA GeForce RTX 3060
tick 3461000 alive   940237 genomes   55232 energy   188.1 births 9087395 deaths 9088869 (26878.0s) NVIDIA GeForce RTX 3060
tick 3462000 alive   943365 genomes   54978 energy   188.1 births 9076481 deaths 9073353 (26886.0s) NVIDIA GeForce RTX 3060
tick 3463000 alive   942968 genomes   55246 energy   188.1 births 9103810 deaths 9104207 (26894.0s) NVIDIA GeForce RTX 3060
tick 3464000 alive   941381 genomes   55543 energy   188.3 births 9070187 deaths 9071774 (26902.0s) NVIDIA GeForce RTX 3060
tick 3465000 alive   940188 genomes   56187 energy   188.1 births 9035707 deaths 9036900 (26910.1s) NVIDIA GeForce RTX 3060
tick 3466000 alive   938584 genomes   56455 energy   188.4 births 9010200 deaths 9011804 (26918.1s) NVIDIA GeForce RTX 3060
tick 3467000 alive   939362 genomes   56170 energy   188.6 births 8983782 deaths 8983004 (26926.1s) NVIDIA GeForce RTX 3060
tick 3468000 alive   938452 genomes   56645 energy   188.4 births 9004465 deaths 9005375 (26934.2s) NVIDIA GeForce RTX 3060
tick 3469000 alive   939481 genomes   56510 energy   188.6 births 8995811 deaths 8994782 (26942.2s) NVIDIA GeForce RTX 3060
tick 3470000 alive   937379 genomes   57073 energy   188.8 births 8966433 deaths 8968535 (26950.2s) NVIDIA GeForce RTX 3060
tick 3471000 alive   938939 genomes   56409 energy   189.1 births 8938178 deaths 8936618 (26958.3s) NVIDIA GeForce RTX 3060
tick 3472000 alive   936605 genomes   55665 energy   189.0 births 8896731 deaths 8899065 (26966.3s) NVIDIA GeForce RTX 3060
tick 3473000 alive   936868 genomes   54022 energy   189.5 births 8830047 deaths 8829784 (26974.3s) NVIDIA GeForce RTX 3060
tick 3474000 alive   937699 genomes   53296 energy   189.1 births 8862377 deaths 8861546 (26982.3s) NVIDIA GeForce RTX 3060
tick 3475000 alive   939463 genomes   53162 energy   189.0 births 8904908 deaths 8903144 (26990.3s) NVIDIA GeForce RTX 3060
tick 3476000 alive   940788 genomes   52283 energy   189.2 births 8898269 deaths 8896944 (26998.3s) NVIDIA GeForce RTX 3060
tick 3477000 alive   939968 genomes   52237 energy   189.1 births 8898536 deaths 8899356 (27006.3s) NVIDIA GeForce RTX 3060
tick 3478000 alive   940206 genomes   51719 energy   189.2 births 8892861 deaths 8892623 (27014.2s) NVIDIA GeForce RTX 3060
tick 3479000 alive   939967 genomes   51325 energy   189.1 births 8891798 deaths 8892037 (27022.2s) NVIDIA GeForce RTX 3060
tick 3480000 alive   941143 genomes   51324 energy   188.9 births 8910364 deaths 8909188 (27030.2s) NVIDIA GeForce RTX 3060
tick 3481000 alive   943118 genomes   51384 energy   188.8 births 8926139 deaths 8924164 (27038.2s) NVIDIA GeForce RTX 3060
tick 3482000 alive   942033 genomes   51525 energy   188.9 births 8954764 deaths 8955849 (27046.1s) NVIDIA GeForce RTX 3060
tick 3483000 alive   942750 genomes   52106 energy   188.7 births 8993994 deaths 8993277 (27054.1s) NVIDIA GeForce RTX 3060
tick 3484000 alive   941763 genomes   51604 energy   188.7 births 8997858 deaths 8998845 (27062.1s) NVIDIA GeForce RTX 3060
tick 3485000 alive   942585 genomes   51817 energy   188.3 births 9023728 deaths 9022906 (27070.1s) NVIDIA GeForce RTX 3060
tick 3486000 alive   943829 genomes   51397 energy   188.3 births 9065471 deaths 9064227 (27078.0s) NVIDIA GeForce RTX 3060
tick 3487000 alive   943310 genomes   51193 energy   188.3 births 9091415 deaths 9091934 (27086.0s) NVIDIA GeForce RTX 3060
tick 3488000 alive   944544 genomes   51265 energy   188.2 births 9087376 deaths 9086142 (27093.9s) NVIDIA GeForce RTX 3060
tick 3489000 alive   942606 genomes   51551 energy   188.4 births 9090238 deaths 9092176 (27101.9s) NVIDIA GeForce RTX 3060
tick 3490000 alive   942167 genomes   51709 energy   188.4 births 9063291 deaths 9063730 (27109.9s) NVIDIA GeForce RTX 3060
tick 3491000 alive   944304 genomes   51740 energy   188.0 births 9074233 deaths 9072096 (27117.9s) NVIDIA GeForce RTX 3060
tick 3492000 alive   944429 genomes   51840 energy   188.1 births 9127793 deaths 9127668 (27125.8s) NVIDIA GeForce RTX 3060
tick 3493000 alive   945444 genomes   52299 energy   188.4 births 9094335 deaths 9093320 (27133.8s) NVIDIA GeForce RTX 3060
tick 3494000 alive   942345 genomes   52340 energy   188.5 births 9081243 deaths 9084342 (27141.8s) NVIDIA GeForce RTX 3060
tick 3495000 alive   942421 genomes   52299 energy   188.6 births 9064087 deaths 9064011 (27149.7s) NVIDIA GeForce RTX 3060
tick 3496000 alive   944711 genomes   51440 energy   188.7 births 9028165 deaths 9025875 (27157.7s) NVIDIA GeForce RTX 3060
tick 3497000 alive   944558 genomes   50894 energy   189.2 births 8990663 deaths 8990816 (27165.7s) NVIDIA GeForce RTX 3060
tick 3498000 alive   945293 genomes   50477 energy   189.2 births 8943067 deaths 8942332 (27173.6s) NVIDIA GeForce RTX 3060
tick 3499000 alive   943863 genomes   50106 energy   189.1 births 8930478 deaths 8931908 (27181.5s) NVIDIA GeForce RTX 3060
tick 3500000 alive   943670 genomes   50327 energy   189.0 births 8963466 deaths 8963659 (27189.5s) NVIDIA GeForce RTX 3060
tick 3501000 alive   945440 genomes   50089 energy   189.0 births 8979151 deaths 8977381 (27197.4s) NVIDIA GeForce RTX 3060
tick 3502000 alive   944502 genomes   49844 energy   189.1 births 8969221 deaths 8970159 (27205.3s) NVIDIA GeForce RTX 3060
tick 3503000 alive   946649 genomes   49729 energy   189.1 births 8953865 deaths 8951718 (27213.2s) NVIDIA GeForce RTX 3060
tick 3504000 alive   946867 genomes   49837 energy   189.1 births 8970829 deaths 8970611 (27221.2s) NVIDIA GeForce RTX 3060
tick 3505000 alive   945989 genomes   49827 energy   189.2 births 8967444 deaths 8968322 (27229.1s) NVIDIA GeForce RTX 3060
tick 3506000 alive   943927 genomes   50705 energy   189.3 births 8935477 deaths 8937539 (27237.0s) NVIDIA GeForce RTX 3060
tick 3507000 alive   945564 genomes   50560 energy   189.7 births 8918247 deaths 8916610 (27244.9s) NVIDIA GeForce RTX 3060
tick 3508000 alive   947695 genomes   50969 energy   189.7 births 8908346 deaths 8906215 (27252.8s) NVIDIA GeForce RTX 3060
tick 3509000 alive   948081 genomes   52120 energy   189.4 births 8967618 deaths 8967232 (27260.7s) NVIDIA GeForce RTX 3060
tick 3510000 alive   947132 genomes   52498 energy   189.5 births 8984434 deaths 8985383 (27268.5s) NVIDIA GeForce RTX 3060
tick 3511000 alive   948995 genomes   52269 energy   189.6 births 8959834 deaths 8957971 (27276.4s) NVIDIA GeForce RTX 3060
tick 3512000 alive   948988 genomes   52661 energy   189.7 births 8959497 deaths 8959504 (27284.3s) NVIDIA GeForce RTX 3060
tick 3513000 alive   947661 genomes   52666 energy   189.9 births 8947018 deaths 8948345 (27292.2s) NVIDIA GeForce RTX 3060
tick 3514000 alive   946783 genomes   52648 energy   190.0 births 8868483 deaths 8869361 (27300.0s) NVIDIA GeForce RTX 3060
tick 3515000 alive   948643 genomes   52672 energy   189.9 births 8873645 deaths 8871785 (27307.9s) NVIDIA GeForce RTX 3060
tick 3516000 alive   945656 genomes   53298 energy   189.7 births 8935354 deaths 8938341 (27315.8s) NVIDIA GeForce RTX 3060
tick 3517000 alive   944267 genomes   53819 energy   189.4 births 8939490 deaths 8940879 (27323.7s) NVIDIA GeForce RTX 3060
tick 3518000 alive   944031 genomes   53892 energy   189.0 births 8954965 deaths 8955201 (27331.6s) NVIDIA GeForce RTX 3060
tick 3519000 alive   944694 genomes   53388 energy   189.0 births 8989817 deaths 8989154 (27339.5s) NVIDIA GeForce RTX 3060
tick 3520000 alive   946319 genomes   53284 energy   189.0 births 9019869 deaths 9018244 (27347.5s) NVIDIA GeForce RTX 3060
tick 3521000 alive   946717 genomes   53482 energy   188.9 births 9045002 deaths 9044604 (27355.4s) NVIDIA GeForce RTX 3060
tick 3522000 alive   945730 genomes   53661 energy   188.7 births 9055602 deaths 9056589 (27363.3s) NVIDIA GeForce RTX 3060
tick 3523000 alive   946065 genomes   53957 energy   188.6 births 9057990 deaths 9057655 (27371.3s) NVIDIA GeForce RTX 3060
tick 3524000 alive   943047 genomes   55016 energy   188.0 births 9132786 deaths 9135804 (27379.2s) NVIDIA GeForce RTX 3060
tick 3525000 alive   942939 genomes   55449 energy   188.3 births 9125574 deaths 9125682 (27387.2s) NVIDIA GeForce RTX 3060
tick 3526000 alive   946027 genomes   56034 energy   188.4 births 9138564 deaths 9135476 (27395.1s) NVIDIA GeForce RTX 3060
tick 3527000 alive   946476 genomes   56362 energy   188.2 births 9152637 deaths 9152188 (27403.0s) NVIDIA GeForce RTX 3060
tick 3528000 alive   946223 genomes   56495 energy   188.5 births 9171106 deaths 9171359 (27411.0s) NVIDIA GeForce RTX 3060
tick 3529000 alive   945208 genomes   57197 energy   188.6 births 9164072 deaths 9165087 (27418.9s) NVIDIA GeForce RTX 3060
tick 3530000 alive   944793 genomes   57090 energy   188.7 births 9111329 deaths 9111744 (27426.8s) NVIDIA GeForce RTX 3060
tick 3531000 alive   946254 genomes   56733 energy   189.0 births 9132875 deaths 9131414 (27434.7s) NVIDIA GeForce RTX 3060
tick 3532000 alive   946352 genomes   56479 energy   188.9 births 9103761 deaths 9103663 (27442.6s) NVIDIA GeForce RTX 3060
tick 3533000 alive   949463 genomes   56722 energy   189.0 births 9098259 deaths 9095148 (27450.5s) NVIDIA GeForce RTX 3060
tick 3534000 alive   948646 genomes   56764 energy   189.3 births 9089317 deaths 9090134 (27458.4s) NVIDIA GeForce RTX 3060
tick 3535000 alive   947148 genomes   56851 energy   189.2 births 9081327 deaths 9082825 (27466.3s) NVIDIA GeForce RTX 3060
tick 3536000 alive   947319 genomes   56729 energy   189.3 births 9090216 deaths 9090045 (27474.1s) NVIDIA GeForce RTX 3060
tick 3537000 alive   947297 genomes   56820 energy   189.3 births 9082130 deaths 9082152 (27482.0s) NVIDIA GeForce RTX 3060
tick 3538000 alive   943262 genomes   56668 energy   189.2 births 9074905 deaths 9078940 (27489.8s) NVIDIA GeForce RTX 3060
tick 3539000 alive   941431 genomes   57279 energy   189.2 births 9046942 deaths 9048773 (27497.7s) NVIDIA GeForce RTX 3060
tick 3540000 alive   939946 genomes   57519 energy   189.2 births 9016219 deaths 9017704 (27505.5s) NVIDIA GeForce RTX 3060
tick 3541000 alive   938102 genomes   57014 energy   189.3 births 8986071 deaths 8987915 (27513.4s) NVIDIA GeForce RTX 3060
tick 3542000 alive   938634 genomes   56878 energy   189.0 births 8997474 deaths 8996942 (27521.2s) NVIDIA GeForce RTX 3060
tick 3543000 alive   940721 genomes   56333 energy   189.1 births 9001498 deaths 8999411 (27529.1s) NVIDIA GeForce RTX 3060
tick 3544000 alive   942562 genomes   55890 energy   189.1 births 8999373 deaths 8997532 (27536.9s) NVIDIA GeForce RTX 3060
tick 3545000 alive   945694 genomes   55183 energy   189.4 births 8990925 deaths 8987793 (27544.8s) NVIDIA GeForce RTX 3060
tick 3546000 alive   946121 genomes   55365 energy   189.3 births 9020455 deaths 9020028 (27552.6s) NVIDIA GeForce RTX 3060
tick 3547000 alive   946138 genomes   55030 energy   189.2 births 9037910 deaths 9037893 (27560.4s) NVIDIA GeForce RTX 3060
tick 3548000 alive   944783 genomes   54865 energy   189.0 births 9059092 deaths 9060447 (27568.3s) NVIDIA GeForce RTX 3060
tick 3549000 alive   945252 genomes   55234 energy   189.2 births 9039998 deaths 9039529 (27576.1s) NVIDIA GeForce RTX 3060
tick 3550000 alive   945533 genomes   54769 energy   189.3 births 9026502 deaths 9026221 (27584.0s) NVIDIA GeForce RTX 3060
tick 3551000 alive   944631 genomes   54473 energy   189.6 births 9006045 deaths 9006947 (27591.8s) NVIDIA GeForce RTX 3060
tick 3552000 alive   944717 genomes   53549 energy   189.5 births 8968929 deaths 8968843 (27599.6s) NVIDIA GeForce RTX 3060
tick 3553000 alive   944551 genomes   53825 energy   189.1 births 9003719 deaths 9003885 (27607.5s) NVIDIA GeForce RTX 3060
tick 3554000 alive   945826 genomes   53068 energy   189.1 births 9018274 deaths 9016999 (27615.3s) NVIDIA GeForce RTX 3060
tick 3555000 alive   946750 genomes   53133 energy   189.0 births 9059261 deaths 9058337 (27623.2s) NVIDIA GeForce RTX 3060
tick 3556000 alive   944034 genomes   52799 energy   189.2 births 9028491 deaths 9031207 (27631.0s) NVIDIA GeForce RTX 3060
tick 3557000 alive   944539 genomes   52659 energy   189.3 births 9009329 deaths 9008824 (27638.9s) NVIDIA GeForce RTX 3060
tick 3558000 alive   944176 genomes   52815 energy   189.4 births 8990559 deaths 8990922 (27646.7s) NVIDIA GeForce RTX 3060
tick 3559000 alive   945531 genomes   53322 energy   189.4 births 8958774 deaths 8957419 (27654.5s) NVIDIA GeForce RTX 3060
tick 3560000 alive   945223 genomes   53441 energy   189.3 births 8990745 deaths 8991053 (27662.4s) NVIDIA GeForce RTX 3060
tick 3561000 alive   943305 genomes   54593 energy   189.0 births 9009854 deaths 9011772 (27670.2s) NVIDIA GeForce RTX 3060
tick 3562000 alive   942383 genomes   54687 energy   188.7 births 9035130 deaths 9036052 (27678.0s) NVIDIA GeForce RTX 3060
tick 3563000 alive   942284 genomes   54210 energy   188.6 births 9049548 deaths 9049647 (27685.9s) NVIDIA GeForce RTX 3060
tick 3564000 alive   943943 genomes   54434 energy   188.7 births 9045794 deaths 9044135 (27693.7s) NVIDIA GeForce RTX 3060
tick 3565000 alive   943255 genomes   54648 energy   188.7 births 9061247 deaths 9061935 (27701.5s) NVIDIA GeForce RTX 3060
tick 3566000 alive   944778 genomes   54969 energy   188.3 births 9128161 deaths 9126638 (27709.4s) NVIDIA GeForce RTX 3060
tick 3567000 alive   944441 genomes   54363 energy   188.9 births 9110104 deaths 9110441 (27717.2s) NVIDIA GeForce RTX 3060
tick 3568000 alive   945136 genomes   53527 energy   188.9 births 9084818 deaths 9084123 (27725.0s) NVIDIA GeForce RTX 3060
tick 3569000 alive   945566 genomes   53899 energy   188.9 births 9099086 deaths 9098656 (27732.7s) NVIDIA GeForce RTX 3060
tick 3570000 alive   945437 genomes   53589 energy   188.6 births 9146388 deaths 9146517 (27740.5s) NVIDIA GeForce RTX 3060
tick 3571000 alive   944238 genomes   53720 energy   188.3 births 9186229 deaths 9187428 (27748.3s) NVIDIA GeForce RTX 3060
tick 3572000 alive   943159 genomes   53866 energy   188.2 births 9163338 deaths 9164417 (27756.1s) NVIDIA GeForce RTX 3060
tick 3573000 alive   942159 genomes   54141 energy   188.1 births 9161824 deaths 9162824 (27763.9s) NVIDIA GeForce RTX 3060
tick 3574000 alive   944438 genomes   53900 energy   188.0 births 9209948 deaths 9207669 (27771.7s) NVIDIA GeForce RTX 3060
tick 3575000 alive   944242 genomes   54431 energy   188.1 births 9196892 deaths 9197088 (27779.5s) NVIDIA GeForce RTX 3060
tick 3576000 alive   944826 genomes   54124 energy   188.5 births 9166466 deaths 9165882 (27787.3s) NVIDIA GeForce RTX 3060
tick 3577000 alive   944648 genomes   54205 energy   188.9 births 9097687 deaths 9097865 (27795.0s) NVIDIA GeForce RTX 3060
tick 3578000 alive   948811 genomes   54173 energy   189.1 births 9090967 deaths 9086804 (27802.8s) NVIDIA GeForce RTX 3060
tick 3579000 alive   948938 genomes   54315 energy   189.0 births 9072407 deaths 9072280 (27810.6s) NVIDIA GeForce RTX 3060
tick 3580000 alive   947479 genomes   54773 energy   189.3 births 9096765 deaths 9098224 (27818.4s) NVIDIA GeForce RTX 3060
tick 3581000 alive   945247 genomes   54817 energy   189.5 births 9030841 deaths 9033073 (27826.3s) NVIDIA GeForce RTX 3060
tick 3582000 alive   944917 genomes   53748 energy   189.6 births 8987082 deaths 8987412 (27834.1s) NVIDIA GeForce RTX 3060
tick 3583000 alive   945203 genomes   52096 energy   190.2 births 8868188 deaths 8867902 (27841.9s) NVIDIA GeForce RTX 3060
tick 3584000 alive   943534 genomes   51817 energy   190.1 births 8827851 deaths 8829520 (27849.7s) NVIDIA GeForce RTX 3060
tick 3585000 alive   944291 genomes   50419 energy   190.3 births 8782347 deaths 8781590 (27857.5s) NVIDIA GeForce RTX 3060
tick 3586000 alive   946679 genomes   49418 energy   190.5 births 8746901 deaths 8744513 (27865.3s) NVIDIA GeForce RTX 3060
tick 3587000 alive   946927 genomes   49103 energy   190.8 births 8707141 deaths 8706893 (27873.1s) NVIDIA GeForce RTX 3060
tick 3588000 alive   947955 genomes   48709 energy   190.6 births 8703544 deaths 8702516 (27880.8s) NVIDIA GeForce RTX 3060
tick 3589000 alive   946353 genomes   48574 energy   190.7 births 8676082 deaths 8677684 (27888.6s) NVIDIA GeForce RTX 3060
tick 3590000 alive   946210 genomes   48259 energy   190.5 births 8701916 deaths 8702059 (27896.5s) NVIDIA GeForce RTX 3060
tick 3591000 alive   946006 genomes   48583 energy   190.7 births 8692779 deaths 8692983 (27904.3s) NVIDIA GeForce RTX 3060
tick 3592000 alive   945475 genomes   48409 energy   190.9 births 8673558 deaths 8674089 (27912.1s) NVIDIA GeForce RTX 3060
tick 3593000 alive   946101 genomes   48178 energy   191.0 births 8627867 deaths 8627241 (27919.9s) NVIDIA GeForce RTX 3060
tick 3594000 alive   945642 genomes   47963 energy   191.0 births 8592116 deaths 8592575 (27927.8s) NVIDIA GeForce RTX 3060
tick 3595000 alive   945909 genomes   47482 energy   190.7 births 8600225 deaths 8599958 (27935.6s) NVIDIA GeForce RTX 3060
tick 3596000 alive   947449 genomes   47594 energy   190.6 births 8642912 deaths 8641372 (27943.4s) NVIDIA GeForce RTX 3060
tick 3597000 alive   947163 genomes   47316 energy   190.4 births 8679433 deaths 8679719 (27951.3s) NVIDIA GeForce RTX 3060
tick 3598000 alive   947507 genomes   47760 energy   190.2 births 8712588 deaths 8712244 (27959.1s) NVIDIA GeForce RTX 3060
tick 3599000 alive   947762 genomes   47579 energy   190.0 births 8762995 deaths 8762740 (27966.9s) NVIDIA GeForce RTX 3060
tick 3600000 alive   946902 genomes   46786 energy   190.3 births 8749732 deaths 8750592 (27974.7s) NVIDIA GeForce RTX 3060
tick 3601000 alive   947072 genomes   47519 energy   190.4 births 8750875 deaths 8750705 (27982.5s) NVIDIA GeForce RTX 3060
tick 3602000 alive   947998 genomes   47601 energy   190.5 births 8734315 deaths 8733389 (27990.3s) NVIDIA GeForce RTX 3060
tick 3603000 alive   944886 genomes   48002 energy   190.3 births 8728039 deaths 8731151 (27998.1s) NVIDIA GeForce RTX 3060
tick 3604000 alive   943865 genomes   48386 energy   190.2 births 8729900 deaths 8730921 (28005.9s) NVIDIA GeForce RTX 3060
tick 3605000 alive   946027 genomes   48219 energy   190.0 births 8777037 deaths 8774875 (28013.8s) NVIDIA GeForce RTX 3060
tick 3606000 alive   945418 genomes   47526 energy   190.1 births 8780816 deaths 8781425 (28021.6s) NVIDIA GeForce RTX 3060
tick 3607000 alive   946891 genomes   46971 energy   189.9 births 8780898 deaths 8779425 (28029.5s) NVIDIA GeForce RTX 3060
tick 3608000 alive   948070 genomes   47031 energy   189.9 births 8809326 deaths 8808147 (28037.3s) NVIDIA GeForce RTX 3060
tick 3609000 alive   947710 genomes   47155 energy   189.7 births 8798851 deaths 8799211 (28045.2s) NVIDIA GeForce RTX 3060
tick 3610000 alive   949101 genomes   46845 energy   189.5 births 8847213 deaths 8845822 (28053.0s) NVIDIA GeForce RTX 3060
tick 3611000 alive   946853 genomes   46775 energy   189.0 births 8897447 deaths 8899695 (28060.8s) NVIDIA GeForce RTX 3060
tick 3612000 alive   948729 genomes   46044 energy   189.1 births 8926816 deaths 8924940 (28068.7s) NVIDIA GeForce RTX 3060
tick 3613000 alive   949228 genomes   45978 energy   189.1 births 8934610 deaths 8934111 (28076.5s) NVIDIA GeForce RTX 3060
tick 3614000 alive   950121 genomes   46673 energy   189.1 births 8938150 deaths 8937257 (28084.4s) NVIDIA GeForce RTX 3060
tick 3615000 alive   949278 genomes   47180 energy   189.0 births 8953113 deaths 8953956 (28092.2s) NVIDIA GeForce RTX 3060
tick 3616000 alive   950796 genomes   47740 energy   189.3 births 8932964 deaths 8931446 (28100.1s) NVIDIA GeForce RTX 3060
tick 3617000 alive   950565 genomes   48503 energy   189.3 births 8930468 deaths 8930699 (28107.9s) NVIDIA GeForce RTX 3060
tick 3618000 alive   950849 genomes   49112 energy   189.2 births 8977008 deaths 8976724 (28115.8s) NVIDIA GeForce RTX 3060
tick 3619000 alive   950613 genomes   50027 energy   188.8 births 9017563 deaths 9017799 (28123.6s) NVIDIA GeForce RTX 3060
tick 3620000 alive   950192 genomes   50979 energy   188.8 births 9037767 deaths 9038188 (28131.5s) NVIDIA GeForce RTX 3060
tick 3621000 alive   948327 genomes   51797 energy   188.3 births 9083727 deaths 9085592 (28139.4s) NVIDIA GeForce RTX 3060
tick 3622000 alive   949442 genomes   51920 energy   188.3 births 9136981 deaths 9135866 (28147.3s) NVIDIA GeForce RTX 3060
tick 3623000 alive   948470 genomes   52545 energy   188.1 births 9170087 deaths 9171059 (28155.1s) NVIDIA GeForce RTX 3060
tick 3624000 alive   948972 genomes   52615 energy   188.4 births 9156038 deaths 9155536 (28163.0s) NVIDIA GeForce RTX 3060
tick 3625000 alive   948011 genomes   53340 energy   188.7 births 9109118 deaths 9110079 (28171.0s) NVIDIA GeForce RTX 3060
tick 3626000 alive   947182 genomes   53183 energy   188.8 births 9109171 deaths 9110000 (28178.9s) NVIDIA GeForce RTX 3060
tick 3627000 alive   947611 genomes   52785 energy   188.8 births 9066882 deaths 9066453 (28186.7s) NVIDIA GeForce RTX 3060
tick 3628000 alive   946150 genomes   52357 energy   189.3 births 9033798 deaths 9035259 (28194.6s) NVIDIA GeForce RTX 3060
tick 3629000 alive   944366 genomes   51809 energy   189.4 births 8926544 deaths 8928328 (28202.5s) NVIDIA GeForce RTX 3060
tick 3630000 alive   944487 genomes   51087 energy   189.1 births 8925783 deaths 8925662 (28210.4s) NVIDIA GeForce RTX 3060
tick 3631000 alive   944777 genomes   51407 energy   188.9 births 8983930 deaths 8983640 (28218.3s) NVIDIA GeForce RTX 3060
tick 3632000 alive   944581 genomes   50869 energy   188.9 births 8990668 deaths 8990864 (28226.2s) NVIDIA GeForce RTX 3060
tick 3633000 alive   943450 genomes   51143 energy   188.5 births 9025885 deaths 9027016 (28234.1s) NVIDIA GeForce RTX 3060
tick 3634000 alive   942471 genomes   51097 energy   188.3 births 9051711 deaths 9052690 (28242.0s) NVIDIA GeForce RTX 3060
tick 3635000 alive   945113 genomes   51154 energy   188.6 births 9076480 deaths 9073838 (28249.9s) NVIDIA GeForce RTX 3060
tick 3636000 alive   944100 genomes   51537 energy   189.2 births 9004552 deaths 9005565 (28257.8s) NVIDIA GeForce RTX 3060
tick 3637000 alive   945386 genomes   51978 energy   189.5 births 8944292 deaths 8943006 (28265.7s) NVIDIA GeForce RTX 3060
tick 3638000 alive   945407 genomes   52172 energy   189.8 births 8895812 deaths 8895791 (28273.6s) NVIDIA GeForce RTX 3060
tick 3639000 alive   945749 genomes   52385 energy   189.9 births 8806167 deaths 8805825 (28281.5s) NVIDIA GeForce RTX 3060
tick 3640000 alive   947280 genomes   51841 energy   190.0 births 8821410 deaths 8819879 (28289.4s) NVIDIA GeForce RTX 3060
tick 3641000 alive   947199 genomes   52111 energy   189.7 births 8844049 deaths 8844130 (28297.3s) NVIDIA GeForce RTX 3060
tick 3642000 alive   946400 genomes   52005 energy   189.4 births 8864683 deaths 8865482 (28305.2s) NVIDIA GeForce RTX 3060
tick 3643000 alive   947637 genomes   53053 energy   189.3 births 8920995 deaths 8919758 (28313.1s) NVIDIA GeForce RTX 3060
tick 3644000 alive   947624 genomes   52451 energy   189.0 births 8985685 deaths 8985698 (28321.0s) NVIDIA GeForce RTX 3060
tick 3645000 alive   946778 genomes   52885 energy   188.5 births 9031939 deaths 9032785 (28328.9s) NVIDIA GeForce RTX 3060
tick 3646000 alive   946174 genomes   52493 energy   187.5 births 9143560 deaths 9144164 (28336.8s) NVIDIA GeForce RTX 3060
tick 3647000 alive   946329 genomes   52294 energy   187.8 births 9167551 deaths 9167396 (28344.7s) NVIDIA GeForce RTX 3060
tick 3648000 alive   947107 genomes   51745 energy   187.9 births 9169500 deaths 9168722 (28352.5s) NVIDIA GeForce RTX 3060
tick 3649000 alive   949545 genomes   51272 energy   188.0 births 9180208 deaths 9177770 (28360.4s) NVIDIA GeForce RTX 3060
tick 3650000 alive   948660 genomes   51529 energy   187.9 births 9209589 deaths 9210474 (28368.3s) NVIDIA GeForce RTX 3060
tick 3651000 alive   947541 genomes   50626 energy   188.1 births 9172988 deaths 9174107 (28376.2s) NVIDIA GeForce RTX 3060
tick 3652000 alive   947174 genomes   50328 energy   188.8 births 9084644 deaths 9085011 (28384.0s) NVIDIA GeForce RTX 3060
tick 3653000 alive   946553 genomes   49953 energy   188.8 births 9040817 deaths 9041438 (28391.9s) NVIDIA GeForce RTX 3060
tick 3654000 alive   946736 genomes   49590 energy   189.2 births 9013330 deaths 9013147 (28399.8s) NVIDIA GeForce RTX 3060
tick 3655000 alive   947411 genomes   48873 energy   189.5 births 8942213 deaths 8941538 (28407.7s) NVIDIA GeForce RTX 3060
tick 3656000 alive   945702 genomes   48835 energy   189.0 births 8970767 deaths 8972476 (28415.6s) NVIDIA GeForce RTX 3060
tick 3657000 alive   946596 genomes   48369 energy   189.0 births 8945991 deaths 8945097 (28423.5s) NVIDIA GeForce RTX 3060
tick 3658000 alive   945967 genomes   48472 energy   189.0 births 8984368 deaths 8984997 (28431.3s) NVIDIA GeForce RTX 3060
tick 3659000 alive   944431 genomes   48527 energy   188.6 births 9005276 deaths 9006812 (28439.2s) NVIDIA GeForce RTX 3060
tick 3660000 alive   944202 genomes   48208 energy   188.8 births 8999433 deaths 8999662 (28447.1s) NVIDIA GeForce RTX 3060
tick 3661000 alive   945475 genomes   48099 energy   189.1 births 8989868 deaths 8988595 (28455.0s) NVIDIA GeForce RTX 3060
tick 3662000 alive   945758 genomes   47443 energy   189.0 births 8932268 deaths 8931985 (28462.9s) NVIDIA GeForce RTX 3060
tick 3663000 alive   944347 genomes   46840 energy   188.7 births 8958386 deaths 8959797 (28470.8s) NVIDIA GeForce RTX 3060
tick 3664000 alive   943935 genomes   47047 energy   188.5 births 8998438 deaths 8998850 (28478.7s) NVIDIA GeForce RTX 3060
tick 3665000 alive   943848 genomes   46368 energy   188.2 births 9008807 deaths 9008894 (28486.6s) NVIDIA GeForce RTX 3060
tick 3666000 alive   942625 genomes   46240 energy   188.1 births 9009443 deaths 9010666 (28494.5s) NVIDIA GeForce RTX 3060
tick 3667000 alive   943716 genomes   45995 energy   188.4 births 8997347 deaths 8996256 (28502.4s) NVIDIA GeForce RTX 3060
tick 3668000 alive   944641 genomes   45744 energy   188.6 births 8997085 deaths 8996160 (28510.3s) NVIDIA GeForce RTX 3060
tick 3669000 alive   944613 genomes   46219 energy   188.8 births 8968945 deaths 8968973 (28518.2s) NVIDIA GeForce RTX 3060
tick 3670000 alive   944318 genomes   46551 energy   189.2 births 8899105 deaths 8899400 (28526.1s) NVIDIA GeForce RTX 3060
tick 3671000 alive   945633 genomes   47041 energy   189.7 births 8837237 deaths 8835922 (28534.0s) NVIDIA GeForce RTX 3060
tick 3672000 alive   945718 genomes   46970 energy   189.5 births 8864669 deaths 8864584 (28542.0s) NVIDIA GeForce RTX 3060
tick 3673000 alive   945483 genomes   47385 energy   189.5 births 8859727 deaths 8859962 (28549.8s) NVIDIA GeForce RTX 3060
tick 3674000 alive   943165 genomes   47498 energy   189.4 births 8841739 deaths 8844057 (28557.8s) NVIDIA GeForce RTX 3060
tick 3675000 alive   941289 genomes   47109 energy   189.4 births 8809419 deaths 8811295 (28565.7s) NVIDIA GeForce RTX 3060
tick 3676000 alive   944543 genomes   46856 energy   189.1 births 8815582 deaths 8812328 (28573.6s) NVIDIA GeForce RTX 3060
tick 3677000 alive   946831 genomes   47306 energy   188.9 births 8889293 deaths 8887005 (28581.5s) NVIDIA GeForce RTX 3060
tick 3678000 alive   945240 genomes   47471 energy   188.4 births 8925919 deaths 8927510 (28589.5s) NVIDIA GeForce RTX 3060
tick 3679000 alive   945730 genomes   47992 energy   188.5 births 8964505 deaths 8964015 (28597.4s) NVIDIA GeForce RTX 3060
tick 3680000 alive   944607 genomes   48432 energy   188.0 births 9017489 deaths 9018612 (28605.3s) NVIDIA GeForce RTX 3060
tick 3681000 alive   944418 genomes   48507 energy   188.2 births 9063389 deaths 9063578 (28613.2s) NVIDIA GeForce RTX 3060
tick 3682000 alive   945970 genomes   49420 energy   188.1 births 9072619 deaths 9071067 (28621.2s) NVIDIA GeForce RTX 3060
tick 3683000 alive   945943 genomes   49526 energy   188.5 births 9052409 deaths 9052436 (28629.1s) NVIDIA GeForce RTX 3060
tick 3684000 alive   946200 genomes   49674 energy   188.0 births 9043267 deaths 9043010 (28637.0s) NVIDIA GeForce RTX 3060
tick 3685000 alive   946249 genomes   49560 energy   188.0 births 9081794 deaths 9081745 (28644.9s) NVIDIA GeForce RTX 3060
tick 3686000 alive   945732 genomes   49719 energy   188.0 births 9092535 deaths 9093052 (28652.8s) NVIDIA GeForce RTX 3060
tick 3687000 alive   945490 genomes   49672 energy   187.9 births 9137553 deaths 9137795 (28660.7s) NVIDIA GeForce RTX 3060
tick 3688000 alive   946676 genomes   49410 energy   187.8 births 9150030 deaths 9148844 (28668.7s) NVIDIA GeForce RTX 3060
tick 3689000 alive   945804 genomes   50034 energy   188.0 births 9176569 deaths 9177441 (28676.6s) NVIDIA GeForce RTX 3060
tick 3690000 alive   945243 genomes   49708 energy   188.0 births 9157013 deaths 9157574 (28684.5s) NVIDIA GeForce RTX 3060
tick 3691000 alive   944054 genomes   49831 energy   188.3 births 9125323 deaths 9126512 (28692.4s) NVIDIA GeForce RTX 3060
tick 3692000 alive   944738 genomes   49114 energy   188.2 births 9058795 deaths 9058111 (28700.4s) NVIDIA GeForce RTX 3060
tick 3693000 alive   943140 genomes   48533 energy   188.8 births 9016700 deaths 9018298 (28708.3s) NVIDIA GeForce RTX 3060
tick 3694000 alive   943592 genomes   48965 energy   188.7 births 8966339 deaths 8965887 (28716.2s) NVIDIA GeForce RTX 3060
tick 3695000 alive   942706 genomes   48924 energy   188.9 births 8971555 deaths 8972441 (28724.2s) NVIDIA GeForce RTX 3060
tick 3696000 alive   940320 genomes   48836 energy   189.0 births 8924960 deaths 8927346 (28732.1s) NVIDIA GeForce RTX 3060
tick 3697000 alive   940578 genomes   48448 energy   189.1 births 8875398 deaths 8875140 (28740.0s) NVIDIA GeForce RTX 3060
tick 3698000 alive   940276 genomes   48263 energy   189.1 births 8847963 deaths 8848265 (28748.0s) NVIDIA GeForce RTX 3060
tick 3699000 alive   939207 genomes   48424 energy   188.9 births 8855702 deaths 8856771 (28755.9s) NVIDIA GeForce RTX 3060
tick 3700000 alive   938194 genomes   48527 energy   189.0 births 8870985 deaths 8871998 (28763.9s) NVIDIA GeForce RTX 3060
tick 3701000 alive   938502 genomes   47848 energy   188.8 births 8836690 deaths 8836382 (28771.8s) NVIDIA GeForce RTX 3060
tick 3702000 alive   940440 genomes   47445 energy   188.8 births 8820886 deaths 8818948 (28779.7s) NVIDIA GeForce RTX 3060
tick 3703000 alive   939057 genomes   46888 energy   188.5 births 8880836 deaths 8882219 (28787.6s) NVIDIA GeForce RTX 3060
tick 3704000 alive   939896 genomes   46978 energy   188.3 births 8905273 deaths 8904434 (28795.6s) NVIDIA GeForce RTX 3060
tick 3705000 alive   940941 genomes   46540 energy   188.3 births 8936750 deaths 8935705 (28803.5s) NVIDIA GeForce RTX 3060
tick 3706000 alive   942146 genomes   45792 energy   187.7 births 8977534 deaths 8976329 (28811.4s) NVIDIA GeForce RTX 3060
tick 3707000 alive   941593 genomes   45069 energy   187.7 births 9038609 deaths 9039162 (28819.4s) NVIDIA GeForce RTX 3060
tick 3708000 alive   942536 genomes   45413 energy   187.2 births 9093096 deaths 9092153 (28827.3s) NVIDIA GeForce RTX 3060
tick 3709000 alive   942883 genomes   44965 energy   187.9 births 9081162 deaths 9080815 (28835.2s) NVIDIA GeForce RTX 3060
tick 3710000 alive   943799 genomes   45257 energy   188.0 births 9043790 deaths 9042874 (28843.2s) NVIDIA GeForce RTX 3060
tick 3711000 alive   943805 genomes   45511 energy   188.0 births 9019623 deaths 9019617 (28851.1s) NVIDIA GeForce RTX 3060
tick 3712000 alive   941211 genomes   45378 energy   188.4 births 9004736 deaths 9007330 (28859.0s) NVIDIA GeForce RTX 3060
tick 3713000 alive   941688 genomes   44918 energy   188.6 births 8928638 deaths 8928161 (28867.0s) NVIDIA GeForce RTX 3060
tick 3714000 alive   940617 genomes   45087 energy   188.7 births 8880814 deaths 8881885 (28874.9s) NVIDIA GeForce RTX 3060
tick 3715000 alive   940176 genomes   44805 energy   188.7 births 8879084 deaths 8879525 (28882.9s) NVIDIA GeForce RTX 3060
tick 3716000 alive   939193 genomes   45157 energy   188.1 births 8887265 deaths 8888248 (28890.8s) NVIDIA GeForce RTX 3060
tick 3717000 alive   938379 genomes   45125 energy   188.2 births 8927313 deaths 8928127 (28898.8s) NVIDIA GeForce RTX 3060
tick 3718000 alive   940339 genomes   45145 energy   187.8 births 8933683 deaths 8931723 (28906.8s) NVIDIA GeForce RTX 3060
tick 3719000 alive   939968 genomes   45239 energy   187.3 births 9001469 deaths 9001840 (28914.7s) NVIDIA GeForce RTX 3060
tick 3720000 alive   938842 genomes   45876 energy   186.9 births 9072673 deaths 9073799 (28922.7s) NVIDIA GeForce RTX 3060
tick 3721000 alive   938309 genomes   46340 energy   186.8 births 9118401 deaths 9118934 (28930.7s) NVIDIA GeForce RTX 3060
tick 3722000 alive   935889 genomes   46836 energy   186.9 births 9103993 deaths 9106413 (28938.7s) NVIDIA GeForce RTX 3060
tick 3723000 alive   937451 genomes   47652 energy   186.6 births 9123309 deaths 9121747 (28946.8s) NVIDIA GeForce RTX 3060
tick 3724000 alive   935242 genomes   48273 energy   186.8 births 9153353 deaths 9155562 (28954.8s) NVIDIA GeForce RTX 3060
tick 3725000 alive   936689 genomes   48427 energy   186.8 births 9124139 deaths 9122692 (28962.8s) NVIDIA GeForce RTX 3060
tick 3726000 alive   940180 genomes   48975 energy   186.8 births 9148398 deaths 9144907 (28970.8s) NVIDIA GeForce RTX 3060
tick 3727000 alive   940017 genomes   48993 energy   187.0 births 9152591 deaths 9152754 (28978.8s) NVIDIA GeForce RTX 3060
tick 3728000 alive   938648 genomes   50266 energy   187.1 births 9133536 deaths 9134905 (28986.8s) NVIDIA GeForce RTX 3060
tick 3729000 alive   938673 genomes   50931 energy   186.9 births 9154070 deaths 9154045 (28994.8s) NVIDIA GeForce RTX 3060
tick 3730000 alive   937538 genomes   51119 energy   186.9 births 9180722 deaths 9181857 (29002.8s) NVIDIA GeForce RTX 3060
tick 3731000 alive   937304 genomes   50746 energy   186.5 births 9200771 deaths 9201005 (29010.7s) NVIDIA GeForce RTX 3060
tick 3732000 alive   939687 genomes   51572 energy   186.8 births 9266843 deaths 9264460 (29018.7s) NVIDIA GeForce RTX 3060
tick 3733000 alive   939960 genomes   52499 energy   186.4 births 9297364 deaths 9297091 (29026.7s) NVIDIA GeForce RTX 3060
tick 3734000 alive   938675 genomes   52816 energy   186.4 births 9311208 deaths 9312493 (29034.7s) NVIDIA GeForce RTX 3060
tick 3735000 alive   937891 genomes   53283 energy   186.6 births 9291690 deaths 9292474 (29042.7s) NVIDIA GeForce RTX 3060
tick 3736000 alive   936781 genomes   52777 energy   186.4 births 9263810 deaths 9264920 (29050.7s) NVIDIA GeForce RTX 3060
tick 3737000 alive   936836 genomes   52330 energy   186.9 births 9242919 deaths 9242864 (29058.6s) NVIDIA GeForce RTX 3060
tick 3738000 alive   938163 genomes   52251 energy   187.1 births 9188378 deaths 9187051 (29066.6s) NVIDIA GeForce RTX 3060
tick 3739000 alive   936068 genomes   51336 energy   187.4 births 9104113 deaths 9106208 (29074.5s) NVIDIA GeForce RTX 3060
tick 3740000 alive   937666 genomes   50739 energy   187.6 births 9058209 deaths 9056611 (29082.5s) NVIDIA GeForce RTX 3060
tick 3741000 alive   936814 genomes   50352 energy   187.3 births 9041925 deaths 9042777 (29090.4s) NVIDIA GeForce RTX 3060
tick 3742000 alive   936480 genomes   48840 energy   187.5 births 9041319 deaths 9041653 (29098.4s) NVIDIA GeForce RTX 3060
tick 3743000 alive   935991 genomes   48161 energy   187.5 births 9019605 deaths 9020094 (29106.3s) NVIDIA GeForce RTX 3060
tick 3744000 alive   936682 genomes   47877 energy   187.4 births 9041937 deaths 9041246 (29114.3s) NVIDIA GeForce RTX 3060
tick 3745000 alive   936920 genomes   47467 energy   187.6 births 9044411 deaths 9044173 (29122.2s) NVIDIA GeForce RTX 3060
tick 3746000 alive   937824 genomes   47217 energy   187.6 births 9002257 deaths 9001353 (29130.1s) NVIDIA GeForce RTX 3060
tick 3747000 alive   937780 genomes   47073 energy   187.5 births 9023647 deaths 9023691 (29138.1s) NVIDIA GeForce RTX 3060
tick 3748000 alive   938778 genomes   46628 energy   187.7 births 9034264 deaths 9033266 (29146.0s) NVIDIA GeForce RTX 3060
tick 3749000 alive   938750 genomes   46665 energy   187.3 births 9066009 deaths 9066037 (29154.0s) NVIDIA GeForce RTX 3060
tick 3750000 alive   938956 genomes   47369 energy   187.2 births 9116842 deaths 9116636 (29161.9s) NVIDIA GeForce RTX 3060
tick 3751000 alive   938261 genomes   48402 energy   187.0 births 9127547 deaths 9128242 (29169.9s) NVIDIA GeForce RTX 3060
tick 3752000 alive   936966 genomes   49497 energy   187.1 births 9132682 deaths 9133977 (29177.9s) NVIDIA GeForce RTX 3060
tick 3753000 alive   937724 genomes   50050 energy   187.4 births 9139750 deaths 9138992 (29185.8s) NVIDIA GeForce RTX 3060
tick 3754000 alive   935499 genomes   49760 energy   187.3 births 9120341 deaths 9122566 (29193.7s) NVIDIA GeForce RTX 3060
tick 3755000 alive   934806 genomes   49536 energy   187.2 births 9118055 deaths 9118748 (29201.7s) NVIDIA GeForce RTX 3060
tick 3756000 alive   936324 genomes   49664 energy   187.1 births 9113656 deaths 9112138 (29209.6s) NVIDIA GeForce RTX 3060
tick 3757000 alive   938659 genomes   49134 energy   187.0 births 9149969 deaths 9147634 (29217.6s) NVIDIA GeForce RTX 3060
tick 3758000 alive   939913 genomes   49139 energy   186.8 births 9182658 deaths 9181404 (29225.5s) NVIDIA GeForce RTX 3060
tick 3759000 alive   941390 genomes   48800 energy   187.4 births 9167035 deaths 9165558 (29233.5s) NVIDIA GeForce RTX 3060
tick 3760000 alive   940489 genomes   49464 energy   187.2 births 9170867 deaths 9171768 (29241.4s) NVIDIA GeForce RTX 3060
tick 3761000 alive   939522 genomes   49113 energy   187.5 births 9120849 deaths 9121816 (29249.4s) NVIDIA GeForce RTX 3060
tick 3762000 alive   939218 genomes   49135 energy   187.1 births 9160794 deaths 9161098 (29257.3s) NVIDIA GeForce RTX 3060
tick 3763000 alive   939612 genomes   49139 energy   187.3 births 9178176 deaths 9177782 (29265.3s) NVIDIA GeForce RTX 3060
tick 3764000 alive   939758 genomes   48980 energy   187.5 births 9149365 deaths 9149219 (29273.2s) NVIDIA GeForce RTX 3060
tick 3765000 alive   937906 genomes   48734 energy   187.9 births 9093377 deaths 9095229 (29281.2s) NVIDIA GeForce RTX 3060
tick 3766000 alive   938661 genomes   48869 energy   188.1 births 9040121 deaths 9039366 (29289.2s) NVIDIA GeForce RTX 3060
tick 3767000 alive   938302 genomes   48808 energy   188.5 births 8985038 deaths 8985397 (29297.1s) NVIDIA GeForce RTX 3060
tick 3768000 alive   939154 genomes   48756 energy   187.9 births 8971028 deaths 8970176 (29305.1s) NVIDIA GeForce RTX 3060
tick 3769000 alive   940200 genomes   48712 energy   188.2 births 8978492 deaths 8977446 (29313.1s) NVIDIA GeForce RTX 3060
tick 3770000 alive   940697 genomes   48171 energy   188.4 births 8971897 deaths 8971400 (29321.1s) NVIDIA GeForce RTX 3060
tick 3771000 alive   939549 genomes   49031 energy   187.9 births 8988736 deaths 8989884 (29329.0s) NVIDIA GeForce RTX 3060
tick 3772000 alive   939633 genomes   48823 energy   187.8 births 8973706 deaths 8973622 (29337.0s) NVIDIA GeForce RTX 3060
tick 3773000 alive   940083 genomes   49513 energy   188.0 births 9019677 deaths 9019227 (29344.9s) NVIDIA GeForce RTX 3060
tick 3774000 alive   941834 genomes   49784 energy   188.0 births 9016883 deaths 9015132 (29352.9s) NVIDIA GeForce RTX 3060
tick 3775000 alive   942072 genomes   49417 energy   188.0 births 9030318 deaths 9030080 (29360.8s) NVIDIA GeForce RTX 3060
tick 3776000 alive   942985 genomes   49452 energy   187.9 births 9024213 deaths 9023300 (29368.7s) NVIDIA GeForce RTX 3060
tick 3777000 alive   941677 genomes   49628 energy   188.0 births 9064184 deaths 9065492 (29376.6s) NVIDIA GeForce RTX 3060
tick 3778000 alive   942782 genomes   49798 energy   188.0 births 9076292 deaths 9075187 (29384.5s) NVIDIA GeForce RTX 3060
tick 3779000 alive   941974 genomes   49754 energy   188.2 births 9028982 deaths 9029790 (29392.5s) NVIDIA GeForce RTX 3060
tick 3780000 alive   938528 genomes   48951 energy   188.9 births 8940704 deaths 8944150 (29400.4s) NVIDIA GeForce RTX 3060
tick 3781000 alive   937983 genomes   48269 energy   188.9 births 8904629 deaths 8905174 (29408.2s) NVIDIA GeForce RTX 3060
tick 3782000 alive   939037 genomes   47755 energy   189.2 births 8870147 deaths 8869093 (29416.1s) NVIDIA GeForce RTX 3060
tick 3783000 alive   938791 genomes   47525 energy   188.8 births 8871174 deaths 8871420 (29424.0s) NVIDIA GeForce RTX 3060
tick 3784000 alive   938575 genomes   46793 energy   188.9 births 8890951 deaths 8891167 (29431.9s) NVIDIA GeForce RTX 3060
tick 3785000 alive   938442 genomes   47089 energy   188.4 births 8908993 deaths 8909126 (29439.8s) NVIDIA GeForce RTX 3060
tick 3786000 alive   937667 genomes   47742 energy   188.5 births 8917506 deaths 8918281 (29447.7s) NVIDIA GeForce RTX 3060
tick 3787000 alive   939415 genomes   47837 energy   188.2 births 8925596 deaths 8923848 (29455.6s) NVIDIA GeForce RTX 3060
tick 3788000 alive   939528 genomes   47752 energy   188.7 births 8938392 deaths 8938279 (29463.5s) NVIDIA GeForce RTX 3060
tick 3789000 alive   939060 genomes   48227 energy   188.0 births 8968886 deaths 8969354 (29471.4s) NVIDIA GeForce RTX 3060
tick 3790000 alive   937269 genomes   48432 energy   187.7 births 9025641 deaths 9027432 (29479.4s) NVIDIA GeForce RTX 3060
tick 3791000 alive   939209 genomes   47939 energy   187.4 births 9045048 deaths 9043108 (29487.3s) NVIDIA GeForce RTX 3060
tick 3792000 alive   938717 genomes   47289 energy   187.3 births 9110724 deaths 9111216 (29495.2s) NVIDIA GeForce RTX 3060
tick 3793000 alive   938137 genomes   47625 energy   187.3 births 9122834 deaths 9123414 (29503.1s) NVIDIA GeForce RTX 3060
tick 3794000 alive   939832 genomes   47456 energy   187.0 births 9135808 deaths 9134113 (29511.0s) NVIDIA GeForce RTX 3060
tick 3795000 alive   938698 genomes   47963 energy   186.8 births 9164120 deaths 9165254 (29519.0s) NVIDIA GeForce RTX 3060
tick 3796000 alive   939081 genomes   47682 energy   186.8 births 9190204 deaths 9189821 (29526.9s) NVIDIA GeForce RTX 3060
tick 3797000 alive   940341 genomes   48385 energy   186.8 births 9233330 deaths 9232070 (29534.8s) NVIDIA GeForce RTX 3060
tick 3798000 alive   940467 genomes   48767 energy   187.0 births 9250449 deaths 9250323 (29542.7s) NVIDIA GeForce RTX 3060
tick 3799000 alive   941553 genomes   48941 energy   187.2 births 9231675 deaths 9230589 (29550.7s) NVIDIA GeForce RTX 3060
tick 3800000 alive   940226 genomes   48904 energy   187.1 births 9219437 deaths 9220764 (29558.6s) NVIDIA GeForce RTX 3060
tick 3801000 alive   939752 genomes   49178 energy   186.5 births 9265313 deaths 9265787 (29566.6s) NVIDIA GeForce RTX 3060
tick 3802000 alive   938991 genomes   49048 energy   186.6 births 9318623 deaths 9319384 (29574.5s) NVIDIA GeForce RTX 3060
tick 3803000 alive   935716 genomes   49272 energy   186.6 births 9264518 deaths 9267793 (29582.5s) NVIDIA GeForce RTX 3060
tick 3804000 alive   935354 genomes   48619 energy   186.8 births 9271198 deaths 9271560 (29590.4s) NVIDIA GeForce RTX 3060
tick 3805000 alive   937342 genomes   48465 energy   187.2 births 9183908 deaths 9181920 (29598.4s) NVIDIA GeForce RTX 3060
tick 3806000 alive   937807 genomes   47813 energy   187.5 births 9130823 deaths 9130358 (29606.3s) NVIDIA GeForce RTX 3060
tick 3807000 alive   937585 genomes   47513 energy   187.3 births 9134066 deaths 9134288 (29614.3s) NVIDIA GeForce RTX 3060
tick 3808000 alive   936432 genomes   47064 energy   187.3 births 9123804 deaths 9124957 (29622.2s) NVIDIA GeForce RTX 3060
tick 3809000 alive   937505 genomes   46737 energy   187.4 births 9106600 deaths 9105527 (29630.2s) NVIDIA GeForce RTX 3060
tick 3810000 alive   937949 genomes   46408 energy   187.3 births 9080743 deaths 9080299 (29638.2s) NVIDIA GeForce RTX 3060
tick 3811000 alive   937577 genomes   46510 energy   187.2 births 9090953 deaths 9091325 (29646.1s) NVIDIA GeForce RTX 3060
tick 3812000 alive   937814 genomes   46230 energy   186.8 births 9133200 deaths 9132963 (29654.1s) NVIDIA GeForce RTX 3060
tick 3813000 alive   938728 genomes   45968 energy   186.7 births 9161052 deaths 9160138 (29662.0s) NVIDIA GeForce RTX 3060
tick 3814000 alive   939509 genomes   45912 energy   187.0 births 9179490 deaths 9178709 (29669.9s) NVIDIA GeForce RTX 3060
tick 3815000 alive   937919 genomes   45998 energy   186.5 births 9220612 deaths 9222202 (29677.9s) NVIDIA GeForce RTX 3060
tick 3816000 alive   937520 genomes   46165 energy   186.5 births 9241592 deaths 9241991 (29685.8s) NVIDIA GeForce RTX 3060
tick 3817000 alive   937577 genomes   46832 energy   186.3 births 9234230 deaths 9234173 (29693.7s) NVIDIA GeForce RTX 3060
tick 3818000 alive   938557 genomes   47103 energy   186.6 births 9240786 deaths 9239806 (29701.7s) NVIDIA GeForce RTX 3060
tick 3819000 alive   941443 genomes   47186 energy   186.2 births 9288285 deaths 9285399 (29709.6s) NVIDIA GeForce RTX 3060
tick 3820000 alive   940008 genomes   47708 energy   186.0 births 9346114 deaths 9347549 (29717.5s) NVIDIA GeForce RTX 3060
tick 3821000 alive   939067 genomes   47953 energy   185.5 births 9377078 deaths 9378019 (29725.5s) NVIDIA GeForce RTX 3060
tick 3822000 alive   937615 genomes   47857 energy   185.5 births 9391335 deaths 9392787 (29733.4s) NVIDIA GeForce RTX 3060
tick 3823000 alive   939649 genomes   47384 energy   185.5 births 9414285 deaths 9412251 (29741.3s) NVIDIA GeForce RTX 3060
tick 3824000 alive   939040 genomes   47377 energy   185.2 births 9444190 deaths 9444799 (29749.3s) NVIDIA GeForce RTX 3060
tick 3825000 alive   939474 genomes   47322 energy   185.1 births 9462545 deaths 9462111 (29757.2s) NVIDIA GeForce RTX 3060
tick 3826000 alive   940706 genomes   47733 energy   184.8 births 9524349 deaths 9523117 (29765.2s) NVIDIA GeForce RTX 3060
tick 3827000 alive   941597 genomes   48215 energy   185.2 births 9513392 deaths 9512501 (29773.2s) NVIDIA GeForce RTX 3060
tick 3828000 alive   938756 genomes   48820 energy   185.1 births 9533744 deaths 9536585 (29781.1s) NVIDIA GeForce RTX 3060
tick 3829000 alive   936263 genomes   48315 energy   185.6 births 9449886 deaths 9452379 (29789.1s) NVIDIA GeForce RTX 3060
tick 3830000 alive   934111 genomes   48559 energy   185.5 births 9387544 deaths 9389696 (29797.1s) NVIDIA GeForce RTX 3060
tick 3831000 alive   936125 genomes   47423 energy   186.3 births 9311604 deaths 9309590 (29805.1s) NVIDIA GeForce RTX 3060
tick 3832000 alive   935896 genomes   46816 energy   186.6 births 9240035 deaths 9240264 (29813.0s) NVIDIA GeForce RTX 3060
tick 3833000 alive   936650 genomes   46707 energy   187.0 births 9191584 deaths 9190830 (29821.0s) NVIDIA GeForce RTX 3060
tick 3834000 alive   936988 genomes   46653 energy   186.9 births 9162790 deaths 9162452 (29829.0s) NVIDIA GeForce RTX 3060
tick 3835000 alive   937690 genomes   46943 energy   186.6 births 9169364 deaths 9168662 (29837.0s) NVIDIA GeForce RTX 3060
tick 3836000 alive   935753 genomes   47050 energy   186.4 births 9186211 deaths 9188148 (29844.9s) NVIDIA GeForce RTX 3060
tick 3837000 alive   937797 genomes   48075 energy   186.2 births 9250878 deaths 9248834 (29852.9s) NVIDIA GeForce RTX 3060
tick 3838000 alive   936750 genomes   48214 energy   186.0 births 9265745 deaths 9266792 (29860.9s) NVIDIA GeForce RTX 3060
tick 3839000 alive   936076 genomes   47984 energy   186.0 births 9277308 deaths 9277982 (29868.9s) NVIDIA GeForce RTX 3060
tick 3840000 alive   937160 genomes   48402 energy   185.9 births 9316823 deaths 9315739 (29877.0s) NVIDIA GeForce RTX 3060
tick 3841000 alive   937468 genomes   48943 energy   185.5 births 9360843 deaths 9360535 (29885.0s) NVIDIA GeForce RTX 3060
tick 3842000 alive   937980 genomes   49357 energy   185.4 births 9362101 deaths 9361589 (29893.0s) NVIDIA GeForce RTX 3060
tick 3843000 alive   936652 genomes   50046 energy   185.5 births 9366355 deaths 9367683 (29901.0s) NVIDIA GeForce RTX 3060
tick 3844000 alive   935746 genomes   50468 energy   185.7 births 9354857 deaths 9355763 (29909.1s) NVIDIA GeForce RTX 3060
tick 3845000 alive   935496 genomes   50212 energy   185.7 births 9328707 deaths 9328957 (29917.1s) NVIDIA GeForce RTX 3060
tick 3846000 alive   933432 genomes   50808 energy   185.3 births 9366149 deaths 9368213 (29925.1s) NVIDIA GeForce RTX 3060
tick 3847000 alive   931652 genomes   50961 energy   185.2 births 9377287 deaths 9379067 (29933.1s) NVIDIA GeForce RTX 3060
tick 3848000 alive   931561 genomes   51175 energy   185.2 births 9381865 deaths 9381956 (29941.1s) NVIDIA GeForce RTX 3060
tick 3849000 alive   930979 genomes   51622 energy   185.4 births 9385221 deaths 9385803 (29949.1s) NVIDIA GeForce RTX 3060
tick 3850000 alive   929460 genomes   51344 energy   185.7 births 9336282 deaths 9337801 (29957.2s) NVIDIA GeForce RTX 3060
tick 3851000 alive   932464 genomes   51124 energy   185.6 births 9321370 deaths 9318366 (29965.2s) NVIDIA GeForce RTX 3060
tick 3852000 alive   930591 genomes   51072 energy   186.0 births 9315817 deaths 9317690 (29973.2s) NVIDIA GeForce RTX 3060
tick 3853000 alive   932305 genomes   51453 energy   186.0 births 9263419 deaths 9261705 (29981.2s) NVIDIA GeForce RTX 3060
tick 3854000 alive   933930 genomes   51615 energy   185.7 births 9315794 deaths 9314169 (29989.2s) NVIDIA GeForce RTX 3060
tick 3855000 alive   936099 genomes   51916 energy   185.8 births 9358513 deaths 9356344 (29997.3s) NVIDIA GeForce RTX 3060
tick 3856000 alive   935799 genomes   52725 energy   185.4 births 9380101 deaths 9380401 (30005.3s) NVIDIA GeForce RTX 3060
tick 3857000 alive   936539 genomes   53379 energy   185.3 births 9452092 deaths 9451352 (30013.3s) NVIDIA GeForce RTX 3060
tick 3858000 alive   935063 genomes   53468 energy   185.2 births 9448042 deaths 9449518 (30021.3s) NVIDIA GeForce RTX 3060
tick 3859000 alive   934349 genomes   54494 energy   184.5 births 9512491 deaths 9513205 (30029.3s) NVIDIA GeForce RTX 3060
tick 3860000 alive   934005 genomes   54364 energy   184.5 births 9543690 deaths 9544034 (30037.3s) NVIDIA GeForce RTX 3060
tick 3861000 alive   935685 genomes   55204 energy   184.8 births 9572248 deaths 9570568 (30045.3s) NVIDIA GeForce RTX 3060
tick 3862000 alive   932669 genomes   56193 energy   184.7 births 9574228 deaths 9577244 (30053.3s) NVIDIA GeForce RTX 3060
tick 3863000 alive   933773 genomes   56468 energy   184.9 births 9562923 deaths 9561819 (30061.2s) NVIDIA GeForce RTX 3060
tick 3864000 alive   933159 genomes   56037 energy   185.1 births 9536761 deaths 9537375 (30069.2s) NVIDIA GeForce RTX 3060
tick 3865000 alive   935566 genomes   55505 energy   185.6 births 9458418 deaths 9456011 (30077.2s) NVIDIA GeForce RTX 3060
tick 3866000 alive   936676 genomes   55456 energy   185.2 births 9470600 deaths 9469490 (30085.2s) NVIDIA GeForce RTX 3060
tick 3867000 alive   935201 genomes   55031 energy   185.4 births 9480358 deaths 9481833 (30093.2s) NVIDIA GeForce RTX 3060
tick 3868000 alive   934995 genomes   55223 energy   185.0 births 9481144 deaths 9481350 (30101.2s) NVIDIA GeForce RTX 3060
tick 3869000 alive   932691 genomes   55162 energy   185.1 births 9488416 deaths 9490720 (30109.2s) NVIDIA GeForce RTX 3060
tick 3870000 alive   932452 genomes   54423 energy   185.2 births 9460687 deaths 9460926 (30117.2s) NVIDIA GeForce RTX 3060
tick 3871000 alive   935602 genomes   54387 energy   185.4 births 9451067 deaths 9447917 (30125.2s) NVIDIA GeForce RTX 3060
tick 3872000 alive   934496 genomes   54107 energy   186.0 births 9415958 deaths 9417064 (30133.2s) NVIDIA GeForce RTX 3060
tick 3873000 alive   934694 genomes   54829 energy   186.0 births 9381251 deaths 9381053 (30141.2s) NVIDIA GeForce RTX 3060
tick 3874000 alive   934644 genomes   54973 energy   186.5 births 9348558 deaths 9348608 (30149.2s) NVIDIA GeForce RTX 3060
tick 3875000 alive   933328 genomes   55132 energy   186.4 births 9317335 deaths 9318651 (30157.3s) NVIDIA GeForce RTX 3060
tick 3876000 alive   933999 genomes   55340 energy   186.3 births 9303719 deaths 9303048 (30165.3s) NVIDIA GeForce RTX 3060
tick 3877000 alive   935473 genomes   54557 energy   186.4 births 9314321 deaths 9312847 (30173.3s) NVIDIA GeForce RTX 3060
tick 3878000 alive   936200 genomes   53572 energy   186.0 births 9345140 deaths 9344413 (30181.3s) NVIDIA GeForce RTX 3060
tick 3879000 alive   937452 genomes   53578 energy   185.8 births 9380960 deaths 9379708 (30189.3s) NVIDIA GeForce RTX 3060
tick 3880000 alive   938136 genomes   54106 energy   185.7 births 9386059 deaths 9385375 (30197.3s) NVIDIA GeForce RTX 3060
tick 3881000 alive   937098 genomes   54749 energy   185.3 births 9446756 deaths 9447794 (30205.3s) NVIDIA GeForce RTX 3060
tick 3882000 alive   935275 genomes   54533 energy   185.5 births 9449150 deaths 9450973 (30213.3s) NVIDIA GeForce RTX 3060
tick 3883000 alive   935228 genomes   55431 energy   185.3 births 9425815 deaths 9425862 (30221.4s) NVIDIA GeForce RTX 3060
tick 3884000 alive   933667 genomes   55496 energy   185.6 births 9404601 deaths 9406162 (30229.4s) NVIDIA GeForce RTX 3060
tick 3885000 alive   932772 genomes   54852 energy   185.4 births 9374688 deaths 9375583 (30237.4s) NVIDIA GeForce RTX 3060
tick 3886000 alive   931876 genomes   54972 energy   184.9 births 9443677 deaths 9444573 (30245.4s) NVIDIA GeForce RTX 3060
tick 3887000 alive   931625 genomes   54738 energy   184.7 births 9461030 deaths 9461281 (30253.4s) NVIDIA GeForce RTX 3060
tick 3888000 alive   933310 genomes   54255 energy   184.4 births 9505287 deaths 9503602 (30261.4s) NVIDIA GeForce RTX 3060
tick 3889000 alive   934520 genomes   54071 energy   184.6 births 9545208 deaths 9543998 (30269.5s) NVIDIA GeForce RTX 3060
tick 3890000 alive   935050 genomes   54138 energy   184.4 births 9563128 deaths 9562598 (30277.5s) NVIDIA GeForce RTX 3060
tick 3891000 alive   933270 genomes   53735 energy   184.3 births 9578231 deaths 9580011 (30285.5s) NVIDIA GeForce RTX 3060
tick 3892000 alive   932230 genomes   53896 energy   184.1 births 9581284 deaths 9582324 (30293.6s) NVIDIA GeForce RTX 3060
tick 3893000 alive   933528 genomes   54018 energy   184.1 births 9588214 deaths 9586916 (30301.6s) NVIDIA GeForce RTX 3060
tick 3894000 alive   934360 genomes   54017 energy   184.6 births 9593112 deaths 9592280 (30309.6s) NVIDIA GeForce RTX 3060
tick 3895000 alive   934698 genomes   54278 energy   184.5 births 9590018 deaths 9589680 (30317.6s) NVIDIA GeForce RTX 3060
tick 3896000 alive   934061 genomes   54271 energy   184.5 births 9567123 deaths 9567760 (30325.7s) NVIDIA GeForce RTX 3060
tick 3897000 alive   933026 genomes   54553 energy   184.2 births 9556642 deaths 9557677 (30333.7s) NVIDIA GeForce RTX 3060
tick 3898000 alive   935501 genomes   54580 energy   184.2 births 9613608 deaths 9611133 (30341.7s) NVIDIA GeForce RTX 3060
tick 3899000 alive   933512 genomes   54738 energy   184.3 births 9632408 deaths 9634397 (30349.7s) NVIDIA GeForce RTX 3060
tick 3900000 alive   933699 genomes   55193 energy   184.4 births 9632793 deaths 9632606 (30357.7s) NVIDIA GeForce RTX 3060
tick 3901000 alive   932896 genomes   56019 energy   184.1 births 9652070 deaths 9652873 (30365.7s) NVIDIA GeForce RTX 3060
tick 3902000 alive   931406 genomes   55348 energy   184.0 births 9683234 deaths 9684724 (30373.7s) NVIDIA GeForce RTX 3060
tick 3903000 alive   931104 genomes   56483 energy   183.7 births 9689536 deaths 9689838 (30381.7s) NVIDIA GeForce RTX 3060
tick 3904000 alive   932943 genomes   56033 energy   183.9 births 9683235 deaths 9681396 (30389.7s) NVIDIA GeForce RTX 3060
tick 3905000 alive   931906 genomes   55616 energy   184.0 births 9671318 deaths 9672355 (30397.7s) NVIDIA GeForce RTX 3060
tick 3906000 alive   931947 genomes   55545 energy   183.5 births 9710506 deaths 9710465 (30405.7s) NVIDIA GeForce RTX 3060
tick 3907000 alive   934794 genomes   55654 energy   183.5 births 9742337 deaths 9739490 (30413.7s) NVIDIA GeForce RTX 3060
tick 3908000 alive   937603 genomes   56440 energy   183.8 births 9760148 deaths 9757339 (30421.6s) NVIDIA GeForce RTX 3060
tick 3909000 alive   938179 genomes   55919 energy   184.1 births 9741068 deaths 9740492 (30429.6s) NVIDIA GeForce RTX 3060
tick 3910000 alive   939206 genomes   56023 energy   184.1 births 9745279 deaths 9744252 (30437.6s) NVIDIA GeForce RTX 3060
tick 3911000 alive   939613 genomes   56591 energy   183.9 births 9775617 deaths 9775210 (30445.6s) NVIDIA GeForce RTX 3060
tick 3912000 alive   938724 genomes   57058 energy   183.8 births 9782490 deaths 9783379 (30453.6s) NVIDIA GeForce RTX 3060
tick 3913000 alive   938837 genomes   57030 energy   184.0 births 9788323 deaths 9788210 (30461.6s) NVIDIA GeForce RTX 3060
tick 3914000 alive   938543 genomes   56517 energy   183.8 births 9783314 deaths 9783608 (30469.6s) NVIDIA GeForce RTX 3060
tick 3915000 alive   936414 genomes   56682 energy   183.5 births 9808405 deaths 9810534 (30477.6s) NVIDIA GeForce RTX 3060
tick 3916000 alive   936456 genomes   55577 energy   183.9 births 9811861 deaths 9811819 (30485.6s) NVIDIA GeForce RTX 3060
tick 3917000 alive   937085 genomes   55676 energy   183.6 births 9802150 deaths 9801521 (30493.6s) NVIDIA GeForce RTX 3060
tick 3918000 alive   936707 genomes   55723 energy   183.4 births 9869677 deaths 9870055 (30501.5s) NVIDIA GeForce RTX 3060
tick 3919000 alive   934308 genomes   54307 energy   183.8 births 9813587 deaths 9815986 (30509.5s) NVIDIA GeForce RTX 3060
tick 3920000 alive   933216 genomes   54326 energy   183.8 births 9747600 deaths 9748692 (30517.4s) NVIDIA GeForce RTX 3060
tick 3921000 alive   934590 genomes   53921 energy   183.8 births 9729252 deaths 9727878 (30525.4s) NVIDIA GeForce RTX 3060
tick 3922000 alive   936587 genomes   54266 energy   184.4 births 9744884 deaths 9742887 (30533.3s) NVIDIA GeForce RTX 3060
tick 3923000 alive   938630 genomes   54579 energy   184.7 births 9691222 deaths 9689179 (30541.2s) NVIDIA GeForce RTX 3060
tick 3924000 alive   937091 genomes   55009 energy   185.1 births 9705490 deaths 9707029 (30549.1s) NVIDIA GeForce RTX 3060
tick 3925000 alive   934350 genomes   55928 energy   185.2 births 9613166 deaths 9615907 (30557.1s) NVIDIA GeForce RTX 3060
tick 3926000 alive   937072 genomes   56013 energy   185.5 births 9548646 deaths 9545924 (30565.0s) NVIDIA GeForce RTX 3060
tick 3927000 alive   937111 genomes   56236 energy   185.8 births 9497072 deaths 9497033 (30572.9s) NVIDIA GeForce RTX 3060
tick 3928000 alive   936758 genomes   56397 energy   185.8 births 9497125 deaths 9497478 (30580.9s) NVIDIA GeForce RTX 3060
tick 3929000 alive   936092 genomes   56681 energy   186.1 births 9440793 deaths 9441459 (30588.8s) NVIDIA GeForce RTX 3060
tick 3930000 alive   936225 genomes   56755 energy   186.2 births 9389891 deaths 9389758 (30596.7s) NVIDIA GeForce RTX 3060
tick 3931000 alive   936085 genomes   56868 energy   186.4 births 9370848 deaths 9370988 (30604.6s) NVIDIA GeForce RTX 3060
tick 3932000 alive   936239 genomes   56236 energy   186.3 births 9342450 deaths 9342296 (30612.6s) NVIDIA GeForce RTX 3060
tick 3933000 alive   936115 genomes   55902 energy   186.1 births 9354180 deaths 9354304 (30620.5s) NVIDIA GeForce RTX 3060
tick 3934000 alive   936826 genomes   55387 energy   186.4 births 9330721 deaths 9330010 (30628.4s) NVIDIA GeForce RTX 3060
tick 3935000 alive   936726 genomes   55881 energy   185.8 births 9364450 deaths 9364550 (30636.3s) NVIDIA GeForce RTX 3060
tick 3936000 alive   936936 genomes   55446 energy   186.0 births 9387664 deaths 9387454 (30644.3s) NVIDIA GeForce RTX 3060
tick 3937000 alive   938449 genomes   55160 energy   185.8 births 9384115 deaths 9382602 (30652.2s) NVIDIA GeForce RTX 3060
tick 3938000 alive   937505 genomes   55430 energy   186.0 births 9397898 deaths 9398842 (30660.1s) NVIDIA GeForce RTX 3060
tick 3939000 alive   937734 genomes   55048 energy   186.5 births 9328785 deaths 9328556 (30668.1s) NVIDIA GeForce RTX 3060
tick 3940000 alive   936602 genomes   54354 energy   186.3 births 9293754 deaths 9294886 (30676.0s) NVIDIA GeForce RTX 3060
tick 3941000 alive   935100 genomes   54154 energy   186.7 births 9280675 deaths 9282177 (30684.0s) NVIDIA GeForce RTX 3060
tick 3942000 alive   935815 genomes   53781 energy   186.3 births 9279705 deaths 9278990 (30692.0s) NVIDIA GeForce RTX 3060
tick 3943000 alive   934189 genomes   53682 energy   186.3 births 9261103 deaths 9262729 (30699.9s) NVIDIA GeForce RTX 3060
tick 3944000 alive   934136 genomes   53982 energy   186.1 births 9259816 deaths 9259869 (30707.9s) NVIDIA GeForce RTX 3060
tick 3945000 alive   934738 genomes   54327 energy   186.2 births 9259485 deaths 9258883 (30715.9s) NVIDIA GeForce RTX 3060
tick 3946000 alive   935586 genomes   53565 energy   186.4 births 9269663 deaths 9268815 (30723.8s) NVIDIA GeForce RTX 3060
tick 3947000 alive   937629 genomes   54477 energy   186.2 births 9276523 deaths 9274480 (30731.8s) NVIDIA GeForce RTX 3060
tick 3948000 alive   934435 genomes   55430 energy   185.9 births 9312837 deaths 9316031 (30739.8s) NVIDIA GeForce RTX 3060
tick 3949000 alive   934288 genomes   56487 energy   185.5 births 9355186 deaths 9355333 (30747.7s) NVIDIA GeForce RTX 3060
tick 3950000 alive   935566 genomes   57018 energy   185.8 births 9395072 deaths 9393794 (30755.7s) NVIDIA GeForce RTX 3060
tick 3951000 alive   933783 genomes   57044 energy   185.5 births 9370786 deaths 9372569 (30763.6s) NVIDIA GeForce RTX 3060
tick 3952000 alive   932762 genomes   56681 energy   185.4 births 9390790 deaths 9391811 (30771.6s) NVIDIA GeForce RTX 3060
tick 3953000 alive   932524 genomes   56863 energy   185.4 births 9405459 deaths 9405697 (30779.6s) NVIDIA GeForce RTX 3060
tick 3954000 alive   930446 genomes   56596 energy   185.4 births 9394507 deaths 9396585 (30787.5s) NVIDIA GeForce RTX 3060
tick 3955000 alive   931256 genomes   55887 energy   186.0 births 9301265 deaths 9300455 (30795.5s) NVIDIA GeForce RTX 3060
tick 3956000 alive   932189 genomes   55836 energy   186.1 births 9272918 deaths 9271985 (30803.5s) NVIDIA GeForce RTX 3060
tick 3957000 alive   932567 genomes   55258 energy   185.5 births 9296553 deaths 9296175 (30811.5s) NVIDIA GeForce RTX 3060
tick 3958000 alive   932562 genomes   54988 energy   185.2 births 9355739 deaths 9355744 (30819.4s) NVIDIA GeForce RTX 3060
tick 3959000 alive   934977 genomes   55707 energy   185.0 births 9409328 deaths 9406913 (30827.4s) NVIDIA GeForce RTX 3060
tick 3960000 alive   934196 genomes   56343 energy   185.2 births 9466982 deaths 9467763 (30835.4s) NVIDIA GeForce RTX 3060
tick 3961000 alive   933257 genomes   55972 energy   184.7 births 9498462 deaths 9499401 (30843.4s) NVIDIA GeForce RTX 3060
tick 3962000 alive   934930 genomes   56328 energy   184.6 births 9556380 deaths 9554707 (30851.4s) NVIDIA GeForce RTX 3060
tick 3963000 alive   935891 genomes   55447 energy   184.9 births 9558395 deaths 9557434 (30859.4s) NVIDIA GeForce RTX 3060
tick 3964000 alive   933893 genomes   55855 energy   185.0 births 9514266 deaths 9516264 (30867.3s) NVIDIA GeForce RTX 3060
tick 3965000 alive   932295 genomes   56989 energy   185.6 births 9472254 deaths 9473852 (30875.3s) NVIDIA GeForce RTX 3060
tick 3966000 alive   931304 genomes   56759 energy   185.8 births 9359228 deaths 9360219 (30883.3s) NVIDIA GeForce RTX 3060
tick 3967000 alive   933951 genomes   57282 energy   186.2 births 9335772 deaths 9333125 (30891.2s) NVIDIA GeForce RTX 3060
tick 3968000 alive   931848 genomes   57891 energy   186.1 births 9296397 deaths 9298500 (30899.2s) NVIDIA GeForce RTX 3060
tick 3969000 alive   929488 genomes   58468 energy   185.7 births 9321761 deaths 9324121 (30907.2s) NVIDIA GeForce RTX 3060
tick 3970000 alive   928992 genomes   58607 energy   186.0 births 9315364 deaths 9315860 (30915.2s) NVIDIA GeForce RTX 3060
tick 3971000 alive   930836 genomes   58905 energy   185.6 births 9325325 deaths 9323481 (30923.2s) NVIDIA GeForce RTX 3060
tick 3972000 alive   932960 genomes   58673 energy   185.6 births 9333769 deaths 9331645 (30931.2s) NVIDIA GeForce RTX 3060
tick 3973000 alive   935193 genomes   58102 energy   185.6 births 9371464 deaths 9369231 (30939.3s) NVIDIA GeForce RTX 3060
tick 3974000 alive   934327 genomes   57329 energy   185.2 births 9385472 deaths 9386338 (30947.3s) NVIDIA GeForce RTX 3060
tick 3975000 alive   933216 genomes   56685 energy   185.5 births 9388139 deaths 9389250 (30955.3s) NVIDIA GeForce RTX 3060
tick 3976000 alive   932229 genomes   55787 energy   185.2 births 9370091 deaths 9371078 (30963.3s) NVIDIA GeForce RTX 3060
tick 3977000 alive   932074 genomes   55576 energy   185.0 births 9383826 deaths 9383981 (30971.3s) NVIDIA GeForce RTX 3060
tick 3978000 alive   931447 genomes   54402 energy   185.1 births 9382259 deaths 9382886 (30979.3s) NVIDIA GeForce RTX 3060
tick 3979000 alive   932468 genomes   53641 energy   184.8 births 9392184 deaths 9391163 (30987.3s) NVIDIA GeForce RTX 3060
tick 3980000 alive   933690 genomes   53510 energy   184.7 births 9431306 deaths 9430084 (30995.3s) NVIDIA GeForce RTX 3060
tick 3981000 alive   933827 genomes   53834 energy   184.4 births 9469530 deaths 9469393 (31003.2s) NVIDIA GeForce RTX 3060
tick 3982000 alive   933665 genomes   54024 energy   184.6 births 9495176 deaths 9495338 (31011.2s) NVIDIA GeForce RTX 3060
tick 3983000 alive   934544 genomes   54438 energy   184.4 births 9520647 deaths 9519768 (31019.2s) NVIDIA GeForce RTX 3060
tick 3984000 alive   934889 genomes   54755 energy   184.6 births 9510762 deaths 9510417 (31027.2s) NVIDIA GeForce RTX 3060
tick 3985000 alive   934331 genomes   55198 energy   184.9 births 9503131 deaths 9503689 (31035.1s) NVIDIA GeForce RTX 3060
tick 3986000 alive   933183 genomes   56230 energy   184.6 births 9490124 deaths 9491272 (31043.1s) NVIDIA GeForce RTX 3060
tick 3987000 alive   930115 genomes   56538 energy   185.1 births 9475247 deaths 9478315 (31051.0s) NVIDIA GeForce RTX 3060
tick 3988000 alive   930409 genomes   57361 energy   185.2 births 9413206 deaths 9412912 (31059.0s) NVIDIA GeForce RTX 3060
tick 3989000 alive   930988 genomes   57530 energy   185.4 births 9392234 deaths 9391655 (31066.9s) NVIDIA GeForce RTX 3060
tick 3990000 alive   928657 genomes   57247 energy   186.0 births 9347011 deaths 9349342 (31074.9s) NVIDIA GeForce RTX 3060
tick 3991000 alive   929432 genomes   57289 energy   185.8 births 9313718 deaths 9312943 (31082.9s) NVIDIA GeForce RTX 3060
tick 3992000 alive   929690 genomes   57501 energy   185.4 births 9340197 deaths 9339939 (31090.8s) NVIDIA GeForce RTX 3060
tick 3993000 alive   931686 genomes   57420 energy   185.4 births 9370420 deaths 9368424 (31098.8s) NVIDIA GeForce RTX 3060
tick 3994000 alive   929771 genomes   57410 energy   185.3 births 9432253 deaths 9434168 (31106.7s) NVIDIA GeForce RTX 3060
tick 3995000 alive   928636 genomes   57446 energy   185.3 births 9416637 deaths 9417772 (31114.7s) NVIDIA GeForce RTX 3060
tick 3996000 alive   930132 genomes   57136 energy   185.1 births 9429973 deaths 9428477 (31122.6s) NVIDIA GeForce RTX 3060
tick 3997000 alive   930148 genomes   57038 energy   185.0 births 9448832 deaths 9448816 (31130.6s) NVIDIA GeForce RTX 3060
tick 3998000 alive   931792 genomes   57507 energy   185.1 births 9486623 deaths 9484979 (31138.5s) NVIDIA GeForce RTX 3060
tick 3999000 alive   930475 genomes   57562 energy   185.3 births 9469304 deaths 9470621 (31146.4s) NVIDIA GeForce RTX 3060
tick 4000000 alive   930544 genomes   57180 energy   185.3 births 9458699 deaths 9458630 (31154.4s) NVIDIA GeForce RTX 3060
tick 4001000 alive   930660 genomes   56031 energy   185.5 births 9406443 deaths 9406327 (31162.3s) NVIDIA GeForce RTX 3060
tick 4002000 alive   933513 genomes   54286 energy   185.6 births 9386952 deaths 9384099 (31170.2s) NVIDIA GeForce RTX 3060
tick 4003000 alive   934602 genomes   53424 energy   185.9 births 9398783 deaths 9397694 (31178.1s) NVIDIA GeForce RTX 3060
tick 4004000 alive   935578 genomes   52275 energy   186.1 births 9343471 deaths 9342495 (31186.0s) NVIDIA GeForce RTX 3060
tick 4005000 alive   937768 genomes   51572 energy   185.8 births 9402513 deaths 9400323 (31193.9s) NVIDIA GeForce RTX 3060
tick 4006000 alive   935808 genomes   51750 energy   185.7 births 9408122 deaths 9410082 (31201.8s) NVIDIA GeForce RTX 3060
tick 4007000 alive   935176 genomes   51185 energy   185.8 births 9380209 deaths 9380841 (31209.7s) NVIDIA GeForce RTX 3060
tick 4008000 alive   936619 genomes   49835 energy   186.0 births 9386840 deaths 9385397 (31217.6s) NVIDIA GeForce RTX 3060
tick 4009000 alive   937749 genomes   49045 energy   186.0 births 9352011 deaths 9350881 (31225.5s) NVIDIA GeForce RTX 3060
tick 4010000 alive   936869 genomes   48154 energy   185.8 births 9350975 deaths 9351855 (31233.3s) NVIDIA GeForce RTX 3060
tick 4011000 alive   936171 genomes   47894 energy   185.8 births 9386390 deaths 9387088 (31241.2s) NVIDIA GeForce RTX 3060
tick 4012000 alive   932942 genomes   47727 energy   185.4 births 9390265 deaths 9393494 (31249.1s) NVIDIA GeForce RTX 3060
tick 4013000 alive   931608 genomes   47348 energy   185.1 births 9414536 deaths 9415870 (31257.0s) NVIDIA GeForce RTX 3060
tick 4014000 alive   932248 genomes   46568 energy   184.6 births 9445793 deaths 9445153 (31264.9s) NVIDIA GeForce RTX 3060
tick 4015000 alive   931653 genomes   45693 energy   184.6 births 9515128 deaths 9515723 (31272.8s) NVIDIA GeForce RTX 3060
tick 4016000 alive   932258 genomes   45321 energy   184.3 births 9508366 deaths 9507761 (31280.8s) NVIDIA GeForce RTX 3060
tick 4017000 alive   931386 genomes   45089 energy   184.5 births 9513306 deaths 9514178 (31288.7s) NVIDIA GeForce RTX 3060
tick 4018000 alive   928945 genomes   44901 energy   184.6 births 9507659 deaths 9510100 (31296.6s) NVIDIA GeForce RTX 3060
tick 4019000 alive   929168 genomes   44615 energy   184.8 births 9447533 deaths 9447310 (31304.5s) NVIDIA GeForce RTX 3060
tick 4020000 alive   928663 genomes   44635 energy   184.8 births 9416441 deaths 9416946 (31312.4s) NVIDIA GeForce RTX 3060
tick 4021000 alive   929673 genomes   43988 energy   184.8 births 9421826 deaths 9420816 (31320.3s) NVIDIA GeForce RTX 3060
tick 4022000 alive   929741 genomes   44208 energy   184.8 births 9405433 deaths 9405365 (31328.2s) NVIDIA GeForce RTX 3060
tick 4023000 alive   930703 genomes   43830 energy   184.8 births 9394317 deaths 9393355 (31336.1s) NVIDIA GeForce RTX 3060
tick 4024000 alive   931866 genomes   44051 energy   184.4 births 9434016 deaths 9432853 (31344.1s) NVIDIA GeForce RTX 3060
tick 4025000 alive   932281 genomes   44305 energy   184.4 births 9473768 deaths 9473353 (31352.0s) NVIDIA GeForce RTX 3060
tick 4026000 alive   936039 genomes   45004 energy   184.1 births 9576286 deaths 9572528 (31360.0s) NVIDIA GeForce RTX 3060
tick 4027000 alive   934767 genomes   45669 energy   184.2 births 9578667 deaths 9579939 (31368.0s) NVIDIA GeForce RTX 3060
tick 4028000 alive   932625 genomes   46676 energy   184.2 births 9573954 deaths 9576096 (31376.0s) NVIDIA GeForce RTX 3060
tick 4029000 alive   931623 genomes   47084 energy   184.2 births 9568670 deaths 9569672 (31383.9s) NVIDIA GeForce RTX 3060
tick 4030000 alive   930429 genomes   47052 energy   184.7 births 9525886 deaths 9527080 (31391.9s) NVIDIA GeForce RTX 3060
tick 4031000 alive   930503 genomes   46456 energy   185.1 births 9434074 deaths 9434000 (31399.9s) NVIDIA GeForce RTX 3060
tick 4032000 alive   930205 genomes   46821 energy   184.5 births 9439044 deaths 9439342 (31407.9s) NVIDIA GeForce RTX 3060
tick 4033000 alive   933177 genomes   47317 energy   184.3 births 9498383 deaths 9495411 (31415.9s) NVIDIA GeForce RTX 3060
tick 4034000 alive   934703 genomes   48197 energy   183.6 births 9610783 deaths 9609257 (31423.9s) NVIDIA GeForce RTX 3060
tick 4035000 alive   936233 genomes   49693 energy   183.2 births 9724354 deaths 9722824 (31431.9s) NVIDIA GeForce RTX 3060
tick 4036000 alive   937073 genomes   50472 energy   183.4 births 9760448 deaths 9759608 (31439.9s) NVIDIA GeForce RTX 3060
tick 4037000 alive   936866 genomes   50873 energy   183.5 births 9744685 deaths 9744892 (31447.9s) NVIDIA GeForce RTX 3060
tick 4038000 alive   936849 genomes   51403 energy   183.1 births 9777325 deaths 9777342 (31455.9s) NVIDIA GeForce RTX 3060
tick 4039000 alive   935568 genomes   52111 energy   183.1 births 9828295 deaths 9829576 (31464.0s) NVIDIA GeForce RTX 3060
tick 4040000 alive   935880 genomes   52225 energy   183.0 births 9805274 deaths 9804962 (31472.0s) NVIDIA GeForce RTX 3060
tick 4041000 alive   938016 genomes   52961 energy   182.9 births 9824141 deaths 9822005 (31480.0s) NVIDIA GeForce RTX 3060
tick 4042000 alive   936153 genomes   53833 energy   182.9 births 9837266 deaths 9839129 (31488.0s) NVIDIA GeForce RTX 3060
tick 4043000 alive   932118 genomes   54085 energy   182.8 births 9807334 deaths 9811369 (31496.0s) NVIDIA GeForce RTX 3060
tick 4044000 alive   935576 genomes   53467 energy   183.2 births 9779086 deaths 9775628 (31504.1s) NVIDIA GeForce RTX 3060
tick 4045000 alive   937544 genomes   53984 energy   183.8 births 9732665 deaths 9730697 (31512.1s) NVIDIA GeForce RTX 3060
tick 4046000 alive   937230 genomes   53966 energy   184.2 births 9687494 deaths 9687808 (31520.1s) NVIDIA GeForce RTX 3060
tick 4047000 alive   935027 genomes   54222 energy   184.1 births 9652003 deaths 9654206 (31528.1s) NVIDIA GeForce RTX 3060
tick 4048000 alive   935160 genomes   54801 energy   183.8 births 9710812 deaths 9710679 (31536.1s) NVIDIA GeForce RTX 3060
tick 4049000 alive   932397 genomes   54151 energy   183.8 births 9707018 deaths 9709781 (31544.1s) NVIDIA GeForce RTX 3060
tick 4050000 alive   931630 genomes   53662 energy   183.6 births 9626205 deaths 9626972 (31552.2s) NVIDIA GeForce RTX 3060
tick 4051000 alive   934153 genomes   53109 energy   184.0 births 9638358 deaths 9635835 (31560.2s) NVIDIA GeForce RTX 3060
tick 4052000 alive   932200 genomes   52862 energy   183.7 births 9644406 deaths 9646359 (31568.2s) NVIDIA GeForce RTX 3060
tick 4053000 alive   932892 genomes   52522 energy   183.4 births 9675855 deaths 9675163 (31576.2s) NVIDIA GeForce RTX 3060
tick 4054000 alive   930659 genomes   52997 energy   183.6 births 9713955 deaths 9716188 (31584.2s) NVIDIA GeForce RTX 3060
tick 4055000 alive   929025 genomes   52776 energy   183.3 births 9720111 deaths 9721745 (31592.2s) NVIDIA GeForce RTX 3060
tick 4056000 alive   930678 genomes   52144 energy   183.5 births 9717558 deaths 9715905 (31600.3s) NVIDIA GeForce RTX 3060
tick 4057000 alive   931234 genomes   51568 energy   183.5 births 9707170 deaths 9706614 (31608.3s) NVIDIA GeForce RTX 3060
tick 4058000 alive   930231 genomes   51645 energy   183.4 births 9691769 deaths 9692772 (31616.3s) NVIDIA GeForce RTX 3060
tick 4059000 alive   929649 genomes   51639 energy   183.6 births 9692549 deaths 9693131 (31624.3s) NVIDIA GeForce RTX 3060
tick 4060000 alive   931583 genomes   50878 energy   183.6 births 9674378 deaths 9672444 (31632.3s) NVIDIA GeForce RTX 3060
tick 4061000 alive   931330 genomes   51162 energy   183.5 births 9670018 deaths 9670271 (31640.3s) NVIDIA GeForce RTX 3060
tick 4062000 alive   933274 genomes   51435 energy   183.3 births 9689449 deaths 9687505 (31648.3s) NVIDIA GeForce RTX 3060
tick 4063000 alive   935226 genomes   51356 energy   182.9 births 9753617 deaths 9751665 (31656.3s) NVIDIA GeForce RTX 3060
tick 4064000 alive   935998 genomes   51150 energy   183.2 births 9786076 deaths 9785304 (31664.3s) NVIDIA GeForce RTX 3060
tick 4065000 alive   933954 genomes   50972 energy   183.2 births 9786928 deaths 9788972 (31672.3s) NVIDIA GeForce RTX 3060
tick 4066000 alive   930979 genomes   50800 energy   183.3 births 9734430 deaths 9737405 (31680.3s) NVIDIA GeForce RTX 3060
tick 4067000 alive   930623 genomes   50533 energy   183.7 births 9672709 deaths 9673065 (31688.3s) NVIDIA GeForce RTX 3060
tick 4068000 alive   932682 genomes   51413 energy   183.5 births 9673014 deaths 9670955 (31696.3s) NVIDIA GeForce RTX 3060
tick 4069000 alive   930854 genomes   52227 energy   183.3 births 9729217 deaths 9731045 (31704.3s) NVIDIA GeForce RTX 3060
tick 4070000 alive   930775 genomes   53184 energy   183.0 births 9732531 deaths 9732610 (31712.3s) NVIDIA GeForce RTX 3060
tick 4071000 alive   931332 genomes   53009 energy   182.9 births 9767370 deaths 9766813 (31720.3s) NVIDIA GeForce RTX 3060
tick 4072000 alive   932007 genomes   52395 energy   182.9 births 9753306 deaths 9752631 (31728.3s) NVIDIA GeForce RTX 3060
tick 4073000 alive   932978 genomes   52329 energy   182.9 births 9776630 deaths 9775659 (31736.3s) NVIDIA GeForce RTX 3060
tick 4074000 alive   935134 genomes   52497 energy   183.0 births 9786657 deaths 9784501 (31744.3s) NVIDIA GeForce RTX 3060
tick 4075000 alive   933085 genomes   52920 energy   182.7 births 9814158 deaths 9816207 (31752.3s) NVIDIA GeForce RTX 3060
tick 4076000 alive   935914 genomes   52716 energy   182.6 births 9853904 deaths 9851075 (31760.3s) NVIDIA GeForce RTX 3060
tick 4077000 alive   935016 genomes   52806 energy   182.5 births 9891107 deaths 9892005 (31768.2s) NVIDIA GeForce RTX 3060
tick 4078000 alive   934281 genomes   53164 energy   182.3 births 9913381 deaths 9914116 (31776.2s) NVIDIA GeForce RTX 3060
tick 4079000 alive   934874 genomes   52934 energy   182.2 births 9926280 deaths 9925687 (31784.2s) NVIDIA GeForce RTX 3060
tick 4080000 alive   936578 genomes   53087 energy   182.3 births 9962458 deaths 9960754 (31792.3s) NVIDIA GeForce RTX 3060
tick 4081000 alive   937890 genomes   53205 energy   182.0 births 9974835 deaths 9973523 (31800.3s) NVIDIA GeForce RTX 3060
tick 4082000 alive   937082 genomes   54680 energy   181.9 births 10033547 deaths 10034355 (31808.3s) NVIDIA GeForce RTX 3060
tick 4083000 alive   936506 genomes   54789 energy   181.6 births 10085909 deaths 10086485 (31816.3s) NVIDIA GeForce RTX 3060
tick 4084000 alive   935938 genomes   54645 energy   182.0 births 10063854 deaths 10064422 (31824.3s) NVIDIA GeForce RTX 3060
tick 4085000 alive   934941 genomes   54554 energy   182.0 births 10042728 deaths 10043725 (31832.3s) NVIDIA GeForce RTX 3060
tick 4086000 alive   935699 genomes   54783 energy   181.8 births 10029704 deaths 10028946 (31840.4s) NVIDIA GeForce RTX 3060
tick 4087000 alive   935695 genomes   54237 energy   182.4 births 9987748 deaths 9987752 (31848.4s) NVIDIA GeForce RTX 3060
tick 4088000 alive   936390 genomes   54760 energy   182.2 births 9962381 deaths 9961686 (31856.4s) NVIDIA GeForce RTX 3060
tick 4089000 alive   935786 genomes   55183 energy   182.4 births 9998939 deaths 9999543 (31864.4s) NVIDIA GeForce RTX 3060
tick 4090000 alive   935671 genomes   54534 energy   182.4 births 9986707 deaths 9986822 (31872.4s) NVIDIA GeForce RTX 3060
tick 4091000 alive   936758 genomes   54596 energy   182.9 births 9932907 deaths 9931820 (31880.4s) NVIDIA GeForce RTX 3060
tick 4092000 alive   935564 genomes   54836 energy   183.2 births 9882747 deaths 9883941 (31888.4s) NVIDIA GeForce RTX 3060
tick 4093000 alive   935702 genomes   54447 energy   183.4 births 9816330 deaths 9816192 (31896.4s) NVIDIA GeForce RTX 3060
tick 4094000 alive   934710 genomes   53479 energy   183.7 births 9786517 deaths 9787509 (31904.4s) NVIDIA GeForce RTX 3060
tick 4095000 alive   934655 genomes   53018 energy   184.1 births 9750297 deaths 9750352 (31912.3s) NVIDIA GeForce RTX 3060
tick 4096000 alive   935252 genomes   51680 energy   184.0 births 9726618 deaths 9726021 (31920.3s) NVIDIA GeForce RTX 3060
tick 4097000 alive   935868 genomes   50717 energy   184.1 births 9709626 deaths 9709010 (31928.3s) NVIDIA GeForce RTX 3060
tick 4098000 alive   936321 genomes   49886 energy   184.1 births 9684350 deaths 9683897 (31936.2s) NVIDIA GeForce RTX 3060
tick 4099000 alive   936656 genomes   48763 energy   184.3 births 9661167 deaths 9660832 (31944.2s) NVIDIA GeForce RTX 3060
tick 4100000 alive   937714 genomes   47847 energy   184.3 births 9656407 deaths 9655349 (31952.1s) NVIDIA GeForce RTX 3060
tick 4101000 alive   935874 genomes   47138 energy   184.5 births 9628591 deaths 9630431 (31960.1s) NVIDIA GeForce RTX 3060
tick 4102000 alive   937403 genomes   46840 energy   184.8 births 9602465 deaths 9600936 (31968.0s) NVIDIA GeForce RTX 3060
tick 4103000 alive   934855 genomes   46307 energy   184.8 births 9581485 deaths 9584033 (31976.0s) NVIDIA GeForce RTX 3060
tick 4104000 alive   936109 genomes   46278 energy   185.5 births 9495739 deaths 9494485 (31983.9s) NVIDIA GeForce RTX 3060
tick 4105000 alive   935601 genomes   46138 energy   185.6 births 9427630 deaths 9428138 (31991.9s) NVIDIA GeForce RTX 3060
tick 4106000 alive   935476 genomes   46732 energy   185.5 births 9415258 deaths 9415383 (31999.8s) NVIDIA GeForce RTX 3060
tick 4107000 alive   936309 genomes   47202 energy   185.9 births 9389035 deaths 9388202 (32007.8s) NVIDIA GeForce RTX 3060
tick 4108000 alive   933648 genomes   47961 energy   185.7 births 9325423 deaths 9328084 (32015.8s) NVIDIA GeForce RTX 3060
tick 4109000 alive   933704 genomes   48805 energy   185.8 births 9357887 deaths 9357831 (32023.8s) NVIDIA GeForce RTX 3060
tick 4110000 alive   934254 genomes   49191 energy   185.7 births 9355854 deaths 9355304 (32031.8s) NVIDIA GeForce RTX 3060
tick 4111000 alive   933944 genomes   49977 energy   185.7 births 9341495 deaths 9341805 (32039.8s) NVIDIA GeForce RTX 3060
tick 4112000 alive   933217 genomes   50089 energy   185.7 births 9348471 deaths 9349198 (32047.7s) NVIDIA GeForce RTX 3060
tick 4113000 alive   935536 genomes   50657 energy   185.5 births 9380271 deaths 9377952 (32055.7s) NVIDIA GeForce RTX 3060
tick 4114000 alive   936200 genomes   51509 energy   185.2 births 9428198 deaths 9427534 (32063.7s) NVIDIA GeForce RTX 3060
tick 4115000 alive   937285 genomes   52250 energy   185.0 births 9495451 deaths 9494366 (32071.7s) NVIDIA GeForce RTX 3060
tick 4116000 alive   939245 genomes   53338 energy   184.7 births 9548843 deaths 9546883 (32079.7s) NVIDIA GeForce RTX 3060
tick 4117000 alive   938703 genomes   54510 energy   184.5 births 9619912 deaths 9620454 (32087.7s) NVIDIA GeForce RTX 3060
tick 4118000 alive   936989 genomes   55929 energy   184.6 births 9630886 deaths 9632600 (32095.7s) NVIDIA GeForce RTX 3060
tick 4119000 alive   937227 genomes   56659 energy   184.5 births 9621191 deaths 9620953 (32103.7s) NVIDIA GeForce RTX 3060
tick 4120000 alive   935139 genomes   57557 energy   184.8 births 9626399 deaths 9628487 (32111.8s) NVIDIA GeForce RTX 3060
tick 4121000 alive   935716 genomes   57553 energy   184.7 births 9570345 deaths 9569768 (32119.8s) NVIDIA GeForce RTX 3060
tick 4122000 alive   936987 genomes   57621 energy   185.0 births 9556675 deaths 9555404 (32127.8s) NVIDIA GeForce RTX 3060
tick 4123000 alive   936553 genomes   58725 energy   184.8 births 9568165 deaths 9568599 (32135.8s) NVIDIA GeForce RTX 3060
tick 4124000 alive   934308 genomes   59077 energy   185.1 births 9565374 deaths 9567619 (32143.8s) NVIDIA GeForce RTX 3060
tick 4125000 alive   934067 genomes   58797 energy   185.5 births 9510944 deaths 9511185 (32151.8s) NVIDIA GeForce RTX 3060
tick 4126000 alive   933104 genomes   58634 energy   185.2 births 9492157 deaths 9493120 (32159.7s) NVIDIA GeForce RTX 3060
tick 4127000 alive   932207 genomes   57351 energy   185.3 births 9474723 deaths 9475620 (32167.7s) NVIDIA GeForce RTX 3060
tick 4128000 alive   932209 genomes   56461 energy   185.5 births 9447256 deaths 9447254 (32175.7s) NVIDIA GeForce RTX 3060
tick 4129000 alive   931371 genomes   55394 energy   185.4 births 9433681 deaths 9434519 (32183.7s) NVIDIA GeForce RTX 3060
tick 4130000 alive   932142 genomes   55111 energy   185.2 births 9468989 deaths 9468218 (32191.6s) NVIDIA GeForce RTX 3060
tick 4131000 alive   931464 genomes   55014 energy   185.0 births 9516163 deaths 9516841 (32199.6s) NVIDIA GeForce RTX 3060
tick 4132000 alive   931179 genomes   54256 energy   185.0 births 9506688 deaths 9506973 (32207.6s) NVIDIA GeForce RTX 3060
tick 4133000 alive   933164 genomes   53770 energy   185.3 births 9471027 deaths 9469042 (32215.6s) NVIDIA GeForce RTX 3060
tick 4134000 alive   932193 genomes   53791 energy   185.1 births 9468192 deaths 9469163 (32223.6s) NVIDIA GeForce RTX 3060
tick 4135000 alive   931384 genomes   52343 energy   185.3 births 9421791 deaths 9422600 (32231.6s) NVIDIA GeForce RTX 3060
tick 4136000 alive   932206 genomes   51863 energy   185.3 births 9382281 deaths 9381459 (32239.5s) NVIDIA GeForce RTX 3060
tick 4137000 alive   933448 genomes   51533 energy   185.4 births 9411683 deaths 9410441 (32247.5s) NVIDIA GeForce RTX 3060
tick 4138000 alive   933013 genomes   51935 energy   184.8 births 9441362 deaths 9441797 (32255.5s) NVIDIA GeForce RTX 3060
tick 4139000 alive   933123 genomes   52099 energy   185.3 births 9436090 deaths 9435980 (32263.5s) NVIDIA GeForce RTX 3060
tick 4140000 alive   931706 genomes   52277 energy   185.3 births 9406013 deaths 9407430 (32271.5s) NVIDIA GeForce RTX 3060
tick 4141000 alive   930479 genomes   52826 energy   185.6 births 9367259 deaths 9368486 (32279.5s) NVIDIA GeForce RTX 3060
tick 4142000 alive   932017 genomes   53711 energy   185.8 births 9349305 deaths 9347767 (32287.5s) NVIDIA GeForce RTX 3060
tick 4143000 alive   933723 genomes   54847 energy   185.6 births 9350525 deaths 9348819 (32295.5s) NVIDIA GeForce RTX 3060
tick 4144000 alive   931272 genomes   55966 energy   185.8 births 9379500 deaths 9381951 (32303.5s) NVIDIA GeForce RTX 3060
tick 4145000 alive   930743 genomes   57141 energy   185.4 births 9389738 deaths 9390267 (32311.6s) NVIDIA GeForce RTX 3060
tick 4146000 alive   928156 genomes   57616 energy   185.4 births 9403296 deaths 9405883 (32319.6s) NVIDIA GeForce RTX 3060
tick 4147000 alive   929333 genomes   57974 energy   185.3 births 9396924 deaths 9395747 (32327.6s) NVIDIA GeForce RTX 3060
tick 4148000 alive   928636 genomes   58085 energy   185.3 births 9396302 deaths 9396999 (32335.7s) NVIDIA GeForce RTX 3060
tick 4149000 alive   928126 genomes   58597 energy   185.0 births 9423688 deaths 9424198 (32343.7s) NVIDIA GeForce RTX 3060
tick 4150000 alive   927087 genomes   58369 energy   184.8 births 9442457 deaths 9443496 (32351.8s) NVIDIA GeForce RTX 3060
tick 4151000 alive   925218 genomes   57770 energy   184.4 births 9484197 deaths 9486066 (32359.8s) NVIDIA GeForce RTX 3060
tick 4152000 alive   928385 genomes   58527 energy   183.6 births 9558348 deaths 9555181 (32367.8s) NVIDIA GeForce RTX 3060
tick 4153000 alive   932449 genomes   58209 energy   183.2 births 9696279 deaths 9692215 (32375.9s) NVIDIA GeForce RTX 3060
tick 4154000 alive   932078 genomes   59363 energy   183.1 births 9783859 deaths 9784230 (32383.9s) NVIDIA GeForce RTX 3060
tick 4155000 alive   930603 genomes   59877 energy   183.4 births 9786453 deaths 9787928 (32392.0s) NVIDIA GeForce RTX 3060
tick 4156000 alive   930966 genomes   59742 energy   183.2 births 9710442 deaths 9710079 (32400.0s) NVIDIA GeForce RTX 3060
tick 4157000 alive   932881 genomes   59329 energy   183.6 births 9749643 deaths 9747728 (32408.1s) NVIDIA GeForce RTX 3060
tick 4158000 alive   933737 genomes   59821 energy   183.5 births 9786456 deaths 9785600 (32416.1s) NVIDIA GeForce RTX 3060
tick 4159000 alive   933580 genomes   60526 energy   183.3 births 9825100 deaths 9825257 (32424.2s) NVIDIA GeForce RTX 3060
tick 4160000 alive   932354 genomes   61377 energy   183.4 births 9818733 deaths 9819959 (32432.2s) NVIDIA GeForce RTX 3060
tick 4161000 alive   931887 genomes   62103 energy   183.5 births 9813528 deaths 9813995 (32440.2s) NVIDIA GeForce RTX 3060
tick 4162000 alive   930596 genomes   61902 energy   183.6 births 9804214 deaths 9805505 (32448.3s) NVIDIA GeForce RTX 3060
tick 4163000 alive   929643 genomes   61670 energy   183.9 births 9734684 deaths 9735637 (32456.3s) NVIDIA GeForce RTX 3060
tick 4164000 alive   928390 genomes   61609 energy   184.3 births 9686662 deaths 9687915 (32464.3s) NVIDIA GeForce RTX 3060
tick 4165000 alive   926502 genomes   60576 energy   184.4 births 9606972 deaths 9608860 (32472.4s) NVIDIA GeForce RTX 3060
tick 4166000 alive   926917 genomes   60002 energy   184.4 births 9603731 deaths 9603316 (32480.4s) NVIDIA GeForce RTX 3060
tick 4167000 alive   928144 genomes   59077 energy   184.4 births 9581231 deaths 9580004 (32488.4s) NVIDIA GeForce RTX 3060
tick 4168000 alive   932232 genomes   58527 energy   184.6 births 9650345 deaths 9646257 (32496.5s) NVIDIA GeForce RTX 3060
tick 4169000 alive   931628 genomes   57954 energy   184.3 births 9642660 deaths 9643264 (32504.5s) NVIDIA GeForce RTX 3060
tick 4170000 alive   932027 genomes   57206 energy   184.5 births 9630919 deaths 9630520 (32512.5s) NVIDIA GeForce RTX 3060
tick 4171000 alive   931199 genomes   57451 energy   184.5 births 9641263 deaths 9642091 (32520.5s) NVIDIA GeForce RTX 3060
tick 4172000 alive   932213 genomes   57781 energy   184.4 births 9642189 deaths 9641175 (32528.5s) NVIDIA GeForce RTX 3060
tick 4173000 alive   931097 genomes   57554 energy   184.1 births 9680346 deaths 9681462 (32536.6s) NVIDIA GeForce RTX 3060
tick 4174000 alive   929175 genomes   57527 energy   184.4 births 9664678 deaths 9666600 (32544.6s) NVIDIA GeForce RTX 3060
tick 4175000 alive   931487 genomes   57627 energy   184.6 births 9633775 deaths 9631463 (32552.6s) NVIDIA GeForce RTX 3060
tick 4176000 alive   929155 genomes   57930 energy   184.3 births 9668975 deaths 9671307 (32560.6s) NVIDIA GeForce RTX 3060
tick 4177000 alive   930486 genomes   57694 energy   184.2 births 9684412 deaths 9683081 (32568.6s) NVIDIA GeForce RTX 3060
tick 4178000 alive   932319 genomes   57968 energy   184.1 births 9708934 deaths 9707101 (32576.6s) NVIDIA GeForce RTX 3060
tick 4179000 alive   933525 genomes   58690 energy   184.7 births 9674186 deaths 9672980 (32584.7s) NVIDIA GeForce RTX 3060
tick 4180000 alive   934554 genomes   59034 energy   184.6 births 9631115 deaths 9630086 (32592.7s) NVIDIA GeForce RTX 3060
tick 4181000 alive   935733 genomes   59258 energy   185.0 births 9626049 deaths 9624870 (32600.7s) NVIDIA GeForce RTX 3060
tick 4182000 alive   935055 genomes   60470 energy   185.1 births 9606897 deaths 9607575 (32608.7s) NVIDIA GeForce RTX 3060
tick 4183000 alive   930830 genomes   60867 energy   184.9 births 9599472 deaths 9603697 (32616.7s) NVIDIA GeForce RTX 3060
tick 4184000 alive   927627 genomes   60700 energy   184.8 births 9585045 deaths 9588248 (32624.7s) NVIDIA GeForce RTX 3060
tick 4185000 alive   931310 genomes   59843 energy   184.6 births 9635367 deaths 9631684 (32632.7s) NVIDIA GeForce RTX 3060
tick 4186000 alive   930440 genomes   59717 energy   184.3 births 9689970 deaths 9690840 (32640.7s) NVIDIA GeForce RTX 3060
tick 4187000 alive   929773 genomes   58998 energy   184.1 births 9712486 deaths 9713153 (32648.8s) NVIDIA GeForce RTX 3060
tick 4188000 alive   931418 genomes   58995 energy   184.0 births 9737009 deaths 9735364 (32656.8s) NVIDIA GeForce RTX 3060
tick 4189000 alive   930364 genomes   58028 energy   184.2 births 9733318 deaths 9734372 (32664.8s) NVIDIA GeForce RTX 3060
tick 4190000 alive   931403 genomes   58191 energy   184.1 births 9722430 deaths 9721391 (32672.9s) NVIDIA GeForce RTX 3060
tick 4191000 alive   931291 genomes   58167 energy   184.2 births 9760692 deaths 9760804 (32680.9s) NVIDIA GeForce RTX 3060
tick 4192000 alive   932822 genomes   57957 energy   184.4 births 9748167 deaths 9746636 (32688.9s) NVIDIA GeForce RTX 3060
tick 4193000 alive   932492 genomes   58057 energy   184.4 births 9716880 deaths 9717210 (32696.9s) NVIDIA GeForce RTX 3060
tick 4194000 alive   933227 genomes   59008 energy   184.4 births 9750083 deaths 9749348 (32704.9s) NVIDIA GeForce RTX 3060
tick 4195000 alive   931133 genomes   59887 energy   184.5 births 9738935 deaths 9741029 (32712.9s) NVIDIA GeForce RTX 3060
tick 4196000 alive   931842 genomes   60310 energy   184.5 births 9696282 deaths 9695573 (32720.9s) NVIDIA GeForce RTX 3060
tick 4197000 alive   932706 genomes   60243 energy   185.0 births 9686523 deaths 9685659 (32728.9s) NVIDIA GeForce RTX 3060
tick 4198000 alive   932492 genomes   60465 energy   184.9 births 9646723 deaths 9646937 (32736.9s) NVIDIA GeForce RTX 3060
tick 4199000 alive   931347 genomes   61073 energy   184.9 births 9654140 deaths 9655285 (32744.9s) NVIDIA GeForce RTX 3060
tick 4200000 alive   931457 genomes   60930 energy   185.1 births 9599221 deaths 9599111 (32752.9s) NVIDIA GeForce RTX 3060
tick 4201000 alive   932820 genomes   60144 energy   185.7 births 9553994 deaths 9552631 (32760.9s) NVIDIA GeForce RTX 3060
tick 4202000 alive   934861 genomes   60410 energy   185.4 births 9558882 deaths 9556841 (32768.9s) NVIDIA GeForce RTX 3060
tick 4203000 alive   931494 genomes   60392 energy   185.3 births 9569011 deaths 9572378 (32776.8s) NVIDIA GeForce RTX 3060
tick 4204000 alive   929679 genomes   59292 energy   185.7 births 9502839 deaths 9504654 (32784.8s) NVIDIA GeForce RTX 3060
tick 4205000 alive   929500 genomes   59380 energy   185.7 births 9448323 deaths 9448502 (32792.8s) NVIDIA GeForce RTX 3060
tick 4206000 alive   929898 genomes   59477 energy   186.1 births 9414764 deaths 9414366 (32800.7s) NVIDIA GeForce RTX 3060
tick 4207000 alive   929331 genomes   59719 energy   185.9 births 9422435 deaths 9423002 (32808.7s) NVIDIA GeForce RTX 3060
tick 4208000 alive   929348 genomes   58694 energy   186.0 births 9427655 deaths 9427638 (32816.7s) NVIDIA GeForce RTX 3060
tick 4209000 alive   930462 genomes   58933 energy   185.5 births 9451591 deaths 9450477 (32824.7s) NVIDIA GeForce RTX 3060
tick 4210000 alive   929715 genomes   59033 energy   185.4 births 9480942 deaths 9481689 (32832.7s) NVIDIA GeForce RTX 3060
tick 4211000 alive   931302 genomes   59670 energy   185.1 births 9496580 deaths 9494993 (32840.7s) NVIDIA GeForce RTX 3060
tick 4212000 alive   931595 genomes   60356 energy   185.4 births 9541281 deaths 9540988 (32848.6s) NVIDIA GeForce RTX 3060
tick 4213000 alive   933279 genomes   60722 energy   185.6 births 9503270 deaths 9501586 (32856.6s) NVIDIA GeForce RTX 3060
tick 4214000 alive   934176 genomes   61066 energy   185.5 births 9492827 deaths 9491930 (32864.6s) NVIDIA GeForce RTX 3060
tick 4215000 alive   931168 genomes   61234 energy   185.8 births 9485484 deaths 9488492 (32872.6s) NVIDIA GeForce RTX 3060
tick 4216000 alive   932738 genomes   61519 energy   185.8 births 9471222 deaths 9469652 (32880.5s) NVIDIA GeForce RTX 3060
tick 4217000 alive   931904 genomes   62535 energy   185.9 births 9477897 deaths 9478731 (32888.5s) NVIDIA GeForce RTX 3060
tick 4218000 alive   930731 genomes   62672 energy   186.3 births 9432606 deaths 9433779 (32896.5s) NVIDIA GeForce RTX 3060
tick 4219000 alive   928823 genomes   63109 energy   186.2 births 9395204 deaths 9397112 (32904.4s) NVIDIA GeForce RTX 3060
tick 4220000 alive   927682 genomes   62544 energy   186.2 births 9365247 deaths 9366388 (32912.4s) NVIDIA GeForce RTX 3060
tick 4221000 alive   926804 genomes   62511 energy   186.0 births 9381874 deaths 9382752 (32920.4s) NVIDIA GeForce RTX 3060
tick 4222000 alive   925281 genomes   61875 energy   185.7 births 9383297 deaths 9384820 (32928.3s) NVIDIA GeForce RTX 3060
tick 4223000 alive   925490 genomes   61138 energy   185.5 births 9401303 deaths 9401094 (32936.3s) NVIDIA GeForce RTX 3060
tick 4224000 alive   924706 genomes   60668 energy   185.0 births 9455641 deaths 9456425 (32944.3s) NVIDIA GeForce RTX 3060
tick 4225000 alive   925486 genomes   60177 energy   185.0 births 9474112 deaths 9473332 (32952.3s) NVIDIA GeForce RTX 3060
tick 4226000 alive   923684 genomes   60673 energy   184.9 births 9497786 deaths 9499588 (32960.3s) NVIDIA GeForce RTX 3060
tick 4227000 alive   922906 genomes   60696 energy   184.6 births 9492370 deaths 9493148 (32968.3s) NVIDIA GeForce RTX 3060
tick 4228000 alive   924978 genomes   60777 energy   184.8 births 9510938 deaths 9508866 (32976.2s) NVIDIA GeForce RTX 3060
tick 4229000 alive   924806 genomes   60356 energy   184.8 births 9481142 deaths 9481314 (32984.2s) NVIDIA GeForce RTX 3060
tick 4230000 alive   927445 genomes   59380 energy   185.0 births 9490834 deaths 9488195 (32992.2s) NVIDIA GeForce RTX 3060
tick 4231000 alive   927700 genomes   59473 energy   185.1 births 9484239 deaths 9483984 (33000.2s) NVIDIA GeForce RTX 3060
tick 4232000 alive   925816 genomes   59844 energy   185.1 births 9470230 deaths 9472114 (33008.2s) NVIDIA GeForce RTX 3060
tick 4233000 alive   928338 genomes   59808 energy   184.7 births 9490688 deaths 9488166 (33016.2s) NVIDIA GeForce RTX 3060
tick 4234000 alive   931826 genomes   59523 energy   184.6 births 9542103 deaths 9538615 (33024.2s) NVIDIA GeForce RTX 3060
tick 4235000 alive   931051 genomes   59435 energy   185.1 births 9524426 deaths 9525201 (33032.2s) NVIDIA GeForce RTX 3060
tick 4236000 alive   930531 genomes   59692 energy   184.8 births 9513307 deaths 9513827 (33040.2s) NVIDIA GeForce RTX 3060
tick 4237000 alive   929380 genomes   59765 energy   184.6 births 9562878 deaths 9564029 (33048.2s) NVIDIA GeForce RTX 3060
tick 4238000 alive   928898 genomes   59893 energy   184.1 births 9614868 deaths 9615350 (33056.1s) NVIDIA GeForce RTX 3060
tick 4239000 alive   929562 genomes   59887 energy   184.3 births 9638203 deaths 9637539 (33064.1s) NVIDIA GeForce RTX 3060
tick 4240000 alive   930041 genomes   59574 energy   184.4 births 9645348 deaths 9644869 (33072.1s) NVIDIA GeForce RTX 3060
tick 4241000 alive   931048 genomes   59571 energy   184.6 births 9645405 deaths 9644398 (33080.0s) NVIDIA GeForce RTX 3060
tick 4242000 alive   932195 genomes   59983 energy   184.6 births 9653667 deaths 9652520 (33088.0s) NVIDIA GeForce RTX 3060
tick 4243000 alive   932161 genomes   60052 energy   184.8 births 9641868 deaths 9641902 (33095.9s) NVIDIA GeForce RTX 3060
tick 4244000 alive   931959 genomes   60203 energy   184.9 births 9609869 deaths 9610071 (33103.9s) NVIDIA GeForce RTX 3060
tick 4245000 alive   930026 genomes   59487 energy   185.2 births 9584883 deaths 9586816 (33111.8s) NVIDIA GeForce RTX 3060
tick 4246000 alive   928798 genomes   58835 energy   185.1 births 9522526 deaths 9523754 (33119.7s) NVIDIA GeForce RTX 3060
tick 4247000 alive   929259 genomes   57783 energy   185.1 births 9497009 deaths 9496548 (33127.6s) NVIDIA GeForce RTX 3060
tick 4248000 alive   931183 genomes   57730 energy   185.3 births 9515467 deaths 9513543 (33135.5s) NVIDIA GeForce RTX 3060
tick 4249000 alive   931123 genomes   58091 energy   185.5 births 9478067 deaths 9478127 (33143.5s) NVIDIA GeForce RTX 3060
tick 4250000 alive   931333 genomes   58042 energy   185.4 births 9461647 deaths 9461437 (33151.4s) NVIDIA GeForce RTX 3060
tick 4251000 alive   930822 genomes   57427 energy   186.1 births 9405494 deaths 9406005 (33159.2s) NVIDIA GeForce RTX 3060
tick 4252000 alive   931389 genomes   56948 energy   186.1 births 9347406 deaths 9346839 (33167.1s) NVIDIA GeForce RTX 3060
tick 4253000 alive   930193 genomes   56580 energy   186.1 births 9337625 deaths 9338821 (33175.0s) NVIDIA GeForce RTX 3060
tick 4254000 alive   931307 genomes   56874 energy   186.0 births 9349986 deaths 9348872 (33182.9s) NVIDIA GeForce RTX 3060
tick 4255000 alive   931981 genomes   56840 energy   185.7 births 9376422 deaths 9375748 (33190.8s) NVIDIA GeForce RTX 3060
tick 4256000 alive   933161 genomes   56733 energy   186.0 births 9359847 deaths 9358667 (33198.6s) NVIDIA GeForce RTX 3060
tick 4257000 alive   932418 genomes   57072 energy   186.1 births 9378237 deaths 9378980 (33206.5s) NVIDIA GeForce RTX 3060
tick 4258000 alive   935383 genomes   58292 energy   186.2 births 9410669 deaths 9407704 (33214.3s) NVIDIA GeForce RTX 3060
tick 4259000 alive   934784 genomes   59667 energy   186.2 births 9414437 deaths 9415036 (33222.2s) NVIDIA GeForce RTX 3060
tick 4260000 alive   931274 genomes   60547 energy   186.5 births 9413599 deaths 9417109 (33230.0s) NVIDIA GeForce RTX 3060
tick 4261000 alive   931279 genomes   60577 energy   186.3 births 9381056 deaths 9381051 (33237.9s) NVIDIA GeForce RTX 3060
tick 4262000 alive   930255 genomes   60384 energy   186.4 births 9375288 deaths 9376312 (33245.7s) NVIDIA GeForce RTX 3060
tick 4263000 alive   932635 genomes   60195 energy   186.0 births 9392048 deaths 9389668 (33253.6s) NVIDIA GeForce RTX 3060
tick 4264000 alive   934755 genomes   59110 energy   185.7 births 9462534 deaths 9460414 (33261.4s) NVIDIA GeForce RTX 3060
tick 4265000 alive   933093 genomes   58701 energy   185.6 births 9524744 deaths 9526406 (33269.3s) NVIDIA GeForce RTX 3060
tick 4266000 alive   932433 genomes   57835 energy   185.4 births 9534629 deaths 9535289 (33277.1s) NVIDIA GeForce RTX 3060
tick 4267000 alive   934502 genomes   56544 energy   185.5 births 9534480 deaths 9532411 (33284.9s) NVIDIA GeForce RTX 3060
tick 4268000 alive   934283 genomes   56146 energy   185.3 births 9549985 deaths 9550204 (33292.7s) NVIDIA GeForce RTX 3060
tick 4269000 alive   933845 genomes   55680 energy   185.3 births 9601044 deaths 9601482 (33300.5s) NVIDIA GeForce RTX 3060
tick 4270000 alive   935814 genomes   55237 energy   185.5 births 9552477 deaths 9550508 (33308.3s) NVIDIA GeForce RTX 3060
tick 4271000 alive   937811 genomes   54757 energy   185.8 births 9568379 deaths 9566382 (33316.0s) NVIDIA GeForce RTX 3060
tick 4272000 alive   938389 genomes   54918 energy   186.0 births 9567388 deaths 9566810 (33323.8s) NVIDIA GeForce RTX 3060
tick 4273000 alive   936649 genomes   54869 energy   186.7 births 9498164 deaths 9499904 (33331.5s) NVIDIA GeForce RTX 3060
tick 4274000 alive   934590 genomes   55121 energy   186.8 births 9389465 deaths 9391524 (33339.3s) NVIDIA GeForce RTX 3060
tick 4275000 alive   934118 genomes   54717 energy   186.9 births 9354870 deaths 9355342 (33347.1s) NVIDIA GeForce RTX 3060
tick 4276000 alive   933794 genomes   54835 energy   186.6 births 9343355 deaths 9343679 (33354.9s) NVIDIA GeForce RTX 3060
tick 4277000 alive   932934 genomes   55797 energy   186.9 births 9334301 deaths 9335161 (33362.6s) NVIDIA GeForce RTX 3060
tick 4278000 alive   931849 genomes   56110 energy   186.9 births 9308990 deaths 9310075 (33370.4s) NVIDIA GeForce RTX 3060
tick 4279000 alive   931033 genomes   56452 energy   186.5 births 9337025 deaths 9337841 (33378.2s) NVIDIA GeForce RTX 3060
tick 4280000 alive   928864 genomes   57072 energy   186.1 births 9333075 deaths 9335244 (33386.0s) NVIDIA GeForce RTX 3060
tick 4281000 alive   930352 genomes   57241 energy   186.2 births 9361458 deaths 9359970 (33393.8s) NVIDIA GeForce RTX 3060
tick 4282000 alive   932837 genomes   57537 energy   185.9 births 9397580 deaths 9395095 (33401.6s) NVIDIA GeForce RTX 3060
tick 4283000 alive   930344 genomes   58108 energy   186.1 births 9432066 deaths 9434559 (33409.4s) NVIDIA GeForce RTX 3060
tick 4284000 alive   929956 genomes   57886 energy   186.1 births 9425759 deaths 9426147 (33417.2s) NVIDIA GeForce RTX 3060
tick 4285000 alive   930335 genomes   57789 energy   185.8 births 9454707 deaths 9454328 (33425.0s) NVIDIA GeForce RTX 3060
tick 4286000 alive   928267 genomes   58539 energy   185.9 births 9448039 deaths 9450107 (33432.8s) NVIDIA GeForce RTX 3060
tick 4287000 alive   928930 genomes   58560 energy   185.7 births 9443059 deaths 9442396 (33440.7s) NVIDIA GeForce RTX 3060
tick 4288000 alive   930575 genomes   59202 energy   185.1 births 9494951 deaths 9493306 (33448.5s) NVIDIA GeForce RTX 3060
tick 4289000 alive   927270 genomes   59151 energy   185.4 births 9510045 deaths 9513350 (33456.3s) NVIDIA GeForce RTX 3060
tick 4290000 alive   929431 genomes   58747 energy   185.4 births 9482084 deaths 9479923 (33464.1s) NVIDIA GeForce RTX 3060
tick 4291000 alive   929771 genomes   59178 energy   185.4 births 9490494 deaths 9490154 (33472.0s) NVIDIA GeForce RTX 3060
tick 4292000 alive   930404 genomes   59044 energy   185.3 births 9499575 deaths 9498942 (33479.8s) NVIDIA GeForce RTX 3060
tick 4293000 alive   930186 genomes   58784 energy   185.5 births 9494379 deaths 9494597 (33487.6s) NVIDIA GeForce RTX 3060
tick 4294000 alive   933885 genomes   58471 energy   185.5 births 9503543 deaths 9499844 (33495.4s) NVIDIA GeForce RTX 3060
tick 4295000 alive   932618 genomes   58677 energy   185.5 births 9516379 deaths 9517646 (33503.2s) NVIDIA GeForce RTX 3060
tick 4296000 alive   933815 genomes   58332 energy   185.4 births 9561103 deaths 9559906 (33511.1s) NVIDIA GeForce RTX 3060
tick 4297000 alive   934055 genomes   58609 energy   185.5 births 9567842 deaths 9567602 (33518.9s) NVIDIA GeForce RTX 3060
tick 4298000 alive   932890 genomes   58466 energy   185.3 births 9554915 deaths 9556080 (33526.7s) NVIDIA GeForce RTX 3060
tick 4299000 alive   930876 genomes   58690 energy   185.1 births 9556224 deaths 9558238 (33534.6s) NVIDIA GeForce RTX 3060
tick 4300000 alive   931874 genomes   58631 energy   185.0 births 9553353 deaths 9552355 (33542.4s) NVIDIA GeForce RTX 3060
tick 4301000 alive   932986 genomes   58516 energy   185.0 births 9598331 deaths 9597219 (33550.2s) NVIDIA GeForce RTX 3060
tick 4302000 alive   932259 genomes   58876 energy   185.3 births 9598101 deaths 9598828 (33558.0s) NVIDIA GeForce RTX 3060
tick 4303000 alive   931312 genomes   58337 energy   185.4 births 9545922 deaths 9546869 (33565.8s) NVIDIA GeForce RTX 3060
tick 4304000 alive   932766 genomes   58199 energy   185.5 births 9547553 deaths 9546099 (33573.6s) NVIDIA GeForce RTX 3060
tick 4305000 alive   934798 genomes   57720 energy   185.1 births 9554132 deaths 9552100 (33581.4s) NVIDIA GeForce RTX 3060
tick 4306000 alive   933537 genomes   57202 energy   185.1 births 9600735 deaths 9601996 (33589.1s) NVIDIA GeForce RTX 3060
tick 4307000 alive   936005 genomes   56738 energy   184.6 births 9632543 deaths 9630075 (33596.9s) NVIDIA GeForce RTX 3060
tick 4308000 alive   935234 genomes   56742 energy   184.7 births 9649098 deaths 9649869 (33604.7s) NVIDIA GeForce RTX 3060
tick 4309000 alive   933661 genomes   56972 energy   184.4 births 9699361 deaths 9700934 (33612.5s) NVIDIA GeForce RTX 3060
tick 4310000 alive   933644 genomes   57778 energy   184.0 births 9746984 deaths 9747001 (33620.2s) NVIDIA GeForce RTX 3060
tick 4311000 alive   934155 genomes   57956 energy   184.7 births 9746763 deaths 9746252 (33628.0s) NVIDIA GeForce RTX 3060
tick 4312000 alive   934707 genomes   58849 energy   184.3 births 9714248 deaths 9713696 (33635.8s) NVIDIA GeForce RTX 3060
tick 4313000 alive   933734 genomes   59491 energy   183.9 births 9763398 deaths 9764371 (33643.6s) NVIDIA GeForce RTX 3060
tick 4314000 alive   932413 genomes   60232 energy   183.7 births 9845250 deaths 9846571 (33651.4s) NVIDIA GeForce RTX 3060
tick 4315000 alive   932754 genomes   60144 energy   183.8 births 9847341 deaths 9847000 (33659.2s) NVIDIA GeForce RTX 3060
tick 4316000 alive   934039 genomes   60683 energy   183.6 births 9899405 deaths 9898120 (33667.0s) NVIDIA GeForce RTX 3060
tick 4317000 alive   933611 genomes   61143 energy   183.0 births 9948560 deaths 9948988 (33674.8s) NVIDIA GeForce RTX 3060
tick 4318000 alive   930487 genomes   61287 energy   183.0 births 9980078 deaths 9983202 (33682.7s) NVIDIA GeForce RTX 3060
tick 4319000 alive   931151 genomes   61583 energy   183.0 births 9983870 deaths 9983206 (33690.5s) NVIDIA GeForce RTX 3060
tick 4320000 alive   930071 genomes   62005 energy   182.9 births 9996033 deaths 9997113 (33698.3s) NVIDIA GeForce RTX 3060
tick 4321000 alive   928050 genomes   61413 energy   182.8 births 9954937 deaths 9956958 (33706.1s) NVIDIA GeForce RTX 3060
tick 4322000 alive   928970 genomes   61211 energy   182.8 births 9993458 deaths 9992538 (33714.0s) NVIDIA GeForce RTX 3060
tick 4323000 alive   927609 genomes   60217 energy   182.8 births 9965223 deaths 9966584 (33721.8s) NVIDIA GeForce RTX 3060
tick 4324000 alive   928954 genomes   59299 energy   183.0 births 9958336 deaths 9956991 (33729.6s) NVIDIA GeForce RTX 3060
tick 4325000 alive   928541 genomes   58337 energy   182.8 births 9929360 deaths 9929773 (33737.5s) NVIDIA GeForce RTX 3060
tick 4326000 alive   928414 genomes   57412 energy   183.1 births 9905250 deaths 9905377 (33745.3s) NVIDIA GeForce RTX 3060
tick 4327000 alive   932984 genomes   57296 energy   183.4 births 9882830 deaths 9878260 (33753.1s) NVIDIA GeForce RTX 3060
tick 4328000 alive   932416 genomes   57377 energy   183.5 births 9850693 deaths 9851261 (33761.0s) NVIDIA GeForce RTX 3060
tick 4329000 alive   934817 genomes   58343 energy   183.9 births 9874454 deaths 9872053 (33768.8s) NVIDIA GeForce RTX 3060
tick 4330000 alive   932142 genomes   58829 energy   184.3 births 9800309 deaths 9802984 (33776.7s) NVIDIA GeForce RTX 3060
tick 4331000 alive   929704 genomes   59834 energy   184.6 births 9726674 deaths 9729112 (33784.5s) NVIDIA GeForce RTX 3060
tick 4332000 alive   928976 genomes   59181 energy   185.1 births 9623909 deaths 9624637 (33792.4s) NVIDIA GeForce RTX 3060
tick 4333000 alive   928638 genomes   59084 energy   184.9 births 9539408 deaths 9539746 (33800.3s) NVIDIA GeForce RTX 3060
tick 4334000 alive   930102 genomes   58447 energy   185.3 births 9486614 deaths 9485150 (33808.1s) NVIDIA GeForce RTX 3060
tick 4335000 alive   931837 genomes   58323 energy   185.3 births 9501027 deaths 9499292 (33816.0s) NVIDIA GeForce RTX 3060
tick 4336000 alive   932505 genomes   58521 energy   184.8 births 9526125 deaths 9525457 (33823.8s) NVIDIA GeForce RTX 3060
tick 4337000 alive   932784 genomes   58606 energy   185.0 births 9559015 deaths 9558736 (33831.7s) NVIDIA GeForce RTX 3060
tick 4338000 alive   930629 genomes   58778 energy   185.0 births 9556864 deaths 9559019 (33839.6s) NVIDIA GeForce RTX 3060
tick 4339000 alive   932499 genomes   58956 energy   184.8 births 9555223 deaths 9553353 (33847.4s) NVIDIA GeForce RTX 3060
tick 4340000 alive   931636 genomes   59131 energy   184.9 births 9572595 deaths 9573458 (33855.3s) NVIDIA GeForce RTX 3060
tick 4341000 alive   934450 genomes   59883 energy   184.8 births 9578951 deaths 9576137 (33863.2s) NVIDIA GeForce RTX 3060
tick 4342000 alive   933980 genomes   60540 energy   185.3 births 9584548 deaths 9585018 (33871.1s) NVIDIA GeForce RTX 3060
tick 4343000 alive   932409 genomes   61180 energy   185.2 births 9557576 deaths 9559147 (33878.9s) NVIDIA GeForce RTX 3060
tick 4344000 alive   931013 genomes   60917 energy   185.2 births 9545931 deaths 9547327 (33886.8s) NVIDIA GeForce RTX 3060
tick 4345000 alive   929088 genomes   60827 energy   185.2 births 9521596 deaths 9523521 (33894.6s) NVIDIA GeForce RTX 3060
tick 4346000 alive   930475 genomes   59389 energy   185.5 births 9508560 deaths 9507173 (33902.5s) NVIDIA GeForce RTX 3060
tick 4347000 alive   930847 genomes   58614 energy   185.3 births 9495505 deaths 9495133 (33910.3s) NVIDIA GeForce RTX 3060
tick 4348000 alive   931920 genomes   57915 energy   185.1 births 9494348 deaths 9493275 (33918.2s) NVIDIA GeForce RTX 3060
tick 4349000 alive   932259 genomes   57443 energy   185.0 births 9526185 deaths 9525846 (33926.0s) NVIDIA GeForce RTX 3060
tick 4350000 alive   935311 genomes   57377 energy   184.9 births 9566557 deaths 9563505 (33933.9s) NVIDIA GeForce RTX 3060
tick 4351000 alive   935321 genomes   57482 energy   185.2 births 9575516 deaths 9575506 (33941.8s) NVIDIA GeForce RTX 3060
tick 4352000 alive   936509 genomes   57516 energy   185.1 births 9584881 deaths 9583693 (33949.7s) NVIDIA GeForce RTX 3060
tick 4353000 alive   936397 genomes   57383 energy   185.6 births 9531576 deaths 9531688 (33957.5s) NVIDIA GeForce RTX 3060
tick 4354000 alive   934746 genomes   57599 energy   185.6 births 9511248 deaths 9512899 (33965.4s) NVIDIA GeForce RTX 3060
tick 4355000 alive   934682 genomes   57331 energy   185.2 births 9548306 deaths 9548370 (33973.3s) NVIDIA GeForce RTX 3060
tick 4356000 alive   935501 genomes   56310 energy   185.5 births 9538390 deaths 9537571 (33981.2s) NVIDIA GeForce RTX 3060
tick 4357000 alive   935649 genomes   55263 energy   185.5 births 9493450 deaths 9493302 (33989.1s) NVIDIA GeForce RTX 3060
tick 4358000 alive   933402 genomes   55134 energy   185.0 births 9503539 deaths 9505786 (33997.0s) NVIDIA GeForce RTX 3060
tick 4359000 alive   933765 genomes   54964 energy   184.6 births 9526793 deaths 9526430 (34004.9s) NVIDIA GeForce RTX 3060
tick 4360000 alive   934710 genomes   54239 energy   184.8 births 9568087 deaths 9567142 (34012.8s) NVIDIA GeForce RTX 3060
tick 4361000 alive   933856 genomes   55393 energy   184.1 births 9617682 deaths 9618536 (34020.7s) NVIDIA GeForce RTX 3060
tick 4362000 alive   935482 genomes   55037 energy   184.1 births 9668734 deaths 9667108 (34028.6s) NVIDIA GeForce RTX 3060
tick 4363000 alive   934217 genomes   55101 energy   183.5 births 9708831 deaths 9710096 (34036.5s) NVIDIA GeForce RTX 3060
tick 4364000 alive   935707 genomes   55315 energy   183.7 births 9753185 deaths 9751695 (34044.4s) NVIDIA GeForce RTX 3060
tick 4365000 alive   936623 genomes   55866 energy   183.3 births 9788225 deaths 9787309 (34052.4s) NVIDIA GeForce RTX 3060
tick 4366000 alive   939154 genomes   56451 energy   183.9 births 9813474 deaths 9810943 (34060.3s) NVIDIA GeForce RTX 3060
tick 4367000 alive   937456 genomes   57644 energy   184.6 births 9762184 deaths 9763882 (34068.2s) NVIDIA GeForce RTX 3060
tick 4368000 alive   939437 genomes   58857 energy   184.4 births 9744831 deaths 9742850 (34076.1s) NVIDIA GeForce RTX 3060
tick 4369000 alive   938651 genomes   59165 energy   184.3 births 9787248 deaths 9788034 (34084.0s) NVIDIA GeForce RTX 3060
tick 4370000 alive   938751 genomes   59595 energy   184.5 births 9791211 deaths 9791111 (34091.9s) NVIDIA GeForce RTX 3060
tick 4371000 alive   937775 genomes   59538 energy   184.6 births 9731795 deaths 9732771 (34099.8s) NVIDIA GeForce RTX 3060
tick 4372000 alive   934707 genomes   59465 energy   184.4 births 9737086 deaths 9740154 (34107.7s) NVIDIA GeForce RTX 3060
tick 4373000 alive   934335 genomes   58856 energy   184.5 births 9733991 deaths 9734363 (34115.6s) NVIDIA GeForce RTX 3060
tick 4374000 alive   933088 genomes   58363 energy   184.6 births 9668116 deaths 9669363 (34123.5s) NVIDIA GeForce RTX 3060
tick 4375000 alive   933815 genomes   57716 energy   184.4 births 9690972 deaths 9690245 (34131.4s) NVIDIA GeForce RTX 3060
tick 4376000 alive   936291 genomes   57082 energy   184.8 births 9672131 deaths 9669655 (34139.3s) NVIDIA GeForce RTX 3060
tick 4377000 alive   936828 genomes   57317 energy   184.6 births 9657514 deaths 9656977 (34147.2s) NVIDIA GeForce RTX 3060
tick 4378000 alive   937571 genomes   57776 energy   184.9 births 9652120 deaths 9651377 (34155.1s) NVIDIA GeForce RTX 3060
tick 4379000 alive   935913 genomes   57898 energy   185.2 births 9628488 deaths 9630146 (34163.0s) NVIDIA GeForce RTX 3060
tick 4380000 alive   935687 genomes   58916 energy   185.3 births 9582151 deaths 9582377 (34171.0s) NVIDIA GeForce RTX 3060
tick 4381000 alive   937740 genomes   59184 energy   185.4 births 9548190 deaths 9546137 (34178.9s) NVIDIA GeForce RTX 3060
tick 4382000 alive   937339 genomes   59340 energy   185.6 births 9567637 deaths 9568038 (34186.8s) NVIDIA GeForce RTX 3060
tick 4383000 alive   936493 genomes   60134 energy   185.7 births 9524939 deaths 9525785 (34194.7s) NVIDIA GeForce RTX 3060
tick 4384000 alive   934832 genomes   60177 energy   185.8 births 9498771 deaths 9500432 (34202.6s) NVIDIA GeForce RTX 3060
tick 4385000 alive   933561 genomes   59886 energy   185.8 births 9472917 deaths 9474188 (34210.5s) NVIDIA GeForce RTX 3060
tick 4386000 alive   931775 genomes   60068 energy   185.7 births 9447533 deaths 9449319 (34218.4s) NVIDIA GeForce RTX 3060
tick 4387000 alive   930478 genomes   59717 energy   185.7 births 9405848 deaths 9407145 (34226.3s) NVIDIA GeForce RTX 3060
tick 4388000 alive   934592 genomes   59475 energy   185.7 births 9406987 deaths 9402873 (34234.2s) NVIDIA GeForce RTX 3060
tick 4389000 alive   934245 genomes   59830 energy   185.6 births 9434123 deaths 9434470 (34242.2s) NVIDIA GeForce RTX 3060
tick 4390000 alive   934389 genomes   60622 energy   185.6 births 9457664 deaths 9457520 (34250.1s) NVIDIA GeForce RTX 3060
tick 4391000 alive   933910 genomes   61142 energy   185.5 births 9429452 deaths 9429931 (34258.0s) NVIDIA GeForce RTX 3060
tick 4392000 alive   934532 genomes   62180 energy   185.5 births 9451768 deaths 9451146 (34265.9s) NVIDIA GeForce RTX 3060
tick 4393000 alive   932288 genomes   62647 energy   185.4 births 9455107 deaths 9457351 (34273.9s) NVIDIA GeForce RTX 3060
tick 4394000 alive   935242 genomes   62181 energy   185.6 births 9468485 deaths 9465531 (34281.8s) NVIDIA GeForce RTX 3060
tick 4395000 alive   936382 genomes   62864 energy   185.4 births 9486283 deaths 9485143 (34289.7s) NVIDIA GeForce RTX 3060
tick 4396000 alive   935870 genomes   63370 energy   184.9 births 9548819 deaths 9549331 (34297.7s) NVIDIA GeForce RTX 3060
tick 4397000 alive   935599 genomes   63854 energy   185.1 births 9584046 deaths 9584317 (34305.6s) NVIDIA GeForce RTX 3060
tick 4398000 alive   935198 genomes   63826 energy   185.3 births 9586407 deaths 9586808 (34313.5s) NVIDIA GeForce RTX 3060
tick 4399000 alive   936992 genomes   63142 energy   185.3 births 9553659 deaths 9551865 (34321.4s) NVIDIA GeForce RTX 3060
tick 4400000 alive   937697 genomes   62235 energy   185.5 births 9548048 deaths 9547343 (34329.3s) NVIDIA GeForce RTX 3060
tick 4401000 alive   938190 genomes   61379 energy   185.7 births 9522384 deaths 9521891 (34337.2s) NVIDIA GeForce RTX 3060
tick 4402000 alive   937203 genomes   61295 energy   185.9 births 9489905 deaths 9490892 (34345.0s) NVIDIA GeForce RTX 3060
tick 4403000 alive   935572 genomes   60343 energy   185.9 births 9465512 deaths 9467143 (34352.9s) NVIDIA GeForce RTX 3060
tick 4404000 alive   935540 genomes   59764 energy   186.1 births 9462375 deaths 9462407 (34360.8s) NVIDIA GeForce RTX 3060
tick 4405000 alive   934864 genomes   58426 energy   186.0 births 9425647 deaths 9426323 (34368.6s) NVIDIA GeForce RTX 3060
tick 4406000 alive   935320 genomes   57996 energy   185.9 births 9423870 deaths 9423414 (34376.5s) NVIDIA GeForce RTX 3060
tick 4407000 alive   936189 genomes   57596 energy   186.0 births 9416442 deaths 9415573 (34384.3s) NVIDIA GeForce RTX 3060
tick 4408000 alive   937029 genomes   57056 energy   186.3 births 9429030 deaths 9428190 (34392.2s) NVIDIA GeForce RTX 3060
tick 4409000 alive   937690 genomes   55982 energy   186.2 births 9437761 deaths 9437100 (34400.1s) NVIDIA GeForce RTX 3060
tick 4410000 alive   936543 genomes   55362 energy   186.3 births 9425641 deaths 9426788 (34407.9s) NVIDIA GeForce RTX 3060
tick 4411000 alive   935614 genomes   54997 energy   186.3 births 9393275 deaths 9394204 (34415.8s) NVIDIA GeForce RTX 3060
tick 4412000 alive   935816 genomes   55033 energy   186.1 births 9422468 deaths 9422266 (34423.6s) NVIDIA GeForce RTX 3060
tick 4413000 alive   935056 genomes   54745 energy   186.4 births 9382847 deaths 9383607 (34431.5s) NVIDIA GeForce RTX 3060
tick 4414000 alive   935066 genomes   54463 energy   186.6 births 9344925 deaths 9344915 (34439.3s) NVIDIA GeForce RTX 3060
tick 4415000 alive   933022 genomes   55231 energy   186.3 births 9328590 deaths 9330634 (34447.2s) NVIDIA GeForce RTX 3060
tick 4416000 alive   933071 genomes   54749 energy   186.2 births 9330976 deaths 9330927 (34455.1s) NVIDIA GeForce RTX 3060
tick 4417000 alive   932744 genomes   54363 energy   186.3 births 9323706 deaths 9324033 (34463.0s) NVIDIA GeForce RTX 3060
tick 4418000 alive   934026 genomes   53857 energy   186.3 births 9307981 deaths 9306699 (34470.9s) NVIDIA GeForce RTX 3060
tick 4419000 alive   933810 genomes   52734 energy   186.8 births 9240902 deaths 9241118 (34478.7s) NVIDIA GeForce RTX 3060
tick 4420000 alive   933939 genomes   52173 energy   186.6 births 9226841 deaths 9226712 (34486.6s) NVIDIA GeForce RTX 3060
tick 4421000 alive   934804 genomes   51954 energy   186.5 births 9232194 deaths 9231329 (34494.5s) NVIDIA GeForce RTX 3060
tick 4422000 alive   934427 genomes   51277 energy   186.2 births 9252318 deaths 9252695 (34502.4s) NVIDIA GeForce RTX 3060
tick 4423000 alive   935602 genomes   51130 energy   186.2 births 9287124 deaths 9285949 (34510.2s) NVIDIA GeForce RTX 3060
tick 4424000 alive   936068 genomes   51047 energy   186.0 births 9308381 deaths 9307915 (34518.1s) NVIDIA GeForce RTX 3060
tick 4425000 alive   936142 genomes   50381 energy   186.6 births 9294556 deaths 9294482 (34526.0s) NVIDIA GeForce RTX 3060
tick 4426000 alive   936899 genomes   50719 energy   186.6 births 9246550 deaths 9245793 (34533.8s) NVIDIA GeForce RTX 3060
tick 4427000 alive   935286 genomes   50850 energy   186.5 births 9289351 deaths 9290964 (34541.7s) NVIDIA GeForce RTX 3060
tick 4428000 alive   935326 genomes   51441 energy   186.3 births 9334776 deaths 9334736 (34549.6s) NVIDIA GeForce RTX 3060
tick 4429000 alive   934972 genomes   52103 energy   185.5 births 9406746 deaths 9407100 (34557.5s) NVIDIA GeForce RTX 3060
tick 4430000 alive   934274 genomes   52261 energy   185.7 births 9420042 deaths 9420740 (34565.4s) NVIDIA GeForce RTX 3060
tick 4431000 alive   934931 genomes   52708 energy   185.6 births 9431870 deaths 9431213 (34573.2s) NVIDIA GeForce RTX 3060
tick 4432000 alive   936832 genomes   53182 energy   185.6 births 9455582 deaths 9453681 (34581.1s) NVIDIA GeForce RTX 3060
tick 4433000 alive   936544 genomes   53292 energy   186.0 births 9446067 deaths 9446355 (34589.0s) NVIDIA GeForce RTX 3060
tick 4434000 alive   937905 genomes   53482 energy   185.5 births 9461428 deaths 9460067 (34596.8s) NVIDIA GeForce RTX 3060
tick 4435000 alive   936336 genomes   53111 energy   185.9 births 9470816 deaths 9472385 (34604.7s) NVIDIA GeForce RTX 3060
tick 4436000 alive   936684 genomes   51934 energy   186.0 births 9402932 deaths 9402584 (34612.6s) NVIDIA GeForce RTX 3060
tick 4437000 alive   938214 genomes   51343 energy   186.3 births 9401543 deaths 9400013 (34620.4s) NVIDIA GeForce RTX 3060
tick 4438000 alive   937644 genomes   50920 energy   186.5 births 9384344 deaths 9384914 (34628.3s) NVIDIA GeForce RTX 3060
tick 4439000 alive   937830 genomes   50479 energy   186.6 births 9312290 deaths 9312104 (34636.2s) NVIDIA GeForce RTX 3060
tick 4440000 alive   940859 genomes   50401 energy   186.7 births 9297738 deaths 9294709 (34644.1s) NVIDIA GeForce RTX 3060
tick 4441000 alive   939049 genomes   50912 energy   186.5 births 9322275 deaths 9324085 (34652.0s) NVIDIA GeForce RTX 3060
tick 4442000 alive   937178 genomes   51815 energy   186.3 births 9344999 deaths 9346870 (34659.8s) NVIDIA GeForce RTX 3060
tick 4443000 alive   936433 genomes   51973 energy   186.4 births 9326827 deaths 9327572 (34667.7s) NVIDIA GeForce RTX 3060
tick 4444000 alive   936408 genomes   52189 energy   186.1 births 9327451 deaths 9327476 (34675.6s) NVIDIA GeForce RTX 3060
tick 4445000 alive   938264 genomes   52604 energy   186.0 births 9355557 deaths 9353701 (34683.5s) NVIDIA GeForce RTX 3060
tick 4446000 alive   939659 genomes   53356 energy   185.7 births 9428895 deaths 9427500 (34691.4s) NVIDIA GeForce RTX 3060
tick 4447000 alive   940885 genomes   54591 energy   185.4 births 9480506 deaths 9479280 (34699.3s) NVIDIA GeForce RTX 3060
tick 4448000 alive   941220 genomes   54974 energy   185.6 births 9493663 deaths 9493328 (34707.2s) NVIDIA GeForce RTX 3060
tick 4449000 alive   940955 genomes   55675 energy   185.1 births 9566928 deaths 9567193 (34715.1s) NVIDIA GeForce RTX 3060
tick 4450000 alive   941714 genomes   55911 energy   185.0 births 9585803 deaths 9585044 (34723.0s) NVIDIA GeForce RTX 3060
tick 4451000 alive   943120 genomes   56791 energy   184.8 births 9635859 deaths 9634453 (34730.9s) NVIDIA GeForce RTX 3060
tick 4452000 alive   944908 genomes   56760 energy   185.2 births 9646432 deaths 9644644 (34738.8s) NVIDIA GeForce RTX 3060
tick 4453000 alive   944122 genomes   56723 energy   185.2 births 9640229 deaths 9641015 (34746.7s) NVIDIA GeForce RTX 3060
tick 4454000 alive   942728 genomes   56753 energy   185.3 births 9645065 deaths 9646459 (34754.6s) NVIDIA GeForce RTX 3060
tick 4455000 alive   941374 genomes   56119 energy   185.3 births 9649772 deaths 9651126 (34762.5s) NVIDIA GeForce RTX 3060
tick 4456000 alive   939755 genomes   56379 energy   185.7 births 9580408 deaths 9582027 (34770.4s) NVIDIA GeForce RTX 3060
tick 4457000 alive   939484 genomes   56425 energy   185.8 births 9545231 deaths 9545502 (34778.3s) NVIDIA GeForce RTX 3060
tick 4458000 alive   936916 genomes   55913 energy   186.1 births 9455874 deaths 9458442 (34786.2s) NVIDIA GeForce RTX 3060
tick 4459000 alive   938878 genomes   55509 energy   186.0 births 9425142 deaths 9423180 (34794.1s) NVIDIA GeForce RTX 3060
tick 4460000 alive   937563 genomes   54653 energy   186.3 births 9383326 deaths 9384641 (34802.0s) NVIDIA GeForce RTX 3060
tick 4461000 alive   938448 genomes   54717 energy   186.6 births 9360207 deaths 9359322 (34809.9s) NVIDIA GeForce RTX 3060
tick 4462000 alive   937251 genomes   55193 energy   186.2 births 9360225 deaths 9361422 (34817.8s) NVIDIA GeForce RTX 3060
tick 4463000 alive   934359 genomes   55775 energy   186.2 births 9370829 deaths 9373721 (34825.7s) NVIDIA GeForce RTX 3060
tick 4464000 alive   934054 genomes   56073 energy   186.4 births 9372669 deaths 9372974 (34833.5s) NVIDIA GeForce RTX 3060
tick 4465000 alive   932249 genomes   56866 energy   186.6 births 9332771 deaths 9334576 (34841.4s) NVIDIA GeForce RTX 3060
tick 4466000 alive   933478 genomes   57199 energy   186.8 births 9316610 deaths 9315381 (34849.3s) NVIDIA GeForce RTX 3060
tick 4467000 alive   932638 genomes   56661 energy   186.6 births 9318481 deaths 9319321 (34857.2s) NVIDIA GeForce RTX 3060
tick 4468000 alive   933718 genomes   56862 energy   186.5 births 9312767 deaths 9311687 (34865.1s) NVIDIA GeForce RTX 3060
tick 4469000 alive   932376 genomes   57036 energy   186.9 births 9298393 deaths 9299735 (34872.9s) NVIDIA GeForce RTX 3060
tick 4470000 alive   933230 genomes   56545 energy   186.5 births 9302660 deaths 9301806 (34880.8s) NVIDIA GeForce RTX 3060
tick 4471000 alive   932678 genomes   55673 energy   186.4 births 9300852 deaths 9301404 (34888.7s) NVIDIA GeForce RTX 3060
tick 4472000 alive   933520 genomes   55290 energy   186.2 births 9290084 deaths 9289242 (34896.6s) NVIDIA GeForce RTX 3060
tick 4473000 alive   934413 genomes   55227 energy   186.0 births 9344403 deaths 9343510 (34904.5s) NVIDIA GeForce RTX 3060
tick 4474000 alive   936038 genomes   55173 energy   186.1 births 9366594 deaths 9364969 (34912.3s) NVIDIA GeForce RTX 3060
tick 4475000 alive   936438 genomes   55309 energy   186.0 births 9373730 deaths 9373330 (34920.2s) NVIDIA GeForce RTX 3060
tick 4476000 alive   936425 genomes   54789 energy   186.1 births 9383589 deaths 9383602 (34928.1s) NVIDIA GeForce RTX 3060
tick 4477000 alive   936608 genomes   54887 energy   185.9 births 9391363 deaths 9391180 (34936.0s) NVIDIA GeForce RTX 3060
tick 4478000 alive   937726 genomes   54907 energy   186.1 births 9418768 deaths 9417650 (34943.9s) NVIDIA GeForce RTX 3060
tick 4479000 alive   938113 genomes   54584 energy   186.2 births 9403369 deaths 9402982 (34951.7s) NVIDIA GeForce RTX 3060
tick 4480000 alive   938966 genomes   54562 energy   186.3 births 9411264 deaths 9410411 (34959.6s) NVIDIA GeForce RTX 3060
tick 4481000 alive   939318 genomes   54355 energy   186.4 births 9390313 deaths 9389961 (34967.5s) NVIDIA GeForce RTX 3060
tick 4482000 alive   938864 genomes   54456 energy   186.5 births 9345754 deaths 9346208 (34975.4s) NVIDIA GeForce RTX 3060
tick 4483000 alive   938347 genomes   54726 energy   186.5 births 9316252 deaths 9316769 (34983.3s) NVIDIA GeForce RTX 3060
tick 4484000 alive   937664 genomes   55907 energy   186.5 births 9347955 deaths 9348638 (34991.2s) NVIDIA GeForce RTX 3060
tick 4485000 alive   937397 genomes   57019 energy   186.6 births 9311899 deaths 9312166 (34999.1s) NVIDIA GeForce RTX 3060
tick 4486000 alive   936312 genomes   57191 energy   187.1 births 9261333 deaths 9262418 (35007.0s) NVIDIA GeForce RTX 3060
tick 4487000 alive   936659 genomes   57619 energy   187.0 births 9260486 deaths 9260139 (35014.9s) NVIDIA GeForce RTX 3060
tick 4488000 alive   936299 genomes   58035 energy   187.3 births 9207987 deaths 9208347 (35022.8s) NVIDIA GeForce RTX 3060
tick 4489000 alive   935778 genomes   57860 energy   187.5 births 9187032 deaths 9187553 (35030.7s) NVIDIA GeForce RTX 3060
tick 4490000 alive   935432 genomes   57887 energy   187.5 births 9156010 deaths 9156356 (35038.6s) NVIDIA GeForce RTX 3060
tick 4491000 alive   934875 genomes   57494 energy   187.8 births 9120659 deaths 9121216 (35046.5s) NVIDIA GeForce RTX 3060
tick 4492000 alive   934269 genomes   56947 energy   187.5 births 9058453 deaths 9059059 (35054.4s) NVIDIA GeForce RTX 3060
tick 4493000 alive   932521 genomes   56198 energy   187.3 births 9073839 deaths 9075587 (35062.3s) NVIDIA GeForce RTX 3060
tick 4494000 alive   932718 genomes   56125 energy   187.4 births 9078067 deaths 9077870 (35070.2s) NVIDIA GeForce RTX 3060
tick 4495000 alive   931514 genomes   55676 energy   187.1 births 9117776 deaths 9118980 (35078.1s) NVIDIA GeForce RTX 3060
tick 4496000 alive   933391 genomes   55889 energy   186.6 births 9160604 deaths 9158727 (35086.1s) NVIDIA GeForce RTX 3060
tick 4497000 alive   932738 genomes   55437 energy   186.4 births 9178864 deaths 9179517 (35094.0s) NVIDIA GeForce RTX 3060
tick 4498000 alive   929623 genomes   55938 energy   186.2 births 9197404 deaths 9200519 (35101.9s) NVIDIA GeForce RTX 3060
tick 4499000 alive   933280 genomes   55725 energy   186.0 births 9228975 deaths 9225318 (35109.8s) NVIDIA GeForce RTX 3060
tick 4500000 alive   934213 genomes   56828 energy   185.8 births 9290319 deaths 9289386 (35117.7s) NVIDIA GeForce RTX 3060
done 4500000 ticks in 35117.8s
