tick,alive,distinct_genomes,mean_energy,births,deaths
0,52687,52687,64.00,0,0
1000,1039334,298263,171.44,20790791,19804144
2000,1042069,228881,192.79,22759901,22757166
3000,1038806,192498,197.10,19895142,19898405
4000,1031320,187204,197.37,19172309,19179795
5000,1019965,194292,197.55,19063266,19074621
6000,1006058,203209,198.34,18639568,18653475
7000,993661,213587,199.99,18049057,18061454
8000,984494,222511,200.99,17420128,17429295
9000,976478,229416,202.55,16865189,16873205
10000,963726,236709,203.86,16260115,16272867
11000,950346,244212,205.39,15627785,15641165
12000,936268,252827,206.11,14896591,14910669
13000,921453,259910,207.20,14325025,14339840
14000,906863,264853,208.23,13684042,13698632
15000,889840,267455,209.09,13106457,13123480
16000,878793,271150,209.95,12539854,12550901
17000,867881,274143,210.87,12133361,12144273
18000,854897,275379,211.24,11754092,11767076
19000,852205,277567,211.02,11589686,11592378
20000,851064,277495,211.93,11460287,11461428
21000,845466,278870,212.14,11311599,11317197
22000,839774,279569,212.37,11080715,11086407
23000,843218,279917,212.29,11029146,11025702
24000,842107,279438,213.06,11002645,11003756
25000,835049,278734,213.17,10781382,10788440
26000,835902,279981,212.67,10775962,10775109
27000,839201,280874,212.72,10840396,10837097
28000,842453,280650,213.54,10907665,10904413
29000,837625,281428,213.46,10710757,10715585
30000,832895,281243,213.16,10680916,10685646
31000,840046,281398,212.93,10778914,10771763
32000,836074,281072,213.40,10769506,10773478
33000,835004,280901,212.83,10751051,10752121
34000,837321,282094,213.21,10815424,10813107
35000,832408,280794,213.17,10708057,10712970
36000,832362,281058,212.98,10713415,10713461
37000,832444,280667,213.17,10659391,10659309
38000,829438,281363,213.17,10644510,10647516
39000,829267,281066,212.63,10701223,10701394
40000,833105,279299,213.04,10757628,10753790
41000,832725,279779,213.49,10686478,10686858
42000,829896,281037,213.48,10595708,10598537
43000,824360,279519,212.85,10611777,10617313
44000,831297,279045,212.69,10731693,10724756
45000,834698,279272,212.95,10797950,10794549
46000,833498,278932,213.06,10706001,10707201
47000,828771,279632,213.08,10694221,10698948
48000,825694,277995,212.72,10568910,10571987
49000,829463,280736,212.98,10679626,10675857
50000,833939,280447,212.49,10738821,10734345
51000,829348,279228,213.33,10722592,10727183
52000,830530,279491,212.76,10704702,10703520
53000,833645,279212,212.76,10795084,10791969
54000,830798,280872,212.98,10801522,10804369
55000,826365,280924,212.87,10619480,10623913
56000,831807,280017,212.51,10757239,10751797
57000,831396,280677,212.38,10772809,10773220
58000,830418,280228,212.59,10841762,10842740
59000,831213,278924,212.94,10830017,10829222
60000,828993,278919,212.70,10733125,10735345
61000,828772,279103,212.44,10659064,10659285
62000,829996,281412,212.53,10715335,10714111
63000,830844,281497,213.00,10711914,10711066
64000,825000,281061,212.93,10657797,10663641
65000,829243,280567,212.59,10687398,10683155
66000,827657,282441,212.27,10759485,10761071
67000,825931,281211,211.99,10709895,10711621
68000,829532,280697,213.13,10825727,10822126
69000,828981,280247,212.26,10692329,10692880
70000,832182,279334,212.75,10772400,10769199
71000,831424,280140,213.64,10673457,10674215
72000,825705,279883,213.36,10587844,10593563
73000,824687,279650,212.83,10619614,10620632
74000,832475,280189,212.45,10797013,10789225
75000,827885,278918,212.71,10748779,10753369
76000,831018,278763,212.38,10776091,10772958
77000,828100,277297,211.92,10794837,10797755
78000,831409,277341,212.45,10851915,10848606
79000,827061,276772,212.55,10764898,10769246
80000,828534,277732,212.77,10686933,10685460
81000,825122,278121,213.12,10657286,10660698
82000,820895,275985,212.38,10560864,10565091
83000,830127,275135,212.71,10749604,10740372
84000,832935,275385,212.34,10823367,10820559
85000,838634,276359,212.00,10954417,10948718
86000,834577,276554,212.51,10876833,10880890
87000,829510,275997,212.60,10820673,10825740
88000,831486,275658,212.45,10831415,10829439
89000,836846,274195,212.38,10986052,10980692
90000,831114,273355,212.72,10852919,10858651
91000,833574,274100,212.36,10874363,10871903
92000,833990,274249,212.46,10885868,10885452
93000,834990,274415,212.39,10954552,10953552
94000,831817,272288,212.77,10842188,10845361
95000,834737,273428,212.61,10940700,10937780
96000,834762,272386,212.72,10887955,10887930
97000,831156,273970,212.93,10743437,10747043
98000,831670,273378,212.75,10837131,10836617
99000,827227,271026,212.32,10823492,10827935
100000,835929,272551,212.65,10944207,10935505
101000,828536,272675,212.20,10811913,10819306
102000,836270,271966,211.73,10987608,10979874
103000,835615,269935,211.95,11048078,11048733
104000,838489,269737,212.09,11059037,11056163
105000,840058,269822,212.16,11082468,11080899
106000,835107,269368,212.49,10984628,10989579
107000,838219,269820,211.66,11066819,11063707
108000,838969,268414,212.22,11117359,11116609
109000,835596,267999,212.13,10983845,10987218
110000,831222,268669,212.07,10972197,10976571
111000,839453,268508,211.52,11043355,11035124
112000,839576,267862,212.25,11206863,11206740
113000,838478,268379,212.06,11107493,11108591
114000,834004,267167,212.29,11038219,11042693
115000,840507,268537,211.88,11095182,11088679
116000,839053,268051,212.19,11125629,11127083
117000,840238,268413,211.29,11162238,11161053
118000,843354,266312,211.84,11216775,11213659
119000,842843,265481,211.72,11232113,11232624
120000,843949,264731,211.51,11256166,11255060
121000,841862,263881,211.91,11209101,11211188
122000,844248,263478,211.79,11202256,11199870
123000,843081,263505,211.84,11257505,11258672
124000,842931,263310,211.28,11207039,11207189
125000,839194,261794,211.86,11222948,11226685
126000,848271,264481,211.47,11333762,11324685
127000,844812,263092,211.46,11320144,11323603
128000,842244,261489,212.07,11264412,11266980
129000,841425,261326,211.82,11169415,11170234
130000,848181,260751,211.72,11281042,11274286
131000,843127,263207,211.70,11282174,11287228
132000,840274,262082,212.18,11181779,11184632
133000,836433,260811,211.93,10987783,10991624
134000,843995,259269,212.00,11225823,11218261
135000,841742,259586,212.16,11190556,11192809
136000,843174,259730,212.23,11224479,11223047
137000,840448,259227,211.58,11220485,11223211
138000,847080,257142,211.93,11362457,11355825
139000,842768,255791,211.77,11307785,11312097
140000,843056,255420,211.65,11262293,11262005
141000,847831,253614,211.61,11318086,11313311
142000,847495,255676,211.77,11368453,11368789
143000,846468,255673,211.67,11285170,11286197
144000,846889,255230,211.57,11397494,11397073
145000,845994,254604,211.44,11394119,11395014
146000,849456,253580,210.63,11465429,11461967
147000,851921,254163,211.54,11564432,11561967
148000,845752,253522,211.65,11410469,11416638
149000,848326,253720,211.28,11432339,11429765
150000,849198,255227,211.29,11435708,11434836
151000,840690,252373,211.59,11321238,11329746
152000,844898,251135,211.34,11366793,11362585
153000,851406,253785,211.10,11565321,11558813
154000,845639,252395,211.55,11438793,11444560
155000,840859,252947,211.45,11339509,11344289
156000,849940,251921,210.79,11494275,11485194
157000,851449,251063,211.20,11567299,11565790
158000,849270,250671,211.63,11486569,11488748
159000,846190,249736,211.24,11382822,11385902
160000,847991,249924,210.94,11480428,11478627
161000,849631,249246,211.10,11511841,11510201
162000,851209,249274,211.60,11566297,11564719
163000,844657,248810,211.31,11447141,11453693
164000,848894,248637,211.42,11502277,11498040
165000,851468,247825,210.37,11631199,11628625
166000,859017,247021,210.66,11778353,11770804
167000,851887,244553,211.48,11623833,11630963
168000,852677,243497,211.32,11587620,11586830
169000,846863,242769,211.48,11532122,11537936
170000,851929,242837,210.42,11635061,11629995
171000,859952,243006,210.66,11932281,11924258
172000,851008,243183,211.10,11736833,11745777
173000,850245,244384,211.03,11603154,11603917
174000,851847,246174,210.87,11607771,11606169
175000,845635,247735,210.93,11578831,11585043
176000,849542,247440,210.45,11533567,11529660
177000,848201,246951,210.78,11635997,11637338
178000,844650,246165,210.88,11516507,11520058
179000,846470,247052,210.62,11576344,11574524
180000,853543,248384,209.75,11684333,11677260
181000,850925,247068,210.35,11808064,11810682
182000,848928,247023,210.30,11729233,11731230
183000,849649,247459,209.89,11737388,11736667
184000,850409,246947,210.54,11764780,11764020
185000,846220,247275,210.75,11615498,11619687
186000,851043,248780,210.45,11672785,11667962
187000,848209,248908,210.54,11602195,11605029
188000,849987,247725,210.00,11604842,11603064
189000,848836,246471,210.57,11722243,11723394
190000,849374,246627,210.53,11589580,11589042
191000,848676,246460,211.06,11624317,11625015
192000,844156,245725,210.73,11519046,11523566
193000,849057,246021,210.89,11628707,11623806
194000,848265,245647,211.17,11566849,11567641
195000,846376,243618,210.66,11551001,11552890
196000,851199,243287,210.29,11666562,11661739
197000,855825,242151,210.60,11823744,11819118
198000,850858,240744,210.73,11741593,11746560
199000,853890,239934,210.00,11750866,11747834
200000,855590,238780,210.55,11840751,11839051
201000,854280,238066,210.40,11789272,11790582
202000,856997,238538,209.95,11878704,11875987
203000,860679,237556,210.14,11960330,11956648
204000,859667,237459,210.78,11927323,11928335
205000,853984,237016,210.21,11765852,11771535
206000,859446,237082,209.99,11951675,11946213
207000,859537,234470,210.40,11896484,11896393
208000,862005,234173,210.56,12022988,12020520
209000,856575,233606,210.29,11920797,11926227
210000,859305,232703,209.99,11988744,11986014
211000,857762,231780,210.35,11930640,11932183
212000,859013,232683,210.54,11976890,11975639
213000,858405,232433,209.91,11984235,11984843
214000,862177,231416,210.25,12045642,12041870
215000,860257,230930,210.13,12037098,12039018
216000,866116,229823,210.10,12121969,12116110
217000,868242,229331,210.42,12147908,12145782
218000,866865,230337,210.49,12090477,12091854
219000,856610,229469,210.18,11968181,11978436
220000,864353,230695,209.10,12173081,12165338
221000,867733,229796,209.40,12347695,12344315
222000,865336,227867,209.62,12237273,12239670
223000,858277,228516,209.71,12146810,12153869
224000,861032,228453,209.16,12122814,12120059
225000,862913,228518,209.89,12252519,12250638
226000,862065,229495,209.52,12164498,12165346
227000,859688,229085,210.06,12168380,12170757
228000,861158,230540,209.19,12078811,12077341
229000,860991,231807,209.44,12179393,12179560
230000,860439,231561,209.20,12134013,12134565
231000,859126,232157,209.73,12148811,12150124
232000,857511,232422,208.94,12108085,12109700
233000,861851,231099,209.45,12152755,12148415
234000,860061,230677,210.04,12148657,12150447
235000,861053,230791,209.39,12136351,12135359
236000,856169,231144,209.77,12104476,12109360
237000,858616,229917,209.35,12112239,12109792
238000,858945,229104,209.75,12197284,12196955
239000,859127,229444,209.85,12144976,12144794
240000,860792,230074,209.32,12139621,12137956
241000,854487,230164,209.75,12053326,12059631
242000,851784,229042,209.17,12067691,12070394
243000,859242,228226,209.29,12181018,12173560
244000,860824,229386,209.26,12233453,12231871
245000,861547,228515,208.81,12254268,12253545
246000,861493,229136,208.73,12286675,12286729
247000,860311,229658,209.16,12315515,12316697
248000,860009,230207,208.78,12219393,12219695
249000,859306,230290,208.69,12283390,12284093
250000,855971,231261,208.98,12196672,12200007
251000,857292,229745,208.88,12225649,12224328
252000,858037,229867,209.16,12226296,12225551
253000,856429,230763,209.57,12245283,12246891
254000,857198,230383,209.14,12163987,12163218
255000,853646,230084,208.93,12113548,12117100
256000,861300,232002,208.54,12228211,12220557
257000,863675,234403,208.85,12322448,12320073
258000,855782,235192,209.62,12219667,12227560
259000,853765,234913,208.90,12007162,12009179
260000,854176,234057,209.22,12106349,12105938
261000,851026,234808,209.88,12031026,12034176
262000,851051,235435,208.99,11997066,11997041
263000,853372,235360,208.86,12149373,12147052
264000,858205,234784,209.50,12195563,12190730
265000,856994,236015,209.34,12145969,12147180
266000,859372,236209,208.72,12159013,12156635
267000,856150,237777,209.32,12142795,12146017
268000,850588,239679,209.07,12001479,12007041
269000,852481,238600,208.92,12056883,12054990
270000,857128,237475,208.96,12147895,12143248
271000,849391,236620,209.50,11994338,12002075
272000,856597,238389,209.31,12009102,12001896
273000,854322,238080,209.69,12005504,12007779
274000,853762,237615,209.58,12022595,12023155
275000,850630,238233,209.33,11944718,11947850
276000,854787,237657,209.02,12022335,12018178
277000,857059,236683,209.70,12099497,12097225
278000,853508,237969,209.69,11994128,11997679
279000,856210,236894,209.60,12019570,12016868
280000,855987,236830,209.91,11959879,11960102
281000,855555,237037,209.99,11883686,11884118
282000,849552,235984,210.67,11858741,11864744
283000,848713,235739,210.00,11750997,11751836
284000,860012,237452,209.48,11964815,11953516
285000,858870,237514,209.22,12056318,12057460
286000,855903,236108,210.07,12045979,12048946
287000,855793,238677,209.64,11953450,11953560
288000,854369,237376,208.90,11970897,11972321
289000,862158,238715,209.55,12153966,12146177
290000,858546,238422,209.48,12156029,12159641
291000,860943,238754,209.58,12028721,12026324
292000,848613,238539,210.17,11851020,11863350
293000,846819,239579,210.51,11722175,11723969
294000,848684,239225,210.13,11652930,11651065
295000,846727,237814,209.84,11767208,11769165
296000,851190,237548,209.15,11818172,11813709
297000,852734,237099,209.68,11927226,11925682
298000,856499,236980,209.39,11978292,11974527
299000,857256,236397,209.61,11999158,11998401
300000,856185,236701,209.21,11995283,11996354
301000,853989,236095,209.77,11987380,11989576
302000,851399,237054,209.94,11909087,11911677
303000,847356,238040,209.65,11798093,11802136
304000,852312,238135,209.77,11914552,11909596
305000,852230,239514,209.77,11939671,11939753
306000,850961,240028,209.60,11910673,11911942
307000,851849,237948,209.07,11911909,11911021
308000,852388,238310,209.63,11999104,11998565
309000,857355,235552,209.84,12041159,12036192
310000,856488,233890,209.65,11983996,11984863
311000,858634,232898,209.70,12072395,12070249
312000,863255,231528,209.54,12063200,12058579
313000,859216,231675,210.06,12069801,12073840
314000,856895,229428,209.64,12018236,12020557
315000,857695,229486,209.75,12064621,12063821
316000,863339,230445,209.16,12176141,12170497
317000,858382,229828,209.28,12173869,12178826
318000,855759,230163,209.73,12128306,12130929
319000,853886,230825,209.33,11976667,11978540
320000,852986,231628,209.47,11975958,11976858
321000,852030,232663,209.55,11940730,11941686
322000,855526,231667,209.22,11993943,11990447
323000,860759,233657,209.66,12094268,12089035
324000,856694,232952,209.63,12031610,12035675
325000,851154,234628,209.76,11894360,11899900
326000,849361,234941,209.79,11903524,11905317
327000,856964,233080,209.84,11919627,11912024
328000,852683,231752,209.72,11943900,11948181
329000,854194,233272,209.75,11940986,11939475
330000,855289,233108,209.78,11950656,11949561
331000,851352,233491,209.56,11858123,11862060
332000,847294,235620,210.47,11725924,11729982
333000,849543,236390,210.06,11718615,11716366
334000,847580,235661,209.88,11787301,11789264
335000,853599,236297,210.01,11787938,11781919
336000,847685,238172,209.76,11800044,11805958
337000,850814,239194,209.96,11815539,11812410
338000,850578,238427,209.21,11863093,11863329
339000,855098,237293,208.85,12002257,11997737
340000,854568,236202,209.14,12015412,12015942
341000,856678,235575,209.56,12039052,12036942
342000,857058,236110,209.15,12065943,12065563
343000,858003,236098,209.39,12087725,12086780
344000,848448,234265,209.61,11945591,11955146
345000,859109,235801,208.99,12033513,12022852
346000,860278,237232,209.43,12069680,12068511
347000,853949,236198,209.56,11996665,12002994
348000,852745,236872,209.68,11900963,11902167
349000,853717,234488,209.56,11875116,11874144
350000,857914,233080,210.16,11996189,11991992
351000,855982,234119,210.24,11929466,11931398
352000,850734,233517,209.37,11901990,11907238
353000,855242,234893,209.19,12027227,12022719
354000,856478,234068,209.45,12033541,12032305
355000,860960,234871,208.77,12143698,12139216
356000,854932,235140,209.52,12044889,12050917
357000,854873,233870,209.76,11932573,11932632
358000,855635,234841,210.01,11866952,11866190
359000,855746,236689,210.12,11863065,11862954
360000,851234,234498,209.77,11842258,11846770
361000,856674,233896,209.76,11944075,11938635
362000,859606,235148,210.22,11838436,11835504
363000,853142,234821,209.63,11795853,11802317
364000,856480,235520,210.22,11927325,11923987
365000,854511,235390,210.43,11818012,11819981
366000,849822,235524,210.28,11707857,11712546
367000,853141,235436,210.06,11783578,11780259
368000,851810,236074,210.29,11733086,11734417
369000,847107,236591,210.60,11637640,11642343
370000,848381,236350,209.83,11710590,11709316
371000,852075,235433,210.16,11875370,11871676
372000,852841,235410,210.05,11810061,11809295
373000,851447,236488,209.86,11879083,11880477
374000,854753,235294,208.91,11969822,11966516
375000,861632,233777,209.46,12115102,12108223
376000,855305,233486,209.65,12016743,12023070
377000,855286,233683,209.33,11970998,11971017
378000,857974,234913,209.30,12056865,12054177
379000,859582,234060,209.48,12064159,12062551
380000,855062,234556,209.74,11951279,11955799
381000,853286,235586,210.05,11844779,11846555
382000,856950,235109,209.93,11879824,11876160
383000,858303,234515,210.09,11926877,11925524
384000,858038,235168,210.09,11918910,11919175
385000,854411,235113,209.66,11939146,11942773
386000,856606,234591,209.19,12019953,12017758
387000,860159,234844,209.13,12083484,12079931
388000,858393,235143,209.63,12010300,12012066
389000,857708,234935,210.43,11896352,11897037
390000,854320,237026,210.01,11831105,11834493
391000,849631,237573,209.72,11762831,11767520
392000,848617,235731,209.96,11760695,11761709
393000,854210,234021,209.76,11804914,11799321
394000,855917,233575,209.88,11853443,11851736
395000,857905,233921,210.35,11857638,11855650
396000,856738,233297,210.32,11792237,11793404
397000,858317,235523,210.22,11840879,11839300
398000,852299,234939,209.83,11787022,11793040
399000,857467,233884,209.88,11945369,11940201
400000,863414,235655,209.31,12055446,12049499
401000,860746,236792,210.04,12009437,12012105
402000,850645,236999,210.10,11816379,11826480
403000,855682,238867,210.38,11798359,11793322
404000,847812,238280,210.15,11781950,11789820
405000,848246,239219,210.18,11704424,11703990
406000,853904,239030,210.10,11741142,11735484
407000,848436,239492,210.17,11755424,11760892
408000,853528,238820,209.69,11782297,11777205
409000,851653,238263,209.67,11804123,11805998
410000,856896,238693,209.46,11872611,11867368
411000,853603,237418,209.67,11927073,11930366
412000,853053,236916,209.70,11844977,11845527
413000,855012,234761,209.84,11855664,11853705
414000,856730,235119,209.34,11931314,11929596
415000,860271,234539,209.55,12047957,12044416
416000,862584,232656,209.74,12027532,12025219
417000,862912,233367,210.30,12072235,12071907
418000,862929,231134,209.79,11956499,11956482
419000,865932,229725,210.03,12071808,12068805
420000,866946,228298,209.96,12123776,12122762
421000,862735,227113,209.50,12025787,12029998
422000,867684,225782,209.36,12161457,12156508
423000,870700,225237,208.99,12336248,12333232
424000,867620,223918,209.46,12292906,12295986
425000,868097,222640,209.84,12268651,12268174
426000,867707,223150,209.74,12192991,12193381
427000,868204,224564,209.82,12127327,12126830
428000,864261,224117,209.86,12167057,12171000
429000,866021,224293,209.39,12095324,12093564
430000,865618,225445,209.60,12133906,12134309
431000,865682,226882,209.89,12123643,12123579
432000,861963,229257,209.55,12014080,12017799
433000,861879,228130,209.24,12118151,12118235
434000,860934,225644,209.61,12143797,12144742
435000,865997,227210,209.01,12201374,12196311
436000,866577,226708,209.45,12241590,12241010
437000,864576,225093,209.49,12190677,12192678
438000,869003,227791,209.28,12221600,12217173
439000,862698,229599,210.31,12120792,12127097
440000,857954,229855,209.72,11953265,11958009
441000,856319,230791,210.03,11925635,11927270
442000,859481,230761,209.86,11905568,11902406
443000,856034,231727,210.54,11849511,11852958
444000,851000,234125,210.00,11796522,11801556
445000,854383,234071,209.45,11840314,11836931
446000,860102,233160,209.33,12049664,12043945
447000,857540,231049,209.39,12054237,12056799
448000,857792,231150,209.55,12054623,12054371
449000,852913,232266,209.62,11939480,11944359
450000,856403,232375,209.36,11924220,11920730
451000,857974,230947,209.45,11947292,11945721
452000,858567,230182,209.40,12032271,12031678
453000,862909,230017,209.30,12085375,12081033
454000,861235,228697,210.34,12006554,12008228
455000,856631,228262,209.79,11919037,11923641
456000,857742,225579,209.61,11994386,11993275
457000,866485,226202,209.33,12160892,12152149
458000,871303,226096,209.32,12321183,12316365
459000,864990,227879,210.26,12161970,12168283
460000,861783,228098,209.60,12013418,12016625
461000,857179,226997,209.54,11958086,11962690
462000,860775,228550,209.81,12036942,12033346
463000,860037,230369,210.08,12049775,12050513
464000,854992,229765,210.12,11822508,11827553
465000,859573,229084,209.75,11925472,11920891
466000,866877,230572,209.77,12056748,12049444
467000,860115,231760,209.67,12037087,12043849
468000,855877,230124,209.42,11962008,11966246
469000,859861,229381,210.32,11949373,11945389
470000,859159,230804,210.36,11847159,11847861
471000,854120,230817,210.46,11766243,11771282
472000,852998,230169,209.81,11792888,11794010
473000,854516,228881,209.99,11776816,11775298
474000,857511,229847,210.06,11872816,11869821
475000,857642,230562,210.32,11858854,11858723
476000,859161,231209,210.16,11835830,11834311
477000,858117,231644,210.32,11830770,11831814
478000,854573,231252,210.36,11766328,11769872
479000,857266,231781,210.44,11813709,11811016
480000,849595,231813,210.52,11677131,11684802
481000,853804,232205,210.49,11651613,11647404
482000,852701,231508,210.03,11745113,11746216
483000,854219,230885,210.14,11777551,11776033
484000,854048,232222,210.60,11675441,11675612
485000,851192,232109,210.65,11640912,11643768
486000,853064,232371,210.05,11770924,11769052
487000,857384,234889,210.04,11885662,11881342
488000,853381,234094,209.85,11867366,11871369
489000,860240,234146,209.58,11945410,11938551
490000,853229,234323,210.18,11833637,11840648
491000,852102,235469,209.27,11852155,11853282
492000,855382,235279,209.81,11829445,11826165
493000,854360,234635,209.94,11879431,11880453
494000,857030,234053,209.91,11868754,11866084
495000,857412,232997,210.14,11876687,11876305
496000,858149,231338,210.10,11861390,11860653
497000,860815,229854,209.98,12033399,12030733
498000,861242,229446,209.70,11999437,11999010
499000,858227,228401,209.76,11963658,11966673
500000,863783,227218,209.11,12156558,12151002
501000,867378,226369,209.21,12223731,12220136
502000,866868,225161,209.14,12250019,12250529
503000,870172,224793,208.99,12248676,12245372
504000,872386,223823,209.48,12408931,12406717
505000,868375,222196,209.44,12236149,12240160
506000,869700,222753,209.61,12316575,12315250
507000,863628,220112,209.47,12183011,12189083
508000,875037,219035,209.17,12414661,12403252
509000,872180,220596,209.09,12336207,12339064
510000,870411,221031,209.32,12236322,12238091
511000,867564,221404,209.57,12209840,12212687
512000,864039,220540,209.65,12109155,12112680
513000,868140,222670,209.57,12186648,12182547
514000,864414,223915,209.34,12157331,12161057
515000,860939,225205,210.07,12118631,12122106
516000,858830,225265,209.89,11950364,11952473
517000,861885,226662,209.56,11976822,11973767
518000,857212,227540,209.85,12003978,12008651
519000,856742,227074,209.74,11994682,11995152
520000,859858,227278,210.14,11939620,11936504
521000,855565,228243,210.00,11895225,11899518
522000,852091,228842,209.22,11834993,11838467
523000,860115,226394,209.53,12008366,12000342
524000,858765,227898,209.87,12001210,12002560
525000,855283,228542,209.57,11931358,11934840
526000,860803,228353,209.48,11974882,11969362
527000,859098,227323,210.73,12009524,12011229
528000,857039,227060,209.68,11899395,11901454
529000,856666,226535,209.59,11988538,11988911
530000,858944,225392,209.49,12089119,12086841
531000,861939,226671,210.17,12036777,12033782
532000,851905,228548,209.84,11781904,11791938
533000,857584,229017,209.36,11955683,11950004
534000,857211,228619,209.40,11992332,11992705
535000,861345,227142,209.57,12053486,12049352
536000,859153,226490,209.68,12011495,12013687
537000,859625,223546,209.30,12107320,12106848
538000,871096,221746,209.09,12242860,12231389
539000,869915,222047,209.31,12322520,12323701
540000,868010,222135,209.44,12257537,12259442
541000,866520,221679,209.40,12330611,12332101
542000,870695,222000,209.63,12317036,12312861
543000,869541,222742,209.36,12259678,12260832
544000,863890,222722,209.77,12109425,12115076
545000,864115,223783,209.90,12162551,12162326
546000,856999,223798,209.47,12001420,12008536
547000,864899,224590,209.20,12145874,12137974
548000,868872,223975,209.27,12240502,12236529
549000,866288,224723,209.52,12206147,12208731
550000,863886,225032,209.53,12136908,12139310
551000,863744,225416,209.51,12082494,12082636
552000,864305,223916,210.16,12061535,12060974
553000,865431,223541,209.88,12144671,12143545
554000,867275,223134,209.56,12167871,12166027
555000,865311,223232,209.72,12133150,12135114
556000,867059,221594,210.10,12149381,12147633
557000,866523,221067,209.92,12149552,12150088
558000,871280,218678,209.46,12185382,12180625
559000,869525,218725,209.59,12306484,12308239
560000,866467,218026,209.52,12176018,12179076
561000,871584,217884,208.97,12374750,12369633
562000,876085,216630,209.61,12464060,12459559
563000,874241,219157,209.10,12380368,12382212
564000,869696,218003,209.58,12379930,12384475
565000,874722,219458,208.83,12405292,12400266
566000,875862,218428,209.29,12496373,12495233
567000,875137,217544,209.72,12363283,12364008
568000,868755,218947,209.18,12205389,12211771
569000,869855,220521,209.30,12197942,12196842
570000,865499,219672,209.82,12208662,12213018
571000,866586,220862,210.06,12116808,12115721
572000,862245,222110,209.88,12066731,12071072
573000,859652,221004,209.54,12050184,12052777
574000,866331,222404,210.03,12136215,12129536
575000,859968,221681,209.80,12015067,12021430
576000,861174,224244,210.14,12031297,12030091
577000,855682,223338,210.13,11948088,11953580
578000,863477,224354,209.31,12061687,12053892
579000,864929,222501,209.16,12107776,12106324
580000,862608,221807,209.39,12178382,12180703
581000,866864,221890,209.46,12237541,12233285
582000,866486,222970,209.29,12252033,12252411
583000,860134,223152,209.59,12115854,12122206
584000,862739,223869,209.58,12098088,12095483
585000,861110,223014,209.90,12076050,12077679
586000,860640,222776,209.63,12063175,12063645
587000,863869,222999,209.23,12173981,12170752
588000,868213,222220,209.01,12296909,12292565
589000,862309,221325,209.66,12236540,12242444
590000,867007,221531,209.23,12211704,12207006
591000,871571,219876,208.50,12364968,12360404
592000,874145,217919,209.04,12501984,12499410
593000,874243,215810,208.93,12512202,12512104
594000,873839,216290,208.77,12559545,12559949
595000,870575,215950,208.67,12567889,12571153
596000,878307,215290,208.82,12665201,12657469
597000,872208,212599,208.77,12513387,12519486
598000,877399,214609,208.58,12588725,12583534
599000,873279,214180,209.32,12518641,12522761
600000,870600,214333,208.91,12348651,12351330
601000,877625,215232,208.66,12449125,12442100
602000,871996,214695,209.49,12419366,12424995
603000,874612,215875,209.17,12325286,12322670
604000,871402,216356,208.75,12373180,12376390
605000,863508,214009,209.78,12310101,12317995
606000,868994,215044,209.70,12202192,12196706
607000,869799,215568,209.06,12264406,12263601
608000,872946,215913,209.41,12365917,12362770
609000,872725,215980,209.15,12350295,12350516
610000,870458,215561,209.41,12303518,12305785
611000,868113,214757,209.14,12320736,12323081
612000,868180,213957,209.11,12280387,12280320
613000,876509,214496,208.95,12404453,12396124
614000,873175,214809,209.26,12393368,12396702
615000,867307,214518,209.68,12295805,12301673
616000,868684,215354,209.01,12229634,12228257
617000,872663,216228,208.93,12339290,12335311
618000,871110,215615,209.42,12385317,12386870
619000,866869,215728,209.21,12240923,12245164
620000,873386,213842,209.29,12368174,12361657
621000,872808,213413,209.19,12433433,12434011
622000,875307,214726,208.99,12450082,12447583
623000,870560,213615,209.41,12399183,12403930
624000,875941,214728,209.29,12440936,12435555
625000,872880,216881,209.53,12435168,12438229
626000,862757,218334,209.80,12153899,12164022
627000,866246,219103,208.86,12168112,12164623
628000,867585,216213,209.12,12353692,12352353
629000,869196,214918,209.57,12311747,12310136
630000,873949,216192,209.13,12396475,12391722
631000,870329,217336,209.57,12336359,12339979
632000,869800,215729,209.40,12253610,12254139
633000,871630,217254,209.07,12301834,12300004
634000,867257,216379,209.34,12273763,12278136
635000,869948,216275,209.16,12236929,12234238
636000,870896,216774,209.40,12300724,12299776
637000,873933,216626,209.07,12410088,12407051
638000,870434,215754,209.20,12428609,12432108
639000,871283,216825,209.18,12360825,12359976
640000,870535,216729,209.35,12353770,12354518
641000,867392,217206,209.06,12295616,12298759
642000,872187,218083,209.23,12411740,12406945
643000,867097,218363,209.73,12231953,12237043
644000,870188,218926,209.63,12200211,12197120
645000,867671,219085,209.99,12158235,12160752
646000,862481,220109,209.45,12085815,12091005
647000,861911,219008,209.60,12121616,12122186
648000,862561,219049,209.65,12153474,12152824
649000,861879,219951,209.35,12106969,12107651
650000,861053,220909,209.30,12070670,12071496
651000,866272,220000,209.17,12197680,12192461
652000,864886,220348,209.48,12099110,12100496
653000,866207,219443,209.22,12166679,12165358
654000,865110,219054,209.54,12168202,12169299
655000,868816,218085,209.16,12231968,12228262
656000,871844,218450,209.04,12386873,12383845
657000,872023,218420,208.93,12414915,12414736
658000,872121,216518,209.30,12455107,12455009
659000,875030,216690,208.92,12446019,12443110
660000,875004,217188,209.04,12463116,12463142
661000,869354,216102,209.26,12378762,12384412
662000,867910,215650,208.94,12335547,12336991
663000,875361,215281,209.05,12448826,12441375
664000,872921,214304,208.89,12456008,12458448
665000,874351,213858,208.83,12423602,12422172
666000,875336,213988,209.12,12521398,12520413
667000,872060,213796,209.14,12446306,12449582
668000,875749,213710,209.07,12493076,12489387
669000,869367,216617,209.28,12390000,12396382
670000,871343,216726,208.84,12368854,12366878
671000,869605,218033,210.20,12353812,12355550
672000,857563,220161,210.12,11960560,11972602
673000,856255,219543,209.70,11921462,11922770
674000,858472,220610,209.31,11964533,11962316
675000,863059,222934,209.24,12111179,12106592
676000,857227,219788,209.86,12029379,12035211
677000,864918,219376,209.31,12101047,12093356
678000,869331,217856,209.80,12236383,12231970
679000,865504,218935,209.49,12199404,12203231
680000,866137,218227,209.33,12170435,12169802
681000,870889,218127,209.43,12246256,12241504
682000,865213,218532,209.74,12210175,12215851
683000,868171,217273,209.54,12183973,12181015
684000,867221,217737,209.60,12153230,12154180
685000,872345,218701,208.97,12272361,12267237
686000,865410,217519,208.76,12234724,12241659
687000,877861,216511,208.79,12480993,12468542
688000,872954,216161,209.33,12450789,12455696
689000,868771,215345,209.05,12342566,12346749
690000,874678,215600,208.71,12411603,12405696
691000,873509,214845,209.06,12475247,12476416
692000,876424,216798,209.14,12486812,12483897
693000,870683,218047,209.40,12374583,12380324
694000,867483,219230,209.64,12269119,12272319
695000,863756,218079,209.63,12179402,12183129
696000,871357,215762,209.04,12336398,12328797
697000,877688,215250,209.05,12425084,12418753
698000,872986,216023,209.33,12416722,12421424
699000,872630,215513,209.64,12290648,12291004
700000,869029,216423,209.44,12324051,12327652
701000,867229,216623,209.12,12235994,12237794
702000,870193,217717,209.00,12271747,12268783
703000,867197,216642,208.81,12301036,12304032
704000,869985,215170,209.28,12257069,12254281
705000,865858,216102,209.06,12271525,12275652
706000,869276,216749,208.92,12236476,12233058
707000,870181,216876,209.37,12341866,12340961
708000,866429,216438,209.54,12196835,12200587
709000,867328,217387,208.94,12242673,12241774
710000,866273,218265,209.24,12282635,12283690
711000,864969,217196,209.22,12120649,12121953
712000,871977,215964,208.88,12390272,12383264
713000,871190,214382,209.46,12377878,12378665
714000,869803,213838,209.16,12335847,12337234
715000,871034,215269,209.25,12404173,12402942
716000,870795,214505,208.69,12401113,12401352
717000,871196,214287,209.36,12438194,12437793
718000,866359,213524,209.12,12276743,12281580
719000,869685,213485,209.18,12357220,12353894
720000,870102,214479,209.07,12316700,12316283
721000,865826,215834,209.24,12271493,12275769
722000,869317,215619,209.14,12330960,12327469
723000,871476,215820,209.13,12430149,12427990
724000,870816,214524,208.58,12372877,12373537
725000,876704,213189,209.09,12521296,12515408
726000,870115,213272,209.79,12409229,12415818
727000,865899,213111,209.31,12186648,12190864
728000,878160,215734,208.77,12456930,12444669
729000,870372,216085,209.52,12452247,12460035
730000,864119,215581,209.36,12262312,12268565
731000,866537,217065,209.36,12239876,12237458
732000,866223,217902,209.17,12261020,12261334
733000,865710,217163,209.90,12181993,12182506
734000,861601,217557,209.47,12088410,12092519
735000,865719,217042,209.39,12151470,12147352
736000,870500,216398,209.15,12274663,12269882
737000,866596,215728,209.57,12256536,12260440
738000,867768,216854,209.34,12220307,12219135
739000,869582,216362,209.72,12256496,12254682
740000,869062,217580,209.53,12301075,12301595
741000,868395,218030,209.08,12262045,12262712
742000,870114,216972,209.36,12339003,12337284
743000,869528,216944,209.07,12244549,12245135
744000,869901,217965,209.90,12258600,12258227
745000,867182,217295,209.20,12210670,12213389
746000,871180,216655,209.15,12322027,12318029
747000,872235,217422,209.32,12364558,12363503
748000,864415,217608,209.58,12259347,12267167
749000,870008,217191,209.08,12230885,12225292
750000,873241,214775,209.04,12389251,12386018
751000,871082,214205,209.73,12353900,12356059
752000,873455,214134,209.43,12326436,12324063
753000,869105,214730,209.52,12293843,12298193
754000,867550,214291,209.53,12235776,12237331
755000,873728,213252,209.42,12333824,12327646
756000,874814,213349,209.35,12320545,12319459
757000,874074,211524,209.16,12384428,12385168
758000,877324,212266,209.40,12433471,12430221
759000,869403,211366,209.28,12369284,12377205
760000,876208,210520,209.06,12407158,12400353
761000,875449,210376,209.05,12510714,12511473
762000,876515,210815,209.07,12562108,12561042
763000,879556,210147,208.65,12597834,12594793
764000,873933,211081,209.22,12534090,12539713
765000,867914,211782,208.90,12391410,12397429
766000,874919,211791,208.97,12568991,12561986
767000,873107,212950,209.07,12471701,12473513
768000,870634,214176,209.54,12351169,12353642
769000,869975,216226,209.28,12280804,12281463
770000,868143,217059,209.23,12268088,12269920
771000,866896,215457,209.22,12244230,12245477
772000,869937,216660,209.39,12294216,12291175
773000,867460,217230,209.49,12254214,12256691
774000,866927,215978,209.25,12254430,12254963
775000,868081,216799,208.95,12283155,12282001
776000,870367,216594,209.14,12318644,12316358
777000,870142,216213,209.56,12358403,12358628
778000,871065,215838,209.65,12286242,12285319
779000,866047,215557,209.29,12190532,12195550
780000,869178,215273,209.50,12246747,12243616
781000,872528,214683,209.41,12333013,12329663
782000,874540,215367,209.10,12377495,12375483
783000,874095,215141,209.67,12367224,12367669
784000,866012,217737,209.25,12206175,12214258
785000,865978,217606,209.62,12148773,12148807
786000,863459,217623,209.92,12126430,12128949
787000,868430,216768,209.58,12180196,12175225
788000,870614,216410,209.44,12318061,12315877
789000,869197,216914,209.32,12282773,12284190
790000,867814,217120,209.80,12234956,12236339
791000,868952,218711,209.03,12199694,12198556
792000,866004,217956,209.49,12151770,12154718
793000,867935,220631,209.93,12198032,12196101
794000,865152,218330,209.63,12143849,12146632
795000,867960,217723,209.45,12181833,12179025
796000,870324,217426,209.59,12258905,12256541
797000,870076,217683,209.16,12316822,12317070
798000,870618,215413,209.44,12282709,12282167
799000,870917,215737,209.92,12232860,12232561
800000,864297,217569,210.01,12058435,12065055
801000,867157,218795,209.50,12138743,12135883
802000,865553,217963,209.74,12168161,12169765
803000,867400,217735,209.28,12081090,12079243
804000,867312,216610,209.21,12262493,12262581
805000,866233,214980,208.93,12247262,12248341
806000,873953,213902,209.33,12399346,12391626
807000,872181,214050,209.38,12309289,12311061
808000,874914,213591,209.35,12370497,12367764
809000,871039,213395,209.22,12365736,12369611
810000,871173,210644,209.35,12346189,12346055
811000,879671,211405,209.83,12426535,12418037
812000,878078,213400,209.35,12430850,12432443
813000,872282,212894,209.71,12341972,12347768
814000,873244,213892,209.34,12335266,12334304
815000,867431,214559,209.64,12181516,12187329
816000,875297,214397,208.86,12346777,12338911
817000,871878,215534,209.30,12376907,12380326
818000,869573,216319,209.54,12315577,12317882
819000,864942,216529,209.90,12258414,12263045
820000,870830,215971,209.16,12229192,12223304
821000,870995,216284,209.81,12255429,12255264
822000,868835,215241,209.66,12218322,12220482
823000,871586,217475,209.76,12256160,12253409
824000,862344,216746,209.69,12170961,12180203
825000,869626,216895,208.63,12276511,12269229
826000,878411,215147,209.01,12549439,12540654
827000,875584,214396,209.50,12457048,12459875
828000,871659,214613,209.27,12378608,12382533
829000,875798,214210,208.86,12489099,12484960
830000,877303,213800,208.93,12540326,12538821
831000,876354,212960,209.11,12538799,12539748
832000,877240,214049,208.86,12488060,12487174
833000,873668,213383,208.84,12520257,12523829
834000,874167,215375,209.40,12448633,12448134
835000,868583,215840,209.72,12305200,12310784
836000,866434,216276,209.13,12201317,12203466
837000,870539,215454,209.49,12301938,12297833
838000,869522,216908,209.30,12306355,12307372
839000,871029,217899,208.77,12394816,12393309
840000,867497,218209,209.21,12341945,12345477
841000,874878,218974,208.97,12398526,12391145
842000,867342,217464,209.76,12201992,12209528
843000,864953,218370,208.90,12204128,12206517
844000,868414,217472,208.30,12313158,12309697
845000,871965,216268,209.25,12470986,12467435
846000,870771,216886,209.62,12308648,12309842
847000,868116,217374,209.71,12272335,12274990
848000,863141,216722,209.46,12119478,12124453
849000,870813,214792,208.63,12308146,12300474
850000,869986,215030,209.00,12375921,12376748
851000,868553,215346,208.91,12316376,12317809
852000,870909,215084,209.14,12355688,12353332
853000,869045,213850,208.76,12394371,12396235
854000,876775,212995,209.14,12462807,12455077
855000,874008,212043,208.86,12411533,12414300
856000,874573,212188,209.51,12331711,12331146
857000,869852,213205,209.71,12179566,12184287
858000,869142,215619,209.44,12211456,12212166
859000,868269,215711,209.25,12241801,12242674
860000,866665,216855,209.63,12219476,12221080
861000,865649,215332,209.17,12197840,12198856
862000,867250,215154,208.88,12301242,12299641
863000,870555,217471,209.74,12333339,12330034
864000,864163,217891,209.60,12143792,12150184
865000,862032,219300,209.71,12065218,12067349
866000,865668,217565,209.54,12135123,12131487
867000,865012,217046,209.43,12137036,12137692
868000,868039,217639,209.25,12195755,12192728
869000,869164,217633,209.82,12223719,12222594
870000,866870,216856,209.30,12201693,12203987
871000,872398,216854,209.08,12323736,12318208
872000,871065,216754,209.81,12335908,12337241
873000,870259,216264,209.99,12205633,12206439
874000,867544,217094,209.56,12154062,12156777
875000,865943,216902,209.99,12128081,12129682
876000,865549,216615,209.70,12088138,12088532
877000,871366,215441,209.74,12239760,12233943
878000,869081,216874,209.52,12224207,12226492
879000,869151,215062,209.12,12302143,12302073
880000,870203,216450,209.48,12323730,12322678
881000,867028,216700,208.97,12280222,12283397
882000,870545,217005,209.87,12355017,12351500
883000,862982,216590,209.62,12207247,12214810
884000,872486,214090,208.91,12319637,12310133
885000,873866,211312,209.45,12405413,12404033
886000,875594,211854,208.92,12396876,12395148
887000,872687,212002,209.08,12458328,12461235
888000,878358,210508,208.58,12525458,12519787
889000,879850,209894,208.55,12673451,12671959
890000,877297,210332,209.42,12630912,12633465
891000,877898,212170,208.95,12530433,12529832
892000,875215,212823,208.93,12488128,12490811
893000,873324,212508,209.21,12443258,12445149
894000,868913,212718,209.49,12326264,12330675
895000,874463,211915,209.27,12336654,12331104
896000,871868,213993,209.26,12330667,12333262
897000,865488,215169,209.59,12259082,12265462
898000,868589,217029,209.45,12250163,12247062
899000,868500,215861,209.27,12236048,12236137
900000,870552,216362,209.54,12253166,12251114
901000,870295,215842,210.03,12250104,12250361
902000,867535,216492,208.89,12241926,12244686
903000,867638,215700,209.53,12317988,12317885
904000,869955,216066,208.83,12339751,12337434
905000,867176,216768,209.25,12277896,12280675
906000,870346,217791,208.92,12335997,12332827
907000,861747,217922,209.56,12278744,12287343
908000,863227,220714,209.26,12229642,12228162
909000,866502,220520,208.58,12302840,12299565
910000,866917,217907,209.07,12315935,12315520
911000,872238,217999,208.58,12443234,12437913
912000,869284,218538,208.72,12373303,12376257
913000,870570,217952,208.52,12442532,12441246
914000,868030,216072,208.92,12365513,12368053
915000,868287,216587,209.03,12340430,12340173
916000,869425,217726,209.10,12341737,12340599
917000,870721,216109,208.79,12329858,12328562
918000,871312,215861,209.34,12391332,12390741
919000,873082,215208,208.75,12379509,12377739
920000,872141,213445,209.17,12437565,12438506
921000,877490,214076,209.34,12420773,12415424
922000,870160,212913,208.84,12428477,12435807
923000,871588,211684,208.85,12488319,12486891
924000,881519,214066,209.08,12545410,12535479
925000,873748,213397,209.25,12477163,12484934
926000,871462,213610,209.05,12382564,12384850
927000,875048,214397,208.83,12447206,12443620
928000,871436,216251,209.42,12428307,12431919
929000,866068,217685,209.31,12304602,12309970
930000,869269,218507,208.69,12306192,12302991
931000,870430,218103,209.32,12326226,12325065
932000,868425,216887,208.77,12331868,12333873
933000,871576,216069,208.87,12386037,12382886
934000,869483,215336,209.43,12305230,12307323
935000,872042,214519,209.84,12274486,12271927
936000,867901,215303,209.69,12254631,12258772
937000,868277,215358,209.09,12268169,12267793
938000,873355,216600,208.68,12394134,12389056
939000,871552,215457,209.10,12362684,12364487
940000,868344,217309,209.34,12357484,12360692
941000,865215,217122,209.15,12193296,12196425
942000,870570,216163,208.95,12330264,12324909
943000,871360,215673,208.88,12360844,12360054
944000,870621,217942,209.49,12305148,12305887
945000,863296,218276,209.57,12218420,12225745
946000,866307,218925,209.08,12187373,12184362
947000,866742,218033,209.40,12281492,12281057
948000,865493,217061,209.44,12239988,12241237
949000,864866,216471,208.91,12223963,12224590
950000,865015,216858,209.37,12249772,12249623
951000,865529,216675,209.63,12206972,12206458
952000,864557,218664,209.52,12185216,12186188
953000,860172,219312,209.28,12056849,12061234
954000,864404,220296,209.74,12092302,12088070
955000,860600,219866,209.38,12125834,12129638
956000,865050,218047,209.41,12217960,12213510
957000,867318,217643,209.76,12197130,12194862
958000,860942,216607,210.00,12077309,12083685
959000,866181,217014,209.05,12121464,12116225
960000,863768,217318,209.50,12267090,12269503
961000,863961,217008,208.88,12206099,12205906
962000,869427,217228,208.86,12321176,12315710
963000,865760,217234,209.02,12241097,12244764
964000,868411,217096,208.91,12279862,12277211
965000,869993,216944,209.13,12362179,12360597
966000,866040,216492,208.96,12344162,12348115
967000,872085,216244,208.77,12411506,12405461
968000,868693,217230,209.45,12305275,12308667
969000,867229,218420,209.15,12234838,12236302
970000,867006,216331,208.98,12308014,12308237
971000,873722,215962,209.37,12346763,12340047
972000,870529,214819,209.35,12291302,12294495
973000,871801,213667,209.40,12329443,12328171
974000,871058,215642,209.03,12373394,12374137
975000,868036,214330,209.02,12331539,12334561
976000,873941,212994,208.47,12467948,12462043
977000,876187,213858,208.64,12593825,12591579
978000,872631,214024,209.16,12421790,12425346
979000,870467,213174,209.42,12285861,12288025
980000,868320,214019,209.51,12243780,12245927
981000,871859,216413,209.23,12327446,12323907
982000,868625,215093,209.49,12289522,12292756
983000,866987,214028,209.64,12179164,12180802
984000,870584,214378,209.34,12201719,12198122
985000,871210,215684,209.60,12278631,12278005
986000,865483,214222,210.03,12153633,12159360
987000,866366,215214,209.88,12119317,12118434
988000,865512,215058,209.54,12116675,12117529
989000,868508,213864,209.72,12214639,12211643
990000,866308,216136,209.53,12142823,12145023
991000,864064,217476,209.73,12140372,12142616
992000,860868,219722,209.54,12029361,12032557
993000,859396,218444,209.75,11979748,11981220
994000,858696,217517,209.57,11971089,11971789
995000,858540,216163,209.72,12033471,12033627
996000,864454,217096,209.41,12123099,12117185
997000,864298,217790,210.30,12048006,12048162
998000,862781,219132,210.17,11946939,11948456
999000,859764,219207,209.94,11927880,11930897
1000000,860539,218542,209.93,11921941,11921166
1001000,865491,218174,210.10,12062517,12057565
1002000,865482,217219,209.94,12126755,12126764
1003000,865890,216427,209.39,12090739,12090331
1004000,867125,216335,209.71,12148501,12147266
1005000,865075,215950,209.22,12212064,12214114
1006000,868828,215557,209.15,12289476,12285723
1007000,866520,216235,209.82,12309286,12311594
1008000,863874,217145,209.60,12147895,12150541
1009000,870590,217392,209.75,12215604,12208888
1010000,861943,218012,210.07,12128253,12136900
1011000,866553,218447,209.42,12155055,12150445
1012000,867928,219414,209.06,12260252,12258877
1013000,868200,219397,209.95,12252847,12252575
1014000,868759,219373,209.39,12205935,12205376
1015000,868230,218533,208.94,12232903,12233432
1016000,870937,216456,209.30,12352532,12349825
1017000,871235,216152,209.41,12321019,12320721
1018000,873008,216032,208.94,12352120,12350347
1019000,873292,213309,209.39,12449247,12448963
1020000,879147,211437,208.72,12472145,12466290
1021000,879456,210607,209.15,12617772,12617463
1022000,877702,210925,209.26,12514921,12516675
1023000,876870,210967,208.68,12531152,12531984
1024000,883138,208792,209.16,12642424,12636156
1025000,883739,209267,209.15,12637304,12636703
1026000,876634,209671,209.20,12519869,12526974
1027000,881228,209465,208.81,12610710,12606116
1028000,876288,208720,208.83,12566744,12571684
1029000,879164,209903,208.69,12553214,12550338
1030000,877676,210367,209.23,12608810,12610298
1031000,875475,210737,209.05,12474296,12476497
1032000,871716,210691,209.30,12451798,12455557
1033000,872815,211954,208.83,12515352,12514253
1034000,876240,211724,208.79,12495133,12491708
1035000,877799,212198,208.64,12548137,12546578
1036000,871923,213999,209.42,12456998,12462874
1037000,870157,213372,209.29,12345956,12347722
1038000,870712,213412,208.78,12379114,12378559
1039000,872702,213608,209.00,12416339,12414349
1040000,873180,213098,209.24,12414380,12413902
1041000,872093,214457,208.83,12438384,12439471
1042000,867994,216124,209.52,12328236,12332335
1043000,865364,217497,209.94,12166613,12169243
1044000,863368,217824,209.02,12120642,12122638
1045000,867987,217834,208.97,12312567,12307948
1046000,867495,217775,209.08,12291788,12292280
1047000,867647,216963,209.66,12243993,12243841
1048000,867391,218645,209.19,12196542,12196798
1049000,864586,217263,209.59,12234730,12237535
1050000,870384,215260,208.96,12314125,12308327
1051000,871598,215786,209.27,12372186,12370972
1052000,870172,214410,209.23,12321710,12323136
1053000,870899,212759,209.31,12298205,12297478
1054000,874147,210059,208.97,12397929,12394681
1055000,879584,209935,209.25,12544720,12539283
1056000,877216,210804,208.88,12551957,12554325
1057000,875040,211206,209.30,12449068,12451244
1058000,879384,211256,208.71,12434140,12429796
1059000,874696,211042,209.55,12485922,12490610
1060000,874150,211671,208.87,12420443,12420989
1061000,875817,213073,209.08,12423135,12421468
1062000,869953,215377,209.82,12277880,12283744
1063000,867537,216673,209.42,12217172,12219588
1064000,866322,216547,209.77,12180161,12181376
1065000,867981,217120,209.50,12131977,12130318
1066000,867491,217133,209.52,12217706,12218196
1067000,866571,215073,209.14,12194803,12195723
1068000,864698,215838,209.72,12114399,12116272
1069000,860734,217404,209.55,12134298,12138262
1070000,866250,217937,209.08,12195042,12189526
1071000,864283,217707,209.68,12185927,12187894
1072000,862986,217744,210.12,12096083,12097380
1073000,866176,216596,209.82,12070615,12067425
1074000,862793,216642,209.18,12228289,12231672
1075000,866514,214802,209.12,12294462,12290741
1076000,874077,214481,208.54,12353763,12346200
1077000,874848,216364,209.05,12493715,12492944
1078000,865524,217354,209.07,12307772,12317096
1079000,868305,216969,209.18,12292327,12289546
1080000,866982,216898,209.39,12261465,12262788
1081000,874153,216681,208.63,12387832,12380661
1082000,867226,215561,209.22,12274802,12281729
1083000,868613,216393,209.31,12228659,12227272
1084000,868087,216567,209.56,12201438,12201964
1085000,864222,216663,209.48,12191453,12195318
1086000,866395,215749,209.38,12188943,12186770
1087000,869916,216345,208.92,12338533,12335012
1088000,869386,217566,209.44,12353069,12353599
1089000,863400,218640,209.62,12097175,12103161
1090000,863368,219697,209.47,12049318,12049350
1091000,861379,219719,209.82,12094345,12096334
1092000,860936,219331,209.38,12048967,12049410
1093000,867517,219276,209.01,12152269,12145688
1094000,862261,219138,209.71,12131635,12136891
1095000,859349,219334,210.32,12005080,12007992
1096000,868592,218676,209.30,12160729,12151486
1097000,869694,216423,208.89,12235826,12234724
1098000,869840,217811,209.43,12326197,12326051
1099000,871064,216058,208.69,12374084,12372860
1100000,870992,213605,209.38,12361491,12361563
1101000,870961,212842,209.18,12303468,12303499
1102000,874132,211423,209.12,12449037,12445866
1103000,876580,211208,209.04,12542438,12539990
1104000,875001,212576,209.49,12483366,12484945
1105000,871686,212297,208.96,12362505,12365820
1106000,874205,212132,209.27,12477722,12475203
1107000,876287,211978,208.77,12507778,12505696
1108000,875800,209878,209.06,12568326,12568813
1109000,882560,210445,208.73,12605362,12598602
1110000,877174,210447,208.60,12574848,12580234
1111000,879756,209369,209.14,12580978,12578396
1112000,875916,209278,208.96,12461947,12465787
1113000,882168,207298,208.39,12609592,12603340
1114000,885644,206264,208.49,12801069,12797593
1115000,885901,205537,209.02,12731002,12730745
1116000,880477,206412,209.43,12629464,12634888
1117000,875348,207236,209.12,12511334,12516463
1118000,878508,209388,208.84,12565149,12561989
1119000,874694,210588,208.88,12475731,12479545
1120000,869137,211048,209.97,12324286,12329843
1121000,869503,213930,209.55,12176734,12176368
1122000,867627,214077,209.67,12226776,12228652
1123000,869479,215212,209.28,12213668,12211816
1124000,868586,216141,209.19,12293674,12294567
1125000,867869,216068,209.41,12224280,12224997
1126000,865111,218285,210.04,12162008,12164766
1127000,861410,219207,209.76,12012453,12016154
1128000,864624,220647,209.44,12085432,12082218
1129000,863036,219892,209.47,12132202,12133790
1130000,865157,218496,209.13,12156931,12154810
1131000,871988,217909,209.14,12318188,12311357
1132000,864489,217134,209.79,12108343,12115842
1133000,862960,217615,209.64,12048048,12049577
1134000,871116,217060,209.52,12246810,12238654
1135000,867698,217670,209.74,12264821,12268239
1136000,865932,216970,209.47,12215128,12216894
1137000,870771,216952,209.26,12295202,12290363
1138000,866273,215758,209.85,12173949,12178447
1139000,869778,215873,209.55,12217768,12214263
1140000,869961,216168,209.47,12268366,12268183
1141000,872737,213974,209.35,12363055,12360279
1142000,874103,213956,209.34,12435502,12434136
1143000,873813,214437,209.05,12436806,12437096
1144000,872694,213323,209.02,12419579,12420698
1145000,871263,213685,208.91,12387162,12388593
1146000,871629,214885,209.19,12437499,12437133
1147000,873478,213612,208.87,12505491,12503642
1148000,873783,215092,209.03,12557573,12557268
1149000,872614,214404,208.41,12554342,12555511
1150000,876206,213198,208.79,12517149,12513557
1151000,874674,212890,209.28,12533192,12534724
1152000,872955,213033,208.60,12454262,12455981
1153000,879227,212355,209.28,12581517,12575245
1154000,875417,211290,209.55,12520681,12524491
1155000,875311,211537,209.12,12452103,12452209
1156000,870042,210848,208.59,12484336,12489605
1157000,872836,209795,208.59,12503383,12500589
1158000,878715,209797,208.64,12572185,12566306
1159000,881703,208309,208.41,12713544,12710556
1160000,877567,209770,208.85,12641188,12645324
1161000,872915,209352,208.74,12475365,12480017
1162000,877938,208605,208.42,12655931,12650908
1163000,880873,207907,208.32,12680114,12677179
1164000,879869,208359,208.46,12724149,12725153
1165000,878686,209941,208.60,12667247,12668430
1166000,880449,209978,209.03,12700294,12698531
1167000,876594,210849,208.47,12636825,12640680
1168000,876561,210636,208.96,12630432,12630465
1169000,875937,212160,208.84,12576255,12576879
1170000,873654,213588,208.43,12631945,12634228
1171000,872591,212441,208.34,12555555,12556618
1172000,876927,212201,208.78,12650799,12646463
1173000,875786,211744,209.03,12584930,12586071
1174000,874079,211080,209.11,12516043,12517750
1175000,875824,210933,208.95,12537295,12535550
1176000,871730,210350,208.83,12446992,12451086
1177000,876609,210548,208.90,12489151,12484272
1178000,875804,210173,208.88,12526256,12527061
1179000,875599,209940,209.10,12599057,12599262
1180000,876127,209679,209.07,12475004,12474476
1181000,878613,210253,208.89,12491524,12489038
1182000,875174,209749,209.68,12499771,12503210
1183000,874926,209367,209.22,12435988,12436236
1184000,875302,209817,209.27,12431076,12430700
1185000,876266,213074,209.44,12428248,12427284
1186000,869498,212279,209.15,12341228,12347996
1187000,874862,210744,208.80,12455367,12450003
1188000,881224,209612,208.66,12621567,12615205
1189000,877074,211082,209.37,12571868,12576018
1190000,872866,211008,209.12,12416530,12420738
1191000,873022,212506,209.03,12439734,12439578
1192000,872510,212670,209.10,12456656,12457168
1193000,873154,212888,209.46,12357152,12356508
1194000,866697,213222,209.31,12205974,12212431
1195000,874395,213611,208.88,12350858,12343160
1196000,869848,216149,209.75,12371767,12376314
1197000,865063,215719,208.76,12222654,12227439
1198000,867222,216527,209.63,12231189,12229030
1199000,867339,217540,209.49,12187836,12187719
1200000,866582,218278,209.60,12185878,12186635
1201000,863952,218342,209.68,12074078,12076708
1202000,861081,216761,209.58,12077529,12080400
1203000,866921,216708,209.35,12157096,12151256
1204000,867782,217599,209.61,12240411,12239550
1205000,861757,216299,209.92,12068768,12074793
1206000,869843,216072,209.21,12178248,12170162
1207000,864577,215798,209.57,12144074,12149340
1208000,866073,217338,209.73,12147152,12145656
1209000,864872,219663,209.89,12097096,12098297
1210000,860821,219058,209.97,12066343,12070394
1211000,864838,220384,209.61,12047811,12043794
1212000,862224,220963,209.53,12077989,12080603
1213000,856761,220155,209.69,11989589,11995052
1214000,863072,219130,209.44,12085893,12079582
1215000,866336,220397,209.72,12227339,12224075
1216000,857218,220572,209.31,12043858,12052976
1217000,863853,220350,209.13,12133568,12126933
1218000,862661,221020,209.26,12148101,12149293
1219000,862331,220995,209.16,12132716,12133046
1220000,860158,219730,209.22,12136025,12138198
1221000,865368,219512,209.12,12206273,12201063
1222000,868351,217860,209.64,12237875,12234892
1223000,866819,217655,208.99,12182847,12184379
1224000,870653,215425,209.19,12284783,12280949
1225000,873789,213744,209.63,12339338,12336202
1226000,872285,211629,209.41,12297901,12299405
1227000,876611,211992,209.38,12444395,12440069
1228000,872689,210462,208.89,12426506,12430428
1229000,879525,210384,208.76,12682952,12676116
1230000,875619,210822,209.12,12492972,12496878
1231000,874811,210381,208.73,12575178,12575986
1232000,879230,210726,208.77,12560779,12556360
1233000,875622,211296,209.48,12522576,12526184
1234000,871464,212324,209.21,12385054,12389212
1235000,872426,211342,209.06,12438196,12437234
1236000,874695,210932,209.18,12461763,12459494
1237000,873050,210735,209.46,12411432,12413077
1238000,876205,210351,209.23,12429104,12425949
1239000,880140,212377,208.94,12588132,12584197
1240000,875441,212572,209.65,12543842,12548541
1241000,873137,214198,209.18,12434097,12436401
1242000,871752,214322,209.31,12440467,12441852
1243000,868328,216066,209.08,12341502,12344926
1244000,871687,213940,208.41,12381857,12378498
1245000,872951,213240,209.21,12530085,12528821
1246000,870492,214591,209.15,12422652,12425111
1247000,870157,213729,209.61,12352744,12353079
1248000,867480,215412,209.46,12317624,12320301
1249000,871004,215720,209.23,12307786,12304262
1250000,874128,215859,209.27,12350889,12347765
1251000,869521,213326,209.60,12276296,12280903
1252000,874646,213539,209.16,12364614,12359489
1253000,874573,212576,209.47,12365105,12365178
1254000,873513,212905,209.40,12340429,12341489
1255000,875628,210205,208.73,12437023,12434908
1256000,878595,208040,209.00,12556759,12553792
1257000,877570,208448,209.23,12495939,12496964
1258000,872987,207333,208.74,12414053,12418636
1259000,878989,207341,208.67,12600106,12594104
1260000,884170,207481,208.60,12748323,12743142
1261000,886271,207380,208.63,12755086,12752985
1262000,882544,208238,209.16,12697199,12700926
1263000,880599,209295,209.04,12596310,12598255
1264000,874294,210553,209.30,12517114,12523419
1265000,875335,210990,208.87,12469502,12468461
1266000,877907,211681,209.02,12584010,12581438
1267000,873452,210921,209.08,12477679,12482134
1268000,879582,212080,208.54,12537851,12531721
1269000,876803,211905,209.02,12612829,12615608
1270000,877261,211782,208.62,12571343,12570885
1271000,874482,212371,208.66,12523195,12525974
1272000,876342,213534,209.02,12545439,12543579
1273000,874991,211738,208.56,12520046,12521397
1274000,880629,211857,208.77,12670729,12665091
1275000,875863,211009,208.94,12572332,12577098
1276000,872024,210932,209.28,12484438,12488277
1277000,872099,211682,208.92,12423220,12423145
1278000,870791,212757,209.29,12413386,12414694
1279000,870106,212604,209.11,12379111,12379796
1280000,870713,214827,208.69,12387343,12386736
1281000,866781,215862,209.10,12333565,12337497
1282000,869364,215377,209.34,12329147,12326564
1283000,866374,215193,209.07,12232311,12235301
1284000,865671,215874,209.02,12240269,12240972
1285000,867653,216056,209.72,12223727,12221745
1286000,865490,215995,210.06,12190600,12192763
1287000,867853,218092,209.31,12205787,12203424
1288000,864318,218979,209.28,12230767,12234302
1289000,860399,218609,209.25,12081472,12085391
1290000,863939,218610,209.41,12124864,12121324
1291000,867866,217113,209.71,12220836,12216909
1292000,870714,217012,209.29,12330265,12327417
1293000,868711,216966,209.21,12278273,12280276
1294000,867599,215655,209.23,12305134,12306246
1295000,871444,213814,209.57,12375404,12371559
1296000,871578,213622,209.42,12341513,12341379
1297000,871137,213852,209.16,12362250,12362691
1298000,869484,213029,208.96,12345938,12347591
1299000,874880,213129,209.19,12427879,12422483
1300000,876655,214064,209.00,12463349,12461574
1301000,868925,213713,209.04,12426677,12434407
1302000,876706,213146,208.88,12428797,12421016
1303000,866628,213780,209.20,12365179,12375257
1304000,868681,214583,209.16,12323516,12321463
1305000,870906,215082,209.36,12393507,12391282
1306000,864153,214026,209.36,12219253,12226006
1307000,868275,216603,208.89,12274137,12270015
1308000,865325,216666,208.95,12292764,12295714
1309000,865897,216139,209.88,12215727,12215155
1310000,865797,217623,209.48,12096593,12096693
1311000,862314,217162,209.35,12118989,12122472
1312000,865200,215275,209.34,12129644,12126758
1313000,871532,214474,208.85,12307323,12300991
1314000,874402,213105,209.35,12390748,12387878
1315000,879059,213023,209.14,12500722,12496065
1316000,871177,212950,209.76,12345328,12353210
1317000,865855,212247,209.32,12213435,12218757
1318000,874283,213002,209.14,12410578,12402150
1319000,874681,212720,208.97,12482385,12481987
1320000,873562,210969,208.86,12492434,12493553
1321000,876547,211965,208.55,12538054,12535069
1322000,872971,211021,209.25,12518331,12521907
1323000,879385,214008,208.35,12566447,12560033
1324000,875314,214221,209.06,12536435,12540506
1325000,869828,213089,208.99,12414342,12419828
1326000,868536,213046,208.86,12385448,12386740
1327000,874641,212760,209.20,12465478,12459373
1328000,871625,213532,209.60,12321334,12324350
1329000,870806,215326,209.24,12308465,12309284
1330000,863637,215663,209.74,12216941,12224110
1331000,869543,216297,209.83,12207484,12201578
1332000,867476,217716,209.17,12237191,12239258
1333000,860469,216110,209.77,12145892,12152899
1334000,867024,215541,209.10,12155941,12149386
1335000,867782,216816,209.57,12280448,12279690
1336000,863025,216239,209.33,12144995,12149752
1337000,864945,216597,209.12,12236055,12234135
1338000,868932,217396,209.15,12327924,12323937
1339000,865701,219064,209.85,12213552,12216783
1340000,864482,221007,209.82,12067487,12068706
1341000,856937,221466,209.70,11994758,12002303
1342000,861554,220434,209.23,12065015,12060398
1343000,865554,221859,209.77,12161015,12157015
1344000,862391,222641,209.12,12062117,12065280
1345000,859687,221762,209.49,12090352,12093056
1346000,862149,222314,209.56,12076838,12074376
1347000,865031,221335,209.56,12179102,12176220
1348000,858705,219738,209.49,12066806,12073132
1349000,861111,219726,209.35,12137422,12135016
1350000,872587,219319,208.41,12306957,12295481
1351000,870262,219254,209.09,12406407,12408732
1352000,867384,219516,209.60,12308681,12311559
1353000,869787,218302,208.97,12255540,12253137
1354000,869443,219372,209.13,12366487,12366831
1355000,864259,217866,208.95,12305221,12310405
1356000,870703,215412,208.80,12387424,12380980
1357000,879685,213002,209.11,12567530,12558548
1358000,875258,212314,209.36,12456153,12460580
1359000,875550,212435,208.90,12455869,12455577
1360000,875871,211718,208.81,12477140,12476819
1361000,883436,210347,208.72,12647850,12640285
1362000,883417,210354,208.97,12651535,12651554
1363000,876564,211395,209.16,12612204,12619057
1364000,877568,210943,208.81,12514075,12513071
1365000,880590,210842,208.42,12653034,12650012
1366000,883209,208318,208.78,12750207,12747588
1367000,883407,208410,208.86,12706615,12706417
1368000,880308,208495,208.98,12675498,12678597
1369000,878642,207781,208.67,12652861,12654527
1370000,882485,206758,208.31,12715495,12711652
1371000,881327,206222,209.10,12682944,12684102
1372000,883751,208046,208.92,12686676,12684252
1373000,877969,209080,208.91,12588696,12594478
1374000,876813,210065,209.16,12509016,12510172
1375000,877456,209671,209.11,12470488,12469845
1376000,873703,211769,208.88,12482508,12486261
1377000,872212,213154,209.46,12352845,12354336
1378000,867491,214016,209.56,12227152,12231873
1379000,864359,215880,209.42,12210929,12214061
1380000,862558,216118,209.20,12155052,12156853
1381000,865870,216521,209.31,12196478,12193166
1382000,867775,216194,209.36,12159546,12157641
1383000,864845,216409,209.76,12152732,12155662
1384000,862266,217819,209.82,12123610,12126189
1385000,864277,218923,209.73,12062623,12060612
1386000,864316,219520,209.69,12124696,12124657
1387000,860099,219727,209.29,12082695,12086912
1388000,862708,219682,209.25,12191878,12189269
1389000,860608,220268,209.97,12046899,12048999
1390000,863716,217287,209.71,12005304,12002196
1391000,866101,217635,209.68,12144843,12142458
1392000,867235,219829,209.27,12201216,12200082
1393000,862501,217233,210.11,12173545,12178279
1394000,864994,216397,209.03,12196531,12194038
1395000,873977,213253,208.65,12445183,12436200
1396000,880355,213041,209.29,12575695,12569317
1397000,875196,212305,209.40,12440838,12445997
1398000,878858,211236,208.90,12483564,12479902
1399000,874504,211406,208.80,12501152,12505506
1400000,876610,209598,209.10,12528436,12526330
1401000,881044,209959,209.27,12644963,12640529
1402000,876319,210814,209.09,12553301,12558026
1403000,877612,211699,209.15,12559780,12558487
1404000,878203,213048,208.77,12578398,12577807
1405000,869952,211861,208.95,12428819,12437070
1406000,876858,212446,209.14,12562822,12555916
1407000,874818,211731,208.96,12520004,12522044
1408000,878392,213302,208.83,12581149,12577575
1409000,875375,213558,209.11,12477944,12480961
1410000,872322,212090,209.13,12394827,12397880
1411000,868901,213911,209.12,12347104,12350525
1412000,871078,215705,209.16,12345496,12343319
1413000,874572,214614,208.68,12419158,12415664
1414000,871446,214150,209.43,12341669,12344795
1415000,869137,216017,209.34,12282228,12284537
1416000,864819,216773,209.39,12220567,12224885
1417000,865739,215180,209.40,12195939,12195019
1418000,872463,215496,209.28,12254572,12247848
1419000,870897,215247,209.29,12280934,12282500
1420000,874710,214189,208.82,12377628,12373815
1421000,870883,212842,209.21,12348238,12352065
1422000,872660,215329,209.79,12334578,12332801
1423000,865346,217275,208.94,12181448,12188762
1424000,865771,217686,209.57,12257287,12256862
1425000,860411,217861,209.78,12073251,12078611
1426000,864171,220807,209.68,12067301,12063541
1427000,862094,221641,209.52,12036435,12038512
1428000,859330,220169,209.47,11990430,11993194
1429000,863798,220022,209.15,12186095,12181627
1430000,864807,218504,209.49,12150617,12149608
1431000,867334,219442,209.84,12134936,12132409
1432000,860342,219262,209.82,12100505,12107497
1433000,863852,219631,209.39,12066539,12063029
1434000,863896,217970,209.43,12112109,12112065
1435000,866959,216443,209.42,12149618,12146555
1436000,870928,214733,209.60,12223875,12219906
1437000,868606,214429,209.36,12230558,12232880
1438000,870284,213949,209.33,12303168,12301490
1439000,871471,214019,209.27,12345707,12344520
1440000,869636,216505,209.05,12320851,12322686
1441000,869888,215683,209.08,12305721,12305469
1442000,870513,216738,209.68,12357160,12356535
1443000,867958,215711,209.58,12238873,12241428
1444000,873561,215581,209.32,12327544,12321941
1445000,869627,215237,209.20,12287121,12291055
1446000,870724,214131,209.07,12259545,12258448
1447000,876454,214730,209.46,12391910,12386180
1448000,869974,215217,210.09,12229515,12235995
1449000,868078,214704,209.05,12177361,12179257
1450000,876614,212407,209.45,12417986,12409450
1451000,874493,211767,209.55,12353600,12355721
1452000,874039,211956,209.29,12368528,12368982
1453000,874748,211545,209.36,12382028,12381319
1454000,880180,211847,208.67,12491315,12485883
1455000,881273,208788,209.26,12578657,12577564
1456000,877844,208848,209.56,12496982,12500411
1457000,876659,209340,209.62,12413621,12414806
1458000,879102,209697,209.66,12432948,12430505
1459000,875103,209528,209.07,12433098,12437097
1460000,875534,209204,209.14,12439641,12439210
1461000,880194,209354,209.20,12559733,12555073
1462000,871918,210398,209.67,12403420,12411696
1463000,874203,211456,209.04,12316714,12314429
1464000,875143,212919,209.79,12388016,12387076
1465000,868821,213293,209.29,12293922,12300244
1466000,863695,213144,209.15,12246521,12251647
1467000,872387,214620,209.19,12353769,12345077
1468000,867850,213845,209.62,12316389,12320926
1469000,872568,213628,208.94,12263509,12258791
1470000,873716,213435,209.45,12346583,12345435
1471000,872332,213837,209.09,12384977,12386361
1472000,868512,214268,208.88,12349192,12353012
1473000,867406,215632,209.58,12325979,12327085
1474000,868931,216510,208.61,12317303,12315778
1475000,871834,216016,208.64,12418376,12415473
1476000,870499,215652,209.33,12414404,12415739
1477000,864187,216396,209.44,12191417,12197729
1478000,867892,217429,209.34,12246611,12242906
1479000,866787,216117,208.33,12313891,12314996
1480000,873849,214663,208.75,12489680,12482618
1481000,875360,215433,208.76,12493769,12492258
1482000,875528,215825,209.25,12497010,12496842
1483000,866341,216031,209.10,12345013,12354200
1484000,871860,214627,208.83,12423476,12417957
1485000,876599,214967,208.62,12489090,12484351
1486000,876619,213757,208.72,12501969,12501949
1487000,875590,212772,209.00,12550182,12551211
1488000,876728,212550,208.76,12569749,12568611
1489000,874525,211499,208.53,12597328,12599531
1490000,874701,211443,208.67,12558328,12558152
1491000,871806,212296,209.03,12446975,12449870
1492000,869595,214515,209.39,12325409,12327620
1493000,870745,215505,209.53,12352035,12350885
1494000,865388,215789,209.54,12183137,12188494
1495000,869047,216720,209.72,12230651,12226992
1496000,866435,216713,209.32,12222113,12224725
1497000,866449,216795,209.76,12159970,12159956
1498000,863974,217897,209.45,12149134,12151609
1499000,866848,218920,209.20,12244747,12241873
1500000,862073,220038,209.61,12122975,12127750
1501000,861077,219182,209.99,12039947,12040943
1502000,861790,220703,209.37,12070042,12069329
1503000,858826,219011,209.91,12028964,12031928
1504000,869743,219999,209.25,12148227,12137310
1505000,863701,218853,209.17,12174363,12180405
1506000,861642,218701,209.35,12114531,12116590
1507000,867425,216753,208.86,12223970,12218187
1508000,874120,216627,209.01,12476961,12470266
1509000,871207,215181,209.37,12419467,12422380
1510000,873889,215176,208.80,12429566,12426884
1511000,874029,214274,208.97,12472519,12472379
1512000,873364,215452,209.16,12426280,12426945
1513000,870709,216205,209.34,12399297,12401952
1514000,871817,216736,209.23,12335621,12334513
1515000,865639,215173,209.32,12231300,12237478
1516000,868390,215994,209.25,12263828,12261077
1517000,873526,213936,209.36,12376404,12371268
1518000,872659,216030,209.51,12356652,12357519
1519000,866557,217319,209.57,12250457,12256559
1520000,867570,218827,209.75,12239012,12237999
1521000,867465,219180,209.96,12162155,12162260
1522000,868736,217680,209.02,12171886,12170615
1523000,872558,217264,209.60,12281998,12278176
1524000,871523,217989,209.26,12212399,12213434
1525000,866135,215531,209.70,12175463,12180851
1526000,869184,216025,209.14,12193183,12190134
1527000,866709,216109,209.58,12263008,12265483
1528000,869733,216733,209.44,12262992,12259968
1529000,873054,214127,208.74,12360980,12357659
1530000,880693,212773,209.35,12558165,12550526
1531000,872885,213198,209.32,12370908,12378716
1532000,871984,213546,209.15,12295560,12296461
1533000,873835,211914,209.00,12366376,12364525
1534000,876711,212728,209.44,12471566,12468690
1535000,873463,212406,209.30,12391192,12394440
1536000,873411,211898,209.18,12446311,12446363
1537000,877974,211505,209.02,12469047,12464484
1538000,877246,212823,209.44,12476051,12476779
1539000,869460,213400,209.73,12325772,12333558
1540000,871199,212976,208.98,12322996,12321257
1541000,879204,212340,208.84,12529822,12521817
1542000,875309,211578,208.97,12579809,12583704
1543000,876287,212218,208.96,12439094,12438116
1544000,876760,212774,208.87,12514739,12514266
1545000,877767,212794,209.12,12524130,12523123
1546000,876619,211883,208.83,12567470,12568618
1547000,877198,212510,208.74,12562914,12562335
1548000,869695,212350,209.25,12403011,12410514
1549000,871156,214057,209.33,12403322,12401861
1550000,871727,214615,209.45,12320373,12319802
1551000,874794,214041,209.16,12421921,12418854
1552000,868389,214865,209.58,12298019,12304424
1553000,868191,214693,208.95,12256554,12256752
1554000,869890,216925,209.26,12377821,12376122
1555000,869507,218556,209.39,12303187,12303570
1556000,865079,219815,209.66,12180966,12185394
1557000,860658,219961,209.52,12083837,12088258
1558000,858921,220496,209.05,12122740,12124477
1559000,863607,219356,208.96,12160863,12156177
1560000,864195,219304,208.92,12248788,12248200
1561000,865528,219481,209.04,12316784,12315451
1562000,868395,218118,208.75,12277605,12274738
1563000,868090,219175,209.65,12300903,12301208
1564000,866224,218093,209.38,12249851,12251717
1565000,870069,218429,209.24,12316740,12312895
1566000,871988,216230,208.75,12406620,12404701
1567000,874121,215958,208.66,12512661,12510528
1568000,872476,214223,209.05,12552572,12554217
1569000,876272,214017,208.78,12561655,12557859
1570000,876507,213971,209.17,12528789,12528554
1571000,876104,214877,209.19,12493808,12494211
1572000,870945,213293,209.00,12379155,12384314
1573000,879416,212092,209.02,12463428,12454957
1574000,879662,211248,209.16,12552104,12551858
1575000,878185,209354,209.40,12509993,12511470
1576000,878121,207724,209.65,12516588,12516652
1577000,884458,206686,208.33,12679629,12673292
1578000,885990,205984,208.40,12789632,12788100
1579000,889240,202985,208.39,12876925,12873675
1580000,891047,203131,208.55,12947264,12945457
1581000,888072,204031,208.89,12819750,12822725
1582000,881757,203844,209.14,12724916,12731231
1583000,882435,206743,209.13,12648450,12647772
1584000,879921,206204,209.06,12570263,12572777
1585000,879176,207522,208.75,12593343,12594088
1586000,875340,210018,209.25,12572944,12576780
1587000,877219,210863,208.72,12501017,12499138
1588000,879135,211250,209.18,12581036,12579120
1589000,874876,212581,209.21,12495495,12499754
1590000,871579,214879,209.16,12351546,12354843
1591000,869639,214666,209.36,12245145,12247085
1592000,863987,215409,210.05,12164470,12170122
1593000,864490,217574,209.49,12082217,12081714
1594000,867601,214235,209.35,12326663,12323552
1595000,871877,215300,208.74,12311417,12307141
1596000,870053,214744,209.40,12395400,12397224
1597000,867426,216416,208.97,12288289,12290916
1598000,871223,217628,209.24,12340240,12336443
1599000,863686,218286,209.43,12182354,12189891
1600000,862614,219673,209.48,12113557,12114629
1601000,862306,220481,209.16,12078000,12078308
1602000,865230,219589,209.38,12152795,12149871
1603000,862117,219594,209.83,12110670,12113783
1604000,865574,219096,209.11,12077127,12073670
1605000,866115,219213,209.74,12179709,12179168
1606000,863584,219437,209.89,12121832,12124363
1607000,859871,218118,209.45,12073926,12077639
1608000,866586,217560,209.33,12171184,12164469
1609000,865610,217163,209.07,12227118,12228094
1610000,865924,217365,209.43,12200660,12200346
1611000,865364,216175,209.36,12215458,12216018
1612000,866609,215330,209.00,12284306,12283061
1613000,869724,215483,209.08,12353156,12350041
1614000,869246,215926,209.00,12279364,12279842
1615000,870180,215707,208.58,12383011,12382077
1616000,874822,211787,208.88,12520035,12515393
1617000,878260,211391,208.83,12580545,12577107
1618000,874424,213018,208.91,12479051,12482887
1619000,873111,212927,209.30,12356460,12357773
1620000,869535,212710,209.34,12314655,12318231
1621000,868626,212805,209.13,12274368,12275277
1622000,874487,213556,209.32,12423082,12417221
1623000,875600,211602,208.96,12470505,12469392
1624000,878070,212957,208.90,12572651,12570181
1625000,869477,212547,209.47,12426593,12435186
1626000,867966,213985,209.61,12304968,12306479
1627000,870646,215538,209.26,12285019,12282339
1628000,867646,214696,208.81,12323261,12326261
1629000,872300,214747,209.38,12305637,12300983
1630000,869874,213315,209.41,12249160,12251586
1631000,873866,214915,209.21,12455484,12451492
1632000,872197,214113,209.16,12324755,12326424
1633000,871976,214602,209.47,12301108,12301329
1634000,868585,215049,209.47,12162666,12166057
1635000,867702,215948,209.40,12216587,12217470
1636000,865304,215569,209.80,12102882,12105280
1637000,868377,216529,209.34,12233902,12230829
1638000,866576,214237,208.81,12271296,12273097
1639000,869510,214705,209.17,12330152,12327218
1640000,871574,215007,209.18,12387743,12385679
1641000,873485,213653,209.02,12369141,12367230
1642000,874772,214227,209.96,12424899,12423612
1643000,869948,215346,209.45,12287311,12292135
1644000,865200,216468,209.43,12238056,12242804
1645000,870125,216265,209.49,12297598,12292673
1646000,870044,217021,209.36,12235708,12235789
1647000,864668,218090,209.74,12222011,12227387
1648000,866165,217939,209.35,12164618,12163121
1649000,869598,216587,209.01,12262126,12258693
1650000,870356,215431,209.49,12305023,12304265
1651000,866930,215637,209.51,12183131,12186557
1652000,868054,218025,209.31,12233697,12232573
1653000,868852,217988,209.07,12276956,12276158
1654000,870106,216925,209.61,12382382,12381128
1655000,869302,218697,209.60,12254666,12255470
1656000,868687,217834,208.92,12232207,12232822
1657000,870603,216956,208.78,12340006,12338090
1658000,870352,217967,209.64,12357855,12358106
1659000,869144,217868,209.62,12186477,12187685
1660000,862187,219139,209.69,12090528,12097485
1661000,863308,217662,209.59,12091828,12090707
1662000,866586,218070,209.39,12165343,12162065
1663000,869166,218843,209.10,12252089,12249509
1664000,870672,218558,209.46,12318526,12317020
1665000,871924,216731,209.45,12313267,12312015
1666000,871912,215150,209.07,12319460,12319472
1667000,870927,213490,209.20,12318247,12319232
1668000,879047,212999,208.78,12448880,12440760
1669000,868512,211723,209.58,12412385,12422920
1670000,878014,212951,209.29,12391617,12382115
1671000,877628,212601,209.47,12445566,12445952
1672000,870206,212407,209.36,12304861,12312283
1673000,875154,211735,209.39,12425481,12420533
1674000,869716,210893,209.23,12425063,12430501
1675000,873922,211727,208.87,12348259,12344053
1676000,874111,212020,209.02,12505776,12505587
1677000,874362,214786,208.82,12457125,12456874
1678000,872782,214730,209.09,12472567,12474147
1679000,869607,212064,209.20,12397014,12400189
1680000,877165,213592,208.77,12480046,12472488
1681000,874352,213498,209.03,12468048,12470861
1682000,871402,214683,209.40,12435657,12438607
1683000,873147,215675,209.29,12397244,12395499
1684000,869414,215210,209.72,12297808,12301541
1685000,870878,215878,209.17,12283346,12281882
1686000,865726,215662,209.51,12289112,12294264
1687000,870019,215393,209.04,12241989,12237696
1688000,871132,215246,209.64,12329344,12328231
1689000,869663,216258,209.05,12299679,12301148
1690000,869301,215592,209.24,12305006,12305368
1691000,867239,215153,209.31,12267377,12269439
1692000,868938,215898,209.66,12235344,12233645
1693000,870164,215886,208.86,12228047,12226821
1694000,869230,213155,208.98,12331731,12332665
1695000,874636,213628,209.00,12415899,12410493
1696000,873163,215047,209.59,12436374,12437847
1697000,869190,214033,209.02,12362025,12365998
1698000,870499,212478,208.73,12410650,12409341
1699000,872325,212277,209.03,12487156,12485330
1700000,880852,214028,208.87,12470120,12461593
1701000,872152,212483,209.46,12422871,12431571
1702000,871286,211172,208.93,12362018,12362884
1703000,878557,209050,209.01,12545473,12538202
1704000,876348,208901,208.58,12539388,12541597
1705000,879739,209864,208.46,12627270,12623879
1706000,878137,210426,208.79,12629271,12630873
1707000,876090,209101,209.13,12491196,12493243
1708000,875939,209835,208.89,12500397,12500548
1709000,875749,211637,209.32,12418036,12418226
1710000,872428,211549,209.57,12349638,12352959
1711000,872892,212939,209.42,12235452,12234988
1712000,869341,213833,209.89,12299755,12303306
1713000,865762,215777,209.28,12118691,12122270
1714000,864321,216034,209.66,12163844,12165285
1715000,864915,216514,209.65,12183688,12183094
1716000,869296,216694,208.81,12280186,12275805
1717000,869058,215741,209.24,12284783,12285021
1718000,863224,216597,209.78,12111835,12117669
1719000,862043,218223,209.38,12038484,12039665
1720000,862592,216898,209.38,12065367,12064818
1721000,862951,217252,209.33,12140838,12140479
1722000,864448,217057,209.66,12145401,12143904
1723000,863798,218351,209.19,12124327,12124977
1724000,861898,218448,209.32,12226091,12227991
1725000,865506,219541,208.98,12242357,12238749
1726000,865235,220897,209.28,12237222,12237493
1727000,862475,221684,209.49,12151177,12153937
1728000,859483,221339,209.62,12062037,12065029
1729000,857027,221385,209.55,11997782,12000238
1730000,857948,220845,209.94,11940902,11939981
1731000,857780,220812,209.60,11949788,11949956
1732000,863984,221824,209.47,12067415,12061211
1733000,868023,220738,209.24,12226636,12222597
1734000,863998,220349,209.43,12210546,12214571
1735000,863155,219890,209.42,12151391,12152234
1736000,861723,218222,209.36,12117135,12118567
1737000,868923,218122,209.23,12245613,12238413
1738000,867464,217996,209.30,12328383,12329842
1739000,866712,216797,209.41,12295620,12296372
1740000,869207,216303,208.96,12305223,12302728
1741000,872065,216659,209.32,12345806,12342948
1742000,869693,217005,208.80,12324758,12327130
1743000,867236,215128,209.05,12333634,12336091
1744000,873570,213768,209.52,12369111,12362777
1745000,871251,214830,209.80,12293087,12295406
1746000,867009,214744,209.51,12218335,12222577
1747000,867550,214488,209.57,12245165,12244624
1748000,873406,214592,209.12,12369432,12363576
1749000,869182,213545,209.27,12341043,12345267
1750000,873419,213817,208.92,12401328,12397091
1751000,870898,213349,208.99,12459264,12461785
1752000,872584,213770,209.02,12411189,12409503
1753000,872007,214217,209.40,12432281,12432858
1754000,868948,212854,209.27,12318041,12321100
1755000,869260,215457,209.58,12293953,12293641
1756000,863159,216440,209.67,12161963,12168064
1757000,867435,215896,209.67,12131905,12127629
1758000,870311,215282,209.24,12252898,12250022
1759000,867837,215896,209.56,12225932,12228406
1760000,870843,216139,209.12,12301054,12298048
1761000,871760,215062,209.41,12393523,12392606
1762000,870462,213823,209.66,12337742,12339040
1763000,868239,215970,209.58,12220810,12223033
1764000,864993,217328,209.86,12124563,12127809
1765000,860537,217742,209.44,12144087,12148543
1766000,867467,217294,208.77,12214414,12207484
1767000,868070,216925,209.53,12250461,12249858
1768000,867727,217499,209.30,12166300,12166643
1769000,870750,216193,209.49,12247536,12244513
1770000,874444,214653,209.73,12328732,12325038
1771000,868203,214476,209.42,12222058,12228299
1772000,869702,215197,209.75,12279155,12277656
1773000,868639,214036,209.75,12163824,12164887
1774000,868348,214550,209.46,12254654,12254945
1775000,869123,213726,209.06,12297497,12296722
1776000,873503,212124,208.79,12459901,12455521
1777000,873626,211802,209.73,12484430,12484307
1778000,872966,212792,209.41,12256109,12256769
1779000,870556,214940,209.99,12264840,12267250
1780000,864162,216974,209.72,12147014,12153408
1781000,868637,215309,208.72,12228913,12224438
1782000,871244,215419,209.26,12347430,12344823
1783000,868373,214615,209.25,12258438,12261309
1784000,869418,211884,208.92,12342497,12341452
1785000,875865,211723,208.93,12466686,12460239
1786000,876420,212107,209.36,12458472,12457917
1787000,876659,212284,209.64,12409541,12409302
1788000,871788,212272,209.25,12344961,12349832
1789000,872880,211825,209.39,12367941,12366849
1790000,874855,210604,209.19,12428582,12426607
1791000,876543,210050,208.86,12450152,12448464
1792000,875455,210287,209.14,12508964,12510052
1793000,871926,209935,208.92,12449735,12453264
1794000,876437,209996,208.98,12455631,12451120
1795000,875843,211516,209.59,12421473,12422067
1796000,869773,212308,209.25,12226851,12232921
1797000,870140,213378,209.61,12270898,12270531
1798000,866521,214168,209.37,12229409,12233028
1799000,866900,215170,209.42,12177603,12177224
1800000,868276,215940,209.72,12166600,12165224
1801000,863083,215968,209.71,12118779,12123972
1802000,866093,217216,209.67,12185667,12182657
1803000,864085,216077,210.07,12162735,12164743
1804000,864494,216819,209.79,12089436,12089027
1805000,865352,218332,209.30,12127923,12127065
1806000,862541,218588,209.34,12197213,12200024
1807000,864988,218411,209.59,12188627,12186180
1808000,865192,216405,209.60,12168723,12168519
1809000,866625,214874,209.54,12231298,12229865
1810000,866694,214239,209.21,12284229,12284160
1811000,871051,214289,209.19,12326894,12322537
1812000,868432,212633,208.88,12292050,12294669
1813000,871191,214699,209.21,12383224,12380465
1814000,867986,215296,209.21,12286565,12289770
1815000,866587,212662,209.22,12297364,12298763
1816000,868260,212455,209.20,12353314,12351641
1817000,871372,211199,209.11,12386806,12383694
1818000,873844,209842,208.96,12507765,12505293
1819000,877351,208704,208.69,12583123,12579616
1820000,877779,206935,208.70,12614716,12614288
1821000,884191,207707,208.62,12713848,12707436
1822000,882573,207099,208.28,12828547,12830165
1823000,881830,205497,208.29,12832561,12833304
1824000,881684,206846,208.89,12736472,12736618
1825000,876299,207911,208.79,12576434,12581819
1826000,876510,207412,209.07,12674470,12674259
1827000,880076,208394,208.64,12579065,12575499
1828000,878430,210101,209.01,12573196,12574842
1829000,875625,209325,209.28,12525570,12528375
1830000,874816,209907,209.45,12426413,12427222
1831000,869678,210704,209.16,12346729,12351867
1832000,873151,210348,208.99,12383874,12380401
1833000,875167,212144,209.61,12395963,12393947
1834000,866082,213367,209.37,12261351,12270436
1835000,869297,215289,209.24,12251178,12247963
1836000,868322,216991,209.58,12295637,12296612
1837000,864138,216693,209.73,12192797,12196981
1838000,867056,217023,209.57,12251403,12248485
1839000,863465,216911,208.68,12261478,12265069
1840000,873647,215846,208.50,12496941,12486759
1841000,869907,215833,209.10,12430776,12434516
1842000,868028,216735,209.17,12273809,12275688
1843000,865903,216965,209.26,12244377,12246502
1844000,866627,215464,209.23,12190159,12189435
1845000,867386,216787,209.24,12259767,12259008
1846000,872888,214862,209.13,12325166,12319664
1847000,873208,214208,209.27,12404038,12403718
1848000,871207,214702,209.55,12349267,12351268
1849000,869752,213339,209.74,12306527,12307982
1850000,868517,214305,209.23,12266495,12267730
1851000,869978,214438,208.79,12355199,12353738
1852000,870292,212363,209.17,12317962,12317648
1853000,874847,214596,209.41,12366680,12362125
1854000,870541,214085,209.67,12296259,12300565
1855000,866404,215979,209.51,12238988,12243125
1856000,864726,216860,209.60,12183699,12185377
1857000,862340,216938,209.70,12138521,12140907
1858000,868123,217794,209.45,12222895,12217112
1859000,865337,216923,209.84,12188191,12190977
1860000,864862,217973,209.69,12109913,12110388
1861000,862499,218010,209.73,12071876,12074239
1862000,863378,217484,209.58,12078442,12077563
1863000,864476,217995,209.23,12175539,12174441
1864000,866292,218920,209.53,12175400,12173584
1865000,864077,220050,209.57,12074165,12076380
1866000,861617,220331,209.65,11997328,11999788
1867000,856564,221327,209.97,11936639,11941692
1868000,858115,221019,209.86,11847658,11846107
1869000,859061,221819,210.06,11910570,11909624
1870000,858448,222118,209.95,11921701,11922314
1871000,862220,221115,209.64,12020075,12016303
1872000,863932,221893,209.74,12013175,12011463
1873000,864673,222672,209.93,12030703,12029962
1874000,863364,222988,209.69,12037582,12038891
1875000,859855,223112,209.64,11933042,11936551
1876000,862780,223287,209.57,12020447,12017522
1877000,863126,220048,209.26,12108356,12108010
1878000,868137,217983,209.42,12263778,12258767
1879000,870485,217961,209.57,12282064,12279716
1880000,866888,216649,209.10,12311664,12315261
1881000,871262,216051,208.67,12341605,12337231
1882000,872311,215202,209.10,12434798,12433749
1883000,872831,214970,209.14,12474885,12474365
1884000,871608,213156,209.50,12441535,12442758
1885000,871842,214090,209.36,12323683,12323449
1886000,876243,215180,209.21,12407049,12402648
1887000,872987,215103,209.49,12358772,12362028
1888000,869967,213744,209.74,12281869,12284889
1889000,876768,214258,208.89,12468399,12461598
1890000,874610,211819,209.09,12495733,12497891
1891000,876671,212232,209.04,12466607,12464546
1892000,878057,213233,209.52,12491766,12490380
1893000,875132,211398,208.98,12513735,12516660
1894000,878600,210161,208.89,12505694,12502226
1895000,880162,210480,208.86,12605402,12603840
1896000,876381,210829,209.11,12508542,12512323
1897000,877143,209837,209.01,12472433,12471671
1898000,877437,209129,209.15,12492795,12492501
1899000,879601,209320,208.88,12556533,12554369
1900000,877649,207785,209.69,12517784,12519736
1901000,877607,208909,208.90,12460174,12460216
1902000,880303,208973,209.02,12569280,12566584
1903000,877606,207999,209.10,12530201,12532898
1904000,882070,211369,209.45,12556849,12552385
1905000,878423,212239,208.76,12531714,12535361
1906000,877264,213535,209.34,12562648,12563807
1907000,870800,215188,209.15,12351454,12357918
1908000,866018,216561,209.40,12218130,12222912
1909000,865844,217654,209.56,12112187,12112361
1910000,864337,218377,209.87,12078994,12080501
1911000,862757,219312,209.96,12049903,12051483
1912000,865638,219284,209.74,12060535,12057654
1913000,862617,220487,210.46,11990443,11993464
1914000,853908,223905,210.24,11815447,11824156
1915000,857915,221247,209.57,11974569,11970562
1916000,859834,220833,210.04,11962485,11960566
1917000,861599,221418,210.02,11943994,11942229
1918000,863200,219935,209.73,12055077,12053476
1919000,864484,218940,209.72,12058992,12057708
1920000,865254,218316,209.46,12155518,12154748
1921000,869450,217401,209.15,12191247,12187051
1922000,868252,216859,209.33,12286468,12287666
1923000,868969,215126,209.89,12257921,12257204
1924000,874433,215076,208.92,12321885,12316421
1925000,871396,212636,208.92,12391901,12394938
1926000,870565,210473,208.73,12458122,12458953
1927000,881823,211186,208.66,12627234,12615976
1928000,876079,210200,208.67,12594348,12600092
1929000,879029,208602,208.43,12622073,12619123
1930000,884971,209020,208.58,12818217,12812275
1931000,884055,207809,208.84,12769129,12770045
1932000,878598,208240,209.13,12615842,12621299
1933000,878983,208779,209.27,12531737,12531352
1934000,874549,211031,209.62,12397556,12401990
1935000,877722,212180,208.55,12461149,12457976
1936000,875280,212657,209.25,12431561,12434003
1937000,872424,214864,209.03,12406392,12409248
1938000,871486,214197,209.42,12356180,12357118
1939000,870829,213907,209.41,12311054,12311711
1940000,873368,213949,209.21,12332480,12329941
1941000,871487,211555,209.38,12395355,12397236
1942000,875335,211652,209.35,12464900,12461052
1943000,876823,212744,209.05,12463581,12462093
1944000,871997,209922,209.41,12436313,12441139
1945000,876787,209783,209.20,12432211,12427421
1946000,874236,211531,209.31,12425210,12427761
1947000,866676,211617,209.04,12297370,12304930
1948000,878556,211876,208.64,12522979,12511099
1949000,877995,209877,208.91,12589761,12590322
1950000,877571,210149,208.77,12586545,12586969
1951000,877940,209951,209.16,12582624,12582255
1952000,873609,209294,208.72,12476693,12481024
1953000,873432,211957,208.54,12503594,12503771
1954000,874063,213245,209.15,12569974,12569343
1955000,870046,212975,209.37,12376277,12380294
1956000,870062,213638,209.16,12318436,12318420
1957000,872408,215034,209.00,12343478,12341132
1958000,869998,214910,209.25,12352675,12355085
1959000,866515,215318,209.67,12274314,12277797
1960000,870118,215747,209.40,12222618,12219015
1961000,865424,217150,209.54,12154409,12159103
1962000,864951,217242,209.13,12167243,12167716
1963000,868828,217826,209.18,12306793,12302916
1964000,861965,217160,209.54,12231070,12237933
1965000,865956,216486,209.29,12175839,12171848
1966000,867804,217304,209.54,12234023,12232175
1967000,867323,217510,209.69,12214267,12214748
1968000,867502,217879,209.43,12176572,12176393
1969000,866982,218073,209.19,12137445,12137965
1970000,866170,220744,210.03,12080749,12081561
1971000,861125,220591,209.33,11993321,11998366
1972000,862182,219325,209.48,12062708,12061651
1973000,860987,220313,209.59,12051880,12053075
1974000,864747,219258,209.18,12025655,12021895
1975000,867679,219157,209.46,12251519,12248587
1976000,862532,216807,209.47,12205578,12210725
1977000,873505,215063,208.62,12304767,12293794
1978000,874672,211679,209.31,12474294,12473127
1979000,875085,212330,209.37,12394917,12394504
1980000,873622,212600,208.90,12386560,12388023
1981000,874906,212557,209.17,12474587,12473303
1982000,875439,211908,209.50,12423125,12422592
1983000,872878,211724,210.02,12398881,12401442
1984000,873265,211832,209.52,12312474,12312087
1985000,873483,211718,209.87,12374100,12373882
1986000,871022,211412,209.02,12304407,12306868
1987000,875542,209042,209.25,12461550,12457030
1988000,880714,209893,209.10,12522854,12517682
1989000,876782,210311,209.24,12464331,12468263
1990000,872793,211374,209.28,12374249,12378238
1991000,873481,213275,208.99,12409773,12409085
1992000,873242,211494,209.08,12461548,12461787
1993000,874582,209357,209.00,12472753,12471413
1994000,874171,211158,208.77,12530720,12531131
1995000,872417,210822,209.24,12435631,12437385
1996000,867321,211729,209.29,12375937,12381033
1997000,868122,212054,209.26,12399153,12398352
1998000,872001,213244,208.70,12429837,12425958
1999000,867732,213649,209.45,12329091,12333360
2000000,871567,213555,209.38,12283822,12279987
2001000,868864,213791,209.98,12304722,12307425
2002000,864533,215350,209.72,12163074,12167405
2003000,869648,216992,209.49,12190830,12185715
2004000,863764,217134,209.75,12169720,12175604
2005000,866004,216888,209.48,12187683,12185443
2006000,864345,217624,209.53,12134492,12136151
2007000,864725,217412,209.69,12153050,12152670
2008000,863398,216979,209.34,12166314,12167641
2009000,867394,215694,209.23,12288320,12284324
2010000,870192,213834,209.73,12230404,12227606
2011000,867945,212533,209.70,12216964,12219211
2012000,871419,212879,209.86,12202832,12199358
2013000,868821,213682,209.66,12188696,12191294
2014000,873560,212896,209.14,12296836,12292097
2015000,872014,212469,209.15,12408989,12410535
2016000,877125,211079,209.49,12475938,12470827
2017000,879574,210565,209.17,12536608,12534159
2018000,877560,210227,209.36,12465434,12467448
2019000,875332,211193,209.36,12372194,12374422
2020000,875360,210908,208.91,12434941,12434913
2021000,874660,212087,209.16,12490561,12491261
2022000,867484,213328,209.89,12275747,12282923
2023000,867115,213235,209.41,12225139,12225508
2024000,872410,213891,209.23,12309659,12304364
2025000,867228,214694,209.79,12360540,12365722
2026000,869381,215157,209.75,12217249,12215096
2027000,868122,214527,209.90,12167212,12168471
2028000,868216,214460,209.86,12170820,12170726
2029000,863019,214486,209.94,12127539,12132736
2030000,868084,214528,209.06,12147612,12142547
2031000,871347,214654,209.11,12313573,12310310
2032000,868065,213674,208.40,12371829,12375111
2033000,874809,211360,209.08,12482121,12475377
2034000,879246,212769,209.33,12551934,12547497
2035000,870599,212865,209.30,12384162,12392809
2036000,869037,213788,209.22,12295849,12297411
2037000,875788,214210,208.54,12373732,12366981
2038000,873507,215718,209.48,12413008,12415289
2039000,875299,215662,208.92,12388342,12386550
2040000,874145,213952,209.46,12418777,12419931
2041000,870993,214568,209.09,12327876,12331028
2042000,869120,215182,209.45,12332553,12334426
2043000,868071,215141,209.27,12285482,12286531
2044000,874664,213348,209.02,12411646,12405053
2045000,870935,211452,209.03,12436989,12440718
2046000,874716,212322,209.05,12424087,12420306
2047000,872602,214394,209.31,12420222,12422336
2048000,869463,213199,209.12,12347349,12350488
2049000,874329,211852,209.02,12358975,12354109
2050000,871061,211221,209.48,12415019,12418287
2051000,875216,211753,208.92,12422489,12418334
2052000,874185,213172,209.42,12472166,12473197
2053000,875305,212541,209.56,12328363,12327243
2054000,870897,214004,209.40,12351630,12356038
2055000,867761,212763,209.48,12236569,12239705
2056000,869531,213868,209.12,12284104,12282334
2057000,871697,212688,209.51,12287666,12285500
2058000,870754,213832,209.18,12339261,12340204
2059000,866223,215513,209.72,12180886,12185417
2060000,866998,217137,209.65,12162688,12161913
2061000,862753,215947,209.63,12112765,12117010
2062000,868244,217495,209.49,12201301,12195810
2063000,864060,217601,209.48,12162403,12166587
2064000,856452,218338,209.83,12053965,12061573
2065000,861387,218844,209.39,12046054,12041119
2066000,861905,218758,209.62,12091714,12091196
2067000,859860,219594,210.15,12053550,12055595
2068000,858102,220189,209.90,11948159,11949917
2069000,861706,221261,209.35,12047643,12044039
2070000,854783,221818,209.81,11956112,11963035
2071000,859661,222268,209.88,11934297,11929419
2072000,861854,222155,209.40,12129721,12127528
2073000,861626,222398,209.74,12173586,12173814
2074000,861203,223627,209.00,12097253,12097676
2075000,858138,224705,209.62,12073853,12076918
2076000,860021,224176,209.40,12047607,12045724
2077000,860945,221861,209.12,12087353,12086429
2078000,863478,221366,209.22,12151924,12149391
2079000,867296,219143,208.93,12260414,12256596
2080000,868081,218549,208.89,12331041,12330256
2081000,867778,218718,208.79,12384493,12384796
2082000,868517,218067,209.18,12342826,12342087
2083000,869098,217848,208.85,12294007,12293426
2084000,869890,217290,209.18,12382632,12381840
2085000,868419,215727,209.46,12322117,12323588
2086000,873845,214942,208.99,12378819,12373393
2087000,876413,214011,209.11,12452547,12449979
2088000,876183,212429,209.24,12465615,12465845
2089000,877237,211195,208.81,12476368,12475314
2090000,877569,209882,208.76,12528827,12528495
2091000,880337,209038,209.00,12606791,12604023
2092000,880808,205768,208.76,12644862,12644391
2093000,887358,207901,208.69,12809852,12803302
2094000,882372,207895,208.83,12723093,12728079
2095000,879202,208614,208.63,12639828,12642998
2096000,883023,209438,208.45,12707430,12703609
2097000,881758,209309,209.07,12736791,12738056
2098000,880891,209531,209.00,12627908,12628775
2099000,880651,210942,208.67,12644684,12644924
2100000,879931,212455,209.18,12660279,12660999
2101000,872326,213114,209.44,12495159,12502764
2102000,871320,211869,209.12,12357926,12358932
2103000,873862,212978,209.38,12456809,12454267
2104000,871672,213583,209.52,12306377,12308567
2105000,873464,212659,209.52,12330277,12328485
2106000,872641,214127,209.59,12390936,12391759
2107000,868969,213859,209.40,12315071,12318743
2108000,866190,215948,209.23,12251183,12253962
2109000,865006,214765,210.02,12197184,12198368
2110000,871153,216895,209.64,12200008,12193861
2111000,865776,216151,209.71,12179244,12184621
2112000,864128,215401,208.84,12169207,12170855
2113000,873691,215336,209.07,12392250,12382687
2114000,868983,214851,209.60,12338573,12343281
2115000,865681,217073,209.59,12245593,12248895
2116000,866616,216631,208.63,12248441,12247506
2117000,866589,216680,209.03,12392097,12392124
2118000,871933,214934,209.09,12441870,12436526
2119000,871783,215451,209.55,12393587,12393737
2120000,869535,216636,209.12,12267719,12269967
2121000,868735,214868,209.17,12260091,12260891
2122000,870367,216037,209.90,12283274,12281642
2123000,871914,213724,208.79,12332282,12330735
2124000,871224,212903,209.45,12330844,12331534
2125000,873606,213120,208.77,12448770,12446388
2126000,871198,210797,209.48,12402837,12405245
2127000,874281,211243,209.06,12418994,12415911
2128000,876921,211654,209.14,12460598,12457958
2129000,876563,211617,209.84,12417085,12417443
2130000,867804,212390,209.41,12276480,12285239
2131000,873280,211693,209.62,12305061,12299585
2132000,873457,211480,209.19,12264823,12264646
2133000,872674,212312,209.44,12342139,12342922
2134000,876542,213531,209.21,12347460,12343592
2135000,871347,216179,210.00,12278898,12284093
2136000,864826,216196,209.94,12097290,12103811
2137000,867475,218069,209.74,12138275,12135626
2138000,865680,216946,209.88,12055357,12057152
2139000,860830,216740,209.72,12010255,12015105
2140000,868895,216645,209.12,12148313,12140248
2141000,866432,216337,209.31,12192324,12194787
2142000,867328,216299,209.58,12338110,12337214
2143000,871466,217754,209.02,12292124,12287986
2144000,865729,216960,209.12,12248517,12254254
2145000,870642,217172,208.97,12318622,12313709
2146000,870374,214709,209.78,12331455,12331723
2147000,869998,214492,209.61,12215149,12215525
2148000,872064,211879,209.22,12293674,12291608
2149000,881153,211107,209.12,12507336,12498247
2150000,880823,210401,209.22,12579848,12580178
2151000,877560,211940,209.17,12594836,12598099
2152000,875349,210629,209.06,12488186,12490397
2153000,878215,211663,208.65,12554654,12551788
2154000,881923,211664,209.18,12604675,12600967
2155000,872682,212654,209.80,12427057,12436298
2156000,871536,214293,209.24,12320455,12321601
2157000,872354,215874,209.52,12417816,12416998
2158000,869438,215089,208.98,12386837,12389753
2159000,877208,214734,208.41,12563273,12555503
2160000,877187,214551,208.80,12569020,12569041
2161000,866614,214427,208.71,12414908,12425481
2162000,870654,216376,209.07,12446701,12442661
2163000,871556,214561,208.63,12449210,12448308
2164000,877334,212706,209.18,12507671,12501893
2165000,876434,213287,208.17,12484301,12485201
2166000,876429,211102,209.32,12570918,12570923
2167000,875296,211885,209.22,12498774,12499907
2168000,870758,210874,209.18,12388304,12392842
2169000,876311,211251,208.56,12562566,12557013
2170000,879822,209507,208.67,12693929,12690418
2171000,886158,207503,209.12,12766549,12760213
2172000,878440,207193,209.15,12600511,12608229
2173000,875543,208685,209.03,12539061,12541958
2174000,876884,209570,209.09,12468878,12467537
2175000,878485,208254,208.61,12582998,12581397
2176000,877782,208272,209.76,12539031,12539734
2177000,878056,209520,209.36,12391763,12391489
2178000,875164,209514,209.09,12426874,12429766
2179000,874013,211445,208.77,12424896,12426047
2180000,871874,211748,208.95,12454473,12456612
2181000,874603,211978,208.67,12476241,12473512
2182000,869889,213254,208.91,12490591,12495305
2183000,872774,213495,208.98,12448229,12445344
2184000,872753,213024,208.86,12461614,12461635
2185000,878816,214314,208.77,12490169,12484106
2186000,871812,214082,209.14,12482188,12489192
2187000,870477,213427,208.45,12361454,12362789
2188000,870012,215303,209.18,12370069,12370534
2189000,865836,217804,209.21,12266071,12270247
2190000,869152,217205,209.15,12300467,12297151
2191000,868855,216438,209.24,12263140,12263437
2192000,869440,215938,209.08,12330905,12330320
2193000,870986,214648,208.82,12376949,12375403
2194000,872030,214656,208.96,12447652,12446608
2195000,872855,214310,208.53,12447283,12446458
2196000,869460,214654,209.32,12374585,12377980
2197000,868789,214836,209.30,12311844,12312515
2198000,872882,212869,208.07,12381993,12377900
2199000,873764,212363,208.82,12571210,12570328
2200000,873456,213473,208.87,12494359,12494667
2201000,870814,213532,209.36,12464365,12467007
2202000,870159,216647,208.78,12355224,12355879
2203000,869829,216787,208.72,12390665,12390995
2204000,872614,215278,209.03,12478558,12475773
2205000,869653,215184,209.43,12407434,12410395
2206000,865100,214802,209.55,12204597,12209150
2207000,866685,213365,208.74,12263481,12261896
2208000,866306,212197,209.04,12376612,12376991
2209000,874087,212571,208.98,12373628,12365847
2210000,873356,212305,209.35,12465221,12465952
2211000,873228,212973,209.17,12325984,12326112
2212000,871918,214072,209.16,12397773,12399083
2213000,874948,214106,208.53,12488300,12485270
2214000,870923,214681,209.03,12460354,12464379
2215000,871200,214770,209.48,12396850,12396573
2216000,871692,215864,209.25,12360743,12360251
2217000,869316,215509,209.15,12266560,12268936
2218000,865547,216332,209.36,12232332,12236101
2219000,863467,218112,208.68,12199235,12201315
2220000,863719,219628,209.47,12261471,12261219
2221000,859761,218647,209.51,12097212,12101170
2222000,861608,219956,209.87,12040561,12038714
2223000,855850,222058,209.35,11936880,11942638
2224000,862216,221614,209.11,12094734,12088368
2225000,862066,221595,209.36,12182207,12182357
2226000,863531,219571,209.33,12118698,12117233
2227000,863901,219209,208.57,12217282,12216912
2228000,867096,218727,209.13,12305453,12302258
2229000,869918,218644,209.23,12273928,12271106
2230000,864925,218384,209.45,12190728,12195721
2231000,866015,218698,209.42,12215330,12214240
2232000,868306,218912,209.02,12368970,12366679
2233000,861935,218125,209.68,12205150,12211521
2234000,864289,217646,208.77,12195070,12192716
2235000,873848,216726,208.70,12396683,12387124
2236000,872877,215440,209.39,12382449,12383420
2237000,875679,215256,209.13,12414499,12411697
2238000,876003,214598,209.49,12423152,12422828
2239000,874661,213058,208.94,12443424,12444766
2240000,877428,212457,208.92,12503643,12500876
2241000,877639,213956,208.86,12542629,12542418
2242000,872886,212834,208.92,12469416,12474169
2243000,869280,214177,209.56,12371815,12375421
2244000,867407,216451,208.95,12245223,12247096
2245000,865404,216987,209.65,12232676,12234679
2246000,863595,217712,209.97,12084165,12085974
2247000,859111,218624,209.15,12087825,12092309
2248000,867812,218761,208.92,12294380,12285679
2249000,865679,217252,209.28,12285026,12287159
2250000,869570,216265,208.45,12274476,12270585
2251000,870546,215826,209.48,12379528,12378552
2252000,865691,216830,209.94,12212885,12217740
2253000,861242,216747,209.07,12074030,12078479
2254000,867884,215769,209.16,12259889,12253247
2255000,873779,214624,208.47,12450637,12444742
2256000,874655,212795,208.71,12519744,12518868
2257000,875774,212806,209.28,12498688,12497569
2258000,871879,212969,209.37,12402627,12406522
2259000,873728,212882,209.33,12416816,12414967
2260000,876958,212967,209.19,12452093,12448863
2261000,872495,213497,209.39,12395817,12400280
2262000,867871,212740,209.52,12290548,12295172
2263000,871232,214706,209.10,12288191,12284830
2264000,870774,215280,209.11,12341227,12341685
2265000,868879,216743,209.22,12293193,12295088
2266000,867469,216241,209.75,12233748,12235158
2267000,870046,216234,209.85,12192753,12190176
2268000,867614,215278,209.61,12156923,12159355
2269000,864249,216627,209.31,12177144,12180509
2270000,866436,217184,209.61,12264334,12262147
2271000,865052,217581,209.32,12178360,12179744
2272000,868780,217524,209.21,12297291,12293563
2273000,869019,218954,209.08,12265366,12265127
2274000,867854,219534,209.38,12268874,12270039
2275000,863041,219710,209.57,12203603,12208416
2276000,861425,219676,209.15,12191211,12192827
2277000,865333,219178,208.73,12224946,12221038
2278000,868335,219963,209.11,12370631,12367629
2279000,860369,218641,209.60,12163520,12171486
2280000,864205,219172,209.13,12163320,12159484
2281000,865821,220240,209.02,12275911,12274295
2282000,867302,218252,209.21,12256903,12255422
2283000,865065,217530,209.55,12198432,12200669
2284000,867986,216801,209.39,12191313,12188392
2285000,867361,215381,209.59,12235379,12236004
2286000,867247,214792,209.31,12231087,12231201
2287000,869818,213553,209.27,12358077,12355506
2288000,873018,212134,209.31,12373737,12370537
2289000,874443,212389,209.01,12411097,12409672
2290000,874862,213042,209.14,12417341,12416922
2291000,871627,213220,208.89,12453308,12456543
2292000,869760,212022,209.28,12384255,12386122
2293000,873472,213812,209.16,12341142,12337430
2294000,871082,214368,209.44,12354843,12357233
2295000,872659,214337,210.17,12312510,12310933
2296000,866803,214642,210.19,12066420,12072276
2297000,862853,215826,210.06,12028348,12032298
2298000,866874,216058,209.21,12183823,12179802
2299000,869046,216277,209.08,12227741,12225569
2300000,868525,216587,208.96,12224507,12225028
2301000,869243,214532,209.26,12331040,12330322
2302000,868175,213433,209.39,12258533,12259601
2303000,867860,214133,209.06,12267604,12267919
2304000,869713,214931,209.41,12319265,12317412
2305000,875192,213279,209.30,12395024,12389545
2306000,869110,213166,209.18,12354678,12360760
2307000,870697,213211,209.09,12348011,12346424
2308000,876617,213955,209.15,12457789,12451869
2309000,873059,214098,209.43,12448219,12451777
2310000,874982,213443,208.60,12418655,12416732
2311000,872611,213675,209.24,12455085,12457456
2312000,868888,214914,209.57,12362351,12366074
2313000,868360,214170,209.09,12278143,12278671
2314000,871941,215199,209.22,12424802,12421221
2315000,870877,215685,208.92,12394328,12395392
2316000,870666,214173,208.65,12426531,12426742
2317000,872511,216474,208.90,12445534,12443689
2318000,868097,216195,209.46,12367439,12371853
2319000,870147,217699,209.16,12232299,12230249
2320000,867461,217312,209.27,12354533,12357219
2321000,867775,216959,209.18,12313707,12313393
2322000,870239,216868,209.36,12347341,12344877
2323000,865497,216884,209.05,12222047,12226789
2324000,865317,215916,209.12,12283885,12284065
2325000,873395,215573,208.88,12361769,12353691
2326000,871679,213920,209.35,12366207,12367923
2327000,872915,215569,208.78,12381991,12380755
2328000,865887,216765,209.33,12298031,12305059
2329000,866477,215062,209.18,12341949,12341359
2330000,870729,213292,209.02,12361180,12356928
2331000,876126,214846,209.35,12433428,12428031
2332000,871334,212747,209.51,12368393,12373185
2333000,868771,212858,208.90,12387867,12390430
2334000,878861,211383,208.35,12575384,12565294
2335000,877814,210986,208.54,12677427,12678474
2336000,876074,211635,209.08,12560949,12562689
2337000,876359,212025,209.15,12539897,12539612
2338000,875616,212518,209.27,12452410,12453153
2339000,873892,213612,209.54,12333340,12335064
2340000,872271,215289,209.93,12284011,12285632
2341000,865508,214119,209.75,12148603,12155366
2342000,871154,215527,209.16,12200160,12194514
2343000,869930,214233,209.43,12273344,12274568
2344000,872138,214206,209.33,12259648,12257440
2345000,868646,213782,209.51,12259498,12262990
2346000,872487,214438,208.77,12346794,12342953
2347000,868931,214313,209.23,12376401,12379957
2348000,870006,215756,208.97,12354700,12353625
2349000,873244,215528,209.38,12319263,12316025
2350000,866897,217428,209.70,12229580,12235927
2351000,863299,217947,209.25,12149046,12152644
2352000,867878,216187,209.26,12241824,12237245
2353000,870932,215098,209.41,12362679,12359625
2354000,868751,214857,209.49,12281334,12283515
2355000,868281,215403,209.50,12249631,12250101
2356000,867890,214176,209.78,12322534,12322925
2357000,870390,214638,209.34,12303289,12300789
2358000,868887,214699,209.37,12274624,12276127
2359000,870460,215948,209.29,12347731,12346158
2360000,871900,215292,209.26,12373102,12371662
2361000,865447,216316,209.62,12249807,12256260
2362000,865873,216310,209.84,12102647,12102221
2363000,868412,214891,209.42,12233587,12231048
2364000,866636,213182,209.39,12230622,12232398
2365000,869997,213174,209.09,12307000,12303639
2366000,876298,214199,208.78,12419908,12413607
2367000,873658,215586,209.35,12456722,12459362
2368000,866439,213373,208.77,12265146,12272365
2369000,870503,213378,209.07,12441591,12437527
2370000,870868,214538,209.14,12459484,12459119
2371000,872217,214997,209.25,12330408,12329059
2372000,862840,217503,209.86,12145768,12155145
2373000,864885,217345,209.70,12085908,12083863
2374000,863945,217971,209.49,12144281,12145221
2375000,866826,217477,209.38,12168024,12165143
2376000,866651,217468,208.82,12227286,12227461
2377000,866116,217282,209.55,12274082,12274617
2378000,870997,217583,209.43,12234459,12229578
2379000,863989,218750,209.47,12171411,12178419
2380000,863344,218080,209.34,12094943,12095588
2381000,868570,217507,209.12,12216745,12211519
2382000,868162,217221,209.77,12250930,12251338
2383000,867383,216853,209.03,12255456,12256235
2384000,870493,217257,209.61,12391512,12388402
2385000,866093,217704,209.33,12229249,12233649
2386000,866999,218107,209.02,12230864,12229958
2387000,869964,217128,209.53,12292156,12289191
2388000,865463,216407,209.56,12250616,12255117
2389000,868495,218434,209.12,12227159,12224127
2390000,865441,218065,209.21,12207928,12210982
2391000,867783,218366,209.52,12302896,12300554
2392000,864944,217763,209.11,12232214,12235053
2393000,867247,220105,208.73,12299188,12296885
2394000,865964,219393,208.48,12404314,12405597
2395000,867439,218743,208.94,12341417,12339942
2396000,870085,218655,209.05,12373099,12370453
2397000,865934,217142,209.02,12363606,12367757
2398000,868557,216470,208.90,12328136,12325513
2399000,873690,214713,209.24,12410204,12405071
2400000,874611,213272,208.54,12497114,12496193
2401000,880011,210911,208.54,12660036,12654636
2402000,881322,210620,208.63,12709483,12708172
2403000,883614,210122,208.46,12778048,12775756
2404000,878841,210135,208.56,12691337,12696110
2405000,878801,210546,208.92,12614641,12614681
2406000,878590,210640,208.69,12568898,12569109
2407000,875123,211022,208.89,12567559,12571026
2408000,875260,209451,209.00,12559046,12558909
2409000,882404,211558,208.34,12589446,12582302
2410000,875047,211890,208.83,12578434,12585791
2411000,870467,211541,208.80,12398107,12402687
2412000,878906,211883,209.03,12492896,12484457
2413000,872710,212480,209.87,12370590,12376786
2414000,869611,213627,208.97,12291761,12294860
2415000,872532,214316,208.63,12456043,12453122
2416000,875549,215415,209.17,12451232,12448215
2417000,873408,215581,209.06,12431961,12434102
2418000,872479,214288,209.26,12411138,12412067
2419000,869989,215024,209.23,12396984,12399474
2420000,869282,216200,209.13,12303417,12304124
2421000,865524,216096,209.66,12268554,12272312
2422000,864508,217419,209.44,12164110,12165126
2423000,867557,215458,209.56,12182380,12179331
2424000,866033,215354,209.56,12229364,12230888
2425000,868683,214430,209.10,12215407,12212757
2426000,871694,215075,209.29,12318433,12315422
2427000,867670,215048,209.34,12286356,12290380
2428000,867575,214548,208.83,12276096,12276191
2429000,871826,216117,208.63,12384119,12379868
2430000,870696,216958,209.26,12397202,12398332
2431000,865189,215499,209.30,12261920,12267427
2432000,870737,217920,209.24,12258137,12252589
2433000,868306,218354,209.42,12237521,12239952
2434000,863694,217278,209.42,12147461,12152073
2435000,863516,216105,209.25,12136211,12136389
2436000,868699,216619,209.31,12202941,12197758
2437000,868257,217170,209.39,12206132,12206574
2438000,867953,217799,209.41,12268604,12268908
2439000,869053,215832,209.12,12351332,12350232
2440000,874837,216255,208.82,12435359,12429575
2441000,874270,215523,209.04,12399919,12400486
2442000,870892,216094,209.44,12385639,12389017
2443000,869110,215873,209.12,12342691,12344473
2444000,873286,215358,209.10,12337963,12333787
2445000,871739,214591,209.72,12354530,12356077
2446000,873126,216031,209.45,12308514,12307127
2447000,868630,215134,209.32,12264221,12268717
2448000,872495,215789,209.07,12323273,12319408
2449000,866927,215851,209.55,12288102,12293670
2450000,873707,215033,209.01,12354553,12347773
2451000,870330,215415,209.41,12386168,12389545
2452000,873849,214086,208.49,12390580,12387061
2453000,878356,213740,209.05,12571720,12567213
2454000,873042,213515,209.32,12531562,12536876
2455000,871653,215157,209.06,12434667,12436056
2456000,868523,214037,208.79,12433006,12436136
2457000,875104,213538,208.82,12522922,12516341
2458000,873238,212615,208.78,12487032,12488898
2459000,873021,213026,208.64,12427001,12427218
2460000,874734,212759,208.98,12511195,12509482
2461000,876646,212564,209.73,12450742,12448830
2462000,870334,212053,209.34,12211334,12217646
2463000,872299,212768,209.58,12290357,12288392
2464000,871748,213914,209.06,12345848,12346399
2465000,874895,213805,209.07,12431180,12428033
2466000,874301,213554,208.89,12480792,12481386
2467000,872569,214534,209.50,12406530,12408262
2468000,870962,214441,209.52,12288418,12290025
2469000,869781,215226,209.21,12273164,12274345
2470000,873133,217016,209.65,12364888,12361536
2471000,868492,217139,209.63,12271251,12275892
2472000,865987,215876,209.64,12132923,12135428
2473000,866575,216494,209.48,12192307,12191719
2474000,866301,215474,209.16,12178824,12179098
2475000,875446,214351,208.56,12457390,12448245
2476000,874475,215583,208.99,12440494,12441465
2477000,868872,215821,209.31,12330148,12335751
2478000,869928,216170,209.46,12275676,12274620
2479000,868504,215740,209.52,12260606,12262030
2480000,867132,217578,209.55,12222541,12223913
2481000,862950,218600,209.69,12148648,12152830
2482000,860395,218721,209.70,12087734,12090289
2483000,866261,217931,209.08,12163661,12157795
2484000,867779,220149,209.67,12222308,12220790
2485000,862404,219452,209.46,12122278,12127653
2486000,867957,217913,208.99,12200509,12194956
2487000,866479,216494,209.17,12306619,12308097
2488000,867752,216184,209.38,12310747,12309474
2489000,866901,216523,209.21,12280417,12281268
2490000,869386,217002,209.17,12292663,12290178
2491000,870307,213910,209.35,12325772,12324851
2492000,873685,215673,209.37,12316938,12313560
2493000,866418,216775,209.44,12231766,12239033
2494000,870842,216276,209.22,12329502,12325078
2495000,871944,214939,208.59,12381345,12380243
2496000,873757,216241,209.32,12478896,12477083
2497000,868395,217063,209.08,12361769,12367131
2498000,865890,216889,209.47,12179518,12182023
2499000,869437,218596,209.50,12202234,12198687
2500000,864535,218609,209.36,12148182,12153084
2501000,865267,216276,209.55,12156422,12155690
2502000,871999,215846,209.20,12342714,12335982
2503000,869159,214423,209.08,12294135,12296975
2504000,875123,214372,209.39,12448705,12442741
2505000,871519,213971,209.33,12341019,12344623
2506000,872306,213988,209.23,12371967,12371180
2507000,869158,214592,208.93,12347584,12350732
2508000,871474,214063,209.13,12473656,12471340
2509000,872526,215616,209.35,12427061,12426009
2510000,874255,215122,209.28,12434810,12433081
2511000,872042,215338,208.76,12455136,12457349
2512000,868835,214945,208.86,12446906,12450113
2513000,872579,213720,208.94,12434321,12430577
2514000,872222,214089,209.11,12405282,12405639
2515000,871866,214677,208.83,12455076,12455432
2516000,872409,213331,208.65,12447411,12446868
2517000,877038,213286,209.18,12538228,12533599
2518000,872725,215610,209.45,12408550,12412863
2519000,872881,213895,209.70,12332787,12332631
2520000,874022,213235,209.21,12381464,12380323
2521000,874234,214327,209.34,12415882,12415670
2522000,869627,213710,209.13,12312331,12316938
2523000,873401,211965,208.76,12391792,12388018
2524000,875687,211972,209.59,12521592,12519306
2525000,867488,211583,209.54,12247784,12255983
2526000,874854,211685,209.00,12398831,12391465
2527000,871117,212537,209.30,12407166,12410903
2528000,870356,211547,209.00,12356780,12357541
2529000,877794,211332,208.89,12553169,12545731
2530000,877816,213003,209.06,12486725,12486703
2531000,874981,213599,209.37,12438974,12441809
2532000,866751,213042,209.50,12312494,12320724
2533000,873479,214535,208.77,12361293,12354565
2534000,875639,213444,209.03,12473597,12471437
2535000,877210,214071,210.16,12379306,12377735
2536000,867068,213574,209.72,12205666,12215808
2537000,872158,214339,209.18,12319787,12314697
2538000,873968,214041,209.14,12431477,12429667
2539000,875539,211548,209.14,12466650,12465079
2540000,877428,212388,208.68,12478229,12476340
2541000,873814,213068,209.24,12486625,12490239
2542000,874606,212690,209.04,12414743,12413951
2543000,871474,212313,209.27,12376939,12380071
2544000,878741,211552,208.76,12454883,12447616
2545000,877946,210077,208.87,12536944,12537739
2546000,871952,208626,209.13,12454342,12460336
2547000,877419,207951,209.76,12452382,12446915
2548000,876683,208157,209.26,12456177,12456913
2549000,873725,209577,208.75,12439067,12442025
2550000,877785,209761,208.95,12538256,12534196
2551000,875134,209841,209.03,12570010,12572661
2552000,875477,210543,208.88,12512363,12512020
2553000,874369,210994,209.03,12504548,12505656
2554000,873979,211942,208.71,12452853,12453243
2555000,873112,212647,208.80,12536830,12537697
2556000,871350,212873,209.23,12480993,12482755
2557000,871844,212687,209.52,12349032,12348538
2558000,870999,213971,209.27,12348430,12349275
2559000,868513,213939,209.38,12312961,12315447
2560000,874332,213973,209.08,12401943,12396124
2561000,871305,214115,209.21,12393322,12396349
2562000,871990,213188,208.67,12340463,12339778
2563000,873994,212788,209.07,12448319,12446315
2564000,872186,212154,209.34,12464462,12466270
2565000,870385,213062,209.16,12364844,12366645
2566000,868926,213548,209.37,12342649,12344108
2567000,871897,213671,208.65,12394019,12391048
2568000,875821,212357,209.14,12508255,12504331
2569000,873971,212358,209.26,12452230,12454080
2570000,873542,213036,209.13,12411043,12411472
2571000,876920,213069,209.22,12432310,12428932
2572000,874492,213322,209.41,12409217,12411645
2573000,869606,213443,209.83,12250155,12255041
2574000,868469,215421,210.08,12166700,12167837
2575000,869066,214144,208.73,12281608,12281011
2576000,871268,215360,209.77,12351452,12349250
2577000,871173,214627,209.40,12242655,12242750
2578000,871751,213459,209.34,12311175,12310597
2579000,870697,212760,209.57,12240692,12241746
2580000,872153,212667,209.65,12240619,12239163
2581000,874568,212174,209.34,12323449,12321034
2582000,872970,210663,209.22,12334960,12336558
2583000,871741,212240,209.09,12357909,12359138
2584000,872586,211521,208.63,12425020,12424175
2585000,879373,210166,208.93,12625423,12618636
2586000,876395,211847,209.45,12492904,12495882
2587000,870866,213150,209.11,12373741,12379270
2588000,871991,214203,209.13,12424201,12423076
2589000,871034,213599,208.86,12392764,12393721
2590000,869661,215925,209.26,12371348,12372721
2591000,864538,215805,208.96,12212687,12217810
2592000,867186,216676,209.11,12343751,12341103
2593000,866704,215755,208.79,12260099,12260581
2594000,868724,216204,208.96,12339788,12337768
2595000,869422,216861,209.57,12329127,12328429
2596000,863813,216107,209.15,12189714,12195323
2597000,869693,215854,208.76,12305726,12299846
2598000,867856,216036,209.49,12271527,12273364
2599000,863696,216096,209.23,12263630,12267790
2600000,869763,215996,209.11,12277443,12271376
2601000,870241,217265,209.49,12316392,12315914
2602000,865594,216933,209.28,12171243,12175890
2603000,866736,216760,209.48,12245161,12244019
2604000,869141,216929,209.95,12219535,12217130
2605000,862920,216246,209.68,12092322,12098543
2606000,866577,216030,209.24,12136355,12132698
2607000,863623,216668,209.86,12088576,12091530
2608000,867678,218273,209.53,12120243,12116188
2609000,864843,217325,209.28,12191026,12193861
2610000,864657,216713,209.71,12164269,12164455
2611000,865581,218170,209.38,12111622,12110698
2612000,865893,218795,209.68,12215109,12214797
2613000,862025,218075,209.01,12111430,12115298
2614000,871263,217289,209.24,12313494,12304256
2615000,867723,215000,209.74,12283125,12286665
2616000,866368,215370,209.82,12117656,12119011
2617000,865945,214797,209.22,12212305,12212728
2618000,873444,214747,209.25,12342510,12335011
2619000,876000,213842,209.09,12446572,12444016
2620000,874070,212830,209.51,12422450,12424380
2621000,872792,211350,209.40,12368490,12369768
2622000,876291,210439,209.41,12409234,12405735
2623000,878371,210805,209.41,12429757,12427677
2624000,877638,210976,209.13,12464174,12464907
2625000,875098,210154,209.72,12471522,12474062
2626000,877795,211275,209.19,12467743,12465046
2627000,871025,212636,209.71,12404821,12411591
2628000,869914,212424,209.42,12243824,12244935
2629000,872387,214002,209.63,12337044,12334571
2630000,867855,215028,209.55,12209130,12213662
2631000,866444,214941,209.17,12195261,12196672
2632000,870052,215289,209.55,12210957,12207349
2633000,868333,214835,209.18,12189062,12190781
2634000,869787,214536,209.70,12257744,12256290
2635000,866758,214139,209.31,12224488,12227517
2636000,867779,214328,209.12,12234224,12233203
2637000,868733,214036,209.16,12296954,12296000
2638000,867563,214340,209.77,12315149,12316319
2639000,867447,214483,209.44,12216419,12216535
2640000,872531,214500,209.31,12338473,12333389
2641000,874285,215401,208.67,12393942,12392188
2642000,868734,215818,209.06,12358545,12364096
2643000,870094,215172,209.35,12344435,12343075
2644000,866721,215507,209.58,12266406,12269779
2645000,864262,216154,209.38,12138301,12140760
2646000,866513,215464,209.20,12294119,12291868
2647000,867554,216310,209.07,12236709,12235668
2648000,869936,216598,209.48,12290966,12288584
2649000,866842,215283,209.66,12211418,12214512
2650000,866972,213439,208.95,12171538,12171408
2651000,874364,211600,209.36,12351115,12343723
2652000,871611,210411,209.16,12341085,12343838
2653000,872954,210813,209.33,12366492,12365149
2654000,869824,211763,209.31,12362326,12365456
2655000,872516,212266,208.58,12451531,12448839
2656000,875212,211706,208.95,12470267,12467571
2657000,873339,210324,209.11,12472179,12474052
2658000,874459,210699,208.73,12491459,12490339
2659000,876274,210795,208.76,12564682,12562867
2660000,874426,211831,208.75,12501150,12502998
2661000,873304,212619,208.94,12466604,12467726
2662000,874609,212586,208.73,12440178,12438873
2663000,871166,213244,208.49,12479960,12483403
2664000,871834,213342,209.06,12502478,12501810
2665000,872709,214315,209.08,12379493,12378618
2666000,869662,215531,209.13,12290381,12293428
2667000,871346,216250,209.44,12348670,12346986
2668000,869247,217358,209.50,12264243,12266342
2669000,866821,218629,209.14,12244413,12246839
2670000,865066,219888,209.49,12179016,12180771
2671000,866296,218719,209.02,12182173,12180943
2672000,865483,217732,209.26,12135395,12136208
2673000,864837,218677,209.54,12176557,12177203
2674000,865104,218909,209.40,12148792,12148525
2675000,860272,219188,210.14,12040376,12045208
2676000,855087,220084,209.85,11872864,11878049
2677000,865138,218672,209.05,12020648,12010597
2678000,863332,216721,209.55,12112006,12113812
2679000,867457,216941,209.54,12166698,12162573
2680000,865902,215584,209.49,12187820,12189375
2681000,865637,214679,208.97,12246110,12246375
2682000,872548,213655,209.00,12322503,12315592
2683000,871715,213025,209.35,12416872,12417705
2684000,871139,213678,209.16,12397529,12398105
2685000,873724,213447,209.03,12376112,12373527
2686000,869336,212857,208.79,12359622,12364010
2687000,877568,211820,208.82,12544236,12536004
2688000,875158,213455,209.31,12466597,12469007
2689000,871355,213029,209.25,12379247,12383050
2690000,873729,215590,208.79,12406804,12404430
2691000,868947,215684,209.39,12376017,12380799
2692000,866686,215801,209.04,12283732,12285993
2693000,866611,217650,208.89,12336373,12336448
2694000,868390,217138,209.64,12218405,12216626
2695000,861601,217186,209.98,12100884,12107673
2696000,865937,218573,209.03,12171812,12167476
2697000,867030,219731,209.11,12268866,12267773
2698000,862988,220680,209.36,12175898,12179940
2699000,861722,220703,209.29,12156872,12158138
2700000,863025,220724,208.94,12128559,12127256
2701000,869478,219814,209.28,12265776,12259323
2702000,864736,220962,209.41,12258515,12263257
2703000,861291,218506,209.11,12165826,12169271
2704000,866432,219063,209.22,12270345,12265204
2705000,868446,220046,209.09,12294906,12292892
2706000,866294,218773,209.07,12310175,12312327
2707000,869936,218389,208.56,12414528,12410886
2708000,869290,217481,208.65,12422729,12423375
2709000,868548,216030,209.33,12324682,12325424
2710000,866735,215819,208.99,12287321,12289134
2711000,868119,214806,209.55,12287953,12286569
2712000,873702,214482,208.49,12392002,12386419
2713000,876596,213895,208.59,12509436,12506542
2714000,878214,213351,208.88,12603962,12602344
2715000,875776,213022,209.33,12518560,12520998
2716000,867989,213742,209.10,12356261,12364048
2717000,874125,213823,208.58,12496126,12489990
2718000,875276,212367,208.83,12581319,12580168
2719000,879828,211149,208.70,12602974,12598422
2720000,881000,210924,209.04,12618932,12617760
2721000,873363,210736,208.99,12491148,12498785
2722000,879606,209736,208.85,12536506,12530263
2723000,876179,208477,209.18,12554982,12558409
2724000,878912,208207,208.78,12593177,12590444
2725000,884074,208031,208.90,12699666,12694504
2726000,881111,207454,208.66,12685224,12688187
2727000,881046,208711,208.41,12683144,12683209
2728000,880638,208939,208.85,12632280,12632688
2729000,876752,209734,208.53,12636171,12640057
2730000,875907,209987,208.46,12673200,12674045
2731000,880377,209083,208.31,12691929,12687459
2732000,875177,210549,208.96,12590878,12596078
2733000,875320,211004,208.62,12551294,12551151
2734000,874462,209804,208.69,12510452,12511310
2735000,879144,211209,208.99,12496925,12492243
2736000,868854,212304,209.62,12332980,12343270
2737000,867737,213998,209.09,12233814,12234931
2738000,866980,214343,208.94,12317679,12318436
2739000,874335,213026,208.38,12447359,12440004
2740000,875316,213812,209.05,12516691,12515710
2741000,868573,215309,209.06,12408236,12414979
2742000,868017,216319,209.09,12263210,12263766
2743000,867757,214882,209.13,12278450,12278710
2744000,868064,215625,209.49,12274290,12273983
2745000,865513,218826,209.69,12164381,12166932
2746000,859881,219187,209.43,12027093,12032725
2747000,863946,217976,209.29,12131677,12127612
2748000,865845,219443,209.62,12156953,12155054
2749000,860652,219265,209.81,12021240,12026433
2750000,861143,220411,209.40,12003959,12003468
2751000,861371,219652,210.00,11979351,11979123
2752000,861593,221625,210.07,11971129,11970907
2753000,854413,221911,209.76,11957614,11964794
2754000,863358,220940,209.20,12056098,12047153
2755000,859595,221609,209.77,12075261,12079024
2756000,860714,220627,209.34,12057457,12056338
2757000,860200,218820,209.19,12114607,12115121
2758000,865390,219102,208.74,12238969,12233779
2759000,868702,217588,208.52,12360063,12356751
2760000,871967,217106,208.93,12416794,12413529
2761000,863709,216447,208.64,12362156,12370414
2762000,872713,215550,208.34,12420533,12411529
2763000,873816,214334,208.34,12605255,12604152
2764000,875495,212848,208.59,12658274,12656595
2765000,876476,211320,208.48,12596425,12595444
2766000,880348,210579,208.63,12608463,12604591
2767000,878395,212783,209.43,12642180,12644133
2768000,869940,212163,209.18,12353938,12362393
2769000,872561,211231,208.85,12433377,12430756
2770000,877151,211899,208.94,12495474,12490884
2771000,879396,209029,208.83,12562305,12560060
2772000,879356,210934,208.37,12645361,12645401
2773000,877332,212282,208.75,12593353,12595377
2774000,875899,213336,209.00,12567004,12568437
2775000,870932,213435,209.23,12412186,12417153
2776000,873263,214125,209.40,12370561,12368230
2777000,869050,213109,209.35,12328655,12332868
2778000,875489,214528,209.12,12360096,12353657
2779000,871770,214095,208.82,12527534,12531253
2780000,870958,212971,208.74,12480359,12481171
2781000,876986,212005,208.82,12562085,12556057
2782000,876632,212757,209.40,12497362,12497716
2783000,868473,213230,209.26,12350047,12358206
2784000,874389,214495,208.52,12421044,12415128
2785000,873844,213518,209.14,12518432,12518977
2786000,871342,214116,209.10,12409646,12412148
2787000,871438,214470,208.69,12450614,12450518
2788000,875824,211555,208.71,12556638,12552252
2789000,878112,211541,208.95,12584702,12582414
2790000,875373,211848,208.94,12481668,12484407
2791000,873292,212134,208.76,12474584,12476665
2792000,875561,211977,208.71,12551079,12548810
2793000,879686,210882,208.60,12680730,12676605
2794000,882272,210860,208.71,12728200,12725614
2795000,883534,210496,208.94,12772335,12771073
2796000,878878,210128,208.67,12661514,12666170
2797000,880455,210509,208.64,12686268,12684691
2798000,878908,208658,208.71,12623450,12624997
2799000,877022,208533,209.12,12585764,12587650
2800000,883384,209997,208.67,12637451,12631089
2801000,882705,208761,208.55,12721627,12722306
2802000,880376,207079,209.44,12685355,12687684
2803000,882856,206928,208.62,12641162,12638682
2804000,880617,206488,209.06,12688429,12690668
2805000,885515,206219,208.92,12748582,12743684
2806000,884068,208830,208.61,12724443,12725890
2807000,878091,209546,209.14,12603252,12609229
2808000,872740,210181,208.91,12524679,12530030
2809000,876261,211929,208.88,12514303,12510782
2810000,875141,214606,209.36,12422001,12423121
2811000,867582,215605,209.65,12311593,12319152
2812000,871025,217260,209.40,12259653,12256210
2813000,872741,217807,209.60,12333100,12331384
2814000,868927,217146,209.49,12283748,12287562
2815000,864153,216495,209.67,12147263,12152037
2816000,867819,216564,209.10,12218950,12215284
2817000,875185,215637,209.36,12392490,12385124
2818000,875581,216714,209.64,12377398,12377002
2819000,877466,217988,209.23,12425611,12423726
2820000,874802,216698,209.82,12355723,12358387
2821000,882502,215770,209.04,12457250,12449550
2822000,876591,215439,209.28,12512275,12518186
2823000,877485,215041,208.81,12577622,12576728
2824000,876693,215081,209.00,12590123,12590915
2825000,875087,215366,209.07,12576355,12577961
2826000,873218,216156,209.06,12473666,12475535
2827000,870746,217152,208.67,12432087,12434559
2828000,872891,216824,208.63,12590976,12588831
2829000,874007,218560,208.75,12463958,12462842
2830000,873660,218878,209.68,12418887,12419234
2831000,869217,219174,209.56,12270407,12274850
2832000,866108,221156,209.59,12207813,12210922
2833000,867277,221758,209.32,12199373,12198204
2834000,865600,221131,209.21,12334035,12335712
2835000,867560,219552,209.42,12269176,12267216
2836000,869659,220067,209.52,12239270,12237171
2837000,863321,220340,209.49,12207155,12213493
2838000,863009,220945,209.42,12194519,12194831
2839000,870972,221002,208.72,12307307,12299344
2840000,867922,220205,209.57,12307113,12310163
2841000,860699,220552,209.32,12168925,12176148
2842000,865054,220943,209.24,12128370,12124015
2843000,866641,220569,209.57,12220445,12218858
2844000,867161,220757,208.99,12280614,12280094
2845000,868801,220225,208.70,12297347,12295707
2846000,868726,218454,209.36,12369442,12369517
2847000,867264,218194,209.36,12218564,12220026
2848000,867419,216104,209.57,12259016,12258861
2849000,873072,215487,208.77,12394788,12389135
2850000,876983,215170,209.18,12529949,12526038
2851000,878543,214568,208.88,12535916,12534356
2852000,871012,215891,209.32,12411190,12418721
2853000,870946,216672,209.12,12395833,12395899
2854000,869422,216708,208.76,12423064,12424588
2855000,873117,216540,209.14,12391035,12387340
2856000,869127,217826,209.31,12297750,12301740
2857000,869041,219456,209.12,12323520,12323606
2858000,868630,218277,209.96,12210785,12211196
2859000,863774,218361,209.26,12118785,12123641
2860000,869839,219806,209.12,12199817,12193752
2861000,864159,219226,209.63,12161767,12167447
2862000,867335,218234,209.81,12151655,12148479
2863000,867870,219501,209.41,12158293,12157758
2864000,870595,217114,209.35,12255295,12252570
2865000,872699,216607,209.36,12308174,12306070
2866000,873973,216592,209.53,12376599,12375325
2867000,870178,215619,209.48,12344408,12348203
2868000,870613,215314,209.08,12330957,12330522
2869000,875483,215327,209.53,12447854,12442984
2870000,874732,214485,209.45,12411902,12412653
2871000,873704,214187,209.28,12339966,12340994
2872000,876071,215125,209.67,12402267,12399900
2873000,873944,214572,208.67,12408898,12411025
2874000,875158,214947,209.06,12520279,12519065
2875000,872195,214591,209.06,12478117,12481080
2876000,871320,212823,208.77,12445669,12446544
2877000,880127,213001,208.70,12574549,12565742
2878000,878095,213375,208.65,12577438,12579470
2879000,877158,214271,209.00,12586481,12587418
2880000,871726,214239,209.23,12485874,12491306
2881000,874440,213718,208.81,12436193,12433479
2882000,875658,213231,209.04,12479809,12478591
2883000,877374,213047,208.56,12526171,12524455
2884000,879411,211179,208.85,12595575,12593538
2885000,878101,212000,209.28,12625828,12627138
2886000,877741,211186,208.69,12571720,12572080
2887000,877613,208443,208.69,12593227,12593355
2888000,881705,208893,208.76,12663205,12659113
2889000,878270,208644,209.49,12609109,12612544
2890000,873427,211234,209.64,12420640,12425483
2891000,873094,211138,209.18,12359007,12359340
2892000,877811,212907,208.94,12485409,12480692
2893000,874966,213204,208.86,12416801,12419646
2894000,873365,212907,209.40,12427630,12429231
2895000,872901,211906,208.78,12392671,12393135
2896000,874215,211586,209.27,12430464,12429150
2897000,872128,212798,209.26,12380690,12382777
2898000,872761,214090,209.61,12318967,12318334
2899000,868319,215044,209.09,12271230,12275672
2900000,868311,213591,209.48,12234841,12234849
2901000,865265,215294,209.56,12178120,12181166
2902000,869177,216013,209.43,12241601,12237689
2903000,870152,216762,209.38,12303745,12302770
2904000,864273,217246,209.26,12175961,12181840
2905000,868579,216844,209.04,12226301,12221995
2906000,866755,216183,209.13,12248377,12250201
2907000,868920,217317,209.52,12286181,12284016
2908000,868724,218614,209.43,12239542,12239738
2909000,870152,218907,209.50,12278092,12276664
2910000,865089,217636,209.68,12206994,12212057
2911000,866800,216717,209.64,12208447,12206736
2912000,866227,217033,209.47,12095639,12096212
2913000,861397,215991,209.77,12076454,12081284
2914000,867269,216596,209.46,12144672,12138800
2915000,870234,214964,209.28,12307595,12304630
2916000,873035,215837,209.34,12316167,12313366
2917000,867956,215649,208.95,12339356,12344435
2918000,870591,214984,209.02,12309010,12306375
2919000,870065,216857,209.27,12359092,12359618
2920000,864449,216488,209.34,12216075,12221691
2921000,864224,217658,209.75,12115359,12115584
2922000,868549,216556,209.74,12182234,12177909
2923000,869687,217273,209.45,12197683,12196545
2924000,869597,217107,208.99,12296306,12296396
2925000,868255,217768,209.44,12300663,12302005
2926000,865730,216141,209.35,12171042,12173567
2927000,867736,216914,209.44,12239422,12237416
2928000,864473,214548,209.97,12126193,12129456
2929000,869163,215729,209.23,12170183,12165493
2930000,871630,217125,209.40,12307964,12305497
2931000,868531,216629,209.70,12260124,12263223
2932000,869426,215654,209.49,12204528,12203633
2933000,866601,216451,209.54,12250900,12253725
2934000,867033,215983,209.14,12260278,12259846
2935000,871221,217772,209.62,12302796,12298608
2936000,864470,217498,209.49,12188461,12195212
2937000,864627,219794,209.08,12146858,12146701
2938000,864308,218034,209.19,12244887,12245206
2939000,867053,216549,209.06,12295685,12292940
2940000,868665,215770,209.59,12335298,12333686
2941000,866217,217323,209.43,12261758,12264206
2942000,865657,218454,209.31,12281882,12282442
2943000,866962,219338,208.61,12333864,12332559
2944000,866020,220275,209.32,12297482,12298424
2945000,863477,220524,209.79,12166724,12169267
2946000,860730,219880,209.20,12107841,12110588
2947000,864980,219374,208.94,12222261,12218011
2948000,860039,218043,209.55,12137281,12142222
2949000,865771,217626,209.14,12239042,12233310
2950000,870208,217956,209.38,12321357,12316920
2951000,866267,218954,208.90,12261567,12265508
2952000,867137,217494,209.44,12228242,12227372
2953000,865812,218313,209.24,12193554,12194879
2954000,867082,218771,209.70,12209108,12207838
2955000,863038,217080,209.55,12139760,12143804
2956000,868714,218159,208.53,12278974,12273298
2957000,868708,218102,209.06,12340080,12340086
2958000,864614,216848,208.86,12278368,12282462
2959000,872648,215969,209.32,12421585,12413551
2960000,871444,217536,208.89,12410244,12411448
2961000,865400,217797,208.80,12361368,12367412
2962000,869391,218071,208.73,12425659,12421668
2963000,868668,217295,209.34,12340494,12341217
2964000,870969,216877,208.99,12380417,12378116
2965000,871484,218325,208.63,12478934,12478419
2966000,868268,216731,208.72,12444137,12447353
2967000,871625,217522,209.23,12408884,12405527
2968000,867591,217694,209.33,12280331,12284365
2969000,868519,218308,209.41,12258101,12257173
2970000,867458,217420,209.26,12285957,12287018
2971000,871952,217849,208.91,12387131,12382637
2972000,875846,216097,208.97,12472045,12468151
2973000,874004,215503,209.45,12432395,12434237
2974000,869767,216152,209.15,12351743,12355980
2975000,871867,216036,209.16,12343455,12341355
2976000,874532,214632,209.24,12363663,12360998
2977000,871693,216565,209.35,12381499,12384338
2978000,872376,215631,209.02,12341929,12341246
2979000,871888,215468,209.28,12420580,12421068
2980000,868667,214985,208.86,12410921,12414142
2981000,873468,214696,209.20,12441945,12437144
2982000,871000,215779,209.05,12360665,12363133
2983000,873612,217609,209.69,12373799,12371187
2984000,867130,217347,209.54,12271926,12278408
2985000,867736,218231,209.37,12158739,12158133
2986000,864685,218682,209.24,12203580,12206631
2987000,866519,218045,209.09,12256439,12254605
2988000,868852,216988,209.31,12290528,12288195
2989000,868504,216568,209.76,12225045,12225393
2990000,864317,217329,209.56,12190476,12194663
2991000,866512,216418,208.93,12249911,12247716
2992000,869726,214361,209.21,12332030,12328816
2993000,869662,215230,209.74,12287562,12287626
2994000,867995,217266,209.40,12180943,12182610
2995000,867597,216022,209.54,12214430,12214828
2996000,867158,216796,209.57,12231174,12231613
2997000,868450,217810,209.10,12244664,12243372
2998000,867401,217961,208.76,12356704,12357753
2999000,869187,217468,209.37,12271985,12270199
3000000,860256,218975,209.97,12120573,12129504
3001000,862122,219302,209.79,12051986,12050120
3002000,864881,218831,209.34,12117382,12114623
3003000,866356,219070,209.43,12168649,12167174
3004000,862085,218288,209.59,12145201,12149472
3005000,867315,216886,209.11,12187984,12182754
3006000,866993,217107,209.19,12253307,12253629
3007000,867330,217481,209.14,12194612,12194275
3008000,869546,217209,209.44,12266860,12264644
3009000,868650,215685,209.31,12250511,12251407
3010000,869859,214126,209.65,12277776,12276567
3011000,870359,212880,209.37,12299614,12299114
3012000,873034,212489,208.97,12373055,12370380
3013000,879453,212974,209.42,12520802,12514383
3014000,872074,213666,209.34,12399009,12406388
3015000,877317,213450,209.27,12370190,12364947
3016000,870644,213285,209.70,12313562,12320235
3017000,871954,212054,209.13,12377756,12376446
3018000,875117,212226,209.02,12434904,12431741
3019000,879053,211220,208.88,12489338,12485402
3020000,874625,212326,209.06,12457808,12462236
3021000,872076,212071,208.96,12395711,12398260
3022000,873807,212101,208.96,12428524,12426793
3023000,871854,213439,209.00,12396514,12398467
3024000,866115,213080,209.19,12259858,12265597
3025000,872586,212996,209.48,12385269,12378798
3026000,874838,211609,209.08,12433504,12431252
3027000,876862,212012,208.96,12527184,12525160
3028000,877845,209772,208.32,12568532,12567549
3029000,882400,209313,209.02,12683727,12679172
3030000,882887,209452,208.79,12614204,12613717
3031000,877770,210043,208.77,12562674,12567791
3032000,873655,209102,209.13,12504439,12508554
3033000,876678,208868,208.56,12505291,12502268
3034000,879203,210743,208.53,12578820,12576295
3035000,880437,209067,208.60,12705634,12704400
3036000,879310,209760,208.85,12663959,12665086
3037000,869821,210588,208.84,12441603,12451092
3038000,873755,212179,209.50,12451705,12447771
3039000,866001,211538,208.80,12324898,12332652
3040000,872025,213428,209.28,12424699,12418675
3041000,868450,214048,209.20,12304721,12308296
3042000,872087,215477,209.64,12266739,12263102
3043000,867559,215755,209.22,12232170,12236698
3044000,864990,216034,209.10,12236784,12239353
3045000,867501,216616,209.22,12278832,12276321
3046000,866509,215355,209.81,12232575,12233567
3047000,868763,216703,209.61,12176098,12173844
3048000,862400,217142,210.25,12048421,12054784
3049000,862724,219067,209.38,12001663,12001339
3050000,862976,219543,209.62,12110945,12110693
3051000,861205,220411,209.39,12109947,12111718
3052000,864616,220079,209.04,12140707,12137296
3053000,862985,220317,209.86,12139500,12141131
3054000,855602,221557,209.68,11994799,12002182
3055000,856219,221946,209.47,11951930,11951313
3056000,861946,220950,209.39,12058175,12052448
3057000,863168,220221,209.13,12180360,12179138
3058000,863290,219558,209.68,12227743,12227621
3059000,864481,219852,209.52,12172923,12171732
3060000,860063,219670,209.08,12101053,12105471
3061000,861885,218165,209.25,12153346,12151524
3062000,867741,216891,209.21,12179697,12173841
3063000,867319,214903,209.61,12243282,12243704
3064000,871105,214808,209.49,12285313,12281527
3065000,869788,214761,209.42,12359277,12360594
3066000,871579,213409,208.70,12364960,12363169
3067000,876085,213322,209.12,12522623,12518117
3068000,873890,212627,209.32,12411699,12413894
3069000,871971,212184,209.41,12355894,12357813
3070000,876844,211424,209.19,12447249,12442376
3071000,875427,208950,208.99,12479338,12480755
3072000,877817,209364,209.03,12496806,12494416
3073000,876767,207685,209.02,12500195,12501245
3074000,879067,208370,208.91,12583328,12581028
3075000,876975,208723,209.10,12520082,12522174
3076000,880325,209589,208.71,12554521,12551171
3077000,875625,208372,209.18,12536594,12541294
3078000,880093,209680,209.02,12536215,12531747
3079000,877494,210352,209.03,12459087,12461686
3080000,873028,212559,209.45,12355877,12360343
3081000,865952,213821,210.05,12263269,12270345
3082000,863466,215300,209.61,12176879,12179365
3083000,864507,214518,209.38,12193610,12192569
3084000,870114,215922,209.07,12271376,12265769
3085000,868490,216417,209.23,12342407,12344031
3086000,867189,214949,209.28,12262464,12263765
3087000,870296,216177,209.13,12251356,12248249
3088000,868778,214805,210.05,12268496,12270014
3089000,869041,216047,209.75,12161389,12161126
3090000,864280,216661,209.63,12068310,12073071
3091000,864715,216678,209.25,12086221,12085786
3092000,865245,216908,209.57,12156454,12155924
3093000,868448,217922,209.38,12269569,12266366
3094000,865722,216895,209.45,12213797,12216523
3095000,867699,217608,209.06,12212713,12210736
3096000,867442,218736,209.56,12363722,12363979
3097000,872217,217215,208.65,12322085,12317310
3098000,870625,216278,209.19,12417001,12418593
3099000,868565,217323,209.18,12253562,12255622
3100000,867996,216069,209.40,12249438,12250007
3101000,872904,215290,208.78,12398056,12393148
3102000,874896,213616,209.07,12479040,12477048
3103000,875994,213453,209.23,12480856,12479758
3104000,874143,213194,209.34,12429077,12430928
3105000,875142,212235,209.09,12437798,12436799
3106000,878322,211837,208.84,12574588,12571408
3107000,878910,209720,208.81,12599873,12599285
3108000,879556,210071,208.73,12629814,12629168
3109000,878083,209546,208.68,12572565,12574038
3110000,883614,208568,208.88,12749975,12744444
3111000,881203,208817,208.79,12646279,12648690
3112000,880004,207012,208.97,12576963,12578162
3113000,878482,207122,209.13,12613764,12615286
3114000,877708,207722,208.67,12606226,12607000
3115000,882058,207758,208.64,12687838,12683488
3116000,883114,207246,208.44,12728222,12727166
3117000,883839,207343,208.90,12785990,12785265
3118000,881665,205620,208.27,12701646,12703820
3119000,883061,207628,208.64,12742847,12741451
3120000,878582,208047,209.05,12643586,12648065
3121000,879666,208262,208.72,12626623,12625539
3122000,878058,207909,208.82,12646577,12648185
3123000,878292,207519,208.50,12685568,12685334
3124000,875446,207970,208.90,12576862,12579708
3125000,877480,209061,208.79,12551493,12549459
3126000,877323,207842,209.41,12509269,12509426
3127000,874896,210738,209.38,12399946,12402373
3128000,868757,211159,209.70,12284053,12290192
3129000,869693,212511,209.32,12216339,12215403
3130000,871068,213948,208.47,12346012,12344637
3131000,869255,214262,209.29,12393384,12395197
3132000,865121,215208,209.11,12190882,12195016
3133000,870026,215631,209.31,12336983,12332078
3134000,866648,215484,208.95,12302364,12305742
3135000,868684,214750,209.42,12319220,12317184
3136000,867921,216091,209.53,12324621,12325384
3137000,865662,217431,209.34,12190744,12193003
3138000,867288,218459,209.27,12164884,12163258
3139000,861462,219347,209.95,12110701,12116527
3140000,861670,218053,209.19,12156596,12156388
3141000,863962,218181,209.66,12229713,12227421
3142000,865695,217492,209.62,12213253,12211520
3143000,864419,217454,209.19,12191738,12193014
3144000,869986,215633,208.82,12408544,12402977
3145000,872318,215709,208.98,12436627,12434295
3146000,871643,215163,208.68,12421793,12422468
3147000,873707,214953,208.61,12487056,12484992
3148000,871396,214003,209.33,12460797,12463108
3149000,868098,213961,209.44,12317176,12320474
3150000,872005,214296,209.14,12353134,12349227
3151000,871879,214370,208.83,12378667,12378793
3152000,873850,213199,209.15,12403760,12401789
3153000,873487,214964,209.34,12414045,12414408
3154000,871636,215174,209.30,12348439,12350290
3155000,868218,216013,209.43,12237691,12241109
3156000,871179,215540,209.12,12260098,12257137
3157000,867492,217127,209.21,12288916,12292603
3158000,865402,217728,209.53,12219702,12221792
3159000,864435,218410,209.54,12224234,12225201
3160000,864811,219697,209.57,12166711,12166335
3161000,868159,219492,209.37,12199923,12196575
3162000,864500,218781,209.44,12132536,12136195
3163000,868569,218095,209.76,12222049,12217980
3164000,865517,218688,209.68,12159549,12162601
3165000,863530,220097,209.57,12125690,12127677
3166000,864986,218680,209.65,12165103,12163647
3167000,867586,217204,209.56,12207349,12204749
3168000,871559,217607,209.60,12255899,12251926
3169000,863921,215454,209.57,12169345,12176983
3170000,875709,214793,208.98,12334613,12322825
3171000,873965,215641,209.55,12432987,12434731
3172000,869550,215113,209.30,12296403,12300818
3173000,866107,217213,209.28,12259080,12262523
3174000,867405,216391,208.94,12307400,12306102
3175000,868103,215834,208.93,12373322,12372624
3176000,867593,215300,209.14,12333786,12334296
3177000,869903,214339,209.14,12389559,12387249
3178000,871275,212883,208.78,12406204,12404832
3179000,875953,211794,208.93,12540208,12535530
3180000,871776,210655,209.09,12437771,12441948
3181000,876419,211647,208.57,12557476,12552833
3182000,875004,213260,208.71,12564659,12566074
3183000,872268,213148,209.11,12455588,12458324
3184000,870562,213780,209.10,12389082,12390788
3185000,871972,212793,209.15,12350762,12349352
3186000,867712,214050,209.55,12293894,12298154
3187000,866267,213966,209.05,12299115,12300560
3188000,869600,213649,209.11,12342549,12339216
3189000,868972,215400,208.91,12325605,12326233
3190000,869213,214915,209.54,12268685,12268444
3191000,865363,216586,209.33,12230970,12234820
3192000,866583,217083,209.28,12168569,12167349
3193000,869488,216643,209.29,12314761,12311856
3194000,865857,218435,209.96,12268209,12271840
3195000,860386,217723,209.56,12098842,12104313
3196000,867275,218515,209.39,12232432,12225543
3197000,862766,220833,209.97,12138829,12143338
3198000,854794,221616,209.89,11956962,11964934
3199000,858220,222780,209.30,11991317,11987891
3200000,858760,222063,209.73,12017373,12016833
3201000,856697,223188,210.12,11934845,11936908
3202000,851831,224007,209.99,11833451,11838317
3203000,854650,224249,209.67,11831416,11828597
3204000,853551,224413,210.25,11842740,11843839
3205000,854575,225855,209.94,11798638,11797614
3206000,857578,226726,209.59,11934954,11931951
3207000,848344,225734,210.04,11793347,11802581
3208000,852333,225169,209.55,11818659,11814670
3209000,858069,223583,209.06,12014348,12008612
3210000,863772,223047,208.86,12194538,12188835
3211000,868624,222287,209.33,12281796,12276944
3212000,863198,221656,209.35,12221261,12226687
3213000,862547,221700,209.31,12121267,12121918
3214000,865526,218616,208.70,12234425,12231446
3215000,872881,217570,209.14,12426563,12419208
3216000,870797,215593,209.04,12473362,12475446
3217000,876191,215255,209.15,12526389,12520995
3218000,873188,214262,209.99,12422576,12425579
3219000,869342,213685,209.32,12332799,12336645
3220000,876514,213729,209.29,12394487,12387315
3221000,874317,212063,209.08,12479754,12481951
3222000,876594,212548,209.10,12471973,12469696
3223000,869915,212489,208.77,12337841,12344520
3224000,876255,213231,209.10,12452001,12445661
3225000,871103,214300,209.73,12350272,12355424
3226000,871266,215904,209.43,12281447,12281284
3227000,872583,214922,209.31,12290268,12288951
3228000,868562,214874,209.44,12266468,12270489
3229000,867971,213848,209.57,12242548,12243139
3230000,873329,213700,209.18,12379476,12374118
3231000,872918,212998,209.60,12360062,12360473
3232000,866422,213690,209.51,12211690,12218186
3233000,868972,216683,209.27,12233548,12230998
3234000,862854,216001,209.45,12215994,12222112
3235000,867956,215004,208.99,12230075,12224973
3236000,869630,216673,209.26,12330332,12328658
3237000,866382,215974,209.65,12247174,12250422
3238000,863056,218277,209.65,12152732,12156058
3239000,861681,220193,209.57,12106043,12107418
3240000,863425,219186,209.53,12079253,12077509
3241000,865961,219256,209.47,12184098,12181562
3242000,868010,218430,209.21,12249237,12247188
3243000,864345,217267,209.01,12260021,12263686
3244000,867802,216850,208.95,12307863,12304406
3245000,868109,217305,208.80,12359659,12359352
3246000,869945,217111,208.85,12332761,12330925
3247000,869187,216336,209.56,12263891,12264649
3248000,867156,217833,209.23,12193950,12195981
3249000,865683,217518,209.07,12251475,12252948
3250000,865894,217351,209.53,12288203,12287992
3251000,869690,217992,209.65,12243989,12240193
3252000,863659,217968,209.62,12124389,12130420
3253000,867129,219433,209.42,12199323,12195853
3254000,863720,220244,209.89,12149529,12152938
3255000,863788,221121,208.85,12125746,12125678
3256000,867149,219346,209.23,12299045,12295684
3257000,868908,218293,208.67,12347085,12345326
3258000,872327,217182,209.06,12472119,12468700
3259000,866819,217044,209.26,12280515,12286023
3260000,868879,216825,209.67,12258081,12256021
3261000,870470,217328,209.43,12308206,12306615
3262000,867784,217726,209.42,12165635,12168321
3263000,866469,218894,208.97,12220609,12221924
3264000,870470,217399,209.37,12311403,12307402
3265000,865642,218485,209.74,12177287,12182115
3266000,869611,216691,209.50,12225040,12221071
3267000,866725,217842,209.59,12214070,12216956
3268000,863008,220077,209.37,12099649,12103366
3269000,866049,219399,209.07,12118826,12115785
3270000,869862,218422,208.98,12316580,12312767
3271000,866016,219359,209.59,12162039,12165885
3272000,860990,219942,210.19,12047153,12052179
3273000,856215,220539,209.66,11941062,11945837
3274000,862194,219614,209.89,12017889,12011910
3275000,864393,221298,209.77,12105765,12103566
3276000,863388,220949,209.88,12065784,12066789
3277000,862414,219631,209.35,12101335,12102309
3278000,865932,221301,209.64,12147071,12143553
3279000,863225,221825,209.57,12114843,12117550
3280000,863404,221053,210.16,12004966,12004787
3281000,858532,223329,209.89,11889018,11893890
3282000,859009,221868,209.90,12051287,12050810
3283000,864174,220996,209.50,12096858,12091693
3284000,866823,218706,208.87,12236104,12233455
3285000,869336,217587,209.56,12259290,12256777
3286000,865281,218091,209.46,12160340,12164395
3287000,866293,219123,209.82,12140719,12139707
3288000,862755,216130,210.00,12154643,12158181
3289000,871901,216337,209.12,12220056,12210910
3290000,870997,215543,208.66,12386528,12387432
3291000,878210,215689,208.96,12551296,12544083
3292000,871874,214400,209.23,12408979,12415315
3293000,877637,213229,208.65,12523407,12517644
3294000,876282,210934,209.39,12548001,12549356
3295000,875628,210724,209.05,12487746,12488400
3296000,876576,211481,209.00,12495298,12494350
3297000,876756,210446,209.41,12500895,12500715
3298000,874076,210321,208.89,12423502,12426182
3299000,875522,209626,208.93,12426993,12425547
3300000,875895,211897,209.28,12525745,12525372
3301000,875657,213250,208.91,12467118,12467356
3302000,873639,213133,209.03,12462881,12464899
3303000,872283,214346,209.56,12369796,12371152
3304000,870103,215984,209.27,12322226,12324406
3305000,867690,217268,209.04,12321674,12324087
3306000,868518,216681,209.12,12317068,12316240
3307000,869803,216110,209.31,12264176,12262891
3308000,867147,218804,210.04,12202615,12205271
3309000,859701,218526,209.62,12068120,12075566
3310000,863862,218592,209.24,12089310,12085149
3311000,867630,218252,209.09,12265612,12261844
3312000,868984,217562,208.70,12323632,12322278
3313000,871242,216735,209.36,12354349,12352091
3314000,869688,216252,209.14,12348055,12349609
3315000,875516,215641,209.31,12409209,12403381
3316000,873476,216348,209.50,12404159,12406199
3317000,867415,216107,209.08,12328509,12334570
3318000,869236,214610,209.46,12318960,12317139
3319000,870511,214881,209.21,12249071,12247796
3320000,867846,214309,209.14,12264413,12267078
3321000,874683,213611,209.12,12362771,12355934
3322000,870365,213875,209.46,12333635,12337953
3323000,871463,213045,209.09,12325313,12324215
3324000,869932,214019,209.76,12434012,12435543
3325000,864840,214539,209.38,12195281,12200373
3326000,868688,214588,209.22,12267885,12264037
3327000,868928,215329,209.23,12292687,12292447
3328000,869793,214356,209.15,12341550,12340685
3329000,871400,213610,209.43,12360369,12358762
3330000,868042,214176,209.32,12269309,12272667
3331000,866702,213845,209.54,12237045,12238385
3332000,871872,215162,209.56,12249855,12244685
3333000,864775,215310,210.03,12184716,12191813
3334000,870163,215290,209.73,12188530,12183142
3335000,868689,215247,209.95,12176903,12178377
3336000,865285,217215,208.74,12194575,12197979
3337000,863723,217675,209.71,12173326,12174888
3338000,857961,219372,209.32,12096592,12102354
3339000,865621,219908,209.15,12190161,12182501
3340000,864957,218606,209.56,12197818,12198482
3341000,865120,218737,209.51,12193781,12193618
3342000,867220,218309,209.05,12234500,12232400
3343000,868599,216600,208.93,12301591,12300212
3344000,869957,217924,208.99,12342138,12340780
3345000,866981,217499,209.68,12311501,12314477
3346000,867411,216705,209.17,12206050,12205620
3347000,869733,216162,209.28,12248565,12246243
3348000,869073,216034,209.65,12323658,12324318
3349000,868688,216709,209.44,12215167,12215552
3350000,869745,217489,209.42,12273694,12272637
3351000,865965,217433,209.54,12233744,12237524
3352000,864642,217610,209.34,12184899,12186222
3353000,864659,217206,208.83,12270873,12270856
3354000,869953,216888,208.68,12428614,12423320
3355000,866755,217150,208.72,12406234,12409432
3356000,866103,215288,209.15,12331283,12331935
3357000,872225,215874,209.13,12329496,12323374
3358000,867830,215098,208.63,12359623,12364018
3359000,870128,212669,208.16,12519434,12517136
3360000,877316,211211,209.08,12547571,12540383
3361000,876536,212330,209.23,12529157,12529937
3362000,870687,212435,208.79,12408657,12414506
3363000,876759,212121,208.78,12501408,12495336
3364000,877097,210392,208.97,12591004,12590666
3365000,876875,211210,208.95,12576107,12576329
3366000,869990,211128,209.67,12334425,12341310
3367000,875158,211897,209.21,12441013,12435845
3368000,873421,211937,209.22,12435535,12437272
3369000,871428,214452,209.42,12374778,12376771
3370000,868626,216207,209.19,12210576,12213378
3371000,867779,215319,208.56,12328089,12328936
3372000,872111,215995,209.46,12431959,12427627
3373000,870600,216944,209.64,12306094,12307605
3374000,863928,218497,209.36,12239587,12246259
3375000,860451,219463,209.33,12149520,12152997
3376000,864828,221366,208.86,12196981,12192604
3377000,863587,221372,209.05,12246274,12247515
3378000,862675,221217,209.40,12150160,12151072
3379000,862181,221295,209.28,12150605,12151099
3380000,863953,220295,209.49,12211159,12209387
3381000,861808,219569,209.38,12202264,12204409
3382000,862515,219843,209.48,12183708,12183001
3383000,868595,219238,208.96,12221461,12215381
3384000,867804,219417,209.18,12279575,12280366
3385000,865313,218280,209.28,12134090,12136581
3386000,864927,216471,209.36,12209283,12209669
3387000,870700,217097,209.10,12315607,12309834
3388000,864567,215883,209.53,12268383,12274516
3389000,871671,214927,209.13,12318924,12311820
3390000,872615,213925,208.68,12410774,12409830
3391000,875899,211728,208.92,12482600,12479316
3392000,877352,210677,208.72,12549749,12548296
3393000,877766,210123,209.02,12471565,12471151
3394000,878196,210856,209.19,12488250,12487820
3395000,873980,211554,209.13,12456632,12460848
3396000,879173,211898,209.07,12504032,12498839
3397000,875974,211307,209.30,12481682,12484881
3398000,877505,211767,209.17,12446640,12445109
3399000,874837,211999,209.14,12415648,12418316
3400000,872202,211068,209.29,12429259,12431894
3401000,869809,212074,209.30,12335483,12337876
3402000,872392,213559,209.37,12273526,12270943
3403000,870724,213309,209.23,12375712,12377380
3404000,872923,212004,208.99,12391169,12388970
3405000,876579,211658,209.25,12495320,12491664
3406000,875308,210338,208.51,12476250,12477521
3407000,877399,210048,209.17,12550595,12548504
3408000,874139,209730,209.06,12488787,12492047
3409000,877137,209206,208.95,12540707,12537709
3410000,877310,208393,209.37,12495182,12495009
3411000,874607,208346,209.48,12392617,12395320
3412000,871308,210056,209.43,12348514,12351813
3413000,873935,212444,209.54,12378469,12375842
3414000,873741,211586,209.52,12319407,12319601
3415000,873771,211981,209.48,12363965,12363935
3416000,866589,213904,209.16,12240585,12247767
3417000,870421,213622,209.10,12344475,12340643
3418000,877906,213381,208.62,12515345,12507860
3419000,872837,215393,209.39,12450574,12455643
3420000,870110,215345,209.09,12246080,12248807
3421000,869774,217210,209.78,12258058,12258394
3422000,863779,218141,209.69,12139465,12145460
3423000,862303,218672,209.70,12033699,12035175
3424000,862927,219389,209.79,12001349,12000725
3425000,862919,218954,209.81,12120363,12120371
3426000,865389,218363,210.24,12053252,12050782
3427000,861379,216967,209.32,12051279,12055289
3428000,869062,216502,209.04,12206855,12199172
3429000,865435,216228,209.62,12259251,12262878
3430000,871048,214714,209.31,12274773,12269160
3431000,874754,214275,209.03,12383373,12379667
3432000,872265,212628,209.52,12357823,12360312
3433000,873321,212858,209.38,12374992,12373936
3434000,873577,211299,209.04,12431479,12431223
3435000,877638,211714,208.99,12532109,12528048
3436000,879708,210889,208.72,12540751,12538681
3437000,881954,211249,208.98,12606243,12603997
3438000,873550,212550,209.36,12401544,12409948
3439000,868386,213117,209.24,12295661,12300825
3440000,869658,213607,209.74,12323280,12322008
3441000,870704,213420,208.77,12321560,12320514
3442000,875782,214271,208.32,12546004,12540926
3443000,871953,212781,208.90,12502818,12506647
3444000,871700,213354,208.72,12436922,12437175
3445000,870082,213463,208.86,12421950,12423568
3446000,877086,212296,208.64,12574184,12567180
3447000,879004,212843,209.54,12548855,12546937
3448000,872886,212937,209.46,12418715,12424833
3449000,869518,211398,209.24,12314908,12318276
3450000,873521,210206,209.11,12387664,12383661
3451000,879275,210942,208.96,12497919,12492165
3452000,875443,208988,208.91,12539830,12543662
3453000,875852,211224,209.20,12504871,12504462
3454000,874766,211967,209.23,12452793,12453879
3455000,873367,212747,209.30,12438696,12440095
3456000,872264,212515,209.27,12317140,12318243
3457000,872860,212609,208.78,12436602,12436006
3458000,877745,212572,209.43,12564527,12559642
3459000,872923,212472,208.73,12451825,12456647
3460000,873091,211581,208.83,12428878,12428710
3461000,874013,213148,209.37,12374279,12373357
3462000,870165,212488,209.50,12351765,12355613
3463000,872380,212697,208.86,12389881,12387666
3464000,869363,213038,209.24,12413460,12416477
3465000,869241,213804,209.47,12243300,12243422
3466000,874899,214247,209.62,12314132,12308474
3467000,870997,213768,209.36,12362599,12366501
3468000,870242,214595,209.27,12313728,12314483
3469000,868167,215208,209.43,12223617,12225692
3470000,868850,216611,209.56,12243573,12242890
3471000,866294,216134,209.46,12239671,12242227
3472000,866724,217893,209.62,12124921,12124491
3473000,861936,217090,209.25,12064131,12068919
3474000,866992,218879,209.65,12165203,12160147
3475000,865760,217855,209.35,12124426,12125658
3476000,863060,217506,209.70,12138161,12140861
3477000,865824,216487,209.76,12138198,12135434
3478000,870820,216323,209.48,12258355,12253359
3479000,869899,216652,209.62,12261274,12262195
3480000,865032,215534,209.07,12268584,12273451
3481000,874556,215111,208.70,12418364,12408840
3482000,874162,212732,209.26,12462469,12462863
3483000,871967,212131,209.45,12416839,12419034
3484000,872619,211461,209.37,12328459,12327807
3485000,876073,211223,209.20,12441162,12437708
3486000,879914,209290,209.07,12497578,12493737
3487000,876290,210925,209.35,12467161,12470785
3488000,872195,209926,208.88,12347266,12351361
3489000,876409,211176,209.08,12438857,12434643
3490000,870785,212509,209.44,12327407,12333031
3491000,874172,211740,209.08,12382063,12378676
3492000,873433,213333,209.39,12358882,12359621
3493000,867879,214542,209.55,12258414,12263968
3494000,870100,214284,209.65,12225469,12223248
3495000,866392,216400,209.82,12111724,12115432
3496000,862557,217225,209.60,12037676,12041511
3497000,865180,217129,209.80,12071268,12068645
3498000,862508,216638,209.64,12097960,12100632
3499000,864570,217592,209.58,12116309,12114247
3500000,865638,218428,209.67,12148200,12147132
3501000,860234,218143,209.95,12064319,12069723
3502000,861040,218817,209.66,12037672,12036866
3503000,858428,219300,209.49,12051892,12054504
3504000,865837,218816,208.92,12199777,12192368
3505000,866224,217561,209.01,12286447,12286060
3506000,870002,217431,209.14,12311039,12307261
3507000,865543,217145,209.32,12237240,12241699
3508000,863901,217325,208.89,12248771,12250413
3509000,865462,216956,209.41,12235513,12233952
3510000,865326,216466,209.59,12222737,12222873
3511000,867784,216703,209.00,12218281,12215823
3512000,867896,215740,209.16,12336426,12336314
3513000,869303,215357,209.15,12283959,12282552
3514000,868193,214591,208.64,12332221,12333331
3515000,869687,214349,209.52,12357548,12356054
3516000,868087,214688,209.64,12216619,12218219
3517000,869576,212322,209.23,12257588,12256099
3518000,871851,212320,209.44,12325298,12323023
3519000,874376,212223,209.48,12318198,12315673
3520000,872132,213110,209.23,12350449,12352693
3521000,869916,212521,209.29,12282400,12284616
3522000,871128,212311,208.81,12399656,12398444
3523000,875217,213139,209.04,12446321,12442232
3524000,869819,213502,209.27,12332015,12337413
3525000,870459,214392,209.87,12295861,12295221
3526000,865414,216561,209.37,12181568,12186613
3527000,861950,217092,210.05,12041247,12044711
3528000,859320,217521,209.47,12031652,12034282
3529000,860506,219611,209.66,12048585,12047399
3530000,861854,220758,209.80,12086877,12085529
3531000,861600,221458,209.23,12092695,12092949
3532000,861088,220658,208.98,12161409,12161921
3533000,862666,221048,209.05,12210833,12209255
3534000,855903,221632,209.36,12047035,12053798
3535000,859619,221148,209.88,12087193,12083477
3536000,861387,222050,208.76,12135306,12133538
3537000,863596,219758,209.24,12322382,12320173
3538000,867576,220238,209.47,12212795,12208815
3539000,861114,220536,209.25,12142595,12149057
3540000,864542,219253,209.08,12272746,12269318
3541000,868007,218479,209.80,12321285,12317820
3542000,867136,218634,209.29,12235044,12235915
3543000,862968,218167,209.52,12139233,12143401
3544000,868103,217273,208.94,12266144,12261009
3545000,872462,216130,209.44,12461236,12456877
3546000,869783,214000,209.11,12358586,12361265
3547000,875598,213851,209.36,12419107,12413292
3548000,871266,214526,209.05,12370902,12375234
3549000,873231,214532,208.62,12388398,12386433
3550000,874452,214419,208.89,12524650,12523429
3551000,872885,214989,208.86,12448358,12449925
3552000,870035,215588,209.66,12372388,12375238
3553000,866816,217413,209.44,12256370,12259589
3554000,864308,217696,208.92,12258573,12261081
3555000,870129,216190,208.88,12394705,12388884
3556000,872976,214054,208.86,12447300,12444453
3557000,877320,212760,209.19,12514244,12509900
3558000,878818,212057,208.47,12542524,12541026
3559000,878869,210186,208.83,12631884,12631833
3560000,880783,211037,208.68,12651526,12649612
3561000,874252,210958,208.26,12574947,12581478
3562000,875114,211471,209.03,12538720,12537858
3563000,875417,211732,209.10,12539740,12539437
3564000,877569,212271,209.23,12530927,12528775
3565000,872360,212468,210.00,12412357,12417566
3566000,869794,214118,209.46,12268416,12270982
3567000,869958,214660,209.01,12283609,12283445
3568000,868282,214573,209.17,12253919,12255595
3569000,870829,216747,209.52,12260359,12257812
3570000,865331,214975,209.37,12136087,12141585
3571000,868160,215210,209.76,12161146,12158317
3572000,867294,217677,209.80,12120867,12121733
3573000,865211,218843,209.78,12052136,12054219
3574000,865477,220553,209.79,12095584,12095318
3575000,864555,221092,209.81,12036112,12037034
3576000,860958,219486,209.26,12061744,12065341
3577000,862232,220814,209.41,12047411,12046137
3578000,860514,219482,209.42,12012948,12014666
3579000,864688,219778,209.65,12109055,12104881
3580000,862782,218994,209.79,12108525,12110431
3581000,863969,218660,209.66,12133237,12132050
3582000,861121,218836,210.06,12093999,12096847
3583000,863922,220051,209.24,12160809,12158008
3584000,865236,218730,209.24,12221564,12220250
3585000,869269,216607,209.32,12313364,12309331
3586000,868710,215888,209.49,12260688,12261247
3587000,869072,216124,209.67,12244861,12244499
3588000,869251,216422,209.19,12214941,12214762
3589000,872024,214425,209.34,12336093,12333320
3590000,877548,211059,208.76,12478241,12472717
3591000,883412,209331,208.90,12665970,12660106
3592000,880483,209488,208.90,12634023,12636952
3593000,879744,209476,208.97,12617825,12618564
3594000,879450,209007,208.78,12656569,12656863
3595000,881257,208426,209.05,12593619,12591812
3596000,879957,209101,208.82,12588988,12590288
3597000,876299,210377,209.38,12522590,12526248
3598000,875101,210657,209.08,12446590,12447788
3599000,874796,210234,209.03,12431858,12432163
3600000,879628,210330,209.35,12460128,12455296
3601000,875456,212467,209.89,12384720,12388892
3602000,872400,212998,209.25,12240408,12243464
3603000,869113,213562,209.66,12230627,12233914
3604000,872385,215393,208.69,12358420,12355148
3605000,872733,215288,209.35,12391245,12390897
3606000,872516,215966,209.66,12267028,12267245
3607000,865571,217850,209.37,12257981,12264926
3608000,867436,216212,208.88,12250544,12248679
3609000,870325,217506,209.32,12330846,12327957
3610000,866890,216213,208.87,12355015,12358450
3611000,868596,215384,209.28,12345712,12344006
3612000,871872,215048,209.36,12313219,12309943
3613000,868979,215772,209.72,12253782,12256675
3614000,864172,216301,209.52,12162158,12166965
3615000,866489,216784,209.36,12211303,12208986
3616000,867706,217563,209.93,12226544,12225327
3617000,863511,217834,209.45,12035255,12039450
3618000,861583,219284,209.44,11985933,11987861
3619000,861611,218691,210.04,12023268,12023240
3620000,867958,216582,209.37,12140448,12134101
3621000,869752,214450,209.30,12329133,12327339
3622000,866724,214102,209.20,12269469,12272497
3623000,872270,214034,209.20,12398349,12392803
3624000,869716,214964,209.19,12353454,12356008
3625000,871380,214496,209.69,12316674,12315010
3626000,867661,213615,209.83,12232688,12236407
3627000,871219,213439,208.90,12288581,12285023
3628000,878881,212151,209.11,12527835,12520173
3629000,878777,213706,209.68,12515756,12515860
3630000,876957,212664,208.82,12487022,12488842
3631000,878984,211393,209.33,12598258,12596231
3632000,876122,210790,208.71,12483878,12486740
3633000,874529,210652,209.09,12471158,12472751
3634000,876481,213419,209.71,12500028,12498076
3635000,870588,214025,209.33,12347155,12353048
3636000,872063,215139,209.43,12313442,12311967
3637000,867834,215694,209.45,12271876,12276105
3638000,865732,215612,208.96,12258157,12260259
3639000,874478,215460,208.65,12475349,12466603
3640000,874045,214895,209.35,12448691,12449124
3641000,868305,216739,209.63,12225645,12231385
3642000,868084,216721,209.04,12274476,12274697
3643000,867455,215560,209.43,12316814,12317443
3644000,876126,216883,209.32,12427215,12418544
3645000,868849,216098,209.17,12353437,12360714
3646000,871313,215887,209.23,12364338,12361874
3647000,872080,216790,209.19,12340832,12340065
3648000,868548,217007,209.01,12322661,12326193
3649000,871494,217688,209.37,12312520,12309574
3650000,872993,217534,209.14,12365082,12363583
3651000,871603,217730,209.85,12346746,12348136
3652000,867252,218288,209.28,12238293,12242644
3653000,866918,216872,209.09,12261717,12262051
3654000,868797,215716,209.34,12318275,12316396
3655000,867185,217009,208.97,12303070,12304682
3656000,870989,216537,208.44,12409704,12405900
3657000,874956,215016,209.18,12508741,12504774
3658000,875206,216175,208.83,12468930,12468680
3659000,874015,216604,209.04,12477866,12479057
3660000,870918,214015,208.82,12359795,12362892
3661000,876416,215134,209.03,12436060,12430562
3662000,873630,215519,209.35,12452643,12455429
3663000,874350,214805,209.09,12423691,12422971
3664000,871903,213439,208.51,12437932,12440379
3665000,884007,210848,208.63,12557548,12545444
3666000,876272,210775,209.22,12551269,12559004
3667000,876238,210533,208.94,12424866,12424900
3668000,879741,208316,209.04,12576668,12573165
3669000,874308,209222,209.36,12522931,12528364
3670000,876503,209762,209.04,12448243,12446048
3671000,875414,210072,209.44,12469815,12470904
3672000,873409,209508,209.23,12394824,12396829
3673000,873737,211902,209.20,12425998,12425670
3674000,866701,213918,209.43,12273424,12280460
3675000,866277,214829,209.01,12285049,12285473
3676000,870438,216994,209.52,12281432,12277271
3677000,863763,217043,209.76,12189874,12196549
3678000,865688,217369,209.16,12126714,12124789
3679000,869260,217825,209.24,12294557,12290985
3680000,865398,217434,209.25,12253915,12257777
3681000,869352,217913,209.66,12246218,12242264
3682000,867284,218319,209.73,12158512,12160580
3683000,868335,220026,209.27,12164797,12163746
3684000,863930,218558,209.74,12130628,12135033
3685000,865677,217321,209.21,12159098,12157351
3686000,867619,218225,209.53,12134012,12132070
3687000,864965,217691,209.44,12108170,12110824
3688000,868713,216196,209.56,12214029,12210281
3689000,868526,217086,209.07,12247128,12247315
3690000,867582,216453,209.08,12252756,12253700
3691000,873004,216375,208.79,12386034,12380612
3692000,869352,215875,209.37,12318183,12321835
3693000,867699,214698,208.96,12284787,12286440
3694000,873013,215363,209.40,12304225,12298911
3695000,867383,215079,209.33,12278453,12284083
3696000,870040,214750,209.16,12336951,12334294
3697000,866663,215636,209.35,12268748,12272125
3698000,867060,217570,209.39,12284416,12284019
3699000,866518,217021,209.31,12228856,12229398
3700000,866067,217368,209.20,12297748,12298199
3701000,867473,216686,208.99,12292216,12290810
3702000,872225,215827,208.96,12361580,12356828
3703000,867286,215783,209.49,12314940,12319879
3704000,871072,216105,209.32,12324477,12320691
3705000,873038,216486,209.40,12327592,12325626
3706000,868365,216457,209.38,12234102,12238775
3707000,867003,215896,209.26,12258428,12259790
3708000,865872,214616,208.69,12303303,12304434
3709000,876655,213050,208.73,12479819,12469036
3710000,874609,212751,208.78,12473098,12475144
3711000,876915,211999,209.07,12583775,12581469
3712000,876884,212954,208.84,12504146,12504177
3713000,872194,213685,208.99,12464756,12469446
3714000,871170,213041,208.95,12467309,12468333
3715000,876091,213553,209.26,12470115,12465194
3716000,873850,213065,209.38,12440666,12442907
3717000,871929,213830,209.28,12401271,12403192
3718000,874547,213389,208.32,12485334,12482716
3719000,881885,210937,209.01,12592197,12584859
3720000,878087,211485,208.83,12607808,12611606
3721000,873811,209994,208.79,12493658,12497934
3722000,876901,210752,208.84,12525587,12522497
3723000,880514,209793,208.73,12622493,12618880
3724000,875919,207431,209.12,12576997,12581592
3725000,883543,206947,208.64,12684247,12676623
3726000,888027,204869,208.60,12760990,12756506
3727000,881065,206620,209.00,12683171,12690133
3728000,878751,205983,209.08,12606615,12608929
3729000,878975,207758,209.18,12538173,12537949
3730000,877703,208374,208.74,12516597,12517869
3731000,876710,208498,208.88,12530773,12531766
3732000,879222,209372,208.83,12568559,12566047
3733000,876054,210526,209.08,12482062,12485230
3734000,877161,210964,209.52,12453409,12452302
3735000,877932,210224,209.44,12455951,12455180
3736000,871986,211382,209.42,12370380,12376326
3737000,874188,210750,208.92,12334731,12332529
3738000,876717,211887,209.07,12441095,12438566
3739000,873386,211999,209.41,12458289,12461620
3740000,873612,211701,209.27,12386619,12386393
3741000,872560,212773,208.97,12425564,12426616
3742000,867331,214282,209.58,12329779,12335008
3743000,871986,216165,209.46,12268344,12263689
3744000,864717,217240,209.48,12278052,12285321
3745000,864023,216952,209.43,12218795,12219489
3746000,865267,218865,209.25,12249572,12248328
3747000,864956,217083,208.91,12254487,12254798
3748000,864677,213828,209.32,12245749,12246028
3749000,872191,214942,209.33,12309988,12302474
3750000,868338,216203,209.41,12279981,12283834
3751000,867202,215069,208.92,12271924,12273060
3752000,870101,214745,209.18,12373442,12370543
3753000,870965,213370,209.29,12314310,12313446
3754000,874444,213559,209.26,12365125,12361646
3755000,872218,212740,209.17,12363904,12366130
3756000,875039,213806,209.32,12451058,12448237
3757000,872748,214634,209.20,12492387,12494678
3758000,874801,214596,208.84,12488713,12486660
3759000,868907,214220,209.29,12440250,12446144
3760000,864991,213465,209.02,12312367,12316283
3761000,868476,217333,209.08,12286411,12282926
3762000,864832,217914,209.58,12228416,12232060
3763000,862012,219622,209.30,12121292,12124112
3764000,862097,221167,209.30,12127371,12127286
3765000,865646,219683,208.95,12202256,12198707
3766000,865666,217891,208.97,12208348,12208328
3767000,863788,217429,209.71,12242700,12244578
3768000,863325,216678,209.30,12147501,12147964
3769000,864197,217986,209.33,12209059,12208187
3770000,865680,218286,209.13,12225228,12223745
3771000,862201,218176,209.61,12176549,12180028
3772000,865975,218254,209.38,12179005,12175231
3773000,868586,217420,209.12,12307391,12304780
3774000,864123,217523,209.39,12226372,12230835
3775000,865320,218241,208.94,12278455,12277258
3776000,867365,219599,208.95,12311693,12309648
3777000,864996,218156,209.12,12254335,12256704
3778000,871325,217127,208.97,12351852,12345523
3779000,870170,216327,209.62,12335247,12336402
3780000,874516,215505,208.91,12454172,12449826
3781000,869240,214886,209.09,12380245,12385521
3782000,874442,214284,208.60,12424600,12419398
3783000,873745,213939,208.72,12411053,12411750
3784000,873102,214041,209.36,12470122,12470765
3785000,871544,215335,209.27,12323855,12325413
3786000,872085,215314,209.46,12354046,12353505
3787000,869480,215544,209.41,12267949,12270554
3788000,870815,216461,209.25,12325643,12324308
3789000,868503,216556,209.40,12298479,12300791
3790000,869239,216389,208.99,12274612,12273876
3791000,868736,216816,209.52,12321077,12321580
3792000,865342,215849,209.51,12174389,12177783
3793000,866811,216163,209.31,12217352,12215883
3794000,863760,215989,209.21,12274065,12277116
3795000,867726,216203,208.73,12371392,12367426
3796000,871863,215419,208.32,12453257,12449120
3797000,871273,215823,209.23,12470476,12471066
3798000,867612,216253,209.25,12366409,12370070
3799000,869497,218147,208.95,12345676,12343791
3800000,861672,219357,209.04,12173091,12180916
3801000,865794,217784,209.28,12293006,12288884
3802000,867730,214779,209.07,12298984,12297048
3803000,877608,214057,209.02,12489113,12479235
3804000,876025,213130,209.21,12505043,12506626
3805000,876276,212426,208.82,12499611,12499360
3806000,875616,211470,208.62,12525980,12526640
3807000,874979,213154,208.95,12566568,12567205
3808000,877899,212302,208.76,12599048,12596128
3809000,875043,210735,209.00,12510430,12513286
3810000,876005,212361,209.07,12530444,12529482
3811000,874060,212053,208.37,12469433,12471378
3812000,874466,213155,209.18,12558114,12557708
3813000,870570,214764,208.85,12413174,12417070
3814000,871889,215238,208.84,12443784,12442465
3815000,868175,214259,209.35,12355063,12358777
3816000,867732,216045,209.11,12200348,12200791
3817000,863462,217061,209.50,12221997,12226267
3818000,862867,218726,208.95,12141301,12141896
3819000,869518,219529,209.13,12243645,12236994
3820000,870382,218525,209.46,12284375,12283511
3821000,864297,219818,209.65,12171481,12177566
3822000,863636,219552,209.31,12088277,12088938
3823000,864796,219206,209.33,12188610,12187450
3824000,865065,219602,209.40,12188439,12188170
3825000,863292,217922,209.40,12162760,12164533
3826000,866304,217744,209.27,12169463,12166451
3827000,868559,216818,209.53,12239674,12237419
3828000,869160,216710,209.28,12241011,12240410
3829000,870853,216529,209.46,12308843,12307150
3830000,865796,215350,209.49,12241699,12246756
3831000,864683,215376,209.54,12132094,12133207
3832000,869947,214762,208.70,12289727,12284463
3833000,872027,215896,209.39,12338874,12336794
3834000,868892,215800,209.34,12336234,12339369
3835000,867143,215180,208.87,12351043,12352792
3836000,869772,213746,209.38,12401673,12399044
3837000,869973,216054,208.69,12359411,12359210
3838000,872033,216229,208.84,12432910,12430850
3839000,868685,215761,209.06,12374008,12377356
3840000,871201,215824,208.90,12390066,12387550
3841000,873413,216144,209.69,12395731,12393519
3842000,868710,214543,209.21,12363976,12368679
3843000,871309,215421,209.40,12380982,12378383
3844000,868645,214720,209.52,12347125,12349789
3845000,872519,215013,209.02,12370114,12366240
3846000,872455,216226,208.97,12438197,12438261
3847000,870180,217206,209.17,12341779,12344054
3848000,871531,215906,208.57,12397417,12396066
3849000,874407,215646,209.02,12507683,12504807
3850000,874088,215691,209.44,12489560,12489879
3851000,870251,214855,209.11,12343095,12346932
3852000,873599,215357,209.27,12397088,12393740
3853000,869084,215048,209.02,12300826,12305341
3854000,871992,216884,209.06,12352177,12349269
3855000,870175,215558,209.30,12324869,12326686
3856000,870108,217112,208.82,12346546,12346613
3857000,874375,214547,209.03,12490300,12486033
3858000,874831,214846,208.57,12537177,12536721
3859000,877350,214869,208.86,12526522,12524003
3860000,873246,214297,208.95,12519795,12523899
3861000,872800,213473,208.72,12502923,12503369
3862000,874146,212799,208.31,12578602,12577256
3863000,877187,211405,208.84,12585353,12582312
3864000,874501,213536,209.16,12490932,12493618
3865000,871810,214105,208.86,12412117,12414808
3866000,873642,214697,208.44,12456369,12454537
3867000,874839,214136,208.68,12522105,12520908
3868000,871970,213294,209.09,12515169,12518038
3869000,876091,213499,208.90,12464884,12460763
3870000,872941,213455,209.38,12445135,12448285
3871000,869355,213988,209.50,12300119,12303705
3872000,871074,214228,209.00,12345927,12344208
3873000,874488,214255,209.03,12356417,12353003
3874000,873472,213647,208.98,12402583,12403599
3875000,867875,213816,209.47,12323760,12329357
3876000,871777,211801,209.33,12387389,12383487
3877000,877566,209366,208.77,12504738,12498949
3878000,882021,210248,208.95,12645188,12640733
3879000,875156,210823,209.13,12553568,12560433
3880000,874804,211397,209.12,12429550,12429902
3881000,874867,211534,208.81,12517952,12517889
3882000,874066,213434,208.99,12494243,12495044
3883000,873300,212625,208.91,12438597,12439363
3884000,874932,214730,208.87,12466485,12464853
3885000,869746,215336,209.21,12366137,12371323
3886000,871142,215418,208.95,12386735,12385339
3887000,874232,215235,208.95,12439304,12436214
3888000,871642,214919,209.44,12388630,12391220
3889000,869262,212462,209.27,12331188,12333568
3890000,873217,212181,209.41,12396242,12392287
3891000,872954,213517,208.82,12408500,12408763
3892000,871399,213152,209.41,12437807,12439362
3893000,875451,213164,208.35,12516193,12512141
3894000,878013,212544,208.83,12625204,12622642
3895000,876253,212100,209.29,12471386,12473146
3896000,874242,212226,208.67,12473428,12475439
3897000,872900,212508,208.89,12515622,12516964
3898000,874713,212985,208.80,12461920,12460107
3899000,876381,212897,208.98,12455004,12453336
3900000,871886,213449,209.29,12403689,12408184
3901000,876011,210917,208.98,12419803,12415678
3902000,879790,208365,208.49,12628962,12625183
3903000,883139,208442,208.76,12728028,12724679
3904000,881186,209747,208.77,12659762,12661715
3905000,880440,208722,209.05,12611033,12611779
3906000,877505,209862,208.97,12553351,12556286
3907000,877018,210307,209.20,12501405,12501892
3908000,874934,211651,209.59,12466559,12468643
3909000,870112,211703,209.89,12298666,12303488
3910000,874031,212925,209.30,12270029,12266110
3911000,877521,209766,209.23,12423665,12420175
3912000,875884,209834,209.21,12410337,12411974
3913000,869690,211795,209.62,12241988,12248182
3914000,866235,212362,209.75,12253437,12256892
3915000,868559,211782,209.38,12200391,12198067
3916000,872114,212981,209.57,12284728,12281173
3917000,868186,213513,209.56,12237137,12241065
3918000,868231,212867,208.99,12221435,12221390
3919000,869298,214380,209.19,12299253,12298186
3920000,867167,213612,209.21,12271172,12273303
3921000,870224,213932,209.35,12349792,12346735
3922000,866501,215180,209.54,12284571,12288294
3923000,867782,216022,209.07,12225316,12224035
3924000,868078,214777,209.59,12309750,12309454
3925000,868746,214000,208.94,12253652,12252984
3926000,870594,213593,209.36,12323435,12321587
3927000,875877,213729,209.20,12374054,12368771
3928000,874142,212750,208.92,12449611,12451346
3929000,871594,212232,209.06,12476432,12478980
3930000,875318,211099,208.44,12478489,12474765
3931000,877709,211861,208.47,12640860,12638469
3932000,877729,212191,208.85,12604195,12604175
3933000,877887,212699,208.78,12472234,12472076
3934000,872623,212778,209.00,12428219,12433483
3935000,870551,212958,209.17,12367939,12370011
3936000,866633,213941,209.54,12275801,12279719
3937000,869060,214987,209.40,12293473,12291046
3938000,869700,215333,208.96,12287774,12287134
3939000,872543,215503,208.69,12419907,12417064
3940000,870243,214901,209.03,12367653,12369953
3941000,871302,214439,209.13,12350121,12349062
3942000,874985,215550,208.73,12455450,12451767
3943000,872695,214388,209.47,12393006,12395296
3944000,867957,213868,209.46,12277104,12281842
3945000,872858,214359,209.35,12346954,12342053
3946000,871844,214180,208.78,12338131,12339145
3947000,871546,213379,209.29,12418813,12419111
3948000,872323,213203,208.83,12357140,12356363
3949000,878110,212688,208.28,12570061,12564274
3950000,875731,211178,208.88,12623496,12625875
3951000,876559,213943,209.08,12465852,12465024
3952000,866543,214526,209.82,12253830,12263846
3953000,865815,215889,208.86,12217991,12218719
3954000,869614,215511,208.84,12338710,12334911
3955000,866408,216188,209.43,12275426,12278632
3956000,866713,214767,209.06,12236468,12236163
3957000,868775,215494,208.86,12322824,12320762
3958000,868505,216535,209.33,12308852,12309122
3959000,869429,218300,209.40,12266052,12265128
3960000,864401,218373,209.61,12156877,12161905
3961000,864346,217515,208.79,12130239,12130294
3962000,863691,219181,209.81,12216956,12217611
3963000,859690,219134,209.54,12066643,12070644
3964000,863882,219702,208.62,12131371,12127179
3965000,868308,218834,208.87,12339344,12334918
3966000,866583,219761,209.13,12277853,12279578
3967000,863263,220206,209.34,12224467,12227787
3968000,867093,218667,208.76,12301608,12297778
3969000,867341,217890,209.58,12236817,12236569
3970000,867334,217926,209.04,12140751,12140758
3971000,864542,216885,209.27,12236842,12239634
3972000,872810,215486,209.08,12341322,12333054
3973000,873571,216293,209.50,12359129,12358368
3974000,870635,216495,209.37,12234549,12237485
3975000,868078,214950,209.03,12264610,12267167
3976000,873304,214282,208.96,12407852,12402626
3977000,876461,211773,209.13,12493925,12490768
3978000,877854,213184,209.07,12477959,12476566
3979000,877479,213342,208.95,12462741,12463116
3980000,873559,211728,208.89,12497399,12501319
3981000,878622,212294,208.94,12489585,12484522
3982000,877468,212032,208.59,12536885,12538039
3983000,877552,211107,209.07,12589977,12589893
3984000,878855,214326,208.70,12638429,12637126
3985000,873610,213424,208.88,12533869,12539114
3986000,877117,213265,208.29,12547534,12544027
3987000,875906,214214,209.02,12582460,12583671
3988000,876873,213361,208.72,12500522,12499555
3989000,876532,211532,208.58,12576419,12576760
3990000,874176,213884,209.02,12551139,12553495
3991000,869903,213752,209.05,12380334,12384607
3992000,873864,213712,209.50,12389149,12385188
3993000,870747,213586,209.63,12333505,12336622
3994000,872804,215978,209.78,12241541,12239484
3995000,863496,217304,209.72,12058874,12068182
3996000,862656,217725,209.77,12072660,12073500
3997000,863828,217778,209.85,12075888,12074716
3998000,864749,218883,210.02,12085039,12084118
3999000,858330,219685,210.05,11967885,11974304
4000000,862490,219624,209.47,11976737,11972577
