tick,live,births,faithful,mutant,deaths_age,deaths_reaper,placements,rays,distinct_genomes,entropy,singletons,top_count,top_genome,parasites,out_readers,fertile,new_genomes,genomes_ever,shadow_distinct,shadow_entropy,shadow_singletons,shadow_new,shadow_ever
0,65536,0,0,0,0,0,61440,0,59906,15.7319,57732,12,0x0016885ce8,0,0,0,2174,2174,59906,15.7319,57732,2174,2174
1000,65536,839,668,171,2031568,839,2093008,0,58208,15.5356,55181,960,0x0000000000,27052,32824,0,3027,5201,58217,15.5363,55187,3030,5204
2000,65536,843,672,171,4063215,843,4124655,0,53202,15.0475,49120,2181,0x0000000000,23770,24317,0,3126,8327,53227,15.0507,49144,3120,8324
3000,65536,843,672,171,6094834,843,6156274,0,50138,14.7203,45238,3003,0x0000000000,22370,20665,0,2985,11312,50130,14.7161,45260,2950,11274
4000,65536,843,672,171,8191157,843,8252597,0,48186,14.5116,42658,3441,0x0000000000,410,214,0,2680,13992,48210,14.5144,42692,2669,13943
5000,65536,843,672,171,10223564,843,10285004,0,47465,14.4319,41252,3613,0x0000000000,21292,17521,0,2635,16627,47490,14.4319,41308,2616,16559
6000,65536,843,672,171,12255215,843,12316655,0,46729,14.3473,40126,3858,0x0000000000,21252,16987,0,2316,18943,46773,14.3501,40185,2301,18860
7000,65536,843,672,171,14286834,843,14348274,0,46591,14.3372,39576,3860,0x0000000000,21287,16876,0,2217,21160,46604,14.3365,39595,2212,21072
8000,65536,843,672,171,16383157,843,16444597,0,46194,14.3087,38874,3862,0x0000000000,398,217,0,2144,23304,46190,14.3083,38870,2151,23223
9000,65536,843,672,171,18415564,843,18477004,0,46087,14.2820,38452,3991,0x0000000000,20917,16493,0,2005,25309,46060,14.2805,38415,2015,25238
10000,65536,843,672,171,20447215,843,20508655,0,46122,14.2773,38229,3952,0x0000000000,20937,16482,0,1934,27243,46141,14.2778,38286,1921,27159
11000,65536,843,672,171,22478834,843,22540274,0,45851,14.2582,37674,4030,0x0000000000,21138,16248,0,1955,29198,45874,14.2614,37695,1964,29123
12000,65536,843,672,171,24575157,843,24636597,0,45992,14.2919,37446,3837,0x0000000000,405,195,0,1810,31008,46003,14.2934,37439,1822,30945
13000,65536,843,672,171,26607564,843,26669004,0,46001,14.2751,37275,3948,0x0000000000,20883,15990,0,1810,32818,46035,14.2793,37324,1806,32751
14000,65536,843,672,171,28639215,843,28700655,0,45994,14.2757,37160,3942,0x0000000000,20942,16126,0,1677,34495,45987,14.2757,37141,1689,34440
15000,65536,843,672,171,30670834,843,30732274,0,45866,14.2635,36794,4033,0x0000000000,20974,16033,0,1720,36215,45864,14.2606,36781,1718,36158
16000,65536,843,672,171,32767157,843,32828597,0,45770,14.2632,36352,3961,0x0000000000,408,205,0,1726,37941,45792,14.2651,36367,1724,37882
17000,65536,843,672,171,34799564,843,34861004,0,45600,14.2561,36038,3877,0x0000000000,20941,16106,0,1595,39536,45617,14.2568,36075,1590,39472
18000,65536,843,672,171,36831215,843,36892655,0,45722,14.2598,35901,3918,0x0000000000,20738,15987,0,1675,41211,45735,14.2579,35896,1674,41146
19000,65536,843,672,171,38862834,843,38924274,0,45687,14.2437,35795,4039,0x0000000000,20935,15958,0,1643,42854,45688,14.2469,35775,1643,42789
20000,65536,843,672,171,40959157,843,41020597,0,45720,14.2660,35617,3921,0x0000000000,412,210,0,1590,44444,45737,14.2671,35630,1596,44385
21000,65536,843,672,171,42991564,843,43053004,0,45796,14.2607,35568,3967,0x0000000000,20981,16174,0,1592,46036,45820,14.2625,35591,1585,45970
22000,65536,843,672,171,45023215,843,45084655,0,45632,14.2330,35112,4051,0x0000000000,21021,16097,0,1561,47597,45625,14.2306,35113,1564,47534
23000,65536,843,672,171,47054834,843,47116274,0,46016,14.2912,35478,3880,0x0000000000,20966,16199,0,1545,49142,46028,14.2922,35477,1543,49077
24000,65536,843,672,171,49151157,843,49212597,0,45936,14.2811,35249,3932,0x0000000000,414,223,0,1546,50688,45904,14.2776,35204,1557,50634
25000,65536,843,672,171,51183564,843,51245004,0,45540,14.2328,34685,4026,0x0000000000,20921,15900,0,1475,52163,45559,14.2336,34718,1475,52109
26000,65536,843,672,171,53215215,843,53276655,0,45629,14.2606,34709,3970,0x0000000000,21049,15975,0,1495,53658,45617,14.2596,34694,1508,53617
27000,65536,843,672,171,55246834,843,55308274,0,45603,14.2538,34361,3938,0x0000000000,20874,16189,0,1481,55139,45591,14.2529,34336,1476,55093
28000,65536,843,672,171,57343157,843,57404597,0,45581,14.2371,34263,4064,0x0000000000,413,181,0,1442,56581,45597,14.2389,34261,1451,56544
29000,65536,843,672,171,59375564,843,59437004,0,45628,14.2465,34219,3954,0x0000000000,20952,15930,0,1425,58006,45599,14.2447,34212,1427,57971
30000,65536,843,672,171,61407215,843,61468655,0,45656,14.2422,34038,3983,0x0000000000,20981,16068,0,1433,59439,45647,14.2399,34026,1432,59403
31000,65536,843,672,171,63438834,843,63500274,0,45560,14.2341,33625,4056,0x0000000000,20970,15997,0,1441,60880,45565,14.2363,33639,1439,60842
32000,65536,843,672,171,65535157,843,65596597,0,45625,14.2612,33824,3937,0x0000000000,442,226,0,1376,62256,45631,14.2596,33831,1371,62213
33000,65536,843,672,171,67567564,843,67629004,0,45716,14.2406,33848,4035,0x0000000000,21154,16132,0,1392,63648,45688,14.2375,33825,1396,63609
34000,65536,843,672,171,69599215,843,69660655,0,45707,14.2383,33739,3991,0x0000000000,21071,15997,0,1282,64930,45700,14.2398,33724,1282,64891
35000,65536,843,672,171,71630834,843,71692274,0,45512,14.2202,33379,4024,0x0000000000,20962,16139,0,1333,66263,45541,14.2236,33400,1341,66232
36000,65536,843,672,171,73727157,843,73788597,0,45464,14.2325,33186,4023,0x0000000000,404,179,0,1318,67581,45497,14.2326,33192,1320,67552
37000,65536,843,672,171,75759564,843,75821004,0,45542,14.2495,33046,3941,0x0000000000,20917,15770,0,1314,68895,45531,14.2492,33010,1319,68871
38000,65536,843,672,171,77791215,843,77852655,0,45574,14.2360,32928,4001,0x0000000000,20897,15949,0,1304,70199,45585,14.2358,32942,1296,70167
39000,65536,843,672,171,79822834,843,79884274,0,45590,14.2657,32752,3905,0x0000000000,20987,15969,0,1401,71600,45576,14.2649,32749,1400,71567
40000,65536,843,672,171,81919157,843,81980597,0,45517,14.2362,32778,4035,0x0000000000,390,170,0,1333,72933,45521,14.2365,32762,1330,72897
41000,65536,843,672,171,83951564,843,84013004,0,45582,14.2472,32675,3964,0x0000000000,21042,16222,0,1352,74285,45596,14.2485,32678,1366,74263
42000,65536,843,672,171,85983215,843,86044655,0,45654,14.2405,32495,4008,0x0000000000,21023,16051,0,1270,75555,45621,14.2371,32461,1273,75536
43000,65536,843,672,171,88014834,843,88076274,0,45477,14.2317,32324,4015,0x0000000000,20846,15979,0,1298,76853,45453,14.2268,32327,1292,76828
44000,65536,843,672,171,90111157,843,90172597,0,45674,14.2564,32390,3918,0x0000000000,406,191,0,1264,78117,45672,14.2565,32375,1271,78099
45000,65536,843,672,171,92143564,843,92205004,0,45395,14.2140,32076,4073,0x0000000000,20844,15829,0,1241,79358,45381,14.2117,32033,1246,79345
46000,65536,843,672,171,94175215,843,94236655,0,45712,14.2520,32225,3994,0x0000000000,20942,15824,0,1222,80580,45697,14.2502,32203,1218,80563
47000,65536,843,672,171,96206834,843,96268274,0,45542,14.2378,31773,4032,0x0000000000,20829,15991,0,1315,81895,45556,14.2359,31796,1319,81882
48000,65536,843,672,171,98303157,843,98364597,0,45652,14.2582,31941,3902,0x0000000000,408,213,0,1225,83120,45645,14.2565,31916,1224,83106
49000,65536,843,672,171,100335564,843,100397004,0,45557,14.2326,31841,4059,0x0000000000,20887,15872,0,1229,84349,45534,14.2294,31803,1225,84331
50000,65536,843,672,171,102367215,843,102428655,0,45543,14.2424,31833,3934,0x0000000000,20899,15996,0,1177,85526,45528,14.2420,31843,1183,85514
51000,65536,843,672,171,104398834,843,104460274,0,45530,14.2464,31604,3972,0x0000000000,21001,15953,0,1218,86744,45537,14.2445,31588,1209,86723
52000,65536,843,672,171,106495157,843,106556597,0,45547,14.2362,31408,4020,0x0000000000,414,179,0,1168,87912,45551,14.2338,31408,1172,87895
53000,65536,843,672,171,108527564,843,108589004,0,45550,14.2432,31423,3960,0x0000000000,20924,16051,0,1155,89067,45542,14.2392,31383,1151,89046
54000,65536,843,672,171,110559215,843,110620655,0,45518,14.2344,31306,3988,0x0000000000,20866,16023,0,1210,90277,45529,14.2332,31341,1196,90242
55000,65536,843,672,171,112590834,843,112652274,0,45708,14.2422,31399,4033,0x0000000000,20875,15820,0,1162,91439,45707,14.2390,31422,1147,91389
56000,65536,843,672,171,114687157,843,114748597,0,45506,14.2418,31179,3985,0x0000000000,420,213,0,1176,92615,45490,14.2380,31161,1168,92557
57000,65536,843,672,171,116719564,843,116781004,0,45623,14.2495,31077,3967,0x0000000000,20924,16079,0,1150,93765,45646,14.2507,31080,1150,93707
58000,65536,843,672,171,118751215,843,118812655,0,45482,14.2376,30850,4011,0x0000000000,20943,15978,0,1181,94946,45474,14.2378,30854,1173,94880
59000,65536,843,672,171,120782834,843,120844274,0,45715,14.2432,31085,4035,0x0000000000,20920,15924,0,1107,96053,45722,14.2445,31086,1111,95991
60000,65536,843,672,171,122879157,843,122940597,0,45456,14.2297,30776,3991,0x0000000000,420,201,0,1155,97208,45440,14.2299,30761,1176,97167
61000,65536,843,672,171,124911564,843,124973004,0,45620,14.2486,30748,3942,0x0000000000,20963,16032,0,1180,98388,45617,14.2495,30767,1196,98363
62000,65536,843,672,171,126943215,843,127004655,0,45625,14.2428,30582,3992,0x0000000000,20927,15974,0,1099,99487,45605,14.2386,30583,1091,99454
63000,65536,843,672,171,128974834,843,129036274,0,45365,14.2181,30240,4098,0x0000000000,20911,15939,0,1215,100702,45374,14.2197,30261,1221,100675
64000,65536,843,672,171,131071157,843,131132597,0,45378,14.2250,30352,3998,0x0000000000,413,202,0,1150,101852,45388,14.2252,30350,1132,101807
65000,65536,843,672,171,133103564,843,133165004,0,45637,14.2545,30395,3907,0x0000000000,20835,15941,0,1080,102932,45616,14.2510,30414,1082,102889
66000,65536,843,672,171,135135215,843,135196655,0,45530,14.2179,30284,4054,0x0000000000,20831,15759,0,1086,104018,45518,14.2169,30270,1075,103964
67000,65536,843,672,171,137166834,843,137228274,0,45586,14.2458,30144,3970,0x0000000000,20904,15891,0,1147,105165,45616,14.2453,30196,1144,105108
68000,65536,843,672,171,139263157,843,139324597,0,45540,14.2373,30068,4007,0x0000000000,437,185,0,1124,106289,45518,14.2355,30016,1120,106228
69000,65536,843,672,171,141295564,843,141357004,0,45600,14.2444,30127,3940,0x0000000000,20843,15955,0,1120,107409,45637,14.2452,30155,1121,107349
70000,65536,843,672,171,143327215,843,143388655,0,45676,14.2381,30007,4052,0x0000000000,21078,15999,0,1065,108474,45720,14.2437,30063,1059,108408
71000,65536,843,672,171,145358834,843,145420274,0,45524,14.2309,29748,3999,0x0000000000,20862,16031,0,1075,109549,45561,14.2361,29814,1069,109477
72000,65536,843,672,171,147455157,843,147516597,0,45489,14.2308,29616,4020,0x0000000000,396,190,0,1108,110657,45514,14.2309,29654,1104,110581
73000,65536,843,672,171,149487564,843,149549004,0,45461,14.2252,29479,4060,0x0000000000,21014,15681,0,1084,111741,45480,14.2286,29497,1082,111663
74000,65536,843,672,171,151519215,843,151580655,0,45384,14.2257,29325,4008,0x0000000000,20741,15951,0,1130,112871,45338,14.2205,29283,1128,112791
75000,65536,843,672,171,153550834,843,153612274,0,45388,14.2165,29414,4066,0x0000000000,20856,15984,0,1062,113933,45373,14.2161,29367,1066,113857
76000,65536,843,672,171,155647157,843,155708597,0,45276,14.2165,29102,4007,0x0000000000,398,185,0,1133,115066,45271,14.2150,29106,1131,114988
77000,65536,843,672,171,157679564,843,157741004,0,45419,14.2250,29112,4016,0x0000000000,20791,15919,0,1105,116171,45419,14.2270,29125,1106,116094
78000,65536,843,672,171,159711215,843,159772655,0,45386,14.2227,29179,4040,0x0000000000,20777,15958,0,1103,117274,45384,14.2240,29196,1119,117213
79000,65536,843,672,171,161742834,843,161804274,0,45304,14.2097,29110,4058,0x0000000000,20658,15843,0,1018,118292,45308,14.2075,29132,1015,118228
80000,65536,843,672,171,163839157,843,163900597,0,45392,14.2284,28847,3987,0x0000000000,409,203,0,1109,119401,45369,14.2285,28854,1116,119344
81000,65536,843,672,171,165871564,843,165933004,0,45386,14.2240,28907,3990,0x0000000000,20869,15878,0,1013,120414,45410,14.2263,28946,1024,120368
82000,65536,843,672,171,167903215,843,167964655,0,45525,14.2418,28870,3963,0x0000000000,20849,15779,0,1041,121455,45513,14.2425,28855,1048,121416
83000,65536,843,672,171,169934834,843,169996274,0,45619,14.2337,28989,4057,0x0000000000,20681,15935,0,1005,122460,45625,14.2332,28972,1008,122424
84000,65536,843,672,171,172031157,843,172092597,0,45662,14.2609,28835,3967,0x0000000000,417,204,0,1036,123496,45647,14.2626,28823,1045,123469
85000,65536,843,672,171,174063564,843,174125004,0,45618,14.2458,28827,4004,0x0000000000,21047,15798,0,1093,124589,45594,14.2432,28760,1104,124573
86000,65536,843,672,171,176095215,843,176156655,0,45393,14.2187,28706,4043,0x0000000000,20885,15997,0,1007,125596,45390,14.2176,28690,1008,125581
87000,65536,843,672,171,178126834,843,178188274,0,45376,14.2082,28513,4043,0x0000000000,20850,15935,0,1033,126629,45362,14.2086,28530,1034,126615
88000,65536,843,672,171,180223157,843,180284597,0,45637,14.2463,28777,3899,0x0000000000,405,213,0,1004,127633,45596,14.2440,28711,1005,127620
89000,65536,843,672,171,182255564,843,182317004,0,45568,14.2537,28338,3918,0x0000000000,20960,15930,0,1008,128641,45611,14.2576,28390,1014,128634
90000,65536,843,672,171,184287215,843,184348655,0,45434,14.2249,28416,4040,0x0000000000,20922,16020,0,1014,129655,45420,14.2252,28414,1019,129653
91000,65536,843,672,171,186318834,843,186380274,0,45533,14.2375,28229,4005,0x0000000000,20829,15920,0,1044,130699,45540,14.2399,28239,1035,130688
92000,65536,843,672,171,188415157,843,188476597,0,45450,14.2316,28229,3977,0x0000000000,399,215,0,1018,131717,45433,14.2330,28183,1028,131716
93000,65536,843,672,171,190447564,843,190509004,0,45271,14.2114,28058,4034,0x0000000000,20943,15886,0,1007,132724,45268,14.2108,28034,1010,132726
94000,65536,843,672,171,192479215,843,192540655,0,45732,14.2662,28171,3863,0x0000000000,21126,16139,0,1019,133743,45711,14.2625,28151,1024,133750
95000,65536,843,672,171,194510834,843,194572274,0,45414,14.2244,27947,4045,0x0000000000,20764,15890,0,1045,134788,45394,14.2224,27901,1059,134809
96000,65536,843,672,171,196607157,843,196668597,0,45539,14.2387,27963,3993,0x0000000000,433,195,0,995,135783,45564,14.2416,27972,1001,135810
97000,65536,843,672,171,198639564,843,198701004,0,45608,14.2292,27872,4088,0x0000000000,20761,15877,0,942,136725,45613,14.2309,27836,947,136757
98000,65536,843,672,171,200671215,843,200732655,0,45435,14.2268,27671,4005,0x0000000000,20710,15763,0,980,137705,45421,14.2270,27677,983,137740
99000,65536,843,672,171,202702834,843,202764274,0,45548,14.2408,27823,3956,0x0000000000,21013,16093,0,984,138689,45566,14.2403,27818,978,138718
100000,65536,843,672,171,204799157,843,204860597,0,45560,14.2318,27699,4010,0x0000000000,402,199,0,961,139650,45564,14.2344,27684,957,139675
101000,65536,843,672,171,206831564,843,206893004,0,45374,14.2099,27403,4131,0x0000000000,20776,16047,0,951,140601,45330,14.2063,27334,969,140644
102000,65536,843,672,171,208863215,843,208924655,0,45525,14.2496,27633,3916,0x0000000000,20985,15779,0,999,141600,45527,14.2488,27615,1011,141655
103000,65536,843,672,171,210894834,843,210956274,0,45471,14.2324,27268,3947,0x0000000000,20823,15857,0,958,142558,45460,14.2304,27299,957,142612
104000,65536,843,672,171,212991157,843,213052597,0,45548,14.2375,27556,3987,0x0000000000,405,199,0,984,143542,45530,14.2373,27550,986,143598
105000,65536,843,672,171,215023564,843,215085004,0,45699,14.2570,27384,3942,0x0000000000,20986,16168,0,967,144509,45685,14.2571,27370,957,144555
106000,65536,843,672,171,217055215,843,217116655,0,45580,14.2460,27460,3981,0x0000000000,21044,15854,0,983,145492,45583,14.2457,27450,986,145541
107000,65536,843,672,171,219086834,843,219148274,0,45492,14.2398,27264,4026,0x0000000000,20924,15950,0,1005,146497,45503,14.2391,27265,995,146536
108000,65536,843,672,171,221183157,843,221244597,0,45460,14.2313,27140,4043,0x0000000000,410,197,0,1001,147498,45465,14.2324,27101,1007,147543
109000,65536,843,672,171,223215564,843,223277004,0,45346,14.2245,26973,3989,0x0000000000,20730,15861,0,998,148496,45366,14.2265,26980,992,148535
110000,65536,843,672,171,225247215,843,225308655,0,45438,14.2151,27043,4073,0x0000000000,20977,15910,0,929,149425,45457,14.2153,27070,923,149458
111000,65536,843,672,171,227278834,843,227340274,0,45471,14.2157,26953,4112,0x0000000000,20847,15783,0,910,150335,45451,14.2200,26912,928,150386
112000,65536,843,672,171,229375157,843,229436597,0,45343,14.2038,26773,4104,0x0000000000,412,174,0,904,151239,45328,14.2027,26780,898,151284
113000,65536,843,672,171,231407564,843,231469004,0,45534,14.2314,26920,4008,0x0000000000,21030,16012,0,933,152172,45506,14.2292,26848,953,152237
114000,65536,843,672,171,233439215,843,233500655,0,45659,14.2667,26811,3876,0x0000000000,20989,15770,0,954,153126,45623,14.2629,26762,957,153194
115000,65536,843,672,171,235470834,843,235532274,0,45336,14.2153,26703,4025,0x0000000000,21033,15829,0,933,154059,45359,14.2190,26728,942,154136
116000,65536,843,672,171,237567157,843,237628597,0,45431,14.2426,26306,3926,0x0000000000,426,232,0,976,155035,45466,14.2446,26363,962,155098
117000,65536,843,672,171,239599564,843,239661004,0,45331,14.1954,26464,4172,0x0000000000,20879,15748,0,874,155909,45330,14.1972,26438,878,155976
118000,65536,843,672,171,241631215,843,241692655,0,45516,14.2324,26494,4005,0x0000000000,21113,15932,0,936,156845,45507,14.2319,26459,942,156918
119000,65536,843,672,171,243662834,843,243724274,0,45414,14.2301,26451,3952,0x0000000000,20608,15882,0,849,157694,45430,14.2275,26412,853,157771
120000,65536,843,672,171,245759157,843,245820597,0,45546,14.2517,26319,3898,0x0000000000,419,198,0,884,158578,45532,14.2520,26321,884,158655
121000,65536,843,672,171,247791564,843,247853004,0,45582,14.2437,26323,3923,0x0000000000,21077,15895,0,909,159487,45590,14.2454,26342,908,159563
122000,65536,843,672,171,249823215,843,249884655,0,45452,14.2278,26109,4044,0x0000000000,20914,15776,0,912,160399,45423,14.2270,26039,918,160481
123000,65536,843,672,171,251854834,843,251916274,0,45488,14.2444,26107,3911,0x0000000000,20765,15773,0,925,161324,45531,14.2449,26119,910,161391
124000,65536,843,672,171,253951157,843,254012597,0,45595,14.2361,26200,4045,0x0000000000,395,195,0,905,162229,45572,14.2361,26145,922,162313
125000,65536,843,672,171,255983564,843,256045004,0,45452,14.2214,26107,4072,0x0000000000,20927,15986,0,916,163145,45450,14.2243,26089,915,163228
126000,65536,843,672,171,258015215,843,258076655,0,45473,14.2394,25972,3963,0x0000000000,20859,15847,0,954,164099,45463,14.2389,26012,958,164186
127000,65536,843,672,171,260046834,843,260108274,0,45198,14.1980,25672,4114,0x0000000000,20756,15837,0,957,165056,45203,14.1983,25643,963,165149
128000,65536,843,672,171,262143157,843,262204597,0,45568,14.2482,25779,3953,0x0000000000,413,195,0,919,165975,45571,14.2491,25789,935,166084
129000,65536,843,672,171,264175564,843,264237004,0,45318,14.2162,25655,4025,0x0000000000,20938,15721,0,901,166876,45318,14.2166,25621,897,166981
130000,65536,843,672,171,266207215,843,266268655,0,45455,14.2257,25592,3992,0x0000000000,21015,16087,0,886,167762,45444,14.2254,25537,880,167861
131000,65536,843,672,171,268238834,843,268300274,0,45400,14.2164,25636,4095,0x0000000000,20982,15708,0,888,168650,45410,14.2193,25652,893,168754
132000,65536,843,672,171,270335157,843,270396597,0,45595,14.2539,25589,3955,0x0000000000,416,219,0,895,169545,45586,14.2514,25595,888,169642
133000,65536,843,672,171,272367564,843,272429004,0,45387,14.2212,25433,4042,0x0000000000,20907,15841,0,891,170436,45406,14.2218,25436,888,170530
134000,65536,843,672,171,274399215,843,274460655,0,45572,14.2556,25512,3868,0x0000000000,20937,16126,0,882,171318,45603,14.2556,25526,874,171404
135000,65536,843,672,171,276430834,843,276492274,0,45326,14.2263,25322,3966,0x0000000000,20935,15741,0,893,172211,45341,14.2259,25342,885,172289
136000,65536,843,672,171,278527157,843,278588597,0,45503,14.2416,25495,3982,0x0000000000,406,206,0,904,173115,45512,14.2418,25483,904,173193
137000,65536,843,672,171,280559564,843,280621004,0,45595,14.2342,25201,4074,0x0000000000,20609,15899,0,871,173986,45597,14.2346,25209,859,174052
138000,65536,843,672,171,282591215,843,282652655,0,45293,14.2150,25139,3998,0x0000000000,20767,15964,0,903,174889,45288,14.2143,25125,907,174959
139000,65536,843,672,171,284622834,843,284684274,0,45442,14.2283,25191,4005,0x0000000000,20765,15864,0,854,175743,45447,14.2291,25149,859,175818
140000,65536,843,672,171,286719157,843,286780597,0,45615,14.2376,25301,3995,0x0000000000,411,207,0,869,176612,45605,14.2352,25280,866,176684
141000,65536,843,672,171,288751564,843,288813004,0,45645,14.2398,25142,4121,0x0000000000,20739,15892,0,897,177509,45634,14.2379,25122,885,177569
142000,65536,843,672,171,290783215,843,290844655,0,45514,14.2401,25030,3980,0x0000000000,20826,15927,0,888,178397,45482,14.2352,24972,882,178451
143000,65536,843,672,171,292814834,843,292876274,0,45524,14.2274,25044,4063,0x0000000000,20850,15810,0,859,179256,45519,14.2261,25063,852,179303
144000,65536,843,672,171,294911157,843,294972597,0,45452,14.2232,24842,4002,0x0000000000,405,199,0,867,180123,45438,14.2252,24821,878,180181
145000,65536,843,672,171,296943564,843,297005004,0,45372,14.2245,24777,4016,0x0000000000,20999,15879,0,871,180994,45347,14.2198,24675,879,181060
146000,65536,843,672,171,298975215,843,299036655,0,45537,14.2379,24755,4053,0x0000000000,20808,15789,0,852,181846,45528,14.2379,24775,849,181909
147000,65536,843,672,171,301006834,843,301068274,0,45271,14.1909,24565,4180,0x0000000000,20810,15799,0,876,182722,45283,14.1940,24571,877,182786
148000,65536,843,672,171,303103157,843,303164597,0,45470,14.2263,24808,4068,0x0000000000,430,193,0,872,183594,45499,14.2300,24827,868,183654
149000,65536,843,672,171,305135564,843,305197004,0,45493,14.2112,24705,4106,0x0000000000,20598,15734,0,786,184380,45481,14.2104,24699,784,184438
150000,65536,843,672,171,307167215,843,307228655,0,45421,14.2376,24540,3929,0x0000000000,20810,15946,0,888,185268,45407,14.2380,24495,892,185330
151000,65536,843,672,171,309198834,843,309260274,0,45563,14.2463,24413,3954,0x0000000000,20818,15936,0,839,186107,45580,14.2470,24434,840,186170
152000,65536,843,672,171,311295157,843,311356597,0,45619,14.2430,24474,4022,0x0000000000,432,209,0,798,186905,45601,14.2399,24394,800,186970
153000,65536,843,672,171,313327564,843,313389004,0,45412,14.2181,24464,4101,0x0000000000,21029,16011,0,829,187734,45401,14.2180,24469,823,187793
154000,65536,843,672,171,315359215,843,315420655,0,45336,14.2236,24186,4003,0x0000000000,21113,15944,0,868,188602,45327,14.2210,24160,860,188653
155000,65536,843,672,171,317390834,843,317452274,0,45321,14.2121,24233,4061,0x0000000000,20917,15793,0,821,189423,45331,14.2123,24226,818,189471
156000,65536,843,672,171,319487157,843,319548597,0,45416,14.2257,24210,4042,0x0000000000,411,205,0,880,190303,45408,14.2269,24224,887,190358
157000,65536,843,672,171,321519564,843,321581004,0,45552,14.2405,24143,3987,0x0000000000,20926,15808,0,807,191110,45542,14.2393,24118,799,191157
158000,65536,843,672,171,323551215,843,323612655,0,45394,14.2295,24140,3978,0x0000000000,20892,15831,0,800,191910,45415,14.2318,24149,793,191950
159000,65536,843,672,171,325582834,843,325644274,0,45531,14.2299,24108,4032,0x0000000000,20879,15957,0,863,192773,45529,14.2306,24107,855,192805
160000,65536,843,672,171,327679157,843,327740597,0,45259,14.2133,23819,3981,0x0000000000,418,224,0,835,193608,45228,14.2083,23835,836,193641
161000,65536,843,672,171,329711564,843,329773004,0,45553,14.2280,24051,4104,0x0000000000,20914,15911,0,824,194432,45553,14.2293,24032,823,194464
162000,65536,843,672,171,331743215,843,331804655,0,45578,14.2399,24052,4031,0x0000000000,20892,15884,0,790,195222,45573,14.2399,24056,794,195258
163000,65536,843,672,171,333774834,843,333836274,0,45549,14.2218,23949,4156,0x0000000000,20944,15931,0,820,196042,45502,14.2149,23900,814,196072
164000,65536,843,672,171,335871157,843,335932597,0,45625,14.2372,23827,4032,0x0000000000,426,218,0,791,196833,45651,14.2387,23841,789,196861
165000,65536,843,672,171,337903564,843,337965004,0,45411,14.2366,23685,3937,0x0000000000,20816,15861,0,836,197669,45403,14.2326,23644,846,197707
166000,65536,843,672,171,339935215,843,339996655,0,45413,14.2242,23568,4034,0x0000000000,20998,15919,0,849,198518,45417,14.2246,23563,840,198547
167000,65536,843,672,171,341966834,843,342028274,0,45251,14.2170,23627,4047,0x0000000000,20957,15816,0,826,199344,45258,14.2179,23613,823,199370
168000,65536,843,672,171,344063157,843,344124597,0,45389,14.2236,23544,4047,0x0000000000,419,195,0,789,200133,45345,14.2200,23486,800,200170
169000,65536,843,672,171,346095564,843,346157004,0,45381,14.2378,23506,3940,0x0000000000,20834,15773,0,807,200940,45406,14.2393,23461,800,200970
170000,65536,843,672,171,348127215,843,348188655,0,45495,14.2448,23548,3945,0x0000000000,21001,15877,0,831,201771,45493,14.2436,23570,827,201797
171000,65536,843,672,171,350158834,843,350220274,0,45543,14.2375,23564,3980,0x0000000000,20834,15881,0,791,202562,45548,14.2391,23556,782,202579
172000,65536,843,672,171,352255157,843,352316597,0,45578,14.2397,23484,4007,0x0000000000,428,222,0,776,203338,45577,14.2382,23473,773,203352
173000,65536,843,672,171,354287564,843,354349004,0,45437,14.2458,23243,3956,0x0000000000,20960,15774,0,853,204191,45472,14.2492,23281,856,204208
174000,65536,843,672,171,356319215,843,356380655,0,45243,14.2015,23276,4107,0x0000000000,20677,15796,0,770,204961,45244,14.2018,23289,772,204980
175000,65536,843,672,171,358350834,843,358412274,0,45537,14.2395,23219,3991,0x0000000000,20698,15879,0,806,205767,45517,14.2379,23173,816,205796
176000,65536,843,672,171,360447157,843,360508597,0,45412,14.2163,23426,4032,0x0000000000,409,201,0,748,206515,45433,14.2166,23381,755,206551
177000,65536,843,672,171,362479564,843,362541004,0,45309,14.2206,23244,3986,0x0000000000,20724,15831,0,794,207309,45308,14.2222,23207,787,207338
178000,65536,843,672,171,364511215,843,364572655,0,45701,14.2322,23157,4063,0x0000000000,20753,15823,0,799,208108,45696,14.2321,23223,800,208138
179000,65536,843,672,171,366542834,843,366604274,0,45494,14.2413,23147,3964,0x0000000000,20809,15840,0,829,208937,45511,14.2424,23155,830,208968
180000,65536,843,672,171,368639157,843,368700597,0,45559,14.2409,23080,3939,0x0000000000,416,208,0,796,209733,45563,14.2433,23077,802,209770
181000,65536,843,672,171,370671564,843,370733004,0,45519,14.2394,23000,3934,0x0000000000,20822,16052,0,770,210503,45505,14.2421,22960,767,210537
182000,65536,843,672,171,372703215,843,372764655,0,45357,14.2374,22891,3894,0x0000000000,21005,15853,0,782,211285,45344,14.2365,22830,784,211321
183000,65536,843,672,171,374734834,843,374796274,0,45598,14.2446,22894,3996,0x0000000000,20952,15967,0,743,212028,45581,14.2437,22886,758,212079
184000,65536,843,672,171,376831157,843,376892597,0,45359,14.2163,22891,4047,0x0000000000,393,230,0,747,212775,45373,14.2163,22924,749,212828
185000,65536,843,672,171,378863564,843,378925004,0,45441,14.2288,22796,4024,0x0000000000,20976,15863,0,764,213539,45474,14.2322,22811,761,213589
186000,65536,843,672,171,380895215,843,380956655,0,45524,14.2378,22675,3998,0x0000000000,21085,15948,0,810,214349,45509,14.2393,22665,812,214401
187000,65536,843,672,171,382926834,843,382988274,0,45502,14.2379,22653,3994,0x0000000000,20748,15888,0,806,215155,45487,14.2330,22629,803,215204
188000,65536,843,672,171,385023157,843,385084597,0,45696,14.2584,22719,3903,0x0000000000,416,208,0,800,215955,45675,14.2563,22705,810,216014
189000,65536,843,672,171,387055564,843,387117004,0,45444,14.2266,22425,4007,0x0000000000,20929,15909,0,759,216714,45439,14.2263,22418,752,216766
190000,65536,843,672,171,389087215,843,389148655,0,45429,14.2291,22524,3947,0x0000000000,20861,15711,0,731,217445,45450,14.2323,22553,732,217498
191000,65536,843,672,171,391118834,843,391180274,0,45676,14.2550,22622,3990,0x0000000000,20811,15943,0,727,218172,45698,14.2568,22624,724,218222
192000,65536,843,672,171,393215157,843,393276597,0,45215,14.1983,22231,4088,0x0000000000,438,206,0,760,218932,45233,14.2002,22176,759,218981
193000,65536,843,672,171,395247564,843,395309004,0,45463,14.2439,22489,3930,0x0000000000,21097,16049,0,790,219722,45494,14.2472,22490,780,219761
194000,65536,843,672,171,397279215,843,397340655,0,45599,14.2371,22461,3986,0x0000000000,20872,15831,0,774,220496,45623,14.2401,22462,777,220538
195000,65536,843,672,171,399310834,843,399372274,0,45233,14.2012,22191,4055,0x0000000000,20928,15755,0,751,221247,45250,14.2024,22199,746,221284
196000,65536,843,672,171,401407157,843,401468597,0,45471,14.2121,22302,4102,0x0000000000,424,214,0,756,222003,45506,14.2155,22315,762,222046
197000,65536,843,672,171,403439564,843,403501004,0,45505,14.2348,22054,4075,0x0000000000,21117,15973,0,780,222783,45518,14.2356,22074,770,222816
198000,65536,843,672,171,405471215,843,405532655,0,45491,14.2272,22184,4026,0x0000000000,20973,15940,0,725,223508,45500,14.2284,22133,723,223539
199000,65536,843,672,171,407502834,843,407564274,0,45592,14.2290,22167,4064,0x0000000000,20950,15951,0,725,224233,45617,14.2287,22197,717,224256
200000,65536,843,672,171,409599157,843,409660597,0,45284,14.2115,22062,4036,0x0000000000,406,179,0,734,224967,45307,14.2158,22071,735,224991
201000,65536,843,672,171,411631564,843,411693004,0,45379,14.2214,21614,4055,0x0000000000,21009,15758,0,740,225707,45340,14.2155,21603,739,225730
202000,65536,843,672,171,413663215,843,413724655,0,45336,14.2127,21924,4029,0x0000000000,20875,15837,0,715,226422,45343,14.2137,21918,721,226451
203000,65536,843,672,171,415694834,843,415756274,0,45476,14.2317,22024,3983,0x0000000000,20812,15819,0,707,227129,45497,14.2339,22013,708,227159
204000,65536,843,672,171,417791157,843,417852597,0,45666,14.2486,22097,3996,0x0000000000,398,209,0,736,227865,45663,14.2475,22090,731,227890
205000,65536,843,672,171,419823564,843,419885004,0,45333,14.2130,21660,4073,0x0000000000,20910,15921,0,677,228542,45362,14.2143,21669,673,228563
206000,65536,843,672,171,421855215,843,421916655,0,45462,14.2154,21890,4019,0x0000000000,20834,15798,0,769,229311,45446,14.2163,21853,768,229331
207000,65536,843,672,171,423886834,843,423948274,0,45390,14.2248,21765,3998,0x0000000000,20698,15737,0,667,229978,45410,14.2288,21779,666,229997
208000,65536,843,672,171,425983157,843,426044597,0,45541,14.2449,21807,4025,0x0000000000,405,191,0,731,230709,45524,14.2431,21775,733,230730
209000,65536,843,672,171,428015564,843,428077004,0,45576,14.2371,21736,3985,0x0000000000,20841,15789,0,696,231405,45575,14.2387,21730,695,231425
210000,65536,843,672,171,430047215,843,430108655,0,45621,14.2405,21700,4006,0x0000000000,20918,15876,0,780,232185,45596,14.2370,21701,776,232201
211000,65536,843,672,171,432078834,843,432140274,0,45711,14.2541,21731,4006,0x0000000000,20876,15836,0,723,232908,45719,14.2557,21767,713,232914
212000,65536,843,672,171,434175157,843,434236597,0,45590,14.2352,21439,4008,0x0000000000,406,206,0,736,233644,45582,14.2335,21473,727,233641
213000,65536,843,672,171,436207564,843,436269004,0,45520,14.2452,21412,3956,0x0000000000,21027,16099,0,748,234392,45540,14.2467,21358,758,234399
214000,65536,843,672,171,438239215,843,438300655,0,45673,14.2574,21594,3940,0x0000000000,20974,16049,0,711,235103,45691,14.2597,21582,701,235100
215000,65536,843,672,171,440270834,843,440332274,0,45418,14.2296,21438,4016,0x0000000000,20867,15890,0,698,235801,45411,14.2291,21444,701,235801
216000,65536,843,672,171,442367157,843,442428597,0,45540,14.2399,21252,3978,0x0000000000,385,202,0,708,236509,45541,14.2429,21252,704,236505
217000,65536,843,672,171,444399564,843,444461004,0,45517,14.2461,21301,3927,0x0000000000,20772,15895,0,705,237214,45498,14.2444,21297,713,237218
218000,65536,843,672,171,446431215,843,446492655,0,45246,14.1863,21260,4200,0x0000000000,21031,15898,0,713,237927,45279,14.1889,21276,713,237931
219000,65536,843,672,171,448462834,843,448524274,0,45463,14.2294,21140,4020,0x0000000000,20866,15923,0,712,238639,45498,14.2344,21145,700,238631
220000,65536,843,672,171,450559157,843,450620597,0,45433,14.2326,21042,4002,0x0000000000,424,193,0,706,239345,45425,14.2322,21029,707,239338
221000,65536,843,672,171,452591564,843,452653004,0,45528,14.2336,21182,3949,0x0000000000,20778,15860,0,704,240049,45536,14.2349,21213,705,240043
222000,65536,843,672,171,454623215,843,454684655,0,45410,14.2341,20949,3976,0x0000000000,20832,15662,0,736,240785,45430,14.2380,20977,751,240794
223000,65536,843,672,171,456654834,843,456716274,0,45340,14.2078,20991,4060,0x0000000000,20690,15916,0,691,241476,45311,14.2061,20935,691,241485
224000,65536,843,672,171,458751157,843,458812597,0,45414,14.2149,20878,4065,0x0000000000,407,175,0,696,242172,45448,14.2172,20923,694,242179
225000,65536,843,672,171,460783564,843,460845004,0,45753,14.2640,21209,3976,0x0000000000,20845,16048,0,724,242896,45728,14.2615,21201,730,242909
226000,65536,843,672,171,462815215,843,462876655,0,45518,14.2390,20918,4005,0x0000000000,20851,15765,0,703,243599,45549,14.2392,20892,706,243615
227000,65536,843,672,171,464846834,843,464908274,0,45464,14.2157,20986,4087,0x0000000000,20952,15835,0,696,244295,45479,14.2157,21007,702,244317
228000,65536,843,672,171,466943157,843,467004597,0,45464,14.2373,20943,3922,0x0000000000,416,206,0,705,245000,45470,14.2377,20917,697,245014
229000,65536,843,672,171,468975564,843,469037004,0,45619,14.2506,20855,3980,0x0000000000,20905,15974,0,710,245710,45597,14.2496,20818,718,245732
230000,65536,843,672,171,471007215,843,471068655,0,45537,14.2433,20787,3997,0x0000000000,21004,15900,0,670,246380,45529,14.2407,20760,682,246414
231000,65536,843,672,171,473038834,843,473100274,0,45557,14.2433,20622,3940,0x0000000000,20728,15940,0,671,247051,45557,14.2443,20632,670,247084
232000,65536,843,672,171,475135157,843,475196597,0,45375,14.2205,20545,4010,0x0000000000,401,203,0,671,247722,45370,14.2198,20545,668,247752
233000,65536,843,672,171,477167564,843,477229004,0,45587,14.2459,20538,3993,0x0000000000,20918,15874,0,666,248388,45596,14.2482,20594,669,248421
234000,65536,843,672,171,479199215,843,479260655,0,45512,14.2364,20540,3966,0x0000000000,20695,15896,0,660,249048,45517,14.2398,20487,659,249080
235000,65536,843,672,171,481230834,843,481292274,0,45416,14.2333,20429,4004,0x0000000000,20862,15992,0,680,249728,45382,14.2290,20397,680,249760
236000,65536,843,672,171,483327157,843,483388597,0,45336,14.2240,20369,3988,0x0000000000,402,206,0,704,250432,45336,14.2236,20327,699,250459
237000,65536,843,672,171,485359564,843,485421004,0,45347,14.2427,20353,3912,0x0000000000,20949,15935,0,726,251158,45362,14.2446,20356,723,251182
238000,65536,843,672,171,487391215,843,487452655,0,45399,14.2248,20310,4003,0x0000000000,20808,15550,0,697,251855,45396,14.2267,20341,696,251878
239000,65536,843,672,171,489422834,843,489484274,0,45570,14.2225,20423,4074,0x0000000000,20716,15733,0,643,252498,45583,14.2215,20464,633,252511
240000,65536,843,672,171,491519157,843,491580597,0,45518,14.2235,20335,4034,0x0000000000,406,197,0,664,253162,45526,14.2247,20310,662,253173
241000,65536,843,672,171,493551564,843,493613004,0,45419,14.2080,20342,4078,0x0000000000,20861,15919,0,692,253854,45387,14.2070,20304,691,253864
242000,65536,843,672,171,495583215,843,495644655,0,45556,14.2391,20227,4023,0x0000000000,20931,15909,0,645,254499,45557,14.2384,20237,642,254506
243000,65536,843,672,171,497614834,843,497676274,0,45525,14.2231,20275,4083,0x0000000000,20824,15877,0,651,255150,45517,14.2244,20288,658,255164
244000,65536,843,672,171,499711157,843,499772597,0,45434,14.2348,20057,3996,0x0000000000,385,202,0,693,255843,45439,14.2345,20074,690,255854
245000,65536,843,672,171,501743564,843,501805004,0,45594,14.2407,20100,3995,0x0000000000,21002,15993,0,611,256454,45619,14.2446,20129,619,256473
246000,65536,843,672,171,503775215,843,503836655,0,45712,14.2589,20051,3985,0x0000000000,20871,16110,0,675,257129,45712,14.2606,20012,667,257140
247000,65536,843,672,171,505806834,843,505868274,0,45265,14.2099,20057,4108,0x0000000000,20708,15700,0,671,257800,45258,14.2104,20047,663,257803
248000,65536,843,672,171,507903157,843,507964597,0,45356,14.2181,19873,4014,0x0000000000,448,208,0,660,258460,45358,14.2170,19842,649,258452
249000,65536,843,672,171,509935564,843,509997004,0,45556,14.2467,19948,3971,0x0000000000,20847,15816,0,684,259144,45562,14.2451,19967,668,259120
250000,65536,843,672,171,511967215,843,512028655,0,45522,14.2343,19976,4018,0x0000000000,21041,15922,0,648,259792,45514,14.2345,19975,647,259767
251000,65536,843,672,171,513998834,843,514060274,0,45566,14.2404,20038,3987,0x0000000000,20857,15811,0,632,260424,45536,14.2362,19984,619,260386
252000,65536,843,672,171,516095157,843,516156597,0,45410,14.2191,19870,4063,0x0000000000,388,191,0,690,261114,45399,14.2186,19826,694,261080
253000,65536,843,672,171,518127564,843,518189004,0,45494,14.2312,19720,3984,0x0000000000,20868,15775,0,651,261765,45503,14.2313,19709,656,261736
254000,65536,843,672,171,520159215,843,520220655,0,45678,14.2447,19895,3993,0x0000000000,20964,16036,0,685,262450,45702,14.2461,19904,684,262420
255000,65536,843,672,171,522190834,843,522252274,0,45611,14.2597,19823,3827,0x0000000000,20882,16028,0,657,263107,45606,14.2593,19782,664,263084
256000,65536,843,672,171,524287157,843,524348597,0,45437,14.2207,19740,4081,0x0000000000,409,195,0,664,263771,45424,14.2210,19682,675,263759
257000,65536,843,672,171,526319564,843,526381004,0,45499,14.2357,19575,4033,0x0000000000,20954,15789,0,669,264440,45522,14.2370,19649,656,264415
258000,65536,843,672,171,528351215,843,528412655,0,45440,14.2263,19547,4010,0x0000000000,20773,15920,0,664,265104,45488,14.2316,19542,655,265070
259000,65536,843,672,171,530382834,843,530444274,0,45403,14.2155,19619,4057,0x0000000000,20633,15858,0,646,265750,45406,14.2159,19616,656,265726
260000,65536,843,672,171,532479157,843,532540597,0,45516,14.2309,19695,4051,0x0000000000,423,217,0,630,266380,45502,14.2300,19728,642,266368
261000,65536,843,672,171,534511564,843,534573004,0,45178,14.2098,19257,4007,0x0000000000,20920,15771,0,598,266978,45203,14.2137,19299,598,266966
262000,65536,843,672,171,536543215,843,536604655,0,45437,14.2135,19448,4084,0x0000000000,20706,15668,0,654,267632,45438,14.2132,19424,654,267620
263000,65536,843,672,171,538574834,843,538636274,0,45385,14.2193,19306,4030,0x0000000000,20740,15792,0,566,268198,45360,14.2156,19302,559,268179
264000,65536,843,672,171,540671157,843,540732597,0,45572,14.2334,19479,4039,0x0000000000,394,188,0,631,268829,45556,14.2320,19466,625,268804
265000,65536,843,672,171,542703564,843,542765004,0,45545,14.2427,19142,3969,0x0000000000,20957,15789,0,623,269452,45526,14.2405,19131,631,269435
266000,65536,843,672,171,544735215,843,544796655,0,45255,14.2072,19228,4055,0x0000000000,20689,15814,0,597,270049,45226,14.2035,19132,599,270034
267000,65536,843,672,171,546766834,843,546828274,0,45546,14.2346,19409,3962,0x0000000000,20944,16035,0,638,270687,45518,14.2295,19349,644,270678
268000,65536,843,672,171,548863157,843,548924597,0,45670,14.2552,19133,3921,0x0000000000,391,207,0,590,271277,45678,14.2547,19135,590,271268
269000,65536,843,672,171,550895564,843,550957004,0,45439,14.2409,19154,3927,0x0000000000,20860,15836,0,629,271906,45447,14.2403,19213,616,271884
270000,65536,843,672,171,552927215,843,552988655,0,45180,14.2041,19009,4057,0x0000000000,20903,15848,0,624,272530,45147,14.1995,18933,628,272512
271000,65536,843,672,171,554958834,843,555020274,0,45377,14.2243,18976,3985,0x0000000000,20888,15790,0,619,273149,45374,14.2239,18968,626,273138
272000,65536,843,672,171,557055157,843,557116597,0,45223,14.2138,19030,3947,0x0000000000,417,213,0,630,273779,45247,14.2135,19045,619,273757
273000,65536,843,672,171,559087564,843,559149004,0,45451,14.2378,18995,3951,0x0000000000,20869,16018,0,673,274452,45445,14.2392,18973,683,274440
274000,65536,843,672,171,561119215,843,561180655,0,45357,14.2163,18731,4072,0x0000000000,20941,15904,0,637,275089,45356,14.2194,18719,636,275076
275000,65536,843,672,171,563150834,843,563212274,0,45295,14.2166,18699,4044,0x0000000000,20757,15711,0,660,275749,45301,14.2170,18711,655,275731
276000,65536,843,672,171,565247157,843,565308597,0,45364,14.2150,18875,4000,0x0000000000,435,205,0,633,276382,45362,14.2136,18883,639,276370
277000,65536,843,672,171,567279564,843,567341004,0,45380,14.2155,18750,4052,0x0000000000,21004,16004,0,658,277040,45385,14.2145,18786,656,277026
278000,65536,843,672,171,569311215,843,569372655,0,45473,14.2157,18800,4105,0x0000000000,20851,15717,0,580,277620,45463,14.2154,18771,588,277614
279000,65536,843,672,171,571342834,843,571404274,0,45327,14.2210,18792,4018,0x0000000000,20865,16013,0,610,278230,45321,14.2208,18749,614,278228
280000,65536,843,672,171,573439157,843,573500597,0,45520,14.2394,18866,3962,0x0000000000,409,211,0,609,278839,45535,14.2404,18869,608,278836
281000,65536,843,672,171,575471564,843,575533004,0,45279,14.2103,18748,4012,0x0000000000,20785,15869,0,621,279460,45260,14.2081,18706,627,279463
282000,65536,843,672,171,577503215,843,577564655,0,45302,14.2091,18506,4062,0x0000000000,20972,15912,0,615,280075,45270,14.2076,18477,622,280085
283000,65536,843,672,171,579534834,843,579596274,0,45541,14.2403,18810,3980,0x0000000000,21093,15934,0,674,280749,45519,14.2376,18782,671,280756
284000,65536,843,672,171,581631157,843,581692597,0,45241,14.2087,18354,4105,0x0000000000,416,198,0,601,281350,45207,14.2042,18368,593,281349
285000,65536,843,672,171,583663564,843,583725004,0,45629,14.2438,18594,3996,0x0000000000,20753,15825,0,619,281969,45602,14.2397,18573,612,281961
286000,65536,843,672,171,585695215,843,585756655,0,45426,14.2302,18677,3952,0x0000000000,20957,15881,0,599,282568,45427,14.2298,18649,592,282553
287000,65536,843,672,171,587726834,843,587788274,0,45485,14.2321,18441,4022,0x0000000000,20980,15920,0,621,283189,45482,14.2339,18447,620,283173
288000,65536,843,672,171,589823157,843,589884597,0,45656,14.2361,18571,4035,0x0000000000,393,177,0,603,283792,45652,14.2366,18580,614,283787
289000,65536,843,672,171,591855564,843,591917004,0,45341,14.2176,18336,3971,0x0000000000,20857,15682,0,598,284390,45341,14.2168,18335,593,284380
290000,65536,843,672,171,593887215,843,593948655,0,45611,14.2436,18327,4019,0x0000000000,20899,15906,0,617,285007,45616,14.2424,18285,623,285003
291000,65536,843,672,171,595918834,843,595980274,0,45685,14.2557,18514,3834,0x0000000000,20831,16103,0,601,285608,45661,14.2524,18460,602,285605
292000,65536,843,672,171,598015157,843,598076597,0,45533,14.2382,18273,4022,0x0000000000,390,202,0,607,286215,45541,14.2365,18267,611,286216
293000,65536,843,672,171,600047564,843,600109004,0,45504,14.2426,18324,3953,0x0000000000,20985,15787,0,601,286816,45521,14.2426,18320,605,286821
294000,65536,843,672,171,602079215,843,602140655,0,45329,14.2314,18172,3888,0x0000000000,20878,15662,0,638,287454,45322,14.2292,18164,646,287467
295000,65536,843,672,171,604110834,843,604172274,0,45321,14.2115,18261,4123,0x0000000000,20921,15989,0,645,288099,45349,14.2136,18301,629,288096
296000,65536,843,672,171,606207157,843,606268597,0,45445,14.2253,18083,4024,0x0000000000,394,205,0,612,288711,45470,14.2286,18136,600,288696
297000,65536,843,672,171,608239564,843,608301004,0,45380,14.2228,18081,4091,0x0000000000,20843,15708,0,635,289346,45365,14.2204,18045,650,289346
298000,65536,843,672,171,610271215,843,610332655,0,45270,14.2066,17959,4093,0x0000000000,20744,15722,0,599,289945,45276,14.2068,17961,595,289941
299000,65536,843,672,171,612302834,843,612364274,0,45562,14.2239,17818,4066,0x0000000000,20858,15835,0,584,290529,45548,14.2217,17768,591,290532
300000,65536,843,672,171,614399157,843,614460597,0,45318,14.2398,18047,3930,0x0000000000,437,204,0,605,291134,45331,14.2388,18063,601,291133
301000,65536,843,672,171,616431564,843,616493004,0,45507,14.2417,18192,3985,0x0000000000,20921,16036,0,617,291751,45482,14.2380,18180,624,291757
302000,65536,843,672,171,618463215,843,618524655,0,45587,14.2617,17916,3870,0x0000000000,20951,15849,0,618,292369,45588,14.2651,17951,619,292376
303000,65536,843,672,171,620494834,843,620556274,0,45401,14.2060,17984,4114,0x0000000000,21010,16049,0,585,292954,45367,14.2008,17967,589,292965
304000,65536,843,672,171,622591157,843,622652597,0,45347,14.2177,17784,4066,0x0000000000,395,196,0,567,293521,45349,14.2142,17744,565,293530
305000,65536,843,672,171,624623564,843,624685004,0,45408,14.2198,17875,4016,0x0000000000,20856,15814,0,576,294097,45390,14.2164,17863,573,294103
306000,65536,843,672,171,626655215,843,626716655,0,45450,14.2374,17908,3997,0x0000000000,20964,16066,0,563,294660,45476,14.2396,17933,563,294666
307000,65536,843,672,171,628686834,843,628748274,0,45801,14.2590,17870,3985,0x0000000000,21104,16024,0,561,295221,45827,14.2619,17866,557,295223
308000,65536,843,672,171,630783157,843,630844597,0,45461,14.2374,17773,3949,0x0000000000,431,204,0,635,295856,45490,14.2404,17833,636,295859
309000,65536,843,672,171,632815564,843,632877004,0,45504,14.2336,17615,3955,0x0000000000,20976,15931,0,579,296435,45493,14.2315,17605,569,296428
310000,65536,843,672,171,634847215,843,634908655,0,45548,14.2431,17596,3993,0x0000000000,21040,16176,0,586,297021,45565,14.2426,17587,587,297015
311000,65536,843,672,171,636878834,843,636940274,0,45702,14.2702,17722,3866,0x0000000000,20720,15909,0,586,297607,45703,14.2694,17748,576,297591
312000,65536,843,672,171,638975157,843,639036597,0,45406,14.2287,17508,3966,0x0000000000,415,200,0,617,298224,45400,14.2269,17515,608,298199
313000,65536,843,672,171,641007564,843,641069004,0,45460,14.2396,17625,3951,0x0000000000,20930,15865,0,584,298808,45474,14.2410,17619,579,298778
314000,65536,843,672,171,643039215,843,643100655,0,45362,14.2118,17589,4060,0x0000000000,20834,15775,0,568,299376,45348,14.2133,17562,573,299351
315000,65536,843,672,171,645070834,843,645132274,0,45441,14.2220,17641,4050,0x0000000000,20940,15897,0,566,299942,45456,14.2250,17652,570,299921
316000,65536,843,672,171,647167157,843,647228597,0,45279,14.2093,17230,4061,0x0000000000,429,191,0,540,300482,45293,14.2136,17274,551,300472
317000,65536,843,672,171,649199564,843,649261004,0,45254,14.2149,17427,4002,0x0000000000,20953,15839,0,565,301047,45219,14.2096,17426,564,301036
318000,65536,843,672,171,651231215,843,651292655,0,45551,14.2334,17549,4031,0x0000000000,20796,15911,0,565,301612,45589,14.2361,17504,571,301607
319000,65536,843,672,171,653262834,843,653324274,0,45382,14.2239,17208,4022,0x0000000000,20991,15934,0,594,302206,45353,14.2193,17215,598,302205
320000,65536,843,672,171,655359157,843,655420597,0,45281,14.2058,17211,4056,0x0000000000,390,191,0,605,302811,45281,14.2072,17233,610,302815
321000,65536,843,672,171,657391564,843,657453004,0,45400,14.2165,17371,4097,0x0000000000,20969,15945,0,562,303373,45415,14.2184,17376,556,303371
322000,65536,843,672,171,659423215,843,659484655,0,45390,14.2446,17083,3894,0x0000000000,21098,15935,0,555,303928,45412,14.2484,17075,548,303919
323000,65536,843,672,171,661454834,843,661516274,0,45487,14.2377,17156,4045,0x0000000000,21005,16059,0,587,304515,45516,14.2379,17213,580,304499
324000,65536,843,672,171,663551157,843,663612597,0,45522,14.2193,17382,4051,0x0000000000,401,206,0,568,305083,45550,14.2201,17390,558,305057
325000,65536,843,672,171,665583564,843,665645004,0,45347,14.2293,17166,3990,0x0000000000,20832,15733,0,564,305647,45345,14.2268,17176,567,305624
326000,65536,843,672,171,667615215,843,667676655,0,45602,14.2399,17160,4048,0x0000000000,21041,15942,0,577,306224,45628,14.2436,17164,573,306197
327000,65536,843,672,171,669646834,843,669708274,0,45533,14.2376,17068,3983,0x0000000000,20878,15926,0,575,306799,45519,14.2371,17019,572,306769
328000,65536,843,672,171,671743157,843,671804597,0,45694,14.2595,17214,3910,0x0000000000,399,197,0,567,307366,45692,14.2582,17201,563,307332
329000,65536,843,672,171,673775564,843,673837004,0,45391,14.2355,17062,3996,0x0000000000,20685,15813,0,587,307953,45385,14.2359,17032,596,307928
330000,65536,843,672,171,675807215,843,675868655,0,45464,14.2364,17007,3967,0x0000000000,20882,15905,0,540,308493,45455,14.2357,16953,542,308470
331000,65536,843,672,171,677838834,843,677900274,0,45507,14.2192,17074,4145,0x0000000000,20723,15864,0,582,309075,45510,14.2197,17070,588,309058
332000,65536,843,672,171,679935157,843,679996597,0,45528,14.2384,16850,4023,0x0000000000,448,219,0,576,309651,45495,14.2352,16858,573,309631
333000,65536,843,672,171,681967564,843,682029004,0,45347,14.2178,16924,4082,0x0000000000,20806,15910,0,559,310210,45342,14.2167,16832,562,310193
334000,65536,843,672,171,683999215,843,684060655,0,45729,14.2484,17007,3970,0x0000000000,20888,16087,0,514,310724,45782,14.2553,16986,523,310716
335000,65536,843,672,171,686030834,843,686092274,0,45624,14.2480,16972,3958,0x0000000000,21093,15921,0,580,311304,45625,14.2479,17013,575,311291
336000,65536,843,672,171,688127157,843,688188597,0,45575,14.2492,16913,3943,0x0000000000,443,222,0,555,311859,45600,14.2515,16925,539,311830
337000,65536,843,672,171,690159564,843,690221004,0,45395,14.2093,16631,4144,0x0000000000,20698,15827,0,525,312384,45363,14.2046,16603,531,312361
338000,65536,843,672,171,692191215,843,692252655,0,45508,14.2406,16765,4012,0x0000000000,20958,15951,0,591,312975,45501,14.2413,16763,592,312953
339000,65536,843,672,171,694222834,843,694284274,0,45496,14.2319,16751,4012,0x0000000000,20936,15957,0,533,313508,45474,14.2302,16726,530,313483
340000,65536,843,672,171,696319157,843,696380597,0,45694,14.2404,16745,4020,0x0000000000,425,217,0,561,314069,45736,14.2433,16691,550,314033
341000,65536,843,672,171,698351564,843,698413004,0,45293,14.2204,16378,4047,0x0000000000,20847,15711,0,596,314665,45278,14.2183,16406,603,314636
342000,65536,843,672,171,700383215,843,700444655,0,45415,14.2268,16512,3996,0x0000000000,20856,15873,0,552,315217,45431,14.2245,16517,546,315182
343000,65536,843,672,171,702414834,843,702476274,0,45468,14.2341,16622,4002,0x0000000000,20740,15902,0,530,315747,45478,14.2349,16654,526,315708
344000,65536,843,672,171,704511157,843,704572597,0,45551,14.2423,16622,3955,0x0000000000,389,197,0,489,316236,45509,14.2387,16561,490,316198
345000,65536,843,672,171,706543564,843,706605004,0,45465,14.2151,16548,4059,0x0000000000,20975,15824,0,519,316755,45448,14.2122,16493,515,316713
346000,65536,843,672,171,708575215,843,708636655,0,45271,14.2079,16431,4072,0x0000000000,20986,15874,0,500,317255,45299,14.2087,16432,505,317218
347000,65536,843,672,171,710606834,843,710668274,0,45376,14.2405,16457,3887,0x0000000000,20743,15795,0,551,317806,45368,14.2405,16465,543,317761
348000,65536,843,672,171,712703157,843,712764597,0,45613,14.2408,16507,3994,0x0000000000,390,195,0,501,318307,45618,14.2413,16489,499,318260
349000,65536,843,672,171,714735564,843,714797004,0,45477,14.2315,16559,4003,0x0000000000,20931,15825,0,515,318822,45467,14.2316,16494,529,318789
350000,65536,843,672,171,716767215,843,716828655,0,45289,14.2117,16183,4034,0x0000000000,20811,15740,0,517,319339,45307,14.2122,16207,507,319296
351000,65536,843,672,171,718798834,843,718860274,0,45381,14.2253,16211,3983,0x0000000000,20797,15809,0,519,319858,45375,14.2281,16196,527,319823
352000,65536,843,672,171,720895157,843,720956597,0,45356,14.2034,16251,4106,0x0000000000,437,185,0,521,320379,45369,14.2043,16279,516,320339
353000,65536,843,672,171,722927564,843,722989004,0,45389,14.2213,16104,4039,0x0000000000,20800,15775,0,526,320905,45375,14.2192,16121,525,320864
354000,65536,843,672,171,724959215,843,725020655,0,45426,14.2253,16228,4024,0x0000000000,20936,15947,0,537,321442,45404,14.2203,16211,530,321394
355000,65536,843,672,171,726990834,843,727052274,0,45376,14.2239,16209,4034,0x0000000000,21040,15792,0,508,321950,45377,14.2253,16155,505,321899
356000,65536,843,672,171,729087157,843,729148597,0,45622,14.2381,16148,4006,0x0000000000,424,191,0,493,322443,45622,14.2353,16144,487,322386
357000,65536,843,672,171,731119564,843,731181004,0,45373,14.2298,16100,3961,0x0000000000,20865,15766,0,602,323045,45425,14.2360,16076,600,322986
358000,65536,843,672,171,733151215,843,733212655,0,45308,14.2067,16113,4086,0x0000000000,20898,15939,0,526,323571,45297,14.2073,16120,532,323518
359000,65536,843,672,171,735182834,843,735244274,0,45490,14.2264,16065,4056,0x0000000000,20820,15929,0,504,324075,45523,14.2302,16101,507,324025
360000,65536,843,672,171,737279157,843,737340597,0,45612,14.2300,16021,4091,0x0000000000,413,190,0,539,324614,45626,14.2301,16059,533,324558
361000,65536,843,672,171,739311564,843,739373004,0,45507,14.2369,16077,3978,0x0000000000,20828,15896,0,505,325119,45516,14.2351,16073,502,325060
362000,65536,843,672,171,741343215,843,741404655,0,45556,14.2471,16032,3922,0x0000000000,20945,15771,0,516,325635,45578,14.2504,16029,513,325573
363000,65536,843,672,171,743374834,843,743436274,0,45510,14.2328,15929,4001,0x0000000000,20929,15777,0,530,326165,45490,14.2320,15934,532,326105
364000,65536,843,672,171,745471157,843,745532597,0,45246,14.2205,15754,3970,0x0000000000,414,208,0,507,326672,45246,14.2179,15721,511,326616
365000,65536,843,672,171,747503564,843,747565004,0,45486,14.2360,16030,4025,0x0000000000,20842,15860,0,502,327174,45502,14.2387,16027,505,327121
366000,65536,843,672,171,749535215,843,749596655,0,45322,14.2262,15808,3971,0x0000000000,21116,15985,0,546,327720,45317,14.2261,15811,541,327662
367000,65536,843,672,171,751566834,843,751628274,0,45314,14.2174,15762,4059,0x0000000000,20828,15907,0,519,328239,45319,14.2193,15832,517,328179
368000,65536,843,672,171,753663157,843,753724597,0,45445,14.2338,15660,3946,0x0000000000,406,187,0,542,328781,45452,14.2335,15652,545,328724
369000,65536,843,672,171,755695564,843,755757004,0,45334,14.2130,15737,4066,0x0000000000,20883,15923,0,471,329252,45326,14.2119,15774,472,329196
370000,65536,843,672,171,757727215,843,757788655,0,45335,14.2152,15680,4008,0x0000000000,21053,15817,0,549,329801,45328,14.2148,15678,545,329741
371000,65536,843,672,171,759758834,843,759820274,0,45362,14.2147,15837,4097,0x0000000000,20806,15728,0,505,330306,45360,14.2168,15812,520,330261
372000,65536,843,672,171,761855157,843,761916597,0,45509,14.2338,15633,4018,0x0000000000,410,203,0,511,330817,45515,14.2361,15708,500,330761
373000,65536,843,672,171,763887564,843,763949004,0,45488,14.2421,15600,3931,0x0000000000,20787,16020,0,477,331294,45456,14.2418,15570,479,331240
374000,65536,843,672,171,765919215,843,765980655,0,45398,14.2331,15668,4005,0x0000000000,20818,15788,0,531,331825,45376,14.2324,15619,532,331772
375000,65536,843,672,171,767950834,843,768012274,0,45641,14.2286,15533,4094,0x0000000000,20889,16032,0,499,332324,45623,14.2275,15480,520,332292
376000,65536,843,672,171,770047157,843,770108597,0,45480,14.2184,15561,4042,0x0000000000,398,206,0,516,332840,45461,14.2154,15543,519,332811
377000,65536,843,672,171,772079564,843,772141004,0,45589,14.2587,15644,3896,0x0000000000,20914,15909,0,518,333358,45599,14.2583,15599,522,333333
378000,65536,843,672,171,774111215,843,774172655,0,45261,14.2027,15342,4094,0x0000000000,20952,15852,0,532,333890,45274,14.2056,15368,537,333870
379000,65536,843,672,171,776142834,843,776204274,0,45374,14.2218,15517,4008,0x0000000000,20918,16118,0,539,334429,45386,14.2227,15530,535,334405
380000,65536,843,672,171,778239157,843,778300597,0,45579,14.2505,15482,3931,0x0000000000,429,205,0,486,334915,45585,14.2512,15478,480,334885
381000,65536,843,672,171,780271564,843,780333004,0,45362,14.2297,15282,4006,0x0000000000,20830,15841,0,565,335480,45369,14.2306,15302,568,335453
382000,65536,843,672,171,782303215,843,782364655,0,45570,14.2602,15393,3859,0x0000000000,20847,15808,0,484,335964,45582,14.2629,15414,485,335938
383000,65536,843,672,171,784334834,843,784396274,0,45441,14.2288,15360,4024,0x0000000000,20829,15914,0,484,336448,45462,14.2308,15381,481,336419
384000,65536,843,672,171,786431157,843,786492597,0,45414,14.2181,14993,4083,0x0000000000,441,216,0,488,336936,45378,14.2151,14969,489,336908
385000,65536,843,672,171,788463564,843,788525004,0,45339,14.2189,15178,4012,0x0000000000,20828,15809,0,506,337442,45335,14.2182,15161,503,337411
386000,65536,843,672,171,790495215,843,790556655,0,45334,14.2219,15239,4021,0x0000000000,20869,15941,0,514,337956,45321,14.2196,15262,512,337923
387000,65536,843,672,171,792526834,843,792588274,0,45414,14.2331,15258,4032,0x0000000000,20755,15840,0,479,338435,45447,14.2382,15263,476,338399
388000,65536,843,672,171,794623157,843,794684597,0,45532,14.2311,15253,4024,0x0000000000,442,192,0,503,338938,45522,14.2291,15254,504,338903
389000,65536,843,672,171,796655564,843,796717004,0,45441,14.2366,15256,3997,0x0000000000,20797,15952,0,517,339455,45450,14.2361,15230,523,339426
390000,65536,843,672,171,798687215,843,798748655,0,45412,14.2201,15198,4024,0x0000000000,20952,16037,0,486,339941,45431,14.2218,15224,491,339917
391000,65536,843,672,171,800718834,843,800780274,0,45223,14.2075,15081,4070,0x0000000000,20818,15710,0,532,340473,45214,14.2059,15066,540,340457
392000,65536,843,672,171,802815157,843,802876597,0,45405,14.2145,15174,4116,0x0000000000,420,205,0,484,340957,45405,14.2111,15205,471,340928
393000,65536,843,672,171,804847564,843,804909004,0,45441,14.2261,15083,4017,0x0000000000,20692,15903,0,521,341478,45462,14.2304,15107,522,341450
394000,65536,843,672,171,806879215,843,806940655,0,45440,14.2082,15313,4138,0x0000000000,20876,15910,0,509,341987,45435,14.2081,15284,503,341953
395000,65536,843,672,171,808910834,843,808972274,0,45498,14.2336,14934,4030,0x0000000000,20772,15877,0,522,342509,45517,14.2368,14935,524,342477
396000,65536,843,672,171,811007157,843,811068597,0,45419,14.2319,15007,3928,0x0000000000,423,198,0,465,342974,45410,14.2320,15009,474,342951
397000,65536,843,672,171,813039564,843,813101004,0,45502,14.2423,14916,3941,0x0000000000,20934,15749,0,510,343484,45467,14.2382,14961,511,343462
398000,65536,843,672,171,815071215,843,815132655,0,45466,14.2398,14915,3936,0x0000000000,20818,15881,0,488,343972,45451,14.2400,14914,481,343943
399000,65536,843,672,171,817102834,843,817164274,0,45406,14.2389,14915,3943,0x0000000000,20964,15803,0,494,344466,45406,14.2385,14895,495,344438
400000,65536,843,672,171,819199157,843,819260597,0,45721,14.2606,14880,3955,0x0000000000,409,202,0,493,344959,45732,14.2622,14962,500,344938
401000,65536,843,672,171,821231564,843,821293004,0,45379,14.2240,14807,4016,0x0000000000,20823,15689,0,466,345425,45407,14.2261,14782,461,345399
402000,65536,843,672,171,823263215,843,823324655,0,45400,14.2186,14787,4013,0x0000000000,21065,15538,0,457,345882,45390,14.2192,14754,459,345858
403000,65536,843,672,171,825294834,843,825356274,0,45521,14.2347,14852,3978,0x0000000000,20620,15642,0,467,346349,45547,14.2364,14837,472,346330
404000,65536,843,672,171,827391157,843,827452597,0,45558,14.2428,14800,3976,0x0000000000,428,228,0,498,346847,45510,14.2363,14847,499,346829
405000,65536,843,672,171,829423564,843,829485004,0,45505,14.2303,14610,4055,0x0000000000,20870,15925,0,520,347367,45463,14.2249,14607,520,347349
406000,65536,843,672,171,831455215,843,831516655,0,45408,14.2145,14584,4089,0x0000000000,20852,15829,0,489,347856,45401,14.2113,14559,486,347835
407000,65536,843,672,171,833486834,843,833548274,0,45334,14.2241,14528,4055,0x0000000000,20917,15713,0,485,348341,45346,14.2248,14561,491,348326
408000,65536,843,672,171,835583157,843,835644597,0,45187,14.1989,14624,4050,0x0000000000,409,190,0,446,348787,45191,14.1984,14631,447,348773
409000,65536,843,672,171,837615564,843,837677004,0,45452,14.2182,14775,4056,0x0000000000,20858,15892,0,480,349267,45426,14.2155,14723,481,349254
410000,65536,843,672,171,839647215,843,839708655,0,45345,14.2112,14598,4077,0x0000000000,20887,15795,0,468,349735,45326,14.2102,14587,473,349727
411000,65536,843,672,171,841678834,843,841740274,0,45534,14.2299,14624,4093,0x0000000000,20916,15904,0,509,350244,45568,14.2346,14635,500,350227
412000,65536,843,672,171,843775157,843,843836597,0,45316,14.2119,14341,4054,0x0000000000,415,200,0,472,350716,45296,14.2098,14354,461,350688
413000,65536,843,672,171,845807564,843,845869004,0,45395,14.2196,14548,4052,0x0000000000,20842,15965,0,497,351213,45402,14.2223,14554,494,351182
414000,65536,843,672,171,847839215,843,847900655,0,45129,14.1976,14431,4064,0x0000000000,20765,15536,0,464,351677,45113,14.1964,14416,456,351638
415000,65536,843,672,171,849870834,843,849932274,0,45435,14.2450,14481,3900,0x0000000000,20862,15937,0,446,352123,45418,14.2431,14466,445,352083
416000,65536,843,672,171,851967157,843,852028597,0,45563,14.2426,14418,3987,0x0000000000,411,202,0,462,352585,45571,14.2431,14454,460,352543
417000,65536,843,672,171,853999564,843,854061004,0,45305,14.2073,14348,4100,0x0000000000,20798,15845,0,478,353063,45268,14.2063,14315,467,353010
418000,65536,843,672,171,856031215,843,856092655,0,45540,14.2476,14442,3978,0x0000000000,21087,15909,0,457,353520,45563,14.2518,14415,455,353465
419000,65536,843,672,171,858062834,843,858124274,0,45368,14.2282,14469,4003,0x0000000000,20816,15856,0,505,354025,45390,14.2319,14457,497,353962
420000,65536,843,672,171,860159157,843,860220597,0,45605,14.2604,14330,3937,0x0000000000,417,198,0,474,354499,45624,14.2647,14301,473,354435
421000,65536,843,672,171,862191564,843,862253004,0,45568,14.2240,14359,4066,0x0000000000,21041,16045,0,438,354937,45579,14.2272,14368,432,354867
422000,65536,843,672,171,864223215,843,864284655,0,45548,14.2374,14462,4034,0x0000000000,20991,15849,0,459,355396,45587,14.2419,14464,460,355327
423000,65536,843,672,171,866254834,843,866316274,0,45321,14.2158,14196,4016,0x0000000000,20670,15801,0,511,355907,45304,14.2141,14172,515,355842
424000,65536,843,672,171,868351157,843,868412597,0,45318,14.2109,14089,4043,0x0000000000,401,197,0,523,356430,45301,14.2072,14036,531,356373
425000,65536,843,672,171,870383564,843,870445004,0,45761,14.2686,14485,3885,0x0000000000,20815,15787,0,433,356863,45757,14.2678,14488,430,356803
426000,65536,843,672,171,872415215,843,872476655,0,45492,14.2267,14160,4056,0x0000000000,20780,15878,0,446,357309,45462,14.2248,14133,459,357262
427000,65536,843,672,171,874446834,843,874508274,0,45463,14.2335,14187,3926,0x0000000000,20990,15776,0,453,357762,45427,14.2303,14206,445,357707
428000,65536,843,672,171,876543157,843,876604597,0,45326,14.2061,13994,4064,0x0000000000,376,191,0,464,358226,45315,14.2053,14018,468,358175
429000,65536,843,672,171,878575564,843,878637004,0,45336,14.2215,14019,4018,0x0000000000,20784,15773,0,462,358688,45311,14.2201,14020,460,358635
430000,65536,843,672,171,880607215,843,880668655,0,45285,14.2084,13897,4059,0x0000000000,20892,15939,0,449,359137,45272,14.2110,13881,452,359087
431000,65536,843,672,171,882638834,843,882700274,0,45587,14.2371,14056,4050,0x0000000000,20905,15876,0,446,359583,45565,14.2371,14024,450,359537
432000,65536,843,672,171,884735157,843,884796597,0,45598,14.2487,14003,4018,0x0000000000,404,195,0,391,359974,45632,14.2529,14057,389,359926
433000,65536,843,672,171,886767564,843,886829004,0,45548,14.2268,14075,4091,0x0000000000,20898,16185,0,417,360391,45541,14.2264,14035,418,360344
434000,65536,843,672,171,888799215,843,888860655,0,45534,14.2388,13878,3988,0x0000000000,20793,15870,0,427,360818,45540,14.2400,13892,430,360774
435000,65536,843,672,171,890830834,843,890892274,0,45478,14.2302,13868,4035,0x0000000000,20886,15894,0,443,361261,45493,14.2294,13878,431,361205
436000,65536,843,672,171,892927157,843,892988597,0,45361,14.2209,13804,4033,0x0000000000,425,216,0,470,361731,45376,14.2207,13842,463,361668
437000,65536,843,672,171,894959564,843,895021004,0,45518,14.2267,13927,4045,0x0000000000,20889,15810,0,403,362134,45515,14.2262,13924,408,362076
438000,65536,843,672,171,896991215,843,897052655,0,45389,14.2158,13994,4078,0x0000000000,20983,15752,0,442,362576,45404,14.2186,14052,457,362533
439000,65536,843,672,171,899022834,843,899084274,0,45216,14.2157,13824,3988,0x0000000000,20814,15692,0,506,363082,45229,14.2167,13822,512,363045
440000,65536,843,672,171,901119157,843,901180597,0,45202,14.2053,13770,4065,0x0000000000,420,217,0,446,363528,45202,14.2045,13796,447,363492
441000,65536,843,672,171,903151564,843,903213004,0,45384,14.2271,13875,3996,0x0000000000,20971,15923,0,467,363995,45379,14.2249,13854,468,363960
442000,65536,843,672,171,905183215,843,905244655,0,45413,14.2126,13845,4078,0x0000000000,20915,15651,0,480,364475,45423,14.2138,13866,473,364433
443000,65536,843,672,171,907214834,843,907276274,0,45327,14.2257,13815,3976,0x0000000000,21009,15666,0,434,364909,45324,14.2241,13814,439,364872
444000,65536,843,672,171,909311157,843,909372597,0,45395,14.2198,13702,4055,0x0000000000,437,215,0,459,365368,45409,14.2205,13668,449,365321
445000,65536,843,672,171,911343564,843,911405004,0,45345,14.2222,13547,4027,0x0000000000,20737,15825,0,438,365806,45349,14.2209,13585,436,365757
446000,65536,843,672,171,913375215,843,913436655,0,45247,14.2139,13438,3984,0x0000000000,20961,15831,0,450,366256,45247,14.2135,13453,445,366202
447000,65536,843,672,171,915406834,843,915468274,0,45479,14.2307,13643,4023,0x0000000000,20973,16008,0,460,366716,45481,14.2319,13579,448,366650
448000,65536,843,672,171,917503157,843,917564597,0,45460,14.2430,13526,3940,0x0000000000,415,199,0,447,367163,45450,14.2428,13548,440,367090
449000,65536,843,672,171,919535564,843,919597004,0,45384,14.2360,13416,4014,0x0000000000,20981,15859,0,456,367619,45377,14.2342,13402,453,367543
450000,65536,843,672,171,921567215,843,921628655,0,45332,14.2054,13565,4117,0x0000000000,20956,15774,0,450,368069,45344,14.2072,13582,451,367994
451000,65536,843,672,171,923598834,843,923660274,0,45441,14.2230,13553,4062,0x0000000000,20765,15741,0,442,368511,45473,14.2243,13600,451,368445
452000,65536,843,672,171,925695157,843,925756597,0,45386,14.2171,13489,4110,0x0000000000,392,201,0,457,368968,45356,14.2157,13494,466,368911
453000,65536,843,672,171,927727564,843,927789004,0,45464,14.2207,13564,4050,0x0000000000,20839,15958,0,400,369368,45445,14.2212,13538,397,369308
454000,65536,843,672,171,929759215,843,929820655,0,45542,14.2392,13334,4007,0x0000000000,20835,16015,0,457,369825,45529,14.2396,13370,458,369766
455000,65536,843,672,171,931790834,843,931852274,0,45529,14.2386,13499,3996,0x0000000000,20809,15862,0,453,370278,45512,14.2356,13488,458,370224
456000,65536,843,672,171,933887157,843,933948597,0,45486,14.2305,13457,4034,0x0000000000,399,192,0,407,370685,45489,14.2303,13419,419,370643
457000,65536,843,672,171,935919564,843,935981004,0,45328,14.1984,13402,4084,0x0000000000,20963,16020,0,421,371106,45340,14.2004,13408,421,371064
458000,65536,843,672,171,937951215,843,938012655,0,45455,14.2164,13451,4075,0x0000000000,20839,15879,0,409,371515,45459,14.2184,13390,408,371472
459000,65536,843,672,171,939982834,843,940044274,0,45628,14.2452,13420,3979,0x0000000000,20772,15914,0,436,371951,45623,14.2399,13425,433,371905
460000,65536,843,672,171,942079157,843,942140597,0,45404,14.2350,13213,3954,0x0000000000,404,208,0,450,372401,45399,14.2367,13226,453,372358
461000,65536,843,672,171,944111564,843,944173004,0,45598,14.2396,13249,4028,0x0000000000,20886,15907,0,448,372849,45614,14.2426,13254,443,372801
462000,65536,843,672,171,946143215,843,946204655,0,45355,14.2200,13149,4017,0x0000000000,20997,15930,0,424,373273,45351,14.2186,13154,415,373216
463000,65536,843,672,171,948174834,843,948236274,0,45373,14.2226,13283,3947,0x0000000000,20858,15829,0,429,373702,45377,14.2216,13303,432,373648
464000,65536,843,672,171,950271157,843,950332597,0,45524,14.2453,13126,3954,0x0000000000,425,226,0,440,374142,45511,14.2466,13155,446,374094
465000,65536,843,672,171,952303564,843,952365004,0,45550,14.2252,13323,4050,0x0000000000,21044,16145,0,418,374560,45553,14.2253,13278,417,374511
466000,65536,843,672,171,954335215,843,954396655,0,45476,14.2313,13188,4043,0x0000000000,21003,15872,0,443,375003,45489,14.2304,13196,444,374955
467000,65536,843,672,171,956366834,843,956428274,0,45386,14.2318,13085,3916,0x0000000000,20877,15669,0,452,375455,45414,14.2303,13115,444,375399
468000,65536,843,672,171,958463157,843,958524597,0,45399,14.2307,13007,4001,0x0000000000,384,183,0,446,375901,45421,14.2312,13021,447,375846
469000,65536,843,672,171,960495564,843,960557004,0,45532,14.2396,13138,4005,0x0000000000,21070,15891,0,404,376305,45572,14.2448,13105,402,376248
470000,65536,843,672,171,962527215,843,962588655,0,45490,14.2332,13051,4018,0x0000000000,20881,15793,0,404,376709,45540,14.2377,13138,408,376656
471000,65536,843,672,171,964558834,843,964620274,0,45521,14.2287,13073,3996,0x0000000000,20889,15946,0,386,377095,45520,14.2278,13040,383,377039
472000,65536,843,672,171,966655157,843,966716597,0,45254,14.2002,13122,4073,0x0000000000,408,214,0,437,377532,45289,14.2040,13134,439,377478
473000,65536,843,672,171,968687564,843,968749004,0,45548,14.2259,13056,4001,0x0000000000,20595,15867,0,412,377944,45530,14.2229,13047,417,377895
474000,65536,843,672,171,970719215,843,970780655,0,45340,14.2215,12917,3998,0x0000000000,20767,15852,0,417,378361,45341,14.2213,12911,411,378306
475000,65536,843,672,171,972750834,843,972812274,0,45354,14.2262,12889,4016,0x0000000000,20810,15771,0,413,378774,45347,14.2250,12929,413,378719
476000,65536,843,672,171,974847157,843,974908597,0,45554,14.2255,13239,4091,0x0000000000,407,205,0,371,379145,45544,14.2231,13232,374,379093
477000,65536,843,672,171,976879564,843,976941004,0,45440,14.2295,12965,4018,0x0000000000,20953,15934,0,406,379551,45430,14.2297,12931,415,379508
478000,65536,843,672,171,978911215,843,978972655,0,45404,14.2118,12876,4158,0x0000000000,20786,15792,0,425,379976,45415,14.2119,12863,424,379932
479000,65536,843,672,171,980942834,843,981004274,0,45419,14.2202,12878,4019,0x0000000000,21005,15955,0,429,380405,45435,14.2224,12914,428,380360
480000,65536,843,672,171,983039157,843,983100597,0,45400,14.2089,13027,4147,0x0000000000,436,208,0,384,380789,45399,14.2103,13003,385,380745
481000,65536,843,672,171,985071564,843,985133004,0,45415,14.2277,12848,3963,0x0000000000,20891,15923,0,436,381225,45450,14.2303,12794,443,381188
482000,65536,843,672,171,987103215,843,987164655,0,45300,14.2132,12569,4063,0x0000000000,20742,15690,0,450,381675,45327,14.2153,12566,445,381633
483000,65536,843,672,171,989134834,843,989196274,0,45552,14.2331,12854,4063,0x0000000000,20931,16074,0,417,382092,45553,14.2326,12835,408,382041
484000,65536,843,672,171,991231157,843,991292597,0,45279,14.2195,12516,3999,0x0000000000,419,185,0,426,382518,45279,14.2201,12558,421,382462
485000,65536,843,672,171,993263564,843,993325004,0,45473,14.2249,12757,4039,0x0000000000,20948,15894,0,421,382939,45520,14.2302,12799,429,382891
486000,65536,843,672,171,995295215,843,995356655,0,45428,14.2083,12506,4117,0x0000000000,20875,15789,0,445,383384,45434,14.2078,12530,437,383328
487000,65536,843,672,171,997326834,843,997388274,0,45455,14.2304,12629,4027,0x0000000000,20899,15877,0,415,383799,45460,14.2302,12611,426,383754
488000,65536,843,672,171,999423157,843,999484597,0,45425,14.2247,12687,3982,0x0000000000,402,214,0,386,384185,45397,14.2233,12693,386,384140
489000,65536,843,672,171,1001455564,843,1001517004,0,45527,14.2248,12680,4049,0x0000000000,20691,15862,0,414,384599,45523,14.2238,12677,406,384546
490000,65536,843,672,171,1003487215,843,1003548655,0,45485,14.2325,12629,3951,0x0000000000,20729,15809,0,368,384967,45462,14.2296,12653,365,384911
491000,65536,843,672,171,1005518834,843,1005580274,0,45395,14.2266,12488,3978,0x0000000000,20890,15966,0,419,385386,45400,14.2263,12518,418,385329
492000,65536,843,672,171,1007615157,843,1007676597,0,45371,14.2007,12464,4212,0x0000000000,429,198,0,420,385806,45384,14.2006,12436,421,385750
493000,65536,843,672,171,1009647564,843,1009709004,0,45427,14.2295,12592,4026,0x0000000000,20780,15890,0,400,386206,45412,14.2269,12560,399,386149
494000,65536,843,672,171,1011679215,843,1011740655,0,45446,14.2221,12445,4032,0x0000000000,21005,16001,0,393,386599,45433,14.2197,12473,382,386531
495000,65536,843,672,171,1013710834,843,1013772274,0,45401,14.2309,12444,3957,0x0000000000,20991,15846,0,398,386997,45401,14.2316,12460,405,386936
496000,65536,843,672,171,1015807157,843,1015868597,0,45537,14.2371,12574,4020,0x0000000000,419,206,0,408,387405,45501,14.2343,12536,411,387347
497000,65536,843,672,171,1017839564,843,1017901004,0,45430,14.2387,12443,3983,0x0000000000,20963,15936,0,400,387805,45440,14.2401,12447,399,387746
498000,65536,843,672,171,1019871215,843,1019932655,0,45542,14.2286,12522,4031,0x0000000000,20776,15967,0,414,388219,45562,14.2290,12532,413,388159
499000,65536,843,672,171,1021902834,843,1021964274,0,45439,14.2249,12342,4029,0x0000000000,20843,15860,0,372,388591,45478,14.2291,12367,368,388527
500000,65536,843,672,171,1023999157,843,1024060597,0,45577,14.2506,12443,3911,0x0000000000,423,190,0,382,388973,45580,14.2533,12445,379,388906
501000,65536,843,672,171,1026031564,843,1026093004,0,45306,14.2140,12407,4047,0x0000000000,20911,15858,0,396,389369,45331,14.2172,12441,396,389302
502000,65536,843,672,171,1028063215,843,1028124655,0,45509,14.2379,12401,3997,0x0000000000,20811,15852,0,380,389749,45509,14.2376,12377,385,389687
503000,65536,843,672,171,1030094834,843,1030156274,0,45447,14.2448,12289,3942,0x0000000000,20862,15607,0,392,390141,45434,14.2421,12283,397,390084
504000,65536,843,672,171,1032191157,843,1032252597,0,45372,14.2217,12087,4025,0x0000000000,421,217,0,420,390561,45359,14.2216,12098,437,390521
505000,65536,843,672,171,1034223564,843,1034285004,0,45526,14.2417,12276,4017,0x0000000000,20958,15933,0,414,390975,45516,14.2403,12288,409,390930
506000,65536,843,672,171,1036255215,843,1036316655,0,45469,14.2236,12320,4106,0x0000000000,21071,15940,0,396,391371,45460,14.2214,12333,398,391328
507000,65536,843,672,171,1038286834,843,1038348274,0,45644,14.2602,12173,3960,0x0000000000,20829,15823,0,393,391764,45643,14.2575,12161,392,391720
508000,65536,843,672,171,1040383157,843,1040444597,0,45425,14.2179,12323,4039,0x0000000000,404,210,0,395,392159,45432,14.2168,12356,393,392113
509000,65536,843,672,171,1042415564,843,1042477004,0,45379,14.2144,11903,4042,0x0000000000,20807,15679,0,377,392536,45390,14.2177,11911,390,392503
510000,65536,843,672,171,1044447215,843,1044508655,0,45344,14.2146,12190,4084,0x0000000000,20714,15757,0,386,392922,45322,14.2148,12154,390,392893
511000,65536,843,672,171,1046478834,843,1046540274,0,45467,14.2334,12192,3977,0x0000000000,20903,15852,0,395,393317,45480,14.2372,12194,396,393289
512000,65536,843,672,171,1048575157,843,1048636597,0,45495,14.2261,12071,4072,0x0000000000,411,190,0,391,393708,45497,14.2298,12082,393,393682
513000,65536,843,672,171,1050607564,843,1050669004,0,45410,14.2260,12016,3985,0x0000000000,20922,15974,0,391,394099,45377,14.2213,11986,394,394076
514000,65536,843,672,171,1052639215,843,1052700655,0,45229,14.2172,11941,3932,0x0000000000,20846,15839,0,372,394471,45241,14.2177,11942,364,394440
515000,65536,843,672,171,1054670834,843,1054732274,0,45627,14.2569,11881,3934,0x0000000000,20928,15732,0,372,394843,45615,14.2548,11884,380,394820
516000,65536,843,672,171,1056767157,843,1056828597,0,45630,14.2450,12091,3988,0x0000000000,437,208,0,365,395208,45620,14.2453,12120,365,395185
517000,65536,843,672,171,1058799564,843,1058861004,0,45520,14.2437,11900,3973,0x0000000000,20931,15962,0,433,395641,45551,14.2505,11923,431,395616
518000,65536,843,672,171,1060831215,843,1060892655,0,45629,14.2542,12126,3943,0x0000000000,20913,15954,0,371,396012,45612,14.2517,12118,383,395999
519000,65536,843,672,171,1062862834,843,1062924274,0,45419,14.2109,11886,4047,0x0000000000,20861,15903,0,366,396378,45426,14.2134,11920,369,396368
520000,65536,843,672,171,1064959157,843,1065020597,0,45345,14.2311,11944,4015,0x0000000000,411,193,0,400,396778,45347,14.2317,11911,403,396771
521000,65536,843,672,171,1066991564,843,1067053004,0,45560,14.2458,11971,3887,0x0000000000,20983,16007,0,350,397128,45598,14.2500,11967,346,397117
522000,65536,843,672,171,1069023215,843,1069084655,0,45436,14.2166,11845,4052,0x0000000000,20840,15740,0,380,397508,45411,14.2168,11833,387,397504
523000,65536,843,672,171,1071054834,843,1071116274,0,45450,14.2231,12038,4034,0x0000000000,20868,15794,0,384,397892,45412,14.2203,12010,384,397888
524000,65536,843,672,171,1073151157,843,1073212597,0,45651,14.2604,11828,3933,0x0000000000,390,190,0,341,398233,45623,14.2573,11860,338,398226
525000,65536,843,672,171,1075183564,843,1075245004,0,45442,14.2278,11757,4013,0x0000000000,20908,15891,0,362,398595,45434,14.2265,11708,365,398591
526000,65536,843,672,171,1077215215,843,1077276655,0,45362,14.2151,11684,4093,0x0000000000,20905,15911,0,404,398999,45334,14.2120,11683,394,398985
527000,65536,843,672,171,1079246834,843,1079308274,0,45483,14.2310,11772,3994,0x0000000000,20940,15686,0,382,399381,45477,14.2332,11787,386,399371
528000,65536,843,672,171,1081343157,843,1081404597,0,45356,14.2277,11902,3974,0x0000000000,400,207,0,327,399708,45370,14.2294,11863,338,399709
529000,65536,843,672,171,1083375564,843,1083437004,0,45625,14.2505,11769,3984,0x0000000000,20924,15997,0,369,400077,45654,14.2513,11795,366,400075
530000,65536,843,672,171,1085407215,843,1085468655,0,45497,14.2281,11605,4005,0x0000000000,20916,15860,0,386,400463,45496,14.2265,11609,371,400446
531000,65536,843,672,171,1087438834,843,1087500274,0,45361,14.2139,11583,4097,0x0000000000,20630,15773,0,383,400846,45392,14.2160,11617,379,400825
532000,65536,843,672,171,1089535157,843,1089596597,0,45584,14.2280,11699,4054,0x0000000000,417,211,0,360,401206,45584,14.2265,11691,357,401182
533000,65536,843,672,171,1091567564,843,1091629004,0,45354,14.2308,11607,3951,0x0000000000,20688,15754,0,328,401534,45322,14.2301,11600,336,401518
534000,65536,843,672,171,1093599215,843,1093660655,0,45413,14.2268,11557,3980,0x0000000000,20756,15768,0,354,401888,45441,14.2307,11553,343,401861
535000,65536,843,672,171,1095630834,843,1095692274,0,45431,14.2295,11582,3985,0x0000000000,20694,15923,0,353,402241,45410,14.2273,11598,347,402208
536000,65536,843,672,171,1097727157,843,1097788597,0,45555,14.2368,11657,3985,0x0000000000,405,200,0,393,402634,45560,14.2357,11659,387,402595
537000,65536,843,672,171,1099759564,843,1099821004,0,45438,14.2310,11574,4039,0x0000000000,20813,15817,0,397,403031,45440,14.2296,11573,399,402994
538000,65536,843,672,171,1101791215,843,1101852655,0,45368,14.2272,11479,3974,0x0000000000,20965,15925,0,370,403401,45373,14.2277,11492,374,403368
539000,65536,843,672,171,1103822834,843,1103884274,0,45418,14.2276,11389,3973,0x0000000000,20853,15969,0,354,403755,45446,14.2314,11443,360,403728
540000,65536,843,672,171,1105919157,843,1105980597,0,45552,14.2305,11674,4019,0x0000000000,411,189,0,378,404133,45560,14.2305,11665,373,404101
541000,65536,843,672,171,1107951564,843,1108013004,0,45451,14.2360,11741,3942,0x0000000000,20920,15939,0,392,404525,45431,14.2352,11709,388,404489
542000,65536,843,672,171,1109983215,843,1110044655,0,45402,14.2347,11422,3979,0x0000000000,20961,16028,0,367,404892,45445,14.2382,11437,355,404844
543000,65536,843,672,171,1112014834,843,1112076274,0,45478,14.2338,11434,4034,0x0000000000,21027,15985,0,370,405262,45470,14.2339,11407,367,405211
544000,65536,843,672,171,1114111157,843,1114172597,0,45502,14.2272,11419,4061,0x0000000000,433,216,0,365,405627,45489,14.2238,11437,362,405573
545000,65536,843,672,171,1116143564,843,1116205004,0,45519,14.2357,11466,3992,0x0000000000,20868,15825,0,349,405976,45506,14.2345,11474,345,405918
546000,65536,843,672,171,1118175215,843,1118236655,0,45120,14.1888,11316,4136,0x0000000000,20787,15785,0,399,406375,45125,14.1874,11283,393,406311
547000,65536,843,672,171,1120206834,843,1120268274,0,45287,14.1974,11382,4090,0x0000000000,20754,15856,0,362,406737,45288,14.1996,11321,374,406685
548000,65536,843,672,171,1122303157,843,1122364597,0,45468,14.2438,11393,3917,0x0000000000,419,213,0,401,407138,45445,14.2408,11349,391,407076
549000,65536,843,672,171,1124335564,843,1124397004,0,45490,14.2331,11244,4081,0x0000000000,20949,15989,0,369,407507,45486,14.2350,11225,368,407444
550000,65536,843,672,171,1126367215,843,1126428655,0,45279,14.2188,11184,3960,0x0000000000,20729,15864,0,349,407856,45296,14.2189,11233,353,407797
551000,65536,843,672,171,1128398834,843,1128460274,0,45406,14.2311,11282,3996,0x0000000000,20929,15843,0,381,408237,45396,14.2289,11265,384,408181
552000,65536,843,672,171,1130495157,843,1130556597,0,45486,14.2320,11375,3946,0x0000000000,403,203,0,372,408609,45496,14.2334,11352,375,408556
553000,65536,843,672,171,1132527564,843,1132589004,0,45563,14.2439,11315,3970,0x0000000000,20897,15754,0,347,408956,45575,14.2442,11322,350,408906
554000,65536,843,672,171,1134559215,843,1134620655,0,45511,14.2325,11291,4020,0x0000000000,20827,15835,0,348,409304,45492,14.2293,11332,349,409255
555000,65536,843,672,171,1136590834,843,1136652274,0,45394,14.2194,11269,4055,0x0000000000,20973,15844,0,400,409704,45389,14.2186,11294,400,409655
556000,65536,843,672,171,1138687157,843,1138748597,0,45409,14.2274,11093,4011,0x0000000000,420,191,0,376,410080,45428,14.2300,11099,379,410034
557000,65536,843,672,171,1140719564,843,1140781004,0,45314,14.2300,11165,3956,0x0000000000,20846,15781,0,363,410443,45316,14.2282,11134,366,410400
558000,65536,843,672,171,1142751215,843,1142812655,0,45564,14.2367,11245,4054,0x0000000000,20920,15914,0,343,410786,45561,14.2349,11231,338,410738
559000,65536,843,672,171,1144782834,843,1144844274,0,45473,14.2170,11081,4122,0x0000000000,20851,15786,0,394,411180,45476,14.2150,11142,384,411122
560000,65536,843,672,171,1146879157,843,1146940597,0,45366,14.2088,11045,4124,0x0000000000,416,208,0,359,411539,45365,14.2065,11080,357,411479
561000,65536,843,672,171,1148911564,843,1148973004,0,45464,14.2220,11065,4049,0x0000000000,20908,15745,0,360,411899,45436,14.2196,11039,354,411833
562000,65536,843,672,171,1150943215,843,1151004655,0,45428,14.2283,10985,4023,0x0000000000,21029,15867,0,385,412284,45439,14.2275,11026,381,412214
563000,65536,843,672,171,1152974834,843,1153036274,0,45279,14.2067,10979,4074,0x0000000000,20879,15801,0,333,412617,45314,14.2094,10985,341,412555
564000,65536,843,672,171,1155071157,843,1155132597,0,45485,14.2510,11062,3902,0x0000000000,431,188,0,362,412979,45485,14.2538,11061,370,412925
565000,65536,843,672,171,1157103564,843,1157165004,0,45328,14.2208,10867,4043,0x0000000000,20957,15736,0,352,413331,45306,14.2190,10886,358,413283
566000,65536,843,672,171,1159135215,843,1159196655,0,45500,14.2428,11069,4013,0x0000000000,20712,15817,0,346,413677,45521,14.2458,11035,350,413633
567000,65536,843,672,171,1161166834,843,1161228274,0,45567,14.2408,10961,3978,0x0000000000,20917,15843,0,354,414031,45553,14.2398,10979,349,413982
568000,65536,843,672,171,1163263157,843,1163324597,0,45443,14.2206,10890,3981,0x0000000000,387,199,0,306,414337,45407,14.2157,10906,312,414294
569000,65536,843,672,171,1165295564,843,1165357004,0,45335,14.2136,10907,4140,0x0000000000,20719,15688,0,351,414688,45324,14.2120,10872,337,414631
570000,65536,843,672,171,1167327215,843,1167388655,0,45455,14.2325,10938,4064,0x0000000000,20915,15903,0,328,415016,45453,14.2329,10937,342,414973
571000,65536,843,672,171,1169358834,843,1169420274,0,45526,14.2464,10934,3940,0x0000000000,20938,15946,0,318,415334,45512,14.2466,10947,327,415300
572000,65536,843,672,171,1171455157,843,1171516597,0,45384,14.2185,10847,4030,0x0000000000,431,204,0,340,415674,45349,14.2163,10810,344,415644
573000,65536,843,672,171,1173487564,843,1173549004,0,45452,14.2445,10872,3921,0x0000000000,20787,15820,0,353,416027,45428,14.2440,10862,339,415983
574000,65536,843,672,171,1175519215,843,1175580655,0,45539,14.2364,10914,4016,0x0000000000,20986,15965,0,364,416391,45529,14.2356,10945,356,416339
575000,65536,843,672,171,1177550834,843,1177612274,0,45439,14.2188,10794,4070,0x0000000000,20750,15964,0,349,416740,45461,14.2199,10806,343,416682
576000,65536,843,672,171,1179647157,843,1179708597,0,45253,14.2220,10680,4005,0x0000000000,420,219,0,342,417082,45262,14.2217,10704,345,417027
577000,65536,843,672,171,1181679564,843,1181741004,0,45447,14.2357,10717,4010,0x0000000000,20961,15824,0,353,417435,45462,14.2367,10742,355,417382
578000,65536,843,672,171,1183711215,843,1183772655,0,45478,14.2147,10810,4079,0x0000000000,20680,15762,0,290,417725,45464,14.2132,10799,293,417675
579000,65536,843,672,171,1185742834,843,1185804274,0,45428,14.2097,10717,4111,0x0000000000,20899,15845,0,299,418024,45417,14.2092,10684,303,417978
580000,65536,843,672,171,1187839157,843,1187900597,0,45567,14.2306,10697,4046,0x0000000000,409,183,0,329,418353,45558,14.2302,10701,341,418319
581000,65536,843,672,171,1189871564,843,1189933004,0,45525,14.2391,10695,3974,0x0000000000,20980,15891,0,362,418715,45553,14.2419,10663,358,418677
582000,65536,843,672,171,1191903215,843,1191964655,0,45431,14.2197,10612,4021,0x0000000000,20739,15794,0,322,419037,45449,14.2230,10640,321,418998
583000,65536,843,672,171,1193934834,843,1193996274,0,45456,14.2275,10565,3997,0x0000000000,20888,15747,0,351,419388,45436,14.2264,10540,346,419344
584000,65536,843,672,171,1196031157,843,1196092597,0,45267,14.2206,10515,3997,0x0000000000,438,195,0,360,419748,45276,14.2171,10498,356,419700
585000,65536,843,672,171,1198063564,843,1198125004,0,45563,14.2569,10609,3855,0x0000000000,21076,15913,0,380,420128,45584,14.2595,10599,374,420074
586000,65536,843,672,171,1200095215,843,1200156655,0,45484,14.2358,10700,3954,0x0000000000,20957,15834,0,363,420491,45494,14.2354,10705,356,420430
587000,65536,843,672,171,1202126834,843,1202188274,0,45443,14.2246,10607,4051,0x0000000000,20959,15606,0,344,420835,45478,14.2305,10576,342,420772
588000,65536,843,672,171,1204223157,843,1204284597,0,45521,14.2313,10689,3935,0x0000000000,407,217,0,327,421162,45547,14.2359,10654,326,421098
589000,65536,843,672,171,1206255564,843,1206317004,0,45560,14.2339,10439,4021,0x0000000000,20867,15755,0,317,421479,45554,14.2332,10441,316,421414
590000,65536,843,672,171,1208287215,843,1208348655,0,45300,14.2150,10537,4049,0x0000000000,20981,15641,0,325,421804,45257,14.2115,10543,323,421737
591000,65536,843,672,171,1210318834,843,1210380274,0,45490,14.2340,10414,3989,0x0000000000,20624,15725,0,354,422158,45493,14.2347,10439,355,422092
592000,65536,843,672,171,1212415157,843,1212476597,0,45394,14.2032,10476,4085,0x0000000000,430,217,0,354,422512,45407,14.2062,10473,354,422446
593000,65536,843,672,171,1214447564,843,1214509004,0,45375,14.2193,10430,4043,0x0000000000,20781,15610,0,332,422844,45361,14.2183,10440,328,422774
594000,65536,843,672,171,1216479215,843,1216540655,0,45405,14.2332,10492,4012,0x0000000000,20963,15860,0,366,423210,45395,14.2317,10500,349,423123
595000,65536,843,672,171,1218510834,843,1218572274,0,45468,14.2221,10471,4022,0x0000000000,20865,15816,0,309,423519,45477,14.2243,10488,317,423440
596000,65536,843,672,171,1220607157,843,1220668597,0,45432,14.2231,10347,4022,0x0000000000,429,195,0,315,423834,45435,14.2218,10391,314,423754
597000,65536,843,672,171,1222639564,843,1222701004,0,45445,14.2286,10474,3991,0x0000000000,20755,15595,0,345,424179,45480,14.2329,10468,349,424103
598000,65536,843,672,171,1224671215,843,1224732655,0,45533,14.2327,10339,3988,0x0000000000,20936,15821,0,313,424492,45534,14.2320,10285,324,424427
599000,65536,843,672,171,1226702834,843,1226764274,0,45631,14.2470,10353,4008,0x0000000000,20801,16078,0,321,424813,45621,14.2457,10371,324,424751
600000,65536,843,672,171,1228799157,843,1228860597,0,45663,14.2431,10380,3981,0x0000000000,405,225,0,348,425161,45659,14.2438,10392,342,425093
601000,65536,843,672,171,1230831564,843,1230893004,0,45418,14.2187,10347,4052,0x0000000000,20925,15933,0,346,425507,45442,14.2238,10321,342,425435
602000,65536,843,672,171,1232863215,843,1232924655,0,45437,14.2303,10199,3999,0x0000000000,20985,16051,0,336,425843,45451,14.2306,10225,341,425776
603000,65536,843,672,171,1234894834,843,1234956274,0,45321,14.2312,10130,3972,0x0000000000,20877,15734,0,338,426181,45296,14.2268,10151,342,426118
604000,65536,843,672,171,1236991157,843,1237052597,0,45326,14.1985,10129,4177,0x0000000000,408,213,0,344,426525,45322,14.1988,10092,351,426469
605000,65536,843,672,171,1239023564,843,1239085004,0,45536,14.2502,10287,3930,0x0000000000,20940,15841,0,320,426845,45532,14.2492,10251,319,426788
606000,65536,843,672,171,1241055215,843,1241116655,0,45489,14.2266,10195,3983,0x0000000000,21082,15790,0,311,427156,45482,14.2261,10126,314,427102
607000,65536,843,672,171,1243086834,843,1243148274,0,45319,14.2125,10171,4105,0x0000000000,20797,15743,0,320,427476,45284,14.2084,10136,317,427419
608000,65536,843,672,171,1245183157,843,1245244597,0,45373,14.2288,9987,4039,0x0000000000,382,212,0,316,427792,45385,14.2257,9995,310,427729
609000,65536,843,672,171,1247215564,843,1247277004,0,45310,14.2128,10143,4040,0x0000000000,20799,15695,0,341,428133,45312,14.2127,10143,340,428069
610000,65536,843,672,171,1249247215,843,1249308655,0,45490,14.2294,10345,4036,0x0000000000,20914,15841,0,326,428459,45472,14.2286,10359,324,428393
611000,65536,843,672,171,1251278834,843,1251340274,0,45400,14.2155,10159,4039,0x0000000000,20871,15778,0,327,428786,45395,14.2144,10140,327,428720
612000,65536,843,672,171,1253375157,843,1253436597,0,45210,14.1937,9931,4122,0x0000000000,412,187,0,307,429093,45252,14.1953,9959,318,429038
613000,65536,843,672,171,1255407564,843,1255469004,0,45278,14.1989,10074,4136,0x0000000000,20743,15808,0,324,429417,45276,14.1980,10097,326,429364
614000,65536,843,672,171,1257439215,843,1257500655,0,45325,14.2277,10021,3950,0x0000000000,20843,15944,0,321,429738,45335,14.2318,10032,325,429689
615000,65536,843,672,171,1259470834,843,1259532274,0,45419,14.2388,10142,3923,0x0000000000,20946,15962,0,367,430105,45393,14.2342,10131,361,430050
616000,65536,843,672,171,1261567157,843,1261628597,0,45375,14.2307,10034,4010,0x0000000000,390,206,0,334,430439,45362,14.2283,10004,326,430376
617000,65536,843,672,171,1263599564,843,1263661004,0,45344,14.1985,10029,4069,0x0000000000,20903,15926,0,331,430770,45346,14.2006,10009,321,430697
618000,65536,843,672,171,1265631215,843,1265692655,0,45523,14.2354,9953,4031,0x0000000000,20760,15872,0,321,431091,45507,14.2351,9962,324,431021
619000,65536,843,672,171,1267662834,843,1267724274,0,45326,14.2160,9998,4006,0x0000000000,21086,15866,0,348,431439,45314,14.2149,10011,343,431364
620000,65536,843,672,171,1269759157,843,1269820597,0,45491,14.2325,10073,4024,0x0000000000,402,203,0,304,431743,45491,14.2319,10096,301,431665
621000,65536,843,672,171,1271791564,843,1271853004,0,45385,14.2112,10060,4087,0x0000000000,20834,15877,0,309,432052,45403,14.2119,10082,304,431969
622000,65536,843,672,171,1273823215,843,1273884655,0,45446,14.2285,9867,4041,0x0000000000,20890,15673,0,334,432386,45453,14.2306,9931,343,432312
623000,65536,843,672,171,1275854834,843,1275916274,0,45493,14.2181,9960,4125,0x0000000000,20678,15831,0,284,432670,45459,14.2140,9967,289,432601
624000,65536,843,672,171,1277951157,843,1278012597,0,45489,14.2350,9950,3985,0x0000000000,391,201,0,296,432966,45513,14.2393,9972,295,432896
625000,65536,843,672,171,1279983564,843,1280045004,0,45545,14.2411,9855,3969,0x0000000000,20814,15960,0,294,433260,45528,14.2371,9845,295,433191
626000,65536,843,672,171,1282015215,843,1282076655,0,45283,14.2057,9886,4039,0x0000000000,20822,15646,0,284,433544,45280,14.2045,9865,288,433479
627000,65536,843,672,171,1284046834,843,1284108274,0,45415,14.2403,9871,3948,0x0000000000,21018,16074,0,321,433865,45427,14.2404,9838,314,433793
628000,65536,843,672,171,1286143157,843,1286204597,0,45345,14.2166,9792,4082,0x0000000000,425,208,0,307,434172,45332,14.2166,9731,310,434103
629000,65536,843,672,171,1288175564,843,1288237004,0,45607,14.2541,9947,3963,0x0000000000,20726,15925,0,327,434499,45608,14.2529,9942,324,434427
630000,65536,843,672,171,1290207215,843,1290268655,0,45454,14.2222,9776,3999,0x0000000000,20879,15657,0,307,434806,45477,14.2251,9724,308,434735
631000,65536,843,672,171,1292238834,843,1292300274,0,45555,14.2341,9690,4034,0x0000000000,20715,15905,0,309,435115,45546,14.2346,9684,308,435043
632000,65536,843,672,171,1294335157,843,1294396597,0,45396,14.2208,9895,4070,0x0000000000,418,205,0,327,435442,45403,14.2216,9853,326,435369
633000,65536,843,672,171,1296367564,843,1296429004,0,45388,14.2203,9591,4041,0x0000000000,20862,15756,0,303,435745,45380,14.2188,9612,309,435678
634000,65536,843,672,171,1298399215,843,1298460655,0,45583,14.2353,9950,4032,0x0000000000,20968,16177,0,313,436058,45575,14.2329,9931,311,435989
635000,65536,843,672,171,1300430834,843,1300492274,0,45595,14.2415,9650,3943,0x0000000000,20845,15787,0,339,436397,45577,14.2388,9667,337,436326
636000,65536,843,672,171,1302527157,843,1302588597,0,45362,14.2218,9664,4015,0x0000000000,412,205,0,318,436715,45401,14.2253,9686,315,436641
637000,65536,843,672,171,1304559564,843,1304621004,0,45269,14.2155,9657,4034,0x0000000000,20914,16065,0,316,437031,45238,14.2119,9636,312,436953
638000,65536,843,672,171,1306591215,843,1306652655,0,45406,14.2321,9827,3972,0x0000000000,20932,15884,0,324,437355,45400,14.2321,9791,319,437272
639000,65536,843,672,171,1308622834,843,1308684274,0,45456,14.2310,9731,4014,0x0000000000,20877,15982,0,304,437659,45457,14.2324,9743,312,437584
640000,65536,843,672,171,1310719157,843,1310780597,0,45490,14.2303,9677,4001,0x0000000000,415,212,0,327,437986,45495,14.2292,9656,321,437905
641000,65536,843,672,171,1312751564,843,1312813004,0,45495,14.2557,9529,3880,0x0000000000,20888,15860,0,314,438300,45521,14.2555,9604,303,438208
642000,65536,843,672,171,1314783215,843,1314844655,0,45338,14.2140,9604,4033,0x0000000000,21003,15895,0,284,438584,45341,14.2131,9634,287,438495
643000,65536,843,672,171,1316814834,843,1316876274,0,45477,14.2446,9470,3925,0x0000000000,20816,15868,0,301,438885,45476,14.2481,9481,300,438795
644000,65536,843,672,171,1318911157,843,1318972597,0,45415,14.2300,9526,4050,0x0000000000,406,203,0,288,439173,45390,14.2255,9544,280,439075
645000,65536,843,672,171,1320943564,843,1321005004,0,45549,14.2350,9477,4012,0x0000000000,20929,16068,0,334,439507,45513,14.2296,9476,335,439410
646000,65536,843,672,171,1322975215,843,1323036655,0,45444,14.2339,9398,4052,0x0000000000,20963,15813,0,317,439824,45424,14.2329,9376,322,439732
647000,65536,843,672,171,1325006834,843,1325068274,0,45530,14.2406,9427,3969,0x0000000000,21030,16128,0,313,440137,45487,14.2376,9403,315,440047
648000,65536,843,672,171,1327103157,843,1327164597,0,45282,14.2149,9360,4037,0x0000000000,406,193,0,295,440432,45298,14.2172,9393,291,440338
649000,65536,843,672,171,1329135564,843,1329197004,0,45422,14.2292,9400,4030,0x0000000000,20821,15749,0,303,440735,45414,14.2275,9409,299,440637
650000,65536,843,672,171,1331167215,843,1331228655,0,45497,14.2317,9423,4019,0x0000000000,20951,15730,0,296,441031,45502,14.2345,9407,306,440943
651000,65536,843,672,171,1333198834,843,1333260274,0,45573,14.2512,9500,3954,0x0000000000,20804,15745,0,288,441319,45552,14.2517,9489,297,441240
652000,65536,843,672,171,1335295157,843,1335356597,0,45493,14.2269,9337,4077,0x0000000000,396,205,0,331,441650,45485,14.2267,9321,328,441568
653000,65536,843,672,171,1337327564,843,1337389004,0,45411,14.2266,9336,3997,0x0000000000,20772,15893,0,306,441956,45396,14.2244,9346,305,441873
654000,65536,843,672,171,1339359215,843,1339420655,0,45449,14.2297,9343,4040,0x0000000000,20846,15797,0,307,442263,45407,14.2256,9293,307,442180
655000,65536,843,672,171,1341390834,843,1341452274,0,45382,14.2242,9384,4045,0x0000000000,21086,15674,0,277,442540,45376,14.2247,9375,274,442454
656000,65536,843,672,171,1343487157,843,1343548597,0,45563,14.2400,9333,3995,0x0000000000,414,198,0,286,442826,45582,14.2412,9359,298,442752
657000,65536,843,672,171,1345519564,843,1345581004,0,45477,14.2293,9363,3981,0x0000000000,20901,15919,0,266,443092,45473,14.2296,9346,286,443038
658000,65536,843,672,171,1347551215,843,1347612655,0,45440,14.2382,9389,3947,0x0000000000,20844,15896,0,294,443386,45431,14.2369,9376,294,443332
659000,65536,843,672,171,1349582834,843,1349644274,0,45405,14.2321,9486,3959,0x0000000000,20703,15837,0,305,443691,45395,14.2312,9447,306,443638
660000,65536,843,672,171,1351679157,843,1351740597,0,45424,14.2351,9243,4014,0x0000000000,428,223,0,296,443987,45418,14.2357,9238,299,443937
661000,65536,843,672,171,1353711564,843,1353773004,0,45509,14.2402,9236,3946,0x0000000000,21062,15962,0,276,444263,45514,14.2423,9220,276,444213
662000,65536,843,672,171,1355743215,843,1355804655,0,45435,14.2188,9316,4096,0x0000000000,20733,15798,0,307,444570,45430,14.2177,9292,308,444521
663000,65536,843,672,171,1357774834,843,1357836274,0,45540,14.2416,9379,3974,0x0000000000,20750,16154,0,300,444870,45511,14.2391,9348,309,444830
664000,65536,843,672,171,1359871157,843,1359932597,0,45397,14.2198,9074,4041,0x0000000000,415,204,0,281,445151,45389,14.2193,9036,281,445111
665000,65536,843,672,171,1361903564,843,1361965004,0,45401,14.2275,9193,4023,0x0000000000,21010,15835,0,331,445482,45385,14.2275,9198,328,445439
666000,65536,843,672,171,1363935215,843,1363996655,0,45408,14.2205,9155,4041,0x0000000000,20987,15747,0,298,445780,45420,14.2222,9155,292,445731
667000,65536,843,672,171,1365966834,843,1366028274,0,45611,14.2450,9165,3987,0x0000000000,20935,16019,0,320,446100,45597,14.2435,9150,331,446062
668000,65536,843,672,171,1368063157,843,1368124597,0,45417,14.2137,9159,4122,0x0000000000,415,202,0,280,446380,45422,14.2148,9163,279,446341
669000,65536,843,672,171,1370095564,843,1370157004,0,45331,14.2092,9121,4124,0x0000000000,20996,15592,0,297,446677,45330,14.2102,9141,290,446631
670000,65536,843,672,171,1372127215,843,1372188655,0,45512,14.2382,9088,3986,0x0000000000,20828,15781,0,286,446963,45486,14.2379,9095,297,446928
671000,65536,843,672,171,1374158834,843,1374220274,0,45551,14.2424,9003,3998,0x0000000000,21055,15791,0,304,447267,45548,14.2397,9040,300,447228
672000,65536,843,672,171,1376255157,843,1376316597,0,45470,14.2338,8973,4012,0x0000000000,408,207,0,276,447543,45454,14.2341,8953,269,447497
673000,65536,843,672,171,1378287564,843,1378349004,0,45324,14.2182,9085,4092,0x0000000000,20704,15761,0,281,447824,45317,14.2195,9097,289,447786
674000,65536,843,672,171,1380319215,843,1380380655,0,45534,14.2330,9015,3996,0x0000000000,20950,16079,0,288,448112,45511,14.2286,9010,282,448068
675000,65536,843,672,171,1382350834,843,1382412274,0,45351,14.2293,8856,3941,0x0000000000,20629,15804,0,280,448392,45349,14.2291,8859,275,448343
676000,65536,843,672,171,1384447157,843,1384508597,0,45559,14.2497,9098,3937,0x0000000000,403,206,0,302,448694,45540,14.2477,9130,298,448641
677000,65536,843,672,171,1386479564,843,1386541004,0,45504,14.2448,8824,3969,0x0000000000,21072,16012,0,287,448981,45490,14.2441,8874,285,448926
678000,65536,843,672,171,1388511215,843,1388572655,0,45449,14.2399,8909,3917,0x0000000000,20832,15751,0,286,449267,45457,14.2400,8883,282,449208
679000,65536,843,672,171,1390542834,843,1390604274,0,45605,14.2425,9079,3991,0x0000000000,21064,16097,0,295,449562,45590,14.2430,9063,291,449499
680000,65536,843,672,171,1392639157,843,1392700597,0,45187,14.1949,8770,4105,0x0000000000,426,185,0,294,449856,45202,14.1968,8759,295,449794
681000,65536,843,672,171,1394671564,843,1394733004,0,45416,14.2083,8965,4100,0x0000000000,20835,15955,0,322,450178,45404,14.2059,9009,313,450107
682000,65536,843,672,171,1396703215,843,1396764655,0,45355,14.2088,8796,4050,0x0000000000,20819,15753,0,283,450461,45353,14.2090,8735,286,450393
683000,65536,843,672,171,1398734834,843,1398796274,0,45439,14.2168,8839,4105,0x0000000000,20922,15831,0,291,450752,45406,14.2134,8835,292,450685
684000,65536,843,672,171,1400831157,843,1400892597,0,45463,14.2380,8922,3941,0x0000000000,433,178,0,257,451009,45464,14.2367,8920,264,450949
685000,65536,843,672,171,1402863564,843,1402925004,0,45539,14.2363,8873,3957,0x0000000000,20832,15804,0,270,451279,45557,14.2394,8834,266,451215
686000,65536,843,672,171,1404895215,843,1404956655,0,45417,14.2452,8767,3863,0x0000000000,20919,15951,0,302,451581,45421,14.2423,8759,302,451517
687000,65536,843,672,171,1406926834,843,1406988274,0,45474,14.2273,8793,3992,0x0000000000,20903,15723,0,275,451856,45480,14.2277,8794,273,451790
688000,65536,843,672,171,1409023157,843,1409084597,0,45497,14.2355,8707,4029,0x0000000000,407,193,0,314,452170,45513,14.2379,8723,308,452098
689000,65536,843,672,171,1411055564,843,1411117004,0,45175,14.1966,8618,4079,0x0000000000,20941,15568,0,273,452443,45167,14.1956,8606,275,452373
690000,65536,843,672,171,1413087215,843,1413148655,0,45376,14.2216,8784,4065,0x0000000000,20913,15772,0,297,452740,45367,14.2219,8804,290,452663
691000,65536,843,672,171,1415118834,843,1415180274,0,45480,14.2306,8736,4039,0x0000000000,20931,15851,0,297,453037,45488,14.2315,8738,286,452949
692000,65536,843,672,171,1417215157,843,1417276597,0,45366,14.2058,8684,4096,0x0000000000,399,182,0,293,453330,45358,14.2060,8729,304,453253
693000,65536,843,672,171,1419247564,843,1419309004,0,45463,14.2422,8849,3877,0x0000000000,20898,15982,0,276,453606,45475,14.2421,8823,280,453533
694000,65536,843,672,171,1421279215,843,1421340655,0,45417,14.2210,8569,4026,0x0000000000,20878,15849,0,264,453870,45409,14.2198,8555,255,453788
695000,65536,843,672,171,1423310834,843,1423372274,0,45354,14.2183,8718,4043,0x0000000000,20952,15780,0,270,454140,45366,14.2212,8718,282,454070
696000,65536,843,672,171,1425407157,843,1425468597,0,45516,14.2213,8734,4097,0x0000000000,411,212,0,284,454424,45494,14.2184,8776,278,454348
697000,65536,843,672,171,1427439564,843,1427501004,0,45479,14.2334,8597,4008,0x0000000000,20906,15762,0,301,454725,45495,14.2359,8614,309,454657
698000,65536,843,672,171,1429471215,843,1429532655,0,45565,14.2301,8851,4061,0x0000000000,20951,15837,0,292,455017,45578,14.2312,8869,286,454943
699000,65536,843,672,171,1431502834,843,1431564274,0,45433,14.2379,8719,3980,0x0000000000,20718,15744,0,263,455280,45445,14.2388,8727,262,455205
700000,65536,843,672,171,1433599157,843,1433660597,0,45466,14.2225,8737,4041,0x0000000000,409,165,0,273,455553,45477,14.2253,8769,272,455477
701000,65536,843,672,171,1435631564,843,1435693004,0,45621,14.2369,8702,4053,0x0000000000,20877,15974,0,292,455845,45625,14.2358,8695,281,455758
702000,65536,843,672,171,1437663215,843,1437724655,0,45691,14.2360,8695,4098,0x0000000000,20905,15855,0,283,456128,45675,14.2309,8699,277,456035
703000,65536,843,672,171,1439694834,843,1439756274,0,45338,14.2180,8572,4052,0x0000000000,20978,15965,0,270,456398,45336,14.2175,8619,265,456300
704000,65536,843,672,171,1441791157,843,1441852597,0,45359,14.2199,8635,4050,0x0000000000,396,231,0,287,456685,45338,14.2187,8593,293,456593
705000,65536,843,672,171,1443823564,843,1443885004,0,45340,14.2137,8529,4104,0x0000000000,20921,15829,0,281,456966,45319,14.2118,8554,277,456870
706000,65536,843,672,171,1445855215,843,1445916655,0,45364,14.2116,8710,4103,0x0000000000,20951,15730,0,237,457203,45352,14.2098,8699,245,457115
707000,65536,843,672,171,1447886834,843,1447948274,0,45481,14.2266,8422,4076,0x0000000000,20737,15838,0,258,457461,45469,14.2250,8441,253,457368
708000,65536,843,672,171,1449983157,843,1450044597,0,45646,14.2518,8603,3995,0x0000000000,426,207,0,281,457742,45618,14.2488,8637,274,457642
709000,65536,843,672,171,1452015564,843,1452077004,0,45324,14.2180,8523,4035,0x0000000000,20882,15939,0,287,458029,45330,14.2186,8529,290,457932
710000,65536,843,672,171,1454047215,843,1454108655,0,45366,14.2156,8571,4039,0x0000000000,20755,15780,0,254,458283,45349,14.2135,8556,259,458191
711000,65536,843,672,171,1456078834,843,1456140274,0,45580,14.2430,8464,3972,0x0000000000,20944,16095,0,274,458557,45571,14.2424,8419,276,458467
712000,65536,843,672,171,1458175157,843,1458236597,0,45589,14.2423,8391,4034,0x0000000000,439,223,0,278,458835,45587,14.2444,8416,272,458739
713000,65536,843,672,171,1460207564,843,1460269004,0,45235,14.2133,8354,4039,0x0000000000,20783,15682,0,273,459108,45206,14.2115,8372,276,459015
714000,65536,843,672,171,1462239215,843,1462300655,0,45630,14.2435,8487,3986,0x0000000000,20826,15928,0,244,459352,45621,14.2414,8504,244,459259
715000,65536,843,672,171,1464270834,843,1464332274,0,45289,14.2215,8299,3984,0x0000000000,21030,15883,0,255,459607,45293,14.2203,8302,261,459520
716000,65536,843,672,171,1466367157,843,1466428597,0,45349,14.2232,8548,3966,0x0000000000,409,213,0,254,459861,45380,14.2251,8554,239,459759
717000,65536,843,672,171,1468399564,843,1468461004,0,45415,14.2202,8237,3990,0x0000000000,20937,15954,0,270,460131,45401,14.2177,8277,267,460026
718000,65536,843,672,171,1470431215,843,1470492655,0,45578,14.2378,8369,4010,0x0000000000,20965,15952,0,228,460359,45578,14.2370,8421,224,460250
719000,65536,843,672,171,1472462834,843,1472524274,0,45553,14.2315,8221,4034,0x0000000000,20861,15811,0,279,460638,45561,14.2335,8222,293,460543
720000,65536,843,672,171,1474559157,843,1474620597,0,45411,14.2157,8356,4026,0x0000000000,391,190,0,249,460887,45389,14.2168,8338,249,460792
721000,65536,843,672,171,1476591564,843,1476653004,0,45624,14.2503,8474,3933,0x0000000000,20999,16250,0,269,461156,45598,14.2456,8456,268,461060
722000,65536,843,672,171,1478623215,843,1478684655,0,45430,14.2222,8235,4035,0x0000000000,20863,15807,0,264,461420,45421,14.2210,8256,265,461325
723000,65536,843,672,171,1480654834,843,1480716274,0,45634,14.2553,8253,3949,0x0000000000,21012,15774,0,255,461675,45678,14.2576,8259,254,461579
724000,65536,843,672,171,1482751157,843,1482812597,0,45578,14.2512,8258,3922,0x0000000000,426,202,0,237,461912,45570,14.2491,8293,242,461821
725000,65536,843,672,171,1484783564,843,1484845004,0,45281,14.2158,8422,4008,0x0000000000,20858,15804,0,243,462155,45250,14.2122,8404,245,462066
726000,65536,843,672,171,1486815215,843,1486876655,0,45548,14.2298,8348,4034,0x0000000000,20885,16038,0,231,462386,45530,14.2283,8329,237,462303
727000,65536,843,672,171,1488846834,843,1488908274,0,45330,14.2051,8303,4100,0x0000000000,20958,15826,0,260,462646,45341,14.2090,8274,267,462570
728000,65536,843,672,171,1490943157,843,1491004597,0,45396,14.2141,8312,4040,0x0000000000,418,203,0,282,462928,45397,14.2137,8336,281,462851
729000,65536,843,672,171,1492975564,843,1493037004,0,45355,14.2347,8126,3918,0x0000000000,20876,15971,0,257,463185,45347,14.2305,8108,258,463109
730000,65536,843,672,171,1495007215,843,1495068655,0,45237,14.2018,8156,4061,0x0000000000,20740,15733,0,289,463474,45258,14.2040,8165,284,463393
731000,65536,843,672,171,1497038834,843,1497100274,0,45403,14.2315,8253,3927,0x0000000000,20816,15757,0,264,463738,45403,14.2312,8312,269,463662
732000,65536,843,672,171,1499135157,843,1499196597,0,45457,14.2255,8248,4034,0x0000000000,423,215,0,260,463998,45442,14.2248,8242,259,463921
733000,65536,843,672,171,1501167564,843,1501229004,0,45369,14.2197,8110,3963,0x0000000000,20944,15793,0,259,464257,45381,14.2206,8126,261,464182
734000,65536,843,672,171,1503199215,843,1503260655,0,45372,14.2131,8184,4093,0x0000000000,20816,15866,0,244,464501,45365,14.2140,8168,242,464424
735000,65536,843,672,171,1505230834,843,1505292274,0,45639,14.2490,8339,3998,0x0000000000,20793,15753,0,269,464770,45633,14.2486,8304,262,464686
736000,65536,843,672,171,1507327157,843,1507388597,0,45429,14.2201,8128,4027,0x0000000000,406,178,0,264,465034,45410,14.2182,8109,264,464950
737000,65536,843,672,171,1509359564,843,1509421004,0,45348,14.2258,8174,3961,0x0000000000,20867,15671,0,287,465321,45378,14.2280,8175,283,465233
738000,65536,843,672,171,1511391215,843,1511452655,0,45484,14.2333,8096,4003,0x0000000000,21052,15834,0,280,465601,45529,14.2372,8107,285,465518
739000,65536,843,672,171,1513422834,843,1513484274,0,45592,14.2498,7954,3941,0x0000000000,20862,16093,0,262,465863,45610,14.2530,7957,253,465771
740000,65536,843,672,171,1515519157,843,1515580597,0,45551,14.2476,7950,3962,0x0000000000,413,180,0,252,466115,45563,14.2467,7927,258,466029
741000,65536,843,672,171,1517551564,843,1517613004,0,45421,14.2157,7943,4051,0x0000000000,20851,15913,0,261,466376,45395,14.2145,7902,268,466297
742000,65536,843,672,171,1519583215,843,1519644655,0,45667,14.2478,8097,4018,0x0000000000,20755,15888,0,249,466625,45670,14.2498,8120,253,466550
743000,65536,843,672,171,1521614834,843,1521676274,0,45454,14.2341,7971,3990,0x0000000000,21006,15934,0,290,466915,45461,14.2355,8018,288,466838
744000,65536,843,672,171,1523711157,843,1523772597,0,45344,14.2342,8058,3933,0x0000000000,392,191,0,258,467173,45381,14.2363,8031,259,467097
745000,65536,843,672,171,1525743564,843,1525805004,0,45604,14.2506,7973,3962,0x0000000000,20828,15914,0,259,467432,45592,14.2489,7970,266,467363
746000,65536,843,672,171,1527775215,843,1527836655,0,45466,14.2363,7967,4028,0x0000000000,20853,15841,0,256,467688,45444,14.2346,7978,257,467620
747000,65536,843,672,171,1529806834,843,1529868274,0,45211,14.2087,7889,4017,0x0000000000,20850,15721,0,277,467965,45208,14.2079,7856,275,467895
748000,65536,843,672,171,1531903157,843,1531964597,0,45505,14.2281,7996,4027,0x0000000000,389,187,0,243,468208,45512,14.2279,7985,250,468145
749000,65536,843,672,171,1533935564,843,1533997004,0,45469,14.2164,7950,4074,0x0000000000,20945,15831,0,272,468480,45411,14.2122,7883,276,468421
750000,65536,843,672,171,1535967215,843,1536028655,0,45491,14.2415,8008,3983,0x0000000000,21029,15968,0,245,468725,45515,14.2436,7982,251,468672
751000,65536,843,672,171,1537998834,843,1538060274,0,45340,14.2215,7776,4008,0x0000000000,21010,15978,0,262,468987,45349,14.2216,7792,261,468933
752000,65536,843,672,171,1540095157,843,1540156597,0,45309,14.2038,7838,4088,0x0000000000,420,199,0,233,469220,45295,14.2035,7816,237,469170
753000,65536,843,672,171,1542127564,843,1542189004,0,45543,14.2280,7951,4039,0x0000000000,20786,15897,0,225,469445,45529,14.2247,7990,231,469401
754000,65536,843,672,171,1544159215,843,1544220655,0,45521,14.2418,7691,3976,0x0000000000,20745,15998,0,257,469702,45514,14.2400,7722,257,469658
755000,65536,843,672,171,1546190834,843,1546252274,0,45505,14.2398,7850,3923,0x0000000000,20857,15834,0,270,469972,45510,14.2412,7873,265,469923
756000,65536,843,672,171,1548287157,843,1548348597,0,45495,14.2207,7780,4069,0x0000000000,416,202,0,273,470245,45560,14.2255,7783,278,470201
757000,65536,843,672,171,1550319564,843,1550381004,0,45537,14.2291,7897,4021,0x0000000000,20931,15898,0,273,470518,45545,14.2322,7937,281,470482
758000,65536,843,672,171,1552351215,843,1552412655,0,45627,14.2419,7868,3998,0x0000000000,20949,16071,0,244,470762,45637,14.2414,7879,247,470729
759000,65536,843,672,171,1554382834,843,1554444274,0,45174,14.2050,7788,4042,0x0000000000,21033,15805,0,259,471021,45125,14.1983,7830,260,470989
760000,65536,843,672,171,1556479157,843,1556540597,0,45424,14.2217,7718,4025,0x0000000000,418,185,0,269,471290,45429,14.2204,7745,264,471253
761000,65536,843,672,171,1558511564,843,1558573004,0,45511,14.2332,7742,3994,0x0000000000,20838,15992,0,255,471545,45495,14.2319,7731,255,471508
762000,65536,843,672,171,1560543215,843,1560604655,0,45571,14.2390,7633,3965,0x0000000000,20852,15857,0,236,471781,45549,14.2360,7599,245,471753
763000,65536,843,672,171,1562574834,843,1562636274,0,45533,14.2361,7636,3968,0x0000000000,20716,15929,0,248,472029,45527,14.2338,7639,253,472006
764000,65536,843,672,171,1564671157,843,1564732597,0,45489,14.2496,7569,3906,0x0000000000,411,208,0,222,472251,45483,14.2489,7547,218,472224
765000,65536,843,672,171,1566703564,843,1566765004,0,45243,14.2222,7585,3944,0x0000000000,20801,15664,0,236,472487,45261,14.2233,7573,235,472459
