tick,live,births,faithful,mutant,deaths_age,deaths_reaper,placements,rays,distinct_genomes,entropy,singletons,top_count,top_genome,parasites,out_readers,fertile,new_genomes,genomes_ever,shadow_distinct,shadow_entropy,shadow_singletons,shadow_new,shadow_ever
0,8192,0,0,0,0,0,8192,0,8156,12.9912,8120,2,0x91bd7bfdd2,0,0,0,36,36,8156,12.9912,8120,36,36
1000,8192,0,0,0,2048000,0,2056192,0,8154,12.9906,8117,3,0xfd217f792b,0,0,0,37,73,8154,12.9906,8117,37,73
2000,8192,0,0,0,4096000,0,4104192,0,8156,12.9912,8120,2,0xaab0918506,0,0,0,36,109,8156,12.9912,8120,36,109
3000,8192,0,0,0,6144000,0,6152192,0,8161,12.9924,8130,2,0x0675569dbb,0,0,0,31,140,8161,12.9924,8130,31,140
4000,8192,0,0,0,8192000,0,8200192,0,8157,12.9915,8122,2,0xa9bec6de48,0,0,0,35,175,8157,12.9915,8122,35,175
5000,8192,0,0,0,10240000,0,10248192,0,8158,12.9916,8125,3,0xe7823f217c,0,0,0,33,208,8158,12.9916,8125,33,208
6000,8192,0,0,0,12288000,0,12296192,0,8166,12.9937,8140,2,0x15c7c98ee1,0,0,0,26,234,8166,12.9937,8140,26,234
7000,8192,0,0,0,14336000,0,14344192,0,8168,12.9941,8144,2,0x02a0e7fd8d,0,0,0,24,258,8168,12.9941,8144,24,258
8000,8192,0,0,0,16384000,0,16392192,0,8168,12.9941,8144,2,0x7b2e5bc899,0,0,0,24,282,8168,12.9941,8144,24,282
9000,8192,0,0,0,18432000,0,18440192,0,8160,12.9922,8128,2,0xbffc0137cf,0,0,0,32,314,8160,12.9922,8128,32,314
10000,8192,0,0,0,20480000,0,20488192,0,8160,12.9922,8128,2,0xabec370d86,0,0,0,32,346,8160,12.9922,8128,32,346
11000,8192,0,0,0,22528000,0,22536192,0,8156,12.9912,8120,2,0xf75558e304,0,0,0,36,382,8156,12.9912,8120,36,382
12000,8192,0,0,0,24576000,0,24584192,0,8162,12.9927,8132,2,0x2765b39df7,0,0,0,30,412,8162,12.9927,8132,30,412
13000,8192,0,0,0,26624000,0,26632192,0,8167,12.9939,8142,2,0x5fcb41330e,0,0,0,25,437,8167,12.9939,8142,25,437
14000,8192,0,0,0,28672000,0,28680192,0,8161,12.9924,8130,2,0xb7e7b19239,0,0,0,31,468,8161,12.9924,8130,31,468
15000,8192,0,0,0,30720000,0,30728192,0,8156,12.9912,8120,2,0x3a37df93c7,0,0,0,36,504,8156,12.9912,8120,36,504
16000,8192,0,0,0,32768000,0,32776192,0,8155,12.9910,8118,2,0x6e6ca698e5,0,0,0,37,541,8155,12.9910,8118,37,541
17000,8192,0,0,0,34816000,0,34824192,0,8160,12.9922,8128,2,0x5d8fb83eb2,0,0,0,32,573,8160,12.9922,8128,32,573
18000,8192,0,0,0,36864000,0,36872192,0,8154,12.9907,8116,2,0x6ae6db283c,0,0,0,38,611,8154,12.9907,8116,38,611
19000,8192,0,0,0,38912000,0,38920192,0,8170,12.9946,8148,2,0x879a21fd4f,0,0,0,22,633,8170,12.9946,8148,22,633
20000,8192,0,0,0,40960000,0,40968192,0,8159,12.9919,8126,2,0xeb98c0f1eb,0,0,0,33,666,8159,12.9919,8126,33,666
21000,8192,0,0,0,43008000,0,43016192,0,8143,12.9880,8094,2,0xc7ec972f87,0,0,0,49,715,8143,12.9880,8094,49,715
22000,8192,0,0,0,45056000,0,45064192,0,8160,12.9922,8128,2,0x51c1f4d9a7,0,0,0,32,747,8160,12.9922,8128,32,747
23000,8192,0,0,0,47104000,0,47112192,0,8166,12.9937,8140,2,0xde28fd9236,0,0,0,26,773,8166,12.9937,8140,26,773
24000,8192,0,0,0,49152000,0,49160192,0,8170,12.9946,8148,2,0xa90cedc539,0,0,0,22,795,8170,12.9946,8148,22,795
25000,8192,0,0,0,51200000,0,51208192,0,8156,12.9912,8120,2,0x3abcba3c87,0,0,0,36,831,8156,12.9912,8120,36,831
26000,8192,0,0,0,53248000,0,53256192,0,8161,12.9924,8130,2,0xac6ca1f4b9,0,0,0,31,862,8161,12.9924,8130,31,862
27000,8192,0,0,0,55296000,0,55304192,0,8163,12.9929,8134,2,0x0146f0c5b9,0,0,0,29,891,8163,12.9929,8134,29,891
28000,8192,0,0,0,57344000,0,57352192,0,8159,12.9919,8126,2,0xe7fd8b708a,0,0,0,33,924,8159,12.9919,8126,33,924
29000,8192,0,0,0,59392000,0,59400192,0,8158,12.9917,8124,2,0x7ddc7c3b5a,0,0,0,34,958,8158,12.9917,8124,34,958
30000,8192,0,0,0,61440000,0,61448192,0,8157,12.9915,8122,2,0x3a534b4be3,0,0,0,35,993,8157,12.9915,8122,35,993
31000,8192,0,0,0,63488000,0,63496192,0,8167,12.9939,8142,2,0xd983c34b95,0,0,0,25,1018,8167,12.9939,8142,25,1018
32000,8192,0,0,0,65536000,0,65544192,0,8159,12.9919,8126,2,0xe46e55ab91,0,0,0,33,1051,8159,12.9919,8126,33,1051
33000,8192,0,0,0,67584000,0,67592192,0,8162,12.9927,8132,2,0x763e893b8f,0,0,0,30,1081,8162,12.9927,8132,30,1081
34000,8192,0,0,0,69632000,0,69640192,0,8160,12.9922,8128,2,0x01d3f081fc,0,0,0,32,1113,8160,12.9922,8128,32,1113
35000,8192,0,0,0,71680000,0,71688192,0,8155,12.9910,8118,2,0xe66b4a44c9,0,0,0,37,1150,8155,12.9910,8118,37,1150
36000,8192,0,0,0,73728000,0,73736192,0,8158,12.9917,8124,2,0x862674eb4b,0,0,0,34,1184,8158,12.9917,8124,34,1184
37000,8192,0,0,0,75776000,0,75784192,0,8142,12.9878,8092,2,0xe236d925eb,0,0,0,50,1234,8142,12.9878,8092,50,1234
38000,8192,0,0,0,77824000,0,77832192,0,8152,12.9902,8112,2,0x8d92e45dc0,0,0,0,40,1274,8152,12.9902,8112,40,1274
39000,8192,0,0,0,79872000,0,79880192,0,8165,12.9934,8138,2,0xb48fae8aa7,0,0,0,27,1301,8165,12.9934,8138,27,1301
40000,8192,0,0,0,81920000,0,81928192,0,8167,12.9939,8142,2,0xe64c99f9be,0,0,0,25,1326,8167,12.9939,8142,25,1326
41000,8192,0,0,0,83968000,0,83976192,0,8170,12.9946,8148,2,0xcdcb0859bc,0,0,0,22,1348,8170,12.9946,8148,22,1348
42000,8192,0,0,0,86016000,0,86024192,0,8147,12.9890,8102,2,0x9e55dcae6b,0,0,0,45,1393,8147,12.9890,8102,45,1393
43000,8192,0,0,0,88064000,0,88072192,0,8153,12.9905,8114,2,0xadd38fd64f,0,0,0,39,1432,8153,12.9905,8114,39,1432
44000,8192,0,0,0,90112000,0,90120192,0,8160,12.9922,8128,2,0x00834ea5cb,0,0,0,32,1464,8160,12.9922,8128,32,1464
45000,8192,0,0,0,92160000,0,92168192,0,8154,12.9907,8116,2,0x5ad6d19e4b,0,0,0,38,1502,8154,12.9907,8116,38,1502
46000,8192,0,0,0,94208000,0,94216192,0,8157,12.9915,8122,2,0xc653a0323a,0,0,0,35,1537,8157,12.9915,8122,35,1537
47000,8192,0,0,0,96256000,0,96264192,0,8159,12.9919,8126,2,0x81ed1b3d71,0,0,0,33,1570,8159,12.9919,8126,33,1570
48000,8192,0,0,0,98304000,0,98312192,0,8158,12.9916,8125,3,0xd73a69939d,0,0,0,33,1603,8158,12.9916,8125,33,1603
49000,8192,0,0,0,100352000,0,100360192,0,8153,12.9905,8114,2,0x8af2e88b87,0,0,0,39,1642,8153,12.9905,8114,39,1642
50000,8192,0,0,0,102400000,0,102408192,0,8147,12.9890,8102,2,0xd3fe1488eb,0,0,0,45,1687,8147,12.9890,8102,45,1687
51000,8192,0,0,0,104448000,0,104456192,0,8152,12.9902,8112,2,0x11f8b9e565,0,0,0,40,1727,8152,12.9902,8112,40,1727
52000,8192,0,0,0,106496000,0,106504192,0,8163,12.9929,8134,2,0x592beb7b8b,0,0,0,29,1756,8163,12.9929,8134,29,1756
53000,8192,0,0,0,108544000,0,108552192,0,8164,12.9932,8136,2,0x1b0d2ba1e5,0,0,0,28,1784,8164,12.9932,8136,28,1784
54000,8192,0,0,0,110592000,0,110600192,0,8159,12.9919,8126,2,0x4234fee9cd,0,0,0,33,1817,8159,12.9919,8126,33,1817
55000,8192,0,0,0,112640000,0,112648192,0,8154,12.9907,8116,2,0x87c0f39b9d,0,0,0,38,1855,8154,12.9907,8116,38,1855
56000,8192,0,0,0,114688000,0,114696192,0,8160,12.9922,8128,2,0xbbcb15ebbd,0,0,0,32,1887,8160,12.9922,8128,32,1887
57000,8192,0,0,0,116736000,0,116744192,0,8167,12.9939,8142,2,0xf3ca3e291e,0,0,0,25,1912,8167,12.9939,8142,25,1912
58000,8192,0,0,0,118784000,0,118792192,0,8164,12.9932,8136,2,0x01166ae9e7,0,0,0,28,1940,8164,12.9932,8136,28,1940
59000,8192,0,0,0,120832000,0,120840192,0,8158,12.9917,8124,2,0xcc135430fa,0,0,0,34,1974,8158,12.9917,8124,34,1974
60000,8192,0,0,0,122880000,0,122888192,0,8166,12.9937,8140,2,0x9bb4859698,0,0,0,26,2000,8166,12.9937,8140,26,2000
61000,8192,0,0,0,124928000,0,124936192,0,8161,12.9924,8130,2,0x5ed9697a7c,0,0,0,31,2031,8161,12.9924,8130,31,2031
62000,8192,0,0,0,126976000,0,126984192,0,8163,12.9929,8134,2,0x17ffd178f6,0,0,0,29,2060,8163,12.9929,8134,29,2060
63000,8192,0,0,0,129024000,0,129032192,0,8163,12.9929,8134,2,0x526f794074,0,0,0,29,2089,8163,12.9929,8134,29,2089
64000,8192,0,0,0,131072000,0,131080192,0,8147,12.9890,8102,2,0xd685fd0cd9,0,0,0,45,2134,8147,12.9890,8102,45,2134
65000,8192,0,0,0,133120000,0,133128192,0,8160,12.9922,8128,2,0xa62a5a63a2,0,0,0,32,2166,8160,12.9922,8128,32,2166
66000,8192,0,0,0,135168000,0,135176192,0,8143,12.9880,8094,2,0xddeb5fda15,0,0,0,49,2215,8143,12.9880,8094,49,2215
67000,8192,0,0,0,137216000,0,137224192,0,8152,12.9902,8112,2,0x8340b15cf3,0,0,0,40,2255,8152,12.9902,8112,40,2255
68000,8192,0,0,0,139264000,0,139272192,0,8163,12.9929,8134,2,0x3087f5d0d4,0,0,0,29,2284,8163,12.9929,8134,29,2284
69000,8192,0,0,0,141312000,0,141320192,0,8158,12.9917,8124,2,0x2812dd9c1e,0,0,0,34,2318,8158,12.9917,8124,34,2318
70000,8192,0,0,0,143360000,0,143368192,0,8165,12.9934,8138,2,0x27f7be7c66,0,0,0,27,2345,8165,12.9934,8138,27,2345
71000,8192,0,0,0,145408000,0,145416192,0,8155,12.9910,8118,2,0xbc9e49713c,0,0,0,37,2382,8155,12.9910,8118,37,2382
72000,8192,0,0,0,147456000,0,147464192,0,8160,12.9922,8128,2,0x7572b650e8,0,0,0,32,2414,8160,12.9922,8128,32,2414
73000,8192,0,0,0,149504000,0,149512192,0,8159,12.9919,8126,2,0x473a06d470,0,0,0,33,2447,8159,12.9919,8126,33,2447
74000,8192,0,0,0,151552000,0,151560192,0,8165,12.9934,8138,2,0xa45c8a89ce,0,0,0,27,2474,8165,12.9934,8138,27,2474
75000,8192,0,0,0,153600000,0,153608192,0,8161,12.9924,8130,2,0x1ecba54878,0,0,0,31,2505,8161,12.9924,8130,31,2505
76000,8192,0,0,0,155648000,0,155656192,0,8162,12.9927,8132,2,0x6c9ea00cae,0,0,0,30,2535,8162,12.9927,8132,30,2535
77000,8192,0,0,0,157696000,0,157704192,0,8166,12.9937,8140,2,0xe13f30abef,0,0,0,26,2561,8166,12.9937,8140,26,2561
78000,8192,0,0,0,159744000,0,159752192,0,8148,12.9893,8104,2,0xa4869b42f9,0,0,0,44,2605,8148,12.9893,8104,44,2605
79000,8192,0,0,0,161792000,0,161800192,0,8147,12.9889,8103,3,0xb2ef752f3f,0,0,0,44,2649,8147,12.9889,8103,44,2649
80000,8192,0,0,0,163840000,0,163848192,0,8162,12.9927,8132,2,0x3cdf8035ad,0,0,0,30,2679,8162,12.9927,8132,30,2679
81000,8192,0,0,0,165888000,0,165896192,0,8165,12.9933,8139,3,0x2905e59d88,0,0,0,26,2705,8165,12.9933,8139,26,2705
82000,8192,0,0,0,167936000,0,167944192,0,8157,12.9915,8122,2,0x872a3c9e6c,0,0,0,35,2740,8157,12.9915,8122,35,2740
83000,8192,0,0,0,169984000,0,169992192,0,8164,12.9932,8136,2,0xb47a9276dd,0,0,0,28,2768,8164,12.9932,8136,28,2768
84000,8192,0,0,0,172032000,0,172040192,0,8166,12.9937,8140,2,0x9b805807d6,0,0,0,26,2794,8166,12.9937,8140,26,2794
85000,8192,0,0,0,174080000,0,174088192,0,8165,12.9934,8138,2,0x12090419a5,0,0,0,27,2821,8165,12.9934,8138,27,2821
86000,8192,0,0,0,176128000,0,176136192,0,8159,12.9919,8126,2,0xcdc163f2dd,0,0,0,33,2854,8159,12.9919,8126,33,2854
87000,8192,0,0,0,178176000,0,178184192,0,8166,12.9937,8140,2,0x46fc9f5e44,0,0,0,26,2880,8166,12.9937,8140,26,2880
88000,8192,0,0,0,180224000,0,180232192,0,8154,12.9907,8116,2,0xbeb1be2518,0,0,0,38,2918,8154,12.9907,8116,38,2918
89000,8192,0,0,0,182272000,0,182280192,0,8165,12.9934,8138,2,0x013f770202,0,0,0,27,2945,8165,12.9934,8138,27,2945
90000,8192,0,0,0,184320000,0,184328192,0,8157,12.9915,8122,2,0xb0a906184f,0,0,0,35,2980,8157,12.9915,8122,35,2980
91000,8192,0,0,0,186368000,0,186376192,0,8150,12.9896,8110,3,0x3b48dd96b3,0,0,0,40,3020,8150,12.9896,8110,40,3020
92000,8192,0,0,0,188416000,0,188424192,0,8161,12.9924,8130,2,0x641ef1dc9c,0,0,0,31,3051,8161,12.9924,8130,31,3051
93000,8192,0,0,0,190464000,0,190472192,0,8163,12.9929,8134,2,0x5099056f86,0,0,0,29,3080,8163,12.9929,8134,29,3080
94000,8192,0,0,0,192512000,0,192520192,0,8166,12.9937,8140,2,0x0575ca4944,0,0,0,26,3106,8166,12.9937,8140,26,3106
95000,8192,0,0,0,194560000,0,194568192,0,8153,12.9905,8114,2,0xf16fcdf001,0,0,0,39,3145,8153,12.9905,8114,39,3145
96000,8192,0,0,0,196608000,0,196616192,0,8164,12.9932,8136,2,0x6cf9427517,0,0,0,28,3173,8164,12.9932,8136,28,3173
97000,8192,0,0,0,198656000,0,198664192,0,8164,12.9932,8136,2,0xe4c931602c,0,0,0,28,3201,8164,12.9932,8136,28,3201
98000,8192,0,0,0,200704000,0,200712192,0,8150,12.9897,8108,2,0xbe0757f066,0,0,0,42,3243,8150,12.9897,8108,42,3243
99000,8192,0,0,0,202752000,0,202760192,0,8157,12.9915,8122,2,0x0099c710a8,0,0,0,35,3278,8157,12.9915,8122,35,3278
100000,8192,0,0,0,204800000,0,204808192,0,8157,12.9915,8122,2,0xabdbaeb23a,0,0,0,35,3313,8157,12.9915,8122,35,3313
101000,8192,0,0,0,206848000,0,206856192,0,8167,12.9939,8142,2,0x349f74b36d,0,0,0,25,3338,8167,12.9939,8142,25,3338
102000,8192,0,0,0,208896000,0,208904192,0,8158,12.9917,8124,2,0x4ae559a401,0,0,0,34,3372,8158,12.9917,8124,34,3372
103000,8192,0,0,0,210944000,0,210952192,0,8156,12.9912,8120,2,0xbfee15489b,0,0,0,36,3408,8156,12.9912,8120,36,3408
104000,8192,0,0,0,212992000,0,213000192,0,8153,12.9905,8114,2,0xa814bfb8fd,0,0,0,39,3447,8153,12.9905,8114,39,3447
105000,8192,0,0,0,215040000,0,215048192,0,8165,12.9934,8138,2,0xb2756d8995,0,0,0,27,3474,8165,12.9934,8138,27,3474
106000,8192,0,0,0,217088000,0,217096192,0,8169,12.9944,8146,2,0x8f2a3acad7,0,0,0,23,3497,8169,12.9944,8146,23,3497
107000,8192,0,0,0,219136000,0,219144192,0,8153,12.9905,8114,2,0x3dbed6a791,0,0,0,39,3536,8153,12.9905,8114,39,3536
108000,8192,1,1,0,221183999,1,221192191,0,8164,12.9932,8136,2,0x633e94b349,0,1,0,28,3564,8164,12.9932,8136,28,3564
109000,8192,1,1,0,223231999,1,223240191,0,8152,12.9902,8112,2,0x29cfe4265d,0,1,0,40,3604,8152,12.9902,8112,40,3604
110000,8192,1,1,0,225279999,1,225288191,0,8155,12.9910,8118,2,0x9da8257b74,0,1,0,37,3641,8155,12.9910,8118,37,3641
111000,8192,1,1,0,227327999,1,227336191,0,8159,12.9919,8126,2,0xa34dbc5d06,0,1,0,33,3674,8159,12.9919,8126,33,3674
112000,8192,1,1,0,229375999,1,229384191,0,8157,12.9915,8122,2,0xa695c51440,0,1,0,35,3709,8157,12.9915,8122,35,3709
113000,8192,1,1,0,231423999,1,231432191,0,8161,12.9924,8130,2,0xf6d44dca24,0,1,0,31,3740,8161,12.9924,8130,31,3740
114000,8192,1,1,0,233471999,1,233480191,0,8158,12.9917,8124,2,0x99f3577555,0,0,0,34,3774,8158,12.9917,8124,34,3774
115000,8192,1,1,0,235519999,1,235528191,0,8161,12.9924,8130,2,0xefd234b0a0,1,1,0,31,3805,8161,12.9924,8130,31,3805
116000,8192,1,1,0,237567999,1,237576191,0,8154,12.9907,8116,2,0x2f03496b9c,0,1,0,38,3843,8154,12.9907,8116,38,3843
117000,8192,1,1,0,239615999,1,239624191,0,8152,12.9902,8112,2,0x043e7ede24,0,1,0,40,3883,8152,12.9902,8112,40,3883
118000,8192,1,1,0,241663999,1,241672191,0,8153,12.9905,8114,2,0x7c27e44c33,1,1,0,39,3922,8153,12.9905,8114,39,3922
119000,8192,1,1,0,243711999,1,243720191,0,8152,12.9902,8112,2,0xb5db3ac062,0,1,0,40,3962,8152,12.9902,8112,40,3962
120000,8192,1,1,0,245759999,1,245768191,0,8169,12.9944,8146,2,0x47d9175814,0,1,0,23,3985,8169,12.9944,8146,23,3985
121000,8192,1,1,0,247807999,1,247816191,0,8158,12.9917,8124,2,0x939c8e585f,0,1,0,34,4019,8158,12.9917,8124,34,4019
122000,8192,1,1,0,249855999,1,249864191,0,8159,12.9919,8126,2,0x76c14a36d1,0,1,0,33,4052,8159,12.9919,8126,33,4052
123000,8192,1,1,0,251903999,1,251912191,0,8170,12.9946,8148,2,0x52d13f9c8c,0,1,0,22,4074,8170,12.9946,8148,22,4074
124000,8192,1,1,0,253951999,1,253960191,0,8165,12.9934,8138,2,0x5e4e5a38eb,0,0,0,27,4101,8165,12.9934,8138,27,4101
125000,8192,1,1,0,255999999,1,256008191,0,8161,12.9924,8130,2,0x9473d4c828,1,1,0,31,4132,8161,12.9924,8130,31,4132
126000,8192,1,1,0,258047999,1,258056191,0,8160,12.9922,8128,2,0x6b3bdd5f17,0,1,0,32,4164,8160,12.9922,8128,32,4164
127000,8192,1,1,0,260095999,1,260104191,0,8159,12.9919,8127,3,0xc38e02db42,0,1,0,32,4196,8159,12.9919,8127,32,4196
128000,8192,1,1,0,262143999,1,262152191,0,8157,12.9915,8122,2,0x26703ace42,0,1,0,35,4231,8157,12.9915,8122,35,4231
129000,8192,1,1,0,264191999,1,264200191,0,8160,12.9922,8128,2,0xbce719cada,0,1,0,32,4263,8160,12.9922,8128,32,4263
130000,8192,1,1,0,266239999,1,266248191,0,8162,12.9927,8132,2,0x21ebcd5638,0,1,0,30,4293,8162,12.9927,8132,30,4293
131000,8192,1,1,0,268287999,1,268296191,0,8163,12.9929,8134,2,0x2dd1ecffa9,1,1,0,29,4322,8163,12.9929,8134,29,4322
132000,8192,1,1,0,270335999,1,270344191,0,8163,12.9929,8134,2,0xb4f319ddba,0,1,0,29,4351,8163,12.9929,8134,29,4351
133000,8192,1,1,0,272383999,1,272392191,0,8155,12.9910,8118,2,0x14159bc65a,0,1,0,37,4388,8155,12.9910,8118,37,4388
134000,8192,1,1,0,274431999,1,274440191,0,8158,12.9917,8124,2,0x9cce70f590,0,0,0,34,4422,8158,12.9917,8124,34,4422
135000,8192,1,1,0,276479999,1,276488191,0,8162,12.9927,8132,2,0x50ea12218e,0,0,0,30,4452,8162,12.9927,8132,30,4452
136000,8192,1,1,0,278527999,1,278536191,0,8159,12.9919,8126,2,0x1fab3c8c14,0,1,0,33,4485,8159,12.9919,8126,33,4485
137000,8192,1,1,0,280575999,1,280584191,0,8164,12.9932,8136,2,0x0fa809087c,0,1,0,28,4513,8164,12.9932,8136,28,4513
138000,8192,1,1,0,282623999,1,282632191,0,8166,12.9937,8140,2,0xcf4e442bbf,0,1,0,26,4539,8166,12.9937,8140,26,4539
139000,8192,1,1,0,284671999,1,284680191,0,8147,12.9890,8102,2,0x9d5e024116,0,1,0,45,4584,8147,12.9890,8102,45,4584
140000,8192,1,1,0,286719999,1,286728191,0,8157,12.9915,8122,2,0xf9b6b8ca37,0,1,0,35,4619,8157,12.9915,8122,35,4619
141000,8192,1,1,0,288767999,1,288776191,0,8168,12.9941,8144,2,0x1dfadc44fe,0,1,0,24,4643,8168,12.9941,8144,24,4643
142000,8192,1,1,0,290815999,1,290824191,0,8156,12.9912,8120,2,0xf0f43edb30,1,1,0,36,4679,8156,12.9912,8120,36,4679
143000,8192,1,1,0,292863999,1,292872191,0,8167,12.9939,8142,2,0xec5452be8f,0,1,0,25,4704,8167,12.9939,8142,25,4704
144000,8192,1,1,0,294911999,1,294920191,0,8160,12.9922,8128,2,0x2f08ff0809,1,1,0,32,4736,8160,12.9922,8128,32,4736
145000,8192,1,1,0,296959999,1,296968191,0,8163,12.9929,8134,2,0xea070926a8,0,1,0,29,4765,8163,12.9929,8134,29,4765
146000,8192,1,1,0,299007999,1,299016191,0,8159,12.9919,8126,2,0x793c8e4ac3,0,1,0,33,4798,8159,12.9919,8126,33,4798
147000,8192,1,1,0,301055999,1,301064191,0,8164,12.9932,8136,2,0x8dcf2eeb24,0,1,0,28,4826,8164,12.9932,8136,28,4826
148000,8192,1,1,0,303103999,1,303112191,0,8152,12.9902,8112,2,0x23358527ac,0,1,0,40,4866,8152,12.9902,8112,40,4866
149000,8192,1,1,0,305151999,1,305160191,0,8161,12.9923,8131,3,0x1b9d2c77c7,0,1,0,30,4896,8161,12.9923,8131,30,4896
150000,8192,1,1,0,307199999,1,307208191,0,8168,12.9941,8144,2,0x535a960693,0,1,0,24,4920,8168,12.9941,8144,24,4920
151000,8192,1,1,0,309247999,1,309256191,0,8167,12.9939,8142,2,0x52b9f20ebf,0,1,0,25,4945,8167,12.9939,8142,25,4945
152000,8192,1,1,0,311295999,1,311304191,0,8158,12.9917,8124,2,0xee6b9e699e,0,0,0,34,4979,8158,12.9917,8124,34,4979
153000,8192,1,1,0,313343999,1,313352191,0,8170,12.9946,8148,2,0xd8b7b93b87,0,1,0,22,5001,8170,12.9946,8148,22,5001
154000,8192,1,1,0,315391999,1,315400191,0,8161,12.9924,8130,2,0x88464692ee,0,1,0,31,5032,8161,12.9924,8130,31,5032
155000,8192,1,1,0,317439999,1,317448191,0,8155,12.9910,8118,2,0xdd00ba8728,0,1,0,37,5069,8155,12.9910,8118,37,5069
156000,8192,1,1,0,319487999,1,319496191,0,8156,12.9912,8120,2,0x957da62a3f,0,1,0,36,5105,8156,12.9912,8120,36,5105
157000,8192,1,1,0,321535999,1,321544191,0,8153,12.9905,8114,2,0xa4c1add7f1,0,1,0,39,5144,8153,12.9905,8114,39,5144
158000,8192,1,1,0,323583999,1,323592191,0,8165,12.9934,8138,2,0x223cf9963b,0,1,0,27,5171,8165,12.9934,8138,27,5171
159000,8192,1,1,0,325631999,1,325640191,0,8162,12.9927,8132,2,0x422373d871,0,1,0,30,5201,8162,12.9927,8132,30,5201
160000,8192,1,1,0,327679999,1,327688191,0,8153,12.9905,8114,2,0xf46b1610a9,0,1,0,39,5240,8153,12.9905,8114,39,5240
161000,8192,1,1,0,329727999,1,329736191,0,8158,12.9917,8124,2,0x9b456b66a8,0,1,0,34,5274,8158,12.9917,8124,34,5274
162000,8192,1,1,0,331775999,1,331784191,0,8158,12.9917,8124,2,0xaac908e35c,0,1,0,34,5308,8158,12.9917,8124,34,5308
163000,8192,1,1,0,333823999,1,333832191,0,8162,12.9927,8132,2,0x76f54984cc,0,0,0,30,5338,8162,12.9927,8132,30,5338
164000,8192,1,1,0,335871999,1,335880191,0,8151,12.9900,8110,2,0xd02d27d307,0,1,0,41,5379,8151,12.9900,8110,41,5379
165000,8192,1,1,0,337919999,1,337928191,0,8157,12.9915,8122,2,0x00d6160931,0,1,0,35,5414,8157,12.9915,8122,35,5414
166000,8192,1,1,0,339967999,1,339976191,0,8164,12.9932,8136,2,0xa73ab23c4c,0,1,0,28,5442,8164,12.9932,8136,28,5442
167000,8192,1,1,0,342015999,1,342024191,0,8160,12.9922,8128,2,0x17fa1dcd1d,1,1,0,32,5474,8160,12.9922,8128,32,5474
168000,8192,2,1,1,344063998,2,344072190,0,8146,12.9888,8100,2,0x119d515c2e,0,1,0,46,5520,8146,12.9888,8100,46,5520
169000,8192,2,1,1,346111998,2,346120190,0,8159,12.9919,8126,2,0xc3bc638b04,0,1,0,33,5553,8159,12.9919,8126,33,5553
170000,8192,2,1,1,348159998,2,348168190,0,8154,12.9907,8116,2,0xca9aeafde0,1,1,0,38,5591,8154,12.9907,8116,38,5591
171000,8192,2,1,1,350207998,2,350216190,0,8170,12.9946,8148,2,0x262a179d13,0,1,0,22,5613,8170,12.9946,8148,22,5613
172000,8192,2,1,1,352255998,2,352264190,0,8162,12.9927,8132,2,0x3ebbf790cc,0,1,0,30,5643,8162,12.9927,8132,30,5643
173000,8192,2,1,1,354303998,2,354312190,0,8160,12.9921,8129,3,0x16cd2673c1,0,1,0,31,5674,8160,12.9921,8129,31,5674
174000,8192,2,1,1,356351998,2,356360190,0,8159,12.9919,8126,2,0x678b74e0da,0,0,0,33,5707,8159,12.9919,8126,33,5707
175000,8192,2,1,1,358399998,2,358408190,0,8159,12.9919,8126,2,0x64aecb0716,0,1,0,33,5740,8159,12.9919,8126,33,5740
176000,8192,3,2,1,360447997,3,360456189,0,8164,12.9932,8136,2,0x0fcffe50bb,0,1,0,28,5768,8164,12.9932,8136,28,5768
177000,8192,3,2,1,362495997,3,362504189,0,8158,12.9917,8124,2,0xee6aa162b0,1,1,0,34,5802,8158,12.9917,8124,34,5802
178000,8192,3,2,1,364543997,3,364552189,0,8166,12.9937,8140,2,0xc7597c52ed,0,1,0,26,5828,8166,12.9937,8140,26,5828
179000,8192,3,2,1,366591997,3,366600189,0,8167,12.9939,8142,2,0x0968058a39,1,1,0,25,5853,8167,12.9939,8142,25,5853
180000,8192,3,2,1,368639997,3,368648189,0,8159,12.9919,8127,3,0xfc1b6493b2,0,1,0,32,5885,8159,12.9919,8127,32,5885
181000,8192,3,2,1,370687997,3,370696189,0,8159,12.9919,8126,2,0xa516cb89b0,0,1,0,33,5918,8159,12.9919,8126,33,5918
182000,8192,3,2,1,372735997,3,372744189,0,8162,12.9926,8133,3,0x8a4bb9e5ba,0,1,0,29,5947,8162,12.9926,8133,29,5947
183000,8192,3,2,1,374783997,3,374792189,0,8161,12.9924,8130,2,0xfd7d8dd6ec,0,1,0,31,5978,8161,12.9924,8130,31,5978
184000,8192,3,2,1,376831997,3,376840189,0,8167,12.9939,8142,2,0x029ffca525,0,1,0,25,6003,8167,12.9939,8142,25,6003
185000,8192,3,2,1,378879997,3,378888189,0,8163,12.9929,8134,2,0x760b3c600d,1,1,0,29,6032,8163,12.9929,8134,29,6032
186000,8192,3,2,1,380927997,3,380936189,0,8166,12.9937,8140,2,0xd95810e303,0,1,0,26,6058,8166,12.9937,8140,26,6058
187000,8192,3,2,1,382975997,3,382984189,0,8159,12.9919,8126,2,0xade12f61ca,0,1,0,33,6091,8159,12.9919,8126,33,6091
188000,8192,3,2,1,385023997,3,385032189,0,8152,12.9902,8112,2,0x72f50c074a,0,1,0,40,6131,8152,12.9902,8112,40,6131
189000,8192,3,2,1,387071997,3,387080189,0,8166,12.9937,8140,2,0x474b4c878b,0,0,0,26,6157,8166,12.9937,8140,26,6157
190000,8192,3,2,1,389119997,3,389128189,0,8161,12.9924,8130,2,0x01b74efe72,1,1,0,31,6188,8161,12.9924,8130,31,6188
191000,8192,3,2,1,391167997,3,391176189,0,8165,12.9933,8139,3,0xb6a41bd88a,0,0,0,26,6214,8165,12.9933,8139,26,6214
192000,8192,3,2,1,393215997,3,393224189,0,8154,12.9907,8116,2,0x736e01130f,0,0,0,38,6252,8154,12.9907,8116,38,6252
193000,8192,3,2,1,395263997,3,395272189,0,8157,12.9915,8122,2,0x78912ac5a1,0,1,0,35,6287,8157,12.9915,8122,35,6287
194000,8192,3,2,1,397311997,3,397320189,0,8165,12.9934,8138,2,0x497e5401d2,0,1,0,27,6314,8165,12.9934,8138,27,6314
195000,8192,3,2,1,399359997,3,399368189,0,8170,12.9946,8148,2,0xaf513915c2,0,1,0,22,6336,8170,12.9946,8148,22,6336
196000,8192,3,2,1,401407997,3,401416189,0,8142,12.9878,8092,2,0xdc42a1a305,0,1,0,50,6386,8142,12.9878,8092,50,6386
197000,8192,3,2,1,403455997,3,403464189,0,8158,12.9916,8125,3,0x30bcde52fe,1,1,0,33,6419,8158,12.9916,8125,33,6419
198000,8192,3,2,1,405503997,3,405512189,0,8160,12.9922,8128,2,0x19b908ef15,0,1,0,32,6451,8160,12.9922,8128,32,6451
199000,8192,3,2,1,407551997,3,407560189,0,8162,12.9927,8132,2,0x3d379e7787,0,1,0,30,6481,8162,12.9927,8132,30,6481
200000,8192,3,2,1,409599997,3,409608189,0,8161,12.9924,8130,2,0x92e5f69501,0,1,0,31,6512,8161,12.9924,8130,31,6512
201000,8192,3,2,1,411647997,3,411656189,0,8159,12.9919,8126,2,0x607de22e0e,1,1,0,33,6545,8159,12.9919,8126,33,6545
202000,8192,3,2,1,413695997,3,413704189,0,8157,12.9915,8122,2,0x23a9ccb47d,0,1,0,35,6580,8157,12.9915,8122,35,6580
203000,8192,3,2,1,415743997,3,415752189,0,8165,12.9934,8138,2,0x99b55eee5b,1,1,0,27,6607,8165,12.9934,8138,27,6607
204000,8192,3,2,1,417791997,3,417800189,0,8166,12.9937,8140,2,0x1c83cf282a,0,0,0,26,6633,8166,12.9937,8140,26,6633
205000,8192,3,2,1,419839997,3,419848189,0,8158,12.9917,8124,2,0xb336cbe817,0,1,0,34,6667,8158,12.9917,8124,34,6667
206000,8192,3,2,1,421887997,3,421896189,0,8156,12.9912,8120,2,0xf49dd26307,0,1,0,36,6703,8156,12.9912,8120,36,6703
207000,8192,3,2,1,423935997,3,423944189,0,8150,12.9897,8108,2,0x84e8880304,0,1,0,42,6745,8150,12.9897,8108,42,6745
208000,8192,3,2,1,425983997,3,425992189,0,8151,12.9899,8111,3,0xaaec398ed8,0,1,0,40,6785,8151,12.9899,8111,40,6785
209000,8192,3,2,1,428031997,3,428040189,0,8159,12.9919,8126,2,0xf6c4c6d7cd,0,1,0,33,6818,8159,12.9919,8126,33,6818
210000,8192,3,2,1,430079997,3,430088189,0,8167,12.9939,8142,2,0x0bf6583813,0,1,0,25,6843,8167,12.9939,8142,25,6843
211000,8192,3,2,1,432127997,3,432136189,0,8159,12.9919,8126,2,0xf98de7640b,0,1,0,33,6876,8159,12.9919,8126,33,6876
212000,8192,3,2,1,434175997,3,434184189,0,8169,12.9942,8148,3,0x150066885f,1,0,0,21,6897,8169,12.9942,8148,21,6897
213000,8192,3,2,1,436223997,3,436232189,0,8152,12.9902,8112,2,0x4c29aca582,0,1,0,40,6937,8152,12.9902,8112,40,6937
214000,8192,3,2,1,438271997,3,438280189,0,8163,12.9929,8134,2,0xe6589cf902,0,1,0,29,6966,8163,12.9929,8134,29,6966
215000,8192,3,2,1,440319997,3,440328189,0,8168,12.9941,8144,2,0x4e584ea6e5,1,1,0,24,6990,8168,12.9941,8144,24,6990
216000,8192,3,2,1,442367997,3,442376189,0,8165,12.9934,8138,2,0x5d1ddde31b,0,1,0,27,7017,8165,12.9934,8138,27,7017
217000,8192,3,2,1,444415997,3,444424189,0,8161,12.9924,8130,2,0xf7f4ea7757,1,1,0,31,7048,8161,12.9924,8130,31,7048
218000,8192,3,2,1,446463997,3,446472189,0,8157,12.9915,8122,2,0x76bbd2ee17,0,1,0,35,7083,8157,12.9915,8122,35,7083
219000,8192,3,2,1,448511997,3,448520189,0,8164,12.9932,8136,2,0x1627cff2cf,0,1,0,28,7111,8164,12.9932,8136,28,7111
220000,8192,3,2,1,450559997,3,450568189,0,8160,12.9922,8128,2,0x351a14f941,0,1,0,32,7143,8160,12.9922,8128,32,7143
221000,8192,3,2,1,452607997,3,452616189,0,8153,12.9905,8114,2,0xb4f224e4e3,0,0,0,39,7182,8153,12.9905,8114,39,7182
222000,8192,3,2,1,454655997,3,454664189,0,8164,12.9932,8136,2,0x58b7604955,0,1,0,28,7210,8164,12.9932,8136,28,7210
223000,8192,3,2,1,456703997,3,456712189,0,8159,12.9919,8126,2,0xb366655375,0,1,0,33,7243,8159,12.9919,8126,33,7243
224000,8192,3,2,1,458751997,3,458760189,0,8163,12.9929,8134,2,0x64bc82736a,0,1,0,29,7272,8163,12.9929,8134,29,7272
225000,8192,3,2,1,460799997,3,460808189,0,8157,12.9915,8122,2,0x0267cfda3d,1,0,0,35,7307,8157,12.9915,8122,35,7307
226000,8192,3,2,1,462847997,3,462856189,0,8150,12.9897,8108,2,0x1b99700b27,0,1,0,42,7349,8150,12.9897,8108,42,7349
227000,8192,3,2,1,464895997,3,464904189,0,8157,12.9915,8122,2,0x486bd42ad1,0,1,0,35,7384,8157,12.9915,8122,35,7384
228000,8192,3,2,1,466943997,3,466952189,0,8154,12.9907,8116,2,0x694b723c36,0,1,0,38,7422,8154,12.9907,8116,38,7422
229000,8192,3,2,1,468991997,3,469000189,0,8168,12.9941,8144,2,0x74dac697f3,1,1,0,24,7446,8168,12.9941,8144,24,7446
230000,8192,3,2,1,471039997,3,471048189,0,8152,12.9901,8113,3,0xc81775f95e,0,1,0,39,7485,8152,12.9901,8113,39,7485
231000,8192,3,2,1,473087997,3,473096189,0,8161,12.9924,8130,2,0x765307732f,0,1,0,31,7516,8161,12.9924,8130,31,7516
232000,8192,3,2,1,475135997,3,475144189,0,8162,12.9927,8132,2,0xce9ba64409,1,1,0,30,7546,8162,12.9927,8132,30,7546
233000,8192,3,2,1,477183997,3,477192189,0,8163,12.9929,8134,2,0xa1ef802882,1,1,0,29,7575,8163,12.9929,8134,29,7575
234000,8192,3,2,1,479231997,3,479240189,0,8157,12.9915,8122,2,0x8476e715c7,0,1,0,35,7610,8157,12.9915,8122,35,7610
235000,8192,3,2,1,481279997,3,481288189,0,8172,12.9951,8152,2,0x71f6f9f538,1,1,0,20,7630,8172,12.9951,8152,20,7630
236000,8192,4,2,2,483327996,4,483336188,0,8159,12.9919,8126,2,0x8219c6586e,0,1,0,33,7663,8159,12.9919,8126,33,7663
237000,8192,4,2,2,485375996,4,485384188,0,8160,12.9922,8128,2,0x52523337de,0,1,0,32,7695,8160,12.9922,8128,32,7695
238000,8192,4,2,2,487423996,4,487432188,0,8163,12.9929,8134,2,0x6457b0a045,0,1,0,29,7724,8163,12.9929,8134,29,7724
239000,8192,4,2,2,489471996,4,489480188,0,8169,12.9944,8146,2,0x51a3c96ea6,0,1,0,23,7747,8169,12.9944,8146,23,7747
240000,8192,4,2,2,491519996,4,491528188,0,8165,12.9934,8138,2,0x51c5ec41f9,0,1,0,27,7774,8165,12.9934,8138,27,7774
241000,8192,4,2,2,493567996,4,493576188,0,8162,12.9926,8133,3,0x68be3d2c33,0,0,0,29,7803,8162,12.9926,8133,29,7803
242000,8192,4,2,2,495615996,4,495624188,0,8146,12.9888,8100,2,0x17747bdd8c,0,1,0,46,7849,8146,12.9888,8100,46,7849
243000,8192,4,2,2,497663996,4,497672188,0,8164,12.9932,8136,2,0xd78d40a0e3,0,1,0,28,7877,8164,12.9932,8136,28,7877
244000,8192,4,2,2,499711996,4,499720188,0,8168,12.9941,8144,2,0xe93dc24925,0,0,0,24,7901,8168,12.9941,8144,24,7901
245000,8192,4,2,2,501759996,4,501768188,0,8159,12.9919,8127,3,0xa4bcdad0f7,0,1,0,32,7933,8159,12.9919,8127,32,7933
246000,8192,4,2,2,503807996,4,503816188,0,8155,12.9910,8118,2,0xe58d042b32,0,1,0,37,7970,8155,12.9910,8118,37,7970
247000,8192,4,2,2,505855996,4,505864188,0,8156,12.9911,8121,3,0xb3e8e8fb8c,0,1,0,35,8005,8156,12.9911,8121,35,8005
248000,8192,4,2,2,507903996,4,507912188,0,8168,12.9941,8144,2,0x9e9f986bcc,0,1,0,24,8029,8168,12.9941,8144,24,8029
249000,8192,4,2,2,509951996,4,509960188,0,8166,12.9937,8140,2,0xfb27be4529,0,0,0,26,8055,8166,12.9937,8140,26,8055
250000,8192,4,2,2,511999996,4,512008188,0,8166,12.9937,8140,2,0x8f1b687d98,0,1,0,26,8081,8166,12.9937,8140,26,8081
251000,8192,4,2,2,514047996,4,514056188,0,8163,12.9929,8134,2,0x78ede055d4,0,1,0,29,8110,8163,12.9929,8134,29,8110
252000,8192,4,2,2,516095996,4,516104188,0,8161,12.9924,8130,2,0x01174806dd,0,1,0,31,8141,8161,12.9924,8130,31,8141
253000,8192,4,2,2,518143996,4,518152188,0,8162,12.9927,8132,2,0xa8aefdccc3,0,1,0,30,8171,8162,12.9927,8132,30,8171
254000,8192,4,2,2,520191996,4,520200188,0,8165,12.9934,8138,2,0x5a6a782b78,0,1,0,27,8198,8165,12.9934,8138,27,8198
255000,8192,4,2,2,522239996,4,522248188,0,8161,12.9924,8130,2,0xc0426f2552,0,1,0,31,8229,8161,12.9924,8130,31,8229
256000,8192,4,2,2,524287996,4,524296188,0,8166,12.9937,8140,2,0xc4db22c739,0,1,0,26,8255,8166,12.9937,8140,26,8255
257000,8192,4,2,2,526335996,4,526344188,0,8162,12.9927,8132,2,0xcc712abb70,0,1,0,30,8285,8162,12.9927,8132,30,8285
258000,8192,4,2,2,528383996,4,528392188,0,8161,12.9924,8130,2,0x21c5a7b766,0,1,0,31,8316,8161,12.9924,8130,31,8316
259000,8192,4,2,2,530431996,4,530440188,0,8166,12.9937,8140,2,0x8a73b22248,0,1,0,26,8342,8166,12.9937,8140,26,8342
260000,8192,4,2,2,532479996,4,532488188,0,8155,12.9910,8118,2,0x098a844ef5,0,1,0,37,8379,8155,12.9910,8118,37,8379
261000,8192,4,2,2,534527996,4,534536188,0,8152,12.9902,8112,2,0x15a5432d66,0,0,0,40,8419,8152,12.9902,8112,40,8419
262000,8192,4,2,2,536575996,4,536584188,0,8165,12.9934,8138,2,0x0dfc0ce74d,1,1,0,27,8446,8165,12.9934,8138,27,8446
263000,8192,4,2,2,538623996,4,538632188,0,8166,12.9937,8140,2,0x8a871910c2,0,0,0,26,8472,8166,12.9937,8140,26,8472
264000,8192,4,2,2,540671996,4,540680188,0,8168,12.9941,8144,2,0x5717f5c125,1,1,0,24,8496,8168,12.9941,8144,24,8496
265000,8192,4,2,2,542719996,4,542728188,0,8167,12.9939,8142,2,0x195b889926,0,1,0,25,8521,8167,12.9939,8142,25,8521
266000,8192,4,2,2,544767996,4,544776188,0,8160,12.9922,8128,2,0x60d9e74de3,0,1,0,32,8553,8160,12.9922,8128,32,8553
267000,8192,4,2,2,546815996,4,546824188,0,8156,12.9912,8120,2,0xcabd9fb491,0,0,0,36,8589,8156,12.9912,8120,36,8589
268000,8192,4,2,2,548863996,4,548872188,0,8166,12.9937,8140,2,0x8ffa840763,0,1,0,26,8615,8166,12.9937,8140,26,8615
269000,8192,4,2,2,550911996,4,550920188,0,8153,12.9905,8114,2,0xc7b2fbecaa,0,1,0,39,8654,8153,12.9905,8114,39,8654
270000,8192,4,2,2,552959996,4,552968188,0,8159,12.9919,8126,2,0xc8296ca026,0,1,0,33,8687,8159,12.9919,8126,33,8687
271000,8192,4,2,2,555007996,4,555016188,0,8157,12.9915,8122,2,0x53d43ac664,0,1,0,35,8722,8157,12.9915,8122,35,8722
272000,8192,4,2,2,557055996,4,557064188,0,8155,12.9910,8118,2,0x14d60af9cc,0,1,0,37,8759,8155,12.9910,8118,37,8759
273000,8192,4,2,2,559103996,4,559112188,0,8170,12.9946,8148,2,0x784c831f43,0,1,0,22,8781,8170,12.9946,8148,22,8781
274000,8192,4,2,2,561151996,4,561160188,0,8160,12.9922,8128,2,0x4fc1199aff,0,1,0,32,8813,8160,12.9922,8128,32,8813
275000,8192,4,2,2,563199996,4,563208188,0,8160,12.9922,8128,2,0x75c331f2cd,0,1,0,32,8845,8160,12.9922,8128,32,8845
276000,8192,4,2,2,565247996,4,565256188,0,8156,12.9912,8120,2,0xc51fbbd5b8,1,1,0,36,8881,8156,12.9912,8120,36,8881
277000,8192,4,2,2,567295996,4,567304188,0,8154,12.9907,8116,2,0x4c3f04999c,0,1,0,38,8919,8154,12.9907,8116,38,8919
278000,8192,4,2,2,569343996,4,569352188,0,8159,12.9919,8126,2,0xc825a5c5e7,0,1,0,33,8952,8159,12.9919,8126,33,8952
279000,8192,4,2,2,571391996,4,571400188,0,8163,12.9929,8134,2,0xdcf2d52fe0,0,1,0,29,8981,8163,12.9929,8134,29,8981
280000,8192,4,2,2,573439996,4,573448188,0,8152,12.9902,8112,2,0xffe25c4f00,0,1,0,40,9021,8152,12.9902,8112,40,9021
281000,8192,4,2,2,575487996,4,575496188,0,8159,12.9919,8126,2,0x240321afe1,0,1,0,33,9054,8159,12.9919,8126,33,9054
282000,8192,4,2,2,577535996,4,577544188,0,8161,12.9924,8130,2,0x14ec611d19,1,1,0,31,9085,8161,12.9924,8130,31,9085
283000,8192,4,2,2,579583996,4,579592188,0,8168,12.9941,8144,2,0x721f6767aa,0,1,0,24,9109,8168,12.9941,8144,24,9109
284000,8192,4,2,2,581631996,4,581640188,0,8155,12.9910,8118,2,0x4926a52576,0,1,0,37,9146,8155,12.9910,8118,37,9146
285000,8192,4,2,2,583679996,4,583688188,0,8165,12.9934,8138,2,0xa1ceda2317,0,1,0,27,9173,8165,12.9934,8138,27,9173
286000,8192,4,2,2,585727996,4,585736188,0,8150,12.9897,8108,2,0x07d7a62ad3,0,1,0,42,9215,8150,12.9897,8108,42,9215
287000,8192,4,2,2,587775996,4,587784188,0,8158,12.9917,8124,2,0x60672b460c,0,1,0,34,9249,8158,12.9917,8124,34,9249
288000,8192,4,2,2,589823996,4,589832188,0,8167,12.9939,8142,2,0x3d039e4d47,0,0,0,25,9274,8167,12.9939,8142,25,9274
289000,8192,4,2,2,591871996,4,591880188,0,8171,12.9949,8150,2,0x6c85db233d,0,1,0,21,9295,8171,12.9949,8150,21,9295
290000,8192,4,2,2,593919996,4,593928188,0,8162,12.9927,8132,2,0x9a9a5e02d3,0,1,0,30,9325,8162,12.9927,8132,30,9325
291000,8192,4,2,2,595967996,4,595976188,0,8166,12.9937,8140,2,0x640560aa9c,0,1,0,26,9351,8166,12.9937,8140,26,9351
292000,8192,4,2,2,598015996,4,598024188,0,8158,12.9917,8124,2,0x752098aa08,0,1,0,34,9385,8158,12.9917,8124,34,9385
293000,8192,4,2,2,600063996,4,600072188,0,8165,12.9934,8138,2,0xdffa7b2925,0,1,0,27,9412,8165,12.9934,8138,27,9412
294000,8192,4,2,2,602111996,4,602120188,0,8153,12.9905,8114,2,0x501646a4b5,0,1,0,39,9451,8153,12.9905,8114,39,9451
295000,8192,4,2,2,604159996,4,604168188,0,8158,12.9916,8125,3,0x4653260953,1,1,0,33,9484,8158,12.9916,8125,33,9484
296000,8192,4,2,2,606207996,4,606216188,0,8147,12.9890,8102,2,0x6d57112d05,0,1,0,45,9529,8147,12.9890,8102,45,9529
297000,8192,4,2,2,608255996,4,608264188,0,8165,12.9934,8138,2,0x56259a14c2,0,1,0,27,9556,8165,12.9934,8138,27,9556
298000,8192,4,2,2,610303996,4,610312188,0,8148,12.9893,8104,2,0x3815c51f09,0,1,0,44,9600,8148,12.9893,8104,44,9600
299000,8192,4,2,2,612351996,4,612360188,0,8152,12.9902,8112,2,0x0a92222dba,0,1,0,40,9640,8152,12.9902,8112,40,9640
300000,8192,4,2,2,614399996,4,614408188,0,8160,12.9922,8128,2,0x4257e917da,0,1,0,32,9672,8160,12.9922,8128,32,9672
301000,8192,4,2,2,616447996,4,616456188,0,8158,12.9917,8124,2,0xc1d075692f,1,1,0,34,9706,8158,12.9917,8124,34,9706
302000,8192,4,2,2,618495996,4,618504188,0,8155,12.9910,8118,2,0x0a943b3b89,0,1,0,37,9743,8155,12.9910,8118,37,9743
303000,8192,4,2,2,620543996,4,620552188,0,8166,12.9937,8140,2,0xd79ea7e3ec,0,1,0,26,9769,8166,12.9937,8140,26,9769
304000,8192,4,2,2,622591996,4,622600188,0,8161,12.9924,8130,2,0x80d3389b45,0,1,0,31,9800,8161,12.9924,8130,31,9800
305000,8192,4,2,2,624639996,4,624648188,0,8155,12.9910,8118,2,0xfc0a813d79,0,0,0,37,9837,8155,12.9910,8118,37,9837
306000,8192,4,2,2,626687996,4,626696188,0,8157,12.9915,8122,2,0x4f4ad39f4d,0,1,0,35,9872,8157,12.9915,8122,35,9872
307000,8192,4,2,2,628735996,4,628744188,0,8159,12.9919,8126,2,0xdc8597c424,0,1,0,33,9905,8159,12.9919,8126,33,9905
308000,8192,4,2,2,630783996,4,630792188,0,8157,12.9915,8122,2,0x87e5efdbab,0,0,0,35,9940,8157,12.9915,8122,35,9940
309000,8192,4,2,2,632831996,4,632840188,0,8164,12.9932,8136,2,0xedd07ad465,1,1,0,28,9968,8164,12.9932,8136,28,9968
310000,8192,4,2,2,634879996,4,634888188,0,8165,12.9934,8138,2,0xb43a2cd8b5,0,1,0,27,9995,8165,12.9934,8138,27,9995
311000,8192,4,2,2,636927996,4,636936188,0,8164,12.9932,8136,2,0x41c41e5966,0,0,0,28,10023,8164,12.9932,8136,28,10023
312000,8192,4,2,2,638975996,4,638984188,0,8162,12.9927,8132,2,0xb2794b0530,0,1,0,30,10053,8162,12.9927,8132,30,10053
313000,8192,4,2,2,641023996,4,641032188,0,8148,12.9893,8104,2,0xdb8929a1a6,0,1,0,44,10097,8148,12.9893,8104,44,10097
314000,8192,4,2,2,643071996,4,643080188,0,8165,12.9934,8138,2,0xee6f960dff,0,1,0,27,10124,8165,12.9934,8138,27,10124
315000,8192,4,2,2,645119996,4,645128188,0,8163,12.9929,8134,2,0xdffe5c64da,0,1,0,29,10153,8163,12.9929,8134,29,10153
316000,8192,4,2,2,647167996,4,647176188,0,8158,12.9917,8124,2,0xa83d8180c3,0,1,0,34,10187,8158,12.9917,8124,34,10187
317000,8192,4,2,2,649215996,4,649224188,0,8164,12.9932,8136,2,0xcefb8e19a6,0,0,0,28,10215,8164,12.9932,8136,28,10215
318000,8192,4,2,2,651263996,4,651272188,0,8160,12.9922,8128,2,0xf93d62263b,0,1,0,32,10247,8160,12.9922,8128,32,10247
319000,8192,4,2,2,653311996,4,653320188,0,8167,12.9939,8142,2,0xeb3138afef,1,0,0,25,10272,8167,12.9939,8142,25,10272
320000,8192,4,2,2,655359996,4,655368188,0,8162,12.9927,8132,2,0x1276f63689,0,1,0,30,10302,8162,12.9927,8132,30,10302
321000,8192,4,2,2,657407996,4,657416188,0,8162,12.9927,8132,2,0x65d4d1f57b,0,1,0,30,10332,8162,12.9927,8132,30,10332
322000,8192,4,2,2,659455996,4,659464188,0,8156,12.9912,8120,2,0xfc77f45536,0,1,0,36,10368,8156,12.9912,8120,36,10368
323000,8192,4,2,2,661503996,4,661512188,0,8162,12.9927,8132,2,0x0aea07361a,0,1,0,30,10398,8162,12.9927,8132,30,10398
324000,8192,4,2,2,663551996,4,663560188,0,8159,12.9919,8126,2,0x6433c04500,0,1,0,33,10431,8159,12.9919,8126,33,10431
325000,8192,4,2,2,665599996,4,665608188,0,8155,12.9910,8118,2,0x414d34f4be,0,1,0,37,10468,8155,12.9910,8118,37,10468
326000,8192,4,2,2,667647996,4,667656188,0,8162,12.9927,8132,2,0x4e8ea33a1e,0,0,0,30,10498,8162,12.9927,8132,30,10498
327000,8192,4,2,2,669695996,4,669704188,0,8148,12.9893,8104,2,0x51add842e0,1,1,0,44,10542,8148,12.9893,8104,44,10542
328000,8192,4,2,2,671743996,4,671752188,0,8162,12.9927,8132,2,0x501349bc7a,0,1,0,30,10572,8162,12.9927,8132,30,10572
329000,8192,4,2,2,673791996,4,673800188,0,8162,12.9927,8132,2,0x1cce42328c,0,1,0,30,10602,8162,12.9927,8132,30,10602
330000,8192,4,2,2,675839996,4,675848188,0,8154,12.9907,8116,2,0x7e44499072,0,1,0,38,10640,8154,12.9907,8116,38,10640
331000,8192,4,2,2,677887996,4,677896188,0,8164,12.9932,8136,2,0x20dbaef924,0,1,0,28,10668,8164,12.9932,8136,28,10668
332000,8192,4,2,2,679935996,4,679944188,0,8153,12.9905,8114,2,0xe81493569a,0,1,0,39,10707,8153,12.9905,8114,39,10707
333000,8192,4,2,2,681983996,4,681992188,0,8168,12.9941,8144,2,0x3e19a85282,0,1,0,24,10731,8168,12.9941,8144,24,10731
334000,8192,4,2,2,684031996,4,684040188,0,8162,12.9927,8132,2,0x1cf6e6dd57,0,0,0,30,10761,8162,12.9927,8132,30,10761
335000,8192,4,2,2,686079996,4,686088188,0,8156,12.9912,8120,2,0x2e2ccb2629,1,1,0,36,10797,8156,12.9912,8120,36,10797
336000,8192,4,2,2,688127996,4,688136188,0,8156,12.9912,8120,2,0x5b732de7e2,0,0,0,36,10833,8156,12.9912,8120,36,10833
337000,8192,4,2,2,690175996,4,690184188,0,8156,12.9912,8120,2,0xffad5dcb29,0,1,0,36,10869,8156,12.9912,8120,36,10869
338000,8192,4,2,2,692223996,4,692232188,0,8159,12.9919,8127,3,0xeed110459a,0,1,0,32,10901,8159,12.9919,8127,32,10901
339000,8192,4,2,2,694271996,4,694280188,0,8158,12.9917,8124,2,0x5ff204d3c1,0,1,0,34,10935,8158,12.9917,8124,34,10935
340000,8192,4,2,2,696319996,4,696328188,0,8154,12.9907,8116,2,0xe697464b0f,0,1,0,38,10973,8154,12.9907,8116,38,10973
341000,8192,4,2,2,698367996,4,698376188,0,8156,12.9912,8120,2,0xef3100a610,0,0,0,36,11009,8156,12.9912,8120,36,11009
342000,8192,4,2,2,700415996,4,700424188,0,8155,12.9910,8118,2,0xe1806807c4,0,1,0,37,11046,8155,12.9910,8118,37,11046
343000,8192,4,2,2,702463996,4,702472188,0,8156,12.9912,8120,2,0x2e656648d1,1,1,0,36,11082,8156,12.9912,8120,36,11082
344000,8192,4,2,2,704511996,4,704520188,0,8164,12.9932,8136,2,0xe2172b44ea,0,1,0,28,11110,8164,12.9932,8136,28,11110
345000,8192,5,2,3,706559995,5,706568187,0,8151,12.9900,8110,2,0x70375e001d,0,1,0,41,11151,8151,12.9900,8110,41,11151
346000,8192,5,2,3,708607995,5,708616187,0,8150,12.9897,8108,2,0xc0047a74cf,0,1,0,42,11193,8150,12.9897,8108,42,11193
347000,8192,5,2,3,710655995,5,710664187,0,8160,12.9922,8128,2,0x404a98359c,0,1,0,32,11225,8160,12.9922,8128,32,11225
348000,8192,5,2,3,712703995,5,712712187,0,8165,12.9934,8138,2,0x47e09f6bfb,1,0,0,27,11252,8165,12.9934,8138,27,11252
349000,8192,5,2,3,714751995,5,714760187,0,8152,12.9901,8113,3,0x0b37fa6a41,0,1,0,39,11291,8152,12.9901,8113,39,11291
350000,8192,5,2,3,716799995,5,716808187,0,8159,12.9919,8126,2,0x3c005e6098,0,1,0,33,11324,8159,12.9919,8126,33,11324
351000,8192,5,2,3,718847995,5,718856187,0,8165,12.9934,8138,2,0x01f16ee080,0,1,0,27,11351,8165,12.9934,8138,27,11351
352000,8192,5,2,3,720895995,5,720904187,0,8155,12.9910,8118,2,0xc256a0dd49,1,1,0,37,11388,8155,12.9910,8118,37,11388
353000,8192,5,2,3,722943995,5,722952187,0,8161,12.9924,8130,2,0x6d19dfa8f4,0,1,0,31,11419,8161,12.9924,8130,31,11419
354000,8192,5,2,3,724991995,5,725000187,0,8167,12.9939,8142,2,0x0060f3e0fc,0,1,0,25,11444,8167,12.9939,8142,25,11444
355000,8192,5,2,3,727039995,5,727048187,0,8161,12.9924,8130,2,0x4df104601f,1,1,0,31,11475,8161,12.9924,8130,31,11475
356000,8192,5,2,3,729087995,5,729096187,0,8169,12.9944,8146,2,0x9384bb4b47,0,1,0,23,11498,8169,12.9944,8146,23,11498
357000,8192,6,2,4,731135994,6,731144186,0,8170,12.9946,8148,2,0x55a6fe57dc,0,1,0,22,11520,8170,12.9946,8148,22,11520
358000,8192,6,2,4,733183994,6,733192186,0,8162,12.9927,8132,2,0x47e0f7c528,0,1,0,30,11550,8162,12.9927,8132,30,11550
359000,8192,6,2,4,735231994,6,735240186,0,8155,12.9910,8118,2,0xe3c6731706,0,0,0,37,11587,8155,12.9910,8118,37,11587
360000,8192,6,2,4,737279994,6,737288186,0,8157,12.9915,8122,2,0xb7b6a40cec,0,1,0,35,11622,8157,12.9915,8122,35,11622
361000,8192,6,2,4,739327994,6,739336186,0,8160,12.9922,8128,2,0xc151e1837e,1,1,0,32,11654,8160,12.9922,8128,32,11654
362000,8192,6,2,4,741375994,6,741384186,0,8155,12.9910,8118,2,0xfe3e602ca2,0,1,0,37,11691,8155,12.9910,8118,37,11691
363000,8192,6,2,4,743423994,6,743432186,0,8149,12.9895,8106,2,0xe8cd9bedab,0,1,0,43,11734,8149,12.9895,8106,43,11734
364000,8192,6,2,4,745471994,6,745480186,0,8159,12.9919,8127,3,0xbc5a08b78e,0,1,0,32,11766,8159,12.9919,8127,32,11766
365000,8192,6,2,4,747519994,6,747528186,0,8154,12.9907,8116,2,0x5256048f63,0,1,0,38,11804,8154,12.9907,8116,38,11804
366000,8192,6,2,4,749567994,6,749576186,0,8170,12.9946,8148,2,0xa0888de706,1,1,0,22,11826,8170,12.9946,8148,22,11826
367000,8192,6,2,4,751615994,6,751624186,0,8166,12.9937,8140,2,0x0f05870a07,0,1,0,26,11852,8166,12.9937,8140,26,11852
368000,8192,6,2,4,753663994,6,753672186,0,8167,12.9939,8142,2,0x24fdf6057c,0,1,0,25,11877,8167,12.9939,8142,25,11877
369000,8192,6,2,4,755711994,6,755720186,0,8160,12.9922,8128,2,0xcc924f0f29,0,1,0,32,11909,8160,12.9922,8128,32,11909
370000,8192,6,2,4,757759994,6,757768186,0,8161,12.9924,8130,2,0xbe40390c30,0,1,0,31,11940,8161,12.9924,8130,31,11940
371000,8192,6,2,4,759807994,6,759816186,0,8158,12.9917,8124,2,0x6ab25df2ef,0,0,0,34,11974,8158,12.9917,8124,34,11974
372000,8192,6,2,4,761855994,6,761864186,0,8155,12.9910,8118,2,0x263a0f3228,0,0,0,37,12011,8155,12.9910,8118,37,12011
373000,8192,6,2,4,763903994,6,763912186,0,8157,12.9915,8122,2,0xa0c610d87d,0,1,0,35,12046,8157,12.9915,8122,35,12046
374000,8192,6,2,4,765951994,6,765960186,0,8156,12.9911,8121,3,0xd274021f2e,0,1,0,35,12081,8156,12.9911,8121,35,12081
375000,8192,7,3,4,767999993,7,768008185,0,8163,12.9928,8135,3,0x44295ff0ea,0,1,0,28,12109,8163,12.9928,8135,28,12109
376000,8192,7,3,4,770047993,7,770056185,0,8161,12.9924,8130,2,0x4d1584da8e,0,1,0,31,12140,8161,12.9924,8130,31,12140
377000,8192,7,3,4,772095993,7,772104185,0,8160,12.9922,8128,2,0x6eeaf55e8b,0,0,0,32,12172,8160,12.9922,8128,32,12172
378000,8192,7,3,4,774143993,7,774152185,0,8143,12.9880,8094,2,0x767e912428,0,1,0,49,12221,8143,12.9880,8094,49,12221
379000,8192,7,3,4,776191993,7,776200185,0,8167,12.9939,8142,2,0x68a835b431,0,1,0,25,12246,8167,12.9939,8142,25,12246
380000,8192,7,3,4,778239993,7,778248185,0,8160,12.9922,8128,2,0xfeffc28173,0,1,0,32,12278,8160,12.9922,8128,32,12278
381000,8192,7,3,4,780287993,7,780296185,0,8162,12.9927,8132,2,0x3a6f0c8809,0,1,0,30,12308,8162,12.9927,8132,30,12308
382000,8192,7,3,4,782335993,7,782344185,0,8161,12.9924,8130,2,0x1bc5430e66,1,1,0,31,12339,8161,12.9924,8130,31,12339
383000,8192,7,3,4,784383993,7,784392185,0,8169,12.9944,8146,2,0x4d2fb4deba,0,0,0,23,12362,8169,12.9944,8146,23,12362
384000,8192,7,3,4,786431993,7,786440185,0,8158,12.9917,8124,2,0x866d73cc55,0,1,0,34,12396,8158,12.9917,8124,34,12396
385000,8192,7,3,4,788479993,7,788488185,0,8154,12.9907,8116,2,0x738efc28de,0,1,0,38,12434,8154,12.9907,8116,38,12434
386000,8192,7,3,4,790527993,7,790536185,0,8163,12.9929,8134,2,0xebd3cd0cb5,0,1,0,29,12463,8163,12.9929,8134,29,12463
387000,8192,7,3,4,792575993,7,792584185,0,8160,12.9922,8128,2,0xade00ab98a,0,0,0,32,12495,8160,12.9922,8128,32,12495
388000,8192,7,3,4,794623993,7,794632185,0,8164,12.9932,8136,2,0xa50ba68d22,1,1,0,28,12523,8164,12.9932,8136,28,12523
389000,8192,7,3,4,796671993,7,796680185,0,8157,12.9915,8122,2,0x53293daaf9,0,1,0,35,12558,8157,12.9915,8122,35,12558
390000,8192,8,4,4,798719992,8,798728184,0,8155,12.9910,8118,2,0x77989253ef,0,1,0,37,12595,8155,12.9910,8118,37,12595
391000,8192,8,4,4,800767992,8,800776184,0,8162,12.9927,8132,2,0xfde88cf757,0,1,0,30,12625,8162,12.9927,8132,30,12625
392000,8192,8,4,4,802815992,8,802824184,0,8164,12.9932,8136,2,0x1059de840b,0,1,0,28,12653,8164,12.9932,8136,28,12653
393000,8192,8,4,4,804863992,8,804872184,0,8159,12.9919,8126,2,0x8cc9d23242,0,1,0,33,12686,8159,12.9919,8126,33,12686
394000,8192,8,4,4,806911992,8,806920184,0,8164,12.9932,8136,2,0x3d25f3f7a9,1,1,0,28,12714,8164,12.9932,8136,28,12714
395000,8192,8,4,4,808959992,8,808968184,0,8164,12.9932,8136,2,0xa17e23fde2,0,1,0,28,12742,8164,12.9932,8136,28,12742
396000,8192,8,4,4,811007992,8,811016184,0,8149,12.9895,8106,2,0xf1e3e000d4,0,1,0,43,12785,8149,12.9895,8106,43,12785
397000,8192,8,4,4,813055992,8,813064184,0,8159,12.9919,8126,2,0x0be42bb5f2,0,1,0,33,12818,8159,12.9919,8126,33,12818
398000,8192,8,4,4,815103992,8,815112184,0,8165,12.9934,8138,2,0xc81e47aba5,0,1,0,27,12845,8165,12.9934,8138,27,12845
399000,8192,8,4,4,817151992,8,817160184,0,8159,12.9919,8126,2,0x14db9ab5bb,0,0,0,33,12878,8159,12.9919,8126,33,12878
400000,8192,8,4,4,819199992,8,819208184,0,8161,12.9923,8131,3,0x6fb6db4128,0,1,0,30,12908,8161,12.9923,8131,30,12908
401000,8192,8,4,4,821247992,8,821256184,0,8157,12.9915,8122,2,0x62fe7b336b,0,1,0,35,12943,8157,12.9915,8122,35,12943
402000,8192,8,4,4,823295992,8,823304184,0,8159,12.9919,8126,2,0x5549fd3f01,0,0,0,33,12976,8159,12.9919,8126,33,12976
403000,8192,8,4,4,825343992,8,825352184,0,8155,12.9910,8118,2,0x5ede848cc9,1,1,0,37,13013,8155,12.9910,8118,37,13013
404000,8192,8,4,4,827391992,8,827400184,0,8158,12.9917,8124,2,0x7b728ccc28,0,1,0,34,13047,8158,12.9917,8124,34,13047
405000,8192,8,4,4,829439992,8,829448184,0,8148,12.9893,8104,2,0xce8b0ec8b7,0,1,0,44,13091,8148,12.9893,8104,44,13091
406000,8192,8,4,4,831487992,8,831496184,0,8168,12.9941,8144,2,0xe0d18e7ad1,0,1,0,24,13115,8168,12.9941,8144,24,13115
407000,8192,8,4,4,833535992,8,833544184,0,8149,12.9895,8106,2,0x160059ae13,0,0,0,43,13158,8149,12.9895,8106,43,13158
408000,8192,8,4,4,835583992,8,835592184,0,8155,12.9910,8118,2,0x8a91a10be3,0,1,0,37,13195,8155,12.9910,8118,37,13195
409000,8192,8,4,4,837631992,8,837640184,0,8161,12.9923,8131,3,0xcebeb4ab0a,0,1,0,30,13225,8161,12.9923,8131,30,13225
410000,8192,8,4,4,839679992,8,839688184,0,8165,12.9934,8138,2,0x83825a29fc,0,1,0,27,13252,8165,12.9934,8138,27,13252
411000,8192,8,4,4,841727992,8,841736184,0,8163,12.9929,8134,2,0x5d27e119af,1,1,0,29,13281,8163,12.9929,8134,29,13281
412000,8192,8,4,4,843775992,8,843784184,0,8157,12.9915,8122,2,0x0c5d782b34,1,1,0,35,13316,8157,12.9915,8122,35,13316
413000,8192,8,4,4,845823992,8,845832184,0,8151,12.9899,8111,3,0x57f7093dee,0,1,0,40,13356,8151,12.9899,8111,40,13356
414000,8192,8,4,4,847871992,8,847880184,0,8159,12.9919,8127,3,0x767f26a37b,0,1,0,32,13388,8159,12.9919,8127,32,13388
415000,8192,8,4,4,849919992,8,849928184,0,8156,12.9912,8120,2,0x7ef4e97c12,0,1,0,36,13424,8156,12.9912,8120,36,13424
416000,8192,8,4,4,851967992,8,851976184,0,8161,12.9924,8130,2,0x05d7e0e74e,0,1,0,31,13455,8161,12.9924,8130,31,13455
417000,8192,8,4,4,854015992,8,854024184,0,8168,12.9941,8144,2,0x46f52f8ff1,0,0,0,24,13479,8168,12.9941,8144,24,13479
418000,8192,8,4,4,856063992,8,856072184,0,8163,12.9929,8134,2,0x52696ff97a,0,0,0,29,13508,8163,12.9929,8134,29,13508
419000,8192,8,4,4,858111992,8,858120184,0,8161,12.9924,8130,2,0x3f80a2b366,0,1,0,31,13539,8161,12.9924,8130,31,13539
420000,8192,8,4,4,860159992,8,860168184,0,8163,12.9929,8134,2,0xa078d13c3c,0,1,0,29,13568,8163,12.9929,8134,29,13568
421000,8192,8,4,4,862207992,8,862216184,0,8166,12.9937,8140,2,0x420f00d866,0,0,0,26,13594,8166,12.9937,8140,26,13594
422000,8192,8,4,4,864255992,8,864264184,0,8160,12.9921,8129,3,0xb950bb423e,0,1,0,31,13625,8160,12.9921,8129,31,13625
423000,8192,8,4,4,866303992,8,866312184,0,8160,12.9922,8128,2,0x80ec7579a2,0,1,0,32,13657,8160,12.9922,8128,32,13657
424000,8192,8,4,4,868351992,8,868360184,0,8149,12.9895,8106,2,0x646b8cce7d,1,1,0,43,13700,8149,12.9895,8106,43,13700
425000,8192,8,4,4,870399992,8,870408184,0,8165,12.9934,8138,2,0x79455006fc,0,0,0,27,13727,8165,12.9934,8138,27,13727
426000,8192,8,4,4,872447992,8,872456184,0,8159,12.9919,8127,3,0xc393a196c9,0,0,0,32,13759,8159,12.9919,8127,32,13759
427000,8192,8,4,4,874495992,8,874504184,0,8156,12.9912,8120,2,0xcec7c1083b,0,1,0,36,13795,8156,12.9912,8120,36,13795
428000,8192,8,4,4,876543992,8,876552184,0,8174,12.9956,8156,2,0x80d76e1512,0,1,0,18,13813,8174,12.9956,8156,18,13813
429000,8192,8,4,4,878591992,8,878600184,0,8152,12.9902,8112,2,0x75991b40fe,0,1,0,40,13853,8152,12.9902,8112,40,13853
430000,8192,8,4,4,880639992,8,880648184,0,8159,12.9919,8126,2,0xc7d354a287,1,0,0,33,13886,8159,12.9919,8126,33,13886
431000,8192,8,4,4,882687992,8,882696184,0,8166,12.9937,8140,2,0x8963971008,0,1,0,26,13912,8166,12.9937,8140,26,13912
432000,8192,8,4,4,884735992,8,884744184,0,8156,12.9912,8120,2,0xf8108ff061,0,1,0,36,13948,8156,12.9912,8120,36,13948
433000,8192,8,4,4,886783992,8,886792184,0,8167,12.9939,8142,2,0xbd642e174a,0,1,0,25,13973,8167,12.9939,8142,25,13973
434000,8192,8,4,4,888831992,8,888840184,0,8157,12.9915,8122,2,0x81ccbcc48e,0,1,0,35,14008,8157,12.9915,8122,35,14008
435000,8192,8,4,4,890879992,8,890888184,0,8165,12.9933,8139,3,0x4695bd34f9,0,1,0,26,14034,8165,12.9933,8139,26,14034
436000,8192,8,4,4,892927992,8,892936184,0,8166,12.9937,8140,2,0x57a210bfcd,0,1,0,26,14060,8166,12.9937,8140,26,14060
437000,8192,8,4,4,894975992,8,894984184,0,8147,12.9889,8103,3,0x48c9454d2a,0,1,0,44,14104,8147,12.9889,8103,44,14104
438000,8192,8,4,4,897023992,8,897032184,0,8157,12.9915,8122,2,0x37856c3f5c,0,1,0,35,14139,8157,12.9915,8122,35,14139
439000,8192,8,4,4,899071992,8,899080184,0,8142,12.9878,8092,2,0x326b880752,0,1,0,50,14189,8142,12.9878,8092,50,14189
440000,8192,9,5,4,901119991,9,901128183,0,8145,12.9885,8098,2,0x8ee801652a,1,1,0,47,14236,8145,12.9885,8098,47,14236
441000,8192,9,5,4,903167991,9,903176183,0,8155,12.9910,8118,2,0x7599d8eca0,0,1,0,37,14273,8155,12.9910,8118,37,14273
442000,8192,9,5,4,905215991,9,905224183,0,8164,12.9932,8136,2,0x391ca20d30,1,1,0,28,14301,8164,12.9932,8136,28,14301
443000,8192,9,5,4,907263991,9,907272183,0,8160,12.9922,8128,2,0x68ba838bf7,0,1,0,32,14333,8160,12.9922,8128,32,14333
444000,8192,9,5,4,909311991,9,909320183,0,8162,12.9927,8132,2,0xfa51934ca0,0,1,0,30,14363,8162,12.9927,8132,30,14363
445000,8192,9,5,4,911359991,9,911368183,0,8153,12.9905,8114,2,0x3cee1ba6fd,0,1,0,39,14402,8153,12.9905,8114,39,14402
446000,8192,9,5,4,913407991,9,913416183,0,8160,12.9922,8128,2,0xaace82cbe8,0,1,0,32,14434,8160,12.9922,8128,32,14434
447000,8192,9,5,4,915455991,9,915464183,0,8166,12.9937,8140,2,0x0925b2d087,1,1,0,26,14460,8166,12.9937,8140,26,14460
448000,8192,9,5,4,917503991,9,917512183,0,8159,12.9919,8126,2,0xf6597a2de6,0,1,0,33,14493,8159,12.9919,8126,33,14493
449000,8192,9,5,4,919551991,9,919560183,0,8162,12.9927,8132,2,0x794f594a7f,0,1,0,30,14523,8162,12.9927,8132,30,14523
450000,8192,9,5,4,921599991,9,921608183,0,8149,12.9895,8106,2,0xe2e07c2888,1,1,0,43,14566,8149,12.9895,8106,43,14566
451000,8192,9,5,4,923647991,9,923656183,0,8162,12.9927,8132,2,0x1a42ab072d,0,1,0,30,14596,8162,12.9927,8132,30,14596
452000,8192,9,5,4,925695991,9,925704183,0,8162,12.9927,8132,2,0x9783bbd047,0,1,0,30,14626,8162,12.9927,8132,30,14626
453000,8192,9,5,4,927743991,9,927752183,0,8153,12.9904,8115,3,0x6df89447b1,0,1,0,38,14664,8153,12.9904,8115,38,14664
454000,8192,9,5,4,929791991,9,929800183,0,8159,12.9919,8126,2,0x2bb822f2ad,0,1,0,33,14697,8159,12.9919,8126,33,14697
455000,8192,9,5,4,931839991,9,931848183,0,8160,12.9922,8128,2,0x2158410261,1,1,0,32,14729,8160,12.9922,8128,32,14729
456000,8192,9,5,4,933887991,9,933896183,0,8165,12.9934,8138,2,0xfaa4140735,0,1,0,27,14756,8165,12.9934,8138,27,14756
457000,8192,9,5,4,935935991,9,935944183,0,8173,12.9954,8154,2,0xe6ce6193ec,1,1,0,19,14775,8173,12.9954,8154,19,14775
458000,8192,9,5,4,937983991,9,937992183,0,8165,12.9934,8138,2,0x921718fa63,0,1,0,27,14802,8165,12.9934,8138,27,14802
459000,8192,9,5,4,940031991,9,940040183,0,8151,12.9899,8111,3,0x9cb243b937,0,0,0,40,14842,8151,12.9899,8111,40,14842
460000,8192,9,5,4,942079991,9,942088183,0,8162,12.9927,8132,2,0x81486f4e45,0,1,0,30,14872,8162,12.9927,8132,30,14872
461000,8192,9,5,4,944127991,9,944136183,0,8158,12.9917,8124,2,0x822ebccd44,0,1,0,34,14906,8158,12.9917,8124,34,14906
462000,8192,9,5,4,946175991,9,946184183,0,8167,12.9939,8142,2,0xc6068c46c7,0,1,0,25,14931,8167,12.9939,8142,25,14931
463000,8192,9,5,4,948223991,9,948232183,0,8158,12.9917,8124,2,0xec6a8ab83f,0,1,0,34,14965,8158,12.9917,8124,34,14965
464000,8192,9,5,4,950271991,9,950280183,0,8160,12.9922,8128,2,0x0e83afe8d0,0,0,0,32,14997,8160,12.9922,8128,32,14997
465000,8192,9,5,4,952319991,9,952328183,0,8158,12.9917,8124,2,0x3380817e82,0,0,0,34,15031,8158,12.9917,8124,34,15031
466000,8192,9,5,4,954367991,9,954376183,0,8152,12.9902,8112,2,0x1c1cc9eac1,0,1,0,40,15071,8152,12.9902,8112,40,15071
467000,8192,9,5,4,956415991,9,956424183,0,8170,12.9946,8148,2,0xa373a7f3c6,0,1,0,22,15093,8170,12.9946,8148,22,15093
468000,8192,9,5,4,958463991,9,958472183,0,8158,12.9917,8124,2,0x1de5023fc9,0,1,0,34,15127,8158,12.9917,8124,34,15127
469000,8192,9,5,4,960511991,9,960520183,0,8157,12.9915,8122,2,0x000ce495d6,0,1,0,35,15162,8157,12.9915,8122,35,15162
470000,8192,9,5,4,962559991,9,962568183,0,8151,12.9900,8110,2,0x45109d68d7,0,1,0,41,15203,8151,12.9900,8110,41,15203
471000,8192,9,5,4,964607991,9,964616183,0,8153,12.9905,8114,2,0xd4b81823b0,0,1,0,39,15242,8153,12.9905,8114,39,15242
472000,8192,9,5,4,966655991,9,966664183,0,8153,12.9905,8114,2,0x2b14e0a1d6,0,1,0,39,15281,8153,12.9905,8114,39,15281
473000,8192,9,5,4,968703991,9,968712183,0,8165,12.9934,8138,2,0x1cc85713b2,0,1,0,27,15308,8165,12.9934,8138,27,15308
474000,8192,9,5,4,970751991,9,970760183,0,8158,12.9917,8124,2,0xc0b6e3797d,0,1,0,34,15342,8158,12.9917,8124,34,15342
475000,8192,9,5,4,972799991,9,972808183,0,8156,12.9912,8120,2,0x5fef9f02c6,0,1,0,36,15378,8156,12.9912,8120,36,15378
476000,8192,9,5,4,974847991,9,974856183,0,8170,12.9946,8148,2,0xe6b7eb115c,0,1,0,22,15400,8170,12.9946,8148,22,15400
477000,8192,9,5,4,976895991,9,976904183,0,8164,12.9932,8136,2,0x3acedb721c,0,1,0,28,15428,8164,12.9932,8136,28,15428
478000,8192,9,5,4,978943991,9,978952183,0,8163,12.9929,8134,2,0x4d2c6aeb7f,0,1,0,29,15457,8163,12.9929,8134,29,15457
479000,8192,9,5,4,980991991,9,981000183,0,8164,12.9932,8136,2,0x2b5407a24b,0,1,0,28,15485,8164,12.9932,8136,28,15485
480000,8192,9,5,4,983039991,9,983048183,0,8170,12.9946,8148,2,0x26365a0979,0,1,0,22,15507,8170,12.9946,8148,22,15507
481000,8192,9,5,4,985087991,9,985096183,0,8165,12.9934,8138,2,0x36b1394f2a,0,1,0,27,15534,8165,12.9934,8138,27,15534
482000,8192,9,5,4,987135991,9,987144183,0,8159,12.9919,8126,2,0xe3d9b34e2e,0,1,0,33,15567,8159,12.9919,8126,33,15567
483000,8192,9,5,4,989183991,9,989192183,0,8164,12.9932,8136,2,0x3dd5f98d61,0,1,0,28,15595,8164,12.9932,8136,28,15595
484000,8192,9,5,4,991231991,9,991240183,0,8159,12.9919,8126,2,0x22ad324c7b,0,1,0,33,15628,8159,12.9919,8126,33,15628
485000,8192,9,5,4,993279991,9,993288183,0,8156,12.9912,8120,2,0x91edaebc4b,0,1,0,36,15664,8156,12.9912,8120,36,15664
486000,8192,9,5,4,995327991,9,995336183,0,8157,12.9915,8122,2,0x8581e5b47f,0,1,0,35,15699,8157,12.9915,8122,35,15699
487000,8192,9,5,4,997375991,9,997384183,0,8164,12.9932,8136,2,0xa6989f47aa,0,1,0,28,15727,8164,12.9932,8136,28,15727
488000,8192,9,5,4,999423991,9,999432183,0,8166,12.9937,8140,2,0x6adb6fef5f,1,1,0,26,15753,8166,12.9937,8140,26,15753
489000,8192,9,5,4,1001471991,9,1001480183,0,8159,12.9919,8126,2,0x0b7879acf5,1,1,0,33,15786,8159,12.9919,8126,33,15786
490000,8192,9,5,4,1003519991,9,1003528183,0,8161,12.9924,8130,2,0xf8eb639ef5,0,0,0,31,15817,8161,12.9924,8130,31,15817
491000,8192,9,5,4,1005567991,9,1005576183,0,8153,12.9905,8114,2,0x87a70e329a,0,1,0,39,15856,8153,12.9905,8114,39,15856
492000,8192,9,5,4,1007615991,9,1007624183,0,8151,12.9900,8110,2,0x5882813960,0,1,0,41,15897,8151,12.9900,8110,41,15897
493000,8192,9,5,4,1009663991,9,1009672183,0,8161,12.9924,8130,2,0x2415075555,0,0,0,31,15928,8161,12.9924,8130,31,15928
494000,8192,9,5,4,1011711991,9,1011720183,0,8163,12.9928,8135,3,0x04c5649167,1,1,0,28,15956,8163,12.9928,8135,28,15956
495000,8192,9,5,4,1013759991,9,1013768183,0,8161,12.9924,8130,2,0x5c443723dd,0,1,0,31,15987,8161,12.9924,8130,31,15987
496000,8192,9,5,4,1015807991,9,1015816183,0,8153,12.9905,8114,2,0x8d1900dd6c,1,1,0,39,16026,8153,12.9905,8114,39,16026
497000,8192,9,5,4,1017855991,9,1017864183,0,8161,12.9924,8130,2,0x52c39c2456,0,1,0,31,16057,8161,12.9924,8130,31,16057
498000,8192,9,5,4,1019903991,9,1019912183,0,8158,12.9917,8124,2,0x77c6bff49c,0,1,0,34,16091,8158,12.9917,8124,34,16091
499000,8192,9,5,4,1021951991,9,1021960183,0,8158,12.9917,8124,2,0x57de9bdba7,0,0,0,34,16125,8158,12.9917,8124,34,16125
500000,8192,9,5,4,1023999991,9,1024008183,0,8152,12.9902,8112,2,0x20e2868d77,0,1,0,40,16165,8152,12.9902,8112,40,16165
501000,8192,9,5,4,1026047991,9,1026056183,0,8157,12.9915,8122,2,0x598815573f,0,1,0,35,16200,8157,12.9915,8122,35,16200
502000,8192,9,5,4,1028095991,9,1028104183,0,8146,12.9888,8100,2,0xfba23cc8b7,0,1,0,46,16246,8146,12.9888,8100,46,16246
503000,8192,9,5,4,1030143991,9,1030152183,0,8160,12.9922,8128,2,0x4824079620,0,1,0,32,16278,8160,12.9922,8128,32,16278
504000,8192,9,5,4,1032191991,9,1032200183,0,8161,12.9923,8131,3,0xaaa9152eb5,0,1,0,30,16308,8161,12.9923,8131,30,16308
505000,8192,9,5,4,1034239991,9,1034248183,0,8169,12.9944,8146,2,0xc634ec3ea2,0,1,0,23,16331,8169,12.9944,8146,23,16331
506000,8192,9,5,4,1036287991,9,1036296183,0,8162,12.9927,8132,2,0x8c063e0797,1,1,0,30,16361,8162,12.9927,8132,30,16361
507000,8192,9,5,4,1038335991,9,1038344183,0,8152,12.9901,8113,3,0x1abb86a784,0,1,0,39,16400,8152,12.9901,8113,39,16400
508000,8192,9,5,4,1040383991,9,1040392183,0,8169,12.9944,8146,2,0x61f7490bae,0,1,0,23,16423,8169,12.9944,8146,23,16423
509000,8192,9,5,4,1042431991,9,1042440183,0,8163,12.9929,8134,2,0x687d566c1f,0,1,0,29,16452,8163,12.9929,8134,29,16452
510000,8192,9,5,4,1044479991,9,1044488183,0,8161,12.9924,8130,2,0xceb9fa6606,0,1,0,31,16483,8161,12.9924,8130,31,16483
511000,8192,9,5,4,1046527991,9,1046536183,0,8161,12.9924,8130,2,0xc8b0baf81a,0,1,0,31,16514,8161,12.9924,8130,31,16514
512000,8192,10,6,4,1048575990,10,1048584182,0,8165,12.9934,8138,2,0x6c0270032d,0,1,0,27,16541,8165,12.9934,8138,27,16541
513000,8192,12,8,4,1050623988,12,1050632180,0,8155,12.9910,8118,2,0x91119e26ea,0,1,0,37,16578,8155,12.9910,8118,37,16578
514000,8192,12,8,4,1052671988,12,1052680180,0,8162,12.9926,8133,3,0x64645c77f4,1,1,0,29,16607,8162,12.9926,8133,29,16607
515000,8192,12,8,4,1054719988,12,1054728180,0,8152,12.9902,8112,2,0x63dadfcfb1,0,0,0,40,16647,8152,12.9902,8112,40,16647
516000,8192,12,8,4,1056767988,12,1056776180,0,8161,12.9924,8130,2,0x93b26b76ef,0,0,0,31,16678,8161,12.9924,8130,31,16678
517000,8192,12,8,4,1058815988,12,1058824180,0,8161,12.9924,8130,2,0xc03ab51e1d,0,0,0,31,16709,8161,12.9924,8130,31,16709
518000,8192,12,8,4,1060863988,12,1060872180,0,8158,12.9917,8124,2,0x8fb741780a,1,1,0,34,16743,8158,12.9917,8124,34,16743
519000,8192,12,8,4,1062911988,12,1062920180,0,8151,12.9900,8110,2,0x0789df3cdf,0,1,0,41,16784,8151,12.9900,8110,41,16784
520000,8192,12,8,4,1064959988,12,1064968180,0,8162,12.9927,8132,2,0x442a9b2d9a,0,1,0,30,16814,8162,12.9927,8132,30,16814
521000,8192,12,8,4,1067007988,12,1067016180,0,8161,12.9924,8130,2,0x252e9d8365,0,1,0,31,16845,8161,12.9924,8130,31,16845
522000,8192,12,8,4,1069055988,12,1069064180,0,8157,12.9915,8122,2,0xec03deec2b,0,1,0,35,16880,8157,12.9915,8122,35,16880
523000,8192,12,8,4,1071103988,12,1071112180,0,8161,12.9924,8130,2,0x6c5783649b,0,1,0,31,16911,8161,12.9924,8130,31,16911
524000,8192,12,8,4,1073151988,12,1073160180,0,8160,12.9922,8128,2,0xa9f34976a1,0,0,0,32,16943,8160,12.9922,8128,32,16943
525000,8192,12,8,4,1075199988,12,1075208180,0,8167,12.9939,8142,2,0x18fa7847f9,1,1,0,25,16968,8167,12.9939,8142,25,16968
526000,8192,12,8,4,1077247988,12,1077256180,0,8163,12.9929,8134,2,0x34ba92d082,0,1,0,29,16997,8163,12.9929,8134,29,16997
527000,8192,12,8,4,1079295988,12,1079304180,0,8168,12.9941,8144,2,0xeefe1ce1c3,0,1,0,24,17021,8168,12.9941,8144,24,17021
528000,8192,12,8,4,1081343988,12,1081352180,0,8169,12.9944,8146,2,0x65a5b802ab,0,1,0,23,17044,8169,12.9944,8146,23,17044
529000,8192,12,8,4,1083391988,12,1083400180,0,8151,12.9900,8110,2,0xba0f59732c,1,1,0,41,17085,8151,12.9900,8110,41,17085
530000,8192,12,8,4,1085439988,12,1085448180,0,8157,12.9914,8123,3,0x6c6d3d03ff,0,0,0,34,17119,8157,12.9914,8123,34,17119
531000,8192,12,8,4,1087487988,12,1087496180,0,8159,12.9919,8126,2,0xb48d22f1a6,1,1,0,33,17152,8159,12.9919,8126,33,17152
532000,8192,12,8,4,1089535988,12,1089544180,0,8167,12.9939,8142,2,0x1f25ed8ef0,0,1,0,25,17177,8167,12.9939,8142,25,17177
533000,8192,12,8,4,1091583988,12,1091592180,0,8148,12.9893,8104,2,0x323146d5b6,0,1,0,44,17221,8148,12.9893,8104,44,17221
534000,8192,14,9,5,1093631986,14,1093640178,0,8160,12.9922,8128,2,0xdfcd12b5be,1,2,0,32,17253,8160,12.9922,8128,32,17253
535000,8192,14,9,5,1095679986,14,1095688178,0,8165,12.9934,8138,2,0x85fdfc7be7,0,2,0,27,17280,8165,12.9934,8138,27,17280
536000,8192,14,9,5,1097727986,14,1097736178,0,8172,12.9951,8152,2,0x5570e84d07,0,2,0,20,17300,8172,12.9951,8152,20,17300
537000,8192,14,9,5,1099775986,14,1099784178,0,8162,12.9927,8132,2,0x697cb80493,1,2,0,30,17330,8162,12.9927,8132,30,17330
538000,8192,14,9,5,1101823986,14,1101832178,0,8153,12.9905,8114,2,0xb5d6c92e2a,1,2,0,39,17369,8153,12.9905,8114,39,17369
539000,8192,14,9,5,1103871986,14,1103880178,0,8153,12.9905,8114,2,0x8e3b5b7793,0,2,0,39,17408,8153,12.9905,8114,39,17408
540000,8192,14,9,5,1105919986,14,1105928178,0,8169,12.9943,8147,3,0x4648fc7380,0,2,0,22,17430,8169,12.9943,8147,22,17430
541000,8192,14,9,5,1107967986,14,1107976178,0,8160,12.9922,8128,2,0xf93e5d1188,0,1,0,32,17462,8160,12.9922,8128,32,17462
542000,8192,14,9,5,1110015986,14,1110024178,0,8168,12.9941,8144,2,0xd6eb1e40df,0,2,0,24,17486,8168,12.9941,8144,24,17486
543000,8192,14,9,5,1112063986,14,1112072178,0,8165,12.9934,8138,2,0x84fcd67fd1,0,2,0,27,17513,8165,12.9934,8138,27,17513
544000,8192,14,9,5,1114111986,14,1114120178,0,8163,12.9929,8134,2,0xe64f0a123a,0,2,0,29,17542,8163,12.9929,8134,29,17542
545000,8192,14,9,5,1116159986,14,1116168178,0,8160,12.9922,8128,2,0xe3c0d363b8,0,1,0,32,17574,8160,12.9922,8128,32,17574
546000,8192,14,9,5,1118207986,14,1118216178,0,8169,12.9944,8146,2,0xf2b472568c,2,2,0,23,17597,8169,12.9944,8146,23,17597
547000,8192,14,9,5,1120255986,14,1120264178,0,8165,12.9934,8138,2,0x039add32c9,1,2,0,27,17624,8165,12.9934,8138,27,17624
548000,8192,14,9,5,1122303986,14,1122312178,0,8165,12.9934,8138,2,0xf6335b27cc,0,2,0,27,17651,8165,12.9934,8138,27,17651
549000,8192,15,10,5,1124351985,15,1124360177,0,8167,12.9939,8142,2,0x99716fd8aa,0,2,0,25,17676,8167,12.9939,8142,25,17676
550000,8192,15,10,5,1126399985,15,1126408177,0,8155,12.9909,8119,3,0xbfc245ac39,0,1,0,36,17712,8155,12.9909,8119,36,17712
551000,8192,16,10,6,1128447984,16,1128456176,0,8161,12.9924,8130,2,0x798884aa0f,1,2,0,31,17743,8161,12.9924,8130,31,17743
552000,8192,16,10,6,1130495984,16,1130504176,0,8157,12.9915,8122,2,0x256bd9a39c,0,2,0,35,17778,8157,12.9915,8122,35,17778
553000,8192,16,10,6,1132543984,16,1132552176,0,8163,12.9929,8134,2,0xe9ebe60d80,0,2,0,29,17807,8163,12.9929,8134,29,17807
554000,8192,16,10,6,1134591984,16,1134600176,0,8158,12.9916,8125,3,0xb5b54e01cc,0,1,0,33,17840,8158,12.9916,8125,33,17840
555000,8192,16,10,6,1136639984,16,1136648176,0,8159,12.9919,8127,3,0xa943dfecc9,0,2,0,32,17872,8159,12.9919,8127,32,17872
556000,8192,16,10,6,1138687984,16,1138696176,0,8158,12.9917,8124,2,0xb1007e4fc0,0,2,0,34,17906,8158,12.9917,8124,34,17906
557000,8192,16,10,6,1140735984,16,1140744176,0,8153,12.9905,8114,2,0xa07ff56cf1,1,1,0,39,17945,8153,12.9905,8114,39,17945
558000,8192,16,10,6,1142783984,16,1142792176,0,8159,12.9919,8126,2,0xec558523c2,0,2,0,33,17978,8159,12.9919,8126,33,17978
559000,8192,16,10,6,1144831984,16,1144840176,0,8166,12.9937,8140,2,0x84d8b18df2,0,2,0,26,18004,8166,12.9937,8140,26,18004
560000,8192,16,10,6,1146879984,16,1146888176,0,8159,12.9919,8127,3,0xd772df9140,1,2,0,32,18036,8159,12.9919,8127,32,18036
561000,8192,16,10,6,1148927984,16,1148936176,0,8154,12.9907,8116,2,0xda0c5c707d,0,2,0,38,18074,8154,12.9907,8116,38,18074
562000,8192,16,10,6,1150975984,16,1150984176,0,8154,12.9907,8116,2,0x161664cccf,1,2,0,38,18112,8154,12.9907,8116,38,18112
563000,8192,16,10,6,1153023984,16,1153032176,0,8166,12.9937,8140,2,0x7f333cf14d,0,2,0,26,18138,8166,12.9937,8140,26,18138
564000,8192,16,10,6,1155071984,16,1155080176,0,8160,12.9922,8128,2,0x20cae95feb,0,2,0,32,18170,8160,12.9922,8128,32,18170
565000,8192,16,10,6,1157119984,16,1157128176,0,8160,12.9922,8128,2,0xd514fdd2b4,1,2,0,32,18202,8160,12.9922,8128,32,18202
566000,8192,16,10,6,1159167984,16,1159176176,0,8165,12.9934,8138,2,0x6759589ba0,0,2,0,27,18229,8165,12.9934,8138,27,18229
567000,8192,16,10,6,1161215984,16,1161224176,0,8165,12.9934,8138,2,0xc5e8c3a643,0,2,0,27,18256,8165,12.9934,8138,27,18256
568000,8192,16,10,6,1163263984,16,1163272176,0,8170,12.9946,8148,2,0xb0e32681ab,0,2,0,22,18278,8170,12.9946,8148,22,18278
569000,8192,16,10,6,1165311984,16,1165320176,0,8164,12.9932,8136,2,0xf1d5f8a18b,0,1,0,28,18306,8164,12.9932,8136,28,18306
570000,8192,16,10,6,1167359984,16,1167368176,0,8163,12.9929,8134,2,0xba2dc13860,2,2,0,29,18335,8163,12.9929,8134,29,18335
571000,8192,16,10,6,1169407984,16,1169416176,0,8156,12.9912,8120,2,0xe08359ead6,0,2,0,36,18371,8156,12.9912,8120,36,18371
572000,8192,16,10,6,1171455984,16,1171464176,0,8159,12.9919,8126,2,0xbab1505c5f,0,1,0,33,18404,8159,12.9919,8126,33,18404
573000,8192,16,10,6,1173503984,16,1173512176,0,8155,12.9910,8118,2,0x8680b332bd,1,2,0,37,18441,8155,12.9910,8118,37,18441
574000,8192,16,10,6,1175551984,16,1175560176,0,8158,12.9917,8124,2,0x4811fb7123,0,2,0,34,18475,8158,12.9917,8124,34,18475
575000,8192,16,10,6,1177599984,16,1177608176,0,8155,12.9910,8118,2,0x3788f86e04,0,2,0,37,18512,8155,12.9910,8118,37,18512
576000,8192,16,10,6,1179647984,16,1179656176,0,8163,12.9929,8134,2,0xdec919d139,1,2,0,29,18541,8163,12.9929,8134,29,18541
577000,8192,16,10,6,1181695984,16,1181704176,0,8157,12.9915,8122,2,0x57e7fc7b5f,0,2,0,35,18576,8157,12.9915,8122,35,18576
578000,8192,16,10,6,1183743984,16,1183752176,0,8163,12.9928,8135,3,0x1181523a66,1,2,0,28,18604,8163,12.9928,8135,28,18604
579000,8192,16,10,6,1185791984,16,1185800176,0,8158,12.9917,8124,2,0x3c16e45bc3,0,1,0,34,18638,8158,12.9917,8124,34,18638
580000,8192,16,10,6,1187839984,16,1187848176,0,8162,12.9927,8132,2,0x3e2dfe811b,1,2,0,30,18668,8162,12.9927,8132,30,18668
581000,8192,16,10,6,1189887984,16,1189896176,0,8162,12.9927,8132,2,0x8329e0033d,0,2,0,30,18698,8162,12.9927,8132,30,18698
582000,8192,16,10,6,1191935984,16,1191944176,0,8160,12.9922,8128,2,0x2cde2a919d,0,1,0,32,18730,8160,12.9922,8128,32,18730
583000,8192,16,10,6,1193983984,16,1193992176,0,8159,12.9919,8126,2,0x265d9276f1,0,1,0,33,18763,8159,12.9919,8126,33,18763
584000,8192,16,10,6,1196031984,16,1196040176,0,8169,12.9944,8146,2,0x3cc4af615d,0,2,0,23,18786,8169,12.9944,8146,23,18786
585000,8192,16,10,6,1198079984,16,1198088176,0,8163,12.9929,8134,2,0x6981e8c9da,1,2,0,29,18815,8163,12.9929,8134,29,18815
586000,8192,16,10,6,1200127984,16,1200136176,0,8168,12.9941,8144,2,0x63fbede290,0,1,0,24,18839,8168,12.9941,8144,24,18839
587000,8192,16,10,6,1202175984,16,1202184176,0,8149,12.9895,8106,2,0xcbdc9927d9,0,1,0,43,18882,8149,12.9895,8106,43,18882
588000,8192,16,10,6,1204223984,16,1204232176,0,8161,12.9924,8130,2,0x04f9bd1366,0,1,0,31,18913,8161,12.9924,8130,31,18913
589000,8192,16,10,6,1206271984,16,1206280176,0,8163,12.9929,8134,2,0xf87fc031e2,0,2,0,29,18942,8163,12.9929,8134,29,18942
590000,8192,16,10,6,1208319984,16,1208328176,0,8159,12.9919,8126,2,0xe1a78484ec,0,2,0,33,18975,8159,12.9919,8126,33,18975
591000,8192,16,10,6,1210367984,16,1210376176,0,8167,12.9939,8142,2,0x70ec3dd2ca,1,2,0,25,19000,8167,12.9939,8142,25,19000
592000,8192,16,10,6,1212415984,16,1212424176,0,8147,12.9890,8102,2,0x9623635678,0,2,0,45,19045,8147,12.9890,8102,45,19045
593000,8192,16,10,6,1214463984,16,1214472176,0,8164,12.9932,8136,2,0x0078420ebc,0,2,0,28,19073,8164,12.9932,8136,28,19073
594000,8192,16,10,6,1216511984,16,1216520176,0,8160,12.9922,8128,2,0xeeb17da369,0,2,0,32,19105,8160,12.9922,8128,32,19105
595000,8192,16,10,6,1218559984,16,1218568176,0,8160,12.9922,8128,2,0xd6b51ba5b5,0,2,0,32,19137,8160,12.9922,8128,32,19137
596000,8192,16,10,6,1220607984,16,1220616176,0,8161,12.9924,8130,2,0x4bfc5db630,0,1,0,31,19168,8161,12.9924,8130,31,19168
597000,8192,16,10,6,1222655984,16,1222664176,0,8160,12.9922,8128,2,0xba6649abc5,0,1,0,32,19200,8160,12.9922,8128,32,19200
598000,8192,16,10,6,1224703984,16,1224712176,0,8146,12.9888,8100,2,0x95b7a3b5f1,0,2,0,46,19246,8146,12.9888,8100,46,19246
599000,8192,16,10,6,1226751984,16,1226760176,0,8162,12.9927,8132,2,0x4861a2aba3,0,2,0,30,19276,8162,12.9927,8132,30,19276
600000,8192,16,10,6,1228799984,16,1228808176,0,8170,12.9946,8148,2,0x1b584371be,1,2,0,22,19298,8170,12.9946,8148,22,19298
601000,8192,16,10,6,1230847984,16,1230856176,0,8164,12.9932,8136,2,0xe8b2b3c325,0,2,0,28,19326,8164,12.9932,8136,28,19326
602000,8192,16,10,6,1232895984,16,1232904176,0,8170,12.9946,8148,2,0xc7c4800a6f,0,2,0,22,19348,8170,12.9946,8148,22,19348
603000,8192,16,10,6,1234943984,16,1234952176,0,8146,12.9888,8100,2,0x4585acaa40,0,2,0,46,19394,8146,12.9888,8100,46,19394
604000,8192,16,10,6,1236991984,16,1237000176,0,8169,12.9944,8146,2,0x411ad57edc,0,2,0,23,19417,8169,12.9944,8146,23,19417
605000,8192,16,10,6,1239039984,16,1239048176,0,8155,12.9910,8118,2,0x9fc3d266ee,1,0,0,37,19454,8155,12.9910,8118,37,19454
606000,8192,16,10,6,1241087984,16,1241096176,0,8171,12.9949,8150,2,0x6431a00a75,1,2,0,21,19475,8171,12.9949,8150,21,19475
607000,8192,16,10,6,1243135984,16,1243144176,0,8166,12.9937,8140,2,0x2d72ff79d4,0,2,0,26,19501,8166,12.9937,8140,26,19501
608000,8192,16,10,6,1245183984,16,1245192176,0,8161,12.9923,8131,3,0xe53adde3ff,0,2,0,30,19531,8161,12.9923,8131,30,19531
609000,8192,16,10,6,1247231984,16,1247240176,0,8160,12.9922,8128,2,0x54a6a35041,0,1,0,32,19563,8160,12.9922,8128,32,19563
610000,8192,16,10,6,1249279984,16,1249288176,0,8157,12.9915,8122,2,0x99d34e0953,0,1,0,35,19598,8157,12.9915,8122,35,19598
611000,8192,16,10,6,1251327984,16,1251336176,0,8162,12.9927,8132,2,0x426c73d488,0,2,0,30,19628,8162,12.9927,8132,30,19628
612000,8192,16,10,6,1253375984,16,1253384176,0,8154,12.9907,8116,2,0x8c12d7031b,0,1,0,38,19666,8154,12.9907,8116,38,19666
613000,8192,16,10,6,1255423984,16,1255432176,0,8168,12.9941,8144,2,0xe5896e2b1e,0,2,0,24,19690,8168,12.9941,8144,24,19690
614000,8192,16,10,6,1257471984,16,1257480176,0,8144,12.9883,8096,2,0x8a6f22382c,0,0,0,48,19738,8144,12.9883,8096,48,19738
615000,8192,16,10,6,1259519984,16,1259528176,0,8162,12.9926,8133,3,0x609af74d53,1,2,0,29,19767,8162,12.9926,8133,29,19767
616000,8192,16,10,6,1261567984,16,1261576176,0,8159,12.9919,8126,2,0xf9821c8c8f,0,2,0,33,19800,8159,12.9919,8126,33,19800
617000,8192,16,10,6,1263615984,16,1263624176,0,8154,12.9907,8116,2,0x2b91cc81a7,0,1,0,38,19838,8154,12.9907,8116,38,19838
618000,8192,16,10,6,1265663984,16,1265672176,0,8156,12.9912,8120,2,0xa7923058d1,1,2,0,36,19874,8156,12.9912,8120,36,19874
619000,8192,16,10,6,1267711984,16,1267720176,0,8151,12.9900,8110,2,0x7b0d8cf447,0,2,0,41,19915,8151,12.9900,8110,41,19915
620000,8192,16,10,6,1269759984,16,1269768176,0,8159,12.9919,8126,2,0x6139d91389,1,2,0,33,19948,8159,12.9919,8126,33,19948
621000,8192,16,10,6,1271807984,16,1271816176,0,8158,12.9917,8124,2,0xcd4741964f,0,2,0,34,19982,8158,12.9917,8124,34,19982
622000,8192,16,10,6,1273855984,16,1273864176,0,8165,12.9934,8138,2,0x6ce2ac4b13,0,1,0,27,20009,8165,12.9934,8138,27,20009
623000,8192,16,10,6,1275903984,16,1275912176,0,8161,12.9923,8131,3,0x6462c8e35c,0,2,0,30,20039,8161,12.9923,8131,30,20039
624000,8192,16,10,6,1277951984,16,1277960176,0,8163,12.9929,8134,2,0x96d4fdc535,0,1,0,29,20068,8163,12.9929,8134,29,20068
625000,8192,16,10,6,1279999984,16,1280008176,0,8160,12.9922,8128,2,0xb2dc12e3a5,0,1,0,32,20100,8160,12.9922,8128,32,20100
626000,8192,16,10,6,1282047984,16,1282056176,0,8159,12.9919,8126,2,0x3eab4149f9,1,2,0,33,20133,8159,12.9919,8126,33,20133
627000,8192,16,10,6,1284095984,16,1284104176,0,8160,12.9922,8128,2,0x05e9499da1,0,2,0,32,20165,8160,12.9922,8128,32,20165
628000,8192,16,10,6,1286143984,16,1286152176,0,8163,12.9929,8134,2,0xc1c50f880e,0,2,0,29,20194,8163,12.9929,8134,29,20194
629000,8192,16,10,6,1288191984,16,1288200176,0,8154,12.9906,8117,3,0xd572f14e6a,1,2,0,37,20231,8154,12.9906,8117,37,20231
630000,8192,16,10,6,1290239984,16,1290248176,0,8163,12.9929,8134,2,0xb035042d80,0,0,0,29,20260,8163,12.9929,8134,29,20260
631000,8192,16,10,6,1292287984,16,1292296176,0,8165,12.9934,8138,2,0x500185662b,0,2,0,27,20287,8165,12.9934,8138,27,20287
632000,8192,16,10,6,1294335984,16,1294344176,0,8161,12.9924,8130,2,0x28f7efc4dd,1,2,0,31,20318,8161,12.9924,8130,31,20318
633000,8192,16,10,6,1296383984,16,1296392176,0,8160,12.9922,8128,2,0xa250af839b,1,2,0,32,20350,8160,12.9922,8128,32,20350
634000,8192,16,10,6,1298431984,16,1298440176,0,8153,12.9905,8114,2,0x037150c631,0,1,0,39,20389,8153,12.9905,8114,39,20389
635000,8192,16,10,6,1300479984,16,1300488176,0,8156,12.9912,8120,2,0xbcbf135876,0,1,0,36,20425,8156,12.9912,8120,36,20425
636000,8192,16,10,6,1302527984,16,1302536176,0,8152,12.9902,8112,2,0x4d01257a66,0,2,0,40,20465,8152,12.9902,8112,40,20465
637000,8192,16,10,6,1304575984,16,1304584176,0,8166,12.9937,8140,2,0x9f3fc604a7,0,2,0,26,20491,8166,12.9937,8140,26,20491
638000,8192,16,10,6,1306623984,16,1306632176,0,8155,12.9910,8118,2,0xcb6fec792e,0,1,0,37,20528,8155,12.9910,8118,37,20528
639000,8192,16,10,6,1308671984,16,1308680176,0,8167,12.9939,8142,2,0xfe48531b3b,1,1,0,25,20553,8167,12.9939,8142,25,20553
640000,8192,16,10,6,1310719984,16,1310728176,0,8159,12.9919,8126,2,0x367d90ccbd,0,2,0,33,20586,8159,12.9919,8126,33,20586
641000,8192,16,10,6,1312767984,16,1312776176,0,8166,12.9937,8140,2,0x52163640e4,0,1,0,26,20612,8166,12.9937,8140,26,20612
642000,8192,16,10,6,1314815984,16,1314824176,0,8154,12.9907,8116,2,0x11ed355868,0,0,0,38,20650,8154,12.9907,8116,38,20650
643000,8192,16,10,6,1316863984,16,1316872176,0,8163,12.9929,8134,2,0x7d6db1d62e,0,2,0,29,20679,8163,12.9929,8134,29,20679
644000,8192,16,10,6,1318911984,16,1318920176,0,8159,12.9919,8126,2,0xf87690991e,0,2,0,33,20712,8159,12.9919,8126,33,20712
645000,8192,16,10,6,1320959984,16,1320968176,0,8161,12.9924,8130,2,0xa657116c00,0,2,0,31,20743,8161,12.9924,8130,31,20743
646000,8192,16,10,6,1323007984,16,1323016176,0,8166,12.9937,8140,2,0xa9a24b625a,1,1,0,26,20769,8166,12.9937,8140,26,20769
647000,8192,16,10,6,1325055984,16,1325064176,0,8156,12.9911,8121,3,0xefdf896438,0,2,0,35,20804,8156,12.9911,8121,35,20804
648000,8192,16,10,6,1327103984,16,1327112176,0,8159,12.9919,8126,2,0xe3a6fb40ab,0,2,0,33,20837,8159,12.9919,8126,33,20837
649000,8192,16,10,6,1329151984,16,1329160176,0,8167,12.9939,8142,2,0x5fe3cfb5ef,0,2,0,25,20862,8167,12.9939,8142,25,20862
650000,8192,16,10,6,1331199984,16,1331208176,0,8158,12.9917,8124,2,0x02419a2f22,0,2,0,34,20896,8158,12.9917,8124,34,20896
651000,8192,16,10,6,1333247984,16,1333256176,0,8158,12.9917,8124,2,0x5995c7f233,0,2,0,34,20930,8158,12.9917,8124,34,20930
652000,8192,16,10,6,1335295984,16,1335304176,0,8162,12.9926,8133,3,0xef1aabab35,1,2,0,29,20959,8162,12.9926,8133,29,20959
653000,8192,16,10,6,1337343984,16,1337352176,0,8165,12.9934,8138,2,0x7d94f13176,1,2,0,27,20986,8165,12.9934,8138,27,20986
654000,8192,16,10,6,1339391984,16,1339400176,0,8158,12.9917,8124,2,0x639b1666fc,0,2,0,34,21020,8158,12.9917,8124,34,21020
655000,8192,16,10,6,1341439984,16,1341448176,0,8164,12.9932,8136,2,0xf9754a54a0,0,2,0,28,21048,8164,12.9932,8136,28,21048
656000,8192,16,10,6,1343487984,16,1343496176,0,8163,12.9929,8134,2,0x6e1deea46e,1,2,0,29,21077,8163,12.9929,8134,29,21077
657000,8192,16,10,6,1345535984,16,1345544176,0,8160,12.9922,8128,2,0x0adeac9e95,0,1,0,32,21109,8160,12.9922,8128,32,21109
658000,8192,16,10,6,1347583984,16,1347592176,0,8164,12.9932,8136,2,0x1bee4bf2f2,0,2,0,28,21137,8164,12.9932,8136,28,21137
659000,8192,16,10,6,1349631984,16,1349640176,0,8150,12.9897,8108,2,0xedcb4d171c,0,1,0,42,21179,8150,12.9897,8108,42,21179
660000,8192,16,10,6,1351679984,16,1351688176,0,8147,12.9890,8102,2,0xc13cec5376,0,2,0,45,21224,8147,12.9890,8102,45,21224
661000,8192,16,10,6,1353727984,16,1353736176,0,8160,12.9922,8128,2,0xf5e586618d,0,1,0,32,21256,8160,12.9922,8128,32,21256
662000,8192,16,10,6,1355775984,16,1355784176,0,8157,12.9915,8122,2,0x9308390882,1,2,0,35,21291,8157,12.9915,8122,35,21291
663000,8192,17,11,6,1357823983,17,1357832175,0,8165,12.9934,8138,2,0xfd24012b20,0,2,0,27,21318,8165,12.9934,8138,27,21318
664000,8192,17,11,6,1359871983,17,1359880175,0,8173,12.9954,8154,2,0xe3ab35b8bf,0,2,0,19,21337,8173,12.9954,8154,19,21337
665000,8192,17,11,6,1361919983,17,1361928175,0,8166,12.9937,8140,2,0x1df0235503,0,2,0,26,21363,8166,12.9937,8140,26,21363
666000,8192,17,11,6,1363967983,17,1363976175,0,8170,12.9946,8148,2,0x9551b68cce,0,2,0,22,21385,8170,12.9946,8148,22,21385
667000,8192,17,11,6,1366015983,17,1366024175,0,8156,12.9912,8120,2,0x242661f55a,0,2,0,36,21421,8156,12.9912,8120,36,21421
668000,8192,17,11,6,1368063983,17,1368072175,0,8158,12.9917,8124,2,0x04a8927d0f,0,2,0,34,21455,8158,12.9917,8124,34,21455
669000,8192,17,11,6,1370111983,17,1370120175,0,8149,12.9895,8106,2,0x197fdced1b,0,2,0,43,21498,8149,12.9895,8106,43,21498
670000,8192,17,11,6,1372159983,17,1372168175,0,8166,12.9937,8140,2,0x97a42d0719,1,2,0,26,21524,8166,12.9937,8140,26,21524
671000,8192,17,11,6,1374207983,17,1374216175,0,8162,12.9927,8132,2,0xac5eb1fcb8,0,0,0,30,21554,8162,12.9927,8132,30,21554
672000,8192,17,11,6,1376255983,17,1376264175,0,8154,12.9907,8116,2,0x220980d7fa,1,2,0,38,21592,8154,12.9907,8116,38,21592
673000,8192,17,11,6,1378303983,17,1378312175,0,8163,12.9928,8135,3,0xa6aaf42a6d,0,2,0,28,21620,8163,12.9928,8135,28,21620
674000,8192,17,11,6,1380351983,17,1380360175,0,8168,12.9941,8144,2,0x69e3750c3a,0,2,0,24,21644,8168,12.9941,8144,24,21644
675000,8192,17,11,6,1382399983,17,1382408175,0,8156,12.9912,8120,2,0x8e938c7233,1,1,0,36,21680,8156,12.9912,8120,36,21680
676000,8192,17,11,6,1384447983,17,1384456175,0,8166,12.9937,8140,2,0x0485fe5863,0,2,0,26,21706,8166,12.9937,8140,26,21706
677000,8192,17,11,6,1386495983,17,1386504175,0,8157,12.9915,8122,2,0x7c8fdbc1ac,0,2,0,35,21741,8157,12.9915,8122,35,21741
678000,8192,17,11,6,1388543983,17,1388552175,0,8166,12.9937,8140,2,0x03c66a03cf,0,2,0,26,21767,8166,12.9937,8140,26,21767
679000,8192,17,11,6,1390591983,17,1390600175,0,8156,12.9912,8120,2,0xbe1ae56d7c,0,1,0,36,21803,8156,12.9912,8120,36,21803
680000,8192,17,11,6,1392639983,17,1392648175,0,8152,12.9902,8112,2,0x9d9af9d761,0,2,0,40,21843,8152,12.9902,8112,40,21843
681000,8192,17,11,6,1394687983,17,1394696175,0,8164,12.9932,8136,2,0xbae5b412a8,0,0,0,28,21871,8164,12.9932,8136,28,21871
682000,8192,17,11,6,1396735983,17,1396744175,0,8163,12.9929,8134,2,0x15a69fc1e0,0,2,0,29,21900,8163,12.9929,8134,29,21900
683000,8192,17,11,6,1398783983,17,1398792175,0,8161,12.9924,8130,2,0x46eb5feb20,0,1,0,31,21931,8161,12.9924,8130,31,21931
684000,8192,17,11,6,1400831983,17,1400840175,0,8149,12.9895,8106,2,0xe556fa2f77,0,0,0,43,21974,8149,12.9895,8106,43,21974
685000,8192,17,11,6,1402879983,17,1402888175,0,8158,12.9917,8124,2,0x66904068f8,0,2,0,34,22008,8158,12.9917,8124,34,22008
686000,8192,17,11,6,1404927983,17,1404936175,0,8148,12.9893,8104,2,0xfd3ca247a3,1,2,0,44,22052,8148,12.9893,8104,44,22052
687000,8192,17,11,6,1406975983,17,1406984175,0,8153,12.9905,8114,2,0xef0a708a27,0,2,0,39,22091,8153,12.9905,8114,39,22091
688000,8192,17,11,6,1409023983,17,1409032175,0,8160,12.9922,8128,2,0x7eebbf6459,2,2,0,32,22123,8160,12.9922,8128,32,22123
689000,8192,17,11,6,1411071983,17,1411080175,0,8156,12.9912,8120,2,0xa402dbb80a,0,1,0,36,22159,8156,12.9912,8120,36,22159
690000,8192,17,11,6,1413119983,17,1413128175,0,8157,12.9915,8122,2,0xff0c6fe312,0,2,0,35,22194,8157,12.9915,8122,35,22194
691000,8192,17,11,6,1415167983,17,1415176175,0,8150,12.9897,8108,2,0x62ec21fae1,0,2,0,42,22236,8150,12.9897,8108,42,22236
692000,8192,17,11,6,1417215983,17,1417224175,0,8150,12.9897,8108,2,0x8d6e7e9a48,0,1,0,42,22278,8150,12.9897,8108,42,22278
693000,8192,17,11,6,1419263983,17,1419272175,0,8161,12.9924,8130,2,0x3d98e15e6a,0,2,0,31,22309,8161,12.9924,8130,31,22309
694000,8192,17,11,6,1421311983,17,1421320175,0,8155,12.9910,8118,2,0xebdc0d5485,0,2,0,37,22346,8155,12.9910,8118,37,22346
695000,8192,17,11,6,1423359983,17,1423368175,0,8165,12.9934,8138,2,0xdabf507bfe,0,2,0,27,22373,8165,12.9934,8138,27,22373
696000,8192,17,11,6,1425407983,17,1425416175,0,8164,12.9932,8136,2,0xf4a924fc9b,1,2,0,28,22401,8164,12.9932,8136,28,22401
697000,8192,17,11,6,1427455983,17,1427464175,0,8164,12.9932,8136,2,0x4d8150f0c5,0,1,0,28,22429,8164,12.9932,8136,28,22429
698000,8192,17,11,6,1429503983,17,1429512175,0,8171,12.9949,8150,2,0x6d8b5879e2,1,2,0,21,22450,8171,12.9949,8150,21,22450
699000,8192,17,11,6,1431551983,17,1431560175,0,8160,12.9922,8128,2,0x2cde8128a9,0,2,0,32,22482,8160,12.9922,8128,32,22482
700000,8192,17,11,6,1433599983,17,1433608175,0,8161,12.9924,8130,2,0x2002469869,0,1,0,31,22513,8161,12.9924,8130,31,22513
701000,8192,17,11,6,1435647983,17,1435656175,0,8160,12.9922,8128,2,0x94db983818,0,2,0,32,22545,8160,12.9922,8128,32,22545
702000,8192,17,11,6,1437695983,17,1437704175,0,8165,12.9934,8138,2,0x56cd8df57b,1,2,0,27,22572,8165,12.9934,8138,27,22572
703000,8192,17,11,6,1439743983,17,1439752175,0,8162,12.9927,8132,2,0xcbbf6b851d,1,2,0,30,22602,8162,12.9927,8132,30,22602
704000,8192,17,11,6,1441791983,17,1441800175,0,8157,12.9915,8122,2,0xf3f72f8aee,0,1,0,35,22637,8157,12.9915,8122,35,22637
705000,8192,17,11,6,1443839983,17,1443848175,0,8165,12.9934,8138,2,0x5daa77a1f6,0,2,0,27,22664,8165,12.9934,8138,27,22664
706000,8192,17,11,6,1445887983,17,1445896175,0,8168,12.9941,8144,2,0x7c10cf2e2f,0,2,0,24,22688,8168,12.9941,8144,24,22688
707000,8192,17,11,6,1447935983,17,1447944175,0,8166,12.9937,8140,2,0x6f934fd57e,0,2,0,26,22714,8166,12.9937,8140,26,22714
708000,8192,17,11,6,1449983983,17,1449992175,0,8174,12.9956,8156,2,0x690da637b7,0,2,0,18,22732,8174,12.9956,8156,18,22732
709000,8192,17,11,6,1452031983,17,1452040175,0,8159,12.9919,8126,2,0x9ddef2cc38,1,2,0,33,22765,8159,12.9919,8126,33,22765
710000,8192,17,11,6,1454079983,17,1454088175,0,8162,12.9927,8132,2,0x2b2429ae18,1,0,0,30,22795,8162,12.9927,8132,30,22795
711000,8192,17,11,6,1456127983,17,1456136175,0,8165,12.9934,8138,2,0x2ba54f0686,0,2,0,27,22822,8165,12.9934,8138,27,22822
712000,8192,17,11,6,1458175983,17,1458184175,0,8163,12.9929,8134,2,0x80d70c8088,0,2,0,29,22851,8163,12.9929,8134,29,22851
713000,8192,17,11,6,1460223983,17,1460232175,0,8161,12.9924,8130,2,0xd7c2adde4e,0,1,0,31,22882,8161,12.9924,8130,31,22882
714000,8192,17,11,6,1462271983,17,1462280175,0,8147,12.9890,8102,2,0xaf431cec8b,0,2,0,45,22927,8147,12.9890,8102,45,22927
715000,8192,17,11,6,1464319983,17,1464328175,0,8168,12.9941,8144,2,0xa1a5d0ff8f,1,2,0,24,22951,8168,12.9941,8144,24,22951
716000,8192,17,11,6,1466367983,17,1466376175,0,8160,12.9922,8128,2,0xa10c5acaa2,0,2,0,32,22983,8160,12.9922,8128,32,22983
717000,8192,17,11,6,1468415983,17,1468424175,0,8154,12.9907,8116,2,0x3002c0c843,1,2,0,38,23021,8154,12.9907,8116,38,23021
718000,8192,17,11,6,1470463983,17,1470472175,0,8157,12.9914,8123,3,0x10145dbab2,1,2,0,34,23055,8157,12.9914,8123,34,23055
719000,8192,17,11,6,1472511983,17,1472520175,0,8177,12.9963,8162,2,0xf414bc5c9a,0,2,0,15,23070,8177,12.9963,8162,15,23070
720000,8192,17,11,6,1474559983,17,1474568175,0,8160,12.9922,8128,2,0x1f7cebdb0b,0,2,0,32,23102,8160,12.9922,8128,32,23102
721000,8192,17,11,6,1476607983,17,1476616175,0,8163,12.9929,8134,2,0xe6b573327e,0,0,0,29,23131,8163,12.9929,8134,29,23131
722000,8192,17,11,6,1478655983,17,1478664175,0,8162,12.9927,8132,2,0x8cc10cf910,1,2,0,30,23161,8162,12.9927,8132,30,23161
723000,8192,17,11,6,1480703983,17,1480712175,0,8166,12.9937,8140,2,0xb9ddb1c274,0,2,0,26,23187,8166,12.9937,8140,26,23187
724000,8192,21,15,6,1482751979,21,1482760171,0,8159,12.9919,8126,2,0x3f49b46468,1,1,0,33,23220,8159,12.9919,8126,33,23220
725000,8192,21,15,6,1484799979,21,1484808171,0,8149,12.9895,8106,2,0xf79dc1c696,0,2,0,43,23263,8149,12.9895,8106,43,23263
726000,8192,21,15,6,1486847979,21,1486856171,0,8154,12.9907,8116,2,0x091b3ef7d1,0,2,0,38,23301,8154,12.9907,8116,38,23301
727000,8192,21,15,6,1488895979,21,1488904171,0,8161,12.9924,8130,2,0xb157261398,1,2,0,31,23332,8161,12.9924,8130,31,23332
728000,8192,21,15,6,1490943979,21,1490952171,0,8167,12.9939,8142,2,0xd3a5ba08d3,0,2,0,25,23357,8167,12.9939,8142,25,23357
729000,8192,21,15,6,1492991979,21,1493000171,0,8154,12.9907,8116,2,0x459170df20,1,2,0,38,23395,8154,12.9907,8116,38,23395
730000,8192,21,15,6,1495039979,21,1495048171,0,8151,12.9899,8111,3,0xa1cf378bee,0,2,0,40,23435,8151,12.9899,8111,40,23435
731000,8192,21,15,6,1497087979,21,1497096171,0,8157,12.9915,8122,2,0x6ca5c697bd,0,1,0,35,23470,8157,12.9915,8122,35,23470
732000,8192,21,15,6,1499135979,21,1499144171,0,8161,12.9924,8130,2,0xb7dba5fc44,0,2,0,31,23501,8161,12.9924,8130,31,23501
733000,8192,21,15,6,1501183979,21,1501192171,0,8163,12.9929,8134,2,0x65d121240e,0,2,0,29,23530,8163,12.9929,8134,29,23530
734000,8192,21,15,6,1503231979,21,1503240171,0,8160,12.9922,8128,2,0xea2a74191a,0,2,0,32,23562,8160,12.9922,8128,32,23562
735000,8192,21,15,6,1505279979,21,1505288171,0,8163,12.9929,8134,2,0xf75071fc18,0,2,0,29,23591,8163,12.9929,8134,29,23591
736000,8192,21,15,6,1507327979,21,1507336171,0,8165,12.9934,8138,2,0xfa1c6c42c5,0,1,0,27,23618,8165,12.9934,8138,27,23618
737000,8192,21,15,6,1509375979,21,1509384171,0,8157,12.9915,8122,2,0x7c10f29913,1,2,0,35,23653,8157,12.9915,8122,35,23653
738000,8192,21,15,6,1511423979,21,1511432171,0,8168,12.9941,8144,2,0xf54c9db640,0,2,0,24,23677,8168,12.9941,8144,24,23677
739000,8192,21,15,6,1513471979,21,1513480171,0,8166,12.9937,8140,2,0xe309b82e2e,0,1,0,26,23703,8166,12.9937,8140,26,23703
740000,8192,21,15,6,1515519979,21,1515528171,0,8168,12.9941,8144,2,0xd3bb66b744,0,2,0,24,23727,8168,12.9941,8144,24,23727
741000,8192,21,15,6,1517567979,21,1517576171,0,8160,12.9922,8128,2,0xa7f156e7ab,0,1,0,32,23759,8160,12.9922,8128,32,23759
742000,8192,21,15,6,1519615979,21,1519624171,0,8156,12.9912,8120,2,0xb28eaa7eb0,0,1,0,36,23795,8156,12.9912,8120,36,23795
743000,8192,21,15,6,1521663979,21,1521672171,0,8156,12.9912,8120,2,0x8cd9cb8985,2,2,0,36,23831,8156,12.9912,8120,36,23831
744000,8192,21,15,6,1523711979,21,1523720171,0,8157,12.9914,8123,3,0xb6ff2a83da,0,1,0,34,23865,8157,12.9914,8123,34,23865
745000,8192,21,15,6,1525759979,21,1525768171,0,8170,12.9946,8148,2,0xc90fd48bf2,0,2,0,22,23887,8170,12.9946,8148,22,23887
746000,8192,21,15,6,1527807979,21,1527816171,0,8161,12.9923,8131,3,0x371b583ca4,0,2,0,30,23917,8161,12.9923,8131,30,23917
747000,8192,21,15,6,1529855979,21,1529864171,0,8165,12.9934,8138,2,0x4ab3796490,1,2,0,27,23944,8165,12.9934,8138,27,23944
748000,8192,21,15,6,1531903979,21,1531912171,0,8164,12.9932,8136,2,0xfd52746a3b,0,2,0,28,23972,8164,12.9932,8136,28,23972
749000,8192,21,15,6,1533951979,21,1533960171,0,8153,12.9905,8114,2,0x43e6560f9f,0,1,0,39,24011,8153,12.9905,8114,39,24011
750000,8192,21,15,6,1535999979,21,1536008171,0,8163,12.9929,8134,2,0x9bb2b5f311,1,2,0,29,24040,8163,12.9929,8134,29,24040
751000,8192,21,15,6,1538047979,21,1538056171,0,8155,12.9910,8118,2,0x205a4efa29,0,0,0,37,24077,8155,12.9910,8118,37,24077
752000,8192,21,15,6,1540095979,21,1540104171,0,8160,12.9922,8128,2,0x49340ca8e2,0,1,0,32,24109,8160,12.9922,8128,32,24109
753000,8192,21,15,6,1542143979,21,1542152171,0,8160,12.9922,8128,2,0x0126b60c13,0,2,0,32,24141,8160,12.9922,8128,32,24141
754000,8192,21,15,6,1544191979,21,1544200171,0,8149,12.9895,8106,2,0x32f535ee63,0,2,0,43,24184,8149,12.9895,8106,43,24184
755000,8192,21,15,6,1546239979,21,1546248171,0,8159,12.9919,8126,2,0x693e48c763,0,2,0,33,24217,8159,12.9919,8126,33,24217
756000,8192,21,15,6,1548287979,21,1548296171,0,8157,12.9915,8122,2,0xe7a4f78c7f,0,2,0,35,24252,8157,12.9915,8122,35,24252
757000,8192,21,15,6,1550335979,21,1550344171,0,8165,12.9934,8138,2,0xfd9b4186cb,1,2,0,27,24279,8165,12.9934,8138,27,24279
758000,8192,21,15,6,1552383979,21,1552392171,0,8164,12.9932,8136,2,0x91b3300ee4,0,2,0,28,24307,8164,12.9932,8136,28,24307
759000,8192,21,15,6,1554431979,21,1554440171,0,8157,12.9915,8122,2,0xe6225e47f3,1,2,0,35,24342,8157,12.9915,8122,35,24342
760000,8192,21,15,6,1556479979,21,1556488171,0,8170,12.9946,8148,2,0x96c17602a6,0,2,0,22,24364,8170,12.9946,8148,22,24364
761000,8192,21,15,6,1558527979,21,1558536171,0,8160,12.9922,8128,2,0x5e9e0a295c,0,1,0,32,24396,8160,12.9922,8128,32,24396
762000,8192,21,15,6,1560575979,21,1560584171,0,8158,12.9917,8124,2,0xcb2ae0e373,0,2,0,34,24430,8158,12.9917,8124,34,24430
763000,8192,21,15,6,1562623979,21,1562632171,0,8158,12.9917,8124,2,0x61b38931e9,0,2,0,34,24464,8158,12.9917,8124,34,24464
764000,8192,21,15,6,1564671979,21,1564680171,0,8161,12.9924,8130,2,0xf11d55cc44,0,1,0,31,24495,8161,12.9924,8130,31,24495
765000,8192,21,15,6,1566719979,21,1566728171,0,8172,12.9951,8152,2,0xb6c66591d6,1,2,0,20,24515,8172,12.9951,8152,20,24515
766000,8192,21,15,6,1568767979,21,1568776171,0,8158,12.9915,8126,3,0x10c016e9af,0,0,0,32,24547,8158,12.9915,8126,32,24547
767000,8192,21,15,6,1570815979,21,1570824171,0,8160,12.9922,8128,2,0x0396a87fef,0,2,0,32,24579,8160,12.9922,8128,32,24579
768000,8192,21,15,6,1572863979,21,1572872171,0,8162,12.9927,8132,2,0x4a876c872a,0,2,0,30,24609,8162,12.9927,8132,30,24609
769000,8192,21,15,6,1574911979,21,1574920171,0,8154,12.9907,8116,2,0x293859e80a,1,2,0,38,24647,8154,12.9907,8116,38,24647
770000,8192,21,15,6,1576959979,21,1576968171,0,8166,12.9937,8140,2,0x0f660f6e3c,0,1,0,26,24673,8166,12.9937,8140,26,24673
771000,8192,21,15,6,1579007979,21,1579016171,0,8161,12.9923,8131,3,0xe5c549b737,0,2,0,30,24703,8161,12.9923,8131,30,24703
772000,8192,21,15,6,1581055979,21,1581064171,0,8165,12.9934,8138,2,0xae8680a416,0,2,0,27,24730,8165,12.9934,8138,27,24730
773000,8192,21,15,6,1583103979,21,1583112171,0,8163,12.9929,8134,2,0x8022d3e898,0,1,0,29,24759,8163,12.9929,8134,29,24759
774000,8192,21,15,6,1585151979,21,1585160171,0,8153,12.9904,8115,3,0x425202a070,1,2,0,38,24797,8153,12.9904,8115,38,24797
775000,8192,21,15,6,1587199979,21,1587208171,0,8155,12.9910,8118,2,0x60cc28386e,0,2,0,37,24834,8155,12.9910,8118,37,24834
776000,8192,21,15,6,1589247979,21,1589256171,0,8143,12.9880,8094,2,0x6e7376f75b,1,1,0,49,24883,8143,12.9880,8094,49,24883
777000,8192,21,15,6,1591295979,21,1591304171,0,8160,12.9922,8128,2,0xd9fab9d61d,0,2,0,32,24915,8160,12.9922,8128,32,24915
778000,8192,21,15,6,1593343979,21,1593352171,0,8163,12.9929,8134,2,0x947248a9e0,0,2,0,29,24944,8163,12.9929,8134,29,24944
779000,8192,21,15,6,1595391979,21,1595400171,0,8170,12.9946,8148,2,0x343f70457c,0,2,0,22,24966,8170,12.9946,8148,22,24966
780000,8192,21,15,6,1597439979,21,1597448171,0,8168,12.9941,8144,2,0x20f59624e2,0,2,0,24,24990,8168,12.9941,8144,24,24990
781000,8192,21,15,6,1599487979,21,1599496171,0,8160,12.9922,8128,2,0x6df42e09d9,0,2,0,32,25022,8160,12.9922,8128,32,25022
782000,8192,21,15,6,1601535979,21,1601544171,0,8165,12.9934,8138,2,0x308839a4db,0,2,0,27,25049,8165,12.9934,8138,27,25049
783000,8192,21,15,6,1603583979,21,1603592171,0,8165,12.9934,8138,2,0x9dad6c76f3,1,2,0,27,25076,8165,12.9934,8138,27,25076
784000,8192,21,15,6,1605631979,21,1605640171,0,8164,12.9932,8136,2,0x5510999205,0,1,0,28,25104,8164,12.9932,8136,28,25104
785000,8192,22,16,6,1607679978,22,1607688170,0,8161,12.9924,8130,2,0xa96820d928,0,2,0,31,25135,8161,12.9924,8130,31,25135
786000,8192,22,16,6,1609727978,22,1609736170,0,8159,12.9919,8126,2,0x7b99b9ebdc,0,2,0,33,25168,8159,12.9919,8126,33,25168
787000,8192,22,16,6,1611775978,22,1611784170,0,8161,12.9924,8130,2,0x1d5ee5c190,0,2,0,31,25199,8161,12.9924,8130,31,25199
788000,8192,22,16,6,1613823978,22,1613832170,0,8176,12.9961,8160,2,0xb37d89ac00,0,2,0,16,25215,8176,12.9961,8160,16,25215
789000,8192,22,16,6,1615871978,22,1615880170,0,8165,12.9934,8138,2,0x0d8e28ba2f,0,2,0,27,25242,8165,12.9934,8138,27,25242
790000,8192,22,16,6,1617919978,22,1617928170,0,8155,12.9910,8118,2,0xb149633369,0,2,0,37,25279,8155,12.9910,8118,37,25279
791000,8192,22,16,6,1619967978,22,1619976170,0,8158,12.9917,8124,2,0x1e340cc299,0,2,0,34,25313,8158,12.9917,8124,34,25313
792000,8192,22,16,6,1622015978,22,1622024170,0,8156,12.9912,8120,2,0x80bd899ccf,0,1,0,36,25349,8156,12.9912,8120,36,25349
793000,8192,22,16,6,1624063978,22,1624072170,0,8164,12.9932,8136,2,0x675efc7bff,0,1,0,28,25377,8164,12.9932,8136,28,25377
794000,8192,22,16,6,1626111978,22,1626120170,0,8156,12.9912,8120,2,0x0de0c32965,0,2,0,36,25413,8156,12.9912,8120,36,25413
795000,8192,22,16,6,1628159978,22,1628168170,0,8155,12.9910,8118,2,0x14fb012cfa,0,1,0,37,25450,8155,12.9910,8118,37,25450
796000,8192,22,16,6,1630207978,22,1630216170,0,8161,12.9924,8130,2,0x5aec9765fb,0,2,0,31,25481,8161,12.9924,8130,31,25481
797000,8192,22,16,6,1632255978,22,1632264170,0,8170,12.9946,8148,2,0x46f01177db,0,2,0,22,25503,8170,12.9946,8148,22,25503
798000,8192,22,16,6,1634303978,22,1634312170,0,8153,12.9905,8114,2,0x075114d5ec,1,1,0,39,25542,8153,12.9905,8114,39,25542
799000,8192,22,16,6,1636351978,22,1636360170,0,8161,12.9924,8130,2,0x10364347e8,1,2,0,31,25573,8161,12.9924,8130,31,25573
800000,8192,22,16,6,1638399978,22,1638408170,0,8161,12.9924,8130,2,0x5182752e60,0,2,0,31,25604,8161,12.9924,8130,31,25604
801000,8192,22,16,6,1640447978,22,1640456170,0,8158,12.9917,8124,2,0x357eda6e64,0,1,0,34,25638,8158,12.9917,8124,34,25638
802000,8192,22,16,6,1642495978,22,1642504170,0,8166,12.9937,8140,2,0x8210d22543,0,2,0,26,25664,8166,12.9937,8140,26,25664
803000,8192,22,16,6,1644543978,22,1644552170,0,8151,12.9900,8110,2,0x288df4d360,0,2,0,41,25705,8151,12.9900,8110,41,25705
804000,8192,22,16,6,1646591978,22,1646600170,0,8161,12.9924,8130,2,0xb2cd480f45,0,2,0,31,25736,8161,12.9924,8130,31,25736
805000,8192,22,16,6,1648639978,22,1648648170,0,8164,12.9932,8136,2,0x2906ccc50e,1,2,0,28,25764,8164,12.9932,8136,28,25764
806000,8192,22,16,6,1650687978,22,1650696170,0,8158,12.9917,8124,2,0x8a0f3040cb,0,2,0,34,25798,8158,12.9917,8124,34,25798
807000,8192,22,16,6,1652735978,22,1652744170,0,8154,12.9907,8116,2,0xf4a21fb530,1,2,0,38,25836,8154,12.9907,8116,38,25836
808000,8192,22,16,6,1654783978,22,1654792170,0,8164,12.9932,8136,2,0x8484cb89eb,1,2,0,28,25864,8164,12.9932,8136,28,25864
809000,8192,22,16,6,1656831978,22,1656840170,0,8160,12.9922,8128,2,0xd8670bdaab,0,2,0,32,25896,8160,12.9922,8128,32,25896
810000,8192,22,16,6,1658879978,22,1658888170,0,8166,12.9937,8140,2,0xa356bd0570,1,1,0,26,25922,8166,12.9937,8140,26,25922
811000,8192,22,16,6,1660927978,22,1660936170,0,8159,12.9919,8126,2,0x59a92ae098,1,2,0,33,25955,8159,12.9919,8126,33,25955
812000,8192,22,16,6,1662975978,22,1662984170,0,8160,12.9922,8128,2,0xd6cd45280c,0,2,0,32,25987,8160,12.9922,8128,32,25987
813000,8192,22,16,6,1665023978,22,1665032170,0,8162,12.9926,8133,3,0xa7506d5b50,0,2,0,29,26016,8162,12.9926,8133,29,26016
814000,8192,22,16,6,1667071978,22,1667080170,0,8162,12.9927,8132,2,0x5df9257332,0,1,0,30,26046,8162,12.9927,8132,30,26046
815000,8192,22,16,6,1669119978,22,1669128170,0,8165,12.9934,8138,2,0x4750ae7dc1,1,2,0,27,26073,8165,12.9934,8138,27,26073
816000,8192,22,16,6,1671167978,22,1671176170,0,8162,12.9927,8132,2,0x439932678e,2,2,0,30,26103,8162,12.9927,8132,30,26103
817000,8192,22,16,6,1673215978,22,1673224170,0,8152,12.9902,8112,2,0x96098cc9e2,1,2,0,40,26143,8152,12.9902,8112,40,26143
818000,8192,22,16,6,1675263978,22,1675272170,0,8155,12.9910,8118,2,0x511e10111c,1,2,0,37,26180,8155,12.9910,8118,37,26180
819000,8192,22,16,6,1677311978,22,1677320170,0,8155,12.9910,8118,2,0x2151843f91,0,1,0,37,26217,8155,12.9910,8118,37,26217
820000,8192,22,16,6,1679359978,22,1679368170,0,8152,12.9901,8113,3,0x149d532955,1,2,0,39,26256,8152,12.9901,8113,39,26256
821000,8192,22,16,6,1681407978,22,1681416170,0,8153,12.9905,8114,2,0xeb70caba1d,1,2,0,39,26295,8153,12.9905,8114,39,26295
822000,8192,22,16,6,1683455978,22,1683464170,0,8163,12.9929,8134,2,0x07920f7b72,0,2,0,29,26324,8163,12.9929,8134,29,26324
823000,8192,22,16,6,1685503978,22,1685512170,0,8161,12.9924,8130,2,0x403595e790,0,2,0,31,26355,8161,12.9924,8130,31,26355
824000,8192,22,16,6,1687551978,22,1687560170,0,8171,12.9949,8150,2,0xae3fa4d393,1,2,0,21,26376,8171,12.9949,8150,21,26376
825000,8192,22,16,6,1689599978,22,1689608170,0,8169,12.9944,8146,2,0xf119098b81,0,2,0,23,26399,8169,12.9944,8146,23,26399
826000,8192,22,16,6,1691647978,22,1691656170,0,8164,12.9932,8136,2,0x0538d6286d,0,0,0,28,26427,8164,12.9932,8136,28,26427
827000,8192,22,16,6,1693695978,22,1693704170,0,8161,12.9924,8130,2,0x381684cd48,0,2,0,31,26458,8161,12.9924,8130,31,26458
828000,8192,22,16,6,1695743978,22,1695752170,0,8160,12.9922,8128,2,0x2f81dcb891,0,2,0,32,26490,8160,12.9922,8128,32,26490
829000,8192,22,16,6,1697791978,22,1697800170,0,8166,12.9937,8140,2,0xff5edd1de2,0,2,0,26,26516,8166,12.9937,8140,26,26516
830000,8192,22,16,6,1699839978,22,1699848170,0,8142,12.9878,8092,2,0xa3101e2022,0,1,0,50,26566,8142,12.9878,8092,50,26566
831000,8192,22,16,6,1701887978,22,1701896170,0,8166,12.9937,8140,2,0x53e6f4789a,0,2,0,26,26592,8166,12.9937,8140,26,26592
832000,8192,22,16,6,1703935978,22,1703944170,0,8162,12.9927,8132,2,0x4536e107bb,0,1,0,30,26622,8162,12.9927,8132,30,26622
833000,8192,22,16,6,1705983978,22,1705992170,0,8165,12.9934,8138,2,0x24fb0b39cb,0,0,0,27,26649,8165,12.9934,8138,27,26649
834000,8192,22,16,6,1708031978,22,1708040170,0,8161,12.9924,8130,2,0xc1bd9c3bf7,0,2,0,31,26680,8161,12.9924,8130,31,26680
835000,8192,22,16,6,1710079978,22,1710088170,0,8154,12.9907,8116,2,0x536269f37d,0,1,0,38,26718,8154,12.9907,8116,38,26718
836000,8192,22,16,6,1712127978,22,1712136170,0,8156,12.9912,8120,2,0x9473938059,0,2,0,36,26754,8156,12.9912,8120,36,26754
837000,8192,22,16,6,1714175978,22,1714184170,0,8150,12.9897,8108,2,0x37b09eb47c,0,0,0,42,26796,8150,12.9897,8108,42,26796
838000,8192,22,16,6,1716223978,22,1716232170,0,8162,12.9927,8132,2,0x3158834a96,0,2,0,30,26826,8162,12.9927,8132,30,26826
839000,8192,22,16,6,1718271978,22,1718280170,0,8151,12.9900,8110,2,0x6a0e36257f,0,2,0,41,26867,8151,12.9900,8110,41,26867
840000,8192,22,16,6,1720319978,22,1720328170,0,8147,12.9890,8102,2,0x084620eb59,0,2,0,45,26912,8147,12.9890,8102,45,26912
841000,8192,22,16,6,1722367978,22,1722376170,0,8153,12.9905,8114,2,0x75cc5acb2b,0,2,0,39,26951,8153,12.9905,8114,39,26951
842000,8192,22,16,6,1724415978,22,1724424170,0,8160,12.9922,8128,2,0x20455d3c89,0,2,0,32,26983,8160,12.9922,8128,32,26983
843000,8192,22,16,6,1726463978,22,1726472170,0,8157,12.9915,8122,2,0xec502c59da,0,2,0,35,27018,8157,12.9915,8122,35,27018
844000,8192,22,16,6,1728511978,22,1728520170,0,8163,12.9929,8134,2,0xcdb07a3d28,0,1,0,29,27047,8163,12.9929,8134,29,27047
845000,8192,22,16,6,1730559978,22,1730568170,0,8152,12.9902,8112,2,0x9f87ea612d,0,2,0,40,27087,8152,12.9902,8112,40,27087
846000,8192,22,16,6,1732607978,22,1732616170,0,8163,12.9929,8134,2,0x051a99d03c,0,2,0,29,27116,8163,12.9929,8134,29,27116
847000,8192,22,16,6,1734655978,22,1734664170,0,8165,12.9934,8138,2,0x57fa4ce5af,1,2,0,27,27143,8165,12.9934,8138,27,27143
848000,8192,22,16,6,1736703978,22,1736712170,0,8154,12.9907,8116,2,0xb7c1488e2e,0,2,0,38,27181,8154,12.9907,8116,38,27181
849000,8192,22,16,6,1738751978,22,1738760170,0,8164,12.9932,8136,2,0x382cf13cf5,0,2,0,28,27209,8164,12.9932,8136,28,27209
850000,8192,22,16,6,1740799978,22,1740808170,0,8162,12.9927,8132,2,0xd0751665d8,0,2,0,30,27239,8162,12.9927,8132,30,27239
851000,8192,22,16,6,1742847978,22,1742856170,0,8163,12.9929,8134,2,0x2c20ebc6e6,0,2,0,29,27268,8163,12.9929,8134,29,27268
852000,8192,22,16,6,1744895978,22,1744904170,0,8167,12.9939,8142,2,0xaa9dabd2d7,0,2,0,25,27293,8167,12.9939,8142,25,27293
853000,8192,22,16,6,1746943978,22,1746952170,0,8161,12.9924,8130,2,0x9d339e4f24,0,2,0,31,27324,8161,12.9924,8130,31,27324
854000,8192,22,16,6,1748991978,22,1749000170,0,8168,12.9941,8144,2,0xfc37ea2158,0,1,0,24,27348,8168,12.9941,8144,24,27348
855000,8192,22,16,6,1751039978,22,1751048170,0,8166,12.9937,8140,2,0x0e26f56778,0,2,0,26,27374,8166,12.9937,8140,26,27374
856000,8192,22,16,6,1753087978,22,1753096170,0,8167,12.9939,8142,2,0x6ad4b74c27,0,2,0,25,27399,8167,12.9939,8142,25,27399
857000,8192,22,16,6,1755135978,22,1755144170,0,8169,12.9944,8146,2,0x2b8731b19b,0,2,0,23,27422,8169,12.9944,8146,23,27422
858000,8192,22,16,6,1757183978,22,1757192170,0,8169,12.9944,8146,2,0x6b8f03aaaa,0,2,0,23,27445,8169,12.9944,8146,23,27445
859000,8192,22,16,6,1759231978,22,1759240170,0,8161,12.9924,8130,2,0xa28a51a3e6,0,2,0,31,27476,8161,12.9924,8130,31,27476
860000,8192,22,16,6,1761279978,22,1761288170,0,8164,12.9932,8136,2,0xe45ade6bb0,0,2,0,28,27504,8164,12.9932,8136,28,27504
861000,8192,22,16,6,1763327978,22,1763336170,0,8151,12.9900,8110,2,0x17b7a41c5f,0,2,0,41,27545,8151,12.9900,8110,41,27545
862000,8192,22,16,6,1765375978,22,1765384170,0,8161,12.9924,8130,2,0x1ed1a85103,0,2,0,31,27576,8161,12.9924,8130,31,27576
863000,8192,22,16,6,1767423978,22,1767432170,0,8164,12.9932,8136,2,0x79f6ee18b1,1,2,0,28,27604,8164,12.9932,8136,28,27604
864000,8192,22,16,6,1769471978,22,1769480170,0,8144,12.9882,8097,3,0xaab9581860,0,1,0,47,27651,8144,12.9882,8097,47,27651
865000,8192,22,16,6,1771519978,22,1771528170,0,8150,12.9897,8108,2,0x303c9fbc00,0,2,0,42,27693,8150,12.9897,8108,42,27693
866000,8192,22,16,6,1773567978,22,1773576170,0,8168,12.9940,8145,3,0x5af9215912,0,1,0,23,27716,8168,12.9940,8145,23,27716
867000,8192,22,16,6,1775615978,22,1775624170,0,8153,12.9905,8114,2,0x2e89a2b204,1,1,0,39,27755,8153,12.9905,8114,39,27755
868000,8192,22,16,6,1777663978,22,1777672170,0,8171,12.9949,8150,2,0x8ae51671f2,0,1,0,21,27776,8171,12.9949,8150,21,27776
869000,8192,22,16,6,1779711978,22,1779720170,0,8158,12.9916,8125,3,0xfaacb41629,0,2,0,33,27809,8158,12.9916,8125,33,27809
870000,8192,22,16,6,1781759978,22,1781768170,0,8169,12.9944,8146,2,0xaa39135866,0,1,0,23,27832,8169,12.9944,8146,23,27832
871000,8192,22,16,6,1783807978,22,1783816170,0,8167,12.9939,8142,2,0xe2c0735139,0,1,0,25,27857,8167,12.9939,8142,25,27857
872000,8192,22,16,6,1785855978,22,1785864170,0,8158,12.9917,8124,2,0xa84c0d2385,1,2,0,34,27891,8158,12.9917,8124,34,27891
873000,8192,22,16,6,1787903978,22,1787912170,0,8167,12.9939,8142,2,0xeaa6a20d0b,0,2,0,25,27916,8167,12.9939,8142,25,27916
874000,8192,22,16,6,1789951978,22,1789960170,0,8169,12.9944,8146,2,0xe87cf6e4aa,1,2,0,23,27939,8169,12.9944,8146,23,27939
875000,8192,22,16,6,1791999978,22,1792008170,0,8167,12.9939,8142,2,0xe888eff66c,0,2,0,25,27964,8167,12.9939,8142,25,27964
876000,8192,22,16,6,1794047978,22,1794056170,0,8155,12.9910,8118,2,0x11031ada36,0,2,0,37,28001,8155,12.9910,8118,37,28001
877000,8192,22,16,6,1796095978,22,1796104170,0,8155,12.9910,8118,2,0x2cdd3c8e3b,1,1,0,37,28038,8155,12.9910,8118,37,28038
878000,8192,22,16,6,1798143978,22,1798152170,0,8154,12.9907,8116,2,0x3feb154e51,0,2,0,38,28076,8154,12.9907,8116,38,28076
879000,8192,22,16,6,1800191978,22,1800200170,0,8169,12.9944,8146,2,0xafb13341f8,0,2,0,23,28099,8169,12.9944,8146,23,28099
880000,8192,22,16,6,1802239978,22,1802248170,0,8166,12.9937,8140,2,0x1469846eeb,1,2,0,26,28125,8166,12.9937,8140,26,28125
881000,8192,22,16,6,1804287978,22,1804296170,0,8167,12.9939,8142,2,0xc9e69b991a,0,2,0,25,28150,8167,12.9939,8142,25,28150
882000,8192,22,16,6,1806335978,22,1806344170,0,8161,12.9924,8130,2,0xfc928ce396,1,2,0,31,28181,8161,12.9924,8130,31,28181
883000,8192,22,16,6,1808383978,22,1808392170,0,8161,12.9924,8130,2,0x2c2f1c2c91,0,2,0,31,28212,8161,12.9924,8130,31,28212
884000,8192,22,16,6,1810431978,22,1810440170,0,8162,12.9927,8132,2,0x502238fc0a,1,2,0,30,28242,8162,12.9927,8132,30,28242
885000,8192,22,16,6,1812479978,22,1812488170,0,8148,12.9892,8105,3,0xc53166fe45,0,2,0,43,28285,8148,12.9892,8105,43,28285
886000,8192,22,16,6,1814527978,22,1814536170,0,8163,12.9928,8135,3,0x6a34e1ebca,0,2,0,28,28313,8163,12.9928,8135,28,28313
887000,8192,22,16,6,1816575978,22,1816584170,0,8167,12.9939,8142,2,0x2f1f6624fb,0,2,0,25,28338,8167,12.9939,8142,25,28338
888000,8192,22,16,6,1818623978,22,1818632170,0,8160,12.9922,8128,2,0xe302378da4,0,1,0,32,28370,8160,12.9922,8128,32,28370
889000,8192,22,16,6,1820671978,22,1820680170,0,8154,12.9907,8116,2,0xd249e192c4,2,2,0,38,28408,8154,12.9907,8116,38,28408
890000,8192,22,16,6,1822719978,22,1822728170,0,8164,12.9932,8136,2,0x4355d15641,0,2,0,28,28436,8164,12.9932,8136,28,28436
891000,8192,22,16,6,1824767978,22,1824776170,0,8152,12.9902,8112,2,0x027d0e3eab,1,2,0,40,28476,8152,12.9902,8112,40,28476
892000,8192,22,16,6,1826815978,22,1826824170,0,8150,12.9897,8108,2,0x17659b98a2,0,2,0,42,28518,8150,12.9897,8108,42,28518
893000,8192,22,16,6,1828863978,22,1828872170,0,8167,12.9939,8142,2,0x8288d82e8a,0,2,0,25,28543,8167,12.9939,8142,25,28543
894000,8192,22,16,6,1830911978,22,1830920170,0,8159,12.9919,8127,3,0x5ff7945a89,0,0,0,32,28575,8159,12.9919,8127,32,28575
895000,8192,22,16,6,1832959978,22,1832968170,0,8152,12.9902,8112,2,0xf1265e3a99,0,2,0,40,28615,8152,12.9902,8112,40,28615
896000,8192,22,16,6,1835007978,22,1835016170,0,8160,12.9922,8128,2,0x1125afdc02,0,1,0,32,28647,8160,12.9922,8128,32,28647
897000,8192,22,16,6,1837055978,22,1837064170,0,8165,12.9934,8138,2,0xf87fc302a8,0,1,0,27,28674,8165,12.9934,8138,27,28674
898000,8192,22,16,6,1839103978,22,1839112170,0,8158,12.9917,8124,2,0xb8fa4ad8b6,0,1,0,34,28708,8158,12.9917,8124,34,28708
899000,8192,22,16,6,1841151978,22,1841160170,0,8161,12.9924,8130,2,0x82d504a0ed,0,2,0,31,28739,8161,12.9924,8130,31,28739
900000,8192,22,16,6,1843199978,22,1843208170,0,8158,12.9917,8124,2,0x884e25b16d,1,2,0,34,28773,8158,12.9917,8124,34,28773
901000,8192,22,16,6,1845247978,22,1845256170,0,8161,12.9924,8130,2,0x60c2ddc21c,0,1,0,31,28804,8161,12.9924,8130,31,28804
902000,8192,22,16,6,1847295978,22,1847304170,0,8150,12.9897,8108,2,0x0712dac75d,0,1,0,42,28846,8150,12.9897,8108,42,28846
903000,8192,22,16,6,1849343978,22,1849352170,0,8154,12.9907,8116,2,0x98a4ad9efa,0,2,0,38,28884,8154,12.9907,8116,38,28884
904000,8192,23,17,6,1851391977,23,1851400169,0,8163,12.9929,8134,2,0xfdb906cf39,0,2,0,29,28913,8163,12.9929,8134,29,28913
905000,8192,23,17,6,1853439977,23,1853448169,0,8171,12.9949,8150,2,0xad0808b0de,0,2,0,21,28934,8171,12.9949,8150,21,28934
906000,8192,23,17,6,1855487977,23,1855496169,0,8163,12.9929,8134,2,0xb7375661a8,0,1,0,29,28963,8163,12.9929,8134,29,28963
907000,8192,23,17,6,1857535977,23,1857544169,0,8166,12.9937,8140,2,0x739e459274,0,2,0,26,28989,8166,12.9937,8140,26,28989
908000,8192,23,17,6,1859583977,23,1859592169,0,8156,12.9912,8120,2,0x5932e615b0,1,2,0,36,29025,8156,12.9912,8120,36,29025
909000,8192,23,17,6,1861631977,23,1861640169,0,8148,12.9893,8104,2,0x62779cfa64,1,1,0,44,29069,8148,12.9893,8104,44,29069
910000,8192,24,17,7,1863679976,24,1863688168,0,8150,12.9897,8108,2,0x194a9af80e,0,2,0,42,29111,8150,12.9897,8108,42,29111
911000,8192,24,17,7,1865727976,24,1865736168,0,8154,12.9907,8116,2,0x79bbb9e2e5,1,2,0,38,29149,8154,12.9907,8116,38,29149
912000,8192,24,17,7,1867775976,24,1867784168,0,8153,12.9905,8114,2,0x00a1760776,0,2,0,39,29188,8153,12.9905,8114,39,29188
913000,8192,25,18,7,1869823975,25,1869832167,0,8163,12.9929,8134,2,0x7b71025288,1,2,0,29,29217,8163,12.9929,8134,29,29217
914000,8192,25,18,7,1871871975,25,1871880167,0,8163,12.9929,8134,2,0xf8cc31015f,0,2,0,29,29246,8163,12.9929,8134,29,29246
915000,8192,25,18,7,1873919975,25,1873928167,0,8159,12.9919,8126,2,0x024cd6a909,1,1,0,33,29279,8159,12.9919,8126,33,29279
916000,8192,25,18,7,1875967975,25,1875976167,0,8163,12.9929,8134,2,0xb9041f51b6,0,2,0,29,29308,8163,12.9929,8134,29,29308
917000,8192,25,18,7,1878015975,25,1878024167,0,8156,12.9912,8120,2,0x3e450f9ce0,0,2,0,36,29344,8156,12.9912,8120,36,29344
918000,8192,25,18,7,1880063975,25,1880072167,0,8150,12.9897,8109,3,0x738ae08b1d,0,2,0,41,29385,8150,12.9897,8109,41,29385
919000,8192,25,18,7,1882111975,25,1882120167,0,8154,12.9907,8116,2,0x3b10d6c2be,0,2,0,38,29423,8154,12.9907,8116,38,29423
920000,8192,25,18,7,1884159975,25,1884168167,0,8158,12.9917,8124,2,0xa521284454,2,1,0,34,29457,8158,12.9917,8124,34,29457
921000,8192,25,18,7,1886207975,25,1886216167,0,8154,12.9907,8116,2,0xa455afb845,0,2,0,38,29495,8154,12.9907,8116,38,29495
922000,8192,25,18,7,1888255975,25,1888264167,0,8163,12.9929,8134,2,0x39ff27361c,0,2,0,29,29524,8163,12.9929,8134,29,29524
923000,8192,25,18,7,1890303975,25,1890312167,0,8161,12.9924,8130,2,0x6bc79423a1,0,0,0,31,29555,8161,12.9924,8130,31,29555
924000,8192,25,18,7,1892351975,25,1892360167,0,8162,12.9927,8132,2,0x57920bdf85,0,1,0,30,29585,8162,12.9927,8132,30,29585
925000,8192,25,18,7,1894399975,25,1894408167,0,8162,12.9927,8132,2,0xede3b79c6c,0,2,0,30,29615,8162,12.9927,8132,30,29615
926000,8192,25,18,7,1896447975,25,1896456167,0,8167,12.9939,8142,2,0xe68448413b,0,0,0,25,29640,8167,12.9939,8142,25,29640
927000,8192,25,18,7,1898495975,25,1898504167,0,8156,12.9912,8120,2,0x1aa5b81e9a,0,1,0,36,29676,8156,12.9912,8120,36,29676
928000,8192,25,18,7,1900543975,25,1900552167,0,8156,12.9912,8120,2,0x6a4ea1ea16,0,2,0,36,29712,8156,12.9912,8120,36,29712
929000,8192,25,18,7,1902591975,25,1902600167,0,8159,12.9919,8126,2,0xb704257fa0,0,1,0,33,29745,8159,12.9919,8126,33,29745
930000,8192,25,18,7,1904639975,25,1904648167,0,8163,12.9929,8134,2,0xa58a5dc9fb,0,2,0,29,29774,8163,12.9929,8134,29,29774
931000,8192,25,18,7,1906687975,25,1906696167,0,8160,12.9922,8128,2,0xcb76c95167,0,2,0,32,29806,8160,12.9922,8128,32,29806
932000,8192,25,18,7,1908735975,25,1908744167,0,8156,12.9912,8120,2,0xd9668b44d3,0,2,0,36,29842,8156,12.9912,8120,36,29842
933000,8192,25,18,7,1910783975,25,1910792167,0,8163,12.9929,8134,2,0x073e1be94c,0,2,0,29,29871,8163,12.9929,8134,29,29871
934000,8192,25,18,7,1912831975,25,1912840167,0,8159,12.9919,8126,2,0x496674702d,1,2,0,33,29904,8159,12.9919,8126,33,29904
935000,8192,25,18,7,1914879975,25,1914888167,0,8156,12.9912,8120,2,0x868fde5260,0,2,0,36,29940,8156,12.9912,8120,36,29940
936000,8192,25,18,7,1916927975,25,1916936167,0,8148,12.9893,8104,2,0xa45f2cf1f7,2,2,0,44,29984,8148,12.9893,8104,44,29984
937000,8192,25,18,7,1918975975,25,1918984167,0,8153,12.9905,8114,2,0x91c2bdf34f,0,2,0,39,30023,8153,12.9905,8114,39,30023
938000,8192,25,18,7,1921023975,25,1921032167,0,8165,12.9934,8138,2,0x688fbafc58,0,1,0,27,30050,8165,12.9934,8138,27,30050
939000,8192,25,18,7,1923071975,25,1923080167,0,8157,12.9915,8122,2,0x7c8d48a04f,0,1,0,35,30085,8157,12.9915,8122,35,30085
940000,8192,25,18,7,1925119975,25,1925128167,0,8157,12.9915,8122,2,0xf84ac32d7e,0,1,0,35,30120,8157,12.9915,8122,35,30120
941000,8192,25,18,7,1927167975,25,1927176167,0,8152,12.9902,8112,2,0xaf0cffc713,0,1,0,40,30160,8152,12.9902,8112,40,30160
942000,8192,25,18,7,1929215975,25,1929224167,0,8157,12.9915,8122,2,0x13122e83b0,0,2,0,35,30195,8157,12.9915,8122,35,30195
943000,8192,25,18,7,1931263975,25,1931272167,0,8165,12.9934,8138,2,0x7eede3a166,0,2,0,27,30222,8165,12.9934,8138,27,30222
944000,8192,25,18,7,1933311975,25,1933320167,0,8153,12.9905,8114,2,0x6552121743,0,1,0,39,30261,8153,12.9905,8114,39,30261
945000,8192,25,18,7,1935359975,25,1935368167,0,8160,12.9922,8128,2,0x9451c34f41,0,2,0,32,30293,8160,12.9922,8128,32,30293
946000,8192,25,18,7,1937407975,25,1937416167,0,8163,12.9929,8134,2,0x2281d44f48,1,2,0,29,30322,8163,12.9929,8134,29,30322
947000,8192,25,18,7,1939455975,25,1939464167,0,8162,12.9927,8132,2,0x728ce69a10,1,2,0,30,30352,8162,12.9927,8132,30,30352
948000,8192,25,18,7,1941503975,25,1941512167,0,8158,12.9917,8124,2,0x24619278de,1,1,0,34,30386,8158,12.9917,8124,34,30386
949000,8192,25,18,7,1943551975,25,1943560167,0,8161,12.9924,8130,2,0xe44980a4a0,0,2,0,31,30417,8161,12.9924,8130,31,30417
950000,8192,25,18,7,1945599975,25,1945608167,0,8160,12.9922,8128,2,0x6e071afa02,0,2,0,32,30449,8160,12.9922,8128,32,30449
951000,8192,25,18,7,1947647975,25,1947656167,0,8162,12.9927,8132,2,0x33f187bad4,0,2,0,30,30479,8162,12.9927,8132,30,30479
952000,8192,25,18,7,1949695975,25,1949704167,0,8158,12.9917,8124,2,0x5c05a3a1c4,0,2,0,34,30513,8158,12.9917,8124,34,30513
953000,8192,25,18,7,1951743975,25,1951752167,0,8157,12.9915,8122,2,0x59acc0a077,0,2,0,35,30548,8157,12.9915,8122,35,30548
954000,8192,25,18,7,1953791975,25,1953800167,0,8159,12.9919,8126,2,0x92c4fb6f41,1,1,0,33,30581,8159,12.9919,8126,33,30581
955000,8192,25,18,7,1955839975,25,1955848167,0,8161,12.9923,8131,3,0x70bccc0e7b,0,1,0,30,30611,8161,12.9923,8131,30,30611
956000,8192,25,18,7,1957887975,25,1957896167,0,8162,12.9927,8132,2,0xd8728ea57e,1,2,0,30,30641,8162,12.9927,8132,30,30641
957000,8192,25,18,7,1959935975,25,1959944167,0,8163,12.9929,8134,2,0x7976b9e1e8,0,1,0,29,30670,8163,12.9929,8134,29,30670
958000,8192,25,18,7,1961983975,25,1961992167,0,8164,12.9932,8136,2,0x0c79d7969b,1,2,0,28,30698,8164,12.9932,8136,28,30698
959000,8192,25,18,7,1964031975,25,1964040167,0,8160,12.9922,8128,2,0xdf05fdef25,0,2,0,32,30730,8160,12.9922,8128,32,30730
960000,8192,25,18,7,1966079975,25,1966088167,0,8158,12.9917,8124,2,0x991eb74b9c,0,2,0,34,30764,8158,12.9917,8124,34,30764
961000,8192,25,18,7,1968127975,25,1968136167,0,8168,12.9941,8144,2,0x6e11400fc0,1,2,0,24,30788,8168,12.9941,8144,24,30788
962000,8192,25,18,7,1970175975,25,1970184167,0,8156,12.9912,8120,2,0xb846d71e2c,0,2,0,36,30824,8156,12.9912,8120,36,30824
963000,8192,25,18,7,1972223975,25,1972232167,0,8170,12.9946,8148,2,0x8fea5077b0,0,1,0,22,30846,8170,12.9946,8148,22,30846
964000,8192,25,18,7,1974271975,25,1974280167,0,8158,12.9917,8124,2,0xeae892f2a1,0,2,0,34,30880,8158,12.9917,8124,34,30880
965000,8192,25,18,7,1976319975,25,1976328167,0,8151,12.9900,8110,2,0x57cc6cc828,0,2,0,41,30921,8151,12.9900,8110,41,30921
966000,8192,25,18,7,1978367975,25,1978376167,0,8154,12.9907,8116,2,0x62f66ca98b,0,2,0,38,30959,8154,12.9907,8116,38,30959
967000,8192,25,18,7,1980415975,25,1980424167,0,8153,12.9905,8114,2,0x25d2df9642,0,2,0,39,30998,8153,12.9905,8114,39,30998
968000,8192,25,18,7,1982463975,25,1982472167,0,8153,12.9905,8114,2,0xee091d02f4,1,2,0,39,31037,8153,12.9905,8114,39,31037
969000,8192,25,18,7,1984511975,25,1984520167,0,8163,12.9929,8134,2,0xb80b1e2d6f,1,2,0,29,31066,8163,12.9929,8134,29,31066
970000,8192,25,18,7,1986559975,25,1986568167,0,8167,12.9939,8142,2,0xf925cd8f0d,0,1,0,25,31091,8167,12.9939,8142,25,31091
971000,8192,25,18,7,1988607975,25,1988616167,0,8164,12.9932,8136,2,0xc6bb333b1e,0,2,0,28,31119,8164,12.9932,8136,28,31119
972000,8192,25,18,7,1990655975,25,1990664167,0,8164,12.9931,8137,3,0xb4f71b0fc0,1,1,0,27,31146,8164,12.9931,8137,27,31146
973000,8192,25,18,7,1992703975,25,1992712167,0,8155,12.9910,8118,2,0xfe14eda4f0,0,1,0,37,31183,8155,12.9910,8118,37,31183
974000,8192,25,18,7,1994751975,25,1994760167,0,8167,12.9939,8142,2,0xfb1ce28bd0,1,2,0,25,31208,8167,12.9939,8142,25,31208
975000,8192,25,18,7,1996799975,25,1996808167,0,8162,12.9927,8132,2,0x4e5fee3e0e,0,1,0,30,31238,8162,12.9927,8132,30,31238
976000,8192,25,18,7,1998847975,25,1998856167,0,8164,12.9932,8136,2,0xb42bb48908,0,2,0,28,31266,8164,12.9932,8136,28,31266
977000,8192,25,18,7,2000895975,25,2000904167,0,8157,12.9915,8122,2,0xb35a5552c5,1,2,0,35,31301,8157,12.9915,8122,35,31301
978000,8192,25,18,7,2002943975,25,2002952167,0,8160,12.9922,8128,2,0x34f49b07f0,1,1,0,32,31333,8160,12.9922,8128,32,31333
979000,8192,25,18,7,2004991975,25,2005000167,0,8159,12.9919,8127,3,0x6114f91885,0,1,0,32,31365,8159,12.9919,8127,32,31365
980000,8192,25,18,7,2007039975,25,2007048167,0,8155,12.9910,8118,2,0xabba2e73f8,1,2,0,37,31402,8155,12.9910,8118,37,31402
981000,8192,25,18,7,2009087975,25,2009096167,0,8154,12.9906,8117,3,0x7da93fb878,0,1,0,37,31439,8154,12.9906,8117,37,31439
982000,8192,25,18,7,2011135975,25,2011144167,0,8157,12.9915,8122,2,0xf034acf9ef,1,1,0,35,31474,8157,12.9915,8122,35,31474
983000,8192,25,18,7,2013183975,25,2013192167,0,8165,12.9934,8138,2,0xbb52c82b98,1,2,0,27,31501,8165,12.9934,8138,27,31501
984000,8192,25,18,7,2015231975,25,2015240167,0,8162,12.9926,8133,3,0x4603af601a,0,2,0,29,31530,8162,12.9926,8133,29,31530
985000,8192,25,18,7,2017279975,25,2017288167,0,8158,12.9917,8124,2,0x0ed2c9aeec,0,2,0,34,31564,8158,12.9917,8124,34,31564
986000,8192,25,18,7,2019327975,25,2019336167,0,8161,12.9924,8130,2,0xe6ced67cc3,0,2,0,31,31595,8161,12.9924,8130,31,31595
987000,8192,25,18,7,2021375975,25,2021384167,0,8157,12.9915,8122,2,0xa8cd98ebd0,0,2,0,35,31630,8157,12.9915,8122,35,31630
988000,8192,25,18,7,2023423975,25,2023432167,0,8162,12.9927,8132,2,0xa3e624c083,0,2,0,30,31660,8162,12.9927,8132,30,31660
989000,8192,25,18,7,2025471975,25,2025480167,0,8147,12.9890,8102,2,0x769e5f3035,0,2,0,45,31705,8147,12.9890,8102,45,31705
990000,8192,25,18,7,2027519975,25,2027528167,0,8166,12.9937,8140,2,0x3104be280b,1,2,0,26,31731,8166,12.9937,8140,26,31731
991000,8192,25,18,7,2029567975,25,2029576167,0,8164,12.9932,8136,2,0xeb235f8078,0,1,0,28,31759,8164,12.9932,8136,28,31759
992000,8192,25,18,7,2031615975,25,2031624167,0,8144,12.9881,8098,3,0x57b251ebf4,0,2,0,46,31805,8144,12.9881,8098,46,31805
993000,8192,27,20,7,2033663973,27,2033672165,0,8160,12.9922,8128,2,0x33bd30ce3e,0,2,0,32,31837,8160,12.9922,8128,32,31837
994000,8192,27,20,7,2035711973,27,2035720165,0,8168,12.9941,8144,2,0xdab79106fb,0,2,0,24,31861,8168,12.9941,8144,24,31861
995000,8192,27,20,7,2037759973,27,2037768165,0,8164,12.9932,8136,2,0x115bfe104e,1,2,0,28,31889,8164,12.9932,8136,28,31889
996000,8192,27,20,7,2039807973,27,2039816165,0,8159,12.9919,8126,2,0xf5dbf8cadf,0,2,0,33,31922,8159,12.9919,8126,33,31922
997000,8192,27,20,7,2041855973,27,2041864165,0,8152,12.9902,8112,2,0x19ba0bd4f0,0,2,0,40,31962,8152,12.9902,8112,40,31962
998000,8192,27,20,7,2043903973,27,2043912165,0,8155,12.9910,8118,2,0xbf06bc52b6,0,2,0,37,31999,8155,12.9910,8118,37,31999
999000,8192,27,20,7,2045951973,27,2045960165,0,8155,12.9910,8118,2,0x87c11cfc97,0,2,0,37,32036,8155,12.9910,8118,37,32036
1000000,8192,27,20,7,2047999973,27,2048008165,0,8159,12.9919,8126,2,0x538bf4bcfd,0,2,0,33,32069,8159,12.9919,8126,33,32069
1001000,8192,27,20,7,2050047973,27,2050056165,0,8159,12.9919,8126,2,0x7324a2ebbf,0,2,0,33,32102,8159,12.9919,8126,33,32102
1002000,8192,27,20,7,2052095973,27,2052104165,0,8155,12.9910,8118,2,0xa95893afa1,0,1,0,37,32139,8155,12.9910,8118,37,32139
1003000,8192,27,20,7,2054143973,27,2054152165,0,8161,12.9924,8130,2,0xfee4962ce9,0,2,0,31,32170,8161,12.9924,8130,31,32170
1004000,8192,27,20,7,2056191973,27,2056200165,0,8172,12.9951,8152,2,0x00894fa2df,0,2,0,20,32190,8172,12.9951,8152,20,32190
1005000,8192,27,20,7,2058239973,27,2058248165,0,8169,12.9944,8146,2,0xfa0e20ee73,0,1,0,23,32213,8169,12.9944,8146,23,32213
1006000,8192,27,20,7,2060287973,27,2060296165,0,8160,12.9921,8129,3,0x0a773f0147,0,2,0,31,32244,8160,12.9921,8129,31,32244
1007000,8192,27,20,7,2062335973,27,2062344165,0,8165,12.9934,8138,2,0xc7a27065b1,1,1,0,27,32271,8165,12.9934,8138,27,32271
1008000,8192,27,20,7,2064383973,27,2064392165,0,8164,12.9932,8136,2,0xc1b25ae44d,0,1,0,28,32299,8164,12.9932,8136,28,32299
1009000,8192,27,20,7,2066431973,27,2066440165,0,8167,12.9939,8142,2,0x509209a116,0,2,0,25,32324,8167,12.9939,8142,25,32324
1010000,8192,27,20,7,2068479973,27,2068488165,0,8158,12.9917,8124,2,0xf651be7e3d,0,2,0,34,32358,8158,12.9917,8124,34,32358
1011000,8192,27,20,7,2070527973,27,2070536165,0,8148,12.9893,8104,2,0x26dec0ccba,0,2,0,44,32402,8148,12.9893,8104,44,32402
1012000,8192,27,20,7,2072575973,27,2072584165,0,8155,12.9910,8118,2,0xbb02f8a6dc,1,2,0,37,32439,8155,12.9910,8118,37,32439
1013000,8192,27,20,7,2074623973,27,2074632165,0,8165,12.9934,8138,2,0xb6918333f5,0,1,0,27,32466,8165,12.9934,8138,27,32466
1014000,8192,27,20,7,2076671973,27,2076680165,0,8164,12.9932,8136,2,0xfd1b23d442,1,2,0,28,32494,8164,12.9932,8136,28,32494
1015000,8192,27,20,7,2078719973,27,2078728165,0,8161,12.9924,8130,2,0xbbd72a81c7,0,1,0,31,32525,8161,12.9924,8130,31,32525
1016000,8192,27,20,7,2080767973,27,2080776165,0,8165,12.9934,8138,2,0x730927b9d4,1,2,0,27,32552,8165,12.9934,8138,27,32552
1017000,8192,27,20,7,2082815973,27,2082824165,0,8161,12.9923,8131,3,0x7769da9c53,0,0,0,30,32582,8161,12.9923,8131,30,32582
1018000,8192,27,20,7,2084863973,27,2084872165,0,8156,12.9912,8120,2,0xcb7442993b,0,1,0,36,32618,8156,12.9912,8120,36,32618
1019000,8192,27,20,7,2086911973,27,2086920165,0,8151,12.9900,8110,2,0x926340f63f,0,1,0,41,32659,8151,12.9900,8110,41,32659
1020000,8192,27,20,7,2088959973,27,2088968165,0,8167,12.9939,8142,2,0xdae59c0109,0,2,0,25,32684,8167,12.9939,8142,25,32684
1021000,8192,27,20,7,2091007973,27,2091016165,0,8166,12.9937,8140,2,0x02975902ec,0,1,0,26,32710,8166,12.9937,8140,26,32710
1022000,8192,27,20,7,2093055973,27,2093064165,0,8160,12.9921,8129,3,0x485c26ee5f,0,2,0,31,32741,8160,12.9921,8129,31,32741
1023000,8192,27,20,7,2095103973,27,2095112165,0,8165,12.9934,8138,2,0x05f51ef1a8,0,2,0,27,32768,8165,12.9934,8138,27,32768
1024000,8192,28,21,7,2097151972,28,2097160164,0,8164,12.9932,8136,2,0x9bed6e2d46,1,2,0,28,32796,8164,12.9932,8136,28,32796
1025000,8192,28,21,7,2099199972,28,2099208164,0,8158,12.9916,8125,3,0x8add0c4767,0,2,0,33,32829,8158,12.9916,8125,33,32829
1026000,8192,28,21,7,2101247972,28,2101256164,0,8163,12.9929,8134,2,0x09fb69b381,0,2,0,29,32858,8163,12.9929,8134,29,32858
1027000,8192,28,21,7,2103295972,28,2103304164,0,8169,12.9944,8146,2,0x897242f458,1,1,0,23,32881,8169,12.9944,8146,23,32881
1028000,8192,28,21,7,2105343972,28,2105352164,0,8164,12.9932,8136,2,0x43074ba2c5,1,2,0,28,32909,8164,12.9932,8136,28,32909
1029000,8192,28,21,7,2107391972,28,2107400164,0,8159,12.9919,8126,2,0x0d7d907293,0,2,0,33,32942,8159,12.9919,8126,33,32942
1030000,8192,28,21,7,2109439972,28,2109448164,0,8160,12.9922,8128,2,0xf536b394e4,0,1,0,32,32974,8160,12.9922,8128,32,32974
1031000,8192,28,21,7,2111487972,28,2111496164,0,8158,12.9917,8124,2,0xcd810dfcc2,0,2,0,34,33008,8158,12.9917,8124,34,33008
1032000,8192,28,21,7,2113535972,28,2113544164,0,8155,12.9910,8118,2,0x2d9d6c9dc0,1,1,0,37,33045,8155,12.9910,8118,37,33045
1033000,8192,28,21,7,2115583972,28,2115592164,0,8163,12.9929,8134,2,0x8fd9d2a3d4,1,2,0,29,33074,8163,12.9929,8134,29,33074
1034000,8192,28,21,7,2117631972,28,2117640164,0,8147,12.9890,8102,2,0xfe7eea7e0a,0,2,0,45,33119,8147,12.9890,8102,45,33119
1035000,8192,28,21,7,2119679972,28,2119688164,0,8164,12.9932,8136,2,0xcf568e348d,0,1,0,28,33147,8164,12.9932,8136,28,33147
1036000,8192,28,21,7,2121727972,28,2121736164,0,8150,12.9897,8109,3,0x1aa41798b0,0,1,0,41,33188,8150,12.9897,8109,41,33188
1037000,8192,28,21,7,2123775972,28,2123784164,0,8168,12.9941,8144,2,0x9f2cc31d92,0,2,0,24,33212,8168,12.9941,8144,24,33212
1038000,8192,28,21,7,2125823972,28,2125832164,0,8165,12.9934,8138,2,0x388f03c153,1,2,0,27,33239,8165,12.9934,8138,27,33239
1039000,8192,28,21,7,2127871972,28,2127880164,0,8158,12.9917,8124,2,0x0c0b49b10f,0,1,0,34,33273,8158,12.9917,8124,34,33273
1040000,8192,28,21,7,2129919972,28,2129928164,0,8162,12.9927,8132,2,0xcf92a9c494,0,2,0,30,33303,8162,12.9927,8132,30,33303
1041000,8192,28,21,7,2131967972,28,2131976164,0,8158,12.9917,8124,2,0x79b7f96913,2,2,0,34,33337,8158,12.9917,8124,34,33337
1042000,8192,29,22,7,2134015971,29,2134024163,0,8157,12.9915,8122,2,0xcaa3810456,0,0,0,35,33372,8157,12.9915,8122,35,33372
1043000,8192,29,22,7,2136063971,29,2136072163,0,8161,12.9924,8130,2,0xa93183866f,0,2,0,31,33403,8161,12.9924,8130,31,33403
1044000,8192,29,22,7,2138111971,29,2138120163,0,8158,12.9917,8124,2,0x5005d980b8,0,1,0,34,33437,8158,12.9917,8124,34,33437
1045000,8192,29,22,7,2140159971,29,2140168163,0,8159,12.9919,8126,2,0xd609fb094b,0,1,0,33,33470,8159,12.9919,8126,33,33470
1046000,8192,29,22,7,2142207971,29,2142216163,0,8166,12.9937,8140,2,0xdbe99bbb27,0,2,0,26,33496,8166,12.9937,8140,26,33496
1047000,8192,29,22,7,2144255971,29,2144264163,0,8170,12.9946,8148,2,0x1a2e3ebb69,0,2,0,22,33518,8170,12.9946,8148,22,33518
1048000,8192,29,22,7,2146303971,29,2146312163,0,8161,12.9923,8131,3,0x7544491f16,2,2,0,30,33548,8161,12.9923,8131,30,33548
1049000,8192,29,22,7,2148351971,29,2148360163,0,8164,12.9932,8136,2,0x6d3774a3d2,0,1,0,28,33576,8164,12.9932,8136,28,33576
1050000,8192,29,22,7,2150399971,29,2150408163,0,8153,12.9905,8114,2,0x4b2a6042b0,0,1,0,39,33615,8153,12.9905,8114,39,33615
1051000,8192,29,22,7,2152447971,29,2152456163,0,8171,12.9949,8150,2,0xdeb7c7aa10,1,2,0,21,33636,8171,12.9949,8150,21,33636
1052000,8192,29,22,7,2154495971,29,2154504163,0,8162,12.9927,8132,2,0x85c6b713a6,0,2,0,30,33666,8162,12.9927,8132,30,33666
1053000,8192,29,22,7,2156543971,29,2156552163,0,8162,12.9927,8132,2,0xb30a3cf1aa,0,0,0,30,33696,8162,12.9927,8132,30,33696
1054000,8192,29,22,7,2158591971,29,2158600163,0,8160,12.9922,8128,2,0x27bfaf8012,0,2,0,32,33728,8160,12.9922,8128,32,33728
1055000,8192,29,22,7,2160639971,29,2160648163,0,8162,12.9926,8133,3,0x0050fe2b7c,1,1,0,29,33757,8162,12.9926,8133,29,33757
1056000,8192,29,22,7,2162687971,29,2162696163,0,8170,12.9946,8148,2,0xa57424c60b,0,2,0,22,33779,8170,12.9946,8148,22,33779
1057000,8192,29,22,7,2164735971,29,2164744163,0,8155,12.9910,8118,2,0xdd8aa66c99,0,2,0,37,33816,8155,12.9910,8118,37,33816
1058000,8192,29,22,7,2166783971,29,2166792163,0,8171,12.9949,8150,2,0x0127768d4a,0,2,0,21,33837,8171,12.9949,8150,21,33837
1059000,8192,29,22,7,2168831971,29,2168840163,0,8161,12.9924,8130,2,0xe335f337cd,0,2,0,31,33868,8161,12.9924,8130,31,33868
1060000,8192,29,22,7,2170879971,29,2170888163,0,8166,12.9937,8140,2,0x9bf4cf5552,0,2,0,26,33894,8166,12.9937,8140,26,33894
1061000,8192,29,22,7,2172927971,29,2172936163,0,8162,12.9927,8132,2,0x5025f1d801,0,2,0,30,33924,8162,12.9927,8132,30,33924
1062000,8192,29,22,7,2174975971,29,2174984163,0,8169,12.9944,8146,2,0x9c8b8966a5,0,2,0,23,33947,8169,12.9944,8146,23,33947
1063000,8192,29,22,7,2177023971,29,2177032163,0,8163,12.9928,8135,3,0xf9ce00b4cd,0,1,0,28,33975,8163,12.9928,8135,28,33975
1064000,8192,31,24,7,2179071969,31,2179080161,0,8162,12.9927,8132,2,0x845d4c9bed,0,2,0,30,34005,8162,12.9927,8132,30,34005
1065000,8192,31,24,7,2181119969,31,2181128161,0,8161,12.9924,8130,2,0x6689114b45,0,2,0,31,34036,8161,12.9924,8130,31,34036
1066000,8192,31,24,7,2183167969,31,2183176161,0,8162,12.9926,8133,3,0xfb5e522f24,1,2,0,29,34065,8162,12.9926,8133,29,34065
1067000,8192,31,24,7,2185215969,31,2185224161,0,8162,12.9927,8132,2,0x03c9963336,0,2,0,30,34095,8162,12.9927,8132,30,34095
1068000,8192,31,24,7,2187263969,31,2187272161,0,8153,12.9905,8114,2,0x20670ce545,0,1,0,39,34134,8153,12.9905,8114,39,34134
1069000,8192,31,24,7,2189311969,31,2189320161,0,8157,12.9915,8122,2,0x27f7838e99,0,2,0,35,34169,8157,12.9915,8122,35,34169
1070000,8192,31,24,7,2191359969,31,2191368161,0,8163,12.9928,8135,3,0x8af3f98be3,0,2,0,28,34197,8163,12.9928,8135,28,34197
1071000,8192,31,24,7,2193407969,31,2193416161,0,8163,12.9929,8134,2,0x2ea7742750,1,2,0,29,34226,8163,12.9929,8134,29,34226
1072000,8192,31,24,7,2195455969,31,2195464161,0,8157,12.9915,8122,2,0x8053a6ec94,0,2,0,35,34261,8157,12.9915,8122,35,34261
1073000,8192,31,24,7,2197503969,31,2197512161,0,8165,12.9934,8138,2,0xafc510858f,0,2,0,27,34288,8165,12.9934,8138,27,34288
1074000,8192,31,24,7,2199551969,31,2199560161,0,8159,12.9919,8127,3,0x88de4c3729,0,2,0,32,34320,8159,12.9919,8127,32,34320
1075000,8192,31,24,7,2201599969,31,2201608161,0,8165,12.9934,8138,2,0x1411d93b60,0,2,0,27,34347,8165,12.9934,8138,27,34347
1076000,8192,31,24,7,2203647969,31,2203656161,0,8152,12.9902,8112,2,0x1983e8f765,0,2,0,40,34387,8152,12.9902,8112,40,34387
1077000,8192,31,24,7,2205695969,31,2205704161,0,8167,12.9939,8142,2,0xef762015f0,0,2,0,25,34412,8167,12.9939,8142,25,34412
1078000,8192,31,24,7,2207743969,31,2207752161,0,8174,12.9956,8156,2,0x748080ec59,1,1,0,18,34430,8174,12.9956,8156,18,34430
1079000,8192,31,24,7,2209791969,31,2209800161,0,8162,12.9927,8132,2,0x2d5f3c778a,0,1,0,30,34460,8162,12.9927,8132,30,34460
1080000,8192,32,25,7,2211839968,32,2211848160,0,8160,12.9921,8129,3,0x83e5b1f05e,1,2,0,31,34491,8160,12.9921,8129,31,34491
1081000,8192,32,25,7,2213887968,32,2213896160,0,8163,12.9929,8134,2,0x7bc5ef00d0,0,2,0,29,34520,8163,12.9929,8134,29,34520
1082000,8192,33,25,8,2215935967,33,2215944159,0,8154,12.9907,8116,2,0x0acd43f82a,0,2,0,38,34558,8154,12.9907,8116,38,34558
1083000,8192,33,25,8,2217983967,33,2217992159,0,8155,12.9910,8118,2,0x552e13c7eb,0,2,0,37,34595,8155,12.9910,8118,37,34595
1084000,8192,33,25,8,2220031967,33,2220040159,0,8169,12.9944,8146,2,0x85d7803b31,0,1,0,23,34618,8169,12.9944,8146,23,34618
1085000,8192,33,25,8,2222079967,33,2222088159,0,8164,12.9932,8136,2,0xe029e9aba3,0,2,0,28,34646,8164,12.9932,8136,28,34646
1086000,8192,33,25,8,2224127967,33,2224136159,0,8162,12.9927,8132,2,0x6a32e95236,0,1,0,30,34676,8162,12.9927,8132,30,34676
1087000,8192,33,25,8,2226175967,33,2226184159,0,8165,12.9933,8139,3,0x49694bf5ae,0,1,0,26,34702,8165,12.9933,8139,26,34702
1088000,8192,33,25,8,2228223967,33,2228232159,0,8160,12.9922,8128,2,0x775c8c701a,0,2,0,32,34734,8160,12.9922,8128,32,34734
1089000,8192,33,25,8,2230271967,33,2230280159,0,8171,12.9949,8150,2,0xf38e04c85f,0,2,0,21,34755,8171,12.9949,8150,21,34755
1090000,8192,33,25,8,2232319967,33,2232328159,0,8159,12.9919,8126,2,0x134f48351a,1,2,0,33,34788,8159,12.9919,8126,33,34788
1091000,8192,33,25,8,2234367967,33,2234376159,0,8159,12.9919,8126,2,0xc3b27b779d,0,1,0,33,34821,8159,12.9919,8126,33,34821
1092000,8192,33,25,8,2236415967,33,2236424159,0,8173,12.9954,8154,2,0xf6f906489a,1,2,0,19,34840,8173,12.9954,8154,19,34840
1093000,8192,33,25,8,2238463967,33,2238472159,0,8164,12.9932,8136,2,0x39039a5782,0,2,0,28,34868,8164,12.9932,8136,28,34868
1094000,8192,33,25,8,2240511967,33,2240520159,0,8162,12.9927,8132,2,0xc019edb05c,0,2,0,30,34898,8162,12.9927,8132,30,34898
1095000,8192,33,25,8,2242559967,33,2242568159,0,8159,12.9919,8126,2,0x2e6b92a07b,0,1,0,33,34931,8159,12.9919,8126,33,34931
1096000,8192,33,25,8,2244607967,33,2244616159,0,8153,12.9905,8114,2,0x1a2fa2815a,0,2,0,39,34970,8153,12.9905,8114,39,34970
1097000,8192,33,25,8,2246655967,33,2246664159,0,8161,12.9924,8130,2,0x3aa5202c29,0,1,0,31,35001,8161,12.9924,8130,31,35001
1098000,8192,33,25,8,2248703967,33,2248712159,0,8158,12.9917,8124,2,0x2ab7bf27bd,0,2,0,34,35035,8158,12.9917,8124,34,35035
1099000,8192,33,25,8,2250751967,33,2250760159,0,8160,12.9922,8128,2,0x4586245f6f,0,2,0,32,35067,8160,12.9922,8128,32,35067
1100000,8192,33,25,8,2252799967,33,2252808159,0,8162,12.9927,8132,2,0x55f085dbfb,0,2,0,30,35097,8162,12.9927,8132,30,35097
1101000,8192,33,25,8,2254847967,33,2254856159,0,8162,12.9927,8132,2,0xba35901dee,0,2,0,30,35127,8162,12.9927,8132,30,35127
1102000,8192,33,25,8,2256895967,33,2256904159,0,8153,12.9905,8114,2,0x3ef74149de,1,1,0,39,35166,8153,12.9905,8114,39,35166
1103000,8192,33,25,8,2258943967,33,2258952159,0,8160,12.9922,8128,2,0x75bb17dd75,0,1,0,32,35198,8160,12.9922,8128,32,35198
1104000,8192,33,25,8,2260991967,33,2261000159,0,8165,12.9934,8138,2,0xb53d848371,0,2,0,27,35225,8165,12.9934,8138,27,35225
1105000,8192,33,25,8,2263039967,33,2263048159,0,8166,12.9937,8140,2,0x45b9e4eb35,1,1,0,26,35251,8166,12.9937,8140,26,35251
1106000,8192,33,25,8,2265087967,33,2265096159,0,8159,12.9919,8126,2,0x8a3d8b7274,0,1,0,33,35284,8159,12.9919,8126,33,35284
1107000,8192,33,25,8,2267135967,33,2267144159,0,8157,12.9915,8122,2,0x25a8030140,0,2,0,35,35319,8157,12.9915,8122,35,35319
1108000,8192,33,25,8,2269183967,33,2269192159,0,8158,12.9917,8124,2,0x3cbbf38985,0,2,0,34,35353,8158,12.9917,8124,34,35353
1109000,8192,33,25,8,2271231967,33,2271240159,0,8161,12.9922,8132,3,0xe33346ab18,0,2,0,29,35382,8161,12.9922,8132,29,35382
1110000,8192,33,25,8,2273279967,33,2273288159,0,8156,12.9912,8120,2,0xca3931d064,0,0,0,36,35418,8156,12.9912,8120,36,35418
1111000,8192,33,25,8,2275327967,33,2275336159,0,8155,12.9910,8118,2,0xb66fc74442,1,2,0,37,35455,8155,12.9910,8118,37,35455
1112000,8192,33,25,8,2277375967,33,2277384159,0,8169,12.9944,8146,2,0x06257edf22,0,2,0,23,35478,8169,12.9944,8146,23,35478
1113000,8192,33,25,8,2279423967,33,2279432159,0,8162,12.9927,8132,2,0x6aa175327f,0,1,0,30,35508,8162,12.9927,8132,30,35508
1114000,8192,33,25,8,2281471967,33,2281480159,0,8168,12.9941,8144,2,0xd1d0f5325c,0,2,0,24,35532,8168,12.9941,8144,24,35532
1115000,8192,33,25,8,2283519967,33,2283528159,0,8162,12.9927,8132,2,0x6447aa4507,1,2,0,30,35562,8162,12.9927,8132,30,35562
1116000,8192,33,25,8,2285567967,33,2285576159,0,8161,12.9924,8130,2,0xf2db433725,0,1,0,31,35593,8161,12.9924,8130,31,35593
1117000,8192,33,25,8,2287615967,33,2287624159,0,8160,12.9922,8128,2,0x261d693655,0,1,0,32,35625,8160,12.9922,8128,32,35625
1118000,8192,33,25,8,2289663967,33,2289672159,0,8169,12.9944,8146,2,0x3e9756e298,0,2,0,23,35648,8169,12.9944,8146,23,35648
1119000,8192,33,25,8,2291711967,33,2291720159,0,8163,12.9929,8134,2,0xef969d4d12,0,1,0,29,35677,8163,12.9929,8134,29,35677
1120000,8192,33,25,8,2293759967,33,2293768159,0,8156,12.9912,8120,2,0xe27bfaf5fe,0,1,0,36,35713,8156,12.9912,8120,36,35713
1121000,8192,33,25,8,2295807967,33,2295816159,0,8151,12.9899,8111,3,0xba1b9c1147,0,1,0,40,35753,8151,12.9899,8111,40,35753
1122000,8192,33,25,8,2297855967,33,2297864159,0,8155,12.9910,8118,2,0x50b957fba9,0,1,0,37,35790,8155,12.9910,8118,37,35790
1123000,8192,33,25,8,2299903967,33,2299912159,0,8161,12.9924,8130,2,0x2c3dc8c048,0,2,0,31,35821,8161,12.9924,8130,31,35821
1124000,8192,34,26,8,2301951966,34,2301960158,0,8169,12.9944,8146,2,0xde942c818a,0,2,0,23,35844,8169,12.9944,8146,23,35844
1125000,8192,34,26,8,2303999966,34,2304008158,0,8160,12.9922,8128,2,0xc30ee7993f,0,2,0,32,35876,8160,12.9922,8128,32,35876
1126000,8192,34,26,8,2306047966,34,2306056158,0,8161,12.9924,8130,2,0x2963070ad3,0,2,0,31,35907,8161,12.9924,8130,31,35907
1127000,8192,34,26,8,2308095966,34,2308104158,0,8155,12.9910,8118,2,0xde966d17a0,0,1,0,37,35944,8155,12.9910,8118,37,35944
1128000,8192,34,26,8,2310143966,34,2310152158,0,8159,12.9919,8126,2,0x5c1865690b,0,2,0,33,35977,8159,12.9919,8126,33,35977
1129000,8192,34,26,8,2312191966,34,2312200158,0,8162,12.9926,8133,3,0x1f706ff54b,1,1,0,29,36006,8162,12.9926,8133,29,36006
1130000,8192,34,26,8,2314239966,34,2314248158,0,8156,12.9912,8120,2,0x8e5c9f3fde,0,1,0,36,36042,8156,12.9912,8120,36,36042
1131000,8192,34,26,8,2316287966,34,2316296158,0,8155,12.9909,8119,3,0xf2da2ce1fb,0,1,0,36,36078,8155,12.9909,8119,36,36078
1132000,8192,34,26,8,2318335966,34,2318344158,0,8165,12.9934,8138,2,0x8881a2ed08,0,2,0,27,36105,8165,12.9934,8138,27,36105
1133000,8192,34,26,8,2320383966,34,2320392158,0,8160,12.9922,8128,2,0x2e640c488d,0,2,0,32,36137,8160,12.9922,8128,32,36137
1134000,8192,34,26,8,2322431966,34,2322440158,0,8162,12.9927,8132,2,0x4b5ac26cf8,0,1,0,30,36167,8162,12.9927,8132,30,36167
1135000,8192,34,26,8,2324479966,34,2324488158,0,8162,12.9927,8132,2,0x77501883b6,0,2,0,30,36197,8162,12.9927,8132,30,36197
1136000,8192,34,26,8,2326527966,34,2326536158,0,8169,12.9944,8146,2,0x6128bdf37e,0,2,0,23,36220,8169,12.9944,8146,23,36220
1137000,8192,34,26,8,2328575966,34,2328584158,0,8150,12.9897,8108,2,0x4b61f1bef8,0,2,0,42,36262,8150,12.9897,8108,42,36262
1138000,8192,34,26,8,2330623966,34,2330632158,0,8161,12.9924,8130,2,0xc307f4fa2d,0,2,0,31,36293,8161,12.9924,8130,31,36293
1139000,8192,35,27,8,2332671965,35,2332680157,0,8153,12.9905,8114,2,0x958341db97,0,2,0,39,36332,8153,12.9905,8114,39,36332
1140000,8192,35,27,8,2334719965,35,2334728157,0,8138,12.9868,8084,2,0xd8eb3677e8,0,1,0,54,36386,8138,12.9868,8084,54,36386
1141000,8192,35,27,8,2336767965,35,2336776157,0,8159,12.9919,8126,2,0xab54c64cd2,0,2,0,33,36419,8159,12.9919,8126,33,36419
1142000,8192,35,27,8,2338815965,35,2338824157,0,8158,12.9917,8124,2,0x7c66244551,0,2,0,34,36453,8158,12.9917,8124,34,36453
1143000,8192,35,27,8,2340863965,35,2340872157,0,8155,12.9910,8118,2,0x9859957505,0,2,0,37,36490,8155,12.9910,8118,37,36490
1144000,8192,35,27,8,2342911965,35,2342920157,0,8157,12.9915,8122,2,0x7494262f81,0,2,0,35,36525,8157,12.9915,8122,35,36525
1145000,8192,35,27,8,2344959965,35,2344968157,0,8154,12.9907,8116,2,0x9e128d6167,0,2,0,38,36563,8154,12.9907,8116,38,36563
1146000,8192,35,27,8,2347007965,35,2347016157,0,8159,12.9919,8126,2,0x0d8c15acc6,1,2,0,33,36596,8159,12.9919,8126,33,36596
1147000,8192,35,27,8,2349055965,35,2349064157,0,8158,12.9917,8124,2,0x49dcbc2c2e,0,2,0,34,36630,8158,12.9917,8124,34,36630
1148000,8192,35,27,8,2351103965,35,2351112157,0,8163,12.9929,8134,2,0x4ede132846,0,2,0,29,36659,8163,12.9929,8134,29,36659
1149000,8192,35,27,8,2353151965,35,2353160157,0,8155,12.9910,8118,2,0x1536ff07e3,0,2,0,37,36696,8155,12.9910,8118,37,36696
1150000,8192,35,27,8,2355199965,35,2355208157,0,8160,12.9922,8128,2,0xc81e631854,1,1,0,32,36728,8160,12.9922,8128,32,36728
1151000,8192,35,27,8,2357247965,35,2357256157,0,8160,12.9922,8128,2,0xc413a0b925,0,1,0,32,36760,8160,12.9922,8128,32,36760
1152000,8192,35,27,8,2359295965,35,2359304157,0,8159,12.9919,8126,2,0x7d63e5483a,0,2,0,33,36793,8159,12.9919,8126,33,36793
1153000,8192,35,27,8,2361343965,35,2361352157,0,8160,12.9922,8128,2,0x9509dac239,0,2,0,32,36825,8160,12.9922,8128,32,36825
1154000,8192,35,27,8,2363391965,35,2363400157,0,8162,12.9927,8132,2,0x5ab5315a6d,0,2,0,30,36855,8162,12.9927,8132,30,36855
1155000,8192,35,27,8,2365439965,35,2365448157,0,8156,12.9912,8120,2,0x73b13c28fa,0,1,0,36,36891,8156,12.9912,8120,36,36891
1156000,8192,35,27,8,2367487965,35,2367496157,0,8172,12.9951,8152,2,0xf07cdcaa2d,0,2,0,20,36911,8172,12.9951,8152,20,36911
1157000,8192,35,27,8,2369535965,35,2369544157,0,8160,12.9922,8128,2,0x3c81b3137d,0,2,0,32,36943,8160,12.9922,8128,32,36943
1158000,8192,35,27,8,2371583965,35,2371592157,0,8159,12.9919,8126,2,0x5ec25c18c1,0,1,0,33,36976,8159,12.9919,8126,33,36976
1159000,8192,35,27,8,2373631965,35,2373640157,0,8170,12.9946,8148,2,0x543dd63555,0,1,0,22,36998,8170,12.9946,8148,22,36998
1160000,8192,35,27,8,2375679965,35,2375688157,0,8167,12.9939,8142,2,0x48c2b5ef75,0,2,0,25,37023,8167,12.9939,8142,25,37023
1161000,8192,35,27,8,2377727965,35,2377736157,0,8153,12.9905,8114,2,0xee72bc8ab1,0,2,0,39,37062,8153,12.9905,8114,39,37062
1162000,8192,35,27,8,2379775965,35,2379784157,0,8162,12.9927,8132,2,0x4aaea10e37,0,2,0,30,37092,8162,12.9927,8132,30,37092
1163000,8192,35,27,8,2381823965,35,2381832157,0,8156,12.9912,8120,2,0x2ca0a0923a,0,1,0,36,37128,8156,12.9912,8120,36,37128
1164000,8192,35,27,8,2383871965,35,2383880157,0,8164,12.9932,8136,2,0x4f7bff8a64,0,2,0,28,37156,8164,12.9932,8136,28,37156
1165000,8192,35,27,8,2385919965,35,2385928157,0,8168,12.9941,8144,2,0x72fcc1df99,0,2,0,24,37180,8168,12.9941,8144,24,37180
1166000,8192,35,27,8,2387967965,35,2387976157,0,8166,12.9937,8140,2,0x464682ff2a,0,0,0,26,37206,8166,12.9937,8140,26,37206
1167000,8192,35,27,8,2390015965,35,2390024157,0,8159,12.9919,8126,2,0xae51b2d828,1,2,0,33,37239,8159,12.9919,8126,33,37239
1168000,8192,35,27,8,2392063965,35,2392072157,0,8164,12.9932,8136,2,0xc162306386,0,2,0,28,37267,8164,12.9932,8136,28,37267
1169000,8192,35,27,8,2394111965,35,2394120157,0,8170,12.9946,8148,2,0x4c7496047d,0,1,0,22,37289,8170,12.9946,8148,22,37289
1170000,8192,35,27,8,2396159965,35,2396168157,0,8167,12.9939,8142,2,0xba886a8da2,0,2,0,25,37314,8167,12.9939,8142,25,37314
1171000,8192,35,27,8,2398207965,35,2398216157,0,8164,12.9932,8136,2,0x1d40db299d,0,2,0,28,37342,8164,12.9932,8136,28,37342
1172000,8192,35,27,8,2400255965,35,2400264157,0,8166,12.9937,8140,2,0xdc95c9a931,0,1,0,26,37368,8166,12.9937,8140,26,37368
1173000,8192,35,27,8,2402303965,35,2402312157,0,8159,12.9919,8126,2,0x00e2c77b85,1,2,0,33,37401,8159,12.9919,8126,33,37401
1174000,8192,35,27,8,2404351965,35,2404360157,0,8161,12.9924,8130,2,0x2e4325cfde,1,1,0,31,37432,8161,12.9924,8130,31,37432
1175000,8192,35,27,8,2406399965,35,2406408157,0,8161,12.9924,8130,2,0x9a1311b50f,0,2,0,31,37463,8161,12.9924,8130,31,37463
1176000,8192,35,27,8,2408447965,35,2408456157,0,8157,12.9915,8122,2,0xdf3f486fd9,0,2,0,35,37498,8157,12.9915,8122,35,37498
1177000,8192,35,27,8,2410495965,35,2410504157,0,8157,12.9915,8122,2,0x546fb2bea4,0,2,0,35,37533,8157,12.9915,8122,35,37533
1178000,8192,35,27,8,2412543965,35,2412552157,0,8168,12.9941,8144,2,0xd95fb1a07c,1,2,0,24,37557,8168,12.9941,8144,24,37557
1179000,8192,35,27,8,2414591965,35,2414600157,0,8156,12.9912,8120,2,0xc93af71cf4,0,2,0,36,37593,8156,12.9912,8120,36,37593
1180000,8192,35,27,8,2416639965,35,2416648157,0,8171,12.9949,8150,2,0x16cb64d066,1,1,0,21,37614,8171,12.9949,8150,21,37614
1181000,8192,35,27,8,2418687965,35,2418696157,0,8166,12.9937,8140,2,0xac28687258,0,1,0,26,37640,8166,12.9937,8140,26,37640
1182000,8192,35,27,8,2420735965,35,2420744157,0,8158,12.9917,8124,2,0xd99df0c070,1,2,0,34,37674,8158,12.9917,8124,34,37674
1183000,8192,35,27,8,2422783965,35,2422792157,0,8160,12.9922,8128,2,0x9a5bca6396,1,2,0,32,37706,8160,12.9922,8128,32,37706
1184000,8192,35,27,8,2424831965,35,2424840157,0,8165,12.9934,8138,2,0x0b58642a0b,0,2,0,27,37733,8165,12.9934,8138,27,37733
1185000,8192,35,27,8,2426879965,35,2426888157,0,8168,12.9941,8144,2,0xdaccca20ff,0,2,0,24,37757,8168,12.9941,8144,24,37757
1186000,8192,35,27,8,2428927965,35,2428936157,0,8155,12.9910,8118,2,0xe9d5cab674,0,0,0,37,37794,8155,12.9910,8118,37,37794
1187000,8192,35,27,8,2430975965,35,2430984157,0,8162,12.9927,8132,2,0x7fa19a5e42,0,2,0,30,37824,8162,12.9927,8132,30,37824
1188000,8192,35,27,8,2433023965,35,2433032157,0,8169,12.9944,8146,2,0x0d2888dbc3,0,2,0,23,37847,8169,12.9944,8146,23,37847
1189000,8192,35,27,8,2435071965,35,2435080157,0,8161,12.9924,8130,2,0x0297e0ccb5,0,2,0,31,37878,8161,12.9924,8130,31,37878
1190000,8192,35,27,8,2437119965,35,2437128157,0,8160,12.9922,8128,2,0x5bb7eb9f0a,0,2,0,32,37910,8160,12.9922,8128,32,37910
1191000,8192,35,27,8,2439167965,35,2439176157,0,8176,12.9961,8160,2,0x02a340f825,0,1,0,16,37926,8176,12.9961,8160,16,37926
1192000,8192,35,27,8,2441215965,35,2441224157,0,8155,12.9910,8118,2,0x507d10db11,1,2,0,37,37963,8155,12.9910,8118,37,37963
1193000,8192,35,27,8,2443263965,35,2443272157,0,8161,12.9924,8130,2,0x3f1295a783,0,2,0,31,37994,8161,12.9924,8130,31,37994
1194000,8192,35,27,8,2445311965,35,2445320157,0,8157,12.9915,8122,2,0xeb340a695a,0,2,0,35,38029,8157,12.9915,8122,35,38029
1195000,8192,35,27,8,2447359965,35,2447368157,0,8168,12.9941,8144,2,0xc3a6bdeb1f,0,2,0,24,38053,8168,12.9941,8144,24,38053
1196000,8192,35,27,8,2449407965,35,2449416157,0,8163,12.9929,8134,2,0xe72d486a7c,0,1,0,29,38082,8163,12.9929,8134,29,38082
1197000,8192,35,27,8,2451455965,35,2451464157,0,8162,12.9927,8132,2,0xe11acb060b,0,1,0,30,38112,8162,12.9927,8132,30,38112
1198000,8192,35,27,8,2453503965,35,2453512157,0,8151,12.9900,8110,2,0x3f4f7ac24f,1,1,0,41,38153,8151,12.9900,8110,41,38153
1199000,8192,35,27,8,2455551965,35,2455560157,0,8169,12.9944,8146,2,0x1635b12ddb,0,1,0,23,38176,8169,12.9944,8146,23,38176
1200000,8192,35,27,8,2457599965,35,2457608157,0,8167,12.9939,8142,2,0x48407bc58e,0,2,0,25,38201,8167,12.9939,8142,25,38201
1201000,8192,35,27,8,2459647965,35,2459656157,0,8167,12.9939,8142,2,0x2d7390b39b,0,1,0,25,38226,8167,12.9939,8142,25,38226
1202000,8192,35,27,8,2461695965,35,2461704157,0,8171,12.9949,8150,2,0x763c023eec,0,2,0,21,38247,8171,12.9949,8150,21,38247
1203000,8192,35,27,8,2463743965,35,2463752157,0,8160,12.9922,8128,2,0x4fa5bbd768,0,2,0,32,38279,8160,12.9922,8128,32,38279
1204000,8192,35,27,8,2465791965,35,2465800157,0,8155,12.9910,8118,2,0x72a955e517,0,2,0,37,38316,8155,12.9910,8118,37,38316
1205000,8192,35,27,8,2467839965,35,2467848157,0,8165,12.9934,8138,2,0x3364bad577,0,2,0,27,38343,8165,12.9934,8138,27,38343
1206000,8192,35,27,8,2469887965,35,2469896157,0,8158,12.9917,8124,2,0xa55a2443bf,0,0,0,34,38377,8158,12.9917,8124,34,38377
1207000,8192,35,27,8,2471935965,35,2471944157,0,8157,12.9915,8122,2,0xc5b4a29340,1,2,0,35,38412,8157,12.9915,8122,35,38412
1208000,8192,35,27,8,2473983965,35,2473992157,0,8167,12.9939,8142,2,0x22ab72078a,0,2,0,25,38437,8167,12.9939,8142,25,38437
1209000,8192,35,27,8,2476031965,35,2476040157,0,8166,12.9937,8140,2,0x933fec1801,0,1,0,26,38463,8166,12.9937,8140,26,38463
1210000,8192,35,27,8,2478079965,35,2478088157,0,8168,12.9941,8144,2,0x67144a1672,1,2,0,24,38487,8168,12.9941,8144,24,38487
1211000,8192,35,27,8,2480127965,35,2480136157,0,8153,12.9905,8114,2,0x452b639ab0,0,1,0,39,38526,8153,12.9905,8114,39,38526
1212000,8192,35,27,8,2482175965,35,2482184157,0,8163,12.9929,8134,2,0xf50e3a59a0,0,2,0,29,38555,8163,12.9929,8134,29,38555
1213000,8192,35,27,8,2484223965,35,2484232157,0,8169,12.9944,8146,2,0xd8393a93e3,0,2,0,23,38578,8169,12.9944,8146,23,38578
1214000,8192,35,27,8,2486271965,35,2486280157,0,8160,12.9922,8128,2,0x2dc14d67d8,0,2,0,32,38610,8160,12.9922,8128,32,38610
1215000,8192,35,27,8,2488319965,35,2488328157,0,8163,12.9929,8134,2,0x3ec7142a93,0,0,0,29,38639,8163,12.9929,8134,29,38639
1216000,8192,35,27,8,2490367965,35,2490376157,0,8169,12.9944,8146,2,0x1d2219830a,0,2,0,23,38662,8169,12.9944,8146,23,38662
1217000,8192,35,27,8,2492415965,35,2492424157,0,8171,12.9949,8150,2,0x89ed196888,0,0,0,21,38683,8171,12.9949,8150,21,38683
1218000,8192,35,27,8,2494463965,35,2494472157,0,8158,12.9917,8124,2,0xa9056b98ed,0,2,0,34,38717,8158,12.9917,8124,34,38717
1219000,8192,35,27,8,2496511965,35,2496520157,0,8161,12.9924,8130,2,0x18bfd8e5ac,0,2,0,31,38748,8161,12.9924,8130,31,38748
1220000,8192,35,27,8,2498559965,35,2498568157,0,8165,12.9934,8138,2,0xc79e7f188d,1,1,0,27,38775,8165,12.9934,8138,27,38775
1221000,8192,35,27,8,2500607965,35,2500616157,0,8157,12.9915,8122,2,0x75d08d34da,2,2,0,35,38810,8157,12.9915,8122,35,38810
1222000,8192,35,27,8,2502655965,35,2502664157,0,8157,12.9915,8122,2,0xd7d318476f,0,2,0,35,38845,8157,12.9915,8122,35,38845
1223000,8192,35,27,8,2504703965,35,2504712157,0,8165,12.9934,8138,2,0x5887ff6caa,0,2,0,27,38872,8165,12.9934,8138,27,38872
1224000,8192,36,28,8,2506751964,36,2506760156,0,8165,12.9934,8138,2,0x19bdf3be77,0,2,0,27,38899,8165,12.9934,8138,27,38899
1225000,8192,36,28,8,2508799964,36,2508808156,0,8157,12.9915,8122,2,0x8aecf1a19f,0,2,0,35,38934,8157,12.9915,8122,35,38934
1226000,8192,36,28,8,2510847964,36,2510856156,0,8160,12.9922,8128,2,0x8e93c339ba,1,2,0,32,38966,8160,12.9922,8128,32,38966
1227000,8192,36,28,8,2512895964,36,2512904156,0,8163,12.9929,8134,2,0xf94a34daea,0,2,0,29,38995,8163,12.9929,8134,29,38995
1228000,8192,36,28,8,2514943964,36,2514952156,0,8161,12.9924,8130,2,0xc14060be6b,0,2,0,31,39026,8161,12.9924,8130,31,39026
1229000,8192,36,28,8,2516991964,36,2517000156,0,8163,12.9929,8134,2,0xec079174b4,1,2,0,29,39055,8163,12.9929,8134,29,39055
1230000,8192,36,28,8,2519039964,36,2519048156,0,8160,12.9922,8128,2,0x729359d662,0,2,0,32,39087,8160,12.9922,8128,32,39087
1231000,8192,36,28,8,2521087964,36,2521096156,0,8160,12.9922,8128,2,0x7e21c1599b,0,2,0,32,39119,8160,12.9922,8128,32,39119
1232000,8192,36,28,8,2523135964,36,2523144156,0,8162,12.9927,8132,2,0x59cc0505e1,0,2,0,30,39149,8162,12.9927,8132,30,39149
1233000,8192,36,28,8,2525183964,36,2525192156,0,8155,12.9910,8118,2,0x6703444d08,0,2,0,37,39186,8155,12.9910,8118,37,39186
1234000,8192,36,28,8,2527231964,36,2527240156,0,8159,12.9919,8126,2,0xc4de5c4cd1,0,2,0,33,39219,8159,12.9919,8126,33,39219
1235000,8192,36,28,8,2529279964,36,2529288156,0,8159,12.9919,8126,2,0xd875cf022e,1,2,0,33,39252,8159,12.9919,8126,33,39252
1236000,8192,36,28,8,2531327964,36,2531336156,0,8162,12.9926,8133,3,0xd076355505,0,2,0,29,39281,8162,12.9926,8133,29,39281
1237000,8192,36,28,8,2533375964,36,2533384156,0,8166,12.9937,8140,2,0x43fae50db6,0,1,0,26,39307,8166,12.9937,8140,26,39307
1238000,8192,36,28,8,2535423964,36,2535432156,0,8155,12.9910,8118,2,0xbbda102cac,0,1,0,37,39344,8155,12.9910,8118,37,39344
1239000,8192,36,28,8,2537471964,36,2537480156,0,8168,12.9941,8144,2,0x453cc0d989,0,2,0,24,39368,8168,12.9941,8144,24,39368
1240000,8192,36,28,8,2539519964,36,2539528156,0,8152,12.9902,8112,2,0x1146e0c999,0,1,0,40,39408,8152,12.9902,8112,40,39408
1241000,8192,36,28,8,2541567964,36,2541576156,0,8159,12.9919,8126,2,0x9ecf9808d4,0,1,0,33,39441,8159,12.9919,8126,33,39441
1242000,8192,36,28,8,2543615964,36,2543624156,0,8162,12.9927,8132,2,0x03b7c5faf4,0,2,0,30,39471,8162,12.9927,8132,30,39471
1243000,8192,36,28,8,2545663964,36,2545672156,0,8164,12.9931,8137,3,0x7d7980e747,0,2,0,27,39498,8164,12.9931,8137,27,39498
1244000,8192,36,28,8,2547711964,36,2547720156,0,8156,12.9912,8120,2,0xa59a50eafb,0,2,0,36,39534,8156,12.9912,8120,36,39534
1245000,8192,36,28,8,2549759964,36,2549768156,0,8168,12.9941,8144,2,0x402922307e,0,2,0,24,39558,8168,12.9941,8144,24,39558
1246000,8192,36,28,8,2551807964,36,2551816156,0,8159,12.9919,8126,2,0x0ccdc89ddb,0,2,0,33,39591,8159,12.9919,8126,33,39591
1247000,8192,36,28,8,2553855964,36,2553864156,0,8158,12.9917,8124,2,0x091438843d,0,2,0,34,39625,8158,12.9917,8124,34,39625
1248000,8192,36,28,8,2555903964,36,2555912156,0,8167,12.9939,8142,2,0xc221be3541,0,1,0,25,39650,8167,12.9939,8142,25,39650
1249000,8192,36,28,8,2557951964,36,2557960156,0,8155,12.9910,8118,2,0xee8b43e348,1,2,0,37,39687,8155,12.9910,8118,37,39687
1250000,8192,37,29,8,2559999963,37,2560008155,0,8161,12.9924,8130,2,0x523da62e2b,1,2,0,31,39718,8161,12.9924,8130,31,39718
1251000,8192,37,29,8,2562047963,37,2562056155,0,8159,12.9919,8126,2,0x13d713cc86,0,1,0,33,39751,8159,12.9919,8126,33,39751
1252000,8192,37,29,8,2564095963,37,2564104155,0,8160,12.9922,8128,2,0x772f25af6d,1,2,0,32,39783,8160,12.9922,8128,32,39783
1253000,8192,37,29,8,2566143963,37,2566152155,0,8162,12.9927,8132,2,0x76d2b502d8,2,2,0,30,39813,8162,12.9927,8132,30,39813
1254000,8192,37,29,8,2568191963,37,2568200155,0,8160,12.9922,8128,2,0x6eb9746f97,1,2,0,32,39845,8160,12.9922,8128,32,39845
1255000,8192,37,29,8,2570239963,37,2570248155,0,8170,12.9946,8148,2,0x8e4cdfec8a,0,2,0,22,39867,8170,12.9946,8148,22,39867
1256000,8192,37,29,8,2572287963,37,2572296155,0,8169,12.9944,8146,2,0xa6f79a138f,0,1,0,23,39890,8169,12.9944,8146,23,39890
1257000,8192,37,29,8,2574335963,37,2574344155,0,8154,12.9907,8116,2,0xff81df60d0,0,1,0,38,39928,8154,12.9907,8116,38,39928
1258000,8192,37,29,8,2576383963,37,2576392155,0,8160,12.9922,8128,2,0xd306192fff,0,2,0,32,39960,8160,12.9922,8128,32,39960
1259000,8192,37,29,8,2578431963,37,2578440155,0,8161,12.9924,8130,2,0xd0ba9fe6cd,0,2,0,31,39991,8161,12.9924,8130,31,39991
1260000,8192,37,29,8,2580479963,37,2580488155,0,8157,12.9915,8122,2,0x8c30d97f59,0,2,0,35,40026,8157,12.9915,8122,35,40026
1261000,8192,37,29,8,2582527963,37,2582536155,0,8153,12.9905,8114,2,0x7a9119c1f2,0,1,0,39,40065,8153,12.9905,8114,39,40065
1262000,8192,37,29,8,2584575963,37,2584584155,0,8164,12.9932,8136,2,0x91a30a8a7d,0,1,0,28,40093,8164,12.9932,8136,28,40093
1263000,8192,37,29,8,2586623963,37,2586632155,0,8161,12.9924,8130,2,0x2c56dbd9df,1,2,0,31,40124,8161,12.9924,8130,31,40124
1264000,8192,37,29,8,2588671963,37,2588680155,0,8151,12.9900,8110,2,0x3d2034b233,0,2,0,41,40165,8151,12.9900,8110,41,40165
1265000,8192,37,29,8,2590719963,37,2590728155,0,8161,12.9924,8130,2,0x5d845ed6b9,1,2,0,31,40196,8161,12.9924,8130,31,40196
1266000,8192,37,29,8,2592767963,37,2592776155,0,8157,12.9915,8122,2,0xfe0e5cbc60,1,1,0,35,40231,8157,12.9915,8122,35,40231
1267000,8192,37,29,8,2594815963,37,2594824155,0,8159,12.9919,8126,2,0xf064ce921a,0,1,0,33,40264,8159,12.9919,8126,33,40264
1268000,8192,37,29,8,2596863963,37,2596872155,0,8172,12.9951,8152,2,0x2e23a3ea8f,2,2,0,20,40284,8172,12.9951,8152,20,40284
1269000,8192,37,29,8,2598911963,37,2598920155,0,8158,12.9917,8124,2,0x551aabb1e7,0,2,0,34,40318,8158,12.9917,8124,34,40318
1270000,8192,37,29,8,2600959963,37,2600968155,0,8164,12.9932,8136,2,0xcfc47bb8b6,0,2,0,28,40346,8164,12.9932,8136,28,40346
1271000,8192,37,29,8,2603007963,37,2603016155,0,8167,12.9939,8142,2,0x65282f3291,1,2,0,25,40371,8167,12.9939,8142,25,40371
1272000,8192,37,29,8,2605055963,37,2605064155,0,8164,12.9932,8136,2,0x64a0684cba,0,2,0,28,40399,8164,12.9932,8136,28,40399
1273000,8192,37,29,8,2607103963,37,2607112155,0,8164,12.9932,8136,2,0x15086f9707,0,1,0,28,40427,8164,12.9932,8136,28,40427
1274000,8192,37,29,8,2609151963,37,2609160155,0,8168,12.9941,8144,2,0xf204f7f995,0,2,0,24,40451,8168,12.9941,8144,24,40451
1275000,8192,37,29,8,2611199963,37,2611208155,0,8158,12.9916,8125,3,0xd7a1b77b28,0,1,0,33,40484,8158,12.9916,8125,33,40484
1276000,8192,37,29,8,2613247963,37,2613256155,0,8155,12.9909,8119,3,0x12f763f43a,0,1,0,36,40520,8155,12.9909,8119,36,40520
1277000,8192,37,29,8,2615295963,37,2615304155,0,8156,12.9912,8120,2,0x2fe0095b94,1,1,0,36,40556,8156,12.9912,8120,36,40556
1278000,8192,37,29,8,2617343963,37,2617352155,0,8166,12.9937,8140,2,0xd946b20bf0,0,2,0,26,40582,8166,12.9937,8140,26,40582
1279000,8192,37,29,8,2619391963,37,2619400155,0,8164,12.9932,8136,2,0x0afd08c09b,0,2,0,28,40610,8164,12.9932,8136,28,40610
1280000,8192,37,29,8,2621439963,37,2621448155,0,8164,12.9932,8136,2,0xdd6d7f071b,1,2,0,28,40638,8164,12.9932,8136,28,40638
1281000,8192,37,29,8,2623487963,37,2623496155,0,8171,12.9949,8150,2,0x1fd3b6ce9c,0,2,0,21,40659,8171,12.9949,8150,21,40659
1282000,8192,37,29,8,2625535963,37,2625544155,0,8170,12.9946,8148,2,0x23bb0a6306,0,1,0,22,40681,8170,12.9946,8148,22,40681
1283000,8192,37,29,8,2627583963,37,2627592155,0,8160,12.9922,8128,2,0xc7a4cd7762,0,2,0,32,40713,8160,12.9922,8128,32,40713
1284000,8192,37,29,8,2629631963,37,2629640155,0,8162,12.9927,8132,2,0x6f5a4e25d5,1,2,0,30,40743,8162,12.9927,8132,30,40743
1285000,8192,37,29,8,2631679963,37,2631688155,0,8159,12.9919,8126,2,0x75cfdd8db7,0,2,0,33,40776,8159,12.9919,8126,33,40776
1286000,8192,37,29,8,2633727963,37,2633736155,0,8156,12.9912,8120,2,0x6acc23b2cc,0,2,0,36,40812,8156,12.9912,8120,36,40812
1287000,8192,37,29,8,2635775963,37,2635784155,0,8166,12.9937,8140,2,0x7b7f84acdf,0,0,0,26,40838,8166,12.9937,8140,26,40838
1288000,8192,37,29,8,2637823963,37,2637832155,0,8157,12.9914,8123,3,0x72a6f971c9,0,2,0,34,40872,8157,12.9914,8123,34,40872
1289000,8192,37,29,8,2639871963,37,2639880155,0,8162,12.9927,8132,2,0xb2ea496e24,0,2,0,30,40902,8162,12.9927,8132,30,40902
1290000,8192,38,30,8,2641919962,38,2641928154,0,8159,12.9919,8126,2,0x6ec4a0764d,1,1,0,33,40935,8159,12.9919,8126,33,40935
1291000,8192,38,30,8,2643967962,38,2643976154,0,8154,12.9907,8116,2,0x8471e305fa,0,1,0,38,40973,8154,12.9907,8116,38,40973
1292000,8192,38,30,8,2646015962,38,2646024154,0,8161,12.9924,8130,2,0x5e45fc257e,0,1,0,31,41004,8161,12.9924,8130,31,41004
1293000,8192,38,30,8,2648063962,38,2648072154,0,8163,12.9929,8134,2,0x623a1bfff1,0,0,0,29,41033,8163,12.9929,8134,29,41033
1294000,8192,38,30,8,2650111962,38,2650120154,0,8169,12.9944,8146,2,0xea61e2024f,0,2,0,23,41056,8169,12.9944,8146,23,41056
1295000,8192,42,34,8,2652159958,42,2652168150,0,8146,12.9888,8100,2,0x9f4148373b,0,0,0,46,41102,8146,12.9888,8100,46,41102
1296000,8192,42,34,8,2654207958,42,2654216150,0,8160,12.9921,8129,3,0x07921e1c2b,0,2,0,31,41133,8160,12.9921,8129,31,41133
1297000,8192,42,34,8,2656255958,42,2656264150,0,8163,12.9929,8134,2,0xadf5818614,1,2,0,29,41162,8163,12.9929,8134,29,41162
1298000,8192,42,34,8,2658303958,42,2658312150,0,8166,12.9937,8140,2,0x08d153bea8,0,2,0,26,41188,8166,12.9937,8140,26,41188
1299000,8192,42,34,8,2660351958,42,2660360150,0,8168,12.9941,8144,2,0x24cd8e30cd,2,2,0,24,41212,8168,12.9941,8144,24,41212
1300000,8192,42,34,8,2662399958,42,2662408150,0,8169,12.9944,8146,2,0x4113c79b26,1,2,0,23,41235,8169,12.9944,8146,23,41235
1301000,8192,42,34,8,2664447958,42,2664456150,0,8168,12.9941,8144,2,0x285fafea33,0,2,0,24,41259,8168,12.9941,8144,24,41259
1302000,8192,42,34,8,2666495958,42,2666504150,0,8168,12.9941,8144,2,0x9f1604890d,0,1,0,24,41283,8168,12.9941,8144,24,41283
1303000,8192,42,34,8,2668543958,42,2668552150,0,8154,12.9907,8116,2,0xc2d055b644,0,0,0,38,41321,8154,12.9907,8116,38,41321
1304000,8192,42,34,8,2670591958,42,2670600150,0,8163,12.9928,8135,3,0x61cea57d62,1,2,0,28,41349,8163,12.9928,8135,28,41349
1305000,8192,42,34,8,2672639958,42,2672648150,0,8158,12.9917,8124,2,0x365599ef8d,1,2,0,34,41383,8158,12.9917,8124,34,41383
1306000,8192,42,34,8,2674687958,42,2674696150,0,8148,12.9893,8104,2,0x960baa86d7,0,2,0,44,41427,8148,12.9893,8104,44,41427
1307000,8192,42,34,8,2676735958,42,2676744150,0,8161,12.9924,8130,2,0xbb3fb07bc3,1,2,0,31,41458,8161,12.9924,8130,31,41458
1308000,8192,42,34,8,2678783958,42,2678792150,0,8159,12.9919,8127,3,0x00e2a79a3c,0,1,0,32,41490,8159,12.9919,8127,32,41490
1309000,8192,42,34,8,2680831958,42,2680840150,0,8156,12.9912,8120,2,0xba07bf18c1,0,2,0,36,41526,8156,12.9912,8120,36,41526
1310000,8192,42,34,8,2682879958,42,2682888150,0,8169,12.9944,8146,2,0xd92cc709de,0,2,0,23,41549,8169,12.9944,8146,23,41549
1311000,8192,43,34,9,2684927957,43,2684936149,0,8145,12.9885,8098,2,0x51e423c431,0,2,0,47,41596,8145,12.9885,8098,47,41596
1312000,8192,43,34,9,2686975957,43,2686984149,0,8165,12.9934,8138,2,0x7151e256fd,1,1,0,27,41623,8165,12.9934,8138,27,41623
1313000,8192,43,34,9,2689023957,43,2689032149,0,8162,12.9927,8132,2,0x7cb1de239e,0,2,0,30,41653,8162,12.9927,8132,30,41653
1314000,8192,43,34,9,2691071957,43,2691080149,0,8160,12.9922,8128,2,0xfe8bb1f2b2,0,1,0,32,41685,8160,12.9922,8128,32,41685
1315000,8192,43,34,9,2693119957,43,2693128149,0,8162,12.9927,8132,2,0x9b9fe6740a,0,1,0,30,41715,8162,12.9927,8132,30,41715
1316000,8192,43,34,9,2695167957,43,2695176149,0,8162,12.9927,8132,2,0xb9c9489610,0,2,0,30,41745,8162,12.9927,8132,30,41745
1317000,8192,43,34,9,2697215957,43,2697224149,0,8165,12.9934,8138,2,0xd04e4d086f,1,2,0,27,41772,8165,12.9934,8138,27,41772
1318000,8192,43,34,9,2699263957,43,2699272149,0,8154,12.9907,8116,2,0x6cf4a693de,0,1,0,38,41810,8154,12.9907,8116,38,41810
1319000,8192,43,34,9,2701311957,43,2701320149,0,8166,12.9937,8140,2,0xa4b743cfcf,0,2,0,26,41836,8166,12.9937,8140,26,41836
1320000,8192,43,34,9,2703359957,43,2703368149,0,8162,12.9927,8132,2,0x9a709c03a4,0,2,0,30,41866,8162,12.9927,8132,30,41866
1321000,8192,43,34,9,2705407957,43,2705416149,0,8157,12.9915,8122,2,0x5000d9d7b0,0,2,0,35,41901,8157,12.9915,8122,35,41901
1322000,8192,43,34,9,2707455957,43,2707464149,0,8169,12.9944,8146,2,0x19f3e189af,0,2,0,23,41924,8169,12.9944,8146,23,41924
1323000,8192,43,34,9,2709503957,43,2709512149,0,8158,12.9917,8124,2,0xc477661700,0,2,0,34,41958,8158,12.9917,8124,34,41958
1324000,8192,47,38,9,2711551953,47,2711560145,0,8152,12.9902,8112,2,0x3b74ee844b,0,2,0,40,41998,8152,12.9902,8112,40,41998
1325000,8192,47,38,9,2713599953,47,2713608145,0,8166,12.9937,8140,2,0xc58b0e6b8e,0,2,0,26,42024,8166,12.9937,8140,26,42024
1326000,8192,47,38,9,2715647953,47,2715656145,0,8170,12.9946,8148,2,0x08d9035b45,0,1,0,22,42046,8170,12.9946,8148,22,42046
1327000,8192,47,38,9,2717695953,47,2717704145,0,8160,12.9922,8128,2,0x22528a9267,1,2,0,32,42078,8160,12.9922,8128,32,42078
1328000,8192,49,40,9,2719743951,49,2719752143,0,8158,12.9917,8124,2,0x7c045229e7,0,2,0,34,42112,8158,12.9917,8124,34,42112
1329000,8192,49,40,9,2721791951,49,2721800143,0,8167,12.9939,8142,2,0x5d686c613c,0,1,0,25,42137,8167,12.9939,8142,25,42137
1330000,8192,49,40,9,2723839951,49,2723848143,0,8163,12.9929,8134,2,0x86184070d9,1,2,0,29,42166,8163,12.9929,8134,29,42166
1331000,8192,49,40,9,2725887951,49,2725896143,0,8167,12.9939,8142,2,0x8725d4d615,0,2,0,25,42191,8167,12.9939,8142,25,42191
1332000,8192,49,40,9,2727935951,49,2727944143,0,8162,12.9927,8132,2,0x9ff6119a32,1,2,0,30,42221,8162,12.9927,8132,30,42221
1333000,8192,49,40,9,2729983951,49,2729992143,0,8165,12.9934,8138,2,0xf964b011ee,0,2,0,27,42248,8165,12.9934,8138,27,42248
1334000,8192,49,40,9,2732031951,49,2732040143,0,8159,12.9919,8126,2,0x6854c98d35,0,1,0,33,42281,8159,12.9919,8126,33,42281
1335000,8192,49,40,9,2734079951,49,2734088143,0,8148,12.9893,8104,2,0x79741e5b32,0,2,0,44,42325,8148,12.9893,8104,44,42325
1336000,8192,49,40,9,2736127951,49,2736136143,0,8162,12.9927,8132,2,0xbcb86fb874,1,2,0,30,42355,8162,12.9927,8132,30,42355
1337000,8192,49,40,9,2738175951,49,2738184143,0,8159,12.9919,8126,2,0x1cc0de67d6,1,2,0,33,42388,8159,12.9919,8126,33,42388
1338000,8192,49,40,9,2740223951,49,2740232143,0,8162,12.9927,8132,2,0x9bffdc2d10,1,2,0,30,42418,8162,12.9927,8132,30,42418
1339000,8192,49,40,9,2742271951,49,2742280143,0,8164,12.9932,8136,2,0xfc6f4fa2d2,1,2,0,28,42446,8164,12.9932,8136,28,42446
1340000,8192,49,40,9,2744319951,49,2744328143,0,8157,12.9914,8123,3,0x645b88a5f7,0,1,0,34,42480,8157,12.9914,8123,34,42480
1341000,8192,49,40,9,2746367951,49,2746376143,0,8164,12.9932,8136,2,0x79ad65e85e,1,2,0,28,42508,8164,12.9932,8136,28,42508
1342000,8192,49,40,9,2748415951,49,2748424143,0,8160,12.9922,8128,2,0x35a100b4dd,0,1,0,32,42540,8160,12.9922,8128,32,42540
1343000,8192,49,40,9,2750463951,49,2750472143,0,8152,12.9902,8112,2,0x9363b97490,0,2,0,40,42580,8152,12.9902,8112,40,42580
1344000,8192,49,40,9,2752511951,49,2752520143,0,8166,12.9937,8140,2,0xf7e521e083,0,2,0,26,42606,8166,12.9937,8140,26,42606
1345000,8192,49,40,9,2754559951,49,2754568143,0,8155,12.9910,8118,2,0xac31ead04a,0,2,0,37,42643,8155,12.9910,8118,37,42643
1346000,8192,49,40,9,2756607951,49,2756616143,0,8162,12.9927,8132,2,0xe531c39be0,0,2,0,30,42673,8162,12.9927,8132,30,42673
1347000,8192,49,40,9,2758655951,49,2758664143,0,8161,12.9924,8130,2,0xab0c492516,0,1,0,31,42704,8161,12.9924,8130,31,42704
1348000,8192,49,40,9,2760703951,49,2760712143,0,8155,12.9910,8118,2,0x81bb0e5cca,1,2,0,37,42741,8155,12.9910,8118,37,42741
1349000,8192,49,40,9,2762751951,49,2762760143,0,8165,12.9934,8138,2,0xf087fca412,0,2,0,27,42768,8165,12.9934,8138,27,42768
1350000,8192,49,40,9,2764799951,49,2764808143,0,8150,12.9897,8109,3,0x5e58a4c85f,0,1,0,41,42809,8150,12.9897,8109,41,42809
1351000,8192,49,40,9,2766847951,49,2766856143,0,8157,12.9915,8122,2,0x34ee1a6771,0,2,0,35,42844,8157,12.9915,8122,35,42844
1352000,8192,49,40,9,2768895951,49,2768904143,0,8163,12.9929,8134,2,0x453e8110f2,0,2,0,29,42873,8163,12.9929,8134,29,42873
1353000,8192,49,40,9,2770943951,49,2770952143,0,8158,12.9917,8124,2,0xc5508d5929,1,2,0,34,42907,8158,12.9917,8124,34,42907
1354000,8192,49,40,9,2772991951,49,2773000143,0,8165,12.9934,8138,2,0x34fa43301a,1,2,0,27,42934,8165,12.9934,8138,27,42934
1355000,8192,49,40,9,2775039951,49,2775048143,0,8153,12.9905,8114,2,0x7c27393f45,0,1,0,39,42973,8153,12.9905,8114,39,42973
1356000,8192,49,40,9,2777087951,49,2777096143,0,8159,12.9919,8126,2,0xbcae8fa297,2,2,0,33,43006,8159,12.9919,8126,33,43006
1357000,8192,49,40,9,2779135951,49,2779144143,0,8171,12.9949,8150,2,0x87bb76ff7b,1,2,0,21,43027,8171,12.9949,8150,21,43027
1358000,8192,49,40,9,2781183951,49,2781192143,0,8155,12.9910,8118,2,0xa73d55a451,0,2,0,37,43064,8155,12.9910,8118,37,43064
1359000,8192,49,40,9,2783231951,49,2783240143,0,8161,12.9924,8130,2,0x255d408310,1,2,0,31,43095,8161,12.9924,8130,31,43095
1360000,8192,49,40,9,2785279951,49,2785288143,0,8159,12.9919,8127,3,0x064b8c5bd9,2,2,0,32,43127,8159,12.9919,8127,32,43127
1361000,8192,49,40,9,2787327951,49,2787336143,0,8151,12.9900,8110,2,0xb5eb08daa8,0,2,0,41,43168,8151,12.9900,8110,41,43168
1362000,8192,49,40,9,2789375951,49,2789384143,0,8159,12.9919,8127,3,0x3914dd28d4,0,2,0,32,43200,8159,12.9919,8127,32,43200
1363000,8192,49,40,9,2791423951,49,2791432143,0,8158,12.9917,8124,2,0xd72c1f7931,0,1,0,34,43234,8158,12.9917,8124,34,43234
1364000,8192,49,40,9,2793471951,49,2793480143,0,8164,12.9932,8136,2,0x45d313aaf0,0,1,0,28,43262,8164,12.9932,8136,28,43262
1365000,8192,49,40,9,2795519951,49,2795528143,0,8153,12.9905,8114,2,0x005c5bdf59,0,1,0,39,43301,8153,12.9905,8114,39,43301
1366000,8192,49,40,9,2797567951,49,2797576143,0,8162,12.9927,8132,2,0xa3221fca77,0,1,0,30,43331,8162,12.9927,8132,30,43331
1367000,8192,49,40,9,2799615951,49,2799624143,0,8162,12.9927,8132,2,0x993e1e4dd9,1,2,0,30,43361,8162,12.9927,8132,30,43361
1368000,8192,49,40,9,2801663951,49,2801672143,0,8160,12.9922,8128,2,0x35241b68b3,0,1,0,32,43393,8160,12.9922,8128,32,43393
1369000,8192,49,40,9,2803711951,49,2803720143,0,8165,12.9934,8138,2,0x3536dc259a,0,2,0,27,43420,8165,12.9934,8138,27,43420
1370000,8192,49,40,9,2805759951,49,2805768143,0,8157,12.9915,8122,2,0x35fdd2d5d6,0,2,0,35,43455,8157,12.9915,8122,35,43455
1371000,8192,49,40,9,2807807951,49,2807816143,0,8162,12.9927,8132,2,0x8222c8342d,0,2,0,30,43485,8162,12.9927,8132,30,43485
1372000,8192,49,40,9,2809855951,49,2809864143,0,8155,12.9910,8118,2,0x4066289a4f,0,2,0,37,43522,8155,12.9910,8118,37,43522
1373000,8192,49,40,9,2811903951,49,2811912143,0,8154,12.9905,8118,3,0x1aa616405f,0,2,0,36,43558,8154,12.9905,8118,36,43558
1374000,8192,49,40,9,2813951951,49,2813960143,0,8160,12.9922,8128,2,0x166fbaa97f,0,2,0,32,43590,8160,12.9922,8128,32,43590
1375000,8192,49,40,9,2815999951,49,2816008143,0,8151,12.9900,8110,2,0x88ef8ddcfd,0,2,0,41,43631,8151,12.9900,8110,41,43631
1376000,8192,49,40,9,2818047951,49,2818056143,0,8164,12.9932,8136,2,0x41f7975c0f,0,2,0,28,43659,8164,12.9932,8136,28,43659
1377000,8192,49,40,9,2820095951,49,2820104143,0,8153,12.9905,8114,2,0x01294a249e,0,1,0,39,43698,8153,12.9905,8114,39,43698
1378000,8192,49,40,9,2822143951,49,2822152143,0,8156,12.9912,8120,2,0x2f4b558012,1,2,0,36,43734,8156,12.9912,8120,36,43734
1379000,8192,49,40,9,2824191951,49,2824200143,0,8162,12.9927,8132,2,0x7143563597,0,2,0,30,43764,8162,12.9927,8132,30,43764
1380000,8192,49,40,9,2826239951,49,2826248143,0,8162,12.9927,8132,2,0x84502e65aa,0,2,0,30,43794,8162,12.9927,8132,30,43794
1381000,8192,49,40,9,2828287951,49,2828296143,0,8156,12.9912,8120,2,0x3a0fc0c4d7,1,1,0,36,43830,8156,12.9912,8120,36,43830
1382000,8192,49,40,9,2830335951,49,2830344143,0,8153,12.9905,8114,2,0x507ca14cd3,0,2,0,39,43869,8153,12.9905,8114,39,43869
1383000,8192,49,40,9,2832383951,49,2832392143,0,8163,12.9929,8134,2,0x47fd5c750f,1,2,0,29,43898,8163,12.9929,8134,29,43898
1384000,8192,49,40,9,2834431951,49,2834440143,0,8167,12.9939,8142,2,0xd1f98e7bb1,0,2,0,25,43923,8167,12.9939,8142,25,43923
1385000,8192,49,40,9,2836479951,49,2836488143,0,8151,12.9900,8110,2,0x5cbeecd7bf,1,2,0,41,43964,8151,12.9900,8110,41,43964
1386000,8192,49,40,9,2838527951,49,2838536143,0,8162,12.9927,8132,2,0xc64c21ad65,0,2,0,30,43994,8162,12.9927,8132,30,43994
1387000,8192,49,40,9,2840575951,49,2840584143,0,8159,12.9919,8126,2,0xf8311b16c2,0,2,0,33,44027,8159,12.9919,8126,33,44027
1388000,8192,49,40,9,2842623951,49,2842632143,0,8159,12.9919,8126,2,0x10cfe9abf6,1,2,0,33,44060,8159,12.9919,8126,33,44060
1389000,8192,49,40,9,2844671951,49,2844680143,0,8167,12.9939,8142,2,0x4617972053,0,1,0,25,44085,8167,12.9939,8142,25,44085
1390000,8192,49,40,9,2846719951,49,2846728143,0,8166,12.9937,8140,2,0xf6e24ec0eb,0,2,0,26,44111,8166,12.9937,8140,26,44111
1391000,8192,49,40,9,2848767951,49,2848776143,0,8150,12.9897,8108,2,0x3f938da167,1,2,0,42,44153,8150,12.9897,8108,42,44153
1392000,8192,49,40,9,2850815951,49,2850824143,0,8164,12.9932,8136,2,0xfb1412ff77,0,1,0,28,44181,8164,12.9932,8136,28,44181
1393000,8192,49,40,9,2852863951,49,2852872143,0,8164,12.9932,8136,2,0x54442d07ef,0,2,0,28,44209,8164,12.9932,8136,28,44209
1394000,8192,49,40,9,2854911951,49,2854920143,0,8163,12.9929,8134,2,0x3d286b2958,0,1,0,29,44238,8163,12.9929,8134,29,44238
1395000,8192,49,40,9,2856959951,49,2856968143,0,8168,12.9940,8145,3,0x13eb59a29d,1,2,0,23,44261,8168,12.9940,8145,23,44261
1396000,8192,49,40,9,2859007951,49,2859016143,0,8158,12.9917,8124,2,0x2dc5c0f208,0,2,0,34,44295,8158,12.9917,8124,34,44295
1397000,8192,49,40,9,2861055951,49,2861064143,0,8155,12.9910,8118,2,0x1cb6bb1d61,0,2,0,37,44332,8155,12.9910,8118,37,44332
1398000,8192,49,40,9,2863103951,49,2863112143,0,8165,12.9934,8138,2,0x5be5182356,0,2,0,27,44359,8165,12.9934,8138,27,44359
1399000,8192,49,40,9,2865151951,49,2865160143,0,8164,12.9932,8136,2,0xad81ee75fb,0,2,0,28,44387,8164,12.9932,8136,28,44387
1400000,8192,49,40,9,2867199951,49,2867208143,0,8154,12.9907,8116,2,0x69d6647820,0,2,0,38,44425,8154,12.9907,8116,38,44425
1401000,8192,49,40,9,2869247951,49,2869256143,0,8167,12.9939,8142,2,0x171c8d5bfc,1,1,0,25,44450,8167,12.9939,8142,25,44450
1402000,8192,49,40,9,2871295951,49,2871304143,0,8157,12.9915,8122,2,0x01b52589bf,1,2,0,35,44485,8157,12.9915,8122,35,44485
1403000,8192,49,40,9,2873343951,49,2873352143,0,8158,12.9916,8125,3,0x1f352f398e,0,1,0,33,44518,8158,12.9916,8125,33,44518
1404000,8192,49,40,9,2875391951,49,2875400143,0,8164,12.9932,8136,2,0x36429494e7,0,1,0,28,44546,8164,12.9932,8136,28,44546
1405000,8192,49,40,9,2877439951,49,2877448143,0,8170,12.9946,8148,2,0xe05c237904,0,2,0,22,44568,8170,12.9946,8148,22,44568
1406000,8192,49,40,9,2879487951,49,2879496143,0,8159,12.9919,8126,2,0x44fd1b6ee2,0,1,0,33,44601,8159,12.9919,8126,33,44601
1407000,8192,49,40,9,2881535951,49,2881544143,0,8156,12.9912,8120,2,0x6589314819,0,2,0,36,44637,8156,12.9912,8120,36,44637
1408000,8192,49,40,9,2883583951,49,2883592143,0,8167,12.9939,8142,2,0x976371e091,0,2,0,25,44662,8167,12.9939,8142,25,44662
1409000,8192,49,40,9,2885631951,49,2885640143,0,8170,12.9946,8148,2,0x8c9a0ebbda,1,2,0,22,44684,8170,12.9946,8148,22,44684
1410000,8192,49,40,9,2887679951,49,2887688143,0,8163,12.9929,8134,2,0x3aaf591e3e,0,2,0,29,44713,8163,12.9929,8134,29,44713
1411000,8192,49,40,9,2889727951,49,2889736143,0,8154,12.9906,8117,3,0x0ae562be9a,0,1,0,37,44750,8154,12.9906,8117,37,44750
1412000,8192,49,40,9,2891775951,49,2891784143,0,8166,12.9937,8140,2,0xef689bbeb5,0,2,0,26,44776,8166,12.9937,8140,26,44776
1413000,8192,49,40,9,2893823951,49,2893832143,0,8160,12.9922,8128,2,0xd73bec03ca,0,2,0,32,44808,8160,12.9922,8128,32,44808
1414000,8192,49,40,9,2895871951,49,2895880143,0,8162,12.9927,8132,2,0x5d6f3fb239,1,2,0,30,44838,8162,12.9927,8132,30,44838
1415000,8192,49,40,9,2897919951,49,2897928143,0,8153,12.9905,8114,2,0x1c328032c2,0,2,0,39,44877,8153,12.9905,8114,39,44877
1416000,8192,49,40,9,2899967951,49,2899976143,0,8154,12.9907,8116,2,0xde40824d71,0,2,0,38,44915,8154,12.9907,8116,38,44915
1417000,8192,49,40,9,2902015951,49,2902024143,0,8153,12.9905,8114,2,0xb4de223c71,0,2,0,39,44954,8153,12.9905,8114,39,44954
1418000,8192,49,40,9,2904063951,49,2904072143,0,8164,12.9932,8136,2,0xa5428da066,0,2,0,28,44982,8164,12.9932,8136,28,44982
1419000,8192,49,40,9,2906111951,49,2906120143,0,8163,12.9929,8134,2,0x1fb6740f19,0,2,0,29,45011,8163,12.9929,8134,29,45011
1420000,8192,49,40,9,2908159951,49,2908168143,0,8159,12.9919,8126,2,0x9e6ce1cd22,0,2,0,33,45044,8159,12.9919,8126,33,45044
1421000,8192,49,40,9,2910207951,49,2910216143,0,8159,12.9917,8129,3,0x5c2774dc45,0,1,0,30,45074,8159,12.9917,8129,30,45074
1422000,8192,49,40,9,2912255951,49,2912264143,0,8162,12.9927,8132,2,0x90365e76a1,0,1,0,30,45104,8162,12.9927,8132,30,45104
1423000,8192,49,40,9,2914303951,49,2914312143,0,8160,12.9922,8128,2,0x12a4108078,0,2,0,32,45136,8160,12.9922,8128,32,45136
1424000,8192,49,40,9,2916351951,49,2916360143,0,8155,12.9910,8118,2,0xeb95e4c5ff,0,2,0,37,45173,8155,12.9910,8118,37,45173
1425000,8192,49,40,9,2918399951,49,2918408143,0,8167,12.9939,8142,2,0x20543ca474,0,2,0,25,45198,8167,12.9939,8142,25,45198
1426000,8192,49,40,9,2920447951,49,2920456143,0,8157,12.9915,8122,2,0x23374cca2b,0,2,0,35,45233,8157,12.9915,8122,35,45233
1427000,8192,49,40,9,2922495951,49,2922504143,0,8169,12.9944,8146,2,0xbf2b0045d9,1,2,0,23,45256,8169,12.9944,8146,23,45256
1428000,8192,49,40,9,2924543951,49,2924552143,0,8151,12.9900,8110,2,0x7461bcc85e,0,2,0,41,45297,8151,12.9900,8110,41,45297
1429000,8192,49,40,9,2926591951,49,2926600143,0,8159,12.9919,8126,2,0xc373c0ab7c,0,2,0,33,45330,8159,12.9919,8126,33,45330
1430000,8192,49,40,9,2928639951,49,2928648143,0,8167,12.9939,8142,2,0xe7aa46974f,0,2,0,25,45355,8167,12.9939,8142,25,45355
1431000,8192,49,40,9,2930687951,49,2930696143,0,8151,12.9900,8110,2,0x47c5221da1,1,2,0,41,45396,8151,12.9900,8110,41,45396
1432000,8192,49,40,9,2932735951,49,2932744143,0,8157,12.9915,8122,2,0x6bfeb1b37b,0,2,0,35,45431,8157,12.9915,8122,35,45431
1433000,8192,49,40,9,2934783951,49,2934792143,0,8155,12.9910,8118,2,0x4c5c650495,0,1,0,37,45468,8155,12.9910,8118,37,45468
1434000,8192,49,40,9,2936831951,49,2936840143,0,8167,12.9939,8142,2,0xf79875b988,0,1,0,25,45493,8167,12.9939,8142,25,45493
1435000,8192,49,40,9,2938879951,49,2938888143,0,8164,12.9932,8136,2,0xf1a9721379,0,2,0,28,45521,8164,12.9932,8136,28,45521
1436000,8192,49,40,9,2940927951,49,2940936143,0,8156,12.9912,8120,2,0xe19b32d816,0,2,0,36,45557,8156,12.9912,8120,36,45557
1437000,8192,49,40,9,2942975951,49,2942984143,0,8160,12.9922,8128,2,0xafdaaedf99,1,2,0,32,45589,8160,12.9922,8128,32,45589
1438000,8192,49,40,9,2945023951,49,2945032143,0,8156,12.9912,8120,2,0xabe99950af,0,2,0,36,45625,8156,12.9912,8120,36,45625
1439000,8192,49,40,9,2947071951,49,2947080143,0,8171,12.9949,8150,2,0x9e6ca6459d,0,2,0,21,45646,8171,12.9949,8150,21,45646
1440000,8192,49,40,9,2949119951,49,2949128143,0,8157,12.9915,8122,2,0xf992eedf13,0,2,0,35,45681,8157,12.9915,8122,35,45681
1441000,8192,49,40,9,2951167951,49,2951176143,0,8164,12.9932,8136,2,0x8f67f54517,1,2,0,28,45709,8164,12.9932,8136,28,45709
1442000,8192,49,40,9,2953215951,49,2953224143,0,8164,12.9932,8136,2,0x38d2ff8a61,1,2,0,28,45737,8164,12.9932,8136,28,45737
1443000,8192,49,40,9,2955263951,49,2955272143,0,8164,12.9932,8136,2,0xc3a8ea770a,1,1,0,28,45765,8164,12.9932,8136,28,45765
1444000,8192,49,40,9,2957311951,49,2957320143,0,8158,12.9916,8125,3,0xf169c6c419,0,1,0,33,45798,8158,12.9916,8125,33,45798
1445000,8192,49,40,9,2959359951,49,2959368143,0,8159,12.9919,8126,2,0xff499493d5,1,2,0,33,45831,8159,12.9919,8126,33,45831
1446000,8192,49,40,9,2961407951,49,2961416143,0,8166,12.9937,8140,2,0xe1c3719a33,0,2,0,26,45857,8166,12.9937,8140,26,45857
1447000,8192,49,40,9,2963455951,49,2963464143,0,8157,12.9915,8122,2,0x754dac7e01,0,1,0,35,45892,8157,12.9915,8122,35,45892
1448000,8192,49,40,9,2965503951,49,2965512143,0,8172,12.9951,8152,2,0x0719d9fb4f,0,2,0,20,45912,8172,12.9951,8152,20,45912
1449000,8192,49,40,9,2967551951,49,2967560143,0,8146,12.9888,8100,2,0x9b13532895,0,2,0,46,45958,8146,12.9888,8100,46,45958
1450000,8192,49,40,9,2969599951,49,2969608143,0,8165,12.9934,8138,2,0x8591898ba6,0,2,0,27,45985,8165,12.9934,8138,27,45985
1451000,8192,49,40,9,2971647951,49,2971656143,0,8157,12.9915,8122,2,0xc6bc54dc58,0,2,0,35,46020,8157,12.9915,8122,35,46020
1452000,8192,49,40,9,2973695951,49,2973704143,0,8164,12.9932,8136,2,0x739ae4342a,1,2,0,28,46048,8164,12.9932,8136,28,46048
1453000,8192,49,40,9,2975743951,49,2975752143,0,8162,12.9927,8132,2,0x2238090e26,0,1,0,30,46078,8162,12.9927,8132,30,46078
1454000,8192,49,40,9,2977791951,49,2977800143,0,8151,12.9899,8111,3,0x6534849658,0,2,0,40,46118,8151,12.9899,8111,40,46118
1455000,8192,49,40,9,2979839951,49,2979848143,0,8155,12.9910,8118,2,0xbc2a86465c,0,2,0,37,46155,8155,12.9910,8118,37,46155
1456000,8192,49,40,9,2981887951,49,2981896143,0,8162,12.9927,8132,2,0x3fc3303816,1,1,0,30,46185,8162,12.9927,8132,30,46185
1457000,8192,49,40,9,2983935951,49,2983944143,0,8169,12.9944,8146,2,0xcc2cc6c725,1,1,0,23,46208,8169,12.9944,8146,23,46208
1458000,8192,49,40,9,2985983951,49,2985992143,0,8161,12.9924,8130,2,0x58a3d9e4bd,0,2,0,31,46239,8161,12.9924,8130,31,46239
1459000,8192,49,40,9,2988031951,49,2988040143,0,8159,12.9919,8126,2,0x445f66c262,0,1,0,33,46272,8159,12.9919,8126,33,46272
1460000,8192,49,40,9,2990079951,49,2990088143,0,8158,12.9917,8124,2,0x91ac1630d0,1,2,0,34,46306,8158,12.9917,8124,34,46306
1461000,8192,49,40,9,2992127951,49,2992136143,0,8154,12.9907,8116,2,0x2ebea060d5,0,2,0,38,46344,8154,12.9907,8116,38,46344
1462000,8192,49,40,9,2994175951,49,2994184143,0,8155,12.9910,8118,2,0xf7460c5658,0,2,0,37,46381,8155,12.9910,8118,37,46381
1463000,8192,49,40,9,2996223951,49,2996232143,0,8162,12.9927,8132,2,0x23b63b5d48,1,2,0,30,46411,8162,12.9927,8132,30,46411
1464000,8192,49,40,9,2998271951,49,2998280143,0,8163,12.9929,8134,2,0x4b603bcee0,2,2,0,29,46440,8163,12.9929,8134,29,46440
1465000,8192,49,40,9,3000319951,49,3000328143,0,8147,12.9890,8102,2,0x86dcbb9640,0,2,0,45,46485,8147,12.9890,8102,45,46485
1466000,8192,49,40,9,3002367951,49,3002376143,0,8161,12.9924,8130,2,0x68221560e5,0,2,0,31,46516,8161,12.9924,8130,31,46516
1467000,8192,49,40,9,3004415951,49,3004424143,0,8157,12.9915,8122,2,0x0b3c050b33,0,2,0,35,46551,8157,12.9915,8122,35,46551
1468000,8192,49,40,9,3006463951,49,3006472143,0,8162,12.9927,8132,2,0x8b1667adc9,1,2,0,30,46581,8162,12.9927,8132,30,46581
1469000,8192,49,40,9,3008511951,49,3008520143,0,8157,12.9915,8122,2,0xc3d3932036,0,2,0,35,46616,8157,12.9915,8122,35,46616
1470000,8192,49,40,9,3010559951,49,3010568143,0,8163,12.9929,8134,2,0x6e2ff59103,0,2,0,29,46645,8163,12.9929,8134,29,46645
1471000,8192,49,40,9,3012607951,49,3012616143,0,8168,12.9941,8144,2,0xbfdd28f988,0,1,0,24,46669,8168,12.9941,8144,24,46669
1472000,8192,49,40,9,3014655951,49,3014664143,0,8159,12.9919,8126,2,0x9476296c3c,0,2,0,33,46702,8159,12.9919,8126,33,46702
1473000,8192,49,40,9,3016703951,49,3016712143,0,8158,12.9917,8124,2,0x1802a21b76,0,1,0,34,46736,8158,12.9917,8124,34,46736
1474000,8192,49,40,9,3018751951,49,3018760143,0,8160,12.9922,8128,2,0xcac706c921,0,2,0,32,46768,8160,12.9922,8128,32,46768
1475000,8192,49,40,9,3020799951,49,3020808143,0,8160,12.9922,8128,2,0x1a341c4f88,1,1,0,32,46800,8160,12.9922,8128,32,46800
1476000,8192,49,40,9,3022847951,49,3022856143,0,8155,12.9910,8118,2,0x497ffcd4af,1,2,0,37,46837,8155,12.9910,8118,37,46837
1477000,8192,49,40,9,3024895951,49,3024904143,0,8156,12.9912,8120,2,0x8573f34bd0,1,2,0,36,46873,8156,12.9912,8120,36,46873
1478000,8192,49,40,9,3026943951,49,3026952143,0,8160,12.9921,8129,3,0xbde572247c,0,2,0,31,46904,8160,12.9921,8129,31,46904
1479000,8192,49,40,9,3028991951,49,3029000143,0,8166,12.9937,8140,2,0xbed9eaa3ea,0,2,0,26,46930,8166,12.9937,8140,26,46930
1480000,8192,49,40,9,3031039951,49,3031048143,0,8160,12.9922,8128,2,0x1898fc7965,0,2,0,32,46962,8160,12.9922,8128,32,46962
1481000,8192,49,40,9,3033087951,49,3033096143,0,8157,12.9915,8122,2,0x690c2a0480,0,2,0,35,46997,8157,12.9915,8122,35,46997
1482000,8192,49,40,9,3035135951,49,3035144143,0,8157,12.9915,8122,2,0xe686f28b49,0,2,0,35,47032,8157,12.9915,8122,35,47032
1483000,8192,49,40,9,3037183951,49,3037192143,0,8165,12.9934,8138,2,0x07c4208891,0,1,0,27,47059,8165,12.9934,8138,27,47059
1484000,8192,49,40,9,3039231951,49,3039240143,0,8151,12.9900,8110,2,0x203788af46,0,2,0,41,47100,8151,12.9900,8110,41,47100
1485000,8192,49,40,9,3041279951,49,3041288143,0,8151,12.9900,8110,2,0x7df7fad869,0,2,0,41,47141,8151,12.9900,8110,41,47141
1486000,8192,49,40,9,3043327951,49,3043336143,0,8161,12.9924,8130,2,0xc7c06c6bd8,0,2,0,31,47172,8161,12.9924,8130,31,47172
1487000,8192,49,40,9,3045375951,49,3045384143,0,8156,12.9912,8120,2,0x82982e77c1,1,2,0,36,47208,8156,12.9912,8120,36,47208
1488000,8192,49,40,9,3047423951,49,3047432143,0,8160,12.9922,8128,2,0x79d392a411,0,1,0,32,47240,8160,12.9922,8128,32,47240
1489000,8192,49,40,9,3049471951,49,3049480143,0,8165,12.9934,8138,2,0x8a617296a2,0,2,0,27,47267,8165,12.9934,8138,27,47267
1490000,8192,49,40,9,3051519951,49,3051528143,0,8156,12.9912,8120,2,0x31a6b55d19,0,2,0,36,47303,8156,12.9912,8120,36,47303
1491000,8192,49,40,9,3053567951,49,3053576143,0,8170,12.9946,8148,2,0x5cc5ac8409,0,2,0,22,47325,8170,12.9946,8148,22,47325
1492000,8192,49,40,9,3055615951,49,3055624143,0,8167,12.9939,8142,2,0x1f2ae32556,0,1,0,25,47350,8167,12.9939,8142,25,47350
1493000,8192,49,40,9,3057663951,49,3057672143,0,8160,12.9922,8128,2,0xddb978b8af,0,2,0,32,47382,8160,12.9922,8128,32,47382
1494000,8192,49,40,9,3059711951,49,3059720143,0,8163,12.9928,8135,3,0x365d897312,0,2,0,28,47410,8163,12.9928,8135,28,47410
1495000,8192,49,40,9,3061759951,49,3061768143,0,8169,12.9943,8147,3,0x1784189e6d,0,2,0,22,47432,8169,12.9943,8147,22,47432
1496000,8192,49,40,9,3063807951,49,3063816143,0,8162,12.9927,8132,2,0x1d6ceafc14,0,2,0,30,47462,8162,12.9927,8132,30,47462
1497000,8192,49,40,9,3065855951,49,3065864143,0,8155,12.9910,8118,2,0x5d77541608,0,2,0,37,47499,8155,12.9910,8118,37,47499
1498000,8192,49,40,9,3067903951,49,3067912143,0,8174,12.9956,8156,2,0x78639241ce,0,2,0,18,47517,8174,12.9956,8156,18,47517
1499000,8192,49,40,9,3069951951,49,3069960143,0,8162,12.9927,8132,2,0xe903e0b7e2,1,2,0,30,47547,8162,12.9927,8132,30,47547
1500000,8192,49,40,9,3071999951,49,3072008143,0,8156,12.9912,8120,2,0xfec7d5cae1,0,2,0,36,47583,8156,12.9912,8120,36,47583
1501000,8192,49,40,9,3074047951,49,3074056143,0,8165,12.9934,8138,2,0x815bf08173,0,1,0,27,47610,8165,12.9934,8138,27,47610
1502000,8192,49,40,9,3076095951,49,3076104143,0,8154,12.9907,8116,2,0xa38fbc6e90,0,2,0,38,47648,8154,12.9907,8116,38,47648
1503000,8192,49,40,9,3078143951,49,3078152143,0,8154,12.9907,8116,2,0x4bdabcc5bc,0,2,0,38,47686,8154,12.9907,8116,38,47686
1504000,8192,49,40,9,3080191951,49,3080200143,0,8167,12.9939,8142,2,0x1c5a435fc5,0,2,0,25,47711,8167,12.9939,8142,25,47711
1505000,8192,49,40,9,3082239951,49,3082248143,0,8153,12.9905,8114,2,0x7dc907edaf,0,2,0,39,47750,8153,12.9905,8114,39,47750
1506000,8192,49,40,9,3084287951,49,3084296143,0,8156,12.9912,8120,2,0x95a569d6ba,0,1,0,36,47786,8156,12.9912,8120,36,47786
1507000,8192,49,40,9,3086335951,49,3086344143,0,8155,12.9910,8118,2,0xf8efcd6b5c,1,1,0,37,47823,8155,12.9910,8118,37,47823
1508000,8192,49,40,9,3088383951,49,3088392143,0,8156,12.9912,8120,2,0x394ed2225c,0,2,0,36,47859,8156,12.9912,8120,36,47859
1509000,8192,49,40,9,3090431951,49,3090440143,0,8151,12.9900,8110,2,0xe7f3f2dd93,1,2,0,41,47900,8151,12.9900,8110,41,47900
1510000,8192,49,40,9,3092479951,49,3092488143,0,8157,12.9915,8122,2,0x850af73850,2,2,0,35,47935,8157,12.9915,8122,35,47935
1511000,8192,49,40,9,3094527951,49,3094536143,0,8161,12.9924,8130,2,0xa6e8395f14,0,2,0,31,47966,8161,12.9924,8130,31,47966
1512000,8192,49,40,9,3096575951,49,3096584143,0,8159,12.9919,8126,2,0x9aa87a4822,0,2,0,33,47999,8159,12.9919,8126,33,47999
1513000,8192,49,40,9,3098623951,49,3098632143,0,8159,12.9919,8126,2,0x550cf9df85,0,2,0,33,48032,8159,12.9919,8126,33,48032
1514000,8192,49,40,9,3100671951,49,3100680143,0,8166,12.9937,8140,2,0x5563ec8564,0,2,0,26,48058,8166,12.9937,8140,26,48058
1515000,8192,49,40,9,3102719951,49,3102728143,0,8158,12.9917,8124,2,0x9bfa992717,1,2,0,34,48092,8158,12.9917,8124,34,48092
1516000,8192,49,40,9,3104767951,49,3104776143,0,8167,12.9939,8142,2,0x581378b521,1,1,0,25,48117,8167,12.9939,8142,25,48117
1517000,8192,49,40,9,3106815951,49,3106824143,0,8164,12.9932,8136,2,0x03cb645d8f,0,2,0,28,48145,8164,12.9932,8136,28,48145
1518000,8192,49,40,9,3108863951,49,3108872143,0,8162,12.9927,8132,2,0xba8a3e8d88,0,2,0,30,48175,8162,12.9927,8132,30,48175
1519000,8192,49,40,9,3110911951,49,3110920143,0,8167,12.9939,8142,2,0xafd4622677,0,2,0,25,48200,8167,12.9939,8142,25,48200
1520000,8192,49,40,9,3112959951,49,3112968143,0,8156,12.9912,8120,2,0xfb1d8c8fa1,0,2,0,36,48236,8156,12.9912,8120,36,48236
1521000,8192,49,40,9,3115007951,49,3115016143,0,8156,12.9910,8122,3,0xc964939a99,2,2,0,34,48270,8156,12.9910,8122,34,48270
1522000,8192,49,40,9,3117055951,49,3117064143,0,8160,12.9922,8128,2,0x0adbd098de,0,1,0,32,48302,8160,12.9922,8128,32,48302
1523000,8192,49,40,9,3119103951,49,3119112143,0,8169,12.9944,8146,2,0xee7e0a69f6,0,2,0,23,48325,8169,12.9944,8146,23,48325
1524000,8192,49,40,9,3121151951,49,3121160143,0,8160,12.9922,8128,2,0x2be3e900f0,0,1,0,32,48357,8160,12.9922,8128,32,48357
1525000,8192,49,40,9,3123199951,49,3123208143,0,8164,12.9932,8136,2,0xb913b19dcb,1,2,0,28,48385,8164,12.9932,8136,28,48385
1526000,8192,49,40,9,3125247951,49,3125256143,0,8153,12.9905,8114,2,0x8097b60798,0,2,0,39,48424,8153,12.9905,8114,39,48424
1527000,8192,49,40,9,3127295951,49,3127304143,0,8162,12.9927,8132,2,0x3a1138b961,0,2,0,30,48454,8162,12.9927,8132,30,48454
1528000,8192,49,40,9,3129343951,49,3129352143,0,8159,12.9919,8126,2,0x5293b0fa14,1,2,0,33,48487,8159,12.9919,8126,33,48487
1529000,8192,49,40,9,3131391951,49,3131400143,0,8165,12.9934,8138,2,0x9ffdc8532a,1,2,0,27,48514,8165,12.9934,8138,27,48514
1530000,8192,49,40,9,3133439951,49,3133448143,0,8169,12.9944,8146,2,0xbfe06017f4,0,2,0,23,48537,8169,12.9944,8146,23,48537
1531000,8192,49,40,9,3135487951,49,3135496143,0,8160,12.9922,8128,2,0x85b2b8f790,0,2,0,32,48569,8160,12.9922,8128,32,48569
1532000,8192,49,40,9,3137535951,49,3137544143,0,8171,12.9949,8150,2,0xe668fc68eb,0,1,0,21,48590,8171,12.9949,8150,21,48590
1533000,8192,49,40,9,3139583951,49,3139592143,0,8156,12.9912,8120,2,0xee16a6584c,0,1,0,36,48626,8156,12.9912,8120,36,48626
1534000,8192,49,40,9,3141631951,49,3141640143,0,8154,12.9907,8116,2,0x5c657989b8,0,2,0,38,48664,8154,12.9907,8116,38,48664
1535000,8192,49,40,9,3143679951,49,3143688143,0,8163,12.9929,8134,2,0x2fbfe34991,0,2,0,29,48693,8163,12.9929,8134,29,48693
1536000,8192,49,40,9,3145727951,49,3145736143,0,8166,12.9937,8140,2,0x9a409907aa,1,2,0,26,48719,8166,12.9937,8140,26,48719
1537000,8192,49,40,9,3147775951,49,3147784143,0,8161,12.9923,8131,3,0x567f37670b,0,2,0,30,48749,8161,12.9923,8131,30,48749
1538000,8192,49,40,9,3149823951,49,3149832143,0,8167,12.9939,8142,2,0x5fa0a61aad,1,2,0,25,48774,8167,12.9939,8142,25,48774
1539000,8192,49,40,9,3151871951,49,3151880143,0,8157,12.9915,8122,2,0xbe25071ee5,0,2,0,35,48809,8157,12.9915,8122,35,48809
1540000,8192,49,40,9,3153919951,49,3153928143,0,8159,12.9919,8126,2,0x64e7450927,0,2,0,33,48842,8159,12.9919,8126,33,48842
1541000,8192,49,40,9,3155967951,49,3155976143,0,8161,12.9924,8130,2,0x0ac51b3ea7,0,2,0,31,48873,8161,12.9924,8130,31,48873
1542000,8192,49,40,9,3158015951,49,3158024143,0,8157,12.9915,8122,2,0x862c0c6763,0,2,0,35,48908,8157,12.9915,8122,35,48908
1543000,8192,49,40,9,3160063951,49,3160072143,0,8153,12.9905,8114,2,0x17a847197e,0,1,0,39,48947,8153,12.9905,8114,39,48947
1544000,8192,49,40,9,3162111951,49,3162120143,0,8162,12.9927,8132,2,0xb8c8aa3cf1,1,2,0,30,48977,8162,12.9927,8132,30,48977
1545000,8192,49,40,9,3164159951,49,3164168143,0,8160,12.9922,8128,2,0x34fe37b003,1,2,0,32,49009,8160,12.9922,8128,32,49009
1546000,8192,49,40,9,3166207951,49,3166216143,0,8162,12.9927,8132,2,0x4070179775,0,1,0,30,49039,8162,12.9927,8132,30,49039
1547000,8192,49,40,9,3168255951,49,3168264143,0,8151,12.9899,8111,3,0x359c31a470,0,2,0,40,49079,8151,12.9899,8111,40,49079
1548000,8192,49,40,9,3170303951,49,3170312143,0,8159,12.9919,8126,2,0x37a229a632,0,1,0,33,49112,8159,12.9919,8126,33,49112
1549000,8192,49,40,9,3172351951,49,3172360143,0,8152,12.9902,8112,2,0x030422a636,0,2,0,40,49152,8152,12.9902,8112,40,49152
1550000,8192,49,40,9,3174399951,49,3174408143,0,8165,12.9934,8138,2,0xc648170e2d,0,2,0,27,49179,8165,12.9934,8138,27,49179
1551000,8192,49,40,9,3176447951,49,3176456143,0,8157,12.9915,8122,2,0x9fc35e1665,1,1,0,35,49214,8157,12.9915,8122,35,49214
1552000,8192,49,40,9,3178495951,49,3178504143,0,8156,12.9912,8120,2,0x9ca7a97eea,0,2,0,36,49250,8156,12.9912,8120,36,49250
1553000,8192,49,40,9,3180543951,49,3180552143,0,8165,12.9934,8138,2,0x160928847c,0,1,0,27,49277,8165,12.9934,8138,27,49277
1554000,8192,49,40,9,3182591951,49,3182600143,0,8156,12.9912,8120,2,0x56f5b5cd73,1,2,0,36,49313,8156,12.9912,8120,36,49313
1555000,8192,49,40,9,3184639951,49,3184648143,0,8157,12.9915,8122,2,0x94d67d23c0,1,2,0,35,49348,8157,12.9915,8122,35,49348
1556000,8192,49,40,9,3186687951,49,3186696143,0,8154,12.9907,8116,2,0x8e73fd9dee,0,2,0,38,49386,8154,12.9907,8116,38,49386
1557000,8192,49,40,9,3188735951,49,3188744143,0,8154,12.9907,8116,2,0x258c1c95bf,0,2,0,38,49424,8154,12.9907,8116,38,49424
1558000,8192,49,40,9,3190783951,49,3190792143,0,8166,12.9937,8140,2,0x967e54f29f,0,2,0,26,49450,8166,12.9937,8140,26,49450
1559000,8192,49,40,9,3192831951,49,3192840143,0,8148,12.9893,8104,2,0xb09355b46e,2,2,0,44,49494,8148,12.9893,8104,44,49494
1560000,8192,49,40,9,3194879951,49,3194888143,0,8162,12.9927,8132,2,0x421aa09fda,0,2,0,30,49524,8162,12.9927,8132,30,49524
1561000,8192,49,40,9,3196927951,49,3196936143,0,8157,12.9915,8122,2,0xf798e0599d,0,2,0,35,49559,8157,12.9915,8122,35,49559
1562000,8192,49,40,9,3198975951,49,3198984143,0,8158,12.9917,8124,2,0xcf8fbb3511,0,2,0,34,49593,8158,12.9917,8124,34,49593
1563000,8192,49,40,9,3201023951,49,3201032143,0,8159,12.9919,8126,2,0xf687d92237,1,2,0,33,49626,8159,12.9919,8126,33,49626
1564000,8192,49,40,9,3203071951,49,3203080143,0,8152,12.9902,8112,2,0x06b4168b74,0,2,0,40,49666,8152,12.9902,8112,40,49666
1565000,8192,49,40,9,3205119951,49,3205128143,0,8164,12.9932,8136,2,0x8ffd40ec5a,0,2,0,28,49694,8164,12.9932,8136,28,49694
1566000,8192,49,40,9,3207167951,49,3207176143,0,8159,12.9919,8126,2,0x7b7607ab43,0,2,0,33,49727,8159,12.9919,8126,33,49727
1567000,8192,49,40,9,3209215951,49,3209224143,0,8169,12.9944,8146,2,0x2ee6219de4,0,2,0,23,49750,8169,12.9944,8146,23,49750
1568000,8192,49,40,9,3211263951,49,3211272143,0,8163,12.9929,8134,2,0xae4bee476e,0,2,0,29,49779,8163,12.9929,8134,29,49779
1569000,8192,49,40,9,3213311951,49,3213320143,0,8165,12.9934,8138,2,0x2f8747a945,0,2,0,27,49806,8165,12.9934,8138,27,49806
1570000,8192,49,40,9,3215359951,49,3215368143,0,8165,12.9934,8138,2,0xca8a1fc23f,0,2,0,27,49833,8165,12.9934,8138,27,49833
1571000,8192,49,40,9,3217407951,49,3217416143,0,8164,12.9932,8136,2,0x0726b1a52e,2,1,0,28,49861,8164,12.9932,8136,28,49861
1572000,8192,49,40,9,3219455951,49,3219464143,0,8160,12.9922,8128,2,0x6c72fdbde8,0,2,0,32,49893,8160,12.9922,8128,32,49893
1573000,8192,49,40,9,3221503951,49,3221512143,0,8159,12.9919,8126,2,0x6d48ad4ce8,0,2,0,33,49926,8159,12.9919,8126,33,49926
1574000,8192,49,40,9,3223551951,49,3223560143,0,8153,12.9905,8114,2,0x47eb5580bd,0,2,0,39,49965,8153,12.9905,8114,39,49965
1575000,8192,49,40,9,3225599951,49,3225608143,0,8157,12.9913,8124,3,0xeb596b6a87,0,2,0,33,49998,8157,12.9913,8124,33,49998
1576000,8192,49,40,9,3227647951,49,3227656143,0,8169,12.9944,8146,2,0x6305a02a57,1,1,0,23,50021,8169,12.9944,8146,23,50021
1577000,8192,49,40,9,3229695951,49,3229704143,0,8161,12.9924,8130,2,0x4985c21271,0,2,0,31,50052,8161,12.9924,8130,31,50052
1578000,8192,49,40,9,3231743951,49,3231752143,0,8160,12.9922,8128,2,0x0d9e70fa02,0,2,0,32,50084,8160,12.9922,8128,32,50084
1579000,8192,49,40,9,3233791951,49,3233800143,0,8165,12.9934,8138,2,0x58a06c28cd,0,2,0,27,50111,8165,12.9934,8138,27,50111
1580000,8192,49,40,9,3235839951,49,3235848143,0,8157,12.9914,8123,3,0xb2b0e695c4,0,1,0,34,50145,8157,12.9914,8123,34,50145
1581000,8192,49,40,9,3237887951,49,3237896143,0,8161,12.9924,8130,2,0xd07ace1a83,0,2,0,31,50176,8161,12.9924,8130,31,50176
1582000,8192,49,40,9,3239935951,49,3239944143,0,8162,12.9927,8132,2,0x7f55ca5923,1,1,0,30,50206,8162,12.9927,8132,30,50206
1583000,8192,49,40,9,3241983951,49,3241992143,0,8159,12.9919,8126,2,0xbadafa48db,2,2,0,33,50239,8159,12.9919,8126,33,50239
1584000,8192,49,40,9,3244031951,49,3244040143,0,8162,12.9927,8132,2,0xc666b6a87c,1,2,0,30,50269,8162,12.9927,8132,30,50269
1585000,8192,49,40,9,3246079951,49,3246088143,0,8151,12.9900,8110,2,0x92c399d55c,0,1,0,41,50310,8151,12.9900,8110,41,50310
1586000,8192,49,40,9,3248127951,49,3248136143,0,8149,12.9895,8106,2,0x1f41c5fb83,0,2,0,43,50353,8149,12.9895,8106,43,50353
1587000,8192,49,40,9,3250175951,49,3250184143,0,8165,12.9933,8139,3,0x3762911891,0,2,0,26,50379,8165,12.9933,8139,26,50379
1588000,8192,49,40,9,3252223951,49,3252232143,0,8158,12.9917,8124,2,0xec90e27f59,0,2,0,34,50413,8158,12.9917,8124,34,50413
1589000,8192,49,40,9,3254271951,49,3254280143,0,8158,12.9917,8124,2,0x3d33c49e2d,0,1,0,34,50447,8158,12.9917,8124,34,50447
1590000,8192,49,40,9,3256319951,49,3256328143,0,8152,12.9902,8112,2,0xff4afcced1,0,2,0,40,50487,8152,12.9902,8112,40,50487
1591000,8192,49,40,9,3258367951,49,3258376143,0,8165,12.9934,8138,2,0x96f3bd6706,0,1,0,27,50514,8165,12.9934,8138,27,50514
1592000,8192,49,40,9,3260415951,49,3260424143,0,8160,12.9922,8128,2,0x6e1b0ccdef,0,2,0,32,50546,8160,12.9922,8128,32,50546
1593000,8192,49,40,9,3262463951,49,3262472143,0,8160,12.9922,8128,2,0xface332102,0,0,0,32,50578,8160,12.9922,8128,32,50578
1594000,8192,49,40,9,3264511951,49,3264520143,0,8165,12.9934,8138,2,0xb8dcad9d86,0,2,0,27,50605,8165,12.9934,8138,27,50605
1595000,8192,49,40,9,3266559951,49,3266568143,0,8163,12.9929,8134,2,0x2354124fb4,0,2,0,29,50634,8163,12.9929,8134,29,50634
1596000,8192,49,40,9,3268607951,49,3268616143,0,8162,12.9927,8132,2,0x685deb7e2b,0,2,0,30,50664,8162,12.9927,8132,30,50664
1597000,8192,49,40,9,3270655951,49,3270664143,0,8171,12.9949,8150,2,0x2c9002785c,0,2,0,21,50685,8171,12.9949,8150,21,50685
1598000,8192,49,40,9,3272703951,49,3272712143,0,8153,12.9905,8114,2,0x508a3f1dbb,0,2,0,39,50724,8153,12.9905,8114,39,50724
1599000,8192,49,40,9,3274751951,49,3274760143,0,8148,12.9893,8104,2,0xe1aeedc716,0,1,0,44,50768,8148,12.9893,8104,44,50768
1600000,8192,49,40,9,3276799951,49,3276808143,0,8164,12.9932,8136,2,0x63421257e4,0,2,0,28,50796,8164,12.9932,8136,28,50796
1601000,8192,49,40,9,3278847951,49,3278856143,0,8152,12.9902,8112,2,0x25ee2f8669,0,1,0,40,50836,8152,12.9902,8112,40,50836
1602000,8192,49,40,9,3280895951,49,3280904143,0,8161,12.9924,8130,2,0xaf84dced4f,1,2,0,31,50867,8161,12.9924,8130,31,50867
1603000,8192,49,40,9,3282943951,49,3282952143,0,8145,12.9885,8098,2,0x250c3022ee,0,2,0,47,50914,8145,12.9885,8098,47,50914
1604000,8192,49,40,9,3284991951,49,3285000143,0,8153,12.9905,8114,2,0x162027751e,0,1,0,39,50953,8153,12.9905,8114,39,50953
1605000,8192,49,40,9,3287039951,49,3287048143,0,8166,12.9937,8140,2,0x987405b908,0,2,0,26,50979,8166,12.9937,8140,26,50979
1606000,8192,49,40,9,3289087951,49,3289096143,0,8159,12.9919,8126,2,0x9ee0ee14ed,0,2,0,33,51012,8159,12.9919,8126,33,51012
1607000,8192,49,40,9,3291135951,49,3291144143,0,8168,12.9941,8144,2,0x12755332b2,0,2,0,24,51036,8168,12.9941,8144,24,51036
1608000,8192,49,40,9,3293183951,49,3293192143,0,8169,12.9944,8146,2,0x8502d2d603,0,2,0,23,51059,8169,12.9944,8146,23,51059
1609000,8192,49,40,9,3295231951,49,3295240143,0,8169,12.9944,8146,2,0x7759756f6c,0,2,0,23,51082,8169,12.9944,8146,23,51082
1610000,8192,49,40,9,3297279951,49,3297288143,0,8168,12.9941,8144,2,0xa4af0ac37e,0,2,0,24,51106,8168,12.9941,8144,24,51106
1611000,8192,49,40,9,3299327951,49,3299336143,0,8169,12.9944,8146,2,0xf1c7aa8125,0,2,0,23,51129,8169,12.9944,8146,23,51129
1612000,8192,49,40,9,3301375951,49,3301384143,0,8163,12.9929,8134,2,0x1822a28be4,2,2,0,29,51158,8163,12.9929,8134,29,51158
1613000,8192,49,40,9,3303423951,49,3303432143,0,8151,12.9900,8110,2,0xd82215929f,1,2,0,41,51199,8151,12.9900,8110,41,51199
1614000,8192,49,40,9,3305471951,49,3305480143,0,8156,12.9912,8120,2,0x79a127cb73,0,2,0,36,51235,8156,12.9912,8120,36,51235
1615000,8192,49,40,9,3307519951,49,3307528143,0,8155,12.9910,8118,2,0x2d7a0d55fc,0,1,0,37,51272,8155,12.9910,8118,37,51272
1616000,8192,49,40,9,3309567951,49,3309576143,0,8161,12.9924,8130,2,0xab3794c3d2,2,2,0,31,51303,8161,12.9924,8130,31,51303
1617000,8192,49,40,9,3311615951,49,3311624143,0,8166,12.9937,8140,2,0x12e5bf71c1,0,2,0,26,51329,8166,12.9937,8140,26,51329
1618000,8192,49,40,9,3313663951,49,3313672143,0,8158,12.9917,8124,2,0x6225096ada,0,0,0,34,51363,8158,12.9917,8124,34,51363
1619000,8192,49,40,9,3315711951,49,3315720143,0,8153,12.9904,8115,3,0x0c802bde56,0,2,0,38,51401,8153,12.9904,8115,38,51401
1620000,8192,49,40,9,3317759951,49,3317768143,0,8156,12.9912,8120,2,0x3afbfd07aa,0,2,0,36,51437,8156,12.9912,8120,36,51437
1621000,8192,49,40,9,3319807951,49,3319816143,0,8168,12.9941,8144,2,0xb9159b0f1c,0,2,0,24,51461,8168,12.9941,8144,24,51461
1622000,8192,49,40,9,3321855951,49,3321864143,0,8166,12.9937,8140,2,0xa654279d11,0,2,0,26,51487,8166,12.9937,8140,26,51487
1623000,8192,49,40,9,3323903951,49,3323912143,0,8159,12.9919,8126,2,0x395f641b20,0,2,0,33,51520,8159,12.9919,8126,33,51520
1624000,8192,49,40,9,3325951951,49,3325960143,0,8161,12.9924,8130,2,0xdb4eaf7399,1,2,0,31,51551,8161,12.9924,8130,31,51551
1625000,8192,49,40,9,3327999951,49,3328008143,0,8170,12.9946,8148,2,0xccd03c9b38,1,1,0,22,51573,8170,12.9946,8148,22,51573
1626000,8192,49,40,9,3330047951,49,3330056143,0,8167,12.9939,8142,2,0x214d6394a9,1,2,0,25,51598,8167,12.9939,8142,25,51598
1627000,8192,50,40,10,3332095950,50,3332104142,0,8171,12.9949,8150,2,0xaa481689ef,1,2,0,21,51619,8171,12.9949,8150,21,51619
1628000,8192,50,40,10,3334143950,50,3334152142,0,8150,12.9897,8108,2,0x14cad12c1d,1,3,0,42,51661,8150,12.9897,8108,42,51661
1629000,8192,50,40,10,3336191950,50,3336200142,0,8153,12.9904,8115,3,0x605bd937f9,1,3,0,38,51699,8153,12.9904,8115,38,51699
1630000,8192,50,40,10,3338239950,50,3338248142,0,8156,12.9912,8120,2,0xd2baefacf3,0,2,0,36,51735,8156,12.9912,8120,36,51735
1631000,8192,50,40,10,3340287950,50,3340296142,0,8151,12.9900,8110,2,0xca8cf7dd86,1,3,0,41,51776,8151,12.9900,8110,41,51776
1632000,8192,50,40,10,3342335950,50,3342344142,0,8162,12.9927,8132,2,0x43eda1f8f1,0,3,0,30,51806,8162,12.9927,8132,30,51806
1633000,8192,50,40,10,3344383950,50,3344392142,0,8153,12.9905,8114,2,0xbc1d17a0ee,0,2,0,39,51845,8153,12.9905,8114,39,51845
1634000,8192,50,40,10,3346431950,50,3346440142,0,8165,12.9934,8138,2,0x2eba7b009c,1,3,0,27,51872,8165,12.9934,8138,27,51872
1635000,8192,50,40,10,3348479950,50,3348488142,0,8163,12.9929,8134,2,0x33a0a9e139,0,3,0,29,51901,8163,12.9929,8134,29,51901
1636000,8192,50,40,10,3350527950,50,3350536142,0,8160,12.9922,8128,2,0xf336ae9c6a,0,2,0,32,51933,8160,12.9922,8128,32,51933
1637000,8192,50,40,10,3352575950,50,3352584142,0,8159,12.9919,8126,2,0x50552db765,1,2,0,33,51966,8159,12.9919,8126,33,51966
1638000,8192,50,40,10,3354623950,50,3354632142,0,8152,12.9902,8112,2,0xa00fb7cc99,0,2,0,40,52006,8152,12.9902,8112,40,52006
1639000,8192,50,40,10,3356671950,50,3356680142,0,8147,12.9890,8102,2,0x70cea63ce6,1,2,0,45,52051,8147,12.9890,8102,45,52051
1640000,8192,50,40,10,3358719950,50,3358728142,0,8162,12.9927,8132,2,0x68ac30b4eb,2,3,0,30,52081,8162,12.9927,8132,30,52081
1641000,8192,50,40,10,3360767950,50,3360776142,0,8162,12.9926,8133,3,0xd5a480dd38,0,2,0,29,52110,8162,12.9926,8133,29,52110
1642000,8192,50,40,10,3362815950,50,3362824142,0,8164,12.9931,8137,3,0x8c8dbf0152,1,3,0,27,52137,8164,12.9931,8137,27,52137
1643000,8192,50,40,10,3364863950,50,3364872142,0,8159,12.9919,8126,2,0x887412d8c5,0,1,0,33,52170,8159,12.9919,8126,33,52170
1644000,8192,50,40,10,3366911950,50,3366920142,0,8155,12.9910,8118,2,0x23ccc30260,0,3,0,37,52207,8155,12.9910,8118,37,52207
1645000,8192,52,40,12,3368959948,52,3368968140,0,8164,12.9932,8136,2,0xce7aa6c050,0,3,0,28,52235,8164,12.9932,8136,28,52235
1646000,8192,52,40,12,3371007948,52,3371016140,0,8159,12.9919,8126,2,0x43e839193f,0,3,0,33,52268,8159,12.9919,8126,33,52268
1647000,8192,52,40,12,3373055948,52,3373064140,0,8166,12.9937,8140,2,0x9d29889155,0,3,0,26,52294,8166,12.9937,8140,26,52294
1648000,8192,52,40,12,3375103948,52,3375112140,0,8161,12.9924,8130,2,0x62df268ab0,0,3,0,31,52325,8161,12.9924,8130,31,52325
1649000,8192,52,40,12,3377151948,52,3377160140,0,8163,12.9929,8134,2,0xfed0eb66a6,1,3,0,29,52354,8163,12.9929,8134,29,52354
1650000,8192,52,40,12,3379199948,52,3379208140,0,8158,12.9917,8124,2,0x19473209af,0,3,0,34,52388,8158,12.9917,8124,34,52388
1651000,8192,52,40,12,3381247948,52,3381256140,0,8161,12.9924,8130,2,0xa042ed5277,0,3,0,31,52419,8161,12.9924,8130,31,52419
1652000,8192,52,40,12,3383295948,52,3383304140,0,8158,12.9917,8124,2,0xb0fa0d176f,0,2,0,34,52453,8158,12.9917,8124,34,52453
1653000,8192,52,40,12,3385343948,52,3385352140,0,8166,12.9937,8140,2,0x827c18e5bd,0,2,0,26,52479,8166,12.9937,8140,26,52479
1654000,8192,52,40,12,3387391948,52,3387400140,0,8163,12.9929,8134,2,0xd9aba2d886,0,3,0,29,52508,8163,12.9929,8134,29,52508
1655000,8192,52,40,12,3389439948,52,3389448140,0,8161,12.9924,8130,2,0xc0ad4a7bf2,0,3,0,31,52539,8161,12.9924,8130,31,52539
1656000,8192,52,40,12,3391487948,52,3391496140,0,8162,12.9927,8132,2,0x161dcb2ea9,2,3,0,30,52569,8162,12.9927,8132,30,52569
1657000,8192,52,40,12,3393535948,52,3393544140,0,8164,12.9932,8136,2,0xb98f13bfac,0,3,0,28,52597,8164,12.9932,8136,28,52597
1658000,8192,52,40,12,3395583948,52,3395592140,0,8158,12.9917,8124,2,0x93c9e4aefb,2,3,0,34,52631,8158,12.9917,8124,34,52631
1659000,8192,52,40,12,3397631948,52,3397640140,0,8167,12.9939,8142,2,0x97a0d463ce,0,3,0,25,52656,8167,12.9939,8142,25,52656
1660000,8192,52,40,12,3399679948,52,3399688140,0,8164,12.9932,8136,2,0xb92e14c3b5,0,3,0,28,52684,8164,12.9932,8136,28,52684
1661000,8192,52,40,12,3401727948,52,3401736140,0,8156,12.9912,8120,2,0xcbffc02ef8,0,3,0,36,52720,8156,12.9912,8120,36,52720
1662000,8192,52,40,12,3403775948,52,3403784140,0,8165,12.9934,8138,2,0x2abc666f56,0,2,0,27,52747,8165,12.9934,8138,27,52747
1663000,8192,52,40,12,3405823948,52,3405832140,0,8170,12.9946,8148,2,0x57bc54145c,1,3,0,22,52769,8170,12.9946,8148,22,52769
1664000,8192,52,40,12,3407871948,52,3407880140,0,8154,12.9907,8116,2,0xd3bf91d559,0,2,0,38,52807,8154,12.9907,8116,38,52807
1665000,8192,52,40,12,3409919948,52,3409928140,0,8158,12.9917,8124,2,0x3518272c16,1,3,0,34,52841,8158,12.9917,8124,34,52841
1666000,8192,52,40,12,3411967948,52,3411976140,0,8153,12.9904,8115,3,0xdc5e547bf4,0,2,0,38,52879,8153,12.9904,8115,38,52879
1667000,8192,52,40,12,3414015948,52,3414024140,0,8166,12.9937,8140,2,0x8fde5c12dc,0,2,0,26,52905,8166,12.9937,8140,26,52905
1668000,8192,52,40,12,3416063948,52,3416072140,0,8162,12.9927,8132,2,0xc1bffc7484,0,3,0,30,52935,8162,12.9927,8132,30,52935
1669000,8192,52,40,12,3418111948,52,3418120140,0,8150,12.9897,8108,2,0xe078f73df9,0,3,0,42,52977,8150,12.9897,8108,42,52977
1670000,8192,52,40,12,3420159948,52,3420168140,0,8158,12.9916,8125,3,0x516af58020,0,2,0,33,53010,8158,12.9916,8125,33,53010
1671000,8192,52,40,12,3422207948,52,3422216140,0,8160,12.9922,8128,2,0x1899b6b12c,2,3,0,32,53042,8160,12.9922,8128,32,53042
1672000,8192,52,40,12,3424255948,52,3424264140,0,8162,12.9926,8133,3,0xd6d9ebd83f,2,2,0,29,53071,8162,12.9926,8133,29,53071
1673000,8192,52,40,12,3426303948,52,3426312140,0,8164,12.9932,8136,2,0xb71862a10f,0,3,0,28,53099,8164,12.9932,8136,28,53099
1674000,8192,52,40,12,3428351948,52,3428360140,0,8165,12.9934,8138,2,0x4ce869122e,1,3,0,27,53126,8165,12.9934,8138,27,53126
1675000,8192,52,40,12,3430399948,52,3430408140,0,8152,12.9902,8112,2,0x8718a3760a,0,2,0,40,53166,8152,12.9902,8112,40,53166
1676000,8192,52,40,12,3432447948,52,3432456140,0,8155,12.9910,8118,2,0xff5a8293ac,1,3,0,37,53203,8155,12.9910,8118,37,53203
1677000,8192,52,40,12,3434495948,52,3434504140,0,8162,12.9924,8134,4,0xc8147c5f78,0,3,0,28,53231,8162,12.9924,8134,28,53231
1678000,8192,52,40,12,3436543948,52,3436552140,0,8164,12.9932,8136,2,0x5d395e913c,1,2,0,28,53259,8164,12.9932,8136,28,53259
1679000,8192,52,40,12,3438591948,52,3438600140,0,8159,12.9919,8126,2,0xc042bcb826,0,3,0,33,53292,8159,12.9919,8126,33,53292
1680000,8192,52,40,12,3440639948,52,3440648140,0,8165,12.9934,8138,2,0xa01d94278a,0,3,0,27,53319,8165,12.9934,8138,27,53319
1681000,8192,52,40,12,3442687948,52,3442696140,0,8163,12.9929,8134,2,0xa9beccd1c4,0,3,0,29,53348,8163,12.9929,8134,29,53348
1682000,8192,52,40,12,3444735948,52,3444744140,0,8164,12.9932,8136,2,0x3be2b90ac5,1,2,0,28,53376,8164,12.9932,8136,28,53376
1683000,8192,52,40,12,3446783948,52,3446792140,0,8165,12.9934,8138,2,0xc18eb36413,0,3,0,27,53403,8165,12.9934,8138,27,53403
1684000,8192,52,40,12,3448831948,52,3448840140,0,8168,12.9941,8144,2,0xfe7e7142a1,1,3,0,24,53427,8168,12.9941,8144,24,53427
1685000,8192,52,40,12,3450879948,52,3450888140,0,8168,12.9941,8144,2,0x6b2f8d77e6,0,3,0,24,53451,8168,12.9941,8144,24,53451
1686000,8192,52,40,12,3452927948,52,3452936140,0,8165,12.9933,8139,3,0x238d6e4cc5,0,3,0,26,53477,8165,12.9933,8139,26,53477
1687000,8192,52,40,12,3454975948,52,3454984140,0,8164,12.9932,8136,2,0xdea279c5f4,3,2,0,28,53505,8164,12.9932,8136,28,53505
1688000,8192,52,40,12,3457023948,52,3457032140,0,8157,12.9915,8122,2,0x3ab49762c2,0,3,0,35,53540,8157,12.9915,8122,35,53540
1689000,8192,52,40,12,3459071948,52,3459080140,0,8159,12.9919,8126,2,0x6ef96fb3ac,0,3,0,33,53573,8159,12.9919,8126,33,53573
1690000,8192,52,40,12,3461119948,52,3461128140,0,8163,12.9929,8134,2,0xdc22eabc88,0,3,0,29,53602,8163,12.9929,8134,29,53602
1691000,8192,52,40,12,3463167948,52,3463176140,0,8167,12.9938,8143,3,0xc71f3db6d2,0,3,0,24,53626,8167,12.9938,8143,24,53626
1692000,8192,52,40,12,3465215948,52,3465224140,0,8169,12.9944,8146,2,0x2b8722c97d,0,3,0,23,53649,8169,12.9944,8146,23,53649
1693000,8192,52,40,12,3467263948,52,3467272140,0,8159,12.9919,8126,2,0xbff6b60c24,0,3,0,33,53682,8159,12.9919,8126,33,53682
1694000,8192,52,40,12,3469311948,52,3469320140,0,8166,12.9937,8140,2,0xa444999451,0,3,0,26,53708,8166,12.9937,8140,26,53708
1695000,8192,52,40,12,3471359948,52,3471368140,0,8160,12.9922,8128,2,0x8886b8f5d7,1,2,0,32,53740,8160,12.9922,8128,32,53740
1696000,8192,52,40,12,3473407948,52,3473416140,0,8160,12.9922,8128,2,0xa67e2fdc72,0,3,0,32,53772,8160,12.9922,8128,32,53772
1697000,8192,52,40,12,3475455948,52,3475464140,0,8156,12.9912,8120,2,0xe89ea94917,0,2,0,36,53808,8156,12.9912,8120,36,53808
1698000,8192,52,40,12,3477503948,52,3477512140,0,8154,12.9906,8117,3,0x2955b4d5d2,0,3,0,37,53845,8154,12.9906,8117,37,53845
1699000,8192,52,40,12,3479551948,52,3479560140,0,8157,12.9915,8122,2,0x04ddaa4897,0,2,0,35,53880,8157,12.9915,8122,35,53880
1700000,8192,52,40,12,3481599948,52,3481608140,0,8158,12.9917,8124,2,0xb1b038a50e,1,2,0,34,53914,8158,12.9917,8124,34,53914
1701000,8192,52,40,12,3483647948,52,3483656140,0,8157,12.9914,8123,3,0x49a9a13591,0,2,0,34,53948,8157,12.9914,8123,34,53948
1702000,8192,52,40,12,3485695948,52,3485704140,0,8153,12.9905,8114,2,0x73a8418e94,0,2,0,39,53987,8153,12.9905,8114,39,53987
1703000,8192,52,40,12,3487743948,52,3487752140,0,8160,12.9922,8128,2,0x6536cfc2ff,0,3,0,32,54019,8160,12.9922,8128,32,54019
1704000,8192,52,40,12,3489791948,52,3489800140,0,8160,12.9922,8128,2,0x03c829f269,1,2,0,32,54051,8160,12.9922,8128,32,54051
1705000,8192,52,40,12,3491839948,52,3491848140,0,8168,12.9941,8144,2,0xc59492a7ad,0,3,0,24,54075,8168,12.9941,8144,24,54075
1706000,8192,52,40,12,3493887948,52,3493896140,0,8172,12.9951,8152,2,0xaea30f1729,0,2,0,20,54095,8172,12.9951,8152,20,54095
1707000,8192,52,40,12,3495935948,52,3495944140,0,8168,12.9941,8144,2,0x91bcf974c1,0,3,0,24,54119,8168,12.9941,8144,24,54119
1708000,8192,52,40,12,3497983948,52,3497992140,0,8162,12.9927,8132,2,0xe99540f271,0,3,0,30,54149,8162,12.9927,8132,30,54149
1709000,8192,52,40,12,3500031948,52,3500040140,0,8154,12.9907,8116,2,0x922b32a1d1,0,3,0,38,54187,8154,12.9907,8116,38,54187
1710000,8192,52,40,12,3502079948,52,3502088140,0,8160,12.9922,8128,2,0x339ffad9f3,1,3,0,32,54219,8160,12.9922,8128,32,54219
1711000,8192,52,40,12,3504127948,52,3504136140,0,8161,12.9924,8130,2,0xce1a934d11,1,3,0,31,54250,8161,12.9924,8130,31,54250
1712000,8192,52,40,12,3506175948,52,3506184140,0,8162,12.9927,8132,2,0xe80669f984,0,3,0,30,54280,8162,12.9927,8132,30,54280
1713000,8192,52,40,12,3508223948,52,3508232140,0,8153,12.9905,8114,2,0xbbdb491c32,1,3,0,39,54319,8153,12.9905,8114,39,54319
1714000,8192,52,40,12,3510271948,52,3510280140,0,8155,12.9910,8118,2,0xe90e681c01,0,3,0,37,54356,8155,12.9910,8118,37,54356
1715000,8192,52,40,12,3512319948,52,3512328140,0,8154,12.9907,8116,2,0x7ba4607596,0,2,0,38,54394,8154,12.9907,8116,38,54394
1716000,8192,52,40,12,3514367948,52,3514376140,0,8166,12.9937,8140,2,0x25b93016e4,1,3,0,26,54420,8166,12.9937,8140,26,54420
1717000,8192,52,40,12,3516415948,52,3516424140,0,8157,12.9915,8122,2,0xd5f98ee876,0,3,0,35,54455,8157,12.9915,8122,35,54455
1718000,8192,52,40,12,3518463948,52,3518472140,0,8151,12.9900,8110,2,0x6bd5ec0f50,0,3,0,41,54496,8151,12.9900,8110,41,54496
1719000,8192,52,40,12,3520511948,52,3520520140,0,8169,12.9944,8146,2,0xfddf8c9727,1,3,0,23,54519,8169,12.9944,8146,23,54519
1720000,8192,52,40,12,3522559948,52,3522568140,0,8172,12.9951,8152,2,0x883e2a3687,1,3,0,20,54539,8172,12.9951,8152,20,54539
1721000,8192,52,40,12,3524607948,52,3524616140,0,8168,12.9941,8144,2,0x52bdd5883a,0,3,0,24,54563,8168,12.9941,8144,24,54563
1722000,8192,52,40,12,3526655948,52,3526664140,0,8169,12.9944,8146,2,0x3c90d375b7,1,3,0,23,54586,8169,12.9944,8146,23,54586
1723000,8192,52,40,12,3528703948,52,3528712140,0,8150,12.9897,8108,2,0x747fd7d47d,1,2,0,42,54628,8150,12.9897,8108,42,54628
1724000,8192,52,40,12,3530751948,52,3530760140,0,8165,12.9934,8138,2,0xc35356b5d5,0,2,0,27,54655,8165,12.9934,8138,27,54655
1725000,8192,53,40,13,3532799947,53,3532808139,0,8159,12.9919,8126,2,0x1ec9473c0e,1,3,0,33,54688,8159,12.9919,8126,33,54688
1726000,8192,53,40,13,3534847947,53,3534856139,0,8162,12.9927,8132,2,0xc017c05fae,1,2,0,30,54718,8162,12.9927,8132,30,54718
1727000,8192,53,40,13,3536895947,53,3536904139,0,8161,12.9924,8130,2,0x5494db9702,1,2,0,31,54749,8161,12.9924,8130,31,54749
1728000,8192,53,40,13,3538943947,53,3538952139,0,8168,12.9941,8144,2,0xf12f122031,1,3,0,24,54773,8168,12.9941,8144,24,54773
1729000,8192,53,40,13,3540991947,53,3541000139,0,8166,12.9937,8140,2,0xabd555f6e6,0,2,0,26,54799,8166,12.9937,8140,26,54799
1730000,8192,53,40,13,3543039947,53,3543048139,0,8152,12.9902,8112,2,0x200f49f0c5,0,3,0,40,54839,8152,12.9902,8112,40,54839
1731000,8192,53,40,13,3545087947,53,3545096139,0,8156,12.9912,8120,2,0x116942b40e,0,3,0,36,54875,8156,12.9912,8120,36,54875
1732000,8192,53,40,13,3547135947,53,3547144139,0,8171,12.9949,8150,2,0x737b10f068,0,2,0,21,54896,8171,12.9949,8150,21,54896
1733000,8192,53,40,13,3549183947,53,3549192139,0,8161,12.9924,8130,2,0x1be8aebba2,0,2,0,31,54927,8161,12.9924,8130,31,54927
1734000,8192,53,40,13,3551231947,53,3551240139,0,8152,12.9901,8113,3,0xfd1bf70ad4,0,2,0,39,54966,8152,12.9901,8113,39,54966
1735000,8192,53,40,13,3553279947,53,3553288139,0,8167,12.9939,8142,2,0x860cb94c0f,0,2,0,25,54991,8167,12.9939,8142,25,54991
1736000,8192,53,40,13,3555327947,53,3555336139,0,8166,12.9937,8140,2,0xf9c19563a9,0,2,0,26,55017,8166,12.9937,8140,26,55017
1737000,8192,53,40,13,3557375947,53,3557384139,0,8153,12.9905,8114,2,0xc84fb0ab7f,2,2,0,39,55056,8153,12.9905,8114,39,55056
1738000,8192,53,40,13,3559423947,53,3559432139,0,8153,12.9905,8114,2,0x560ab3a0d3,2,3,0,39,55095,8153,12.9905,8114,39,55095
1739000,8192,53,40,13,3561471947,53,3561480139,0,8169,12.9944,8146,2,0xe407d4d9b3,1,3,0,23,55118,8169,12.9944,8146,23,55118
1740000,8192,53,40,13,3563519947,53,3563528139,0,8156,12.9912,8120,2,0xac0351d26f,0,3,0,36,55154,8156,12.9912,8120,36,55154
1741000,8192,53,40,13,3565567947,53,3565576139,0,8162,12.9927,8132,2,0xe9c46cc8b3,1,3,0,30,55184,8162,12.9927,8132,30,55184
1742000,8192,53,40,13,3567615947,53,3567624139,0,8159,12.9919,8126,2,0x17da82e3a3,0,2,0,33,55217,8159,12.9919,8126,33,55217
1743000,8192,53,40,13,3569663947,53,3569672139,0,8163,12.9929,8134,2,0xc9473e037e,0,3,0,29,55246,8163,12.9929,8134,29,55246
1744000,8192,53,40,13,3571711947,53,3571720139,0,8155,12.9910,8118,2,0x49752f565f,0,2,0,37,55283,8155,12.9910,8118,37,55283
1745000,8192,53,40,13,3573759947,53,3573768139,0,8175,12.9958,8158,2,0x48196d6943,0,3,0,17,55300,8175,12.9958,8158,17,55300
1746000,8192,53,40,13,3575807947,53,3575816139,0,8162,12.9927,8132,2,0x344ff2c46d,1,3,0,30,55330,8162,12.9927,8132,30,55330
1747000,8192,53,40,13,3577855947,53,3577864139,0,8152,12.9902,8112,2,0x4f928b803c,0,3,0,40,55370,8152,12.9902,8112,40,55370
1748000,8192,53,40,13,3579903947,53,3579912139,0,8163,12.9929,8134,2,0x29509fc270,1,3,0,29,55399,8163,12.9929,8134,29,55399
1749000,8192,53,40,13,3581951947,53,3581960139,0,8154,12.9907,8116,2,0xa41b0be2b8,0,3,0,38,55437,8154,12.9907,8116,38,55437
1750000,8192,53,40,13,3583999947,53,3584008139,0,8149,12.9895,8106,2,0x63297ba6de,2,3,0,43,55480,8149,12.9895,8106,43,55480
1751000,8192,53,40,13,3586047947,53,3586056139,0,8162,12.9927,8132,2,0xb7c2b8484f,1,2,0,30,55510,8162,12.9927,8132,30,55510
1752000,8192,53,40,13,3588095947,53,3588104139,0,8157,12.9914,8123,3,0x385f33cf68,1,3,0,34,55544,8157,12.9914,8123,34,55544
1753000,8192,53,40,13,3590143947,53,3590152139,0,8164,12.9932,8136,2,0xff569a642e,0,3,0,28,55572,8164,12.9932,8136,28,55572
1754000,8192,53,40,13,3592191947,53,3592200139,0,8161,12.9924,8130,2,0x0072fbbffe,0,2,0,31,55603,8161,12.9924,8130,31,55603
1755000,8192,53,40,13,3594239947,53,3594248139,0,8169,12.9944,8146,2,0x62fff89954,1,3,0,23,55626,8169,12.9944,8146,23,55626
1756000,8192,53,40,13,3596287947,53,3596296139,0,8165,12.9934,8138,2,0x43e19649ff,0,3,0,27,55653,8165,12.9934,8138,27,55653
1757000,8192,53,40,13,3598335947,53,3598344139,0,8170,12.9946,8148,2,0x2504bb458c,0,3,0,22,55675,8170,12.9946,8148,22,55675
1758000,8192,53,40,13,3600383947,53,3600392139,0,8150,12.9897,8108,2,0xda3a026125,0,3,0,42,55717,8150,12.9897,8108,42,55717
1759000,8192,53,40,13,3602431947,53,3602440139,0,8163,12.9929,8134,2,0x000f6594a9,0,3,0,29,55746,8163,12.9929,8134,29,55746
1760000,8192,53,40,13,3604479947,53,3604488139,0,8156,12.9912,8120,2,0x9868efa2a2,0,3,0,36,55782,8156,12.9912,8120,36,55782
1761000,8192,53,40,13,3606527947,53,3606536139,0,8165,12.9934,8138,2,0x3a07b5102e,0,3,0,27,55809,8165,12.9934,8138,27,55809
1762000,8192,53,40,13,3608575947,53,3608584139,0,8161,12.9924,8130,2,0xf038e9c616,0,2,0,31,55840,8161,12.9924,8130,31,55840
1763000,8192,53,40,13,3610623947,53,3610632139,0,8162,12.9927,8132,2,0x44145fdcc6,0,3,0,30,55870,8162,12.9927,8132,30,55870
1764000,8192,53,40,13,3612671947,53,3612680139,0,8171,12.9949,8150,2,0x34a23bb25c,1,3,0,21,55891,8171,12.9949,8150,21,55891
1765000,8192,53,40,13,3614719947,53,3614728139,0,8167,12.9939,8142,2,0xe019edb3a1,1,3,0,25,55916,8167,12.9939,8142,25,55916
1766000,8192,53,40,13,3616767947,53,3616776139,0,8166,12.9937,8140,2,0x4d01abe3ce,0,3,0,26,55942,8166,12.9937,8140,26,55942
1767000,8192,53,40,13,3618815947,53,3618824139,0,8155,12.9910,8118,2,0xbac12b4e55,1,3,0,37,55979,8155,12.9910,8118,37,55979
1768000,8192,53,40,13,3620863947,53,3620872139,0,8169,12.9944,8146,2,0x110d993904,0,3,0,23,56002,8169,12.9944,8146,23,56002
1769000,8192,53,40,13,3622911947,53,3622920139,0,8164,12.9932,8136,2,0x5ecd81620e,0,3,0,28,56030,8164,12.9932,8136,28,56030
1770000,8192,53,40,13,3624959947,53,3624968139,0,8165,12.9934,8138,2,0xdbe5e1fd95,1,2,0,27,56057,8165,12.9934,8138,27,56057
1771000,8192,53,40,13,3627007947,53,3627016139,0,8165,12.9934,8138,2,0x43a7c9d74c,0,3,0,27,56084,8165,12.9934,8138,27,56084
1772000,8192,53,40,13,3629055947,53,3629064139,0,8174,12.9956,8156,2,0x62678f0006,1,2,0,18,56102,8174,12.9956,8156,18,56102
1773000,8192,53,40,13,3631103947,53,3631112139,0,8167,12.9939,8142,2,0x8015a552c9,2,3,0,25,56127,8167,12.9939,8142,25,56127
1774000,8192,53,40,13,3633151947,53,3633160139,0,8161,12.9924,8130,2,0xc4b3001c01,0,3,0,31,56158,8161,12.9924,8130,31,56158
1775000,8192,53,40,13,3635199947,53,3635208139,0,8151,12.9900,8110,2,0x8dcdeebb9b,0,3,0,41,56199,8151,12.9900,8110,41,56199
1776000,8192,53,40,13,3637247947,53,3637256139,0,8156,12.9912,8120,2,0x7982a6be0e,0,3,0,36,56235,8156,12.9912,8120,36,56235
1777000,8192,53,40,13,3639295947,53,3639304139,0,8157,12.9915,8122,2,0x6ee8bca556,0,2,0,35,56270,8157,12.9915,8122,35,56270
1778000,8192,53,40,13,3641343947,53,3641352139,0,8161,12.9924,8130,2,0xd93a94c20d,0,2,0,31,56301,8161,12.9924,8130,31,56301
1779000,8192,53,40,13,3643391947,53,3643400139,0,8160,12.9921,8129,3,0x24a1805576,0,3,0,31,56332,8160,12.9921,8129,31,56332
1780000,8192,53,40,13,3645439947,53,3645448139,0,8166,12.9937,8140,2,0x29a7c42b33,0,2,0,26,56358,8166,12.9937,8140,26,56358
1781000,8192,53,40,13,3647487947,53,3647496139,0,8157,12.9915,8122,2,0xa2c07ce2ce,0,2,0,35,56393,8157,12.9915,8122,35,56393
1782000,8192,53,40,13,3649535947,53,3649544139,0,8153,12.9905,8114,2,0xad9556cb06,0,3,0,39,56432,8153,12.9905,8114,39,56432
1783000,8192,53,40,13,3651583947,53,3651592139,0,8173,12.9954,8154,2,0x816411669f,0,1,0,19,56451,8173,12.9954,8154,19,56451
1784000,8192,53,40,13,3653631947,53,3653640139,0,8157,12.9915,8122,2,0x58756e4db5,0,3,0,35,56486,8157,12.9915,8122,35,56486
1785000,8192,53,40,13,3655679947,53,3655688139,0,8164,12.9932,8136,2,0x4ed9428411,1,3,0,28,56514,8164,12.9932,8136,28,56514
1786000,8192,53,40,13,3657727947,53,3657736139,0,8161,12.9924,8130,2,0xddb46602eb,0,2,0,31,56545,8161,12.9924,8130,31,56545
1787000,8192,53,40,13,3659775947,53,3659784139,0,8171,12.9949,8150,2,0x828b70b4a0,1,3,0,21,56566,8171,12.9949,8150,21,56566
1788000,8192,53,40,13,3661823947,53,3661832139,0,8157,12.9915,8122,2,0xc96a5775e0,0,3,0,35,56601,8157,12.9915,8122,35,56601
1789000,8192,53,40,13,3663871947,53,3663880139,0,8153,12.9905,8114,2,0xd98907f131,1,3,0,39,56640,8153,12.9905,8114,39,56640
1790000,8192,53,40,13,3665919947,53,3665928139,0,8160,12.9922,8128,2,0x1e8895e9e7,0,3,0,32,56672,8160,12.9922,8128,32,56672
1791000,8192,53,40,13,3667967947,53,3667976139,0,8151,12.9900,8110,2,0x3da5dadaac,0,3,0,41,56713,8151,12.9900,8110,41,56713
1792000,8192,53,40,13,3670015947,53,3670024139,0,8166,12.9937,8140,2,0x808b46feef,0,2,0,26,56739,8166,12.9937,8140,26,56739
1793000,8192,53,40,13,3672063947,53,3672072139,0,8167,12.9939,8142,2,0x76142791b4,0,2,0,25,56764,8167,12.9939,8142,25,56764
1794000,8192,53,40,13,3674111947,53,3674120139,0,8152,12.9902,8112,2,0xee17c138f9,1,3,0,40,56804,8152,12.9902,8112,40,56804
1795000,8192,53,40,13,3676159947,53,3676168139,0,8163,12.9929,8134,2,0x97a3d0ea0e,0,3,0,29,56833,8163,12.9929,8134,29,56833
1796000,8192,53,40,13,3678207947,53,3678216139,0,8158,12.9917,8124,2,0x580c732251,0,1,0,34,56867,8158,12.9917,8124,34,56867
1797000,8192,53,40,13,3680255947,53,3680264139,0,8158,12.9917,8124,2,0x3e037b9b83,0,3,0,34,56901,8158,12.9917,8124,34,56901
1798000,8192,53,40,13,3682303947,53,3682312139,0,8163,12.9929,8134,2,0x57c51d4662,0,2,0,29,56930,8163,12.9929,8134,29,56930
1799000,8192,53,40,13,3684351947,53,3684360139,0,8163,12.9928,8135,3,0xe05e723994,2,2,0,28,56958,8163,12.9928,8135,28,56958
1800000,8192,53,40,13,3686399947,53,3686408139,0,8154,12.9907,8116,2,0xa9bfe04c61,2,3,0,38,56996,8154,12.9907,8116,38,56996
1801000,8192,53,40,13,3688447947,53,3688456139,0,8161,12.9924,8130,2,0x145c2f4831,1,3,0,31,57027,8161,12.9924,8130,31,57027
1802000,8192,53,40,13,3690495947,53,3690504139,0,8160,12.9922,8128,2,0xfc9d69ca3e,0,3,0,32,57059,8160,12.9922,8128,32,57059
1803000,8192,54,41,13,3692543946,54,3692552138,0,8152,12.9901,8113,3,0xe18e615363,0,3,0,39,57098,8152,12.9901,8113,39,57098
1804000,8192,54,41,13,3694591946,54,3694600138,0,8165,12.9934,8138,2,0x7fd389d010,1,2,0,27,57125,8165,12.9934,8138,27,57125
1805000,8192,54,41,13,3696639946,54,3696648138,0,8164,12.9932,8136,2,0x22e2d7b158,1,3,0,28,57153,8164,12.9932,8136,28,57153
1806000,8192,54,41,13,3698687946,54,3698696138,0,8161,12.9924,8130,2,0xb39b179449,1,3,0,31,57184,8161,12.9924,8130,31,57184
1807000,8192,58,45,13,3700735942,58,3700744134,0,8152,12.9902,8112,2,0xcded0500f4,0,2,0,40,57224,8152,12.9902,8112,40,57224
1808000,8192,58,45,13,3702783942,58,3702792134,0,8162,12.9927,8132,2,0xee0cd790ae,1,1,0,30,57254,8162,12.9927,8132,30,57254
1809000,8192,58,45,13,3704831942,58,3704840134,0,8162,12.9927,8132,2,0x150e27485f,0,2,0,30,57284,8162,12.9927,8132,30,57284
1810000,8192,58,45,13,3706879942,58,3706888134,0,8152,12.9902,8112,2,0xfeda1802ad,0,3,0,40,57324,8152,12.9902,8112,40,57324
1811000,8192,58,45,13,3708927942,58,3708936134,0,8157,12.9914,8123,3,0xc512ee1294,0,3,0,34,57358,8157,12.9914,8123,34,57358
1812000,8192,58,45,13,3710975942,58,3710984134,0,8161,12.9924,8130,2,0x4800eb7d8f,0,2,0,31,57389,8161,12.9924,8130,31,57389
1813000,8192,58,45,13,3713023942,58,3713032134,0,8165,12.9933,8139,3,0x45e06b7d89,1,2,0,26,57415,8165,12.9933,8139,26,57415
1814000,8192,58,45,13,3715071942,58,3715080134,0,8161,12.9924,8130,2,0x99f64fa980,0,2,0,31,57446,8161,12.9924,8130,31,57446
1815000,8192,58,45,13,3717119942,58,3717128134,0,8161,12.9924,8130,2,0xfa5e003cf2,0,3,0,31,57477,8161,12.9924,8130,31,57477
1816000,8192,58,45,13,3719167942,58,3719176134,0,8170,12.9946,8148,2,0x508b50974f,2,3,0,22,57499,8170,12.9946,8148,22,57499
1817000,8192,58,45,13,3721215942,58,3721224134,0,8162,12.9927,8132,2,0x87a6ad24ca,1,3,0,30,57529,8162,12.9927,8132,30,57529
1818000,8192,58,45,13,3723263942,58,3723272134,0,8161,12.9924,8130,2,0xc02b71a084,1,3,0,31,57560,8161,12.9924,8130,31,57560
1819000,8192,58,45,13,3725311942,58,3725320134,0,8150,12.9897,8108,2,0x1fa7b6eef2,1,2,0,42,57602,8150,12.9897,8108,42,57602
1820000,8192,58,45,13,3727359942,58,3727368134,0,8164,12.9932,8136,2,0x7ddaa242fe,0,2,0,28,57630,8164,12.9932,8136,28,57630
1821000,8192,58,45,13,3729407942,58,3729416134,0,8156,12.9912,8120,2,0xed1e60e0be,0,2,0,36,57666,8156,12.9912,8120,36,57666
1822000,8192,58,45,13,3731455942,58,3731464134,0,8155,12.9910,8118,2,0x324a10360d,1,3,0,37,57703,8155,12.9910,8118,37,57703
1823000,8192,58,45,13,3733503942,58,3733512134,0,8158,12.9917,8124,2,0x4b855809a8,0,2,0,34,57737,8158,12.9917,8124,34,57737
1824000,8192,58,45,13,3735551942,58,3735560134,0,8163,12.9929,8134,2,0xaf13ddbe54,1,3,0,29,57766,8163,12.9929,8134,29,57766
1825000,8192,58,45,13,3737599942,58,3737608134,0,8158,12.9917,8124,2,0xd13b0a5e9b,1,2,0,34,57800,8158,12.9917,8124,34,57800
1826000,8192,58,45,13,3739647942,58,3739656134,0,8155,12.9910,8118,2,0x036c25f328,1,3,0,37,57837,8155,12.9910,8118,37,57837
1827000,8192,58,45,13,3741695942,58,3741704134,0,8151,12.9900,8110,2,0x361f957fdb,1,2,0,41,57878,8151,12.9900,8110,41,57878
1828000,8192,58,45,13,3743743942,58,3743752134,0,8158,12.9917,8124,2,0x278826f389,2,3,0,34,57912,8158,12.9917,8124,34,57912
1829000,8192,58,45,13,3745791942,58,3745800134,0,8162,12.9927,8132,2,0xbe327d51d7,0,2,0,30,57942,8162,12.9927,8132,30,57942
1830000,8192,58,45,13,3747839942,58,3747848134,0,8153,12.9905,8114,2,0x45fcabd9a6,0,2,0,39,57981,8153,12.9905,8114,39,57981
1831000,8192,58,45,13,3749887942,58,3749896134,0,8162,12.9927,8132,2,0x9a81e7407e,0,2,0,30,58011,8162,12.9927,8132,30,58011
1832000,8192,58,45,13,3751935942,58,3751944134,0,8167,12.9939,8142,2,0xe0f20e75a3,0,2,0,25,58036,8167,12.9939,8142,25,58036
1833000,8192,58,45,13,3753983942,58,3753992134,0,8156,12.9912,8120,2,0x6d25e8b119,0,1,0,36,58072,8156,12.9912,8120,36,58072
1834000,8192,58,45,13,3756031942,58,3756040134,0,8168,12.9941,8144,2,0xa4d4a34944,1,2,0,24,58096,8168,12.9941,8144,24,58096
1835000,8192,58,45,13,3758079942,58,3758088134,0,8149,12.9894,8107,3,0x86e1a9a09e,0,3,0,42,58138,8149,12.9894,8107,42,58138
1836000,8192,58,45,13,3760127942,58,3760136134,0,8165,12.9934,8138,2,0x36035d1744,0,3,0,27,58165,8165,12.9934,8138,27,58165
1837000,8192,58,45,13,3762175942,58,3762184134,0,8153,12.9905,8114,2,0x38bfe00673,0,2,0,39,58204,8153,12.9905,8114,39,58204
1838000,8192,58,45,13,3764223942,58,3764232134,0,8158,12.9917,8124,2,0xd2cbd5dda4,0,2,0,34,58238,8158,12.9917,8124,34,58238
1839000,8192,58,45,13,3766271942,58,3766280134,0,8157,12.9914,8123,3,0x19c616c8d0,0,3,0,34,58272,8157,12.9914,8123,34,58272
1840000,8192,58,45,13,3768319942,58,3768328134,0,8153,12.9905,8114,2,0x47c7b15cd4,0,2,0,39,58311,8153,12.9905,8114,39,58311
1841000,8192,58,45,13,3770367942,58,3770376134,0,8159,12.9919,8126,2,0xbc7982cc13,0,3,0,33,58344,8159,12.9919,8126,33,58344
1842000,8192,58,45,13,3772415942,58,3772424134,0,8160,12.9922,8128,2,0xf380e6ee60,1,2,0,32,58376,8160,12.9922,8128,32,58376
1843000,8192,58,45,13,3774463942,58,3774472134,0,8163,12.9929,8134,2,0x3e765f5f45,1,3,0,29,58405,8163,12.9929,8134,29,58405
1844000,8192,58,45,13,3776511942,58,3776520134,0,8167,12.9939,8142,2,0xdfb69278e5,0,3,0,25,58430,8167,12.9939,8142,25,58430
1845000,8192,58,45,13,3778559942,58,3778568134,0,8150,12.9897,8108,2,0xc84fec1b1b,1,2,0,42,58472,8150,12.9897,8108,42,58472
1846000,8192,58,45,13,3780607942,58,3780616134,0,8154,12.9907,8116,2,0xe55f22151d,1,3,0,38,58510,8154,12.9907,8116,38,58510
1847000,8192,58,45,13,3782655942,58,3782664134,0,8168,12.9941,8144,2,0xe1bd0a5e19,0,2,0,24,58534,8168,12.9941,8144,24,58534
1848000,8192,58,45,13,3784703942,58,3784712134,0,8162,12.9927,8132,2,0x6b9301d0d1,0,2,0,30,58564,8162,12.9927,8132,30,58564
1849000,8192,59,46,13,3786751941,59,3786760133,0,8160,12.9922,8128,2,0xa416916825,0,3,0,32,58596,8160,12.9922,8128,32,58596
1850000,8192,59,46,13,3788799941,59,3788808133,0,8160,12.9922,8128,2,0x487791134a,1,3,0,32,58628,8160,12.9922,8128,32,58628
1851000,8192,59,46,13,3790847941,59,3790856133,0,8157,12.9915,8122,2,0x6b4cdd70e2,0,2,0,35,58663,8157,12.9915,8122,35,58663
1852000,8192,59,46,13,3792895941,59,3792904133,0,8151,12.9900,8110,2,0xa2510bd294,0,3,0,41,58704,8151,12.9900,8110,41,58704
1853000,8192,59,46,13,3794943941,59,3794952133,0,8154,12.9907,8116,2,0x9149f83ee3,0,3,0,38,58742,8154,12.9907,8116,38,58742
1854000,8192,59,46,13,3796991941,59,3797000133,0,8159,12.9919,8126,2,0x38d6fa48a1,0,2,0,33,58775,8159,12.9919,8126,33,58775
1855000,8192,59,46,13,3799039941,59,3799048133,0,8159,12.9919,8126,2,0x1fcfc4fdb7,0,2,0,33,58808,8159,12.9919,8126,33,58808
1856000,8192,59,46,13,3801087941,59,3801096133,0,8167,12.9939,8142,2,0x51f1c309b0,1,3,0,25,58833,8167,12.9939,8142,25,58833
1857000,8192,59,46,13,3803135941,59,3803144133,0,8170,12.9946,8148,2,0x4f2c8a2a7f,1,2,0,22,58855,8170,12.9946,8148,22,58855
1858000,8192,59,46,13,3805183941,59,3805192133,0,8165,12.9934,8138,2,0x116d15dd91,0,2,0,27,58882,8165,12.9934,8138,27,58882
1859000,8192,59,46,13,3807231941,59,3807240133,0,8165,12.9934,8138,2,0x2fa9693b9c,1,1,0,27,58909,8165,12.9934,8138,27,58909
1860000,8192,59,46,13,3809279941,59,3809288133,0,8156,12.9912,8120,2,0x9fc93e51ff,1,2,0,36,58945,8156,12.9912,8120,36,58945
1861000,8192,59,46,13,3811327941,59,3811336133,0,8163,12.9929,8134,2,0xfb255c8fac,2,3,0,29,58974,8163,12.9929,8134,29,58974
1862000,8192,59,46,13,3813375941,59,3813384133,0,8168,12.9941,8144,2,0x82f87f12e0,0,1,0,24,58998,8168,12.9941,8144,24,58998
1863000,8192,59,46,13,3815423941,59,3815432133,0,8161,12.9924,8130,2,0x9aacae7e04,0,3,0,31,59029,8161,12.9924,8130,31,59029
1864000,8192,59,46,13,3817471941,59,3817480133,0,8156,12.9912,8120,2,0x235d0556c6,0,3,0,36,59065,8156,12.9912,8120,36,59065
1865000,8192,59,46,13,3819519941,59,3819528133,0,8151,12.9900,8110,2,0x3c2855da53,1,2,0,41,59106,8151,12.9900,8110,41,59106
1866000,8192,59,46,13,3821567941,59,3821576133,0,8162,12.9927,8132,2,0x2c535a8ca3,0,2,0,30,59136,8162,12.9927,8132,30,59136
1867000,8192,59,46,13,3823615941,59,3823624133,0,8154,12.9907,8116,2,0xa1b1887d8d,0,3,0,38,59174,8154,12.9907,8116,38,59174
1868000,8192,59,46,13,3825663941,59,3825672133,0,8158,12.9917,8124,2,0xe7e8742354,0,3,0,34,59208,8158,12.9917,8124,34,59208
1869000,8192,59,46,13,3827711941,59,3827720133,0,8161,12.9924,8130,2,0x2770814693,1,2,0,31,59239,8161,12.9924,8130,31,59239
1870000,8192,59,46,13,3829759941,59,3829768133,0,8148,12.9893,8104,2,0x52efdf38e6,0,2,0,44,59283,8148,12.9893,8104,44,59283
1871000,8192,59,46,13,3831807941,59,3831816133,0,8164,12.9932,8136,2,0x07493f6c4d,0,3,0,28,59311,8164,12.9932,8136,28,59311
1872000,8192,59,46,13,3833855941,59,3833864133,0,8163,12.9929,8134,2,0xebcb1ff25b,0,3,0,29,59340,8163,12.9929,8134,29,59340
1873000,8192,59,46,13,3835903941,59,3835912133,0,8160,12.9922,8128,2,0xe4894fb32d,0,2,0,32,59372,8160,12.9922,8128,32,59372
1874000,8192,59,46,13,3837951941,59,3837960133,0,8165,12.9934,8138,2,0x19a6b1aea0,1,2,0,27,59399,8165,12.9934,8138,27,59399
1875000,8192,59,46,13,3839999941,59,3840008133,0,8156,12.9912,8120,2,0xae6235699e,0,3,0,36,59435,8156,12.9912,8120,36,59435
1876000,8192,59,46,13,3842047941,59,3842056133,0,8157,12.9915,8122,2,0xd7c2e129ce,0,3,0,35,59470,8157,12.9915,8122,35,59470
1877000,8192,59,46,13,3844095941,59,3844104133,0,8155,12.9910,8118,2,0x909a80479d,1,1,0,37,59507,8155,12.9910,8118,37,59507
1878000,8192,59,46,13,3846143941,59,3846152133,0,8152,12.9902,8112,2,0xd68e45a3ff,0,2,0,40,59547,8152,12.9902,8112,40,59547
1879000,8192,59,46,13,3848191941,59,3848200133,0,8169,12.9944,8146,2,0x017a3beca0,1,3,0,23,59570,8169,12.9944,8146,23,59570
1880000,8192,60,47,13,3850239940,60,3850248132,0,8162,12.9927,8132,2,0x0806976b24,0,2,0,30,59600,8162,12.9927,8132,30,59600
1881000,8192,60,47,13,3852287940,60,3852296132,0,8161,12.9924,8130,2,0xdeaec2eb4b,2,3,0,31,59631,8161,12.9924,8130,31,59631
1882000,8192,60,47,13,3854335940,60,3854344132,0,8165,12.9933,8139,3,0x86ca91f977,2,3,0,26,59657,8165,12.9933,8139,26,59657
1883000,8192,60,47,13,3856383940,60,3856392132,0,8155,12.9910,8118,2,0x6e3d3d49cc,0,3,0,37,59694,8155,12.9910,8118,37,59694
1884000,8192,60,47,13,3858431940,60,3858440132,0,8166,12.9936,8141,3,0x54703386ac,1,3,0,25,59719,8166,12.9936,8141,25,59719
1885000,8192,60,47,13,3860479940,60,3860488132,0,8169,12.9944,8146,2,0xde92bd1312,1,3,0,23,59742,8169,12.9944,8146,23,59742
1886000,8192,60,47,13,3862527940,60,3862536132,0,8154,12.9907,8116,2,0x4fe7b3f627,1,3,0,38,59780,8154,12.9907,8116,38,59780
1887000,8192,60,47,13,3864575940,60,3864584132,0,8158,12.9916,8125,3,0xfefd5d450c,0,3,0,33,59813,8158,12.9916,8125,33,59813
1888000,8192,60,47,13,3866623940,60,3866632132,0,8166,12.9937,8140,2,0xa5fabd105b,1,3,0,26,59839,8166,12.9937,8140,26,59839
1889000,8192,60,47,13,3868671940,60,3868680132,0,8154,12.9907,8116,2,0x46a9242b1e,1,2,0,38,59877,8154,12.9907,8116,38,59877
1890000,8192,60,47,13,3870719940,60,3870728132,0,8163,12.9929,8134,2,0xad493dbe7d,1,3,0,29,59906,8163,12.9929,8134,29,59906
1891000,8192,60,47,13,3872767940,60,3872776132,0,8165,12.9934,8138,2,0xdc845356c8,0,3,0,27,59933,8165,12.9934,8138,27,59933
1892000,8192,60,47,13,3874815940,60,3874824132,0,8170,12.9946,8148,2,0xec12061b01,0,2,0,22,59955,8170,12.9946,8148,22,59955
1893000,8192,60,47,13,3876863940,60,3876872132,0,8157,12.9915,8122,2,0xb85da2cb58,0,3,0,35,59990,8157,12.9915,8122,35,59990
1894000,8192,60,47,13,3878911940,60,3878920132,0,8158,12.9916,8125,3,0xce5215c3bd,2,2,0,33,60023,8158,12.9916,8125,33,60023
1895000,8192,60,47,13,3880959940,60,3880968132,0,8160,12.9922,8128,2,0x5024dfd56d,0,1,0,32,60055,8160,12.9922,8128,32,60055
1896000,8192,60,47,13,3883007940,60,3883016132,0,8166,12.9937,8140,2,0xae1eb7e744,0,3,0,26,60081,8166,12.9937,8140,26,60081
1897000,8192,60,47,13,3885055940,60,3885064132,0,8154,12.9907,8116,2,0x074e5215c9,1,3,0,38,60119,8154,12.9907,8116,38,60119
1898000,8192,60,47,13,3887103940,60,3887112132,0,8159,12.9919,8126,2,0x75fdabeae5,1,3,0,33,60152,8159,12.9919,8126,33,60152
1899000,8192,60,47,13,3889151940,60,3889160132,0,8168,12.9941,8144,2,0xb72103e9ab,1,3,0,24,60176,8168,12.9941,8144,24,60176
1900000,8192,60,47,13,3891199940,60,3891208132,0,8154,12.9907,8116,2,0xe1fb977e0a,0,2,0,38,60214,8154,12.9907,8116,38,60214
1901000,8192,60,47,13,3893247940,60,3893256132,0,8155,12.9909,8119,3,0x1860e810d5,0,2,0,36,60250,8155,12.9909,8119,36,60250
1902000,8192,60,47,13,3895295940,60,3895304132,0,8166,12.9937,8140,2,0x4525fa839a,0,3,0,26,60276,8166,12.9937,8140,26,60276
1903000,8192,60,47,13,3897343940,60,3897352132,0,8155,12.9910,8118,2,0xe35e413b8e,0,3,0,37,60313,8155,12.9910,8118,37,60313
1904000,8192,60,47,13,3899391940,60,3899400132,0,8149,12.9895,8106,2,0x9fd286210d,0,1,0,43,60356,8149,12.9895,8106,43,60356
1905000,8192,60,47,13,3901439940,60,3901448132,0,8156,12.9912,8120,2,0xda8ce3056d,1,3,0,36,60392,8156,12.9912,8120,36,60392
1906000,8192,60,47,13,3903487940,60,3903496132,0,8161,12.9924,8130,2,0x075daf9609,0,3,0,31,60423,8161,12.9924,8130,31,60423
1907000,8192,60,47,13,3905535940,60,3905544132,0,8165,12.9934,8138,2,0xfad109a882,0,2,0,27,60450,8165,12.9934,8138,27,60450
1908000,8192,60,47,13,3907583940,60,3907592132,0,8163,12.9929,8134,2,0x73d5e711f7,1,3,0,29,60479,8163,12.9929,8134,29,60479
1909000,8192,60,47,13,3909631940,60,3909640132,0,8153,12.9905,8114,2,0xa659f5aa88,0,3,0,39,60518,8153,12.9905,8114,39,60518
1910000,8192,60,47,13,3911679940,60,3911688132,0,8171,12.9949,8150,2,0x5a7597e32a,0,3,0,21,60539,8171,12.9949,8150,21,60539
1911000,8192,60,47,13,3913727940,60,3913736132,0,8160,12.9922,8128,2,0xc820994ba8,2,1,0,32,60571,8160,12.9922,8128,32,60571
1912000,8192,60,47,13,3915775940,60,3915784132,0,8168,12.9941,8144,2,0x7ca96da3f0,0,3,0,24,60595,8168,12.9941,8144,24,60595
1913000,8192,60,47,13,3917823940,60,3917832132,0,8165,12.9934,8138,2,0xd4d85be473,0,3,0,27,60622,8165,12.9934,8138,27,60622
1914000,8192,60,47,13,3919871940,60,3919880132,0,8168,12.9941,8144,2,0xd7306a9c66,0,3,0,24,60646,8168,12.9941,8144,24,60646
1915000,8192,60,47,13,3921919940,60,3921928132,0,8166,12.9937,8140,2,0x50ef85bae8,1,3,0,26,60672,8166,12.9937,8140,26,60672
1916000,8192,60,47,13,3923967940,60,3923976132,0,8164,12.9932,8136,2,0x4fe9b70d9b,0,2,0,28,60700,8164,12.9932,8136,28,60700
1917000,8192,60,47,13,3926015940,60,3926024132,0,8166,12.9937,8140,2,0x167f7f5ef5,1,3,0,26,60726,8166,12.9937,8140,26,60726
1918000,8192,60,47,13,3928063940,60,3928072132,0,8158,12.9917,8124,2,0x2f72a1bde9,1,3,0,34,60760,8158,12.9917,8124,34,60760
1919000,8192,60,47,13,3930111940,60,3930120132,0,8165,12.9934,8138,2,0xbcdc6dd026,0,2,0,27,60787,8165,12.9934,8138,27,60787
1920000,8192,60,47,13,3932159940,60,3932168132,0,8165,12.9934,8138,2,0xe5c3b1e081,0,2,0,27,60814,8165,12.9934,8138,27,60814
1921000,8192,60,47,13,3934207940,60,3934216132,0,8156,12.9912,8120,2,0xbbdda0f699,0,2,0,36,60850,8156,12.9912,8120,36,60850
1922000,8192,60,47,13,3936255940,60,3936264132,0,8158,12.9917,8124,2,0x17a14f9a95,1,3,0,34,60884,8158,12.9917,8124,34,60884
1923000,8192,60,47,13,3938303940,60,3938312132,0,8162,12.9927,8132,2,0x87acd34291,0,3,0,30,60914,8162,12.9927,8132,30,60914
1924000,8192,60,47,13,3940351940,60,3940360132,0,8162,12.9927,8132,2,0x616bc6fdda,0,3,0,30,60944,8162,12.9927,8132,30,60944
1925000,8192,60,47,13,3942399940,60,3942408132,0,8161,12.9923,8131,3,0x99e22ff33b,0,2,0,30,60974,8161,12.9923,8131,30,60974
1926000,8192,60,47,13,3944447940,60,3944456132,0,8170,12.9946,8148,2,0xb3b739fba7,1,3,0,22,60996,8170,12.9946,8148,22,60996
1927000,8192,60,47,13,3946495940,60,3946504132,0,8166,12.9937,8140,2,0x4303d6858a,1,2,0,26,61022,8166,12.9937,8140,26,61022
1928000,8192,60,47,13,3948543940,60,3948552132,0,8166,12.9937,8140,2,0xea3f131b0c,1,3,0,26,61048,8166,12.9937,8140,26,61048
1929000,8192,60,47,13,3950591940,60,3950600132,0,8160,12.9922,8128,2,0xc44e77fe74,1,3,0,32,61080,8160,12.9922,8128,32,61080
1930000,8192,60,47,13,3952639940,60,3952648132,0,8164,12.9932,8136,2,0x9954abdb8d,2,3,0,28,61108,8164,12.9932,8136,28,61108
1931000,8192,60,47,13,3954687940,60,3954696132,0,8159,12.9919,8126,2,0x58d8772cbd,1,2,0,33,61141,8159,12.9919,8126,33,61141
1932000,8192,60,47,13,3956735940,60,3956744132,0,8159,12.9919,8126,2,0xce5b08371b,0,1,0,33,61174,8159,12.9919,8126,33,61174
1933000,8192,60,47,13,3958783940,60,3958792132,0,8158,12.9917,8124,2,0xcce5bb3642,0,3,0,34,61208,8158,12.9917,8124,34,61208
1934000,8192,60,47,13,3960831940,60,3960840132,0,8157,12.9915,8122,2,0xad60913846,0,2,0,35,61243,8157,12.9915,8122,35,61243
1935000,8192,61,48,13,3962879939,61,3962888131,0,8162,12.9927,8132,2,0x0f8a4138a8,1,1,0,30,61273,8162,12.9927,8132,30,61273
1936000,8192,61,48,13,3964927939,61,3964936131,0,8158,12.9917,8124,2,0xd54fdf4ae4,0,2,0,34,61307,8158,12.9917,8124,34,61307
1937000,8192,61,48,13,3966975939,61,3966984131,0,8165,12.9934,8138,2,0xc43b21c9dc,0,3,0,27,61334,8165,12.9934,8138,27,61334
1938000,8192,61,48,13,3969023939,61,3969032131,0,8163,12.9929,8134,2,0x66b7261611,1,3,0,29,61363,8163,12.9929,8134,29,61363
1939000,8192,61,48,13,3971071939,61,3971080131,0,8155,12.9910,8118,2,0xe044df5cab,0,2,0,37,61400,8155,12.9910,8118,37,61400
1940000,8192,61,48,13,3973119939,61,3973128131,0,8161,12.9924,8130,2,0x530f2d98aa,1,3,0,31,61431,8161,12.9924,8130,31,61431
1941000,8192,61,48,13,3975167939,61,3975176131,0,8154,12.9907,8116,2,0xe1117e213f,0,2,0,38,61469,8154,12.9907,8116,38,61469
1942000,8192,61,48,13,3977215939,61,3977224131,0,8169,12.9944,8146,2,0x2d92e9902c,0,2,0,23,61492,8169,12.9944,8146,23,61492
1943000,8192,61,48,13,3979263939,61,3979272131,0,8162,12.9927,8132,2,0x75a7d1f816,0,2,0,30,61522,8162,12.9927,8132,30,61522
1944000,8192,61,48,13,3981311939,61,3981320131,0,8167,12.9939,8142,2,0xea01b11a54,0,2,0,25,61547,8167,12.9939,8142,25,61547
1945000,8192,61,48,13,3983359939,61,3983368131,0,8171,12.9949,8150,2,0xaa40745dc5,0,3,0,21,61568,8171,12.9949,8150,21,61568
1946000,8192,61,48,13,3985407939,61,3985416131,0,8161,12.9924,8130,2,0xe81a6a48bb,1,3,0,31,61599,8161,12.9924,8130,31,61599
1947000,8192,61,48,13,3987455939,61,3987464131,0,8158,12.9917,8124,2,0xba8717792f,0,2,0,34,61633,8158,12.9917,8124,34,61633
1948000,8192,61,48,13,3989503939,61,3989512131,0,8165,12.9934,8138,2,0x54b1e68bbb,0,2,0,27,61660,8165,12.9934,8138,27,61660
1949000,8192,61,48,13,3991551939,61,3991560131,0,8160,12.9922,8128,2,0x3a95857118,1,3,0,32,61692,8160,12.9922,8128,32,61692
1950000,8192,61,48,13,3993599939,61,3993608131,0,8158,12.9917,8124,2,0x6b80d6466a,0,3,0,34,61726,8158,12.9917,8124,34,61726
1951000,8192,61,48,13,3995647939,61,3995656131,0,8161,12.9923,8131,3,0x94f3358ddf,1,3,0,30,61756,8161,12.9923,8131,30,61756
1952000,8192,61,48,13,3997695939,61,3997704131,0,8156,12.9912,8120,2,0x7febde56cb,0,3,0,36,61792,8156,12.9912,8120,36,61792
1953000,8192,61,48,13,3999743939,61,3999752131,0,8159,12.9919,8126,2,0x6e4bcef1cf,0,3,0,33,61825,8159,12.9919,8126,33,61825
1954000,8192,61,48,13,4001791939,61,4001800131,0,8165,12.9934,8138,2,0x04abde9acc,2,3,0,27,61852,8165,12.9934,8138,27,61852
1955000,8192,61,48,13,4003839939,61,4003848131,0,8159,12.9919,8126,2,0xd458c2879c,1,3,0,33,61885,8159,12.9919,8126,33,61885
1956000,8192,61,48,13,4005887939,61,4005896131,0,8157,12.9915,8122,2,0x9c694d8344,0,2,0,35,61920,8157,12.9915,8122,35,61920
1957000,8192,61,48,13,4007935939,61,4007944131,0,8152,12.9902,8112,2,0xbcaf6097ee,0,3,0,40,61960,8152,12.9902,8112,40,61960
1958000,8192,61,48,13,4009983939,61,4009992131,0,8169,12.9944,8146,2,0x5ea024674a,1,3,0,23,61983,8169,12.9944,8146,23,61983
1959000,8192,61,48,13,4012031939,61,4012040131,0,8153,12.9905,8114,2,0x466ba7d2d5,1,3,0,39,62022,8153,12.9905,8114,39,62022
1960000,8192,61,48,13,4014079939,61,4014088131,0,8161,12.9924,8130,2,0xdac89eac4e,0,3,0,31,62053,8161,12.9924,8130,31,62053
1961000,8192,61,48,13,4016127939,61,4016136131,0,8160,12.9922,8128,2,0xc346824a03,1,2,0,32,62085,8160,12.9922,8128,32,62085
1962000,8192,61,48,13,4018175939,61,4018184131,0,8161,12.9924,8130,2,0xf98c91ed54,0,3,0,31,62116,8161,12.9924,8130,31,62116
1963000,8192,62,48,14,4020223938,62,4020232130,0,8165,12.9933,8139,3,0x006b63fea8,0,3,0,26,62142,8165,12.9933,8139,26,62142
1964000,8192,62,48,14,4022271938,62,4022280130,0,8154,12.9907,8116,2,0x37d6f474e4,0,2,0,38,62180,8154,12.9907,8116,38,62180
1965000,8192,62,48,14,4024319938,62,4024328130,0,8169,12.9944,8146,2,0x8a1f458ad4,0,2,0,23,62203,8169,12.9944,8146,23,62203
1966000,8192,62,48,14,4026367938,62,4026376130,0,8168,12.9940,8145,3,0x89d55130a5,0,1,0,23,62226,8168,12.9940,8145,23,62226
1967000,8192,62,48,14,4028415938,62,4028424130,0,8162,12.9927,8132,2,0xd36441bda3,1,3,0,30,62256,8162,12.9927,8132,30,62256
1968000,8192,62,48,14,4030463938,62,4030472130,0,8160,12.9922,8128,2,0x297199865b,0,2,0,32,62288,8160,12.9922,8128,32,62288
1969000,8192,62,48,14,4032511938,62,4032520130,0,8152,12.9902,8112,2,0x958c0eb27a,0,3,0,40,62328,8152,12.9902,8112,40,62328
1970000,8192,62,48,14,4034559938,62,4034568130,0,8150,12.9897,8108,2,0xdf79463389,0,3,0,42,62370,8150,12.9897,8108,42,62370
1971000,8192,62,48,14,4036607938,62,4036616130,0,8154,12.9907,8116,2,0x0e89de3b74,0,2,0,38,62408,8154,12.9907,8116,38,62408
1972000,8192,62,48,14,4038655938,62,4038664130,0,8165,12.9933,8139,3,0x1280b008d2,1,2,0,26,62434,8165,12.9933,8139,26,62434
1973000,8192,62,48,14,4040703938,62,4040712130,0,8159,12.9919,8126,2,0x5f89352c56,0,2,0,33,62467,8159,12.9919,8126,33,62467
1974000,8192,62,48,14,4042751938,62,4042760130,0,8156,12.9912,8120,2,0xff90c0cd1b,0,3,0,36,62503,8156,12.9912,8120,36,62503
1975000,8192,62,48,14,4044799938,62,4044808130,0,8156,12.9912,8120,2,0xff971c8e41,0,3,0,36,62539,8156,12.9912,8120,36,62539
1976000,8192,62,48,14,4046847938,62,4046856130,0,8148,12.9893,8104,2,0xe3843205d1,0,3,0,44,62583,8148,12.9893,8104,44,62583
1977000,8192,62,48,14,4048895938,62,4048904130,0,8154,12.9907,8116,2,0x17834914aa,0,2,0,38,62621,8154,12.9907,8116,38,62621
1978000,8192,62,48,14,4050943938,62,4050952130,0,8160,12.9922,8128,2,0x6be2996984,0,3,0,32,62653,8160,12.9922,8128,32,62653
1979000,8192,62,48,14,4052991938,62,4053000130,0,8155,12.9910,8118,2,0xbdfe3dff48,2,3,0,37,62690,8155,12.9910,8118,37,62690
1980000,8192,62,48,14,4055039938,62,4055048130,0,8160,12.9922,8128,2,0xdba9ac550a,1,1,0,32,62722,8160,12.9922,8128,32,62722
1981000,8192,62,48,14,4057087938,62,4057096130,0,8159,12.9919,8126,2,0xa9bf5289cf,0,3,0,33,62755,8159,12.9919,8126,33,62755
1982000,8192,62,48,14,4059135938,62,4059144130,0,8159,12.9919,8126,2,0x35dbe07e54,1,3,0,33,62788,8159,12.9919,8126,33,62788
1983000,8192,62,48,14,4061183938,62,4061192130,0,8165,12.9934,8138,2,0xea1239884a,0,2,0,27,62815,8165,12.9934,8138,27,62815
1984000,8192,62,48,14,4063231938,62,4063240130,0,8158,12.9917,8124,2,0xd8a31c6c1a,0,3,0,34,62849,8158,12.9917,8124,34,62849
1985000,8192,62,48,14,4065279938,62,4065288130,0,8154,12.9907,8116,2,0xdd71d48d74,1,3,0,38,62887,8154,12.9907,8116,38,62887
1986000,8192,62,48,14,4067327938,62,4067336130,0,8158,12.9917,8124,2,0x37a717a7fc,0,2,0,34,62921,8158,12.9917,8124,34,62921
1987000,8192,62,48,14,4069375938,62,4069384130,0,8159,12.9919,8126,2,0x9362fe2ac9,1,3,0,33,62954,8159,12.9919,8126,33,62954
1988000,8192,62,48,14,4071423938,62,4071432130,0,8167,12.9939,8142,2,0xeafc454772,0,2,0,25,62979,8167,12.9939,8142,25,62979
1989000,8192,62,48,14,4073471938,62,4073480130,0,8159,12.9919,8126,2,0xcc5eaeb777,0,3,0,33,63012,8159,12.9919,8126,33,63012
1990000,8192,62,48,14,4075519938,62,4075528130,0,8157,12.9915,8122,2,0xd9d984dc8c,0,1,0,35,63047,8157,12.9915,8122,35,63047
1991000,8192,62,48,14,4077567938,62,4077576130,0,8156,12.9912,8120,2,0x5035ee7a95,0,2,0,36,63083,8156,12.9912,8120,36,63083
1992000,8192,62,48,14,4079615938,62,4079624130,0,8161,12.9924,8130,2,0x92927b0298,1,3,0,31,63114,8161,12.9924,8130,31,63114
1993000,8192,62,48,14,4081663938,62,4081672130,0,8160,12.9922,8128,2,0xcfc487c8af,1,3,0,32,63146,8160,12.9922,8128,32,63146
1994000,8192,63,48,15,4083711937,63,4083720129,0,8156,12.9912,8120,2,0xc3cc891f83,0,1,0,36,63182,8156,12.9912,8120,36,63182
1995000,8192,63,48,15,4085759937,63,4085768129,0,8158,12.9917,8124,2,0xfd22ff676b,1,3,0,34,63216,8158,12.9917,8124,34,63216
1996000,8192,63,48,15,4087807937,63,4087816129,0,8158,12.9917,8124,2,0xd8d96b9114,0,3,0,34,63250,8158,12.9917,8124,34,63250
1997000,8192,63,48,15,4089855937,63,4089864129,0,8143,12.9880,8094,2,0x4dfccfbe50,0,1,0,49,63299,8143,12.9880,8094,49,63299
1998000,8192,63,48,15,4091903937,63,4091912129,0,8158,12.9917,8124,2,0xbb0f98def3,1,3,0,34,63333,8158,12.9917,8124,34,63333
1999000,8192,63,48,15,4093951937,63,4093960129,0,8160,12.9922,8128,2,0xa58665c234,0,2,0,32,63365,8160,12.9922,8128,32,63365
2000000,8192,63,48,15,4095999937,63,4096008129,0,8158,12.9917,8124,2,0xb335e75816,0,3,0,34,63399,8158,12.9917,8124,34,63399
2001000,8192,63,48,15,4098047937,63,4098056129,0,8155,12.9910,8118,2,0xe0190508d0,0,3,0,37,63436,8155,12.9910,8118,37,63436
2002000,8192,63,48,15,4100095937,63,4100104129,0,8160,12.9922,8128,2,0xadb39aeae3,0,3,0,32,63468,8160,12.9922,8128,32,63468
2003000,8192,63,48,15,4102143937,63,4102152129,0,8158,12.9917,8124,2,0xf56e56221f,1,3,0,34,63502,8158,12.9917,8124,34,63502
2004000,8192,63,48,15,4104191937,63,4104200129,0,8165,12.9934,8138,2,0x05272868dd,0,3,0,27,63529,8165,12.9934,8138,27,63529
2005000,8192,63,48,15,4106239937,63,4106248129,0,8159,12.9919,8126,2,0x0b31e15197,1,3,0,33,63562,8159,12.9919,8126,33,63562
2006000,8192,64,48,16,4108287936,64,4108296128,0,8157,12.9915,8122,2,0x0dd490a174,2,3,0,35,63597,8157,12.9915,8122,35,63597
2007000,8192,64,48,16,4110335936,64,4110344128,0,8165,12.9934,8138,2,0xa574bb899a,0,2,0,27,63624,8165,12.9934,8138,27,63624
2008000,8192,64,48,16,4112383936,64,4112392128,0,8159,12.9919,8126,2,0x3f19cdd8b1,0,2,0,33,63657,8159,12.9919,8126,33,63657
2009000,8192,64,48,16,4114431936,64,4114440128,0,8155,12.9910,8118,2,0x4c80b915e4,0,3,0,37,63694,8155,12.9910,8118,37,63694
2010000,8192,64,48,16,4116479936,64,4116488128,0,8157,12.9915,8122,2,0xe77ebda574,1,3,0,35,63729,8157,12.9915,8122,35,63729
2011000,8192,64,48,16,4118527936,64,4118536128,0,8156,12.9912,8120,2,0xad0abf3d4b,0,3,0,36,63765,8156,12.9912,8120,36,63765
2012000,8192,64,48,16,4120575936,64,4120584128,0,8168,12.9941,8144,2,0x8b3685b5cb,0,3,0,24,63789,8168,12.9941,8144,24,63789
2013000,8192,64,48,16,4122623936,64,4122632128,0,8163,12.9929,8134,2,0x893a621602,0,2,0,29,63818,8163,12.9929,8134,29,63818
2014000,8192,64,48,16,4124671936,64,4124680128,0,8163,12.9929,8134,2,0x4c8d07fb4b,0,3,0,29,63847,8163,12.9929,8134,29,63847
2015000,8192,64,48,16,4126719936,64,4126728128,0,8162,12.9927,8132,2,0x04c0181faf,0,2,0,30,63877,8162,12.9927,8132,30,63877
2016000,8192,64,48,16,4128767936,64,4128776128,0,8157,12.9915,8122,2,0x8cb3f97cbf,0,2,0,35,63912,8157,12.9915,8122,35,63912
2017000,8192,64,48,16,4130815936,64,4130824128,0,8166,12.9937,8140,2,0xd7ef556313,0,2,0,26,63938,8166,12.9937,8140,26,63938
2018000,8192,64,48,16,4132863936,64,4132872128,0,8165,12.9934,8138,2,0x2f34568e4e,1,3,0,27,63965,8165,12.9934,8138,27,63965
2019000,8192,64,48,16,4134911936,64,4134920128,0,8154,12.9907,8116,2,0xc7ea9ae787,2,3,0,38,64003,8154,12.9907,8116,38,64003
2020000,8192,64,48,16,4136959936,64,4136968128,0,8154,12.9907,8116,2,0x1e7ac01cd8,0,3,0,38,64041,8154,12.9907,8116,38,64041
2021000,8192,64,48,16,4139007936,64,4139016128,0,8160,12.9922,8128,2,0x29a24c8dde,0,3,0,32,64073,8160,12.9922,8128,32,64073
2022000,8192,64,48,16,4141055936,64,4141064128,0,8167,12.9939,8142,2,0xc2c67dcd52,1,3,0,25,64098,8167,12.9939,8142,25,64098
2023000,8192,64,48,16,4143103936,64,4143112128,0,8153,12.9905,8114,2,0xeab7a28636,0,2,0,39,64137,8153,12.9905,8114,39,64137
2024000,8192,64,48,16,4145151936,64,4145160128,0,8156,12.9912,8120,2,0x8eeeb7e4f4,1,2,0,36,64173,8156,12.9912,8120,36,64173
2025000,8192,64,48,16,4147199936,64,4147208128,0,8164,12.9932,8136,2,0xc5f7135f7f,0,3,0,28,64201,8164,12.9932,8136,28,64201
2026000,8192,64,48,16,4149247936,64,4149256128,0,8156,12.9912,8120,2,0xb79c9c52aa,0,3,0,36,64237,8156,12.9912,8120,36,64237
2027000,8192,64,48,16,4151295936,64,4151304128,0,8154,12.9907,8116,2,0xf0e436ab44,1,2,0,38,64275,8154,12.9907,8116,38,64275
2028000,8192,64,48,16,4153343936,64,4153352128,0,8158,12.9917,8124,2,0x528ac1895d,0,2,0,34,64309,8158,12.9917,8124,34,64309
2029000,8192,64,48,16,4155391936,64,4155400128,0,8161,12.9923,8131,3,0x32c530a7fc,1,3,0,30,64339,8161,12.9923,8131,30,64339
2030000,8192,64,48,16,4157439936,64,4157448128,0,8160,12.9922,8128,2,0x7726493840,0,3,0,32,64371,8160,12.9922,8128,32,64371
2031000,8192,64,48,16,4159487936,64,4159496128,0,8156,12.9912,8120,2,0x8ecca6b876,0,3,0,36,64407,8156,12.9912,8120,36,64407
2032000,8192,64,48,16,4161535936,64,4161544128,0,8157,12.9915,8122,2,0x481ae36852,0,1,0,35,64442,8157,12.9915,8122,35,64442
2033000,8192,64,48,16,4163583936,64,4163592128,0,8171,12.9949,8150,2,0x9cc4280248,1,2,0,21,64463,8171,12.9949,8150,21,64463
2034000,8192,64,48,16,4165631936,64,4165640128,0,8147,12.9889,8103,3,0x7228a323ea,0,3,0,44,64507,8147,12.9889,8103,44,64507
2035000,8192,64,48,16,4167679936,64,4167688128,0,8155,12.9910,8118,2,0x3acc1785d7,2,3,0,37,64544,8155,12.9910,8118,37,64544
2036000,8192,64,48,16,4169727936,64,4169736128,0,8167,12.9939,8142,2,0x0f4b6292a7,0,2,0,25,64569,8167,12.9939,8142,25,64569
2037000,8192,64,48,16,4171775936,64,4171784128,0,8156,12.9912,8120,2,0x824de98a58,1,3,0,36,64605,8156,12.9912,8120,36,64605
2038000,8192,64,48,16,4173823936,64,4173832128,0,8165,12.9934,8138,2,0x4fa167c363,1,3,0,27,64632,8165,12.9934,8138,27,64632
2039000,8192,64,48,16,4175871936,64,4175880128,0,8152,12.9902,8112,2,0x3446201d8f,0,2,0,40,64672,8152,12.9902,8112,40,64672
2040000,8192,64,48,16,4177919936,64,4177928128,0,8157,12.9914,8123,3,0x19e0c5b360,1,3,0,34,64706,8157,12.9914,8123,34,64706
2041000,8192,65,49,16,4179967935,65,4179976127,0,8159,12.9919,8126,2,0x1e7908b723,2,3,0,33,64739,8159,12.9919,8126,33,64739
2042000,8192,65,49,16,4182015935,65,4182024127,0,8156,12.9912,8120,2,0x6f7a89943a,0,2,0,36,64775,8156,12.9912,8120,36,64775
2043000,8192,65,49,16,4184063935,65,4184072127,0,8163,12.9929,8134,2,0x1c725c025d,0,3,0,29,64804,8163,12.9929,8134,29,64804
2044000,8192,65,49,16,4186111935,65,4186120127,0,8156,12.9911,8121,3,0xcae004b61c,0,3,0,35,64839,8156,12.9911,8121,35,64839
2045000,8192,65,49,16,4188159935,65,4188168127,0,8157,12.9915,8122,2,0x79e166d8fc,0,2,0,35,64874,8157,12.9915,8122,35,64874
2046000,8192,65,49,16,4190207935,65,4190216127,0,8162,12.9927,8132,2,0xb05e26969f,0,3,0,30,64904,8162,12.9927,8132,30,64904
2047000,8192,65,49,16,4192255935,65,4192264127,0,8157,12.9915,8122,2,0x104b5eb2b7,0,3,0,35,64939,8157,12.9915,8122,35,64939
2048000,8192,65,49,16,4194303935,65,4194312127,0,8159,12.9919,8126,2,0x35ca88d135,0,3,0,33,64972,8159,12.9919,8126,33,64972
2049000,8192,65,49,16,4196351935,65,4196360127,0,8162,12.9927,8132,2,0xea912da1fe,1,3,0,30,65002,8162,12.9927,8132,30,65002
2050000,8192,65,49,16,4198399935,65,4198408127,0,8162,12.9927,8132,2,0x3bae065ac8,0,3,0,30,65032,8162,12.9927,8132,30,65032
2051000,8192,65,49,16,4200447935,65,4200456127,0,8168,12.9941,8144,2,0x81f6b70ad3,0,2,0,24,65056,8168,12.9941,8144,24,65056
2052000,8192,65,49,16,4202495935,65,4202504127,0,8155,12.9910,8118,2,0x778e9ca971,2,3,0,37,65093,8155,12.9910,8118,37,65093
2053000,8192,65,49,16,4204543935,65,4204552127,0,8165,12.9934,8138,2,0xd5930472e4,0,3,0,27,65120,8165,12.9934,8138,27,65120
2054000,8192,65,49,16,4206591935,65,4206600127,0,8167,12.9939,8142,2,0x29846107f0,0,3,0,25,65145,8167,12.9939,8142,25,65145
2055000,8192,65,49,16,4208639935,65,4208648127,0,8155,12.9910,8118,2,0x711df4ab76,0,2,0,37,65182,8155,12.9910,8118,37,65182
2056000,8192,65,49,16,4210687935,65,4210696127,0,8152,12.9902,8112,2,0x774ada34b4,0,2,0,40,65222,8152,12.9902,8112,40,65222
2057000,8192,65,49,16,4212735935,65,4212744127,0,8155,12.9910,8118,2,0x67306636ea,0,3,0,37,65259,8155,12.9910,8118,37,65259
2058000,8192,65,49,16,4214783935,65,4214792127,0,8168,12.9941,8144,2,0xa3e2abdfef,0,3,0,24,65283,8168,12.9941,8144,24,65283
2059000,8192,65,49,16,4216831935,65,4216840127,0,8154,12.9906,8117,3,0xea8911ab53,0,3,0,37,65320,8154,12.9906,8117,37,65320
2060000,8192,65,49,16,4218879935,65,4218888127,0,8167,12.9939,8142,2,0xe1d22d6332,1,2,0,25,65345,8167,12.9939,8142,25,65345
2061000,8192,65,49,16,4220927935,65,4220936127,0,8159,12.9919,8126,2,0x5f0949fb05,0,3,0,33,65378,8159,12.9919,8126,33,65378
2062000,8192,65,49,16,4222975935,65,4222984127,0,8156,12.9912,8120,2,0x88c69ebeda,0,3,0,36,65414,8156,12.9912,8120,36,65414
2063000,8192,65,49,16,4225023935,65,4225032127,0,8157,12.9915,8122,2,0x4779891068,1,2,0,35,65449,8157,12.9915,8122,35,65449
2064000,8192,65,49,16,4227071935,65,4227080127,0,8158,12.9916,8125,3,0x829b4fe4e4,0,2,0,33,65482,8158,12.9916,8125,33,65482
2065000,8192,65,49,16,4229119935,65,4229128127,0,8173,12.9954,8154,2,0xeae7090e35,1,3,0,19,65501,8173,12.9954,8154,19,65501
2066000,8192,65,49,16,4231167935,65,4231176127,0,8165,12.9934,8138,2,0xffc959faef,0,1,0,27,65528,8165,12.9934,8138,27,65528
2067000,8192,65,49,16,4233215935,65,4233224127,0,8166,12.9937,8140,2,0xb23a2adaed,1,2,0,26,65554,8166,12.9937,8140,26,65554
2068000,8192,65,49,16,4235263935,65,4235272127,0,8159,12.9919,8126,2,0x6c8644aa59,0,3,0,33,65587,8159,12.9919,8126,33,65587
2069000,8192,65,49,16,4237311935,65,4237320127,0,8160,12.9922,8128,2,0xa5f6d96a23,1,3,0,32,65619,8160,12.9922,8128,32,65619
2070000,8192,65,49,16,4239359935,65,4239368127,0,8156,12.9912,8120,2,0xad6257ccb4,1,2,0,36,65655,8156,12.9912,8120,36,65655
2071000,8192,65,49,16,4241407935,65,4241416127,0,8154,12.9907,8116,2,0x9b8868525a,0,2,0,38,65693,8154,12.9907,8116,38,65693
2072000,8192,65,49,16,4243455935,65,4243464127,0,8155,12.9910,8118,2,0xd79fcc1250,0,2,0,37,65730,8155,12.9910,8118,37,65730
2073000,8192,65,49,16,4245503935,65,4245512127,0,8168,12.9941,8144,2,0xf4dd0b11c3,0,2,0,24,65754,8168,12.9941,8144,24,65754
2074000,8192,65,49,16,4247551935,65,4247560127,0,8164,12.9932,8136,2,0x667229411c,0,3,0,28,65782,8164,12.9932,8136,28,65782
2075000,8192,65,49,16,4249599935,65,4249608127,0,8162,12.9927,8132,2,0xc2d86dad10,0,3,0,30,65812,8162,12.9927,8132,30,65812
2076000,8192,65,49,16,4251647935,65,4251656127,0,8167,12.9939,8142,2,0x26d467c204,1,3,0,25,65837,8167,12.9939,8142,25,65837
2077000,8192,65,49,16,4253695935,65,4253704127,0,8163,12.9929,8134,2,0x00858682a9,0,3,0,29,65866,8163,12.9929,8134,29,65866
2078000,8192,65,49,16,4255743935,65,4255752127,0,8163,12.9929,8134,2,0xe05953cb0c,1,2,0,29,65895,8163,12.9929,8134,29,65895
2079000,8192,65,49,16,4257791935,65,4257800127,0,8148,12.9893,8104,2,0x48c7aa4af2,0,3,0,44,65939,8148,12.9893,8104,44,65939
2080000,8192,65,49,16,4259839935,65,4259848127,0,8170,12.9946,8148,2,0x0d144bb9a9,0,2,0,22,65961,8170,12.9946,8148,22,65961
2081000,8192,65,49,16,4261887935,65,4261896127,0,8163,12.9928,8135,3,0x05c24092b1,0,3,0,28,65989,8163,12.9928,8135,28,65989
2082000,8192,65,49,16,4263935935,65,4263944127,0,8154,12.9907,8116,2,0x025c2f79ef,0,3,0,38,66027,8154,12.9907,8116,38,66027
2083000,8192,65,49,16,4265983935,65,4265992127,0,8160,12.9922,8128,2,0xb92173ee9b,0,3,0,32,66059,8160,12.9922,8128,32,66059
2084000,8192,65,49,16,4268031935,65,4268040127,0,8161,12.9924,8130,2,0x9ba9a6bbbb,1,3,0,31,66090,8161,12.9924,8130,31,66090
2085000,8192,65,49,16,4270079935,65,4270088127,0,8162,12.9927,8132,2,0x4e4d53273f,0,3,0,30,66120,8162,12.9927,8132,30,66120
2086000,8192,65,49,16,4272127935,65,4272136127,0,8166,12.9937,8140,2,0x983adf066e,2,3,0,26,66146,8166,12.9937,8140,26,66146
2087000,8192,65,49,16,4274175935,65,4274184127,0,8155,12.9910,8118,2,0x853495e1a3,0,3,0,37,66183,8155,12.9910,8118,37,66183
2088000,8192,65,49,16,4276223935,65,4276232127,0,8164,12.9932,8136,2,0xd110e579fa,1,3,0,28,66211,8164,12.9932,8136,28,66211
2089000,8192,65,49,16,4278271935,65,4278280127,0,8163,12.9929,8134,2,0x0153916929,0,3,0,29,66240,8163,12.9929,8134,29,66240
2090000,8192,65,49,16,4280319935,65,4280328127,0,8160,12.9922,8128,2,0xb4be48dbf8,0,3,0,32,66272,8160,12.9922,8128,32,66272
2091000,8192,65,49,16,4282367935,65,4282376127,0,8171,12.9949,8150,2,0x8e57abfd44,1,3,0,21,66293,8171,12.9949,8150,21,66293
2092000,8192,65,49,16,4284415935,65,4284424127,0,8156,12.9912,8120,2,0xb706ac79b4,0,3,0,36,66329,8156,12.9912,8120,36,66329
2093000,8192,65,49,16,4286463935,65,4286472127,0,8167,12.9939,8142,2,0x7725774f8a,0,3,0,25,66354,8167,12.9939,8142,25,66354
2094000,8192,66,49,17,4288511934,66,4288520126,0,8159,12.9919,8126,2,0xbd272f8f45,2,3,0,33,66387,8159,12.9919,8126,33,66387
2095000,8192,66,49,17,4290559934,66,4290568126,0,8158,12.9917,8124,2,0x9cacb0c202,1,3,0,34,66421,8158,12.9917,8124,34,66421
2096000,8192,66,49,17,4292607934,66,4292616126,0,8158,12.9917,8124,2,0x9d2a60d3a3,2,3,0,34,66455,8158,12.9917,8124,34,66455
2097000,8192,66,49,17,4294655934,66,4294664126,0,8161,12.9924,8130,2,0x9d43eb628f,0,3,0,31,66486,8161,12.9924,8130,31,66486
2098000,8192,66,49,17,4296703934,66,4296712126,0,8158,12.9917,8124,2,0xc8e2a9465e,2,3,0,34,66520,8158,12.9917,8124,34,66520
2099000,8192,66,49,17,4298751934,66,4298760126,0,8163,12.9929,8134,2,0x9611c7939d,0,3,0,29,66549,8163,12.9929,8134,29,66549
2100000,8192,66,49,17,4300799934,66,4300808126,0,8161,12.9924,8130,2,0xd27b2783cd,0,3,0,31,66580,8161,12.9924,8130,31,66580
2101000,8192,66,49,17,4302847934,66,4302856126,0,8165,12.9933,8139,3,0x3802067563,1,3,0,26,66606,8165,12.9933,8139,26,66606
2102000,8192,66,49,17,4304895934,66,4304904126,0,8154,12.9907,8116,2,0xb7ed4e5f5a,1,3,0,38,66644,8154,12.9907,8116,38,66644
2103000,8192,66,49,17,4306943934,66,4306952126,0,8169,12.9944,8146,2,0x62abfb8635,0,2,0,23,66667,8169,12.9944,8146,23,66667
2104000,8192,66,49,17,4308991934,66,4309000126,0,8170,12.9946,8148,2,0xe6a5c32349,0,2,0,22,66689,8170,12.9946,8148,22,66689
2105000,8192,66,49,17,4311039934,66,4311048126,0,8160,12.9922,8128,2,0xe213d9a81c,0,3,0,32,66721,8160,12.9922,8128,32,66721
2106000,8192,66,49,17,4313087934,66,4313096126,0,8157,12.9915,8122,2,0x04d8b34794,1,3,0,35,66756,8157,12.9915,8122,35,66756
2107000,8192,66,49,17,4315135934,66,4315144126,0,8167,12.9939,8142,2,0x85a958dedc,0,3,0,25,66781,8167,12.9939,8142,25,66781
2108000,8192,66,49,17,4317183934,66,4317192126,0,8152,12.9901,8113,3,0x447169d4e1,1,3,0,39,66820,8152,12.9901,8113,39,66820
2109000,8192,66,49,17,4319231934,66,4319240126,0,8158,12.9917,8124,2,0x5b64d2715b,0,2,0,34,66854,8158,12.9917,8124,34,66854
2110000,8192,66,49,17,4321279934,66,4321288126,0,8162,12.9927,8132,2,0x6ea8185521,1,3,0,30,66884,8162,12.9927,8132,30,66884
2111000,8192,66,49,17,4323327934,66,4323336126,0,8160,12.9922,8128,2,0x2f72465cf8,0,3,0,32,66916,8160,12.9922,8128,32,66916
2112000,8192,66,49,17,4325375934,66,4325384126,0,8157,12.9915,8122,2,0x37ced8c569,0,3,0,35,66951,8157,12.9915,8122,35,66951
2113000,8192,66,49,17,4327423934,66,4327432126,0,8170,12.9946,8148,2,0x4dcf8f268b,0,2,0,22,66973,8170,12.9946,8148,22,66973
2114000,8192,66,49,17,4329471934,66,4329480126,0,8158,12.9916,8125,3,0x57108a958d,0,2,0,33,67006,8158,12.9916,8125,33,67006
2115000,8192,66,49,17,4331519934,66,4331528126,0,8162,12.9927,8132,2,0xa801089d42,0,2,0,30,67036,8162,12.9927,8132,30,67036
2116000,8192,66,49,17,4333567934,66,4333576126,0,8157,12.9915,8122,2,0x7e54df9184,0,3,0,35,67071,8157,12.9915,8122,35,67071
2117000,8192,66,49,17,4335615934,66,4335624126,0,8163,12.9929,8134,2,0x1fc123c12e,0,3,0,29,67100,8163,12.9929,8134,29,67100
2118000,8192,66,49,17,4337663934,66,4337672126,0,8156,12.9912,8120,2,0x6178f89bde,0,3,0,36,67136,8156,12.9912,8120,36,67136
2119000,8192,66,49,17,4339711934,66,4339720126,0,8161,12.9924,8130,2,0x18f16dc6f5,0,3,0,31,67167,8161,12.9924,8130,31,67167
2120000,8192,66,49,17,4341759934,66,4341768126,0,8155,12.9910,8118,2,0x06e7fbe28d,0,1,0,37,67204,8155,12.9910,8118,37,67204
2121000,8192,66,49,17,4343807934,66,4343816126,0,8155,12.9910,8118,2,0x36eaf1ab05,0,3,0,37,67241,8155,12.9910,8118,37,67241
2122000,8192,66,49,17,4345855934,66,4345864126,0,8163,12.9929,8134,2,0x40ebc4ee1a,0,2,0,29,67270,8163,12.9929,8134,29,67270
2123000,8192,66,49,17,4347903934,66,4347912126,0,8160,12.9922,8128,2,0x270d8b6e2f,1,3,0,32,67302,8160,12.9922,8128,32,67302
2124000,8192,66,49,17,4349951934,66,4349960126,0,8145,12.9885,8098,2,0x194f1d2e69,0,2,0,47,67349,8145,12.9885,8098,47,67349
2125000,8192,66,49,17,4351999934,66,4352008126,0,8160,12.9922,8128,2,0x4a7b5b3044,1,3,0,32,67381,8160,12.9922,8128,32,67381
2126000,8192,66,49,17,4354047934,66,4354056126,0,8160,12.9922,8128,2,0x5e14cef019,0,2,0,32,67413,8160,12.9922,8128,32,67413
2127000,8192,66,49,17,4356095934,66,4356104126,0,8156,12.9912,8120,2,0x8cf133227f,1,3,0,36,67449,8156,12.9912,8120,36,67449
2128000,8192,66,49,17,4358143934,66,4358152126,0,8164,12.9932,8136,2,0x269bb2cc00,0,2,0,28,67477,8164,12.9932,8136,28,67477
2129000,8192,66,49,17,4360191934,66,4360200126,0,8164,12.9932,8136,2,0x1ce298061b,1,2,0,28,67505,8164,12.9932,8136,28,67505
2130000,8192,66,49,17,4362239934,66,4362248126,0,8160,12.9922,8128,2,0xe07b236b4f,0,2,0,32,67537,8160,12.9922,8128,32,67537
2131000,8192,66,49,17,4364287934,66,4364296126,0,8173,12.9954,8154,2,0xfd2abfa31a,0,2,0,19,67556,8173,12.9954,8154,19,67556
2132000,8192,66,49,17,4366335934,66,4366344126,0,8161,12.9924,8130,2,0xa04867dce3,0,3,0,31,67587,8161,12.9924,8130,31,67587
2133000,8192,66,49,17,4368383934,66,4368392126,0,8165,12.9934,8138,2,0x9a3506bc8a,0,3,0,27,67614,8165,12.9934,8138,27,67614
2134000,8192,66,49,17,4370431934,66,4370440126,0,8166,12.9937,8140,2,0x16823ffb3a,0,2,0,26,67640,8166,12.9937,8140,26,67640
2135000,8192,66,49,17,4372479934,66,4372488126,0,8152,12.9902,8112,2,0x7d3bdc2c82,0,3,0,40,67680,8152,12.9902,8112,40,67680
2136000,8192,66,49,17,4374527934,66,4374536126,0,8163,12.9929,8134,2,0x9fa9e4498c,0,3,0,29,67709,8163,12.9929,8134,29,67709
2137000,8192,66,49,17,4376575934,66,4376584126,0,8163,12.9929,8134,2,0x7cd194ae4b,1,3,0,29,67738,8163,12.9929,8134,29,67738
2138000,8192,66,49,17,4378623934,66,4378632126,0,8153,12.9905,8114,2,0xec7a292bbf,0,3,0,39,67777,8153,12.9905,8114,39,67777
2139000,8192,66,49,17,4380671934,66,4380680126,0,8168,12.9941,8144,2,0x297e078b07,1,2,0,24,67801,8168,12.9941,8144,24,67801
2140000,8192,66,49,17,4382719934,66,4382728126,0,8162,12.9927,8132,2,0x99f98c6e05,0,3,0,30,67831,8162,12.9927,8132,30,67831
2141000,8192,66,49,17,4384767934,66,4384776126,0,8159,12.9919,8127,3,0xc33be818e6,1,3,0,32,67863,8159,12.9919,8127,32,67863
2142000,8192,66,49,17,4386815934,66,4386824126,0,8166,12.9937,8140,2,0x3f2d02be65,0,2,0,26,67889,8166,12.9937,8140,26,67889
2143000,8192,66,49,17,4388863934,66,4388872126,0,8169,12.9944,8146,2,0x570ccfc018,0,3,0,23,67912,8169,12.9944,8146,23,67912
2144000,8192,66,49,17,4390911934,66,4390920126,0,8162,12.9927,8132,2,0xae298d0636,0,2,0,30,67942,8162,12.9927,8132,30,67942
2145000,8192,66,49,17,4392959934,66,4392968126,0,8166,12.9937,8140,2,0xf19d4c95eb,0,3,0,26,67968,8166,12.9937,8140,26,67968
2146000,8192,66,49,17,4395007934,66,4395016126,0,8170,12.9946,8148,2,0xfec878497c,0,2,0,22,67990,8170,12.9946,8148,22,67990
2147000,8192,66,49,17,4397055934,66,4397064126,0,8159,12.9919,8126,2,0x4de2ee65a4,0,3,0,33,68023,8159,12.9919,8126,33,68023
2148000,8192,66,49,17,4399103934,66,4399112126,0,8152,12.9901,8113,3,0x606d30ca81,1,3,0,39,68062,8152,12.9901,8113,39,68062
2149000,8192,66,49,17,4401151934,66,4401160126,0,8161,12.9923,8131,3,0x1f7f8ac32d,0,3,0,30,68092,8161,12.9923,8131,30,68092
2150000,8192,66,49,17,4403199934,66,4403208126,0,8157,12.9915,8122,2,0xc51f0f43a6,0,1,0,35,68127,8157,12.9915,8122,35,68127
2151000,8192,66,49,17,4405247934,66,4405256126,0,8157,12.9915,8122,2,0x8c8b84596d,0,2,0,35,68162,8157,12.9915,8122,35,68162
2152000,8192,66,49,17,4407295934,66,4407304126,0,8172,12.9951,8152,2,0x391c482fed,0,3,0,20,68182,8172,12.9951,8152,20,68182
2153000,8192,66,49,17,4409343934,66,4409352126,0,8161,12.9924,8130,2,0x08af8c4697,1,3,0,31,68213,8161,12.9924,8130,31,68213
2154000,8192,66,49,17,4411391934,66,4411400126,0,8150,12.9897,8108,2,0x5d2e576e4d,1,3,0,42,68255,8150,12.9897,8108,42,68255
2155000,8192,66,49,17,4413439934,66,4413448126,0,8155,12.9910,8118,2,0xbd8377839c,1,3,0,37,68292,8155,12.9910,8118,37,68292
2156000,8192,66,49,17,4415487934,66,4415496126,0,8166,12.9937,8140,2,0x27c5b66ce4,0,3,0,26,68318,8166,12.9937,8140,26,68318
2157000,8192,66,49,17,4417535934,66,4417544126,0,8163,12.9929,8134,2,0x8761b9f53f,0,2,0,29,68347,8163,12.9929,8134,29,68347
2158000,8192,66,49,17,4419583934,66,4419592126,0,8160,12.9922,8128,2,0x5541f97c75,0,3,0,32,68379,8160,12.9922,8128,32,68379
2159000,8192,66,49,17,4421631934,66,4421640126,0,8154,12.9907,8116,2,0x524b5d2273,1,3,0,38,68417,8154,12.9907,8116,38,68417
2160000,8192,66,49,17,4423679934,66,4423688126,0,8160,12.9922,8128,2,0xd5be5acfbd,1,2,0,32,68449,8160,12.9922,8128,32,68449
2161000,8192,66,49,17,4425727934,66,4425736126,0,8149,12.9895,8106,2,0xb1278830dd,0,3,0,43,68492,8149,12.9895,8106,43,68492
2162000,8192,66,49,17,4427775934,66,4427784126,0,8158,12.9917,8124,2,0x480460b792,0,3,0,34,68526,8158,12.9917,8124,34,68526
2163000,8192,66,49,17,4429823934,66,4429832126,0,8162,12.9927,8132,2,0x3bd50c3e36,0,2,0,30,68556,8162,12.9927,8132,30,68556
2164000,8192,66,49,17,4431871934,66,4431880126,0,8169,12.9944,8146,2,0xed8a4c676e,1,3,0,23,68579,8169,12.9944,8146,23,68579
2165000,8192,66,49,17,4433919934,66,4433928126,0,8153,12.9905,8114,2,0x3e6733bc96,0,3,0,39,68618,8153,12.9905,8114,39,68618
2166000,8192,66,49,17,4435967934,66,4435976126,0,8151,12.9900,8110,2,0xa3546b155a,1,3,0,41,68659,8151,12.9900,8110,41,68659
2167000,8192,66,49,17,4438015934,66,4438024126,0,8167,12.9939,8142,2,0xaeb2d9d98d,1,3,0,25,68684,8167,12.9939,8142,25,68684
2168000,8192,66,49,17,4440063934,66,4440072126,0,8163,12.9929,8134,2,0xe495775ff8,0,3,0,29,68713,8163,12.9929,8134,29,68713
2169000,8192,66,49,17,4442111934,66,4442120126,0,8156,12.9911,8121,3,0xdec9fdc8e8,1,2,0,35,68748,8156,12.9911,8121,35,68748
2170000,8192,66,49,17,4444159934,66,4444168126,0,8166,12.9937,8140,2,0x2f521d0fd3,0,2,0,26,68774,8166,12.9937,8140,26,68774
2171000,8192,66,49,17,4446207934,66,4446216126,0,8158,12.9916,8125,3,0x46702f448c,0,3,0,33,68807,8158,12.9916,8125,33,68807
2172000,8192,66,49,17,4448255934,66,4448264126,0,8158,12.9916,8125,3,0xbb5f9c01a2,0,3,0,33,68840,8158,12.9916,8125,33,68840
2173000,8192,66,49,17,4450303934,66,4450312126,0,8157,12.9915,8122,2,0x4a03a4ef59,0,3,0,35,68875,8157,12.9915,8122,35,68875
2174000,8192,66,49,17,4452351934,66,4452360126,0,8156,12.9912,8120,2,0xfec45e5c38,1,3,0,36,68911,8156,12.9912,8120,36,68911
2175000,8192,66,49,17,4454399934,66,4454408126,0,8158,12.9916,8125,3,0xf7834a7c7d,1,3,0,33,68944,8158,12.9916,8125,33,68944
2176000,8192,66,49,17,4456447934,66,4456456126,0,8160,12.9922,8128,2,0xdaefbee2ca,0,3,0,32,68976,8160,12.9922,8128,32,68976
2177000,8192,66,49,17,4458495934,66,4458504126,0,8166,12.9937,8140,2,0x82b123b212,0,3,0,26,69002,8166,12.9937,8140,26,69002
2178000,8192,66,49,17,4460543934,66,4460552126,0,8166,12.9937,8140,2,0xf93f674131,1,2,0,26,69028,8166,12.9937,8140,26,69028
2179000,8192,66,49,17,4462591934,66,4462600126,0,8156,12.9912,8120,2,0xd98a51a848,0,2,0,36,69064,8156,12.9912,8120,36,69064
2180000,8192,66,49,17,4464639934,66,4464648126,0,8156,12.9912,8120,2,0x31518d8c4b,0,3,0,36,69100,8156,12.9912,8120,36,69100
2181000,8192,66,49,17,4466687934,66,4466696126,0,8160,12.9922,8128,2,0x5fe07ad8bf,1,3,0,32,69132,8160,12.9922,8128,32,69132
2182000,8192,66,49,17,4468735934,66,4468744126,0,8155,12.9910,8118,2,0x95ebae7869,1,2,0,37,69169,8155,12.9910,8118,37,69169
2183000,8192,66,49,17,4470783934,66,4470792126,0,8160,12.9922,8128,2,0xad5fd13ec7,0,2,0,32,69201,8160,12.9922,8128,32,69201
2184000,8192,66,49,17,4472831934,66,4472840126,0,8162,12.9927,8132,2,0x711ce219e3,0,2,0,30,69231,8162,12.9927,8132,30,69231
2185000,8192,66,49,17,4474879934,66,4474888126,0,8154,12.9907,8116,2,0x7c2c44933a,0,3,0,38,69269,8154,12.9907,8116,38,69269
2186000,8192,66,49,17,4476927934,66,4476936126,0,8149,12.9895,8106,2,0x5ccc3eed0c,0,3,0,43,69312,8149,12.9895,8106,43,69312
2187000,8192,66,49,17,4478975934,66,4478984126,0,8149,12.9895,8106,2,0xa6f04bafb0,1,3,0,43,69355,8149,12.9895,8106,43,69355
2188000,8192,66,49,17,4481023934,66,4481032126,0,8165,12.9934,8138,2,0x576422a846,1,3,0,27,69382,8165,12.9934,8138,27,69382
2189000,8192,66,49,17,4483071934,66,4483080126,0,8160,12.9922,8128,2,0x1fd50a3a89,0,2,0,32,69414,8160,12.9922,8128,32,69414
2190000,8192,66,49,17,4485119934,66,4485128126,0,8158,12.9916,8125,3,0x3989ddaeeb,1,2,0,33,69447,8158,12.9916,8125,33,69447
2191000,8192,66,49,17,4487167934,66,4487176126,0,8157,12.9915,8122,2,0x7fda378cf3,0,3,0,35,69482,8157,12.9915,8122,35,69482
2192000,8192,66,49,17,4489215934,66,4489224126,0,8166,12.9937,8140,2,0x6fb6196015,0,3,0,26,69508,8166,12.9937,8140,26,69508
2193000,8192,66,49,17,4491263934,66,4491272126,0,8162,12.9927,8132,2,0xd2d0fa91d6,1,3,0,30,69538,8162,12.9927,8132,30,69538
2194000,8192,66,49,17,4493311934,66,4493320126,0,8158,12.9917,8124,2,0x7cbbbfd253,2,3,0,34,69572,8158,12.9917,8124,34,69572
2195000,8192,66,49,17,4495359934,66,4495368126,0,8156,12.9912,8120,2,0xd4f294bf97,0,3,0,36,69608,8156,12.9912,8120,36,69608
2196000,8192,66,49,17,4497407934,66,4497416126,0,8169,12.9944,8146,2,0x03f5879498,2,3,0,23,69631,8169,12.9944,8146,23,69631
2197000,8192,66,49,17,4499455934,66,4499464126,0,8160,12.9921,8129,3,0x721267c456,1,2,0,31,69662,8160,12.9921,8129,31,69662
2198000,8192,66,49,17,4501503934,66,4501512126,0,8167,12.9939,8142,2,0x28fea3bee0,0,3,0,25,69687,8167,12.9939,8142,25,69687
2199000,8192,66,49,17,4503551934,66,4503560126,0,8153,12.9904,8115,3,0x6dec1eba1e,0,3,0,38,69725,8153,12.9904,8115,38,69725
2200000,8192,66,49,17,4505599934,66,4505608126,0,8157,12.9915,8122,2,0xf7b8d16774,0,3,0,35,69760,8157,12.9915,8122,35,69760
2201000,8192,66,49,17,4507647934,66,4507656126,0,8151,12.9899,8111,3,0xec7ad35cce,1,3,0,40,69800,8151,12.9899,8111,40,69800
2202000,8192,66,49,17,4509695934,66,4509704126,0,8161,12.9924,8130,2,0xf78604fc42,0,2,0,31,69831,8161,12.9924,8130,31,69831
2203000,8192,66,49,17,4511743934,66,4511752126,0,8158,12.9917,8124,2,0x0e81c6d7eb,1,3,0,34,69865,8158,12.9917,8124,34,69865
2204000,8192,66,49,17,4513791934,66,4513800126,0,8168,12.9940,8145,3,0xb6656906fa,0,3,0,23,69888,8168,12.9940,8145,23,69888
2205000,8192,66,49,17,4515839934,66,4515848126,0,8162,12.9927,8132,2,0xe8f7c15b2b,0,3,0,30,69918,8162,12.9927,8132,30,69918
2206000,8192,66,49,17,4517887934,66,4517896126,0,8159,12.9919,8126,2,0x74f5c6bbc7,1,3,0,33,69951,8159,12.9919,8126,33,69951
2207000,8192,66,49,17,4519935934,66,4519944126,0,8162,12.9927,8132,2,0x2895f125bb,0,3,0,30,69981,8162,12.9927,8132,30,69981
2208000,8192,66,49,17,4521983934,66,4521992126,0,8160,12.9922,8128,2,0x78981a19a0,0,3,0,32,70013,8160,12.9922,8128,32,70013
2209000,8192,66,49,17,4524031934,66,4524040126,0,8155,12.9910,8118,2,0x460fc602a7,0,2,0,37,70050,8155,12.9910,8118,37,70050
2210000,8192,66,49,17,4526079934,66,4526088126,0,8161,12.9924,8130,2,0x81790ed656,0,2,0,31,70081,8161,12.9924,8130,31,70081
2211000,8192,66,49,17,4528127934,66,4528136126,0,8155,12.9910,8118,2,0x1fe490eac5,0,3,0,37,70118,8155,12.9910,8118,37,70118
2212000,8192,66,49,17,4530175934,66,4530184126,0,8149,12.9895,8106,2,0x5d7fea716d,0,3,0,43,70161,8149,12.9895,8106,43,70161
2213000,8192,66,49,17,4532223934,66,4532232126,0,8155,12.9910,8118,2,0x1cb617b719,0,3,0,37,70198,8155,12.9910,8118,37,70198
2214000,8192,66,49,17,4534271934,66,4534280126,0,8161,12.9924,8130,2,0x0479eebbce,0,3,0,31,70229,8161,12.9924,8130,31,70229
2215000,8192,66,49,17,4536319934,66,4536328126,0,8164,12.9932,8136,2,0x75ca78c729,0,3,0,28,70257,8164,12.9932,8136,28,70257
2216000,8192,66,49,17,4538367934,66,4538376126,0,8165,12.9934,8138,2,0x3466a66fb6,0,2,0,27,70284,8165,12.9934,8138,27,70284
2217000,8192,66,49,17,4540415934,66,4540424126,0,8162,12.9926,8133,3,0xc62918ad5b,0,2,0,29,70313,8162,12.9926,8133,29,70313
2218000,8192,66,49,17,4542463934,66,4542472126,0,8161,12.9924,8130,2,0x0b010102fe,0,2,0,31,70344,8161,12.9924,8130,31,70344
2219000,8192,66,49,17,4544511934,66,4544520126,0,8151,12.9900,8110,2,0x4b5558df0b,0,3,0,41,70385,8151,12.9900,8110,41,70385
2220000,8192,66,49,17,4546559934,66,4546568126,0,8161,12.9924,8130,2,0xf526cffb52,0,2,0,31,70416,8161,12.9924,8130,31,70416
2221000,8192,66,49,17,4548607934,66,4548616126,0,8161,12.9924,8130,2,0xb21835bfbd,1,2,0,31,70447,8161,12.9924,8130,31,70447
2222000,8192,66,49,17,4550655934,66,4550664126,0,8159,12.9919,8126,2,0xc95a1938d3,1,3,0,33,70480,8159,12.9919,8126,33,70480
2223000,8192,66,49,17,4552703934,66,4552712126,0,8155,12.9910,8118,2,0x888fb40c2e,0,3,0,37,70517,8155,12.9910,8118,37,70517
2224000,8192,66,49,17,4554751934,66,4554760126,0,8162,12.9927,8132,2,0x5c9fa48486,0,1,0,30,70547,8162,12.9927,8132,30,70547
2225000,8192,66,49,17,4556799934,66,4556808126,0,8157,12.9915,8122,2,0xe04455f6d5,0,3,0,35,70582,8157,12.9915,8122,35,70582
2226000,8192,66,49,17,4558847934,66,4558856126,0,8159,12.9919,8126,2,0xca6ef778ca,1,2,0,33,70615,8159,12.9919,8126,33,70615
2227000,8192,66,49,17,4560895934,66,4560904126,0,8159,12.9919,8126,2,0x66b6599e67,1,2,0,33,70648,8159,12.9919,8126,33,70648
2228000,8192,66,49,17,4562943934,66,4562952126,0,8158,12.9917,8124,2,0x7917efe144,0,3,0,34,70682,8158,12.9917,8124,34,70682
2229000,8192,66,49,17,4564991934,66,4565000126,0,8162,12.9927,8132,2,0xed3fbb2d51,1,3,0,30,70712,8162,12.9927,8132,30,70712
2230000,8192,66,49,17,4567039934,66,4567048126,0,8169,12.9944,8146,2,0x4246b55e92,1,3,0,23,70735,8169,12.9944,8146,23,70735
2231000,8192,66,49,17,4569087934,66,4569096126,0,8158,12.9917,8124,2,0x7ae843113e,0,3,0,34,70769,8158,12.9917,8124,34,70769
2232000,8192,66,49,17,4571135934,66,4571144126,0,8161,12.9924,8130,2,0xe93894a487,1,2,0,31,70800,8161,12.9924,8130,31,70800
2233000,8192,66,49,17,4573183934,66,4573192126,0,8168,12.9941,8144,2,0x6400c71b45,1,3,0,24,70824,8168,12.9941,8144,24,70824
2234000,8192,66,49,17,4575231934,66,4575240126,0,8154,12.9907,8116,2,0xa8f4aa246d,0,3,0,38,70862,8154,12.9907,8116,38,70862
2235000,8192,66,49,17,4577279934,66,4577288126,0,8150,12.9897,8108,2,0x7eea65efdf,2,3,0,42,70904,8150,12.9897,8108,42,70904
2236000,8192,66,49,17,4579327934,66,4579336126,0,8163,12.9929,8134,2,0x0094791153,0,2,0,29,70933,8163,12.9929,8134,29,70933
2237000,8192,66,49,17,4581375934,66,4581384126,0,8164,12.9932,8136,2,0x0abd972e26,0,3,0,28,70961,8164,12.9932,8136,28,70961
2238000,8192,66,49,17,4583423934,66,4583432126,0,8160,12.9922,8128,2,0x34aac5da55,0,2,0,32,70993,8160,12.9922,8128,32,70993
2239000,8192,66,49,17,4585471934,66,4585480126,0,8169,12.9944,8146,2,0x340686877c,0,2,0,23,71016,8169,12.9944,8146,23,71016
2240000,8192,66,49,17,4587519934,66,4587528126,0,8160,12.9922,8128,2,0x5b981221cb,0,2,0,32,71048,8160,12.9922,8128,32,71048
2241000,8192,66,49,17,4589567934,66,4589576126,0,8155,12.9910,8118,2,0x53e6247c6f,0,3,0,37,71085,8155,12.9910,8118,37,71085
2242000,8192,66,49,17,4591615934,66,4591624126,0,8161,12.9924,8130,2,0x31b29faa08,1,2,0,31,71116,8161,12.9924,8130,31,71116
2243000,8192,66,49,17,4593663934,66,4593672126,0,8167,12.9939,8142,2,0x3ecd0a326e,0,1,0,25,71141,8167,12.9939,8142,25,71141
2244000,8192,66,49,17,4595711934,66,4595720126,0,8155,12.9910,8118,2,0x4b5deef215,0,3,0,37,71178,8155,12.9910,8118,37,71178
2245000,8192,66,49,17,4597759934,66,4597768126,0,8161,12.9924,8130,2,0x80031c8a56,1,3,0,31,71209,8161,12.9924,8130,31,71209
2246000,8192,66,49,17,4599807934,66,4599816126,0,8151,12.9900,8110,2,0xf1892997a4,1,3,0,41,71250,8151,12.9900,8110,41,71250
2247000,8192,66,49,17,4601855934,66,4601864126,0,8147,12.9889,8103,3,0x47402490ea,0,2,0,44,71294,8147,12.9889,8103,44,71294
2248000,8192,66,49,17,4603903934,66,4603912126,0,8171,12.9949,8150,2,0x07777d3ce6,0,2,0,21,71315,8171,12.9949,8150,21,71315
2249000,8192,66,49,17,4605951934,66,4605960126,0,8151,12.9900,8110,2,0xd9dede0de6,0,3,0,41,71356,8151,12.9900,8110,41,71356
2250000,8192,66,49,17,4607999934,66,4608008126,0,8160,12.9922,8128,2,0xb049e5788d,0,2,0,32,71388,8160,12.9922,8128,32,71388
2251000,8192,66,49,17,4610047934,66,4610056126,0,8156,12.9912,8120,2,0x15b5ba24df,1,3,0,36,71424,8156,12.9912,8120,36,71424
2252000,8192,66,49,17,4612095934,66,4612104126,0,8161,12.9924,8130,2,0x6b4cad116f,0,2,0,31,71455,8161,12.9924,8130,31,71455
2253000,8192,66,49,17,4614143934,66,4614152126,0,8168,12.9941,8144,2,0x6371c11540,0,2,0,24,71479,8168,12.9941,8144,24,71479
2254000,8192,66,49,17,4616191934,66,4616200126,0,8155,12.9910,8118,2,0xb47a8e0c54,0,2,0,37,71516,8155,12.9910,8118,37,71516
2255000,8192,66,49,17,4618239934,66,4618248126,0,8169,12.9944,8146,2,0x3f9ca90f71,0,3,0,23,71539,8169,12.9944,8146,23,71539
2256000,8192,66,49,17,4620287934,66,4620296126,0,8168,12.9941,8144,2,0x24d522323e,0,2,0,24,71563,8168,12.9941,8144,24,71563
2257000,8192,66,49,17,4622335934,66,4622344126,0,8166,12.9937,8140,2,0x065e5808a0,0,3,0,26,71589,8166,12.9937,8140,26,71589
2258000,8192,66,49,17,4624383934,66,4624392126,0,8163,12.9929,8134,2,0xc3b28375f9,0,3,0,29,71618,8163,12.9929,8134,29,71618
2259000,8192,66,49,17,4626431934,66,4626440126,0,8165,12.9934,8138,2,0x44694c3bb2,0,3,0,27,71645,8165,12.9934,8138,27,71645
2260000,8192,66,49,17,4628479934,66,4628488126,0,8156,12.9912,8120,2,0xeeb6dbf581,0,2,0,36,71681,8156,12.9912,8120,36,71681
2261000,8192,66,49,17,4630527934,66,4630536126,0,8165,12.9934,8138,2,0xbcbe5146fa,1,3,0,27,71708,8165,12.9934,8138,27,71708
2262000,8192,66,49,17,4632575934,66,4632584126,0,8159,12.9919,8126,2,0x23afc0f967,0,3,0,33,71741,8159,12.9919,8126,33,71741
2263000,8192,66,49,17,4634623934,66,4634632126,0,8165,12.9934,8138,2,0x5a5b983ccb,1,3,0,27,71768,8165,12.9934,8138,27,71768
2264000,8192,66,49,17,4636671934,66,4636680126,0,8161,12.9924,8130,2,0x06e8b04ff6,0,3,0,31,71799,8161,12.9924,8130,31,71799
2265000,8192,66,49,17,4638719934,66,4638728126,0,8155,12.9910,8118,2,0x8827878df7,1,3,0,37,71836,8155,12.9910,8118,37,71836
2266000,8192,66,49,17,4640767934,66,4640776126,0,8155,12.9910,8118,2,0xb6a2e8046a,0,3,0,37,71873,8155,12.9910,8118,37,71873
2267000,8192,66,49,17,4642815934,66,4642824126,0,8166,12.9937,8140,2,0xa345a4e527,1,3,0,26,71899,8166,12.9937,8140,26,71899
2268000,8192,66,49,17,4644863934,66,4644872126,0,8162,12.9927,8132,2,0xbc3904a243,1,3,0,30,71929,8162,12.9927,8132,30,71929
2269000,8192,66,49,17,4646911934,66,4646920126,0,8158,12.9917,8124,2,0x6879ea7825,0,3,0,34,71963,8158,12.9917,8124,34,71963
2270000,8192,66,49,17,4648959934,66,4648968126,0,8162,12.9927,8132,2,0xc1adeb93fe,0,3,0,30,71993,8162,12.9927,8132,30,71993
2271000,8192,66,49,17,4651007934,66,4651016126,0,8168,12.9941,8144,2,0xcd84865185,0,3,0,24,72017,8168,12.9941,8144,24,72017
2272000,8192,66,49,17,4653055934,66,4653064126,0,8160,12.9922,8128,2,0x69169e39f3,1,3,0,32,72049,8160,12.9922,8128,32,72049
2273000,8192,66,49,17,4655103934,66,4655112126,0,8166,12.9937,8140,2,0xc7468b82bc,0,3,0,26,72075,8166,12.9937,8140,26,72075
2274000,8192,66,49,17,4657151934,66,4657160126,0,8166,12.9937,8140,2,0xc3a13df108,0,3,0,26,72101,8166,12.9937,8140,26,72101
2275000,8192,66,49,17,4659199934,66,4659208126,0,8153,12.9904,8115,3,0x96e6e41da9,0,2,0,38,72139,8153,12.9904,8115,38,72139
2276000,8192,66,49,17,4661247934,66,4661256126,0,8158,12.9917,8124,2,0x6e6fca3fd2,0,3,0,34,72173,8158,12.9917,8124,34,72173
2277000,8192,66,49,17,4663295934,66,4663304126,0,8160,12.9922,8128,2,0xcadd106e67,1,2,0,32,72205,8160,12.9922,8128,32,72205
2278000,8192,66,49,17,4665343934,66,4665352126,0,8167,12.9938,8143,3,0x945ecf0987,0,3,0,24,72229,8167,12.9938,8143,24,72229
2279000,8192,66,49,17,4667391934,66,4667400126,0,8153,12.9905,8114,2,0x6a902c2023,0,2,0,39,72268,8153,12.9905,8114,39,72268
2280000,8192,66,49,17,4669439934,66,4669448126,0,8157,12.9915,8122,2,0xba05ccb73b,1,3,0,35,72303,8157,12.9915,8122,35,72303
2281000,8192,66,49,17,4671487934,66,4671496126,0,8162,12.9927,8132,2,0x50c20afd5b,1,3,0,30,72333,8162,12.9927,8132,30,72333
2282000,8192,66,49,17,4673535934,66,4673544126,0,8152,12.9902,8112,2,0x8bf88c9ec6,0,2,0,40,72373,8152,12.9902,8112,40,72373
2283000,8192,66,49,17,4675583934,66,4675592126,0,8154,12.9907,8116,2,0x37cca0c30e,0,2,0,38,72411,8154,12.9907,8116,38,72411
2284000,8192,66,49,17,4677631934,66,4677640126,0,8161,12.9924,8130,2,0x32a04a1a44,0,1,0,31,72442,8161,12.9924,8130,31,72442
2285000,8192,66,49,17,4679679934,66,4679688126,0,8158,12.9917,8124,2,0x6fb7971ba9,0,2,0,34,72476,8158,12.9917,8124,34,72476
2286000,8192,66,49,17,4681727934,66,4681736126,0,8161,12.9924,8130,2,0xa362a6afd8,0,3,0,31,72507,8161,12.9924,8130,31,72507
2287000,8192,66,49,17,4683775934,66,4683784126,0,8154,12.9907,8116,2,0x858d3b8f83,0,3,0,38,72545,8154,12.9907,8116,38,72545
2288000,8192,67,50,17,4685823933,67,4685832125,0,8157,12.9915,8122,2,0xcb97bc3f57,0,2,0,35,72580,8157,12.9915,8122,35,72580
2289000,8192,67,50,17,4687871933,67,4687880125,0,8165,12.9933,8139,3,0x7b819211ce,1,3,0,26,72606,8165,12.9933,8139,26,72606
2290000,8192,67,50,17,4689919933,67,4689928125,0,8146,12.9888,8100,2,0x9078d8574a,1,1,0,46,72652,8146,12.9888,8100,46,72652
2291000,8192,67,50,17,4691967933,67,4691976125,0,8150,12.9897,8108,2,0xecb97bab61,0,3,0,42,72694,8150,12.9897,8108,42,72694
2292000,8192,67,50,17,4694015933,67,4694024125,0,8161,12.9923,8131,3,0xd82ec47ab6,0,3,0,30,72724,8161,12.9923,8131,30,72724
2293000,8192,67,50,17,4696063933,67,4696072125,0,8162,12.9927,8132,2,0xfc82950da1,1,3,0,30,72754,8162,12.9927,8132,30,72754
2294000,8192,67,50,17,4698111933,67,4698120125,0,8161,12.9924,8130,2,0x1fda00b896,1,2,0,31,72785,8161,12.9924,8130,31,72785
2295000,8192,67,50,17,4700159933,67,4700168125,0,8155,12.9910,8118,2,0x0cc50b47e2,1,2,0,37,72822,8155,12.9910,8118,37,72822
2296000,8192,67,50,17,4702207933,67,4702216125,0,8160,12.9922,8128,2,0xeda9b8270a,0,3,0,32,72854,8160,12.9922,8128,32,72854
2297000,8192,67,50,17,4704255933,67,4704264125,0,8162,12.9927,8132,2,0xf1852807d2,0,3,0,30,72884,8162,12.9927,8132,30,72884
2298000,8192,67,50,17,4706303933,67,4706312125,0,8164,12.9932,8136,2,0x17af3048f3,1,2,0,28,72912,8164,12.9932,8136,28,72912
2299000,8192,67,50,17,4708351933,67,4708360125,0,8159,12.9919,8126,2,0x63f4e6c104,0,3,0,33,72945,8159,12.9919,8126,33,72945
2300000,8192,67,50,17,4710399933,67,4710408125,0,8162,12.9926,8133,3,0x0e3a427f39,0,3,0,29,72974,8162,12.9926,8133,29,72974
2301000,8192,67,50,17,4712447933,67,4712456125,0,8161,12.9924,8130,2,0x60f953461b,0,2,0,31,73005,8161,12.9924,8130,31,73005
2302000,8192,67,50,17,4714495933,67,4714504125,0,8169,12.9943,8147,3,0x47431ba338,1,3,0,22,73027,8169,12.9943,8147,22,73027
2303000,8192,67,50,17,4716543933,67,4716552125,0,8159,12.9919,8126,2,0x8c8e7cebd0,0,2,0,33,73060,8159,12.9919,8126,33,73060
2304000,8192,67,50,17,4718591933,67,4718600125,0,8159,12.9919,8126,2,0x215fc8146c,0,2,0,33,73093,8159,12.9919,8126,33,73093
2305000,8192,67,50,17,4720639933,67,4720648125,0,8159,12.9919,8126,2,0xb39997e11c,0,2,0,33,73126,8159,12.9919,8126,33,73126
2306000,8192,67,50,17,4722687933,67,4722696125,0,8162,12.9927,8132,2,0xf1844aaed0,0,3,0,30,73156,8162,12.9927,8132,30,73156
2307000,8192,67,50,17,4724735933,67,4724744125,0,8157,12.9915,8122,2,0x210d0986de,0,2,0,35,73191,8157,12.9915,8122,35,73191
2308000,8192,67,50,17,4726783933,67,4726792125,0,8160,12.9922,8128,2,0xa4d74ecd6e,0,3,0,32,73223,8160,12.9922,8128,32,73223
2309000,8192,84,66,18,4728831916,84,4728840108,0,8162,12.9926,8133,3,0x3288830d43,0,3,0,29,73252,8162,12.9926,8133,29,73252
2310000,8192,84,66,18,4730879916,84,4730888108,0,8169,12.9944,8146,2,0x5eecb9fab2,0,0,0,23,73275,8169,12.9944,8146,23,73275
2311000,8192,84,66,18,4732927916,84,4732936108,0,8173,12.9954,8154,2,0xd76fbec801,0,3,0,19,73294,8173,12.9954,8154,19,73294
2312000,8192,84,66,18,4734975916,84,4734984108,0,8156,12.9912,8120,2,0xc18ac3aacb,0,3,0,36,73330,8156,12.9912,8120,36,73330
2313000,8192,84,66,18,4737023916,84,4737032108,0,8161,12.9924,8130,2,0x9934aea2df,0,3,0,31,73361,8161,12.9924,8130,31,73361
2314000,8192,84,66,18,4739071916,84,4739080108,0,8164,12.9932,8136,2,0x57996bd859,1,2,0,28,73389,8164,12.9932,8136,28,73389
2315000,8192,84,66,18,4741119916,84,4741128108,0,8168,12.9941,8144,2,0x96015a6455,0,1,0,24,73413,8168,12.9941,8144,24,73413
2316000,8192,84,66,18,4743167916,84,4743176108,0,8166,12.9937,8140,2,0x1f62ecad56,0,3,0,26,73439,8166,12.9937,8140,26,73439
2317000,8192,84,66,18,4745215916,84,4745224108,0,8150,12.9897,8108,2,0x9e59cb9789,0,3,0,42,73481,8150,12.9897,8108,42,73481
2318000,8192,85,66,19,4747263915,85,4747272107,0,8164,12.9932,8136,2,0xf7475d75c3,0,2,0,28,73509,8164,12.9932,8136,28,73509
2319000,8192,85,66,19,4749311915,85,4749320107,0,8163,12.9929,8134,2,0xa3e7407fb4,0,3,0,29,73538,8163,12.9929,8134,29,73538
2320000,8192,85,66,19,4751359915,85,4751368107,0,8157,12.9915,8122,2,0x57931b1a46,0,3,0,35,73573,8157,12.9915,8122,35,73573
2321000,8192,85,66,19,4753407915,85,4753416107,0,8160,12.9922,8128,2,0xa0395fcfaf,0,3,0,32,73605,8160,12.9922,8128,32,73605
2322000,8192,85,66,19,4755455915,85,4755464107,0,8151,12.9900,8110,2,0x5a8c3019f7,0,3,0,41,73646,8151,12.9900,8110,41,73646
2323000,8192,85,66,19,4757503915,85,4757512107,0,8168,12.9941,8144,2,0xb10a6c6465,0,2,0,24,73670,8168,12.9941,8144,24,73670
2324000,8192,85,66,19,4759551915,85,4759560107,0,8156,12.9912,8120,2,0xe52037fecd,1,3,0,36,73706,8156,12.9912,8120,36,73706
2325000,8192,85,66,19,4761599915,85,4761608107,0,8170,12.9946,8148,2,0x245fb1e530,0,2,0,22,73728,8170,12.9946,8148,22,73728
2326000,8192,85,66,19,4763647915,85,4763656107,0,8160,12.9922,8128,2,0xf4de4f86e9,0,2,0,32,73760,8160,12.9922,8128,32,73760
2327000,8192,85,66,19,4765695915,85,4765704107,0,8156,12.9912,8120,2,0xecbd704dd0,0,2,0,36,73796,8156,12.9912,8120,36,73796
2328000,8192,85,66,19,4767743915,85,4767752107,0,8162,12.9926,8133,3,0x0d1e9e4432,1,2,0,29,73825,8162,12.9926,8133,29,73825
2329000,8192,85,66,19,4769791915,85,4769800107,0,8154,12.9907,8116,2,0x877b2583fa,0,3,0,38,73863,8154,12.9907,8116,38,73863
2330000,8192,85,66,19,4771839915,85,4771848107,0,8153,12.9905,8114,2,0xafadb8af0c,0,3,0,39,73902,8153,12.9905,8114,39,73902
2331000,8192,85,66,19,4773887915,85,4773896107,0,8152,12.9901,8113,3,0x3df2b0ce98,0,3,0,39,73941,8152,12.9901,8113,39,73941
2332000,8192,85,66,19,4775935915,85,4775944107,0,8161,12.9924,8130,2,0xcf8d03db0a,0,3,0,31,73972,8161,12.9924,8130,31,73972
2333000,8192,85,66,19,4777983915,85,4777992107,0,8157,12.9915,8122,2,0x8a4cf99339,0,2,0,35,74007,8157,12.9915,8122,35,74007
2334000,8192,85,66,19,4780031915,85,4780040107,0,8164,12.9932,8136,2,0x10979bcbdf,0,1,0,28,74035,8164,12.9932,8136,28,74035
2335000,8192,85,66,19,4782079915,85,4782088107,0,8146,12.9887,8101,3,0xb5734023e5,0,3,0,45,74080,8146,12.9887,8101,45,74080
2336000,8192,85,66,19,4784127915,85,4784136107,0,8160,12.9922,8128,2,0x01e9337ec7,0,3,0,32,74112,8160,12.9922,8128,32,74112
2337000,8192,85,66,19,4786175915,85,4786184107,0,8166,12.9936,8141,3,0x2dacd157ca,1,3,0,25,74137,8166,12.9936,8141,25,74137
2338000,8192,85,66,19,4788223915,85,4788232107,0,8163,12.9929,8134,2,0x9c35c2fab5,0,2,0,29,74166,8163,12.9929,8134,29,74166
2339000,8192,85,66,19,4790271915,85,4790280107,0,8154,12.9907,8116,2,0x259c29966f,0,3,0,38,74204,8154,12.9907,8116,38,74204
2340000,8192,85,66,19,4792319915,85,4792328107,0,8155,12.9910,8118,2,0x91fcff96ea,0,3,0,37,74241,8155,12.9910,8118,37,74241
2341000,8192,85,66,19,4794367915,85,4794376107,0,8156,12.9912,8120,2,0x252d464055,0,3,0,36,74277,8156,12.9912,8120,36,74277
2342000,8192,85,66,19,4796415915,85,4796424107,0,8168,12.9941,8144,2,0xbef0f67116,0,1,0,24,74301,8168,12.9941,8144,24,74301
2343000,8192,85,66,19,4798463915,85,4798472107,0,8154,12.9907,8116,2,0xd92847ecb0,0,3,0,38,74339,8154,12.9907,8116,38,74339
2344000,8192,85,66,19,4800511915,85,4800520107,0,8152,12.9902,8112,2,0x2854d5826f,0,2,0,40,74379,8152,12.9902,8112,40,74379
2345000,8192,85,66,19,4802559915,85,4802568107,0,8170,12.9946,8148,2,0x507052702f,0,3,0,22,74401,8170,12.9946,8148,22,74401
2346000,8192,85,66,19,4804607915,85,4804616107,0,8163,12.9929,8134,2,0x30472bd7ec,0,3,0,29,74430,8163,12.9929,8134,29,74430
2347000,8192,85,66,19,4806655915,85,4806664107,0,8162,12.9927,8132,2,0x33e485b909,0,3,0,30,74460,8162,12.9927,8132,30,74460
2348000,8192,85,66,19,4808703915,85,4808712107,0,8157,12.9915,8122,2,0x4c129cdaff,0,3,0,35,74495,8157,12.9915,8122,35,74495
2349000,8192,85,66,19,4810751915,85,4810760107,0,8161,12.9924,8130,2,0xd6de6f7990,0,3,0,31,74526,8161,12.9924,8130,31,74526
2350000,8192,85,66,19,4812799915,85,4812808107,0,8160,12.9922,8128,2,0x6fcbf27234,0,1,0,32,74558,8160,12.9922,8128,32,74558
2351000,8192,85,66,19,4814847915,85,4814856107,0,8151,12.9900,8110,2,0xc09148f18e,1,3,0,41,74599,8151,12.9900,8110,41,74599
2352000,8192,85,66,19,4816895915,85,4816904107,0,8154,12.9907,8116,2,0x84f609e19d,1,2,0,38,74637,8154,12.9907,8116,38,74637
2353000,8192,86,67,19,4818943914,86,4818952106,0,8156,12.9912,8120,2,0x8ff4960f59,1,3,0,36,74673,8156,12.9912,8120,36,74673
2354000,8192,86,67,19,4820991914,86,4821000106,0,8165,12.9934,8138,2,0x6ebb8a71e6,0,3,0,27,74700,8165,12.9934,8138,27,74700
2355000,8192,87,67,20,4823039913,87,4823048105,0,8160,12.9922,8128,2,0xaad2e84cc6,0,3,0,32,74732,8160,12.9922,8128,32,74732
2356000,8192,87,67,20,4825087913,87,4825096105,0,8164,12.9932,8136,2,0xd593ab0028,0,3,0,28,74760,8164,12.9932,8136,28,74760
2357000,8192,87,67,20,4827135913,87,4827144105,0,8163,12.9929,8134,2,0x22c9a2ed56,1,3,0,29,74789,8163,12.9929,8134,29,74789
2358000,8192,87,67,20,4829183913,87,4829192105,0,8165,12.9934,8138,2,0x6c62a56482,1,2,0,27,74816,8165,12.9934,8138,27,74816
2359000,8192,87,67,20,4831231913,87,4831240105,0,8152,12.9901,8113,3,0x71917542eb,2,3,0,39,74855,8152,12.9901,8113,39,74855
2360000,8192,87,67,20,4833279913,87,4833288105,0,8171,12.9949,8150,2,0x5eb969fd0c,2,2,0,21,74876,8171,12.9949,8150,21,74876
2361000,8192,87,67,20,4835327913,87,4835336105,0,8160,12.9922,8128,2,0x346db62cfa,0,3,0,32,74908,8160,12.9922,8128,32,74908
2362000,8192,87,67,20,4837375913,87,4837384105,0,8151,12.9900,8110,2,0xa5c8c62036,0,2,0,41,74949,8151,12.9900,8110,41,74949
2363000,8192,87,67,20,4839423913,87,4839432105,0,8163,12.9929,8134,2,0x492b202140,0,2,0,29,74978,8163,12.9929,8134,29,74978
2364000,8192,87,67,20,4841471913,87,4841480105,0,8167,12.9939,8142,2,0xfc1fc4ae62,0,3,0,25,75003,8167,12.9939,8142,25,75003
2365000,8192,87,67,20,4843519913,87,4843528105,0,8161,12.9924,8130,2,0xa327936fef,0,3,0,31,75034,8161,12.9924,8130,31,75034
2366000,8192,87,67,20,4845567913,87,4845576105,0,8162,12.9927,8132,2,0x5e8415266e,0,2,0,30,75064,8162,12.9927,8132,30,75064
2367000,8192,87,67,20,4847615913,87,4847624105,0,8175,12.9958,8158,2,0x98d9942067,1,3,0,17,75081,8175,12.9958,8158,17,75081
2368000,8192,87,67,20,4849663913,87,4849672105,0,8164,12.9932,8136,2,0x14dced8884,1,3,0,28,75109,8164,12.9932,8136,28,75109
2369000,8192,87,67,20,4851711913,87,4851720105,0,8162,12.9927,8132,2,0xf4e1d2b469,1,1,0,30,75139,8162,12.9927,8132,30,75139
2370000,8192,87,67,20,4853759913,87,4853768105,0,8165,12.9934,8138,2,0x52531604dc,1,3,0,27,75166,8165,12.9934,8138,27,75166
2371000,8192,87,67,20,4855807913,87,4855816105,0,8162,12.9927,8132,2,0x89410a0052,0,2,0,30,75196,8162,12.9927,8132,30,75196
2372000,8192,87,67,20,4857855913,87,4857864105,0,8157,12.9915,8122,2,0x74d0de03f6,1,3,0,35,75231,8157,12.9915,8122,35,75231
2373000,8192,87,67,20,4859903913,87,4859912105,0,8152,12.9902,8112,2,0x47f9543b87,0,2,0,40,75271,8152,12.9902,8112,40,75271
2374000,8192,87,67,20,4861951913,87,4861960105,0,8159,12.9919,8126,2,0x2f40029710,0,3,0,33,75304,8159,12.9919,8126,33,75304
2375000,8192,88,68,20,4863999912,88,4864008104,0,8155,12.9910,8118,2,0x95fa8c6d8a,0,1,0,37,75341,8155,12.9910,8118,37,75341
2376000,8192,88,68,20,4866047912,88,4866056104,0,8165,12.9934,8138,2,0xfbc6acb1e6,0,3,0,27,75368,8165,12.9934,8138,27,75368
2377000,8192,88,68,20,4868095912,88,4868104104,0,8165,12.9934,8138,2,0x2b9d2ab895,0,3,0,27,75395,8165,12.9934,8138,27,75395
2378000,8192,88,68,20,4870143912,88,4870152104,0,8167,12.9939,8142,2,0xcc11438b56,0,2,0,25,75420,8167,12.9939,8142,25,75420
2379000,8192,89,69,20,4872191911,89,4872200103,0,8160,12.9922,8128,2,0x9b9c03c014,0,3,0,32,75452,8160,12.9922,8128,32,75452
2380000,8192,89,69,20,4874239911,89,4874248103,0,8157,12.9915,8122,2,0x822d398edc,0,3,0,35,75487,8157,12.9915,8122,35,75487
2381000,8192,89,69,20,4876287911,89,4876296103,0,8162,12.9926,8133,3,0x71714110ad,1,2,0,29,75516,8162,12.9926,8133,29,75516
2382000,8192,89,69,20,4878335911,89,4878344103,0,8158,12.9916,8125,3,0x2eff9f01d0,0,1,0,33,75549,8158,12.9916,8125,33,75549
2383000,8192,89,69,20,4880383911,89,4880392103,0,8155,12.9910,8118,2,0x1c83608eac,1,3,0,37,75586,8155,12.9910,8118,37,75586
2384000,8192,91,71,20,4882431909,91,4882440101,0,8145,12.9885,8098,2,0xf4a847b252,1,3,0,47,75633,8145,12.9885,8098,47,75633
2385000,8192,91,71,20,4884479909,91,4884488101,0,8156,12.9911,8121,3,0x24c7d11bd0,0,3,0,35,75668,8156,12.9911,8121,35,75668
2386000,8192,91,71,20,4886527909,91,4886536101,0,8162,12.9927,8132,2,0xd279f3639b,0,2,0,30,75698,8162,12.9927,8132,30,75698
2387000,8192,91,71,20,4888575909,91,4888584101,0,8147,12.9890,8102,2,0x60c55bf10f,0,3,0,45,75743,8147,12.9890,8102,45,75743
2388000,8192,91,71,20,4890623909,91,4890632101,0,8159,12.9919,8126,2,0x66f991f160,0,3,0,33,75776,8159,12.9919,8126,33,75776
2389000,8192,91,71,20,4892671909,91,4892680101,0,8151,12.9900,8110,2,0x6742d97666,1,2,0,41,75817,8151,12.9900,8110,41,75817
2390000,8192,91,71,20,4894719909,91,4894728101,0,8160,12.9922,8128,2,0x9cbc6f9160,0,2,0,32,75849,8160,12.9922,8128,32,75849
2391000,8192,91,71,20,4896767909,91,4896776101,0,8160,12.9922,8128,2,0x0dd6023219,0,3,0,32,75881,8160,12.9922,8128,32,75881
2392000,8192,91,71,20,4898815909,91,4898824101,0,8157,12.9915,8122,2,0xa73b01f1d6,0,3,0,35,75916,8157,12.9915,8122,35,75916
2393000,8192,91,71,20,4900863909,91,4900872101,0,8158,12.9917,8124,2,0x1bc8a3df58,0,3,0,34,75950,8158,12.9917,8124,34,75950
2394000,8192,91,71,20,4902911909,91,4902920101,0,8156,12.9912,8120,2,0x386c44f839,1,2,0,36,75986,8156,12.9912,8120,36,75986
2395000,8192,91,71,20,4904959909,91,4904968101,0,8160,12.9922,8128,2,0x9652eb83ce,0,2,0,32,76018,8160,12.9922,8128,32,76018
2396000,8192,91,71,20,4907007909,91,4907016101,0,8168,12.9941,8144,2,0xf772e456b2,1,2,0,24,76042,8168,12.9941,8144,24,76042
2397000,8192,91,71,20,4909055909,91,4909064101,0,8163,12.9928,8135,3,0x3125388ae3,0,2,0,28,76070,8163,12.9928,8135,28,76070
2398000,8192,91,71,20,4911103909,91,4911112101,0,8166,12.9937,8140,2,0xab42215550,0,3,0,26,76096,8166,12.9937,8140,26,76096
2399000,8192,91,71,20,4913151909,91,4913160101,0,8165,12.9934,8138,2,0x5f0e7a4c56,0,3,0,27,76123,8165,12.9934,8138,27,76123
2400000,8192,91,71,20,4915199909,91,4915208101,0,8171,12.9949,8150,2,0x91a3e0ff20,1,3,0,21,76144,8171,12.9949,8150,21,76144
2401000,8192,91,71,20,4917247909,91,4917256101,0,8160,12.9922,8128,2,0x2cc250f27c,0,2,0,32,76176,8160,12.9922,8128,32,76176
2402000,8192,91,71,20,4919295909,91,4919304101,0,8155,12.9910,8118,2,0xd0eeba1130,1,3,0,37,76213,8155,12.9910,8118,37,76213
2403000,8192,91,71,20,4921343909,91,4921352101,0,8150,12.9897,8108,2,0x2f2af2b2a0,0,3,0,42,76255,8150,12.9897,8108,42,76255
2404000,8192,91,71,20,4923391909,91,4923400101,0,8163,12.9929,8134,2,0x3e5984c72f,0,3,0,29,76284,8163,12.9929,8134,29,76284
2405000,8192,91,71,20,4925439909,91,4925448101,0,8157,12.9915,8122,2,0xc6fb33ff7c,1,3,0,35,76319,8157,12.9915,8122,35,76319
2406000,8192,91,71,20,4927487909,91,4927496101,0,8167,12.9939,8142,2,0x8e49b24d7c,0,1,0,25,76344,8167,12.9939,8142,25,76344
2407000,8192,91,71,20,4929535909,91,4929544101,0,8166,12.9937,8140,2,0xaf6f6241f0,0,2,0,26,76370,8166,12.9937,8140,26,76370
2408000,8192,91,71,20,4931583909,91,4931592101,0,8158,12.9917,8124,2,0xcc3579a751,0,2,0,34,76404,8158,12.9917,8124,34,76404
2409000,8192,91,71,20,4933631909,91,4933640101,0,8153,12.9905,8114,2,0x11497b6e6f,0,3,0,39,76443,8153,12.9905,8114,39,76443
2410000,8192,91,71,20,4935679909,91,4935688101,0,8164,12.9932,8136,2,0x68c13ade0a,0,3,0,28,76471,8164,12.9932,8136,28,76471
2411000,8192,91,71,20,4937727909,91,4937736101,0,8149,12.9895,8106,2,0xc53ba17f43,0,3,0,43,76514,8149,12.9895,8106,43,76514
2412000,8192,91,71,20,4939775909,91,4939784101,0,8156,12.9910,8122,3,0x60b20e21bf,0,3,0,34,76548,8156,12.9910,8122,34,76548
2413000,8192,91,71,20,4941823909,91,4941832101,0,8167,12.9939,8142,2,0xbf0b61afe3,1,2,0,25,76573,8167,12.9939,8142,25,76573
2414000,8192,91,71,20,4943871909,91,4943880101,0,8162,12.9927,8132,2,0xae36a48192,1,2,0,30,76603,8162,12.9927,8132,30,76603
2415000,8192,91,71,20,4945919909,91,4945928101,0,8167,12.9939,8142,2,0x493dbf6846,0,3,0,25,76628,8167,12.9939,8142,25,76628
2416000,8192,91,71,20,4947967909,91,4947976101,0,8165,12.9934,8138,2,0x9091eabe28,0,3,0,27,76655,8165,12.9934,8138,27,76655
2417000,8192,91,71,20,4950015909,91,4950024101,0,8162,12.9927,8132,2,0xfa00d021f4,0,3,0,30,76685,8162,12.9927,8132,30,76685
2418000,8192,91,71,20,4952063909,91,4952072101,0,8158,12.9917,8124,2,0xd89fa8cd74,1,2,0,34,76719,8158,12.9917,8124,34,76719
2419000,8192,91,71,20,4954111909,91,4954120101,0,8167,12.9939,8142,2,0xce853bbebf,0,2,0,25,76744,8167,12.9939,8142,25,76744
2420000,8192,91,71,20,4956159909,91,4956168101,0,8164,12.9932,8136,2,0x42763f39cb,0,2,0,28,76772,8164,12.9932,8136,28,76772
2421000,8192,91,71,20,4958207909,91,4958216101,0,8165,12.9934,8138,2,0x7a50077e30,0,2,0,27,76799,8165,12.9934,8138,27,76799
2422000,8192,91,71,20,4960255909,91,4960264101,0,8166,12.9937,8140,2,0x3b37154912,0,3,0,26,76825,8166,12.9937,8140,26,76825
2423000,8192,91,71,20,4962303909,91,4962312101,0,8161,12.9924,8130,2,0x5f40f85299,0,2,0,31,76856,8161,12.9924,8130,31,76856
2424000,8192,91,71,20,4964351909,91,4964360101,0,8161,12.9923,8131,3,0x56297581de,0,2,0,30,76886,8161,12.9923,8131,30,76886
2425000,8192,91,71,20,4966399909,91,4966408101,0,8154,12.9907,8116,2,0xc5d4cf80de,0,3,0,38,76924,8154,12.9907,8116,38,76924
2426000,8192,91,71,20,4968447909,91,4968456101,0,8152,12.9902,8112,2,0x6b88cbb697,1,2,0,40,76964,8152,12.9902,8112,40,76964
2427000,8192,91,71,20,4970495909,91,4970504101,0,8155,12.9910,8118,2,0xd5f24115ac,0,3,0,37,77001,8155,12.9910,8118,37,77001
2428000,8192,91,71,20,4972543909,91,4972552101,0,8164,12.9932,8136,2,0xef7c608614,1,3,0,28,77029,8164,12.9932,8136,28,77029
2429000,8192,91,71,20,4974591909,91,4974600101,0,8162,12.9927,8132,2,0xcb0766fe18,1,3,0,30,77059,8162,12.9927,8132,30,77059
2430000,8192,91,71,20,4976639909,91,4976648101,0,8164,12.9932,8136,2,0x9e07de0bd8,1,3,0,28,77087,8164,12.9932,8136,28,77087
2431000,8192,91,71,20,4978687909,91,4978696101,0,8162,12.9926,8133,3,0x431b2c4ef6,0,3,0,29,77116,8162,12.9926,8133,29,77116
2432000,8192,91,71,20,4980735909,91,4980744101,0,8167,12.9939,8142,2,0xa9c6288be3,0,3,0,25,77141,8167,12.9939,8142,25,77141
2433000,8192,91,71,20,4982783909,91,4982792101,0,8157,12.9915,8122,2,0x77b75380fc,1,2,0,35,77176,8157,12.9915,8122,35,77176
2434000,8192,91,71,20,4984831909,91,4984840101,0,8164,12.9932,8136,2,0xc5fd01491e,0,3,0,28,77204,8164,12.9932,8136,28,77204
2435000,8192,91,71,20,4986879909,91,4986888101,0,8161,12.9924,8130,2,0x8e10ecf619,0,3,0,31,77235,8161,12.9924,8130,31,77235
2436000,8192,91,71,20,4988927909,91,4988936101,0,8155,12.9910,8118,2,0xc87207bb46,0,2,0,37,77272,8155,12.9910,8118,37,77272
2437000,8192,91,71,20,4990975909,91,4990984101,0,8151,12.9900,8110,2,0xd1c695cebd,1,3,0,41,77313,8151,12.9900,8110,41,77313
2438000,8192,91,71,20,4993023909,91,4993032101,0,8157,12.9915,8122,2,0xffdaf9b7ee,1,3,0,35,77348,8157,12.9915,8122,35,77348
2439000,8192,91,71,20,4995071909,91,4995080101,0,8158,12.9916,8125,3,0x7182340cde,0,3,0,33,77381,8158,12.9916,8125,33,77381
2440000,8192,91,71,20,4997119909,91,4997128101,0,8155,12.9910,8118,2,0x9cce415f32,0,3,0,37,77418,8155,12.9910,8118,37,77418
2441000,8192,91,71,20,4999167909,91,4999176101,0,8164,12.9932,8136,2,0xe1a841f442,0,3,0,28,77446,8164,12.9932,8136,28,77446
2442000,8192,91,71,20,5001215909,91,5001224101,0,8152,12.9902,8112,2,0x5e0a65e06e,1,2,0,40,77486,8152,12.9902,8112,40,77486
2443000,8192,91,71,20,5003263909,91,5003272101,0,8162,12.9927,8132,2,0xb11ab6baa9,2,3,0,30,77516,8162,12.9927,8132,30,77516
2444000,8192,91,71,20,5005311909,91,5005320101,0,8163,12.9929,8134,2,0x187d9dc335,0,3,0,29,77545,8163,12.9929,8134,29,77545
2445000,8192,91,71,20,5007359909,91,5007368101,0,8154,12.9907,8116,2,0x069c22e71f,0,3,0,38,77583,8154,12.9907,8116,38,77583
2446000,8192,91,71,20,5009407909,91,5009416101,0,8156,12.9912,8120,2,0x5b2ca06b28,0,3,0,36,77619,8156,12.9912,8120,36,77619
2447000,8192,91,71,20,5011455909,91,5011464101,0,8161,12.9924,8130,2,0x92187d2b79,1,2,0,31,77650,8161,12.9924,8130,31,77650
2448000,8192,91,71,20,5013503909,91,5013512101,0,8167,12.9939,8142,2,0x1e238f2df5,0,3,0,25,77675,8167,12.9939,8142,25,77675
2449000,8192,91,71,20,5015551909,91,5015560101,0,8163,12.9929,8134,2,0x4a483c1e21,0,2,0,29,77704,8163,12.9929,8134,29,77704
2450000,8192,91,71,20,5017599909,91,5017608101,0,8165,12.9934,8138,2,0xf7900f4871,0,3,0,27,77731,8165,12.9934,8138,27,77731
2451000,8192,91,71,20,5019647909,91,5019656101,0,8151,12.9900,8110,2,0x66b19ceef3,1,3,0,41,77772,8151,12.9900,8110,41,77772
2452000,8192,91,71,20,5021695909,91,5021704101,0,8149,12.9895,8106,2,0x9edd794e51,0,3,0,43,77815,8149,12.9895,8106,43,77815
2453000,8192,91,71,20,5023743909,91,5023752101,0,8172,12.9951,8152,2,0x70f1c63a3a,0,3,0,20,77835,8172,12.9951,8152,20,77835
2454000,8192,91,71,20,5025791909,91,5025800101,0,8163,12.9929,8134,2,0x00fbb0fa0e,0,3,0,29,77864,8163,12.9929,8134,29,77864
2455000,8192,91,71,20,5027839909,91,5027848101,0,8157,12.9915,8122,2,0xf19f98a354,0,2,0,35,77899,8157,12.9915,8122,35,77899
2456000,8192,91,71,20,5029887909,91,5029896101,0,8159,12.9919,8126,2,0x8d8ef1096e,1,3,0,33,77932,8159,12.9919,8126,33,77932
2457000,8192,91,71,20,5031935909,91,5031944101,0,8163,12.9929,8134,2,0x8cfb0fe293,0,2,0,29,77961,8163,12.9929,8134,29,77961
2458000,8192,91,71,20,5033983909,91,5033992101,0,8153,12.9905,8114,2,0x6d7e1637d6,0,2,0,39,78000,8153,12.9905,8114,39,78000
2459000,8192,91,71,20,5036031909,91,5036040101,0,8162,12.9927,8132,2,0x7f85c64f9f,0,2,0,30,78030,8162,12.9927,8132,30,78030
2460000,8192,91,71,20,5038079909,91,5038088101,0,8158,12.9917,8124,2,0x12aa9fc043,0,2,0,34,78064,8158,12.9917,8124,34,78064
2461000,8192,91,71,20,5040127909,91,5040136101,0,8167,12.9939,8142,2,0x2f6b913762,1,3,0,25,78089,8167,12.9939,8142,25,78089
2462000,8192,91,71,20,5042175909,91,5042184101,0,8163,12.9929,8134,2,0x9b02004051,0,3,0,29,78118,8163,12.9929,8134,29,78118
2463000,8192,91,71,20,5044223909,91,5044232101,0,8156,12.9912,8120,2,0xc948502c65,0,2,0,36,78154,8156,12.9912,8120,36,78154
2464000,8192,91,71,20,5046271909,91,5046280101,0,8169,12.9944,8146,2,0x58df54998c,0,2,0,23,78177,8169,12.9944,8146,23,78177
2465000,8192,91,71,20,5048319909,91,5048328101,0,8161,12.9924,8130,2,0x9012878081,0,2,0,31,78208,8161,12.9924,8130,31,78208
2466000,8192,91,71,20,5050367909,91,5050376101,0,8166,12.9937,8140,2,0x1e18e9ef54,1,3,0,26,78234,8166,12.9937,8140,26,78234
2467000,8192,91,71,20,5052415909,91,5052424101,0,8168,12.9941,8144,2,0x428cae5c7c,0,2,0,24,78258,8168,12.9941,8144,24,78258
2468000,8192,91,71,20,5054463909,91,5054472101,0,8153,12.9905,8114,2,0x6766be8907,0,2,0,39,78297,8153,12.9905,8114,39,78297
2469000,8192,91,71,20,5056511909,91,5056520101,0,8168,12.9941,8144,2,0xcea5da13bc,1,3,0,24,78321,8168,12.9941,8144,24,78321
2470000,8192,91,71,20,5058559909,91,5058568101,0,8162,12.9927,8132,2,0xe9845d99e7,0,3,0,30,78351,8162,12.9927,8132,30,78351
2471000,8192,91,71,20,5060607909,91,5060616101,0,8156,12.9912,8120,2,0x392556f1d3,0,2,0,36,78387,8156,12.9912,8120,36,78387
2472000,8192,91,71,20,5062655909,91,5062664101,0,8158,12.9917,8124,2,0x2078b4f821,1,3,0,34,78421,8158,12.9917,8124,34,78421
2473000,8192,91,71,20,5064703909,91,5064712101,0,8168,12.9941,8144,2,0x265f89b76f,1,2,0,24,78445,8168,12.9941,8144,24,78445
2474000,8192,91,71,20,5066751909,91,5066760101,0,8172,12.9951,8152,2,0x22d9254f3d,1,2,0,20,78465,8172,12.9951,8152,20,78465
2475000,8192,91,71,20,5068799909,91,5068808101,0,8162,12.9927,8132,2,0xce98a2a3d7,2,3,0,30,78495,8162,12.9927,8132,30,78495
2476000,8192,91,71,20,5070847909,91,5070856101,0,8162,12.9927,8132,2,0x1ca6160157,0,3,0,30,78525,8162,12.9927,8132,30,78525
2477000,8192,91,71,20,5072895909,91,5072904101,0,8164,12.9932,8136,2,0x0617439f45,0,3,0,28,78553,8164,12.9932,8136,28,78553
2478000,8192,93,73,20,5074943907,93,5074952099,0,8161,12.9924,8130,2,0x7db3b6b7ff,1,3,0,31,78584,8161,12.9924,8130,31,78584
2479000,8192,93,73,20,5076991907,93,5077000099,0,8165,12.9934,8138,2,0xcb2a7e34fe,0,1,0,27,78611,8165,12.9934,8138,27,78611
2480000,8192,93,73,20,5079039907,93,5079048099,0,8160,12.9922,8128,2,0xecc6b9fa1b,1,2,0,32,78643,8160,12.9922,8128,32,78643
2481000,8192,93,73,20,5081087907,93,5081096099,0,8152,12.9902,8112,2,0x0c197e37c3,0,2,0,40,78683,8152,12.9902,8112,40,78683
2482000,8192,93,73,20,5083135907,93,5083144099,0,8161,12.9924,8130,2,0x6745e2e9aa,0,3,0,31,78714,8161,12.9924,8130,31,78714
2483000,8192,93,73,20,5085183907,93,5085192099,0,8167,12.9939,8142,2,0x2f90b8e211,1,3,0,25,78739,8167,12.9939,8142,25,78739
2484000,8192,93,73,20,5087231907,93,5087240099,0,8161,12.9924,8130,2,0xc3743ebb17,1,3,0,31,78770,8161,12.9924,8130,31,78770
2485000,8192,93,73,20,5089279907,93,5089288099,0,8166,12.9937,8140,2,0xb220144e34,1,3,0,26,78796,8166,12.9937,8140,26,78796
2486000,8192,93,73,20,5091327907,93,5091336099,0,8167,12.9939,8142,2,0x5d144aa8b3,1,3,0,25,78821,8167,12.9939,8142,25,78821
2487000,8192,93,73,20,5093375907,93,5093384099,0,8169,12.9944,8146,2,0xe21a1ed51a,0,2,0,23,78844,8169,12.9944,8146,23,78844
2488000,8192,93,73,20,5095423907,93,5095432099,0,8161,12.9924,8130,2,0xfa820d06d4,0,3,0,31,78875,8161,12.9924,8130,31,78875
2489000,8192,93,73,20,5097471907,93,5097480099,0,8160,12.9922,8128,2,0x417aef390b,1,2,0,32,78907,8160,12.9922,8128,32,78907
2490000,8192,93,73,20,5099519907,93,5099528099,0,8158,12.9917,8124,2,0x73843e1a1b,0,2,0,34,78941,8158,12.9917,8124,34,78941
2491000,8192,93,73,20,5101567907,93,5101576099,0,8163,12.9929,8134,2,0x6eeb59304f,0,3,0,29,78970,8163,12.9929,8134,29,78970
2492000,8192,93,73,20,5103615907,93,5103624099,0,8168,12.9941,8144,2,0xe84974db26,1,2,0,24,78994,8168,12.9941,8144,24,78994
2493000,8192,93,73,20,5105663907,93,5105672099,0,8165,12.9934,8138,2,0x341ba26c59,1,3,0,27,79021,8165,12.9934,8138,27,79021
2494000,8192,93,73,20,5107711907,93,5107720099,0,8154,12.9907,8116,2,0x7404de7b95,0,3,0,38,79059,8154,12.9907,8116,38,79059
2495000,8192,93,73,20,5109759907,93,5109768099,0,8153,12.9905,8114,2,0x3964433442,0,2,0,39,79098,8153,12.9905,8114,39,79098
2496000,8192,93,73,20,5111807907,93,5111816099,0,8161,12.9924,8130,2,0x4108401cad,0,3,0,31,79129,8161,12.9924,8130,31,79129
2497000,8192,93,73,20,5113855907,93,5113864099,0,8160,12.9922,8128,2,0xe57c691a59,0,3,0,32,79161,8160,12.9922,8128,32,79161
2498000,8192,93,73,20,5115903907,93,5115912099,0,8162,12.9927,8132,2,0x030a7f71ea,0,2,0,30,79191,8162,12.9927,8132,30,79191
2499000,8192,93,73,20,5117951907,93,5117960099,0,8167,12.9939,8142,2,0xa17bb66403,0,3,0,25,79216,8167,12.9939,8142,25,79216
2500000,8192,93,73,20,5119999907,93,5120008099,0,8165,12.9934,8138,2,0xe2e8f1f4f3,0,2,0,27,79243,8165,12.9934,8138,27,79243
2501000,8192,93,73,20,5122047907,93,5122056099,0,8158,12.9917,8124,2,0x326833ef7f,1,3,0,34,79277,8158,12.9917,8124,34,79277
2502000,8192,93,73,20,5124095907,93,5124104099,0,8167,12.9939,8142,2,0x9de6473def,0,3,0,25,79302,8167,12.9939,8142,25,79302
2503000,8192,93,73,20,5126143907,93,5126152099,0,8155,12.9910,8118,2,0xbb8d66ade3,0,3,0,37,79339,8155,12.9910,8118,37,79339
2504000,8192,93,73,20,5128191907,93,5128200099,0,8160,12.9922,8128,2,0x7c30b566b6,2,3,0,32,79371,8160,12.9922,8128,32,79371
2505000,8192,93,73,20,5130239907,93,5130248099,0,8163,12.9929,8134,2,0x646d14e120,0,3,0,29,79400,8163,12.9929,8134,29,79400
2506000,8192,93,73,20,5132287907,93,5132296099,0,8162,12.9927,8132,2,0x7bd57599b4,0,3,0,30,79430,8162,12.9927,8132,30,79430
2507000,8192,93,73,20,5134335907,93,5134344099,0,8160,12.9922,8128,2,0xbb18e83ea6,1,3,0,32,79462,8160,12.9922,8128,32,79462
2508000,8192,93,73,20,5136383907,93,5136392099,0,8159,12.9919,8126,2,0x74b395712e,0,1,0,33,79495,8159,12.9919,8126,33,79495
2509000,8192,93,73,20,5138431907,93,5138440099,0,8150,12.9897,8108,2,0xec611bd9f8,1,3,0,42,79537,8150,12.9897,8108,42,79537
2510000,8192,93,73,20,5140479907,93,5140488099,0,8162,12.9927,8132,2,0x57dc81c40b,1,3,0,30,79567,8162,12.9927,8132,30,79567
2511000,8192,93,73,20,5142527907,93,5142536099,0,8166,12.9937,8140,2,0x568e43fc30,0,3,0,26,79593,8166,12.9937,8140,26,79593
2512000,8192,93,73,20,5144575907,93,5144584099,0,8159,12.9919,8126,2,0x066efcd55c,1,2,0,33,79626,8159,12.9919,8126,33,79626
2513000,8192,93,73,20,5146623907,93,5146632099,0,8166,12.9937,8140,2,0x2c25e02275,1,2,0,26,79652,8166,12.9937,8140,26,79652
2514000,8192,93,73,20,5148671907,93,5148680099,0,8168,12.9941,8144,2,0xbb9ddfbcc1,0,3,0,24,79676,8168,12.9941,8144,24,79676
2515000,8192,93,73,20,5150719907,93,5150728099,0,8163,12.9929,8134,2,0xa288baac8b,0,3,0,29,79705,8163,12.9929,8134,29,79705
2516000,8192,93,73,20,5152767907,93,5152776099,0,8160,12.9922,8128,2,0xb126e93f73,1,3,0,32,79737,8160,12.9922,8128,32,79737
2517000,8192,93,73,20,5154815907,93,5154824099,0,8153,12.9905,8114,2,0x67929d1553,2,3,0,39,79776,8153,12.9905,8114,39,79776
2518000,8192,93,73,20,5156863907,93,5156872099,0,8162,12.9927,8132,2,0x9c3b159a5e,1,3,0,30,79806,8162,12.9927,8132,30,79806
2519000,8192,93,73,20,5158911907,93,5158920099,0,8157,12.9915,8122,2,0x4ac5221414,0,2,0,35,79841,8157,12.9915,8122,35,79841
2520000,8192,93,73,20,5160959907,93,5160968099,0,8168,12.9941,8144,2,0xec1abb403f,0,2,0,24,79865,8168,12.9941,8144,24,79865
2521000,8192,93,73,20,5163007907,93,5163016099,0,8163,12.9929,8134,2,0x0bb604f674,1,3,0,29,79894,8163,12.9929,8134,29,79894
2522000,8192,93,73,20,5165055907,93,5165064099,0,8154,12.9907,8116,2,0xdc06be90f7,1,3,0,38,79932,8154,12.9907,8116,38,79932
2523000,8192,93,73,20,5167103907,93,5167112099,0,8159,12.9919,8126,2,0x2863effda5,0,3,0,33,79965,8159,12.9919,8126,33,79965
2524000,8192,93,73,20,5169151907,93,5169160099,0,8162,12.9927,8132,2,0xe773b4ef04,0,3,0,30,79995,8162,12.9927,8132,30,79995
2525000,8192,93,73,20,5171199907,93,5171208099,0,8154,12.9907,8116,2,0x2489a51db2,1,3,0,38,80033,8154,12.9907,8116,38,80033
2526000,8192,93,73,20,5173247907,93,5173256099,0,8167,12.9939,8142,2,0x43df247b6c,0,3,0,25,80058,8167,12.9939,8142,25,80058
2527000,8192,93,73,20,5175295907,93,5175304099,0,8160,12.9922,8128,2,0x32fcf75ae6,1,3,0,32,80090,8160,12.9922,8128,32,80090
2528000,8192,93,73,20,5177343907,93,5177352099,0,8158,12.9916,8125,3,0x5ee8390ace,0,2,0,33,80123,8158,12.9916,8125,33,80123
2529000,8192,93,73,20,5179391907,93,5179400099,0,8161,12.9924,8130,2,0x1d3e33f238,0,3,0,31,80154,8161,12.9924,8130,31,80154
2530000,8192,93,73,20,5181439907,93,5181448099,0,8162,12.9927,8132,2,0x89eae7e4d5,1,2,0,30,80184,8162,12.9927,8132,30,80184
2531000,8192,93,73,20,5183487907,93,5183496099,0,8170,12.9946,8148,2,0x329157bfa2,1,3,0,22,80206,8170,12.9946,8148,22,80206
2532000,8192,93,73,20,5185535907,93,5185544099,0,8163,12.9929,8134,2,0x03269ded4f,1,3,0,29,80235,8163,12.9929,8134,29,80235
2533000,8192,93,73,20,5187583907,93,5187592099,0,8157,12.9914,8123,3,0x4a60b312a9,0,3,0,34,80269,8157,12.9914,8123,34,80269
2534000,8192,93,73,20,5189631907,93,5189640099,0,8162,12.9927,8132,2,0xa37a88a124,0,3,0,30,80299,8162,12.9927,8132,30,80299
2535000,8192,93,73,20,5191679907,93,5191688099,0,8161,12.9924,8130,2,0x7fbea54775,0,3,0,31,80330,8161,12.9924,8130,31,80330
2536000,8192,93,73,20,5193727907,93,5193736099,0,8159,12.9919,8126,2,0x74f8c17fbd,0,3,0,33,80363,8159,12.9919,8126,33,80363
2537000,8192,93,73,20,5195775907,93,5195784099,0,8160,12.9922,8128,2,0x0d6e76069d,1,3,0,32,80395,8160,12.9922,8128,32,80395
2538000,8192,93,73,20,5197823907,93,5197832099,0,8165,12.9934,8138,2,0xeed366d4c0,0,3,0,27,80422,8165,12.9934,8138,27,80422
2539000,8192,93,73,20,5199871907,93,5199880099,0,8154,12.9907,8116,2,0x4fad512a3a,0,3,0,38,80460,8154,12.9907,8116,38,80460
2540000,8192,93,73,20,5201919907,93,5201928099,0,8166,12.9937,8140,2,0x3fe8084ce5,0,3,0,26,80486,8166,12.9937,8140,26,80486
2541000,8192,93,73,20,5203967907,93,5203976099,0,8154,12.9907,8116,2,0x9b85ad9116,1,3,0,38,80524,8154,12.9907,8116,38,80524
2542000,8192,93,73,20,5206015907,93,5206024099,0,8159,12.9919,8127,3,0x53feefbb71,1,3,0,32,80556,8159,12.9919,8127,32,80556
2543000,8192,93,73,20,5208063907,93,5208072099,0,8156,12.9912,8120,2,0xac57a264ec,0,3,0,36,80592,8156,12.9912,8120,36,80592
2544000,8192,93,73,20,5210111907,93,5210120099,0,8160,12.9922,8128,2,0xf10f5bcb6d,1,2,0,32,80624,8160,12.9922,8128,32,80624
2545000,8192,93,73,20,5212159907,93,5212168099,0,8159,12.9919,8126,2,0x8efd4cb4b5,1,3,0,33,80657,8159,12.9919,8126,33,80657
2546000,8192,93,73,20,5214207907,93,5214216099,0,8165,12.9934,8138,2,0x62b4007a8e,2,3,0,27,80684,8165,12.9934,8138,27,80684
2547000,8192,93,73,20,5216255907,93,5216264099,0,8156,12.9912,8120,2,0x7e0113e516,0,3,0,36,80720,8156,12.9912,8120,36,80720
2548000,8192,93,73,20,5218303907,93,5218312099,0,8164,12.9932,8136,2,0x20e61dc85c,0,3,0,28,80748,8164,12.9932,8136,28,80748
2549000,8192,93,73,20,5220351907,93,5220360099,0,8154,12.9907,8116,2,0xde5db4d4f0,1,3,0,38,80786,8154,12.9907,8116,38,80786
2550000,8192,93,73,20,5222399907,93,5222408099,0,8164,12.9932,8136,2,0x3179608f1e,0,3,0,28,80814,8164,12.9932,8136,28,80814
2551000,8192,93,73,20,5224447907,93,5224456099,0,8150,12.9897,8109,3,0x538040f48b,0,3,0,41,80855,8150,12.9897,8109,41,80855
2552000,8192,93,73,20,5226495907,93,5226504099,0,8161,12.9924,8130,2,0x651e849730,0,2,0,31,80886,8161,12.9924,8130,31,80886
2553000,8192,93,73,20,5228543907,93,5228552099,0,8157,12.9915,8122,2,0x3d40f1c4f0,0,3,0,35,80921,8157,12.9915,8122,35,80921
2554000,8192,93,73,20,5230591907,93,5230600099,0,8169,12.9944,8146,2,0xfb6fa5a53a,0,3,0,23,80944,8169,12.9944,8146,23,80944
2555000,8192,93,73,20,5232639907,93,5232648099,0,8147,12.9890,8102,2,0xf88c73e712,0,2,0,45,80989,8147,12.9890,8102,45,80989
2556000,8192,93,73,20,5234687907,93,5234696099,0,8163,12.9929,8134,2,0x717d9d967e,1,3,0,29,81018,8163,12.9929,8134,29,81018
2557000,8192,93,73,20,5236735907,93,5236744099,0,8161,12.9923,8131,3,0x714b4487ee,0,3,0,30,81048,8161,12.9923,8131,30,81048
2558000,8192,93,73,20,5238783907,93,5238792099,0,8157,12.9914,8123,3,0xa3e31dcf29,0,3,0,34,81082,8157,12.9914,8123,34,81082
2559000,8192,93,73,20,5240831907,93,5240840099,0,8163,12.9929,8134,2,0x2d6c45d04f,0,3,0,29,81111,8163,12.9929,8134,29,81111
2560000,8192,93,73,20,5242879907,93,5242888099,0,8164,12.9932,8136,2,0xb2baa671a5,1,3,0,28,81139,8164,12.9932,8136,28,81139
2561000,8192,93,73,20,5244927907,93,5244936099,0,8156,12.9912,8120,2,0xee636b7183,1,2,0,36,81175,8156,12.9912,8120,36,81175
2562000,8192,93,73,20,5246975907,93,5246984099,0,8155,12.9909,8119,3,0x1b14744941,0,2,0,36,81211,8155,12.9909,8119,36,81211
2563000,8192,93,73,20,5249023907,93,5249032099,0,8157,12.9915,8122,2,0x46400b26e4,1,3,0,35,81246,8157,12.9915,8122,35,81246
2564000,8192,93,73,20,5251071907,93,5251080099,0,8150,12.9897,8108,2,0x159800087c,0,2,0,42,81288,8150,12.9897,8108,42,81288
2565000,8192,93,73,20,5253119907,93,5253128099,0,8161,12.9924,8130,2,0x7f18684a65,0,2,0,31,81319,8161,12.9924,8130,31,81319
2566000,8192,93,73,20,5255167907,93,5255176099,0,8147,12.9890,8102,2,0x259b1d64be,1,2,0,45,81364,8147,12.9890,8102,45,81364
2567000,8192,93,73,20,5257215907,93,5257224099,0,8153,12.9905,8114,2,0xfb7622ff42,0,2,0,39,81403,8153,12.9905,8114,39,81403
2568000,8192,93,73,20,5259263907,93,5259272099,0,8154,12.9907,8116,2,0xb8fa1012c6,1,1,0,38,81441,8154,12.9907,8116,38,81441
2569000,8192,93,73,20,5261311907,93,5261320099,0,8157,12.9915,8122,2,0x9e78d7f6e9,0,2,0,35,81476,8157,12.9915,8122,35,81476
2570000,8192,93,73,20,5263359907,93,5263368099,0,8156,12.9912,8120,2,0x389b9a870c,0,3,0,36,81512,8156,12.9912,8120,36,81512
2571000,8192,93,73,20,5265407907,93,5265416099,0,8160,12.9922,8128,2,0xb341075e9b,0,1,0,32,81544,8160,12.9922,8128,32,81544
2572000,8192,93,73,20,5267455907,93,5267464099,0,8154,12.9907,8116,2,0x7612851cd7,0,2,0,38,81582,8154,12.9907,8116,38,81582
2573000,8192,93,73,20,5269503907,93,5269512099,0,8165,12.9934,8138,2,0xc1476ec110,0,3,0,27,81609,8165,12.9934,8138,27,81609
2574000,8192,93,73,20,5271551907,93,5271560099,0,8156,12.9912,8120,2,0xdd8dd4afe5,0,1,0,36,81645,8156,12.9912,8120,36,81645
2575000,8192,93,73,20,5273599907,93,5273608099,0,8149,12.9895,8106,2,0x7207c833b3,0,3,0,43,81688,8149,12.9895,8106,43,81688
2576000,8192,93,73,20,5275647907,93,5275656099,0,8163,12.9929,8134,2,0x05624291c1,0,2,0,29,81717,8163,12.9929,8134,29,81717
2577000,8192,93,73,20,5277695907,93,5277704099,0,8154,12.9907,8116,2,0xba803ca4e3,0,2,0,38,81755,8154,12.9907,8116,38,81755
2578000,8192,93,73,20,5279743907,93,5279752099,0,8165,12.9934,8138,2,0xcdf63c5034,0,3,0,27,81782,8165,12.9934,8138,27,81782
2579000,8192,93,73,20,5281791907,93,5281800099,0,8157,12.9915,8122,2,0x9ec026efef,1,2,0,35,81817,8157,12.9915,8122,35,81817
2580000,8192,93,73,20,5283839907,93,5283848099,0,8167,12.9939,8142,2,0x911467cd09,0,2,0,25,81842,8167,12.9939,8142,25,81842
2581000,8192,93,73,20,5285887907,93,5285896099,0,8152,12.9901,8113,3,0x6fcadc0552,0,3,0,39,81881,8152,12.9901,8113,39,81881
2582000,8192,93,73,20,5287935907,93,5287944099,0,8152,12.9901,8113,3,0xce02be36c5,0,2,0,39,81920,8152,12.9901,8113,39,81920
2583000,8192,93,73,20,5289983907,93,5289992099,0,8164,12.9932,8136,2,0x5de32d3316,0,2,0,28,81948,8164,12.9932,8136,28,81948
2584000,8192,93,73,20,5292031907,93,5292040099,0,8157,12.9915,8122,2,0x1a379d723c,0,2,0,35,81983,8157,12.9915,8122,35,81983
2585000,8192,93,73,20,5294079907,93,5294088099,0,8157,12.9915,8122,2,0xef969bc130,1,2,0,35,82018,8157,12.9915,8122,35,82018
2586000,8192,93,73,20,5296127907,93,5296136099,0,8162,12.9927,8132,2,0xc19053fe55,0,1,0,30,82048,8162,12.9927,8132,30,82048
2587000,8192,93,73,20,5298175907,93,5298184099,0,8162,12.9927,8132,2,0xe860ea5706,0,3,0,30,82078,8162,12.9927,8132,30,82078
2588000,8192,93,73,20,5300223907,93,5300232099,0,8155,12.9910,8118,2,0x6691b261f5,1,3,0,37,82115,8155,12.9910,8118,37,82115
2589000,8192,93,73,20,5302271907,93,5302280099,0,8152,12.9902,8112,2,0x29b4434bc1,0,2,0,40,82155,8152,12.9902,8112,40,82155
2590000,8192,93,73,20,5304319907,93,5304328099,0,8153,12.9905,8114,2,0x94a16dcb0d,1,2,0,39,82194,8153,12.9905,8114,39,82194
2591000,8192,93,73,20,5306367907,93,5306376099,0,8161,12.9924,8130,2,0x79edc80039,0,3,0,31,82225,8161,12.9924,8130,31,82225
2592000,8192,93,73,20,5308415907,93,5308424099,0,8166,12.9937,8140,2,0xd6e692556e,0,3,0,26,82251,8166,12.9937,8140,26,82251
2593000,8192,93,73,20,5310463907,93,5310472099,0,8162,12.9927,8132,2,0xceef58c1d4,0,2,0,30,82281,8162,12.9927,8132,30,82281
2594000,8192,93,73,20,5312511907,93,5312520099,0,8156,12.9911,8121,3,0x4459d108f8,0,3,0,35,82316,8156,12.9911,8121,35,82316
2595000,8192,93,73,20,5314559907,93,5314568099,0,8162,12.9927,8132,2,0x5643169b9d,0,3,0,30,82346,8162,12.9927,8132,30,82346
2596000,8192,93,73,20,5316607907,93,5316616099,0,8160,12.9922,8128,2,0xed7de7b95f,2,3,0,32,82378,8160,12.9922,8128,32,82378
2597000,8192,93,73,20,5318655907,93,5318664099,0,8159,12.9919,8126,2,0xaa8a3b46f5,0,3,0,33,82411,8159,12.9919,8126,33,82411
2598000,8192,93,73,20,5320703907,93,5320712099,0,8155,12.9910,8118,2,0x0e5e737afd,0,2,0,37,82448,8155,12.9910,8118,37,82448
2599000,8192,93,73,20,5322751907,93,5322760099,0,8164,12.9932,8136,2,0x04015ef297,0,3,0,28,82476,8164,12.9932,8136,28,82476
2600000,8192,93,73,20,5324799907,93,5324808099,0,8158,12.9917,8124,2,0x3e5e7bef8f,0,3,0,34,82510,8158,12.9917,8124,34,82510
2601000,8192,93,73,20,5326847907,93,5326856099,0,8153,12.9905,8114,2,0x9ed6ceecc0,0,2,0,39,82549,8153,12.9905,8114,39,82549
2602000,8192,93,73,20,5328895907,93,5328904099,0,8159,12.9919,8126,2,0x8367972f4b,1,2,0,33,82582,8159,12.9919,8126,33,82582
2603000,8192,93,73,20,5330943907,93,5330952099,0,8165,12.9934,8138,2,0xdaa6369fc5,0,2,0,27,82609,8165,12.9934,8138,27,82609
2604000,8192,93,73,20,5332991907,93,5333000099,0,8168,12.9941,8144,2,0xd804ac266a,1,3,0,24,82633,8168,12.9941,8144,24,82633
2605000,8192,93,73,20,5335039907,93,5335048099,0,8147,12.9889,8103,3,0x30fc1dc6ff,0,3,0,44,82677,8147,12.9889,8103,44,82677
2606000,8192,93,73,20,5337087907,93,5337096099,0,8163,12.9929,8134,2,0x7112215ce5,1,3,0,29,82706,8163,12.9929,8134,29,82706
2607000,8192,93,73,20,5339135907,93,5339144099,0,8153,12.9904,8115,3,0xb1082e018d,0,2,0,38,82744,8153,12.9904,8115,38,82744
2608000,8192,93,73,20,5341183907,93,5341192099,0,8164,12.9932,8136,2,0x44523908d1,1,2,0,28,82772,8164,12.9932,8136,28,82772
2609000,8192,93,73,20,5343231907,93,5343240099,0,8167,12.9939,8142,2,0xd4f942f1ab,0,2,0,25,82797,8167,12.9939,8142,25,82797
2610000,8192,93,73,20,5345279907,93,5345288099,0,8155,12.9910,8118,2,0x56b172d87d,1,3,0,37,82834,8155,12.9910,8118,37,82834
2611000,8192,93,73,20,5347327907,93,5347336099,0,8167,12.9939,8142,2,0x1c9a797264,0,3,0,25,82859,8167,12.9939,8142,25,82859
2612000,8192,93,73,20,5349375907,93,5349384099,0,8159,12.9919,8126,2,0x51c79f8333,0,3,0,33,82892,8159,12.9919,8126,33,82892
2613000,8192,93,73,20,5351423907,93,5351432099,0,8165,12.9934,8138,2,0xb170502abf,0,2,0,27,82919,8165,12.9934,8138,27,82919
2614000,8192,93,73,20,5353471907,93,5353480099,0,8163,12.9929,8134,2,0x0e881b0bbb,0,3,0,29,82948,8163,12.9929,8134,29,82948
2615000,8192,93,73,20,5355519907,93,5355528099,0,8161,12.9924,8130,2,0xed579ae81a,2,3,0,31,82979,8161,12.9924,8130,31,82979
2616000,8192,93,73,20,5357567907,93,5357576099,0,8161,12.9924,8130,2,0x1ef86360a4,1,3,0,31,83010,8161,12.9924,8130,31,83010
2617000,8192,93,73,20,5359615907,93,5359624099,0,8157,12.9914,8123,3,0xbfde044edb,0,2,0,34,83044,8157,12.9914,8123,34,83044
2618000,8192,93,73,20,5361663907,93,5361672099,0,8162,12.9926,8133,3,0xd630e47c50,0,3,0,29,83073,8162,12.9926,8133,29,83073
2619000,8192,93,73,20,5363711907,93,5363720099,0,8159,12.9919,8126,2,0x729550ea1e,0,3,0,33,83106,8159,12.9919,8126,33,83106
2620000,8192,93,73,20,5365759907,93,5365768099,0,8159,12.9919,8126,2,0xd51d83678a,0,2,0,33,83139,8159,12.9919,8126,33,83139
2621000,8192,93,73,20,5367807907,93,5367816099,0,8152,12.9902,8112,2,0x19e0261eb6,1,3,0,40,83179,8152,12.9902,8112,40,83179
2622000,8192,93,73,20,5369855907,93,5369864099,0,8161,12.9924,8130,2,0xa3fbbb2f29,0,3,0,31,83210,8161,12.9924,8130,31,83210
2623000,8192,93,73,20,5371903907,93,5371912099,0,8161,12.9924,8130,2,0xd8efaf9234,0,3,0,31,83241,8161,12.9924,8130,31,83241
2624000,8192,93,73,20,5373951907,93,5373960099,0,8155,12.9908,8120,3,0x188bcbb5e2,0,2,0,35,83276,8155,12.9908,8120,35,83276
2625000,8192,93,73,20,5375999907,93,5376008099,0,8165,12.9934,8138,2,0xc6acb3a6de,0,3,0,27,83303,8165,12.9934,8138,27,83303
2626000,8192,93,73,20,5378047907,93,5378056099,0,8155,12.9910,8118,2,0x34feb880f8,0,3,0,37,83340,8155,12.9910,8118,37,83340
2627000,8192,93,73,20,5380095907,93,5380104099,0,8158,12.9917,8124,2,0xe9382e4109,0,3,0,34,83374,8158,12.9917,8124,34,83374
2628000,8192,93,73,20,5382143907,93,5382152099,0,8173,12.9954,8154,2,0xe407591313,0,3,0,19,83393,8173,12.9954,8154,19,83393
2629000,8192,93,73,20,5384191907,93,5384200099,0,8169,12.9944,8146,2,0x38be7ba1f2,0,3,0,23,83416,8169,12.9944,8146,23,83416
2630000,8192,93,73,20,5386239907,93,5386248099,0,8161,12.9923,8131,3,0xbd97ec6d8e,0,2,0,30,83446,8161,12.9923,8131,30,83446
2631000,8192,93,73,20,5388287907,93,5388296099,0,8170,12.9946,8148,2,0x78d62040dc,0,3,0,22,83468,8170,12.9946,8148,22,83468
2632000,8192,93,73,20,5390335907,93,5390344099,0,8160,12.9922,8128,2,0x682c386600,0,3,0,32,83500,8160,12.9922,8128,32,83500
2633000,8192,93,73,20,5392383907,93,5392392099,0,8157,12.9915,8122,2,0x5847f797c9,1,3,0,35,83535,8157,12.9915,8122,35,83535
2634000,8192,93,73,20,5394431907,93,5394440099,0,8162,12.9927,8132,2,0xc503c5802d,0,2,0,30,83565,8162,12.9927,8132,30,83565
2635000,8192,93,73,20,5396479907,93,5396488099,0,8167,12.9939,8142,2,0x83eb719d70,0,3,0,25,83590,8167,12.9939,8142,25,83590
2636000,8192,93,73,20,5398527907,93,5398536099,0,8156,12.9911,8121,3,0xc047db58c5,0,3,0,35,83625,8156,12.9911,8121,35,83625
2637000,8192,93,73,20,5400575907,93,5400584099,0,8153,12.9905,8114,2,0x1f0e90ec1c,0,3,0,39,83664,8153,12.9905,8114,39,83664
2638000,8192,93,73,20,5402623907,93,5402632099,0,8160,12.9922,8128,2,0xc0cc198c75,0,2,0,32,83696,8160,12.9922,8128,32,83696
2639000,8192,93,73,20,5404671907,93,5404680099,0,8163,12.9929,8134,2,0x03667b5335,0,3,0,29,83725,8163,12.9929,8134,29,83725
2640000,8192,93,73,20,5406719907,93,5406728099,0,8158,12.9916,8125,3,0xe3ef4bde7b,1,3,0,33,83758,8158,12.9916,8125,33,83758
2641000,8192,93,73,20,5408767907,93,5408776099,0,8162,12.9927,8132,2,0xeb3db90687,0,3,0,30,83788,8162,12.9927,8132,30,83788
2642000,8192,93,73,20,5410815907,93,5410824099,0,8162,12.9927,8132,2,0x524b5a6f89,1,1,0,30,83818,8162,12.9927,8132,30,83818
2643000,8192,93,73,20,5412863907,93,5412872099,0,8144,12.9882,8097,3,0x67bdb3ffc2,0,2,0,47,83865,8144,12.9882,8097,47,83865
2644000,8192,93,73,20,5414911907,93,5414920099,0,8156,12.9912,8120,2,0x96bc85d623,0,3,0,36,83901,8156,12.9912,8120,36,83901
2645000,8192,93,73,20,5416959907,93,5416968099,0,8156,12.9912,8120,2,0x6bef34e065,0,3,0,36,83937,8156,12.9912,8120,36,83937
2646000,8192,93,73,20,5419007907,93,5419016099,0,8161,12.9924,8130,2,0x8f14114a84,0,2,0,31,83968,8161,12.9924,8130,31,83968
2647000,8192,93,73,20,5421055907,93,5421064099,0,8165,12.9934,8138,2,0x1609d672c6,1,3,0,27,83995,8165,12.9934,8138,27,83995
2648000,8192,93,73,20,5423103907,93,5423112099,0,8155,12.9910,8118,2,0x589f165a72,0,3,0,37,84032,8155,12.9910,8118,37,84032
2649000,8192,93,73,20,5425151907,93,5425160099,0,8165,12.9934,8138,2,0x1528efbe95,0,3,0,27,84059,8165,12.9934,8138,27,84059
2650000,8192,93,73,20,5427199907,93,5427208099,0,8165,12.9934,8138,2,0x922511de71,0,3,0,27,84086,8165,12.9934,8138,27,84086
2651000,8192,93,73,20,5429247907,93,5429256099,0,8170,12.9946,8148,2,0xfcbcdd31c7,0,3,0,22,84108,8170,12.9946,8148,22,84108
2652000,8192,93,73,20,5431295907,93,5431304099,0,8159,12.9919,8126,2,0xefbf0ef048,1,3,0,33,84141,8159,12.9919,8126,33,84141
2653000,8192,93,73,20,5433343907,93,5433352099,0,8165,12.9934,8138,2,0x06e23e6741,0,2,0,27,84168,8165,12.9934,8138,27,84168
2654000,8192,93,73,20,5435391907,93,5435400099,0,8158,12.9917,8124,2,0xe5ba31d676,1,3,0,34,84202,8158,12.9917,8124,34,84202
2655000,8192,93,73,20,5437439907,93,5437448099,0,8166,12.9937,8140,2,0x7e642367f8,0,3,0,26,84228,8166,12.9937,8140,26,84228
2656000,8192,93,73,20,5439487907,93,5439496099,0,8157,12.9915,8122,2,0x92b8313c78,0,3,0,35,84263,8157,12.9915,8122,35,84263
2657000,8192,93,73,20,5441535907,93,5441544099,0,8170,12.9946,8148,2,0x3035c3b82d,0,2,0,22,84285,8170,12.9946,8148,22,84285
2658000,8192,93,73,20,5443583907,93,5443592099,0,8166,12.9937,8140,2,0x4096c5c9b6,0,3,0,26,84311,8166,12.9937,8140,26,84311
2659000,8192,93,73,20,5445631907,93,5445640099,0,8160,12.9922,8128,2,0x900df1a741,0,3,0,32,84343,8160,12.9922,8128,32,84343
2660000,8192,93,73,20,5447679907,93,5447688099,0,8149,12.9895,8106,2,0xbcc26ccba9,0,3,0,43,84386,8149,12.9895,8106,43,84386
2661000,8192,93,73,20,5449727907,93,5449736099,0,8164,12.9932,8136,2,0x2f410dfff9,1,3,0,28,84414,8164,12.9932,8136,28,84414
2662000,8192,93,73,20,5451775907,93,5451784099,0,8155,12.9910,8118,2,0x79d098e3f3,1,2,0,37,84451,8155,12.9910,8118,37,84451
2663000,8192,93,73,20,5453823907,93,5453832099,0,8163,12.9929,8134,2,0xe95fd0458b,0,3,0,29,84480,8163,12.9929,8134,29,84480
2664000,8192,93,73,20,5455871907,93,5455880099,0,8156,12.9912,8120,2,0x4e861eaf60,0,3,0,36,84516,8156,12.9912,8120,36,84516
2665000,8192,93,73,20,5457919907,93,5457928099,0,8169,12.9944,8146,2,0xe6d5709440,1,3,0,23,84539,8169,12.9944,8146,23,84539
2666000,8192,93,73,20,5459967907,93,5459976099,0,8161,12.9924,8130,2,0x3a4de12a24,0,2,0,31,84570,8161,12.9924,8130,31,84570
2667000,8192,93,73,20,5462015907,93,5462024099,0,8155,12.9910,8118,2,0x6ede212bda,1,2,0,37,84607,8155,12.9910,8118,37,84607
2668000,8192,93,73,20,5464063907,93,5464072099,0,8163,12.9929,8134,2,0x1465458d29,0,3,0,29,84636,8163,12.9929,8134,29,84636
2669000,8192,93,73,20,5466111907,93,5466120099,0,8165,12.9934,8138,2,0x848f696408,0,2,0,27,84663,8165,12.9934,8138,27,84663
2670000,8192,93,73,20,5468159907,93,5468168099,0,8164,12.9932,8136,2,0xb7ed2223ea,1,3,0,28,84691,8164,12.9932,8136,28,84691
2671000,8192,93,73,20,5470207907,93,5470216099,0,8158,12.9917,8124,2,0xf45fb9846a,0,3,0,34,84725,8158,12.9917,8124,34,84725
2672000,8192,93,73,20,5472255907,93,5472264099,0,8166,12.9937,8140,2,0x6d9800b398,1,2,0,26,84751,8166,12.9937,8140,26,84751
2673000,8192,93,73,20,5474303907,93,5474312099,0,8161,12.9924,8130,2,0x580b3051ee,0,2,0,31,84782,8161,12.9924,8130,31,84782
2674000,8192,93,73,20,5476351907,93,5476360099,0,8154,12.9907,8116,2,0x2f389c9e00,0,3,0,38,84820,8154,12.9907,8116,38,84820
2675000,8192,93,73,20,5478399907,93,5478408099,0,8168,12.9941,8144,2,0x7db71fccc0,0,2,0,24,84844,8168,12.9941,8144,24,84844
2676000,8192,93,73,20,5480447907,93,5480456099,0,8169,12.9944,8146,2,0x71063b1204,0,2,0,23,84867,8169,12.9944,8146,23,84867
2677000,8192,93,73,20,5482495907,93,5482504099,0,8158,12.9917,8124,2,0xafac2dc199,0,3,0,34,84901,8158,12.9917,8124,34,84901
2678000,8192,93,73,20,5484543907,93,5484552099,0,8165,12.9934,8138,2,0x70dbdd0767,0,2,0,27,84928,8165,12.9934,8138,27,84928
2679000,8192,93,73,20,5486591907,93,5486600099,0,8154,12.9907,8116,2,0x33076c3cdb,0,2,0,38,84966,8154,12.9907,8116,38,84966
2680000,8192,93,73,20,5488639907,93,5488648099,0,8157,12.9915,8122,2,0xa954202537,0,1,0,35,85001,8157,12.9915,8122,35,85001
2681000,8192,93,73,20,5490687907,93,5490696099,0,8151,12.9900,8110,2,0x87b8ebb73c,0,2,0,41,85042,8151,12.9900,8110,41,85042
2682000,8192,93,73,20,5492735907,93,5492744099,0,8159,12.9919,8126,2,0x4cf9b36a64,0,3,0,33,85075,8159,12.9919,8126,33,85075
2683000,8192,93,73,20,5494783907,93,5494792099,0,8170,12.9945,8149,3,0x7d6c316999,0,2,0,21,85096,8170,12.9945,8149,21,85096
2684000,8192,93,73,20,5496831907,93,5496840099,0,8167,12.9939,8142,2,0xdfabf30443,0,2,0,25,85121,8167,12.9939,8142,25,85121
2685000,8192,93,73,20,5498879907,93,5498888099,0,8165,12.9934,8138,2,0x5abefdb7e8,0,2,0,27,85148,8165,12.9934,8138,27,85148
2686000,8192,93,73,20,5500927907,93,5500936099,0,8154,12.9907,8116,2,0xceff2fc264,1,3,0,38,85186,8154,12.9907,8116,38,85186
2687000,8192,93,73,20,5502975907,93,5502984099,0,8153,12.9905,8114,2,0xe751312d90,0,3,0,39,85225,8153,12.9905,8114,39,85225
2688000,8192,93,73,20,5505023907,93,5505032099,0,8152,12.9902,8112,2,0x6b40e5c16b,1,2,0,40,85265,8152,12.9902,8112,40,85265
2689000,8192,93,73,20,5507071907,93,5507080099,0,8172,12.9951,8152,2,0x802ba23c33,1,2,0,20,85285,8172,12.9951,8152,20,85285
2690000,8192,93,73,20,5509119907,93,5509128099,0,8153,12.9904,8115,3,0xfa721073ea,0,3,0,38,85323,8153,12.9904,8115,38,85323
2691000,8192,93,73,20,5511167907,93,5511176099,0,8169,12.9944,8146,2,0x5ec71519e3,1,3,0,23,85346,8169,12.9944,8146,23,85346
2692000,8192,93,73,20,5513215907,93,5513224099,0,8161,12.9924,8130,2,0xfb463d2afa,0,2,0,31,85377,8161,12.9924,8130,31,85377
2693000,8192,93,73,20,5515263907,93,5515272099,0,8169,12.9943,8147,3,0x523f454c7a,0,2,0,22,85399,8169,12.9943,8147,22,85399
2694000,8192,93,73,20,5517311907,93,5517320099,0,8152,12.9902,8112,2,0x4ca0b032ce,0,2,0,40,85439,8152,12.9902,8112,40,85439
2695000,8192,96,75,21,5519359904,96,5519368096,0,8153,12.9905,8114,2,0xefa8dc26f0,1,3,0,39,85478,8153,12.9905,8114,39,85478
2696000,8192,96,75,21,5521407904,96,5521416096,0,8171,12.9949,8150,2,0xb72f27e2fc,0,3,0,21,85499,8171,12.9949,8150,21,85499
2697000,8192,96,75,21,5523455904,96,5523464096,0,8157,12.9915,8122,2,0x4fdd3e31a8,1,2,0,35,85534,8157,12.9915,8122,35,85534
2698000,8192,96,75,21,5525503904,96,5525512096,0,8161,12.9924,8130,2,0x8f1574667a,0,3,0,31,85565,8161,12.9924,8130,31,85565
2699000,8192,96,75,21,5527551904,96,5527560096,0,8149,12.9895,8106,2,0x34f23966f0,1,3,0,43,85608,8149,12.9895,8106,43,85608
2700000,8192,96,75,21,5529599904,96,5529608096,0,8166,12.9937,8140,2,0x51fb69ce40,1,3,0,26,85634,8166,12.9937,8140,26,85634
2701000,8192,96,75,21,5531647904,96,5531656096,0,8157,12.9915,8122,2,0x0139c07607,0,3,0,35,85669,8157,12.9915,8122,35,85669
2702000,8192,96,75,21,5533695904,96,5533704096,0,8159,12.9919,8126,2,0xf86424b1a0,1,1,0,33,85702,8159,12.9919,8126,33,85702
2703000,8192,96,75,21,5535743904,96,5535752096,0,8155,12.9910,8118,2,0x9240ca509b,0,3,0,37,85739,8155,12.9910,8118,37,85739
2704000,8192,96,75,21,5537791904,96,5537800096,0,8158,12.9917,8124,2,0x7123f1bc35,0,3,0,34,85773,8158,12.9917,8124,34,85773
2705000,8192,96,75,21,5539839904,96,5539848096,0,8160,12.9922,8128,2,0x38639e9ae3,0,2,0,32,85805,8160,12.9922,8128,32,85805
2706000,8192,96,75,21,5541887904,96,5541896096,0,8156,12.9912,8120,2,0xa31cfc589b,0,1,0,36,85841,8156,12.9912,8120,36,85841
2707000,8192,96,75,21,5543935904,96,5543944096,0,8158,12.9917,8124,2,0xa93e0d68e4,0,3,0,34,85875,8158,12.9917,8124,34,85875
2708000,8192,96,75,21,5545983904,96,5545992096,0,8150,12.9897,8108,2,0x7e3a84a713,0,3,0,42,85917,8150,12.9897,8108,42,85917
2709000,8192,96,75,21,5548031904,96,5548040096,0,8160,12.9922,8128,2,0x7db406af72,1,2,0,32,85949,8160,12.9922,8128,32,85949
2710000,8192,96,75,21,5550079904,96,5550088096,0,8156,12.9912,8120,2,0x6adfe16ddc,0,2,0,36,85985,8156,12.9912,8120,36,85985
2711000,8192,96,75,21,5552127904,96,5552136096,0,8163,12.9929,8134,2,0xf9e79e1186,0,3,0,29,86014,8163,12.9929,8134,29,86014
2712000,8192,96,75,21,5554175904,96,5554184096,0,8166,12.9937,8140,2,0x5db50d1f90,0,2,0,26,86040,8166,12.9937,8140,26,86040
2713000,8192,96,75,21,5556223904,96,5556232096,0,8155,12.9910,8118,2,0x66bd499ed9,1,3,0,37,86077,8155,12.9910,8118,37,86077
2714000,8192,96,75,21,5558271904,96,5558280096,0,8167,12.9939,8142,2,0x5447da892e,1,2,0,25,86102,8167,12.9939,8142,25,86102
2715000,8192,96,75,21,5560319904,96,5560328096,0,8160,12.9922,8128,2,0xa21b5f25f6,1,3,0,32,86134,8160,12.9922,8128,32,86134
2716000,8192,96,75,21,5562367904,96,5562376096,0,8153,12.9905,8114,2,0x7a3c93dabe,1,3,0,39,86173,8153,12.9905,8114,39,86173
2717000,8192,96,75,21,5564415904,96,5564424096,0,8162,12.9927,8132,2,0x750c2fdaa4,0,3,0,30,86203,8162,12.9927,8132,30,86203
2718000,8192,96,75,21,5566463904,96,5566472096,0,8161,12.9924,8130,2,0x4e0d7ec63d,1,3,0,31,86234,8161,12.9924,8130,31,86234
2719000,8192,96,75,21,5568511904,96,5568520096,0,8159,12.9919,8126,2,0x5f7f64ab1e,0,2,0,33,86267,8159,12.9919,8126,33,86267
2720000,8192,97,76,21,5570559903,97,5570568095,0,8167,12.9939,8142,2,0x2d7bc7aeb7,1,3,0,25,86292,8167,12.9939,8142,25,86292
2721000,8192,97,76,21,5572607903,97,5572616095,0,8157,12.9915,8122,2,0xc71c1b0890,0,1,0,35,86327,8157,12.9915,8122,35,86327
2722000,8192,97,76,21,5574655903,97,5574664095,0,8163,12.9929,8134,2,0x3f6efbe16d,0,3,0,29,86356,8163,12.9929,8134,29,86356
2723000,8192,97,76,21,5576703903,97,5576712095,0,8161,12.9924,8130,2,0x41cc950025,1,2,0,31,86387,8161,12.9924,8130,31,86387
2724000,8192,97,76,21,5578751903,97,5578760095,0,8156,12.9912,8120,2,0xe14fca873a,0,3,0,36,86423,8156,12.9912,8120,36,86423
2725000,8192,97,76,21,5580799903,97,5580808095,0,8156,12.9912,8120,2,0x7e94b7adc1,0,3,0,36,86459,8156,12.9912,8120,36,86459
2726000,8192,97,76,21,5582847903,97,5582856095,0,8149,12.9894,8107,3,0x9c12ffae97,1,2,0,42,86501,8149,12.9894,8107,42,86501
2727000,8192,97,76,21,5584895903,97,5584904095,0,8167,12.9939,8142,2,0x9b0ab98bf5,0,3,0,25,86526,8167,12.9939,8142,25,86526
2728000,8192,97,76,21,5586943903,97,5586952095,0,8149,12.9895,8106,2,0x8d48c95123,0,3,0,43,86569,8149,12.9895,8106,43,86569
2729000,8192,97,76,21,5588991903,97,5589000095,0,8153,12.9905,8114,2,0x247849498e,0,2,0,39,86608,8153,12.9905,8114,39,86608
2730000,8192,98,77,21,5591039902,98,5591048094,0,8165,12.9934,8138,2,0x93a0cfba55,1,3,0,27,86635,8165,12.9934,8138,27,86635
2731000,8192,98,77,21,5593087902,98,5593096094,0,8168,12.9941,8144,2,0x0ad2fe428e,0,2,0,24,86659,8168,12.9941,8144,24,86659
2732000,8192,98,77,21,5595135902,98,5595144094,0,8155,12.9909,8119,3,0x0e36f952d9,0,3,0,36,86695,8155,12.9909,8119,36,86695
2733000,8192,98,77,21,5597183902,98,5597192094,0,8150,12.9897,8108,2,0x66e34c71d3,0,2,0,42,86737,8150,12.9897,8108,42,86737
2734000,8192,98,77,21,5599231902,98,5599240094,0,8147,12.9890,8102,2,0xccce9c685e,0,2,0,45,86782,8147,12.9890,8102,45,86782
2735000,8192,98,77,21,5601279902,98,5601288094,0,8155,12.9910,8118,2,0x29bf517856,0,3,0,37,86819,8155,12.9910,8118,37,86819
2736000,8192,98,77,21,5603327902,98,5603336094,0,8151,12.9900,8110,2,0xc4855b2869,1,3,0,41,86860,8151,12.9900,8110,41,86860
2737000,8192,98,77,21,5605375902,98,5605384094,0,8165,12.9934,8138,2,0xa9208d2c78,0,3,0,27,86887,8165,12.9934,8138,27,86887
2738000,8192,98,77,21,5607423902,98,5607432094,0,8158,12.9917,8124,2,0x094b8ae87c,0,3,0,34,86921,8158,12.9917,8124,34,86921
2739000,8192,98,77,21,5609471902,98,5609480094,0,8157,12.9915,8122,2,0xc0b53f1c04,0,3,0,35,86956,8157,12.9915,8122,35,86956
2740000,8192,98,77,21,5611519902,98,5611528094,0,8160,12.9922,8128,2,0x2d8ababd60,0,2,0,32,86988,8160,12.9922,8128,32,86988
2741000,8192,98,77,21,5613567902,98,5613576094,0,8160,12.9922,8128,2,0x0fb7a079b7,0,3,0,32,87020,8160,12.9922,8128,32,87020
2742000,8192,98,77,21,5615615902,98,5615624094,0,8166,12.9937,8140,2,0x4ecd25782f,0,3,0,26,87046,8166,12.9937,8140,26,87046
2743000,8192,98,77,21,5617663902,98,5617672094,0,8159,12.9919,8126,2,0x43503297bb,1,3,0,33,87079,8159,12.9919,8126,33,87079
2744000,8192,98,77,21,5619711902,98,5619720094,0,8152,12.9902,8112,2,0xd955be8f24,0,3,0,40,87119,8152,12.9902,8112,40,87119
2745000,8192,98,77,21,5621759902,98,5621768094,0,8162,12.9927,8132,2,0x8134d88aea,3,3,0,30,87149,8162,12.9927,8132,30,87149
2746000,8192,98,77,21,5623807902,98,5623816094,0,8165,12.9934,8138,2,0x4fa14fa45c,1,3,0,27,87176,8165,12.9934,8138,27,87176
2747000,8192,98,77,21,5625855902,98,5625864094,0,8169,12.9944,8146,2,0x4e4e295649,1,3,0,23,87199,8169,12.9944,8146,23,87199
2748000,8192,98,77,21,5627903902,98,5627912094,0,8160,12.9922,8128,2,0x8f1836cc0a,1,3,0,32,87231,8160,12.9922,8128,32,87231
2749000,8192,98,77,21,5629951902,98,5629960094,0,8162,12.9927,8132,2,0xb8e0007ac8,0,3,0,30,87261,8162,12.9927,8132,30,87261
2750000,8192,98,77,21,5631999902,98,5632008094,0,8163,12.9929,8134,2,0x99d6c1910b,0,3,0,29,87290,8163,12.9929,8134,29,87290
2751000,8192,98,77,21,5634047902,98,5634056094,0,8165,12.9934,8138,2,0x3545735c49,0,3,0,27,87317,8165,12.9934,8138,27,87317
2752000,8192,98,77,21,5636095902,98,5636104094,0,8157,12.9915,8122,2,0x6334d14926,0,3,0,35,87352,8157,12.9915,8122,35,87352
2753000,8192,98,77,21,5638143902,98,5638152094,0,8160,12.9922,8128,2,0x7d91059ab2,1,2,0,32,87384,8160,12.9922,8128,32,87384
2754000,8192,98,77,21,5640191902,98,5640200094,0,8158,12.9917,8124,2,0xe999575020,0,3,0,34,87418,8158,12.9917,8124,34,87418
2755000,8192,98,77,21,5642239902,98,5642248094,0,8157,12.9915,8122,2,0x52bfbf6d68,0,3,0,35,87453,8157,12.9915,8122,35,87453
2756000,8192,98,77,21,5644287902,98,5644296094,0,8167,12.9939,8142,2,0x215417b8bc,0,3,0,25,87478,8167,12.9939,8142,25,87478
2757000,8192,98,77,21,5646335902,98,5646344094,0,8155,12.9910,8118,2,0x9556593b62,0,3,0,37,87515,8155,12.9910,8118,37,87515
2758000,8192,98,77,21,5648383902,98,5648392094,0,8167,12.9939,8142,2,0xb3069e191d,0,3,0,25,87540,8167,12.9939,8142,25,87540
2759000,8192,98,77,21,5650431902,98,5650440094,0,8151,12.9900,8110,2,0x2dbc63eff2,0,3,0,41,87581,8151,12.9900,8110,41,87581
2760000,8192,98,77,21,5652479902,98,5652488094,0,8162,12.9927,8132,2,0x1c0004e40a,0,3,0,30,87611,8162,12.9927,8132,30,87611
2761000,8192,98,77,21,5654527902,98,5654536094,0,8154,12.9907,8116,2,0x911a530eae,0,2,0,38,87649,8154,12.9907,8116,38,87649
2762000,8192,100,79,21,5656575900,100,5656584092,0,8150,12.9897,8109,3,0x767212470c,0,2,0,41,87690,8150,12.9897,8109,41,87690
2763000,8192,100,79,21,5658623900,100,5658632092,0,8166,12.9937,8140,2,0xe5d1e7bf48,1,3,0,26,87716,8166,12.9937,8140,26,87716
2764000,8192,100,79,21,5660671900,100,5660680092,0,8157,12.9915,8122,2,0x78f4335d41,2,0,0,35,87751,8157,12.9915,8122,35,87751
2765000,8192,100,79,21,5662719900,100,5662728092,0,8165,12.9934,8138,2,0x48d1032ae9,0,2,0,27,87778,8165,12.9934,8138,27,87778
2766000,8192,101,80,21,5664767899,101,5664776091,0,8163,12.9929,8134,2,0x7d81c191a3,0,3,0,29,87807,8163,12.9929,8134,29,87807
2767000,8192,101,80,21,5666815899,101,5666824091,0,8160,12.9922,8128,2,0x17d6d4ac0b,1,3,0,32,87839,8160,12.9922,8128,32,87839
2768000,8192,101,80,21,5668863899,101,5668872091,0,8170,12.9946,8148,2,0x5167aeb66c,1,3,0,22,87861,8170,12.9946,8148,22,87861
2769000,8192,101,80,21,5670911899,101,5670920091,0,8166,12.9937,8140,2,0x69fdab6a5f,0,3,0,26,87887,8166,12.9937,8140,26,87887
2770000,8192,101,80,21,5672959899,101,5672968091,0,8156,12.9912,8120,2,0xdbdfb27a48,0,3,0,36,87923,8156,12.9912,8120,36,87923
2771000,8192,101,80,21,5675007899,101,5675016091,0,8152,12.9902,8112,2,0x95407c72e6,1,3,0,40,87963,8152,12.9902,8112,40,87963
2772000,8192,101,80,21,5677055899,101,5677064091,0,8161,12.9924,8130,2,0x8b3d3b6868,0,2,0,31,87994,8161,12.9924,8130,31,87994
2773000,8192,101,80,21,5679103899,101,5679112091,0,8155,12.9910,8118,2,0x45b9ea7a11,0,2,0,37,88031,8155,12.9910,8118,37,88031
2774000,8192,101,80,21,5681151899,101,5681160091,0,8156,12.9912,8120,2,0xfd21efd947,0,3,0,36,88067,8156,12.9912,8120,36,88067
2775000,8192,101,80,21,5683199899,101,5683208091,0,8156,12.9912,8120,2,0x13ea437b53,0,1,0,36,88103,8156,12.9912,8120,36,88103
2776000,8192,101,80,21,5685247899,101,5685256091,0,8168,12.9941,8144,2,0x11dc2f6fa6,1,3,0,24,88127,8168,12.9941,8144,24,88127
2777000,8192,101,80,21,5687295899,101,5687304091,0,8164,12.9932,8136,2,0xbed47d195d,1,3,0,28,88155,8164,12.9932,8136,28,88155
2778000,8192,101,80,21,5689343899,101,5689352091,0,8168,12.9941,8144,2,0x65bc7594bc,0,2,0,24,88179,8168,12.9941,8144,24,88179
2779000,8192,101,80,21,5691391899,101,5691400091,0,8158,12.9917,8124,2,0x908575518b,1,2,0,34,88213,8158,12.9917,8124,34,88213
2780000,8192,101,80,21,5693439899,101,5693448091,0,8153,12.9905,8114,2,0xe75aa4e473,0,2,0,39,88252,8153,12.9905,8114,39,88252
2781000,8192,101,80,21,5695487899,101,5695496091,0,8156,12.9912,8120,2,0xaaba99b902,1,3,0,36,88288,8156,12.9912,8120,36,88288
2782000,8192,101,80,21,5697535899,101,5697544091,0,8158,12.9917,8124,2,0x06c30d1509,0,3,0,34,88322,8158,12.9917,8124,34,88322
2783000,8192,101,80,21,5699583899,101,5699592091,0,8169,12.9944,8146,2,0xd7de878488,1,3,0,23,88345,8169,12.9944,8146,23,88345
2784000,8192,101,80,21,5701631899,101,5701640091,0,8154,12.9906,8117,3,0xdf6bfa145c,0,3,0,37,88382,8154,12.9906,8117,37,88382
2785000,8192,101,80,21,5703679899,101,5703688091,0,8157,12.9914,8123,3,0x92e53e82ee,0,3,0,34,88416,8157,12.9914,8123,34,88416
2786000,8192,101,80,21,5705727899,101,5705736091,0,8161,12.9924,8130,2,0xaf887febe7,0,2,0,31,88447,8161,12.9924,8130,31,88447
2787000,8192,101,80,21,5707775899,101,5707784091,0,8163,12.9929,8134,2,0xdf8b5210c1,1,3,0,29,88476,8163,12.9929,8134,29,88476
2788000,8192,101,80,21,5709823899,101,5709832091,0,8153,12.9905,8114,2,0xf8a50266bd,0,3,0,39,88515,8153,12.9905,8114,39,88515
2789000,8192,101,80,21,5711871899,101,5711880091,0,8160,12.9922,8128,2,0xb0c1e07226,0,3,0,32,88547,8160,12.9922,8128,32,88547
2790000,8192,101,80,21,5713919899,101,5713928091,0,8157,12.9915,8122,2,0x56b8e5f850,1,3,0,35,88582,8157,12.9915,8122,35,88582
2791000,8192,101,80,21,5715967899,101,5715976091,0,8170,12.9945,8149,3,0xfa04c624d4,1,2,0,21,88603,8170,12.9945,8149,21,88603
2792000,8192,101,80,21,5718015899,101,5718024091,0,8151,12.9900,8110,2,0xaf7ef462a0,0,3,0,41,88644,8151,12.9900,8110,41,88644
2793000,8192,101,80,21,5720063899,101,5720072091,0,8163,12.9929,8134,2,0xf2cd453c4a,0,3,0,29,88673,8163,12.9929,8134,29,88673
2794000,8192,101,80,21,5722111899,101,5722120091,0,8159,12.9919,8126,2,0x10924eaf4c,0,2,0,33,88706,8159,12.9919,8126,33,88706
2795000,8192,101,80,21,5724159899,101,5724168091,0,8162,12.9927,8132,2,0xe7bf0451f5,1,2,0,30,88736,8162,12.9927,8132,30,88736
2796000,8192,101,80,21,5726207899,101,5726216091,0,8149,12.9895,8106,2,0xd957d4dd94,0,1,0,43,88779,8149,12.9895,8106,43,88779
2797000,8192,101,80,21,5728255899,101,5728264091,0,8159,12.9919,8126,2,0x93cb0f2f48,0,2,0,33,88812,8159,12.9919,8126,33,88812
2798000,8192,101,80,21,5730303899,101,5730312091,0,8157,12.9915,8122,2,0xde95e66fa4,0,3,0,35,88847,8157,12.9915,8122,35,88847
2799000,8192,101,80,21,5732351899,101,5732360091,0,8155,12.9910,8118,2,0x2bfe75ffaf,1,2,0,37,88884,8155,12.9910,8118,37,88884
2800000,8192,101,80,21,5734399899,101,5734408091,0,8168,12.9940,8145,3,0x1498d4c330,0,3,0,23,88907,8168,12.9940,8145,23,88907
2801000,8192,101,80,21,5736447899,101,5736456091,0,8159,12.9919,8126,2,0x7185efe6c9,0,3,0,33,88940,8159,12.9919,8126,33,88940
2802000,8192,101,80,21,5738495899,101,5738504091,0,8162,12.9927,8132,2,0xe9c8acec09,1,3,0,30,88970,8162,12.9927,8132,30,88970
2803000,8192,101,80,21,5740543899,101,5740552091,0,8161,12.9924,8130,2,0xa9214ae016,0,3,0,31,89001,8161,12.9924,8130,31,89001
2804000,8192,101,80,21,5742591899,101,5742600091,0,8157,12.9915,8122,2,0x2fd3367c60,0,3,0,35,89036,8157,12.9915,8122,35,89036
2805000,8192,101,80,21,5744639899,101,5744648091,0,8160,12.9922,8128,2,0x18badafef4,0,3,0,32,89068,8160,12.9922,8128,32,89068
2806000,8192,101,80,21,5746687899,101,5746696091,0,8166,12.9937,8140,2,0x9b24e68266,0,2,0,26,89094,8166,12.9937,8140,26,89094
2807000,8192,101,80,21,5748735899,101,5748744091,0,8160,12.9922,8128,2,0x9bafb5c4a0,0,2,0,32,89126,8160,12.9922,8128,32,89126
2808000,8192,101,80,21,5750783899,101,5750792091,0,8169,12.9944,8146,2,0xe862b932dc,0,2,0,23,89149,8169,12.9944,8146,23,89149
2809000,8192,101,80,21,5752831899,101,5752840091,0,8160,12.9922,8128,2,0x701ab35cee,0,2,0,32,89181,8160,12.9922,8128,32,89181
2810000,8192,101,80,21,5754879899,101,5754888091,0,8159,12.9919,8126,2,0x9ff9d62726,0,3,0,33,89214,8159,12.9919,8126,33,89214
2811000,8192,101,80,21,5756927899,101,5756936091,0,8159,12.9919,8126,2,0xb9fae258b2,0,2,0,33,89247,8159,12.9919,8126,33,89247
2812000,8192,101,80,21,5758975899,101,5758984091,0,8171,12.9949,8150,2,0x9294778082,0,3,0,21,89268,8171,12.9949,8150,21,89268
2813000,8192,101,80,21,5761023899,101,5761032091,0,8151,12.9899,8111,3,0x19786869b1,0,2,0,40,89308,8151,12.9899,8111,40,89308
2814000,8192,101,80,21,5763071899,101,5763080091,0,8156,12.9912,8120,2,0x61d75e470c,0,3,0,36,89344,8156,12.9912,8120,36,89344
2815000,8192,101,80,21,5765119899,101,5765128091,0,8157,12.9915,8122,2,0xc3ec9c57f9,0,3,0,35,89379,8157,12.9915,8122,35,89379
2816000,8192,101,80,21,5767167899,101,5767176091,0,8152,12.9902,8112,2,0xcb8e462747,0,3,0,40,89419,8152,12.9902,8112,40,89419
2817000,8192,101,80,21,5769215899,101,5769224091,0,8154,12.9907,8116,2,0x29311672c8,1,3,0,38,89457,8154,12.9907,8116,38,89457
2818000,8192,101,80,21,5771263899,101,5771272091,0,8160,12.9922,8128,2,0xe6585e6e21,1,3,0,32,89489,8160,12.9922,8128,32,89489
2819000,8192,101,80,21,5773311899,101,5773320091,0,8171,12.9949,8150,2,0x8126b3cdf3,0,3,0,21,89510,8171,12.9949,8150,21,89510
2820000,8192,101,80,21,5775359899,101,5775368091,0,8166,12.9937,8140,2,0xae17bd2e7e,0,3,0,26,89536,8166,12.9937,8140,26,89536
2821000,8192,101,80,21,5777407899,101,5777416091,0,8154,12.9907,8116,2,0xc46e67d7ac,0,3,0,38,89574,8154,12.9907,8116,38,89574
2822000,8192,101,80,21,5779455899,101,5779464091,0,8165,12.9934,8138,2,0xf180223f48,0,2,0,27,89601,8165,12.9934,8138,27,89601
2823000,8192,101,80,21,5781503899,101,5781512091,0,8160,12.9922,8128,2,0x979bf19364,0,3,0,32,89633,8160,12.9922,8128,32,89633
2824000,8192,101,80,21,5783551899,101,5783560091,0,8159,12.9919,8126,2,0xa4072b39b3,1,3,0,33,89666,8159,12.9919,8126,33,89666
2825000,8192,101,80,21,5785599899,101,5785608091,0,8159,12.9919,8126,2,0x6ab4184ae1,1,3,0,33,89699,8159,12.9919,8126,33,89699
2826000,8192,101,80,21,5787647899,101,5787656091,0,8151,12.9900,8110,2,0xe7fcdd129e,0,3,0,41,89740,8151,12.9900,8110,41,89740
2827000,8192,101,80,21,5789695899,101,5789704091,0,8159,12.9919,8126,2,0xc06380a3fd,0,3,0,33,89773,8159,12.9919,8126,33,89773
2828000,8192,101,80,21,5791743899,101,5791752091,0,8160,12.9922,8128,2,0x391cb99784,2,3,0,32,89805,8160,12.9922,8128,32,89805
2829000,8192,101,80,21,5793791899,101,5793800091,0,8151,12.9900,8110,2,0x67aed96c16,0,3,0,41,89846,8151,12.9900,8110,41,89846
2830000,8192,101,80,21,5795839899,101,5795848091,0,8160,12.9922,8128,2,0x5f6c82bf7e,0,2,0,32,89878,8160,12.9922,8128,32,89878
2831000,8192,101,80,21,5797887899,101,5797896091,0,8168,12.9941,8144,2,0x749f3ac81c,0,3,0,24,89902,8168,12.9941,8144,24,89902
2832000,8192,101,80,21,5799935899,101,5799944091,0,8163,12.9929,8134,2,0x3117d7f002,0,3,0,29,89931,8163,12.9929,8134,29,89931
2833000,8192,101,80,21,5801983899,101,5801992091,0,8166,12.9937,8140,2,0x4252beb2df,0,3,0,26,89957,8166,12.9937,8140,26,89957
2834000,8192,101,80,21,5804031899,101,5804040091,0,8172,12.9951,8152,2,0x3c0eeef522,0,3,0,20,89977,8172,12.9951,8152,20,89977
2835000,8192,101,80,21,5806079899,101,5806088091,0,8160,12.9922,8128,2,0xa0eefc47d1,1,3,0,32,90009,8160,12.9922,8128,32,90009
2836000,8192,101,80,21,5808127899,101,5808136091,0,8164,12.9932,8136,2,0x0a621ddbbb,1,2,0,28,90037,8164,12.9932,8136,28,90037
2837000,8192,101,80,21,5810175899,101,5810184091,0,8162,12.9927,8132,2,0x2573c87ed1,0,3,0,30,90067,8162,12.9927,8132,30,90067
2838000,8192,101,80,21,5812223899,101,5812232091,0,8162,12.9927,8132,2,0xbfdcef6743,1,3,0,30,90097,8162,12.9927,8132,30,90097
2839000,8192,101,80,21,5814271899,101,5814280091,0,8164,12.9932,8136,2,0x84905fe80a,1,3,0,28,90125,8164,12.9932,8136,28,90125
2840000,8192,101,80,21,5816319899,101,5816328091,0,8158,12.9917,8124,2,0x4ee3ffb02c,1,3,0,34,90159,8158,12.9917,8124,34,90159
2841000,8192,101,80,21,5818367899,101,5818376091,0,8165,12.9934,8138,2,0xbd9a4a2093,1,3,0,27,90186,8165,12.9934,8138,27,90186
2842000,8192,101,80,21,5820415899,101,5820424091,0,8159,12.9919,8126,2,0x23ba452160,0,2,0,33,90219,8159,12.9919,8126,33,90219
2843000,8192,101,80,21,5822463899,101,5822472091,0,8159,12.9919,8126,2,0x16b9b2e448,0,3,0,33,90252,8159,12.9919,8126,33,90252
2844000,8192,101,80,21,5824511899,101,5824520091,0,8171,12.9949,8150,2,0xe9d4bb0d4c,0,3,0,21,90273,8171,12.9949,8150,21,90273
2845000,8192,101,80,21,5826559899,101,5826568091,0,8164,12.9932,8136,2,0xaf8ba1ae24,0,2,0,28,90301,8164,12.9932,8136,28,90301
2846000,8192,101,80,21,5828607899,101,5828616091,0,8168,12.9940,8145,3,0xac4de7c3db,0,3,0,23,90324,8168,12.9940,8145,23,90324
2847000,8192,101,80,21,5830655899,101,5830664091,0,8156,12.9912,8120,2,0xbf600c93ac,0,3,0,36,90360,8156,12.9912,8120,36,90360
2848000,8192,101,80,21,5832703899,101,5832712091,0,8169,12.9944,8146,2,0x4a93cf8d8a,0,3,0,23,90383,8169,12.9944,8146,23,90383
2849000,8192,101,80,21,5834751899,101,5834760091,0,8157,12.9915,8122,2,0xb940f412fb,0,2,0,35,90418,8157,12.9915,8122,35,90418
2850000,8192,101,80,21,5836799899,101,5836808091,0,8157,12.9915,8122,2,0xee192fd79f,1,3,0,35,90453,8157,12.9915,8122,35,90453
2851000,8192,101,80,21,5838847899,101,5838856091,0,8157,12.9915,8122,2,0xdb095709c5,1,3,0,35,90488,8157,12.9915,8122,35,90488
2852000,8192,101,80,21,5840895899,101,5840904091,0,8166,12.9937,8140,2,0x4aec3216dd,0,2,0,26,90514,8166,12.9937,8140,26,90514
2853000,8192,101,80,21,5842943899,101,5842952091,0,8165,12.9934,8138,2,0xd7450d4726,0,3,0,27,90541,8165,12.9934,8138,27,90541
2854000,8192,101,80,21,5844991899,101,5845000091,0,8154,12.9907,8116,2,0x5e818d71ba,0,3,0,38,90579,8154,12.9907,8116,38,90579
2855000,8192,101,80,21,5847039899,101,5847048091,0,8170,12.9946,8148,2,0xf307f3393e,0,2,0,22,90601,8170,12.9946,8148,22,90601
2856000,8192,101,80,21,5849087899,101,5849096091,0,8165,12.9934,8138,2,0x669103d16c,2,3,0,27,90628,8165,12.9934,8138,27,90628
2857000,8192,101,80,21,5851135899,101,5851144091,0,8144,12.9883,8096,2,0x2418dd1e1a,0,3,0,48,90676,8144,12.9883,8096,48,90676
2858000,8192,101,80,21,5853183899,101,5853192091,0,8152,12.9902,8112,2,0xce1651f67a,0,1,0,40,90716,8152,12.9902,8112,40,90716
2859000,8192,101,80,21,5855231899,101,5855240091,0,8145,12.9884,8099,3,0xeaa8bb625d,1,2,0,46,90762,8145,12.9884,8099,46,90762
2860000,8192,101,80,21,5857279899,101,5857288091,0,8162,12.9927,8132,2,0xe20a19e1d1,0,2,0,30,90792,8162,12.9927,8132,30,90792
2861000,8192,101,80,21,5859327899,101,5859336091,0,8152,12.9902,8112,2,0x6dbb0abcc9,0,2,0,40,90832,8152,12.9902,8112,40,90832
2862000,8192,101,80,21,5861375899,101,5861384091,0,8156,12.9912,8120,2,0xef95f50fe7,0,1,0,36,90868,8156,12.9912,8120,36,90868
2863000,8192,101,80,21,5863423899,101,5863432091,0,8152,12.9902,8112,2,0xfa9a181cdb,0,2,0,40,90908,8152,12.9902,8112,40,90908
2864000,8192,101,80,21,5865471899,101,5865480091,0,8164,12.9932,8136,2,0x631dc3e0f1,0,3,0,28,90936,8164,12.9932,8136,28,90936
2865000,8192,101,80,21,5867519899,101,5867528091,0,8165,12.9934,8138,2,0x7540265f60,0,2,0,27,90963,8165,12.9934,8138,27,90963
2866000,8192,101,80,21,5869567899,101,5869576091,0,8166,12.9937,8140,2,0x7b7527eb5d,0,3,0,26,90989,8166,12.9937,8140,26,90989
2867000,8192,101,80,21,5871615899,101,5871624091,0,8167,12.9939,8142,2,0x64d32dc922,0,3,0,25,91014,8167,12.9939,8142,25,91014
2868000,8192,101,80,21,5873663899,101,5873672091,0,8155,12.9910,8118,2,0xdd5d12c343,0,3,0,37,91051,8155,12.9910,8118,37,91051
2869000,8192,101,80,21,5875711899,101,5875720091,0,8176,12.9961,8160,2,0xcc4a75617c,0,2,0,16,91067,8176,12.9961,8160,16,91067
2870000,8192,101,80,21,5877759899,101,5877768091,0,8155,12.9910,8118,2,0x60809398a4,0,2,0,37,91104,8155,12.9910,8118,37,91104
2871000,8192,101,80,21,5879807899,101,5879816091,0,8158,12.9917,8124,2,0x8f8833ae02,0,3,0,34,91138,8158,12.9917,8124,34,91138
2872000,8192,101,80,21,5881855899,101,5881864091,0,8160,12.9922,8128,2,0xbab93bbb63,0,3,0,32,91170,8160,12.9922,8128,32,91170
2873000,8192,101,80,21,5883903899,101,5883912091,0,8160,12.9922,8128,2,0xbab056055e,1,2,0,32,91202,8160,12.9922,8128,32,91202
2874000,8192,101,80,21,5885951899,101,5885960091,0,8155,12.9910,8118,2,0x184a64ab48,0,3,0,37,91239,8155,12.9910,8118,37,91239
2875000,8192,101,80,21,5887999899,101,5888008091,0,8157,12.9915,8122,2,0x145c122b5e,0,2,0,35,91274,8157,12.9915,8122,35,91274
2876000,8192,101,80,21,5890047899,101,5890056091,0,8156,12.9912,8120,2,0x5a03e5a3d2,1,2,0,36,91310,8156,12.9912,8120,36,91310
2877000,8192,101,80,21,5892095899,101,5892104091,0,8160,12.9922,8128,2,0xc8bc0cb676,0,2,0,32,91342,8160,12.9922,8128,32,91342
2878000,8192,101,80,21,5894143899,101,5894152091,0,8155,12.9909,8119,3,0x8590d2e67f,1,2,0,36,91378,8155,12.9909,8119,36,91378
2879000,8192,101,80,21,5896191899,101,5896200091,0,8165,12.9934,8138,2,0xe2eed92b09,0,2,0,27,91405,8165,12.9934,8138,27,91405
2880000,8192,101,80,21,5898239899,101,5898248091,0,8167,12.9939,8142,2,0xe7dbe292ee,0,3,0,25,91430,8167,12.9939,8142,25,91430
2881000,8192,101,80,21,5900287899,101,5900296091,0,8162,12.9927,8132,2,0x739c995a30,0,2,0,30,91460,8162,12.9927,8132,30,91460
2882000,8192,101,80,21,5902335899,101,5902344091,0,8156,12.9912,8120,2,0x9a9f2f5957,0,1,0,36,91496,8156,12.9912,8120,36,91496
2883000,8192,101,80,21,5904383899,101,5904392091,0,8154,12.9907,8116,2,0x5710689e2d,2,3,0,38,91534,8154,12.9907,8116,38,91534
2884000,8192,101,80,21,5906431899,101,5906440091,0,8163,12.9929,8134,2,0xab328e686e,1,2,0,29,91563,8163,12.9929,8134,29,91563
2885000,8192,101,80,21,5908479899,101,5908488091,0,8158,12.9917,8124,2,0x76127dfbcb,0,3,0,34,91597,8158,12.9917,8124,34,91597
2886000,8192,101,80,21,5910527899,101,5910536091,0,8155,12.9910,8118,2,0x760678932a,0,2,0,37,91634,8155,12.9910,8118,37,91634
2887000,8192,101,80,21,5912575899,101,5912584091,0,8164,12.9932,8136,2,0x2c405c79df,0,1,0,28,91662,8164,12.9932,8136,28,91662
2888000,8192,101,80,21,5914623899,101,5914632091,0,8159,12.9919,8126,2,0x63e58ba2d5,0,2,0,33,91695,8159,12.9919,8126,33,91695
2889000,8192,101,80,21,5916671899,101,5916680091,0,8158,12.9916,8125,3,0x090317923f,0,2,0,33,91728,8158,12.9916,8125,33,91728
2890000,8192,101,80,21,5918719899,101,5918728091,0,8165,12.9934,8138,2,0x0a2c36d8ef,1,2,0,27,91755,8165,12.9934,8138,27,91755
2891000,8192,102,81,21,5920767898,102,5920776090,0,8159,12.9919,8126,2,0xb825ec9b03,0,2,0,33,91788,8159,12.9919,8126,33,91788
2892000,8192,102,81,21,5922815898,102,5922824090,0,8164,12.9932,8136,2,0xdbf356f79f,0,1,0,28,91816,8164,12.9932,8136,28,91816
2893000,8192,102,81,21,5924863898,102,5924872090,0,8164,12.9932,8136,2,0xbfa491cca7,0,2,0,28,91844,8164,12.9932,8136,28,91844
2894000,8192,102,81,21,5926911898,102,5926920090,0,8164,12.9932,8136,2,0x463848f09b,1,3,0,28,91872,8164,12.9932,8136,28,91872
2895000,8192,102,81,21,5928959898,102,5928968090,0,8155,12.9910,8118,2,0xf323b0ba2b,0,3,0,37,91909,8155,12.9910,8118,37,91909
2896000,8192,102,81,21,5931007898,102,5931016090,0,8161,12.9924,8130,2,0xc626b913e0,1,3,0,31,91940,8161,12.9924,8130,31,91940
2897000,8192,102,81,21,5933055898,102,5933064090,0,8157,12.9915,8122,2,0x6c0e682778,0,3,0,35,91975,8157,12.9915,8122,35,91975
2898000,8192,102,81,21,5935103898,102,5935112090,0,8152,12.9902,8112,2,0x65cebad1f0,2,3,0,40,92015,8152,12.9902,8112,40,92015
2899000,8192,102,81,21,5937151898,102,5937160090,0,8168,12.9941,8144,2,0xe2faed6387,0,3,0,24,92039,8168,12.9941,8144,24,92039
2900000,8192,102,81,21,5939199898,102,5939208090,0,8156,12.9912,8120,2,0x0be14b7de8,0,3,0,36,92075,8156,12.9912,8120,36,92075
2901000,8192,102,81,21,5941247898,102,5941256090,0,8159,12.9919,8126,2,0xfe3cad24a5,1,3,0,33,92108,8159,12.9919,8126,33,92108
2902000,8192,102,81,21,5943295898,102,5943304090,0,8158,12.9917,8124,2,0x4498933d0f,0,2,0,34,92142,8158,12.9917,8124,34,92142
2903000,8192,102,81,21,5945343898,102,5945352090,0,8161,12.9924,8130,2,0x8cc08d0e2a,0,1,0,31,92173,8161,12.9924,8130,31,92173
2904000,8192,102,81,21,5947391898,102,5947400090,0,8158,12.9917,8124,2,0x89001c9f42,1,3,0,34,92207,8158,12.9917,8124,34,92207
2905000,8192,102,81,21,5949439898,102,5949448090,0,8151,12.9898,8112,3,0xad3618110f,1,3,0,39,92246,8151,12.9898,8112,39,92246
2906000,8192,102,81,21,5951487898,102,5951496090,0,8163,12.9929,8134,2,0xebbfe0863e,0,2,0,29,92275,8163,12.9929,8134,29,92275
2907000,8192,102,81,21,5953535898,102,5953544090,0,8171,12.9949,8150,2,0xb7b2d339c1,0,3,0,21,92296,8171,12.9949,8150,21,92296
2908000,8192,102,81,21,5955583898,102,5955592090,0,8157,12.9915,8122,2,0x07cec00895,0,2,0,35,92331,8157,12.9915,8122,35,92331
2909000,8192,102,81,21,5957631898,102,5957640090,0,8153,12.9905,8114,2,0xd6c095f664,0,3,0,39,92370,8153,12.9905,8114,39,92370
2910000,8192,102,81,21,5959679898,102,5959688090,0,8162,12.9927,8132,2,0x8f89ece7b5,2,3,0,30,92400,8162,12.9927,8132,30,92400
2911000,8192,102,81,21,5961727898,102,5961736090,0,8151,12.9899,8111,3,0xd3c2b7e843,0,2,0,40,92440,8151,12.9899,8111,40,92440
2912000,8192,102,81,21,5963775898,102,5963784090,0,8166,12.9937,8140,2,0x7a646ac7ee,0,3,0,26,92466,8166,12.9937,8140,26,92466
2913000,8192,102,81,21,5965823898,102,5965832090,0,8162,12.9927,8132,2,0xe5d86f3f2a,1,2,0,30,92496,8162,12.9927,8132,30,92496
2914000,8192,103,81,22,5967871897,103,5967880089,0,8169,12.9943,8147,3,0xf212596cc6,0,3,0,22,92518,8169,12.9943,8147,22,92518
2915000,8192,103,81,22,5969919897,103,5969928089,0,8166,12.9937,8140,2,0x93adbd9a05,0,3,0,26,92544,8166,12.9937,8140,26,92544
2916000,8192,103,81,22,5971967897,103,5971976089,0,8161,12.9924,8130,2,0x1686a4d22b,1,2,0,31,92575,8161,12.9924,8130,31,92575
2917000,8192,103,81,22,5974015897,103,5974024089,0,8150,12.9897,8108,2,0x94bd4f7c1b,0,3,0,42,92617,8150,12.9897,8108,42,92617
2918000,8192,103,81,22,5976063897,103,5976072089,0,8157,12.9915,8122,2,0x03d78f2d8d,0,3,0,35,92652,8157,12.9915,8122,35,92652
2919000,8192,103,81,22,5978111897,103,5978120089,0,8157,12.9915,8122,2,0x0b1c5ced7a,0,2,0,35,92687,8157,12.9915,8122,35,92687
2920000,8192,103,81,22,5980159897,103,5980168089,0,8154,12.9907,8116,2,0x2399326727,0,2,0,38,92725,8154,12.9907,8116,38,92725
2921000,8192,103,81,22,5982207897,103,5982216089,0,8161,12.9924,8130,2,0x79383daf7a,0,3,0,31,92756,8161,12.9924,8130,31,92756
2922000,8192,103,81,22,5984255897,103,5984264089,0,8155,12.9910,8118,2,0x1b5cde4a8c,0,2,0,37,92793,8155,12.9910,8118,37,92793
2923000,8192,103,81,22,5986303897,103,5986312089,0,8166,12.9937,8140,2,0xf16c1ae429,1,3,0,26,92819,8166,12.9937,8140,26,92819
2924000,8192,103,81,22,5988351897,103,5988360089,0,8162,12.9927,8132,2,0x22a1fc9a2a,0,3,0,30,92849,8162,12.9927,8132,30,92849
2925000,8192,103,81,22,5990399897,103,5990408089,0,8160,12.9922,8128,2,0x5380e99740,0,3,0,32,92881,8160,12.9922,8128,32,92881
2926000,8192,103,81,22,5992447897,103,5992456089,0,8158,12.9917,8124,2,0x78f84c8a49,0,2,0,34,92915,8158,12.9917,8124,34,92915
2927000,8192,103,81,22,5994495897,103,5994504089,0,8161,12.9924,8130,2,0xc1f2f6c9f0,0,3,0,31,92946,8161,12.9924,8130,31,92946
2928000,8192,103,81,22,5996543897,103,5996552089,0,8154,12.9907,8116,2,0x0cc3942c86,0,3,0,38,92984,8154,12.9907,8116,38,92984
2929000,8192,103,81,22,5998591897,103,5998600089,0,8163,12.9928,8135,3,0x035f709c16,0,3,0,28,93012,8163,12.9928,8135,28,93012
2930000,8192,103,81,22,6000639897,103,6000648089,0,8151,12.9899,8111,3,0x6ef7c3e6e6,0,3,0,40,93052,8151,12.9899,8111,40,93052
2931000,8192,103,81,22,6002687897,103,6002696089,0,8148,12.9893,8104,2,0x04cd81f328,0,2,0,44,93096,8148,12.9893,8104,44,93096
2932000,8192,103,81,22,6004735897,103,6004744089,0,8161,12.9923,8131,3,0xda0bd48bbd,0,1,0,30,93126,8161,12.9923,8131,30,93126
2933000,8192,103,81,22,6006783897,103,6006792089,0,8167,12.9939,8142,2,0x4d91d79f86,0,2,0,25,93151,8167,12.9939,8142,25,93151
2934000,8192,103,81,22,6008831897,103,6008840089,0,8166,12.9937,8140,2,0x60e3806f34,0,3,0,26,93177,8166,12.9937,8140,26,93177
2935000,8192,103,81,22,6010879897,103,6010888089,0,8162,12.9927,8132,2,0xce709ce4e2,1,3,0,30,93207,8162,12.9927,8132,30,93207
2936000,8192,103,81,22,6012927897,103,6012936089,0,8159,12.9919,8126,2,0x2e5f4e7325,1,3,0,33,93240,8159,12.9919,8126,33,93240
2937000,8192,103,81,22,6014975897,103,6014984089,0,8162,12.9927,8132,2,0xa436060f37,1,3,0,30,93270,8162,12.9927,8132,30,93270
2938000,8192,103,81,22,6017023897,103,6017032089,0,8166,12.9937,8140,2,0x9f42407e77,0,2,0,26,93296,8166,12.9937,8140,26,93296
2939000,8192,103,81,22,6019071897,103,6019080089,0,8161,12.9924,8130,2,0x6607fa0a5d,0,3,0,31,93327,8161,12.9924,8130,31,93327
2940000,8192,103,81,22,6021119897,103,6021128089,0,8172,12.9951,8152,2,0xbc09aa32ad,1,3,0,20,93347,8172,12.9951,8152,20,93347
2941000,8192,103,81,22,6023167897,103,6023176089,0,8163,12.9929,8134,2,0x44d1a1a3d3,0,3,0,29,93376,8163,12.9929,8134,29,93376
2942000,8192,103,81,22,6025215897,103,6025224089,0,8167,12.9939,8142,2,0x6fd7e9ebe4,0,1,0,25,93401,8167,12.9939,8142,25,93401
2943000,8192,103,81,22,6027263897,103,6027272089,0,8156,12.9912,8120,2,0x8f3ab0f4be,1,3,0,36,93437,8156,12.9912,8120,36,93437
2944000,8192,103,81,22,6029311897,103,6029320089,0,8165,12.9934,8138,2,0xb4269cbd7a,0,3,0,27,93464,8165,12.9934,8138,27,93464
2945000,8192,103,81,22,6031359897,103,6031368089,0,8164,12.9932,8136,2,0xb377e6f91d,0,2,0,28,93492,8164,12.9932,8136,28,93492
2946000,8192,103,81,22,6033407897,103,6033416089,0,8162,12.9927,8132,2,0xecfdcc24a7,0,3,0,30,93522,8162,12.9927,8132,30,93522
2947000,8192,103,81,22,6035455897,103,6035464089,0,8165,12.9934,8138,2,0x158b38d9c9,0,3,0,27,93549,8165,12.9934,8138,27,93549
2948000,8192,103,81,22,6037503897,103,6037512089,0,8152,12.9902,8112,2,0x5e173257be,1,2,0,40,93589,8152,12.9902,8112,40,93589
2949000,8192,103,81,22,6039551897,103,6039560089,0,8165,12.9934,8138,2,0xc585b03201,0,2,0,27,93616,8165,12.9934,8138,27,93616
2950000,8192,104,81,23,6041599896,104,6041608088,0,8163,12.9929,8134,2,0xbbac77eea1,0,3,0,29,93645,8163,12.9929,8134,29,93645
2951000,8192,104,81,23,6043647896,104,6043656088,0,8164,12.9932,8136,2,0x8d3fa0aefd,0,3,0,28,93673,8164,12.9932,8136,28,93673
2952000,8192,104,81,23,6045695896,104,6045704088,0,8168,12.9941,8144,2,0xfaedea4ccb,2,3,0,24,93697,8168,12.9941,8144,24,93697
2953000,8192,104,81,23,6047743896,104,6047752088,0,8162,12.9927,8132,2,0x1c37385ea5,1,3,0,30,93727,8162,12.9927,8132,30,93727
2954000,8192,104,81,23,6049791896,104,6049800088,0,8159,12.9919,8126,2,0xaa929d3c74,0,3,0,33,93760,8159,12.9919,8126,33,93760
2955000,8192,104,81,23,6051839896,104,6051848088,0,8158,12.9917,8124,2,0x134f08d88f,1,3,0,34,93794,8158,12.9917,8124,34,93794
2956000,8192,104,81,23,6053887896,104,6053896088,0,8161,12.9924,8130,2,0xf598c4d16b,0,3,0,31,93825,8161,12.9924,8130,31,93825
2957000,8192,104,81,23,6055935896,104,6055944088,0,8150,12.9897,8108,2,0x542b390f63,0,3,0,42,93867,8150,12.9897,8108,42,93867
2958000,8192,104,81,23,6057983896,104,6057992088,0,8162,12.9927,8132,2,0x44178f08d7,1,3,0,30,93897,8162,12.9927,8132,30,93897
2959000,8192,104,81,23,6060031896,104,6060040088,0,8165,12.9934,8138,2,0xda41c52013,1,2,0,27,93924,8165,12.9934,8138,27,93924
2960000,8192,104,81,23,6062079896,104,6062088088,0,8166,12.9937,8140,2,0x832c54c898,1,1,0,26,93950,8166,12.9937,8140,26,93950
2961000,8192,104,81,23,6064127896,104,6064136088,0,8168,12.9941,8144,2,0x59fde19b57,0,3,0,24,93974,8168,12.9941,8144,24,93974
2962000,8192,104,81,23,6066175896,104,6066184088,0,8157,12.9915,8122,2,0xddd26a21fc,0,2,0,35,94009,8157,12.9915,8122,35,94009
2963000,8192,104,81,23,6068223896,104,6068232088,0,8160,12.9922,8128,2,0x0f9d2d9917,0,3,0,32,94041,8160,12.9922,8128,32,94041
2964000,8192,104,81,23,6070271896,104,6070280088,0,8159,12.9919,8126,2,0x3fc546b015,0,3,0,33,94074,8159,12.9919,8126,33,94074
2965000,8192,104,81,23,6072319896,104,6072328088,0,8160,12.9922,8128,2,0x2a66d59c00,0,3,0,32,94106,8160,12.9922,8128,32,94106
2966000,8192,104,81,23,6074367896,104,6074376088,0,8144,12.9883,8096,2,0xd2384bbb2b,1,3,0,48,94154,8144,12.9883,8096,48,94154
2967000,8192,104,81,23,6076415896,104,6076424088,0,8161,12.9924,8130,2,0x592c0e270c,0,2,0,31,94185,8161,12.9924,8130,31,94185
2968000,8192,104,81,23,6078463896,104,6078472088,0,8159,12.9919,8126,2,0xdcb1d25233,0,3,0,33,94218,8159,12.9919,8126,33,94218
2969000,8192,104,81,23,6080511896,104,6080520088,0,8156,12.9912,8120,2,0x3bd63675ae,1,3,0,36,94254,8156,12.9912,8120,36,94254
2970000,8192,104,81,23,6082559896,104,6082568088,0,8156,12.9912,8120,2,0xee15edff1a,0,3,0,36,94290,8156,12.9912,8120,36,94290
2971000,8192,104,81,23,6084607896,104,6084616088,0,8162,12.9927,8132,2,0x4d49a00aa7,0,3,0,30,94320,8162,12.9927,8132,30,94320
2972000,8192,104,81,23,6086655896,104,6086664088,0,8151,12.9900,8110,2,0x77e082865f,1,3,0,41,94361,8151,12.9900,8110,41,94361
2973000,8192,104,81,23,6088703896,104,6088712088,0,8167,12.9939,8142,2,0xfefe7bb0d0,1,3,0,25,94386,8167,12.9939,8142,25,94386
2974000,8192,104,81,23,6090751896,104,6090760088,0,8159,12.9919,8126,2,0x9464171128,0,3,0,33,94419,8159,12.9919,8126,33,94419
2975000,8192,104,81,23,6092799896,104,6092808088,0,8158,12.9917,8124,2,0x03aff85c6b,0,3,0,34,94453,8158,12.9917,8124,34,94453
2976000,8192,104,81,23,6094847896,104,6094856088,0,8151,12.9900,8110,2,0xe39b38e4d1,0,2,0,41,94494,8151,12.9900,8110,41,94494
2977000,8192,104,81,23,6096895896,104,6096904088,0,8159,12.9919,8126,2,0xd1f40c5fa9,2,3,0,33,94527,8159,12.9919,8126,33,94527
2978000,8192,104,81,23,6098943896,104,6098952088,0,8157,12.9915,8122,2,0x803d1b1d6d,0,3,0,35,94562,8157,12.9915,8122,35,94562
2979000,8192,104,81,23,6100991896,104,6101000088,0,8158,12.9917,8124,2,0x9d4ebb86b2,0,2,0,34,94596,8158,12.9917,8124,34,94596
2980000,8192,104,81,23,6103039896,104,6103048088,0,8165,12.9934,8138,2,0x9f16567b66,0,3,0,27,94623,8165,12.9934,8138,27,94623
2981000,8192,104,81,23,6105087896,104,6105096088,0,8161,12.9924,8130,2,0xc6bc0e0148,0,3,0,31,94654,8161,12.9924,8130,31,94654
2982000,8192,104,81,23,6107135896,104,6107144088,0,8153,12.9905,8114,2,0x557d5dbf22,1,3,0,39,94693,8153,12.9905,8114,39,94693
2983000,8192,104,81,23,6109183896,104,6109192088,0,8160,12.9922,8128,2,0x1387e6de52,1,3,0,32,94725,8160,12.9922,8128,32,94725
2984000,8192,104,81,23,6111231896,104,6111240088,0,8162,12.9927,8132,2,0xa10cd68ea1,0,2,0,30,94755,8162,12.9927,8132,30,94755
2985000,8192,104,81,23,6113279896,104,6113288088,0,8162,12.9927,8132,2,0xab4650f9a0,0,2,0,30,94785,8162,12.9927,8132,30,94785
2986000,8192,104,81,23,6115327896,104,6115336088,0,8166,12.9937,8140,2,0x80b6f470da,1,3,0,26,94811,8166,12.9937,8140,26,94811
2987000,8192,104,81,23,6117375896,104,6117384088,0,8165,12.9934,8138,2,0xb0130003d4,0,2,0,27,94838,8165,12.9934,8138,27,94838
2988000,8192,104,81,23,6119423896,104,6119432088,0,8159,12.9919,8127,3,0xc6e3bd683a,0,3,0,32,94870,8159,12.9919,8127,32,94870
2989000,8192,104,81,23,6121471896,104,6121480088,0,8168,12.9941,8144,2,0x945a6b3529,1,2,0,24,94894,8168,12.9941,8144,24,94894
2990000,8192,104,81,23,6123519896,104,6123528088,0,8164,12.9932,8136,2,0x3ad85f4ce9,0,2,0,28,94922,8164,12.9932,8136,28,94922
2991000,8192,104,81,23,6125567896,104,6125576088,0,8149,12.9895,8106,2,0x8e4883613c,0,3,0,43,94965,8149,12.9895,8106,43,94965
2992000,8192,104,81,23,6127615896,104,6127624088,0,8168,12.9941,8144,2,0x3412e56939,0,3,0,24,94989,8168,12.9941,8144,24,94989
2993000,8192,104,81,23,6129663896,104,6129672088,0,8160,12.9922,8128,2,0xb4f6034965,0,3,0,32,95021,8160,12.9922,8128,32,95021
2994000,8192,104,81,23,6131711896,104,6131720088,0,8161,12.9924,8130,2,0x6d3e80347d,1,2,0,31,95052,8161,12.9924,8130,31,95052
2995000,8192,104,81,23,6133759896,104,6133768088,0,8148,12.9893,8104,2,0x46d859da23,0,3,0,44,95096,8148,12.9893,8104,44,95096
2996000,8192,104,81,23,6135807896,104,6135816088,0,8156,12.9912,8120,2,0x6b11da2688,1,2,0,36,95132,8156,12.9912,8120,36,95132
2997000,8192,104,81,23,6137855896,104,6137864088,0,8158,12.9917,8124,2,0x72afc3969a,0,2,0,34,95166,8158,12.9917,8124,34,95166
2998000,8192,104,81,23,6139903896,104,6139912088,0,8158,12.9917,8124,2,0xf935060644,0,3,0,34,95200,8158,12.9917,8124,34,95200
2999000,8192,104,81,23,6141951896,104,6141960088,0,8152,12.9902,8112,2,0xd93acc4f9a,2,3,0,40,95240,8152,12.9902,8112,40,95240
3000000,8192,104,81,23,6143999896,104,6144008088,0,8158,12.9917,8124,2,0x800914bb19,0,3,0,34,95274,8158,12.9917,8124,34,95274
3001000,8192,104,81,23,6146047896,104,6146056088,0,8170,12.9946,8148,2,0x82799492d8,0,2,0,22,95296,8170,12.9946,8148,22,95296
3002000,8192,104,81,23,6148095896,104,6148104088,0,8158,12.9917,8124,2,0x82c1124162,1,3,0,34,95330,8158,12.9917,8124,34,95330
3003000,8192,104,81,23,6150143896,104,6150152088,0,8169,12.9944,8146,2,0x6444a26003,0,3,0,23,95353,8169,12.9944,8146,23,95353
3004000,8192,104,81,23,6152191896,104,6152200088,0,8151,12.9899,8111,3,0xaabf9b1d04,1,3,0,40,95393,8151,12.9899,8111,40,95393
3005000,8192,104,81,23,6154239896,104,6154248088,0,8161,12.9923,8131,3,0x03d2f870dc,0,3,0,30,95423,8161,12.9923,8131,30,95423
3006000,8192,104,81,23,6156287896,104,6156296088,0,8165,12.9934,8138,2,0x0b392178d8,0,3,0,27,95450,8165,12.9934,8138,27,95450
3007000,8192,104,81,23,6158335896,104,6158344088,0,8158,12.9917,8124,2,0xfb68adc717,0,3,0,34,95484,8158,12.9917,8124,34,95484
3008000,8192,104,81,23,6160383896,104,6160392088,0,8152,12.9902,8112,2,0xa6e87b78f5,1,2,0,40,95524,8152,12.9902,8112,40,95524
3009000,8192,104,81,23,6162431896,104,6162440088,0,8164,12.9932,8136,2,0x67f7f692f8,1,2,0,28,95552,8164,12.9932,8136,28,95552
3010000,8192,104,81,23,6164479896,104,6164488088,0,8156,12.9912,8120,2,0xb281361377,0,3,0,36,95588,8156,12.9912,8120,36,95588
3011000,8192,104,81,23,6166527896,104,6166536088,0,8158,12.9917,8124,2,0x002fc8b253,0,3,0,34,95622,8158,12.9917,8124,34,95622
3012000,8192,104,81,23,6168575896,104,6168584088,0,8164,12.9931,8137,3,0x96ab3d0167,0,2,0,27,95649,8164,12.9931,8137,27,95649
3013000,8192,104,81,23,6170623896,104,6170632088,0,8160,12.9922,8128,2,0x0d545fbddd,0,3,0,32,95681,8160,12.9922,8128,32,95681
3014000,8192,104,81,23,6172671896,104,6172680088,0,8166,12.9937,8140,2,0xf09d20828f,1,3,0,26,95707,8166,12.9937,8140,26,95707
3015000,8192,104,81,23,6174719896,104,6174728088,0,8172,12.9951,8152,2,0xe3c3174b1d,0,3,0,20,95727,8172,12.9951,8152,20,95727
3016000,8192,104,81,23,6176767896,104,6176776088,0,8164,12.9932,8136,2,0x5d0091b3b4,1,3,0,28,95755,8164,12.9932,8136,28,95755
3017000,8192,104,81,23,6178815896,104,6178824088,0,8161,12.9924,8130,2,0x7ef539cdf6,0,3,0,31,95786,8161,12.9924,8130,31,95786
3018000,8192,104,81,23,6180863896,104,6180872088,0,8152,12.9902,8112,2,0x14aef6c871,2,2,0,40,95826,8152,12.9902,8112,40,95826
3019000,8192,104,81,23,6182911896,104,6182920088,0,8163,12.9928,8135,3,0x6eac59adcb,0,3,0,28,95854,8163,12.9928,8135,28,95854
3020000,8192,106,83,23,6184959894,106,6184968086,0,8160,12.9922,8128,2,0xafb24772af,0,2,0,32,95886,8160,12.9922,8128,32,95886
3021000,8192,106,83,23,6187007894,106,6187016086,0,8165,12.9934,8138,2,0xb6620e21ad,0,2,0,27,95913,8165,12.9934,8138,27,95913
3022000,8192,106,83,23,6189055894,106,6189064086,0,8165,12.9934,8138,2,0x2e726b9c91,0,3,0,27,95940,8165,12.9934,8138,27,95940
3023000,8192,106,83,23,6191103894,106,6191112086,0,8163,12.9929,8134,2,0x09b71f03e3,0,3,0,29,95969,8163,12.9929,8134,29,95969
3024000,8192,106,83,23,6193151894,106,6193160086,0,8158,12.9917,8124,2,0xb6e22b488b,0,3,0,34,96003,8158,12.9917,8124,34,96003
3025000,8192,106,83,23,6195199894,106,6195208086,0,8162,12.9927,8132,2,0xb433eae35c,1,2,0,30,96033,8162,12.9927,8132,30,96033
3026000,8192,106,83,23,6197247894,106,6197256086,0,8162,12.9927,8132,2,0xb647170fe5,0,2,0,30,96063,8162,12.9927,8132,30,96063
3027000,8192,106,83,23,6199295894,106,6199304086,0,8156,12.9912,8120,2,0x6dc5af6993,0,1,0,36,96099,8156,12.9912,8120,36,96099
3028000,8192,106,83,23,6201343894,106,6201352086,0,8172,12.9951,8152,2,0x154f18df89,1,2,0,20,96119,8172,12.9951,8152,20,96119
3029000,8192,106,83,23,6203391894,106,6203400086,0,8155,12.9910,8118,2,0xa021890d95,1,3,0,37,96156,8155,12.9910,8118,37,96156
3030000,8192,106,83,23,6205439894,106,6205448086,0,8172,12.9950,8153,3,0xe8e8415162,0,2,0,19,96175,8172,12.9950,8153,19,96175
3031000,8192,106,83,23,6207487894,106,6207496086,0,8162,12.9927,8132,2,0xd631bd6263,1,3,0,30,96205,8162,12.9927,8132,30,96205
3032000,8192,106,83,23,6209535894,106,6209544086,0,8159,12.9919,8126,2,0x2e9405aeb2,0,1,0,33,96238,8159,12.9919,8126,33,96238
3033000,8192,106,83,23,6211583894,106,6211592086,0,8150,12.9897,8109,3,0x2e1c858874,0,2,0,41,96279,8150,12.9897,8109,41,96279
3034000,8192,106,83,23,6213631894,106,6213640086,0,8162,12.9927,8132,2,0x75d9725c32,0,3,0,30,96309,8162,12.9927,8132,30,96309
3035000,8192,106,83,23,6215679894,106,6215688086,0,8165,12.9934,8138,2,0x7fce1ff601,1,3,0,27,96336,8165,12.9934,8138,27,96336
3036000,8192,106,83,23,6217727894,106,6217736086,0,8170,12.9946,8148,2,0x5d47ad58c7,0,0,0,22,96358,8170,12.9946,8148,22,96358
3037000,8192,106,83,23,6219775894,106,6219784086,0,8160,12.9922,8128,2,0xf42b048b43,0,3,0,32,96390,8160,12.9922,8128,32,96390
3038000,8192,106,83,23,6221823894,106,6221832086,0,8155,12.9910,8118,2,0x0091353ff7,0,2,0,37,96427,8155,12.9910,8118,37,96427
3039000,8192,106,83,23,6223871894,106,6223880086,0,8154,12.9907,8116,2,0x10600d3496,0,2,0,38,96465,8154,12.9907,8116,38,96465
3040000,8192,106,83,23,6225919894,106,6225928086,0,8154,12.9907,8116,2,0x36864e7ba9,0,3,0,38,96503,8154,12.9907,8116,38,96503
3041000,8192,106,83,23,6227967894,106,6227976086,0,8153,12.9905,8114,2,0x00c8e61ddf,1,3,0,39,96542,8153,12.9905,8114,39,96542
3042000,8192,106,83,23,6230015894,106,6230024086,0,8166,12.9937,8140,2,0x2f4935f7d4,0,3,0,26,96568,8166,12.9937,8140,26,96568
3043000,8192,106,83,23,6232063894,106,6232072086,0,8160,12.9922,8128,2,0xaaf718d1fa,0,2,0,32,96600,8160,12.9922,8128,32,96600
3044000,8192,106,83,23,6234111894,106,6234120086,0,8163,12.9928,8135,3,0x98fd5292ce,1,3,0,28,96628,8163,12.9928,8135,28,96628
3045000,8192,106,83,23,6236159894,106,6236168086,0,8156,12.9912,8120,2,0x480919566c,0,3,0,36,96664,8156,12.9912,8120,36,96664
3046000,8192,106,83,23,6238207894,106,6238216086,0,8160,12.9922,8128,2,0x1b9afd6833,0,3,0,32,96696,8160,12.9922,8128,32,96696
3047000,8192,106,83,23,6240255894,106,6240264086,0,8162,12.9927,8132,2,0x22cb43add3,2,2,0,30,96726,8162,12.9927,8132,30,96726
3048000,8192,106,83,23,6242303894,106,6242312086,0,8158,12.9917,8124,2,0xb5610f2dae,0,3,0,34,96760,8158,12.9917,8124,34,96760
3049000,8192,106,83,23,6244351894,106,6244360086,0,8165,12.9934,8138,2,0x546bce0005,0,2,0,27,96787,8165,12.9934,8138,27,96787
3050000,8192,106,83,23,6246399894,106,6246408086,0,8171,12.9949,8150,2,0x639e71198e,0,2,0,21,96808,8171,12.9949,8150,21,96808
3051000,8192,106,83,23,6248447894,106,6248456086,0,8156,12.9912,8120,2,0x29eecfffc0,0,2,0,36,96844,8156,12.9912,8120,36,96844
3052000,8192,106,83,23,6250495894,106,6250504086,0,8164,12.9932,8136,2,0x0ae246469b,0,2,0,28,96872,8164,12.9932,8136,28,96872
3053000,8192,106,83,23,6252543894,106,6252552086,0,8171,12.9949,8150,2,0x61c2e744aa,0,3,0,21,96893,8171,12.9949,8150,21,96893
3054000,8192,106,83,23,6254591894,106,6254600086,0,8168,12.9941,8144,2,0x35a6c662ab,1,2,0,24,96917,8168,12.9941,8144,24,96917
3055000,8192,106,83,23,6256639894,106,6256648086,0,8147,12.9890,8102,2,0xddd55fbd1a,0,3,0,45,96962,8147,12.9890,8102,45,96962
3056000,8192,106,83,23,6258687894,106,6258696086,0,8158,12.9917,8124,2,0x5a88105207,0,2,0,34,96996,8158,12.9917,8124,34,96996
3057000,8192,106,83,23,6260735894,106,6260744086,0,8160,12.9922,8128,2,0xf9d962cf61,1,3,0,32,97028,8160,12.9922,8128,32,97028
3058000,8192,106,83,23,6262783894,106,6262792086,0,8151,12.9900,8110,2,0xc0b4639563,0,3,0,41,97069,8151,12.9900,8110,41,97069
3059000,8192,106,83,23,6264831894,106,6264840086,0,8160,12.9921,8129,3,0x71736465f9,0,3,0,31,97100,8160,12.9921,8129,31,97100
3060000,8192,106,83,23,6266879894,106,6266888086,0,8169,12.9944,8146,2,0x7e2bb5a042,0,3,0,23,97123,8169,12.9944,8146,23,97123
3061000,8192,106,83,23,6268927894,106,6268936086,0,8157,12.9913,8124,3,0x4216768c55,1,2,0,33,97156,8157,12.9913,8124,33,97156
3062000,8192,106,83,23,6270975894,106,6270984086,0,8157,12.9915,8122,2,0x77bd6c733c,1,3,0,35,97191,8157,12.9915,8122,35,97191
3063000,8192,106,83,23,6273023894,106,6273032086,0,8151,12.9900,8110,2,0x844fb338ef,1,2,0,41,97232,8151,12.9900,8110,41,97232
3064000,8192,106,83,23,6275071894,106,6275080086,0,8174,12.9956,8156,2,0x9f85451de1,2,3,0,18,97250,8174,12.9956,8156,18,97250
3065000,8192,106,83,23,6277119894,106,6277128086,0,8152,12.9902,8112,2,0xeb81690752,0,3,0,40,97290,8152,12.9902,8112,40,97290
3066000,8192,106,83,23,6279167894,106,6279176086,0,8163,12.9929,8134,2,0x73cd92d3bb,0,2,0,29,97319,8163,12.9929,8134,29,97319
3067000,8192,106,83,23,6281215894,106,6281224086,0,8158,12.9917,8124,2,0x8feca97f56,0,3,0,34,97353,8158,12.9917,8124,34,97353
3068000,8192,106,83,23,6283263894,106,6283272086,0,8155,12.9910,8118,2,0x5be7f63d16,0,3,0,37,97390,8155,12.9910,8118,37,97390
3069000,8192,106,83,23,6285311894,106,6285320086,0,8151,12.9900,8110,2,0xd0b2516934,0,3,0,41,97431,8151,12.9900,8110,41,97431
3070000,8192,106,83,23,6287359894,106,6287368086,0,8163,12.9929,8134,2,0xe8c3d873bd,0,3,0,29,97460,8163,12.9929,8134,29,97460
3071000,8192,106,83,23,6289407894,106,6289416086,0,8154,12.9907,8116,2,0x1e43c3e894,0,3,0,38,97498,8154,12.9907,8116,38,97498
3072000,8192,106,83,23,6291455894,106,6291464086,0,8160,12.9922,8128,2,0xc86ccb8ae2,0,3,0,32,97530,8160,12.9922,8128,32,97530
3073000,8192,106,83,23,6293503894,106,6293512086,0,8161,12.9924,8130,2,0x73adf9c795,1,3,0,31,97561,8161,12.9924,8130,31,97561
3074000,8192,106,83,23,6295551894,106,6295560086,0,8154,12.9907,8116,2,0x6ea2b3f9c3,0,2,0,38,97599,8154,12.9907,8116,38,97599
3075000,8192,106,83,23,6297599894,106,6297608086,0,8163,12.9929,8134,2,0x1bf4f6c859,1,3,0,29,97628,8163,12.9929,8134,29,97628
3076000,8192,106,83,23,6299647894,106,6299656086,0,8158,12.9917,8124,2,0xc30a5e97dd,0,2,0,34,97662,8158,12.9917,8124,34,97662
3077000,8192,106,83,23,6301695894,106,6301704086,0,8168,12.9941,8144,2,0x576e18f47d,1,3,0,24,97686,8168,12.9941,8144,24,97686
3078000,8192,106,83,23,6303743894,106,6303752086,0,8156,12.9912,8120,2,0x2259766d42,0,3,0,36,97722,8156,12.9912,8120,36,97722
3079000,8192,106,83,23,6305791894,106,6305800086,0,8164,12.9932,8136,2,0x95f773fa6a,0,3,0,28,97750,8164,12.9932,8136,28,97750
3080000,8192,106,83,23,6307839894,106,6307848086,0,8137,12.9865,8083,3,0xcfba6e0db2,0,3,0,54,97804,8137,12.9865,8083,54,97804
3081000,8192,106,83,23,6309887894,106,6309896086,0,8159,12.9919,8127,3,0x23d4d25c8a,1,3,0,32,97836,8159,12.9919,8127,32,97836
3082000,8192,106,83,23,6311935894,106,6311944086,0,8150,12.9897,8108,2,0xfc39463548,0,2,0,42,97878,8150,12.9897,8108,42,97878
3083000,8192,106,83,23,6313983894,106,6313992086,0,8165,12.9934,8138,2,0xf029722cde,0,3,0,27,97905,8165,12.9934,8138,27,97905
3084000,8192,106,83,23,6316031894,106,6316040086,0,8154,12.9907,8116,2,0xfe7b2a3325,0,2,0,38,97943,8154,12.9907,8116,38,97943
3085000,8192,106,83,23,6318079894,106,6318088086,0,8160,12.9922,8128,2,0x62911db412,0,2,0,32,97975,8160,12.9922,8128,32,97975
3086000,8192,106,83,23,6320127894,106,6320136086,0,8162,12.9927,8132,2,0x43da982116,0,3,0,30,98005,8162,12.9927,8132,30,98005
3087000,8192,106,83,23,6322175894,106,6322184086,0,8165,12.9934,8138,2,0xddd62a5b92,1,3,0,27,98032,8165,12.9934,8138,27,98032
3088000,8192,106,83,23,6324223894,106,6324232086,0,8163,12.9929,8134,2,0xa1efcb2a5c,0,2,0,29,98061,8163,12.9929,8134,29,98061
3089000,8192,106,83,23,6326271894,106,6326280086,0,8163,12.9929,8134,2,0xd8a9ccc0b5,0,3,0,29,98090,8163,12.9929,8134,29,98090
3090000,8192,106,83,23,6328319894,106,6328328086,0,8170,12.9946,8148,2,0x04299c40f6,0,3,0,22,98112,8170,12.9946,8148,22,98112
3091000,8192,106,83,23,6330367894,106,6330376086,0,8174,12.9956,8156,2,0x9c5f8cf37d,2,3,0,18,98130,8174,12.9956,8156,18,98130
3092000,8192,106,83,23,6332415894,106,6332424086,0,8151,12.9900,8110,2,0x169cd71a46,0,3,0,41,98171,8151,12.9900,8110,41,98171
3093000,8192,106,83,23,6334463894,106,6334472086,0,8155,12.9909,8119,3,0xf358c861c8,0,3,0,36,98207,8155,12.9909,8119,36,98207
3094000,8192,106,83,23,6336511894,106,6336520086,0,8158,12.9917,8124,2,0xd06a1259ba,0,3,0,34,98241,8158,12.9917,8124,34,98241
3095000,8192,106,83,23,6338559894,106,6338568086,0,8160,12.9922,8128,2,0x97d1f6f37c,0,3,0,32,98273,8160,12.9922,8128,32,98273
3096000,8192,106,83,23,6340607894,106,6340616086,0,8151,12.9900,8110,2,0x04ed6a8ff4,0,3,0,41,98314,8151,12.9900,8110,41,98314
3097000,8192,106,83,23,6342655894,106,6342664086,0,8150,12.9897,8108,2,0x6b5f9f7585,0,1,0,42,98356,8150,12.9897,8108,42,98356
3098000,8192,106,83,23,6344703894,106,6344712086,0,8160,12.9922,8128,2,0xbc723ac5dc,1,3,0,32,98388,8160,12.9922,8128,32,98388
3099000,8192,106,83,23,6346751894,106,6346760086,0,8156,12.9912,8120,2,0x32588ebc7a,0,2,0,36,98424,8156,12.9912,8120,36,98424
3100000,8192,106,83,23,6348799894,106,6348808086,0,8151,12.9900,8110,2,0x8aa5fb8146,0,2,0,41,98465,8151,12.9900,8110,41,98465
3101000,8192,106,83,23,6350847894,106,6350856086,0,8169,12.9944,8146,2,0x211b1f612c,0,3,0,23,98488,8169,12.9944,8146,23,98488
3102000,8192,106,83,23,6352895894,106,6352904086,0,8165,12.9934,8138,2,0x3c2ac01013,0,3,0,27,98515,8165,12.9934,8138,27,98515
3103000,8192,106,83,23,6354943894,106,6354952086,0,8168,12.9941,8144,2,0xfd21ade145,0,3,0,24,98539,8168,12.9941,8144,24,98539
3104000,8192,106,83,23,6356991894,106,6357000086,0,8161,12.9924,8130,2,0x38d7cab7bf,0,3,0,31,98570,8161,12.9924,8130,31,98570
3105000,8192,106,83,23,6359039894,106,6359048086,0,8170,12.9946,8148,2,0xc91e55c544,1,2,0,22,98592,8170,12.9946,8148,22,98592
3106000,8192,106,83,23,6361087894,106,6361096086,0,8160,12.9922,8128,2,0x17248e2996,0,3,0,32,98624,8160,12.9922,8128,32,98624
3107000,8192,106,83,23,6363135894,106,6363144086,0,8161,12.9924,8130,2,0x30bc67f62b,1,3,0,31,98655,8161,12.9924,8130,31,98655
3108000,8192,106,83,23,6365183894,106,6365192086,0,8163,12.9929,8134,2,0xd6a685873e,0,3,0,29,98684,8163,12.9929,8134,29,98684
3109000,8192,106,83,23,6367231894,106,6367240086,0,8157,12.9915,8122,2,0xe7c3205529,0,2,0,35,98719,8157,12.9915,8122,35,98719
3110000,8192,106,83,23,6369279894,106,6369288086,0,8166,12.9937,8140,2,0x4458fd81d7,1,3,0,26,98745,8166,12.9937,8140,26,98745
3111000,8192,106,83,23,6371327894,106,6371336086,0,8158,12.9917,8124,2,0x438bb7d839,1,3,0,34,98779,8158,12.9917,8124,34,98779
3112000,8192,106,83,23,6373375894,106,6373384086,0,8152,12.9902,8112,2,0x13ef82d978,0,3,0,40,98819,8152,12.9902,8112,40,98819
3113000,8192,106,83,23,6375423894,106,6375432086,0,8163,12.9929,8134,2,0x20fbc84d6c,1,3,0,29,98848,8163,12.9929,8134,29,98848
3114000,8192,106,83,23,6377471894,106,6377480086,0,8152,12.9902,8112,2,0x2a415e028c,0,3,0,40,98888,8152,12.9902,8112,40,98888
3115000,8192,106,83,23,6379519894,106,6379528086,0,8151,12.9900,8110,2,0xdb41f74afd,0,1,0,41,98929,8151,12.9900,8110,41,98929
3116000,8192,106,83,23,6381567894,106,6381576086,0,8171,12.9948,8151,3,0x8c1b5d4d5b,0,2,0,20,98949,8171,12.9948,8151,20,98949
3117000,8192,106,83,23,6383615894,106,6383624086,0,8167,12.9938,8143,3,0x4df48320fd,0,3,0,24,98973,8167,12.9938,8143,24,98973
3118000,8192,106,83,23,6385663894,106,6385672086,0,8165,12.9934,8138,2,0xca3e4e0f34,0,2,0,27,99000,8165,12.9934,8138,27,99000
3119000,8192,106,83,23,6387711894,106,6387720086,0,8158,12.9917,8124,2,0xedcfbd7f6c,0,3,0,34,99034,8158,12.9917,8124,34,99034
3120000,8192,106,83,23,6389759894,106,6389768086,0,8157,12.9915,8122,2,0x5e53e540fa,0,2,0,35,99069,8157,12.9915,8122,35,99069
3121000,8192,106,83,23,6391807894,106,6391816086,0,8157,12.9915,8122,2,0x41cdc131d0,1,2,0,35,99104,8157,12.9915,8122,35,99104
3122000,8192,106,83,23,6393855894,106,6393864086,0,8164,12.9932,8136,2,0x09c7298d68,0,2,0,28,99132,8164,12.9932,8136,28,99132
3123000,8192,106,83,23,6395903894,106,6395912086,0,8150,12.9897,8108,2,0x19a2ffc18d,0,3,0,42,99174,8150,12.9897,8108,42,99174
3124000,8192,106,83,23,6397951894,106,6397960086,0,8166,12.9937,8140,2,0xf9d4b8cc8f,0,3,0,26,99200,8166,12.9937,8140,26,99200
3125000,8192,106,83,23,6399999894,106,6400008086,0,8155,12.9910,8118,2,0xc683db9eab,1,3,0,37,99237,8155,12.9910,8118,37,99237
3126000,8192,106,83,23,6402047894,106,6402056086,0,8169,12.9944,8146,2,0x682c223633,0,2,0,23,99260,8169,12.9944,8146,23,99260
3127000,8192,106,83,23,6404095894,106,6404104086,0,8157,12.9915,8122,2,0xf690f66446,0,2,0,35,99295,8157,12.9915,8122,35,99295
3128000,8192,106,83,23,6406143894,106,6406152086,0,8158,12.9917,8124,2,0x6333f2f6ff,1,2,0,34,99329,8158,12.9917,8124,34,99329
3129000,8192,106,83,23,6408191894,106,6408200086,0,8157,12.9915,8122,2,0xd3a28246ec,0,1,0,35,99364,8157,12.9915,8122,35,99364
3130000,8192,106,83,23,6410239894,106,6410248086,0,8163,12.9929,8134,2,0x5fc1ca3aec,1,2,0,29,99393,8163,12.9929,8134,29,99393
3131000,8192,106,83,23,6412287894,106,6412296086,0,8158,12.9917,8124,2,0x94f73d09bc,0,3,0,34,99427,8158,12.9917,8124,34,99427
3132000,8192,106,83,23,6414335894,106,6414344086,0,8149,12.9895,8106,2,0x701a03e078,1,1,0,43,99470,8149,12.9895,8106,43,99470
3133000,8192,106,83,23,6416383894,106,6416392086,0,8162,12.9927,8132,2,0x3fc02f0780,1,2,0,30,99500,8162,12.9927,8132,30,99500
3134000,8192,106,83,23,6418431894,106,6418440086,0,8162,12.9927,8132,2,0x21b8106d8d,1,2,0,30,99530,8162,12.9927,8132,30,99530
3135000,8192,106,83,23,6420479894,106,6420488086,0,8159,12.9919,8126,2,0x62ef55f545,1,3,0,33,99563,8159,12.9919,8126,33,99563
3136000,8192,106,83,23,6422527894,106,6422536086,0,8168,12.9940,8145,3,0x494893214d,0,2,0,23,99586,8168,12.9940,8145,23,99586
3137000,8192,106,83,23,6424575894,106,6424584086,0,8155,12.9910,8118,2,0xcdb70d5ecb,1,3,0,37,99623,8155,12.9910,8118,37,99623
3138000,8192,106,83,23,6426623894,106,6426632086,0,8158,12.9916,8125,3,0x828af9c40f,0,3,0,33,99656,8158,12.9916,8125,33,99656
3139000,8192,106,83,23,6428671894,106,6428680086,0,8151,12.9900,8110,2,0xea62b15e9e,1,3,0,41,99697,8151,12.9900,8110,41,99697
3140000,8192,106,83,23,6430719894,106,6430728086,0,8162,12.9927,8132,2,0x55e1f1b822,1,3,0,30,99727,8162,12.9927,8132,30,99727
3141000,8192,106,83,23,6432767894,106,6432776086,0,8158,12.9917,8124,2,0x08da74e5ca,1,3,0,34,99761,8158,12.9917,8124,34,99761
3142000,8192,106,83,23,6434815894,106,6434824086,0,8165,12.9934,8138,2,0x3656cdc7f7,0,3,0,27,99788,8165,12.9934,8138,27,99788
3143000,8192,106,83,23,6436863894,106,6436872086,0,8160,12.9922,8128,2,0x952d654c18,1,3,0,32,99820,8160,12.9922,8128,32,99820
3144000,8192,106,83,23,6438911894,106,6438920086,0,8164,12.9932,8136,2,0x37d6deba9e,0,3,0,28,99848,8164,12.9932,8136,28,99848
3145000,8192,106,83,23,6440959894,106,6440968086,0,8157,12.9915,8122,2,0xf532bc7f48,1,2,0,35,99883,8157,12.9915,8122,35,99883
3146000,8192,106,83,23,6443007894,106,6443016086,0,8161,12.9924,8130,2,0x3ed3e1b366,1,1,0,31,99914,8161,12.9924,8130,31,99914
3147000,8192,106,83,23,6445055894,106,6445064086,0,8162,12.9927,8132,2,0x8347c6355d,1,3,0,30,99944,8162,12.9927,8132,30,99944
3148000,8192,106,83,23,6447103894,106,6447112086,0,8160,12.9922,8128,2,0xb8f2066937,0,3,0,32,99976,8160,12.9922,8128,32,99976
3149000,8192,106,83,23,6449151894,106,6449160086,0,8165,12.9934,8138,2,0x6dcb96e596,0,2,0,27,100003,8165,12.9934,8138,27,100003
3150000,8192,106,83,23,6451199894,106,6451208086,0,8163,12.9929,8134,2,0x05f70b371e,0,2,0,29,100032,8163,12.9929,8134,29,100032
3151000,8192,106,83,23,6453247894,106,6453256086,0,8159,12.9919,8126,2,0x97cb095f0b,0,3,0,33,100065,8159,12.9919,8126,33,100065
3152000,8192,106,83,23,6455295894,106,6455304086,0,8159,12.9919,8126,2,0x7b38f2ac2d,0,1,0,33,100098,8159,12.9919,8126,33,100098
3153000,8192,106,83,23,6457343894,106,6457352086,0,8156,12.9912,8120,2,0x686db97849,0,3,0,36,100134,8156,12.9912,8120,36,100134
3154000,8192,106,83,23,6459391894,106,6459400086,0,8153,12.9905,8114,2,0x98871ac3e9,1,3,0,39,100173,8153,12.9905,8114,39,100173
3155000,8192,106,83,23,6461439894,106,6461448086,0,8154,12.9907,8116,2,0xe6cd17de3f,0,1,0,38,100211,8154,12.9907,8116,38,100211
3156000,8192,106,83,23,6463487894,106,6463496086,0,8158,12.9917,8124,2,0x2aaec50fda,0,3,0,34,100245,8158,12.9917,8124,34,100245
3157000,8192,106,83,23,6465535894,106,6465544086,0,8156,12.9912,8120,2,0x652988299d,0,2,0,36,100281,8156,12.9912,8120,36,100281
3158000,8192,106,83,23,6467583894,106,6467592086,0,8161,12.9924,8130,2,0x08a35126f1,0,2,0,31,100312,8161,12.9924,8130,31,100312
3159000,8192,106,83,23,6469631894,106,6469640086,0,8158,12.9916,8125,3,0x48758f91a1,0,2,0,33,100345,8158,12.9916,8125,33,100345
3160000,8192,106,83,23,6471679894,106,6471688086,0,8162,12.9926,8133,3,0x7dff42c335,1,2,0,29,100374,8162,12.9926,8133,29,100374
3161000,8192,106,83,23,6473727894,106,6473736086,0,8164,12.9932,8136,2,0x59785029a1,0,3,0,28,100402,8164,12.9932,8136,28,100402
3162000,8192,106,83,23,6475775894,106,6475784086,0,8147,12.9890,8102,2,0xdf49a9eeca,0,3,0,45,100447,8147,12.9890,8102,45,100447
3163000,8192,106,83,23,6477823894,106,6477832086,0,8160,12.9922,8128,2,0x5d9c71213b,1,3,0,32,100479,8160,12.9922,8128,32,100479
3164000,8192,106,83,23,6479871894,106,6479880086,0,8161,12.9924,8130,2,0x7c5e9fdf1f,0,3,0,31,100510,8161,12.9924,8130,31,100510
3165000,8192,106,83,23,6481919894,106,6481928086,0,8157,12.9914,8123,3,0xab171287f0,1,2,0,34,100544,8157,12.9914,8123,34,100544
3166000,8192,106,83,23,6483967894,106,6483976086,0,8151,12.9900,8110,2,0x038c521663,2,2,0,41,100585,8151,12.9900,8110,41,100585
3167000,8192,106,83,23,6486015894,106,6486024086,0,8153,12.9905,8114,2,0xd8da380a94,0,1,0,39,100624,8153,12.9905,8114,39,100624
3168000,8192,106,83,23,6488063894,106,6488072086,0,8152,12.9902,8112,2,0x997dd0ad78,0,2,0,40,100664,8152,12.9902,8112,40,100664
3169000,8192,106,83,23,6490111894,106,6490120086,0,8157,12.9915,8122,2,0xd72c114578,0,3,0,35,100699,8157,12.9915,8122,35,100699
3170000,8192,106,83,23,6492159894,106,6492168086,0,8161,12.9924,8130,2,0xee295c71b2,0,3,0,31,100730,8161,12.9924,8130,31,100730
3171000,8192,106,83,23,6494207894,106,6494216086,0,8155,12.9910,8118,2,0x71488ba3e9,0,2,0,37,100767,8155,12.9910,8118,37,100767
3172000,8192,106,83,23,6496255894,106,6496264086,0,8159,12.9919,8126,2,0x6782f5e0f9,1,2,0,33,100800,8159,12.9919,8126,33,100800
3173000,8192,106,83,23,6498303894,106,6498312086,0,8164,12.9932,8136,2,0x2c07a2773e,0,2,0,28,100828,8164,12.9932,8136,28,100828
3174000,8192,106,83,23,6500351894,106,6500360086,0,8160,12.9920,8130,3,0x97ea5a56f6,0,3,0,30,100858,8160,12.9920,8130,30,100858
3175000,8192,106,83,23,6502399894,106,6502408086,0,8169,12.9944,8146,2,0xd1598c31ee,0,2,0,23,100881,8169,12.9944,8146,23,100881
3176000,8192,106,83,23,6504447894,106,6504456086,0,8168,12.9941,8144,2,0x0ea9ea2b39,0,3,0,24,100905,8168,12.9941,8144,24,100905
3177000,8192,106,83,23,6506495894,106,6506504086,0,8163,12.9929,8134,2,0xad2e49c7cd,0,3,0,29,100934,8163,12.9929,8134,29,100934
3178000,8192,106,83,23,6508543894,106,6508552086,0,8159,12.9919,8126,2,0x0fe957df1d,0,3,0,33,100967,8159,12.9919,8126,33,100967
3179000,8192,106,83,23,6510591894,106,6510600086,0,8157,12.9915,8122,2,0x6a7347c8ed,0,3,0,35,101002,8157,12.9915,8122,35,101002
3180000,8192,106,83,23,6512639894,106,6512648086,0,8169,12.9944,8146,2,0x3582d6a54d,0,3,0,23,101025,8169,12.9944,8146,23,101025
3181000,8192,106,83,23,6514687894,106,6514696086,0,8161,12.9924,8130,2,0xa6b004704d,1,3,0,31,101056,8161,12.9924,8130,31,101056
3182000,8192,106,83,23,6516735894,106,6516744086,0,8155,12.9910,8118,2,0x555059e337,0,3,0,37,101093,8155,12.9910,8118,37,101093
3183000,8192,106,83,23,6518783894,106,6518792086,0,8151,12.9900,8110,2,0x2c717c011b,1,3,0,41,101134,8151,12.9900,8110,41,101134
3184000,8192,106,83,23,6520831894,106,6520840086,0,8164,12.9932,8136,2,0x7a1c60d6d4,1,2,0,28,101162,8164,12.9932,8136,28,101162
3185000,8192,106,83,23,6522879894,106,6522888086,0,8164,12.9932,8136,2,0x0517f32628,1,3,0,28,101190,8164,12.9932,8136,28,101190
3186000,8192,106,83,23,6524927894,106,6524936086,0,8161,12.9924,8130,2,0x876efbdf0a,0,2,0,31,101221,8161,12.9924,8130,31,101221
3187000,8192,106,83,23,6526975894,106,6526984086,0,8168,12.9941,8144,2,0xb32e20deed,1,2,0,24,101245,8168,12.9941,8144,24,101245
3188000,8192,106,83,23,6529023894,106,6529032086,0,8145,12.9885,8098,2,0x6d7d978ee2,0,2,0,47,101292,8145,12.9885,8098,47,101292
3189000,8192,106,83,23,6531071894,106,6531080086,0,8154,12.9907,8116,2,0x6b3af7a578,0,2,0,38,101330,8154,12.9907,8116,38,101330
3190000,8192,106,83,23,6533119894,106,6533128086,0,8158,12.9917,8124,2,0x7ef7eb8851,1,3,0,34,101364,8158,12.9917,8124,34,101364
3191000,8192,106,83,23,6535167894,106,6535176086,0,8163,12.9929,8134,2,0xafc1c3182c,0,2,0,29,101393,8163,12.9929,8134,29,101393
3192000,8192,106,83,23,6537215894,106,6537224086,0,8164,12.9932,8136,2,0xa6537bbc7d,0,3,0,28,101421,8164,12.9932,8136,28,101421
3193000,8192,106,83,23,6539263894,106,6539272086,0,8150,12.9897,8108,2,0x3d787bca74,0,3,0,42,101463,8150,12.9897,8108,42,101463
3194000,8192,106,83,23,6541311894,106,6541320086,0,8153,12.9905,8114,2,0x049057c7ed,0,3,0,39,101502,8153,12.9905,8114,39,101502
3195000,8192,106,83,23,6543359894,106,6543368086,0,8163,12.9929,8134,2,0x23f2c81bab,0,3,0,29,101531,8163,12.9929,8134,29,101531
3196000,8192,106,83,23,6545407894,106,6545416086,0,8155,12.9910,8118,2,0x987f754d8e,1,3,0,37,101568,8155,12.9910,8118,37,101568
3197000,8192,106,83,23,6547455894,106,6547464086,0,8162,12.9927,8132,2,0xf326e77379,0,2,0,30,101598,8162,12.9927,8132,30,101598
3198000,8192,106,83,23,6549503894,106,6549512086,0,8147,12.9890,8102,2,0x883a7582d2,0,3,0,45,101643,8147,12.9890,8102,45,101643
3199000,8192,106,83,23,6551551894,106,6551560086,0,8161,12.9924,8130,2,0x1ec95b2a0c,0,3,0,31,101674,8161,12.9924,8130,31,101674
3200000,8192,106,83,23,6553599894,106,6553608086,0,8148,12.9893,8104,2,0x0c1b616447,1,3,0,44,101718,8148,12.9893,8104,44,101718
3201000,8192,106,83,23,6555647894,106,6555656086,0,8158,12.9916,8125,3,0xe8cbd57350,0,3,0,33,101751,8158,12.9916,8125,33,101751
3202000,8192,106,83,23,6557695894,106,6557704086,0,8155,12.9910,8118,2,0xf66ac23b2c,0,2,0,37,101788,8155,12.9910,8118,37,101788
3203000,8192,106,83,23,6559743894,106,6559752086,0,8160,12.9922,8128,2,0x8a26a479b1,0,3,0,32,101820,8160,12.9922,8128,32,101820
3204000,8192,106,83,23,6561791894,106,6561800086,0,8158,12.9917,8124,2,0x451910cf81,1,3,0,34,101854,8158,12.9917,8124,34,101854
3205000,8192,106,83,23,6563839894,106,6563848086,0,8152,12.9902,8112,2,0x605f6eb98b,1,3,0,40,101894,8152,12.9902,8112,40,101894
3206000,8192,106,83,23,6565887894,106,6565896086,0,8163,12.9929,8134,2,0xfb1c455577,2,3,0,29,101923,8163,12.9929,8134,29,101923
3207000,8192,106,83,23,6567935894,106,6567944086,0,8165,12.9934,8138,2,0x3f196dc315,0,3,0,27,101950,8165,12.9934,8138,27,101950
3208000,8192,106,83,23,6569983894,106,6569992086,0,8162,12.9927,8132,2,0x30d4e1a66b,0,2,0,30,101980,8162,12.9927,8132,30,101980
3209000,8192,106,83,23,6572031894,106,6572040086,0,8163,12.9929,8134,2,0x05d6d14610,0,2,0,29,102009,8163,12.9929,8134,29,102009
3210000,8192,106,83,23,6574079894,106,6574088086,0,8152,12.9902,8112,2,0x23540db4bc,0,3,0,40,102049,8152,12.9902,8112,40,102049
3211000,8192,106,83,23,6576127894,106,6576136086,0,8167,12.9939,8142,2,0xd30646b527,1,3,0,25,102074,8167,12.9939,8142,25,102074
3212000,8192,106,83,23,6578175894,106,6578184086,0,8157,12.9915,8122,2,0xec9dc1b1cb,0,3,0,35,102109,8157,12.9915,8122,35,102109
3213000,8192,106,83,23,6580223894,106,6580232086,0,8156,12.9912,8120,2,0x79ece3c290,1,3,0,36,102145,8156,12.9912,8120,36,102145
3214000,8192,106,83,23,6582271894,106,6582280086,0,8157,12.9915,8122,2,0x9cd63258cc,1,3,0,35,102180,8157,12.9915,8122,35,102180
3215000,8192,107,84,23,6584319893,107,6584328085,0,8161,12.9924,8130,2,0xcdae471b24,0,2,0,31,102211,8161,12.9924,8130,31,102211
3216000,8192,107,84,23,6586367893,107,6586376085,0,8159,12.9919,8126,2,0x5365d6cd22,0,3,0,33,102244,8159,12.9919,8126,33,102244
3217000,8192,107,84,23,6588415893,107,6588424085,0,8167,12.9939,8142,2,0xbf865bb23d,1,2,0,25,102269,8167,12.9939,8142,25,102269
3218000,8192,107,84,23,6590463893,107,6590472085,0,8148,12.9893,8104,2,0xdff5c32534,0,2,0,44,102313,8148,12.9893,8104,44,102313
3219000,8192,107,84,23,6592511893,107,6592520085,0,8167,12.9938,8143,3,0x09e6e895e4,0,1,0,24,102337,8167,12.9938,8143,24,102337
3220000,8192,107,84,23,6594559893,107,6594568085,0,8162,12.9927,8132,2,0xa6dff4224f,0,3,0,30,102367,8162,12.9927,8132,30,102367
3221000,8192,107,84,23,6596607893,107,6596616085,0,8153,12.9905,8114,2,0xc75bebc58d,0,3,0,39,102406,8153,12.9905,8114,39,102406
3222000,8192,107,84,23,6598655893,107,6598664085,0,8148,12.9893,8104,2,0x7002d79056,0,1,0,44,102450,8148,12.9893,8104,44,102450
3223000,8192,107,84,23,6600703893,107,6600712085,0,8164,12.9932,8136,2,0x734881ea63,0,3,0,28,102478,8164,12.9932,8136,28,102478
3224000,8192,107,84,23,6602751893,107,6602760085,0,8160,12.9922,8128,2,0xb4674ec5b2,0,3,0,32,102510,8160,12.9922,8128,32,102510
3225000,8192,107,84,23,6604799893,107,6604808085,0,8171,12.9949,8150,2,0xb092a6cada,0,3,0,21,102531,8171,12.9949,8150,21,102531
3226000,8192,107,84,23,6606847893,107,6606856085,0,8163,12.9928,8135,3,0xc45d41908f,1,2,0,28,102559,8163,12.9928,8135,28,102559
3227000,8192,107,84,23,6608895893,107,6608904085,0,8160,12.9922,8128,2,0x1383479ae0,0,3,0,32,102591,8160,12.9922,8128,32,102591
3228000,8192,107,84,23,6610943893,107,6610952085,0,8162,12.9927,8132,2,0x5dddd84799,0,3,0,30,102621,8162,12.9927,8132,30,102621
3229000,8192,107,84,23,6612991893,107,6613000085,0,8149,12.9895,8106,2,0x2a05a89ef8,0,2,0,43,102664,8149,12.9895,8106,43,102664
3230000,8192,107,84,23,6615039893,107,6615048085,0,8155,12.9910,8118,2,0x15cbcb42d2,0,2,0,37,102701,8155,12.9910,8118,37,102701
3231000,8192,107,84,23,6617087893,107,6617096085,0,8155,12.9910,8118,2,0x6f91c182a9,1,3,0,37,102738,8155,12.9910,8118,37,102738
3232000,8192,107,84,23,6619135893,107,6619144085,0,8167,12.9939,8142,2,0xf5ea2bdba6,1,3,0,25,102763,8167,12.9939,8142,25,102763
3233000,8192,107,84,23,6621183893,107,6621192085,0,8158,12.9917,8124,2,0x20bdad503e,0,2,0,34,102797,8158,12.9917,8124,34,102797
3234000,8192,107,84,23,6623231893,107,6623240085,0,8156,12.9912,8120,2,0x90ba0951aa,0,3,0,36,102833,8156,12.9912,8120,36,102833
3235000,8192,107,84,23,6625279893,107,6625288085,0,8155,12.9909,8119,3,0x066ac72f3f,1,2,0,36,102869,8155,12.9909,8119,36,102869
3236000,8192,107,84,23,6627327893,107,6627336085,0,8161,12.9924,8130,2,0xa68d8f3227,0,2,0,31,102900,8161,12.9924,8130,31,102900
3237000,8192,107,84,23,6629375893,107,6629384085,0,8165,12.9934,8138,2,0xdfdfad5616,0,3,0,27,102927,8165,12.9934,8138,27,102927
3238000,8192,107,84,23,6631423893,107,6631432085,0,8161,12.9924,8130,2,0x5610bb3df0,0,2,0,31,102958,8161,12.9924,8130,31,102958
3239000,8192,108,85,23,6633471892,108,6633480084,0,8161,12.9924,8130,2,0x8361003b9f,0,3,0,31,102989,8161,12.9924,8130,31,102989
3240000,8192,108,85,23,6635519892,108,6635528084,0,8164,12.9932,8136,2,0x1035e6f5be,0,3,0,28,103017,8164,12.9932,8136,28,103017
3241000,8192,108,85,23,6637567892,108,6637576084,0,8160,12.9922,8128,2,0xfeb089ac95,1,3,0,32,103049,8160,12.9922,8128,32,103049
3242000,8192,108,85,23,6639615892,108,6639624084,0,8158,12.9917,8124,2,0xcd26fc3195,0,3,0,34,103083,8158,12.9917,8124,34,103083
3243000,8192,108,85,23,6641663892,108,6641672084,0,8165,12.9934,8138,2,0x0aa39b81eb,0,2,0,27,103110,8165,12.9934,8138,27,103110
3244000,8192,108,85,23,6643711892,108,6643720084,0,8156,12.9912,8120,2,0xb44318e1ff,0,3,0,36,103146,8156,12.9912,8120,36,103146
3245000,8192,108,85,23,6645759892,108,6645768084,0,8159,12.9919,8126,2,0xdc2c26018a,1,3,0,33,103179,8159,12.9919,8126,33,103179
3246000,8192,108,85,23,6647807892,108,6647816084,0,8163,12.9929,8134,2,0x77c3ab0fa0,1,3,0,29,103208,8163,12.9929,8134,29,103208
3247000,8192,108,85,23,6649855892,108,6649864084,0,8155,12.9910,8118,2,0xe9c45ae64e,1,3,0,37,103245,8155,12.9910,8118,37,103245
3248000,8192,108,85,23,6651903892,108,6651912084,0,8161,12.9924,8130,2,0x556dbad604,0,3,0,31,103276,8161,12.9924,8130,31,103276
3249000,8192,108,85,23,6653951892,108,6653960084,0,8163,12.9929,8134,2,0x7a491bb26c,0,2,0,29,103305,8163,12.9929,8134,29,103305
3250000,8192,108,85,23,6655999892,108,6656008084,0,8162,12.9927,8132,2,0x1a698533f6,1,2,0,30,103335,8162,12.9927,8132,30,103335
3251000,8192,108,85,23,6658047892,108,6658056084,0,8163,12.9929,8134,2,0xac103dc90e,0,3,0,29,103364,8163,12.9929,8134,29,103364
3252000,8192,108,85,23,6660095892,108,6660104084,0,8160,12.9921,8129,3,0xc092a23455,0,3,0,31,103395,8160,12.9921,8129,31,103395
3253000,8192,108,85,23,6662143892,108,6662152084,0,8160,12.9922,8128,2,0xf7a9c33c8e,1,3,0,32,103427,8160,12.9922,8128,32,103427
3254000,8192,108,85,23,6664191892,108,6664200084,0,8168,12.9940,8145,3,0x21356668ba,0,2,0,23,103450,8168,12.9940,8145,23,103450
3255000,8192,108,85,23,6666239892,108,6666248084,0,8167,12.9939,8142,2,0x1421e140c9,1,3,0,25,103475,8167,12.9939,8142,25,103475
3256000,8192,108,85,23,6668287892,108,6668296084,0,8156,12.9912,8120,2,0xebf6464942,0,3,0,36,103511,8156,12.9912,8120,36,103511
3257000,8192,108,85,23,6670335892,108,6670344084,0,8155,12.9910,8118,2,0xa12c5bfcc6,0,1,0,37,103548,8155,12.9910,8118,37,103548
3258000,8192,108,85,23,6672383892,108,6672392084,0,8171,12.9948,8151,3,0x0938ca0e65,0,2,0,20,103568,8171,12.9948,8151,20,103568
3259000,8192,108,85,23,6674431892,108,6674440084,0,8161,12.9924,8130,2,0x7442576b2b,3,3,0,31,103599,8161,12.9924,8130,31,103599
3260000,8192,108,85,23,6676479892,108,6676488084,0,8161,12.9924,8130,2,0xb424a7041c,1,3,0,31,103630,8161,12.9924,8130,31,103630
3261000,8192,108,85,23,6678527892,108,6678536084,0,8157,12.9914,8123,3,0xa472090a56,0,3,0,34,103664,8157,12.9914,8123,34,103664
3262000,8192,108,85,23,6680575892,108,6680584084,0,8158,12.9917,8124,2,0xa587e9e080,0,3,0,34,103698,8158,12.9917,8124,34,103698
3263000,8192,108,85,23,6682623892,108,6682632084,0,8154,12.9907,8116,2,0xb254342a9b,0,3,0,38,103736,8154,12.9907,8116,38,103736
3264000,8192,108,85,23,6684671892,108,6684680084,0,8155,12.9910,8118,2,0xcd716038cf,2,3,0,37,103773,8155,12.9910,8118,37,103773
3265000,8192,108,85,23,6686719892,108,6686728084,0,8157,12.9915,8122,2,0x4ab83d6039,0,3,0,35,103808,8157,12.9915,8122,35,103808
3266000,8192,108,85,23,6688767892,108,6688776084,0,8157,12.9915,8122,2,0x24374fd8f1,0,3,0,35,103843,8157,12.9915,8122,35,103843
3267000,8192,108,85,23,6690815892,108,6690824084,0,8161,12.9924,8130,2,0x245674db0d,1,3,0,31,103874,8161,12.9924,8130,31,103874
3268000,8192,108,85,23,6692863892,108,6692872084,0,8163,12.9929,8134,2,0x9e6fe9f710,0,3,0,29,103903,8163,12.9929,8134,29,103903
3269000,8192,108,85,23,6694911892,108,6694920084,0,8157,12.9915,8122,2,0xea0c09748c,0,3,0,35,103938,8157,12.9915,8122,35,103938
3270000,8192,108,85,23,6696959892,108,6696968084,0,8157,12.9915,8122,2,0x86f35e04eb,0,2,0,35,103973,8157,12.9915,8122,35,103973
3271000,8192,108,85,23,6699007892,108,6699016084,0,8161,12.9924,8130,2,0xc19602ab43,1,3,0,31,104004,8161,12.9924,8130,31,104004
3272000,8192,108,85,23,6701055892,108,6701064084,0,8156,12.9912,8120,2,0x658c33cab5,1,3,0,36,104040,8156,12.9912,8120,36,104040
3273000,8192,108,85,23,6703103892,108,6703112084,0,8161,12.9924,8130,2,0xa6dd7857c1,0,3,0,31,104071,8161,12.9924,8130,31,104071
3274000,8192,108,85,23,6705151892,108,6705160084,0,8162,12.9927,8132,2,0x5210d7f92c,0,3,0,30,104101,8162,12.9927,8132,30,104101
3275000,8192,108,85,23,6707199892,108,6707208084,0,8161,12.9924,8130,2,0x28eb69bb4c,2,2,0,31,104132,8161,12.9924,8130,31,104132
3276000,8192,108,85,23,6709247892,108,6709256084,0,8147,12.9890,8102,2,0x5e66b0156f,0,3,0,45,104177,8147,12.9890,8102,45,104177
3277000,8192,108,85,23,6711295892,108,6711304084,0,8157,12.9915,8122,2,0x0a15f45a77,0,2,0,35,104212,8157,12.9915,8122,35,104212
3278000,8192,108,85,23,6713343892,108,6713352084,0,8162,12.9927,8132,2,0x817bc75912,0,2,0,30,104242,8162,12.9927,8132,30,104242
3279000,8192,108,85,23,6715391892,108,6715400084,0,8159,12.9919,8126,2,0xd7ff7e63de,0,3,0,33,104275,8159,12.9919,8126,33,104275
3280000,8192,108,85,23,6717439892,108,6717448084,0,8167,12.9938,8143,3,0x405df30bc3,0,2,0,24,104299,8167,12.9938,8143,24,104299
3281000,8192,108,85,23,6719487892,108,6719496084,0,8164,12.9931,8137,3,0x5c338c0db3,1,2,0,27,104326,8164,12.9931,8137,27,104326
3282000,8192,108,85,23,6721535892,108,6721544084,0,8153,12.9905,8114,2,0x438e567cd7,0,1,0,39,104365,8153,12.9905,8114,39,104365
3283000,8192,108,85,23,6723583892,108,6723592084,0,8164,12.9932,8136,2,0x15409d9e44,1,2,0,28,104393,8164,12.9932,8136,28,104393
3284000,8192,108,85,23,6725631892,108,6725640084,0,8156,12.9912,8120,2,0x675e76e127,0,3,0,36,104429,8156,12.9912,8120,36,104429
3285000,8192,108,85,23,6727679892,108,6727688084,0,8154,12.9907,8116,2,0x6fb79ceade,0,2,0,38,104467,8154,12.9907,8116,38,104467
3286000,8192,108,85,23,6729727892,108,6729736084,0,8161,12.9924,8130,2,0xa1446c00b6,1,3,0,31,104498,8161,12.9924,8130,31,104498
3287000,8192,108,85,23,6731775892,108,6731784084,0,8156,12.9911,8121,3,0x991a267bdf,2,2,0,35,104533,8156,12.9911,8121,35,104533
3288000,8192,108,85,23,6733823892,108,6733832084,0,8171,12.9949,8150,2,0x84988f2b3d,0,2,0,21,104554,8171,12.9949,8150,21,104554
3289000,8192,108,85,23,6735871892,108,6735880084,0,8170,12.9946,8148,2,0x5930406017,0,3,0,22,104576,8170,12.9946,8148,22,104576
3290000,8192,108,85,23,6737919892,108,6737928084,0,8156,12.9912,8120,2,0xb2dbb6ad2e,0,2,0,36,104612,8156,12.9912,8120,36,104612
3291000,8192,108,85,23,6739967892,108,6739976084,0,8153,12.9905,8114,2,0xe873b7b157,0,2,0,39,104651,8153,12.9905,8114,39,104651
3292000,8192,108,85,23,6742015892,108,6742024084,0,8167,12.9939,8142,2,0x9810131aad,0,3,0,25,104676,8167,12.9939,8142,25,104676
3293000,8192,108,85,23,6744063892,108,6744072084,0,8164,12.9931,8137,3,0x5818995f44,0,3,0,27,104703,8164,12.9931,8137,27,104703
3294000,8192,108,85,23,6746111892,108,6746120084,0,8164,12.9932,8136,2,0x5bdf4f1d13,0,2,0,28,104731,8164,12.9932,8136,28,104731
3295000,8192,108,85,23,6748159892,108,6748168084,0,8156,12.9912,8120,2,0xbeede81eac,1,3,0,36,104767,8156,12.9912,8120,36,104767
3296000,8192,109,86,23,6750207891,109,6750216083,0,8159,12.9919,8126,2,0xe5fea89e0a,0,1,0,33,104800,8159,12.9919,8126,33,104800
3297000,8192,109,86,23,6752255891,109,6752264083,0,8163,12.9929,8134,2,0x29ba8620e9,0,3,0,29,104829,8163,12.9929,8134,29,104829
3298000,8192,109,86,23,6754303891,109,6754312083,0,8158,12.9917,8124,2,0x229b2de910,0,3,0,34,104863,8158,12.9917,8124,34,104863
3299000,8192,109,86,23,6756351891,109,6756360083,0,8157,12.9915,8122,2,0x61e45206e8,0,2,0,35,104898,8157,12.9915,8122,35,104898
3300000,8192,109,86,23,6758399891,109,6758408083,0,8162,12.9927,8132,2,0x8faad88289,1,3,0,30,104928,8162,12.9927,8132,30,104928
3301000,8192,109,86,23,6760447891,109,6760456083,0,8166,12.9937,8140,2,0x48c093465f,1,2,0,26,104954,8166,12.9937,8140,26,104954
3302000,8192,109,86,23,6762495891,109,6762504083,0,8160,12.9922,8128,2,0x1ec00b2405,0,3,0,32,104986,8160,12.9922,8128,32,104986
3303000,8192,109,86,23,6764543891,109,6764552083,0,8161,12.9924,8130,2,0x17e879e926,1,3,0,31,105017,8161,12.9924,8130,31,105017
3304000,8192,109,86,23,6766591891,109,6766600083,0,8165,12.9934,8138,2,0xef55c95d49,0,2,0,27,105044,8165,12.9934,8138,27,105044
3305000,8192,109,86,23,6768639891,109,6768648083,0,8158,12.9917,8124,2,0x2186eecf1d,0,2,0,34,105078,8158,12.9917,8124,34,105078
3306000,8192,109,86,23,6770687891,109,6770696083,0,8156,12.9912,8120,2,0x22ec8ad257,0,3,0,36,105114,8156,12.9912,8120,36,105114
3307000,8192,109,86,23,6772735891,109,6772744083,0,8172,12.9951,8152,2,0x9ad98bb050,1,3,0,20,105134,8172,12.9951,8152,20,105134
3308000,8192,109,86,23,6774783891,109,6774792083,0,8152,12.9902,8112,2,0xc6e609a8ee,0,3,0,40,105174,8152,12.9902,8112,40,105174
3309000,8192,109,86,23,6776831891,109,6776840083,0,8157,12.9915,8122,2,0x7b6417ad12,0,1,0,35,105209,8157,12.9915,8122,35,105209
3310000,8192,109,86,23,6778879891,109,6778888083,0,8160,12.9922,8128,2,0x08bc3d3c7f,0,3,0,32,105241,8160,12.9922,8128,32,105241
3311000,8192,109,86,23,6780927891,109,6780936083,0,8153,12.9905,8114,2,0x4d13532c18,0,3,0,39,105280,8153,12.9905,8114,39,105280
3312000,8192,109,86,23,6782975891,109,6782984083,0,8151,12.9899,8111,3,0xf7e2423146,0,2,0,40,105320,8151,12.9899,8111,40,105320
3313000,8192,109,86,23,6785023891,109,6785032083,0,8162,12.9927,8132,2,0xdbcb81cd0e,0,3,0,30,105350,8162,12.9927,8132,30,105350
3314000,8192,109,86,23,6787071891,109,6787080083,0,8144,12.9883,8096,2,0xd02eea50ac,0,3,0,48,105398,8144,12.9883,8096,48,105398
3315000,8192,109,86,23,6789119891,109,6789128083,0,8154,12.9907,8116,2,0xa965734c87,0,3,0,38,105436,8154,12.9907,8116,38,105436
3316000,8192,109,86,23,6791167891,109,6791176083,0,8166,12.9937,8140,2,0x8a78cadf17,0,3,0,26,105462,8166,12.9937,8140,26,105462
3317000,8192,109,86,23,6793215891,109,6793224083,0,8165,12.9934,8138,2,0x98034d3fc9,1,3,0,27,105489,8165,12.9934,8138,27,105489
3318000,8192,109,86,23,6795263891,109,6795272083,0,8153,12.9905,8114,2,0xba303e2c85,1,2,0,39,105528,8153,12.9905,8114,39,105528
3319000,8192,109,86,23,6797311891,109,6797320083,0,8162,12.9927,8132,2,0x6e450fb747,0,3,0,30,105558,8162,12.9927,8132,30,105558
3320000,8192,109,86,23,6799359891,109,6799368083,0,8160,12.9922,8128,2,0x675434e73e,0,3,0,32,105590,8160,12.9922,8128,32,105590
3321000,8192,109,86,23,6801407891,109,6801416083,0,8162,12.9927,8132,2,0x358cd76767,0,2,0,30,105620,8162,12.9927,8132,30,105620
3322000,8192,109,86,23,6803455891,109,6803464083,0,8163,12.9929,8134,2,0xae2b377d21,0,2,0,29,105649,8163,12.9929,8134,29,105649
3323000,8192,109,86,23,6805503891,109,6805512083,0,8154,12.9906,8117,3,0x473335e54e,0,3,0,37,105686,8154,12.9906,8117,37,105686
3324000,8192,109,86,23,6807551891,109,6807560083,0,8158,12.9916,8125,3,0xeaea439d11,0,3,0,33,105719,8158,12.9916,8125,33,105719
3325000,8192,109,86,23,6809599891,109,6809608083,0,8162,12.9927,8132,2,0x25f072e596,0,2,0,30,105749,8162,12.9927,8132,30,105749
3326000,8192,109,86,23,6811647891,109,6811656083,0,8163,12.9929,8134,2,0xee88a65d3d,0,3,0,29,105778,8163,12.9929,8134,29,105778
3327000,8192,109,86,23,6813695891,109,6813704083,0,8151,12.9900,8110,2,0xa6d14bd091,1,2,0,41,105819,8151,12.9900,8110,41,105819
3328000,8192,109,86,23,6815743891,109,6815752083,0,8157,12.9915,8122,2,0xd8d314f291,0,3,0,35,105854,8157,12.9915,8122,35,105854
3329000,8192,109,86,23,6817791891,109,6817800083,0,8158,12.9917,8124,2,0x0421ce08ec,1,3,0,34,105888,8158,12.9917,8124,34,105888
3330000,8192,109,86,23,6819839891,109,6819848083,0,8155,12.9910,8118,2,0x7a1f02d9a6,0,2,0,37,105925,8155,12.9910,8118,37,105925
3331000,8192,109,86,23,6821887891,109,6821896083,0,8157,12.9915,8122,2,0xa39194ce8d,2,2,0,35,105960,8157,12.9915,8122,35,105960
3332000,8192,109,86,23,6823935891,109,6823944083,0,8161,12.9924,8130,2,0xdd592a5afb,0,3,0,31,105991,8161,12.9924,8130,31,105991
3333000,8192,109,86,23,6825983891,109,6825992083,0,8164,12.9932,8136,2,0xaa02a19412,0,3,0,28,106019,8164,12.9932,8136,28,106019
3334000,8192,109,86,23,6828031891,109,6828040083,0,8161,12.9924,8130,2,0xc15eae1cae,2,3,0,31,106050,8161,12.9924,8130,31,106050
3335000,8192,109,86,23,6830079891,109,6830088083,0,8164,12.9932,8136,2,0xf7a9dbebe3,0,3,0,28,106078,8164,12.9932,8136,28,106078
3336000,8192,109,86,23,6832127891,109,6832136083,0,8158,12.9916,8125,3,0xea68ae4e0b,0,3,0,33,106111,8158,12.9916,8125,33,106111
3337000,8192,109,86,23,6834175891,109,6834184083,0,8158,12.9917,8124,2,0x0a48633a91,0,1,0,34,106145,8158,12.9917,8124,34,106145
3338000,8192,109,86,23,6836223891,109,6836232083,0,8160,12.9922,8128,2,0xe507fa8286,1,3,0,32,106177,8160,12.9922,8128,32,106177
3339000,8192,109,86,23,6838271891,109,6838280083,0,8162,12.9927,8132,2,0x661eeaa114,0,3,0,30,106207,8162,12.9927,8132,30,106207
3340000,8192,109,86,23,6840319891,109,6840328083,0,8166,12.9937,8140,2,0x71885d41fb,2,1,0,26,106233,8166,12.9937,8140,26,106233
3341000,8192,109,86,23,6842367891,109,6842376083,0,8167,12.9939,8142,2,0xd557c69707,0,3,0,25,106258,8167,12.9939,8142,25,106258
3342000,8192,109,86,23,6844415891,109,6844424083,0,8167,12.9939,8142,2,0xce2fde2342,0,3,0,25,106283,8167,12.9939,8142,25,106283
3343000,8192,109,86,23,6846463891,109,6846472083,0,8163,12.9929,8134,2,0xc36105cd18,0,2,0,29,106312,8163,12.9929,8134,29,106312
3344000,8192,109,86,23,6848511891,109,6848520083,0,8156,12.9912,8120,2,0xb9598baf9e,0,3,0,36,106348,8156,12.9912,8120,36,106348
3345000,8192,109,86,23,6850559891,109,6850568083,0,8163,12.9929,8134,2,0x3e944d956f,0,3,0,29,106377,8163,12.9929,8134,29,106377
3346000,8192,109,86,23,6852607891,109,6852616083,0,8155,12.9910,8118,2,0x76618e998e,1,3,0,37,106414,8155,12.9910,8118,37,106414
3347000,8192,109,86,23,6854655891,109,6854664083,0,8169,12.9944,8146,2,0x690bf25468,0,3,0,23,106437,8169,12.9944,8146,23,106437
3348000,8192,109,86,23,6856703891,109,6856712083,0,8158,12.9917,8124,2,0x7aae891266,1,2,0,34,106471,8158,12.9917,8124,34,106471
3349000,8192,109,86,23,6858751891,109,6858760083,0,8155,12.9910,8118,2,0x85d7197dc8,0,1,0,37,106508,8155,12.9910,8118,37,106508
3350000,8192,109,86,23,6860799891,109,6860808083,0,8153,12.9905,8114,2,0x6b167ce320,1,1,0,39,106547,8153,12.9905,8114,39,106547
3351000,8192,109,86,23,6862847891,109,6862856083,0,8156,12.9911,8121,3,0x9c6c850331,1,3,0,35,106582,8156,12.9911,8121,35,106582
3352000,8192,109,86,23,6864895891,109,6864904083,0,8176,12.9961,8160,2,0x26c4d5115d,1,2,0,16,106598,8176,12.9961,8160,16,106598
3353000,8192,109,86,23,6866943891,109,6866952083,0,8164,12.9932,8136,2,0x0a0899cf63,1,3,0,28,106626,8164,12.9932,8136,28,106626
3354000,8192,109,86,23,6868991891,109,6869000083,0,8147,12.9890,8102,2,0x784a00f1be,0,3,0,45,106671,8147,12.9890,8102,45,106671
3355000,8192,109,86,23,6871039891,109,6871048083,0,8156,12.9912,8120,2,0x29a9fc4de8,2,3,0,36,106707,8156,12.9912,8120,36,106707
3356000,8192,109,86,23,6873087891,109,6873096083,0,8163,12.9929,8134,2,0xc366ad883c,0,2,0,29,106736,8163,12.9929,8134,29,106736
3357000,8192,109,86,23,6875135891,109,6875144083,0,8159,12.9919,8126,2,0xfe7fc115c4,0,3,0,33,106769,8159,12.9919,8126,33,106769
3358000,8192,109,86,23,6877183891,109,6877192083,0,8165,12.9934,8138,2,0x9db3451596,0,2,0,27,106796,8165,12.9934,8138,27,106796
3359000,8192,109,86,23,6879231891,109,6879240083,0,8163,12.9929,8134,2,0x3f5d1dca6e,1,3,0,29,106825,8163,12.9929,8134,29,106825
3360000,8192,109,86,23,6881279891,109,6881288083,0,8168,12.9941,8144,2,0x5f67b344c6,0,2,0,24,106849,8168,12.9941,8144,24,106849
3361000,8192,109,86,23,6883327891,109,6883336083,0,8168,12.9941,8144,2,0xcacba7c676,0,2,0,24,106873,8168,12.9941,8144,24,106873
3362000,8192,109,86,23,6885375891,109,6885384083,0,8160,12.9922,8128,2,0xd5bc72fb43,0,3,0,32,106905,8160,12.9922,8128,32,106905
3363000,8192,109,86,23,6887423891,109,6887432083,0,8154,12.9907,8116,2,0xabc46bea7c,0,3,0,38,106943,8154,12.9907,8116,38,106943
3364000,8192,109,86,23,6889471891,109,6889480083,0,8158,12.9917,8124,2,0x626a06f3e1,0,3,0,34,106977,8158,12.9917,8124,34,106977
3365000,8192,109,86,23,6891519891,109,6891528083,0,8165,12.9934,8138,2,0x639f6b38f5,0,3,0,27,107004,8165,12.9934,8138,27,107004
3366000,8192,109,86,23,6893567891,109,6893576083,0,8155,12.9910,8118,2,0xc715c391f2,0,3,0,37,107041,8155,12.9910,8118,37,107041
3367000,8192,109,86,23,6895615891,109,6895624083,0,8163,12.9929,8134,2,0xcb24192b94,0,3,0,29,107070,8163,12.9929,8134,29,107070
3368000,8192,109,86,23,6897663891,109,6897672083,0,8157,12.9915,8122,2,0xdc3f2aad0d,0,2,0,35,107105,8157,12.9915,8122,35,107105
3369000,8192,109,86,23,6899711891,109,6899720083,0,8172,12.9951,8152,2,0x23878a4197,0,3,0,20,107125,8172,12.9951,8152,20,107125
3370000,8192,109,86,23,6901759891,109,6901768083,0,8165,12.9934,8138,2,0xebf866b723,0,3,0,27,107152,8165,12.9934,8138,27,107152
3371000,8192,109,86,23,6903807891,109,6903816083,0,8158,12.9917,8124,2,0x7b13a13758,0,3,0,34,107186,8158,12.9917,8124,34,107186
3372000,8192,109,86,23,6905855891,109,6905864083,0,8162,12.9927,8132,2,0xab6ff69a7f,1,3,0,30,107216,8162,12.9927,8132,30,107216
3373000,8192,109,86,23,6907903891,109,6907912083,0,8158,12.9917,8124,2,0x18ff32ba3c,0,2,0,34,107250,8158,12.9917,8124,34,107250
3374000,8192,109,86,23,6909951891,109,6909960083,0,8158,12.9917,8124,2,0xed7a051b02,0,3,0,34,107284,8158,12.9917,8124,34,107284
3375000,8192,110,87,23,6911999890,110,6912008082,0,8163,12.9929,8134,2,0xaf001bb985,1,3,0,29,107313,8163,12.9929,8134,29,107313
3376000,8192,110,87,23,6914047890,110,6914056082,0,8161,12.9924,8130,2,0x17202f2e94,0,3,0,31,107344,8161,12.9924,8130,31,107344
3377000,8192,110,87,23,6916095890,110,6916104082,0,8149,12.9895,8106,2,0x33d090ed75,0,3,0,43,107387,8149,12.9895,8106,43,107387
3378000,8192,110,87,23,6918143890,110,6918152082,0,8150,12.9897,8108,2,0xe4555403ae,0,2,0,42,107429,8150,12.9897,8108,42,107429
3379000,8192,110,87,23,6920191890,110,6920200082,0,8159,12.9919,8126,2,0x14e1876d94,1,3,0,33,107462,8159,12.9919,8126,33,107462
3380000,8192,110,87,23,6922239890,110,6922248082,0,8160,12.9922,8128,2,0xc4f61aac6d,0,3,0,32,107494,8160,12.9922,8128,32,107494
3381000,8192,110,87,23,6924287890,110,6924296082,0,8153,12.9905,8114,2,0x16d11d2700,0,2,0,39,107533,8153,12.9905,8114,39,107533
3382000,8192,110,87,23,6926335890,110,6926344082,0,8152,12.9902,8112,2,0x79576132e6,2,3,0,40,107573,8152,12.9902,8112,40,107573
3383000,8192,110,87,23,6928383890,110,6928392082,0,8153,12.9905,8114,2,0xb266a90a46,2,2,0,39,107612,8153,12.9905,8114,39,107612
3384000,8192,110,87,23,6930431890,110,6930440082,0,8155,12.9910,8118,2,0x9b7300c28d,0,3,0,37,107649,8155,12.9910,8118,37,107649
3385000,8192,110,87,23,6932479890,110,6932488082,0,8163,12.9929,8134,2,0xd2d5c3f5fb,1,3,0,29,107678,8163,12.9929,8134,29,107678
3386000,8192,110,87,23,6934527890,110,6934536082,0,8173,12.9954,8154,2,0xcf29109eea,0,2,0,19,107697,8173,12.9954,8154,19,107697
3387000,8192,110,87,23,6936575890,110,6936584082,0,8158,12.9917,8124,2,0x1bf9e706de,0,2,0,34,107731,8158,12.9917,8124,34,107731
3388000,8192,110,87,23,6938623890,110,6938632082,0,8155,12.9910,8118,2,0x444c16eb79,0,3,0,37,107768,8155,12.9910,8118,37,107768
3389000,8192,110,87,23,6940671890,110,6940680082,0,8171,12.9949,8150,2,0x490ebf6f4f,0,3,0,21,107789,8171,12.9949,8150,21,107789
3390000,8192,110,87,23,6942719890,110,6942728082,0,8166,12.9937,8140,2,0x06c1f8de70,0,3,0,26,107815,8166,12.9937,8140,26,107815
3391000,8192,110,87,23,6944767890,110,6944776082,0,8162,12.9927,8132,2,0xbd861305ef,0,3,0,30,107845,8162,12.9927,8132,30,107845
3392000,8192,110,87,23,6946815890,110,6946824082,0,8165,12.9934,8138,2,0x75470ef281,1,2,0,27,107872,8165,12.9934,8138,27,107872
3393000,8192,110,87,23,6948863890,110,6948872082,0,8157,12.9915,8122,2,0xa5f7be7a42,1,3,0,35,107907,8157,12.9915,8122,35,107907
3394000,8192,110,87,23,6950911890,110,6950920082,0,8164,12.9932,8136,2,0x9883994c7f,0,3,0,28,107935,8164,12.9932,8136,28,107935
3395000,8192,110,87,23,6952959890,110,6952968082,0,8156,12.9912,8120,2,0x3f5adb8b4a,0,2,0,36,107971,8156,12.9912,8120,36,107971
3396000,8192,110,87,23,6955007890,110,6955016082,0,8163,12.9929,8134,2,0x04bcaab491,0,2,0,29,108000,8163,12.9929,8134,29,108000
3397000,8192,110,87,23,6957055890,110,6957064082,0,8157,12.9914,8123,3,0x006e158844,1,2,0,34,108034,8157,12.9914,8123,34,108034
3398000,8192,110,87,23,6959103890,110,6959112082,0,8162,12.9927,8132,2,0x9583f9d8e5,0,3,0,30,108064,8162,12.9927,8132,30,108064
3399000,8192,110,87,23,6961151890,110,6961160082,0,8171,12.9949,8150,2,0x9d300816be,0,1,0,21,108085,8171,12.9949,8150,21,108085
3400000,8192,110,87,23,6963199890,110,6963208082,0,8165,12.9933,8139,3,0x17448d3cb7,1,3,0,26,108111,8165,12.9933,8139,26,108111
3401000,8192,110,87,23,6965247890,110,6965256082,0,8160,12.9922,8128,2,0x81c4b261bd,0,2,0,32,108143,8160,12.9922,8128,32,108143
3402000,8192,110,87,23,6967295890,110,6967304082,0,8150,12.9897,8108,2,0x0f55c13405,0,3,0,42,108185,8150,12.9897,8108,42,108185
3403000,8192,110,87,23,6969343890,110,6969352082,0,8157,12.9915,8122,2,0x30c01472c1,1,3,0,35,108220,8157,12.9915,8122,35,108220
3404000,8192,110,87,23,6971391890,110,6971400082,0,8152,12.9902,8112,2,0xef9578fd53,0,2,0,40,108260,8152,12.9902,8112,40,108260
3405000,8192,110,87,23,6973439890,110,6973448082,0,8159,12.9919,8126,2,0x4dc48e0a7f,0,2,0,33,108293,8159,12.9919,8126,33,108293
3406000,8192,110,87,23,6975487890,110,6975496082,0,8158,12.9917,8124,2,0xa5bf6951a3,1,3,0,34,108327,8158,12.9917,8124,34,108327
3407000,8192,110,87,23,6977535890,110,6977544082,0,8162,12.9927,8132,2,0x3a455e4b64,0,3,0,30,108357,8162,12.9927,8132,30,108357
3408000,8192,110,87,23,6979583890,110,6979592082,0,8166,12.9937,8140,2,0x533fe170d2,0,3,0,26,108383,8166,12.9937,8140,26,108383
3409000,8192,110,87,23,6981631890,110,6981640082,0,8166,12.9937,8140,2,0x54c05d3dca,1,3,0,26,108409,8166,12.9937,8140,26,108409
3410000,8192,110,87,23,6983679890,110,6983688082,0,8166,12.9937,8140,2,0xf8fdcd9fff,1,3,0,26,108435,8166,12.9937,8140,26,108435
3411000,8192,110,87,23,6985727890,110,6985736082,0,8157,12.9915,8122,2,0x9b7dead74d,0,2,0,35,108470,8157,12.9915,8122,35,108470
3412000,8192,110,87,23,6987775890,110,6987784082,0,8157,12.9915,8122,2,0x59a8acc936,1,3,0,35,108505,8157,12.9915,8122,35,108505
3413000,8192,110,87,23,6989823890,110,6989832082,0,8167,12.9939,8142,2,0x2bb3747f35,0,3,0,25,108530,8167,12.9939,8142,25,108530
3414000,8192,110,87,23,6991871890,110,6991880082,0,8167,12.9939,8142,2,0x69d42c7ac1,0,3,0,25,108555,8167,12.9939,8142,25,108555
3415000,8192,110,87,23,6993919890,110,6993928082,0,8155,12.9909,8119,3,0x15cbe46719,0,2,0,36,108591,8155,12.9909,8119,36,108591
3416000,8192,110,87,23,6995967890,110,6995976082,0,8158,12.9917,8124,2,0x7386c91f2b,1,2,0,34,108625,8158,12.9917,8124,34,108625
3417000,8192,110,87,23,6998015890,110,6998024082,0,8166,12.9937,8140,2,0x7fc1f5a3d2,2,3,0,26,108651,8166,12.9937,8140,26,108651
3418000,8192,110,87,23,7000063890,110,7000072082,0,8164,12.9932,8136,2,0x7d1b47d138,2,3,0,28,108679,8164,12.9932,8136,28,108679
3419000,8192,110,87,23,7002111890,110,7002120082,0,8158,12.9917,8124,2,0x9eb3cd07de,0,2,0,34,108713,8158,12.9917,8124,34,108713
3420000,8192,110,87,23,7004159890,110,7004168082,0,8162,12.9927,8132,2,0x1c32b0de10,0,3,0,30,108743,8162,12.9927,8132,30,108743
3421000,8192,110,87,23,7006207890,110,7006216082,0,8164,12.9932,8136,2,0xf6ad97b8d3,0,3,0,28,108771,8164,12.9932,8136,28,108771
3422000,8192,110,87,23,7008255890,110,7008264082,0,8164,12.9932,8136,2,0x24f936b580,1,3,0,28,108799,8164,12.9932,8136,28,108799
3423000,8192,110,87,23,7010303890,110,7010312082,0,8155,12.9910,8118,2,0x6f331eda25,1,3,0,37,108836,8155,12.9910,8118,37,108836
3424000,8192,110,87,23,7012351890,110,7012360082,0,8175,12.9958,8158,2,0x7b4cab50f0,1,3,0,17,108853,8175,12.9958,8158,17,108853
3425000,8192,110,87,23,7014399890,110,7014408082,0,8162,12.9927,8132,2,0xb36c22451a,0,3,0,30,108883,8162,12.9927,8132,30,108883
3426000,8192,110,87,23,7016447890,110,7016456082,0,8154,12.9907,8116,2,0xd369cca5e6,0,3,0,38,108921,8154,12.9907,8116,38,108921
3427000,8192,110,87,23,7018495890,110,7018504082,0,8146,12.9888,8100,2,0xfbc5d1df6c,0,2,0,46,108967,8146,12.9888,8100,46,108967
3428000,8192,110,87,23,7020543890,110,7020552082,0,8167,12.9939,8142,2,0x112f75d8b4,1,3,0,25,108992,8167,12.9939,8142,25,108992
3429000,8192,110,87,23,7022591890,110,7022600082,0,8161,12.9924,8130,2,0x6a22141d6e,0,3,0,31,109023,8161,12.9924,8130,31,109023
3430000,8192,110,87,23,7024639890,110,7024648082,0,8162,12.9927,8132,2,0x92d23b96ce,0,3,0,30,109053,8162,12.9927,8132,30,109053
3431000,8192,110,87,23,7026687890,110,7026696082,0,8156,12.9912,8120,2,0x022c5420b6,2,3,0,36,109089,8156,12.9912,8120,36,109089
3432000,8192,110,87,23,7028735890,110,7028744082,0,8158,12.9917,8124,2,0x5a19e8fb1c,1,3,0,34,109123,8158,12.9917,8124,34,109123
3433000,8192,110,87,23,7030783890,110,7030792082,0,8162,12.9927,8132,2,0xabe5d55220,0,2,0,30,109153,8162,12.9927,8132,30,109153
3434000,8192,110,87,23,7032831890,110,7032840082,0,8163,12.9928,8135,3,0x8a5f277a4e,0,3,0,28,109181,8163,12.9928,8135,28,109181
3435000,8192,110,87,23,7034879890,110,7034888082,0,8156,12.9912,8120,2,0xdcd2561188,1,3,0,36,109217,8156,12.9912,8120,36,109217
3436000,8192,110,87,23,7036927890,110,7036936082,0,8161,12.9924,8130,2,0xa1be916539,0,2,0,31,109248,8161,12.9924,8130,31,109248
3437000,8192,110,87,23,7038975890,110,7038984082,0,8163,12.9929,8134,2,0x28293bbea4,0,1,0,29,109277,8163,12.9929,8134,29,109277
3438000,8192,110,87,23,7041023890,110,7041032082,0,8161,12.9924,8130,2,0xd73323f220,0,3,0,31,109308,8161,12.9924,8130,31,109308
3439000,8192,110,87,23,7043071890,110,7043080082,0,8163,12.9929,8134,2,0x60be60ccc3,0,3,0,29,109337,8163,12.9929,8134,29,109337
3440000,8192,110,87,23,7045119890,110,7045128082,0,8151,12.9899,8111,3,0x2c43553f44,0,2,0,40,109377,8151,12.9899,8111,40,109377
3441000,8192,110,87,23,7047167890,110,7047176082,0,8157,12.9915,8122,2,0xf22e94a356,0,3,0,35,109412,8157,12.9915,8122,35,109412
3442000,8192,110,87,23,7049215890,110,7049224082,0,8155,12.9910,8118,2,0x61a3dfbd74,0,3,0,37,109449,8155,12.9910,8118,37,109449
3443000,8192,110,87,23,7051263890,110,7051272082,0,8161,12.9924,8130,2,0xcc014f6841,1,3,0,31,109480,8161,12.9924,8130,31,109480
3444000,8192,110,87,23,7053311890,110,7053320082,0,8158,12.9917,8124,2,0x31c736b7b2,0,3,0,34,109514,8158,12.9917,8124,34,109514
3445000,8192,110,87,23,7055359890,110,7055368082,0,8165,12.9933,8139,3,0xa18ce9b568,0,2,0,26,109540,8165,12.9933,8139,26,109540
3446000,8192,110,87,23,7057407890,110,7057416082,0,8159,12.9919,8126,2,0x42eaed64d8,0,3,0,33,109573,8159,12.9919,8126,33,109573
3447000,8192,110,87,23,7059455890,110,7059464082,0,8158,12.9917,8124,2,0x4475bb328f,0,3,0,34,109607,8158,12.9917,8124,34,109607
3448000,8192,110,87,23,7061503890,110,7061512082,0,8158,12.9916,8125,3,0x0927a28f90,0,2,0,33,109640,8158,12.9916,8125,33,109640
3449000,8192,110,87,23,7063551890,110,7063560082,0,8169,12.9944,8146,2,0x356e8d83ce,1,2,0,23,109663,8169,12.9944,8146,23,109663
3450000,8192,110,87,23,7065599890,110,7065608082,0,8158,12.9917,8124,2,0x6d3522032f,0,3,0,34,109697,8158,12.9917,8124,34,109697
3451000,8192,110,87,23,7067647890,110,7067656082,0,8159,12.9919,8126,2,0x3010858b55,1,3,0,33,109730,8159,12.9919,8126,33,109730
3452000,8192,110,87,23,7069695890,110,7069704082,0,8159,12.9919,8126,2,0x5c2e14d765,0,3,0,33,109763,8159,12.9919,8126,33,109763
3453000,8192,110,87,23,7071743890,110,7071752082,0,8165,12.9934,8138,2,0x2c57ee9e92,0,2,0,27,109790,8165,12.9934,8138,27,109790
3454000,8192,110,87,23,7073791890,110,7073800082,0,8163,12.9929,8134,2,0x85befaadc5,0,2,0,29,109819,8163,12.9929,8134,29,109819
3455000,8192,110,87,23,7075839890,110,7075848082,0,8166,12.9936,8141,3,0xe17e8cb602,0,2,0,25,109844,8166,12.9936,8141,25,109844
3456000,8192,110,87,23,7077887890,110,7077896082,0,8164,12.9932,8136,2,0xc58c9e10e1,0,3,0,28,109872,8164,12.9932,8136,28,109872
3457000,8192,110,87,23,7079935890,110,7079944082,0,8159,12.9919,8126,2,0x9d1c1b1b28,1,3,0,33,109905,8159,12.9919,8126,33,109905
3458000,8192,110,87,23,7081983890,110,7081992082,0,8157,12.9915,8122,2,0x15843c1f87,2,2,0,35,109940,8157,12.9915,8122,35,109940
3459000,8192,110,87,23,7084031890,110,7084040082,0,8165,12.9934,8138,2,0x32962e0b38,0,3,0,27,109967,8165,12.9934,8138,27,109967
3460000,8192,110,87,23,7086079890,110,7086088082,0,8149,12.9895,8106,2,0x8961bde37e,0,3,0,43,110010,8149,12.9895,8106,43,110010
3461000,8192,110,87,23,7088127890,110,7088136082,0,8163,12.9928,8135,3,0x99dd4892ce,1,2,0,28,110038,8163,12.9928,8135,28,110038
3462000,8192,110,87,23,7090175890,110,7090184082,0,8157,12.9915,8122,2,0xaf539aae51,0,2,0,35,110073,8157,12.9915,8122,35,110073
3463000,8192,110,87,23,7092223890,110,7092232082,0,8157,12.9915,8122,2,0x1169b77d8b,0,2,0,35,110108,8157,12.9915,8122,35,110108
3464000,8192,110,87,23,7094271890,110,7094280082,0,8159,12.9919,8126,2,0x6c766ee3e0,0,2,0,33,110141,8159,12.9919,8126,33,110141
3465000,8192,110,87,23,7096319890,110,7096328082,0,8160,12.9922,8128,2,0x543e35b497,0,3,0,32,110173,8160,12.9922,8128,32,110173
3466000,8192,110,87,23,7098367890,110,7098376082,0,8159,12.9919,8126,2,0x88febf0142,0,3,0,33,110206,8159,12.9919,8126,33,110206
3467000,8192,110,87,23,7100415890,110,7100424082,0,8159,12.9918,8128,3,0x3ad2c74555,0,3,0,31,110237,8159,12.9918,8128,31,110237
3468000,8192,110,87,23,7102463890,110,7102472082,0,8165,12.9934,8138,2,0x25971a0a5f,0,3,0,27,110264,8165,12.9934,8138,27,110264
3469000,8192,110,87,23,7104511890,110,7104520082,0,8159,12.9919,8127,3,0x38d6453e09,1,2,0,32,110296,8159,12.9919,8127,32,110296
3470000,8192,110,87,23,7106559890,110,7106568082,0,8165,12.9934,8138,2,0x0a5125ae49,0,3,0,27,110323,8165,12.9934,8138,27,110323
3471000,8192,110,87,23,7108607890,110,7108616082,0,8168,12.9941,8144,2,0x9513349241,1,3,0,24,110347,8168,12.9941,8144,24,110347
3472000,8192,110,87,23,7110655890,110,7110664082,0,8151,12.9900,8110,2,0x57b4e8e065,1,3,0,41,110388,8151,12.9900,8110,41,110388
3473000,8192,110,87,23,7112703890,110,7112712082,0,8166,12.9937,8140,2,0x9a11086cf1,1,2,0,26,110414,8166,12.9937,8140,26,110414
3474000,8192,110,87,23,7114751890,110,7114760082,0,8172,12.9951,8152,2,0xc91eeff43c,1,3,0,20,110434,8172,12.9951,8152,20,110434
3475000,8192,110,87,23,7116799890,110,7116808082,0,8164,12.9932,8136,2,0xa54722a6bd,0,3,0,28,110462,8164,12.9932,8136,28,110462
3476000,8192,110,87,23,7118847890,110,7118856082,0,8154,12.9907,8116,2,0xed19693ce8,0,2,0,38,110500,8154,12.9907,8116,38,110500
3477000,8192,110,87,23,7120895890,110,7120904082,0,8165,12.9934,8138,2,0xe581e7b38e,0,2,0,27,110527,8165,12.9934,8138,27,110527
3478000,8192,110,87,23,7122943890,110,7122952082,0,8162,12.9927,8132,2,0x5702478ad0,0,3,0,30,110557,8162,12.9927,8132,30,110557
3479000,8192,110,87,23,7124991890,110,7125000082,0,8154,12.9905,8118,3,0x80869e7dfd,1,3,0,36,110593,8154,12.9905,8118,36,110593
3480000,8192,110,87,23,7127039890,110,7127048082,0,8166,12.9937,8140,2,0xae357a54b4,0,2,0,26,110619,8166,12.9937,8140,26,110619
3481000,8192,110,87,23,7129087890,110,7129096082,0,8175,12.9958,8158,2,0xb7fcb0ad20,0,3,0,17,110636,8175,12.9958,8158,17,110636
3482000,8192,110,87,23,7131135890,110,7131144082,0,8149,12.9895,8106,2,0x494dd3f94b,0,3,0,43,110679,8149,12.9895,8106,43,110679
3483000,8192,110,87,23,7133183890,110,7133192082,0,8157,12.9915,8122,2,0xfa2ed41607,0,3,0,35,110714,8157,12.9915,8122,35,110714
3484000,8192,110,87,23,7135231890,110,7135240082,0,8161,12.9924,8130,2,0xf289ca6c61,0,3,0,31,110745,8161,12.9924,8130,31,110745
3485000,8192,110,87,23,7137279890,110,7137288082,0,8161,12.9924,8130,2,0x3328bad5fb,0,2,0,31,110776,8161,12.9924,8130,31,110776
3486000,8192,110,87,23,7139327890,110,7139336082,0,8167,12.9939,8142,2,0x5a0d2603a0,0,3,0,25,110801,8167,12.9939,8142,25,110801
3487000,8192,110,87,23,7141375890,110,7141384082,0,8162,12.9927,8132,2,0x4eb98d757a,0,3,0,30,110831,8162,12.9927,8132,30,110831
3488000,8192,110,87,23,7143423890,110,7143432082,0,8157,12.9915,8122,2,0x9b746944e5,1,2,0,35,110866,8157,12.9915,8122,35,110866
3489000,8192,110,87,23,7145471890,110,7145480082,0,8163,12.9929,8134,2,0x0b19a6f5d2,0,3,0,29,110895,8163,12.9929,8134,29,110895
3490000,8192,110,87,23,7147519890,110,7147528082,0,8155,12.9910,8118,2,0xce109cf043,0,3,0,37,110932,8155,12.9910,8118,37,110932
3491000,8192,110,87,23,7149567890,110,7149576082,0,8160,12.9921,8129,3,0x32264fec6d,1,3,0,31,110963,8160,12.9921,8129,31,110963
3492000,8192,110,87,23,7151615890,110,7151624082,0,8165,12.9934,8138,2,0x2b6f5bb638,0,3,0,27,110990,8165,12.9934,8138,27,110990
3493000,8192,110,87,23,7153663890,110,7153672082,0,8160,12.9922,8128,2,0xde1ebddd4d,0,3,0,32,111022,8160,12.9922,8128,32,111022
3494000,8192,110,87,23,7155711890,110,7155720082,0,8170,12.9946,8148,2,0x56721e38b7,1,3,0,22,111044,8170,12.9946,8148,22,111044
3495000,8192,110,87,23,7157759890,110,7157768082,0,8155,12.9910,8118,2,0xb084f0ed71,0,3,0,37,111081,8155,12.9910,8118,37,111081
3496000,8192,110,87,23,7159807890,110,7159816082,0,8157,12.9915,8122,2,0x288a9c43c4,0,2,0,35,111116,8157,12.9915,8122,35,111116
3497000,8192,110,87,23,7161855890,110,7161864082,0,8167,12.9939,8142,2,0xe30f9b81bd,0,3,0,25,111141,8167,12.9939,8142,25,111141
3498000,8192,110,87,23,7163903890,110,7163912082,0,8158,12.9916,8125,3,0x730f97f5f2,0,3,0,33,111174,8158,12.9916,8125,33,111174
3499000,8192,110,87,23,7165951890,110,7165960082,0,8164,12.9932,8136,2,0x557b7b667a,1,3,0,28,111202,8164,12.9932,8136,28,111202
3500000,8192,110,87,23,7167999890,110,7168008082,0,8162,12.9927,8132,2,0x8e161ec093,0,1,0,30,111232,8162,12.9927,8132,30,111232
3501000,8192,110,87,23,7170047890,110,7170056082,0,8161,12.9924,8130,2,0xd2645305cd,1,3,0,31,111263,8161,12.9924,8130,31,111263
3502000,8192,110,87,23,7172095890,110,7172104082,0,8157,12.9915,8122,2,0xfd23692662,0,3,0,35,111298,8157,12.9915,8122,35,111298
3503000,8192,110,87,23,7174143890,110,7174152082,0,8153,12.9904,8115,3,0x03d730da5f,0,3,0,38,111336,8153,12.9904,8115,38,111336
3504000,8192,110,87,23,7176191890,110,7176200082,0,8163,12.9929,8134,2,0xc1bd1646ea,0,3,0,29,111365,8163,12.9929,8134,29,111365
3505000,8192,110,87,23,7178239890,110,7178248082,0,8156,12.9912,8120,2,0xfefd1870e4,0,2,0,36,111401,8156,12.9912,8120,36,111401
3506000,8192,110,87,23,7180287890,110,7180296082,0,8153,12.9905,8114,2,0x8747828064,0,3,0,39,111440,8153,12.9905,8114,39,111440
3507000,8192,110,87,23,7182335890,110,7182344082,0,8165,12.9934,8138,2,0x19835acda8,1,3,0,27,111467,8165,12.9934,8138,27,111467
3508000,8192,110,87,23,7184383890,110,7184392082,0,8167,12.9939,8142,2,0x831df83fd9,0,3,0,25,111492,8167,12.9939,8142,25,111492
3509000,8192,111,87,24,7186431889,111,7186440081,0,8154,12.9907,8116,2,0xdb9017e4e0,0,2,0,38,111530,8154,12.9907,8116,38,111530
3510000,8192,111,87,24,7188479889,111,7188488081,0,8157,12.9915,8122,2,0xccf70a10c1,2,3,0,35,111565,8157,12.9915,8122,35,111565
3511000,8192,111,87,24,7190527889,111,7190536081,0,8168,12.9941,8144,2,0xd5b8433069,0,3,0,24,111589,8168,12.9941,8144,24,111589
3512000,8192,111,87,24,7192575889,111,7192584081,0,8157,12.9915,8122,2,0x6301ef8f3e,0,3,0,35,111624,8157,12.9915,8122,35,111624
3513000,8192,111,87,24,7194623889,111,7194632081,0,8164,12.9932,8136,2,0xd61d849f27,1,3,0,28,111652,8164,12.9932,8136,28,111652
3514000,8192,111,87,24,7196671889,111,7196680081,0,8159,12.9919,8126,2,0x40f3cc54db,0,2,0,33,111685,8159,12.9919,8126,33,111685
3515000,8192,111,87,24,7198719889,111,7198728081,0,8158,12.9917,8124,2,0xbb7dc8578a,0,3,0,34,111719,8158,12.9917,8124,34,111719
3516000,8192,111,87,24,7200767889,111,7200776081,0,8164,12.9932,8136,2,0x0bc88bf83c,0,3,0,28,111747,8164,12.9932,8136,28,111747
3517000,8192,111,87,24,7202815889,111,7202824081,0,8164,12.9932,8136,2,0x7f95108c60,1,3,0,28,111775,8164,12.9932,8136,28,111775
3518000,8192,111,87,24,7204863889,111,7204872081,0,8165,12.9933,8139,3,0x9233f316b3,0,3,0,26,111801,8165,12.9933,8139,26,111801
3519000,8192,111,87,24,7206911889,111,7206920081,0,8169,12.9944,8146,2,0x8b105fcb69,1,3,0,23,111824,8169,12.9944,8146,23,111824
3520000,8192,111,87,24,7208959889,111,7208968081,0,8150,12.9897,8108,2,0x96adee7fff,0,3,0,42,111866,8150,12.9897,8108,42,111866
3521000,8192,112,88,24,7211007888,112,7211016080,0,8162,12.9927,8132,2,0x6199ae2a39,0,2,0,30,111896,8162,12.9927,8132,30,111896
3522000,8192,112,88,24,7213055888,112,7213064080,0,8153,12.9905,8114,2,0x3a7f80f752,0,3,0,39,111935,8153,12.9905,8114,39,111935
3523000,8192,112,88,24,7215103888,112,7215112080,0,8161,12.9924,8130,2,0x517089c683,0,3,0,31,111966,8161,12.9924,8130,31,111966
3524000,8192,112,88,24,7217151888,112,7217160080,0,8169,12.9944,8146,2,0xccb109fefd,0,1,0,23,111989,8169,12.9944,8146,23,111989
3525000,8192,112,88,24,7219199888,112,7219208080,0,8166,12.9937,8140,2,0x7e501a11ee,1,1,0,26,112015,8166,12.9937,8140,26,112015
3526000,8192,112,88,24,7221247888,112,7221256080,0,8161,12.9924,8130,2,0xce63716592,0,3,0,31,112046,8161,12.9924,8130,31,112046
3527000,8192,112,88,24,7223295888,112,7223304080,0,8168,12.9941,8144,2,0x1514097f26,1,3,0,24,112070,8168,12.9941,8144,24,112070
3528000,8192,112,88,24,7225343888,112,7225352080,0,8158,12.9917,8124,2,0x6cc9b733f3,1,3,0,34,112104,8158,12.9917,8124,34,112104
3529000,8192,113,89,24,7227391887,113,7227400079,0,8156,12.9912,8120,2,0x59f58d81f9,1,3,0,36,112140,8156,12.9912,8120,36,112140
3530000,8192,114,90,24,7229439886,114,7229448078,0,8159,12.9919,8126,2,0x98edd7fd65,1,3,0,33,112173,8159,12.9919,8126,33,112173
3531000,8192,115,91,24,7231487885,115,7231496077,0,8162,12.9927,8132,2,0x72c1385954,2,3,0,30,112203,8162,12.9927,8132,30,112203
3532000,8192,115,91,24,7233535885,115,7233544077,0,8152,12.9902,8112,2,0x61e6726a68,0,2,0,40,112243,8152,12.9902,8112,40,112243
3533000,8192,115,91,24,7235583885,115,7235592077,0,8160,12.9922,8128,2,0x5d2930e8d8,0,2,0,32,112275,8160,12.9922,8128,32,112275
3534000,8192,115,91,24,7237631885,115,7237640077,0,8165,12.9934,8138,2,0x1c8333a91a,0,2,0,27,112302,8165,12.9934,8138,27,112302
3535000,8192,115,91,24,7239679885,115,7239688077,0,8148,12.9892,8105,3,0x39b00823bc,0,1,0,43,112345,8148,12.9892,8105,43,112345
3536000,8192,115,91,24,7241727885,115,7241736077,0,8162,12.9927,8132,2,0xd0820e839d,0,3,0,30,112375,8162,12.9927,8132,30,112375
3537000,8192,115,91,24,7243775885,115,7243784077,0,8165,12.9934,8138,2,0x086593460c,1,2,0,27,112402,8165,12.9934,8138,27,112402
3538000,8192,115,91,24,7245823885,115,7245832077,0,8169,12.9944,8146,2,0x41ff6af4a7,0,3,0,23,112425,8169,12.9944,8146,23,112425
3539000,8192,115,91,24,7247871885,115,7247880077,0,8157,12.9915,8122,2,0x96f4bad0a9,0,2,0,35,112460,8157,12.9915,8122,35,112460
3540000,8192,115,91,24,7249919885,115,7249928077,0,8163,12.9929,8134,2,0x2ed9b04eed,1,2,0,29,112489,8163,12.9929,8134,29,112489
3541000,8192,115,91,24,7251967885,115,7251976077,0,8164,12.9932,8136,2,0x7c85a0d65d,2,3,0,28,112517,8164,12.9932,8136,28,112517
3542000,8192,115,91,24,7254015885,115,7254024077,0,8164,12.9932,8136,2,0x8b533b2c48,0,2,0,28,112545,8164,12.9932,8136,28,112545
3543000,8192,115,91,24,7256063885,115,7256072077,0,8167,12.9939,8142,2,0x09b37ce170,1,3,0,25,112570,8167,12.9939,8142,25,112570
3544000,8192,115,91,24,7258111885,115,7258120077,0,8157,12.9915,8122,2,0x4a6a9f0b0a,0,1,0,35,112605,8157,12.9915,8122,35,112605
3545000,8192,115,91,24,7260159885,115,7260168077,0,8164,12.9932,8136,2,0x5f58097f57,0,3,0,28,112633,8164,12.9932,8136,28,112633
3546000,8192,115,91,24,7262207885,115,7262216077,0,8158,12.9917,8124,2,0xfc6193270f,0,3,0,34,112667,8158,12.9917,8124,34,112667
3547000,8192,115,91,24,7264255885,115,7264264077,0,8167,12.9939,8142,2,0x72832ead32,1,3,0,25,112692,8167,12.9939,8142,25,112692
3548000,8192,115,91,24,7266303885,115,7266312077,0,8157,12.9915,8122,2,0x24ae3ca8d5,0,2,0,35,112727,8157,12.9915,8122,35,112727
3549000,8192,115,91,24,7268351885,115,7268360077,0,8161,12.9924,8130,2,0x7f35d68465,0,2,0,31,112758,8161,12.9924,8130,31,112758
3550000,8192,115,91,24,7270399885,115,7270408077,0,8171,12.9949,8150,2,0xb31534de9b,0,3,0,21,112779,8171,12.9949,8150,21,112779
3551000,8192,115,91,24,7272447885,115,7272456077,0,8158,12.9917,8124,2,0xcd3b31ed7e,0,1,0,34,112813,8158,12.9917,8124,34,112813
3552000,8192,116,92,24,7274495884,116,7274504076,0,8156,12.9912,8120,2,0x320521ce85,0,3,0,36,112849,8156,12.9912,8120,36,112849
3553000,8192,116,92,24,7276543884,116,7276552076,0,8150,12.9897,8108,2,0xa2a85e9519,0,2,0,42,112891,8150,12.9897,8108,42,112891
3554000,8192,116,92,24,7278591884,116,7278600076,0,8153,12.9905,8114,2,0xcc446021f8,0,2,0,39,112930,8153,12.9905,8114,39,112930
3555000,8192,116,92,24,7280639884,116,7280648076,0,8164,12.9931,8137,3,0x81b68d7aec,0,2,0,27,112957,8164,12.9931,8137,27,112957
3556000,8192,116,92,24,7282687884,116,7282696076,0,8164,12.9932,8136,2,0x14158c8dd5,1,3,0,28,112985,8164,12.9932,8136,28,112985
3557000,8192,116,92,24,7284735884,116,7284744076,0,8153,12.9904,8115,3,0x6fa5b64811,0,2,0,38,113023,8153,12.9904,8115,38,113023
3558000,8192,116,92,24,7286783884,116,7286792076,0,8164,12.9932,8136,2,0x2d3a0137df,1,3,0,28,113051,8164,12.9932,8136,28,113051
3559000,8192,116,92,24,7288831884,116,7288840076,0,8152,12.9902,8112,2,0xd455dcbde4,1,2,0,40,113091,8152,12.9902,8112,40,113091
3560000,8192,116,92,24,7290879884,116,7290888076,0,8160,12.9922,8128,2,0x65562fd101,0,2,0,32,113123,8160,12.9922,8128,32,113123
3561000,8192,116,92,24,7292927884,116,7292936076,0,8162,12.9927,8132,2,0xc419b3ae0f,0,3,0,30,113153,8162,12.9927,8132,30,113153
3562000,8192,116,92,24,7294975884,116,7294984076,0,8170,12.9946,8148,2,0x704e86867d,1,3,0,22,113175,8170,12.9946,8148,22,113175
3563000,8192,116,92,24,7297023884,116,7297032076,0,8165,12.9934,8138,2,0x38c9d7c958,0,2,0,27,113202,8165,12.9934,8138,27,113202
3564000,8192,116,92,24,7299071884,116,7299080076,0,8161,12.9924,8130,2,0x13fca6dca9,0,3,0,31,113233,8161,12.9924,8130,31,113233
3565000,8192,116,92,24,7301119884,116,7301128076,0,8163,12.9929,8134,2,0x40dd0ae6e0,0,3,0,29,113262,8163,12.9929,8134,29,113262
3566000,8192,116,92,24,7303167884,116,7303176076,0,8157,12.9915,8122,2,0x9839b2b5fb,0,3,0,35,113297,8157,12.9915,8122,35,113297
3567000,8192,116,92,24,7305215884,116,7305224076,0,8160,12.9922,8128,2,0x563e606838,2,2,0,32,113329,8160,12.9922,8128,32,113329
3568000,8192,116,92,24,7307263884,116,7307272076,0,8158,12.9917,8124,2,0x41d9848a7b,0,3,0,34,113363,8158,12.9917,8124,34,113363
3569000,8192,116,92,24,7309311884,116,7309320076,0,8148,12.9893,8104,2,0x08cf918d40,0,1,0,44,113407,8148,12.9893,8104,44,113407
3570000,8192,117,92,25,7311359883,117,7311368075,0,8163,12.9928,8135,3,0xcae548a368,0,2,0,28,113435,8163,12.9928,8135,28,113435
3571000,8192,117,92,25,7313407883,117,7313416075,0,8159,12.9919,8126,2,0xd64caca247,1,2,0,33,113468,8159,12.9919,8126,33,113468
3572000,8192,117,92,25,7315455883,117,7315464075,0,8158,12.9917,8124,2,0xf2474aa7ea,0,3,0,34,113502,8158,12.9917,8124,34,113502
3573000,8192,117,92,25,7317503883,117,7317512075,0,8163,12.9929,8134,2,0x4db107c6fe,0,2,0,29,113531,8163,12.9929,8134,29,113531
3574000,8192,117,92,25,7319551883,117,7319560075,0,8164,12.9932,8136,2,0xfaafdd04ae,0,3,0,28,113559,8164,12.9932,8136,28,113559
3575000,8192,117,92,25,7321599883,117,7321608075,0,8157,12.9915,8122,2,0x5e0cadb4eb,0,3,0,35,113594,8157,12.9915,8122,35,113594
3576000,8192,117,92,25,7323647883,117,7323656075,0,8154,12.9907,8116,2,0x60cc7db9d7,1,3,0,38,113632,8154,12.9907,8116,38,113632
3577000,8192,117,92,25,7325695883,117,7325704075,0,8162,12.9927,8132,2,0x08a9bedc85,1,3,0,30,113662,8162,12.9927,8132,30,113662
3578000,8192,117,92,25,7327743883,117,7327752075,0,8163,12.9928,8135,3,0xa27a2d4323,0,3,0,28,113690,8163,12.9928,8135,28,113690
3579000,8192,117,92,25,7329791883,117,7329800075,0,8171,12.9949,8150,2,0x01bb4f72ac,1,3,0,21,113711,8171,12.9949,8150,21,113711
3580000,8192,117,92,25,7331839883,117,7331848075,0,8153,12.9905,8114,2,0x964e429fa2,0,1,0,39,113750,8153,12.9905,8114,39,113750
3581000,8192,117,92,25,7333887883,117,7333896075,0,8155,12.9910,8118,2,0x8904ca1588,1,3,0,37,113787,8155,12.9910,8118,37,113787
3582000,8192,117,92,25,7335935883,117,7335944075,0,8156,12.9912,8120,2,0xdf130d4d24,0,3,0,36,113823,8156,12.9912,8120,36,113823
3583000,8192,117,92,25,7337983883,117,7337992075,0,8161,12.9924,8130,2,0x9633aae8df,0,3,0,31,113854,8161,12.9924,8130,31,113854
3584000,8192,117,92,25,7340031883,117,7340040075,0,8163,12.9929,8134,2,0x2ad5d5dee0,0,3,0,29,113883,8163,12.9929,8134,29,113883
3585000,8192,117,92,25,7342079883,117,7342088075,0,8152,12.9902,8112,2,0x4de3196299,0,3,0,40,113923,8152,12.9902,8112,40,113923
3586000,8192,117,92,25,7344127883,117,7344136075,0,8164,12.9932,8136,2,0xea8aa3ca54,0,3,0,28,113951,8164,12.9932,8136,28,113951
3587000,8192,117,92,25,7346175883,117,7346184075,0,8164,12.9932,8136,2,0xdd2ad6c352,0,3,0,28,113979,8164,12.9932,8136,28,113979
3588000,8192,117,92,25,7348223883,117,7348232075,0,8159,12.9919,8126,2,0xcadd1769bd,1,2,0,33,114012,8159,12.9919,8126,33,114012
3589000,8192,117,92,25,7350271883,117,7350280075,0,8156,12.9911,8121,3,0xa74aa03d5d,0,2,0,35,114047,8156,12.9911,8121,35,114047
3590000,8192,117,92,25,7352319883,117,7352328075,0,8160,12.9922,8128,2,0x41360bd4ab,1,3,0,32,114079,8160,12.9922,8128,32,114079
3591000,8192,117,92,25,7354367883,117,7354376075,0,8159,12.9919,8126,2,0x06cc90b994,0,3,0,33,114112,8159,12.9919,8126,33,114112
3592000,8192,117,92,25,7356415883,117,7356424075,0,8156,12.9912,8120,2,0xfd87db1112,1,2,0,36,114148,8156,12.9912,8120,36,114148
3593000,8192,117,92,25,7358463883,117,7358472075,0,8168,12.9941,8144,2,0xd41ca50b66,0,3,0,24,114172,8168,12.9941,8144,24,114172
3594000,8192,117,92,25,7360511883,117,7360520075,0,8160,12.9922,8128,2,0xd2acae77ba,0,3,0,32,114204,8160,12.9922,8128,32,114204
3595000,8192,117,92,25,7362559883,117,7362568075,0,8157,12.9915,8122,2,0xa97f3d2188,0,3,0,35,114239,8157,12.9915,8122,35,114239
3596000,8192,117,92,25,7364607883,117,7364616075,0,8178,12.9966,8164,2,0x9f7c7df05c,0,3,0,14,114253,8178,12.9966,8164,14,114253
3597000,8192,117,92,25,7366655883,117,7366664075,0,8164,12.9932,8136,2,0x4db57bdf51,0,3,0,28,114281,8164,12.9932,8136,28,114281
3598000,8192,117,92,25,7368703883,117,7368712075,0,8155,12.9910,8118,2,0xc1e10cb0df,0,3,0,37,114318,8155,12.9910,8118,37,114318
3599000,8192,117,92,25,7370751883,117,7370760075,0,8155,12.9910,8118,2,0x484db011f2,1,2,0,37,114355,8155,12.9910,8118,37,114355
3600000,8192,117,92,25,7372799883,117,7372808075,0,8166,12.9937,8140,2,0x52e4ea18cf,0,2,0,26,114381,8166,12.9937,8140,26,114381
3601000,8192,117,92,25,7374847883,117,7374856075,0,8159,12.9919,8126,2,0xb5365d4f03,0,2,0,33,114414,8159,12.9919,8126,33,114414
3602000,8192,117,92,25,7376895883,117,7376904075,0,8164,12.9932,8136,2,0x21dced1cd8,0,3,0,28,114442,8164,12.9932,8136,28,114442
3603000,8192,117,92,25,7378943883,117,7378952075,0,8161,12.9924,8130,2,0x590f16d0c5,0,3,0,31,114473,8161,12.9924,8130,31,114473
3604000,8192,117,92,25,7380991883,117,7381000075,0,8172,12.9951,8152,2,0x425e8507e0,1,2,0,20,114493,8172,12.9951,8152,20,114493
3605000,8192,117,92,25,7383039883,117,7383048075,0,8161,12.9924,8130,2,0x6faada9aea,0,3,0,31,114524,8161,12.9924,8130,31,114524
3606000,8192,117,92,25,7385087883,117,7385096075,0,8164,12.9932,8136,2,0x33f762bb7e,0,3,0,28,114552,8164,12.9932,8136,28,114552
3607000,8192,117,92,25,7387135883,117,7387144075,0,8160,12.9922,8128,2,0xedf50f0d16,0,3,0,32,114584,8160,12.9922,8128,32,114584
3608000,8192,117,92,25,7389183883,117,7389192075,0,8153,12.9905,8114,2,0x27cced39ac,0,2,0,39,114623,8153,12.9905,8114,39,114623
3609000,8192,117,92,25,7391231883,117,7391240075,0,8153,12.9905,8114,2,0x6cd22ef156,0,3,0,39,114662,8153,12.9905,8114,39,114662
3610000,8192,117,92,25,7393279883,117,7393288075,0,8159,12.9919,8126,2,0xb2ab5c6e7a,0,2,0,33,114695,8159,12.9919,8126,33,114695
3611000,8192,117,92,25,7395327883,117,7395336075,0,8159,12.9919,8126,2,0x42bc6a9f4f,0,3,0,33,114728,8159,12.9919,8126,33,114728
3612000,8192,117,92,25,7397375883,117,7397384075,0,8157,12.9914,8123,3,0x951517032e,2,3,0,34,114762,8157,12.9914,8123,34,114762
3613000,8192,117,92,25,7399423883,117,7399432075,0,8168,12.9941,8144,2,0xe9091cb1b3,0,3,0,24,114786,8168,12.9941,8144,24,114786
3614000,8192,117,92,25,7401471883,117,7401480075,0,8160,12.9921,8129,3,0xcb789bdd83,1,3,0,31,114817,8160,12.9921,8129,31,114817
3615000,8192,117,92,25,7403519883,117,7403528075,0,8157,12.9914,8123,3,0x9a07514da3,0,3,0,34,114851,8157,12.9914,8123,34,114851
3616000,8192,117,92,25,7405567883,117,7405576075,0,8153,12.9905,8114,2,0xf4957f4ddd,0,2,0,39,114890,8153,12.9905,8114,39,114890
3617000,8192,117,92,25,7407615883,117,7407624075,0,8154,12.9907,8116,2,0x499212741c,0,3,0,38,114928,8154,12.9907,8116,38,114928
3618000,8192,117,92,25,7409663883,117,7409672075,0,8146,12.9887,8101,3,0x20a6e1b7b4,0,1,0,45,114973,8146,12.9887,8101,45,114973
3619000,8192,117,92,25,7411711883,117,7411720075,0,8155,12.9910,8118,2,0xad79fc11d9,1,3,0,37,115010,8155,12.9910,8118,37,115010
3620000,8192,117,92,25,7413759883,117,7413768075,0,8159,12.9919,8126,2,0x95f6ce3e83,1,2,0,33,115043,8159,12.9919,8126,33,115043
3621000,8192,117,92,25,7415807883,117,7415816075,0,8169,12.9944,8146,2,0xc66de1f74e,0,3,0,23,115066,8169,12.9944,8146,23,115066
3622000,8192,117,92,25,7417855883,117,7417864075,0,8165,12.9934,8138,2,0x6c7c7189ec,0,2,0,27,115093,8165,12.9934,8138,27,115093
3623000,8192,117,92,25,7419903883,117,7419912075,0,8153,12.9905,8114,2,0xaacca975cb,0,3,0,39,115132,8153,12.9905,8114,39,115132
3624000,8192,117,92,25,7421951883,117,7421960075,0,8164,12.9932,8136,2,0x84b2183b9b,0,3,0,28,115160,8164,12.9932,8136,28,115160
3625000,8192,117,92,25,7423999883,117,7424008075,0,8157,12.9915,8122,2,0xd57bcd2292,1,3,0,35,115195,8157,12.9915,8122,35,115195
3626000,8192,117,92,25,7426047883,117,7426056075,0,8164,12.9932,8136,2,0xfeec0b1a5d,0,2,0,28,115223,8164,12.9932,8136,28,115223
3627000,8192,117,92,25,7428095883,117,7428104075,0,8155,12.9910,8118,2,0xaff3a1bb09,0,3,0,37,115260,8155,12.9910,8118,37,115260
3628000,8192,117,92,25,7430143883,117,7430152075,0,8155,12.9909,8119,3,0xc5f3a9f6dc,1,3,0,36,115296,8155,12.9909,8119,36,115296
3629000,8192,117,92,25,7432191883,117,7432200075,0,8157,12.9914,8123,3,0x7de36c5bc4,1,2,0,34,115330,8157,12.9914,8123,34,115330
3630000,8192,117,92,25,7434239883,117,7434248075,0,8159,12.9919,8126,2,0xe2eed1ed2c,1,3,0,33,115363,8159,12.9919,8126,33,115363
3631000,8192,117,92,25,7436287883,117,7436296075,0,8166,12.9937,8140,2,0x97088dbc70,0,2,0,26,115389,8166,12.9937,8140,26,115389
3632000,8192,117,92,25,7438335883,117,7438344075,0,8167,12.9939,8142,2,0x2967248752,0,3,0,25,115414,8167,12.9939,8142,25,115414
3633000,8192,117,92,25,7440383883,117,7440392075,0,8162,12.9927,8132,2,0xfcc51d0dac,0,3,0,30,115444,8162,12.9927,8132,30,115444
3634000,8192,117,92,25,7442431883,117,7442440075,0,8158,12.9917,8124,2,0x3b373a548c,0,2,0,34,115478,8158,12.9917,8124,34,115478
3635000,8192,117,92,25,7444479883,117,7444488075,0,8160,12.9922,8128,2,0x3ac14eab35,1,2,0,32,115510,8160,12.9922,8128,32,115510
3636000,8192,117,92,25,7446527883,117,7446536075,0,8165,12.9934,8138,2,0x5dbc71ca93,0,3,0,27,115537,8165,12.9934,8138,27,115537
3637000,8192,117,92,25,7448575883,117,7448584075,0,8154,12.9907,8116,2,0x194267edbb,1,3,0,38,115575,8154,12.9907,8116,38,115575
3638000,8192,117,92,25,7450623883,117,7450632075,0,8152,12.9902,8112,2,0x17633ffc2a,0,2,0,40,115615,8152,12.9902,8112,40,115615
3639000,8192,117,92,25,7452671883,117,7452680075,0,8156,12.9911,8121,3,0x37836461d3,0,3,0,35,115650,8156,12.9911,8121,35,115650
3640000,8192,117,92,25,7454719883,117,7454728075,0,8165,12.9934,8138,2,0xfe5c1a6af4,1,3,0,27,115677,8165,12.9934,8138,27,115677
3641000,8192,117,92,25,7456767883,117,7456776075,0,8150,12.9897,8108,2,0x8926cbafae,0,3,0,42,115719,8150,12.9897,8108,42,115719
3642000,8192,117,92,25,7458815883,117,7458824075,0,8162,12.9927,8132,2,0xfd951a899a,0,3,0,30,115749,8162,12.9927,8132,30,115749
3643000,8192,117,92,25,7460863883,117,7460872075,0,8154,12.9907,8116,2,0x8fe6892387,0,2,0,38,115787,8154,12.9907,8116,38,115787
3644000,8192,117,92,25,7462911883,117,7462920075,0,8166,12.9937,8140,2,0x69a1144368,0,3,0,26,115813,8166,12.9937,8140,26,115813
3645000,8192,117,92,25,7464959883,117,7464968075,0,8151,12.9900,8110,2,0x0c950cc8d0,0,2,0,41,115854,8151,12.9900,8110,41,115854
3646000,8192,117,92,25,7467007883,117,7467016075,0,8160,12.9922,8128,2,0x88a42321fd,0,3,0,32,115886,8160,12.9922,8128,32,115886
3647000,8192,117,92,25,7469055883,117,7469064075,0,8159,12.9919,8126,2,0xce1c6411a5,1,3,0,33,115919,8159,12.9919,8126,33,115919
3648000,8192,117,92,25,7471103883,117,7471112075,0,8155,12.9910,8118,2,0xb50c221db3,1,3,0,37,115956,8155,12.9910,8118,37,115956
3649000,8192,117,92,25,7473151883,117,7473160075,0,8164,12.9932,8136,2,0xc65ccab049,0,3,0,28,115984,8164,12.9932,8136,28,115984
3650000,8192,117,92,25,7475199883,117,7475208075,0,8162,12.9927,8132,2,0x84cafa1e24,0,2,0,30,116014,8162,12.9927,8132,30,116014
3651000,8192,117,92,25,7477247883,117,7477256075,0,8161,12.9923,8131,3,0x0cf66265c2,0,3,0,30,116044,8161,12.9923,8131,30,116044
3652000,8192,117,92,25,7479295883,117,7479304075,0,8165,12.9934,8138,2,0x7fa3633e6f,1,3,0,27,116071,8165,12.9934,8138,27,116071
3653000,8192,117,92,25,7481343883,117,7481352075,0,8159,12.9919,8126,2,0xf267c50a81,0,3,0,33,116104,8159,12.9919,8126,33,116104
3654000,8192,117,92,25,7483391883,117,7483400075,0,8162,12.9927,8132,2,0x9402023f97,0,3,0,30,116134,8162,12.9927,8132,30,116134
3655000,8192,117,92,25,7485439883,117,7485448075,0,8149,12.9895,8106,2,0x474d8b37eb,0,3,0,43,116177,8149,12.9895,8106,43,116177
3656000,8192,117,92,25,7487487883,117,7487496075,0,8161,12.9924,8130,2,0xfb96fe9642,0,2,0,31,116208,8161,12.9924,8130,31,116208
3657000,8192,117,92,25,7489535883,117,7489544075,0,8163,12.9929,8134,2,0xa7c060f702,0,2,0,29,116237,8163,12.9929,8134,29,116237
3658000,8192,117,92,25,7491583883,117,7491592075,0,8153,12.9905,8114,2,0xdc3b5c6126,0,2,0,39,116276,8153,12.9905,8114,39,116276
3659000,8192,117,92,25,7493631883,117,7493640075,0,8164,12.9932,8136,2,0x3e30d4364c,1,2,0,28,116304,8164,12.9932,8136,28,116304
3660000,8192,117,92,25,7495679883,117,7495688075,0,8168,12.9941,8144,2,0x911ad58c68,0,3,0,24,116328,8168,12.9941,8144,24,116328
3661000,8192,117,92,25,7497727883,117,7497736075,0,8164,12.9932,8136,2,0x45e3e60a14,0,3,0,28,116356,8164,12.9932,8136,28,116356
3662000,8192,117,92,25,7499775883,117,7499784075,0,8151,12.9900,8110,2,0x73a36b08b7,0,2,0,41,116397,8151,12.9900,8110,41,116397
3663000,8192,117,92,25,7501823883,117,7501832075,0,8162,12.9927,8132,2,0x8119cb9cdb,1,3,0,30,116427,8162,12.9927,8132,30,116427
3664000,8192,117,92,25,7503871883,117,7503880075,0,8145,12.9884,8099,3,0x5ddeeb209a,1,3,0,46,116473,8145,12.9884,8099,46,116473
3665000,8192,117,92,25,7505919883,117,7505928075,0,8152,12.9902,8112,2,0x1f3a13787b,0,3,0,40,116513,8152,12.9902,8112,40,116513
3666000,8192,117,92,25,7507967883,117,7507976075,0,8166,12.9937,8140,2,0xa7bc7175ed,0,3,0,26,116539,8166,12.9937,8140,26,116539
3667000,8192,117,92,25,7510015883,117,7510024075,0,8165,12.9934,8138,2,0xe988afa747,0,3,0,27,116566,8165,12.9934,8138,27,116566
3668000,8192,117,92,25,7512063883,117,7512072075,0,8159,12.9919,8126,2,0xa026b91e59,0,2,0,33,116599,8159,12.9919,8126,33,116599
3669000,8192,117,92,25,7514111883,117,7514120075,0,8151,12.9900,8110,2,0xc58596d321,0,3,0,41,116640,8151,12.9900,8110,41,116640
3670000,8192,117,92,25,7516159883,117,7516168075,0,8158,12.9917,8124,2,0x6451c7d6e3,1,3,0,34,116674,8158,12.9917,8124,34,116674
3671000,8192,117,92,25,7518207883,117,7518216075,0,8163,12.9929,8134,2,0x0b8cacb8ae,0,3,0,29,116703,8163,12.9929,8134,29,116703
3672000,8192,117,92,25,7520255883,117,7520264075,0,8159,12.9919,8126,2,0x84edec2d59,0,3,0,33,116736,8159,12.9919,8126,33,116736
3673000,8192,117,92,25,7522303883,117,7522312075,0,8161,12.9923,8131,3,0xa600c48aa0,0,3,0,30,116766,8161,12.9923,8131,30,116766
3674000,8192,117,92,25,7524351883,117,7524360075,0,8154,12.9907,8116,2,0xd502323d7b,2,2,0,38,116804,8154,12.9907,8116,38,116804
3675000,8192,117,92,25,7526399883,117,7526408075,0,8156,12.9912,8120,2,0x3ffc0298dd,1,3,0,36,116840,8156,12.9912,8120,36,116840
3676000,8192,117,92,25,7528447883,117,7528456075,0,8167,12.9939,8142,2,0x7a6ab14601,0,3,0,25,116865,8167,12.9939,8142,25,116865
3677000,8192,117,92,25,7530495883,117,7530504075,0,8160,12.9922,8128,2,0xc4f483e159,0,2,0,32,116897,8160,12.9922,8128,32,116897
3678000,8192,117,92,25,7532543883,117,7532552075,0,8162,12.9926,8133,3,0x9d7cacb3b2,1,3,0,29,116926,8162,12.9926,8133,29,116926
3679000,8192,117,92,25,7534591883,117,7534600075,0,8167,12.9939,8142,2,0x09cfe83b7a,0,2,0,25,116951,8167,12.9939,8142,25,116951
3680000,8192,117,92,25,7536639883,117,7536648075,0,8161,12.9924,8130,2,0x4e53128b44,0,2,0,31,116982,8161,12.9924,8130,31,116982
3681000,8192,117,92,25,7538687883,117,7538696075,0,8161,12.9924,8130,2,0xd129db782a,0,3,0,31,117013,8161,12.9924,8130,31,117013
3682000,8192,117,92,25,7540735883,117,7540744075,0,8160,12.9922,8128,2,0x660e350be1,1,3,0,32,117045,8160,12.9922,8128,32,117045
3683000,8192,117,92,25,7542783883,117,7542792075,0,8157,12.9915,8122,2,0x014410e2ee,0,3,0,35,117080,8157,12.9915,8122,35,117080
3684000,8192,117,92,25,7544831883,117,7544840075,0,8162,12.9927,8132,2,0x2b0c34145f,0,2,0,30,117110,8162,12.9927,8132,30,117110
3685000,8192,117,92,25,7546879883,117,7546888075,0,8165,12.9934,8138,2,0x33db03d5d0,0,3,0,27,117137,8165,12.9934,8138,27,117137
3686000,8192,117,92,25,7548927883,117,7548936075,0,8166,12.9937,8140,2,0x681fec0585,0,2,0,26,117163,8166,12.9937,8140,26,117163
3687000,8192,117,92,25,7550975883,117,7550984075,0,8154,12.9907,8116,2,0xfb8c037c41,0,3,0,38,117201,8154,12.9907,8116,38,117201
3688000,8192,117,92,25,7553023883,117,7553032075,0,8157,12.9915,8122,2,0x84d89ea6c3,0,3,0,35,117236,8157,12.9915,8122,35,117236
3689000,8192,117,92,25,7555071883,117,7555080075,0,8167,12.9939,8142,2,0x5e35b36e6b,0,2,0,25,117261,8167,12.9939,8142,25,117261
3690000,8192,117,92,25,7557119883,117,7557128075,0,8155,12.9910,8118,2,0x58dfe9ddec,1,2,0,37,117298,8155,12.9910,8118,37,117298
3691000,8192,117,92,25,7559167883,117,7559176075,0,8165,12.9934,8138,2,0x22b286fd71,1,3,0,27,117325,8165,12.9934,8138,27,117325
3692000,8192,117,92,25,7561215883,117,7561224075,0,8158,12.9917,8124,2,0xae74b035fb,0,2,0,34,117359,8158,12.9917,8124,34,117359
3693000,8192,117,92,25,7563263883,117,7563272075,0,8159,12.9919,8126,2,0x7366f964b8,0,2,0,33,117392,8159,12.9919,8126,33,117392
3694000,8192,117,92,25,7565311883,117,7565320075,0,8158,12.9917,8124,2,0xe353322a6e,0,3,0,34,117426,8158,12.9917,8124,34,117426
3695000,8192,117,92,25,7567359883,117,7567368075,0,8159,12.9919,8126,2,0xb4d492f263,0,3,0,33,117459,8159,12.9919,8126,33,117459
3696000,8192,117,92,25,7569407883,117,7569416075,0,8165,12.9934,8138,2,0x26d90e3df8,0,3,0,27,117486,8165,12.9934,8138,27,117486
3697000,8192,117,92,25,7571455883,117,7571464075,0,8168,12.9941,8144,2,0x863464a4b7,0,3,0,24,117510,8168,12.9941,8144,24,117510
3698000,8192,117,92,25,7573503883,117,7573512075,0,8158,12.9917,8124,2,0xbf53eb2247,0,2,0,34,117544,8158,12.9917,8124,34,117544
3699000,8192,117,92,25,7575551883,117,7575560075,0,8162,12.9927,8132,2,0x7d2ace0e42,0,3,0,30,117574,8162,12.9927,8132,30,117574
3700000,8192,117,92,25,7577599883,117,7577608075,0,8165,12.9934,8138,2,0x3a4f9b5f5b,1,3,0,27,117601,8165,12.9934,8138,27,117601
3701000,8192,117,92,25,7579647883,117,7579656075,0,8164,12.9931,8137,3,0xb3139e81a9,0,3,0,27,117628,8164,12.9931,8137,27,117628
3702000,8192,117,92,25,7581695883,117,7581704075,0,8169,12.9944,8146,2,0xf873827142,1,2,0,23,117651,8169,12.9944,8146,23,117651
3703000,8192,117,92,25,7583743883,117,7583752075,0,8159,12.9919,8126,2,0xe11dc8db82,0,3,0,33,117684,8159,12.9919,8126,33,117684
3704000,8192,117,92,25,7585791883,117,7585800075,0,8152,12.9902,8112,2,0xdc1d70796c,0,3,0,40,117724,8152,12.9902,8112,40,117724
3705000,8192,117,92,25,7587839883,117,7587848075,0,8158,12.9917,8124,2,0x2a753df25d,1,3,0,34,117758,8158,12.9917,8124,34,117758
3706000,8192,117,92,25,7589887883,117,7589896075,0,8169,12.9944,8146,2,0x327d700527,0,2,0,23,117781,8169,12.9944,8146,23,117781
3707000,8192,117,92,25,7591935883,117,7591944075,0,8164,12.9932,8136,2,0x691d47b43f,2,3,0,28,117809,8164,12.9932,8136,28,117809
3708000,8192,117,92,25,7593983883,117,7593992075,0,8152,12.9902,8112,2,0x2678962bb3,1,3,0,40,117849,8152,12.9902,8112,40,117849
3709000,8192,117,92,25,7596031883,117,7596040075,0,8159,12.9919,8126,2,0x30afcb165b,0,2,0,33,117882,8159,12.9919,8126,33,117882
3710000,8192,117,92,25,7598079883,117,7598088075,0,8157,12.9914,8123,3,0xb3fc17e048,0,3,0,34,117916,8157,12.9914,8123,34,117916
3711000,8192,117,92,25,7600127883,117,7600136075,0,8158,12.9917,8124,2,0x19402e71d4,0,3,0,34,117950,8158,12.9917,8124,34,117950
3712000,8192,117,92,25,7602175883,117,7602184075,0,8163,12.9929,8134,2,0x7a26053275,1,3,0,29,117979,8163,12.9929,8134,29,117979
3713000,8192,117,92,25,7604223883,117,7604232075,0,8153,12.9905,8114,2,0x63b65f766b,0,3,0,39,118018,8153,12.9905,8114,39,118018
3714000,8192,117,92,25,7606271883,117,7606280075,0,8164,12.9932,8136,2,0x0ba47bfb82,1,2,0,28,118046,8164,12.9932,8136,28,118046
3715000,8192,117,92,25,7608319883,117,7608328075,0,8166,12.9937,8140,2,0xafa54a4a99,0,3,0,26,118072,8166,12.9937,8140,26,118072
3716000,8192,117,92,25,7610367883,117,7610376075,0,8154,12.9907,8116,2,0x2e9f80504d,1,3,0,38,118110,8154,12.9907,8116,38,118110
3717000,8192,117,92,25,7612415883,117,7612424075,0,8164,12.9932,8136,2,0xe56ea16e95,0,3,0,28,118138,8164,12.9932,8136,28,118138
3718000,8192,117,92,25,7614463883,117,7614472075,0,8160,12.9922,8128,2,0x093e4f789c,0,3,0,32,118170,8160,12.9922,8128,32,118170
3719000,8192,117,92,25,7616511883,117,7616520075,0,8142,12.9878,8092,2,0xe7cdfaee6b,0,3,0,50,118220,8142,12.9878,8092,50,118220
3720000,8192,117,92,25,7618559883,117,7618568075,0,8163,12.9929,8134,2,0xe58e725633,0,2,0,29,118249,8163,12.9929,8134,29,118249
3721000,8192,117,92,25,7620607883,117,7620616075,0,8164,12.9931,8137,3,0x71226d2b4c,1,3,0,27,118276,8164,12.9931,8137,27,118276
3722000,8192,117,92,25,7622655883,117,7622664075,0,8154,12.9907,8116,2,0xff8b5ef744,1,3,0,38,118314,8154,12.9907,8116,38,118314
3723000,8192,117,92,25,7624703883,117,7624712075,0,8160,12.9922,8128,2,0x84e7f86616,2,3,0,32,118346,8160,12.9922,8128,32,118346
3724000,8192,117,92,25,7626751883,117,7626760075,0,8162,12.9927,8132,2,0x2a66854a30,0,2,0,30,118376,8162,12.9927,8132,30,118376
3725000,8192,117,92,25,7628799883,117,7628808075,0,8159,12.9919,8126,2,0x58c31ad4de,1,3,0,33,118409,8159,12.9919,8126,33,118409
3726000,8192,117,92,25,7630847883,117,7630856075,0,8155,12.9909,8119,3,0x6cf41ba5b1,1,3,0,36,118445,8155,12.9909,8119,36,118445
3727000,8192,117,92,25,7632895883,117,7632904075,0,8148,12.9892,8105,3,0x4c97fa5248,2,3,0,43,118488,8148,12.9892,8105,43,118488
3728000,8192,117,92,25,7634943883,117,7634952075,0,8164,12.9932,8136,2,0x17b874b868,0,2,0,28,118516,8164,12.9932,8136,28,118516
3729000,8192,117,92,25,7636991883,117,7637000075,0,8167,12.9939,8142,2,0x008afa018a,0,2,0,25,118541,8167,12.9939,8142,25,118541
3730000,8192,117,92,25,7639039883,117,7639048075,0,8169,12.9944,8146,2,0xbcdb871366,0,3,0,23,118564,8169,12.9944,8146,23,118564
3731000,8192,117,92,25,7641087883,117,7641096075,0,8162,12.9927,8132,2,0xb2c18f7b90,0,1,0,30,118594,8162,12.9927,8132,30,118594
3732000,8192,117,92,25,7643135883,117,7643144075,0,8164,12.9932,8136,2,0x40571d595b,1,2,0,28,118622,8164,12.9932,8136,28,118622
3733000,8192,117,92,25,7645183883,117,7645192075,0,8156,12.9912,8120,2,0x5cdcc50618,0,2,0,36,118658,8156,12.9912,8120,36,118658
3734000,8192,117,92,25,7647231883,117,7647240075,0,8167,12.9939,8142,2,0xb563c27e0a,1,2,0,25,118683,8167,12.9939,8142,25,118683
3735000,8192,117,92,25,7649279883,117,7649288075,0,8168,12.9941,8144,2,0xd8600f4e69,0,2,0,24,118707,8168,12.9941,8144,24,118707
3736000,8192,117,92,25,7651327883,117,7651336075,0,8164,12.9932,8136,2,0x182e6d670b,0,3,0,28,118735,8164,12.9932,8136,28,118735
3737000,8192,118,93,25,7653375882,118,7653384074,0,8160,12.9920,8130,3,0x6a495f43dc,1,3,0,30,118765,8160,12.9920,8130,30,118765
3738000,8192,118,93,25,7655423882,118,7655432074,0,8154,12.9907,8116,2,0x360381fbab,0,3,0,38,118803,8154,12.9907,8116,38,118803
3739000,8192,118,93,25,7657471882,118,7657480074,0,8156,12.9912,8120,2,0x71c6b97c13,2,2,0,36,118839,8156,12.9912,8120,36,118839
3740000,8192,118,93,25,7659519882,118,7659528074,0,8169,12.9944,8146,2,0xd2102fc8ea,0,3,0,23,118862,8169,12.9944,8146,23,118862
3741000,8192,118,93,25,7661567882,118,7661576074,0,8158,12.9916,8125,3,0x915bf176ad,0,3,0,33,118895,8158,12.9916,8125,33,118895
3742000,8192,118,93,25,7663615882,118,7663624074,0,8159,12.9919,8126,2,0x8b8fd2a9b6,0,2,0,33,118928,8159,12.9919,8126,33,118928
3743000,8192,118,93,25,7665663882,118,7665672074,0,8163,12.9929,8134,2,0x15e0d692fc,0,2,0,29,118957,8163,12.9929,8134,29,118957
3744000,8192,118,93,25,7667711882,118,7667720074,0,8161,12.9924,8130,2,0x1137be9dc2,0,2,0,31,118988,8161,12.9924,8130,31,118988
3745000,8192,118,93,25,7669759882,118,7669768074,0,8167,12.9939,8142,2,0x01915a7370,0,3,0,25,119013,8167,12.9939,8142,25,119013
3746000,8192,118,93,25,7671807882,118,7671816074,0,8161,12.9924,8130,2,0xb713e1d7bb,0,2,0,31,119044,8161,12.9924,8130,31,119044
3747000,8192,118,93,25,7673855882,118,7673864074,0,8163,12.9929,8134,2,0x2da2f21e40,0,3,0,29,119073,8163,12.9929,8134,29,119073
3748000,8192,118,93,25,7675903882,118,7675912074,0,8165,12.9933,8139,3,0xbfd1c0fa91,0,2,0,26,119099,8165,12.9933,8139,26,119099
3749000,8192,118,93,25,7677951882,118,7677960074,0,8165,12.9934,8138,2,0x9c409f0f9e,2,3,0,27,119126,8165,12.9934,8138,27,119126
3750000,8192,118,93,25,7679999882,118,7680008074,0,8160,12.9921,8129,3,0xeb0e86805b,0,1,0,31,119157,8160,12.9921,8129,31,119157
3751000,8192,118,93,25,7682047882,118,7682056074,0,8159,12.9919,8126,2,0x0174d3fcb5,0,3,0,33,119190,8159,12.9919,8126,33,119190
3752000,8192,118,93,25,7684095882,118,7684104074,0,8157,12.9915,8122,2,0x356502471c,2,3,0,35,119225,8157,12.9915,8122,35,119225
3753000,8192,118,93,25,7686143882,118,7686152074,0,8155,12.9910,8118,2,0xb5ce168665,0,3,0,37,119262,8155,12.9910,8118,37,119262
3754000,8192,118,93,25,7688191882,118,7688200074,0,8164,12.9932,8136,2,0xb6a4885984,1,3,0,28,119290,8164,12.9932,8136,28,119290
3755000,8192,118,93,25,7690239882,118,7690248074,0,8159,12.9919,8126,2,0xbf85513ede,0,3,0,33,119323,8159,12.9919,8126,33,119323
3756000,8192,118,93,25,7692287882,118,7692296074,0,8169,12.9944,8146,2,0x0ac8740b08,0,2,0,23,119346,8169,12.9944,8146,23,119346
3757000,8192,118,93,25,7694335882,118,7694344074,0,8152,12.9902,8112,2,0x4ab36b76be,0,3,0,40,119386,8152,12.9902,8112,40,119386
3758000,8192,118,93,25,7696383882,118,7696392074,0,8167,12.9939,8142,2,0xe466415da0,0,2,0,25,119411,8167,12.9939,8142,25,119411
3759000,8192,118,93,25,7698431882,118,7698440074,0,8152,12.9902,8112,2,0xb66073f3be,1,2,0,40,119451,8152,12.9902,8112,40,119451
3760000,8192,118,93,25,7700479882,118,7700488074,0,8163,12.9929,8134,2,0xc46982284f,1,3,0,29,119480,8163,12.9929,8134,29,119480
3761000,8192,118,93,25,7702527882,118,7702536074,0,8171,12.9949,8150,2,0x255c91a000,1,3,0,21,119501,8171,12.9949,8150,21,119501
3762000,8192,119,94,25,7704575881,119,7704584073,0,8167,12.9939,8142,2,0x7095b388ff,0,3,0,25,119526,8167,12.9939,8142,25,119526
3763000,8192,119,94,25,7706623881,119,7706632073,0,8152,12.9902,8112,2,0x66731a345b,1,2,0,40,119566,8152,12.9902,8112,40,119566
3764000,8192,119,94,25,7708671881,119,7708680073,0,8154,12.9907,8116,2,0x3bfa57c02c,0,2,0,38,119604,8154,12.9907,8116,38,119604
3765000,8192,119,94,25,7710719881,119,7710728073,0,8157,12.9915,8122,2,0x868cc41911,0,3,0,35,119639,8157,12.9915,8122,35,119639
3766000,8192,119,94,25,7712767881,119,7712776073,0,8158,12.9917,8124,2,0x705c6e9374,0,3,0,34,119673,8158,12.9917,8124,34,119673
3767000,8192,119,94,25,7714815881,119,7714824073,0,8146,12.9888,8100,2,0x03cfa98b8d,1,2,0,46,119719,8146,12.9888,8100,46,119719
3768000,8192,119,94,25,7716863881,119,7716872073,0,8167,12.9939,8142,2,0x4cfb7c2aac,0,3,0,25,119744,8167,12.9939,8142,25,119744
3769000,8192,119,94,25,7718911881,119,7718920073,0,8165,12.9934,8138,2,0xcb0275bbff,0,3,0,27,119771,8165,12.9934,8138,27,119771
3770000,8192,119,94,25,7720959881,119,7720968073,0,8151,12.9899,8111,3,0xf9b2b3389c,1,3,0,40,119811,8151,12.9899,8111,40,119811
3771000,8192,119,94,25,7723007881,119,7723016073,0,8158,12.9917,8124,2,0x74211b6ae9,0,3,0,34,119845,8158,12.9917,8124,34,119845
3772000,8192,119,94,25,7725055881,119,7725064073,0,8164,12.9932,8136,2,0x3fc8c2e15a,1,3,0,28,119873,8164,12.9932,8136,28,119873
3773000,8192,119,94,25,7727103881,119,7727112073,0,8153,12.9905,8114,2,0xc9fc96a84d,1,3,0,39,119912,8153,12.9905,8114,39,119912
3774000,8192,119,94,25,7729151881,119,7729160073,0,8165,12.9933,8139,3,0x6b37916205,1,3,0,26,119938,8165,12.9933,8139,26,119938
3775000,8192,119,94,25,7731199881,119,7731208073,0,8164,12.9932,8136,2,0x13f2066088,0,3,0,28,119966,8164,12.9932,8136,28,119966
3776000,8192,119,94,25,7733247881,119,7733256073,0,8163,12.9929,8134,2,0xb63d9ccee7,0,3,0,29,119995,8163,12.9929,8134,29,119995
3777000,8192,119,94,25,7735295881,119,7735304073,0,8153,12.9905,8114,2,0x0711402623,0,3,0,39,120034,8153,12.9905,8114,39,120034
3778000,8192,119,94,25,7737343881,119,7737352073,0,8158,12.9917,8124,2,0x7d8db6ff6a,1,3,0,34,120068,8158,12.9917,8124,34,120068
3779000,8192,119,94,25,7739391881,119,7739400073,0,8159,12.9919,8126,2,0x8d824f0cd5,2,3,0,33,120101,8159,12.9919,8126,33,120101
3780000,8192,119,94,25,7741439881,119,7741448073,0,8162,12.9927,8132,2,0x04f78d6d7c,0,2,0,30,120131,8162,12.9927,8132,30,120131
3781000,8192,119,94,25,7743487881,119,7743496073,0,8159,12.9919,8126,2,0xc2b64fd2df,0,3,0,33,120164,8159,12.9919,8126,33,120164
3782000,8192,119,94,25,7745535881,119,7745544073,0,8162,12.9927,8132,2,0x48fb5b6e34,1,3,0,30,120194,8162,12.9927,8132,30,120194
3783000,8192,119,94,25,7747583881,119,7747592073,0,8154,12.9907,8116,2,0xbc28fa57e9,0,3,0,38,120232,8154,12.9907,8116,38,120232
3784000,8192,119,94,25,7749631881,119,7749640073,0,8162,12.9926,8133,3,0x3689477350,0,3,0,29,120261,8162,12.9926,8133,29,120261
3785000,8192,119,94,25,7751679881,119,7751688073,0,8169,12.9944,8146,2,0xaf0969aa90,1,3,0,23,120284,8169,12.9944,8146,23,120284
3786000,8192,119,94,25,7753727881,119,7753736073,0,8162,12.9927,8132,2,0x4b72fcd95e,1,3,0,30,120314,8162,12.9927,8132,30,120314
3787000,8192,119,94,25,7755775881,119,7755784073,0,8164,12.9932,8136,2,0xfdc5165a06,0,2,0,28,120342,8164,12.9932,8136,28,120342
3788000,8192,119,94,25,7757823881,119,7757832073,0,8157,12.9915,8122,2,0x967da86dda,0,3,0,35,120377,8157,12.9915,8122,35,120377
3789000,8192,119,94,25,7759871881,119,7759880073,0,8159,12.9919,8126,2,0x902e5d8441,0,2,0,33,120410,8159,12.9919,8126,33,120410
3790000,8192,119,94,25,7761919881,119,7761928073,0,8163,12.9929,8134,2,0xa5c9a76611,0,3,0,29,120439,8163,12.9929,8134,29,120439
3791000,8192,119,94,25,7763967881,119,7763976073,0,8169,12.9943,8147,3,0xdd1cad4cdd,1,3,0,22,120461,8169,12.9943,8147,22,120461
3792000,8192,119,94,25,7766015881,119,7766024073,0,8150,12.9897,8108,2,0x54a3feebaa,1,2,0,42,120503,8150,12.9897,8108,42,120503
3793000,8192,119,94,25,7768063881,119,7768072073,0,8165,12.9934,8138,2,0xbc5aebe801,0,2,0,27,120530,8165,12.9934,8138,27,120530
3794000,8192,119,94,25,7770111881,119,7770120073,0,8162,12.9925,8134,3,0x89c4048bb1,0,1,0,28,120558,8162,12.9925,8134,28,120558
3795000,8192,119,94,25,7772159881,119,7772168073,0,8157,12.9915,8122,2,0x54f362d473,0,2,0,35,120593,8157,12.9915,8122,35,120593
3796000,8192,119,94,25,7774207881,119,7774216073,0,8163,12.9929,8134,2,0x83fa265f1c,0,2,0,29,120622,8163,12.9929,8134,29,120622
3797000,8192,119,94,25,7776255881,119,7776264073,0,8161,12.9924,8130,2,0x1db355032c,0,2,0,31,120653,8161,12.9924,8130,31,120653
3798000,8192,119,94,25,7778303881,119,7778312073,0,8156,12.9912,8120,2,0x2f0c5a596b,0,3,0,36,120689,8156,12.9912,8120,36,120689
3799000,8192,119,94,25,7780351881,119,7780360073,0,8161,12.9924,8130,2,0xc2140952b4,0,3,0,31,120720,8161,12.9924,8130,31,120720
3800000,8192,119,94,25,7782399881,119,7782408073,0,8164,12.9932,8136,2,0x4c30361491,0,3,0,28,120748,8164,12.9932,8136,28,120748
3801000,8192,119,94,25,7784447881,119,7784456073,0,8148,12.9893,8104,2,0x48f7401afb,1,3,0,44,120792,8148,12.9893,8104,44,120792
3802000,8192,119,94,25,7786495881,119,7786504073,0,8153,12.9905,8114,2,0x2dd512b783,0,2,0,39,120831,8153,12.9905,8114,39,120831
3803000,8192,119,94,25,7788543881,119,7788552073,0,8154,12.9907,8116,2,0x6dd7ddad7f,0,3,0,38,120869,8154,12.9907,8116,38,120869
3804000,8192,119,94,25,7790591881,119,7790600073,0,8163,12.9929,8134,2,0x42e9814db5,0,3,0,29,120898,8163,12.9929,8134,29,120898
3805000,8192,119,94,25,7792639881,119,7792648073,0,8158,12.9916,8125,3,0x59ba5fe040,1,3,0,33,120931,8158,12.9916,8125,33,120931
3806000,8192,119,94,25,7794687881,119,7794696073,0,8158,12.9917,8124,2,0x05c4464b1a,0,3,0,34,120965,8158,12.9917,8124,34,120965
3807000,8192,119,94,25,7796735881,119,7796744073,0,8167,12.9939,8142,2,0xaeb13c62e5,0,1,0,25,120990,8167,12.9939,8142,25,120990
3808000,8192,119,94,25,7798783881,119,7798792073,0,8162,12.9927,8132,2,0x6fcf30555e,0,3,0,30,121020,8162,12.9927,8132,30,121020
3809000,8192,119,94,25,7800831881,119,7800840073,0,8164,12.9932,8136,2,0xdebefb5b49,0,3,0,28,121048,8164,12.9932,8136,28,121048
3810000,8192,119,94,25,7802879881,119,7802888073,0,8165,12.9934,8138,2,0x392533c6c6,1,3,0,27,121075,8165,12.9934,8138,27,121075
3811000,8192,119,94,25,7804927881,119,7804936073,0,8172,12.9951,8152,2,0x86d47c5194,1,2,0,20,121095,8172,12.9951,8152,20,121095
3812000,8192,119,94,25,7806975881,119,7806984073,0,8168,12.9941,8144,2,0x26dbabed80,0,2,0,24,121119,8168,12.9941,8144,24,121119
3813000,8192,119,94,25,7809023881,119,7809032073,0,8165,12.9934,8138,2,0x38e9bcf7e0,1,3,0,27,121146,8165,12.9934,8138,27,121146
3814000,8192,119,94,25,7811071881,119,7811080073,0,8157,12.9915,8122,2,0x8379a5d672,0,3,0,35,121181,8157,12.9915,8122,35,121181
3815000,8192,119,94,25,7813119881,119,7813128073,0,8152,12.9902,8112,2,0xdaabb0c3ba,1,3,0,40,121221,8152,12.9902,8112,40,121221
3816000,8192,119,94,25,7815167881,119,7815176073,0,8161,12.9924,8130,2,0x6f11f1c553,0,2,0,31,121252,8161,12.9924,8130,31,121252
3817000,8192,119,94,25,7817215881,119,7817224073,0,8165,12.9934,8138,2,0x9150229c5b,0,2,0,27,121279,8165,12.9934,8138,27,121279
3818000,8192,119,94,25,7819263881,119,7819272073,0,8169,12.9944,8146,2,0x45084e765d,2,3,0,23,121302,8169,12.9944,8146,23,121302
3819000,8192,119,94,25,7821311881,119,7821320073,0,8157,12.9915,8122,2,0x5c8b3cf8ed,0,2,0,35,121337,8157,12.9915,8122,35,121337
3820000,8192,119,94,25,7823359881,119,7823368073,0,8162,12.9927,8132,2,0x9cc0b2fe12,0,3,0,30,121367,8162,12.9927,8132,30,121367
3821000,8192,119,94,25,7825407881,119,7825416073,0,8167,12.9939,8142,2,0x237605dad2,0,1,0,25,121392,8167,12.9939,8142,25,121392
3822000,8192,119,94,25,7827455881,119,7827464073,0,8162,12.9927,8132,2,0x599e67b164,0,3,0,30,121422,8162,12.9927,8132,30,121422
3823000,8192,119,94,25,7829503881,119,7829512073,0,8160,12.9922,8128,2,0xb59e9de9af,0,3,0,32,121454,8160,12.9922,8128,32,121454
3824000,8192,119,94,25,7831551881,119,7831560073,0,8151,12.9899,8111,3,0x0ee1b37171,0,3,0,40,121494,8151,12.9899,8111,40,121494
3825000,8192,119,94,25,7833599881,119,7833608073,0,8157,12.9915,8122,2,0x6e2f6e7843,0,3,0,35,121529,8157,12.9915,8122,35,121529
3826000,8192,119,94,25,7835647881,119,7835656073,0,8163,12.9929,8134,2,0xb09584b9cf,1,3,0,29,121558,8163,12.9929,8134,29,121558
3827000,8192,119,94,25,7837695881,119,7837704073,0,8167,12.9939,8142,2,0x0b9ca3f5db,0,2,0,25,121583,8167,12.9939,8142,25,121583
3828000,8192,119,94,25,7839743881,119,7839752073,0,8156,12.9912,8120,2,0x82b7085892,1,3,0,36,121619,8156,12.9912,8120,36,121619
3829000,8192,119,94,25,7841791881,119,7841800073,0,8161,12.9924,8130,2,0xbcd9193607,0,3,0,31,121650,8161,12.9924,8130,31,121650
3830000,8192,119,94,25,7843839881,119,7843848073,0,8160,12.9922,8128,2,0x8055d0099a,0,3,0,32,121682,8160,12.9922,8128,32,121682
3831000,8192,119,94,25,7845887881,119,7845896073,0,8155,12.9910,8118,2,0x3d4c9e8b6a,0,3,0,37,121719,8155,12.9910,8118,37,121719
3832000,8192,119,94,25,7847935881,119,7847944073,0,8151,12.9900,8110,2,0x843e026a2f,0,2,0,41,121760,8151,12.9900,8110,41,121760
3833000,8192,119,94,25,7849983881,119,7849992073,0,8155,12.9910,8118,2,0xd13838c1da,2,3,0,37,121797,8155,12.9910,8118,37,121797
3834000,8192,119,94,25,7852031881,119,7852040073,0,8154,12.9907,8116,2,0x07fb51d8f9,0,1,0,38,121835,8154,12.9907,8116,38,121835
3835000,8192,119,94,25,7854079881,119,7854088073,0,8152,12.9902,8112,2,0x6a69b40ed9,0,2,0,40,121875,8152,12.9902,8112,40,121875
3836000,8192,119,94,25,7856127881,119,7856136073,0,8151,12.9900,8110,2,0x3501477b91,2,3,0,41,121916,8151,12.9900,8110,41,121916
3837000,8192,119,94,25,7858175881,119,7858184073,0,8154,12.9907,8116,2,0xe1f6df907d,0,3,0,38,121954,8154,12.9907,8116,38,121954
3838000,8192,119,94,25,7860223881,119,7860232073,0,8166,12.9937,8140,2,0x7035ba0e1c,2,3,0,26,121980,8166,12.9937,8140,26,121980
3839000,8192,119,94,25,7862271881,119,7862280073,0,8158,12.9916,8125,3,0x341e40f3cf,0,2,0,33,122013,8158,12.9916,8125,33,122013
3840000,8192,119,94,25,7864319881,119,7864328073,0,8159,12.9919,8126,2,0xdbf1cbf492,1,3,0,33,122046,8159,12.9919,8126,33,122046
3841000,8192,119,94,25,7866367881,119,7866376073,0,8170,12.9946,8148,2,0x5bf21f7b58,0,1,0,22,122068,8170,12.9946,8148,22,122068
3842000,8192,119,94,25,7868415881,119,7868424073,0,8167,12.9939,8142,2,0xbfa32ba468,0,3,0,25,122093,8167,12.9939,8142,25,122093
3843000,8192,119,94,25,7870463881,119,7870472073,0,8152,12.9902,8112,2,0xc84ff73f0c,0,3,0,40,122133,8152,12.9902,8112,40,122133
3844000,8192,119,94,25,7872511881,119,7872520073,0,8161,12.9924,8130,2,0x10d53f32df,0,2,0,31,122164,8161,12.9924,8130,31,122164
3845000,8192,119,94,25,7874559881,119,7874568073,0,8157,12.9914,8123,3,0x0d1184ddb7,1,3,0,34,122198,8157,12.9914,8123,34,122198
3846000,8192,119,94,25,7876607881,119,7876616073,0,8162,12.9927,8132,2,0x1f59adf2ba,0,2,0,30,122228,8162,12.9927,8132,30,122228
3847000,8192,119,94,25,7878655881,119,7878664073,0,8156,12.9912,8120,2,0x9a8673bea9,1,3,0,36,122264,8156,12.9912,8120,36,122264
3848000,8192,119,94,25,7880703881,119,7880712073,0,8163,12.9928,8135,3,0x3eb1c28afb,1,2,0,28,122292,8163,12.9928,8135,28,122292
3849000,8192,119,94,25,7882751881,119,7882760073,0,8172,12.9951,8152,2,0x587a9824a9,0,3,0,20,122312,8172,12.9951,8152,20,122312
3850000,8192,119,94,25,7884799881,119,7884808073,0,8161,12.9924,8130,2,0xd41e5a0367,1,3,0,31,122343,8161,12.9924,8130,31,122343
3851000,8192,119,94,25,7886847881,119,7886856073,0,8168,12.9941,8144,2,0x97fa50e6f1,0,2,0,24,122367,8168,12.9941,8144,24,122367
3852000,8192,119,94,25,7888895881,119,7888904073,0,8166,12.9937,8140,2,0x951f0547e9,0,3,0,26,122393,8166,12.9937,8140,26,122393
3853000,8192,119,94,25,7890943881,119,7890952073,0,8160,12.9922,8128,2,0xb217ba499b,1,2,0,32,122425,8160,12.9922,8128,32,122425
3854000,8192,119,94,25,7892991881,119,7893000073,0,8166,12.9937,8140,2,0x2a7beeb657,1,2,0,26,122451,8166,12.9937,8140,26,122451
3855000,8192,119,94,25,7895039881,119,7895048073,0,8157,12.9915,8122,2,0x7c1321b53a,0,2,0,35,122486,8157,12.9915,8122,35,122486
3856000,8192,119,94,25,7897087881,119,7897096073,0,8160,12.9922,8128,2,0x599b4ac047,0,3,0,32,122518,8160,12.9922,8128,32,122518
3857000,8192,119,94,25,7899135881,119,7899144073,0,8164,12.9932,8136,2,0x3c765c0630,0,2,0,28,122546,8164,12.9932,8136,28,122546
3858000,8192,119,94,25,7901183881,119,7901192073,0,8162,12.9927,8132,2,0x15f1a51ec1,1,3,0,30,122576,8162,12.9927,8132,30,122576
3859000,8192,119,94,25,7903231881,119,7903240073,0,8167,12.9939,8142,2,0xbd34dda080,0,3,0,25,122601,8167,12.9939,8142,25,122601
3860000,8192,119,94,25,7905279881,119,7905288073,0,8156,12.9912,8120,2,0x359138f1a3,0,3,0,36,122637,8156,12.9912,8120,36,122637
3861000,8192,119,94,25,7907327881,119,7907336073,0,8161,12.9924,8130,2,0xfcf8d28e1c,1,3,0,31,122668,8161,12.9924,8130,31,122668
3862000,8192,119,94,25,7909375881,119,7909384073,0,8159,12.9919,8126,2,0x6bb1c7d81c,0,3,0,33,122701,8159,12.9919,8126,33,122701
3863000,8192,119,94,25,7911423881,119,7911432073,0,8165,12.9933,8139,3,0xea2174b3d6,1,3,0,26,122727,8165,12.9933,8139,26,122727
3864000,8192,123,97,26,7913471877,123,7913480069,0,8161,12.9924,8130,2,0x5dc518052b,1,3,0,31,122758,8161,12.9924,8130,31,122758
3865000,8192,123,97,26,7915519877,123,7915528069,0,8160,12.9922,8128,2,0xa285daff4c,1,3,0,32,122790,8160,12.9922,8128,32,122790
3866000,8192,123,97,26,7917567877,123,7917576069,0,8163,12.9929,8134,2,0x22afaa30af,0,2,0,29,122819,8163,12.9929,8134,29,122819
3867000,8192,123,97,26,7919615877,123,7919624069,0,8164,12.9932,8136,2,0x2720a3e9bf,0,3,0,28,122847,8164,12.9932,8136,28,122847
3868000,8192,123,97,26,7921663877,123,7921672069,0,8162,12.9927,8132,2,0x106c065da3,2,3,0,30,122877,8162,12.9927,8132,30,122877
3869000,8192,123,97,26,7923711877,123,7923720069,0,8165,12.9934,8138,2,0x6c94a9396b,0,3,0,27,122904,8165,12.9934,8138,27,122904
3870000,8192,123,97,26,7925759877,123,7925768069,0,8163,12.9929,8134,2,0x739d3be1cd,0,2,0,29,122933,8163,12.9929,8134,29,122933
3871000,8192,123,97,26,7927807877,123,7927816069,0,8156,12.9912,8120,2,0x5addb4e83d,0,2,0,36,122969,8156,12.9912,8120,36,122969
3872000,8192,123,97,26,7929855877,123,7929864069,0,8155,12.9910,8118,2,0x2918f1d94f,2,3,0,37,123006,8155,12.9910,8118,37,123006
3873000,8192,123,97,26,7931903877,123,7931912069,0,8157,12.9915,8122,2,0xacb120cb1d,1,3,0,35,123041,8157,12.9915,8122,35,123041
3874000,8192,123,97,26,7933951877,123,7933960069,0,8160,12.9922,8128,2,0x367ce48b9a,2,3,0,32,123073,8160,12.9922,8128,32,123073
3875000,8192,123,97,26,7935999877,123,7936008069,0,8154,12.9907,8116,2,0xdd6528f995,0,3,0,38,123111,8154,12.9907,8116,38,123111
3876000,8192,123,97,26,7938047877,123,7938056069,0,8148,12.9893,8104,2,0xd9b6722c53,0,3,0,44,123155,8148,12.9893,8104,44,123155
3877000,8192,123,97,26,7940095877,123,7940104069,0,8167,12.9939,8142,2,0x54370e610f,0,2,0,25,123180,8167,12.9939,8142,25,123180
3878000,8192,123,97,26,7942143877,123,7942152069,0,8169,12.9944,8146,2,0x7b33a671e2,0,2,0,23,123203,8169,12.9944,8146,23,123203
3879000,8192,123,97,26,7944191877,123,7944200069,0,8159,12.9919,8126,2,0x293dd1040b,0,3,0,33,123236,8159,12.9919,8126,33,123236
3880000,8192,123,97,26,7946239877,123,7946248069,0,8164,12.9932,8136,2,0x31b0fb4f69,0,2,0,28,123264,8164,12.9932,8136,28,123264
3881000,8192,124,97,27,7948287876,124,7948296068,0,8157,12.9915,8122,2,0x83ecfd73f5,0,2,0,35,123299,8157,12.9915,8122,35,123299
3882000,8192,124,97,27,7950335876,124,7950344068,0,8154,12.9907,8116,2,0x7acf9f7381,1,2,0,38,123337,8154,12.9907,8116,38,123337
3883000,8192,124,97,27,7952383876,124,7952392068,0,8169,12.9944,8146,2,0xde3248a0c3,0,3,0,23,123360,8169,12.9944,8146,23,123360
3884000,8192,124,97,27,7954431876,124,7954440068,0,8158,12.9917,8124,2,0x93f4d2229c,1,3,0,34,123394,8158,12.9917,8124,34,123394
3885000,8192,124,97,27,7956479876,124,7956488068,0,8162,12.9927,8132,2,0xeb1a9add6b,0,3,0,30,123424,8162,12.9927,8132,30,123424
3886000,8192,124,97,27,7958527876,124,7958536068,0,8166,12.9937,8140,2,0xc311288c21,0,3,0,26,123450,8166,12.9937,8140,26,123450
3887000,8192,124,97,27,7960575876,124,7960584068,0,8156,12.9912,8120,2,0x267a188579,2,3,0,36,123486,8156,12.9912,8120,36,123486
3888000,8192,124,97,27,7962623876,124,7962632068,0,8171,12.9949,8150,2,0xa9a496fcb1,1,1,0,21,123507,8171,12.9949,8150,21,123507
3889000,8192,124,97,27,7964671876,124,7964680068,0,8164,12.9932,8136,2,0x9c6a36539e,1,3,0,28,123535,8164,12.9932,8136,28,123535
3890000,8192,124,97,27,7966719876,124,7966728068,0,8157,12.9915,8122,2,0x295210236d,0,2,0,35,123570,8157,12.9915,8122,35,123570
3891000,8192,124,97,27,7968767876,124,7968776068,0,8164,12.9931,8137,3,0x0bb4d4317c,2,3,0,27,123597,8164,12.9931,8137,27,123597
3892000,8192,124,97,27,7970815876,124,7970824068,0,8163,12.9929,8134,2,0xb8e26c3f83,0,2,0,29,123626,8163,12.9929,8134,29,123626
3893000,8192,125,98,27,7972863875,125,7972872067,0,8164,12.9932,8136,2,0xacfc6bfacb,0,2,0,28,123654,8164,12.9932,8136,28,123654
3894000,8192,125,98,27,7974911875,125,7974920067,0,8160,12.9922,8128,2,0x529d18fe45,0,3,0,32,123686,8160,12.9922,8128,32,123686
3895000,8192,125,98,27,7976959875,125,7976968067,0,8165,12.9934,8138,2,0xa0cad633d4,0,2,0,27,123713,8165,12.9934,8138,27,123713
3896000,8192,125,98,27,7979007875,125,7979016067,0,8157,12.9915,8122,2,0x4824d24835,1,3,0,35,123748,8157,12.9915,8122,35,123748
3897000,8192,125,98,27,7981055875,125,7981064067,0,8159,12.9919,8126,2,0x911e71d077,0,3,0,33,123781,8159,12.9919,8126,33,123781
3898000,8192,125,98,27,7983103875,125,7983112067,0,8156,12.9912,8120,2,0x22b9723277,0,3,0,36,123817,8156,12.9912,8120,36,123817
3899000,8192,125,98,27,7985151875,125,7985160067,0,8157,12.9915,8122,2,0xef2d506d5b,1,3,0,35,123852,8157,12.9915,8122,35,123852
3900000,8192,125,98,27,7987199875,125,7987208067,0,8155,12.9910,8118,2,0x41008ede61,0,3,0,37,123889,8155,12.9910,8118,37,123889
3901000,8192,125,98,27,7989247875,125,7989256067,0,8155,12.9910,8118,2,0x2450cfd2f8,0,3,0,37,123926,8155,12.9910,8118,37,123926
3902000,8192,126,99,27,7991295874,126,7991304066,0,8167,12.9939,8142,2,0xe525b72bec,0,2,0,25,123951,8167,12.9939,8142,25,123951
3903000,8192,126,99,27,7993343874,126,7993352066,0,8169,12.9944,8146,2,0xb4f9f91709,0,2,0,23,123974,8169,12.9944,8146,23,123974
3904000,8192,127,100,27,7995391873,127,7995400065,0,8162,12.9927,8132,2,0x68558c3dc4,1,2,0,30,124004,8162,12.9927,8132,30,124004
3905000,8192,127,100,27,7997439873,127,7997448065,0,8165,12.9934,8138,2,0xc3168e44aa,0,3,0,27,124031,8165,12.9934,8138,27,124031
3906000,8192,127,100,27,7999487873,127,7999496065,0,8159,12.9919,8126,2,0x80a6da6921,0,2,0,33,124064,8159,12.9919,8126,33,124064
3907000,8192,127,100,27,8001535873,127,8001544065,0,8152,12.9902,8112,2,0x6f33f3912c,0,2,0,40,124104,8152,12.9902,8112,40,124104
3908000,8192,127,100,27,8003583873,127,8003592065,0,8158,12.9917,8124,2,0xd1ea0afc44,0,2,0,34,124138,8158,12.9917,8124,34,124138
3909000,8192,127,100,27,8005631873,127,8005640065,0,8162,12.9927,8132,2,0xd956dd8a76,0,2,0,30,124168,8162,12.9927,8132,30,124168
3910000,8192,127,100,27,8007679873,127,8007688065,0,8148,12.9893,8104,2,0xdcf8ca1cf7,0,3,0,44,124212,8148,12.9893,8104,44,124212
3911000,8192,127,100,27,8009727873,127,8009736065,0,8157,12.9915,8122,2,0xf6fae146a4,0,3,0,35,124247,8157,12.9915,8122,35,124247
3912000,8192,127,100,27,8011775873,127,8011784065,0,8169,12.9944,8146,2,0x312b124d70,1,3,0,23,124270,8169,12.9944,8146,23,124270
3913000,8192,127,100,27,8013823873,127,8013832065,0,8162,12.9927,8132,2,0x88d9dd7cb0,1,3,0,30,124300,8162,12.9927,8132,30,124300
3914000,8192,127,100,27,8015871873,127,8015880065,0,8161,12.9924,8130,2,0xa0bc532318,1,3,0,31,124331,8161,12.9924,8130,31,124331
3915000,8192,127,100,27,8017919873,127,8017928065,0,8159,12.9919,8126,2,0x56fff96ec8,0,1,0,33,124364,8159,12.9919,8126,33,124364
3916000,8192,127,100,27,8019967873,127,8019976065,0,8159,12.9919,8126,2,0x6756dad51e,1,3,0,33,124397,8159,12.9919,8126,33,124397
3917000,8192,127,100,27,8022015873,127,8022024065,0,8166,12.9937,8140,2,0x5e85c8e6d2,0,2,0,26,124423,8166,12.9937,8140,26,124423
3918000,8192,127,100,27,8024063873,127,8024072065,0,8159,12.9919,8126,2,0x34e1bffff4,0,3,0,33,124456,8159,12.9919,8126,33,124456
3919000,8192,127,100,27,8026111873,127,8026120065,0,8160,12.9922,8128,2,0x185c52db06,0,2,0,32,124488,8160,12.9922,8128,32,124488
3920000,8192,127,100,27,8028159873,127,8028168065,0,8150,12.9897,8109,3,0x9387847db6,2,2,0,41,124529,8150,12.9897,8109,41,124529
3921000,8192,127,100,27,8030207873,127,8030216065,0,8162,12.9926,8133,3,0xe9408d8b89,1,3,0,29,124558,8162,12.9926,8133,29,124558
3922000,8192,127,100,27,8032255873,127,8032264065,0,8160,12.9922,8128,2,0x079385e677,1,2,0,32,124590,8160,12.9922,8128,32,124590
3923000,8192,127,100,27,8034303873,127,8034312065,0,8172,12.9951,8152,2,0x0b3b5897c8,0,3,0,20,124610,8172,12.9951,8152,20,124610
3924000,8192,127,100,27,8036351873,127,8036360065,0,8161,12.9924,8130,2,0x2ea4643fb9,0,2,0,31,124641,8161,12.9924,8130,31,124641
3925000,8192,127,100,27,8038399873,127,8038408065,0,8160,12.9922,8128,2,0xeb93235cec,1,3,0,32,124673,8160,12.9922,8128,32,124673
3926000,8192,127,100,27,8040447873,127,8040456065,0,8169,12.9943,8147,3,0x649ee08816,0,3,0,22,124695,8169,12.9943,8147,22,124695
3927000,8192,127,100,27,8042495873,127,8042504065,0,8158,12.9916,8125,3,0xb1135b9a88,1,3,0,33,124728,8158,12.9916,8125,33,124728
3928000,8192,153,125,28,8044543847,153,8044552039,0,8159,12.9919,8126,2,0x975987bf39,1,0,0,33,124761,8159,12.9919,8126,33,124761
3929000,8192,153,125,28,8046591847,153,8046600039,0,8165,12.9934,8138,2,0xbbef54eb8b,0,3,0,27,124788,8165,12.9934,8138,27,124788
3930000,8192,153,125,28,8048639847,153,8048648039,0,8157,12.9915,8122,2,0x0d1bd767b9,0,3,0,35,124823,8157,12.9915,8122,35,124823
3931000,8192,154,126,28,8050687846,154,8050696038,0,8158,12.9917,8124,2,0xe40448abb9,2,3,0,34,124857,8158,12.9917,8124,34,124857
3932000,8192,154,126,28,8052735846,154,8052744038,0,8158,12.9917,8124,2,0xf95247ab64,2,3,0,34,124891,8158,12.9917,8124,34,124891
3933000,8192,154,126,28,8054783846,154,8054792038,0,8161,12.9924,8130,2,0x1f11da031e,2,3,0,31,124922,8161,12.9924,8130,31,124922
3934000,8192,154,126,28,8056831846,154,8056840038,0,8154,12.9907,8116,2,0x7dc63a1232,1,3,0,38,124960,8154,12.9907,8116,38,124960
3935000,8192,154,126,28,8058879846,154,8058888038,0,8158,12.9917,8124,2,0x5e1ba49f61,0,2,0,34,124994,8158,12.9917,8124,34,124994
3936000,8192,154,126,28,8060927846,154,8060936038,0,8164,12.9932,8136,2,0x81dbccc538,0,2,0,28,125022,8164,12.9932,8136,28,125022
3937000,8192,154,126,28,8062975846,154,8062984038,0,8161,12.9924,8130,2,0x4e47d1a1f2,1,3,0,31,125053,8161,12.9924,8130,31,125053
3938000,8192,154,126,28,8065023846,154,8065032038,0,8161,12.9924,8130,2,0x0589e637a3,0,2,0,31,125084,8161,12.9924,8130,31,125084
3939000,8192,154,126,28,8067071846,154,8067080038,0,8160,12.9922,8128,2,0x3ec4a8ad48,1,3,0,32,125116,8160,12.9922,8128,32,125116
3940000,8192,154,126,28,8069119846,154,8069128038,0,8155,12.9910,8118,2,0xfdfc188d66,0,2,0,37,125153,8155,12.9910,8118,37,125153
3941000,8192,154,126,28,8071167846,154,8071176038,0,8159,12.9919,8126,2,0x4246e2939c,0,2,0,33,125186,8159,12.9919,8126,33,125186
3942000,8192,154,126,28,8073215846,154,8073224038,0,8160,12.9921,8129,3,0x02050be6ee,0,3,0,31,125217,8160,12.9921,8129,31,125217
3943000,8192,154,126,28,8075263846,154,8075272038,0,8159,12.9919,8126,2,0x39bef5ca38,0,2,0,33,125250,8159,12.9919,8126,33,125250
3944000,8192,154,126,28,8077311846,154,8077320038,0,8161,12.9924,8130,2,0x8dc71eec60,0,3,0,31,125281,8161,12.9924,8130,31,125281
3945000,8192,154,126,28,8079359846,154,8079368038,0,8164,12.9932,8136,2,0x16688eb4ea,0,3,0,28,125309,8164,12.9932,8136,28,125309
3946000,8192,154,126,28,8081407846,154,8081416038,0,8156,12.9912,8120,2,0x5188cacbd5,0,2,0,36,125345,8156,12.9912,8120,36,125345
3947000,8192,154,126,28,8083455846,154,8083464038,0,8159,12.9919,8126,2,0xf1019fcce1,0,3,0,33,125378,8159,12.9919,8126,33,125378
3948000,8192,154,126,28,8085503846,154,8085512038,0,8155,12.9910,8118,2,0xf22a75554c,1,3,0,37,125415,8155,12.9910,8118,37,125415
3949000,8192,154,126,28,8087551846,154,8087560038,0,8169,12.9944,8146,2,0x20065aaf4f,0,3,0,23,125438,8169,12.9944,8146,23,125438
3950000,8192,154,126,28,8089599846,154,8089608038,0,8152,12.9902,8112,2,0x5f21aa7ed8,1,3,0,40,125478,8152,12.9902,8112,40,125478
3951000,8192,154,126,28,8091647846,154,8091656038,0,8150,12.9897,8108,2,0x25cdcf4892,0,3,0,42,125520,8150,12.9897,8108,42,125520
3952000,8192,154,126,28,8093695846,154,8093704038,0,8168,12.9941,8144,2,0xc2d75f9208,0,2,0,24,125544,8168,12.9941,8144,24,125544
3953000,8192,154,126,28,8095743846,154,8095752038,0,8159,12.9919,8126,2,0x6e24902b58,0,3,0,33,125577,8159,12.9919,8126,33,125577
3954000,8192,154,126,28,8097791846,154,8097800038,0,8170,12.9946,8148,2,0x5705f4e1b8,1,2,0,22,125599,8170,12.9946,8148,22,125599
3955000,8192,154,126,28,8099839846,154,8099848038,0,8165,12.9933,8139,3,0xb0531b52a4,1,3,0,26,125625,8165,12.9933,8139,26,125625
3956000,8192,154,126,28,8101887846,154,8101896038,0,8163,12.9929,8134,2,0x869388a41d,0,3,0,29,125654,8163,12.9929,8134,29,125654
3957000,8192,154,126,28,8103935846,154,8103944038,0,8160,12.9922,8128,2,0x1335f13d03,0,1,0,32,125686,8160,12.9922,8128,32,125686
3958000,8192,154,126,28,8105983846,154,8105992038,0,8166,12.9937,8140,2,0x138f210afd,0,3,0,26,125712,8166,12.9937,8140,26,125712
3959000,8192,154,126,28,8108031846,154,8108040038,0,8158,12.9917,8124,2,0x3bcdd8e741,1,3,0,34,125746,8158,12.9917,8124,34,125746
3960000,8192,154,126,28,8110079846,154,8110088038,0,8164,12.9932,8136,2,0x910a95d59d,0,2,0,28,125774,8164,12.9932,8136,28,125774
3961000,8192,154,126,28,8112127846,154,8112136038,0,8157,12.9915,8122,2,0xcc215af298,0,3,0,35,125809,8157,12.9915,8122,35,125809
3962000,8192,154,126,28,8114175846,154,8114184038,0,8161,12.9924,8130,2,0x0d398822fc,0,3,0,31,125840,8161,12.9924,8130,31,125840
3963000,8192,154,126,28,8116223846,154,8116232038,0,8159,12.9919,8126,2,0xeda6836009,0,2,0,33,125873,8159,12.9919,8126,33,125873
3964000,8192,154,126,28,8118271846,154,8118280038,0,8163,12.9928,8135,3,0xf0648fbdd7,0,2,0,28,125901,8163,12.9928,8135,28,125901
3965000,8192,154,126,28,8120319846,154,8120328038,0,8159,12.9919,8126,2,0xbb24ea633b,1,2,0,33,125934,8159,12.9919,8126,33,125934
3966000,8192,154,126,28,8122367846,154,8122376038,0,8160,12.9922,8128,2,0xb656412e7f,0,2,0,32,125966,8160,12.9922,8128,32,125966
3967000,8192,154,126,28,8124415846,154,8124424038,0,8158,12.9917,8124,2,0x586283caa7,0,3,0,34,126000,8158,12.9917,8124,34,126000
3968000,8192,154,126,28,8126463846,154,8126472038,0,8169,12.9944,8146,2,0xf10e91536d,1,2,0,23,126023,8169,12.9944,8146,23,126023
3969000,8192,154,126,28,8128511846,154,8128520038,0,8157,12.9915,8122,2,0x41c0e82c55,0,3,0,35,126058,8157,12.9915,8122,35,126058
3970000,8192,154,126,28,8130559846,154,8130568038,0,8160,12.9922,8128,2,0x4bae5e2ad2,0,2,0,32,126090,8160,12.9922,8128,32,126090
3971000,8192,154,126,28,8132607846,154,8132616038,0,8153,12.9904,8115,3,0x16ab3f2005,1,1,0,38,126128,8153,12.9904,8115,38,126128
3972000,8192,154,126,28,8134655846,154,8134664038,0,8167,12.9939,8142,2,0x7bdd7f727b,0,2,0,25,126153,8167,12.9939,8142,25,126153
3973000,8192,154,126,28,8136703846,154,8136712038,0,8168,12.9941,8144,2,0xf48199a205,0,2,0,24,126177,8168,12.9941,8144,24,126177
3974000,8192,154,126,28,8138751846,154,8138760038,0,8166,12.9937,8140,2,0xce5d399e2a,2,1,0,26,126203,8166,12.9937,8140,26,126203
3975000,8192,154,126,28,8140799846,154,8140808038,0,8166,12.9937,8140,2,0x81c0215cd3,0,2,0,26,126229,8166,12.9937,8140,26,126229
3976000,8192,154,126,28,8142847846,154,8142856038,0,8157,12.9915,8122,2,0x0eafd2b877,0,2,0,35,126264,8157,12.9915,8122,35,126264
3977000,8192,154,126,28,8144895846,154,8144904038,0,8160,12.9922,8128,2,0x551f2c59cb,0,2,0,32,126296,8160,12.9922,8128,32,126296
3978000,8192,154,126,28,8146943846,154,8146952038,0,8162,12.9927,8132,2,0xeb69b924dd,0,3,0,30,126326,8162,12.9927,8132,30,126326
3979000,8192,154,126,28,8148991846,154,8149000038,0,8150,12.9897,8108,2,0x1402e74926,0,3,0,42,126368,8150,12.9897,8108,42,126368
3980000,8192,154,126,28,8151039846,154,8151048038,0,8149,12.9894,8107,3,0xf63af29792,0,3,0,42,126410,8149,12.9894,8107,42,126410
3981000,8192,154,126,28,8153087846,154,8153096038,0,8166,12.9937,8140,2,0x1bd4b4e6c8,1,2,0,26,126436,8166,12.9937,8140,26,126436
3982000,8192,154,126,28,8155135846,154,8155144038,0,8160,12.9922,8128,2,0xf3f5dcf367,0,3,0,32,126468,8160,12.9922,8128,32,126468
3983000,8192,154,126,28,8157183846,154,8157192038,0,8159,12.9919,8126,2,0xe265501b51,0,3,0,33,126501,8159,12.9919,8126,33,126501
3984000,8192,154,126,28,8159231846,154,8159240038,0,8162,12.9927,8132,2,0x4eee08b953,1,2,0,30,126531,8162,12.9927,8132,30,126531
3985000,8192,154,126,28,8161279846,154,8161288038,0,8158,12.9917,8124,2,0x6af5296cbe,1,3,0,34,126565,8158,12.9917,8124,34,126565
3986000,8192,154,126,28,8163327846,154,8163336038,0,8165,12.9934,8138,2,0xe69e4aa537,0,3,0,27,126592,8165,12.9934,8138,27,126592
3987000,8192,155,127,28,8165375845,155,8165384037,0,8151,12.9900,8110,2,0xc6df8e3efd,0,1,0,41,126633,8151,12.9900,8110,41,126633
3988000,8192,155,127,28,8167423845,155,8167432037,0,8163,12.9929,8134,2,0xf9c6fdeb0a,1,2,0,29,126662,8163,12.9929,8134,29,126662
3989000,8192,155,127,28,8169471845,155,8169480037,0,8165,12.9934,8138,2,0x21530b639d,1,2,0,27,126689,8165,12.9934,8138,27,126689
3990000,8192,155,127,28,8171519845,155,8171528037,0,8156,12.9912,8120,2,0x6965224ef2,0,3,0,36,126725,8156,12.9912,8120,36,126725
3991000,8192,155,127,28,8173567845,155,8173576037,0,8155,12.9910,8118,2,0x6945a26281,0,2,0,37,126762,8155,12.9910,8118,37,126762
3992000,8192,155,127,28,8175615845,155,8175624037,0,8161,12.9924,8130,2,0xa7c5b485ed,0,3,0,31,126793,8161,12.9924,8130,31,126793
3993000,8192,155,127,28,8177663845,155,8177672037,0,8162,12.9927,8132,2,0xdc2196b4c6,0,3,0,30,126823,8162,12.9927,8132,30,126823
3994000,8192,155,127,28,8179711845,155,8179720037,0,8163,12.9929,8134,2,0xe1767f231e,1,2,0,29,126852,8163,12.9929,8134,29,126852
3995000,8192,155,127,28,8181759845,155,8181768037,0,8158,12.9917,8124,2,0x49c50439d2,0,3,0,34,126886,8158,12.9917,8124,34,126886
3996000,8192,155,127,28,8183807845,155,8183816037,0,8150,12.9897,8108,2,0x1b00a26575,0,3,0,42,126928,8150,12.9897,8108,42,126928
3997000,8192,155,127,28,8185855845,155,8185864037,0,8161,12.9924,8130,2,0x7793d1e080,1,3,0,31,126959,8161,12.9924,8130,31,126959
3998000,8192,155,127,28,8187903845,155,8187912037,0,8157,12.9915,8122,2,0x901f88a8d2,1,3,0,35,126994,8157,12.9915,8122,35,126994
3999000,8192,155,127,28,8189951845,155,8189960037,0,8148,12.9893,8104,2,0xdc594b62d7,0,3,0,44,127038,8148,12.9893,8104,44,127038
4000000,8192,155,127,28,8191999845,155,8192008037,0,8163,12.9929,8134,2,0xe4e75ef09e,0,2,0,29,127067,8163,12.9929,8134,29,127067
4001000,8192,155,127,28,8194047845,155,8194056037,0,8159,12.9919,8127,3,0x81445e25a7,1,3,0,32,127099,8159,12.9919,8127,32,127099
4002000,8192,155,127,28,8196095845,155,8196104037,0,8168,12.9941,8144,2,0x7779051435,1,2,0,24,127123,8168,12.9941,8144,24,127123
4003000,8192,155,127,28,8198143845,155,8198152037,0,8163,12.9929,8134,2,0x3abc95b410,0,2,0,29,127152,8163,12.9929,8134,29,127152
4004000,8192,155,127,28,8200191845,155,8200200037,0,8165,12.9934,8138,2,0xcca899c4c1,1,3,0,27,127179,8165,12.9934,8138,27,127179
4005000,8192,155,127,28,8202239845,155,8202248037,0,8168,12.9941,8144,2,0xa1943929de,1,1,0,24,127203,8168,12.9941,8144,24,127203
4006000,8192,155,127,28,8204287845,155,8204296037,0,8159,12.9919,8126,2,0xaefd311298,0,2,0,33,127236,8159,12.9919,8126,33,127236
4007000,8192,155,127,28,8206335845,155,8206344037,0,8164,12.9931,8137,3,0x2f5c7bb939,0,1,0,27,127263,8164,12.9931,8137,27,127263
4008000,8192,155,127,28,8208383845,155,8208392037,0,8166,12.9937,8140,2,0xfce5926c4b,0,2,0,26,127289,8166,12.9937,8140,26,127289
4009000,8192,155,127,28,8210431845,155,8210440037,0,8162,12.9927,8132,2,0xa8c04c12d1,0,3,0,30,127319,8162,12.9927,8132,30,127319
4010000,8192,155,127,28,8212479845,155,8212488037,0,8166,12.9937,8140,2,0xe28df7c53f,0,1,0,26,127345,8166,12.9937,8140,26,127345
4011000,8192,155,127,28,8214527845,155,8214536037,0,8164,12.9932,8136,2,0xc60afca335,1,3,0,28,127373,8164,12.9932,8136,28,127373
4012000,8192,155,127,28,8216575845,155,8216584037,0,8160,12.9922,8128,2,0xd7ee7fcada,0,2,0,32,127405,8160,12.9922,8128,32,127405
4013000,8192,155,127,28,8218623845,155,8218632037,0,8159,12.9919,8126,2,0x09ec1fa25c,0,1,0,33,127438,8159,12.9919,8126,33,127438
4014000,8192,155,127,28,8220671845,155,8220680037,0,8164,12.9932,8136,2,0xbc13a3d1d8,0,3,0,28,127466,8164,12.9932,8136,28,127466
4015000,8192,155,127,28,8222719845,155,8222728037,0,8160,12.9922,8128,2,0x651801a054,0,1,0,32,127498,8160,12.9922,8128,32,127498
4016000,8192,155,127,28,8224767845,155,8224776037,0,8156,12.9912,8120,2,0x3db6cd3239,0,2,0,36,127534,8156,12.9912,8120,36,127534
4017000,8192,155,127,28,8226815845,155,8226824037,0,8164,12.9932,8136,2,0x731b6c6781,0,2,0,28,127562,8164,12.9932,8136,28,127562
4018000,8192,155,127,28,8228863845,155,8228872037,0,8155,12.9910,8118,2,0x939240b2af,0,3,0,37,127599,8155,12.9910,8118,37,127599
4019000,8192,155,127,28,8230911845,155,8230920037,0,8161,12.9924,8130,2,0x0ea20c4455,1,2,0,31,127630,8161,12.9924,8130,31,127630
4020000,8192,155,127,28,8232959845,155,8232968037,0,8158,12.9917,8124,2,0x26ee81719b,0,1,0,34,127664,8158,12.9917,8124,34,127664
4021000,8192,155,127,28,8235007845,155,8235016037,0,8163,12.9928,8135,3,0xa456286570,0,3,0,28,127692,8163,12.9928,8135,28,127692
4022000,8192,155,127,28,8237055845,155,8237064037,0,8156,12.9911,8121,3,0xc6afb24b5a,1,3,0,35,127727,8156,12.9911,8121,35,127727
4023000,8192,155,127,28,8239103845,155,8239112037,0,8156,12.9912,8120,2,0x26d9ec564b,0,3,0,36,127763,8156,12.9912,8120,36,127763
4024000,8192,155,127,28,8241151845,155,8241160037,0,8162,12.9927,8132,2,0xd2eea4e9b7,0,3,0,30,127793,8162,12.9927,8132,30,127793
4025000,8192,155,127,28,8243199845,155,8243208037,0,8175,12.9958,8158,2,0xdbf3cd30ef,0,2,0,17,127810,8175,12.9958,8158,17,127810
4026000,8192,156,128,28,8245247844,156,8245256036,0,8164,12.9932,8136,2,0xa63e7a2603,1,3,0,28,127838,8164,12.9932,8136,28,127838
4027000,8192,156,128,28,8247295844,156,8247304036,0,8156,12.9912,8120,2,0x2e6c796ce6,1,2,0,36,127874,8156,12.9912,8120,36,127874
4028000,8192,156,128,28,8249343844,156,8249352036,0,8158,12.9917,8124,2,0xb9c0303772,1,1,0,34,127908,8158,12.9917,8124,34,127908
4029000,8192,156,128,28,8251391844,156,8251400036,0,8164,12.9932,8136,2,0xc95b43af7b,0,3,0,28,127936,8164,12.9932,8136,28,127936
4030000,8192,156,128,28,8253439844,156,8253448036,0,8154,12.9907,8116,2,0xd30c338a99,0,2,0,38,127974,8154,12.9907,8116,38,127974
4031000,8192,158,130,28,8255487842,158,8255496034,0,8170,12.9946,8148,2,0xf5e485d5c6,0,3,0,22,127996,8170,12.9946,8148,22,127996
4032000,8192,158,130,28,8257535842,158,8257544034,0,8165,12.9934,8138,2,0x27eab7c622,0,3,0,27,128023,8165,12.9934,8138,27,128023
4033000,8192,158,130,28,8259583842,158,8259592034,0,8168,12.9941,8144,2,0x045545910e,0,3,0,24,128047,8168,12.9941,8144,24,128047
4034000,8192,158,130,28,8261631842,158,8261640034,0,8156,12.9912,8120,2,0x7d9612a157,1,3,0,36,128083,8156,12.9912,8120,36,128083
4035000,8192,158,130,28,8263679842,158,8263688034,0,8154,12.9907,8116,2,0x9d514d4929,0,2,0,38,128121,8154,12.9907,8116,38,128121
4036000,8192,158,130,28,8265727842,158,8265736034,0,8160,12.9922,8128,2,0x56f2567014,0,3,0,32,128153,8160,12.9922,8128,32,128153
4037000,8192,158,130,28,8267775842,158,8267784034,0,8160,12.9922,8128,2,0x1eaa5b6588,0,2,0,32,128185,8160,12.9922,8128,32,128185
4038000,8192,158,130,28,8269823842,158,8269832034,0,8161,12.9924,8130,2,0x3604840881,0,3,0,31,128216,8161,12.9924,8130,31,128216
4039000,8192,158,130,28,8271871842,158,8271880034,0,8157,12.9915,8122,2,0x50f9da3974,0,2,0,35,128251,8157,12.9915,8122,35,128251
4040000,8192,158,130,28,8273919842,158,8273928034,0,8152,12.9902,8112,2,0xdebea5fdd5,0,3,0,40,128291,8152,12.9902,8112,40,128291
4041000,8192,158,130,28,8275967842,158,8275976034,0,8163,12.9928,8135,3,0xffe73d8e44,0,2,0,28,128319,8163,12.9928,8135,28,128319
4042000,8192,158,130,28,8278015842,158,8278024034,0,8162,12.9927,8132,2,0xa8e66a3b06,1,3,0,30,128349,8162,12.9927,8132,30,128349
4043000,8192,158,130,28,8280063842,158,8280072034,0,8158,12.9917,8124,2,0xe4172d8304,0,3,0,34,128383,8158,12.9917,8124,34,128383
4044000,8192,158,130,28,8282111842,158,8282120034,0,8170,12.9946,8148,2,0x34240b2123,1,2,0,22,128405,8170,12.9946,8148,22,128405
4045000,8192,158,130,28,8284159842,158,8284168034,0,8158,12.9917,8124,2,0x80b2e7fe43,0,3,0,34,128439,8158,12.9917,8124,34,128439
4046000,8192,158,130,28,8286207842,158,8286216034,0,8162,12.9927,8132,2,0x19fecac74e,0,3,0,30,128469,8162,12.9927,8132,30,128469
4047000,8192,158,130,28,8288255842,158,8288264034,0,8167,12.9939,8142,2,0x1ed61f30f5,1,3,0,25,128494,8167,12.9939,8142,25,128494
4048000,8192,158,130,28,8290303842,158,8290312034,0,8163,12.9928,8135,3,0xf4eb77a5ad,0,2,0,28,128522,8163,12.9928,8135,28,128522
4049000,8192,158,130,28,8292351842,158,8292360034,0,8166,12.9937,8140,2,0x94dfb850a1,0,3,0,26,128548,8166,12.9937,8140,26,128548
4050000,8192,158,130,28,8294399842,158,8294408034,0,8153,12.9905,8114,2,0x702bcaa307,0,3,0,39,128587,8153,12.9905,8114,39,128587
4051000,8192,158,130,28,8296447842,158,8296456034,0,8153,12.9905,8114,2,0x97fbf95481,0,3,0,39,128626,8153,12.9905,8114,39,128626
4052000,8192,158,130,28,8298495842,158,8298504034,0,8156,12.9912,8120,2,0xaa3d580d85,1,3,0,36,128662,8156,12.9912,8120,36,128662
4053000,8192,158,130,28,8300543842,158,8300552034,0,8161,12.9924,8130,2,0x9682c441e7,0,3,0,31,128693,8161,12.9924,8130,31,128693
4054000,8192,158,130,28,8302591842,158,8302600034,0,8163,12.9929,8134,2,0xc6757a25bb,0,3,0,29,128722,8163,12.9929,8134,29,128722
4055000,8192,158,130,28,8304639842,158,8304648034,0,8156,12.9912,8120,2,0x63ddbad3c2,0,3,0,36,128758,8156,12.9912,8120,36,128758
4056000,8192,158,130,28,8306687842,158,8306696034,0,8153,12.9905,8114,2,0xa146734126,1,3,0,39,128797,8153,12.9905,8114,39,128797
4057000,8192,158,130,28,8308735842,158,8308744034,0,8164,12.9932,8136,2,0xaa9fcd601c,0,2,0,28,128825,8164,12.9932,8136,28,128825
4058000,8192,158,130,28,8310783842,158,8310792034,0,8157,12.9915,8122,2,0x0e7ce6aacd,2,3,0,35,128860,8157,12.9915,8122,35,128860
4059000,8192,158,130,28,8312831842,158,8312840034,0,8158,12.9917,8124,2,0xff93bc3091,0,2,0,34,128894,8158,12.9917,8124,34,128894
4060000,8192,158,130,28,8314879842,158,8314888034,0,8157,12.9915,8122,2,0x2bca88c8a4,0,3,0,35,128929,8157,12.9915,8122,35,128929
4061000,8192,158,130,28,8316927842,158,8316936034,0,8155,12.9910,8118,2,0xe288e956e5,0,3,0,37,128966,8155,12.9910,8118,37,128966
4062000,8192,158,130,28,8318975842,158,8318984034,0,8166,12.9937,8140,2,0xc1fca480ac,1,3,0,26,128992,8166,12.9937,8140,26,128992
4063000,8192,158,130,28,8321023842,158,8321032034,0,8159,12.9919,8126,2,0x1f4a90a647,0,3,0,33,129025,8159,12.9919,8126,33,129025
4064000,8192,158,130,28,8323071842,158,8323080034,0,8165,12.9934,8138,2,0x2e693a6871,0,3,0,27,129052,8165,12.9934,8138,27,129052
4065000,8192,158,130,28,8325119842,158,8325128034,0,8157,12.9915,8122,2,0x2defda556f,0,3,0,35,129087,8157,12.9915,8122,35,129087
4066000,8192,158,130,28,8327167842,158,8327176034,0,8165,12.9934,8138,2,0x9676cdae4a,0,3,0,27,129114,8165,12.9934,8138,27,129114
4067000,8192,158,130,28,8329215842,158,8329224034,0,8161,12.9924,8130,2,0x479c919075,0,2,0,31,129145,8161,12.9924,8130,31,129145
4068000,8192,158,130,28,8331263842,158,8331272034,0,8168,12.9941,8144,2,0xede2fa4e56,2,3,0,24,129169,8168,12.9941,8144,24,129169
4069000,8192,158,130,28,8333311842,158,8333320034,0,8164,12.9932,8136,2,0x60d5f4af03,0,3,0,28,129197,8164,12.9932,8136,28,129197
4070000,8192,158,130,28,8335359842,158,8335368034,0,8159,12.9919,8126,2,0xb488a878e5,0,3,0,33,129230,8159,12.9919,8126,33,129230
4071000,8192,158,130,28,8337407842,158,8337416034,0,8159,12.9919,8126,2,0x28690d098e,1,3,0,33,129263,8159,12.9919,8126,33,129263
4072000,8192,158,130,28,8339455842,158,8339464034,0,8159,12.9919,8126,2,0x6b219508ac,0,3,0,33,129296,8159,12.9919,8126,33,129296
4073000,8192,158,130,28,8341503842,158,8341512034,0,8148,12.9892,8105,3,0x7ce5ae90f2,1,3,0,43,129339,8148,12.9892,8105,43,129339
4074000,8192,158,130,28,8343551842,158,8343560034,0,8165,12.9934,8138,2,0x91d353fa50,1,3,0,27,129366,8165,12.9934,8138,27,129366
4075000,8192,158,130,28,8345599842,158,8345608034,0,8164,12.9931,8137,3,0x3d031760ca,1,3,0,27,129393,8164,12.9931,8137,27,129393
4076000,8192,158,130,28,8347647842,158,8347656034,0,8160,12.9922,8128,2,0xb3ce79a163,1,2,0,32,129425,8160,12.9922,8128,32,129425
4077000,8192,158,130,28,8349695842,158,8349704034,0,8170,12.9946,8148,2,0xaf5dd30f67,0,3,0,22,129447,8170,12.9946,8148,22,129447
4078000,8192,158,130,28,8351743842,158,8351752034,0,8162,12.9926,8133,3,0x603227ae89,0,3,0,29,129476,8162,12.9926,8133,29,129476
4079000,8192,158,130,28,8353791842,158,8353800034,0,8162,12.9927,8132,2,0x97980eeeeb,0,2,0,30,129506,8162,12.9927,8132,30,129506
4080000,8192,158,130,28,8355839842,158,8355848034,0,8161,12.9923,8131,3,0x9f90e72ed7,1,3,0,30,129536,8161,12.9923,8131,30,129536
4081000,8192,158,130,28,8357887842,158,8357896034,0,8156,12.9912,8120,2,0x43522a1baf,0,3,0,36,129572,8156,12.9912,8120,36,129572
4082000,8192,158,130,28,8359935842,158,8359944034,0,8156,12.9912,8120,2,0xb69a1bbcf5,1,3,0,36,129608,8156,12.9912,8120,36,129608
4083000,8192,158,130,28,8361983842,158,8361992034,0,8162,12.9927,8132,2,0xf158181503,0,2,0,30,129638,8162,12.9927,8132,30,129638
4084000,8192,158,130,28,8364031842,158,8364040034,0,8167,12.9939,8142,2,0xfbcf00e6ec,0,1,0,25,129663,8167,12.9939,8142,25,129663
4085000,8192,158,130,28,8366079842,158,8366088034,0,8164,12.9932,8136,2,0x68aaa543b2,1,3,0,28,129691,8164,12.9932,8136,28,129691
4086000,8192,158,130,28,8368127842,158,8368136034,0,8155,12.9910,8118,2,0x8e1e3b059f,1,2,0,37,129728,8155,12.9910,8118,37,129728
4087000,8192,158,130,28,8370175842,158,8370184034,0,8158,12.9917,8124,2,0x61252b2360,0,3,0,34,129762,8158,12.9917,8124,34,129762
4088000,8192,158,130,28,8372223842,158,8372232034,0,8153,12.9905,8114,2,0x5ca6bbb7c8,0,2,0,39,129801,8153,12.9905,8114,39,129801
4089000,8192,158,130,28,8374271842,158,8374280034,0,8156,12.9912,8120,2,0x5487e1d6f5,0,3,0,36,129837,8156,12.9912,8120,36,129837
4090000,8192,159,130,29,8376319841,159,8376328033,0,8150,12.9897,8108,2,0xad913f47d4,1,3,0,42,129879,8150,12.9897,8108,42,129879
4091000,8192,159,130,29,8378367841,159,8378376033,0,8159,12.9919,8126,2,0x3ed4bdf971,0,3,0,33,129912,8159,12.9919,8126,33,129912
4092000,8192,159,130,29,8380415841,159,8380424033,0,8161,12.9924,8130,2,0xdc5bf2188b,1,2,0,31,129943,8161,12.9924,8130,31,129943
4093000,8192,159,130,29,8382463841,159,8382472033,0,8166,12.9936,8141,3,0x2569ad25e9,1,3,0,25,129968,8166,12.9936,8141,25,129968
4094000,8192,159,130,29,8384511841,159,8384520033,0,8164,12.9932,8136,2,0xac35f20d13,0,3,0,28,129996,8164,12.9932,8136,28,129996
4095000,8192,160,130,30,8386559840,160,8386568032,0,8162,12.9927,8132,2,0xb4c410c581,0,2,0,30,130026,8162,12.9927,8132,30,130026
4096000,8192,160,130,30,8388607840,160,8388616032,0,8162,12.9927,8132,2,0x3f66ce8683,1,3,0,30,130056,8162,12.9927,8132,30,130056
4097000,8192,160,130,30,8390655840,160,8390664032,0,8160,12.9922,8128,2,0x5233062d00,0,3,0,32,130088,8160,12.9922,8128,32,130088
4098000,8192,160,130,30,8392703840,160,8392712032,0,8153,12.9905,8114,2,0xcd71dd7e25,1,3,0,39,130127,8153,12.9905,8114,39,130127
4099000,8192,160,130,30,8394751840,160,8394760032,0,8160,12.9922,8128,2,0x3dc6869e76,0,3,0,32,130159,8160,12.9922,8128,32,130159
4100000,8192,160,130,30,8396799840,160,8396808032,0,8166,12.9937,8140,2,0xddc2519276,0,3,0,26,130185,8166,12.9937,8140,26,130185
4101000,8192,161,130,31,8398847839,161,8398856031,0,8163,12.9929,8134,2,0x42cafac8e1,1,2,0,29,130214,8163,12.9929,8134,29,130214
4102000,8192,161,130,31,8400895839,161,8400904031,0,8158,12.9916,8125,3,0x02e56ad83e,0,2,0,33,130247,8158,12.9916,8125,33,130247
4103000,8192,161,130,31,8402943839,161,8402952031,0,8166,12.9937,8140,2,0xd60606e3da,0,3,0,26,130273,8166,12.9937,8140,26,130273
4104000,8192,161,130,31,8404991839,161,8405000031,0,8153,12.9905,8114,2,0xe4a46a0fc7,0,2,0,39,130312,8153,12.9905,8114,39,130312
4105000,8192,161,130,31,8407039839,161,8407048031,0,8156,12.9912,8120,2,0x93fd993826,0,3,0,36,130348,8156,12.9912,8120,36,130348
4106000,8192,161,130,31,8409087839,161,8409096031,0,8156,12.9912,8120,2,0x98478644a2,1,2,0,36,130384,8156,12.9912,8120,36,130384
4107000,8192,161,130,31,8411135839,161,8411144031,0,8159,12.9919,8126,2,0x1f36e212a4,0,3,0,33,130417,8159,12.9919,8126,33,130417
4108000,8192,161,130,31,8413183839,161,8413192031,0,8162,12.9927,8132,2,0xc344a381fc,1,3,0,30,130447,8162,12.9927,8132,30,130447
4109000,8192,161,130,31,8415231839,161,8415240031,0,8159,12.9919,8126,2,0x6924dab735,0,2,0,33,130480,8159,12.9919,8126,33,130480
4110000,8192,161,130,31,8417279839,161,8417288031,0,8165,12.9934,8138,2,0x7b21cbdb58,0,3,0,27,130507,8165,12.9934,8138,27,130507
4111000,8192,161,130,31,8419327839,161,8419336031,0,8165,12.9934,8138,2,0x9306c21753,0,2,0,27,130534,8165,12.9934,8138,27,130534
4112000,8192,161,130,31,8421375839,161,8421384031,0,8160,12.9922,8128,2,0xa693d6eec1,0,3,0,32,130566,8160,12.9922,8128,32,130566
4113000,8192,161,130,31,8423423839,161,8423432031,0,8162,12.9927,8132,2,0x2495c1cac0,3,3,0,30,130596,8162,12.9927,8132,30,130596
4114000,8192,161,130,31,8425471839,161,8425480031,0,8157,12.9915,8122,2,0x0465b98261,1,3,0,35,130631,8157,12.9915,8122,35,130631
4115000,8192,161,130,31,8427519839,161,8427528031,0,8162,12.9927,8132,2,0xfb586ff4ec,0,3,0,30,130661,8162,12.9927,8132,30,130661
4116000,8192,161,130,31,8429567839,161,8429576031,0,8166,12.9936,8141,3,0x6e7695ec94,1,2,0,25,130686,8166,12.9936,8141,25,130686
4117000,8192,161,130,31,8431615839,161,8431624031,0,8158,12.9917,8124,2,0x63ff454b41,0,2,0,34,130720,8158,12.9917,8124,34,130720
4118000,8192,161,130,31,8433663839,161,8433672031,0,8145,12.9884,8099,3,0xfa48767fa8,0,3,0,46,130766,8145,12.9884,8099,46,130766
4119000,8192,161,130,31,8435711839,161,8435720031,0,8152,12.9902,8112,2,0x758a2d193a,0,3,0,40,130806,8152,12.9902,8112,40,130806
4120000,8192,161,130,31,8437759839,161,8437768031,0,8163,12.9929,8134,2,0xf33f7d32a7,0,2,0,29,130835,8163,12.9929,8134,29,130835
4121000,8192,161,130,31,8439807839,161,8439816031,0,8152,12.9902,8112,2,0x052aa24bb9,0,3,0,40,130875,8152,12.9902,8112,40,130875
4122000,8192,161,130,31,8441855839,161,8441864031,0,8162,12.9927,8132,2,0xbce7826bcc,0,2,0,30,130905,8162,12.9927,8132,30,130905
4123000,8192,163,132,31,8443903837,163,8443912029,0,8158,12.9917,8124,2,0xaef402efd0,0,3,0,34,130939,8158,12.9917,8124,34,130939
4124000,8192,163,132,31,8445951837,163,8445960029,0,8160,12.9922,8128,2,0x2635c50017,0,2,0,32,130971,8160,12.9922,8128,32,130971
4125000,8192,163,132,31,8447999837,163,8448008029,0,8150,12.9897,8109,3,0xce442cd326,1,3,0,41,131012,8150,12.9897,8109,41,131012
4126000,8192,163,132,31,8450047837,163,8450056029,0,8157,12.9915,8122,2,0xbd896aa92e,0,2,0,35,131047,8157,12.9915,8122,35,131047
4127000,8192,163,132,31,8452095837,163,8452104029,0,8153,12.9905,8114,2,0x01bb6654ef,0,1,0,39,131086,8153,12.9905,8114,39,131086
4128000,8192,163,132,31,8454143837,163,8454152029,0,8157,12.9915,8122,2,0xa745739ae4,1,2,0,35,131121,8157,12.9915,8122,35,131121
4129000,8192,163,132,31,8456191837,163,8456200029,0,8168,12.9941,8144,2,0xbef5f48849,1,3,0,24,131145,8168,12.9941,8144,24,131145
4130000,8192,163,132,31,8458239837,163,8458248029,0,8158,12.9917,8124,2,0xed794b38e4,0,2,0,34,131179,8158,12.9917,8124,34,131179
4131000,8192,163,132,31,8460287837,163,8460296029,0,8167,12.9939,8142,2,0xb33e2c23f1,0,2,0,25,131204,8167,12.9939,8142,25,131204
4132000,8192,163,132,31,8462335837,163,8462344029,0,8161,12.9924,8130,2,0xb8d736257e,0,2,0,31,131235,8161,12.9924,8130,31,131235
4133000,8192,163,132,31,8464383837,163,8464392029,0,8165,12.9934,8138,2,0xaac82853f2,0,2,0,27,131262,8165,12.9934,8138,27,131262
4134000,8192,163,132,31,8466431837,163,8466440029,0,8154,12.9907,8116,2,0xf4905aa1f2,1,3,0,38,131300,8154,12.9907,8116,38,131300
4135000,8192,163,132,31,8468479837,163,8468488029,0,8159,12.9919,8126,2,0xdd6edb77f0,0,2,0,33,131333,8159,12.9919,8126,33,131333
4136000,8192,163,132,31,8470527837,163,8470536029,0,8161,12.9924,8130,2,0xc003f11500,0,3,0,31,131364,8161,12.9924,8130,31,131364
4137000,8192,163,132,31,8472575837,163,8472584029,0,8172,12.9951,8152,2,0x2e637790c8,0,2,0,20,131384,8172,12.9951,8152,20,131384
4138000,8192,163,132,31,8474623837,163,8474632029,0,8171,12.9949,8150,2,0xc2ec550468,0,3,0,21,131405,8171,12.9949,8150,21,131405
4139000,8192,164,133,31,8476671836,164,8476680028,0,8158,12.9917,8124,2,0x4ccfadc43a,0,2,0,34,131439,8158,12.9917,8124,34,131439
4140000,8192,164,133,31,8478719836,164,8478728028,0,8165,12.9934,8138,2,0x28631d2b72,0,3,0,27,131466,8165,12.9934,8138,27,131466
4141000,8192,164,133,31,8480767836,164,8480776028,0,8152,12.9902,8112,2,0x5336e67235,1,2,0,40,131506,8152,12.9902,8112,40,131506
4142000,8192,164,133,31,8482815836,164,8482824028,0,8161,12.9924,8130,2,0x450dad55aa,0,3,0,31,131537,8161,12.9924,8130,31,131537
4143000,8192,164,133,31,8484863836,164,8484872028,0,8159,12.9919,8127,3,0xe732143d0d,1,2,0,32,131569,8159,12.9919,8127,32,131569
4144000,8192,164,133,31,8486911836,164,8486920028,0,8160,12.9922,8128,2,0xf1df9d4844,0,1,0,32,131601,8160,12.9922,8128,32,131601
4145000,8192,164,133,31,8488959836,164,8488968028,0,8160,12.9922,8128,2,0xdf9d9b4d9d,1,1,0,32,131633,8160,12.9922,8128,32,131633
4146000,8192,164,133,31,8491007836,164,8491016028,0,8165,12.9934,8138,2,0x2b98252791,0,1,0,27,131660,8165,12.9934,8138,27,131660
4147000,8192,164,133,31,8493055836,164,8493064028,0,8150,12.9897,8108,2,0xc91f559bb2,0,3,0,42,131702,8150,12.9897,8108,42,131702
4148000,8192,164,133,31,8495103836,164,8495112028,0,8158,12.9917,8124,2,0xac1b82dc1c,0,2,0,34,131736,8158,12.9917,8124,34,131736
4149000,8192,164,133,31,8497151836,164,8497160028,0,8164,12.9932,8136,2,0x1f57f89566,1,3,0,28,131764,8164,12.9932,8136,28,131764
4150000,8192,164,133,31,8499199836,164,8499208028,0,8157,12.9915,8122,2,0x0526388ddd,0,3,0,35,131799,8157,12.9915,8122,35,131799
4151000,8192,164,133,31,8501247836,164,8501256028,0,8153,12.9905,8114,2,0x507f687868,0,3,0,39,131838,8153,12.9905,8114,39,131838
4152000,8192,164,133,31,8503295836,164,8503304028,0,8165,12.9934,8138,2,0x372847f2c2,0,3,0,27,131865,8165,12.9934,8138,27,131865
4153000,8192,164,133,31,8505343836,164,8505352028,0,8159,12.9919,8126,2,0x94fec4a22e,0,3,0,33,131898,8159,12.9919,8126,33,131898
4154000,8192,164,133,31,8507391836,164,8507400028,0,8167,12.9939,8142,2,0x8712af8982,0,3,0,25,131923,8167,12.9939,8142,25,131923
4155000,8192,164,133,31,8509439836,164,8509448028,0,8157,12.9915,8122,2,0xc87193b7dc,0,3,0,35,131958,8157,12.9915,8122,35,131958
4156000,8192,164,133,31,8511487836,164,8511496028,0,8161,12.9924,8130,2,0xbac6a6858d,1,3,0,31,131989,8161,12.9924,8130,31,131989
4157000,8192,164,133,31,8513535836,164,8513544028,0,8165,12.9934,8138,2,0x1982427099,0,2,0,27,132016,8165,12.9934,8138,27,132016
4158000,8192,164,133,31,8515583836,164,8515592028,0,8158,12.9916,8125,3,0x267badfeff,0,1,0,33,132049,8158,12.9916,8125,33,132049
4159000,8192,164,133,31,8517631836,164,8517640028,0,8167,12.9939,8142,2,0x9b217e4654,0,3,0,25,132074,8167,12.9939,8142,25,132074
4160000,8192,164,133,31,8519679836,164,8519688028,0,8151,12.9900,8110,2,0xe34e846841,1,3,0,41,132115,8151,12.9900,8110,41,132115
4161000,8192,164,133,31,8521727836,164,8521736028,0,8161,12.9924,8130,2,0xed74db0ed6,0,2,0,31,132146,8161,12.9924,8130,31,132146
4162000,8192,164,133,31,8523775836,164,8523784028,0,8169,12.9944,8146,2,0x276d37c72a,0,3,0,23,132169,8169,12.9944,8146,23,132169
4163000,8192,164,133,31,8525823836,164,8525832028,0,8166,12.9937,8140,2,0x587b81ce2e,0,1,0,26,132195,8166,12.9937,8140,26,132195
4164000,8192,164,133,31,8527871836,164,8527880028,0,8169,12.9944,8146,2,0x2b152e68d8,0,3,0,23,132218,8169,12.9944,8146,23,132218
4165000,8192,164,133,31,8529919836,164,8529928028,0,8159,12.9919,8126,2,0x013be2c923,1,3,0,33,132251,8159,12.9919,8126,33,132251
4166000,8192,164,133,31,8531967836,164,8531976028,0,8158,12.9917,8124,2,0x14de6bff4c,2,2,0,34,132285,8158,12.9917,8124,34,132285
4167000,8192,164,133,31,8534015836,164,8534024028,0,8159,12.9919,8126,2,0x3f09aed3cc,1,3,0,33,132318,8159,12.9919,8126,33,132318
4168000,8192,164,133,31,8536063836,164,8536072028,0,8167,12.9939,8142,2,0x8b353942f2,0,3,0,25,132343,8167,12.9939,8142,25,132343
4169000,8192,164,133,31,8538111836,164,8538120028,0,8159,12.9919,8126,2,0xef7938f59b,0,3,0,33,132376,8159,12.9919,8126,33,132376
4170000,8192,164,133,31,8540159836,164,8540168028,0,8151,12.9900,8110,2,0x3d2c3d20c1,0,3,0,41,132417,8151,12.9900,8110,41,132417
4171000,8192,164,133,31,8542207836,164,8542216028,0,8151,12.9900,8110,2,0x6da252e8c6,0,3,0,41,132458,8151,12.9900,8110,41,132458
4172000,8192,164,133,31,8544255836,164,8544264028,0,8157,12.9915,8122,2,0x3d8a1b278b,0,2,0,35,132493,8157,12.9915,8122,35,132493
4173000,8192,164,133,31,8546303836,164,8546312028,0,8164,12.9932,8136,2,0x9d1b9ceaef,0,3,0,28,132521,8164,12.9932,8136,28,132521
4174000,8192,164,133,31,8548351836,164,8548360028,0,8157,12.9915,8122,2,0xe813272c6b,1,3,0,35,132556,8157,12.9915,8122,35,132556
4175000,8192,164,133,31,8550399836,164,8550408028,0,8162,12.9927,8132,2,0xbce3edf527,0,2,0,30,132586,8162,12.9927,8132,30,132586
4176000,8192,164,133,31,8552447836,164,8552456028,0,8160,12.9922,8128,2,0xda7b6d116d,0,3,0,32,132618,8160,12.9922,8128,32,132618
4177000,8192,164,133,31,8554495836,164,8554504028,0,8155,12.9910,8118,2,0x4f5c7fb87b,0,1,0,37,132655,8155,12.9910,8118,37,132655
4178000,8192,164,133,31,8556543836,164,8556552028,0,8164,12.9931,8137,3,0xd9db4cf85c,1,3,0,27,132682,8164,12.9931,8137,27,132682
4179000,8192,164,133,31,8558591836,164,8558600028,0,8157,12.9915,8122,2,0xc50c6702d7,1,3,0,35,132717,8157,12.9915,8122,35,132717
4180000,8192,164,133,31,8560639836,164,8560648028,0,8159,12.9919,8126,2,0xe10161a09e,0,3,0,33,132750,8159,12.9919,8126,33,132750
4181000,8192,164,133,31,8562687836,164,8562696028,0,8155,12.9910,8118,2,0xccb4d5a723,0,3,0,37,132787,8155,12.9910,8118,37,132787
4182000,8192,164,133,31,8564735836,164,8564744028,0,8163,12.9929,8134,2,0x176553d728,0,3,0,29,132816,8163,12.9929,8134,29,132816
4183000,8192,164,133,31,8566783836,164,8566792028,0,8159,12.9919,8126,2,0xda8959d971,0,3,0,33,132849,8159,12.9919,8126,33,132849
4184000,8192,164,133,31,8568831836,164,8568840028,0,8164,12.9932,8136,2,0x14ffb78fbd,0,3,0,28,132877,8164,12.9932,8136,28,132877
4185000,8192,164,133,31,8570879836,164,8570888028,0,8167,12.9939,8142,2,0x0833306606,0,3,0,25,132902,8167,12.9939,8142,25,132902
4186000,8192,164,133,31,8572927836,164,8572936028,0,8157,12.9914,8123,3,0x56288f2047,1,2,0,34,132936,8157,12.9914,8123,34,132936
4187000,8192,164,133,31,8574975836,164,8574984028,0,8156,12.9912,8120,2,0x4213f8e89c,1,3,0,36,132972,8156,12.9912,8120,36,132972
4188000,8192,164,133,31,8577023836,164,8577032028,0,8156,12.9912,8120,2,0x51c2df6e46,0,3,0,36,133008,8156,12.9912,8120,36,133008
4189000,8192,164,133,31,8579071836,164,8579080028,0,8159,12.9919,8126,2,0x07038772c7,0,3,0,33,133041,8159,12.9919,8126,33,133041
4190000,8192,164,133,31,8581119836,164,8581128028,0,8152,12.9901,8113,3,0x0670eb2d47,1,2,0,39,133080,8152,12.9901,8113,39,133080
4191000,8192,164,133,31,8583167836,164,8583176028,0,8158,12.9917,8124,2,0x0438fa4a8f,1,3,0,34,133114,8158,12.9917,8124,34,133114
4192000,8192,164,133,31,8585215836,164,8585224028,0,8163,12.9929,8134,2,0x543ad63810,0,2,0,29,133143,8163,12.9929,8134,29,133143
4193000,8192,164,133,31,8587263836,164,8587272028,0,8160,12.9921,8129,3,0x44600f7098,1,3,0,31,133174,8160,12.9921,8129,31,133174
4194000,8192,164,133,31,8589311836,164,8589320028,0,8159,12.9919,8126,2,0x47d171119a,0,3,0,33,133207,8159,12.9919,8126,33,133207
4195000,8192,164,133,31,8591359836,164,8591368028,0,8153,12.9904,8115,3,0xf2942965cd,0,3,0,38,133245,8153,12.9904,8115,38,133245
4196000,8192,164,133,31,8593407836,164,8593416028,0,8158,12.9917,8124,2,0x725b88b367,0,3,0,34,133279,8158,12.9917,8124,34,133279
4197000,8192,164,133,31,8595455836,164,8595464028,0,8169,12.9944,8146,2,0xcb19e4f3ea,0,3,0,23,133302,8169,12.9944,8146,23,133302
4198000,8192,164,133,31,8597503836,164,8597512028,0,8155,12.9910,8118,2,0x4e6996f6a7,1,2,0,37,133339,8155,12.9910,8118,37,133339
4199000,8192,164,133,31,8599551836,164,8599560028,0,8150,12.9897,8109,3,0xdb69bbf1a5,1,3,0,41,133380,8150,12.9897,8109,41,133380
4200000,8192,164,133,31,8601599836,164,8601608028,0,8155,12.9910,8118,2,0x66dd372236,0,3,0,37,133417,8155,12.9910,8118,37,133417
4201000,8192,164,133,31,8603647836,164,8603656028,0,8160,12.9922,8128,2,0x2ed6b91b09,0,2,0,32,133449,8160,12.9922,8128,32,133449
4202000,8192,164,133,31,8605695836,164,8605704028,0,8155,12.9910,8118,2,0xc142ee3939,0,3,0,37,133486,8155,12.9910,8118,37,133486
4203000,8192,164,133,31,8607743836,164,8607752028,0,8165,12.9934,8138,2,0x4b263a7790,0,3,0,27,133513,8165,12.9934,8138,27,133513
4204000,8192,164,133,31,8609791836,164,8609800028,0,8154,12.9907,8116,2,0x725af10855,0,2,0,38,133551,8154,12.9907,8116,38,133551
4205000,8192,164,133,31,8611839836,164,8611848028,0,8160,12.9922,8128,2,0x9de5237c0a,1,3,0,32,133583,8160,12.9922,8128,32,133583
4206000,8192,164,133,31,8613887836,164,8613896028,0,8162,12.9927,8132,2,0xda6d82ce91,0,2,0,30,133613,8162,12.9927,8132,30,133613
4207000,8192,164,133,31,8615935836,164,8615944028,0,8163,12.9929,8134,2,0x87dcb6e4fa,0,3,0,29,133642,8163,12.9929,8134,29,133642
4208000,8192,164,133,31,8617983836,164,8617992028,0,8165,12.9934,8138,2,0xad430d0c95,0,2,0,27,133669,8165,12.9934,8138,27,133669
4209000,8192,164,133,31,8620031836,164,8620040028,0,8158,12.9917,8124,2,0xed2a0a3e55,0,2,0,34,133703,8158,12.9917,8124,34,133703
4210000,8192,164,133,31,8622079836,164,8622088028,0,8164,12.9932,8136,2,0xa4793715c5,0,2,0,28,133731,8164,12.9932,8136,28,133731
4211000,8192,164,133,31,8624127836,164,8624136028,0,8167,12.9939,8142,2,0x5db681d7a0,1,3,0,25,133756,8167,12.9939,8142,25,133756
4212000,8192,164,133,31,8626175836,164,8626184028,0,8156,12.9912,8120,2,0x89b9651324,2,3,0,36,133792,8156,12.9912,8120,36,133792
4213000,8192,164,133,31,8628223836,164,8628232028,0,8161,12.9923,8131,3,0x1c2b161042,0,3,0,30,133822,8161,12.9923,8131,30,133822
4214000,8192,164,133,31,8630271836,164,8630280028,0,8155,12.9910,8118,2,0x1694812f61,0,3,0,37,133859,8155,12.9910,8118,37,133859
4215000,8192,164,133,31,8632319836,164,8632328028,0,8168,12.9941,8144,2,0xd415430873,1,3,0,24,133883,8168,12.9941,8144,24,133883
4216000,8192,164,133,31,8634367836,164,8634376028,0,8160,12.9922,8128,2,0x9f79658571,2,3,0,32,133915,8160,12.9922,8128,32,133915
4217000,8192,164,133,31,8636415836,164,8636424028,0,8163,12.9929,8134,2,0xe9bdac32d7,1,2,0,29,133944,8163,12.9929,8134,29,133944
4218000,8192,164,133,31,8638463836,164,8638472028,0,8158,12.9917,8124,2,0xf954fe5667,1,2,0,34,133978,8158,12.9917,8124,34,133978
4219000,8192,164,133,31,8640511836,164,8640520028,0,8144,12.9883,8096,2,0x993d987e8e,0,3,0,48,134026,8144,12.9883,8096,48,134026
4220000,8192,164,133,31,8642559836,164,8642568028,0,8165,12.9934,8138,2,0x9f30dd1834,0,2,0,27,134053,8165,12.9934,8138,27,134053
4221000,8192,164,133,31,8644607836,164,8644616028,0,8166,12.9937,8140,2,0xf739c227cb,0,2,0,26,134079,8166,12.9937,8140,26,134079
4222000,8192,164,133,31,8646655836,164,8646664028,0,8167,12.9939,8142,2,0xbfde9ebdd1,0,2,0,25,134104,8167,12.9939,8142,25,134104
4223000,8192,164,133,31,8648703836,164,8648712028,0,8145,12.9885,8098,2,0xecabd88ff2,2,3,0,47,134151,8145,12.9885,8098,47,134151
4224000,8192,164,133,31,8650751836,164,8650760028,0,8165,12.9934,8138,2,0x836c71d00f,0,2,0,27,134178,8165,12.9934,8138,27,134178
4225000,8192,164,133,31,8652799836,164,8652808028,0,8150,12.9897,8108,2,0xff16a812ac,0,1,0,42,134220,8150,12.9897,8108,42,134220
4226000,8192,164,133,31,8654847836,164,8654856028,0,8161,12.9924,8130,2,0x1def820bbb,0,2,0,31,134251,8161,12.9924,8130,31,134251
4227000,8192,164,133,31,8656895836,164,8656904028,0,8151,12.9900,8110,2,0x5377a17854,0,2,0,41,134292,8151,12.9900,8110,41,134292
4228000,8192,164,133,31,8658943836,164,8658952028,0,8151,12.9900,8110,2,0x3709e73c9e,1,3,0,41,134333,8151,12.9900,8110,41,134333
4229000,8192,164,133,31,8660991836,164,8661000028,0,8156,12.9912,8120,2,0x567afac31d,0,3,0,36,134369,8156,12.9912,8120,36,134369
4230000,8192,164,133,31,8663039836,164,8663048028,0,8154,12.9907,8116,2,0xc9de5897f9,0,3,0,38,134407,8154,12.9907,8116,38,134407
4231000,8192,164,133,31,8665087836,164,8665096028,0,8163,12.9929,8134,2,0xac537b0031,0,2,0,29,134436,8163,12.9929,8134,29,134436
4232000,8192,164,133,31,8667135836,164,8667144028,0,8165,12.9934,8138,2,0x97b9e2e41b,0,3,0,27,134463,8165,12.9934,8138,27,134463
4233000,8192,164,133,31,8669183836,164,8669192028,0,8161,12.9924,8130,2,0x2a2b1552e4,0,3,0,31,134494,8161,12.9924,8130,31,134494
4234000,8192,164,133,31,8671231836,164,8671240028,0,8163,12.9929,8134,2,0xe11d0f0509,0,2,0,29,134523,8163,12.9929,8134,29,134523
4235000,8192,164,133,31,8673279836,164,8673288028,0,8167,12.9939,8142,2,0x2d02759daa,1,2,0,25,134548,8167,12.9939,8142,25,134548
4236000,8192,164,133,31,8675327836,164,8675336028,0,8167,12.9939,8142,2,0x1c86204965,1,3,0,25,134573,8167,12.9939,8142,25,134573
4237000,8192,164,133,31,8677375836,164,8677384028,0,8158,12.9917,8124,2,0xfb68c2d039,1,2,0,34,134607,8158,12.9917,8124,34,134607
4238000,8192,164,133,31,8679423836,164,8679432028,0,8149,12.9895,8106,2,0x7ef88c99f5,0,2,0,43,134650,8149,12.9895,8106,43,134650
4239000,8192,164,133,31,8681471836,164,8681480028,0,8150,12.9897,8108,2,0x47a8e43629,2,2,0,42,134692,8150,12.9897,8108,42,134692
4240000,8192,164,133,31,8683519836,164,8683528028,0,8175,12.9958,8158,2,0x58884891bd,0,1,0,17,134709,8175,12.9958,8158,17,134709
4241000,8192,164,133,31,8685567836,164,8685576028,0,8160,12.9922,8128,2,0x4b7ea324cf,2,2,0,32,134741,8160,12.9922,8128,32,134741
4242000,8192,164,133,31,8687615836,164,8687624028,0,8159,12.9919,8126,2,0xca0ff5c5cd,1,3,0,33,134774,8159,12.9919,8126,33,134774
4243000,8192,164,133,31,8689663836,164,8689672028,0,8164,12.9932,8136,2,0x9630bee17e,0,3,0,28,134802,8164,12.9932,8136,28,134802
4244000,8192,164,133,31,8691711836,164,8691720028,0,8161,12.9924,8130,2,0xf6a80dae19,0,2,0,31,134833,8161,12.9924,8130,31,134833
4245000,8192,164,133,31,8693759836,164,8693768028,0,8165,12.9934,8138,2,0x2f75d92811,0,2,0,27,134860,8165,12.9934,8138,27,134860
4246000,8192,164,133,31,8695807836,164,8695816028,0,8163,12.9929,8134,2,0xf4e7da5c16,0,2,0,29,134889,8163,12.9929,8134,29,134889
4247000,8192,164,133,31,8697855836,164,8697864028,0,8157,12.9915,8122,2,0xb916b9a2e1,1,3,0,35,134924,8157,12.9915,8122,35,134924
4248000,8192,164,133,31,8699903836,164,8699912028,0,8146,12.9888,8100,2,0x274277b27d,1,3,0,46,134970,8146,12.9888,8100,46,134970
4249000,8192,164,133,31,8701951836,164,8701960028,0,8155,12.9910,8118,2,0x98eaaa443d,0,3,0,37,135007,8155,12.9910,8118,37,135007
4250000,8192,164,133,31,8703999836,164,8704008028,0,8160,12.9922,8128,2,0x783d439afd,0,2,0,32,135039,8160,12.9922,8128,32,135039
4251000,8192,164,133,31,8706047836,164,8706056028,0,8166,12.9937,8140,2,0x9c253e3daa,0,1,0,26,135065,8166,12.9937,8140,26,135065
4252000,8192,164,133,31,8708095836,164,8708104028,0,8163,12.9929,8134,2,0x58d8181c42,0,2,0,29,135094,8163,12.9929,8134,29,135094
4253000,8192,164,133,31,8710143836,164,8710152028,0,8153,12.9905,8114,2,0x06ce902509,0,1,0,39,135133,8153,12.9905,8114,39,135133
4254000,8192,164,133,31,8712191836,164,8712200028,0,8168,12.9941,8144,2,0x724194606f,0,3,0,24,135157,8168,12.9941,8144,24,135157
4255000,8192,164,133,31,8714239836,164,8714248028,0,8156,12.9912,8120,2,0x31d3dfdb4f,0,3,0,36,135193,8156,12.9912,8120,36,135193
4256000,8192,164,133,31,8716287836,164,8716296028,0,8173,12.9954,8154,2,0xeee12e3b8e,0,3,0,19,135212,8173,12.9954,8154,19,135212
4257000,8192,164,133,31,8718335836,164,8718344028,0,8161,12.9924,8130,2,0xb2beea48de,1,3,0,31,135243,8161,12.9924,8130,31,135243
4258000,8192,164,133,31,8720383836,164,8720392028,0,8159,12.9919,8126,2,0x9a20afc62d,0,1,0,33,135276,8159,12.9919,8126,33,135276
4259000,8192,164,133,31,8722431836,164,8722440028,0,8155,12.9910,8118,2,0x08c7c504a7,0,2,0,37,135313,8155,12.9910,8118,37,135313
4260000,8192,164,133,31,8724479836,164,8724488028,0,8165,12.9934,8138,2,0x50608761c9,0,3,0,27,135340,8165,12.9934,8138,27,135340
4261000,8192,164,133,31,8726527836,164,8726536028,0,8153,12.9905,8114,2,0x8f205a7314,1,3,0,39,135379,8153,12.9905,8114,39,135379
4262000,8192,164,133,31,8728575836,164,8728584028,0,8151,12.9900,8110,2,0x04b155422e,1,1,0,41,135420,8151,12.9900,8110,41,135420
4263000,8192,164,133,31,8730623836,164,8730632028,0,8160,12.9922,8128,2,0x49f25f8e5a,1,0,0,32,135452,8160,12.9922,8128,32,135452
4264000,8192,164,133,31,8732671836,164,8732680028,0,8167,12.9938,8143,3,0xf6ae43075a,0,3,0,24,135476,8167,12.9938,8143,24,135476
4265000,8192,164,133,31,8734719836,164,8734728028,0,8153,12.9905,8114,2,0x7844cfcaa9,1,3,0,39,135515,8153,12.9905,8114,39,135515
4266000,8192,175,144,31,8736767825,175,8736776017,0,8158,12.9917,8124,2,0xc15981aba8,0,2,0,34,135549,8158,12.9917,8124,34,135549
4267000,8192,175,144,31,8738815825,175,8738824017,0,8158,12.9917,8124,2,0x2b6510f061,1,3,0,34,135583,8158,12.9917,8124,34,135583
4268000,8192,175,144,31,8740863825,175,8740872017,0,8157,12.9915,8122,2,0x4517a105d4,1,3,0,35,135618,8157,12.9915,8122,35,135618
4269000,8192,175,144,31,8742911825,175,8742920017,0,8155,12.9910,8118,2,0x8d3b7aeda4,0,2,0,37,135655,8155,12.9910,8118,37,135655
4270000,8192,175,144,31,8744959825,175,8744968017,0,8163,12.9929,8134,2,0xa58eb5f468,0,3,0,29,135684,8163,12.9929,8134,29,135684
4271000,8192,175,144,31,8747007825,175,8747016017,0,8156,12.9912,8120,2,0x95b8536ece,0,3,0,36,135720,8156,12.9912,8120,36,135720
4272000,8192,175,144,31,8749055825,175,8749064017,0,8165,12.9934,8138,2,0xac8e9e76bd,0,2,0,27,135747,8165,12.9934,8138,27,135747
4273000,8192,175,144,31,8751103825,175,8751112017,0,8163,12.9929,8134,2,0xe811209aeb,1,3,0,29,135776,8163,12.9929,8134,29,135776
4274000,8192,175,144,31,8753151825,175,8753160017,0,8164,12.9932,8136,2,0x5ead85f750,0,2,0,28,135804,8164,12.9932,8136,28,135804
4275000,8192,175,144,31,8755199825,175,8755208017,0,8162,12.9927,8132,2,0x6060c0afb0,0,2,0,30,135834,8162,12.9927,8132,30,135834
4276000,8192,175,144,31,8757247825,175,8757256017,0,8158,12.9916,8125,3,0x7c264b2b3a,0,3,0,33,135867,8158,12.9916,8125,33,135867
4277000,8192,175,144,31,8759295825,175,8759304017,0,8160,12.9922,8128,2,0x34031ca6b6,2,2,0,32,135899,8160,12.9922,8128,32,135899
4278000,8192,175,144,31,8761343825,175,8761352017,0,8161,12.9924,8130,2,0x32e6a30335,2,3,0,31,135930,8161,12.9924,8130,31,135930
4279000,8192,175,144,31,8763391825,175,8763400017,0,8162,12.9927,8132,2,0x0eb4b192ae,0,3,0,30,135960,8162,12.9927,8132,30,135960
4280000,8192,175,144,31,8765439825,175,8765448017,0,8159,12.9919,8126,2,0x319c5720fd,0,3,0,33,135993,8159,12.9919,8126,33,135993
4281000,8192,175,144,31,8767487825,175,8767496017,0,8163,12.9929,8134,2,0x2ed3505fd4,0,2,0,29,136022,8163,12.9929,8134,29,136022
4282000,8192,175,144,31,8769535825,175,8769544017,0,8167,12.9939,8142,2,0x6ccc2fdac1,0,3,0,25,136047,8167,12.9939,8142,25,136047
4283000,8192,175,144,31,8771583825,175,8771592017,0,8154,12.9906,8117,3,0x1fea9187ee,0,2,0,37,136084,8154,12.9906,8117,37,136084
4284000,8192,175,144,31,8773631825,175,8773640017,0,8157,12.9915,8122,2,0x16b66cc635,0,3,0,35,136119,8157,12.9915,8122,35,136119
4285000,8192,175,144,31,8775679825,175,8775688017,0,8166,12.9937,8140,2,0x90997d3013,2,3,0,26,136145,8166,12.9937,8140,26,136145
4286000,8192,175,144,31,8777727825,175,8777736017,0,8167,12.9939,8142,2,0x17a60e7632,0,2,0,25,136170,8167,12.9939,8142,25,136170
4287000,8192,175,144,31,8779775825,175,8779784017,0,8155,12.9910,8118,2,0x2528fff10e,1,2,0,37,136207,8155,12.9910,8118,37,136207
4288000,8192,175,144,31,8781823825,175,8781832017,0,8163,12.9929,8134,2,0xac12f77857,0,3,0,29,136236,8163,12.9929,8134,29,136236
4289000,8192,175,144,31,8783871825,175,8783880017,0,8169,12.9944,8146,2,0x01384c8956,1,3,0,23,136259,8169,12.9944,8146,23,136259
4290000,8192,175,144,31,8785919825,175,8785928017,0,8158,12.9917,8124,2,0x7fa25c03f1,0,2,0,34,136293,8158,12.9917,8124,34,136293
4291000,8192,175,144,31,8787967825,175,8787976017,0,8160,12.9922,8128,2,0x75970aa105,0,1,0,32,136325,8160,12.9922,8128,32,136325
4292000,8192,175,144,31,8790015825,175,8790024017,0,8158,12.9917,8124,2,0x2b9a3e48da,2,2,0,34,136359,8158,12.9917,8124,34,136359
4293000,8192,175,144,31,8792063825,175,8792072017,0,8166,12.9937,8140,2,0x8286f57512,0,2,0,26,136385,8166,12.9937,8140,26,136385
4294000,8192,175,144,31,8794111825,175,8794120017,0,8170,12.9946,8148,2,0x0c0b4be6fc,1,3,0,22,136407,8170,12.9946,8148,22,136407
4295000,8192,175,144,31,8796159825,175,8796168017,0,8168,12.9941,8144,2,0xb4841e3559,0,3,0,24,136431,8168,12.9941,8144,24,136431
4296000,8192,175,144,31,8798207825,175,8798216017,0,8167,12.9939,8142,2,0x62e92f2dd2,0,1,0,25,136456,8167,12.9939,8142,25,136456
4297000,8192,175,144,31,8800255825,175,8800264017,0,8165,12.9934,8138,2,0x29c50e30ce,2,3,0,27,136483,8165,12.9934,8138,27,136483
4298000,8192,175,144,31,8802303825,175,8802312017,0,8169,12.9944,8146,2,0x6a0823eb9b,0,3,0,23,136506,8169,12.9944,8146,23,136506
4299000,8192,175,144,31,8804351825,175,8804360017,0,8161,12.9924,8130,2,0x296dbf5231,0,2,0,31,136537,8161,12.9924,8130,31,136537
4300000,8192,175,144,31,8806399825,175,8806408017,0,8155,12.9910,8118,2,0x325da0c1dc,0,2,0,37,136574,8155,12.9910,8118,37,136574
4301000,8192,175,144,31,8808447825,175,8808456017,0,8154,12.9907,8116,2,0xf525d9a549,0,3,0,38,136612,8154,12.9907,8116,38,136612
4302000,8192,175,144,31,8810495825,175,8810504017,0,8161,12.9924,8130,2,0x5d02b231d1,1,2,0,31,136643,8161,12.9924,8130,31,136643
4303000,8192,175,144,31,8812543825,175,8812552017,0,8165,12.9934,8138,2,0xf9c654bd8f,0,0,0,27,136670,8165,12.9934,8138,27,136670
4304000,8192,175,144,31,8814591825,175,8814600017,0,8166,12.9937,8140,2,0x532c65f297,0,1,0,26,136696,8166,12.9937,8140,26,136696
4305000,8192,175,144,31,8816639825,175,8816648017,0,8162,12.9926,8133,3,0xb2053edc59,1,3,0,29,136725,8162,12.9926,8133,29,136725
4306000,8192,175,144,31,8818687825,175,8818696017,0,8161,12.9923,8131,3,0x0c1591bbf6,0,3,0,30,136755,8161,12.9923,8131,30,136755
4307000,8192,175,144,31,8820735825,175,8820744017,0,8165,12.9934,8138,2,0x649e484c9d,0,2,0,27,136782,8165,12.9934,8138,27,136782
4308000,8192,175,144,31,8822783825,175,8822792017,0,8159,12.9919,8126,2,0xe1656ec589,0,3,0,33,136815,8159,12.9919,8126,33,136815
4309000,8192,175,144,31,8824831825,175,8824840017,0,8161,12.9924,8130,2,0xba6a2a6dcc,0,3,0,31,136846,8161,12.9924,8130,31,136846
4310000,8192,175,144,31,8826879825,175,8826888017,0,8168,12.9941,8144,2,0x0c6d04e0f8,0,3,0,24,136870,8168,12.9941,8144,24,136870
4311000,8192,175,144,31,8828927825,175,8828936017,0,8165,12.9934,8138,2,0x2b86f86e77,0,2,0,27,136897,8165,12.9934,8138,27,136897
4312000,8192,175,144,31,8830975825,175,8830984017,0,8163,12.9929,8134,2,0x556ca42215,0,3,0,29,136926,8163,12.9929,8134,29,136926
4313000,8192,175,144,31,8833023825,175,8833032017,0,8157,12.9915,8122,2,0xe0bfbb6434,0,2,0,35,136961,8157,12.9915,8122,35,136961
4314000,8192,175,144,31,8835071825,175,8835080017,0,8158,12.9917,8124,2,0x4ce20626ab,1,3,0,34,136995,8158,12.9917,8124,34,136995
4315000,8192,175,144,31,8837119825,175,8837128017,0,8153,12.9904,8115,3,0x27cc651cba,1,3,0,38,137033,8153,12.9904,8115,38,137033
4316000,8192,175,144,31,8839167825,175,8839176017,0,8159,12.9919,8126,2,0x20e17b3e73,1,3,0,33,137066,8159,12.9919,8126,33,137066
4317000,8192,175,144,31,8841215825,175,8841224017,0,8159,12.9919,8126,2,0x9d0dc30a58,0,3,0,33,137099,8159,12.9919,8126,33,137099
4318000,8192,175,144,31,8843263825,175,8843272017,0,8165,12.9934,8138,2,0xc70acff3d0,2,3,0,27,137126,8165,12.9934,8138,27,137126
4319000,8192,175,144,31,8845311825,175,8845320017,0,8155,12.9910,8118,2,0x4b754f654e,0,2,0,37,137163,8155,12.9910,8118,37,137163
4320000,8192,175,144,31,8847359825,175,8847368017,0,8161,12.9924,8130,2,0x8f78da9b88,1,3,0,31,137194,8161,12.9924,8130,31,137194
4321000,8192,175,144,31,8849407825,175,8849416017,0,8148,12.9893,8104,2,0xab7964509a,1,2,0,44,137238,8148,12.9893,8104,44,137238
4322000,8192,175,144,31,8851455825,175,8851464017,0,8161,12.9924,8130,2,0x49ccae3564,1,3,0,31,137269,8161,12.9924,8130,31,137269
4323000,8192,175,144,31,8853503825,175,8853512017,0,8165,12.9934,8138,2,0x1ab3027fc1,2,3,0,27,137296,8165,12.9934,8138,27,137296
4324000,8192,175,144,31,8855551825,175,8855560017,0,8162,12.9927,8132,2,0x33e248e31b,1,2,0,30,137326,8162,12.9927,8132,30,137326
4325000,8192,175,144,31,8857599825,175,8857608017,0,8164,12.9932,8136,2,0x938c3fb4f8,2,3,0,28,137354,8164,12.9932,8136,28,137354
4326000,8192,175,144,31,8859647825,175,8859656017,0,8156,12.9911,8121,3,0xa41ea66a2f,1,3,0,35,137389,8156,12.9911,8121,35,137389
4327000,8192,175,144,31,8861695825,175,8861704017,0,8165,12.9934,8138,2,0x20d2a3e368,0,3,0,27,137416,8165,12.9934,8138,27,137416
4328000,8192,175,144,31,8863743825,175,8863752017,0,8161,12.9924,8130,2,0x2909146bf3,0,3,0,31,137447,8161,12.9924,8130,31,137447
4329000,8192,175,144,31,8865791825,175,8865800017,0,8157,12.9915,8122,2,0x6ff1c8078f,0,3,0,35,137482,8157,12.9915,8122,35,137482
4330000,8192,175,144,31,8867839825,175,8867848017,0,8160,12.9922,8128,2,0x0db42856d0,1,3,0,32,137514,8160,12.9922,8128,32,137514
4331000,8192,175,144,31,8869887825,175,8869896017,0,8164,12.9932,8136,2,0x0bf38d8905,1,2,0,28,137542,8164,12.9932,8136,28,137542
4332000,8192,175,144,31,8871935825,175,8871944017,0,8152,12.9902,8112,2,0xdf2b1452e3,0,3,0,40,137582,8152,12.9902,8112,40,137582
4333000,8192,176,145,31,8873983824,176,8873992016,0,8154,12.9907,8116,2,0x60f99548c1,2,2,0,38,137620,8154,12.9907,8116,38,137620
4334000,8192,176,145,31,8876031824,176,8876040016,0,8161,12.9924,8130,2,0xe2044089ff,0,3,0,31,137651,8161,12.9924,8130,31,137651
4335000,8192,176,145,31,8878079824,176,8878088016,0,8159,12.9919,8126,2,0x6df429d537,0,3,0,33,137684,8159,12.9919,8126,33,137684
4336000,8192,176,145,31,8880127824,176,8880136016,0,8163,12.9929,8134,2,0x13b991178a,0,3,0,29,137713,8163,12.9929,8134,29,137713
4337000,8192,176,145,31,8882175824,176,8882184016,0,8164,12.9932,8136,2,0x22a27b6061,0,3,0,28,137741,8164,12.9932,8136,28,137741
4338000,8192,176,145,31,8884223824,176,8884232016,0,8166,12.9937,8140,2,0x2ce1d0d785,0,2,0,26,137767,8166,12.9937,8140,26,137767
4339000,8192,176,145,31,8886271824,176,8886280016,0,8162,12.9927,8132,2,0xb81eec3f0d,1,2,0,30,137797,8162,12.9927,8132,30,137797
4340000,8192,176,145,31,8888319824,176,8888328016,0,8159,12.9919,8126,2,0xa4a1ac4451,0,3,0,33,137830,8159,12.9919,8126,33,137830
4341000,8192,176,145,31,8890367824,176,8890376016,0,8166,12.9937,8140,2,0x81890b9479,0,3,0,26,137856,8166,12.9937,8140,26,137856
4342000,8192,176,145,31,8892415824,176,8892424016,0,8158,12.9917,8124,2,0xccd8e68846,0,3,0,34,137890,8158,12.9917,8124,34,137890
4343000,8192,176,145,31,8894463824,176,8894472016,0,8162,12.9927,8132,2,0x4482c7335e,0,3,0,30,137920,8162,12.9927,8132,30,137920
4344000,8192,176,145,31,8896511824,176,8896520016,0,8154,12.9907,8116,2,0x7533acef5c,0,2,0,38,137958,8154,12.9907,8116,38,137958
4345000,8192,176,145,31,8898559824,176,8898568016,0,8156,12.9912,8120,2,0xb6e9744717,1,2,0,36,137994,8156,12.9912,8120,36,137994
4346000,8192,176,145,31,8900607824,176,8900616016,0,8154,12.9907,8116,2,0x0f93acbf2b,0,1,0,38,138032,8154,12.9907,8116,38,138032
4347000,8192,176,145,31,8902655824,176,8902664016,0,8165,12.9933,8139,3,0xd782b1f59d,1,2,0,26,138058,8165,12.9933,8139,26,138058
4348000,8192,176,145,31,8904703824,176,8904712016,0,8157,12.9915,8122,2,0x5acc7dd1df,0,2,0,35,138093,8157,12.9915,8122,35,138093
4349000,8192,176,145,31,8906751824,176,8906760016,0,8162,12.9927,8132,2,0x6079fc9799,1,3,0,30,138123,8162,12.9927,8132,30,138123
4350000,8192,176,145,31,8908799824,176,8908808016,0,8142,12.9878,8092,2,0x5df08618ef,1,2,0,50,138173,8142,12.9878,8092,50,138173
4351000,8192,176,145,31,8910847824,176,8910856016,0,8161,12.9924,8130,2,0x5846c6ce41,0,2,0,31,138204,8161,12.9924,8130,31,138204
4352000,8192,176,145,31,8912895824,176,8912904016,0,8161,12.9924,8130,2,0x86433b70de,0,3,0,31,138235,8161,12.9924,8130,31,138235
4353000,8192,176,145,31,8914943824,176,8914952016,0,8164,12.9932,8136,2,0x150c59e6db,1,2,0,28,138263,8164,12.9932,8136,28,138263
4354000,8192,176,145,31,8916991824,176,8917000016,0,8167,12.9939,8142,2,0x7cc366216e,0,2,0,25,138288,8167,12.9939,8142,25,138288
4355000,8192,176,145,31,8919039824,176,8919048016,0,8157,12.9915,8122,2,0x2c35b56bb5,1,2,0,35,138323,8157,12.9915,8122,35,138323
4356000,8192,176,145,31,8921087824,176,8921096016,0,8157,12.9915,8122,2,0xe9925e5c62,0,3,0,35,138358,8157,12.9915,8122,35,138358
4357000,8192,176,145,31,8923135824,176,8923144016,0,8165,12.9934,8138,2,0x4a79cf236d,0,3,0,27,138385,8165,12.9934,8138,27,138385
4358000,8192,176,145,31,8925183824,176,8925192016,0,8157,12.9915,8122,2,0x34594776f6,0,3,0,35,138420,8157,12.9915,8122,35,138420
4359000,8192,177,146,31,8927231823,177,8927240015,0,8158,12.9917,8124,2,0xe921d4c14c,0,3,0,34,138454,8158,12.9917,8124,34,138454
4360000,8192,177,146,31,8929279823,177,8929288015,0,8171,12.9949,8150,2,0x12644d9e6b,0,3,0,21,138475,8171,12.9949,8150,21,138475
4361000,8192,177,146,31,8931327823,177,8931336015,0,8168,12.9941,8144,2,0xd43346b229,0,1,0,24,138499,8168,12.9941,8144,24,138499
4362000,8192,177,146,31,8933375823,177,8933384015,0,8154,12.9907,8116,2,0xe3edb97672,0,3,0,38,138537,8154,12.9907,8116,38,138537
4363000,8192,177,146,31,8935423823,177,8935432015,0,8165,12.9934,8138,2,0xeacb1b5f63,0,3,0,27,138564,8165,12.9934,8138,27,138564
4364000,8192,177,146,31,8937471823,177,8937480015,0,8160,12.9922,8128,2,0x5fa55d1fb9,0,2,0,32,138596,8160,12.9922,8128,32,138596
4365000,8192,177,146,31,8939519823,177,8939528015,0,8155,12.9910,8118,2,0x2edfbdba00,0,3,0,37,138633,8155,12.9910,8118,37,138633
4366000,8192,177,146,31,8941567823,177,8941576015,0,8152,12.9902,8112,2,0x225f3750fe,0,3,0,40,138673,8152,12.9902,8112,40,138673
4367000,8192,177,146,31,8943615823,177,8943624015,0,8154,12.9907,8116,2,0x9064aad35f,0,2,0,38,138711,8154,12.9907,8116,38,138711
4368000,8192,177,146,31,8945663823,177,8945672015,0,8154,12.9907,8116,2,0x0910faba43,0,3,0,38,138749,8154,12.9907,8116,38,138749
4369000,8192,177,146,31,8947711823,177,8947720015,0,8155,12.9910,8118,2,0xdd8fc1153a,1,3,0,37,138786,8155,12.9910,8118,37,138786
4370000,8192,177,146,31,8949759823,177,8949768015,0,8165,12.9934,8138,2,0xc73e11fdc1,0,3,0,27,138813,8165,12.9934,8138,27,138813
4371000,8192,177,146,31,8951807823,177,8951816015,0,8160,12.9922,8128,2,0x1147fde543,0,2,0,32,138845,8160,12.9922,8128,32,138845
4372000,8192,177,146,31,8953855823,177,8953864015,0,8160,12.9922,8128,2,0x3136b9f3da,0,3,0,32,138877,8160,12.9922,8128,32,138877
4373000,8192,177,146,31,8955903823,177,8955912015,0,8161,12.9924,8130,2,0xd88255e8e1,0,1,0,31,138908,8161,12.9924,8130,31,138908
4374000,8192,177,146,31,8957951823,177,8957960015,0,8167,12.9939,8142,2,0xe002a5f67c,0,2,0,25,138933,8167,12.9939,8142,25,138933
4375000,8192,177,146,31,8959999823,177,8960008015,0,8167,12.9939,8142,2,0xcb64a9bc1c,0,3,0,25,138958,8167,12.9939,8142,25,138958
4376000,8192,177,146,31,8962047823,177,8962056015,0,8166,12.9937,8140,2,0xa2645febd7,0,0,0,26,138984,8166,12.9937,8140,26,138984
4377000,8192,177,146,31,8964095823,177,8964104015,0,8157,12.9915,8122,2,0x90711988ce,0,3,0,35,139019,8157,12.9915,8122,35,139019
4378000,8192,177,146,31,8966143823,177,8966152015,0,8159,12.9919,8126,2,0x56c02d91ba,0,3,0,33,139052,8159,12.9919,8126,33,139052
4379000,8192,177,146,31,8968191823,177,8968200015,0,8152,12.9902,8112,2,0x1d506acf73,1,2,0,40,139092,8152,12.9902,8112,40,139092
4380000,8192,177,146,31,8970239823,177,8970248015,0,8158,12.9917,8124,2,0x22f7c3ab63,1,3,0,34,139126,8158,12.9917,8124,34,139126
4381000,8192,177,146,31,8972287823,177,8972296015,0,8155,12.9910,8118,2,0x5504d13d54,0,3,0,37,139163,8155,12.9910,8118,37,139163
4382000,8192,177,146,31,8974335823,177,8974344015,0,8161,12.9924,8130,2,0xd43a4dc4b9,1,2,0,31,139194,8161,12.9924,8130,31,139194
4383000,8192,177,146,31,8976383823,177,8976392015,0,8160,12.9922,8128,2,0x43394a3217,1,3,0,32,139226,8160,12.9922,8128,32,139226
4384000,8192,177,146,31,8978431823,177,8978440015,0,8150,12.9897,8108,2,0x466d0c2272,1,2,0,42,139268,8150,12.9897,8108,42,139268
4385000,8192,177,146,31,8980479823,177,8980488015,0,8155,12.9910,8118,2,0x1010ec7540,0,3,0,37,139305,8155,12.9910,8118,37,139305
4386000,8192,177,146,31,8982527823,177,8982536015,0,8162,12.9927,8132,2,0x64082ab6a9,1,3,0,30,139335,8162,12.9927,8132,30,139335
4387000,8192,177,146,31,8984575823,177,8984584015,0,8159,12.9919,8126,2,0xcae209ee5a,0,2,0,33,139368,8159,12.9919,8126,33,139368
4388000,8192,177,146,31,8986623823,177,8986632015,0,8154,12.9907,8116,2,0x6aff345277,0,3,0,38,139406,8154,12.9907,8116,38,139406
4389000,8192,177,146,31,8988671823,177,8988680015,0,8175,12.9958,8158,2,0x22de57804b,0,2,0,17,139423,8175,12.9958,8158,17,139423
4390000,8192,177,146,31,8990719823,177,8990728015,0,8160,12.9922,8128,2,0x3663698462,1,2,0,32,139455,8160,12.9922,8128,32,139455
4391000,8192,177,146,31,8992767823,177,8992776015,0,8147,12.9890,8102,2,0x6c6ce514c8,1,2,0,45,139500,8147,12.9890,8102,45,139500
4392000,8192,177,146,31,8994815823,177,8994824015,0,8158,12.9915,8126,3,0xd9621cb0e3,0,2,0,32,139532,8158,12.9915,8126,32,139532
4393000,8192,177,146,31,8996863823,177,8996872015,0,8165,12.9934,8138,2,0xb2efb66680,0,3,0,27,139559,8165,12.9934,8138,27,139559
4394000,8192,177,146,31,8998911823,177,8998920015,0,8164,12.9932,8136,2,0x4e0c5b6c38,0,2,0,28,139587,8164,12.9932,8136,28,139587
4395000,8192,177,146,31,9000959823,177,9000968015,0,8164,12.9932,8136,2,0x484fa81c5f,0,2,0,28,139615,8164,12.9932,8136,28,139615
4396000,8192,177,146,31,9003007823,177,9003016015,0,8153,12.9905,8114,2,0x281efd0964,1,3,0,39,139654,8153,12.9905,8114,39,139654
4397000,8192,177,146,31,9005055823,177,9005064015,0,8155,12.9910,8118,2,0xa98b648b6d,0,3,0,37,139691,8155,12.9910,8118,37,139691
4398000,8192,177,146,31,9007103823,177,9007112015,0,8168,12.9941,8144,2,0xff864dc768,0,3,0,24,139715,8168,12.9941,8144,24,139715
4399000,8192,177,146,31,9009151823,177,9009160015,0,8159,12.9919,8126,2,0x030a5b7a75,1,3,0,33,139748,8159,12.9919,8126,33,139748
4400000,8192,177,146,31,9011199823,177,9011208015,0,8154,12.9907,8116,2,0xd7035ef2cb,0,1,0,38,139786,8154,12.9907,8116,38,139786
4401000,8192,177,146,31,9013247823,177,9013256015,0,8149,12.9894,8107,3,0xde9ff008b1,0,3,0,42,139828,8149,12.9894,8107,42,139828
4402000,8192,177,146,31,9015295823,177,9015304015,0,8167,12.9939,8142,2,0x78b4b2ad33,0,2,0,25,139853,8167,12.9939,8142,25,139853
4403000,8192,177,146,31,9017343823,177,9017352015,0,8170,12.9946,8148,2,0x3f6e0bab74,0,2,0,22,139875,8170,12.9946,8148,22,139875
4404000,8192,177,146,31,9019391823,177,9019400015,0,8153,12.9905,8114,2,0xd52def190f,0,2,0,39,139914,8153,12.9905,8114,39,139914
4405000,8192,177,146,31,9021439823,177,9021448015,0,8152,12.9902,8112,2,0x3593acd72e,0,3,0,40,139954,8152,12.9902,8112,40,139954
4406000,8192,177,146,31,9023487823,177,9023496015,0,8159,12.9919,8126,2,0xd7268b9ef4,0,3,0,33,139987,8159,12.9919,8126,33,139987
4407000,8192,177,146,31,9025535823,177,9025544015,0,8162,12.9927,8132,2,0xfccbfc8bb6,0,3,0,30,140017,8162,12.9927,8132,30,140017
4408000,8192,177,146,31,9027583823,177,9027592015,0,8159,12.9919,8126,2,0xc102cf81aa,0,3,0,33,140050,8159,12.9919,8126,33,140050
4409000,8192,177,146,31,9029631823,177,9029640015,0,8167,12.9939,8142,2,0x337b4f0455,1,3,0,25,140075,8167,12.9939,8142,25,140075
4410000,8192,177,146,31,9031679823,177,9031688015,0,8163,12.9929,8134,2,0x47c77b87fc,1,3,0,29,140104,8163,12.9929,8134,29,140104
4411000,8192,177,146,31,9033727823,177,9033736015,0,8169,12.9944,8146,2,0x0105b3cfae,2,3,0,23,140127,8169,12.9944,8146,23,140127
4412000,8192,177,146,31,9035775823,177,9035784015,0,8168,12.9941,8144,2,0x43ca099430,0,2,0,24,140151,8168,12.9941,8144,24,140151
4413000,8192,177,146,31,9037823823,177,9037832015,0,8153,12.9904,8115,3,0x9d8487c11c,1,3,0,38,140189,8153,12.9904,8115,38,140189
4414000,8192,177,146,31,9039871823,177,9039880015,0,8146,12.9888,8100,2,0x435f349dff,1,3,0,46,140235,8146,12.9888,8100,46,140235
4415000,8192,177,146,31,9041919823,177,9041928015,0,8162,12.9926,8133,3,0x5ea47be302,1,3,0,29,140264,8162,12.9926,8133,29,140264
4416000,8192,177,146,31,9043967823,177,9043976015,0,8166,12.9937,8140,2,0x9c9de595e1,0,3,0,26,140290,8166,12.9937,8140,26,140290
4417000,8192,177,146,31,9046015823,177,9046024015,0,8163,12.9929,8134,2,0x3ffccf25c6,1,2,0,29,140319,8163,12.9929,8134,29,140319
4418000,8192,177,146,31,9048063823,177,9048072015,0,8167,12.9939,8142,2,0x0b6e81afb3,1,1,0,25,140344,8167,12.9939,8142,25,140344
4419000,8192,177,146,31,9050111823,177,9050120015,0,8149,12.9895,8106,2,0x44eb76ed01,0,3,0,43,140387,8149,12.9895,8106,43,140387
4420000,8192,177,146,31,9052159823,177,9052168015,0,8169,12.9944,8146,2,0x60edd81ec9,1,3,0,23,140410,8169,12.9944,8146,23,140410
4421000,8192,177,146,31,9054207823,177,9054216015,0,8153,12.9905,8114,2,0xf3ac4ff619,2,3,0,39,140449,8153,12.9905,8114,39,140449
4422000,8192,177,146,31,9056255823,177,9056264015,0,8163,12.9929,8134,2,0x62ad46a45f,1,3,0,29,140478,8163,12.9929,8134,29,140478
4423000,8192,177,146,31,9058303823,177,9058312015,0,8155,12.9910,8118,2,0xf4be72c86e,2,3,0,37,140515,8155,12.9910,8118,37,140515
4424000,8192,177,146,31,9060351823,177,9060360015,0,8164,12.9932,8136,2,0xe315132c51,1,3,0,28,140543,8164,12.9932,8136,28,140543
4425000,8192,177,146,31,9062399823,177,9062408015,0,8158,12.9917,8124,2,0xa3e5b3769d,0,3,0,34,140577,8158,12.9917,8124,34,140577
4426000,8192,177,146,31,9064447823,177,9064456015,0,8163,12.9929,8134,2,0xa2b618fc28,0,2,0,29,140606,8163,12.9929,8134,29,140606
4427000,8192,177,146,31,9066495823,177,9066504015,0,8154,12.9906,8117,3,0x75e2f84caa,0,3,0,37,140643,8154,12.9906,8117,37,140643
4428000,8192,177,146,31,9068543823,177,9068552015,0,8161,12.9924,8130,2,0x6e75a336b1,0,3,0,31,140674,8161,12.9924,8130,31,140674
4429000,8192,177,146,31,9070591823,177,9070600015,0,8164,12.9932,8136,2,0xd67fcc5633,1,3,0,28,140702,8164,12.9932,8136,28,140702
4430000,8192,177,146,31,9072639823,177,9072648015,0,8150,12.9897,8108,2,0x889d055d04,0,3,0,42,140744,8150,12.9897,8108,42,140744
4431000,8192,177,146,31,9074687823,177,9074696015,0,8158,12.9917,8124,2,0x6d3d6f3dff,0,3,0,34,140778,8158,12.9917,8124,34,140778
4432000,8192,177,146,31,9076735823,177,9076744015,0,8165,12.9934,8138,2,0x7a52f19c2e,1,3,0,27,140805,8165,12.9934,8138,27,140805
4433000,8192,177,146,31,9078783823,177,9078792015,0,8168,12.9941,8144,2,0x5ea6d34b21,0,3,0,24,140829,8168,12.9941,8144,24,140829
4434000,8192,177,146,31,9080831823,177,9080840015,0,8152,12.9902,8112,2,0x53ef17948b,0,3,0,40,140869,8152,12.9902,8112,40,140869
4435000,8192,177,146,31,9082879823,177,9082888015,0,8155,12.9910,8118,2,0x06619a4833,0,2,0,37,140906,8155,12.9910,8118,37,140906
4436000,8192,177,146,31,9084927823,177,9084936015,0,8147,12.9890,8102,2,0x89570d147f,0,3,0,45,140951,8147,12.9890,8102,45,140951
4437000,8192,177,146,31,9086975823,177,9086984015,0,8157,12.9915,8122,2,0x6168eadcf4,1,2,0,35,140986,8157,12.9915,8122,35,140986
4438000,8192,177,146,31,9089023823,177,9089032015,0,8160,12.9922,8128,2,0x4c54905667,0,3,0,32,141018,8160,12.9922,8128,32,141018
4439000,8192,177,146,31,9091071823,177,9091080015,0,8167,12.9939,8142,2,0x021dad1395,1,3,0,25,141043,8167,12.9939,8142,25,141043
4440000,8192,177,146,31,9093119823,177,9093128015,0,8170,12.9946,8148,2,0x181c9cc3f5,1,2,0,22,141065,8170,12.9946,8148,22,141065
4441000,8192,177,146,31,9095167823,177,9095176015,0,8163,12.9929,8134,2,0x063bcb4fc6,1,3,0,29,141094,8163,12.9929,8134,29,141094
4442000,8192,177,146,31,9097215823,177,9097224015,0,8161,12.9924,8130,2,0x4741d46940,0,2,0,31,141125,8161,12.9924,8130,31,141125
4443000,8192,177,146,31,9099263823,177,9099272015,0,8172,12.9951,8152,2,0xcc634650e2,0,3,0,20,141145,8172,12.9951,8152,20,141145
4444000,8192,177,146,31,9101311823,177,9101320015,0,8163,12.9929,8134,2,0xf91d9d0e05,0,2,0,29,141174,8163,12.9929,8134,29,141174
4445000,8192,177,146,31,9103359823,177,9103368015,0,8168,12.9941,8144,2,0x88c426e862,0,3,0,24,141198,8168,12.9941,8144,24,141198
4446000,8192,177,146,31,9105407823,177,9105416015,0,8161,12.9924,8130,2,0x3fd8469c12,2,3,0,31,141229,8161,12.9924,8130,31,141229
4447000,8192,177,146,31,9107455823,177,9107464015,0,8172,12.9951,8152,2,0x78b5ea9065,0,3,0,20,141249,8172,12.9951,8152,20,141249
4448000,8192,177,146,31,9109503823,177,9109512015,0,8163,12.9929,8134,2,0xfaeea121d5,0,3,0,29,141278,8163,12.9929,8134,29,141278
4449000,8192,177,146,31,9111551823,177,9111560015,0,8165,12.9934,8138,2,0x2b9c844605,0,3,0,27,141305,8165,12.9934,8138,27,141305
4450000,8192,177,146,31,9113599823,177,9113608015,0,8172,12.9951,8152,2,0xe5e15e89a6,0,2,0,20,141325,8172,12.9951,8152,20,141325
4451000,8192,177,146,31,9115647823,177,9115656015,0,8151,12.9899,8111,3,0xcd4b4567f4,0,3,0,40,141365,8151,12.9899,8111,40,141365
4452000,8192,177,146,31,9117695823,177,9117704015,0,8153,12.9905,8114,2,0xd74b08db0b,0,2,0,39,141404,8153,12.9905,8114,39,141404
4453000,8192,177,146,31,9119743823,177,9119752015,0,8152,12.9902,8112,2,0xf3baec5247,1,3,0,40,141444,8152,12.9902,8112,40,141444
4454000,8192,177,146,31,9121791823,177,9121800015,0,8164,12.9931,8137,3,0xdfe280edcc,2,2,0,27,141471,8164,12.9931,8137,27,141471
4455000,8192,177,146,31,9123839823,177,9123848015,0,8153,12.9905,8114,2,0x75d5e18b30,0,3,0,39,141510,8153,12.9905,8114,39,141510
4456000,8192,177,146,31,9125887823,177,9125896015,0,8154,12.9907,8116,2,0xd76c16c903,0,3,0,38,141548,8154,12.9907,8116,38,141548
4457000,8192,177,146,31,9127935823,177,9127944015,0,8152,12.9901,8113,3,0x9ffe62ddd3,1,3,0,39,141587,8152,12.9901,8113,39,141587
4458000,8192,177,146,31,9129983823,177,9129992015,0,8149,12.9895,8106,2,0x3f5974aec8,0,3,0,43,141630,8149,12.9895,8106,43,141630
4459000,8192,177,146,31,9132031823,177,9132040015,0,8167,12.9939,8142,2,0x518c0120ce,1,3,0,25,141655,8167,12.9939,8142,25,141655
4460000,8192,177,146,31,9134079823,177,9134088015,0,8168,12.9940,8145,3,0x48f9d231bf,0,3,0,23,141678,8168,12.9940,8145,23,141678
4461000,8192,178,147,31,9136127822,178,9136136014,0,8164,12.9932,8136,2,0x4d0099dbb1,1,3,0,28,141706,8164,12.9932,8136,28,141706
4462000,8192,178,147,31,9138175822,178,9138184014,0,8159,12.9919,8126,2,0xf21719214f,0,2,0,33,141739,8159,12.9919,8126,33,141739
4463000,8192,178,147,31,9140223822,178,9140232014,0,8167,12.9939,8142,2,0xccbb9a03f3,1,3,0,25,141764,8167,12.9939,8142,25,141764
4464000,8192,178,147,31,9142271822,178,9142280014,0,8158,12.9917,8124,2,0x7ec8ffe08b,1,2,0,34,141798,8158,12.9917,8124,34,141798
4465000,8192,178,147,31,9144319822,178,9144328014,0,8166,12.9937,8140,2,0xa1b8454144,0,3,0,26,141824,8166,12.9937,8140,26,141824
4466000,8192,178,147,31,9146367822,178,9146376014,0,8148,12.9893,8104,2,0xa544e52a1e,0,3,0,44,141868,8148,12.9893,8104,44,141868
4467000,8192,178,147,31,9148415822,178,9148424014,0,8171,12.9948,8151,3,0xd098b8c6a3,1,3,0,20,141888,8171,12.9948,8151,20,141888
4468000,8192,178,147,31,9150463822,178,9150472014,0,8152,12.9902,8112,2,0xef3d1d3033,0,3,0,40,141928,8152,12.9902,8112,40,141928
4469000,8192,178,147,31,9152511822,178,9152520014,0,8159,12.9919,8126,2,0x2bf4d39a57,0,3,0,33,141961,8159,12.9919,8126,33,141961
4470000,8192,178,147,31,9154559822,178,9154568014,0,8168,12.9941,8144,2,0x601e500986,0,2,0,24,141985,8168,12.9941,8144,24,141985
4471000,8192,178,147,31,9156607822,178,9156616014,0,8157,12.9915,8122,2,0xf9d11938f2,1,3,0,35,142020,8157,12.9915,8122,35,142020
4472000,8192,178,147,31,9158655822,178,9158664014,0,8155,12.9909,8119,3,0x192ad1e28a,0,3,0,36,142056,8155,12.9909,8119,36,142056
4473000,8192,178,147,31,9160703822,178,9160712014,0,8164,12.9932,8136,2,0x471b276cfd,0,3,0,28,142084,8164,12.9932,8136,28,142084
4474000,8192,178,147,31,9162751822,178,9162760014,0,8175,12.9958,8158,2,0xbdab1f31e2,0,2,0,17,142101,8175,12.9958,8158,17,142101
4475000,8192,178,147,31,9164799822,178,9164808014,0,8153,12.9905,8114,2,0x193067c829,0,3,0,39,142140,8153,12.9905,8114,39,142140
4476000,8192,178,147,31,9166847822,178,9166856014,0,8167,12.9939,8142,2,0xd32dff95aa,0,3,0,25,142165,8167,12.9939,8142,25,142165
4477000,8192,178,147,31,9168895822,178,9168904014,0,8164,12.9932,8136,2,0x3b5159586a,1,3,0,28,142193,8164,12.9932,8136,28,142193
4478000,8192,178,147,31,9170943822,178,9170952014,0,8166,12.9937,8140,2,0xc79a19272d,0,3,0,26,142219,8166,12.9937,8140,26,142219
4479000,8192,178,147,31,9172991822,178,9173000014,0,8164,12.9932,8136,2,0x4a8a480e06,1,3,0,28,142247,8164,12.9932,8136,28,142247
4480000,8192,178,147,31,9175039822,178,9175048014,0,8167,12.9939,8142,2,0xb6801bf036,0,3,0,25,142272,8167,12.9939,8142,25,142272
4481000,8192,178,147,31,9177087822,178,9177096014,0,8159,12.9919,8126,2,0xc856c51a5e,0,3,0,33,142305,8159,12.9919,8126,33,142305
4482000,8192,178,147,31,9179135822,178,9179144014,0,8158,12.9917,8124,2,0x4f30070f28,0,3,0,34,142339,8158,12.9917,8124,34,142339
4483000,8192,178,147,31,9181183822,178,9181192014,0,8160,12.9922,8128,2,0x14bd8a73c0,0,3,0,32,142371,8160,12.9922,8128,32,142371
4484000,8192,178,147,31,9183231822,178,9183240014,0,8159,12.9919,8126,2,0xbece3339f3,1,3,0,33,142404,8159,12.9919,8126,33,142404
4485000,8192,178,147,31,9185279822,178,9185288014,0,8157,12.9915,8122,2,0xf9a9d7815c,1,2,0,35,142439,8157,12.9915,8122,35,142439
4486000,8192,178,147,31,9187327822,178,9187336014,0,8155,12.9910,8118,2,0xaf78c94ed0,0,2,0,37,142476,8155,12.9910,8118,37,142476
4487000,8192,178,147,31,9189375822,178,9189384014,0,8162,12.9927,8132,2,0x3dd94648d8,0,2,0,30,142506,8162,12.9927,8132,30,142506
4488000,8192,178,147,31,9191423822,178,9191432014,0,8156,12.9912,8120,2,0xee24211173,0,2,0,36,142542,8156,12.9912,8120,36,142542
4489000,8192,178,147,31,9193471822,178,9193480014,0,8166,12.9937,8140,2,0x7ca5c25d98,1,3,0,26,142568,8166,12.9937,8140,26,142568
4490000,8192,178,147,31,9195519822,178,9195528014,0,8163,12.9929,8134,2,0xcb023bcff3,0,3,0,29,142597,8163,12.9929,8134,29,142597
4491000,8192,178,147,31,9197567822,178,9197576014,0,8158,12.9917,8124,2,0xfb0cb44534,0,1,0,34,142631,8158,12.9917,8124,34,142631
4492000,8192,178,147,31,9199615822,178,9199624014,0,8161,12.9924,8130,2,0x7cc25a6b36,2,3,0,31,142662,8161,12.9924,8130,31,142662
4493000,8192,178,147,31,9201663822,178,9201672014,0,8159,12.9919,8126,2,0x71c49907de,0,3,0,33,142695,8159,12.9919,8126,33,142695
4494000,8192,178,147,31,9203711822,178,9203720014,0,8158,12.9917,8124,2,0x32cae1e58c,2,3,0,34,142729,8158,12.9917,8124,34,142729
4495000,8192,178,147,31,9205759822,178,9205768014,0,8161,12.9924,8130,2,0x42ea19ad7b,0,3,0,31,142760,8161,12.9924,8130,31,142760
4496000,8192,179,148,31,9207807821,179,9207816013,0,8157,12.9915,8122,2,0xb054630b61,0,3,0,35,142795,8157,12.9915,8122,35,142795
4497000,8192,179,148,31,9209855821,179,9209864013,0,8160,12.9922,8128,2,0x125bd20ca4,1,2,0,32,142827,8160,12.9922,8128,32,142827
4498000,8192,179,148,31,9211903821,179,9211912013,0,8160,12.9921,8129,3,0x39978415a5,0,3,0,31,142858,8160,12.9921,8129,31,142858
4499000,8192,179,148,31,9213951821,179,9213960013,0,8153,12.9904,8115,3,0xdee10a9cb6,0,3,0,38,142896,8153,12.9904,8115,38,142896
4500000,8192,179,148,31,9215999821,179,9216008013,0,8159,12.9919,8125,2,0x0b53d93cd9,0,2,0,33,142929,8159,12.9919,8125,33,142929
4501000,8192,179,148,31,9218047821,179,9218056013,0,8157,12.9915,8122,2,0xb5392c1600,0,3,0,35,142964,8157,12.9915,8122,35,142964
4502000,8192,179,148,31,9220095821,179,9220104013,0,8157,12.9915,8122,2,0xa1ae97f0e6,0,2,0,35,142999,8157,12.9915,8122,35,142999
4503000,8192,179,148,31,9222143821,179,9222152013,0,8145,12.9885,8098,2,0x33d9a25687,1,2,0,47,143046,8145,12.9885,8098,47,143046
4504000,8192,179,148,31,9224191821,179,9224200013,0,8153,12.9905,8114,2,0x048a508abc,0,3,0,39,143085,8153,12.9905,8114,39,143085
4505000,8192,179,148,31,9226239821,179,9226248013,0,8158,12.9917,8124,2,0x382101816e,1,3,0,34,143119,8158,12.9917,8124,34,143119
4506000,8192,179,148,31,9228287821,179,9228296013,0,8163,12.9929,8134,2,0xec89a75d9f,0,3,0,29,143148,8163,12.9929,8134,29,143148
4507000,8192,179,148,31,9230335821,179,9230344013,0,8154,12.9907,8116,2,0xb8a6737ceb,1,3,0,38,143186,8154,12.9907,8116,38,143186
4508000,8192,179,148,31,9232383821,179,9232392013,0,8156,12.9912,8120,2,0x8178c374a0,0,3,0,36,143222,8156,12.9912,8120,36,143222
4509000,8192,179,148,31,9234431821,179,9234440013,0,8166,12.9937,8140,2,0xf9ff566041,0,3,0,26,143248,8166,12.9937,8140,26,143248
4510000,8192,179,148,31,9236479821,179,9236488013,0,8152,12.9902,8112,2,0xad3b73a9b5,0,3,0,40,143288,8152,12.9902,8112,40,143288
4511000,8192,179,148,31,9238527821,179,9238536013,0,8156,12.9911,8121,3,0xc4c91531d5,0,3,0,35,143323,8156,12.9911,8121,35,143323
4512000,8192,179,148,31,9240575821,179,9240584013,0,8164,12.9932,8136,2,0x0969389a24,1,2,0,28,143351,8164,12.9932,8136,28,143351
4513000,8192,179,148,31,9242623821,179,9242632013,0,8165,12.9934,8138,2,0xf476f77eb0,1,3,0,27,143378,8165,12.9934,8138,27,143378
4514000,8192,179,148,31,9244671821,179,9244680013,0,8158,12.9917,8124,2,0x555d77d222,0,2,0,34,143412,8158,12.9917,8124,34,143412
4515000,8192,179,148,31,9246719821,179,9246728013,0,8160,12.9922,8128,2,0x09b8b4c1ba,1,2,0,32,143444,8160,12.9922,8128,32,143444
4516000,8192,179,148,31,9248767821,179,9248776013,0,8174,12.9956,8156,2,0xeb6763c3e9,1,3,0,18,143462,8174,12.9956,8156,18,143462
4517000,8192,179,148,31,9250815821,179,9250824013,0,8149,12.9895,8106,2,0x488562f3b2,1,2,0,43,143505,8149,12.9895,8106,43,143505
4518000,8192,179,148,31,9252863821,179,9252872013,0,8146,12.9887,8101,3,0xb7121418ac,0,2,0,45,143550,8146,12.9887,8101,45,143550
4519000,8192,179,148,31,9254911821,179,9254920013,0,8164,12.9932,8136,2,0x308ab2ffd1,0,2,0,28,143578,8164,12.9932,8136,28,143578
4520000,8192,179,148,31,9256959821,179,9256968013,0,8166,12.9937,8140,2,0x1a7dc9ed19,0,2,0,26,143604,8166,12.9937,8140,26,143604
4521000,8192,179,148,31,9259007821,179,9259016013,0,8159,12.9919,8126,2,0x269032fa50,1,3,0,33,143637,8159,12.9919,8126,33,143637
4522000,8192,179,148,31,9261055821,179,9261064013,0,8171,12.9949,8150,2,0xe2bd80a58d,1,3,0,21,143658,8171,12.9949,8150,21,143658
4523000,8192,179,148,31,9263103821,179,9263112013,0,8164,12.9932,8136,2,0x6edc6b8517,0,3,0,28,143686,8164,12.9932,8136,28,143686
4524000,8192,179,148,31,9265151821,179,9265160013,0,8160,12.9922,8128,2,0x0441331fd6,0,2,0,32,143718,8160,12.9922,8128,32,143718
4525000,8192,179,148,31,9267199821,179,9267208013,0,8155,12.9910,8118,2,0x692f281c9b,0,3,0,37,143755,8155,12.9910,8118,37,143755
4526000,8192,179,148,31,9269247821,179,9269256013,0,8158,12.9917,8124,2,0xcc3dda5769,1,3,0,34,143789,8158,12.9917,8124,34,143789
4527000,8192,179,148,31,9271295821,179,9271304013,0,8148,12.9892,8105,3,0x2622880587,0,3,0,43,143832,8148,12.9892,8105,43,143832
4528000,8192,179,148,31,9273343821,179,9273352013,0,8154,12.9907,8116,2,0x963717798c,0,3,0,38,143870,8154,12.9907,8116,38,143870
4529000,8192,179,148,31,9275391821,179,9275400013,0,8159,12.9919,8126,2,0x2fe74c5588,0,2,0,33,143903,8159,12.9919,8126,33,143903
4530000,8192,179,148,31,9277439821,179,9277448013,0,8158,12.9917,8124,2,0x457387e789,0,2,0,34,143937,8158,12.9917,8124,34,143937
4531000,8192,179,148,31,9279487821,179,9279496013,0,8154,12.9907,8116,2,0xf24af8da1f,0,3,0,38,143975,8154,12.9907,8116,38,143975
4532000,8192,179,148,31,9281535821,179,9281544013,0,8165,12.9934,8138,2,0xbb2831055d,1,2,0,27,144002,8165,12.9934,8138,27,144002
4533000,8192,179,148,31,9283583821,179,9283592013,0,8155,12.9910,8118,2,0x072b930506,1,3,0,37,144039,8155,12.9910,8118,37,144039
4534000,8192,179,148,31,9285631821,179,9285640013,0,8153,12.9905,8114,2,0xddd85340d1,0,3,0,39,144078,8153,12.9905,8114,39,144078
4535000,8192,179,148,31,9287679821,179,9287688013,0,8170,12.9946,8148,2,0x05096e1900,1,2,0,22,144100,8170,12.9946,8148,22,144100
4536000,8192,179,148,31,9289727821,179,9289736013,0,8155,12.9910,8118,2,0x237fd35852,0,2,0,37,144137,8155,12.9910,8118,37,144137
4537000,8192,179,148,31,9291775821,179,9291784013,0,8152,12.9902,8112,2,0x487b2e6ca3,0,3,0,40,144177,8152,12.9902,8112,40,144177
4538000,8192,179,148,31,9293823821,179,9293832013,0,8161,12.9923,8131,3,0x0af6bd9174,0,3,0,30,144207,8161,12.9923,8131,30,144207
4539000,8192,179,148,31,9295871821,179,9295880013,0,8160,12.9922,8128,2,0x77a93d6ee2,0,1,0,32,144239,8160,12.9922,8128,32,144239
4540000,8192,179,148,31,9297919821,179,9297928013,0,8158,12.9917,8124,2,0x9c163c562d,0,3,0,34,144273,8158,12.9917,8124,34,144273
4541000,8192,179,148,31,9299967821,179,9299976013,0,8163,12.9929,8134,2,0x087a45ac29,0,3,0,29,144302,8163,12.9929,8134,29,144302
4542000,8192,179,148,31,9302015821,179,9302024013,0,8167,12.9939,8142,2,0xf8e9acf897,0,3,0,25,144327,8167,12.9939,8142,25,144327
4543000,8192,179,148,31,9304063821,179,9304072013,0,8161,12.9924,8130,2,0x43a6e0d1a0,0,3,0,31,144358,8161,12.9924,8130,31,144358
4544000,8192,179,148,31,9306111821,179,9306120013,0,8170,12.9946,8148,2,0xd5e0f17027,0,3,0,22,144380,8170,12.9946,8148,22,144380
4545000,8192,179,148,31,9308159821,179,9308168013,0,8161,12.9924,8130,2,0x916bbd651b,0,3,0,31,144411,8161,12.9924,8130,31,144411
4546000,8192,179,148,31,9310207821,179,9310216013,0,8158,12.9917,8124,2,0x819e819669,1,3,0,34,144445,8158,12.9917,8124,34,144445
4547000,8192,179,148,31,9312255821,179,9312264013,0,8163,12.9929,8134,2,0x54c10773bb,0,3,0,29,144474,8163,12.9929,8134,29,144474
4548000,8192,179,148,31,9314303821,179,9314312013,0,8153,12.9905,8114,2,0x4f67a9a280,0,2,0,39,144513,8153,12.9905,8114,39,144513
4549000,8192,179,148,31,9316351821,179,9316360013,0,8163,12.9929,8134,2,0x51ab4d4623,1,2,0,29,144542,8163,12.9929,8134,29,144542
4550000,8192,179,148,31,9318399821,179,9318408013,0,8165,12.9934,8138,2,0xd5aebc1e2a,1,3,0,27,144569,8165,12.9934,8138,27,144569
4551000,8192,179,148,31,9320447821,179,9320456013,0,8157,12.9915,8122,2,0x4cf4fe2c31,0,3,0,35,144604,8157,12.9915,8122,35,144604
4552000,8192,179,148,31,9322495821,179,9322504013,0,8154,12.9907,8116,2,0xc550b498c6,0,3,0,38,144642,8154,12.9907,8116,38,144642
4553000,8192,179,148,31,9324543821,179,9324552013,0,8162,12.9927,8132,2,0x32aff61b59,0,3,0,30,144672,8162,12.9927,8132,30,144672
4554000,8192,179,148,31,9326591821,179,9326600013,0,8161,12.9924,8130,2,0xb7d2a423e4,0,3,0,31,144703,8161,12.9924,8130,31,144703
4555000,8192,179,148,31,9328639821,179,9328648013,0,8169,12.9944,8146,2,0x75a85dcb3b,1,3,0,23,144726,8169,12.9944,8146,23,144726
4556000,8192,179,148,31,9330687821,179,9330696013,0,8163,12.9929,8134,2,0xd363937090,0,2,0,29,144755,8163,12.9929,8134,29,144755
4557000,8192,179,148,31,9332735821,179,9332744013,0,8169,12.9944,8146,2,0xaa01ef82db,1,3,0,23,144778,8169,12.9944,8146,23,144778
4558000,8192,179,148,31,9334783821,179,9334792013,0,8157,12.9915,8122,2,0xf210031df3,1,3,0,35,144813,8157,12.9915,8122,35,144813
4559000,8192,179,148,31,9336831821,179,9336840013,0,8161,12.9924,8130,2,0x54517754d9,0,3,0,31,144844,8161,12.9924,8130,31,144844
4560000,8192,179,148,31,9338879821,179,9338888013,0,8159,12.9919,8126,2,0x9cd6783220,0,3,0,33,144877,8159,12.9919,8126,33,144877
4561000,8192,179,148,31,9340927821,179,9340936013,0,8148,12.9893,8104,2,0xa71d46811c,0,2,0,44,144921,8148,12.9893,8104,44,144921
4562000,8192,179,148,31,9342975821,179,9342984013,0,8160,12.9922,8128,2,0x720f57e4e9,1,3,0,32,144953,8160,12.9922,8128,32,144953
4563000,8192,179,148,31,9345023821,179,9345032013,0,8157,12.9914,8123,3,0xb977dd4588,0,2,0,34,144987,8157,12.9914,8123,34,144987
4564000,8192,179,148,31,9347071821,179,9347080013,0,8164,12.9932,8136,2,0x40fa53b1d1,1,3,0,28,145015,8164,12.9932,8136,28,145015
4565000,8192,179,148,31,9349119821,179,9349128013,0,8151,12.9900,8110,2,0xcded833abf,0,2,0,41,145056,8151,12.9900,8110,41,145056
4566000,8192,179,148,31,9351167821,179,9351176013,0,8160,12.9922,8128,2,0x0c41339ab6,0,3,0,32,145088,8160,12.9922,8128,32,145088
4567000,8192,179,148,31,9353215821,179,9353224013,0,8155,12.9910,8118,2,0x12c3481f13,0,2,0,37,145125,8155,12.9910,8118,37,145125
4568000,8192,180,149,31,9355263820,180,9355272012,0,8162,12.9927,8132,2,0x2c786640a9,1,3,0,30,145155,8162,12.9927,8132,30,145155
4569000,8192,180,149,31,9357311820,180,9357320012,0,8155,12.9910,8118,2,0x02db4fdcc1,0,3,0,37,145192,8155,12.9910,8118,37,145192
4570000,8192,180,149,31,9359359820,180,9359368012,0,8158,12.9917,8124,2,0x15f2d9399d,0,3,0,34,145226,8158,12.9917,8124,34,145226
4571000,8192,180,149,31,9361407820,180,9361416012,0,8158,12.9916,8125,3,0x74394fea95,0,1,0,33,145259,8158,12.9916,8125,33,145259
4572000,8192,180,149,31,9363455820,180,9363464012,0,8153,12.9905,8114,2,0x579f23caa1,2,3,0,39,145298,8153,12.9905,8114,39,145298
4573000,8192,180,149,31,9365503820,180,9365512012,0,8156,12.9912,8120,2,0xa25795c543,0,3,0,36,145334,8156,12.9912,8120,36,145334
4574000,8192,180,149,31,9367551820,180,9367560012,0,8171,12.9949,8150,2,0xb32227f677,2,3,0,21,145355,8171,12.9949,8150,21,145355
4575000,8192,180,149,31,9369599820,180,9369608012,0,8165,12.9934,8138,2,0x5c1be2a8f7,0,3,0,27,145382,8165,12.9934,8138,27,145382
4576000,8192,180,149,31,9371647820,180,9371656012,0,8159,12.9919,8126,2,0x63c034b8cc,0,3,0,33,145415,8159,12.9919,8126,33,145415
4577000,8192,180,149,31,9373695820,180,9373704012,0,8157,12.9915,8122,2,0xfea4ae97c1,0,3,0,35,145450,8157,12.9915,8122,35,145450
4578000,8192,180,149,31,9375743820,180,9375752012,0,8149,12.9895,8106,2,0xc050e168c2,1,3,0,43,145493,8149,12.9895,8106,43,145493
4579000,8192,180,149,31,9377791820,180,9377800012,0,8158,12.9917,8124,2,0xc68ace0c39,0,3,0,34,145527,8158,12.9917,8124,34,145527
4580000,8192,180,149,31,9379839820,180,9379848012,0,8165,12.9934,8138,2,0x93dd1dca20,1,1,0,27,145554,8165,12.9934,8138,27,145554
4581000,8192,180,149,31,9381887820,180,9381896012,0,8163,12.9929,8134,2,0xd2d19ab854,0,3,0,29,145583,8163,12.9929,8134,29,145583
4582000,8192,180,149,31,9383935820,180,9383944012,0,8158,12.9917,8124,2,0xec904d5899,0,3,0,34,145617,8158,12.9917,8124,34,145617
4583000,8192,180,149,31,9385983820,180,9385992012,0,8159,12.9919,8126,2,0xa8cc5bfb31,1,3,0,33,145650,8159,12.9919,8126,33,145650
4584000,8192,180,149,31,9388031820,180,9388040012,0,8168,12.9941,8144,2,0x09cbe0e72d,1,2,0,24,145674,8168,12.9941,8144,24,145674
4585000,8192,180,149,31,9390079820,180,9390088012,0,8155,12.9910,8118,2,0xbde23a873f,0,3,0,37,145711,8155,12.9910,8118,37,145711
4586000,8192,180,149,31,9392127820,180,9392136012,0,8166,12.9936,8141,3,0x3b8984fa8f,0,2,0,25,145736,8166,12.9936,8141,25,145736
4587000,8192,180,149,31,9394175820,180,9394184012,0,8160,12.9922,8128,2,0x2e1b7f9544,1,2,0,32,145768,8160,12.9922,8128,32,145768
4588000,8192,180,149,31,9396223820,180,9396232012,0,8159,12.9919,8126,2,0xa8abd5cc8c,0,2,0,33,145801,8159,12.9919,8126,33,145801
4589000,8192,180,149,31,9398271820,180,9398280012,0,8167,12.9939,8142,2,0xed78611874,0,3,0,25,145826,8167,12.9939,8142,25,145826
4590000,8192,180,149,31,9400319820,180,9400328012,0,8155,12.9909,8119,3,0xdcfef69abe,0,3,0,36,145862,8155,12.9909,8119,36,145862
4591000,8192,180,149,31,9402367820,180,9402376012,0,8169,12.9944,8146,2,0xca19d59235,1,3,0,23,145885,8169,12.9944,8146,23,145885
4592000,8192,180,149,31,9404415820,180,9404424012,0,8153,12.9905,8114,2,0xd764ef0d3e,0,3,0,39,145924,8153,12.9905,8114,39,145924
4593000,8192,180,149,31,9406463820,180,9406472012,0,8154,12.9907,8116,2,0xce1571d999,1,3,0,38,145962,8154,12.9907,8116,38,145962
4594000,8192,180,149,31,9408511820,180,9408520012,0,8164,12.9932,8136,2,0x9b7e446382,0,3,0,28,145990,8164,12.9932,8136,28,145990
4595000,8192,180,149,31,9410559820,180,9410568012,0,8163,12.9929,8134,2,0x2e9bce0fc8,0,2,0,29,146019,8163,12.9929,8134,29,146019
4596000,8192,180,149,31,9412607820,180,9412616012,0,8162,12.9927,8132,2,0xe76501336e,0,3,0,30,146049,8162,12.9927,8132,30,146049
4597000,8192,180,149,31,9414655820,180,9414664012,0,8159,12.9919,8126,2,0x3477538994,1,3,0,33,146082,8159,12.9919,8126,33,146082
4598000,8192,180,149,31,9416703820,180,9416712012,0,8155,12.9910,8118,2,0x0ef2fade3c,1,3,0,37,146119,8155,12.9910,8118,37,146119
4599000,8192,180,149,31,9418751820,180,9418760012,0,8163,12.9929,8134,2,0xcc581b668b,0,3,0,29,146148,8163,12.9929,8134,29,146148
4600000,8192,181,149,32,9420799819,181,9420808011,0,8158,12.9917,8124,2,0x1a3a8d363b,1,2,0,34,146182,8158,12.9917,8124,34,146182
4601000,8192,181,149,32,9422847819,181,9422856011,0,8161,12.9924,8130,2,0xf91a9b6432,0,3,0,31,146213,8161,12.9924,8130,31,146213
4602000,8192,181,149,32,9424895819,181,9424904011,0,8161,12.9924,8130,2,0x8910a5077a,0,2,0,31,146244,8161,12.9924,8130,31,146244
4603000,8192,181,149,32,9426943819,181,9426952011,0,8160,12.9922,8128,2,0xee283c129f,1,2,0,32,146276,8160,12.9922,8128,32,146276
4604000,8192,181,149,32,9428991819,181,9429000011,0,8167,12.9939,8142,2,0x670ec0d44e,0,3,0,25,146301,8167,12.9939,8142,25,146301
4605000,8192,181,149,32,9431039819,181,9431048011,0,8153,12.9905,8114,2,0x484dcd2c01,0,3,0,39,146340,8153,12.9905,8114,39,146340
4606000,8192,181,149,32,9433087819,181,9433096011,0,8163,12.9929,8134,2,0xce560f1ec0,0,2,0,29,146369,8163,12.9929,8134,29,146369
4607000,8192,181,149,32,9435135819,181,9435144011,0,8164,12.9932,8136,2,0x192b2128fa,0,3,0,28,146397,8164,12.9932,8136,28,146397
4608000,8192,181,149,32,9437183819,181,9437192011,0,8162,12.9927,8132,2,0x931fcd64e9,1,3,0,30,146427,8162,12.9927,8132,30,146427
4609000,8192,181,149,32,9439231819,181,9439240011,0,8168,12.9941,8144,2,0x23b346df7c,1,2,0,24,146451,8168,12.9941,8144,24,146451
4610000,8192,181,149,32,9441279819,181,9441288011,0,8159,12.9919,8126,2,0x2f40d029f1,2,3,0,33,146484,8159,12.9919,8126,33,146484
4611000,8192,181,149,32,9443327819,181,9443336011,0,8155,12.9910,8118,2,0xc0dff82684,0,3,0,37,146521,8155,12.9910,8118,37,146521
4612000,8192,181,149,32,9445375819,181,9445384011,0,8151,12.9900,8110,2,0x76f753e759,0,3,0,41,146562,8151,12.9900,8110,41,146562
4613000,8192,181,149,32,9447423819,181,9447432011,0,8166,12.9937,8140,2,0x5c7dce2e39,2,3,0,26,146588,8166,12.9937,8140,26,146588
4614000,8192,181,149,32,9449471819,181,9449480011,0,8161,12.9924,8130,2,0xac50cd7d71,0,3,0,31,146619,8161,12.9924,8130,31,146619
4615000,8192,181,149,32,9451519819,181,9451528011,0,8171,12.9949,8150,2,0xbcaa6223e7,0,2,0,21,146640,8171,12.9949,8150,21,146640
4616000,8192,181,149,32,9453567819,181,9453576011,0,8152,12.9902,8112,2,0x9391375f72,0,3,0,40,146680,8152,12.9902,8112,40,146680
4617000,8192,181,149,32,9455615819,181,9455624011,0,8164,12.9932,8136,2,0xf86944ac43,1,3,0,28,146708,8164,12.9932,8136,28,146708
4618000,8192,181,149,32,9457663819,181,9457672011,0,8167,12.9939,8142,2,0x37807167aa,1,2,0,25,146733,8167,12.9939,8142,25,146733
4619000,8192,181,149,32,9459711819,181,9459720011,0,8161,12.9924,8130,2,0x2c88130eed,0,3,0,31,146764,8161,12.9924,8130,31,146764
4620000,8192,181,149,32,9461759819,181,9461768011,0,8157,12.9915,8122,2,0x02d45fe320,0,3,0,35,146799,8157,12.9915,8122,35,146799
4621000,8192,181,149,32,9463807819,181,9463816011,0,8166,12.9937,8140,2,0xfa28acdb8b,1,2,0,26,146825,8166,12.9937,8140,26,146825
4622000,8192,181,149,32,9465855819,181,9465864011,0,8169,12.9944,8146,2,0x3d66d91781,1,2,0,23,146848,8169,12.9944,8146,23,146848
4623000,8192,181,149,32,9467903819,181,9467912011,0,8157,12.9915,8122,2,0x3ca13eee3d,0,2,0,35,146883,8157,12.9915,8122,35,146883
4624000,8192,181,149,32,9469951819,181,9469960011,0,8149,12.9895,8106,2,0x6bc27ae337,1,3,0,43,146926,8149,12.9895,8106,43,146926
4625000,8192,181,149,32,9471999819,181,9472008011,0,8162,12.9927,8132,2,0x0a2c7ebfd1,0,3,0,30,146956,8162,12.9927,8132,30,146956
4626000,8192,181,149,32,9474047819,181,9474056011,0,8170,12.9946,8148,2,0x5d6680c5e1,0,2,0,22,146978,8170,12.9946,8148,22,146978
4627000,8192,181,149,32,9476095819,181,9476104011,0,8153,12.9905,8114,2,0x8b94d80bfc,0,2,0,39,147017,8153,12.9905,8114,39,147017
4628000,8192,182,150,32,9478143818,182,9478152010,0,8146,12.9888,8100,2,0xf477523d3f,0,2,0,46,147063,8146,12.9888,8100,46,147063
4629000,8192,182,150,32,9480191818,182,9480200010,0,8168,12.9941,8144,2,0xa4681bc6c4,0,3,0,24,147087,8168,12.9941,8144,24,147087
4630000,8192,182,150,32,9482239818,182,9482248010,0,8169,12.9944,8146,2,0x0a8513d479,1,3,0,23,147110,8169,12.9944,8146,23,147110
4631000,8192,182,150,32,9484287818,182,9484296010,0,8161,12.9924,8130,2,0xeeeabaa8a6,1,3,0,31,147141,8161,12.9924,8130,31,147141
4632000,8192,182,150,32,9486335818,182,9486344010,0,8166,12.9937,8140,2,0xbb4986eebf,0,2,0,26,147167,8166,12.9937,8140,26,147167
4633000,8192,182,150,32,9488383818,182,9488392010,0,8159,12.9919,8126,2,0xaea46e945a,0,2,0,33,147200,8159,12.9919,8126,33,147200
4634000,8192,182,150,32,9490431818,182,9490440010,0,8166,12.9937,8140,2,0x2572b674df,0,3,0,26,147226,8166,12.9937,8140,26,147226
4635000,8192,182,150,32,9492479818,182,9492488010,0,8153,12.9905,8114,2,0x712c3b33d6,0,3,0,39,147265,8153,12.9905,8114,39,147265
4636000,8192,182,150,32,9494527818,182,9494536010,0,8143,12.9880,8094,2,0x4fd03df672,0,3,0,49,147314,8143,12.9880,8094,49,147314
4637000,8192,182,150,32,9496575818,182,9496584010,0,8157,12.9915,8122,2,0x5ec4a82963,0,3,0,35,147349,8157,12.9915,8122,35,147349
4638000,8192,182,150,32,9498623818,182,9498632010,0,8158,12.9917,8124,2,0xbdd3686a00,0,3,0,34,147383,8158,12.9917,8124,34,147383
4639000,8192,182,150,32,9500671818,182,9500680010,0,8144,12.9883,8096,2,0xdf5f27f36a,0,3,0,48,147431,8144,12.9883,8096,48,147431
4640000,8192,182,150,32,9502719818,182,9502728010,0,8155,12.9910,8118,2,0x7adb9c32d0,0,3,0,37,147468,8155,12.9910,8118,37,147468
4641000,8192,182,150,32,9504767818,182,9504776010,0,8160,12.9922,8128,2,0x59b043e313,0,2,0,32,147500,8160,12.9922,8128,32,147500
4642000,8192,182,150,32,9506815818,182,9506824010,0,8149,12.9895,8106,2,0x33d318b0c7,0,2,0,43,147543,8149,12.9895,8106,43,147543
4643000,8192,182,150,32,9508863818,182,9508872010,0,8164,12.9932,8136,2,0x6b70249b4b,0,2,0,28,147571,8164,12.9932,8136,28,147571
4644000,8192,182,150,32,9510911818,182,9510920010,0,8167,12.9939,8142,2,0x0249ee702f,0,2,0,25,147596,8167,12.9939,8142,25,147596
4645000,8192,182,150,32,9512959818,182,9512968010,0,8158,12.9917,8124,2,0x6a460a2116,0,3,0,34,147630,8158,12.9917,8124,34,147630
4646000,8192,182,150,32,9515007818,182,9515016010,0,8170,12.9946,8148,2,0x5253a403d0,1,3,0,22,147652,8170,12.9946,8148,22,147652
4647000,8192,182,150,32,9517055818,182,9517064010,0,8158,12.9917,8124,2,0x2a40beeb7d,1,3,0,34,147686,8158,12.9917,8124,34,147686
4648000,8192,182,150,32,9519103818,182,9519112010,0,8151,12.9900,8110,2,0x6f62332597,0,3,0,41,147727,8151,12.9900,8110,41,147727
4649000,8192,182,150,32,9521151818,182,9521160010,0,8163,12.9929,8134,2,0x8c6c9ed369,0,3,0,29,147756,8163,12.9929,8134,29,147756
4650000,8192,182,150,32,9523199818,182,9523208010,0,8159,12.9919,8127,3,0x6f9fcaff71,0,2,0,32,147788,8159,12.9919,8127,32,147788
4651000,8192,182,150,32,9525247818,182,9525256010,0,8163,12.9929,8134,2,0x0bce101031,0,3,0,29,147817,8163,12.9929,8134,29,147817
4652000,8192,182,150,32,9527295818,182,9527304010,0,8162,12.9927,8132,2,0x74574f0da5,0,3,0,30,147847,8162,12.9927,8132,30,147847
4653000,8192,182,150,32,9529343818,182,9529352010,0,8155,12.9910,8118,2,0x6789a182d9,0,2,0,37,147884,8155,12.9910,8118,37,147884
4654000,8192,182,150,32,9531391818,182,9531400010,0,8170,12.9946,8148,2,0xdb25eb73e3,0,3,0,22,147906,8170,12.9946,8148,22,147906
4655000,8192,182,150,32,9533439818,182,9533448010,0,8160,12.9922,8128,2,0xa2cd0725ab,1,3,0,32,147938,8160,12.9922,8128,32,147938
4656000,8192,182,150,32,9535487818,182,9535496010,0,8155,12.9910,8118,2,0x6f8d2ec337,0,3,0,37,147975,8155,12.9910,8118,37,147975
4657000,8192,182,150,32,9537535818,182,9537544010,0,8158,12.9917,8124,2,0x8f417d8e1c,0,3,0,34,148009,8158,12.9917,8124,34,148009
4658000,8192,182,150,32,9539583818,182,9539592010,0,8166,12.9937,8140,2,0xf97881e71d,1,2,0,26,148035,8166,12.9937,8140,26,148035
4659000,8192,182,150,32,9541631818,182,9541640010,0,8145,12.9885,8098,2,0x58807a3af5,0,3,0,47,148082,8145,12.9885,8098,47,148082
4660000,8192,182,150,32,9543679818,182,9543688010,0,8157,12.9915,8122,2,0x3da68d3bbf,0,3,0,35,148117,8157,12.9915,8122,35,148117
4661000,8192,182,150,32,9545727818,182,9545736010,0,8152,12.9902,8112,2,0x8cb15f7705,1,3,0,40,148157,8152,12.9902,8112,40,148157
4662000,8192,182,150,32,9547775818,182,9547784010,0,8154,12.9907,8116,2,0xc8aa24633a,0,3,0,38,148195,8154,12.9907,8116,38,148195
4663000,8192,182,150,32,9549823818,182,9549832010,0,8161,12.9924,8130,2,0x774d0e2fad,0,3,0,31,148226,8161,12.9924,8130,31,148226
4664000,8192,182,150,32,9551871818,182,9551880010,0,8162,12.9927,8132,2,0x0c8bc92bb5,1,2,0,30,148256,8162,12.9927,8132,30,148256
4665000,8192,182,150,32,9553919818,182,9553928010,0,8158,12.9917,8124,2,0x020dcdce94,0,3,0,34,148290,8158,12.9917,8124,34,148290
4666000,8192,182,150,32,9555967818,182,9555976010,0,8167,12.9939,8142,2,0xcbff11bf73,0,3,0,25,148315,8167,12.9939,8142,25,148315
4667000,8192,182,150,32,9558015818,182,9558024010,0,8164,12.9932,8136,2,0x6710b3ef5a,1,2,0,28,148343,8164,12.9932,8136,28,148343
4668000,8192,182,150,32,9560063818,182,9560072010,0,8163,12.9928,8135,3,0x2ce17e9cf2,2,3,0,28,148371,8163,12.9928,8135,28,148371
4669000,8192,182,150,32,9562111818,182,9562120010,0,8160,12.9922,8128,2,0xb4c7402e8b,1,3,0,32,148403,8160,12.9922,8128,32,148403
4670000,8192,182,150,32,9564159818,182,9564168010,0,8164,12.9932,8136,2,0x351f9d4968,0,3,0,28,148431,8164,12.9932,8136,28,148431
4671000,8192,182,150,32,9566207818,182,9566216010,0,8153,12.9905,8114,2,0x15d63b0f19,0,3,0,39,148470,8153,12.9905,8114,39,148470
4672000,8192,182,150,32,9568255818,182,9568264010,0,8160,12.9922,8128,2,0x2e2e12872e,0,3,0,32,148502,8160,12.9922,8128,32,148502
4673000,8192,182,150,32,9570303818,182,9570312010,0,8158,12.9917,8124,2,0x036c9d8ad5,0,2,0,34,148536,8158,12.9917,8124,34,148536
4674000,8192,182,150,32,9572351818,182,9572360010,0,8166,12.9937,8140,2,0xf6aec06a60,0,3,0,26,148562,8166,12.9937,8140,26,148562
4675000,8192,182,150,32,9574399818,182,9574408010,0,8153,12.9905,8114,2,0x048bdad0a6,0,2,0,39,148601,8153,12.9905,8114,39,148601
4676000,8192,182,150,32,9576447818,182,9576456010,0,8166,12.9937,8140,2,0xc426d552df,1,3,0,26,148627,8166,12.9937,8140,26,148627
4677000,8192,182,150,32,9578495818,182,9578504010,0,8154,12.9907,8116,2,0x81a1b3693a,1,3,0,38,148665,8154,12.9907,8116,38,148665
4678000,8192,182,150,32,9580543818,182,9580552010,0,8165,12.9934,8138,2,0x9086abeb1e,1,3,0,27,148692,8165,12.9934,8138,27,148692
4679000,8192,182,150,32,9582591818,182,9582600010,0,8162,12.9927,8132,2,0xa8759b56d3,0,3,0,30,148722,8162,12.9927,8132,30,148722
4680000,8192,182,150,32,9584639818,182,9584648010,0,8154,12.9907,8116,2,0xdac55dbb9e,0,2,0,38,148760,8154,12.9907,8116,38,148760
4681000,8192,182,150,32,9586687818,182,9586696010,0,8160,12.9922,8128,2,0x8820997973,0,2,0,32,148792,8160,12.9922,8128,32,148792
4682000,8192,182,150,32,9588735818,182,9588744010,0,8161,12.9923,8131,3,0xea76d54672,1,3,0,30,148822,8161,12.9923,8131,30,148822
4683000,8192,182,150,32,9590783818,182,9590792010,0,8164,12.9932,8136,2,0x3d36155ae6,1,3,0,28,148850,8164,12.9932,8136,28,148850
4684000,8192,182,150,32,9592831818,182,9592840010,0,8153,12.9905,8114,2,0xb0b18e83dc,2,3,0,39,148889,8153,12.9905,8114,39,148889
4685000,8192,182,150,32,9594879818,182,9594888010,0,8149,12.9895,8106,2,0xc44e23668f,0,2,0,43,148932,8149,12.9895,8106,43,148932
4686000,8192,182,150,32,9596927818,182,9596936010,0,8160,12.9922,8128,2,0x86b9818f28,0,3,0,32,148964,8160,12.9922,8128,32,148964
4687000,8192,182,150,32,9598975818,182,9598984010,0,8161,12.9924,8130,2,0x867f4f1675,1,2,0,31,148995,8161,12.9924,8130,31,148995
4688000,8192,182,150,32,9601023818,182,9601032010,0,8158,12.9917,8124,2,0x1283d885ee,0,2,0,34,149029,8158,12.9917,8124,34,149029
4689000,8192,182,150,32,9603071818,182,9603080010,0,8161,12.9924,8130,2,0x9795f10a7e,0,2,0,31,149060,8161,12.9924,8130,31,149060
4690000,8192,182,150,32,9605119818,182,9605128010,0,8163,12.9928,8135,3,0x1153d3eec0,0,3,0,28,149088,8163,12.9928,8135,28,149088
4691000,8192,182,150,32,9607167818,182,9607176010,0,8172,12.9951,8152,2,0x8eff00ee67,0,2,0,20,149108,8172,12.9951,8152,20,149108
4692000,8192,182,150,32,9609215818,182,9609224010,0,8154,12.9906,8117,3,0xd84327dfc4,1,3,0,37,149145,8154,12.9906,8117,37,149145
4693000,8192,182,150,32,9611263818,182,9611272010,0,8164,12.9932,8136,2,0x3aaf835819,1,3,0,28,149173,8164,12.9932,8136,28,149173
4694000,8192,182,150,32,9613311818,182,9613320010,0,8175,12.9958,8158,2,0xca70d51c1e,0,3,0,17,149190,8175,12.9958,8158,17,149190
4695000,8192,182,150,32,9615359818,182,9615368010,0,8165,12.9934,8138,2,0x80ab13440f,0,3,0,27,149217,8165,12.9934,8138,27,149217
4696000,8192,182,150,32,9617407818,182,9617416010,0,8167,12.9939,8142,2,0x2b9b901e63,1,3,0,25,149242,8167,12.9939,8142,25,149242
4697000,8192,182,150,32,9619455818,182,9619464010,0,8156,12.9912,8120,2,0x844c360f51,0,3,0,36,149278,8156,12.9912,8120,36,149278
4698000,8192,182,150,32,9621503818,182,9621512010,0,8167,12.9939,8142,2,0xc100d0f31b,1,3,0,25,149303,8167,12.9939,8142,25,149303
4699000,8192,182,150,32,9623551818,182,9623560010,0,8154,12.9906,8117,3,0xae8830af6a,0,3,0,37,149340,8154,12.9906,8117,37,149340
4700000,8192,182,150,32,9625599818,182,9625608010,0,8162,12.9927,8132,2,0x7b0177d4a9,3,3,0,30,149370,8162,12.9927,8132,30,149370
4701000,8192,182,150,32,9627647818,182,9627656010,0,8165,12.9934,8138,2,0xecbf6ab1d4,3,3,0,27,149397,8165,12.9934,8138,27,149397
4702000,8192,182,150,32,9629695818,182,9629704010,0,8166,12.9937,8140,2,0x91537657c3,1,3,0,26,149423,8166,12.9937,8140,26,149423
4703000,8192,182,150,32,9631743818,182,9631752010,0,8158,12.9917,8124,2,0xba407aca07,0,2,0,34,149457,8158,12.9917,8124,34,149457
4704000,8192,182,150,32,9633791818,182,9633800010,0,8156,12.9912,8120,2,0xcadd199714,0,2,0,36,149493,8156,12.9912,8120,36,149493
4705000,8192,182,150,32,9635839818,182,9635848010,0,8159,12.9919,8126,2,0x5d4706d56b,0,2,0,33,149526,8159,12.9919,8126,33,149526
4706000,8192,182,150,32,9637887818,182,9637896010,0,8161,12.9924,8130,2,0xcdd0d5e970,1,3,0,31,149557,8161,12.9924,8130,31,149557
4707000,8192,182,150,32,9639935818,182,9639944010,0,8161,12.9923,8131,3,0x17dba89d91,1,2,0,30,149587,8161,12.9923,8131,30,149587
4708000,8192,182,150,32,9641983818,182,9641992010,0,8168,12.9941,8144,2,0xba053989fa,1,2,0,24,149611,8168,12.9941,8144,24,149611
4709000,8192,182,150,32,9644031818,182,9644040010,0,8155,12.9909,8119,3,0xf1bbe5d2ca,0,2,0,36,149647,8155,12.9909,8119,36,149647
4710000,8192,182,150,32,9646079818,182,9646088010,0,8168,12.9941,8144,2,0xaff79ca837,1,2,0,24,149671,8168,12.9941,8144,24,149671
4711000,8192,182,150,32,9648127818,182,9648136010,0,8161,12.9924,8130,2,0xad6ea74a60,0,2,0,31,149702,8161,12.9924,8130,31,149702
4712000,8192,182,150,32,9650175818,182,9650184010,0,8156,12.9912,8120,2,0xfddba2b629,0,3,0,36,149738,8156,12.9912,8120,36,149738
4713000,8192,182,150,32,9652223818,182,9652232010,0,8165,12.9934,8138,2,0x9b663479a2,0,3,0,27,149765,8165,12.9934,8138,27,149765
4714000,8192,182,150,32,9654271818,182,9654280010,0,8156,12.9912,8120,2,0x0e1b12b57a,2,3,0,36,149801,8156,12.9912,8120,36,149801
4715000,8192,182,150,32,9656319818,182,9656328010,0,8154,12.9907,8116,2,0x5faf415847,0,3,0,38,149839,8154,12.9907,8116,38,149839
4716000,8192,182,150,32,9658367818,182,9658376010,0,8154,12.9907,8116,2,0x070758168c,0,2,0,38,149877,8154,12.9907,8116,38,149877
4717000,8192,182,150,32,9660415818,182,9660424010,0,8163,12.9929,8134,2,0x1ead04b098,0,3,0,29,149906,8163,12.9929,8134,29,149906
4718000,8192,182,150,32,9662463818,182,9662472010,0,8145,12.9884,8099,3,0xe7759a790a,0,2,0,46,149952,8145,12.9884,8099,46,149952
4719000,8192,182,150,32,9664511818,182,9664520010,0,8164,12.9932,8136,2,0x2877edb41e,1,3,0,28,149980,8164,12.9932,8136,28,149980
4720000,8192,182,150,32,9666559818,182,9666568010,0,8162,12.9927,8132,2,0xc62024706a,0,3,0,30,150010,8162,12.9927,8132,30,150010
4721000,8192,182,150,32,9668607818,182,9668616010,0,8158,12.9917,8124,2,0xb066deeeae,0,2,0,34,150044,8158,12.9917,8124,34,150044
4722000,8192,182,150,32,9670655818,182,9670664010,0,8154,12.9906,8117,3,0x77c9be722a,1,3,0,37,150081,8154,12.9906,8117,37,150081
4723000,8192,182,150,32,9672703818,182,9672712010,0,8160,12.9921,8129,3,0x7fc37a65b0,3,3,0,31,150112,8160,12.9921,8129,31,150112
4724000,8192,182,150,32,9674751818,182,9674760010,0,8161,12.9924,8130,2,0x094f91800d,0,3,0,31,150143,8161,12.9924,8130,31,150143
4725000,8192,182,150,32,9676799818,182,9676808010,0,8160,12.9922,8128,2,0x529f09f5ba,1,2,0,32,150175,8160,12.9922,8128,32,150175
4726000,8192,182,150,32,9678847818,182,9678856010,0,8157,12.9915,8122,2,0x1dee4ad6fb,0,1,0,35,150210,8157,12.9915,8122,35,150210
4727000,8192,182,150,32,9680895818,182,9680904010,0,8150,12.9897,8108,2,0xfc9aa07ca8,1,3,0,42,150252,8150,12.9897,8108,42,150252
4728000,8192,182,150,32,9682943818,182,9682952010,0,8145,12.9885,8098,2,0x205d2b799a,1,2,0,47,150299,8145,12.9885,8098,47,150299
4729000,8192,182,150,32,9684991818,182,9685000010,0,8161,12.9924,8130,2,0x57874a16d0,2,3,0,31,150330,8161,12.9924,8130,31,150330
4730000,8192,182,150,32,9687039818,182,9687048010,0,8162,12.9927,8132,2,0xdf5ba5dec4,1,2,0,30,150360,8162,12.9927,8132,30,150360
4731000,8192,182,150,32,9689087818,182,9689096010,0,8155,12.9910,8118,2,0xa6a59a8faa,1,3,0,37,150397,8155,12.9910,8118,37,150397
4732000,8192,182,150,32,9691135818,182,9691144010,0,8153,12.9905,8114,2,0x2ca12fff57,1,3,0,39,150436,8153,12.9905,8114,39,150436
4733000,8192,182,150,32,9693183818,182,9693192010,0,8155,12.9910,8118,2,0x4b8cef35c4,0,3,0,37,150473,8155,12.9910,8118,37,150473
4734000,8192,182,150,32,9695231818,182,9695240010,0,8166,12.9937,8140,2,0x5502904777,0,2,0,26,150499,8166,12.9937,8140,26,150499
4735000,8192,182,150,32,9697279818,182,9697288010,0,8170,12.9946,8148,2,0x40a4af617b,0,2,0,22,150521,8170,12.9946,8148,22,150521
4736000,8192,182,150,32,9699327818,182,9699336010,0,8155,12.9910,8118,2,0xc101991b24,0,3,0,37,150558,8155,12.9910,8118,37,150558
4737000,8192,182,150,32,9701375818,182,9701384010,0,8161,12.9924,8130,2,0xd42aa5ed5a,1,3,0,31,150589,8161,12.9924,8130,31,150589
4738000,8192,182,150,32,9703423818,182,9703432010,0,8178,12.9966,8164,2,0xfd03e6ca30,0,2,0,14,150603,8178,12.9966,8164,14,150603
4739000,8192,182,150,32,9705471818,182,9705480010,0,8168,12.9941,8144,2,0x059609fa79,0,1,0,24,150627,8168,12.9941,8144,24,150627
4740000,8192,182,150,32,9707519818,182,9707528010,0,8157,12.9915,8122,2,0x563249147a,0,3,0,35,150662,8157,12.9915,8122,35,150662
4741000,8192,183,150,33,9709567817,183,9709576009,0,8156,12.9912,8120,2,0x2506736d3c,2,3,0,36,150698,8156,12.9912,8120,36,150698
4742000,8192,183,150,33,9711615817,183,9711624009,0,8157,12.9915,8122,2,0x74210981f2,1,2,0,35,150733,8157,12.9915,8122,35,150733
4743000,8192,183,150,33,9713663817,183,9713672009,0,8165,12.9934,8138,2,0x58a421ce9b,0,3,0,27,150760,8165,12.9934,8138,27,150760
4744000,8192,183,150,33,9715711817,183,9715720009,0,8150,12.9897,8108,2,0x8c41f7c5a5,1,3,0,42,150802,8150,12.9897,8108,42,150802
4745000,8192,183,150,33,9717759817,183,9717768009,0,8160,12.9922,8128,2,0x52dc6d16aa,1,3,0,32,150834,8160,12.9922,8128,32,150834
4746000,8192,183,150,33,9719807817,183,9719816009,0,8161,12.9924,8130,2,0x4aefbc78f6,0,2,0,31,150865,8161,12.9924,8130,31,150865
4747000,8192,183,150,33,9721855817,183,9721864009,0,8164,12.9932,8136,2,0xb68486b177,0,3,0,28,150893,8164,12.9932,8136,28,150893
4748000,8192,183,150,33,9723903817,183,9723912009,0,8154,12.9906,8117,3,0xdb22a46c00,0,3,0,37,150930,8154,12.9906,8117,37,150930
4749000,8192,183,150,33,9725951817,183,9725960009,0,8157,12.9915,8122,2,0x38f0da2d95,0,2,0,35,150965,8157,12.9915,8122,35,150965
4750000,8192,183,150,33,9727999817,183,9728008009,0,8170,12.9946,8148,2,0x539120f1ea,0,1,0,22,150987,8170,12.9946,8148,22,150987
4751000,8192,183,150,33,9730047817,183,9730056009,0,8155,12.9910,8118,2,0xde2429227a,1,2,0,37,151024,8155,12.9910,8118,37,151024
4752000,8192,183,150,33,9732095817,183,9732104009,0,8159,12.9919,8126,2,0xf8fc4570eb,0,3,0,33,151057,8159,12.9919,8126,33,151057
4753000,8192,183,150,33,9734143817,183,9734152009,0,8158,12.9917,8124,2,0xf7248e7d4e,0,2,0,34,151091,8158,12.9917,8124,34,151091
4754000,8192,183,150,33,9736191817,183,9736200009,0,8166,12.9937,8140,2,0x0bee551bd2,0,3,0,26,151117,8166,12.9937,8140,26,151117
4755000,8192,183,150,33,9738239817,183,9738248009,0,8151,12.9899,8111,3,0x3877ab99ba,0,3,0,40,151157,8151,12.9899,8111,40,151157
4756000,8192,183,150,33,9740287817,183,9740296009,0,8164,12.9932,8136,2,0x8568dabd09,1,3,0,28,151185,8164,12.9932,8136,28,151185
4757000,8192,183,150,33,9742335817,183,9742344009,0,8159,12.9919,8126,2,0xaf85320bd7,1,3,0,33,151218,8159,12.9919,8126,33,151218
4758000,8192,183,150,33,9744383817,183,9744392009,0,8155,12.9910,8118,2,0x2e4aef8dca,0,3,0,37,151255,8155,12.9910,8118,37,151255
4759000,8192,183,150,33,9746431817,183,9746440009,0,8158,12.9917,8124,2,0x1a20631ed9,0,3,0,34,151289,8158,12.9917,8124,34,151289
4760000,8192,183,150,33,9748479817,183,9748488009,0,8158,12.9917,8124,2,0xc8b4874c58,0,2,0,34,151323,8158,12.9917,8124,34,151323
4761000,8192,183,150,33,9750527817,183,9750536009,0,8164,12.9932,8136,2,0xbe67ddb3a5,0,2,0,28,151351,8164,12.9932,8136,28,151351
4762000,8192,183,150,33,9752575817,183,9752584009,0,8164,12.9932,8136,2,0xdc731ac908,0,3,0,28,151379,8164,12.9932,8136,28,151379
4763000,8192,183,150,33,9754623817,183,9754632009,0,8162,12.9927,8132,2,0x668693b895,0,3,0,30,151409,8162,12.9927,8132,30,151409
4764000,8192,183,150,33,9756671817,183,9756680009,0,8165,12.9934,8138,2,0xf8ca928824,0,3,0,27,151436,8165,12.9934,8138,27,151436
4765000,8192,183,150,33,9758719817,183,9758728009,0,8166,12.9937,8140,2,0x23890e278b,0,3,0,26,151462,8166,12.9937,8140,26,151462
4766000,8192,183,150,33,9760767817,183,9760776009,0,8165,12.9934,8138,2,0xf399e9c426,0,2,0,27,151489,8165,12.9934,8138,27,151489
4767000,8192,183,150,33,9762815817,183,9762824009,0,8161,12.9924,8130,2,0xa111432d83,0,3,0,31,151520,8161,12.9924,8130,31,151520
4768000,8192,183,150,33,9764863817,183,9764872009,0,8161,12.9924,8130,2,0x16dcb72acc,1,2,0,31,151551,8161,12.9924,8130,31,151551
4769000,8192,183,150,33,9766911817,183,9766920009,0,8158,12.9917,8124,2,0x0cd3b9c320,0,3,0,34,151585,8158,12.9917,8124,34,151585
4770000,8192,183,150,33,9768959817,183,9768968009,0,8163,12.9929,8134,2,0xdd2ee23993,0,2,0,29,151614,8163,12.9929,8134,29,151614
4771000,8192,183,150,33,9771007817,183,9771016009,0,8155,12.9909,8119,3,0x6dd9a5612e,0,3,0,36,151650,8155,12.9909,8119,36,151650
4772000,8192,183,150,33,9773055817,183,9773064009,0,8163,12.9929,8133,2,0xb7b08b297d,2,2,0,29,151679,8163,12.9929,8133,29,151679
4773000,8192,183,150,33,9775103817,183,9775112009,0,8165,12.9934,8138,2,0x387c34f23a,1,3,0,27,151706,8165,12.9934,8138,27,151706
4774000,8192,183,150,33,9777151817,183,9777160009,0,8158,12.9917,8124,2,0x102fcaddb9,1,3,0,34,151740,8158,12.9917,8124,34,151740
4775000,8192,183,150,33,9779199817,183,9779208009,0,8151,12.9900,8110,2,0x9477d28461,0,3,0,41,151781,8151,12.9900,8110,41,151781
4776000,8192,183,150,33,9781247817,183,9781256009,0,8163,12.9929,8134,2,0x879dff21fe,1,3,0,29,151810,8163,12.9929,8134,29,151810
4777000,8192,183,150,33,9783295817,183,9783304009,0,8165,12.9934,8138,2,0xe0ee39611f,1,3,0,27,151837,8165,12.9934,8138,27,151837
4778000,8192,183,150,33,9785343817,183,9785352009,0,8162,12.9926,8133,3,0x77f1792afb,2,3,0,29,151866,8162,12.9926,8133,29,151866
4779000,8192,183,150,33,9787391817,183,9787400009,0,8169,12.9944,8146,2,0x1aab7e8989,0,3,0,23,151889,8169,12.9944,8146,23,151889
4780000,8192,183,150,33,9789439817,183,9789448009,0,8173,12.9954,8154,2,0xd913f9f32b,1,3,0,19,151908,8173,12.9954,8154,19,151908
4781000,8192,183,150,33,9791487817,183,9791496009,0,8158,12.9917,8124,2,0x4928c7b9d3,0,3,0,34,151942,8158,12.9917,8124,34,151942
4782000,8192,183,150,33,9793535817,183,9793544009,0,8160,12.9922,8128,2,0x351902a634,0,3,0,32,151974,8160,12.9922,8128,32,151974
4783000,8192,183,150,33,9795583817,183,9795592009,0,8170,12.9946,8148,2,0x28e3251d94,1,2,0,22,151996,8170,12.9946,8148,22,151996
4784000,8192,184,151,33,9797631816,184,9797640008,0,8168,12.9941,8144,2,0xced6539cfa,1,3,0,24,152020,8168,12.9941,8144,24,152020
4785000,8192,184,151,33,9799679816,184,9799688008,0,8165,12.9934,8138,2,0x2627a13d2e,0,2,0,27,152047,8165,12.9934,8138,27,152047
4786000,8192,184,151,33,9801727816,184,9801736008,0,8175,12.9958,8158,2,0xc5f43195a9,0,3,0,17,152064,8175,12.9958,8158,17,152064
4787000,8192,184,151,33,9803775816,184,9803784008,0,8155,12.9910,8118,2,0x5f669bd82f,1,3,0,37,152101,8155,12.9910,8118,37,152101
4788000,8192,184,151,33,9805823816,184,9805832008,0,8150,12.9897,8108,2,0x1dd2051e43,0,3,0,42,152143,8150,12.9897,8108,42,152143
4789000,8192,184,151,33,9807871816,184,9807880008,0,8166,12.9937,8140,2,0x63ceba3bbc,0,3,0,26,152169,8166,12.9937,8140,26,152169
4790000,8192,184,151,33,9809919816,184,9809928008,0,8164,12.9932,8136,2,0x82daefdbf8,0,2,0,28,152197,8164,12.9932,8136,28,152197
4791000,8192,184,151,33,9811967816,184,9811976008,0,8165,12.9933,8139,3,0xc993b18a68,0,3,0,26,152223,8165,12.9933,8139,26,152223
4792000,8192,184,151,33,9814015816,184,9814024008,0,8166,12.9937,8140,2,0xcd3cb7dd3a,0,3,0,26,152249,8166,12.9937,8140,26,152249
4793000,8192,184,151,33,9816063816,184,9816072008,0,8152,12.9902,8112,2,0x35b32d9b8b,1,3,0,40,152289,8152,12.9902,8112,40,152289
4794000,8192,184,151,33,9818111816,184,9818120008,0,8160,12.9922,8128,2,0xc801e2909f,0,3,0,32,152321,8160,12.9922,8128,32,152321
4795000,8192,184,151,33,9820159816,184,9820168008,0,8167,12.9939,8142,2,0x5c439dc24c,2,2,0,25,152346,8167,12.9939,8142,25,152346
4796000,8192,184,151,33,9822207816,184,9822216008,0,8172,12.9951,8152,2,0xac694eb35b,1,3,0,20,152366,8172,12.9951,8152,20,152366
4797000,8192,184,151,33,9824255816,184,9824264008,0,8161,12.9924,8130,2,0x8121a674d0,0,3,0,31,152397,8161,12.9924,8130,31,152397
4798000,8192,184,151,33,9826303816,184,9826312008,0,8166,12.9937,8140,2,0xa0c3fa5aea,0,2,0,26,152423,8166,12.9937,8140,26,152423
4799000,8192,184,151,33,9828351816,184,9828360008,0,8165,12.9934,8138,2,0xf21e8125e7,0,2,0,27,152450,8165,12.9934,8138,27,152450
4800000,8192,184,151,33,9830399816,184,9830408008,0,8170,12.9946,8148,2,0x8b5042f366,1,3,0,22,152472,8170,12.9946,8148,22,152472
4801000,8192,184,151,33,9832447816,184,9832456008,0,8167,12.9939,8142,2,0xb3e2507346,0,3,0,25,152497,8167,12.9939,8142,25,152497
4802000,8192,184,151,33,9834495816,184,9834504008,0,8163,12.9929,8134,2,0x3c71c435d4,0,3,0,29,152526,8163,12.9929,8134,29,152526
4803000,8192,184,151,33,9836543816,184,9836552008,0,8169,12.9944,8146,2,0x59596bc11e,0,3,0,23,152549,8169,12.9944,8146,23,152549
4804000,8192,184,151,33,9838591816,184,9838600008,0,8157,12.9915,8122,2,0x4217bc22b9,0,3,0,35,152584,8157,12.9915,8122,35,152584
4805000,8192,184,151,33,9840639816,184,9840648008,0,8160,12.9922,8128,2,0xc285e5fe3e,0,3,0,32,152616,8160,12.9922,8128,32,152616
4806000,8192,184,151,33,9842687816,184,9842696008,0,8163,12.9929,8134,2,0x4589b324d9,1,3,0,29,152645,8163,12.9929,8134,29,152645
4807000,8192,184,151,33,9844735816,184,9844744008,0,8162,12.9927,8132,2,0x951ae17075,0,3,0,30,152675,8162,12.9927,8132,30,152675
4808000,8192,184,151,33,9846783816,184,9846792008,0,8159,12.9919,8126,2,0x5e62432ec3,2,2,0,33,152708,8159,12.9919,8126,33,152708
4809000,8192,184,151,33,9848831816,184,9848840008,0,8173,12.9954,8154,2,0x2dd4d7158e,1,3,0,19,152727,8173,12.9954,8154,19,152727
4810000,8192,184,151,33,9850879816,184,9850888008,0,8153,12.9905,8114,2,0xbc89ac73c8,0,3,0,39,152766,8153,12.9905,8114,39,152766
4811000,8192,184,151,33,9852927816,184,9852936008,0,8153,12.9904,8115,3,0x510887c95b,0,2,0,38,152804,8153,12.9904,8115,38,152804
4812000,8192,184,151,33,9854975816,184,9854984008,0,8164,12.9931,8137,3,0x16d9123e7e,0,3,0,27,152831,8164,12.9931,8137,27,152831
4813000,8192,184,151,33,9857023816,184,9857032008,0,8158,12.9917,8124,2,0xe034b6d6b3,0,3,0,34,152865,8158,12.9917,8124,34,152865
4814000,8192,184,151,33,9859071816,184,9859080008,0,8164,12.9932,8136,2,0x71ae3330f4,0,3,0,28,152893,8164,12.9932,8136,28,152893
4815000,8192,184,151,33,9861119816,184,9861128008,0,8158,12.9917,8124,2,0x6c243e0256,1,2,0,34,152927,8158,12.9917,8124,34,152927
4816000,8192,184,151,33,9863167816,184,9863176008,0,8154,12.9907,8116,2,0x29fc0923b1,0,3,0,38,152965,8154,12.9907,8116,38,152965
4817000,8192,184,151,33,9865215816,184,9865224008,0,8164,12.9932,8136,2,0x5193c016be,2,3,0,28,152993,8164,12.9932,8136,28,152993
4818000,8192,184,151,33,9867263816,184,9867272008,0,8158,12.9917,8124,2,0xee7bac6dbb,0,3,0,34,153027,8158,12.9917,8124,34,153027
4819000,8192,184,151,33,9869311816,184,9869320008,0,8147,12.9890,8102,2,0xaacd67c0fa,0,3,0,45,153072,8147,12.9890,8102,45,153072
4820000,8192,184,151,33,9871359816,184,9871368008,0,8165,12.9934,8138,2,0xfd45694c7e,0,2,0,27,153099,8165,12.9934,8138,27,153099
4821000,8192,184,151,33,9873407816,184,9873416008,0,8159,12.9919,8126,2,0x88f8d5712a,0,3,0,33,153132,8159,12.9919,8126,33,153132
4822000,8192,184,151,33,9875455816,184,9875464008,0,8163,12.9929,8134,2,0x6cd5c2c112,0,2,0,29,153161,8163,12.9929,8134,29,153161
4823000,8192,184,151,33,9877503816,184,9877512008,0,8165,12.9934,8138,2,0x421d83a78a,0,3,0,27,153188,8165,12.9934,8138,27,153188
4824000,8192,184,151,33,9879551816,184,9879560008,0,8153,12.9905,8114,2,0xac95cb4b11,1,1,0,39,153227,8153,12.9905,8114,39,153227
4825000,8192,184,151,33,9881599816,184,9881608008,0,8163,12.9929,8134,2,0x0d55107c99,0,1,0,29,153256,8163,12.9929,8134,29,153256
4826000,8192,184,151,33,9883647816,184,9883656008,0,8162,12.9927,8132,2,0xcb531dfebf,0,2,0,30,153286,8162,12.9927,8132,30,153286
4827000,8192,184,151,33,9885695816,184,9885704008,0,8158,12.9917,8124,2,0x4c47c283cc,0,3,0,34,153320,8158,12.9917,8124,34,153320
4828000,8192,184,151,33,9887743816,184,9887752008,0,8157,12.9915,8122,2,0x5919698029,0,3,0,35,153355,8157,12.9915,8122,35,153355
4829000,8192,184,151,33,9889791816,184,9889800008,0,8162,12.9927,8132,2,0x25b1443edf,0,3,0,30,153385,8162,12.9927,8132,30,153385
4830000,8192,184,151,33,9891839816,184,9891848008,0,8161,12.9924,8130,2,0xd7b2f000ac,0,2,0,31,153416,8161,12.9924,8130,31,153416
4831000,8192,184,151,33,9893887816,184,9893896008,0,8163,12.9929,8134,2,0x0514e3edb4,0,3,0,29,153445,8163,12.9929,8134,29,153445
4832000,8192,184,151,33,9895935816,184,9895944008,0,8159,12.9919,8126,2,0xe2fb4bdf6f,0,3,0,33,153478,8159,12.9919,8126,33,153478
4833000,8192,184,151,33,9897983816,184,9897992008,0,8164,12.9932,8136,2,0x0fa64f82d3,1,2,0,28,153506,8164,12.9932,8136,28,153506
4834000,8192,184,151,33,9900031816,184,9900040008,0,8160,12.9922,8128,2,0xeb6b1a63d5,1,2,0,32,153538,8160,12.9922,8128,32,153538
4835000,8192,184,151,33,9902079816,184,9902088008,0,8151,12.9900,8110,2,0x869294e53e,0,3,0,41,153579,8151,12.9900,8110,41,153579
4836000,8192,184,151,33,9904127816,184,9904136008,0,8162,12.9927,8132,2,0xe38fe27b20,1,3,0,30,153609,8162,12.9927,8132,30,153609
4837000,8192,184,151,33,9906175816,184,9906184008,0,8155,12.9910,8118,2,0x527aed01e5,0,2,0,37,153646,8155,12.9910,8118,37,153646
4838000,8192,184,151,33,9908223816,184,9908232008,0,8144,12.9883,8096,2,0xc517f06880,1,2,0,48,153694,8144,12.9883,8096,48,153694
4839000,8192,184,151,33,9910271816,184,9910280008,0,8158,12.9917,8124,2,0x96b42b8340,0,2,0,34,153728,8158,12.9917,8124,34,153728
4840000,8192,184,151,33,9912319816,184,9912328008,0,8151,12.9900,8110,2,0xec461080d6,0,1,0,41,153769,8151,12.9900,8110,41,153769
4841000,8192,184,151,33,9914367816,184,9914376008,0,8146,12.9888,8100,2,0x0b8d0151b6,1,3,0,46,153815,8146,12.9888,8100,46,153815
4842000,8192,184,151,33,9916415816,184,9916424008,0,8157,12.9915,8122,2,0xe5789d3d5f,0,3,0,35,153850,8157,12.9915,8122,35,153850
4843000,8192,184,151,33,9918463816,184,9918472008,0,8165,12.9934,8138,2,0xde32d88065,0,3,0,27,153877,8165,12.9934,8138,27,153877
4844000,8192,184,151,33,9920511816,184,9920520008,0,8165,12.9934,8138,2,0xae2f081a5e,0,3,0,27,153904,8165,12.9934,8138,27,153904
4845000,8192,184,151,33,9922559816,184,9922568008,0,8171,12.9949,8150,2,0x930c4864df,0,3,0,21,153925,8171,12.9949,8150,21,153925
4846000,8192,184,151,33,9924607816,184,9924616008,0,8162,12.9927,8132,2,0x18c804864f,0,2,0,30,153955,8162,12.9927,8132,30,153955
4847000,8192,184,151,33,9926655816,184,9926664008,0,8160,12.9922,8128,2,0xee2613a16c,1,3,0,32,153987,8160,12.9922,8128,32,153987
4848000,8192,184,151,33,9928703816,184,9928712008,0,8173,12.9954,8154,2,0x2bf01ac1c1,0,3,0,19,154006,8173,12.9954,8154,19,154006
4849000,8192,184,151,33,9930751816,184,9930760008,0,8155,12.9909,8119,3,0xd6b718690d,0,3,0,36,154042,8155,12.9909,8119,36,154042
4850000,8192,184,151,33,9932799816,184,9932808008,0,8161,12.9924,8130,2,0x410de9df14,0,1,0,31,154073,8161,12.9924,8130,31,154073
4851000,8192,184,151,33,9934847816,184,9934856008,0,8160,12.9922,8128,2,0x4e1d7918ee,1,3,0,32,154105,8160,12.9922,8128,32,154105
4852000,8192,184,151,33,9936895816,184,9936904008,0,8158,12.9917,8124,2,0x14d01c8c52,1,2,0,34,154139,8158,12.9917,8124,34,154139
4853000,8192,184,151,33,9938943816,184,9938952008,0,8164,12.9932,8136,2,0xd6a36cbb88,0,2,0,28,154167,8164,12.9932,8136,28,154167
4854000,8192,184,151,33,9940991816,184,9941000008,0,8158,12.9917,8124,2,0xdc08b893e0,0,3,0,34,154201,8158,12.9917,8124,34,154201
4855000,8192,184,151,33,9943039816,184,9943048008,0,8157,12.9915,8122,2,0xb582e77143,0,1,0,35,154236,8157,12.9915,8122,35,154236
4856000,8192,185,152,33,9945087815,185,9945096007,0,8161,12.9924,8130,2,0x20f1fd5cc3,0,3,0,31,154267,8161,12.9924,8130,31,154267
4857000,8192,185,152,33,9947135815,185,9947144007,0,8169,12.9944,8146,2,0x4b0a730e6d,0,1,0,23,154290,8169,12.9944,8146,23,154290
4858000,8192,185,152,33,9949183815,185,9949192007,0,8152,12.9902,8112,2,0x7a86e3b46f,0,3,0,40,154330,8152,12.9902,8112,40,154330
4859000,8192,185,152,33,9951231815,185,9951240007,0,8159,12.9919,8126,2,0xd67027f279,0,3,0,33,154363,8159,12.9919,8126,33,154363
4860000,8192,185,152,33,9953279815,185,9953288007,0,8163,12.9929,8134,2,0x522b1e9490,0,3,0,29,154392,8163,12.9929,8134,29,154392
4861000,8192,185,152,33,9955327815,185,9955336007,0,8161,12.9924,8130,2,0x30c0b6f690,0,3,0,31,154423,8161,12.9924,8130,31,154423
4862000,8192,185,152,33,9957375815,185,9957384007,0,8151,12.9900,8110,2,0x6b66abec06,0,3,0,41,154464,8151,12.9900,8110,41,154464
4863000,8192,185,152,33,9959423815,185,9959432007,0,8151,12.9900,8110,2,0xa977a03bd1,1,3,0,41,154505,8151,12.9900,8110,41,154505
4864000,8192,185,152,33,9961471815,185,9961480007,0,8164,12.9932,8136,2,0xe54c23ee14,1,3,0,28,154533,8164,12.9932,8136,28,154533
4865000,8192,185,152,33,9963519815,185,9963528007,0,8157,12.9915,8122,2,0x5b2fa6e807,1,3,0,35,154568,8157,12.9915,8122,35,154568
4866000,8192,185,152,33,9965567815,185,9965576007,0,8166,12.9937,8140,2,0xd126b5b8b2,0,2,0,26,154594,8166,12.9937,8140,26,154594
4867000,8192,185,152,33,9967615815,185,9967624007,0,8164,12.9932,8136,2,0x0be4c40390,0,2,0,28,154622,8164,12.9932,8136,28,154622
4868000,8192,185,152,33,9969663815,185,9969672007,0,8163,12.9929,8134,2,0xce4dbc466b,0,3,0,29,154651,8163,12.9929,8134,29,154651
4869000,8192,185,152,33,9971711815,185,9971720007,0,8151,12.9900,8110,2,0xb63ade662e,1,2,0,41,154692,8151,12.9900,8110,41,154692
4870000,8192,185,152,33,9973759815,185,9973768007,0,8158,12.9916,8125,3,0xefeed601d3,1,3,0,33,154725,8158,12.9916,8125,33,154725
4871000,8192,185,152,33,9975807815,185,9975816007,0,8159,12.9919,8126,2,0x217fe7f3bc,1,3,0,33,154758,8159,12.9919,8126,33,154758
4872000,8192,185,152,33,9977855815,185,9977864007,0,8163,12.9929,8134,2,0xae21fff41a,1,3,0,29,154787,8163,12.9929,8134,29,154787
4873000,8192,186,153,33,9979903814,186,9979912006,0,8159,12.9919,8126,2,0xcc0b859611,1,2,0,33,154820,8159,12.9919,8126,33,154820
4874000,8192,187,154,33,9981951813,187,9981960005,0,8153,12.9905,8114,2,0xcad6339806,0,3,0,39,154859,8153,12.9905,8114,39,154859
4875000,8192,187,154,33,9983999813,187,9984008005,0,8164,12.9932,8136,2,0xf78b2eb4b6,0,3,0,28,154887,8164,12.9932,8136,28,154887
4876000,8192,187,154,33,9986047813,187,9986056005,0,8154,12.9907,8116,2,0x54ff38d3e7,0,3,0,38,154925,8154,12.9907,8116,38,154925
4877000,8192,187,154,33,9988095813,187,9988104005,0,8159,12.9919,8126,2,0xe4a128e7d5,0,3,0,33,154958,8159,12.9919,8126,33,154958
4878000,8192,187,154,33,9990143813,187,9990152005,0,8168,12.9941,8144,2,0x511925dec1,0,3,0,24,154982,8168,12.9941,8144,24,154982
4879000,8192,188,155,33,9992191812,188,9992200004,0,8155,12.9910,8118,2,0xd95dfdecf6,0,2,0,37,155019,8155,12.9910,8118,37,155019
4880000,8192,188,155,33,9994239812,188,9994248004,0,8165,12.9934,8138,2,0x07a0c2dea8,0,2,0,27,155046,8165,12.9934,8138,27,155046
4881000,8192,188,155,33,9996287812,188,9996296004,0,8165,12.9934,8138,2,0x934d06bfae,0,2,0,27,155073,8165,12.9934,8138,27,155073
4882000,8192,188,155,33,9998335812,188,9998344004,0,8159,12.9919,8126,2,0xa5bfe707e8,0,3,0,33,155106,8159,12.9919,8126,33,155106
4883000,8192,188,155,33,10000383812,188,10000392004,0,8162,12.9927,8132,2,0xb337c9140b,0,3,0,30,155136,8162,12.9927,8132,30,155136
4884000,8192,188,155,33,10002431812,188,10002440004,0,8159,12.9919,8126,2,0x23e24ca7b9,2,3,0,33,155169,8159,12.9919,8126,33,155169
4885000,8192,188,155,33,10004479812,188,10004488004,0,8158,12.9917,8124,2,0x8ff28e9428,1,3,0,34,155203,8158,12.9917,8124,34,155203
4886000,8192,188,155,33,10006527812,188,10006536004,0,8163,12.9929,8134,2,0x0b2e716374,1,3,0,29,155232,8163,12.9929,8134,29,155232
4887000,8192,188,155,33,10008575812,188,10008584004,0,8146,12.9887,8101,3,0x168a62352e,0,2,0,45,155277,8146,12.9887,8101,45,155277
4888000,8192,188,155,33,10010623812,188,10010632004,0,8165,12.9934,8138,2,0xed2ee6b6b7,0,3,0,27,155304,8165,12.9934,8138,27,155304
4889000,8192,188,155,33,10012671812,188,10012680004,0,8156,12.9912,8120,2,0x34843d0138,0,3,0,36,155340,8156,12.9912,8120,36,155340
4890000,8192,188,155,33,10014719812,188,10014728004,0,8166,12.9937,8140,2,0x3139b27f8a,0,3,0,26,155366,8166,12.9937,8140,26,155366
4891000,8192,188,155,33,10016767812,188,10016776004,0,8161,12.9923,8131,3,0x310b83eab2,0,3,0,30,155396,8161,12.9923,8131,30,155396
4892000,8192,188,155,33,10018815812,188,10018824004,0,8156,12.9912,8120,2,0xf6759341c7,0,1,0,36,155432,8156,12.9912,8120,36,155432
4893000,8192,188,155,33,10020863812,188,10020872004,0,8161,12.9923,8131,3,0x3ea4f3339a,1,3,0,30,155462,8161,12.9923,8131,30,155462
4894000,8192,188,155,33,10022911812,188,10022920004,0,8152,12.9902,8112,2,0x9f324d6b3b,2,3,0,40,155502,8152,12.9902,8112,40,155502
4895000,8192,188,155,33,10024959812,188,10024968004,0,8159,12.9919,8126,2,0xc1f1fc6b12,0,3,0,33,155535,8159,12.9919,8126,33,155535
4896000,8192,188,155,33,10027007812,188,10027016004,0,8169,12.9944,8146,2,0x3f3338065b,0,2,0,23,155558,8169,12.9944,8146,23,155558
4897000,8192,188,155,33,10029055812,188,10029064004,0,8165,12.9934,8138,2,0x0aef014495,1,2,0,27,155585,8165,12.9934,8138,27,155585
4898000,8192,188,155,33,10031103812,188,10031112004,0,8149,12.9895,8106,2,0xcc6ad8ae88,0,3,0,43,155628,8149,12.9895,8106,43,155628
4899000,8192,188,155,33,10033151812,188,10033160004,0,8160,12.9922,8128,2,0x46c1e5556a,0,1,0,32,155660,8160,12.9922,8128,32,155660
4900000,8192,188,155,33,10035199812,188,10035208004,0,8163,12.9929,8134,2,0x6060cca0bf,0,3,0,29,155689,8163,12.9929,8134,29,155689
4901000,8192,188,155,33,10037247812,188,10037256004,0,8162,12.9927,8132,2,0x4ca526b669,0,3,0,30,155719,8162,12.9927,8132,30,155719
4902000,8192,188,155,33,10039295812,188,10039304004,0,8168,12.9941,8144,2,0x9e7581d70e,1,3,0,24,155743,8168,12.9941,8144,24,155743
4903000,8192,188,155,33,10041343812,188,10041352004,0,8160,12.9922,8128,2,0x04619164cb,2,2,0,32,155775,8160,12.9922,8128,32,155775
4904000,8192,188,155,33,10043391812,188,10043400004,0,8171,12.9949,8150,2,0xce8ccd0e26,0,2,0,21,155796,8171,12.9949,8150,21,155796
4905000,8192,188,155,33,10045439812,188,10045448004,0,8161,12.9924,8130,2,0xd7cc2a6a3c,0,3,0,31,155827,8161,12.9924,8130,31,155827
4906000,8192,188,155,33,10047487812,188,10047496004,0,8155,12.9910,8118,2,0x283ed6f722,1,2,0,37,155864,8155,12.9910,8118,37,155864
4907000,8192,188,155,33,10049535812,188,10049544004,0,8150,12.9897,8109,3,0x137f464d77,1,3,0,41,155905,8150,12.9897,8109,41,155905
4908000,8192,188,155,33,10051583812,188,10051592004,0,8147,12.9890,8102,2,0x764dccd439,0,3,0,45,155950,8147,12.9890,8102,45,155950
4909000,8192,188,155,33,10053631812,188,10053640004,0,8165,12.9934,8138,2,0x298dabdcdd,1,3,0,27,155977,8165,12.9934,8138,27,155977
4910000,8192,188,155,33,10055679812,188,10055688004,0,8156,12.9912,8120,2,0xbb2c0d6c40,2,3,0,36,156013,8156,12.9912,8120,36,156013
4911000,8192,188,155,33,10057727812,188,10057736004,0,8159,12.9919,8126,2,0xb4f0c04834,0,2,0,33,156046,8159,12.9919,8126,33,156046
4912000,8192,188,155,33,10059775812,188,10059784004,0,8152,12.9902,8112,2,0xb9505a8674,0,3,0,40,156086,8152,12.9902,8112,40,156086
4913000,8192,188,155,33,10061823812,188,10061832004,0,8162,12.9927,8132,2,0xef361155a8,0,2,0,30,156116,8162,12.9927,8132,30,156116
4914000,8192,188,155,33,10063871812,188,10063880004,0,8164,12.9932,8136,2,0x709f107a4a,1,3,0,28,156144,8164,12.9932,8136,28,156144
4915000,8192,188,155,33,10065919812,188,10065928004,0,8165,12.9934,8138,2,0xd4caa17c63,1,2,0,27,156171,8165,12.9934,8138,27,156171
4916000,8192,188,155,33,10067967812,188,10067976004,0,8162,12.9927,8132,2,0x0a8980438f,1,3,0,30,156201,8162,12.9927,8132,30,156201
4917000,8192,188,155,33,10070015812,188,10070024004,0,8172,12.9951,8152,2,0xd4ea347e0a,0,2,0,20,156221,8172,12.9951,8152,20,156221
4918000,8192,188,155,33,10072063812,188,10072072004,0,8159,12.9919,8126,2,0xc00b879377,0,2,0,33,156254,8159,12.9919,8126,33,156254
4919000,8192,188,155,33,10074111812,188,10074120004,0,8167,12.9939,8142,2,0xe65c2c0b2b,0,1,0,25,156279,8167,12.9939,8142,25,156279
4920000,8192,188,155,33,10076159812,188,10076168004,0,8160,12.9922,8128,2,0x81c358da2a,0,2,0,32,156311,8160,12.9922,8128,32,156311
4921000,8192,188,155,33,10078207812,188,10078216004,0,8173,12.9954,8154,2,0x9049ffb743,1,3,0,19,156330,8173,12.9954,8154,19,156330
4922000,8192,188,155,33,10080255812,188,10080264004,0,8163,12.9929,8134,2,0xae1fec6128,1,3,0,29,156359,8163,12.9929,8134,29,156359
4923000,8192,188,155,33,10082303812,188,10082312004,0,8158,12.9917,8124,2,0xac0b9fa2a4,0,3,0,34,156393,8158,12.9917,8124,34,156393
4924000,8192,188,155,33,10084351812,188,10084360004,0,8163,12.9929,8134,2,0x7de8735818,0,2,0,29,156422,8163,12.9929,8134,29,156422
4925000,8192,188,155,33,10086399812,188,10086408004,0,8168,12.9941,8144,2,0xf9623a7189,0,3,0,24,156446,8168,12.9941,8144,24,156446
4926000,8192,188,155,33,10088447812,188,10088456004,0,8158,12.9917,8124,2,0x7cb079bea3,0,3,0,34,156480,8158,12.9917,8124,34,156480
4927000,8192,188,155,33,10090495812,188,10090504004,0,8156,12.9912,8120,2,0xe5ef87daeb,0,2,0,36,156516,8156,12.9912,8120,36,156516
4928000,8192,188,155,33,10092543812,188,10092552004,0,8165,12.9934,8138,2,0x3a95b1a966,0,2,0,27,156543,8165,12.9934,8138,27,156543
4929000,8192,192,159,33,10094591808,192,10094600000,0,8166,12.9937,8140,2,0xa63996340d,2,2,0,26,156569,8166,12.9937,8140,26,156569
4930000,8192,192,159,33,10096639808,192,10096648000,0,8164,12.9932,8136,2,0x99a5ea546a,0,0,0,28,156597,8164,12.9932,8136,28,156597
4931000,8192,192,159,33,10098687808,192,10098696000,0,8160,12.9922,8128,2,0x4ceba0747d,1,2,0,32,156629,8160,12.9922,8128,32,156629
4932000,8192,192,159,33,10100735808,192,10100744000,0,8164,12.9932,8136,2,0xcb9613d61a,1,2,0,28,156657,8164,12.9932,8136,28,156657
4933000,8192,192,159,33,10102783808,192,10102792000,0,8167,12.9939,8142,2,0x9fbb44dc20,0,2,0,25,156682,8167,12.9939,8142,25,156682
4934000,8192,192,159,33,10104831808,192,10104840000,0,8159,12.9919,8126,2,0xa16356221d,1,3,0,33,156715,8159,12.9919,8126,33,156715
4935000,8192,192,159,33,10106879808,192,10106888000,0,8160,12.9922,8128,2,0x144f2b9e95,0,3,0,32,156747,8160,12.9922,8128,32,156747
4936000,8192,192,159,33,10108927808,192,10108936000,0,8163,12.9929,8134,2,0x94d21c6390,0,2,0,29,156776,8163,12.9929,8134,29,156776
4937000,8192,192,159,33,10110975808,192,10110984000,0,8159,12.9919,8126,2,0xa57ac0b871,1,3,0,33,156809,8159,12.9919,8126,33,156809
4938000,8192,192,159,33,10113023808,192,10113032000,0,8158,12.9917,8124,2,0xc65e3e3538,0,2,0,34,156843,8158,12.9917,8124,34,156843
4939000,8192,192,159,33,10115071808,192,10115080000,0,8162,12.9927,8132,2,0x62ca790c42,0,2,0,30,156873,8162,12.9927,8132,30,156873
4940000,8192,192,159,33,10117119808,192,10117128000,0,8168,12.9941,8144,2,0x6a1689c4e6,1,2,0,24,156897,8168,12.9941,8144,24,156897
4941000,8192,192,159,33,10119167808,192,10119176000,0,8158,12.9917,8124,2,0xef5865cc44,0,3,0,34,156931,8158,12.9917,8124,34,156931
4942000,8192,192,159,33,10121215808,192,10121224000,0,8158,12.9916,8125,3,0xa1f7ac2bd8,0,3,0,33,156964,8158,12.9916,8125,33,156964
4943000,8192,193,160,33,10123263807,193,10123271999,0,8146,12.9888,8100,2,0xa6649ac848,0,3,0,46,157010,8146,12.9888,8100,46,157010
4944000,8192,193,160,33,10125311807,193,10125319999,0,8155,12.9910,8118,2,0x64f598eaf9,0,3,0,37,157047,8155,12.9910,8118,37,157047
4945000,8192,193,160,33,10127359807,193,10127367999,0,8159,12.9919,8126,2,0xb0af849001,0,3,0,33,157080,8159,12.9919,8126,33,157080
4946000,8192,193,160,33,10129407807,193,10129415999,0,8155,12.9910,8118,2,0xbe116defd5,1,3,0,37,157117,8155,12.9910,8118,37,157117
4947000,8192,193,160,33,10131455807,193,10131463999,0,8157,12.9914,8123,3,0x098f802467,0,2,0,34,157151,8157,12.9914,8123,34,157151
4948000,8192,193,160,33,10133503807,193,10133511999,0,8158,12.9916,8125,3,0x179b84e229,1,3,0,33,157184,8158,12.9916,8125,33,157184
4949000,8192,194,160,34,10135551806,194,10135559998,0,8151,12.9900,8110,2,0x00d47414e8,1,2,0,41,157225,8151,12.9900,8110,41,157225
4950000,8192,194,160,34,10137599806,194,10137607998,0,8165,12.9934,8138,2,0xecaeb2db2d,1,3,0,27,157252,8165,12.9934,8138,27,157252
4951000,8192,194,160,34,10139647806,194,10139655998,0,8167,12.9939,8142,2,0x17d3daafdb,1,2,0,25,157277,8167,12.9939,8142,25,157277
4952000,8192,194,160,34,10141695806,194,10141703998,0,8157,12.9915,8122,2,0x551447f0be,0,3,0,35,157312,8157,12.9915,8122,35,157312
4953000,8192,194,160,34,10143743806,194,10143751998,0,8165,12.9934,8138,2,0x008c498a01,0,3,0,27,157339,8165,12.9934,8138,27,157339
4954000,8192,194,160,34,10145791806,194,10145799998,0,8162,12.9926,8133,3,0xd375a5b73e,0,3,0,29,157368,8162,12.9926,8133,29,157368
4955000,8192,194,160,34,10147839806,194,10147847998,0,8154,12.9907,8116,2,0xc40c32f251,0,2,0,38,157406,8154,12.9907,8116,38,157406
4956000,8192,194,160,34,10149887806,194,10149895998,0,8153,12.9905,8114,2,0x1fb038a6e2,0,3,0,39,157445,8153,12.9905,8114,39,157445
4957000,8192,194,160,34,10151935806,194,10151943998,0,8163,12.9929,8134,2,0x48969352fe,0,3,0,29,157474,8163,12.9929,8134,29,157474
4958000,8192,194,160,34,10153983806,194,10153991998,0,8167,12.9939,8142,2,0x530a7ccbb9,0,3,0,25,157499,8167,12.9939,8142,25,157499
4959000,8192,194,160,34,10156031806,194,10156039998,0,8156,12.9912,8120,2,0x37f14dd1c5,1,2,0,36,157535,8156,12.9912,8120,36,157535
4960000,8192,194,160,34,10158079806,194,10158087998,0,8146,12.9888,8100,2,0x3df7abec97,0,3,0,46,157581,8146,12.9888,8100,46,157581
4961000,8192,194,160,34,10160127806,194,10160135998,0,8163,12.9929,8134,2,0x553f759834,0,3,0,29,157610,8163,12.9929,8134,29,157610
4962000,8192,194,160,34,10162175806,194,10162183998,0,8158,12.9917,8124,2,0xafcd15012f,0,3,0,34,157644,8158,12.9917,8124,34,157644
4963000,8192,194,160,34,10164223806,194,10164231998,0,8155,12.9910,8118,2,0xb9da030f0e,0,3,0,37,157681,8155,12.9910,8118,37,157681
4964000,8192,196,162,34,10166271804,196,10166279996,0,8156,12.9912,8120,2,0x4054ab841d,0,3,0,36,157717,8156,12.9912,8120,36,157717
4965000,8192,196,162,34,10168319804,196,10168327996,0,8163,12.9929,8134,2,0x6a6394dbd0,0,2,0,29,157746,8163,12.9929,8134,29,157746
4966000,8192,196,162,34,10170367804,196,10170375996,0,8154,12.9907,8116,2,0xb478ad5766,0,2,0,38,157784,8154,12.9907,8116,38,157784
4967000,8192,196,162,34,10172415804,196,10172423996,0,8152,12.9902,8112,2,0x1674304b70,0,3,0,40,157824,8152,12.9902,8112,40,157824
4968000,8192,196,162,34,10174463804,196,10174471996,0,8164,12.9932,8136,2,0x86dc3bdbf9,0,2,0,28,157852,8164,12.9932,8136,28,157852
4969000,8192,196,162,34,10176511804,196,10176519996,0,8168,12.9941,8144,2,0x96be7a447b,1,3,0,24,157876,8168,12.9941,8144,24,157876
4970000,8192,196,162,34,10178559804,196,10178567996,0,8168,12.9941,8144,2,0xf1d91aab33,1,2,0,24,157900,8168,12.9941,8144,24,157900
4971000,8192,196,162,34,10180607804,196,10180615996,0,8163,12.9929,8134,2,0x7213b9a82a,1,3,0,29,157929,8163,12.9929,8134,29,157929
4972000,8192,196,162,34,10182655804,196,10182663996,0,8155,12.9909,8119,3,0xaedd59e4e3,0,3,0,36,157965,8155,12.9909,8119,36,157965
4973000,8192,196,162,34,10184703804,196,10184711996,0,8157,12.9914,8123,3,0x9a8750f822,1,3,0,34,157999,8157,12.9914,8123,34,157999
4974000,8192,196,162,34,10186751804,196,10186759996,0,8164,12.9932,8136,2,0x7ec7972408,1,3,0,28,158027,8164,12.9932,8136,28,158027
4975000,8192,196,162,34,10188799804,196,10188807996,0,8165,12.9934,8138,2,0xc5a4c96082,1,3,0,27,158054,8165,12.9934,8138,27,158054
4976000,8192,196,162,34,10190847804,196,10190855996,0,8149,12.9894,8107,3,0x6d9105c292,0,3,0,42,158096,8149,12.9894,8107,42,158096
4977000,8192,196,162,34,10192895804,196,10192903996,0,8161,12.9924,8130,2,0x5272996efb,1,2,0,31,158127,8161,12.9924,8130,31,158127
4978000,8192,196,162,34,10194943804,196,10194951996,0,8152,12.9902,8112,2,0x6a003205ef,0,3,0,40,158167,8152,12.9902,8112,40,158167
4979000,8192,196,162,34,10196991804,196,10196999996,0,8154,12.9907,8116,2,0x32ff99337e,2,3,0,38,158205,8154,12.9907,8116,38,158205
4980000,8192,196,162,34,10199039804,196,10199047996,0,8159,12.9919,8126,2,0x3090a5b264,0,3,0,33,158238,8159,12.9919,8126,33,158238
4981000,8192,196,162,34,10201087804,196,10201095996,0,8163,12.9929,8134,2,0x394d66bcfc,0,3,0,29,158267,8163,12.9929,8134,29,158267
4982000,8192,196,162,34,10203135804,196,10203143996,0,8167,12.9939,8142,2,0xb6ea10c2bd,1,3,0,25,158292,8167,12.9939,8142,25,158292
4983000,8192,196,162,34,10205183804,196,10205191996,0,8156,12.9912,8120,2,0xc7e48447a7,0,2,0,36,158328,8156,12.9912,8120,36,158328
4984000,8192,196,162,34,10207231804,196,10207239996,0,8164,12.9932,8136,2,0xc244246308,0,3,0,28,158356,8164,12.9932,8136,28,158356
4985000,8192,196,162,34,10209279804,196,10209287996,0,8158,12.9917,8124,2,0x34bda09a84,0,3,0,34,158390,8158,12.9917,8124,34,158390
4986000,8192,196,162,34,10211327804,196,10211335996,0,8152,12.9902,8112,2,0xaded87f973,0,2,0,40,158430,8152,12.9902,8112,40,158430
4987000,8192,196,162,34,10213375804,196,10213383996,0,8162,12.9927,8132,2,0x65d4e0c397,1,3,0,30,158460,8162,12.9927,8132,30,158460
4988000,8192,196,162,34,10215423804,196,10215431996,0,8158,12.9916,8125,3,0x2989c05f44,0,2,0,33,158493,8158,12.9916,8125,33,158493
4989000,8192,196,162,34,10217471804,196,10217479996,0,8153,12.9905,8114,2,0x4158dba2d4,1,3,0,39,158532,8153,12.9905,8114,39,158532
4990000,8192,196,162,34,10219519804,196,10219527996,0,8160,12.9922,8128,2,0xa063156c2c,2,3,0,32,158564,8160,12.9922,8128,32,158564
4991000,8192,196,162,34,10221567804,196,10221575996,0,8161,12.9924,8130,2,0x4f4a2550ac,0,1,0,31,158595,8161,12.9924,8130,31,158595
4992000,8192,196,162,34,10223615804,196,10223623996,0,8156,12.9912,8120,2,0x29af7537ee,0,2,0,36,158631,8156,12.9912,8120,36,158631
4993000,8192,196,162,34,10225663804,196,10225671996,0,8151,12.9900,8110,2,0xe34625e2bf,0,3,0,41,158672,8151,12.9900,8110,41,158672
4994000,8192,196,162,34,10227711804,196,10227719996,0,8151,12.9900,8110,2,0x07c2beadad,1,3,0,41,158713,8151,12.9900,8110,41,158713
4995000,8192,196,162,34,10229759804,196,10229767996,0,8164,12.9932,8136,2,0x4800ebe727,0,2,0,28,158741,8164,12.9932,8136,28,158741
4996000,8192,196,162,34,10231807804,196,10231815996,0,8170,12.9946,8148,2,0xc265dc28ae,2,3,0,22,158763,8170,12.9946,8148,22,158763
4997000,8192,196,162,34,10233855804,196,10233863996,0,8154,12.9907,8116,2,0xd4902cfa60,1,2,0,38,158801,8154,12.9907,8116,38,158801
4998000,8192,196,162,34,10235903804,196,10235911996,0,8162,12.9927,8132,2,0xa0c990404f,1,3,0,30,158831,8162,12.9927,8132,30,158831
4999000,8192,196,162,34,10237951804,196,10237959996,0,8155,12.9910,8118,2,0x85dcc31e6d,0,2,0,37,158868,8155,12.9910,8118,37,158868
5000000,8192,196,162,34,10239999804,196,10240007996,0,8165,12.9934,8138,2,0x04024e9951,0,3,0,27,158895,8165,12.9934,8138,27,158895
5001000,8192,196,162,34,10242047804,196,10242055996,0,8161,12.9924,8130,2,0xdc25e52006,1,3,0,31,158926,8161,12.9924,8130,31,158926
5002000,8192,196,162,34,10244095804,196,10244103996,0,8165,12.9934,8138,2,0x81f9820c16,0,1,0,27,158953,8165,12.9934,8138,27,158953
5003000,8192,196,162,34,10246143804,196,10246151996,0,8157,12.9915,8122,2,0x9e7c8623e6,0,3,0,35,158988,8157,12.9915,8122,35,158988
5004000,8192,196,162,34,10248191804,196,10248199996,0,8163,12.9929,8134,2,0xbc735c5c8d,0,3,0,29,159017,8163,12.9929,8134,29,159017
5005000,8192,196,162,34,10250239804,196,10250247996,0,8161,12.9923,8131,3,0xdfe4721797,2,1,0,30,159047,8161,12.9923,8131,30,159047
5006000,8192,196,162,34,10252287804,196,10252295996,0,8165,12.9934,8138,2,0x65a89d658e,0,2,0,27,159074,8165,12.9934,8138,27,159074
5007000,8192,196,162,34,10254335804,196,10254343996,0,8162,12.9927,8132,2,0x4d496a7aab,0,3,0,30,159104,8162,12.9927,8132,30,159104
5008000,8192,196,162,34,10256383804,196,10256391996,0,8159,12.9919,8126,2,0xa42745e470,1,3,0,33,159137,8159,12.9919,8126,33,159137
5009000,8192,200,166,34,10258431800,200,10258439992,0,8160,12.9922,8128,2,0xaf5804bcad,0,2,0,32,159169,8160,12.9922,8128,32,159169
5010000,8192,200,166,34,10260479800,200,10260487992,0,8168,12.9941,8144,2,0x8f223a834d,1,2,0,24,159193,8168,12.9941,8144,24,159193
5011000,8192,200,166,34,10262527800,200,10262535992,0,8169,12.9944,8146,2,0x84a6881e62,0,2,0,23,159216,8169,12.9944,8146,23,159216
5012000,8192,200,166,34,10264575800,200,10264583992,0,8166,12.9937,8140,2,0xd6f5628edc,0,0,0,26,159242,8166,12.9937,8140,26,159242
5013000,8192,200,166,34,10266623800,200,10266631992,0,8162,12.9927,8132,2,0x2e8b9ddba8,1,3,0,30,159272,8162,12.9927,8132,30,159272
5014000,8192,200,166,34,10268671800,200,10268679992,0,8157,12.9915,8122,2,0x7e57371bed,0,3,0,35,159307,8157,12.9915,8122,35,159307
5015000,8192,200,166,34,10270719800,200,10270727992,0,8154,12.9907,8116,2,0xd2a9308e1c,1,3,0,38,159345,8154,12.9907,8116,38,159345
5016000,8192,200,166,34,10272767800,200,10272775992,0,8162,12.9927,8132,2,0x6479354bb7,0,2,0,30,159375,8162,12.9927,8132,30,159375
5017000,8192,200,166,34,10274815800,200,10274823992,0,8171,12.9949,8150,2,0xea96faaa77,0,3,0,21,159396,8171,12.9949,8150,21,159396
5018000,8192,200,166,34,10276863800,200,10276871992,0,8155,12.9908,8120,3,0x3053c44450,0,3,0,35,159431,8155,12.9908,8120,35,159431
5019000,8192,200,166,34,10278911800,200,10278919992,0,8156,12.9912,8120,2,0x29a61385c6,1,2,0,36,159467,8156,12.9912,8120,36,159467
5020000,8192,200,166,34,10280959800,200,10280967992,0,8158,12.9917,8124,2,0xa64f196163,0,3,0,34,159501,8158,12.9917,8124,34,159501
5021000,8192,200,166,34,10283007800,200,10283015992,0,8164,12.9932,8136,2,0x375b56e0bc,0,3,0,28,159529,8164,12.9932,8136,28,159529
5022000,8192,200,166,34,10285055800,200,10285063992,0,8147,12.9890,8102,2,0x1e3ee3b444,0,3,0,45,159574,8147,12.9890,8102,45,159574
5023000,8192,200,166,34,10287103800,200,10287111992,0,8171,12.9949,8150,2,0xf7f30876ee,0,3,0,21,159595,8171,12.9949,8150,21,159595
5024000,8192,200,166,34,10289151800,200,10289159992,0,8165,12.9933,8139,3,0x6699116c6b,0,2,0,26,159621,8165,12.9933,8139,26,159621
5025000,8192,200,166,34,10291199800,200,10291207992,0,8167,12.9939,8142,2,0x1f6df2f513,0,3,0,25,159646,8167,12.9939,8142,25,159646
5026000,8192,200,166,34,10293247800,200,10293255992,0,8166,12.9937,8140,2,0x3216604d67,0,3,0,26,159672,8166,12.9937,8140,26,159672
5027000,8192,200,166,34,10295295800,200,10295303992,0,8155,12.9910,8118,2,0x6d50be8424,1,3,0,37,159709,8155,12.9910,8118,37,159709
5028000,8192,200,166,34,10297343800,200,10297351992,0,8165,12.9934,8138,2,0xfd2b8b1967,0,3,0,27,159736,8165,12.9934,8138,27,159736
5029000,8192,200,166,34,10299391800,200,10299399992,0,8160,12.9922,8128,2,0x1a164a52b2,3,3,0,32,159768,8160,12.9922,8128,32,159768
5030000,8192,200,166,34,10301439800,200,10301447992,0,8159,12.9919,8126,2,0x78f8170d46,1,3,0,33,159801,8159,12.9919,8126,33,159801
5031000,8192,200,166,34,10303487800,200,10303495992,0,8168,12.9941,8144,2,0x1f369abded,0,3,0,24,159825,8168,12.9941,8144,24,159825
5032000,8192,200,166,34,10305535800,200,10305543992,0,8154,12.9907,8116,2,0x219e3114aa,2,3,0,38,159863,8154,12.9907,8116,38,159863
5033000,8192,200,166,34,10307583800,200,10307591992,0,8160,12.9922,8128,2,0x6adf1188fa,0,3,0,32,159895,8160,12.9922,8128,32,159895
5034000,8192,200,166,34,10309631800,200,10309639992,0,8154,12.9907,8116,2,0x7bc9e28b50,1,3,0,38,159933,8154,12.9907,8116,38,159933
5035000,8192,200,166,34,10311679800,200,10311687992,0,8165,12.9934,8138,2,0xace48b8b64,0,3,0,27,159960,8165,12.9934,8138,27,159960
5036000,8192,200,166,34,10313727800,200,10313735992,0,8158,12.9917,8124,2,0x917850e440,0,3,0,34,159994,8158,12.9917,8124,34,159994
5037000,8192,200,166,34,10315775800,200,10315783992,0,8168,12.9941,8144,2,0xf342e2e476,0,2,0,24,160018,8168,12.9941,8144,24,160018
5038000,8192,200,166,34,10317823800,200,10317831992,0,8162,12.9927,8132,2,0xb20c7eff9a,0,3,0,30,160048,8162,12.9927,8132,30,160048
5039000,8192,200,166,34,10319871800,200,10319879992,0,8158,12.9917,8124,2,0xbe6efebeca,1,2,0,34,160082,8158,12.9917,8124,34,160082
5040000,8192,200,166,34,10321919800,200,10321927992,0,8159,12.9919,8126,2,0xc5958a5dd9,0,3,0,33,160115,8159,12.9919,8126,33,160115
5041000,8192,200,166,34,10323967800,200,10323975992,0,8156,12.9912,8120,2,0xd765e752fb,0,3,0,36,160151,8156,12.9912,8120,36,160151
5042000,8192,200,166,34,10326015800,200,10326023992,0,8154,12.9907,8116,2,0xed5d1ef903,1,3,0,38,160189,8154,12.9907,8116,38,160189
5043000,8192,200,166,34,10328063800,200,10328071992,0,8164,12.9932,8136,2,0xf313f43231,1,3,0,28,160217,8164,12.9932,8136,28,160217
5044000,8192,200,166,34,10330111800,200,10330119992,0,8161,12.9924,8130,2,0x4c61c126ee,0,1,0,31,160248,8161,12.9924,8130,31,160248
5045000,8192,200,166,34,10332159800,200,10332167992,0,8143,12.9880,8094,2,0x1c902e7353,1,1,0,49,160297,8143,12.9880,8094,49,160297
5046000,8192,200,166,34,10334207800,200,10334215992,0,8152,12.9902,8112,2,0x97c73fd1ac,0,2,0,40,160337,8152,12.9902,8112,40,160337
5047000,8192,200,166,34,10336255800,200,10336263992,0,8159,12.9919,8126,2,0xeee0ff6bfa,0,3,0,33,160370,8159,12.9919,8126,33,160370
5048000,8192,200,166,34,10338303800,200,10338311992,0,8160,12.9922,8128,2,0xb5a0f3072c,1,3,0,32,160402,8160,12.9922,8128,32,160402
5049000,8192,200,166,34,10340351800,200,10340359992,0,8163,12.9929,8134,2,0x58ca995e2f,0,3,0,29,160431,8163,12.9929,8134,29,160431
5050000,8192,200,166,34,10342399800,200,10342407992,0,8159,12.9919,8126,2,0xf81000eedb,0,3,0,33,160464,8159,12.9919,8126,33,160464
5051000,8192,200,166,34,10344447800,200,10344455992,0,8155,12.9910,8118,2,0x39f58ad0b0,0,3,0,37,160501,8155,12.9910,8118,37,160501
5052000,8192,200,166,34,10346495800,200,10346503992,0,8169,12.9944,8146,2,0x6c5f62d22b,0,3,0,23,160524,8169,12.9944,8146,23,160524
5053000,8192,200,166,34,10348543800,200,10348551992,0,8152,12.9902,8112,2,0x40e81da160,0,3,0,40,160564,8152,12.9902,8112,40,160564
5054000,8192,200,166,34,10350591800,200,10350599992,0,8165,12.9934,8138,2,0xfced81bdad,0,2,0,27,160591,8165,12.9934,8138,27,160591
5055000,8192,200,166,34,10352639800,200,10352647992,0,8171,12.9949,8150,2,0xda5bac7e9f,1,2,0,21,160612,8171,12.9949,8150,21,160612
5056000,8192,200,166,34,10354687800,200,10354695992,0,8154,12.9905,8118,3,0xfdbaee132c,0,3,0,36,160648,8154,12.9905,8118,36,160648
5057000,8192,200,166,34,10356735800,200,10356743992,0,8163,12.9928,8135,3,0xab84af932a,0,2,0,28,160676,8163,12.9928,8135,28,160676
5058000,8192,200,166,34,10358783800,200,10358791992,0,8161,12.9924,8130,2,0x6215789296,2,3,0,31,160707,8161,12.9924,8130,31,160707
5059000,8192,200,166,34,10360831800,200,10360839992,0,8156,12.9912,8120,2,0x0b2f7168e6,1,3,0,36,160743,8156,12.9912,8120,36,160743
5060000,8192,200,166,34,10362879800,200,10362887992,0,8171,12.9949,8150,2,0xd099fb0ead,0,3,0,21,160764,8171,12.9949,8150,21,160764
5061000,8192,200,166,34,10364927800,200,10364935992,0,8167,12.9939,8142,2,0x22431058f3,2,3,0,25,160789,8167,12.9939,8142,25,160789
5062000,8192,200,166,34,10366975800,200,10366983992,0,8156,12.9911,8121,3,0xa30f20c326,1,3,0,35,160824,8156,12.9911,8121,35,160824
5063000,8192,200,166,34,10369023800,200,10369031992,0,8167,12.9939,8142,2,0x45060309f3,0,3,0,25,160849,8167,12.9939,8142,25,160849
5064000,8192,200,166,34,10371071800,200,10371079992,0,8161,12.9923,8131,3,0xe18a6b18b9,0,3,0,30,160879,8161,12.9923,8131,30,160879
5065000,8192,200,166,34,10373119800,200,10373127992,0,8160,12.9922,8128,2,0x7647bc8104,0,1,0,32,160911,8160,12.9922,8128,32,160911
5066000,8192,200,166,34,10375167800,200,10375175992,0,8157,12.9915,8122,2,0xb32a42e687,0,3,0,35,160946,8157,12.9915,8122,35,160946
5067000,8192,200,166,34,10377215800,200,10377223992,0,8156,12.9912,8120,2,0xde07bef9e9,1,2,0,36,160982,8156,12.9912,8120,36,160982
5068000,8192,200,166,34,10379263800,200,10379271992,0,8146,12.9887,8101,3,0xb5b7ec77f8,0,1,0,45,161027,8146,12.9887,8101,45,161027
5069000,8192,200,166,34,10381311800,200,10381319992,0,8163,12.9929,8134,2,0x700d905955,1,3,0,29,161056,8163,12.9929,8134,29,161056
5070000,8192,201,167,34,10383359799,201,10383367991,0,8159,12.9919,8126,2,0xef3443eb22,0,1,0,33,161089,8159,12.9919,8126,33,161089
5071000,8192,201,167,34,10385407799,201,10385415991,0,8149,12.9894,8107,3,0x11885421d8,0,3,0,42,161131,8149,12.9894,8107,42,161131
5072000,8192,201,167,34,10387455799,201,10387463991,0,8156,12.9912,8120,2,0x2bb08efee3,0,2,0,36,161167,8156,12.9912,8120,36,161167
5073000,8192,201,167,34,10389503799,201,10389511991,0,8153,12.9905,8114,2,0x08c7583894,0,2,0,39,161206,8153,12.9905,8114,39,161206
5074000,8192,201,167,34,10391551799,201,10391559991,0,8169,12.9944,8146,2,0x190e10d140,0,3,0,23,161229,8169,12.9944,8146,23,161229
5075000,8192,201,167,34,10393599799,201,10393607991,0,8151,12.9899,8111,3,0x195228c8ee,0,2,0,40,161269,8151,12.9899,8111,40,161269
5076000,8192,201,167,34,10395647799,201,10395655991,0,8149,12.9895,8106,2,0x60fbdc3cf1,0,2,0,43,161312,8149,12.9895,8106,43,161312
5077000,8192,201,167,34,10397695799,201,10397703991,0,8164,12.9932,8136,2,0xdb7c925cb2,0,3,0,28,161340,8164,12.9932,8136,28,161340
5078000,8192,201,167,34,10399743799,201,10399751991,0,8164,12.9932,8136,2,0x4615f29b1a,1,2,0,28,161368,8164,12.9932,8136,28,161368
5079000,8192,201,167,34,10401791799,201,10401799991,0,8155,12.9910,8118,2,0x42f6518348,0,3,0,37,161405,8155,12.9910,8118,37,161405
5080000,8192,201,167,34,10403839799,201,10403847991,0,8172,12.9951,8152,2,0x69ca81cf12,0,2,0,20,161425,8172,12.9951,8152,20,161425
5081000,8192,201,167,34,10405887799,201,10405895991,0,8160,12.9922,8128,2,0xeaa228ef84,0,3,0,32,161457,8160,12.9922,8128,32,161457
5082000,8192,201,167,34,10407935799,201,10407943991,0,8168,12.9941,8144,2,0xd3d64f1f2c,0,3,0,24,161481,8168,12.9941,8144,24,161481
5083000,8192,201,167,34,10409983799,201,10409991991,0,8161,12.9924,8130,2,0x7f9733ccd2,0,3,0,31,161512,8161,12.9924,8130,31,161512
5084000,8192,201,167,34,10412031799,201,10412039991,0,8170,12.9946,8148,2,0x1b419973ad,0,2,0,22,161534,8170,12.9946,8148,22,161534
5085000,8192,201,167,34,10414079799,201,10414087991,0,8159,12.9919,8126,2,0x348ed97c3f,0,2,0,33,161567,8159,12.9919,8126,33,161567
5086000,8192,201,167,34,10416127799,201,10416135991,0,8162,12.9927,8132,2,0x67cd252026,0,3,0,30,161597,8162,12.9927,8132,30,161597
5087000,8192,201,167,34,10418175799,201,10418183991,0,8154,12.9906,8117,3,0xbecd61b9a8,0,2,0,37,161634,8154,12.9906,8117,37,161634
5088000,8192,201,167,34,10420223799,201,10420231991,0,8153,12.9905,8114,2,0x9c4a69857d,0,3,0,39,161673,8153,12.9905,8114,39,161673
5089000,8192,201,167,34,10422271799,201,10422279991,0,8161,12.9924,8130,2,0x3fcb45f025,1,3,0,31,161704,8161,12.9924,8130,31,161704
5090000,8192,201,167,34,10424319799,201,10424327991,0,8165,12.9934,8138,2,0x27bbf38fc6,0,3,0,27,161731,8165,12.9934,8138,27,161731
5091000,8192,201,167,34,10426367799,201,10426375991,0,8156,12.9912,8120,2,0x33ff9a7222,0,3,0,36,161767,8156,12.9912,8120,36,161767
5092000,8192,201,167,34,10428415799,201,10428423991,0,8156,12.9912,8120,2,0x3cb5092af4,1,3,0,36,161803,8156,12.9912,8120,36,161803
5093000,8192,201,167,34,10430463799,201,10430471991,0,8163,12.9929,8134,2,0x95b2efdb12,0,3,0,29,161832,8163,12.9929,8134,29,161832
5094000,8192,201,167,34,10432511799,201,10432519991,0,8156,12.9911,8121,3,0x49159300c7,0,2,0,35,161867,8156,12.9911,8121,35,161867
5095000,8192,201,167,34,10434559799,201,10434567991,0,8150,12.9897,8108,2,0x65246e57fe,1,2,0,42,161909,8150,12.9897,8108,42,161909
5096000,8192,201,167,34,10436607799,201,10436615991,0,8157,12.9915,8122,2,0xf693e4ad62,0,3,0,35,161944,8157,12.9915,8122,35,161944
5097000,8192,201,167,34,10438655799,201,10438663991,0,8161,12.9924,8130,2,0x561a18e113,0,3,0,31,161975,8161,12.9924,8130,31,161975
5098000,8192,201,167,34,10440703799,201,10440711991,0,8155,12.9910,8118,2,0x8e3dd7bc6d,0,1,0,37,162012,8155,12.9910,8118,37,162012
5099000,8192,201,167,34,10442751799,201,10442759991,0,8174,12.9956,8156,2,0xcf9a8871cb,0,2,0,18,162030,8174,12.9956,8156,18,162030
5100000,8192,201,167,34,10444799799,201,10444807991,0,8162,12.9927,8132,2,0x2e4d5f4919,0,3,0,30,162060,8162,12.9927,8132,30,162060
5101000,8192,202,168,34,10446847798,202,10446855990,0,8159,12.9919,8126,2,0x8f90ab8812,1,1,0,33,162093,8159,12.9919,8126,33,162093
5102000,8192,202,168,34,10448895798,202,10448903990,0,8158,12.9917,8124,2,0xf5b50620a2,1,3,0,34,162127,8158,12.9917,8124,34,162127
5103000,8192,202,168,34,10450943798,202,10450951990,0,8165,12.9934,8138,2,0x7e481b13eb,0,1,0,27,162154,8165,12.9934,8138,27,162154
5104000,8192,202,168,34,10452991798,202,10452999990,0,8162,12.9927,8132,2,0x62ec5f66a3,0,3,0,30,162184,8162,12.9927,8132,30,162184
5105000,8192,202,168,34,10455039798,202,10455047990,0,8160,12.9922,8128,2,0xa4d10212ef,1,2,0,32,162216,8160,12.9922,8128,32,162216
5106000,8192,202,168,34,10457087798,202,10457095990,0,8162,12.9927,8132,2,0x248d9c4d80,0,3,0,30,162246,8162,12.9927,8132,30,162246
5107000,8192,202,168,34,10459135798,202,10459143990,0,8157,12.9915,8122,2,0xddb7d1e7c8,0,3,0,35,162281,8157,12.9915,8122,35,162281
5108000,8192,202,168,34,10461183798,202,10461191990,0,8158,12.9917,8124,2,0x3f64fa7341,0,3,0,34,162315,8158,12.9917,8124,34,162315
5109000,8192,202,168,34,10463231798,202,10463239990,0,8163,12.9929,8134,2,0xd2ea4f23ab,0,3,0,29,162344,8163,12.9929,8134,29,162344
5110000,8192,202,168,34,10465279798,202,10465287990,0,8168,12.9941,8144,2,0xb6c2d8d7ad,0,3,0,24,162368,8168,12.9941,8144,24,162368
5111000,8192,202,168,34,10467327798,202,10467335990,0,8164,12.9932,8136,2,0xd27765f50c,1,3,0,28,162396,8164,12.9932,8136,28,162396
5112000,8192,202,168,34,10469375798,202,10469383990,0,8162,12.9927,8132,2,0x25e47ec003,0,2,0,30,162426,8162,12.9927,8132,30,162426
5113000,8192,202,168,34,10471423798,202,10471431990,0,8159,12.9919,8126,2,0xb5d611b5d9,0,3,0,33,162459,8159,12.9919,8126,33,162459
5114000,8192,202,168,34,10473471798,202,10473479990,0,8161,12.9924,8130,2,0x80f11bac72,0,2,0,31,162490,8161,12.9924,8130,31,162490
5115000,8192,202,168,34,10475519798,202,10475527990,0,8169,12.9944,8146,2,0x959f4630c3,0,2,0,23,162513,8169,12.9944,8146,23,162513
5116000,8192,202,168,34,10477567798,202,10477575990,0,8156,12.9912,8120,2,0x327b33d897,0,2,0,36,162549,8156,12.9912,8120,36,162549
5117000,8192,202,168,34,10479615798,202,10479623990,0,8160,12.9922,8128,2,0xf2eb7b6827,0,1,0,32,162581,8160,12.9922,8128,32,162581
5118000,8192,202,168,34,10481663798,202,10481671990,0,8167,12.9939,8142,2,0x1bab2dcf3e,0,3,0,25,162606,8167,12.9939,8142,25,162606
5119000,8192,202,168,34,10483711798,202,10483719990,0,8152,12.9902,8112,2,0x2cb502784f,0,3,0,40,162646,8152,12.9902,8112,40,162646
5120000,8192,202,168,34,10485759798,202,10485767990,0,8160,12.9922,8128,2,0x3b22df7dcf,0,3,0,32,162678,8160,12.9922,8128,32,162678
5121000,8192,202,168,34,10487807798,202,10487815990,0,8155,12.9909,8119,3,0xfd6bdd735a,0,3,0,36,162714,8155,12.9909,8119,36,162714
5122000,8192,202,168,34,10489855798,202,10489863990,0,8172,12.9951,8152,2,0xb2b76794cd,0,3,0,20,162734,8172,12.9951,8152,20,162734
5123000,8192,202,168,34,10491903798,202,10491911990,0,8161,12.9924,8130,2,0x9b47e8f0b2,1,3,0,31,162765,8161,12.9924,8130,31,162765
5124000,8192,202,168,34,10493951798,202,10493959990,0,8160,12.9922,8128,2,0x52c3c2b92a,0,2,0,32,162797,8160,12.9922,8128,32,162797
5125000,8192,202,168,34,10495999798,202,10496007990,0,8142,12.9877,8093,3,0x4e195a9646,0,2,0,49,162846,8142,12.9877,8093,49,162846
5126000,8192,202,168,34,10498047798,202,10498055990,0,8160,12.9922,8128,2,0x0f0f05c6a5,0,3,0,32,162878,8160,12.9922,8128,32,162878
5127000,8192,202,168,34,10500095798,202,10500103990,0,8167,12.9939,8142,2,0x4a722e1607,1,3,0,25,162903,8167,12.9939,8142,25,162903
5128000,8192,202,168,34,10502143798,202,10502151990,0,8151,12.9900,8110,2,0xe13b5d2b66,0,3,0,41,162944,8151,12.9900,8110,41,162944
5129000,8192,202,168,34,10504191798,202,10504199990,0,8166,12.9937,8140,2,0x3f852e2129,0,3,0,26,162970,8166,12.9937,8140,26,162970
5130000,8192,202,168,34,10506239798,202,10506247990,0,8153,12.9905,8114,2,0xdf7513a68a,0,3,0,39,163009,8153,12.9905,8114,39,163009
5131000,8192,202,168,34,10508287798,202,10508295990,0,8155,12.9909,8119,3,0x3c7fd92311,2,3,0,36,163045,8155,12.9909,8119,36,163045
5132000,8192,202,168,34,10510335798,202,10510343990,0,8165,12.9934,8138,2,0x22a09e974e,0,2,0,27,163072,8165,12.9934,8138,27,163072
5133000,8192,202,168,34,10512383798,202,10512391990,0,8170,12.9946,8148,2,0x605f64e456,0,2,0,22,163094,8170,12.9946,8148,22,163094
5134000,8192,202,168,34,10514431798,202,10514439990,0,8161,12.9924,8130,2,0xa8513056d4,1,2,0,31,163125,8161,12.9924,8130,31,163125
5135000,8192,202,168,34,10516479798,202,10516487990,0,8160,12.9922,8128,2,0xe0d4273529,1,2,0,32,163157,8160,12.9922,8128,32,163157
5136000,8192,204,170,34,10518527796,204,10518535988,0,8154,12.9907,8116,2,0xcfe3547ce5,0,3,0,38,163195,8154,12.9907,8116,38,163195
5137000,8192,204,170,34,10520575796,204,10520583988,0,8155,12.9910,8118,2,0x82fd862754,1,3,0,37,163232,8155,12.9910,8118,37,163232
5138000,8192,204,170,34,10522623796,204,10522631988,0,8169,12.9944,8146,2,0xe706cdee21,0,3,0,23,163255,8169,12.9944,8146,23,163255
5139000,8192,204,170,34,10524671796,204,10524679988,0,8149,12.9895,8106,2,0xe059798a57,1,3,0,43,163298,8149,12.9895,8106,43,163298
5140000,8192,204,170,34,10526719796,204,10526727988,0,8162,12.9927,8132,2,0xca3f4a9639,0,2,0,30,163328,8162,12.9927,8132,30,163328
5141000,8192,204,170,34,10528767796,204,10528775988,0,8167,12.9939,8142,2,0x0a6fa8539b,0,2,0,25,163353,8167,12.9939,8142,25,163353
5142000,8192,204,170,34,10530815796,204,10530823988,0,8158,12.9917,8124,2,0x4cc0a13330,0,3,0,34,163387,8158,12.9917,8124,34,163387
5143000,8192,204,170,34,10532863796,204,10532871988,0,8158,12.9917,8124,2,0x4bd3e49ab1,1,3,0,34,163421,8158,12.9917,8124,34,163421
5144000,8192,204,170,34,10534911796,204,10534919988,0,8161,12.9924,8130,2,0xe8b056c0bf,0,2,0,31,163452,8161,12.9924,8130,31,163452
5145000,8192,204,170,34,10536959796,204,10536967988,0,8164,12.9932,8136,2,0x7fdbeba9eb,1,2,0,28,163480,8164,12.9932,8136,28,163480
5146000,8192,204,170,34,10539007796,204,10539015988,0,8153,12.9905,8114,2,0xd15938c5db,1,3,0,39,163519,8153,12.9905,8114,39,163519
5147000,8192,204,170,34,10541055796,204,10541063988,0,8159,12.9919,8126,2,0xe23567441c,0,3,0,33,163552,8159,12.9919,8126,33,163552
5148000,8192,204,170,34,10543103796,204,10543111988,0,8161,12.9923,8131,3,0x5d45421430,1,3,0,30,163582,8161,12.9923,8131,30,163582
5149000,8192,204,170,34,10545151796,204,10545159988,0,8167,12.9939,8142,2,0x60383f7043,0,3,0,25,163607,8167,12.9939,8142,25,163607
5150000,8192,204,170,34,10547199796,204,10547207988,0,8166,12.9937,8140,2,0xe81b524ccb,0,3,0,26,163633,8166,12.9937,8140,26,163633
5151000,8192,204,170,34,10549247796,204,10549255988,0,8169,12.9944,8146,2,0xd46bb741f4,0,3,0,23,163656,8169,12.9944,8146,23,163656
5152000,8192,204,170,34,10551295796,204,10551303988,0,8160,12.9922,8128,2,0x669859efa3,0,3,0,32,163688,8160,12.9922,8128,32,163688
5153000,8192,204,170,34,10553343796,204,10553351988,0,8161,12.9924,8130,2,0x0fbd7ba507,1,3,0,31,163719,8161,12.9924,8130,31,163719
5154000,8192,204,170,34,10555391796,204,10555399988,0,8160,12.9922,8128,2,0x48afa7b7ff,0,3,0,32,163751,8160,12.9922,8128,32,163751
5155000,8192,204,170,34,10557439796,204,10557447988,0,8168,12.9940,8145,3,0xf5932123ac,0,3,0,23,163774,8168,12.9940,8145,23,163774
5156000,8192,204,170,34,10559487796,204,10559495988,0,8158,12.9917,8124,2,0x27722aae3b,0,2,0,34,163808,8158,12.9917,8124,34,163808
5157000,8192,204,170,34,10561535796,204,10561543988,0,8150,12.9897,8108,2,0x0ac6581060,0,2,0,42,163850,8150,12.9897,8108,42,163850
5158000,8192,204,170,34,10563583796,204,10563591988,0,8150,12.9897,8108,2,0x3a0f655992,1,3,0,42,163892,8150,12.9897,8108,42,163892
5159000,8192,204,170,34,10565631796,204,10565639988,0,8164,12.9932,8136,2,0x3657e08090,1,2,0,28,163920,8164,12.9932,8136,28,163920
5160000,8192,204,170,34,10567679796,204,10567687988,0,8159,12.9919,8126,2,0x825f009a05,0,3,0,33,163953,8159,12.9919,8126,33,163953
5161000,8192,204,170,34,10569727796,204,10569735988,0,8153,12.9905,8114,2,0x5e52a2bd03,0,3,0,39,163992,8153,12.9905,8114,39,163992
5162000,8192,204,170,34,10571775796,204,10571783988,0,8160,12.9922,8128,2,0xeb14030769,0,3,0,32,164024,8160,12.9922,8128,32,164024
5163000,8192,204,170,34,10573823796,204,10573831988,0,8165,12.9934,8138,2,0xc8ec370d62,0,2,0,27,164051,8165,12.9934,8138,27,164051
5164000,8192,204,170,34,10575871796,204,10575879988,0,8166,12.9937,8140,2,0xa3da77a443,1,2,0,26,164077,8166,12.9937,8140,26,164077
5165000,8192,204,170,34,10577919796,204,10577927988,0,8165,12.9934,8138,2,0x18cd742ba1,0,3,0,27,164104,8165,12.9934,8138,27,164104
5166000,8192,204,170,34,10579967796,204,10579975988,0,8157,12.9915,8122,2,0xbd99bf00c8,0,3,0,35,164139,8157,12.9915,8122,35,164139
5167000,8192,204,170,34,10582015796,204,10582023988,0,8158,12.9917,8124,2,0x39734557b5,1,3,0,34,164173,8158,12.9917,8124,34,164173
5168000,8192,204,170,34,10584063796,204,10584071988,0,8159,12.9919,8126,2,0x84f3fa923d,0,2,0,33,164206,8159,12.9919,8126,33,164206
5169000,8192,204,170,34,10586111796,204,10586119988,0,8162,12.9927,8132,2,0xb5e14244db,0,2,0,30,164236,8162,12.9927,8132,30,164236
5170000,8192,204,170,34,10588159796,204,10588167988,0,8162,12.9927,8132,2,0xbf07c4f5f4,2,3,0,30,164266,8162,12.9927,8132,30,164266
5171000,8192,204,170,34,10590207796,204,10590215988,0,8169,12.9944,8146,2,0x570257b381,0,3,0,23,164289,8169,12.9944,8146,23,164289
5172000,8192,204,170,34,10592255796,204,10592263988,0,8162,12.9927,8132,2,0xb8161e4fc2,1,3,0,30,164319,8162,12.9927,8132,30,164319
5173000,8192,204,170,34,10594303796,204,10594311988,0,8156,12.9912,8120,2,0xca18a5f988,1,3,0,36,164355,8156,12.9912,8120,36,164355
5174000,8192,204,170,34,10596351796,204,10596359988,0,8153,12.9905,8114,2,0x0ffbc7d487,2,3,0,39,164394,8153,12.9905,8114,39,164394
5175000,8192,204,170,34,10598399796,204,10598407988,0,8155,12.9910,8118,2,0xb4b0ea9a60,2,3,0,37,164431,8155,12.9910,8118,37,164431
5176000,8192,204,170,34,10600447796,204,10600455988,0,8155,12.9910,8118,2,0xfab01a6119,0,3,0,37,164468,8155,12.9910,8118,37,164468
5177000,8192,204,170,34,10602495796,204,10602503988,0,8156,12.9912,8120,2,0xe2cfdf43ed,1,3,0,36,164504,8156,12.9912,8120,36,164504
5178000,8192,204,170,34,10604543796,204,10604551988,0,8163,12.9929,8134,2,0xedec857d80,1,3,0,29,164533,8163,12.9929,8134,29,164533
5179000,8192,204,170,34,10606591796,204,10606599988,0,8155,12.9910,8118,2,0x76a0a10cc1,1,2,0,37,164570,8155,12.9910,8118,37,164570
5180000,8192,204,170,34,10608639796,204,10608647988,0,8160,12.9922,8128,2,0xccd5e317ad,1,2,0,32,164602,8160,12.9922,8128,32,164602
5181000,8192,204,170,34,10610687796,204,10610695988,0,8164,12.9932,8136,2,0x57f26b7220,1,3,0,28,164630,8164,12.9932,8136,28,164630
5182000,8192,204,170,34,10612735796,204,10612743988,0,8163,12.9929,8134,2,0xb33d66a53e,0,2,0,29,164659,8163,12.9929,8134,29,164659
5183000,8192,204,170,34,10614783796,204,10614791988,0,8167,12.9939,8142,2,0xc38e4d3f47,1,2,0,25,164684,8167,12.9939,8142,25,164684
5184000,8192,204,170,34,10616831796,204,10616839988,0,8155,12.9910,8118,2,0x9c561e901d,0,3,0,37,164721,8155,12.9910,8118,37,164721
5185000,8192,204,170,34,10618879796,204,10618887988,0,8172,12.9951,8152,2,0xf5ecb9746e,1,3,0,20,164741,8172,12.9951,8152,20,164741
5186000,8192,204,170,34,10620927796,204,10620935988,0,8160,12.9922,8128,2,0x3bdab74840,1,3,0,32,164773,8160,12.9922,8128,32,164773
5187000,8192,204,170,34,10622975796,204,10622983988,0,8165,12.9934,8138,2,0x087bb6599f,0,3,0,27,164800,8165,12.9934,8138,27,164800
5188000,8192,204,170,34,10625023796,204,10625031988,0,8160,12.9922,8128,2,0x3a1f08f9f7,0,3,0,32,164832,8160,12.9922,8128,32,164832
5189000,8192,204,170,34,10627071796,204,10627079988,0,8162,12.9927,8132,2,0x4aa31a4d58,0,3,0,30,164862,8162,12.9927,8132,30,164862
5190000,8192,204,170,34,10629119796,204,10629127988,0,8161,12.9924,8130,2,0xa788b9c365,0,3,0,31,164893,8161,12.9924,8130,31,164893
5191000,8192,204,170,34,10631167796,204,10631175988,0,8154,12.9907,8116,2,0x548c1d0023,1,3,0,38,164931,8154,12.9907,8116,38,164931
5192000,8192,204,170,34,10633215796,204,10633223988,0,8161,12.9924,8130,2,0x3197273486,0,3,0,31,164962,8161,12.9924,8130,31,164962
5193000,8192,204,170,34,10635263796,204,10635271988,0,8165,12.9934,8138,2,0x023b13341a,0,2,0,27,164989,8165,12.9934,8138,27,164989
5194000,8192,204,170,34,10637311796,204,10637319988,0,8158,12.9917,8124,2,0xfc02df6700,0,1,0,34,165023,8158,12.9917,8124,34,165023
5195000,8192,204,170,34,10639359796,204,10639367988,0,8167,12.9939,8142,2,0xbb48d4dc83,1,3,0,25,165048,8167,12.9939,8142,25,165048
5196000,8192,205,170,35,10641407795,205,10641415987,0,8158,12.9916,8125,3,0x6b2008f36b,0,3,0,33,165081,8158,12.9916,8125,33,165081
5197000,8192,205,170,35,10643455795,205,10643463987,0,8159,12.9919,8126,2,0x7068fc1ee0,0,3,0,33,165114,8159,12.9919,8126,33,165114
5198000,8192,205,170,35,10645503795,205,10645511987,0,8162,12.9927,8132,2,0x68cd802010,0,2,0,30,165144,8162,12.9927,8132,30,165144
5199000,8192,205,170,35,10647551795,205,10647559987,0,8168,12.9940,8145,3,0xa8c822fdac,0,2,0,23,165167,8168,12.9940,8145,23,165167
5200000,8192,205,170,35,10649599795,205,10649607987,0,8163,12.9929,8134,2,0x5384a2e354,2,3,0,29,165196,8163,12.9929,8134,29,165196
5201000,8192,205,170,35,10651647795,205,10651655987,0,8170,12.9946,8148,2,0x66f60c404e,0,3,0,22,165218,8170,12.9946,8148,22,165218
5202000,8192,205,170,35,10653695795,205,10653703987,0,8154,12.9907,8116,2,0xbe0b553844,0,2,0,38,165256,8154,12.9907,8116,38,165256
5203000,8192,205,170,35,10655743795,205,10655751987,0,8162,12.9927,8132,2,0xc5cfdc0809,1,2,0,30,165286,8162,12.9927,8132,30,165286
5204000,8192,205,170,35,10657791795,205,10657799987,0,8159,12.9919,8126,2,0xd4cae4ab87,0,3,0,33,165319,8159,12.9919,8126,33,165319
5205000,8192,205,170,35,10659839795,205,10659847987,0,8159,12.9919,8126,2,0x572c8b6ccb,0,1,0,33,165352,8159,12.9919,8126,33,165352
5206000,8192,205,170,35,10661887795,205,10661895987,0,8157,12.9915,8122,2,0x155ca43814,1,3,0,35,165387,8157,12.9915,8122,35,165387
5207000,8192,205,170,35,10663935795,205,10663943987,0,8165,12.9934,8138,2,0x336c50b44e,0,3,0,27,165414,8165,12.9934,8138,27,165414
5208000,8192,205,170,35,10665983795,205,10665991987,0,8158,12.9917,8124,2,0xa2b8f71817,0,3,0,34,165448,8158,12.9917,8124,34,165448
5209000,8192,205,170,35,10668031795,205,10668039987,0,8156,12.9912,8120,2,0x54b1fddebe,0,2,0,36,165484,8156,12.9912,8120,36,165484
5210000,8192,205,170,35,10670079795,205,10670087987,0,8159,12.9919,8126,2,0xb85bc3f5a9,1,2,0,33,165517,8159,12.9919,8126,33,165517
5211000,8192,205,170,35,10672127795,205,10672135987,0,8161,12.9924,8130,2,0x21f8c8fea1,0,3,0,31,165548,8161,12.9924,8130,31,165548
5212000,8192,205,170,35,10674175795,205,10674183987,0,8155,12.9910,8118,2,0xc9c1c30ba8,1,3,0,37,165585,8155,12.9910,8118,37,165585
5213000,8192,205,170,35,10676223795,205,10676231987,0,8165,12.9933,8139,3,0x46226815e0,1,3,0,26,165611,8165,12.9933,8139,26,165611
5214000,8192,205,170,35,10678271795,205,10678279987,0,8172,12.9951,8152,2,0xc2eb2be0a4,0,3,0,20,165631,8172,12.9951,8152,20,165631
5215000,8192,205,170,35,10680319795,205,10680327987,0,8168,12.9941,8144,2,0x714d9ab5d0,0,2,0,24,165655,8168,12.9941,8144,24,165655
5216000,8192,205,170,35,10682367795,205,10682375987,0,8164,12.9932,8136,2,0xd75bf3af37,0,3,0,28,165683,8164,12.9932,8136,28,165683
5217000,8192,205,170,35,10684415795,205,10684423987,0,8161,12.9924,8130,2,0x39cff81edf,0,3,0,31,165714,8161,12.9924,8130,31,165714
5218000,8192,205,170,35,10686463795,205,10686471987,0,8152,12.9902,8112,2,0xab3b43d4ca,0,3,0,40,165754,8152,12.9902,8112,40,165754
5219000,8192,205,170,35,10688511795,205,10688519987,0,8168,12.9941,8144,2,0x7ea159fd1b,1,2,0,24,165778,8168,12.9941,8144,24,165778
5220000,8192,205,170,35,10690559795,205,10690567987,0,8170,12.9946,8148,2,0x2514c31c60,1,3,0,22,165800,8170,12.9946,8148,22,165800
5221000,8192,205,170,35,10692607795,205,10692615987,0,8169,12.9944,8146,2,0x9a48629de3,0,3,0,23,165823,8169,12.9944,8146,23,165823
5222000,8192,205,170,35,10694655795,205,10694663987,0,8149,12.9895,8106,2,0x5248cbe9c7,0,3,0,43,165866,8149,12.9895,8106,43,165866
5223000,8192,205,170,35,10696703795,205,10696711987,0,8162,12.9927,8132,2,0x7a8916f7a7,1,2,0,30,165896,8162,12.9927,8132,30,165896
5224000,8192,206,171,35,10698751794,206,10698759986,0,8167,12.9939,8142,2,0xbd77adf7bf,2,3,0,25,165921,8167,12.9939,8142,25,165921
5225000,8192,206,171,35,10700799794,206,10700807986,0,8158,12.9917,8124,2,0x7f3b10937a,2,3,0,34,165955,8158,12.9917,8124,34,165955
5226000,8192,207,172,35,10702847793,207,10702855985,0,8166,12.9937,8140,2,0x22680c2426,1,2,0,26,165981,8166,12.9937,8140,26,165981
5227000,8192,207,172,35,10704895793,207,10704903985,0,8159,12.9919,8126,2,0xce910e18f7,0,3,0,33,166014,8159,12.9919,8126,33,166014
5228000,8192,207,172,35,10706943793,207,10706951985,0,8151,12.9900,8110,2,0xf64df9a734,0,2,0,41,166055,8151,12.9900,8110,41,166055
5229000,8192,207,172,35,10708991793,207,10708999985,0,8169,12.9944,8146,2,0x09ec4004ac,0,3,0,23,166078,8169,12.9944,8146,23,166078
5230000,8192,207,172,35,10711039793,207,10711047985,0,8148,12.9893,8104,2,0x81d9558559,1,2,0,44,166122,8148,12.9893,8104,44,166122
5231000,8192,207,172,35,10713087793,207,10713095985,0,8168,12.9941,8144,2,0x5f2407c091,0,2,0,24,166146,8168,12.9941,8144,24,166146
5232000,8192,207,172,35,10715135793,207,10715143985,0,8167,12.9939,8142,2,0x12417f61aa,0,2,0,25,166171,8167,12.9939,8142,25,166171
5233000,8192,207,172,35,10717183793,207,10717191985,0,8160,12.9922,8128,2,0x3744c36601,0,3,0,32,166203,8160,12.9922,8128,32,166203
5234000,8192,207,172,35,10719231793,207,10719239985,0,8168,12.9941,8144,2,0x482856a2bd,1,3,0,24,166227,8168,12.9941,8144,24,166227
5235000,8192,207,172,35,10721279793,207,10721287985,0,8157,12.9915,8122,2,0x343908027f,0,3,0,35,166262,8157,12.9915,8122,35,166262
5236000,8192,207,172,35,10723327793,207,10723335985,0,8156,12.9912,8120,2,0xe80c23814c,2,3,0,36,166298,8156,12.9912,8120,36,166298
5237000,8192,207,172,35,10725375793,207,10725383985,0,8158,12.9917,8124,2,0x68e2f9c504,0,3,0,34,166332,8158,12.9917,8124,34,166332
5238000,8192,207,172,35,10727423793,207,10727431985,0,8165,12.9934,8138,2,0x52d6dcf6db,0,3,0,27,166359,8165,12.9934,8138,27,166359
5239000,8192,207,172,35,10729471793,207,10729479985,0,8165,12.9933,8139,3,0xb3758a9187,0,3,0,26,166385,8165,12.9933,8139,26,166385
5240000,8192,207,172,35,10731519793,207,10731527985,0,8148,12.9893,8104,2,0xcacd3a995d,0,3,0,44,166429,8148,12.9893,8104,44,166429
5241000,8192,207,172,35,10733567793,207,10733575985,0,8166,12.9937,8140,2,0x756267505b,2,3,0,26,166455,8166,12.9937,8140,26,166455
5242000,8192,207,172,35,10735615793,207,10735623985,0,8156,12.9912,8120,2,0x7f6dc053fd,1,2,0,36,166491,8156,12.9912,8120,36,166491
5243000,8192,207,172,35,10737663793,207,10737671985,0,8157,12.9915,8122,2,0xc542435ace,0,3,0,35,166526,8157,12.9915,8122,35,166526
5244000,8192,207,172,35,10739711793,207,10739719985,0,8161,12.9924,8130,2,0x9fe4e0496e,0,3,0,31,166557,8161,12.9924,8130,31,166557
5245000,8192,207,172,35,10741759793,207,10741767985,0,8160,12.9922,8128,2,0x2d2e55d6d2,0,3,0,32,166589,8160,12.9922,8128,32,166589
5246000,8192,207,172,35,10743807793,207,10743815985,0,8152,12.9902,8112,2,0x734b27fed5,0,3,0,40,166629,8152,12.9902,8112,40,166629
5247000,8192,207,172,35,10745855793,207,10745863985,0,8169,12.9944,8146,2,0xef2ee22386,1,3,0,23,166652,8169,12.9944,8146,23,166652
5248000,8192,207,172,35,10747903793,207,10747911985,0,8146,12.9888,8100,2,0x65e3c5a55e,0,3,0,46,166698,8146,12.9888,8100,46,166698
5249000,8192,207,172,35,10749951793,207,10749959985,0,8162,12.9927,8132,2,0xf9c64a88c5,0,3,0,30,166728,8162,12.9927,8132,30,166728
5250000,8192,207,172,35,10751999793,207,10752007985,0,8154,12.9907,8116,2,0x14c85ab600,0,2,0,38,166766,8154,12.9907,8116,38,166766
5251000,8192,207,172,35,10754047793,207,10754055985,0,8161,12.9924,8130,2,0x0b4d99e148,0,2,0,31,166797,8161,12.9924,8130,31,166797
5252000,8192,207,172,35,10756095793,207,10756103985,0,8158,12.9917,8124,2,0x5792c9b8fd,0,3,0,34,166831,8158,12.9917,8124,34,166831
5253000,8192,207,172,35,10758143793,207,10758151985,0,8162,12.9927,8132,2,0x4949fbb2d2,0,3,0,30,166861,8162,12.9927,8132,30,166861
5254000,8192,207,172,35,10760191793,207,10760199985,0,8164,12.9932,8136,2,0xa38572e9f6,1,3,0,28,166889,8164,12.9932,8136,28,166889
5255000,8192,207,172,35,10762239793,207,10762247985,0,8158,12.9917,8124,2,0x950413bdf6,1,3,0,34,166923,8158,12.9917,8124,34,166923
5256000,8192,207,172,35,10764287793,207,10764295985,0,8158,12.9917,8124,2,0x3f217036fa,1,3,0,34,166957,8158,12.9917,8124,34,166957
5257000,8192,207,172,35,10766335793,207,10766343985,0,8167,12.9939,8142,2,0x264770154a,0,3,0,25,166982,8167,12.9939,8142,25,166982
5258000,8192,207,172,35,10768383793,207,10768391985,0,8161,12.9924,8130,2,0x09a14d9cf1,0,3,0,31,167013,8161,12.9924,8130,31,167013
5259000,8192,207,172,35,10770431793,207,10770439985,0,8162,12.9927,8132,2,0xb9d2f53861,0,3,0,30,167043,8162,12.9927,8132,30,167043
5260000,8192,207,172,35,10772479793,207,10772487985,0,8160,12.9922,8128,2,0xc5aa82ecf6,0,3,0,32,167075,8160,12.9922,8128,32,167075
5261000,8192,207,172,35,10774527793,207,10774535985,0,8158,12.9917,8124,2,0xd3c2c9dc10,0,1,0,34,167109,8158,12.9917,8124,34,167109
5262000,8192,207,172,35,10776575793,207,10776583985,0,8157,12.9915,8122,2,0x9fc47146bf,0,2,0,35,167144,8157,12.9915,8122,35,167144
5263000,8192,207,172,35,10778623793,207,10778631985,0,8160,12.9922,8128,2,0x1efbed1e53,0,2,0,32,167176,8160,12.9922,8128,32,167176
5264000,8192,207,172,35,10780671793,207,10780679985,0,8163,12.9929,8134,2,0x7fe0d79efb,1,3,0,29,167205,8163,12.9929,8134,29,167205
5265000,8192,207,172,35,10782719793,207,10782727985,0,8156,12.9911,8121,3,0xde1432f6e1,0,3,0,35,167240,8156,12.9911,8121,35,167240
5266000,8192,207,172,35,10784767793,207,10784775985,0,8162,12.9927,8132,2,0x969e3104f1,1,0,0,30,167270,8162,12.9927,8132,30,167270
5267000,8192,207,172,35,10786815793,207,10786823985,0,8168,12.9941,8144,2,0xb8078ba965,0,3,0,24,167294,8168,12.9941,8144,24,167294
5268000,8192,207,172,35,10788863793,207,10788871985,0,8164,12.9932,8136,2,0x94ffe26826,0,1,0,28,167322,8164,12.9932,8136,28,167322
5269000,8192,207,172,35,10790911793,207,10790919985,0,8161,12.9923,8131,3,0x1f915c7670,0,3,0,30,167352,8161,12.9923,8131,30,167352
5270000,8192,207,172,35,10792959793,207,10792967985,0,8169,12.9944,8146,2,0x03ed47f821,1,3,0,23,167375,8169,12.9944,8146,23,167375
5271000,8192,207,172,35,10795007793,207,10795015985,0,8156,12.9912,8120,2,0xa9a2f7c098,1,3,0,36,167411,8156,12.9912,8120,36,167411
5272000,8192,207,172,35,10797055793,207,10797063985,0,8165,12.9934,8138,2,0x9c54954063,0,2,0,27,167438,8165,12.9934,8138,27,167438
5273000,8192,207,172,35,10799103793,207,10799111985,0,8161,12.9924,8130,2,0x9cd196fc65,0,3,0,31,167469,8161,12.9924,8130,31,167469
5274000,8192,207,172,35,10801151793,207,10801159985,0,8171,12.9949,8150,2,0xa197d26b3d,0,3,0,21,167490,8171,12.9949,8150,21,167490
5275000,8192,207,172,35,10803199793,207,10803207985,0,8155,12.9910,8118,2,0x4aee184e7a,1,3,0,37,167527,8155,12.9910,8118,37,167527
5276000,8192,207,172,35,10805247793,207,10805255985,0,8156,12.9912,8120,2,0xf47325cd06,0,2,0,36,167563,8156,12.9912,8120,36,167563
5277000,8192,207,172,35,10807295793,207,10807303985,0,8168,12.9941,8144,2,0xc4c9a72ef4,1,1,0,24,167587,8168,12.9941,8144,24,167587
5278000,8192,207,172,35,10809343793,207,10809351985,0,8154,12.9907,8116,2,0xe50e7c8329,0,3,0,38,167625,8154,12.9907,8116,38,167625
5279000,8192,207,172,35,10811391793,207,10811399985,0,8155,12.9910,8118,2,0x0088337303,0,3,0,37,167662,8155,12.9910,8118,37,167662
5280000,8192,207,172,35,10813439793,207,10813447985,0,8169,12.9944,8146,2,0x4b2e6b98fc,0,1,0,23,167685,8169,12.9944,8146,23,167685
5281000,8192,207,172,35,10815487793,207,10815495985,0,8170,12.9946,8148,2,0xb8c1938071,1,3,0,22,167707,8170,12.9946,8148,22,167707
5282000,8192,207,172,35,10817535793,207,10817543985,0,8140,12.9873,8088,2,0x6da9fd037a,0,3,0,52,167759,8140,12.9873,8088,52,167759
5283000,8192,207,172,35,10819583793,207,10819591985,0,8160,12.9922,8128,2,0x47d355927c,0,2,0,32,167791,8160,12.9922,8128,32,167791
5284000,8192,207,172,35,10821631793,207,10821639985,0,8156,12.9912,8120,2,0x924c10b464,0,3,0,36,167827,8156,12.9912,8120,36,167827
5285000,8192,207,172,35,10823679793,207,10823687985,0,8163,12.9928,8135,3,0x91e1d3996d,0,3,0,28,167855,8163,12.9928,8135,28,167855
5286000,8192,207,172,35,10825727793,207,10825735985,0,8158,12.9917,8124,2,0x4d843392a3,0,2,0,34,167889,8158,12.9917,8124,34,167889
5287000,8192,207,172,35,10827775793,207,10827783985,0,8164,12.9932,8136,2,0x2eaec4eef0,1,3,0,28,167917,8164,12.9932,8136,28,167917
5288000,8192,207,172,35,10829823793,207,10829831985,0,8163,12.9929,8134,2,0xc9d5167e10,0,3,0,29,167946,8163,12.9929,8134,29,167946
5289000,8192,207,172,35,10831871793,207,10831879985,0,8164,12.9932,8136,2,0x7dba9b228a,1,2,0,28,167974,8164,12.9932,8136,28,167974
5290000,8192,207,172,35,10833919793,207,10833927985,0,8160,12.9922,8128,2,0xcf199b863b,0,3,0,32,168006,8160,12.9922,8128,32,168006
5291000,8192,208,173,35,10835967792,208,10835975984,0,8162,12.9927,8131,2,0x3772d9a72d,1,3,0,30,168036,8162,12.9927,8131,30,168036
5292000,8192,208,173,35,10838015792,208,10838023984,0,8168,12.9941,8144,2,0x8053236e5d,0,3,0,24,168060,8168,12.9941,8144,24,168060
5293000,8192,208,173,35,10840063792,208,10840071984,0,8152,12.9902,8112,2,0x98c4a5a2db,1,2,0,40,168100,8152,12.9902,8112,40,168100
5294000,8192,208,173,35,10842111792,208,10842119984,0,8163,12.9929,8134,2,0x7058b9aae9,2,2,0,29,168129,8163,12.9929,8134,29,168129
5295000,8192,208,173,35,10844159792,208,10844167984,0,8166,12.9936,8141,3,0x43ba745ded,1,2,0,25,168154,8166,12.9936,8141,25,168154
5296000,8192,208,173,35,10846207792,208,10846215984,0,8163,12.9928,8135,3,0x67c46f4abf,0,2,0,28,168182,8163,12.9928,8135,28,168182
5297000,8192,208,173,35,10848255792,208,10848263984,0,8155,12.9910,8118,2,0x73f31ff365,1,3,0,37,168219,8155,12.9910,8118,37,168219
5298000,8192,208,173,35,10850303792,208,10850311984,0,8156,12.9912,8120,2,0x0ddbd9fde2,0,2,0,36,168255,8156,12.9912,8120,36,168255
5299000,8192,209,174,35,10852351791,209,10852359983,0,8157,12.9915,8122,2,0xbada9f2241,0,3,0,35,168290,8157,12.9915,8122,35,168290
5300000,8192,209,174,35,10854399791,209,10854407983,0,8157,12.9915,8122,2,0x2bb1d5bdc6,1,2,0,35,168325,8157,12.9915,8122,35,168325
5301000,8192,209,174,35,10856447791,209,10856455983,0,8169,12.9944,8146,2,0x3240a3b396,1,2,0,23,168348,8169,12.9944,8146,23,168348
5302000,8192,209,174,35,10858495791,209,10858503983,0,8149,12.9894,8107,3,0x2a035f5cbd,1,3,0,42,168390,8149,12.9894,8107,42,168390
5303000,8192,209,174,35,10860543791,209,10860551983,0,8156,12.9911,8121,3,0x62429f288c,1,2,0,35,168425,8156,12.9911,8121,35,168425
5304000,8192,209,174,35,10862591791,209,10862599983,0,8161,12.9924,8130,2,0x61b98a6634,0,2,0,31,168456,8161,12.9924,8130,31,168456
5305000,8192,209,174,35,10864639791,209,10864647983,0,8157,12.9915,8122,2,0xc1e708af65,1,3,0,35,168491,8157,12.9915,8122,35,168491
5306000,8192,209,174,35,10866687791,209,10866695983,0,8161,12.9923,8131,3,0xdd36091681,0,3,0,30,168521,8161,12.9923,8131,30,168521
5307000,8192,209,174,35,10868735791,209,10868743983,0,8162,12.9927,8132,2,0x627992099a,1,3,0,30,168551,8162,12.9927,8132,30,168551
5308000,8192,209,174,35,10870783791,209,10870791983,0,8165,12.9934,8138,2,0x827ae69d53,1,2,0,27,168578,8165,12.9934,8138,27,168578
5309000,8192,209,174,35,10872831791,209,10872839983,0,8158,12.9917,8124,2,0x391cb374bd,0,3,0,34,168612,8158,12.9917,8124,34,168612
5310000,8192,209,174,35,10874879791,209,10874887983,0,8157,12.9915,8122,2,0x1281c155d6,0,2,0,35,168647,8157,12.9915,8122,35,168647
5311000,8192,209,174,35,10876927791,209,10876935983,0,8158,12.9917,8124,2,0x7bf3cb640b,1,2,0,34,168681,8158,12.9917,8124,34,168681
5312000,8192,209,174,35,10878975791,209,10878983983,0,8157,12.9915,8122,2,0x5c85fc6cb8,1,3,0,35,168716,8157,12.9915,8122,35,168716
5313000,8192,209,174,35,10881023791,209,10881031983,0,8158,12.9917,8124,2,0xe45ede39ab,0,3,0,34,168750,8158,12.9917,8124,34,168750
5314000,8192,209,174,35,10883071791,209,10883079983,0,8161,12.9924,8130,2,0xecbd5bf1fb,0,3,0,31,168781,8161,12.9924,8130,31,168781
5315000,8192,209,174,35,10885119791,209,10885127983,0,8169,12.9944,8146,2,0xeaddad10da,0,3,0,23,168804,8169,12.9944,8146,23,168804
5316000,8192,209,174,35,10887167791,209,10887175983,0,8169,12.9944,8146,2,0xbd4d35c599,1,3,0,23,168827,8169,12.9944,8146,23,168827
5317000,8192,209,174,35,10889215791,209,10889223983,0,8161,12.9923,8131,3,0xb9b2ffd110,0,2,0,30,168857,8161,12.9923,8131,30,168857
5318000,8192,209,174,35,10891263791,209,10891271983,0,8159,12.9919,8127,3,0x9be9b17752,0,3,0,32,168889,8159,12.9919,8127,32,168889
5319000,8192,209,174,35,10893311791,209,10893319983,0,8164,12.9932,8136,2,0x4688a393fc,1,3,0,28,168917,8164,12.9932,8136,28,168917
5320000,8192,209,174,35,10895359791,209,10895367983,0,8158,12.9916,8125,3,0x2ea69bf567,0,3,0,33,168950,8158,12.9916,8125,33,168950
5321000,8192,209,174,35,10897407791,209,10897415983,0,8160,12.9922,8128,2,0x588821b807,0,2,0,32,168982,8160,12.9922,8128,32,168982
5322000,8192,209,174,35,10899455791,209,10899463983,0,8159,12.9919,8126,2,0x7fe066709a,1,3,0,33,169015,8159,12.9919,8126,33,169015
5323000,8192,209,174,35,10901503791,209,10901511983,0,8152,12.9902,8112,2,0xf8cadab2a6,0,3,0,40,169055,8152,12.9902,8112,40,169055
5324000,8192,209,174,35,10903551791,209,10903559983,0,8159,12.9919,8126,2,0xceb6d94068,0,3,0,33,169088,8159,12.9919,8126,33,169088
5325000,8192,209,174,35,10905599791,209,10905607983,0,8158,12.9917,8124,2,0x69d715292f,1,3,0,34,169122,8158,12.9917,8124,34,169122
5326000,8192,209,174,35,10907647791,209,10907655983,0,8158,12.9917,8124,2,0x667e018eca,1,3,0,34,169156,8158,12.9917,8124,34,169156
5327000,8192,209,174,35,10909695791,209,10909703983,0,8165,12.9933,8139,3,0x12fbfa142e,1,2,0,26,169182,8165,12.9933,8139,26,169182
5328000,8192,209,174,35,10911743791,209,10911751983,0,8160,12.9922,8128,2,0x587ba6394c,0,3,0,32,169214,8160,12.9922,8128,32,169214
5329000,8192,209,174,35,10913791791,209,10913799983,0,8164,12.9931,8137,3,0xf06a20b67a,0,2,0,27,169241,8164,12.9931,8137,27,169241
5330000,8192,209,174,35,10915839791,209,10915847983,0,8147,12.9889,8103,3,0x2292eb343d,0,2,0,44,169285,8147,12.9889,8103,44,169285
5331000,8192,209,174,35,10917887791,209,10917895983,0,8159,12.9919,8127,3,0x0d0acf5ff5,0,3,0,32,169317,8159,12.9919,8127,32,169317
5332000,8192,209,174,35,10919935791,209,10919943983,0,8163,12.9928,8135,3,0xadd62adc69,1,3,0,28,169345,8163,12.9928,8135,28,169345
5333000,8192,209,174,35,10921983791,209,10921991983,0,8165,12.9934,8138,2,0x67b839e151,1,2,0,27,169372,8165,12.9934,8138,27,169372
5334000,8192,209,174,35,10924031791,209,10924039983,0,8154,12.9907,8116,2,0x4ebf786306,0,2,0,38,169410,8154,12.9907,8116,38,169410
5335000,8192,209,174,35,10926079791,209,10926087983,0,8159,12.9919,8126,2,0xf20055600f,0,3,0,33,169443,8159,12.9919,8126,33,169443
5336000,8192,209,174,35,10928127791,209,10928135983,0,8161,12.9923,8131,3,0xef635366ee,0,2,0,30,169473,8161,12.9923,8131,30,169473
5337000,8192,209,174,35,10930175791,209,10930183983,0,8160,12.9922,8128,2,0x31242ca975,2,3,0,32,169505,8160,12.9922,8128,32,169505
5338000,8192,209,174,35,10932223791,209,10932231983,0,8165,12.9934,8138,2,0x41762eadf4,0,3,0,27,169532,8165,12.9934,8138,27,169532
5339000,8192,209,174,35,10934271791,209,10934279983,0,8173,12.9954,8154,2,0x8f2dc7f270,0,3,0,19,169551,8173,12.9954,8154,19,169551
5340000,8192,209,174,35,10936319791,209,10936327983,0,8161,12.9924,8130,2,0xa1837d69d7,0,3,0,31,169582,8161,12.9924,8130,31,169582
5341000,8192,209,174,35,10938367791,209,10938375983,0,8151,12.9898,8112,3,0x52583195b5,0,2,0,39,169621,8151,12.9898,8112,39,169621
5342000,8192,209,174,35,10940415791,209,10940423983,0,8166,12.9937,8140,2,0xd59ae5c8ce,0,3,0,26,169647,8166,12.9937,8140,26,169647
5343000,8192,209,174,35,10942463791,209,10942471983,0,8162,12.9927,8132,2,0xfc3ff8154c,0,3,0,30,169677,8162,12.9927,8132,30,169677
5344000,8192,209,174,35,10944511791,209,10944519983,0,8155,12.9910,8118,2,0xfbe113933c,0,3,0,37,169714,8155,12.9910,8118,37,169714
5345000,8192,209,174,35,10946559791,209,10946567983,0,8164,12.9932,8136,2,0x6c3cd2848c,0,2,0,28,169742,8164,12.9932,8136,28,169742
5346000,8192,210,175,35,10948607790,210,10948615982,0,8160,12.9922,8128,2,0x4bc9b6eb70,1,3,0,32,169774,8160,12.9922,8128,32,169774
5347000,8192,210,175,35,10950655790,210,10950663982,0,8167,12.9938,8143,3,0xa9f680561d,0,3,0,24,169798,8167,12.9938,8143,24,169798
5348000,8192,210,175,35,10952703790,210,10952711982,0,8164,12.9932,8136,2,0x372f460556,1,2,0,28,169826,8164,12.9932,8136,28,169826
5349000,8192,210,175,35,10954751790,210,10954759982,0,8155,12.9910,8118,2,0x479a0a1db6,0,3,0,37,169863,8155,12.9910,8118,37,169863
5350000,8192,210,175,35,10956799790,210,10956807982,0,8158,12.9917,8124,2,0x43313bc931,0,2,0,34,169897,8158,12.9917,8124,34,169897
5351000,8192,210,175,35,10958847790,210,10958855982,0,8154,12.9907,8116,2,0x3a03d0fdaa,0,2,0,38,169935,8154,12.9907,8116,38,169935
5352000,8192,210,175,35,10960895790,210,10960903982,0,8162,12.9926,8133,3,0x53877aa5ba,0,2,0,29,169964,8162,12.9926,8133,29,169964
5353000,8192,210,175,35,10962943790,210,10962951982,0,8152,12.9902,8112,2,0x0ecddcfa82,0,3,0,40,170004,8152,12.9902,8112,40,170004
5354000,8192,210,175,35,10964991790,210,10964999982,0,8160,12.9922,8128,2,0x43ef19e7bc,0,3,0,32,170036,8160,12.9922,8128,32,170036
5355000,8192,210,175,35,10967039790,210,10967047982,0,8161,12.9924,8130,2,0x1fc8663212,0,3,0,31,170067,8161,12.9924,8130,31,170067
5356000,8192,210,175,35,10969087790,210,10969095982,0,8166,12.9937,8140,2,0x47d5f0229e,0,3,0,26,170093,8166,12.9937,8140,26,170093
5357000,8192,210,175,35,10971135790,210,10971143982,0,8154,12.9907,8116,2,0x890d4476ad,0,3,0,38,170131,8154,12.9907,8116,38,170131
5358000,8192,210,175,35,10973183790,210,10973191982,0,8173,12.9954,8154,2,0x33b35ff6e7,1,3,0,19,170150,8173,12.9954,8154,19,170150
5359000,8192,210,175,35,10975231790,210,10975239982,0,8152,12.9901,8113,3,0xa950afbdf0,0,3,0,39,170189,8152,12.9901,8113,39,170189
5360000,8192,210,175,35,10977279790,210,10977287982,0,8159,12.9919,8126,2,0xd4e2edf367,0,3,0,33,170222,8159,12.9919,8126,33,170222
5361000,8192,210,175,35,10979327790,210,10979335982,0,8156,12.9912,8120,2,0x4380275629,0,2,0,36,170258,8156,12.9912,8120,36,170258
5362000,8192,210,175,35,10981375790,210,10981383982,0,8154,12.9907,8116,2,0xca00070d41,0,3,0,38,170296,8154,12.9907,8116,38,170296
5363000,8192,210,175,35,10983423790,210,10983431982,0,8152,12.9902,8112,2,0x23e325f23e,2,3,0,40,170336,8152,12.9902,8112,40,170336
5364000,8192,210,175,35,10985471790,210,10985479982,0,8156,12.9912,8120,2,0xdecbc11530,0,3,0,36,170372,8156,12.9912,8120,36,170372
5365000,8192,210,175,35,10987519790,210,10987527982,0,8163,12.9929,8134,2,0xf3a01d396e,1,3,0,29,170401,8163,12.9929,8134,29,170401
5366000,8192,210,175,35,10989567790,210,10989575982,0,8165,12.9934,8138,2,0xc18043d722,3,3,0,27,170428,8165,12.9934,8138,27,170428
5367000,8192,210,175,35,10991615790,210,10991623982,0,8150,12.9897,8108,2,0xb44d0b3d0b,0,3,0,42,170470,8150,12.9897,8108,42,170470
5368000,8192,210,175,35,10993663790,210,10993671982,0,8165,12.9934,8138,2,0x70e9ba56b9,0,3,0,27,170497,8165,12.9934,8138,27,170497
5369000,8192,210,175,35,10995711790,210,10995719982,0,8155,12.9910,8118,2,0x35ae585706,1,3,0,37,170534,8155,12.9910,8118,37,170534
5370000,8192,210,175,35,10997759790,210,10997767982,0,8166,12.9937,8140,2,0x79042d85ef,1,3,0,26,170560,8166,12.9937,8140,26,170560
5371000,8192,210,175,35,10999807790,210,10999815982,0,8160,12.9922,8128,2,0x71e254fc4c,1,2,0,32,170592,8160,12.9922,8128,32,170592
5372000,8192,210,175,35,11001855790,210,11001863982,0,8159,12.9919,8126,2,0x450c6bcba5,0,3,0,33,170625,8159,12.9919,8126,33,170625
5373000,8192,210,175,35,11003903790,210,11003911982,0,8158,12.9917,8124,2,0x5a5af8500b,0,2,0,34,170659,8158,12.9917,8124,34,170659
5374000,8192,210,175,35,11005951790,210,11005959982,0,8159,12.9919,8126,2,0x66c188b500,1,2,0,33,170692,8159,12.9919,8126,33,170692
5375000,8192,210,175,35,11007999790,210,11008007982,0,8163,12.9929,8134,2,0x578724d596,1,2,0,29,170721,8163,12.9929,8134,29,170721
5376000,8192,211,176,35,11010047789,211,11010055981,0,8160,12.9922,8128,2,0xbcddd45a0e,1,3,0,32,170753,8160,12.9922,8128,32,170753
5377000,8192,211,176,35,11012095789,211,11012103981,0,8159,12.9919,8126,2,0xada4d12ae0,0,3,0,33,170786,8159,12.9919,8126,33,170786
5378000,8192,211,176,35,11014143789,211,11014151981,0,8156,12.9912,8120,2,0x5c5e45d337,0,3,0,36,170822,8156,12.9912,8120,36,170822
5379000,8192,211,176,35,11016191789,211,11016199981,0,8163,12.9929,8134,2,0x11f4fd155b,0,3,0,29,170851,8163,12.9929,8134,29,170851
5380000,8192,211,176,35,11018239789,211,11018247981,0,8164,12.9932,8136,2,0xa81ae697e1,1,2,0,28,170879,8164,12.9932,8136,28,170879
5381000,8192,211,176,35,11020287789,211,11020295981,0,8151,12.9900,8110,2,0x5cbd2cdf04,0,3,0,41,170920,8151,12.9900,8110,41,170920
5382000,8192,211,176,35,11022335789,211,11022343981,0,8160,12.9922,8128,2,0x11383cae1c,1,3,0,32,170952,8160,12.9922,8128,32,170952
5383000,8192,211,176,35,11024383789,211,11024391981,0,8153,12.9905,8114,2,0x3ccce26d22,0,3,0,39,170991,8153,12.9905,8114,39,170991
5384000,8192,211,176,35,11026431789,211,11026439981,0,8158,12.9917,8124,2,0x6fb4ec7bd8,0,2,0,34,171025,8158,12.9917,8124,34,171025
5385000,8192,211,176,35,11028479789,211,11028487981,0,8161,12.9924,8130,2,0x60a8dc9ea7,0,3,0,31,171056,8161,12.9924,8130,31,171056
5386000,8192,211,176,35,11030527789,211,11030535981,0,8151,12.9900,8110,2,0x862f3dbec3,0,3,0,41,171097,8151,12.9900,8110,41,171097
5387000,8192,211,176,35,11032575789,211,11032583981,0,8161,12.9924,8130,2,0x732f69b897,0,2,0,31,171128,8161,12.9924,8130,31,171128
5388000,8192,211,176,35,11034623789,211,11034631981,0,8152,12.9902,8112,2,0x8094c99d64,0,3,0,40,171168,8152,12.9902,8112,40,171168
5389000,8192,211,176,35,11036671789,211,11036679981,0,8151,12.9900,8110,2,0x8dab69abce,1,3,0,41,171209,8151,12.9900,8110,41,171209
5390000,8192,211,176,35,11038719789,211,11038727981,0,8168,12.9941,8144,2,0xd1563dee61,0,2,0,24,171233,8168,12.9941,8144,24,171233
5391000,8192,211,176,35,11040767789,211,11040775981,0,8157,12.9915,8122,2,0xb751c32d46,0,2,0,35,171268,8157,12.9915,8122,35,171268
5392000,8192,211,176,35,11042815789,211,11042823981,0,8163,12.9929,8134,2,0xbbd27c092f,0,3,0,29,171297,8163,12.9929,8134,29,171297
5393000,8192,211,176,35,11044863789,211,11044871981,0,8156,12.9912,8120,2,0x1918e23347,0,3,0,36,171333,8156,12.9912,8120,36,171333
5394000,8192,211,176,35,11046911789,211,11046919981,0,8154,12.9907,8116,2,0x1ddb1d85de,0,3,0,38,171371,8154,12.9907,8116,38,171371
5395000,8192,211,176,35,11048959789,211,11048967981,0,8163,12.9929,8134,2,0x2d657d9169,0,3,0,29,171400,8163,12.9929,8134,29,171400
5396000,8192,211,176,35,11051007789,211,11051015981,0,8172,12.9951,8152,2,0xeee9add587,0,3,0,20,171420,8172,12.9951,8152,20,171420
5397000,8192,211,176,35,11053055789,211,11053063981,0,8164,12.9932,8136,2,0xcc41b192cb,2,3,0,28,171448,8164,12.9932,8136,28,171448
5398000,8192,211,176,35,11055103789,211,11055111981,0,8162,12.9927,8132,2,0xa0a1b15d0c,0,1,0,30,171478,8162,12.9927,8132,30,171478
5399000,8192,211,176,35,11057151789,211,11057159981,0,8164,12.9932,8136,2,0xde8028e93d,1,2,0,28,171506,8164,12.9932,8136,28,171506
5400000,8192,211,176,35,11059199789,211,11059207981,0,8162,12.9927,8132,2,0x7c26e9cd64,0,3,0,30,171536,8162,12.9927,8132,30,171536
5401000,8192,211,176,35,11061247789,211,11061255981,0,8161,12.9924,8130,2,0x13ad84c1b0,0,3,0,31,171567,8161,12.9924,8130,31,171567
5402000,8192,211,176,35,11063295789,211,11063303981,0,8159,12.9919,8126,2,0x3fe2d4aa86,0,2,0,33,171600,8159,12.9919,8126,33,171600
5403000,8192,215,180,35,11065343785,215,11065351977,0,8158,12.9917,8124,2,0x64b393aeb1,1,3,0,34,171634,8158,12.9917,8124,34,171634
5404000,8192,215,180,35,11067391785,215,11067399977,0,8149,12.9895,8106,2,0x8d9ef73195,0,3,0,43,171677,8149,12.9895,8106,43,171677
5405000,8192,215,180,35,11069439785,215,11069447977,0,8156,12.9912,8120,2,0x570362f06d,1,2,0,36,171713,8156,12.9912,8120,36,171713
5406000,8192,215,180,35,11071487785,215,11071495977,0,8167,12.9939,8142,2,0xe84665be28,1,1,0,25,171738,8167,12.9939,8142,25,171738
5407000,8192,215,180,35,11073535785,215,11073543977,0,8156,12.9912,8120,2,0x1d5b7ac148,0,2,0,36,171774,8156,12.9912,8120,36,171774
5408000,8192,215,180,35,11075583785,215,11075591977,0,8165,12.9933,8139,3,0x793f725cb9,1,3,0,26,171800,8165,12.9933,8139,26,171800
5409000,8192,215,180,35,11077631785,215,11077639977,0,8168,12.9941,8144,2,0xa1b746637b,0,2,0,24,171824,8168,12.9941,8144,24,171824
5410000,8192,215,180,35,11079679785,215,11079687977,0,8161,12.9924,8130,2,0x566dbe5275,1,3,0,31,171855,8161,12.9924,8130,31,171855
5411000,8192,215,180,35,11081727785,215,11081735977,0,8157,12.9915,8122,2,0x5c118c1175,0,1,0,35,171890,8157,12.9915,8122,35,171890
5412000,8192,215,180,35,11083775785,215,11083783977,0,8154,12.9907,8116,2,0x54f85eb530,0,2,0,38,171928,8154,12.9907,8116,38,171928
5413000,8192,215,180,35,11085823785,215,11085831977,0,8163,12.9929,8134,2,0x276538e176,0,2,0,29,171957,8163,12.9929,8134,29,171957
5414000,8192,215,180,35,11087871785,215,11087879977,0,8169,12.9944,8146,2,0x370d57acb5,0,3,0,23,171980,8169,12.9944,8146,23,171980
5415000,8192,215,180,35,11089919785,215,11089927977,0,8159,12.9919,8126,2,0x7f3338f759,1,2,0,33,172013,8159,12.9919,8126,33,172013
5416000,8192,215,180,35,11091967785,215,11091975977,0,8166,12.9937,8140,2,0xbeff070387,0,3,0,26,172039,8166,12.9937,8140,26,172039
5417000,8192,215,180,35,11094015785,215,11094023977,0,8167,12.9939,8142,2,0x227c02e4f9,1,3,0,25,172064,8167,12.9939,8142,25,172064
5418000,8192,215,180,35,11096063785,215,11096071977,0,8155,12.9910,8118,2,0x591c0b9d22,1,3,0,37,172101,8155,12.9910,8118,37,172101
5419000,8192,215,180,35,11098111785,215,11098119977,0,8159,12.9919,8126,2,0x141e1918dd,0,0,0,33,172134,8159,12.9919,8126,33,172134
5420000,8192,215,180,35,11100159785,215,11100167977,0,8164,12.9932,8136,2,0x8ae6fcceea,1,3,0,28,172162,8164,12.9932,8136,28,172162
5421000,8192,215,180,35,11102207785,215,11102215977,0,8163,12.9929,8134,2,0x9e2093c8e6,0,3,0,29,172191,8163,12.9929,8134,29,172191
5422000,8192,215,180,35,11104255785,215,11104263977,0,8161,12.9924,8130,2,0x6f78b7f7e0,1,3,0,31,172222,8161,12.9924,8130,31,172222
5423000,8192,215,180,35,11106303785,215,11106311977,0,8164,12.9932,8136,2,0x271cb4cda3,0,2,0,28,172250,8164,12.9932,8136,28,172250
5424000,8192,215,180,35,11108351785,215,11108359977,0,8162,12.9927,8132,2,0xc0a76da5fc,0,2,0,30,172280,8162,12.9927,8132,30,172280
5425000,8192,215,180,35,11110399785,215,11110407977,0,8157,12.9915,8122,2,0xc4b1ee4927,0,3,0,35,172315,8157,12.9915,8122,35,172315
5426000,8192,215,180,35,11112447785,215,11112455977,0,8164,12.9932,8136,2,0xf4218f9bd1,1,3,0,28,172343,8164,12.9932,8136,28,172343
5427000,8192,215,180,35,11114495785,215,11114503977,0,8160,12.9922,8128,2,0xf886b4706a,0,3,0,32,172375,8160,12.9922,8128,32,172375
5428000,8192,215,180,35,11116543785,215,11116551977,0,8159,12.9919,8126,2,0xcf204eadc3,0,3,0,33,172408,8159,12.9919,8126,33,172408
5429000,8192,215,180,35,11118591785,215,11118599977,0,8162,12.9927,8132,2,0xfa46fea6fe,1,3,0,30,172438,8162,12.9927,8132,30,172438
5430000,8192,215,180,35,11120639785,215,11120647977,0,8168,12.9941,8144,2,0xda116432d5,0,3,0,24,172462,8168,12.9941,8144,24,172462
5431000,8192,215,180,35,11122687785,215,11122695977,0,8156,12.9912,8120,2,0xc9b4b92901,1,3,0,36,172498,8156,12.9912,8120,36,172498
5432000,8192,215,180,35,11124735785,215,11124743977,0,8167,12.9939,8142,2,0x54c351ac99,0,3,0,25,172523,8167,12.9939,8142,25,172523
5433000,8192,216,180,36,11126783784,216,11126791976,0,8167,12.9939,8142,2,0x09cddddccf,0,2,0,25,172548,8167,12.9939,8142,25,172548
5434000,8192,216,180,36,11128831784,216,11128839976,0,8160,12.9921,8129,3,0x56b469a9f6,0,2,0,31,172579,8160,12.9921,8129,31,172579
5435000,8192,216,180,36,11130879784,216,11130887976,0,8158,12.9917,8124,2,0xbda537d6a9,0,2,0,34,172613,8158,12.9917,8124,34,172613
5436000,8192,216,180,36,11132927784,216,11132935976,0,8162,12.9927,8132,2,0xd28463bec5,0,3,0,30,172643,8162,12.9927,8132,30,172643
5437000,8192,216,180,36,11134975784,216,11134983976,0,8156,12.9912,8120,2,0x0e6bbc0bae,0,2,0,36,172679,8156,12.9912,8120,36,172679
5438000,8192,216,180,36,11137023784,216,11137031976,0,8151,12.9900,8110,2,0xbc58f8303f,1,3,0,41,172720,8151,12.9900,8110,41,172720
5439000,8192,216,180,36,11139071784,216,11139079976,0,8164,12.9932,8136,2,0x4cb6b10866,0,3,0,28,172748,8164,12.9932,8136,28,172748
5440000,8192,216,180,36,11141119784,216,11141127976,0,8160,12.9922,8128,2,0x26ded31dcd,0,3,0,32,172780,8160,12.9922,8128,32,172780
5441000,8192,216,180,36,11143167784,216,11143175976,0,8163,12.9929,8134,2,0x308407a818,0,3,0,29,172809,8163,12.9929,8134,29,172809
5442000,8192,216,180,36,11145215784,216,11145223976,0,8163,12.9929,8134,2,0x87febdadb2,1,3,0,29,172838,8163,12.9929,8134,29,172838
5443000,8192,216,180,36,11147263784,216,11147271976,0,8153,12.9905,8114,2,0x55334b2a9e,1,2,0,39,172877,8153,12.9905,8114,39,172877
5444000,8192,216,180,36,11149311784,216,11149319976,0,8154,12.9907,8116,2,0x797b141f0a,0,3,0,38,172915,8154,12.9907,8116,38,172915
5445000,8192,216,180,36,11151359784,216,11151367976,0,8160,12.9922,8128,2,0x103f6b0707,0,3,0,32,172947,8160,12.9922,8128,32,172947
5446000,8192,216,180,36,11153407784,216,11153415976,0,8162,12.9927,8132,2,0x28cd400f2e,2,3,0,30,172977,8162,12.9927,8132,30,172977
5447000,8192,217,181,36,11155455783,217,11155463975,0,8161,12.9924,8130,2,0x2ff2b6d9bd,0,3,0,31,173008,8161,12.9924,8130,31,173008
5448000,8192,217,181,36,11157503783,217,11157511975,0,8162,12.9927,8132,2,0xd236f8adc3,1,3,0,30,173038,8162,12.9927,8132,30,173038
5449000,8192,217,181,36,11159551783,217,11159559975,0,8157,12.9915,8122,2,0xc2bd86c86a,0,2,0,35,173073,8157,12.9915,8122,35,173073
5450000,8192,217,181,36,11161599783,217,11161607975,0,8155,12.9910,8118,2,0x763f47f7af,0,2,0,37,173110,8155,12.9910,8118,37,173110
5451000,8192,217,181,36,11163647783,217,11163655975,0,8155,12.9910,8118,2,0xe0bd911292,0,3,0,37,173147,8155,12.9910,8118,37,173147
5452000,8192,217,181,36,11165695783,217,11165703975,0,8163,12.9929,8134,2,0xaa407d2849,0,3,0,29,173176,8163,12.9929,8134,29,173176
5453000,8192,217,181,36,11167743783,217,11167751975,0,8157,12.9915,8122,2,0x787f627e4c,0,2,0,35,173211,8157,12.9915,8122,35,173211
5454000,8192,217,181,36,11169791783,217,11169799975,0,8159,12.9919,8126,2,0x798bb7ff4d,0,1,0,33,173244,8159,12.9919,8126,33,173244
5455000,8192,217,181,36,11171839783,217,11171847975,0,8152,12.9901,8113,3,0xb6bbee6bfd,0,1,0,39,173283,8152,12.9901,8113,39,173283
5456000,8192,218,181,37,11173887782,218,11173895974,0,8163,12.9929,8134,2,0x3edbc4340b,1,3,0,29,173312,8163,12.9929,8134,29,173312
5457000,8192,218,181,37,11175935782,218,11175943974,0,8161,12.9924,8130,2,0x4b0b28b0b4,0,3,0,31,173343,8161,12.9924,8130,31,173343
5458000,8192,218,181,37,11177983782,218,11177991974,0,8157,12.9915,8122,2,0x34ca219f48,0,3,0,35,173378,8157,12.9915,8122,35,173378
5459000,8192,218,181,37,11180031782,218,11180039974,0,8150,12.9897,8108,2,0x2b14a1260c,0,3,0,42,173420,8150,12.9897,8108,42,173420
5460000,8192,218,181,37,11182079782,218,11182087974,0,8156,12.9912,8120,2,0xdb44ad068b,0,1,0,36,173456,8156,12.9912,8120,36,173456
5461000,8192,218,181,37,11184127782,218,11184135974,0,8162,12.9927,8132,2,0x90c11b1feb,1,3,0,30,173486,8162,12.9927,8132,30,173486
5462000,8192,218,181,37,11186175782,218,11186183974,0,8154,12.9907,8116,2,0x0d028e171d,0,3,0,38,173524,8154,12.9907,8116,38,173524
5463000,8192,218,181,37,11188223782,218,11188231974,0,8166,12.9937,8140,2,0xffa1eb07a1,0,2,0,26,173550,8166,12.9937,8140,26,173550
5464000,8192,218,181,37,11190271782,218,11190279974,0,8161,12.9924,8130,2,0xf88c40e9f7,0,3,0,31,173581,8161,12.9924,8130,31,173581
5465000,8192,218,181,37,11192319782,218,11192327974,0,8159,12.9919,8126,2,0xdaf6fe1037,0,3,0,33,173614,8159,12.9919,8126,33,173614
5466000,8192,218,181,37,11194367782,218,11194375974,0,8159,12.9919,8126,2,0xd5b197dd8f,1,3,0,33,173647,8159,12.9919,8126,33,173647
5467000,8192,218,181,37,11196415782,218,11196423974,0,8162,12.9927,8132,2,0xc969ba9aed,0,2,0,30,173677,8162,12.9927,8132,30,173677
5468000,8192,218,181,37,11198463782,218,11198471974,0,8161,12.9924,8130,2,0xc045f37fa2,3,3,0,31,173708,8161,12.9924,8130,31,173708
5469000,8192,218,181,37,11200511782,218,11200519974,0,8161,12.9924,8130,2,0xc9d2b1ee5c,1,3,0,31,173739,8161,12.9924,8130,31,173739
5470000,8192,218,181,37,11202559782,218,11202567974,0,8157,12.9915,8122,2,0xad2f8d5764,0,3,0,35,173774,8157,12.9915,8122,35,173774
5471000,8192,218,181,37,11204607782,218,11204615974,0,8160,12.9922,8128,2,0x7701a2c72c,0,3,0,32,173806,8160,12.9922,8128,32,173806
5472000,8192,218,181,37,11206655782,218,11206663974,0,8158,12.9917,8124,2,0xfa92354c7e,0,3,0,34,173840,8158,12.9917,8124,34,173840
5473000,8192,218,181,37,11208703782,218,11208711974,0,8167,12.9939,8142,2,0x699bf34877,1,3,0,25,173865,8167,12.9939,8142,25,173865
5474000,8192,218,181,37,11210751782,218,11210759974,0,8167,12.9939,8142,2,0xbbb1296968,1,3,0,25,173890,8167,12.9939,8142,25,173890
5475000,8192,218,181,37,11212799782,218,11212807974,0,8156,12.9912,8120,2,0xf5f59bf088,0,1,0,36,173926,8156,12.9912,8120,36,173926
5476000,8192,218,181,37,11214847782,218,11214855974,0,8164,12.9932,8136,2,0x3f601a2b83,0,3,0,28,173954,8164,12.9932,8136,28,173954
5477000,8192,218,181,37,11216895782,218,11216903974,0,8157,12.9915,8122,2,0xfbe5dad8bd,0,2,0,35,173989,8157,12.9915,8122,35,173989
5478000,8192,218,181,37,11218943782,218,11218951974,0,8155,12.9910,8118,2,0xae228d03b2,1,2,0,37,174026,8155,12.9910,8118,37,174026
5479000,8192,218,181,37,11220991782,218,11220999974,0,8163,12.9928,8135,3,0xa2fbae8a6f,0,3,0,28,174054,8163,12.9928,8135,28,174054
5480000,8192,218,181,37,11223039782,218,11223047974,0,8155,12.9910,8118,2,0xc8a33b82fb,1,2,0,37,174091,8155,12.9910,8118,37,174091
5481000,8192,218,181,37,11225087782,218,11225095974,0,8165,12.9934,8138,2,0xe8655fe985,0,3,0,27,174118,8165,12.9934,8138,27,174118
5482000,8192,218,181,37,11227135782,218,11227143974,0,8156,12.9912,8120,2,0x0727cb05b2,0,3,0,36,174154,8156,12.9912,8120,36,174154
5483000,8192,218,181,37,11229183782,218,11229191974,0,8160,12.9922,8128,2,0xadecc31f9a,1,3,0,32,174186,8160,12.9922,8128,32,174186
5484000,8192,218,181,37,11231231782,218,11231239974,0,8151,12.9900,8110,2,0x35ea750592,0,3,0,41,174227,8151,12.9900,8110,41,174227
5485000,8192,218,181,37,11233279782,218,11233287974,0,8157,12.9915,8122,2,0xb0d8266dbe,1,3,0,35,174262,8157,12.9915,8122,35,174262
5486000,8192,218,181,37,11235327782,218,11235335974,0,8162,12.9927,8132,2,0xa8cc53436b,1,3,0,30,174292,8162,12.9927,8132,30,174292
5487000,8192,218,181,37,11237375782,218,11237383974,0,8150,12.9897,8108,2,0x348f8a0490,0,3,0,42,174334,8150,12.9897,8108,42,174334
5488000,8192,218,181,37,11239423782,218,11239431974,0,8162,12.9927,8132,2,0x95383f3d40,0,2,0,30,174364,8162,12.9927,8132,30,174364
5489000,8192,218,181,37,11241471782,218,11241479974,0,8154,12.9907,8116,2,0x1b93d7877f,0,3,0,38,174402,8154,12.9907,8116,38,174402
5490000,8192,218,181,37,11243519782,218,11243527974,0,8171,12.9949,8150,2,0x61c439fd3d,1,2,0,21,174423,8171,12.9949,8150,21,174423
5491000,8192,218,181,37,11245567782,218,11245575974,0,8166,12.9937,8140,2,0xda0f8cafff,0,2,0,26,174449,8166,12.9937,8140,26,174449
5492000,8192,218,181,37,11247615782,218,11247623974,0,8164,12.9932,8136,2,0xc9921ed133,0,3,0,28,174477,8164,12.9932,8136,28,174477
5493000,8192,218,181,37,11249663782,218,11249671974,0,8155,12.9910,8118,2,0x5aaac5edd6,1,3,0,37,174514,8155,12.9910,8118,37,174514
5494000,8192,218,181,37,11251711782,218,11251719974,0,8161,12.9924,8130,2,0x3261922ec1,0,3,0,31,174545,8161,12.9924,8130,31,174545
5495000,8192,218,181,37,11253759782,218,11253767974,0,8153,12.9905,8114,2,0xb818496817,0,3,0,39,174584,8153,12.9905,8114,39,174584
5496000,8192,218,181,37,11255807782,218,11255815974,0,8160,12.9922,8128,2,0xa468f510e1,1,3,0,32,174616,8160,12.9922,8128,32,174616
5497000,8192,218,181,37,11257855782,218,11257863974,0,8158,12.9917,8124,2,0x3feb67e2b6,1,3,0,34,174650,8158,12.9917,8124,34,174650
5498000,8192,218,181,37,11259903782,218,11259911974,0,8160,12.9922,8128,2,0x2ffed786c3,0,3,0,32,174682,8160,12.9922,8128,32,174682
5499000,8192,218,181,37,11261951782,218,11261959974,0,8158,12.9916,8125,3,0xb92d8ec4e7,0,2,0,33,174715,8158,12.9916,8125,33,174715
5500000,8192,218,181,37,11263999782,218,11264007974,0,8166,12.9937,8140,2,0x50df539186,0,3,0,26,174741,8166,12.9937,8140,26,174741
5501000,8192,218,181,37,11266047782,218,11266055974,0,8160,12.9922,8128,2,0xb68417c4d5,1,2,0,32,174773,8160,12.9922,8128,32,174773
5502000,8192,218,181,37,11268095782,218,11268103974,0,8161,12.9924,8130,2,0x7359b9a689,0,3,0,31,174804,8161,12.9924,8130,31,174804
5503000,8192,218,181,37,11270143782,218,11270151974,0,8162,12.9927,8132,2,0xe849649dbc,0,3,0,30,174834,8162,12.9927,8132,30,174834
5504000,8192,218,181,37,11272191782,218,11272199974,0,8163,12.9929,8134,2,0x87cd351625,0,2,0,29,174863,8163,12.9929,8134,29,174863
5505000,8192,218,181,37,11274239782,218,11274247974,0,8166,12.9937,8140,2,0x86c5189b39,0,3,0,26,174889,8166,12.9937,8140,26,174889
5506000,8192,218,181,37,11276287782,218,11276295974,0,8162,12.9927,8132,2,0xed64494de5,0,2,0,30,174919,8162,12.9927,8132,30,174919
5507000,8192,218,181,37,11278335782,218,11278343974,0,8162,12.9927,8132,2,0x031ae9c26d,0,2,0,30,174949,8162,12.9927,8132,30,174949
5508000,8192,218,181,37,11280383782,218,11280391974,0,8165,12.9933,8139,3,0x9b3e20de6f,0,2,0,26,174975,8165,12.9933,8139,26,174975
5509000,8192,218,181,37,11282431782,218,11282439974,0,8165,12.9934,8138,2,0xb8b829e1ef,1,3,0,27,175002,8165,12.9934,8138,27,175002
5510000,8192,218,181,37,11284479782,218,11284487974,0,8154,12.9907,8116,2,0xdbf4014444,0,3,0,38,175040,8154,12.9907,8116,38,175040
5511000,8192,218,181,37,11286527782,218,11286535974,0,8160,12.9922,8128,2,0x25a3283f73,1,2,0,32,175072,8160,12.9922,8128,32,175072
5512000,8192,218,181,37,11288575782,218,11288583974,0,8160,12.9922,8128,2,0x7c1c441850,2,3,0,32,175104,8160,12.9922,8128,32,175104
5513000,8192,218,181,37,11290623782,218,11290631974,0,8164,12.9932,8136,2,0xbd9a388a47,1,1,0,28,175132,8164,12.9932,8136,28,175132
5514000,8192,218,181,37,11292671782,218,11292679974,0,8144,12.9883,8096,2,0x3d899973f1,0,3,0,48,175180,8144,12.9883,8096,48,175180
5515000,8192,218,181,37,11294719782,218,11294727974,0,8162,12.9927,8132,2,0xb2ad8164e6,1,3,0,30,175210,8162,12.9927,8132,30,175210
5516000,8192,218,181,37,11296767782,218,11296775974,0,8166,12.9937,8140,2,0x3e86db5ac5,0,2,0,26,175236,8166,12.9937,8140,26,175236
5517000,8192,218,181,37,11298815782,218,11298823974,0,8162,12.9927,8132,2,0x050deed8b3,0,3,0,30,175266,8162,12.9927,8132,30,175266
5518000,8192,218,181,37,11300863782,218,11300871974,0,8163,12.9929,8134,2,0xb87f7c9571,0,2,0,29,175295,8163,12.9929,8134,29,175295
5519000,8192,218,181,37,11302911782,218,11302919974,0,8160,12.9922,8128,2,0x35b0703e04,0,3,0,32,175327,8160,12.9922,8128,32,175327
5520000,8192,218,181,37,11304959782,218,11304967974,0,8160,12.9922,8128,2,0xf4a88f9e43,1,3,0,32,175359,8160,12.9922,8128,32,175359
5521000,8192,218,181,37,11307007782,218,11307015974,0,8156,12.9912,8120,2,0x241969a4b8,0,3,0,36,175395,8156,12.9912,8120,36,175395
5522000,8192,218,181,37,11309055782,218,11309063974,0,8156,12.9912,8120,2,0xc60d35755e,0,3,0,36,175431,8156,12.9912,8120,36,175431
5523000,8192,218,181,37,11311103782,218,11311111974,0,8158,12.9917,8124,2,0x1b611f8d48,1,3,0,34,175465,8158,12.9917,8124,34,175465
5524000,8192,218,181,37,11313151782,218,11313159974,0,8165,12.9934,8138,2,0xab51ecb38b,0,2,0,27,175492,8165,12.9934,8138,27,175492
5525000,8192,218,181,37,11315199782,218,11315207974,0,8162,12.9927,8132,2,0xbeaaa4f223,0,2,0,30,175522,8162,12.9927,8132,30,175522
5526000,8192,218,181,37,11317247782,218,11317255974,0,8164,12.9932,8136,2,0xfb4a08e134,0,2,0,28,175550,8164,12.9932,8136,28,175550
5527000,8192,218,181,37,11319295782,218,11319303974,0,8155,12.9910,8118,2,0x9b9b8982fa,0,3,0,37,175587,8155,12.9910,8118,37,175587
5528000,8192,218,181,37,11321343782,218,11321351974,0,8158,12.9917,8124,2,0x3ea49ea209,0,2,0,34,175621,8158,12.9917,8124,34,175621
5529000,8192,218,181,37,11323391782,218,11323399974,0,8157,12.9915,8122,2,0x43ab7bae51,0,3,0,35,175656,8157,12.9915,8122,35,175656
5530000,8192,218,181,37,11325439782,218,11325447974,0,8157,12.9915,8122,2,0x07579b539d,0,3,0,35,175691,8157,12.9915,8122,35,175691
5531000,8192,218,181,37,11327487782,218,11327495974,0,8163,12.9929,8134,2,0xcfc40117b5,0,3,0,29,175720,8163,12.9929,8134,29,175720
5532000,8192,218,181,37,11329535782,218,11329543974,0,8160,12.9922,8128,2,0xf16cedce1f,0,3,0,32,175752,8160,12.9922,8128,32,175752
5533000,8192,218,181,37,11331583782,218,11331591974,0,8155,12.9910,8118,2,0xffff1b05cf,1,3,0,37,175789,8155,12.9910,8118,37,175789
5534000,8192,218,181,37,11333631782,218,11333639974,0,8159,12.9919,8126,2,0xf8bf1021c3,0,3,0,33,175822,8159,12.9919,8126,33,175822
5535000,8192,218,181,37,11335679782,218,11335687974,0,8152,12.9902,8112,2,0x82f1844161,0,3,0,40,175862,8152,12.9902,8112,40,175862
5536000,8192,218,181,37,11337727782,218,11337735974,0,8151,12.9900,8110,2,0x4eeddae099,0,2,0,41,175903,8151,12.9900,8110,41,175903
5537000,8192,218,181,37,11339775782,218,11339783974,0,8164,12.9932,8136,2,0x569d4d02cd,0,3,0,28,175931,8164,12.9932,8136,28,175931
5538000,8192,218,181,37,11341823782,218,11341831974,0,8156,12.9912,8120,2,0x1394c8a1cf,1,2,0,36,175967,8156,12.9912,8120,36,175967
5539000,8192,218,181,37,11343871782,218,11343879974,0,8159,12.9918,8128,3,0x30839856ab,2,3,0,31,175998,8159,12.9918,8128,31,175998
5540000,8192,218,181,37,11345919782,218,11345927974,0,8154,12.9907,8116,2,0x2340d1370b,1,2,0,38,176036,8154,12.9907,8116,38,176036
5541000,8192,218,181,37,11347967782,218,11347975974,0,8163,12.9929,8134,2,0x59c579b680,1,2,0,29,176065,8163,12.9929,8134,29,176065
5542000,8192,218,181,37,11350015782,218,11350023974,0,8165,12.9934,8138,2,0xe4805f86cb,0,3,0,27,176092,8165,12.9934,8138,27,176092
5543000,8192,218,181,37,11352063782,218,11352071974,0,8160,12.9922,8128,2,0x0bba42f811,0,2,0,32,176124,8160,12.9922,8128,32,176124
5544000,8192,218,181,37,11354111782,218,11354119974,0,8163,12.9929,8134,2,0x1878e84c8a,0,3,0,29,176153,8163,12.9929,8134,29,176153
5545000,8192,218,181,37,11356159782,218,11356167974,0,8157,12.9915,8122,2,0x0cefe4c40c,0,2,0,35,176188,8157,12.9915,8122,35,176188
5546000,8192,218,181,37,11358207782,218,11358215974,0,8156,12.9912,8120,2,0x0269d8168f,0,2,0,36,176224,8156,12.9912,8120,36,176224
5547000,8192,218,181,37,11360255782,218,11360263974,0,8163,12.9929,8134,2,0xef78efb609,0,2,0,29,176253,8163,12.9929,8134,29,176253
5548000,8192,218,181,37,11362303782,218,11362311974,0,8158,12.9917,8124,2,0x6500d32212,0,3,0,34,176287,8158,12.9917,8124,34,176287
5549000,8192,218,181,37,11364351782,218,11364359974,0,8161,12.9924,8130,2,0xca7df47f10,1,1,0,31,176318,8161,12.9924,8130,31,176318
5550000,8192,218,181,37,11366399782,218,11366407974,0,8156,12.9912,8120,2,0xf0c621f163,0,2,0,36,176354,8156,12.9912,8120,36,176354
5551000,8192,218,181,37,11368447782,218,11368455974,0,8151,12.9900,8110,2,0xe4f6d9144a,1,2,0,41,176395,8151,12.9900,8110,41,176395
5552000,8192,218,181,37,11370495782,218,11370503974,0,8158,12.9917,8124,2,0xbd2cdfc33f,0,2,0,34,176429,8158,12.9917,8124,34,176429
5553000,8192,218,181,37,11372543782,218,11372551974,0,8153,12.9904,8115,3,0x2aa191e7e6,1,3,0,38,176467,8153,12.9904,8115,38,176467
5554000,8192,218,181,37,11374591782,218,11374599974,0,8156,12.9912,8120,2,0xdd718472ae,0,2,0,36,176503,8156,12.9912,8120,36,176503
5555000,8192,218,181,37,11376639782,218,11376647974,0,8162,12.9927,8132,2,0x98ee8ee4eb,0,1,0,30,176533,8162,12.9927,8132,30,176533
5556000,8192,218,181,37,11378687782,218,11378695974,0,8156,12.9912,8120,2,0x89f452b8fc,1,2,0,36,176569,8156,12.9912,8120,36,176569
5557000,8192,218,181,37,11380735782,218,11380743974,0,8167,12.9939,8142,2,0x56202f6d41,2,3,0,25,176594,8167,12.9939,8142,25,176594
5558000,8192,218,181,37,11382783782,218,11382791974,0,8158,12.9916,8125,3,0xe15ffbbf40,0,3,0,33,176627,8158,12.9916,8125,33,176627
5559000,8192,218,181,37,11384831782,218,11384839974,0,8164,12.9932,8136,2,0xb65e763b5b,0,2,0,28,176655,8164,12.9932,8136,28,176655
5560000,8192,218,181,37,11386879782,218,11386887974,0,8153,12.9905,8114,2,0xaf2f313987,0,3,0,39,176694,8153,12.9905,8114,39,176694
5561000,8192,218,181,37,11388927782,218,11388935974,0,8160,12.9921,8129,3,0x51170d42e5,0,2,0,31,176725,8160,12.9921,8129,31,176725
5562000,8192,218,181,37,11390975782,218,11390983974,0,8160,12.9922,8128,2,0xa700c31b57,1,3,0,32,176757,8160,12.9922,8128,32,176757
5563000,8192,218,181,37,11393023782,218,11393031974,0,8163,12.9929,8134,2,0x977471fe24,1,3,0,29,176786,8163,12.9929,8134,29,176786
5564000,8192,218,181,37,11395071782,218,11395079974,0,8158,12.9917,8124,2,0x013f7b3a91,0,3,0,34,176820,8158,12.9917,8124,34,176820
5565000,8192,218,181,37,11397119782,218,11397127974,0,8161,12.9924,8130,2,0x407dfd9eab,1,3,0,31,176851,8161,12.9924,8130,31,176851
5566000,8192,218,181,37,11399167782,218,11399175974,0,8160,12.9922,8128,2,0x332ef6dc37,0,3,0,32,176883,8160,12.9922,8128,32,176883
5567000,8192,218,181,37,11401215782,218,11401223974,0,8162,12.9927,8132,2,0x1566c9e54a,1,3,0,30,176913,8162,12.9927,8132,30,176913
5568000,8192,218,181,37,11403263782,218,11403271974,0,8159,12.9919,8126,2,0x3f67e65515,0,3,0,33,176946,8159,12.9919,8126,33,176946
5569000,8192,218,181,37,11405311782,218,11405319974,0,8150,12.9897,8108,2,0x8474157c7f,0,3,0,42,176988,8150,12.9897,8108,42,176988
5570000,8192,218,181,37,11407359782,218,11407367974,0,8156,12.9912,8120,2,0x0fcf3fe703,0,3,0,36,177024,8156,12.9912,8120,36,177024
5571000,8192,218,181,37,11409407782,218,11409415974,0,8152,12.9902,8112,2,0x9619c1a638,0,3,0,40,177064,8152,12.9902,8112,40,177064
5572000,8192,218,181,37,11411455782,218,11411463974,0,8170,12.9946,8148,2,0xe0c606fd3d,0,2,0,22,177086,8170,12.9946,8148,22,177086
5573000,8192,218,181,37,11413503782,218,11413511974,0,8160,12.9922,8128,2,0x0cbbdf5f95,0,2,0,32,177118,8160,12.9922,8128,32,177118
5574000,8192,218,181,37,11415551782,218,11415559974,0,8161,12.9924,8130,2,0x2720c73fc3,0,3,0,31,177149,8161,12.9924,8130,31,177149
5575000,8192,218,181,37,11417599782,218,11417607974,0,8151,12.9899,8111,3,0xb5c64b60ef,0,2,0,40,177189,8151,12.9899,8111,40,177189
5576000,8192,218,181,37,11419647782,218,11419655974,0,8158,12.9917,8124,2,0x2304f32eec,0,3,0,34,177223,8158,12.9917,8124,34,177223
5577000,8192,218,181,37,11421695782,218,11421703974,0,8160,12.9922,8128,2,0xa960860a88,0,3,0,32,177255,8160,12.9922,8128,32,177255
5578000,8192,218,181,37,11423743782,218,11423751974,0,8160,12.9922,8128,2,0xec65e854d1,0,3,0,32,177287,8160,12.9922,8128,32,177287
5579000,8192,218,181,37,11425791782,218,11425799974,0,8166,12.9937,8140,2,0xaa928d8fec,1,3,0,26,177313,8166,12.9937,8140,26,177313
5580000,8192,218,181,37,11427839782,218,11427847974,0,8158,12.9917,8124,2,0xcdf3adcf87,0,3,0,34,177347,8158,12.9917,8124,34,177347
5581000,8192,218,181,37,11429887782,218,11429895974,0,8156,12.9912,8120,2,0x7a9b0a151b,0,3,0,36,177383,8156,12.9912,8120,36,177383
5582000,8192,218,181,37,11431935782,218,11431943974,0,8159,12.9919,8126,2,0xc1fb4a37b9,0,3,0,33,177416,8159,12.9919,8126,33,177416
5583000,8192,218,181,37,11433983782,218,11433991974,0,8166,12.9937,8140,2,0x4c32cc6b17,0,3,0,26,177442,8166,12.9937,8140,26,177442
5584000,8192,218,181,37,11436031782,218,11436039974,0,8154,12.9907,8116,2,0xcc968b84bd,1,3,0,38,177480,8154,12.9907,8116,38,177480
5585000,8192,218,181,37,11438079782,218,11438087974,0,8161,12.9924,8130,2,0x076a18181f,0,3,0,31,177511,8161,12.9924,8130,31,177511
5586000,8192,218,181,37,11440127782,218,11440135974,0,8163,12.9929,8134,2,0x58a24ce0c8,1,2,0,29,177540,8163,12.9929,8134,29,177540
5587000,8192,218,181,37,11442175782,218,11442183974,0,8163,12.9929,8134,2,0x848d2d97b7,0,3,0,29,177569,8163,12.9929,8134,29,177569
5588000,8192,218,181,37,11444223782,218,11444231974,0,8158,12.9917,8124,2,0x3cdbd94bd6,1,2,0,34,177603,8158,12.9917,8124,34,177603
5589000,8192,218,181,37,11446271782,218,11446279974,0,8147,12.9890,8102,2,0xd59f545232,1,2,0,45,177648,8147,12.9890,8102,45,177648
5590000,8192,218,181,37,11448319782,218,11448327974,0,8163,12.9929,8134,2,0xf009fb0e46,1,2,0,29,177677,8163,12.9929,8134,29,177677
5591000,8192,218,181,37,11450367782,218,11450375974,0,8161,12.9924,8130,2,0xe8d5af5791,0,3,0,31,177708,8161,12.9924,8130,31,177708
5592000,8192,218,181,37,11452415782,218,11452423974,0,8163,12.9929,8134,2,0x8c8632d345,0,2,0,29,177737,8163,12.9929,8134,29,177737
5593000,8192,218,181,37,11454463782,218,11454471974,0,8155,12.9909,8119,3,0x172205b03d,0,3,0,36,177773,8155,12.9909,8119,36,177773
5594000,8192,219,181,38,11456511781,219,11456519973,0,8160,12.9922,8128,2,0x51b27fafca,0,2,0,32,177805,8160,12.9922,8128,32,177805
5595000,8192,219,181,38,11458559781,219,11458567973,0,8165,12.9934,8138,2,0x92929f15ab,0,3,0,27,177832,8165,12.9934,8138,27,177832
5596000,8192,219,181,38,11460607781,219,11460615973,0,8158,12.9917,8124,2,0x5038dc0886,2,3,0,34,177866,8158,12.9917,8124,34,177866
5597000,8192,219,181,38,11462655781,219,11462663973,0,8162,12.9927,8132,2,0x3f46526f1b,0,3,0,30,177896,8162,12.9927,8132,30,177896
5598000,8192,219,181,38,11464703781,219,11464711973,0,8157,12.9915,8122,2,0xc9af5d918f,0,2,0,35,177931,8157,12.9915,8122,35,177931
5599000,8192,219,181,38,11466751781,219,11466759973,0,8156,12.9912,8120,2,0xfcb9453931,0,3,0,36,177967,8156,12.9912,8120,36,177967
5600000,8192,219,181,38,11468799781,219,11468807973,0,8157,12.9915,8122,2,0x9d82c38177,0,3,0,35,178002,8157,12.9915,8122,35,178002
5601000,8192,219,181,38,11470847781,219,11470855973,0,8164,12.9932,8136,2,0xe36429bcad,0,3,0,28,178030,8164,12.9932,8136,28,178030
5602000,8192,219,181,38,11472895781,219,11472903973,0,8160,12.9921,8129,3,0x545be9a6e4,0,3,0,31,178061,8160,12.9921,8129,31,178061
5603000,8192,219,181,38,11474943781,219,11474951973,0,8159,12.9919,8126,2,0x3bd7010100,1,3,0,33,178094,8159,12.9919,8126,33,178094
5604000,8192,219,181,38,11476991781,219,11476999973,0,8157,12.9915,8122,2,0xc0239a34fa,0,3,0,35,178129,8157,12.9915,8122,35,178129
5605000,8192,219,181,38,11479039781,219,11479047973,0,8154,12.9906,8117,3,0x46b87540e3,0,3,0,37,178166,8154,12.9906,8117,37,178166
5606000,8192,219,181,38,11481087781,219,11481095973,0,8160,12.9922,8128,2,0xcaafa59b01,1,3,0,32,178198,8160,12.9922,8128,32,178198
5607000,8192,219,181,38,11483135781,219,11483143973,0,8155,12.9909,8119,3,0x6467e66f48,0,2,0,36,178234,8155,12.9909,8119,36,178234
5608000,8192,219,181,38,11485183781,219,11485191973,0,8159,12.9919,8126,2,0xdf93cebd56,1,3,0,33,178267,8159,12.9919,8126,33,178267
5609000,8192,219,181,38,11487231781,219,11487239973,0,8163,12.9929,8134,2,0x21175084f3,0,3,0,29,178296,8163,12.9929,8134,29,178296
5610000,8192,219,181,38,11489279781,219,11489287973,0,8171,12.9949,8150,2,0x0723887414,1,3,0,21,178317,8171,12.9949,8150,21,178317
5611000,8192,219,181,38,11491327781,219,11491335973,0,8174,12.9956,8156,2,0x602b3b196b,1,3,0,18,178335,8174,12.9956,8156,18,178335
5612000,8192,219,181,38,11493375781,219,11493383973,0,8168,12.9941,8144,2,0xf88c690f1f,0,3,0,24,178359,8168,12.9941,8144,24,178359
5613000,8192,219,181,38,11495423781,219,11495431973,0,8165,12.9934,8138,2,0x8fbc2b6544,0,2,0,27,178386,8165,12.9934,8138,27,178386
5614000,8192,219,181,38,11497471781,219,11497479973,0,8162,12.9927,8132,2,0x72ef4aecd4,0,2,0,30,178416,8162,12.9927,8132,30,178416
5615000,8192,219,181,38,11499519781,219,11499527973,0,8164,12.9932,8136,2,0xc4c6ffd379,0,3,0,28,178444,8164,12.9932,8136,28,178444
5616000,8192,219,181,38,11501567781,219,11501575973,0,8152,12.9902,8112,2,0x2304e61920,1,3,0,40,178484,8152,12.9902,8112,40,178484
5617000,8192,219,181,38,11503615781,219,11503623973,0,8163,12.9928,8135,3,0xaa5651c363,0,3,0,28,178512,8163,12.9928,8135,28,178512
5618000,8192,219,181,38,11505663781,219,11505671973,0,8152,12.9902,8112,2,0x799c0534aa,0,3,0,40,178552,8152,12.9902,8112,40,178552
5619000,8192,219,181,38,11507711781,219,11507719973,0,8157,12.9915,8122,2,0xc0b6ec9c68,1,3,0,35,178587,8157,12.9915,8122,35,178587
5620000,8192,219,181,38,11509759781,219,11509767973,0,8153,12.9904,8115,3,0x630fc388a7,0,3,0,38,178625,8153,12.9904,8115,38,178625
5621000,8192,219,181,38,11511807781,219,11511815973,0,8168,12.9941,8144,2,0xe78963820d,1,3,0,24,178649,8168,12.9941,8144,24,178649
5622000,8192,219,181,38,11513855781,219,11513863973,0,8169,12.9944,8146,2,0x822d43eea3,0,3,0,23,178672,8169,12.9944,8146,23,178672
5623000,8192,219,181,38,11515903781,219,11515911973,0,8159,12.9919,8126,2,0x316c1f5cd1,0,3,0,33,178705,8159,12.9919,8126,33,178705
5624000,8192,219,181,38,11517951781,219,11517959973,0,8159,12.9919,8126,2,0xc4ce371f46,0,3,0,33,178738,8159,12.9919,8126,33,178738
5625000,8192,219,181,38,11519999781,219,11520007973,0,8159,12.9919,8126,2,0xeb5133867d,0,2,0,33,178771,8159,12.9919,8126,33,178771
5626000,8192,219,181,38,11522047781,219,11522055973,0,8167,12.9939,8142,2,0x88db671b07,0,3,0,25,178796,8167,12.9939,8142,25,178796
5627000,8192,219,181,38,11524095781,219,11524103973,0,8148,12.9893,8104,2,0xc0fd29bab0,1,3,0,44,178840,8148,12.9893,8104,44,178840
5628000,8192,219,181,38,11526143781,219,11526151973,0,8159,12.9919,8127,3,0xf0aadfd398,0,1,0,32,178872,8159,12.9919,8127,32,178872
5629000,8192,219,181,38,11528191781,219,11528199973,0,8157,12.9915,8122,2,0x552bccc2f0,1,3,0,35,178907,8157,12.9915,8122,35,178907
5630000,8192,219,181,38,11530239781,219,11530247973,0,8157,12.9915,8122,2,0x738e828c2d,0,3,0,35,178942,8157,12.9915,8122,35,178942
5631000,8192,219,181,38,11532287781,219,11532295973,0,8156,12.9912,8120,2,0x9d79576739,1,2,0,36,178978,8156,12.9912,8120,36,178978
5632000,8192,219,181,38,11534335781,219,11534343973,0,8165,12.9934,8138,2,0x20387d3c35,0,3,0,27,179005,8165,12.9934,8138,27,179005
5633000,8192,219,181,38,11536383781,219,11536391973,0,8163,12.9929,8134,2,0x80f63bde6d,0,3,0,29,179034,8163,12.9929,8134,29,179034
5634000,8192,219,181,38,11538431781,219,11538439973,0,8155,12.9910,8118,2,0x32dc1e845f,0,3,0,37,179071,8155,12.9910,8118,37,179071
5635000,8192,219,181,38,11540479781,219,11540487973,0,8162,12.9927,8132,2,0xfef8f76b3a,1,3,0,30,179101,8162,12.9927,8132,30,179101
5636000,8192,219,181,38,11542527781,219,11542535973,0,8150,12.9897,8108,2,0x798d7e0b42,1,3,0,42,179143,8150,12.9897,8108,42,179143
5637000,8192,219,181,38,11544575781,219,11544583973,0,8159,12.9919,8126,2,0xf10c875505,1,2,0,33,179176,8159,12.9919,8126,33,179176
5638000,8192,219,181,38,11546623781,219,11546631973,0,8159,12.9919,8126,2,0xc4961b4117,0,3,0,33,179209,8159,12.9919,8126,33,179209
5639000,8192,219,181,38,11548671781,219,11548679973,0,8165,12.9934,8138,2,0x8c60d72eea,0,3,0,27,179236,8165,12.9934,8138,27,179236
5640000,8192,219,181,38,11550719781,219,11550727973,0,8164,12.9932,8136,2,0x9a76035e14,0,1,0,28,179264,8164,12.9932,8136,28,179264
5641000,8192,219,181,38,11552767781,219,11552775973,0,8162,12.9927,8132,2,0xaa49e5b08e,1,3,0,30,179294,8162,12.9927,8132,30,179294
5642000,8192,219,181,38,11554815781,219,11554823973,0,8159,12.9919,8126,2,0xff1418445e,0,3,0,33,179327,8159,12.9919,8126,33,179327
5643000,8192,219,181,38,11556863781,219,11556871973,0,8158,12.9917,8124,2,0xb9fde0a9eb,0,1,0,34,179361,8158,12.9917,8124,34,179361
5644000,8192,219,181,38,11558911781,219,11558919973,0,8156,12.9911,8121,3,0xd01ab532de,0,2,0,35,179396,8156,12.9911,8121,35,179396
5645000,8192,219,181,38,11560959781,219,11560967973,0,8152,12.9902,8112,2,0xef5c7e2f46,0,3,0,40,179436,8152,12.9902,8112,40,179436
5646000,8192,219,181,38,11563007781,219,11563015973,0,8164,12.9932,8136,2,0xcf95b839e9,0,1,0,28,179464,8164,12.9932,8136,28,179464
5647000,8192,219,181,38,11565055781,219,11565063973,0,8166,12.9937,8140,2,0x8a14828f16,0,3,0,26,179490,8166,12.9937,8140,26,179490
5648000,8192,219,181,38,11567103781,219,11567111973,0,8155,12.9910,8118,2,0x81ab012258,0,3,0,37,179527,8155,12.9910,8118,37,179527
5649000,8192,219,181,38,11569151781,219,11569159973,0,8159,12.9919,8126,2,0x41491c313c,1,2,0,33,179560,8159,12.9919,8126,33,179560
5650000,8192,219,181,38,11571199781,219,11571207973,0,8161,12.9924,8130,2,0xa082b8a488,0,3,0,31,179591,8161,12.9924,8130,31,179591
5651000,8192,219,181,38,11573247781,219,11573255973,0,8168,12.9941,8144,2,0x290b0c931d,1,2,0,24,179615,8168,12.9941,8144,24,179615
5652000,8192,219,181,38,11575295781,219,11575303973,0,8155,12.9910,8118,2,0xf5e9ebbe30,1,1,0,37,179652,8155,12.9910,8118,37,179652
5653000,8192,219,181,38,11577343781,219,11577351973,0,8150,12.9897,8108,2,0xfab24d7ef8,0,3,0,42,179694,8150,12.9897,8108,42,179694
5654000,8192,219,181,38,11579391781,219,11579399973,0,8160,12.9922,8128,2,0x5c5a8413b7,0,2,0,32,179726,8160,12.9922,8128,32,179726
5655000,8192,219,181,38,11581439781,219,11581447973,0,8163,12.9929,8134,2,0x4ae9bec905,0,2,0,29,179755,8163,12.9929,8134,29,179755
5656000,8192,219,181,38,11583487781,219,11583495973,0,8161,12.9924,8130,2,0x3022fcaa22,0,3,0,31,179786,8161,12.9924,8130,31,179786
5657000,8192,219,181,38,11585535781,219,11585543973,0,8161,12.9924,8130,2,0x9f8d560695,0,3,0,31,179817,8161,12.9924,8130,31,179817
5658000,8192,219,181,38,11587583781,219,11587591973,0,8160,12.9922,8128,2,0x8fb7fe4a19,1,3,0,32,179849,8160,12.9922,8128,32,179849
5659000,8192,219,181,38,11589631781,219,11589639973,0,8152,12.9901,8113,3,0x4cc44f91a8,0,1,0,39,179888,8152,12.9901,8113,39,179888
5660000,8192,219,181,38,11591679781,219,11591687973,0,8165,12.9934,8138,2,0x5e4904b6a4,0,3,0,27,179915,8165,12.9934,8138,27,179915
5661000,8192,219,181,38,11593727781,219,11593735973,0,8166,12.9937,8140,2,0x49064dfef6,0,2,0,26,179941,8166,12.9937,8140,26,179941
5662000,8192,219,181,38,11595775781,219,11595783973,0,8164,12.9932,8136,2,0x6da3d8d965,0,2,0,28,179969,8164,12.9932,8136,28,179969
5663000,8192,219,181,38,11597823781,219,11597831973,0,8157,12.9915,8122,2,0x5eabc355ef,0,3,0,35,180004,8157,12.9915,8122,35,180004
5664000,8192,219,181,38,11599871781,219,11599879973,0,8164,12.9932,8136,2,0xd5d25abad5,0,3,0,28,180032,8164,12.9932,8136,28,180032
5665000,8192,219,181,38,11601919781,219,11601927973,0,8153,12.9905,8114,2,0x3e48180459,0,2,0,39,180071,8153,12.9905,8114,39,180071
5666000,8192,219,181,38,11603967781,219,11603975973,0,8152,12.9901,8113,3,0xdf932aeae0,0,2,0,39,180110,8152,12.9901,8113,39,180110
5667000,8192,219,181,38,11606015781,219,11606023973,0,8160,12.9922,8128,2,0x2d33472dd2,0,2,0,32,180142,8160,12.9922,8128,32,180142
5668000,8192,219,181,38,11608063781,219,11608071973,0,8165,12.9934,8138,2,0x52c9d14229,0,3,0,27,180169,8165,12.9934,8138,27,180169
5669000,8192,219,181,38,11610111781,219,11610119973,0,8156,12.9912,8120,2,0xf756d51523,1,3,0,36,180205,8156,12.9912,8120,36,180205
5670000,8192,219,181,38,11612159781,219,11612167973,0,8153,12.9905,8114,2,0x8370a76367,0,3,0,39,180244,8153,12.9905,8114,39,180244
5671000,8192,219,181,38,11614207781,219,11614215973,0,8163,12.9929,8134,2,0x3a3c738b4c,0,2,0,29,180273,8163,12.9929,8134,29,180273
5672000,8192,219,181,38,11616255781,219,11616263973,0,8148,12.9893,8104,2,0x06e0a13183,0,2,0,44,180317,8148,12.9893,8104,44,180317
5673000,8192,219,181,38,11618303781,219,11618311973,0,8152,12.9902,8112,2,0x94317f7805,0,3,0,40,180357,8152,12.9902,8112,40,180357
5674000,8192,219,181,38,11620351781,219,11620359973,0,8161,12.9924,8130,2,0x9448da4eb1,0,3,0,31,180388,8161,12.9924,8130,31,180388
5675000,8192,219,181,38,11622399781,219,11622407973,0,8160,12.9922,8128,2,0x25e3f859fd,1,3,0,32,180420,8160,12.9922,8128,32,180420
5676000,8192,219,181,38,11624447781,219,11624455973,0,8148,12.9893,8104,2,0x4497145960,0,3,0,44,180464,8148,12.9893,8104,44,180464
5677000,8192,219,181,38,11626495781,219,11626503973,0,8157,12.9915,8122,2,0x69a95abf47,1,3,0,35,180499,8157,12.9915,8122,35,180499
5678000,8192,219,181,38,11628543781,219,11628551973,0,8163,12.9929,8134,2,0x39ed3439e1,0,2,0,29,180528,8163,12.9929,8134,29,180528
5679000,8192,219,181,38,11630591781,219,11630599973,0,8160,12.9922,8128,2,0x387a06cab9,0,2,0,32,180560,8160,12.9922,8128,32,180560
5680000,8192,219,181,38,11632639781,219,11632647973,0,8160,12.9922,8128,2,0x782a0fb842,0,2,0,32,180592,8160,12.9922,8128,32,180592
5681000,8192,219,181,38,11634687781,219,11634695973,0,8155,12.9910,8118,2,0x231a4497a5,0,2,0,37,180629,8155,12.9910,8118,37,180629
5682000,8192,219,181,38,11636735781,219,11636743973,0,8161,12.9924,8130,2,0xe3858a0ebb,0,2,0,31,180660,8161,12.9924,8130,31,180660
5683000,8192,219,181,38,11638783781,219,11638791973,0,8150,12.9897,8108,2,0x7d1b050ff5,1,3,0,42,180702,8150,12.9897,8108,42,180702
5684000,8192,219,181,38,11640831781,219,11640839973,0,8163,12.9929,8134,2,0x330e2f8677,0,1,0,29,180731,8163,12.9929,8134,29,180731
5685000,8192,219,181,38,11642879781,219,11642887973,0,8157,12.9915,8122,2,0xc302d961ad,0,3,0,35,180766,8157,12.9915,8122,35,180766
5686000,8192,219,181,38,11644927781,219,11644935973,0,8165,12.9934,8138,2,0x22d3b89760,0,2,0,27,180793,8165,12.9934,8138,27,180793
5687000,8192,219,181,38,11646975781,219,11646983973,0,8174,12.9956,8156,2,0x56f0a7bd9c,0,3,0,18,180811,8174,12.9956,8156,18,180811
5688000,8192,219,181,38,11649023781,219,11649031973,0,8165,12.9934,8138,2,0x2bc9909ff3,0,2,0,27,180838,8165,12.9934,8138,27,180838
5689000,8192,219,181,38,11651071781,219,11651079973,0,8165,12.9934,8138,2,0x9a0ac1faef,1,3,0,27,180865,8165,12.9934,8138,27,180865
5690000,8192,219,181,38,11653119781,219,11653127973,0,8159,12.9919,8126,2,0x2cef7a3c7b,0,2,0,33,180898,8159,12.9919,8126,33,180898
5691000,8192,219,181,38,11655167781,219,11655175973,0,8151,12.9900,8110,2,0x7805aa79d4,0,3,0,41,180939,8151,12.9900,8110,41,180939
5692000,8192,219,181,38,11657215781,219,11657223973,0,8147,12.9890,8102,2,0xe649e1201c,0,3,0,45,180984,8147,12.9890,8102,45,180984
5693000,8192,219,181,38,11659263781,219,11659271973,0,8165,12.9934,8138,2,0x2b94d5ec72,0,2,0,27,181011,8165,12.9934,8138,27,181011
5694000,8192,219,181,38,11661311781,219,11661319973,0,8157,12.9914,8123,3,0x26cf3e745e,1,3,0,34,181045,8157,12.9914,8123,34,181045
5695000,8192,219,181,38,11663359781,219,11663367973,0,8149,12.9895,8106,2,0xb6061553cc,0,2,0,43,181088,8149,12.9895,8106,43,181088
5696000,8192,219,181,38,11665407781,219,11665415973,0,8151,12.9900,8110,2,0x4c26a61af0,1,3,0,41,181129,8151,12.9900,8110,41,181129
5697000,8192,219,181,38,11667455781,219,11667463973,0,8159,12.9919,8126,2,0xf5e470abde,0,3,0,33,181162,8159,12.9919,8126,33,181162
5698000,8192,219,181,38,11669503781,219,11669511973,0,8156,12.9912,8120,2,0xfec81e0019,0,3,0,36,181198,8156,12.9912,8120,36,181198
5699000,8192,219,181,38,11671551781,219,11671559973,0,8169,12.9944,8146,2,0x6554115151,0,2,0,23,181221,8169,12.9944,8146,23,181221
5700000,8192,219,181,38,11673599781,219,11673607973,0,8167,12.9939,8142,2,0xda0b65e690,0,3,0,25,181246,8167,12.9939,8142,25,181246
5701000,8192,219,181,38,11675647781,219,11675655973,0,8154,12.9907,8116,2,0x4e423071b7,0,1,0,38,181284,8154,12.9907,8116,38,181284
5702000,8192,219,181,38,11677695781,219,11677703973,0,8155,12.9910,8118,2,0x43b0fc26b2,1,3,0,37,181321,8155,12.9910,8118,37,181321
5703000,8192,219,181,38,11679743781,219,11679751973,0,8161,12.9924,8130,2,0x641f8ca2a1,0,2,0,31,181352,8161,12.9924,8130,31,181352
5704000,8192,219,181,38,11681791781,219,11681799973,0,8163,12.9929,8134,2,0xd9e92b1f27,0,2,0,29,181381,8163,12.9929,8134,29,181381
5705000,8192,219,181,38,11683839781,219,11683847973,0,8160,12.9922,8128,2,0x81cef18c53,0,2,0,32,181413,8160,12.9922,8128,32,181413
5706000,8192,219,181,38,11685887781,219,11685895973,0,8156,12.9912,8120,2,0xd1bcb45c9d,1,2,0,36,181449,8156,12.9912,8120,36,181449
5707000,8192,219,181,38,11687935781,219,11687943973,0,8148,12.9892,8105,3,0x976523b6ec,0,3,0,43,181492,8148,12.9892,8105,43,181492
5708000,8192,219,181,38,11689983781,219,11689991973,0,8158,12.9917,8124,2,0xa014e5e519,0,1,0,34,181526,8158,12.9917,8124,34,181526
5709000,8192,219,181,38,11692031781,219,11692039973,0,8153,12.9904,8115,3,0xc4557a5583,1,3,0,38,181564,8153,12.9904,8115,38,181564
5710000,8192,219,181,38,11694079781,219,11694087973,0,8162,12.9927,8132,2,0x915046cc68,1,2,0,30,181594,8162,12.9927,8132,30,181594
5711000,8192,219,181,38,11696127781,219,11696135973,0,8159,12.9919,8126,2,0xbd25162b83,0,2,0,33,181627,8159,12.9919,8126,33,181627
5712000,8192,219,181,38,11698175781,219,11698183973,0,8158,12.9917,8124,2,0xb5354b0d6e,1,3,0,34,181661,8158,12.9917,8124,34,181661
5713000,8192,219,181,38,11700223781,219,11700231973,0,8158,12.9917,8124,2,0x1e75e3f7c5,0,3,0,34,181695,8158,12.9917,8124,34,181695
5714000,8192,223,185,38,11702271777,223,11702279969,0,8160,12.9922,8128,2,0xdab34c7879,0,1,0,32,181727,8160,12.9922,8128,32,181727
5715000,8192,223,185,38,11704319777,223,11704327969,0,8156,12.9912,8120,2,0x0d231194e3,1,3,0,36,181763,8156,12.9912,8120,36,181763
5716000,8192,223,185,38,11706367777,223,11706375969,0,8164,12.9932,8136,2,0xda75f9b0d1,0,2,0,28,181791,8164,12.9932,8136,28,181791
5717000,8192,223,185,38,11708415777,223,11708423969,0,8158,12.9917,8124,2,0x790a57d4be,0,2,0,34,181825,8158,12.9917,8124,34,181825
5718000,8192,223,185,38,11710463777,223,11710471969,0,8162,12.9927,8132,2,0x6638f7e5b8,0,3,0,30,181855,8162,12.9927,8132,30,181855
5719000,8192,223,185,38,11712511777,223,11712519969,0,8153,12.9905,8114,2,0x195ea1ba5d,1,3,0,39,181894,8153,12.9905,8114,39,181894
5720000,8192,223,185,38,11714559777,223,11714567969,0,8149,12.9895,8106,2,0x2d187d3626,0,3,0,43,181937,8149,12.9895,8106,43,181937
5721000,8192,223,185,38,11716607777,223,11716615969,0,8165,12.9934,8138,2,0xdc401d6703,0,2,0,27,181964,8165,12.9934,8138,27,181964
5722000,8192,223,185,38,11718655777,223,11718663969,0,8160,12.9922,8128,2,0xde49cca52a,0,2,0,32,181996,8160,12.9922,8128,32,181996
5723000,8192,223,185,38,11720703777,223,11720711969,0,8160,12.9922,8128,2,0xcf64e664e6,2,2,0,32,182028,8160,12.9922,8128,32,182028
5724000,8192,223,185,38,11722751777,223,11722759969,0,8165,12.9934,8138,2,0xea9e88a642,0,3,0,27,182055,8165,12.9934,8138,27,182055
5725000,8192,223,185,38,11724799777,223,11724807969,0,8161,12.9923,8131,3,0x81c4ababb1,0,2,0,30,182085,8161,12.9923,8131,30,182085
5726000,8192,223,185,38,11726847777,223,11726855969,0,8161,12.9924,8130,2,0x48484cb1b8,0,3,0,31,182116,8161,12.9924,8130,31,182116
5727000,8192,223,185,38,11728895777,223,11728903969,0,8165,12.9934,8138,2,0x9160d7a08e,0,2,0,27,182143,8165,12.9934,8138,27,182143
5728000,8192,223,185,38,11730943777,223,11730951969,0,8165,12.9934,8138,2,0xc121221bca,0,3,0,27,182170,8165,12.9934,8138,27,182170
5729000,8192,223,185,38,11732991777,223,11732999969,0,8164,12.9931,8137,3,0x312376e9d7,0,2,0,27,182197,8164,12.9931,8137,27,182197
5730000,8192,223,185,38,11735039777,223,11735047969,0,8163,12.9929,8134,2,0x121d106592,0,3,0,29,182226,8163,12.9929,8134,29,182226
5731000,8192,223,185,38,11737087777,223,11737095969,0,8162,12.9927,8132,2,0x15c6064966,0,3,0,30,182256,8162,12.9927,8132,30,182256
5732000,8192,223,185,38,11739135777,223,11739143969,0,8147,12.9889,8103,3,0x402ed54c53,1,3,0,44,182300,8147,12.9889,8103,44,182300
5733000,8192,223,185,38,11741183777,223,11741191969,0,8152,12.9902,8112,2,0x2d7465638e,0,3,0,40,182340,8152,12.9902,8112,40,182340
5734000,8192,223,185,38,11743231777,223,11743239969,0,8165,12.9934,8138,2,0x661fd9f99d,0,2,0,27,182367,8165,12.9934,8138,27,182367
5735000,8192,223,185,38,11745279777,223,11745287969,0,8149,12.9895,8106,2,0x4244d45db1,0,2,0,43,182410,8149,12.9895,8106,43,182410
5736000,8192,223,185,38,11747327777,223,11747335969,0,8162,12.9927,8132,2,0x8ffc811c37,1,2,0,30,182440,8162,12.9927,8132,30,182440
5737000,8192,223,185,38,11749375777,223,11749383969,0,8161,12.9924,8130,2,0xcf78204050,0,2,0,31,182471,8161,12.9924,8130,31,182471
5738000,8192,223,185,38,11751423777,223,11751431969,0,8159,12.9919,8126,2,0x07197d7ff8,0,2,0,33,182504,8159,12.9919,8126,33,182504
5739000,8192,223,185,38,11753471777,223,11753479969,0,8166,12.9937,8140,2,0x5f7ac6fcb3,0,2,0,26,182530,8166,12.9937,8140,26,182530
5740000,8192,223,185,38,11755519777,223,11755527969,0,8160,12.9922,8128,2,0xb04c085e1a,1,3,0,32,182562,8160,12.9922,8128,32,182562
5741000,8192,223,185,38,11757567777,223,11757575969,0,8145,12.9885,8098,2,0x95da677a87,0,3,0,47,182609,8145,12.9885,8098,47,182609
5742000,8192,223,185,38,11759615777,223,11759623969,0,8161,12.9924,8130,2,0x13a5345f8f,0,3,0,31,182640,8161,12.9924,8130,31,182640
5743000,8192,223,185,38,11761663777,223,11761671969,0,8160,12.9922,8128,2,0xd3f5d30da9,0,1,0,32,182672,8160,12.9922,8128,32,182672
5744000,8192,223,185,38,11763711777,223,11763719969,0,8156,12.9912,8120,2,0x39bc3722b3,0,3,0,36,182708,8156,12.9912,8120,36,182708
5745000,8192,224,186,38,11765759776,224,11765767968,0,8156,12.9912,8120,2,0x08b7d34950,0,3,0,36,182744,8156,12.9912,8120,36,182744
5746000,8192,224,186,38,11767807776,224,11767815968,0,8161,12.9924,8130,2,0x80b359f5a6,1,3,0,31,182775,8161,12.9924,8130,31,182775
5747000,8192,224,186,38,11769855776,224,11769863968,0,8163,12.9929,8134,2,0x52a262383a,1,2,0,29,182804,8163,12.9929,8134,29,182804
5748000,8192,224,186,38,11771903776,224,11771911968,0,8160,12.9922,8128,2,0x858fb9a3b8,0,3,0,32,182836,8160,12.9922,8128,32,182836
5749000,8192,224,186,38,11773951776,224,11773959968,0,8157,12.9915,8122,2,0x9401bed381,1,3,0,35,182871,8157,12.9915,8122,35,182871
5750000,8192,224,186,38,11775999776,224,11776007968,0,8165,12.9934,8138,2,0xe38c30a2d8,2,3,0,27,182898,8165,12.9934,8138,27,182898
5751000,8192,224,186,38,11778047776,224,11778055968,0,8158,12.9917,8124,2,0x009da8d555,0,3,0,34,182932,8158,12.9917,8124,34,182932
5752000,8192,224,186,38,11780095776,224,11780103968,0,8168,12.9941,8144,2,0xc8e2d87466,1,3,0,24,182956,8168,12.9941,8144,24,182956
5753000,8192,224,186,38,11782143776,224,11782151968,0,8165,12.9934,8138,2,0xf8d1680dcb,0,3,0,27,182983,8165,12.9934,8138,27,182983
5754000,8192,224,186,38,11784191776,224,11784199968,0,8163,12.9928,8135,3,0xd7e1296838,1,3,0,28,183011,8163,12.9928,8135,28,183011
5755000,8192,224,186,38,11786239776,224,11786247968,0,8157,12.9914,8123,3,0xedfe1f24c0,0,1,0,34,183045,8157,12.9914,8123,34,183045
5756000,8192,224,186,38,11788287776,224,11788295968,0,8155,12.9910,8118,2,0x7fdf831da7,0,2,0,37,183082,8155,12.9910,8118,37,183082
5757000,8192,224,186,38,11790335776,224,11790343968,0,8163,12.9929,8134,2,0x6400771f50,0,3,0,29,183111,8163,12.9929,8134,29,183111
5758000,8192,224,186,38,11792383776,224,11792391968,0,8162,12.9927,8132,2,0x6d2fd401dc,0,2,0,30,183141,8162,12.9927,8132,30,183141
5759000,8192,224,186,38,11794431776,224,11794439968,0,8158,12.9917,8124,2,0x01bf0fa417,0,3,0,34,183175,8158,12.9917,8124,34,183175
5760000,8192,224,186,38,11796479776,224,11796487968,0,8163,12.9928,8135,3,0x8b5eb9e728,0,3,0,28,183203,8163,12.9928,8135,28,183203
5761000,8192,224,186,38,11798527776,224,11798535968,0,8166,12.9937,8140,2,0xbac9adea7f,2,3,0,26,183229,8166,12.9937,8140,26,183229
5762000,8192,224,186,38,11800575776,224,11800583968,0,8159,12.9919,8126,2,0x02f550213c,0,2,0,33,183262,8159,12.9919,8126,33,183262
5763000,8192,224,186,38,11802623776,224,11802631968,0,8158,12.9917,8124,2,0x56dbf7602e,0,2,0,34,183296,8158,12.9917,8124,34,183296
5764000,8192,224,186,38,11804671776,224,11804679968,0,8158,12.9917,8124,2,0x34fc50841d,0,2,0,34,183330,8158,12.9917,8124,34,183330
5765000,8192,224,186,38,11806719776,224,11806727968,0,8163,12.9929,8134,2,0x47dda65d54,0,3,0,29,183359,8163,12.9929,8134,29,183359
5766000,8192,224,186,38,11808767776,224,11808775968,0,8157,12.9915,8122,2,0x6244a022bb,0,2,0,35,183394,8157,12.9915,8122,35,183394
5767000,8192,224,186,38,11810815776,224,11810823968,0,8167,12.9939,8142,2,0xd27dd115b7,0,2,0,25,183419,8167,12.9939,8142,25,183419
5768000,8192,224,186,38,11812863776,224,11812871968,0,8160,12.9922,8128,2,0x678af38ba5,0,2,0,32,183451,8160,12.9922,8128,32,183451
5769000,8192,224,186,38,11814911776,224,11814919968,0,8165,12.9934,8138,2,0x28bf8d778f,0,2,0,27,183478,8165,12.9934,8138,27,183478
5770000,8192,224,186,38,11816959776,224,11816967968,0,8159,12.9919,8126,2,0xb54ef213ae,0,3,0,33,183511,8159,12.9919,8126,33,183511
5771000,8192,224,186,38,11819007776,224,11819015968,0,8167,12.9939,8142,2,0xf51586976b,1,3,0,25,183536,8167,12.9939,8142,25,183536
5772000,8192,224,186,38,11821055776,224,11821063968,0,8157,12.9915,8122,2,0xe7cee08b34,1,3,0,35,183571,8157,12.9915,8122,35,183571
5773000,8192,224,186,38,11823103776,224,11823111968,0,8166,12.9937,8140,2,0x63f33e5d09,0,2,0,26,183597,8166,12.9937,8140,26,183597
5774000,8192,224,186,38,11825151776,224,11825159968,0,8156,12.9912,8120,2,0xf8585da1ca,0,3,0,36,183633,8156,12.9912,8120,36,183633
5775000,8192,225,187,38,11827199775,225,11827207967,0,8155,12.9910,8118,2,0xf7146a4b8d,0,3,0,37,183670,8155,12.9910,8118,37,183670
5776000,8192,225,187,38,11829247775,225,11829255967,0,8160,12.9922,8128,2,0x872437a295,0,3,0,32,183702,8160,12.9922,8128,32,183702
5777000,8192,225,187,38,11831295775,225,11831303967,0,8169,12.9944,8146,2,0x0abe7bfef1,1,2,0,23,183725,8169,12.9944,8146,23,183725
5778000,8192,225,187,38,11833343775,225,11833351967,0,8161,12.9924,8130,2,0x53e383ed4b,1,1,0,31,183756,8161,12.9924,8130,31,183756
5779000,8192,225,187,38,11835391775,225,11835399967,0,8165,12.9934,8138,2,0x15f0695b69,0,3,0,27,183783,8165,12.9934,8138,27,183783
5780000,8192,225,187,38,11837439775,225,11837447967,0,8161,12.9924,8130,2,0xd8dec3ab9b,0,1,0,31,183814,8161,12.9924,8130,31,183814
5781000,8192,225,187,38,11839487775,225,11839495967,0,8163,12.9929,8134,2,0x2a5ff6d8ea,1,3,0,29,183843,8163,12.9929,8134,29,183843
5782000,8192,225,187,38,11841535775,225,11841543967,0,8157,12.9915,8122,2,0x87fd7c74f1,0,2,0,35,183878,8157,12.9915,8122,35,183878
5783000,8192,225,187,38,11843583775,225,11843591967,0,8164,12.9932,8136,2,0x9d8eee939c,0,3,0,28,183906,8164,12.9932,8136,28,183906
5784000,8192,225,187,38,11845631775,225,11845639967,0,8156,12.9912,8120,2,0xcdb5c41a68,0,3,0,36,183942,8156,12.9912,8120,36,183942
5785000,8192,225,187,38,11847679775,225,11847687967,0,8152,12.9902,8112,2,0x8d3daee7b5,0,3,0,40,183982,8152,12.9902,8112,40,183982
5786000,8192,225,187,38,11849727775,225,11849735967,0,8163,12.9929,8134,2,0x81ae262b50,1,3,0,29,184011,8163,12.9929,8134,29,184011
5787000,8192,225,187,38,11851775775,225,11851783967,0,8160,12.9922,8128,2,0xcc735a58e9,0,1,0,32,184043,8160,12.9922,8128,32,184043
5788000,8192,225,187,38,11853823775,225,11853831967,0,8158,12.9917,8124,2,0x1ada8dd49d,1,2,0,34,184077,8158,12.9917,8124,34,184077
5789000,8192,225,187,38,11855871775,225,11855879967,0,8155,12.9910,8118,2,0x8ab3034262,0,3,0,37,184114,8155,12.9910,8118,37,184114
5790000,8192,225,187,38,11857919775,225,11857927967,0,8154,12.9907,8116,2,0x0066318968,0,3,0,38,184152,8154,12.9907,8116,38,184152
5791000,8192,225,187,38,11859967775,225,11859975967,0,8154,12.9907,8116,2,0xffc2d48911,0,2,0,38,184190,8154,12.9907,8116,38,184190
5792000,8192,225,187,38,11862015775,225,11862023967,0,8165,12.9934,8138,2,0x1363aec4d4,0,3,0,27,184217,8165,12.9934,8138,27,184217
5793000,8192,225,187,38,11864063775,225,11864071967,0,8157,12.9915,8122,2,0x77e8d00004,0,2,0,35,184252,8157,12.9915,8122,35,184252
5794000,8192,225,187,38,11866111775,225,11866119967,0,8170,12.9946,8148,2,0xa7376b9a46,0,3,0,22,184274,8170,12.9946,8148,22,184274
5795000,8192,225,187,38,11868159775,225,11868167967,0,8162,12.9927,8132,2,0x7094068757,1,3,0,30,184304,8162,12.9927,8132,30,184304
5796000,8192,225,187,38,11870207775,225,11870215967,0,8161,12.9924,8130,2,0xb8b97101eb,0,3,0,31,184335,8161,12.9924,8130,31,184335
5797000,8192,225,187,38,11872255775,225,11872263967,0,8161,12.9924,8130,2,0xf451b0eae5,0,2,0,31,184366,8161,12.9924,8130,31,184366
5798000,8192,225,187,38,11874303775,225,11874311967,0,8153,12.9905,8114,2,0x30452062eb,0,3,0,39,184405,8153,12.9905,8114,39,184405
5799000,8192,225,187,38,11876351775,225,11876359967,0,8161,12.9924,8130,2,0xe522b79fd1,1,3,0,31,184436,8161,12.9924,8130,31,184436
5800000,8192,225,187,38,11878399775,225,11878407967,0,8163,12.9929,8134,2,0xf9db11ded5,0,3,0,29,184465,8163,12.9929,8134,29,184465
5801000,8192,225,187,38,11880447775,225,11880455967,0,8143,12.9880,8094,2,0x20720e13d3,1,3,0,49,184514,8143,12.9880,8094,49,184514
5802000,8192,225,187,38,11882495775,225,11882503967,0,8164,12.9932,8136,2,0xd5e1df6e2a,0,3,0,28,184542,8164,12.9932,8136,28,184542
5803000,8192,225,187,38,11884543775,225,11884551967,0,8149,12.9895,8106,2,0xdd8dfa175c,0,2,0,43,184585,8149,12.9895,8106,43,184585
5804000,8192,225,187,38,11886591775,225,11886599967,0,8153,12.9905,8114,2,0xbcddb01af2,0,2,0,39,184624,8153,12.9905,8114,39,184624
5805000,8192,225,187,38,11888639775,225,11888647967,0,8160,12.9922,8128,2,0xe89ee55e1d,0,3,0,32,184656,8160,12.9922,8128,32,184656
5806000,8192,225,187,38,11890687775,225,11890695967,0,8162,12.9927,8132,2,0x98d464dae4,0,2,0,30,184686,8162,12.9927,8132,30,184686
5807000,8192,225,187,38,11892735775,225,11892743967,0,8155,12.9910,8118,2,0x872088fcf1,0,3,0,37,184723,8155,12.9910,8118,37,184723
5808000,8192,225,187,38,11894783775,225,11894791967,0,8160,12.9922,8128,2,0x520e4829fe,0,3,0,32,184755,8160,12.9922,8128,32,184755
5809000,8192,225,187,38,11896831775,225,11896839967,0,8154,12.9907,8116,2,0x9419611465,0,3,0,38,184793,8154,12.9907,8116,38,184793
5810000,8192,225,187,38,11898879775,225,11898887967,0,8162,12.9927,8132,2,0x7688459215,1,3,0,30,184823,8162,12.9927,8132,30,184823
5811000,8192,225,187,38,11900927775,225,11900935967,0,8153,12.9905,8114,2,0xa0704d90c0,1,3,0,39,184862,8153,12.9905,8114,39,184862
5812000,8192,225,187,38,11902975775,225,11902983967,0,8145,12.9885,8098,2,0x77190de7cc,1,2,0,47,184909,8145,12.9885,8098,47,184909
5813000,8192,225,187,38,11905023775,225,11905031967,0,8158,12.9914,8127,3,0xd94ce75357,1,3,0,31,184940,8158,12.9914,8127,31,184940
5814000,8192,225,187,38,11907071775,225,11907079967,0,8149,12.9895,8106,2,0xa97d85d397,0,3,0,43,184983,8149,12.9895,8106,43,184983
5815000,8192,225,187,38,11909119775,225,11909127967,0,8159,12.9919,8126,2,0xd4455b7ca1,0,3,0,33,185016,8159,12.9919,8126,33,185016
5816000,8192,225,187,38,11911167775,225,11911175967,0,8162,12.9927,8132,2,0x4488f4d97b,0,3,0,30,185046,8162,12.9927,8132,30,185046
5817000,8192,225,187,38,11913215775,225,11913223967,0,8161,12.9924,8130,2,0x75f185da24,1,2,0,31,185077,8161,12.9924,8130,31,185077
5818000,8192,225,187,38,11915263775,225,11915271967,0,8154,12.9906,8117,3,0x70d4a72c24,0,3,0,37,185114,8154,12.9906,8117,37,185114
5819000,8192,225,187,38,11917311775,225,11917319967,0,8153,12.9905,8114,2,0x6673f014ec,0,3,0,39,185153,8153,12.9905,8114,39,185153
5820000,8192,225,187,38,11919359775,225,11919367967,0,8151,12.9900,8110,2,0x34e8f597ad,1,3,0,41,185194,8151,12.9900,8110,41,185194
5821000,8192,225,187,38,11921407775,225,11921415967,0,8159,12.9919,8126,2,0xed07a40ef6,0,3,0,33,185227,8159,12.9919,8126,33,185227
5822000,8192,225,187,38,11923455775,225,11923463967,0,8166,12.9937,8140,2,0x02095076f9,1,3,0,26,185253,8166,12.9937,8140,26,185253
5823000,8192,225,187,38,11925503775,225,11925511967,0,8158,12.9916,8125,3,0x82466fb023,0,3,0,33,185286,8158,12.9916,8125,33,185286
5824000,8192,225,187,38,11927551775,225,11927559967,0,8161,12.9924,8130,2,0x87114cd173,0,3,0,31,185317,8161,12.9924,8130,31,185317
5825000,8192,225,187,38,11929599775,225,11929607967,0,8150,12.9897,8108,2,0xff6f04e4cc,0,3,0,42,185359,8150,12.9897,8108,42,185359
5826000,8192,225,187,38,11931647775,225,11931655967,0,8164,12.9932,8136,2,0xc8fe82c61f,0,2,0,28,185387,8164,12.9932,8136,28,185387
5827000,8192,225,187,38,11933695775,225,11933703967,0,8168,12.9941,8144,2,0xc876f92da8,1,3,0,24,185411,8168,12.9941,8144,24,185411
5828000,8192,225,187,38,11935743775,225,11935751967,0,8155,12.9910,8118,2,0xe7cd006aa7,1,3,0,37,185448,8155,12.9910,8118,37,185448
5829000,8192,225,187,38,11937791775,225,11937799967,0,8156,12.9911,8121,3,0x649812153d,0,2,0,35,185483,8156,12.9911,8121,35,185483
5830000,8192,225,187,38,11939839775,225,11939847967,0,8157,12.9915,8122,2,0xbfe73f6a51,0,2,0,35,185518,8157,12.9915,8122,35,185518
5831000,8192,225,187,38,11941887775,225,11941895967,0,8160,12.9922,8128,2,0x52cbac7fbf,0,2,0,32,185550,8160,12.9922,8128,32,185550
5832000,8192,225,187,38,11943935775,225,11943943967,0,8155,12.9910,8118,2,0x291089fe8f,0,3,0,37,185587,8155,12.9910,8118,37,185587
5833000,8192,225,187,38,11945983775,225,11945991967,0,8149,12.9894,8107,3,0x22ae75ecbb,0,3,0,42,185629,8149,12.9894,8107,42,185629
5834000,8192,225,187,38,11948031775,225,11948039967,0,8161,12.9923,8131,3,0x7352d908e5,0,3,0,30,185659,8161,12.9923,8131,30,185659
5835000,8192,225,187,38,11950079775,225,11950087967,0,8170,12.9946,8148,2,0x4f830b20a4,0,1,0,22,185681,8170,12.9946,8148,22,185681
5836000,8192,225,187,38,11952127775,225,11952135967,0,8157,12.9915,8122,2,0x9ed891367b,0,3,0,35,185716,8157,12.9915,8122,35,185716
5837000,8192,225,187,38,11954175775,225,11954183967,0,8156,12.9912,8120,2,0x7cb1a1d56c,1,3,0,36,185752,8156,12.9912,8120,36,185752
5838000,8192,225,187,38,11956223775,225,11956231967,0,8156,12.9912,8120,2,0x6f5cdaf6e5,0,2,0,36,185788,8156,12.9912,8120,36,185788
5839000,8192,225,187,38,11958271775,225,11958279967,0,8158,12.9917,8124,2,0x9545781270,0,3,0,34,185822,8158,12.9917,8124,34,185822
5840000,8192,225,187,38,11960319775,225,11960327967,0,8162,12.9927,8132,2,0xeec306955e,1,3,0,30,185852,8162,12.9927,8132,30,185852
5841000,8192,225,187,38,11962367775,225,11962375967,0,8166,12.9937,8140,2,0x0f479d6578,0,3,0,26,185878,8166,12.9937,8140,26,185878
5842000,8192,225,187,38,11964415775,225,11964423967,0,8162,12.9927,8132,2,0xf39754a7ff,1,3,0,30,185908,8162,12.9927,8132,30,185908
5843000,8192,226,188,38,11966463774,226,11966471966,0,8162,12.9927,8132,2,0x6c4b901a90,0,3,0,30,185938,8162,12.9927,8132,30,185938
5844000,8192,226,188,38,11968511774,226,11968519966,0,8160,12.9922,8128,2,0xade2e812f9,0,2,0,32,185970,8160,12.9922,8128,32,185970
5845000,8192,226,188,38,11970559774,226,11970567966,0,8156,12.9912,8120,2,0xac0c29556c,1,2,0,36,186006,8156,12.9912,8120,36,186006
5846000,8192,226,188,38,11972607774,226,11972615966,0,8152,12.9902,8112,2,0xc491acc4b5,2,2,0,40,186046,8152,12.9902,8112,40,186046
5847000,8192,226,188,38,11974655774,226,11974663966,0,8158,12.9917,8124,2,0x702e661169,0,3,0,34,186080,8158,12.9917,8124,34,186080
5848000,8192,226,188,38,11976703774,226,11976711966,0,8163,12.9929,8134,2,0x5ba7d7b2b0,0,3,0,29,186109,8163,12.9929,8134,29,186109
5849000,8192,226,188,38,11978751774,226,11978759966,0,8167,12.9939,8142,2,0xd8a950a6fd,0,3,0,25,186134,8167,12.9939,8142,25,186134
5850000,8192,226,188,38,11980799774,226,11980807966,0,8161,12.9924,8130,2,0x8bad1012dc,1,3,0,31,186165,8161,12.9924,8130,31,186165
5851000,8192,226,188,38,11982847774,226,11982855966,0,8162,12.9927,8132,2,0x847dbe5127,0,3,0,30,186195,8162,12.9927,8132,30,186195
5852000,8192,226,188,38,11984895774,226,11984903966,0,8153,12.9905,8114,2,0xb06b798020,0,2,0,39,186234,8153,12.9905,8114,39,186234
5853000,8192,230,192,38,11986943770,230,11986951962,0,8164,12.9932,8136,2,0x4d8a950fe2,2,3,0,28,186262,8164,12.9932,8136,28,186262
5854000,8192,230,192,38,11988991770,230,11988999962,0,8166,12.9937,8140,2,0x104a9d51c0,1,2,0,26,186288,8166,12.9937,8140,26,186288
5855000,8192,230,192,38,11991039770,230,11991047962,0,8152,12.9902,8112,2,0x8d760762d6,1,3,0,40,186328,8152,12.9902,8112,40,186328
5856000,8192,230,192,38,11993087770,230,11993095962,0,8165,12.9934,8138,2,0x1c09dc21ae,1,3,0,27,186355,8165,12.9934,8138,27,186355
5857000,8192,230,192,38,11995135770,230,11995143962,0,8154,12.9907,8116,2,0x6d84552453,0,2,0,38,186393,8154,12.9907,8116,38,186393
5858000,8192,230,192,38,11997183770,230,11997191962,0,8164,12.9932,8136,2,0x49e112718d,1,3,0,28,186421,8164,12.9932,8136,28,186421
5859000,8192,230,192,38,11999231770,230,11999239962,0,8164,12.9932,8136,2,0xe647635468,0,3,0,28,186449,8164,12.9932,8136,28,186449
5860000,8192,230,192,38,12001279770,230,12001287962,0,8160,12.9922,8128,2,0xccd415984d,0,3,0,32,186481,8160,12.9922,8128,32,186481
5861000,8192,230,192,38,12003327770,230,12003335962,0,8152,12.9902,8112,2,0xea658304ee,1,3,0,40,186521,8152,12.9902,8112,40,186521
5862000,8192,230,192,38,12005375770,230,12005383962,0,8156,12.9912,8120,2,0x5bf95c465e,0,3,0,36,186557,8156,12.9912,8120,36,186557
5863000,8192,230,192,38,12007423770,230,12007431962,0,8154,12.9907,8116,2,0xa23f7b9296,0,2,0,38,186595,8154,12.9907,8116,38,186595
5864000,8192,230,192,38,12009471770,230,12009479962,0,8163,12.9929,8134,2,0xd093dc14da,1,3,0,29,186624,8163,12.9929,8134,29,186624
5865000,8192,230,192,38,12011519770,230,12011527962,0,8163,12.9929,8134,2,0x8b259f9e9d,0,3,0,29,186653,8163,12.9929,8134,29,186653
5866000,8192,230,192,38,12013567770,230,12013575962,0,8154,12.9907,8116,2,0x0c6b97ff14,0,3,0,38,186691,8154,12.9907,8116,38,186691
5867000,8192,230,192,38,12015615770,230,12015623962,0,8159,12.9919,8126,2,0x53620384da,1,3,0,33,186724,8159,12.9919,8126,33,186724
5868000,8192,230,192,38,12017663770,230,12017671962,0,8166,12.9937,8140,2,0x0cecf8c6db,0,3,0,26,186750,8166,12.9937,8140,26,186750
5869000,8192,230,192,38,12019711770,230,12019719962,0,8157,12.9915,8122,2,0xc7217bd15c,0,3,0,35,186785,8157,12.9915,8122,35,186785
5870000,8192,230,192,38,12021759770,230,12021767962,0,8150,12.9897,8108,2,0x025cae111d,0,3,0,42,186827,8150,12.9897,8108,42,186827
5871000,8192,230,192,38,12023807770,230,12023815962,0,8160,12.9922,8128,2,0x345452bcd2,1,3,0,32,186859,8160,12.9922,8128,32,186859
5872000,8192,230,192,38,12025855770,230,12025863962,0,8162,12.9927,8132,2,0x02407b2416,1,3,0,30,186889,8162,12.9927,8132,30,186889
5873000,8192,231,193,38,12027903769,231,12027911961,0,8154,12.9907,8116,2,0xfbbdf5bb1c,1,3,0,38,186927,8154,12.9907,8116,38,186927
5874000,8192,231,193,38,12029951769,231,12029959961,0,8165,12.9934,8138,2,0x741b864e09,0,2,0,27,186954,8165,12.9934,8138,27,186954
5875000,8192,231,193,38,12031999769,231,12032007961,0,8163,12.9929,8134,2,0xdaf912650e,0,3,0,29,186983,8163,12.9929,8134,29,186983
5876000,8192,232,194,38,12034047768,232,12034055960,0,8157,12.9915,8122,2,0xd31ab8dd2f,1,3,0,35,187018,8157,12.9915,8122,35,187018
5877000,8192,232,194,38,12036095768,232,12036103960,0,8164,12.9932,8136,2,0x6c67f9f3dd,0,2,0,28,187046,8164,12.9932,8136,28,187046
5878000,8192,232,194,38,12038143768,232,12038151960,0,8169,12.9944,8146,2,0x9d43156a70,1,2,0,23,187069,8169,12.9944,8146,23,187069
5879000,8192,232,194,38,12040191768,232,12040199960,0,8153,12.9905,8114,2,0xe50028e82e,0,3,0,39,187108,8153,12.9905,8114,39,187108
5880000,8192,232,194,38,12042239768,232,12042247960,0,8168,12.9941,8144,2,0x1b69b1c431,0,3,0,24,187132,8168,12.9941,8144,24,187132
5881000,8192,232,194,38,12044287768,232,12044295960,0,8165,12.9934,8138,2,0xa1abb9405d,0,3,0,27,187159,8165,12.9934,8138,27,187159
5882000,8192,232,194,38,12046335768,232,12046343960,0,8165,12.9934,8138,2,0x3d2b056fca,0,3,0,27,187186,8165,12.9934,8138,27,187186
5883000,8192,232,194,38,12048383768,232,12048391960,0,8156,12.9912,8120,2,0xda08cccb1f,1,2,0,36,187222,8156,12.9912,8120,36,187222
5884000,8192,232,194,38,12050431768,232,12050439960,0,8152,12.9902,8112,2,0xcee669e83c,1,2,0,40,187262,8152,12.9902,8112,40,187262
5885000,8192,232,194,38,12052479768,232,12052487960,0,8156,12.9912,8120,2,0x93d6f9f1b4,0,2,0,36,187298,8156,12.9912,8120,36,187298
5886000,8192,232,194,38,12054527768,232,12054535960,0,8168,12.9941,8144,2,0x1154b7813c,0,2,0,24,187322,8168,12.9941,8144,24,187322
5887000,8192,232,194,38,12056575768,232,12056583960,0,8162,12.9927,8132,2,0xfde0a35ef2,0,3,0,30,187352,8162,12.9927,8132,30,187352
5888000,8192,232,194,38,12058623768,232,12058631960,0,8160,12.9922,8128,2,0x8a3983569e,0,3,0,32,187384,8160,12.9922,8128,32,187384
5889000,8192,232,194,38,12060671768,232,12060679960,0,8154,12.9907,8116,2,0x80ebdff3d7,1,2,0,38,187422,8154,12.9907,8116,38,187422
5890000,8192,232,194,38,12062719768,232,12062727960,0,8168,12.9941,8144,2,0x86ac7de5f7,0,3,0,24,187446,8168,12.9941,8144,24,187446
5891000,8192,232,194,38,12064767768,232,12064775960,0,8155,12.9910,8118,2,0x24111d5176,0,2,0,37,187483,8155,12.9910,8118,37,187483
5892000,8192,232,194,38,12066815768,232,12066823960,0,8154,12.9907,8116,2,0x67e37ce343,0,2,0,38,187521,8154,12.9907,8116,38,187521
5893000,8192,232,194,38,12068863768,232,12068871960,0,8165,12.9934,8138,2,0xf395c32042,0,3,0,27,187548,8165,12.9934,8138,27,187548
5894000,8192,232,194,38,12070911768,232,12070919960,0,8154,12.9907,8116,2,0x71f9020679,0,3,0,38,187586,8154,12.9907,8116,38,187586
5895000,8192,232,194,38,12072959768,232,12072967960,0,8169,12.9944,8146,2,0x416e089219,0,2,0,23,187609,8169,12.9944,8146,23,187609
5896000,8192,232,194,38,12075007768,232,12075015960,0,8171,12.9949,8150,2,0x967b0747cf,1,2,0,21,187630,8171,12.9949,8150,21,187630
5897000,8192,232,194,38,12077055768,232,12077063960,0,8154,12.9907,8116,2,0xc898086d3a,0,3,0,38,187668,8154,12.9907,8116,38,187668
5898000,8192,232,194,38,12079103768,232,12079111960,0,8169,12.9944,8146,2,0x5faa0c0f72,0,3,0,23,187691,8169,12.9944,8146,23,187691
5899000,8192,232,194,38,12081151768,232,12081159960,0,8170,12.9946,8148,2,0xbdb84bc743,0,3,0,22,187713,8170,12.9946,8148,22,187713
5900000,8192,232,194,38,12083199768,232,12083207960,0,8151,12.9900,8110,2,0x5b0ba7e9db,0,3,0,41,187754,8151,12.9900,8110,41,187754
5901000,8192,233,194,39,12085247767,233,12085255959,0,8165,12.9934,8138,2,0x4e7777ff27,0,2,0,27,187781,8165,12.9934,8138,27,187781
5902000,8192,233,194,39,12087295767,233,12087303959,0,8162,12.9927,8132,2,0x49a2613c94,0,2,0,30,187811,8162,12.9927,8132,30,187811
5903000,8192,233,194,39,12089343767,233,12089351959,0,8158,12.9917,8124,2,0xe895c89e99,0,3,0,34,187845,8158,12.9917,8124,34,187845
5904000,8192,233,194,39,12091391767,233,12091399959,0,8166,12.9937,8140,2,0x42dd7c2dcf,0,2,0,26,187871,8166,12.9937,8140,26,187871
5905000,8192,233,194,39,12093439767,233,12093447959,0,8159,12.9919,8127,3,0xa6fe37d264,0,3,0,32,187903,8159,12.9919,8127,32,187903
5906000,8192,233,194,39,12095487767,233,12095495959,0,8165,12.9934,8138,2,0xf261246d7a,0,2,0,27,187930,8165,12.9934,8138,27,187930
5907000,8192,233,194,39,12097535767,233,12097543959,0,8151,12.9900,8110,2,0xa8cfd4c2f0,0,3,0,41,187971,8151,12.9900,8110,41,187971
5908000,8192,233,194,39,12099583767,233,12099591959,0,8159,12.9919,8126,2,0x36ebcfe06a,0,3,0,33,188004,8159,12.9919,8126,33,188004
5909000,8192,233,194,39,12101631767,233,12101639959,0,8162,12.9927,8132,2,0x2af97150b6,0,3,0,30,188034,8162,12.9927,8132,30,188034
5910000,8192,233,194,39,12103679767,233,12103687959,0,8145,12.9885,8098,2,0x683bd2cc73,0,3,0,47,188081,8145,12.9885,8098,47,188081
5911000,8192,233,194,39,12105727767,233,12105735959,0,8154,12.9907,8116,2,0x9e28ced876,0,2,0,38,188119,8154,12.9907,8116,38,188119
5912000,8192,233,194,39,12107775767,233,12107783959,0,8165,12.9934,8138,2,0x1f76214b94,0,3,0,27,188146,8165,12.9934,8138,27,188146
5913000,8192,233,194,39,12109823767,233,12109831959,0,8162,12.9927,8132,2,0x5b815e2b57,1,2,0,30,188176,8162,12.9927,8132,30,188176
5914000,8192,233,194,39,12111871767,233,12111879959,0,8160,12.9922,8128,2,0xf3f460a443,0,3,0,32,188208,8160,12.9922,8128,32,188208
5915000,8192,233,194,39,12113919767,233,12113927959,0,8162,12.9927,8132,2,0x2edac6546b,0,2,0,30,188238,8162,12.9927,8132,30,188238
5916000,8192,233,194,39,12115967767,233,12115975959,0,8159,12.9919,8126,2,0x7a4258e6be,2,3,0,33,188271,8159,12.9919,8126,33,188271
5917000,8192,233,194,39,12118015767,233,12118023959,0,8162,12.9927,8132,2,0xf75bdbbd1c,0,3,0,30,188301,8162,12.9927,8132,30,188301
5918000,8192,233,194,39,12120063767,233,12120071959,0,8161,12.9924,8130,2,0x297d81b6e3,2,3,0,31,188332,8161,12.9924,8130,31,188332
5919000,8192,233,194,39,12122111767,233,12122119959,0,8168,12.9941,8144,2,0x79810209d7,1,3,0,24,188356,8168,12.9941,8144,24,188356
5920000,8192,233,194,39,12124159767,233,12124167959,0,8166,12.9937,8140,2,0x3ee9cad48b,1,3,0,26,188382,8166,12.9937,8140,26,188382
5921000,8192,233,194,39,12126207767,233,12126215959,0,8162,12.9927,8132,2,0xdc69bd9a53,0,2,0,30,188412,8162,12.9927,8132,30,188412
5922000,8192,233,194,39,12128255767,233,12128263959,0,8159,12.9919,8126,2,0xd2667ca65b,0,3,0,33,188445,8159,12.9919,8126,33,188445
5923000,8192,233,194,39,12130303767,233,12130311959,0,8161,12.9924,8130,2,0x1545f5bfa9,0,3,0,31,188476,8161,12.9924,8130,31,188476
5924000,8192,233,194,39,12132351767,233,12132359959,0,8163,12.9929,8134,2,0x9e340a7b31,1,2,0,29,188505,8163,12.9929,8134,29,188505
5925000,8192,233,194,39,12134399767,233,12134407959,0,8151,12.9900,8110,2,0xd751cef281,0,2,0,41,188546,8151,12.9900,8110,41,188546
5926000,8192,233,194,39,12136447767,233,12136455959,0,8153,12.9905,8114,2,0x086aef204e,0,2,0,39,188585,8153,12.9905,8114,39,188585
5927000,8192,233,194,39,12138495767,233,12138503959,0,8154,12.9907,8116,2,0x7a3c61eb61,0,3,0,38,188623,8154,12.9907,8116,38,188623
5928000,8192,233,194,39,12140543767,233,12140551959,0,8168,12.9941,8144,2,0xde0bf1e2a5,0,3,0,24,188647,8168,12.9941,8144,24,188647
5929000,8192,233,194,39,12142591767,233,12142599959,0,8155,12.9910,8118,2,0xd9c70b642f,0,3,0,37,188684,8155,12.9910,8118,37,188684
5930000,8192,233,194,39,12144639767,233,12144647959,0,8153,12.9905,8114,2,0x406d3a5598,0,3,0,39,188723,8153,12.9905,8114,39,188723
5931000,8192,233,194,39,12146687767,233,12146695959,0,8167,12.9939,8142,2,0xa32ef1315b,0,3,0,25,188748,8167,12.9939,8142,25,188748
5932000,8192,233,194,39,12148735767,233,12148743959,0,8153,12.9905,8114,2,0x96ec42b21f,0,3,0,39,188787,8153,12.9905,8114,39,188787
5933000,8192,233,194,39,12150783767,233,12150791959,0,8151,12.9900,8110,2,0x404f6a5bd9,0,3,0,41,188828,8151,12.9900,8110,41,188828
5934000,8192,233,194,39,12152831767,233,12152839959,0,8167,12.9939,8142,2,0xad6ad212fd,1,3,0,25,188853,8167,12.9939,8142,25,188853
5935000,8192,233,194,39,12154879767,233,12154887959,0,8151,12.9900,8110,2,0x9be1a68d2b,1,3,0,41,188894,8151,12.9900,8110,41,188894
5936000,8192,233,194,39,12156927767,233,12156935959,0,8164,12.9932,8136,2,0x5068f43311,1,2,0,28,188922,8164,12.9932,8136,28,188922
5937000,8192,233,194,39,12158975767,233,12158983959,0,8159,12.9919,8126,2,0x7be3435418,1,3,0,33,188955,8159,12.9919,8126,33,188955
5938000,8192,233,194,39,12161023767,233,12161031959,0,8150,12.9897,8108,2,0xd1897dc581,0,3,0,42,188997,8150,12.9897,8108,42,188997
5939000,8192,233,194,39,12163071767,233,12163079959,0,8165,12.9934,8138,2,0x22385598ce,0,1,0,27,189024,8165,12.9934,8138,27,189024
5940000,8192,233,194,39,12165119767,233,12165127959,0,8160,12.9922,8128,2,0xbe9f2dc3d2,0,3,0,32,189056,8160,12.9922,8128,32,189056
5941000,8192,233,194,39,12167167767,233,12167175959,0,8156,12.9912,8120,2,0x8a2ec14508,0,3,0,36,189092,8156,12.9912,8120,36,189092
5942000,8192,233,194,39,12169215767,233,12169223959,0,8157,12.9915,8122,2,0x5beed39245,1,2,0,35,189127,8157,12.9915,8122,35,189127
5943000,8192,233,194,39,12171263767,233,12171271959,0,8173,12.9954,8154,2,0xfa7076d689,0,3,0,19,189146,8173,12.9954,8154,19,189146
5944000,8192,233,194,39,12173311767,233,12173319959,0,8162,12.9927,8132,2,0x8fbb5badc7,1,3,0,30,189176,8162,12.9927,8132,30,189176
5945000,8192,233,194,39,12175359767,233,12175367959,0,8167,12.9938,8143,3,0x52f29fa124,0,3,0,24,189200,8167,12.9938,8143,24,189200
5946000,8192,233,194,39,12177407767,233,12177415959,0,8157,12.9915,8122,2,0x3842044d43,0,3,0,35,189235,8157,12.9915,8122,35,189235
5947000,8192,233,194,39,12179455767,233,12179463959,0,8161,12.9923,8131,3,0x430d86a37d,2,3,0,30,189265,8161,12.9923,8131,30,189265
5948000,8192,233,194,39,12181503767,233,12181511959,0,8152,12.9902,8112,2,0xce9e4e5bf0,1,3,0,40,189305,8152,12.9902,8112,40,189305
5949000,8192,233,194,39,12183551767,233,12183559959,0,8152,12.9902,8112,2,0x03ebf94a08,0,3,0,40,189345,8152,12.9902,8112,40,189345
5950000,8192,233,194,39,12185599767,233,12185607959,0,8158,12.9916,8125,3,0x7d0ecce04d,0,3,0,33,189378,8158,12.9916,8125,33,189378
5951000,8192,233,194,39,12187647767,233,12187655959,0,8163,12.9929,8134,2,0xf9c79fb626,0,2,0,29,189407,8163,12.9929,8134,29,189407
5952000,8192,233,194,39,12189695767,233,12189703959,0,8164,12.9932,8136,2,0xd38ddc99e3,0,3,0,28,189435,8164,12.9932,8136,28,189435
5953000,8192,233,194,39,12191743767,233,12191751959,0,8151,12.9900,8110,2,0x3663bbe29c,0,3,0,41,189476,8151,12.9900,8110,41,189476
5954000,8192,233,194,39,12193791767,233,12193799959,0,8149,12.9893,8108,3,0xc2a499c734,1,3,0,41,189517,8149,12.9893,8108,41,189517
5955000,8192,233,194,39,12195839767,233,12195847959,0,8159,12.9919,8126,2,0xe5b7408193,0,3,0,33,189550,8159,12.9919,8126,33,189550
5956000,8192,233,194,39,12197887767,233,12197895959,0,8157,12.9915,8122,2,0xbca8673e95,0,2,0,35,189585,8157,12.9915,8122,35,189585
5957000,8192,233,194,39,12199935767,233,12199943959,0,8162,12.9927,8132,2,0xcebe0ecfd1,0,3,0,30,189615,8162,12.9927,8132,30,189615
5958000,8192,233,194,39,12201983767,233,12201991959,0,8160,12.9922,8128,2,0x0249fe4d82,0,3,0,32,189647,8160,12.9922,8128,32,189647
5959000,8192,233,194,39,12204031767,233,12204039959,0,8152,12.9902,8112,2,0x83f242225f,0,3,0,40,189687,8152,12.9902,8112,40,189687
5960000,8192,233,194,39,12206079767,233,12206087959,0,8165,12.9934,8138,2,0x77655b0cd0,1,2,0,27,189714,8165,12.9934,8138,27,189714
5961000,8192,233,194,39,12208127767,233,12208135959,0,8171,12.9949,8150,2,0x4a338b3df3,0,3,0,21,189735,8171,12.9949,8150,21,189735
5962000,8192,233,194,39,12210175767,233,12210183959,0,8167,12.9939,8142,2,0xcc2445e7dc,0,2,0,25,189760,8167,12.9939,8142,25,189760
5963000,8192,233,194,39,12212223767,233,12212231959,0,8160,12.9922,8128,2,0xddb0d741cd,0,2,0,32,189792,8160,12.9922,8128,32,189792
5964000,8192,233,194,39,12214271767,233,12214279959,0,8160,12.9922,8128,2,0xd89db025a4,1,3,0,32,189824,8160,12.9922,8128,32,189824
5965000,8192,233,194,39,12216319767,233,12216327959,0,8159,12.9919,8126,2,0x177e1f08b8,1,3,0,33,189857,8159,12.9919,8126,33,189857
5966000,8192,233,194,39,12218367767,233,12218375959,0,8154,12.9907,8116,2,0x4af0829966,1,2,0,38,189895,8154,12.9907,8116,38,189895
5967000,8192,233,194,39,12220415767,233,12220423959,0,8162,12.9927,8132,2,0x9e89f6e477,2,2,0,30,189925,8162,12.9927,8132,30,189925
5968000,8192,233,194,39,12222463767,233,12222471959,0,8164,12.9932,8136,2,0xa0d89d25a9,0,3,0,28,189953,8164,12.9932,8136,28,189953
5969000,8192,233,194,39,12224511767,233,12224519959,0,8163,12.9929,8134,2,0xecaae01244,0,3,0,29,189982,8163,12.9929,8134,29,189982
5970000,8192,233,194,39,12226559767,233,12226567959,0,8157,12.9915,8122,2,0x6aa0782edb,0,3,0,35,190017,8157,12.9915,8122,35,190017
5971000,8192,233,194,39,12228607767,233,12228615959,0,8155,12.9910,8118,2,0x7945f83c6d,0,3,0,37,190054,8155,12.9910,8118,37,190054
5972000,8192,233,194,39,12230655767,233,12230663959,0,8160,12.9922,8128,2,0x22e6ef9934,0,2,0,32,190086,8160,12.9922,8128,32,190086
5973000,8192,233,194,39,12232703767,233,12232711959,0,8162,12.9927,8132,2,0x887c75c6a0,0,3,0,30,190116,8162,12.9927,8132,30,190116
5974000,8192,233,194,39,12234751767,233,12234759959,0,8168,12.9941,8144,2,0xe32700eee3,1,2,0,24,190140,8168,12.9941,8144,24,190140
5975000,8192,233,194,39,12236799767,233,12236807959,0,8150,12.9897,8108,2,0x0c0b8d992c,0,3,0,42,190182,8150,12.9897,8108,42,190182
5976000,8192,233,194,39,12238847767,233,12238855959,0,8171,12.9949,8150,2,0x13b392b66a,1,2,0,21,190203,8171,12.9949,8150,21,190203
5977000,8192,233,194,39,12240895767,233,12240903959,0,8163,12.9929,8134,2,0x34cfee3b2f,1,3,0,29,190232,8163,12.9929,8134,29,190232
5978000,8192,233,194,39,12242943767,233,12242951959,0,8155,12.9910,8118,2,0xf1901ee4bf,2,3,0,37,190269,8155,12.9910,8118,37,190269
5979000,8192,233,194,39,12244991767,233,12244999959,0,8160,12.9921,8129,3,0x08f18b83cb,0,3,0,31,190300,8160,12.9921,8129,31,190300
5980000,8192,233,194,39,12247039767,233,12247047959,0,8155,12.9910,8118,2,0x130ecb47aa,0,3,0,37,190337,8155,12.9910,8118,37,190337
5981000,8192,233,194,39,12249087767,233,12249095959,0,8166,12.9937,8140,2,0xd1b5047ab6,0,3,0,26,190363,8166,12.9937,8140,26,190363
5982000,8192,233,194,39,12251135767,233,12251143959,0,8158,12.9917,8124,2,0x13726f966c,0,3,0,34,190397,8158,12.9917,8124,34,190397
5983000,8192,233,194,39,12253183767,233,12253191959,0,8152,12.9902,8112,2,0x78e1939179,0,2,0,40,190437,8152,12.9902,8112,40,190437
5984000,8192,233,194,39,12255231767,233,12255239959,0,8160,12.9921,8129,3,0x887903c29f,0,1,0,31,190468,8160,12.9921,8129,31,190468
5985000,8192,233,194,39,12257279767,233,12257287959,0,8165,12.9934,8138,2,0xe2537493bf,0,3,0,27,190495,8165,12.9934,8138,27,190495
5986000,8192,233,194,39,12259327767,233,12259335959,0,8158,12.9917,8124,2,0x49106969e1,0,3,0,34,190529,8158,12.9917,8124,34,190529
5987000,8192,233,194,39,12261375767,233,12261383959,0,8154,12.9907,8116,2,0xe5889a42a6,0,1,0,38,190567,8154,12.9907,8116,38,190567
5988000,8192,233,194,39,12263423767,233,12263431959,0,8158,12.9917,8124,2,0x973a90ad97,0,1,0,34,190601,8158,12.9917,8124,34,190601
5989000,8192,233,194,39,12265471767,233,12265479959,0,8170,12.9946,8148,2,0x36a6615952,1,3,0,22,190623,8170,12.9946,8148,22,190623
5990000,8192,233,194,39,12267519767,233,12267527959,0,8152,12.9902,8112,2,0xe14295d912,1,3,0,40,190663,8152,12.9902,8112,40,190663
5991000,8192,233,194,39,12269567767,233,12269575959,0,8169,12.9944,8146,2,0x9573c9afc5,0,2,0,23,190686,8169,12.9944,8146,23,190686
5992000,8192,233,194,39,12271615767,233,12271623959,0,8164,12.9932,8136,2,0xa4cef98ead,1,3,0,28,190714,8164,12.9932,8136,28,190714
5993000,8192,233,194,39,12273663767,233,12273671959,0,8169,12.9944,8146,2,0x9c21d99de5,0,3,0,23,190737,8169,12.9944,8146,23,190737
5994000,8192,233,194,39,12275711767,233,12275719959,0,8163,12.9929,8134,2,0x9bc743de67,0,3,0,29,190766,8163,12.9929,8134,29,190766
5995000,8192,233,194,39,12277759767,233,12277767959,0,8153,12.9905,8114,2,0xe4399067f2,2,3,0,39,190805,8153,12.9905,8114,39,190805
5996000,8192,233,194,39,12279807767,233,12279815959,0,8151,12.9899,8111,3,0x0b26882632,0,3,0,40,190845,8151,12.9899,8111,40,190845
5997000,8192,233,194,39,12281855767,233,12281863959,0,8164,12.9932,8136,2,0xbd40e82f31,1,3,0,28,190873,8164,12.9932,8136,28,190873
5998000,8192,233,194,39,12283903767,233,12283911959,0,8150,12.9897,8108,2,0x1b91951d46,1,3,0,42,190915,8150,12.9897,8108,42,190915
5999000,8192,233,194,39,12285951767,233,12285959959,0,8162,12.9927,8132,2,0xf667d82bee,1,2,0,30,190945,8162,12.9927,8132,30,190945
6000000,8192,233,194,39,12287999767,233,12288007959,0,8157,12.9915,8122,2,0x97246b1cd4,1,3,0,35,190980,8157,12.9915,8122,35,190980
