tick       0 alive   838572 genomes  838503 energy    64.0 births 0 deaths 0 (0.2s) NVIDIA GeForce RTX 4090
tick    1000 alive  3258501 genomes 1397379 energy   112.3 births 35284017 deaths 32864088 (11.6s) NVIDIA GeForce RTX 4090
tick    2000 alive  9209587 genomes 3604289 energy   118.4 births 161592988 deaths 155641902 (40.8s) NVIDIA GeForce RTX 4090
tick    3000 alive 11300040 genomes 3796670 energy   140.0 births 234847022 deaths 232756569 (82.2s) NVIDIA GeForce RTX 4090
tick    4000 alive 11928491 genomes 3295697 energy   159.4 births 209419951 deaths 208791500 (123.2s) NVIDIA GeForce RTX 4090
tick    5000 alive 12783477 genomes 3090026 energy   169.3 births 191671113 deaths 190816127 (163.0s) NVIDIA GeForce RTX 4090
tick    6000 alive 13270324 genomes 2963261 energy   175.2 births 184845709 deaths 184358862 (202.8s) NVIDIA GeForce RTX 4090
tick    7000 alive 13292285 genomes 2845423 energy   178.7 births 176528719 deaths 176506758 (242.2s) NVIDIA GeForce RTX 4090
tick    8000 alive 13059267 genomes 2737553 energy   180.4 births 168095903 deaths 168328921 (281.4s) NVIDIA GeForce RTX 4090
tick    9000 alive 12799265 genomes 2641034 energy   180.7 births 161518815 deaths 161778817 (320.2s) NVIDIA GeForce RTX 4090
tick   10000 alive 12661435 genomes 2555008 energy   180.1 births 158483525 deaths 158621355 (358.9s) NVIDIA GeForce RTX 4090
tick   11000 alive 12681936 genomes 2474971 energy   179.3 births 158245563 deaths 158225062 (397.6s) NVIDIA GeForce RTX 4090
tick   12000 alive 12791317 genomes 2399392 energy   178.7 births 159659395 deaths 159550014 (436.6s) NVIDIA GeForce RTX 4090
tick   13000 alive 12877347 genomes 2313512 energy   178.5 births 160914886 deaths 160828856 (475.7s) NVIDIA GeForce RTX 4090
tick   14000 alive 12995196 genomes 2233457 energy   178.5 births 161798846 deaths 161680997 (515.0s) NVIDIA GeForce RTX 4090
tick   15000 alive 13100202 genomes 2165500 energy   178.5 births 162847850 deaths 162742844 (554.2s) NVIDIA GeForce RTX 4090
tick   16000 alive 13174737 genomes 2102003 energy   178.5 births 163612134 deaths 163537599 (593.5s) NVIDIA GeForce RTX 4090
tick   17000 alive 13234979 genomes 2048323 energy   178.4 births 164346826 deaths 164286584 (632.7s) NVIDIA GeForce RTX 4090
tick   18000 alive 13288060 genomes 1998167 energy   178.5 births 164930736 deaths 164877655 (672.0s) NVIDIA GeForce RTX 4090
tick   19000 alive 13348880 genomes 1949109 energy   178.6 births 165457561 deaths 165396741 (711.1s) NVIDIA GeForce RTX 4090
tick   20000 alive 13402324 genomes 1907200 energy   178.6 births 165979811 deaths 165926367 (750.4s) NVIDIA GeForce RTX 4090
tick   21000 alive 13431979 genomes 1874765 energy   178.6 births 166738901 deaths 166709246 (789.5s) NVIDIA GeForce RTX 4090
tick   22000 alive 13475784 genomes 1837666 energy   178.5 births 167158467 deaths 167114662 (828.6s) NVIDIA GeForce RTX 4090
tick   23000 alive 13519741 genomes 1805686 energy   178.5 births 168023090 deaths 167979133 (867.5s) NVIDIA GeForce RTX 4090
tick   24000 alive 13552387 genomes 1772308 energy   178.5 births 168411394 deaths 168378748 (906.5s) NVIDIA GeForce RTX 4090
tick   25000 alive 13602489 genomes 1748638 energy   178.6 births 168900506 deaths 168850404 (945.4s) NVIDIA GeForce RTX 4090
tick   26000 alive 13651426 genomes 1725740 energy   178.6 births 169467005 deaths 169418068 (984.3s) NVIDIA GeForce RTX 4090
tick   27000 alive 13666347 genomes 1702992 energy   178.8 births 169523497 deaths 169508576 (1023.1s) NVIDIA GeForce RTX 4090
tick   28000 alive 13676341 genomes 1687315 energy   178.8 births 169632701 deaths 169622707 (1062.0s) NVIDIA GeForce RTX 4090
tick   29000 alive 13690741 genomes 1670327 energy   178.9 births 169563965 deaths 169549565 (1100.8s) NVIDIA GeForce RTX 4090
tick   30000 alive 13715021 genomes 1657404 energy   178.7 births 169897557 deaths 169873277 (1139.6s) NVIDIA GeForce RTX 4090
tick   31000 alive 13738607 genomes 1641277 energy   178.9 births 170100925 deaths 170077339 (1178.4s) NVIDIA GeForce RTX 4090
tick   32000 alive 13755659 genomes 1623620 energy   179.0 births 170058821 deaths 170041769 (1217.2s) NVIDIA GeForce RTX 4090
tick   33000 alive 13765097 genomes 1608210 energy   179.1 births 169964646 deaths 169955208 (1256.0s) NVIDIA GeForce RTX 4090
tick   34000 alive 13770487 genomes 1599360 energy   179.0 births 169946578 deaths 169941188 (1295.1s) NVIDIA GeForce RTX 4090
tick   35000 alive 13784752 genomes 1588152 energy   179.0 births 170098314 deaths 170084049 (1333.7s) NVIDIA GeForce RTX 4090
tick   36000 alive 13804659 genomes 1576454 energy   179.0 births 170218652 deaths 170198745 (1372.4s) NVIDIA GeForce RTX 4090
tick   37000 alive 13818323 genomes 1562216 energy   178.9 births 170477048 deaths 170463384 (1411.1s) NVIDIA GeForce RTX 4090
tick   38000 alive 13834587 genomes 1552115 energy   179.0 births 170554451 deaths 170538187 (1449.8s) NVIDIA GeForce RTX 4090
tick   39000 alive 13837006 genomes 1545064 energy   178.9 births 170744066 deaths 170741647 (1488.4s) NVIDIA GeForce RTX 4090
tick   40000 alive 13859475 genomes 1540098 energy   178.9 births 170963662 deaths 170941193 (1527.2s) NVIDIA GeForce RTX 4090
tick   41000 alive 13872669 genomes 1532410 energy   179.1 births 170863308 deaths 170850114 (1565.8s) NVIDIA GeForce RTX 4090
tick   42000 alive 13903559 genomes 1527868 energy   179.1 births 170940395 deaths 170909505 (1604.6s) NVIDIA GeForce RTX 4090
tick   43000 alive 13936368 genomes 1517606 energy   179.1 births 171322288 deaths 171289479 (1643.2s) NVIDIA GeForce RTX 4090
tick   44000 alive 13942209 genomes 1509185 energy   179.1 births 171447160 deaths 171441319 (1681.9s) NVIDIA GeForce RTX 4090
tick   45000 alive 13947950 genomes 1505363 energy   179.0 births 171584506 deaths 171578765 (1720.6s) NVIDIA GeForce RTX 4090
tick   46000 alive 13946660 genomes 1500046 energy   178.9 births 171736204 deaths 171737494 (1759.3s) NVIDIA GeForce RTX 4090
tick   47000 alive 13967461 genomes 1494089 energy   178.9 births 171827248 deaths 171806447 (1797.9s) NVIDIA GeForce RTX 4090
tick   48000 alive 13997406 genomes 1485098 energy   178.9 births 171945356 deaths 171915411 (1836.7s) NVIDIA GeForce RTX 4090
tick   49000 alive 14004229 genomes 1475064 energy   178.9 births 171994269 deaths 171987446 (1875.4s) NVIDIA GeForce RTX 4090
tick   50000 alive 14013862 genomes 1465663 energy   178.9 births 172051742 deaths 172042109 (1914.2s) NVIDIA GeForce RTX 4090
tick   51000 alive 14023197 genomes 1454524 energy   179.0 births 172011680 deaths 172002345 (1952.8s) NVIDIA GeForce RTX 4090
tick   52000 alive 14033662 genomes 1447072 energy   178.9 births 172118495 deaths 172108030 (1991.6s) NVIDIA GeForce RTX 4090
tick   53000 alive 14040699 genomes 1438034 energy   178.8 births 172350107 deaths 172343070 (2030.3s) NVIDIA GeForce RTX 4090
tick   54000 alive 14056822 genomes 1426856 energy   178.8 births 172554733 deaths 172538610 (2069.1s) NVIDIA GeForce RTX 4090
tick   55000 alive 14070846 genomes 1422258 energy   178.8 births 172683398 deaths 172669374 (2107.8s) NVIDIA GeForce RTX 4090
tick   56000 alive 14078142 genomes 1413174 energy   178.9 births 172590404 deaths 172583108 (2146.6s) NVIDIA GeForce RTX 4090
tick   57000 alive 14087884 genomes 1409978 energy   178.9 births 172473354 deaths 172463612 (2185.3s) NVIDIA GeForce RTX 4090
tick   58000 alive 14110317 genomes 1403503 energy   178.8 births 172632474 deaths 172610041 (2224.0s) NVIDIA GeForce RTX 4090
tick   59000 alive 14132976 genomes 1393065 energy   178.9 births 172615068 deaths 172592409 (2262.7s) NVIDIA GeForce RTX 4090
tick   60000 alive 14150078 genomes 1380254 energy   179.1 births 172596809 deaths 172579707 (2301.5s) NVIDIA GeForce RTX 4090
tick   61000 alive 14150224 genomes 1371783 energy   179.1 births 172437776 deaths 172437630 (2340.1s) NVIDIA GeForce RTX 4090
tick   62000 alive 14146389 genomes 1360281 energy   179.3 births 171931816 deaths 171935651 (2378.8s) NVIDIA GeForce RTX 4090
tick   63000 alive 14168473 genomes 1354156 energy   179.3 births 171907634 deaths 171885550 (2417.5s) NVIDIA GeForce RTX 4090
tick   64000 alive 14163844 genomes 1345966 energy   179.2 births 171847989 deaths 171852618 (2456.1s) NVIDIA GeForce RTX 4090
tick   65000 alive 14163068 genomes 1339816 energy   179.3 births 171609646 deaths 171610422 (2494.8s) NVIDIA GeForce RTX 4090
tick   66000 alive 14185288 genomes 1329302 energy   179.5 births 171357658 deaths 171335438 (2533.5s) NVIDIA GeForce RTX 4090
tick   67000 alive 14202245 genomes 1324367 energy   179.5 births 171373570 deaths 171356613 (2572.1s) NVIDIA GeForce RTX 4090
tick   68000 alive 14216058 genomes 1320645 energy   179.5 births 171404244 deaths 171390431 (2610.9s) NVIDIA GeForce RTX 4090
tick   69000 alive 14226414 genomes 1316036 energy   179.6 births 171427389 deaths 171417033 (2649.5s) NVIDIA GeForce RTX 4090
tick   70000 alive 14227856 genomes 1310845 energy   179.8 births 171163131 deaths 171161689 (2688.1s) NVIDIA GeForce RTX 4090
tick   71000 alive 14235982 genomes 1306899 energy   179.9 births 170952015 deaths 170943889 (2726.7s) NVIDIA GeForce RTX 4090
tick   72000 alive 14230625 genomes 1301288 energy   179.9 births 170646961 deaths 170652318 (2765.4s) NVIDIA GeForce RTX 4090
tick   73000 alive 14249880 genomes 1297479 energy   179.9 births 170476743 deaths 170457488 (2803.9s) NVIDIA GeForce RTX 4090
tick   74000 alive 14261819 genomes 1293600 energy   179.9 births 170712543 deaths 170700604 (2842.6s) NVIDIA GeForce RTX 4090
tick   75000 alive 14277986 genomes 1287222 energy   180.0 births 170772454 deaths 170756287 (2881.2s) NVIDIA GeForce RTX 4090
tick   76000 alive 14286741 genomes 1279887 energy   180.1 births 170528151 deaths 170519396 (2919.9s) NVIDIA GeForce RTX 4090
tick   77000 alive 14295285 genomes 1272101 energy   180.3 births 170217933 deaths 170209389 (2958.4s) NVIDIA GeForce RTX 4090
tick   78000 alive 14284141 genomes 1269014 energy   180.2 births 170032071 deaths 170043215 (2997.1s) NVIDIA GeForce RTX 4090
tick   79000 alive 14300551 genomes 1261988 energy   180.3 births 169712250 deaths 169695840 (3035.6s) NVIDIA GeForce RTX 4090
tick   80000 alive 14319384 genomes 1256338 energy   180.4 births 169958162 deaths 169939329 (3074.3s) NVIDIA GeForce RTX 4090
tick   81000 alive 14327968 genomes 1247906 energy   180.3 births 170078148 deaths 170069564 (3112.8s) NVIDIA GeForce RTX 4090
tick   82000 alive 14330711 genomes 1242432 energy   180.4 births 170204985 deaths 170202242 (3151.5s) NVIDIA GeForce RTX 4090
tick   83000 alive 14349106 genomes 1236899 energy   180.4 births 170078842 deaths 170060447 (3190.0s) NVIDIA GeForce RTX 4090
tick   84000 alive 14352767 genomes 1231954 energy   180.6 births 169939621 deaths 169935960 (3228.7s) NVIDIA GeForce RTX 4090
tick   85000 alive 14358446 genomes 1228704 energy   180.6 births 169675872 deaths 169670193 (3267.1s) NVIDIA GeForce RTX 4090
tick   86000 alive 14349626 genomes 1220630 energy   180.7 births 169273521 deaths 169282341 (3305.6s) NVIDIA GeForce RTX 4090
tick   87000 alive 14359268 genomes 1217264 energy   180.8 births 169239889 deaths 169230247 (3344.0s) NVIDIA GeForce RTX 4090
tick   88000 alive 14372719 genomes 1209619 energy   180.8 births 169146419 deaths 169132968 (3382.7s) NVIDIA GeForce RTX 4090
tick   89000 alive 14380209 genomes 1202979 energy   180.9 births 168872778 deaths 168865288 (3421.2s) NVIDIA GeForce RTX 4090
tick   90000 alive 14387382 genomes 1197985 energy   181.0 births 168858358 deaths 168851185 (3459.7s) NVIDIA GeForce RTX 4090
tick   91000 alive 14410788 genomes 1195671 energy   180.9 births 168894530 deaths 168871124 (3498.5s) NVIDIA GeForce RTX 4090
tick   92000 alive 14404524 genomes 1192748 energy   181.0 births 168910266 deaths 168916530 (3537.1s) NVIDIA GeForce RTX 4090
tick   93000 alive 14404664 genomes 1190084 energy   181.1 births 168638699 deaths 168638559 (3575.6s) NVIDIA GeForce RTX 4090
tick   94000 alive 14409653 genomes 1184694 energy   181.0 births 168487996 deaths 168483007 (3614.1s) NVIDIA GeForce RTX 4090
tick   95000 alive 14423275 genomes 1179999 energy   181.2 births 168627766 deaths 168614144 (3652.7s) NVIDIA GeForce RTX 4090
tick   96000 alive 14414065 genomes 1173451 energy   181.2 births 168140973 deaths 168150183 (3691.2s) NVIDIA GeForce RTX 4090
tick   97000 alive 14433136 genomes 1165644 energy   181.3 births 168036936 deaths 168017865 (3729.6s) NVIDIA GeForce RTX 4090
tick   98000 alive 14432154 genomes 1159670 energy   181.3 births 168084485 deaths 168085467 (3768.2s) NVIDIA GeForce RTX 4090
tick   99000 alive 14435920 genomes 1155474 energy   181.1 births 168479575 deaths 168475809 (3806.6s) NVIDIA GeForce RTX 4090
tick  100000 alive 14435220 genomes 1149806 energy   181.2 births 168582266 deaths 168582966 (3845.1s) NVIDIA GeForce RTX 4090
tick  101000 alive 14439164 genomes 1145706 energy   181.2 births 168260358 deaths 168256414 (3883.5s) NVIDIA GeForce RTX 4090
tick  102000 alive 14452353 genomes 1141537 energy   181.3 births 168148478 deaths 168135289 (3922.1s) NVIDIA GeForce RTX 4090
tick  103000 alive 14459231 genomes 1137611 energy   181.3 births 168169697 deaths 168162819 (3960.5s) NVIDIA GeForce RTX 4090
tick  104000 alive 14466465 genomes 1133941 energy   181.3 births 168008198 deaths 168000964 (3999.0s) NVIDIA GeForce RTX 4090
tick  105000 alive 14480177 genomes 1130400 energy   181.3 births 168148473 deaths 168134761 (4037.4s) NVIDIA GeForce RTX 4090
tick  106000 alive 14488770 genomes 1125251 energy   181.3 births 168382920 deaths 168374327 (4075.9s) NVIDIA GeForce RTX 4090
tick  107000 alive 14489436 genomes 1116383 energy   181.4 births 168275058 deaths 168274392 (4114.3s) NVIDIA GeForce RTX 4090
tick  108000 alive 14497599 genomes 1112840 energy   181.4 births 168144282 deaths 168136119 (4152.8s) NVIDIA GeForce RTX 4090
tick  109000 alive 14500031 genomes 1106514 energy   181.5 births 168016118 deaths 168013686 (4191.1s) NVIDIA GeForce RTX 4090
tick  110000 alive 14516458 genomes 1105018 energy   181.5 births 168093935 deaths 168077508 (4229.5s) NVIDIA GeForce RTX 4090
tick  111000 alive 14530546 genomes 1101491 energy   181.6 births 168292848 deaths 168278760 (4267.9s) NVIDIA GeForce RTX 4090
tick  112000 alive 14539887 genomes 1098039 energy   181.6 births 168329264 deaths 168319923 (4306.3s) NVIDIA GeForce RTX 4090
tick  113000 alive 14524162 genomes 1090690 energy   181.6 births 168194546 deaths 168210271 (4344.6s) NVIDIA GeForce RTX 4090
tick  114000 alive 14520991 genomes 1086774 energy   181.7 births 167988096 deaths 167991267 (4383.0s) NVIDIA GeForce RTX 4090
tick  115000 alive 14511705 genomes 1085223 energy   181.7 births 167723823 deaths 167733109 (4421.2s) NVIDIA GeForce RTX 4090
tick  116000 alive 14516790 genomes 1080800 energy   181.8 births 167526338 deaths 167521253 (4459.6s) NVIDIA GeForce RTX 4090
tick  117000 alive 14530001 genomes 1075557 energy   181.8 births 167369695 deaths 167356484 (4497.9s) NVIDIA GeForce RTX 4090
tick  118000 alive 14531116 genomes 1069742 energy   181.8 births 167438424 deaths 167437309 (4536.2s) NVIDIA GeForce RTX 4090
tick  119000 alive 14533149 genomes 1069747 energy   181.7 births 167395810 deaths 167393777 (4574.4s) NVIDIA GeForce RTX 4090
tick  120000 alive 14538034 genomes 1068886 energy   181.7 births 167749665 deaths 167744780 (4612.7s) NVIDIA GeForce RTX 4090
tick  121000 alive 14549522 genomes 1067953 energy   181.8 births 167556506 deaths 167545018 (4651.0s) NVIDIA GeForce RTX 4090
tick  122000 alive 14541579 genomes 1061966 energy   181.8 births 167530756 deaths 167538699 (4689.3s) NVIDIA GeForce RTX 4090
tick  123000 alive 14548820 genomes 1057959 energy   181.7 births 167534332 deaths 167527091 (4727.6s) NVIDIA GeForce RTX 4090
tick  124000 alive 14558183 genomes 1057285 energy   181.9 births 167534848 deaths 167525485 (4766.0s) NVIDIA GeForce RTX 4090
tick  125000 alive 14560867 genomes 1055914 energy   181.9 births 167392704 deaths 167390020 (4804.2s) NVIDIA GeForce RTX 4090
tick  126000 alive 14566362 genomes 1054170 energy   182.1 births 167135818 deaths 167130323 (4842.5s) NVIDIA GeForce RTX 4090
tick  127000 alive 14587895 genomes 1053465 energy   182.0 births 167076066 deaths 167054533 (4880.7s) NVIDIA GeForce RTX 4090
tick  128000 alive 14596842 genomes 1055046 energy   182.0 births 167313568 deaths 167304621 (4919.0s) NVIDIA GeForce RTX 4090
tick  129000 alive 14615178 genomes 1054090 energy   182.1 births 167467106 deaths 167448770 (4957.3s) NVIDIA GeForce RTX 4090
tick  130000 alive 14602855 genomes 1054492 energy   182.2 births 167346921 deaths 167359244 (4995.6s) NVIDIA GeForce RTX 4090
tick  131000 alive 14589947 genomes 1054880 energy   182.2 births 166995457 deaths 167008365 (5033.9s) NVIDIA GeForce RTX 4090
tick  132000 alive 14585190 genomes 1054677 energy   182.3 births 166988790 deaths 166993547 (5072.2s) NVIDIA GeForce RTX 4090
tick  133000 alive 14581049 genomes 1050609 energy   182.3 births 166748377 deaths 166752518 (5110.4s) NVIDIA GeForce RTX 4090
tick  134000 alive 14577056 genomes 1045788 energy   182.3 births 166518315 deaths 166522308 (5148.7s) NVIDIA GeForce RTX 4090
tick  135000 alive 14585628 genomes 1042786 energy   182.1 births 166640530 deaths 166631958 (5187.0s) NVIDIA GeForce RTX 4090
tick  136000 alive 14577464 genomes 1039566 energy   182.0 births 166783479 deaths 166791643 (5225.4s) NVIDIA GeForce RTX 4090
tick  137000 alive 14583722 genomes 1037023 energy   182.0 births 166889640 deaths 166883382 (5263.7s) NVIDIA GeForce RTX 4090
tick  138000 alive 14601673 genomes 1036618 energy   181.9 births 167213942 deaths 167195991 (5302.0s) NVIDIA GeForce RTX 4090
tick  139000 alive 14597274 genomes 1034130 energy   181.9 births 167500181 deaths 167504580 (5340.4s) NVIDIA GeForce RTX 4090
tick  140000 alive 14602871 genomes 1030544 energy   181.9 births 167534940 deaths 167529343 (5378.8s) NVIDIA GeForce RTX 4090
tick  141000 alive 14622458 genomes 1025998 energy   181.8 births 167570526 deaths 167550939 (5417.1s) NVIDIA GeForce RTX 4090
tick  142000 alive 14627721 genomes 1024341 energy   181.8 births 167915301 deaths 167910038 (5455.5s) NVIDIA GeForce RTX 4090
tick  143000 alive 14633699 genomes 1023035 energy   182.0 births 167854243 deaths 167848265 (5493.7s) NVIDIA GeForce RTX 4090
tick  144000 alive 14627551 genomes 1023698 energy   182.1 births 167768512 deaths 167774660 (5532.1s) NVIDIA GeForce RTX 4090
tick  145000 alive 14618035 genomes 1025935 energy   182.1 births 167479955 deaths 167489471 (5570.3s) NVIDIA GeForce RTX 4090
tick  146000 alive 14609381 genomes 1026055 energy   182.0 births 167356897 deaths 167365551 (5608.6s) NVIDIA GeForce RTX 4090
tick  147000 alive 14604230 genomes 1022290 energy   181.9 births 167258482 deaths 167263633 (5646.9s) NVIDIA GeForce RTX 4090
tick  148000 alive 14603811 genomes 1016522 energy   182.0 births 167382416 deaths 167382835 (5685.2s) NVIDIA GeForce RTX 4090
tick  149000 alive 14604553 genomes 1009941 energy   182.0 births 167198228 deaths 167197486 (5723.5s) NVIDIA GeForce RTX 4090
tick  150000 alive 14611870 genomes 1002875 energy   182.1 births 167125467 deaths 167118150 (5761.8s) NVIDIA GeForce RTX 4090
tick  151000 alive 14609585 genomes 1001376 energy   182.1 births 167083597 deaths 167085882 (5800.2s) NVIDIA GeForce RTX 4090
tick  152000 alive 14597805 genomes  995990 energy   182.2 births 166787657 deaths 166799437 (5838.5s) NVIDIA GeForce RTX 4090
tick  153000 alive 14602384 genomes  991140 energy   182.3 births 166446439 deaths 166441860 (5876.8s) NVIDIA GeForce RTX 4090
tick  154000 alive 14602258 genomes  991301 energy   182.2 births 166432991 deaths 166433117 (5915.1s) NVIDIA GeForce RTX 4090
tick  155000 alive 14604749 genomes  987410 energy   182.3 births 166292254 deaths 166289763 (5953.3s) NVIDIA GeForce RTX 4090
tick  156000 alive 14607426 genomes  984442 energy   182.2 births 166283605 deaths 166280928 (5991.6s) NVIDIA GeForce RTX 4090
tick  157000 alive 14611692 genomes  982759 energy   182.3 births 166279141 deaths 166274875 (6029.9s) NVIDIA GeForce RTX 4090
tick  158000 alive 14600779 genomes  981590 energy   182.3 births 166092385 deaths 166103298 (6068.2s) NVIDIA GeForce RTX 4090
tick  159000 alive 14578601 genomes  980554 energy   182.3 births 165844781 deaths 165866959 (6106.4s) NVIDIA GeForce RTX 4090
tick  160000 alive 14582809 genomes  980919 energy   182.3 births 165718733 deaths 165714525 (6144.8s) NVIDIA GeForce RTX 4090
tick  161000 alive 14588599 genomes  977009 energy   182.3 births 165672103 deaths 165666313 (6183.1s) NVIDIA GeForce RTX 4090
tick  162000 alive 14606838 genomes  974846 energy   182.4 births 165592734 deaths 165574495 (6221.5s) NVIDIA GeForce RTX 4090
tick  163000 alive 14613578 genomes  971227 energy   182.4 births 165695181 deaths 165688441 (6259.8s) NVIDIA GeForce RTX 4090
tick  164000 alive 14609292 genomes  967309 energy   182.5 births 165515858 deaths 165520144 (6298.2s) NVIDIA GeForce RTX 4090
tick  165000 alive 14610281 genomes  964764 energy   182.6 births 165035517 deaths 165034528 (6336.5s) NVIDIA GeForce RTX 4090
tick  166000 alive 14605454 genomes  964253 energy   182.6 births 164912594 deaths 164917421 (6374.8s) NVIDIA GeForce RTX 4090
tick  167000 alive 14596130 genomes  964124 energy   182.4 births 164919487 deaths 164928811 (6413.2s) NVIDIA GeForce RTX 4090
tick  168000 alive 14617912 genomes  960296 energy   182.4 births 165138432 deaths 165116650 (6451.6s) NVIDIA GeForce RTX 4090
tick  169000 alive 14613709 genomes  957211 energy   182.5 births 165201632 deaths 165205835 (6489.9s) NVIDIA GeForce RTX 4090
tick  170000 alive 14602604 genomes  955262 energy   182.5 births 164951916 deaths 164963021 (6528.3s) NVIDIA GeForce RTX 4090
tick  171000 alive 14593414 genomes  955416 energy   182.5 births 164881550 deaths 164890740 (6566.6s) NVIDIA GeForce RTX 4090
tick  172000 alive 14597550 genomes  949874 energy   182.5 births 164745279 deaths 164741143 (6605.0s) NVIDIA GeForce RTX 4090
tick  173000 alive 14593534 genomes  943594 energy   182.6 births 164634828 deaths 164638844 (6643.3s) NVIDIA GeForce RTX 4090
tick  174000 alive 14592782 genomes  935287 energy   182.6 births 164526223 deaths 164526975 (6681.6s) NVIDIA GeForce RTX 4090
tick  175000 alive 14610209 genomes  931882 energy   182.6 births 164609643 deaths 164592216 (6719.9s) NVIDIA GeForce RTX 4090
tick  176000 alive 14614409 genomes  924576 energy   182.7 births 164481748 deaths 164477548 (6758.2s) NVIDIA GeForce RTX 4090
tick  177000 alive 14622053 genomes  918608 energy   182.7 births 164384254 deaths 164376610 (6796.4s) NVIDIA GeForce RTX 4090
tick  178000 alive 14627639 genomes  917615 energy   182.7 births 164598925 deaths 164593339 (6834.7s) NVIDIA GeForce RTX 4090
tick  179000 alive 14627110 genomes  918991 energy   182.7 births 164495380 deaths 164495909 (6872.9s) NVIDIA GeForce RTX 4090
tick  180000 alive 14626102 genomes  920493 energy   182.7 births 164531667 deaths 164532675 (6911.2s) NVIDIA GeForce RTX 4090
tick  181000 alive 14622559 genomes  919385 energy   182.6 births 164546914 deaths 164550457 (6949.3s) NVIDIA GeForce RTX 4090
tick  182000 alive 14628159 genomes  918829 energy   182.6 births 164709382 deaths 164703782 (6987.6s) NVIDIA GeForce RTX 4090
tick  183000 alive 14636883 genomes  914669 energy   182.6 births 164821093 deaths 164812369 (7025.8s) NVIDIA GeForce RTX 4090
tick  184000 alive 14653326 genomes  913734 energy   182.7 births 164861641 deaths 164845198 (7064.1s) NVIDIA GeForce RTX 4090
tick  185000 alive 14656590 genomes  912915 energy   182.7 births 164817513 deaths 164814249 (7102.4s) NVIDIA GeForce RTX 4090
tick  186000 alive 14655995 genomes  913073 energy   182.7 births 164792931 deaths 164793526 (7140.7s) NVIDIA GeForce RTX 4090
tick  187000 alive 14650617 genomes  908170 energy   182.8 births 164452177 deaths 164457555 (7178.9s) NVIDIA GeForce RTX 4090
tick  188000 alive 14652649 genomes  907142 energy   182.8 births 164408605 deaths 164406573 (7217.2s) NVIDIA GeForce RTX 4090
tick  189000 alive 14666963 genomes  906451 energy   182.7 births 164670313 deaths 164655999 (7255.4s) NVIDIA GeForce RTX 4090
tick  190000 alive 14672353 genomes  902834 energy   182.7 births 164881927 deaths 164876537 (7293.6s) NVIDIA GeForce RTX 4090
tick  191000 alive 14691159 genomes  906036 energy   182.5 births 165318609 deaths 165299803 (7331.8s) NVIDIA GeForce RTX 4090
tick  192000 alive 14704585 genomes  907155 energy   182.7 births 165618893 deaths 165605467 (7370.1s) NVIDIA GeForce RTX 4090
tick  193000 alive 14699026 genomes  907100 energy   182.8 births 165457654 deaths 165463213 (7408.2s) NVIDIA GeForce RTX 4090
tick  194000 alive 14704811 genomes  906918 energy   182.8 births 165307886 deaths 165302101 (7446.5s) NVIDIA GeForce RTX 4090
tick  195000 alive 14712086 genomes  907336 energy   182.9 births 165178292 deaths 165171017 (7484.7s) NVIDIA GeForce RTX 4090
tick  196000 alive 14708267 genomes  907676 energy   182.9 births 165222960 deaths 165226779 (7522.9s) NVIDIA GeForce RTX 4090
tick  197000 alive 14691118 genomes  908051 energy   182.8 births 165111319 deaths 165128468 (7561.1s) NVIDIA GeForce RTX 4090
tick  198000 alive 14703447 genomes  908344 energy   182.8 births 165029568 deaths 165017239 (7599.3s) NVIDIA GeForce RTX 4090
tick  199000 alive 14705346 genomes  905986 energy   182.8 births 165314374 deaths 165312475 (7637.5s) NVIDIA GeForce RTX 4090
tick  200000 alive 14707252 genomes  902578 energy   182.7 births 165406093 deaths 165404187 (7675.8s) NVIDIA GeForce RTX 4090
tick  201000 alive 14711337 genomes  898740 energy   182.7 births 165495820 deaths 165491735 (7714.1s) NVIDIA GeForce RTX 4090
tick  202000 alive 14703868 genomes  891657 energy   182.8 births 165388377 deaths 165395846 (7752.4s) NVIDIA GeForce RTX 4090
tick  203000 alive 14709632 genomes  886285 energy   182.8 births 165367178 deaths 165361414 (7790.6s) NVIDIA GeForce RTX 4090
tick  204000 alive 14707859 genomes  885957 energy   182.9 births 165194433 deaths 165196206 (7828.9s) NVIDIA GeForce RTX 4090
tick  205000 alive 14706078 genomes  886092 energy   182.9 births 165054195 deaths 165055976 (7867.1s) NVIDIA GeForce RTX 4090
tick  206000 alive 14699311 genomes  886937 energy   182.9 births 165054741 deaths 165061508 (7905.4s) NVIDIA GeForce RTX 4090
tick  207000 alive 14687188 genomes  890167 energy   182.8 births 165104315 deaths 165116438 (7943.6s) NVIDIA GeForce RTX 4090
tick  208000 alive 14679348 genomes  894467 energy   182.8 births 164873168 deaths 164881008 (7981.9s) NVIDIA GeForce RTX 4090
tick  209000 alive 14671300 genomes  894091 energy   182.8 births 164917006 deaths 164925054 (8020.1s) NVIDIA GeForce RTX 4090
tick  210000 alive 14667378 genomes  893823 energy   182.7 births 164753112 deaths 164757034 (8058.4s) NVIDIA GeForce RTX 4090
tick  211000 alive 14666247 genomes  893856 energy   182.7 births 164826444 deaths 164827575 (8096.7s) NVIDIA GeForce RTX 4090
tick  212000 alive 14669256 genomes  891622 energy   182.8 births 164751133 deaths 164748124 (8135.0s) NVIDIA GeForce RTX 4090
tick  213000 alive 14677902 genomes  885047 energy   182.9 births 164481167 deaths 164472521 (8173.1s) NVIDIA GeForce RTX 4090
tick  214000 alive 14676423 genomes  878984 energy   182.9 births 164334626 deaths 164336105 (8211.4s) NVIDIA GeForce RTX 4090
tick  215000 alive 14678605 genomes  875885 energy   182.9 births 164285360 deaths 164283178 (8249.7s) NVIDIA GeForce RTX 4090
tick  216000 alive 14672769 genomes  871404 energy   182.9 births 164262743 deaths 164268579 (8288.0s) NVIDIA GeForce RTX 4090
tick  217000 alive 14678068 genomes  866353 energy   182.9 births 164234908 deaths 164229609 (8326.2s) NVIDIA GeForce RTX 4090
tick  218000 alive 14692254 genomes  866008 energy   182.9 births 164268850 deaths 164254664 (8364.5s) NVIDIA GeForce RTX 4090
tick  219000 alive 14691772 genomes  865384 energy   183.0 births 164090017 deaths 164090499 (8402.7s) NVIDIA GeForce RTX 4090
tick  220000 alive 14688138 genomes  870440 energy   182.9 births 164113607 deaths 164117241 (8441.1s) NVIDIA GeForce RTX 4090
tick  221000 alive 14676948 genomes  871434 energy   182.9 births 164236252 deaths 164247442 (8479.3s) NVIDIA GeForce RTX 4090
tick  222000 alive 14666877 genomes  875289 energy   182.9 births 164170752 deaths 164180823 (8517.7s) NVIDIA GeForce RTX 4090
tick  223000 alive 14655961 genomes  874236 energy   182.9 births 164108621 deaths 164119537 (8555.9s) NVIDIA GeForce RTX 4090
tick  224000 alive 14659474 genomes  873140 energy   182.8 births 164107654 deaths 164104141 (8594.2s) NVIDIA GeForce RTX 4090
tick  225000 alive 14663109 genomes  871777 energy   182.7 births 164317762 deaths 164314127 (8632.5s) NVIDIA GeForce RTX 4090
tick  226000 alive 14672940 genomes  868578 energy   182.7 births 164507059 deaths 164497228 (8670.9s) NVIDIA GeForce RTX 4090
tick  227000 alive 14684585 genomes  864785 energy   182.6 births 164725512 deaths 164713867 (8709.2s) NVIDIA GeForce RTX 4090
tick  228000 alive 14691150 genomes  866288 energy   182.7 births 164905601 deaths 164899036 (8747.5s) NVIDIA GeForce RTX 4090
tick  229000 alive 14693951 genomes  866463 energy   182.6 births 164979614 deaths 164976813 (8785.8s) NVIDIA GeForce RTX 4090
tick  230000 alive 14701313 genomes  865142 energy   182.7 births 165052543 deaths 165045181 (8824.2s) NVIDIA GeForce RTX 4090
tick  231000 alive 14697615 genomes  864315 energy   182.8 births 164950241 deaths 164953939 (8862.4s) NVIDIA GeForce RTX 4090
tick  232000 alive 14705211 genomes  862382 energy   182.8 births 164753013 deaths 164745417 (8900.8s) NVIDIA GeForce RTX 4090
tick  233000 alive 14696887 genomes  859920 energy   182.7 births 164812357 deaths 164820681 (8939.1s) NVIDIA GeForce RTX 4090
tick  234000 alive 14714176 genomes  855726 energy   182.6 births 165226769 deaths 165209480 (8977.5s) NVIDIA GeForce RTX 4090
tick  235000 alive 14714847 genomes  855437 energy   182.5 births 165743691 deaths 165743020 (9015.8s) NVIDIA GeForce RTX 4090
tick  236000 alive 14707852 genomes  855266 energy   182.4 births 165692169 deaths 165699164 (9054.1s) NVIDIA GeForce RTX 4090
tick  237000 alive 14714299 genomes  855953 energy   182.5 births 165780317 deaths 165773870 (9092.4s) NVIDIA GeForce RTX 4090
tick  238000 alive 14710954 genomes  851916 energy   182.6 births 165647488 deaths 165650833 (9130.7s) NVIDIA GeForce RTX 4090
tick  239000 alive 14709949 genomes  850185 energy   182.7 births 165223690 deaths 165224695 (9168.9s) NVIDIA GeForce RTX 4090
tick  240000 alive 14712068 genomes  851066 energy   182.7 births 165197852 deaths 165195733 (9207.2s) NVIDIA GeForce RTX 4090
tick  241000 alive 14714942 genomes  852207 energy   182.6 births 165318669 deaths 165315795 (9245.4s) NVIDIA GeForce RTX 4090
tick  242000 alive 14711355 genomes  853505 energy   182.7 births 165383874 deaths 165387461 (9283.8s) NVIDIA GeForce RTX 4090
tick  243000 alive 14717444 genomes  851798 energy   182.7 births 165240576 deaths 165234487 (9322.0s) NVIDIA GeForce RTX 4090
tick  244000 alive 14716401 genomes  848492 energy   182.9 births 164847036 deaths 164848079 (9360.3s) NVIDIA GeForce RTX 4090
tick  245000 alive 14717296 genomes  849179 energy   183.0 births 164537613 deaths 164536718 (9398.5s) NVIDIA GeForce RTX 4090
tick  246000 alive 14725596 genomes  844007 energy   183.0 births 164436155 deaths 164427855 (9436.7s) NVIDIA GeForce RTX 4090
tick  247000 alive 14729855 genomes  841063 energy   183.1 births 164555145 deaths 164550886 (9474.9s) NVIDIA GeForce RTX 4090
tick  248000 alive 14721343 genomes  839128 energy   183.1 births 164222289 deaths 164230801 (9513.2s) NVIDIA GeForce RTX 4090
tick  249000 alive 14725171 genomes  836744 energy   183.1 births 164261515 deaths 164257687 (9551.4s) NVIDIA GeForce RTX 4090
tick  250000 alive 14728169 genomes  838837 energy   183.0 births 164401000 deaths 164398002 (9589.6s) NVIDIA GeForce RTX 4090
tick  251000 alive 14726119 genomes  838945 energy   182.9 births 164618575 deaths 164620625 (9627.8s) NVIDIA GeForce RTX 4090
tick  252000 alive 14720154 genomes  838662 energy   182.9 births 164739564 deaths 164745529 (9666.2s) NVIDIA GeForce RTX 4090
tick  253000 alive 14728696 genomes  834902 energy   183.0 births 164493628 deaths 164485086 (9704.4s) NVIDIA GeForce RTX 4090
tick  254000 alive 14738915 genomes  829926 energy   183.1 births 164453389 deaths 164443170 (9742.7s) NVIDIA GeForce RTX 4090
tick  255000 alive 14744378 genomes  828209 energy   183.1 births 164487897 deaths 164482434 (9780.9s) NVIDIA GeForce RTX 4090
tick  256000 alive 14745856 genomes  826314 energy   183.1 births 164187493 deaths 164186015 (9819.2s) NVIDIA GeForce RTX 4090
tick  257000 alive 14742517 genomes  825915 energy   183.1 births 164161016 deaths 164164355 (9857.4s) NVIDIA GeForce RTX 4090
tick  258000 alive 14741492 genomes  825530 energy   183.1 births 164072985 deaths 164074010 (9895.7s) NVIDIA GeForce RTX 4090
tick  259000 alive 14736591 genomes  822160 energy   183.1 births 164149873 deaths 164154774 (9933.9s) NVIDIA GeForce RTX 4090
tick  260000 alive 14737730 genomes  823010 energy   183.0 births 164349490 deaths 164348351 (9972.1s) NVIDIA GeForce RTX 4090
tick  261000 alive 14744391 genomes  820348 energy   183.1 births 164430835 deaths 164424174 (10010.3s) NVIDIA GeForce RTX 4090
tick  262000 alive 14744261 genomes  818605 energy   183.0 births 164405246 deaths 164405376 (10048.6s) NVIDIA GeForce RTX 4090
tick  263000 alive 14752190 genomes  819412 energy   182.9 births 164810405 deaths 164802476 (10086.8s) NVIDIA GeForce RTX 4090
tick  264000 alive 14742810 genomes  819396 energy   183.0 births 164831148 deaths 164840528 (10125.1s) NVIDIA GeForce RTX 4090
tick  265000 alive 14735734 genomes  818730 energy   182.9 births 164676812 deaths 164683888 (10163.3s) NVIDIA GeForce RTX 4090
tick  266000 alive 14738275 genomes  818303 energy   182.9 births 164823033 deaths 164820492 (10201.5s) NVIDIA GeForce RTX 4090
tick  267000 alive 14757927 genomes  816894 energy   182.8 births 165130844 deaths 165111192 (10239.7s) NVIDIA GeForce RTX 4090
tick  268000 alive 14752678 genomes  817079 energy   182.8 births 165438046 deaths 165443295 (10278.0s) NVIDIA GeForce RTX 4090
tick  269000 alive 14737267 genomes  817730 energy   182.9 births 165339519 deaths 165354930 (10316.3s) NVIDIA GeForce RTX 4090
tick  270000 alive 14734850 genomes  817366 energy   182.9 births 165007425 deaths 165009842 (10354.5s) NVIDIA GeForce RTX 4090
tick  271000 alive 14731604 genomes  815861 energy   182.9 births 164845120 deaths 164848366 (10392.8s) NVIDIA GeForce RTX 4090
tick  272000 alive 14739196 genomes  812747 energy   183.0 births 164843994 deaths 164836402 (10431.2s) NVIDIA GeForce RTX 4090
tick  273000 alive 14749030 genomes  809931 energy   182.9 births 164935676 deaths 164925842 (10469.4s) NVIDIA GeForce RTX 4090
tick  274000 alive 14753161 genomes  807733 energy   182.9 births 165186554 deaths 165182423 (10507.7s) NVIDIA GeForce RTX 4090
tick  275000 alive 14751794 genomes  808044 energy   183.0 births 165252973 deaths 165254340 (10545.8s) NVIDIA GeForce RTX 4090
tick  276000 alive 14749375 genomes  804684 energy   183.0 births 165013859 deaths 165016278 (10584.0s) NVIDIA GeForce RTX 4090
tick  277000 alive 14748380 genomes  802079 energy   183.1 births 164736420 deaths 164737415 (10622.2s) NVIDIA GeForce RTX 4090
tick  278000 alive 14769188 genomes  800838 energy   183.1 births 164866300 deaths 164845492 (10660.5s) NVIDIA GeForce RTX 4090
tick  279000 alive 14763473 genomes  802525 energy   183.2 births 164697353 deaths 164703068 (10698.7s) NVIDIA GeForce RTX 4090
tick  280000 alive 14765245 genomes  802018 energy   183.3 births 164608755 deaths 164606983 (10736.9s) NVIDIA GeForce RTX 4090
tick  281000 alive 14761081 genomes  800832 energy   183.2 births 164402976 deaths 164407140 (10775.1s) NVIDIA GeForce RTX 4090
tick  282000 alive 14759590 genomes  798271 energy   183.2 births 164404819 deaths 164406310 (10813.3s) NVIDIA GeForce RTX 4090
tick  283000 alive 14768567 genomes  801197 energy   183.2 births 164745376 deaths 164736399 (10851.5s) NVIDIA GeForce RTX 4090
tick  284000 alive 14778245 genomes  799528 energy   183.2 births 164661896 deaths 164652218 (10889.7s) NVIDIA GeForce RTX 4090
tick  285000 alive 14774847 genomes  799873 energy   183.2 births 164885342 deaths 164888740 (10927.8s) NVIDIA GeForce RTX 4090
tick  286000 alive 14773761 genomes  798591 energy   183.3 births 164781652 deaths 164782738 (10966.1s) NVIDIA GeForce RTX 4090
tick  287000 alive 14773507 genomes  796282 energy   183.2 births 164868977 deaths 164869231 (11004.2s) NVIDIA GeForce RTX 4090
tick  288000 alive 14768320 genomes  794533 energy   183.2 births 165027207 deaths 165032394 (11042.4s) NVIDIA GeForce RTX 4090
tick  289000 alive 14769144 genomes  791329 energy   183.1 births 165074353 deaths 165073529 (11080.5s) NVIDIA GeForce RTX 4090
tick  290000 alive 14784343 genomes  789007 energy   183.2 births 165165497 deaths 165150298 (11118.7s) NVIDIA GeForce RTX 4090
tick  291000 alive 14782799 genomes  788084 energy   183.2 births 165054670 deaths 165056214 (11156.7s) NVIDIA GeForce RTX 4090
tick  292000 alive 14772030 genomes  788263 energy   183.1 births 165091639 deaths 165102408 (11194.9s) NVIDIA GeForce RTX 4090
tick  293000 alive 14782266 genomes  786427 energy   183.2 births 165154049 deaths 165143813 (11232.9s) NVIDIA GeForce RTX 4090
tick  294000 alive 14785990 genomes  788672 energy   183.3 births 165297111 deaths 165293387 (11271.1s) NVIDIA GeForce RTX 4090
tick  295000 alive 14788626 genomes  787513 energy   183.2 births 165284781 deaths 165282145 (11309.1s) NVIDIA GeForce RTX 4090
tick  296000 alive 14778332 genomes  786825 energy   183.3 births 165159943 deaths 165170237 (11347.2s) NVIDIA GeForce RTX 4090
tick  297000 alive 14782008 genomes  787170 energy   183.3 births 165020375 deaths 165016699 (11385.2s) NVIDIA GeForce RTX 4090
tick  298000 alive 14793900 genomes  787071 energy   183.3 births 165210918 deaths 165199026 (11423.3s) NVIDIA GeForce RTX 4090
tick  299000 alive 14790231 genomes  784568 energy   183.2 births 165493079 deaths 165496748 (11461.4s) NVIDIA GeForce RTX 4090
tick  300000 alive 14798825 genomes  780789 energy   183.2 births 165455550 deaths 165446956 (11499.5s) NVIDIA GeForce RTX 4090
tick  301000 alive 14794183 genomes  777344 energy   183.2 births 165624244 deaths 165628886 (11537.5s) NVIDIA GeForce RTX 4090
tick  302000 alive 14796375 genomes  774952 energy   183.2 births 165626686 deaths 165624494 (11575.6s) NVIDIA GeForce RTX 4090
tick  303000 alive 14805767 genomes  774808 energy   183.2 births 165753602 deaths 165744210 (11613.6s) NVIDIA GeForce RTX 4090
tick  304000 alive 14808828 genomes  775692 energy   183.2 births 165960929 deaths 165957868 (11651.7s) NVIDIA GeForce RTX 4090
tick  305000 alive 14803033 genomes  776937 energy   183.1 births 166069397 deaths 166075192 (11689.7s) NVIDIA GeForce RTX 4090
tick  306000 alive 14802196 genomes  775275 energy   183.1 births 166053649 deaths 166054486 (11727.8s) NVIDIA GeForce RTX 4090
tick  307000 alive 14789515 genomes  774990 energy   183.0 births 166076058 deaths 166088739 (11765.8s) NVIDIA GeForce RTX 4090
tick  308000 alive 14798243 genomes  771242 energy   183.1 births 166180207 deaths 166171479 (11803.9s) NVIDIA GeForce RTX 4090
tick  309000 alive 14798142 genomes  767479 energy   183.1 births 166364835 deaths 166364936 (11841.9s) NVIDIA GeForce RTX 4090
tick  310000 alive 14800209 genomes  765527 energy   183.0 births 166339168 deaths 166337101 (11880.0s) NVIDIA GeForce RTX 4090
tick  311000 alive 14811575 genomes  767802 energy   182.9 births 166625458 deaths 166614092 (11918.0s) NVIDIA GeForce RTX 4090
tick  312000 alive 14803099 genomes  769866 energy   183.0 births 166875278 deaths 166883754 (11956.1s) NVIDIA GeForce RTX 4090
tick  313000 alive 14795111 genomes  773310 energy   183.0 births 166678607 deaths 166686595 (11994.2s) NVIDIA GeForce RTX 4090
tick  314000 alive 14786713 genomes  772359 energy   183.0 births 166505228 deaths 166513626 (12032.3s) NVIDIA GeForce RTX 4090
tick  315000 alive 14791746 genomes  772570 energy   183.1 births 166295156 deaths 166290123 (12070.3s) NVIDIA GeForce RTX 4090
tick  316000 alive 14797715 genomes  772492 energy   183.1 births 166402834 deaths 166396865 (12108.4s) NVIDIA GeForce RTX 4090
tick  317000 alive 14809888 genomes  769172 energy   183.0 births 166555464 deaths 166543291 (12146.4s) NVIDIA GeForce RTX 4090
tick  318000 alive 14813024 genomes  770104 energy   183.1 births 166623744 deaths 166620608 (12184.6s) NVIDIA GeForce RTX 4090
tick  319000 alive 14809303 genomes  774029 energy   182.9 births 166892722 deaths 166896443 (12222.7s) NVIDIA GeForce RTX 4090
tick  320000 alive 14793356 genomes  774448 energy   183.0 births 167065622 deaths 167081569 (12260.8s) NVIDIA GeForce RTX 4090
tick  321000 alive 14792970 genomes  774193 energy   183.1 births 166773589 deaths 166773975 (12298.9s) NVIDIA GeForce RTX 4090
tick  322000 alive 14801559 genomes  775166 energy   182.9 births 166791995 deaths 166783406 (12337.0s) NVIDIA GeForce RTX 4090
tick  323000 alive 14798042 genomes  774957 energy   183.0 births 166964553 deaths 166968070 (12375.0s) NVIDIA GeForce RTX 4090
tick  324000 alive 14807440 genomes  769898 energy   182.9 births 167114271 deaths 167104873 (12413.1s) NVIDIA GeForce RTX 4090
tick  325000 alive 14810855 genomes  765976 energy   182.9 births 167164790 deaths 167161375 (12451.2s) NVIDIA GeForce RTX 4090
tick  326000 alive 14814956 genomes  762930 energy   183.0 births 167086645 deaths 167082544 (12489.4s) NVIDIA GeForce RTX 4090
tick  327000 alive 14820568 genomes  764454 energy   183.0 births 167276082 deaths 167270470 (12527.4s) NVIDIA GeForce RTX 4090
tick  328000 alive 14818928 genomes  764708 energy   183.0 births 167244987 deaths 167246627 (12565.6s) NVIDIA GeForce RTX 4090
tick  329000 alive 14807436 genomes  768643 energy   183.0 births 167291236 deaths 167302728 (12603.6s) NVIDIA GeForce RTX 4090
tick  330000 alive 14813438 genomes  766184 energy   183.0 births 167452808 deaths 167446806 (12641.7s) NVIDIA GeForce RTX 4090
tick  331000 alive 14820598 genomes  768422 energy   182.8 births 167913905 deaths 167906745 (12679.7s) NVIDIA GeForce RTX 4090
tick  332000 alive 14808178 genomes  768257 energy   182.9 births 167978015 deaths 167990435 (12717.8s) NVIDIA GeForce RTX 4090
tick  333000 alive 14802368 genomes  764374 energy   182.8 births 167735384 deaths 167741194 (12755.8s) NVIDIA GeForce RTX 4090
tick  334000 alive 14812691 genomes  763395 energy   182.8 births 167873635 deaths 167863312 (12793.9s) NVIDIA GeForce RTX 4090
tick  335000 alive 14808899 genomes  764200 energy   182.8 births 168122404 deaths 168126196 (12832.0s) NVIDIA GeForce RTX 4090
tick  336000 alive 14808539 genomes  765837 energy   182.8 births 168091051 deaths 168091411 (12870.1s) NVIDIA GeForce RTX 4090
tick  337000 alive 14803342 genomes  766599 energy   182.7 births 168278366 deaths 168283563 (12908.1s) NVIDIA GeForce RTX 4090
tick  338000 alive 14812646 genomes  766088 energy   182.7 births 168365577 deaths 168356273 (12946.2s) NVIDIA GeForce RTX 4090
tick  339000 alive 14815563 genomes  766795 energy   182.6 births 168637818 deaths 168634901 (12984.2s) NVIDIA GeForce RTX 4090
tick  340000 alive 14811106 genomes  768102 energy   182.6 births 168755647 deaths 168760104 (13022.3s) NVIDIA GeForce RTX 4090
tick  341000 alive 14805757 genomes  769559 energy   182.5 births 169002174 deaths 169007523 (13060.3s) NVIDIA GeForce RTX 4090
tick  342000 alive 14818708 genomes  768325 energy   182.5 births 169283905 deaths 169270954 (13098.4s) NVIDIA GeForce RTX 4090
tick  343000 alive 14823378 genomes  766180 energy   182.5 births 169406008 deaths 169401338 (13136.4s) NVIDIA GeForce RTX 4090
tick  344000 alive 14818535 genomes  765180 energy   182.5 births 169419876 deaths 169424719 (13174.5s) NVIDIA GeForce RTX 4090
tick  345000 alive 14810401 genomes  765680 energy   182.4 births 169390790 deaths 169398924 (13212.5s) NVIDIA GeForce RTX 4090
tick  346000 alive 14822311 genomes  761989 energy   182.5 births 169394485 deaths 169382575 (13250.6s) NVIDIA GeForce RTX 4090
tick  347000 alive 14818857 genomes  763304 energy   182.6 births 169436743 deaths 169440197 (13288.7s) NVIDIA GeForce RTX 4090
tick  348000 alive 14824770 genomes  764148 energy   182.5 births 169518701 deaths 169512788 (13326.8s) NVIDIA GeForce RTX 4090
tick  349000 alive 14820249 genomes  764548 energy   182.5 births 169537292 deaths 169541813 (13364.8s) NVIDIA GeForce RTX 4090
tick  350000 alive 14816457 genomes  765193 energy   182.5 births 169525219 deaths 169529011 (13403.0s) NVIDIA GeForce RTX 4090
tick  351000 alive 14818598 genomes  765465 energy   182.4 births 169679474 deaths 169677333 (13441.0s) NVIDIA GeForce RTX 4090
tick  352000 alive 14824295 genomes  765488 energy   182.5 births 169749683 deaths 169743986 (13479.1s) NVIDIA GeForce RTX 4090
tick  353000 alive 14827387 genomes  764270 energy   182.4 births 169860727 deaths 169857635 (13517.1s) NVIDIA GeForce RTX 4090
tick  354000 alive 14827025 genomes  764004 energy   182.3 births 169956702 deaths 169957064 (13555.2s) NVIDIA GeForce RTX 4090
tick  355000 alive 14826825 genomes  764695 energy   182.3 births 170085527 deaths 170085727 (13593.2s) NVIDIA GeForce RTX 4090
tick  356000 alive 14818875 genomes  767462 energy   182.3 births 170277831 deaths 170285781 (13631.3s) NVIDIA GeForce RTX 4090
tick  357000 alive 14828981 genomes  767880 energy   182.3 births 170200220 deaths 170190114 (13669.3s) NVIDIA GeForce RTX 4090
tick  358000 alive 14849694 genomes  768188 energy   182.3 births 170439793 deaths 170419080 (13707.4s) NVIDIA GeForce RTX 4090
tick  359000 alive 14840266 genomes  766105 energy   182.3 births 170426210 deaths 170435638 (13745.4s) NVIDIA GeForce RTX 4090
tick  360000 alive 14832018 genomes  765124 energy   182.3 births 170388152 deaths 170396400 (13783.4s) NVIDIA GeForce RTX 4090
tick  361000 alive 14842966 genomes  762628 energy   182.4 births 170412784 deaths 170401836 (13821.4s) NVIDIA GeForce RTX 4090
tick  362000 alive 14864446 genomes  758885 energy   182.5 births 170403696 deaths 170382216 (13859.4s) NVIDIA GeForce RTX 4090
tick  363000 alive 14864028 genomes  757755 energy   182.5 births 170554118 deaths 170554536 (13897.4s) NVIDIA GeForce RTX 4090
tick  364000 alive 14838280 genomes  756560 energy   182.5 births 170448068 deaths 170473816 (13935.4s) NVIDIA GeForce RTX 4090
tick  365000 alive 14836123 genomes  756336 energy   182.4 births 170574424 deaths 170576581 (13973.4s) NVIDIA GeForce RTX 4090
tick  366000 alive 14841564 genomes  752709 energy   182.6 births 170494719 deaths 170489278 (14011.3s) NVIDIA GeForce RTX 4090
tick  367000 alive 14844108 genomes  754732 energy   182.4 births 170783974 deaths 170781430 (14049.2s) NVIDIA GeForce RTX 4090
tick  368000 alive 14841915 genomes  750635 energy   182.3 births 171307347 deaths 171309540 (14087.1s) NVIDIA GeForce RTX 4090
tick  369000 alive 14844379 genomes  753950 energy   182.2 births 171412647 deaths 171410183 (14125.0s) NVIDIA GeForce RTX 4090
tick  370000 alive 14830964 genomes  756266 energy   182.1 births 171462645 deaths 171476060 (14163.0s) NVIDIA GeForce RTX 4090
tick  371000 alive 14830701 genomes  756830 energy   182.1 births 171454698 deaths 171454961 (14200.8s) NVIDIA GeForce RTX 4090
tick  372000 alive 14840898 genomes  755701 energy   182.1 births 171554089 deaths 171543892 (14238.8s) NVIDIA GeForce RTX 4090
tick  373000 alive 14846714 genomes  757034 energy   182.3 births 171566527 deaths 171560711 (14276.6s) NVIDIA GeForce RTX 4090
tick  374000 alive 14852651 genomes  756188 energy   182.2 births 171605113 deaths 171599176 (14314.5s) NVIDIA GeForce RTX 4090
tick  375000 alive 14863305 genomes  754387 energy   182.3 births 171769347 deaths 171758693 (14352.2s) NVIDIA GeForce RTX 4090
tick  376000 alive 14856434 genomes  752379 energy   182.2 births 171809156 deaths 171816027 (14390.1s) NVIDIA GeForce RTX 4090
tick  377000 alive 14866896 genomes  751992 energy   182.3 births 171916270 deaths 171905808 (14427.8s) NVIDIA GeForce RTX 4090
tick  378000 alive 14850503 genomes  753949 energy   182.2 births 171777356 deaths 171793749 (14465.6s) NVIDIA GeForce RTX 4090
tick  379000 alive 14853947 genomes  754944 energy   182.2 births 171795334 deaths 171791890 (14503.3s) NVIDIA GeForce RTX 4090
tick  380000 alive 14854399 genomes  755520 energy   182.3 births 171839652 deaths 171839200 (14541.1s) NVIDIA GeForce RTX 4090
tick  381000 alive 14841232 genomes  754764 energy   182.4 births 171645024 deaths 171658191 (14578.8s) NVIDIA GeForce RTX 4090
tick  382000 alive 14843488 genomes  756746 energy   182.4 births 171495235 deaths 171492979 (14616.6s) NVIDIA GeForce RTX 4090
tick  383000 alive 14840319 genomes  756204 energy   182.3 births 171662426 deaths 171665595 (14654.3s) NVIDIA GeForce RTX 4090
tick  384000 alive 14845570 genomes  755279 energy   182.3 births 171765612 deaths 171760361 (14692.0s) NVIDIA GeForce RTX 4090
tick  385000 alive 14864493 genomes  752005 energy   182.2 births 172119893 deaths 172100970 (14729.6s) NVIDIA GeForce RTX 4090
tick  386000 alive 14878076 genomes  750330 energy   182.2 births 172499120 deaths 172485537 (14767.3s) NVIDIA GeForce RTX 4090
tick  387000 alive 14901632 genomes  749686 energy   182.1 births 172915083 deaths 172891527 (14805.0s) NVIDIA GeForce RTX 4090
tick  388000 alive 14899058 genomes  751116 energy   182.0 births 173335041 deaths 173337615 (14842.6s) NVIDIA GeForce RTX 4090
tick  389000 alive 14883669 genomes  752212 energy   182.0 births 173498251 deaths 173513640 (14880.2s) NVIDIA GeForce RTX 4090
tick  390000 alive 14894432 genomes  752207 energy   181.9 births 173761681 deaths 173750918 (14917.9s) NVIDIA GeForce RTX 4090
tick  391000 alive 14886687 genomes  750027 energy   182.0 births 173794834 deaths 173802579 (14955.4s) NVIDIA GeForce RTX 4090
tick  392000 alive 14892287 genomes  746449 energy   182.0 births 173727456 deaths 173721856 (14993.0s) NVIDIA GeForce RTX 4090
tick  393000 alive 14912409 genomes  744658 energy   182.2 births 173822753 deaths 173802631 (15030.6s) NVIDIA GeForce RTX 4090
tick  394000 alive 14913274 genomes  744338 energy   182.2 births 173775219 deaths 173774354 (15068.2s) NVIDIA GeForce RTX 4090
tick  395000 alive 14908595 genomes  743198 energy   182.2 births 173694905 deaths 173699584 (15105.7s) NVIDIA GeForce RTX 4090
tick  396000 alive 14906684 genomes  745264 energy   182.2 births 173714348 deaths 173716259 (15143.3s) NVIDIA GeForce RTX 4090
tick  397000 alive 14900319 genomes  744930 energy   182.2 births 173628352 deaths 173634717 (15180.8s) NVIDIA GeForce RTX 4090
tick  398000 alive 14904693 genomes  746521 energy   182.0 births 173942068 deaths 173937694 (15218.4s) NVIDIA GeForce RTX 4090
tick  399000 alive 14897775 genomes  745100 energy   182.0 births 174229181 deaths 174236099 (15255.9s) NVIDIA GeForce RTX 4090
tick  400000 alive 14890193 genomes  747292 energy   182.0 births 174260483 deaths 174268065 (15293.5s) NVIDIA GeForce RTX 4090
tick  401000 alive 14899748 genomes  749108 energy   182.0 births 174274957 deaths 174265402 (15330.9s) NVIDIA GeForce RTX 4090
tick  402000 alive 14896438 genomes  750775 energy   181.8 births 174628579 deaths 174631889 (15368.4s) NVIDIA GeForce RTX 4090
tick  403000 alive 14892788 genomes  751376 energy   181.8 births 175069886 deaths 175073536 (15405.9s) NVIDIA GeForce RTX 4090
tick  404000 alive 14887707 genomes  751577 energy   181.6 births 175407158 deaths 175412239 (15443.4s) NVIDIA GeForce RTX 4090
tick  405000 alive 14894117 genomes  748748 energy   181.6 births 175771994 deaths 175765584 (15480.9s) NVIDIA GeForce RTX 4090
tick  406000 alive 14893606 genomes  744659 energy   181.6 births 175751479 deaths 175751990 (15518.4s) NVIDIA GeForce RTX 4090
tick  407000 alive 14892996 genomes  743225 energy   181.7 births 175759751 deaths 175760361 (15555.8s) NVIDIA GeForce RTX 4090
tick  408000 alive 14884857 genomes  744687 energy   181.7 births 175583760 deaths 175591899 (15593.2s) NVIDIA GeForce RTX 4090
tick  409000 alive 14889099 genomes  744041 energy   181.8 births 175509875 deaths 175505633 (15630.7s) NVIDIA GeForce RTX 4090
tick  410000 alive 14897490 genomes  744634 energy   181.8 births 175655699 deaths 175647308 (15668.2s) NVIDIA GeForce RTX 4090
tick  411000 alive 14899914 genomes  742647 energy   181.8 births 175620206 deaths 175617782 (15705.7s) NVIDIA GeForce RTX 4090
tick  412000 alive 14888098 genomes  743547 energy   181.7 births 175720189 deaths 175732005 (15743.2s) NVIDIA GeForce RTX 4090
tick  413000 alive 14889098 genomes  744147 energy   181.6 births 175756350 deaths 175755350 (15780.7s) NVIDIA GeForce RTX 4090
tick  414000 alive 14905298 genomes  744842 energy   181.6 births 175916438 deaths 175900238 (15818.3s) NVIDIA GeForce RTX 4090
tick  415000 alive 14899677 genomes  745181 energy   181.7 births 175991857 deaths 175997478 (15855.8s) NVIDIA GeForce RTX 4090
tick  416000 alive 14893365 genomes  745322 energy   181.7 births 175800652 deaths 175806964 (15893.3s) NVIDIA GeForce RTX 4090
tick  417000 alive 14896157 genomes  745186 energy   181.7 births 175891659 deaths 175888867 (15930.8s) NVIDIA GeForce RTX 4090
tick  418000 alive 14894838 genomes  745489 energy   181.7 births 176047411 deaths 176048730 (15968.3s) NVIDIA GeForce RTX 4090
tick  419000 alive 14882166 genomes  745284 energy   181.7 births 175802921 deaths 175815593 (16005.7s) NVIDIA GeForce RTX 4090
tick  420000 alive 14875480 genomes  741598 energy   181.9 births 175426095 deaths 175432781 (16043.2s) NVIDIA GeForce RTX 4090
tick  421000 alive 14874910 genomes  739100 energy   182.0 births 175143145 deaths 175143715 (16080.6s) NVIDIA GeForce RTX 4090
tick  422000 alive 14863613 genomes  735221 energy   182.0 births 174866434 deaths 174877731 (16118.1s) NVIDIA GeForce RTX 4090
tick  423000 alive 14869012 genomes  734293 energy   182.0 births 174903983 deaths 174898584 (16155.5s) NVIDIA GeForce RTX 4090
tick  424000 alive 14871519 genomes  731560 energy   182.1 births 174619810 deaths 174617303 (16193.0s) NVIDIA GeForce RTX 4090
tick  425000 alive 14865736 genomes  729303 energy   182.0 births 174560862 deaths 174566645 (16230.4s) NVIDIA GeForce RTX 4090
tick  426000 alive 14857499 genomes  727599 energy   182.0 births 174422969 deaths 174431206 (16267.7s) NVIDIA GeForce RTX 4090
tick  427000 alive 14872785 genomes  725914 energy   182.0 births 174590096 deaths 174574810 (16305.1s) NVIDIA GeForce RTX 4090
tick  428000 alive 14862665 genomes  726549 energy   182.1 births 174445153 deaths 174455273 (16342.5s) NVIDIA GeForce RTX 4090
tick  429000 alive 14880877 genomes  722503 energy   182.2 births 174470778 deaths 174452566 (16379.8s) NVIDIA GeForce RTX 4090
tick  430000 alive 14896827 genomes  720853 energy   182.2 births 174631767 deaths 174615817 (16417.2s) NVIDIA GeForce RTX 4090
tick  431000 alive 14899496 genomes  719145 energy   182.2 births 174745819 deaths 174743150 (16454.5s) NVIDIA GeForce RTX 4090
tick  432000 alive 14894163 genomes  717560 energy   182.2 births 174897332 deaths 174902665 (16491.9s) NVIDIA GeForce RTX 4090
tick  433000 alive 14885005 genomes  717623 energy   182.1 births 174889680 deaths 174898838 (16529.2s) NVIDIA GeForce RTX 4090
tick  434000 alive 14886168 genomes  717059 energy   182.2 births 174940784 deaths 174939621 (16566.6s) NVIDIA GeForce RTX 4090
tick  435000 alive 14886040 genomes  715052 energy   182.1 births 175083679 deaths 175083807 (16603.9s) NVIDIA GeForce RTX 4090
tick  436000 alive 14899916 genomes  712687 energy   182.1 births 175109858 deaths 175095982 (16641.2s) NVIDIA GeForce RTX 4090
tick  437000 alive 14911289 genomes  711541 energy   182.0 births 175384380 deaths 175373007 (16678.5s) NVIDIA GeForce RTX 4090
tick  438000 alive 14914047 genomes  709046 energy   182.0 births 175739809 deaths 175737051 (16715.8s) NVIDIA GeForce RTX 4090
tick  439000 alive 14911246 genomes  708727 energy   181.9 births 176039780 deaths 176042581 (16753.0s) NVIDIA GeForce RTX 4090
tick  440000 alive 14910211 genomes  708893 energy   182.0 births 176086178 deaths 176087213 (16790.3s) NVIDIA GeForce RTX 4090
tick  441000 alive 14914577 genomes  706844 energy   182.0 births 176088791 deaths 176084425 (16827.5s) NVIDIA GeForce RTX 4090
tick  442000 alive 14916063 genomes  706304 energy   182.2 births 175953928 deaths 175952442 (16864.7s) NVIDIA GeForce RTX 4090
tick  443000 alive 14908481 genomes  708036 energy   182.1 births 175744726 deaths 175752308 (16901.9s) NVIDIA GeForce RTX 4090
tick  444000 alive 14889718 genomes  711910 energy   182.1 births 175588246 deaths 175607009 (16939.1s) NVIDIA GeForce RTX 4090
tick  445000 alive 14876615 genomes  714752 energy   182.1 births 175401837 deaths 175414940 (16976.3s) NVIDIA GeForce RTX 4090
tick  446000 alive 14865034 genomes  717562 energy   182.1 births 175375668 deaths 175387249 (17013.5s) NVIDIA GeForce RTX 4090
tick  447000 alive 14866026 genomes  717928 energy   182.1 births 175222982 deaths 175221990 (17050.6s) NVIDIA GeForce RTX 4090
tick  448000 alive 14880369 genomes  718977 energy   182.0 births 175494005 deaths 175479662 (17087.9s) NVIDIA GeForce RTX 4090
tick  449000 alive 14879174 genomes  717754 energy   182.0 births 175657523 deaths 175658718 (17125.0s) NVIDIA GeForce RTX 4090
tick  450000 alive 14873280 genomes  719651 energy   182.0 births 175723356 deaths 175729250 (17162.3s) NVIDIA GeForce RTX 4090
tick  451000 alive 14867017 genomes  720694 energy   182.0 births 175628555 deaths 175634818 (17199.5s) NVIDIA GeForce RTX 4090
tick  452000 alive 14864855 genomes  719132 energy   182.0 births 175492833 deaths 175494995 (17236.8s) NVIDIA GeForce RTX 4090
tick  453000 alive 14863679 genomes  717862 energy   182.0 births 175325380 deaths 175326556 (17274.0s) NVIDIA GeForce RTX 4090
tick  454000 alive 14877359 genomes  716231 energy   182.1 births 175495734 deaths 175482054 (17311.3s) NVIDIA GeForce RTX 4090
tick  455000 alive 14887979 genomes  715720 energy   182.0 births 175508391 deaths 175497771 (17348.4s) NVIDIA GeForce RTX 4090
tick  456000 alive 14896418 genomes  718470 energy   182.0 births 175617422 deaths 175608983 (17385.7s) NVIDIA GeForce RTX 4090
tick  457000 alive 14894874 genomes  720689 energy   181.9 births 175857083 deaths 175858627 (17422.9s) NVIDIA GeForce RTX 4090
tick  458000 alive 14880096 genomes  720168 energy   182.1 births 175676714 deaths 175691492 (17460.2s) NVIDIA GeForce RTX 4090
tick  459000 alive 14875616 genomes  716696 energy   182.1 births 175447243 deaths 175451723 (17497.4s) NVIDIA GeForce RTX 4090
tick  460000 alive 14867575 genomes  715907 energy   182.1 births 175245363 deaths 175253404 (17534.6s) NVIDIA GeForce RTX 4090
tick  461000 alive 14873597 genomes  712033 energy   182.1 births 175019264 deaths 175013242 (17571.8s) NVIDIA GeForce RTX 4090
tick  462000 alive 14886775 genomes  711968 energy   182.0 births 175193544 deaths 175180366 (17609.1s) NVIDIA GeForce RTX 4090
tick  463000 alive 14899747 genomes  710113 energy   182.1 births 175387966 deaths 175374994 (17646.2s) NVIDIA GeForce RTX 4090
tick  464000 alive 14907151 genomes  709975 energy   182.0 births 175335855 deaths 175328451 (17683.5s) NVIDIA GeForce RTX 4090
tick  465000 alive 14903713 genomes  707316 energy   182.1 births 175367150 deaths 175370588 (17720.6s) NVIDIA GeForce RTX 4090
tick  466000 alive 14905598 genomes  705115 energy   182.0 births 175375432 deaths 175373547 (17757.8s) NVIDIA GeForce RTX 4090
tick  467000 alive 14914806 genomes  702891 energy   182.1 births 175375842 deaths 175366634 (17794.9s) NVIDIA GeForce RTX 4090
tick  468000 alive 14925267 genomes  700483 energy   182.1 births 175270429 deaths 175259968 (17832.0s) NVIDIA GeForce RTX 4090
tick  469000 alive 14937618 genomes  697458 energy   182.0 births 175309238 deaths 175296887 (17869.1s) NVIDIA GeForce RTX 4090
tick  470000 alive 14937905 genomes  693008 energy   182.0 births 175625607 deaths 175625320 (17906.3s) NVIDIA GeForce RTX 4090
tick  471000 alive 14943022 genomes  692598 energy   182.0 births 175979015 deaths 175973898 (17943.4s) NVIDIA GeForce RTX 4090
tick  472000 alive 14936835 genomes  695461 energy   182.0 births 176237918 deaths 176244105 (17980.5s) NVIDIA GeForce RTX 4090
tick  473000 alive 14918921 genomes  695190 energy   181.9 births 176196381 deaths 176214295 (18017.6s) NVIDIA GeForce RTX 4090
tick  474000 alive 14915673 genomes  692644 energy   182.0 births 175975338 deaths 175978586 (18054.7s) NVIDIA GeForce RTX 4090
tick  475000 alive 14919192 genomes  688765 energy   182.1 births 175735959 deaths 175732440 (18091.8s) NVIDIA GeForce RTX 4090
tick  476000 alive 14927383 genomes  686239 energy   182.1 births 175753755 deaths 175745564 (18128.8s) NVIDIA GeForce RTX 4090
tick  477000 alive 14932452 genomes  685716 energy   182.1 births 175710731 deaths 175705662 (18165.8s) NVIDIA GeForce RTX 4090
tick  478000 alive 14923401 genomes  687271 energy   181.9 births 175809644 deaths 175818695 (18202.8s) NVIDIA GeForce RTX 4090
tick  479000 alive 14927977 genomes  686112 energy   181.9 births 176156558 deaths 176151982 (18239.8s) NVIDIA GeForce RTX 4090
tick  480000 alive 14928540 genomes  684764 energy   181.8 births 176337261 deaths 176336698 (18276.8s) NVIDIA GeForce RTX 4090
tick  481000 alive 14920801 genomes  684922 energy   181.8 births 176540005 deaths 176547744 (18313.8s) NVIDIA GeForce RTX 4090
tick  482000 alive 14914767 genomes  685268 energy   181.7 births 176771696 deaths 176777730 (18350.8s) NVIDIA GeForce RTX 4090
tick  483000 alive 14916976 genomes  687513 energy   181.7 births 176903078 deaths 176900869 (18387.8s) NVIDIA GeForce RTX 4090
tick  484000 alive 14907303 genomes  686921 energy   181.6 births 176985203 deaths 176994876 (18424.8s) NVIDIA GeForce RTX 4090
tick  485000 alive 14907999 genomes  686501 energy   181.6 births 176867562 deaths 176866866 (18461.8s) NVIDIA GeForce RTX 4090
tick  486000 alive 14916757 genomes  681782 energy   181.7 births 176835202 deaths 176826444 (18498.8s) NVIDIA GeForce RTX 4090
tick  487000 alive 14913372 genomes  679129 energy   181.6 births 176644697 deaths 176648082 (18535.8s) NVIDIA GeForce RTX 4090
tick  488000 alive 14926974 genomes  677764 energy   181.6 births 176907620 deaths 176894018 (18572.8s) NVIDIA GeForce RTX 4090
tick  489000 alive 14931394 genomes  676428 energy   181.7 births 176893311 deaths 176888891 (18609.7s) NVIDIA GeForce RTX 4090
tick  490000 alive 14934510 genomes  673952 energy   181.7 births 176880928 deaths 176877812 (18646.6s) NVIDIA GeForce RTX 4090
tick  491000 alive 14924441 genomes  675097 energy   181.6 births 176966230 deaths 176976299 (18683.6s) NVIDIA GeForce RTX 4090
tick  492000 alive 14924950 genomes  674287 energy   181.6 births 176977914 deaths 176977405 (18720.6s) NVIDIA GeForce RTX 4090
tick  493000 alive 14929871 genomes  675611 energy   181.5 births 177104226 deaths 177099305 (18757.5s) NVIDIA GeForce RTX 4090
tick  494000 alive 14940064 genomes  673782 energy   181.4 births 177460649 deaths 177450456 (18794.5s) NVIDIA GeForce RTX 4090
tick  495000 alive 14955254 genomes  673377 energy   181.4 births 177795954 deaths 177780764 (18831.5s) NVIDIA GeForce RTX 4090
tick  496000 alive 14952006 genomes  673127 energy   181.3 births 178047974 deaths 178051222 (18868.5s) NVIDIA GeForce RTX 4090
tick  497000 alive 14951000 genomes  672087 energy   181.4 births 178015352 deaths 178016358 (18905.4s) NVIDIA GeForce RTX 4090
tick  498000 alive 14945227 genomes  671692 energy   181.5 births 177687206 deaths 177692979 (18942.5s) NVIDIA GeForce RTX 4090
tick  499000 alive 14940662 genomes  670331 energy   181.6 births 177342846 deaths 177347411 (18979.3s) NVIDIA GeForce RTX 4090
tick  500000 alive 14943229 genomes  664701 energy   181.7 births 177221727 deaths 177219160 (19016.2s) NVIDIA GeForce RTX 4090
tick  501000 alive 14953051 genomes  663446 energy   181.8 births 177250105 deaths 177240283 (19053.1s) NVIDIA GeForce RTX 4090
tick  502000 alive 14947399 genomes  662243 energy   181.8 births 177152987 deaths 177158639 (19090.0s) NVIDIA GeForce RTX 4090
tick  503000 alive 14937446 genomes  663466 energy   181.6 births 177238056 deaths 177248009 (19126.9s) NVIDIA GeForce RTX 4090
tick  504000 alive 14936128 genomes  665007 energy   181.7 births 177319049 deaths 177320367 (19163.8s) NVIDIA GeForce RTX 4090
tick  505000 alive 14942416 genomes  665319 energy   181.6 births 177318728 deaths 177312440 (19200.7s) NVIDIA GeForce RTX 4090
tick  506000 alive 14946257 genomes  664972 energy   181.6 births 177515304 deaths 177511463 (19237.7s) NVIDIA GeForce RTX 4090
tick  507000 alive 14942766 genomes  665440 energy   181.5 births 177634114 deaths 177637605 (19274.6s) NVIDIA GeForce RTX 4090
tick  508000 alive 14947067 genomes  662199 energy   181.6 births 177543372 deaths 177539071 (19311.6s) NVIDIA GeForce RTX 4090
tick  509000 alive 14948422 genomes  657442 energy   181.6 births 177501941 deaths 177500586 (19348.5s) NVIDIA GeForce RTX 4090
tick  510000 alive 14943610 genomes  655570 energy   181.7 births 177440134 deaths 177444946 (19385.5s) NVIDIA GeForce RTX 4090
tick  511000 alive 14941604 genomes  651056 energy   181.7 births 177349875 deaths 177351881 (19422.4s) NVIDIA GeForce RTX 4090
tick  512000 alive 14946391 genomes  646567 energy   181.8 births 177053706 deaths 177048919 (19459.3s) NVIDIA GeForce RTX 4090
tick  513000 alive 14959175 genomes  644026 energy   181.9 births 177023234 deaths 177010450 (19496.0s) NVIDIA GeForce RTX 4090
tick  514000 alive 14956098 genomes  641332 energy   182.0 births 176668911 deaths 176671988 (19532.9s) NVIDIA GeForce RTX 4090
tick  515000 alive 14953887 genomes  641143 energy   182.1 births 176160304 deaths 176162515 (19569.7s) NVIDIA GeForce RTX 4090
tick  516000 alive 14937137 genomes  646537 energy   182.1 births 175882494 deaths 175899244 (19606.6s) NVIDIA GeForce RTX 4090
tick  517000 alive 14921759 genomes  646372 energy   182.1 births 175554835 deaths 175570213 (19643.4s) NVIDIA GeForce RTX 4090
tick  518000 alive 14920694 genomes  647420 energy   181.9 births 175632625 deaths 175633690 (19680.2s) NVIDIA GeForce RTX 4090
tick  519000 alive 14924119 genomes  645675 energy   182.0 births 175888978 deaths 175885553 (19717.0s) NVIDIA GeForce RTX 4090
tick  520000 alive 14921167 genomes  643018 energy   181.9 births 175713289 deaths 175716241 (19753.8s) NVIDIA GeForce RTX 4090
tick  521000 alive 14925827 genomes  638314 energy   181.9 births 175821600 deaths 175816940 (19790.6s) NVIDIA GeForce RTX 4090
tick  522000 alive 14932003 genomes  632855 energy   181.9 births 176034247 deaths 176028071 (19827.6s) NVIDIA GeForce RTX 4090
tick  523000 alive 14944109 genomes  628165 energy   182.0 births 175927558 deaths 175915452 (19864.3s) NVIDIA GeForce RTX 4090
tick  524000 alive 14963975 genomes  621853 energy   182.0 births 175914646 deaths 175894780 (19901.2s) NVIDIA GeForce RTX 4090
tick  525000 alive 14962792 genomes  616688 energy   182.2 births 175826727 deaths 175827910 (19937.9s) NVIDIA GeForce RTX 4090
tick  526000 alive 14953329 genomes  616134 energy   182.2 births 175549710 deaths 175559173 (19974.7s) NVIDIA GeForce RTX 4090
tick  527000 alive 14948268 genomes  615654 energy   182.2 births 175534421 deaths 175539482 (20011.4s) NVIDIA GeForce RTX 4090
tick  528000 alive 14935153 genomes  616369 energy   182.3 births 175148894 deaths 175162009 (20048.2s) NVIDIA GeForce RTX 4090
tick  529000 alive 14930166 genomes  618540 energy   182.2 births 175065802 deaths 175070789 (20085.0s) NVIDIA GeForce RTX 4090
tick  530000 alive 14923547 genomes  620336 energy   182.0 births 175244483 deaths 175251102 (20121.8s) NVIDIA GeForce RTX 4090
tick  531000 alive 14937966 genomes  616947 energy   182.1 births 175330712 deaths 175316293 (20158.5s) NVIDIA GeForce RTX 4090
tick  532000 alive 14951428 genomes  613399 energy   182.2 births 175281148 deaths 175267686 (20195.3s) NVIDIA GeForce RTX 4090
tick  533000 alive 14964613 genomes  611862 energy   182.2 births 175135346 deaths 175122161 (20232.0s) NVIDIA GeForce RTX 4090
tick  534000 alive 14959385 genomes  609704 energy   182.2 births 175169880 deaths 175175108 (20268.8s) NVIDIA GeForce RTX 4090
tick  535000 alive 14953548 genomes  608380 energy   182.3 births 174782829 deaths 174788666 (20305.6s) NVIDIA GeForce RTX 4090
tick  536000 alive 14957787 genomes  604543 energy   182.4 births 174405382 deaths 174401143 (20342.3s) NVIDIA GeForce RTX 4090
tick  537000 alive 14962579 genomes  604426 energy   182.4 births 174218338 deaths 174213546 (20379.0s) NVIDIA GeForce RTX 4090
tick  538000 alive 14974252 genomes  603273 energy   182.5 births 173978243 deaths 173966570 (20415.7s) NVIDIA GeForce RTX 4090
tick  539000 alive 14963107 genomes  603999 energy   182.5 births 173857573 deaths 173868718 (20452.4s) NVIDIA GeForce RTX 4090
tick  540000 alive 14969811 genomes  605630 energy   182.5 births 173736498 deaths 173729794 (20489.2s) NVIDIA GeForce RTX 4090
tick  541000 alive 14960117 genomes  605352 energy   182.5 births 173677533 deaths 173687227 (20525.8s) NVIDIA GeForce RTX 4090
tick  542000 alive 14960675 genomes  607081 energy   182.6 births 173437283 deaths 173436725 (20562.6s) NVIDIA GeForce RTX 4090
tick  543000 alive 14969308 genomes  606865 energy   182.6 births 173411429 deaths 173402796 (20599.2s) NVIDIA GeForce RTX 4090
tick  544000 alive 14971318 genomes  601638 energy   182.6 births 173330533 deaths 173328523 (20635.9s) NVIDIA GeForce RTX 4090
tick  545000 alive 14978156 genomes  599206 energy   182.6 births 173019726 deaths 173012888 (20672.5s) NVIDIA GeForce RTX 4090
tick  546000 alive 14979341 genomes  597049 energy   182.7 births 173006754 deaths 173005569 (20709.2s) NVIDIA GeForce RTX 4090
tick  547000 alive 14971024 genomes  595186 energy   182.8 births 172534911 deaths 172543228 (20745.7s) NVIDIA GeForce RTX 4090
tick  548000 alive 14974426 genomes  593542 energy   182.8 births 172253659 deaths 172250257 (20782.3s) NVIDIA GeForce RTX 4090
tick  549000 alive 14979041 genomes  593821 energy   182.6 births 172555154 deaths 172550539 (20818.9s) NVIDIA GeForce RTX 4090
tick  550000 alive 14994401 genomes  591841 energy   182.6 births 172840815 deaths 172825455 (20855.5s) NVIDIA GeForce RTX 4090
tick  551000 alive 14993710 genomes  594442 energy   182.6 births 172988702 deaths 172989393 (20892.0s) NVIDIA GeForce RTX 4090
tick  552000 alive 14982815 genomes  596069 energy   182.7 births 172728883 deaths 172739778 (20928.6s) NVIDIA GeForce RTX 4090
tick  553000 alive 14980612 genomes  598937 energy   182.7 births 172418999 deaths 172421202 (20965.1s) NVIDIA GeForce RTX 4090
tick  554000 alive 14971281 genomes  600710 energy   182.8 births 172297084 deaths 172306415 (21001.7s) NVIDIA GeForce RTX 4090
tick  555000 alive 14970681 genomes  600326 energy   182.7 births 172137431 deaths 172138031 (21038.2s) NVIDIA GeForce RTX 4090
tick  556000 alive 14970946 genomes  600399 energy   182.8 births 172029595 deaths 172029330 (21074.9s) NVIDIA GeForce RTX 4090
tick  557000 alive 14977865 genomes  600473 energy   182.8 births 171865802 deaths 171858883 (21111.4s) NVIDIA GeForce RTX 4090
tick  558000 alive 14974816 genomes  599765 energy   182.8 births 171925130 deaths 171928179 (21148.0s) NVIDIA GeForce RTX 4090
tick  559000 alive 14977317 genomes  595328 energy   182.9 births 171821410 deaths 171818909 (21184.4s) NVIDIA GeForce RTX 4090
tick  560000 alive 14984474 genomes  593663 energy   182.9 births 171745796 deaths 171738639 (21221.0s) NVIDIA GeForce RTX 4090
tick  561000 alive 15011014 genomes  590155 energy   183.0 births 171749202 deaths 171722662 (21257.4s) NVIDIA GeForce RTX 4090
tick  562000 alive 15008951 genomes  586414 energy   183.0 births 171524647 deaths 171526710 (21294.0s) NVIDIA GeForce RTX 4090
tick  563000 alive 15012133 genomes  585307 energy   182.9 births 171671968 deaths 171668786 (21330.5s) NVIDIA GeForce RTX 4090
tick  564000 alive 15002691 genomes  584852 energy   182.9 births 171627783 deaths 171637225 (21367.1s) NVIDIA GeForce RTX 4090
tick  565000 alive 15000942 genomes  585030 energy   183.0 births 171606620 deaths 171608369 (21403.5s) NVIDIA GeForce RTX 4090
tick  566000 alive 14994785 genomes  582220 energy   183.0 births 171449402 deaths 171455559 (21440.0s) NVIDIA GeForce RTX 4090
tick  567000 alive 14992858 genomes  577219 energy   183.2 births 171022520 deaths 171024447 (21476.5s) NVIDIA GeForce RTX 4090
tick  568000 alive 14995197 genomes  576515 energy   183.2 births 170827539 deaths 170825200 (21513.0s) NVIDIA GeForce RTX 4090
tick  569000 alive 15010660 genomes  575636 energy   183.2 births 170896559 deaths 170881096 (21549.4s) NVIDIA GeForce RTX 4090
tick  570000 alive 15015873 genomes  574819 energy   183.2 births 171073634 deaths 171068421 (21585.9s) NVIDIA GeForce RTX 4090
tick  571000 alive 15009436 genomes  572451 energy   183.2 births 171004633 deaths 171011070 (21622.3s) NVIDIA GeForce RTX 4090
tick  572000 alive 15008192 genomes  572528 energy   183.2 births 171100553 deaths 171101797 (21658.8s) NVIDIA GeForce RTX 4090
tick  573000 alive 15003336 genomes  570669 energy   183.2 births 170976643 deaths 170981499 (21695.2s) NVIDIA GeForce RTX 4090
tick  574000 alive 15002010 genomes  571110 energy   183.4 births 170786644 deaths 170787970 (21731.6s) NVIDIA GeForce RTX 4090
tick  575000 alive 14985651 genomes  569762 energy   183.4 births 170305718 deaths 170322077 (21768.0s) NVIDIA GeForce RTX 4090
tick  576000 alive 14990635 genomes  568386 energy   183.3 births 170266531 deaths 170261547 (21804.5s) NVIDIA GeForce RTX 4090
tick  577000 alive 15006561 genomes  567376 energy   183.3 births 170460825 deaths 170444899 (21840.8s) NVIDIA GeForce RTX 4090
tick  578000 alive 15010305 genomes  564580 energy   183.4 births 170483781 deaths 170480037 (21877.3s) NVIDIA GeForce RTX 4090
tick  579000 alive 15002913 genomes  562925 energy   183.5 births 170261662 deaths 170269054 (21913.6s) NVIDIA GeForce RTX 4090
tick  580000 alive 15004923 genomes  561731 energy   183.4 births 170163083 deaths 170161073 (21950.0s) NVIDIA GeForce RTX 4090
tick  581000 alive 15001957 genomes  559110 energy   183.3 births 170162217 deaths 170165183 (21986.3s) NVIDIA GeForce RTX 4090
tick  582000 alive 15017354 genomes  557426 energy   183.4 births 170236743 deaths 170221346 (22022.7s) NVIDIA GeForce RTX 4090
tick  583000 alive 15027351 genomes  556876 energy   183.4 births 170422401 deaths 170412404 (22059.0s) NVIDIA GeForce RTX 4090
tick  584000 alive 15028181 genomes  559509 energy   183.4 births 170408718 deaths 170407888 (22095.4s) NVIDIA GeForce RTX 4090
tick  585000 alive 15018394 genomes  562049 energy   183.5 births 170201326 deaths 170211113 (22131.7s) NVIDIA GeForce RTX 4090
tick  586000 alive 15023484 genomes  562183 energy   183.5 births 170210410 deaths 170205320 (22168.0s) NVIDIA GeForce RTX 4090
tick  587000 alive 15017468 genomes  562600 energy   183.5 births 170156200 deaths 170162216 (22204.3s) NVIDIA GeForce RTX 4090
tick  588000 alive 15022786 genomes  561219 energy   183.6 births 170051405 deaths 170046087 (22240.6s) NVIDIA GeForce RTX 4090
tick  589000 alive 15019292 genomes  559824 energy   183.5 births 170047761 deaths 170051255 (22276.9s) NVIDIA GeForce RTX 4090
tick  590000 alive 15017674 genomes  557752 energy   183.5 births 170139119 deaths 170140737 (22313.3s) NVIDIA GeForce RTX 4090
tick  591000 alive 15026546 genomes  554970 energy   183.5 births 170140325 deaths 170131453 (22349.6s) NVIDIA GeForce RTX 4090
tick  592000 alive 15023207 genomes  554062 energy   183.4 births 170238845 deaths 170242184 (22385.9s) NVIDIA GeForce RTX 4090
tick  593000 alive 15025723 genomes  553875 energy   183.4 births 170361176 deaths 170358660 (22422.2s) NVIDIA GeForce RTX 4090
tick  594000 alive 15014303 genomes  552067 energy   183.5 births 170100563 deaths 170111983 (22458.6s) NVIDIA GeForce RTX 4090
tick  595000 alive 15010834 genomes  552643 energy   183.6 births 169771101 deaths 169774570 (22494.8s) NVIDIA GeForce RTX 4090
tick  596000 alive 15010402 genomes  552867 energy   183.6 births 169623983 deaths 169624415 (22531.1s) NVIDIA GeForce RTX 4090
tick  597000 alive 15008235 genomes  552850 energy   183.6 births 169500661 deaths 169502828 (22567.4s) NVIDIA GeForce RTX 4090
tick  598000 alive 14992261 genomes  553210 energy   183.6 births 169315886 deaths 169331860 (22603.8s) NVIDIA GeForce RTX 4090
tick  599000 alive 14991539 genomes  550695 energy   183.6 births 169141432 deaths 169142154 (22640.0s) NVIDIA GeForce RTX 4090
tick  600000 alive 14991649 genomes  545732 energy   183.6 births 169011118 deaths 169011008 (22676.3s) NVIDIA GeForce RTX 4090
tick  601000 alive 14975861 genomes  544300 energy   183.7 births 168887227 deaths 168903015 (22712.6s) NVIDIA GeForce RTX 4090
tick  602000 alive 14981042 genomes  541621 energy   183.6 births 168731176 deaths 168725995 (22748.9s) NVIDIA GeForce RTX 4090
tick  603000 alive 14977329 genomes  536503 energy   183.6 births 168691989 deaths 168695702 (22785.2s) NVIDIA GeForce RTX 4090
tick  604000 alive 14995302 genomes  534899 energy   183.6 births 168780190 deaths 168762217 (22821.5s) NVIDIA GeForce RTX 4090
tick  605000 alive 14997747 genomes  532986 energy   183.6 births 168880880 deaths 168878435 (22857.7s) NVIDIA GeForce RTX 4090
tick  606000 alive 14998660 genomes  532789 energy   183.7 births 168932973 deaths 168932060 (22894.0s) NVIDIA GeForce RTX 4090
tick  607000 alive 14991168 genomes  531602 energy   183.7 births 168794517 deaths 168802009 (22930.2s) NVIDIA GeForce RTX 4090
tick  608000 alive 14984001 genomes  531839 energy   183.6 births 168824285 deaths 168831452 (22966.5s) NVIDIA GeForce RTX 4090
tick  609000 alive 14986699 genomes  529498 energy   183.7 births 168660709 deaths 168658011 (23002.7s) NVIDIA GeForce RTX 4090
tick  610000 alive 14996192 genomes  524871 energy   183.8 births 168582539 deaths 168573046 (23039.1s) NVIDIA GeForce RTX 4090
tick  611000 alive 14993720 genomes  525012 energy   183.8 births 168443441 deaths 168445913 (23075.3s) NVIDIA GeForce RTX 4090
tick  612000 alive 14998369 genomes  522481 energy   183.8 births 168369268 deaths 168364619 (23111.6s) NVIDIA GeForce RTX 4090
tick  613000 alive 14990226 genomes  522686 energy   183.8 births 168348107 deaths 168356250 (23147.8s) NVIDIA GeForce RTX 4090
tick  614000 alive 14991075 genomes  522349 energy   183.8 births 168342268 deaths 168341419 (23184.0s) NVIDIA GeForce RTX 4090
tick  615000 alive 15001904 genomes  520234 energy   183.9 births 168216363 deaths 168205534 (23220.2s) NVIDIA GeForce RTX 4090
tick  616000 alive 15012648 genomes  515731 energy   183.9 births 168142053 deaths 168131309 (23256.4s) NVIDIA GeForce RTX 4090
tick  617000 alive 15029890 genomes  514762 energy   183.9 births 168163552 deaths 168146310 (23292.6s) NVIDIA GeForce RTX 4090
tick  618000 alive 15025364 genomes  512815 energy   184.0 births 168131295 deaths 168135821 (23328.8s) NVIDIA GeForce RTX 4090
tick  619000 alive 15026388 genomes  514584 energy   184.0 births 167988189 deaths 167987165 (23364.9s) NVIDIA GeForce RTX 4090
tick  620000 alive 15026609 genomes  517242 energy   184.1 births 167934695 deaths 167934474 (23401.1s) NVIDIA GeForce RTX 4090
tick  621000 alive 15033501 genomes  515796 energy   184.1 births 167775706 deaths 167768814 (23437.2s) NVIDIA GeForce RTX 4090
tick  622000 alive 15031216 genomes  516579 energy   184.2 births 167586916 deaths 167589201 (23473.4s) NVIDIA GeForce RTX 4090
tick  623000 alive 15011620 genomes  516365 energy   184.3 births 167259279 deaths 167278875 (23509.6s) NVIDIA GeForce RTX 4090
tick  624000 alive 15018029 genomes  517717 energy   184.3 births 167075158 deaths 167068749 (23545.9s) NVIDIA GeForce RTX 4090
tick  625000 alive 15022657 genomes  519515 energy   184.4 births 166848721 deaths 166844093 (23582.0s) NVIDIA GeForce RTX 4090
tick  626000 alive 15018609 genomes  519219 energy   184.4 births 166689681 deaths 166693729 (23618.2s) NVIDIA GeForce RTX 4090
tick  627000 alive 15016210 genomes  516963 energy   184.4 births 166635483 deaths 166637882 (23654.3s) NVIDIA GeForce RTX 4090
tick  628000 alive 15027334 genomes  513543 energy   184.4 births 166673611 deaths 166662487 (23690.5s) NVIDIA GeForce RTX 4090
tick  629000 alive 15011497 genomes  511585 energy   184.4 births 166490785 deaths 166506622 (23726.6s) NVIDIA GeForce RTX 4090
tick  630000 alive 15002335 genomes  509242 energy   184.5 births 166068301 deaths 166077463 (23762.8s) NVIDIA GeForce RTX 4090
tick  631000 alive 15012736 genomes  508872 energy   184.5 births 166079616 deaths 166069215 (23798.9s) NVIDIA GeForce RTX 4090
tick  632000 alive 15028775 genomes  508295 energy   184.5 births 166179838 deaths 166163799 (23835.1s) NVIDIA GeForce RTX 4090
tick  633000 alive 15032904 genomes  507443 energy   184.4 births 166383965 deaths 166379836 (23871.3s) NVIDIA GeForce RTX 4090
tick  634000 alive 15031671 genomes  506492 energy   184.5 births 166355543 deaths 166356776 (23907.4s) NVIDIA GeForce RTX 4090
tick  635000 alive 15037225 genomes  504318 energy   184.6 births 166251061 deaths 166245507 (23943.4s) NVIDIA GeForce RTX 4090
tick  636000 alive 15043408 genomes  504017 energy   184.5 births 166249697 deaths 166243514 (23979.5s) NVIDIA GeForce RTX 4090
tick  637000 alive 15047164 genomes  502541 energy   184.5 births 166355408 deaths 166351652 (24015.6s) NVIDIA GeForce RTX 4090
tick  638000 alive 15053079 genomes  501326 energy   184.4 births 166388114 deaths 166382199 (24051.6s) NVIDIA GeForce RTX 4090
tick  639000 alive 15047296 genomes  503599 energy   184.5 births 166326842 deaths 166332625 (24087.6s) NVIDIA GeForce RTX 4090
tick  640000 alive 15045839 genomes  506548 energy   184.5 births 165991768 deaths 165993225 (24123.7s) NVIDIA GeForce RTX 4090
tick  641000 alive 15038413 genomes  508258 energy   184.7 births 165736364 deaths 165743790 (24159.7s) NVIDIA GeForce RTX 4090
tick  642000 alive 15036063 genomes  506643 energy   184.7 births 165444909 deaths 165447259 (24195.7s) NVIDIA GeForce RTX 4090
tick  643000 alive 15044729 genomes  504835 energy   184.8 births 165353562 deaths 165344896 (24231.7s) NVIDIA GeForce RTX 4090
tick  644000 alive 15051358 genomes  504090 energy   184.8 births 165209865 deaths 165203236 (24267.7s) NVIDIA GeForce RTX 4090
tick  645000 alive 15038544 genomes  503279 energy   184.9 births 165049687 deaths 165062501 (24303.7s) NVIDIA GeForce RTX 4090
tick  646000 alive 15039525 genomes  502156 energy   184.8 births 164698430 deaths 164697449 (24339.7s) NVIDIA GeForce RTX 4090
tick  647000 alive 15047464 genomes  501026 energy   184.8 births 164845116 deaths 164837177 (24375.7s) NVIDIA GeForce RTX 4090
tick  648000 alive 15044005 genomes  497974 energy   184.9 births 164745584 deaths 164749043 (24411.8s) NVIDIA GeForce RTX 4090
tick  649000 alive 15043678 genomes  494384 energy   184.9 births 164578254 deaths 164578581 (24447.8s) NVIDIA GeForce RTX 4090
tick  650000 alive 15046562 genomes  491231 energy   184.9 births 164495082 deaths 164492198 (24483.8s) NVIDIA GeForce RTX 4090
tick  651000 alive 15049195 genomes  491655 energy   184.8 births 164477989 deaths 164475356 (24519.8s) NVIDIA GeForce RTX 4090
tick  652000 alive 15056758 genomes  489811 energy   185.0 births 164305639 deaths 164298076 (24555.9s) NVIDIA GeForce RTX 4090
tick  653000 alive 15066478 genomes  489250 energy   185.0 births 164159701 deaths 164149981 (24591.8s) NVIDIA GeForce RTX 4090
tick  654000 alive 15067951 genomes  488550 energy   184.9 births 164175527 deaths 164174054 (24628.0s) NVIDIA GeForce RTX 4090
tick  655000 alive 15073875 genomes  486591 energy   185.0 births 164071111 deaths 164065187 (24663.9s) NVIDIA GeForce RTX 4090
tick  656000 alive 15075136 genomes  483987 energy   185.1 births 163904442 deaths 163903181 (24699.9s) NVIDIA GeForce RTX 4090
tick  657000 alive 15075077 genomes  482956 energy   185.1 births 163853416 deaths 163853475 (24735.8s) NVIDIA GeForce RTX 4090
tick  658000 alive 15059918 genomes  483566 energy   185.2 births 163566201 deaths 163581360 (24771.9s) NVIDIA GeForce RTX 4090
tick  659000 alive 15055326 genomes  484559 energy   185.1 births 163380605 deaths 163385197 (24807.8s) NVIDIA GeForce RTX 4090
tick  660000 alive 15069375 genomes  484310 energy   185.2 births 163371807 deaths 163357758 (24843.8s) NVIDIA GeForce RTX 4090
tick  661000 alive 15073303 genomes  484859 energy   185.2 births 163332361 deaths 163328433 (24880.0s) NVIDIA GeForce RTX 4090
tick  662000 alive 15060042 genomes  487094 energy   185.2 births 163319363 deaths 163332624 (24916.0s) NVIDIA GeForce RTX 4090
tick  663000 alive 15049429 genomes  484573 energy   185.3 births 162818855 deaths 162829468 (24952.0s) NVIDIA GeForce RTX 4090
tick  664000 alive 15053802 genomes  483123 energy   185.3 births 162605255 deaths 162600882 (24988.0s) NVIDIA GeForce RTX 4090
tick  665000 alive 15063144 genomes  482142 energy   185.2 births 162833949 deaths 162824607 (25024.0s) NVIDIA GeForce RTX 4090
tick  666000 alive 15060939 genomes  485175 energy   185.1 births 163087739 deaths 163089944 (25060.1s) NVIDIA GeForce RTX 4090
tick  667000 alive 15051196 genomes  487776 energy   185.1 births 163107909 deaths 163117652 (25096.2s) NVIDIA GeForce RTX 4090
tick  668000 alive 15034956 genomes  488754 energy   185.1 births 162845920 deaths 162862160 (25132.3s) NVIDIA GeForce RTX 4090
tick  669000 alive 15042201 genomes  486551 energy   185.1 births 162633450 deaths 162626205 (25168.4s) NVIDIA GeForce RTX 4090
tick  670000 alive 15051566 genomes  482165 energy   185.0 births 162627212 deaths 162617847 (25204.6s) NVIDIA GeForce RTX 4090
tick  671000 alive 15057680 genomes  478186 energy   185.1 births 162668601 deaths 162662487 (25240.6s) NVIDIA GeForce RTX 4090
tick  672000 alive 15073844 genomes  476369 energy   185.2 births 162681129 deaths 162664965 (25276.7s) NVIDIA GeForce RTX 4090
tick  673000 alive 15075664 genomes  474896 energy   185.2 births 162523511 deaths 162521691 (25312.8s) NVIDIA GeForce RTX 4090
tick  674000 alive 15076150 genomes  475738 energy   185.3 births 162448968 deaths 162448482 (25348.9s) NVIDIA GeForce RTX 4090
tick  675000 alive 15074230 genomes  475013 energy   185.3 births 162419033 deaths 162420953 (25384.9s) NVIDIA GeForce RTX 4090
tick  676000 alive 15080241 genomes  476662 energy   185.2 births 162508563 deaths 162502552 (25421.0s) NVIDIA GeForce RTX 4090
tick  677000 alive 15065901 genomes  477200 energy   185.3 births 162444613 deaths 162458953 (25457.1s) NVIDIA GeForce RTX 4090
tick  678000 alive 15057628 genomes  474957 energy   185.4 births 162265772 deaths 162274045 (25493.3s) NVIDIA GeForce RTX 4090
tick  679000 alive 15052688 genomes  474636 energy   185.2 births 162218930 deaths 162223870 (25529.3s) NVIDIA GeForce RTX 4090
tick  680000 alive 15060199 genomes  472981 energy   185.3 births 162375501 deaths 162367990 (25565.4s) NVIDIA GeForce RTX 4090
tick  681000 alive 15053797 genomes  472341 energy   185.2 births 162497631 deaths 162504033 (25601.5s) NVIDIA GeForce RTX 4090
tick  682000 alive 15056198 genomes  471583 energy   185.2 births 162561273 deaths 162558872 (25637.6s) NVIDIA GeForce RTX 4090
tick  683000 alive 15067387 genomes  472459 energy   185.1 births 162702849 deaths 162691660 (25673.6s) NVIDIA GeForce RTX 4090
tick  684000 alive 15066927 genomes  473210 energy   185.0 births 162900322 deaths 162900782 (25709.8s) NVIDIA GeForce RTX 4090
tick  685000 alive 15067768 genomes  475636 energy   184.9 births 163211327 deaths 163210486 (25745.8s) NVIDIA GeForce RTX 4090
tick  686000 alive 15067598 genomes  475914 energy   184.8 births 163403510 deaths 163403680 (25781.9s) NVIDIA GeForce RTX 4090
tick  687000 alive 15072401 genomes  476979 energy   184.9 births 163520093 deaths 163515290 (25817.9s) NVIDIA GeForce RTX 4090
tick  688000 alive 15081981 genomes  476141 energy   185.0 births 163512955 deaths 163503375 (25854.1s) NVIDIA GeForce RTX 4090
tick  689000 alive 15090249 genomes  475631 energy   184.9 births 163584494 deaths 163576226 (25890.0s) NVIDIA GeForce RTX 4090
tick  690000 alive 15096873 genomes  475502 energy   184.9 births 163715906 deaths 163709282 (25926.1s) NVIDIA GeForce RTX 4090
tick  691000 alive 15095590 genomes  473919 energy   184.9 births 163808735 deaths 163810018 (25962.1s) NVIDIA GeForce RTX 4090
tick  692000 alive 15090242 genomes  471775 energy   184.9 births 163908003 deaths 163913351 (25998.1s) NVIDIA GeForce RTX 4090
tick  693000 alive 15087849 genomes  472668 energy   185.0 births 163797035 deaths 163799428 (26034.0s) NVIDIA GeForce RTX 4090
tick  694000 alive 15090858 genomes  471696 energy   185.0 births 163717974 deaths 163714965 (26070.0s) NVIDIA GeForce RTX 4090
tick  695000 alive 15078653 genomes  471458 energy   185.0 births 163558577 deaths 163570782 (26105.9s) NVIDIA GeForce RTX 4090
tick  696000 alive 15068053 genomes  472894 energy   185.0 births 163424146 deaths 163434746 (26141.9s) NVIDIA GeForce RTX 4090
tick  697000 alive 15069646 genomes  472474 energy   185.0 births 163440309 deaths 163438716 (26177.8s) NVIDIA GeForce RTX 4090
tick  698000 alive 15082542 genomes  471608 energy   185.0 births 163493790 deaths 163480894 (26213.9s) NVIDIA GeForce RTX 4090
tick  699000 alive 15076466 genomes  472469 energy   185.0 births 163586517 deaths 163592593 (26249.8s) NVIDIA GeForce RTX 4090
tick  700000 alive 15070509 genomes  475678 energy   184.8 births 163625226 deaths 163631183 (26285.9s) NVIDIA GeForce RTX 4090
tick  701000 alive 15072270 genomes  475095 energy   184.8 births 163959313 deaths 163957552 (26321.9s) NVIDIA GeForce RTX 4090
tick  702000 alive 15078833 genomes  474650 energy   184.8 births 163918390 deaths 163911827 (26357.9s) NVIDIA GeForce RTX 4090
tick  703000 alive 15084539 genomes  475474 energy   184.7 births 164012839 deaths 164007133 (26393.9s) NVIDIA GeForce RTX 4090
tick  704000 alive 15084402 genomes  476370 energy   184.8 births 164118799 deaths 164118936 (26429.9s) NVIDIA GeForce RTX 4090
tick  705000 alive 15087006 genomes  477288 energy   184.8 births 164079164 deaths 164076560 (26465.9s) NVIDIA GeForce RTX 4090
tick  706000 alive 15093852 genomes  477047 energy   184.8 births 164096323 deaths 164089477 (26501.8s) NVIDIA GeForce RTX 4090
tick  707000 alive 15088964 genomes  476695 energy   184.9 births 164105903 deaths 164110791 (26537.8s) NVIDIA GeForce RTX 4090
tick  708000 alive 15078894 genomes  474490 energy   184.7 births 164048225 deaths 164058295 (26573.7s) NVIDIA GeForce RTX 4090
tick  709000 alive 15081453 genomes  474061 energy   184.8 births 164192374 deaths 164189815 (26609.6s) NVIDIA GeForce RTX 4090
tick  710000 alive 15080247 genomes  474392 energy   184.7 births 164278172 deaths 164279378 (26645.5s) NVIDIA GeForce RTX 4090
tick  711000 alive 15077804 genomes  473807 energy   184.7 births 164247204 deaths 164249647 (26681.4s) NVIDIA GeForce RTX 4090
tick  712000 alive 15076383 genomes  472186 energy   184.7 births 164346578 deaths 164347999 (26717.4s) NVIDIA GeForce RTX 4090
tick  713000 alive 15065157 genomes  472245 energy   184.6 births 164394968 deaths 164406194 (26753.2s) NVIDIA GeForce RTX 4090
tick  714000 alive 15070280 genomes  470170 energy   184.7 births 164434552 deaths 164429429 (26789.3s) NVIDIA GeForce RTX 4090
tick  715000 alive 15070821 genomes  470871 energy   184.6 births 164612685 deaths 164612144 (26825.2s) NVIDIA GeForce RTX 4090
tick  716000 alive 15071135 genomes  468792 energy   184.6 births 164657340 deaths 164657026 (26861.3s) NVIDIA GeForce RTX 4090
tick  717000 alive 15081313 genomes  467940 energy   184.7 births 164606363 deaths 164596185 (26897.2s) NVIDIA GeForce RTX 4090
tick  718000 alive 15093044 genomes  466662 energy   184.7 births 164656133 deaths 164644402 (26933.2s) NVIDIA GeForce RTX 4090
tick  719000 alive 15090466 genomes  466097 energy   184.6 births 164800829 deaths 164803407 (26969.1s) NVIDIA GeForce RTX 4090
tick  720000 alive 15086456 genomes  465054 energy   184.5 births 164943104 deaths 164947114 (27005.1s) NVIDIA GeForce RTX 4090
tick  721000 alive 15083020 genomes  464234 energy   184.6 births 164949634 deaths 164953070 (27041.0s) NVIDIA GeForce RTX 4090
tick  722000 alive 15089658 genomes  461603 energy   184.6 births 164952722 deaths 164946084 (27077.0s) NVIDIA GeForce RTX 4090
tick  723000 alive 15089270 genomes  460755 energy   184.7 births 164961529 deaths 164961917 (27112.8s) NVIDIA GeForce RTX 4090
tick  724000 alive 15095220 genomes  459149 energy   184.6 births 164725454 deaths 164719504 (27148.7s) NVIDIA GeForce RTX 4090
tick  725000 alive 15095539 genomes  461009 energy   184.6 births 164714724 deaths 164714405 (27184.6s) NVIDIA GeForce RTX 4090
tick  726000 alive 15084464 genomes  462732 energy   184.7 births 164701401 deaths 164712476 (27220.6s) NVIDIA GeForce RTX 4090
tick  727000 alive 15088111 genomes  463900 energy   184.6 births 164767800 deaths 164764153 (27256.6s) NVIDIA GeForce RTX 4090
tick  728000 alive 15091602 genomes  462819 energy   184.5 births 164923492 deaths 164920001 (27292.6s) NVIDIA GeForce RTX 4090
tick  729000 alive 15090520 genomes  463310 energy   184.5 births 164941489 deaths 164942571 (27328.5s) NVIDIA GeForce RTX 4090
tick  730000 alive 15100072 genomes  464370 energy   184.5 births 164950082 deaths 164940530 (27364.5s) NVIDIA GeForce RTX 4090
tick  731000 alive 15102419 genomes  464272 energy   184.6 births 165094693 deaths 165092346 (27400.5s) NVIDIA GeForce RTX 4090
tick  732000 alive 15099459 genomes  464091 energy   184.7 births 164856915 deaths 164859875 (27436.4s) NVIDIA GeForce RTX 4090
tick  733000 alive 15094159 genomes  464945 energy   184.7 births 164757699 deaths 164762999 (27472.5s) NVIDIA GeForce RTX 4090
tick  734000 alive 15093691 genomes  465262 energy   184.6 births 164778846 deaths 164779314 (27508.5s) NVIDIA GeForce RTX 4090
tick  735000 alive 15095040 genomes  464694 energy   184.6 births 164532618 deaths 164531269 (27544.4s) NVIDIA GeForce RTX 4090
tick  736000 alive 15103375 genomes  461817 energy   184.7 births 164620510 deaths 164612175 (27580.4s) NVIDIA GeForce RTX 4090
tick  737000 alive 15114894 genomes  462741 energy   184.6 births 164645094 deaths 164633575 (27616.4s) NVIDIA GeForce RTX 4090
tick  738000 alive 15112332 genomes  463641 energy   184.6 births 164915191 deaths 164917753 (27652.4s) NVIDIA GeForce RTX 4090
tick  739000 alive 15119017 genomes  463311 energy   184.6 births 165052075 deaths 165045390 (27688.3s) NVIDIA GeForce RTX 4090
tick  740000 alive 15105195 genomes  460911 energy   184.6 births 164971555 deaths 164985377 (27724.3s) NVIDIA GeForce RTX 4090
tick  741000 alive 15096320 genomes  460466 energy   184.7 births 164674417 deaths 164683292 (27760.3s) NVIDIA GeForce RTX 4090
tick  742000 alive 15088434 genomes  459897 energy   184.7 births 164519966 deaths 164527852 (27796.3s) NVIDIA GeForce RTX 4090
tick  743000 alive 15073380 genomes  462713 energy   184.6 births 164465400 deaths 164480454 (27832.3s) NVIDIA GeForce RTX 4090
tick  744000 alive 15068832 genomes  464328 energy   184.6 births 164426689 deaths 164431237 (27868.3s) NVIDIA GeForce RTX 4090
tick  745000 alive 15068300 genomes  465613 energy   184.7 births 164363993 deaths 164364525 (27904.2s) NVIDIA GeForce RTX 4090
tick  746000 alive 15061688 genomes  465732 energy   184.7 births 164310887 deaths 164317499 (27940.2s) NVIDIA GeForce RTX 4090
tick  747000 alive 15064791 genomes  466554 energy   184.6 births 164185829 deaths 164182726 (27976.2s) NVIDIA GeForce RTX 4090
tick  748000 alive 15072213 genomes  467586 energy   184.7 births 164195384 deaths 164187962 (28012.3s) NVIDIA GeForce RTX 4090
tick  749000 alive 15070151 genomes  467994 energy   184.7 births 164145257 deaths 164147319 (28048.3s) NVIDIA GeForce RTX 4090
tick  750000 alive 15066144 genomes  469139 energy   184.7 births 163968819 deaths 163972826 (28084.3s) NVIDIA GeForce RTX 4090
tick  751000 alive 15072373 genomes  470385 energy   184.7 births 163919637 deaths 163913408 (28120.2s) NVIDIA GeForce RTX 4090
tick  752000 alive 15069228 genomes  470244 energy   184.6 births 164108084 deaths 164111229 (28156.2s) NVIDIA GeForce RTX 4090
tick  753000 alive 15066417 genomes  471696 energy   184.6 births 164234768 deaths 164237579 (28192.3s) NVIDIA GeForce RTX 4090
tick  754000 alive 15061403 genomes  471824 energy   184.6 births 164342704 deaths 164347718 (28228.3s) NVIDIA GeForce RTX 4090
tick  755000 alive 15071691 genomes  469498 energy   184.4 births 164464091 deaths 164453803 (28264.2s) NVIDIA GeForce RTX 4090
tick  756000 alive 15082688 genomes  466651 energy   184.5 births 164735062 deaths 164724065 (28300.3s) NVIDIA GeForce RTX 4090
tick  757000 alive 15087460 genomes  463164 energy   184.5 births 164708680 deaths 164703908 (28336.2s) NVIDIA GeForce RTX 4090
tick  758000 alive 15089149 genomes  461221 energy   184.5 births 164756785 deaths 164755096 (28372.2s) NVIDIA GeForce RTX 4090
tick  759000 alive 15097959 genomes  459737 energy   184.5 births 164971083 deaths 164962273 (28408.2s) NVIDIA GeForce RTX 4090
tick  760000 alive 15102449 genomes  459950 energy   184.5 births 164913356 deaths 164908866 (28444.2s) NVIDIA GeForce RTX 4090
tick  761000 alive 15100722 genomes  461918 energy   184.6 births 164847863 deaths 164849590 (28480.1s) NVIDIA GeForce RTX 4090
tick  762000 alive 15099138 genomes  463278 energy   184.6 births 164767826 deaths 164769410 (28516.1s) NVIDIA GeForce RTX 4090
tick  763000 alive 15098356 genomes  464194 energy   184.6 births 164531157 deaths 164531939 (28552.0s) NVIDIA GeForce RTX 4090
tick  764000 alive 15105030 genomes  462612 energy   184.7 births 164604050 deaths 164597376 (28588.0s) NVIDIA GeForce RTX 4090
tick  765000 alive 15102531 genomes  464400 energy   184.6 births 164584496 deaths 164586995 (28623.9s) NVIDIA GeForce RTX 4090
tick  766000 alive 15112649 genomes  463770 energy   184.6 births 164834211 deaths 164824093 (28659.8s) NVIDIA GeForce RTX 4090
tick  767000 alive 15106917 genomes  462387 energy   184.6 births 164793111 deaths 164798843 (28695.7s) NVIDIA GeForce RTX 4090
tick  768000 alive 15107740 genomes  462715 energy   184.6 births 164638631 deaths 164637808 (28731.6s) NVIDIA GeForce RTX 4090
tick  769000 alive 15099630 genomes  465919 energy   184.6 births 164596453 deaths 164604563 (28767.5s) NVIDIA GeForce RTX 4090
tick  770000 alive 15095867 genomes  465849 energy   184.5 births 164683238 deaths 164687001 (28803.5s) NVIDIA GeForce RTX 4090
tick  771000 alive 15106120 genomes  466464 energy   184.5 births 164804238 deaths 164793985 (28839.4s) NVIDIA GeForce RTX 4090
tick  772000 alive 15096714 genomes  464462 energy   184.5 births 164873414 deaths 164882820 (28875.4s) NVIDIA GeForce RTX 4090
tick  773000 alive 15106748 genomes  461219 energy   184.5 births 164839579 deaths 164829545 (28911.4s) NVIDIA GeForce RTX 4090
tick  774000 alive 15115024 genomes  458411 energy   184.5 births 164927130 deaths 164918854 (28947.3s) NVIDIA GeForce RTX 4090
tick  775000 alive 15116408 genomes  459763 energy   184.5 births 165042104 deaths 165040720 (28983.3s) NVIDIA GeForce RTX 4090
tick  776000 alive 15109590 genomes  461340 energy   184.5 births 165043751 deaths 165050569 (29019.2s) NVIDIA GeForce RTX 4090
tick  777000 alive 15114247 genomes  460318 energy   184.4 births 165031342 deaths 165026685 (29055.2s) NVIDIA GeForce RTX 4090
tick  778000 alive 15113627 genomes  460115 energy   184.5 births 165110466 deaths 165111086 (29091.1s) NVIDIA GeForce RTX 4090
tick  779000 alive 15122922 genomes  460203 energy   184.4 births 165197949 deaths 165188654 (29127.1s) NVIDIA GeForce RTX 4090
tick  780000 alive 15122181 genomes  458140 energy   184.4 births 165455957 deaths 165456698 (29163.1s) NVIDIA GeForce RTX 4090
tick  781000 alive 15138595 genomes  457281 energy   184.5 births 165471287 deaths 165454873 (29198.9s) NVIDIA GeForce RTX 4090
tick  782000 alive 15134415 genomes  455488 energy   184.3 births 165531969 deaths 165536149 (29234.8s) NVIDIA GeForce RTX 4090
tick  783000 alive 15143685 genomes  454046 energy   184.4 births 165693856 deaths 165684586 (29270.7s) NVIDIA GeForce RTX 4090
tick  784000 alive 15139819 genomes  454268 energy   184.3 births 165873518 deaths 165877384 (29306.7s) NVIDIA GeForce RTX 4090
tick  785000 alive 15130848 genomes  456353 energy   184.2 births 165961868 deaths 165970839 (29342.6s) NVIDIA GeForce RTX 4090
tick  786000 alive 15139409 genomes  454868 energy   184.3 births 165863551 deaths 165854990 (29378.6s) NVIDIA GeForce RTX 4090
tick  787000 alive 15139538 genomes  453809 energy   184.4 births 165763503 deaths 165763374 (29414.5s) NVIDIA GeForce RTX 4090
tick  788000 alive 15144719 genomes  457055 energy   184.3 births 165911036 deaths 165905855 (29450.5s) NVIDIA GeForce RTX 4090
tick  789000 alive 15147880 genomes  457225 energy   184.2 births 166179025 deaths 166175864 (29486.4s) NVIDIA GeForce RTX 4090
tick  790000 alive 15150347 genomes  458811 energy   184.3 births 166206891 deaths 166204424 (29522.3s) NVIDIA GeForce RTX 4090
tick  791000 alive 15158952 genomes  459427 energy   184.2 births 166517893 deaths 166509288 (29558.2s) NVIDIA GeForce RTX 4090
tick  792000 alive 15152022 genomes  458803 energy   184.2 births 166490018 deaths 166496948 (29594.2s) NVIDIA GeForce RTX 4090
tick  793000 alive 15159118 genomes  458469 energy   184.3 births 166583542 deaths 166576446 (29630.1s) NVIDIA GeForce RTX 4090
tick  794000 alive 15161451 genomes  457299 energy   184.2 births 166622346 deaths 166620013 (29666.0s) NVIDIA GeForce RTX 4090
tick  795000 alive 15159495 genomes  458522 energy   184.2 births 166687172 deaths 166689128 (29701.9s) NVIDIA GeForce RTX 4090
tick  796000 alive 15157609 genomes  459981 energy   184.2 births 166644635 deaths 166646521 (29737.9s) NVIDIA GeForce RTX 4090
tick  797000 alive 15158607 genomes  460624 energy   184.2 births 166677381 deaths 166676383 (29773.8s) NVIDIA GeForce RTX 4090
tick  798000 alive 15149489 genomes  462842 energy   184.2 births 166645882 deaths 166655000 (29809.8s) NVIDIA GeForce RTX 4090
tick  799000 alive 15147572 genomes  463574 energy   184.2 births 166572739 deaths 166574656 (29845.7s) NVIDIA GeForce RTX 4090
tick  800000 alive 15149407 genomes  462812 energy   184.2 births 166392858 deaths 166391023 (29881.8s) NVIDIA GeForce RTX 4090
tick  801000 alive 15150254 genomes  461610 energy   184.1 births 166568986 deaths 166568139 (29917.7s) NVIDIA GeForce RTX 4090
tick  802000 alive 15154177 genomes  459595 energy   184.1 births 166769585 deaths 166765662 (29953.7s) NVIDIA GeForce RTX 4090
tick  803000 alive 15152388 genomes  459307 energy   184.1 births 166710975 deaths 166712764 (29989.6s) NVIDIA GeForce RTX 4090
tick  804000 alive 15147922 genomes  461110 energy   184.2 births 166610336 deaths 166614802 (30025.6s) NVIDIA GeForce RTX 4090
tick  805000 alive 15135556 genomes  461339 energy   184.1 births 166495090 deaths 166507456 (30061.6s) NVIDIA GeForce RTX 4090
tick  806000 alive 15135089 genomes  460371 energy   184.1 births 166534920 deaths 166535387 (30097.6s) NVIDIA GeForce RTX 4090
tick  807000 alive 15146395 genomes  459110 energy   184.0 births 166757844 deaths 166746538 (30133.5s) NVIDIA GeForce RTX 4090
tick  808000 alive 15149654 genomes  456537 energy   184.1 births 166694120 deaths 166690861 (30169.6s) NVIDIA GeForce RTX 4090
tick  809000 alive 15160338 genomes  455227 energy   184.1 births 166766715 deaths 166756031 (30205.5s) NVIDIA GeForce RTX 4090
tick  810000 alive 15166859 genomes  453151 energy   184.2 births 166801365 deaths 166794844 (30241.5s) NVIDIA GeForce RTX 4090
tick  811000 alive 15160258 genomes  455006 energy   184.2 births 166491644 deaths 166498245 (30277.4s) NVIDIA GeForce RTX 4090
tick  812000 alive 15151596 genomes  457493 energy   184.2 births 166455994 deaths 166464656 (30313.4s) NVIDIA GeForce RTX 4090
tick  813000 alive 15156268 genomes  457462 energy   184.3 births 166589544 deaths 166584872 (30349.3s) NVIDIA GeForce RTX 4090
tick  814000 alive 15159732 genomes  458140 energy   184.3 births 166530042 deaths 166526578 (30385.4s) NVIDIA GeForce RTX 4090
tick  815000 alive 15148981 genomes  461089 energy   184.3 births 166566345 deaths 166577096 (30421.3s) NVIDIA GeForce RTX 4090
tick  816000 alive 15145251 genomes  462043 energy   184.3 births 166558275 deaths 166562005 (30457.3s) NVIDIA GeForce RTX 4090
tick  817000 alive 15144428 genomes  460587 energy   184.2 births 166594422 deaths 166595245 (30493.3s) NVIDIA GeForce RTX 4090
tick  818000 alive 15142416 genomes  457434 energy   184.2 births 166516039 deaths 166518051 (30529.2s) NVIDIA GeForce RTX 4090
tick  819000 alive 15165510 genomes  453866 energy   184.2 births 166565719 deaths 166542625 (30565.2s) NVIDIA GeForce RTX 4090
tick  820000 alive 15176940 genomes  453249 energy   184.1 births 166839797 deaths 166828367 (30601.2s) NVIDIA GeForce RTX 4090
tick  821000 alive 15189645 genomes  452053 energy   184.2 births 166987091 deaths 166974386 (30637.1s) NVIDIA GeForce RTX 4090
tick  822000 alive 15201637 genomes  450359 energy   184.2 births 167073154 deaths 167061162 (30673.1s) NVIDIA GeForce RTX 4090
tick  823000 alive 15193501 genomes  452357 energy   184.2 births 167227267 deaths 167235403 (30709.1s) NVIDIA GeForce RTX 4090
tick  824000 alive 15191324 genomes  451806 energy   184.2 births 167077077 deaths 167079254 (30745.1s) NVIDIA GeForce RTX 4090
tick  825000 alive 15188431 genomes  452069 energy   184.2 births 166952870 deaths 166955763 (30781.0s) NVIDIA GeForce RTX 4090
tick  826000 alive 15176044 genomes  456151 energy   184.2 births 166997785 deaths 167010172 (30817.0s) NVIDIA GeForce RTX 4090
tick  827000 alive 15176987 genomes  457589 energy   184.2 births 166970507 deaths 166969564 (30853.0s) NVIDIA GeForce RTX 4090
tick  828000 alive 15168977 genomes  458774 energy   184.2 births 166733577 deaths 166741587 (30889.1s) NVIDIA GeForce RTX 4090
tick  829000 alive 15175741 genomes  459209 energy   184.3 births 166512120 deaths 166505356 (30925.0s) NVIDIA GeForce RTX 4090
tick  830000 alive 15176360 genomes  461182 energy   184.3 births 166471754 deaths 166471135 (30961.1s) NVIDIA GeForce RTX 4090
tick  831000 alive 15172689 genomes  461037 energy   184.3 births 166249891 deaths 166253562 (30997.1s) NVIDIA GeForce RTX 4090
tick  832000 alive 15180269 genomes  462360 energy   184.2 births 166401327 deaths 166393747 (31033.2s) NVIDIA GeForce RTX 4090
tick  833000 alive 15191359 genomes  461255 energy   184.1 births 166532530 deaths 166521440 (31069.2s) NVIDIA GeForce RTX 4090
tick  834000 alive 15183493 genomes  461780 energy   184.3 births 166470944 deaths 166478810 (31105.2s) NVIDIA GeForce RTX 4090
tick  835000 alive 15179076 genomes  462006 energy   184.3 births 166344258 deaths 166348675 (31141.1s) NVIDIA GeForce RTX 4090
tick  836000 alive 15183553 genomes  461305 energy   184.4 births 166250437 deaths 166245960 (31177.2s) NVIDIA GeForce RTX 4090
tick  837000 alive 15182796 genomes  461342 energy   184.6 births 165844576 deaths 165845333 (31213.2s) NVIDIA GeForce RTX 4090
tick  838000 alive 15183425 genomes  461819 energy   184.6 births 165608594 deaths 165607965 (31249.2s) NVIDIA GeForce RTX 4090
tick  839000 alive 15181182 genomes  461414 energy   184.5 births 165538870 deaths 165541113 (31285.2s) NVIDIA GeForce RTX 4090
tick  840000 alive 15169375 genomes  461900 energy   184.5 births 165425236 deaths 165437043 (31321.3s) NVIDIA GeForce RTX 4090
tick  841000 alive 15167291 genomes  461006 energy   184.5 births 165435828 deaths 165437912 (31357.2s) NVIDIA GeForce RTX 4090
tick  842000 alive 15160510 genomes  461449 energy   184.5 births 165445217 deaths 165451998 (31393.3s) NVIDIA GeForce RTX 4090
tick  843000 alive 15155618 genomes  461864 energy   184.6 births 165197416 deaths 165202308 (31429.3s) NVIDIA GeForce RTX 4090
tick  844000 alive 15157026 genomes  462204 energy   184.6 births 165034961 deaths 165033553 (31465.3s) NVIDIA GeForce RTX 4090
tick  845000 alive 15167498 genomes  460263 energy   184.6 births 165214725 deaths 165204253 (31501.3s) NVIDIA GeForce RTX 4090
tick  846000 alive 15172502 genomes  460305 energy   184.5 births 165187040 deaths 165182036 (31537.4s) NVIDIA GeForce RTX 4090
tick  847000 alive 15175600 genomes  459323 energy   184.5 births 165367746 deaths 165364648 (31573.3s) NVIDIA GeForce RTX 4090
tick  848000 alive 15171918 genomes  460898 energy   184.4 births 165630335 deaths 165634017 (31609.4s) NVIDIA GeForce RTX 4090
tick  849000 alive 15165570 genomes  462980 energy   184.4 births 165756764 deaths 165763112 (31645.4s) NVIDIA GeForce RTX 4090
tick  850000 alive 15160787 genomes  463236 energy   184.4 births 165785756 deaths 165790539 (31681.5s) NVIDIA GeForce RTX 4090
tick  851000 alive 15155699 genomes  461309 energy   184.5 births 165556704 deaths 165561792 (31717.5s) NVIDIA GeForce RTX 4090
tick  852000 alive 15147942 genomes  462115 energy   184.5 births 165434511 deaths 165442268 (31753.6s) NVIDIA GeForce RTX 4090
tick  853000 alive 15150340 genomes  463688 energy   184.5 births 165521727 deaths 165519329 (31789.5s) NVIDIA GeForce RTX 4090
tick  854000 alive 15159707 genomes  463044 energy   184.5 births 165685205 deaths 165675838 (31825.5s) NVIDIA GeForce RTX 4090
tick  855000 alive 15165622 genomes  465047 energy   184.4 births 165871949 deaths 165866034 (31861.5s) NVIDIA GeForce RTX 4090
tick  856000 alive 15156383 genomes  464506 energy   184.4 births 165826948 deaths 165836187 (31897.5s) NVIDIA GeForce RTX 4090
tick  857000 alive 15157261 genomes  463149 energy   184.4 births 165740112 deaths 165739234 (31933.5s) NVIDIA GeForce RTX 4090
tick  858000 alive 15162474 genomes  462845 energy   184.4 births 165801185 deaths 165795972 (31969.5s) NVIDIA GeForce RTX 4090
tick  859000 alive 15160297 genomes  462605 energy   184.3 births 165896883 deaths 165899060 (32005.5s) NVIDIA GeForce RTX 4090
tick  860000 alive 15155991 genomes  464040 energy   184.3 births 166034054 deaths 166038360 (32041.5s) NVIDIA GeForce RTX 4090
tick  861000 alive 15151041 genomes  464635 energy   184.3 births 166047003 deaths 166051953 (32077.5s) NVIDIA GeForce RTX 4090
tick  862000 alive 15153119 genomes  465383 energy   184.3 births 165982591 deaths 165980513 (32113.5s) NVIDIA GeForce RTX 4090
tick  863000 alive 15147480 genomes  466009 energy   184.2 births 166109101 deaths 166114740 (32149.5s) NVIDIA GeForce RTX 4090
tick  864000 alive 15140249 genomes  467992 energy   184.2 births 165997368 deaths 166004599 (32185.5s) NVIDIA GeForce RTX 4090
tick  865000 alive 15139595 genomes  469062 energy   184.2 births 166065705 deaths 166066359 (32221.5s) NVIDIA GeForce RTX 4090
tick  866000 alive 15144536 genomes  469443 energy   184.2 births 166273748 deaths 166268807 (32257.5s) NVIDIA GeForce RTX 4090
tick  867000 alive 15149191 genomes  469511 energy   184.2 births 166300508 deaths 166295853 (32293.4s) NVIDIA GeForce RTX 4090
tick  868000 alive 15152914 genomes  468350 energy   184.1 births 166312493 deaths 166308770 (32329.5s) NVIDIA GeForce RTX 4090
tick  869000 alive 15156921 genomes  467475 energy   184.2 births 166330434 deaths 166326427 (32365.4s) NVIDIA GeForce RTX 4090
tick  870000 alive 15164431 genomes  466357 energy   184.1 births 166421380 deaths 166413870 (32401.4s) NVIDIA GeForce RTX 4090
tick  871000 alive 15167388 genomes  465781 energy   184.2 births 166390835 deaths 166387878 (32437.4s) NVIDIA GeForce RTX 4090
tick  872000 alive 15166682 genomes  467957 energy   184.1 births 166509548 deaths 166510254 (32473.4s) NVIDIA GeForce RTX 4090
tick  873000 alive 15158877 genomes  467829 energy   184.2 births 166459157 deaths 166466962 (32509.4s) NVIDIA GeForce RTX 4090
tick  874000 alive 15162130 genomes  469347 energy   184.3 births 166106185 deaths 166102932 (32545.4s) NVIDIA GeForce RTX 4090
tick  875000 alive 15155049 genomes  468465 energy   184.3 births 165899759 deaths 165906840 (32581.3s) NVIDIA GeForce RTX 4090
tick  876000 alive 15162923 genomes  466094 energy   184.4 births 165903825 deaths 165895951 (32617.3s) NVIDIA GeForce RTX 4090
tick  877000 alive 15170068 genomes  465293 energy   184.4 births 165844929 deaths 165837784 (32653.2s) NVIDIA GeForce RTX 4090
tick  878000 alive 15178359 genomes  464784 energy   184.3 births 166071575 deaths 166063284 (32689.2s) NVIDIA GeForce RTX 4090
tick  879000 alive 15173791 genomes  465143 energy   184.2 births 166387050 deaths 166391618 (32725.1s) NVIDIA GeForce RTX 4090
tick  880000 alive 15166669 genomes  463829 energy   184.2 births 166491968 deaths 166499090 (32761.1s) NVIDIA GeForce RTX 4090
tick  881000 alive 15167583 genomes  463852 energy   184.3 births 166493865 deaths 166492951 (32797.0s) NVIDIA GeForce RTX 4090
tick  882000 alive 15158550 genomes  464893 energy   184.2 births 166371644 deaths 166380677 (32832.9s) NVIDIA GeForce RTX 4090
tick  883000 alive 15166060 genomes  464136 energy   184.2 births 166498880 deaths 166491370 (32868.8s) NVIDIA GeForce RTX 4090
tick  884000 alive 15175178 genomes  464696 energy   184.2 births 166679949 deaths 166670831 (32904.8s) NVIDIA GeForce RTX 4090
tick  885000 alive 15171616 genomes  466088 energy   184.2 births 166703800 deaths 166707362 (32940.6s) NVIDIA GeForce RTX 4090
tick  886000 alive 15161605 genomes  467635 energy   184.1 births 166706860 deaths 166716871 (32976.6s) NVIDIA GeForce RTX 4090
tick  887000 alive 15160611 genomes  468945 energy   184.1 births 166679666 deaths 166680660 (33012.5s) NVIDIA GeForce RTX 4090
tick  888000 alive 15158750 genomes  469285 energy   184.2 births 166546756 deaths 166548617 (33048.4s) NVIDIA GeForce RTX 4090
tick  889000 alive 15161473 genomes  469746 energy   184.2 births 166574380 deaths 166571657 (33084.4s) NVIDIA GeForce RTX 4090
tick  890000 alive 15166298 genomes  468423 energy   184.2 births 166562717 deaths 166557892 (33120.4s) NVIDIA GeForce RTX 4090
tick  891000 alive 15157403 genomes  469536 energy   184.2 births 166428546 deaths 166437441 (33156.3s) NVIDIA GeForce RTX 4090
tick  892000 alive 15159986 genomes  468790 energy   184.3 births 166337694 deaths 166335111 (33192.3s) NVIDIA GeForce RTX 4090
tick  893000 alive 15161896 genomes  467457 energy   184.2 births 166323191 deaths 166321281 (33228.2s) NVIDIA GeForce RTX 4090
tick  894000 alive 15169292 genomes  466638 energy   184.1 births 166537689 deaths 166530293 (33264.2s) NVIDIA GeForce RTX 4090
tick  895000 alive 15174991 genomes  466042 energy   184.3 births 166592933 deaths 166587234 (33300.2s) NVIDIA GeForce RTX 4090
tick  896000 alive 15178159 genomes  466316 energy   184.2 births 166493804 deaths 166490636 (33336.2s) NVIDIA GeForce RTX 4090
tick  897000 alive 15173076 genomes  464558 energy   184.1 births 166774828 deaths 166779911 (33372.1s) NVIDIA GeForce RTX 4090
tick  898000 alive 15164290 genomes  465987 energy   184.1 births 166763880 deaths 166772666 (33408.1s) NVIDIA GeForce RTX 4090
tick  899000 alive 15168715 genomes  466477 energy   184.0 births 166855384 deaths 166850959 (33444.0s) NVIDIA GeForce RTX 4090
tick  900000 alive 15165881 genomes  466449 energy   184.0 births 166946755 deaths 166949589 (33480.0s) NVIDIA GeForce RTX 4090
tick  901000 alive 15157817 genomes  467368 energy   184.0 births 166901315 deaths 166909379 (33515.9s) NVIDIA GeForce RTX 4090
tick  902000 alive 15153513 genomes  465543 energy   184.1 births 166732287 deaths 166736591 (33551.9s) NVIDIA GeForce RTX 4090
tick  903000 alive 15160456 genomes  467132 energy   184.1 births 166620417 deaths 166613474 (33587.7s) NVIDIA GeForce RTX 4090
tick  904000 alive 15158477 genomes  469830 energy   184.1 births 166703977 deaths 166705956 (33623.7s) NVIDIA GeForce RTX 4090
tick  905000 alive 15152003 genomes  470661 energy   184.0 births 166937260 deaths 166943734 (33659.6s) NVIDIA GeForce RTX 4090
tick  906000 alive 15152325 genomes  471347 energy   184.0 births 166877375 deaths 166877053 (33695.6s) NVIDIA GeForce RTX 4090
tick  907000 alive 15155146 genomes  472269 energy   184.0 births 166919059 deaths 166916238 (33731.6s) NVIDIA GeForce RTX 4090
tick  908000 alive 15165055 genomes  471503 energy   184.0 births 166765133 deaths 166755224 (33767.5s) NVIDIA GeForce RTX 4090
tick  909000 alive 15165570 genomes  472404 energy   184.0 births 166985450 deaths 166984935 (33803.5s) NVIDIA GeForce RTX 4090
tick  910000 alive 15158755 genomes  472870 energy   183.9 births 167123025 deaths 167129840 (33839.5s) NVIDIA GeForce RTX 4090
tick  911000 alive 15149675 genomes  475538 energy   183.9 births 167181696 deaths 167190776 (33875.4s) NVIDIA GeForce RTX 4090
tick  912000 alive 15150192 genomes  477306 energy   183.9 births 167156430 deaths 167155913 (33911.4s) NVIDIA GeForce RTX 4090
tick  913000 alive 15141920 genomes  478920 energy   184.0 births 167032663 deaths 167040935 (33947.3s) NVIDIA GeForce RTX 4090
tick  914000 alive 15135993 genomes  478570 energy   183.9 births 166876748 deaths 166882675 (33983.3s) NVIDIA GeForce RTX 4090
tick  915000 alive 15144171 genomes  479344 energy   183.8 births 167104324 deaths 167096146 (34019.3s) NVIDIA GeForce RTX 4090
tick  916000 alive 15156673 genomes  480931 energy   183.9 births 167215636 deaths 167203134 (34055.3s) NVIDIA GeForce RTX 4090
tick  917000 alive 15168050 genomes  479611 energy   184.0 births 167305411 deaths 167294034 (34091.2s) NVIDIA GeForce RTX 4090
tick  918000 alive 15154070 genomes  480948 energy   183.8 births 167364497 deaths 167378477 (34127.2s) NVIDIA GeForce RTX 4090
tick  919000 alive 15151800 genomes  481848 energy   183.8 births 167543145 deaths 167545415 (34163.2s) NVIDIA GeForce RTX 4090
tick  920000 alive 15153988 genomes  481338 energy   184.0 births 167544382 deaths 167542194 (34199.2s) NVIDIA GeForce RTX 4090
tick  921000 alive 15154318 genomes  482263 energy   183.9 births 167458527 deaths 167458197 (34235.2s) NVIDIA GeForce RTX 4090
tick  922000 alive 15161645 genomes  481102 energy   183.9 births 167509393 deaths 167502066 (34271.3s) NVIDIA GeForce RTX 4090
tick  923000 alive 15150489 genomes  479619 energy   184.0 births 167346083 deaths 167357239 (34307.3s) NVIDIA GeForce RTX 4090
tick  924000 alive 15148817 genomes  479110 energy   184.0 births 167168005 deaths 167169677 (34343.3s) NVIDIA GeForce RTX 4090
tick  925000 alive 15139743 genomes  478598 energy   184.0 births 167147630 deaths 167156704 (34379.2s) NVIDIA GeForce RTX 4090
tick  926000 alive 15138936 genomes  478402 energy   183.9 births 167129557 deaths 167130364 (34415.3s) NVIDIA GeForce RTX 4090
tick  927000 alive 15148916 genomes  478181 energy   183.9 births 167494596 deaths 167484616 (34451.2s) NVIDIA GeForce RTX 4090
tick  928000 alive 15149535 genomes  478751 energy   183.9 births 167481491 deaths 167480872 (34487.3s) NVIDIA GeForce RTX 4090
tick  929000 alive 15156360 genomes  477101 energy   183.8 births 167639104 deaths 167632279 (34523.2s) NVIDIA GeForce RTX 4090
tick  930000 alive 15150557 genomes  478594 energy   183.8 births 167822364 deaths 167828167 (34559.3s) NVIDIA GeForce RTX 4090
tick  931000 alive 15153649 genomes  477453 energy   183.8 births 167719044 deaths 167715952 (34595.2s) NVIDIA GeForce RTX 4090
tick  932000 alive 15171368 genomes  477298 energy   183.9 births 167709861 deaths 167692142 (34631.2s) NVIDIA GeForce RTX 4090
tick  933000 alive 15176667 genomes  478051 energy   183.9 births 167617856 deaths 167612557 (34667.2s) NVIDIA GeForce RTX 4090
tick  934000 alive 15175420 genomes  478025 energy   183.8 births 167806167 deaths 167807414 (34703.2s) NVIDIA GeForce RTX 4090
tick  935000 alive 15160727 genomes  478234 energy   184.0 births 167638371 deaths 167653064 (34739.1s) NVIDIA GeForce RTX 4090
tick  936000 alive 15150786 genomes  477902 energy   183.9 births 167456349 deaths 167466290 (34775.1s) NVIDIA GeForce RTX 4090
tick  937000 alive 15145727 genomes  478343 energy   184.0 births 167550507 deaths 167555566 (34811.0s) NVIDIA GeForce RTX 4090
tick  938000 alive 15156286 genomes  476190 energy   184.0 births 167405127 deaths 167394568 (34847.0s) NVIDIA GeForce RTX 4090
tick  939000 alive 15167017 genomes  474989 energy   183.8 births 167699762 deaths 167689031 (34882.9s) NVIDIA GeForce RTX 4090
tick  940000 alive 15165595 genomes  473653 energy   183.8 births 168022377 deaths 168023799 (34919.0s) NVIDIA GeForce RTX 4090
tick  941000 alive 15165504 genomes  472169 energy   183.8 births 167998462 deaths 167998553 (34955.0s) NVIDIA GeForce RTX 4090
tick  942000 alive 15171205 genomes  475011 energy   183.8 births 168213413 deaths 168207712 (34991.0s) NVIDIA GeForce RTX 4090
tick  943000 alive 15159960 genomes  477096 energy   183.8 births 168078104 deaths 168089349 (35026.9s) NVIDIA GeForce RTX 4090
tick  944000 alive 15163064 genomes  476790 energy   183.9 births 168080941 deaths 168077837 (35062.9s) NVIDIA GeForce RTX 4090
tick  945000 alive 15169250 genomes  477267 energy   183.9 births 168065232 deaths 168059046 (35098.8s) NVIDIA GeForce RTX 4090
tick  946000 alive 15170215 genomes  476003 energy   183.8 births 168018377 deaths 168017412 (35134.8s) NVIDIA GeForce RTX 4090
tick  947000 alive 15169368 genomes  476473 energy   183.9 births 168011346 deaths 168012193 (35170.7s) NVIDIA GeForce RTX 4090
tick  948000 alive 15174595 genomes  472796 energy   184.0 births 167964836 deaths 167959609 (35206.7s) NVIDIA GeForce RTX 4090
tick  949000 alive 15181190 genomes  472341 energy   184.0 births 167953323 deaths 167946728 (35242.5s) NVIDIA GeForce RTX 4090
tick  950000 alive 15182834 genomes  471429 energy   184.1 births 167851620 deaths 167849976 (35278.5s) NVIDIA GeForce RTX 4090
tick  951000 alive 15173553 genomes  472418 energy   184.1 births 167685894 deaths 167695175 (35314.4s) NVIDIA GeForce RTX 4090
tick  952000 alive 15169649 genomes  475291 energy   184.2 births 167496940 deaths 167500844 (35350.4s) NVIDIA GeForce RTX 4090
tick  953000 alive 15157615 genomes  474120 energy   184.3 births 167166825 deaths 167178859 (35386.4s) NVIDIA GeForce RTX 4090
tick  954000 alive 15163900 genomes  476093 energy   184.3 births 167071099 deaths 167064814 (35422.4s) NVIDIA GeForce RTX 4090
tick  955000 alive 15165325 genomes  477440 energy   184.2 births 167063181 deaths 167061756 (35458.4s) NVIDIA GeForce RTX 4090
tick  956000 alive 15164974 genomes  477326 energy   184.1 births 167194415 deaths 167194766 (35494.4s) NVIDIA GeForce RTX 4090
tick  957000 alive 15173495 genomes  474711 energy   184.2 births 167128780 deaths 167120259 (35530.4s) NVIDIA GeForce RTX 4090
tick  958000 alive 15177859 genomes  474995 energy   184.2 births 167073510 deaths 167069146 (35566.5s) NVIDIA GeForce RTX 4090
tick  959000 alive 15177987 genomes  472871 energy   184.2 births 167085957 deaths 167085829 (35602.4s) NVIDIA GeForce RTX 4090
tick  960000 alive 15168106 genomes  473433 energy   184.1 births 167047272 deaths 167057153 (35638.5s) NVIDIA GeForce RTX 4090
tick  961000 alive 15169375 genomes  472745 energy   184.1 births 166967402 deaths 166966133 (35674.5s) NVIDIA GeForce RTX 4090
tick  962000 alive 15156680 genomes  474226 energy   184.1 births 166911877 deaths 166924572 (35710.5s) NVIDIA GeForce RTX 4090
tick  963000 alive 15152663 genomes  478167 energy   184.2 births 166865610 deaths 166869627 (35746.5s) NVIDIA GeForce RTX 4090
tick  964000 alive 15145127 genomes  477481 energy   184.2 births 166666960 deaths 166674496 (35782.5s) NVIDIA GeForce RTX 4090
tick  965000 alive 15148643 genomes  476544 energy   184.2 births 166657620 deaths 166654104 (35818.6s) NVIDIA GeForce RTX 4090
tick  966000 alive 15154441 genomes  473808 energy   184.1 births 166737635 deaths 166731837 (35854.6s) NVIDIA GeForce RTX 4090
tick  967000 alive 15147735 genomes  471746 energy   184.2 births 166727569 deaths 166734275 (35890.6s) NVIDIA GeForce RTX 4090
tick  968000 alive 15156738 genomes  472798 energy   184.0 births 166830070 deaths 166821067 (35926.8s) NVIDIA GeForce RTX 4090
tick  969000 alive 15164867 genomes  472325 energy   184.0 births 167051430 deaths 167043301 (35962.8s) NVIDIA GeForce RTX 4090
tick  970000 alive 15157569 genomes  473813 energy   184.1 births 167003717 deaths 167011015 (35998.9s) NVIDIA GeForce RTX 4090
tick  971000 alive 15146641 genomes  476061 energy   184.1 births 166791753 deaths 166802681 (36034.9s) NVIDIA GeForce RTX 4090
tick  972000 alive 15146029 genomes  476822 energy   184.2 births 166664933 deaths 166665545 (36071.0s) NVIDIA GeForce RTX 4090
tick  973000 alive 15157870 genomes  476341 energy   184.2 births 166602867 deaths 166591026 (36107.1s) NVIDIA GeForce RTX 4090
tick  974000 alive 15161975 genomes  475810 energy   184.3 births 166494235 deaths 166490130 (36143.2s) NVIDIA GeForce RTX 4090
tick  975000 alive 15159539 genomes  476648 energy   184.3 births 166384043 deaths 166386479 (36179.2s) NVIDIA GeForce RTX 4090
tick  976000 alive 15160744 genomes  478178 energy   184.2 births 166556809 deaths 166555604 (36215.3s) NVIDIA GeForce RTX 4090
tick  977000 alive 15166417 genomes  480143 energy   184.2 births 166693575 deaths 166687902 (36251.3s) NVIDIA GeForce RTX 4090
tick  978000 alive 15169005 genomes  483108 energy   184.1 births 166751269 deaths 166748681 (36287.5s) NVIDIA GeForce RTX 4090
tick  979000 alive 15168091 genomes  481286 energy   184.2 births 166768676 deaths 166769590 (36323.5s) NVIDIA GeForce RTX 4090
tick  980000 alive 15163693 genomes  483423 energy   184.2 births 166725080 deaths 166729478 (36359.7s) NVIDIA GeForce RTX 4090
tick  981000 alive 15153538 genomes  483939 energy   184.2 births 166667174 deaths 166677329 (36395.8s) NVIDIA GeForce RTX 4090
tick  982000 alive 15148053 genomes  484901 energy   184.3 births 166598618 deaths 166604103 (36431.9s) NVIDIA GeForce RTX 4090
tick  983000 alive 15152723 genomes  483462 energy   184.3 births 166388437 deaths 166383767 (36468.1s) NVIDIA GeForce RTX 4090
tick  984000 alive 15156443 genomes  482452 energy   184.3 births 166473763 deaths 166470043 (36504.3s) NVIDIA GeForce RTX 4090
tick  985000 alive 15160891 genomes  481436 energy   184.2 births 166522745 deaths 166518297 (36540.4s) NVIDIA GeForce RTX 4090
tick  986000 alive 15157963 genomes  480370 energy   184.2 births 166622511 deaths 166625439 (36576.6s) NVIDIA GeForce RTX 4090
tick  987000 alive 15163181 genomes  479756 energy   184.2 births 166596657 deaths 166591439 (36612.7s) NVIDIA GeForce RTX 4090
tick  988000 alive 15163671 genomes  478494 energy   184.2 births 166531675 deaths 166531185 (36648.9s) NVIDIA GeForce RTX 4090
tick  989000 alive 15169266 genomes  478153 energy   184.2 births 166565560 deaths 166559965 (36685.0s) NVIDIA GeForce RTX 4090
tick  990000 alive 15174593 genomes  477999 energy   184.2 births 166707363 deaths 166702036 (36721.2s) NVIDIA GeForce RTX 4090
tick  991000 alive 15165307 genomes  480081 energy   184.2 births 166826598 deaths 166835884 (36757.3s) NVIDIA GeForce RTX 4090
tick  992000 alive 15161493 genomes  480572 energy   184.3 births 166596570 deaths 166600384 (36793.5s) NVIDIA GeForce RTX 4090
tick  993000 alive 15145853 genomes  483623 energy   184.3 births 166442985 deaths 166458625 (36829.6s) NVIDIA GeForce RTX 4090
tick  994000 alive 15147310 genomes  483272 energy   184.3 births 166279088 deaths 166277631 (36865.8s) NVIDIA GeForce RTX 4090
tick  995000 alive 15139238 genomes  483888 energy   184.4 births 166108795 deaths 166116867 (36901.9s) NVIDIA GeForce RTX 4090
tick  996000 alive 15129042 genomes  483286 energy   184.4 births 165760982 deaths 165771178 (36938.2s) NVIDIA GeForce RTX 4090
tick  997000 alive 15123837 genomes  481563 energy   184.4 births 165607613 deaths 165612818 (36974.3s) NVIDIA GeForce RTX 4090
tick  998000 alive 15126344 genomes  482380 energy   184.4 births 165678416 deaths 165675909 (37010.5s) NVIDIA GeForce RTX 4090
tick  999000 alive 15137559 genomes  482485 energy   184.3 births 165804149 deaths 165792934 (37046.7s) NVIDIA GeForce RTX 4090
tick 1000000 alive 15146860 genomes  480892 energy   184.4 births 165898475 deaths 165889174 (37082.9s) NVIDIA GeForce RTX 4090
done 1000000 ticks in 37083.0s
