tick,live,births,faithful,mutant,deaths_age,deaths_reaper,placements,rays,distinct_genomes,entropy,singletons,top_count,top_genome,parasites,out_readers,fertile,new_genomes,genomes_ever,shadow_distinct,shadow_entropy,shadow_singletons,shadow_new,shadow_ever
0,8192,0,0,0,0,0,8192,0,8156,12.9912,8120,2,0x7fac46982c,0,0,0,36,36,8156,12.9912,8120,36,36
1000,8192,0,0,0,253952,0,262144,0,8073,12.9453,8021,51,0x0000000000,829,6512,0,52,88,8073,12.9453,8021,52,88
2000,8192,0,0,0,507904,0,516096,0,8029,12.9281,7942,57,0x0000000000,773,5925,0,70,158,8029,12.9281,7942,70,158
3000,8192,0,0,0,761856,0,770048,0,7998,12.9198,7889,56,0x0000000000,735,5439,0,78,236,7998,12.9198,7889,78,236
4000,8192,0,0,0,1024000,0,1032192,0,7950,12.8874,7826,80,0x0000000000,0,0,0,69,305,7950,12.8874,7826,69,305
5000,8192,0,0,0,1277952,0,1286144,0,7902,12.8676,7754,86,0x0000000000,669,4833,0,68,373,7902,12.8676,7754,68,373
6000,8192,0,0,0,1531904,0,1540096,0,7849,12.8340,7669,110,0x0000000000,640,4558,0,83,456,7849,12.8340,7669,83,456
7000,8192,0,0,0,1785856,0,1794048,0,7814,12.8262,7600,106,0x0000000000,593,4298,0,87,543,7814,12.8262,7600,87,543
8000,8192,0,0,0,2048000,0,2056192,0,7763,12.7825,7546,146,0x0000000000,0,0,0,68,611,7763,12.7825,7546,68,611
9000,8192,0,0,0,2301952,0,2310144,0,7661,12.7317,7389,169,0x0000000000,564,3844,0,89,700,7661,12.7317,7389,89,700
10000,8192,0,0,0,2555904,0,2564096,0,7625,12.7019,7350,186,0x0000000000,531,3751,0,71,771,7625,12.7019,7350,71,771
11000,8192,0,0,0,2809856,0,2818048,0,7572,12.6712,7284,196,0x0000000000,553,3664,0,75,846,7572,12.6712,7284,75,846
12000,8192,0,0,0,3072000,0,3080192,0,7494,12.6202,7166,226,0x0000000000,0,0,0,83,929,7494,12.6202,7166,83,929
13000,8192,0,0,0,3325952,0,3334144,0,7409,12.5824,7058,236,0x0000000000,472,3324,0,91,1020,7409,12.5824,7058,91,1020
14000,8192,0,0,0,3579904,0,3588096,0,7383,12.5419,7031,275,0x0000000000,512,3237,0,74,1094,7383,12.5419,7031,74,1094
15000,8192,0,0,0,3833856,0,3842048,0,7312,12.4788,6942,309,0x0000000000,503,3204,0,80,1174,7312,12.4788,6942,80,1174
16000,8192,0,0,0,4096000,0,4104192,0,7275,12.4745,6874,304,0x0000000000,0,0,0,93,1267,7275,12.4745,6874,93,1267
17000,8192,0,0,0,4349952,0,4358144,0,7275,12.4620,6869,316,0x0000000000,512,3073,0,71,1338,7275,12.4620,6869,71,1338
18000,8192,0,0,0,4603904,0,4612096,0,7131,12.3831,6701,338,0x0000000000,510,2852,0,95,1433,7131,12.3831,6701,95,1433
19000,8192,0,0,0,4857856,0,4866048,0,7124,12.3745,6673,335,0x0000000000,487,2929,0,95,1528,7124,12.3745,6673,95,1528
20000,8192,0,0,0,5120000,0,5128192,0,7107,12.3686,6630,350,0x0000000000,0,0,0,88,1616,7107,12.3686,6630,88,1616
21000,8192,0,0,0,5373952,0,5382144,0,7090,12.3307,6625,377,0x0000000000,491,2738,0,83,1699,7090,12.3307,6625,83,1699
22000,8192,0,0,0,5627904,0,5636096,0,7036,12.2706,6551,424,0x0000000000,474,2623,0,106,1805,7036,12.2706,6551,106,1805
23000,8192,0,0,0,5881856,0,5890048,0,7033,12.3000,6530,384,0x0000000000,451,2670,0,83,1888,7033,12.3000,6530,83,1888
24000,8192,0,0,0,6144000,0,6152192,0,6958,12.2527,6443,405,0x0000000000,0,0,0,82,1970,6958,12.2527,6443,82,1970
25000,8192,0,0,0,6397952,0,6406144,0,6969,12.2523,6436,411,0x0000000000,472,2571,0,80,2050,6969,12.2523,6436,80,2050
26000,8192,0,0,0,6651904,0,6660096,0,6984,12.2751,6413,401,0x0000000000,447,2521,0,103,2153,6984,12.2751,6413,103,2153
27000,8192,0,0,0,6905856,0,6914048,0,6857,12.1685,6247,451,0x0000000000,486,2535,0,85,2238,6857,12.1685,6247,85,2238
28000,8192,0,0,0,7168000,0,7176192,0,6876,12.1752,6268,448,0x0000000000,0,0,0,82,2320,6876,12.1752,6268,82,2320
29000,8192,0,0,0,7421952,0,7430144,0,6861,12.1781,6291,437,0x0000000000,428,2449,0,77,2397,6861,12.1781,6291,77,2397
30000,8192,0,0,0,7675904,0,7684096,0,6874,12.1842,6264,448,0x0000000000,454,2465,0,97,2494,6874,12.1842,6264,97,2494
31000,8192,0,0,0,7929856,0,7938048,0,6862,12.1747,6204,452,0x0000000000,450,2419,0,82,2576,6862,12.1747,6204,82,2576
32000,8192,0,0,0,8192000,0,8200192,0,6787,12.1196,6138,467,0x0000000000,0,0,0,98,2674,6787,12.1196,6138,98,2674
33000,8192,0,0,0,8445952,0,8454144,0,6848,12.1926,6168,425,0x0000000000,430,2310,0,89,2763,6848,12.1926,6168,89,2763
34000,8192,0,0,0,8699904,0,8708096,0,6743,12.0876,6081,487,0x0000000000,446,2296,0,77,2840,6743,12.0876,6081,77,2840
35000,8192,0,0,0,8953856,0,8962048,0,6790,12.1216,6120,476,0x0000000000,434,2312,0,84,2924,6790,12.1216,6120,84,2924
36000,8192,0,0,0,9216000,0,9224192,0,6772,12.1311,6098,464,0x0000000000,0,0,0,94,3018,6772,12.1311,6098,94,3018
37000,8192,0,0,0,9469952,0,9478144,0,6747,12.1161,6044,449,0x0000000000,437,2338,0,81,3099,6747,12.1161,6044,81,3099
38000,8192,0,0,0,9723904,0,9732096,0,6774,12.1027,6086,480,0x0000000000,418,2272,0,85,3184,6774,12.1027,6086,85,3184
39000,8192,0,0,0,9977856,0,9986048,0,6763,12.1212,6036,459,0x0000000000,439,2311,0,80,3264,6763,12.1212,6036,80,3264
40000,8192,0,0,0,10240000,0,10248192,0,6712,12.0838,5962,481,0x0000000000,0,0,0,72,3336,6712,12.0838,5962,72,3336
41000,8192,0,0,0,10493952,0,10502144,0,6753,12.1070,5992,477,0x0000000000,413,2255,0,84,3420,6753,12.1070,5992,84,3420
42000,8192,0,0,0,10747904,0,10756096,0,6709,12.0581,5982,496,0x0000000000,418,2233,0,70,3490,6709,12.0581,5982,70,3490
43000,8192,0,0,0,11001856,0,11010048,0,6661,12.0376,5866,508,0x0000000000,390,2166,0,82,3572,6661,12.0376,5866,82,3572
44000,8192,0,0,0,11264000,0,11272192,0,6706,12.0958,5928,455,0x0000000000,0,0,0,80,3652,6706,12.0958,5928,80,3652
45000,8192,0,0,0,11517952,0,11526144,0,6718,12.0464,5962,522,0x0000000000,426,2198,0,65,3717,6718,12.0464,5962,65,3717
46000,8192,0,0,0,11771904,0,11780096,0,6683,12.0329,5885,514,0x0000000000,440,2181,0,82,3799,6683,12.0329,5885,82,3799
47000,8192,0,0,0,12025856,0,12034048,0,6702,12.0260,5917,533,0x0000000000,406,2181,0,72,3871,6702,12.0260,5917,72,3871
48000,8192,0,0,0,12288000,0,12296192,0,6697,12.0886,5894,458,0x0000000000,0,0,0,67,3938,6697,12.0886,5894,67,3938
49000,8192,0,0,0,12541952,0,12550144,0,6697,12.0501,5863,512,0x0000000000,451,2225,0,71,4009,6697,12.0501,5863,71,4009
50000,8192,0,0,0,12795904,0,12804096,0,6665,12.0444,5890,499,0x0000000000,409,2188,0,85,4094,6665,12.0444,5890,85,4094
51000,8192,0,0,0,13049856,0,13058048,0,6720,12.0611,5893,510,0x0000000000,426,2169,0,68,4162,6720,12.0611,5893,68,4162
52000,8192,0,0,0,13312000,0,13320192,0,6675,12.0448,5870,506,0x0000000000,0,0,0,72,4234,6675,12.0448,5870,72,4234
53000,8192,0,0,0,13565952,0,13574144,0,6683,12.0362,5874,519,0x0000000000,419,2137,0,69,4303,6683,12.0362,5874,69,4303
54000,8192,0,0,0,13819904,0,13828096,0,6737,12.0778,5894,499,0x0000000000,405,2209,0,58,4361,6737,12.0778,5894,58,4361
55000,8192,0,0,0,14073856,0,14082048,0,6637,12.0025,5797,545,0x0000000000,432,2098,0,69,4430,6637,12.0025,5797,69,4430
56000,8192,0,0,0,14336000,0,14344192,0,6657,12.0378,5797,494,0x0000000000,0,0,0,73,4503,6657,12.0378,5797,73,4503
57000,8192,0,0,0,14589952,0,14598144,0,6630,12.0102,5778,518,0x0000000000,380,2078,0,73,4576,6630,12.0102,5778,73,4576
58000,8192,0,0,0,14843904,0,14852096,0,6673,12.0388,5778,499,0x0000000000,447,2098,0,67,4643,6673,12.0388,5778,67,4643
59000,8192,0,0,0,15097856,0,15106048,0,6564,11.9615,5706,549,0x0000000000,378,2149,0,63,4706,6564,11.9615,5706,63,4706
60000,8192,0,0,0,15360000,0,15368192,0,6630,12.0348,5752,488,0x0000000000,0,0,0,62,4768,6630,12.0348,5752,62,4768
61000,8192,0,0,0,15613952,0,15622144,0,6620,12.0016,5747,533,0x0000000000,413,2114,0,72,4840,6620,12.0016,5747,72,4840
62000,8192,0,0,0,15867904,0,15876096,0,6652,11.9903,5757,559,0x0000000000,417,2083,0,67,4907,6652,11.9903,5757,67,4907
63000,8192,0,0,0,16121856,0,16130048,0,6622,12.0186,5711,513,0x0000000000,431,2152,0,68,4975,6622,12.0186,5711,68,4975
64000,8192,0,0,0,16384000,0,16392192,0,6617,11.9783,5733,541,0x0000000000,0,0,0,66,5041,6617,11.9783,5733,66,5041
65000,8192,0,0,0,16637952,0,16646144,0,6588,11.9742,5681,543,0x0000000000,393,2065,0,54,5095,6588,11.9742,5681,54,5095
66000,8192,0,0,0,16891904,0,16900096,0,6611,11.9811,5695,529,0x0000000000,400,2059,0,72,5167,6611,11.9811,5695,72,5167
67000,8192,0,0,0,17145856,0,17154048,0,6590,11.9638,5688,556,0x0000000000,439,2088,0,75,5242,6590,11.9638,5688,75,5242
68000,8192,0,0,0,17408000,0,17416192,0,6630,12.0186,5723,512,0x0000000000,0,0,0,56,5298,6630,12.0186,5723,56,5298
69000,8192,0,0,0,17661952,0,17670144,0,6640,12.0239,5706,515,0x0000000000,418,2075,0,65,5363,6640,12.0239,5706,65,5363
70000,8192,0,0,0,17915904,0,17924096,0,6607,12.0065,5731,508,0x0000000000,420,2077,0,52,5415,6607,12.0065,5731,52,5415
71000,8192,0,0,0,18169856,0,18178048,0,6611,12.0051,5627,521,0x0000000000,408,2048,0,66,5481,6611,12.0051,5627,66,5481
72000,8192,0,0,0,18432000,0,18440192,0,6660,12.0692,5700,469,0x0000000000,0,0,0,66,5547,6660,12.0692,5700,66,5547
73000,8192,0,0,0,18685952,0,18694144,0,6678,12.0521,5745,494,0x0000000000,430,2160,0,62,5609,6678,12.0521,5745,62,5609
74000,8192,0,0,0,18939904,0,18948096,0,6646,11.9964,5709,550,0x0000000000,368,2089,0,56,5665,6646,11.9964,5709,56,5665
75000,8192,0,0,0,19193856,0,19202048,0,6620,12.0004,5681,528,0x0000000000,443,2096,0,62,5727,6620,12.0004,5681,62,5727
76000,8192,0,0,0,19456000,0,19464192,0,6630,11.9991,5673,528,0x0000000000,0,0,0,59,5786,6630,11.9991,5673,59,5786
77000,8192,0,0,0,19709952,0,19718144,0,6551,11.9655,5551,535,0x0000000000,419,2050,0,54,5840,6551,11.9655,5551,54,5840
78000,8192,0,0,0,19963904,0,19972096,0,6603,12.0046,5629,513,0x0000000000,428,2123,0,54,5894,6603,12.0046,5629,54,5894
79000,8192,0,0,0,20217856,0,20226048,0,6572,11.9570,5587,543,0x0000000000,446,2049,0,62,5956,6572,11.9570,5587,62,5956
80000,8192,0,0,0,20480000,0,20488192,0,6630,11.9946,5669,530,0x0000000000,0,0,0,47,6003,6630,11.9946,5669,47,6003
81000,8192,0,0,0,20733952,0,20742144,0,6617,12.0160,5647,508,0x0000000000,450,2153,0,49,6052,6617,12.0160,5647,49,6052
82000,8192,0,0,0,20987904,0,20996096,0,6662,12.0515,5648,498,0x0000000000,448,2163,0,72,6124,6662,12.0515,5648,72,6124
83000,8192,0,0,0,21241856,0,21250048,0,6670,12.0409,5670,499,0x0000000000,412,2088,0,56,6180,6670,12.0409,5670,56,6180
84000,8192,0,0,0,21504000,0,21512192,0,6634,12.0348,5655,489,0x0000000000,0,0,0,67,6247,6634,12.0348,5655,67,6247
85000,8192,0,0,0,21757952,0,21766144,0,6593,12.0142,5586,497,0x0000000000,386,2121,0,46,6293,6593,12.0142,5586,46,6293
86000,8192,0,0,0,22011904,0,22020096,0,6622,12.0035,5615,525,0x0000000000,477,2081,0,58,6351,6622,12.0035,5615,58,6351
87000,8192,0,0,0,22265856,0,22274048,0,6603,12.0086,5579,510,0x0000000000,424,2074,0,62,6413,6603,12.0086,5579,62,6413
88000,8192,0,0,0,22528000,0,22536192,0,6596,11.9611,5582,568,0x0000000000,0,0,0,74,6487,6596,11.9611,5582,74,6487
89000,8192,0,0,0,22781952,0,22790144,0,6609,12.0085,5598,513,0x0000000000,441,2083,0,54,6541,6609,12.0085,5598,54,6541
90000,8192,0,0,0,23035904,0,23044096,0,6637,12.0117,5613,521,0x0000000000,417,2071,0,53,6594,6637,12.0117,5613,53,6594
91000,8192,0,0,0,23289856,0,23298048,0,6591,11.9854,5592,536,0x0000000000,429,2053,0,55,6649,6591,11.9854,5592,55,6649
92000,8192,0,0,0,23552000,0,23560192,0,6623,12.0164,5585,515,0x0000000000,0,0,0,61,6710,6623,12.0164,5585,61,6710
93000,8192,0,0,0,23805952,0,23814144,0,6653,12.0075,5611,534,0x0000000000,419,2119,0,56,6766,6653,12.0075,5611,56,6766
94000,8192,0,0,0,24059904,0,24068096,0,6580,11.9922,5530,512,0x0000000000,418,2077,0,63,6829,6580,11.9922,5530,63,6829
95000,8192,0,0,0,24313856,0,24322048,0,6622,12.0162,5569,514,0x0000000000,424,2065,0,58,6887,6622,12.0162,5569,58,6887
96000,8192,0,0,0,24576000,0,24584192,0,6612,12.0051,5530,522,0x0000000000,0,0,0,57,6944,6612,12.0051,5530,57,6944
97000,8192,0,0,0,24829952,0,24838144,0,6611,12.0146,5579,490,0x0000000000,386,2127,0,38,6982,6611,12.0146,5579,38,6982
98000,8192,0,0,0,25083904,0,25092096,0,6632,12.0064,5566,522,0x0000000000,401,2076,0,56,7038,6632,12.0064,5566,56,7038
99000,8192,0,0,0,25337856,0,25346048,0,6649,12.0363,5583,508,0x0000000000,420,2086,0,62,7100,6649,12.0363,5583,62,7100
100000,8192,0,0,0,25600000,0,25608192,0,6601,11.9895,5560,519,0x0000000000,0,0,0,58,7158,6601,11.9895,5560,58,7158
101000,8192,0,0,0,25853952,0,25862144,0,6586,11.9741,5549,544,0x0000000000,427,2030,0,60,7218,6586,11.9741,5549,60,7218
102000,8192,0,0,0,26107904,0,26116096,0,6559,11.9465,5451,562,0x0000000000,429,2037,0,61,7279,6559,11.9465,5451,61,7279
103000,8192,0,0,0,26361856,0,26370048,0,6676,12.0550,5617,502,0x0000000000,407,2096,0,53,7332,6676,12.0550,5617,53,7332
104000,8192,0,0,0,26624000,0,26632192,0,6580,11.9822,5520,520,0x0000000000,0,0,0,58,7390,6580,11.9822,5520,58,7390
105000,8192,0,0,0,26877952,0,26886144,0,6608,11.9796,5510,547,0x0000000000,407,2132,0,55,7445,6608,11.9796,5510,55,7445
106000,8192,0,0,0,27131904,0,27140096,0,6660,12.0443,5577,491,0x0000000000,422,2103,0,51,7496,6660,12.0443,5577,51,7496
107000,8192,0,0,0,27385856,0,27394048,0,6635,11.9889,5581,546,0x0000000000,435,2104,0,50,7546,6635,11.9889,5581,50,7546
108000,8192,0,0,0,27648000,0,27656192,0,6600,11.9902,5534,527,0x0000000000,0,0,0,46,7592,6600,11.9902,5534,46,7592
109000,8192,0,0,0,27901952,0,27910144,0,6643,12.0193,5578,521,0x0000000000,401,2068,0,49,7641,6643,12.0193,5578,49,7641
110000,8192,0,0,0,28155904,0,28164096,0,6588,11.9764,5516,533,0x0000000000,423,2089,0,58,7699,6588,11.9764,5516,58,7699
111000,8192,0,0,0,28409856,0,28418048,0,6581,12.0012,5523,500,0x0000000000,405,2135,0,61,7760,6581,12.0012,5523,61,7760
112000,8192,0,0,0,28672000,0,28680192,0,6581,11.9604,5516,558,0x0000000000,0,0,0,56,7816,6581,11.9604,5516,56,7816
113000,8192,0,0,0,28925952,0,28934144,0,6610,12.0203,5514,502,0x0000000000,420,2071,0,45,7861,6610,12.0203,5514,45,7861
114000,8192,0,0,0,29179904,0,29188096,0,6627,12.0153,5501,507,0x0000000000,428,2040,0,42,7903,6627,12.0153,5501,42,7903
115000,8192,0,0,0,29433856,0,29442048,0,6663,12.0539,5548,495,0x0000000000,436,2070,0,57,7960,6663,12.0539,5548,57,7960
116000,8192,0,0,0,29696000,0,29704192,0,6612,12.0035,5505,523,0x0000000000,0,0,0,53,8013,6612,12.0035,5505,53,8013
117000,8192,0,0,0,29949952,0,29958144,0,6600,11.9750,5466,542,0x0000000000,422,2028,0,54,8067,6600,11.9750,5466,54,8067
118000,8192,0,0,0,30203904,0,30212096,0,6569,11.9889,5425,521,0x0000000000,409,2101,0,53,8120,6569,11.9889,5425,53,8120
119000,8192,0,0,0,30457856,0,30466048,0,6611,11.9901,5488,537,0x0000000000,433,2046,0,42,8162,6611,11.9901,5488,42,8162
120000,8192,0,0,0,30720000,0,30728192,0,6633,12.0165,5509,514,0x0000000000,0,0,0,42,8204,6633,12.0165,5509,42,8204
121000,8192,0,0,0,30973952,0,30982144,0,6547,11.9627,5436,544,0x0000000000,420,2111,0,49,8253,6547,11.9627,5436,49,8253
122000,8192,0,0,0,31227904,0,31236096,0,6660,12.0372,5549,506,0x0000000000,394,2082,0,40,8293,6660,12.0372,5549,40,8293
123000,8192,0,0,0,31481856,0,31490048,0,6638,12.0096,5511,522,0x0000000000,402,2086,0,48,8341,6638,12.0096,5511,48,8341
124000,8192,0,0,0,31744000,0,31752192,0,6672,12.0394,5550,503,0x0000000000,0,0,0,30,8371,6672,12.0394,5550,30,8371
125000,8192,0,0,0,31997952,0,32006144,0,6616,11.9895,5541,537,0x0000000000,390,2033,0,46,8417,6616,11.9895,5541,46,8417
126000,8192,0,0,0,32251904,0,32260096,0,6566,12.0021,5442,490,0x0000000000,451,2089,0,51,8468,6566,12.0021,5442,51,8468
127000,8192,0,0,0,32505856,0,32514048,0,6559,11.9637,5422,532,0x0000000000,428,2077,0,46,8514,6559,11.9637,5422,46,8514
128000,8192,0,0,0,32768000,0,32776192,0,6569,11.9747,5422,529,0x0000000000,0,0,0,49,8563,6569,11.9747,5422,49,8563
129000,8192,0,0,0,33021952,0,33030144,0,6597,12.0089,5451,515,0x0000000000,428,2043,0,74,8637,6597,12.0089,5451,74,8637
130000,8192,0,0,0,33275904,0,33284096,0,6697,12.0760,5564,489,0x0000000000,453,2101,0,49,8686,6697,12.0760,5564,49,8686
131000,8192,0,0,0,33529856,0,33538048,0,6602,12.0130,5423,509,0x0000000000,455,2033,0,46,8732,6602,12.0130,5423,46,8732
132000,8192,0,0,0,33792000,0,33800192,0,6618,12.0140,5458,512,0x0000000000,0,0,0,48,8780,6618,12.0140,5458,48,8780
133000,8192,0,0,0,34045952,0,34054144,0,6544,11.9803,5396,524,0x0000000000,394,2104,0,44,8824,6544,11.9803,5396,44,8824
134000,8192,0,0,0,34299904,0,34308096,0,6595,11.9942,5477,527,0x0000000000,440,2040,0,52,8876,6595,11.9942,5477,52,8876
135000,8192,0,0,0,34553856,0,34562048,0,6615,11.9976,5422,540,0x0000000000,435,2052,0,60,8936,6615,11.9976,5422,60,8936
136000,8192,0,0,0,34816000,0,34824192,0,6639,12.0290,5528,502,0x0000000000,0,0,0,46,8982,6639,12.0290,5528,46,8982
137000,8192,0,0,0,35069952,0,35078144,0,6609,11.9847,5442,527,0x0000000000,419,2067,0,42,9024,6609,11.9847,5442,42,9024
138000,8192,0,0,0,35323904,0,35332096,0,6614,11.9950,5458,525,0x0000000000,404,2101,0,47,9071,6614,11.9950,5458,47,9071
139000,8192,0,0,0,35577856,0,35586048,0,6567,11.9599,5413,555,0x0000000000,425,2036,0,53,9124,6567,11.9599,5413,53,9124
140000,8192,0,0,0,35840000,0,35848192,0,6558,11.9539,5426,551,0x0000000000,0,0,0,48,9172,6558,11.9539,5426,48,9172
141000,8192,0,0,0,36093952,0,36102144,0,6553,11.9530,5404,547,0x0000000000,437,2035,0,65,9237,6553,11.9530,5404,65,9237
142000,8192,0,0,0,36347904,0,36356096,0,6592,12.0056,5425,516,0x0000000000,410,2009,0,39,9276,6592,12.0056,5425,39,9276
143000,8192,0,0,0,36601856,0,36610048,0,6657,12.0695,5434,461,0x0000000000,422,2045,0,57,9333,6657,12.0695,5434,57,9333
144000,8192,0,0,0,36864000,0,36872192,0,6563,11.9680,5419,533,0x0000000000,0,0,0,33,9366,6563,11.9680,5419,33,9366
145000,8192,0,0,0,37117952,0,37126144,0,6650,12.0418,5459,508,0x0000000000,436,2099,0,50,9416,6650,12.0418,5459,50,9416
146000,8192,0,0,0,37371904,0,37380096,0,6575,11.9755,5407,526,0x0000000000,415,2109,0,39,9455,6575,11.9755,5407,39,9455
147000,8192,0,0,0,37625856,0,37634048,0,6579,11.9981,5408,522,0x0000000000,436,2072,0,52,9507,6579,11.9981,5408,52,9507
148000,8192,0,0,0,37888000,0,37896192,0,6591,12.0357,5378,477,0x0000000000,0,0,0,39,9546,6591,12.0357,5378,39,9546
149000,8192,0,0,0,38141952,0,38150144,0,6641,12.0301,5502,499,0x0000000000,381,2103,0,45,9591,6641,12.0301,5502,45,9591
150000,8192,0,0,0,38395904,0,38404096,0,6605,12.0043,5387,523,0x0000000000,452,2091,0,63,9654,6605,12.0043,5387,63,9654
151000,8192,0,0,0,38649856,0,38658048,0,6594,11.9831,5394,533,0x0000000000,405,2100,0,55,9709,6594,11.9831,5394,55,9709
152000,8192,0,0,0,38912000,0,38920192,0,6597,11.9953,5394,520,0x0000000000,0,0,0,59,9768,6597,11.9953,5394,59,9768
153000,8192,0,0,0,39165952,0,39174144,0,6615,12.0024,5367,528,0x0000000000,441,2103,0,44,9812,6615,12.0024,5367,44,9812
154000,8192,0,0,0,39419904,0,39428096,0,6659,12.0655,5491,482,0x0000000000,431,2117,0,46,9858,6659,12.0655,5491,46,9858
155000,8192,0,0,0,39673856,0,39682048,0,6648,12.0158,5419,536,0x0000000000,396,2145,0,32,9890,6648,12.0158,5419,32,9890
156000,8192,0,0,0,39936000,0,39944192,0,6657,12.0426,5440,518,0x0000000000,0,0,0,46,9936,6657,12.0426,5440,46,9936
157000,8192,0,0,0,40189952,0,40198144,0,6537,11.9607,5333,528,0x0000000000,459,2087,0,52,9988,6537,11.9607,5333,52,9988
158000,8192,0,0,0,40443904,0,40452096,0,6599,11.9929,5374,530,0x0000000000,417,2049,0,46,10034,6599,11.9929,5374,46,10034
159000,8192,0,0,0,40697856,0,40706048,0,6527,11.9325,5348,558,0x0000000000,420,2041,0,51,10085,6527,11.9325,5348,51,10085
160000,8192,0,0,0,40960000,0,40968192,0,6558,11.9553,5349,531,0x0000000000,0,0,0,46,10131,6558,11.9553,5349,46,10131
161000,8192,0,0,0,41213952,0,41222144,0,6593,12.0023,5395,510,0x0000000000,420,2078,0,46,10177,6593,12.0023,5395,46,10177
162000,8192,0,0,0,41467904,0,41476096,0,6613,11.9814,5388,552,0x0000000000,444,2082,0,45,10222,6613,11.9814,5388,45,10222
163000,8192,0,0,0,41721856,0,41730048,0,6564,11.9901,5298,520,0x0000000000,399,1972,0,51,10273,6564,11.9901,5298,51,10273
164000,8192,0,0,0,41984000,0,41992192,0,6541,11.9531,5293,553,0x0000000000,0,0,0,48,10321,6541,11.9531,5293,48,10321
165000,8192,0,0,0,42237952,0,42246144,0,6581,11.9770,5350,538,0x0000000000,400,2091,0,36,10357,6581,11.9770,5350,36,10357
166000,8192,0,0,0,42491904,0,42500096,0,6609,12.0011,5334,522,0x0000000000,428,2091,0,52,10409,6609,12.0011,5334,52,10409
167000,8192,0,0,0,42745856,0,42754048,0,6600,12.0067,5391,514,0x0000000000,422,2039,0,36,10445,6600,12.0067,5391,36,10445
168000,8192,0,0,0,43008000,0,43016192,0,6661,12.0389,5374,499,0x0000000000,0,0,0,54,10499,6661,12.0389,5374,54,10499
169000,8192,0,0,0,43261952,0,43270144,0,6594,11.9548,5418,560,0x0000000000,393,2060,0,40,10539,6594,11.9548,5418,40,10539
170000,8192,0,0,0,43515904,0,43524096,0,6599,11.9986,5355,526,0x0000000000,422,2054,0,44,10583,6599,11.9986,5355,44,10583
171000,8192,0,0,0,43769856,0,43778048,0,6572,12.0047,5306,514,0x0000000000,389,2063,0,50,10633,6572,12.0047,5306,50,10633
172000,8192,0,0,0,44032000,0,44040192,0,6670,12.0386,5382,517,0x0000000000,0,0,0,49,10682,6670,12.0386,5382,49,10682
173000,8192,0,0,0,44285952,0,44294144,0,6649,12.0189,5398,528,0x0000000000,390,2015,0,52,10734,6649,12.0189,5398,52,10734
174000,8192,0,0,0,44539904,0,44548096,0,6585,12.0116,5319,495,0x0000000000,385,2076,0,46,10780,6585,12.0116,5319,46,10780
175000,8192,0,0,0,44793856,0,44802048,0,6543,11.9425,5363,531,0x0000000000,449,2068,0,36,10816,6543,11.9425,5363,36,10816
176000,8192,0,0,0,45056000,0,45064192,0,6619,12.0045,5366,524,0x0000000000,0,0,0,42,10858,6619,12.0045,5366,42,10858
177000,8192,0,0,0,45309952,0,45318144,0,6584,11.9840,5328,538,0x0000000000,417,2078,0,44,10902,6584,11.9840,5328,44,10902
178000,8192,0,0,0,45563904,0,45572096,0,6594,11.9575,5363,568,0x0000000000,421,2074,0,43,10945,6594,11.9575,5363,43,10945
179000,8192,0,0,0,45817856,0,45826048,0,6617,12.0305,5345,496,0x0000000000,410,2093,0,38,10983,6617,12.0305,5345,38,10983
180000,8192,0,0,0,46080000,0,46088192,0,6565,11.9523,5322,561,0x0000000000,0,0,0,40,11023,6565,11.9523,5322,40,11023
181000,8192,0,0,0,46333952,0,46342144,0,6585,11.9388,5363,575,0x0000000000,423,2034,0,34,11057,6585,11.9388,5363,34,11057
182000,8192,0,0,0,46587904,0,46596096,0,6610,12.0124,5362,503,0x0000000000,426,2097,0,40,11097,6610,12.0124,5362,40,11097
183000,8192,0,0,0,46841856,0,46850048,0,6560,11.9522,5353,550,0x0000000000,422,2038,0,54,11151,6560,11.9522,5353,54,11151
184000,8192,0,0,0,47104000,0,47112192,0,6570,11.9896,5304,522,0x0000000000,0,0,0,39,11190,6570,11.9896,5304,39,11190
185000,8192,0,0,0,47357952,0,47366144,0,6603,11.9941,5299,527,0x0000000000,420,2036,0,51,11241,6603,11.9941,5299,51,11241
186000,8192,0,0,0,47611904,0,47620096,0,6596,11.9961,5322,522,0x0000000000,391,2083,0,40,11281,6596,11.9961,5322,40,11281
187000,8192,0,0,0,47865856,0,47874048,0,6602,12.0182,5352,485,0x0000000000,421,2012,0,49,11330,6602,12.0182,5352,49,11330
188000,8192,0,0,0,48128000,0,48136192,0,6629,12.0220,5367,506,0x0000000000,0,0,0,55,11385,6629,12.0220,5367,55,11385
189000,8192,0,0,0,48381952,0,48390144,0,6555,11.9450,5287,554,0x0000000000,422,2084,0,43,11428,6555,11.9450,5287,43,11428
190000,8192,0,0,0,48635904,0,48644096,0,6666,12.0417,5434,493,0x0000000000,440,2117,0,29,11457,6666,12.0417,5434,29,11457
191000,8192,0,0,0,48889856,0,48898048,0,6626,11.9656,5357,570,0x0000000000,444,2042,0,48,11505,6626,11.9656,5357,48,11505
192000,8192,0,0,0,49152000,0,49160192,0,6562,11.9760,5265,528,0x0000000000,0,0,0,44,11549,6562,11.9760,5265,44,11549
193000,8192,0,0,0,49405952,0,49414144,0,6613,11.9870,5342,535,0x0000000000,396,1954,0,40,11589,6613,11.9870,5342,40,11589
194000,8192,0,0,0,49659904,0,49668096,0,6573,11.9802,5293,530,0x0000000000,399,2079,0,47,11636,6573,11.9802,5293,47,11636
195000,8192,0,0,0,49913856,0,49922048,0,6657,12.0293,5388,514,0x0000000000,397,2043,0,48,11684,6657,12.0293,5388,48,11684
196000,8192,0,0,0,50176000,0,50184192,0,6652,12.0382,5358,502,0x0000000000,0,0,0,46,11730,6652,12.0382,5358,46,11730
197000,8192,0,0,0,50429952,0,50438144,0,6548,11.9676,5277,526,0x0000000000,408,1975,0,44,11774,6548,11.9676,5277,44,11774
198000,8192,0,0,0,50683904,0,50692096,0,6618,12.0159,5283,516,0x0000000000,409,1986,0,37,11811,6618,12.0159,5283,37,11811
199000,8192,0,0,0,50937856,0,50946048,0,6551,11.9810,5265,504,0x0000000000,425,2054,0,32,11843,6551,11.9810,5265,32,11843
200000,8192,0,0,0,51200000,0,51208192,0,6630,12.0161,5253,519,0x0000000000,0,0,0,50,11893,6630,12.0161,5253,50,11893
201000,8192,0,0,0,51453952,0,51462144,0,6624,11.9978,5313,535,0x0000000000,401,2032,0,30,11923,6624,11.9978,5313,30,11923
202000,8192,0,0,0,51707904,0,51716096,0,6596,11.9900,5324,525,0x0000000000,412,2141,0,47,11970,6596,11.9900,5324,47,11970
203000,8192,0,0,0,51961856,0,51970048,0,6586,11.9953,5279,518,0x0000000000,424,2099,0,51,12021,6586,11.9953,5279,51,12021
204000,8192,0,0,0,52224000,0,52232192,0,6640,12.0376,5374,500,0x0000000000,0,0,0,34,12055,6640,12.0376,5374,34,12055
205000,8192,0,0,0,52477952,0,52486144,0,6598,12.0268,5290,487,0x0000000000,438,2076,0,28,12083,6598,12.0268,5290,28,12083
206000,8192,0,0,0,52731904,0,52740096,0,6617,12.0352,5326,479,0x0000000000,441,2135,0,44,12127,6617,12.0352,5326,44,12127
207000,8192,0,0,0,52985856,0,52994048,0,6591,12.0123,5304,491,0x0000000000,416,2084,0,46,12173,6591,12.0123,5304,46,12173
208000,8192,0,0,0,53248000,0,53256192,0,6599,11.9857,5272,540,0x0000000000,0,0,0,54,12227,6599,11.9857,5272,54,12227
209000,8192,0,0,0,53501952,0,53510144,0,6615,12.0373,5267,490,0x0000000000,402,2066,0,27,12254,6615,12.0373,5267,27,12254
210000,8192,0,0,0,53755904,0,53764096,0,6564,12.0007,5244,490,0x0000000000,394,2104,0,39,12293,6564,12.0007,5244,39,12293
211000,8192,0,0,0,54009856,0,54018048,0,6527,11.9292,5220,561,0x0000000000,422,2031,0,37,12330,6527,11.9292,5220,37,12330
212000,8192,0,0,0,54272000,0,54280192,0,6589,11.9851,5299,532,0x0000000000,0,0,0,26,12356,6589,11.9851,5299,26,12356
213000,8192,0,0,0,54525952,0,54534144,0,6565,11.9589,5335,540,0x0000000000,388,2042,0,41,12397,6565,11.9589,5335,41,12397
214000,8192,0,0,0,54779904,0,54788096,0,6528,11.9587,5191,525,0x0000000000,417,2067,0,48,12445,6528,11.9587,5191,48,12445
215000,8192,0,0,0,55033856,0,55042048,0,6638,11.9887,5315,546,0x0000000000,405,2010,0,33,12478,6638,11.9887,5315,33,12478
216000,8192,0,0,0,55296000,0,55304192,0,6597,11.9876,5253,523,0x0000000000,0,0,0,42,12520,6597,11.9876,5253,42,12520
217000,8192,0,0,0,55549952,0,55558144,0,6569,11.9964,5270,503,0x0000000000,404,2084,0,37,12557,6569,11.9964,5270,37,12557
218000,8192,0,0,0,55803904,0,55812096,0,6567,11.9636,5261,538,0x0000000000,413,2056,0,32,12589,6567,11.9636,5261,32,12589
219000,8192,0,0,0,56057856,0,56066048,0,6608,12.0088,5270,511,0x0000000000,365,2176,0,51,12640,6608,12.0088,5270,51,12640
220000,8192,0,0,0,56320000,0,56328192,0,6541,11.9432,5237,547,0x0000000000,0,0,0,46,12686,6541,11.9432,5237,46,12686
221000,8192,0,0,0,56573952,0,56582144,0,6574,11.9818,5261,517,0x0000000000,420,2011,0,36,12722,6574,11.9818,5261,36,12722
222000,8192,0,0,0,56827904,0,56836096,0,6575,11.9908,5266,523,0x0000000000,442,2018,0,42,12764,6575,11.9908,5266,42,12764
223000,8192,0,0,0,57081856,0,57090048,0,6585,11.9692,5306,546,0x0000000000,393,2018,0,28,12792,6585,11.9692,5306,28,12792
224000,8192,0,0,0,57344000,0,57352192,0,6657,12.0414,5362,500,0x0000000000,0,0,0,42,12834,6657,12.0414,5362,42,12834
225000,8192,0,0,0,57597952,0,57606144,0,6631,12.0215,5311,513,0x0000000000,423,2084,0,32,12866,6631,12.0215,5311,32,12866
226000,8192,0,0,0,57851904,0,57860096,0,6648,12.0217,5306,514,0x0000000000,410,2052,0,39,12905,6648,12.0217,5306,39,12905
227000,8192,0,0,0,58105856,0,58114048,0,6608,12.0201,5306,496,0x0000000000,422,2051,0,36,12941,6608,12.0201,5306,36,12941
228000,8192,0,0,0,58368000,0,58376192,0,6563,11.9610,5245,540,0x0000000000,0,0,0,32,12973,6563,11.9610,5245,32,12973
229000,8192,0,0,0,58621952,0,58630144,0,6635,12.0311,5321,495,0x0000000000,420,2017,0,32,13005,6635,12.0311,5321,32,13005
230000,8192,0,0,0,58875904,0,58884096,0,6563,11.9571,5238,535,0x0000000000,402,2130,0,36,13041,6563,11.9571,5238,36,13041
231000,8192,0,0,0,59129856,0,59138048,0,6556,11.9757,5211,528,0x0000000000,422,2023,0,46,13087,6556,11.9757,5211,46,13087
232000,8192,0,0,0,59392000,0,59400192,0,6580,11.9851,5243,529,0x0000000000,0,0,0,40,13127,6580,11.9851,5243,40,13127
233000,8192,0,0,0,59645952,0,59654144,0,6632,12.0076,5316,529,0x0000000000,417,2113,0,38,13165,6632,12.0076,5316,38,13165
234000,8192,0,0,0,59899904,0,59908096,0,6602,11.9725,5327,547,0x0000000000,402,2138,0,32,13197,6602,11.9725,5327,32,13197
235000,8192,0,0,0,60153856,0,60162048,0,6644,12.0272,5308,516,0x0000000000,424,2078,0,51,13248,6644,12.0272,5308,51,13248
236000,8192,0,0,0,60416000,0,60424192,0,6594,11.9926,5243,531,0x0000000000,0,0,0,34,13282,6594,11.9926,5243,34,13282
237000,8192,0,0,0,60669952,0,60678144,0,6607,11.9925,5274,535,0x0000000000,383,2095,0,32,13314,6607,11.9925,5274,32,13314
238000,8192,0,0,0,60923904,0,60932096,0,6565,11.9637,5251,544,0x0000000000,390,2096,0,32,13346,6565,11.9637,5251,32,13346
239000,8192,0,0,0,61177856,0,61186048,0,6600,12.0083,5219,506,0x0000000000,431,2031,0,29,13375,6600,12.0083,5219,29,13375
240000,8192,0,0,0,61440000,0,61448192,0,6588,11.9886,5258,507,0x0000000000,0,0,0,24,13399,6588,11.9886,5258,24,13399
241000,8192,0,0,0,61693952,0,61702144,0,6565,11.9926,5198,501,0x0000000000,442,2010,0,42,13441,6565,11.9926,5198,42,13441
242000,8192,0,0,0,61947904,0,61956096,0,6566,11.9905,5246,513,0x0000000000,409,2019,0,51,13492,6566,11.9905,5246,51,13492
243000,8192,0,0,0,62201856,0,62210048,0,6558,12.0038,5215,499,0x0000000000,429,2046,0,40,13532,6558,12.0038,5215,40,13532
244000,8192,0,0,0,62464000,0,62472192,0,6597,11.9907,5214,510,0x0000000000,0,0,0,32,13564,6597,11.9907,5214,32,13564
245000,8192,0,0,0,62717952,0,62726144,0,6636,12.0137,5283,520,0x0000000000,426,2068,0,33,13597,6636,12.0137,5283,33,13597
246000,8192,0,0,0,62971904,0,62980096,0,6590,11.9870,5228,529,0x0000000000,412,2079,0,35,13632,6590,11.9870,5228,35,13632
247000,8192,0,0,0,63225856,0,63234048,0,6595,11.9986,5243,522,0x0000000000,408,2065,0,42,13674,6595,11.9986,5243,42,13674
248000,8192,0,0,0,63488000,0,63496192,0,6557,11.9504,5219,556,0x0000000000,0,0,0,37,13711,6557,11.9504,5219,37,13711
249000,8192,0,0,0,63741952,0,63750144,0,6554,11.9404,5181,556,0x0000000000,373,1997,0,39,13750,6554,11.9404,5181,39,13750
250000,8192,0,0,0,63995904,0,64004096,0,6615,12.0167,5190,504,0x0000000000,393,2021,0,42,13792,6615,12.0167,5190,42,13792
251000,8192,0,0,0,64249856,0,64258048,0,6634,12.0311,5260,507,0x0000000000,418,2042,0,38,13830,6634,12.0311,5260,38,13830
252000,8192,0,0,0,64512000,0,64520192,0,6651,12.0483,5255,495,0x0000000000,0,0,0,40,13870,6651,12.0483,5255,40,13870
253000,8192,0,0,0,64765952,0,64774144,0,6585,11.9689,5204,547,0x0000000000,425,2028,0,43,13913,6585,11.9689,5204,43,13913
254000,8192,0,0,0,65019904,0,65028096,0,6575,11.9843,5199,514,0x0000000000,385,2077,0,35,13948,6575,11.9843,5199,35,13948
255000,8192,0,0,0,65273856,0,65282048,0,6529,11.9670,5127,527,0x0000000000,416,2047,0,46,13994,6529,11.9670,5127,46,13994
256000,8192,0,0,0,65536000,0,65544192,0,6651,12.0345,5269,501,0x0000000000,0,0,0,35,14029,6651,12.0345,5269,35,14029
257000,8192,0,0,0,65789952,0,65798144,0,6656,12.0401,5267,507,0x0000000000,389,2136,0,39,14068,6656,12.0401,5267,39,14068
258000,8192,0,0,0,66043904,0,66052096,0,6576,11.9789,5225,529,0x0000000000,390,2059,0,34,14102,6576,11.9789,5225,34,14102
259000,8192,0,0,0,66297856,0,66306048,0,6579,11.9927,5169,510,0x0000000000,400,1994,0,45,14147,6579,11.9927,5169,45,14147
260000,8192,0,0,0,66560000,0,66568192,0,6562,11.9498,5193,556,0x0000000000,0,0,0,37,14184,6562,11.9498,5193,37,14184
261000,8192,0,0,0,66813952,0,66822144,0,6610,12.0062,5248,513,0x0000000000,442,2043,0,33,14217,6610,12.0062,5248,33,14217
262000,8192,0,0,0,67067904,0,67076096,0,6592,11.9704,5222,527,0x0000000000,377,2015,0,34,14251,6592,11.9704,5222,34,14251
263000,8192,0,0,0,67321856,0,67330048,0,6605,12.0145,5247,501,0x0000000000,395,2114,0,44,14295,6605,12.0145,5247,44,14295
264000,8192,0,0,0,67584000,0,67592192,0,6562,11.9637,5173,536,0x0000000000,0,0,0,39,14334,6562,11.9637,5173,39,14334
265000,8192,0,0,0,67837952,0,67846144,0,6611,11.9975,5215,537,0x0000000000,377,2082,0,43,14377,6611,11.9975,5215,43,14377
266000,8192,0,0,0,68091904,0,68100096,0,6602,12.0137,5261,500,0x0000000000,374,2073,0,32,14409,6602,12.0137,5261,32,14409
267000,8192,0,0,0,68345856,0,68354048,0,6574,11.9741,5196,530,0x0000000000,430,2057,0,31,14440,6574,11.9741,5196,31,14440
268000,8192,0,0,0,68608000,0,68616192,0,6634,12.0159,5210,510,0x0000000000,0,0,0,44,14484,6634,12.0159,5210,44,14484
269000,8192,0,0,0,68861952,0,68870144,0,6608,11.9713,5225,563,0x0000000000,425,2050,0,33,14517,6608,11.9713,5225,33,14517
270000,8192,0,0,0,69115904,0,69124096,0,6635,12.0332,5255,504,0x0000000000,455,2122,0,39,14556,6635,12.0332,5255,39,14556
271000,8192,0,0,0,69369856,0,69378048,0,6607,12.0080,5272,512,0x0000000000,445,2151,0,26,14582,6607,12.0080,5272,26,14582
272000,8192,0,0,0,69632000,0,69640192,0,6565,11.9990,5151,510,0x0000000000,0,0,0,46,14628,6565,11.9990,5151,46,14628
273000,8192,0,0,0,69885952,0,69894144,0,6595,11.9886,5235,533,0x0000000000,364,2140,0,37,14665,6595,11.9886,5235,37,14665
274000,8192,0,0,0,70139904,0,70148096,0,6523,11.9444,5138,545,0x0000000000,413,2047,0,49,14714,6523,11.9444,5138,49,14714
275000,8192,0,0,0,70393856,0,70402048,0,6618,12.0237,5234,500,0x0000000000,398,2042,0,35,14749,6618,12.0237,5234,35,14749
276000,8192,0,0,0,70656000,0,70664192,0,6568,11.9954,5165,515,0x0000000000,0,0,0,39,14788,6568,11.9954,5165,39,14788
277000,8192,0,0,0,70909952,0,70918144,0,6565,11.9513,5212,562,0x0000000000,413,2024,0,35,14823,6565,11.9513,5212,35,14823
278000,8192,0,0,0,71163904,0,71172096,0,6600,12.0023,5220,522,0x0000000000,433,2126,0,38,14861,6600,12.0023,5220,38,14861
279000,8192,0,0,0,71417856,0,71426048,0,6558,11.9416,5160,555,0x0000000000,425,2016,0,39,14900,6558,11.9416,5160,39,14900
280000,8192,0,0,0,71680000,0,71688192,0,6607,12.0133,5225,521,0x0000000000,0,0,0,50,14950,6607,12.0133,5225,50,14950
281000,8192,0,0,0,71933952,0,71942144,0,6561,11.9419,5139,561,0x0000000000,397,1972,0,33,14983,6561,11.9419,5139,33,14983
282000,8192,0,0,0,72187904,0,72196096,0,6595,11.9809,5180,531,0x0000000000,404,2031,0,30,15013,6595,11.9809,5180,30,15013
283000,8192,0,0,0,72441856,0,72450048,0,6573,11.9828,5115,526,0x0000000000,417,1980,0,39,15052,6573,11.9828,5115,39,15052
284000,8192,0,0,0,72704000,0,72712192,0,6608,12.0208,5222,499,0x0000000000,0,0,0,36,15088,6608,12.0208,5222,36,15088
285000,8192,0,0,0,72957952,0,72966144,0,6563,11.9596,5121,545,0x0000000000,412,2031,0,32,15120,6563,11.9596,5121,32,15120
286000,8192,0,0,0,73211904,0,73220096,0,6618,12.0210,5214,510,0x0000000000,432,2034,0,43,15163,6618,12.0210,5214,43,15163
287000,8192,0,0,0,73465856,0,73474048,0,6525,11.9501,5088,552,0x0000000000,402,2017,0,57,15220,6525,11.9501,5088,57,15220
288000,8192,0,0,0,73728000,0,73736192,0,6548,11.9464,5196,560,0x0000000000,0,0,0,29,15249,6548,11.9464,5196,29,15249
289000,8192,0,0,0,73981952,0,73990144,0,6542,11.9723,5111,522,0x0000000000,395,1961,0,39,15288,6542,11.9723,5111,39,15288
290000,8192,0,0,0,74235904,0,74244096,0,6618,12.0208,5230,495,0x0000000000,428,2088,0,42,15330,6618,12.0208,5230,42,15330
291000,8192,0,0,0,74489856,0,74498048,0,6575,11.9800,5166,517,0x0000000000,407,2070,0,42,15372,6575,11.9800,5166,42,15372
292000,8192,0,0,0,74752000,0,74760192,0,6607,12.0039,5188,517,0x0000000000,0,0,0,44,15416,6607,12.0039,5188,44,15416
293000,8192,0,0,0,75005952,0,75014144,0,6564,12.0161,5188,485,0x0000000000,444,2032,0,36,15452,6564,12.0161,5188,36,15452
294000,8192,0,0,0,75259904,0,75268096,0,6561,11.9609,5142,528,0x0000000000,433,1974,0,36,15488,6561,11.9609,5142,36,15488
295000,8192,0,0,0,75513856,0,75522048,0,6554,11.9458,5113,557,0x0000000000,397,2028,0,33,15521,6554,11.9458,5113,33,15521
296000,8192,0,0,0,75776000,0,75784192,0,6632,12.0530,5199,467,0x0000000000,0,0,0,46,15567,6632,12.0530,5199,46,15567
297000,8192,0,0,0,76029952,0,76038144,0,6607,11.9880,5144,536,0x0000000000,422,2020,0,39,15606,6607,11.9880,5144,39,15606
298000,8192,0,0,0,76283904,0,76292096,0,6605,12.0142,5204,512,0x0000000000,386,2070,0,27,15633,6605,12.0142,5204,27,15633
299000,8192,0,0,0,76537856,0,76546048,0,6581,11.9854,5193,519,0x0000000000,424,2123,0,40,15673,6581,11.9854,5193,40,15673
300000,8192,0,0,0,76800000,0,76808192,0,6546,11.9668,5129,531,0x0000000000,0,0,0,46,15719,6546,11.9668,5129,46,15719
301000,8192,0,0,0,77053952,0,77062144,0,6571,11.9984,5140,512,0x0000000000,406,2070,0,37,15756,6571,11.9984,5140,37,15756
302000,8192,0,0,0,77307904,0,77316096,0,6625,12.0515,5182,472,0x0000000000,414,2137,0,42,15798,6625,12.0515,5182,42,15798
303000,8192,0,0,0,77561856,0,77570048,0,6529,11.9335,5086,562,0x0000000000,401,2030,0,34,15832,6529,11.9335,5086,34,15832
304000,8192,0,0,0,77824000,0,77832192,0,6639,12.0144,5201,532,0x0000000000,0,0,0,38,15870,6639,12.0144,5201,38,15870
305000,8192,0,0,0,78077952,0,78086144,0,6530,11.9810,5112,500,0x0000000000,437,2044,0,43,15913,6530,11.9810,5112,43,15913
306000,8192,0,0,0,78331904,0,78340096,0,6640,12.0143,5175,527,0x0000000000,442,2098,0,38,15951,6640,12.0143,5175,38,15951
307000,8192,0,0,0,78585856,0,78594048,0,6539,11.9616,5128,528,0x0000000000,407,2061,0,29,15980,6539,11.9616,5128,29,15980
308000,8192,0,0,0,78848000,0,78856192,0,6631,12.0367,5189,504,0x0000000000,0,0,0,42,16022,6631,12.0367,5189,42,16022
309000,8192,0,0,0,79101952,0,79110144,0,6620,12.0241,5171,507,0x0000000000,443,2109,0,39,16061,6620,12.0241,5171,39,16061
310000,8192,0,0,0,79355904,0,79364096,0,6574,12.0023,5174,507,0x0000000000,402,1980,0,32,16093,6574,12.0023,5174,32,16093
311000,8192,0,0,0,79609856,0,79618048,0,6533,11.9594,5088,538,0x0000000000,388,2029,0,33,16126,6533,11.9594,5088,33,16126
312000,8192,0,0,0,79872000,0,79880192,0,6582,11.9714,5179,538,0x0000000000,0,0,0,30,16156,6582,11.9714,5179,30,16156
313000,8192,0,0,0,80125952,0,80134144,0,6620,12.0427,5146,473,0x0000000000,388,2139,0,37,16193,6620,12.0427,5146,37,16193
314000,8192,0,0,0,80379904,0,80388096,0,6605,12.0161,5105,509,0x0000000000,422,2090,0,36,16229,6605,12.0161,5105,36,16229
315000,8192,0,0,0,80633856,0,80642048,0,6613,11.9856,5175,543,0x0000000000,438,1977,0,29,16258,6613,11.9856,5175,29,16258
316000,8192,0,0,0,80896000,0,80904192,0,6642,12.0281,5207,510,0x0000000000,0,0,0,34,16292,6642,12.0281,5207,34,16292
317000,8192,0,0,0,81149952,0,81158144,0,6591,11.9935,5139,519,0x0000000000,426,2095,0,34,16326,6591,11.9935,5139,34,16326
318000,8192,0,0,0,81403904,0,81412096,0,6577,11.9785,5122,526,0x0000000000,414,1983,0,30,16356,6577,11.9785,5122,30,16356
319000,8192,0,0,0,81657856,0,81666048,0,6537,11.9812,5077,501,0x0000000000,419,2027,0,43,16399,6537,11.9812,5077,43,16399
320000,8192,0,0,0,81920000,0,81928192,0,6610,12.0007,5117,523,0x0000000000,0,0,0,36,16435,6610,12.0007,5117,36,16435
321000,8192,0,0,0,82173952,0,82182144,0,6586,11.9690,5177,553,0x0000000000,391,2005,0,37,16472,6586,11.9690,5177,37,16472
322000,8192,0,0,0,82427904,0,82436096,0,6606,11.9884,5151,528,0x0000000000,383,1942,0,32,16504,6606,11.9884,5151,32,16504
323000,8192,0,0,0,82681856,0,82690048,0,6590,11.9809,5169,538,0x0000000000,412,2096,0,42,16546,6590,11.9809,5169,42,16546
324000,8192,0,0,0,82944000,0,82952192,0,6518,11.9689,5079,515,0x0000000000,0,0,0,38,16584,6518,11.9689,5079,38,16584
325000,8192,0,0,0,83197952,0,83206144,0,6548,11.9622,5091,540,0x0000000000,431,2062,0,33,16617,6548,11.9622,5091,33,16617
326000,8192,0,0,0,83451904,0,83460096,0,6572,11.9990,5085,501,0x0000000000,420,2072,0,41,16658,6572,11.9990,5085,41,16658
327000,8192,0,0,0,83705856,0,83714048,0,6596,11.9663,5148,567,0x0000000000,407,2103,0,42,16700,6596,11.9663,5148,42,16700
328000,8192,0,0,0,83968000,0,83976192,0,6599,12.0113,5117,516,0x0000000000,0,0,0,38,16738,6599,12.0113,5117,38,16738
329000,8192,0,0,0,84221952,0,84230144,0,6621,11.9874,5085,554,0x0000000000,389,2012,0,35,16773,6621,11.9874,5085,35,16773
330000,8192,0,0,0,84475904,0,84484096,0,6639,12.0456,5153,506,0x0000000000,397,2026,0,36,16809,6639,12.0456,5153,36,16809
331000,8192,0,0,0,84729856,0,84738048,0,6595,11.9792,5123,529,0x0000000000,426,2028,0,34,16843,6595,11.9792,5123,34,16843
332000,8192,0,0,0,84992000,0,85000192,0,6674,12.0470,5168,505,0x0000000000,0,0,0,36,16879,6674,12.0470,5168,36,16879
333000,8192,0,0,0,85245952,0,85254144,0,6557,11.9633,5083,538,0x0000000000,397,2056,0,36,16915,6557,11.9633,5083,36,16915
334000,8192,0,0,0,85499904,0,85508096,0,6576,12.0187,5071,484,0x0000000000,375,2000,0,37,16952,6576,12.0187,5071,37,16952
335000,8192,0,0,0,85753856,0,85762048,0,6492,11.9226,5038,546,0x0000000000,413,2040,0,30,16982,6492,11.9226,5038,30,16982
336000,8192,0,0,0,86016000,0,86024192,0,6559,11.9722,5057,533,0x0000000000,0,0,0,37,17019,6559,11.9722,5057,37,17019
337000,8192,0,0,0,86269952,0,86278144,0,6553,11.9538,5061,549,0x0000000000,416,1981,0,33,17052,6553,11.9538,5061,33,17052
338000,8192,0,0,0,86523904,0,86532096,0,6596,12.0023,5112,520,0x0000000000,408,2025,0,40,17092,6596,12.0023,5112,40,17092
339000,8192,0,0,0,86777856,0,86786048,0,6618,12.0405,5136,492,0x0000000000,442,2050,0,37,17129,6618,12.0405,5136,37,17129
340000,8192,0,0,0,87040000,0,87048192,0,6558,11.9783,5114,516,0x0000000000,0,0,0,33,17162,6558,11.9783,5114,33,17162
341000,8192,0,0,0,87293952,0,87302144,0,6600,12.0224,5157,494,0x0000000000,432,1961,0,45,17207,6600,12.0224,5157,45,17207
342000,8192,0,0,0,87547904,0,87556096,0,6612,12.0013,5140,523,0x0000000000,396,2078,0,41,17248,6612,12.0013,5140,41,17248
343000,8192,0,0,0,87801856,0,87810048,0,6618,12.0288,5157,488,0x0000000000,386,2087,0,33,17281,6618,12.0288,5157,33,17281
344000,8192,0,0,0,88064000,0,88072192,0,6640,12.0420,5093,499,0x0000000000,0,0,0,32,17313,6640,12.0420,5093,32,17313
345000,8192,0,0,0,88317952,0,88326144,0,6572,12.0016,5131,496,0x0000000000,411,2076,0,37,17350,6572,12.0016,5131,37,17350
346000,8192,0,0,0,88571904,0,88580096,0,6573,11.9831,5120,521,0x0000000000,413,2051,0,43,17393,6573,11.9831,5120,43,17393
347000,8192,0,0,0,88825856,0,88834048,0,6573,11.9526,5094,560,0x0000000000,400,2041,0,25,17418,6573,11.9526,5094,25,17418
348000,8192,0,0,0,89088000,0,89096192,0,6612,12.0115,5152,518,0x0000000000,0,0,0,32,17450,6612,12.0115,5152,32,17450
349000,8192,0,0,0,89341952,0,89350144,0,6590,11.9810,5089,531,0x0000000000,435,2021,0,38,17488,6590,11.9810,5089,38,17488
350000,8192,0,0,0,89595904,0,89604096,0,6558,11.9579,5101,544,0x0000000000,426,2053,0,35,17523,6558,11.9579,5101,35,17523
351000,8192,0,0,0,89849856,0,89858048,0,6560,11.9938,5098,504,0x0000000000,433,2101,0,34,17557,6560,11.9938,5098,34,17557
352000,8192,0,0,0,90112000,0,90120192,0,6537,11.9340,5060,567,0x0000000000,0,0,0,42,17599,6537,11.9340,5060,42,17599
353000,8192,0,0,0,90365952,0,90374144,0,6508,11.9296,5005,547,0x0000000000,433,2012,0,48,17647,6508,11.9296,5005,48,17647
354000,8192,0,0,0,90619904,0,90628096,0,6592,11.9478,5121,570,0x0000000000,427,2011,0,30,17677,6592,11.9478,5121,30,17677
355000,8192,0,0,0,90873856,0,90882048,0,6563,11.9701,5112,537,0x0000000000,431,1973,0,43,17720,6563,11.9701,5112,43,17720
356000,8192,0,0,0,91136000,0,91144192,0,6600,12.0103,5135,499,0x0000000000,0,0,0,32,17752,6600,12.0103,5135,32,17752
357000,8192,0,0,0,91389952,0,91398144,0,6573,11.9806,5087,521,0x0000000000,397,1990,0,25,17777,6573,11.9806,5087,25,17777
358000,8192,0,0,0,91643904,0,91652096,0,6565,11.9766,5069,531,0x0000000000,432,2039,0,47,17824,6565,11.9766,5069,47,17824
359000,8192,0,0,0,91897856,0,91906048,0,6546,11.9670,5048,540,0x0000000000,416,1998,0,38,17862,6546,11.9670,5048,38,17862
360000,8192,0,0,0,92160000,0,92168192,0,6628,12.0199,5084,513,0x0000000000,0,0,0,41,17903,6628,12.0199,5084,41,17903
361000,8192,0,0,0,92413952,0,92422144,0,6542,11.9548,5080,533,0x0000000000,394,2011,0,30,17933,6542,11.9548,5080,30,17933
362000,8192,0,0,0,92667904,0,92676096,0,6602,12.0075,5069,509,0x0000000000,409,2031,0,35,17968,6602,12.0075,5069,35,17968
363000,8192,0,0,0,92921856,0,92930048,0,6568,11.9898,5080,509,0x0000000000,406,2016,0,19,17987,6568,11.9898,5080,19,17987
364000,8192,0,0,0,93184000,0,93192192,0,6529,11.9741,5025,529,0x0000000000,0,0,0,41,18028,6529,11.9741,5025,41,18028
365000,8192,0,0,0,93437952,0,93446144,0,6544,11.9752,5028,510,0x0000000000,432,2046,0,34,18062,6544,11.9752,5028,34,18062
366000,8192,0,0,0,93691904,0,93700096,0,6601,12.0232,5108,498,0x0000000000,386,2009,0,37,18099,6601,12.0232,5108,37,18099
367000,8192,0,0,0,93945856,0,93954048,0,6608,12.0136,5097,518,0x0000000000,415,2049,0,31,18130,6608,12.0136,5097,31,18130
368000,8192,0,0,0,94208000,0,94216192,0,6591,11.9682,5095,545,0x0000000000,0,0,0,23,18153,6591,11.9682,5095,23,18153
369000,8192,0,0,0,94461952,0,94470144,0,6540,11.9682,5091,533,0x0000000000,402,2015,0,35,18188,6540,11.9682,5091,35,18188
370000,8192,0,0,0,94715904,0,94724096,0,6562,11.9834,5092,516,0x0000000000,427,2074,0,33,18221,6562,11.9834,5092,33,18221
371000,8192,0,0,0,94969856,0,94978048,0,6608,11.9921,5132,540,0x0000000000,421,2085,0,38,18259,6608,11.9921,5132,38,18259
372000,8192,0,0,0,95232000,0,95240192,0,6613,12.0265,5083,499,0x0000000000,0,0,0,40,18299,6613,12.0265,5083,40,18299
373000,8192,0,0,0,95485952,0,95494144,0,6533,11.9284,5018,564,0x0000000000,400,1989,0,31,18330,6533,11.9284,5018,31,18330
374000,8192,0,0,0,95739904,0,95748096,0,6589,11.9682,5055,548,0x0000000000,409,2023,0,29,18359,6589,11.9682,5055,29,18359
375000,8192,0,0,0,95993856,0,96002048,0,6574,11.9693,5095,538,0x0000000000,388,2028,0,33,18392,6574,11.9693,5095,33,18392
376000,8192,0,0,0,96256000,0,96264192,0,6565,11.9433,5090,563,0x0000000000,0,0,0,33,18425,6565,11.9433,5090,33,18425
377000,8192,0,0,0,96509952,0,96518144,0,6540,11.9464,5040,541,0x0000000000,390,1977,0,33,18458,6540,11.9464,5040,33,18458
378000,8192,0,0,0,96763904,0,96772096,0,6526,11.9550,5022,545,0x0000000000,399,2040,0,29,18487,6526,11.9550,5022,29,18487
379000,8192,0,0,0,97017856,0,97026048,0,6550,11.9671,5067,526,0x0000000000,443,2050,0,36,18523,6550,11.9671,5067,36,18523
380000,8192,0,0,0,97280000,0,97288192,0,6635,12.0008,5112,530,0x0000000000,0,0,0,36,18559,6635,12.0008,5112,36,18559
381000,8192,0,0,0,97533952,0,97542144,0,6584,11.9759,5077,533,0x0000000000,421,2021,0,42,18601,6584,11.9759,5077,42,18601
382000,8192,0,0,0,97787904,0,97796096,0,6575,11.9765,5073,532,0x0000000000,420,2030,0,35,18636,6575,11.9765,5073,35,18636
383000,8192,0,0,0,98041856,0,98050048,0,6594,11.9902,5121,527,0x0000000000,404,2058,0,44,18680,6594,11.9902,5121,44,18680
384000,8192,0,0,0,98304000,0,98312192,0,6525,11.9588,5024,525,0x0000000000,0,0,0,33,18713,6525,11.9588,5024,33,18713
385000,8192,0,0,0,98557952,0,98566144,0,6629,12.0114,5087,513,0x0000000000,393,2038,0,28,18741,6629,12.0114,5087,28,18741
386000,8192,0,0,0,98811904,0,98820096,0,6617,11.9886,5111,546,0x0000000000,428,2066,0,42,18783,6617,11.9886,5111,42,18783
387000,8192,0,0,0,99065856,0,99074048,0,6601,12.0125,5102,515,0x0000000000,422,1989,0,35,18818,6601,12.0125,5102,35,18818
388000,8192,0,0,0,99328000,0,99336192,0,6568,11.9744,5064,528,0x0000000000,0,0,0,32,18850,6568,11.9744,5064,32,18850
389000,8192,0,0,0,99581952,0,99590144,0,6580,11.9958,5079,505,0x0000000000,431,2057,0,36,18886,6580,11.9958,5079,36,18886
390000,8192,0,0,0,99835904,0,99844096,0,6586,11.9921,5076,521,0x0000000000,440,2094,0,30,18916,6586,11.9921,5076,30,18916
391000,8192,0,0,0,100089856,0,100098048,0,6577,11.9731,5065,540,0x0000000000,412,2104,0,41,18957,6577,11.9731,5065,41,18957
392000,8192,0,0,0,100352000,0,100360192,0,6537,11.9576,5030,524,0x0000000000,0,0,0,33,18990,6537,11.9576,5030,33,18990
393000,8192,0,0,0,100605952,0,100614144,0,6538,11.9690,5086,517,0x0000000000,381,2021,0,42,19032,6538,11.9690,5086,42,19032
394000,8192,0,0,0,100859904,0,100868096,0,6627,12.0525,5062,478,0x0000000000,451,2031,0,39,19071,6627,12.0525,5062,39,19071
395000,8192,0,0,0,101113856,0,101122048,0,6594,11.9821,5094,536,0x0000000000,423,2030,0,32,19103,6594,11.9821,5094,32,19103
396000,8192,0,0,0,101376000,0,101384192,0,6643,12.0202,5143,531,0x0000000000,0,0,0,40,19143,6643,12.0202,5143,40,19143
397000,8192,0,0,0,101629952,0,101638144,0,6638,12.0305,5105,508,0x0000000000,410,2089,0,25,19168,6638,12.0305,5105,25,19168
398000,8192,0,0,0,101883904,0,101892096,0,6604,11.9809,5109,541,0x0000000000,390,2065,0,27,19195,6604,11.9809,5109,27,19195
399000,8192,0,0,0,102137856,0,102146048,0,6592,12.0237,5042,488,0x0000000000,428,2017,0,37,19232,6592,12.0237,5042,37,19232
400000,8192,0,0,0,102400000,0,102408192,0,6608,11.9881,5072,534,0x0000000000,0,0,0,29,19261,6608,11.9881,5072,29,19261
401000,8192,0,0,0,102653952,0,102662144,0,6574,11.9865,5058,521,0x0000000000,429,2042,0,29,19290,6574,11.9865,5058,29,19290
402000,8192,0,0,0,102907904,0,102916096,0,6558,11.9679,5030,540,0x0000000000,443,2066,0,35,19325,6558,11.9679,5030,35,19325
403000,8192,0,0,0,103161856,0,103170048,0,6534,11.9532,4971,537,0x0000000000,434,2011,0,40,19365,6534,11.9532,4971,40,19365
404000,8192,0,0,0,103424000,0,103432192,0,6599,11.9877,5055,534,0x0000000000,0,0,0,28,19393,6599,11.9877,5055,28,19393
405000,8192,0,0,0,103677952,0,103686144,0,6632,12.0321,5021,506,0x0000000000,398,2034,0,39,19432,6632,12.0321,5021,39,19432
406000,8192,0,0,0,103931904,0,103940096,0,6603,11.9760,5074,538,0x0000000000,397,2108,0,36,19468,6603,11.9760,5074,36,19468
407000,8192,0,0,0,104185856,0,104194048,0,6562,11.9558,5055,550,0x0000000000,417,2069,0,31,19499,6562,11.9558,5055,31,19499
408000,8192,0,0,0,104448000,0,104456192,0,6533,11.9607,5015,532,0x0000000000,0,0,0,39,19538,6533,11.9607,5015,39,19538
409000,8192,0,0,0,104701952,0,104710144,0,6607,11.9998,5059,523,0x0000000000,411,2077,0,30,19568,6607,11.9998,5059,30,19568
410000,8192,0,0,0,104955904,0,104964096,0,6603,11.9913,5099,534,0x0000000000,420,2028,0,28,19596,6603,11.9913,5099,28,19596
411000,8192,0,0,0,105209856,0,105218048,0,6581,11.9845,5093,506,0x0000000000,408,2123,0,27,19623,6581,11.9845,5093,27,19623
412000,8192,0,0,0,105472000,0,105480192,0,6561,11.9529,5016,549,0x0000000000,0,0,0,40,19663,6561,11.9529,5016,40,19663
413000,8192,0,0,0,105725952,0,105734144,0,6553,11.9791,5024,510,0x0000000000,435,2000,0,31,19694,6553,11.9791,5024,31,19694
414000,8192,0,0,0,105979904,0,105988096,0,6586,11.9663,5086,546,0x0000000000,413,2012,0,28,19722,6586,11.9663,5086,28,19722
415000,8192,0,0,0,106233856,0,106242048,0,6588,11.9925,5028,517,0x0000000000,436,2070,0,36,19758,6588,11.9925,5028,36,19758
416000,8192,0,0,0,106496000,0,106504192,0,6563,11.9792,5030,510,0x0000000000,0,0,0,32,19790,6563,11.9792,5030,32,19790
417000,8192,0,0,0,106749952,0,106758144,0,6604,11.9996,5108,525,0x0000000000,405,2013,0,30,19820,6604,11.9996,5108,30,19820
418000,8192,0,0,0,107003904,0,107012096,0,6578,11.9945,5071,511,0x0000000000,434,2096,0,44,19864,6578,11.9945,5071,44,19864
419000,8192,0,0,0,107257856,0,107266048,0,6596,12.0040,5045,519,0x0000000000,389,2059,0,29,19893,6596,12.0040,5045,29,19893
420000,8192,0,0,0,107520000,0,107528192,0,6538,11.9362,4985,549,0x0000000000,0,0,0,24,19917,6538,11.9362,4985,24,19917
421000,8192,0,0,0,107773952,0,107782144,0,6614,11.9934,5030,531,0x0000000000,389,2006,0,34,19951,6614,11.9934,5030,34,19951
422000,8192,0,0,0,108027904,0,108036096,0,6585,11.9777,5030,540,0x0000000000,435,2103,0,41,19992,6585,11.9777,5030,41,19992
423000,8192,0,0,0,108281856,0,108290048,0,6579,11.9940,5025,513,0x0000000000,389,2049,0,29,20021,6579,11.9940,5025,29,20021
424000,8192,0,0,0,108544000,0,108552192,0,6558,11.9630,5029,546,0x0000000000,0,0,0,35,20056,6558,11.9630,5029,35,20056
425000,8192,0,0,0,108797952,0,108806144,0,6556,12.0104,5039,490,0x0000000000,417,2136,0,36,20092,6556,12.0104,5039,36,20092
426000,8192,0,0,0,109051904,0,109060096,0,6574,11.9734,5048,534,0x0000000000,401,2069,0,50,20142,6574,11.9734,5048,50,20142
427000,8192,0,0,0,109305856,0,109314048,0,6611,12.0387,5053,486,0x0000000000,407,2048,0,40,20182,6611,12.0387,5053,40,20182
428000,8192,0,0,0,109568000,0,109576192,0,6544,11.9557,4968,544,0x0000000000,0,0,0,20,20202,6544,11.9557,4968,20,20202
429000,8192,0,0,0,109821952,0,109830144,0,6626,12.0045,5066,520,0x0000000000,410,2030,0,25,20227,6626,12.0045,5066,25,20227
430000,8192,0,0,0,110075904,0,110084096,0,6534,11.9462,4961,546,0x0000000000,408,1968,0,30,20257,6534,11.9462,4961,30,20257
431000,8192,0,0,0,110329856,0,110338048,0,6567,11.9775,4956,524,0x0000000000,443,2057,0,37,20294,6567,11.9775,4956,37,20294
432000,8192,0,0,0,110592000,0,110600192,0,6595,11.9701,4985,525,0x0000000000,0,0,0,25,20319,6595,11.9701,4985,25,20319
433000,8192,0,0,0,110845952,0,110854144,0,6571,12.0095,5062,498,0x0000000000,433,2076,0,36,20355,6571,12.0095,5062,36,20355
434000,8192,0,0,0,111099904,0,111108096,0,6604,11.9762,5070,537,0x0000000000,431,2045,0,39,20394,6604,11.9762,5070,39,20394
435000,8192,0,0,0,111353856,0,111362048,0,6631,12.0357,5010,497,0x0000000000,399,1977,0,39,20433,6631,12.0357,5010,39,20433
436000,8192,0,0,0,111616000,0,111624192,0,6635,12.0227,5130,518,0x0000000000,0,0,0,34,20467,6635,12.0227,5130,34,20467
437000,8192,0,0,0,111869952,0,111878144,0,6547,11.9625,4950,540,0x0000000000,385,2053,0,33,20500,6547,11.9625,4950,33,20500
438000,8192,0,0,0,112123904,0,112132096,0,6623,12.0215,5058,500,0x0000000000,398,2053,0,30,20530,6623,12.0215,5058,30,20530
439000,8192,0,0,0,112377856,0,112386048,0,6634,12.0134,5094,506,0x0000000000,389,2071,0,31,20561,6634,12.0134,5094,31,20561
440000,8192,0,0,0,112640000,0,112648192,0,6528,11.9312,5009,559,0x0000000000,0,0,0,49,20610,6528,11.9312,5009,49,20610
441000,8192,0,0,0,112893952,0,112902144,0,6559,11.9650,5011,532,0x0000000000,433,1982,0,31,20641,6559,11.9650,5011,31,20641
442000,8192,0,0,0,113147904,0,113156096,0,6572,11.9603,5041,541,0x0000000000,450,2041,0,29,20670,6572,11.9603,5041,29,20670
443000,8192,0,0,0,113401856,0,113410048,0,6559,11.9589,5015,548,0x0000000000,426,2036,0,31,20701,6559,11.9589,5015,31,20701
444000,8192,0,0,0,113664000,0,113672192,0,6586,11.9749,5084,534,0x0000000000,0,0,0,33,20734,6586,11.9749,5084,33,20734
445000,8192,0,0,0,113917952,0,113926144,0,6580,11.9759,5000,539,0x0000000000,432,2038,0,33,20767,6580,11.9759,5000,33,20767
446000,8192,0,0,0,114171904,0,114180096,0,6521,11.9834,4962,498,0x0000000000,393,2022,0,35,20802,6521,11.9834,4962,35,20802
447000,8192,0,0,0,114425856,0,114434048,0,6582,11.9397,5034,579,0x0000000000,403,2074,0,26,20828,6582,11.9397,5034,26,20828
448000,8192,0,0,0,114688000,0,114696192,0,6558,11.9848,5006,507,0x0000000000,0,0,0,33,20861,6558,11.9848,5006,33,20861
449000,8192,0,0,0,114941952,0,114950144,0,6561,11.9722,5015,539,0x0000000000,418,1992,0,40,20901,6561,11.9722,5015,40,20901
450000,8192,0,0,0,115195904,0,115204096,0,6539,11.9458,4899,555,0x0000000000,437,2067,0,28,20929,6539,11.9458,4899,28,20929
451000,8192,0,0,0,115449856,0,115458048,0,6582,11.9810,5033,533,0x0000000000,422,2013,0,27,20956,6582,11.9810,5033,27,20956
452000,8192,0,0,0,115712000,0,115720192,0,6603,12.0060,5036,526,0x0000000000,0,0,0,28,20984,6603,12.0060,5036,28,20984
453000,8192,0,0,0,115965952,0,115974144,0,6496,11.9425,4925,519,0x0000000000,428,2046,0,28,21012,6496,11.9425,4925,28,21012
454000,8192,0,0,0,116219904,0,116228096,0,6596,11.9841,5047,525,0x0000000000,425,2055,0,31,21043,6596,11.9841,5047,31,21043
455000,8192,0,0,0,116473856,0,116482048,0,6524,11.9182,5001,561,0x0000000000,443,1989,0,36,21079,6524,11.9182,5001,36,21079
456000,8192,0,0,0,116736000,0,116744192,0,6529,11.9554,4996,530,0x0000000000,0,0,0,22,21101,6529,11.9554,4996,22,21101
457000,8192,0,0,0,116989952,0,116998144,0,6600,12.0156,5039,504,0x0000000000,411,2071,0,32,21133,6600,12.0156,5039,32,21133
458000,8192,0,0,0,117243904,0,117252096,0,6560,11.9644,4961,533,0x0000000000,399,2029,0,35,21168,6560,11.9644,4961,35,21168
459000,8192,0,0,0,117497856,0,117506048,0,6545,12.0005,5004,478,0x0000000000,410,2003,0,30,21198,6545,12.0005,5004,30,21198
460000,8192,0,0,0,117760000,0,117768192,0,6620,12.0269,5023,497,0x0000000000,0,0,0,29,21227,6620,12.0269,5023,29,21227
461000,8192,0,0,0,118013952,0,118022144,0,6622,12.0159,5040,518,0x0000000000,387,2082,0,32,21259,6622,12.0159,5040,32,21259
462000,8192,0,0,0,118267904,0,118276096,0,6562,11.9539,5014,550,0x0000000000,398,2094,0,33,21292,6562,11.9539,5014,33,21292
463000,8192,0,0,0,118521856,0,118530048,0,6551,11.9816,4973,511,0x0000000000,408,2029,0,15,21307,6551,11.9816,4973,15,21307
464000,8192,0,0,0,118784000,0,118792192,0,6619,12.0060,5100,516,0x0000000000,0,0,0,33,21340,6619,12.0060,5100,33,21340
465000,8192,0,0,0,119037952,0,119046144,0,6609,12.0036,5012,517,0x0000000000,427,2043,0,34,21374,6609,12.0036,5012,34,21374
466000,8192,0,0,0,119291904,0,119300096,0,6573,11.9781,4990,524,0x0000000000,395,1970,0,20,21394,6573,11.9781,4990,20,21394
467000,8192,0,0,0,119545856,0,119554048,0,6572,11.9690,4972,553,0x0000000000,435,1946,0,31,21425,6572,11.9690,4972,31,21425
468000,8192,0,0,0,119808000,0,119816192,0,6651,12.0534,5061,482,0x0000000000,0,0,0,34,21459,6651,12.0534,5061,34,21459
469000,8192,0,0,0,120061952,0,120070144,0,6533,11.9544,4876,546,0x0000000000,403,2003,0,25,21484,6533,11.9544,4876,25,21484
470000,8192,0,0,0,120315904,0,120324096,0,6598,11.9816,5055,530,0x0000000000,441,2023,0,32,21516,6598,11.9816,5055,32,21516
471000,8192,0,0,0,120569856,0,120578048,0,6603,11.9974,5020,523,0x0000000000,414,1994,0,29,21545,6603,11.9974,5020,29,21545
472000,8192,0,0,0,120832000,0,120840192,0,6535,11.9424,4937,555,0x0000000000,0,0,0,46,21591,6535,11.9424,4937,46,21591
473000,8192,0,0,0,121085952,0,121094144,0,6598,12.0006,5010,514,0x0000000000,413,1995,0,33,21624,6598,12.0006,5010,33,21624
474000,8192,0,0,0,121339904,0,121348096,0,6586,11.9747,4973,539,0x0000000000,427,2034,0,31,21655,6586,11.9747,4973,31,21655
475000,8192,0,0,0,121593856,0,121602048,0,6523,11.9509,5005,531,0x0000000000,413,2024,0,41,21696,6523,11.9509,5005,41,21696
476000,8192,0,0,0,121856000,0,121864192,0,6589,11.9725,5007,547,0x0000000000,0,0,0,23,21719,6589,11.9725,5007,23,21719
477000,8192,0,0,0,122109952,0,122118144,0,6606,12.0075,4949,518,0x0000000000,410,1987,0,34,21753,6606,12.0075,4949,34,21753
478000,8192,0,0,0,122363904,0,122372096,0,6522,11.9326,4959,547,0x0000000000,451,1994,0,29,21782,6522,11.9326,4959,29,21782
479000,8192,0,0,0,122617856,0,122626048,0,6560,11.9620,4973,536,0x0000000000,407,2047,0,32,21814,6560,11.9620,4973,32,21814
480000,8192,0,0,0,122880000,0,122888192,0,6578,11.9837,4957,516,0x0000000000,0,0,0,29,21843,6578,11.9837,4957,29,21843
481000,8192,0,0,0,123133952,0,123142144,0,6544,11.9523,4949,544,0x0000000000,389,2033,0,38,21881,6544,11.9523,4949,38,21881
482000,8192,0,0,0,123387904,0,123396096,0,6488,11.9389,4850,533,0x0000000000,388,1933,0,34,21915,6488,11.9389,4850,34,21915
483000,8192,0,0,0,123641856,0,123650048,0,6554,11.9731,4948,520,0x0000000000,438,2030,0,28,21943,6554,11.9731,4948,28,21943
484000,8192,0,0,0,123904000,0,123912192,0,6524,11.9421,4930,545,0x0000000000,0,0,0,26,21969,6524,11.9421,4930,26,21969
485000,8192,0,0,0,124157952,0,124166144,0,6562,11.9915,4994,507,0x0000000000,415,2069,0,29,21998,6562,11.9915,4994,29,21998
486000,8192,0,0,0,124411904,0,124420096,0,6537,11.9486,4921,549,0x0000000000,419,2003,0,33,22031,6537,11.9486,4921,33,22031
487000,8192,0,0,0,124665856,0,124674048,0,6524,11.9274,4938,553,0x0000000000,429,1951,0,33,22064,6524,11.9274,4938,33,22064
488000,8192,0,0,0,124928000,0,124936192,0,6515,11.9449,4908,546,0x0000000000,0,0,0,28,22092,6515,11.9449,4908,28,22092
489000,8192,0,0,0,125181952,0,125190144,0,6535,11.9288,4994,555,0x0000000000,432,2076,0,29,22121,6535,11.9288,4994,29,22121
490000,8192,0,0,0,125435904,0,125444096,0,6530,11.9398,4922,542,0x0000000000,408,2070,0,27,22148,6530,11.9398,4922,27,22148
491000,8192,0,0,0,125689856,0,125698048,0,6560,11.9878,4928,515,0x0000000000,421,2021,0,35,22183,6560,11.9878,4928,35,22183
492000,8192,0,0,0,125952000,0,125960192,0,6515,11.9308,4900,547,0x0000000000,0,0,0,30,22213,6515,11.9308,4900,30,22213
493000,8192,0,0,0,126205952,0,126214144,0,6644,12.0416,5039,478,0x0000000000,410,2049,0,27,22240,6644,12.0416,5039,27,22240
494000,8192,0,0,0,126459904,0,126468096,0,6571,11.9906,4979,517,0x0000000000,397,2068,0,27,22267,6571,11.9906,4979,27,22267
495000,8192,0,0,0,126713856,0,126722048,0,6550,11.9675,4980,537,0x0000000000,399,2044,0,29,22296,6550,11.9675,4980,29,22296
496000,8192,0,0,0,126976000,0,126984192,0,6550,11.9634,4931,528,0x0000000000,0,0,0,31,22327,6550,11.9634,4931,31,22327
497000,8192,0,0,0,127229952,0,127238144,0,6535,11.9551,4940,535,0x0000000000,421,2021,0,33,22360,6535,11.9551,4940,33,22360
498000,8192,0,0,0,127483904,0,127492096,0,6574,11.9812,4960,505,0x0000000000,420,1985,0,37,22397,6574,11.9812,4960,37,22397
499000,8192,0,0,0,127737856,0,127746048,0,6577,11.9889,4966,510,0x0000000000,415,2056,0,32,22429,6577,11.9889,4966,32,22429
500000,8192,0,0,0,128000000,0,128008192,0,6628,12.0368,5023,484,0x0000000000,0,0,0,34,22463,6628,12.0368,5023,34,22463
501000,8192,0,0,0,128253952,0,128262144,0,6593,11.9966,5007,521,0x0000000000,445,1997,0,25,22488,6593,11.9966,5007,25,22488
502000,8192,0,0,0,128507904,0,128516096,0,6555,11.9405,4942,563,0x0000000000,406,2023,0,26,22514,6555,11.9405,4942,26,22514
503000,8192,0,0,0,128761856,0,128770048,0,6539,11.9789,4926,499,0x0000000000,408,1969,0,37,22551,6539,11.9789,4926,37,22551
504000,8192,0,0,0,129024000,0,129032192,0,6599,12.0042,4971,510,0x0000000000,0,0,0,37,22588,6599,12.0042,4971,37,22588
505000,8192,0,0,0,129277952,0,129286144,0,6579,11.9766,4994,536,0x0000000000,445,2079,0,37,22625,6579,11.9766,4994,37,22625
506000,8192,0,0,0,129531904,0,129540096,0,6562,11.9762,4966,532,0x0000000000,424,2032,0,30,22655,6562,11.9762,4966,30,22655
507000,8192,0,0,0,129785856,0,129794048,0,6609,11.9891,5000,537,0x0000000000,424,2073,0,29,22684,6609,11.9891,5000,29,22684
508000,8192,0,0,0,130048000,0,130056192,0,6506,11.9101,4900,555,0x0000000000,0,0,0,23,22707,6506,11.9101,4900,23,22707
509000,8192,0,0,0,130301952,0,130310144,0,6609,12.0196,4995,498,0x0000000000,386,2003,0,31,22738,6609,12.0196,4995,31,22738
510000,8192,0,0,0,130555904,0,130564096,0,6540,11.9771,4883,513,0x0000000000,420,2006,0,37,22775,6540,11.9771,4883,37,22775
511000,8192,0,0,0,130809856,0,130818048,0,6605,12.0005,4986,516,0x0000000000,447,2012,0,35,22810,6605,12.0005,4986,35,22810
512000,8192,0,0,0,131072000,0,131080192,0,6534,11.8964,4930,609,0x0000000000,0,0,0,23,22833,6534,11.8964,4930,23,22833
513000,8192,0,0,0,131325952,0,131334144,0,6554,11.9840,4921,525,0x0000000000,433,2031,0,30,22863,6554,11.9840,4921,30,22863
514000,8192,0,0,0,131579904,0,131588096,0,6610,11.9986,5024,514,0x0000000000,410,2016,0,24,22887,6610,11.9986,5024,24,22887
515000,8192,0,0,0,131833856,0,131842048,0,6610,12.0006,4995,527,0x0000000000,394,2057,0,33,22920,6610,12.0006,4995,33,22920
516000,8192,0,0,0,132096000,0,132104192,0,6514,11.9289,4843,559,0x0000000000,0,0,0,28,22948,6514,11.9289,4843,28,22948
517000,8192,0,0,0,132349952,0,132358144,0,6567,12.0109,4958,492,0x0000000000,407,2036,0,31,22979,6567,12.0109,4958,31,22979
518000,8192,0,0,0,132603904,0,132612096,0,6624,12.0153,4958,502,0x0000000000,420,2016,0,34,23013,6624,12.0153,4958,34,23013
519000,8192,0,0,0,132857856,0,132866048,0,6533,11.9510,4898,533,0x0000000000,400,2057,0,26,23039,6533,11.9510,4898,26,23039
520000,8192,0,0,0,133120000,0,133128192,0,6552,11.9567,4911,537,0x0000000000,0,0,0,25,23064,6552,11.9567,4911,25,23064
521000,8192,0,0,0,133373952,0,133382144,0,6568,11.9692,4933,540,0x0000000000,451,2052,0,32,23096,6568,11.9692,4933,32,23096
522000,8192,0,0,0,133627904,0,133636096,0,6577,12.0014,4951,505,0x0000000000,365,1965,0,30,23126,6577,12.0014,4951,30,23126
523000,8192,0,0,0,133881856,0,133890048,0,6533,11.9681,4904,518,0x0000000000,406,2103,0,26,23152,6533,11.9681,4904,26,23152
524000,8192,0,0,0,134144000,0,134152192,0,6586,11.9840,5010,531,0x0000000000,0,0,0,35,23187,6586,11.9840,5010,35,23187
525000,8192,0,0,0,134397952,0,134406144,0,6621,12.0196,4957,512,0x0000000000,438,2061,0,39,23226,6621,12.0196,4957,39,23226
526000,8192,0,0,0,134651904,0,134660096,0,6527,11.9885,4850,497,0x0000000000,429,2054,0,35,23261,6527,11.9885,4850,35,23261
527000,8192,0,0,0,134905856,0,134914048,0,6625,12.0142,4991,518,0x0000000000,407,2100,0,35,23296,6625,12.0142,4991,35,23296
528000,8192,0,0,0,135168000,0,135176192,0,6566,11.9875,4931,510,0x0000000000,0,0,0,27,23323,6566,11.9875,4931,27,23323
529000,8192,0,0,0,135421952,0,135430144,0,6646,12.0249,4986,509,0x0000000000,413,1958,0,28,23351,6646,12.0249,4986,28,23351
530000,8192,0,0,0,135675904,0,135684096,0,6548,11.9607,4913,546,0x0000000000,430,2090,0,25,23376,6548,11.9607,4913,25,23376
531000,8192,0,0,0,135929856,0,135938048,0,6563,11.9702,4941,521,0x0000000000,379,2018,0,31,23407,6563,11.9702,4941,31,23407
532000,8192,0,0,0,136192000,0,136200192,0,6604,12.0165,4938,507,0x0000000000,0,0,0,32,23439,6604,12.0165,4938,32,23439
533000,8192,0,0,0,136445952,0,136454144,0,6657,12.0312,5068,499,0x0000000000,412,2056,0,27,23466,6657,12.0312,5068,27,23466
534000,8192,0,0,0,136699904,0,136708096,0,6627,12.0077,4994,506,0x0000000000,428,1996,0,27,23493,6627,12.0077,4994,27,23493
535000,8192,0,0,0,136953856,0,136962048,0,6477,11.9337,4891,538,0x0000000000,397,2011,0,35,23528,6477,11.9337,4891,35,23528
536000,8192,0,0,0,137216000,0,137224192,0,6578,12.0016,4932,497,0x0000000000,0,0,0,26,23554,6578,12.0016,4932,26,23554
537000,8192,0,0,0,137469952,0,137478144,0,6540,11.9504,4871,535,0x0000000000,427,2002,0,35,23589,6540,11.9504,4871,35,23589
538000,8192,0,0,0,137723904,0,137732096,0,6599,11.9870,4965,539,0x0000000000,434,2007,0,29,23618,6599,11.9870,4965,29,23618
539000,8192,0,0,0,137977856,0,137986048,0,6595,12.0070,5002,506,0x0000000000,410,1967,0,24,23642,6595,12.0070,5002,24,23642
540000,8192,0,0,0,138240000,0,138248192,0,6628,12.0393,4962,490,0x0000000000,0,0,0,22,23664,6628,12.0393,4962,22,23664
541000,8192,0,0,0,138493952,0,138502144,0,6575,11.9965,4917,508,0x0000000000,412,2008,0,25,23689,6575,11.9965,4917,25,23689
542000,8192,0,0,0,138747904,0,138756096,0,6595,11.9883,4976,524,0x0000000000,385,2014,0,34,23723,6595,11.9883,4976,34,23723
543000,8192,0,0,0,139001856,0,139010048,0,6542,11.9246,4903,580,0x0000000000,415,1982,0,28,23751,6542,11.9246,4903,28,23751
544000,8192,0,0,0,139264000,0,139272192,0,6556,11.9661,4917,536,0x0000000000,0,0,0,35,23786,6556,11.9661,4917,35,23786
545000,8192,0,0,0,139517952,0,139526144,0,6581,12.0043,4983,507,0x0000000000,399,2071,0,24,23810,6581,12.0043,4983,24,23810
546000,8192,0,0,0,139771904,0,139780096,0,6564,11.9693,4900,527,0x0000000000,377,1983,0,29,23839,6564,11.9693,4900,29,23839
547000,8192,0,0,0,140025856,0,140034048,0,6609,12.0134,4896,516,0x0000000000,420,2015,0,18,23857,6609,12.0134,4896,18,23857
548000,8192,0,0,0,140288000,0,140296192,0,6543,11.9560,4904,530,0x0000000000,0,0,0,27,23884,6543,11.9560,4904,27,23884
549000,8192,0,0,0,140541952,0,140550144,0,6627,12.0096,4970,527,0x0000000000,422,2050,0,28,23912,6627,12.0096,4970,28,23912
550000,8192,0,0,0,140795904,0,140804096,0,6595,11.9856,4931,535,0x0000000000,420,2038,0,30,23942,6595,11.9856,4931,30,23942
551000,8192,0,0,0,141049856,0,141058048,0,6515,11.9151,4884,574,0x0000000000,447,2039,0,34,23976,6515,11.9151,4884,34,23976
552000,8192,0,0,0,141312000,0,141320192,0,6606,12.0275,4972,497,0x0000000000,0,0,0,36,24012,6606,12.0275,4972,36,24012
553000,8192,0,0,0,141565952,0,141574144,0,6617,12.0024,4929,520,0x0000000000,449,2077,0,36,24048,6617,12.0024,4929,36,24048
554000,8192,0,0,0,141819904,0,141828096,0,6589,12.0255,4930,486,0x0000000000,406,2024,0,29,24077,6589,12.0255,4930,29,24077
555000,8192,0,0,0,142073856,0,142082048,0,6483,11.9234,4825,537,0x0000000000,409,1962,0,39,24116,6483,11.9234,4825,39,24116
556000,8192,0,0,0,142336000,0,142344192,0,6545,11.9806,4864,521,0x0000000000,0,0,0,40,24156,6545,11.9806,4864,40,24156
557000,8192,0,0,0,142589952,0,142598144,0,6535,11.9677,4917,533,0x0000000000,411,1992,0,35,24191,6535,11.9677,4917,35,24191
558000,8192,0,0,0,142843904,0,142852096,0,6609,12.0034,4957,511,0x0000000000,413,2026,0,32,24223,6609,12.0034,4957,32,24223
559000,8192,0,0,0,143097856,0,143106048,0,6616,12.0188,4959,502,0x0000000000,420,2052,0,34,24257,6616,12.0188,4959,34,24257
560000,8192,0,0,0,143360000,0,143368192,0,6535,11.9453,4925,558,0x0000000000,0,0,0,28,24285,6535,11.9453,4925,28,24285
561000,8192,0,0,0,143613952,0,143622144,0,6595,11.9819,4960,543,0x0000000000,417,2022,0,39,24324,6595,11.9819,4960,39,24324
562000,8192,0,0,0,143867904,0,143876096,0,6622,12.0031,4999,524,0x0000000000,392,1978,0,31,24355,6622,12.0031,4999,31,24355
563000,8192,0,0,0,144121856,0,144130048,0,6594,11.9735,4912,549,0x0000000000,383,2038,0,29,24384,6594,11.9735,4912,29,24384
564000,8192,0,0,0,144384000,0,144392192,0,6654,12.0468,4968,502,0x0000000000,0,0,0,27,24411,6654,12.0468,4968,27,24411
565000,8192,0,0,0,144637952,0,144646144,0,6598,11.9919,4938,522,0x0000000000,414,2015,0,28,24439,6598,11.9919,4938,28,24439
566000,8192,0,0,0,144891904,0,144900096,0,6570,11.9790,4875,533,0x0000000000,419,1996,0,36,24475,6570,11.9790,4875,36,24475
567000,8192,0,0,0,145145856,0,145154048,0,6594,12.0012,4931,511,0x0000000000,433,2000,0,36,24511,6594,12.0012,4931,36,24511
568000,8192,0,0,0,145408000,0,145416192,0,6644,12.0326,4983,501,0x0000000000,0,0,0,24,24535,6644,12.0326,4983,24,24535
569000,8192,0,0,0,145661952,0,145670144,0,6610,12.0445,4952,469,0x0000000000,426,2044,0,34,24569,6610,12.0445,4952,34,24569
570000,8192,0,0,0,145915904,0,145924096,0,6579,11.9857,4916,537,0x0000000000,412,1977,0,43,24612,6579,11.9857,4916,43,24612
571000,8192,0,0,0,146169856,0,146178048,0,6599,11.9735,4913,545,0x0000000000,434,2024,0,28,24640,6599,11.9735,4913,28,24640
572000,8192,0,0,0,146432000,0,146440192,0,6553,11.9657,4907,541,0x0000000000,0,0,0,34,24674,6553,11.9657,4907,34,24674
573000,8192,0,0,0,146685952,0,146694144,0,6584,11.9857,4841,532,0x0000000000,433,2033,0,39,24713,6584,11.9857,4841,39,24713
574000,8192,0,0,0,146939904,0,146948096,0,6535,11.9634,4800,540,0x0000000000,411,2030,0,19,24732,6535,11.9634,4800,19,24732
575000,8192,0,0,0,147193856,0,147202048,0,6582,11.9615,4883,555,0x0000000000,434,2050,0,29,24761,6582,11.9615,4883,29,24761
576000,8192,0,0,0,147456000,0,147464192,0,6540,11.9527,4959,542,0x0000000000,0,0,0,30,24791,6540,11.9527,4959,30,24791
577000,8192,0,0,0,147709952,0,147718144,0,6589,11.9961,4943,529,0x0000000000,389,1980,0,37,24828,6589,11.9961,4943,37,24828
578000,8192,0,0,0,147963904,0,147972096,0,6540,11.9406,4898,547,0x0000000000,427,2045,0,40,24868,6540,11.9406,4898,40,24868
579000,8192,0,0,0,148217856,0,148226048,0,6642,12.0580,4950,484,0x0000000000,445,2042,0,34,24902,6642,12.0580,4950,34,24902
580000,8192,0,0,0,148480000,0,148488192,0,6578,11.9739,4883,537,0x0000000000,0,0,0,31,24933,6578,11.9739,4883,31,24933
581000,8192,0,0,0,148733952,0,148742144,0,6574,11.9847,4938,532,0x0000000000,386,2047,0,32,24965,6574,11.9847,4938,32,24965
582000,8192,0,0,0,148987904,0,148996096,0,6626,12.0288,4925,505,0x0000000000,384,2031,0,27,24992,6626,12.0288,4925,27,24992
583000,8192,0,0,0,149241856,0,149250048,0,6530,11.9503,4830,535,0x0000000000,440,1921,0,30,25022,6530,11.9503,4830,30,25022
584000,8192,0,0,0,149504000,0,149512192,0,6611,12.0051,4931,522,0x0000000000,0,0,0,31,25053,6611,12.0051,4931,31,25053
585000,8192,0,0,0,149757952,0,149766144,0,6569,11.9912,4925,517,0x0000000000,407,2080,0,25,25078,6569,11.9912,4925,25,25078
586000,8192,0,0,0,150011904,0,150020096,0,6586,12.0030,4883,504,0x0000000000,396,2030,0,30,25108,6586,12.0030,4883,30,25108
587000,8192,0,0,0,150265856,0,150274048,0,6562,11.9685,4829,532,0x0000000000,440,2049,0,33,25141,6562,11.9685,4829,33,25141
588000,8192,0,0,0,150528000,0,150536192,0,6550,11.9692,4879,521,0x0000000000,0,0,0,17,25158,6550,11.9692,4879,17,25158
589000,8192,0,0,0,150781952,0,150790144,0,6601,12.0161,4876,491,0x0000000000,434,2099,0,32,25190,6601,12.0161,4876,32,25190
590000,8192,0,0,0,151035904,0,151044096,0,6552,11.9501,4948,543,0x0000000000,433,2106,0,37,25227,6552,11.9501,4948,37,25227
591000,8192,0,0,0,151289856,0,151298048,0,6558,11.9733,4891,527,0x0000000000,411,2046,0,35,25262,6558,11.9733,4891,35,25262
592000,8192,0,0,0,151552000,0,151560192,0,6535,11.9478,4890,542,0x0000000000,0,0,0,37,25299,6535,11.9478,4890,37,25299
593000,8192,0,0,0,151805952,0,151814144,0,6602,11.9855,4943,539,0x0000000000,415,2044,0,39,25338,6602,11.9855,4943,39,25338
594000,8192,0,0,0,152059904,0,152068096,0,6585,12.0051,4920,504,0x0000000000,434,2085,0,48,25386,6585,12.0051,4920,48,25386
595000,8192,0,0,0,152313856,0,152322048,0,6547,11.9564,4861,535,0x0000000000,422,2031,0,25,25411,6547,11.9564,4861,25,25411
596000,8192,0,0,0,152576000,0,152584192,0,6593,11.9961,4873,515,0x0000000000,0,0,0,29,25440,6593,11.9961,4873,29,25440
597000,8192,0,0,0,152829952,0,152838144,0,6668,12.0397,5021,503,0x0000000000,419,2083,0,31,25471,6668,12.0397,5021,31,25471
598000,8192,0,0,0,153083904,0,153092096,0,6573,11.9931,4843,504,0x0000000000,411,1964,0,26,25497,6573,11.9931,4843,26,25497
599000,8192,0,0,0,153337856,0,153346048,0,6498,11.9196,4841,559,0x0000000000,397,2064,0,39,25536,6498,11.9196,4841,39,25536
600000,8192,0,0,0,153600000,0,153608192,0,6528,11.9394,4858,537,0x0000000000,0,0,0,22,25558,6528,11.9394,4858,22,25558
601000,8192,0,0,0,153853952,0,153862144,0,6566,11.9679,4882,534,0x0000000000,387,2125,0,29,25587,6566,11.9679,4882,29,25587
602000,8192,0,0,0,154107904,0,154116096,0,6626,12.0160,4923,524,0x0000000000,429,2053,0,42,25629,6626,12.0160,4923,42,25629
603000,8192,0,0,0,154361856,0,154370048,0,6633,12.0079,4955,526,0x0000000000,419,2037,0,29,25658,6633,12.0079,4955,29,25658
604000,8192,0,0,0,154624000,0,154632192,0,6594,11.9442,4866,575,0x0000000000,0,0,0,31,25689,6594,11.9442,4866,31,25689
605000,8192,0,0,0,154877952,0,154886144,0,6626,12.0044,4944,527,0x0000000000,436,2054,0,34,25723,6626,12.0044,4944,34,25723
606000,8192,0,0,0,155131904,0,155140096,0,6561,11.9553,4917,541,0x0000000000,412,2072,0,23,25746,6561,11.9553,4917,23,25746
607000,8192,0,0,0,155385856,0,155394048,0,6554,12.0132,4873,481,0x0000000000,413,2057,0,21,25767,6554,12.0132,4873,21,25767
608000,8192,0,0,0,155648000,0,155656192,0,6617,12.0205,4895,503,0x0000000000,0,0,0,25,25792,6617,12.0205,4895,25,25792
609000,8192,0,0,0,155901952,0,155910144,0,6581,11.9797,4900,528,0x0000000000,392,1986,0,24,25816,6581,11.9797,4900,24,25816
610000,8192,0,0,0,156155904,0,156164096,0,6650,12.0418,4887,501,0x0000000000,417,2034,0,30,25846,6650,12.0418,4887,30,25846
611000,8192,0,0,0,156409856,0,156418048,0,6557,11.9854,4851,522,0x0000000000,412,1969,0,27,25873,6557,11.9854,4851,27,25873
612000,8192,0,0,0,156672000,0,156680192,0,6575,11.9954,4865,509,0x0000000000,0,0,0,37,25910,6575,11.9954,4865,37,25910
613000,8192,0,0,0,156925952,0,156934144,0,6549,11.9772,4927,523,0x0000000000,446,2081,0,30,25940,6549,11.9772,4927,30,25940
614000,8192,0,0,0,157179904,0,157188096,0,6546,11.9582,4863,538,0x0000000000,397,2046,0,25,25965,6546,11.9582,4863,25,25965
615000,8192,0,0,0,157433856,0,157442048,0,6499,11.9074,4872,565,0x0000000000,386,1963,0,29,25994,6499,11.9074,4872,29,25994
616000,8192,0,0,0,157696000,0,157704192,0,6504,11.9220,4886,555,0x0000000000,0,0,0,22,26016,6504,11.9220,4886,22,26016
617000,8192,0,0,0,157949952,0,157958144,0,6513,11.9472,4826,527,0x0000000000,412,2015,0,34,26050,6513,11.9472,4826,34,26050
618000,8192,0,0,0,158203904,0,158212096,0,6602,11.9908,4939,538,0x0000000000,438,2059,0,40,26090,6602,11.9908,4939,40,26090
619000,8192,0,0,0,158457856,0,158466048,0,6566,11.9422,4936,556,0x0000000000,401,2003,0,28,26118,6566,11.9422,4936,28,26118
620000,8192,0,0,0,158720000,0,158728192,0,6587,12.0126,4856,502,0x0000000000,0,0,0,37,26155,6587,12.0126,4856,37,26155
621000,8192,0,0,0,158973952,0,158982144,0,6529,11.9497,4856,535,0x0000000000,432,2037,0,19,26174,6529,11.9497,4856,19,26174
622000,8192,0,0,0,159227904,0,159236096,0,6523,11.9381,4772,550,0x0000000000,432,1907,0,36,26210,6523,11.9381,4772,36,26210
623000,8192,0,0,0,159481856,0,159490048,0,6553,11.9672,4893,534,0x0000000000,350,2045,0,21,26231,6553,11.9672,4893,21,26231
624000,8192,0,0,0,159744000,0,159752192,0,6572,11.9889,4856,514,0x0000000000,0,0,0,31,26262,6572,11.9889,4856,31,26262
625000,8192,0,0,0,159997952,0,160006144,0,6567,11.9728,4857,527,0x0000000000,372,2013,0,36,26298,6567,11.9728,4857,36,26298
626000,8192,0,0,0,160251904,0,160260096,0,6580,11.9854,4820,516,0x0000000000,417,2020,0,29,26327,6580,11.9854,4820,29,26327
627000,8192,0,0,0,160505856,0,160514048,0,6546,11.9700,4858,522,0x0000000000,440,2043,0,31,26358,6546,11.9700,4858,31,26358
628000,8192,0,0,0,160768000,0,160776192,0,6581,11.9817,4857,531,0x0000000000,0,0,0,27,26385,6581,11.9817,4857,27,26385
629000,8192,0,0,0,161021952,0,161030144,0,6622,12.0097,4859,521,0x0000000000,434,2055,0,33,26418,6622,12.0097,4859,33,26418
630000,8192,0,0,0,161275904,0,161284096,0,6605,12.0113,4891,518,0x0000000000,392,2025,0,27,26445,6605,12.0113,4891,27,26445
631000,8192,0,0,0,161529856,0,161538048,0,6594,11.9944,4930,528,0x0000000000,413,2102,0,34,26479,6594,11.9944,4930,34,26479
632000,8192,0,0,0,161792000,0,161800192,0,6566,11.9929,4924,506,0x0000000000,0,0,0,21,26500,6566,11.9929,4924,21,26500
633000,8192,0,0,0,162045952,0,162054144,0,6656,12.0452,4997,486,0x0000000000,377,2055,0,24,26524,6656,12.0452,4997,24,26524
634000,8192,0,0,0,162299904,0,162308096,0,6552,11.9613,4881,546,0x0000000000,399,2022,0,37,26561,6552,11.9613,4881,37,26561
635000,8192,0,0,0,162553856,0,162562048,0,6573,11.9909,4813,511,0x0000000000,372,2008,0,27,26588,6573,11.9909,4813,27,26588
636000,8192,0,0,0,162816000,0,162824192,0,6608,12.0165,4957,499,0x0000000000,0,0,0,37,26625,6608,12.0165,4957,37,26625
637000,8192,0,0,0,163069952,0,163078144,0,6587,11.9679,4901,541,0x0000000000,421,2018,0,34,26659,6587,11.9679,4901,34,26659
638000,8192,0,0,0,163323904,0,163332096,0,6574,11.9811,4854,527,0x0000000000,434,2023,0,33,26692,6574,11.9811,4854,33,26692
639000,8192,0,0,0,163577856,0,163586048,0,6539,11.9408,4855,557,0x0000000000,392,1981,0,33,26725,6539,11.9408,4855,33,26725
640000,8192,0,0,0,163840000,0,163848192,0,6553,11.9712,4889,523,0x0000000000,0,0,0,32,26757,6553,11.9712,4889,32,26757
641000,8192,0,0,0,164093952,0,164102144,0,6561,11.9780,4851,518,0x0000000000,382,2020,0,28,26785,6561,11.9780,4851,28,26785
642000,8192,0,0,0,164347904,0,164356096,0,6580,11.9718,4925,545,0x0000000000,428,2076,0,19,26804,6580,11.9718,4925,19,26804
643000,8192,0,0,0,164601856,0,164610048,0,6567,12.0155,4837,493,0x0000000000,374,2026,0,27,26831,6567,12.0155,4837,27,26831
644000,8192,0,0,0,164864000,0,164872192,0,6569,11.9765,4806,528,0x0000000000,0,0,0,34,26865,6569,11.9765,4806,34,26865
645000,8192,0,0,0,165117952,0,165126144,0,6570,11.9996,4876,502,0x0000000000,410,2047,0,26,26891,6570,11.9996,4876,26,26891
646000,8192,0,0,0,165371904,0,165380096,0,6548,11.9799,4851,505,0x0000000000,407,1993,0,28,26919,6548,11.9799,4851,28,26919
647000,8192,0,0,0,165625856,0,165634048,0,6638,12.0439,4909,497,0x0000000000,424,2025,0,33,26952,6638,12.0439,4909,33,26952
648000,8192,0,0,0,165888000,0,165896192,0,6597,12.0179,4805,511,0x0000000000,0,0,0,45,26997,6597,12.0179,4805,45,26997
649000,8192,0,0,0,166141952,0,166150144,0,6551,11.9350,4872,555,0x0000000000,413,2005,0,20,27017,6551,11.9350,4872,20,27017
650000,8192,0,0,0,166395904,0,166404096,0,6547,11.9592,4780,542,0x0000000000,411,2030,0,40,27057,6547,11.9592,4780,40,27057
651000,8192,0,0,0,166649856,0,166658048,0,6541,11.9612,4866,529,0x0000000000,405,2012,0,20,27077,6541,11.9612,4866,20,27077
652000,8192,0,0,0,166912000,0,166920192,0,6605,12.0172,4894,507,0x0000000000,0,0,0,32,27109,6605,12.0172,4894,32,27109
653000,8192,0,0,0,167165952,0,167174144,0,6625,12.0030,4925,512,0x0000000000,417,2081,0,28,27137,6625,12.0030,4925,28,27137
654000,8192,0,0,0,167419904,0,167428096,0,6542,11.9634,4821,526,0x0000000000,412,2021,0,33,27170,6542,11.9634,4821,33,27170
655000,8192,0,0,0,167673856,0,167682048,0,6622,12.0218,4954,493,0x0000000000,426,2112,0,30,27200,6622,12.0218,4954,30,27200
656000,8192,0,0,0,167936000,0,167944192,0,6626,11.9820,4941,551,0x0000000000,0,0,0,28,27228,6626,11.9820,4941,28,27228
657000,8192,0,0,0,168189952,0,168198144,0,6505,11.9470,4816,529,0x0000000000,388,2003,0,28,27256,6505,11.9470,4816,28,27256
658000,8192,0,0,0,168443904,0,168452096,0,6585,11.9872,4872,533,0x0000000000,403,2023,0,23,27279,6585,11.9872,4872,23,27279
659000,8192,0,0,0,168697856,0,168706048,0,6627,12.0061,4920,526,0x0000000000,410,2134,0,33,27312,6627,12.0061,4920,33,27312
660000,8192,0,0,0,168960000,0,168968192,0,6594,11.9858,4900,540,0x0000000000,0,0,0,42,27354,6594,11.9858,4900,42,27354
661000,8192,0,0,0,169213952,0,169222144,0,6635,12.0243,4919,505,0x0000000000,420,2022,0,22,27376,6635,12.0243,4919,22,27376
662000,8192,0,0,0,169467904,0,169476096,0,6586,12.0027,4863,513,0x0000000000,392,2020,0,30,27406,6586,12.0027,4863,30,27406
663000,8192,0,0,0,169721856,0,169730048,0,6584,11.9919,4843,514,0x0000000000,442,2064,0,36,27442,6584,11.9919,4843,36,27442
664000,8192,0,0,0,169984000,0,169992192,0,6612,12.0097,4947,506,0x0000000000,0,0,0,18,27460,6612,12.0097,4947,18,27460
665000,8192,0,0,0,170237952,0,170246144,0,6668,12.0486,4980,499,0x0000000000,435,2092,0,21,27481,6668,12.0486,4980,21,27481
666000,8192,0,0,0,170491904,0,170500096,0,6539,11.9542,4828,538,0x0000000000,388,1970,0,28,27509,6539,11.9542,4828,28,27509
667000,8192,0,0,0,170745856,0,170754048,0,6533,11.9341,4833,563,0x0000000000,424,2048,0,28,27537,6533,11.9341,4833,28,27537
668000,8192,0,0,0,171008000,0,171016192,0,6587,11.9948,4815,518,0x0000000000,0,0,0,28,27565,6587,11.9948,4815,28,27565
669000,8192,0,0,0,171261952,0,171270144,0,6650,12.0390,4915,503,0x0000000000,414,2008,0,19,27584,6650,12.0390,4915,19,27584
670000,8192,0,0,0,171515904,0,171524096,0,6607,11.9847,4837,551,0x0000000000,401,2021,0,28,27612,6607,11.9847,4837,28,27612
671000,8192,0,0,0,171769856,0,171778048,0,6559,11.9498,4833,547,0x0000000000,424,1993,0,21,27633,6559,11.9498,4833,21,27633
672000,8192,0,0,0,172032000,0,172040192,0,6561,11.9969,4797,514,0x0000000000,0,0,0,32,27665,6561,11.9969,4797,32,27665
673000,8192,0,0,0,172285952,0,172294144,0,6570,11.9690,4858,535,0x0000000000,399,2038,0,27,27692,6570,11.9690,4858,27,27692
674000,8192,0,0,0,172539904,0,172548096,0,6567,11.9813,4821,500,0x0000000000,438,2106,0,19,27711,6567,11.9813,4821,19,27711
675000,8192,0,0,0,172793856,0,172802048,0,6572,11.9775,4835,534,0x0000000000,421,2018,0,23,27734,6572,11.9775,4835,23,27734
676000,8192,0,0,0,173056000,0,173064192,0,6531,11.9422,4768,544,0x0000000000,0,0,0,26,27760,6531,11.9422,4768,26,27760
677000,8192,0,0,0,173309952,0,173318144,0,6570,11.9635,4880,541,0x0000000000,415,2093,0,41,27801,6570,11.9635,4880,41,27801
678000,8192,0,0,0,173563904,0,173572096,0,6566,11.9862,4875,525,0x0000000000,416,2018,0,32,27833,6566,11.9862,4875,32,27833
679000,8192,0,0,0,173817856,0,173826048,0,6575,11.9950,4806,513,0x0000000000,428,1988,0,19,27852,6575,11.9950,4806,19,27852
680000,8192,0,0,0,174080000,0,174088192,0,6531,11.9892,4781,504,0x0000000000,0,0,0,33,27885,6531,11.9892,4781,33,27885
681000,8192,0,0,0,174333952,0,174342144,0,6501,11.9298,4778,547,0x0000000000,411,2061,0,25,27910,6501,11.9298,4778,25,27910
682000,8192,0,0,0,174587904,0,174596096,0,6527,11.9214,4798,586,0x0000000000,432,2006,0,31,27941,6527,11.9214,4798,31,27941
683000,8192,0,0,0,174841856,0,174850048,0,6597,11.9971,4905,504,0x0000000000,444,2074,0,31,27972,6597,11.9971,4905,31,27972
684000,8192,0,0,0,175104000,0,175112192,0,6584,11.9845,4856,523,0x0000000000,0,0,0,34,28006,6584,11.9845,4856,34,28006
685000,8192,0,0,0,175357952,0,175366144,0,6573,11.9804,4851,527,0x0000000000,422,1933,0,32,28038,6573,11.9804,4851,32,28038
686000,8192,0,0,0,175611904,0,175620096,0,6569,11.9828,4859,506,0x0000000000,382,2038,0,25,28063,6569,11.9828,4859,25,28063
687000,8192,0,0,0,175865856,0,175874048,0,6550,11.9949,4817,505,0x0000000000,400,2107,0,46,28109,6550,11.9949,4817,46,28109
688000,8192,0,0,0,176128000,0,176136192,0,6622,12.0378,4884,486,0x0000000000,0,0,0,28,28137,6622,12.0378,4884,28,28137
689000,8192,0,0,0,176381952,0,176390144,0,6546,11.9675,4837,528,0x0000000000,436,2007,0,33,28170,6546,11.9675,4837,33,28170
690000,8192,0,0,0,176635904,0,176644096,0,6571,11.9924,4872,516,0x0000000000,455,2047,0,31,28201,6571,11.9924,4872,31,28201
691000,8192,0,0,0,176889856,0,176898048,0,6586,11.9935,4840,521,0x0000000000,394,2022,0,35,28236,6586,11.9935,4840,35,28236
692000,8192,0,0,0,177152000,0,177160192,0,6564,11.9885,4869,513,0x0000000000,0,0,0,23,28259,6564,11.9885,4869,23,28259
693000,8192,0,0,0,177405952,0,177414144,0,6550,11.9730,4797,521,0x0000000000,376,2026,0,28,28287,6550,11.9730,4797,28,28287
694000,8192,0,0,0,177659904,0,177668096,0,6562,11.9861,4862,517,0x0000000000,406,2054,0,39,28326,6562,11.9861,4862,39,28326
695000,8192,0,0,0,177913856,0,177922048,0,6556,11.9756,4797,521,0x0000000000,432,2078,0,31,28357,6556,11.9756,4797,31,28357
696000,8192,0,0,0,178176000,0,178184192,0,6616,11.9838,4868,536,0x0000000000,0,0,0,26,28383,6616,11.9838,4868,26,28383
697000,8192,0,0,0,178429952,0,178438144,0,6564,11.9562,4823,549,0x0000000000,422,1939,0,28,28411,6564,11.9562,4823,28,28411
698000,8192,0,0,0,178683904,0,178692096,0,6574,11.9426,4794,573,0x0000000000,437,2095,0,29,28440,6574,11.9426,4794,29,28440
699000,8192,0,0,0,178937856,0,178946048,0,6596,11.9820,4830,531,0x0000000000,437,2038,0,29,28469,6596,11.9820,4830,29,28469
700000,8192,0,0,0,179200000,0,179208192,0,6561,11.9511,4818,556,0x0000000000,0,0,0,31,28500,6561,11.9511,4818,31,28500
701000,8192,0,0,0,179453952,0,179462144,0,6594,11.9923,4892,512,0x0000000000,427,2030,0,22,28522,6594,11.9923,4892,22,28522
702000,8192,0,0,0,179707904,0,179716096,0,6557,11.9904,4833,500,0x0000000000,406,2020,0,20,28542,6557,11.9904,4833,20,28542
703000,8192,0,0,0,179961856,0,179970048,0,6676,12.0792,4962,474,0x0000000000,401,2051,0,28,28570,6676,12.0792,4962,28,28570
704000,8192,0,0,0,180224000,0,180232192,0,6530,11.9489,4770,541,0x0000000000,0,0,0,32,28602,6530,11.9489,4770,32,28602
705000,8192,0,0,0,180477952,0,180486144,0,6581,12.0089,4848,493,0x0000000000,436,2056,0,33,28635,6581,12.0089,4848,33,28635
706000,8192,0,0,0,180731904,0,180740096,0,6584,12.0123,4834,488,0x0000000000,444,1998,0,33,28668,6584,12.0123,4834,33,28668
707000,8192,0,0,0,180985856,0,180994048,0,6610,12.0168,4834,501,0x0000000000,399,2071,0,32,28700,6610,12.0168,4834,32,28700
708000,8192,0,0,0,181248000,0,181256192,0,6551,11.9622,4839,535,0x0000000000,0,0,0,16,28716,6551,11.9622,4839,16,28716
709000,8192,0,0,0,181501952,0,181510144,0,6525,11.9621,4769,529,0x0000000000,403,2001,0,28,28744,6525,11.9621,4769,28,28744
710000,8192,0,0,0,181755904,0,181764096,0,6571,11.9723,4821,548,0x0000000000,404,1995,0,28,28772,6571,11.9723,4821,28,28772
711000,8192,0,0,0,182009856,0,182018048,0,6568,11.9631,4867,543,0x0000000000,421,2048,0,26,28798,6568,11.9631,4867,26,28798
712000,8192,0,0,0,182272000,0,182280192,0,6581,12.0180,4854,494,0x0000000000,0,0,0,26,28824,6581,12.0180,4854,26,28824
713000,8192,0,0,0,182525952,0,182534144,0,6596,11.9936,4780,528,0x0000000000,394,2027,0,30,28854,6596,11.9936,4780,30,28854
714000,8192,0,0,0,182779904,0,182788096,0,6549,11.9704,4843,533,0x0000000000,378,2083,0,21,28875,6549,11.9704,4843,21,28875
715000,8192,0,0,0,183033856,0,183042048,0,6583,11.9873,4807,528,0x0000000000,426,2061,0,29,28904,6583,11.9873,4807,29,28904
716000,8192,0,0,0,183296000,0,183304192,0,6533,11.9482,4790,546,0x0000000000,0,0,0,22,28926,6533,11.9482,4790,22,28926
717000,8192,0,0,0,183549952,0,183558144,0,6541,11.9692,4826,520,0x0000000000,403,2018,0,22,28948,6541,11.9692,4826,22,28948
718000,8192,0,0,0,183803904,0,183812096,0,6503,11.9229,4816,542,0x0000000000,430,2069,0,23,28971,6503,11.9229,4816,23,28971
719000,8192,0,0,0,184057856,0,184066048,0,6476,11.9070,4799,564,0x0000000000,442,2065,0,36,29007,6476,11.9070,4799,36,29007
720000,8192,0,0,0,184320000,0,184328192,0,6563,11.9592,4811,546,0x0000000000,0,0,0,33,29040,6563,11.9592,4811,33,29040
721000,8192,0,0,0,184573952,0,184582144,0,6611,12.0237,4843,504,0x0000000000,454,2105,0,29,29069,6611,12.0237,4843,29,29069
722000,8192,0,0,0,184827904,0,184836096,0,6595,11.9884,4859,532,0x0000000000,438,2066,0,32,29101,6595,11.9884,4859,32,29101
723000,8192,0,0,0,185081856,0,185090048,0,6585,12.0168,4804,504,0x0000000000,382,2041,0,36,29137,6585,12.0168,4804,36,29137
724000,8192,0,0,0,185344000,0,185352192,0,6622,12.0136,4896,516,0x0000000000,0,0,0,28,29165,6622,12.0136,4896,28,29165
725000,8192,0,0,0,185597952,0,185606144,0,6600,11.9803,4907,541,0x0000000000,403,2048,0,23,29188,6600,11.9803,4907,23,29188
726000,8192,0,0,0,185851904,0,185860096,0,6573,11.9631,4832,544,0x0000000000,414,2033,0,33,29221,6573,11.9631,4832,33,29221
727000,8192,0,0,0,186105856,0,186114048,0,6565,11.9639,4716,549,0x0000000000,432,1985,0,29,29250,6565,11.9639,4716,29,29250
728000,8192,0,0,0,186368000,0,186376192,0,6574,11.9781,4808,534,0x0000000000,0,0,0,23,29273,6574,11.9781,4808,23,29273
729000,8192,0,0,0,186621952,0,186630144,0,6638,12.0055,4806,534,0x0000000000,454,1981,0,28,29301,6638,12.0055,4806,28,29301
730000,8192,0,0,0,186875904,0,186884096,0,6563,11.9721,4832,535,0x0000000000,402,2031,0,28,29329,6563,11.9721,4832,28,29329
731000,8192,0,0,0,187129856,0,187138048,0,6565,11.9818,4804,518,0x0000000000,464,2017,0,33,29362,6565,11.9818,4804,33,29362
732000,8192,0,0,0,187392000,0,187400192,0,6556,11.9685,4813,529,0x0000000000,0,0,0,30,29392,6556,11.9685,4813,30,29392
733000,8192,0,0,0,187645952,0,187654144,0,6614,12.0128,4828,501,0x0000000000,433,2055,0,31,29423,6614,12.0128,4828,31,29423
734000,8192,0,0,0,187899904,0,187908096,0,6612,11.9937,4871,537,0x0000000000,426,2069,0,28,29451,6612,11.9937,4871,28,29451
735000,8192,0,0,0,188153856,0,188162048,0,6595,11.9850,4846,528,0x0000000000,389,2013,0,31,29482,6595,11.9850,4846,31,29482
736000,8192,0,0,0,188416000,0,188424192,0,6577,11.9835,4802,524,0x0000000000,0,0,0,24,29506,6577,11.9835,4802,24,29506
737000,8192,0,0,0,188669952,0,188678144,0,6617,11.9943,4907,534,0x0000000000,458,1973,0,27,29533,6617,11.9943,4907,27,29533
738000,8192,0,0,0,188923904,0,188932096,0,6613,12.0284,4839,506,0x0000000000,420,2128,0,21,29554,6613,12.0284,4839,21,29554
739000,8192,0,0,0,189177856,0,189186048,0,6577,11.9856,4814,519,0x0000000000,403,2072,0,37,29591,6577,11.9856,4814,37,29591
740000,8192,0,0,0,189440000,0,189448192,0,6516,11.9209,4823,557,0x0000000000,0,0,0,27,29618,6516,11.9209,4823,27,29618
741000,8192,0,0,0,189693952,0,189702144,0,6537,11.9549,4751,530,0x0000000000,425,2056,0,36,29654,6537,11.9549,4751,36,29654
742000,8192,0,0,0,189947904,0,189956096,0,6533,11.9872,4717,505,0x0000000000,404,1971,0,31,29685,6533,11.9872,4717,31,29685
743000,8192,0,0,0,190201856,0,190210048,0,6548,11.9389,4757,551,0x0000000000,373,2038,0,24,29709,6548,11.9389,4757,24,29709
744000,8192,0,0,0,190464000,0,190472192,0,6568,11.9639,4776,548,0x0000000000,0,0,0,26,29735,6568,11.9639,4776,26,29735
745000,8192,0,0,0,190717952,0,190726144,0,6542,11.9506,4797,543,0x0000000000,395,2063,0,32,29767,6542,11.9506,4797,32,29767
746000,8192,0,0,0,190971904,0,190980096,0,6553,11.9584,4779,539,0x0000000000,431,2016,0,30,29797,6553,11.9584,4779,30,29797
747000,8192,0,0,0,191225856,0,191234048,0,6559,11.9915,4796,507,0x0000000000,437,2048,0,20,29817,6559,11.9915,4796,20,29817
748000,8192,0,0,0,191488000,0,191496192,0,6514,11.9677,4728,512,0x0000000000,0,0,0,24,29841,6514,11.9677,4728,24,29841
749000,8192,0,0,0,191741952,0,191750144,0,6606,11.9793,4828,547,0x0000000000,422,2038,0,29,29870,6606,11.9793,4828,29,29870
750000,8192,0,0,0,191995904,0,192004096,0,6609,12.0269,4855,490,0x0000000000,398,2047,0,31,29901,6609,12.0269,4855,31,29901
751000,8192,0,0,0,192249856,0,192258048,0,6507,11.9334,4765,541,0x0000000000,412,2032,0,25,29926,6507,11.9334,4765,25,29926
752000,8192,0,0,0,192512000,0,192520192,0,6517,11.9534,4771,514,0x0000000000,0,0,0,23,29949,6517,11.9534,4771,23,29949
753000,8192,0,0,0,192765952,0,192774144,0,6554,11.9444,4770,561,0x0000000000,420,2070,0,30,29979,6554,11.9444,4770,30,29979
754000,8192,0,0,0,193019904,0,193028096,0,6507,11.9370,4748,544,0x0000000000,431,2012,0,32,30011,6507,11.9370,4748,32,30011
755000,8192,0,0,0,193273856,0,193282048,0,6560,11.9764,4771,516,0x0000000000,407,2038,0,32,30043,6560,11.9764,4771,32,30043
756000,8192,0,0,0,193536000,0,193544192,0,6541,11.9639,4787,535,0x0000000000,0,0,0,26,30069,6541,11.9639,4787,26,30069
757000,8192,0,0,0,193789952,0,193798144,0,6564,11.9519,4790,554,0x0000000000,438,2052,0,34,30103,6564,11.9519,4790,34,30103
758000,8192,0,0,0,194043904,0,194052096,0,6600,12.0163,4779,493,0x0000000000,439,2030,0,28,30131,6600,12.0163,4779,28,30131
759000,8192,0,0,0,194297856,0,194306048,0,6577,11.9667,4814,551,0x0000000000,414,2035,0,25,30156,6577,11.9667,4814,25,30156
760000,8192,0,0,0,194560000,0,194568192,0,6579,11.9508,4827,564,0x0000000000,0,0,0,20,30176,6579,11.9508,4827,20,30176
761000,8192,0,0,0,194813952,0,194822144,0,6499,11.9375,4826,519,0x0000000000,406,2034,0,25,30201,6499,11.9375,4826,25,30201
762000,8192,0,0,0,195067904,0,195076096,0,6555,11.9650,4792,536,0x0000000000,371,1978,0,28,30229,6555,11.9650,4792,28,30229
763000,8192,0,0,0,195321856,0,195330048,0,6511,11.9366,4825,545,0x0000000000,420,2082,0,34,30263,6511,11.9366,4825,34,30263
764000,8192,0,0,0,195584000,0,195592192,0,6551,11.9437,4798,554,0x0000000000,0,0,0,24,30287,6551,11.9437,4798,24,30287
765000,8192,0,0,0,195837952,0,195846144,0,6577,11.9812,4836,524,0x0000000000,430,2071,0,30,30317,6577,11.9812,4836,30,30317
766000,8192,0,0,0,196091904,0,196100096,0,6548,11.9672,4761,521,0x0000000000,447,1982,0,29,30346,6548,11.9672,4761,29,30346
767000,8192,0,0,0,196345856,0,196354048,0,6535,11.9336,4788,565,0x0000000000,411,1926,0,27,30373,6535,11.9336,4788,27,30373
768000,8192,0,0,0,196608000,0,196616192,0,6577,11.9723,4783,550,0x0000000000,0,0,0,36,30409,6577,11.9723,4783,36,30409
769000,8192,0,0,0,196861952,0,196870144,0,6586,11.9807,4811,529,0x0000000000,408,2117,0,24,30433,6586,11.9807,4811,24,30433
770000,8192,0,0,0,197115904,0,197124096,0,6554,11.9493,4814,544,0x0000000000,393,1994,0,20,30453,6554,11.9493,4814,20,30453
771000,8192,0,0,0,197369856,0,197378048,0,6529,11.9353,4748,554,0x0000000000,400,2042,0,25,30478,6529,11.9353,4748,25,30478
772000,8192,0,0,0,197632000,0,197640192,0,6591,11.9989,4817,519,0x0000000000,0,0,0,22,30500,6591,11.9989,4817,22,30500
773000,8192,0,0,0,197885952,0,197894144,0,6536,11.9614,4808,532,0x0000000000,418,2085,0,31,30531,6536,11.9614,4808,31,30531
774000,8192,0,0,0,198139904,0,198148096,0,6583,11.9845,4850,522,0x0000000000,387,2042,0,25,30556,6583,11.9845,4850,25,30556
775000,8192,0,0,0,198393856,0,198402048,0,6609,12.0157,4831,499,0x0000000000,411,2067,0,22,30578,6609,12.0157,4831,22,30578
776000,8192,0,0,0,198656000,0,198664192,0,6510,11.9658,4708,510,0x0000000000,0,0,0,37,30615,6510,11.9658,4708,37,30615
777000,8192,0,0,0,198909952,0,198918144,0,6555,11.9732,4768,523,0x0000000000,394,2047,0,26,30641,6555,11.9732,4768,26,30641
778000,8192,0,0,0,199163904,0,199172096,0,6579,11.9676,4868,549,0x0000000000,439,2031,0,35,30676,6579,11.9676,4868,35,30676
779000,8192,0,0,0,199417856,0,199426048,0,6550,11.9499,4745,553,0x0000000000,426,2026,0,23,30699,6550,11.9499,4745,23,30699
780000,8192,0,0,0,199680000,0,199688192,0,6615,12.0300,4824,486,0x0000000000,0,0,0,20,30719,6615,12.0300,4824,20,30719
781000,8192,0,0,0,199933952,0,199942144,0,6555,11.9735,4752,521,0x0000000000,366,2019,0,25,30744,6555,11.9735,4752,25,30744
782000,8192,0,0,0,200187904,0,200196096,0,6603,11.9880,4753,538,0x0000000000,408,2058,0,29,30773,6603,11.9880,4753,29,30773
783000,8192,0,0,0,200441856,0,200450048,0,6505,11.9330,4723,550,0x0000000000,409,1986,0,27,30800,6505,11.9330,4723,27,30800
784000,8192,0,0,0,200704000,0,200712192,0,6584,11.9858,4871,523,0x0000000000,0,0,0,20,30820,6584,11.9858,4871,20,30820
785000,8192,0,0,0,200957952,0,200966144,0,6552,11.9650,4738,543,0x0000000000,421,2068,0,23,30843,6552,11.9650,4738,23,30843
786000,8192,0,0,0,201211904,0,201220096,0,6570,11.9725,4816,521,0x0000000000,417,2003,0,28,30871,6570,11.9725,4816,28,30871
787000,8192,0,0,0,201465856,0,201474048,0,6585,11.9582,4809,550,0x0000000000,444,2096,0,19,30890,6585,11.9582,4809,19,30890
788000,8192,0,0,0,201728000,0,201736192,0,6557,11.9604,4737,531,0x0000000000,0,0,0,16,30906,6557,11.9604,4737,16,30906
789000,8192,0,0,0,201981952,0,201990144,0,6585,11.9734,4819,539,0x0000000000,382,2125,0,24,30930,6585,11.9734,4819,24,30930
790000,8192,0,0,0,202235904,0,202244096,0,6630,12.0446,4821,474,0x0000000000,404,1981,0,29,30959,6630,12.0446,4821,29,30959
791000,8192,0,0,0,202489856,0,202498048,0,6476,11.8841,4740,578,0x0000000000,385,2055,0,27,30986,6476,11.8841,4740,27,30986
792000,8192,0,0,0,202752000,0,202760192,0,6554,11.9501,4767,564,0x0000000000,0,0,0,32,31018,6554,11.9501,4767,32,31018
793000,8192,0,0,0,203005952,0,203014144,0,6537,11.9814,4765,512,0x0000000000,412,2046,0,31,31049,6537,11.9814,4765,31,31049
794000,8192,0,0,0,203259904,0,203268096,0,6550,11.9569,4780,551,0x0000000000,434,2001,0,19,31068,6550,11.9569,4780,19,31068
795000,8192,0,0,0,203513856,0,203522048,0,6537,11.9939,4755,498,0x0000000000,417,2017,0,38,31106,6537,11.9939,4755,38,31106
796000,8192,0,0,0,203776000,0,203784192,0,6516,11.9539,4736,529,0x0000000000,0,0,0,24,31130,6516,11.9539,4736,24,31130
797000,8192,0,0,0,204029952,0,204038144,0,6580,11.9603,4786,556,0x0000000000,403,2000,0,33,31163,6580,11.9603,4786,33,31163
798000,8192,0,0,0,204283904,0,204292096,0,6553,11.9868,4724,530,0x0000000000,419,2034,0,28,31191,6553,11.9868,4724,28,31191
799000,8192,0,0,0,204537856,0,204546048,0,6564,12.0049,4762,488,0x0000000000,431,2056,0,35,31226,6564,12.0049,4762,35,31226
800000,8192,0,0,0,204800000,0,204808192,0,6518,11.9030,4769,583,0x0000000000,0,0,0,27,31253,6518,11.9030,4769,27,31253
801000,8192,0,0,0,205053952,0,205062144,0,6597,11.9961,4795,521,0x0000000000,473,1992,0,35,31288,6597,11.9961,4795,35,31288
802000,8192,0,0,0,205307904,0,205316096,0,6620,12.0183,4835,506,0x0000000000,410,2101,0,25,31313,6620,12.0183,4835,25,31313
803000,8192,0,0,0,205561856,0,205570048,0,6522,11.9424,4773,553,0x0000000000,432,2011,0,33,31346,6522,11.9424,4773,33,31346
804000,8192,0,0,0,205824000,0,205832192,0,6581,11.9778,4756,540,0x0000000000,0,0,0,21,31367,6581,11.9778,4756,21,31367
805000,8192,0,0,0,206077952,0,206086144,0,6595,11.9935,4762,525,0x0000000000,397,2034,0,29,31396,6595,11.9935,4762,29,31396
806000,8192,0,0,0,206331904,0,206340096,0,6612,12.0043,4768,518,0x0000000000,414,2002,0,25,31421,6612,12.0043,4768,25,31421
807000,8192,0,0,0,206585856,0,206594048,0,6542,11.9719,4749,523,0x0000000000,427,2036,0,23,31444,6542,11.9719,4749,23,31444
808000,8192,0,0,0,206848000,0,206856192,0,6584,11.9713,4735,543,0x0000000000,0,0,0,26,31470,6584,11.9713,4735,26,31470
809000,8192,0,0,0,207101952,0,207110144,0,6617,12.0000,4822,523,0x0000000000,423,1990,0,27,31497,6617,12.0000,4822,27,31497
810000,8192,0,0,0,207355904,0,207364096,0,6560,11.9688,4756,539,0x0000000000,406,2118,0,26,31523,6560,11.9688,4756,26,31523
811000,8192,0,0,0,207609856,0,207618048,0,6544,11.9740,4747,528,0x0000000000,396,2013,0,20,31543,6544,11.9740,4747,20,31543
812000,8192,0,0,0,207872000,0,207880192,0,6545,11.9612,4780,536,0x0000000000,0,0,0,28,31571,6545,11.9612,4780,28,31571
813000,8192,0,0,0,208125952,0,208134144,0,6622,12.0175,4774,518,0x0000000000,415,2020,0,26,31597,6622,12.0175,4774,26,31597
814000,8192,0,0,0,208379904,0,208388096,0,6527,11.9441,4763,544,0x0000000000,412,1933,0,26,31623,6527,11.9441,4763,26,31623
815000,8192,0,0,0,208633856,0,208642048,0,6579,11.9803,4784,525,0x0000000000,429,2010,0,18,31641,6579,11.9803,4784,18,31641
816000,8192,0,0,0,208896000,0,208904192,0,6589,11.9847,4739,527,0x0000000000,0,0,0,27,31668,6589,11.9847,4739,27,31668
817000,8192,0,0,0,209149952,0,209158144,0,6607,11.9931,4761,536,0x0000000000,440,2081,0,38,31706,6607,11.9931,4761,38,31706
818000,8192,0,0,0,209403904,0,209412096,0,6548,11.9731,4737,512,0x0000000000,398,2060,0,30,31736,6548,11.9731,4737,30,31736
819000,8192,0,0,0,209657856,0,209666048,0,6571,11.9703,4800,521,0x0000000000,416,2098,0,29,31765,6571,11.9703,4800,29,31765
820000,8192,0,0,0,209920000,0,209928192,0,6604,12.0072,4821,499,0x0000000000,0,0,0,32,31797,6604,12.0072,4821,32,31797
821000,8192,0,0,0,210173952,0,210182144,0,6521,11.9337,4689,561,0x0000000000,387,2032,0,30,31827,6521,11.9337,4689,30,31827
822000,8192,0,0,0,210427904,0,210436096,0,6609,11.9721,4815,559,0x0000000000,408,2030,0,34,31861,6609,11.9721,4815,34,31861
823000,8192,0,0,0,210681856,0,210690048,0,6500,11.9139,4691,560,0x0000000000,418,2052,0,32,31893,6500,11.9139,4691,32,31893
824000,8192,0,0,0,210944000,0,210952192,0,6566,11.9578,4756,551,0x0000000000,0,0,0,20,31913,6566,11.9578,4756,20,31913
825000,8192,0,0,0,211197952,0,211206144,0,6579,11.9819,4817,521,0x0000000000,425,2074,0,27,31940,6579,11.9819,4817,27,31940
826000,8192,0,0,0,211451904,0,211460096,0,6628,12.0180,4817,504,0x0000000000,426,2073,0,32,31972,6628,12.0180,4817,32,31972
827000,8192,0,0,0,211705856,0,211714048,0,6550,11.9756,4755,530,0x0000000000,426,1997,0,27,31999,6550,11.9756,4755,27,31999
828000,8192,0,0,0,211968000,0,211976192,0,6561,11.9506,4821,562,0x0000000000,0,0,0,38,32037,6561,11.9506,4821,38,32037
829000,8192,0,0,0,212221952,0,212230144,0,6572,11.9916,4806,512,0x0000000000,392,2033,0,32,32069,6572,11.9916,4806,32,32069
830000,8192,0,0,0,212475904,0,212484096,0,6554,11.9656,4763,531,0x0000000000,421,2089,0,23,32092,6554,11.9656,4763,23,32092
831000,8192,0,0,0,212729856,0,212738048,0,6601,12.0056,4819,514,0x0000000000,424,1998,0,27,32119,6601,12.0056,4819,27,32119
832000,8192,0,0,0,212992000,0,213000192,0,6512,11.9383,4689,552,0x0000000000,0,0,0,22,32141,6512,11.9383,4689,22,32141
833000,8192,0,0,0,213245952,0,213254144,0,6515,11.9260,4684,558,0x0000000000,430,1985,0,26,32167,6515,11.9260,4684,26,32167
834000,8192,0,0,0,213499904,0,213508096,0,6541,11.9635,4712,521,0x0000000000,407,2004,0,22,32189,6541,11.9635,4712,22,32189
835000,8192,0,0,0,213753856,0,213762048,0,6519,11.8943,4739,591,0x0000000000,397,1993,0,27,32216,6519,11.8943,4739,27,32216
836000,8192,0,0,0,214016000,0,214024192,0,6598,12.0288,4776,485,0x0000000000,0,0,0,31,32247,6598,12.0288,4776,31,32247
837000,8192,0,0,0,214269952,0,214278144,0,6548,11.9842,4752,516,0x0000000000,421,2035,0,34,32281,6548,11.9842,4752,34,32281
838000,8192,0,0,0,214523904,0,214532096,0,6633,12.0545,4789,470,0x0000000000,420,2080,0,17,32298,6633,12.0545,4789,17,32298
839000,8192,0,0,0,214777856,0,214786048,0,6551,11.9637,4762,527,0x0000000000,410,2041,0,39,32337,6551,11.9637,4762,39,32337
840000,8192,0,0,0,215040000,0,215048192,0,6557,11.9694,4730,527,0x0000000000,0,0,0,36,32373,6557,11.9694,4730,36,32373
841000,8192,0,0,0,215293952,0,215302144,0,6620,12.0077,4778,513,0x0000000000,405,1982,0,33,32406,6620,12.0077,4778,33,32406
842000,8192,0,0,0,215547904,0,215556096,0,6569,11.9626,4719,550,0x0000000000,410,2006,0,29,32435,6569,11.9626,4719,29,32435
843000,8192,0,0,0,215801856,0,215810048,0,6549,11.9813,4723,522,0x0000000000,444,2051,0,35,32470,6549,11.9813,4723,35,32470
844000,8192,0,0,0,216064000,0,216072192,0,6586,11.9582,4706,552,0x0000000000,0,0,0,26,32496,6586,11.9582,4706,26,32496
845000,8192,0,0,0,216317952,0,216326144,0,6581,11.9575,4754,551,0x0000000000,370,2003,0,25,32521,6581,11.9575,4754,25,32521
846000,8192,0,0,0,216571904,0,216580096,0,6603,11.9933,4732,539,0x0000000000,443,2077,0,32,32553,6603,11.9933,4732,32,32553
847000,8192,0,0,0,216825856,0,216834048,0,6548,11.9544,4765,538,0x0000000000,462,2043,0,25,32578,6548,11.9544,4765,25,32578
848000,8192,0,0,0,217088000,0,217096192,0,6558,11.9693,4692,530,0x0000000000,0,0,0,39,32617,6558,11.9693,4692,39,32617
849000,8192,0,0,0,217341952,0,217350144,0,6596,12.0122,4745,487,0x0000000000,405,2000,0,25,32642,6596,12.0122,4745,25,32642
850000,8192,0,0,0,217595904,0,217604096,0,6568,11.9886,4726,510,0x0000000000,422,2014,0,23,32665,6568,11.9886,4726,23,32665
851000,8192,0,0,0,217849856,0,217858048,0,6615,12.0210,4791,506,0x0000000000,444,2024,0,34,32699,6615,12.0210,4791,34,32699
852000,8192,0,0,0,218112000,0,218120192,0,6588,11.9478,4763,568,0x0000000000,0,0,0,20,32719,6588,11.9478,4763,20,32719
853000,8192,0,0,0,218365952,0,218374144,0,6583,11.9886,4813,520,0x0000000000,406,2006,0,16,32735,6583,11.9886,4813,16,32735
854000,8192,0,0,0,218619904,0,218628096,0,6554,11.9642,4665,532,0x0000000000,415,1960,0,21,32756,6554,11.9642,4665,21,32756
855000,8192,0,0,0,218873856,0,218882048,0,6633,12.0179,4780,517,0x0000000000,433,2071,0,26,32782,6633,12.0179,4780,26,32782
856000,8192,0,0,0,219136000,0,219144192,0,6591,11.9906,4777,524,0x0000000000,0,0,0,21,32803,6591,11.9906,4777,21,32803
857000,8192,0,0,0,219389952,0,219398144,0,6541,11.9696,4711,526,0x0000000000,396,2030,0,29,32832,6541,11.9696,4711,29,32832
858000,8192,0,0,0,219643904,0,219652096,0,6548,11.9563,4765,538,0x0000000000,411,2065,0,28,32860,6548,11.9563,4765,28,32860
859000,8192,0,0,0,219897856,0,219906048,0,6523,11.9649,4694,523,0x0000000000,468,1995,0,29,32889,6523,11.9649,4694,29,32889
860000,8192,0,0,0,220160000,0,220168192,0,6582,11.9872,4732,509,0x0000000000,0,0,0,24,32913,6582,11.9872,4732,24,32913
861000,8192,0,0,0,220413952,0,220422144,0,6533,11.9374,4749,555,0x0000000000,418,1996,0,19,32932,6533,11.9374,4749,19,32932
862000,8192,0,0,0,220667904,0,220676096,0,6490,11.9355,4679,529,0x0000000000,396,2068,0,36,32968,6490,11.9355,4679,36,32968
863000,8192,0,0,0,220921856,0,220930048,0,6541,11.9677,4710,533,0x0000000000,423,2002,0,32,33000,6541,11.9677,4710,32,33000
864000,8192,0,0,0,221184000,0,221192192,0,6525,11.9649,4684,531,0x0000000000,0,0,0,40,33040,6525,11.9649,4684,40,33040
865000,8192,0,0,0,221437952,0,221446144,0,6604,11.9833,4732,543,0x0000000000,439,2010,0,28,33068,6604,11.9833,4732,28,33068
866000,8192,0,0,0,221691904,0,221700096,0,6568,11.9591,4724,536,0x0000000000,387,1983,0,20,33088,6568,11.9591,4724,20,33088
867000,8192,0,0,0,221945856,0,221954048,0,6563,11.9709,4790,539,0x0000000000,411,2046,0,27,33115,6563,11.9709,4790,27,33115
868000,8192,0,0,0,222208000,0,222216192,0,6568,11.9781,4740,520,0x0000000000,0,0,0,18,33133,6568,11.9781,4740,18,33133
869000,8192,0,0,0,222461952,0,222470144,0,6553,11.9683,4721,523,0x0000000000,420,2065,0,25,33158,6553,11.9683,4721,25,33158
870000,8192,0,0,0,222715904,0,222724096,0,6579,11.9875,4760,521,0x0000000000,412,2013,0,28,33186,6579,11.9875,4760,28,33186
871000,8192,0,0,0,222969856,0,222978048,0,6530,11.9344,4698,563,0x0000000000,405,1956,0,26,33212,6530,11.9344,4698,26,33212
872000,8192,0,0,0,223232000,0,223240192,0,6469,11.8858,4656,575,0x0000000000,0,0,0,27,33239,6469,11.8858,4656,27,33239
873000,8192,0,0,0,223485952,0,223494144,0,6554,11.9671,4766,519,0x0000000000,378,2027,0,22,33261,6554,11.9671,4766,22,33261
874000,8192,0,0,0,223739904,0,223748096,0,6617,12.0108,4776,524,0x0000000000,392,2040,0,32,33293,6617,12.0108,4776,32,33293
875000,8192,0,0,0,223993856,0,224002048,0,6627,12.0327,4731,505,0x0000000000,436,2036,0,22,33315,6627,12.0327,4731,22,33315
876000,8192,0,0,0,224256000,0,224264192,0,6590,12.0037,4729,502,0x0000000000,0,0,0,33,33348,6590,12.0037,4729,33,33348
877000,8192,0,0,0,224509952,0,224518144,0,6619,12.0336,4704,495,0x0000000000,436,2059,0,21,33369,6619,12.0336,4704,21,33369
878000,8192,0,0,0,224763904,0,224772096,0,6557,11.9302,4707,568,0x0000000000,403,2022,0,26,33395,6557,11.9302,4707,26,33395
879000,8192,0,0,0,225017856,0,225026048,0,6521,11.9444,4689,539,0x0000000000,399,1961,0,30,33425,6521,11.9444,4689,30,33425
880000,8192,0,0,0,225280000,0,225288192,0,6607,12.0008,4835,520,0x0000000000,0,0,0,16,33441,6607,12.0008,4835,16,33441
881000,8192,0,0,0,225533952,0,225542144,0,6574,11.9960,4727,501,0x0000000000,440,2032,0,23,33464,6574,11.9960,4727,23,33464
882000,8192,0,0,0,225787904,0,225796096,0,6527,11.9508,4658,536,0x0000000000,425,2050,0,33,33497,6527,11.9508,4658,33,33497
883000,8192,0,0,0,226041856,0,226050048,0,6574,11.9670,4794,545,0x0000000000,437,2027,0,27,33524,6574,11.9670,4794,27,33524
884000,8192,0,0,0,226304000,0,226312192,0,6592,11.9789,4737,537,0x0000000000,0,0,0,16,33540,6592,11.9789,4737,16,33540
885000,8192,0,0,0,226557952,0,226566144,0,6589,12.0061,4696,499,0x0000000000,428,2028,0,21,33561,6589,12.0061,4696,21,33561
886000,8192,0,0,0,226811904,0,226820096,0,6614,12.0069,4719,523,0x0000000000,421,2015,0,28,33589,6614,12.0069,4719,28,33589
887000,8192,0,0,0,227065856,0,227074048,0,6543,11.9587,4704,529,0x0000000000,422,1988,0,25,33614,6543,11.9587,4704,25,33614
888000,8192,0,0,0,227328000,0,227336192,0,6581,12.0059,4701,507,0x0000000000,0,0,0,31,33645,6581,12.0059,4701,31,33645
889000,8192,0,0,0,227581952,0,227590144,0,6551,11.9708,4737,550,0x0000000000,397,2089,0,24,33669,6551,11.9708,4737,24,33669
890000,8192,0,0,0,227835904,0,227844096,0,6606,12.0052,4709,520,0x0000000000,393,2016,0,31,33700,6606,12.0052,4709,31,33700
891000,8192,0,0,0,228089856,0,228098048,0,6589,11.9618,4753,548,0x0000000000,423,2064,0,26,33726,6589,11.9618,4753,26,33726
892000,8192,0,0,0,228352000,0,228360192,0,6537,11.9534,4635,549,0x0000000000,0,0,0,35,33761,6537,11.9534,4635,35,33761
893000,8192,0,0,0,228605952,0,228614144,0,6561,11.9961,4771,507,0x0000000000,407,2009,0,29,33790,6561,11.9961,4771,29,33790
894000,8192,0,0,0,228859904,0,228868096,0,6565,11.9724,4707,533,0x0000000000,435,2064,0,30,33820,6565,11.9724,4707,30,33820
895000,8192,0,0,0,229113856,0,229122048,0,6623,12.0316,4786,491,0x0000000000,384,2046,0,28,33848,6623,12.0316,4786,28,33848
896000,8192,0,0,0,229376000,0,229384192,0,6611,11.9869,4736,537,0x0000000000,0,0,0,21,33869,6611,11.9869,4736,21,33869
897000,8192,0,0,0,229629952,0,229638144,0,6566,11.9986,4682,511,0x0000000000,395,2018,0,30,33899,6566,11.9986,4682,30,33899
898000,8192,0,0,0,229883904,0,229892096,0,6554,11.9619,4691,531,0x0000000000,403,2006,0,27,33926,6554,11.9619,4691,27,33926
899000,8192,0,0,0,230137856,0,230146048,0,6608,11.9947,4768,537,0x0000000000,418,2049,0,28,33954,6608,11.9947,4768,28,33954
900000,8192,0,0,0,230400000,0,230408192,0,6611,11.9985,4809,522,0x0000000000,0,0,0,22,33976,6611,11.9985,4809,22,33976
901000,8192,0,0,0,230653952,0,230662144,0,6554,11.9821,4713,513,0x0000000000,415,2069,0,26,34002,6554,11.9821,4713,26,34002
902000,8192,0,0,0,230907904,0,230916096,0,6508,11.9142,4699,571,0x0000000000,399,1961,0,32,34034,6508,11.9142,4699,32,34034
903000,8192,0,0,0,231161856,0,231170048,0,6583,12.0065,4745,498,0x0000000000,439,2010,0,28,34062,6583,12.0065,4745,28,34062
904000,8192,0,0,0,231424000,0,231432192,0,6584,11.9686,4784,549,0x0000000000,0,0,0,20,34082,6584,11.9686,4784,20,34082
905000,8192,0,0,0,231677952,0,231686144,0,6532,11.9429,4632,558,0x0000000000,367,1980,0,24,34106,6532,11.9429,4632,24,34106
906000,8192,0,0,0,231931904,0,231940096,0,6591,12.0086,4696,506,0x0000000000,415,2085,0,31,34137,6591,12.0086,4696,31,34137
907000,8192,0,0,0,232185856,0,232194048,0,6547,11.9451,4698,547,0x0000000000,410,2049,0,24,34161,6547,11.9451,4698,24,34161
908000,8192,0,0,0,232448000,0,232456192,0,6560,11.9690,4728,531,0x0000000000,0,0,0,29,34190,6560,11.9690,4728,29,34190
909000,8192,0,0,0,232701952,0,232710144,0,6611,12.0018,4742,523,0x0000000000,378,2041,0,24,34214,6611,12.0018,4742,24,34214
910000,8192,0,0,0,232955904,0,232964096,0,6633,12.0065,4826,526,0x0000000000,421,2055,0,23,34237,6633,12.0065,4826,23,34237
911000,8192,0,0,0,233209856,0,233218048,0,6537,11.9511,4681,546,0x0000000000,439,2021,0,31,34268,6537,11.9511,4681,31,34268
912000,8192,0,0,0,233472000,0,233480192,0,6594,11.9938,4751,515,0x0000000000,0,0,0,19,34287,6594,11.9938,4751,19,34287
913000,8192,0,0,0,233725952,0,233734144,0,6527,11.9441,4707,543,0x0000000000,418,1983,0,21,34308,6527,11.9441,4707,21,34308
914000,8192,0,0,0,233979904,0,233988096,0,6575,11.9911,4771,520,0x0000000000,390,2016,0,27,34335,6575,11.9911,4771,27,34335
915000,8192,0,0,0,234233856,0,234242048,0,6598,12.0086,4711,514,0x0000000000,374,1947,0,22,34357,6598,12.0086,4711,22,34357
916000,8192,0,0,0,234496000,0,234504192,0,6597,12.0000,4745,509,0x0000000000,0,0,0,14,34371,6597,12.0000,4745,14,34371
917000,8192,0,0,0,234749952,0,234758144,0,6623,12.0275,4756,500,0x0000000000,410,2093,0,25,34396,6623,12.0275,4756,25,34396
918000,8192,0,0,0,235003904,0,235012096,0,6518,11.9541,4672,525,0x0000000000,439,2040,0,17,34413,6518,11.9541,4672,17,34413
919000,8192,0,0,0,235257856,0,235266048,0,6608,12.0056,4795,519,0x0000000000,405,2041,0,27,34440,6608,12.0056,4795,27,34440
920000,8192,0,0,0,235520000,0,235528192,0,6646,12.0432,4798,489,0x0000000000,0,0,0,29,34469,6646,12.0432,4798,29,34469
921000,8192,0,0,0,235773952,0,235782144,0,6591,12.0010,4714,510,0x0000000000,413,2017,0,32,34501,6591,12.0010,4714,32,34501
922000,8192,0,0,0,236027904,0,236036096,0,6562,11.9833,4711,520,0x0000000000,415,2040,0,24,34525,6562,11.9833,4711,24,34525
923000,8192,0,0,0,236281856,0,236290048,0,6503,11.9455,4705,534,0x0000000000,389,2035,0,32,34557,6503,11.9455,4705,32,34557
924000,8192,0,0,0,236544000,0,236552192,0,6552,11.9702,4714,517,0x0000000000,0,0,0,31,34588,6552,11.9702,4714,31,34588
925000,8192,0,0,0,236797952,0,236806144,0,6577,11.9849,4662,541,0x0000000000,421,2010,0,32,34620,6577,11.9849,4662,32,34620
926000,8192,0,0,0,237051904,0,237060096,0,6542,11.9714,4737,520,0x0000000000,428,2063,0,19,34639,6542,11.9714,4737,19,34639
927000,8192,0,0,0,237305856,0,237314048,0,6556,11.9875,4593,512,0x0000000000,418,2019,0,32,34671,6556,11.9875,4593,32,34671
928000,8192,0,0,0,237568000,0,237576192,0,6607,11.9867,4691,530,0x0000000000,0,0,0,28,34699,6607,11.9867,4691,28,34699
929000,8192,0,0,0,237821952,0,237830144,0,6588,11.9762,4707,526,0x0000000000,431,2074,0,22,34721,6588,11.9762,4707,22,34721
930000,8192,0,0,0,238075904,0,238084096,0,6591,12.0155,4690,496,0x0000000000,438,2118,0,33,34754,6591,12.0155,4690,33,34754
931000,8192,0,0,0,238329856,0,238338048,0,6612,12.0010,4714,521,0x0000000000,429,2055,0,30,34784,6612,12.0010,4714,30,34784
932000,8192,0,0,0,238592000,0,238600192,0,6523,11.9319,4665,564,0x0000000000,0,0,0,24,34808,6523,11.9319,4665,24,34808
933000,8192,0,0,0,238845952,0,238854144,0,6619,12.0190,4750,513,0x0000000000,431,2081,0,35,34843,6619,12.0190,4750,35,34843
934000,8192,0,0,0,239099904,0,239108096,0,6549,11.9557,4709,536,0x0000000000,417,2054,0,27,34870,6549,11.9557,4709,27,34870
935000,8192,0,0,0,239353856,0,239362048,0,6533,11.9387,4651,545,0x0000000000,388,1976,0,19,34889,6533,11.9387,4651,19,34889
936000,8192,0,0,0,239616000,0,239624192,0,6597,12.0144,4707,506,0x0000000000,0,0,0,35,34924,6597,12.0144,4707,35,34924
937000,8192,0,0,0,239869952,0,239878144,0,6527,11.9789,4681,511,0x0000000000,418,1997,0,26,34950,6527,11.9789,4681,26,34950
938000,8192,0,0,0,240123904,0,240132096,0,6577,11.9892,4670,519,0x0000000000,419,1968,0,35,34985,6577,11.9892,4670,35,34985
939000,8192,0,0,0,240377856,0,240386048,0,6604,11.9986,4750,534,0x0000000000,412,1937,0,32,35017,6604,11.9986,4750,32,35017
940000,8192,0,0,0,240640000,0,240648192,0,6607,12.0121,4695,506,0x0000000000,0,0,0,30,35047,6607,12.0121,4695,30,35047
941000,8192,0,0,0,240893952,0,240902144,0,6584,11.9833,4677,538,0x0000000000,406,1988,0,26,35073,6584,11.9833,4677,26,35073
942000,8192,0,0,0,241147904,0,241156096,0,6560,11.9961,4681,503,0x0000000000,420,1956,0,24,35097,6560,11.9961,4681,24,35097
943000,8192,0,0,0,241401856,0,241410048,0,6554,12.0088,4680,484,0x0000000000,386,1946,0,33,35130,6554,12.0088,4680,33,35130
944000,8192,0,0,0,241664000,0,241672192,0,6541,11.9693,4663,520,0x0000000000,0,0,0,26,35156,6541,11.9693,4663,26,35156
945000,8192,0,0,0,241917952,0,241926144,0,6650,12.0487,4704,495,0x0000000000,424,2095,0,31,35187,6650,12.0487,4704,31,35187
946000,8192,0,0,0,242171904,0,242180096,0,6582,12.0219,4730,493,0x0000000000,390,2059,0,24,35211,6582,12.0219,4730,24,35211
947000,8192,0,0,0,242425856,0,242434048,0,6613,12.0326,4653,487,0x0000000000,386,2014,0,31,35242,6613,12.0326,4653,31,35242
948000,8192,0,0,0,242688000,0,242696192,0,6569,11.9755,4698,538,0x0000000000,0,0,0,28,35270,6569,11.9755,4698,28,35270
949000,8192,0,0,0,242941952,0,242950144,0,6598,12.0144,4756,497,0x0000000000,393,2054,0,33,35303,6598,12.0144,4756,33,35303
950000,8192,0,0,0,243195904,0,243204096,0,6631,12.0128,4755,521,0x0000000000,404,2071,0,17,35320,6631,12.0128,4755,17,35320
951000,8192,0,0,0,243449856,0,243458048,0,6517,11.9355,4638,546,0x0000000000,413,2000,0,24,35344,6517,11.9355,4638,24,35344
952000,8192,0,0,0,243712000,0,243720192,0,6586,11.9839,4712,522,0x0000000000,0,0,0,27,35371,6586,11.9839,4712,27,35371
953000,8192,0,0,0,243965952,0,243974144,0,6596,11.9983,4672,516,0x0000000000,401,1966,0,22,35393,6596,11.9983,4672,22,35393
954000,8192,0,0,0,244219904,0,244228096,0,6591,11.9913,4730,534,0x0000000000,409,2024,0,33,35426,6591,11.9913,4730,33,35426
955000,8192,0,0,0,244473856,0,244482048,0,6608,12.0127,4777,501,0x0000000000,372,2006,0,15,35441,6608,12.0127,4777,15,35441
956000,8192,0,0,0,244736000,0,244744192,0,6577,11.9725,4740,528,0x0000000000,0,0,0,19,35460,6577,11.9725,4740,19,35460
957000,8192,0,0,0,244989952,0,244998144,0,6536,11.9358,4693,558,0x0000000000,415,2041,0,28,35488,6536,11.9358,4693,28,35488
958000,8192,0,0,0,245243904,0,245252096,0,6504,11.9122,4643,570,0x0000000000,416,2008,0,22,35510,6504,11.9122,4643,22,35510
959000,8192,0,0,0,245497856,0,245506048,0,6562,11.9905,4681,507,0x0000000000,429,2110,0,20,35530,6562,11.9905,4681,20,35530
960000,8192,0,0,0,245760000,0,245768192,0,6588,11.9651,4621,563,0x0000000000,0,0,0,30,35560,6588,11.9651,4621,30,35560
961000,8192,0,0,0,246013952,0,246022144,0,6586,11.9994,4745,515,0x0000000000,421,1963,0,20,35580,6586,11.9994,4745,20,35580
962000,8192,0,0,0,246267904,0,246276096,0,6577,12.0018,4679,516,0x0000000000,429,2035,0,30,35610,6577,12.0018,4679,30,35610
963000,8192,0,0,0,246521856,0,246530048,0,6585,11.9938,4678,520,0x0000000000,447,2032,0,28,35638,6585,11.9938,4678,28,35638
964000,8192,0,0,0,246784000,0,246792192,0,6502,11.9489,4697,529,0x0000000000,0,0,0,24,35662,6502,11.9489,4697,24,35662
965000,8192,0,0,0,247037952,0,247046144,0,6586,11.9988,4688,511,0x0000000000,410,2045,0,29,35691,6586,11.9988,4688,29,35691
966000,8192,0,0,0,247291904,0,247300096,0,6559,11.9567,4707,553,0x0000000000,440,2111,0,23,35714,6559,11.9567,4707,23,35714
967000,8192,0,0,0,247545856,0,247554048,0,6633,12.0149,4718,515,0x0000000000,445,2060,0,18,35732,6633,12.0149,4718,18,35732
968000,8192,0,0,0,247808000,0,247816192,0,6519,11.9248,4615,564,0x0000000000,0,0,0,19,35751,6519,11.9248,4615,19,35751
969000,8192,0,0,0,248061952,0,248070144,0,6550,11.9302,4682,556,0x0000000000,358,2026,0,16,35767,6550,11.9302,4682,16,35767
970000,8192,0,0,0,248315904,0,248324096,0,6666,12.0164,4783,530,0x0000000000,408,2031,0,22,35789,6666,12.0164,4783,22,35789
971000,8192,0,0,0,248569856,0,248578048,0,6570,11.9723,4652,540,0x0000000000,411,2046,0,29,35818,6570,11.9723,4652,29,35818
972000,8192,0,0,0,248832000,0,248840192,0,6613,12.0169,4697,503,0x0000000000,0,0,0,20,35838,6613,12.0169,4697,20,35838
973000,8192,0,0,0,249085952,0,249094144,0,6547,11.9632,4644,525,0x0000000000,390,2034,0,27,35865,6547,11.9632,4644,27,35865
974000,8192,0,0,0,249339904,0,249348096,0,6579,11.9881,4630,518,0x0000000000,423,2054,0,25,35890,6579,11.9881,4630,25,35890
975000,8192,0,0,0,249593856,0,249602048,0,6518,11.9359,4616,545,0x0000000000,419,2049,0,24,35914,6518,11.9359,4616,24,35914
976000,8192,0,0,0,249856000,0,249864192,0,6560,11.9569,4719,544,0x0000000000,0,0,0,25,35939,6560,11.9569,4719,25,35939
977000,8192,0,0,0,250109952,0,250118144,0,6562,11.9540,4720,547,0x0000000000,413,2083,0,29,35968,6562,11.9540,4720,29,35968
978000,8192,0,0,0,250363904,0,250372096,0,6626,12.0104,4773,524,0x0000000000,392,2048,0,25,35993,6626,12.0104,4773,25,35993
979000,8192,0,0,0,250617856,0,250626048,0,6564,11.9879,4674,513,0x0000000000,407,2007,0,24,36017,6564,11.9879,4674,24,36017
980000,8192,0,0,0,250880000,0,250888192,0,6626,12.0275,4757,513,0x0000000000,0,0,0,33,36050,6626,12.0275,4757,33,36050
981000,8192,0,0,0,251133952,0,251142144,0,6571,11.9918,4666,526,0x0000000000,422,2051,0,23,36073,6571,11.9918,4666,23,36073
982000,8192,0,0,0,251387904,0,251396096,0,6515,11.9464,4673,543,0x0000000000,440,2046,0,26,36099,6515,11.9464,4673,26,36099
983000,8192,0,0,0,251641856,0,251650048,0,6509,11.9457,4683,541,0x0000000000,417,1987,0,34,36133,6509,11.9457,4683,34,36133
984000,8192,0,0,0,251904000,0,251912192,0,6560,11.9793,4687,517,0x0000000000,0,0,0,29,36162,6560,11.9793,4687,29,36162
985000,8192,0,0,0,252157952,0,252166144,0,6580,11.9671,4631,546,0x0000000000,386,1996,0,18,36180,6580,11.9671,4631,18,36180
986000,8192,0,0,0,252411904,0,252420096,0,6586,11.9865,4699,520,0x0000000000,437,2068,0,30,36210,6586,11.9865,4699,30,36210
987000,8192,0,0,0,252665856,0,252674048,0,6634,12.0234,4794,500,0x0000000000,410,2072,0,30,36240,6634,12.0234,4794,30,36240
988000,8192,0,0,0,252928000,0,252936192,0,6562,11.9818,4680,520,0x0000000000,0,0,0,20,36260,6562,11.9818,4680,20,36260
989000,8192,0,0,0,253181952,0,253190144,0,6609,12.0165,4678,510,0x0000000000,423,2054,0,27,36287,6609,12.0165,4678,27,36287
990000,8192,0,0,0,253435904,0,253444096,0,6524,11.9308,4665,557,0x0000000000,407,1943,0,28,36315,6524,11.9308,4665,28,36315
991000,8192,0,0,0,253689856,0,253698048,0,6500,11.9480,4606,529,0x0000000000,384,2001,0,19,36334,6500,11.9480,4606,19,36334
992000,8192,0,0,0,253952000,0,253960192,0,6551,11.9881,4657,505,0x0000000000,0,0,0,35,36369,6551,11.9881,4657,35,36369
993000,8192,0,0,0,254205952,0,254214144,0,6551,11.9549,4703,534,0x0000000000,385,2058,0,23,36392,6551,11.9549,4703,23,36392
994000,8192,0,0,0,254459904,0,254468096,0,6630,12.0191,4721,523,0x0000000000,405,2078,0,24,36416,6630,12.0191,4721,24,36416
995000,8192,0,0,0,254713856,0,254722048,0,6561,11.9803,4664,512,0x0000000000,410,2046,0,35,36451,6561,11.9803,4664,35,36451
996000,8192,0,0,0,254976000,0,254984192,0,6530,11.9522,4685,534,0x0000000000,0,0,0,25,36476,6530,11.9522,4685,25,36476
997000,8192,0,0,0,255229952,0,255238144,0,6573,11.9704,4735,528,0x0000000000,400,2044,0,22,36498,6573,11.9704,4735,22,36498
998000,8192,0,0,0,255483904,0,255492096,0,6555,11.9552,4688,537,0x0000000000,377,2017,0,26,36524,6555,11.9552,4688,26,36524
999000,8192,0,0,0,255737856,0,255746048,0,6602,11.9901,4731,526,0x0000000000,428,2033,0,27,36551,6602,11.9901,4731,27,36551
1000000,8192,0,0,0,256000000,0,256008192,0,6551,11.9530,4666,541,0x0000000000,0,0,0,27,36578,6551,11.9530,4666,27,36578
1001000,8192,0,0,0,256253952,0,256262144,0,6595,11.9852,4667,535,0x0000000000,424,2039,0,31,36609,6595,11.9852,4667,31,36609
1002000,8192,0,0,0,256507904,0,256516096,0,6550,11.9951,4645,502,0x0000000000,414,2049,0,29,36638,6550,11.9951,4645,29,36638
1003000,8192,0,0,0,256761856,0,256770048,0,6541,11.9484,4685,547,0x0000000000,426,2051,0,21,36659,6541,11.9484,4685,21,36659
1004000,8192,0,0,0,257024000,0,257032192,0,6599,11.9801,4692,536,0x0000000000,0,0,0,19,36678,6599,11.9801,4692,19,36678
1005000,8192,0,0,0,257277952,0,257286144,0,6574,11.9837,4703,511,0x0000000000,392,2044,0,26,36704,6574,11.9837,4703,26,36704
1006000,8192,0,0,0,257531904,0,257540096,0,6516,11.9479,4658,524,0x0000000000,381,2103,0,21,36725,6516,11.9479,4658,21,36725
1007000,8192,0,0,0,257785856,0,257794048,0,6613,12.0240,4748,497,0x0000000000,403,2036,0,20,36745,6613,12.0240,4748,20,36745
1008000,8192,0,0,0,258048000,0,258056192,0,6610,12.0069,4739,511,0x0000000000,0,0,0,18,36763,6610,12.0069,4739,18,36763
1009000,8192,0,0,0,258301952,0,258310144,0,6541,11.9434,4579,565,0x0000000000,440,1950,0,28,36791,6541,11.9434,4579,28,36791
1010000,8192,0,0,0,258555904,0,258564096,0,6592,12.0015,4687,516,0x0000000000,380,1956,0,23,36814,6592,12.0015,4687,23,36814
1011000,8192,0,0,0,258809856,0,258818048,0,6529,11.9605,4650,525,0x0000000000,414,2088,0,26,36840,6529,11.9605,4650,26,36840
1012000,8192,0,0,0,259072000,0,259080192,0,6597,11.9759,4703,540,0x0000000000,0,0,0,25,36865,6597,11.9759,4703,25,36865
1013000,8192,0,0,0,259325952,0,259334144,0,6546,11.9577,4569,554,0x0000000000,407,2002,0,20,36885,6546,11.9577,4569,20,36885
1014000,8192,0,0,0,259579904,0,259588096,0,6556,11.9786,4684,524,0x0000000000,393,2004,0,20,36905,6556,11.9786,4684,20,36905
1015000,8192,0,0,0,259833856,0,259842048,0,6534,11.9607,4611,525,0x0000000000,406,2020,0,27,36932,6534,11.9607,4611,27,36932
1016000,8192,0,0,0,260096000,0,260104192,0,6568,11.9709,4667,535,0x0000000000,0,0,0,16,36948,6568,11.9709,4667,16,36948
1017000,8192,0,0,0,260349952,0,260358144,0,6570,11.9485,4671,564,0x0000000000,437,2042,0,27,36975,6570,11.9485,4671,27,36975
1018000,8192,0,0,0,260603904,0,260612096,0,6536,11.9396,4633,537,0x0000000000,446,2015,0,28,37003,6536,11.9396,4633,28,37003
1019000,8192,0,0,0,260857856,0,260866048,0,6613,12.0149,4743,502,0x0000000000,444,2028,0,25,37028,6613,12.0149,4743,25,37028
1020000,8192,0,0,0,261120000,0,261128192,0,6520,11.9803,4627,497,0x0000000000,0,0,0,26,37054,6520,11.9803,4627,26,37054
1021000,8192,0,0,0,261373952,0,261382144,0,6599,12.0041,4735,519,0x0000000000,435,2045,0,27,37081,6599,12.0041,4735,27,37081
1022000,8192,0,0,0,261627904,0,261636096,0,6583,11.9855,4696,528,0x0000000000,433,2035,0,29,37110,6583,11.9855,4696,29,37110
1023000,8192,0,0,0,261881856,0,261890048,0,6600,12.0271,4647,489,0x0000000000,405,2071,0,24,37134,6600,12.0271,4647,24,37134
1024000,8192,0,0,0,262144000,0,262152192,0,6604,12.0167,4713,507,0x0000000000,0,0,0,22,37156,6604,12.0167,4713,22,37156
1025000,8192,0,0,0,262397952,0,262406144,0,6498,11.9358,4589,528,0x0000000000,412,1983,0,29,37185,6498,11.9358,4589,29,37185
1026000,8192,0,0,0,262651904,0,262660096,0,6636,11.9977,4667,540,0x0000000000,432,2029,0,15,37200,6636,11.9977,4667,15,37200
1027000,8192,0,0,0,262905856,0,262914048,0,6636,12.0502,4747,467,0x0000000000,404,2093,0,30,37230,6636,12.0502,4747,30,37230
1028000,8192,0,0,0,263168000,0,263176192,0,6546,11.9545,4628,538,0x0000000000,0,0,0,25,37255,6546,11.9545,4628,25,37255
1029000,8192,0,0,0,263421952,0,263430144,0,6545,11.9422,4610,545,0x0000000000,428,1982,0,23,37278,6545,11.9422,4610,23,37278
1030000,8192,0,0,0,263675904,0,263684096,0,6565,11.9793,4647,532,0x0000000000,425,2047,0,26,37304,6565,11.9793,4647,26,37304
1031000,8192,0,0,0,263929856,0,263938048,0,6542,11.9562,4667,524,0x0000000000,416,1973,0,25,37329,6542,11.9562,4667,25,37329
1032000,8192,0,0,0,264192000,0,264200192,0,6583,11.9938,4719,508,0x0000000000,0,0,0,34,37363,6583,11.9938,4719,34,37363
1033000,8192,0,0,0,264445952,0,264454144,0,6563,11.9840,4581,521,0x0000000000,434,1942,0,22,37385,6563,11.9840,4581,22,37385
1034000,8192,0,0,0,264699904,0,264708096,0,6565,11.9675,4622,538,0x0000000000,400,2046,0,31,37416,6565,11.9675,4622,31,37416
1035000,8192,0,0,0,264953856,0,264962048,0,6521,11.9360,4661,563,0x0000000000,406,2021,0,35,37451,6521,11.9360,4661,35,37451
1036000,8192,0,0,0,265216000,0,265224192,0,6571,11.9938,4678,514,0x0000000000,0,0,0,28,37479,6571,11.9938,4678,28,37479
1037000,8192,0,0,0,265469952,0,265478144,0,6560,11.9543,4664,550,0x0000000000,406,2009,0,22,37501,6560,11.9543,4664,22,37501
1038000,8192,0,0,0,265723904,0,265732096,0,6588,11.9983,4697,503,0x0000000000,401,2011,0,23,37524,6588,11.9983,4697,23,37524
1039000,8192,0,0,0,265977856,0,265986048,0,6581,11.9874,4625,526,0x0000000000,391,2038,0,23,37547,6581,11.9874,4625,23,37547
1040000,8192,0,0,0,266240000,0,266248192,0,6549,11.9463,4624,542,0x0000000000,0,0,0,18,37565,6549,11.9463,4624,18,37565
1041000,8192,0,0,0,266493952,0,266502144,0,6615,12.0390,4631,473,0x0000000000,406,2036,0,30,37595,6615,12.0390,4631,30,37595
1042000,8192,0,0,0,266747904,0,266756096,0,6557,11.9819,4654,528,0x0000000000,419,2072,0,31,37626,6557,11.9819,4654,31,37626
1043000,8192,0,0,0,267001856,0,267010048,0,6582,11.9771,4656,520,0x0000000000,410,2056,0,24,37650,6582,11.9771,4656,24,37650
1044000,8192,0,0,0,267264000,0,267272192,0,6608,11.9970,4669,529,0x0000000000,0,0,0,30,37680,6608,11.9970,4669,30,37680
1045000,8192,0,0,0,267517952,0,267526144,0,6529,11.9542,4674,532,0x0000000000,469,2078,0,19,37699,6529,11.9542,4674,19,37699
1046000,8192,0,0,0,267771904,0,267780096,0,6469,11.9213,4562,536,0x0000000000,414,2029,0,27,37726,6469,11.9213,4562,27,37726
1047000,8192,0,0,0,268025856,0,268034048,0,6566,11.9479,4682,558,0x0000000000,393,2012,0,21,37747,6566,11.9479,4682,21,37747
1048000,8192,0,0,0,268288000,0,268296192,0,6518,11.9359,4601,545,0x0000000000,0,0,0,21,37768,6518,11.9359,4601,21,37768
1049000,8192,0,0,0,268541952,0,268550144,0,6531,11.9705,4575,534,0x0000000000,427,1958,0,29,37797,6531,11.9705,4575,29,37797
1050000,8192,0,0,0,268795904,0,268804096,0,6610,12.0049,4672,510,0x0000000000,425,2107,0,32,37829,6610,12.0049,4672,32,37829
1051000,8192,0,0,0,269049856,0,269058048,0,6571,11.9779,4670,537,0x0000000000,414,2056,0,26,37855,6571,11.9779,4670,26,37855
1052000,8192,0,0,0,269312000,0,269320192,0,6570,11.9792,4609,525,0x0000000000,0,0,0,26,37881,6570,11.9792,4609,26,37881
1053000,8192,0,0,0,269565952,0,269574144,0,6576,12.0146,4677,489,0x0000000000,381,1953,0,24,37905,6576,12.0146,4677,24,37905
1054000,8192,0,0,0,269819904,0,269828096,0,6586,11.9666,4624,543,0x0000000000,420,1977,0,20,37925,6586,11.9666,4624,20,37925
1055000,8192,0,0,0,270073856,0,270082048,0,6573,11.9975,4691,515,0x0000000000,371,2035,0,28,37953,6573,11.9975,4691,28,37953
1056000,8192,0,0,0,270336000,0,270344192,0,6593,11.9993,4693,518,0x0000000000,0,0,0,20,37973,6593,11.9993,4693,20,37973
1057000,8192,0,0,0,270589952,0,270598144,0,6594,11.9872,4717,529,0x0000000000,445,2038,0,17,37990,6594,11.9872,4717,17,37990
1058000,8192,0,0,0,270843904,0,270852096,0,6506,11.9437,4630,527,0x0000000000,385,2009,0,20,38010,6506,11.9437,4630,20,38010
1059000,8192,0,0,0,271097856,0,271106048,0,6517,11.9301,4607,555,0x0000000000,410,1978,0,25,38035,6517,11.9301,4607,25,38035
1060000,8192,0,0,0,271360000,0,271368192,0,6569,11.9767,4662,529,0x0000000000,0,0,0,30,38065,6569,11.9767,4662,30,38065
1061000,8192,0,0,0,271613952,0,271622144,0,6557,11.9552,4645,543,0x0000000000,433,1996,0,20,38085,6557,11.9552,4645,20,38085
1062000,8192,0,0,0,271867904,0,271876096,0,6476,11.8759,4566,597,0x0000000000,419,2018,0,24,38109,6476,11.8759,4566,24,38109
1063000,8192,0,0,0,272121856,0,272130048,0,6604,12.0025,4703,515,0x0000000000,423,2049,0,33,38142,6604,12.0025,4703,33,38142
1064000,8192,0,0,0,272384000,0,272392192,0,6501,11.9272,4670,538,0x0000000000,0,0,0,27,38169,6501,11.9272,4670,27,38169
1065000,8192,0,0,0,272637952,0,272646144,0,6556,11.9842,4651,516,0x0000000000,416,2056,0,25,38194,6556,11.9842,4651,25,38194
1066000,8192,0,0,0,272891904,0,272900096,0,6592,11.9772,4636,530,0x0000000000,396,2055,0,24,38218,6592,11.9772,4636,24,38218
1067000,8192,0,0,0,273145856,0,273154048,0,6584,11.9668,4688,549,0x0000000000,454,2048,0,20,38238,6584,11.9668,4688,20,38238
1068000,8192,0,0,0,273408000,0,273416192,0,6572,11.9853,4632,527,0x0000000000,0,0,0,32,38270,6572,11.9853,4632,32,38270
1069000,8192,0,0,0,273661952,0,273670144,0,6511,11.9396,4625,545,0x0000000000,445,2119,0,32,38302,6511,11.9396,4625,32,38302
1070000,8192,0,0,0,273915904,0,273924096,0,6556,11.9884,4636,510,0x0000000000,406,2086,0,30,38332,6556,11.9884,4636,30,38332
1071000,8192,0,0,0,274169856,0,274178048,0,6525,11.9382,4611,563,0x0000000000,423,1878,0,28,38360,6525,11.9382,4611,28,38360
1072000,8192,0,0,0,274432000,0,274440192,0,6596,12.0079,4656,511,0x0000000000,0,0,0,28,38388,6596,12.0079,4656,28,38388
1073000,8192,0,0,0,274685952,0,274694144,0,6560,11.9799,4606,518,0x0000000000,432,2010,0,25,38413,6560,11.9799,4606,25,38413
1074000,8192,0,0,0,274939904,0,274948096,0,6524,11.9691,4534,516,0x0000000000,414,1993,0,19,38432,6524,11.9691,4534,19,38432
1075000,8192,0,0,0,275193856,0,275202048,0,6597,12.0039,4706,522,0x0000000000,377,2089,0,22,38454,6597,12.0039,4706,22,38454
1076000,8192,0,0,0,275456000,0,275464192,0,6575,11.9708,4725,541,0x0000000000,0,0,0,27,38481,6575,11.9708,4725,27,38481
1077000,8192,0,0,0,275709952,0,275718144,0,6581,11.9814,4654,523,0x0000000000,413,2026,0,28,38509,6581,11.9814,4654,28,38509
1078000,8192,0,0,0,275963904,0,275972096,0,6595,11.9651,4630,559,0x0000000000,421,2060,0,26,38535,6595,11.9651,4630,26,38535
1079000,8192,0,0,0,276217856,0,276226048,0,6563,11.9536,4659,557,0x0000000000,385,2044,0,26,38561,6563,11.9536,4659,26,38561
1080000,8192,0,0,0,276480000,0,276488192,0,6547,11.9703,4609,526,0x0000000000,0,0,0,23,38584,6547,11.9703,4609,23,38584
1081000,8192,0,0,0,276733952,0,276742144,0,6567,11.9277,4631,569,0x0000000000,438,2018,0,24,38608,6567,11.9277,4631,24,38608
1082000,8192,0,0,0,276987904,0,276996096,0,6563,11.9594,4632,545,0x0000000000,397,2049,0,21,38629,6563,11.9594,4632,21,38629
1083000,8192,0,0,0,277241856,0,277250048,0,6553,11.9567,4629,546,0x0000000000,468,2051,0,26,38655,6553,11.9567,4629,26,38655
1084000,8192,0,0,0,277504000,0,277512192,0,6522,11.9525,4590,528,0x0000000000,0,0,0,14,38669,6522,11.9525,4590,14,38669
1085000,8192,0,0,0,277757952,0,277766144,0,6582,11.9954,4671,520,0x0000000000,379,2038,0,19,38688,6582,11.9954,4671,19,38688
1086000,8192,0,0,0,278011904,0,278020096,0,6515,11.9116,4628,578,0x0000000000,405,2004,0,21,38709,6515,11.9116,4628,21,38709
1087000,8192,0,0,0,278265856,0,278274048,0,6541,11.9925,4654,497,0x0000000000,394,2048,0,27,38736,6541,11.9925,4654,27,38736
1088000,8192,0,0,0,278528000,0,278536192,0,6553,11.9771,4618,518,0x0000000000,0,0,0,25,38761,6553,11.9771,4618,25,38761
1089000,8192,0,0,0,278781952,0,278790144,0,6589,11.9690,4707,551,0x0000000000,414,2031,0,27,38788,6589,11.9690,4707,27,38788
1090000,8192,0,0,0,279035904,0,279044096,0,6608,12.0302,4661,493,0x0000000000,400,2042,0,25,38813,6608,12.0302,4661,25,38813
1091000,8192,0,0,0,279289856,0,279298048,0,6547,11.9425,4658,554,0x0000000000,381,1965,0,17,38830,6547,11.9425,4658,17,38830
1092000,8192,0,0,0,279552000,0,279560192,0,6572,11.9524,4743,563,0x0000000000,0,0,0,17,38847,6572,11.9524,4743,17,38847
1093000,8192,0,0,0,279805952,0,279814144,0,6478,11.9210,4541,555,0x0000000000,376,1998,0,28,38875,6478,11.9210,4541,28,38875
1094000,8192,0,0,0,280059904,0,280068096,0,6577,11.9763,4700,535,0x0000000000,427,2036,0,29,38904,6577,11.9763,4700,29,38904
1095000,8192,0,0,0,280313856,0,280322048,0,6550,11.9890,4644,496,0x0000000000,436,2051,0,25,38929,6550,11.9890,4644,25,38929
1096000,8192,0,0,0,280576000,0,280584192,0,6617,12.0194,4670,509,0x0000000000,0,0,0,28,38957,6617,12.0194,4670,28,38957
1097000,8192,0,0,0,280829952,0,280838144,0,6498,11.9167,4567,560,0x0000000000,437,2085,0,22,38979,6498,11.9167,4567,22,38979
1098000,8192,0,0,0,281083904,0,281092096,0,6561,11.9508,4624,546,0x0000000000,427,2046,0,27,39006,6561,11.9508,4624,27,39006
1099000,8192,0,0,0,281337856,0,281346048,0,6557,11.9190,4685,585,0x0000000000,399,2040,0,29,39035,6557,11.9190,4685,29,39035
1100000,8192,0,0,0,281600000,0,281608192,0,6567,11.9703,4658,535,0x0000000000,0,0,0,24,39059,6567,11.9703,4658,24,39059
1101000,8192,0,0,0,281853952,0,281862144,0,6540,11.9325,4682,564,0x0000000000,430,2022,0,25,39084,6540,11.9325,4682,25,39084
1102000,8192,0,0,0,282107904,0,282116096,0,6502,11.9163,4617,564,0x0000000000,435,2030,0,24,39108,6502,11.9163,4617,24,39108
1103000,8192,0,0,0,282361856,0,282370048,0,6588,11.9898,4633,521,0x0000000000,395,2025,0,23,39131,6588,11.9898,4633,23,39131
1104000,8192,0,0,0,282624000,0,282632192,0,6583,11.9824,4664,534,0x0000000000,0,0,0,18,39149,6583,11.9824,4664,18,39149
1105000,8192,0,0,0,282877952,0,282886144,0,6498,11.8923,4653,573,0x0000000000,403,2040,0,22,39171,6498,11.8923,4653,22,39171
1106000,8192,0,0,0,283131904,0,283140096,0,6526,11.9643,4577,514,0x0000000000,404,2034,0,30,39201,6526,11.9643,4577,30,39201
1107000,8192,0,0,0,283385856,0,283394048,0,6552,11.9638,4581,539,0x0000000000,434,1971,0,23,39224,6552,11.9638,4581,23,39224
1108000,8192,0,0,0,283648000,0,283656192,0,6545,11.9847,4644,507,0x0000000000,0,0,0,30,39254,6545,11.9847,4644,30,39254
1109000,8192,0,0,0,283901952,0,283910144,0,6513,11.9374,4564,543,0x0000000000,430,2019,0,27,39281,6513,11.9374,4564,27,39281
1110000,8192,0,0,0,284155904,0,284164096,0,6570,11.9808,4612,516,0x0000000000,353,2086,0,25,39306,6570,11.9808,4612,25,39306
1111000,8192,0,0,0,284409856,0,284418048,0,6642,12.0061,4677,528,0x0000000000,422,2049,0,33,39339,6642,12.0061,4677,33,39339
1112000,8192,0,0,0,284672000,0,284680192,0,6572,11.9699,4672,529,0x0000000000,0,0,0,21,39360,6572,11.9699,4672,21,39360
1113000,8192,0,0,0,284925952,0,284934144,0,6618,11.9975,4732,521,0x0000000000,446,2093,0,29,39389,6618,11.9975,4732,29,39389
1114000,8192,0,0,0,285179904,0,285188096,0,6526,11.9424,4623,547,0x0000000000,386,2012,0,25,39414,6526,11.9424,4623,25,39414
1115000,8192,0,0,0,285433856,0,285442048,0,6515,11.9247,4608,560,0x0000000000,427,2005,0,23,39437,6515,11.9247,4608,23,39437
1116000,8192,0,0,0,285696000,0,285704192,0,6556,11.9786,4591,510,0x0000000000,0,0,0,25,39462,6556,11.9786,4591,25,39462
1117000,8192,0,0,0,285949952,0,285958144,0,6594,11.9712,4641,540,0x0000000000,425,2072,0,23,39485,6594,11.9712,4641,23,39485
1118000,8192,0,0,0,286203904,0,286212096,0,6573,11.9684,4588,550,0x0000000000,414,2020,0,28,39513,6573,11.9684,4588,28,39513
1119000,8192,0,0,0,286457856,0,286466048,0,6617,12.0341,4648,493,0x0000000000,425,2045,0,25,39538,6617,12.0341,4648,25,39538
1120000,8192,0,0,0,286720000,0,286728192,0,6586,11.9657,4651,545,0x0000000000,0,0,0,23,39561,6586,11.9657,4651,23,39561
1121000,8192,0,0,0,286973952,0,286982144,0,6584,11.9922,4680,521,0x0000000000,417,1996,0,27,39588,6584,11.9922,4680,27,39588
1122000,8192,0,0,0,287227904,0,287236096,0,6561,11.9832,4620,519,0x0000000000,435,1987,0,32,39620,6561,11.9832,4620,32,39620
1123000,8192,0,0,0,287481856,0,287490048,0,6598,11.9734,4641,538,0x0000000000,396,1993,0,13,39633,6598,11.9734,4641,13,39633
1124000,8192,0,0,0,287744000,0,287752192,0,6555,11.9624,4678,533,0x0000000000,0,0,0,22,39655,6555,11.9624,4678,22,39655
1125000,8192,0,0,0,287997952,0,288006144,0,6574,12.0253,4674,474,0x0000000000,391,2079,0,30,39685,6574,12.0253,4674,30,39685
1126000,8192,0,0,0,288251904,0,288260096,0,6564,11.9729,4623,520,0x0000000000,395,1975,0,19,39704,6564,11.9729,4623,19,39704
1127000,8192,0,0,0,288505856,0,288514048,0,6599,11.9762,4692,552,0x0000000000,390,2108,0,17,39721,6599,11.9762,4692,17,39721
1128000,8192,0,0,0,288768000,0,288776192,0,6563,11.9587,4617,539,0x0000000000,0,0,0,25,39746,6563,11.9587,4617,25,39746
1129000,8192,0,0,0,289021952,0,289030144,0,6537,11.9497,4610,548,0x0000000000,422,2075,0,23,39769,6537,11.9497,4610,23,39769
1130000,8192,0,0,0,289275904,0,289284096,0,6608,12.0212,4646,491,0x0000000000,456,2005,0,27,39796,6608,12.0212,4646,27,39796
1131000,8192,0,0,0,289529856,0,289538048,0,6527,11.9627,4546,527,0x0000000000,418,1973,0,27,39823,6527,11.9627,4546,27,39823
1132000,8192,0,0,0,289792000,0,289800192,0,6565,11.9868,4656,523,0x0000000000,0,0,0,19,39842,6565,11.9868,4656,19,39842
1133000,8192,0,0,0,290045952,0,290054144,0,6495,11.9065,4559,569,0x0000000000,399,2018,0,28,39870,6495,11.9065,4559,28,39870
1134000,8192,0,0,0,290299904,0,290308096,0,6620,12.0375,4590,496,0x0000000000,359,1987,0,29,39899,6620,12.0375,4590,29,39899
1135000,8192,0,0,0,290553856,0,290562048,0,6571,11.9807,4612,519,0x0000000000,392,1961,0,30,39929,6571,11.9807,4612,30,39929
1136000,8192,0,0,0,290816000,0,290824192,0,6557,11.9956,4561,495,0x0000000000,0,0,0,20,39949,6557,11.9956,4561,20,39949
1137000,8192,0,0,0,291069952,0,291078144,0,6573,11.9860,4618,514,0x0000000000,416,1972,0,24,39973,6573,11.9860,4618,24,39973
1138000,8192,0,0,0,291323904,0,291332096,0,6544,11.9717,4614,531,0x0000000000,404,1976,0,23,39996,6544,11.9717,4614,23,39996
1139000,8192,0,0,0,291577856,0,291586048,0,6532,11.9352,4586,561,0x0000000000,417,1959,0,24,40020,6532,11.9352,4586,24,40020
1140000,8192,0,0,0,291840000,0,291848192,0,6586,11.9486,4694,584,0x0000000000,0,0,0,31,40051,6586,11.9486,4694,31,40051
1141000,8192,0,0,0,292093952,0,292102144,0,6582,11.9967,4609,522,0x0000000000,415,2034,0,26,40077,6582,11.9967,4609,26,40077
1142000,8192,0,0,0,292347904,0,292356096,0,6591,12.0144,4607,493,0x0000000000,389,2085,0,30,40107,6591,12.0144,4607,30,40107
1143000,8192,0,0,0,292601856,0,292610048,0,6543,11.9594,4582,531,0x0000000000,396,2027,0,26,40133,6543,11.9594,4582,26,40133
1144000,8192,0,0,0,292864000,0,292872192,0,6565,11.9800,4614,515,0x0000000000,0,0,0,18,40151,6565,11.9800,4614,18,40151
1145000,8192,0,0,0,293117952,0,293126144,0,6554,11.9781,4603,517,0x0000000000,411,1996,0,28,40179,6554,11.9781,4603,28,40179
1146000,8192,0,0,0,293371904,0,293380096,0,6497,11.9173,4519,548,0x0000000000,406,1920,0,34,40213,6497,11.9173,4519,34,40213
1147000,8192,0,0,0,293625856,0,293634048,0,6590,11.9722,4605,537,0x0000000000,427,1944,0,29,40242,6590,11.9722,4605,29,40242
1148000,8192,0,0,0,293888000,0,293896192,0,6525,11.9325,4629,548,0x0000000000,0,0,0,25,40267,6525,11.9325,4629,25,40267
1149000,8192,0,0,0,294141952,0,294150144,0,6522,11.9393,4600,546,0x0000000000,430,2040,0,31,40298,6522,11.9393,4600,31,40298
1150000,8192,0,0,0,294395904,0,294404096,0,6519,11.9450,4628,539,0x0000000000,397,2017,0,13,40311,6519,11.9450,4628,13,40311
1151000,8192,0,0,0,294649856,0,294658048,0,6574,11.9711,4679,544,0x0000000000,414,2026,0,28,40339,6574,11.9711,4679,28,40339
1152000,8192,0,0,0,294912000,0,294920192,0,6603,11.9993,4615,527,0x0000000000,0,0,0,26,40365,6603,11.9993,4615,26,40365
1153000,8192,0,0,0,295165952,0,295174144,0,6530,11.9624,4594,524,0x0000000000,415,1991,0,31,40396,6530,11.9624,4594,31,40396
1154000,8192,0,0,0,295419904,0,295428096,0,6541,11.9560,4607,526,0x0000000000,442,1995,0,28,40424,6541,11.9560,4607,28,40424
1155000,8192,0,0,0,295673856,0,295682048,0,6533,11.9638,4613,537,0x0000000000,441,1964,0,18,40442,6533,11.9638,4613,18,40442
1156000,8192,0,0,0,295936000,0,295944192,0,6564,11.9901,4661,508,0x0000000000,0,0,0,16,40458,6564,11.9901,4661,16,40458
1157000,8192,0,0,0,296189952,0,296198144,0,6562,11.9796,4573,511,0x0000000000,432,2116,0,18,40476,6562,11.9796,4573,18,40476
1158000,8192,0,0,0,296443904,0,296452096,0,6531,11.9658,4531,526,0x0000000000,402,2019,0,27,40503,6531,11.9658,4531,27,40503
1159000,8192,0,0,0,296697856,0,296706048,0,6511,11.9084,4555,579,0x0000000000,407,1982,0,18,40521,6511,11.9084,4555,18,40521
1160000,8192,0,0,0,296960000,0,296968192,0,6603,12.0193,4678,503,0x0000000000,0,0,0,23,40544,6603,12.0193,4678,23,40544
1161000,8192,0,0,0,297213952,0,297222144,0,6593,11.9935,4648,532,0x0000000000,443,2095,0,22,40566,6593,11.9935,4648,22,40566
1162000,8192,0,0,0,297467904,0,297476096,0,6531,11.9457,4545,539,0x0000000000,418,1972,0,19,40585,6531,11.9457,4545,19,40585
1163000,8192,0,0,0,297721856,0,297730048,0,6571,11.9738,4639,527,0x0000000000,403,2051,0,22,40607,6571,11.9738,4639,22,40607
1164000,8192,0,0,0,297984000,0,297992192,0,6490,11.9145,4496,563,0x0000000000,0,0,0,20,40627,6490,11.9145,4496,20,40627
1165000,8192,0,0,0,298237952,0,298246144,0,6602,11.9868,4570,540,0x0000000000,396,2031,0,27,40654,6602,11.9868,4570,27,40654
1166000,8192,0,0,0,298491904,0,298500096,0,6614,12.0275,4643,495,0x0000000000,431,2076,0,21,40675,6614,12.0275,4643,21,40675
1167000,8192,0,0,0,298745856,0,298754048,0,6571,11.9815,4651,528,0x0000000000,429,2027,0,19,40694,6571,11.9815,4651,19,40694
1168000,8192,0,0,0,299008000,0,299016192,0,6574,11.9644,4584,549,0x0000000000,0,0,0,23,40717,6574,11.9644,4584,23,40717
1169000,8192,0,0,0,299261952,0,299270144,0,6544,11.9900,4550,496,0x0000000000,399,2022,0,27,40744,6544,11.9900,4550,27,40744
1170000,8192,0,0,0,299515904,0,299524096,0,6593,12.0259,4678,473,0x0000000000,385,2067,0,27,40771,6593,12.0259,4678,27,40771
1171000,8192,0,0,0,299769856,0,299778048,0,6547,11.9793,4589,520,0x0000000000,443,2075,0,32,40803,6547,11.9793,4589,32,40803
1172000,8192,0,0,0,300032000,0,300040192,0,6572,12.0022,4591,488,0x0000000000,0,0,0,20,40823,6572,12.0022,4591,20,40823
1173000,8192,0,0,0,300285952,0,300294144,0,6579,12.0067,4608,506,0x0000000000,442,2035,0,30,40853,6579,12.0067,4608,30,40853
1174000,8192,0,0,0,300539904,0,300548096,0,6619,12.0086,4693,520,0x0000000000,410,2053,0,25,40878,6619,12.0086,4693,25,40878
1175000,8192,0,0,0,300793856,0,300802048,0,6535,11.9461,4489,547,0x0000000000,419,1935,0,27,40905,6535,11.9461,4489,27,40905
1176000,8192,0,0,0,301056000,0,301064192,0,6569,11.9881,4594,514,0x0000000000,0,0,0,21,40926,6569,11.9881,4594,21,40926
1177000,8192,0,0,0,301309952,0,301318144,0,6536,11.9809,4574,515,0x0000000000,427,1967,0,26,40952,6536,11.9809,4574,26,40952
1178000,8192,0,0,0,301563904,0,301572096,0,6538,11.9143,4561,576,0x0000000000,435,1972,0,26,40978,6538,11.9143,4561,26,40978
1179000,8192,0,0,0,301817856,0,301826048,0,6609,12.0177,4595,490,0x0000000000,374,2068,0,23,41001,6609,12.0177,4595,23,41001
1180000,8192,0,0,0,302080000,0,302088192,0,6510,11.9227,4575,549,0x0000000000,0,0,0,15,41016,6510,11.9227,4575,15,41016
1181000,8192,0,0,0,302333952,0,302342144,0,6551,11.9729,4544,527,0x0000000000,416,1951,0,23,41039,6551,11.9729,4544,23,41039
1182000,8192,0,0,0,302587904,0,302596096,0,6631,12.0305,4682,519,0x0000000000,432,2068,0,27,41066,6631,12.0305,4682,27,41066
1183000,8192,0,0,0,302841856,0,302850048,0,6546,11.9699,4617,525,0x0000000000,417,2056,0,27,41093,6546,11.9699,4617,27,41093
1184000,8192,0,0,0,303104000,0,303112192,0,6628,12.0236,4693,516,0x0000000000,0,0,0,22,41115,6628,12.0236,4693,22,41115
1185000,8192,0,0,0,303357952,0,303366144,0,6590,12.0090,4608,501,0x0000000000,427,2019,0,21,41136,6590,12.0090,4608,21,41136
1186000,8192,0,0,0,303611904,0,303620096,0,6548,11.9526,4568,553,0x0000000000,403,1975,0,14,41150,6548,11.9526,4568,14,41150
1187000,8192,0,0,0,303865856,0,303874048,0,6532,11.9747,4573,505,0x0000000000,370,2025,0,18,41168,6532,11.9747,4573,18,41168
1188000,8192,0,0,0,304128000,0,304136192,0,6599,11.9744,4634,548,0x0000000000,0,0,0,16,41184,6599,11.9744,4634,16,41184
1189000,8192,0,0,0,304381952,0,304390144,0,6521,11.9305,4526,557,0x0000000000,397,1998,0,24,41208,6521,11.9305,4526,24,41208
1190000,8192,0,0,0,304635904,0,304644096,0,6583,11.9671,4626,560,0x0000000000,412,2022,0,22,41230,6583,11.9671,4626,22,41230
1191000,8192,0,0,0,304889856,0,304898048,0,6575,11.9747,4596,543,0x0000000000,389,2038,0,17,41247,6575,11.9747,4596,17,41247
1192000,8192,0,0,0,305152000,0,305160192,0,6576,12.0165,4620,497,0x0000000000,0,0,0,27,41274,6576,12.0165,4620,27,41274
1193000,8192,0,0,0,305405952,0,305414144,0,6596,11.9765,4601,542,0x0000000000,387,2005,0,27,41301,6596,11.9765,4601,27,41301
1194000,8192,0,0,0,305659904,0,305668096,0,6502,11.9175,4550,572,0x0000000000,410,1976,0,31,41332,6502,11.9175,4550,31,41332
1195000,8192,0,0,0,305913856,0,305922048,0,6586,12.0248,4593,489,0x0000000000,425,2104,0,42,41374,6586,12.0248,4593,42,41374
1196000,8192,0,0,0,306176000,0,306184192,0,6513,11.9461,4594,544,0x0000000000,0,0,0,21,41395,6513,11.9461,4594,21,41395
1197000,8192,0,0,0,306429952,0,306438144,0,6586,11.9981,4607,515,0x0000000000,403,2032,0,21,41416,6586,11.9981,4607,21,41416
1198000,8192,0,0,0,306683904,0,306692096,0,6545,11.9873,4538,502,0x0000000000,379,2008,0,19,41435,6545,11.9873,4538,19,41435
1199000,8192,0,0,0,306937856,0,306946048,0,6538,11.9140,4549,573,0x0000000000,388,2025,0,13,41448,6538,11.9140,4549,13,41448
1200000,8192,0,0,0,307200000,0,307208192,0,6564,11.9580,4591,545,0x0000000000,0,0,0,18,41466,6564,11.9580,4591,18,41466
1201000,8192,0,0,0,307453952,0,307462144,0,6588,11.9960,4632,520,0x0000000000,402,2077,0,33,41499,6588,11.9960,4632,33,41499
1202000,8192,0,0,0,307707904,0,307716096,0,6542,11.9431,4529,544,0x0000000000,451,2030,0,20,41519,6542,11.9431,4529,20,41519
1203000,8192,0,0,0,307961856,0,307970048,0,6593,11.9724,4605,546,0x0000000000,410,2035,0,22,41541,6593,11.9724,4605,22,41541
1204000,8192,0,0,0,308224000,0,308232192,0,6507,11.9362,4534,546,0x0000000000,0,0,0,31,41572,6507,11.9362,4534,31,41572
1205000,8192,0,0,0,308477952,0,308486144,0,6554,11.9028,4599,608,0x0000000000,420,1987,0,21,41593,6554,11.9028,4599,21,41593
1206000,8192,0,0,0,308731904,0,308740096,0,6586,11.9749,4615,536,0x0000000000,450,2054,0,18,41611,6586,11.9749,4615,18,41611
1207000,8192,0,0,0,308985856,0,308994048,0,6573,11.9732,4564,540,0x0000000000,423,2015,0,19,41630,6573,11.9732,4564,19,41630
1208000,8192,0,0,0,309248000,0,309256192,0,6528,11.9421,4500,551,0x0000000000,0,0,0,27,41657,6528,11.9421,4500,27,41657
1209000,8192,0,0,0,309501952,0,309510144,0,6500,11.9388,4511,531,0x0000000000,410,2023,0,25,41682,6500,11.9388,4511,25,41682
1210000,8192,0,0,0,309755904,0,309764096,0,6603,12.0015,4622,508,0x0000000000,422,2131,0,29,41711,6603,12.0015,4622,29,41711
1211000,8192,0,0,0,310009856,0,310018048,0,6559,11.9454,4590,560,0x0000000000,425,2055,0,27,41738,6559,11.9454,4590,27,41738
1212000,8192,0,0,0,310272000,0,310280192,0,6548,11.9250,4550,554,0x0000000000,0,0,0,20,41758,6548,11.9250,4550,20,41758
1213000,8192,0,0,0,310525952,0,310534144,0,6509,11.9367,4526,550,0x0000000000,418,2006,0,31,41789,6509,11.9367,4526,31,41789
1214000,8192,0,0,0,310779904,0,310788096,0,6562,11.9970,4561,506,0x0000000000,413,2068,0,24,41813,6562,11.9970,4561,24,41813
1215000,8192,0,0,0,311033856,0,311042048,0,6566,11.9978,4611,509,0x0000000000,418,2033,0,21,41834,6566,11.9978,4611,21,41834
1216000,8192,0,0,0,311296000,0,311304192,0,6568,11.9673,4672,548,0x0000000000,0,0,0,17,41851,6568,11.9673,4672,17,41851
1217000,8192,0,0,0,311549952,0,311558144,0,6574,11.9793,4569,539,0x0000000000,391,1944,0,31,41882,6574,11.9793,4569,31,41882
1218000,8192,0,0,0,311803904,0,311812096,0,6520,11.9785,4471,512,0x0000000000,408,1975,0,34,41916,6520,11.9785,4471,34,41916
1219000,8192,0,0,0,312057856,0,312066048,0,6504,11.9328,4496,548,0x0000000000,435,2018,0,28,41944,6504,11.9328,4496,28,41944
1220000,8192,0,0,0,312320000,0,312328192,0,6536,11.9460,4615,544,0x0000000000,0,0,0,32,41976,6536,11.9460,4615,32,41976
1221000,8192,0,0,0,312573952,0,312582144,0,6543,11.9652,4568,533,0x0000000000,355,1999,0,25,42001,6543,11.9652,4568,25,42001
1222000,8192,0,0,0,312827904,0,312836096,0,6499,11.9545,4576,512,0x0000000000,416,1974,0,25,42026,6499,11.9545,4576,25,42026
1223000,8192,0,0,0,313081856,0,313090048,0,6591,12.0111,4633,507,0x0000000000,421,1946,0,25,42051,6591,12.0111,4633,25,42051
1224000,8192,0,0,0,313344000,0,313352192,0,6578,11.9849,4540,522,0x0000000000,0,0,0,26,42077,6578,11.9849,4540,26,42077
1225000,8192,0,0,0,313597952,0,313606144,0,6620,11.9723,4575,570,0x0000000000,387,2025,0,24,42101,6620,11.9723,4575,24,42101
1226000,8192,0,0,0,313851904,0,313860096,0,6575,11.9900,4548,525,0x0000000000,417,2046,0,33,42134,6575,11.9900,4548,33,42134
1227000,8192,0,0,0,314105856,0,314114048,0,6580,11.9876,4604,516,0x0000000000,420,2049,0,27,42161,6580,11.9876,4604,27,42161
1228000,8192,0,0,0,314368000,0,314376192,0,6554,11.9952,4583,497,0x0000000000,0,0,0,17,42178,6554,11.9952,4583,17,42178
1229000,8192,0,0,0,314621952,0,314630144,0,6574,11.9758,4584,534,0x0000000000,418,1987,0,23,42201,6574,11.9758,4584,23,42201
1230000,8192,0,0,0,314875904,0,314884096,0,6547,11.9781,4513,513,0x0000000000,424,1996,0,24,42225,6547,11.9781,4513,24,42225
1231000,8192,0,0,0,315129856,0,315138048,0,6524,11.9109,4524,583,0x0000000000,415,2034,0,31,42256,6524,11.9109,4524,31,42256
1232000,8192,0,0,0,315392000,0,315400192,0,6552,11.9448,4566,558,0x0000000000,0,0,0,23,42279,6552,11.9448,4566,23,42279
1233000,8192,0,0,0,315645952,0,315654144,0,6517,11.9352,4525,561,0x0000000000,410,2014,0,19,42298,6517,11.9352,4525,19,42298
1234000,8192,0,0,0,315899904,0,315908096,0,6507,11.9021,4546,565,0x0000000000,396,2052,0,13,42311,6507,11.9021,4546,13,42311
1235000,8192,0,0,0,316153856,0,316162048,0,6533,11.9551,4570,536,0x0000000000,424,1978,0,18,42329,6533,11.9551,4570,18,42329
1236000,8192,0,0,0,316416000,0,316424192,0,6564,11.9715,4622,514,0x0000000000,0,0,0,27,42356,6564,11.9715,4622,27,42356
1237000,8192,0,0,0,316669952,0,316678144,0,6508,11.9278,4544,546,0x0000000000,433,2013,0,18,42374,6508,11.9278,4544,18,42374
1238000,8192,0,0,0,316923904,0,316932096,0,6535,11.9566,4580,533,0x0000000000,406,1970,0,24,42398,6535,11.9566,4580,24,42398
1239000,8192,0,0,0,317177856,0,317186048,0,6477,11.9063,4513,560,0x0000000000,426,2026,0,21,42419,6477,11.9063,4513,21,42419
1240000,8192,0,0,0,317440000,0,317448192,0,6524,11.9438,4498,543,0x0000000000,0,0,0,25,42444,6524,11.9438,4498,25,42444
1241000,8192,0,0,0,317693952,0,317702144,0,6613,12.0097,4599,509,0x0000000000,420,2057,0,25,42469,6613,12.0097,4599,25,42469
1242000,8192,0,0,0,317947904,0,317956096,0,6593,12.0073,4580,499,0x0000000000,402,1971,0,26,42495,6593,12.0073,4580,26,42495
1243000,8192,0,0,0,318201856,0,318210048,0,6572,11.9857,4624,529,0x0000000000,381,2096,0,30,42525,6572,11.9857,4624,30,42525
1244000,8192,0,0,0,318464000,0,318472192,0,6519,11.9156,4523,567,0x0000000000,0,0,0,31,42556,6519,11.9156,4523,31,42556
1245000,8192,0,0,0,318717952,0,318726144,0,6622,11.9995,4696,527,0x0000000000,409,1993,0,26,42582,6622,11.9995,4696,26,42582
1246000,8192,0,0,0,318971904,0,318980096,0,6577,11.9449,4545,573,0x0000000000,382,1968,0,26,42608,6577,11.9449,4545,26,42608
1247000,8192,0,0,0,319225856,0,319234048,0,6588,12.0048,4559,506,0x0000000000,397,2034,0,25,42633,6588,12.0048,4559,25,42633
1248000,8192,0,0,0,319488000,0,319496192,0,6575,11.9720,4653,548,0x0000000000,0,0,0,11,42644,6575,11.9720,4653,11,42644
1249000,8192,0,0,0,319741952,0,319750144,0,6519,11.9407,4516,551,0x0000000000,405,1957,0,26,42670,6519,11.9407,4516,26,42670
1250000,8192,0,0,0,319995904,0,320004096,0,6579,11.9776,4542,525,0x0000000000,422,2039,0,12,42682,6579,11.9776,4542,12,42682
1251000,8192,0,0,0,320249856,0,320258048,0,6588,12.0051,4659,505,0x0000000000,421,2097,0,30,42712,6588,12.0051,4659,30,42712
1252000,8192,0,0,0,320512000,0,320520192,0,6579,11.9956,4607,511,0x0000000000,0,0,0,23,42735,6579,11.9956,4607,23,42735
1253000,8192,0,0,0,320765952,0,320774144,0,6563,11.9851,4574,519,0x0000000000,414,2029,0,28,42763,6563,11.9851,4574,28,42763
1254000,8192,0,0,0,321019904,0,321028096,0,6554,11.9782,4499,534,0x0000000000,408,2003,0,21,42784,6554,11.9782,4499,21,42784
1255000,8192,0,0,0,321273856,0,321282048,0,6524,11.9266,4547,562,0x0000000000,395,2035,0,21,42805,6524,11.9266,4547,21,42805
1256000,8192,0,0,0,321536000,0,321544192,0,6611,12.0100,4600,529,0x0000000000,0,0,0,20,42825,6611,12.0100,4600,20,42825
1257000,8192,0,0,0,321789952,0,321798144,0,6507,11.9349,4493,553,0x0000000000,411,1995,0,35,42860,6507,11.9349,4493,35,42860
1258000,8192,0,0,0,322043904,0,322052096,0,6538,11.9805,4569,512,0x0000000000,439,1946,0,25,42885,6538,11.9805,4569,25,42885
1259000,8192,0,0,0,322297856,0,322306048,0,6599,12.0382,4577,484,0x0000000000,433,2016,0,26,42911,6599,12.0382,4577,26,42911
1260000,8192,0,0,0,322560000,0,322568192,0,6597,11.9854,4590,533,0x0000000000,0,0,0,28,42939,6597,11.9854,4590,28,42939
1261000,8192,0,0,0,322813952,0,322822144,0,6545,11.9491,4531,533,0x0000000000,404,1995,0,30,42969,6545,11.9491,4531,30,42969
1262000,8192,0,0,0,323067904,0,323076096,0,6519,11.9420,4540,543,0x0000000000,456,2053,0,24,42993,6519,11.9420,4540,24,42993
1263000,8192,0,0,0,323321856,0,323330048,0,6560,11.9906,4528,517,0x0000000000,440,2073,0,31,43024,6560,11.9906,4528,31,43024
1264000,8192,0,0,0,323584000,0,323592192,0,6583,11.9869,4601,527,0x0000000000,0,0,0,28,43052,6583,11.9869,4601,28,43052
1265000,8192,0,0,0,323837952,0,323846144,0,6520,11.9407,4486,554,0x0000000000,435,2047,0,33,43085,6520,11.9407,4486,33,43085
1266000,8192,0,0,0,324091904,0,324100096,0,6536,11.9778,4505,519,0x0000000000,381,1944,0,24,43109,6536,11.9778,4505,24,43109
1267000,8192,0,0,0,324345856,0,324354048,0,6563,12.0024,4609,492,0x0000000000,418,2060,0,17,43126,6563,12.0024,4609,17,43126
1268000,8192,0,0,0,324608000,0,324616192,0,6587,11.9925,4546,520,0x0000000000,0,0,0,20,43146,6587,11.9925,4546,20,43146
1269000,8192,0,0,0,324861952,0,324870144,0,6575,11.9663,4611,549,0x0000000000,429,2031,0,27,43173,6575,11.9663,4611,27,43173
1270000,8192,0,0,0,325115904,0,325124096,0,6543,11.9649,4547,527,0x0000000000,418,2045,0,19,43192,6543,11.9649,4547,19,43192
1271000,8192,0,0,0,325369856,0,325378048,0,6601,12.0001,4608,521,0x0000000000,377,2031,0,19,43211,6601,12.0001,4608,19,43211
1272000,8192,0,0,0,325632000,0,325640192,0,6552,11.9715,4583,521,0x0000000000,0,0,0,21,43232,6552,11.9715,4583,21,43232
1273000,8192,0,0,0,325885952,0,325894144,0,6690,12.0595,4647,498,0x0000000000,390,2113,0,22,43254,6690,12.0595,4647,22,43254
1274000,8192,0,0,0,326139904,0,326148096,0,6593,11.9694,4600,547,0x0000000000,380,2006,0,16,43270,6593,11.9694,4600,16,43270
1275000,8192,0,0,0,326393856,0,326402048,0,6538,11.9646,4528,525,0x0000000000,421,2016,0,29,43299,6538,11.9646,4528,29,43299
1276000,8192,0,0,0,326656000,0,326664192,0,6540,11.9370,4574,550,0x0000000000,0,0,0,19,43318,6540,11.9370,4574,19,43318
1277000,8192,0,0,0,326909952,0,326918144,0,6514,11.9515,4520,522,0x0000000000,421,1939,0,19,43337,6514,11.9515,4520,19,43337
1278000,8192,0,0,0,327163904,0,327172096,0,6623,12.0140,4664,507,0x0000000000,423,2063,0,26,43363,6623,12.0140,4664,26,43363
1279000,8192,0,0,0,327417856,0,327426048,0,6572,11.9840,4532,527,0x0000000000,433,2025,0,28,43391,6572,11.9840,4532,28,43391
1280000,8192,0,0,0,327680000,0,327688192,0,6510,11.9583,4549,518,0x0000000000,0,0,0,25,43416,6510,11.9583,4549,25,43416
1281000,8192,0,0,0,327933952,0,327942144,0,6548,11.9239,4602,564,0x0000000000,411,2012,0,22,43438,6548,11.9239,4602,22,43438
1282000,8192,0,0,0,328187904,0,328196096,0,6539,11.9607,4495,529,0x0000000000,391,1981,0,27,43465,6539,11.9607,4495,27,43465
1283000,8192,0,0,0,328441856,0,328450048,0,6555,11.9736,4458,536,0x0000000000,423,1926,0,29,43494,6555,11.9736,4458,29,43494
1284000,8192,0,0,0,328704000,0,328712192,0,6575,11.9558,4624,559,0x0000000000,0,0,0,12,43506,6575,11.9558,4624,12,43506
1285000,8192,0,0,0,328957952,0,328966144,0,6562,11.9817,4518,520,0x0000000000,449,2024,0,23,43529,6562,11.9817,4518,23,43529
1286000,8192,0,0,0,329211904,0,329220096,0,6593,11.9674,4605,560,0x0000000000,435,2068,0,31,43560,6593,11.9674,4605,31,43560
1287000,8192,0,0,0,329465856,0,329474048,0,6629,12.0329,4602,514,0x0000000000,411,2042,0,29,43589,6629,12.0329,4602,29,43589
1288000,8192,0,0,0,329728000,0,329736192,0,6518,11.9556,4471,534,0x0000000000,0,0,0,28,43617,6518,11.9556,4471,28,43617
1289000,8192,0,0,0,329981952,0,329990144,0,6644,12.0278,4635,512,0x0000000000,387,2020,0,19,43636,6644,12.0278,4635,19,43636
1290000,8192,0,0,0,330235904,0,330244096,0,6584,12.0148,4581,503,0x0000000000,428,1967,0,27,43663,6584,12.0148,4581,27,43663
1291000,8192,0,0,0,330489856,0,330498048,0,6558,11.9498,4554,554,0x0000000000,435,1985,0,30,43693,6558,11.9498,4554,30,43693
1292000,8192,0,0,0,330752000,0,330760192,0,6562,11.9866,4547,517,0x0000000000,0,0,0,19,43712,6562,11.9866,4547,19,43712
1293000,8192,0,0,0,331005952,0,331014144,0,6592,11.9837,4533,539,0x0000000000,412,2039,0,20,43732,6592,11.9837,4533,20,43732
1294000,8192,0,0,0,331259904,0,331268096,0,6497,11.9336,4507,547,0x0000000000,394,2018,0,23,43755,6497,11.9336,4507,23,43755
1295000,8192,0,0,0,331513856,0,331522048,0,6548,11.9438,4585,543,0x0000000000,425,2028,0,20,43775,6548,11.9438,4585,20,43775
1296000,8192,0,0,0,331776000,0,331784192,0,6575,11.9843,4572,532,0x0000000000,0,0,0,23,43798,6575,11.9843,4572,23,43798
1297000,8192,0,0,0,332029952,0,332038144,0,6522,11.9199,4510,553,0x0000000000,401,2006,0,23,43821,6522,11.9199,4510,23,43821
1298000,8192,0,0,0,332283904,0,332292096,0,6521,11.9621,4481,519,0x0000000000,414,1979,0,25,43846,6521,11.9621,4481,25,43846
1299000,8192,0,0,0,332537856,0,332546048,0,6578,11.9653,4525,540,0x0000000000,411,1937,0,18,43864,6578,11.9653,4525,18,43864
1300000,8192,0,0,0,332800000,0,332808192,0,6566,11.9790,4535,526,0x0000000000,0,0,0,25,43889,6566,11.9790,4535,25,43889
1301000,8192,0,0,0,333053952,0,333062144,0,6561,11.9851,4555,522,0x0000000000,406,2003,0,19,43908,6561,11.9851,4555,19,43908
1302000,8192,0,0,0,333307904,0,333316096,0,6586,12.0018,4603,511,0x0000000000,436,2042,0,23,43931,6586,12.0018,4603,23,43931
1303000,8192,0,0,0,333561856,0,333570048,0,6606,12.0176,4532,497,0x0000000000,399,2059,0,17,43948,6606,12.0176,4532,17,43948
1304000,8192,0,0,0,333824000,0,333832192,0,6565,12.0002,4521,496,0x0000000000,0,0,0,24,43972,6565,12.0002,4521,24,43972
1305000,8192,0,0,0,334077952,0,334086144,0,6531,11.9435,4529,546,0x0000000000,405,1967,0,28,44000,6531,11.9435,4529,28,44000
1306000,8192,0,0,0,334331904,0,334340096,0,6564,11.9825,4599,528,0x0000000000,402,2029,0,22,44022,6564,11.9825,4599,22,44022
1307000,8192,0,0,0,334585856,0,334594048,0,6577,11.9901,4558,524,0x0000000000,388,1994,0,34,44056,6577,11.9901,4558,34,44056
1308000,8192,0,0,0,334848000,0,334856192,0,6586,12.0195,4639,499,0x0000000000,0,0,0,25,44081,6586,12.0195,4639,25,44081
1309000,8192,0,0,0,335101952,0,335110144,0,6583,11.9921,4579,518,0x0000000000,408,2061,0,28,44109,6583,11.9921,4579,28,44109
1310000,8192,0,0,0,335355904,0,335364096,0,6588,12.0067,4594,518,0x0000000000,410,1995,0,21,44130,6588,12.0067,4594,21,44130
1311000,8192,0,0,0,335609856,0,335618048,0,6564,11.9573,4581,553,0x0000000000,378,1985,0,21,44151,6564,11.9573,4581,21,44151
1312000,8192,0,0,0,335872000,0,335880192,0,6575,11.9701,4546,534,0x0000000000,0,0,0,17,44168,6575,11.9701,4546,17,44168
1313000,8192,0,0,0,336125952,0,336134144,0,6569,11.9962,4518,513,0x0000000000,430,2028,0,31,44199,6569,11.9962,4518,31,44199
1314000,8192,0,0,0,336379904,0,336388096,0,6550,11.9526,4538,543,0x0000000000,400,2052,0,20,44219,6550,11.9526,4538,20,44219
1315000,8192,0,0,0,336633856,0,336642048,0,6595,11.9953,4580,532,0x0000000000,366,1945,0,21,44240,6595,11.9953,4580,21,44240
1316000,8192,0,0,0,336896000,0,336904192,0,6561,11.9814,4481,535,0x0000000000,0,0,0,23,44263,6561,11.9814,4481,23,44263
1317000,8192,0,0,0,337149952,0,337158144,0,6535,11.9455,4517,544,0x0000000000,404,2035,0,19,44282,6535,11.9455,4517,19,44282
1318000,8192,0,0,0,337403904,0,337412096,0,6549,11.9478,4469,543,0x0000000000,422,1990,0,23,44305,6549,11.9478,4469,23,44305
1319000,8192,0,0,0,337657856,0,337666048,0,6554,11.9317,4507,573,0x0000000000,397,1986,0,22,44327,6554,11.9317,4507,22,44327
1320000,8192,0,0,0,337920000,0,337928192,0,6574,11.9747,4594,524,0x0000000000,0,0,0,20,44347,6574,11.9747,4594,20,44347
1321000,8192,0,0,0,338173952,0,338182144,0,6629,12.0125,4659,523,0x0000000000,387,2059,0,24,44371,6629,12.0125,4659,24,44371
1322000,8192,0,0,0,338427904,0,338436096,0,6562,11.9828,4500,519,0x0000000000,407,2049,0,30,44401,6562,11.9828,4500,30,44401
1323000,8192,0,0,0,338681856,0,338690048,0,6593,11.9795,4516,534,0x0000000000,397,2021,0,25,44426,6593,11.9795,4516,25,44426
1324000,8192,0,0,0,338944000,0,338952192,0,6570,11.9893,4548,509,0x0000000000,0,0,0,23,44449,6570,11.9893,4548,23,44449
1325000,8192,0,0,0,339197952,0,339206144,0,6523,11.9631,4470,522,0x0000000000,447,2010,0,29,44478,6523,11.9631,4470,29,44478
1326000,8192,0,0,0,339451904,0,339460096,0,6538,11.9497,4514,553,0x0000000000,435,1995,0,23,44501,6538,11.9497,4514,23,44501
1327000,8192,0,0,0,339705856,0,339714048,0,6530,11.9282,4591,572,0x0000000000,409,2073,0,22,44523,6530,11.9282,4591,22,44523
1328000,8192,0,0,0,339968000,0,339976192,0,6569,11.9692,4559,533,0x0000000000,0,0,0,22,44545,6569,11.9692,4559,22,44545
1329000,8192,0,0,0,340221952,0,340230144,0,6574,11.9753,4544,531,0x0000000000,421,2017,0,24,44569,6574,11.9753,4544,24,44569
1330000,8192,0,0,0,340475904,0,340484096,0,6593,12.0087,4586,506,0x0000000000,369,2014,0,31,44600,6593,12.0087,4586,31,44600
1331000,8192,0,0,0,340729856,0,340738048,0,6497,11.9355,4523,548,0x0000000000,414,2050,0,32,44632,6497,11.9355,4523,32,44632
1332000,8192,0,0,0,340992000,0,341000192,0,6592,11.9929,4581,518,0x0000000000,0,0,0,21,44653,6592,11.9929,4581,21,44653
1333000,8192,0,0,0,341245952,0,341254144,0,6572,12.0095,4516,488,0x0000000000,393,1944,0,12,44665,6572,12.0095,4516,12,44665
1334000,8192,0,0,0,341499904,0,341508096,0,6615,12.0114,4576,517,0x0000000000,429,2000,0,26,44691,6615,12.0114,4576,26,44691
1335000,8192,0,0,0,341753856,0,341762048,0,6577,11.9639,4545,550,0x0000000000,407,2026,0,21,44712,6577,11.9639,4545,21,44712
1336000,8192,0,0,0,342016000,0,342024192,0,6504,11.9172,4495,565,0x0000000000,0,0,0,24,44736,6504,11.9172,4495,24,44736
1337000,8192,0,0,0,342269952,0,342278144,0,6542,11.9519,4510,549,0x0000000000,433,2003,0,29,44765,6542,11.9519,4510,29,44765
1338000,8192,0,0,0,342523904,0,342532096,0,6519,11.9391,4440,554,0x0000000000,404,2022,0,19,44784,6519,11.9391,4440,19,44784
1339000,8192,0,0,0,342777856,0,342786048,0,6585,11.9625,4550,550,0x0000000000,387,2041,0,28,44812,6585,11.9625,4550,28,44812
1340000,8192,0,0,0,343040000,0,343048192,0,6528,11.9524,4499,538,0x0000000000,0,0,0,25,44837,6528,11.9524,4499,25,44837
1341000,8192,0,0,0,343293952,0,343302144,0,6540,11.9517,4496,546,0x0000000000,406,1996,0,31,44868,6540,11.9517,4496,31,44868
1342000,8192,0,0,0,343547904,0,343556096,0,6535,11.9435,4538,553,0x0000000000,431,2001,0,24,44892,6535,11.9435,4538,24,44892
1343000,8192,0,0,0,343801856,0,343810048,0,6518,11.9642,4546,532,0x0000000000,406,2047,0,26,44918,6518,11.9642,4546,26,44918
1344000,8192,0,0,0,344064000,0,344072192,0,6580,11.9751,4555,530,0x0000000000,0,0,0,16,44934,6580,11.9751,4555,16,44934
1345000,8192,0,0,0,344317952,0,344326144,0,6616,12.0137,4608,499,0x0000000000,378,2088,0,18,44952,6616,12.0137,4608,18,44952
1346000,8192,0,0,0,344571904,0,344580096,0,6533,11.9734,4430,520,0x0000000000,405,1986,0,29,44981,6533,11.9734,4430,29,44981
1347000,8192,0,0,0,344825856,0,344834048,0,6563,11.9632,4554,530,0x0000000000,405,2031,0,22,45003,6563,11.9632,4554,22,45003
1348000,8192,0,0,0,345088000,0,345096192,0,6618,11.9999,4563,532,0x0000000000,0,0,0,31,45034,6618,11.9999,4563,31,45034
1349000,8192,0,0,0,345341952,0,345350144,0,6571,11.9902,4514,521,0x0000000000,393,2027,0,29,45063,6571,11.9902,4514,29,45063
1350000,8192,0,0,0,345595904,0,345604096,0,6608,12.0048,4598,533,0x0000000000,395,2078,0,29,45092,6608,12.0048,4598,29,45092
1351000,8192,0,0,0,345849856,0,345858048,0,6555,11.9729,4499,517,0x0000000000,425,2002,0,37,45129,6555,11.9729,4499,37,45129
1352000,8192,0,0,0,346112000,0,346120192,0,6554,11.9726,4598,521,0x0000000000,0,0,0,29,45158,6554,11.9726,4598,29,45158
1353000,8192,0,0,0,346365952,0,346374144,0,6596,12.0151,4591,491,0x0000000000,410,2066,0,29,45187,6596,12.0151,4591,29,45187
1354000,8192,0,0,0,346619904,0,346628096,0,6566,11.9958,4549,511,0x0000000000,434,2005,0,20,45207,6566,11.9958,4549,20,45207
1355000,8192,0,0,0,346873856,0,346882048,0,6561,11.9770,4527,527,0x0000000000,427,2021,0,17,45224,6561,11.9770,4527,17,45224
1356000,8192,0,0,0,347136000,0,347144192,0,6625,12.0186,4528,515,0x0000000000,0,0,0,21,45245,6625,12.0186,4528,21,45245
1357000,8192,0,0,0,347389952,0,347398144,0,6591,11.9914,4556,543,0x0000000000,420,2012,0,24,45269,6591,11.9914,4556,24,45269
1358000,8192,0,0,0,347643904,0,347652096,0,6549,11.9341,4493,566,0x0000000000,406,2015,0,24,45293,6549,11.9341,4493,24,45293
1359000,8192,0,0,0,347897856,0,347906048,0,6489,11.9180,4482,561,0x0000000000,418,2001,0,29,45322,6489,11.9180,4482,29,45322
1360000,8192,0,0,0,348160000,0,348168192,0,6566,11.9578,4516,542,0x0000000000,0,0,0,17,45339,6566,11.9578,4516,17,45339
1361000,8192,0,0,0,348413952,0,348422144,0,6473,11.9183,4401,546,0x0000000000,426,2005,0,23,45362,6473,11.9183,4401,23,45362
1362000,8192,0,0,0,348667904,0,348676096,0,6530,11.9556,4510,531,0x0000000000,389,2018,0,22,45384,6530,11.9556,4510,22,45384
1363000,8192,0,0,0,348921856,0,348930048,0,6567,11.9813,4599,521,0x0000000000,413,1965,0,22,45406,6567,11.9813,4599,22,45406
1364000,8192,0,0,0,349184000,0,349192192,0,6526,11.9389,4513,534,0x0000000000,0,0,0,21,45427,6526,11.9389,4513,21,45427
1365000,8192,0,0,0,349437952,0,349446144,0,6617,11.9990,4583,536,0x0000000000,399,2069,0,18,45445,6617,11.9990,4583,18,45445
1366000,8192,0,0,0,349691904,0,349700096,0,6531,11.9482,4490,538,0x0000000000,381,1976,0,18,45463,6531,11.9482,4490,18,45463
1367000,8192,0,0,0,349945856,0,349954048,0,6559,11.9651,4545,535,0x0000000000,419,2081,0,23,45486,6559,11.9651,4545,23,45486
1368000,8192,0,0,0,350208000,0,350216192,0,6520,11.9303,4508,552,0x0000000000,0,0,0,22,45508,6520,11.9303,4508,22,45508
1369000,8192,0,0,0,350461952,0,350470144,0,6551,11.9346,4505,568,0x0000000000,429,2022,0,34,45542,6551,11.9346,4505,34,45542
1370000,8192,0,0,0,350715904,0,350724096,0,6547,11.9322,4503,574,0x0000000000,383,2026,0,18,45560,6547,11.9322,4503,18,45560
1371000,8192,0,0,0,350969856,0,350978048,0,6572,11.9872,4525,523,0x0000000000,408,2016,0,36,45596,6572,11.9872,4525,36,45596
1372000,8192,0,0,0,351232000,0,351240192,0,6664,12.0596,4582,487,0x0000000000,0,0,0,34,45630,6664,12.0596,4582,34,45630
1373000,8192,0,0,0,351485952,0,351494144,0,6597,12.0046,4528,506,0x0000000000,424,2052,0,27,45657,6597,12.0046,4528,27,45657
1374000,8192,0,0,0,351739904,0,351748096,0,6589,11.9663,4543,542,0x0000000000,403,2038,0,21,45678,6589,11.9663,4543,21,45678
1375000,8192,0,0,0,351993856,0,352002048,0,6598,12.0246,4582,495,0x0000000000,421,2006,0,21,45699,6598,12.0246,4582,21,45699
1376000,8192,0,0,0,352256000,0,352264192,0,6641,12.0387,4580,498,0x0000000000,0,0,0,25,45724,6641,12.0387,4580,25,45724
1377000,8192,0,0,0,352509952,0,352518144,0,6577,11.9887,4558,523,0x0000000000,386,1969,0,23,45747,6577,11.9887,4558,23,45747
1378000,8192,0,0,0,352763904,0,352772096,0,6571,11.9765,4545,532,0x0000000000,404,2042,0,25,45772,6571,11.9765,4545,25,45772
1379000,8192,0,0,0,353017856,0,353026048,0,6583,12.0041,4535,508,0x0000000000,414,2066,0,19,45791,6583,12.0041,4535,19,45791
1380000,8192,0,0,0,353280000,0,353288192,0,6511,11.9335,4509,548,0x0000000000,0,0,0,24,45815,6511,11.9335,4509,24,45815
1381000,8192,0,0,0,353533952,0,353542144,0,6613,11.9837,4605,557,0x0000000000,394,2078,0,21,45836,6613,11.9837,4605,21,45836
1382000,8192,0,0,0,353787904,0,353796096,0,6574,11.9939,4473,511,0x0000000000,415,1986,0,18,45854,6574,11.9939,4473,18,45854
1383000,8192,0,0,0,354041856,0,354050048,0,6502,11.9111,4450,572,0x0000000000,400,1984,0,35,45889,6502,11.9111,4450,35,45889
1384000,8192,0,0,0,354304000,0,354312192,0,6588,11.9796,4541,532,0x0000000000,0,0,0,13,45902,6588,11.9796,4541,13,45902
1385000,8192,0,0,0,354557952,0,354566144,0,6613,12.0355,4571,486,0x0000000000,404,2067,0,27,45929,6613,12.0355,4571,27,45929
1386000,8192,0,0,0,354811904,0,354820096,0,6575,11.9755,4547,524,0x0000000000,394,2085,0,20,45949,6575,11.9755,4547,20,45949
1387000,8192,0,0,0,355065856,0,355074048,0,6581,11.9699,4519,541,0x0000000000,387,1913,0,17,45966,6581,11.9699,4519,17,45966
1388000,8192,0,0,0,355328000,0,355336192,0,6568,11.9829,4538,533,0x0000000000,0,0,0,25,45991,6568,11.9829,4538,25,45991
1389000,8192,0,0,0,355581952,0,355590144,0,6575,11.9652,4552,538,0x0000000000,431,2025,0,20,46011,6575,11.9652,4552,20,46011
1390000,8192,0,0,0,355835904,0,355844096,0,6569,11.9525,4535,563,0x0000000000,405,1992,0,19,46030,6569,11.9525,4535,19,46030
1391000,8192,0,0,0,356089856,0,356098048,0,6496,11.9100,4439,569,0x0000000000,403,2015,0,28,46058,6496,11.9100,4439,28,46058
1392000,8192,0,0,0,356352000,0,356360192,0,6533,11.9668,4478,522,0x0000000000,0,0,0,26,46084,6533,11.9668,4478,26,46084
1393000,8192,0,0,0,356605952,0,356614144,0,6532,11.9406,4504,553,0x0000000000,431,1975,0,20,46104,6532,11.9406,4504,20,46104
1394000,8192,0,0,0,356859904,0,356868096,0,6568,11.9729,4575,533,0x0000000000,394,1980,0,20,46124,6568,11.9729,4575,20,46124
1395000,8192,0,0,0,357113856,0,357122048,0,6560,11.9833,4541,515,0x0000000000,382,2025,0,25,46149,6560,11.9833,4541,25,46149
1396000,8192,0,0,0,357376000,0,357384192,0,6567,11.9907,4574,503,0x0000000000,0,0,0,29,46178,6567,11.9907,4574,29,46178
1397000,8192,0,0,0,357629952,0,357638144,0,6546,11.9401,4477,559,0x0000000000,437,2019,0,24,46202,6546,11.9401,4477,24,46202
1398000,8192,0,0,0,357883904,0,357892096,0,6574,11.9669,4601,532,0x0000000000,419,2140,0,29,46231,6574,11.9669,4601,29,46231
1399000,8192,0,0,0,358137856,0,358146048,0,6485,11.9184,4414,563,0x0000000000,420,1968,0,23,46254,6485,11.9184,4414,23,46254
1400000,8192,0,0,0,358400000,0,358408192,0,6605,12.0052,4533,521,0x0000000000,0,0,0,29,46283,6605,12.0052,4533,29,46283
1401000,8192,0,0,0,358653952,0,358662144,0,6551,11.9702,4546,537,0x0000000000,389,2000,0,20,46303,6551,11.9702,4546,20,46303
1402000,8192,0,0,0,358907904,0,358916096,0,6538,11.9518,4572,539,0x0000000000,388,2020,0,24,46327,6538,11.9518,4572,24,46327
1403000,8192,0,0,0,359161856,0,359170048,0,6534,11.9370,4470,550,0x0000000000,423,2011,0,23,46350,6534,11.9370,4470,23,46350
1404000,8192,0,0,0,359424000,0,359432192,0,6518,11.9207,4474,573,0x0000000000,0,0,0,17,46367,6518,11.9207,4474,17,46367
1405000,8192,0,0,0,359677952,0,359686144,0,6497,11.9157,4465,553,0x0000000000,405,2011,0,24,46391,6497,11.9157,4465,24,46391
1406000,8192,0,0,0,359931904,0,359940096,0,6536,11.9645,4591,520,0x0000000000,389,2046,0,20,46411,6536,11.9645,4591,20,46411
1407000,8192,0,0,0,360185856,0,360194048,0,6581,11.9887,4541,518,0x0000000000,404,2046,0,22,46433,6581,11.9887,4541,22,46433
1408000,8192,0,0,0,360448000,0,360456192,0,6589,12.0004,4516,508,0x0000000000,0,0,0,17,46450,6589,12.0004,4516,17,46450
1409000,8192,0,0,0,360701952,0,360710144,0,6530,11.9346,4553,546,0x0000000000,390,2041,0,21,46471,6530,11.9346,4553,21,46471
1410000,8192,0,0,0,360955904,0,360964096,0,6573,11.9910,4497,522,0x0000000000,428,2024,0,31,46502,6573,11.9910,4497,31,46502
1411000,8192,0,0,0,361209856,0,361218048,0,6487,11.9221,4456,545,0x0000000000,432,2016,0,28,46530,6487,11.9221,4456,28,46530
1412000,8192,0,0,0,361472000,0,361480192,0,6591,11.9919,4545,521,0x0000000000,0,0,0,22,46552,6591,11.9919,4545,22,46552
1413000,8192,0,0,0,361725952,0,361734144,0,6591,12.0167,4532,503,0x0000000000,368,2033,0,16,46568,6591,12.0167,4532,16,46568
1414000,8192,0,0,0,361979904,0,361988096,0,6535,11.9689,4503,529,0x0000000000,437,2058,0,17,46585,6535,11.9689,4503,17,46585
1415000,8192,0,0,0,362233856,0,362242048,0,6555,11.9751,4529,519,0x0000000000,400,1992,0,30,46615,6555,11.9751,4529,30,46615
1416000,8192,0,0,0,362496000,0,362504192,0,6566,11.9704,4452,549,0x0000000000,0,0,0,32,46647,6566,11.9704,4452,32,46647
1417000,8192,0,0,0,362749952,0,362758144,0,6600,11.9847,4584,533,0x0000000000,432,2085,0,22,46669,6600,11.9847,4584,22,46669
1418000,8192,0,0,0,363003904,0,363012096,0,6534,11.9624,4464,527,0x0000000000,402,2053,0,23,46692,6534,11.9624,4464,23,46692
1419000,8192,0,0,0,363257856,0,363266048,0,6521,11.9294,4485,561,0x0000000000,388,1993,0,16,46708,6521,11.9294,4485,16,46708
1420000,8192,0,0,0,363520000,0,363528192,0,6485,11.9229,4469,550,0x0000000000,0,0,0,29,46737,6485,11.9229,4469,29,46737
1421000,8192,0,0,0,363773952,0,363782144,0,6603,12.0341,4518,490,0x0000000000,393,2051,0,25,46762,6603,12.0341,4518,25,46762
1422000,8192,0,0,0,364027904,0,364036096,0,6573,11.9659,4532,543,0x0000000000,388,1994,0,31,46793,6573,11.9659,4532,31,46793
1423000,8192,0,0,0,364281856,0,364290048,0,6562,11.9996,4496,508,0x0000000000,388,2005,0,35,46828,6562,11.9996,4496,35,46828
1424000,8192,0,0,0,364544000,0,364552192,0,6508,11.9226,4504,555,0x0000000000,0,0,0,24,46852,6508,11.9226,4504,24,46852
1425000,8192,0,0,0,364797952,0,364806144,0,6547,11.9719,4526,519,0x0000000000,403,2026,0,26,46878,6547,11.9719,4526,26,46878
1426000,8192,0,0,0,365051904,0,365060096,0,6551,11.9628,4500,528,0x0000000000,387,1993,0,22,46900,6551,11.9628,4500,22,46900
1427000,8192,0,0,0,365305856,0,365314048,0,6526,11.9405,4463,553,0x0000000000,436,1985,0,33,46933,6526,11.9405,4463,33,46933
1428000,8192,0,0,0,365568000,0,365576192,0,6626,11.9822,4587,540,0x0000000000,0,0,0,21,46954,6626,11.9822,4587,21,46954
1429000,8192,0,0,0,365821952,0,365830144,0,6533,11.9654,4393,530,0x0000000000,389,1931,0,27,46981,6533,11.9654,4393,27,46981
1430000,8192,0,0,0,366075904,0,366084096,0,6571,12.0043,4452,511,0x0000000000,404,1983,0,22,47003,6571,12.0043,4452,22,47003
1431000,8192,0,0,0,366329856,0,366338048,0,6515,11.9398,4488,541,0x0000000000,392,1990,0,25,47028,6515,11.9398,4488,25,47028
1432000,8192,0,0,0,366592000,0,366600192,0,6604,12.0030,4563,516,0x0000000000,0,0,0,25,47053,6604,12.0030,4563,25,47053
1433000,8192,0,0,0,366845952,0,366854144,0,6574,11.9777,4454,520,0x0000000000,395,2023,0,20,47073,6574,11.9777,4454,20,47073
1434000,8192,0,0,0,367099904,0,367108096,0,6580,11.9901,4525,521,0x0000000000,412,2055,0,16,47089,6580,11.9901,4525,16,47089
1435000,8192,0,0,0,367353856,0,367362048,0,6581,11.9412,4454,575,0x0000000000,403,1973,0,24,47113,6581,11.9412,4454,24,47113
1436000,8192,0,0,0,367616000,0,367624192,0,6581,11.9992,4556,515,0x0000000000,0,0,0,22,47135,6581,11.9992,4556,22,47135
1437000,8192,0,0,0,367869952,0,367878144,0,6547,11.9166,4471,591,0x0000000000,418,1993,0,22,47157,6547,11.9166,4471,22,47157
1438000,8192,0,0,0,368123904,0,368132096,0,6548,11.9621,4524,539,0x0000000000,442,2031,0,31,47188,6548,11.9621,4524,31,47188
1439000,8192,0,0,0,368377856,0,368386048,0,6542,11.9779,4587,518,0x0000000000,410,2007,0,24,47212,6542,11.9779,4587,24,47212
1440000,8192,0,0,0,368640000,0,368648192,0,6559,11.9883,4467,520,0x0000000000,0,0,0,27,47239,6559,11.9883,4467,27,47239
1441000,8192,0,0,0,368893952,0,368902144,0,6516,11.9429,4487,535,0x0000000000,428,2021,0,17,47256,6516,11.9429,4487,17,47256
1442000,8192,0,0,0,369147904,0,369156096,0,6543,11.9538,4465,554,0x0000000000,419,1962,0,21,47277,6543,11.9538,4465,21,47277
1443000,8192,0,0,0,369401856,0,369410048,0,6551,11.9767,4460,519,0x0000000000,417,2011,0,16,47293,6551,11.9767,4460,16,47293
1444000,8192,0,0,0,369664000,0,369672192,0,6604,12.0061,4544,514,0x0000000000,0,0,0,24,47317,6604,12.0061,4544,24,47317
1445000,8192,0,0,0,369917952,0,369926144,0,6547,11.9456,4482,541,0x0000000000,376,2053,0,27,47344,6547,11.9456,4482,27,47344
1446000,8192,0,0,0,370171904,0,370180096,0,6549,11.9336,4501,569,0x0000000000,405,2048,0,16,47360,6549,11.9336,4501,16,47360
1447000,8192,0,0,0,370425856,0,370434048,0,6554,11.9382,4474,557,0x0000000000,416,1973,0,22,47382,6554,11.9382,4474,22,47382
1448000,8192,0,0,0,370688000,0,370696192,0,6655,12.0437,4638,506,0x0000000000,0,0,0,13,47395,6655,12.0437,4638,13,47395
1449000,8192,0,0,0,370941952,0,370950144,0,6580,12.0055,4512,501,0x0000000000,437,2042,0,32,47427,6580,12.0055,4512,32,47427
1450000,8192,0,0,0,371195904,0,371204096,0,6606,12.0135,4577,511,0x0000000000,430,2085,0,24,47451,6606,12.0135,4577,24,47451
1451000,8192,0,0,0,371449856,0,371458048,0,6548,11.9476,4480,545,0x0000000000,414,2038,0,18,47469,6548,11.9476,4480,18,47469
1452000,8192,0,0,0,371712000,0,371720192,0,6620,11.9886,4586,547,0x0000000000,0,0,0,23,47492,6620,11.9886,4586,23,47492
1453000,8192,0,0,0,371965952,0,371974144,0,6489,11.9089,4382,571,0x0000000000,419,1934,0,17,47509,6489,11.9089,4382,17,47509
1454000,8192,0,0,0,372219904,0,372228096,0,6550,11.9498,4527,544,0x0000000000,377,1991,0,22,47531,6550,11.9498,4527,22,47531
1455000,8192,0,0,0,372473856,0,372482048,0,6513,11.9588,4477,511,0x0000000000,397,2010,0,23,47554,6513,11.9588,4477,23,47554
1456000,8192,0,0,0,372736000,0,372744192,0,6519,11.9413,4462,540,0x0000000000,0,0,0,24,47578,6519,11.9413,4462,24,47578
1457000,8192,0,0,0,372989952,0,372998144,0,6594,12.0104,4591,494,0x0000000000,400,2102,0,24,47602,6594,12.0104,4591,24,47602
1458000,8192,0,0,0,373243904,0,373252096,0,6620,12.0061,4493,523,0x0000000000,435,2023,0,23,47625,6620,12.0061,4493,23,47625
1459000,8192,0,0,0,373497856,0,373506048,0,6599,11.9832,4577,529,0x0000000000,401,2037,0,24,47649,6599,11.9832,4577,24,47649
1460000,8192,0,0,0,373760000,0,373768192,0,6607,11.9709,4601,544,0x0000000000,0,0,0,22,47671,6607,11.9709,4601,22,47671
1461000,8192,0,0,0,374013952,0,374022144,0,6589,12.0160,4527,495,0x0000000000,429,2018,0,19,47690,6589,12.0160,4527,19,47690
1462000,8192,0,0,0,374267904,0,374276096,0,6533,11.9410,4443,554,0x0000000000,391,1970,0,21,47711,6533,11.9410,4443,21,47711
1463000,8192,0,0,0,374521856,0,374530048,0,6489,11.9211,4393,555,0x0000000000,376,2015,0,27,47738,6489,11.9211,4393,27,47738
1464000,8192,0,0,0,374784000,0,374792192,0,6553,11.9316,4483,586,0x0000000000,0,0,0,22,47760,6553,11.9316,4483,22,47760
1465000,8192,0,0,0,375037952,0,375046144,0,6550,11.9695,4456,532,0x0000000000,458,1946,0,22,47782,6550,11.9695,4456,22,47782
1466000,8192,0,0,0,375291904,0,375300096,0,6535,11.9348,4529,563,0x0000000000,411,2027,0,19,47801,6535,11.9348,4529,19,47801
1467000,8192,0,0,0,375545856,0,375554048,0,6529,11.9267,4468,573,0x0000000000,422,1948,0,26,47827,6529,11.9267,4468,26,47827
1468000,8192,0,0,0,375808000,0,375816192,0,6490,11.9086,4401,563,0x0000000000,0,0,0,22,47849,6490,11.9086,4401,22,47849
1469000,8192,0,0,0,376061952,0,376070144,0,6526,11.9342,4417,561,0x0000000000,421,2040,0,29,47878,6526,11.9342,4417,29,47878
1470000,8192,0,0,0,376315904,0,376324096,0,6523,11.9501,4518,544,0x0000000000,415,2004,0,20,47898,6523,11.9501,4518,20,47898
1471000,8192,0,0,0,376569856,0,376578048,0,6558,11.9907,4512,502,0x0000000000,408,2017,0,17,47915,6558,11.9907,4512,17,47915
1472000,8192,0,0,0,376832000,0,376840192,0,6510,11.9609,4413,520,0x0000000000,0,0,0,27,47942,6510,11.9609,4413,27,47942
1473000,8192,0,0,0,377085952,0,377094144,0,6581,11.9686,4532,553,0x0000000000,416,2018,0,26,47968,6581,11.9686,4532,26,47968
1474000,8192,0,0,0,377339904,0,377348096,0,6593,11.9934,4535,516,0x0000000000,419,1941,0,19,47987,6593,11.9934,4535,19,47987
1475000,8192,0,0,0,377593856,0,377602048,0,6574,11.9815,4502,522,0x0000000000,394,1978,0,23,48010,6574,11.9815,4502,23,48010
1476000,8192,0,0,0,377856000,0,377864192,0,6531,11.9445,4462,544,0x0000000000,0,0,0,23,48033,6531,11.9445,4462,23,48033
1477000,8192,0,0,0,378109952,0,378118144,0,6564,11.9847,4489,520,0x0000000000,420,2002,0,23,48056,6564,11.9847,4489,23,48056
1478000,8192,0,0,0,378363904,0,378372096,0,6556,11.9558,4440,548,0x0000000000,402,2004,0,24,48080,6556,11.9558,4440,24,48080
1479000,8192,0,0,0,378617856,0,378626048,0,6571,11.9825,4503,525,0x0000000000,384,2063,0,24,48104,6571,11.9825,4503,24,48104
1480000,8192,0,0,0,378880000,0,378888192,0,6553,11.9646,4433,537,0x0000000000,0,0,0,21,48125,6553,11.9646,4433,21,48125
1481000,8192,0,0,0,379133952,0,379142144,0,6483,11.8970,4459,588,0x0000000000,391,2008,0,25,48150,6483,11.8970,4459,25,48150
1482000,8192,0,0,0,379387904,0,379396096,0,6612,12.0271,4518,499,0x0000000000,381,1978,0,19,48169,6612,12.0271,4518,19,48169
1483000,8192,0,0,0,379641856,0,379650048,0,6556,11.9737,4494,529,0x0000000000,396,2031,0,22,48191,6556,11.9737,4494,22,48191
1484000,8192,0,0,0,379904000,0,379912192,0,6506,11.9437,4414,530,0x0000000000,0,0,0,23,48214,6506,11.9437,4414,23,48214
1485000,8192,0,0,0,380157952,0,380166144,0,6598,11.9996,4512,527,0x0000000000,413,1968,0,22,48236,6598,11.9996,4512,22,48236
1486000,8192,0,0,0,380411904,0,380420096,0,6529,11.9292,4456,554,0x0000000000,385,1962,0,20,48256,6529,11.9292,4456,20,48256
1487000,8192,0,0,0,380665856,0,380674048,0,6584,12.0060,4488,508,0x0000000000,402,2020,0,28,48284,6584,12.0060,4488,28,48284
1488000,8192,0,0,0,380928000,0,380936192,0,6489,11.9282,4438,530,0x0000000000,0,0,0,27,48311,6489,11.9282,4438,27,48311
1489000,8192,0,0,0,381181952,0,381190144,0,6519,11.9211,4442,562,0x0000000000,420,1979,0,32,48343,6519,11.9211,4442,32,48343
1490000,8192,0,0,0,381435904,0,381444096,0,6596,12.0121,4503,516,0x0000000000,418,2008,0,24,48367,6596,12.0121,4503,24,48367
1491000,8192,0,0,0,381689856,0,381698048,0,6528,11.9343,4487,560,0x0000000000,397,1996,0,23,48390,6528,11.9343,4487,23,48390
1492000,8192,0,0,0,381952000,0,381960192,0,6522,11.9236,4467,569,0x0000000000,0,0,0,19,48409,6522,11.9236,4467,19,48409
1493000,8192,0,0,0,382205952,0,382214144,0,6618,11.9915,4521,549,0x0000000000,408,2059,0,30,48439,6618,11.9915,4521,30,48439
1494000,8192,0,0,0,382459904,0,382468096,0,6577,12.0032,4474,507,0x0000000000,419,2015,0,21,48460,6577,12.0032,4474,21,48460
1495000,8192,0,0,0,382713856,0,382722048,0,6517,11.9616,4480,518,0x0000000000,404,2024,0,27,48487,6517,11.9616,4480,27,48487
1496000,8192,0,0,0,382976000,0,382984192,0,6498,11.9615,4405,507,0x0000000000,0,0,0,18,48505,6498,11.9615,4405,18,48505
1497000,8192,0,0,0,383229952,0,383238144,0,6599,12.0127,4490,505,0x0000000000,424,1945,0,23,48528,6599,12.0127,4490,23,48528
1498000,8192,0,0,0,383483904,0,383492096,0,6533,11.9642,4426,514,0x0000000000,375,2042,0,26,48554,6533,11.9642,4426,26,48554
1499000,8192,0,0,0,383737856,0,383746048,0,6552,11.9654,4473,539,0x0000000000,378,1982,0,21,48575,6552,11.9654,4473,21,48575
1500000,8192,0,0,0,384000000,0,384008192,0,6568,11.9753,4530,530,0x0000000000,0,0,0,22,48597,6568,11.9753,4530,22,48597
1501000,8192,0,0,0,384253952,0,384262144,0,6508,11.9033,4462,583,0x0000000000,428,1964,0,31,48628,6508,11.9033,4462,31,48628
1502000,8192,0,0,0,384507904,0,384516096,0,6548,11.9678,4514,528,0x0000000000,434,2034,0,23,48651,6548,11.9678,4514,23,48651
1503000,8192,0,0,0,384761856,0,384770048,0,6587,11.9786,4469,537,0x0000000000,415,1993,0,29,48680,6587,11.9786,4469,29,48680
1504000,8192,0,0,0,385024000,0,385032192,0,6548,11.9502,4426,549,0x0000000000,0,0,0,22,48702,6548,11.9502,4426,22,48702
1505000,8192,0,0,0,385277952,0,385286144,0,6509,11.9478,4454,526,0x0000000000,420,1969,0,30,48732,6509,11.9478,4454,30,48732
1506000,8192,0,0,0,385531904,0,385540096,0,6538,11.9508,4499,546,0x0000000000,403,2032,0,22,48754,6538,11.9508,4499,22,48754
1507000,8192,0,0,0,385785856,0,385794048,0,6575,11.9955,4484,513,0x0000000000,397,1984,0,26,48780,6575,11.9955,4484,26,48780
1508000,8192,0,0,0,386048000,0,386056192,0,6548,11.9458,4478,550,0x0000000000,0,0,0,28,48808,6548,11.9458,4478,28,48808
1509000,8192,0,0,0,386301952,0,386310144,0,6523,11.9506,4419,533,0x0000000000,393,2045,0,16,48824,6523,11.9506,4419,16,48824
1510000,8192,0,0,0,386555904,0,386564096,0,6583,11.9791,4517,532,0x0000000000,446,2037,0,28,48852,6583,11.9791,4517,28,48852
1511000,8192,0,0,0,386809856,0,386818048,0,6619,12.0156,4544,501,0x0000000000,422,2085,0,13,48865,6619,12.0156,4544,13,48865
1512000,8192,0,0,0,387072000,0,387080192,0,6587,11.9933,4452,527,0x0000000000,0,0,0,21,48886,6587,11.9933,4452,21,48886
1513000,8192,0,0,0,387325952,0,387334144,0,6511,11.9446,4445,537,0x0000000000,420,2035,0,21,48907,6511,11.9446,4445,21,48907
1514000,8192,0,0,0,387579904,0,387588096,0,6563,11.9604,4504,537,0x0000000000,416,2046,0,29,48936,6563,11.9604,4504,29,48936
1515000,8192,0,0,0,387833856,0,387842048,0,6521,11.9578,4411,529,0x0000000000,410,1937,0,26,48962,6521,11.9578,4411,26,48962
1516000,8192,0,0,0,388096000,0,388104192,0,6563,11.9837,4533,514,0x0000000000,0,0,0,22,48984,6563,11.9837,4533,22,48984
1517000,8192,0,0,0,388349952,0,388358144,0,6571,12.0237,4503,488,0x0000000000,412,2003,0,36,49020,6571,12.0237,4503,36,49020
1518000,8192,0,0,0,388603904,0,388612096,0,6528,11.9323,4418,557,0x0000000000,404,2011,0,32,49052,6528,11.9323,4418,32,49052
1519000,8192,0,0,0,388857856,0,388866048,0,6651,12.0355,4554,510,0x0000000000,387,2033,0,23,49075,6651,12.0355,4554,23,49075
1520000,8192,0,0,0,389120000,0,389128192,0,6539,11.9716,4437,517,0x0000000000,0,0,0,26,49101,6539,11.9716,4437,26,49101
1521000,8192,0,0,0,389373952,0,389382144,0,6609,12.0049,4485,518,0x0000000000,393,1987,0,20,49121,6609,12.0049,4485,20,49121
1522000,8192,0,0,0,389627904,0,389636096,0,6544,11.9882,4550,508,0x0000000000,407,2053,0,19,49140,6544,11.9882,4550,19,49140
1523000,8192,0,0,0,389881856,0,389890048,0,6515,11.9237,4432,559,0x0000000000,401,2006,0,26,49166,6515,11.9237,4432,26,49166
1524000,8192,0,0,0,390144000,0,390152192,0,6578,12.0106,4580,500,0x0000000000,0,0,0,28,49194,6578,12.0106,4580,28,49194
1525000,8192,0,0,0,390397952,0,390406144,0,6545,11.9463,4493,546,0x0000000000,383,1992,0,19,49213,6545,11.9463,4493,19,49213
1526000,8192,0,0,0,390651904,0,390660096,0,6573,11.9760,4496,536,0x0000000000,389,2060,0,22,49235,6573,11.9760,4496,22,49235
1527000,8192,0,0,0,390905856,0,390914048,0,6533,11.9872,4486,506,0x0000000000,417,2060,0,29,49264,6533,11.9872,4486,29,49264
1528000,8192,0,0,0,391168000,0,391176192,0,6565,11.9582,4448,548,0x0000000000,0,0,0,26,49290,6565,11.9582,4448,26,49290
1529000,8192,0,0,0,391421952,0,391430144,0,6557,11.9736,4437,518,0x0000000000,393,1987,0,24,49314,6557,11.9736,4437,24,49314
1530000,8192,0,0,0,391675904,0,391684096,0,6618,12.0183,4519,510,0x0000000000,402,2048,0,26,49340,6618,12.0183,4519,26,49340
1531000,8192,0,0,0,391929856,0,391938048,0,6616,12.0201,4516,497,0x0000000000,387,2045,0,17,49357,6616,12.0201,4516,17,49357
1532000,8192,0,0,0,392192000,0,392200192,0,6577,11.9841,4547,525,0x0000000000,0,0,0,18,49375,6577,11.9841,4547,18,49375
1533000,8192,0,0,0,392445952,0,392454144,0,6583,11.9899,4532,511,0x0000000000,402,2052,0,30,49405,6583,11.9899,4532,30,49405
1534000,8192,0,0,0,392699904,0,392708096,0,6603,12.0123,4483,500,0x0000000000,373,2027,0,19,49424,6603,12.0123,4483,19,49424
1535000,8192,0,0,0,392953856,0,392962048,0,6568,11.9969,4509,508,0x0000000000,405,2053,0,31,49455,6568,11.9969,4509,31,49455
1536000,8192,0,0,0,393216000,0,393224192,0,6585,11.9873,4475,529,0x0000000000,0,0,0,25,49480,6585,11.9873,4475,25,49480
1537000,8192,0,0,0,393469952,0,393478144,0,6612,12.0011,4474,527,0x0000000000,418,1938,0,22,49502,6612,12.0011,4474,22,49502
1538000,8192,0,0,0,393723904,0,393732096,0,6600,12.0261,4460,491,0x0000000000,409,1992,0,26,49528,6600,12.0261,4460,26,49528
1539000,8192,0,0,0,393977856,0,393986048,0,6558,11.9629,4500,533,0x0000000000,372,2009,0,20,49548,6558,11.9629,4500,20,49548
1540000,8192,0,0,0,394240000,0,394248192,0,6579,11.9638,4509,548,0x0000000000,0,0,0,21,49569,6579,11.9638,4509,21,49569
1541000,8192,0,0,0,394493952,0,394502144,0,6597,12.0067,4528,517,0x0000000000,415,1969,0,17,49586,6597,12.0067,4528,17,49586
1542000,8192,0,0,0,394747904,0,394756096,0,6519,11.9423,4447,550,0x0000000000,407,2001,0,25,49611,6519,11.9423,4447,25,49611
1543000,8192,0,0,0,395001856,0,395010048,0,6582,12.0180,4446,488,0x0000000000,422,1987,0,25,49636,6582,12.0180,4446,25,49636
1544000,8192,0,0,0,395264000,0,395272192,0,6524,11.9445,4422,538,0x0000000000,0,0,0,20,49656,6524,11.9445,4422,20,49656
1545000,8192,0,0,0,395517952,0,395526144,0,6554,11.9369,4455,571,0x0000000000,426,2014,0,25,49681,6554,11.9369,4455,25,49681
1546000,8192,0,0,0,395771904,0,395780096,0,6601,11.9897,4472,525,0x0000000000,430,2033,0,29,49710,6601,11.9897,4472,29,49710
1547000,8192,0,0,0,396025856,0,396034048,0,6546,11.9474,4440,549,0x0000000000,407,1913,0,21,49731,6546,11.9474,4440,21,49731
1548000,8192,0,0,0,396288000,0,396296192,0,6554,11.9580,4519,534,0x0000000000,0,0,0,21,49752,6554,11.9580,4519,21,49752
1549000,8192,0,0,0,396541952,0,396550144,0,6593,11.9987,4463,518,0x0000000000,433,1974,0,20,49772,6593,11.9987,4463,20,49772
1550000,8192,0,0,0,396795904,0,396804096,0,6570,11.9687,4430,537,0x0000000000,443,2069,0,25,49797,6570,11.9687,4430,25,49797
1551000,8192,0,0,0,397049856,0,397058048,0,6555,11.9585,4460,555,0x0000000000,425,2013,0,16,49813,6555,11.9585,4460,16,49813
1552000,8192,0,0,0,397312000,0,397320192,0,6554,11.9666,4513,531,0x0000000000,0,0,0,27,49840,6554,11.9666,4513,27,49840
1553000,8192,0,0,0,397565952,0,397574144,0,6542,11.9705,4477,518,0x0000000000,409,2038,0,20,49860,6542,11.9705,4477,20,49860
1554000,8192,0,0,0,397819904,0,397828096,0,6502,11.9665,4436,509,0x0000000000,406,1881,0,23,49883,6502,11.9665,4436,23,49883
1555000,8192,0,0,0,398073856,0,398082048,0,6468,11.9051,4395,550,0x0000000000,425,2021,0,22,49905,6468,11.9051,4395,22,49905
1556000,8192,0,0,0,398336000,0,398344192,0,6595,11.9763,4532,543,0x0000000000,0,0,0,22,49927,6595,11.9763,4532,22,49927
1557000,8192,0,0,0,398589952,0,398598144,0,6569,11.9500,4492,552,0x0000000000,401,2048,0,18,49945,6569,11.9500,4492,18,49945
1558000,8192,0,0,0,398843904,0,398852096,0,6596,11.9983,4517,525,0x0000000000,394,2079,0,18,49963,6596,11.9983,4517,18,49963
1559000,8192,0,0,0,399097856,0,399106048,0,6554,11.9891,4465,513,0x0000000000,418,1957,0,25,49988,6554,11.9891,4465,25,49988
1560000,8192,0,0,0,399360000,0,399368192,0,6539,11.9428,4432,550,0x0000000000,0,0,0,20,50008,6539,11.9428,4432,20,50008
1561000,8192,0,0,0,399613952,0,399622144,0,6564,11.9568,4481,550,0x0000000000,431,1961,0,23,50031,6564,11.9568,4481,23,50031
1562000,8192,0,0,0,399867904,0,399876096,0,6545,11.9734,4392,524,0x0000000000,437,2037,0,38,50069,6545,11.9734,4392,38,50069
1563000,8192,0,0,0,400121856,0,400130048,0,6597,12.0140,4489,509,0x0000000000,404,1998,0,26,50095,6597,12.0140,4489,26,50095
1564000,8192,0,0,0,400384000,0,400392192,0,6557,11.9604,4417,545,0x0000000000,0,0,0,35,50130,6557,11.9604,4417,35,50130
1565000,8192,0,0,0,400637952,0,400646144,0,6499,11.9139,4400,559,0x0000000000,423,1890,0,18,50148,6499,11.9139,4400,18,50148
1566000,8192,0,0,0,400891904,0,400900096,0,6555,11.9537,4435,535,0x0000000000,453,2060,0,29,50177,6555,11.9537,4435,29,50177
1567000,8192,0,0,0,401145856,0,401154048,0,6588,11.9775,4490,544,0x0000000000,396,2052,0,20,50197,6588,11.9775,4490,20,50197
1568000,8192,0,0,0,401408000,0,401416192,0,6588,11.9953,4497,516,0x0000000000,0,0,0,25,50222,6588,11.9953,4497,25,50222
1569000,8192,0,0,0,401661952,0,401670144,0,6592,11.9811,4464,536,0x0000000000,394,2008,0,28,50250,6592,11.9811,4464,28,50250
1570000,8192,0,0,0,401915904,0,401924096,0,6547,11.9759,4458,523,0x0000000000,402,2043,0,17,50267,6547,11.9759,4458,17,50267
1571000,8192,0,0,0,402169856,0,402178048,0,6601,11.9842,4450,547,0x0000000000,379,2009,0,26,50293,6601,11.9842,4450,26,50293
1572000,8192,0,0,0,402432000,0,402440192,0,6517,11.9454,4428,545,0x0000000000,0,0,0,27,50320,6517,11.9454,4428,27,50320
1573000,8192,0,0,0,402685952,0,402694144,0,6596,12.0182,4428,504,0x0000000000,387,2030,0,27,50347,6596,12.0182,4428,27,50347
1574000,8192,0,0,0,402939904,0,402948096,0,6582,12.0203,4427,483,0x0000000000,414,1977,0,22,50369,6582,12.0203,4427,22,50369
1575000,8192,0,0,0,403193856,0,403202048,0,6570,11.9680,4429,542,0x0000000000,447,2039,0,21,50390,6570,11.9680,4429,21,50390
1576000,8192,0,0,0,403456000,0,403464192,0,6682,12.0488,4539,506,0x0000000000,0,0,0,22,50412,6682,12.0488,4539,22,50412
1577000,8192,0,0,0,403709952,0,403718144,0,6512,11.9414,4356,543,0x0000000000,423,1977,0,19,50431,6512,11.9414,4356,19,50431
1578000,8192,0,0,0,403963904,0,403972096,0,6599,11.9972,4444,521,0x0000000000,418,1971,0,27,50458,6599,11.9972,4444,27,50458
1579000,8192,0,0,0,404217856,0,404226048,0,6630,12.0306,4546,496,0x0000000000,375,2083,0,21,50479,6630,12.0306,4546,21,50479
1580000,8192,0,0,0,404480000,0,404488192,0,6572,11.9620,4451,539,0x0000000000,0,0,0,23,50502,6572,11.9620,4451,23,50502
1581000,8192,0,0,0,404733952,0,404742144,0,6568,11.9696,4514,527,0x0000000000,400,2056,0,23,50525,6568,11.9696,4514,23,50525
1582000,8192,0,0,0,404987904,0,404996096,0,6520,11.9200,4409,560,0x0000000000,404,1984,0,18,50543,6520,11.9200,4409,18,50543
1583000,8192,0,0,0,405241856,0,405250048,0,6543,11.9679,4429,522,0x0000000000,396,2002,0,25,50568,6543,11.9679,4429,25,50568
1584000,8192,0,0,0,405504000,0,405512192,0,6621,12.0126,4481,513,0x0000000000,0,0,0,19,50587,6621,12.0126,4481,19,50587
1585000,8192,0,0,0,405757952,0,405766144,0,6559,11.9657,4451,543,0x0000000000,413,2093,0,28,50615,6559,11.9657,4451,28,50615
1586000,8192,0,0,0,406011904,0,406020096,0,6566,11.9621,4477,530,0x0000000000,381,2011,0,18,50633,6566,11.9621,4477,18,50633
1587000,8192,0,0,0,406265856,0,406274048,0,6511,11.9397,4414,547,0x0000000000,402,2044,0,21,50654,6511,11.9397,4414,21,50654
1588000,8192,0,0,0,406528000,0,406536192,0,6517,11.9224,4386,552,0x0000000000,0,0,0,29,50683,6517,11.9224,4386,29,50683
1589000,8192,0,0,0,406781952,0,406790144,0,6568,12.0035,4453,501,0x0000000000,395,2033,0,28,50711,6568,12.0035,4453,28,50711
1590000,8192,0,0,0,407035904,0,407044096,0,6603,11.9960,4475,529,0x0000000000,408,1996,0,19,50730,6603,11.9960,4475,19,50730
1591000,8192,0,0,0,407289856,0,407298048,0,6575,11.9406,4504,568,0x0000000000,423,1990,0,31,50761,6575,11.9406,4504,31,50761
1592000,8192,0,0,0,407552000,0,407560192,0,6585,11.9593,4487,545,0x0000000000,0,0,0,22,50783,6585,11.9593,4487,22,50783
1593000,8192,0,0,0,407805952,0,407814144,0,6623,12.0315,4487,499,0x0000000000,424,1968,0,18,50801,6623,12.0315,4487,18,50801
1594000,8192,0,0,0,408059904,0,408068096,0,6501,11.9210,4450,560,0x0000000000,423,1997,0,22,50823,6501,11.9210,4450,22,50823
1595000,8192,0,0,0,408313856,0,408322048,0,6579,11.9891,4508,524,0x0000000000,431,2026,0,18,50841,6579,11.9891,4508,18,50841
1596000,8192,0,0,0,408576000,0,408584192,0,6609,12.0121,4492,506,0x0000000000,0,0,0,24,50865,6609,12.0121,4492,24,50865
1597000,8192,0,0,0,408829952,0,408838144,0,6504,11.9536,4372,539,0x0000000000,401,2036,0,18,50883,6504,11.9536,4372,18,50883
1598000,8192,0,0,0,409083904,0,409092096,0,6563,11.9305,4481,581,0x0000000000,407,2002,0,19,50902,6563,11.9305,4481,19,50902
1599000,8192,0,0,0,409337856,0,409346048,0,6538,11.9424,4430,552,0x0000000000,435,1997,0,21,50923,6538,11.9424,4430,21,50923
1600000,8192,0,0,0,409600000,0,409608192,0,6630,12.0228,4494,510,0x0000000000,0,0,0,22,50945,6630,12.0228,4494,22,50945
1601000,8192,0,0,0,409853952,0,409862144,0,6614,12.0033,4529,527,0x0000000000,429,2055,0,21,50966,6614,12.0033,4529,21,50966
1602000,8192,0,0,0,410107904,0,410116096,0,6622,11.9809,4521,537,0x0000000000,414,2084,0,26,50992,6622,11.9809,4521,26,50992
1603000,8192,0,0,0,410361856,0,410370048,0,6556,11.9516,4450,551,0x0000000000,406,1953,0,23,51015,6556,11.9516,4450,23,51015
1604000,8192,0,0,0,410624000,0,410632192,0,6471,11.9075,4378,569,0x0000000000,0,0,0,30,51045,6471,11.9075,4378,30,51045
1605000,8192,0,0,0,410877952,0,410886144,0,6527,11.9210,4386,569,0x0000000000,401,1973,0,18,51063,6527,11.9210,4386,18,51063
1606000,8192,0,0,0,411131904,0,411140096,0,6597,12.0145,4448,498,0x0000000000,403,2057,0,20,51083,6597,12.0145,4448,20,51083
1607000,8192,0,0,0,411385856,0,411394048,0,6602,11.9959,4451,537,0x0000000000,422,2032,0,14,51097,6602,11.9959,4451,14,51097
1608000,8192,0,0,0,411648000,0,411656192,0,6614,11.9917,4541,527,0x0000000000,0,0,0,18,51115,6614,11.9917,4541,18,51115
1609000,8192,0,0,0,411901952,0,411910144,0,6571,11.9628,4408,540,0x0000000000,457,1997,0,24,51139,6571,11.9628,4408,24,51139
1610000,8192,0,0,0,412155904,0,412164096,0,6598,11.9646,4526,548,0x0000000000,414,2103,0,23,51162,6598,11.9646,4526,23,51162
1611000,8192,0,0,0,412409856,0,412418048,0,6574,11.9799,4454,524,0x0000000000,414,2035,0,27,51189,6574,11.9799,4454,27,51189
1612000,8192,0,0,0,412672000,0,412680192,0,6519,11.9222,4398,558,0x0000000000,0,0,0,21,51210,6519,11.9222,4398,21,51210
1613000,8192,0,0,0,412925952,0,412934144,0,6542,11.9583,4445,539,0x0000000000,422,2031,0,21,51231,6542,11.9583,4445,21,51231
1614000,8192,0,0,0,413179904,0,413188096,0,6561,11.9922,4460,513,0x0000000000,389,2027,0,28,51259,6561,11.9922,4460,28,51259
1615000,8192,0,0,0,413433856,0,413442048,0,6542,11.9637,4399,532,0x0000000000,413,1984,0,31,51290,6542,11.9637,4399,31,51290
1616000,8192,0,0,0,413696000,0,413704192,0,6589,11.9865,4475,530,0x0000000000,0,0,0,16,51306,6589,11.9865,4475,16,51306
1617000,8192,0,0,0,413949952,0,413958144,0,6544,11.9703,4435,530,0x0000000000,435,2105,0,34,51340,6544,11.9703,4435,34,51340
1618000,8192,0,0,0,414203904,0,414212096,0,6527,11.9004,4407,596,0x0000000000,410,1988,0,16,51356,6527,11.9004,4407,16,51356
1619000,8192,0,0,0,414457856,0,414466048,0,6507,11.9471,4385,530,0x0000000000,458,1948,0,22,51378,6507,11.9471,4385,22,51378
1620000,8192,0,0,0,414720000,0,414728192,0,6556,11.9924,4460,517,0x0000000000,0,0,0,21,51399,6556,11.9924,4460,21,51399
1621000,8192,0,0,0,414973952,0,414982144,0,6555,11.9772,4441,505,0x0000000000,386,2016,0,20,51419,6555,11.9772,4441,20,51419
1622000,8192,0,0,0,415227904,0,415236096,0,6564,11.9705,4394,534,0x0000000000,391,2031,0,18,51437,6564,11.9705,4394,18,51437
1623000,8192,0,0,0,415481856,0,415490048,0,6568,11.9824,4454,518,0x0000000000,396,2005,0,22,51459,6568,11.9824,4454,22,51459
1624000,8192,0,0,0,415744000,0,415752192,0,6585,11.9788,4467,536,0x0000000000,0,0,0,25,51484,6585,11.9788,4467,25,51484
1625000,8192,0,0,0,415997952,0,416006144,0,6525,11.9271,4479,554,0x0000000000,385,1994,0,17,51501,6525,11.9271,4479,17,51501
1626000,8192,0,0,0,416251904,0,416260096,0,6542,11.9541,4399,545,0x0000000000,425,2060,0,26,51527,6542,11.9541,4399,26,51527
1627000,8192,0,0,0,416505856,0,416514048,0,6542,11.9501,4421,537,0x0000000000,403,2038,0,26,51553,6542,11.9501,4421,26,51553
1628000,8192,0,0,0,416768000,0,416776192,0,6499,11.9483,4399,517,0x0000000000,0,0,0,31,51584,6499,11.9483,4399,31,51584
1629000,8192,0,0,0,417021952,0,417030144,0,6569,11.9822,4430,532,0x0000000000,392,1997,0,15,51599,6569,11.9822,4430,15,51599
1630000,8192,0,0,0,417275904,0,417284096,0,6501,11.9429,4363,534,0x0000000000,416,1997,0,20,51619,6501,11.9429,4363,20,51619
1631000,8192,0,0,0,417529856,0,417538048,0,6542,11.9712,4440,520,0x0000000000,369,1963,0,23,51642,6542,11.9712,4440,23,51642
1632000,8192,0,0,0,417792000,0,417800192,0,6581,11.9683,4477,545,0x0000000000,0,0,0,19,51661,6581,11.9683,4477,19,51661
1633000,8192,0,0,0,418045952,0,418054144,0,6548,11.9879,4412,510,0x0000000000,389,2044,0,25,51686,6548,11.9879,4412,25,51686
1634000,8192,0,0,0,418299904,0,418308096,0,6606,12.0118,4451,504,0x0000000000,412,2061,0,21,51707,6606,12.0118,4451,21,51707
1635000,8192,0,0,0,418553856,0,418562048,0,6647,12.0301,4487,508,0x0000000000,395,1995,0,22,51729,6647,12.0301,4487,22,51729
1636000,8192,0,0,0,418816000,0,418824192,0,6606,12.0178,4461,500,0x0000000000,0,0,0,18,51747,6606,12.0178,4461,18,51747
1637000,8192,0,0,0,419069952,0,419078144,0,6532,11.9412,4437,546,0x0000000000,396,1962,0,24,51771,6532,11.9412,4437,24,51771
1638000,8192,0,0,0,419323904,0,419332096,0,6590,11.9860,4458,530,0x0000000000,448,2058,0,27,51798,6590,11.9860,4458,27,51798
1639000,8192,0,0,0,419577856,0,419586048,0,6541,11.9763,4378,520,0x0000000000,397,2071,0,25,51823,6541,11.9763,4378,25,51823
1640000,8192,0,0,0,419840000,0,419848192,0,6552,11.9599,4470,535,0x0000000000,0,0,0,18,51841,6552,11.9599,4470,18,51841
1641000,8192,0,0,0,420093952,0,420102144,0,6522,11.9528,4438,536,0x0000000000,398,1996,0,18,51859,6522,11.9528,4438,18,51859
1642000,8192,0,0,0,420347904,0,420356096,0,6590,11.9985,4415,523,0x0000000000,406,2016,0,19,51878,6590,11.9985,4415,19,51878
1643000,8192,0,0,0,420601856,0,420610048,0,6482,11.9416,4402,532,0x0000000000,420,2018,0,20,51898,6482,11.9416,4402,20,51898
1644000,8192,0,0,0,420864000,0,420872192,0,6534,11.9503,4412,535,0x0000000000,0,0,0,23,51921,6534,11.9503,4412,23,51921
1645000,8192,0,0,0,421117952,0,421126144,0,6561,11.9470,4395,567,0x0000000000,385,2087,0,29,51950,6561,11.9470,4395,29,51950
1646000,8192,0,0,0,421371904,0,421380096,0,6574,11.9716,4433,542,0x0000000000,426,1973,0,9,51959,6574,11.9716,4433,9,51959
1647000,8192,0,0,0,421625856,0,421634048,0,6551,11.9618,4475,540,0x0000000000,419,2022,0,26,51985,6551,11.9618,4475,26,51985
1648000,8192,0,0,0,421888000,0,421896192,0,6556,11.9394,4482,562,0x0000000000,0,0,0,17,52002,6556,11.9394,4482,17,52002
1649000,8192,0,0,0,422141952,0,422150144,0,6580,12.0117,4462,507,0x0000000000,399,2026,0,23,52025,6580,12.0117,4462,23,52025
1650000,8192,0,0,0,422395904,0,422404096,0,6557,11.9690,4454,520,0x0000000000,420,2036,0,23,52048,6557,11.9690,4454,23,52048
1651000,8192,0,0,0,422649856,0,422658048,0,6536,11.9261,4395,566,0x0000000000,441,2013,0,42,52090,6536,11.9261,4395,42,52090
1652000,8192,0,0,0,422912000,0,422920192,0,6561,11.9732,4383,535,0x0000000000,0,0,0,31,52121,6561,11.9732,4383,31,52121
1653000,8192,0,0,0,423165952,0,423174144,0,6605,12.0058,4481,516,0x0000000000,426,2108,0,24,52145,6605,12.0058,4481,24,52145
1654000,8192,0,0,0,423419904,0,423428096,0,6557,11.9693,4452,535,0x0000000000,388,2050,0,18,52163,6557,11.9693,4452,18,52163
1655000,8192,0,0,0,423673856,0,423682048,0,6568,11.9812,4415,512,0x0000000000,420,1999,0,25,52188,6568,11.9812,4415,25,52188
1656000,8192,0,0,0,423936000,0,423944192,0,6626,11.9973,4469,530,0x0000000000,0,0,0,21,52209,6626,11.9973,4469,21,52209
1657000,8192,0,0,0,424189952,0,424198144,0,6586,12.0035,4414,501,0x0000000000,405,2027,0,17,52226,6586,12.0035,4414,17,52226
1658000,8192,0,0,0,424443904,0,424452096,0,6506,11.9302,4376,539,0x0000000000,454,2067,0,22,52248,6506,11.9302,4376,22,52248
1659000,8192,0,0,0,424697856,0,424706048,0,6606,11.9734,4494,538,0x0000000000,407,2050,0,15,52263,6606,11.9734,4494,15,52263
1660000,8192,0,0,0,424960000,0,424968192,0,6537,11.9367,4377,563,0x0000000000,0,0,0,20,52283,6537,11.9367,4377,20,52283
1661000,8192,0,0,0,425213952,0,425222144,0,6547,11.9581,4438,536,0x0000000000,405,2027,0,18,52301,6547,11.9581,4438,18,52301
1662000,8192,0,0,0,425467904,0,425476096,0,6538,11.9334,4470,560,0x0000000000,382,2056,0,31,52332,6538,11.9334,4470,31,52332
1663000,8192,0,0,0,425721856,0,425730048,0,6583,12.0082,4435,501,0x0000000000,381,2072,0,23,52355,6583,12.0082,4435,23,52355
1664000,8192,0,0,0,425984000,0,425992192,0,6569,11.9599,4397,546,0x0000000000,0,0,0,22,52377,6569,11.9599,4397,22,52377
1665000,8192,0,0,0,426237952,0,426246144,0,6584,11.9928,4409,517,0x0000000000,447,2008,0,25,52402,6584,11.9928,4409,25,52402
1666000,8192,0,0,0,426491904,0,426500096,0,6559,11.9757,4479,523,0x0000000000,408,2078,0,19,52421,6559,11.9757,4479,19,52421
1667000,8192,0,0,0,426745856,0,426754048,0,6581,11.9855,4433,525,0x0000000000,380,2019,0,25,52446,6581,11.9855,4433,25,52446
1668000,8192,0,0,0,427008000,0,427016192,0,6507,11.9535,4375,530,0x0000000000,0,0,0,22,52468,6507,11.9535,4375,22,52468
1669000,8192,0,0,0,427261952,0,427270144,0,6506,11.9197,4380,567,0x0000000000,395,1986,0,20,52488,6506,11.9197,4380,20,52488
1670000,8192,0,0,0,427515904,0,427524096,0,6582,11.9569,4485,563,0x0000000000,392,2035,0,22,52510,6582,11.9569,4485,22,52510
1671000,8192,0,0,0,427769856,0,427778048,0,6511,11.9448,4411,534,0x0000000000,419,1988,0,14,52524,6511,11.9448,4411,14,52524
1672000,8192,0,0,0,428032000,0,428040192,0,6564,11.9742,4397,537,0x0000000000,0,0,0,25,52549,6564,11.9742,4397,25,52549
1673000,8192,0,0,0,428285952,0,428294144,0,6554,11.9448,4415,562,0x0000000000,402,2002,0,23,52572,6554,11.9448,4415,23,52572
1674000,8192,0,0,0,428539904,0,428548096,0,6597,11.9834,4473,542,0x0000000000,397,2092,0,18,52590,6597,11.9834,4473,18,52590
1675000,8192,0,0,0,428793856,0,428802048,0,6510,11.9399,4354,538,0x0000000000,401,1962,0,14,52604,6510,11.9399,4354,14,52604
1676000,8192,0,0,0,429056000,0,429064192,0,6546,11.9797,4362,520,0x0000000000,0,0,0,32,52636,6546,11.9797,4362,32,52636
1677000,8192,0,0,0,429309952,0,429318144,0,6520,11.9269,4391,557,0x0000000000,407,2031,0,31,52667,6520,11.9269,4391,31,52667
1678000,8192,0,0,0,429563904,0,429572096,0,6589,11.9754,4439,543,0x0000000000,424,2049,0,20,52687,6589,11.9754,4439,20,52687
1679000,8192,0,0,0,429817856,0,429826048,0,6513,11.9092,4460,587,0x0000000000,411,2055,0,18,52705,6513,11.9092,4460,18,52705
1680000,8192,0,0,0,430080000,0,430088192,0,6532,11.9242,4383,566,0x0000000000,0,0,0,24,52729,6532,11.9242,4383,24,52729
1681000,8192,0,0,0,430333952,0,430342144,0,6509,11.9268,4390,554,0x0000000000,406,1970,0,29,52758,6509,11.9268,4390,29,52758
1682000,8192,0,0,0,430587904,0,430596096,0,6617,12.0361,4415,488,0x0000000000,435,2093,0,26,52784,6617,12.0361,4415,26,52784
1683000,8192,0,0,0,430841856,0,430850048,0,6517,11.9694,4373,526,0x0000000000,390,2020,0,19,52803,6517,11.9694,4373,19,52803
1684000,8192,0,0,0,431104000,0,431112192,0,6583,12.0182,4403,487,0x0000000000,0,0,0,21,52824,6583,12.0182,4403,21,52824
1685000,8192,0,0,0,431357952,0,431366144,0,6612,11.9926,4565,531,0x0000000000,444,2026,0,26,52850,6612,11.9926,4565,26,52850
1686000,8192,0,0,0,431611904,0,431620096,0,6547,11.9699,4418,536,0x0000000000,382,2005,0,20,52870,6547,11.9699,4418,20,52870
1687000,8192,0,0,0,431865856,0,431874048,0,6541,11.9614,4407,526,0x0000000000,440,1975,0,16,52886,6541,11.9614,4407,16,52886
1688000,8192,0,0,0,432128000,0,432136192,0,6571,11.9826,4404,529,0x0000000000,0,0,0,19,52905,6571,11.9826,4404,19,52905
1689000,8192,0,0,0,432381952,0,432390144,0,6560,11.9730,4371,540,0x0000000000,391,2017,0,24,52929,6560,11.9730,4371,24,52929
1690000,8192,0,0,0,432635904,0,432644096,0,6523,11.9692,4376,513,0x0000000000,448,1984,0,28,52957,6523,11.9692,4376,28,52957
1691000,8192,0,0,0,432889856,0,432898048,0,6565,11.9808,4438,528,0x0000000000,421,1989,0,24,52981,6565,11.9808,4438,24,52981
1692000,8192,0,0,0,433152000,0,433160192,0,6546,11.9658,4449,529,0x0000000000,0,0,0,17,52998,6546,11.9658,4449,17,52998
1693000,8192,0,0,0,433405952,0,433414144,0,6634,12.0380,4505,494,0x0000000000,445,2108,0,23,53021,6634,12.0380,4505,23,53021
1694000,8192,0,0,0,433659904,0,433668096,0,6537,11.9704,4387,511,0x0000000000,414,2037,0,27,53048,6537,11.9704,4387,27,53048
1695000,8192,0,0,0,433913856,0,433922048,0,6495,11.9436,4430,534,0x0000000000,416,1994,0,21,53069,6495,11.9436,4430,21,53069
1696000,8192,0,0,0,434176000,0,434184192,0,6565,11.9647,4407,542,0x0000000000,0,0,0,15,53084,6565,11.9647,4407,15,53084
1697000,8192,0,0,0,434429952,0,434438144,0,6540,11.9617,4371,535,0x0000000000,416,2043,0,17,53101,6540,11.9617,4371,17,53101
1698000,8192,0,0,0,434683904,0,434692096,0,6543,11.9474,4402,559,0x0000000000,408,2028,0,18,53119,6543,11.9474,4402,18,53119
1699000,8192,0,0,0,434937856,0,434946048,0,6578,11.9997,4511,502,0x0000000000,386,2102,0,26,53145,6578,11.9997,4511,26,53145
1700000,8192,0,0,0,435200000,0,435208192,0,6585,11.9895,4416,515,0x0000000000,0,0,0,32,53177,6585,11.9895,4416,32,53177
1701000,8192,0,0,0,435453952,0,435462144,0,6584,11.9998,4365,513,0x0000000000,409,1961,0,16,53193,6584,11.9998,4365,16,53193
1702000,8192,0,0,0,435707904,0,435716096,0,6530,11.9640,4411,526,0x0000000000,422,1978,0,22,53215,6530,11.9640,4411,22,53215
1703000,8192,0,0,0,435961856,0,435970048,0,6529,11.9453,4416,544,0x0000000000,375,1951,0,14,53229,6529,11.9453,4416,14,53229
1704000,8192,0,0,0,436224000,0,436232192,0,6504,11.9263,4338,557,0x0000000000,0,0,0,28,53257,6504,11.9263,4338,28,53257
1705000,8192,0,0,0,436477952,0,436486144,0,6549,11.9586,4387,549,0x0000000000,404,2011,0,16,53273,6549,11.9586,4387,16,53273
1706000,8192,0,0,0,436731904,0,436740096,0,6547,11.9201,4443,584,0x0000000000,431,1983,0,15,53288,6547,11.9201,4443,15,53288
1707000,8192,0,0,0,436985856,0,436994048,0,6582,11.9813,4458,534,0x0000000000,418,2059,0,26,53314,6582,11.9813,4458,26,53314
1708000,8192,0,0,0,437248000,0,437256192,0,6609,12.0231,4500,483,0x0000000000,0,0,0,28,53342,6609,12.0231,4500,28,53342
1709000,8192,0,0,0,437501952,0,437510144,0,6457,11.8985,4358,557,0x0000000000,390,2010,0,20,53362,6457,11.8985,4358,20,53362
1710000,8192,0,0,0,437755904,0,437764096,0,6544,11.9873,4323,512,0x0000000000,418,2006,0,23,53385,6544,11.9873,4323,23,53385
1711000,8192,0,0,0,438009856,0,438018048,0,6556,11.9490,4425,541,0x0000000000,414,2092,0,32,53417,6556,11.9490,4425,32,53417
1712000,8192,0,0,0,438272000,0,438280192,0,6573,11.9913,4416,522,0x0000000000,0,0,0,21,53438,6573,11.9913,4416,21,53438
1713000,8192,0,0,0,438525952,0,438534144,0,6567,11.9551,4416,559,0x0000000000,414,2007,0,14,53452,6567,11.9551,4416,14,53452
1714000,8192,0,0,0,438779904,0,438788096,0,6563,11.9860,4389,518,0x0000000000,417,1992,0,13,53465,6563,11.9860,4389,13,53465
1715000,8192,0,0,0,439033856,0,439042048,0,6578,11.9658,4435,555,0x0000000000,431,2003,0,20,53485,6578,11.9658,4435,20,53485
1716000,8192,0,0,0,439296000,0,439304192,0,6554,11.9615,4380,546,0x0000000000,0,0,0,18,53503,6554,11.9615,4380,18,53503
1717000,8192,0,0,0,439549952,0,439558144,0,6557,11.9660,4358,539,0x0000000000,407,2047,0,26,53529,6557,11.9660,4358,26,53529
1718000,8192,0,0,0,439803904,0,439812096,0,6589,12.0018,4396,504,0x0000000000,439,1991,0,18,53547,6589,12.0018,4396,18,53547
1719000,8192,0,0,0,440057856,0,440066048,0,6587,11.9991,4448,516,0x0000000000,413,1959,0,19,53566,6587,11.9991,4448,19,53566
1720000,8192,0,0,0,440320000,0,440328192,0,6574,11.9789,4448,508,0x0000000000,0,0,0,17,53583,6574,11.9789,4448,17,53583
1721000,8192,0,0,0,440573952,0,440582144,0,6579,11.9878,4434,528,0x0000000000,421,2021,0,22,53605,6579,11.9878,4434,22,53605
1722000,8192,0,0,0,440827904,0,440836096,0,6545,11.9310,4469,568,0x0000000000,429,2081,0,21,53626,6545,11.9310,4469,21,53626
1723000,8192,0,0,0,441081856,0,441090048,0,6529,11.9552,4390,548,0x0000000000,395,2005,0,32,53658,6529,11.9552,4390,32,53658
1724000,8192,0,0,0,441344000,0,441352192,0,6524,11.9650,4352,525,0x0000000000,0,0,0,15,53673,6524,11.9650,4352,15,53673
1725000,8192,0,0,0,441597952,0,441606144,0,6559,11.9712,4414,538,0x0000000000,432,1985,0,29,53702,6559,11.9712,4414,29,53702
1726000,8192,0,0,0,441851904,0,441860096,0,6648,12.0695,4519,470,0x0000000000,439,2028,0,18,53720,6648,12.0695,4519,18,53720
1727000,8192,0,0,0,442105856,0,442114048,0,6585,11.9828,4432,533,0x0000000000,437,2022,0,19,53739,6585,11.9828,4432,19,53739
1728000,8192,0,0,0,442368000,0,442376192,0,6570,11.9641,4384,544,0x0000000000,0,0,0,11,53750,6570,11.9641,4384,11,53750
1729000,8192,0,0,0,442621952,0,442630144,0,6574,11.9946,4451,507,0x0000000000,392,2086,0,25,53775,6574,11.9946,4451,25,53775
1730000,8192,0,0,0,442875904,0,442884096,0,6539,11.9383,4376,560,0x0000000000,376,2037,0,13,53788,6539,11.9383,4376,13,53788
1731000,8192,0,0,0,443129856,0,443138048,0,6584,11.9711,4394,548,0x0000000000,381,1995,0,24,53812,6584,11.9711,4394,24,53812
1732000,8192,0,0,0,443392000,0,443400192,0,6588,11.9864,4380,533,0x0000000000,0,0,0,22,53834,6588,11.9864,4380,22,53834
1733000,8192,0,0,0,443645952,0,443654144,0,6590,11.9877,4414,531,0x0000000000,420,2043,0,16,53850,6590,11.9877,4414,16,53850
1734000,8192,0,0,0,443899904,0,443908096,0,6531,11.9236,4359,568,0x0000000000,394,1953,0,27,53877,6531,11.9236,4359,27,53877
1735000,8192,0,0,0,444153856,0,444162048,0,6570,11.9800,4346,528,0x0000000000,403,1987,0,23,53900,6570,11.9800,4346,23,53900
1736000,8192,0,0,0,444416000,0,444424192,0,6580,11.9776,4408,528,0x0000000000,0,0,0,25,53925,6580,11.9776,4408,25,53925
1737000,8192,0,0,0,444669952,0,444678144,0,6574,11.9872,4427,516,0x0000000000,407,2029,0,22,53947,6574,11.9872,4427,22,53947
1738000,8192,0,0,0,444923904,0,444932096,0,6580,11.9850,4426,527,0x0000000000,395,2106,0,16,53963,6580,11.9850,4426,16,53963
1739000,8192,0,0,0,445177856,0,445186048,0,6508,11.9062,4348,583,0x0000000000,372,2007,0,25,53988,6508,11.9062,4348,25,53988
1740000,8192,0,0,0,445440000,0,445448192,0,6500,11.9268,4368,539,0x0000000000,0,0,0,27,54015,6500,11.9268,4368,27,54015
1741000,8192,0,0,0,445693952,0,445702144,0,6538,11.9447,4347,547,0x0000000000,406,2018,0,23,54038,6538,11.9447,4347,23,54038
1742000,8192,0,0,0,445947904,0,445956096,0,6597,12.0061,4465,520,0x0000000000,402,2028,0,24,54062,6597,12.0061,4465,24,54062
1743000,8192,0,0,0,446201856,0,446210048,0,6581,11.9570,4435,564,0x0000000000,415,2104,0,21,54083,6581,11.9570,4435,21,54083
1744000,8192,0,0,0,446464000,0,446472192,0,6510,11.9454,4378,540,0x0000000000,0,0,0,29,54112,6510,11.9454,4378,29,54112
1745000,8192,0,0,0,446717952,0,446726144,0,6581,11.9971,4421,528,0x0000000000,446,1966,0,28,54140,6581,11.9971,4421,28,54140
1746000,8192,0,0,0,446971904,0,446980096,0,6547,11.9688,4420,520,0x0000000000,399,2004,0,16,54156,6547,11.9688,4420,16,54156
1747000,8192,0,0,0,447225856,0,447234048,0,6562,11.9387,4382,562,0x0000000000,428,2044,0,14,54170,6562,11.9387,4382,14,54170
1748000,8192,0,0,0,447488000,0,447496192,0,6539,11.9741,4434,517,0x0000000000,0,0,0,17,54187,6539,11.9741,4434,17,54187
1749000,8192,0,0,0,447741952,0,447750144,0,6560,11.9529,4424,556,0x0000000000,400,2014,0,19,54206,6560,11.9529,4424,19,54206
1750000,8192,0,0,0,447995904,0,448004096,0,6584,11.9721,4460,548,0x0000000000,413,2056,0,23,54229,6584,11.9721,4460,23,54229
1751000,8192,0,0,0,448249856,0,448258048,0,6545,11.9567,4375,545,0x0000000000,394,2004,0,20,54249,6545,11.9567,4375,20,54249
1752000,8192,0,0,0,448512000,0,448520192,0,6539,11.9374,4410,549,0x0000000000,0,0,0,25,54274,6539,11.9374,4410,25,54274
1753000,8192,0,0,0,448765952,0,448774144,0,6582,11.9790,4440,536,0x0000000000,412,2023,0,23,54297,6582,11.9790,4440,23,54297
1754000,8192,0,0,0,449019904,0,449028096,0,6582,11.9802,4526,526,0x0000000000,388,2032,0,11,54308,6582,11.9802,4526,11,54308
1755000,8192,0,0,0,449273856,0,449282048,0,6636,12.0241,4464,509,0x0000000000,399,2008,0,19,54327,6636,12.0241,4464,19,54327
1756000,8192,0,0,0,449536000,0,449544192,0,6557,11.9138,4403,595,0x0000000000,0,0,0,18,54345,6557,11.9138,4403,18,54345
1757000,8192,0,0,0,449789952,0,449798144,0,6551,11.9671,4377,529,0x0000000000,392,2021,0,20,54365,6551,11.9671,4377,20,54365
1758000,8192,0,0,0,450043904,0,450052096,0,6552,11.9489,4362,552,0x0000000000,400,2005,0,25,54390,6552,11.9489,4362,25,54390
1759000,8192,0,0,0,450297856,0,450306048,0,6571,11.9871,4457,520,0x0000000000,441,2082,0,25,54415,6571,11.9871,4457,25,54415
1760000,8192,0,0,0,450560000,0,450568192,0,6522,11.9441,4338,533,0x0000000000,0,0,0,27,54442,6522,11.9441,4338,27,54442
1761000,8192,0,0,0,450813952,0,450822144,0,6533,11.9395,4358,547,0x0000000000,407,1986,0,21,54463,6533,11.9395,4358,21,54463
1762000,8192,0,0,0,451067904,0,451076096,0,6587,12.0092,4387,507,0x0000000000,398,1953,0,21,54484,6587,12.0092,4387,21,54484
1763000,8192,0,0,0,451321856,0,451330048,0,6568,11.9724,4357,541,0x0000000000,413,2024,0,21,54505,6568,11.9724,4357,21,54505
1764000,8192,0,0,0,451584000,0,451592192,0,6491,11.9009,4349,578,0x0000000000,0,0,0,17,54522,6491,11.9009,4349,17,54522
1765000,8192,0,0,0,451837952,0,451846144,0,6583,12.0037,4458,516,0x0000000000,433,2042,0,20,54542,6583,12.0037,4458,20,54542
1766000,8192,0,0,0,452091904,0,452100096,0,6523,11.9429,4350,546,0x0000000000,422,1992,0,22,54564,6523,11.9429,4350,22,54564
1767000,8192,0,0,0,452345856,0,452354048,0,6538,11.9268,4359,569,0x0000000000,397,2009,0,14,54578,6538,11.9268,4359,14,54578
1768000,8192,0,0,0,452608000,0,452616192,0,6606,11.9866,4434,533,0x0000000000,0,0,0,19,54597,6606,11.9866,4434,19,54597
1769000,8192,0,0,0,452861952,0,452870144,0,6508,11.9440,4311,533,0x0000000000,400,1969,0,18,54615,6508,11.9440,4311,18,54615
1770000,8192,0,0,0,453115904,0,453124096,0,6546,11.9523,4406,544,0x0000000000,416,2074,0,36,54651,6546,11.9523,4406,36,54651
1771000,8192,0,0,0,453369856,0,453378048,0,6612,12.0180,4437,503,0x0000000000,390,2026,0,12,54663,6612,12.0180,4437,12,54663
1772000,8192,0,0,0,453632000,0,453640192,0,6564,11.9742,4390,525,0x0000000000,0,0,0,19,54682,6564,11.9742,4390,19,54682
1773000,8192,0,0,0,453885952,0,453894144,0,6592,11.9728,4431,540,0x0000000000,375,1975,0,25,54707,6592,11.9728,4431,25,54707
1774000,8192,0,0,0,454139904,0,454148096,0,6587,11.9890,4443,517,0x0000000000,410,2086,0,26,54733,6587,11.9890,4443,26,54733
1775000,8192,0,0,0,454393856,0,454402048,0,6487,11.9171,4335,556,0x0000000000,401,1955,0,18,54751,6487,11.9171,4335,18,54751
1776000,8192,0,0,0,454656000,0,454664192,0,6622,12.0272,4441,502,0x0000000000,0,0,0,20,54771,6622,12.0272,4441,20,54771
1777000,8192,0,0,0,454909952,0,454918144,0,6561,11.9747,4299,535,0x0000000000,425,1974,0,23,54794,6561,11.9747,4299,23,54794
1778000,8192,0,0,0,455163904,0,455172096,0,6573,11.9799,4409,522,0x0000000000,390,2012,0,17,54811,6573,11.9799,4409,17,54811
1779000,8192,0,0,0,455417856,0,455426048,0,6497,11.9169,4320,558,0x0000000000,446,1965,0,20,54831,6497,11.9169,4320,20,54831
1780000,8192,0,0,0,455680000,0,455688192,0,6636,11.9941,4427,551,0x0000000000,0,0,0,22,54853,6636,11.9941,4427,22,54853
1781000,8192,0,0,0,455933952,0,455942144,0,6530,11.9296,4357,566,0x0000000000,426,2031,0,17,54870,6530,11.9296,4357,17,54870
1782000,8192,0,0,0,456187904,0,456196096,0,6524,11.9430,4393,536,0x0000000000,436,2054,0,16,54886,6524,11.9430,4393,16,54886
1783000,8192,0,0,0,456441856,0,456450048,0,6506,11.8962,4276,584,0x0000000000,415,2017,0,27,54913,6506,11.8962,4276,27,54913
1784000,8192,0,0,0,456704000,0,456712192,0,6570,11.9771,4378,539,0x0000000000,0,0,0,27,54940,6570,11.9771,4378,27,54940
1785000,8192,0,0,0,456957952,0,456966144,0,6555,11.9751,4400,525,0x0000000000,381,1952,0,17,54957,6555,11.9751,4400,17,54957
1786000,8192,0,0,0,457211904,0,457220096,0,6518,11.9344,4411,560,0x0000000000,378,2076,0,31,54988,6518,11.9344,4411,31,54988
1787000,8192,0,0,0,457465856,0,457474048,0,6598,12.0080,4395,504,0x0000000000,420,2035,0,33,55021,6598,12.0080,4395,33,55021
1788000,8192,0,0,0,457728000,0,457736192,0,6584,11.9628,4416,549,0x0000000000,0,0,0,27,55048,6584,11.9628,4416,27,55048
1789000,8192,0,0,0,457981952,0,457990144,0,6538,11.9524,4388,536,0x0000000000,409,2054,0,20,55068,6538,11.9524,4388,20,55068
1790000,8192,0,0,0,458235904,0,458244096,0,6527,11.9523,4353,531,0x0000000000,372,2031,0,21,55089,6527,11.9523,4353,21,55089
1791000,8192,0,0,0,458489856,0,458498048,0,6625,12.0394,4447,492,0x0000000000,407,2019,0,23,55112,6625,12.0394,4447,23,55112
1792000,8192,0,0,0,458752000,0,458760192,0,6633,12.0486,4458,476,0x0000000000,0,0,0,25,55137,6633,12.0486,4458,25,55137
1793000,8192,0,0,0,459005952,0,459014144,0,6621,12.0186,4446,515,0x0000000000,422,2024,0,16,55153,6621,12.0186,4446,16,55153
1794000,8192,0,0,0,459259904,0,459268096,0,6566,11.9701,4378,536,0x0000000000,417,2090,0,21,55174,6566,11.9701,4378,21,55174
1795000,8192,0,0,0,459513856,0,459522048,0,6545,11.9712,4396,525,0x0000000000,385,2029,0,21,55195,6545,11.9712,4396,21,55195
1796000,8192,0,0,0,459776000,0,459784192,0,6566,11.9550,4380,541,0x0000000000,0,0,0,16,55211,6566,11.9550,4380,16,55211
1797000,8192,0,0,0,460029952,0,460038144,0,6560,11.9872,4370,516,0x0000000000,423,2004,0,19,55230,6560,11.9872,4370,19,55230
1798000,8192,0,0,0,460283904,0,460292096,0,6564,11.9702,4379,528,0x0000000000,384,2112,0,21,55251,6564,11.9702,4379,21,55251
1799000,8192,0,0,0,460537856,0,460546048,0,6546,11.9461,4409,546,0x0000000000,416,1998,0,22,55273,6546,11.9461,4409,22,55273
1800000,8192,0,0,0,460800000,0,460808192,0,6559,11.9670,4348,539,0x0000000000,0,0,0,26,55299,6559,11.9670,4348,26,55299
1801000,8192,0,0,0,461053952,0,461062144,0,6567,11.9774,4397,522,0x0000000000,408,2025,0,24,55323,6567,11.9774,4397,24,55323
1802000,8192,0,0,0,461307904,0,461316096,0,6648,12.0183,4418,526,0x0000000000,369,2095,0,22,55345,6648,12.0183,4418,22,55345
1803000,8192,0,0,0,461561856,0,461570048,0,6564,11.9730,4438,531,0x0000000000,430,2059,0,29,55374,6564,11.9730,4438,29,55374
1804000,8192,0,0,0,461824000,0,461832192,0,6574,11.9736,4363,536,0x0000000000,0,0,0,22,55396,6574,11.9736,4363,22,55396
1805000,8192,0,0,0,462077952,0,462086144,0,6532,11.9433,4358,541,0x0000000000,407,1991,0,33,55429,6532,11.9433,4358,33,55429
1806000,8192,0,0,0,462331904,0,462340096,0,6587,12.0130,4391,495,0x0000000000,428,2058,0,31,55460,6587,12.0130,4391,31,55460
1807000,8192,0,0,0,462585856,0,462594048,0,6519,11.9528,4288,531,0x0000000000,384,2003,0,23,55483,6519,11.9528,4288,23,55483
1808000,8192,0,0,0,462848000,0,462856192,0,6526,11.9585,4384,535,0x0000000000,0,0,0,25,55508,6526,11.9585,4384,25,55508
1809000,8192,0,0,0,463101952,0,463110144,0,6595,11.9957,4416,534,0x0000000000,420,2026,0,19,55527,6595,11.9957,4416,19,55527
1810000,8192,0,0,0,463355904,0,463364096,0,6553,11.9554,4388,549,0x0000000000,422,2047,0,24,55551,6553,11.9554,4388,24,55551
1811000,8192,0,0,0,463609856,0,463618048,0,6565,11.9943,4381,517,0x0000000000,381,1987,0,25,55576,6565,11.9943,4381,25,55576
1812000,8192,0,0,0,463872000,0,463880192,0,6562,11.9728,4380,531,0x0000000000,0,0,0,22,55598,6562,11.9728,4380,22,55598
1813000,8192,0,0,0,464125952,0,464134144,0,6568,11.9896,4417,518,0x0000000000,417,2021,0,27,55625,6568,11.9896,4417,27,55625
1814000,8192,0,0,0,464379904,0,464388096,0,6605,11.9811,4395,540,0x0000000000,429,2051,0,20,55645,6605,11.9811,4395,20,55645
1815000,8192,0,0,0,464633856,0,464642048,0,6479,11.9227,4276,554,0x0000000000,430,1971,0,31,55676,6479,11.9227,4276,31,55676
1816000,8192,0,0,0,464896000,0,464904192,0,6654,12.0357,4480,511,0x0000000000,0,0,0,21,55697,6654,12.0357,4480,21,55697
1817000,8192,0,0,0,465149952,0,465158144,0,6579,11.9678,4380,552,0x0000000000,395,2048,0,17,55714,6579,11.9678,4380,17,55714
1818000,8192,0,0,0,465403904,0,465412096,0,6577,11.9703,4357,542,0x0000000000,407,2034,0,24,55738,6577,11.9703,4357,24,55738
1819000,8192,0,0,0,465657856,0,465666048,0,6511,11.9315,4302,563,0x0000000000,417,1976,0,22,55760,6511,11.9315,4302,22,55760
1820000,8192,0,0,0,465920000,0,465928192,0,6487,11.9136,4274,549,0x0000000000,0,0,0,20,55780,6487,11.9136,4274,20,55780
1821000,8192,0,0,0,466173952,0,466182144,0,6558,11.9662,4361,542,0x0000000000,392,2000,0,19,55799,6558,11.9662,4361,19,55799
1822000,8192,0,0,0,466427904,0,466436096,0,6588,11.9992,4395,526,0x0000000000,397,2007,0,21,55820,6588,11.9992,4395,21,55820
1823000,8192,0,0,0,466681856,0,466690048,0,6532,11.9729,4408,523,0x0000000000,440,2041,0,23,55843,6532,11.9729,4408,23,55843
1824000,8192,0,0,0,466944000,0,466952192,0,6568,11.9975,4331,505,0x0000000000,0,0,0,24,55867,6568,11.9975,4331,24,55867
1825000,8192,0,0,0,467197952,0,467206144,0,6567,12.0058,4402,498,0x0000000000,379,1988,0,23,55890,6567,12.0058,4402,23,55890
1826000,8192,0,0,0,467451904,0,467460096,0,6616,12.0241,4429,499,0x0000000000,407,2001,0,27,55917,6616,12.0241,4429,27,55917
1827000,8192,0,0,0,467705856,0,467714048,0,6559,11.9656,4380,544,0x0000000000,439,2063,0,25,55942,6559,11.9656,4380,25,55942
1828000,8192,0,0,0,467968000,0,467976192,0,6532,11.9498,4390,545,0x0000000000,0,0,0,26,55968,6532,11.9498,4390,26,55968
1829000,8192,0,0,0,468221952,0,468230144,0,6517,11.9302,4330,552,0x0000000000,413,2006,0,21,55989,6517,11.9302,4330,21,55989
1830000,8192,0,0,0,468475904,0,468484096,0,6596,12.0072,4406,503,0x0000000000,409,1975,0,31,56020,6596,12.0072,4406,31,56020
1831000,8192,0,0,0,468729856,0,468738048,0,6522,11.9634,4383,515,0x0000000000,375,2066,0,16,56036,6522,11.9634,4383,16,56036
1832000,8192,0,0,0,468992000,0,469000192,0,6569,12.0162,4366,478,0x0000000000,0,0,0,17,56053,6569,12.0162,4366,17,56053
1833000,8192,0,0,0,469245952,0,469254144,0,6542,11.9576,4363,535,0x0000000000,435,2018,0,21,56074,6542,11.9576,4363,21,56074
1834000,8192,0,0,0,469499904,0,469508096,0,6562,11.9844,4361,507,0x0000000000,390,1967,0,21,56095,6562,11.9844,4361,21,56095
1835000,8192,0,0,0,469753856,0,469762048,0,6578,11.9795,4406,522,0x0000000000,423,2064,0,31,56126,6578,11.9795,4406,31,56126
1836000,8192,0,0,0,470016000,0,470024192,0,6587,12.0018,4392,519,0x0000000000,0,0,0,16,56142,6587,12.0018,4392,16,56142
1837000,8192,0,0,0,470269952,0,470278144,0,6564,11.9722,4426,532,0x0000000000,422,2042,0,19,56161,6564,11.9722,4426,19,56161
1838000,8192,0,0,0,470523904,0,470532096,0,6602,12.0304,4390,486,0x0000000000,403,2042,0,22,56183,6602,12.0304,4390,22,56183
1839000,8192,0,0,0,470777856,0,470786048,0,6602,12.0157,4474,506,0x0000000000,430,2062,0,29,56212,6602,12.0157,4474,29,56212
1840000,8192,0,0,0,471040000,0,471048192,0,6525,11.9249,4355,566,0x0000000000,0,0,0,24,56236,6525,11.9249,4355,24,56236
1841000,8192,0,0,0,471293952,0,471302144,0,6530,11.9300,4415,566,0x0000000000,458,2046,0,20,56256,6530,11.9300,4415,20,56256
1842000,8192,0,0,0,471547904,0,471556096,0,6604,11.9970,4409,521,0x0000000000,421,2060,0,13,56269,6604,11.9970,4409,13,56269
1843000,8192,0,0,0,471801856,0,471810048,0,6557,11.9613,4394,537,0x0000000000,413,2069,0,21,56290,6557,11.9613,4394,21,56290
1844000,8192,0,0,0,472064000,0,472072192,0,6568,11.9910,4325,512,0x0000000000,0,0,0,17,56307,6568,11.9910,4325,17,56307
1845000,8192,0,0,0,472317952,0,472326144,0,6604,12.0006,4426,521,0x0000000000,437,1998,0,23,56330,6604,12.0006,4426,23,56330
1846000,8192,0,0,0,472571904,0,472580096,0,6624,12.0402,4389,474,0x0000000000,370,1988,0,20,56350,6624,12.0402,4389,20,56350
1847000,8192,0,0,0,472825856,0,472834048,0,6628,11.9910,4423,541,0x0000000000,415,2028,0,19,56369,6628,11.9910,4423,19,56369
1848000,8192,0,0,0,473088000,0,473096192,0,6624,12.0465,4479,474,0x0000000000,0,0,0,18,56387,6624,12.0465,4479,18,56387
1849000,8192,0,0,0,473341952,0,473350144,0,6485,11.9224,4308,549,0x0000000000,417,1999,0,22,56409,6485,11.9224,4308,22,56409
1850000,8192,0,0,0,473595904,0,473604096,0,6605,12.0116,4406,513,0x0000000000,399,2022,0,14,56423,6605,12.0116,4406,14,56423
1851000,8192,0,0,0,473849856,0,473858048,0,6485,11.8941,4365,576,0x0000000000,423,2030,0,18,56441,6485,11.8941,4365,18,56441
1852000,8192,0,0,0,474112000,0,474120192,0,6530,11.9452,4277,553,0x0000000000,0,0,0,33,56474,6530,11.9452,4277,33,56474
1853000,8192,0,0,0,474365952,0,474374144,0,6522,11.9493,4321,531,0x0000000000,406,1987,0,23,56497,6522,11.9493,4321,23,56497
1854000,8192,0,0,0,474619904,0,474628096,0,6559,11.9546,4437,542,0x0000000000,425,2102,0,19,56516,6559,11.9546,4437,19,56516
1855000,8192,0,0,0,474873856,0,474882048,0,6602,11.9762,4381,539,0x0000000000,402,1975,0,15,56531,6602,11.9762,4381,15,56531
1856000,8192,0,0,0,475136000,0,475144192,0,6627,12.0086,4463,511,0x0000000000,0,0,0,18,56549,6627,12.0086,4463,18,56549
1857000,8192,0,0,0,475389952,0,475398144,0,6539,11.9479,4358,555,0x0000000000,383,2108,0,24,56573,6539,11.9479,4358,24,56573
1858000,8192,0,0,0,475643904,0,475652096,0,6581,11.9635,4430,552,0x0000000000,422,2034,0,24,56597,6581,11.9635,4430,24,56597
1859000,8192,0,0,0,475897856,0,475906048,0,6467,11.8917,4224,576,0x0000000000,399,1940,0,14,56611,6467,11.8917,4224,14,56611
1860000,8192,0,0,0,476160000,0,476168192,0,6580,12.0001,4371,504,0x0000000000,0,0,0,21,56632,6580,12.0001,4371,21,56632
1861000,8192,0,0,0,476413952,0,476422144,0,6520,11.9409,4338,542,0x0000000000,444,2006,0,20,56652,6520,11.9409,4338,20,56652
1862000,8192,0,0,0,476667904,0,476676096,0,6576,11.9919,4385,493,0x0000000000,424,2113,0,20,56672,6576,11.9919,4385,20,56672
1863000,8192,0,0,0,476921856,0,476930048,0,6591,12.0028,4465,502,0x0000000000,394,1988,0,15,56687,6591,12.0028,4465,15,56687
1864000,8192,0,0,0,477184000,0,477192192,0,6489,11.8989,4320,587,0x0000000000,0,0,0,26,56713,6489,11.8989,4320,26,56713
1865000,8192,0,0,0,477437952,0,477446144,0,6547,11.9772,4351,519,0x0000000000,374,1990,0,21,56734,6547,11.9772,4351,21,56734
1866000,8192,0,0,0,477691904,0,477700096,0,6548,11.9394,4373,544,0x0000000000,416,1977,0,19,56753,6548,11.9394,4373,19,56753
1867000,8192,0,0,0,477945856,0,477954048,0,6555,11.9567,4317,541,0x0000000000,409,2029,0,18,56771,6555,11.9567,4317,18,56771
1868000,8192,0,0,0,478208000,0,478216192,0,6560,11.9960,4318,496,0x0000000000,0,0,0,22,56793,6560,11.9960,4318,22,56793
1869000,8192,0,0,0,478461952,0,478470144,0,6531,11.9319,4363,572,0x0000000000,411,1997,0,14,56807,6531,11.9319,4363,14,56807
1870000,8192,0,0,0,478715904,0,478724096,0,6575,11.9893,4345,526,0x0000000000,397,2020,0,16,56823,6575,11.9893,4345,16,56823
1871000,8192,0,0,0,478969856,0,478978048,0,6560,11.9365,4409,577,0x0000000000,414,2001,0,15,56838,6560,11.9365,4409,15,56838
1872000,8192,0,0,0,479232000,0,479240192,0,6515,11.9720,4283,503,0x0000000000,0,0,0,23,56861,6515,11.9720,4283,23,56861
1873000,8192,0,0,0,479485952,0,479494144,0,6551,11.9785,4363,522,0x0000000000,405,2042,0,32,56893,6551,11.9785,4363,32,56893
1874000,8192,0,0,0,479739904,0,479748096,0,6557,11.9809,4365,525,0x0000000000,440,2059,0,22,56915,6557,11.9809,4365,22,56915
1875000,8192,0,0,0,479993856,0,480002048,0,6570,11.9741,4356,536,0x0000000000,435,2011,0,28,56943,6570,11.9741,4356,28,56943
1876000,8192,0,0,0,480256000,0,480264192,0,6576,11.9951,4312,511,0x0000000000,0,0,0,25,56968,6576,11.9951,4312,25,56968
1877000,8192,0,0,0,480509952,0,480518144,0,6610,12.0113,4401,504,0x0000000000,394,1973,0,26,56994,6610,12.0113,4401,26,56994
1878000,8192,0,0,0,480763904,0,480772096,0,6615,11.9967,4408,531,0x0000000000,427,1986,0,20,57014,6615,11.9967,4408,20,57014
1879000,8192,0,0,0,481017856,0,481026048,0,6580,11.9765,4345,533,0x0000000000,343,1986,0,19,57033,6580,11.9765,4345,19,57033
1880000,8192,0,0,0,481280000,0,481288192,0,6537,11.9357,4312,551,0x0000000000,0,0,0,16,57049,6537,11.9357,4312,16,57049
1881000,8192,0,0,0,481533952,0,481542144,0,6547,11.9482,4432,552,0x0000000000,417,2065,0,13,57062,6547,11.9482,4432,13,57062
1882000,8192,0,0,0,481787904,0,481796096,0,6614,12.0080,4380,513,0x0000000000,422,2096,0,18,57080,6614,12.0080,4380,18,57080
1883000,8192,0,0,0,482041856,0,482050048,0,6567,11.9628,4345,545,0x0000000000,409,2017,0,20,57100,6567,11.9628,4345,20,57100
1884000,8192,0,0,0,482304000,0,482312192,0,6584,11.9877,4428,524,0x0000000000,0,0,0,21,57121,6584,11.9877,4428,21,57121
1885000,8192,0,0,0,482557952,0,482566144,0,6536,11.9474,4281,549,0x0000000000,436,1970,0,19,57140,6536,11.9474,4281,19,57140
1886000,8192,0,0,0,482811904,0,482820096,0,6566,11.9868,4358,527,0x0000000000,421,1974,0,24,57164,6566,11.9868,4358,24,57164
1887000,8192,0,0,0,483065856,0,483074048,0,6576,11.9693,4336,538,0x0000000000,416,1988,0,24,57188,6576,11.9693,4336,24,57188
1888000,8192,0,0,0,483328000,0,483336192,0,6541,11.9305,4322,566,0x0000000000,0,0,0,23,57211,6541,11.9305,4322,23,57211
1889000,8192,0,0,0,483581952,0,483590144,0,6564,11.9610,4302,554,0x0000000000,398,2019,0,15,57226,6564,11.9610,4302,15,57226
1890000,8192,0,0,0,483835904,0,483844096,0,6587,11.9694,4408,551,0x0000000000,425,2027,0,22,57248,6587,11.9694,4408,22,57248
1891000,8192,0,0,0,484089856,0,484098048,0,6609,11.9980,4367,512,0x0000000000,407,2048,0,20,57268,6609,11.9980,4367,20,57268
1892000,8192,0,0,0,484352000,0,484360192,0,6527,11.9648,4349,524,0x0000000000,0,0,0,13,57281,6527,11.9648,4349,13,57281
1893000,8192,0,0,0,484605952,0,484614144,0,6552,11.9582,4325,537,0x0000000000,403,1968,0,14,57295,6552,11.9582,4325,14,57295
1894000,8192,0,0,0,484859904,0,484868096,0,6503,11.9060,4353,562,0x0000000000,404,2009,0,18,57313,6503,11.9060,4353,18,57313
1895000,8192,0,0,0,485113856,0,485122048,0,6529,11.9612,4361,534,0x0000000000,404,2006,0,21,57334,6529,11.9612,4361,21,57334
1896000,8192,0,0,0,485376000,0,485384192,0,6569,12.0049,4331,506,0x0000000000,0,0,0,16,57350,6569,12.0049,4331,16,57350
1897000,8192,0,0,0,485629952,0,485638144,0,6489,11.9238,4273,552,0x0000000000,405,2017,0,16,57366,6489,11.9238,4273,16,57366
1898000,8192,0,0,0,485883904,0,485892096,0,6543,11.9779,4316,526,0x0000000000,368,2075,0,15,57381,6543,11.9779,4316,15,57381
1899000,8192,0,0,0,486137856,0,486146048,0,6541,11.9315,4350,567,0x0000000000,405,2006,0,33,57414,6541,11.9315,4350,33,57414
1900000,8192,0,0,0,486400000,0,486408192,0,6583,12.0043,4403,513,0x0000000000,0,0,0,31,57445,6583,12.0043,4403,31,57445
1901000,8192,0,0,0,486653952,0,486662144,0,6506,11.9402,4251,539,0x0000000000,390,1995,0,28,57473,6506,11.9402,4251,28,57473
1902000,8192,0,0,0,486907904,0,486916096,0,6589,12.0094,4369,501,0x0000000000,435,1975,0,21,57494,6589,12.0094,4369,21,57494
1903000,8192,0,0,0,487161856,0,487170048,0,6547,11.9361,4382,557,0x0000000000,384,2039,0,25,57519,6547,11.9361,4382,25,57519
1904000,8192,0,0,0,487424000,0,487432192,0,6563,11.9641,4224,548,0x0000000000,0,0,0,34,57553,6563,11.9641,4224,34,57553
1905000,8192,0,0,0,487677952,0,487686144,0,6543,11.9439,4364,555,0x0000000000,410,2051,0,22,57575,6543,11.9439,4364,22,57575
1906000,8192,0,0,0,487931904,0,487940096,0,6595,11.9878,4405,533,0x0000000000,440,2063,0,24,57599,6595,11.9878,4405,24,57599
1907000,8192,0,0,0,488185856,0,488194048,0,6581,11.9734,4394,543,0x0000000000,443,2052,0,25,57624,6581,11.9734,4394,25,57624
1908000,8192,0,0,0,488448000,0,488456192,0,6610,12.0352,4403,485,0x0000000000,0,0,0,17,57641,6610,12.0352,4403,17,57641
1909000,8192,0,0,0,488701952,0,488710144,0,6617,12.0140,4392,521,0x0000000000,431,1974,0,25,57666,6617,12.0140,4392,25,57666
1910000,8192,0,0,0,488955904,0,488964096,0,6551,11.9475,4410,539,0x0000000000,367,2028,0,18,57684,6551,11.9475,4410,18,57684
1911000,8192,0,0,0,489209856,0,489218048,0,6580,11.9977,4370,509,0x0000000000,406,2019,0,15,57699,6580,11.9977,4370,15,57699
1912000,8192,0,0,0,489472000,0,489480192,0,6617,11.9813,4444,538,0x0000000000,0,0,0,20,57719,6617,11.9813,4444,20,57719
1913000,8192,0,0,0,489725952,0,489734144,0,6600,12.0021,4414,512,0x0000000000,421,2087,0,21,57740,6600,12.0021,4414,21,57740
1914000,8192,0,0,0,489979904,0,489988096,0,6572,11.9916,4378,523,0x0000000000,428,1990,0,25,57765,6572,11.9916,4378,25,57765
1915000,8192,0,0,0,490233856,0,490242048,0,6585,12.0137,4364,506,0x0000000000,426,1979,0,15,57780,6585,12.0137,4364,15,57780
1916000,8192,0,0,0,490496000,0,490504192,0,6563,11.9934,4296,508,0x0000000000,0,0,0,17,57797,6563,11.9934,4296,17,57797
1917000,8192,0,0,0,490749952,0,490758144,0,6511,11.9411,4282,536,0x0000000000,385,1969,0,19,57816,6511,11.9411,4282,19,57816
1918000,8192,0,0,0,491003904,0,491012096,0,6561,11.9608,4429,527,0x0000000000,398,2107,0,18,57834,6561,11.9608,4429,18,57834
1919000,8192,0,0,0,491257856,0,491266048,0,6596,11.9971,4345,527,0x0000000000,410,2033,0,21,57855,6596,11.9971,4345,21,57855
1920000,8192,0,0,0,491520000,0,491528192,0,6537,11.9441,4342,546,0x0000000000,0,0,0,18,57873,6537,11.9441,4342,18,57873
1921000,8192,0,0,0,491773952,0,491782144,0,6528,11.9477,4264,550,0x0000000000,445,1972,0,23,57896,6528,11.9477,4264,23,57896
1922000,8192,0,0,0,492027904,0,492036096,0,6569,11.9739,4369,533,0x0000000000,435,2049,0,21,57917,6569,11.9739,4369,21,57917
1923000,8192,0,0,0,492281856,0,492290048,0,6556,11.9977,4374,497,0x0000000000,438,2018,0,20,57937,6556,11.9977,4374,20,57937
1924000,8192,0,0,0,492544000,0,492552192,0,6565,12.0151,4382,484,0x0000000000,0,0,0,21,57958,6565,12.0151,4382,21,57958
1925000,8192,0,0,0,492797952,0,492806144,0,6568,11.9704,4347,541,0x0000000000,427,2086,0,22,57980,6568,11.9704,4347,22,57980
1926000,8192,0,0,0,493051904,0,493060096,0,6610,12.0100,4375,523,0x0000000000,439,2000,0,23,58003,6610,12.0100,4375,23,58003
1927000,8192,0,0,0,493305856,0,493314048,0,6520,11.9572,4348,522,0x0000000000,387,2058,0,22,58025,6520,11.9572,4348,22,58025
1928000,8192,0,0,0,493568000,0,493576192,0,6638,12.0624,4418,462,0x0000000000,0,0,0,24,58049,6638,12.0624,4418,24,58049
1929000,8192,0,0,0,493821952,0,493830144,0,6621,12.0370,4417,497,0x0000000000,415,2027,0,16,58065,6621,12.0370,4417,16,58065
1930000,8192,0,0,0,494075904,0,494084096,0,6557,11.9570,4345,550,0x0000000000,416,1943,0,28,58093,6557,11.9570,4345,28,58093
1931000,8192,0,0,0,494329856,0,494338048,0,6592,11.9960,4374,522,0x0000000000,447,1996,0,26,58119,6592,11.9960,4374,26,58119
1932000,8192,0,0,0,494592000,0,494600192,0,6570,11.9807,4332,527,0x0000000000,0,0,0,21,58140,6570,11.9807,4332,21,58140
1933000,8192,0,0,0,494845952,0,494854144,0,6593,11.9764,4401,552,0x0000000000,428,2065,0,13,58153,6593,11.9764,4401,13,58153
1934000,8192,0,0,0,495099904,0,495108096,0,6575,11.9741,4295,530,0x0000000000,414,1971,0,25,58178,6575,11.9741,4295,25,58178
1935000,8192,0,0,0,495353856,0,495362048,0,6594,11.9843,4359,543,0x0000000000,391,1957,0,25,58203,6594,11.9843,4359,25,58203
1936000,8192,0,0,0,495616000,0,495624192,0,6555,11.9604,4315,544,0x0000000000,0,0,0,23,58226,6555,11.9604,4315,23,58226
1937000,8192,0,0,0,495869952,0,495878144,0,6570,11.9852,4386,522,0x0000000000,437,2033,0,26,58252,6570,11.9852,4386,26,58252
1938000,8192,0,0,0,496123904,0,496132096,0,6573,11.9835,4289,532,0x0000000000,399,2011,0,21,58273,6573,11.9835,4289,21,58273
1939000,8192,0,0,0,496377856,0,496386048,0,6550,11.9874,4411,500,0x0000000000,434,2018,0,19,58292,6550,11.9874,4411,19,58292
1940000,8192,0,0,0,496640000,0,496648192,0,6649,12.0218,4396,506,0x0000000000,0,0,0,19,58311,6649,12.0218,4396,19,58311
1941000,8192,0,0,0,496893952,0,496902144,0,6556,11.9506,4291,543,0x0000000000,387,1999,0,15,58326,6556,11.9506,4291,15,58326
1942000,8192,0,0,0,497147904,0,497156096,0,6510,11.9462,4278,539,0x0000000000,407,2031,0,10,58336,6510,11.9462,4278,10,58336
1943000,8192,0,0,0,497401856,0,497410048,0,6567,11.9556,4367,551,0x0000000000,402,2060,0,18,58354,6567,11.9556,4367,18,58354
1944000,8192,0,0,0,497664000,0,497672192,0,6577,11.9962,4318,505,0x0000000000,0,0,0,18,58372,6577,11.9962,4318,18,58372
1945000,8192,0,0,0,497917952,0,497926144,0,6541,11.9648,4330,512,0x0000000000,436,1969,0,20,58392,6541,11.9648,4330,20,58392
1946000,8192,0,0,0,498171904,0,498180096,0,6529,11.9571,4273,525,0x0000000000,393,1966,0,22,58414,6529,11.9571,4273,22,58414
1947000,8192,0,0,0,498425856,0,498434048,0,6591,11.9889,4454,524,0x0000000000,410,2014,0,25,58439,6591,11.9889,4454,25,58439
1948000,8192,0,0,0,498688000,0,498696192,0,6559,11.9436,4352,560,0x0000000000,0,0,0,23,58462,6559,11.9436,4352,23,58462
1949000,8192,0,0,0,498941952,0,498950144,0,6531,11.9356,4316,563,0x0000000000,388,1982,0,26,58488,6531,11.9356,4316,26,58488
1950000,8192,0,0,0,499195904,0,499204096,0,6544,11.9699,4352,521,0x0000000000,385,2020,0,26,58514,6544,11.9699,4352,26,58514
1951000,8192,0,0,0,499449856,0,499458048,0,6563,11.9852,4371,510,0x0000000000,408,2023,0,22,58536,6563,11.9852,4371,22,58536
1952000,8192,0,0,0,499712000,0,499720192,0,6621,12.0120,4412,520,0x0000000000,0,0,0,20,58556,6621,12.0120,4412,20,58556
1953000,8192,0,0,0,499965952,0,499974144,0,6630,12.0441,4394,492,0x0000000000,423,2059,0,17,58573,6630,12.0441,4394,17,58573
1954000,8192,0,0,0,500219904,0,500228096,0,6631,12.0121,4365,516,0x0000000000,414,2013,0,20,58593,6631,12.0121,4365,20,58593
1955000,8192,0,0,0,500473856,0,500482048,0,6534,11.9681,4323,523,0x0000000000,418,2060,0,22,58615,6534,11.9681,4323,22,58615
1956000,8192,0,0,0,500736000,0,500744192,0,6557,11.9757,4364,526,0x0000000000,0,0,0,24,58639,6557,11.9757,4364,24,58639
1957000,8192,0,0,0,500989952,0,500998144,0,6561,11.9444,4303,562,0x0000000000,421,2063,0,27,58666,6561,11.9444,4303,27,58666
1958000,8192,0,0,0,501243904,0,501252096,0,6534,11.9588,4325,533,0x0000000000,411,1982,0,20,58686,6534,11.9588,4325,20,58686
1959000,8192,0,0,0,501497856,0,501506048,0,6550,11.9767,4359,523,0x0000000000,402,2102,0,21,58707,6550,11.9767,4359,21,58707
1960000,8192,0,0,0,501760000,0,501768192,0,6569,11.9871,4306,524,0x0000000000,0,0,0,17,58724,6569,11.9871,4306,17,58724
1961000,8192,0,0,0,502013952,0,502022144,0,6599,12.0432,4409,472,0x0000000000,435,2036,0,22,58746,6599,12.0432,4409,22,58746
1962000,8192,0,0,0,502267904,0,502276096,0,6597,11.9593,4401,560,0x0000000000,416,2051,0,21,58767,6597,11.9593,4401,21,58767
1963000,8192,0,0,0,502521856,0,502530048,0,6572,11.9626,4325,552,0x0000000000,408,1994,0,22,58789,6572,11.9626,4325,22,58789
1964000,8192,0,0,0,502784000,0,502792192,0,6542,11.9568,4293,539,0x0000000000,0,0,0,23,58812,6542,11.9568,4293,23,58812
1965000,8192,0,0,0,503037952,0,503046144,0,6607,12.0086,4412,518,0x0000000000,424,2034,0,34,58846,6607,12.0086,4412,34,58846
1966000,8192,0,0,0,503291904,0,503300096,0,6556,11.9436,4379,552,0x0000000000,401,1973,0,25,58871,6556,11.9436,4379,25,58871
1967000,8192,0,0,0,503545856,0,503554048,0,6577,11.9820,4312,533,0x0000000000,404,1987,0,17,58888,6577,11.9820,4312,17,58888
1968000,8192,0,0,0,503808000,0,503816192,0,6573,11.9899,4362,523,0x0000000000,0,0,0,16,58904,6573,11.9899,4362,16,58904
1969000,8192,0,0,0,504061952,0,504070144,0,6505,11.9633,4348,512,0x0000000000,411,2012,0,26,58930,6505,11.9633,4348,26,58930
1970000,8192,0,0,0,504315904,0,504324096,0,6567,11.9872,4349,523,0x0000000000,433,1959,0,22,58952,6567,11.9872,4349,22,58952
1971000,8192,0,0,0,504569856,0,504578048,0,6519,11.9752,4328,508,0x0000000000,425,2009,0,21,58973,6519,11.9752,4328,21,58973
1972000,8192,0,0,0,504832000,0,504840192,0,6564,11.9975,4330,497,0x0000000000,0,0,0,21,58994,6564,11.9975,4330,21,58994
1973000,8192,0,0,0,505085952,0,505094144,0,6558,11.9691,4314,538,0x0000000000,431,2006,0,21,59015,6558,11.9691,4314,21,59015
1974000,8192,0,0,0,505339904,0,505348096,0,6614,12.0390,4311,488,0x0000000000,374,2042,0,37,59052,6614,12.0390,4311,37,59052
1975000,8192,0,0,0,505593856,0,505602048,0,6622,12.0310,4403,489,0x0000000000,429,2046,0,21,59073,6622,12.0310,4403,21,59073
1976000,8192,0,0,0,505856000,0,505864192,0,6596,12.0228,4317,493,0x0000000000,0,0,0,34,59107,6596,12.0228,4317,34,59107
1977000,8192,0,0,0,506109952,0,506118144,0,6531,11.9460,4332,539,0x0000000000,425,2022,0,23,59130,6531,11.9460,4332,23,59130
1978000,8192,0,0,0,506363904,0,506372096,0,6633,12.0375,4402,506,0x0000000000,418,2042,0,28,59158,6633,12.0375,4402,28,59158
1979000,8192,0,0,0,506617856,0,506626048,0,6499,11.9183,4318,558,0x0000000000,395,1985,0,26,59184,6499,11.9183,4318,26,59184
1980000,8192,0,0,0,506880000,0,506888192,0,6568,11.9674,4343,534,0x0000000000,0,0,0,21,59205,6568,11.9674,4343,21,59205
1981000,8192,0,0,0,507133952,0,507142144,0,6492,11.9327,4219,537,0x0000000000,450,1969,0,26,59231,6492,11.9327,4219,26,59231
1982000,8192,0,0,0,507387904,0,507396096,0,6590,11.9984,4385,515,0x0000000000,383,2027,0,25,59256,6590,11.9984,4385,25,59256
1983000,8192,0,0,0,507641856,0,507650048,0,6571,11.9925,4328,513,0x0000000000,434,2045,0,24,59280,6571,11.9925,4328,24,59280
1984000,8192,0,0,0,507904000,0,507912192,0,6503,11.8936,4334,590,0x0000000000,0,0,0,26,59306,6503,11.8936,4334,26,59306
1985000,8192,0,0,0,508157952,0,508166144,0,6579,11.9838,4366,519,0x0000000000,417,2122,0,26,59332,6579,11.9838,4366,26,59332
1986000,8192,0,0,0,508411904,0,508420096,0,6548,11.9587,4309,540,0x0000000000,416,2056,0,28,59360,6548,11.9587,4309,28,59360
1987000,8192,0,0,0,508665856,0,508674048,0,6523,11.9656,4304,517,0x0000000000,436,2003,0,19,59379,6523,11.9656,4304,19,59379
1988000,8192,0,0,0,508928000,0,508936192,0,6535,11.9491,4310,559,0x0000000000,0,0,0,21,59400,6535,11.9491,4310,21,59400
1989000,8192,0,0,0,509181952,0,509190144,0,6550,11.9652,4356,533,0x0000000000,411,2002,0,28,59428,6550,11.9652,4356,28,59428
1990000,8192,0,0,0,509435904,0,509444096,0,6515,11.9456,4343,532,0x0000000000,416,2038,0,26,59454,6515,11.9456,4343,26,59454
1991000,8192,0,0,0,509689856,0,509698048,0,6552,11.9615,4345,546,0x0000000000,424,2054,0,25,59479,6552,11.9615,4345,25,59479
1992000,8192,0,0,0,509952000,0,509960192,0,6574,11.9892,4364,513,0x0000000000,0,0,0,28,59507,6574,11.9892,4364,28,59507
1993000,8192,0,0,0,510205952,0,510214144,0,6549,11.9865,4333,511,0x0000000000,442,1944,0,20,59527,6549,11.9865,4333,20,59527
1994000,8192,0,0,0,510459904,0,510468096,0,6543,11.9582,4301,540,0x0000000000,400,2053,0,25,59552,6543,11.9582,4301,25,59552
1995000,8192,0,0,0,510713856,0,510722048,0,6591,11.9583,4379,562,0x0000000000,391,2027,0,21,59573,6591,11.9583,4379,21,59573
1996000,8192,0,0,0,510976000,0,510984192,0,6558,11.9670,4355,540,0x0000000000,0,0,0,28,59601,6558,11.9670,4355,28,59601
1997000,8192,0,0,0,511229952,0,511238144,0,6574,11.9829,4365,540,0x0000000000,398,2029,0,18,59619,6574,11.9829,4365,18,59619
1998000,8192,0,0,0,511483904,0,511492096,0,6535,11.9507,4296,538,0x0000000000,384,2042,0,23,59642,6535,11.9507,4296,23,59642
1999000,8192,0,0,0,511737856,0,511746048,0,6575,11.9868,4286,510,0x0000000000,380,2011,0,22,59664,6575,11.9868,4286,22,59664
2000000,8192,0,0,0,512000000,0,512008192,0,6607,12.0198,4361,509,0x0000000000,0,0,0,25,59689,6607,12.0198,4361,25,59689
2001000,8192,0,0,0,512253952,0,512262144,0,6557,11.9705,4353,533,0x0000000000,444,2033,0,25,59714,6557,11.9705,4353,25,59714
2002000,8192,0,0,0,512507904,0,512516096,0,6505,11.9504,4256,532,0x0000000000,380,2001,0,19,59733,6505,11.9504,4256,19,59733
2003000,8192,0,0,0,512761856,0,512770048,0,6554,11.9959,4339,497,0x0000000000,409,1983,0,22,59755,6554,11.9959,4339,22,59755
2004000,8192,0,0,0,513024000,0,513032192,0,6534,11.9498,4301,542,0x0000000000,0,0,0,17,59772,6534,11.9498,4301,17,59772
2005000,8192,0,0,0,513277952,0,513286144,0,6547,11.9685,4283,529,0x0000000000,425,1969,0,26,59798,6547,11.9685,4283,26,59798
2006000,8192,0,0,0,513531904,0,513540096,0,6499,11.9266,4245,559,0x0000000000,402,2031,0,19,59817,6499,11.9266,4245,19,59817
2007000,8192,0,0,0,513785856,0,513794048,0,6487,11.9219,4337,526,0x0000000000,454,2057,0,29,59846,6487,11.9219,4337,29,59846
2008000,8192,0,0,0,514048000,0,514056192,0,6518,11.9396,4291,533,0x0000000000,0,0,0,17,59863,6518,11.9396,4291,17,59863
2009000,8192,0,0,0,514301952,0,514310144,0,6581,11.9948,4339,515,0x0000000000,419,2027,0,16,59879,6581,11.9948,4339,16,59879
2010000,8192,0,0,0,514555904,0,514564096,0,6509,11.9519,4262,519,0x0000000000,417,2018,0,20,59899,6509,11.9519,4262,20,59899
2011000,8192,0,0,0,514809856,0,514818048,0,6557,11.9491,4319,548,0x0000000000,430,2034,0,17,59916,6557,11.9491,4319,17,59916
2012000,8192,0,0,0,515072000,0,515080192,0,6588,11.9863,4378,519,0x0000000000,0,0,0,10,59926,6588,11.9863,4378,10,59926
2013000,8192,0,0,0,515325952,0,515334144,0,6553,11.9693,4268,529,0x0000000000,386,1982,0,20,59946,6553,11.9693,4268,20,59946
2014000,8192,0,0,0,515579904,0,515588096,0,6572,11.9641,4344,545,0x0000000000,433,2051,0,24,59970,6572,11.9641,4344,24,59970
2015000,8192,0,0,0,515833856,0,515842048,0,6550,11.9460,4306,556,0x0000000000,393,1997,0,14,59984,6550,11.9460,4306,14,59984
2016000,8192,0,0,0,516096000,0,516104192,0,6543,11.9305,4310,564,0x0000000000,0,0,0,25,60009,6543,11.9305,4310,25,60009
2017000,8192,0,0,0,516349952,0,516358144,0,6563,11.9641,4365,549,0x0000000000,435,2038,0,28,60037,6563,11.9641,4365,28,60037
2018000,8192,0,0,0,516603904,0,516612096,0,6554,11.9581,4347,538,0x0000000000,386,2019,0,26,60063,6554,11.9581,4347,26,60063
2019000,8192,0,0,0,516857856,0,516866048,0,6621,11.9896,4402,538,0x0000000000,417,2077,0,19,60082,6621,11.9896,4402,19,60082
2020000,8192,0,0,0,517120000,0,517128192,0,6531,11.9927,4321,489,0x0000000000,0,0,0,27,60109,6531,11.9927,4321,27,60109
2021000,8192,0,0,0,517373952,0,517382144,0,6547,11.9426,4321,555,0x0000000000,395,2010,0,19,60128,6547,11.9426,4321,19,60128
2022000,8192,0,0,0,517627904,0,517636096,0,6588,11.9873,4324,526,0x0000000000,399,2027,0,24,60152,6588,11.9873,4324,24,60152
2023000,8192,0,0,0,517881856,0,517890048,0,6514,11.9242,4267,561,0x0000000000,422,1991,0,26,60178,6514,11.9242,4267,26,60178
2024000,8192,0,0,0,518144000,0,518152192,0,6530,11.9348,4278,551,0x0000000000,0,0,0,20,60198,6530,11.9348,4278,20,60198
2025000,8192,0,0,0,518397952,0,518406144,0,6574,11.9650,4345,546,0x0000000000,420,1979,0,25,60223,6574,11.9650,4345,25,60223
2026000,8192,0,0,0,518651904,0,518660096,0,6574,11.9788,4321,513,0x0000000000,417,2061,0,21,60244,6574,11.9788,4321,21,60244
2027000,8192,0,0,0,518905856,0,518914048,0,6626,11.9990,4345,538,0x0000000000,432,1996,0,20,60264,6626,11.9990,4345,20,60264
2028000,8192,0,0,0,519168000,0,519176192,0,6570,11.9960,4291,504,0x0000000000,0,0,0,21,60285,6570,11.9960,4291,21,60285
2029000,8192,0,0,0,519421952,0,519430144,0,6487,11.8713,4301,607,0x0000000000,399,1943,0,17,60302,6487,11.8713,4301,17,60302
2030000,8192,0,0,0,519675904,0,519684096,0,6516,11.9669,4284,527,0x0000000000,410,2048,0,21,60323,6516,11.9669,4284,21,60323
2031000,8192,0,0,0,519929856,0,519938048,0,6609,12.0473,4342,472,0x0000000000,422,2005,0,25,60348,6609,12.0473,4342,25,60348
2032000,8192,0,0,0,520192000,0,520200192,0,6582,11.9745,4349,538,0x0000000000,0,0,0,19,60367,6582,11.9745,4349,19,60367
2033000,8192,0,0,0,520445952,0,520454144,0,6572,12.0057,4403,492,0x0000000000,401,2028,0,29,60396,6572,12.0057,4403,29,60396
2034000,8192,0,0,0,520699904,0,520708096,0,6587,12.0244,4323,481,0x0000000000,415,2038,0,19,60415,6587,12.0244,4323,19,60415
2035000,8192,0,0,0,520953856,0,520962048,0,6629,12.0264,4429,491,0x0000000000,424,2011,0,23,60438,6629,12.0264,4429,23,60438
2036000,8192,0,0,0,521216000,0,521224192,0,6559,11.9491,4388,554,0x0000000000,0,0,0,20,60458,6559,11.9491,4388,20,60458
2037000,8192,0,0,0,521469952,0,521478144,0,6579,12.0045,4273,508,0x0000000000,445,2022,0,25,60483,6579,12.0045,4273,25,60483
2038000,8192,0,0,0,521723904,0,521732096,0,6563,11.9881,4253,510,0x0000000000,411,2011,0,21,60504,6563,11.9881,4253,21,60504
2039000,8192,0,0,0,521977856,0,521986048,0,6512,11.9367,4253,555,0x0000000000,456,1916,0,22,60526,6512,11.9367,4253,22,60526
2040000,8192,0,0,0,522240000,0,522248192,0,6466,11.8887,4263,586,0x0000000000,0,0,0,20,60546,6466,11.8887,4263,20,60546
2041000,8192,0,0,0,522493952,0,522502144,0,6574,11.9784,4292,528,0x0000000000,380,1983,0,20,60566,6574,11.9784,4292,20,60566
2042000,8192,0,0,0,522747904,0,522756096,0,6478,11.9056,4235,566,0x0000000000,394,2020,0,23,60589,6478,11.9056,4235,23,60589
2043000,8192,0,0,0,523001856,0,523010048,0,6537,11.9502,4305,541,0x0000000000,410,1976,0,29,60618,6537,11.9502,4305,29,60618
2044000,8192,0,0,0,523264000,0,523272192,0,6608,11.9900,4365,541,0x0000000000,0,0,0,21,60639,6608,11.9900,4365,21,60639
2045000,8192,0,0,0,523517952,0,523526144,0,6618,11.9874,4372,546,0x0000000000,412,2084,0,15,60654,6618,11.9874,4372,15,60654
2046000,8192,0,0,0,523771904,0,523780096,0,6546,11.9437,4274,548,0x0000000000,409,2004,0,32,60686,6546,11.9437,4274,32,60686
2047000,8192,0,0,0,524025856,0,524034048,0,6536,11.9675,4323,525,0x0000000000,442,2042,0,27,60713,6536,11.9675,4323,27,60713
2048000,8192,0,0,0,524288000,0,524296192,0,6590,11.9806,4363,542,0x0000000000,0,0,0,17,60730,6590,11.9806,4363,17,60730
2049000,8192,0,0,0,524541952,0,524550144,0,6504,11.9425,4184,535,0x0000000000,395,2006,0,16,60746,6504,11.9425,4184,16,60746
2050000,8192,0,0,0,524795904,0,524804096,0,6547,11.9744,4310,523,0x0000000000,420,1991,0,23,60769,6547,11.9744,4310,23,60769
2051000,8192,0,0,0,525049856,0,525058048,0,6584,11.9637,4347,538,0x0000000000,411,1996,0,21,60790,6584,11.9637,4347,21,60790
2052000,8192,0,0,0,525312000,0,525320192,0,6591,11.9915,4278,544,0x0000000000,0,0,0,26,60816,6591,11.9915,4278,26,60816
2053000,8192,0,0,0,525565952,0,525574144,0,6557,11.9422,4298,566,0x0000000000,408,2021,0,26,60842,6557,11.9422,4298,26,60842
2054000,8192,0,0,0,525819904,0,525828096,0,6564,11.9742,4324,527,0x0000000000,429,1984,0,20,60862,6564,11.9742,4324,20,60862
2055000,8192,0,0,0,526073856,0,526082048,0,6530,11.9437,4273,548,0x0000000000,385,2033,0,23,60885,6530,11.9437,4273,23,60885
2056000,8192,0,0,0,526336000,0,526344192,0,6564,11.9744,4306,541,0x0000000000,0,0,0,26,60911,6564,11.9744,4306,26,60911
2057000,8192,0,0,0,526589952,0,526598144,0,6612,12.0021,4319,517,0x0000000000,406,1995,0,24,60935,6612,12.0021,4319,24,60935
2058000,8192,0,0,0,526843904,0,526852096,0,6560,12.0118,4269,493,0x0000000000,428,2050,0,18,60953,6560,12.0118,4269,18,60953
2059000,8192,0,0,0,527097856,0,527106048,0,6601,11.9811,4303,535,0x0000000000,414,2030,0,21,60974,6601,11.9811,4303,21,60974
2060000,8192,0,0,0,527360000,0,527368192,0,6560,11.9498,4307,543,0x0000000000,0,0,0,21,60995,6560,11.9498,4307,21,60995
2061000,8192,0,0,0,527613952,0,527622144,0,6578,11.9810,4300,526,0x0000000000,415,1920,0,26,61021,6578,11.9810,4300,26,61021
2062000,8192,0,0,0,527867904,0,527876096,0,6577,11.9877,4272,508,0x0000000000,401,1975,0,21,61042,6577,11.9877,4272,21,61042
2063000,8192,0,0,0,528121856,0,528130048,0,6462,11.9032,4253,549,0x0000000000,399,1996,0,25,61067,6462,11.9032,4253,25,61067
2064000,8192,0,0,0,528384000,0,528392192,0,6553,11.9361,4266,561,0x0000000000,0,0,0,25,61092,6553,11.9361,4266,25,61092
2065000,8192,0,0,0,528637952,0,528646144,0,6480,11.9039,4236,554,0x0000000000,375,1985,0,27,61119,6480,11.9039,4236,27,61119
2066000,8192,0,0,0,528891904,0,528900096,0,6592,11.9990,4295,515,0x0000000000,365,1989,0,24,61143,6592,11.9990,4295,24,61143
2067000,8192,0,0,0,529145856,0,529154048,0,6549,11.9892,4227,507,0x0000000000,407,1996,0,29,61172,6549,11.9892,4227,29,61172
2068000,8192,0,0,0,529408000,0,529416192,0,6563,11.9679,4358,534,0x0000000000,0,0,0,27,61199,6563,11.9679,4358,27,61199
2069000,8192,0,0,0,529661952,0,529670144,0,6519,11.9469,4248,532,0x0000000000,379,1976,0,23,61222,6519,11.9469,4248,23,61222
2070000,8192,0,0,0,529915904,0,529924096,0,6526,11.9342,4345,547,0x0000000000,411,2132,0,24,61246,6526,11.9342,4345,24,61246
2071000,8192,0,0,0,530169856,0,530178048,0,6533,11.9503,4280,531,0x0000000000,392,1996,0,20,61266,6533,11.9503,4280,20,61266
2072000,8192,0,0,0,530432000,0,530440192,0,6584,12.0185,4346,486,0x0000000000,0,0,0,23,61289,6584,12.0185,4346,23,61289
2073000,8192,0,0,0,530685952,0,530694144,0,6548,11.9129,4290,583,0x0000000000,419,2013,0,21,61310,6548,11.9129,4290,21,61310
2074000,8192,0,0,0,530939904,0,530948096,0,6583,11.9676,4323,539,0x0000000000,386,2072,0,18,61328,6583,11.9676,4323,18,61328
2075000,8192,0,0,0,531193856,0,531202048,0,6524,11.9433,4324,535,0x0000000000,356,2074,0,16,61344,6524,11.9433,4324,16,61344
2076000,8192,0,0,0,531456000,0,531464192,0,6533,11.9430,4258,542,0x0000000000,0,0,0,16,61360,6533,11.9430,4258,16,61360
2077000,8192,0,0,0,531709952,0,531718144,0,6477,11.9191,4235,547,0x0000000000,420,2061,0,20,61380,6477,11.9191,4235,20,61380
2078000,8192,0,0,0,531963904,0,531972096,0,6531,11.9571,4246,524,0x0000000000,393,2030,0,19,61399,6531,11.9571,4246,19,61399
2079000,8192,0,0,0,532217856,0,532226048,0,6573,11.9860,4299,522,0x0000000000,387,1978,0,23,61422,6573,11.9860,4299,23,61422
2080000,8192,0,0,0,532480000,0,532488192,0,6578,11.9623,4350,552,0x0000000000,0,0,0,10,61432,6578,11.9623,4350,10,61432
2081000,8192,0,0,0,532733952,0,532742144,0,6572,11.9663,4341,541,0x0000000000,380,1947,0,21,61453,6572,11.9663,4341,21,61453
2082000,8192,0,0,0,532987904,0,532996096,0,6591,12.0122,4373,500,0x0000000000,383,2063,0,9,61462,6591,12.0122,4373,9,61462
2083000,8192,0,0,0,533241856,0,533250048,0,6517,11.9149,4330,572,0x0000000000,385,1988,0,21,61483,6517,11.9149,4330,21,61483
2084000,8192,0,0,0,533504000,0,533512192,0,6583,11.9754,4331,544,0x0000000000,0,0,0,20,61503,6583,11.9754,4331,20,61503
2085000,8192,0,0,0,533757952,0,533766144,0,6566,11.9305,4271,583,0x0000000000,388,2030,0,9,61512,6566,11.9305,4271,9,61512
2086000,8192,0,0,0,534011904,0,534020096,0,6613,12.0128,4355,501,0x0000000000,445,2002,0,19,61531,6613,12.0128,4355,19,61531
2087000,8192,0,0,0,534265856,0,534274048,0,6587,11.9731,4364,544,0x0000000000,451,2014,0,20,61551,6587,11.9731,4364,20,61551
2088000,8192,0,0,0,534528000,0,534536192,0,6542,11.9803,4283,523,0x0000000000,0,0,0,16,61567,6542,11.9803,4283,16,61567
2089000,8192,0,0,0,534781952,0,534790144,0,6595,11.9970,4329,530,0x0000000000,391,2043,0,14,61581,6595,11.9970,4329,14,61581
2090000,8192,0,0,0,535035904,0,535044096,0,6557,11.9938,4301,508,0x0000000000,425,2049,0,23,61604,6557,11.9938,4301,23,61604
2091000,8192,0,0,0,535289856,0,535298048,0,6567,12.0000,4295,502,0x0000000000,416,1991,0,21,61625,6567,12.0000,4295,21,61625
2092000,8192,0,0,0,535552000,0,535560192,0,6560,11.9848,4334,525,0x0000000000,0,0,0,29,61654,6560,11.9848,4334,29,61654
2093000,8192,0,0,0,535805952,0,535814144,0,6518,11.9437,4287,542,0x0000000000,414,1989,0,18,61672,6518,11.9437,4287,18,61672
2094000,8192,0,0,0,536059904,0,536068096,0,6561,11.9923,4302,504,0x0000000000,417,1989,0,25,61697,6561,11.9923,4302,25,61697
2095000,8192,0,0,0,536313856,0,536322048,0,6498,11.9210,4181,557,0x0000000000,412,1946,0,23,61720,6498,11.9210,4181,23,61720
2096000,8192,0,0,0,536576000,0,536584192,0,6533,11.9486,4322,546,0x0000000000,0,0,0,20,61740,6533,11.9486,4322,20,61740
2097000,8192,0,0,0,536829952,0,536838144,0,6480,11.9287,4239,532,0x0000000000,424,1949,0,22,61762,6480,11.9287,4239,22,61762
2098000,8192,0,0,0,537083904,0,537092096,0,6591,11.9857,4305,537,0x0000000000,388,2105,0,20,61782,6591,11.9857,4305,20,61782
2099000,8192,0,0,0,537337856,0,537346048,0,6520,11.9313,4246,554,0x0000000000,392,2006,0,15,61797,6520,11.9313,4246,15,61797
2100000,8192,0,0,0,537600000,0,537608192,0,6575,11.9514,4296,566,0x0000000000,0,0,0,23,61820,6575,11.9514,4296,23,61820
2101000,8192,0,0,0,537853952,0,537862144,0,6543,11.9552,4359,536,0x0000000000,454,2048,0,16,61836,6543,11.9552,4359,16,61836
2102000,8192,0,0,0,538107904,0,538116096,0,6551,11.9847,4293,509,0x0000000000,390,2028,0,28,61864,6551,11.9847,4293,28,61864
2103000,8192,0,0,0,538361856,0,538370048,0,6526,11.9111,4307,584,0x0000000000,408,1994,0,17,61881,6526,11.9111,4307,17,61881
2104000,8192,0,0,0,538624000,0,538632192,0,6550,11.9617,4282,533,0x0000000000,0,0,0,15,61896,6550,11.9617,4282,15,61896
2105000,8192,0,0,0,538877952,0,538886144,0,6545,11.9675,4342,528,0x0000000000,418,2023,0,23,61919,6545,11.9675,4342,23,61919
2106000,8192,0,0,0,539131904,0,539140096,0,6571,11.9930,4321,516,0x0000000000,420,2093,0,26,61945,6571,11.9930,4321,26,61945
2107000,8192,0,0,0,539385856,0,539394048,0,6552,11.9645,4314,539,0x0000000000,422,2024,0,30,61975,6552,11.9645,4314,30,61975
2108000,8192,0,0,0,539648000,0,539656192,0,6584,11.9991,4304,511,0x0000000000,0,0,0,26,62001,6584,11.9991,4304,26,62001
2109000,8192,0,0,0,539901952,0,539910144,0,6622,12.0263,4312,490,0x0000000000,425,2058,0,24,62025,6622,12.0263,4312,24,62025
2110000,8192,0,0,0,540155904,0,540164096,0,6488,11.8963,4251,581,0x0000000000,395,1966,0,23,62048,6488,11.8963,4251,23,62048
2111000,8192,0,0,0,540409856,0,540418048,0,6534,11.9725,4258,519,0x0000000000,433,2024,0,17,62065,6534,11.9725,4258,17,62065
2112000,8192,0,0,0,540672000,0,540680192,0,6539,11.9630,4245,529,0x0000000000,0,0,0,29,62094,6539,11.9630,4245,29,62094
2113000,8192,0,0,0,540925952,0,540934144,0,6577,11.9895,4281,523,0x0000000000,408,2000,0,20,62114,6577,11.9895,4281,20,62114
2114000,8192,0,0,0,541179904,0,541188096,0,6567,11.9962,4305,509,0x0000000000,401,1989,0,19,62133,6567,11.9962,4305,19,62133
2115000,8192,0,0,0,541433856,0,541442048,0,6581,12.0182,4259,489,0x0000000000,429,2049,0,13,62146,6581,12.0182,4259,13,62146
2116000,8192,0,0,0,541696000,0,541704192,0,6577,11.9753,4346,525,0x0000000000,0,0,0,21,62167,6577,11.9753,4346,21,62167
2117000,8192,0,0,0,541949952,0,541958144,0,6615,12.0171,4298,510,0x0000000000,378,2065,0,19,62186,6615,12.0171,4298,19,62186
2118000,8192,0,0,0,542203904,0,542212096,0,6552,11.9582,4307,539,0x0000000000,397,1977,0,25,62211,6552,11.9582,4307,25,62211
2119000,8192,0,0,0,542457856,0,542466048,0,6568,11.9975,4244,515,0x0000000000,420,1996,0,24,62235,6568,11.9975,4244,24,62235
2120000,8192,0,0,0,542720000,0,542728192,0,6530,11.9549,4255,535,0x0000000000,0,0,0,21,62256,6530,11.9549,4255,21,62256
2121000,8192,0,0,0,542973952,0,542982144,0,6591,11.9974,4267,516,0x0000000000,451,2072,0,21,62277,6591,11.9974,4267,21,62277
2122000,8192,0,0,0,543227904,0,543236096,0,6597,11.9904,4277,549,0x0000000000,394,1967,0,28,62305,6597,11.9904,4277,28,62305
2123000,8192,0,0,0,543481856,0,543490048,0,6572,11.9778,4310,535,0x0000000000,419,1958,0,18,62323,6572,11.9778,4310,18,62323
2124000,8192,0,0,0,543744000,0,543752192,0,6556,12.0086,4237,493,0x0000000000,0,0,0,27,62350,6556,12.0086,4237,27,62350
2125000,8192,0,0,0,543997952,0,544006144,0,6588,12.0223,4318,486,0x0000000000,409,2010,0,19,62369,6588,12.0223,4318,19,62369
2126000,8192,0,0,0,544251904,0,544260096,0,6531,11.9204,4248,573,0x0000000000,416,2004,0,19,62388,6531,11.9204,4248,19,62388
2127000,8192,0,0,0,544505856,0,544514048,0,6566,11.9788,4305,520,0x0000000000,394,2019,0,28,62416,6566,11.9788,4305,28,62416
2128000,8192,0,0,0,544768000,0,544776192,0,6551,11.9491,4279,547,0x0000000000,0,0,0,22,62438,6551,11.9491,4279,22,62438
2129000,8192,0,0,0,545021952,0,545030144,0,6598,11.9874,4294,531,0x0000000000,395,2032,0,18,62456,6598,11.9874,4294,18,62456
2130000,8192,0,0,0,545275904,0,545284096,0,6527,11.9469,4279,547,0x0000000000,400,2063,0,19,62475,6527,11.9469,4279,19,62475
2131000,8192,0,0,0,545529856,0,545538048,0,6542,11.9730,4244,521,0x0000000000,419,1968,0,20,62495,6542,11.9730,4244,20,62495
2132000,8192,0,0,0,545792000,0,545800192,0,6513,11.9365,4217,549,0x0000000000,0,0,0,21,62516,6513,11.9365,4217,21,62516
2133000,8192,0,0,0,546045952,0,546054144,0,6590,11.9732,4291,542,0x0000000000,410,2105,0,17,62533,6590,11.9732,4291,17,62533
2134000,8192,0,0,0,546299904,0,546308096,0,6573,11.9760,4320,533,0x0000000000,386,1998,0,28,62561,6573,11.9760,4320,28,62561
2135000,8192,0,0,0,546553856,0,546562048,0,6495,11.9278,4262,537,0x0000000000,391,1966,0,13,62574,6495,11.9278,4262,13,62574
2136000,8192,0,0,0,546816000,0,546824192,0,6505,11.9453,4296,537,0x0000000000,0,0,0,20,62594,6505,11.9453,4296,20,62594
2137000,8192,0,0,0,547069952,0,547078144,0,6525,11.9374,4342,566,0x0000000000,458,2081,0,17,62611,6525,11.9374,4342,17,62611
2138000,8192,0,0,0,547323904,0,547332096,0,6522,11.9272,4301,566,0x0000000000,396,1971,0,14,62625,6522,11.9272,4301,14,62625
2139000,8192,0,0,0,547577856,0,547586048,0,6582,11.9623,4373,563,0x0000000000,448,2100,0,24,62649,6582,11.9623,4373,24,62649
2140000,8192,0,0,0,547840000,0,547848192,0,6611,12.0100,4336,521,0x0000000000,0,0,0,23,62672,6611,12.0100,4336,23,62672
2141000,8192,0,0,0,548093952,0,548102144,0,6589,11.9975,4329,522,0x0000000000,423,1975,0,19,62691,6589,11.9975,4329,19,62691
2142000,8192,0,0,0,548347904,0,548356096,0,6553,11.9856,4293,514,0x0000000000,369,1994,0,18,62709,6553,11.9856,4293,18,62709
2143000,8192,0,0,0,548601856,0,548610048,0,6562,11.9665,4302,550,0x0000000000,417,2048,0,29,62738,6562,11.9665,4302,29,62738
2144000,8192,0,0,0,548864000,0,548872192,0,6619,11.9894,4371,545,0x0000000000,0,0,0,20,62758,6619,11.9894,4371,20,62758
2145000,8192,0,0,0,549117952,0,549126144,0,6487,11.9058,4193,567,0x0000000000,415,2029,0,23,62781,6487,11.9058,4193,23,62781
2146000,8192,0,0,0,549371904,0,549380096,0,6569,11.9767,4300,529,0x0000000000,470,2052,0,17,62798,6569,11.9767,4300,17,62798
2147000,8192,0,0,0,549625856,0,549634048,0,6573,11.9885,4301,524,0x0000000000,393,1995,0,14,62812,6573,11.9885,4301,14,62812
2148000,8192,0,0,0,549888000,0,549896192,0,6540,11.9659,4315,526,0x0000000000,0,0,0,24,62836,6540,11.9659,4315,24,62836
2149000,8192,0,0,0,550141952,0,550150144,0,6502,11.9474,4216,540,0x0000000000,399,1979,0,23,62859,6502,11.9474,4216,23,62859
2150000,8192,0,0,0,550395904,0,550404096,0,6560,11.9702,4296,541,0x0000000000,411,2013,0,24,62883,6560,11.9702,4296,24,62883
2151000,8192,0,0,0,550649856,0,550658048,0,6575,11.9752,4241,546,0x0000000000,366,1979,0,13,62896,6575,11.9752,4241,13,62896
2152000,8192,0,0,0,550912000,0,550920192,0,6625,12.0343,4360,488,0x0000000000,0,0,0,17,62913,6625,12.0343,4360,17,62913
2153000,8192,0,0,0,551165952,0,551174144,0,6478,11.9354,4201,537,0x0000000000,414,1986,0,21,62934,6478,11.9354,4201,21,62934
2154000,8192,0,0,0,551419904,0,551428096,0,6574,11.9695,4298,534,0x0000000000,402,2041,0,29,62963,6574,11.9695,4298,29,62963
2155000,8192,0,0,0,551673856,0,551682048,0,6549,11.9710,4316,534,0x0000000000,419,2007,0,22,62985,6549,11.9710,4316,22,62985
2156000,8192,0,0,0,551936000,0,551944192,0,6552,11.9756,4285,534,0x0000000000,0,0,0,18,63003,6552,11.9756,4285,18,63003
2157000,8192,0,0,0,552189952,0,552198144,0,6544,11.9648,4280,535,0x0000000000,403,2020,0,22,63025,6544,11.9648,4280,22,63025
2158000,8192,0,0,0,552443904,0,552452096,0,6583,11.9910,4302,514,0x0000000000,413,2024,0,18,63043,6583,11.9910,4302,18,63043
2159000,8192,0,0,0,552697856,0,552706048,0,6549,11.9623,4240,542,0x0000000000,416,1960,0,24,63067,6549,11.9623,4240,24,63067
2160000,8192,0,0,0,552960000,0,552968192,0,6568,11.9645,4290,541,0x0000000000,0,0,0,18,63085,6568,11.9645,4290,18,63085
2161000,8192,0,0,0,553213952,0,553222144,0,6629,11.9946,4386,531,0x0000000000,435,2098,0,19,63104,6629,11.9946,4386,19,63104
2162000,8192,0,0,0,553467904,0,553476096,0,6582,11.9723,4351,521,0x0000000000,390,2025,0,15,63119,6582,11.9723,4351,15,63119
2163000,8192,0,0,0,553721856,0,553730048,0,6611,12.0108,4295,516,0x0000000000,419,1982,0,24,63143,6611,12.0108,4295,24,63143
2164000,8192,0,0,0,553984000,0,553992192,0,6508,11.9461,4266,529,0x0000000000,0,0,0,20,63163,6508,11.9461,4266,20,63163
2165000,8192,0,0,0,554237952,0,554246144,0,6524,11.9855,4259,490,0x0000000000,414,2058,0,25,63188,6524,11.9855,4259,25,63188
2166000,8192,0,0,0,554491904,0,554500096,0,6596,11.9882,4268,534,0x0000000000,385,1974,0,15,63203,6596,11.9882,4268,15,63203
2167000,8192,0,0,0,554745856,0,554754048,0,6491,11.8963,4238,581,0x0000000000,391,2014,0,16,63219,6491,11.8963,4238,16,63219
2168000,8192,0,0,0,555008000,0,555016192,0,6576,11.9911,4239,520,0x0000000000,0,0,0,19,63238,6576,11.9911,4239,19,63238
2169000,8192,0,0,0,555261952,0,555270144,0,6549,11.9508,4314,552,0x0000000000,397,2058,0,18,63256,6549,11.9508,4314,18,63256
2170000,8192,0,0,0,555515904,0,555524096,0,6593,12.0368,4227,474,0x0000000000,414,2038,0,20,63276,6593,12.0368,4227,20,63276
2171000,8192,0,0,0,555769856,0,555778048,0,6564,11.9806,4252,536,0x0000000000,376,2000,0,29,63305,6564,11.9806,4252,29,63305
2172000,8192,0,0,0,556032000,0,556040192,0,6527,11.9581,4242,544,0x0000000000,0,0,0,19,63324,6527,11.9581,4242,19,63324
2173000,8192,0,0,0,556285952,0,556294144,0,6565,11.9846,4260,523,0x0000000000,396,2011,0,20,63344,6565,11.9846,4260,20,63344
2174000,8192,0,0,0,556539904,0,556548096,0,6560,11.9569,4340,543,0x0000000000,404,2103,0,10,63354,6560,11.9569,4340,10,63354
2175000,8192,0,0,0,556793856,0,556802048,0,6493,11.9352,4206,552,0x0000000000,424,1983,0,27,63381,6493,11.9352,4206,27,63381
2176000,8192,0,0,0,557056000,0,557064192,0,6601,11.9872,4360,536,0x0000000000,0,0,0,23,63404,6601,11.9872,4360,23,63404
2177000,8192,0,0,0,557309952,0,557318144,0,6547,12.0039,4275,483,0x0000000000,424,2011,0,24,63428,6547,12.0039,4275,24,63428
2178000,8192,0,0,0,557563904,0,557572096,0,6543,11.9492,4223,532,0x0000000000,421,2005,0,11,63439,6543,11.9492,4223,11,63439
2179000,8192,0,0,0,557817856,0,557826048,0,6599,11.9862,4244,530,0x0000000000,387,2033,0,30,63469,6599,11.9862,4244,30,63469
2180000,8192,0,0,0,558080000,0,558088192,0,6560,11.9908,4184,508,0x0000000000,0,0,0,21,63490,6560,11.9908,4184,21,63490
2181000,8192,0,0,0,558333952,0,558342144,0,6545,11.9408,4311,558,0x0000000000,411,2090,0,15,63505,6545,11.9408,4311,15,63505
2182000,8192,0,0,0,558587904,0,558596096,0,6529,11.9650,4219,518,0x0000000000,417,2028,0,26,63531,6529,11.9650,4219,26,63531
2183000,8192,0,0,0,558841856,0,558850048,0,6544,11.9506,4284,543,0x0000000000,389,2018,0,25,63556,6544,11.9506,4284,25,63556
2184000,8192,0,0,0,559104000,0,559112192,0,6597,11.9978,4372,513,0x0000000000,0,0,0,20,63576,6597,11.9978,4372,20,63576
2185000,8192,0,0,0,559357952,0,559366144,0,6561,11.9572,4231,549,0x0000000000,395,1992,0,17,63593,6561,11.9572,4231,17,63593
2186000,8192,0,0,0,559611904,0,559620096,0,6552,11.9277,4315,575,0x0000000000,401,2000,0,15,63608,6552,11.9277,4315,15,63608
2187000,8192,0,0,0,559865856,0,559874048,0,6513,11.9466,4224,525,0x0000000000,408,2011,0,18,63626,6513,11.9466,4224,18,63626
2188000,8192,0,0,0,560128000,0,560136192,0,6499,11.9399,4146,527,0x0000000000,0,0,0,21,63647,6499,11.9399,4146,21,63647
2189000,8192,0,0,0,560381952,0,560390144,0,6530,11.9637,4281,514,0x0000000000,419,2052,0,17,63664,6530,11.9637,4281,17,63664
2190000,8192,0,0,0,560635904,0,560644096,0,6587,11.9822,4301,538,0x0000000000,374,2026,0,17,63681,6587,11.9822,4301,17,63681
2191000,8192,0,0,0,560889856,0,560898048,0,6580,11.9962,4305,509,0x0000000000,442,2023,0,19,63700,6580,11.9962,4305,19,63700
2192000,8192,0,0,0,561152000,0,561160192,0,6511,11.9426,4227,537,0x0000000000,0,0,0,18,63718,6511,11.9426,4227,18,63718
2193000,8192,0,0,0,561405952,0,561414144,0,6523,11.9506,4286,548,0x0000000000,402,2047,0,15,63733,6523,11.9506,4286,15,63733
2194000,8192,0,0,0,561659904,0,561668096,0,6522,11.9407,4239,545,0x0000000000,428,1985,0,21,63754,6522,11.9407,4239,21,63754
2195000,8192,0,0,0,561913856,0,561922048,0,6575,11.9882,4321,521,0x0000000000,386,2018,0,11,63765,6575,11.9882,4321,11,63765
2196000,8192,0,0,0,562176000,0,562184192,0,6573,11.9910,4332,517,0x0000000000,0,0,0,20,63785,6573,11.9910,4332,20,63785
2197000,8192,0,0,0,562429952,0,562438144,0,6591,11.9842,4283,544,0x0000000000,405,2055,0,27,63812,6591,11.9842,4283,27,63812
2198000,8192,0,0,0,562683904,0,562692096,0,6566,11.9814,4258,519,0x0000000000,376,2012,0,16,63828,6566,11.9814,4258,16,63828
2199000,8192,0,0,0,562937856,0,562946048,0,6552,11.9514,4290,554,0x0000000000,365,1976,0,18,63846,6552,11.9514,4290,18,63846
2200000,8192,0,0,0,563200000,0,563208192,0,6543,11.9571,4256,548,0x0000000000,0,0,0,20,63866,6543,11.9571,4256,20,63866
2201000,8192,0,0,0,563453952,0,563462144,0,6539,11.9568,4320,538,0x0000000000,400,1948,0,25,63891,6539,11.9568,4320,25,63891
2202000,8192,0,0,0,563707904,0,563716096,0,6562,11.9967,4257,504,0x0000000000,433,2066,0,30,63921,6562,11.9967,4257,30,63921
2203000,8192,0,0,0,563961856,0,563970048,0,6597,11.9821,4279,532,0x0000000000,394,2000,0,12,63933,6597,11.9821,4279,12,63933
2204000,8192,0,0,0,564224000,0,564232192,0,6591,11.9788,4367,532,0x0000000000,0,0,0,12,63945,6591,11.9788,4367,12,63945
2205000,8192,0,0,0,564477952,0,564486144,0,6551,11.9697,4288,521,0x0000000000,399,2020,0,25,63970,6551,11.9697,4288,25,63970
2206000,8192,0,0,0,564731904,0,564740096,0,6559,11.9719,4226,540,0x0000000000,405,1954,0,16,63986,6559,11.9719,4226,16,63986
2207000,8192,0,0,0,564985856,0,564994048,0,6607,11.9962,4328,534,0x0000000000,447,2050,0,28,64014,6607,11.9962,4328,28,64014
2208000,8192,0,0,0,565248000,0,565256192,0,6629,12.0279,4291,494,0x0000000000,0,0,0,22,64036,6629,12.0279,4291,22,64036
2209000,8192,0,0,0,565501952,0,565510144,0,6577,11.9859,4225,528,0x0000000000,413,2020,0,22,64058,6577,11.9859,4225,22,64058
2210000,8192,0,0,0,565755904,0,565764096,0,6591,11.9720,4279,543,0x0000000000,445,2034,0,13,64071,6591,11.9720,4279,13,64071
2211000,8192,0,0,0,566009856,0,566018048,0,6484,11.8856,4183,588,0x0000000000,367,2014,0,23,64094,6484,11.8856,4183,23,64094
2212000,8192,0,0,0,566272000,0,566280192,0,6483,11.9464,4140,515,0x0000000000,0,0,0,29,64123,6483,11.9464,4140,29,64123
2213000,8192,0,0,0,566525952,0,566534144,0,6609,11.9684,4293,560,0x0000000000,390,2040,0,22,64145,6609,11.9684,4293,22,64145
2214000,8192,0,0,0,566779904,0,566788096,0,6535,11.9862,4236,515,0x0000000000,391,2075,0,30,64175,6535,11.9862,4236,30,64175
2215000,8192,0,0,0,567033856,0,567042048,0,6551,11.9845,4161,526,0x0000000000,418,2015,0,23,64198,6551,11.9845,4161,23,64198
2216000,8192,0,0,0,567296000,0,567304192,0,6586,12.0130,4301,508,0x0000000000,0,0,0,17,64215,6586,12.0130,4301,17,64215
2217000,8192,0,0,0,567549952,0,567558144,0,6605,12.0022,4359,515,0x0000000000,447,1993,0,19,64234,6605,12.0022,4359,19,64234
2218000,8192,0,0,0,567803904,0,567812096,0,6598,11.9706,4296,560,0x0000000000,408,2058,0,24,64258,6598,11.9706,4296,24,64258
2219000,8192,0,0,0,568057856,0,568066048,0,6572,11.9858,4298,521,0x0000000000,426,2011,0,10,64268,6572,11.9858,4298,10,64268
2220000,8192,0,0,0,568320000,0,568328192,0,6565,11.9786,4276,527,0x0000000000,0,0,0,22,64290,6565,11.9786,4276,22,64290
2221000,8192,0,0,0,568573952,0,568582144,0,6551,11.9442,4322,562,0x0000000000,418,2022,0,27,64317,6551,11.9442,4322,27,64317
2222000,8192,0,0,0,568827904,0,568836096,0,6538,11.9654,4298,529,0x0000000000,390,2024,0,23,64340,6538,11.9654,4298,23,64340
2223000,8192,0,0,0,569081856,0,569090048,0,6513,11.8975,4250,578,0x0000000000,393,2020,0,31,64371,6513,11.8975,4250,31,64371
2224000,8192,0,0,0,569344000,0,569352192,0,6569,11.9899,4338,531,0x0000000000,0,0,0,21,64392,6569,11.9899,4338,21,64392
2225000,8192,0,0,0,569597952,0,569606144,0,6519,11.9337,4270,553,0x0000000000,429,2013,0,20,64412,6519,11.9337,4270,20,64412
2226000,8192,0,0,0,569851904,0,569860096,0,6597,11.9974,4294,520,0x0000000000,389,1970,0,16,64428,6597,11.9974,4294,16,64428
2227000,8192,0,0,0,570105856,0,570114048,0,6574,12.0034,4243,512,0x0000000000,403,1973,0,17,64445,6574,12.0034,4243,17,64445
2228000,8192,0,0,0,570368000,0,570376192,0,6545,11.9237,4230,583,0x0000000000,0,0,0,22,64467,6545,11.9237,4230,22,64467
2229000,8192,0,0,0,570621952,0,570630144,0,6522,11.9256,4214,561,0x0000000000,383,1980,0,25,64492,6522,11.9256,4214,25,64492
2230000,8192,0,0,0,570875904,0,570884096,0,6608,11.9551,4249,582,0x0000000000,425,1968,0,18,64510,6608,11.9551,4249,18,64510
2231000,8192,0,0,0,571129856,0,571138048,0,6583,11.9772,4272,538,0x0000000000,376,1965,0,21,64531,6583,11.9772,4272,21,64531
2232000,8192,0,0,0,571392000,0,571400192,0,6608,12.0141,4358,511,0x0000000000,0,0,0,26,64557,6608,12.0141,4358,26,64557
2233000,8192,0,0,0,571645952,0,571654144,0,6569,11.9706,4282,530,0x0000000000,455,2025,0,21,64578,6569,11.9706,4282,21,64578
2234000,8192,0,0,0,571899904,0,571908096,0,6591,12.0027,4263,507,0x0000000000,435,2025,0,16,64594,6591,12.0027,4263,16,64594
2235000,8192,0,0,0,572153856,0,572162048,0,6541,11.9634,4248,518,0x0000000000,409,1987,0,24,64618,6541,11.9634,4248,24,64618
2236000,8192,0,0,0,572416000,0,572424192,0,6545,11.9654,4217,529,0x0000000000,0,0,0,19,64637,6545,11.9654,4217,19,64637
2237000,8192,0,0,0,572669952,0,572678144,0,6597,11.9666,4288,551,0x0000000000,431,2050,0,18,64655,6597,11.9666,4288,18,64655
2238000,8192,0,0,0,572923904,0,572932096,0,6548,11.9905,4276,503,0x0000000000,417,2069,0,25,64680,6548,11.9905,4276,25,64680
2239000,8192,0,0,0,573177856,0,573186048,0,6562,11.9495,4270,561,0x0000000000,428,1970,0,34,64714,6562,11.9495,4270,34,64714
2240000,8192,0,0,0,573440000,0,573448192,0,6557,11.9670,4231,530,0x0000000000,0,0,0,17,64731,6557,11.9670,4231,17,64731
2241000,8192,0,0,0,573693952,0,573702144,0,6610,12.0095,4346,525,0x0000000000,436,2016,0,21,64752,6610,12.0095,4346,21,64752
2242000,8192,0,0,0,573947904,0,573956096,0,6537,11.9678,4211,514,0x0000000000,405,1969,0,28,64780,6537,11.9678,4211,28,64780
2243000,8192,0,0,0,574201856,0,574210048,0,6614,11.9689,4324,560,0x0000000000,423,2003,0,15,64795,6614,11.9689,4324,15,64795
2244000,8192,0,0,0,574464000,0,574472192,0,6632,12.0220,4286,512,0x0000000000,0,0,0,24,64819,6632,12.0220,4286,24,64819
2245000,8192,0,0,0,574717952,0,574726144,0,6558,11.9585,4224,545,0x0000000000,400,2064,0,14,64833,6558,11.9585,4224,14,64833
2246000,8192,0,0,0,574971904,0,574980096,0,6616,12.0140,4259,521,0x0000000000,404,2025,0,18,64851,6616,12.0140,4259,18,64851
2247000,8192,0,0,0,575225856,0,575234048,0,6540,11.9367,4197,570,0x0000000000,413,1997,0,21,64872,6540,11.9367,4197,21,64872
2248000,8192,0,0,0,575488000,0,575496192,0,6526,11.9339,4182,550,0x0000000000,0,0,0,15,64887,6526,11.9339,4182,15,64887
2249000,8192,0,0,0,575741952,0,575750144,0,6629,12.0327,4265,501,0x0000000000,396,2032,0,27,64914,6629,12.0327,4265,27,64914
2250000,8192,0,0,0,575995904,0,576004096,0,6583,11.9773,4344,543,0x0000000000,387,2012,0,19,64933,6583,11.9773,4344,19,64933
2251000,8192,0,0,0,576249856,0,576258048,0,6604,12.0223,4342,488,0x0000000000,391,2069,0,25,64958,6604,12.0223,4342,25,64958
2252000,8192,0,0,0,576512000,0,576520192,0,6544,11.9365,4321,558,0x0000000000,0,0,0,19,64977,6544,11.9365,4321,19,64977
2253000,8192,0,0,0,576765952,0,576774144,0,6551,11.9915,4304,507,0x0000000000,391,2045,0,26,65003,6551,11.9915,4304,26,65003
2254000,8192,0,0,0,577019904,0,577028096,0,6595,11.9853,4315,539,0x0000000000,410,2006,0,22,65025,6595,11.9853,4315,22,65025
2255000,8192,0,0,0,577273856,0,577282048,0,6515,11.9221,4263,566,0x0000000000,414,2109,0,25,65050,6515,11.9221,4263,25,65050
2256000,8192,0,0,0,577536000,0,577544192,0,6589,11.9943,4250,520,0x0000000000,0,0,0,19,65069,6589,11.9943,4250,19,65069
2257000,8192,0,0,0,577789952,0,577798144,0,6558,11.9739,4219,517,0x0000000000,425,2004,0,25,65094,6558,11.9739,4219,25,65094
2258000,8192,0,0,0,578043904,0,578052096,0,6587,11.9701,4310,540,0x0000000000,396,2004,0,22,65116,6587,11.9701,4310,22,65116
2259000,8192,0,0,0,578297856,0,578306048,0,6545,11.9718,4259,535,0x0000000000,408,2016,0,24,65140,6545,11.9718,4259,24,65140
2260000,8192,0,0,0,578560000,0,578568192,0,6572,11.9621,4263,550,0x0000000000,0,0,0,22,65162,6572,11.9621,4263,22,65162
2261000,8192,0,0,0,578813952,0,578822144,0,6540,11.9823,4244,512,0x0000000000,404,1987,0,13,65175,6540,11.9823,4244,13,65175
2262000,8192,0,0,0,579067904,0,579076096,0,6576,11.9839,4316,520,0x0000000000,398,2032,0,17,65192,6576,11.9839,4316,17,65192
2263000,8192,0,0,0,579321856,0,579330048,0,6573,11.9903,4241,521,0x0000000000,411,2089,0,13,65205,6573,11.9903,4241,13,65205
2264000,8192,0,0,0,579584000,0,579592192,0,6605,12.0346,4246,476,0x0000000000,0,0,0,19,65224,6605,12.0346,4246,19,65224
2265000,8192,0,0,0,579837952,0,579846144,0,6572,11.9820,4228,525,0x0000000000,408,2015,0,20,65244,6572,11.9820,4228,20,65244
2266000,8192,0,0,0,580091904,0,580100096,0,6571,12.0067,4246,503,0x0000000000,406,2013,0,21,65265,6571,12.0067,4246,21,65265
2267000,8192,0,0,0,580345856,0,580354048,0,6524,11.9411,4276,544,0x0000000000,397,2038,0,28,65293,6524,11.9411,4276,28,65293
2268000,8192,0,0,0,580608000,0,580616192,0,6567,11.9285,4298,581,0x0000000000,0,0,0,18,65311,6567,11.9285,4298,18,65311
2269000,8192,0,0,0,580861952,0,580870144,0,6574,12.0172,4291,478,0x0000000000,413,1991,0,12,65323,6574,12.0172,4291,12,65323
2270000,8192,0,0,0,581115904,0,581124096,0,6574,11.9557,4298,553,0x0000000000,445,2049,0,13,65336,6574,11.9557,4298,13,65336
2271000,8192,0,0,0,581369856,0,581378048,0,6524,11.9469,4212,534,0x0000000000,418,2022,0,21,65357,6524,11.9469,4212,21,65357
2272000,8192,0,0,0,581632000,0,581640192,0,6571,11.9831,4308,525,0x0000000000,0,0,0,22,65379,6571,11.9831,4308,22,65379
2273000,8192,0,0,0,581885952,0,581894144,0,6513,11.9621,4220,516,0x0000000000,376,1995,0,17,65396,6513,11.9621,4220,17,65396
2274000,8192,0,0,0,582139904,0,582148096,0,6610,12.0369,4307,477,0x0000000000,393,2050,0,25,65421,6610,12.0369,4307,25,65421
2275000,8192,0,0,0,582393856,0,582402048,0,6552,11.9436,4293,553,0x0000000000,404,2006,0,16,65437,6552,11.9436,4293,16,65437
2276000,8192,0,0,0,582656000,0,582664192,0,6591,11.9865,4329,528,0x0000000000,0,0,0,23,65460,6591,11.9865,4329,23,65460
2277000,8192,0,0,0,582909952,0,582918144,0,6491,11.9378,4198,519,0x0000000000,377,1965,0,27,65487,6491,11.9378,4198,27,65487
2278000,8192,0,0,0,583163904,0,583172096,0,6563,11.9556,4251,541,0x0000000000,435,2028,0,18,65505,6563,11.9556,4251,18,65505
2279000,8192,0,0,0,583417856,0,583426048,0,6627,12.0598,4241,477,0x0000000000,407,1984,0,24,65529,6627,12.0598,4241,24,65529
2280000,8192,0,0,0,583680000,0,583688192,0,6596,12.0109,4211,499,0x0000000000,0,0,0,23,65552,6596,12.0109,4211,23,65552
2281000,8192,0,0,0,583933952,0,583942144,0,6543,11.9604,4274,543,0x0000000000,412,1978,0,17,65569,6543,11.9604,4274,17,65569
2282000,8192,0,0,0,584187904,0,584196096,0,6524,11.9573,4278,527,0x0000000000,449,1977,0,21,65590,6524,11.9573,4278,21,65590
2283000,8192,0,0,0,584441856,0,584450048,0,6620,11.9945,4347,547,0x0000000000,378,2107,0,25,65615,6620,11.9945,4347,25,65615
2284000,8192,0,0,0,584704000,0,584712192,0,6511,11.9559,4234,527,0x0000000000,0,0,0,24,65639,6511,11.9559,4234,24,65639
2285000,8192,0,0,0,584957952,0,584966144,0,6568,11.9688,4254,547,0x0000000000,434,2004,0,20,65659,6568,11.9688,4254,20,65659
2286000,8192,0,0,0,585211904,0,585220096,0,6548,11.9400,4264,567,0x0000000000,406,2036,0,23,65682,6548,11.9400,4264,23,65682
2287000,8192,0,0,0,585465856,0,585474048,0,6545,11.9507,4269,538,0x0000000000,422,2037,0,22,65704,6545,11.9507,4269,22,65704
2288000,8192,0,0,0,585728000,0,585736192,0,6532,11.9354,4194,570,0x0000000000,0,0,0,21,65725,6532,11.9354,4194,21,65725
2289000,8192,0,0,0,585981952,0,585990144,0,6521,11.9532,4145,542,0x0000000000,390,1975,0,23,65748,6521,11.9532,4145,23,65748
2290000,8192,0,0,0,586235904,0,586244096,0,6565,11.9668,4324,527,0x0000000000,410,1971,0,17,65765,6565,11.9668,4324,17,65765
2291000,8192,0,0,0,586489856,0,586498048,0,6609,11.9931,4312,523,0x0000000000,390,2032,0,22,65787,6609,11.9931,4312,22,65787
2292000,8192,0,0,0,586752000,0,586760192,0,6547,11.9641,4307,518,0x0000000000,0,0,0,16,65803,6547,11.9641,4307,16,65803
2293000,8192,0,0,0,587005952,0,587014144,0,6531,11.9592,4256,545,0x0000000000,421,1960,0,23,65826,6531,11.9592,4256,23,65826
2294000,8192,0,0,0,587259904,0,587268096,0,6618,12.0012,4323,524,0x0000000000,428,2017,0,21,65847,6618,12.0012,4323,21,65847
2295000,8192,0,0,0,587513856,0,587522048,0,6534,11.9587,4202,537,0x0000000000,406,1996,0,24,65871,6534,11.9587,4202,24,65871
2296000,8192,0,0,0,587776000,0,587784192,0,6585,11.9963,4300,523,0x0000000000,0,0,0,22,65893,6585,11.9963,4300,22,65893
2297000,8192,0,0,0,588029952,0,588038144,0,6573,11.9909,4344,527,0x0000000000,415,2058,0,22,65915,6573,11.9909,4344,22,65915
2298000,8192,0,0,0,588283904,0,588292096,0,6557,11.9784,4273,529,0x0000000000,419,2085,0,19,65934,6557,11.9784,4273,19,65934
2299000,8192,0,0,0,588537856,0,588546048,0,6613,12.0032,4304,516,0x0000000000,418,2041,0,20,65954,6613,12.0032,4304,20,65954
2300000,8192,0,0,0,588800000,0,588808192,0,6590,11.9722,4289,546,0x0000000000,0,0,0,22,65976,6590,11.9722,4289,22,65976
2301000,8192,0,0,0,589053952,0,589062144,0,6526,11.9613,4224,517,0x0000000000,407,2047,0,26,66002,6526,11.9613,4224,26,66002
2302000,8192,0,0,0,589307904,0,589316096,0,6638,12.0461,4306,503,0x0000000000,376,2018,0,18,66020,6638,12.0461,4306,18,66020
2303000,8192,0,0,0,589561856,0,589570048,0,6620,11.9929,4316,534,0x0000000000,402,2098,0,15,66035,6620,11.9929,4316,15,66035
2304000,8192,0,0,0,589824000,0,589832192,0,6541,11.9919,4185,508,0x0000000000,0,0,0,20,66055,6541,11.9919,4185,20,66055
2305000,8192,0,0,0,590077952,0,590086144,0,6507,11.9461,4171,532,0x0000000000,415,1978,0,23,66078,6507,11.9461,4171,23,66078
2306000,8192,0,0,0,590331904,0,590340096,0,6542,11.9518,4233,552,0x0000000000,419,1939,0,21,66099,6542,11.9518,4233,21,66099
2307000,8192,0,0,0,590585856,0,590594048,0,6541,11.9202,4237,582,0x0000000000,394,2030,0,12,66111,6541,11.9202,4237,12,66111
2308000,8192,0,0,0,590848000,0,590856192,0,6607,12.0192,4258,509,0x0000000000,0,0,0,23,66134,6607,12.0192,4258,23,66134
2309000,8192,0,0,0,591101952,0,591110144,0,6570,11.9551,4178,570,0x0000000000,363,2001,0,20,66154,6570,11.9551,4178,20,66154
2310000,8192,0,0,0,591355904,0,591364096,0,6615,11.9990,4345,529,0x0000000000,435,2043,0,20,66174,6615,11.9990,4345,20,66174
2311000,8192,0,0,0,591609856,0,591618048,0,6529,11.9634,4215,528,0x0000000000,428,1960,0,26,66200,6529,11.9634,4215,26,66200
2312000,8192,0,0,0,591872000,0,591880192,0,6505,11.9445,4193,544,0x0000000000,0,0,0,30,66230,6505,11.9445,4193,30,66230
2313000,8192,0,0,0,592125952,0,592134144,0,6479,11.9107,4194,558,0x0000000000,435,2036,0,21,66251,6479,11.9107,4194,21,66251
2314000,8192,0,0,0,592379904,0,592388096,0,6582,11.9920,4286,525,0x0000000000,433,2047,0,27,66278,6582,11.9920,4286,27,66278
2315000,8192,0,0,0,592633856,0,592642048,0,6564,11.9520,4317,559,0x0000000000,414,2061,0,24,66302,6564,11.9520,4317,24,66302
2316000,8192,0,0,0,592896000,0,592904192,0,6617,11.9994,4310,520,0x0000000000,0,0,0,20,66322,6617,11.9994,4310,20,66322
2317000,8192,0,0,0,593149952,0,593158144,0,6556,11.9348,4270,568,0x0000000000,410,1990,0,23,66345,6556,11.9348,4270,23,66345
2318000,8192,0,0,0,593403904,0,593412096,0,6575,11.9942,4215,510,0x0000000000,382,2051,0,21,66366,6575,11.9942,4215,21,66366
2319000,8192,0,0,0,593657856,0,593666048,0,6591,11.9950,4222,524,0x0000000000,404,2070,0,21,66387,6591,11.9950,4222,21,66387
2320000,8192,0,0,0,593920000,0,593928192,0,6569,11.9843,4285,516,0x0000000000,0,0,0,22,66409,6569,11.9843,4285,22,66409
2321000,8192,0,0,0,594173952,0,594182144,0,6517,11.9020,4180,597,0x0000000000,413,1994,0,25,66434,6517,11.9020,4180,25,66434
2322000,8192,0,0,0,594427904,0,594436096,0,6569,11.9872,4215,524,0x0000000000,406,2045,0,24,66458,6569,11.9872,4215,24,66458
2323000,8192,0,0,0,594681856,0,594690048,0,6536,11.9534,4274,539,0x0000000000,410,1982,0,17,66475,6536,11.9534,4274,17,66475
2324000,8192,0,0,0,594944000,0,594952192,0,6529,11.9524,4225,537,0x0000000000,0,0,0,24,66499,6529,11.9524,4225,24,66499
2325000,8192,0,0,0,595197952,0,595206144,0,6570,11.9902,4263,517,0x0000000000,415,1986,0,21,66520,6570,11.9902,4263,21,66520
2326000,8192,0,0,0,595451904,0,595460096,0,6651,12.0577,4286,483,0x0000000000,381,2068,0,18,66538,6651,12.0577,4286,18,66538
2327000,8192,0,0,0,595705856,0,595714048,0,6594,12.0214,4262,489,0x0000000000,387,1925,0,15,66553,6594,12.0214,4262,15,66553
2328000,8192,0,0,0,595968000,0,595976192,0,6552,11.9632,4244,529,0x0000000000,0,0,0,21,66574,6552,11.9632,4244,21,66574
2329000,8192,0,0,0,596221952,0,596230144,0,6650,12.0379,4277,507,0x0000000000,400,2032,0,20,66594,6650,12.0379,4277,20,66594
2330000,8192,0,0,0,596475904,0,596484096,0,6532,11.9471,4249,539,0x0000000000,400,1991,0,18,66612,6532,11.9471,4249,18,66612
2331000,8192,0,0,0,596729856,0,596738048,0,6606,11.9799,4279,541,0x0000000000,414,2078,0,16,66628,6606,11.9799,4279,16,66628
2332000,8192,0,0,0,596992000,0,597000192,0,6584,12.0101,4244,508,0x0000000000,0,0,0,17,66645,6584,12.0101,4244,17,66645
2333000,8192,0,0,0,597245952,0,597254144,0,6462,11.8843,4182,564,0x0000000000,422,1967,0,18,66663,6462,11.8843,4182,18,66663
2334000,8192,0,0,0,597499904,0,597508096,0,6557,11.9807,4251,525,0x0000000000,416,1995,0,23,66686,6557,11.9807,4251,23,66686
2335000,8192,0,0,0,597753856,0,597762048,0,6537,11.9608,4241,510,0x0000000000,380,1994,0,18,66704,6537,11.9608,4241,18,66704
2336000,8192,0,0,0,598016000,0,598024192,0,6601,12.0028,4238,534,0x0000000000,0,0,0,28,66732,6601,12.0028,4238,28,66732
2337000,8192,0,0,0,598269952,0,598278144,0,6521,11.9381,4226,557,0x0000000000,409,2048,0,18,66750,6521,11.9381,4226,18,66750
2338000,8192,0,0,0,598523904,0,598532096,0,6509,11.9724,4259,505,0x0000000000,410,2035,0,24,66774,6509,11.9724,4259,24,66774
2339000,8192,0,0,0,598777856,0,598786048,0,6525,11.9199,4233,577,0x0000000000,433,2065,0,22,66796,6525,11.9199,4233,22,66796
2340000,8192,0,0,0,599040000,0,599048192,0,6578,11.9847,4231,516,0x0000000000,0,0,0,19,66815,6578,11.9847,4231,19,66815
2341000,8192,0,0,0,599293952,0,599302144,0,6614,12.0025,4228,518,0x0000000000,417,2070,0,17,66832,6614,12.0025,4228,17,66832
2342000,8192,0,0,0,599547904,0,599556096,0,6532,11.9567,4263,533,0x0000000000,454,2030,0,20,66852,6532,11.9567,4263,20,66852
2343000,8192,0,0,0,599801856,0,599810048,0,6587,11.9784,4252,527,0x0000000000,381,2022,0,16,66868,6587,11.9784,4252,16,66868
2344000,8192,0,0,0,600064000,0,600072192,0,6598,12.0163,4225,507,0x0000000000,0,0,0,28,66896,6598,12.0163,4225,28,66896
2345000,8192,0,0,0,600317952,0,600326144,0,6597,11.9790,4301,541,0x0000000000,438,2086,0,25,66921,6597,11.9790,4301,25,66921
2346000,8192,0,0,0,600571904,0,600580096,0,6575,11.9343,4308,582,0x0000000000,395,2011,0,19,66940,6575,11.9343,4308,19,66940
2347000,8192,0,0,0,600825856,0,600834048,0,6604,11.9908,4243,539,0x0000000000,406,1991,0,18,66958,6604,11.9908,4243,18,66958
2348000,8192,0,0,0,601088000,0,601096192,0,6504,11.9324,4158,546,0x0000000000,0,0,0,18,66976,6504,11.9324,4158,18,66976
2349000,8192,0,0,0,601341952,0,601350144,0,6545,11.9802,4221,520,0x0000000000,419,2013,0,24,67000,6545,11.9802,4221,24,67000
2350000,8192,0,0,0,601595904,0,601604096,0,6565,11.9680,4226,524,0x0000000000,388,2009,0,17,67017,6565,11.9680,4226,17,67017
2351000,8192,0,0,0,601849856,0,601858048,0,6542,11.9713,4203,516,0x0000000000,401,1966,0,16,67033,6542,11.9713,4203,16,67033
2352000,8192,0,0,0,602112000,0,602120192,0,6539,11.9564,4240,525,0x0000000000,0,0,0,21,67054,6539,11.9564,4240,21,67054
2353000,8192,0,0,0,602365952,0,602374144,0,6578,11.9857,4291,536,0x0000000000,411,1995,0,17,67071,6578,11.9857,4291,17,67071
2354000,8192,0,0,0,602619904,0,602628096,0,6590,12.0058,4305,509,0x0000000000,415,2006,0,29,67100,6590,12.0058,4305,29,67100
2355000,8192,0,0,0,602873856,0,602882048,0,6535,11.9690,4203,524,0x0000000000,443,2028,0,24,67124,6535,11.9690,4203,24,67124
2356000,8192,0,0,0,603136000,0,603144192,0,6534,11.9612,4213,531,0x0000000000,0,0,0,15,67139,6534,11.9612,4213,15,67139
2357000,8192,0,0,0,603389952,0,603398144,0,6505,11.9580,4164,516,0x0000000000,383,1975,0,21,67160,6505,11.9580,4164,21,67160
2358000,8192,0,0,0,603643904,0,603652096,0,6535,11.9523,4212,537,0x0000000000,385,1990,0,19,67179,6535,11.9523,4212,19,67179
2359000,8192,0,0,0,603897856,0,603906048,0,6502,11.9477,4143,525,0x0000000000,389,1962,0,23,67202,6502,11.9477,4143,23,67202
2360000,8192,0,0,0,604160000,0,604168192,0,6553,11.9689,4239,520,0x0000000000,0,0,0,13,67215,6553,11.9689,4239,13,67215
2361000,8192,0,0,0,604413952,0,604422144,0,6598,12.0190,4295,497,0x0000000000,380,2016,0,19,67234,6598,12.0190,4295,19,67234
2362000,8192,0,0,0,604667904,0,604676096,0,6520,11.9479,4160,545,0x0000000000,432,1997,0,22,67256,6520,11.9479,4160,22,67256
2363000,8192,0,0,0,604921856,0,604930048,0,6536,11.9915,4256,490,0x0000000000,404,2026,0,16,67272,6536,11.9915,4256,16,67272
2364000,8192,0,0,0,605184000,0,605192192,0,6587,11.9901,4220,530,0x0000000000,0,0,0,13,67285,6587,11.9901,4220,13,67285
2365000,8192,0,0,0,605437952,0,605446144,0,6469,11.8998,4203,567,0x0000000000,442,1940,0,15,67300,6469,11.8998,4203,15,67300
2366000,8192,0,0,0,605691904,0,605700096,0,6585,11.9814,4206,528,0x0000000000,378,2036,0,19,67319,6585,11.9814,4206,19,67319
2367000,8192,0,0,0,605945856,0,605954048,0,6477,11.8882,4240,587,0x0000000000,434,2081,0,23,67342,6477,11.8882,4240,23,67342
2368000,8192,0,0,0,606208000,0,606216192,0,6582,11.9825,4336,539,0x0000000000,0,0,0,16,67358,6582,11.9825,4336,16,67358
2369000,8192,0,0,0,606461952,0,606470144,0,6575,11.9825,4211,522,0x0000000000,433,2050,0,19,67377,6575,11.9825,4211,19,67377
2370000,8192,0,0,0,606715904,0,606724096,0,6495,11.9429,4095,527,0x0000000000,432,1935,0,22,67399,6495,11.9429,4095,22,67399
2371000,8192,0,0,0,606969856,0,606978048,0,6557,11.9548,4158,549,0x0000000000,408,1976,0,26,67425,6557,11.9548,4158,26,67425
2372000,8192,0,0,0,607232000,0,607240192,0,6551,11.9353,4192,560,0x0000000000,0,0,0,21,67446,6551,11.9353,4192,21,67446
2373000,8192,0,0,0,607485952,0,607494144,0,6562,11.9821,4184,516,0x0000000000,395,1994,0,18,67464,6562,11.9821,4184,18,67464
2374000,8192,0,0,0,607739904,0,607748096,0,6565,11.9659,4236,540,0x0000000000,380,1976,0,15,67479,6565,11.9659,4236,15,67479
2375000,8192,0,0,0,607993856,0,608002048,0,6554,11.9748,4221,521,0x0000000000,412,2069,0,26,67505,6554,11.9748,4221,26,67505
2376000,8192,0,0,0,608256000,0,608264192,0,6504,11.9280,4145,549,0x0000000000,0,0,0,16,67521,6504,11.9280,4145,16,67521
2377000,8192,0,0,0,608509952,0,608518144,0,6560,11.9633,4167,545,0x0000000000,384,2033,0,15,67536,6560,11.9633,4167,15,67536
2378000,8192,0,0,0,608763904,0,608772096,0,6595,11.9898,4227,535,0x0000000000,438,2016,0,22,67558,6595,11.9898,4227,22,67558
2379000,8192,0,0,0,609017856,0,609026048,0,6549,11.9556,4244,552,0x0000000000,409,2010,0,24,67582,6549,11.9556,4244,24,67582
2380000,8192,0,0,0,609280000,0,609288192,0,6602,11.9806,4311,542,0x0000000000,0,0,0,22,67604,6602,11.9806,4311,22,67604
2381000,8192,0,0,0,609533952,0,609542144,0,6618,12.0103,4274,518,0x0000000000,448,2023,0,23,67627,6618,12.0103,4274,23,67627
2382000,8192,0,0,0,609787904,0,609796096,0,6506,11.9663,4149,521,0x0000000000,415,2014,0,24,67651,6506,11.9663,4149,24,67651
2383000,8192,0,0,0,610041856,0,610050048,0,6548,11.9702,4250,524,0x0000000000,409,1996,0,20,67671,6548,11.9702,4250,20,67671
2384000,8192,0,0,0,610304000,0,610312192,0,6577,11.9937,4272,520,0x0000000000,0,0,0,23,67694,6577,11.9937,4272,23,67694
2385000,8192,0,0,0,610557952,0,610566144,0,6564,11.9718,4168,539,0x0000000000,387,2025,0,20,67714,6564,11.9718,4168,20,67714
2386000,8192,0,0,0,610811904,0,610820096,0,6492,11.9102,4093,554,0x0000000000,458,1945,0,25,67739,6492,11.9102,4093,25,67739
2387000,8192,0,0,0,611065856,0,611074048,0,6533,11.9831,4209,508,0x0000000000,403,1988,0,17,67756,6533,11.9831,4209,17,67756
2388000,8192,0,0,0,611328000,0,611336192,0,6567,11.9934,4183,512,0x0000000000,0,0,0,21,67777,6567,11.9934,4183,21,67777
2389000,8192,0,0,0,611581952,0,611590144,0,6577,11.9983,4201,506,0x0000000000,393,1987,0,22,67799,6577,11.9983,4201,22,67799
2390000,8192,0,0,0,611835904,0,611844096,0,6562,11.9871,4271,508,0x0000000000,424,2055,0,16,67815,6562,11.9871,4271,16,67815
2391000,8192,0,0,0,612089856,0,612098048,0,6558,11.9727,4235,530,0x0000000000,381,2018,0,15,67830,6558,11.9727,4235,15,67830
2392000,8192,0,0,0,612352000,0,612360192,0,6579,12.0002,4315,495,0x0000000000,0,0,0,18,67848,6579,12.0002,4315,18,67848
2393000,8192,0,0,0,612605952,0,612614144,0,6604,11.9925,4256,527,0x0000000000,383,1973,0,18,67866,6604,11.9925,4256,18,67866
2394000,8192,0,0,0,612859904,0,612868096,0,6536,11.9705,4142,530,0x0000000000,417,2047,0,22,67888,6536,11.9705,4142,22,67888
2395000,8192,0,0,0,613113856,0,613122048,0,6607,12.0144,4305,505,0x0000000000,406,1998,0,15,67903,6607,12.0144,4305,15,67903
2396000,8192,0,0,0,613376000,0,613384192,0,6611,12.0188,4214,502,0x0000000000,0,0,0,15,67918,6611,12.0188,4214,15,67918
2397000,8192,0,0,0,613629952,0,613638144,0,6544,11.9513,4180,544,0x0000000000,392,1982,0,22,67940,6544,11.9513,4180,22,67940
2398000,8192,0,0,0,613883904,0,613892096,0,6512,11.9350,4197,552,0x0000000000,414,2006,0,18,67958,6512,11.9350,4197,18,67958
2399000,8192,0,0,0,614137856,0,614146048,0,6530,11.9307,4259,552,0x0000000000,399,1980,0,18,67976,6530,11.9307,4259,18,67976
2400000,8192,0,0,0,614400000,0,614408192,0,6510,11.9517,4209,513,0x0000000000,0,0,0,15,67991,6510,11.9517,4209,15,67991
2401000,8192,0,0,0,614653952,0,614662144,0,6550,11.9811,4217,521,0x0000000000,422,1996,0,19,68010,6550,11.9811,4217,19,68010
2402000,8192,0,0,0,614907904,0,614916096,0,6528,11.9486,4122,532,0x0000000000,400,1971,0,25,68035,6528,11.9486,4122,25,68035
2403000,8192,0,0,0,615161856,0,615170048,0,6493,11.9287,4150,548,0x0000000000,397,2086,0,23,68058,6493,11.9287,4150,23,68058
2404000,8192,0,0,0,615424000,0,615432192,0,6596,11.9769,4277,551,0x0000000000,0,0,0,20,68078,6596,11.9769,4277,20,68078
2405000,8192,0,0,0,615677952,0,615686144,0,6527,11.9737,4203,515,0x0000000000,379,2088,0,16,68094,6527,11.9737,4203,16,68094
2406000,8192,0,0,0,615931904,0,615940096,0,6590,12.0063,4240,509,0x0000000000,424,2014,0,24,68118,6590,12.0063,4240,24,68118
2407000,8192,0,0,0,616185856,0,616194048,0,6578,11.9959,4245,513,0x0000000000,407,1987,0,22,68140,6578,11.9959,4245,22,68140
2408000,8192,0,0,0,616448000,0,616456192,0,6504,11.9094,4179,570,0x0000000000,0,0,0,27,68167,6504,11.9094,4179,27,68167
2409000,8192,0,0,0,616701952,0,616710144,0,6524,11.9207,4148,583,0x0000000000,430,1974,0,15,68182,6524,11.9207,4148,15,68182
2410000,8192,0,0,0,616955904,0,616964096,0,6542,11.9970,4193,497,0x0000000000,434,1985,0,22,68204,6542,11.9970,4193,22,68204
2411000,8192,0,0,0,617209856,0,617218048,0,6476,11.8994,4158,578,0x0000000000,383,1984,0,25,68229,6476,11.8994,4158,25,68229
2412000,8192,0,0,0,617472000,0,617480192,0,6605,11.9878,4285,535,0x0000000000,0,0,0,18,68247,6605,11.9878,4285,18,68247
2413000,8192,0,0,0,617725952,0,617734144,0,6524,11.9525,4215,541,0x0000000000,409,2065,0,16,68263,6524,11.9525,4215,16,68263
2414000,8192,0,0,0,617979904,0,617988096,0,6587,12.0110,4275,507,0x0000000000,439,1990,0,21,68284,6587,12.0110,4275,21,68284
2415000,8192,0,0,0,618233856,0,618242048,0,6549,11.9663,4210,534,0x0000000000,419,1990,0,9,68293,6549,11.9663,4210,9,68293
2416000,8192,0,0,0,618496000,0,618504192,0,6554,11.9972,4169,506,0x0000000000,0,0,0,18,68311,6554,11.9972,4169,18,68311
2417000,8192,0,0,0,618749952,0,618758144,0,6565,11.9394,4242,555,0x0000000000,386,2084,0,20,68331,6565,11.9394,4242,20,68331
2418000,8192,0,0,0,619003904,0,619012096,0,6558,11.9656,4217,537,0x0000000000,395,1956,0,21,68352,6558,11.9656,4217,21,68352
2419000,8192,0,0,0,619257856,0,619266048,0,6523,11.9489,4112,550,0x0000000000,403,2000,0,22,68374,6523,11.9489,4112,22,68374
2420000,8192,0,0,0,619520000,0,619528192,0,6566,11.9625,4251,556,0x0000000000,0,0,0,17,68391,6566,11.9625,4251,17,68391
2421000,8192,0,0,0,619773952,0,619782144,0,6487,11.9016,4119,577,0x0000000000,424,1948,0,20,68411,6487,11.9016,4119,20,68411
2422000,8192,0,0,0,620027904,0,620036096,0,6531,11.9560,4183,536,0x0000000000,404,2026,0,20,68431,6531,11.9560,4183,20,68431
2423000,8192,0,0,0,620281856,0,620290048,0,6550,11.9666,4146,518,0x0000000000,402,1896,0,16,68447,6550,11.9666,4146,16,68447
2424000,8192,0,0,0,620544000,0,620552192,0,6585,11.9845,4216,533,0x0000000000,0,0,0,17,68464,6585,11.9845,4216,17,68464
2425000,8192,0,0,0,620797952,0,620806144,0,6509,11.9359,4138,556,0x0000000000,418,1996,0,24,68488,6509,11.9359,4138,24,68488
2426000,8192,0,0,0,621051904,0,621060096,0,6561,11.9575,4196,540,0x0000000000,386,1998,0,24,68512,6561,11.9575,4196,24,68512
2427000,8192,0,0,0,621305856,0,621314048,0,6506,11.9553,4170,517,0x0000000000,385,2051,0,28,68540,6506,11.9553,4170,28,68540
2428000,8192,0,0,0,621568000,0,621576192,0,6513,11.8854,4248,614,0x0000000000,0,0,0,13,68553,6513,11.8854,4248,13,68553
2429000,8192,0,0,0,621821952,0,621830144,0,6604,12.0113,4234,506,0x0000000000,407,1997,0,22,68575,6604,12.0113,4234,22,68575
2430000,8192,0,0,0,622075904,0,622084096,0,6541,11.9641,4264,541,0x0000000000,413,2031,0,22,68597,6541,11.9641,4264,22,68597
2431000,8192,0,0,0,622329856,0,622338048,0,6536,11.9636,4216,525,0x0000000000,434,1992,0,22,68619,6536,11.9636,4216,22,68619
2432000,8192,0,0,0,622592000,0,622600192,0,6588,11.9878,4249,530,0x0000000000,0,0,0,19,68638,6588,11.9878,4249,19,68638
2433000,8192,0,0,0,622845952,0,622854144,0,6546,11.9728,4175,515,0x0000000000,410,1974,0,27,68665,6546,11.9728,4175,27,68665
2434000,8192,0,0,0,623099904,0,623108096,0,6684,12.0660,4270,498,0x0000000000,417,1995,0,22,68687,6684,12.0660,4270,22,68687
2435000,8192,0,0,0,623353856,0,623362048,0,6582,12.0202,4222,484,0x0000000000,416,2068,0,28,68715,6582,12.0202,4222,28,68715
2436000,8192,0,0,0,623616000,0,623624192,0,6526,11.9263,4211,567,0x0000000000,0,0,0,22,68737,6526,11.9263,4211,22,68737
2437000,8192,0,0,0,623869952,0,623878144,0,6527,11.9768,4197,505,0x0000000000,392,2013,0,24,68761,6527,11.9768,4197,24,68761
2438000,8192,0,0,0,624123904,0,624132096,0,6551,11.9601,4202,533,0x0000000000,386,2040,0,11,68772,6551,11.9601,4202,11,68772
2439000,8192,0,0,0,624377856,0,624386048,0,6539,12.0039,4150,483,0x0000000000,420,2014,0,18,68790,6539,12.0039,4150,18,68790
2440000,8192,0,0,0,624640000,0,624648192,0,6548,11.9638,4227,536,0x0000000000,0,0,0,19,68809,6548,11.9638,4227,19,68809
2441000,8192,0,0,0,624893952,0,624902144,0,6592,12.0090,4251,517,0x0000000000,449,2012,0,19,68828,6592,12.0090,4251,19,68828
2442000,8192,0,0,0,625147904,0,625156096,0,6557,11.9908,4210,510,0x0000000000,407,2038,0,25,68853,6557,11.9908,4210,25,68853
2443000,8192,0,0,0,625401856,0,625410048,0,6555,11.9449,4215,565,0x0000000000,440,2001,0,19,68872,6555,11.9449,4215,19,68872
2444000,8192,0,0,0,625664000,0,625672192,0,6515,11.9202,4178,556,0x0000000000,0,0,0,16,68888,6515,11.9202,4178,16,68888
2445000,8192,0,0,0,625917952,0,625926144,0,6585,11.9829,4236,526,0x0000000000,387,2046,0,20,68908,6585,11.9829,4236,20,68908
2446000,8192,0,0,0,626171904,0,626180096,0,6472,11.8998,4127,569,0x0000000000,402,1949,0,29,68937,6472,11.8998,4127,29,68937
2447000,8192,0,0,0,626425856,0,626434048,0,6548,11.9612,4244,531,0x0000000000,422,2080,0,17,68954,6548,11.9612,4244,17,68954
2448000,8192,0,0,0,626688000,0,626696192,0,6553,11.9620,4240,535,0x0000000000,0,0,0,15,68969,6553,11.9620,4240,15,68969
2449000,8192,0,0,0,626941952,0,626950144,0,6587,11.9895,4256,528,0x0000000000,427,2048,0,29,68998,6587,11.9895,4256,29,68998
2450000,8192,0,0,0,627195904,0,627204096,0,6496,11.9344,4155,542,0x0000000000,396,1979,0,17,69015,6496,11.9344,4155,17,69015
2451000,8192,0,0,0,627449856,0,627458048,0,6567,11.9678,4231,527,0x0000000000,453,2040,0,20,69035,6567,11.9678,4231,20,69035
2452000,8192,0,0,0,627712000,0,627720192,0,6549,11.9602,4157,535,0x0000000000,0,0,0,22,69057,6549,11.9602,4157,22,69057
2453000,8192,0,0,0,627965952,0,627974144,0,6512,11.9321,4152,556,0x0000000000,399,1991,0,18,69075,6512,11.9321,4152,18,69075
2454000,8192,0,0,0,628219904,0,628228096,0,6533,11.9473,4156,540,0x0000000000,440,2037,0,24,69099,6533,11.9473,4156,24,69099
2455000,8192,0,0,0,628473856,0,628482048,0,6574,12.0036,4209,514,0x0000000000,412,2045,0,20,69119,6574,12.0036,4209,20,69119
2456000,8192,0,0,0,628736000,0,628744192,0,6584,12.0147,4176,496,0x0000000000,0,0,0,18,69137,6584,12.0147,4176,18,69137
2457000,8192,0,0,0,628989952,0,628998144,0,6529,11.9467,4169,558,0x0000000000,406,1925,0,22,69159,6529,11.9467,4169,22,69159
2458000,8192,0,0,0,629243904,0,629252096,0,6571,11.9852,4258,515,0x0000000000,405,2022,0,19,69178,6571,11.9852,4258,19,69178
2459000,8192,0,0,0,629497856,0,629506048,0,6540,11.9502,4172,538,0x0000000000,400,2047,0,25,69203,6540,11.9502,4172,25,69203
2460000,8192,0,0,0,629760000,0,629768192,0,6574,11.9787,4238,524,0x0000000000,0,0,0,19,69222,6574,11.9787,4238,19,69222
2461000,8192,0,0,0,630013952,0,630022144,0,6588,11.9895,4209,516,0x0000000000,427,1998,0,20,69242,6588,11.9895,4209,20,69242
2462000,8192,0,0,0,630267904,0,630276096,0,6557,11.9495,4265,545,0x0000000000,420,2043,0,12,69254,6557,11.9495,4265,12,69254
2463000,8192,0,0,0,630521856,0,630530048,0,6554,11.9672,4218,537,0x0000000000,421,1980,0,21,69275,6554,11.9672,4218,21,69275
2464000,8192,0,0,0,630784000,0,630792192,0,6575,11.9956,4267,525,0x0000000000,0,0,0,15,69290,6575,11.9956,4267,15,69290
2465000,8192,0,0,0,631037952,0,631046144,0,6579,11.9559,4289,559,0x0000000000,424,2004,0,18,69308,6579,11.9559,4289,18,69308
2466000,8192,0,0,0,631291904,0,631300096,0,6654,12.0408,4236,495,0x0000000000,420,2075,0,15,69323,6654,12.0408,4236,15,69323
2467000,8192,0,0,0,631545856,0,631554048,0,6508,11.9471,4183,535,0x0000000000,399,1979,0,17,69340,6508,11.9471,4183,17,69340
2468000,8192,0,0,0,631808000,0,631816192,0,6633,12.0118,4288,524,0x0000000000,0,0,0,31,69371,6633,12.0118,4288,31,69371
2469000,8192,0,0,0,632061952,0,632070144,0,6610,12.0188,4219,506,0x0000000000,411,2047,0,24,69395,6610,12.0188,4219,24,69395
2470000,8192,0,0,0,632315904,0,632324096,0,6546,11.9819,4162,506,0x0000000000,408,2026,0,32,69427,6546,11.9819,4162,32,69427
2471000,8192,0,0,0,632569856,0,632578048,0,6565,11.9648,4240,546,0x0000000000,410,1980,0,17,69444,6565,11.9648,4240,17,69444
2472000,8192,0,0,0,632832000,0,632840192,0,6517,11.9487,4180,527,0x0000000000,0,0,0,17,69461,6517,11.9487,4180,17,69461
2473000,8192,0,0,0,633085952,0,633094144,0,6564,11.9929,4157,512,0x0000000000,431,2009,0,24,69485,6564,11.9929,4157,24,69485
2474000,8192,0,0,0,633339904,0,633348096,0,6541,11.9709,4163,522,0x0000000000,396,2003,0,32,69517,6541,11.9709,4163,32,69517
2475000,8192,0,0,0,633593856,0,633602048,0,6624,12.0238,4276,501,0x0000000000,412,2002,0,19,69536,6624,12.0238,4276,19,69536
2476000,8192,0,0,0,633856000,0,633864192,0,6623,12.0427,4276,474,0x0000000000,0,0,0,18,69554,6623,12.0427,4276,18,69554
2477000,8192,0,0,0,634109952,0,634118144,0,6587,12.0048,4252,518,0x0000000000,424,2074,0,23,69577,6587,12.0048,4252,23,69577
2478000,8192,0,0,0,634363904,0,634372096,0,6542,11.9242,4175,569,0x0000000000,420,1959,0,16,69593,6542,11.9242,4175,16,69593
2479000,8192,0,0,0,634617856,0,634626048,0,6533,11.9402,4261,551,0x0000000000,427,2011,0,16,69609,6533,11.9402,4261,16,69609
2480000,8192,0,0,0,634880000,0,634888192,0,6519,11.9215,4187,575,0x0000000000,0,0,0,22,69631,6519,11.9215,4187,22,69631
2481000,8192,0,0,0,635133952,0,635142144,0,6544,11.9586,4191,541,0x0000000000,392,1938,0,16,69647,6544,11.9586,4191,16,69647
2482000,8192,0,0,0,635387904,0,635396096,0,6579,11.9784,4239,533,0x0000000000,382,2020,0,21,69668,6579,11.9784,4239,21,69668
2483000,8192,0,0,0,635641856,0,635650048,0,6596,12.0016,4225,527,0x0000000000,406,2067,0,23,69691,6596,12.0016,4225,23,69691
2484000,8192,0,0,0,635904000,0,635912192,0,6588,11.9987,4196,511,0x0000000000,0,0,0,15,69706,6588,11.9987,4196,15,69706
2485000,8192,0,0,0,636157952,0,636166144,0,6606,12.0208,4181,496,0x0000000000,452,2116,0,27,69733,6606,12.0208,4181,27,69733
2486000,8192,0,0,0,636411904,0,636420096,0,6589,11.9656,4272,547,0x0000000000,446,1998,0,23,69756,6589,11.9656,4272,23,69756
2487000,8192,0,0,0,636665856,0,636674048,0,6530,11.9404,4132,561,0x0000000000,419,2031,0,22,69778,6530,11.9404,4132,22,69778
2488000,8192,0,0,0,636928000,0,636936192,0,6608,11.9946,4234,528,0x0000000000,0,0,0,26,69804,6608,11.9946,4234,26,69804
2489000,8192,0,0,0,637181952,0,637190144,0,6553,11.9578,4180,538,0x0000000000,412,1998,0,19,69823,6553,11.9578,4180,19,69823
2490000,8192,0,0,0,637435904,0,637444096,0,6577,12.0025,4260,515,0x0000000000,417,2086,0,17,69840,6577,12.0025,4260,17,69840
2491000,8192,0,0,0,637689856,0,637698048,0,6533,11.9632,4213,523,0x0000000000,402,2021,0,27,69867,6533,11.9632,4213,27,69867
2492000,8192,0,0,0,637952000,0,637960192,0,6574,11.9830,4247,525,0x0000000000,0,0,0,15,69882,6574,11.9830,4247,15,69882
2493000,8192,0,0,0,638205952,0,638214144,0,6579,12.0029,4188,508,0x0000000000,380,1972,0,17,69899,6579,12.0029,4188,17,69899
2494000,8192,0,0,0,638459904,0,638468096,0,6514,11.9407,4109,537,0x0000000000,366,1972,0,22,69921,6514,11.9407,4109,22,69921
2495000,8192,0,0,0,638713856,0,638722048,0,6529,11.9568,4196,523,0x0000000000,399,1987,0,10,69931,6529,11.9568,4196,10,69931
2496000,8192,0,0,0,638976000,0,638984192,0,6479,11.8937,4124,571,0x0000000000,0,0,0,18,69949,6479,11.8937,4124,18,69949
2497000,8192,0,0,0,639229952,0,639238144,0,6530,11.9997,4187,487,0x0000000000,440,2042,0,21,69970,6530,11.9997,4187,21,69970
2498000,8192,0,0,0,639483904,0,639492096,0,6604,12.0273,4282,483,0x0000000000,417,2007,0,20,69990,6604,12.0273,4282,20,69990
2499000,8192,0,0,0,639737856,0,639746048,0,6614,12.0042,4263,515,0x0000000000,400,1959,0,17,70007,6614,12.0042,4263,17,70007
2500000,8192,0,0,0,640000000,0,640008192,0,6505,11.9358,4182,544,0x0000000000,0,0,0,19,70026,6505,11.9358,4182,19,70026
2501000,8192,0,0,0,640253952,0,640262144,0,6629,12.0269,4234,512,0x0000000000,431,2110,0,20,70046,6629,12.0269,4234,20,70046
2502000,8192,0,0,0,640507904,0,640516096,0,6569,11.9886,4162,517,0x0000000000,422,2015,0,21,70067,6569,11.9886,4162,21,70067
2503000,8192,0,0,0,640761856,0,640770048,0,6625,12.0381,4263,497,0x0000000000,430,2063,0,19,70086,6625,12.0381,4263,19,70086
2504000,8192,0,0,0,641024000,0,641032192,0,6514,11.9369,4131,554,0x0000000000,0,0,0,24,70110,6514,11.9369,4131,24,70110
2505000,8192,0,0,0,641277952,0,641286144,0,6507,11.9345,4199,546,0x0000000000,383,2007,0,19,70129,6507,11.9345,4199,19,70129
2506000,8192,0,0,0,641531904,0,641540096,0,6586,12.0048,4210,509,0x0000000000,419,2030,0,22,70151,6586,12.0048,4210,22,70151
2507000,8192,0,0,0,641785856,0,641794048,0,6534,11.9609,4205,518,0x0000000000,426,2002,0,18,70169,6534,11.9609,4205,18,70169
2508000,8192,0,0,0,642048000,0,642056192,0,6611,12.0240,4278,499,0x0000000000,0,0,0,25,70194,6611,12.0240,4278,25,70194
2509000,8192,0,0,0,642301952,0,642310144,0,6554,11.9675,4190,529,0x0000000000,404,2054,0,18,70212,6554,11.9675,4190,18,70212
2510000,8192,0,0,0,642555904,0,642564096,0,6595,12.0090,4280,506,0x0000000000,397,1990,0,12,70224,6595,12.0090,4280,12,70224
2511000,8192,0,0,0,642809856,0,642818048,0,6551,11.9627,4158,522,0x0000000000,404,2001,0,28,70252,6551,11.9627,4158,28,70252
2512000,8192,0,0,0,643072000,0,643080192,0,6488,11.9062,4079,555,0x0000000000,0,0,0,15,70267,6488,11.9062,4079,15,70267
2513000,8192,0,0,0,643325952,0,643334144,0,6577,11.9712,4233,537,0x0000000000,425,2094,0,18,70285,6577,11.9712,4233,18,70285
2514000,8192,0,0,0,643579904,0,643588096,0,6495,11.9242,4160,543,0x0000000000,399,2002,0,19,70304,6495,11.9242,4160,19,70304
2515000,8192,0,0,0,643833856,0,643842048,0,6618,12.0084,4316,523,0x0000000000,384,2050,0,20,70324,6618,12.0084,4316,20,70324
2516000,8192,0,0,0,644096000,0,644104192,0,6533,11.9511,4223,544,0x0000000000,0,0,0,19,70343,6533,11.9511,4223,19,70343
2517000,8192,0,0,0,644349952,0,644358144,0,6495,11.9444,4200,533,0x0000000000,409,2049,0,21,70364,6495,11.9444,4200,21,70364
2518000,8192,0,0,0,644603904,0,644612096,0,6503,11.9448,4124,522,0x0000000000,411,2003,0,24,70388,6503,11.9448,4124,24,70388
2519000,8192,0,0,0,644857856,0,644866048,0,6616,12.0394,4209,487,0x0000000000,428,2030,0,18,70406,6616,12.0394,4209,18,70406
2520000,8192,0,0,0,645120000,0,645128192,0,6561,11.9514,4183,543,0x0000000000,0,0,0,19,70425,6561,11.9514,4183,19,70425
2521000,8192,0,0,0,645373952,0,645382144,0,6650,12.0379,4309,492,0x0000000000,427,2079,0,19,70444,6650,12.0379,4309,19,70444
2522000,8192,0,0,0,645627904,0,645636096,0,6558,11.9681,4292,534,0x0000000000,415,2039,0,15,70459,6558,11.9681,4292,15,70459
2523000,8192,0,0,0,645881856,0,645890048,0,6585,12.0126,4276,493,0x0000000000,422,2086,0,17,70476,6585,12.0126,4276,17,70476
2524000,8192,0,0,0,646144000,0,646152192,0,6521,11.9474,4156,553,0x0000000000,0,0,0,21,70497,6521,11.9474,4156,21,70497
2525000,8192,0,0,0,646397952,0,646406144,0,6546,11.9661,4179,521,0x0000000000,416,1954,0,19,70516,6546,11.9661,4179,19,70516
2526000,8192,0,0,0,646651904,0,646660096,0,6590,11.9631,4186,565,0x0000000000,410,1899,0,22,70538,6590,11.9631,4186,22,70538
2527000,8192,0,0,0,646905856,0,646914048,0,6494,11.9556,4146,511,0x0000000000,445,2001,0,26,70564,6494,11.9556,4146,26,70564
2528000,8192,0,0,0,647168000,0,647176192,0,6495,11.9217,4150,554,0x0000000000,0,0,0,27,70591,6495,11.9217,4150,27,70591
2529000,8192,0,0,0,647421952,0,647430144,0,6550,11.9814,4172,516,0x0000000000,430,2017,0,24,70615,6550,11.9814,4172,24,70615
2530000,8192,0,0,0,647675904,0,647684096,0,6632,12.0239,4262,515,0x0000000000,430,2000,0,20,70635,6632,12.0239,4262,20,70635
2531000,8192,0,0,0,647929856,0,647938048,0,6574,11.9785,4162,531,0x0000000000,405,2019,0,13,70648,6574,11.9785,4162,13,70648
2532000,8192,0,0,0,648192000,0,648200192,0,6580,11.9914,4222,518,0x0000000000,0,0,0,20,70668,6580,11.9914,4222,20,70668
2533000,8192,0,0,0,648445952,0,648454144,0,6635,12.0213,4236,514,0x0000000000,438,2012,0,23,70691,6635,12.0213,4236,23,70691
2534000,8192,0,0,0,648699904,0,648708096,0,6532,11.9375,4169,555,0x0000000000,392,2006,0,18,70709,6532,11.9375,4169,18,70709
2535000,8192,0,0,0,648953856,0,648962048,0,6578,11.9957,4280,521,0x0000000000,420,2026,0,31,70740,6578,11.9957,4280,31,70740
2536000,8192,0,0,0,649216000,0,649224192,0,6516,11.9360,4225,534,0x0000000000,0,0,0,21,70761,6516,11.9360,4225,21,70761
2537000,8192,0,0,0,649469952,0,649478144,0,6485,11.9177,4180,549,0x0000000000,428,2058,0,17,70778,6485,11.9177,4180,17,70778
2538000,8192,0,0,0,649723904,0,649732096,0,6536,11.9602,4145,533,0x0000000000,425,2031,0,24,70802,6536,11.9602,4145,24,70802
2539000,8192,0,0,0,649977856,0,649986048,0,6618,11.9938,4182,533,0x0000000000,443,1993,0,21,70823,6618,11.9938,4182,21,70823
2540000,8192,0,0,0,650240000,0,650248192,0,6498,11.9350,4188,543,0x0000000000,0,0,0,13,70836,6498,11.9350,4188,13,70836
2541000,8192,0,0,0,650493952,0,650502144,0,6585,12.0167,4153,498,0x0000000000,431,1954,0,15,70851,6585,12.0167,4153,15,70851
2542000,8192,0,0,0,650747904,0,650756096,0,6459,11.9128,4110,548,0x0000000000,406,1954,0,15,70866,6459,11.9128,4110,15,70866
2543000,8192,0,0,0,651001856,0,651010048,0,6611,12.0142,4257,497,0x0000000000,430,2089,0,20,70886,6611,12.0142,4257,20,70886
2544000,8192,0,0,0,651264000,0,651272192,0,6507,11.9133,4125,575,0x0000000000,0,0,0,20,70906,6507,11.9133,4125,20,70906
2545000,8192,0,0,0,651517952,0,651526144,0,6452,11.9013,4170,548,0x0000000000,401,2005,0,22,70928,6452,11.9013,4170,22,70928
2546000,8192,0,0,0,651771904,0,651780096,0,6532,11.9695,4144,519,0x0000000000,369,2018,0,13,70941,6532,11.9695,4144,13,70941
2547000,8192,0,0,0,652025856,0,652034048,0,6599,12.0008,4279,524,0x0000000000,386,2091,0,15,70956,6599,12.0008,4279,15,70956
2548000,8192,0,0,0,652288000,0,652296192,0,6574,11.9616,4137,552,0x0000000000,0,0,0,16,70972,6574,11.9616,4137,16,70972
2549000,8192,0,0,0,652541952,0,652550144,0,6578,11.9783,4193,512,0x0000000000,406,1995,0,17,70989,6578,11.9783,4193,17,70989
