tick       0 alive    13141 genomes   13141 energy    64.0 steps  256.0 halting 0.000 births 0 deaths 0 (0.3s)
tick    1000 alive     8824 genomes    7900 energy   173.9 steps  256.0 halting 0.000 births 113191 deaths 117508 (8.8s)
tick    2000 alive    10767 genomes    9326 energy   154.8 steps  256.0 halting 0.000 births 147969 deaths 146026 (17.1s)
tick    3000 alive    15844 genomes   13394 energy   148.5 steps  256.0 halting 0.000 births 233267 deaths 228190 (26.2s)
tick    4000 alive    23070 genomes   19208 energy   144.9 steps  256.0 halting 0.000 births 356574 deaths 349348 (36.4s)
tick    5000 alive    33923 genomes   27760 energy   139.4 steps  256.0 halting 0.000 births 533881 deaths 523028 (48.3s)
tick    6000 alive    48211 genomes   39136 energy   138.8 steps  256.0 halting 0.000 births 805372 deaths 791084 (62.3s)
tick    7000 alive    62626 genomes   50434 energy   137.1 steps  256.0 halting 0.000 births 1092543 deaths 1078128 (78.5s)
tick    8000 alive    76685 genomes   61640 energy   137.6 steps  256.0 halting 0.000 births 1392527 deaths 1378468 (97.2s)
tick    9000 alive    91926 genomes   73636 energy   137.3 steps  256.0 halting 0.000 births 1674759 deaths 1659518 (117.9s)
tick   10000 alive   104201 genomes   83424 energy   137.8 steps  256.0 halting 0.000 births 1937543 deaths 1925268 (140.9s)
tick   11000 alive   115310 genomes   91731 energy   137.4 steps  256.0 halting 0.000 births 2177770 deaths 2166661 (165.3s)
tick   12000 alive   124835 genomes   98839 energy   138.0 steps  256.0 halting 0.000 births 2379027 deaths 2369502 (191.6s)
tick   13000 alive   133361 genomes  104338 energy   137.0 steps  256.0 halting 0.000 births 2557903 deaths 2549377 (218.5s)
tick   14000 alive   139556 genomes  108785 energy   137.3 steps  256.0 halting 0.000 births 2723674 deaths 2717479 (247.2s)
tick   15000 alive   142734 genomes  110769 energy   137.3 steps  256.0 halting 0.000 births 2819083 deaths 2815905 (275.4s)
tick   16000 alive   147392 genomes  113869 energy   137.3 steps  256.0 halting 0.000 births 2910925 deaths 2906267 (304.0s)
tick   17000 alive   150516 genomes  115605 energy   137.4 steps  256.0 halting 0.000 births 3006616 deaths 3003492 (333.1s)
tick   18000 alive   154490 genomes  118159 energy   137.6 steps  256.0 halting 0.000 births 3102721 deaths 3098747 (361.9s)
tick   19000 alive   159891 genomes  121000 energy   137.1 steps  256.0 halting 0.000 births 3196866 deaths 3191465 (391.0s)
tick   20000 alive   166451 genomes  125502 energy   136.6 steps  256.0 halting 0.000 births 3371918 deaths 3365358 (420.9s)
tick   21000 alive   170601 genomes  128401 energy   136.7 steps  256.0 halting 0.000 births 3494557 deaths 3490407 (455.3s)
tick   22000 alive   175755 genomes  131299 energy   136.9 steps  256.0 halting 0.000 births 3595387 deaths 3590233 (489.8s)
tick   23000 alive   179160 genomes  133515 energy   137.5 steps  256.0 halting 0.000 births 3693520 deaths 3690115 (524.2s)
tick   24000 alive   183559 genomes  135951 energy   138.2 steps  256.0 halting 0.000 births 3787812 deaths 3783413 (559.3s)
tick   25000 alive   188193 genomes  139004 energy   138.2 steps  256.0 halting 0.000 births 3845993 deaths 3841359 (594.3s)
tick   26000 alive   190604 genomes  140361 energy   139.6 steps  256.0 halting 0.000 births 3905121 deaths 3902710 (629.5s)
tick   27000 alive   193317 genomes  141451 energy   141.2 steps  256.0 halting 0.000 births 3943729 deaths 3941016 (664.8s)
tick   28000 alive   196173 genomes  143039 energy   141.9 steps  256.0 halting 0.000 births 3940624 deaths 3937768 (700.0s)
tick   29000 alive   198931 genomes  144248 energy   143.6 steps  256.0 halting 0.000 births 3966807 deaths 3964049 (735.3s)
tick   30000 alive   200895 genomes  146107 energy   144.0 steps  256.0 halting 0.000 births 3997501 deaths 3995537 (771.0s)
tick   31000 alive   201897 genomes  146625 energy   145.8 steps  256.0 halting 0.000 births 3973870 deaths 3972868 (806.5s)
tick   32000 alive   203926 genomes  147788 energy   146.8 steps  256.0 halting 0.000 births 3955986 deaths 3953957 (842.3s)
tick   33000 alive   205054 genomes  148729 energy   148.2 steps  256.0 halting 0.000 births 3932552 deaths 3931424 (877.4s)
tick   34000 alive   209160 genomes  150592 energy   149.6 steps  256.0 halting 0.000 births 3925459 deaths 3921353 (912.9s)
tick   35000 alive   211054 genomes  151436 energy   151.3 steps  256.0 halting 0.000 births 3932244 deaths 3930350 (948.4s)
tick   36000 alive   212978 genomes  151813 energy   153.3 steps  256.0 halting 0.000 births 3899365 deaths 3897441 (983.7s)
tick   37000 alive   216805 genomes  154108 energy   154.8 steps  256.0 halting 0.000 births 3883056 deaths 3879229 (1018.9s)
tick   38000 alive   217516 genomes  154282 energy   157.7 steps  256.0 halting 0.000 births 3858416 deaths 3857705 (1054.3s)
tick   39000 alive   220254 genomes  154727 energy   159.2 steps  256.0 halting 0.000 births 3815850 deaths 3813112 (1089.6s)
tick   40000 alive   224032 genomes  156517 energy   160.6 steps  256.0 halting 0.000 births 3781761 deaths 3777983 (1124.8s)
tick   41000 alive   226379 genomes  157238 energy   162.2 steps  256.0 halting 0.000 births 3786817 deaths 3784470 (1160.6s)
tick   42000 alive   227868 genomes  157989 energy   164.1 steps  256.0 halting 0.000 births 3724083 deaths 3722594 (1195.8s)
tick   43000 alive   229413 genomes  158013 energy   165.7 steps  256.0 halting 0.000 births 3667808 deaths 3666263 (1231.1s)
tick   44000 alive   230756 genomes  158536 energy   167.1 steps  256.0 halting 0.000 births 3623941 deaths 3622598 (1266.4s)
tick   45000 alive   231663 genomes  158830 energy   168.6 steps  256.0 halting 0.000 births 3585846 deaths 3584939 (1301.5s)
tick   46000 alive   233442 genomes  158910 energy   169.5 steps  256.0 halting 0.000 births 3543972 deaths 3542193 (1336.4s)
tick   47000 alive   234532 genomes  159491 energy   170.9 steps  256.0 halting 0.000 births 3500465 deaths 3499375 (1371.5s)
tick   48000 alive   236425 genomes  160168 energy   172.1 steps  256.0 halting 0.000 births 3490028 deaths 3488135 (1406.8s)
tick   49000 alive   237529 genomes  159685 energy   172.9 steps  256.0 halting 0.000 births 3443529 deaths 3442425 (1441.7s)
tick   50000 alive   238927 genomes  159856 energy   173.5 steps  256.0 halting 0.000 births 3432881 deaths 3431483 (1476.9s)
tick   51000 alive   240882 genomes  160782 energy   175.2 steps  256.0 halting 0.000 births 3394837 deaths 3392882 (1511.7s)
tick   52000 alive   241128 genomes  160536 energy   176.2 steps  256.0 halting 0.000 births 3383145 deaths 3382899 (1546.1s)
tick   53000 alive   242165 genomes  160616 energy   177.3 steps  256.0 halting 0.000 births 3331868 deaths 3330831 (1580.7s)
tick   54000 alive   243477 genomes  161150 energy   177.8 steps  256.0 halting 0.000 births 3320942 deaths 3319630 (1615.0s)
tick   55000 alive   244273 genomes  161580 energy   178.3 steps  256.0 halting 0.000 births 3302361 deaths 3301565 (1649.3s)
tick   56000 alive   244830 genomes  161891 energy   178.4 steps  256.0 halting 0.000 births 3306075 deaths 3305518 (1683.9s)
tick   57000 alive   245423 genomes  162173 energy   178.8 steps  256.0 halting 0.000 births 3289474 deaths 3288881 (1718.5s)
tick   58000 alive   245891 genomes  161863 energy   180.0 steps  256.0 halting 0.000 births 3245521 deaths 3245053 (1753.0s)
tick   59000 alive   246301 genomes  161966 energy   180.4 steps  256.0 halting 0.000 births 3220160 deaths 3219750 (1786.9s)
tick   60000 alive   246698 genomes  161874 energy   180.8 steps  256.0 halting 0.000 births 3217514 deaths 3217117 (1821.2s)
tick   61000 alive   246742 genomes  161755 energy   181.5 steps  256.0 halting 0.000 births 3196360 deaths 3196316 (1855.3s)
tick   62000 alive   247271 genomes  161700 energy   181.6 steps  256.0 halting 0.000 births 3178547 deaths 3178018 (1889.6s)
tick   63000 alive   247586 genomes  162405 energy   181.4 steps  256.0 halting 0.000 births 3192240 deaths 3191925 (1923.9s)
tick   64000 alive   247783 genomes  161836 energy   181.7 steps  256.0 halting 0.000 births 3180733 deaths 3180536 (1957.9s)
tick   65000 alive   248067 genomes  162098 energy   182.0 steps  256.0 halting 0.000 births 3160998 deaths 3160714 (1991.7s)
tick   66000 alive   248187 genomes  162724 energy   182.6 steps  256.0 halting 0.000 births 3168515 deaths 3168395 (2025.8s)
tick   67000 alive   248475 genomes  162840 energy   182.4 steps  256.0 halting 0.000 births 3152922 deaths 3152634 (2059.7s)
tick   68000 alive   248267 genomes  162586 energy   182.8 steps  256.0 halting 0.000 births 3139898 deaths 3140106 (2094.2s)
tick   69000 alive   248182 genomes  162575 energy   182.0 steps  256.0 halting 0.000 births 3143989 deaths 3144074 (2128.2s)
tick   70000 alive   247982 genomes  162437 energy   182.2 steps  256.0 halting 0.000 births 3139729 deaths 3139929 (2162.2s)
tick   71000 alive   247942 genomes  162584 energy   182.7 steps  256.0 halting 0.000 births 3135117 deaths 3135157 (2196.3s)
tick   72000 alive   247838 genomes  162183 energy   183.1 steps  256.0 halting 0.000 births 3114984 deaths 3115088 (2230.0s)
tick   73000 alive   248000 genomes  162035 energy   183.5 steps  256.0 halting 0.000 births 3108128 deaths 3107966 (2263.8s)
tick   74000 alive   247440 genomes  162862 energy   182.5 steps  256.0 halting 0.000 births 3097711 deaths 3098271 (2297.7s)
tick   75000 alive   247537 genomes  162680 energy   182.8 steps  256.0 halting 0.000 births 3107104 deaths 3107007 (2331.7s)
tick   76000 alive   247242 genomes  162622 energy   183.2 steps  256.0 halting 0.000 births 3084702 deaths 3084997 (2365.5s)
tick   77000 alive   247290 genomes  162565 energy   183.5 steps  256.0 halting 0.000 births 3087322 deaths 3087274 (2399.2s)
tick   78000 alive   246781 genomes  162322 energy   184.1 steps  256.0 halting 0.000 births 3059762 deaths 3060271 (2432.8s)
tick   79000 alive   246781 genomes  162275 energy   183.8 steps  256.0 halting 0.000 births 3054266 deaths 3054266 (2466.3s)
tick   80000 alive   246887 genomes  162440 energy   183.8 steps  256.0 halting 0.000 births 3060175 deaths 3060069 (2500.0s)
tick   81000 alive   246556 genomes  162803 energy   183.4 steps  256.0 halting 0.000 births 3069130 deaths 3069461 (2533.5s)
tick   82000 alive   245882 genomes  162411 energy   183.7 steps  256.0 halting 0.000 births 3055729 deaths 3056403 (2567.1s)
tick   83000 alive   246430 genomes  163008 energy   183.8 steps  256.0 halting 0.000 births 3058226 deaths 3057678 (2600.9s)
tick   84000 alive   246066 genomes  162716 energy   183.9 steps  256.0 halting 0.000 births 3047491 deaths 3047855 (2634.7s)
tick   85000 alive   245739 genomes  162311 energy   184.2 steps  256.0 halting 0.000 births 3030308 deaths 3030635 (2668.1s)
tick   86000 alive   245253 genomes  162389 energy   184.8 steps  256.0 halting 0.000 births 2992838 deaths 2993324 (2702.0s)
tick   87000 alive   245544 genomes  162580 energy   183.8 steps  256.0 halting 0.000 births 3010051 deaths 3009760 (2735.4s)
tick   88000 alive   245609 genomes  162724 energy   184.7 steps  256.0 halting 0.000 births 3012121 deaths 3012056 (2769.1s)
tick   89000 alive   245730 genomes  162395 energy   184.1 steps  256.0 halting 0.000 births 3023137 deaths 3023016 (2802.7s)
tick   90000 alive   246439 genomes  163204 energy   185.0 steps  256.0 halting 0.000 births 3020586 deaths 3019877 (2836.3s)
tick   91000 alive   246559 genomes  163343 energy   183.4 steps  256.0 halting 0.000 births 3007886 deaths 3007766 (2869.7s)
tick   92000 alive   246506 genomes  162966 energy   184.3 steps  256.0 halting 0.000 births 3034684 deaths 3034737 (2902.9s)
tick   93000 alive   247480 genomes  163529 energy   184.1 steps  256.0 halting 0.000 births 3039448 deaths 3038474 (2936.2s)
tick   94000 alive   247940 genomes  164063 energy   184.5 steps  256.0 halting 0.000 births 3026959 deaths 3026499 (2969.3s)
tick   95000 alive   248360 genomes  164162 energy   184.8 steps  256.0 halting 0.000 births 3029933 deaths 3029513 (3002.4s)
tick   96000 alive   249053 genomes  164149 energy   185.8 steps  256.0 halting 0.000 births 3018017 deaths 3017324 (3035.6s)
tick   97000 alive   249247 genomes  164143 energy   185.3 steps  256.0 halting 0.000 births 3006543 deaths 3006349 (3069.0s)
tick   98000 alive   249221 genomes  164457 energy   185.3 steps  256.0 halting 0.000 births 3002381 deaths 3002407 (3102.3s)
tick   99000 alive   249610 genomes  164584 energy   186.0 steps  256.0 halting 0.000 births 2992888 deaths 2992499 (3135.3s)
tick  100000 alive   249267 genomes  164472 energy   186.0 steps  256.0 halting 0.000 births 2992443 deaths 2992786 (3168.5s)
tick  101000 alive   248958 genomes  164512 energy   186.0 steps  256.0 halting 0.000 births 2980588 deaths 2980897 (3201.9s)
tick  102000 alive   247908 genomes  164166 energy   185.2 steps  256.0 halting 0.000 births 2977071 deaths 2978121 (3235.3s)
tick  103000 alive   247717 genomes  163881 energy   185.4 steps  256.0 halting 0.000 births 2974425 deaths 2974616 (3268.5s)
tick  104000 alive   247182 genomes  163525 energy   185.5 steps  256.0 halting 0.000 births 2969509 deaths 2970044 (3301.9s)
tick  105000 alive   247349 genomes  163635 energy   185.0 steps  256.0 halting 0.000 births 2973355 deaths 2973188 (3334.9s)
tick  106000 alive   246542 genomes  163203 energy   185.9 steps  256.0 halting 0.000 births 2962142 deaths 2962949 (3367.7s)
tick  107000 alive   246367 genomes  163229 energy   185.8 steps  256.0 halting 0.000 births 2969170 deaths 2969345 (3400.9s)
tick  108000 alive   245832 genomes  162750 energy   185.8 steps  256.0 halting 0.000 births 2963984 deaths 2964519 (3433.8s)
tick  109000 alive   245610 genomes  162721 energy   185.6 steps  256.0 halting 0.000 births 2958746 deaths 2958968 (3466.7s)
tick  110000 alive   245491 genomes  162928 energy   185.6 steps  256.0 halting 0.000 births 2946626 deaths 2946745 (3499.7s)
tick  111000 alive   245786 genomes  163072 energy   185.4 steps  256.0 halting 0.000 births 2950617 deaths 2950322 (3532.9s)
tick  112000 alive   245936 genomes  162903 energy   185.5 steps  256.0 halting 0.000 births 2939587 deaths 2939437 (3565.8s)
tick  113000 alive   246522 genomes  162733 energy   186.8 steps  256.0 halting 0.000 births 2938958 deaths 2938372 (3599.0s)
tick  114000 alive   246408 genomes  163199 energy   186.0 steps  256.0 halting 0.000 births 2938598 deaths 2938712 (3631.9s)
tick  115000 alive   246305 genomes  162235 energy   186.3 steps  256.0 halting 0.000 births 2929972 deaths 2930075 (3664.8s)
tick  116000 alive   246460 genomes  162794 energy   186.3 steps  256.0 halting 0.000 births 2924943 deaths 2924788 (3697.7s)
tick  117000 alive   246963 genomes  162839 energy   186.1 steps  256.0 halting 0.000 births 2922998 deaths 2922495 (3730.5s)
tick  118000 alive   247225 genomes  162665 energy   186.3 steps  256.0 halting 0.000 births 2936912 deaths 2936650 (3763.2s)
tick  119000 alive   247412 genomes  162993 energy   186.6 steps  256.0 halting 0.000 births 2923508 deaths 2923321 (3796.1s)
tick  120000 alive   247466 genomes  162697 energy   186.1 steps  256.0 halting 0.000 births 2930215 deaths 2930161 (3829.0s)
tick  121000 alive   247740 genomes  163155 energy   186.7 steps  256.0 halting 0.000 births 2928595 deaths 2928321 (3861.6s)
tick  122000 alive   247957 genomes  163028 energy   186.4 steps  256.0 halting 0.000 births 2928878 deaths 2928661 (3894.0s)
tick  123000 alive   248275 genomes  163538 energy   186.6 steps  256.0 halting 0.000 births 2917359 deaths 2917041 (3926.6s)
tick  124000 alive   248367 genomes  163200 energy   187.2 steps  256.0 halting 0.000 births 2923531 deaths 2923439 (3959.3s)
tick  125000 alive   247491 genomes  162560 energy   186.7 steps  256.0 halting 0.000 births 2908132 deaths 2909008 (3992.0s)
tick  126000 alive   247550 genomes  163013 energy   186.6 steps  256.0 halting 0.000 births 2905462 deaths 2905403 (4024.7s)
tick  127000 alive   247453 genomes  162503 energy   187.1 steps  256.0 halting 0.000 births 2929307 deaths 2929404 (4057.2s)
tick  128000 alive   247126 genomes  161914 energy   187.2 steps  256.0 halting 0.000 births 2906206 deaths 2906533 (4089.9s)
tick  129000 alive   247290 genomes  162281 energy   186.3 steps  256.0 halting 0.000 births 2916207 deaths 2916043 (4122.5s)
tick  130000 alive   247322 genomes  162225 energy   186.4 steps  256.0 halting 0.000 births 2907687 deaths 2907655 (4155.0s)
tick  131000 alive   247117 genomes  161899 energy   186.6 steps  256.0 halting 0.000 births 2915395 deaths 2915600 (4187.9s)
tick  132000 alive   247519 genomes  161819 energy   187.0 steps  256.0 halting 0.000 births 2919002 deaths 2918600 (4220.4s)
tick  133000 alive   247394 genomes  161890 energy   187.2 steps  256.0 halting 0.000 births 2898579 deaths 2898704 (4252.8s)
tick  134000 alive   247269 genomes  161867 energy   186.8 steps  256.0 halting 0.000 births 2891495 deaths 2891620 (4285.3s)
tick  135000 alive   247739 genomes  162070 energy   187.3 steps  256.0 halting 0.000 births 2876077 deaths 2875607 (4317.7s)
tick  136000 alive   247930 genomes  162098 energy   187.0 steps  256.0 halting 0.000 births 2883025 deaths 2882834 (4350.0s)
tick  137000 alive   247487 genomes  162029 energy   187.3 steps  256.0 halting 0.000 births 2893058 deaths 2893501 (4382.6s)
tick  138000 alive   248027 genomes  162314 energy   187.2 steps  256.0 halting 0.000 births 2901462 deaths 2900922 (4415.2s)
tick  139000 alive   248488 genomes  162617 energy   187.0 steps  256.0 halting 0.000 births 2891302 deaths 2890841 (4447.6s)
tick  140000 alive   248627 genomes  162652 energy   187.7 steps  256.0 halting 0.000 births 2899908 deaths 2899769 (4480.3s)
tick  141000 alive   248778 genomes  162168 energy   187.2 steps  256.0 halting 0.000 births 2888631 deaths 2888480 (4512.7s)
tick  142000 alive   248967 genomes  162402 energy   188.1 steps  256.0 halting 0.000 births 2890435 deaths 2890246 (4545.1s)
tick  143000 alive   249189 genomes  162002 energy   187.7 steps  256.0 halting 0.000 births 2878711 deaths 2878489 (4577.6s)
tick  144000 alive   248957 genomes  162054 energy   187.6 steps  256.0 halting 0.000 births 2884817 deaths 2885049 (4609.8s)
tick  145000 alive   248205 genomes  161613 energy   188.0 steps  256.0 halting 0.000 births 2881347 deaths 2882099 (4642.3s)
tick  146000 alive   248229 genomes  162151 energy   187.7 steps  256.0 halting 0.000 births 2880889 deaths 2880865 (4674.6s)
tick  147000 alive   248394 genomes  161886 energy   187.3 steps  256.0 halting 0.000 births 2879256 deaths 2879091 (4707.1s)
tick  148000 alive   248254 genomes  161366 energy   187.9 steps  256.0 halting 0.000 births 2873257 deaths 2873397 (4739.4s)
tick  149000 alive   247685 genomes  161095 energy   188.1 steps  256.0 halting 0.000 births 2865510 deaths 2866079 (4772.0s)
tick  150000 alive   247461 genomes  160959 energy   188.7 steps  256.0 halting 0.000 births 2837752 deaths 2837976 (4804.2s)
tick  151000 alive   247727 genomes  160999 energy   188.2 steps  256.0 halting 0.000 births 2840531 deaths 2840265 (4836.2s)
tick  152000 alive   247734 genomes  160995 energy   188.2 steps  256.0 halting 0.000 births 2856192 deaths 2856185 (4868.5s)
tick  153000 alive   248112 genomes  161043 energy   188.3 steps  256.0 halting 0.000 births 2867253 deaths 2866875 (4900.8s)
tick  154000 alive   248096 genomes  161457 energy   187.7 steps  256.0 halting 0.000 births 2869548 deaths 2869564 (4933.1s)
tick  155000 alive   247621 genomes  160821 energy   187.8 steps  256.0 halting 0.000 births 2867753 deaths 2868228 (4965.1s)
tick  156000 alive   248250 genomes  161569 energy   188.1 steps  256.0 halting 0.000 births 2861497 deaths 2860868 (4997.7s)
tick  157000 alive   248447 genomes  161294 energy   187.9 steps  256.0 halting 0.000 births 2869034 deaths 2868837 (5029.8s)
tick  158000 alive   248303 genomes  161511 energy   188.0 steps  256.0 halting 0.000 births 2872911 deaths 2873055 (5062.5s)
tick  159000 alive   247758 genomes  160634 energy   188.1 steps  256.0 halting 0.000 births 2851129 deaths 2851674 (5094.7s)
tick  160000 alive   248361 genomes  161179 energy   187.8 steps  256.0 halting 0.000 births 2854891 deaths 2854288 (5127.0s)
tick  161000 alive   248285 genomes  161185 energy   188.0 steps  256.0 halting 0.000 births 2859291 deaths 2859367 (5159.4s)
tick  162000 alive   248655 genomes  161547 energy   187.6 steps  256.0 halting 0.000 births 2871083 deaths 2870713 (5191.7s)
tick  163000 alive   248353 genomes  161574 energy   187.1 steps  256.0 halting 0.000 births 2873719 deaths 2874021 (5223.9s)
tick  164000 alive   247906 genomes  161221 energy   187.5 steps  256.0 halting 0.000 births 2864537 deaths 2864984 (5256.2s)
tick  165000 alive   247827 genomes  160660 energy   188.2 steps  256.0 halting 0.000 births 2866850 deaths 2866929 (5288.6s)
tick  166000 alive   248205 genomes  160776 energy   187.9 steps  256.0 halting 0.000 births 2850129 deaths 2849751 (5320.8s)
tick  167000 alive   248510 genomes  160610 energy   188.3 steps  256.0 halting 0.000 births 2857867 deaths 2857562 (5352.7s)
tick  168000 alive   248574 genomes  161445 energy   188.1 steps  256.0 halting 0.000 births 2851255 deaths 2851191 (5385.0s)
tick  169000 alive   249136 genomes  160782 energy   188.6 steps  256.0 halting 0.000 births 2864409 deaths 2863847 (5417.1s)
tick  170000 alive   248961 genomes  161519 energy   186.9 steps  256.0 halting 0.000 births 2875299 deaths 2875474 (5449.4s)
tick  171000 alive   248960 genomes  160765 energy   187.3 steps  256.0 halting 0.000 births 2881530 deaths 2881531 (5481.7s)
tick  172000 alive   248798 genomes  161359 energy   188.0 steps  256.0 halting 0.000 births 2871408 deaths 2871570 (5514.0s)
tick  173000 alive   248932 genomes  161235 energy   188.5 steps  256.0 halting 0.000 births 2855089 deaths 2854955 (5546.0s)
tick  174000 alive   248942 genomes  161193 energy   188.3 steps  256.0 halting 0.000 births 2857852 deaths 2857842 (5578.3s)
tick  175000 alive   249142 genomes  160910 energy   188.3 steps  256.0 halting 0.000 births 2857034 deaths 2856834 (5610.6s)
tick  176000 alive   249566 genomes  161250 energy   188.4 steps  256.0 halting 0.000 births 2851199 deaths 2850775 (5642.6s)
tick  177000 alive   249752 genomes  161534 energy   187.8 steps  256.0 halting 0.000 births 2875785 deaths 2875599 (5674.9s)
tick  178000 alive   249578 genomes  161450 energy   188.2 steps  256.0 halting 0.000 births 2875377 deaths 2875551 (5707.0s)
tick  179000 alive   249599 genomes  161677 energy   188.6 steps  256.0 halting 0.000 births 2865534 deaths 2865513 (5739.3s)
tick  180000 alive   249677 genomes  161428 energy   187.7 steps  256.0 halting 0.000 births 2877491 deaths 2877413 (5771.5s)
tick  181000 alive   249715 genomes  161039 energy   187.9 steps  256.0 halting 0.000 births 2880562 deaths 2880524 (5803.8s)
tick  182000 alive   249554 genomes  160854 energy   187.8 steps  256.0 halting 0.000 births 2877058 deaths 2877219 (5835.9s)
tick  183000 alive   249308 genomes  160862 energy   188.2 steps  256.0 halting 0.000 births 2861434 deaths 2861680 (5868.3s)
tick  184000 alive   249846 genomes  160994 energy   187.9 steps  256.0 halting 0.000 births 2863093 deaths 2862555 (5900.5s)
tick  185000 alive   249223 genomes  160942 energy   188.2 steps  256.0 halting 0.000 births 2884277 deaths 2884900 (5933.1s)
tick  186000 alive   249657 genomes  161378 energy   188.3 steps  256.0 halting 0.000 births 2865142 deaths 2864708 (5965.1s)
tick  187000 alive   249930 genomes  161202 energy   188.5 steps  256.0 halting 0.000 births 2870489 deaths 2870216 (5997.5s)
tick  188000 alive   249799 genomes  161095 energy   188.6 steps  256.0 halting 0.000 births 2875444 deaths 2875575 (6029.8s)
tick  189000 alive   250374 genomes  160907 energy   188.4 steps  256.0 halting 0.000 births 2859351 deaths 2858776 (6062.0s)
tick  190000 alive   250904 genomes  161040 energy   189.0 steps  256.0 halting 0.000 births 2841757 deaths 2841227 (6093.9s)
tick  191000 alive   250589 genomes  161131 energy   188.9 steps  256.0 halting 0.000 births 2852458 deaths 2852773 (6126.0s)
tick  192000 alive   250713 genomes  161197 energy   188.8 steps  256.0 halting 0.000 births 2833570 deaths 2833446 (6158.2s)
tick  193000 alive   250510 genomes  161007 energy   188.7 steps  256.0 halting 0.000 births 2843017 deaths 2843220 (6190.3s)
tick  194000 alive   250733 genomes  161385 energy   188.8 steps  256.0 halting 0.000 births 2853524 deaths 2853301 (6222.7s)
tick  195000 alive   250820 genomes  161373 energy   188.7 steps  256.0 halting 0.000 births 2856714 deaths 2856627 (6254.9s)
tick  196000 alive   250925 genomes  161307 energy   188.3 steps  256.0 halting 0.000 births 2877435 deaths 2877330 (6287.0s)
tick  197000 alive   251129 genomes  161141 energy   188.2 steps  256.0 halting 0.000 births 2857662 deaths 2857458 (6319.2s)
tick  198000 alive   251181 genomes  161002 energy   189.3 steps  256.0 halting 0.000 births 2860314 deaths 2860262 (6351.3s)
tick  199000 alive   251215 genomes  161320 energy   188.7 steps  256.0 halting 0.000 births 2868777 deaths 2868743 (6383.3s)
tick  200000 alive   251451 genomes  161012 energy   188.6 steps  256.0 halting 0.000 births 2873249 deaths 2873013 (6415.4s)
tick  201000 alive   251213 genomes  161050 energy   188.9 steps  256.0 halting 0.000 births 2852022 deaths 2852260 (6447.5s)
tick  202000 alive   251223 genomes  160860 energy   189.1 steps  256.0 halting 0.000 births 2858451 deaths 2858441 (6479.6s)
tick  203000 alive   250680 genomes  160885 energy   188.6 steps  256.0 halting 0.000 births 2855851 deaths 2856394 (6512.1s)
tick  204000 alive   250458 genomes  160947 energy   188.1 steps  256.0 halting 0.000 births 2869275 deaths 2869497 (6544.3s)
tick  205000 alive   250292 genomes  160889 energy   188.0 steps  256.0 halting 0.000 births 2872322 deaths 2872488 (6576.3s)
tick  206000 alive   249874 genomes  160892 energy   187.9 steps  256.0 halting 0.000 births 2874423 deaths 2874841 (6608.5s)
tick  207000 alive   250208 genomes  160608 energy   188.0 steps  256.0 halting 0.000 births 2871074 deaths 2870740 (6640.4s)
tick  208000 alive   250408 genomes  160895 energy   188.4 steps  256.0 halting 0.000 births 2856442 deaths 2856242 (6672.6s)
tick  209000 alive   250631 genomes  160625 energy   188.6 steps  256.0 halting 0.000 births 2866482 deaths 2866259 (6704.6s)
tick  210000 alive   250639 genomes  160563 energy   188.7 steps  256.0 halting 0.000 births 2855996 deaths 2855988 (6736.8s)
tick  211000 alive   250852 genomes  161199 energy   187.7 steps  256.0 halting 0.000 births 2870972 deaths 2870759 (6768.7s)
tick  212000 alive   250589 genomes  160402 energy   189.4 steps  256.0 halting 0.000 births 2858852 deaths 2859115 (6800.5s)
tick  213000 alive   250655 genomes  160514 energy   188.6 steps  256.0 halting 0.000 births 2861670 deaths 2861604 (6832.4s)
tick  214000 alive   250503 genomes  160316 energy   188.2 steps  256.0 halting 0.000 births 2879886 deaths 2880038 (6864.6s)
tick  215000 alive   250863 genomes  160808 energy   188.9 steps  256.0 halting 0.000 births 2870645 deaths 2870285 (6896.7s)
tick  216000 alive   250939 genomes  160879 energy   188.5 steps  256.0 halting 0.000 births 2865298 deaths 2865222 (6929.0s)
tick  217000 alive   250983 genomes  161491 energy   188.1 steps  256.0 halting 0.000 births 2858133 deaths 2858089 (6961.2s)
tick  218000 alive   251340 genomes  161053 energy   188.2 steps  256.0 halting 0.000 births 2881884 deaths 2881527 (6993.3s)
tick  219000 alive   251598 genomes  161402 energy   188.6 steps  256.0 halting 0.000 births 2870232 deaths 2869974 (7025.6s)
tick  220000 alive   251516 genomes  160921 energy   188.9 steps  256.0 halting 0.000 births 2863708 deaths 2863790 (7057.6s)
tick  221000 alive   251900 genomes  161002 energy   188.8 steps  256.0 halting 0.000 births 2864569 deaths 2864185 (7090.1s)
tick  222000 alive   251894 genomes  161510 energy   189.3 steps  256.0 halting 0.000 births 2862439 deaths 2862445 (7122.3s)
tick  223000 alive   252150 genomes  160849 energy   188.5 steps  256.0 halting 0.000 births 2877220 deaths 2876964 (7154.5s)
tick  224000 alive   252094 genomes  161068 energy   188.9 steps  256.0 halting 0.000 births 2879005 deaths 2879061 (7186.6s)
tick  225000 alive   252546 genomes  161388 energy   188.3 steps  256.0 halting 0.000 births 2879673 deaths 2879221 (7218.7s)
tick  226000 alive   252825 genomes  161306 energy   188.6 steps  256.0 halting 0.000 births 2884176 deaths 2883897 (7250.8s)
tick  227000 alive   253100 genomes  161125 energy   188.4 steps  256.0 halting 0.000 births 2896423 deaths 2896148 (7282.8s)
tick  228000 alive   252851 genomes  161742 energy   188.6 steps  256.0 halting 0.000 births 2883034 deaths 2883283 (7315.1s)
tick  229000 alive   252752 genomes  161744 energy   188.6 steps  256.0 halting 0.000 births 2896781 deaths 2896880 (7347.3s)
tick  230000 alive   253176 genomes  161338 energy   188.9 steps  256.0 halting 0.000 births 2875741 deaths 2875317 (7379.2s)
tick  231000 alive   253167 genomes  161848 energy   189.1 steps  256.0 halting 0.000 births 2881361 deaths 2881370 (7411.4s)
tick  232000 alive   253089 genomes  161551 energy   188.6 steps  256.0 halting 0.000 births 2884249 deaths 2884327 (7443.4s)
tick  233000 alive   253268 genomes  161034 energy   188.9 steps  256.0 halting 0.000 births 2877802 deaths 2877623 (7475.6s)
tick  234000 alive   253263 genomes  160996 energy   188.8 steps  256.0 halting 0.000 births 2868128 deaths 2868133 (7507.6s)
tick  235000 alive   253177 genomes  161584 energy   188.7 steps  256.0 halting 0.000 births 2877326 deaths 2877412 (7539.6s)
tick  236000 alive   253293 genomes  161628 energy   188.7 steps  256.0 halting 0.000 births 2888513 deaths 2888397 (7571.7s)
tick  237000 alive   253124 genomes  161460 energy   188.8 steps  256.0 halting 0.000 births 2886359 deaths 2886528 (7604.0s)
tick  238000 alive   252816 genomes  161464 energy   188.8 steps  256.0 halting 0.000 births 2882062 deaths 2882370 (7636.1s)
tick  239000 alive   252791 genomes  161445 energy   188.6 steps  256.0 halting 0.000 births 2881553 deaths 2881578 (7668.6s)
tick  240000 alive   252700 genomes  161348 energy   189.4 steps  256.0 halting 0.000 births 2864991 deaths 2865082 (7700.6s)
tick  241000 alive   252392 genomes  161255 energy   188.8 steps  256.0 halting 0.000 births 2861861 deaths 2862169 (7732.6s)
tick  242000 alive   252291 genomes  160861 energy   189.2 steps  256.0 halting 0.000 births 2870913 deaths 2871014 (7764.8s)
tick  243000 alive   251813 genomes  161277 energy   188.5 steps  256.0 halting 0.000 births 2875352 deaths 2875830 (7796.6s)
tick  244000 alive   250969 genomes  160543 energy   188.4 steps  256.0 halting 0.000 births 2872571 deaths 2873415 (7828.6s)
tick  245000 alive   250535 genomes  160457 energy   188.9 steps  256.0 halting 0.000 births 2875717 deaths 2876151 (7860.4s)
tick  246000 alive   250361 genomes  160066 energy   188.6 steps  256.0 halting 0.000 births 2878114 deaths 2878288 (7892.7s)
tick  247000 alive   250436 genomes  160104 energy   188.5 steps  256.0 halting 0.000 births 2872400 deaths 2872325 (7924.9s)
tick  248000 alive   250344 genomes  160728 energy   188.1 steps  256.0 halting 0.000 births 2870000 deaths 2870092 (7956.7s)
tick  249000 alive   250064 genomes  160716 energy   188.4 steps  256.0 halting 0.000 births 2863643 deaths 2863923 (7988.9s)
tick  250000 alive   249732 genomes  160291 energy   188.2 steps  256.0 halting 0.000 births 2879796 deaths 2880128 (8020.9s)
tick  251000 alive   249903 genomes  160231 energy   188.3 steps  256.0 halting 0.000 births 2865776 deaths 2865605 (8053.1s)
tick  252000 alive   249597 genomes  159849 energy   188.6 steps  256.0 halting 0.000 births 2867310 deaths 2867616 (8085.0s)
tick  253000 alive   249082 genomes  160124 energy   187.7 steps  256.0 halting 0.000 births 2869314 deaths 2869829 (8117.3s)
tick  254000 alive   248506 genomes  159431 energy   188.0 steps  256.0 halting 0.000 births 2883119 deaths 2883695 (8149.5s)
tick  255000 alive   248261 genomes  159371 energy   187.9 steps  256.0 halting 0.000 births 2877121 deaths 2877366 (8181.7s)
tick  256000 alive   247772 genomes  158996 energy   187.9 steps  256.0 halting 0.000 births 2855567 deaths 2856056 (8213.7s)
tick  257000 alive   247949 genomes  159116 energy   187.9 steps  256.0 halting 0.000 births 2867564 deaths 2867387 (8246.2s)
tick  258000 alive   248447 genomes  158915 energy   188.5 steps  256.0 halting 0.000 births 2857719 deaths 2857221 (8278.3s)
tick  259000 alive   248579 genomes  158865 energy   188.5 steps  256.0 halting 0.000 births 2856883 deaths 2856751 (8310.5s)
tick  260000 alive   248593 genomes  159263 energy   188.4 steps  256.0 halting 0.000 births 2865639 deaths 2865625 (8342.8s)
tick  261000 alive   249293 genomes  159044 energy   188.0 steps  256.0 halting 0.000 births 2859225 deaths 2858525 (8374.9s)
tick  262000 alive   249065 genomes  158959 energy   188.3 steps  256.0 halting 0.000 births 2851666 deaths 2851894 (8407.0s)
tick  263000 alive   249195 genomes  159121 energy   187.9 steps  256.0 halting 0.000 births 2860755 deaths 2860625 (8439.0s)
tick  264000 alive   248925 genomes  158826 energy   188.4 steps  256.0 halting 0.000 births 2858487 deaths 2858757 (8471.2s)
tick  265000 alive   248725 genomes  158616 energy   188.2 steps  256.0 halting 0.000 births 2865059 deaths 2865259 (8503.4s)
tick  266000 alive   249121 genomes  158709 energy   187.8 steps  256.0 halting 0.000 births 2852253 deaths 2851857 (8535.2s)
tick  267000 alive   248740 genomes  158787 energy   187.8 steps  256.0 halting 0.000 births 2876973 deaths 2877354 (8567.3s)
tick  268000 alive   248840 genomes  158692 energy   188.1 steps  256.0 halting 0.000 births 2863612 deaths 2863512 (8599.3s)
tick  269000 alive   249139 genomes  158187 energy   188.4 steps  256.0 halting 0.000 births 2868027 deaths 2867728 (8631.4s)
tick  270000 alive   249872 genomes  158492 energy   188.4 steps  256.0 halting 0.000 births 2861944 deaths 2861211 (8663.1s)
tick  271000 alive   250037 genomes  159346 energy   188.3 steps  256.0 halting 0.000 births 2872923 deaths 2872758 (8695.1s)
tick  272000 alive   250170 genomes  159039 energy   188.0 steps  256.0 halting 0.000 births 2876491 deaths 2876358 (8727.0s)
tick  273000 alive   250448 genomes  159565 energy   188.4 steps  256.0 halting 0.000 births 2871742 deaths 2871464 (8759.2s)
tick  274000 alive   250427 genomes  159166 energy   188.4 steps  256.0 halting 0.000 births 2854381 deaths 2854402 (8791.4s)
tick  275000 alive   250735 genomes  160148 energy   188.3 steps  256.0 halting 0.000 births 2864685 deaths 2864377 (8823.8s)
tick  276000 alive   250868 genomes  159639 energy   188.6 steps  256.0 halting 0.000 births 2865589 deaths 2865456 (8856.0s)
tick  277000 alive   250728 genomes  159602 energy   188.5 steps  256.0 halting 0.000 births 2854731 deaths 2854871 (8888.0s)
tick  278000 alive   250702 genomes  159244 energy   188.6 steps  256.0 halting 0.000 births 2863876 deaths 2863902 (8920.1s)
tick  279000 alive   250551 genomes  159433 energy   189.1 steps  256.0 halting 0.000 births 2861373 deaths 2861524 (8952.1s)
tick  280000 alive   250758 genomes  159069 energy   189.1 steps  256.0 halting 0.000 births 2858173 deaths 2857966 (8983.9s)
tick  281000 alive   250483 genomes  159420 energy   187.4 steps  256.0 halting 0.000 births 2871764 deaths 2872039 (9016.2s)
tick  282000 alive   250245 genomes  159476 energy   188.2 steps  256.0 halting 0.000 births 2870699 deaths 2870937 (9048.3s)
tick  283000 alive   250700 genomes  159350 energy   189.1 steps  256.0 halting 0.000 births 2864427 deaths 2863972 (9080.4s)
tick  284000 alive   250876 genomes  159611 energy   188.3 steps  256.0 halting 0.000 births 2882857 deaths 2882681 (9112.9s)
tick  285000 alive   251098 genomes  159717 energy   188.1 steps  256.0 halting 0.000 births 2879793 deaths 2879571 (9145.0s)
tick  286000 alive   251093 genomes  159772 energy   188.0 steps  256.0 halting 0.000 births 2893933 deaths 2893938 (9177.0s)
tick  287000 alive   250720 genomes  159856 energy   188.0 steps  256.0 halting 0.000 births 2878111 deaths 2878484 (9209.3s)
tick  288000 alive   251243 genomes  160160 energy   187.8 steps  256.0 halting 0.000 births 2889590 deaths 2889067 (9241.4s)
tick  289000 alive   251713 genomes  159593 energy   188.0 steps  256.0 halting 0.000 births 2911586 deaths 2911116 (9273.6s)
tick  290000 alive   252663 genomes  159903 energy   188.7 steps  256.0 halting 0.000 births 2892121 deaths 2891171 (9305.7s)
tick  291000 alive   252672 genomes  160193 energy   188.3 steps  256.0 halting 0.000 births 2897960 deaths 2897951 (9338.0s)
tick  292000 alive   252839 genomes  160396 energy   188.5 steps  256.0 halting 0.000 births 2896671 deaths 2896504 (9370.1s)
tick  293000 alive   253386 genomes  160310 energy   188.4 steps  256.0 halting 0.000 births 2902034 deaths 2901487 (9402.6s)
tick  294000 alive   253144 genomes  160747 energy   188.2 steps  256.0 halting 0.000 births 2907725 deaths 2907967 (9434.7s)
tick  295000 alive   253841 genomes  160741 energy   188.8 steps  256.0 halting 0.000 births 2899910 deaths 2899213 (9466.7s)
tick  296000 alive   253923 genomes  160499 energy   189.2 steps  256.0 halting 0.000 births 2891460 deaths 2891378 (9498.8s)
tick  297000 alive   253884 genomes  160983 energy   188.6 steps  256.0 halting 0.000 births 2897016 deaths 2897055 (9530.9s)
tick  298000 alive   253877 genomes  160359 energy   188.5 steps  256.0 halting 0.000 births 2889102 deaths 2889109 (9563.1s)
tick  299000 alive   253474 genomes  160417 energy   189.3 steps  256.0 halting 0.000 births 2878321 deaths 2878724 (9594.9s)
tick  300000 alive   252645 genomes  159835 energy   187.9 steps  256.0 halting 0.000 births 2873794 deaths 2874623 (9627.0s)
tick  301000 alive   252509 genomes  159495 energy   188.9 steps  256.0 halting 0.000 births 2886214 deaths 2886350 (9659.1s)
tick  302000 alive   252432 genomes  160158 energy   188.3 steps  256.0 halting 0.000 births 2896914 deaths 2896991 (9691.5s)
tick  303000 alive   252417 genomes  160133 energy   188.1 steps  256.0 halting 0.000 births 2899168 deaths 2899183 (9723.7s)
tick  304000 alive   251852 genomes  160058 energy   189.1 steps  256.0 halting 0.000 births 2881016 deaths 2881581 (9755.5s)
tick  305000 alive   251482 genomes  159494 energy   188.1 steps  256.0 halting 0.000 births 2886563 deaths 2886933 (9787.7s)
tick  306000 alive   251359 genomes  159174 energy   188.4 steps  256.0 halting 0.000 births 2893290 deaths 2893413 (9819.7s)
tick  307000 alive   251240 genomes  159284 energy   188.3 steps  256.0 halting 0.000 births 2878601 deaths 2878720 (9851.8s)
tick  308000 alive   251296 genomes  159375 energy   188.3 steps  256.0 halting 0.000 births 2884531 deaths 2884475 (9883.6s)
tick  309000 alive   250964 genomes  159514 energy   188.6 steps  256.0 halting 0.000 births 2880186 deaths 2880518 (9915.8s)
tick  310000 alive   251107 genomes  159301 energy   188.3 steps  256.0 halting 0.000 births 2876543 deaths 2876400 (9947.7s)
tick  311000 alive   250660 genomes  159229 energy   188.5 steps  256.0 halting 0.000 births 2878565 deaths 2879012 (9980.2s)
tick  312000 alive   250713 genomes  159519 energy   188.4 steps  256.0 halting 0.000 births 2883478 deaths 2883425 (10012.1s)
tick  313000 alive   250738 genomes  159731 energy   188.1 steps  256.0 halting 0.000 births 2884419 deaths 2884394 (10044.2s)
tick  314000 alive   250679 genomes  159174 energy   188.1 steps  256.0 halting 0.000 births 2887232 deaths 2887291 (10076.3s)
tick  315000 alive   250081 genomes  159109 energy   187.6 steps  256.0 halting 0.000 births 2876079 deaths 2876677 (10108.4s)
tick  316000 alive   250267 genomes  159284 energy   188.1 steps  256.0 halting 0.000 births 2882252 deaths 2882066 (10140.3s)
tick  317000 alive   250108 genomes  159455 energy   188.0 steps  256.0 halting 0.000 births 2890385 deaths 2890544 (10172.5s)
tick  318000 alive   250464 genomes  159527 energy   188.1 steps  256.0 halting 0.000 births 2898325 deaths 2897969 (10204.8s)
tick  319000 alive   250070 genomes  159160 energy   187.4 steps  256.0 halting 0.000 births 2905518 deaths 2905912 (10236.9s)
tick  320000 alive   250156 genomes  158672 energy   188.2 steps  256.0 halting 0.000 births 2905887 deaths 2905801 (10268.9s)
tick  321000 alive   250378 genomes  159530 energy   187.7 steps  256.0 halting 0.000 births 2907994 deaths 2907772 (10301.0s)
tick  322000 alive   250553 genomes  159217 energy   188.4 steps  256.0 halting 0.000 births 2898041 deaths 2897866 (10333.0s)
tick  323000 alive   250203 genomes  158723 energy   187.8 steps  256.0 halting 0.000 births 2893070 deaths 2893420 (10365.3s)
tick  324000 alive   249800 genomes  159081 energy   187.2 steps  256.0 halting 0.000 births 2909001 deaths 2909404 (10397.3s)
tick  325000 alive   249883 genomes  158570 energy   187.8 steps  256.0 halting 0.000 births 2898719 deaths 2898636 (10429.3s)
tick  326000 alive   250481 genomes  158914 energy   188.3 steps  256.0 halting 0.000 births 2889885 deaths 2889287 (10461.5s)
tick  327000 alive   250432 genomes  158671 energy   188.2 steps  256.0 halting 0.000 births 2890223 deaths 2890272 (10493.6s)
tick  328000 alive   251194 genomes  159090 energy   188.0 steps  256.0 halting 0.000 births 2890003 deaths 2889241 (10525.7s)
tick  329000 alive   251369 genomes  159220 energy   188.1 steps  256.0 halting 0.000 births 2887872 deaths 2887697 (10558.1s)
tick  330000 alive   251329 genomes  159003 energy   187.5 steps  256.0 halting 0.000 births 2903620 deaths 2903660 (10590.3s)
tick  331000 alive   251422 genomes  159136 energy   187.8 steps  256.0 halting 0.000 births 2905484 deaths 2905391 (10622.3s)
tick  332000 alive   251969 genomes  159066 energy   188.2 steps  256.0 halting 0.000 births 2909253 deaths 2908706 (10654.4s)
tick  333000 alive   251742 genomes  159001 energy   188.0 steps  256.0 halting 0.000 births 2904640 deaths 2904867 (10686.5s)
tick  334000 alive   252098 genomes  159162 energy   188.4 steps  256.0 halting 0.000 births 2904664 deaths 2904308 (10718.5s)
tick  335000 alive   252064 genomes  158803 energy   188.5 steps  256.0 halting 0.000 births 2893024 deaths 2893058 (10750.4s)
tick  336000 alive   252155 genomes  158524 energy   188.5 steps  256.0 halting 0.000 births 2900241 deaths 2900150 (10782.5s)
tick  337000 alive   252109 genomes  158413 energy   188.1 steps  256.0 halting 0.000 births 2907707 deaths 2907753 (10814.4s)
tick  338000 alive   251990 genomes  158985 energy   188.2 steps  256.0 halting 0.000 births 2895519 deaths 2895638 (10846.6s)
tick  339000 alive   251998 genomes  158660 energy   188.3 steps  256.0 halting 0.000 births 2897452 deaths 2897444 (10878.4s)
tick  340000 alive   251734 genomes  158721 energy   187.9 steps  256.0 halting 0.000 births 2910596 deaths 2910860 (10910.5s)
tick  341000 alive   251983 genomes  158878 energy   188.2 steps  256.0 halting 0.000 births 2901446 deaths 2901197 (10942.6s)
tick  342000 alive   252181 genomes  158683 energy   188.2 steps  256.0 halting 0.000 births 2904933 deaths 2904735 (10974.5s)
tick  343000 alive   251831 genomes  159062 energy   188.5 steps  256.0 halting 0.000 births 2899042 deaths 2899392 (11006.4s)
tick  344000 alive   252191 genomes  159036 energy   188.5 steps  256.0 halting 0.000 births 2903228 deaths 2902868 (11038.6s)
tick  345000 alive   251993 genomes  159048 energy   188.7 steps  256.0 halting 0.000 births 2891827 deaths 2892025 (11070.7s)
tick  346000 alive   252006 genomes  159218 energy   188.3 steps  256.0 halting 0.000 births 2877133 deaths 2877120 (11102.8s)
tick  347000 alive   251977 genomes  159069 energy   188.1 steps  256.0 halting 0.000 births 2874815 deaths 2874844 (11135.3s)
tick  348000 alive   251693 genomes  158557 energy   188.2 steps  256.0 halting 0.000 births 2889008 deaths 2889292 (11167.6s)
tick  349000 alive   251911 genomes  158734 energy   188.6 steps  256.0 halting 0.000 births 2893658 deaths 2893440 (11199.7s)
tick  350000 alive   251961 genomes  158532 energy   188.4 steps  256.0 halting 0.000 births 2887160 deaths 2887110 (11232.1s)
tick  351000 alive   251739 genomes  158564 energy   188.0 steps  256.0 halting 0.000 births 2898501 deaths 2898723 (11264.4s)
tick  352000 alive   251764 genomes  158476 energy   187.8 steps  256.0 halting 0.000 births 2908893 deaths 2908868 (11296.5s)
tick  353000 alive   251975 genomes  158276 energy   187.9 steps  256.0 halting 0.000 births 2906568 deaths 2906357 (11328.6s)
tick  354000 alive   252041 genomes  158511 energy   188.3 steps  256.0 halting 0.000 births 2910469 deaths 2910403 (11360.9s)
tick  355000 alive   251883 genomes  157912 energy   188.9 steps  256.0 halting 0.000 births 2861231 deaths 2861389 (11393.0s)
tick  356000 alive   252180 genomes  158328 energy   188.8 steps  256.0 halting 0.000 births 2890230 deaths 2889933 (11424.9s)
tick  357000 alive   251754 genomes  158291 energy   188.1 steps  256.0 halting 0.000 births 2892595 deaths 2893021 (11457.0s)
tick  358000 alive   251647 genomes  157959 energy   188.2 steps  256.0 halting 0.000 births 2887705 deaths 2887812 (11488.9s)
tick  359000 alive   251292 genomes  157978 energy   188.2 steps  256.0 halting 0.000 births 2875363 deaths 2875718 (11521.0s)
tick  360000 alive   250875 genomes  157362 energy   188.7 steps  256.0 halting 0.000 births 2886577 deaths 2886994 (11552.8s)
tick  361000 alive   250773 genomes  157645 energy   188.1 steps  256.0 halting 0.000 births 2881269 deaths 2881371 (11584.8s)
tick  362000 alive   250290 genomes  157384 energy   187.3 steps  256.0 halting 0.000 births 2893508 deaths 2893991 (11616.6s)
tick  363000 alive   250300 genomes  157081 energy   188.5 steps  256.0 halting 0.000 births 2884089 deaths 2884079 (11648.7s)
tick  364000 alive   250216 genomes  157187 energy   188.4 steps  256.0 halting 0.000 births 2874346 deaths 2874430 (11680.7s)
tick  365000 alive   250122 genomes  157087 energy   188.0 steps  256.0 halting 0.000 births 2884518 deaths 2884612 (11713.1s)
tick  366000 alive   249977 genomes  157495 energy   187.9 steps  256.0 halting 0.000 births 2894175 deaths 2894320 (11745.2s)
tick  367000 alive   250273 genomes  157282 energy   188.6 steps  256.0 halting 0.000 births 2889380 deaths 2889084 (11777.0s)
tick  368000 alive   250226 genomes  157431 energy   187.4 steps  256.0 halting 0.000 births 2909189 deaths 2909236 (11809.2s)
tick  369000 alive   250262 genomes  157000 energy   188.2 steps  256.0 halting 0.000 births 2886084 deaths 2886048 (11841.0s)
tick  370000 alive   249996 genomes  157744 energy   187.7 steps  256.0 halting 0.000 births 2896786 deaths 2897052 (11873.2s)
tick  371000 alive   250172 genomes  157368 energy   187.6 steps  256.0 halting 0.000 births 2906845 deaths 2906669 (11905.2s)
tick  372000 alive   250458 genomes  157114 energy   187.9 steps  256.0 halting 0.000 births 2903343 deaths 2903057 (11937.5s)
tick  373000 alive   251060 genomes  157586 energy   188.1 steps  256.0 halting 0.000 births 2904424 deaths 2903822 (11969.5s)
tick  374000 alive   251058 genomes  157929 energy   187.4 steps  256.0 halting 0.000 births 2911651 deaths 2911653 (12001.5s)
tick  375000 alive   251009 genomes  157439 energy   188.0 steps  256.0 halting 0.000 births 2915269 deaths 2915318 (12033.6s)
tick  376000 alive   251686 genomes  158486 energy   186.9 steps  256.0 halting 0.000 births 2908733 deaths 2908056 (12065.8s)
tick  377000 alive   251456 genomes  157786 energy   187.5 steps  256.0 halting 0.000 births 2929169 deaths 2929399 (12098.1s)
tick  378000 alive   251628 genomes  157918 energy   188.7 steps  256.0 halting 0.000 births 2899007 deaths 2898835 (12130.3s)
tick  379000 alive   251526 genomes  158121 energy   187.9 steps  256.0 halting 0.000 births 2911187 deaths 2911289 (12162.4s)
tick  380000 alive   251611 genomes  158134 energy   187.9 steps  256.0 halting 0.000 births 2919573 deaths 2919488 (12194.5s)
tick  381000 alive   251807 genomes  157423 energy   188.3 steps  256.0 halting 0.000 births 2913453 deaths 2913257 (12226.8s)
tick  382000 alive   251837 genomes  157815 energy   188.2 steps  256.0 halting 0.000 births 2903962 deaths 2903932 (12258.9s)
tick  383000 alive   251828 genomes  157784 energy   187.7 steps  256.0 halting 0.000 births 2921225 deaths 2921234 (12291.3s)
tick  384000 alive   252336 genomes  157462 energy   188.1 steps  256.0 halting 0.000 births 2908250 deaths 2907742 (12323.5s)
tick  385000 alive   252208 genomes  157440 energy   188.9 steps  256.0 halting 0.000 births 2901206 deaths 2901334 (12355.4s)
tick  386000 alive   252370 genomes  157667 energy   188.1 steps  256.0 halting 0.000 births 2918746 deaths 2918584 (12387.6s)
tick  387000 alive   252274 genomes  157670 energy   188.8 steps  256.0 halting 0.000 births 2906437 deaths 2906533 (12419.6s)
tick  388000 alive   252117 genomes  157350 energy   188.0 steps  256.0 halting 0.000 births 2897159 deaths 2897316 (12451.8s)
tick  389000 alive   251884 genomes  157356 energy   188.6 steps  256.0 halting 0.000 births 2913407 deaths 2913640 (12483.8s)
tick  390000 alive   251616 genomes  157375 energy   188.0 steps  256.0 halting 0.000 births 2911685 deaths 2911953 (12515.9s)
tick  391000 alive   251142 genomes  157506 energy   187.5 steps  256.0 halting 0.000 births 2916292 deaths 2916766 (12548.0s)
tick  392000 alive   251093 genomes  157241 energy   188.0 steps  256.0 halting 0.000 births 2921100 deaths 2921149 (12580.4s)
tick  393000 alive   250844 genomes  157379 energy   187.1 steps  256.0 halting 0.000 births 2923217 deaths 2923466 (12612.5s)
tick  394000 alive   250686 genomes  156802 energy   187.6 steps  256.0 halting 0.000 births 2923504 deaths 2923662 (12644.5s)
tick  395000 alive   250631 genomes  156258 energy   187.1 steps  256.0 halting 0.000 births 2915310 deaths 2915365 (12676.6s)
tick  396000 alive   250870 genomes  156186 energy   187.5 steps  256.0 halting 0.000 births 2930528 deaths 2930289 (12708.5s)
tick  397000 alive   251401 genomes  156682 energy   187.9 steps  256.0 halting 0.000 births 2923569 deaths 2923038 (12740.5s)
tick  398000 alive   252260 genomes  157012 energy   188.3 steps  256.0 halting 0.000 births 2916881 deaths 2916022 (12772.6s)
tick  399000 alive   252231 genomes  157099 energy   188.0 steps  256.0 halting 0.000 births 2911135 deaths 2911164 (12804.8s)
tick  400000 alive   252303 genomes  157785 energy   187.7 steps  256.0 halting 0.000 births 2926203 deaths 2926131 (12837.0s)
tick  401000 alive   252816 genomes  157140 energy   188.1 steps  256.0 halting 0.000 births 2928196 deaths 2927683 (12868.8s)
tick  402000 alive   253256 genomes  157360 energy   187.9 steps  256.0 halting 0.000 births 2928805 deaths 2928365 (12900.8s)
tick  403000 alive   252963 genomes  157659 energy   188.1 steps  256.0 halting 0.000 births 2926867 deaths 2927160 (12932.8s)
tick  404000 alive   252745 genomes  157662 energy   187.9 steps  256.0 halting 0.000 births 2933169 deaths 2933387 (12964.9s)
tick  405000 alive   252694 genomes  157012 energy   188.1 steps  256.0 halting 0.000 births 2927583 deaths 2927634 (12996.9s)
tick  406000 alive   252570 genomes  156844 energy   187.8 steps  256.0 halting 0.000 births 2926359 deaths 2926483 (13028.9s)
tick  407000 alive   252201 genomes  156673 energy   188.2 steps  256.0 halting 0.000 births 2915154 deaths 2915523 (13060.7s)
tick  408000 alive   252179 genomes  156834 energy   187.8 steps  256.0 halting 0.000 births 2927141 deaths 2927163 (13092.9s)
tick  409000 alive   251791 genomes  156812 energy   188.2 steps  256.0 halting 0.000 births 2925339 deaths 2925727 (13124.9s)
tick  410000 alive   251843 genomes  157041 energy   187.6 steps  256.0 halting 0.000 births 2925206 deaths 2925154 (13156.8s)
tick  411000 alive   252058 genomes  156965 energy   187.7 steps  256.0 halting 0.000 births 2919158 deaths 2918943 (13188.8s)
tick  412000 alive   252029 genomes  156703 energy   187.6 steps  256.0 halting 0.000 births 2937882 deaths 2937911 (13220.9s)
tick  413000 alive   252337 genomes  156755 energy   187.9 steps  256.0 halting 0.000 births 2921367 deaths 2921059 (13253.0s)
tick  414000 alive   252005 genomes  156558 energy   188.0 steps  256.0 halting 0.000 births 2915611 deaths 2915943 (13285.1s)
tick  415000 alive   251845 genomes  156258 energy   188.4 steps  256.0 halting 0.000 births 2912402 deaths 2912562 (13317.1s)
tick  416000 alive   251831 genomes  156525 energy   188.4 steps  256.0 halting 0.000 births 2903659 deaths 2903673 (13349.3s)
tick  417000 alive   251698 genomes  156774 energy   187.4 steps  256.0 halting 0.000 births 2923557 deaths 2923690 (13381.4s)
tick  418000 alive   251494 genomes  156467 energy   187.4 steps  256.0 halting 0.000 births 2930595 deaths 2930799 (13413.6s)
tick  419000 alive   251999 genomes  156708 energy   188.1 steps  256.0 halting 0.000 births 2932473 deaths 2931968 (13446.0s)
tick  420000 alive   252288 genomes  157141 energy   188.0 steps  256.0 halting 0.000 births 2929804 deaths 2929515 (13478.2s)
tick  421000 alive   252052 genomes  156884 energy   187.8 steps  256.0 halting 0.000 births 2920517 deaths 2920753 (13510.0s)
tick  422000 alive   251903 genomes  156914 energy   187.7 steps  256.0 halting 0.000 births 2938146 deaths 2938295 (13542.2s)
tick  423000 alive   251918 genomes  156946 energy   187.7 steps  256.0 halting 0.000 births 2927166 deaths 2927151 (13574.3s)
tick  424000 alive   251595 genomes  156598 energy   187.7 steps  256.0 halting 0.000 births 2941343 deaths 2941666 (13606.5s)
tick  425000 alive   251414 genomes  156525 energy   187.3 steps  256.0 halting 0.000 births 2932332 deaths 2932513 (13638.4s)
tick  426000 alive   251141 genomes  156283 energy   187.4 steps  256.0 halting 0.000 births 2933716 deaths 2933989 (13670.5s)
tick  427000 alive   251503 genomes  156310 energy   187.5 steps  256.0 halting 0.000 births 2922112 deaths 2921750 (13702.8s)
tick  428000 alive   251492 genomes  156391 energy   188.3 steps  256.0 halting 0.000 births 2923419 deaths 2923430 (13735.1s)
tick  429000 alive   251177 genomes  155896 energy   187.9 steps  256.0 halting 0.000 births 2914096 deaths 2914411 (13767.1s)
tick  430000 alive   251316 genomes  156364 energy   187.9 steps  256.0 halting 0.000 births 2910127 deaths 2909988 (13799.1s)
tick  431000 alive   251271 genomes  156085 energy   188.4 steps  256.0 halting 0.000 births 2889825 deaths 2889870 (13831.1s)
tick  432000 alive   250989 genomes  156169 energy   187.6 steps  256.0 halting 0.000 births 2907297 deaths 2907579 (13863.1s)
tick  433000 alive   250679 genomes  155553 energy   187.4 steps  256.0 halting 0.000 births 2934282 deaths 2934592 (13895.3s)
tick  434000 alive   250414 genomes  156169 energy   187.5 steps  256.0 halting 0.000 births 2927767 deaths 2928032 (13927.2s)
tick  435000 alive   250002 genomes  155755 energy   187.0 steps  256.0 halting 0.000 births 2941511 deaths 2941923 (13959.5s)
tick  436000 alive   249849 genomes  155766 energy   187.6 steps  256.0 halting 0.000 births 2928608 deaths 2928761 (13991.6s)
tick  437000 alive   249906 genomes  155715 energy   187.2 steps  256.0 halting 0.000 births 2926337 deaths 2926280 (14023.5s)
tick  438000 alive   250035 genomes  155551 energy   187.3 steps  256.0 halting 0.000 births 2948624 deaths 2948495 (14055.7s)
tick  439000 alive   250344 genomes  155965 energy   187.4 steps  256.0 halting 0.000 births 2926016 deaths 2925707 (14087.7s)
tick  440000 alive   250199 genomes  155469 energy   187.0 steps  256.0 halting 0.000 births 2941575 deaths 2941720 (14119.9s)
tick  441000 alive   250451 genomes  155603 energy   187.4 steps  256.0 halting 0.000 births 2930456 deaths 2930204 (14152.0s)
tick  442000 alive   250210 genomes  155341 energy   187.5 steps  256.0 halting 0.000 births 2929609 deaths 2929850 (14184.2s)
tick  443000 alive   249783 genomes  155088 energy   187.1 steps  256.0 halting 0.000 births 2930586 deaths 2931013 (14216.2s)
tick  444000 alive   249318 genomes  155139 energy   187.1 steps  256.0 halting 0.000 births 2935115 deaths 2935580 (14248.4s)
tick  445000 alive   249218 genomes  155606 energy   187.3 steps  256.0 halting 0.000 births 2923948 deaths 2924048 (14280.5s)
tick  446000 alive   249587 genomes  154856 energy   186.9 steps  256.0 halting 0.000 births 2922519 deaths 2922150 (14313.0s)
tick  447000 alive   250291 genomes  155531 energy   187.9 steps  256.0 halting 0.000 births 2920307 deaths 2919603 (14345.2s)
tick  448000 alive   250174 genomes  155535 energy   187.3 steps  256.0 halting 0.000 births 2921421 deaths 2921538 (14377.3s)
tick  449000 alive   250192 genomes  155147 energy   187.3 steps  256.0 halting 0.000 births 2937962 deaths 2937944 (14409.6s)
tick  450000 alive   250425 genomes  154943 energy   188.1 steps  256.0 halting 0.000 births 2937491 deaths 2937258 (14441.5s)
tick  451000 alive   250428 genomes  154864 energy   187.7 steps  256.0 halting 0.000 births 2921110 deaths 2921107 (14473.5s)
tick  452000 alive   250921 genomes  154991 energy   187.2 steps  256.0 halting 0.000 births 2928638 deaths 2928145 (14505.6s)
tick  453000 alive   251111 genomes  155263 energy   187.1 steps  256.0 halting 0.000 births 2945788 deaths 2945598 (14537.9s)
tick  454000 alive   251071 genomes  155257 energy   186.6 steps  256.0 halting 0.000 births 2959728 deaths 2959768 (14570.1s)
tick  455000 alive   251451 genomes  155306 energy   188.1 steps  256.0 halting 0.000 births 2938435 deaths 2938055 (14602.0s)
tick  456000 alive   251224 genomes  155474 energy   187.2 steps  256.0 halting 0.000 births 2938958 deaths 2939185 (14634.2s)
tick  457000 alive   251790 genomes  155331 energy   188.2 steps  256.0 halting 0.000 births 2940216 deaths 2939650 (14666.1s)
tick  458000 alive   251301 genomes  155349 energy   187.1 steps  256.0 halting 0.000 births 2947491 deaths 2947980 (14698.3s)
tick  459000 alive   251430 genomes  155109 energy   187.4 steps  256.0 halting 0.000 births 2944369 deaths 2944240 (14730.4s)
tick  460000 alive   251167 genomes  155804 energy   187.4 steps  256.0 halting 0.000 births 2936150 deaths 2936413 (14762.6s)
tick  461000 alive   251325 genomes  155313 energy   187.6 steps  256.0 halting 0.000 births 2944579 deaths 2944421 (14794.8s)
tick  462000 alive   251231 genomes  154660 energy   187.7 steps  256.0 halting 0.000 births 2930571 deaths 2930665 (14827.0s)
tick  463000 alive   251424 genomes  154588 energy   187.5 steps  256.0 halting 0.000 births 2924956 deaths 2924763 (14858.9s)
tick  464000 alive   251444 genomes  155122 energy   187.9 steps  256.0 halting 0.000 births 2931698 deaths 2931678 (14891.4s)
tick  465000 alive   250970 genomes  154629 energy   187.8 steps  256.0 halting 0.000 births 2919909 deaths 2920383 (14923.5s)
tick  466000 alive   250779 genomes  154969 energy   187.5 steps  256.0 halting 0.000 births 2921508 deaths 2921699 (14955.7s)
tick  467000 alive   250415 genomes  154788 energy   187.9 steps  256.0 halting 0.000 births 2930005 deaths 2930369 (14988.2s)
tick  468000 alive   250857 genomes  154711 energy   188.1 steps  256.0 halting 0.000 births 2923522 deaths 2923080 (15020.5s)
tick  469000 alive   250743 genomes  154457 energy   187.9 steps  256.0 halting 0.000 births 2929872 deaths 2929986 (15052.7s)
tick  470000 alive   250583 genomes  154586 energy   187.5 steps  256.0 halting 0.000 births 2926064 deaths 2926224 (15084.7s)
tick  471000 alive   250811 genomes  154518 energy   187.2 steps  256.0 halting 0.000 births 2934521 deaths 2934293 (15117.0s)
tick  472000 alive   251039 genomes  154610 energy   187.7 steps  256.0 halting 0.000 births 2944698 deaths 2944470 (15148.8s)
tick  473000 alive   250944 genomes  154703 energy   187.3 steps  256.0 halting 0.000 births 2935709 deaths 2935804 (15180.7s)
tick  474000 alive   251332 genomes  155367 energy   187.4 steps  256.0 halting 0.000 births 2937017 deaths 2936629 (15212.6s)
tick  475000 alive   251162 genomes  155100 energy   187.5 steps  256.0 halting 0.000 births 2948669 deaths 2948839 (15244.7s)
tick  476000 alive   251056 genomes  155036 energy   187.7 steps  256.0 halting 0.000 births 2927995 deaths 2928101 (15276.8s)
tick  477000 alive   250639 genomes  154806 energy   187.9 steps  256.0 halting 0.000 births 2935231 deaths 2935648 (15308.9s)
tick  478000 alive   250592 genomes  154133 energy   187.5 steps  256.0 halting 0.000 births 2928856 deaths 2928903 (15340.8s)
tick  479000 alive   250330 genomes  154492 energy   187.7 steps  256.0 halting 0.000 births 2925337 deaths 2925599 (15372.9s)
tick  480000 alive   250256 genomes  154242 energy   186.6 steps  256.0 halting 0.000 births 2926898 deaths 2926972 (15405.0s)
tick  481000 alive   249601 genomes  153949 energy   187.6 steps  256.0 halting 0.000 births 2922897 deaths 2923552 (15437.0s)
tick  482000 alive   249704 genomes  153669 energy   187.6 steps  256.0 halting 0.000 births 2928675 deaths 2928572 (15469.0s)
tick  483000 alive   249740 genomes  153833 energy   187.6 steps  256.0 halting 0.000 births 2930309 deaths 2930273 (15501.1s)
tick  484000 alive   249726 genomes  153328 energy   187.3 steps  256.0 halting 0.000 births 2938453 deaths 2938467 (15533.1s)
tick  485000 alive   249983 genomes  153708 energy   186.5 steps  256.0 halting 0.000 births 2936218 deaths 2935961 (15565.4s)
tick  486000 alive   250038 genomes  153932 energy   187.3 steps  256.0 halting 0.000 births 2941896 deaths 2941841 (15597.5s)
tick  487000 alive   250138 genomes  153770 energy   187.1 steps  256.0 halting 0.000 births 2917400 deaths 2917300 (15629.6s)
tick  488000 alive   250422 genomes  153835 energy   187.7 steps  256.0 halting 0.000 births 2928256 deaths 2927972 (15661.4s)
tick  489000 alive   250430 genomes  154027 energy   187.8 steps  256.0 halting 0.000 births 2923622 deaths 2923614 (15693.7s)
tick  490000 alive   250893 genomes  154233 energy   187.6 steps  256.0 halting 0.000 births 2919319 deaths 2918856 (15725.8s)
tick  491000 alive   251396 genomes  154335 energy   187.5 steps  256.0 halting 0.000 births 2925213 deaths 2924710 (15758.2s)
tick  492000 alive   251550 genomes  154527 energy   186.9 steps  256.0 halting 0.000 births 2942906 deaths 2942752 (15790.5s)
tick  493000 alive   251620 genomes  154229 energy   188.0 steps  256.0 halting 0.000 births 2945165 deaths 2945095 (15822.5s)
tick  494000 alive   251891 genomes  154012 energy   187.4 steps  256.0 halting 0.000 births 2940244 deaths 2939973 (15854.7s)
tick  495000 alive   252322 genomes  154172 energy   187.9 steps  256.0 halting 0.000 births 2943285 deaths 2942854 (15886.7s)
tick  496000 alive   252382 genomes  154657 energy   187.4 steps  256.0 halting 0.000 births 2931357 deaths 2931297 (15918.7s)
tick  497000 alive   252482 genomes  154535 energy   187.9 steps  256.0 halting 0.000 births 2938416 deaths 2938316 (15950.8s)
tick  498000 alive   252499 genomes  154821 energy   187.3 steps  256.0 halting 0.000 births 2944739 deaths 2944722 (15983.0s)
tick  499000 alive   252545 genomes  155023 energy   187.3 steps  256.0 halting 0.000 births 2947868 deaths 2947822 (16015.0s)
tick  500000 alive   252861 genomes  154766 energy   187.4 steps  256.0 halting 0.000 births 2949784 deaths 2949468 (16047.0s)
tick  501000 alive   252654 genomes  154403 energy   187.5 steps  256.0 halting 0.000 births 2955207 deaths 2955414 (16079.1s)
tick  502000 alive   252925 genomes  154399 energy   187.5 steps  256.0 halting 0.000 births 2966953 deaths 2966682 (16111.2s)
tick  503000 alive   252828 genomes  154003 energy   187.5 steps  256.0 halting 0.000 births 2946494 deaths 2946591 (16143.4s)
tick  504000 alive   252717 genomes  153914 energy   188.0 steps  256.0 halting 0.000 births 2939762 deaths 2939873 (16175.5s)
tick  505000 alive   252634 genomes  153940 energy   187.5 steps  256.0 halting 0.000 births 2945683 deaths 2945766 (16207.4s)
tick  506000 alive   252751 genomes  154180 energy   187.8 steps  256.0 halting 0.000 births 2950136 deaths 2950019 (16239.6s)
tick  507000 alive   252981 genomes  154469 energy   187.9 steps  256.0 halting 0.000 births 2944334 deaths 2944104 (16271.8s)
tick  508000 alive   253191 genomes  154123 energy   188.4 steps  256.0 halting 0.000 births 2955642 deaths 2955432 (16303.8s)
tick  509000 alive   253061 genomes  153998 energy   188.3 steps  256.0 halting 0.000 births 2938509 deaths 2938639 (16336.2s)
tick  510000 alive   252905 genomes  154233 energy   187.4 steps  256.0 halting 0.000 births 2947119 deaths 2947275 (16368.2s)
tick  511000 alive   253372 genomes  154316 energy   187.2 steps  256.0 halting 0.000 births 2950936 deaths 2950469 (16400.4s)
tick  512000 alive   253238 genomes  154825 energy   187.8 steps  256.0 halting 0.000 births 2955443 deaths 2955577 (16432.6s)
tick  513000 alive   252894 genomes  154830 energy   187.9 steps  256.0 halting 0.000 births 2943769 deaths 2944113 (16464.8s)
tick  514000 alive   252969 genomes  155022 energy   187.4 steps  256.0 halting 0.000 births 2959252 deaths 2959177 (16496.8s)
tick  515000 alive   252828 genomes  154384 energy   188.0 steps  256.0 halting 0.000 births 2955407 deaths 2955548 (16529.0s)
tick  516000 alive   252353 genomes  153966 energy   187.8 steps  256.0 halting 0.000 births 2939666 deaths 2940141 (16561.1s)
tick  517000 alive   252429 genomes  153781 energy   187.8 steps  256.0 halting 0.000 births 2934257 deaths 2934181 (16593.3s)
tick  518000 alive   252059 genomes  154128 energy   187.0 steps  256.0 halting 0.000 births 2956649 deaths 2957019 (16625.6s)
tick  519000 alive   252451 genomes  154428 energy   187.4 steps  256.0 halting 0.000 births 2953833 deaths 2953441 (16657.9s)
tick  520000 alive   252540 genomes  154398 energy   187.9 steps  256.0 halting 0.000 births 2971507 deaths 2971418 (16689.8s)
tick  521000 alive   252872 genomes  154466 energy   187.5 steps  256.0 halting 0.000 births 2954800 deaths 2954468 (16721.9s)
tick  522000 alive   252744 genomes  153908 energy   187.6 steps  256.0 halting 0.000 births 2964089 deaths 2964217 (16754.0s)
tick  523000 alive   252651 genomes  153735 energy   187.8 steps  256.0 halting 0.000 births 2948920 deaths 2949013 (16786.1s)
tick  524000 alive   252453 genomes  153737 energy   187.0 steps  256.0 halting 0.000 births 2951874 deaths 2952072 (16817.9s)
tick  525000 alive   252745 genomes  153419 energy   187.7 steps  256.0 halting 0.000 births 2957200 deaths 2956908 (16850.1s)
tick  526000 alive   253038 genomes  153434 energy   187.8 steps  256.0 halting 0.000 births 2955133 deaths 2954840 (16882.0s)
tick  527000 alive   253020 genomes  154091 energy   187.5 steps  256.0 halting 0.000 births 2949290 deaths 2949308 (16913.8s)
tick  528000 alive   253113 genomes  153917 energy   187.8 steps  256.0 halting 0.000 births 2960042 deaths 2959949 (16945.7s)
tick  529000 alive   252787 genomes  153396 energy   188.3 steps  256.0 halting 0.000 births 2942304 deaths 2942630 (16977.8s)
tick  530000 alive   252583 genomes  153777 energy   187.3 steps  256.0 halting 0.000 births 2948748 deaths 2948952 (17009.9s)
tick  531000 alive   252335 genomes  152944 energy   187.7 steps  256.0 halting 0.000 births 2938725 deaths 2938973 (17042.0s)
tick  532000 alive   251949 genomes  153525 energy   187.6 steps  256.0 halting 0.000 births 2951027 deaths 2951413 (17074.1s)
tick  533000 alive   252107 genomes  153066 energy   187.2 steps  256.0 halting 0.000 births 2962978 deaths 2962820 (17106.1s)
tick  534000 alive   251972 genomes  153372 energy   187.5 steps  256.0 halting 0.000 births 2954560 deaths 2954695 (17138.3s)
tick  535000 alive   251750 genomes  153446 energy   187.2 steps  256.0 halting 0.000 births 2963986 deaths 2964208 (17170.6s)
tick  536000 alive   251683 genomes  153442 energy   187.0 steps  256.0 halting 0.000 births 2960547 deaths 2960614 (17202.9s)
tick  537000 alive   251778 genomes  153023 energy   187.8 steps  256.0 halting 0.000 births 2938215 deaths 2938120 (17234.9s)
tick  538000 alive   251894 genomes  153203 energy   187.5 steps  256.0 halting 0.000 births 2936101 deaths 2935985 (17266.7s)
tick  539000 alive   251820 genomes  153178 energy   187.6 steps  256.0 halting 0.000 births 2934003 deaths 2934077 (17298.9s)
tick  540000 alive   251127 genomes  152774 energy   188.2 steps  256.0 halting 0.000 births 2952729 deaths 2953422 (17330.8s)
tick  541000 alive   250746 genomes  152403 energy   187.4 steps  256.0 halting 0.000 births 2938056 deaths 2938437 (17362.8s)
tick  542000 alive   251108 genomes  152960 energy   187.8 steps  256.0 halting 0.000 births 2940508 deaths 2940146 (17394.6s)
tick  543000 alive   250916 genomes  152976 energy   187.0 steps  256.0 halting 0.000 births 2942672 deaths 2942864 (17426.8s)
tick  544000 alive   250925 genomes  152639 energy   186.9 steps  256.0 halting 0.000 births 2943750 deaths 2943741 (17458.8s)
tick  545000 alive   250700 genomes  151990 energy   187.4 steps  256.0 halting 0.000 births 2947714 deaths 2947939 (17490.6s)
tick  546000 alive   250864 genomes  151759 energy   187.1 steps  256.0 halting 0.000 births 2932821 deaths 2932657 (17522.6s)
tick  547000 alive   251359 genomes  152529 energy   187.9 steps  256.0 halting 0.000 births 2939033 deaths 2938538 (17554.4s)
tick  548000 alive   251491 genomes  152376 energy   187.3 steps  256.0 halting 0.000 births 2940963 deaths 2940831 (17586.6s)
tick  549000 alive   251738 genomes  152456 energy   187.7 steps  256.0 halting 0.000 births 2940806 deaths 2940559 (17618.6s)
tick  550000 alive   252044 genomes  152614 energy   187.3 steps  256.0 halting 0.000 births 2967834 deaths 2967528 (17650.7s)
tick  551000 alive   252268 genomes  152898 energy   187.6 steps  256.0 halting 0.000 births 2943796 deaths 2943572 (17682.6s)
tick  552000 alive   251761 genomes  152328 energy   187.5 steps  256.0 halting 0.000 births 2955439 deaths 2955946 (17714.7s)
tick  553000 alive   251565 genomes  152840 energy   187.1 steps  256.0 halting 0.000 births 2959965 deaths 2960161 (17746.6s)
tick  554000 alive   251282 genomes  152583 energy   187.8 steps  256.0 halting 0.000 births 2949722 deaths 2950005 (17779.1s)
tick  555000 alive   251309 genomes  152107 energy   187.7 steps  256.0 halting 0.000 births 2947636 deaths 2947609 (17811.0s)
tick  556000 alive   251188 genomes  151831 energy   187.7 steps  256.0 halting 0.000 births 2937261 deaths 2937382 (17843.1s)
tick  557000 alive   251734 genomes  152183 energy   187.4 steps  256.0 halting 0.000 births 2952964 deaths 2952418 (17875.3s)
tick  558000 alive   251835 genomes  152567 energy   187.6 steps  256.0 halting 0.000 births 2947172 deaths 2947071 (17907.2s)
tick  559000 alive   251849 genomes  152287 energy   187.2 steps  256.0 halting 0.000 births 2947884 deaths 2947870 (17939.1s)
tick  560000 alive   251570 genomes  151961 energy   187.9 steps  256.0 halting 0.000 births 2943528 deaths 2943807 (17971.2s)
tick  561000 alive   251449 genomes  152029 energy   187.2 steps  256.0 halting 0.000 births 2940536 deaths 2940657 (18003.3s)
tick  562000 alive   250943 genomes  152422 energy   187.1 steps  256.0 halting 0.000 births 2965624 deaths 2966130 (18035.5s)
tick  563000 alive   250944 genomes  152079 energy   187.0 steps  256.0 halting 0.000 births 2953330 deaths 2953329 (18067.4s)
tick  564000 alive   251092 genomes  152218 energy   187.2 steps  256.0 halting 0.000 births 2956753 deaths 2956605 (18099.5s)
tick  565000 alive   250382 genomes  151330 energy   186.7 steps  256.0 halting 0.000 births 2966721 deaths 2967431 (18131.4s)
tick  566000 alive   250672 genomes  151584 energy   187.4 steps  256.0 halting 0.000 births 2964257 deaths 2963967 (18163.7s)
tick  567000 alive   251489 genomes  151942 energy   187.4 steps  256.0 halting 0.000 births 2943697 deaths 2942880 (18195.7s)
tick  568000 alive   251931 genomes  152368 energy   187.2 steps  256.0 halting 0.000 births 2959945 deaths 2959503 (18227.9s)
tick  569000 alive   252105 genomes  152167 energy   187.2 steps  256.0 halting 0.000 births 2952477 deaths 2952303 (18259.8s)
tick  570000 alive   252010 genomes  151517 energy   187.5 steps  256.0 halting 0.000 births 2963095 deaths 2963190 (18292.0s)
tick  571000 alive   252218 genomes  151901 energy   187.9 steps  256.0 halting 0.000 births 2944503 deaths 2944295 (18323.9s)
tick  572000 alive   252579 genomes  152302 energy   188.1 steps  256.0 halting 0.000 births 2932057 deaths 2931696 (18356.1s)
tick  573000 alive   251933 genomes  152244 energy   187.9 steps  256.0 halting 0.000 births 2950938 deaths 2951584 (18388.0s)
tick  574000 alive   251566 genomes  152111 energy   187.9 steps  256.0 halting 0.000 births 2942401 deaths 2942768 (18420.0s)
tick  575000 alive   251441 genomes  151942 energy   187.6 steps  256.0 halting 0.000 births 2957665 deaths 2957790 (18452.2s)
tick  576000 alive   251144 genomes  152006 energy   187.5 steps  256.0 halting 0.000 births 2952671 deaths 2952968 (18484.2s)
tick  577000 alive   250957 genomes  151863 energy   187.3 steps  256.0 halting 0.000 births 2948109 deaths 2948296 (18516.4s)
tick  578000 alive   251010 genomes  152294 energy   187.2 steps  256.0 halting 0.000 births 2951370 deaths 2951317 (18548.4s)
tick  579000 alive   250821 genomes  152090 energy   187.4 steps  256.0 halting 0.000 births 2972481 deaths 2972670 (18580.7s)
tick  580000 alive   250742 genomes  151413 energy   187.3 steps  256.0 halting 0.000 births 2956681 deaths 2956760 (18612.8s)
tick  581000 alive   251070 genomes  151914 energy   186.7 steps  256.0 halting 0.000 births 2960829 deaths 2960501 (18645.1s)
tick  582000 alive   251113 genomes  152171 energy   187.2 steps  256.0 halting 0.000 births 2953589 deaths 2953546 (18677.3s)
tick  583000 alive   251182 genomes  151702 energy   187.8 steps  256.0 halting 0.000 births 2940217 deaths 2940148 (18709.1s)
tick  584000 alive   251497 genomes  151716 energy   187.7 steps  256.0 halting 0.000 births 2938152 deaths 2937837 (18741.2s)
tick  585000 alive   251534 genomes  152066 energy   187.8 steps  256.0 halting 0.000 births 2936446 deaths 2936409 (18773.2s)
tick  586000 alive   251430 genomes  151994 energy   187.8 steps  256.0 halting 0.000 births 2940934 deaths 2941038 (18805.2s)
tick  587000 alive   251362 genomes  151557 energy   188.2 steps  256.0 halting 0.000 births 2930906 deaths 2930974 (18837.0s)
tick  588000 alive   251094 genomes  151205 energy   187.5 steps  256.0 halting 0.000 births 2920012 deaths 2920280 (18869.0s)
tick  589000 alive   250797 genomes  151109 energy   187.4 steps  256.0 halting 0.000 births 2930912 deaths 2931209 (18901.2s)
tick  590000 alive   249821 genomes  150821 energy   187.2 steps  256.0 halting 0.000 births 2937978 deaths 2938954 (18933.5s)
tick  591000 alive   249876 genomes  150758 energy   187.2 steps  256.0 halting 0.000 births 2936628 deaths 2936573 (18965.6s)
tick  592000 alive   249102 genomes  150781 energy   187.2 steps  256.0 halting 0.000 births 2937665 deaths 2938439 (18997.4s)
tick  593000 alive   248829 genomes  150117 energy   187.2 steps  256.0 halting 0.000 births 2930452 deaths 2930725 (19029.5s)
tick  594000 alive   248724 genomes  150687 energy   187.0 steps  256.0 halting 0.000 births 2931393 deaths 2931498 (19061.5s)
tick  595000 alive   248573 genomes  150479 energy   187.0 steps  256.0 halting 0.000 births 2923770 deaths 2923921 (19093.7s)
tick  596000 alive   248603 genomes  150753 energy   187.7 steps  256.0 halting 0.000 births 2926312 deaths 2926282 (19125.6s)
tick  597000 alive   248342 genomes  150049 energy   187.4 steps  256.0 halting 0.000 births 2935450 deaths 2935711 (19157.7s)
tick  598000 alive   248363 genomes  150255 energy   187.3 steps  256.0 halting 0.000 births 2929563 deaths 2929542 (19189.6s)
tick  599000 alive   248073 genomes  149582 energy   187.0 steps  256.0 halting 0.000 births 2928347 deaths 2928637 (19221.8s)
tick  600000 alive   248064 genomes  149649 energy   186.5 steps  256.0 halting 0.000 births 2942935 deaths 2942944 (19253.8s)
tick  601000 alive   247933 genomes  150011 energy   186.7 steps  256.0 halting 0.000 births 2936704 deaths 2936835 (19286.0s)
tick  602000 alive   247658 genomes  149931 energy   187.4 steps  256.0 halting 0.000 births 2934798 deaths 2935073 (19318.0s)
tick  603000 alive   247244 genomes  149365 energy   186.8 steps  256.0 halting 0.000 births 2928347 deaths 2928761 (19350.0s)
tick  604000 alive   247746 genomes  149706 energy   186.9 steps  256.0 halting 0.000 births 2933018 deaths 2932516 (19381.8s)
tick  605000 alive   247910 genomes  150488 energy   186.1 steps  256.0 halting 0.000 births 2934272 deaths 2934108 (19413.9s)
tick  606000 alive   248686 genomes  149989 energy   186.7 steps  256.0 halting 0.000 births 2943044 deaths 2942268 (19446.1s)
tick  607000 alive   248832 genomes  150482 energy   187.0 steps  256.0 halting 0.000 births 2938972 deaths 2938826 (19478.2s)
tick  608000 alive   248996 genomes  150444 energy   186.9 steps  256.0 halting 0.000 births 2940788 deaths 2940624 (19510.7s)
tick  609000 alive   248214 genomes  149987 energy   187.2 steps  256.0 halting 0.000 births 2949974 deaths 2950756 (19542.7s)
tick  610000 alive   248123 genomes  150074 energy   186.4 steps  256.0 halting 0.000 births 2945630 deaths 2945721 (19574.7s)
tick  611000 alive   248206 genomes  149755 energy   187.6 steps  256.0 halting 0.000 births 2943253 deaths 2943170 (19606.9s)
tick  612000 alive   248017 genomes  150077 energy   186.4 steps  256.0 halting 0.000 births 2944689 deaths 2944878 (19639.0s)
tick  613000 alive   247868 genomes  149912 energy   187.1 steps  256.0 halting 0.000 births 2942696 deaths 2942845 (19671.1s)
tick  614000 alive   247824 genomes  150147 energy   186.2 steps  256.0 halting 0.000 births 2956562 deaths 2956606 (19703.1s)
tick  615000 alive   247977 genomes  150175 energy   186.4 steps  256.0 halting 0.000 births 2954634 deaths 2954481 (19735.2s)
tick  616000 alive   247771 genomes  149703 energy   187.2 steps  256.0 halting 0.000 births 2938331 deaths 2938537 (19767.1s)
tick  617000 alive   247285 genomes  149738 energy   187.0 steps  256.0 halting 0.000 births 2939768 deaths 2940254 (19798.9s)
tick  618000 alive   247662 genomes  149578 energy   187.0 steps  256.0 halting 0.000 births 2942510 deaths 2942133 (19830.9s)
tick  619000 alive   247892 genomes  149889 energy   187.1 steps  256.0 halting 0.000 births 2930272 deaths 2930042 (19863.0s)
tick  620000 alive   247761 genomes  150165 energy   186.7 steps  256.0 halting 0.000 births 2952461 deaths 2952592 (19895.1s)
tick  621000 alive   247663 genomes  149635 energy   186.9 steps  256.0 halting 0.000 births 2937439 deaths 2937537 (19927.2s)
tick  622000 alive   247666 genomes  149815 energy   186.9 steps  256.0 halting 0.000 births 2942007 deaths 2942004 (19959.3s)
tick  623000 alive   247925 genomes  149420 energy   186.9 steps  256.0 halting 0.000 births 2951783 deaths 2951524 (19991.2s)
tick  624000 alive   248003 genomes  150218 energy   186.1 steps  256.0 halting 0.000 births 2945332 deaths 2945254 (20023.4s)
tick  625000 alive   247525 genomes  149779 energy   186.3 steps  256.0 halting 0.000 births 2957115 deaths 2957593 (20055.4s)
tick  626000 alive   247609 genomes  149308 energy   186.6 steps  256.0 halting 0.000 births 2936876 deaths 2936792 (20087.9s)
tick  627000 alive   247431 genomes  149342 energy   186.8 steps  256.0 halting 0.000 births 2946437 deaths 2946615 (20120.0s)
tick  628000 alive   247663 genomes  149326 energy   187.2 steps  256.0 halting 0.000 births 2943148 deaths 2942916 (20151.9s)
tick  629000 alive   247433 genomes  149110 energy   187.3 steps  256.0 halting 0.000 births 2927625 deaths 2927855 (20183.9s)
tick  630000 alive   247013 genomes  148865 energy   186.7 steps  256.0 halting 0.000 births 2932247 deaths 2932667 (20215.7s)
tick  631000 alive   246990 genomes  148753 energy   186.3 steps  256.0 halting 0.000 births 2931162 deaths 2931185 (20247.8s)
tick  632000 alive   247228 genomes  148769 energy   186.4 steps  256.0 halting 0.000 births 2941138 deaths 2940900 (20279.7s)
tick  633000 alive   247722 genomes  149554 energy   187.2 steps  256.0 halting 0.000 births 2932190 deaths 2931696 (20311.7s)
tick  634000 alive   247561 genomes  149537 energy   187.0 steps  256.0 halting 0.000 births 2919808 deaths 2919969 (20343.6s)
tick  635000 alive   247204 genomes  149562 energy   186.1 steps  256.0 halting 0.000 births 2932809 deaths 2933166 (20375.9s)
tick  636000 alive   247429 genomes  149432 energy   186.4 steps  256.0 halting 0.000 births 2941113 deaths 2940888 (20407.9s)
tick  637000 alive   247789 genomes  149302 energy   186.3 steps  256.0 halting 0.000 births 2950299 deaths 2949939 (20440.1s)
tick  638000 alive   248153 genomes  149557 energy   186.4 steps  256.0 halting 0.000 births 2965046 deaths 2964682 (20472.3s)
tick  639000 alive   248559 genomes  149484 energy   186.9 steps  256.0 halting 0.000 births 2956288 deaths 2955882 (20504.4s)
tick  640000 alive   248270 genomes  149421 energy   186.7 steps  256.0 halting 0.000 births 2951894 deaths 2952183 (20536.3s)
tick  641000 alive   248383 genomes  149852 energy   186.8 steps  256.0 halting 0.000 births 2938965 deaths 2938852 (20568.5s)
tick  642000 alive   249433 genomes  150201 energy   187.2 steps  256.0 halting 0.000 births 2960777 deaths 2959727 (20600.6s)
tick  643000 alive   249789 genomes  150470 energy   186.7 steps  256.0 halting 0.000 births 2972545 deaths 2972189 (20632.7s)
tick  644000 alive   250709 genomes  150326 energy   187.0 steps  256.0 halting 0.000 births 2972050 deaths 2971130 (20664.4s)
tick  645000 alive   251036 genomes  150694 energy   187.1 steps  256.0 halting 0.000 births 2959957 deaths 2959630 (20696.6s)
tick  646000 alive   251735 genomes  150526 energy   187.4 steps  256.0 halting 0.000 births 2975858 deaths 2975159 (20728.7s)
tick  647000 alive   251799 genomes  150392 energy   186.5 steps  256.0 halting 0.000 births 2969730 deaths 2969666 (20760.8s)
tick  648000 alive   251804 genomes  150447 energy   187.0 steps  256.0 halting 0.000 births 2971674 deaths 2971669 (20792.9s)
tick  649000 alive   251621 genomes  150630 energy   187.4 steps  256.0 halting 0.000 births 2961099 deaths 2961282 (20825.0s)
tick  650000 alive   251833 genomes  150393 energy   187.4 steps  256.0 halting 0.000 births 2964728 deaths 2964516 (20856.7s)
tick  651000 alive   251988 genomes  150906 energy   187.5 steps  256.0 halting 0.000 births 2949151 deaths 2948996 (20888.8s)
tick  652000 alive   251721 genomes  150294 energy   187.7 steps  256.0 halting 0.000 births 2953809 deaths 2954076 (20920.8s)
tick  653000 alive   251987 genomes  150773 energy   187.3 steps  256.0 halting 0.000 births 2949809 deaths 2949543 (20953.1s)
tick  654000 alive   251531 genomes  150327 energy   187.4 steps  256.0 halting 0.000 births 2940922 deaths 2941378 (20985.1s)
tick  655000 alive   251412 genomes  150500 energy   187.4 steps  256.0 halting 0.000 births 2961320 deaths 2961439 (21017.1s)
tick  656000 alive   251526 genomes  150541 energy   187.4 steps  256.0 halting 0.000 births 2962294 deaths 2962180 (21049.2s)
tick  657000 alive   251707 genomes  150510 energy   187.4 steps  256.0 halting 0.000 births 2969559 deaths 2969378 (21081.2s)
tick  658000 alive   251458 genomes  150792 energy   186.8 steps  256.0 halting 0.000 births 2964795 deaths 2965044 (21113.2s)
tick  659000 alive   251199 genomes  150617 energy   187.2 steps  256.0 halting 0.000 births 2972860 deaths 2973119 (21145.2s)
tick  660000 alive   251179 genomes  150887 energy   187.3 steps  256.0 halting 0.000 births 2965114 deaths 2965134 (21177.5s)
tick  661000 alive   251025 genomes  150739 energy   187.5 steps  256.0 halting 0.000 births 2956949 deaths 2957103 (21209.6s)
tick  662000 alive   251219 genomes  150989 energy   187.0 steps  256.0 halting 0.000 births 2954569 deaths 2954375 (21241.9s)
tick  663000 alive   251186 genomes  150665 energy   186.9 steps  256.0 halting 0.000 births 2962746 deaths 2962779 (21274.0s)
tick  664000 alive   251388 genomes  150664 energy   187.4 steps  256.0 halting 0.000 births 2973262 deaths 2973060 (21306.0s)
tick  665000 alive   251492 genomes  150928 energy   186.5 steps  256.0 halting 0.000 births 2976627 deaths 2976523 (21338.2s)
tick  666000 alive   251823 genomes  150713 energy   187.2 steps  256.0 halting 0.000 births 2994693 deaths 2994362 (21370.5s)
tick  667000 alive   251668 genomes  150065 energy   187.0 steps  256.0 halting 0.000 births 2960940 deaths 2961095 (21402.6s)
tick  668000 alive   251813 genomes  150182 energy   187.5 steps  256.0 halting 0.000 births 2965390 deaths 2965245 (21434.4s)
tick  669000 alive   251770 genomes  149769 energy   187.3 steps  256.0 halting 0.000 births 2952716 deaths 2952759 (21466.5s)
tick  670000 alive   252036 genomes  150264 energy   187.3 steps  256.0 halting 0.000 births 2944350 deaths 2944084 (21498.5s)
tick  671000 alive   252332 genomes  150156 energy   188.0 steps  256.0 halting 0.000 births 2951067 deaths 2950771 (21530.4s)
tick  672000 alive   252174 genomes  150290 energy   187.8 steps  256.0 halting 0.000 births 2954873 deaths 2955031 (21562.5s)
tick  673000 alive   251982 genomes  150375 energy   187.8 steps  256.0 halting 0.000 births 2941302 deaths 2941494 (21594.5s)
tick  674000 alive   251754 genomes  150311 energy   187.4 steps  256.0 halting 0.000 births 2945418 deaths 2945646 (21626.6s)
tick  675000 alive   251705 genomes  149976 energy   187.1 steps  256.0 halting 0.000 births 2953245 deaths 2953294 (21658.5s)
tick  676000 alive   251922 genomes  150396 energy   187.2 steps  256.0 halting 0.000 births 2952236 deaths 2952019 (21690.5s)
tick  677000 alive   251633 genomes  150264 energy   186.9 steps  256.0 halting 0.000 births 2963087 deaths 2963376 (21722.6s)
tick  678000 alive   251764 genomes  150147 energy   187.7 steps  256.0 halting 0.000 births 2964023 deaths 2963892 (21754.6s)
tick  679000 alive   251664 genomes  150194 energy   187.4 steps  256.0 halting 0.000 births 2951505 deaths 2951605 (21786.7s)
tick  680000 alive   251892 genomes  150081 energy   187.3 steps  256.0 halting 0.000 births 2951122 deaths 2950894 (21818.4s)
tick  681000 alive   252023 genomes  150093 energy   186.7 steps  256.0 halting 0.000 births 2971535 deaths 2971404 (21850.4s)
tick  682000 alive   252318 genomes  150195 energy   187.9 steps  256.0 halting 0.000 births 2957649 deaths 2957354 (21882.2s)
tick  683000 alive   252605 genomes  150336 energy   187.4 steps  256.0 halting 0.000 births 2961342 deaths 2961055 (21914.5s)
tick  684000 alive   252303 genomes  150173 energy   187.4 steps  256.0 halting 0.000 births 2951220 deaths 2951522 (21946.3s)
tick  685000 alive   251833 genomes  149877 energy   187.0 steps  256.0 halting 0.000 births 2961865 deaths 2962335 (21978.3s)
tick  686000 alive   251703 genomes  149674 energy   187.6 steps  256.0 halting 0.000 births 2963268 deaths 2963398 (22010.2s)
tick  687000 alive   252066 genomes  149900 energy   187.7 steps  256.0 halting 0.000 births 2959057 deaths 2958694 (22042.3s)
tick  688000 alive   251797 genomes  149872 energy   187.0 steps  256.0 halting 0.000 births 2974050 deaths 2974319 (22074.3s)
tick  689000 alive   252147 genomes  150583 energy   187.4 steps  256.0 halting 0.000 births 2958765 deaths 2958415 (22106.7s)
tick  690000 alive   252049 genomes  150105 energy   187.8 steps  256.0 halting 0.000 births 2944308 deaths 2944406 (22138.6s)
tick  691000 alive   252155 genomes  150288 energy   187.0 steps  256.0 halting 0.000 births 2964489 deaths 2964383 (22170.8s)
tick  692000 alive   252062 genomes  150488 energy   187.6 steps  256.0 halting 0.000 births 2971461 deaths 2971554 (22203.1s)
tick  693000 alive   251764 genomes  149695 energy   187.9 steps  256.0 halting 0.000 births 2970664 deaths 2970962 (22235.0s)
tick  694000 alive   252099 genomes  150025 energy   186.8 steps  256.0 halting 0.000 births 2959352 deaths 2959017 (22266.9s)
tick  695000 alive   252408 genomes  149938 energy   187.8 steps  256.0 halting 0.000 births 2952672 deaths 2952363 (22299.0s)
tick  696000 alive   252245 genomes  149971 energy   187.1 steps  256.0 halting 0.000 births 2973675 deaths 2973838 (22331.2s)
tick  697000 alive   251699 genomes  149516 energy   187.5 steps  256.0 halting 0.000 births 2950249 deaths 2950795 (22363.0s)
tick  698000 alive   251575 genomes  149218 energy   187.2 steps  256.0 halting 0.000 births 2951290 deaths 2951414 (22395.3s)
tick  699000 alive   252135 genomes  150071 energy   187.5 steps  256.0 halting 0.000 births 2961820 deaths 2961260 (22427.3s)
tick  700000 alive   252431 genomes  149757 energy   187.3 steps  256.0 halting 0.000 births 2955295 deaths 2954999 (22459.3s)
tick  701000 alive   252547 genomes  149552 energy   187.8 steps  256.0 halting 0.000 births 2959190 deaths 2959074 (22491.5s)
tick  702000 alive   252454 genomes  149823 energy   187.6 steps  256.0 halting 0.000 births 2951730 deaths 2951823 (22523.5s)
tick  703000 alive   252597 genomes  150327 energy   187.4 steps  256.0 halting 0.000 births 2957972 deaths 2957829 (22555.4s)
tick  704000 alive   252547 genomes  150092 energy   187.4 steps  256.0 halting 0.000 births 2962933 deaths 2962983 (22587.5s)
tick  705000 alive   252461 genomes  149470 energy   187.3 steps  256.0 halting 0.000 births 2959895 deaths 2959981 (22619.7s)
tick  706000 alive   252876 genomes  149830 energy   187.7 steps  256.0 halting 0.000 births 2962080 deaths 2961665 (22651.7s)
tick  707000 alive   253118 genomes  149834 energy   187.9 steps  256.0 halting 0.000 births 2956174 deaths 2955932 (22683.6s)
tick  708000 alive   253332 genomes  149828 energy   187.5 steps  256.0 halting 0.000 births 2966199 deaths 2965985 (22715.5s)
tick  709000 alive   253380 genomes  149625 energy   187.0 steps  256.0 halting 0.000 births 2971035 deaths 2970987 (22747.4s)
tick  710000 alive   253885 genomes  150211 energy   187.2 steps  256.0 halting 0.000 births 2975162 deaths 2974657 (22779.6s)
tick  711000 alive   253851 genomes  150350 energy   187.6 steps  256.0 halting 0.000 births 2969986 deaths 2970020 (22811.7s)
tick  712000 alive   253440 genomes  150235 energy   187.6 steps  256.0 halting 0.000 births 2966843 deaths 2967254 (22843.9s)
tick  713000 alive   253177 genomes  149795 energy   187.1 steps  256.0 halting 0.000 births 2976593 deaths 2976856 (22875.7s)
tick  714000 alive   253492 genomes  150078 energy   187.8 steps  256.0 halting 0.000 births 2970922 deaths 2970607 (22907.7s)
tick  715000 alive   253773 genomes  149952 energy   187.9 steps  256.0 halting 0.000 births 2966021 deaths 2965740 (22939.7s)
tick  716000 alive   253993 genomes  150096 energy   187.2 steps  256.0 halting 0.000 births 2987385 deaths 2987165 (22971.5s)
tick  717000 alive   254032 genomes  150081 energy   188.0 steps  256.0 halting 0.000 births 2981009 deaths 2980970 (23003.6s)
tick  718000 alive   254280 genomes  150127 energy   187.6 steps  256.0 halting 0.000 births 2965847 deaths 2965599 (23035.4s)
tick  719000 alive   254143 genomes  150553 energy   187.0 steps  256.0 halting 0.000 births 2995080 deaths 2995217 (23067.6s)
tick  720000 alive   253996 genomes  150165 energy   187.4 steps  256.0 halting 0.000 births 2993953 deaths 2994100 (23099.7s)
tick  721000 alive   254008 genomes  150027 energy   187.5 steps  256.0 halting 0.000 births 2982899 deaths 2982887 (23131.9s)
tick  722000 alive   253972 genomes  149826 energy   187.7 steps  256.0 halting 0.000 births 2969263 deaths 2969299 (23163.7s)
tick  723000 alive   253795 genomes  150421 energy   187.4 steps  256.0 halting 0.000 births 2965241 deaths 2965418 (23195.9s)
tick  724000 alive   253512 genomes  149598 energy   187.5 steps  256.0 halting 0.000 births 2976608 deaths 2976891 (23228.0s)
tick  725000 alive   253807 genomes  150232 energy   187.1 steps  256.0 halting 0.000 births 2980702 deaths 2980407 (23259.9s)
tick  726000 alive   254432 genomes  150227 energy   188.2 steps  256.0 halting 0.000 births 2975102 deaths 2974477 (23291.9s)
tick  727000 alive   254695 genomes  149950 energy   187.8 steps  256.0 halting 0.000 births 2968801 deaths 2968538 (23323.8s)
tick  728000 alive   255030 genomes  149806 energy   187.9 steps  256.0 halting 0.000 births 2960636 deaths 2960301 (23355.9s)
tick  729000 alive   254861 genomes  149928 energy   188.7 steps  256.0 halting 0.000 births 2940935 deaths 2941104 (23387.9s)
tick  730000 alive   254720 genomes  149951 energy   188.0 steps  256.0 halting 0.000 births 2966321 deaths 2966462 (23419.7s)
tick  731000 alive   255085 genomes  150332 energy   188.1 steps  256.0 halting 0.000 births 2965274 deaths 2964909 (23451.8s)
tick  732000 alive   255017 genomes  150244 energy   188.0 steps  256.0 halting 0.000 births 2961731 deaths 2961799 (23483.9s)
tick  733000 alive   255204 genomes  150189 energy   188.0 steps  256.0 halting 0.000 births 2967078 deaths 2966891 (23516.0s)
tick  734000 alive   255730 genomes  150601 energy   187.7 steps  256.0 halting 0.000 births 2975693 deaths 2975167 (23548.5s)
tick  735000 alive   255745 genomes  150525 energy   187.7 steps  256.0 halting 0.000 births 2978124 deaths 2978109 (23580.5s)
tick  736000 alive   255595 genomes  150344 energy   188.2 steps  256.0 halting 0.000 births 2974464 deaths 2974614 (23612.4s)
tick  737000 alive   255521 genomes  150672 energy   187.9 steps  256.0 halting 0.000 births 2962613 deaths 2962687 (23644.5s)
tick  738000 alive   255042 genomes  150220 energy   188.1 steps  256.0 halting 0.000 births 2963934 deaths 2964413 (23676.4s)
tick  739000 alive   254946 genomes  150670 energy   187.4 steps  256.0 halting 0.000 births 2978320 deaths 2978416 (23708.1s)
tick  740000 alive   255249 genomes  150303 energy   187.7 steps  256.0 halting 0.000 births 2978628 deaths 2978325 (23740.2s)
tick  741000 alive   254956 genomes  150749 energy   187.1 steps  256.0 halting 0.000 births 2983552 deaths 2983845 (23772.4s)
tick  742000 alive   255149 genomes  150620 energy   187.6 steps  256.0 halting 0.000 births 2998466 deaths 2998273 (23804.4s)
tick  743000 alive   255207 genomes  150970 energy   187.7 steps  256.0 halting 0.000 births 2990196 deaths 2990138 (23836.1s)
tick  744000 alive   255296 genomes  150512 energy   187.8 steps  256.0 halting 0.000 births 2982407 deaths 2982318 (23868.1s)
tick  745000 alive   254902 genomes  150704 energy   187.3 steps  256.0 halting 0.000 births 2987725 deaths 2988119 (23899.9s)
tick  746000 alive   255026 genomes  150611 energy   188.0 steps  256.0 halting 0.000 births 2980694 deaths 2980570 (23932.0s)
tick  747000 alive   255288 genomes  150963 energy   187.2 steps  256.0 halting 0.000 births 2983972 deaths 2983710 (23964.0s)
tick  748000 alive   255634 genomes  150966 energy   187.7 steps  256.0 halting 0.000 births 2986762 deaths 2986416 (23996.0s)
tick  749000 alive   255405 genomes  151747 energy   187.0 steps  256.0 halting 0.000 births 3006999 deaths 3007228 (24028.0s)
tick  750000 alive   255447 genomes  150598 energy   187.7 steps  256.0 halting 0.000 births 2997060 deaths 2997018 (24060.2s)
tick  751000 alive   255241 genomes  150854 energy   187.3 steps  256.0 halting 0.000 births 2979367 deaths 2979573 (24092.1s)
tick  752000 alive   255235 genomes  150733 energy   188.0 steps  256.0 halting 0.000 births 2984086 deaths 2984092 (24124.5s)
tick  753000 alive   255305 genomes  150628 energy   188.5 steps  256.0 halting 0.000 births 2976370 deaths 2976300 (24156.3s)
tick  754000 alive   255667 genomes  150526 energy   187.3 steps  256.0 halting 0.000 births 2995653 deaths 2995291 (24188.4s)
tick  755000 alive   255492 genomes  150466 energy   187.7 steps  256.0 halting 0.000 births 2987550 deaths 2987725 (24220.6s)
tick  756000 alive   255436 genomes  150564 energy   187.9 steps  256.0 halting 0.000 births 2983270 deaths 2983326 (24252.5s)
tick  757000 alive   255302 genomes  150718 energy   187.6 steps  256.0 halting 0.000 births 2990822 deaths 2990956 (24284.3s)
tick  758000 alive   255364 genomes  150579 energy   187.3 steps  256.0 halting 0.000 births 2999692 deaths 2999630 (24316.4s)
tick  759000 alive   255269 genomes  150848 energy   187.5 steps  256.0 halting 0.000 births 2991400 deaths 2991495 (24348.5s)
tick  760000 alive   255493 genomes  150693 energy   187.4 steps  256.0 halting 0.000 births 2989518 deaths 2989294 (24380.6s)
tick  761000 alive   255373 genomes  150699 energy   187.6 steps  256.0 halting 0.000 births 2982777 deaths 2982897 (24412.9s)
tick  762000 alive   255432 genomes  150696 energy   187.0 steps  256.0 halting 0.000 births 2993392 deaths 2993333 (24444.9s)
tick  763000 alive   255888 genomes  150501 energy   187.8 steps  256.0 halting 0.000 births 2989712 deaths 2989256 (24476.9s)
tick  764000 alive   255559 genomes  150565 energy   187.7 steps  256.0 halting 0.000 births 2992532 deaths 2992861 (24509.0s)
tick  765000 alive   255873 genomes  150454 energy   188.0 steps  256.0 halting 0.000 births 2990146 deaths 2989832 (24541.1s)
tick  766000 alive   255734 genomes  150135 energy   188.2 steps  256.0 halting 0.000 births 2974096 deaths 2974235 (24573.1s)
tick  767000 alive   255317 genomes  150605 energy   187.6 steps  256.0 halting 0.000 births 2969597 deaths 2970014 (24604.8s)
tick  768000 alive   255250 genomes  150481 energy   187.7 steps  256.0 halting 0.000 births 2984536 deaths 2984603 (24636.9s)
tick  769000 alive   254799 genomes  150401 energy   187.2 steps  256.0 halting 0.000 births 2979946 deaths 2980397 (24669.0s)
tick  770000 alive   254837 genomes  149743 energy   187.8 steps  256.0 halting 0.000 births 2981190 deaths 2981152 (24700.8s)
tick  771000 alive   254779 genomes  150015 energy   187.4 steps  256.0 halting 0.000 births 2978713 deaths 2978771 (24732.9s)
tick  772000 alive   254731 genomes  150236 energy   187.6 steps  256.0 halting 0.000 births 2988639 deaths 2988687 (24764.9s)
tick  773000 alive   254637 genomes  150645 energy   187.2 steps  256.0 halting 0.000 births 2996539 deaths 2996633 (24797.1s)
tick  774000 alive   254563 genomes  150663 energy   187.5 steps  256.0 halting 0.000 births 2976960 deaths 2977034 (24829.1s)
tick  775000 alive   254735 genomes  150330 energy   187.8 steps  256.0 halting 0.000 births 2977610 deaths 2977438 (24861.1s)
tick  776000 alive   254630 genomes  149891 energy   187.8 steps  256.0 halting 0.000 births 2967879 deaths 2967984 (24893.2s)
tick  777000 alive   254673 genomes  150296 energy   187.8 steps  256.0 halting 0.000 births 2966708 deaths 2966665 (24925.5s)
tick  778000 alive   254364 genomes  149833 energy   188.0 steps  256.0 halting 0.000 births 2989763 deaths 2990072 (24957.6s)
tick  779000 alive   254127 genomes  150329 energy   187.2 steps  256.0 halting 0.000 births 2978390 deaths 2978627 (24989.5s)
tick  780000 alive   254025 genomes  150082 energy   186.9 steps  256.0 halting 0.000 births 2983343 deaths 2983445 (25021.5s)
tick  781000 alive   254503 genomes  150139 energy   187.4 steps  256.0 halting 0.000 births 2985160 deaths 2984682 (25053.2s)
tick  782000 alive   254621 genomes  149819 energy   187.7 steps  256.0 halting 0.000 births 2978810 deaths 2978692 (25085.3s)
tick  783000 alive   254437 genomes  149870 energy   187.7 steps  256.0 halting 0.000 births 2978470 deaths 2978654 (25117.3s)
tick  784000 alive   254450 genomes  149738 energy   187.4 steps  256.0 halting 0.000 births 2971122 deaths 2971109 (25149.1s)
tick  785000 alive   254814 genomes  149537 energy   187.6 steps  256.0 halting 0.000 births 2982198 deaths 2981834 (25181.2s)
tick  786000 alive   254720 genomes  150013 energy   188.1 steps  256.0 halting 0.000 births 2972121 deaths 2972215 (25213.2s)
tick  787000 alive   255123 genomes  150019 energy   188.3 steps  256.0 halting 0.000 births 2973984 deaths 2973581 (25245.3s)
tick  788000 alive   255017 genomes  150188 energy   187.5 steps  256.0 halting 0.000 births 2977267 deaths 2977373 (25277.0s)
tick  789000 alive   255240 genomes  150456 energy   187.2 steps  256.0 halting 0.000 births 2981359 deaths 2981136 (25309.1s)
tick  790000 alive   255512 genomes  149816 energy   188.1 steps  256.0 halting 0.000 births 2981455 deaths 2981183 (25341.0s)
tick  791000 alive   255413 genomes  149914 energy   187.6 steps  256.0 halting 0.000 births 2988889 deaths 2988988 (25373.2s)
tick  792000 alive   255136 genomes  150314 energy   187.1 steps  256.0 halting 0.000 births 2996989 deaths 2997266 (25405.2s)
tick  793000 alive   254916 genomes  150003 energy   187.1 steps  256.0 halting 0.000 births 3017812 deaths 3018032 (25437.2s)
tick  794000 alive   255367 genomes  149743 energy   188.3 steps  256.0 halting 0.000 births 2995796 deaths 2995345 (25469.3s)
tick  795000 alive   255543 genomes  150218 energy   187.8 steps  256.0 halting 0.000 births 2981317 deaths 2981141 (25501.4s)
tick  796000 alive   255654 genomes  150331 energy   187.7 steps  256.0 halting 0.000 births 2990691 deaths 2990580 (25533.3s)
tick  797000 alive   255622 genomes  150711 energy   187.3 steps  256.0 halting 0.000 births 2982660 deaths 2982692 (25565.1s)
tick  798000 alive   255617 genomes  150116 energy   187.9 steps  256.0 halting 0.000 births 2982932 deaths 2982937 (25597.2s)
tick  799000 alive   255419 genomes  150169 energy   187.4 steps  256.0 halting 0.000 births 2995219 deaths 2995417 (25629.1s)
tick  800000 alive   255327 genomes  150305 energy   187.2 steps  256.0 halting 0.000 births 2989695 deaths 2989787 (25661.2s)
tick  801000 alive   255502 genomes  150092 energy   188.2 steps  256.0 halting 0.000 births 2995766 deaths 2995591 (25693.2s)
tick  802000 alive   255552 genomes  150048 energy   188.4 steps  256.0 halting 0.000 births 2980745 deaths 2980695 (25725.0s)
tick  803000 alive   255822 genomes  149641 energy   187.8 steps  256.0 halting 0.000 births 2984781 deaths 2984511 (25756.8s)
tick  804000 alive   256120 genomes  150192 energy   188.4 steps  256.0 halting 0.000 births 2963249 deaths 2962951 (25788.9s)
tick  805000 alive   256455 genomes  149596 energy   188.2 steps  256.0 halting 0.000 births 2991749 deaths 2991414 (25821.0s)
tick  806000 alive   256524 genomes  149552 energy   188.3 steps  256.0 halting 0.000 births 2965248 deaths 2965179 (25853.1s)
tick  807000 alive   256364 genomes  149848 energy   188.0 steps  256.0 halting 0.000 births 2978126 deaths 2978286 (25885.0s)
tick  808000 alive   256119 genomes  150192 energy   188.1 steps  256.0 halting 0.000 births 2986769 deaths 2987014 (25916.9s)
tick  809000 alive   255977 genomes  150196 energy   187.8 steps  256.0 halting 0.000 births 2983830 deaths 2983972 (25949.0s)
tick  810000 alive   255815 genomes  150240 energy   187.4 steps  256.0 halting 0.000 births 3003825 deaths 3003987 (25981.1s)
tick  811000 alive   255603 genomes  150099 energy   187.6 steps  256.0 halting 0.000 births 3007881 deaths 3008093 (26013.1s)
tick  812000 alive   255817 genomes  150582 energy   187.8 steps  256.0 halting 0.000 births 2992701 deaths 2992487 (26045.0s)
tick  813000 alive   255939 genomes  150319 energy   187.3 steps  256.0 halting 0.000 births 3004201 deaths 3004079 (26077.2s)
tick  814000 alive   255956 genomes  150166 energy   188.2 steps  256.0 halting 0.000 births 2999971 deaths 2999954 (26109.2s)
tick  815000 alive   255893 genomes  150373 energy   187.2 steps  256.0 halting 0.000 births 2989487 deaths 2989550 (26141.5s)
tick  816000 alive   256079 genomes  149899 energy   188.2 steps  256.0 halting 0.000 births 2981010 deaths 2980824 (26173.6s)
tick  817000 alive   255820 genomes  149403 energy   187.7 steps  256.0 halting 0.000 births 2984024 deaths 2984283 (26205.5s)
tick  818000 alive   255714 genomes  149628 energy   187.6 steps  256.0 halting 0.000 births 2992076 deaths 2992182 (26237.6s)
tick  819000 alive   255261 genomes  149369 energy   187.8 steps  256.0 halting 0.000 births 2981406 deaths 2981859 (26269.4s)
tick  820000 alive   255301 genomes  149533 energy   187.4 steps  256.0 halting 0.000 births 2981774 deaths 2981734 (26301.4s)
tick  821000 alive   255227 genomes  149259 energy   188.1 steps  256.0 halting 0.000 births 2990566 deaths 2990640 (26333.3s)
tick  822000 alive   255303 genomes  149092 energy   187.7 steps  256.0 halting 0.000 births 2990611 deaths 2990535 (26365.4s)
tick  823000 alive   255371 genomes  149568 energy   187.6 steps  256.0 halting 0.000 births 2972676 deaths 2972608 (26397.1s)
tick  824000 alive   255592 genomes  148889 energy   188.6 steps  256.0 halting 0.000 births 2981037 deaths 2980816 (26428.9s)
tick  825000 alive   255678 genomes  149123 energy   187.3 steps  256.0 halting 0.000 births 2981273 deaths 2981187 (26460.8s)
tick  826000 alive   256028 genomes  149724 energy   187.5 steps  256.0 halting 0.000 births 2986847 deaths 2986497 (26492.0s)
tick  827000 alive   255851 genomes  149760 energy   187.7 steps  256.0 halting 0.000 births 2991859 deaths 2992036 (26522.4s)
tick  828000 alive   255880 genomes  149624 energy   187.4 steps  256.0 halting 0.000 births 2990750 deaths 2990721 (26552.6s)
tick  829000 alive   255770 genomes  149554 energy   187.4 steps  256.0 halting 0.000 births 2989257 deaths 2989367 (26582.6s)
tick  830000 alive   255667 genomes  149469 energy   187.5 steps  256.0 halting 0.000 births 2981507 deaths 2981610 (26612.9s)
tick  831000 alive   255476 genomes  149341 energy   187.6 steps  256.0 halting 0.000 births 2977632 deaths 2977823 (26643.3s)
tick  832000 alive   255340 genomes  149110 energy   187.8 steps  256.0 halting 0.000 births 2985873 deaths 2986009 (26673.6s)
tick  833000 alive   255469 genomes  149630 energy   187.6 steps  256.0 halting 0.000 births 2988848 deaths 2988719 (26704.5s)
tick  834000 alive   255112 genomes  149416 energy   187.4 steps  256.0 halting 0.000 births 2993296 deaths 2993653 (26734.9s)
tick  835000 alive   255120 genomes  148641 energy   187.2 steps  256.0 halting 0.000 births 2989104 deaths 2989096 (26764.8s)
tick  836000 alive   255086 genomes  148956 energy   187.5 steps  256.0 halting 0.000 births 2988501 deaths 2988535 (26795.2s)
tick  837000 alive   255207 genomes  148523 energy   187.2 steps  256.0 halting 0.000 births 2979125 deaths 2979004 (26825.3s)
tick  838000 alive   255029 genomes  148965 energy   187.7 steps  256.0 halting 0.000 births 2983124 deaths 2983302 (26855.3s)
tick  839000 alive   255407 genomes  148919 energy   188.1 steps  256.0 halting 0.000 births 2973369 deaths 2972991 (26885.6s)
tick  840000 alive   255191 genomes  148948 energy   187.5 steps  256.0 halting 0.000 births 2990127 deaths 2990343 (26916.1s)
tick  841000 alive   255153 genomes  148416 energy   187.8 steps  256.0 halting 0.000 births 2978418 deaths 2978456 (26946.4s)
tick  842000 alive   255321 genomes  148132 energy   187.4 steps  256.0 halting 0.000 births 2978845 deaths 2978677 (26977.3s)
tick  843000 alive   255808 genomes  148911 energy   188.1 steps  256.0 halting 0.000 births 2987739 deaths 2987252 (27007.5s)
tick  844000 alive   255730 genomes  148824 energy   187.6 steps  256.0 halting 0.000 births 2985289 deaths 2985367 (27037.4s)
tick  845000 alive   255662 genomes  148887 energy   188.0 steps  256.0 halting 0.000 births 2986198 deaths 2986266 (27067.7s)
tick  846000 alive   255377 genomes  148891 energy   188.0 steps  256.0 halting 0.000 births 2985119 deaths 2985404 (27097.8s)
tick  847000 alive   255295 genomes  149097 energy   187.9 steps  256.0 halting 0.000 births 2997359 deaths 2997441 (27128.0s)
tick  848000 alive   255148 genomes  148315 energy   187.4 steps  256.0 halting 0.000 births 2989597 deaths 2989744 (27158.3s)
tick  849000 alive   255294 genomes  148871 energy   187.9 steps  256.0 halting 0.000 births 2985719 deaths 2985573 (27188.6s)
tick  850000 alive   254839 genomes  148934 energy   187.6 steps  256.0 halting 0.000 births 2989925 deaths 2990380 (27218.7s)
tick  851000 alive   255101 genomes  149009 energy   187.6 steps  256.0 halting 0.000 births 2995563 deaths 2995301 (27249.5s)
tick  852000 alive   255272 genomes  149249 energy   187.1 steps  256.0 halting 0.000 births 2979217 deaths 2979046 (27279.6s)
tick  853000 alive   255595 genomes  149602 energy   187.3 steps  256.0 halting 0.000 births 2987794 deaths 2987471 (27309.5s)
tick  854000 alive   255566 genomes  148837 energy   188.2 steps  256.0 halting 0.000 births 2985695 deaths 2985724 (27339.9s)
tick  855000 alive   255150 genomes  148801 energy   187.4 steps  256.0 halting 0.000 births 2997535 deaths 2997951 (27370.1s)
tick  856000 alive   255018 genomes  149180 energy   187.7 steps  256.0 halting 0.000 births 2982718 deaths 2982850 (27400.1s)
tick  857000 alive   254647 genomes  149087 energy   187.8 steps  256.0 halting 0.000 births 2976742 deaths 2977113 (27430.2s)
tick  858000 alive   254839 genomes  149158 energy   187.8 steps  256.0 halting 0.000 births 2984120 deaths 2983928 (27460.5s)
tick  859000 alive   254452 genomes  148492 energy   187.3 steps  256.0 halting 0.000 births 2984274 deaths 2984661 (27490.8s)
tick  860000 alive   254328 genomes  149022 energy   187.2 steps  256.0 halting 0.000 births 2991036 deaths 2991160 (27520.7s)
tick  861000 alive   254548 genomes  148509 energy   187.7 steps  256.0 halting 0.000 births 2978537 deaths 2978317 (27550.8s)
tick  862000 alive   254513 genomes  148508 energy   187.4 steps  256.0 halting 0.000 births 2991866 deaths 2991901 (27580.7s)
tick  863000 alive   254579 genomes  148315 energy   187.7 steps  256.0 halting 0.000 births 2989119 deaths 2989053 (27611.1s)
tick  864000 alive   254491 genomes  148279 energy   187.4 steps  256.0 halting 0.000 births 2973186 deaths 2973274 (27641.0s)
tick  865000 alive   254518 genomes  148601 energy   187.5 steps  256.0 halting 0.000 births 2981843 deaths 2981816 (27671.1s)
tick  866000 alive   254480 genomes  147998 energy   187.3 steps  256.0 halting 0.000 births 2981304 deaths 2981342 (27701.1s)
tick  867000 alive   254791 genomes  148564 energy   188.1 steps  256.0 halting 0.000 births 2978529 deaths 2978218 (27731.5s)
tick  868000 alive   254922 genomes  148483 energy   187.5 steps  256.0 halting 0.000 births 2983428 deaths 2983297 (27761.4s)
tick  869000 alive   255165 genomes  148487 energy   188.5 steps  256.0 halting 0.000 births 2986199 deaths 2985956 (27792.2s)
tick  870000 alive   254643 genomes  148839 energy   187.3 steps  256.0 halting 0.000 births 2983938 deaths 2984460 (27822.2s)
tick  871000 alive   254694 genomes  148284 energy   188.2 steps  256.0 halting 0.000 births 2970586 deaths 2970535 (27852.3s)
tick  872000 alive   254432 genomes  148363 energy   188.0 steps  256.0 halting 0.000 births 2976972 deaths 2977234 (27882.7s)
tick  873000 alive   254796 genomes  147885 energy   188.2 steps  256.0 halting 0.000 births 2960080 deaths 2959716 (27912.9s)
tick  874000 alive   254540 genomes  148169 energy   187.7 steps  256.0 halting 0.000 births 2970102 deaths 2970358 (27943.2s)
tick  875000 alive   254683 genomes  148146 energy   188.8 steps  256.0 halting 0.000 births 2960637 deaths 2960494 (27973.0s)
tick  876000 alive   254757 genomes  148178 energy   188.5 steps  256.0 halting 0.000 births 2962660 deaths 2962586 (28003.2s)
tick  877000 alive   254598 genomes  148708 energy   188.5 steps  256.0 halting 0.000 births 2960605 deaths 2960764 (28033.0s)
tick  878000 alive   254690 genomes  148481 energy   188.5 steps  256.0 halting 0.000 births 2971275 deaths 2971183 (28062.7s)
tick  879000 alive   254508 genomes  148997 energy   187.4 steps  256.0 halting 0.000 births 2983265 deaths 2983447 (28092.7s)
tick  880000 alive   254251 genomes  148768 energy   187.6 steps  256.0 halting 0.000 births 2979018 deaths 2979275 (28122.8s)
tick  881000 alive   253766 genomes  149045 energy   187.3 steps  256.0 halting 0.000 births 2988924 deaths 2989409 (28153.2s)
tick  882000 alive   253726 genomes  148525 energy   187.1 steps  256.0 halting 0.000 births 2984084 deaths 2984124 (28183.6s)
tick  883000 alive   253469 genomes  148437 energy   187.2 steps  256.0 halting 0.000 births 2985305 deaths 2985562 (28213.9s)
tick  884000 alive   253565 genomes  148399 energy   187.6 steps  256.0 halting 0.000 births 2973889 deaths 2973793 (28243.9s)
tick  885000 alive   253507 genomes  148295 energy   187.4 steps  256.0 halting 0.000 births 2977848 deaths 2977906 (28274.3s)
tick  886000 alive   253352 genomes  148588 energy   187.5 steps  256.0 halting 0.000 births 2968214 deaths 2968369 (28304.2s)
tick  887000 alive   252999 genomes  148454 energy   187.8 steps  256.0 halting 0.000 births 2978235 deaths 2978588 (28335.0s)
tick  888000 alive   252904 genomes  148800 energy   187.0 steps  256.0 halting 0.000 births 2977114 deaths 2977209 (28365.1s)
tick  889000 alive   252758 genomes  148179 energy   187.6 steps  256.0 halting 0.000 births 2988908 deaths 2989054 (28395.2s)
tick  890000 alive   252825 genomes  147872 energy   186.9 steps  256.0 halting 0.000 births 2978024 deaths 2977957 (28425.6s)
tick  891000 alive   252586 genomes  147883 energy   187.0 steps  256.0 halting 0.000 births 2977614 deaths 2977853 (28455.9s)
tick  892000 alive   252787 genomes  148354 energy   186.8 steps  256.0 halting 0.000 births 2991956 deaths 2991755 (28485.8s)
tick  893000 alive   253105 genomes  147928 energy   186.9 steps  256.0 halting 0.000 births 2984046 deaths 2983728 (28516.3s)
tick  894000 alive   252963 genomes  148385 energy   186.9 steps  256.0 halting 0.000 births 2989090 deaths 2989232 (28546.6s)
tick  895000 alive   253045 genomes  148248 energy   187.6 steps  256.0 halting 0.000 births 2975099 deaths 2975017 (28576.6s)
tick  896000 alive   253556 genomes  148612 energy   187.3 steps  256.0 halting 0.000 births 2979688 deaths 2979177 (28607.4s)
tick  897000 alive   253263 genomes  148524 energy   186.8 steps  256.0 halting 0.000 births 2981482 deaths 2981775 (28637.4s)
tick  898000 alive   253215 genomes  148373 energy   187.2 steps  256.0 halting 0.000 births 2979097 deaths 2979145 (28667.7s)
tick  899000 alive   253429 genomes  148455 energy   187.6 steps  256.0 halting 0.000 births 2985447 deaths 2985233 (28698.0s)
tick  900000 alive   253422 genomes  148323 energy   187.2 steps  256.0 halting 0.000 births 2979220 deaths 2979227 (28727.9s)
tick  901000 alive   253613 genomes  148253 energy   187.5 steps  256.0 halting 0.000 births 2979971 deaths 2979780 (28757.7s)
tick  902000 alive   253346 genomes  148366 energy   187.6 steps  256.0 halting 0.000 births 2977420 deaths 2977687 (28788.0s)
tick  903000 alive   253949 genomes  148840 energy   187.4 steps  256.0 halting 0.000 births 2986177 deaths 2985574 (28818.2s)
tick  904000 alive   254164 genomes  148464 energy   187.1 steps  256.0 halting 0.000 births 2982256 deaths 2982041 (28848.4s)
tick  905000 alive   254439 genomes  148644 energy   188.0 steps  256.0 halting 0.000 births 2994182 deaths 2993907 (28879.3s)
tick  906000 alive   254262 genomes  148415 energy   187.3 steps  256.0 halting 0.000 births 3006917 deaths 3007094 (28909.8s)
tick  907000 alive   254533 genomes  148554 energy   187.4 steps  256.0 halting 0.000 births 2986454 deaths 2986183 (28939.7s)
tick  908000 alive   254305 genomes  148817 energy   187.9 steps  256.0 halting 0.000 births 2989809 deaths 2990037 (28970.1s)
tick  909000 alive   254302 genomes  148511 energy   187.5 steps  256.0 halting 0.000 births 2980417 deaths 2980420 (29000.0s)
tick  910000 alive   254345 genomes  148338 energy   187.5 steps  256.0 halting 0.000 births 2992984 deaths 2992941 (29030.3s)
tick  911000 alive   254247 genomes  148692 energy   187.6 steps  256.0 halting 0.000 births 2993973 deaths 2994071 (29060.2s)
tick  912000 alive   254658 genomes  149201 energy   187.2 steps  256.0 halting 0.000 births 2997257 deaths 2996846 (29090.7s)
tick  913000 alive   254745 genomes  148519 energy   187.7 steps  256.0 halting 0.000 births 2991432 deaths 2991345 (29121.0s)
tick  914000 alive   254585 genomes  148755 energy   187.6 steps  256.0 halting 0.000 births 2990423 deaths 2990583 (29151.8s)
tick  915000 alive   254782 genomes  148815 energy   187.7 steps  256.0 halting 0.000 births 2997455 deaths 2997258 (29181.9s)
tick  916000 alive   255123 genomes  148943 energy   187.7 steps  256.0 halting 0.000 births 2978656 deaths 2978315 (29211.9s)
tick  917000 alive   255489 genomes  149145 energy   187.9 steps  256.0 halting 0.000 births 2972205 deaths 2971839 (29242.2s)
tick  918000 alive   255357 genomes  148438 energy   188.3 steps  256.0 halting 0.000 births 2984449 deaths 2984581 (29272.1s)
tick  919000 alive   255601 genomes  148948 energy   188.3 steps  256.0 halting 0.000 births 2985607 deaths 2985363 (29302.3s)
tick  920000 alive   255497 genomes  149040 energy   187.6 steps  256.0 halting 0.000 births 2975408 deaths 2975512 (29332.0s)
tick  921000 alive   255299 genomes  148886 energy   187.2 steps  256.0 halting 0.000 births 2997059 deaths 2997257 (29362.5s)
tick  922000 alive   255247 genomes  148790 energy   187.7 steps  256.0 halting 0.000 births 2975870 deaths 2975922 (29392.6s)
tick  923000 alive   255249 genomes  148525 energy   187.7 steps  256.0 halting 0.000 births 2993393 deaths 2993391 (29423.6s)
tick  924000 alive   255563 genomes  149106 energy   187.3 steps  256.0 halting 0.000 births 2996948 deaths 2996634 (29453.7s)
tick  925000 alive   255035 genomes  149528 energy   187.6 steps  256.0 halting 0.000 births 3000962 deaths 3001490 (29484.1s)
tick  926000 alive   255243 genomes  149227 energy   187.4 steps  256.0 halting 0.000 births 2993677 deaths 2993469 (29514.5s)
tick  927000 alive   255142 genomes  148594 energy   187.5 steps  256.0 halting 0.000 births 2990224 deaths 2990325 (29544.8s)
tick  928000 alive   255072 genomes  148448 energy   187.3 steps  256.0 halting 0.000 births 2987606 deaths 2987676 (29574.8s)
tick  929000 alive   255313 genomes  149329 energy   187.8 steps  256.0 halting 0.000 births 2993872 deaths 2993631 (29605.2s)
tick  930000 alive   255214 genomes  148989 energy   187.5 steps  256.0 halting 0.000 births 2983636 deaths 2983735 (29635.6s)
tick  931000 alive   254985 genomes  148545 energy   187.4 steps  256.0 halting 0.000 births 2991019 deaths 2991248 (29665.5s)
tick  932000 alive   255018 genomes  149390 energy   187.3 steps  256.0 halting 0.000 births 2995415 deaths 2995382 (29695.3s)
tick  933000 alive   254769 genomes  148755 energy   187.6 steps  256.0 halting 0.000 births 2992839 deaths 2993088 (29725.2s)
tick  934000 alive   254098 genomes  149036 energy   186.8 steps  256.0 halting 0.000 births 2995703 deaths 2996374 (29755.5s)
tick  935000 alive   254635 genomes  148737 energy   187.9 steps  256.0 halting 0.000 births 2993131 deaths 2992594 (29785.9s)
tick  936000 alive   254403 genomes  148451 energy   187.5 steps  256.0 halting 0.000 births 2981956 deaths 2982188 (29815.9s)
tick  937000 alive   254543 genomes  148427 energy   187.5 steps  256.0 halting 0.000 births 2991820 deaths 2991680 (29845.9s)
tick  938000 alive   254592 genomes  148858 energy   187.4 steps  256.0 halting 0.000 births 2987757 deaths 2987708 (29876.0s)
tick  939000 alive   254286 genomes  148706 energy   187.3 steps  256.0 halting 0.000 births 2980172 deaths 2980478 (29906.4s)
tick  940000 alive   254163 genomes  148662 energy   187.2 steps  256.0 halting 0.000 births 2989858 deaths 2989981 (29936.3s)
tick  941000 alive   253823 genomes  148668 energy   187.1 steps  256.0 halting 0.000 births 2983845 deaths 2984185 (29967.4s)
tick  942000 alive   253591 genomes  148580 energy   186.9 steps  256.0 halting 0.000 births 2999507 deaths 2999739 (29997.5s)
tick  943000 alive   253482 genomes  148737 energy   186.8 steps  256.0 halting 0.000 births 2996240 deaths 2996349 (30027.7s)
tick  944000 alive   253948 genomes  148770 energy   186.7 steps  256.0 halting 0.000 births 3008554 deaths 3008088 (30058.2s)
tick  945000 alive   254091 genomes  149051 energy   187.0 steps  256.0 halting 0.000 births 3005084 deaths 3004941 (30088.3s)
tick  946000 alive   254281 genomes  149053 energy   186.9 steps  256.0 halting 0.000 births 3000957 deaths 3000767 (30118.7s)
tick  947000 alive   254140 genomes  148716 energy   187.6 steps  256.0 halting 0.000 births 2980971 deaths 2981112 (30148.6s)
tick  948000 alive   254529 genomes  149128 energy   187.7 steps  256.0 halting 0.000 births 2973192 deaths 2972803 (30179.0s)
tick  949000 alive   254380 genomes  148878 energy   187.6 steps  256.0 halting 0.000 births 2984056 deaths 2984205 (30209.1s)
tick  950000 alive   254139 genomes  148149 energy   187.6 steps  256.0 halting 0.000 births 2985802 deaths 2986043 (30240.0s)
tick  951000 alive   253979 genomes  148600 energy   187.2 steps  256.0 halting 0.000 births 2979589 deaths 2979749 (30270.2s)
tick  952000 alive   254149 genomes  148442 energy   187.0 steps  256.0 halting 0.000 births 2991881 deaths 2991711 (30300.1s)
tick  953000 alive   254168 genomes  148688 energy   187.4 steps  256.0 halting 0.000 births 2990370 deaths 2990351 (30330.5s)
tick  954000 alive   254348 genomes  148985 energy   186.8 steps  256.0 halting 0.000 births 2988437 deaths 2988257 (30360.6s)
tick  955000 alive   254293 genomes  148855 energy   187.3 steps  256.0 halting 0.000 births 3007431 deaths 3007486 (30390.5s)
tick  956000 alive   254544 genomes  149090 energy   187.3 steps  256.0 halting 0.000 births 2996957 deaths 2996706 (30420.8s)
tick  957000 alive   254557 genomes  148749 energy   187.7 steps  256.0 halting 0.000 births 2984167 deaths 2984154 (30451.2s)
tick  958000 alive   254405 genomes  148973 energy   187.0 steps  256.0 halting 0.000 births 2988403 deaths 2988555 (30481.2s)
tick  959000 alive   254337 genomes  149081 energy   187.0 steps  256.0 halting 0.000 births 2993306 deaths 2993374 (30512.2s)
tick  960000 alive   254475 genomes  148456 energy   187.3 steps  256.0 halting 0.000 births 3011958 deaths 3011820 (30542.2s)
tick  961000 alive   254506 genomes  148344 energy   186.9 steps  256.0 halting 0.000 births 2998971 deaths 2998940 (30572.6s)
tick  962000 alive   254339 genomes  148641 energy   187.9 steps  256.0 halting 0.000 births 2989229 deaths 2989396 (30602.9s)
tick  963000 alive   254864 genomes  149169 energy   187.8 steps  256.0 halting 0.000 births 2984991 deaths 2984466 (30632.9s)
tick  964000 alive   254814 genomes  148904 energy   187.6 steps  256.0 halting 0.000 births 2987061 deaths 2987111 (30663.1s)
tick  965000 alive   255061 genomes  148627 energy   187.8 steps  256.0 halting 0.000 births 2986982 deaths 2986735 (30693.0s)
tick  966000 alive   254736 genomes  148315 energy   187.9 steps  256.0 halting 0.000 births 2973988 deaths 2974313 (30723.4s)
tick  967000 alive   254685 genomes  148510 energy   187.7 steps  256.0 halting 0.000 births 2987085 deaths 2987136 (30753.6s)
tick  968000 alive   254674 genomes  148500 energy   187.6 steps  256.0 halting 0.000 births 2976154 deaths 2976165 (30784.6s)
tick  969000 alive   254710 genomes  148581 energy   188.0 steps  256.0 halting 0.000 births 2989831 deaths 2989795 (30815.0s)
tick  970000 alive   254192 genomes  148684 energy   187.3 steps  256.0 halting 0.000 births 2977232 deaths 2977750 (30844.9s)
tick  971000 alive   253862 genomes  147959 energy   187.5 steps  256.0 halting 0.000 births 2995535 deaths 2995865 (30875.2s)
tick  972000 alive   253731 genomes  148391 energy   187.2 steps  256.0 halting 0.000 births 2990912 deaths 2991043 (30905.2s)
tick  973000 alive   253698 genomes  148251 energy   187.3 steps  256.0 halting 0.000 births 2982056 deaths 2982089 (30935.3s)
tick  974000 alive   253834 genomes  148241 energy   187.6 steps  256.0 halting 0.000 births 2979365 deaths 2979229 (30965.2s)
tick  975000 alive   253577 genomes  148419 energy   187.4 steps  256.0 halting 0.000 births 2954924 deaths 2955181 (30995.5s)
tick  976000 alive   253316 genomes  148072 energy   187.5 steps  256.0 halting 0.000 births 2975056 deaths 2975317 (31025.5s)
tick  977000 alive   253176 genomes  148258 energy   187.0 steps  256.0 halting 0.000 births 2991182 deaths 2991322 (31056.4s)
tick  978000 alive   253483 genomes  148346 energy   187.4 steps  256.0 halting 0.000 births 2984553 deaths 2984246 (31086.4s)
tick  979000 alive   253322 genomes  148714 energy   186.7 steps  256.0 halting 0.000 births 2993684 deaths 2993845 (31116.7s)
tick  980000 alive   253273 genomes  148151 energy   187.5 steps  256.0 halting 0.000 births 2990247 deaths 2990296 (31147.0s)
tick  981000 alive   253480 genomes  148560 energy   187.1 steps  256.0 halting 0.000 births 2976568 deaths 2976361 (31177.4s)
tick  982000 alive   253355 genomes  148711 energy   187.0 steps  256.0 halting 0.000 births 2977783 deaths 2977908 (31207.2s)
tick  983000 alive   253128 genomes  148485 energy   187.0 steps  256.0 halting 0.000 births 2985719 deaths 2985946 (31237.6s)
tick  984000 alive   253374 genomes  148489 energy   187.1 steps  256.0 halting 0.000 births 2973033 deaths 2972787 (31268.0s)
tick  985000 alive   253299 genomes  148549 energy   187.4 steps  256.0 halting 0.000 births 2980691 deaths 2980766 (31298.2s)
tick  986000 alive   253460 genomes  148209 energy   187.7 steps  256.0 halting 0.000 births 2971308 deaths 2971147 (31329.2s)
tick  987000 alive   253469 genomes  148284 energy   187.1 steps  256.0 halting 0.000 births 2974700 deaths 2974691 (31359.6s)
tick  988000 alive   253408 genomes  148259 energy   187.6 steps  256.0 halting 0.000 births 2967627 deaths 2967688 (31389.4s)
tick  989000 alive   253285 genomes  148247 energy   187.6 steps  256.0 halting 0.000 births 2978548 deaths 2978671 (31419.7s)
tick  990000 alive   253010 genomes  148533 energy   186.7 steps  256.0 halting 0.000 births 2984515 deaths 2984790 (31449.7s)
tick  991000 alive   253558 genomes  148887 energy   187.1 steps  256.0 halting 0.000 births 2982221 deaths 2981673 (31479.9s)
tick  992000 alive   253594 genomes  148247 energy   187.7 steps  256.0 halting 0.000 births 2991356 deaths 2991320 (31509.7s)
tick  993000 alive   253722 genomes  148358 energy   187.6 steps  256.0 halting 0.000 births 2992873 deaths 2992745 (31539.2s)
tick  994000 alive   253519 genomes  148827 energy   187.3 steps  256.0 halting 0.000 births 3000590 deaths 3000793 (31568.5s)
tick  995000 alive   253366 genomes  148889 energy   186.8 steps  256.0 halting 0.000 births 2984879 deaths 2985032 (31597.2s)
tick  996000 alive   252723 genomes  148462 energy   186.6 steps  256.0 halting 0.000 births 2999312 deaths 2999955 (31626.5s)
tick  997000 alive   252661 genomes  148160 energy   187.1 steps  256.0 halting 0.000 births 2990443 deaths 2990505 (31655.4s)
tick  998000 alive   252607 genomes  148237 energy   187.3 steps  256.0 halting 0.000 births 2976146 deaths 2976200 (31684.9s)
tick  999000 alive   252499 genomes  148065 energy   186.8 steps  256.0 halting 0.000 births 2984318 deaths 2984426 (31713.9s)
done: 1000000 ticks in 31741.7s
