tick       0 alive    13141 genomes   13141 energy    64.0 steps  256.0 halting 0.000 births 0 deaths 0 (0.3s)
tick    1000 alive    75773 genomes   33120 energy   110.1 steps  256.0 halting 0.000 births 811120 deaths 748488 (23.1s)
tick    2000 alive   187809 genomes   67838 energy   135.8 steps  256.0 halting 0.000 births 3266331 deaths 3154295 (68.8s)
tick    3000 alive   219356 genomes   65023 energy   161.9 steps  256.0 halting 0.000 births 3537606 deaths 3506059 (124.1s)
tick    4000 alive   227518 genomes   63577 energy   172.1 steps  256.0 halting 0.000 births 3025201 deaths 3017039 (175.2s)
tick    5000 alive   220374 genomes   62243 energy   177.0 steps  256.0 halting 0.000 births 2680943 deaths 2688087 (225.0s)
tick    6000 alive   205088 genomes   59804 energy   177.6 steps  256.0 halting 0.000 births 2424509 deaths 2439795 (272.6s)
tick    7000 alive   187277 genomes   56189 energy   176.6 steps  256.0 halting 0.000 births 2196665 deaths 2214476 (322.0s)
tick    8000 alive   174285 genomes   53793 energy   174.6 steps  256.0 halting 0.000 births 2062353 deaths 2075345 (367.7s)
tick    9000 alive   167586 genomes   52125 energy   172.7 steps  256.0 halting 0.000 births 1996332 deaths 2003031 (414.9s)
tick   10000 alive   166024 genomes   51780 energy   169.9 steps  256.0 halting 0.000 births 1994420 deaths 1995982 (462.7s)
tick   11000 alive   171596 genomes   52528 energy   167.8 steps  256.0 halting 0.000 births 2124192 deaths 2118620 (512.4s)
tick   12000 alive   172586 genomes   52627 energy   168.2 steps  256.0 halting 0.000 births 2144159 deaths 2143169 (564.0s)
tick   13000 alive   174942 genomes   52949 energy   166.4 steps  256.0 halting 0.000 births 2179590 deaths 2177234 (618.9s)
tick   14000 alive   181256 genomes   52675 energy   166.4 steps  256.0 halting 0.000 births 2282040 deaths 2275726 (677.1s)
tick   15000 alive   184419 genomes   52296 energy   167.6 steps  256.0 halting 0.000 births 2314142 deaths 2310979 (737.6s)
tick   16000 alive   185529 genomes   51346 energy   166.7 steps  256.0 halting 0.000 births 2299093 deaths 2297983 (798.1s)
tick   17000 alive   186819 genomes   50099 energy   167.1 steps  256.0 halting 0.000 births 2326854 deaths 2325564 (860.5s)
tick   18000 alive   187989 genomes   49517 energy   167.8 steps  256.0 halting 0.000 births 2321688 deaths 2320518 (922.0s)
tick   19000 alive   187074 genomes   47919 energy   168.1 steps  256.0 halting 0.000 births 2312003 deaths 2312918 (985.6s)
tick   20000 alive   190822 genomes   46915 energy   168.5 steps  256.0 halting 0.000 births 2330120 deaths 2326372 (1049.5s)
tick   21000 alive   188458 genomes   46210 energy   168.3 steps  256.0 halting 0.000 births 2301971 deaths 2304335 (1112.9s)
tick   22000 alive   187481 genomes   45297 energy   168.4 steps  256.0 halting 0.000 births 2277204 deaths 2278181 (1175.6s)
tick   23000 alive   189163 genomes   44146 energy   168.1 steps  256.0 halting 0.000 births 2291567 deaths 2289885 (1238.1s)
tick   24000 alive   188720 genomes   43749 energy   166.7 steps  256.0 halting 0.000 births 2302108 deaths 2302551 (1301.1s)
tick   25000 alive   189826 genomes   42986 energy   167.2 steps  256.0 halting 0.000 births 2341634 deaths 2340528 (1364.0s)
tick   26000 alive   191556 genomes   42569 energy   166.7 steps  256.0 halting 0.000 births 2359407 deaths 2357677 (1426.3s)
tick   27000 alive   192360 genomes   42118 energy   165.9 steps  256.0 halting 0.000 births 2393962 deaths 2393158 (1488.8s)
tick   28000 alive   193410 genomes   41548 energy   166.8 steps  256.0 halting 0.000 births 2385907 deaths 2384857 (1547.7s)
tick   29000 alive   197158 genomes   40987 energy   166.3 steps  256.0 halting 0.000 births 2433035 deaths 2429287 (1608.1s)
tick   30000 alive   196686 genomes   40270 energy   166.8 steps  256.0 halting 0.000 births 2441129 deaths 2441601 (1668.2s)
tick   31000 alive   196584 genomes   39230 energy   166.5 steps  256.0 halting 0.000 births 2452364 deaths 2452466 (1726.4s)
tick   32000 alive   199262 genomes   38589 energy   167.0 steps  256.0 halting 0.000 births 2455934 deaths 2453256 (1786.1s)
tick   33000 alive   200612 genomes   37345 energy   167.9 steps  256.0 halting 0.000 births 2487074 deaths 2485724 (1846.2s)
tick   34000 alive   198641 genomes   36545 energy   168.3 steps  256.0 halting 0.000 births 2449246 deaths 2451217 (1906.4s)
tick   35000 alive   199543 genomes   36045 energy   167.7 steps  256.0 halting 0.000 births 2480452 deaths 2479550 (1965.2s)
tick   36000 alive   197843 genomes   35851 energy   167.8 steps  256.0 halting 0.000 births 2475035 deaths 2476735 (2024.5s)
tick   37000 alive   196922 genomes   35561 energy   167.8 steps  256.0 halting 0.000 births 2446362 deaths 2447283 (2082.6s)
tick   38000 alive   194246 genomes   35208 energy   166.1 steps  256.0 halting 0.000 births 2451007 deaths 2453683 (2139.5s)
tick   39000 alive   193332 genomes   35385 energy   165.0 steps  256.0 halting 0.000 births 2477035 deaths 2477949 (2197.0s)
tick   40000 alive   194232 genomes   35220 energy   164.2 steps  256.0 halting 0.000 births 2513823 deaths 2512923 (2255.2s)
tick   41000 alive   193707 genomes   34508 energy   164.1 steps  256.0 halting 0.000 births 2537904 deaths 2538429 (2312.0s)
tick   42000 alive   194486 genomes   34585 energy   163.5 steps  256.0 halting 0.000 births 2538731 deaths 2537952 (2369.2s)
tick   43000 alive   195702 genomes   34241 energy   163.7 steps  256.0 halting 0.000 births 2568552 deaths 2567336 (2428.7s)
tick   44000 alive   196166 genomes   33857 energy   163.1 steps  256.0 halting 0.000 births 2559174 deaths 2558710 (2490.2s)
tick   45000 alive   195364 genomes   33236 energy   162.5 steps  256.0 halting 0.000 births 2575019 deaths 2575821 (2550.1s)
tick   46000 alive   195045 genomes   33039 energy   161.7 steps  256.0 halting 0.000 births 2596330 deaths 2596649 (2607.9s)
tick   47000 alive   195621 genomes   32199 energy   162.9 steps  256.0 halting 0.000 births 2547356 deaths 2546780 (2662.4s)
tick   48000 alive   195300 genomes   32013 energy   163.5 steps  256.0 halting 0.000 births 2539700 deaths 2540021 (2716.5s)
tick   49000 alive   193853 genomes   31897 energy   163.3 steps  256.0 halting 0.000 births 2508679 deaths 2510126 (2770.2s)
tick   50000 alive   196359 genomes   31802 energy   162.8 steps  256.0 halting 0.000 births 2534804 deaths 2532298 (2824.4s)
tick   51000 alive   195590 genomes   31553 energy   162.1 steps  256.0 halting 0.000 births 2538828 deaths 2539597 (2878.5s)
tick   52000 alive   195726 genomes   31100 energy   161.4 steps  256.0 halting 0.000 births 2561926 deaths 2561790 (2932.8s)
tick   53000 alive   197678 genomes   31128 energy   160.6 steps  256.0 halting 0.000 births 2600966 deaths 2599014 (2987.6s)
tick   54000 alive   199294 genomes   30398 energy   161.7 steps  256.0 halting 0.000 births 2605478 deaths 2603862 (3042.7s)
tick   55000 alive   201498 genomes   30367 energy   161.7 steps  256.0 halting 0.000 births 2615410 deaths 2613206 (3097.8s)
tick   56000 alive   202479 genomes   30030 energy   163.7 steps  256.0 halting 0.000 births 2606512 deaths 2605531 (3152.8s)
tick   57000 alive   205355 genomes   28863 energy   163.4 steps  256.0 halting 0.000 births 2598042 deaths 2595166 (3207.3s)
tick   58000 alive   207502 genomes   28352 energy   164.9 steps  256.0 halting 0.000 births 2595824 deaths 2593677 (3261.9s)
tick   59000 alive   207824 genomes   27795 energy   164.4 steps  256.0 halting 0.000 births 2578349 deaths 2578027 (3316.1s)
tick   60000 alive   210308 genomes   27672 energy   163.8 steps  256.0 halting 0.000 births 2627886 deaths 2625402 (3370.3s)
tick   61000 alive   210505 genomes   26779 energy   164.8 steps  256.0 halting 0.000 births 2612730 deaths 2612533 (3424.1s)
tick   62000 alive   210507 genomes   25707 energy   166.4 steps  256.0 halting 0.000 births 2553956 deaths 2553954 (3477.6s)
tick   63000 alive   212774 genomes   24867 energy   167.5 steps  256.0 halting 0.000 births 2521398 deaths 2519131 (3531.5s)
tick   64000 alive   212007 genomes   24821 energy   167.2 steps  256.0 halting 0.000 births 2507500 deaths 2508267 (3586.0s)
tick   65000 alive   213261 genomes   24454 energy   167.7 steps  256.0 halting 0.000 births 2493739 deaths 2492485 (3640.6s)
tick   66000 alive   214261 genomes   24623 energy   167.3 steps  256.0 halting 0.000 births 2507818 deaths 2506818 (3695.5s)
tick   67000 alive   213538 genomes   24125 energy   167.0 steps  256.0 halting 0.000 births 2499023 deaths 2499746 (3750.1s)
tick   68000 alive   215985 genomes   23507 energy   167.4 steps  256.0 halting 0.000 births 2535049 deaths 2532602 (3804.7s)
tick   69000 alive   218369 genomes   23242 energy   166.8 steps  256.0 halting 0.000 births 2560476 deaths 2558092 (3859.1s)
tick   70000 alive   217526 genomes   22758 energy   167.3 steps  256.0 halting 0.000 births 2566704 deaths 2567547 (3913.7s)
tick   71000 alive   218245 genomes   21846 energy   167.3 steps  256.0 halting 0.000 births 2550526 deaths 2549807 (3968.7s)
tick   72000 alive   219486 genomes   21198 energy   168.2 steps  256.0 halting 0.000 births 2519853 deaths 2518612 (4022.6s)
tick   73000 alive   219955 genomes   20825 energy   168.8 steps  256.0 halting 0.000 births 2526326 deaths 2525857 (4076.5s)
tick   74000 alive   219725 genomes   20753 energy   168.6 steps  256.0 halting 0.000 births 2501429 deaths 2501659 (4130.4s)
tick   75000 alive   221631 genomes   20668 energy   169.1 steps  256.0 halting 0.000 births 2521070 deaths 2519164 (4185.3s)
tick   76000 alive   222152 genomes   19649 energy   170.5 steps  256.0 halting 0.000 births 2486323 deaths 2485802 (4239.6s)
tick   77000 alive   225966 genomes   18567 energy   170.9 steps  256.0 halting 0.000 births 2467838 deaths 2464024 (4293.6s)
tick   78000 alive   226461 genomes   18402 energy   171.9 steps  256.0 halting 0.000 births 2484569 deaths 2484074 (4348.1s)
tick   79000 alive   225271 genomes   17642 energy   172.0 steps  256.0 halting 0.000 births 2439665 deaths 2440855 (4402.0s)
tick   80000 alive   226054 genomes   17652 energy   172.0 steps  256.0 halting 0.000 births 2434591 deaths 2433808 (4456.4s)
tick   81000 alive   226264 genomes   17183 energy   172.7 steps  256.0 halting 0.000 births 2425029 deaths 2424819 (4509.9s)
tick   82000 alive   225470 genomes   17058 energy   172.6 steps  256.0 halting 0.000 births 2395540 deaths 2396334 (4562.9s)
tick   83000 alive   227271 genomes   16625 energy   172.6 steps  256.0 halting 0.000 births 2402647 deaths 2400846 (4615.9s)
tick   84000 alive   228429 genomes   16346 energy   173.2 steps  256.0 halting 0.000 births 2407505 deaths 2406347 (4669.0s)
tick   85000 alive   229409 genomes   16036 energy   172.9 steps  256.0 halting 0.000 births 2409399 deaths 2408419 (4722.4s)
tick   86000 alive   230885 genomes   15706 energy   173.7 steps  256.0 halting 0.000 births 2415328 deaths 2413852 (4776.5s)
tick   87000 alive   229855 genomes   15775 energy   173.4 steps  256.0 halting 0.000 births 2413577 deaths 2414607 (4830.4s)
tick   88000 alive   230173 genomes   15757 energy   174.0 steps  256.0 halting 0.000 births 2398784 deaths 2398466 (4883.8s)
tick   89000 alive   230645 genomes   15823 energy   173.4 steps  256.0 halting 0.000 births 2412745 deaths 2412273 (4937.2s)
tick   90000 alive   231488 genomes   15531 energy   173.7 steps  256.0 halting 0.000 births 2424442 deaths 2423599 (4990.7s)
tick   91000 alive   231239 genomes   15658 energy   173.6 steps  256.0 halting 0.000 births 2414120 deaths 2414369 (5043.2s)
tick   92000 alive   231975 genomes   15816 energy   174.4 steps  256.0 halting 0.000 births 2431024 deaths 2430288 (5095.2s)
tick   93000 alive   232491 genomes   15490 energy   174.8 steps  256.0 halting 0.000 births 2422037 deaths 2421521 (5147.2s)
tick   94000 alive   232343 genomes   15530 energy   173.6 steps  256.0 halting 0.000 births 2423703 deaths 2423851 (5199.3s)
tick   95000 alive   232735 genomes   15463 energy   174.3 steps  256.0 halting 0.000 births 2431569 deaths 2431177 (5251.0s)
tick   96000 alive   233125 genomes   15546 energy   174.1 steps  256.0 halting 0.000 births 2440924 deaths 2440534 (5302.7s)
tick   97000 alive   232270 genomes   15845 energy   174.2 steps  256.0 halting 0.000 births 2433607 deaths 2434462 (5353.9s)
tick   98000 alive   231471 genomes   15670 energy   174.7 steps  256.0 halting 0.000 births 2422415 deaths 2423214 (5405.0s)
tick   99000 alive   231645 genomes   15545 energy   175.0 steps  256.0 halting 0.000 births 2401722 deaths 2401548 (5455.5s)
tick  100000 alive   230901 genomes   15596 energy   174.3 steps  256.0 halting 0.000 births 2399205 deaths 2399949 (5505.9s)
tick  101000 alive   230442 genomes   15811 energy   173.8 steps  256.0 halting 0.000 births 2437768 deaths 2438227 (5556.4s)
tick  102000 alive   230796 genomes   16176 energy   173.0 steps  256.0 halting 0.000 births 2444073 deaths 2443719 (5606.6s)
tick  103000 alive   231004 genomes   16142 energy   173.4 steps  256.0 halting 0.000 births 2470579 deaths 2470371 (5656.9s)
tick  104000 alive   231021 genomes   15959 energy   173.5 steps  256.0 halting 0.000 births 2466341 deaths 2466324 (5707.1s)
tick  105000 alive   232176 genomes   15650 energy   173.2 steps  256.0 halting 0.000 births 2471979 deaths 2470824 (5757.1s)
tick  106000 alive   234084 genomes   15499 energy   173.7 steps  256.0 halting 0.000 births 2479246 deaths 2477338 (5807.3s)
tick  107000 alive   234217 genomes   15324 energy   174.0 steps  256.0 halting 0.000 births 2484232 deaths 2484099 (5857.8s)
tick  108000 alive   234946 genomes   14915 energy   174.4 steps  256.0 halting 0.000 births 2480441 deaths 2479712 (5907.8s)
tick  109000 alive   236192 genomes   14332 energy   174.0 steps  256.0 halting 0.000 births 2492219 deaths 2490973 (5957.6s)
tick  110000 alive   236708 genomes   14425 energy   174.1 steps  256.0 halting 0.000 births 2521055 deaths 2520539 (6007.4s)
tick  111000 alive   236152 genomes   14517 energy   173.9 steps  256.0 halting 0.000 births 2534246 deaths 2534802 (6056.8s)
tick  112000 alive   236364 genomes   14561 energy   173.2 steps  256.0 halting 0.000 births 2550343 deaths 2550131 (6106.7s)
tick  113000 alive   237357 genomes   14434 energy   173.8 steps  256.0 halting 0.000 births 2576131 deaths 2575138 (6156.3s)
tick  114000 alive   237716 genomes   14357 energy   173.2 steps  256.0 halting 0.000 births 2604197 deaths 2603838 (6206.1s)
tick  115000 alive   237204 genomes   14598 energy   172.6 steps  256.0 halting 0.000 births 2630473 deaths 2630985 (6255.6s)
tick  116000 alive   237102 genomes   14508 energy   173.0 steps  256.0 halting 0.000 births 2628433 deaths 2628535 (6305.2s)
tick  117000 alive   238703 genomes   14388 energy   173.5 steps  256.0 halting 0.000 births 2635775 deaths 2634174 (6354.2s)
tick  118000 alive   239690 genomes   14025 energy   173.8 steps  256.0 halting 0.000 births 2638191 deaths 2637204 (6403.4s)
tick  119000 alive   239674 genomes   13954 energy   174.5 steps  256.0 halting 0.000 births 2630804 deaths 2630820 (6452.7s)
tick  120000 alive   239634 genomes   14057 energy   173.9 steps  256.0 halting 0.000 births 2643934 deaths 2643974 (6502.8s)
tick  121000 alive   238788 genomes   14025 energy   173.8 steps  256.0 halting 0.000 births 2651687 deaths 2652533 (6552.6s)
tick  122000 alive   239121 genomes   14134 energy   173.7 steps  256.0 halting 0.000 births 2666194 deaths 2665861 (6601.6s)
tick  123000 alive   239532 genomes   13750 energy   173.7 steps  256.0 halting 0.000 births 2678326 deaths 2677915 (6650.5s)
tick  124000 alive   239588 genomes   13835 energy   174.6 steps  256.0 halting 0.000 births 2682344 deaths 2682288 (6699.0s)
tick  125000 alive   238810 genomes   13733 energy   173.8 steps  256.0 halting 0.000 births 2684640 deaths 2685418 (6747.3s)
tick  126000 alive   237141 genomes   13853 energy   173.7 steps  256.0 halting 0.000 births 2691407 deaths 2693076 (6795.7s)
tick  127000 alive   235550 genomes   14227 energy   174.0 steps  256.0 halting 0.000 births 2671066 deaths 2672657 (6844.2s)
tick  128000 alive   234785 genomes   14366 energy   174.0 steps  256.0 halting 0.000 births 2655534 deaths 2656299 (6892.1s)
tick  129000 alive   235806 genomes   14469 energy   174.3 steps  256.0 halting 0.000 births 2654754 deaths 2653733 (6940.4s)
tick  130000 alive   237149 genomes   14524 energy   174.4 steps  256.0 halting 0.000 births 2673495 deaths 2672152 (6989.0s)
tick  131000 alive   237080 genomes   14353 energy   174.8 steps  256.0 halting 0.000 births 2674835 deaths 2674904 (7036.7s)
tick  132000 alive   236987 genomes   14285 energy   174.7 steps  256.0 halting 0.000 births 2668901 deaths 2668994 (7083.5s)
tick  133000 alive   237294 genomes   14713 energy   175.2 steps  256.0 halting 0.000 births 2675111 deaths 2674804 (7130.6s)
tick  134000 alive   238112 genomes   14339 energy   174.5 steps  256.0 halting 0.000 births 2674586 deaths 2673768 (7177.6s)
tick  135000 alive   238269 genomes   14261 energy   173.8 steps  256.0 halting 0.000 births 2684544 deaths 2684387 (7224.4s)
tick  136000 alive   238871 genomes   14663 energy   174.3 steps  256.0 halting 0.000 births 2727559 deaths 2726957 (7271.1s)
tick  137000 alive   239600 genomes   14644 energy   174.4 steps  256.0 halting 0.000 births 2753079 deaths 2752350 (7318.0s)
tick  138000 alive   240659 genomes   14461 energy   174.1 steps  256.0 halting 0.000 births 2762623 deaths 2761564 (7365.1s)
tick  139000 alive   242121 genomes   13649 energy   173.7 steps  256.0 halting 0.000 births 2800851 deaths 2799389 (7411.8s)
tick  140000 alive   242807 genomes   13823 energy   173.5 steps  256.0 halting 0.000 births 2834059 deaths 2833373 (7458.8s)
tick  141000 alive   241352 genomes   13726 energy   173.5 steps  256.0 halting 0.000 births 2844716 deaths 2846171 (7505.9s)
tick  142000 alive   242022 genomes   13787 energy   173.7 steps  256.0 halting 0.000 births 2844957 deaths 2844287 (7553.2s)
tick  143000 alive   242903 genomes   13536 energy   173.2 steps  256.0 halting 0.000 births 2866690 deaths 2865809 (7600.3s)
tick  144000 alive   242770 genomes   13628 energy   174.4 steps  256.0 halting 0.000 births 2851806 deaths 2851939 (7647.4s)
tick  145000 alive   241869 genomes   13264 energy   174.4 steps  256.0 halting 0.000 births 2818576 deaths 2819477 (7693.9s)
tick  146000 alive   239886 genomes   13249 energy   175.3 steps  256.0 halting 0.000 births 2784681 deaths 2786664 (7740.0s)
tick  147000 alive   239552 genomes   13436 energy   175.3 steps  256.0 halting 0.000 births 2750823 deaths 2751157 (7786.2s)
tick  148000 alive   237958 genomes   13347 energy   175.7 steps  256.0 halting 0.000 births 2733712 deaths 2735306 (7832.2s)
tick  149000 alive   238338 genomes   13396 energy   175.6 steps  256.0 halting 0.000 births 2716575 deaths 2716195 (7878.1s)
tick  150000 alive   236982 genomes   13486 energy   174.5 steps  256.0 halting 0.000 births 2715164 deaths 2716520 (7924.0s)
tick  151000 alive   237507 genomes   13426 energy   174.1 steps  256.0 halting 0.000 births 2743656 deaths 2743131 (7969.7s)
tick  152000 alive   237449 genomes   13812 energy   173.9 steps  256.0 halting 0.000 births 2755399 deaths 2755457 (8016.1s)
tick  153000 alive   235228 genomes   14055 energy   173.0 steps  256.0 halting 0.000 births 2758314 deaths 2760535 (8061.8s)
tick  154000 alive   235684 genomes   14268 energy   171.8 steps  256.0 halting 0.000 births 2776780 deaths 2776324 (8107.4s)
tick  155000 alive   235203 genomes   14710 energy   171.2 steps  256.0 halting 0.000 births 2833782 deaths 2834263 (8153.1s)
tick  156000 alive   234901 genomes   14692 energy   169.6 steps  256.0 halting 0.000 births 2885410 deaths 2885712 (8199.2s)
tick  157000 alive   236296 genomes   14724 energy   168.7 steps  256.0 halting 0.000 births 2931507 deaths 2930112 (8245.6s)
tick  158000 alive   236121 genomes   14799 energy   168.3 steps  256.0 halting 0.000 births 2961527 deaths 2961702 (8291.7s)
tick  159000 alive   236340 genomes   14625 energy   167.5 steps  256.0 halting 0.000 births 3001747 deaths 3001528 (8338.1s)
tick  160000 alive   236218 genomes   14757 energy   166.8 steps  256.0 halting 0.000 births 3012609 deaths 3012731 (8384.4s)
tick  161000 alive   235501 genomes   14793 energy   167.2 steps  256.0 halting 0.000 births 3036812 deaths 3037529 (8430.7s)
tick  162000 alive   234527 genomes   15176 energy   166.9 steps  256.0 halting 0.000 births 3028363 deaths 3029337 (8476.6s)
tick  163000 alive   233708 genomes   15164 energy   166.4 steps  256.0 halting 0.000 births 3023863 deaths 3024682 (8522.8s)
tick  164000 alive   233200 genomes   14843 energy   166.6 steps  256.0 halting 0.000 births 3014704 deaths 3015212 (8568.1s)
tick  165000 alive   232607 genomes   14315 energy   168.5 steps  256.0 halting 0.000 births 2987518 deaths 2988111 (8613.5s)
tick  166000 alive   230637 genomes   14607 energy   168.7 steps  256.0 halting 0.000 births 2941077 deaths 2943047 (8658.8s)
tick  167000 alive   229019 genomes   14392 energy   169.8 steps  256.0 halting 0.000 births 2870579 deaths 2872197 (8707.1s)
tick  168000 alive   228266 genomes   14205 energy   171.0 steps  256.0 halting 0.000 births 2823247 deaths 2824000 (8752.5s)
tick  169000 alive   226574 genomes   14154 energy   170.6 steps  256.0 halting 0.000 births 2777738 deaths 2779430 (8797.3s)
tick  170000 alive   227850 genomes   14178 energy   169.7 steps  256.0 halting 0.000 births 2780521 deaths 2779245 (8842.4s)
tick  171000 alive   227930 genomes   14605 energy   169.5 steps  256.0 halting 0.000 births 2821730 deaths 2821650 (8887.7s)
tick  172000 alive   225681 genomes   14256 energy   169.5 steps  256.0 halting 0.000 births 2820303 deaths 2822552 (8933.2s)
tick  173000 alive   225486 genomes   14401 energy   168.6 steps  256.0 halting 0.000 births 2801607 deaths 2801802 (8977.7s)
tick  174000 alive   226164 genomes   14349 energy   168.0 steps  256.0 halting 0.000 births 2860629 deaths 2859951 (9022.9s)
tick  175000 alive   227199 genomes   14396 energy   167.6 steps  256.0 halting 0.000 births 2865236 deaths 2864201 (9067.7s)
tick  176000 alive   227599 genomes   15101 energy   167.1 steps  256.0 halting 0.000 births 2909756 deaths 2909356 (9113.9s)
tick  177000 alive   229976 genomes   15148 energy   166.4 steps  256.0 halting 0.000 births 2963276 deaths 2960899 (9159.3s)
tick  178000 alive   231337 genomes   14949 energy   166.6 steps  256.0 halting 0.000 births 3005857 deaths 3004496 (9205.0s)
tick  179000 alive   232938 genomes   14866 energy   167.6 steps  256.0 halting 0.000 births 2991862 deaths 2990261 (9250.8s)
tick  180000 alive   232444 genomes   14571 energy   168.5 steps  256.0 halting 0.000 births 2964373 deaths 2964867 (9296.0s)
tick  181000 alive   233965 genomes   14286 energy   168.4 steps  256.0 halting 0.000 births 2960275 deaths 2958754 (9341.5s)
tick  182000 alive   234839 genomes   14106 energy   168.5 steps  256.0 halting 0.000 births 2960816 deaths 2959942 (9386.6s)
tick  183000 alive   235179 genomes   14438 energy   169.2 steps  256.0 halting 0.000 births 2936095 deaths 2935755 (9432.1s)
tick  184000 alive   236138 genomes   14247 energy   169.8 steps  256.0 halting 0.000 births 2922181 deaths 2921222 (9477.2s)
tick  185000 alive   234184 genomes   14272 energy   170.1 steps  256.0 halting 0.000 births 2904457 deaths 2906411 (9522.6s)
tick  186000 alive   232612 genomes   14533 energy   169.7 steps  256.0 halting 0.000 births 2881490 deaths 2883062 (9567.4s)
tick  187000 alive   231789 genomes   14417 energy   169.2 steps  256.0 halting 0.000 births 2863646 deaths 2864469 (9611.5s)
tick  188000 alive   233683 genomes   14642 energy   168.5 steps  256.0 halting 0.000 births 2927677 deaths 2925783 (9656.9s)
tick  189000 alive   232137 genomes   14875 energy   168.1 steps  256.0 halting 0.000 births 2921076 deaths 2922622 (9702.0s)
tick  190000 alive   232349 genomes   14957 energy   167.8 steps  256.0 halting 0.000 births 2929027 deaths 2928815 (9747.1s)
tick  191000 alive   232658 genomes   15082 energy   167.7 steps  256.0 halting 0.000 births 2942885 deaths 2942576 (9792.2s)
tick  192000 alive   230582 genomes   15025 energy   168.3 steps  256.0 halting 0.000 births 2915006 deaths 2917082 (9837.1s)
tick  193000 alive   229775 genomes   14838 energy   169.0 steps  256.0 halting 0.000 births 2876055 deaths 2876862 (9885.2s)
tick  194000 alive   230485 genomes   15192 energy   167.6 steps  256.0 halting 0.000 births 2902563 deaths 2901853 (9930.6s)
tick  195000 alive   232274 genomes   14977 energy   167.7 steps  256.0 halting 0.000 births 2937417 deaths 2935628 (9976.5s)
tick  196000 alive   232391 genomes   14628 energy   167.5 steps  256.0 halting 0.000 births 2940677 deaths 2940560 (10022.6s)
tick  197000 alive   232227 genomes   14324 energy   168.6 steps  256.0 halting 0.000 births 2925327 deaths 2925491 (10068.1s)
tick  198000 alive   231982 genomes   14414 energy   168.8 steps  256.0 halting 0.000 births 2897611 deaths 2897856 (10113.3s)
tick  199000 alive   232534 genomes   14443 energy   169.1 steps  256.0 halting 0.000 births 2899666 deaths 2899114 (10158.9s)
tick  200000 alive   232641 genomes   14540 energy   168.8 steps  256.0 halting 0.000 births 2880405 deaths 2880298 (10204.7s)
tick  201000 alive   233195 genomes   14855 energy   169.1 steps  256.0 halting 0.000 births 2894009 deaths 2893455 (10250.3s)
tick  202000 alive   232004 genomes   15119 energy   169.3 steps  256.0 halting 0.000 births 2883355 deaths 2884546 (10296.2s)
tick  203000 alive   231972 genomes   15127 energy   168.6 steps  256.0 halting 0.000 births 2872516 deaths 2872548 (10342.5s)
tick  204000 alive   232531 genomes   15110 energy   169.0 steps  256.0 halting 0.000 births 2896080 deaths 2895521 (10389.1s)
tick  205000 alive   231552 genomes   14895 energy   169.3 steps  256.0 halting 0.000 births 2890784 deaths 2891763 (10436.2s)
tick  206000 alive   230289 genomes   15224 energy   168.9 steps  256.0 halting 0.000 births 2863035 deaths 2864298 (10482.8s)
tick  207000 alive   229237 genomes   15020 energy   168.8 steps  256.0 halting 0.000 births 2847430 deaths 2848482 (10529.3s)
tick  208000 alive   228511 genomes   14528 energy   169.3 steps  256.0 halting 0.000 births 2830518 deaths 2831244 (10575.8s)
tick  209000 alive   227525 genomes   14805 energy   169.6 steps  256.0 halting 0.000 births 2805644 deaths 2806630 (10622.1s)
tick  210000 alive   227560 genomes   14472 energy   170.4 steps  256.0 halting 0.000 births 2769821 deaths 2769786 (10668.3s)
tick  211000 alive   226420 genomes   14479 energy   170.0 steps  256.0 halting 0.000 births 2743984 deaths 2745124 (10714.0s)
tick  212000 alive   228013 genomes   14430 energy   169.9 steps  256.0 halting 0.000 births 2767547 deaths 2765954 (10760.2s)
tick  213000 alive   226558 genomes   14473 energy   169.1 steps  256.0 halting 0.000 births 2767065 deaths 2768520 (10806.3s)
tick  214000 alive   227823 genomes   14597 energy   168.6 steps  256.0 halting 0.000 births 2782327 deaths 2781062 (10852.0s)
tick  215000 alive   229401 genomes   14261 energy   168.7 steps  256.0 halting 0.000 births 2801117 deaths 2799539 (10898.3s)
tick  216000 alive   230738 genomes   13919 energy   169.1 steps  256.0 halting 0.000 births 2814914 deaths 2813577 (10944.9s)
tick  217000 alive   232080 genomes   13992 energy   168.4 steps  256.0 halting 0.000 births 2820060 deaths 2818718 (10991.1s)
tick  218000 alive   232361 genomes   14023 energy   168.4 steps  256.0 halting 0.000 births 2850882 deaths 2850601 (11037.2s)
tick  219000 alive   230861 genomes   13861 energy   168.5 steps  256.0 halting 0.000 births 2858162 deaths 2859662 (11086.5s)
tick  220000 alive   230073 genomes   13743 energy   168.2 steps  256.0 halting 0.000 births 2835689 deaths 2836477 (11135.8s)
tick  221000 alive   230099 genomes   13471 energy   168.2 steps  256.0 halting 0.000 births 2846642 deaths 2846616 (11181.1s)
tick  222000 alive   231282 genomes   13532 energy   168.1 steps  256.0 halting 0.000 births 2838017 deaths 2836834 (11226.2s)
tick  223000 alive   231924 genomes   13436 energy   168.7 steps  256.0 halting 0.000 births 2862104 deaths 2861462 (11271.9s)
tick  224000 alive   231748 genomes   13463 energy   169.1 steps  256.0 halting 0.000 births 2852564 deaths 2852740 (11317.2s)
tick  225000 alive   232289 genomes   13300 energy   168.8 steps  256.0 halting 0.000 births 2842002 deaths 2841461 (11362.8s)
tick  226000 alive   232826 genomes   13604 energy   168.4 steps  256.0 halting 0.000 births 2874647 deaths 2874110 (11407.8s)
tick  227000 alive   230264 genomes   13393 energy   168.7 steps  256.0 halting 0.000 births 2864818 deaths 2867380 (11453.0s)
tick  228000 alive   229114 genomes   13197 energy   168.5 steps  256.0 halting 0.000 births 2829341 deaths 2830491 (11498.2s)
tick  229000 alive   228531 genomes   13168 energy   169.3 steps  256.0 halting 0.000 births 2813512 deaths 2814095 (11543.1s)
tick  230000 alive   228876 genomes   13152 energy   168.9 steps  256.0 halting 0.000 births 2799962 deaths 2799617 (11587.9s)
tick  231000 alive   230130 genomes   13236 energy   169.1 steps  256.0 halting 0.000 births 2821052 deaths 2819798 (11633.2s)
tick  232000 alive   230905 genomes   13349 energy   168.3 steps  256.0 halting 0.000 births 2831538 deaths 2830763 (11678.5s)
tick  233000 alive   231339 genomes   13163 energy   168.7 steps  256.0 halting 0.000 births 2858770 deaths 2858336 (11724.8s)
tick  234000 alive   231573 genomes   13376 energy   168.5 steps  256.0 halting 0.000 births 2855206 deaths 2854972 (11771.7s)
tick  235000 alive   229590 genomes   13538 energy   168.1 steps  256.0 halting 0.000 births 2839184 deaths 2841167 (11818.2s)
tick  236000 alive   229770 genomes   13426 energy   168.3 steps  256.0 halting 0.000 births 2846963 deaths 2846783 (11865.1s)
tick  237000 alive   232477 genomes   13437 energy   167.8 steps  256.0 halting 0.000 births 2849563 deaths 2846856 (11911.4s)
tick  238000 alive   232845 genomes   13295 energy   168.8 steps  256.0 halting 0.000 births 2870723 deaths 2870355 (11957.5s)
tick  239000 alive   232501 genomes   13008 energy   168.7 steps  256.0 halting 0.000 births 2862545 deaths 2862889 (12003.5s)
tick  240000 alive   233060 genomes   13346 energy   168.6 steps  256.0 halting 0.000 births 2845646 deaths 2845087 (12049.7s)
tick  241000 alive   232438 genomes   13620 energy   169.5 steps  256.0 halting 0.000 births 2846495 deaths 2847117 (12097.0s)
tick  242000 alive   232211 genomes   13556 energy   169.7 steps  256.0 halting 0.000 births 2808909 deaths 2809136 (12142.7s)
tick  243000 alive   232027 genomes   13575 energy   170.5 steps  256.0 halting 0.000 births 2790058 deaths 2790242 (12189.3s)
tick  244000 alive   230705 genomes   13440 energy   170.3 steps  256.0 halting 0.000 births 2751863 deaths 2753185 (12235.9s)
tick  245000 alive   230934 genomes   13259 energy   170.0 steps  256.0 halting 0.000 births 2738203 deaths 2737974 (12282.5s)
tick  246000 alive   232445 genomes   13338 energy   169.6 steps  256.0 halting 0.000 births 2762540 deaths 2761029 (12328.3s)
tick  247000 alive   231065 genomes   13458 energy   169.3 steps  256.0 halting 0.000 births 2771144 deaths 2772524 (12374.2s)
tick  248000 alive   233232 genomes   13432 energy   169.6 steps  256.0 halting 0.000 births 2774479 deaths 2772312 (12420.5s)
tick  249000 alive   232861 genomes   13132 energy   170.3 steps  256.0 halting 0.000 births 2779776 deaths 2780147 (12467.7s)
tick  250000 alive   233408 genomes   13595 energy   169.2 steps  256.0 halting 0.000 births 2777492 deaths 2776945 (12514.6s)
tick  251000 alive   231903 genomes   13535 energy   168.8 steps  256.0 halting 0.000 births 2812166 deaths 2813671 (12560.8s)
tick  252000 alive   232110 genomes   13657 energy   168.8 steps  256.0 halting 0.000 births 2810359 deaths 2810152 (12608.8s)
tick  253000 alive   232439 genomes   13601 energy   168.1 steps  256.0 halting 0.000 births 2816631 deaths 2816302 (12655.8s)
tick  254000 alive   233491 genomes   13402 energy   168.6 steps  256.0 halting 0.000 births 2836148 deaths 2835096 (12703.4s)
tick  255000 alive   233921 genomes   13718 energy   168.6 steps  256.0 halting 0.000 births 2850740 deaths 2850310 (12750.7s)
tick  256000 alive   233748 genomes   14015 energy   168.6 steps  256.0 halting 0.000 births 2836876 deaths 2837049 (12798.0s)
tick  257000 alive   232897 genomes   14165 energy   169.1 steps  256.0 halting 0.000 births 2816058 deaths 2816909 (12845.7s)
tick  258000 alive   232747 genomes   14041 energy   169.4 steps  256.0 halting 0.000 births 2812292 deaths 2812442 (12893.2s)
tick  259000 alive   231870 genomes   13841 energy   169.8 steps  256.0 halting 0.000 births 2797269 deaths 2798146 (12940.4s)
tick  260000 alive   231257 genomes   14007 energy   169.2 steps  256.0 halting 0.000 births 2795284 deaths 2795897 (12987.8s)
tick  261000 alive   231573 genomes   13940 energy   169.2 steps  256.0 halting 0.000 births 2792193 deaths 2791877 (13035.4s)
tick  262000 alive   229711 genomes   14045 energy   168.8 steps  256.0 halting 0.000 births 2787394 deaths 2789256 (13083.0s)
tick  263000 alive   229340 genomes   13862 energy   169.3 steps  256.0 halting 0.000 births 2757902 deaths 2758273 (13130.8s)
tick  264000 alive   231517 genomes   13999 energy   168.7 steps  256.0 halting 0.000 births 2784345 deaths 2782168 (13178.7s)
tick  265000 alive   231448 genomes   13834 energy   168.7 steps  256.0 halting 0.000 births 2792283 deaths 2792352 (13227.0s)
tick  266000 alive   231180 genomes   13530 energy   169.7 steps  256.0 halting 0.000 births 2766025 deaths 2766293 (13274.5s)
tick  267000 alive   230779 genomes   13604 energy   170.1 steps  256.0 halting 0.000 births 2749225 deaths 2749626 (13321.6s)
tick  268000 alive   229879 genomes   13584 energy   171.4 steps  256.0 halting 0.000 births 2708557 deaths 2709457 (13368.0s)
tick  269000 alive   228209 genomes   13433 energy   170.8 steps  256.0 halting 0.000 births 2671614 deaths 2673284 (13414.3s)
tick  270000 alive   229223 genomes   13414 energy   170.3 steps  256.0 halting 0.000 births 2664468 deaths 2663454 (13460.4s)
tick  271000 alive   229814 genomes   13591 energy   169.9 steps  256.0 halting 0.000 births 2707193 deaths 2706602 (13507.0s)
tick  272000 alive   229559 genomes   13571 energy   169.8 steps  256.0 halting 0.000 births 2690854 deaths 2691109 (13554.0s)
tick  273000 alive   230342 genomes   13644 energy   169.5 steps  256.0 halting 0.000 births 2712526 deaths 2711743 (13600.9s)
tick  274000 alive   230562 genomes   13619 energy   169.7 steps  256.0 halting 0.000 births 2734627 deaths 2734407 (13648.7s)
tick  275000 alive   230937 genomes   13747 energy   169.6 steps  256.0 halting 0.000 births 2723822 deaths 2723447 (13695.9s)
tick  276000 alive   229185 genomes   13601 energy   169.7 steps  256.0 halting 0.000 births 2706362 deaths 2708114 (13743.3s)
tick  277000 alive   228755 genomes   13160 energy   170.1 steps  256.0 halting 0.000 births 2689597 deaths 2690027 (13790.2s)
tick  278000 alive   229118 genomes   12895 energy   169.9 steps  256.0 halting 0.000 births 2665309 deaths 2664946 (13837.1s)
tick  279000 alive   231092 genomes   12938 energy   170.6 steps  256.0 halting 0.000 births 2685747 deaths 2683773 (13884.2s)
tick  280000 alive   231604 genomes   13041 energy   170.8 steps  256.0 halting 0.000 births 2687215 deaths 2686703 (13931.6s)
tick  281000 alive   231331 genomes   12778 energy   170.4 steps  256.0 halting 0.000 births 2676971 deaths 2677244 (13978.5s)
tick  282000 alive   232460 genomes   12872 energy   170.3 steps  256.0 halting 0.000 births 2701737 deaths 2700608 (14025.9s)
tick  283000 alive   232057 genomes   12685 energy   170.9 steps  256.0 halting 0.000 births 2701501 deaths 2701904 (14075.8s)
tick  284000 alive   230218 genomes   12610 energy   170.9 steps  256.0 halting 0.000 births 2684923 deaths 2686762 (14122.8s)
tick  285000 alive   231715 genomes   12603 energy   170.6 steps  256.0 halting 0.000 births 2678690 deaths 2677193 (14171.2s)
tick  286000 alive   231810 genomes   11765 energy   170.6 steps  256.0 halting 0.000 births 2685855 deaths 2685760 (14218.1s)
tick  287000 alive   232243 genomes   11784 energy   170.3 steps  256.0 halting 0.000 births 2684578 deaths 2684145 (14264.8s)
tick  288000 alive   231957 genomes   11608 energy   170.3 steps  256.0 halting 0.000 births 2702436 deaths 2702722 (14312.0s)
tick  289000 alive   230147 genomes   11654 energy   170.4 steps  256.0 halting 0.000 births 2687115 deaths 2688925 (14358.2s)
tick  290000 alive   229818 genomes   11291 energy   170.4 steps  256.0 halting 0.000 births 2666894 deaths 2667223 (14404.4s)
tick  291000 alive   231004 genomes   11334 energy   170.1 steps  256.0 halting 0.000 births 2682562 deaths 2681376 (14450.9s)
tick  292000 alive   231407 genomes   11060 energy   169.8 steps  256.0 halting 0.000 births 2690369 deaths 2689966 (14496.6s)
tick  293000 alive   232691 genomes   11366 energy   169.7 steps  256.0 halting 0.000 births 2730030 deaths 2728746 (14542.7s)
tick  294000 alive   233482 genomes   11252 energy   169.5 steps  256.0 halting 0.000 births 2750876 deaths 2750085 (14589.2s)
tick  295000 alive   232702 genomes   10965 energy   170.0 steps  256.0 halting 0.000 births 2742077 deaths 2742857 (14635.7s)
tick  296000 alive   231241 genomes   11060 energy   169.8 steps  256.0 halting 0.000 births 2731920 deaths 2733381 (14682.4s)
tick  297000 alive   230860 genomes   10973 energy   169.9 steps  256.0 halting 0.000 births 2708667 deaths 2709048 (14729.1s)
tick  298000 alive   231700 genomes   10897 energy   169.8 steps  256.0 halting 0.000 births 2719225 deaths 2718385 (14776.2s)
tick  299000 alive   232017 genomes   11027 energy   169.1 steps  256.0 halting 0.000 births 2742659 deaths 2742342 (14823.8s)
tick  300000 alive   232712 genomes   11043 energy   168.9 steps  256.0 halting 0.000 births 2770240 deaths 2769545 (14870.1s)
tick  301000 alive   233390 genomes   10942 energy   168.9 steps  256.0 halting 0.000 births 2774199 deaths 2773521 (14917.2s)
tick  302000 alive   234951 genomes   11023 energy   168.7 steps  256.0 halting 0.000 births 2813342 deaths 2811781 (14964.7s)
tick  303000 alive   234701 genomes   10854 energy   168.9 steps  256.0 halting 0.000 births 2811182 deaths 2811432 (15012.0s)
tick  304000 alive   233040 genomes   10698 energy   169.3 steps  256.0 halting 0.000 births 2805972 deaths 2807633 (15059.6s)
tick  305000 alive   232509 genomes   10616 energy   169.9 steps  256.0 halting 0.000 births 2753003 deaths 2753534 (15106.6s)
tick  306000 alive   230942 genomes   10430 energy   170.4 steps  256.0 halting 0.000 births 2709550 deaths 2711117 (15153.6s)
tick  307000 alive   230672 genomes   10432 energy   170.6 steps  256.0 halting 0.000 births 2703049 deaths 2703319 (15200.3s)
tick  308000 alive   231508 genomes   10216 energy   170.8 steps  256.0 halting 0.000 births 2685566 deaths 2684730 (15247.3s)
tick  309000 alive   231012 genomes   10225 energy   170.9 steps  256.0 halting 0.000 births 2673845 deaths 2674341 (15294.3s)
tick  310000 alive   232262 genomes   10073 energy   170.7 steps  256.0 halting 0.000 births 2671758 deaths 2670508 (15341.4s)
tick  311000 alive   230954 genomes   10162 energy   170.1 steps  256.0 halting 0.000 births 2689708 deaths 2691016 (15388.6s)
tick  312000 alive   231247 genomes   10001 energy   170.5 steps  256.0 halting 0.000 births 2665032 deaths 2664739 (15435.8s)
tick  313000 alive   231311 genomes    9868 energy   170.8 steps  256.0 halting 0.000 births 2660054 deaths 2659990 (15482.9s)
tick  314000 alive   232264 genomes   10069 energy   170.8 steps  256.0 halting 0.000 births 2654046 deaths 2653093 (15530.3s)
tick  315000 alive   232029 genomes    9868 energy   171.1 steps  256.0 halting 0.000 births 2639819 deaths 2640054 (15578.5s)
tick  316000 alive   231684 genomes    9796 energy   171.0 steps  256.0 halting 0.000 births 2616020 deaths 2616365 (15626.1s)
tick  317000 alive   231489 genomes    9810 energy   172.1 steps  256.0 halting 0.000 births 2602287 deaths 2602482 (15674.4s)
tick  318000 alive   231461 genomes    9782 energy   172.1 steps  256.0 halting 0.000 births 2570045 deaths 2570073 (15723.1s)
tick  319000 alive   230560 genomes    9756 energy   171.2 steps  256.0 halting 0.000 births 2582469 deaths 2583370 (15771.4s)
tick  320000 alive   231434 genomes    9794 energy   171.0 steps  256.0 halting 0.000 births 2599243 deaths 2598369 (15820.0s)
tick  321000 alive   233689 genomes    9554 energy   171.0 steps  256.0 halting 0.000 births 2611962 deaths 2609707 (15869.2s)
tick  322000 alive   233638 genomes    9509 energy   172.1 steps  256.0 halting 0.000 births 2597889 deaths 2597940 (15918.5s)
tick  323000 alive   232986 genomes    9516 energy   171.6 steps  256.0 halting 0.000 births 2590949 deaths 2591601 (15968.2s)
tick  324000 alive   233262 genomes    9099 energy   172.2 steps  256.0 halting 0.000 births 2575085 deaths 2574809 (16018.0s)
tick  325000 alive   233044 genomes    8911 energy   172.6 steps  256.0 halting 0.000 births 2553291 deaths 2553509 (16067.1s)
tick  326000 alive   233104 genomes    9058 energy   172.1 steps  256.0 halting 0.000 births 2570841 deaths 2570781 (16116.4s)
tick  327000 alive   233025 genomes    8887 energy   172.3 steps  256.0 halting 0.000 births 2575093 deaths 2575172 (16164.9s)
tick  328000 alive   234704 genomes    8800 energy   171.9 steps  256.0 halting 0.000 births 2585059 deaths 2583380 (16213.4s)
tick  329000 alive   234632 genomes    8990 energy   172.0 steps  256.0 halting 0.000 births 2610447 deaths 2610519 (16261.9s)
tick  330000 alive   234089 genomes    9117 energy   171.1 steps  256.0 halting 0.000 births 2626866 deaths 2627409 (16309.9s)
tick  331000 alive   233821 genomes    9291 energy   171.8 steps  256.0 halting 0.000 births 2635600 deaths 2635868 (16357.6s)
tick  332000 alive   233027 genomes    9229 energy   171.6 steps  256.0 halting 0.000 births 2619718 deaths 2620512 (16405.8s)
tick  333000 alive   233795 genomes    9203 energy   171.2 steps  256.0 halting 0.000 births 2623396 deaths 2622628 (16453.9s)
tick  334000 alive   233691 genomes    9116 energy   171.4 steps  256.0 halting 0.000 births 2637793 deaths 2637897 (16501.7s)
tick  335000 alive   234155 genomes    9285 energy   171.0 steps  256.0 halting 0.000 births 2658329 deaths 2657865 (16549.8s)
tick  336000 alive   234326 genomes    9326 energy   170.7 steps  256.0 halting 0.000 births 2676418 deaths 2676247 (16597.7s)
tick  337000 alive   233530 genomes    9537 energy   170.6 steps  256.0 halting 0.000 births 2701812 deaths 2702608 (16645.4s)
tick  338000 alive   232190 genomes    9718 energy   171.1 steps  256.0 halting 0.000 births 2681201 deaths 2682541 (16693.1s)
tick  339000 alive   231674 genomes    9719 energy   170.8 steps  256.0 halting 0.000 births 2681613 deaths 2682129 (16741.0s)
tick  340000 alive   231809 genomes    9930 energy   169.9 steps  256.0 halting 0.000 births 2698250 deaths 2698115 (16788.5s)
tick  341000 alive   231704 genomes    9775 energy   170.2 steps  256.0 halting 0.000 births 2732815 deaths 2732920 (16836.1s)
tick  342000 alive   233393 genomes    9943 energy   169.6 steps  256.0 halting 0.000 births 2737939 deaths 2736250 (16884.8s)
tick  343000 alive   232022 genomes    9859 energy   169.5 steps  256.0 halting 0.000 births 2752988 deaths 2754359 (16934.9s)
tick  344000 alive   231346 genomes    9728 energy   170.1 steps  256.0 halting 0.000 births 2713620 deaths 2714296 (16983.0s)
tick  345000 alive   231288 genomes    9739 energy   170.0 steps  256.0 halting 0.000 births 2699044 deaths 2699102 (17030.6s)
tick  346000 alive   231519 genomes    9808 energy   169.4 steps  256.0 halting 0.000 births 2713485 deaths 2713254 (17078.9s)
tick  347000 alive   230330 genomes    9703 energy   170.3 steps  256.0 halting 0.000 births 2714953 deaths 2716142 (17127.1s)
tick  348000 alive   231643 genomes    9438 energy   170.6 steps  256.0 halting 0.000 births 2670110 deaths 2668797 (17175.2s)
tick  349000 alive   232562 genomes    9581 energy   169.6 steps  256.0 halting 0.000 births 2678836 deaths 2677917 (17223.6s)
tick  350000 alive   231722 genomes    9711 energy   170.1 steps  256.0 halting 0.000 births 2687666 deaths 2688506 (17272.2s)
tick  351000 alive   232305 genomes    9529 energy   169.9 steps  256.0 halting 0.000 births 2707035 deaths 2706452 (17320.9s)
tick  352000 alive   231628 genomes    9468 energy   169.9 steps  256.0 halting 0.000 births 2695729 deaths 2696406 (17369.2s)
tick  353000 alive   232462 genomes    9384 energy   171.3 steps  256.0 halting 0.000 births 2682891 deaths 2682057 (17416.7s)
tick  354000 alive   231228 genomes    9399 energy   171.4 steps  256.0 halting 0.000 births 2647933 deaths 2649167 (17463.9s)
tick  355000 alive   230336 genomes    9326 energy   171.7 steps  256.0 halting 0.000 births 2624913 deaths 2625805 (17511.0s)
tick  356000 alive   228638 genomes    9236 energy   171.9 steps  256.0 halting 0.000 births 2595797 deaths 2597495 (17557.3s)
tick  357000 alive   230259 genomes    9310 energy   171.4 steps  256.0 halting 0.000 births 2592232 deaths 2590611 (17603.5s)
tick  358000 alive   231052 genomes    9112 energy   171.1 steps  256.0 halting 0.000 births 2617440 deaths 2616647 (17649.6s)
tick  359000 alive   232645 genomes    9427 energy   170.5 steps  256.0 halting 0.000 births 2639204 deaths 2637611 (17696.5s)
tick  360000 alive   232327 genomes    9029 energy   171.7 steps  256.0 halting 0.000 births 2643114 deaths 2643432 (17743.5s)
tick  361000 alive   231452 genomes    9186 energy   171.2 steps  256.0 halting 0.000 births 2620169 deaths 2621044 (17789.3s)
tick  362000 alive   231125 genomes    9357 energy   171.7 steps  256.0 halting 0.000 births 2622138 deaths 2622465 (17835.3s)
tick  363000 alive   231231 genomes    9252 energy   171.3 steps  256.0 halting 0.000 births 2615821 deaths 2615715 (17881.3s)
tick  364000 alive   231941 genomes    9534 energy   170.3 steps  256.0 halting 0.000 births 2641747 deaths 2641037 (17927.9s)
tick  365000 alive   232698 genomes    9257 energy   170.1 steps  256.0 halting 0.000 births 2681119 deaths 2680362 (17974.1s)
tick  366000 alive   232797 genomes    9367 energy   170.0 steps  256.0 halting 0.000 births 2688286 deaths 2688187 (18021.1s)
tick  367000 alive   232312 genomes    9183 energy   171.1 steps  256.0 halting 0.000 births 2679113 deaths 2679598 (18067.4s)
tick  368000 alive   232600 genomes    9272 energy   170.4 steps  256.0 halting 0.000 births 2687657 deaths 2687369 (18114.2s)
tick  369000 alive   233135 genomes    9259 energy   170.9 steps  256.0 halting 0.000 births 2670916 deaths 2670381 (18160.4s)
tick  370000 alive   234210 genomes    8989 energy   172.0 steps  256.0 halting 0.000 births 2645059 deaths 2643984 (18206.8s)
tick  371000 alive   234425 genomes    8789 energy   171.9 steps  256.0 halting 0.000 births 2647658 deaths 2647443 (18253.7s)
tick  372000 alive   234171 genomes    8810 energy   172.4 steps  256.0 halting 0.000 births 2629108 deaths 2629362 (18300.0s)
tick  373000 alive   233547 genomes    9130 energy   171.8 steps  256.0 halting 0.000 births 2612949 deaths 2613573 (18346.5s)
tick  374000 alive   233290 genomes    9138 energy   171.0 steps  256.0 halting 0.000 births 2653872 deaths 2654129 (18393.2s)
tick  375000 alive   233039 genomes    9154 energy   171.2 steps  256.0 halting 0.000 births 2649145 deaths 2649396 (18443.8s)
tick  376000 alive   233616 genomes    9133 energy   170.4 steps  256.0 halting 0.000 births 2665098 deaths 2664521 (18490.0s)
tick  377000 alive   234607 genomes    9132 energy   170.5 steps  256.0 halting 0.000 births 2691562 deaths 2690571 (18536.9s)
tick  378000 alive   235281 genomes    8889 energy   171.0 steps  256.0 halting 0.000 births 2686948 deaths 2686274 (18584.5s)
tick  379000 alive   234425 genomes    9017 energy   171.0 steps  256.0 halting 0.000 births 2697098 deaths 2697954 (18631.1s)
tick  380000 alive   232488 genomes    9062 energy   170.8 steps  256.0 halting 0.000 births 2677384 deaths 2679321 (18678.3s)
tick  381000 alive   233447 genomes    8951 energy   171.2 steps  256.0 halting 0.000 births 2683385 deaths 2682426 (18725.3s)
tick  382000 alive   233384 genomes    8869 energy   170.8 steps  256.0 halting 0.000 births 2676633 deaths 2676696 (18773.4s)
tick  383000 alive   233225 genomes    8680 energy   170.3 steps  256.0 halting 0.000 births 2686631 deaths 2686790 (18821.0s)
tick  384000 alive   234279 genomes    8606 energy   170.9 steps  256.0 halting 0.000 births 2701281 deaths 2700227 (18868.5s)
tick  385000 alive   234100 genomes    8471 energy   170.6 steps  256.0 halting 0.000 births 2694351 deaths 2694530 (18916.2s)
tick  386000 alive   232483 genomes    8791 energy   170.3 steps  256.0 halting 0.000 births 2686284 deaths 2687901 (18964.0s)
tick  387000 alive   231599 genomes    9073 energy   170.4 steps  256.0 halting 0.000 births 2683434 deaths 2684318 (19011.2s)
tick  388000 alive   232403 genomes    8836 energy   170.2 steps  256.0 halting 0.000 births 2692525 deaths 2691721 (19060.4s)
tick  389000 alive   232514 genomes    8722 energy   170.0 steps  256.0 halting 0.000 births 2698813 deaths 2698702 (19107.3s)
tick  390000 alive   233434 genomes    8869 energy   169.0 steps  256.0 halting 0.000 births 2709030 deaths 2708110 (19154.0s)
tick  391000 alive   233652 genomes    8896 energy   169.4 steps  256.0 halting 0.000 births 2762726 deaths 2762508 (19201.5s)
tick  392000 alive   232664 genomes    8777 energy   169.4 steps  256.0 halting 0.000 births 2729877 deaths 2730865 (19249.3s)
tick  393000 alive   232524 genomes    8712 energy   170.0 steps  256.0 halting 0.000 births 2705900 deaths 2706040 (19296.0s)
tick  394000 alive   233191 genomes    8275 energy   170.3 steps  256.0 halting 0.000 births 2680490 deaths 2679823 (19343.4s)
tick  395000 alive   233767 genomes    8436 energy   170.5 steps  256.0 halting 0.000 births 2675441 deaths 2674865 (19390.2s)
tick  396000 alive   233894 genomes    8379 energy   170.8 steps  256.0 halting 0.000 births 2672875 deaths 2672748 (19436.9s)
tick  397000 alive   232661 genomes    8203 energy   171.7 steps  256.0 halting 0.000 births 2630547 deaths 2631780 (19483.3s)
tick  398000 alive   232321 genomes    8318 energy   171.8 steps  256.0 halting 0.000 births 2613654 deaths 2613994 (19529.8s)
tick  399000 alive   233041 genomes    8289 energy   171.7 steps  256.0 halting 0.000 births 2611301 deaths 2610581 (19576.6s)
tick  400000 alive   232104 genomes    8503 energy   171.1 steps  256.0 halting 0.000 births 2637699 deaths 2638636 (19623.1s)
tick  401000 alive   231050 genomes    8395 energy   171.0 steps  256.0 halting 0.000 births 2622812 deaths 2623866 (19670.0s)
tick  402000 alive   230362 genomes    8390 energy   171.3 steps  256.0 halting 0.000 births 2583393 deaths 2584081 (19716.0s)
tick  403000 alive   231138 genomes    8300 energy   171.6 steps  256.0 halting 0.000 births 2579372 deaths 2578596 (19762.7s)
tick  404000 alive   232176 genomes    8321 energy   171.3 steps  256.0 halting 0.000 births 2581105 deaths 2580067 (19809.6s)
tick  405000 alive   232868 genomes    8205 energy   171.7 steps  256.0 halting 0.000 births 2588904 deaths 2588212 (19855.9s)
tick  406000 alive   232849 genomes    8085 energy   172.4 steps  256.0 halting 0.000 births 2581812 deaths 2581831 (19903.2s)
tick  407000 alive   232808 genomes    8165 energy   172.9 steps  256.0 halting 0.000 births 2542436 deaths 2542477 (19950.2s)
tick  408000 alive   232719 genomes    8128 energy   172.5 steps  256.0 halting 0.000 births 2535998 deaths 2536087 (19997.2s)
tick  409000 alive   232913 genomes    8041 energy   172.3 steps  256.0 halting 0.000 births 2536518 deaths 2536324 (20044.0s)
tick  410000 alive   233467 genomes    8071 energy   172.5 steps  256.0 halting 0.000 births 2544584 deaths 2544030 (20091.1s)
tick  411000 alive   233460 genomes    8085 energy   173.2 steps  256.0 halting 0.000 births 2528902 deaths 2528909 (20137.6s)
tick  412000 alive   233916 genomes    8026 energy   173.1 steps  256.0 halting 0.000 births 2515929 deaths 2515473 (20184.2s)
tick  413000 alive   233328 genomes    7992 energy   173.2 steps  256.0 halting 0.000 births 2515367 deaths 2515955 (20231.2s)
tick  414000 alive   232561 genomes    8065 energy   173.5 steps  256.0 halting 0.000 births 2488306 deaths 2489073 (20279.0s)
tick  415000 alive   232886 genomes    8158 energy   172.9 steps  256.0 halting 0.000 births 2503165 deaths 2502840 (20326.1s)
tick  416000 alive   233775 genomes    8091 energy   172.9 steps  256.0 halting 0.000 births 2529241 deaths 2528352 (20374.0s)
tick  417000 alive   231845 genomes    8103 energy   172.9 steps  256.0 halting 0.000 births 2515217 deaths 2517147 (20421.2s)
tick  418000 alive   231954 genomes    8240 energy   172.7 steps  256.0 halting 0.000 births 2509704 deaths 2509595 (20468.1s)
tick  419000 alive   232949 genomes    8055 energy   172.3 steps  256.0 halting 0.000 births 2528127 deaths 2527132 (20514.8s)
tick  420000 alive   233400 genomes    8202 energy   172.8 steps  256.0 halting 0.000 births 2529012 deaths 2528561 (20562.2s)
tick  421000 alive   233891 genomes    8019 energy   173.4 steps  256.0 halting 0.000 births 2507951 deaths 2507460 (20609.2s)
tick  422000 alive   234549 genomes    7969 energy   171.6 steps  256.0 halting 0.000 births 2539185 deaths 2538527 (20656.3s)
tick  423000 alive   234982 genomes    8098 energy   170.9 steps  256.0 halting 0.000 births 2603650 deaths 2603217 (20703.2s)
tick  424000 alive   235405 genomes    8004 energy   171.8 steps  256.0 halting 0.000 births 2627984 deaths 2627561 (20750.5s)
tick  425000 alive   235496 genomes    7851 energy   171.7 steps  256.0 halting 0.000 births 2620789 deaths 2620698 (20797.1s)
tick  426000 alive   234319 genomes    8127 energy   171.4 steps  256.0 halting 0.000 births 2631090 deaths 2632267 (20844.0s)
tick  427000 alive   234546 genomes    8196 energy   171.2 steps  256.0 halting 0.000 births 2640798 deaths 2640571 (20890.8s)
tick  428000 alive   234643 genomes    8205 energy   171.1 steps  256.0 halting 0.000 births 2653566 deaths 2653469 (20937.3s)
tick  429000 alive   234999 genomes    8218 energy   170.9 steps  256.0 halting 0.000 births 2667884 deaths 2667528 (20983.8s)
tick  430000 alive   235484 genomes    8366 energy   170.2 steps  256.0 halting 0.000 births 2693128 deaths 2692643 (21030.5s)
tick  431000 alive   235699 genomes    8432 energy   169.6 steps  256.0 halting 0.000 births 2725943 deaths 2725728 (21077.9s)
tick  432000 alive   236893 genomes    8229 energy   170.8 steps  256.0 halting 0.000 births 2713724 deaths 2712530 (21125.2s)
tick  433000 alive   235370 genomes    8314 energy   171.0 steps  256.0 halting 0.000 births 2705466 deaths 2706989 (21172.2s)
tick  434000 alive   234894 genomes    8244 energy   170.8 steps  256.0 halting 0.000 births 2689749 deaths 2690225 (21218.5s)
tick  435000 alive   233967 genomes    8240 energy   171.5 steps  256.0 halting 0.000 births 2663799 deaths 2664726 (21265.3s)
tick  436000 alive   234178 genomes    8011 energy   172.0 steps  256.0 halting 0.000 births 2629805 deaths 2629594 (21312.1s)
tick  437000 alive   233522 genomes    7809 energy   172.1 steps  256.0 halting 0.000 births 2621678 deaths 2622334 (21358.4s)
tick  438000 alive   233578 genomes    7914 energy   171.1 steps  256.0 halting 0.000 births 2635483 deaths 2635427 (21405.0s)
tick  439000 alive   233991 genomes    8020 energy   171.4 steps  256.0 halting 0.000 births 2642712 deaths 2642299 (21451.5s)
tick  440000 alive   235089 genomes    8009 energy   171.3 steps  256.0 halting 0.000 births 2660318 deaths 2659220 (21497.9s)
tick  441000 alive   234266 genomes    8043 energy   171.4 steps  256.0 halting 0.000 births 2642872 deaths 2643695 (21544.0s)
tick  442000 alive   232379 genomes    7946 energy   171.7 steps  256.0 halting 0.000 births 2603065 deaths 2604952 (21591.1s)
tick  443000 alive   234308 genomes    8052 energy   171.5 steps  256.0 halting 0.000 births 2601937 deaths 2600008 (21638.1s)
tick  444000 alive   234155 genomes    8001 energy   171.9 steps  256.0 halting 0.000 births 2600366 deaths 2600519 (21686.1s)
tick  445000 alive   234236 genomes    8239 energy   171.1 steps  256.0 halting 0.000 births 2621953 deaths 2621872 (21732.7s)
tick  446000 alive   234890 genomes    8055 energy   172.0 steps  256.0 halting 0.000 births 2605933 deaths 2605279 (21779.6s)
tick  447000 alive   234282 genomes    8074 energy   172.4 steps  256.0 halting 0.000 births 2572182 deaths 2572790 (21827.3s)
tick  448000 alive   232979 genomes    7890 energy   172.7 steps  256.0 halting 0.000 births 2511235 deaths 2512538 (21874.5s)
tick  449000 alive   234124 genomes    7715 energy   172.9 steps  256.0 halting 0.000 births 2507127 deaths 2505982 (21921.6s)
tick  450000 alive   234521 genomes    7432 energy   173.6 steps  256.0 halting 0.000 births 2499675 deaths 2499278 (21969.0s)
tick  451000 alive   234273 genomes    7661 energy   173.2 steps  256.0 halting 0.000 births 2474624 deaths 2474872 (22016.6s)
tick  452000 alive   234281 genomes    7655 energy   173.7 steps  256.0 halting 0.000 births 2472811 deaths 2472803 (22064.9s)
tick  453000 alive   234120 genomes    7793 energy   173.2 steps  256.0 halting 0.000 births 2464402 deaths 2464563 (22113.0s)
tick  454000 alive   234537 genomes    7736 energy   173.4 steps  256.0 halting 0.000 births 2471438 deaths 2471021 (22160.2s)
tick  455000 alive   235359 genomes    7631 energy   174.6 steps  256.0 halting 0.000 births 2458450 deaths 2457628 (22208.0s)
tick  456000 alive   234631 genomes    7683 energy   174.5 steps  256.0 halting 0.000 births 2440096 deaths 2440824 (22255.4s)
tick  457000 alive   235102 genomes    7542 energy   174.4 steps  256.0 halting 0.000 births 2437426 deaths 2436955 (22302.3s)
tick  458000 alive   234885 genomes    7616 energy   174.6 steps  256.0 halting 0.000 births 2434963 deaths 2435180 (22349.9s)
tick  459000 alive   234845 genomes    7515 energy   174.4 steps  256.0 halting 0.000 births 2440781 deaths 2440821 (22396.8s)
tick  460000 alive   235340 genomes    7511 energy   174.4 steps  256.0 halting 0.000 births 2435749 deaths 2435254 (22443.7s)
tick  461000 alive   234850 genomes    7416 energy   174.8 steps  256.0 halting 0.000 births 2422088 deaths 2422578 (22490.6s)
tick  462000 alive   236276 genomes    7316 energy   174.8 steps  256.0 halting 0.000 births 2427354 deaths 2425928 (22537.4s)
tick  463000 alive   236418 genomes    7625 energy   174.1 steps  256.0 halting 0.000 births 2450985 deaths 2450843 (22584.7s)
tick  464000 alive   236639 genomes    7723 energy   173.2 steps  256.0 halting 0.000 births 2497114 deaths 2496893 (22632.6s)
tick  465000 alive   236338 genomes    7699 energy   173.2 steps  256.0 halting 0.000 births 2508245 deaths 2508546 (22680.7s)
tick  466000 alive   234805 genomes    7792 energy   173.6 steps  256.0 halting 0.000 births 2502289 deaths 2503822 (22728.4s)
tick  467000 alive   232922 genomes    7988 energy   173.9 steps  256.0 halting 0.000 births 2476358 deaths 2478241 (22776.3s)
tick  468000 alive   233034 genomes    8011 energy   174.0 steps  256.0 halting 0.000 births 2446065 deaths 2445953 (22824.2s)
tick  469000 alive   234931 genomes    7866 energy   174.3 steps  256.0 halting 0.000 births 2466733 deaths 2464836 (22872.0s)
tick  470000 alive   235679 genomes    7691 energy   174.3 steps  256.0 halting 0.000 births 2461114 deaths 2460366 (22919.9s)
tick  471000 alive   236173 genomes    7826 energy   173.7 steps  256.0 halting 0.000 births 2466998 deaths 2466504 (22967.1s)
tick  472000 alive   237011 genomes    7928 energy   173.2 steps  256.0 halting 0.000 births 2513497 deaths 2512659 (23014.9s)
tick  473000 alive   235813 genomes    7772 energy   174.2 steps  256.0 halting 0.000 births 2502159 deaths 2503357 (23062.5s)
tick  474000 alive   236010 genomes    7780 energy   174.7 steps  256.0 halting 0.000 births 2471378 deaths 2471181 (23110.4s)
tick  475000 alive   235406 genomes    7897 energy   174.5 steps  256.0 halting 0.000 births 2461618 deaths 2462222 (23157.3s)
tick  476000 alive   234040 genomes    8227 energy   173.5 steps  256.0 halting 0.000 births 2482232 deaths 2483598 (23204.8s)
tick  477000 alive   234722 genomes    8116 energy   173.8 steps  256.0 halting 0.000 births 2492372 deaths 2491690 (23251.6s)
tick  478000 alive   234248 genomes    7802 energy   174.4 steps  256.0 halting 0.000 births 2469601 deaths 2470075 (23298.6s)
tick  479000 alive   234313 genomes    8005 energy   173.9 steps  256.0 halting 0.000 births 2442314 deaths 2442249 (23345.6s)
tick  480000 alive   235493 genomes    7928 energy   173.3 steps  256.0 halting 0.000 births 2482122 deaths 2480942 (23392.9s)
tick  481000 alive   235678 genomes    7824 energy   173.9 steps  256.0 halting 0.000 births 2474951 deaths 2474766 (23440.2s)
tick  482000 alive   236537 genomes    7705 energy   174.2 steps  256.0 halting 0.000 births 2478325 deaths 2477466 (23487.6s)
tick  483000 alive   236013 genomes    7961 energy   173.2 steps  256.0 halting 0.000 births 2510958 deaths 2511482 (23534.5s)
tick  484000 alive   234884 genomes    7943 energy   174.0 steps  256.0 halting 0.000 births 2513886 deaths 2515015 (23581.5s)
tick  485000 alive   234541 genomes    7910 energy   173.7 steps  256.0 halting 0.000 births 2497696 deaths 2498039 (23628.6s)
tick  486000 alive   234546 genomes    7926 energy   173.4 steps  256.0 halting 0.000 births 2501239 deaths 2501234 (23675.9s)
tick  487000 alive   235697 genomes    7866 energy   173.0 steps  256.0 halting 0.000 births 2512154 deaths 2511003 (23723.6s)
tick  488000 alive   236188 genomes    7977 energy   172.2 steps  256.0 halting 0.000 births 2556594 deaths 2556103 (23771.2s)
tick  489000 alive   235947 genomes    7988 energy   172.9 steps  256.0 halting 0.000 births 2587698 deaths 2587939 (23818.5s)
tick  490000 alive   235920 genomes    7959 energy   173.1 steps  256.0 halting 0.000 births 2574853 deaths 2574880 (23865.3s)
tick  491000 alive   235323 genomes    7778 energy   173.0 steps  256.0 halting 0.000 births 2555817 deaths 2556414 (23912.0s)
tick  492000 alive   235073 genomes    7881 energy   173.0 steps  256.0 halting 0.000 births 2542356 deaths 2542606 (23958.7s)
tick  493000 alive   236287 genomes    7604 energy   173.4 steps  256.0 halting 0.000 births 2561766 deaths 2560552 (24006.0s)
tick  494000 alive   237195 genomes    7729 energy   173.0 steps  256.0 halting 0.000 births 2559976 deaths 2559068 (24053.0s)
tick  495000 alive   237857 genomes    7837 energy   172.4 steps  256.0 halting 0.000 births 2597554 deaths 2596892 (24100.1s)
tick  496000 alive   236296 genomes    7944 energy   171.7 steps  256.0 halting 0.000 births 2614675 deaths 2616236 (24146.9s)
tick  497000 alive   235889 genomes    7954 energy   172.6 steps  256.0 halting 0.000 births 2583160 deaths 2583567 (24194.5s)
tick  498000 alive   236598 genomes    8034 energy   171.9 steps  256.0 halting 0.000 births 2580948 deaths 2580239 (24241.9s)
tick  499000 alive   236770 genomes    8094 energy   171.7 steps  256.0 halting 0.000 births 2609646 deaths 2609474 (24289.4s)
tick  500000 alive   235297 genomes    8033 energy   171.8 steps  256.0 halting 0.000 births 2598713 deaths 2600186 (24336.6s)
tick  501000 alive   235080 genomes    8002 energy   172.4 steps  256.0 halting 0.000 births 2601259 deaths 2601476 (24383.8s)
tick  502000 alive   235157 genomes    8097 energy   172.1 steps  256.0 halting 0.000 births 2590577 deaths 2590500 (24430.6s)
tick  503000 alive   234362 genomes    8161 energy   172.3 steps  256.0 halting 0.000 births 2578322 deaths 2579117 (24478.2s)
tick  504000 alive   234959 genomes    7934 energy   172.0 steps  256.0 halting 0.000 births 2571029 deaths 2570432 (24525.9s)
tick  505000 alive   234276 genomes    8038 energy   171.8 steps  256.0 halting 0.000 births 2585338 deaths 2586021 (24573.1s)
tick  506000 alive   235062 genomes    7948 energy   171.9 steps  256.0 halting 0.000 births 2568547 deaths 2567761 (24620.1s)
tick  507000 alive   235026 genomes    7832 energy   172.5 steps  256.0 halting 0.000 births 2584770 deaths 2584806 (24667.1s)
tick  508000 alive   235077 genomes    7865 energy   172.1 steps  256.0 halting 0.000 births 2582064 deaths 2582013 (24714.7s)
tick  509000 alive   235044 genomes    7914 energy   171.8 steps  256.0 halting 0.000 births 2602996 deaths 2603029 (24762.1s)
tick  510000 alive   235585 genomes    8196 energy   171.7 steps  256.0 halting 0.000 births 2590306 deaths 2589765 (24809.4s)
tick  511000 alive   234881 genomes    8176 energy   171.6 steps  256.0 halting 0.000 births 2605374 deaths 2606078 (24856.5s)
tick  512000 alive   235815 genomes    8107 energy   171.4 steps  256.0 halting 0.000 births 2609919 deaths 2608985 (24903.8s)
tick  513000 alive   236352 genomes    8132 energy   170.8 steps  256.0 halting 0.000 births 2640512 deaths 2639975 (24951.3s)
tick  514000 alive   235742 genomes    8283 energy   170.5 steps  256.0 halting 0.000 births 2670104 deaths 2670714 (24999.3s)
tick  515000 alive   235457 genomes    8419 energy   170.5 steps  256.0 halting 0.000 births 2684012 deaths 2684297 (25046.9s)
tick  516000 alive   235509 genomes    8314 energy   171.4 steps  256.0 halting 0.000 births 2659232 deaths 2659180 (25094.3s)
tick  517000 alive   236503 genomes    8146 energy   171.9 steps  256.0 halting 0.000 births 2632547 deaths 2631553 (25141.6s)
tick  518000 alive   236682 genomes    8152 energy   171.7 steps  256.0 halting 0.000 births 2647452 deaths 2647273 (25189.1s)
tick  519000 alive   236588 genomes    8260 energy   171.6 steps  256.0 halting 0.000 births 2638387 deaths 2638481 (25236.7s)
tick  520000 alive   235635 genomes    8479 energy   171.2 steps  256.0 halting 0.000 births 2645081 deaths 2646034 (25284.3s)
tick  521000 alive   234579 genomes    8358 energy   171.1 steps  256.0 halting 0.000 births 2637049 deaths 2638105 (25331.8s)
tick  522000 alive   233996 genomes    8451 energy   170.8 steps  256.0 halting 0.000 births 2638370 deaths 2638953 (25379.5s)
tick  523000 alive   233465 genomes    8539 energy   170.9 steps  256.0 halting 0.000 births 2647069 deaths 2647600 (25427.1s)
tick  524000 alive   234994 genomes    8435 energy   171.0 steps  256.0 halting 0.000 births 2631310 deaths 2629781 (25474.6s)
tick  525000 alive   235364 genomes    8402 energy   171.2 steps  256.0 halting 0.000 births 2637695 deaths 2637325 (25522.4s)
tick  526000 alive   234905 genomes    8386 energy   171.1 steps  256.0 halting 0.000 births 2633512 deaths 2633971 (25570.6s)
tick  527000 alive   236037 genomes    8441 energy   170.8 steps  256.0 halting 0.000 births 2646215 deaths 2645083 (25618.7s)
tick  528000 alive   236319 genomes    8344 energy   170.9 steps  256.0 halting 0.000 births 2637006 deaths 2636724 (25666.7s)
tick  529000 alive   237294 genomes    8513 energy   171.0 steps  256.0 halting 0.000 births 2661688 deaths 2660713 (25716.2s)
tick  530000 alive   235240 genomes    8305 energy   171.7 steps  256.0 halting 0.000 births 2650382 deaths 2652436 (25765.0s)
tick  531000 alive   236050 genomes    8280 energy   172.3 steps  256.0 halting 0.000 births 2604654 deaths 2603844 (25814.2s)
tick  532000 alive   235381 genomes    8302 energy   172.3 steps  256.0 halting 0.000 births 2570415 deaths 2571084 (25862.8s)
tick  533000 alive   234552 genomes    8641 energy   171.6 steps  256.0 halting 0.000 births 2581716 deaths 2582545 (25911.5s)
tick  534000 alive   236239 genomes    8413 energy   172.4 steps  256.0 halting 0.000 births 2576048 deaths 2574361 (25960.4s)
tick  535000 alive   234485 genomes    8694 energy   171.9 steps  256.0 halting 0.000 births 2556524 deaths 2558278 (26010.1s)
tick  536000 alive   234617 genomes    8787 energy   172.3 steps  256.0 halting 0.000 births 2562659 deaths 2562527 (26059.9s)
tick  537000 alive   235625 genomes    8494 energy   172.5 steps  256.0 halting 0.000 births 2551655 deaths 2550647 (26109.1s)
tick  538000 alive   236395 genomes    8456 energy   172.2 steps  256.0 halting 0.000 births 2550297 deaths 2549527 (26158.8s)
tick  539000 alive   235087 genomes    8344 energy   173.1 steps  256.0 halting 0.000 births 2542274 deaths 2543582 (26209.0s)
tick  540000 alive   234475 genomes    8387 energy   173.3 steps  256.0 halting 0.000 births 2515202 deaths 2515814 (26258.3s)
tick  541000 alive   234556 genomes    8225 energy   173.8 steps  256.0 halting 0.000 births 2487322 deaths 2487241 (26307.8s)
tick  542000 alive   234540 genomes    8224 energy   174.1 steps  256.0 halting 0.000 births 2467497 deaths 2467513 (26357.0s)
tick  543000 alive   234265 genomes    8293 energy   173.6 steps  256.0 halting 0.000 births 2465449 deaths 2465724 (26405.9s)
tick  544000 alive   235392 genomes    8248 energy   173.7 steps  256.0 halting 0.000 births 2459797 deaths 2458670 (26455.1s)
tick  545000 alive   234892 genomes    8241 energy   173.3 steps  256.0 halting 0.000 births 2466068 deaths 2466568 (26504.4s)
tick  546000 alive   235682 genomes    8365 energy   172.5 steps  256.0 halting 0.000 births 2506827 deaths 2506037 (26553.4s)
tick  547000 alive   235912 genomes    8370 energy   173.0 steps  256.0 halting 0.000 births 2507629 deaths 2507399 (26602.9s)
tick  548000 alive   235649 genomes    8577 energy   172.9 steps  256.0 halting 0.000 births 2526966 deaths 2527229 (26651.6s)
tick  549000 alive   235316 genomes    8620 energy   173.2 steps  256.0 halting 0.000 births 2501361 deaths 2501694 (26700.3s)
tick  550000 alive   236009 genomes    8688 energy   173.4 steps  256.0 halting 0.000 births 2509256 deaths 2508563 (26748.9s)
tick  551000 alive   235231 genomes    8741 energy   172.7 steps  256.0 halting 0.000 births 2539068 deaths 2539846 (26797.9s)
tick  552000 alive   235402 genomes    8774 energy   172.1 steps  256.0 halting 0.000 births 2559045 deaths 2558874 (26846.4s)
tick  553000 alive   234563 genomes    8999 energy   172.9 steps  256.0 halting 0.000 births 2556070 deaths 2556909 (26894.7s)
tick  554000 alive   235054 genomes    8876 energy   172.6 steps  256.0 halting 0.000 births 2547747 deaths 2547256 (26942.9s)
tick  555000 alive   235286 genomes    8955 energy   172.6 steps  256.0 halting 0.000 births 2549835 deaths 2549603 (26991.4s)
tick  556000 alive   236221 genomes    8968 energy   172.5 steps  256.0 halting 0.000 births 2564318 deaths 2563383 (27040.0s)
tick  557000 alive   236424 genomes    9073 energy   172.1 steps  256.0 halting 0.000 births 2583729 deaths 2583526 (27089.0s)
tick  558000 alive   236139 genomes    9222 energy   171.9 steps  256.0 halting 0.000 births 2583467 deaths 2583752 (27137.2s)
tick  559000 alive   236013 genomes    9211 energy   172.0 steps  256.0 halting 0.000 births 2590061 deaths 2590187 (27185.5s)
tick  560000 alive   237236 genomes    9251 energy   172.7 steps  256.0 halting 0.000 births 2574935 deaths 2573712 (27233.9s)
tick  561000 alive   236579 genomes    8926 energy   172.9 steps  256.0 halting 0.000 births 2565660 deaths 2566317 (27282.0s)
tick  562000 alive   235203 genomes    9244 energy   172.3 steps  256.0 halting 0.000 births 2572145 deaths 2573521 (27330.4s)
tick  563000 alive   236892 genomes    8872 energy   172.3 steps  256.0 halting 0.000 births 2591091 deaths 2589402 (27378.7s)
tick  564000 alive   237916 genomes    8885 energy   172.2 steps  256.0 halting 0.000 births 2604206 deaths 2603182 (27427.3s)
tick  565000 alive   236908 genomes    8809 energy   172.0 steps  256.0 halting 0.000 births 2612453 deaths 2613461 (27475.5s)
tick  566000 alive   235870 genomes    9022 energy   171.6 steps  256.0 halting 0.000 births 2621600 deaths 2622638 (27523.4s)
tick  567000 alive   236597 genomes    8798 energy   172.3 steps  256.0 halting 0.000 births 2625552 deaths 2624825 (27571.2s)
tick  568000 alive   235758 genomes    8784 energy   172.7 steps  256.0 halting 0.000 births 2601654 deaths 2602493 (27619.2s)
tick  569000 alive   234494 genomes    8549 energy   172.9 steps  256.0 halting 0.000 births 2566051 deaths 2567315 (27667.2s)
tick  570000 alive   234847 genomes    8681 energy   171.9 steps  256.0 halting 0.000 births 2595800 deaths 2595447 (27715.1s)
tick  571000 alive   234483 genomes    8555 energy   172.2 steps  256.0 halting 0.000 births 2573201 deaths 2573565 (27763.1s)
tick  572000 alive   235052 genomes    8732 energy   172.0 steps  256.0 halting 0.000 births 2598016 deaths 2597447 (27811.7s)
tick  573000 alive   235714 genomes    8905 energy   171.2 steps  256.0 halting 0.000 births 2627709 deaths 2627047 (27859.7s)
tick  574000 alive   236073 genomes    9113 energy   170.9 steps  256.0 halting 0.000 births 2644269 deaths 2643910 (27907.8s)
tick  575000 alive   235872 genomes    9273 energy   170.5 steps  256.0 halting 0.000 births 2664886 deaths 2665087 (27956.4s)
tick  576000 alive   236423 genomes    9423 energy   170.7 steps  256.0 halting 0.000 births 2671874 deaths 2671323 (28005.7s)
tick  577000 alive   236108 genomes    9392 energy   170.3 steps  256.0 halting 0.000 births 2674400 deaths 2674715 (28054.0s)
tick  578000 alive   235916 genomes    9268 energy   170.3 steps  256.0 halting 0.000 births 2702962 deaths 2703154 (28102.8s)
tick  579000 alive   236172 genomes    8962 energy   171.4 steps  256.0 halting 0.000 births 2658387 deaths 2658131 (28151.7s)
tick  580000 alive   235069 genomes    8865 energy   171.4 steps  256.0 halting 0.000 births 2646747 deaths 2647850 (28199.7s)
tick  581000 alive   235431 genomes    8896 energy   171.5 steps  256.0 halting 0.000 births 2632523 deaths 2632161 (28248.3s)
tick  582000 alive   235011 genomes    8800 energy   171.9 steps  256.0 halting 0.000 births 2607850 deaths 2608270 (28296.7s)
tick  583000 alive   234560 genomes    8925 energy   172.2 steps  256.0 halting 0.000 births 2596951 deaths 2597402 (28344.8s)
tick  584000 alive   234897 genomes    9010 energy   171.7 steps  256.0 halting 0.000 births 2603030 deaths 2602693 (28393.4s)
tick  585000 alive   234700 genomes    8790 energy   172.5 steps  256.0 halting 0.000 births 2580676 deaths 2580873 (28441.1s)
tick  586000 alive   235452 genomes    8721 energy   172.7 steps  256.0 halting 0.000 births 2552018 deaths 2551266 (28489.4s)
tick  587000 alive   236299 genomes    8739 energy   172.0 steps  256.0 halting 0.000 births 2578480 deaths 2577633 (28538.2s)
tick  588000 alive   236461 genomes    8890 energy   171.7 steps  256.0 halting 0.000 births 2614059 deaths 2613897 (28587.6s)
tick  589000 alive   235732 genomes    9106 energy   171.1 steps  256.0 halting 0.000 births 2633775 deaths 2634504 (28637.1s)
tick  590000 alive   236040 genomes    9072 energy   170.6 steps  256.0 halting 0.000 births 2649219 deaths 2648911 (28686.0s)
tick  591000 alive   235064 genomes    9197 energy   171.5 steps  256.0 halting 0.000 births 2624294 deaths 2625270 (28735.2s)
tick  592000 alive   234274 genomes    9255 energy   171.0 steps  256.0 halting 0.000 births 2610582 deaths 2611372 (28784.5s)
tick  593000 alive   232916 genomes    9339 energy   171.4 steps  256.0 halting 0.000 births 2608261 deaths 2609619 (28833.3s)
tick  594000 alive   233910 genomes    9343 energy   172.0 steps  256.0 halting 0.000 births 2588788 deaths 2587794 (28882.4s)
tick  595000 alive   234359 genomes    8901 energy   172.3 steps  256.0 halting 0.000 births 2553539 deaths 2553090 (28931.1s)
tick  596000 alive   235890 genomes    8745 energy   172.5 steps  256.0 halting 0.000 births 2556631 deaths 2555100 (28979.4s)
tick  597000 alive   236594 genomes    8603 energy   172.7 steps  256.0 halting 0.000 births 2551808 deaths 2551104 (29028.2s)
tick  598000 alive   236384 genomes    8845 energy   172.5 steps  256.0 halting 0.000 births 2561760 deaths 2561970 (29077.0s)
tick  599000 alive   235050 genomes    8875 energy   172.2 steps  256.0 halting 0.000 births 2560578 deaths 2561912 (29126.3s)
tick  600000 alive   235090 genomes    8983 energy   172.5 steps  256.0 halting 0.000 births 2528649 deaths 2528609 (29175.5s)
tick  601000 alive   235630 genomes    8947 energy   173.4 steps  256.0 halting 0.000 births 2527616 deaths 2527076 (29224.6s)
tick  602000 alive   235256 genomes    9091 energy   173.0 steps  256.0 halting 0.000 births 2510974 deaths 2511348 (29273.7s)
tick  603000 alive   233735 genomes    9070 energy   172.3 steps  256.0 halting 0.000 births 2513580 deaths 2515101 (29322.6s)
tick  604000 alive   233839 genomes    9240 energy   171.6 steps  256.0 halting 0.000 births 2519456 deaths 2519352 (29371.4s)
tick  605000 alive   235517 genomes    9062 energy   172.3 steps  256.0 halting 0.000 births 2524512 deaths 2522834 (29421.6s)
tick  606000 alive   236073 genomes    8938 energy   172.4 steps  256.0 halting 0.000 births 2542152 deaths 2541596 (29471.3s)
tick  607000 alive   235224 genomes    9310 energy   172.0 steps  256.0 halting 0.000 births 2550869 deaths 2551718 (29521.1s)
tick  608000 alive   235214 genomes    9215 energy   172.7 steps  256.0 halting 0.000 births 2549301 deaths 2549311 (29571.9s)
tick  609000 alive   234090 genomes    9428 energy   172.7 steps  256.0 halting 0.000 births 2521026 deaths 2522150 (29622.2s)
tick  610000 alive   233801 genomes    9276 energy   172.6 steps  256.0 halting 0.000 births 2520085 deaths 2520374 (29671.8s)
tick  611000 alive   233924 genomes    9087 energy   173.3 steps  256.0 halting 0.000 births 2500865 deaths 2500742 (29721.0s)
tick  612000 alive   234589 genomes    9147 energy   173.3 steps  256.0 halting 0.000 births 2493110 deaths 2492445 (29770.3s)
tick  613000 alive   234814 genomes    8924 energy   173.2 steps  256.0 halting 0.000 births 2499552 deaths 2499327 (29820.1s)
tick  614000 alive   233614 genomes    9111 energy   172.4 steps  256.0 halting 0.000 births 2529163 deaths 2530363 (29870.1s)
tick  615000 alive   234072 genomes    9181 energy   171.6 steps  256.0 halting 0.000 births 2571730 deaths 2571272 (29919.4s)
tick  616000 alive   234954 genomes    9399 energy   171.2 steps  256.0 halting 0.000 births 2587944 deaths 2587062 (29968.3s)
tick  617000 alive   235001 genomes    9475 energy   172.4 steps  256.0 halting 0.000 births 2590536 deaths 2590489 (30018.0s)
tick  618000 alive   235588 genomes    9476 energy   172.7 steps  256.0 halting 0.000 births 2561644 deaths 2561057 (30067.2s)
tick  619000 alive   235238 genomes   10006 energy   172.2 steps  256.0 halting 0.000 births 2576699 deaths 2577049 (30116.4s)
tick  620000 alive   234293 genomes    9963 energy   171.8 steps  256.0 halting 0.000 births 2589140 deaths 2590085 (30165.7s)
tick  621000 alive   234943 genomes    9786 energy   171.6 steps  256.0 halting 0.000 births 2595757 deaths 2595107 (30214.5s)
tick  622000 alive   235097 genomes    9463 energy   172.3 steps  256.0 halting 0.000 births 2597708 deaths 2597554 (30263.3s)
tick  623000 alive   235743 genomes    9230 energy   172.3 steps  256.0 halting 0.000 births 2572995 deaths 2572349 (30311.9s)
tick  624000 alive   235197 genomes    9310 energy   172.9 steps  256.0 halting 0.000 births 2574946 deaths 2575492 (30360.3s)
tick  625000 alive   235201 genomes    9287 energy   173.4 steps  256.0 halting 0.000 births 2554209 deaths 2554205 (30409.2s)
tick  626000 alive   234579 genomes    9164 energy   173.0 steps  256.0 halting 0.000 births 2545180 deaths 2545802 (30458.2s)
tick  627000 alive   234777 genomes    9241 energy   173.2 steps  256.0 halting 0.000 births 2547118 deaths 2546920 (30507.2s)
tick  628000 alive   235571 genomes    9335 energy   173.1 steps  256.0 halting 0.000 births 2550898 deaths 2550104 (30556.2s)
tick  629000 alive   236109 genomes    9429 energy   172.9 steps  256.0 halting 0.000 births 2554690 deaths 2554152 (30604.9s)
tick  630000 alive   236140 genomes    9363 energy   173.1 steps  256.0 halting 0.000 births 2576723 deaths 2576692 (30653.8s)
tick  631000 alive   235963 genomes    9196 energy   172.2 steps  256.0 halting 0.000 births 2581048 deaths 2581225 (30702.2s)
tick  632000 alive   236013 genomes    9297 energy   171.5 steps  256.0 halting 0.000 births 2603661 deaths 2603611 (30751.0s)
tick  633000 alive   235050 genomes    9211 energy   171.7 steps  256.0 halting 0.000 births 2608034 deaths 2608997 (30800.0s)
tick  634000 alive   234813 genomes    9312 energy   171.8 steps  256.0 halting 0.000 births 2605109 deaths 2605346 (30849.0s)
tick  635000 alive   235209 genomes    9185 energy   172.6 steps  256.0 halting 0.000 births 2588143 deaths 2587747 (30897.6s)
tick  636000 alive   235211 genomes    9050 energy   172.4 steps  256.0 halting 0.000 births 2565432 deaths 2565430 (30945.8s)
tick  637000 alive   234894 genomes    8872 energy   173.2 steps  256.0 halting 0.000 births 2556534 deaths 2556851 (30994.2s)
tick  638000 alive   234961 genomes    8888 energy   173.1 steps  256.0 halting 0.000 births 2533478 deaths 2533411 (31043.0s)
tick  639000 alive   235783 genomes    8677 energy   172.7 steps  256.0 halting 0.000 births 2546419 deaths 2545597 (31091.7s)
tick  640000 alive   236442 genomes    8620 energy   172.9 steps  256.0 halting 0.000 births 2555445 deaths 2554786 (31140.5s)
tick  641000 alive   236082 genomes    8737 energy   172.6 steps  256.0 halting 0.000 births 2554678 deaths 2555038 (31189.5s)
tick  642000 alive   236736 genomes    8516 energy   173.3 steps  256.0 halting 0.000 births 2546961 deaths 2546307 (31238.4s)
tick  643000 alive   236345 genomes    8712 energy   173.2 steps  256.0 halting 0.000 births 2553767 deaths 2554158 (31287.4s)
tick  644000 alive   236554 genomes    8643 energy   173.4 steps  256.0 halting 0.000 births 2542777 deaths 2542568 (31336.4s)
tick  645000 alive   235840 genomes    8706 energy   173.5 steps  256.0 halting 0.000 births 2526077 deaths 2526791 (31385.5s)
tick  646000 alive   235888 genomes    8719 energy   172.4 steps  256.0 halting 0.000 births 2553904 deaths 2553856 (31435.0s)
tick  647000 alive   235833 genomes    8840 energy   172.6 steps  256.0 halting 0.000 births 2553820 deaths 2553875 (31484.8s)
tick  648000 alive   236469 genomes    8874 energy   171.9 steps  256.0 halting 0.000 births 2578204 deaths 2577568 (31534.1s)
tick  649000 alive   237390 genomes    8928 energy   171.6 steps  256.0 halting 0.000 births 2620450 deaths 2619529 (31584.0s)
tick  650000 alive   236549 genomes    8842 energy   171.7 steps  256.0 halting 0.000 births 2614927 deaths 2615768 (31633.4s)
tick  651000 alive   237446 genomes    8958 energy   172.2 steps  256.0 halting 0.000 births 2603150 deaths 2602253 (31682.8s)
tick  652000 alive   237443 genomes    8970 energy   172.7 steps  256.0 halting 0.000 births 2595734 deaths 2595737 (31732.3s)
tick  653000 alive   237434 genomes    9055 energy   173.0 steps  256.0 halting 0.000 births 2582037 deaths 2582046 (31782.4s)
tick  654000 alive   237734 genomes    9059 energy   173.9 steps  256.0 halting 0.000 births 2557272 deaths 2556972 (31831.9s)
tick  655000 alive   236613 genomes    8841 energy   173.9 steps  256.0 halting 0.000 births 2540086 deaths 2541207 (31880.7s)
tick  656000 alive   236045 genomes    9040 energy   172.5 steps  256.0 halting 0.000 births 2553327 deaths 2553895 (31929.1s)
tick  657000 alive   236633 genomes    9072 energy   172.3 steps  256.0 halting 0.000 births 2596215 deaths 2595627 (31978.4s)
tick  658000 alive   236570 genomes    9081 energy   172.0 steps  256.0 halting 0.000 births 2591204 deaths 2591267 (32028.0s)
tick  659000 alive   237266 genomes    9417 energy   171.3 steps  256.0 halting 0.000 births 2608916 deaths 2608220 (32077.7s)
tick  660000 alive   236856 genomes    9539 energy   171.6 steps  256.0 halting 0.000 births 2636595 deaths 2637005 (32127.5s)
tick  661000 alive   236797 genomes    9381 energy   171.9 steps  256.0 halting 0.000 births 2629140 deaths 2629199 (32177.2s)
tick  662000 alive   236901 genomes    9405 energy   172.7 steps  256.0 halting 0.000 births 2600450 deaths 2600346 (32226.9s)
tick  663000 alive   235035 genomes    9270 energy   173.6 steps  256.0 halting 0.000 births 2572596 deaths 2574462 (32276.8s)
tick  664000 alive   235820 genomes    9206 energy   173.5 steps  256.0 halting 0.000 births 2524861 deaths 2524076 (32325.6s)
tick  665000 alive   235672 genomes    9045 energy   173.3 steps  256.0 halting 0.000 births 2526989 deaths 2527137 (32374.3s)
tick  666000 alive   235599 genomes    8917 energy   172.9 steps  256.0 halting 0.000 births 2547319 deaths 2547392 (32423.3s)
tick  667000 alive   235005 genomes    8973 energy   173.8 steps  256.0 halting 0.000 births 2528016 deaths 2528610 (32472.9s)
tick  668000 alive   236177 genomes    9021 energy   174.0 steps  256.0 halting 0.000 births 2496566 deaths 2495394 (32522.2s)
tick  669000 alive   235871 genomes    8998 energy   172.4 steps  256.0 halting 0.000 births 2524319 deaths 2524625 (32571.4s)
tick  670000 alive   237370 genomes    8790 energy   172.2 steps  256.0 halting 0.000 births 2562242 deaths 2560743 (32620.4s)
tick  671000 alive   237114 genomes    8983 energy   172.7 steps  256.0 halting 0.000 births 2582116 deaths 2582372 (32670.1s)
tick  672000 alive   236897 genomes    8821 energy   173.1 steps  256.0 halting 0.000 births 2566295 deaths 2566512 (32719.4s)
tick  673000 alive   236725 genomes    8819 energy   173.7 steps  256.0 halting 0.000 births 2548201 deaths 2548373 (32768.5s)
tick  674000 alive   237404 genomes    8964 energy   173.7 steps  256.0 halting 0.000 births 2547098 deaths 2546419 (32817.8s)
tick  675000 alive   236189 genomes    8736 energy   173.5 steps  256.0 halting 0.000 births 2547779 deaths 2548994 (32867.5s)
tick  676000 alive   235687 genomes    8693 energy   174.7 steps  256.0 halting 0.000 births 2518524 deaths 2519026 (32916.2s)
tick  677000 alive   235976 genomes    8656 energy   173.9 steps  256.0 halting 0.000 births 2502946 deaths 2502657 (32964.8s)
tick  678000 alive   235981 genomes    8565 energy   174.2 steps  256.0 halting 0.000 births 2495443 deaths 2495438 (33013.9s)
tick  679000 alive   236524 genomes    8359 energy   174.0 steps  256.0 halting 0.000 births 2487136 deaths 2486593 (33062.4s)
tick  680000 alive   237756 genomes    8310 energy   173.9 steps  256.0 halting 0.000 births 2498678 deaths 2497446 (33112.0s)
tick  681000 alive   238534 genomes    8270 energy   173.2 steps  256.0 halting 0.000 births 2528484 deaths 2527706 (33163.1s)
tick  682000 alive   237414 genomes    8473 energy   173.7 steps  256.0 halting 0.000 births 2533266 deaths 2534386 (33213.1s)
tick  683000 alive   237509 genomes    8431 energy   173.9 steps  256.0 halting 0.000 births 2511776 deaths 2511681 (33263.8s)
tick  684000 alive   237324 genomes    8115 energy   174.1 steps  256.0 halting 0.000 births 2507246 deaths 2507431 (33314.2s)
tick  685000 alive   236958 genomes    8120 energy   173.9 steps  256.0 halting 0.000 births 2494973 deaths 2495339 (33364.2s)
tick  686000 alive   236217 genomes    8361 energy   173.6 steps  256.0 halting 0.000 births 2496284 deaths 2497025 (33414.4s)
tick  687000 alive   236880 genomes    8316 energy   173.8 steps  256.0 halting 0.000 births 2503155 deaths 2502492 (33465.1s)
tick  688000 alive   237785 genomes    8236 energy   173.5 steps  256.0 halting 0.000 births 2531278 deaths 2530373 (33515.7s)
tick  689000 alive   236427 genomes    8185 energy   172.9 steps  256.0 halting 0.000 births 2539378 deaths 2540736 (33565.9s)
tick  690000 alive   236846 genomes    8306 energy   173.5 steps  256.0 halting 0.000 births 2532375 deaths 2531956 (33616.0s)
tick  691000 alive   236545 genomes    8245 energy   173.6 steps  256.0 halting 0.000 births 2530152 deaths 2530453 (33666.1s)
tick  692000 alive   236233 genomes    8382 energy   173.4 steps  256.0 halting 0.000 births 2506034 deaths 2506346 (33716.1s)
tick  693000 alive   237246 genomes    8368 energy   173.2 steps  256.0 halting 0.000 births 2545814 deaths 2544801 (33766.9s)
tick  694000 alive   236757 genomes    8206 energy   173.4 steps  256.0 halting 0.000 births 2526577 deaths 2527066 (33817.6s)
tick  695000 alive   236518 genomes    8313 energy   173.5 steps  256.0 halting 0.000 births 2522520 deaths 2522759 (33867.5s)
tick  696000 alive   237076 genomes    8165 energy   174.1 steps  256.0 halting 0.000 births 2514654 deaths 2514096 (33917.9s)
tick  697000 alive   236581 genomes    8127 energy   174.0 steps  256.0 halting 0.000 births 2500631 deaths 2501126 (33967.7s)
tick  698000 alive   236971 genomes    8035 energy   174.2 steps  256.0 halting 0.000 births 2477104 deaths 2476714 (34017.8s)
tick  699000 alive   237356 genomes    8001 energy   174.5 steps  256.0 halting 0.000 births 2465201 deaths 2464816 (34068.1s)
tick  700000 alive   237158 genomes    7798 energy   174.4 steps  256.0 halting 0.000 births 2470490 deaths 2470688 (34119.1s)
tick  701000 alive   237859 genomes    7855 energy   174.4 steps  256.0 halting 0.000 births 2467704 deaths 2467003 (34169.7s)
tick  702000 alive   237086 genomes    7867 energy   174.3 steps  256.0 halting 0.000 births 2465621 deaths 2466394 (34220.8s)
tick  703000 alive   236599 genomes    7669 energy   174.2 steps  256.0 halting 0.000 births 2458326 deaths 2458813 (34271.5s)
tick  704000 alive   237303 genomes    7863 energy   174.3 steps  256.0 halting 0.000 births 2451125 deaths 2450421 (34322.4s)
tick  705000 alive   237661 genomes    7956 energy   173.8 steps  256.0 halting 0.000 births 2454789 deaths 2454431 (34372.7s)
tick  706000 alive   238540 genomes    8056 energy   173.4 steps  256.0 halting 0.000 births 2502844 deaths 2501965 (34423.5s)
tick  707000 alive   237208 genomes    7957 energy   174.0 steps  256.0 halting 0.000 births 2507875 deaths 2509207 (34474.7s)
tick  708000 alive   237015 genomes    7861 energy   173.9 steps  256.0 halting 0.000 births 2483823 deaths 2484016 (34525.5s)
tick  709000 alive   235844 genomes    7846 energy   174.8 steps  256.0 halting 0.000 births 2464929 deaths 2466100 (34575.6s)
tick  710000 alive   235895 genomes    7723 energy   175.0 steps  256.0 halting 0.000 births 2425707 deaths 2425656 (34625.2s)
tick  711000 alive   237371 genomes    7814 energy   174.8 steps  256.0 halting 0.000 births 2441540 deaths 2440064 (34674.6s)
tick  712000 alive   237543 genomes    7731 energy   175.2 steps  256.0 halting 0.000 births 2443542 deaths 2443370 (34724.1s)
tick  713000 alive   237546 genomes    7606 energy   175.4 steps  256.0 halting 0.000 births 2450054 deaths 2450051 (34773.2s)
tick  714000 alive   235739 genomes    7730 energy   174.7 steps  256.0 halting 0.000 births 2450637 deaths 2452444 (34822.5s)
tick  715000 alive   236569 genomes    7688 energy   174.4 steps  256.0 halting 0.000 births 2463967 deaths 2463137 (34871.5s)
tick  716000 alive   238072 genomes    7755 energy   175.2 steps  256.0 halting 0.000 births 2480055 deaths 2478552 (34921.1s)
tick  717000 alive   237546 genomes    7773 energy   175.0 steps  256.0 halting 0.000 births 2476684 deaths 2477210 (34970.6s)
tick  718000 alive   236617 genomes    7665 energy   175.9 steps  256.0 halting 0.000 births 2442301 deaths 2443230 (35019.8s)
tick  719000 alive   235552 genomes    7988 energy   175.2 steps  256.0 halting 0.000 births 2437371 deaths 2438436 (35069.7s)
tick  720000 alive   235412 genomes    8029 energy   174.0 steps  256.0 halting 0.000 births 2453789 deaths 2453929 (35120.0s)
tick  721000 alive   235437 genomes    8172 energy   174.7 steps  256.0 halting 0.000 births 2471466 deaths 2471441 (35169.1s)
tick  722000 alive   234550 genomes    8067 energy   174.6 steps  256.0 halting 0.000 births 2460128 deaths 2461015 (35218.9s)
tick  723000 alive   235315 genomes    8230 energy   174.2 steps  256.0 halting 0.000 births 2450834 deaths 2450069 (35268.4s)
tick  724000 alive   236592 genomes    8058 energy   173.9 steps  256.0 halting 0.000 births 2480378 deaths 2479101 (35317.3s)
tick  725000 alive   237349 genomes    8060 energy   173.7 steps  256.0 halting 0.000 births 2514836 deaths 2514079 (35366.7s)
tick  726000 alive   236609 genomes    8096 energy   173.9 steps  256.0 halting 0.000 births 2506454 deaths 2507194 (35416.2s)
tick  727000 alive   237086 genomes    7957 energy   174.4 steps  256.0 halting 0.000 births 2499533 deaths 2499056 (35465.9s)
tick  728000 alive   237165 genomes    8046 energy   173.9 steps  256.0 halting 0.000 births 2492681 deaths 2492602 (35515.5s)
tick  729000 alive   236384 genomes    8241 energy   173.7 steps  256.0 halting 0.000 births 2525249 deaths 2526030 (35565.1s)
tick  730000 alive   237142 genomes    8182 energy   174.0 steps  256.0 halting 0.000 births 2539747 deaths 2538989 (35614.7s)
tick  731000 alive   237679 genomes    8419 energy   173.6 steps  256.0 halting 0.000 births 2560446 deaths 2559909 (35664.4s)
tick  732000 alive   237177 genomes    8235 energy   173.9 steps  256.0 halting 0.000 births 2535926 deaths 2536428 (35713.9s)
tick  733000 alive   236461 genomes    8288 energy   173.7 steps  256.0 halting 0.000 births 2544953 deaths 2545669 (35763.9s)
tick  734000 alive   235605 genomes    8577 energy   173.3 steps  256.0 halting 0.000 births 2551622 deaths 2552478 (35813.4s)
tick  735000 alive   236451 genomes    8437 energy   173.3 steps  256.0 halting 0.000 births 2539279 deaths 2538433 (35862.9s)
tick  736000 alive   238778 genomes    8348 energy   173.5 steps  256.0 halting 0.000 births 2550060 deaths 2547733 (35913.0s)
tick  737000 alive   237592 genomes    8384 energy   173.1 steps  256.0 halting 0.000 births 2576575 deaths 2577761 (35962.7s)
tick  738000 alive   237696 genomes    8369 energy   173.3 steps  256.0 halting 0.000 births 2577522 deaths 2577418 (36012.2s)
tick  739000 alive   236311 genomes    8531 energy   172.7 steps  256.0 halting 0.000 births 2585246 deaths 2586631 (36061.2s)
tick  740000 alive   236878 genomes    8268 energy   173.4 steps  256.0 halting 0.000 births 2562897 deaths 2562330 (36111.5s)
tick  741000 alive   236544 genomes    8219 energy   173.6 steps  256.0 halting 0.000 births 2550587 deaths 2550921 (36162.0s)
tick  742000 alive   236588 genomes    8318 energy   173.1 steps  256.0 halting 0.000 births 2552887 deaths 2552843 (36211.5s)
tick  743000 alive   236608 genomes    8392 energy   173.0 steps  256.0 halting 0.000 births 2559517 deaths 2559497 (36261.7s)
tick  744000 alive   236911 genomes    8483 energy   173.1 steps  256.0 halting 0.000 births 2568284 deaths 2567981 (36311.3s)
tick  745000 alive   236109 genomes    8182 energy   173.5 steps  256.0 halting 0.000 births 2527785 deaths 2528587 (36361.0s)
tick  746000 alive   236051 genomes    8423 energy   173.3 steps  256.0 halting 0.000 births 2513602 deaths 2513660 (36411.8s)
tick  747000 alive   237188 genomes    8302 energy   173.1 steps  256.0 halting 0.000 births 2534495 deaths 2533358 (36463.0s)
tick  748000 alive   237240 genomes    8190 energy   173.5 steps  256.0 halting 0.000 births 2534775 deaths 2534723 (36514.7s)
tick  749000 alive   236692 genomes    8211 energy   173.0 steps  256.0 halting 0.000 births 2540462 deaths 2541010 (36565.8s)
tick  750000 alive   236991 genomes    8518 energy   172.5 steps  256.0 halting 0.000 births 2551745 deaths 2551446 (36617.1s)
tick  751000 alive   237128 genomes    8388 energy   172.2 steps  256.0 halting 0.000 births 2572078 deaths 2571941 (36668.5s)
tick  752000 alive   236761 genomes    8516 energy   171.7 steps  256.0 halting 0.000 births 2582832 deaths 2583199 (36719.1s)
tick  753000 alive   237219 genomes    8281 energy   172.5 steps  256.0 halting 0.000 births 2584387 deaths 2583929 (36770.7s)
tick  754000 alive   237007 genomes    8132 energy   172.9 steps  256.0 halting 0.000 births 2580580 deaths 2580792 (36822.2s)
tick  755000 alive   236182 genomes    8138 energy   173.8 steps  256.0 halting 0.000 births 2534682 deaths 2535507 (36873.0s)
tick  756000 alive   236751 genomes    8278 energy   172.7 steps  256.0 halting 0.000 births 2548339 deaths 2547770 (36923.2s)
tick  757000 alive   236898 genomes    8265 energy   172.8 steps  256.0 halting 0.000 births 2580471 deaths 2580324 (36974.0s)
tick  758000 alive   237431 genomes    8181 energy   173.0 steps  256.0 halting 0.000 births 2576597 deaths 2576064 (37025.9s)
tick  759000 alive   236432 genomes    8313 energy   172.6 steps  256.0 halting 0.000 births 2576426 deaths 2577425 (37077.7s)
tick  760000 alive   235886 genomes    8450 energy   171.7 steps  256.0 halting 0.000 births 2577493 deaths 2578039 (37130.1s)
tick  761000 alive   236074 genomes    8592 energy   171.1 steps  256.0 halting 0.000 births 2619571 deaths 2619383 (37181.8s)
tick  762000 alive   236393 genomes    8754 energy   171.3 steps  256.0 halting 0.000 births 2612422 deaths 2612103 (37232.8s)
tick  763000 alive   236885 genomes    8741 energy   171.5 steps  256.0 halting 0.000 births 2637225 deaths 2636733 (37284.1s)
tick  764000 alive   237123 genomes    8724 energy   171.7 steps  256.0 halting 0.000 births 2625176 deaths 2624938 (37336.1s)
tick  765000 alive   236492 genomes    8699 energy   171.6 steps  256.0 halting 0.000 births 2624848 deaths 2625479 (37387.8s)
tick  766000 alive   236851 genomes    8853 energy   170.9 steps  256.0 halting 0.000 births 2642125 deaths 2641766 (37440.1s)
tick  767000 alive   237254 genomes    8901 energy   170.9 steps  256.0 halting 0.000 births 2654812 deaths 2654409 (37492.3s)
tick  768000 alive   236829 genomes    8985 energy   171.0 steps  256.0 halting 0.000 births 2664066 deaths 2664491 (37543.7s)
tick  769000 alive   236895 genomes    8922 energy   172.3 steps  256.0 halting 0.000 births 2620141 deaths 2620075 (37595.0s)
tick  770000 alive   237253 genomes    8567 energy   172.8 steps  256.0 halting 0.000 births 2575309 deaths 2574951 (37647.0s)
tick  771000 alive   237957 genomes    8251 energy   173.7 steps  256.0 halting 0.000 births 2553069 deaths 2552365 (37697.8s)
tick  772000 alive   238654 genomes    8335 energy   173.1 steps  256.0 halting 0.000 births 2558027 deaths 2557330 (37749.1s)
tick  773000 alive   237994 genomes    8286 energy   172.8 steps  256.0 halting 0.000 births 2581384 deaths 2582044 (37800.6s)
tick  774000 alive   238201 genomes    8270 energy   172.9 steps  256.0 halting 0.000 births 2582223 deaths 2582016 (37852.7s)
tick  775000 alive   238200 genomes    8288 energy   172.5 steps  256.0 halting 0.000 births 2594105 deaths 2594106 (37905.4s)
tick  776000 alive   237464 genomes    8386 energy   172.1 steps  256.0 halting 0.000 births 2601433 deaths 2602169 (37957.0s)
tick  777000 alive   237627 genomes    8257 energy   172.8 steps  256.0 halting 0.000 births 2589680 deaths 2589517 (38010.1s)
tick  778000 alive   237423 genomes    8266 energy   173.2 steps  256.0 halting 0.000 births 2572303 deaths 2572507 (38062.1s)
tick  779000 alive   236895 genomes    8214 energy   173.4 steps  256.0 halting 0.000 births 2552771 deaths 2553299 (38113.3s)
tick  780000 alive   236853 genomes    7952 energy   173.3 steps  256.0 halting 0.000 births 2544036 deaths 2544078 (38163.9s)
tick  781000 alive   236881 genomes    8200 energy   173.1 steps  256.0 halting 0.000 births 2537958 deaths 2537930 (38214.6s)
tick  782000 alive   236750 genomes    8227 energy   173.0 steps  256.0 halting 0.000 births 2552392 deaths 2552523 (38266.2s)
tick  783000 alive   236481 genomes    8327 energy   172.9 steps  256.0 halting 0.000 births 2557947 deaths 2558216 (38318.6s)
tick  784000 alive   236831 genomes    8361 energy   172.0 steps  256.0 halting 0.000 births 2576965 deaths 2576615 (38371.1s)
tick  785000 alive   237361 genomes    8182 energy   172.8 steps  256.0 halting 0.000 births 2580009 deaths 2579479 (38422.9s)
tick  786000 alive   238202 genomes    8103 energy   172.8 steps  256.0 halting 0.000 births 2567980 deaths 2567139 (38474.9s)
tick  787000 alive   237644 genomes    8059 energy   172.9 steps  256.0 halting 0.000 births 2578125 deaths 2578683 (38527.5s)
tick  788000 alive   237246 genomes    8048 energy   173.0 steps  256.0 halting 0.000 births 2561979 deaths 2562377 (38578.9s)
tick  789000 alive   236497 genomes    8114 energy   172.9 steps  256.0 halting 0.000 births 2556806 deaths 2557555 (38630.2s)
tick  790000 alive   237358 genomes    8118 energy   173.3 steps  256.0 halting 0.000 births 2554383 deaths 2553522 (38682.4s)
tick  791000 alive   238294 genomes    8069 energy   172.9 steps  256.0 halting 0.000 births 2544743 deaths 2543807 (38732.9s)
tick  792000 alive   238278 genomes    8105 energy   173.3 steps  256.0 halting 0.000 births 2553684 deaths 2553700 (38785.1s)
tick  793000 alive   239323 genomes    8032 energy   173.1 steps  256.0 halting 0.000 births 2561193 deaths 2560148 (38838.4s)
tick  794000 alive   237693 genomes    8069 energy   173.0 steps  256.0 halting 0.000 births 2555474 deaths 2557104 (38891.1s)
tick  795000 alive   238470 genomes    8252 energy   172.5 steps  256.0 halting 0.000 births 2561288 deaths 2560511 (38943.3s)
tick  796000 alive   238315 genomes    8302 energy   172.8 steps  256.0 halting 0.000 births 2587006 deaths 2587161 (38995.0s)
tick  797000 alive   238123 genomes    8098 energy   172.8 steps  256.0 halting 0.000 births 2562158 deaths 2562350 (39046.9s)
tick  798000 alive   236635 genomes    7988 energy   173.5 steps  256.0 halting 0.000 births 2551522 deaths 2553010 (39098.7s)
tick  799000 alive   236112 genomes    7757 energy   174.3 steps  256.0 halting 0.000 births 2489745 deaths 2490268 (39150.9s)
tick  800000 alive   236135 genomes    8026 energy   174.3 steps  256.0 halting 0.000 births 2484175 deaths 2484152 (39202.3s)
tick  801000 alive   236304 genomes    7987 energy   174.2 steps  256.0 halting 0.000 births 2478976 deaths 2478807 (39253.1s)
tick  802000 alive   236870 genomes    7875 energy   174.2 steps  256.0 halting 0.000 births 2483198 deaths 2482632 (39303.9s)
tick  803000 alive   237924 genomes    7801 energy   173.5 steps  256.0 halting 0.000 births 2500308 deaths 2499254 (39354.2s)
tick  804000 alive   238735 genomes    7881 energy   173.9 steps  256.0 halting 0.000 births 2521137 deaths 2520326 (39405.7s)
tick  805000 alive   238969 genomes    7916 energy   173.4 steps  256.0 halting 0.000 births 2534762 deaths 2534528 (39457.5s)
tick  806000 alive   238755 genomes    8119 energy   173.0 steps  256.0 halting 0.000 births 2559180 deaths 2559394 (39509.7s)
tick  807000 alive   237905 genomes    8079 energy   173.4 steps  256.0 halting 0.000 births 2560936 deaths 2561786 (39561.0s)
tick  808000 alive   238414 genomes    8073 energy   172.8 steps  256.0 halting 0.000 births 2570289 deaths 2569780 (39612.2s)
tick  809000 alive   237815 genomes    8470 energy   172.1 steps  256.0 halting 0.000 births 2594525 deaths 2595124 (39664.4s)
tick  810000 alive   237523 genomes    8382 energy   171.9 steps  256.0 halting 0.000 births 2589597 deaths 2589889 (39716.7s)
tick  811000 alive   237936 genomes    8436 energy   172.6 steps  256.0 halting 0.000 births 2604971 deaths 2604558 (39768.2s)
tick  812000 alive   238114 genomes    8317 energy   172.4 steps  256.0 halting 0.000 births 2604458 deaths 2604280 (39820.6s)
tick  813000 alive   238071 genomes    8427 energy   171.7 steps  256.0 halting 0.000 births 2631495 deaths 2631538 (39871.9s)
tick  814000 alive   238688 genomes    8603 energy   172.4 steps  256.0 halting 0.000 births 2636885 deaths 2636268 (39922.7s)
tick  815000 alive   239129 genomes    8456 energy   172.6 steps  256.0 halting 0.000 births 2638896 deaths 2638455 (39973.7s)
tick  816000 alive   237257 genomes    8335 energy   173.8 steps  256.0 halting 0.000 births 2596018 deaths 2597890 (40024.3s)
tick  817000 alive   237073 genomes    8247 energy   173.8 steps  256.0 halting 0.000 births 2532544 deaths 2532728 (40076.0s)
tick  818000 alive   237335 genomes    8167 energy   173.5 steps  256.0 halting 0.000 births 2542645 deaths 2542383 (40127.0s)
tick  819000 alive   238368 genomes    8328 energy   172.2 steps  256.0 halting 0.000 births 2576201 deaths 2575168 (40177.7s)
tick  820000 alive   237892 genomes    8565 energy   171.9 steps  256.0 halting 0.000 births 2608159 deaths 2608635 (40230.5s)
tick  821000 alive   237645 genomes    8609 energy   172.0 steps  256.0 halting 0.000 births 2614537 deaths 2614784 (40282.2s)
tick  822000 alive   237851 genomes    8781 energy   172.0 steps  256.0 halting 0.000 births 2603660 deaths 2603454 (40334.9s)
tick  823000 alive   237288 genomes    8837 energy   172.9 steps  256.0 halting 0.000 births 2608462 deaths 2609025 (40388.3s)
tick  824000 alive   237644 genomes    8940 energy   172.7 steps  256.0 halting 0.000 births 2574463 deaths 2574107 (40440.7s)
tick  825000 alive   238650 genomes    8631 energy   172.9 steps  256.0 halting 0.000 births 2566904 deaths 2565898 (40493.2s)
tick  826000 alive   237656 genomes    8438 energy   173.6 steps  256.0 halting 0.000 births 2531248 deaths 2532242 (40545.4s)
tick  827000 alive   237038 genomes    8463 energy   173.8 steps  256.0 halting 0.000 births 2516031 deaths 2516649 (40597.3s)
tick  828000 alive   237969 genomes    8407 energy   173.7 steps  256.0 halting 0.000 births 2506242 deaths 2505311 (40648.6s)
tick  829000 alive   238646 genomes    8325 energy   174.2 steps  256.0 halting 0.000 births 2528024 deaths 2527347 (40699.8s)
tick  830000 alive   239120 genomes    8280 energy   173.7 steps  256.0 halting 0.000 births 2521550 deaths 2521076 (40751.9s)
tick  831000 alive   239108 genomes    8322 energy   173.1 steps  256.0 halting 0.000 births 2540699 deaths 2540711 (40803.5s)
tick  832000 alive   239245 genomes    8685 energy   172.2 steps  256.0 halting 0.000 births 2584408 deaths 2584271 (40855.8s)
tick  833000 alive   238385 genomes    8862 energy   172.5 steps  256.0 halting 0.000 births 2593479 deaths 2594339 (40907.6s)
tick  834000 alive   238724 genomes    9018 energy   172.1 steps  256.0 halting 0.000 births 2602445 deaths 2602106 (40959.5s)
tick  835000 alive   238784 genomes    9376 energy   171.9 steps  256.0 halting 0.000 births 2616881 deaths 2616821 (41011.5s)
tick  836000 alive   237373 genomes    9273 energy   171.9 steps  256.0 halting 0.000 births 2615636 deaths 2617047 (41064.7s)
tick  837000 alive   237351 genomes    9137 energy   172.3 steps  256.0 halting 0.000 births 2583502 deaths 2583524 (41117.0s)
tick  838000 alive   237753 genomes    8946 energy   173.0 steps  256.0 halting 0.000 births 2583884 deaths 2583482 (41169.9s)
tick  839000 alive   237856 genomes    8819 energy   173.7 steps  256.0 halting 0.000 births 2549782 deaths 2549679 (41222.0s)
tick  840000 alive   238583 genomes    8745 energy   174.3 steps  256.0 halting 0.000 births 2514787 deaths 2514060 (41272.4s)
tick  841000 alive   237791 genomes    8665 energy   174.1 steps  256.0 halting 0.000 births 2496237 deaths 2497029 (41323.8s)
tick  842000 alive   237681 genomes    8428 energy   174.6 steps  256.0 halting 0.000 births 2483029 deaths 2483139 (41375.8s)
tick  843000 alive   238530 genomes    8484 energy   174.6 steps  256.0 halting 0.000 births 2471248 deaths 2470399 (41427.3s)
tick  844000 alive   238806 genomes    8482 energy   174.3 steps  256.0 halting 0.000 births 2477592 deaths 2477316 (41478.7s)
tick  845000 alive   239086 genomes    8514 energy   175.0 steps  256.0 halting 0.000 births 2468051 deaths 2467771 (41530.4s)
tick  846000 alive   239154 genomes    8719 energy   174.2 steps  256.0 halting 0.000 births 2479065 deaths 2478997 (41582.3s)
tick  847000 alive   238657 genomes    8845 energy   173.7 steps  256.0 halting 0.000 births 2522591 deaths 2523088 (41634.8s)
tick  848000 alive   237085 genomes    9170 energy   173.1 steps  256.0 halting 0.000 births 2534628 deaths 2536200 (41687.4s)
tick  849000 alive   237804 genomes    9193 energy   172.3 steps  256.0 halting 0.000 births 2553585 deaths 2552866 (41740.2s)
tick  850000 alive   238109 genomes    9111 energy   172.5 steps  256.0 halting 0.000 births 2571373 deaths 2571068 (41793.1s)
tick  851000 alive   237713 genomes    8699 energy   173.8 steps  256.0 halting 0.000 births 2558364 deaths 2558760 (41845.0s)
tick  852000 alive   236910 genomes    8450 energy   174.3 steps  256.0 halting 0.000 births 2507152 deaths 2507955 (41896.8s)
tick  853000 alive   236316 genomes    8369 energy   174.5 steps  256.0 halting 0.000 births 2461200 deaths 2461794 (41947.6s)
tick  854000 alive   235850 genomes    8200 energy   175.4 steps  256.0 halting 0.000 births 2438501 deaths 2438967 (41999.0s)
tick  855000 alive   237073 genomes    8003 energy   175.5 steps  256.0 halting 0.000 births 2414566 deaths 2413343 (42050.1s)
tick  856000 alive   238203 genomes    8017 energy   175.0 steps  256.0 halting 0.000 births 2402394 deaths 2401264 (42101.8s)
tick  857000 alive   239662 genomes    8012 energy   175.4 steps  256.0 halting 0.000 births 2435518 deaths 2434059 (42154.4s)
tick  858000 alive   238803 genomes    8041 energy   175.6 steps  256.0 halting 0.000 births 2436874 deaths 2437733 (42206.6s)
tick  859000 alive   238565 genomes    8179 energy   174.7 steps  256.0 halting 0.000 births 2443447 deaths 2443685 (42258.4s)
tick  860000 alive   238613 genomes    8235 energy   174.6 steps  256.0 halting 0.000 births 2461194 deaths 2461146 (42310.2s)
tick  861000 alive   237548 genomes    8463 energy   173.9 steps  256.0 halting 0.000 births 2463225 deaths 2464290 (42363.0s)
tick  862000 alive   236977 genomes    8521 energy   174.5 steps  256.0 halting 0.000 births 2478178 deaths 2478749 (42416.0s)
tick  863000 alive   238318 genomes    8381 energy   174.6 steps  256.0 halting 0.000 births 2463765 deaths 2462424 (42468.2s)
tick  864000 alive   237150 genomes    8558 energy   174.1 steps  256.0 halting 0.000 births 2470696 deaths 2471864 (42519.7s)
tick  865000 alive   237944 genomes    8541 energy   173.6 steps  256.0 halting 0.000 births 2494989 deaths 2494195 (42572.1s)
tick  866000 alive   238967 genomes    8510 energy   173.5 steps  256.0 halting 0.000 births 2531880 deaths 2530857 (42625.4s)
tick  867000 alive   237918 genomes    8447 energy   173.8 steps  256.0 halting 0.000 births 2525008 deaths 2526057 (42679.0s)
tick  868000 alive   237872 genomes    8530 energy   173.0 steps  256.0 halting 0.000 births 2545725 deaths 2545771 (42731.5s)
tick  869000 alive   236905 genomes    8411 energy   173.3 steps  256.0 halting 0.000 births 2550380 deaths 2551347 (42783.6s)
tick  870000 alive   237677 genomes    8531 energy   172.8 steps  256.0 halting 0.000 births 2566560 deaths 2565788 (42835.4s)
tick  871000 alive   237222 genomes    8625 energy   173.1 steps  256.0 halting 0.000 births 2567217 deaths 2567672 (42887.1s)
tick  872000 alive   238390 genomes    8721 energy   172.2 steps  256.0 halting 0.000 births 2609521 deaths 2608353 (42939.2s)
tick  873000 alive   238852 genomes    8561 energy   172.3 steps  256.0 halting 0.000 births 2611614 deaths 2611152 (42991.2s)
tick  874000 alive   239265 genomes    8640 energy   172.0 steps  256.0 halting 0.000 births 2627797 deaths 2627384 (43044.9s)
tick  875000 alive   238376 genomes    8990 energy   171.8 steps  256.0 halting 0.000 births 2657916 deaths 2658805 (43098.0s)
tick  876000 alive   239104 genomes    9128 energy   172.2 steps  256.0 halting 0.000 births 2664018 deaths 2663290 (43151.7s)
tick  877000 alive   239090 genomes    9203 energy   172.3 steps  256.0 halting 0.000 births 2657475 deaths 2657489 (43205.4s)
tick  878000 alive   238774 genomes    9156 energy   172.1 steps  256.0 halting 0.000 births 2647544 deaths 2647860 (43258.3s)
tick  879000 alive   238016 genomes    9260 energy   171.9 steps  256.0 halting 0.000 births 2663350 deaths 2664108 (43310.3s)
tick  880000 alive   237850 genomes    8761 energy   172.4 steps  256.0 halting 0.000 births 2653853 deaths 2654019 (43362.3s)
tick  881000 alive   237946 genomes    8545 energy   173.0 steps  256.0 halting 0.000 births 2625712 deaths 2625616 (43413.4s)
tick  882000 alive   239235 genomes    8127 energy   172.5 steps  256.0 halting 0.000 births 2621024 deaths 2619735 (43464.1s)
tick  883000 alive   239306 genomes    8163 energy   172.8 steps  256.0 halting 0.000 births 2628726 deaths 2628655 (43515.0s)
tick  884000 alive   239721 genomes    8255 energy   173.1 steps  256.0 halting 0.000 births 2625149 deaths 2624734 (43566.1s)
tick  885000 alive   240001 genomes    7834 energy   174.1 steps  256.0 halting 0.000 births 2608104 deaths 2607824 (43617.2s)
tick  886000 alive   238259 genomes    7928 energy   174.4 steps  256.0 halting 0.000 births 2554614 deaths 2556356 (43668.1s)
tick  887000 alive   238490 genomes    7987 energy   174.5 steps  256.0 halting 0.000 births 2529726 deaths 2529495 (43718.4s)
tick  888000 alive   238495 genomes    7924 energy   174.4 steps  256.0 halting 0.000 births 2533187 deaths 2533182 (43769.2s)
tick  889000 alive   238651 genomes    8085 energy   173.9 steps  256.0 halting 0.000 births 2530351 deaths 2530195 (43819.7s)
tick  890000 alive   237561 genomes    8176 energy   173.2 steps  256.0 halting 0.000 births 2539842 deaths 2540932 (43872.4s)
tick  891000 alive   238643 genomes    8242 energy   173.2 steps  256.0 halting 0.000 births 2551392 deaths 2550310 (43924.8s)
tick  892000 alive   238746 genomes    8162 energy   173.4 steps  256.0 halting 0.000 births 2547717 deaths 2547614 (43976.6s)
tick  893000 alive   238828 genomes    8235 energy   173.0 steps  256.0 halting 0.000 births 2547155 deaths 2547073 (44028.9s)
tick  894000 alive   238999 genomes    8338 energy   173.1 steps  256.0 halting 0.000 births 2539354 deaths 2539183 (44081.4s)
tick  895000 alive   237432 genomes    8545 energy   173.2 steps  256.0 halting 0.000 births 2545473 deaths 2547040 (44133.2s)
tick  896000 alive   237135 genomes    8734 energy   173.4 steps  256.0 halting 0.000 births 2538920 deaths 2539217 (44185.3s)
tick  897000 alive   237646 genomes    8683 energy   174.0 steps  256.0 halting 0.000 births 2523764 deaths 2523253 (44238.1s)
tick  898000 alive   237774 genomes    8716 energy   174.3 steps  256.0 halting 0.000 births 2490569 deaths 2490441 (44290.7s)
tick  899000 alive   238271 genomes    8528 energy   174.4 steps  256.0 halting 0.000 births 2468831 deaths 2468334 (44343.8s)
tick  900000 alive   237659 genomes    8427 energy   174.5 steps  256.0 halting 0.000 births 2461985 deaths 2462597 (44396.3s)
tick  901000 alive   238158 genomes    8272 energy   174.9 steps  256.0 halting 0.000 births 2471385 deaths 2470886 (44448.2s)
tick  902000 alive   237742 genomes    8461 energy   174.6 steps  256.0 halting 0.000 births 2460264 deaths 2460680 (44500.6s)
tick  903000 alive   237026 genomes    8444 energy   174.6 steps  256.0 halting 0.000 births 2473714 deaths 2474430 (44552.6s)
tick  904000 alive   237216 genomes    8326 energy   174.6 steps  256.0 halting 0.000 births 2454931 deaths 2454741 (44603.7s)
tick  905000 alive   237149 genomes    8297 energy   174.8 steps  256.0 halting 0.000 births 2443963 deaths 2444030 (44655.8s)
tick  906000 alive   238130 genomes    8434 energy   173.9 steps  256.0 halting 0.000 births 2461230 deaths 2460249 (44707.5s)
tick  907000 alive   238914 genomes    8667 energy   173.6 steps  256.0 halting 0.000 births 2493488 deaths 2492704 (44759.5s)
tick  908000 alive   238643 genomes    8687 energy   174.0 steps  256.0 halting 0.000 births 2506302 deaths 2506573 (44812.5s)
tick  909000 alive   238656 genomes    8539 energy   174.5 steps  256.0 halting 0.000 births 2501619 deaths 2501606 (44865.0s)
tick  910000 alive   238098 genomes    8599 energy   174.6 steps  256.0 halting 0.000 births 2489452 deaths 2490010 (44917.2s)
tick  911000 alive   237872 genomes    8472 energy   175.1 steps  256.0 halting 0.000 births 2472158 deaths 2472384 (44968.5s)
tick  912000 alive   237488 genomes    8510 energy   175.5 steps  256.0 halting 0.000 births 2470123 deaths 2470507 (45019.1s)
tick  913000 alive   237306 genomes    8493 energy   174.6 steps  256.0 halting 0.000 births 2446006 deaths 2446188 (45069.9s)
tick  914000 alive   237527 genomes    8454 energy   174.6 steps  256.0 halting 0.000 births 2463469 deaths 2463248 (45120.7s)
tick  915000 alive   238739 genomes    8269 energy   174.2 steps  256.0 halting 0.000 births 2496302 deaths 2495090 (45172.7s)
tick  916000 alive   238640 genomes    8481 energy   174.0 steps  256.0 halting 0.000 births 2511537 deaths 2511636 (45223.9s)
tick  917000 alive   238890 genomes    8692 energy   173.0 steps  256.0 halting 0.000 births 2530935 deaths 2530685 (45275.0s)
tick  918000 alive   238419 genomes    9149 energy   172.6 steps  256.0 halting 0.000 births 2591829 deaths 2592300 (45326.9s)
tick  919000 alive   238207 genomes    9113 energy   172.6 steps  256.0 halting 0.000 births 2613956 deaths 2614168 (45380.1s)
tick  920000 alive   238199 genomes    8891 energy   173.5 steps  256.0 halting 0.000 births 2596352 deaths 2596360 (45432.2s)
tick  921000 alive   237756 genomes    8966 energy   173.4 steps  256.0 halting 0.000 births 2567782 deaths 2568225 (45484.0s)
tick  922000 alive   236391 genomes    8973 energy   173.4 steps  256.0 halting 0.000 births 2543962 deaths 2545327 (45535.7s)
tick  923000 alive   235579 genomes    8733 energy   173.7 steps  256.0 halting 0.000 births 2529947 deaths 2530759 (45587.3s)
tick  924000 alive   237850 genomes    8870 energy   172.5 steps  256.0 halting 0.000 births 2559204 deaths 2556933 (45639.2s)
tick  925000 alive   238322 genomes    8918 energy   172.6 steps  256.0 halting 0.000 births 2590492 deaths 2590020 (45692.1s)
tick  926000 alive   236801 genomes    9232 energy   172.0 steps  256.0 halting 0.000 births 2616116 deaths 2617637 (45744.3s)
tick  927000 alive   237574 genomes    9155 energy   172.5 steps  256.0 halting 0.000 births 2604200 deaths 2603427 (45796.8s)
tick  928000 alive   238017 genomes    9060 energy   172.9 steps  256.0 halting 0.000 births 2598013 deaths 2597570 (45850.2s)
tick  929000 alive   238495 genomes    9034 energy   173.4 steps  256.0 halting 0.000 births 2565664 deaths 2565186 (45901.9s)
tick  930000 alive   238185 genomes    9138 energy   172.2 steps  256.0 halting 0.000 births 2598465 deaths 2598775 (45954.5s)
tick  931000 alive   238026 genomes    9041 energy   173.2 steps  256.0 halting 0.000 births 2591853 deaths 2592012 (46007.7s)
tick  932000 alive   238666 genomes    8942 energy   173.3 steps  256.0 halting 0.000 births 2591858 deaths 2591218 (46060.1s)
tick  933000 alive   237957 genomes    8988 energy   173.1 steps  256.0 halting 0.000 births 2588424 deaths 2589133 (46112.6s)
tick  934000 alive   238767 genomes    8843 energy   172.9 steps  256.0 halting 0.000 births 2572265 deaths 2571455 (46164.2s)
tick  935000 alive   239316 genomes    8994 energy   172.9 steps  256.0 halting 0.000 births 2592341 deaths 2591792 (46217.5s)
tick  936000 alive   239015 genomes    8941 energy   173.6 steps  256.0 halting 0.000 births 2579285 deaths 2579586 (46269.6s)
tick  937000 alive   239074 genomes    8838 energy   172.8 steps  256.0 halting 0.000 births 2578064 deaths 2578005 (46321.3s)
tick  938000 alive   238712 genomes    9048 energy   172.3 steps  256.0 halting 0.000 births 2612611 deaths 2612973 (46373.5s)
tick  939000 alive   238583 genomes    9043 energy   172.6 steps  256.0 halting 0.000 births 2623482 deaths 2623611 (46425.5s)
tick  940000 alive   238574 genomes    8675 energy   172.8 steps  256.0 halting 0.000 births 2589448 deaths 2589457 (46476.8s)
tick  941000 alive   238042 genomes    8745 energy   172.8 steps  256.0 halting 0.000 births 2589324 deaths 2589856 (46528.9s)
tick  942000 alive   238121 genomes    8729 energy   172.7 steps  256.0 halting 0.000 births 2600035 deaths 2599956 (46581.9s)
tick  943000 alive   238151 genomes    8573 energy   173.4 steps  256.0 halting 0.000 births 2580519 deaths 2580489 (46634.0s)
tick  944000 alive   238201 genomes    8464 energy   173.6 steps  256.0 halting 0.000 births 2564406 deaths 2564356 (46685.7s)
tick  945000 alive   237918 genomes    8306 energy   174.2 steps  256.0 halting 0.000 births 2523198 deaths 2523481 (46737.0s)
tick  946000 alive   237753 genomes    8352 energy   173.6 steps  256.0 halting 0.000 births 2509400 deaths 2509565 (46788.2s)
tick  947000 alive   238750 genomes    8349 energy   173.9 steps  256.0 halting 0.000 births 2516515 deaths 2515518 (46840.3s)
tick  948000 alive   238982 genomes    8351 energy   173.7 steps  256.0 halting 0.000 births 2510961 deaths 2510729 (46892.5s)
tick  949000 alive   239741 genomes    8565 energy   172.5 steps  256.0 halting 0.000 births 2555542 deaths 2554783 (46945.6s)
tick  950000 alive   239207 genomes    8798 energy   172.4 steps  256.0 halting 0.000 births 2574207 deaths 2574741 (46998.3s)
tick  951000 alive   238635 genomes    8854 energy   171.9 steps  256.0 halting 0.000 births 2613137 deaths 2613709 (47051.3s)
tick  952000 alive   238027 genomes    8772 energy   172.1 steps  256.0 halting 0.000 births 2622756 deaths 2623364 (47103.5s)
tick  953000 alive   237739 genomes    8830 energy   172.9 steps  256.0 halting 0.000 births 2606739 deaths 2607027 (47156.7s)
tick  954000 alive   236579 genomes    8936 energy   173.8 steps  256.0 halting 0.000 births 2548321 deaths 2549481 (47208.6s)
tick  955000 alive   237285 genomes    8991 energy   174.1 steps  256.0 halting 0.000 births 2519233 deaths 2518527 (47260.7s)
tick  956000 alive   237717 genomes    9081 energy   174.4 steps  256.0 halting 0.000 births 2507106 deaths 2506674 (47313.8s)
tick  957000 alive   237452 genomes    8955 energy   174.0 steps  256.0 halting 0.000 births 2471422 deaths 2471687 (47367.1s)
tick  958000 alive   238943 genomes    8765 energy   173.5 steps  256.0 halting 0.000 births 2501575 deaths 2500084 (47420.3s)
tick  959000 alive   239535 genomes    8807 energy   172.8 steps  256.0 halting 0.000 births 2544806 deaths 2544214 (47473.3s)
tick  960000 alive   239692 genomes    8920 energy   172.3 steps  256.0 halting 0.000 births 2595312 deaths 2595155 (47526.1s)
tick  961000 alive   239440 genomes    9008 energy   172.4 steps  256.0 halting 0.000 births 2598545 deaths 2598797 (47578.2s)
tick  962000 alive   239404 genomes    9079 energy   172.6 steps  256.0 halting 0.000 births 2598708 deaths 2598744 (47631.6s)
tick  963000 alive   237959 genomes    8914 energy   172.4 steps  256.0 halting 0.000 births 2599008 deaths 2600453 (47685.5s)
tick  964000 alive   236419 genomes    9029 energy   172.3 steps  256.0 halting 0.000 births 2595702 deaths 2597242 (47738.2s)
tick  965000 alive   236378 genomes    9001 energy   172.1 steps  256.0 halting 0.000 births 2596117 deaths 2596158 (47791.1s)
tick  966000 alive   237664 genomes    8855 energy   173.1 steps  256.0 halting 0.000 births 2568975 deaths 2567689 (47844.0s)
tick  967000 alive   237300 genomes    8841 energy   173.5 steps  256.0 halting 0.000 births 2535244 deaths 2535608 (47896.4s)
tick  968000 alive   238615 genomes    8689 energy   174.2 steps  256.0 halting 0.000 births 2499801 deaths 2498486 (47949.2s)
tick  969000 alive   238765 genomes    8629 energy   174.5 steps  256.0 halting 0.000 births 2485264 deaths 2485114 (48001.3s)
tick  970000 alive   238680 genomes    8625 energy   174.2 steps  256.0 halting 0.000 births 2476447 deaths 2476532 (48054.8s)
tick  971000 alive   239088 genomes    8653 energy   174.3 steps  256.0 halting 0.000 births 2488505 deaths 2488097 (48107.9s)
tick  972000 alive   240048 genomes    8710 energy   174.2 steps  256.0 halting 0.000 births 2497779 deaths 2496819 (48160.7s)
tick  973000 alive   240252 genomes    8663 energy   173.8 steps  256.0 halting 0.000 births 2519722 deaths 2519518 (48213.9s)
tick  974000 alive   238767 genomes    8836 energy   174.4 steps  256.0 halting 0.000 births 2511178 deaths 2512663 (48266.8s)
tick  975000 alive   238649 genomes    8860 energy   174.0 steps  256.0 halting 0.000 births 2513780 deaths 2513898 (48318.7s)
tick  976000 alive   238834 genomes    8880 energy   173.5 steps  256.0 halting 0.000 births 2539486 deaths 2539301 (48370.9s)
tick  977000 alive   239106 genomes    9179 energy   173.1 steps  256.0 halting 0.000 births 2560468 deaths 2560196 (48424.6s)
tick  978000 alive   240246 genomes    9293 energy   173.0 steps  256.0 halting 0.000 births 2567925 deaths 2566785 (48478.1s)
tick  979000 alive   240274 genomes    9159 energy   173.3 steps  256.0 halting 0.000 births 2568886 deaths 2568858 (48531.5s)
tick  980000 alive   240349 genomes    9052 energy   173.2 steps  256.0 halting 0.000 births 2562841 deaths 2562766 (48585.3s)
tick  981000 alive   239628 genomes    8984 energy   173.6 steps  256.0 halting 0.000 births 2576486 deaths 2577207 (48638.6s)
tick  982000 alive   239529 genomes    9000 energy   173.7 steps  256.0 halting 0.000 births 2563760 deaths 2563859 (48691.1s)
tick  983000 alive   238749 genomes    8904 energy   173.5 steps  256.0 halting 0.000 births 2558636 deaths 2559416 (48744.2s)
tick  984000 alive   238670 genomes    8848 energy   173.8 steps  256.0 halting 0.000 births 2558858 deaths 2558937 (48796.8s)
tick  985000 alive   237738 genomes    8824 energy   173.3 steps  256.0 halting 0.000 births 2553034 deaths 2553966 (48849.3s)
tick  986000 alive   238373 genomes    9109 energy   173.0 steps  256.0 halting 0.000 births 2594350 deaths 2593715 (48901.7s)
tick  987000 alive   239488 genomes    9064 energy   173.7 steps  256.0 halting 0.000 births 2597792 deaths 2596677 (48953.5s)
tick  988000 alive   239821 genomes    9051 energy   173.8 steps  256.0 halting 0.000 births 2603483 deaths 2603150 (49005.9s)
tick  989000 alive   239630 genomes    9150 energy   173.5 steps  256.0 halting 0.000 births 2594743 deaths 2594934 (49057.6s)
tick  990000 alive   239254 genomes    9009 energy   173.4 steps  256.0 halting 0.000 births 2606564 deaths 2606940 (49110.3s)
tick  991000 alive   238679 genomes    8965 energy   173.5 steps  256.0 halting 0.000 births 2602478 deaths 2603053 (49162.8s)
tick  992000 alive   239034 genomes    8775 energy   174.1 steps  256.0 halting 0.000 births 2571280 deaths 2570925 (49214.9s)
tick  993000 alive   239981 genomes    8642 energy   174.4 steps  256.0 halting 0.000 births 2554677 deaths 2553730 (49267.5s)
tick  994000 alive   239173 genomes    8419 energy   174.3 steps  256.0 halting 0.000 births 2558489 deaths 2559297 (49319.4s)
tick  995000 alive   238532 genomes    8775 energy   173.4 steps  256.0 halting 0.000 births 2549974 deaths 2550615 (49371.8s)
tick  996000 alive   238933 genomes    8724 energy   174.3 steps  256.0 halting 0.000 births 2549658 deaths 2549257 (49423.1s)
tick  997000 alive   239450 genomes    8525 energy   174.4 steps  256.0 halting 0.000 births 2528952 deaths 2528435 (49475.1s)
tick  998000 alive   238650 genomes    8564 energy   174.7 steps  256.0 halting 0.000 births 2536350 deaths 2537150 (49526.9s)
tick  999000 alive   239178 genomes    8513 energy   174.6 steps  256.0 halting 0.000 births 2517709 deaths 2517181 (49578.4s)
done: 1000000 ticks in 49629.9s
