tick       0 alive    13141 genomes   13141 energy    64.0 steps  256.0 halting 0.000 births 0 deaths 0 (0.1s)
tick    1000 alive    47269 genomes   20449 energy   112.6 steps  256.0 halting 0.000 births 518625 deaths 484497 (8.5s)
tick    2000 alive   140116 genomes   56072 energy   116.5 steps  256.0 halting 0.000 births 2408440 deaths 2315593 (24.2s)
tick    3000 alive   168670 genomes   59764 energy   138.2 steps  256.0 halting 0.000 births 3645673 deaths 3617119 (44.7s)
tick    4000 alive   172600 genomes   51642 energy   157.3 steps  256.0 halting 0.000 births 3145477 deaths 3141547 (63.6s)
tick    5000 alive   183036 genomes   49295 energy   168.1 steps  256.0 halting 0.000 births 2819919 deaths 2809483 (81.9s)
tick    6000 alive   194100 genomes   49853 energy   172.0 steps  256.0 halting 0.000 births 2772193 deaths 2761129 (100.3s)
tick    7000 alive   198178 genomes   48225 energy   176.2 steps  256.0 halting 0.000 births 2732104 deaths 2728026 (119.0s)
tick    8000 alive   193040 genomes   46072 energy   179.3 steps  256.0 halting 0.000 births 2564134 deaths 2569272 (137.6s)
tick    9000 alive   190858 genomes   45061 energy   179.7 steps  256.0 halting 0.000 births 2461351 deaths 2463533 (156.2s)
tick   10000 alive   191616 genomes   44754 energy   179.2 steps  256.0 halting 0.000 births 2402580 deaths 2401822 (174.9s)
tick   11000 alive   189114 genomes   43983 energy   179.3 steps  256.0 halting 0.000 births 2398714 deaths 2401216 (193.7s)
tick   12000 alive   186799 genomes   43147 energy   177.3 steps  256.0 halting 0.000 births 2356374 deaths 2358689 (212.5s)
tick   13000 alive   189625 genomes   42322 energy   177.4 steps  256.0 halting 0.000 births 2390928 deaths 2388102 (232.1s)
tick   14000 alive   191693 genomes   41571 energy   177.0 steps  256.0 halting 0.000 births 2405678 deaths 2403610 (252.4s)
tick   15000 alive   195823 genomes   40396 energy   177.4 steps  256.0 halting 0.000 births 2435707 deaths 2431577 (273.3s)
tick   16000 alive   200204 genomes   39695 energy   177.7 steps  256.0 halting 0.000 births 2437809 deaths 2433428 (295.1s)
tick   17000 alive   203071 genomes   38261 energy   177.3 steps  256.0 halting 0.000 births 2507041 deaths 2504174 (317.8s)
tick   18000 alive   207532 genomes   37513 energy   177.2 steps  256.0 halting 0.000 births 2555832 deaths 2551371 (341.1s)
tick   19000 alive   210014 genomes   37167 energy   177.8 steps  256.0 halting 0.000 births 2596923 deaths 2594441 (364.7s)
tick   20000 alive   213442 genomes   36538 energy   179.6 steps  256.0 halting 0.000 births 2588791 deaths 2585363 (388.5s)
tick   21000 alive   215406 genomes   36414 energy   179.4 steps  256.0 halting 0.000 births 2595768 deaths 2593804 (412.6s)
tick   22000 alive   213079 genomes   35397 energy   179.8 steps  256.0 halting 0.000 births 2595123 deaths 2597450 (437.5s)
tick   23000 alive   214226 genomes   34019 energy   179.2 steps  256.0 halting 0.000 births 2606071 deaths 2604924 (463.5s)
tick   24000 alive   213780 genomes   31651 energy   180.2 steps  256.0 halting 0.000 births 2593237 deaths 2593683 (490.1s)
tick   25000 alive   216208 genomes   30561 energy   180.0 steps  256.0 halting 0.000 births 2590319 deaths 2587891 (516.7s)
tick   26000 alive   219213 genomes   29656 energy   179.3 steps  256.0 halting 0.000 births 2647895 deaths 2644890 (543.6s)
tick   27000 alive   218833 genomes   29146 energy   179.3 steps  256.0 halting 0.000 births 2668627 deaths 2669007 (570.9s)
tick   28000 alive   215671 genomes   28796 energy   180.3 steps  256.0 halting 0.000 births 2658971 deaths 2662133 (598.9s)
tick   29000 alive   214941 genomes   27315 energy   180.1 steps  256.0 halting 0.000 births 2617101 deaths 2617831 (626.8s)
tick   30000 alive   215703 genomes   26333 energy   179.9 steps  256.0 halting 0.000 births 2619541 deaths 2618779 (655.0s)
tick   31000 alive   214814 genomes   25914 energy   178.9 steps  256.0 halting 0.000 births 2641384 deaths 2642273 (683.3s)
tick   32000 alive   213575 genomes   24984 energy   180.0 steps  256.0 halting 0.000 births 2631198 deaths 2632437 (712.0s)
tick   33000 alive   211760 genomes   24731 energy   180.1 steps  256.0 halting 0.000 births 2588958 deaths 2590773 (740.4s)
tick   34000 alive   210350 genomes   24108 energy   181.4 steps  256.0 halting 0.000 births 2527758 deaths 2529168 (768.5s)
tick   35000 alive   208872 genomes   24149 energy   180.3 steps  256.0 halting 0.000 births 2489350 deaths 2490828 (796.6s)
tick   36000 alive   210948 genomes   23920 energy   179.7 steps  256.0 halting 0.000 births 2537418 deaths 2535342 (824.6s)
tick   37000 alive   212177 genomes   23803 energy   179.3 steps  256.0 halting 0.000 births 2561178 deaths 2559949 (852.6s)
tick   38000 alive   212225 genomes   23703 energy   179.6 steps  256.0 halting 0.000 births 2595510 deaths 2595462 (880.8s)
tick   39000 alive   210013 genomes   23769 energy   179.6 steps  256.0 halting 0.000 births 2569039 deaths 2571251 (909.2s)
tick   40000 alive   209953 genomes   23810 energy   179.3 steps  256.0 halting 0.000 births 2547775 deaths 2547835 (937.6s)
tick   41000 alive   208803 genomes   23825 energy   178.6 steps  256.0 halting 0.000 births 2551550 deaths 2552700 (966.3s)
tick   42000 alive   210438 genomes   24156 energy   177.8 steps  256.0 halting 0.000 births 2584878 deaths 2583243 (995.1s)
tick   43000 alive   211335 genomes   24220 energy   177.8 steps  256.0 halting 0.000 births 2617801 deaths 2616904 (1024.5s)
tick   44000 alive   212693 genomes   24183 energy   177.1 steps  256.0 halting 0.000 births 2614267 deaths 2612909 (1053.6s)
tick   45000 alive   213743 genomes   25163 energy   175.9 steps  256.0 halting 0.000 births 2686813 deaths 2685763 (1082.7s)
tick   46000 alive   213498 genomes   25390 energy   176.3 steps  256.0 halting 0.000 births 2708957 deaths 2709202 (1111.7s)
tick   47000 alive   213876 genomes   25065 energy   176.8 steps  256.0 halting 0.000 births 2685005 deaths 2684627 (1140.9s)
tick   48000 alive   211471 genomes   25439 energy   177.2 steps  256.0 halting 0.000 births 2667978 deaths 2670383 (1170.0s)
tick   49000 alive   213440 genomes   25043 energy   176.1 steps  256.0 halting 0.000 births 2664922 deaths 2662953 (1199.1s)
tick   50000 alive   214379 genomes   25029 energy   175.8 steps  256.0 halting 0.000 births 2728557 deaths 2727618 (1228.5s)
tick   51000 alive   214731 genomes   24253 energy   175.6 steps  256.0 halting 0.000 births 2716234 deaths 2715882 (1257.8s)
tick   52000 alive   216375 genomes   24311 energy   175.1 steps  256.0 halting 0.000 births 2743679 deaths 2742035 (1286.9s)
tick   53000 alive   216852 genomes   24024 energy   175.0 steps  256.0 halting 0.000 births 2766856 deaths 2766379 (1316.0s)
tick   54000 alive   216617 genomes   24453 energy   174.6 steps  256.0 halting 0.000 births 2770852 deaths 2771087 (1344.9s)
tick   55000 alive   217947 genomes   24237 energy   174.0 steps  256.0 halting 0.000 births 2794252 deaths 2792922 (1373.8s)
tick   56000 alive   217999 genomes   24338 energy   174.7 steps  256.0 halting 0.000 births 2789647 deaths 2789595 (1402.5s)
tick   57000 alive   218713 genomes   24250 energy   175.4 steps  256.0 halting 0.000 births 2780377 deaths 2779663 (1430.9s)
tick   58000 alive   220907 genomes   24634 energy   174.5 steps  256.0 halting 0.000 births 2797999 deaths 2795805 (1459.7s)
tick   59000 alive   220713 genomes   25341 energy   174.8 steps  256.0 halting 0.000 births 2839894 deaths 2840088 (1488.4s)
tick   60000 alive   220891 genomes   25568 energy   174.8 steps  256.0 halting 0.000 births 2839570 deaths 2839392 (1516.7s)
tick   61000 alive   219656 genomes   25547 energy   175.4 steps  256.0 halting 0.000 births 2819668 deaths 2820903 (1544.9s)
tick   62000 alive   219545 genomes   24676 energy   175.8 steps  256.0 halting 0.000 births 2803625 deaths 2803736 (1573.3s)
tick   63000 alive   219416 genomes   24424 energy   175.2 steps  256.0 halting 0.000 births 2796111 deaths 2796240 (1602.6s)
tick   64000 alive   220079 genomes   23765 energy   175.4 steps  256.0 halting 0.000 births 2800113 deaths 2799450 (1632.2s)
tick   65000 alive   220695 genomes   23031 energy   175.3 steps  256.0 halting 0.000 births 2792223 deaths 2791607 (1662.3s)
tick   66000 alive   223451 genomes   22872 energy   176.4 steps  256.0 halting 0.000 births 2803374 deaths 2800618 (1691.7s)
tick   67000 alive   223619 genomes   23025 energy   176.6 steps  256.0 halting 0.000 births 2785806 deaths 2785638 (1720.9s)
tick   68000 alive   224458 genomes   23011 energy   177.1 steps  256.0 halting 0.000 births 2775494 deaths 2774655 (1749.7s)
tick   69000 alive   226493 genomes   22720 energy   177.4 steps  256.0 halting 0.000 births 2767996 deaths 2765961 (1778.5s)
tick   70000 alive   226385 genomes   22415 energy   177.5 steps  256.0 halting 0.000 births 2763632 deaths 2763740 (1807.1s)
tick   71000 alive   228160 genomes   21954 energy   177.3 steps  256.0 halting 0.000 births 2778789 deaths 2777014 (1835.8s)
tick   72000 alive   227928 genomes   21507 energy   177.2 steps  256.0 halting 0.000 births 2774005 deaths 2774237 (1864.7s)
tick   73000 alive   229735 genomes   21440 energy   177.5 steps  256.0 halting 0.000 births 2792415 deaths 2790608 (1894.3s)
tick   74000 alive   231074 genomes   21328 energy   178.2 steps  256.0 halting 0.000 births 2793488 deaths 2792149 (1923.5s)
tick   75000 alive   230115 genomes   21267 energy   179.9 steps  256.0 halting 0.000 births 2738678 deaths 2739637 (1952.7s)
tick   76000 alive   230145 genomes   21092 energy   180.6 steps  256.0 halting 0.000 births 2696272 deaths 2696242 (1981.2s)
tick   77000 alive   230254 genomes   21053 energy   180.3 steps  256.0 halting 0.000 births 2674876 deaths 2674767 (2008.9s)
tick   78000 alive   230760 genomes   21397 energy   180.3 steps  256.0 halting 0.000 births 2680531 deaths 2680025 (2036.6s)
tick   79000 alive   231260 genomes   21032 energy   180.7 steps  256.0 halting 0.000 births 2667163 deaths 2666663 (2064.4s)
tick   80000 alive   229951 genomes   21134 energy   180.9 steps  256.0 halting 0.000 births 2676935 deaths 2678244 (2092.6s)
tick   81000 alive   229093 genomes   21263 energy   180.1 steps  256.0 halting 0.000 births 2666431 deaths 2667289 (2120.0s)
tick   82000 alive   228218 genomes   21580 energy   179.5 steps  256.0 halting 0.000 births 2690787 deaths 2691662 (2147.6s)
tick   83000 alive   228716 genomes   22012 energy   179.3 steps  256.0 halting 0.000 births 2685595 deaths 2685097 (2174.5s)
tick   84000 alive   228433 genomes   21770 energy   179.2 steps  256.0 halting 0.000 births 2701827 deaths 2702110 (2201.2s)
tick   85000 alive   229679 genomes   22406 energy   177.6 steps  256.0 halting 0.000 births 2736369 deaths 2735123 (2227.9s)
tick   86000 alive   228609 genomes   23232 energy   177.3 steps  256.0 halting 0.000 births 2769106 deaths 2770176 (2254.2s)
tick   87000 alive   229669 genomes   23377 energy   177.3 steps  256.0 halting 0.000 births 2777571 deaths 2776511 (2280.6s)
tick   88000 alive   228833 genomes   23864 energy   178.3 steps  256.0 halting 0.000 births 2763578 deaths 2764414 (2306.2s)
tick   89000 alive   228197 genomes   23861 energy   178.3 steps  256.0 halting 0.000 births 2741976 deaths 2742612 (2332.0s)
tick   90000 alive   229547 genomes   23683 energy   179.3 steps  256.0 halting 0.000 births 2705817 deaths 2704467 (2357.4s)
tick   91000 alive   228372 genomes   24211 energy   178.8 steps  256.0 halting 0.000 births 2705148 deaths 2706323 (2382.8s)
tick   92000 alive   229301 genomes   24011 energy   180.0 steps  256.0 halting 0.000 births 2692811 deaths 2691882 (2407.8s)
tick   93000 alive   227469 genomes   23610 energy   180.6 steps  256.0 halting 0.000 births 2656227 deaths 2658059 (2432.9s)
tick   94000 alive   226367 genomes   23186 energy   179.8 steps  256.0 halting 0.000 births 2624657 deaths 2625759 (2458.2s)
tick   95000 alive   225968 genomes   23355 energy   179.0 steps  256.0 halting 0.000 births 2637913 deaths 2638312 (2483.2s)
tick   96000 alive   227874 genomes   22835 energy   179.1 steps  256.0 halting 0.000 births 2672560 deaths 2670654 (2508.2s)
tick   97000 alive   229385 genomes   22726 energy   179.4 steps  256.0 halting 0.000 births 2694063 deaths 2692552 (2533.2s)
tick   98000 alive   228905 genomes   22223 energy   179.6 steps  256.0 halting 0.000 births 2679624 deaths 2680104 (2558.2s)
tick   99000 alive   227684 genomes   21701 energy   180.0 steps  256.0 halting 0.000 births 2647420 deaths 2648641 (2582.6s)
tick  100000 alive   229281 genomes   21091 energy   179.7 steps  256.0 halting 0.000 births 2639940 deaths 2638343 (2607.6s)
tick  101000 alive   229523 genomes   20576 energy   179.6 steps  256.0 halting 0.000 births 2656114 deaths 2655872 (2632.7s)
tick  102000 alive   229607 genomes   20656 energy   180.1 steps  256.0 halting 0.000 births 2662223 deaths 2662139 (2657.4s)
tick  103000 alive   229532 genomes   20738 energy   181.1 steps  256.0 halting 0.000 births 2630946 deaths 2631021 (2682.0s)
tick  104000 alive   226710 genomes   20840 energy   181.8 steps  256.0 halting 0.000 births 2572344 deaths 2575166 (2706.6s)
tick  105000 alive   225816 genomes   20885 energy   181.6 steps  256.0 halting 0.000 births 2527709 deaths 2528603 (2731.1s)
tick  106000 alive   224546 genomes   21129 energy   181.2 steps  256.0 halting 0.000 births 2527359 deaths 2528629 (2755.8s)
tick  107000 alive   223628 genomes   20913 energy   181.2 steps  256.0 halting 0.000 births 2520676 deaths 2521594 (2780.4s)
tick  108000 alive   225153 genomes   20265 energy   181.2 steps  256.0 halting 0.000 births 2527124 deaths 2525599 (2804.8s)
tick  109000 alive   225257 genomes   20368 energy   180.8 steps  256.0 halting 0.000 births 2549639 deaths 2549535 (2830.0s)
tick  110000 alive   225934 genomes   20003 energy   180.9 steps  256.0 halting 0.000 births 2520190 deaths 2519513 (2854.9s)
tick  111000 alive   227456 genomes   19980 energy   181.1 steps  256.0 halting 0.000 births 2553361 deaths 2551839 (2880.1s)
tick  112000 alive   228205 genomes   19834 energy   181.8 steps  256.0 halting 0.000 births 2537808 deaths 2537059 (2905.1s)
tick  113000 alive   227566 genomes   19681 energy   181.7 steps  256.0 halting 0.000 births 2523967 deaths 2524606 (2930.2s)
tick  114000 alive   228454 genomes   19626 energy   180.9 steps  256.0 halting 0.000 births 2565531 deaths 2564643 (2955.6s)
tick  115000 alive   228649 genomes   19195 energy   180.8 steps  256.0 halting 0.000 births 2582115 deaths 2581920 (2981.1s)
tick  116000 alive   228795 genomes   19095 energy   181.1 steps  256.0 halting 0.000 births 2581523 deaths 2581377 (3006.7s)
tick  117000 alive   229821 genomes   18758 energy   180.9 steps  256.0 halting 0.000 births 2590553 deaths 2589527 (3032.4s)
tick  118000 alive   230686 genomes   18713 energy   180.3 steps  256.0 halting 0.000 births 2599591 deaths 2598726 (3057.5s)
tick  119000 alive   230550 genomes   18999 energy   180.6 steps  256.0 halting 0.000 births 2613297 deaths 2613433 (3082.1s)
tick  120000 alive   228480 genomes   19513 energy   180.1 steps  256.0 halting 0.000 births 2617228 deaths 2619298 (3106.7s)
tick  121000 alive   229063 genomes   19701 energy   180.2 steps  256.0 halting 0.000 births 2615015 deaths 2614432 (3131.5s)
tick  122000 alive   230066 genomes   20178 energy   180.4 steps  256.0 halting 0.000 births 2600450 deaths 2599447 (3155.9s)
tick  123000 alive   230746 genomes   20546 energy   180.4 steps  256.0 halting 0.000 births 2620534 deaths 2619854 (3180.2s)
tick  124000 alive   228699 genomes   21294 energy   180.4 steps  256.0 halting 0.000 births 2594668 deaths 2596715 (3203.8s)
tick  125000 alive   229108 genomes   21271 energy   180.7 steps  256.0 halting 0.000 births 2602392 deaths 2601983 (3227.5s)
tick  126000 alive   228554 genomes   21646 energy   180.2 steps  256.0 halting 0.000 births 2589783 deaths 2590337 (3251.6s)
tick  127000 alive   227754 genomes   20917 energy   180.3 steps  256.0 halting 0.000 births 2573139 deaths 2573939 (3276.0s)
tick  128000 alive   228555 genomes   20252 energy   180.3 steps  256.0 halting 0.000 births 2586427 deaths 2585626 (3300.6s)
tick  129000 alive   230318 genomes   19613 energy   179.9 steps  256.0 halting 0.000 births 2568822 deaths 2567059 (3325.1s)
tick  130000 alive   231304 genomes   19255 energy   180.4 steps  256.0 halting 0.000 births 2595677 deaths 2594691 (3350.1s)
tick  131000 alive   230547 genomes   19194 energy   181.1 steps  256.0 halting 0.000 births 2568795 deaths 2569552 (3374.7s)
tick  132000 alive   231299 genomes   19578 energy   181.7 steps  256.0 halting 0.000 births 2545992 deaths 2545240 (3399.6s)
tick  133000 alive   230633 genomes   19816 energy   182.1 steps  256.0 halting 0.000 births 2531499 deaths 2532165 (3424.1s)
tick  134000 alive   231153 genomes   20157 energy   182.8 steps  256.0 halting 0.000 births 2508462 deaths 2507942 (3448.5s)
tick  135000 alive   231484 genomes   20441 energy   182.7 steps  256.0 halting 0.000 births 2520235 deaths 2519904 (3472.9s)
tick  136000 alive   231636 genomes   21175 energy   181.5 steps  256.0 halting 0.000 births 2546732 deaths 2546580 (3497.1s)
tick  137000 alive   231037 genomes   21411 energy   182.3 steps  256.0 halting 0.000 births 2550147 deaths 2550746 (3521.2s)
tick  138000 alive   230462 genomes   21506 energy   182.2 steps  256.0 halting 0.000 births 2534302 deaths 2534877 (3545.4s)
tick  139000 alive   229882 genomes   21438 energy   182.5 steps  256.0 halting 0.000 births 2519257 deaths 2519837 (3569.1s)
tick  140000 alive   230711 genomes   21001 energy   183.4 steps  256.0 halting 0.000 births 2489472 deaths 2488643 (3592.6s)
tick  141000 alive   232343 genomes   21094 energy   182.6 steps  256.0 halting 0.000 births 2490607 deaths 2488975 (3616.2s)
tick  142000 alive   232965 genomes   20910 energy   183.4 steps  256.0 halting 0.000 births 2514988 deaths 2514366 (3639.8s)
tick  143000 alive   232172 genomes   20574 energy   184.2 steps  256.0 halting 0.000 births 2480265 deaths 2481058 (3663.2s)
tick  144000 alive   232245 genomes   21018 energy   183.6 steps  256.0 halting 0.000 births 2467820 deaths 2467747 (3686.8s)
tick  145000 alive   232022 genomes   20724 energy   183.4 steps  256.0 halting 0.000 births 2484091 deaths 2484314 (3710.6s)
tick  146000 alive   232043 genomes   21055 energy   183.2 steps  256.0 halting 0.000 births 2497171 deaths 2497150 (3734.1s)
tick  147000 alive   231782 genomes   20792 energy   183.2 steps  256.0 halting 0.000 births 2488774 deaths 2489035 (3757.7s)
tick  148000 alive   230724 genomes   20457 energy   183.0 steps  256.0 halting 0.000 births 2480138 deaths 2481196 (3780.8s)
tick  149000 alive   232069 genomes   20367 energy   182.9 steps  256.0 halting 0.000 births 2479829 deaths 2478484 (3804.5s)
tick  150000 alive   232034 genomes   20200 energy   184.1 steps  256.0 halting 0.000 births 2477344 deaths 2477379 (3827.7s)
tick  151000 alive   232049 genomes   20227 energy   184.3 steps  256.0 halting 0.000 births 2450013 deaths 2449998 (3851.1s)
tick  152000 alive   230904 genomes   20214 energy   184.0 steps  256.0 halting 0.000 births 2430796 deaths 2431941 (3874.4s)
tick  153000 alive   230304 genomes   19682 energy   184.3 steps  256.0 halting 0.000 births 2434258 deaths 2434858 (3898.1s)
tick  154000 alive   231345 genomes   19610 energy   183.7 steps  256.0 halting 0.000 births 2432111 deaths 2431070 (3921.5s)
tick  155000 alive   231118 genomes   19806 energy   182.9 steps  256.0 halting 0.000 births 2454747 deaths 2454974 (3945.0s)
tick  156000 alive   230635 genomes   19832 energy   183.2 steps  256.0 halting 0.000 births 2465649 deaths 2466132 (3968.2s)
tick  157000 alive   231189 genomes   20193 energy   182.8 steps  256.0 halting 0.000 births 2460715 deaths 2460161 (3991.6s)
tick  158000 alive   231619 genomes   20123 energy   183.1 steps  256.0 halting 0.000 births 2458447 deaths 2458017 (4014.7s)
tick  159000 alive   231262 genomes   20054 energy   183.4 steps  256.0 halting 0.000 births 2444106 deaths 2444463 (4038.2s)
tick  160000 alive   231017 genomes   20198 energy   183.8 steps  256.0 halting 0.000 births 2432911 deaths 2433156 (4061.6s)
tick  161000 alive   232231 genomes   20213 energy   184.0 steps  256.0 halting 0.000 births 2435375 deaths 2434161 (4085.2s)
tick  162000 alive   231595 genomes   19730 energy   184.5 steps  256.0 halting 0.000 births 2426815 deaths 2427451 (4108.5s)
tick  163000 alive   232425 genomes   20069 energy   184.1 steps  256.0 halting 0.000 births 2420312 deaths 2419482 (4132.1s)
tick  164000 alive   232181 genomes   20044 energy   184.6 steps  256.0 halting 0.000 births 2398587 deaths 2398831 (4155.7s)
tick  165000 alive   231551 genomes   20323 energy   184.4 steps  256.0 halting 0.000 births 2412625 deaths 2413255 (4179.2s)
tick  166000 alive   231683 genomes   20268 energy   183.9 steps  256.0 halting 0.000 births 2391331 deaths 2391199 (4202.4s)
tick  167000 alive   231802 genomes   20364 energy   183.6 steps  256.0 halting 0.000 births 2427492 deaths 2427373 (4225.1s)
tick  168000 alive   231539 genomes   20176 energy   183.6 steps  256.0 halting 0.000 births 2422933 deaths 2423196 (4248.6s)
tick  169000 alive   232056 genomes   20192 energy   183.9 steps  256.0 halting 0.000 births 2415501 deaths 2414984 (4271.8s)
tick  170000 alive   232645 genomes   20488 energy   183.4 steps  256.0 halting 0.000 births 2424652 deaths 2424063 (4294.7s)
tick  171000 alive   232732 genomes   20793 energy   182.2 steps  256.0 halting 0.000 births 2462100 deaths 2462013 (4317.5s)
tick  172000 alive   232292 genomes   20795 energy   181.2 steps  256.0 halting 0.000 births 2498476 deaths 2498916 (4340.3s)
tick  173000 alive   232947 genomes   20343 energy   182.7 steps  256.0 halting 0.000 births 2474198 deaths 2473543 (4363.0s)
tick  174000 alive   234150 genomes   20561 energy   182.4 steps  256.0 halting 0.000 births 2486781 deaths 2485578 (4386.1s)
tick  175000 alive   234132 genomes   20948 energy   182.2 steps  256.0 halting 0.000 births 2503783 deaths 2503801 (4409.1s)
tick  176000 alive   232808 genomes   20801 energy   182.7 steps  256.0 halting 0.000 births 2482371 deaths 2483695 (4432.2s)
tick  177000 alive   232350 genomes   20715 energy   182.6 steps  256.0 halting 0.000 births 2477589 deaths 2478047 (4455.3s)
tick  178000 alive   232305 genomes   20755 energy   183.0 steps  256.0 halting 0.000 births 2455346 deaths 2455391 (4478.2s)
tick  179000 alive   232638 genomes   20544 energy   184.6 steps  256.0 halting 0.000 births 2427194 deaths 2426861 (4501.0s)
tick  180000 alive   232409 genomes   20722 energy   184.3 steps  256.0 halting 0.000 births 2419862 deaths 2420091 (4523.9s)
tick  181000 alive   231593 genomes   20840 energy   183.0 steps  256.0 halting 0.000 births 2439607 deaths 2440423 (4546.5s)
tick  182000 alive   231791 genomes   21024 energy   182.2 steps  256.0 halting 0.000 births 2478411 deaths 2478213 (4569.4s)
tick  183000 alive   232113 genomes   20598 energy   182.7 steps  256.0 halting 0.000 births 2477278 deaths 2476956 (4592.4s)
tick  184000 alive   230620 genomes   20198 energy   181.9 steps  256.0 halting 0.000 births 2476469 deaths 2477962 (4615.1s)
tick  185000 alive   231343 genomes   19885 energy   181.7 steps  256.0 halting 0.000 births 2478256 deaths 2477533 (4637.9s)
tick  186000 alive   231849 genomes   19591 energy   181.8 steps  256.0 halting 0.000 births 2491754 deaths 2491248 (4660.3s)
tick  187000 alive   232840 genomes   20166 energy   181.5 steps  256.0 halting 0.000 births 2497689 deaths 2496698 (4682.9s)
tick  188000 alive   232875 genomes   20433 energy   181.9 steps  256.0 halting 0.000 births 2497465 deaths 2497430 (4704.8s)
tick  189000 alive   232942 genomes   20919 energy   181.5 steps  256.0 halting 0.000 births 2520111 deaths 2520044 (4727.1s)
tick  190000 alive   231212 genomes   21861 energy   182.0 steps  256.0 halting 0.000 births 2499167 deaths 2500897 (4748.8s)
tick  191000 alive   231405 genomes   21835 energy   182.5 steps  256.0 halting 0.000 births 2481599 deaths 2481406 (4770.5s)
tick  192000 alive   230742 genomes   22403 energy   182.9 steps  256.0 halting 0.000 births 2475270 deaths 2475933 (4792.1s)
tick  193000 alive   230827 genomes   22762 energy   182.8 steps  256.0 halting 0.000 births 2469862 deaths 2469777 (4813.5s)
tick  194000 alive   230360 genomes   22900 energy   182.9 steps  256.0 halting 0.000 births 2481169 deaths 2481636 (4834.9s)
tick  195000 alive   230415 genomes   23212 energy   182.6 steps  256.0 halting 0.000 births 2472654 deaths 2472599 (4856.1s)
tick  196000 alive   229425 genomes   23287 energy   183.2 steps  256.0 halting 0.000 births 2459316 deaths 2460306 (4877.2s)
tick  197000 alive   228754 genomes   22960 energy   182.6 steps  256.0 halting 0.000 births 2447568 deaths 2448239 (4898.9s)
tick  198000 alive   228676 genomes   23136 energy   181.7 steps  256.0 halting 0.000 births 2472835 deaths 2472913 (4920.5s)
tick  199000 alive   229476 genomes   22853 energy   181.0 steps  256.0 halting 0.000 births 2494526 deaths 2493726 (4942.3s)
tick  200000 alive   228865 genomes   22872 energy   180.3 steps  256.0 halting 0.000 births 2510509 deaths 2511120 (4964.4s)
tick  201000 alive   230727 genomes   22933 energy   180.5 steps  256.0 halting 0.000 births 2533220 deaths 2531358 (4986.5s)
tick  202000 alive   230172 genomes   23630 energy   180.9 steps  256.0 halting 0.000 births 2544235 deaths 2544790 (5008.2s)
tick  203000 alive   231253 genomes   24336 energy   181.1 steps  256.0 halting 0.000 births 2529395 deaths 2528314 (5030.2s)
tick  204000 alive   231185 genomes   24328 energy   182.5 steps  256.0 halting 0.000 births 2501639 deaths 2501707 (5051.5s)
tick  205000 alive   229873 genomes   24563 energy   183.1 steps  256.0 halting 0.000 births 2452515 deaths 2453827 (5072.8s)
tick  206000 alive   228585 genomes   24804 energy   183.2 steps  256.0 halting 0.000 births 2439333 deaths 2440621 (5093.9s)
tick  207000 alive   228438 genomes   24537 energy   183.1 steps  256.0 halting 0.000 births 2427631 deaths 2427778 (5114.9s)
tick  208000 alive   228108 genomes   24594 energy   182.8 steps  256.0 halting 0.000 births 2419744 deaths 2420074 (5136.6s)
tick  209000 alive   227947 genomes   24332 energy   182.6 steps  256.0 halting 0.000 births 2432904 deaths 2433065 (5157.7s)
tick  210000 alive   228610 genomes   23293 energy   183.1 steps  256.0 halting 0.000 births 2419420 deaths 2418757 (5179.3s)
tick  211000 alive   229295 genomes   22840 energy   182.1 steps  256.0 halting 0.000 births 2420435 deaths 2419750 (5200.6s)
tick  212000 alive   229221 genomes   22433 energy   182.0 steps  256.0 halting 0.000 births 2447205 deaths 2447279 (5222.2s)
tick  213000 alive   229866 genomes   22194 energy   182.0 steps  256.0 halting 0.000 births 2469742 deaths 2469097 (5243.8s)
tick  214000 alive   229594 genomes   21640 energy   182.3 steps  256.0 halting 0.000 births 2467959 deaths 2468231 (5265.3s)
tick  215000 alive   230397 genomes   21794 energy   182.1 steps  256.0 halting 0.000 births 2457276 deaths 2456473 (5287.2s)
tick  216000 alive   228895 genomes   21716 energy   181.9 steps  256.0 halting 0.000 births 2455635 deaths 2457137 (5308.4s)
tick  217000 alive   229775 genomes   21686 energy   182.0 steps  256.0 halting 0.000 births 2445506 deaths 2444626 (5329.7s)
tick  218000 alive   229874 genomes   21718 energy   182.2 steps  256.0 halting 0.000 births 2439567 deaths 2439468 (5351.0s)
tick  219000 alive   229066 genomes   21797 energy   181.7 steps  256.0 halting 0.000 births 2453328 deaths 2454136 (5372.6s)
tick  220000 alive   230000 genomes   21833 energy   181.3 steps  256.0 halting 0.000 births 2465525 deaths 2464591 (5393.8s)
tick  221000 alive   228464 genomes   22051 energy   181.1 steps  256.0 halting 0.000 births 2472152 deaths 2473688 (5415.3s)
tick  222000 alive   229563 genomes   21801 energy   181.5 steps  256.0 halting 0.000 births 2462717 deaths 2461618 (5436.6s)
tick  223000 alive   228917 genomes   21930 energy   180.9 steps  256.0 halting 0.000 births 2456107 deaths 2456753 (5457.4s)
tick  224000 alive   228824 genomes   22458 energy   181.2 steps  256.0 halting 0.000 births 2460898 deaths 2460991 (5478.0s)
tick  225000 alive   228966 genomes   23058 energy   180.9 steps  256.0 halting 0.000 births 2484091 deaths 2483949 (5499.0s)
tick  226000 alive   229069 genomes   23684 energy   180.6 steps  256.0 halting 0.000 births 2493437 deaths 2493334 (5519.5s)
tick  227000 alive   228682 genomes   24139 energy   180.6 steps  256.0 halting 0.000 births 2520257 deaths 2520644 (5539.9s)
tick  228000 alive   229613 genomes   24563 energy   180.4 steps  256.0 halting 0.000 births 2523759 deaths 2522828 (5560.2s)
tick  229000 alive   228787 genomes   24960 energy   180.6 steps  256.0 halting 0.000 births 2541931 deaths 2542757 (5580.2s)
tick  230000 alive   228941 genomes   25549 energy   180.3 steps  256.0 halting 0.000 births 2526216 deaths 2526062 (5600.3s)
tick  231000 alive   227285 genomes   25997 energy   180.8 steps  256.0 halting 0.000 births 2522872 deaths 2524528 (5620.2s)
tick  232000 alive   227706 genomes   26397 energy   181.7 steps  256.0 halting 0.000 births 2486728 deaths 2486307 (5640.1s)
tick  233000 alive   226674 genomes   26115 energy   183.3 steps  256.0 halting 0.000 births 2445480 deaths 2446512 (5659.7s)
tick  234000 alive   224956 genomes   25720 energy   183.2 steps  256.0 halting 0.000 births 2404440 deaths 2406158 (5679.3s)
tick  235000 alive   225028 genomes   25532 energy   182.0 steps  256.0 halting 0.000 births 2404548 deaths 2404476 (5699.1s)
tick  236000 alive   225265 genomes   25000 energy   182.4 steps  256.0 halting 0.000 births 2406303 deaths 2406066 (5718.5s)
tick  237000 alive   226442 genomes   24183 energy   182.1 steps  256.0 halting 0.000 births 2404608 deaths 2403431 (5738.3s)
tick  238000 alive   227004 genomes   24190 energy   182.2 steps  256.0 halting 0.000 births 2416129 deaths 2415567 (5758.4s)
tick  239000 alive   227003 genomes   23971 energy   181.8 steps  256.0 halting 0.000 births 2438170 deaths 2438171 (5778.3s)
tick  240000 alive   226477 genomes   23574 energy   181.6 steps  256.0 halting 0.000 births 2446272 deaths 2446798 (5798.5s)
tick  241000 alive   226980 genomes   23740 energy   181.4 steps  256.0 halting 0.000 births 2438871 deaths 2438368 (5818.6s)
tick  242000 alive   227225 genomes   23888 energy   181.6 steps  256.0 halting 0.000 births 2449013 deaths 2448768 (5838.7s)
tick  243000 alive   226902 genomes   24162 energy   181.2 steps  256.0 halting 0.000 births 2467867 deaths 2468190 (5858.6s)
tick  244000 alive   228112 genomes   24168 energy   180.6 steps  256.0 halting 0.000 births 2479201 deaths 2477991 (5879.0s)
tick  245000 alive   227568 genomes   23610 energy   180.8 steps  256.0 halting 0.000 births 2493813 deaths 2494357 (5898.8s)
tick  246000 alive   227681 genomes   23741 energy   180.2 steps  256.0 halting 0.000 births 2498091 deaths 2497978 (5918.6s)
tick  247000 alive   228123 genomes   23540 energy   180.5 steps  256.0 halting 0.000 births 2500792 deaths 2500350 (5938.3s)
tick  248000 alive   227660 genomes   23636 energy   181.2 steps  256.0 halting 0.000 births 2481935 deaths 2482398 (5957.8s)
tick  249000 alive   227014 genomes   24271 energy   181.2 steps  256.0 halting 0.000 births 2463934 deaths 2464580 (5977.5s)
tick  250000 alive   226753 genomes   24073 energy   181.6 steps  256.0 halting 0.000 births 2464600 deaths 2464861 (5996.6s)
tick  251000 alive   226679 genomes   24104 energy   182.0 steps  256.0 halting 0.000 births 2430561 deaths 2430635 (6015.8s)
tick  252000 alive   227096 genomes   23888 energy   181.9 steps  256.0 halting 0.000 births 2427813 deaths 2427396 (6035.1s)
tick  253000 alive   226997 genomes   23532 energy   181.8 steps  256.0 halting 0.000 births 2443212 deaths 2443311 (6054.6s)
tick  254000 alive   227475 genomes   23588 energy   181.4 steps  256.0 halting 0.000 births 2463655 deaths 2463177 (6074.5s)
tick  255000 alive   227732 genomes   23855 energy   181.3 steps  256.0 halting 0.000 births 2475478 deaths 2475221 (6094.1s)
tick  256000 alive   228048 genomes   23493 energy   181.5 steps  256.0 halting 0.000 births 2474161 deaths 2473845 (6114.0s)
tick  257000 alive   227346 genomes   23899 energy   181.2 steps  256.0 halting 0.000 births 2474716 deaths 2475418 (6134.2s)
tick  258000 alive   226369 genomes   23871 energy   181.2 steps  256.0 halting 0.000 births 2472991 deaths 2473968 (6154.3s)
tick  259000 alive   226167 genomes   23980 energy   180.8 steps  256.0 halting 0.000 births 2473814 deaths 2474016 (6174.4s)
tick  260000 alive   226935 genomes   23994 energy   180.7 steps  256.0 halting 0.000 births 2486609 deaths 2485841 (6194.0s)
tick  261000 alive   227917 genomes   24108 energy   180.4 steps  256.0 halting 0.000 births 2498989 deaths 2498007 (6213.6s)
tick  262000 alive   226729 genomes   24323 energy   180.1 steps  256.0 halting 0.000 births 2501276 deaths 2502464 (6233.1s)
tick  263000 alive   227608 genomes   24686 energy   179.8 steps  256.0 halting 0.000 births 2489432 deaths 2488553 (6252.5s)
tick  264000 alive   226272 genomes   24611 energy   180.8 steps  256.0 halting 0.000 births 2484166 deaths 2485502 (6271.8s)
tick  265000 alive   226911 genomes   24815 energy   180.7 steps  256.0 halting 0.000 births 2462068 deaths 2461429 (6291.0s)
tick  266000 alive   227603 genomes   24834 energy   180.7 steps  256.0 halting 0.000 births 2475196 deaths 2474504 (6310.2s)
tick  267000 alive   227974 genomes   24728 energy   181.1 steps  256.0 halting 0.000 births 2473501 deaths 2473130 (6329.3s)
tick  268000 alive   227707 genomes   25181 energy   181.1 steps  256.0 halting 0.000 births 2470642 deaths 2470909 (6348.3s)
tick  269000 alive   227220 genomes   25264 energy   181.2 steps  256.0 halting 0.000 births 2481838 deaths 2482325 (6367.0s)
tick  270000 alive   226515 genomes   26024 energy   181.0 steps  256.0 halting 0.000 births 2484299 deaths 2485004 (6385.8s)
tick  271000 alive   226421 genomes   26150 energy   181.1 steps  256.0 halting 0.000 births 2486997 deaths 2487091 (6405.0s)
tick  272000 alive   226199 genomes   26409 energy   181.9 steps  256.0 halting 0.000 births 2468071 deaths 2468293 (6423.6s)
tick  273000 alive   226059 genomes   25692 energy   181.4 steps  256.0 halting 0.000 births 2447692 deaths 2447832 (6442.2s)
tick  274000 alive   225573 genomes   25364 energy   181.1 steps  256.0 halting 0.000 births 2452123 deaths 2452609 (6460.8s)
tick  275000 alive   227243 genomes   25100 energy   180.3 steps  256.0 halting 0.000 births 2484140 deaths 2482470 (6479.4s)
tick  276000 alive   227741 genomes   24917 energy   179.7 steps  256.0 halting 0.000 births 2512108 deaths 2511610 (6498.1s)
tick  277000 alive   226218 genomes   25275 energy   179.0 steps  256.0 halting 0.000 births 2534718 deaths 2536241 (6517.1s)
tick  278000 alive   227282 genomes   25395 energy   179.7 steps  256.0 halting 0.000 births 2551717 deaths 2550653 (6535.8s)
tick  279000 alive   226138 genomes   25424 energy   180.2 steps  256.0 halting 0.000 births 2547236 deaths 2548380 (6554.4s)
tick  280000 alive   226227 genomes   25805 energy   179.6 steps  256.0 halting 0.000 births 2545339 deaths 2545250 (6572.9s)
tick  281000 alive   225688 genomes   26294 energy   179.4 steps  256.0 halting 0.000 births 2548014 deaths 2548553 (6591.6s)
tick  282000 alive   226052 genomes   26099 energy   180.0 steps  256.0 halting 0.000 births 2540910 deaths 2540546 (6610.2s)
tick  283000 alive   225813 genomes   26651 energy   180.7 steps  256.0 halting 0.000 births 2525620 deaths 2525859 (6628.6s)
tick  284000 alive   226423 genomes   26346 energy   180.9 steps  256.0 halting 0.000 births 2509714 deaths 2509104 (6647.0s)
tick  285000 alive   226897 genomes   26575 energy   181.2 steps  256.0 halting 0.000 births 2497921 deaths 2497447 (6665.5s)
tick  286000 alive   226354 genomes   26403 energy   181.5 steps  256.0 halting 0.000 births 2487928 deaths 2488471 (6683.9s)
tick  287000 alive   225824 genomes   26002 energy   181.8 steps  256.0 halting 0.000 births 2460761 deaths 2461291 (6702.2s)
tick  288000 alive   225939 genomes   26067 energy   181.1 steps  256.0 halting 0.000 births 2487559 deaths 2487444 (6720.6s)
tick  289000 alive   225384 genomes   26088 energy   181.9 steps  256.0 halting 0.000 births 2466166 deaths 2466721 (6738.8s)
tick  290000 alive   226015 genomes   26124 energy   181.9 steps  256.0 halting 0.000 births 2479038 deaths 2478407 (6757.2s)
tick  291000 alive   224868 genomes   25811 energy   181.9 steps  256.0 halting 0.000 births 2455845 deaths 2456992 (6775.8s)
tick  292000 alive   225913 genomes   25497 energy   181.0 steps  256.0 halting 0.000 births 2476575 deaths 2475530 (6794.5s)
tick  293000 alive   225266 genomes   25443 energy   180.8 steps  256.0 halting 0.000 births 2492758 deaths 2493405 (6813.2s)
tick  294000 alive   223941 genomes   25209 energy   180.9 steps  256.0 halting 0.000 births 2503126 deaths 2504451 (6832.0s)
tick  295000 alive   225210 genomes   24671 energy   181.1 steps  256.0 halting 0.000 births 2489228 deaths 2487959 (6851.0s)
tick  296000 alive   224510 genomes   24618 energy   180.9 steps  256.0 halting 0.000 births 2490324 deaths 2491024 (6870.0s)
tick  297000 alive   224427 genomes   24700 energy   180.2 steps  256.0 halting 0.000 births 2512911 deaths 2512994 (6889.1s)
tick  298000 alive   223677 genomes   24653 energy   180.5 steps  256.0 halting 0.000 births 2516146 deaths 2516896 (6908.6s)
tick  299000 alive   223502 genomes   24046 energy   180.7 steps  256.0 halting 0.000 births 2489298 deaths 2489473 (6928.2s)
tick  300000 alive   225545 genomes   24005 energy   180.3 steps  256.0 halting 0.000 births 2508067 deaths 2506024 (6947.9s)
tick  301000 alive   225314 genomes   23762 energy   180.9 steps  256.0 halting 0.000 births 2521426 deaths 2521657 (6967.8s)
tick  302000 alive   224530 genomes   23678 energy   181.4 steps  256.0 halting 0.000 births 2500891 deaths 2501675 (6987.7s)
tick  303000 alive   225773 genomes   23626 energy   181.6 steps  256.0 halting 0.000 births 2490319 deaths 2489076 (7007.7s)
tick  304000 alive   225089 genomes   23457 energy   182.4 steps  256.0 halting 0.000 births 2470005 deaths 2470689 (7027.9s)
tick  305000 alive   224891 genomes   23690 energy   182.3 steps  256.0 halting 0.000 births 2464160 deaths 2464358 (7048.1s)
tick  306000 alive   223758 genomes   23357 energy   182.6 steps  256.0 halting 0.000 births 2434876 deaths 2436009 (7068.1s)
tick  307000 alive   223742 genomes   23357 energy   182.5 steps  256.0 halting 0.000 births 2424830 deaths 2424846 (7088.1s)
tick  308000 alive   224922 genomes   22789 energy   182.5 steps  256.0 halting 0.000 births 2434701 deaths 2433521 (7108.4s)
tick  309000 alive   224881 genomes   22839 energy   182.0 steps  256.0 halting 0.000 births 2442117 deaths 2442158 (7128.6s)
tick  310000 alive   224171 genomes   22519 energy   182.4 steps  256.0 halting 0.000 births 2433710 deaths 2434420 (7148.6s)
tick  311000 alive   224001 genomes   22441 energy   182.3 steps  256.0 halting 0.000 births 2413531 deaths 2413701 (7168.3s)
tick  312000 alive   225360 genomes   22550 energy   182.5 steps  256.0 halting 0.000 births 2432698 deaths 2431339 (7188.1s)
tick  313000 alive   225687 genomes   22551 energy   181.7 steps  256.0 halting 0.000 births 2440730 deaths 2440403 (7207.8s)
tick  314000 alive   226952 genomes   22183 energy   181.8 steps  256.0 halting 0.000 births 2456304 deaths 2455039 (7227.5s)
tick  315000 alive   226878 genomes   22156 energy   180.7 steps  256.0 halting 0.000 births 2490748 deaths 2490822 (7247.3s)
tick  316000 alive   226427 genomes   22478 energy   180.0 steps  256.0 halting 0.000 births 2518123 deaths 2518574 (7267.1s)
tick  317000 alive   226607 genomes   22983 energy   180.2 steps  256.0 halting 0.000 births 2549616 deaths 2549436 (7287.2s)
tick  318000 alive   225792 genomes   23250 energy   180.6 steps  256.0 halting 0.000 births 2541794 deaths 2542609 (7306.8s)
tick  319000 alive   225442 genomes   23628 energy   181.6 steps  256.0 halting 0.000 births 2513039 deaths 2513389 (7326.5s)
tick  320000 alive   225648 genomes   23673 energy   181.1 steps  256.0 halting 0.000 births 2503551 deaths 2503345 (7346.1s)
tick  321000 alive   225558 genomes   23797 energy   180.4 steps  256.0 halting 0.000 births 2536843 deaths 2536933 (7365.7s)
tick  322000 alive   225544 genomes   23517 energy   181.9 steps  256.0 halting 0.000 births 2524785 deaths 2524799 (7385.3s)
tick  323000 alive   225320 genomes   23258 energy   181.9 steps  256.0 halting 0.000 births 2509094 deaths 2509318 (7404.8s)
tick  324000 alive   224517 genomes   22946 energy   181.7 steps  256.0 halting 0.000 births 2491416 deaths 2492219 (7424.2s)
tick  325000 alive   225757 genomes   22961 energy   182.6 steps  256.0 halting 0.000 births 2468628 deaths 2467388 (7443.5s)
tick  326000 alive   224583 genomes   23083 energy   182.8 steps  256.0 halting 0.000 births 2454330 deaths 2455504 (7462.6s)
tick  327000 alive   225280 genomes   23052 energy   181.0 steps  256.0 halting 0.000 births 2477139 deaths 2476442 (7481.8s)
tick  328000 alive   226431 genomes   23166 energy   181.4 steps  256.0 halting 0.000 births 2486047 deaths 2484896 (7501.2s)
tick  329000 alive   225737 genomes   23277 energy   181.0 steps  256.0 halting 0.000 births 2497731 deaths 2498425 (7520.6s)
tick  330000 alive   225193 genomes   23198 energy   181.3 steps  256.0 halting 0.000 births 2488464 deaths 2489008 (7539.9s)
tick  331000 alive   226020 genomes   23111 energy   181.0 steps  256.0 halting 0.000 births 2490622 deaths 2489795 (7559.1s)
tick  332000 alive   225338 genomes   23362 energy   181.8 steps  256.0 halting 0.000 births 2493101 deaths 2493783 (7578.2s)
tick  333000 alive   225632 genomes   23586 energy   181.6 steps  256.0 halting 0.000 births 2485012 deaths 2484718 (7597.2s)
tick  334000 alive   225050 genomes   23502 energy   181.9 steps  256.0 halting 0.000 births 2448140 deaths 2448722 (7616.3s)
tick  335000 alive   225945 genomes   23778 energy   182.4 steps  256.0 halting 0.000 births 2453170 deaths 2452275 (7635.6s)
tick  336000 alive   225891 genomes   24025 energy   182.1 steps  256.0 halting 0.000 births 2460658 deaths 2460712 (7655.0s)
tick  337000 alive   225124 genomes   23979 energy   181.4 steps  256.0 halting 0.000 births 2467838 deaths 2468605 (7674.4s)
tick  338000 alive   226318 genomes   23666 energy   181.8 steps  256.0 halting 0.000 births 2483408 deaths 2482214 (7693.9s)
tick  339000 alive   225979 genomes   23553 energy   181.5 steps  256.0 halting 0.000 births 2503372 deaths 2503711 (7713.3s)
tick  340000 alive   225390 genomes   23254 energy   181.8 steps  256.0 halting 0.000 births 2480095 deaths 2480684 (7732.8s)
tick  341000 alive   225516 genomes   23144 energy   181.4 steps  256.0 halting 0.000 births 2479136 deaths 2479010 (7752.1s)
tick  342000 alive   224191 genomes   23437 energy   180.9 steps  256.0 halting 0.000 births 2481812 deaths 2483137 (7771.3s)
tick  343000 alive   222122 genomes   23337 energy   180.6 steps  256.0 halting 0.000 births 2467633 deaths 2469702 (7790.5s)
tick  344000 alive   222484 genomes   23087 energy   181.5 steps  256.0 halting 0.000 births 2452069 deaths 2451707 (7809.5s)
tick  345000 alive   224386 genomes   22692 energy   180.7 steps  256.0 halting 0.000 births 2459278 deaths 2457376 (7829.0s)
tick  346000 alive   224173 genomes   22593 energy   180.6 steps  256.0 halting 0.000 births 2489624 deaths 2489837 (7848.3s)
tick  347000 alive   223940 genomes   22496 energy   180.6 steps  256.0 halting 0.000 births 2486512 deaths 2486745 (7867.8s)
tick  348000 alive   224510 genomes   22517 energy   180.5 steps  256.0 halting 0.000 births 2497287 deaths 2496717 (7887.5s)
tick  349000 alive   225295 genomes   22303 energy   179.6 steps  256.0 halting 0.000 births 2517131 deaths 2516346 (7907.0s)
tick  350000 alive   226371 genomes   22526 energy   179.2 steps  256.0 halting 0.000 births 2555344 deaths 2554268 (7926.7s)
tick  351000 alive   226711 genomes   22677 energy   179.3 steps  256.0 halting 0.000 births 2580118 deaths 2579778 (7946.2s)
tick  352000 alive   227253 genomes   22973 energy   178.9 steps  256.0 halting 0.000 births 2596021 deaths 2595479 (7965.6s)
tick  353000 alive   225719 genomes   22971 energy   178.9 steps  256.0 halting 0.000 births 2575845 deaths 2577379 (7984.9s)
tick  354000 alive   225259 genomes   23091 energy   179.4 steps  256.0 halting 0.000 births 2569923 deaths 2570383 (8004.0s)
tick  355000 alive   224855 genomes   23256 energy   180.4 steps  256.0 halting 0.000 births 2545533 deaths 2545937 (8023.0s)
tick  356000 alive   225134 genomes   23764 energy   179.9 steps  256.0 halting 0.000 births 2520641 deaths 2520362 (8041.8s)
tick  357000 alive   223238 genomes   23988 energy   180.9 steps  256.0 halting 0.000 births 2514264 deaths 2516160 (8060.5s)
tick  358000 alive   223138 genomes   23601 energy   181.2 steps  256.0 halting 0.000 births 2476418 deaths 2476518 (8079.0s)
tick  359000 alive   222166 genomes   23913 energy   180.6 steps  256.0 halting 0.000 births 2468082 deaths 2469054 (8097.2s)
tick  360000 alive   222037 genomes   23415 energy   180.8 steps  256.0 halting 0.000 births 2455781 deaths 2455910 (8115.6s)
tick  361000 alive   222666 genomes   23425 energy   180.3 steps  256.0 halting 0.000 births 2460288 deaths 2459659 (8133.8s)
tick  362000 alive   222715 genomes   23011 energy   181.0 steps  256.0 halting 0.000 births 2468378 deaths 2468329 (8152.2s)
tick  363000 alive   223654 genomes   23208 energy   180.5 steps  256.0 halting 0.000 births 2482419 deaths 2481480 (8170.8s)
tick  364000 alive   224006 genomes   23362 energy   179.9 steps  256.0 halting 0.000 births 2488069 deaths 2487717 (8189.5s)
tick  365000 alive   223619 genomes   23011 energy   179.7 steps  256.0 halting 0.000 births 2505574 deaths 2505961 (8208.1s)
tick  366000 alive   223092 genomes   22951 energy   179.6 steps  256.0 halting 0.000 births 2520958 deaths 2521485 (8226.8s)
tick  367000 alive   224258 genomes   23204 energy   178.7 steps  256.0 halting 0.000 births 2553267 deaths 2552101 (8245.3s)
tick  368000 alive   224313 genomes   23594 energy   178.8 steps  256.0 halting 0.000 births 2593247 deaths 2593192 (8263.8s)
tick  369000 alive   224980 genomes   24163 energy   178.7 steps  256.0 halting 0.000 births 2580693 deaths 2580026 (8282.4s)
tick  370000 alive   223616 genomes   24561 energy   178.4 steps  256.0 halting 0.000 births 2605366 deaths 2606730 (8301.1s)
tick  371000 alive   224177 genomes   24483 energy   178.8 steps  256.0 halting 0.000 births 2604404 deaths 2603843 (8319.7s)
tick  372000 alive   223146 genomes   24325 energy   179.3 steps  256.0 halting 0.000 births 2587612 deaths 2588643 (8338.4s)
tick  373000 alive   224253 genomes   24174 energy   179.5 steps  256.0 halting 0.000 births 2565039 deaths 2563932 (8357.1s)
tick  374000 alive   223220 genomes   23953 energy   179.5 steps  256.0 halting 0.000 births 2562030 deaths 2563063 (8376.1s)
tick  375000 alive   222882 genomes   23838 energy   179.5 steps  256.0 halting 0.000 births 2563030 deaths 2563368 (8394.9s)
tick  376000 alive   220808 genomes   23701 energy   178.7 steps  256.0 halting 0.000 births 2549017 deaths 2551091 (8413.7s)
tick  377000 alive   222188 genomes   23381 energy   179.3 steps  256.0 halting 0.000 births 2556564 deaths 2555184 (8432.6s)
tick  378000 alive   222991 genomes   23091 energy   179.3 steps  256.0 halting 0.000 births 2564987 deaths 2564184 (8451.5s)
tick  379000 alive   221314 genomes   23084 energy   179.4 steps  256.0 halting 0.000 births 2555330 deaths 2557007 (8470.4s)
tick  380000 alive   222241 genomes   23032 energy   179.0 steps  256.0 halting 0.000 births 2574222 deaths 2573295 (8489.4s)
tick  381000 alive   222377 genomes   23270 energy   178.4 steps  256.0 halting 0.000 births 2574299 deaths 2574163 (8508.4s)
tick  382000 alive   222200 genomes   23249 energy   178.4 steps  256.0 halting 0.000 births 2587857 deaths 2588034 (8527.6s)
tick  383000 alive   224242 genomes   23332 energy   176.9 steps  256.0 halting 0.000 births 2607606 deaths 2605564 (8546.8s)
tick  384000 alive   225413 genomes   23149 energy   177.0 steps  256.0 halting 0.000 births 2665669 deaths 2664498 (8566.0s)
tick  385000 alive   226391 genomes   23295 energy   176.3 steps  256.0 halting 0.000 births 2691528 deaths 2690550 (8585.7s)
tick  386000 alive   226058 genomes   22732 energy   177.3 steps  256.0 halting 0.000 births 2696833 deaths 2697166 (8605.2s)
tick  387000 alive   226467 genomes   23008 energy   176.3 steps  256.0 halting 0.000 births 2714247 deaths 2713838 (8624.7s)
tick  388000 alive   228988 genomes   23188 energy   176.0 steps  256.0 halting 0.000 births 2762001 deaths 2759480 (8644.5s)
tick  389000 alive   229595 genomes   23242 energy   176.1 steps  256.0 halting 0.000 births 2784832 deaths 2784225 (8664.4s)
tick  390000 alive   230169 genomes   23862 energy   175.4 steps  256.0 halting 0.000 births 2819969 deaths 2819395 (8684.6s)
tick  391000 alive   228995 genomes   23870 energy   176.4 steps  256.0 halting 0.000 births 2804915 deaths 2806089 (8704.5s)
tick  392000 alive   228856 genomes   23861 energy   177.0 steps  256.0 halting 0.000 births 2782101 deaths 2782240 (8724.3s)
tick  393000 alive   229353 genomes   23974 energy   177.5 steps  256.0 halting 0.000 births 2765123 deaths 2764626 (8744.3s)
tick  394000 alive   230239 genomes   23680 energy   178.1 steps  256.0 halting 0.000 births 2745243 deaths 2744357 (8764.2s)
tick  395000 alive   229392 genomes   23450 energy   178.2 steps  256.0 halting 0.000 births 2719564 deaths 2720411 (8784.0s)
tick  396000 alive   229197 genomes   23735 energy   178.5 steps  256.0 halting 0.000 births 2697512 deaths 2697707 (8803.6s)
tick  397000 alive   229391 genomes   23229 energy   179.2 steps  256.0 halting 0.000 births 2692035 deaths 2691841 (8823.4s)
tick  398000 alive   228532 genomes   23370 energy   178.4 steps  256.0 halting 0.000 births 2685180 deaths 2686039 (8843.3s)
tick  399000 alive   227949 genomes   23449 energy   178.3 steps  256.0 halting 0.000 births 2691491 deaths 2692074 (8863.4s)
tick  400000 alive   228736 genomes   23529 energy   177.7 steps  256.0 halting 0.000 births 2693725 deaths 2692938 (8883.3s)
tick  401000 alive   228332 genomes   23612 energy   178.3 steps  256.0 halting 0.000 births 2687098 deaths 2687502 (8903.4s)
tick  402000 alive   227966 genomes   23249 energy   178.7 steps  256.0 halting 0.000 births 2672245 deaths 2672611 (8923.8s)
tick  403000 alive   227382 genomes   23020 energy   178.5 steps  256.0 halting 0.000 births 2666711 deaths 2667295 (8944.2s)
tick  404000 alive   227800 genomes   22894 energy   178.0 steps  256.0 halting 0.000 births 2690908 deaths 2690490 (8964.6s)
tick  405000 alive   226824 genomes   22938 energy   178.3 steps  256.0 halting 0.000 births 2685562 deaths 2686538 (8984.8s)
tick  406000 alive   227279 genomes   23013 energy   177.3 steps  256.0 halting 0.000 births 2684960 deaths 2684505 (9005.0s)
tick  407000 alive   227480 genomes   23068 energy   178.0 steps  256.0 halting 0.000 births 2696301 deaths 2696100 (9024.9s)
tick  408000 alive   226897 genomes   22937 energy   176.9 steps  256.0 halting 0.000 births 2703992 deaths 2704575 (9044.9s)
tick  409000 alive   228689 genomes   23004 energy   178.0 steps  256.0 halting 0.000 births 2698349 deaths 2696557 (9064.7s)
tick  410000 alive   228126 genomes   22969 energy   178.1 steps  256.0 halting 0.000 births 2667704 deaths 2668267 (9084.4s)
tick  411000 alive   228486 genomes   23310 energy   178.7 steps  256.0 halting 0.000 births 2664784 deaths 2664424 (9104.3s)
tick  412000 alive   227075 genomes   23238 energy   179.2 steps  256.0 halting 0.000 births 2649822 deaths 2651233 (9123.7s)
tick  413000 alive   227811 genomes   23382 energy   179.7 steps  256.0 halting 0.000 births 2637545 deaths 2636809 (9143.0s)
tick  414000 alive   227219 genomes   23524 energy   179.8 steps  256.0 halting 0.000 births 2603528 deaths 2604120 (9162.3s)
tick  415000 alive   227369 genomes   23597 energy   179.9 steps  256.0 halting 0.000 births 2621134 deaths 2620984 (9181.7s)
tick  416000 alive   226229 genomes   23991 energy   179.9 steps  256.0 halting 0.000 births 2622836 deaths 2623976 (9201.1s)
tick  417000 alive   225519 genomes   23608 energy   180.0 steps  256.0 halting 0.000 births 2599132 deaths 2599842 (9220.6s)
tick  418000 alive   224956 genomes   23726 energy   179.4 steps  256.0 halting 0.000 births 2577780 deaths 2578343 (9239.8s)
tick  419000 alive   224401 genomes   23236 energy   179.9 steps  256.0 halting 0.000 births 2576876 deaths 2577431 (9259.2s)
tick  420000 alive   225184 genomes   22739 energy   179.8 steps  256.0 halting 0.000 births 2562995 deaths 2562212 (9278.7s)
tick  421000 alive   224849 genomes   22487 energy   179.2 steps  256.0 halting 0.000 births 2568638 deaths 2568973 (9298.4s)
tick  422000 alive   225789 genomes   22330 energy   179.4 steps  256.0 halting 0.000 births 2596606 deaths 2595666 (9318.5s)
tick  423000 alive   226204 genomes   22011 energy   179.3 steps  256.0 halting 0.000 births 2590508 deaths 2590093 (9338.6s)
tick  424000 alive   225518 genomes   22327 energy   178.3 steps  256.0 halting 0.000 births 2622455 deaths 2623141 (9358.8s)
tick  425000 alive   227062 genomes   22544 energy   177.9 steps  256.0 halting 0.000 births 2640490 deaths 2638946 (9379.0s)
tick  426000 alive   226870 genomes   22697 energy   178.4 steps  256.0 halting 0.000 births 2654696 deaths 2654888 (9399.3s)
tick  427000 alive   225689 genomes   23162 energy   178.5 steps  256.0 halting 0.000 births 2646811 deaths 2647992 (9419.4s)
tick  428000 alive   225873 genomes   23140 energy   179.4 steps  256.0 halting 0.000 births 2633668 deaths 2633484 (9439.2s)
tick  429000 alive   224473 genomes   23066 energy   180.1 steps  256.0 halting 0.000 births 2614660 deaths 2616060 (9459.0s)
tick  430000 alive   225498 genomes   22906 energy   179.7 steps  256.0 halting 0.000 births 2589483 deaths 2588458 (9478.7s)
tick  431000 alive   224766 genomes   22638 energy   179.2 steps  256.0 halting 0.000 births 2593307 deaths 2594039 (9498.5s)
tick  432000 alive   225468 genomes   22501 energy   179.7 steps  256.0 halting 0.000 births 2608626 deaths 2607924 (9518.5s)
tick  433000 alive   223346 genomes   22780 energy   178.3 steps  256.0 halting 0.000 births 2616230 deaths 2618352 (9538.2s)
tick  434000 alive   223662 genomes   23082 energy   178.4 steps  256.0 halting 0.000 births 2610842 deaths 2610526 (9557.8s)
tick  435000 alive   225168 genomes   22875 energy   178.6 steps  256.0 halting 0.000 births 2607510 deaths 2606004 (9577.3s)
tick  436000 alive   225290 genomes   23439 energy   179.1 steps  256.0 halting 0.000 births 2617525 deaths 2617403 (9596.7s)
tick  437000 alive   226262 genomes   24054 energy   178.0 steps  256.0 halting 0.000 births 2634342 deaths 2633370 (9616.0s)
tick  438000 alive   225196 genomes   24399 energy   177.0 steps  256.0 halting 0.000 births 2676951 deaths 2678017 (9635.6s)
tick  439000 alive   225610 genomes   24480 energy   177.8 steps  256.0 halting 0.000 births 2674463 deaths 2674049 (9655.1s)
tick  440000 alive   224793 genomes   24130 energy   178.5 steps  256.0 halting 0.000 births 2649131 deaths 2649948 (9674.4s)
tick  441000 alive   224401 genomes   24117 energy   178.4 steps  256.0 halting 0.000 births 2639838 deaths 2640230 (9693.7s)
tick  442000 alive   224607 genomes   23748 energy   179.3 steps  256.0 halting 0.000 births 2645355 deaths 2645149 (9713.1s)
tick  443000 alive   225999 genomes   23916 energy   178.7 steps  256.0 halting 0.000 births 2642258 deaths 2640866 (9732.5s)
tick  444000 alive   225812 genomes   24450 energy   178.9 steps  256.0 halting 0.000 births 2682653 deaths 2682840 (9751.9s)
tick  445000 alive   225278 genomes   24671 energy   178.9 steps  256.0 halting 0.000 births 2660709 deaths 2661243 (9771.2s)
tick  446000 alive   224382 genomes   24892 energy   180.1 steps  256.0 halting 0.000 births 2626345 deaths 2627241 (9790.7s)
tick  447000 alive   222812 genomes   24529 energy   181.0 steps  256.0 halting 0.000 births 2578966 deaths 2580536 (9810.1s)
tick  448000 alive   224095 genomes   24155 energy   180.8 steps  256.0 halting 0.000 births 2547301 deaths 2546018 (9829.7s)
tick  449000 alive   225866 genomes   23315 energy   180.4 steps  256.0 halting 0.000 births 2571328 deaths 2569557 (9849.3s)
tick  450000 alive   225416 genomes   22884 energy   180.1 steps  256.0 halting 0.000 births 2607167 deaths 2607617 (9869.4s)
tick  451000 alive   225557 genomes   22656 energy   179.3 steps  256.0 halting 0.000 births 2641335 deaths 2641194 (9889.7s)
tick  452000 alive   225435 genomes   23258 energy   178.8 steps  256.0 halting 0.000 births 2654317 deaths 2654439 (9910.4s)
tick  453000 alive   225253 genomes   22736 energy   178.6 steps  256.0 halting 0.000 births 2651051 deaths 2651233 (9930.8s)
tick  454000 alive   225789 genomes   22312 energy   177.9 steps  256.0 halting 0.000 births 2667815 deaths 2667279 (9951.1s)
tick  455000 alive   226484 genomes   22135 energy   178.5 steps  256.0 halting 0.000 births 2697795 deaths 2697100 (9971.7s)
tick  456000 alive   226771 genomes   22493 energy   177.9 steps  256.0 halting 0.000 births 2716385 deaths 2716098 (9992.2s)
tick  457000 alive   226371 genomes   23144 energy   177.6 steps  256.0 halting 0.000 births 2735451 deaths 2735851 (10013.0s)
tick  458000 alive   224637 genomes   23672 energy   177.7 steps  256.0 halting 0.000 births 2732303 deaths 2734037 (10033.4s)
tick  459000 alive   223550 genomes   23791 energy   177.6 steps  256.0 halting 0.000 births 2721231 deaths 2722318 (10053.4s)
tick  460000 alive   225246 genomes   24064 energy   177.4 steps  256.0 halting 0.000 births 2710253 deaths 2708557 (10073.4s)
tick  461000 alive   225535 genomes   24213 energy   178.1 steps  256.0 halting 0.000 births 2727205 deaths 2726916 (10093.4s)
tick  462000 alive   225909 genomes   24268 energy   179.3 steps  256.0 halting 0.000 births 2683577 deaths 2683203 (10113.3s)
tick  463000 alive   226148 genomes   23986 energy   181.3 steps  256.0 halting 0.000 births 2635383 deaths 2635144 (10132.9s)
tick  464000 alive   225743 genomes   23597 energy   182.1 steps  256.0 halting 0.000 births 2574638 deaths 2575043 (10152.5s)
tick  465000 alive   225759 genomes   23433 energy   181.9 steps  256.0 halting 0.000 births 2555164 deaths 2555148 (10172.0s)
tick  466000 alive   225613 genomes   23694 energy   182.2 steps  256.0 halting 0.000 births 2536670 deaths 2536816 (10191.6s)
tick  467000 alive   225360 genomes   23406 energy   182.4 steps  256.0 halting 0.000 births 2527693 deaths 2527946 (10211.2s)
tick  468000 alive   224391 genomes   23244 energy   182.1 steps  256.0 halting 0.000 births 2520695 deaths 2521664 (10230.8s)
tick  469000 alive   224218 genomes   23037 energy   182.6 steps  256.0 halting 0.000 births 2517253 deaths 2517426 (10250.6s)
tick  470000 alive   222450 genomes   23402 energy   182.4 steps  256.0 halting 0.000 births 2515225 deaths 2516993 (10270.4s)
tick  471000 alive   221520 genomes   23344 energy   182.7 steps  256.0 halting 0.000 births 2481538 deaths 2482468 (10290.1s)
tick  472000 alive   220905 genomes   23253 energy   183.0 steps  256.0 halting 0.000 births 2467163 deaths 2467778 (10309.7s)
tick  473000 alive   220595 genomes   23306 energy   182.4 steps  256.0 halting 0.000 births 2462645 deaths 2462955 (10329.1s)
tick  474000 alive   220827 genomes   23203 energy   182.2 steps  256.0 halting 0.000 births 2474483 deaths 2474251 (10348.6s)
tick  475000 alive   220008 genomes   22796 energy   181.3 steps  256.0 halting 0.000 births 2460741 deaths 2461560 (10368.2s)
tick  476000 alive   220274 genomes   22687 energy   181.4 steps  256.0 halting 0.000 births 2484504 deaths 2484238 (10387.8s)
tick  477000 alive   220128 genomes   22735 energy   181.1 steps  256.0 halting 0.000 births 2498128 deaths 2498274 (10407.5s)
tick  478000 alive   219282 genomes   22433 energy   181.5 steps  256.0 halting 0.000 births 2485441 deaths 2486287 (10427.2s)
tick  479000 alive   219037 genomes   23108 energy   181.8 steps  256.0 halting 0.000 births 2443794 deaths 2444039 (10446.5s)
tick  480000 alive   216896 genomes   23553 energy   180.7 steps  256.0 halting 0.000 births 2443197 deaths 2445338 (10465.5s)
tick  481000 alive   217824 genomes   23634 energy   181.1 steps  256.0 halting 0.000 births 2454271 deaths 2453343 (10484.5s)
tick  482000 alive   218093 genomes   23941 energy   180.0 steps  256.0 halting 0.000 births 2490936 deaths 2490667 (10503.6s)
tick  483000 alive   217885 genomes   23878 energy   180.3 steps  256.0 halting 0.000 births 2508837 deaths 2509045 (10522.8s)
tick  484000 alive   220217 genomes   23740 energy   180.0 steps  256.0 halting 0.000 births 2531540 deaths 2529208 (10542.4s)
tick  485000 alive   219998 genomes   23834 energy   180.0 steps  256.0 halting 0.000 births 2544690 deaths 2544909 (10562.0s)
tick  486000 alive   220040 genomes   23551 energy   180.1 steps  256.0 halting 0.000 births 2538440 deaths 2538398 (10581.9s)
tick  487000 alive   221512 genomes   23752 energy   179.7 steps  256.0 halting 0.000 births 2554114 deaths 2552642 (10602.2s)
tick  488000 alive   222130 genomes   23662 energy   179.3 steps  256.0 halting 0.000 births 2590515 deaths 2589897 (10623.0s)
tick  489000 alive   224088 genomes   23335 energy   178.9 steps  256.0 halting 0.000 births 2629783 deaths 2627825 (10644.3s)
tick  490000 alive   225466 genomes   23630 energy   179.5 steps  256.0 halting 0.000 births 2661769 deaths 2660391 (10665.5s)
tick  491000 alive   224701 genomes   23223 energy   180.8 steps  256.0 halting 0.000 births 2636967 deaths 2637732 (10686.8s)
tick  492000 alive   224273 genomes   23417 energy   181.2 steps  256.0 halting 0.000 births 2614948 deaths 2615376 (10708.2s)
tick  493000 alive   224478 genomes   23526 energy   180.8 steps  256.0 halting 0.000 births 2613032 deaths 2612827 (10729.5s)
tick  494000 alive   224947 genomes   23329 energy   179.9 steps  256.0 halting 0.000 births 2628481 deaths 2628012 (10751.4s)
tick  495000 alive   225432 genomes   23830 energy   179.2 steps  256.0 halting 0.000 births 2668367 deaths 2667882 (10773.3s)
tick  496000 alive   224489 genomes   23746 energy   179.7 steps  256.0 halting 0.000 births 2650971 deaths 2651914 (10795.6s)
tick  497000 alive   223259 genomes   23816 energy   179.6 steps  256.0 halting 0.000 births 2647538 deaths 2648768 (10817.4s)
tick  498000 alive   222748 genomes   23981 energy   179.7 steps  256.0 halting 0.000 births 2615559 deaths 2616070 (10839.0s)
tick  499000 alive   221685 genomes   23592 energy   179.2 steps  256.0 halting 0.000 births 2592321 deaths 2593384 (10860.3s)
tick  500000 alive   221909 genomes   23321 energy   179.2 steps  256.0 halting 0.000 births 2592751 deaths 2592527 (10881.6s)
tick  501000 alive   224737 genomes   23532 energy   179.5 steps  256.0 halting 0.000 births 2631702 deaths 2628874 (10903.1s)
tick  502000 alive   225603 genomes   23194 energy   179.9 steps  256.0 halting 0.000 births 2634215 deaths 2633349 (10924.7s)
tick  503000 alive   226141 genomes   23212 energy   179.7 steps  256.0 halting 0.000 births 2651763 deaths 2651225 (10946.6s)
tick  504000 alive   225831 genomes   22494 energy   181.1 steps  256.0 halting 0.000 births 2626696 deaths 2627006 (10968.4s)
tick  505000 alive   226750 genomes   22616 energy   180.5 steps  256.0 halting 0.000 births 2620988 deaths 2620069 (10990.4s)
tick  506000 alive   227916 genomes   22847 energy   180.4 steps  256.0 halting 0.000 births 2650082 deaths 2648916 (11012.0s)
tick  507000 alive   228066 genomes   22902 energy   181.1 steps  256.0 halting 0.000 births 2653710 deaths 2653560 (11033.8s)
tick  508000 alive   227109 genomes   22955 energy   180.6 steps  256.0 halting 0.000 births 2642811 deaths 2643768 (11055.1s)
tick  509000 alive   228933 genomes   22803 energy   180.7 steps  256.0 halting 0.000 births 2655526 deaths 2653702 (11076.5s)
tick  510000 alive   229909 genomes   22771 energy   180.9 steps  256.0 halting 0.000 births 2636711 deaths 2635735 (11097.9s)
tick  511000 alive   229356 genomes   23307 energy   180.6 steps  256.0 halting 0.000 births 2659755 deaths 2660308 (11119.3s)
tick  512000 alive   227846 genomes   23467 energy   181.1 steps  256.0 halting 0.000 births 2631382 deaths 2632892 (11140.4s)
tick  513000 alive   226180 genomes   24126 energy   181.3 steps  256.0 halting 0.000 births 2589440 deaths 2591106 (11161.1s)
tick  514000 alive   225138 genomes   24132 energy   181.7 steps  256.0 halting 0.000 births 2564900 deaths 2565942 (11181.7s)
tick  515000 alive   224971 genomes   24388 energy   181.8 steps  256.0 halting 0.000 births 2534911 deaths 2535078 (11202.3s)
tick  516000 alive   223983 genomes   24187 energy   182.1 steps  256.0 halting 0.000 births 2527692 deaths 2528680 (11222.6s)
tick  517000 alive   224740 genomes   24577 energy   181.6 steps  256.0 halting 0.000 births 2528538 deaths 2527781 (11242.9s)
tick  518000 alive   224599 genomes   24162 energy   181.3 steps  256.0 halting 0.000 births 2560592 deaths 2560733 (11263.0s)
tick  519000 alive   224655 genomes   24281 energy   181.2 steps  256.0 halting 0.000 births 2557910 deaths 2557854 (11283.5s)
tick  520000 alive   225374 genomes   23955 energy   181.5 steps  256.0 halting 0.000 births 2551170 deaths 2550451 (11303.9s)
tick  521000 alive   224304 genomes   23837 energy   181.5 steps  256.0 halting 0.000 births 2539659 deaths 2540729 (11324.3s)
tick  522000 alive   224798 genomes   23447 energy   181.9 steps  256.0 halting 0.000 births 2523114 deaths 2522620 (11344.3s)
tick  523000 alive   224975 genomes   23513 energy   182.2 steps  256.0 halting 0.000 births 2500342 deaths 2500165 (11364.4s)
tick  524000 alive   224885 genomes   23651 energy   181.6 steps  256.0 halting 0.000 births 2507646 deaths 2507736 (11384.4s)
tick  525000 alive   225920 genomes   23830 energy   181.5 steps  256.0 halting 0.000 births 2506087 deaths 2505052 (11404.5s)
tick  526000 alive   226034 genomes   23530 energy   180.5 steps  256.0 halting 0.000 births 2525311 deaths 2525197 (11424.6s)
tick  527000 alive   224978 genomes   23633 energy   180.4 steps  256.0 halting 0.000 births 2544205 deaths 2545261 (11444.8s)
tick  528000 alive   225024 genomes   23972 energy   180.3 steps  256.0 halting 0.000 births 2547096 deaths 2547050 (11464.8s)
tick  529000 alive   223604 genomes   23962 energy   179.7 steps  256.0 halting 0.000 births 2560150 deaths 2561570 (11484.8s)
tick  530000 alive   225281 genomes   24331 energy   179.6 steps  256.0 halting 0.000 births 2567283 deaths 2565606 (11504.8s)
tick  531000 alive   224996 genomes   24704 energy   179.3 steps  256.0 halting 0.000 births 2602127 deaths 2602412 (11524.8s)
tick  532000 alive   225545 genomes   24799 energy   179.9 steps  256.0 halting 0.000 births 2605202 deaths 2604653 (11544.9s)
tick  533000 alive   223964 genomes   25119 energy   180.2 steps  256.0 halting 0.000 births 2579427 deaths 2581008 (11564.6s)
tick  534000 alive   224043 genomes   25323 energy   180.3 steps  256.0 halting 0.000 births 2563943 deaths 2563864 (11584.3s)
tick  535000 alive   224062 genomes   25511 energy   179.9 steps  256.0 halting 0.000 births 2577501 deaths 2577482 (11604.1s)
tick  536000 alive   222662 genomes   25202 energy   180.4 steps  256.0 halting 0.000 births 2567162 deaths 2568562 (11623.6s)
tick  537000 alive   222588 genomes   24804 energy   180.3 steps  256.0 halting 0.000 births 2558133 deaths 2558207 (11643.3s)
tick  538000 alive   222285 genomes   24848 energy   179.5 steps  256.0 halting 0.000 births 2568453 deaths 2568756 (11663.2s)
tick  539000 alive   223143 genomes   24561 energy   180.0 steps  256.0 halting 0.000 births 2570925 deaths 2570067 (11683.1s)
tick  540000 alive   222581 genomes   24107 energy   179.5 steps  256.0 halting 0.000 births 2578546 deaths 2579108 (11703.1s)
tick  541000 alive   223734 genomes   23994 energy   179.4 steps  256.0 halting 0.000 births 2585188 deaths 2584035 (11723.5s)
tick  542000 alive   225688 genomes   23283 energy   179.7 steps  256.0 halting 0.000 births 2623555 deaths 2621601 (11744.2s)
tick  543000 alive   227006 genomes   22787 energy   179.5 steps  256.0 halting 0.000 births 2646016 deaths 2644698 (11765.4s)
tick  544000 alive   227985 genomes   22495 energy   179.0 steps  256.0 halting 0.000 births 2677005 deaths 2676026 (11786.8s)
tick  545000 alive   227383 genomes   22107 energy   179.2 steps  256.0 halting 0.000 births 2688325 deaths 2688927 (11808.3s)
tick  546000 alive   227311 genomes   21985 energy   178.6 steps  256.0 halting 0.000 births 2684721 deaths 2684793 (11829.8s)
tick  547000 alive   228083 genomes   21410 energy   178.6 steps  256.0 halting 0.000 births 2704453 deaths 2703681 (11851.5s)
tick  548000 alive   228961 genomes   21187 energy   178.1 steps  256.0 halting 0.000 births 2725559 deaths 2724681 (11873.2s)
tick  549000 alive   227797 genomes   21429 energy   178.6 steps  256.0 halting 0.000 births 2745844 deaths 2747008 (11894.9s)
tick  550000 alive   227632 genomes   21389 energy   178.7 steps  256.0 halting 0.000 births 2736672 deaths 2736837 (11916.7s)
tick  551000 alive   228138 genomes   21264 energy   177.8 steps  256.0 halting 0.000 births 2728089 deaths 2727583 (11938.8s)
tick  552000 alive   228638 genomes   21029 energy   178.1 steps  256.0 halting 0.000 births 2731244 deaths 2730744 (11960.9s)
tick  553000 alive   230208 genomes   20763 energy   179.1 steps  256.0 halting 0.000 births 2745262 deaths 2743692 (11982.8s)
tick  554000 alive   230949 genomes   20687 energy   179.8 steps  256.0 halting 0.000 births 2726159 deaths 2725418 (12004.6s)
tick  555000 alive   229729 genomes   20952 energy   180.6 steps  256.0 halting 0.000 births 2693495 deaths 2694715 (12026.6s)
tick  556000 alive   229556 genomes   21012 energy   181.8 steps  256.0 halting 0.000 births 2646472 deaths 2646645 (12048.5s)
tick  557000 alive   229490 genomes   21037 energy   181.1 steps  256.0 halting 0.000 births 2615481 deaths 2615547 (12070.3s)
tick  558000 alive   228378 genomes   21151 energy   182.3 steps  256.0 halting 0.000 births 2603917 deaths 2605029 (12092.0s)
tick  559000 alive   230560 genomes   21078 energy   182.0 steps  256.0 halting 0.000 births 2590311 deaths 2588129 (12114.0s)
tick  560000 alive   229520 genomes   21133 energy   181.5 steps  256.0 halting 0.000 births 2614497 deaths 2615537 (12135.8s)
tick  561000 alive   229936 genomes   20804 energy   181.6 steps  256.0 halting 0.000 births 2608836 deaths 2608420 (12158.2s)
tick  562000 alive   230123 genomes   20394 energy   181.5 steps  256.0 halting 0.000 births 2611013 deaths 2610826 (12180.2s)
tick  563000 alive   231196 genomes   20382 energy   182.1 steps  256.0 halting 0.000 births 2610548 deaths 2609475 (12202.4s)
tick  564000 alive   230526 genomes   20308 energy   182.4 steps  256.0 halting 0.000 births 2589499 deaths 2590169 (12224.4s)
tick  565000 alive   229808 genomes   19943 energy   183.0 steps  256.0 halting 0.000 births 2564954 deaths 2565672 (12246.2s)
tick  566000 alive   230100 genomes   19438 energy   183.0 steps  256.0 halting 0.000 births 2547042 deaths 2546750 (12267.6s)
tick  567000 alive   230137 genomes   19829 energy   182.1 steps  256.0 halting 0.000 births 2545246 deaths 2545209 (12289.0s)
tick  568000 alive   229289 genomes   19735 energy   182.4 steps  256.0 halting 0.000 births 2564352 deaths 2565200 (12310.7s)
tick  569000 alive   229735 genomes   19889 energy   182.3 steps  256.0 halting 0.000 births 2554597 deaths 2554151 (12332.3s)
tick  570000 alive   229125 genomes   19948 energy   182.0 steps  256.0 halting 0.000 births 2559566 deaths 2560176 (12353.9s)
tick  571000 alive   228782 genomes   20213 energy   182.3 steps  256.0 halting 0.000 births 2542679 deaths 2543022 (12375.2s)
tick  572000 alive   229176 genomes   20429 energy   182.0 steps  256.0 halting 0.000 births 2541050 deaths 2540656 (12396.4s)
tick  573000 alive   227792 genomes   20597 energy   181.5 steps  256.0 halting 0.000 births 2558622 deaths 2560006 (12417.6s)
tick  574000 alive   227836 genomes   20878 energy   181.9 steps  256.0 halting 0.000 births 2548168 deaths 2548124 (12438.7s)
tick  575000 alive   228455 genomes   21031 energy   181.6 steps  256.0 halting 0.000 births 2548501 deaths 2547882 (12459.6s)
tick  576000 alive   228164 genomes   21066 energy   181.4 steps  256.0 halting 0.000 births 2556151 deaths 2556442 (12480.5s)
tick  577000 alive   227752 genomes   20906 energy   181.7 steps  256.0 halting 0.000 births 2543215 deaths 2543627 (12501.2s)
tick  578000 alive   224776 genomes   21050 energy   180.9 steps  256.0 halting 0.000 births 2526072 deaths 2529048 (12521.8s)
tick  579000 alive   226468 genomes   20865 energy   181.8 steps  256.0 halting 0.000 births 2512379 deaths 2510687 (12542.6s)
tick  580000 alive   226807 genomes   20842 energy   181.7 steps  256.0 halting 0.000 births 2519074 deaths 2518735 (12563.1s)
tick  581000 alive   226788 genomes   21006 energy   181.2 steps  256.0 halting 0.000 births 2512904 deaths 2512923 (12583.5s)
tick  582000 alive   225625 genomes   20779 energy   181.5 steps  256.0 halting 0.000 births 2495078 deaths 2496241 (12603.8s)
tick  583000 alive   225127 genomes   20926 energy   181.0 steps  256.0 halting 0.000 births 2507831 deaths 2508329 (12623.9s)
tick  584000 alive   225904 genomes   20734 energy   181.4 steps  256.0 halting 0.000 births 2513787 deaths 2513010 (12643.8s)
tick  585000 alive   226073 genomes   20482 energy   181.4 steps  256.0 halting 0.000 births 2493876 deaths 2493707 (12663.9s)
tick  586000 alive   225969 genomes   20037 energy   181.7 steps  256.0 halting 0.000 births 2493889 deaths 2493993 (12684.0s)
tick  587000 alive   227146 genomes   19925 energy   181.7 steps  256.0 halting 0.000 births 2499243 deaths 2498066 (12704.3s)
tick  588000 alive   226825 genomes   19809 energy   182.1 steps  256.0 halting 0.000 births 2485449 deaths 2485770 (12724.7s)
tick  589000 alive   226485 genomes   20134 energy   182.1 steps  256.0 halting 0.000 births 2491390 deaths 2491730 (12745.2s)
tick  590000 alive   226157 genomes   20212 energy   182.1 steps  256.0 halting 0.000 births 2488334 deaths 2488662 (12765.7s)
tick  591000 alive   225764 genomes   19643 energy   184.4 steps  256.0 halting 0.000 births 2436384 deaths 2436777 (12786.2s)
tick  592000 alive   225181 genomes   19478 energy   184.4 steps  256.0 halting 0.000 births 2401522 deaths 2402105 (12806.7s)
tick  593000 alive   225969 genomes   19242 energy   185.1 steps  256.0 halting 0.000 births 2374799 deaths 2374011 (12827.1s)
tick  594000 alive   225089 genomes   19426 energy   184.6 steps  256.0 halting 0.000 births 2380453 deaths 2381333 (12847.1s)
tick  595000 alive   226296 genomes   20075 energy   184.1 steps  256.0 halting 0.000 births 2403029 deaths 2401822 (12867.4s)
tick  596000 alive   226877 genomes   20437 energy   184.5 steps  256.0 halting 0.000 births 2414302 deaths 2413721 (12887.7s)
tick  597000 alive   225776 genomes   20482 energy   183.6 steps  256.0 halting 0.000 births 2392282 deaths 2393383 (12908.0s)
tick  598000 alive   226342 genomes   20366 energy   182.9 steps  256.0 halting 0.000 births 2413133 deaths 2412567 (12928.0s)
tick  599000 alive   228352 genomes   20113 energy   182.5 steps  256.0 halting 0.000 births 2444305 deaths 2442295 (12947.9s)
tick  600000 alive   227559 genomes   20170 energy   183.1 steps  256.0 halting 0.000 births 2444317 deaths 2445110 (12968.0s)
tick  601000 alive   226708 genomes   20476 energy   182.1 steps  256.0 halting 0.000 births 2463740 deaths 2464591 (12988.2s)
tick  602000 alive   227233 genomes   20544 energy   182.1 steps  256.0 halting 0.000 births 2475883 deaths 2475358 (13008.4s)
tick  603000 alive   225658 genomes   20285 energy   182.0 steps  256.0 halting 0.000 births 2447386 deaths 2448961 (13028.4s)
tick  604000 alive   226859 genomes   20249 energy   182.3 steps  256.0 halting 0.000 births 2465779 deaths 2464578 (13048.4s)
tick  605000 alive   226098 genomes   20383 energy   182.6 steps  256.0 halting 0.000 births 2476461 deaths 2477222 (13068.6s)
tick  606000 alive   225058 genomes   20747 energy   181.8 steps  256.0 halting 0.000 births 2477167 deaths 2478207 (13088.4s)
tick  607000 alive   224911 genomes   20756 energy   182.3 steps  256.0 halting 0.000 births 2476072 deaths 2476219 (13108.3s)
tick  608000 alive   225063 genomes   20598 energy   182.3 steps  256.0 halting 0.000 births 2475306 deaths 2475154 (13128.2s)
tick  609000 alive   227174 genomes   20358 energy   182.2 steps  256.0 halting 0.000 births 2478976 deaths 2476865 (13148.4s)
tick  610000 alive   227955 genomes   20370 energy   181.0 steps  256.0 halting 0.000 births 2519035 deaths 2518254 (13168.9s)
tick  611000 alive   226775 genomes   20279 energy   181.1 steps  256.0 halting 0.000 births 2545763 deaths 2546943 (13189.4s)
tick  612000 alive   228703 genomes   20255 energy   180.2 steps  256.0 halting 0.000 births 2559329 deaths 2557401 (13210.1s)
tick  613000 alive   229011 genomes   20210 energy   180.5 steps  256.0 halting 0.000 births 2596429 deaths 2596121 (13231.1s)
tick  614000 alive   227290 genomes   20522 energy   179.7 steps  256.0 halting 0.000 births 2588609 deaths 2590330 (13252.1s)
tick  615000 alive   227733 genomes   20093 energy   180.1 steps  256.0 halting 0.000 births 2613142 deaths 2612699 (13273.0s)
tick  616000 alive   228459 genomes   19980 energy   179.1 steps  256.0 halting 0.000 births 2617978 deaths 2617252 (13294.2s)
tick  617000 alive   229844 genomes   19689 energy   179.8 steps  256.0 halting 0.000 births 2633275 deaths 2631890 (13315.3s)
tick  618000 alive   230709 genomes   20006 energy   179.5 steps  256.0 halting 0.000 births 2634586 deaths 2633721 (13336.3s)
tick  619000 alive   232519 genomes   20314 energy   179.3 steps  256.0 halting 0.000 births 2674099 deaths 2672289 (13357.7s)
tick  620000 alive   231551 genomes   20258 energy   180.2 steps  256.0 halting 0.000 births 2678048 deaths 2679016 (13378.8s)
tick  621000 alive   232300 genomes   20972 energy   179.7 steps  256.0 halting 0.000 births 2681818 deaths 2681069 (13399.8s)
tick  622000 alive   231218 genomes   20857 energy   180.4 steps  256.0 halting 0.000 births 2680583 deaths 2681665 (13420.8s)
tick  623000 alive   230215 genomes   20815 energy   180.2 steps  256.0 halting 0.000 births 2682495 deaths 2683498 (13441.5s)
tick  624000 alive   230521 genomes   20965 energy   179.5 steps  256.0 halting 0.000 births 2678057 deaths 2677751 (13462.3s)
tick  625000 alive   230468 genomes   20794 energy   180.0 steps  256.0 halting 0.000 births 2686657 deaths 2686710 (13483.2s)
tick  626000 alive   230713 genomes   20907 energy   179.8 steps  256.0 halting 0.000 births 2668119 deaths 2667874 (13504.3s)
tick  627000 alive   231169 genomes   21091 energy   179.9 steps  256.0 halting 0.000 births 2676099 deaths 2675643 (13525.4s)
tick  628000 alive   229406 genomes   20778 energy   180.6 steps  256.0 halting 0.000 births 2640901 deaths 2642664 (13546.4s)
tick  629000 alive   229516 genomes   20461 energy   180.9 steps  256.0 halting 0.000 births 2593071 deaths 2592961 (13566.9s)
tick  630000 alive   229982 genomes   19986 energy   181.1 steps  256.0 halting 0.000 births 2589485 deaths 2589019 (13587.5s)
tick  631000 alive   230175 genomes   20011 energy   180.3 steps  256.0 halting 0.000 births 2598714 deaths 2598521 (13608.1s)
tick  632000 alive   229716 genomes   20088 energy   180.4 steps  256.0 halting 0.000 births 2592560 deaths 2593019 (13628.7s)
tick  633000 alive   230262 genomes   19783 energy   180.4 steps  256.0 halting 0.000 births 2583309 deaths 2582763 (13649.2s)
tick  634000 alive   230267 genomes   19851 energy   180.5 steps  256.0 halting 0.000 births 2588710 deaths 2588705 (13669.8s)
tick  635000 alive   229321 genomes   19491 energy   180.6 steps  256.0 halting 0.000 births 2572936 deaths 2573882 (13690.2s)
tick  636000 alive   230515 genomes   19708 energy   180.6 steps  256.0 halting 0.000 births 2591178 deaths 2589984 (13710.5s)
tick  637000 alive   230170 genomes   19441 energy   180.7 steps  256.0 halting 0.000 births 2581506 deaths 2581851 (13731.0s)
tick  638000 alive   228495 genomes   19791 energy   180.0 steps  256.0 halting 0.000 births 2569265 deaths 2570940 (13751.3s)
tick  639000 alive   227619 genomes   19769 energy   180.8 steps  256.0 halting 0.000 births 2551999 deaths 2552875 (13771.3s)
tick  640000 alive   227128 genomes   20060 energy   180.8 steps  256.0 halting 0.000 births 2521338 deaths 2521829 (13791.2s)
tick  641000 alive   227767 genomes   20099 energy   180.5 steps  256.0 halting 0.000 births 2531420 deaths 2530781 (13810.9s)
tick  642000 alive   229039 genomes   20305 energy   180.6 steps  256.0 halting 0.000 births 2541026 deaths 2539754 (13831.0s)
tick  643000 alive   229140 genomes   20426 energy   181.4 steps  256.0 halting 0.000 births 2544155 deaths 2544054 (13851.0s)
tick  644000 alive   229621 genomes   20195 energy   182.2 steps  256.0 halting 0.000 births 2529747 deaths 2529266 (13870.7s)
tick  645000 alive   230329 genomes   19990 energy   182.3 steps  256.0 halting 0.000 births 2531035 deaths 2530327 (13890.5s)
tick  646000 alive   230290 genomes   20144 energy   182.3 steps  256.0 halting 0.000 births 2527178 deaths 2527217 (13910.3s)
tick  647000 alive   230530 genomes   20714 energy   181.1 steps  256.0 halting 0.000 births 2557839 deaths 2557599 (13930.1s)
tick  648000 alive   230708 genomes   20675 energy   182.0 steps  256.0 halting 0.000 births 2561301 deaths 2561123 (13950.0s)
tick  649000 alive   229732 genomes   20761 energy   182.1 steps  256.0 halting 0.000 births 2549031 deaths 2550007 (13969.8s)
tick  650000 alive   229681 genomes   20707 energy   181.7 steps  256.0 halting 0.000 births 2533372 deaths 2533423 (13989.5s)
tick  651000 alive   228917 genomes   20577 energy   182.5 steps  256.0 halting 0.000 births 2534432 deaths 2535196 (14009.3s)
tick  652000 alive   228388 genomes   20742 energy   182.5 steps  256.0 halting 0.000 births 2501088 deaths 2501617 (14029.0s)
tick  653000 alive   228177 genomes   21246 energy   182.7 steps  256.0 halting 0.000 births 2495243 deaths 2495454 (14048.8s)
tick  654000 alive   225975 genomes   21040 energy   182.0 steps  256.0 halting 0.000 births 2484933 deaths 2487135 (14068.4s)
tick  655000 alive   227100 genomes   21444 energy   181.3 steps  256.0 halting 0.000 births 2492231 deaths 2491106 (14088.1s)
tick  656000 alive   227510 genomes   21346 energy   181.7 steps  256.0 halting 0.000 births 2505222 deaths 2504812 (14107.7s)
tick  657000 alive   227420 genomes   21415 energy   180.6 steps  256.0 halting 0.000 births 2508452 deaths 2508542 (14127.2s)
tick  658000 alive   228616 genomes   21309 energy   180.4 steps  256.0 halting 0.000 births 2535223 deaths 2534027 (14146.5s)
tick  659000 alive   228062 genomes   21291 energy   181.0 steps  256.0 halting 0.000 births 2524793 deaths 2525347 (14165.8s)
tick  660000 alive   228812 genomes   21612 energy   180.9 steps  256.0 halting 0.000 births 2518777 deaths 2518027 (14185.1s)
tick  661000 alive   227822 genomes   21678 energy   181.7 steps  256.0 halting 0.000 births 2517581 deaths 2518571 (14204.1s)
tick  662000 alive   227170 genomes   22173 energy   181.9 steps  256.0 halting 0.000 births 2497148 deaths 2497800 (14223.1s)
tick  663000 alive   227242 genomes   22252 energy   181.5 steps  256.0 halting 0.000 births 2477733 deaths 2477661 (14241.9s)
tick  664000 alive   227255 genomes   22505 energy   181.3 steps  256.0 halting 0.000 births 2499089 deaths 2499076 (14260.7s)
tick  665000 alive   227054 genomes   22479 energy   182.2 steps  256.0 halting 0.000 births 2493273 deaths 2493474 (14279.6s)
tick  666000 alive   225391 genomes   22286 energy   181.9 steps  256.0 halting 0.000 births 2474271 deaths 2475934 (14298.3s)
tick  667000 alive   227119 genomes   22500 energy   181.8 steps  256.0 halting 0.000 births 2486771 deaths 2485043 (14317.0s)
tick  668000 alive   226126 genomes   22151 energy   183.1 steps  256.0 halting 0.000 births 2460706 deaths 2461699 (14335.7s)
tick  669000 alive   225894 genomes   22233 energy   182.2 steps  256.0 halting 0.000 births 2442321 deaths 2442553 (14354.4s)
tick  670000 alive   224446 genomes   21809 energy   182.7 steps  256.0 halting 0.000 births 2418852 deaths 2420300 (14373.3s)
tick  671000 alive   225648 genomes   21365 energy   183.0 steps  256.0 halting 0.000 births 2410734 deaths 2409532 (14392.2s)
tick  672000 alive   225397 genomes   21258 energy   182.8 steps  256.0 halting 0.000 births 2421668 deaths 2421919 (14410.8s)
tick  673000 alive   225714 genomes   21457 energy   183.1 steps  256.0 halting 0.000 births 2413229 deaths 2412912 (14429.5s)
tick  674000 alive   225922 genomes   21427 energy   182.5 steps  256.0 halting 0.000 births 2422213 deaths 2422005 (14447.9s)
tick  675000 alive   225414 genomes   21511 energy   183.9 steps  256.0 halting 0.000 births 2408076 deaths 2408584 (14466.3s)
tick  676000 alive   226790 genomes   21708 energy   183.3 steps  256.0 halting 0.000 births 2418540 deaths 2417164 (14484.5s)
tick  677000 alive   226968 genomes   22025 energy   183.9 steps  256.0 halting 0.000 births 2389584 deaths 2389406 (14502.8s)
tick  678000 alive   225588 genomes   22311 energy   183.3 steps  256.0 halting 0.000 births 2405403 deaths 2406783 (14521.2s)
tick  679000 alive   224647 genomes   21980 energy   183.5 steps  256.0 halting 0.000 births 2407484 deaths 2408425 (14539.5s)
tick  680000 alive   225762 genomes   21689 energy   183.7 steps  256.0 halting 0.000 births 2403729 deaths 2402614 (14558.0s)
tick  681000 alive   226183 genomes   21450 energy   183.3 steps  256.0 halting 0.000 births 2409631 deaths 2409210 (14576.6s)
tick  682000 alive   225728 genomes   20996 energy   182.8 steps  256.0 halting 0.000 births 2440276 deaths 2440731 (14595.3s)
tick  683000 alive   226208 genomes   21112 energy   181.8 steps  256.0 halting 0.000 births 2464978 deaths 2464498 (14614.2s)
tick  684000 alive   225582 genomes   20820 energy   182.3 steps  256.0 halting 0.000 births 2486804 deaths 2487430 (14633.0s)
tick  685000 alive   224841 genomes   21048 energy   182.5 steps  256.0 halting 0.000 births 2468669 deaths 2469410 (14651.8s)
tick  686000 alive   224463 genomes   21089 energy   183.1 steps  256.0 halting 0.000 births 2472293 deaths 2472671 (14670.6s)
tick  687000 alive   224928 genomes   21313 energy   182.8 steps  256.0 halting 0.000 births 2450639 deaths 2450174 (14689.5s)
tick  688000 alive   224034 genomes   21083 energy   183.2 steps  256.0 halting 0.000 births 2440816 deaths 2441710 (14708.5s)
tick  689000 alive   223657 genomes   20759 energy   183.8 steps  256.0 halting 0.000 births 2415679 deaths 2416056 (14727.4s)
tick  690000 alive   225318 genomes   20390 energy   184.0 steps  256.0 halting 0.000 births 2404424 deaths 2402763 (14746.2s)
tick  691000 alive   224923 genomes   19972 energy   184.3 steps  256.0 halting 0.000 births 2409460 deaths 2409855 (14765.3s)
tick  692000 alive   225964 genomes   20051 energy   183.3 steps  256.0 halting 0.000 births 2416343 deaths 2415302 (14784.6s)
tick  693000 alive   225310 genomes   20394 energy   183.6 steps  256.0 halting 0.000 births 2435401 deaths 2436055 (14803.7s)
tick  694000 alive   224837 genomes   20188 energy   183.3 steps  256.0 halting 0.000 births 2428791 deaths 2429264 (14823.0s)
tick  695000 alive   224443 genomes   20434 energy   183.6 steps  256.0 halting 0.000 births 2437101 deaths 2437495 (14842.4s)
tick  696000 alive   224913 genomes   20396 energy   183.2 steps  256.0 halting 0.000 births 2429430 deaths 2428960 (14861.8s)
tick  697000 alive   225414 genomes   20528 energy   183.0 steps  256.0 halting 0.000 births 2443436 deaths 2442935 (14881.2s)
tick  698000 alive   224113 genomes   20486 energy   182.2 steps  256.0 halting 0.000 births 2472344 deaths 2473645 (14900.8s)
tick  699000 alive   224191 genomes   20213 energy   182.5 steps  256.0 halting 0.000 births 2475421 deaths 2475343 (14920.7s)
tick  700000 alive   223681 genomes   19898 energy   182.8 steps  256.0 halting 0.000 births 2469053 deaths 2469563 (14940.5s)
tick  701000 alive   225138 genomes   19772 energy   183.0 steps  256.0 halting 0.000 births 2465652 deaths 2464195 (14960.1s)
tick  702000 alive   225939 genomes   19577 energy   182.7 steps  256.0 halting 0.000 births 2456532 deaths 2455731 (14979.9s)
tick  703000 alive   224964 genomes   19841 energy   182.6 steps  256.0 halting 0.000 births 2482761 deaths 2483736 (15000.0s)
tick  704000 alive   225500 genomes   20328 energy   182.7 steps  256.0 halting 0.000 births 2483106 deaths 2482570 (15019.9s)
tick  705000 alive   225329 genomes   20036 energy   183.1 steps  256.0 halting 0.000 births 2471495 deaths 2471666 (15039.8s)
tick  706000 alive   225546 genomes   19579 energy   183.1 steps  256.0 halting 0.000 births 2462712 deaths 2462495 (15060.0s)
tick  707000 alive   226306 genomes   19329 energy   182.6 steps  256.0 halting 0.000 births 2484614 deaths 2483854 (15080.3s)
tick  708000 alive   226853 genomes   19638 energy   181.4 steps  256.0 halting 0.000 births 2522197 deaths 2521650 (15100.5s)
tick  709000 alive   227310 genomes   19608 energy   180.8 steps  256.0 halting 0.000 births 2553396 deaths 2552939 (15120.9s)
tick  710000 alive   227412 genomes   19626 energy   181.2 steps  256.0 halting 0.000 births 2557010 deaths 2556908 (15141.1s)
tick  711000 alive   227682 genomes   19817 energy   182.3 steps  256.0 halting 0.000 births 2545857 deaths 2545587 (15161.7s)
tick  712000 alive   228303 genomes   19806 energy   182.8 steps  256.0 halting 0.000 births 2527792 deaths 2527171 (15181.9s)
tick  713000 alive   227467 genomes   20299 energy   182.0 steps  256.0 halting 0.000 births 2514565 deaths 2515401 (15202.0s)
tick  714000 alive   225775 genomes   20198 energy   183.6 steps  256.0 halting 0.000 births 2500023 deaths 2501715 (15222.1s)
tick  715000 alive   225678 genomes   19946 energy   183.3 steps  256.0 halting 0.000 births 2456599 deaths 2456696 (15242.2s)
tick  716000 alive   225248 genomes   19902 energy   182.8 steps  256.0 halting 0.000 births 2465581 deaths 2466011 (15262.1s)
tick  717000 alive   225068 genomes   19793 energy   182.6 steps  256.0 halting 0.000 births 2476787 deaths 2476967 (15282.1s)
tick  718000 alive   225181 genomes   20044 energy   183.2 steps  256.0 halting 0.000 births 2472932 deaths 2472819 (15301.9s)
tick  719000 alive   225258 genomes   19870 energy   182.6 steps  256.0 halting 0.000 births 2457375 deaths 2457298 (15321.5s)
tick  720000 alive   224796 genomes   20379 energy   182.5 steps  256.0 halting 0.000 births 2459287 deaths 2459749 (15341.0s)
tick  721000 alive   224423 genomes   20744 energy   183.4 steps  256.0 halting 0.000 births 2420504 deaths 2420877 (15360.3s)
tick  722000 alive   223723 genomes   20760 energy   182.5 steps  256.0 halting 0.000 births 2419038 deaths 2419738 (15379.5s)
tick  723000 alive   224222 genomes   20856 energy   182.5 steps  256.0 halting 0.000 births 2424441 deaths 2423942 (15398.5s)
tick  724000 alive   223983 genomes   21112 energy   183.1 steps  256.0 halting 0.000 births 2430216 deaths 2430455 (15417.5s)
tick  725000 alive   225126 genomes   21236 energy   182.6 steps  256.0 halting 0.000 births 2436877 deaths 2435734 (15436.3s)
tick  726000 alive   224024 genomes   21345 energy   182.1 steps  256.0 halting 0.000 births 2452297 deaths 2453399 (15455.1s)
tick  727000 alive   225482 genomes   21633 energy   181.8 steps  256.0 halting 0.000 births 2469526 deaths 2468068 (15474.0s)
tick  728000 alive   224782 genomes   21258 energy   181.5 steps  256.0 halting 0.000 births 2483524 deaths 2484224 (15493.0s)
tick  729000 alive   226808 genomes   21484 energy   180.8 steps  256.0 halting 0.000 births 2502584 deaths 2500558 (15511.9s)
tick  730000 alive   226477 genomes   21299 energy   180.2 steps  256.0 halting 0.000 births 2541638 deaths 2541969 (15531.1s)
tick  731000 alive   227122 genomes   21091 energy   180.6 steps  256.0 halting 0.000 births 2544314 deaths 2543669 (15550.3s)
tick  732000 alive   227996 genomes   21192 energy   180.8 steps  256.0 halting 0.000 births 2552674 deaths 2551800 (15569.7s)
tick  733000 alive   227286 genomes   21312 energy   181.3 steps  256.0 halting 0.000 births 2553430 deaths 2554140 (15589.3s)
tick  734000 alive   225285 genomes   21376 energy   181.3 steps  256.0 halting 0.000 births 2537735 deaths 2539736 (15608.8s)
tick  735000 alive   225079 genomes   21083 energy   181.3 steps  256.0 halting 0.000 births 2532924 deaths 2533130 (15628.3s)
tick  736000 alive   224433 genomes   20996 energy   180.8 steps  256.0 halting 0.000 births 2530326 deaths 2530972 (15647.7s)
tick  737000 alive   226505 genomes   20644 energy   181.0 steps  256.0 halting 0.000 births 2547419 deaths 2545347 (15667.5s)
tick  738000 alive   226147 genomes   20180 energy   181.1 steps  256.0 halting 0.000 births 2551843 deaths 2552201 (15687.4s)
tick  739000 alive   225612 genomes   19704 energy   180.8 steps  256.0 halting 0.000 births 2544799 deaths 2545334 (15707.3s)
tick  740000 alive   226000 genomes   19473 energy   181.3 steps  256.0 halting 0.000 births 2523271 deaths 2522883 (15727.4s)
tick  741000 alive   226056 genomes   19341 energy   180.8 steps  256.0 halting 0.000 births 2540104 deaths 2540048 (15747.6s)
tick  742000 alive   226225 genomes   19654 energy   180.6 steps  256.0 halting 0.000 births 2550708 deaths 2550539 (15767.6s)
tick  743000 alive   225288 genomes   19819 energy   180.2 steps  256.0 halting 0.000 births 2543683 deaths 2544620 (15787.6s)
tick  744000 alive   226300 genomes   20337 energy   180.6 steps  256.0 halting 0.000 births 2551310 deaths 2550298 (15807.2s)
tick  745000 alive   225499 genomes   20931 energy   180.9 steps  256.0 halting 0.000 births 2523322 deaths 2524123 (15826.8s)
tick  746000 alive   224509 genomes   21055 energy   181.3 steps  256.0 halting 0.000 births 2520702 deaths 2521692 (15846.5s)
tick  747000 alive   224666 genomes   21692 energy   181.0 steps  256.0 halting 0.000 births 2507338 deaths 2507181 (15865.8s)
tick  748000 alive   225115 genomes   21814 energy   180.2 steps  256.0 halting 0.000 births 2527740 deaths 2527291 (15885.2s)
tick  749000 alive   224430 genomes   21941 energy   180.9 steps  256.0 halting 0.000 births 2546706 deaths 2547391 (15904.7s)
tick  750000 alive   224720 genomes   21440 energy   180.4 steps  256.0 halting 0.000 births 2541604 deaths 2541314 (15924.2s)
tick  751000 alive   224749 genomes   21286 energy   180.6 steps  256.0 halting 0.000 births 2548637 deaths 2548608 (15944.0s)
tick  752000 alive   226278 genomes   21293 energy   180.2 steps  256.0 halting 0.000 births 2573390 deaths 2571861 (15964.0s)
tick  753000 alive   226547 genomes   21094 energy   179.9 steps  256.0 halting 0.000 births 2599128 deaths 2598859 (15984.1s)
tick  754000 alive   226831 genomes   20959 energy   179.7 steps  256.0 halting 0.000 births 2615161 deaths 2614877 (16004.2s)
tick  755000 alive   226778 genomes   20951 energy   180.6 steps  256.0 halting 0.000 births 2598176 deaths 2598229 (16024.4s)
tick  756000 alive   226256 genomes   20396 energy   181.4 steps  256.0 halting 0.000 births 2583008 deaths 2583530 (16044.6s)
tick  757000 alive   226854 genomes   19881 energy   181.8 steps  256.0 halting 0.000 births 2542692 deaths 2542094 (16064.9s)
tick  758000 alive   227740 genomes   20109 energy   181.0 steps  256.0 halting 0.000 births 2568317 deaths 2567431 (16085.2s)
tick  759000 alive   227147 genomes   20189 energy   180.5 steps  256.0 halting 0.000 births 2589435 deaths 2590028 (16105.5s)
tick  760000 alive   226335 genomes   20247 energy   181.0 steps  256.0 halting 0.000 births 2570896 deaths 2571708 (16125.7s)
tick  761000 alive   227356 genomes   20357 energy   181.3 steps  256.0 halting 0.000 births 2561264 deaths 2560243 (16145.6s)
tick  762000 alive   225883 genomes   20583 energy   181.4 steps  256.0 halting 0.000 births 2536435 deaths 2537908 (16165.8s)
tick  763000 alive   224877 genomes   20630 energy   181.6 steps  256.0 halting 0.000 births 2515919 deaths 2516925 (16185.8s)
tick  764000 alive   226787 genomes   20903 energy   182.2 steps  256.0 halting 0.000 births 2505624 deaths 2503714 (16205.8s)
tick  765000 alive   227245 genomes   20814 energy   182.1 steps  256.0 halting 0.000 births 2504757 deaths 2504299 (16225.7s)
tick  766000 alive   227272 genomes   20573 energy   181.9 steps  256.0 halting 0.000 births 2513526 deaths 2513499 (16245.8s)
tick  767000 alive   226299 genomes   20845 energy   181.3 steps  256.0 halting 0.000 births 2514931 deaths 2515904 (16265.9s)
tick  768000 alive   226359 genomes   20737 energy   181.2 steps  256.0 halting 0.000 births 2521072 deaths 2521012 (16286.0s)
tick  769000 alive   227344 genomes   20377 energy   181.2 steps  256.0 halting 0.000 births 2519150 deaths 2518165 (16306.1s)
tick  770000 alive   226365 genomes   20174 energy   180.5 steps  256.0 halting 0.000 births 2519119 deaths 2520098 (16326.3s)
tick  771000 alive   227131 genomes   19963 energy   180.7 steps  256.0 halting 0.000 births 2532983 deaths 2532217 (16346.3s)
tick  772000 alive   226732 genomes   19978 energy   179.9 steps  256.0 halting 0.000 births 2537628 deaths 2538027 (16366.1s)
tick  773000 alive   227395 genomes   20594 energy   179.4 steps  256.0 halting 0.000 births 2583963 deaths 2583300 (16385.9s)
tick  774000 alive   226655 genomes   20730 energy   180.2 steps  256.0 halting 0.000 births 2560423 deaths 2561163 (16405.5s)
tick  775000 alive   227092 genomes   21138 energy   180.1 steps  256.0 halting 0.000 births 2565043 deaths 2564606 (16424.9s)
tick  776000 alive   226390 genomes   21426 energy   180.6 steps  256.0 halting 0.000 births 2546119 deaths 2546821 (16444.3s)
tick  777000 alive   225192 genomes   22091 energy   180.4 steps  256.0 halting 0.000 births 2510829 deaths 2512027 (16463.5s)
tick  778000 alive   226171 genomes   22128 energy   181.1 steps  256.0 halting 0.000 births 2510638 deaths 2509659 (16482.6s)
tick  779000 alive   226334 genomes   22165 energy   181.8 steps  256.0 halting 0.000 births 2509185 deaths 2509022 (16501.7s)
tick  780000 alive   226070 genomes   22459 energy   181.5 steps  256.0 halting 0.000 births 2501411 deaths 2501675 (16520.7s)
tick  781000 alive   227450 genomes   22271 energy   181.7 steps  256.0 halting 0.000 births 2506533 deaths 2505153 (16539.7s)
tick  782000 alive   227884 genomes   22999 energy   182.1 steps  256.0 halting 0.000 births 2514066 deaths 2513632 (16558.8s)
tick  783000 alive   227585 genomes   23213 energy   181.8 steps  256.0 halting 0.000 births 2506925 deaths 2507224 (16577.6s)
tick  784000 alive   225403 genomes   23476 energy   181.8 steps  256.0 halting 0.000 births 2488910 deaths 2491092 (16596.2s)
tick  785000 alive   225848 genomes   23642 energy   181.6 steps  256.0 halting 0.000 births 2481845 deaths 2481400 (16614.7s)
tick  786000 alive   224837 genomes   23525 energy   180.8 steps  256.0 halting 0.000 births 2507376 deaths 2508387 (16633.1s)
tick  787000 alive   226107 genomes   23632 energy   182.0 steps  256.0 halting 0.000 births 2488652 deaths 2487382 (16651.6s)
tick  788000 alive   225122 genomes   23400 energy   181.6 steps  256.0 halting 0.000 births 2474534 deaths 2475519 (16669.9s)
tick  789000 alive   225108 genomes   22540 energy   181.8 steps  256.0 halting 0.000 births 2472713 deaths 2472727 (16688.2s)
tick  790000 alive   226067 genomes   22253 energy   181.8 steps  256.0 halting 0.000 births 2457427 deaths 2456468 (16706.7s)
tick  791000 alive   226404 genomes   22381 energy   181.2 steps  256.0 halting 0.000 births 2486114 deaths 2485777 (16725.5s)
tick  792000 alive   225044 genomes   22347 energy   181.3 steps  256.0 halting 0.000 births 2506629 deaths 2507989 (16744.3s)
tick  793000 alive   225039 genomes   22393 energy   180.9 steps  256.0 halting 0.000 births 2491733 deaths 2491738 (16763.1s)
tick  794000 alive   225082 genomes   22374 energy   181.4 steps  256.0 halting 0.000 births 2492077 deaths 2492034 (16781.7s)
tick  795000 alive   225249 genomes   22295 energy   182.6 steps  256.0 halting 0.000 births 2465223 deaths 2465056 (16800.4s)
tick  796000 alive   225637 genomes   22066 energy   183.7 steps  256.0 halting 0.000 births 2410415 deaths 2410027 (16819.1s)
tick  797000 alive   226411 genomes   22220 energy   184.0 steps  256.0 halting 0.000 births 2395585 deaths 2394811 (16837.9s)
tick  798000 alive   226103 genomes   22400 energy   184.4 steps  256.0 halting 0.000 births 2387939 deaths 2388247 (16856.8s)
tick  799000 alive   223822 genomes   22726 energy   184.8 steps  256.0 halting 0.000 births 2363656 deaths 2365937 (16875.6s)
tick  800000 alive   223026 genomes   22481 energy   184.5 steps  256.0 halting 0.000 births 2347346 deaths 2348142 (16894.3s)
tick  801000 alive   223863 genomes   22405 energy   184.7 steps  256.0 halting 0.000 births 2361916 deaths 2361079 (16913.2s)
tick  802000 alive   223491 genomes   22077 energy   185.2 steps  256.0 halting 0.000 births 2345931 deaths 2346303 (16932.2s)
tick  803000 alive   223803 genomes   21593 energy   184.8 steps  256.0 halting 0.000 births 2329278 deaths 2328966 (16951.4s)
tick  804000 alive   224518 genomes   21012 energy   184.4 steps  256.0 halting 0.000 births 2335802 deaths 2335087 (16970.7s)
tick  805000 alive   226427 genomes   21048 energy   184.0 steps  256.0 halting 0.000 births 2377961 deaths 2376052 (16990.4s)
tick  806000 alive   225952 genomes   20938 energy   184.4 steps  256.0 halting 0.000 births 2386353 deaths 2386828 (17010.3s)
tick  807000 alive   225191 genomes   21126 energy   184.4 steps  256.0 halting 0.000 births 2376719 deaths 2377480 (17030.3s)
tick  808000 alive   226018 genomes   21042 energy   184.0 steps  256.0 halting 0.000 births 2372749 deaths 2371922 (17050.0s)
tick  809000 alive   226335 genomes   21462 energy   183.5 steps  256.0 halting 0.000 births 2401123 deaths 2400806 (17069.8s)
tick  810000 alive   226207 genomes   20846 energy   183.4 steps  256.0 halting 0.000 births 2408829 deaths 2408957 (17089.7s)
tick  811000 alive   225228 genomes   20514 energy   183.2 steps  256.0 halting 0.000 births 2415721 deaths 2416700 (17109.6s)
tick  812000 alive   226376 genomes   20651 energy   183.3 steps  256.0 halting 0.000 births 2433278 deaths 2432130 (17129.6s)
tick  813000 alive   227214 genomes   20363 energy   183.7 steps  256.0 halting 0.000 births 2414283 deaths 2413445 (17149.8s)
tick  814000 alive   225677 genomes   20280 energy   183.9 steps  256.0 halting 0.000 births 2405425 deaths 2406962 (17169.9s)
tick  815000 alive   226599 genomes   19903 energy   183.7 steps  256.0 halting 0.000 births 2401443 deaths 2400521 (17190.2s)
tick  816000 alive   226050 genomes   19906 energy   184.4 steps  256.0 halting 0.000 births 2393211 deaths 2393760 (17210.7s)
tick  817000 alive   225638 genomes   19821 energy   183.6 steps  256.0 halting 0.000 births 2397252 deaths 2397664 (17231.1s)
tick  818000 alive   224392 genomes   19847 energy   183.9 steps  256.0 halting 0.000 births 2381737 deaths 2382983 (17251.6s)
tick  819000 alive   224928 genomes   19591 energy   184.3 steps  256.0 halting 0.000 births 2358009 deaths 2357473 (17272.1s)
tick  820000 alive   226015 genomes   19413 energy   184.5 steps  256.0 halting 0.000 births 2357712 deaths 2356625 (17292.8s)
tick  821000 alive   226643 genomes   19540 energy   184.5 steps  256.0 halting 0.000 births 2379808 deaths 2379180 (17313.6s)
tick  822000 alive   226354 genomes   19560 energy   184.0 steps  256.0 halting 0.000 births 2376874 deaths 2377163 (17334.4s)
tick  823000 alive   225928 genomes   19450 energy   183.8 steps  256.0 halting 0.000 births 2369963 deaths 2370389 (17355.3s)
tick  824000 alive   226359 genomes   19079 energy   184.1 steps  256.0 halting 0.000 births 2379978 deaths 2379547 (17376.0s)
tick  825000 alive   226248 genomes   19193 energy   183.8 steps  256.0 halting 0.000 births 2378856 deaths 2378967 (17396.7s)
tick  826000 alive   226101 genomes   19160 energy   183.5 steps  256.0 halting 0.000 births 2390727 deaths 2390874 (17417.4s)
tick  827000 alive   225689 genomes   18914 energy   183.9 steps  256.0 halting 0.000 births 2371045 deaths 2371457 (17438.2s)
tick  828000 alive   225735 genomes   18623 energy   183.5 steps  256.0 halting 0.000 births 2378726 deaths 2378680 (17459.0s)
tick  829000 alive   225538 genomes   18099 energy   184.4 steps  256.0 halting 0.000 births 2362596 deaths 2362793 (17479.7s)
tick  830000 alive   226195 genomes   18058 energy   183.1 steps  256.0 halting 0.000 births 2363599 deaths 2362942 (17500.5s)
tick  831000 alive   227159 genomes   17888 energy   182.8 steps  256.0 halting 0.000 births 2398427 deaths 2397463 (17521.3s)
tick  832000 alive   228637 genomes   17845 energy   182.4 steps  256.0 halting 0.000 births 2440297 deaths 2438819 (17542.2s)
tick  833000 alive   229211 genomes   18109 energy   182.1 steps  256.0 halting 0.000 births 2451701 deaths 2451127 (17563.1s)
tick  834000 alive   228735 genomes   18484 energy   181.7 steps  256.0 halting 0.000 births 2480139 deaths 2480615 (17583.8s)
tick  835000 alive   227650 genomes   18703 energy   181.7 steps  256.0 halting 0.000 births 2492020 deaths 2493105 (17604.5s)
tick  836000 alive   227954 genomes   19241 energy   181.6 steps  256.0 halting 0.000 births 2493899 deaths 2493595 (17625.3s)
tick  837000 alive   225441 genomes   20306 energy   180.2 steps  256.0 halting 0.000 births 2510469 deaths 2512982 (17645.8s)
tick  838000 alive   225595 genomes   20181 energy   180.8 steps  256.0 halting 0.000 births 2520468 deaths 2520314 (17666.2s)
tick  839000 alive   225519 genomes   20224 energy   180.9 steps  256.0 halting 0.000 births 2509624 deaths 2509700 (17686.5s)
tick  840000 alive   225321 genomes   20283 energy   181.5 steps  256.0 halting 0.000 births 2485878 deaths 2486076 (17706.7s)
tick  841000 alive   225183 genomes   20286 energy   180.9 steps  256.0 halting 0.000 births 2476794 deaths 2476932 (17726.7s)
tick  842000 alive   224779 genomes   20094 energy   180.7 steps  256.0 halting 0.000 births 2488267 deaths 2488671 (17746.8s)
tick  843000 alive   225541 genomes   19819 energy   182.2 steps  256.0 halting 0.000 births 2459601 deaths 2458839 (17766.6s)
tick  844000 alive   224354 genomes   19682 energy   182.1 steps  256.0 halting 0.000 births 2434846 deaths 2436033 (17786.5s)
tick  845000 alive   225202 genomes   19431 energy   182.5 steps  256.0 halting 0.000 births 2423421 deaths 2422573 (17806.3s)
tick  846000 alive   225678 genomes   19260 energy   182.0 steps  256.0 halting 0.000 births 2420372 deaths 2419896 (17826.1s)
tick  847000 alive   225126 genomes   19005 energy   182.7 steps  256.0 halting 0.000 births 2415372 deaths 2415924 (17845.9s)
tick  848000 alive   225654 genomes   18701 energy   182.7 steps  256.0 halting 0.000 births 2394507 deaths 2393979 (17865.7s)
tick  849000 alive   225938 genomes   18415 energy   183.0 steps  256.0 halting 0.000 births 2388693 deaths 2388409 (17885.6s)
tick  850000 alive   226746 genomes   18290 energy   182.4 steps  256.0 halting 0.000 births 2413406 deaths 2412598 (17905.7s)
tick  851000 alive   226176 genomes   18131 energy   182.6 steps  256.0 halting 0.000 births 2419124 deaths 2419694 (17925.8s)
tick  852000 alive   226022 genomes   18080 energy   182.6 steps  256.0 halting 0.000 births 2415723 deaths 2415877 (17946.0s)
tick  853000 alive   225070 genomes   17801 energy   183.2 steps  256.0 halting 0.000 births 2394895 deaths 2395847 (17966.3s)
tick  854000 alive   224689 genomes   17844 energy   182.8 steps  256.0 halting 0.000 births 2391879 deaths 2392260 (17986.4s)
tick  855000 alive   224891 genomes   17650 energy   183.3 steps  256.0 halting 0.000 births 2399297 deaths 2399095 (18006.7s)
tick  856000 alive   224659 genomes   17681 energy   182.9 steps  256.0 halting 0.000 births 2370166 deaths 2370398 (18026.9s)
tick  857000 alive   225236 genomes   17899 energy   183.5 steps  256.0 halting 0.000 births 2367854 deaths 2367277 (18046.9s)
tick  858000 alive   224187 genomes   17923 energy   182.1 steps  256.0 halting 0.000 births 2375149 deaths 2376198 (18067.1s)
tick  859000 alive   225191 genomes   18353 energy   182.8 steps  256.0 halting 0.000 births 2398111 deaths 2397107 (18087.1s)
tick  860000 alive   225997 genomes   18691 energy   182.6 steps  256.0 halting 0.000 births 2409203 deaths 2408397 (18107.1s)
tick  861000 alive   225740 genomes   18817 energy   182.6 steps  256.0 halting 0.000 births 2420203 deaths 2420460 (18127.2s)
tick  862000 alive   226176 genomes   18656 energy   182.5 steps  256.0 halting 0.000 births 2413573 deaths 2413137 (18147.3s)
tick  863000 alive   226675 genomes   18289 energy   182.2 steps  256.0 halting 0.000 births 2429009 deaths 2428510 (18167.6s)
tick  864000 alive   228875 genomes   18112 energy   182.4 steps  256.0 halting 0.000 births 2435298 deaths 2433098 (18188.3s)
tick  865000 alive   228309 genomes   17891 energy   182.1 steps  256.0 halting 0.000 births 2451005 deaths 2451571 (18208.7s)
tick  866000 alive   228419 genomes   17812 energy   182.2 steps  256.0 halting 0.000 births 2459172 deaths 2459062 (18229.1s)
tick  867000 alive   228354 genomes   17737 energy   182.9 steps  256.0 halting 0.000 births 2434098 deaths 2434163 (18249.3s)
tick  868000 alive   228813 genomes   17856 energy   183.6 steps  256.0 halting 0.000 births 2404039 deaths 2403580 (18269.5s)
tick  869000 alive   228596 genomes   18277 energy   183.9 steps  256.0 halting 0.000 births 2405533 deaths 2405750 (18289.7s)
tick  870000 alive   227394 genomes   18552 energy   183.8 steps  256.0 halting 0.000 births 2392065 deaths 2393267 (18309.9s)
tick  871000 alive   226965 genomes   18700 energy   184.0 steps  256.0 halting 0.000 births 2389851 deaths 2390280 (18330.1s)
tick  872000 alive   226019 genomes   18516 energy   184.5 steps  256.0 halting 0.000 births 2359575 deaths 2360521 (18350.3s)
tick  873000 alive   225219 genomes   18473 energy   184.5 steps  256.0 halting 0.000 births 2352632 deaths 2353432 (18370.4s)
tick  874000 alive   225203 genomes   18397 energy   183.7 steps  256.0 halting 0.000 births 2333587 deaths 2333603 (18390.2s)
tick  875000 alive   225534 genomes   18161 energy   184.8 steps  256.0 halting 0.000 births 2344118 deaths 2343787 (18410.3s)
tick  876000 alive   224883 genomes   18128 energy   184.7 steps  256.0 halting 0.000 births 2322296 deaths 2322947 (18430.1s)
tick  877000 alive   225273 genomes   17935 energy   185.0 steps  256.0 halting 0.000 births 2318324 deaths 2317934 (18450.1s)
tick  878000 alive   225221 genomes   18041 energy   184.7 steps  256.0 halting 0.000 births 2314802 deaths 2314854 (18470.0s)
tick  879000 alive   225465 genomes   18192 energy   184.2 steps  256.0 halting 0.000 births 2314305 deaths 2314061 (18490.0s)
tick  880000 alive   224176 genomes   18050 energy   184.8 steps  256.0 halting 0.000 births 2315884 deaths 2317173 (18509.7s)
tick  881000 alive   224708 genomes   17566 energy   185.4 steps  256.0 halting 0.000 births 2291892 deaths 2291360 (18529.5s)
tick  882000 alive   224116 genomes   17617 energy   185.2 steps  256.0 halting 0.000 births 2278302 deaths 2278894 (18549.3s)
tick  883000 alive   223389 genomes   17441 energy   184.6 steps  256.0 halting 0.000 births 2270151 deaths 2270878 (18569.1s)
tick  884000 alive   223423 genomes   17445 energy   184.9 steps  256.0 halting 0.000 births 2269634 deaths 2269600 (18588.6s)
tick  885000 alive   224567 genomes   17687 energy   184.1 steps  256.0 halting 0.000 births 2278973 deaths 2277829 (18608.1s)
tick  886000 alive   224241 genomes   17906 energy   184.8 steps  256.0 halting 0.000 births 2297895 deaths 2298221 (18627.6s)
tick  887000 alive   224632 genomes   18204 energy   184.9 steps  256.0 halting 0.000 births 2317307 deaths 2316916 (18647.1s)
tick  888000 alive   225288 genomes   18460 energy   184.6 steps  256.0 halting 0.000 births 2307668 deaths 2307012 (18666.7s)
tick  889000 alive   224817 genomes   18372 energy   185.2 steps  256.0 halting 0.000 births 2298378 deaths 2298849 (18686.2s)
tick  890000 alive   226631 genomes   18445 energy   184.5 steps  256.0 halting 0.000 births 2323997 deaths 2322183 (18705.8s)
tick  891000 alive   225304 genomes   18534 energy   184.7 steps  256.0 halting 0.000 births 2311544 deaths 2312871 (18725.5s)
tick  892000 alive   225769 genomes   18168 energy   184.7 steps  256.0 halting 0.000 births 2307356 deaths 2306891 (18745.1s)
tick  893000 alive   225479 genomes   18168 energy   184.4 steps  256.0 halting 0.000 births 2320046 deaths 2320336 (18764.7s)
tick  894000 alive   224460 genomes   18660 energy   184.0 steps  256.0 halting 0.000 births 2327979 deaths 2328998 (18784.6s)
tick  895000 alive   224515 genomes   18499 energy   183.5 steps  256.0 halting 0.000 births 2349217 deaths 2349162 (18804.2s)
tick  896000 alive   224121 genomes   18328 energy   183.6 steps  256.0 halting 0.000 births 2347234 deaths 2347628 (18823.8s)
tick  897000 alive   223041 genomes   18664 energy   183.5 steps  256.0 halting 0.000 births 2343450 deaths 2344530 (18843.2s)
tick  898000 alive   223102 genomes   18651 energy   182.7 steps  256.0 halting 0.000 births 2367003 deaths 2366942 (18862.5s)
tick  899000 alive   223533 genomes   18575 energy   182.4 steps  256.0 halting 0.000 births 2359375 deaths 2358944 (18881.9s)
tick  900000 alive   224838 genomes   18160 energy   182.6 steps  256.0 halting 0.000 births 2388603 deaths 2387298 (18901.4s)
tick  901000 alive   224986 genomes   17940 energy   183.1 steps  256.0 halting 0.000 births 2389099 deaths 2388951 (18921.0s)
tick  902000 alive   225869 genomes   18354 energy   182.5 steps  256.0 halting 0.000 births 2395300 deaths 2394417 (18940.4s)
tick  903000 alive   225043 genomes   18223 energy   183.2 steps  256.0 halting 0.000 births 2397152 deaths 2397978 (18959.9s)
tick  904000 alive   225245 genomes   18217 energy   182.9 steps  256.0 halting 0.000 births 2376933 deaths 2376731 (18979.4s)
tick  905000 alive   225622 genomes   17841 energy   183.0 steps  256.0 halting 0.000 births 2388637 deaths 2388260 (18999.0s)
tick  906000 alive   224247 genomes   17879 energy   183.2 steps  256.0 halting 0.000 births 2377810 deaths 2379185 (19018.5s)
tick  907000 alive   225175 genomes   17939 energy   184.2 steps  256.0 halting 0.000 births 2362798 deaths 2361870 (19037.8s)
tick  908000 alive   222562 genomes   18351 energy   183.6 steps  256.0 halting 0.000 births 2347340 deaths 2349953 (19057.3s)
tick  909000 alive   222661 genomes   17975 energy   184.3 steps  256.0 halting 0.000 births 2313613 deaths 2313514 (19076.7s)
tick  910000 alive   222230 genomes   17945 energy   183.4 steps  256.0 halting 0.000 births 2317523 deaths 2317954 (19096.1s)
tick  911000 alive   223113 genomes   17776 energy   183.8 steps  256.0 halting 0.000 births 2340653 deaths 2339770 (19115.6s)
tick  912000 alive   221349 genomes   17588 energy   183.3 steps  256.0 halting 0.000 births 2342230 deaths 2343994 (19135.2s)
tick  913000 alive   222953 genomes   17186 energy   183.6 steps  256.0 halting 0.000 births 2336002 deaths 2334398 (19154.9s)
tick  914000 alive   220608 genomes   17213 energy   183.3 steps  256.0 halting 0.000 births 2326925 deaths 2329270 (19174.9s)
tick  915000 alive   221036 genomes   17269 energy   182.8 steps  256.0 halting 0.000 births 2346065 deaths 2345637 (19194.8s)
tick  916000 alive   223167 genomes   17390 energy   181.7 steps  256.0 halting 0.000 births 2386139 deaths 2384008 (19214.7s)
tick  917000 alive   223012 genomes   17272 energy   182.3 steps  256.0 halting 0.000 births 2401179 deaths 2401334 (19234.8s)
tick  918000 alive   223458 genomes   17344 energy   182.1 steps  256.0 halting 0.000 births 2384514 deaths 2384068 (19255.0s)
tick  919000 alive   223192 genomes   17154 energy   182.6 steps  256.0 halting 0.000 births 2400277 deaths 2400543 (19275.0s)
tick  920000 alive   223711 genomes   16679 energy   182.3 steps  256.0 halting 0.000 births 2374979 deaths 2374460 (19295.2s)
tick  921000 alive   224280 genomes   16536 energy   181.9 steps  256.0 halting 0.000 births 2386531 deaths 2385962 (19315.4s)
tick  922000 alive   224827 genomes   16580 energy   182.0 steps  256.0 halting 0.000 births 2408076 deaths 2407529 (19335.6s)
tick  923000 alive   224901 genomes   16849 energy   181.9 steps  256.0 halting 0.000 births 2406180 deaths 2406106 (19355.9s)
tick  924000 alive   224186 genomes   17084 energy   182.0 steps  256.0 halting 0.000 births 2400853 deaths 2401568 (19376.3s)
tick  925000 alive   225202 genomes   17474 energy   181.5 steps  256.0 halting 0.000 births 2429410 deaths 2428394 (19396.7s)
tick  926000 alive   226554 genomes   17427 energy   181.5 steps  256.0 halting 0.000 births 2445654 deaths 2444302 (19417.3s)
tick  927000 alive   227553 genomes   17354 energy   182.0 steps  256.0 halting 0.000 births 2446801 deaths 2445802 (19438.1s)
tick  928000 alive   229135 genomes   17689 energy   181.8 steps  256.0 halting 0.000 births 2468496 deaths 2466914 (19458.8s)
tick  929000 alive   228851 genomes   17823 energy   183.2 steps  256.0 halting 0.000 births 2459080 deaths 2459364 (19479.4s)
tick  930000 alive   228557 genomes   18594 energy   181.8 steps  256.0 halting 0.000 births 2455663 deaths 2455957 (19500.1s)
tick  931000 alive   227361 genomes   19062 energy   182.3 steps  256.0 halting 0.000 births 2479231 deaths 2480427 (19520.7s)
tick  932000 alive   227422 genomes   19172 energy   182.4 steps  256.0 halting 0.000 births 2464922 deaths 2464861 (19541.1s)
tick  933000 alive   227646 genomes   19389 energy   182.6 steps  256.0 halting 0.000 births 2449583 deaths 2449359 (19561.3s)
tick  934000 alive   227201 genomes   19729 energy   181.5 steps  256.0 halting 0.000 births 2458980 deaths 2459425 (19581.4s)
tick  935000 alive   227040 genomes   19686 energy   181.2 steps  256.0 halting 0.000 births 2483973 deaths 2484134 (19601.8s)
tick  936000 alive   226134 genomes   20125 energy   181.0 steps  256.0 halting 0.000 births 2498993 deaths 2499899 (19622.1s)
tick  937000 alive   226591 genomes   20519 energy   180.9 steps  256.0 halting 0.000 births 2497863 deaths 2497406 (19642.5s)
tick  938000 alive   226717 genomes   20740 energy   181.0 steps  256.0 halting 0.000 births 2507312 deaths 2507186 (19662.9s)
tick  939000 alive   227714 genomes   20680 energy   180.9 steps  256.0 halting 0.000 births 2518995 deaths 2517998 (19683.1s)
tick  940000 alive   228818 genomes   20494 energy   181.5 steps  256.0 halting 0.000 births 2507852 deaths 2506748 (19703.4s)
tick  941000 alive   228024 genomes   20656 energy   180.7 steps  256.0 halting 0.000 births 2499950 deaths 2500744 (19723.7s)
tick  942000 alive   229136 genomes   20694 energy   180.5 steps  256.0 halting 0.000 births 2540533 deaths 2539421 (19744.0s)
tick  943000 alive   229475 genomes   20712 energy   180.8 steps  256.0 halting 0.000 births 2540118 deaths 2539779 (19764.6s)
tick  944000 alive   228833 genomes   20629 energy   180.9 steps  256.0 halting 0.000 births 2531346 deaths 2531988 (19785.3s)
tick  945000 alive   228882 genomes   20624 energy   181.8 steps  256.0 halting 0.000 births 2500727 deaths 2500678 (19805.8s)
tick  946000 alive   227865 genomes   20369 energy   181.9 steps  256.0 halting 0.000 births 2463098 deaths 2464115 (19826.2s)
tick  947000 alive   229027 genomes   19935 energy   182.5 steps  256.0 halting 0.000 births 2473678 deaths 2472516 (19846.8s)
tick  948000 alive   228953 genomes   19856 energy   182.5 steps  256.0 halting 0.000 births 2467639 deaths 2467713 (19867.5s)
tick  949000 alive   229608 genomes   19920 energy   182.9 steps  256.0 halting 0.000 births 2475351 deaths 2474696 (19888.0s)
tick  950000 alive   230749 genomes   19586 energy   183.5 steps  256.0 halting 0.000 births 2447201 deaths 2446060 (19908.6s)
tick  951000 alive   229996 genomes   19383 energy   183.3 steps  256.0 halting 0.000 births 2463072 deaths 2463825 (19929.4s)
tick  952000 alive   229761 genomes   18791 energy   183.4 steps  256.0 halting 0.000 births 2453139 deaths 2453374 (19950.4s)
tick  953000 alive   229909 genomes   18335 energy   183.0 steps  256.0 halting 0.000 births 2458199 deaths 2458051 (19971.7s)
tick  954000 alive   230100 genomes   17476 energy   183.9 steps  256.0 halting 0.000 births 2442261 deaths 2442070 (19992.9s)
tick  955000 alive   230403 genomes   16880 energy   184.5 steps  256.0 halting 0.000 births 2414387 deaths 2414084 (20014.3s)
tick  956000 alive   230461 genomes   16542 energy   185.3 steps  256.0 halting 0.000 births 2398521 deaths 2398463 (20035.7s)
tick  957000 alive   229435 genomes   16792 energy   183.9 steps  256.0 halting 0.000 births 2381418 deaths 2382444 (20057.0s)
tick  958000 alive   228764 genomes   16834 energy   183.9 steps  256.0 halting 0.000 births 2403373 deaths 2404044 (20078.2s)
tick  959000 alive   228553 genomes   17138 energy   182.8 steps  256.0 halting 0.000 births 2433306 deaths 2433517 (20099.4s)
tick  960000 alive   228581 genomes   17618 energy   182.9 steps  256.0 halting 0.000 births 2437265 deaths 2437237 (20120.4s)
tick  961000 alive   229927 genomes   18308 energy   182.9 steps  256.0 halting 0.000 births 2458456 deaths 2457110 (20141.9s)
tick  962000 alive   230149 genomes   18768 energy   183.4 steps  256.0 halting 0.000 births 2445537 deaths 2445315 (20162.9s)
tick  963000 alive   228450 genomes   19214 energy   183.4 steps  256.0 halting 0.000 births 2456220 deaths 2457919 (20184.0s)
tick  964000 alive   227524 genomes   20057 energy   182.6 steps  256.0 halting 0.000 births 2454925 deaths 2455851 (20205.3s)
tick  965000 alive   227154 genomes   20632 energy   182.1 steps  256.0 halting 0.000 births 2482975 deaths 2483345 (20226.3s)
tick  966000 alive   226277 genomes   20545 energy   182.6 steps  256.0 halting 0.000 births 2474949 deaths 2475826 (20247.0s)
tick  967000 alive   226032 genomes   20491 energy   183.4 steps  256.0 halting 0.000 births 2451764 deaths 2452009 (20267.8s)
tick  968000 alive   227350 genomes   19883 energy   183.2 steps  256.0 halting 0.000 births 2428531 deaths 2427213 (20288.6s)
tick  969000 alive   227712 genomes   19716 energy   183.3 steps  256.0 halting 0.000 births 2462788 deaths 2462426 (20309.4s)
tick  970000 alive   227568 genomes   19380 energy   183.4 steps  256.0 halting 0.000 births 2434215 deaths 2434359 (20330.5s)
tick  971000 alive   229376 genomes   19044 energy   183.0 steps  256.0 halting 0.000 births 2456185 deaths 2454377 (20351.4s)
tick  972000 alive   229560 genomes   19286 energy   182.7 steps  256.0 halting 0.000 births 2463542 deaths 2463358 (20372.5s)
tick  973000 alive   229050 genomes   19679 energy   183.8 steps  256.0 halting 0.000 births 2472723 deaths 2473233 (20393.7s)
tick  974000 alive   229130 genomes   19927 energy   184.0 steps  256.0 halting 0.000 births 2451231 deaths 2451151 (20414.5s)
tick  975000 alive   229097 genomes   19903 energy   184.4 steps  256.0 halting 0.000 births 2429724 deaths 2429757 (20435.2s)
tick  976000 alive   227368 genomes   19433 energy   185.6 steps  256.0 halting 0.000 births 2380714 deaths 2382443 (20456.1s)
tick  977000 alive   226611 genomes   19321 energy   185.3 steps  256.0 halting 0.000 births 2347064 deaths 2347821 (20476.9s)
tick  978000 alive   229427 genomes   18598 energy   185.8 steps  256.0 halting 0.000 births 2352398 deaths 2349582 (20497.9s)
tick  979000 alive   230079 genomes   18058 energy   185.8 steps  256.0 halting 0.000 births 2338146 deaths 2337494 (20518.8s)
tick  980000 alive   229912 genomes   17738 energy   186.2 steps  256.0 halting 0.000 births 2339787 deaths 2339954 (20539.9s)
tick  981000 alive   228920 genomes   17730 energy   185.5 steps  256.0 halting 0.000 births 2327274 deaths 2328266 (20561.1s)
tick  982000 alive   229158 genomes   17354 energy   185.3 steps  256.0 halting 0.000 births 2338619 deaths 2338381 (20582.2s)
tick  983000 alive   231515 genomes   16604 energy   185.1 steps  256.0 halting 0.000 births 2352429 deaths 2350072 (20603.6s)
tick  984000 alive   230799 genomes   16872 energy   185.8 steps  256.0 halting 0.000 births 2344704 deaths 2345420 (20625.3s)
tick  985000 alive   229089 genomes   16667 energy   186.3 steps  256.0 halting 0.000 births 2316017 deaths 2317727 (20646.9s)
tick  986000 alive   229439 genomes   16051 energy   186.7 steps  256.0 halting 0.000 births 2294420 deaths 2294070 (20668.5s)
tick  987000 alive   229636 genomes   15889 energy   187.1 steps  256.0 halting 0.000 births 2277996 deaths 2277799 (20690.0s)
tick  988000 alive   230593 genomes   15372 energy   187.0 steps  256.0 halting 0.000 births 2269671 deaths 2268714 (20711.7s)
tick  989000 alive   231393 genomes   15521 energy   186.9 steps  256.0 halting 0.000 births 2289450 deaths 2288650 (20733.3s)
tick  990000 alive   231218 genomes   15740 energy   186.3 steps  256.0 halting 0.000 births 2294755 deaths 2294930 (20754.9s)
tick  991000 alive   231409 genomes   16048 energy   186.7 steps  256.0 halting 0.000 births 2324903 deaths 2324712 (20776.2s)
tick  992000 alive   230800 genomes   16312 energy   187.1 steps  256.0 halting 0.000 births 2300669 deaths 2301278 (20797.5s)
tick  993000 alive   229799 genomes   16748 energy   187.5 steps  256.0 halting 0.000 births 2284382 deaths 2285383 (20818.6s)
tick  994000 alive   228760 genomes   16929 energy   187.1 steps  256.0 halting 0.000 births 2263797 deaths 2264836 (20839.7s)
tick  995000 alive   228298 genomes   17462 energy   187.5 steps  256.0 halting 0.000 births 2252831 deaths 2253293 (20860.5s)
tick  996000 alive   227956 genomes   17814 energy   187.1 steps  256.0 halting 0.000 births 2258459 deaths 2258801 (20881.2s)
tick  997000 alive   227649 genomes   18345 energy   187.3 steps  256.0 halting 0.000 births 2254079 deaths 2254386 (20901.8s)
tick  998000 alive   227636 genomes   18607 energy   186.3 steps  256.0 halting 0.000 births 2257046 deaths 2257059 (20922.2s)
tick  999000 alive   227661 genomes   18533 energy   185.8 steps  256.0 halting 0.000 births 2287102 deaths 2287077 (20942.6s)
tick 1000000 alive   227391 genomes   18417 energy   185.7 steps  256.0 halting 0.000 births 2307184 deaths 2307454 (20963.1s)
tick 1001000 alive   228060 genomes   18468 energy   184.9 steps  256.0 halting 0.000 births 2316146 deaths 2315477 (20983.7s)
tick 1002000 alive   228263 genomes   18119 energy   184.6 steps  256.0 halting 0.000 births 2332984 deaths 2332781 (21004.3s)
tick 1003000 alive   228612 genomes   18526 energy   184.9 steps  256.0 halting 0.000 births 2343330 deaths 2342981 (21024.8s)
tick 1004000 alive   228839 genomes   18435 energy   184.9 steps  256.0 halting 0.000 births 2338227 deaths 2338000 (21045.2s)
tick 1005000 alive   228199 genomes   18814 energy   184.3 steps  256.0 halting 0.000 births 2356998 deaths 2357638 (21065.5s)
tick 1006000 alive   227407 genomes   18941 energy   184.1 steps  256.0 halting 0.000 births 2362558 deaths 2363350 (21085.8s)
tick 1007000 alive   227668 genomes   19175 energy   184.5 steps  256.0 halting 0.000 births 2365874 deaths 2365613 (21106.4s)
tick 1008000 alive   227460 genomes   19377 energy   184.2 steps  256.0 halting 0.000 births 2356303 deaths 2356511 (21126.6s)
tick 1009000 alive   227344 genomes   19325 energy   184.4 steps  256.0 halting 0.000 births 2363069 deaths 2363185 (21146.7s)
tick 1010000 alive   227250 genomes   19513 energy   184.2 steps  256.0 halting 0.000 births 2369883 deaths 2369977 (21167.0s)
tick 1011000 alive   227222 genomes   19778 energy   183.9 steps  256.0 halting 0.000 births 2375320 deaths 2375348 (21187.0s)
tick 1012000 alive   226338 genomes   19879 energy   183.9 steps  256.0 halting 0.000 births 2371072 deaths 2371956 (21207.0s)
tick 1013000 alive   227060 genomes   20055 energy   183.3 steps  256.0 halting 0.000 births 2396990 deaths 2396268 (21227.1s)
tick 1014000 alive   226437 genomes   19886 energy   182.9 steps  256.0 halting 0.000 births 2401053 deaths 2401676 (21247.3s)
tick 1015000 alive   228120 genomes   20021 energy   182.2 steps  256.0 halting 0.000 births 2439475 deaths 2437792 (21267.4s)
tick 1016000 alive   228700 genomes   20443 energy   182.3 steps  256.0 halting 0.000 births 2462626 deaths 2462046 (21287.5s)
tick 1017000 alive   228654 genomes   20572 energy   181.9 steps  256.0 halting 0.000 births 2484599 deaths 2484645 (21307.8s)
tick 1018000 alive   227955 genomes   20883 energy   182.1 steps  256.0 halting 0.000 births 2479577 deaths 2480276 (21328.1s)
tick 1019000 alive   227427 genomes   20515 energy   181.9 steps  256.0 halting 0.000 births 2470980 deaths 2471508 (21348.3s)
tick 1020000 alive   227246 genomes   19880 energy   182.3 steps  256.0 halting 0.000 births 2453379 deaths 2453560 (21368.5s)
tick 1021000 alive   227246 genomes   19759 energy   182.1 steps  256.0 halting 0.000 births 2457059 deaths 2457059 (21389.0s)
tick 1022000 alive   227262 genomes   19798 energy   182.2 steps  256.0 halting 0.000 births 2447879 deaths 2447863 (21409.0s)
tick 1023000 alive   227809 genomes   19836 energy   181.9 steps  256.0 halting 0.000 births 2448963 deaths 2448416 (21429.1s)
tick 1024000 alive   228177 genomes   20539 energy   182.6 steps  256.0 halting 0.000 births 2457340 deaths 2456972 (21448.8s)
tick 1025000 alive   227181 genomes   20849 energy   182.8 steps  256.0 halting 0.000 births 2425225 deaths 2426221 (21468.3s)
tick 1026000 alive   226516 genomes   21125 energy   183.0 steps  256.0 halting 0.000 births 2418848 deaths 2419513 (21487.8s)
tick 1027000 alive   226784 genomes   21351 energy   183.4 steps  256.0 halting 0.000 births 2405903 deaths 2405635 (21507.3s)
tick 1028000 alive   225552 genomes   21103 energy   183.1 steps  256.0 halting 0.000 births 2401419 deaths 2402651 (21526.9s)
tick 1029000 alive   225102 genomes   20642 energy   183.1 steps  256.0 halting 0.000 births 2403296 deaths 2403746 (21546.5s)
tick 1030000 alive   225582 genomes   20331 energy   182.9 steps  256.0 halting 0.000 births 2400383 deaths 2399903 (21566.3s)
tick 1031000 alive   225118 genomes   19536 energy   183.1 steps  256.0 halting 0.000 births 2386299 deaths 2386763 (21586.4s)
tick 1032000 alive   226023 genomes   18800 energy   183.5 steps  256.0 halting 0.000 births 2385193 deaths 2384288 (21606.4s)
tick 1033000 alive   226180 genomes   18648 energy   183.2 steps  256.0 halting 0.000 births 2396184 deaths 2396027 (21626.6s)
tick 1034000 alive   226302 genomes   18223 energy   182.6 steps  256.0 halting 0.000 births 2397789 deaths 2397667 (21646.9s)
tick 1035000 alive   226986 genomes   17732 energy   182.3 steps  256.0 halting 0.000 births 2397537 deaths 2396853 (21667.3s)
tick 1036000 alive   227181 genomes   17131 energy   183.1 steps  256.0 halting 0.000 births 2393587 deaths 2393392 (21687.8s)
tick 1037000 alive   227988 genomes   17267 energy   182.2 steps  256.0 halting 0.000 births 2407885 deaths 2407078 (21708.6s)
tick 1038000 alive   228586 genomes   17330 energy   182.7 steps  256.0 halting 0.000 births 2436636 deaths 2436038 (21729.7s)
tick 1039000 alive   227689 genomes   17058 energy   183.0 steps  256.0 halting 0.000 births 2423969 deaths 2424866 (21750.6s)
tick 1040000 alive   228710 genomes   16698 energy   182.4 steps  256.0 halting 0.000 births 2407609 deaths 2406588 (21771.6s)
tick 1041000 alive   229001 genomes   16664 energy   182.6 steps  256.0 halting 0.000 births 2424072 deaths 2423781 (21792.8s)
tick 1042000 alive   229738 genomes   16430 energy   181.7 steps  256.0 halting 0.000 births 2423806 deaths 2423069 (21813.9s)
tick 1043000 alive   230641 genomes   16840 energy   181.4 steps  256.0 halting 0.000 births 2477139 deaths 2476236 (21835.2s)
tick 1044000 alive   230813 genomes   16600 energy   180.9 steps  256.0 halting 0.000 births 2487914 deaths 2487742 (21856.6s)
tick 1045000 alive   230355 genomes   16669 energy   181.1 steps  256.0 halting 0.000 births 2516645 deaths 2517103 (21878.0s)
tick 1046000 alive   230386 genomes   16795 energy   181.3 steps  256.0 halting 0.000 births 2497730 deaths 2497699 (21899.3s)
tick 1047000 alive   230029 genomes   16659 energy   181.7 steps  256.0 halting 0.000 births 2478366 deaths 2478723 (21920.9s)
tick 1048000 alive   231341 genomes   16561 energy   181.7 steps  256.0 halting 0.000 births 2465878 deaths 2464566 (21942.4s)
tick 1049000 alive   231478 genomes   16956 energy   182.1 steps  256.0 halting 0.000 births 2490947 deaths 2490810 (21964.1s)
tick 1050000 alive   230740 genomes   17416 energy   181.7 steps  256.0 halting 0.000 births 2508951 deaths 2509689 (21985.8s)
tick 1051000 alive   230631 genomes   17712 energy   181.7 steps  256.0 halting 0.000 births 2495196 deaths 2495305 (22007.0s)
tick 1052000 alive   230053 genomes   18113 energy   182.5 steps  256.0 halting 0.000 births 2473726 deaths 2474304 (22028.1s)
tick 1053000 alive   229981 genomes   18450 energy   181.9 steps  256.0 halting 0.000 births 2480049 deaths 2480121 (22049.3s)
tick 1054000 alive   229962 genomes   18237 energy   182.3 steps  256.0 halting 0.000 births 2486231 deaths 2486250 (22070.6s)
tick 1055000 alive   228919 genomes   17885 energy   182.8 steps  256.0 halting 0.000 births 2451224 deaths 2452267 (22091.4s)
tick 1056000 alive   229887 genomes   18148 energy   182.0 steps  256.0 halting 0.000 births 2474025 deaths 2473057 (22112.4s)
tick 1057000 alive   230155 genomes   18502 energy   181.6 steps  256.0 halting 0.000 births 2499835 deaths 2499567 (22133.6s)
tick 1058000 alive   230185 genomes   18459 energy   182.0 steps  256.0 halting 0.000 births 2499184 deaths 2499154 (22154.9s)
tick 1059000 alive   229766 genomes   17975 energy   182.8 steps  256.0 halting 0.000 births 2475093 deaths 2475512 (22176.3s)
tick 1060000 alive   229753 genomes   17950 energy   182.1 steps  256.0 halting 0.000 births 2482946 deaths 2482959 (22197.8s)
tick 1061000 alive   230451 genomes   17358 energy   182.1 steps  256.0 halting 0.000 births 2489568 deaths 2488870 (22219.9s)
tick 1062000 alive   230318 genomes   16556 energy   182.8 steps  256.0 halting 0.000 births 2489379 deaths 2489512 (22242.2s)
tick 1063000 alive   229066 genomes   16164 energy   183.8 steps  256.0 halting 0.000 births 2447920 deaths 2449172 (22264.3s)
tick 1064000 alive   229966 genomes   15602 energy   184.1 steps  256.0 halting 0.000 births 2409107 deaths 2408207 (22286.7s)
tick 1065000 alive   230255 genomes   15210 energy   184.3 steps  256.0 halting 0.000 births 2404136 deaths 2403847 (22309.1s)
tick 1066000 alive   230515 genomes   14974 energy   184.1 steps  256.0 halting 0.000 births 2411202 deaths 2410942 (22331.4s)
tick 1067000 alive   230314 genomes   14846 energy   184.4 steps  256.0 halting 0.000 births 2402251 deaths 2402452 (22353.9s)
tick 1068000 alive   229130 genomes   14845 energy   185.2 steps  256.0 halting 0.000 births 2368753 deaths 2369937 (22376.6s)
tick 1069000 alive   228768 genomes   14806 energy   184.7 steps  256.0 halting 0.000 births 2369083 deaths 2369445 (22399.2s)
tick 1070000 alive   229316 genomes   15193 energy   183.9 steps  256.0 halting 0.000 births 2383586 deaths 2383038 (22421.8s)
tick 1071000 alive   229694 genomes   14925 energy   184.9 steps  256.0 halting 0.000 births 2381887 deaths 2381509 (22444.2s)
tick 1072000 alive   230301 genomes   15035 energy   184.5 steps  256.0 halting 0.000 births 2368840 deaths 2368233 (22466.9s)
tick 1073000 alive   231698 genomes   14988 energy   185.0 steps  256.0 halting 0.000 births 2380346 deaths 2378949 (22489.5s)
tick 1074000 alive   231698 genomes   15356 energy   184.2 steps  256.0 halting 0.000 births 2397269 deaths 2397269 (22512.1s)
tick 1075000 alive   231189 genomes   15922 energy   184.5 steps  256.0 halting 0.000 births 2394554 deaths 2395063 (22534.7s)
tick 1076000 alive   230584 genomes   16015 energy   185.3 steps  256.0 halting 0.000 births 2376380 deaths 2376985 (22557.2s)
tick 1077000 alive   230201 genomes   16116 energy   186.0 steps  256.0 halting 0.000 births 2346393 deaths 2346776 (22579.8s)
tick 1078000 alive   230381 genomes   16401 energy   185.5 steps  256.0 halting 0.000 births 2340638 deaths 2340458 (22602.5s)
tick 1079000 alive   229504 genomes   16142 energy   186.2 steps  256.0 halting 0.000 births 2330320 deaths 2331197 (22624.9s)
tick 1080000 alive   229610 genomes   16097 energy   186.2 steps  256.0 halting 0.000 births 2319184 deaths 2319078 (22647.3s)
tick 1081000 alive   229287 genomes   16161 energy   186.2 steps  256.0 halting 0.000 births 2317940 deaths 2318263 (22669.9s)
tick 1082000 alive   229458 genomes   16373 energy   186.1 steps  256.0 halting 0.000 births 2305629 deaths 2305458 (22692.6s)
tick 1083000 alive   228782 genomes   15539 energy   186.5 steps  256.0 halting 0.000 births 2304953 deaths 2305629 (22715.3s)
tick 1084000 alive   227818 genomes   15461 energy   186.4 steps  256.0 halting 0.000 births 2271912 deaths 2272876 (22738.1s)
tick 1085000 alive   229493 genomes   14969 energy   187.0 steps  256.0 halting 0.000 births 2262597 deaths 2260922 (22760.8s)
tick 1086000 alive   230191 genomes   14740 energy   186.0 steps  256.0 halting 0.000 births 2294215 deaths 2293517 (22783.5s)
tick 1087000 alive   230680 genomes   14980 energy   184.6 steps  256.0 halting 0.000 births 2331128 deaths 2330639 (22806.3s)
tick 1088000 alive   231085 genomes   14778 energy   183.6 steps  256.0 halting 0.000 births 2354446 deaths 2354041 (22828.9s)
tick 1089000 alive   230980 genomes   14486 energy   184.6 steps  256.0 halting 0.000 births 2370300 deaths 2370405 (22851.6s)
tick 1090000 alive   231374 genomes   14339 energy   184.0 steps  256.0 halting 0.000 births 2384295 deaths 2383901 (22874.3s)
tick 1091000 alive   232180 genomes   14456 energy   183.8 steps  256.0 halting 0.000 births 2383502 deaths 2382696 (22897.2s)
tick 1092000 alive   232011 genomes   14493 energy   183.8 steps  256.0 halting 0.000 births 2398887 deaths 2399056 (22920.2s)
tick 1093000 alive   232239 genomes   14363 energy   184.2 steps  256.0 halting 0.000 births 2390000 deaths 2389772 (22943.3s)
tick 1094000 alive   233243 genomes   14749 energy   184.0 steps  256.0 halting 0.000 births 2403494 deaths 2402490 (22966.3s)
tick 1095000 alive   232925 genomes   14300 energy   184.2 steps  256.0 halting 0.000 births 2412901 deaths 2413219 (22989.5s)
tick 1096000 alive   232880 genomes   14261 energy   185.1 steps  256.0 halting 0.000 births 2380733 deaths 2380778 (23012.3s)
tick 1097000 alive   232303 genomes   14035 energy   185.0 steps  256.0 halting 0.000 births 2368761 deaths 2369338 (23035.3s)
tick 1098000 alive   233108 genomes   14297 energy   185.2 steps  256.0 halting 0.000 births 2375006 deaths 2374201 (23058.1s)
tick 1099000 alive   233422 genomes   14185 energy   186.3 steps  256.0 halting 0.000 births 2363447 deaths 2363133 (23080.8s)
tick 1100000 alive   233073 genomes   14474 energy   185.4 steps  256.0 halting 0.000 births 2341034 deaths 2341383 (23103.5s)
tick 1101000 alive   232634 genomes   14532 energy   186.0 steps  256.0 halting 0.000 births 2344848 deaths 2345287 (23126.6s)
tick 1102000 alive   232611 genomes   14251 energy   186.5 steps  256.0 halting 0.000 births 2332802 deaths 2332825 (23149.3s)
tick 1103000 alive   233190 genomes   13946 energy   186.4 steps  256.0 halting 0.000 births 2333686 deaths 2333107 (23171.7s)
tick 1104000 alive   233564 genomes   13766 energy   186.4 steps  256.0 halting 0.000 births 2340977 deaths 2340603 (23194.3s)
tick 1105000 alive   233116 genomes   13846 energy   186.4 steps  256.0 halting 0.000 births 2338528 deaths 2338976 (23217.1s)
tick 1106000 alive   233575 genomes   13845 energy   186.8 steps  256.0 halting 0.000 births 2334925 deaths 2334466 (23239.8s)
tick 1107000 alive   232825 genomes   13886 energy   187.6 steps  256.0 halting 0.000 births 2308813 deaths 2309563 (23262.4s)
tick 1108000 alive   231865 genomes   14110 energy   187.6 steps  256.0 halting 0.000 births 2285820 deaths 2286780 (23284.7s)
tick 1109000 alive   231500 genomes   13995 energy   187.8 steps  256.0 halting 0.000 births 2275078 deaths 2275443 (23306.9s)
tick 1110000 alive   231167 genomes   14108 energy   186.6 steps  256.0 halting 0.000 births 2258305 deaths 2258638 (23329.2s)
tick 1111000 alive   231121 genomes   13894 energy   187.3 steps  256.0 halting 0.000 births 2267216 deaths 2267262 (23351.7s)
tick 1112000 alive   230232 genomes   13991 energy   186.4 steps  256.0 halting 0.000 births 2266365 deaths 2267254 (23374.1s)
tick 1113000 alive   230406 genomes   14172 energy   185.9 steps  256.0 halting 0.000 births 2281775 deaths 2281601 (23396.4s)
tick 1114000 alive   230369 genomes   14330 energy   186.1 steps  256.0 halting 0.000 births 2282927 deaths 2282964 (23418.6s)
tick 1115000 alive   230763 genomes   14302 energy   185.6 steps  256.0 halting 0.000 births 2299510 deaths 2299116 (23440.8s)
tick 1116000 alive   230108 genomes   14721 energy   186.2 steps  256.0 halting 0.000 births 2300019 deaths 2300674 (23463.1s)
tick 1117000 alive   230800 genomes   14856 energy   186.2 steps  256.0 halting 0.000 births 2289236 deaths 2288544 (23485.2s)
tick 1118000 alive   230241 genomes   15124 energy   186.5 steps  256.0 halting 0.000 births 2281724 deaths 2282283 (23507.0s)
tick 1119000 alive   229931 genomes   15368 energy   187.3 steps  256.0 halting 0.000 births 2277540 deaths 2277850 (23529.0s)
tick 1120000 alive   230291 genomes   15931 energy   187.8 steps  256.0 halting 0.000 births 2241677 deaths 2241317 (23550.9s)
tick 1121000 alive   230778 genomes   15869 energy   186.9 steps  256.0 halting 0.000 births 2241170 deaths 2240683 (23572.2s)
tick 1122000 alive   231056 genomes   16459 energy   186.8 steps  256.0 halting 0.000 births 2261196 deaths 2260918 (23593.9s)
tick 1123000 alive   231406 genomes   16101 energy   187.4 steps  256.0 halting 0.000 births 2268525 deaths 2268175 (23615.3s)
tick 1124000 alive   231616 genomes   16352 energy   186.4 steps  256.0 halting 0.000 births 2281899 deaths 2281689 (23637.2s)
tick 1125000 alive   232489 genomes   16074 energy   187.2 steps  256.0 halting 0.000 births 2286866 deaths 2285993 (23658.9s)
tick 1126000 alive   231175 genomes   15594 energy   187.6 steps  256.0 halting 0.000 births 2264889 deaths 2266203 (23680.5s)
tick 1127000 alive   231137 genomes   15125 energy   187.4 steps  256.0 halting 0.000 births 2254847 deaths 2254885 (23702.1s)
tick 1128000 alive   231452 genomes   14849 energy   186.9 steps  256.0 halting 0.000 births 2264681 deaths 2264366 (23724.1s)
tick 1129000 alive   231972 genomes   14693 energy   186.5 steps  256.0 halting 0.000 births 2272681 deaths 2272161 (23746.2s)
tick 1130000 alive   232320 genomes   14381 energy   186.3 steps  256.0 halting 0.000 births 2290339 deaths 2289991 (23768.5s)
tick 1131000 alive   232291 genomes   14096 energy   186.1 steps  256.0 halting 0.000 births 2286082 deaths 2286111 (23790.7s)
tick 1132000 alive   232023 genomes   13947 energy   186.8 steps  256.0 halting 0.000 births 2265732 deaths 2266000 (23813.0s)
tick 1133000 alive   232052 genomes   13730 energy   187.4 steps  256.0 halting 0.000 births 2244935 deaths 2244906 (23835.2s)
tick 1134000 alive   231702 genomes   13613 energy   187.1 steps  256.0 halting 0.000 births 2241009 deaths 2241359 (23857.5s)
tick 1135000 alive   230655 genomes   13485 energy   188.1 steps  256.0 halting 0.000 births 2210523 deaths 2211570 (23880.0s)
tick 1136000 alive   230544 genomes   13557 energy   187.7 steps  256.0 halting 0.000 births 2190052 deaths 2190163 (23902.0s)
tick 1137000 alive   230517 genomes   13473 energy   187.9 steps  256.0 halting 0.000 births 2188760 deaths 2188787 (23924.2s)
tick 1138000 alive   230114 genomes   13477 energy   188.1 steps  256.0 halting 0.000 births 2183282 deaths 2183685 (23946.5s)
tick 1139000 alive   230209 genomes   13372 energy   188.9 steps  256.0 halting 0.000 births 2169086 deaths 2168991 (23969.0s)
tick 1140000 alive   231561 genomes   13764 energy   188.5 steps  256.0 halting 0.000 births 2157692 deaths 2156340 (23991.3s)
tick 1141000 alive   229781 genomes   14317 energy   188.4 steps  256.0 halting 0.000 births 2171781 deaths 2173561 (24013.4s)
tick 1142000 alive   229653 genomes   14654 energy   188.5 steps  256.0 halting 0.000 births 2157866 deaths 2157994 (24035.3s)
tick 1143000 alive   229288 genomes   14774 energy   189.5 steps  256.0 halting 0.000 births 2143346 deaths 2143711 (24057.0s)
tick 1144000 alive   230171 genomes   14999 energy   188.8 steps  256.0 halting 0.000 births 2143596 deaths 2142713 (24078.7s)
tick 1145000 alive   230671 genomes   14960 energy   188.6 steps  256.0 halting 0.000 births 2163554 deaths 2163054 (24100.2s)
tick 1146000 alive   230365 genomes   14967 energy   188.5 steps  256.0 halting 0.000 births 2172801 deaths 2173107 (24122.0s)
tick 1147000 alive   231143 genomes   14881 energy   188.5 steps  256.0 halting 0.000 births 2181153 deaths 2180375 (24143.6s)
tick 1148000 alive   230751 genomes   14999 energy   187.4 steps  256.0 halting 0.000 births 2193704 deaths 2194096 (24165.0s)
tick 1149000 alive   231008 genomes   14921 energy   187.3 steps  256.0 halting 0.000 births 2214016 deaths 2213759 (24186.7s)
tick 1150000 alive   231305 genomes   14986 energy   187.4 steps  256.0 halting 0.000 births 2230130 deaths 2229833 (24208.6s)
tick 1151000 alive   231627 genomes   14888 energy   187.3 steps  256.0 halting 0.000 births 2226354 deaths 2226032 (24230.6s)
tick 1152000 alive   231315 genomes   14810 energy   187.8 steps  256.0 halting 0.000 births 2232117 deaths 2232429 (24252.5s)
tick 1153000 alive   231968 genomes   14787 energy   187.0 steps  256.0 halting 0.000 births 2234139 deaths 2233486 (24274.8s)
tick 1154000 alive   231598 genomes   14685 energy   187.2 steps  256.0 halting 0.000 births 2241631 deaths 2242001 (24297.0s)
tick 1155000 alive   231541 genomes   14263 energy   187.3 steps  256.0 halting 0.000 births 2239411 deaths 2239468 (24319.5s)
tick 1156000 alive   231895 genomes   14265 energy   186.9 steps  256.0 halting 0.000 births 2248040 deaths 2247686 (24341.9s)
tick 1157000 alive   231864 genomes   14041 energy   187.0 steps  256.0 halting 0.000 births 2231616 deaths 2231647 (24364.3s)
tick 1158000 alive   233287 genomes   13896 energy   187.5 steps  256.0 halting 0.000 births 2243082 deaths 2241659 (24386.6s)
tick 1159000 alive   232964 genomes   13974 energy   187.4 steps  256.0 halting 0.000 births 2255139 deaths 2255462 (24409.3s)
tick 1160000 alive   232432 genomes   13576 energy   187.5 steps  256.0 halting 0.000 births 2236598 deaths 2237130 (24432.0s)
tick 1161000 alive   232534 genomes   13261 energy   187.7 steps  256.0 halting 0.000 births 2233192 deaths 2233090 (24454.7s)
tick 1162000 alive   232880 genomes   12942 energy   188.1 steps  256.0 halting 0.000 births 2234396 deaths 2234050 (24477.4s)
tick 1163000 alive   232890 genomes   13049 energy   188.0 steps  256.0 halting 0.000 births 2245816 deaths 2245806 (24500.4s)
tick 1164000 alive   232410 genomes   13071 energy   188.4 steps  256.0 halting 0.000 births 2239947 deaths 2240427 (24523.5s)
tick 1165000 alive   232175 genomes   13021 energy   188.3 steps  256.0 halting 0.000 births 2241352 deaths 2241587 (24546.4s)
tick 1166000 alive   232670 genomes   12668 energy   188.8 steps  256.0 halting 0.000 births 2215362 deaths 2214867 (24569.6s)
tick 1167000 alive   232849 genomes   12548 energy   188.2 steps  256.0 halting 0.000 births 2227683 deaths 2227504 (24592.5s)
tick 1168000 alive   232478 genomes   12632 energy   188.4 steps  256.0 halting 0.000 births 2234767 deaths 2235138 (24615.7s)
tick 1169000 alive   232133 genomes   13007 energy   188.8 steps  256.0 halting 0.000 births 2219687 deaths 2220032 (24639.1s)
tick 1170000 alive   231415 genomes   13519 energy   189.2 steps  256.0 halting 0.000 births 2212941 deaths 2213659 (24662.0s)
tick 1171000 alive   232172 genomes   13683 energy   189.0 steps  256.0 halting 0.000 births 2197688 deaths 2196931 (24684.5s)
tick 1172000 alive   232667 genomes   14224 energy   189.4 steps  256.0 halting 0.000 births 2183647 deaths 2183152 (24706.8s)
tick 1173000 alive   232723 genomes   14493 energy   188.5 steps  256.0 halting 0.000 births 2195850 deaths 2195794 (24729.2s)
tick 1174000 alive   232631 genomes   14715 energy   188.2 steps  256.0 halting 0.000 births 2230755 deaths 2230847 (24751.3s)
tick 1175000 alive   233400 genomes   14616 energy   188.1 steps  256.0 halting 0.000 births 2225987 deaths 2225218 (24773.6s)
tick 1176000 alive   233063 genomes   15087 energy   187.3 steps  256.0 halting 0.000 births 2239835 deaths 2240172 (24795.7s)
tick 1177000 alive   233317 genomes   15152 energy   188.1 steps  256.0 halting 0.000 births 2257541 deaths 2257287 (24818.1s)
tick 1178000 alive   233737 genomes   15189 energy   187.9 steps  256.0 halting 0.000 births 2257688 deaths 2257268 (24840.7s)
tick 1179000 alive   234081 genomes   15144 energy   187.6 steps  256.0 halting 0.000 births 2255944 deaths 2255600 (24862.8s)
tick 1180000 alive   233769 genomes   15117 energy   186.8 steps  256.0 halting 0.000 births 2279859 deaths 2280171 (24885.4s)
tick 1181000 alive   234077 genomes   15060 energy   186.8 steps  256.0 halting 0.000 births 2302040 deaths 2301732 (24907.7s)
tick 1182000 alive   232799 genomes   14958 energy   187.1 steps  256.0 halting 0.000 births 2300454 deaths 2301732 (24929.9s)
tick 1183000 alive   233155 genomes   14809 energy   187.1 steps  256.0 halting 0.000 births 2286303 deaths 2285947 (24952.4s)
tick 1184000 alive   232857 genomes   14588 energy   187.2 steps  256.0 halting 0.000 births 2279780 deaths 2280078 (24975.1s)
tick 1185000 alive   233508 genomes   14527 energy   187.1 steps  256.0 halting 0.000 births 2283639 deaths 2282988 (24997.4s)
tick 1186000 alive   233541 genomes   14516 energy   186.5 steps  256.0 halting 0.000 births 2300443 deaths 2300410 (25020.0s)
tick 1187000 alive   233362 genomes   14411 energy   186.4 steps  256.0 halting 0.000 births 2320468 deaths 2320647 (25042.6s)
tick 1188000 alive   233332 genomes   14448 energy   185.6 steps  256.0 halting 0.000 births 2314664 deaths 2314694 (25065.1s)
tick 1189000 alive   232790 genomes   14415 energy   185.8 steps  256.0 halting 0.000 births 2334285 deaths 2334827 (25087.9s)
tick 1190000 alive   233004 genomes   14324 energy   185.5 steps  256.0 halting 0.000 births 2340229 deaths 2340015 (25110.5s)
tick 1191000 alive   232818 genomes   14879 energy   185.6 steps  256.0 halting 0.000 births 2335932 deaths 2336118 (25133.1s)
tick 1192000 alive   232667 genomes   15175 energy   185.8 steps  256.0 halting 0.000 births 2336940 deaths 2337091 (25155.8s)
tick 1193000 alive   232248 genomes   15575 energy   186.1 steps  256.0 halting 0.000 births 2328347 deaths 2328766 (25178.4s)
tick 1194000 alive   231724 genomes   15471 energy   186.0 steps  256.0 halting 0.000 births 2310078 deaths 2310602 (25201.1s)
tick 1195000 alive   231601 genomes   15805 energy   185.5 steps  256.0 halting 0.000 births 2324255 deaths 2324378 (25223.5s)
tick 1196000 alive   231217 genomes   16321 energy   185.0 steps  256.0 halting 0.000 births 2353132 deaths 2353516 (25245.7s)
tick 1197000 alive   230968 genomes   16418 energy   184.4 steps  256.0 halting 0.000 births 2376867 deaths 2377116 (25267.8s)
tick 1198000 alive   231630 genomes   16361 energy   184.2 steps  256.0 halting 0.000 births 2388527 deaths 2387865 (25290.1s)
tick 1199000 alive   229945 genomes   16947 energy   183.8 steps  256.0 halting 0.000 births 2407017 deaths 2408702 (25312.2s)
tick 1200000 alive   230447 genomes   16721 energy   184.2 steps  256.0 halting 0.000 births 2414447 deaths 2413945 (25334.4s)
tick 1201000 alive   230466 genomes   16848 energy   184.0 steps  256.0 halting 0.000 births 2405548 deaths 2405529 (25356.7s)
tick 1202000 alive   231192 genomes   17092 energy   183.6 steps  256.0 halting 0.000 births 2407544 deaths 2406818 (25378.6s)
tick 1203000 alive   231350 genomes   16958 energy   183.5 steps  256.0 halting 0.000 births 2438456 deaths 2438298 (25400.7s)
tick 1204000 alive   232752 genomes   17099 energy   183.1 steps  256.0 halting 0.000 births 2464345 deaths 2462943 (25422.8s)
tick 1205000 alive   232500 genomes   17061 energy   183.3 steps  256.0 halting 0.000 births 2497897 deaths 2498149 (25445.0s)
tick 1206000 alive   232423 genomes   17113 energy   182.8 steps  256.0 halting 0.000 births 2502040 deaths 2502117 (25467.1s)
tick 1207000 alive   232834 genomes   17139 energy   182.8 steps  256.0 halting 0.000 births 2523779 deaths 2523368 (25489.4s)
tick 1208000 alive   233106 genomes   16641 energy   182.5 steps  256.0 halting 0.000 births 2534307 deaths 2534035 (25511.6s)
tick 1209000 alive   233232 genomes   16547 energy   181.9 steps  256.0 halting 0.000 births 2547988 deaths 2547862 (25534.5s)
tick 1210000 alive   233429 genomes   15892 energy   182.4 steps  256.0 halting 0.000 births 2551663 deaths 2551466 (25557.1s)
tick 1211000 alive   232607 genomes   15867 energy   181.3 steps  256.0 halting 0.000 births 2556742 deaths 2557564 (25579.9s)
tick 1212000 alive   233595 genomes   15236 energy   181.8 steps  256.0 halting 0.000 births 2562358 deaths 2561370 (25602.8s)
tick 1213000 alive   233538 genomes   15031 energy   182.5 steps  256.0 halting 0.000 births 2530876 deaths 2530933 (25625.9s)
tick 1214000 alive   234718 genomes   14699 energy   183.6 steps  256.0 halting 0.000 births 2509646 deaths 2508466 (25648.9s)
tick 1215000 alive   234132 genomes   14838 energy   183.9 steps  256.0 halting 0.000 births 2510322 deaths 2510908 (25672.1s)
tick 1216000 alive   232982 genomes   14753 energy   184.0 steps  256.0 halting 0.000 births 2481171 deaths 2482321 (25695.2s)
tick 1217000 alive   232343 genomes   14372 energy   184.1 steps  256.0 halting 0.000 births 2460977 deaths 2461616 (25718.5s)
tick 1218000 alive   232616 genomes   14128 energy   184.1 steps  256.0 halting 0.000 births 2435233 deaths 2434960 (25741.8s)
tick 1219000 alive   233194 genomes   14104 energy   184.4 steps  256.0 halting 0.000 births 2439458 deaths 2438880 (25765.2s)
tick 1220000 alive   232412 genomes   14231 energy   184.1 steps  256.0 halting 0.000 births 2425735 deaths 2426517 (25788.7s)
tick 1221000 alive   231476 genomes   14234 energy   184.5 steps  256.0 halting 0.000 births 2416761 deaths 2417697 (25812.4s)
tick 1222000 alive   232379 genomes   13792 energy   185.1 steps  256.0 halting 0.000 births 2378285 deaths 2377382 (25836.1s)
tick 1223000 alive   230346 genomes   13302 energy   185.9 steps  256.0 halting 0.000 births 2352480 deaths 2354513 (25859.7s)
tick 1224000 alive   230764 genomes   13027 energy   185.9 steps  256.0 halting 0.000 births 2327326 deaths 2326908 (25883.4s)
tick 1225000 alive   230841 genomes   12829 energy   186.0 steps  256.0 halting 0.000 births 2318927 deaths 2318850 (25907.1s)
tick 1226000 alive   229933 genomes   12857 energy   186.3 steps  256.0 halting 0.000 births 2308988 deaths 2309896 (25931.2s)
tick 1227000 alive   230674 genomes   12932 energy   186.2 steps  256.0 halting 0.000 births 2297213 deaths 2296472 (25954.5s)
tick 1228000 alive   231859 genomes   12702 energy   187.2 steps  256.0 halting 0.000 births 2282308 deaths 2281123 (25978.1s)
tick 1229000 alive   231683 genomes   12934 energy   186.3 steps  256.0 halting 0.000 births 2275177 deaths 2275353 (26001.8s)
tick 1230000 alive   231820 genomes   12620 energy   187.2 steps  256.0 halting 0.000 births 2259170 deaths 2259033 (26025.4s)
tick 1231000 alive   233119 genomes   12437 energy   187.8 steps  256.0 halting 0.000 births 2240011 deaths 2238712 (26049.2s)
tick 1232000 alive   232693 genomes   12672 energy   187.3 steps  256.0 halting 0.000 births 2245734 deaths 2246160 (26072.7s)
tick 1233000 alive   233294 genomes   12899 energy   187.0 steps  256.0 halting 0.000 births 2269413 deaths 2268812 (26096.5s)
tick 1234000 alive   232661 genomes   12841 energy   186.4 steps  256.0 halting 0.000 births 2286274 deaths 2286907 (26120.0s)
tick 1235000 alive   233759 genomes   12380 energy   187.0 steps  256.0 halting 0.000 births 2276423 deaths 2275325 (26143.4s)
tick 1236000 alive   233836 genomes   12449 energy   187.3 steps  256.0 halting 0.000 births 2273893 deaths 2273816 (26167.0s)
tick 1237000 alive   233833 genomes   12182 energy   186.6 steps  256.0 halting 0.000 births 2288342 deaths 2288345 (26190.8s)
tick 1238000 alive   233722 genomes   11964 energy   187.2 steps  256.0 halting 0.000 births 2282808 deaths 2282919 (26214.7s)
tick 1239000 alive   234283 genomes   11866 energy   186.7 steps  256.0 halting 0.000 births 2291541 deaths 2290980 (26238.4s)
tick 1240000 alive   232869 genomes   11446 energy   186.9 steps  256.0 halting 0.000 births 2284019 deaths 2285433 (26262.2s)
tick 1241000 alive   233285 genomes   11153 energy   187.3 steps  256.0 halting 0.000 births 2267521 deaths 2267105 (26286.0s)
tick 1242000 alive   233554 genomes   11111 energy   187.2 steps  256.0 halting 0.000 births 2274738 deaths 2274469 (26309.8s)
tick 1243000 alive   233438 genomes   10717 energy   187.2 steps  256.0 halting 0.000 births 2266685 deaths 2266801 (26333.9s)
tick 1244000 alive   233704 genomes   10511 energy   187.5 steps  256.0 halting 0.000 births 2241693 deaths 2241427 (26358.1s)
tick 1245000 alive   234197 genomes   10528 energy   188.1 steps  256.0 halting 0.000 births 2242344 deaths 2241851 (26382.4s)
tick 1246000 alive   234367 genomes   10877 energy   187.9 steps  256.0 halting 0.000 births 2234196 deaths 2234026 (26406.6s)
tick 1247000 alive   234012 genomes   11000 energy   188.7 steps  256.0 halting 0.000 births 2217899 deaths 2218254 (26430.8s)
tick 1248000 alive   234632 genomes   11073 energy   189.1 steps  256.0 halting 0.000 births 2192649 deaths 2192029 (26454.7s)
tick 1249000 alive   235134 genomes   11265 energy   189.0 steps  256.0 halting 0.000 births 2205541 deaths 2205039 (26478.9s)
tick 1250000 alive   235555 genomes   11250 energy   188.9 steps  256.0 halting 0.000 births 2210634 deaths 2210213 (26503.2s)
tick 1251000 alive   235692 genomes   11356 energy   189.9 steps  256.0 halting 0.000 births 2209601 deaths 2209464 (26527.1s)
tick 1252000 alive   234719 genomes   11326 energy   189.7 steps  256.0 halting 0.000 births 2192310 deaths 2193283 (26551.2s)
tick 1253000 alive   233291 genomes   11368 energy   189.6 steps  256.0 halting 0.000 births 2173010 deaths 2174438 (26575.0s)
tick 1254000 alive   233349 genomes   11019 energy   189.1 steps  256.0 halting 0.000 births 2178101 deaths 2178043 (26599.3s)
tick 1255000 alive   234341 genomes   10957 energy   189.4 steps  256.0 halting 0.000 births 2172400 deaths 2171408 (26623.0s)
tick 1256000 alive   235085 genomes   10861 energy   189.4 steps  256.0 halting 0.000 births 2172802 deaths 2172058 (26647.2s)
tick 1257000 alive   235086 genomes   11184 energy   189.0 steps  256.0 halting 0.000 births 2203882 deaths 2203881 (26671.3s)
tick 1258000 alive   234677 genomes   11582 energy   188.4 steps  256.0 halting 0.000 births 2217143 deaths 2217552 (26695.3s)
tick 1259000 alive   234671 genomes   12108 energy   188.9 steps  256.0 halting 0.000 births 2228711 deaths 2228717 (26719.0s)
tick 1260000 alive   234552 genomes   12375 energy   188.8 steps  256.0 halting 0.000 births 2210843 deaths 2210962 (26743.0s)
tick 1261000 alive   234144 genomes   12925 energy   189.2 steps  256.0 halting 0.000 births 2216586 deaths 2216994 (26766.7s)
tick 1262000 alive   234624 genomes   13054 energy   189.3 steps  256.0 halting 0.000 births 2222132 deaths 2221652 (26790.0s)
tick 1263000 alive   234805 genomes   13158 energy   189.6 steps  256.0 halting 0.000 births 2201665 deaths 2201484 (26813.5s)
tick 1264000 alive   233764 genomes   13485 energy   188.8 steps  256.0 halting 0.000 births 2226991 deaths 2228032 (26836.9s)
tick 1265000 alive   233315 genomes   13188 energy   188.7 steps  256.0 halting 0.000 births 2236845 deaths 2237294 (26860.4s)
tick 1266000 alive   234377 genomes   12841 energy   188.9 steps  256.0 halting 0.000 births 2229607 deaths 2228545 (26884.1s)
tick 1267000 alive   233774 genomes   12476 energy   189.2 steps  256.0 halting 0.000 births 2216523 deaths 2217126 (26908.1s)
tick 1268000 alive   233897 genomes   11974 energy   189.6 steps  256.0 halting 0.000 births 2186079 deaths 2185956 (26931.9s)
tick 1269000 alive   232400 genomes   11582 energy   189.8 steps  256.0 halting 0.000 births 2152373 deaths 2153870 (26955.9s)
tick 1270000 alive   232437 genomes   11134 energy   190.7 steps  256.0 halting 0.000 births 2141987 deaths 2141950 (26979.6s)
tick 1271000 alive   233426 genomes   11114 energy   190.3 steps  256.0 halting 0.000 births 2125596 deaths 2124607 (27003.3s)
tick 1272000 alive   233463 genomes   10764 energy   190.3 steps  256.0 halting 0.000 births 2130702 deaths 2130665 (27027.4s)
tick 1273000 alive   233069 genomes   10849 energy   189.8 steps  256.0 halting 0.000 births 2143025 deaths 2143419 (27051.7s)
tick 1274000 alive   233059 genomes   11093 energy   189.4 steps  256.0 halting 0.000 births 2153490 deaths 2153500 (27075.9s)
tick 1275000 alive   233400 genomes   11079 energy   189.6 steps  256.0 halting 0.000 births 2161353 deaths 2161012 (27100.4s)
tick 1276000 alive   232876 genomes   11027 energy   189.9 steps  256.0 halting 0.000 births 2156500 deaths 2157024 (27124.6s)
tick 1277000 alive   232304 genomes   10890 energy   189.2 steps  256.0 halting 0.000 births 2146581 deaths 2147153 (27149.0s)
tick 1278000 alive   233608 genomes   11115 energy   189.1 steps  256.0 halting 0.000 births 2169471 deaths 2168167 (27173.3s)
tick 1279000 alive   233135 genomes   11047 energy   189.0 steps  256.0 halting 0.000 births 2172719 deaths 2173192 (27197.9s)
tick 1280000 alive   233475 genomes   10942 energy   189.1 steps  256.0 halting 0.000 births 2171788 deaths 2171448 (27222.1s)
tick 1281000 alive   233324 genomes   10876 energy   188.8 steps  256.0 halting 0.000 births 2169710 deaths 2169861 (27246.7s)
tick 1282000 alive   233191 genomes   11193 energy   188.4 steps  256.0 halting 0.000 births 2188722 deaths 2188855 (27270.7s)
tick 1283000 alive   233397 genomes   11124 energy   188.2 steps  256.0 halting 0.000 births 2199703 deaths 2199497 (27294.8s)
tick 1284000 alive   233341 genomes   11055 energy   188.1 steps  256.0 halting 0.000 births 2212007 deaths 2212063 (27318.9s)
tick 1285000 alive   233629 genomes   11366 energy   187.8 steps  256.0 halting 0.000 births 2231929 deaths 2231641 (27343.3s)
tick 1286000 alive   233585 genomes   11749 energy   187.3 steps  256.0 halting 0.000 births 2248423 deaths 2248467 (27367.4s)
tick 1287000 alive   233830 genomes   12276 energy   187.7 steps  256.0 halting 0.000 births 2251579 deaths 2251334 (27391.4s)
tick 1288000 alive   233558 genomes   12540 energy   188.4 steps  256.0 halting 0.000 births 2244070 deaths 2244342 (27415.4s)
tick 1289000 alive   233325 genomes   13181 energy   188.5 steps  256.0 halting 0.000 births 2232451 deaths 2232684 (27439.1s)
tick 1290000 alive   233053 genomes   13469 energy   189.5 steps  256.0 halting 0.000 births 2218650 deaths 2218922 (27462.8s)
tick 1291000 alive   233428 genomes   13580 energy   189.9 steps  256.0 halting 0.000 births 2200301 deaths 2199926 (27486.6s)
tick 1292000 alive   233421 genomes   13651 energy   190.2 steps  256.0 halting 0.000 births 2168985 deaths 2168992 (27510.2s)
tick 1293000 alive   233676 genomes   13779 energy   190.2 steps  256.0 halting 0.000 births 2173465 deaths 2173210 (27533.8s)
tick 1294000 alive   233611 genomes   14142 energy   190.7 steps  256.0 halting 0.000 births 2153637 deaths 2153702 (27557.1s)
tick 1295000 alive   233713 genomes   14182 energy   190.8 steps  256.0 halting 0.000 births 2149279 deaths 2149177 (27580.5s)
tick 1296000 alive   232039 genomes   14030 energy   190.8 steps  256.0 halting 0.000 births 2131746 deaths 2133420 (27604.2s)
tick 1297000 alive   231674 genomes   13783 energy   190.8 steps  256.0 halting 0.000 births 2137492 deaths 2137857 (27628.0s)
tick 1298000 alive   232826 genomes   13295 energy   190.5 steps  256.0 halting 0.000 births 2133073 deaths 2131921 (27651.8s)
tick 1299000 alive   233127 genomes   13145 energy   190.4 steps  256.0 halting 0.000 births 2150961 deaths 2150660 (27675.4s)
tick 1300000 alive   232949 genomes   13136 energy   190.5 steps  256.0 halting 0.000 births 2155578 deaths 2155756 (27699.2s)
tick 1301000 alive   232837 genomes   13173 energy   190.9 steps  256.0 halting 0.000 births 2130145 deaths 2130257 (27722.9s)
tick 1302000 alive   233176 genomes   13054 energy   191.7 steps  256.0 halting 0.000 births 2107930 deaths 2107591 (27746.1s)
tick 1303000 alive   233728 genomes   12942 energy   192.0 steps  256.0 halting 0.000 births 2094389 deaths 2093837 (27769.1s)
tick 1304000 alive   232935 genomes   12935 energy   192.3 steps  256.0 halting 0.000 births 2081599 deaths 2082392 (27792.6s)
tick 1305000 alive   232908 genomes   12752 energy   191.4 steps  256.0 halting 0.000 births 2070085 deaths 2070112 (27816.2s)
tick 1306000 alive   233561 genomes   12515 energy   191.9 steps  256.0 halting 0.000 births 2089122 deaths 2088469 (27839.4s)
tick 1307000 alive   233014 genomes   12267 energy   191.7 steps  256.0 halting 0.000 births 2087825 deaths 2088372 (27862.5s)
tick 1308000 alive   233631 genomes   11846 energy   192.2 steps  256.0 halting 0.000 births 2072828 deaths 2072211 (27885.3s)
tick 1309000 alive   233350 genomes   11562 energy   191.8 steps  256.0 halting 0.000 births 2072858 deaths 2073139 (27908.6s)
tick 1310000 alive   233181 genomes   11224 energy   191.0 steps  256.0 halting 0.000 births 2081569 deaths 2081738 (27932.2s)
tick 1311000 alive   233776 genomes   11094 energy   191.6 steps  256.0 halting 0.000 births 2086581 deaths 2085986 (27955.9s)
tick 1312000 alive   232678 genomes   11170 energy   191.1 steps  256.0 halting 0.000 births 2079159 deaths 2080257 (27979.1s)
tick 1313000 alive   233055 genomes   11410 energy   191.2 steps  256.0 halting 0.000 births 2095985 deaths 2095608 (28002.5s)
tick 1314000 alive   233049 genomes   11599 energy   190.9 steps  256.0 halting 0.000 births 2094244 deaths 2094250 (28026.0s)
tick 1315000 alive   232482 genomes   11823 energy   190.6 steps  256.0 halting 0.000 births 2097522 deaths 2098089 (28049.5s)
tick 1316000 alive   232102 genomes   12126 energy   191.0 steps  256.0 halting 0.000 births 2091609 deaths 2091989 (28072.3s)
tick 1317000 alive   231560 genomes   12196 energy   190.7 steps  256.0 halting 0.000 births 2088822 deaths 2089364 (28095.2s)
tick 1318000 alive   233055 genomes   12282 energy   190.2 steps  256.0 halting 0.000 births 2115348 deaths 2113853 (28118.5s)
tick 1319000 alive   232612 genomes   13041 energy   189.5 steps  256.0 halting 0.000 births 2138757 deaths 2139200 (28141.0s)
tick 1320000 alive   232719 genomes   13038 energy   189.4 steps  256.0 halting 0.000 births 2166491 deaths 2166384 (28163.5s)
tick 1321000 alive   232866 genomes   13165 energy   189.5 steps  256.0 halting 0.000 births 2161447 deaths 2161300 (28186.2s)
tick 1322000 alive   232664 genomes   13205 energy   189.2 steps  256.0 halting 0.000 births 2176187 deaths 2176389 (28209.1s)
tick 1323000 alive   232703 genomes   13272 energy   189.0 steps  256.0 halting 0.000 births 2174214 deaths 2174175 (28232.2s)
tick 1324000 alive   232733 genomes   13023 energy   189.2 steps  256.0 halting 0.000 births 2176818 deaths 2176788 (28255.2s)
tick 1325000 alive   233753 genomes   13159 energy   189.0 steps  256.0 halting 0.000 births 2183718 deaths 2182698 (28278.2s)
tick 1326000 alive   233663 genomes   13346 energy   188.2 steps  256.0 halting 0.000 births 2203479 deaths 2203569 (28301.3s)
tick 1327000 alive   234204 genomes   13197 energy   189.9 steps  256.0 halting 0.000 births 2201919 deaths 2201378 (28324.3s)
tick 1328000 alive   233148 genomes   13656 energy   189.4 steps  256.0 halting 0.000 births 2188100 deaths 2189156 (28347.7s)
tick 1329000 alive   232254 genomes   13633 energy   189.4 steps  256.0 halting 0.000 births 2186972 deaths 2187866 (28370.4s)
tick 1330000 alive   231823 genomes   13697 energy   189.6 steps  256.0 halting 0.000 births 2160737 deaths 2161168 (28393.0s)
tick 1331000 alive   230942 genomes   13552 energy   189.9 steps  256.0 halting 0.000 births 2144184 deaths 2145065 (28415.9s)
tick 1332000 alive   231749 genomes   13689 energy   190.4 steps  256.0 halting 0.000 births 2120580 deaths 2119773 (28438.9s)
tick 1333000 alive   232742 genomes   13892 energy   190.1 steps  256.0 halting 0.000 births 2127821 deaths 2126828 (28461.5s)
tick 1334000 alive   232547 genomes   14255 energy   189.9 steps  256.0 halting 0.000 births 2143126 deaths 2143321 (28484.5s)
tick 1335000 alive   232440 genomes   14685 energy   190.0 steps  256.0 halting 0.000 births 2150975 deaths 2151082 (28507.0s)
tick 1336000 alive   232803 genomes   15174 energy   189.2 steps  256.0 halting 0.000 births 2170457 deaths 2170094 (28529.3s)
tick 1337000 alive   231789 genomes   15653 energy   189.3 steps  256.0 halting 0.000 births 2182777 deaths 2183791 (28551.6s)
tick 1338000 alive   230958 genomes   15934 energy   189.9 steps  256.0 halting 0.000 births 2167364 deaths 2168195 (28574.0s)
tick 1339000 alive   230163 genomes   15830 energy   189.7 steps  256.0 halting 0.000 births 2151149 deaths 2151944 (28596.0s)
tick 1340000 alive   230858 genomes   15968 energy   189.9 steps  256.0 halting 0.000 births 2141558 deaths 2140863 (28618.0s)
tick 1341000 alive   231483 genomes   16064 energy   190.3 steps  256.0 halting 0.000 births 2133103 deaths 2132478 (28639.7s)
tick 1342000 alive   229556 genomes   16123 energy   190.5 steps  256.0 halting 0.000 births 2125870 deaths 2127797 (28661.4s)
tick 1343000 alive   230214 genomes   15952 energy   190.3 steps  256.0 halting 0.000 births 2113149 deaths 2112491 (28683.0s)
tick 1344000 alive   230154 genomes   15823 energy   189.9 steps  256.0 halting 0.000 births 2123371 deaths 2123431 (28704.7s)
tick 1345000 alive   230674 genomes   15594 energy   189.5 steps  256.0 halting 0.000 births 2150650 deaths 2150130 (28726.4s)
tick 1346000 alive   230089 genomes   15643 energy   188.5 steps  256.0 halting 0.000 births 2172785 deaths 2173370 (28748.4s)
tick 1347000 alive   231834 genomes   15223 energy   189.2 steps  256.0 halting 0.000 births 2176241 deaths 2174496 (28770.3s)
tick 1348000 alive   231563 genomes   14959 energy   189.4 steps  256.0 halting 0.000 births 2179298 deaths 2179569 (28792.5s)
tick 1349000 alive   230562 genomes   14869 energy   189.1 steps  256.0 halting 0.000 births 2173516 deaths 2174517 (28814.3s)
tick 1350000 alive   229666 genomes   14693 energy   189.0 steps  256.0 halting 0.000 births 2177864 deaths 2178760 (28836.4s)
tick 1351000 alive   229110 genomes   14692 energy   189.0 steps  256.0 halting 0.000 births 2154782 deaths 2155338 (28858.3s)
tick 1352000 alive   229669 genomes   14219 energy   189.2 steps  256.0 halting 0.000 births 2147964 deaths 2147405 (28880.2s)
tick 1353000 alive   229753 genomes   13944 energy   189.6 steps  256.0 halting 0.000 births 2135253 deaths 2135169 (28902.2s)
tick 1354000 alive   231125 genomes   13907 energy   188.7 steps  256.0 halting 0.000 births 2134817 deaths 2133445 (28924.0s)
tick 1355000 alive   230483 genomes   14163 energy   188.4 steps  256.0 halting 0.000 births 2163714 deaths 2164356 (28946.0s)
tick 1356000 alive   230339 genomes   14525 energy   187.3 steps  256.0 halting 0.000 births 2196915 deaths 2197059 (28967.9s)
tick 1357000 alive   231083 genomes   14389 energy   187.8 steps  256.0 halting 0.000 births 2201170 deaths 2200426 (28990.1s)
tick 1358000 alive   231992 genomes   14285 energy   188.1 steps  256.0 halting 0.000 births 2192624 deaths 2191715 (29012.3s)
tick 1359000 alive   232457 genomes   14381 energy   187.5 steps  256.0 halting 0.000 births 2230194 deaths 2229729 (29034.5s)
tick 1360000 alive   231871 genomes   14081 energy   187.2 steps  256.0 halting 0.000 births 2256601 deaths 2257187 (29057.2s)
tick 1361000 alive   232921 genomes   14303 energy   186.9 steps  256.0 halting 0.000 births 2274622 deaths 2273572 (29079.8s)
tick 1362000 alive   232822 genomes   14467 energy   187.9 steps  256.0 halting 0.000 births 2263046 deaths 2263145 (29102.4s)
tick 1363000 alive   231554 genomes   14827 energy   187.9 steps  256.0 halting 0.000 births 2250985 deaths 2252253 (29125.0s)
tick 1364000 alive   232077 genomes   14618 energy   188.2 steps  256.0 halting 0.000 births 2225015 deaths 2224492 (29147.2s)
tick 1365000 alive   230875 genomes   14770 energy   188.4 steps  256.0 halting 0.000 births 2214323 deaths 2215525 (29169.6s)
tick 1366000 alive   230930 genomes   14801 energy   188.7 steps  256.0 halting 0.000 births 2192564 deaths 2192509 (29192.0s)
tick 1367000 alive   232133 genomes   14426 energy   189.6 steps  256.0 halting 0.000 births 2189505 deaths 2188302 (29214.1s)
tick 1368000 alive   231353 genomes   14427 energy   189.7 steps  256.0 halting 0.000 births 2155156 deaths 2155936 (29236.1s)
tick 1369000 alive   230589 genomes   14278 energy   190.0 steps  256.0 halting 0.000 births 2134222 deaths 2134986 (29258.2s)
tick 1370000 alive   230737 genomes   14316 energy   189.8 steps  256.0 halting 0.000 births 2127510 deaths 2127362 (29280.4s)
tick 1371000 alive   230908 genomes   14218 energy   190.5 steps  256.0 halting 0.000 births 2105198 deaths 2105027 (29302.3s)
tick 1372000 alive   230409 genomes   14233 energy   190.1 steps  256.0 halting 0.000 births 2105333 deaths 2105832 (29324.2s)
tick 1373000 alive   230518 genomes   14152 energy   190.0 steps  256.0 halting 0.000 births 2104616 deaths 2104507 (29346.0s)
tick 1374000 alive   229917 genomes   14536 energy   190.2 steps  256.0 halting 0.000 births 2103264 deaths 2103865 (29367.9s)
tick 1375000 alive   229992 genomes   14436 energy   190.0 steps  256.0 halting 0.000 births 2112075 deaths 2112000 (29389.7s)
tick 1376000 alive   228958 genomes   14420 energy   188.9 steps  256.0 halting 0.000 births 2129620 deaths 2130654 (29411.6s)
tick 1377000 alive   229889 genomes   13908 energy   188.2 steps  256.0 halting 0.000 births 2143604 deaths 2142673 (29434.0s)
tick 1378000 alive   229432 genomes   13804 energy   188.4 steps  256.0 halting 0.000 births 2176117 deaths 2176574 (29456.0s)
tick 1379000 alive   229041 genomes   13805 energy   188.4 steps  256.0 halting 0.000 births 2165685 deaths 2166076 (29478.2s)
tick 1380000 alive   229207 genomes   14249 energy   187.6 steps  256.0 halting 0.000 births 2185439 deaths 2185273 (29500.2s)
tick 1381000 alive   228959 genomes   14664 energy   187.0 steps  256.0 halting 0.000 births 2201705 deaths 2201953 (29522.1s)
tick 1382000 alive   229236 genomes   14507 energy   187.5 steps  256.0 halting 0.000 births 2212838 deaths 2212561 (29544.0s)
tick 1383000 alive   228364 genomes   14942 energy   187.3 steps  256.0 halting 0.000 births 2224851 deaths 2225723 (29565.8s)
tick 1384000 alive   228612 genomes   15300 energy   187.4 steps  256.0 halting 0.000 births 2201562 deaths 2201314 (29587.8s)
tick 1385000 alive   228660 genomes   15753 energy   188.0 steps  256.0 halting 0.000 births 2213843 deaths 2213795 (29609.6s)
tick 1386000 alive   228040 genomes   16180 energy   187.6 steps  256.0 halting 0.000 births 2211967 deaths 2212587 (29631.1s)
tick 1387000 alive   228193 genomes   16294 energy   188.3 steps  256.0 halting 0.000 births 2190489 deaths 2190336 (29652.5s)
tick 1388000 alive   227308 genomes   16638 energy   188.0 steps  256.0 halting 0.000 births 2181692 deaths 2182577 (29673.9s)
tick 1389000 alive   228519 genomes   16419 energy   188.1 steps  256.0 halting 0.000 births 2182522 deaths 2181311 (29695.6s)
tick 1390000 alive   229279 genomes   16492 energy   188.0 steps  256.0 halting 0.000 births 2206013 deaths 2205253 (29716.7s)
tick 1391000 alive   230203 genomes   16703 energy   187.3 steps  256.0 halting 0.000 births 2208784 deaths 2207860 (29738.1s)
tick 1392000 alive   229536 genomes   17178 energy   186.7 steps  256.0 halting 0.000 births 2246560 deaths 2247227 (29759.5s)
tick 1393000 alive   229231 genomes   17145 energy   187.6 steps  256.0 halting 0.000 births 2239010 deaths 2239315 (29781.0s)
tick 1394000 alive   229582 genomes   17243 energy   187.9 steps  256.0 halting 0.000 births 2213327 deaths 2212976 (29802.4s)
tick 1395000 alive   228602 genomes   17210 energy   188.2 steps  256.0 halting 0.000 births 2196858 deaths 2197838 (29823.6s)
tick 1396000 alive   228343 genomes   17487 energy   188.0 steps  256.0 halting 0.000 births 2187446 deaths 2187705 (29844.6s)
tick 1397000 alive   228080 genomes   16989 energy   189.3 steps  256.0 halting 0.000 births 2148328 deaths 2148591 (29865.5s)
tick 1398000 alive   228799 genomes   16609 energy   189.5 steps  256.0 halting 0.000 births 2135229 deaths 2134510 (29886.3s)
tick 1399000 alive   227346 genomes   16136 energy   190.3 steps  256.0 halting 0.000 births 2100867 deaths 2102320 (29907.4s)
tick 1400000 alive   227176 genomes   15830 energy   189.5 steps  256.0 halting 0.000 births 2081621 deaths 2081791 (29928.7s)
tick 1401000 alive   226952 genomes   15037 energy   189.8 steps  256.0 halting 0.000 births 2099044 deaths 2099268 (29949.8s)
tick 1402000 alive   227832 genomes   14465 energy   190.2 steps  256.0 halting 0.000 births 2070809 deaths 2069929 (29971.1s)
tick 1403000 alive   228060 genomes   14238 energy   189.8 steps  256.0 halting 0.000 births 2078743 deaths 2078515 (29992.6s)
tick 1404000 alive   228546 genomes   14276 energy   189.5 steps  256.0 halting 0.000 births 2092873 deaths 2092387 (30014.3s)
tick 1405000 alive   228253 genomes   14211 energy   189.3 steps  256.0 halting 0.000 births 2086181 deaths 2086474 (30036.1s)
tick 1406000 alive   228039 genomes   14376 energy   189.5 steps  256.0 halting 0.000 births 2100488 deaths 2100702 (30058.0s)
tick 1407000 alive   227815 genomes   14298 energy   189.9 steps  256.0 halting 0.000 births 2077959 deaths 2078183 (30079.8s)
tick 1408000 alive   227809 genomes   14619 energy   190.5 steps  256.0 halting 0.000 births 2083311 deaths 2083317 (30101.7s)
tick 1409000 alive   227794 genomes   14659 energy   190.0 steps  256.0 halting 0.000 births 2073979 deaths 2073994 (30123.4s)
tick 1410000 alive   227130 genomes   14723 energy   189.9 steps  256.0 halting 0.000 births 2078593 deaths 2079257 (30145.0s)
tick 1411000 alive   227054 genomes   14906 energy   190.5 steps  256.0 halting 0.000 births 2073794 deaths 2073870 (30166.4s)
tick 1412000 alive   226942 genomes   14985 energy   190.3 steps  256.0 halting 0.000 births 2065394 deaths 2065506 (30187.9s)
tick 1413000 alive   226972 genomes   15229 energy   189.9 steps  256.0 halting 0.000 births 2076405 deaths 2076375 (30209.1s)
tick 1414000 alive   226931 genomes   15176 energy   189.5 steps  256.0 halting 0.000 births 2092623 deaths 2092664 (30230.9s)
tick 1415000 alive   228191 genomes   14941 energy   189.1 steps  256.0 halting 0.000 births 2111351 deaths 2110091 (30252.5s)
tick 1416000 alive   227366 genomes   14851 energy   188.9 steps  256.0 halting 0.000 births 2122107 deaths 2122932 (30274.1s)
tick 1417000 alive   227808 genomes   14500 energy   188.6 steps  256.0 halting 0.000 births 2129175 deaths 2128733 (30295.5s)
tick 1418000 alive   228489 genomes   14433 energy   189.2 steps  256.0 halting 0.000 births 2129607 deaths 2128926 (30317.2s)
tick 1419000 alive   228591 genomes   14624 energy   189.1 steps  256.0 halting 0.000 births 2131294 deaths 2131192 (30338.6s)
tick 1420000 alive   228308 genomes   14592 energy   190.0 steps  256.0 halting 0.000 births 2101023 deaths 2101306 (30360.0s)
tick 1421000 alive   227933 genomes   14727 energy   190.1 steps  256.0 halting 0.000 births 2083553 deaths 2083928 (30381.1s)
tick 1422000 alive   227915 genomes   14883 energy   190.0 steps  256.0 halting 0.000 births 2083127 deaths 2083145 (30401.9s)
tick 1423000 alive   227502 genomes   14582 energy   190.6 steps  256.0 halting 0.000 births 2076365 deaths 2076778 (30422.5s)
tick 1424000 alive   228299 genomes   14746 energy   190.5 steps  256.0 halting 0.000 births 2070209 deaths 2069412 (30443.3s)
tick 1425000 alive   227748 genomes   14892 energy   190.0 steps  256.0 halting 0.000 births 2070946 deaths 2071497 (30464.2s)
tick 1426000 alive   227174 genomes   14766 energy   190.4 steps  256.0 halting 0.000 births 2073044 deaths 2073618 (30484.9s)
tick 1427000 alive   226141 genomes   14783 energy   190.2 steps  256.0 halting 0.000 births 2058520 deaths 2059553 (30505.7s)
tick 1428000 alive   227066 genomes   14646 energy   190.3 steps  256.0 halting 0.000 births 2062659 deaths 2061734 (30526.6s)
tick 1429000 alive   226982 genomes   14627 energy   190.5 steps  256.0 halting 0.000 births 2067160 deaths 2067244 (30547.4s)
tick 1430000 alive   227614 genomes   14636 energy   189.9 steps  256.0 halting 0.000 births 2087374 deaths 2086742 (30568.1s)
tick 1431000 alive   224920 genomes   14631 energy   189.6 steps  256.0 halting 0.000 births 2080974 deaths 2083668 (30588.9s)
tick 1432000 alive   225249 genomes   14838 energy   188.8 steps  256.0 halting 0.000 births 2106923 deaths 2106594 (30609.8s)
tick 1433000 alive   225340 genomes   14959 energy   188.8 steps  256.0 halting 0.000 births 2123370 deaths 2123279 (30630.6s)
tick 1434000 alive   225026 genomes   15224 energy   189.3 steps  256.0 halting 0.000 births 2125366 deaths 2125680 (30651.4s)
tick 1435000 alive   225108 genomes   15168 energy   188.8 steps  256.0 halting 0.000 births 2114013 deaths 2113931 (30672.3s)
tick 1436000 alive   226038 genomes   15626 energy   189.1 steps  256.0 halting 0.000 births 2132709 deaths 2131779 (30693.1s)
tick 1437000 alive   225279 genomes   15958 energy   189.0 steps  256.0 halting 0.000 births 2125296 deaths 2126055 (30713.8s)
tick 1438000 alive   224029 genomes   15936 energy   188.5 steps  256.0 halting 0.000 births 2119313 deaths 2120563 (30734.5s)
tick 1439000 alive   224323 genomes   16301 energy   187.2 steps  256.0 halting 0.000 births 2148074 deaths 2147780 (30755.5s)
tick 1440000 alive   224309 genomes   16400 energy   186.9 steps  256.0 halting 0.000 births 2190816 deaths 2190830 (30776.5s)
tick 1441000 alive   225836 genomes   16334 energy   186.9 steps  256.0 halting 0.000 births 2205385 deaths 2203858 (30797.7s)
tick 1442000 alive   227425 genomes   16403 energy   187.2 steps  256.0 halting 0.000 births 2223821 deaths 2222232 (30818.9s)
tick 1443000 alive   227097 genomes   16645 energy   187.9 steps  256.0 halting 0.000 births 2206165 deaths 2206493 (30839.9s)
tick 1444000 alive   225853 genomes   16686 energy   187.4 steps  256.0 halting 0.000 births 2213183 deaths 2214427 (30860.5s)
tick 1445000 alive   227177 genomes   16487 energy   187.7 steps  256.0 halting 0.000 births 2195473 deaths 2194149 (30881.5s)
tick 1446000 alive   227203 genomes   16420 energy   187.7 steps  256.0 halting 0.000 births 2213145 deaths 2213119 (30902.5s)
tick 1447000 alive   227598 genomes   16300 energy   187.5 steps  256.0 halting 0.000 births 2210635 deaths 2210240 (30923.4s)
tick 1448000 alive   227243 genomes   16692 energy   186.5 steps  256.0 halting 0.000 births 2231020 deaths 2231375 (30944.3s)
tick 1449000 alive   226349 genomes   16733 energy   186.2 steps  256.0 halting 0.000 births 2252227 deaths 2253121 (30965.3s)
tick 1450000 alive   226773 genomes   16588 energy   186.0 steps  256.0 halting 0.000 births 2271432 deaths 2271008 (30986.1s)
tick 1451000 alive   227222 genomes   16756 energy   186.2 steps  256.0 halting 0.000 births 2258388 deaths 2257939 (31007.0s)
tick 1452000 alive   228044 genomes   16652 energy   186.4 steps  256.0 halting 0.000 births 2261690 deaths 2260868 (31028.0s)
tick 1453000 alive   227835 genomes   16714 energy   186.8 steps  256.0 halting 0.000 births 2265676 deaths 2265885 (31048.8s)
tick 1454000 alive   228858 genomes   16845 energy   186.0 steps  256.0 halting 0.000 births 2263154 deaths 2262131 (31069.6s)
tick 1455000 alive   228492 genomes   16827 energy   186.3 steps  256.0 halting 0.000 births 2275842 deaths 2276208 (31090.4s)
tick 1456000 alive   228323 genomes   17208 energy   186.6 steps  256.0 halting 0.000 births 2271202 deaths 2271371 (31111.4s)
tick 1457000 alive   227178 genomes   17209 energy   186.0 steps  256.0 halting 0.000 births 2261508 deaths 2262653 (31132.2s)
tick 1458000 alive   227468 genomes   17378 energy   185.7 steps  256.0 halting 0.000 births 2272048 deaths 2271758 (31153.0s)
tick 1459000 alive   228369 genomes   17469 energy   185.2 steps  256.0 halting 0.000 births 2295490 deaths 2294589 (31173.8s)
tick 1460000 alive   227451 genomes   17686 energy   184.8 steps  256.0 halting 0.000 births 2330054 deaths 2330972 (31194.4s)
tick 1461000 alive   228274 genomes   17818 energy   184.7 steps  256.0 halting 0.000 births 2347892 deaths 2347069 (31214.9s)
tick 1462000 alive   228846 genomes   18009 energy   185.6 steps  256.0 halting 0.000 births 2342138 deaths 2341566 (31235.4s)
tick 1463000 alive   228061 genomes   17714 energy   185.8 steps  256.0 halting 0.000 births 2309012 deaths 2309797 (31255.8s)
tick 1464000 alive   228806 genomes   17812 energy   185.8 steps  256.0 halting 0.000 births 2297160 deaths 2296415 (31276.2s)
tick 1465000 alive   227400 genomes   18047 energy   185.3 steps  256.0 halting 0.000 births 2300024 deaths 2301430 (31296.6s)
tick 1466000 alive   226425 genomes   18327 energy   186.0 steps  256.0 halting 0.000 births 2296966 deaths 2297941 (31317.2s)
tick 1467000 alive   226306 genomes   18397 energy   186.3 steps  256.0 halting 0.000 births 2277864 deaths 2277983 (31337.6s)
tick 1468000 alive   226739 genomes   18215 energy   185.7 steps  256.0 halting 0.000 births 2262781 deaths 2262348 (31357.8s)
tick 1469000 alive   227543 genomes   18332 energy   185.3 steps  256.0 halting 0.000 births 2287578 deaths 2286774 (31378.3s)
tick 1470000 alive   228474 genomes   18164 energy   184.2 steps  256.0 halting 0.000 births 2334347 deaths 2333416 (31398.7s)
tick 1471000 alive   228831 genomes   18148 energy   183.3 steps  256.0 halting 0.000 births 2376856 deaths 2376499 (31419.4s)
tick 1472000 alive   228434 genomes   18295 energy   184.0 steps  256.0 halting 0.000 births 2377613 deaths 2378010 (31439.9s)
tick 1473000 alive   228594 genomes   18479 energy   184.2 steps  256.0 halting 0.000 births 2362686 deaths 2362526 (31460.3s)
tick 1474000 alive   226948 genomes   18378 energy   184.5 steps  256.0 halting 0.000 births 2353361 deaths 2355007 (31480.7s)
tick 1475000 alive   226764 genomes   18317 energy   184.5 steps  256.0 halting 0.000 births 2351762 deaths 2351946 (31501.2s)
tick 1476000 alive   225562 genomes   18397 energy   184.6 steps  256.0 halting 0.000 births 2327919 deaths 2329121 (31521.5s)
tick 1477000 alive   227333 genomes   18449 energy   184.9 steps  256.0 halting 0.000 births 2321049 deaths 2319278 (31541.6s)
tick 1478000 alive   226940 genomes   18574 energy   184.1 steps  256.0 halting 0.000 births 2334156 deaths 2334549 (31561.8s)
tick 1479000 alive   227150 genomes   18446 energy   184.2 steps  256.0 halting 0.000 births 2346253 deaths 2346043 (31581.6s)
tick 1480000 alive   226235 genomes   18689 energy   184.4 steps  256.0 halting 0.000 births 2346473 deaths 2347388 (31601.6s)
tick 1481000 alive   226545 genomes   18997 energy   183.8 steps  256.0 halting 0.000 births 2345307 deaths 2344997 (31621.3s)
tick 1482000 alive   227114 genomes   18995 energy   183.5 steps  256.0 halting 0.000 births 2361127 deaths 2360558 (31641.2s)
tick 1483000 alive   227548 genomes   19388 energy   184.0 steps  256.0 halting 0.000 births 2376715 deaths 2376281 (31660.9s)
tick 1484000 alive   227253 genomes   19729 energy   183.6 steps  256.0 halting 0.000 births 2378664 deaths 2378959 (31680.6s)
tick 1485000 alive   227508 genomes   20329 energy   182.8 steps  256.0 halting 0.000 births 2398240 deaths 2397985 (31700.4s)
tick 1486000 alive   227139 genomes   20207 energy   183.3 steps  256.0 halting 0.000 births 2411400 deaths 2411769 (31720.0s)
tick 1487000 alive   227527 genomes   20527 energy   182.6 steps  256.0 halting 0.000 births 2414790 deaths 2414402 (31739.6s)
tick 1488000 alive   226756 genomes   20548 energy   182.6 steps  256.0 halting 0.000 births 2404493 deaths 2405264 (31759.2s)
tick 1489000 alive   225698 genomes   20395 energy   183.8 steps  256.0 halting 0.000 births 2386341 deaths 2387399 (31778.7s)
tick 1490000 alive   224394 genomes   20106 energy   183.9 steps  256.0 halting 0.000 births 2355618 deaths 2356922 (31798.3s)
tick 1491000 alive   224582 genomes   19903 energy   184.0 steps  256.0 halting 0.000 births 2348353 deaths 2348165 (31817.9s)
tick 1492000 alive   224692 genomes   19849 energy   184.0 steps  256.0 halting 0.000 births 2344818 deaths 2344708 (31837.5s)
tick 1493000 alive   225418 genomes   20105 energy   183.2 steps  256.0 halting 0.000 births 2370450 deaths 2369724 (31857.2s)
tick 1494000 alive   226379 genomes   20273 energy   182.5 steps  256.0 halting 0.000 births 2403379 deaths 2402418 (31876.8s)
tick 1495000 alive   224946 genomes   19824 energy   182.8 steps  256.0 halting 0.000 births 2404522 deaths 2405955 (31896.3s)
tick 1496000 alive   225303 genomes   19555 energy   182.0 steps  256.0 halting 0.000 births 2418482 deaths 2418125 (31916.1s)
tick 1497000 alive   227105 genomes   19349 energy   182.5 steps  256.0 halting 0.000 births 2421302 deaths 2419500 (31935.8s)
tick 1498000 alive   227820 genomes   19768 energy   182.2 steps  256.0 halting 0.000 births 2442205 deaths 2441490 (31955.9s)
tick 1499000 alive   227413 genomes   19776 energy   182.5 steps  256.0 halting 0.000 births 2445414 deaths 2445821 (31975.8s)
tick 1500000 alive   226819 genomes   19944 energy   182.7 steps  256.0 halting 0.000 births 2433289 deaths 2433883 (31995.7s)
tick 1501000 alive   225831 genomes   20207 energy   182.0 steps  256.0 halting 0.000 births 2429552 deaths 2430540 (32015.3s)
tick 1502000 alive   225921 genomes   20143 energy   182.2 steps  256.0 halting 0.000 births 2431802 deaths 2431712 (32034.8s)
tick 1503000 alive   226061 genomes   20191 energy   181.7 steps  256.0 halting 0.000 births 2426986 deaths 2426846 (32054.5s)
tick 1504000 alive   227857 genomes   20195 energy   181.3 steps  256.0 halting 0.000 births 2454797 deaths 2453001 (32074.3s)
tick 1505000 alive   228433 genomes   20079 energy   182.6 steps  256.0 halting 0.000 births 2478105 deaths 2477529 (32094.0s)
tick 1506000 alive   227564 genomes   20213 energy   183.0 steps  256.0 halting 0.000 births 2433570 deaths 2434439 (32113.6s)
tick 1507000 alive   227348 genomes   19829 energy   183.5 steps  256.0 halting 0.000 births 2412160 deaths 2412376 (32133.2s)
tick 1508000 alive   227803 genomes   19902 energy   182.7 steps  256.0 halting 0.000 births 2416778 deaths 2416323 (32152.8s)
tick 1509000 alive   227523 genomes   19916 energy   182.4 steps  256.0 halting 0.000 births 2435347 deaths 2435627 (32172.4s)
tick 1510000 alive   227064 genomes   20087 energy   183.7 steps  256.0 halting 0.000 births 2413519 deaths 2413978 (32191.9s)
tick 1511000 alive   225159 genomes   19958 energy   184.4 steps  256.0 halting 0.000 births 2376593 deaths 2378498 (32211.4s)
tick 1512000 alive   225180 genomes   19757 energy   184.2 steps  256.0 halting 0.000 births 2334122 deaths 2334101 (32230.9s)
tick 1513000 alive   224202 genomes   19533 energy   184.9 steps  256.0 halting 0.000 births 2318776 deaths 2319754 (32250.2s)
tick 1514000 alive   223525 genomes   19444 energy   184.7 steps  256.0 halting 0.000 births 2289359 deaths 2290036 (32269.6s)
tick 1515000 alive   223822 genomes   19515 energy   184.7 steps  256.0 halting 0.000 births 2290775 deaths 2290478 (32288.5s)
tick 1516000 alive   224017 genomes   19561 energy   184.1 steps  256.0 halting 0.000 births 2281219 deaths 2281024 (32307.5s)
tick 1517000 alive   224849 genomes   19116 energy   184.1 steps  256.0 halting 0.000 births 2296239 deaths 2295407 (32326.7s)
tick 1518000 alive   225366 genomes   19014 energy   182.8 steps  256.0 halting 0.000 births 2346037 deaths 2345520 (32345.9s)
tick 1519000 alive   225090 genomes   18764 energy   183.5 steps  256.0 halting 0.000 births 2355271 deaths 2355547 (32365.2s)
tick 1520000 alive   226012 genomes   18504 energy   184.0 steps  256.0 halting 0.000 births 2342737 deaths 2341815 (32384.6s)
tick 1521000 alive   226780 genomes   18414 energy   184.1 steps  256.0 halting 0.000 births 2336218 deaths 2335450 (32403.8s)
tick 1522000 alive   226363 genomes   18958 energy   183.4 steps  256.0 halting 0.000 births 2353415 deaths 2353832 (32423.0s)
tick 1523000 alive   225118 genomes   19047 energy   183.7 steps  256.0 halting 0.000 births 2349041 deaths 2350286 (32442.1s)
tick 1524000 alive   225741 genomes   19030 energy   183.9 steps  256.0 halting 0.000 births 2346882 deaths 2346259 (32461.2s)
tick 1525000 alive   225272 genomes   19322 energy   182.9 steps  256.0 halting 0.000 births 2352664 deaths 2353133 (32480.3s)
tick 1526000 alive   225026 genomes   19517 energy   183.2 steps  256.0 halting 0.000 births 2366812 deaths 2367058 (32499.5s)
tick 1527000 alive   225099 genomes   20165 energy   181.7 steps  256.0 halting 0.000 births 2387362 deaths 2387289 (32518.5s)
tick 1528000 alive   225217 genomes   20107 energy   182.1 steps  256.0 halting 0.000 births 2405429 deaths 2405311 (32537.4s)
tick 1529000 alive   225678 genomes   20121 energy   182.0 steps  256.0 halting 0.000 births 2413515 deaths 2413054 (32556.3s)
tick 1530000 alive   225096 genomes   20468 energy   181.3 steps  256.0 halting 0.000 births 2406340 deaths 2406922 (32575.2s)
tick 1531000 alive   224772 genomes   20531 energy   181.2 steps  256.0 halting 0.000 births 2425344 deaths 2425668 (32594.2s)
tick 1532000 alive   224916 genomes   20603 energy   181.6 steps  256.0 halting 0.000 births 2433755 deaths 2433611 (32612.9s)
tick 1533000 alive   225238 genomes   20587 energy   180.9 steps  256.0 halting 0.000 births 2423368 deaths 2423046 (32631.7s)
tick 1534000 alive   225092 genomes   20666 energy   181.5 steps  256.0 halting 0.000 births 2431532 deaths 2431678 (32650.2s)
tick 1535000 alive   225196 genomes   20688 energy   182.3 steps  256.0 halting 0.000 births 2404764 deaths 2404660 (32668.5s)
tick 1536000 alive   226027 genomes   21051 energy   181.8 steps  256.0 halting 0.000 births 2390799 deaths 2389968 (32687.0s)
tick 1537000 alive   225484 genomes   20995 energy   181.8 steps  256.0 halting 0.000 births 2430809 deaths 2431352 (32705.3s)
tick 1538000 alive   225906 genomes   21331 energy   182.0 steps  256.0 halting 0.000 births 2440247 deaths 2439825 (32723.6s)
tick 1539000 alive   225646 genomes   21765 energy   181.8 steps  256.0 halting 0.000 births 2407622 deaths 2407882 (32741.8s)
tick 1540000 alive   226124 genomes   21653 energy   182.2 steps  256.0 halting 0.000 births 2416008 deaths 2415530 (32760.0s)
tick 1541000 alive   225535 genomes   22239 energy   182.3 steps  256.0 halting 0.000 births 2396444 deaths 2397033 (32778.0s)
tick 1542000 alive   224707 genomes   22215 energy   182.9 steps  256.0 halting 0.000 births 2378118 deaths 2378946 (32795.8s)
tick 1543000 alive   224383 genomes   22370 energy   182.7 steps  256.0 halting 0.000 births 2372036 deaths 2372360 (32813.7s)
tick 1544000 alive   224425 genomes   22364 energy   182.9 steps  256.0 halting 0.000 births 2376408 deaths 2376366 (32831.4s)
tick 1545000 alive   224382 genomes   22389 energy   182.8 steps  256.0 halting 0.000 births 2347946 deaths 2347989 (32849.2s)
tick 1546000 alive   224796 genomes   22456 energy   182.2 steps  256.0 halting 0.000 births 2379780 deaths 2379366 (32867.1s)
tick 1547000 alive   225664 genomes   22363 energy   182.7 steps  256.0 halting 0.000 births 2393927 deaths 2393059 (32885.0s)
tick 1548000 alive   226733 genomes   22647 energy   182.0 steps  256.0 halting 0.000 births 2414874 deaths 2413805 (32902.9s)
tick 1549000 alive   226090 genomes   22556 energy   182.6 steps  256.0 halting 0.000 births 2432155 deaths 2432798 (32921.0s)
tick 1550000 alive   226080 genomes   22588 energy   183.4 steps  256.0 halting 0.000 births 2405118 deaths 2405128 (32939.0s)
tick 1551000 alive   224075 genomes   22901 energy   183.7 steps  256.0 halting 0.000 births 2375274 deaths 2377279 (32956.9s)
tick 1552000 alive   224228 genomes   22932 energy   183.3 steps  256.0 halting 0.000 births 2371333 deaths 2371180 (32974.7s)
tick 1553000 alive   223021 genomes   22719 energy   184.5 steps  256.0 halting 0.000 births 2340920 deaths 2342127 (32992.5s)
tick 1554000 alive   223715 genomes   22153 energy   184.8 steps  256.0 halting 0.000 births 2292566 deaths 2291872 (33010.2s)
tick 1555000 alive   222173 genomes   22121 energy   184.6 steps  256.0 halting 0.000 births 2278237 deaths 2279779 (33027.9s)
tick 1556000 alive   221039 genomes   21596 energy   185.2 steps  256.0 halting 0.000 births 2261426 deaths 2262560 (33045.6s)
tick 1557000 alive   220095 genomes   21608 energy   184.4 steps  256.0 halting 0.000 births 2244063 deaths 2245007 (33063.4s)
tick 1558000 alive   220045 genomes   21432 energy   184.3 steps  256.0 halting 0.000 births 2264360 deaths 2264410 (33081.2s)
tick 1559000 alive   220388 genomes   21148 energy   184.6 steps  256.0 halting 0.000 births 2256754 deaths 2256411 (33099.2s)
tick 1560000 alive   220304 genomes   20815 energy   184.1 steps  256.0 halting 0.000 births 2252828 deaths 2252912 (33117.1s)
tick 1561000 alive   221471 genomes   21099 energy   182.8 steps  256.0 halting 0.000 births 2284616 deaths 2283449 (33135.2s)
tick 1562000 alive   221643 genomes   20599 energy   183.9 steps  256.0 halting 0.000 births 2305619 deaths 2305447 (33153.4s)
tick 1563000 alive   221910 genomes   20733 energy   183.9 steps  256.0 halting 0.000 births 2290235 deaths 2289968 (33171.6s)
tick 1564000 alive   221725 genomes   20815 energy   183.6 steps  256.0 halting 0.000 births 2303905 deaths 2304090 (33189.9s)
tick 1565000 alive   221379 genomes   20561 energy   183.2 steps  256.0 halting 0.000 births 2296279 deaths 2296625 (33208.4s)
tick 1566000 alive   222919 genomes   20340 energy   182.5 steps  256.0 halting 0.000 births 2336006 deaths 2334466 (33226.9s)
tick 1567000 alive   223005 genomes   20604 energy   181.7 steps  256.0 halting 0.000 births 2379590 deaths 2379504 (33245.6s)
tick 1568000 alive   223436 genomes   20935 energy   182.0 steps  256.0 halting 0.000 births 2380209 deaths 2379778 (33264.3s)
tick 1569000 alive   223676 genomes   21117 energy   182.5 steps  256.0 halting 0.000 births 2380567 deaths 2380327 (33283.0s)
tick 1570000 alive   224055 genomes   21243 energy   182.2 steps  256.0 halting 0.000 births 2382438 deaths 2382059 (33301.6s)
tick 1571000 alive   222992 genomes   21622 energy   181.7 steps  256.0 halting 0.000 births 2394314 deaths 2395377 (33320.1s)
tick 1572000 alive   224660 genomes   21953 energy   183.5 steps  256.0 halting 0.000 births 2379079 deaths 2377411 (33338.7s)
tick 1573000 alive   223176 genomes   22255 energy   183.8 steps  256.0 halting 0.000 births 2332987 deaths 2334471 (33357.0s)
tick 1574000 alive   222512 genomes   22342 energy   184.2 steps  256.0 halting 0.000 births 2310582 deaths 2311246 (33375.1s)
tick 1575000 alive   222252 genomes   22371 energy   183.2 steps  256.0 halting 0.000 births 2308846 deaths 2309106 (33393.3s)
tick 1576000 alive   221878 genomes   21839 energy   183.2 steps  256.0 halting 0.000 births 2323685 deaths 2324059 (33411.6s)
tick 1577000 alive   223052 genomes   21758 energy   182.6 steps  256.0 halting 0.000 births 2335331 deaths 2334157 (33429.8s)
tick 1578000 alive   222451 genomes   21395 energy   182.3 steps  256.0 halting 0.000 births 2364742 deaths 2365343 (33448.2s)
tick 1579000 alive   222994 genomes   21214 energy   182.3 steps  256.0 halting 0.000 births 2376615 deaths 2376072 (33466.8s)
tick 1580000 alive   223783 genomes   21665 energy   182.0 steps  256.0 halting 0.000 births 2399081 deaths 2398292 (33485.5s)
tick 1581000 alive   222204 genomes   21420 energy   181.6 steps  256.0 halting 0.000 births 2391974 deaths 2393553 (33504.0s)
tick 1582000 alive   223278 genomes   21877 energy   181.6 steps  256.0 halting 0.000 births 2394315 deaths 2393241 (33522.7s)
tick 1583000 alive   224075 genomes   22044 energy   182.4 steps  256.0 halting 0.000 births 2388973 deaths 2388176 (33541.4s)
tick 1584000 alive   224295 genomes   22174 energy   182.6 steps  256.0 halting 0.000 births 2389633 deaths 2389413 (33560.0s)
tick 1585000 alive   223294 genomes   22228 energy   183.3 steps  256.0 halting 0.000 births 2369316 deaths 2370317 (33578.5s)
tick 1586000 alive   224225 genomes   22375 energy   182.5 steps  256.0 halting 0.000 births 2389279 deaths 2388348 (33597.1s)
tick 1587000 alive   223689 genomes   22517 energy   182.2 steps  256.0 halting 0.000 births 2379002 deaths 2379538 (33615.6s)
tick 1588000 alive   224302 genomes   22806 energy   182.2 steps  256.0 halting 0.000 births 2380900 deaths 2380287 (33634.1s)
tick 1589000 alive   224305 genomes   22696 energy   182.9 steps  256.0 halting 0.000 births 2390117 deaths 2390114 (33652.6s)
tick 1590000 alive   223834 genomes   22490 energy   182.6 steps  256.0 halting 0.000 births 2389758 deaths 2390229 (33671.3s)
tick 1591000 alive   224297 genomes   22818 energy   182.6 steps  256.0 halting 0.000 births 2396423 deaths 2395960 (33690.0s)
tick 1592000 alive   223692 genomes   22819 energy   183.0 steps  256.0 halting 0.000 births 2379932 deaths 2380537 (33708.8s)
tick 1593000 alive   223312 genomes   22876 energy   183.3 steps  256.0 halting 0.000 births 2390140 deaths 2390520 (33727.4s)
tick 1594000 alive   222599 genomes   22815 energy   183.8 steps  256.0 halting 0.000 births 2356306 deaths 2357019 (33745.8s)
tick 1595000 alive   222306 genomes   22689 energy   183.3 steps  256.0 halting 0.000 births 2342909 deaths 2343202 (33764.2s)
tick 1596000 alive   222623 genomes   22442 energy   184.3 steps  256.0 halting 0.000 births 2336424 deaths 2336107 (33782.5s)
tick 1597000 alive   223743 genomes   21866 energy   184.6 steps  256.0 halting 0.000 births 2317643 deaths 2316523 (33800.6s)
tick 1598000 alive   224350 genomes   22003 energy   184.2 steps  256.0 halting 0.000 births 2329635 deaths 2329028 (33818.8s)
tick 1599000 alive   223189 genomes   22025 energy   184.3 steps  256.0 halting 0.000 births 2334422 deaths 2335583 (33836.9s)
tick 1600000 alive   222316 genomes   22366 energy   183.4 steps  256.0 halting 0.000 births 2319065 deaths 2319938 (33855.1s)
tick 1601000 alive   223126 genomes   22175 energy   183.2 steps  256.0 halting 0.000 births 2345444 deaths 2344634 (33873.4s)
tick 1602000 alive   222927 genomes   22244 energy   183.1 steps  256.0 halting 0.000 births 2353388 deaths 2353587 (33891.6s)
tick 1603000 alive   223039 genomes   22245 energy   182.9 steps  256.0 halting 0.000 births 2356820 deaths 2356708 (33909.8s)
tick 1604000 alive   223565 genomes   22143 energy   182.9 steps  256.0 halting 0.000 births 2358815 deaths 2358289 (33928.1s)
tick 1605000 alive   222746 genomes   22550 energy   182.1 steps  256.0 halting 0.000 births 2387506 deaths 2388325 (33946.5s)
tick 1606000 alive   223766 genomes   22324 energy   182.3 steps  256.0 halting 0.000 births 2384922 deaths 2383902 (33964.8s)
tick 1607000 alive   223584 genomes   22339 energy   182.3 steps  256.0 halting 0.000 births 2397520 deaths 2397702 (33983.4s)
tick 1608000 alive   223847 genomes   22344 energy   181.4 steps  256.0 halting 0.000 births 2406732 deaths 2406469 (34002.2s)
tick 1609000 alive   223400 genomes   22440 energy   181.8 steps  256.0 halting 0.000 births 2408327 deaths 2408774 (34021.1s)
tick 1610000 alive   225359 genomes   22722 energy   182.3 steps  256.0 halting 0.000 births 2419259 deaths 2417300 (34040.0s)
tick 1611000 alive   225019 genomes   22565 energy   182.8 steps  256.0 halting 0.000 births 2401352 deaths 2401692 (34059.0s)
tick 1612000 alive   224595 genomes   22642 energy   183.2 steps  256.0 halting 0.000 births 2399835 deaths 2400259 (34077.8s)
tick 1613000 alive   224118 genomes   22890 energy   183.3 steps  256.0 halting 0.000 births 2382626 deaths 2383103 (34096.4s)
tick 1614000 alive   223708 genomes   22532 energy   184.5 steps  256.0 halting 0.000 births 2337893 deaths 2338303 (34114.8s)
tick 1615000 alive   222478 genomes   22838 energy   184.7 steps  256.0 halting 0.000 births 2307240 deaths 2308470 (34133.0s)
tick 1616000 alive   222865 genomes   22816 energy   184.2 steps  256.0 halting 0.000 births 2306890 deaths 2306503 (34151.2s)
tick 1617000 alive   222223 genomes   22861 energy   183.6 steps  256.0 halting 0.000 births 2337479 deaths 2338121 (34169.5s)
tick 1618000 alive   222051 genomes   22568 energy   182.2 steps  256.0 halting 0.000 births 2349296 deaths 2349468 (34187.9s)
tick 1619000 alive   222618 genomes   22640 energy   181.9 steps  256.0 halting 0.000 births 2382817 deaths 2382250 (34206.5s)
tick 1620000 alive   223393 genomes   22575 energy   182.1 steps  256.0 halting 0.000 births 2392299 deaths 2391524 (34225.3s)
tick 1621000 alive   223012 genomes   22800 energy   182.3 steps  256.0 halting 0.000 births 2399373 deaths 2399754 (34244.2s)
tick 1622000 alive   223480 genomes   23255 energy   181.5 steps  256.0 halting 0.000 births 2392813 deaths 2392345 (34263.2s)
tick 1623000 alive   224282 genomes   23462 energy   181.5 steps  256.0 halting 0.000 births 2421431 deaths 2420629 (34282.3s)
tick 1624000 alive   224396 genomes   23648 energy   181.7 steps  256.0 halting 0.000 births 2437573 deaths 2437459 (34301.1s)
tick 1625000 alive   224292 genomes   23765 energy   181.6 steps  256.0 halting 0.000 births 2424960 deaths 2425064 (34320.0s)
tick 1626000 alive   224992 genomes   23268 energy   180.8 steps  256.0 halting 0.000 births 2441383 deaths 2440683 (34339.0s)
tick 1627000 alive   224855 genomes   23755 energy   179.7 steps  256.0 halting 0.000 births 2495487 deaths 2495624 (34358.3s)
tick 1628000 alive   224867 genomes   23487 energy   180.7 steps  256.0 halting 0.000 births 2508537 deaths 2508525 (34377.5s)
tick 1629000 alive   224580 genomes   24001 energy   179.8 steps  256.0 halting 0.000 births 2496662 deaths 2496949 (34396.6s)
tick 1630000 alive   224956 genomes   24116 energy   179.7 steps  256.0 halting 0.000 births 2526072 deaths 2525696 (34415.7s)
tick 1631000 alive   225190 genomes   24395 energy   180.0 steps  256.0 halting 0.000 births 2524785 deaths 2524551 (34434.7s)
tick 1632000 alive   225293 genomes   23905 energy   180.9 steps  256.0 halting 0.000 births 2525195 deaths 2525092 (34453.8s)
tick 1633000 alive   225330 genomes   23673 energy   180.9 steps  256.0 halting 0.000 births 2521340 deaths 2521303 (34472.8s)
tick 1634000 alive   225084 genomes   23745 energy   180.2 steps  256.0 halting 0.000 births 2523753 deaths 2523999 (34492.2s)
tick 1635000 alive   225307 genomes   22711 energy   181.0 steps  256.0 halting 0.000 births 2515277 deaths 2515054 (34511.7s)
tick 1636000 alive   225870 genomes   22776 energy   181.4 steps  256.0 halting 0.000 births 2519837 deaths 2519274 (34531.4s)
tick 1637000 alive   225347 genomes   22669 energy   181.6 steps  256.0 halting 0.000 births 2507171 deaths 2507694 (34551.1s)
tick 1638000 alive   225410 genomes   22034 energy   180.9 steps  256.0 halting 0.000 births 2508048 deaths 2507985 (34570.7s)
tick 1639000 alive   225278 genomes   21723 energy   180.2 steps  256.0 halting 0.000 births 2505512 deaths 2505644 (34590.6s)
tick 1640000 alive   226619 genomes   21675 energy   179.5 steps  256.0 halting 0.000 births 2549934 deaths 2548593 (34610.5s)
tick 1641000 alive   226859 genomes   22078 energy   180.2 steps  256.0 halting 0.000 births 2564963 deaths 2564723 (34630.3s)
tick 1642000 alive   227368 genomes   22531 energy   180.9 steps  256.0 halting 0.000 births 2545317 deaths 2544808 (34649.9s)
tick 1643000 alive   226536 genomes   22833 energy   180.5 steps  256.0 halting 0.000 births 2550498 deaths 2551330 (34669.5s)
tick 1644000 alive   225384 genomes   22546 energy   181.4 steps  256.0 halting 0.000 births 2543339 deaths 2544491 (34689.0s)
tick 1645000 alive   225715 genomes   22204 energy   181.4 steps  256.0 halting 0.000 births 2504988 deaths 2504657 (34708.4s)
tick 1646000 alive   226770 genomes   22033 energy   181.8 steps  256.0 halting 0.000 births 2494223 deaths 2493168 (34727.9s)
tick 1647000 alive   226885 genomes   21848 energy   182.3 steps  256.0 halting 0.000 births 2495272 deaths 2495157 (34747.4s)
tick 1648000 alive   226558 genomes   22058 energy   181.5 steps  256.0 halting 0.000 births 2487123 deaths 2487450 (34766.7s)
tick 1649000 alive   225301 genomes   22181 energy   182.1 steps  256.0 halting 0.000 births 2493364 deaths 2494621 (34786.1s)
tick 1650000 alive   223516 genomes   22141 energy   182.2 steps  256.0 halting 0.000 births 2461370 deaths 2463155 (34805.4s)
tick 1651000 alive   224698 genomes   22245 energy   182.0 steps  256.0 halting 0.000 births 2444179 deaths 2442997 (34824.6s)
tick 1652000 alive   224839 genomes   22264 energy   180.9 steps  256.0 halting 0.000 births 2471409 deaths 2471268 (34844.1s)
tick 1653000 alive   223903 genomes   22059 energy   180.6 steps  256.0 halting 0.000 births 2510450 deaths 2511386 (34863.9s)
tick 1654000 alive   224267 genomes   21979 energy   180.8 steps  256.0 halting 0.000 births 2494976 deaths 2494612 (34883.8s)
tick 1655000 alive   225024 genomes   21389 energy   180.3 steps  256.0 halting 0.000 births 2515498 deaths 2514741 (34903.6s)
tick 1656000 alive   226040 genomes   21387 energy   179.1 steps  256.0 halting 0.000 births 2539214 deaths 2538198 (34923.7s)
tick 1657000 alive   227044 genomes   20944 energy   179.3 steps  256.0 halting 0.000 births 2579637 deaths 2578633 (34944.1s)
tick 1658000 alive   227719 genomes   21070 energy   179.5 steps  256.0 halting 0.000 births 2598145 deaths 2597470 (34964.3s)
tick 1659000 alive   227329 genomes   20815 energy   180.1 steps  256.0 halting 0.000 births 2596499 deaths 2596889 (34984.5s)
tick 1660000 alive   227619 genomes   20729 energy   180.2 steps  256.0 halting 0.000 births 2583355 deaths 2583065 (35004.2s)
tick 1661000 alive   227097 genomes   20405 energy   179.7 steps  256.0 halting 0.000 births 2573857 deaths 2574379 (35024.1s)
tick 1662000 alive   226699 genomes   20798 energy   179.3 steps  256.0 halting 0.000 births 2600764 deaths 2601162 (35044.2s)
tick 1663000 alive   227262 genomes   20598 energy   178.3 steps  256.0 halting 0.000 births 2626792 deaths 2626229 (35064.4s)
tick 1664000 alive   228686 genomes   20974 energy   178.4 steps  256.0 halting 0.000 births 2654927 deaths 2653503 (35084.6s)
tick 1665000 alive   228346 genomes   20890 energy   179.5 steps  256.0 halting 0.000 births 2660775 deaths 2661115 (35104.7s)
tick 1666000 alive   227196 genomes   21239 energy   179.0 steps  256.0 halting 0.000 births 2626734 deaths 2627884 (35124.7s)
tick 1667000 alive   227448 genomes   21500 energy   179.6 steps  256.0 halting 0.000 births 2631705 deaths 2631453 (35144.3s)
tick 1668000 alive   226338 genomes   22023 energy   179.7 steps  256.0 halting 0.000 births 2599621 deaths 2600731 (35163.7s)
tick 1669000 alive   225873 genomes   22041 energy   180.9 steps  256.0 halting 0.000 births 2572290 deaths 2572755 (35183.4s)
tick 1670000 alive   224736 genomes   22318 energy   180.6 steps  256.0 halting 0.000 births 2545425 deaths 2546562 (35202.6s)
tick 1671000 alive   223608 genomes   22129 energy   180.2 steps  256.0 halting 0.000 births 2540752 deaths 2541880 (35221.9s)
tick 1672000 alive   222318 genomes   21824 energy   180.4 steps  256.0 halting 0.000 births 2507756 deaths 2509046 (35241.0s)
tick 1673000 alive   222778 genomes   21492 energy   179.7 steps  256.0 halting 0.000 births 2509773 deaths 2509313 (35260.0s)
tick 1674000 alive   222668 genomes   21319 energy   179.4 steps  256.0 halting 0.000 births 2542154 deaths 2542264 (35279.3s)
tick 1675000 alive   223033 genomes   21080 energy   179.2 steps  256.0 halting 0.000 births 2548580 deaths 2548215 (35298.8s)
tick 1676000 alive   223787 genomes   20929 energy   178.4 steps  256.0 halting 0.000 births 2557019 deaths 2556265 (35318.4s)
tick 1677000 alive   223484 genomes   20420 energy   179.7 steps  256.0 halting 0.000 births 2543469 deaths 2543772 (35338.0s)
tick 1678000 alive   224121 genomes   20779 energy   179.8 steps  256.0 halting 0.000 births 2547746 deaths 2547109 (35357.4s)
tick 1679000 alive   223633 genomes   20990 energy   179.8 steps  256.0 halting 0.000 births 2534095 deaths 2534583 (35376.5s)
tick 1680000 alive   222583 genomes   21223 energy   179.6 steps  256.0 halting 0.000 births 2541398 deaths 2542448 (35395.8s)
tick 1681000 alive   222783 genomes   21288 energy   179.5 steps  256.0 halting 0.000 births 2534224 deaths 2534024 (35415.1s)
tick 1682000 alive   223610 genomes   21509 energy   179.9 steps  256.0 halting 0.000 births 2541966 deaths 2541139 (35434.4s)
tick 1683000 alive   223058 genomes   21500 energy   179.4 steps  256.0 halting 0.000 births 2549020 deaths 2549572 (35453.5s)
tick 1684000 alive   221498 genomes   21820 energy   179.5 steps  256.0 halting 0.000 births 2519318 deaths 2520878 (35472.8s)
tick 1685000 alive   219946 genomes   21597 energy   179.9 steps  256.0 halting 0.000 births 2506438 deaths 2507990 (35492.1s)
tick 1686000 alive   220599 genomes   21314 energy   179.4 steps  256.0 halting 0.000 births 2486311 deaths 2485658 (35511.4s)
tick 1687000 alive   221763 genomes   20813 energy   180.6 steps  256.0 halting 0.000 births 2495003 deaths 2493839 (35530.9s)
tick 1688000 alive   224124 genomes   20359 energy   181.4 steps  256.0 halting 0.000 births 2487616 deaths 2485255 (35550.3s)
tick 1689000 alive   223247 genomes   20693 energy   181.2 steps  256.0 halting 0.000 births 2489212 deaths 2490089 (35569.7s)
tick 1690000 alive   223640 genomes   20816 energy   180.2 steps  256.0 halting 0.000 births 2501772 deaths 2501379 (35589.2s)
tick 1691000 alive   223166 genomes   20541 energy   180.5 steps  256.0 halting 0.000 births 2502252 deaths 2502726 (35608.7s)
tick 1692000 alive   223658 genomes   20404 energy   180.5 steps  256.0 halting 0.000 births 2526814 deaths 2526322 (35628.5s)
tick 1693000 alive   223486 genomes   20189 energy   180.1 steps  256.0 halting 0.000 births 2526300 deaths 2526472 (35648.4s)
tick 1694000 alive   224026 genomes   20058 energy   180.2 steps  256.0 halting 0.000 births 2523369 deaths 2522829 (35668.5s)
tick 1695000 alive   223722 genomes   20187 energy   179.6 steps  256.0 halting 0.000 births 2532305 deaths 2532609 (35688.7s)
tick 1696000 alive   223679 genomes   20008 energy   179.9 steps  256.0 halting 0.000 births 2530666 deaths 2530709 (35709.0s)
tick 1697000 alive   223996 genomes   20440 energy   179.6 steps  256.0 halting 0.000 births 2546311 deaths 2545994 (35729.6s)
tick 1698000 alive   224060 genomes   20365 energy   179.4 steps  256.0 halting 0.000 births 2566823 deaths 2566759 (35750.4s)
tick 1699000 alive   226580 genomes   19725 energy   181.5 steps  256.0 halting 0.000 births 2560109 deaths 2557589 (35771.3s)
tick 1700000 alive   224801 genomes   19400 energy   182.1 steps  256.0 halting 0.000 births 2518912 deaths 2520691 (35792.0s)
tick 1701000 alive   225197 genomes   18675 energy   181.6 steps  256.0 halting 0.000 births 2472855 deaths 2472459 (35812.6s)
tick 1702000 alive   225340 genomes   18752 energy   181.9 steps  256.0 halting 0.000 births 2481440 deaths 2481297 (35833.3s)
tick 1703000 alive   226760 genomes   18956 energy   181.4 steps  256.0 halting 0.000 births 2507147 deaths 2505727 (35854.1s)
tick 1704000 alive   226664 genomes   18690 energy   181.9 steps  256.0 halting 0.000 births 2505323 deaths 2505419 (35874.7s)
tick 1705000 alive   224690 genomes   19597 energy   181.2 steps  256.0 halting 0.000 births 2504168 deaths 2506142 (35895.1s)
tick 1706000 alive   224111 genomes   19716 energy   181.3 steps  256.0 halting 0.000 births 2504136 deaths 2504715 (35915.5s)
tick 1707000 alive   225392 genomes   20284 energy   181.5 steps  256.0 halting 0.000 births 2499882 deaths 2498601 (35935.8s)
tick 1708000 alive   226411 genomes   19879 energy   181.5 steps  256.0 halting 0.000 births 2506198 deaths 2505179 (35956.3s)
tick 1709000 alive   227461 genomes   19311 energy   181.0 steps  256.0 halting 0.000 births 2535182 deaths 2534132 (35977.0s)
tick 1710000 alive   228008 genomes   18968 energy   181.1 steps  256.0 halting 0.000 births 2553196 deaths 2552649 (35997.8s)
tick 1711000 alive   228203 genomes   18866 energy   180.5 steps  256.0 halting 0.000 births 2539442 deaths 2539247 (36018.6s)
tick 1712000 alive   228971 genomes   18674 energy   180.3 steps  256.0 halting 0.000 births 2586034 deaths 2585266 (36039.7s)
tick 1713000 alive   228400 genomes   18620 energy   181.6 steps  256.0 halting 0.000 births 2564981 deaths 2565552 (36060.7s)
tick 1714000 alive   228529 genomes   18619 energy   181.0 steps  256.0 halting 0.000 births 2551022 deaths 2550893 (36081.9s)
tick 1715000 alive   228412 genomes   18910 energy   181.6 steps  256.0 halting 0.000 births 2556559 deaths 2556676 (36103.1s)
tick 1716000 alive   227733 genomes   18729 energy   182.8 steps  256.0 halting 0.000 births 2518534 deaths 2519213 (36124.1s)
tick 1717000 alive   228603 genomes   19041 energy   182.9 steps  256.0 halting 0.000 births 2495054 deaths 2494184 (36145.0s)
tick 1718000 alive   228282 genomes   18817 energy   182.1 steps  256.0 halting 0.000 births 2503532 deaths 2503853 (36165.9s)
tick 1719000 alive   228928 genomes   19175 energy   182.3 steps  256.0 halting 0.000 births 2501016 deaths 2500370 (36186.8s)
tick 1720000 alive   229710 genomes   19222 energy   182.2 steps  256.0 halting 0.000 births 2510248 deaths 2509466 (36207.6s)
tick 1721000 alive   228141 genomes   19094 energy   182.4 steps  256.0 halting 0.000 births 2496228 deaths 2497797 (36228.2s)
tick 1722000 alive   227660 genomes   19104 energy   181.8 steps  256.0 halting 0.000 births 2496164 deaths 2496645 (36248.8s)
tick 1723000 alive   227146 genomes   19318 energy   182.0 steps  256.0 halting 0.000 births 2505627 deaths 2506141 (36269.5s)
tick 1724000 alive   225798 genomes   18779 energy   182.5 steps  256.0 halting 0.000 births 2452140 deaths 2453488 (36290.0s)
tick 1725000 alive   227392 genomes   18488 energy   182.0 steps  256.0 halting 0.000 births 2458768 deaths 2457174 (36310.5s)
tick 1726000 alive   226085 genomes   18766 energy   181.9 steps  256.0 halting 0.000 births 2474977 deaths 2476284 (36331.1s)
tick 1727000 alive   225244 genomes   18740 energy   182.8 steps  256.0 halting 0.000 births 2441497 deaths 2442338 (36351.7s)
tick 1728000 alive   227262 genomes   18354 energy   183.3 steps  256.0 halting 0.000 births 2434976 deaths 2432958 (36372.1s)
tick 1729000 alive   226645 genomes   18134 energy   183.2 steps  256.0 halting 0.000 births 2418892 deaths 2419509 (36392.6s)
tick 1730000 alive   226826 genomes   18096 energy   182.4 steps  256.0 halting 0.000 births 2444366 deaths 2444185 (36413.2s)
tick 1731000 alive   227074 genomes   17947 energy   181.5 steps  256.0 halting 0.000 births 2466082 deaths 2465834 (36433.8s)
tick 1732000 alive   227579 genomes   17798 energy   181.0 steps  256.0 halting 0.000 births 2488983 deaths 2488478 (36454.3s)
tick 1733000 alive   229109 genomes   17556 energy   181.4 steps  256.0 halting 0.000 births 2499300 deaths 2497770 (36474.7s)
tick 1734000 alive   229767 genomes   17878 energy   180.8 steps  256.0 halting 0.000 births 2516563 deaths 2515905 (36495.4s)
tick 1735000 alive   229171 genomes   18075 energy   180.3 steps  256.0 halting 0.000 births 2555913 deaths 2556509 (36516.2s)
tick 1736000 alive   228824 genomes   18360 energy   180.2 steps  256.0 halting 0.000 births 2551407 deaths 2551754 (36536.9s)
tick 1737000 alive   229240 genomes   18671 energy   180.5 steps  256.0 halting 0.000 births 2548737 deaths 2548321 (36557.4s)
tick 1738000 alive   229751 genomes   18659 energy   180.1 steps  256.0 halting 0.000 births 2553570 deaths 2553059 (36578.0s)
tick 1739000 alive   228811 genomes   18484 energy   179.5 steps  256.0 halting 0.000 births 2571852 deaths 2572792 (36598.6s)
tick 1740000 alive   229248 genomes   18744 energy   179.0 steps  256.0 halting 0.000 births 2596782 deaths 2596345 (36618.9s)
tick 1741000 alive   228747 genomes   19032 energy   180.2 steps  256.0 halting 0.000 births 2574803 deaths 2575304 (36639.1s)
tick 1742000 alive   228338 genomes   19438 energy   180.2 steps  256.0 halting 0.000 births 2555454 deaths 2555863 (36659.0s)
tick 1743000 alive   227052 genomes   19892 energy   180.4 steps  256.0 halting 0.000 births 2533417 deaths 2534703 (36679.0s)
tick 1744000 alive   226145 genomes   20404 energy   180.0 steps  256.0 halting 0.000 births 2542350 deaths 2543257 (36698.8s)
tick 1745000 alive   227989 genomes   20785 energy   179.5 steps  256.0 halting 0.000 births 2559800 deaths 2557956 (36718.6s)
tick 1746000 alive   228638 genomes   21242 energy   180.5 steps  256.0 halting 0.000 births 2562571 deaths 2561922 (36738.1s)
tick 1747000 alive   228502 genomes   21688 energy   180.6 steps  256.0 halting 0.000 births 2553695 deaths 2553831 (36757.6s)
tick 1748000 alive   227590 genomes   21191 energy   180.9 steps  256.0 halting 0.000 births 2534365 deaths 2535277 (36777.0s)
tick 1749000 alive   229286 genomes   20847 energy   180.6 steps  256.0 halting 0.000 births 2541297 deaths 2539601 (36796.6s)
tick 1750000 alive   228380 genomes   21214 energy   180.8 steps  256.0 halting 0.000 births 2564603 deaths 2565509 (36816.3s)
tick 1751000 alive   227855 genomes   21252 energy   181.5 steps  256.0 halting 0.000 births 2526032 deaths 2526557 (36835.6s)
tick 1752000 alive   227552 genomes   20901 energy   181.8 steps  256.0 halting 0.000 births 2501859 deaths 2502162 (36854.8s)
tick 1753000 alive   227065 genomes   20332 energy   181.9 steps  256.0 halting 0.000 births 2489363 deaths 2489850 (36874.2s)
tick 1754000 alive   226477 genomes   19431 energy   182.9 steps  256.0 halting 0.000 births 2471111 deaths 2471699 (36893.6s)
tick 1755000 alive   227258 genomes   18791 energy   183.1 steps  256.0 halting 0.000 births 2442758 deaths 2441977 (36912.9s)
tick 1756000 alive   226633 genomes   18516 energy   183.2 steps  256.0 halting 0.000 births 2430286 deaths 2430911 (36932.2s)
tick 1757000 alive   225789 genomes   18435 energy   184.0 steps  256.0 halting 0.000 births 2391848 deaths 2392692 (36951.5s)
tick 1758000 alive   224844 genomes   18615 energy   183.8 steps  256.0 halting 0.000 births 2385019 deaths 2385964 (36970.8s)
tick 1759000 alive   225387 genomes   18501 energy   184.2 steps  256.0 halting 0.000 births 2363340 deaths 2362797 (36989.8s)
tick 1760000 alive   225384 genomes   18464 energy   183.7 steps  256.0 halting 0.000 births 2351390 deaths 2351393 (37008.8s)
tick 1761000 alive   226067 genomes   18177 energy   184.1 steps  256.0 halting 0.000 births 2360537 deaths 2359854 (37027.8s)
tick 1762000 alive   226050 genomes   18302 energy   184.4 steps  256.0 halting 0.000 births 2355068 deaths 2355085 (37046.7s)
tick 1763000 alive   225300 genomes   18728 energy   183.9 steps  256.0 halting 0.000 births 2340514 deaths 2341264 (37065.4s)
tick 1764000 alive   223225 genomes   18927 energy   184.5 steps  256.0 halting 0.000 births 2315226 deaths 2317301 (37084.1s)
tick 1765000 alive   224097 genomes   19017 energy   184.1 steps  256.0 halting 0.000 births 2306542 deaths 2305670 (37109.0s)
tick 1766000 alive   224539 genomes   19046 energy   184.1 steps  256.0 halting 0.000 births 2324126 deaths 2323684 (37132.7s)
tick 1767000 alive   223725 genomes   19179 energy   183.8 steps  256.0 halting 0.000 births 2321587 deaths 2322401 (37157.3s)
tick 1768000 alive   224212 genomes   18817 energy   183.9 steps  256.0 halting 0.000 births 2323789 deaths 2323302 (37182.2s)
tick 1769000 alive   223836 genomes   18778 energy   183.4 steps  256.0 halting 0.000 births 2339694 deaths 2340070 (37207.0s)
tick 1770000 alive   223358 genomes   18698 energy   183.6 steps  256.0 halting 0.000 births 2330157 deaths 2330635 (37231.7s)
tick 1771000 alive   222949 genomes   18622 energy   183.4 steps  256.0 halting 0.000 births 2336661 deaths 2337070 (37255.5s)
tick 1772000 alive   223988 genomes   18577 energy   183.1 steps  256.0 halting 0.000 births 2354716 deaths 2353677 (37279.0s)
tick 1773000 alive   224242 genomes   18699 energy   181.9 steps  256.0 halting 0.000 births 2372211 deaths 2371957 (37303.2s)
tick 1774000 alive   222862 genomes   18478 energy   183.1 steps  256.0 halting 0.000 births 2365253 deaths 2366633 (37326.8s)
tick 1775000 alive   223699 genomes   18649 energy   182.8 steps  256.0 halting 0.000 births 2349704 deaths 2348867 (37350.4s)
tick 1776000 alive   224385 genomes   18354 energy   183.0 steps  256.0 halting 0.000 births 2357859 deaths 2357173 (37374.5s)
tick 1777000 alive   224764 genomes   18666 energy   182.7 steps  256.0 halting 0.000 births 2361933 deaths 2361554 (37398.1s)
tick 1778000 alive   224259 genomes   18315 energy   183.5 steps  256.0 halting 0.000 births 2358413 deaths 2358918 (37421.5s)
tick 1779000 alive   224151 genomes   18932 energy   184.0 steps  256.0 halting 0.000 births 2344970 deaths 2345078 (37444.2s)
tick 1780000 alive   222650 genomes   18893 energy   183.5 steps  256.0 halting 0.000 births 2322946 deaths 2324447 (37467.7s)
tick 1781000 alive   222296 genomes   19137 energy   183.8 steps  256.0 halting 0.000 births 2313405 deaths 2313759 (37491.2s)
tick 1782000 alive   222392 genomes   19178 energy   183.5 steps  256.0 halting 0.000 births 2316294 deaths 2316198 (37514.8s)
tick 1783000 alive   221222 genomes   18986 energy   184.4 steps  256.0 halting 0.000 births 2292088 deaths 2293258 (37538.0s)
tick 1784000 alive   221593 genomes   19119 energy   183.9 steps  256.0 halting 0.000 births 2287483 deaths 2287112 (37561.2s)
tick 1785000 alive   222678 genomes   18990 energy   184.0 steps  256.0 halting 0.000 births 2308707 deaths 2307622 (37585.0s)
tick 1786000 alive   222877 genomes   18974 energy   184.5 steps  256.0 halting 0.000 births 2307878 deaths 2307679 (37608.7s)
tick 1787000 alive   221770 genomes   19269 energy   184.3 steps  256.0 halting 0.000 births 2293693 deaths 2294800 (37632.2s)
tick 1788000 alive   221901 genomes   19588 energy   184.9 steps  256.0 halting 0.000 births 2291503 deaths 2291372 (37655.0s)
tick 1789000 alive   222575 genomes   19742 energy   184.9 steps  256.0 halting 0.000 births 2276685 deaths 2276011 (37677.8s)
tick 1790000 alive   222729 genomes   19832 energy   184.9 steps  256.0 halting 0.000 births 2299605 deaths 2299451 (37701.4s)
tick 1791000 alive   223230 genomes   19683 energy   185.2 steps  256.0 halting 0.000 births 2298075 deaths 2297574 (37724.7s)
tick 1792000 alive   223524 genomes   18945 energy   184.9 steps  256.0 halting 0.000 births 2301065 deaths 2300771 (37749.1s)
tick 1793000 alive   223840 genomes   18648 energy   184.0 steps  256.0 halting 0.000 births 2318286 deaths 2317970 (37773.1s)
tick 1794000 alive   223876 genomes   18201 energy   183.9 steps  256.0 halting 0.000 births 2339199 deaths 2339163 (37795.7s)
tick 1795000 alive   224728 genomes   18356 energy   183.4 steps  256.0 halting 0.000 births 2361361 deaths 2360509 (37819.5s)
tick 1796000 alive   224131 genomes   17812 energy   183.5 steps  256.0 halting 0.000 births 2347854 deaths 2348451 (37843.7s)
tick 1797000 alive   224739 genomes   17799 energy   183.5 steps  256.0 halting 0.000 births 2369595 deaths 2368987 (37868.6s)
tick 1798000 alive   224485 genomes   18052 energy   183.5 steps  256.0 halting 0.000 births 2370811 deaths 2371065 (37892.9s)
tick 1799000 alive   223098 genomes   18029 energy   183.3 steps  256.0 halting 0.000 births 2366201 deaths 2367588 (37916.7s)
tick 1800000 alive   223097 genomes   18107 energy   183.6 steps  256.0 halting 0.000 births 2346524 deaths 2346525 (37940.6s)
tick 1801000 alive   222304 genomes   17873 energy   184.8 steps  256.0 halting 0.000 births 2317516 deaths 2318309 (37964.8s)
tick 1802000 alive   221770 genomes   18116 energy   184.6 steps  256.0 halting 0.000 births 2299341 deaths 2299875 (37988.4s)
tick 1803000 alive   219744 genomes   18373 energy   184.9 steps  256.0 halting 0.000 births 2264808 deaths 2266834 (38013.1s)
tick 1804000 alive   218680 genomes   18209 energy   185.9 steps  256.0 halting 0.000 births 2231680 deaths 2232744 (38037.2s)
tick 1805000 alive   219615 genomes   18268 energy   185.3 steps  256.0 halting 0.000 births 2238173 deaths 2237238 (38060.9s)
tick 1806000 alive   219480 genomes   17843 energy   184.4 steps  256.0 halting 0.000 births 2237618 deaths 2237753 (38084.0s)
tick 1807000 alive   220552 genomes   17393 energy   185.0 steps  256.0 halting 0.000 births 2253851 deaths 2252779 (38107.9s)
tick 1808000 alive   220969 genomes   17004 energy   184.7 steps  256.0 halting 0.000 births 2264501 deaths 2264084 (38132.5s)
tick 1809000 alive   222591 genomes   17237 energy   184.9 steps  256.0 halting 0.000 births 2297698 deaths 2296076 (38157.4s)
tick 1810000 alive   222716 genomes   17120 energy   183.8 steps  256.0 halting 0.000 births 2317822 deaths 2317697 (38182.4s)
tick 1811000 alive   223064 genomes   17048 energy   184.4 steps  256.0 halting 0.000 births 2333600 deaths 2333252 (38208.3s)
tick 1812000 alive   222197 genomes   16855 energy   184.1 steps  256.0 halting 0.000 births 2330977 deaths 2331844 (38232.9s)
tick 1813000 alive   223700 genomes   16919 energy   183.5 steps  256.0 halting 0.000 births 2357085 deaths 2355582 (38258.3s)
tick 1814000 alive   222561 genomes   17049 energy   183.8 steps  256.0 halting 0.000 births 2374762 deaths 2375901 (38283.2s)
tick 1815000 alive   220592 genomes   17089 energy   183.3 steps  256.0 halting 0.000 births 2357743 deaths 2359712 (38307.6s)
tick 1816000 alive   221505 genomes   16978 energy   182.8 steps  256.0 halting 0.000 births 2374331 deaths 2373418 (38332.8s)
tick 1817000 alive   222410 genomes   16976 energy   183.3 steps  256.0 halting 0.000 births 2384865 deaths 2383960 (38356.8s)
tick 1818000 alive   223532 genomes   16837 energy   182.9 steps  256.0 halting 0.000 births 2401385 deaths 2400263 (38382.4s)
tick 1819000 alive   225827 genomes   16914 energy   183.0 steps  256.0 halting 0.000 births 2428402 deaths 2426107 (38407.7s)
tick 1820000 alive   227465 genomes   16972 energy   183.1 steps  256.0 halting 0.000 births 2472425 deaths 2470787 (38433.4s)
tick 1821000 alive   227626 genomes   17463 energy   183.2 steps  256.0 halting 0.000 births 2483280 deaths 2483119 (38459.2s)
tick 1822000 alive   228638 genomes   17697 energy   182.4 steps  256.0 halting 0.000 births 2498354 deaths 2497342 (38484.7s)
tick 1823000 alive   228711 genomes   17786 energy   182.3 steps  256.0 halting 0.000 births 2545497 deaths 2545424 (38510.0s)
tick 1824000 alive   229368 genomes   17740 energy   182.6 steps  256.0 halting 0.000 births 2546925 deaths 2546268 (38535.3s)
tick 1825000 alive   230716 genomes   17565 energy   182.6 steps  256.0 halting 0.000 births 2542496 deaths 2541148 (38559.8s)
tick 1826000 alive   228719 genomes   17955 energy   183.1 steps  256.0 halting 0.000 births 2566198 deaths 2568195 (38585.5s)
tick 1827000 alive   229069 genomes   18084 energy   183.2 steps  256.0 halting 0.000 births 2536988 deaths 2536638 (38611.7s)
tick 1828000 alive   229445 genomes   17763 energy   184.4 steps  256.0 halting 0.000 births 2525025 deaths 2524649 (38637.2s)
tick 1829000 alive   229690 genomes   17275 energy   183.7 steps  256.0 halting 0.000 births 2510328 deaths 2510083 (38663.8s)
tick 1830000 alive   229236 genomes   17331 energy   184.5 steps  256.0 halting 0.000 births 2527510 deaths 2527964 (38689.2s)
tick 1831000 alive   230189 genomes   17631 energy   183.6 steps  256.0 halting 0.000 births 2524896 deaths 2523943 (38714.9s)
tick 1832000 alive   231571 genomes   17364 energy   183.4 steps  256.0 halting 0.000 births 2541508 deaths 2540126 (38740.5s)
tick 1833000 alive   231615 genomes   17305 energy   182.8 steps  256.0 halting 0.000 births 2569370 deaths 2569326 (38766.9s)
tick 1834000 alive   230711 genomes   16990 energy   182.8 steps  256.0 halting 0.000 births 2586404 deaths 2587308 (38793.5s)
tick 1835000 alive   231578 genomes   17003 energy   182.5 steps  256.0 halting 0.000 births 2599020 deaths 2598153 (38820.5s)
tick 1836000 alive   232603 genomes   16845 energy   182.5 steps  256.0 halting 0.000 births 2624045 deaths 2623020 (38847.4s)
tick 1837000 alive   230967 genomes   16910 energy   182.6 steps  256.0 halting 0.000 births 2592839 deaths 2594475 (38874.1s)
tick 1838000 alive   229912 genomes   16884 energy   183.5 steps  256.0 halting 0.000 births 2572989 deaths 2574044 (38900.9s)
tick 1839000 alive   230033 genomes   16999 energy   182.8 steps  256.0 halting 0.000 births 2553296 deaths 2553175 (38927.5s)
tick 1840000 alive   231147 genomes   17010 energy   183.3 steps  256.0 halting 0.000 births 2570626 deaths 2569512 (38954.4s)
tick 1841000 alive   231349 genomes   17342 energy   183.8 steps  256.0 halting 0.000 births 2566824 deaths 2566622 (38980.9s)
tick 1842000 alive   230377 genomes   17909 energy   183.9 steps  256.0 halting 0.000 births 2583426 deaths 2584398 (39007.7s)
tick 1843000 alive   228383 genomes   17505 energy   184.0 steps  256.0 halting 0.000 births 2545203 deaths 2547197 (39035.0s)
tick 1844000 alive   228390 genomes   17312 energy   184.8 steps  256.0 halting 0.000 births 2524702 deaths 2524695 (39062.5s)
tick 1845000 alive   226365 genomes   17140 energy   184.7 steps  256.0 halting 0.000 births 2487882 deaths 2489907 (39090.0s)
tick 1846000 alive   227840 genomes   16101 energy   184.7 steps  256.0 halting 0.000 births 2480706 deaths 2479231 (39117.5s)
tick 1847000 alive   229021 genomes   16040 energy   184.5 steps  256.0 halting 0.000 births 2490881 deaths 2489700 (39145.6s)
tick 1848000 alive   229724 genomes   15778 energy   184.4 steps  256.0 halting 0.000 births 2505854 deaths 2505151 (39173.1s)
tick 1849000 alive   230549 genomes   15654 energy   183.9 steps  256.0 halting 0.000 births 2511968 deaths 2511143 (39200.3s)
tick 1850000 alive   230775 genomes   15894 energy   184.1 steps  256.0 halting 0.000 births 2538678 deaths 2538452 (39225.9s)
tick 1851000 alive   230914 genomes   16091 energy   184.3 steps  256.0 halting 0.000 births 2516568 deaths 2516429 (39253.8s)
tick 1852000 alive   231041 genomes   15928 energy   184.0 steps  256.0 halting 0.000 births 2522963 deaths 2522836 (39280.9s)
tick 1853000 alive   231936 genomes   16031 energy   183.9 steps  256.0 halting 0.000 births 2526651 deaths 2525756 (39308.8s)
tick 1854000 alive   232372 genomes   16013 energy   183.6 steps  256.0 halting 0.000 births 2538027 deaths 2537591 (39334.6s)
tick 1855000 alive   234396 genomes   16075 energy   183.5 steps  256.0 halting 0.000 births 2563421 deaths 2561397 (39361.8s)
tick 1856000 alive   235155 genomes   15770 energy   184.7 steps  256.0 halting 0.000 births 2557442 deaths 2556683 (39387.8s)
tick 1857000 alive   235417 genomes   15663 energy   185.5 steps  256.0 halting 0.000 births 2542886 deaths 2542624 (39415.1s)
tick 1858000 alive   233680 genomes   16237 energy   185.1 steps  256.0 halting 0.000 births 2530441 deaths 2532178 (39441.8s)
tick 1859000 alive   232824 genomes   16162 energy   185.6 steps  256.0 halting 0.000 births 2497574 deaths 2498430 (39469.7s)
tick 1860000 alive   231873 genomes   15651 energy   186.4 steps  256.0 halting 0.000 births 2453387 deaths 2454338 (39496.8s)
tick 1861000 alive   231168 genomes   15704 energy   184.9 steps  256.0 halting 0.000 births 2461681 deaths 2462386 (39523.6s)
tick 1862000 alive   233275 genomes   15508 energy   185.5 steps  256.0 halting 0.000 births 2480960 deaths 2478853 (39551.9s)
tick 1863000 alive   233215 genomes   15312 energy   185.5 steps  256.0 halting 0.000 births 2472819 deaths 2472879 (39579.3s)
tick 1864000 alive   231981 genomes   15457 energy   185.4 steps  256.0 halting 0.000 births 2464244 deaths 2465478 (39607.3s)
tick 1865000 alive   232228 genomes   15659 energy   185.1 steps  256.0 halting 0.000 births 2469123 deaths 2468876 (39633.2s)
tick 1866000 alive   232942 genomes   15603 energy   185.9 steps  256.0 halting 0.000 births 2455730 deaths 2455016 (39658.7s)
tick 1867000 alive   233870 genomes   15891 energy   185.5 steps  256.0 halting 0.000 births 2467502 deaths 2466574 (39684.9s)
tick 1868000 alive   234194 genomes   16113 energy   186.4 steps  256.0 halting 0.000 births 2447167 deaths 2446843 (39712.4s)
tick 1869000 alive   234750 genomes   16308 energy   186.2 steps  256.0 halting 0.000 births 2447842 deaths 2447286 (39739.6s)
tick 1870000 alive   233698 genomes   16359 energy   186.5 steps  256.0 halting 0.000 births 2439964 deaths 2441016 (39767.1s)
tick 1871000 alive   232285 genomes   16524 energy   186.6 steps  256.0 halting 0.000 births 2422898 deaths 2424311 (39795.1s)
tick 1872000 alive   231794 genomes   16522 energy   186.0 steps  256.0 halting 0.000 births 2420999 deaths 2421490 (39823.4s)
tick 1873000 alive   231556 genomes   16008 energy   185.6 steps  256.0 halting 0.000 births 2415372 deaths 2415610 (39851.1s)
tick 1874000 alive   232610 genomes   15583 energy   185.4 steps  256.0 halting 0.000 births 2407638 deaths 2406584 (39879.0s)
tick 1875000 alive   233163 genomes   15061 energy   185.4 steps  256.0 halting 0.000 births 2417791 deaths 2417238 (39906.4s)
tick 1876000 alive   233932 genomes   15287 energy   184.5 steps  256.0 halting 0.000 births 2432697 deaths 2431928 (39933.8s)
tick 1877000 alive   234433 genomes   15170 energy   185.0 steps  256.0 halting 0.000 births 2447029 deaths 2446528 (39960.6s)
tick 1878000 alive   234012 genomes   14611 energy   185.3 steps  256.0 halting 0.000 births 2446327 deaths 2446748 (39987.5s)
tick 1879000 alive   234485 genomes   14522 energy   185.4 steps  256.0 halting 0.000 births 2433095 deaths 2432622 (40014.4s)
tick 1880000 alive   234288 genomes   14463 energy   185.3 steps  256.0 halting 0.000 births 2448242 deaths 2448439 (40041.9s)
tick 1881000 alive   235446 genomes   14267 energy   184.3 steps  256.0 halting 0.000 births 2460376 deaths 2459218 (40069.7s)
tick 1882000 alive   236144 genomes   13873 energy   184.0 steps  256.0 halting 0.000 births 2492318 deaths 2491620 (40096.7s)
tick 1883000 alive   235349 genomes   13855 energy   184.6 steps  256.0 halting 0.000 births 2487630 deaths 2488425 (40124.7s)
tick 1884000 alive   234491 genomes   13759 energy   184.3 steps  256.0 halting 0.000 births 2464402 deaths 2465260 (40152.7s)
tick 1885000 alive   234519 genomes   13987 energy   184.2 steps  256.0 halting 0.000 births 2461441 deaths 2461413 (40180.6s)
tick 1886000 alive   233097 genomes   14606 energy   184.0 steps  256.0 halting 0.000 births 2464201 deaths 2465623 (40208.2s)
tick 1887000 alive   234046 genomes   14990 energy   185.1 steps  256.0 halting 0.000 births 2435500 deaths 2434551 (40235.7s)
tick 1888000 alive   233782 genomes   15397 energy   184.6 steps  256.0 halting 0.000 births 2448680 deaths 2448944 (40262.5s)
tick 1889000 alive   234337 genomes   15737 energy   184.2 steps  256.0 halting 0.000 births 2458352 deaths 2457797 (40290.0s)
tick 1890000 alive   233446 genomes   16417 energy   184.0 steps  256.0 halting 0.000 births 2445253 deaths 2446144 (40316.7s)
tick 1891000 alive   233516 genomes   16977 energy   183.6 steps  256.0 halting 0.000 births 2478182 deaths 2478112 (40342.6s)
tick 1892000 alive   233253 genomes   17488 energy   183.7 steps  256.0 halting 0.000 births 2462858 deaths 2463121 (40368.4s)
tick 1893000 alive   234047 genomes   17571 energy   183.7 steps  256.0 halting 0.000 births 2477797 deaths 2477003 (40395.3s)
tick 1894000 alive   234331 genomes   17630 energy   184.8 steps  256.0 halting 0.000 births 2458238 deaths 2457954 (40422.1s)
tick 1895000 alive   234575 genomes   17826 energy   184.5 steps  256.0 halting 0.000 births 2456147 deaths 2455903 (40449.2s)
tick 1896000 alive   234222 genomes   18346 energy   184.6 steps  256.0 halting 0.000 births 2465073 deaths 2465426 (40476.7s)
tick 1897000 alive   233803 genomes   18547 energy   184.3 steps  256.0 halting 0.000 births 2462296 deaths 2462715 (40503.3s)
tick 1898000 alive   232726 genomes   18608 energy   184.2 steps  256.0 halting 0.000 births 2448740 deaths 2449817 (40529.7s)
tick 1899000 alive   233551 genomes   18355 energy   184.3 steps  256.0 halting 0.000 births 2450638 deaths 2449813 (40556.3s)
tick 1900000 alive   233537 genomes   18030 energy   183.8 steps  256.0 halting 0.000 births 2467514 deaths 2467528 (40583.5s)
tick 1901000 alive   234109 genomes   18017 energy   184.9 steps  256.0 halting 0.000 births 2467070 deaths 2466498 (40610.2s)
tick 1902000 alive   233572 genomes   17914 energy   184.8 steps  256.0 halting 0.000 births 2439045 deaths 2439582 (40637.0s)
tick 1903000 alive   232828 genomes   17976 energy   185.1 steps  256.0 halting 0.000 births 2431106 deaths 2431850 (40664.7s)
tick 1904000 alive   232395 genomes   18247 energy   185.2 steps  256.0 halting 0.000 births 2413599 deaths 2414032 (40691.8s)
tick 1905000 alive   231677 genomes   18252 energy   185.0 steps  256.0 halting 0.000 births 2399104 deaths 2399822 (40718.3s)
tick 1906000 alive   231060 genomes   17755 energy   185.3 steps  256.0 halting 0.000 births 2392171 deaths 2392788 (40744.9s)
tick 1907000 alive   231085 genomes   17498 energy   185.3 steps  256.0 halting 0.000 births 2353513 deaths 2353488 (40771.4s)
tick 1908000 alive   232041 genomes   17210 energy   184.7 steps  256.0 halting 0.000 births 2370745 deaths 2369789 (40796.6s)
tick 1909000 alive   231766 genomes   16797 energy   184.6 steps  256.0 halting 0.000 births 2369410 deaths 2369685 (40823.8s)
tick 1910000 alive   231552 genomes   16198 energy   185.2 steps  256.0 halting 0.000 births 2357310 deaths 2357524 (40851.1s)
tick 1911000 alive   231706 genomes   16326 energy   186.1 steps  256.0 halting 0.000 births 2339289 deaths 2339135 (40877.6s)
tick 1912000 alive   231935 genomes   16321 energy   186.1 steps  256.0 halting 0.000 births 2327645 deaths 2327416 (40904.1s)
tick 1913000 alive   230800 genomes   16281 energy   186.2 steps  256.0 halting 0.000 births 2310816 deaths 2311951 (40930.3s)
tick 1914000 alive   230287 genomes   16355 energy   185.4 steps  256.0 halting 0.000 births 2318813 deaths 2319326 (40956.4s)
tick 1915000 alive   230989 genomes   16393 energy   185.1 steps  256.0 halting 0.000 births 2332786 deaths 2332084 (40982.2s)
tick 1916000 alive   231668 genomes   16336 energy   186.1 steps  256.0 halting 0.000 births 2330651 deaths 2329972 (41008.6s)
tick 1917000 alive   231129 genomes   16755 energy   185.8 steps  256.0 halting 0.000 births 2318078 deaths 2318617 (41034.4s)
tick 1918000 alive   231106 genomes   16993 energy   185.3 steps  256.0 halting 0.000 births 2330304 deaths 2330327 (41059.9s)
tick 1919000 alive   230736 genomes   16802 energy   185.9 steps  256.0 halting 0.000 births 2330039 deaths 2330409 (41085.9s)
tick 1920000 alive   231118 genomes   16794 energy   185.7 steps  256.0 halting 0.000 births 2320505 deaths 2320123 (41111.7s)
tick 1921000 alive   231060 genomes   16826 energy   186.0 steps  256.0 halting 0.000 births 2326029 deaths 2326087 (41137.2s)
tick 1922000 alive   230994 genomes   16999 energy   185.3 steps  256.0 halting 0.000 births 2306105 deaths 2306171 (41162.9s)
tick 1923000 alive   230789 genomes   16864 energy   185.1 steps  256.0 halting 0.000 births 2324117 deaths 2324322 (41188.3s)
tick 1924000 alive   231378 genomes   16978 energy   184.6 steps  256.0 halting 0.000 births 2329803 deaths 2329214 (41213.5s)
tick 1925000 alive   232802 genomes   16916 energy   184.6 steps  256.0 halting 0.000 births 2367939 deaths 2366515 (41239.1s)
tick 1926000 alive   232847 genomes   16974 energy   184.7 steps  256.0 halting 0.000 births 2383968 deaths 2383923 (41264.6s)
tick 1927000 alive   232427 genomes   17247 energy   184.9 steps  256.0 halting 0.000 births 2384477 deaths 2384897 (41290.2s)
tick 1928000 alive   232093 genomes   17234 energy   184.8 steps  256.0 halting 0.000 births 2369757 deaths 2370091 (41316.0s)
tick 1929000 alive   232205 genomes   17334 energy   184.8 steps  256.0 halting 0.000 births 2367534 deaths 2367422 (41342.0s)
tick 1930000 alive   231393 genomes   17157 energy   184.9 steps  256.0 halting 0.000 births 2371194 deaths 2372006 (41368.6s)
tick 1931000 alive   231403 genomes   17273 energy   185.3 steps  256.0 halting 0.000 births 2350244 deaths 2350234 (41393.6s)
tick 1932000 alive   230961 genomes   17168 energy   185.2 steps  256.0 halting 0.000 births 2322335 deaths 2322777 (41419.9s)
tick 1933000 alive   230003 genomes   16875 energy   186.1 steps  256.0 halting 0.000 births 2300732 deaths 2301690 (41445.9s)
tick 1934000 alive   229602 genomes   16892 energy   186.0 steps  256.0 halting 0.000 births 2283211 deaths 2283612 (41471.7s)
tick 1935000 alive   230198 genomes   17197 energy   186.2 steps  256.0 halting 0.000 births 2290217 deaths 2289621 (41497.5s)
tick 1936000 alive   230368 genomes   17315 energy   185.6 steps  256.0 halting 0.000 births 2291585 deaths 2291415 (41522.7s)
tick 1937000 alive   230050 genomes   17480 energy   185.1 steps  256.0 halting 0.000 births 2307750 deaths 2308068 (41546.9s)
tick 1938000 alive   230390 genomes   17858 energy   184.8 steps  256.0 halting 0.000 births 2328382 deaths 2328042 (41572.7s)
tick 1939000 alive   231379 genomes   18255 energy   184.5 steps  256.0 halting 0.000 births 2345261 deaths 2344272 (41598.2s)
tick 1940000 alive   230069 genomes   18678 energy   184.7 steps  256.0 halting 0.000 births 2343525 deaths 2344835 (41623.6s)
tick 1941000 alive   230285 genomes   19048 energy   184.7 steps  256.0 halting 0.000 births 2347001 deaths 2346785 (41648.6s)
tick 1942000 alive   230729 genomes   19963 energy   184.5 steps  256.0 halting 0.000 births 2357736 deaths 2357292 (41673.4s)
tick 1943000 alive   229441 genomes   20769 energy   184.8 steps  256.0 halting 0.000 births 2351967 deaths 2353255 (41698.3s)
tick 1944000 alive   229048 genomes   21265 energy   184.9 steps  256.0 halting 0.000 births 2337720 deaths 2338113 (41722.7s)
tick 1945000 alive   228042 genomes   21405 energy   185.4 steps  256.0 halting 0.000 births 2333975 deaths 2334981 (41746.9s)
tick 1946000 alive   227472 genomes   21825 energy   184.9 steps  256.0 halting 0.000 births 2336216 deaths 2336786 (41771.2s)
tick 1947000 alive   227017 genomes   21478 energy   184.0 steps  256.0 halting 0.000 births 2343871 deaths 2344326 (41795.5s)
tick 1948000 alive   227245 genomes   21658 energy   183.8 steps  256.0 halting 0.000 births 2358152 deaths 2357924 (41819.7s)
tick 1949000 alive   227314 genomes   21350 energy   183.8 steps  256.0 halting 0.000 births 2365776 deaths 2365707 (41843.3s)
tick 1950000 alive   227850 genomes   21204 energy   183.1 steps  256.0 halting 0.000 births 2379421 deaths 2378885 (41868.3s)
tick 1951000 alive   228303 genomes   20905 energy   183.5 steps  256.0 halting 0.000 births 2391452 deaths 2390999 (41892.9s)
tick 1952000 alive   227367 genomes   20481 energy   184.0 steps  256.0 halting 0.000 births 2371461 deaths 2372397 (41917.2s)
tick 1953000 alive   228144 genomes   20146 energy   184.0 steps  256.0 halting 0.000 births 2373755 deaths 2372978 (41941.0s)
tick 1954000 alive   227516 genomes   20118 energy   184.3 steps  256.0 halting 0.000 births 2334305 deaths 2334933 (41965.1s)
tick 1955000 alive   227635 genomes   20305 energy   184.4 steps  256.0 halting 0.000 births 2324741 deaths 2324622 (41989.6s)
tick 1956000 alive   226636 genomes   20421 energy   184.1 steps  256.0 halting 0.000 births 2318682 deaths 2319681 (42013.8s)
tick 1957000 alive   227157 genomes   20302 energy   184.0 steps  256.0 halting 0.000 births 2314258 deaths 2313737 (42038.2s)
tick 1958000 alive   226976 genomes   20361 energy   183.4 steps  256.0 halting 0.000 births 2333600 deaths 2333781 (42062.8s)
tick 1959000 alive   227243 genomes   20485 energy   182.3 steps  256.0 halting 0.000 births 2380555 deaths 2380288 (42087.4s)
tick 1960000 alive   227675 genomes   20752 energy   182.1 steps  256.0 halting 0.000 births 2394805 deaths 2394373 (42111.9s)
tick 1961000 alive   227000 genomes   20939 energy   182.1 steps  256.0 halting 0.000 births 2418675 deaths 2419350 (42136.4s)
tick 1962000 alive   226953 genomes   20755 energy   182.7 steps  256.0 halting 0.000 births 2424788 deaths 2424835 (42160.5s)
tick 1963000 alive   227301 genomes   20647 energy   182.9 steps  256.0 halting 0.000 births 2408626 deaths 2408278 (42184.7s)
tick 1964000 alive   228412 genomes   20340 energy   182.5 steps  256.0 halting 0.000 births 2411754 deaths 2410643 (42208.9s)
tick 1965000 alive   228123 genomes   20083 energy   183.1 steps  256.0 halting 0.000 births 2425295 deaths 2425584 (42233.3s)
tick 1966000 alive   229309 genomes   19981 energy   183.5 steps  256.0 halting 0.000 births 2421913 deaths 2420727 (42257.8s)
tick 1967000 alive   229205 genomes   20146 energy   182.8 steps  256.0 halting 0.000 births 2408904 deaths 2409008 (42281.6s)
tick 1968000 alive   228682 genomes   20105 energy   183.6 steps  256.0 halting 0.000 births 2405559 deaths 2406082 (42305.7s)
tick 1969000 alive   227735 genomes   20243 energy   184.2 steps  256.0 halting 0.000 births 2378522 deaths 2379469 (42328.9s)
tick 1970000 alive   227663 genomes   20752 energy   184.3 steps  256.0 halting 0.000 births 2362306 deaths 2362378 (42353.2s)
tick 1971000 alive   226095 genomes   21113 energy   184.3 steps  256.0 halting 0.000 births 2347534 deaths 2349102 (42377.2s)
tick 1972000 alive   225454 genomes   21185 energy   183.8 steps  256.0 halting 0.000 births 2347065 deaths 2347706 (42401.4s)
tick 1973000 alive   224850 genomes   20738 energy   184.3 steps  256.0 halting 0.000 births 2332571 deaths 2333175 (42425.1s)
tick 1974000 alive   223799 genomes   20840 energy   185.0 steps  256.0 halting 0.000 births 2306198 deaths 2307249 (42449.4s)
tick 1975000 alive   224851 genomes   20529 energy   184.6 steps  256.0 halting 0.000 births 2282216 deaths 2281164 (42473.4s)
tick 1976000 alive   224027 genomes   20580 energy   184.6 steps  256.0 halting 0.000 births 2300055 deaths 2300879 (42497.0s)
tick 1977000 alive   225159 genomes   20259 energy   184.8 steps  256.0 halting 0.000 births 2275757 deaths 2274625 (42520.0s)
tick 1978000 alive   224069 genomes   19653 energy   184.7 steps  256.0 halting 0.000 births 2267507 deaths 2268597 (42543.8s)
tick 1979000 alive   226128 genomes   19326 energy   184.9 steps  256.0 halting 0.000 births 2279886 deaths 2277827 (42567.7s)
tick 1980000 alive   225410 genomes   19694 energy   184.5 steps  256.0 halting 0.000 births 2264595 deaths 2265313 (42591.2s)
tick 1981000 alive   225209 genomes   20017 energy   184.3 steps  256.0 halting 0.000 births 2275719 deaths 2275920 (42614.7s)
tick 1982000 alive   225674 genomes   19924 energy   185.4 steps  256.0 halting 0.000 births 2264189 deaths 2263724 (42637.9s)
tick 1983000 alive   225737 genomes   19678 energy   184.9 steps  256.0 halting 0.000 births 2263759 deaths 2263696 (42661.2s)
tick 1984000 alive   225538 genomes   19959 energy   184.7 steps  256.0 halting 0.000 births 2276033 deaths 2276232 (42684.1s)
tick 1985000 alive   224767 genomes   20199 energy   184.3 steps  256.0 halting 0.000 births 2276290 deaths 2277061 (42707.4s)
tick 1986000 alive   223894 genomes   20186 energy   184.8 steps  256.0 halting 0.000 births 2276902 deaths 2277775 (42730.4s)
tick 1987000 alive   223677 genomes   20221 energy   185.5 steps  256.0 halting 0.000 births 2249158 deaths 2249375 (42753.2s)
tick 1988000 alive   223459 genomes   20141 energy   185.8 steps  256.0 halting 0.000 births 2227138 deaths 2227356 (42776.3s)
tick 1989000 alive   223737 genomes   20393 energy   185.9 steps  256.0 halting 0.000 births 2220626 deaths 2220348 (42799.2s)
tick 1990000 alive   223273 genomes   20355 energy   185.3 steps  256.0 halting 0.000 births 2225073 deaths 2225537 (42822.5s)
tick 1991000 alive   222415 genomes   20006 energy   186.5 steps  256.0 halting 0.000 births 2205378 deaths 2206236 (42844.8s)
tick 1992000 alive   221362 genomes   19913 energy   186.4 steps  256.0 halting 0.000 births 2161996 deaths 2163049 (42866.2s)
tick 1993000 alive   221649 genomes   19676 energy   186.3 steps  256.0 halting 0.000 births 2160033 deaths 2159746 (42887.7s)
tick 1994000 alive   220817 genomes   19945 energy   186.5 steps  256.0 halting 0.000 births 2164262 deaths 2165094 (42910.0s)
tick 1995000 alive   220513 genomes   19800 energy   185.1 steps  256.0 halting 0.000 births 2182445 deaths 2182749 (42932.2s)
tick 1996000 alive   220691 genomes   19861 energy   184.7 steps  256.0 halting 0.000 births 2213309 deaths 2213131 (42954.0s)
tick 1997000 alive   221061 genomes   19763 energy   185.5 steps  256.0 halting 0.000 births 2201559 deaths 2201189 (42975.6s)
tick 1998000 alive   219544 genomes   19950 energy   185.1 steps  256.0 halting 0.000 births 2208934 deaths 2210451 (42998.1s)
tick 1999000 alive   220066 genomes   20130 energy   184.6 steps  256.0 halting 0.000 births 2217506 deaths 2216984 (43020.2s)
tick 2000000 alive   220559 genomes   19994 energy   185.2 steps  256.0 halting 0.000 births 2203946 deaths 2203453 (43039.5s)
tick 2001000 alive   220680 genomes   20212 energy   184.6 steps  256.0 halting 0.000 births 2215006 deaths 2214885 (43059.4s)
tick 2002000 alive   220371 genomes   19796 energy   184.5 steps  256.0 halting 0.000 births 2238673 deaths 2238982 (43081.0s)
tick 2003000 alive   220006 genomes   19741 energy   184.6 steps  256.0 halting 0.000 births 2230551 deaths 2230916 (43103.2s)
tick 2004000 alive   219013 genomes   19660 energy   184.4 steps  256.0 halting 0.000 births 2225809 deaths 2226802 (43125.9s)
tick 2005000 alive   220027 genomes   20088 energy   183.7 steps  256.0 halting 0.000 births 2251317 deaths 2250303 (43146.8s)
tick 2006000 alive   219801 genomes   20161 energy   184.2 steps  256.0 halting 0.000 births 2247975 deaths 2248201 (43169.2s)
tick 2007000 alive   217915 genomes   20270 energy   183.6 steps  256.0 halting 0.000 births 2255983 deaths 2257869 (43191.6s)
tick 2008000 alive   218229 genomes   20047 energy   183.5 steps  256.0 halting 0.000 births 2257458 deaths 2257144 (43213.9s)
tick 2009000 alive   217664 genomes   20008 energy   183.0 steps  256.0 halting 0.000 births 2271568 deaths 2272133 (43235.2s)
tick 2010000 alive   218240 genomes   19944 energy   182.7 steps  256.0 halting 0.000 births 2274491 deaths 2273915 (43257.5s)
tick 2011000 alive   218430 genomes   19846 energy   182.7 steps  256.0 halting 0.000 births 2282827 deaths 2282637 (43279.9s)
tick 2012000 alive   218323 genomes   19481 energy   182.5 steps  256.0 halting 0.000 births 2293823 deaths 2293930 (43301.4s)
tick 2013000 alive   218418 genomes   19420 energy   182.7 steps  256.0 halting 0.000 births 2285768 deaths 2285673 (43323.1s)
tick 2014000 alive   218930 genomes   19252 energy   182.7 steps  256.0 halting 0.000 births 2295724 deaths 2295212 (43344.5s)
tick 2015000 alive   218265 genomes   19446 energy   182.3 steps  256.0 halting 0.000 births 2310974 deaths 2311639 (43366.2s)
tick 2016000 alive   219685 genomes   19409 energy   182.4 steps  256.0 halting 0.000 births 2316896 deaths 2315476 (43388.6s)
tick 2017000 alive   219379 genomes   19628 energy   182.0 steps  256.0 halting 0.000 births 2348112 deaths 2348418 (43410.4s)
tick 2018000 alive   219651 genomes   19450 energy   182.3 steps  256.0 halting 0.000 births 2341882 deaths 2341610 (43433.0s)
tick 2019000 alive   220970 genomes   19556 energy   181.9 steps  256.0 halting 0.000 births 2345711 deaths 2344392 (43455.5s)
tick 2020000 alive   220926 genomes   19647 energy   180.6 steps  256.0 halting 0.000 births 2381379 deaths 2381423 (43477.1s)
tick 2021000 alive   220479 genomes   19473 energy   180.6 steps  256.0 halting 0.000 births 2403162 deaths 2403609 (43499.0s)
tick 2022000 alive   221484 genomes   19593 energy   179.9 steps  256.0 halting 0.000 births 2412222 deaths 2411217 (43521.3s)
tick 2023000 alive   221468 genomes   19617 energy   179.9 steps  256.0 halting 0.000 births 2432016 deaths 2432032 (43544.4s)
tick 2024000 alive   221032 genomes   19952 energy   179.7 steps  256.0 halting 0.000 births 2442869 deaths 2443305 (43566.9s)
tick 2025000 alive   221462 genomes   19976 energy   180.4 steps  256.0 halting 0.000 births 2433922 deaths 2433492 (43589.2s)
tick 2026000 alive   220729 genomes   20265 energy   180.8 steps  256.0 halting 0.000 births 2413213 deaths 2413946 (43611.6s)
tick 2027000 alive   220664 genomes   20916 energy   180.8 steps  256.0 halting 0.000 births 2413603 deaths 2413668 (43634.0s)
tick 2028000 alive   219337 genomes   20934 energy   182.5 steps  256.0 halting 0.000 births 2360680 deaths 2362007 (43654.3s)
tick 2029000 alive   218295 genomes   21279 energy   182.2 steps  256.0 halting 0.000 births 2336804 deaths 2337846 (43675.6s)
tick 2030000 alive   218330 genomes   21357 energy   182.0 steps  256.0 halting 0.000 births 2329940 deaths 2329905 (43696.2s)
tick 2031000 alive   216560 genomes   21248 energy   182.3 steps  256.0 halting 0.000 births 2340331 deaths 2342101 (43718.1s)
tick 2032000 alive   216906 genomes   20936 energy   181.8 steps  256.0 halting 0.000 births 2316037 deaths 2315691 (43739.7s)
tick 2033000 alive   216807 genomes   20877 energy   180.7 steps  256.0 halting 0.000 births 2332130 deaths 2332229 (43760.9s)
tick 2034000 alive   217981 genomes   21082 energy   180.4 steps  256.0 halting 0.000 births 2369650 deaths 2368476 (43781.3s)
tick 2035000 alive   218432 genomes   21481 energy   180.6 steps  256.0 halting 0.000 births 2380983 deaths 2380532 (43801.0s)
tick 2036000 alive   216734 genomes   22099 energy   181.0 steps  256.0 halting 0.000 births 2369753 deaths 2371451 (43821.8s)
tick 2037000 alive   216637 genomes   21726 energy   180.5 steps  256.0 halting 0.000 births 2359944 deaths 2360041 (43842.6s)
tick 2038000 alive   215423 genomes   21412 energy   180.3 steps  256.0 halting 0.000 births 2362248 deaths 2363462 (43863.2s)
tick 2039000 alive   218020 genomes   21290 energy   179.4 steps  256.0 halting 0.000 births 2379617 deaths 2377020 (43883.7s)
tick 2040000 alive   219500 genomes   21030 energy   178.4 steps  256.0 halting 0.000 births 2431839 deaths 2430359 (43906.1s)
tick 2041000 alive   220339 genomes   21164 energy   178.0 steps  256.0 halting 0.000 births 2460852 deaths 2460013 (43928.5s)
tick 2042000 alive   220218 genomes   21044 energy   178.1 steps  256.0 halting 0.000 births 2499301 deaths 2499422 (43950.7s)
tick 2043000 alive   219655 genomes   21310 energy   177.4 steps  256.0 halting 0.000 births 2519253 deaths 2519816 (43972.7s)
tick 2044000 alive   219583 genomes   21279 energy   177.4 steps  256.0 halting 0.000 births 2540603 deaths 2540675 (43995.1s)
tick 2045000 alive   221063 genomes   20867 energy   177.3 steps  256.0 halting 0.000 births 2545511 deaths 2544031 (44017.1s)
tick 2046000 alive   221048 genomes   21003 energy   176.8 steps  256.0 halting 0.000 births 2561604 deaths 2561619 (44039.8s)
tick 2047000 alive   221770 genomes   21137 energy   176.6 steps  256.0 halting 0.000 births 2584753 deaths 2584031 (44062.6s)
tick 2048000 alive   221573 genomes   20943 energy   177.1 steps  256.0 halting 0.000 births 2599842 deaths 2600039 (44085.4s)
tick 2049000 alive   221284 genomes   20762 energy   178.1 steps  256.0 halting 0.000 births 2570338 deaths 2570627 (44107.9s)
tick 2050000 alive   220397 genomes   20573 energy   178.4 steps  256.0 halting 0.000 births 2524789 deaths 2525676 (44128.9s)
tick 2051000 alive   221582 genomes   20605 energy   179.0 steps  256.0 halting 0.000 births 2501206 deaths 2500021 (44151.9s)
tick 2052000 alive   221874 genomes   20810 energy   179.0 steps  256.0 halting 0.000 births 2521415 deaths 2521123 (44174.6s)
tick 2053000 alive   222190 genomes   21170 energy   178.1 steps  256.0 halting 0.000 births 2562154 deaths 2561838 (44196.9s)
tick 2054000 alive   221049 genomes   21676 energy   178.2 steps  256.0 halting 0.000 births 2560849 deaths 2561990 (44219.5s)
tick 2055000 alive   220482 genomes   21762 energy   178.0 steps  256.0 halting 0.000 births 2564026 deaths 2564593 (44241.6s)
tick 2056000 alive   221562 genomes   21904 energy   178.2 steps  256.0 halting 0.000 births 2563874 deaths 2562794 (44264.2s)
tick 2057000 alive   222623 genomes   22075 energy   177.5 steps  256.0 halting 0.000 births 2584472 deaths 2583411 (44287.0s)
tick 2058000 alive   222396 genomes   21628 energy   177.3 steps  256.0 halting 0.000 births 2617203 deaths 2617430 (44309.1s)
tick 2059000 alive   223187 genomes   21825 energy   178.2 steps  256.0 halting 0.000 births 2608243 deaths 2607452 (44332.1s)
tick 2060000 alive   223040 genomes   21866 energy   177.9 steps  256.0 halting 0.000 births 2602478 deaths 2602625 (44354.0s)
tick 2061000 alive   222465 genomes   21730 energy   178.8 steps  256.0 halting 0.000 births 2596596 deaths 2597171 (44376.7s)
tick 2062000 alive   222029 genomes   21448 energy   177.0 steps  256.0 halting 0.000 births 2589059 deaths 2589495 (44398.9s)
tick 2063000 alive   221150 genomes   21244 energy   178.1 steps  256.0 halting 0.000 births 2599371 deaths 2600250 (44421.7s)
tick 2064000 alive   221241 genomes   21156 energy   178.3 steps  256.0 halting 0.000 births 2563951 deaths 2563860 (44445.0s)
tick 2065000 alive   220431 genomes   21051 energy   178.4 steps  256.0 halting 0.000 births 2569187 deaths 2569997 (44467.5s)
tick 2066000 alive   220830 genomes   21051 energy   178.7 steps  256.0 halting 0.000 births 2562475 deaths 2562076 (44491.0s)
tick 2067000 alive   220941 genomes   21108 energy   178.6 steps  256.0 halting 0.000 births 2546999 deaths 2546888 (44514.8s)
tick 2068000 alive   221256 genomes   20557 energy   180.0 steps  256.0 halting 0.000 births 2519124 deaths 2518809 (44536.9s)
tick 2069000 alive   219532 genomes   20876 energy   180.7 steps  256.0 halting 0.000 births 2476258 deaths 2477982 (44560.4s)
tick 2070000 alive   219802 genomes   21093 energy   181.0 steps  256.0 halting 0.000 births 2434227 deaths 2433957 (44583.6s)
tick 2071000 alive   219087 genomes   21169 energy   180.8 steps  256.0 halting 0.000 births 2426705 deaths 2427420 (44606.6s)
tick 2072000 alive   219487 genomes   21121 energy   180.4 steps  256.0 halting 0.000 births 2437398 deaths 2436998 (44628.0s)
tick 2073000 alive   219248 genomes   21395 energy   180.1 steps  256.0 halting 0.000 births 2469207 deaths 2469446 (44651.3s)
tick 2074000 alive   218685 genomes   21530 energy   179.3 steps  256.0 halting 0.000 births 2492901 deaths 2493464 (44673.9s)
tick 2075000 alive   218379 genomes   21605 energy   179.4 steps  256.0 halting 0.000 births 2503314 deaths 2503620 (44697.5s)
tick 2076000 alive   220357 genomes   21409 energy   179.0 steps  256.0 halting 0.000 births 2508925 deaths 2506947 (44722.0s)
tick 2077000 alive   219309 genomes   21178 energy   179.0 steps  256.0 halting 0.000 births 2528088 deaths 2529136 (44746.4s)
tick 2078000 alive   220763 genomes   20696 energy   178.9 steps  256.0 halting 0.000 births 2543404 deaths 2541950 (44770.5s)
tick 2079000 alive   219688 genomes   20867 energy   179.1 steps  256.0 halting 0.000 births 2534984 deaths 2536059 (44794.4s)
tick 2080000 alive   219590 genomes   20826 energy   179.0 steps  256.0 halting 0.000 births 2519441 deaths 2519539 (44818.2s)
tick 2081000 alive   220381 genomes   21022 energy   178.3 steps  256.0 halting 0.000 births 2531489 deaths 2530698 (44841.8s)
tick 2082000 alive   220423 genomes   21000 energy   178.2 steps  256.0 halting 0.000 births 2557965 deaths 2557923 (44864.6s)
tick 2083000 alive   221253 genomes   21401 energy   178.4 steps  256.0 halting 0.000 births 2559996 deaths 2559166 (44887.5s)
tick 2084000 alive   221047 genomes   21814 energy   177.6 steps  256.0 halting 0.000 births 2589464 deaths 2589670 (44908.8s)
tick 2085000 alive   221516 genomes   21707 energy   177.4 steps  256.0 halting 0.000 births 2617504 deaths 2617035 (44931.7s)
tick 2086000 alive   220000 genomes   21687 energy   176.9 steps  256.0 halting 0.000 births 2639426 deaths 2640942 (44954.8s)
tick 2087000 alive   221346 genomes   21540 energy   178.1 steps  256.0 halting 0.000 births 2632627 deaths 2631281 (44978.2s)
tick 2088000 alive   218794 genomes   21589 energy   177.9 steps  256.0 halting 0.000 births 2605433 deaths 2607985 (45001.2s)
tick 2089000 alive   218886 genomes   21548 energy   178.1 steps  256.0 halting 0.000 births 2598905 deaths 2598813 (45023.2s)
tick 2090000 alive   219067 genomes   22016 energy   177.5 steps  256.0 halting 0.000 births 2594154 deaths 2593973 (45046.3s)
tick 2091000 alive   218121 genomes   21988 energy   177.2 steps  256.0 halting 0.000 births 2600347 deaths 2601293 (45069.1s)
tick 2092000 alive   217243 genomes   21631 energy   178.0 steps  256.0 halting 0.000 births 2569305 deaths 2570183 (45091.6s)
tick 2093000 alive   219697 genomes   21104 energy   177.1 steps  256.0 halting 0.000 births 2572644 deaths 2570190 (45115.1s)
tick 2094000 alive   219477 genomes   20912 energy   178.1 steps  256.0 halting 0.000 births 2604578 deaths 2604798 (45138.2s)
tick 2095000 alive   220760 genomes   20530 energy   179.0 steps  256.0 halting 0.000 births 2603664 deaths 2602381 (45160.9s)
tick 2096000 alive   219451 genomes   20008 energy   178.9 steps  256.0 halting 0.000 births 2576724 deaths 2578033 (45183.6s)
tick 2097000 alive   219965 genomes   19699 energy   179.1 steps  256.0 halting 0.000 births 2569398 deaths 2568884 (45207.4s)
tick 2098000 alive   220823 genomes   19704 energy   178.6 steps  256.0 halting 0.000 births 2593700 deaths 2592842 (45231.4s)
tick 2099000 alive   220639 genomes   19580 energy   178.9 steps  256.0 halting 0.000 births 2597610 deaths 2597794 (45255.3s)
tick 2100000 alive   221715 genomes   19398 energy   178.3 steps  256.0 halting 0.000 births 2601092 deaths 2600016 (45279.5s)
tick 2101000 alive   220809 genomes   19211 energy   178.5 steps  256.0 halting 0.000 births 2573406 deaths 2574312 (45303.3s)
tick 2102000 alive   221260 genomes   19494 energy   178.6 steps  256.0 halting 0.000 births 2573488 deaths 2573037 (45327.9s)
tick 2103000 alive   222401 genomes   19583 energy   178.2 steps  256.0 halting 0.000 births 2590281 deaths 2589140 (45351.4s)
tick 2104000 alive   222583 genomes   19732 energy   178.1 steps  256.0 halting 0.000 births 2626841 deaths 2626659 (45376.6s)
tick 2105000 alive   222374 genomes   20257 energy   178.0 steps  256.0 halting 0.000 births 2638386 deaths 2638595 (45401.3s)
tick 2106000 alive   221757 genomes   20456 energy   177.3 steps  256.0 halting 0.000 births 2639926 deaths 2640543 (45425.5s)
tick 2107000 alive   222035 genomes   20695 energy   177.4 steps  256.0 halting 0.000 births 2658551 deaths 2658273 (45451.0s)
tick 2108000 alive   222160 genomes   20576 energy   177.6 steps  256.0 halting 0.000 births 2658864 deaths 2658739 (45476.3s)
tick 2109000 alive   222545 genomes   20567 energy   177.4 steps  256.0 halting 0.000 births 2656818 deaths 2656433 (45501.7s)
tick 2110000 alive   221661 genomes   20493 energy   177.8 steps  256.0 halting 0.000 births 2633200 deaths 2634084 (45526.9s)
tick 2111000 alive   222223 genomes   20371 energy   179.2 steps  256.0 halting 0.000 births 2599726 deaths 2599164 (45552.4s)
tick 2112000 alive   222283 genomes   20546 energy   181.1 steps  256.0 halting 0.000 births 2558107 deaths 2558047 (45577.6s)
tick 2113000 alive   222541 genomes   20596 energy   180.7 steps  256.0 halting 0.000 births 2509389 deaths 2509131 (45602.2s)
tick 2114000 alive   222037 genomes   20808 energy   180.8 steps  256.0 halting 0.000 births 2521442 deaths 2521946 (45627.3s)
tick 2115000 alive   221036 genomes   20970 energy   180.3 steps  256.0 halting 0.000 births 2512248 deaths 2513249 (45652.1s)
tick 2116000 alive   221508 genomes   20711 energy   179.7 steps  256.0 halting 0.000 births 2533027 deaths 2532555 (45676.9s)
tick 2117000 alive   221485 genomes   20665 energy   179.0 steps  256.0 halting 0.000 births 2549785 deaths 2549808 (45701.4s)
tick 2118000 alive   221618 genomes   20739 energy   178.7 steps  256.0 halting 0.000 births 2574587 deaths 2574454 (45726.0s)
tick 2119000 alive   221438 genomes   21255 energy   177.9 steps  256.0 halting 0.000 births 2591940 deaths 2592120 (45750.3s)
tick 2120000 alive   221094 genomes   21209 energy   178.1 steps  256.0 halting 0.000 births 2628190 deaths 2628534 (45775.8s)
tick 2121000 alive   220657 genomes   21197 energy   178.0 steps  256.0 halting 0.000 births 2630109 deaths 2630546 (45801.4s)
tick 2122000 alive   221314 genomes   21115 energy   178.3 steps  256.0 halting 0.000 births 2626446 deaths 2625789 (45826.8s)
tick 2123000 alive   220836 genomes   21165 energy   179.1 steps  256.0 halting 0.000 births 2594900 deaths 2595378 (45851.3s)
tick 2124000 alive   220916 genomes   20679 energy   179.4 steps  256.0 halting 0.000 births 2595517 deaths 2595437 (45876.6s)
tick 2125000 alive   222813 genomes   20613 energy   179.4 steps  256.0 halting 0.000 births 2609277 deaths 2607380 (45902.0s)
tick 2126000 alive   222704 genomes   20515 energy   179.1 steps  256.0 halting 0.000 births 2587625 deaths 2587734 (45927.7s)
tick 2127000 alive   222890 genomes   20820 energy   178.7 steps  256.0 halting 0.000 births 2615302 deaths 2615116 (45952.7s)
tick 2128000 alive   222097 genomes   20705 energy   178.3 steps  256.0 halting 0.000 births 2628630 deaths 2629423 (45977.9s)
tick 2129000 alive   223311 genomes   20738 energy   179.1 steps  256.0 halting 0.000 births 2634003 deaths 2632789 (46004.0s)
tick 2130000 alive   223494 genomes   20745 energy   179.0 steps  256.0 halting 0.000 births 2640647 deaths 2640464 (46029.7s)
tick 2131000 alive   222980 genomes   20531 energy   179.8 steps  256.0 halting 0.000 births 2611930 deaths 2612444 (46056.1s)
tick 2132000 alive   222499 genomes   20697 energy   179.0 steps  256.0 halting 0.000 births 2587064 deaths 2587545 (46081.8s)
tick 2133000 alive   222161 genomes   21002 energy   178.5 steps  256.0 halting 0.000 births 2614238 deaths 2614576 (46107.7s)
tick 2134000 alive   222538 genomes   20939 energy   177.7 steps  256.0 halting 0.000 births 2637044 deaths 2636667 (46133.8s)
tick 2135000 alive   223124 genomes   20525 energy   178.4 steps  256.0 halting 0.000 births 2624371 deaths 2623785 (46159.7s)
tick 2136000 alive   223271 genomes   20650 energy   178.6 steps  256.0 halting 0.000 births 2607083 deaths 2606936 (46185.4s)
tick 2137000 alive   223512 genomes   20514 energy   178.6 steps  256.0 halting 0.000 births 2613321 deaths 2613080 (46210.9s)
tick 2138000 alive   221858 genomes   20604 energy   178.0 steps  256.0 halting 0.000 births 2612189 deaths 2613843 (46235.0s)
tick 2139000 alive   221645 genomes   20276 energy   177.9 steps  256.0 halting 0.000 births 2605627 deaths 2605840 (46260.2s)
tick 2140000 alive   219864 genomes   19986 energy   178.1 steps  256.0 halting 0.000 births 2573930 deaths 2575711 (46284.6s)
tick 2141000 alive   222095 genomes   19942 energy   178.1 steps  256.0 halting 0.000 births 2589689 deaths 2587458 (46309.2s)
tick 2142000 alive   221140 genomes   19838 energy   178.8 steps  256.0 halting 0.000 births 2595968 deaths 2596923 (46334.6s)
tick 2143000 alive   221274 genomes   20032 energy   178.2 steps  256.0 halting 0.000 births 2591365 deaths 2591231 (46359.5s)
tick 2144000 alive   221655 genomes   20041 energy   178.7 steps  256.0 halting 0.000 births 2597343 deaths 2596962 (46383.6s)
tick 2145000 alive   222424 genomes   20091 energy   179.0 steps  256.0 halting 0.000 births 2596836 deaths 2596067 (46408.1s)
tick 2146000 alive   221156 genomes   20259 energy   179.5 steps  256.0 halting 0.000 births 2582715 deaths 2583983 (46433.7s)
tick 2147000 alive   222333 genomes   20296 energy   179.3 steps  256.0 halting 0.000 births 2572821 deaths 2571644 (46458.2s)
tick 2148000 alive   223334 genomes   20458 energy   179.7 steps  256.0 halting 0.000 births 2583325 deaths 2582324 (46483.5s)
tick 2149000 alive   221423 genomes   20207 energy   179.4 steps  256.0 halting 0.000 births 2587912 deaths 2589823 (46508.7s)
tick 2150000 alive   223202 genomes   20369 energy   179.8 steps  256.0 halting 0.000 births 2587972 deaths 2586193 (46533.4s)
tick 2151000 alive   223286 genomes   20315 energy   180.3 steps  256.0 halting 0.000 births 2571166 deaths 2571082 (46556.1s)
tick 2152000 alive   226045 genomes   20761 energy   179.0 steps  256.0 halting 0.000 births 2618446 deaths 2615687 (46580.9s)
tick 2153000 alive   226035 genomes   20586 energy   180.1 steps  256.0 halting 0.000 births 2618061 deaths 2618071 (46606.3s)
tick 2154000 alive   225741 genomes   21053 energy   180.1 steps  256.0 halting 0.000 births 2615266 deaths 2615560 (46631.5s)
tick 2155000 alive   222974 genomes   21343 energy   180.6 steps  256.0 halting 0.000 births 2600735 deaths 2603502 (46656.8s)
tick 2156000 alive   223395 genomes   21079 energy   180.5 steps  256.0 halting 0.000 births 2537816 deaths 2537395 (46682.4s)
tick 2157000 alive   222710 genomes   20818 energy   181.5 steps  256.0 halting 0.000 births 2516835 deaths 2517520 (46707.2s)
tick 2158000 alive   224091 genomes   20797 energy   181.6 steps  256.0 halting 0.000 births 2504381 deaths 2503000 (46732.4s)
tick 2159000 alive   222330 genomes   20730 energy   181.9 steps  256.0 halting 0.000 births 2484934 deaths 2486695 (46757.1s)
tick 2160000 alive   221451 genomes   20683 energy   182.0 steps  256.0 halting 0.000 births 2432093 deaths 2432972 (46782.0s)
tick 2161000 alive   221518 genomes   19990 energy   182.8 steps  256.0 halting 0.000 births 2420627 deaths 2420560 (46806.6s)
tick 2162000 alive   223276 genomes   20256 energy   182.1 steps  256.0 halting 0.000 births 2423548 deaths 2421790 (46831.5s)
tick 2163000 alive   223140 genomes   20416 energy   182.1 steps  256.0 halting 0.000 births 2438483 deaths 2438619 (46856.1s)
tick 2164000 alive   221782 genomes   20156 energy   183.4 steps  256.0 halting 0.000 births 2416765 deaths 2418123 (46880.9s)
tick 2165000 alive   221006 genomes   19921 energy   183.5 steps  256.0 halting 0.000 births 2360270 deaths 2361046 (46906.0s)
tick 2166000 alive   222265 genomes   20051 energy   182.8 steps  256.0 halting 0.000 births 2372908 deaths 2371649 (46930.2s)
tick 2167000 alive   221634 genomes   20283 energy   181.5 steps  256.0 halting 0.000 births 2379896 deaths 2380527 (46955.2s)
tick 2168000 alive   222411 genomes   20293 energy   180.5 steps  256.0 halting 0.000 births 2427338 deaths 2426561 (46980.4s)
tick 2169000 alive   222068 genomes   19572 energy   181.0 steps  256.0 halting 0.000 births 2450881 deaths 2451224 (47005.8s)
tick 2170000 alive   222602 genomes   19824 energy   179.9 steps  256.0 halting 0.000 births 2470835 deaths 2470301 (47031.5s)
tick 2171000 alive   222898 genomes   19857 energy   179.0 steps  256.0 halting 0.000 births 2514486 deaths 2514190 (47057.1s)
tick 2172000 alive   223039 genomes   19427 energy   179.5 steps  256.0 halting 0.000 births 2527170 deaths 2527029 (47082.4s)
tick 2173000 alive   223957 genomes   19814 energy   178.7 steps  256.0 halting 0.000 births 2530344 deaths 2529426 (47107.2s)
tick 2174000 alive   225799 genomes   19529 energy   179.5 steps  256.0 halting 0.000 births 2553640 deaths 2551798 (47131.3s)
tick 2175000 alive   225260 genomes   19498 energy   179.1 steps  256.0 halting 0.000 births 2552608 deaths 2553147 (47156.5s)
tick 2176000 alive   225941 genomes   19300 energy   179.3 steps  256.0 halting 0.000 births 2562431 deaths 2561750 (47182.0s)
tick 2177000 alive   224997 genomes   19276 energy   180.4 steps  256.0 halting 0.000 births 2555789 deaths 2556733 (47206.7s)
tick 2178000 alive   224147 genomes   18942 energy   181.4 steps  256.0 halting 0.000 births 2499384 deaths 2500234 (47229.9s)
tick 2179000 alive   222924 genomes   19207 energy   181.2 steps  256.0 halting 0.000 births 2452530 deaths 2453753 (47255.3s)
tick 2180000 alive   223710 genomes   19469 energy   181.2 steps  256.0 halting 0.000 births 2459591 deaths 2458805 (47279.7s)
tick 2181000 alive   223528 genomes   19590 energy   181.4 steps  256.0 halting 0.000 births 2472246 deaths 2472428 (47303.8s)
tick 2182000 alive   223133 genomes   19600 energy   181.0 steps  256.0 halting 0.000 births 2463738 deaths 2464133 (47327.9s)
tick 2183000 alive   224895 genomes   19391 energy   181.2 steps  256.0 halting 0.000 births 2458918 deaths 2457156 (47352.5s)
tick 2184000 alive   225365 genomes   19202 energy   181.3 steps  256.0 halting 0.000 births 2474771 deaths 2474301 (47376.2s)
tick 2185000 alive   225085 genomes   19541 energy   181.1 steps  256.0 halting 0.000 births 2468287 deaths 2468567 (47401.5s)
tick 2186000 alive   224545 genomes   19720 energy   181.8 steps  256.0 halting 0.000 births 2455413 deaths 2455953 (47425.8s)
tick 2187000 alive   224507 genomes   19616 energy   181.2 steps  256.0 halting 0.000 births 2454808 deaths 2454846 (47451.1s)
tick 2188000 alive   223996 genomes   19706 energy   180.8 steps  256.0 halting 0.000 births 2453836 deaths 2454347 (47475.3s)
tick 2189000 alive   224286 genomes   19395 energy   180.2 steps  256.0 halting 0.000 births 2471185 deaths 2470895 (47499.7s)
tick 2190000 alive   225068 genomes   19196 energy   180.6 steps  256.0 halting 0.000 births 2461203 deaths 2460421 (47523.9s)
tick 2191000 alive   226157 genomes   19026 energy   180.7 steps  256.0 halting 0.000 births 2474677 deaths 2473588 (47547.3s)
tick 2192000 alive   225955 genomes   19151 energy   181.1 steps  256.0 halting 0.000 births 2463771 deaths 2463973 (47572.3s)
tick 2193000 alive   224141 genomes   19787 energy   181.7 steps  256.0 halting 0.000 births 2445261 deaths 2447075 (47596.7s)
tick 2194000 alive   224068 genomes   20037 energy   181.4 steps  256.0 halting 0.000 births 2428005 deaths 2428078 (47621.2s)
tick 2195000 alive   223433 genomes   20147 energy   181.1 steps  256.0 halting 0.000 births 2435640 deaths 2436275 (47645.6s)
tick 2196000 alive   223871 genomes   20182 energy   181.1 steps  256.0 halting 0.000 births 2423027 deaths 2422589 (47669.8s)
tick 2197000 alive   223771 genomes   19866 energy   181.6 steps  256.0 halting 0.000 births 2405933 deaths 2406033 (47693.2s)
tick 2198000 alive   225264 genomes   20206 energy   180.9 steps  256.0 halting 0.000 births 2406767 deaths 2405274 (47717.1s)
tick 2199000 alive   224404 genomes   20352 energy   180.5 steps  256.0 halting 0.000 births 2435948 deaths 2436808 (47741.0s)
tick 2200000 alive   224577 genomes   20318 energy   180.0 steps  256.0 halting 0.000 births 2463933 deaths 2463760 (47765.0s)
tick 2201000 alive   224122 genomes   20376 energy   180.0 steps  256.0 halting 0.000 births 2466918 deaths 2467373 (47789.3s)
tick 2202000 alive   222594 genomes   20610 energy   179.6 steps  256.0 halting 0.000 births 2470987 deaths 2472515 (47813.2s)
tick 2203000 alive   222950 genomes   20550 energy   179.4 steps  256.0 halting 0.000 births 2481738 deaths 2481382 (47836.8s)
tick 2204000 alive   224350 genomes   20169 energy   180.2 steps  256.0 halting 0.000 births 2492684 deaths 2491284 (47860.6s)
tick 2205000 alive   224808 genomes   20848 energy   179.3 steps  256.0 halting 0.000 births 2492538 deaths 2492080 (47885.2s)
tick 2206000 alive   224495 genomes   20781 energy   179.7 steps  256.0 halting 0.000 births 2507548 deaths 2507861 (47909.4s)
tick 2207000 alive   223906 genomes   20726 energy   180.2 steps  256.0 halting 0.000 births 2480555 deaths 2481144 (47933.4s)
tick 2208000 alive   224422 genomes   21134 energy   180.2 steps  256.0 halting 0.000 births 2482492 deaths 2481976 (47957.3s)
tick 2209000 alive   224015 genomes   21322 energy   180.6 steps  256.0 halting 0.000 births 2474151 deaths 2474558 (47979.4s)
tick 2210000 alive   223216 genomes   21514 energy   180.7 steps  256.0 halting 0.000 births 2461196 deaths 2461995 (48000.1s)
tick 2211000 alive   223388 genomes   21775 energy   180.9 steps  256.0 halting 0.000 births 2455158 deaths 2454986 (48023.2s)
tick 2212000 alive   222399 genomes   22234 energy   181.0 steps  256.0 halting 0.000 births 2437521 deaths 2438510 (48046.1s)
tick 2213000 alive   220632 genomes   22134 energy   181.9 steps  256.0 halting 0.000 births 2385673 deaths 2387440 (48068.9s)
tick 2214000 alive   220096 genomes   22087 energy   182.6 steps  256.0 halting 0.000 births 2371726 deaths 2372262 (48091.8s)
tick 2215000 alive   220032 genomes   22096 energy   182.6 steps  256.0 halting 0.000 births 2335141 deaths 2335205 (48114.4s)
tick 2216000 alive   219449 genomes   22066 energy   181.7 steps  256.0 halting 0.000 births 2350408 deaths 2350991 (48136.8s)
tick 2217000 alive   220486 genomes   21460 energy   182.2 steps  256.0 halting 0.000 births 2338520 deaths 2337483 (48159.1s)
tick 2218000 alive   219934 genomes   20910 energy   181.8 steps  256.0 halting 0.000 births 2346051 deaths 2346603 (48181.6s)
tick 2219000 alive   219780 genomes   20618 energy   182.1 steps  256.0 halting 0.000 births 2332350 deaths 2332504 (48203.9s)
tick 2220000 alive   220108 genomes   20479 energy   181.7 steps  256.0 halting 0.000 births 2347490 deaths 2347162 (48226.5s)
tick 2221000 alive   219475 genomes   20157 energy   182.1 steps  256.0 halting 0.000 births 2336550 deaths 2337183 (48248.4s)
tick 2222000 alive   219738 genomes   20157 energy   182.7 steps  256.0 halting 0.000 births 2336459 deaths 2336196 (48271.5s)
tick 2223000 alive   219367 genomes   19959 energy   181.9 steps  256.0 halting 0.000 births 2304939 deaths 2305310 (48294.3s)
tick 2224000 alive   219941 genomes   20012 energy   181.6 steps  256.0 halting 0.000 births 2321511 deaths 2320937 (48316.8s)
tick 2225000 alive   220758 genomes   19999 energy   180.7 steps  256.0 halting 0.000 births 2349797 deaths 2348980 (48339.8s)
tick 2226000 alive   221271 genomes   19937 energy   181.1 steps  256.0 halting 0.000 births 2363902 deaths 2363389 (48362.5s)
tick 2227000 alive   222069 genomes   20220 energy   180.8 steps  256.0 halting 0.000 births 2389973 deaths 2389175 (48385.5s)
tick 2228000 alive   221797 genomes   20629 energy   180.6 steps  256.0 halting 0.000 births 2391450 deaths 2391722 (48407.4s)
tick 2229000 alive   221525 genomes   20959 energy   180.1 steps  256.0 halting 0.000 births 2431685 deaths 2431957 (48429.1s)
tick 2230000 alive   221793 genomes   20993 energy   180.2 steps  256.0 halting 0.000 births 2450512 deaths 2450244 (48452.0s)
tick 2231000 alive   220427 genomes   20829 energy   180.3 steps  256.0 halting 0.000 births 2438776 deaths 2440142 (48471.6s)
tick 2232000 alive   221197 genomes   20678 energy   181.1 steps  256.0 halting 0.000 births 2403212 deaths 2402442 (48494.8s)
tick 2233000 alive   220788 genomes   20270 energy   180.5 steps  256.0 halting 0.000 births 2411527 deaths 2411936 (48516.9s)
tick 2234000 alive   221393 genomes   20585 energy   180.4 steps  256.0 halting 0.000 births 2431489 deaths 2430884 (48540.1s)
tick 2235000 alive   221721 genomes   20517 energy   179.6 steps  256.0 halting 0.000 births 2462298 deaths 2461970 (48563.0s)
tick 2236000 alive   221718 genomes   20540 energy   180.0 steps  256.0 halting 0.000 births 2458556 deaths 2458559 (48586.4s)
tick 2237000 alive   220870 genomes   20801 energy   180.4 steps  256.0 halting 0.000 births 2440682 deaths 2441530 (48608.9s)
tick 2238000 alive   219635 genomes   20649 energy   181.4 steps  256.0 halting 0.000 births 2401576 deaths 2402811 (48630.1s)
tick 2239000 alive   220488 genomes   20381 energy   181.3 steps  256.0 halting 0.000 births 2382791 deaths 2381938 (48652.7s)
tick 2240000 alive   220827 genomes   20316 energy   181.3 steps  256.0 halting 0.000 births 2391049 deaths 2390710 (48673.5s)
tick 2241000 alive   221356 genomes   20413 energy   181.6 steps  256.0 halting 0.000 births 2375067 deaths 2374538 (48695.3s)
tick 2242000 alive   220202 genomes   20455 energy   181.7 steps  256.0 halting 0.000 births 2369350 deaths 2370504 (48717.7s)
tick 2243000 alive   221360 genomes   20596 energy   181.4 steps  256.0 halting 0.000 births 2367925 deaths 2366767 (48740.0s)
tick 2244000 alive   222159 genomes   20514 energy   182.6 steps  256.0 halting 0.000 births 2369596 deaths 2368797 (48762.7s)
tick 2245000 alive   220714 genomes   20458 energy   182.0 steps  256.0 halting 0.000 births 2332314 deaths 2333759 (48785.8s)
tick 2246000 alive   220183 genomes   20426 energy   181.9 steps  256.0 halting 0.000 births 2337864 deaths 2338395 (48809.5s)
tick 2247000 alive   221654 genomes   20450 energy   181.1 steps  256.0 halting 0.000 births 2351717 deaths 2350246 (48831.9s)
tick 2248000 alive   221203 genomes   20617 energy   181.4 steps  256.0 halting 0.000 births 2384615 deaths 2385066 (48855.5s)
tick 2249000 alive   221974 genomes   20644 energy   181.3 steps  256.0 halting 0.000 births 2365222 deaths 2364451 (48878.5s)
tick 2250000 alive   220580 genomes   21076 energy   181.3 steps  256.0 halting 0.000 births 2380292 deaths 2381686 (48900.5s)
tick 2251000 alive   221198 genomes   21144 energy   181.5 steps  256.0 halting 0.000 births 2373192 deaths 2372574 (48922.8s)
tick 2252000 alive   222621 genomes   21241 energy   180.8 steps  256.0 halting 0.000 births 2387223 deaths 2385800 (48945.2s)
tick 2253000 alive   223025 genomes   21239 energy   181.1 steps  256.0 halting 0.000 births 2408781 deaths 2408377 (48967.4s)
tick 2254000 alive   221977 genomes   21283 energy   181.0 steps  256.0 halting 0.000 births 2418332 deaths 2419380 (48989.7s)
tick 2255000 alive   222247 genomes   21629 energy   181.5 steps  256.0 halting 0.000 births 2411009 deaths 2410739 (49012.2s)
tick 2256000 alive   220943 genomes   21675 energy   181.4 steps  256.0 halting 0.000 births 2381944 deaths 2383248 (49034.0s)
tick 2257000 alive   220881 genomes   21585 energy   181.8 steps  256.0 halting 0.000 births 2365883 deaths 2365945 (49055.1s)
tick 2258000 alive   221416 genomes   21466 energy   181.4 steps  256.0 halting 0.000 births 2369312 deaths 2368777 (49077.1s)
tick 2259000 alive   220042 genomes   21746 energy   181.4 steps  256.0 halting 0.000 births 2383440 deaths 2384814 (49099.2s)
tick 2260000 alive   219828 genomes   21782 energy   182.0 steps  256.0 halting 0.000 births 2363297 deaths 2363511 (49120.6s)
tick 2261000 alive   220785 genomes   21862 energy   182.1 steps  256.0 halting 0.000 births 2347826 deaths 2346869 (49142.5s)
tick 2262000 alive   220344 genomes   21534 energy   182.4 steps  256.0 halting 0.000 births 2316687 deaths 2317128 (49164.4s)
tick 2263000 alive   220287 genomes   21720 energy   182.5 steps  256.0 halting 0.000 births 2337476 deaths 2337533 (49183.4s)
tick 2264000 alive   219815 genomes   22030 energy   182.1 steps  256.0 halting 0.000 births 2334254 deaths 2334726 (49205.5s)
tick 2265000 alive   219728 genomes   22530 energy   181.8 steps  256.0 halting 0.000 births 2321290 deaths 2321377 (49227.4s)
tick 2266000 alive   219425 genomes   22643 energy   181.8 steps  256.0 halting 0.000 births 2347721 deaths 2348024 (49249.0s)
tick 2267000 alive   219703 genomes   22300 energy   182.2 steps  256.0 halting 0.000 births 2326142 deaths 2325864 (49270.1s)
tick 2268000 alive   218908 genomes   22755 energy   181.9 steps  256.0 halting 0.000 births 2339401 deaths 2340196 (49292.1s)
tick 2269000 alive   219286 genomes   22634 energy   181.1 steps  256.0 halting 0.000 births 2348322 deaths 2347944 (49313.8s)
tick 2270000 alive   219713 genomes   22408 energy   181.1 steps  256.0 halting 0.000 births 2369999 deaths 2369572 (49334.9s)
tick 2271000 alive   218994 genomes   22635 energy   181.2 steps  256.0 halting 0.000 births 2389936 deaths 2390655 (49355.2s)
tick 2272000 alive   219600 genomes   23130 energy   180.6 steps  256.0 halting 0.000 births 2387763 deaths 2387157 (49376.9s)
tick 2273000 alive   219149 genomes   23228 energy   180.2 steps  256.0 halting 0.000 births 2411554 deaths 2412005 (49398.4s)
tick 2274000 alive   218339 genomes   23034 energy   181.2 steps  256.0 halting 0.000 births 2394336 deaths 2395146 (49419.0s)
tick 2275000 alive   216964 genomes   22963 energy   181.5 steps  256.0 halting 0.000 births 2350849 deaths 2352224 (49438.3s)
tick 2276000 alive   216346 genomes   22455 energy   182.3 steps  256.0 halting 0.000 births 2305493 deaths 2306111 (49458.2s)
tick 2277000 alive   217639 genomes   22353 energy   182.7 steps  256.0 halting 0.000 births 2312410 deaths 2311117 (49478.3s)
tick 2278000 alive   217136 genomes   22473 energy   182.4 steps  256.0 halting 0.000 births 2298802 deaths 2299305 (49498.7s)
tick 2279000 alive   217796 genomes   22650 energy   181.9 steps  256.0 halting 0.000 births 2315001 deaths 2314341 (49519.3s)
tick 2280000 alive   218924 genomes   22572 energy   182.6 steps  256.0 halting 0.000 births 2305706 deaths 2304578 (49539.7s)
tick 2281000 alive   217508 genomes   22797 energy   182.3 steps  256.0 halting 0.000 births 2296373 deaths 2297789 (49559.3s)
tick 2282000 alive   218159 genomes   22731 energy   182.8 steps  256.0 halting 0.000 births 2279723 deaths 2279072 (49580.2s)
tick 2283000 alive   218361 genomes   22843 energy   182.7 steps  256.0 halting 0.000 births 2286054 deaths 2285852 (49601.0s)
tick 2284000 alive   216483 genomes   22251 energy   183.0 steps  256.0 halting 0.000 births 2251059 deaths 2252937 (49622.1s)
tick 2285000 alive   216535 genomes   22309 energy   182.0 steps  256.0 halting 0.000 births 2276598 deaths 2276546 (49642.7s)
tick 2286000 alive   218816 genomes   22478 energy   181.5 steps  256.0 halting 0.000 births 2334415 deaths 2332134 (49663.0s)
tick 2287000 alive   218168 genomes   22485 energy   180.8 steps  256.0 halting 0.000 births 2347730 deaths 2348378 (49684.4s)
tick 2288000 alive   219547 genomes   22678 energy   180.6 steps  256.0 halting 0.000 births 2376503 deaths 2375124 (49703.6s)
tick 2289000 alive   219172 genomes   22832 energy   179.9 steps  256.0 halting 0.000 births 2403593 deaths 2403968 (49724.9s)
tick 2290000 alive   219226 genomes   22878 energy   180.7 steps  256.0 halting 0.000 births 2388904 deaths 2388850 (49745.8s)
tick 2291000 alive   219651 genomes   22605 energy   181.0 steps  256.0 halting 0.000 births 2375769 deaths 2375344 (49767.2s)
tick 2292000 alive   221262 genomes   22916 energy   180.3 steps  256.0 halting 0.000 births 2382730 deaths 2381119 (49788.6s)
tick 2293000 alive   221732 genomes   23407 energy   178.9 steps  256.0 halting 0.000 births 2425984 deaths 2425514 (49810.8s)
tick 2294000 alive   220968 genomes   23839 energy   179.1 steps  256.0 halting 0.000 births 2464677 deaths 2465441 (49832.1s)
tick 2295000 alive   220653 genomes   24149 energy   177.8 steps  256.0 halting 0.000 births 2496357 deaths 2496672 (49853.8s)
tick 2296000 alive   220328 genomes   24221 energy   178.2 steps  256.0 halting 0.000 births 2517908 deaths 2518233 (49876.1s)
tick 2297000 alive   221338 genomes   23584 energy   178.5 steps  256.0 halting 0.000 births 2515064 deaths 2514054 (49898.6s)
tick 2298000 alive   222456 genomes   23666 energy   178.4 steps  256.0 halting 0.000 births 2518531 deaths 2517413 (49921.4s)
tick 2299000 alive   221575 genomes   23308 energy   178.7 steps  256.0 halting 0.000 births 2526653 deaths 2527534 (49944.0s)
tick 2300000 alive   221424 genomes   23459 energy   178.6 steps  256.0 halting 0.000 births 2525254 deaths 2525405 (49967.2s)
tick 2301000 alive   220792 genomes   23671 energy   178.5 steps  256.0 halting 0.000 births 2514506 deaths 2515138 (49989.5s)
tick 2302000 alive   220616 genomes   23674 energy   178.7 steps  256.0 halting 0.000 births 2520933 deaths 2521109 (50011.7s)
tick 2303000 alive   221375 genomes   23281 energy   177.6 steps  256.0 halting 0.000 births 2535503 deaths 2534744 (50034.1s)
tick 2304000 alive   221223 genomes   23336 energy   176.6 steps  256.0 halting 0.000 births 2585307 deaths 2585459 (50057.3s)
tick 2305000 alive   222680 genomes   23504 energy   177.1 steps  256.0 halting 0.000 births 2624919 deaths 2623462 (50080.3s)
tick 2306000 alive   224539 genomes   22842 energy   177.6 steps  256.0 halting 0.000 births 2622855 deaths 2620996 (50103.1s)
tick 2307000 alive   224772 genomes   23153 energy   178.0 steps  256.0 halting 0.000 births 2635913 deaths 2635680 (50123.9s)
tick 2308000 alive   223807 genomes   22867 energy   178.9 steps  256.0 halting 0.000 births 2608405 deaths 2609370 (50147.8s)
tick 2309000 alive   223233 genomes   22521 energy   179.6 steps  256.0 halting 0.000 births 2582870 deaths 2583444 (50170.4s)
tick 2310000 alive   223845 genomes   22548 energy   179.5 steps  256.0 halting 0.000 births 2587917 deaths 2587305 (50193.8s)
tick 2311000 alive   222372 genomes   22671 energy   179.1 steps  256.0 halting 0.000 births 2584348 deaths 2585821 (50217.6s)
tick 2312000 alive   222000 genomes   22611 energy   180.5 steps  256.0 halting 0.000 births 2567687 deaths 2568059 (50241.1s)
tick 2313000 alive   222750 genomes   22347 energy   181.4 steps  256.0 halting 0.000 births 2520782 deaths 2520032 (50264.8s)
tick 2314000 alive   221745 genomes   22600 energy   181.0 steps  256.0 halting 0.000 births 2523169 deaths 2524174 (50288.6s)
tick 2315000 alive   221860 genomes   22255 energy   181.3 steps  256.0 halting 0.000 births 2486385 deaths 2486270 (50312.7s)
tick 2316000 alive   222098 genomes   21874 energy   181.5 steps  256.0 halting 0.000 births 2494587 deaths 2494349 (50336.7s)
tick 2317000 alive   223336 genomes   21722 energy   182.3 steps  256.0 halting 0.000 births 2476407 deaths 2475169 (50360.2s)
tick 2318000 alive   223030 genomes   22029 energy   181.2 steps  256.0 halting 0.000 births 2477673 deaths 2477979 (50383.7s)
tick 2319000 alive   222063 genomes   22378 energy   181.4 steps  256.0 halting 0.000 births 2493872 deaths 2494839 (50407.5s)
tick 2320000 alive   221692 genomes   22578 energy   180.8 steps  256.0 halting 0.000 births 2495524 deaths 2495895 (50431.0s)
tick 2321000 alive   222758 genomes   22720 energy   181.0 steps  256.0 halting 0.000 births 2500651 deaths 2499585 (50454.1s)
tick 2322000 alive   221965 genomes   22419 energy   181.3 steps  256.0 halting 0.000 births 2493872 deaths 2494665 (50475.7s)
tick 2323000 alive   222892 genomes   23268 energy   180.5 steps  256.0 halting 0.000 births 2482542 deaths 2481615 (50499.2s)
tick 2324000 alive   222192 genomes   22988 energy   180.2 steps  256.0 halting 0.000 births 2484443 deaths 2485143 (50521.6s)
tick 2325000 alive   223302 genomes   22625 energy   179.9 steps  256.0 halting 0.000 births 2505535 deaths 2504425 (50544.9s)
tick 2326000 alive   224580 genomes   22442 energy   179.9 steps  256.0 halting 0.000 births 2540968 deaths 2539690 (50568.9s)
tick 2327000 alive   224559 genomes   22501 energy   179.9 steps  256.0 halting 0.000 births 2552954 deaths 2552975 (50592.7s)
tick 2328000 alive   224511 genomes   22494 energy   179.0 steps  256.0 halting 0.000 births 2568646 deaths 2568694 (50616.6s)
tick 2329000 alive   225192 genomes   22244 energy   179.2 steps  256.0 halting 0.000 births 2577577 deaths 2576896 (50640.2s)
tick 2330000 alive   223880 genomes   22264 energy   179.7 steps  256.0 halting 0.000 births 2552319 deaths 2553631 (50664.0s)
tick 2331000 alive   223433 genomes   21918 energy   179.6 steps  256.0 halting 0.000 births 2544318 deaths 2544765 (50688.4s)
tick 2332000 alive   225008 genomes   22375 energy   178.2 steps  256.0 halting 0.000 births 2565390 deaths 2563815 (50713.1s)
tick 2333000 alive   224066 genomes   22586 energy   178.1 steps  256.0 halting 0.000 births 2625684 deaths 2626626 (50737.8s)
tick 2334000 alive   223482 genomes   22658 energy   178.2 steps  256.0 halting 0.000 births 2624719 deaths 2625303 (50762.7s)
tick 2335000 alive   222851 genomes   22458 energy   178.4 steps  256.0 halting 0.000 births 2610762 deaths 2611393 (50786.9s)
tick 2336000 alive   223835 genomes   22470 energy   177.6 steps  256.0 halting 0.000 births 2616644 deaths 2615660 (50809.7s)
tick 2337000 alive   223963 genomes   22345 energy   177.4 steps  256.0 halting 0.000 births 2627038 deaths 2626910 (50834.5s)
tick 2338000 alive   225399 genomes   22396 energy   178.5 steps  256.0 halting 0.000 births 2623416 deaths 2621980 (50859.3s)
tick 2339000 alive   225483 genomes   22059 energy   178.4 steps  256.0 halting 0.000 births 2625465 deaths 2625381 (50883.9s)
tick 2340000 alive   223784 genomes   21839 energy   179.6 steps  256.0 halting 0.000 births 2589089 deaths 2590788 (50908.3s)
tick 2341000 alive   223097 genomes   21883 energy   179.2 steps  256.0 halting 0.000 births 2571172 deaths 2571859 (50932.3s)
tick 2342000 alive   223229 genomes   22134 energy   179.3 steps  256.0 halting 0.000 births 2560304 deaths 2560172 (50956.9s)
tick 2343000 alive   222126 genomes   21656 energy   181.2 steps  256.0 halting 0.000 births 2519320 deaths 2520423 (50978.9s)
tick 2344000 alive   222069 genomes   21792 energy   181.0 steps  256.0 halting 0.000 births 2468807 deaths 2468864 (51002.9s)
tick 2345000 alive   220964 genomes   22537 energy   179.7 steps  256.0 halting 0.000 births 2486025 deaths 2487130 (51027.1s)
tick 2346000 alive   221991 genomes   22307 energy   179.2 steps  256.0 halting 0.000 births 2520713 deaths 2519686 (51051.4s)
tick 2347000 alive   224225 genomes   22232 energy   179.0 steps  256.0 halting 0.000 births 2555106 deaths 2552872 (51076.3s)
tick 2348000 alive   225036 genomes   22139 energy   179.2 steps  256.0 halting 0.000 births 2571801 deaths 2570990 (51101.3s)
tick 2349000 alive   225129 genomes   22131 energy   177.9 steps  256.0 halting 0.000 births 2583142 deaths 2583049 (51126.7s)
tick 2350000 alive   225125 genomes   21808 energy   178.0 steps  256.0 halting 0.000 births 2585407 deaths 2585411 (51152.0s)
tick 2351000 alive   226618 genomes   21499 energy   177.7 steps  256.0 halting 0.000 births 2611091 deaths 2609598 (51177.2s)
tick 2352000 alive   226416 genomes   21755 energy   177.8 steps  256.0 halting 0.000 births 2630406 deaths 2630608 (51202.6s)
tick 2353000 alive   225671 genomes   21801 energy   178.1 steps  256.0 halting 0.000 births 2621743 deaths 2622488 (51227.7s)
tick 2354000 alive   226689 genomes   21457 energy   178.6 steps  256.0 halting 0.000 births 2617236 deaths 2616218 (51252.1s)
tick 2355000 alive   227654 genomes   21299 energy   177.8 steps  256.0 halting 0.000 births 2629508 deaths 2628543 (51277.1s)
tick 2356000 alive   227600 genomes   21555 energy   178.0 steps  256.0 halting 0.000 births 2673744 deaths 2673798 (51301.7s)
tick 2357000 alive   227070 genomes   21790 energy   178.1 steps  256.0 halting 0.000 births 2657694 deaths 2658224 (51326.0s)
tick 2358000 alive   226966 genomes   21828 energy   178.4 steps  256.0 halting 0.000 births 2631763 deaths 2631867 (51349.7s)
tick 2359000 alive   225542 genomes   22149 energy   177.9 steps  256.0 halting 0.000 births 2642230 deaths 2643654 (51374.0s)
tick 2360000 alive   223737 genomes   22255 energy   177.1 steps  256.0 halting 0.000 births 2639803 deaths 2641608 (51398.3s)
tick 2361000 alive   225155 genomes   21909 energy   177.0 steps  256.0 halting 0.000 births 2657603 deaths 2656185 (51422.7s)
tick 2362000 alive   226834 genomes   21714 energy   177.2 steps  256.0 halting 0.000 births 2693171 deaths 2691492 (51447.9s)
tick 2363000 alive   226643 genomes   21765 energy   177.7 steps  256.0 halting 0.000 births 2685988 deaths 2686179 (51472.9s)
tick 2364000 alive   226103 genomes   21311 energy   178.3 steps  256.0 halting 0.000 births 2648077 deaths 2648617 (51496.9s)
tick 2365000 alive   226064 genomes   20995 energy   178.9 steps  256.0 halting 0.000 births 2629504 deaths 2629543 (51521.9s)
tick 2366000 alive   225039 genomes   21248 energy   178.2 steps  256.0 halting 0.000 births 2622173 deaths 2623198 (51546.9s)
tick 2367000 alive   226700 genomes   21427 energy   178.1 steps  256.0 halting 0.000 births 2653499 deaths 2651838 (51571.7s)
tick 2368000 alive   227468 genomes   21747 energy   178.0 steps  256.0 halting 0.000 births 2681560 deaths 2680792 (51596.6s)
tick 2369000 alive   227221 genomes   21838 energy   178.0 steps  256.0 halting 0.000 births 2678493 deaths 2678740 (51621.3s)
tick 2370000 alive   226372 genomes   22170 energy   178.9 steps  256.0 halting 0.000 births 2659814 deaths 2660663 (51646.3s)
tick 2371000 alive   225161 genomes   22105 energy   178.7 steps  256.0 halting 0.000 births 2635188 deaths 2636399 (51670.7s)
tick 2372000 alive   224020 genomes   22174 energy   179.9 steps  256.0 halting 0.000 births 2596466 deaths 2597607 (51694.8s)
tick 2373000 alive   222803 genomes   22124 energy   179.7 steps  256.0 halting 0.000 births 2579250 deaths 2580467 (51719.2s)
tick 2374000 alive   221549 genomes   21937 energy   179.6 steps  256.0 halting 0.000 births 2550496 deaths 2551750 (51743.9s)
tick 2375000 alive   221988 genomes   21944 energy   179.4 steps  256.0 halting 0.000 births 2554703 deaths 2554264 (51768.4s)
tick 2376000 alive   222275 genomes   21688 energy   179.6 steps  256.0 halting 0.000 births 2551215 deaths 2550928 (51791.5s)
tick 2377000 alive   222181 genomes   21789 energy   179.2 steps  256.0 halting 0.000 births 2561627 deaths 2561721 (51815.6s)
tick 2378000 alive   222018 genomes   21674 energy   178.2 steps  256.0 halting 0.000 births 2573196 deaths 2573359 (51840.2s)
tick 2379000 alive   221500 genomes   21614 energy   178.0 steps  256.0 halting 0.000 births 2603662 deaths 2604180 (51865.3s)
tick 2380000 alive   222366 genomes   21648 energy   179.0 steps  256.0 halting 0.000 births 2591561 deaths 2590695 (51890.4s)
tick 2381000 alive   221758 genomes   21446 energy   179.1 steps  256.0 halting 0.000 births 2576006 deaths 2576614 (51915.4s)
tick 2382000 alive   222045 genomes   21266 energy   179.3 steps  256.0 halting 0.000 births 2559476 deaths 2559189 (51939.2s)
tick 2383000 alive   222077 genomes   21327 energy   178.4 steps  256.0 halting 0.000 births 2551868 deaths 2551836 (51964.1s)
tick 2384000 alive   223443 genomes   20863 energy   177.5 steps  256.0 halting 0.000 births 2610145 deaths 2608779 (51989.9s)
tick 2385000 alive   223990 genomes   20717 energy   177.6 steps  256.0 halting 0.000 births 2624802 deaths 2624255 (52014.6s)
tick 2386000 alive   226084 genomes   20725 energy   176.3 steps  256.0 halting 0.000 births 2662950 deaths 2660856 (52040.0s)
tick 2387000 alive   226757 genomes   20600 energy   176.1 steps  256.0 halting 0.000 births 2708641 deaths 2707968 (52065.6s)
tick 2388000 alive   228494 genomes   20706 energy   175.6 steps  256.0 halting 0.000 births 2760458 deaths 2758721 (52091.8s)
tick 2389000 alive   229642 genomes   20447 energy   175.7 steps  256.0 halting 0.000 births 2784774 deaths 2783626 (52118.2s)
tick 2390000 alive   228991 genomes   20254 energy   176.2 steps  256.0 halting 0.000 births 2775462 deaths 2776113 (52144.4s)
tick 2391000 alive   229399 genomes   19772 energy   177.9 steps  256.0 halting 0.000 births 2743019 deaths 2742611 (52169.3s)
tick 2392000 alive   228437 genomes   20151 energy   176.8 steps  256.0 halting 0.000 births 2723912 deaths 2724874 (52196.1s)
tick 2393000 alive   228443 genomes   19972 energy   177.0 steps  256.0 halting 0.000 births 2732723 deaths 2732717 (52222.5s)
tick 2394000 alive   228798 genomes   19717 energy   177.4 steps  256.0 halting 0.000 births 2724525 deaths 2724170 (52249.2s)
tick 2395000 alive   229496 genomes   19379 energy   177.9 steps  256.0 halting 0.000 births 2726626 deaths 2725928 (52275.7s)
tick 2396000 alive   230486 genomes   19182 energy   178.3 steps  256.0 halting 0.000 births 2707041 deaths 2706051 (52302.3s)
tick 2397000 alive   230157 genomes   19510 energy   178.3 steps  256.0 halting 0.000 births 2686919 deaths 2687248 (52328.4s)
tick 2398000 alive   230477 genomes   19159 energy   179.5 steps  256.0 halting 0.000 births 2650730 deaths 2650410 (52354.7s)
tick 2399000 alive   228498 genomes   19201 energy   179.7 steps  256.0 halting 0.000 births 2627836 deaths 2629815 (52381.2s)
tick 2400000 alive   228553 genomes   19639 energy   179.6 steps  256.0 halting 0.000 births 2602827 deaths 2602772 (52407.2s)
tick 2401000 alive   230372 genomes   19865 energy   179.5 steps  256.0 halting 0.000 births 2605116 deaths 2603297 (52433.6s)
tick 2402000 alive   231161 genomes   20224 energy   179.6 steps  256.0 halting 0.000 births 2614900 deaths 2614111 (52459.7s)
tick 2403000 alive   230505 genomes   20076 energy   179.7 steps  256.0 halting 0.000 births 2592977 deaths 2593633 (52485.7s)
tick 2404000 alive   231641 genomes   20595 energy   179.3 steps  256.0 halting 0.000 births 2624816 deaths 2623680 (52511.9s)
tick 2405000 alive   230041 genomes   20623 energy   179.6 steps  256.0 halting 0.000 births 2608202 deaths 2609802 (52537.8s)
tick 2406000 alive   229761 genomes   20677 energy   179.9 steps  256.0 halting 0.000 births 2595844 deaths 2596124 (52563.6s)
tick 2407000 alive   230470 genomes   20851 energy   180.6 steps  256.0 halting 0.000 births 2584162 deaths 2583453 (52588.7s)
tick 2408000 alive   229493 genomes   21240 energy   179.9 steps  256.0 halting 0.000 births 2575171 deaths 2576148 (52613.7s)
tick 2409000 alive   230188 genomes   21588 energy   179.7 steps  256.0 halting 0.000 births 2587190 deaths 2586495 (52638.5s)
tick 2410000 alive   229099 genomes   21859 energy   179.1 steps  256.0 halting 0.000 births 2595499 deaths 2596588 (52662.6s)
tick 2411000 alive   228247 genomes   21831 energy   178.9 steps  256.0 halting 0.000 births 2596147 deaths 2596999 (52688.0s)
tick 2412000 alive   228243 genomes   21484 energy   179.4 steps  256.0 halting 0.000 births 2602812 deaths 2602816 (52713.4s)
tick 2413000 alive   229576 genomes   21301 energy   178.9 steps  256.0 halting 0.000 births 2592604 deaths 2591271 (52737.3s)
tick 2414000 alive   229849 genomes   20858 energy   179.8 steps  256.0 halting 0.000 births 2603438 deaths 2603165 (52762.0s)
tick 2415000 alive   229962 genomes   20596 energy   180.0 steps  256.0 halting 0.000 births 2581396 deaths 2581283 (52787.6s)
tick 2416000 alive   229288 genomes   20625 energy   180.2 steps  256.0 halting 0.000 births 2568883 deaths 2569557 (52812.5s)
tick 2417000 alive   229282 genomes   20298 energy   180.8 steps  256.0 halting 0.000 births 2554348 deaths 2554354 (52837.5s)
tick 2418000 alive   229417 genomes   20474 energy   180.4 steps  256.0 halting 0.000 births 2550205 deaths 2550070 (52862.9s)
tick 2419000 alive   229270 genomes   20848 energy   179.9 steps  256.0 halting 0.000 births 2564806 deaths 2564953 (52887.5s)
tick 2420000 alive   229391 genomes   21169 energy   179.2 steps  256.0 halting 0.000 births 2593186 deaths 2593065 (52913.3s)
tick 2421000 alive   230046 genomes   21497 energy   179.1 steps  256.0 halting 0.000 births 2619190 deaths 2618535 (52939.2s)
tick 2422000 alive   229502 genomes   21665 energy   178.7 steps  256.0 halting 0.000 births 2614158 deaths 2614702 (52965.1s)
tick 2423000 alive   228355 genomes   21757 energy   179.2 steps  256.0 halting 0.000 births 2609764 deaths 2610911 (52990.7s)
tick 2424000 alive   229223 genomes   21847 energy   178.9 steps  256.0 halting 0.000 births 2598757 deaths 2597889 (53016.5s)
tick 2425000 alive   229548 genomes   22101 energy   178.4 steps  256.0 halting 0.000 births 2621662 deaths 2621337 (53041.3s)
tick 2426000 alive   229487 genomes   22389 energy   178.4 steps  256.0 halting 0.000 births 2639376 deaths 2639437 (53066.5s)
tick 2427000 alive   228872 genomes   22683 energy   179.2 steps  256.0 halting 0.000 births 2628311 deaths 2628926 (53092.4s)
tick 2428000 alive   227205 genomes   22819 energy   180.0 steps  256.0 halting 0.000 births 2585227 deaths 2586894 (53118.0s)
tick 2429000 alive   226703 genomes   23023 energy   179.3 steps  256.0 halting 0.000 births 2577668 deaths 2578170 (53143.6s)
tick 2430000 alive   226580 genomes   22767 energy   178.8 steps  256.0 halting 0.000 births 2591273 deaths 2591396 (53169.4s)
tick 2431000 alive   226277 genomes   22518 energy   178.8 steps  256.0 halting 0.000 births 2596986 deaths 2597289 (53194.7s)
tick 2432000 alive   226323 genomes   22466 energy   178.8 steps  256.0 halting 0.000 births 2593812 deaths 2593766 (53219.9s)
tick 2433000 alive   227468 genomes   22354 energy   179.8 steps  256.0 halting 0.000 births 2593061 deaths 2591916 (53244.9s)
tick 2434000 alive   227327 genomes   22278 energy   179.6 steps  256.0 halting 0.000 births 2589653 deaths 2589794 (53269.6s)
tick 2435000 alive   225567 genomes   22295 energy   180.0 steps  256.0 halting 0.000 births 2564347 deaths 2566107 (53294.4s)
tick 2436000 alive   226371 genomes   22309 energy   179.9 steps  256.0 halting 0.000 births 2555446 deaths 2554642 (53319.3s)
tick 2437000 alive   225416 genomes   21757 energy   180.6 steps  256.0 halting 0.000 births 2524879 deaths 2525834 (53344.4s)
tick 2438000 alive   226142 genomes   21525 energy   180.2 steps  256.0 halting 0.000 births 2520029 deaths 2519303 (53367.8s)
tick 2439000 alive   226741 genomes   21336 energy   180.5 steps  256.0 halting 0.000 births 2525920 deaths 2525321 (53392.3s)
tick 2440000 alive   226730 genomes   21608 energy   179.9 steps  256.0 halting 0.000 births 2543081 deaths 2543092 (53416.5s)
tick 2441000 alive   225514 genomes   22241 energy   179.5 steps  256.0 halting 0.000 births 2542969 deaths 2544185 (53440.3s)
tick 2442000 alive   224342 genomes   22336 energy   180.2 steps  256.0 halting 0.000 births 2529803 deaths 2530975 (53464.2s)
tick 2443000 alive   224465 genomes   22316 energy   180.0 steps  256.0 halting 0.000 births 2516578 deaths 2516455 (53487.7s)
tick 2444000 alive   223441 genomes   22779 energy   179.8 steps  256.0 halting 0.000 births 2519246 deaths 2520270 (53511.7s)
tick 2445000 alive   222311 genomes   22774 energy   179.7 steps  256.0 halting 0.000 births 2502726 deaths 2503856 (53535.4s)
tick 2446000 alive   223208 genomes   22984 energy   178.9 steps  256.0 halting 0.000 births 2523720 deaths 2522823 (53559.2s)
tick 2447000 alive   222723 genomes   22710 energy   178.7 steps  256.0 halting 0.000 births 2541917 deaths 2542402 (53581.9s)
tick 2448000 alive   223384 genomes   22476 energy   178.8 steps  256.0 halting 0.000 births 2562543 deaths 2561882 (53602.8s)
tick 2449000 alive   224157 genomes   22305 energy   178.6 steps  256.0 halting 0.000 births 2541468 deaths 2540695 (53627.3s)
tick 2450000 alive   223981 genomes   22636 energy   177.9 steps  256.0 halting 0.000 births 2575747 deaths 2575923 (53651.2s)
tick 2451000 alive   224785 genomes   22394 energy   178.2 steps  256.0 halting 0.000 births 2587641 deaths 2586837 (53675.1s)
tick 2452000 alive   225011 genomes   22058 energy   178.7 steps  256.0 halting 0.000 births 2583667 deaths 2583441 (53698.5s)
tick 2453000 alive   226474 genomes   22056 energy   177.9 steps  256.0 halting 0.000 births 2591940 deaths 2590477 (53722.6s)
tick 2454000 alive   225885 genomes   22089 energy   177.6 steps  256.0 halting 0.000 births 2629737 deaths 2630326 (53746.3s)
tick 2455000 alive   226942 genomes   21840 energy   177.9 steps  256.0 halting 0.000 births 2643397 deaths 2642340 (53770.5s)
tick 2456000 alive   227488 genomes   21680 energy   178.3 steps  256.0 halting 0.000 births 2646363 deaths 2645817 (53794.7s)
tick 2457000 alive   227712 genomes   21746 energy   178.5 steps  256.0 halting 0.000 births 2646105 deaths 2645881 (53819.0s)
tick 2458000 alive   226829 genomes   21539 energy   179.2 steps  256.0 halting 0.000 births 2627153 deaths 2628036 (53842.9s)
tick 2459000 alive   226502 genomes   21397 energy   180.3 steps  256.0 halting 0.000 births 2571760 deaths 2572087 (53866.9s)
tick 2460000 alive   226392 genomes   21388 energy   179.5 steps  256.0 halting 0.000 births 2560694 deaths 2560804 (53890.5s)
tick 2461000 alive   225731 genomes   21567 energy   180.3 steps  256.0 halting 0.000 births 2569035 deaths 2569696 (53914.2s)
tick 2462000 alive   224717 genomes   21728 energy   181.6 steps  256.0 halting 0.000 births 2531231 deaths 2532245 (53937.4s)
tick 2463000 alive   222910 genomes   21335 energy   181.0 steps  256.0 halting 0.000 births 2502777 deaths 2504584 (53959.9s)
tick 2464000 alive   221916 genomes   21234 energy   181.0 steps  256.0 halting 0.000 births 2479306 deaths 2480300 (53983.7s)
tick 2465000 alive   222582 genomes   21352 energy   180.7 steps  256.0 halting 0.000 births 2493805 deaths 2493139 (54007.6s)
tick 2466000 alive   222602 genomes   20753 energy   180.8 steps  256.0 halting 0.000 births 2480099 deaths 2480079 (54031.2s)
tick 2467000 alive   222758 genomes   21072 energy   179.3 steps  256.0 halting 0.000 births 2513252 deaths 2513096 (54054.3s)
tick 2468000 alive   222494 genomes   21286 energy   178.3 steps  256.0 halting 0.000 births 2553352 deaths 2553616 (54076.7s)
tick 2469000 alive   223214 genomes   21432 energy   177.4 steps  256.0 halting 0.000 births 2601485 deaths 2600765 (54099.7s)
tick 2470000 alive   223632 genomes   21579 energy   178.2 steps  256.0 halting 0.000 births 2595912 deaths 2595494 (54123.4s)
tick 2471000 alive   223880 genomes   21960 energy   177.6 steps  256.0 halting 0.000 births 2627616 deaths 2627368 (54147.1s)
tick 2472000 alive   223197 genomes   22386 energy   177.6 steps  256.0 halting 0.000 births 2622541 deaths 2623224 (54171.6s)
tick 2473000 alive   223044 genomes   22105 energy   176.8 steps  256.0 halting 0.000 births 2630889 deaths 2631042 (54195.9s)
tick 2474000 alive   224878 genomes   22337 energy   176.6 steps  256.0 halting 0.000 births 2671916 deaths 2670082 (54220.6s)
tick 2475000 alive   225374 genomes   22550 energy   177.4 steps  256.0 halting 0.000 births 2685133 deaths 2684637 (54245.4s)
tick 2476000 alive   224482 genomes   22745 energy   177.3 steps  256.0 halting 0.000 births 2673884 deaths 2674776 (54269.6s)
tick 2477000 alive   223779 genomes   22779 energy   177.3 steps  256.0 halting 0.000 births 2678891 deaths 2679594 (54294.7s)
tick 2478000 alive   222622 genomes   22322 energy   176.9 steps  256.0 halting 0.000 births 2665924 deaths 2667081 (54317.0s)
tick 2479000 alive   223878 genomes   21473 energy   177.3 steps  256.0 halting 0.000 births 2644368 deaths 2643112 (54341.1s)
tick 2480000 alive   226948 genomes   21474 energy   177.7 steps  256.0 halting 0.000 births 2656667 deaths 2653597 (54366.6s)
tick 2481000 alive   226942 genomes   21740 energy   178.4 steps  256.0 halting 0.000 births 2675064 deaths 2675070 (54391.3s)
tick 2482000 alive   226799 genomes   21996 energy   178.5 steps  256.0 halting 0.000 births 2654149 deaths 2654292 (54414.3s)
tick 2483000 alive   226430 genomes   22039 energy   178.9 steps  256.0 halting 0.000 births 2653961 deaths 2654330 (54436.5s)
tick 2484000 alive   225689 genomes   21929 energy   180.2 steps  256.0 halting 0.000 births 2616448 deaths 2617189 (54461.0s)
tick 2485000 alive   223889 genomes   21765 energy   179.5 steps  256.0 halting 0.000 births 2592677 deaths 2594477 (54486.4s)
tick 2486000 alive   225584 genomes   21573 energy   179.9 steps  256.0 halting 0.000 births 2584620 deaths 2582925 (54511.4s)
tick 2487000 alive   224908 genomes   21751 energy   179.2 steps  256.0 halting 0.000 births 2589969 deaths 2590645 (54537.2s)
tick 2488000 alive   225110 genomes   21736 energy   179.3 steps  256.0 halting 0.000 births 2596756 deaths 2596554 (54562.4s)
tick 2489000 alive   224879 genomes   21792 energy   179.8 steps  256.0 halting 0.000 births 2597171 deaths 2597402 (54587.3s)
tick 2490000 alive   225026 genomes   21510 energy   179.4 steps  256.0 halting 0.000 births 2595660 deaths 2595513 (54612.0s)
tick 2491000 alive   225361 genomes   21344 energy   178.4 steps  256.0 halting 0.000 births 2604902 deaths 2604567 (54634.7s)
tick 2492000 alive   226882 genomes   21087 energy   178.4 steps  256.0 halting 0.000 births 2637307 deaths 2635786 (54658.3s)
tick 2493000 alive   227254 genomes   20842 energy   178.9 steps  256.0 halting 0.000 births 2649687 deaths 2649315 (54682.1s)
tick 2494000 alive   227789 genomes   20869 energy   178.4 steps  256.0 halting 0.000 births 2654078 deaths 2653543 (54706.4s)
tick 2495000 alive   228193 genomes   20895 energy   178.5 steps  256.0 halting 0.000 births 2663214 deaths 2662810 (54728.4s)
tick 2496000 alive   228753 genomes   21145 energy   178.8 steps  256.0 halting 0.000 births 2664150 deaths 2663590 (54752.5s)
tick 2497000 alive   227296 genomes   21296 energy   179.3 steps  256.0 halting 0.000 births 2651426 deaths 2652883 (54774.6s)
tick 2498000 alive   225968 genomes   21487 energy   178.3 steps  256.0 halting 0.000 births 2621601 deaths 2622929 (54799.3s)
tick 2499000 alive   225139 genomes   21619 energy   177.7 steps  256.0 halting 0.000 births 2638256 deaths 2639085 (54823.0s)
done: 2500000 ticks in 54842.5s
