tick,live,births,faithful,mutant,deaths_age,deaths_reaper,placements,rays,distinct_genomes,entropy,singletons,top_count,top_genome,parasites,out_readers,fertile,new_genomes,genomes_ever,shadow_distinct,shadow_entropy,shadow_singletons,shadow_new,shadow_ever
0,8192,0,0,0,0,0,8192,0,8156,12.9912,8120,2,0x91bd7bfdd2,0,0,0,36,36,8156,12.9912,8120,36,36
1000,8192,0,0,0,253952,0,262144,0,8168,12.9941,8144,2,0x98a5fe3567,998,7440,0,24,60,8168,12.9941,8144,24,60
2000,8192,0,0,0,507904,0,516096,0,8158,12.9917,8124,2,0x05eb52175b,940,7440,0,34,94,8158,12.9917,8124,34,94
3000,8192,0,0,0,761856,0,770048,0,8156,12.9912,8120,2,0x0ed1fa011d,945,7394,0,36,130,8156,12.9912,8120,36,130
4000,8192,0,0,0,1024000,0,1032192,0,8157,12.9915,8122,2,0xa9bec6de48,0,0,0,35,165,8157,12.9915,8122,35,165
5000,8192,0,0,0,1277952,0,1286144,0,8162,12.9927,8132,2,0x257b9c28e0,950,7381,0,30,195,8162,12.9927,8132,30,195
6000,8192,0,0,0,1531904,0,1540096,0,8162,12.9927,8132,2,0x61e588c823,952,7390,0,30,225,8162,12.9927,8132,30,225
7000,8192,0,0,0,1785856,0,1794048,0,8159,12.9919,8126,2,0x6ab8a02276,948,7438,0,33,258,8159,12.9919,8126,33,258
8000,8192,0,0,0,2048000,0,2056192,0,8168,12.9941,8144,2,0x7b2e5bc899,0,0,0,24,282,8168,12.9941,8144,24,282
9000,8192,0,0,0,2301952,0,2310144,0,8158,12.9916,8125,3,0x36daa165d8,1017,7457,0,33,315,8158,12.9916,8125,33,315
10000,8192,0,0,0,2555904,0,2564096,0,8167,12.9939,8142,2,0xae2ed1713f,940,7440,0,25,340,8167,12.9939,8142,25,340
11000,8192,0,0,0,2809856,0,2818048,0,8165,12.9934,8138,2,0x4142d9eb54,1002,7453,0,27,367,8165,12.9934,8138,27,367
12000,8192,0,0,0,3072000,0,3080192,0,8162,12.9927,8132,2,0x2765b39df7,0,0,0,30,397,8162,12.9927,8132,30,397
13000,8192,0,0,0,3325952,0,3334144,0,8162,12.9927,8132,2,0xd203a187b4,929,7423,0,30,427,8162,12.9927,8132,30,427
14000,8192,0,0,0,3579904,0,3588096,0,8156,12.9911,8121,3,0xd90046c355,998,7382,0,35,462,8156,12.9911,8121,35,462
15000,8192,0,0,0,3833856,0,3842048,0,8165,12.9934,8138,2,0x2febcd6515,970,7441,0,27,489,8165,12.9934,8138,27,489
16000,8192,0,0,0,4096000,0,4104192,0,8155,12.9910,8118,2,0x6e6ca698e5,0,0,0,37,526,8155,12.9910,8118,37,526
17000,8192,0,0,0,4349952,0,4358144,0,8166,12.9937,8140,2,0xff8fdd36bb,1015,7440,0,26,552,8166,12.9937,8140,26,552
18000,8192,0,0,0,4603904,0,4612096,0,8157,12.9915,8122,2,0x52ebdadab9,1038,7435,0,35,587,8157,12.9915,8122,35,587
19000,8192,0,0,0,4857856,0,4866048,0,8154,12.9907,8116,2,0x82da5336af,1011,7441,0,38,625,8154,12.9907,8116,38,625
20000,8192,0,0,0,5120000,0,5128192,0,8159,12.9919,8126,2,0xeb98c0f1eb,0,0,0,33,658,8159,12.9919,8126,33,658
21000,8192,0,0,0,5373952,0,5382144,0,8166,12.9937,8140,2,0xbb91d1a25c,1015,7443,0,26,684,8166,12.9937,8140,26,684
22000,8192,0,0,0,5627904,0,5636096,0,8157,12.9915,8122,2,0x881cbd6a49,972,7405,0,35,719,8157,12.9915,8122,35,719
23000,8192,0,0,0,5881856,0,5890048,0,8166,12.9937,8140,2,0xfd64d12b16,980,7414,0,26,745,8166,12.9937,8140,26,745
24000,8192,0,0,0,6144000,0,6152192,0,8170,12.9946,8148,2,0xa90cedc539,0,0,0,22,767,8170,12.9946,8148,22,767
25000,8192,0,0,0,6397952,0,6406144,0,8158,12.9916,8125,3,0x30ba70b53c,927,7417,0,33,800,8158,12.9916,8125,33,800
26000,8192,0,0,0,6651904,0,6660096,0,8158,12.9917,8124,2,0x090108669e,972,7433,0,34,834,8158,12.9917,8124,34,834
27000,8192,0,0,0,6905856,0,6914048,0,8160,12.9922,8128,2,0xe0f2c19bb0,1013,7423,0,32,866,8160,12.9922,8128,32,866
28000,8192,0,0,0,7168000,0,7176192,0,8159,12.9919,8126,2,0xe7fd8b708a,0,0,0,33,899,8159,12.9919,8126,33,899
29000,8192,0,0,0,7421952,0,7430144,0,8149,12.9895,8106,2,0x930f7a1bff,992,7429,0,43,942,8149,12.9895,8106,43,942
30000,8192,0,0,0,7675904,0,7684096,0,8154,12.9907,8116,2,0x7d42d5ad79,989,7434,0,38,980,8154,12.9907,8116,38,980
31000,8192,0,0,0,7929856,0,7938048,0,8167,12.9939,8142,2,0x4f5cd47b3f,1020,7427,0,25,1005,8167,12.9939,8142,25,1005
32000,8192,0,0,0,8192000,0,8200192,0,8159,12.9919,8126,2,0xe46e55ab91,0,0,0,33,1038,8159,12.9919,8126,33,1038
33000,8192,0,0,0,8445952,0,8454144,0,8160,12.9922,8128,2,0x560f470bf6,1005,7444,0,32,1070,8160,12.9922,8128,32,1070
34000,8192,0,0,0,8699904,0,8708096,0,8164,12.9932,8136,2,0x49711994d7,1009,7427,0,28,1098,8164,12.9932,8136,28,1098
35000,8192,0,0,0,8953856,0,8962048,0,8160,12.9922,8128,2,0x6194178cba,1008,7421,0,32,1130,8160,12.9922,8128,32,1130
36000,8192,0,0,0,9216000,0,9224192,0,8158,12.9917,8124,2,0x862674eb4b,0,0,0,34,1164,8158,12.9917,8124,34,1164
37000,8192,0,0,0,9469952,0,9478144,0,8162,12.9927,8132,2,0xfa77626794,962,7404,0,30,1194,8162,12.9927,8132,30,1194
38000,8192,0,0,0,9723904,0,9732096,0,8156,12.9912,8120,2,0xfbf4f64aad,938,7423,0,36,1230,8156,12.9912,8120,36,1230
39000,8192,0,0,0,9977856,0,9986048,0,8165,12.9934,8138,2,0xccdd971480,971,7386,0,27,1257,8165,12.9934,8138,27,1257
40000,8192,0,0,0,10240000,0,10248192,0,8167,12.9939,8142,2,0xe64c99f9be,0,0,0,25,1282,8167,12.9939,8142,25,1282
41000,8192,0,0,0,10493952,0,10502144,0,8159,12.9919,8126,2,0x6ca28950e7,981,7419,0,33,1315,8159,12.9919,8126,33,1315
42000,8192,0,0,0,10747904,0,10756096,0,8162,12.9927,8132,2,0xbfea190204,982,7429,0,30,1345,8162,12.9927,8132,30,1345
43000,8192,0,0,0,11001856,0,11010048,0,8156,12.9912,8120,2,0x1f1667d5d6,981,7391,0,36,1381,8156,12.9912,8120,36,1381
44000,8192,0,0,0,11264000,0,11272192,0,8160,12.9922,8128,2,0x00834ea5cb,0,0,0,32,1413,8160,12.9922,8128,32,1413
45000,8192,0,0,0,11517952,0,11526144,0,8168,12.9941,8144,2,0xee21ccebe4,973,7414,0,24,1437,8168,12.9941,8144,24,1437
46000,8192,0,0,0,11771904,0,11780096,0,8157,12.9915,8122,2,0xbb2e2f0847,1030,7412,0,35,1472,8157,12.9915,8122,35,1472
47000,8192,0,0,0,12025856,0,12034048,0,8158,12.9916,8125,3,0x62a00f94a9,990,7435,0,33,1505,8158,12.9916,8125,33,1505
48000,8192,0,0,0,12288000,0,12296192,0,8158,12.9916,8125,3,0xd73a69939d,0,0,0,33,1538,8158,12.9916,8125,33,1538
49000,8192,0,0,0,12541952,0,12550144,0,8150,12.9897,8108,2,0xe3c4ede06e,992,7444,0,42,1580,8150,12.9897,8108,42,1580
50000,8192,0,0,0,12795904,0,12804096,0,8157,12.9915,8122,2,0xfedf062e95,981,7413,0,35,1615,8157,12.9915,8122,35,1615
51000,8192,0,0,0,13049856,0,13058048,0,8161,12.9924,8130,2,0xda86758d7e,1000,7458,0,31,1646,8161,12.9924,8130,31,1646
52000,8192,0,0,0,13312000,0,13320192,0,8163,12.9929,8134,2,0x592beb7b8b,0,0,0,29,1675,8163,12.9929,8134,29,1675
53000,8192,0,0,0,13565952,0,13574144,0,8164,12.9932,8136,2,0xbe7357ee81,938,7424,0,28,1703,8164,12.9932,8136,28,1703
54000,8192,0,0,0,13819904,0,13828096,0,8166,12.9937,8140,2,0xda4c1706d8,973,7388,0,26,1729,8166,12.9937,8140,26,1729
55000,8192,0,0,0,14073856,0,14082048,0,8160,12.9922,8128,2,0xfd8edc134d,973,7420,0,32,1761,8160,12.9922,8128,32,1761
56000,8192,0,0,0,14336000,0,14344192,0,8160,12.9922,8128,2,0xbbcb15ebbd,0,0,0,32,1793,8160,12.9922,8128,32,1793
57000,8192,0,0,0,14589952,0,14598144,0,8163,12.9929,8134,2,0x3fae99dd40,977,7415,0,29,1822,8163,12.9929,8134,29,1822
58000,8192,0,0,0,14843904,0,14852096,0,8164,12.9932,8136,2,0x1a2fe72b10,1004,7422,0,28,1850,8164,12.9932,8136,28,1850
59000,8192,0,0,0,15097856,0,15106048,0,8166,12.9937,8140,2,0x78f17e3649,939,7422,0,26,1876,8166,12.9937,8140,26,1876
60000,8192,0,0,0,15360000,0,15368192,0,8166,12.9937,8140,2,0x9bb4859698,0,0,0,26,1902,8166,12.9937,8140,26,1902
61000,8192,0,0,0,15613952,0,15622144,0,8154,12.9907,8116,2,0x7b5df66575,956,7392,0,38,1940,8154,12.9907,8116,38,1940
62000,8192,0,0,0,15867904,0,15876096,0,8165,12.9934,8138,2,0xcefd9fa9d0,965,7433,0,27,1967,8165,12.9934,8138,27,1967
63000,8192,0,0,0,16121856,0,16130048,0,8151,12.9900,8110,2,0x51e1bc2ba0,977,7411,0,41,2008,8151,12.9900,8110,41,2008
64000,8192,0,0,0,16384000,0,16392192,0,8147,12.9890,8102,2,0xd685fd0cd9,0,0,0,45,2053,8147,12.9890,8102,45,2053
65000,8192,0,0,0,16637952,0,16646144,0,8163,12.9929,8134,2,0xa1c530c55f,953,7412,0,29,2082,8163,12.9929,8134,29,2082
66000,8192,0,0,0,16891904,0,16900096,0,8164,12.9932,8136,2,0x14262bb6b9,962,7436,0,28,2110,8164,12.9932,8136,28,2110
67000,8192,0,0,0,17145856,0,17154048,0,8152,12.9902,8112,2,0xb654cb7d92,988,7470,0,40,2150,8152,12.9902,8112,40,2150
68000,8192,0,0,0,17408000,0,17416192,0,8163,12.9929,8134,2,0x3087f5d0d4,0,0,0,29,2179,8163,12.9929,8134,29,2179
69000,8192,0,0,0,17661952,0,17670144,0,8159,12.9919,8126,2,0x77f832ea1b,997,7450,0,33,2212,8159,12.9919,8126,33,2212
70000,8192,0,0,0,17915904,0,17924096,0,8162,12.9927,8132,2,0xecf39f4a76,1009,7426,0,30,2242,8162,12.9927,8132,30,2242
71000,8192,0,0,0,18169856,0,18178048,0,8165,12.9933,8139,3,0x126be7ad46,1005,7473,0,26,2268,8165,12.9933,8139,26,2268
72000,8192,0,0,0,18432000,0,18440192,0,8160,12.9922,8128,2,0x7572b650e8,0,0,0,32,2300,8160,12.9922,8128,32,2300
73000,8192,0,0,0,18685952,0,18694144,0,8159,12.9919,8126,2,0x6d7c515c03,945,7382,0,33,2333,8159,12.9919,8126,33,2333
74000,8192,0,0,0,18939904,0,18948096,0,8169,12.9944,8146,2,0x7aaab587d4,983,7418,0,23,2356,8169,12.9944,8146,23,2356
75000,8192,0,0,0,19193856,0,19202048,0,8168,12.9940,8145,3,0x528754c613,1008,7423,0,23,2379,8168,12.9940,8145,23,2379
76000,8192,0,0,0,19456000,0,19464192,0,8162,12.9927,8132,2,0x6c9ea00cae,0,0,0,30,2409,8162,12.9927,8132,30,2409
77000,8192,0,0,0,19709952,0,19718144,0,8161,12.9924,8130,2,0x7d6b0713de,956,7465,0,31,2440,8161,12.9924,8130,31,2440
78000,8192,0,0,0,19963904,0,19972096,0,8163,12.9929,8134,2,0xc1b7a2a6e8,986,7391,0,29,2469,8163,12.9929,8134,29,2469
79000,8192,0,0,0,20217856,0,20226048,0,8163,12.9929,8134,2,0xd16fb877be,987,7420,0,29,2498,8163,12.9929,8134,29,2498
80000,8192,0,0,0,20480000,0,20488192,0,8162,12.9927,8132,2,0x3cdf8035ad,0,0,0,30,2528,8162,12.9927,8132,30,2528
81000,8192,0,0,0,20733952,0,20742144,0,8157,12.9915,8122,2,0x6a6dcbb82c,952,7407,0,35,2563,8157,12.9915,8122,35,2563
82000,8192,0,0,0,20987904,0,20996096,0,8147,12.9890,8102,2,0x65f838df6b,1004,7349,0,45,2608,8147,12.9890,8102,45,2608
83000,8192,0,0,0,21241856,0,21250048,0,8162,12.9927,8132,2,0x7e001ec3c8,956,7352,0,30,2638,8162,12.9927,8132,30,2638
84000,8192,0,0,0,21504000,0,21512192,0,8166,12.9937,8140,2,0x9b805807d6,0,0,0,26,2664,8166,12.9937,8140,26,2664
85000,8192,0,0,0,21757952,0,21766144,0,8166,12.9937,8140,2,0x47a16f6a91,965,7429,0,26,2690,8166,12.9937,8140,26,2690
86000,8192,0,0,0,22011904,0,22020096,0,8145,12.9885,8098,2,0xef3f56402c,989,7421,0,47,2737,8145,12.9885,8098,47,2737
87000,8192,0,0,0,22265856,0,22274048,0,8157,12.9915,8122,2,0x9fc861ba5d,960,7371,0,35,2772,8157,12.9915,8122,35,2772
88000,8192,0,0,0,22528000,0,22536192,0,8154,12.9907,8116,2,0xbeb1be2518,0,0,0,38,2810,8154,12.9907,8116,38,2810
89000,8192,0,0,0,22781952,0,22790144,0,8160,12.9922,8128,2,0x487f64f9f7,957,7351,0,32,2842,8160,12.9922,8128,32,2842
90000,8192,0,0,0,23035904,0,23044096,0,8164,12.9932,8136,2,0x0c47f277e1,937,7399,0,28,2870,8164,12.9932,8136,28,2870
91000,8192,0,0,0,23289856,0,23298048,0,8156,12.9912,8120,2,0x8ccbe2b17f,970,7436,0,36,2906,8156,12.9912,8120,36,2906
92000,8192,0,0,0,23552000,0,23560192,0,8161,12.9924,8130,2,0x641ef1dc9c,0,0,0,31,2937,8161,12.9924,8130,31,2937
93000,8192,0,0,0,23805952,0,23814144,0,8158,12.9917,8124,2,0xd566cbe01a,998,7377,0,34,2971,8158,12.9917,8124,34,2971
94000,8192,0,0,0,24059904,0,24068096,0,8158,12.9917,8124,2,0x5b38be074f,993,7418,0,34,3005,8158,12.9917,8124,34,3005
95000,8192,0,0,0,24313856,0,24322048,0,8163,12.9929,8134,2,0x3ef6ec56b0,1010,7442,0,29,3034,8163,12.9929,8134,29,3034
96000,8192,0,0,0,24576000,0,24584192,0,8164,12.9932,8136,2,0x6cf9427517,0,0,0,28,3062,8164,12.9932,8136,28,3062
97000,8192,0,0,0,24829952,0,24838144,0,8160,12.9922,8128,2,0x0113719b21,883,7458,0,32,3094,8160,12.9922,8128,32,3094
98000,8192,0,0,0,25083904,0,25092096,0,8162,12.9927,8132,2,0x474f9394b9,968,7367,0,30,3124,8162,12.9927,8132,30,3124
99000,8192,0,0,0,25337856,0,25346048,0,8155,12.9909,8119,3,0x0f9eedf895,978,7465,0,36,3160,8155,12.9909,8119,36,3160
100000,8192,0,0,0,25600000,0,25608192,0,8157,12.9915,8122,2,0xabdbaeb23a,0,0,0,35,3195,8157,12.9915,8122,35,3195
101000,8192,0,0,0,25853952,0,25862144,0,8158,12.9917,8124,2,0x50e5267a9e,1004,7411,0,34,3229,8158,12.9917,8124,34,3229
102000,8192,0,0,0,26107904,0,26116096,0,8152,12.9902,8112,2,0x8010840d2d,1000,7407,0,40,3269,8152,12.9902,8112,40,3269
103000,8192,0,0,0,26361856,0,26370048,0,8157,12.9915,8122,2,0xdadb5ab0d3,971,7420,0,35,3304,8157,12.9915,8122,35,3304
104000,8192,0,0,0,26624000,0,26632192,0,8153,12.9905,8114,2,0xa814bfb8fd,0,0,0,39,3343,8153,12.9905,8114,39,3343
105000,8192,0,0,0,26877952,0,26886144,0,8168,12.9941,8144,2,0xcae5cd2d89,981,7442,0,24,3367,8168,12.9941,8144,24,3367
106000,8192,0,0,0,27131904,0,27140096,0,8163,12.9929,8134,2,0x56ab54a758,1005,7415,0,29,3396,8163,12.9929,8134,29,3396
107000,8192,0,0,0,27385856,0,27394048,0,8162,12.9927,8132,2,0xe41e2c2649,1022,7397,0,30,3426,8162,12.9927,8132,30,3426
108000,8192,0,0,0,27648000,0,27656192,0,8164,12.9932,8136,2,0x633e94b349,0,0,0,28,3454,8164,12.9932,8136,28,3454
109000,8192,0,0,0,27901952,0,27910144,0,8164,12.9932,8136,2,0xc44c26d224,969,7456,0,28,3482,8164,12.9932,8136,28,3482
110000,8192,0,0,0,28155904,0,28164096,0,8151,12.9900,8110,2,0x4e4fbd9b0e,969,7409,0,41,3523,8151,12.9900,8110,41,3523
111000,8192,0,0,0,28409856,0,28418048,0,8156,12.9912,8120,2,0x050f86f2c8,939,7413,0,36,3559,8156,12.9912,8120,36,3559
112000,8192,0,0,0,28672000,0,28680192,0,8157,12.9915,8122,2,0xa695c51440,0,0,0,35,3594,8157,12.9915,8122,35,3594
113000,8192,0,0,0,28925952,0,28934144,0,8156,12.9911,8121,3,0xa98f06e9b9,973,7417,0,35,3629,8156,12.9911,8121,35,3629
114000,8192,0,0,0,29179904,0,29188096,0,8167,12.9939,8142,2,0x9dab923cbb,966,7448,0,25,3654,8167,12.9939,8142,25,3654
115000,8192,0,0,0,29433856,0,29442048,0,8157,12.9915,8122,2,0xfc16348afc,1035,7395,0,35,3689,8157,12.9915,8122,35,3689
116000,8192,0,0,0,29696000,0,29704192,0,8154,12.9907,8116,2,0x2f03496b9c,0,0,0,38,3727,8154,12.9907,8116,38,3727
117000,8192,0,0,0,29949952,0,29958144,0,8157,12.9915,8122,2,0xafcce027d5,1015,7390,0,35,3762,8157,12.9915,8122,35,3762
118000,8192,0,0,0,30203904,0,30212096,0,8159,12.9919,8126,2,0x2462f59d96,981,7391,0,33,3795,8159,12.9919,8126,33,3795
119000,8192,0,0,0,30457856,0,30466048,0,8162,12.9927,8132,2,0x7d21ea68b2,986,7381,0,30,3825,8162,12.9927,8132,30,3825
120000,8192,0,0,0,30720000,0,30728192,0,8169,12.9944,8146,2,0x47d9175814,0,0,0,23,3848,8169,12.9944,8146,23,3848
121000,8192,0,0,0,30973952,0,30982144,0,8161,12.9924,8130,2,0xcc0dc92d45,956,7410,0,31,3879,8161,12.9924,8130,31,3879
122000,8192,0,0,0,31227904,0,31236096,0,8164,12.9931,8137,3,0x11978ba8a9,1003,7411,0,27,3906,8164,12.9931,8137,27,3906
123000,8192,0,0,0,31481856,0,31490048,0,8156,12.9912,8120,2,0x08e2ca9ccb,995,7447,0,36,3942,8156,12.9912,8120,36,3942
124000,8192,0,0,0,31744000,0,31752192,0,8165,12.9934,8138,2,0x5e4e5a38eb,0,0,0,27,3969,8165,12.9934,8138,27,3969
125000,8192,0,0,0,31997952,0,32006144,0,8163,12.9929,8134,2,0xf88917dec7,928,7455,0,29,3998,8163,12.9929,8134,29,3998
126000,8192,0,0,0,32251904,0,32260096,0,8156,12.9912,8120,2,0x819b7b498e,962,7433,0,36,4034,8156,12.9912,8120,36,4034
127000,8192,0,0,0,32505856,0,32514048,0,8163,12.9929,8134,2,0x44741f5e1b,1000,7407,0,29,4063,8163,12.9929,8134,29,4063
128000,8192,0,0,0,32768000,0,32776192,0,8157,12.9915,8122,2,0x26703ace42,0,0,0,35,4098,8157,12.9915,8122,35,4098
129000,8192,0,0,0,33021952,0,33030144,0,8150,12.9897,8108,2,0x73c96eb8e1,983,7420,0,42,4140,8150,12.9897,8108,42,4140
130000,8192,0,0,0,33275904,0,33284096,0,8155,12.9910,8118,2,0x3131d565d5,968,7428,0,37,4177,8155,12.9910,8118,37,4177
131000,8192,0,0,0,33529856,0,33538048,0,8165,12.9934,8138,2,0x2c63b3b747,1042,7446,0,27,4204,8165,12.9934,8138,27,4204
132000,8192,0,0,0,33792000,0,33800192,0,8163,12.9929,8134,2,0xb4f319ddba,0,0,0,29,4233,8163,12.9929,8134,29,4233
133000,8192,0,0,0,34045952,0,34054144,0,8161,12.9924,8130,2,0xeda7cf5ba3,984,7426,0,31,4264,8161,12.9924,8130,31,4264
134000,8192,0,0,0,34299904,0,34308096,0,8164,12.9932,8136,2,0x8cc1df2061,1000,7434,0,28,4292,8164,12.9932,8136,28,4292
135000,8192,0,0,0,34553856,0,34562048,0,8155,12.9910,8118,2,0x6a6614c70b,965,7423,0,37,4329,8155,12.9910,8118,37,4329
136000,8192,0,0,0,34816000,0,34824192,0,8159,12.9919,8126,2,0x1fab3c8c14,0,0,0,33,4362,8159,12.9919,8126,33,4362
137000,8192,0,0,0,35069952,0,35078144,0,8166,12.9937,8140,2,0xea91c09c2d,1005,7428,0,26,4388,8166,12.9937,8140,26,4388
138000,8192,0,0,0,35323904,0,35332096,0,8166,12.9937,8140,2,0x4b346e629b,968,7398,0,26,4414,8166,12.9937,8140,26,4414
139000,8192,0,0,0,35577856,0,35586048,0,8163,12.9929,8134,2,0xd4ab000e09,1022,7411,0,29,4443,8163,12.9929,8134,29,4443
140000,8192,0,0,0,35840000,0,35848192,0,8157,12.9915,8122,2,0xf9b6b8ca37,0,0,0,35,4478,8157,12.9915,8122,35,4478
141000,8192,0,0,0,36093952,0,36102144,0,8147,12.9890,8102,2,0x12ed8b7883,996,7388,0,45,4523,8147,12.9890,8102,45,4523
142000,8192,0,0,0,36347904,0,36356096,0,8169,12.9944,8146,2,0x6cdc0f71cd,1043,7392,0,23,4546,8169,12.9944,8146,23,4546
143000,8192,0,0,0,36601856,0,36610048,0,8149,12.9895,8106,2,0x882f3dcddb,1003,7424,0,43,4589,8149,12.9895,8106,43,4589
144000,8192,0,0,0,36864000,0,36872192,0,8160,12.9922,8128,2,0x2f08ff0809,0,0,0,32,4621,8160,12.9922,8128,32,4621
145000,8192,0,0,0,37117952,0,37126144,0,8148,12.9893,8104,2,0x12c9f9ca6d,1003,7435,0,44,4665,8148,12.9893,8104,44,4665
146000,8192,0,0,0,37371904,0,37380096,0,8162,12.9926,8133,3,0xa7dafa8705,987,7411,0,29,4694,8162,12.9926,8133,29,4694
147000,8192,0,0,0,37625856,0,37634048,0,8152,12.9902,8112,2,0x5ff1390464,963,7362,0,40,4734,8152,12.9902,8112,40,4734
148000,8192,0,0,0,37888000,0,37896192,0,8152,12.9902,8112,2,0x23358527ac,0,0,0,40,4774,8152,12.9902,8112,40,4774
149000,8192,0,0,0,38141952,0,38150144,0,8161,12.9924,8130,2,0xb5ea462d81,913,7413,0,31,4805,8161,12.9924,8130,31,4805
150000,8192,0,0,0,38395904,0,38404096,0,8149,12.9895,8106,2,0x6618e678f7,991,7438,0,43,4848,8149,12.9895,8106,43,4848
151000,8192,0,0,0,38649856,0,38658048,0,8152,12.9902,8112,2,0x95d5916104,924,7430,0,40,4888,8152,12.9902,8112,40,4888
152000,8192,0,0,0,38912000,0,38920192,0,8158,12.9917,8124,2,0xee6b9e699e,0,0,0,34,4922,8158,12.9917,8124,34,4922
153000,8192,0,0,0,39165952,0,39174144,0,8162,12.9927,8132,2,0x8335ecdc55,1000,7475,0,30,4952,8162,12.9927,8132,30,4952
154000,8192,0,0,0,39419904,0,39428096,0,8159,12.9919,8126,2,0x487bfc2358,1015,7411,0,33,4985,8159,12.9919,8126,33,4985
155000,8192,0,0,0,39673856,0,39682048,0,8168,12.9941,8144,2,0x95ac3a548e,959,7455,0,24,5009,8168,12.9941,8144,24,5009
156000,8192,0,0,0,39936000,0,39944192,0,8156,12.9912,8120,2,0x957da62a3f,0,0,0,36,5045,8156,12.9912,8120,36,5045
157000,8192,0,0,0,40189952,0,40198144,0,8157,12.9915,8122,2,0xd018a94c22,994,7444,0,35,5080,8157,12.9915,8122,35,5080
158000,8192,0,0,0,40443904,0,40452096,0,8165,12.9934,8138,2,0x40112fb7d9,955,7410,0,27,5107,8165,12.9934,8138,27,5107
159000,8192,0,0,0,40697856,0,40706048,0,8152,12.9902,8112,2,0xde0070a112,1017,7388,0,40,5147,8152,12.9902,8112,40,5147
160000,8192,0,0,0,40960000,0,40968192,0,8153,12.9905,8114,2,0xf46b1610a9,0,0,0,39,5186,8153,12.9905,8114,39,5186
161000,8192,0,0,0,41213952,0,41222144,0,8162,12.9927,8132,2,0x7ad9fe244e,996,7468,0,30,5216,8162,12.9927,8132,30,5216
162000,8192,0,0,0,41467904,0,41476096,0,8157,12.9915,8122,2,0xba9e5e1418,992,7415,0,35,5251,8157,12.9915,8122,35,5251
163000,8192,0,0,0,41721856,0,41730048,0,8157,12.9915,8122,2,0x24fd5aa7aa,948,7415,0,35,5286,8157,12.9915,8122,35,5286
164000,8192,0,0,0,41984000,0,41992192,0,8151,12.9900,8110,2,0xd02d27d307,0,0,0,41,5327,8151,12.9900,8110,41,5327
165000,8192,0,0,0,42237952,0,42246144,0,8169,12.9944,8146,2,0xd4e81d6d0a,948,7413,0,23,5350,8169,12.9944,8146,23,5350
166000,8192,0,0,0,42491904,0,42500096,0,8153,12.9905,8114,2,0x2d382c541e,998,7444,0,39,5389,8153,12.9905,8114,39,5389
167000,8192,0,0,0,42745856,0,42754048,0,8162,12.9927,8132,2,0x5559f6ecb8,964,7410,0,30,5419,8162,12.9927,8132,30,5419
168000,8192,0,0,0,43008000,0,43016192,0,8146,12.9888,8100,2,0x119d515c2e,0,0,0,46,5465,8146,12.9888,8100,46,5465
169000,8192,0,0,0,43261952,0,43270144,0,8163,12.9929,8134,2,0xb966ddb2b4,1011,7378,0,29,5494,8163,12.9929,8134,29,5494
170000,8192,0,0,0,43515904,0,43524096,0,8159,12.9919,8127,3,0x7775f80734,989,7453,0,32,5526,8159,12.9919,8127,32,5526
171000,8192,0,0,0,43769856,0,43778048,0,8161,12.9923,8131,3,0x4a3217a607,985,7401,0,30,5556,8161,12.9923,8131,30,5556
172000,8192,0,0,0,44032000,0,44040192,0,8162,12.9927,8132,2,0x3ebbf790cc,0,0,0,30,5586,8162,12.9927,8132,30,5586
173000,8192,0,0,0,44285952,0,44294144,0,8159,12.9919,8126,2,0x70a67e0884,973,7434,0,33,5619,8159,12.9919,8126,33,5619
174000,8192,0,0,0,44539904,0,44548096,0,8162,12.9927,8132,2,0xc8b41ee837,875,7433,0,30,5649,8162,12.9927,8132,30,5649
175000,8192,0,0,0,44793856,0,44802048,0,8160,12.9922,8128,2,0x2692838854,997,7407,0,32,5681,8160,12.9922,8128,32,5681
176000,8192,0,0,0,45056000,0,45064192,0,8164,12.9932,8136,2,0x0fcffe50bb,0,0,0,28,5709,8164,12.9932,8136,28,5709
177000,8192,0,0,0,45309952,0,45318144,0,8163,12.9929,8134,2,0x59493b1ede,998,7406,0,29,5738,8163,12.9929,8134,29,5738
178000,8192,0,0,0,45563904,0,45572096,0,8159,12.9919,8126,2,0x4a36c58462,979,7392,0,33,5771,8159,12.9919,8126,33,5771
179000,8192,0,0,0,45817856,0,45826048,0,8162,12.9927,8132,2,0x6ed32dcdb4,988,7447,0,30,5801,8162,12.9927,8132,30,5801
180000,8192,0,0,0,46080000,0,46088192,0,8159,12.9919,8127,3,0xfc1b6493b2,0,0,0,32,5833,8159,12.9919,8127,32,5833
181000,8192,0,0,0,46333952,0,46342144,0,8157,12.9915,8122,2,0x8492a2233b,970,7423,0,35,5868,8157,12.9915,8122,35,5868
182000,8192,0,0,0,46587904,0,46596096,0,8165,12.9934,8138,2,0x2350714710,989,7415,0,27,5895,8165,12.9934,8138,27,5895
183000,8192,0,0,0,46841856,0,46850048,0,8154,12.9907,8116,2,0x449ecf609c,1038,7401,0,38,5933,8154,12.9907,8116,38,5933
184000,8192,0,0,0,47104000,0,47112192,0,8167,12.9939,8142,2,0x029ffca525,0,0,0,25,5958,8167,12.9939,8142,25,5958
185000,8192,0,0,0,47357952,0,47366144,0,8159,12.9919,8126,2,0x179f1ae575,949,7414,0,33,5991,8159,12.9919,8126,33,5991
186000,8192,0,0,0,47611904,0,47620096,0,8162,12.9927,8132,2,0x80856cc07b,917,7445,0,30,6021,8162,12.9927,8132,30,6021
187000,8192,0,0,0,47865856,0,47874048,0,8162,12.9927,8132,2,0x71db7305e8,999,7432,0,30,6051,8162,12.9927,8132,30,6051
188000,8192,0,0,0,48128000,0,48136192,0,8152,12.9902,8112,2,0x72f50c074a,0,0,0,40,6091,8152,12.9902,8112,40,6091
189000,8192,0,0,0,48381952,0,48390144,0,8161,12.9924,8130,2,0x34018ad91b,968,7417,0,31,6122,8161,12.9924,8130,31,6122
190000,8192,0,0,0,48635904,0,48644096,0,8165,12.9934,8138,2,0x1bdc482212,979,7389,0,27,6149,8165,12.9934,8138,27,6149
191000,8192,0,0,0,48889856,0,48898048,0,8152,12.9902,8112,2,0xbf278b26b2,1022,7389,0,40,6189,8152,12.9902,8112,40,6189
192000,8192,0,0,0,49152000,0,49160192,0,8154,12.9907,8116,2,0x736e01130f,0,0,0,38,6227,8154,12.9907,8116,38,6227
193000,8192,0,0,0,49405952,0,49414144,0,8161,12.9924,8130,2,0x13b81c6c40,965,7444,0,31,6258,8161,12.9924,8130,31,6258
194000,8192,0,0,0,49659904,0,49668096,0,8157,12.9914,8123,3,0xcba9240cbc,1002,7386,0,34,6292,8157,12.9914,8123,34,6292
195000,8192,0,0,0,49913856,0,49922048,0,8155,12.9909,8119,3,0xe01e89474c,963,7461,0,36,6328,8155,12.9909,8119,36,6328
196000,8192,0,0,0,50176000,0,50184192,0,8142,12.9878,8092,2,0xdc42a1a305,0,0,0,50,6378,8142,12.9878,8092,50,6378
197000,8192,0,0,0,50429952,0,50438144,0,8162,12.9927,8132,2,0x2eea18b5c9,991,7429,0,30,6408,8162,12.9927,8132,30,6408
198000,8192,0,0,0,50683904,0,50692096,0,8168,12.9941,8144,2,0xa10859f44b,980,7461,0,24,6432,8168,12.9941,8144,24,6432
199000,8192,0,0,0,50937856,0,50946048,0,8166,12.9937,8140,2,0x70f8fb500b,1002,7431,0,26,6458,8166,12.9937,8140,26,6458
200000,8192,0,0,0,51200000,0,51208192,0,8161,12.9924,8130,2,0x92e5f69501,0,0,0,31,6489,8161,12.9924,8130,31,6489
201000,8192,0,0,0,51453952,0,51462144,0,8167,12.9939,8142,2,0xa67af7008b,998,7412,0,25,6514,8167,12.9939,8142,25,6514
202000,8192,0,0,0,51707904,0,51716096,0,8155,12.9910,8118,2,0x2f33076de6,968,7431,0,37,6551,8155,12.9910,8118,37,6551
203000,8192,0,0,0,51961856,0,51970048,0,8153,12.9905,8114,2,0x62d80df2ff,968,7408,0,39,6590,8153,12.9905,8114,39,6590
204000,8192,0,0,0,52224000,0,52232192,0,8166,12.9937,8140,2,0x1c83cf282a,0,0,0,26,6616,8166,12.9937,8140,26,6616
205000,8192,0,0,0,52477952,0,52486144,0,8172,12.9951,8152,2,0xdc79731dd6,1049,7472,0,20,6636,8172,12.9951,8152,20,6636
206000,8192,0,0,0,52731904,0,52740096,0,8169,12.9944,8146,2,0xbb5d0a939b,983,7424,0,23,6659,8169,12.9944,8146,23,6659
207000,8192,0,0,0,52985856,0,52994048,0,8163,12.9929,8134,2,0xb60e26a6d8,968,7408,0,29,6688,8163,12.9929,8134,29,6688
208000,8192,0,0,0,53248000,0,53256192,0,8151,12.9899,8111,3,0xaaec398ed8,0,0,0,40,6728,8151,12.9899,8111,40,6728
209000,8192,0,0,0,53501952,0,53510144,0,8165,12.9934,8138,2,0x0e07958ed7,953,7443,0,27,6755,8165,12.9934,8138,27,6755
210000,8192,0,0,0,53755904,0,53764096,0,8166,12.9937,8140,2,0x830860ee7e,976,7443,0,26,6781,8166,12.9937,8140,26,6781
211000,8192,0,0,0,54009856,0,54018048,0,8162,12.9927,8132,2,0xb6012d0e18,995,7427,0,30,6811,8162,12.9927,8132,30,6811
212000,8192,0,0,0,54272000,0,54280192,0,8169,12.9942,8148,3,0x150066885f,0,0,0,21,6832,8169,12.9942,8148,21,6832
213000,8192,0,0,0,54525952,0,54534144,0,8161,12.9924,8130,2,0xf6aaf0a9fc,922,7390,0,31,6863,8161,12.9924,8130,31,6863
214000,8192,0,0,0,54779904,0,54788096,0,8157,12.9915,8122,2,0xa957cff6bb,1005,7412,0,35,6898,8157,12.9915,8122,35,6898
215000,8192,0,0,0,55033856,0,55042048,0,8157,12.9915,8122,2,0xe259f9d4e4,966,7407,0,35,6933,8157,12.9915,8122,35,6933
216000,8192,0,0,0,55296000,0,55304192,0,8165,12.9934,8138,2,0x5d1ddde31b,0,0,0,27,6960,8165,12.9934,8138,27,6960
217000,8192,0,0,0,55549952,0,55558144,0,8170,12.9946,8148,2,0x58887f9064,985,7381,0,22,6982,8170,12.9946,8148,22,6982
218000,8192,0,0,0,55803904,0,55812096,0,8161,12.9922,8132,3,0x0780e91163,961,7396,0,29,7011,8161,12.9922,8132,29,7011
219000,8192,0,0,0,56057856,0,56066048,0,8155,12.9910,8118,2,0xd59073fe9c,960,7458,0,37,7048,8155,12.9910,8118,37,7048
220000,8192,0,0,0,56320000,0,56328192,0,8160,12.9922,8128,2,0x351a14f941,0,0,0,32,7080,8160,12.9922,8128,32,7080
221000,8192,0,0,0,56573952,0,56582144,0,8163,12.9929,8134,2,0x87a608306e,951,7408,0,29,7109,8163,12.9929,8134,29,7109
222000,8192,0,0,0,56827904,0,56836096,0,8165,12.9934,8138,2,0x301fe1d538,984,7406,0,27,7136,8165,12.9934,8138,27,7136
223000,8192,0,0,0,57081856,0,57090048,0,8166,12.9937,8140,2,0x25c4218b13,1016,7430,0,26,7162,8166,12.9937,8140,26,7162
224000,8192,0,0,0,57344000,0,57352192,0,8163,12.9929,8134,2,0x64bc82736a,0,0,0,29,7191,8163,12.9929,8134,29,7191
225000,8192,0,0,0,57597952,0,57606144,0,8167,12.9939,8142,2,0x1f5113af75,996,7379,0,25,7216,8167,12.9939,8142,25,7216
226000,8192,0,0,0,57851904,0,57860096,0,8168,12.9941,8144,2,0x843afcefd2,929,7411,0,24,7240,8168,12.9941,8144,24,7240
227000,8192,0,0,0,58105856,0,58114048,0,8169,12.9944,8146,2,0x362822193a,1015,7423,0,23,7263,8169,12.9944,8146,23,7263
228000,8192,0,0,0,58368000,0,58376192,0,8154,12.9907,8116,2,0x694b723c36,0,0,0,38,7301,8154,12.9907,8116,38,7301
229000,8192,0,0,0,58621952,0,58630144,0,8166,12.9937,8140,2,0x9544b0e39f,956,7445,0,26,7327,8166,12.9937,8140,26,7327
230000,8192,0,0,0,58875904,0,58884096,0,8167,12.9939,8142,2,0x9227cbc3e2,993,7432,0,25,7352,8167,12.9939,8142,25,7352
231000,8192,0,0,0,59129856,0,59138048,0,8150,12.9897,8108,2,0xd80d1d5233,949,7458,0,42,7394,8150,12.9897,8108,42,7394
232000,8192,0,0,0,59392000,0,59400192,0,8162,12.9927,8132,2,0xce9ba64409,0,0,0,30,7424,8162,12.9927,8132,30,7424
233000,8192,0,0,0,59645952,0,59654144,0,8157,12.9915,8122,2,0x761ae803cb,951,7440,0,35,7459,8157,12.9915,8122,35,7459
234000,8192,0,0,0,59899904,0,59908096,0,8158,12.9917,8124,2,0x17dce35f17,947,7407,0,34,7493,8158,12.9917,8124,34,7493
235000,8192,0,0,0,60153856,0,60162048,0,8158,12.9917,8124,2,0x52568a5e2d,981,7398,0,34,7527,8158,12.9917,8124,34,7527
236000,8192,0,0,0,60416000,0,60424192,0,8159,12.9919,8126,2,0x8219c6586e,0,0,0,33,7560,8159,12.9919,8126,33,7560
237000,8192,0,0,0,60669952,0,60678144,0,8164,12.9932,8136,2,0xfd4790a209,922,7460,0,28,7588,8164,12.9932,8136,28,7588
238000,8192,0,0,0,60923904,0,60932096,0,8155,12.9910,8118,2,0x3593dec5b8,921,7406,0,37,7625,8155,12.9910,8118,37,7625
239000,8192,0,0,0,61177856,0,61186048,0,8160,12.9922,8128,2,0xd652889ad4,1030,7410,0,32,7657,8160,12.9922,8128,32,7657
240000,8192,0,0,0,61440000,0,61448192,0,8165,12.9934,8138,2,0x51c5ec41f9,0,0,0,27,7684,8165,12.9934,8138,27,7684
241000,8192,0,0,0,61693952,0,61702144,0,8159,12.9919,8126,2,0x1b625ec2bf,1043,7417,0,33,7717,8159,12.9919,8126,33,7717
242000,8192,0,0,0,61947904,0,61956096,0,8161,12.9924,8130,2,0x69ef4e5be4,996,7400,0,31,7748,8161,12.9924,8130,31,7748
243000,8192,0,0,0,62201856,0,62210048,0,8156,12.9912,8120,2,0x92ab3a5e79,931,7404,0,36,7784,8156,12.9912,8120,36,7784
244000,8192,0,0,0,62464000,0,62472192,0,8168,12.9941,8144,2,0xe93dc24925,0,0,0,24,7808,8168,12.9941,8144,24,7808
245000,8192,0,0,0,62717952,0,62726144,0,8163,12.9929,8134,2,0xdfa12b4201,985,7440,0,29,7837,8163,12.9929,8134,29,7837
246000,8192,0,0,0,62971904,0,62980096,0,8165,12.9934,8138,2,0x506af765c4,1030,7453,0,27,7864,8165,12.9934,8138,27,7864
247000,8192,0,0,0,63225856,0,63234048,0,8155,12.9910,8118,2,0xdf351a8dbb,954,7374,0,37,7901,8155,12.9910,8118,37,7901
248000,8192,0,0,0,63488000,0,63496192,0,8168,12.9941,8144,2,0x9e9f986bcc,0,0,0,24,7925,8168,12.9941,8144,24,7925
249000,8192,0,0,0,63741952,0,63750144,0,8156,12.9912,8120,2,0x78fa0e8209,988,7425,0,36,7961,8156,12.9912,8120,36,7961
250000,8192,0,0,0,63995904,0,64004096,0,8164,12.9932,8136,2,0xa03c3dc52f,964,7426,0,28,7989,8164,12.9932,8136,28,7989
251000,8192,0,0,0,64249856,0,64258048,0,8162,12.9927,8132,2,0x07ab1f1e66,971,7407,0,30,8019,8162,12.9927,8132,30,8019
252000,8192,0,0,0,64512000,0,64520192,0,8161,12.9924,8130,2,0x01174806dd,0,0,0,31,8050,8161,12.9924,8130,31,8050
253000,8192,0,0,0,64765952,0,64774144,0,8157,12.9915,8122,2,0x7ad994cdc1,1006,7437,0,35,8085,8157,12.9915,8122,35,8085
254000,8192,0,0,0,65019904,0,65028096,0,8167,12.9939,8142,2,0x0cdea6cf05,977,7406,0,25,8110,8167,12.9939,8142,25,8110
255000,8192,0,0,0,65273856,0,65282048,0,8155,12.9910,8118,2,0xb38fc23c44,1037,7434,0,37,8147,8155,12.9910,8118,37,8147
256000,8192,0,0,0,65536000,0,65544192,0,8166,12.9937,8140,2,0xc4db22c739,0,0,0,26,8173,8166,12.9937,8140,26,8173
257000,8192,0,0,0,65789952,0,65798144,0,8162,12.9927,8132,2,0x9651781d23,956,7432,0,30,8203,8162,12.9927,8132,30,8203
258000,8192,0,0,0,66043904,0,66052096,0,8152,12.9902,8112,2,0xac0c227e9f,995,7450,0,40,8243,8152,12.9902,8112,40,8243
259000,8192,0,0,0,66297856,0,66306048,0,8159,12.9919,8126,2,0xd072fac4b3,995,7434,0,33,8276,8159,12.9919,8126,33,8276
260000,8192,0,0,0,66560000,0,66568192,0,8155,12.9910,8118,2,0x098a844ef5,0,0,0,37,8313,8155,12.9910,8118,37,8313
261000,8192,0,0,0,66813952,0,66822144,0,8162,12.9927,8132,2,0x5f9002c99d,1029,7371,0,30,8343,8162,12.9927,8132,30,8343
262000,8192,0,0,0,67067904,0,67076096,0,8168,12.9941,8144,2,0xc9da05dc54,979,7425,0,24,8367,8168,12.9941,8144,24,8367
263000,8192,0,0,0,67321856,0,67330048,0,8153,12.9905,8114,2,0x93b585557b,975,7448,0,39,8406,8153,12.9905,8114,39,8406
264000,8192,0,0,0,67584000,0,67592192,0,8168,12.9941,8144,2,0x5717f5c125,0,0,0,24,8430,8168,12.9941,8144,24,8430
265000,8192,0,0,0,67837952,0,67846144,0,8158,12.9917,8124,2,0xebb1294292,993,7364,0,34,8464,8158,12.9917,8124,34,8464
266000,8192,0,0,0,68091904,0,68100096,0,8168,12.9941,8144,2,0xdd4f453d8b,894,7417,0,24,8488,8168,12.9941,8144,24,8488
267000,8192,0,0,0,68345856,0,68354048,0,8160,12.9922,8128,2,0xcf7809086e,997,7431,0,32,8520,8160,12.9922,8128,32,8520
268000,8192,0,0,0,68608000,0,68616192,0,8166,12.9937,8140,2,0x8ffa840763,0,0,0,26,8546,8166,12.9937,8140,26,8546
269000,8192,0,0,0,68861952,0,68870144,0,8160,12.9922,8128,2,0xf4e601a646,1002,7469,0,32,8578,8160,12.9922,8128,32,8578
270000,8192,0,0,0,69115904,0,69124096,0,8155,12.9910,8118,2,0x2ea3d95693,1027,7425,0,37,8615,8155,12.9910,8118,37,8615
271000,8192,0,0,0,69369856,0,69378048,0,8167,12.9939,8142,2,0xcc3d5ad560,986,7423,0,25,8640,8167,12.9939,8142,25,8640
272000,8192,0,0,0,69632000,0,69640192,0,8155,12.9910,8118,2,0x14d60af9cc,0,0,0,37,8677,8155,12.9910,8118,37,8677
273000,8192,0,0,0,69885952,0,69894144,0,8163,12.9929,8134,2,0x3c20d18667,895,7423,0,29,8706,8163,12.9929,8134,29,8706
274000,8192,0,0,0,70139904,0,70148096,0,8150,12.9897,8108,2,0x85ec08abab,945,7418,0,42,8748,8150,12.9897,8108,42,8748
275000,8192,0,0,0,70393856,0,70402048,0,8164,12.9932,8136,2,0x1321c142d9,943,7417,0,28,8776,8164,12.9932,8136,28,8776
276000,8192,0,0,0,70656000,0,70664192,0,8156,12.9912,8120,2,0xc51fbbd5b8,0,0,0,36,8812,8156,12.9912,8120,36,8812
277000,8192,0,0,0,70909952,0,70918144,0,8158,12.9917,8124,2,0x5c278be29b,950,7390,0,34,8846,8158,12.9917,8124,34,8846
278000,8192,0,0,0,71163904,0,71172096,0,8162,12.9927,8132,2,0x76243eb568,988,7438,0,30,8876,8162,12.9927,8132,30,8876
279000,8192,0,0,0,71417856,0,71426048,0,8150,12.9897,8108,2,0x4e0aa4210d,978,7386,0,42,8918,8150,12.9897,8108,42,8918
280000,8192,0,0,0,71680000,0,71688192,0,8152,12.9902,8112,2,0xffe25c4f00,0,0,0,40,8958,8152,12.9902,8112,40,8958
281000,8192,0,0,0,71933952,0,71942144,0,8167,12.9939,8142,2,0xeb65ae448a,978,7409,0,25,8983,8167,12.9939,8142,25,8983
282000,8192,0,0,0,72187904,0,72196096,0,8163,12.9929,8134,2,0x3a33e15be9,985,7400,0,29,9012,8163,12.9929,8134,29,9012
283000,8192,0,0,0,72441856,0,72450048,0,8158,12.9917,8124,2,0x82e8d1dc40,998,7407,0,34,9046,8158,12.9917,8124,34,9046
284000,8192,0,0,0,72704000,0,72712192,0,8155,12.9910,8118,2,0x4926a52576,0,0,0,37,9083,8155,12.9910,8118,37,9083
285000,8192,0,0,0,72957952,0,72966144,0,8162,12.9927,8132,2,0x738ef46831,958,7422,0,30,9113,8162,12.9927,8132,30,9113
286000,8192,0,0,0,73211904,0,73220096,0,8158,12.9917,8124,2,0x7344ac653c,973,7413,0,34,9147,8158,12.9917,8124,34,9147
287000,8192,0,0,0,73465856,0,73474048,0,8154,12.9907,8116,2,0x1bebd194bb,1006,7397,0,38,9185,8154,12.9907,8116,38,9185
288000,8192,0,0,0,73728000,0,73736192,0,8167,12.9939,8142,2,0x3d039e4d47,0,0,0,25,9210,8167,12.9939,8142,25,9210
289000,8192,0,0,0,73981952,0,73990144,0,8162,12.9927,8132,2,0x0883b11926,977,7461,0,30,9240,8162,12.9927,8132,30,9240
290000,8192,0,0,0,74235904,0,74244096,0,8156,12.9912,8120,2,0x8ab9cf30a7,1004,7455,0,36,9276,8156,12.9912,8120,36,9276
291000,8192,0,0,0,74489856,0,74498048,0,8161,12.9924,8130,2,0x91fc323b08,1010,7405,0,31,9307,8161,12.9924,8130,31,9307
292000,8192,0,0,0,74752000,0,74760192,0,8158,12.9917,8124,2,0x752098aa08,0,0,0,34,9341,8158,12.9917,8124,34,9341
293000,8192,0,0,0,75005952,0,75014144,0,8162,12.9927,8132,2,0x74f1b052d0,937,7434,0,30,9371,8162,12.9927,8132,30,9371
294000,8192,0,0,0,75259904,0,75268096,0,8160,12.9922,8128,2,0x125e410e1b,1015,7394,0,32,9403,8160,12.9922,8128,32,9403
295000,8192,0,0,0,75513856,0,75522048,0,8163,12.9928,8135,3,0x8a8d73fb40,939,7438,0,28,9431,8163,12.9928,8135,28,9431
296000,8192,0,0,0,75776000,0,75784192,0,8147,12.9890,8102,2,0x6d57112d05,0,0,0,45,9476,8147,12.9890,8102,45,9476
297000,8192,0,0,0,76029952,0,76038144,0,8157,12.9915,8122,2,0x76080035fc,1027,7441,0,35,9511,8157,12.9915,8122,35,9511
298000,8192,0,0,0,76283904,0,76292096,0,8157,12.9915,8122,2,0x8ddace6ee4,937,7413,0,35,9546,8157,12.9915,8122,35,9546
299000,8192,0,0,0,76537856,0,76546048,0,8162,12.9926,8133,3,0x0c7c486798,996,7404,0,29,9575,8162,12.9926,8133,29,9575
300000,8192,0,0,0,76800000,0,76808192,0,8160,12.9922,8128,2,0x4257e917da,0,0,0,32,9607,8160,12.9922,8128,32,9607
301000,8192,0,0,0,77053952,0,77062144,0,8163,12.9929,8134,2,0xb988a5f7e9,998,7423,0,29,9636,8163,12.9929,8134,29,9636
302000,8192,0,0,0,77307904,0,77316096,0,8163,12.9929,8134,2,0x2e5633d0de,950,7413,0,29,9665,8163,12.9929,8134,29,9665
303000,8192,0,0,0,77561856,0,77570048,0,8167,12.9939,8142,2,0xe4306331c0,971,7438,0,25,9690,8167,12.9939,8142,25,9690
304000,8192,0,0,0,77824000,0,77832192,0,8161,12.9924,8130,2,0x80d3389b45,0,0,0,31,9721,8161,12.9924,8130,31,9721
305000,8192,0,0,0,78077952,0,78086144,0,8158,12.9917,8124,2,0x2b74dc5d40,1020,7438,0,34,9755,8158,12.9917,8124,34,9755
306000,8192,0,0,0,78331904,0,78340096,0,8154,12.9907,8116,2,0xba90eaa39c,1014,7446,0,38,9793,8154,12.9907,8116,38,9793
307000,8192,0,0,0,78585856,0,78594048,0,8169,12.9944,8146,2,0x05c2c995e8,943,7382,0,23,9816,8169,12.9944,8146,23,9816
308000,8192,0,0,0,78848000,0,78856192,0,8157,12.9915,8122,2,0x87e5efdbab,0,0,0,35,9851,8157,12.9915,8122,35,9851
309000,8192,0,0,0,79101952,0,79110144,0,8156,12.9912,8120,2,0xc1ff47aea8,985,7415,0,36,9887,8156,12.9912,8120,36,9887
310000,8192,0,0,0,79355904,0,79364096,0,8168,12.9941,8144,2,0xcdf1c679df,966,7372,0,24,9911,8168,12.9941,8144,24,9911
311000,8192,0,0,0,79609856,0,79618048,0,8168,12.9941,8144,2,0x0950ba231a,985,7405,0,24,9935,8168,12.9941,8144,24,9935
312000,8192,0,0,0,79872000,0,79880192,0,8162,12.9927,8132,2,0xb2794b0530,0,0,0,30,9965,8162,12.9927,8132,30,9965
313000,8192,0,0,0,80125952,0,80134144,0,8163,12.9929,8134,2,0x924318f125,966,7415,0,29,9994,8163,12.9929,8134,29,9994
314000,8192,0,0,0,80379904,0,80388096,0,8164,12.9932,8136,2,0xbb8981e990,952,7442,0,28,10022,8164,12.9932,8136,28,10022
315000,8192,0,0,0,80633856,0,80642048,0,8164,12.9931,8137,3,0x8091a34549,994,7407,0,27,10049,8164,12.9931,8137,27,10049
316000,8192,0,0,0,80896000,0,80904192,0,8158,12.9917,8124,2,0xa83d8180c3,0,0,0,34,10083,8158,12.9917,8124,34,10083
317000,8192,0,0,0,81149952,0,81158144,0,8160,12.9922,8128,2,0xb6f8990568,952,7416,0,32,10115,8160,12.9922,8128,32,10115
318000,8192,0,0,0,81403904,0,81412096,0,8165,12.9934,8138,2,0xc26e784251,933,7412,0,27,10142,8165,12.9934,8138,27,10142
319000,8192,0,0,0,81657856,0,81666048,0,8152,12.9902,8112,2,0x7fbbba628b,999,7428,0,40,10182,8152,12.9902,8112,40,10182
320000,8192,0,0,0,81920000,0,81928192,0,8162,12.9927,8132,2,0x1276f63689,0,0,0,30,10212,8162,12.9927,8132,30,10212
321000,8192,0,0,0,82173952,0,82182144,0,8168,12.9941,8144,2,0x8c6896ce13,993,7433,0,24,10236,8168,12.9941,8144,24,10236
322000,8192,0,0,0,82427904,0,82436096,0,8168,12.9941,8144,2,0x95d039af5a,982,7425,0,24,10260,8168,12.9941,8144,24,10260
323000,8192,0,0,0,82681856,0,82690048,0,8156,12.9912,8120,2,0x0eab501682,995,7451,0,36,10296,8156,12.9912,8120,36,10296
324000,8192,0,0,0,82944000,0,82952192,0,8159,12.9919,8126,2,0x6433c04500,0,0,0,33,10329,8159,12.9919,8126,33,10329
325000,8192,0,0,0,83197952,0,83206144,0,8154,12.9907,8116,2,0xb164429b84,965,7432,0,38,10367,8154,12.9907,8116,38,10367
326000,8192,0,0,0,83451904,0,83460096,0,8154,12.9907,8116,2,0x90c800f9de,958,7439,0,38,10405,8154,12.9907,8116,38,10405
327000,8192,0,0,0,83705856,0,83714048,0,8155,12.9910,8118,2,0x286c398845,992,7433,0,37,10442,8155,12.9910,8118,37,10442
328000,8192,0,0,0,83968000,0,83976192,0,8162,12.9927,8132,2,0x501349bc7a,0,0,0,30,10472,8162,12.9927,8132,30,10472
329000,8192,0,0,0,84221952,0,84230144,0,8159,12.9919,8126,2,0x73a580f1bd,999,7419,0,33,10505,8159,12.9919,8126,33,10505
330000,8192,0,0,0,84475904,0,84484096,0,8166,12.9937,8140,2,0xf7c0d9203f,925,7407,0,26,10531,8166,12.9937,8140,26,10531
331000,8192,0,0,0,84729856,0,84738048,0,8155,12.9909,8119,3,0xd6f18f4946,947,7463,0,36,10567,8155,12.9909,8119,36,10567
332000,8192,0,0,0,84992000,0,85000192,0,8153,12.9905,8114,2,0xe81493569a,0,0,0,39,10606,8153,12.9905,8114,39,10606
333000,8192,0,0,0,85245952,0,85254144,0,8160,12.9922,8128,2,0x54a66a567b,982,7425,0,32,10638,8160,12.9922,8128,32,10638
334000,8192,0,0,0,85499904,0,85508096,0,8161,12.9924,8130,2,0xb2788579de,931,7437,0,31,10669,8161,12.9924,8130,31,10669
335000,8192,0,0,0,85753856,0,85762048,0,8163,12.9929,8134,2,0x4ee6c32d64,959,7405,0,29,10698,8163,12.9929,8134,29,10698
336000,8192,0,0,0,86016000,0,86024192,0,8156,12.9912,8120,2,0x5b732de7e2,0,0,0,36,10734,8156,12.9912,8120,36,10734
337000,8192,0,0,0,86269952,0,86278144,0,8162,12.9927,8132,2,0x6b724d1e26,991,7452,0,30,10764,8162,12.9927,8132,30,10764
338000,8192,0,0,0,86523904,0,86532096,0,8155,12.9910,8118,2,0xa02a5a36df,933,7392,0,37,10801,8155,12.9910,8118,37,10801
339000,8192,0,0,0,86777856,0,86786048,0,8163,12.9929,8134,2,0xb4eea901f8,1011,7355,0,29,10830,8163,12.9929,8134,29,10830
340000,8192,0,0,0,87040000,0,87048192,0,8154,12.9907,8116,2,0xe697464b0f,0,0,0,38,10868,8154,12.9907,8116,38,10868
341000,8192,0,0,0,87293952,0,87302144,0,8145,12.9885,8098,2,0x506000d341,977,7380,0,47,10915,8145,12.9885,8098,47,10915
342000,8192,0,0,0,87547904,0,87556096,0,8155,12.9910,8118,2,0xcab280ca24,918,7435,0,37,10952,8155,12.9910,8118,37,10952
343000,8192,0,0,0,87801856,0,87810048,0,8153,12.9905,8114,2,0xaa2d24b314,944,7419,0,39,10991,8153,12.9905,8114,39,10991
344000,8192,0,0,0,88064000,0,88072192,0,8164,12.9932,8136,2,0xe2172b44ea,0,0,0,28,11019,8164,12.9932,8136,28,11019
345000,8192,0,0,0,88317952,0,88326144,0,8160,12.9922,8128,2,0x009fadaadc,923,7431,0,32,11051,8160,12.9922,8128,32,11051
346000,8192,0,0,0,88571904,0,88580096,0,8154,12.9907,8116,2,0x264e764a31,1005,7452,0,38,11089,8154,12.9907,8116,38,11089
347000,8192,0,0,0,88825856,0,88834048,0,8162,12.9927,8132,2,0x8f2452299a,952,7413,0,30,11119,8162,12.9927,8132,30,11119
348000,8192,0,0,0,89088000,0,89096192,0,8165,12.9934,8138,2,0x47e09f6bfb,0,0,0,27,11146,8165,12.9934,8138,27,11146
349000,8192,0,0,0,89341952,0,89350144,0,8159,12.9919,8126,2,0x7c87d54f7d,953,7394,0,33,11179,8159,12.9919,8126,33,11179
350000,8192,0,0,0,89595904,0,89604096,0,8155,12.9910,8118,2,0x538b4c3a9b,971,7401,0,37,11216,8155,12.9910,8118,37,11216
351000,8192,0,0,0,89849856,0,89858048,0,8162,12.9927,8132,2,0x2c707152df,973,7386,0,30,11246,8162,12.9927,8132,30,11246
352000,8192,1,1,0,90111999,1,90120191,0,8155,12.9910,8118,2,0xc256a0dd49,0,1,0,37,11283,8155,12.9910,8118,37,11283
353000,8192,1,1,0,90365952,1,90374144,0,8146,12.9888,8100,2,0x68f8cb13b5,1023,7398,0,46,11329,8146,12.9888,8100,46,11329
354000,8192,1,1,0,90619904,1,90628096,0,8161,12.9924,8130,2,0x610619b07b,996,7453,0,31,11360,8161,12.9924,8130,31,11360
355000,8192,1,1,0,90873856,1,90882048,0,8153,12.9905,8114,2,0xb4f0844d42,1025,7411,0,39,11399,8153,12.9905,8114,39,11399
356000,8192,1,1,0,91135999,1,91144191,0,8169,12.9944,8146,2,0x9384bb4b47,0,1,0,23,11422,8169,12.9944,8146,23,11422
357000,8192,1,1,0,91389952,1,91398144,0,8164,12.9932,8136,2,0x8fa4597598,1008,7402,0,28,11450,8164,12.9932,8136,28,11450
358000,8192,1,1,0,91643904,1,91652096,0,8156,12.9912,8120,2,0xf7c600c470,970,7377,0,36,11486,8156,12.9912,8120,36,11486
359000,8192,1,1,0,91897856,1,91906048,0,8151,12.9900,8110,2,0x906fa33e5d,946,7421,0,41,11527,8151,12.9900,8110,41,11527
360000,8192,1,1,0,92159999,1,92168191,0,8157,12.9915,8122,2,0xb7b6a40cec,0,1,0,35,11562,8157,12.9915,8122,35,11562
361000,8192,1,1,0,92413952,1,92422144,0,8161,12.9924,8130,2,0x74bb572f4a,972,7417,0,31,11593,8161,12.9924,8130,31,11593
362000,8192,1,1,0,92667904,1,92676096,0,8168,12.9940,8145,3,0xa52754e6cf,1008,7392,0,23,11616,8168,12.9940,8145,23,11616
363000,8192,1,1,0,92921856,1,92930048,0,8163,12.9929,8134,2,0xc484e1c967,1022,7462,0,29,11645,8163,12.9929,8134,29,11645
364000,8192,1,1,0,93183999,1,93192191,0,8159,12.9919,8127,3,0xbc5a08b78e,0,1,0,32,11677,8159,12.9919,8127,32,11677
365000,8192,1,1,0,93437952,1,93446144,0,8155,12.9910,8118,2,0x7c23421a2e,957,7405,0,37,11714,8155,12.9910,8118,37,11714
366000,8192,1,1,0,93691904,1,93700096,0,8161,12.9924,8130,2,0x63f182c35f,997,7460,0,31,11745,8161,12.9924,8130,31,11745
367000,8192,1,1,0,93945856,1,93954048,0,8160,12.9922,8128,2,0x3d57cd9253,1074,7435,0,32,11777,8160,12.9922,8128,32,11777
368000,8192,1,1,0,94207999,1,94216191,0,8167,12.9939,8142,2,0x24fdf6057c,0,1,0,25,11802,8167,12.9939,8142,25,11802
369000,8192,1,1,0,94461952,1,94470144,0,8158,12.9917,8124,2,0x69e2e15423,1016,7430,0,34,11836,8158,12.9917,8124,34,11836
370000,8192,1,1,0,94715904,1,94724096,0,8156,12.9912,8120,2,0x9edf88f383,1003,7397,0,36,11872,8156,12.9912,8120,36,11872
371000,8192,1,1,0,94969856,1,94978048,0,8149,12.9895,8106,2,0xd299e400b7,963,7391,0,43,11915,8149,12.9895,8106,43,11915
372000,8192,1,1,0,95231999,1,95240191,0,8155,12.9910,8118,2,0x263a0f3228,0,1,0,37,11952,8155,12.9910,8118,37,11952
373000,8192,1,1,0,95485952,1,95494144,0,8170,12.9946,8148,2,0x54a6388ef7,976,7431,0,22,11974,8170,12.9946,8148,22,11974
374000,8192,1,1,0,95739904,1,95748096,0,8168,12.9941,8144,2,0x2ec9812268,961,7405,0,24,11998,8168,12.9941,8144,24,11998
375000,8192,1,1,0,95993856,1,96002048,0,8161,12.9924,8130,2,0x74e8991200,1018,7429,0,31,12029,8161,12.9924,8130,31,12029
376000,8192,1,1,0,96255999,1,96264191,0,8161,12.9924,8130,2,0x4d1584da8e,0,0,0,31,12060,8161,12.9924,8130,31,12060
377000,8192,1,1,0,96509952,1,96518144,0,8160,12.9922,8128,2,0x8018c934be,943,7453,0,32,12092,8160,12.9922,8128,32,12092
378000,8192,1,1,0,96763904,1,96772096,0,8158,12.9917,8124,2,0xd454d70756,981,7402,0,34,12126,8158,12.9917,8124,34,12126
379000,8192,1,1,0,97017856,1,97026048,0,8162,12.9927,8132,2,0x593c974958,1006,7411,0,30,12156,8162,12.9927,8132,30,12156
380000,8192,1,1,0,97279999,1,97288191,0,8160,12.9922,8128,2,0xfeffc28173,1,1,0,32,12188,8160,12.9922,8128,32,12188
381000,8192,1,1,0,97533952,1,97542144,0,8145,12.9885,8098,2,0x818afe82a0,1008,7433,0,47,12235,8145,12.9885,8098,47,12235
382000,8192,1,1,0,97787904,1,97796096,0,8151,12.9900,8110,2,0x03849a8f65,979,7433,0,41,12276,8151,12.9900,8110,41,12276
383000,8192,1,1,0,98041856,1,98050048,0,8156,12.9911,8121,3,0xfc70ee27c3,1008,7423,0,35,12311,8156,12.9911,8121,35,12311
384000,8192,1,1,0,98303999,1,98312191,0,8158,12.9917,8124,2,0x866d73cc55,1,1,0,34,12345,8158,12.9917,8124,34,12345
385000,8192,1,1,0,98557952,1,98566144,0,8164,12.9932,8136,2,0x7304e05a43,935,7446,0,28,12373,8164,12.9932,8136,28,12373
386000,8192,1,1,0,98811904,1,98820096,0,8151,12.9900,8110,2,0x9254e26a05,951,7395,0,41,12414,8151,12.9900,8110,41,12414
387000,8192,1,1,0,99065856,1,99074048,0,8153,12.9905,8114,2,0x40c0cc7fcd,962,7407,0,39,12453,8153,12.9905,8114,39,12453
388000,8192,1,1,0,99327999,1,99336191,0,8164,12.9932,8136,2,0xa50ba68d22,0,1,0,28,12481,8164,12.9932,8136,28,12481
389000,8192,1,1,0,99581952,1,99590144,0,8150,12.9897,8108,2,0x5839761ee9,981,7453,0,42,12523,8150,12.9897,8108,42,12523
390000,8192,1,1,0,99835904,1,99844096,0,8161,12.9923,8131,3,0x8fb424de4a,955,7396,0,30,12553,8161,12.9923,8131,30,12553
391000,8192,1,1,0,100089856,1,100098048,0,8149,12.9895,8106,2,0x7adcbdd4d3,1011,7410,0,43,12596,8149,12.9895,8106,43,12596
392000,8192,1,1,0,100351999,1,100360191,0,8164,12.9932,8136,2,0x1059de840b,0,1,0,28,12624,8164,12.9932,8136,28,12624
393000,8192,1,1,0,100605952,1,100614144,0,8154,12.9907,8116,2,0x931173fe44,972,7376,0,38,12662,8154,12.9907,8116,38,12662
394000,8192,1,1,0,100859904,1,100868096,0,8168,12.9941,8144,2,0xf17b8ad301,994,7436,0,24,12686,8168,12.9941,8144,24,12686
395000,8192,1,1,0,101113856,1,101122048,0,8166,12.9937,8140,2,0x18970e1edd,977,7391,0,26,12712,8166,12.9937,8140,26,12712
396000,8192,2,2,0,101375998,2,101384190,0,8149,12.9895,8106,2,0xf1e3e000d4,1,1,0,43,12755,8149,12.9895,8106,43,12755
397000,8192,2,2,0,101629951,2,101638143,0,8167,12.9939,8142,2,0x30da3eeca2,992,7455,0,25,12780,8167,12.9939,8142,25,12780
398000,8192,2,2,0,101883904,2,101892096,0,8160,12.9922,8128,2,0x90b88ff6e7,970,7409,0,32,12812,8160,12.9922,8128,32,12812
399000,8192,2,2,0,102137856,2,102146048,0,8159,12.9919,8126,2,0x4ff223a76a,1038,7396,0,33,12845,8159,12.9919,8126,33,12845
400000,8192,2,2,0,102399998,2,102408190,0,8161,12.9923,8131,3,0x6fb6db4128,0,1,0,30,12875,8161,12.9923,8131,30,12875
401000,8192,2,2,0,102653951,2,102662143,0,8152,12.9902,8112,2,0x9e58edebc5,986,7421,0,40,12915,8152,12.9902,8112,40,12915
402000,8192,2,2,0,102907904,2,102916096,0,8158,12.9917,8124,2,0xab1a60290c,1001,7406,0,34,12949,8158,12.9917,8124,34,12949
403000,8192,2,2,0,103161856,2,103170048,0,8155,12.9910,8118,2,0xe9a84a7e58,1031,7400,0,37,12986,8155,12.9910,8118,37,12986
404000,8192,2,2,0,103423998,2,103432190,0,8158,12.9917,8124,2,0x7b728ccc28,0,2,0,34,13020,8158,12.9917,8124,34,13020
405000,8192,2,2,0,103677951,2,103686143,0,8157,12.9915,8122,2,0x10a9a063a2,950,7368,0,35,13055,8157,12.9915,8122,35,13055
406000,8192,2,2,0,103931904,2,103940096,0,8160,12.9922,8128,2,0xb6773f1581,977,7426,0,32,13087,8160,12.9922,8128,32,13087
407000,8192,2,2,0,104185856,2,104194048,0,8159,12.9919,8126,2,0x698941d080,1008,7420,0,33,13120,8159,12.9919,8126,33,13120
408000,8192,2,2,0,104447998,2,104456190,0,8155,12.9910,8118,2,0x8a91a10be3,1,2,0,37,13157,8155,12.9910,8118,37,13157
409000,8192,2,2,0,104701951,2,104710143,0,8167,12.9939,8142,2,0x7ca39c2876,974,7404,0,25,13182,8167,12.9939,8142,25,13182
410000,8192,2,2,0,104955904,2,104964096,0,8170,12.9946,8148,2,0xf4cceaa1c5,1003,7412,0,22,13204,8170,12.9946,8148,22,13204
411000,8192,2,2,0,105209856,2,105218048,0,8162,12.9927,8132,2,0xd80233f1e6,1002,7402,0,30,13234,8162,12.9927,8132,30,13234
412000,8192,2,2,0,105471998,2,105480190,0,8157,12.9915,8122,2,0x0c5d782b34,1,2,0,35,13269,8157,12.9915,8122,35,13269
413000,8192,2,2,0,105725951,2,105734143,0,8165,12.9934,8138,2,0x1230007cc2,997,7406,0,27,13296,8165,12.9934,8138,27,13296
414000,8192,2,2,0,105979904,2,105988096,0,8169,12.9944,8146,2,0x06e8fc3a18,989,7444,0,23,13319,8169,12.9944,8146,23,13319
415000,8192,2,2,0,106233856,2,106242048,0,8149,12.9895,8106,2,0x780fe76b7c,984,7450,0,43,13362,8149,12.9895,8106,43,13362
416000,8192,2,2,0,106495998,2,106504190,0,8161,12.9924,8130,2,0x05d7e0e74e,0,2,0,31,13393,8161,12.9924,8130,31,13393
417000,8192,2,2,0,106749951,2,106758143,0,8155,12.9909,8119,3,0xc1e7558bbb,962,7410,0,36,13429,8155,12.9909,8119,36,13429
418000,8192,2,2,0,107003904,2,107012096,0,8148,12.9893,8104,2,0xc5968c390b,1008,7409,0,44,13473,8148,12.9893,8104,44,13473
419000,8192,2,2,0,107257856,2,107266048,0,8162,12.9927,8132,2,0x3a9bdefb71,966,7430,0,30,13503,8162,12.9927,8132,30,13503
420000,8192,2,2,0,107519998,2,107528190,0,8163,12.9929,8134,2,0xa078d13c3c,1,2,0,29,13532,8163,12.9929,8134,29,13532
421000,8192,2,2,0,107773951,2,107782143,0,8166,12.9937,8140,2,0xcbf7f773c7,949,7437,0,26,13558,8166,12.9937,8140,26,13558
422000,8192,2,2,0,108027904,2,108036096,0,8156,12.9912,8120,2,0x4833b5e078,974,7431,0,36,13594,8156,12.9912,8120,36,13594
423000,8192,2,2,0,108281856,2,108290048,0,8159,12.9919,8126,2,0xb77a14ee89,958,7394,0,33,13627,8159,12.9919,8126,33,13627
424000,8192,2,2,0,108543998,2,108552190,0,8149,12.9895,8106,2,0x646b8cce7d,1,2,0,43,13670,8149,12.9895,8106,43,13670
425000,8192,2,2,0,108797951,2,108806143,0,8157,12.9915,8122,2,0xc05510fc3c,967,7383,0,35,13705,8157,12.9915,8122,35,13705
426000,8192,2,2,0,109051904,2,109060096,0,8150,12.9897,8109,3,0xe37a2bcede,949,7389,0,41,13746,8150,12.9897,8109,41,13746
427000,8192,2,2,0,109305856,2,109314048,0,8154,12.9906,8117,3,0x04d966aeaa,1003,7388,0,37,13783,8154,12.9906,8117,37,13783
428000,8192,2,2,0,109567998,2,109576190,0,8174,12.9956,8156,2,0x80d76e1512,0,2,0,18,13801,8174,12.9956,8156,18,13801
429000,8192,2,2,0,109821951,2,109830143,0,8159,12.9919,8126,2,0x36eaa039c0,999,7449,0,33,13834,8159,12.9919,8126,33,13834
430000,8192,2,2,0,110075904,2,110084096,0,8162,12.9927,8132,2,0x0c9bf8e61e,963,7434,0,30,13864,8162,12.9927,8132,30,13864
431000,8192,2,2,0,110329856,2,110338048,0,8159,12.9919,8126,2,0x24e79ebf26,1008,7451,0,33,13897,8159,12.9919,8126,33,13897
432000,8192,2,2,0,110591998,2,110600190,0,8156,12.9912,8120,2,0xf8108ff061,1,1,0,36,13933,8156,12.9912,8120,36,13933
433000,8192,2,2,0,110845951,2,110854143,0,8151,12.9900,8110,2,0xc2273006fa,959,7407,0,41,13974,8151,12.9900,8110,41,13974
434000,8192,2,2,0,111099904,2,111108096,0,8148,12.9893,8104,2,0x8269f41874,1001,7443,0,44,14018,8148,12.9893,8104,44,14018
435000,8192,2,2,0,111353856,2,111362048,0,8153,12.9905,8114,2,0x9d3b59ee82,1009,7431,0,39,14057,8153,12.9905,8114,39,14057
436000,8192,2,2,0,111615998,2,111624190,0,8166,12.9937,8140,2,0x57a210bfcd,0,2,0,26,14083,8166,12.9937,8140,26,14083
437000,8192,2,2,0,111869951,2,111878143,0,8160,12.9922,8128,2,0xd2e55eba4b,969,7469,0,32,14115,8161,12.9924,8130,31,14114
438000,8192,2,2,0,112123904,2,112132096,0,8165,12.9934,8138,2,0xa11fe4f91a,930,7457,0,27,14142,8165,12.9934,8138,27,14141
439000,8192,2,2,0,112377856,2,112386048,0,8156,12.9912,8120,2,0xa0c4dfab63,945,7402,0,36,14178,8156,12.9912,8120,36,14177
440000,8192,2,2,0,112639998,2,112648190,0,8145,12.9885,8098,2,0x8ee801652a,1,2,0,47,14225,8145,12.9885,8098,47,14224
441000,8192,2,2,0,112893951,2,112902143,0,8146,12.9888,8100,2,0xace70318d8,972,7435,0,46,14271,8146,12.9888,8100,46,14270
442000,8192,2,2,0,113147904,2,113156096,0,8153,12.9905,8114,2,0x0d3588efc0,954,7441,0,39,14310,8153,12.9905,8114,39,14309
443000,8192,2,2,0,113401856,2,113410048,0,8160,12.9922,8128,2,0x14a9d4f4b4,997,7436,0,32,14342,8160,12.9922,8128,32,14341
444000,8192,2,2,0,113663998,2,113672190,0,8162,12.9927,8132,2,0xfa51934ca0,0,2,0,30,14372,8162,12.9927,8132,30,14371
445000,8192,2,2,0,113917951,2,113926143,0,8158,12.9917,8124,2,0x2fa54042e5,932,7396,0,34,14406,8158,12.9917,8124,34,14405
446000,8192,2,2,0,114171904,2,114180096,0,8155,12.9910,8118,2,0x324e73aae1,937,7398,0,37,14443,8155,12.9910,8118,37,14442
447000,8192,2,2,0,114425856,2,114434048,0,8167,12.9939,8142,2,0x923b2fa0d7,959,7415,0,25,14468,8167,12.9939,8142,25,14467
448000,8192,2,2,0,114687998,2,114696190,0,8159,12.9919,8126,2,0xf6597a2de6,0,2,0,33,14501,8159,12.9919,8126,33,14500
449000,8192,2,2,0,114941951,2,114950143,0,8153,12.9905,8114,2,0x70619159cc,988,7403,0,39,14540,8153,12.9905,8114,39,14539
450000,8192,2,2,0,115195904,2,115204096,0,8158,12.9917,8124,2,0x96e7fe5706,1008,7442,0,34,14574,8158,12.9917,8124,34,14573
451000,8192,2,2,0,115449856,2,115458048,0,8168,12.9941,8144,2,0x7f4546ecb5,945,7414,0,24,14598,8168,12.9941,8144,24,14597
452000,8192,2,2,0,115711998,2,115720190,0,8162,12.9927,8132,2,0x9783bbd047,0,0,0,30,14628,8162,12.9927,8132,30,14627
453000,8192,2,2,0,115965951,2,115974143,0,8155,12.9910,8118,2,0xd9c8bd3945,1023,7446,0,37,14665,8155,12.9910,8118,37,14664
454000,8192,2,2,0,116219904,2,116228096,0,8153,12.9905,8114,2,0x243f49e34d,955,7450,0,39,14704,8153,12.9905,8114,39,14703
455000,8192,2,2,0,116473856,2,116482048,0,8153,12.9905,8114,2,0x09702ab9ad,967,7470,0,39,14743,8153,12.9905,8114,39,14742
456000,8192,2,2,0,116735998,2,116744190,0,8165,12.9934,8138,2,0xfaa4140735,1,1,0,27,14770,8165,12.9934,8138,27,14769
457000,8192,2,2,0,116989951,2,116998143,0,8156,12.9912,8120,2,0xbfb7d02aa6,944,7395,0,36,14806,8156,12.9912,8120,36,14805
458000,8192,2,2,0,117243904,2,117252096,0,8157,12.9915,8122,2,0xfb75fa6346,924,7345,0,35,14841,8157,12.9915,8122,35,14840
459000,8192,2,2,0,117497856,2,117506048,0,8164,12.9932,8136,2,0x49b4e5f9e8,1001,7444,0,28,14869,8164,12.9932,8136,28,14868
460000,8192,2,2,0,117759998,2,117768190,0,8162,12.9927,8132,2,0x81486f4e45,0,2,0,30,14899,8162,12.9927,8132,30,14898
461000,8192,2,2,0,118013951,2,118022143,0,8162,12.9927,8132,2,0xdebe20ae37,943,7400,0,30,14929,8162,12.9927,8132,30,14928
462000,8192,2,2,0,118267904,2,118276096,0,8158,12.9915,8126,3,0x616c815b97,969,7419,0,32,14961,8158,12.9915,8126,32,14960
463000,8192,2,2,0,118521856,2,118530048,0,8176,12.9961,8160,2,0x723de12b6f,988,7421,0,16,14977,8176,12.9961,8160,16,14976
464000,8192,2,2,0,118783998,2,118792190,0,8160,12.9922,8128,2,0x0e83afe8d0,0,2,0,32,15009,8160,12.9922,8128,32,15008
465000,8192,2,2,0,119037951,2,119046143,0,8151,12.9900,8110,2,0xfdfe017e28,976,7463,0,41,15050,8151,12.9900,8110,41,15049
466000,8192,2,2,0,119291904,2,119300096,0,8165,12.9934,8138,2,0xb73cda0dce,954,7434,0,27,15077,8165,12.9934,8138,27,15076
467000,8192,2,2,0,119545856,2,119554048,0,8154,12.9907,8116,2,0xa5db1a49fc,942,7404,0,38,15115,8154,12.9907,8116,38,15114
468000,8192,2,2,0,119807998,2,119816190,0,8158,12.9917,8124,2,0x1de5023fc9,0,2,0,34,15149,8158,12.9917,8124,34,15148
469000,8192,2,2,0,120061951,2,120070143,0,8164,12.9932,8136,2,0xda3cd11f7e,953,7424,0,28,15177,8164,12.9932,8136,28,15176
470000,8192,2,2,0,120315904,2,120324096,0,8159,12.9919,8126,2,0xe922f6e8af,999,7389,0,33,15210,8159,12.9919,8126,33,15209
471000,8192,2,2,0,120569856,2,120578048,0,8165,12.9934,8138,2,0x63aed5f0e6,967,7410,0,27,15237,8165,12.9934,8138,27,15236
472000,8192,2,2,0,120831998,2,120840190,0,8153,12.9905,8114,2,0x2b14e0a1d6,0,2,0,39,15276,8153,12.9905,8114,39,15275
473000,8192,2,2,0,121085951,2,121094143,0,8160,12.9922,8128,2,0x3d35ee2839,986,7392,0,32,15308,8160,12.9922,8128,32,15307
474000,8192,2,2,0,121339904,2,121348096,0,8164,12.9932,8136,2,0x860ce1e0e5,991,7384,0,28,15336,8164,12.9932,8136,28,15335
475000,8192,2,2,0,121593856,2,121602048,0,8155,12.9910,8118,2,0xe931d5f664,950,7365,0,37,15373,8155,12.9910,8118,37,15372
476000,8192,2,2,0,121855998,2,121864190,0,8170,12.9946,8148,2,0xe6b7eb115c,0,2,0,22,15395,8170,12.9946,8148,22,15394
477000,8192,2,2,0,122109951,2,122118143,0,8165,12.9934,8138,2,0x208a3aadfc,996,7442,0,27,15422,8165,12.9934,8138,27,15421
478000,8192,2,2,0,122363904,2,122372096,0,8161,12.9924,8130,2,0x69ddda62c2,1019,7409,0,31,15453,8161,12.9924,8130,31,15452
479000,8192,2,2,0,122617856,2,122626048,0,8164,12.9932,8136,2,0xdd724a456d,973,7392,0,28,15481,8164,12.9932,8136,28,15480
480000,8192,2,2,0,122879998,2,122888190,0,8170,12.9946,8148,2,0x26365a0979,0,1,0,22,15503,8170,12.9946,8148,22,15502
481000,8192,2,2,0,123133951,2,123142143,0,8150,12.9897,8108,2,0xf6a1dcc491,980,7415,0,42,15545,8150,12.9897,8108,42,15544
482000,8192,2,2,0,123387904,2,123396096,0,8163,12.9929,8134,2,0x6903c4797e,956,7423,0,29,15574,8163,12.9929,8134,29,15573
483000,8192,2,2,0,123641856,2,123650048,0,8167,12.9939,8142,2,0x9f0f0a24f2,947,7391,0,25,15599,8167,12.9939,8142,25,15598
484000,8192,2,2,0,123903998,2,123912190,0,8159,12.9919,8126,2,0x22ad324c7b,0,2,0,33,15632,8159,12.9919,8126,33,15631
485000,8192,2,2,0,124157951,2,124166143,0,8162,12.9927,8132,2,0x550fd24d15,963,7394,0,30,15662,8162,12.9927,8132,30,15661
486000,8192,2,2,0,124411904,2,124420096,0,8159,12.9919,8126,2,0x9daf1ce016,1021,7403,0,33,15695,8159,12.9919,8126,33,15694
487000,8192,2,2,0,124665856,2,124674048,0,8147,12.9890,8102,2,0x71540b1676,1026,7449,0,45,15740,8147,12.9890,8102,45,15739
488000,8192,2,2,0,124927998,2,124936190,0,8166,12.9937,8140,2,0x6adb6fef5f,1,1,0,26,15766,8166,12.9937,8140,26,15765
489000,8192,2,2,0,125181951,2,125190143,0,8164,12.9932,8136,2,0x82043dc726,963,7394,0,28,15794,8164,12.9932,8136,28,15793
490000,8192,2,2,0,125435904,2,125444096,0,8164,12.9932,8136,2,0x93884a51ec,965,7416,0,28,15822,8164,12.9932,8136,28,15821
491000,8192,2,2,0,125689856,2,125698048,0,8161,12.9924,8130,2,0x1df3eab620,994,7435,0,31,15853,8161,12.9924,8130,31,15852
492000,8192,2,2,0,125951998,2,125960190,0,8151,12.9900,8110,2,0x5882813960,0,2,0,41,15894,8151,12.9900,8110,41,15893
493000,8192,2,2,0,126205951,2,126214143,0,8165,12.9934,8138,2,0xbc90a7e22f,927,7378,0,27,15921,8165,12.9934,8138,27,15920
494000,8192,2,2,0,126459904,2,126468096,0,8158,12.9917,8124,2,0x4414092694,969,7422,0,34,15955,8158,12.9917,8124,34,15954
495000,8192,2,2,0,126713856,2,126722048,0,8160,12.9922,8128,2,0x8729e491ba,966,7375,0,32,15987,8160,12.9922,8128,32,15986
496000,8192,2,2,0,126975998,2,126984190,0,8153,12.9905,8114,2,0x8d1900dd6c,0,2,0,39,16026,8153,12.9905,8114,39,16025
497000,8192,2,2,0,127229951,2,127238143,0,8155,12.9910,8118,2,0xb12c201bd6,994,7468,0,37,16063,8155,12.9910,8118,37,16062
498000,8192,2,2,0,127483904,2,127492096,0,8155,12.9910,8118,2,0x4c99399181,1020,7456,0,37,16100,8155,12.9910,8118,37,16099
499000,8192,2,2,0,127737856,2,127746048,0,8161,12.9924,8130,2,0xb2e2312740,954,7365,0,31,16131,8161,12.9924,8130,31,16130
500000,8192,2,2,0,127999998,2,128008190,0,8152,12.9902,8112,2,0x20e2868d77,2,2,0,40,16171,8152,12.9902,8112,40,16170
501000,8192,2,2,0,128253951,2,128262143,0,8164,12.9932,8136,2,0x1eedef515f,990,7371,0,28,16199,8164,12.9932,8136,28,16198
502000,8192,2,2,0,128507904,2,128516096,0,8161,12.9924,8130,2,0xbc3afe44f4,979,7409,0,31,16230,8161,12.9924,8130,31,16229
503000,8192,2,2,0,128761856,2,128770048,0,8148,12.9893,8104,2,0x652e2e9ffc,1017,7371,0,44,16274,8148,12.9893,8104,44,16273
504000,8192,2,2,0,129023998,2,129032190,0,8161,12.9923,8131,3,0xaaa9152eb5,0,1,0,30,16304,8161,12.9923,8131,30,16303
505000,8192,2,2,0,129277951,2,129286143,0,8154,12.9907,8116,2,0xdd8c9763c4,981,7407,0,38,16342,8154,12.9907,8116,38,16341
506000,8192,2,2,0,129531904,2,129540096,0,8163,12.9929,8134,2,0x598be10434,999,7403,0,29,16371,8163,12.9929,8134,29,16370
507000,8192,2,2,0,129785856,2,129794048,0,8163,12.9929,8134,2,0x5a48c4fe9d,986,7429,0,29,16400,8163,12.9929,8134,29,16399
508000,8192,2,2,0,130047998,2,130056190,0,8169,12.9944,8146,2,0x61f7490bae,0,1,0,23,16423,8169,12.9944,8146,23,16422
509000,8192,2,2,0,130301951,2,130310143,0,8157,12.9915,8122,2,0xa3f873ffd1,941,7426,0,35,16458,8157,12.9915,8122,35,16457
510000,8192,2,2,0,130555904,2,130564096,0,8156,12.9912,8120,2,0x39a4988aa1,984,7429,0,36,16494,8156,12.9912,8120,36,16493
511000,8192,2,2,0,130809856,2,130818048,0,8158,12.9917,8124,2,0x3b3db7101d,1000,7418,0,34,16528,8158,12.9917,8124,34,16527
512000,8192,3,3,0,131071997,3,131080189,0,8165,12.9934,8138,2,0x6c0270032d,1,1,0,27,16555,8165,12.9934,8138,27,16554
513000,8192,3,3,0,131325950,3,131334142,0,8161,12.9924,8130,2,0xc99c4aaa9c,953,7415,0,31,16586,8161,12.9924,8130,31,16585
514000,8192,3,3,0,131579903,3,131588095,0,8162,12.9927,8132,2,0x55796acca9,988,7418,0,30,16616,8162,12.9927,8132,30,16615
515000,8192,3,3,0,131833855,3,131842047,0,8161,12.9924,8130,2,0x4d6982bfde,974,7433,0,31,16647,8161,12.9924,8130,31,16646
516000,8192,3,3,0,132095997,3,132104189,0,8161,12.9924,8130,2,0x93b26b76ef,1,2,0,31,16678,8161,12.9924,8130,31,16677
517000,8192,3,3,0,132349950,3,132358142,0,8160,12.9922,8128,2,0xc5091e9e91,1007,7389,0,32,16710,8160,12.9922,8128,32,16709
518000,8192,3,3,0,132603903,3,132612095,0,8156,12.9912,8120,2,0x0970224e0c,1012,7445,0,36,16746,8156,12.9912,8120,36,16745
519000,8192,3,3,0,132857855,3,132866047,0,8155,12.9910,8118,2,0x5a85759a18,940,7461,0,37,16783,8155,12.9910,8118,37,16782
520000,8192,3,3,0,133119997,3,133128189,0,8162,12.9927,8132,2,0x442a9b2d9a,0,2,0,30,16813,8162,12.9927,8132,30,16812
521000,8192,3,3,0,133373950,3,133382142,0,8159,12.9919,8126,2,0x4f0e0f9188,968,7416,0,33,16846,8159,12.9919,8126,33,16845
522000,8192,3,3,0,133627903,3,133636095,0,8160,12.9922,8128,2,0x5e44c588ef,953,7373,0,32,16878,8160,12.9922,8128,32,16877
523000,8192,3,3,0,133881855,3,133890047,0,8164,12.9932,8136,2,0x624dc9e4f7,1030,7400,0,28,16906,8164,12.9932,8136,28,16905
524000,8192,3,3,0,134143997,3,134152189,0,8160,12.9922,8128,2,0xa9f34976a1,0,2,0,32,16938,8160,12.9922,8128,32,16937
525000,8192,3,3,0,134397950,3,134406142,0,8156,12.9912,8120,2,0x620aa09be0,996,7369,0,36,16974,8156,12.9912,8120,36,16973
526000,8192,3,3,0,134651903,3,134660095,0,8152,12.9902,8112,2,0x15c4ad82dc,1017,7417,0,40,17014,8152,12.9902,8112,40,17013
527000,8192,3,3,0,134905855,3,134914047,0,8164,12.9932,8136,2,0x48587608b7,977,7402,0,28,17042,8164,12.9932,8136,28,17041
528000,8192,3,3,0,135167997,3,135176189,0,8169,12.9944,8146,2,0x65a5b802ab,0,2,0,23,17065,8169,12.9944,8146,23,17064
529000,8192,3,3,0,135421950,3,135430142,0,8156,12.9912,8120,2,0x6a04247c30,998,7406,0,36,17101,8156,12.9912,8120,36,17100
530000,8192,3,3,0,135675903,3,135684095,0,8164,12.9932,8136,2,0xacce51fa05,966,7389,0,28,17129,8164,12.9932,8136,28,17128
531000,8192,3,3,0,135929855,3,135938047,0,8159,12.9919,8127,3,0x045b2a8ab9,1038,7416,0,32,17161,8159,12.9919,8127,32,17160
532000,8192,3,3,0,136191997,3,136200189,0,8167,12.9939,8142,2,0x1f25ed8ef0,0,2,0,25,17186,8167,12.9939,8142,25,17185
533000,8192,3,3,0,136445950,3,136454142,0,8156,12.9912,8120,2,0x35483d331e,986,7437,0,36,17222,8156,12.9912,8120,36,17221
534000,8192,3,3,0,136699903,3,136708095,0,8163,12.9929,8134,2,0x95ddaa5bef,984,7476,0,29,17251,8163,12.9929,8134,29,17250
535000,8192,3,3,0,136953855,3,136962047,0,8158,12.9917,8124,2,0x0f002433e1,901,7396,0,34,17285,8158,12.9917,8124,34,17284
536000,8192,3,3,0,137215997,3,137224189,0,8172,12.9951,8152,2,0x5570e84d07,0,2,0,20,17305,8172,12.9951,8152,20,17304
537000,8192,3,3,0,137469950,3,137478142,0,8161,12.9924,8130,2,0x9dd918e206,1020,7423,0,31,17336,8161,12.9924,8130,31,17335
538000,8192,3,3,0,137723903,3,137732095,0,8161,12.9924,8130,2,0x4c96fff69c,982,7383,0,31,17367,8161,12.9924,8130,31,17366
539000,8192,3,3,0,137977855,3,137986047,0,8156,12.9912,8120,2,0xf527f22a76,971,7424,0,36,17403,8156,12.9912,8120,36,17402
540000,8192,3,3,0,138239997,3,138248189,0,8169,12.9943,8147,3,0x4648fc7380,0,2,0,22,17425,8169,12.9943,8147,22,17424
541000,8192,3,3,0,138493950,3,138502142,0,8163,12.9929,8134,2,0xee8fb03681,956,7403,0,29,17454,8163,12.9929,8134,29,17453
542000,8192,3,3,0,138747903,3,138756095,0,8164,12.9932,8136,2,0xae6ea36e17,971,7430,0,28,17482,8164,12.9932,8136,28,17481
543000,8192,3,3,0,139001855,3,139010047,0,8161,12.9924,8130,2,0x3d0dae13d3,947,7421,0,31,17513,8161,12.9924,8130,31,17512
544000,8192,3,3,0,139263997,3,139272189,0,8163,12.9929,8134,2,0xe64f0a123a,0,2,0,29,17542,8163,12.9929,8134,29,17541
545000,8192,3,3,0,139517950,3,139526142,0,8166,12.9937,8140,2,0xe6b197273d,1022,7442,0,26,17568,8166,12.9937,8140,26,17567
546000,8192,3,3,0,139771903,3,139780095,0,8156,12.9912,8120,2,0x4cf8ea823f,955,7406,0,36,17604,8156,12.9912,8120,36,17603
547000,8192,3,3,0,140025855,3,140034047,0,8165,12.9934,8138,2,0x7674476be6,989,7406,0,27,17631,8165,12.9934,8138,27,17630
548000,8192,3,3,0,140287997,3,140296189,0,8165,12.9934,8138,2,0xf6335b27cc,0,2,0,27,17658,8165,12.9934,8138,27,17657
549000,8192,3,3,0,140541950,3,140550142,0,8164,12.9932,8136,2,0xcd37410c30,974,7420,0,28,17686,8164,12.9932,8136,28,17685
550000,8192,3,3,0,140795903,3,140804095,0,8161,12.9924,8130,2,0xe7ed7f6823,967,7420,0,31,17717,8161,12.9924,8130,31,17716
551000,8192,4,3,1,141049854,4,141058046,0,8149,12.9895,8106,2,0x1a170f7603,1011,7408,0,43,17760,8149,12.9895,8106,43,17759
552000,8192,4,3,1,141311996,4,141320188,0,8157,12.9915,8122,2,0x256bd9a39c,0,2,0,35,17795,8157,12.9915,8122,35,17794
553000,8192,4,3,1,141565950,4,141574142,0,8160,12.9922,8128,2,0xc876444c13,1016,7386,0,32,17827,8160,12.9922,8128,32,17826
554000,8192,4,3,1,141819902,4,141828094,0,8161,12.9924,8130,2,0xd9af899718,991,7439,0,31,17858,8161,12.9924,8130,31,17857
555000,8192,4,3,1,142073854,4,142082046,0,8153,12.9905,8114,2,0x687a0ba6ac,1010,7452,0,39,17897,8153,12.9905,8114,39,17896
556000,8192,4,3,1,142335996,4,142344188,0,8158,12.9917,8124,2,0xb1007e4fc0,0,2,0,34,17931,8158,12.9917,8124,34,17930
557000,8192,4,3,1,142589950,4,142598142,0,8157,12.9915,8122,2,0x8346ba20f6,955,7413,0,35,17966,8157,12.9915,8122,35,17965
558000,8192,4,3,1,142843902,4,142852094,0,8161,12.9924,8130,2,0xe5928c13c1,953,7403,0,31,17997,8161,12.9924,8130,31,17996
559000,8192,4,3,1,143097854,4,143106046,0,8158,12.9917,8124,2,0x81eb11eb07,939,7409,0,34,18031,8158,12.9917,8124,34,18030
560000,8192,4,3,1,143359996,4,143368188,0,8159,12.9919,8127,3,0xd772df9140,0,2,0,32,18063,8159,12.9919,8127,32,18062
561000,8192,4,3,1,143613950,4,143622142,0,8154,12.9907,8116,2,0xa415b63afe,965,7417,0,38,18101,8154,12.9907,8116,38,18100
562000,8192,4,3,1,143867902,4,143876094,0,8151,12.9900,8110,2,0x0708a1be02,989,7416,0,41,18142,8151,12.9900,8110,41,18141
563000,8192,4,3,1,144121854,4,144130046,0,8163,12.9929,8134,2,0x3ed5e49716,938,7381,0,29,18171,8163,12.9929,8134,29,18170
564000,8192,4,3,1,144383996,4,144392188,0,8160,12.9922,8128,2,0x20cae95feb,0,1,0,32,18203,8160,12.9922,8128,32,18202
565000,8192,4,3,1,144637950,4,144646142,0,8167,12.9939,8142,2,0xdceadae53d,969,7463,0,25,18228,8167,12.9939,8142,25,18227
566000,8192,4,3,1,144891902,4,144900094,0,8158,12.9917,8124,2,0x40cf567bcd,936,7420,0,34,18262,8158,12.9917,8124,34,18261
567000,8192,4,3,1,145145854,4,145154046,0,8152,12.9902,8112,2,0x0426e2c33c,1026,7449,0,40,18302,8152,12.9902,8112,40,18301
568000,8192,4,3,1,145407996,4,145416188,0,8170,12.9946,8148,2,0xb0e32681ab,0,2,0,22,18324,8170,12.9946,8148,22,18323
569000,8192,4,3,1,145661950,4,145670142,0,8161,12.9924,8130,2,0x0d25eed664,959,7461,0,31,18355,8161,12.9924,8130,31,18354
570000,8192,4,3,1,145915902,4,145924094,0,8152,12.9902,8112,2,0x0d5f092e03,1000,7413,0,40,18395,8152,12.9902,8112,40,18394
571000,8192,4,3,1,146169854,4,146178046,0,8161,12.9924,8130,2,0x01766f5014,990,7410,0,31,18426,8161,12.9924,8130,31,18425
572000,8192,4,3,1,146431996,4,146440188,0,8159,12.9919,8126,2,0xbab1505c5f,0,2,0,33,18459,8159,12.9919,8126,33,18458
573000,8192,4,3,1,146685950,4,146694142,0,8153,12.9905,8114,2,0x9c5fe1af10,1013,7377,0,39,18498,8153,12.9905,8114,39,18497
574000,8192,4,3,1,146939902,4,146948094,0,8175,12.9958,8158,2,0x8ef77ace4e,959,7422,0,17,18515,8175,12.9958,8158,17,18514
575000,8192,4,3,1,147193854,4,147202046,0,8163,12.9929,8134,2,0x7c3d457541,1018,7441,0,29,18544,8163,12.9929,8134,29,18543
576000,8192,4,3,1,147455996,4,147464188,0,8163,12.9929,8134,2,0xdec919d139,1,2,0,29,18573,8163,12.9929,8134,29,18572
577000,8192,4,3,1,147709950,4,147718142,0,8160,12.9922,8128,2,0x6fbd60617e,955,7414,0,32,18605,8160,12.9922,8128,32,18604
578000,8192,4,3,1,147963902,4,147972094,0,8150,12.9897,8108,2,0xe006de31b1,927,7431,0,42,18647,8150,12.9897,8108,42,18646
579000,8192,4,3,1,148217854,4,148226046,0,8156,12.9911,8121,3,0x22fbf72f10,1005,7449,0,35,18682,8156,12.9911,8121,35,18681
580000,8192,4,3,1,148479996,4,148488188,0,8162,12.9927,8132,2,0x3e2dfe811b,0,1,0,30,18712,8162,12.9927,8132,30,18711
581000,8192,4,3,1,148733950,4,148742142,0,8162,12.9927,8132,2,0x7f1a5cb31b,945,7403,0,30,18742,8162,12.9927,8132,30,18741
582000,8192,4,3,1,148987902,4,148996094,0,8162,12.9927,8132,2,0x1c23837cfb,991,7412,0,30,18772,8163,12.9929,8134,29,18770
583000,8192,4,3,1,149241854,4,149250046,0,8161,12.9924,8130,2,0x023803f34c,1027,7388,0,31,18803,8161,12.9924,8130,31,18801
584000,8192,4,3,1,149503996,4,149512188,0,8169,12.9944,8146,2,0x3cc4af615d,1,2,0,23,18826,8169,12.9944,8146,23,18824
585000,8192,4,3,1,149757950,4,149766142,0,8169,12.9944,8146,2,0x19c16c9451,955,7420,0,23,18849,8169,12.9944,8146,23,18847
586000,8192,4,3,1,150011902,4,150020094,0,8156,12.9912,8120,2,0x0b6e997db7,938,7397,0,36,18885,8156,12.9912,8120,36,18883
587000,8192,4,3,1,150265854,4,150274046,0,8164,12.9932,8136,2,0x5d1f6b16c3,982,7416,0,28,18913,8164,12.9932,8136,28,18911
588000,8192,4,3,1,150527996,4,150536188,0,8161,12.9924,8130,2,0x04f9bd1366,0,2,0,31,18944,8161,12.9924,8130,31,18942
589000,8192,4,3,1,150781950,4,150790142,0,8154,12.9907,8116,2,0x1658ed9fc7,979,7397,0,38,18982,8154,12.9907,8116,38,18980
590000,8192,4,3,1,151035902,4,151044094,0,8160,12.9922,8128,2,0x4d1423480e,966,7453,0,32,19014,8160,12.9922,8128,32,19012
591000,8192,4,3,1,151289854,4,151298046,0,8160,12.9922,8128,2,0xbf6bf3286d,988,7402,0,32,19046,8160,12.9922,8128,32,19044
592000,8192,4,3,1,151551996,4,151560188,0,8147,12.9890,8102,2,0x9623635678,1,2,0,45,19091,8147,12.9890,8102,45,19089
593000,8192,4,3,1,151805950,4,151814142,0,8160,12.9922,8128,2,0xd08905234a,991,7456,0,32,19123,8160,12.9922,8128,32,19121
594000,8192,4,3,1,152059902,4,152068094,0,8152,12.9902,8112,2,0xd806a0d005,961,7386,0,40,19163,8152,12.9902,8112,40,19161
595000,8192,4,3,1,152313854,4,152322046,0,8154,12.9907,8116,2,0x06a0adfdce,1015,7404,0,38,19201,8154,12.9907,8116,38,19199
596000,8192,4,3,1,152575996,4,152584188,0,8161,12.9924,8130,2,0x4bfc5db630,0,2,0,31,19232,8161,12.9924,8130,31,19230
597000,8192,4,3,1,152829950,4,152838142,0,8165,12.9934,8138,2,0x06b2679f6c,951,7433,0,27,19259,8165,12.9934,8138,27,19257
598000,8192,4,3,1,153083902,4,153092094,0,8157,12.9914,8123,3,0x66646bbe3f,994,7415,0,34,19293,8157,12.9914,8123,34,19291
599000,8192,4,3,1,153337854,4,153346046,0,8157,12.9915,8122,2,0x1ade49d3da,994,7390,0,35,19328,8157,12.9915,8122,35,19326
600000,8192,4,3,1,153599996,4,153608188,0,8170,12.9946,8148,2,0x1b584371be,0,2,0,22,19350,8170,12.9946,8148,22,19348
601000,8192,4,3,1,153853950,4,153862142,0,8164,12.9932,8136,2,0xecf5fe319c,1001,7428,0,28,19378,8164,12.9932,8136,28,19376
602000,8192,4,3,1,154107902,4,154116094,0,8156,12.9912,8120,2,0x4d382c25fb,1023,7387,0,36,19414,8156,12.9912,8120,36,19412
603000,8192,4,3,1,154361854,4,154370046,0,8158,12.9917,8124,2,0xf801efd470,967,7429,0,34,19448,8158,12.9917,8124,34,19446
604000,8192,4,3,1,154623996,4,154632188,0,8169,12.9944,8146,2,0x411ad57edc,0,2,0,23,19471,8169,12.9944,8146,23,19469
605000,8192,4,3,1,154877950,4,154886142,0,8157,12.9915,8122,2,0xd227c68be5,1014,7356,0,35,19506,8157,12.9915,8122,35,19504
606000,8192,4,3,1,155131902,4,155140094,0,8170,12.9946,8148,2,0x930c38c2b7,1009,7451,0,22,19528,8170,12.9946,8148,22,19526
607000,8192,4,3,1,155385854,4,155394046,0,8171,12.9949,8150,2,0x5ae818f10e,982,7414,0,21,19549,8171,12.9949,8150,21,19547
608000,8192,4,3,1,155647996,4,155656188,0,8161,12.9923,8131,3,0xe53adde3ff,0,2,0,30,19579,8161,12.9923,8131,30,19577
609000,8192,4,3,1,155901950,4,155910142,0,8162,12.9927,8132,2,0x26600c7d00,956,7415,0,30,19609,8162,12.9927,8132,30,19607
610000,8192,4,3,1,156155902,4,156164094,0,8157,12.9915,8122,2,0xca83ad3fef,949,7387,0,35,19644,8157,12.9915,8122,35,19642
611000,8192,4,3,1,156409854,4,156418046,0,8170,12.9946,8148,2,0xa1aacc68ce,958,7400,0,22,19666,8170,12.9946,8148,22,19664
612000,8192,4,3,1,156671996,4,156680188,0,8154,12.9907,8116,2,0x8c12d7031b,0,1,0,38,19704,8154,12.9907,8116,38,19702
613000,8192,4,3,1,156925950,4,156934142,0,8166,12.9937,8140,2,0x6dc52f146d,986,7478,0,26,19730,8166,12.9937,8140,26,19728
614000,8192,4,3,1,157179902,4,157188094,0,8168,12.9941,8144,2,0x29a9d8129b,995,7462,0,24,19754,8168,12.9941,8144,24,19752
615000,8192,4,3,1,157433854,4,157442046,0,8154,12.9907,8116,2,0x56aa82f29a,938,7427,0,38,19792,8154,12.9907,8116,38,19790
616000,8192,4,3,1,157695996,4,157704188,0,8159,12.9919,8126,2,0xf9821c8c8f,0,2,0,33,19825,8159,12.9919,8126,33,19823
617000,8192,4,3,1,157949950,4,157958142,0,8156,12.9912,8120,2,0x399fd6c2a2,967,7466,0,36,19861,8156,12.9912,8120,36,19859
618000,8192,4,3,1,158203902,4,158212094,0,8154,12.9907,8116,2,0x5b760eeab1,1027,7400,0,38,19899,8154,12.9907,8116,38,19897
619000,8192,4,3,1,158457854,4,158466046,0,8161,12.9924,8130,2,0xc035fbea36,1031,7453,0,31,19930,8161,12.9924,8130,31,19928
620000,8192,4,3,1,158719996,4,158728188,0,8159,12.9919,8126,2,0x6139d91389,0,2,0,33,19963,8159,12.9919,8126,33,19961
621000,8192,4,3,1,158973950,4,158982142,0,8169,12.9944,8146,2,0x14ec74545a,979,7376,0,23,19986,8169,12.9944,8146,23,19984
622000,8192,4,3,1,159227902,4,159236094,0,8154,12.9907,8116,2,0x1a0131da8d,973,7387,0,38,20024,8154,12.9907,8116,38,20022
623000,8192,4,3,1,159481854,4,159490046,0,8164,12.9932,8136,2,0xc54b34b0c6,881,7411,0,28,20052,8164,12.9932,8136,28,20050
624000,8192,4,3,1,159743996,4,159752188,0,8163,12.9929,8134,2,0x96d4fdc535,1,2,0,29,20081,8163,12.9929,8134,29,20079
625000,8192,4,3,1,159997950,4,160006142,0,8164,12.9932,8136,2,0xb1050e8e40,922,7433,0,28,20109,8164,12.9932,8136,28,20107
626000,8192,4,3,1,160251902,4,160260094,0,8158,12.9917,8124,2,0x1d9cddb6a5,960,7451,0,34,20143,8158,12.9917,8124,34,20141
627000,8192,4,3,1,160505854,4,160514046,0,8163,12.9929,8134,2,0x9c4f051c6c,970,7410,0,29,20172,8163,12.9929,8134,29,20170
628000,8192,4,3,1,160767996,4,160776188,0,8163,12.9929,8134,2,0xc1c50f880e,0,2,0,29,20201,8163,12.9929,8134,29,20199
629000,8192,4,3,1,161021950,4,161030142,0,8158,12.9917,8124,2,0x3df0eb9b2a,980,7387,0,34,20235,8158,12.9917,8124,34,20233
630000,8192,4,3,1,161275902,4,161284094,0,8160,12.9922,8128,2,0x974e4fb7af,942,7420,0,32,20267,8160,12.9922,8128,32,20265
631000,8192,4,3,1,161529854,4,161538046,0,8157,12.9915,8122,2,0x0cf26ac963,978,7416,0,35,20302,8157,12.9915,8122,35,20300
632000,8192,4,3,1,161791996,4,161800188,0,8161,12.9924,8130,2,0x28f7efc4dd,0,2,0,31,20333,8161,12.9924,8130,31,20331
633000,8192,4,3,1,162045950,4,162054142,0,8163,12.9928,8135,3,0xa6826326d6,999,7437,0,28,20361,8163,12.9928,8135,28,20359
634000,8192,4,3,1,162299902,4,162308094,0,8149,12.9895,8106,2,0xdf7d1a47c9,960,7428,0,43,20404,8149,12.9895,8106,43,20402
635000,8192,4,3,1,162553854,4,162562046,0,8158,12.9917,8124,2,0xb129d2fa36,951,7417,0,34,20438,8158,12.9917,8124,34,20436
636000,8192,4,3,1,162815996,4,162824188,0,8152,12.9902,8112,2,0x4d01257a66,0,2,0,40,20478,8152,12.9902,8112,40,20476
637000,8192,4,3,1,163069950,4,163078142,0,8162,12.9927,8132,2,0x5f0da4cf52,1003,7393,0,30,20508,8162,12.9927,8132,30,20506
638000,8192,4,3,1,163323902,4,163332094,0,8160,12.9921,8129,3,0x05f88a2c64,941,7401,0,31,20539,8160,12.9921,8129,31,20537
639000,8192,4,3,1,163577854,4,163586046,0,8161,12.9924,8130,2,0xe099410d44,953,7385,0,31,20570,8161,12.9924,8130,31,20568
640000,8192,4,3,1,163839996,4,163848188,0,8159,12.9919,8126,2,0x367d90ccbd,0,2,0,33,20603,8159,12.9919,8126,33,20601
641000,8192,4,3,1,164093950,4,164102142,0,8162,12.9927,8132,2,0xe46f7c6dc9,966,7371,0,30,20633,8162,12.9927,8132,30,20631
642000,8192,4,3,1,164347902,4,164356094,0,8169,12.9944,8146,2,0x87f84f28c7,1019,7400,0,23,20656,8169,12.9944,8146,23,20654
643000,8192,4,3,1,164601854,4,164610046,0,8159,12.9919,8126,2,0xb20231a49a,973,7418,0,33,20689,8159,12.9919,8126,33,20687
644000,8192,4,3,1,164863996,4,164872188,0,8159,12.9919,8126,2,0xf87690991e,0,2,0,33,20722,8159,12.9919,8126,33,20720
645000,8192,4,3,1,165117950,4,165126142,0,8164,12.9932,8136,2,0x3db3399f6e,995,7443,0,28,20750,8164,12.9932,8136,28,20748
646000,8192,4,3,1,165371902,4,165380094,0,8162,12.9927,8132,2,0xbabe8bdcc6,1035,7427,0,30,20780,8162,12.9927,8132,30,20778
647000,8192,4,3,1,165625854,4,165634046,0,8162,12.9927,8132,2,0xb33494cb38,1006,7388,0,30,20810,8162,12.9927,8132,30,20808
648000,8192,4,3,1,165887996,4,165896188,0,8159,12.9919,8126,2,0xe3a6fb40ab,0,2,0,33,20843,8159,12.9919,8126,33,20841
649000,8192,4,3,1,166141950,4,166150142,0,8170,12.9946,8148,2,0x8e9185b4b8,1007,7427,0,22,20865,8170,12.9946,8148,22,20863
650000,8192,4,3,1,166395902,4,166404094,0,8154,12.9907,8116,2,0xcd8eacc52b,955,7387,0,38,20903,8154,12.9907,8116,38,20901
651000,8192,4,3,1,166649854,4,166658046,0,8169,12.9944,8146,2,0x312f140808,936,7424,0,23,20926,8169,12.9944,8146,23,20924
652000,8192,4,3,1,166911996,4,166920188,0,8162,12.9926,8133,3,0xef1aabab35,0,2,0,29,20955,8162,12.9926,8133,29,20953
653000,8192,4,3,1,167165950,4,167174142,0,8158,12.9917,8124,2,0x9993009451,959,7448,0,34,20989,8158,12.9917,8124,34,20987
654000,8192,4,3,1,167419902,4,167428094,0,8151,12.9899,8111,3,0xe273af0fac,1013,7459,0,40,21029,8151,12.9899,8111,40,21027
655000,8192,4,3,1,167673854,4,167682046,0,8160,12.9922,8128,2,0x48eb2276c4,955,7419,0,32,21061,8160,12.9922,8128,32,21059
656000,8192,4,3,1,167935996,4,167944188,0,8163,12.9929,8134,2,0x6e1deea46e,1,2,0,29,21090,8163,12.9929,8134,29,21088
657000,8192,4,3,1,168189950,4,168198142,0,8161,12.9923,8131,3,0x991796baf8,943,7396,0,30,21120,8161,12.9923,8131,30,21118
658000,8192,4,3,1,168443902,4,168452094,0,8171,12.9949,8150,2,0x42c388d7d9,928,7420,0,21,21141,8171,12.9949,8150,21,21139
659000,8192,4,3,1,168697854,4,168706046,0,8160,12.9922,8128,2,0x8923d4e454,938,7459,0,32,21173,8160,12.9922,8128,32,21171
660000,8192,4,3,1,168959996,4,168968188,0,8147,12.9890,8102,2,0xc13cec5376,0,2,0,45,21218,8147,12.9890,8102,45,21216
661000,8192,4,3,1,169213950,4,169222142,0,8165,12.9934,8138,2,0x56f2788c2d,981,7440,0,27,21245,8165,12.9934,8138,27,21243
662000,8192,4,3,1,169467902,4,169476094,0,8160,12.9922,8128,2,0x2ef64e9508,986,7484,0,32,21277,8160,12.9922,8128,32,21275
663000,8192,4,3,1,169721854,4,169730046,0,8153,12.9905,8114,2,0xabcd698b9a,1013,7382,0,39,21316,8153,12.9905,8114,39,21314
664000,8192,4,3,1,169983996,4,169992188,0,8173,12.9954,8154,2,0xe3ab35b8bf,0,2,0,19,21335,8173,12.9954,8154,19,21333
665000,8192,4,3,1,170237950,4,170246142,0,8161,12.9924,8130,2,0x8cc49c95fb,979,7431,0,31,21366,8161,12.9924,8130,31,21364
666000,8192,4,3,1,170491902,4,170500094,0,8160,12.9922,8128,2,0xe5edb111f7,996,7403,0,32,21398,8160,12.9922,8128,32,21396
667000,8192,4,3,1,170745854,4,170754046,0,8164,12.9932,8136,2,0x14da051678,1018,7432,0,28,21426,8164,12.9932,8136,28,21424
668000,8192,4,3,1,171007996,4,171016188,0,8158,12.9917,8124,2,0x04a8927d0f,1,2,0,34,21460,8158,12.9917,8124,34,21458
669000,8192,4,3,1,171261950,4,171270142,0,8175,12.9958,8158,2,0x2366107025,940,7424,0,17,21477,8175,12.9958,8158,17,21475
670000,8192,4,3,1,171515902,4,171524094,0,8158,12.9917,8124,2,0xf5c4ef47b2,953,7397,0,34,21511,8158,12.9917,8124,34,21509
671000,8192,4,3,1,171769854,4,171778046,0,8166,12.9937,8140,2,0x5801f15cd8,983,7430,0,26,21537,8166,12.9937,8140,26,21535
672000,8192,4,3,1,172031996,4,172040188,0,8154,12.9907,8116,2,0x220980d7fa,1,2,0,38,21575,8154,12.9907,8116,38,21573
673000,8192,4,3,1,172285950,4,172294142,0,8163,12.9929,8134,2,0x5ccef29d5b,942,7418,0,29,21604,8163,12.9929,8134,29,21602
674000,8192,4,3,1,172539902,4,172548094,0,8171,12.9949,8150,2,0x7607a727d6,988,7457,0,21,21625,8171,12.9949,8150,21,21623
675000,8192,4,3,1,172793854,4,172802046,0,8157,12.9915,8122,2,0xe762445f76,975,7436,0,35,21660,8157,12.9915,8122,35,21658
676000,8192,4,3,1,173055996,4,173064188,0,8166,12.9937,8140,2,0x0485fe5863,0,2,0,26,21686,8166,12.9937,8140,26,21684
677000,8192,4,3,1,173309950,4,173318142,0,8155,12.9910,8118,2,0xe29c23b43b,946,7458,0,37,21723,8155,12.9910,8118,37,21721
678000,8192,4,3,1,173563902,4,173572094,0,8158,12.9917,8124,2,0x4c09d44987,969,7453,0,34,21757,8158,12.9917,8124,34,21755
679000,8192,4,3,1,173817854,4,173826046,0,8162,12.9926,8133,3,0x570fd409e2,927,7426,0,29,21786,8162,12.9926,8133,29,21784
680000,8192,4,3,1,174079996,4,174088188,0,8152,12.9902,8112,2,0x9d9af9d761,0,2,0,40,21826,8152,12.9902,8112,40,21824
681000,8192,4,3,1,174333950,4,174342142,0,8163,12.9929,8134,2,0xe45c892689,960,7420,0,29,21855,8163,12.9929,8134,29,21853
682000,8192,4,3,1,174587902,4,174596094,0,8153,12.9905,8114,2,0x4fdd3c8c42,994,7423,0,39,21894,8153,12.9905,8114,39,21892
683000,8192,4,3,1,174841854,4,174850046,0,8159,12.9919,8126,2,0x6296da0e5e,948,7371,0,33,21927,8159,12.9919,8126,33,21925
684000,8192,4,3,1,175103996,4,175112188,0,8149,12.9895,8106,2,0xe556fa2f77,0,1,0,43,21970,8149,12.9895,8106,43,21968
685000,8192,4,3,1,175357950,4,175366142,0,8153,12.9905,8114,2,0xa5a9608898,994,7464,0,39,22009,8153,12.9905,8114,39,22007
686000,8192,4,3,1,175611902,4,175620094,0,8166,12.9937,8140,2,0x1cb3da6715,963,7425,0,26,22035,8166,12.9937,8140,26,22033
687000,8192,4,3,1,175865854,4,175874046,0,8150,12.9897,8108,2,0xa74fd9426a,966,7393,0,42,22077,8150,12.9897,8108,42,22075
688000,8192,4,3,1,176127996,4,176136188,0,8160,12.9922,8128,2,0x7eebbf6459,0,2,0,32,22109,8160,12.9922,8128,32,22107
689000,8192,4,3,1,176381950,4,176390142,0,8157,12.9915,8122,2,0x9e54bbd55f,1026,7421,0,35,22144,8157,12.9915,8122,35,22142
690000,8192,4,3,1,176635902,4,176644094,0,8163,12.9928,8135,3,0xc0f66550cf,966,7419,0,28,22172,8163,12.9928,8135,28,22170
691000,8192,4,3,1,176889854,4,176898046,0,8151,12.9900,8110,2,0xf20c18a032,904,7371,0,41,22213,8151,12.9900,8110,41,22211
692000,8192,4,3,1,177151996,4,177160188,0,8150,12.9897,8108,2,0x8d6e7e9a48,0,2,0,42,22255,8150,12.9897,8108,42,22253
693000,8192,4,3,1,177405950,4,177414142,0,8166,12.9937,8140,2,0xe792267d67,899,7378,0,26,22281,8167,12.9939,8142,25,22278
694000,8192,4,3,1,177659902,4,177668094,0,8153,12.9905,8114,2,0xc953a55ef5,990,7386,0,39,22320,8153,12.9905,8114,39,22317
695000,8192,4,3,1,177913854,4,177922046,0,8156,12.9912,8120,2,0xf1f10c9047,1008,7420,0,36,22356,8156,12.9912,8120,36,22353
696000,8192,4,3,1,178175996,4,178184188,0,8164,12.9932,8136,2,0xf4a924fc9b,0,2,0,28,22384,8164,12.9932,8136,28,22381
697000,8192,4,3,1,178429950,4,178438142,0,8164,12.9932,8136,2,0xc68ffcd181,998,7425,0,28,22412,8164,12.9932,8136,28,22409
698000,8192,4,3,1,178683902,4,178692094,0,8157,12.9915,8122,2,0x7edb5886fa,990,7411,0,35,22447,8157,12.9915,8122,35,22444
699000,8192,4,3,1,178937854,4,178946046,0,8167,12.9939,8142,2,0xcaf27cde29,957,7434,0,25,22472,8167,12.9939,8142,25,22469
700000,8192,4,3,1,179199996,4,179208188,0,8161,12.9924,8130,2,0x2002469869,0,2,0,31,22503,8161,12.9924,8130,31,22500
701000,8192,4,3,1,179453950,4,179462142,0,8159,12.9919,8126,2,0xe0efb0e3d4,1018,7440,0,33,22536,8159,12.9919,8126,33,22533
702000,8192,4,3,1,179707902,4,179716094,0,8163,12.9929,8134,2,0xea201f9fa3,973,7399,0,29,22565,8163,12.9929,8134,29,22562
703000,8192,4,3,1,179961854,4,179970046,0,8158,12.9917,8124,2,0x447bf61730,1005,7389,0,34,22599,8158,12.9917,8124,34,22596
704000,8192,4,3,1,180223996,4,180232188,0,8157,12.9915,8122,2,0xf3f72f8aee,0,1,0,35,22634,8157,12.9915,8122,35,22631
705000,8192,4,3,1,180477950,4,180486142,0,8156,12.9912,8120,2,0x87cc2ac384,985,7399,0,36,22670,8156,12.9912,8120,36,22667
706000,8192,4,3,1,180731902,4,180740094,0,8152,12.9902,8112,2,0x78c73b1203,1038,7449,0,40,22710,8152,12.9902,8112,40,22707
707000,8192,4,3,1,180985854,4,180994046,0,8157,12.9915,8122,2,0xe370b13bf9,942,7405,0,35,22745,8157,12.9915,8122,35,22742
708000,8192,4,3,1,181247996,4,181256188,0,8174,12.9956,8156,2,0x690da637b7,0,2,0,18,22763,8174,12.9956,8156,18,22760
709000,8192,4,3,1,181501950,4,181510142,0,8159,12.9919,8126,2,0xf4b330a600,938,7412,0,33,22796,8160,12.9922,8128,32,22792
710000,8192,4,3,1,181755902,4,181764094,0,8154,12.9907,8116,2,0x3ca31b402d,946,7431,0,38,22834,8154,12.9907,8116,38,22830
711000,8192,4,3,1,182009854,4,182018046,0,8164,12.9932,8136,2,0x8e76c8a2ee,955,7408,0,28,22862,8164,12.9932,8136,28,22858
712000,8192,4,3,1,182271996,4,182280188,0,8163,12.9929,8134,2,0x80d70c8088,0,1,0,29,22891,8163,12.9929,8134,29,22887
713000,8192,4,3,1,182525950,4,182534142,0,8157,12.9915,8122,2,0xdb3cced0d8,994,7412,0,35,22926,8157,12.9915,8122,35,22922
714000,8192,4,3,1,182779902,4,182788094,0,8165,12.9934,8138,2,0xf7e33d7ef7,988,7389,0,27,22953,8165,12.9934,8138,27,22949
715000,8192,4,3,1,183033854,4,183042046,0,8158,12.9917,8124,2,0x76970f540a,984,7468,0,34,22987,8158,12.9917,8124,34,22983
716000,8192,4,3,1,183295996,4,183304188,0,8160,12.9922,8128,2,0xa10c5acaa2,0,1,0,32,23019,8160,12.9922,8128,32,23015
717000,8192,4,3,1,183549950,4,183558142,0,8163,12.9929,8134,2,0x60206854b9,917,7352,0,29,23048,8163,12.9929,8134,29,23044
718000,8192,4,3,1,183803902,4,183812094,0,8166,12.9937,8140,2,0xe04eaab165,1011,7429,0,26,23074,8166,12.9937,8140,26,23070
719000,8192,4,3,1,184057854,4,184066046,0,8154,12.9907,8116,2,0x336028ce5e,1015,7436,0,38,23112,8154,12.9907,8116,38,23108
720000,8192,4,3,1,184319996,4,184328188,0,8160,12.9922,8128,2,0x1f7cebdb0b,0,2,0,32,23144,8160,12.9922,8128,32,23140
721000,8192,4,3,1,184573950,4,184582142,0,8160,12.9922,8128,2,0x25226bfb40,1018,7443,0,32,23176,8160,12.9922,8128,32,23172
722000,8192,4,3,1,184827902,4,184836094,0,8160,12.9922,8128,2,0x97f2db5cb4,1005,7415,0,32,23208,8160,12.9922,8128,32,23204
723000,8192,4,3,1,185081854,4,185090046,0,8161,12.9924,8130,2,0x26d3c984b7,935,7432,0,31,23239,8161,12.9924,8130,31,23235
724000,8192,4,3,1,185343996,4,185352188,0,8159,12.9919,8126,2,0x3f49b46468,0,2,0,33,23272,8159,12.9919,8126,33,23268
725000,8192,4,3,1,185597950,4,185606142,0,8163,12.9929,8134,2,0xacd7edecfe,979,7461,0,29,23301,8163,12.9929,8134,29,23297
726000,8192,4,3,1,185851902,4,185860094,0,8159,12.9919,8126,2,0x44eb6a693e,986,7409,0,33,23334,8159,12.9919,8126,33,23330
727000,8192,4,3,1,186105854,4,186114046,0,8159,12.9919,8126,2,0x8522866c41,979,7452,0,33,23367,8159,12.9919,8126,33,23363
728000,8192,4,3,1,186367996,4,186376188,0,8167,12.9939,8142,2,0xd3a5ba08d3,0,2,0,25,23392,8167,12.9939,8142,25,23388
729000,8192,4,3,1,186621950,4,186630142,0,8158,12.9917,8124,2,0x38c79abf1e,966,7449,0,34,23426,8158,12.9917,8124,34,23422
730000,8192,4,3,1,186875902,4,186884094,0,8161,12.9924,8130,2,0xd38a9bba77,1004,7418,0,31,23457,8161,12.9924,8130,31,23453
731000,8192,4,3,1,187129854,4,187138046,0,8155,12.9910,8118,2,0xad8afd6378,1024,7431,0,37,23494,8155,12.9910,8118,37,23490
732000,8192,4,3,1,187391996,4,187400188,0,8161,12.9924,8130,2,0xb7dba5fc44,0,2,0,31,23525,8161,12.9924,8130,31,23521
733000,8192,4,3,1,187645950,4,187654142,0,8160,12.9922,8128,2,0xfdedc34606,975,7418,0,32,23557,8160,12.9922,8128,32,23553
734000,8192,4,3,1,187899902,4,187908094,0,8169,12.9944,8146,2,0x973a6d4e0f,1026,7426,0,23,23580,8169,12.9944,8146,23,23576
735000,8192,4,3,1,188153854,4,188162046,0,8156,12.9912,8120,2,0xdd89725e22,965,7392,0,36,23616,8156,12.9912,8120,36,23612
736000,8192,4,3,1,188415996,4,188424188,0,8165,12.9934,8138,2,0xfa1c6c42c5,0,2,0,27,23643,8165,12.9934,8138,27,23639
737000,8192,4,3,1,188669950,4,188678142,0,8159,12.9919,8126,2,0xeb4a88252c,1046,7414,0,33,23676,8159,12.9919,8126,33,23672
738000,8192,4,3,1,188923902,4,188932094,0,8159,12.9919,8126,2,0x108adf4077,973,7403,0,33,23709,8159,12.9919,8126,33,23705
739000,8192,4,3,1,189177854,4,189186046,0,8154,12.9907,8116,2,0x73d1bb7eef,899,7397,0,38,23747,8154,12.9907,8116,38,23743
740000,8192,4,3,1,189439996,4,189448188,0,8168,12.9941,8144,2,0xd3bb66b744,0,2,0,24,23771,8168,12.9941,8144,24,23767
741000,8192,4,3,1,189693950,4,189702142,0,8153,12.9905,8114,2,0x593d529c95,989,7424,0,39,23810,8153,12.9905,8114,39,23806
742000,8192,4,3,1,189947902,4,189956094,0,8163,12.9928,8135,3,0x5a3eaeb82f,908,7439,0,28,23838,8163,12.9928,8135,28,23834
743000,8192,4,3,1,190201854,4,190210046,0,8162,12.9927,8132,2,0x26ec347b59,964,7438,0,30,23868,8162,12.9927,8132,30,23864
744000,8192,4,3,1,190463996,4,190472188,0,8157,12.9914,8123,3,0xb6ff2a83da,0,2,0,34,23902,8157,12.9914,8123,34,23898
745000,8192,4,3,1,190717950,4,190726142,0,8154,12.9907,8116,2,0x6606797d00,946,7375,0,38,23940,8154,12.9907,8116,38,23936
746000,8192,4,3,1,190971902,4,190980094,0,8165,12.9933,8139,3,0x0740d6d6d2,1045,7420,0,26,23966,8165,12.9933,8139,26,23962
747000,8192,4,3,1,191225854,4,191234046,0,8165,12.9934,8138,2,0x687abc4983,973,7433,0,27,23993,8165,12.9934,8138,27,23989
748000,8192,4,3,1,191487996,4,191496188,0,8164,12.9932,8136,2,0xfd52746a3b,0,2,0,28,24021,8164,12.9932,8136,28,24017
749000,8192,4,3,1,191741950,4,191750142,0,8158,12.9917,8124,2,0xdfddd3f8fd,973,7428,0,34,24055,8158,12.9917,8124,34,24051
750000,8192,4,3,1,191995902,4,192004094,0,8159,12.9919,8126,2,0x624304b385,876,7396,0,33,24088,8159,12.9919,8126,33,24084
751000,8192,4,3,1,192249854,4,192258046,0,8165,12.9934,8138,2,0xed22db60d8,966,7365,0,27,24115,8165,12.9934,8138,27,24111
752000,8192,4,3,1,192511996,4,192520188,0,8160,12.9922,8128,2,0x49340ca8e2,0,2,0,32,24147,8160,12.9922,8128,32,24143
753000,8192,4,3,1,192765950,4,192774142,0,8155,12.9910,8118,2,0xad62a3422c,991,7411,0,37,24184,8155,12.9910,8118,37,24180
754000,8192,4,3,1,193019902,4,193028094,0,8151,12.9900,8110,2,0x27539c9a30,964,7417,0,41,24225,8151,12.9900,8110,41,24221
755000,8192,4,3,1,193273854,4,193282046,0,8151,12.9900,8110,2,0x02b0037351,969,7450,0,41,24266,8151,12.9900,8110,41,24262
756000,8192,4,3,1,193535996,4,193544188,0,8157,12.9915,8122,2,0xe7a4f78c7f,0,2,0,35,24301,8157,12.9915,8122,35,24297
757000,8192,4,3,1,193789950,4,193798142,0,8156,12.9912,8120,2,0x65e70a565c,970,7386,0,36,24337,8156,12.9912,8120,36,24333
758000,8192,4,3,1,194043902,4,194052094,0,8161,12.9924,8130,2,0x80547edca7,1026,7410,0,31,24368,8161,12.9924,8130,31,24364
759000,8192,4,3,1,194297854,4,194306046,0,8156,12.9911,8121,3,0x55772f377c,1034,7427,0,35,24403,8156,12.9911,8121,35,24399
760000,8192,4,3,1,194559996,4,194568188,0,8170,12.9946,8148,2,0x96c17602a6,0,1,0,22,24425,8170,12.9946,8148,22,24421
761000,8192,4,3,1,194813950,4,194822142,0,8163,12.9929,8134,2,0x383c3f8fe8,917,7351,0,29,24454,8163,12.9929,8134,29,24450
762000,8192,4,3,1,195067902,4,195076094,0,8161,12.9924,8130,2,0xc3fa5f5ed3,948,7415,0,31,24485,8161,12.9924,8130,31,24481
763000,8192,4,3,1,195321854,4,195330046,0,8160,12.9922,8128,2,0x40ed1ddc7f,1024,7437,0,32,24517,8160,12.9922,8128,32,24513
764000,8192,4,3,1,195583996,4,195592188,0,8161,12.9924,8130,2,0xf11d55cc44,1,2,0,31,24548,8161,12.9924,8130,31,24544
765000,8192,4,3,1,195837950,4,195846142,0,8161,12.9924,8130,2,0x96a9fd5ada,988,7429,0,31,24579,8161,12.9924,8130,31,24575
766000,8192,4,3,1,196091902,4,196100094,0,8156,12.9912,8120,2,0xcb645c89c8,955,7417,0,36,24615,8156,12.9912,8120,36,24611
767000,8192,4,3,1,196345854,4,196354046,0,8165,12.9934,8138,2,0x13b34a639b,981,7422,0,27,24642,8165,12.9934,8138,27,24638
768000,8192,4,3,1,196607996,4,196616188,0,8162,12.9927,8132,2,0x4a876c872a,0,1,0,30,24672,8162,12.9927,8132,30,24668
769000,8192,4,3,1,196861950,4,196870142,0,8158,12.9917,8124,2,0x55c1d319b1,977,7378,0,34,24706,8158,12.9917,8124,34,24702
770000,8192,4,3,1,197115902,4,197124094,0,8168,12.9941,8144,2,0x421d3fd81f,944,7401,0,24,24730,8168,12.9941,8144,24,24726
771000,8192,4,3,1,197369854,4,197378046,0,8174,12.9956,8156,2,0x8ff2084221,1004,7427,0,18,24748,8174,12.9956,8156,18,24744
772000,8192,4,3,1,197631996,4,197640188,0,8165,12.9934,8138,2,0xae8680a416,0,2,0,27,24775,8165,12.9934,8138,27,24771
773000,8192,4,3,1,197885950,4,197894142,0,8149,12.9895,8106,2,0x35d70b9b99,1002,7386,0,43,24818,8149,12.9895,8106,43,24814
774000,8192,4,3,1,198139902,4,198148094,0,8164,12.9932,8136,2,0x7072e9a8fd,914,7377,0,28,24846,8164,12.9932,8136,28,24842
775000,8192,4,3,1,198393854,4,198402046,0,8166,12.9937,8140,2,0x0b46e753db,969,7422,0,26,24872,8166,12.9937,8140,26,24868
776000,8192,4,3,1,198655996,4,198664188,0,8143,12.9880,8094,2,0x6e7376f75b,0,1,0,49,24921,8143,12.9880,8094,49,24917
777000,8192,4,3,1,198909950,4,198918142,0,8163,12.9929,8134,2,0xb77106a6b6,1011,7457,0,29,24950,8163,12.9929,8134,29,24946
778000,8192,4,3,1,199163902,4,199172094,0,8157,12.9915,8122,2,0x376cc69ded,959,7422,0,35,24985,8157,12.9915,8122,35,24981
779000,8192,4,3,1,199417854,4,199426046,0,8158,12.9917,8124,2,0xcf4953fb66,1020,7390,0,34,25019,8158,12.9917,8124,34,25015
780000,8192,4,3,1,199679996,4,199688188,0,8168,12.9941,8144,2,0x20f59624e2,0,2,0,24,25043,8168,12.9941,8144,24,25039
781000,8192,4,3,1,199933950,4,199942142,0,8169,12.9944,8146,2,0xd0a20ada06,948,7388,0,23,25066,8169,12.9944,8146,23,25062
782000,8192,4,3,1,200187902,4,200196094,0,8157,12.9915,8122,2,0xad55c31a77,962,7423,0,35,25101,8157,12.9915,8122,35,25097
783000,8192,4,3,1,200441854,4,200450046,0,8161,12.9922,8132,3,0x5064eccac2,987,7400,0,29,25130,8161,12.9922,8132,29,25126
784000,8192,4,3,1,200703996,4,200712188,0,8164,12.9932,8136,2,0x5510999205,1,2,0,28,25158,8164,12.9932,8136,28,25154
785000,8192,4,3,1,200957950,4,200966142,0,8163,12.9929,8134,2,0xa42daaa17a,969,7441,0,29,25187,8163,12.9929,8134,29,25183
786000,8192,4,3,1,201211902,4,201220094,0,8162,12.9927,8132,2,0x2856f5f149,1017,7404,0,30,25217,8162,12.9927,8132,30,25213
787000,8192,4,3,1,201465854,4,201474046,0,8171,12.9949,8150,2,0x2aa6dbe499,1025,7463,0,21,25238,8171,12.9949,8150,21,25234
788000,8192,4,3,1,201727996,4,201736188,0,8176,12.9961,8160,2,0xb37d89ac00,0,2,0,16,25254,8176,12.9961,8160,16,25250
789000,8192,4,3,1,201981950,4,201990142,0,8165,12.9934,8138,2,0xc990670e68,993,7374,0,27,25281,8165,12.9934,8138,27,25277
790000,8192,4,3,1,202235902,4,202244094,0,8163,12.9929,8134,2,0x41c8ff99c1,964,7393,0,29,25310,8163,12.9929,8134,29,25306
791000,8192,4,3,1,202489854,4,202498046,0,8161,12.9924,8130,2,0xcc1a9424af,966,7411,0,31,25341,8161,12.9924,8130,31,25337
792000,8192,4,3,1,202751996,4,202760188,0,8156,12.9912,8120,2,0x80bd899ccf,0,2,0,36,25377,8156,12.9912,8120,36,25373
793000,8192,4,3,1,203005950,4,203014142,0,8155,12.9910,8118,2,0x0f42bfb90f,982,7500,0,37,25414,8155,12.9910,8118,37,25410
794000,8192,4,3,1,203259902,4,203268094,0,8165,12.9934,8138,2,0x925ceb5a30,1016,7442,0,27,25441,8165,12.9934,8138,27,25437
795000,8192,4,3,1,203513854,4,203522046,0,8157,12.9915,8122,2,0x1e0ebeb1e4,995,7438,0,35,25476,8157,12.9915,8122,35,25472
796000,8192,4,3,1,203775996,4,203784188,0,8161,12.9924,8130,2,0x5aec9765fb,0,1,0,31,25507,8161,12.9924,8130,31,25503
797000,8192,4,3,1,204029950,4,204038142,0,8152,12.9902,8112,2,0x79efa052e4,989,7371,0,40,25547,8152,12.9902,8112,40,25543
798000,8192,4,3,1,204283902,4,204292094,0,8160,12.9922,8128,2,0xecf794b4df,989,7423,0,32,25579,8160,12.9922,8128,32,25575
799000,8192,4,3,1,204537854,4,204546046,0,8153,12.9905,8114,2,0x2b29bf862b,997,7457,0,39,25618,8153,12.9905,8114,39,25614
800000,8192,4,3,1,204799996,4,204808188,0,8161,12.9924,8130,2,0x5182752e60,0,2,0,31,25649,8161,12.9924,8130,31,25645
801000,8192,4,3,1,205053950,4,205062142,0,8156,12.9911,8121,3,0x463ddaa15b,1063,7421,0,35,25684,8156,12.9911,8121,35,25680
802000,8192,4,3,1,205307902,4,205316094,0,8161,12.9924,8130,2,0xa1ecd1722c,971,7415,0,31,25715,8161,12.9924,8130,31,25711
803000,8192,4,3,1,205561854,4,205570046,0,8153,12.9905,8114,2,0x6f2dfca000,970,7376,0,39,25754,8153,12.9905,8114,39,25750
804000,8192,4,3,1,205823996,4,205832188,0,8161,12.9924,8130,2,0xb2cd480f45,1,2,0,31,25785,8161,12.9924,8130,31,25781
805000,8192,4,3,1,206077950,4,206086142,0,8155,12.9910,8118,2,0xc49790302b,1001,7438,0,37,25822,8155,12.9910,8118,37,25818
806000,8192,4,3,1,206331902,4,206340094,0,8154,12.9907,8116,2,0x112c998303,1002,7471,0,38,25860,8154,12.9907,8116,38,25856
807000,8192,4,3,1,206585854,4,206594046,0,8161,12.9924,8130,2,0xf6a61ecab5,984,7429,0,31,25891,8161,12.9924,8130,31,25887
808000,8192,4,3,1,206847996,4,206856188,0,8164,12.9932,8136,2,0x8484cb89eb,0,2,0,28,25919,8164,12.9932,8136,28,25915
809000,8192,4,3,1,207101950,4,207110142,0,8158,12.9917,8124,2,0xe2d91df109,985,7448,0,34,25953,8158,12.9917,8124,34,25949
810000,8192,4,3,1,207355902,4,207364094,0,8163,12.9929,8134,2,0xf6e9b4b06e,965,7407,0,29,25982,8163,12.9929,8134,29,25978
811000,8192,4,3,1,207609854,4,207618046,0,8166,12.9937,8140,2,0xfc0dba17db,957,7422,0,26,26008,8166,12.9937,8140,26,26004
812000,8192,4,3,1,207871996,4,207880188,0,8160,12.9922,8128,2,0xd6cd45280c,0,2,0,32,26040,8160,12.9922,8128,32,26036
813000,8192,4,3,1,208125950,4,208134142,0,8162,12.9926,8133,3,0x54fc185fb8,1006,7466,0,29,26069,8162,12.9926,8133,29,26065
814000,8192,4,3,1,208379902,4,208388094,0,8151,12.9899,8111,3,0x4aa50d30a4,1039,7456,0,40,26109,8151,12.9899,8111,40,26105
815000,8192,4,3,1,208633854,4,208642046,0,8166,12.9937,8140,2,0x4fa4eb035f,942,7407,0,26,26135,8166,12.9937,8140,26,26131
816000,8192,4,3,1,208895996,4,208904188,0,8162,12.9927,8132,2,0x439932678e,1,1,0,30,26165,8162,12.9927,8132,30,26161
817000,8192,4,3,1,209149950,4,209158142,0,8156,12.9912,8120,2,0xf13b0c0fde,994,7387,0,36,26201,8156,12.9912,8120,36,26197
818000,8192,4,3,1,209403902,4,209412094,0,8159,12.9919,8126,2,0x3a2ae4c6e7,945,7402,0,33,26234,8159,12.9919,8126,33,26230
819000,8192,4,3,1,209657854,4,209666046,0,8156,12.9912,8120,2,0x36110c47db,1008,7421,0,36,26270,8156,12.9912,8120,36,26266
820000,8192,4,3,1,209919996,4,209928188,0,8152,12.9901,8113,3,0x149d532955,0,2,0,39,26309,8152,12.9901,8113,39,26305
821000,8192,4,3,1,210173950,4,210182142,0,8155,12.9910,8118,2,0x8e2f504a42,997,7447,0,37,26346,8155,12.9910,8118,37,26342
822000,8192,4,3,1,210427902,4,210436094,0,8155,12.9910,8118,2,0x0a97b077fc,971,7446,0,37,26383,8155,12.9910,8118,37,26379
823000,8192,4,3,1,210681854,4,210690046,0,8158,12.9917,8124,2,0x26712678f2,967,7431,0,34,26417,8158,12.9917,8124,34,26413
824000,8192,4,3,1,210943996,4,210952188,0,8171,12.9949,8150,2,0xae3fa4d393,0,2,0,21,26438,8171,12.9949,8150,21,26434
825000,8192,4,3,1,211197950,4,211206142,0,8158,12.9917,8124,2,0xa93afd380d,953,7394,0,34,26472,8158,12.9917,8124,34,26468
826000,8192,4,3,1,211451902,4,211460094,0,8159,12.9919,8126,2,0x2876d7e6e8,1004,7418,0,33,26505,8159,12.9919,8126,33,26501
827000,8192,4,3,1,211705854,4,211714046,0,8151,12.9900,8110,2,0xa8783707b9,992,7450,0,41,26546,8151,12.9900,8110,41,26542
828000,8192,4,3,1,211967996,4,211976188,0,8160,12.9922,8128,2,0x2f81dcb891,1,2,0,32,26578,8160,12.9922,8128,32,26574
829000,8192,4,3,1,212221950,4,212230142,0,8155,12.9910,8118,2,0x4effcb3026,962,7453,0,37,26615,8155,12.9910,8118,37,26611
830000,8192,4,3,1,212475902,4,212484094,0,8171,12.9949,8150,2,0x7309aacc20,1010,7426,0,21,26636,8171,12.9949,8150,21,26632
831000,8192,4,3,1,212729854,4,212738046,0,8161,12.9924,8130,2,0xc7f6fc7066,944,7430,0,31,26667,8161,12.9924,8130,31,26663
832000,8192,4,3,1,212991996,4,213000188,0,8162,12.9927,8132,2,0x4536e107bb,0,2,0,30,26697,8162,12.9927,8132,30,26693
833000,8192,4,3,1,213245950,4,213254142,0,8158,12.9917,8124,2,0x6a80e73a75,1025,7420,0,34,26731,8158,12.9917,8124,34,26727
834000,8192,4,3,1,213499902,4,213508094,0,8162,12.9927,8132,2,0x75f557d110,993,7431,0,30,26761,8162,12.9927,8132,30,26757
835000,8192,4,3,1,213753854,4,213762046,0,8158,12.9917,8124,2,0x331c5a5dbe,972,7405,0,34,26795,8158,12.9917,8124,34,26791
836000,8192,4,3,1,214015996,4,214024188,0,8156,12.9912,8120,2,0x9473938059,0,1,0,36,26831,8156,12.9912,8120,36,26827
837000,8192,4,3,1,214269950,4,214278142,0,8162,12.9926,8133,3,0xf3a6388964,1001,7422,0,29,26860,8162,12.9926,8133,29,26856
838000,8192,4,3,1,214523902,4,214532094,0,8165,12.9934,8138,2,0x322c0e4786,994,7426,0,27,26887,8165,12.9934,8138,27,26883
839000,8192,4,3,1,214777854,4,214786046,0,8159,12.9919,8126,2,0xdb03812663,1001,7432,0,33,26920,8159,12.9919,8126,33,26916
840000,8192,4,3,1,215039996,4,215048188,0,8147,12.9890,8102,2,0x084620eb59,0,2,0,45,26965,8147,12.9890,8102,45,26961
841000,8192,4,3,1,215293950,4,215302142,0,8163,12.9929,8134,2,0x194d562e8f,1015,7405,0,29,26994,8163,12.9929,8134,29,26990
842000,8192,4,3,1,215547902,4,215556094,0,8158,12.9917,8124,2,0x8dfa7d261c,915,7427,0,34,27028,8158,12.9917,8124,34,27024
843000,8192,4,3,1,215801854,4,215810046,0,8153,12.9905,8114,2,0xd6ee0e0573,1032,7433,0,39,27067,8153,12.9905,8114,39,27063
844000,8192,4,3,1,216063996,4,216072188,0,8163,12.9929,8134,2,0xcdb07a3d28,1,2,0,29,27096,8163,12.9929,8134,29,27092
845000,8192,4,3,1,216317950,4,216326142,0,8166,12.9937,8140,2,0xcf901e0b12,1043,7468,0,26,27122,8166,12.9937,8140,26,27118
846000,8192,4,3,1,216571902,4,216580094,0,8159,12.9919,8126,2,0x7bcff86a16,985,7393,0,33,27155,8159,12.9919,8126,33,27151
847000,8192,4,3,1,216825854,4,216834046,0,8158,12.9917,8124,2,0x4137de353e,965,7382,0,34,27189,8158,12.9917,8124,34,27185
848000,8192,4,3,1,217087996,4,217096188,0,8154,12.9907,8116,2,0xb7c1488e2e,0,2,0,38,27227,8154,12.9907,8116,38,27223
849000,8192,4,3,1,217341950,4,217350142,0,8163,12.9929,8134,2,0xe79732c0ef,916,7392,0,29,27256,8163,12.9929,8134,29,27252
850000,8192,4,3,1,217595902,4,217604094,0,8159,12.9919,8126,2,0xe121964e62,955,7420,0,33,27289,8159,12.9919,8126,33,27285
851000,8192,4,3,1,217849854,4,217858046,0,8156,12.9912,8120,2,0x04b30b2d3d,988,7427,0,36,27325,8156,12.9912,8120,36,27321
852000,8192,4,3,1,218111996,4,218120188,0,8167,12.9939,8142,2,0xaa9dabd2d7,1,2,0,25,27350,8167,12.9939,8142,25,27346
853000,8192,4,3,1,218365950,4,218374142,0,8170,12.9946,8148,2,0xbabe4632ba,993,7413,0,22,27372,8170,12.9946,8148,22,27368
854000,8192,4,3,1,218619902,4,218628094,0,8163,12.9929,8134,2,0xb506e28e0f,992,7437,0,29,27401,8163,12.9929,8134,29,27397
855000,8192,4,3,1,218873854,4,218882046,0,8160,12.9922,8128,2,0x101e8a23cf,954,7418,0,32,27433,8160,12.9922,8128,32,27429
856000,8192,4,3,1,219135996,4,219144188,0,8167,12.9939,8142,2,0x6ad4b74c27,0,1,0,25,27458,8167,12.9939,8142,25,27454
857000,8192,4,3,1,219389950,4,219398142,0,8168,12.9941,8144,2,0x74d531ab48,937,7377,0,24,27482,8168,12.9941,8144,24,27478
858000,8192,4,3,1,219643902,4,219652094,0,8155,12.9910,8118,2,0xadc21c4f2b,972,7465,0,37,27519,8155,12.9910,8118,37,27515
859000,8192,4,3,1,219897854,4,219906046,0,8161,12.9924,8130,2,0x4800864ae7,1025,7466,0,31,27550,8161,12.9924,8130,31,27546
860000,8192,4,3,1,220159996,4,220168188,0,8164,12.9932,8136,2,0xe45ade6bb0,1,2,0,28,27578,8164,12.9932,8136,28,27574
861000,8192,4,3,1,220413950,4,220422142,0,8164,12.9932,8136,2,0xcce4045fda,1005,7453,0,28,27606,8164,12.9932,8136,28,27602
862000,8192,4,3,1,220667902,4,220676094,0,8165,12.9934,8138,2,0x46c5d57e61,954,7418,0,27,27633,8165,12.9934,8138,27,27629
863000,8192,4,3,1,220921854,4,220930046,0,8152,12.9902,8112,2,0xe4f6a20ff7,964,7459,0,40,27673,8152,12.9902,8112,40,27669
864000,8192,4,3,1,221183996,4,221192188,0,8144,12.9882,8097,3,0xaab9581860,1,2,0,47,27720,8144,12.9882,8097,47,27716
865000,8192,4,3,1,221437950,4,221446142,0,8154,12.9907,8116,2,0xfdfac7a80c,970,7395,0,38,27758,8154,12.9907,8116,38,27754
866000,8192,4,3,1,221691902,4,221700094,0,8170,12.9946,8148,2,0xa92436b9bc,939,7402,0,22,27780,8170,12.9946,8148,22,27776
867000,8192,4,3,1,221945854,4,221954046,0,8163,12.9929,8134,2,0xe38d1da320,1012,7448,0,29,27809,8163,12.9929,8134,29,27805
868000,8192,4,3,1,222207996,4,222216188,0,8171,12.9949,8150,2,0x8ae51671f2,0,2,0,21,27830,8171,12.9949,8150,21,27826
869000,8192,4,3,1,222461950,4,222470142,0,8161,12.9924,8130,2,0xa07391a117,1001,7393,0,31,27861,8161,12.9924,8130,31,27857
870000,8192,4,3,1,222715902,4,222724094,0,8158,12.9916,8125,3,0xa6600f5e7d,943,7439,0,33,27894,8158,12.9916,8125,33,27890
871000,8192,4,3,1,222969854,4,222978046,0,8158,12.9917,8124,2,0x5b92dcac2c,961,7414,0,34,27928,8158,12.9917,8124,34,27924
872000,8192,4,3,1,223231996,4,223240188,0,8158,12.9917,8124,2,0xa84c0d2385,0,2,0,34,27962,8158,12.9917,8124,34,27958
873000,8192,4,3,1,223485950,4,223494142,0,8162,12.9927,8132,2,0x374ac1c7fc,929,7394,0,30,27992,8162,12.9927,8132,30,27988
874000,8192,4,3,1,223739902,4,223748094,0,8162,12.9927,8132,2,0x108bbcd09a,953,7416,0,30,28022,8162,12.9927,8132,30,28018
875000,8192,4,3,1,223993854,4,224002046,0,8166,12.9937,8140,2,0x59fedfdb91,1028,7442,0,26,28048,8166,12.9937,8140,26,28044
876000,8192,4,3,1,224255996,4,224264188,0,8155,12.9910,8118,2,0x11031ada36,0,1,0,37,28085,8155,12.9910,8118,37,28081
877000,8192,4,3,1,224509950,4,224518142,0,8155,12.9910,8118,2,0x7f76e86e9e,962,7483,0,37,28122,8155,12.9910,8118,37,28118
878000,8192,4,3,1,224763902,4,224772094,0,8164,12.9932,8136,2,0x77e4b8dd93,967,7421,0,28,28150,8164,12.9932,8136,28,28146
879000,8192,4,3,1,225017854,4,225026046,0,8150,12.9897,8108,2,0x9406d75a1a,941,7428,0,42,28192,8150,12.9897,8108,42,28188
880000,8192,4,3,1,225279996,4,225288188,0,8166,12.9937,8140,2,0x1469846eeb,0,2,0,26,28218,8166,12.9937,8140,26,28214
881000,8192,4,3,1,225533950,4,225542142,0,8167,12.9939,8142,2,0x4898365f3f,1000,7407,0,25,28243,8167,12.9939,8142,25,28239
882000,8192,4,3,1,225787902,4,225796094,0,8166,12.9937,8140,2,0xae95c94991,951,7433,0,26,28269,8166,12.9937,8140,26,28265
883000,8192,4,3,1,226041854,4,226050046,0,8158,12.9917,8124,2,0x2eb7f0f211,997,7399,0,34,28303,8158,12.9917,8124,34,28299
884000,8192,4,3,1,226303996,4,226312188,0,8162,12.9927,8132,2,0x502238fc0a,0,2,0,30,28333,8162,12.9927,8132,30,28329
885000,8192,4,3,1,226557950,4,226566142,0,8169,12.9944,8146,2,0xd07b9ac2a1,983,7446,0,23,28356,8169,12.9944,8146,23,28352
886000,8192,4,3,1,226811902,4,226820094,0,8163,12.9929,8134,2,0x937ef52e2e,964,7431,0,29,28385,8163,12.9929,8134,29,28381
887000,8192,4,3,1,227065854,4,227074046,0,8156,12.9912,8120,2,0xcfad6d04b9,1011,7415,0,36,28421,8156,12.9912,8120,36,28417
888000,8192,4,3,1,227327996,4,227336188,0,8160,12.9922,8128,2,0xe302378da4,0,2,0,32,28453,8160,12.9922,8128,32,28449
889000,8192,4,3,1,227581950,4,227590142,0,8157,12.9915,8122,2,0x8a3379c786,946,7401,0,35,28488,8157,12.9915,8122,35,28484
890000,8192,4,3,1,227835902,4,227844094,0,8163,12.9929,8134,2,0xcbfea08658,988,7370,0,29,28517,8163,12.9929,8134,29,28513
891000,8192,4,3,1,228089854,4,228098046,0,8159,12.9919,8126,2,0xec181a74a6,1060,7431,0,33,28550,8159,12.9919,8126,33,28546
892000,8192,4,3,1,228351996,4,228360188,0,8150,12.9897,8108,2,0x17659b98a2,0,2,0,42,28592,8150,12.9897,8108,42,28588
893000,8192,4,3,1,228605950,4,228614142,0,8164,12.9932,8136,2,0x4323565884,936,7420,0,28,28620,8164,12.9932,8136,28,28616
894000,8192,4,3,1,228859902,4,228868094,0,8154,12.9907,8116,2,0xe41a96c463,1047,7444,0,38,28658,8154,12.9907,8116,38,28654
895000,8192,4,3,1,229113854,4,229122046,0,8163,12.9929,8134,2,0x40e126e8c6,985,7433,0,29,28687,8163,12.9929,8134,29,28683
896000,8192,4,3,1,229375996,4,229384188,0,8160,12.9922,8128,2,0x1125afdc02,1,2,0,32,28719,8160,12.9922,8128,32,28715
897000,8192,4,3,1,229629950,4,229638142,0,8157,12.9915,8122,2,0x596ae884f8,989,7412,0,35,28754,8157,12.9915,8122,35,28750
898000,8192,4,3,1,229883902,4,229892094,0,8163,12.9929,8134,2,0x25e94c498a,999,7411,0,29,28783,8163,12.9929,8134,29,28779
899000,8192,4,3,1,230137854,4,230146046,0,8163,12.9929,8134,2,0x0124d67a7b,1018,7438,0,29,28812,8163,12.9929,8134,29,28808
900000,8192,4,3,1,230399996,4,230408188,0,8158,12.9917,8124,2,0x884e25b16d,0,2,0,34,28846,8158,12.9917,8124,34,28842
901000,8192,4,3,1,230653950,4,230662142,0,8162,12.9927,8132,2,0x7d769e5249,990,7426,0,30,28876,8162,12.9927,8132,30,28872
902000,8192,4,3,1,230907902,4,230916094,0,8161,12.9924,8130,2,0x254cca94d9,1014,7414,0,31,28907,8161,12.9924,8130,31,28903
903000,8192,4,3,1,231161854,4,231170046,0,8154,12.9907,8116,2,0x86743ce503,1012,7399,0,38,28945,8154,12.9907,8116,38,28941
904000,8192,4,3,1,231423996,4,231432188,0,8163,12.9929,8134,2,0xfdb906cf39,0,2,0,29,28974,8163,12.9929,8134,29,28970
905000,8192,4,3,1,231677950,4,231686142,0,8164,12.9932,8136,2,0x89cbeda15e,944,7408,0,28,29002,8164,12.9932,8136,28,28998
906000,8192,4,3,1,231931902,4,231940094,0,8157,12.9915,8122,2,0xbe43c3fea6,955,7465,0,35,29037,8157,12.9915,8122,35,29033
907000,8192,4,3,1,232185854,4,232194046,0,8163,12.9929,8134,2,0x3f130752d8,930,7425,0,29,29066,8163,12.9929,8134,29,29062
908000,8192,4,3,1,232447996,4,232456188,0,8156,12.9912,8120,2,0x5932e615b0,0,2,0,36,29102,8156,12.9912,8120,36,29098
909000,8192,4,3,1,232701950,4,232710142,0,8161,12.9924,8130,2,0xe7186c1770,932,7419,0,31,29133,8161,12.9924,8130,31,29129
910000,8192,4,3,1,232955902,4,232964094,0,8159,12.9919,8126,2,0x2db1ec054f,942,7427,0,33,29166,8159,12.9919,8126,33,29162
911000,8192,4,3,1,233209854,4,233218046,0,8159,12.9919,8127,3,0x2c031c6d01,1017,7400,0,32,29198,8159,12.9919,8127,32,29194
912000,8192,4,3,1,233471996,4,233480188,0,8153,12.9905,8114,2,0x00a1760776,0,2,0,39,29237,8153,12.9905,8114,39,29233
913000,8192,4,3,1,233725950,4,233734142,0,8160,12.9922,8128,2,0x5a9aeb8bf5,965,7459,0,32,29269,8160,12.9922,8128,32,29265
914000,8192,4,3,1,233979902,4,233988094,0,8162,12.9927,8132,2,0x41e56a823e,983,7430,0,30,29299,8162,12.9927,8132,30,29295
915000,8192,4,3,1,234233854,4,234242046,0,8164,12.9932,8136,2,0x20f69520de,978,7370,0,28,29327,8164,12.9932,8136,28,29323
916000,8192,4,3,1,234495996,4,234504188,0,8163,12.9929,8134,2,0xb9041f51b6,0,2,0,29,29356,8163,12.9929,8134,29,29352
917000,8192,4,3,1,234749950,4,234758142,0,8164,12.9932,8136,2,0x59528b7ad0,981,7446,0,28,29384,8164,12.9932,8136,28,29380
918000,8192,4,3,1,235003902,4,235012094,0,8163,12.9929,8134,2,0x8f45055605,1002,7414,0,29,29413,8163,12.9929,8134,29,29409
919000,8192,4,3,1,235257854,4,235266046,0,8166,12.9937,8140,2,0x7d2ebb238e,970,7455,0,26,29439,8166,12.9937,8140,26,29435
920000,8192,4,3,1,235519996,4,235528188,0,8158,12.9917,8124,2,0xa521284454,0,2,0,34,29473,8158,12.9917,8124,34,29469
921000,8192,4,3,1,235773950,4,235782142,0,8150,12.9897,8108,2,0x8fd1f7340f,966,7404,0,42,29515,8150,12.9897,8108,42,29511
922000,8192,4,3,1,236027902,4,236036094,0,8158,12.9917,8124,2,0x7e1b19b286,968,7416,0,34,29549,8158,12.9917,8124,34,29545
923000,8192,4,3,1,236281854,4,236290046,0,8153,12.9905,8114,2,0xa158d7ba8d,944,7430,0,39,29588,8153,12.9905,8114,39,29584
924000,8192,4,3,1,236543996,4,236552188,0,8162,12.9927,8132,2,0x57920bdf85,0,2,0,30,29618,8162,12.9927,8132,30,29614
925000,8192,4,3,1,236797950,4,236806142,0,8146,12.9888,8100,2,0xa1c90620df,991,7354,0,46,29664,8146,12.9888,8100,46,29660
926000,8192,4,3,1,237051902,4,237060094,0,8165,12.9934,8138,2,0xd6041f2864,1030,7445,0,27,29691,8165,12.9934,8138,27,29687
927000,8192,4,3,1,237305854,4,237314046,0,8152,12.9902,8112,2,0x6940730c02,1045,7413,0,40,29731,8152,12.9902,8112,40,29727
928000,8192,4,3,1,237567996,4,237576188,0,8156,12.9912,8120,2,0x6a4ea1ea16,0,2,0,36,29767,8156,12.9912,8120,36,29763
929000,8192,4,3,1,237821950,4,237830142,0,8164,12.9932,8136,2,0x12072fcc92,1038,7367,0,28,29795,8164,12.9932,8136,28,29791
930000,8192,4,3,1,238075902,4,238084094,0,8154,12.9907,8116,2,0x869037f3c1,1020,7393,0,38,29833,8154,12.9907,8116,38,29829
931000,8192,4,3,1,238329854,4,238338046,0,8169,12.9944,8146,2,0xcbecbbf9e8,993,7426,0,23,29856,8169,12.9944,8146,23,29852
932000,8192,4,3,1,238591996,4,238600188,0,8156,12.9912,8120,2,0xd9668b44d3,0,2,0,36,29892,8156,12.9912,8120,36,29888
933000,8192,4,3,1,238845950,4,238854142,0,8152,12.9901,8113,3,0x0890b9a57b,993,7413,0,39,29931,8152,12.9901,8113,39,29927
934000,8192,4,3,1,239099902,4,239108094,0,8154,12.9907,8116,2,0x34a547b097,968,7390,0,38,29969,8154,12.9907,8116,38,29965
935000,8192,4,3,1,239353854,4,239362046,0,8166,12.9937,8140,2,0xff10af67ed,984,7426,0,26,29995,8166,12.9937,8140,26,29991
936000,8192,4,3,1,239615996,4,239624188,0,8148,12.9893,8104,2,0xa45f2cf1f7,0,2,0,44,30039,8148,12.9893,8104,44,30035
937000,8192,4,3,1,239869950,4,239878142,0,8151,12.9900,8110,2,0x55fab4c044,999,7399,0,41,30080,8151,12.9900,8110,41,30076
938000,8192,4,3,1,240123902,4,240132094,0,8151,12.9899,8111,3,0x5aa82db069,999,7483,0,40,30120,8151,12.9899,8111,40,30116
939000,8192,4,3,1,240377854,4,240386046,0,8158,12.9917,8124,2,0x73c2c471ab,979,7473,0,34,30154,8158,12.9917,8124,34,30150
940000,8192,4,3,1,240639996,4,240648188,0,8157,12.9915,8122,2,0xf84ac32d7e,0,2,0,35,30189,8157,12.9915,8122,35,30185
941000,8192,4,3,1,240893950,4,240902142,0,8172,12.9951,8152,2,0x529382070b,891,7391,0,20,30209,8172,12.9951,8152,20,30205
942000,8192,4,3,1,241147902,4,241156094,0,8156,12.9912,8120,2,0x6e44e4f482,949,7462,0,36,30245,8156,12.9912,8120,36,30241
943000,8192,4,3,1,241401854,4,241410046,0,8159,12.9919,8126,2,0x51bc1eb13f,939,7357,0,33,30278,8159,12.9919,8126,33,30274
944000,8192,4,3,1,241663996,4,241672188,0,8153,12.9905,8114,2,0x6552121743,0,0,0,39,30317,8153,12.9905,8114,39,30313
945000,8192,4,3,1,241917950,4,241926142,0,8155,12.9910,8118,2,0x977e97b6ed,1001,7445,0,37,30354,8155,12.9910,8118,37,30350
946000,8192,4,3,1,242171902,4,242180094,0,8163,12.9929,8134,2,0x00808fe299,976,7378,0,29,30383,8163,12.9929,8134,29,30379
947000,8192,4,3,1,242425854,4,242434046,0,8163,12.9928,8135,3,0x5c2fe4b1e9,933,7393,0,28,30411,8163,12.9928,8135,28,30407
948000,8192,4,3,1,242687996,4,242696188,0,8158,12.9917,8124,2,0x24619278de,0,2,0,34,30445,8158,12.9917,8124,34,30441
949000,8192,4,3,1,242941950,4,242950142,0,8157,12.9915,8122,2,0x8bebc9af1a,975,7428,0,35,30480,8157,12.9915,8122,35,30476
950000,8192,4,3,1,243195902,4,243204094,0,8155,12.9909,8119,3,0x27bb2a70ad,964,7379,0,36,30516,8155,12.9909,8119,36,30512
951000,8192,4,3,1,243449854,4,243458046,0,8163,12.9929,8134,2,0xb8cf4a9752,929,7436,0,29,30545,8163,12.9929,8134,29,30541
952000,8192,4,3,1,243711996,4,243720188,0,8158,12.9917,8124,2,0x5c05a3a1c4,0,2,0,34,30579,8158,12.9917,8124,34,30575
953000,8192,4,3,1,243965950,4,243974142,0,8164,12.9932,8136,2,0x4aae00fe6e,941,7397,0,28,30607,8164,12.9932,8136,28,30603
954000,8192,4,3,1,244219902,4,244228094,0,8164,12.9932,8136,2,0xb30f6478d8,1010,7440,0,28,30635,8164,12.9932,8136,28,30631
955000,8192,4,3,1,244473854,4,244482046,0,8169,12.9944,8146,2,0xbc87818058,947,7395,0,23,30658,8169,12.9944,8146,23,30654
956000,8192,4,3,1,244735996,4,244744188,0,8162,12.9927,8132,2,0xd8728ea57e,0,2,0,30,30688,8162,12.9927,8132,30,30684
957000,8192,4,3,1,244989950,4,244998142,0,8151,12.9900,8110,2,0x08ed4a34c3,972,7448,0,41,30729,8151,12.9900,8110,41,30725
958000,8192,4,3,1,245243902,4,245252094,0,8164,12.9932,8136,2,0xf86b9f01d0,964,7395,0,28,30757,8164,12.9932,8136,28,30753
959000,8192,4,3,1,245497854,4,245506046,0,8171,12.9949,8150,2,0x6d2325a101,992,7432,0,21,30778,8171,12.9949,8150,21,30774
960000,8192,4,3,1,245759996,4,245768188,0,8158,12.9917,8124,2,0x991eb74b9c,0,2,0,34,30812,8158,12.9917,8124,34,30808
961000,8192,4,3,1,246013950,4,246022142,0,8167,12.9939,8142,2,0xff62d12e4f,950,7425,0,25,30837,8167,12.9939,8142,25,30833
962000,8192,4,3,1,246267902,4,246276094,0,8153,12.9905,8114,2,0x65cf928a18,988,7426,0,39,30876,8153,12.9905,8114,39,30872
963000,8192,4,3,1,246521854,4,246530046,0,8162,12.9927,8132,2,0xa4e5fd378a,971,7436,0,30,30906,8163,12.9929,8134,29,30901
964000,8192,4,3,1,246783996,4,246792188,0,8158,12.9917,8124,2,0xeae892f2a1,1,2,0,34,30940,8158,12.9917,8124,34,30935
965000,8192,4,3,1,247037950,4,247046142,0,8159,12.9919,8126,2,0x6740d6ea36,944,7407,0,33,30973,8159,12.9919,8126,33,30968
966000,8192,4,3,1,247291902,4,247300094,0,8167,12.9939,8142,2,0x2fea00ab8d,1013,7387,0,25,30998,8167,12.9939,8142,25,30993
967000,8192,4,3,1,247545854,4,247554046,0,8163,12.9929,8134,2,0x4bff3190e9,986,7324,0,29,31027,8163,12.9929,8134,29,31022
968000,8192,4,3,1,247807996,4,247816188,0,8153,12.9905,8114,2,0xee091d02f4,1,2,0,39,31066,8153,12.9905,8114,39,31061
969000,8192,4,3,1,248061950,4,248070142,0,8167,12.9939,8142,2,0x0ad71b21bf,1023,7419,0,25,31091,8167,12.9939,8142,25,31086
970000,8192,4,3,1,248315902,4,248324094,0,8168,12.9941,8144,2,0x6f479a0003,1027,7447,0,24,31115,8168,12.9941,8144,24,31110
971000,8192,4,3,1,248569854,4,248578046,0,8154,12.9906,8117,3,0x21dd486848,931,7419,0,37,31152,8154,12.9906,8117,37,31147
972000,8192,4,3,1,248831996,4,248840188,0,8164,12.9931,8137,3,0xb4f71b0fc0,1,1,0,27,31179,8164,12.9931,8137,27,31174
973000,8192,4,3,1,249085950,4,249094142,0,8160,12.9922,8128,2,0x51b8a3c3e6,957,7450,0,32,31211,8160,12.9922,8128,32,31206
974000,8192,4,3,1,249339902,4,249348094,0,8163,12.9928,8135,3,0x4ca1e145a6,976,7366,0,28,31239,8163,12.9928,8135,28,31234
975000,8192,4,3,1,249593854,4,249602046,0,8165,12.9934,8138,2,0x0e0659e3d3,1044,7402,0,27,31266,8165,12.9934,8138,27,31261
976000,8192,4,3,1,249855996,4,249864188,0,8164,12.9932,8136,2,0xb42bb48908,0,2,0,28,31294,8164,12.9932,8136,28,31289
977000,8192,4,3,1,250109950,4,250118142,0,8162,12.9927,8132,2,0x1a52eeef1c,949,7400,0,30,31324,8162,12.9927,8132,30,31319
978000,8192,4,3,1,250363902,4,250372094,0,8169,12.9944,8146,2,0xdd22dcbffd,987,7442,0,23,31347,8169,12.9944,8146,23,31342
979000,8192,4,3,1,250617854,4,250626046,0,8165,12.9934,8138,2,0x19405561e6,931,7432,0,27,31374,8165,12.9934,8138,27,31369
980000,8192,4,3,1,250879996,4,250888188,0,8155,12.9910,8118,2,0xabba2e73f8,1,2,0,37,31411,8155,12.9910,8118,37,31406
981000,8192,4,3,1,251133950,4,251142142,0,8155,12.9910,8118,2,0x75866c21a1,1029,7429,0,37,31448,8155,12.9910,8118,37,31443
982000,8192,4,3,1,251387902,4,251396094,0,8163,12.9929,8134,2,0x57fa79d0a1,983,7399,0,29,31477,8163,12.9929,8134,29,31472
983000,8192,4,3,1,251641854,4,251650046,0,8151,12.9900,8110,2,0xae26ff3e37,992,7416,0,41,31518,8151,12.9900,8110,41,31513
984000,8192,4,3,1,251903996,4,251912188,0,8162,12.9926,8133,3,0x4603af601a,0,2,0,29,31547,8162,12.9926,8133,29,31542
985000,8192,4,3,1,252157950,4,252166142,0,8167,12.9939,8142,2,0x815e9c83e5,949,7425,0,25,31572,8167,12.9939,8142,25,31567
986000,8192,4,3,1,252411902,4,252420094,0,8159,12.9919,8126,2,0x825855b6a9,980,7445,0,33,31605,8159,12.9919,8126,33,31600
987000,8192,4,3,1,252665854,4,252674046,0,8151,12.9900,8110,2,0x6baeff21e9,951,7416,0,41,31646,8151,12.9900,8110,41,31641
988000,8192,4,3,1,252927996,4,252936188,0,8162,12.9927,8132,2,0xa3e624c083,1,1,0,30,31676,8162,12.9927,8132,30,31671
989000,8192,4,3,1,253181950,4,253190142,0,8161,12.9924,8130,2,0x12242c0158,996,7408,0,31,31707,8161,12.9924,8130,31,31702
990000,8192,4,3,1,253435902,4,253444094,0,8153,12.9905,8114,2,0x45235d47a8,978,7417,0,39,31746,8153,12.9905,8114,39,31741
991000,8192,4,3,1,253689854,4,253698046,0,8167,12.9939,8142,2,0x437a3dd419,987,7421,0,25,31771,8167,12.9939,8142,25,31766
992000,8192,4,3,1,253951996,4,253960188,0,8144,12.9881,8098,3,0x57b251ebf4,0,2,0,46,31817,8144,12.9881,8098,46,31812
993000,8192,4,3,1,254205950,4,254214142,0,8164,12.9932,8136,2,0xd56e282380,945,7361,0,28,31845,8164,12.9932,8136,28,31840
994000,8192,4,3,1,254459902,4,254468094,0,8165,12.9934,8138,2,0x003768bcef,965,7404,0,27,31872,8165,12.9934,8138,27,31867
995000,8192,4,3,1,254713854,4,254722046,0,8160,12.9922,8128,2,0x126eb269ef,983,7364,0,32,31904,8160,12.9922,8128,32,31899
996000,8192,4,3,1,254975996,4,254984188,0,8159,12.9919,8126,2,0xf5dbf8cadf,0,2,0,33,31937,8159,12.9919,8126,33,31932
997000,8192,4,3,1,255229950,4,255238142,0,8166,12.9937,8140,2,0xeeea94e04c,943,7371,0,26,31963,8166,12.9937,8140,26,31958
998000,8192,4,3,1,255483902,4,255492094,0,8153,12.9905,8114,2,0xf7487c9dd8,947,7418,0,39,32002,8153,12.9905,8114,39,31997
999000,8192,4,3,1,255737854,4,255746046,0,8157,12.9915,8122,2,0xcbdc3275f1,949,7438,0,35,32037,8157,12.9915,8122,35,32032
1000000,8192,4,3,1,255999996,4,256008188,0,8159,12.9919,8126,2,0x538bf4bcfd,0,1,0,33,32070,8159,12.9919,8126,33,32065
1001000,8192,4,3,1,256253950,4,256262142,0,8155,12.9910,8118,2,0x6f5cc45a61,972,7386,0,37,32107,8155,12.9910,8118,37,32102
1002000,8192,4,3,1,256507902,4,256516094,0,8159,12.9919,8126,2,0x1b2f2b7e38,1028,7475,0,33,32140,8159,12.9919,8126,33,32135
1003000,8192,4,3,1,256761854,4,256770046,0,8156,12.9912,8120,2,0xabf008eafb,997,7432,0,36,32176,8156,12.9912,8120,36,32171
1004000,8192,4,3,1,257023996,4,257032188,0,8172,12.9951,8152,2,0x00894fa2df,0,2,0,20,32196,8172,12.9951,8152,20,32191
1005000,8192,4,3,1,257277950,4,257286142,0,8163,12.9929,8134,2,0x1968e83ebe,962,7354,0,29,32225,8163,12.9929,8134,29,32220
1006000,8192,4,3,1,257531902,4,257540094,0,8163,12.9929,8134,2,0x97a7f99ca2,956,7422,0,29,32254,8163,12.9929,8134,29,32249
1007000,8192,4,3,1,257785854,4,257794046,0,8161,12.9924,8130,2,0x9bfd8d63c9,989,7476,0,31,32285,8161,12.9924,8130,31,32280
1008000,8192,4,3,1,258047996,4,258056188,0,8164,12.9932,8136,2,0xc1b25ae44d,0,1,0,28,32313,8164,12.9932,8136,28,32308
1009000,8192,4,3,1,258301950,4,258310142,0,8163,12.9929,8134,2,0xaa40234a57,984,7408,0,29,32342,8163,12.9929,8134,29,32337
1010000,8192,4,3,1,258555902,4,258564094,0,8159,12.9919,8126,2,0xc835ae52e1,957,7407,0,33,32375,8159,12.9919,8126,33,32370
1011000,8192,4,3,1,258809854,4,258818046,0,8158,12.9917,8124,2,0x6b497765fe,997,7402,0,34,32409,8158,12.9917,8124,34,32404
1012000,8192,4,3,1,259071996,4,259080188,0,8155,12.9910,8118,2,0xbb02f8a6dc,1,1,0,37,32446,8155,12.9910,8118,37,32441
1013000,8192,4,3,1,259325950,4,259334142,0,8164,12.9932,8136,2,0x1b27ba1efd,913,7402,0,28,32474,8164,12.9932,8136,28,32469
1014000,8192,4,3,1,259579902,4,259588094,0,8167,12.9939,8142,2,0x061cd9f0bb,997,7427,0,25,32499,8167,12.9939,8142,25,32494
1015000,8192,4,3,1,259833854,4,259842046,0,8161,12.9924,8130,2,0x3cdf318b69,1004,7452,0,31,32530,8161,12.9924,8130,31,32525
1016000,8192,4,3,1,260095996,4,260104188,0,8165,12.9934,8138,2,0x730927b9d4,0,2,0,27,32557,8165,12.9934,8138,27,32552
1017000,8192,4,3,1,260349950,4,260358142,0,8158,12.9917,8124,2,0x0cb527a1cf,976,7454,0,34,32591,8158,12.9917,8124,34,32586
1018000,8192,4,3,1,260603902,4,260612094,0,8147,12.9889,8103,3,0xfb61b259eb,989,7392,0,44,32635,8147,12.9889,8103,44,32630
1019000,8192,4,3,1,260857854,4,260866046,0,8150,12.9897,8108,2,0x5c1a3ed4d2,1049,7457,0,42,32677,8150,12.9897,8108,42,32672
1020000,8192,4,3,1,261119996,4,261128188,0,8167,12.9939,8142,2,0xdae59c0109,0,2,0,25,32702,8167,12.9939,8142,25,32697
1021000,8192,4,3,1,261373950,4,261382142,0,8162,12.9927,8132,2,0x10b246dc7d,964,7453,0,30,32732,8162,12.9927,8132,30,32727
1022000,8192,4,3,1,261627902,4,261636094,0,8162,12.9927,8132,2,0xb5b1077caf,1020,7422,0,30,32762,8162,12.9927,8132,30,32757
1023000,8192,4,3,1,261881854,4,261890046,0,8159,12.9919,8126,2,0x121c1a0a40,998,7415,0,33,32795,8159,12.9919,8126,33,32790
1024000,8192,4,3,1,262143996,4,262152188,0,8164,12.9932,8136,2,0x9bed6e2d46,0,1,0,28,32823,8164,12.9932,8136,28,32818
1025000,8192,4,3,1,262397950,4,262406142,0,8164,12.9932,8136,2,0xcc54872d15,976,7440,0,28,32851,8164,12.9932,8136,28,32846
1026000,8192,4,3,1,262651902,4,262660094,0,8173,12.9954,8154,2,0x47b4a00b70,1017,7423,0,19,32870,8173,12.9954,8154,19,32865
1027000,8192,4,3,1,262905854,4,262914046,0,8156,12.9912,8120,2,0x69f9b9fbf8,945,7397,0,36,32906,8156,12.9912,8120,36,32901
1028000,8192,4,3,1,263167996,4,263176188,0,8164,12.9932,8136,2,0x43074ba2c5,0,2,0,28,32934,8164,12.9932,8136,28,32929
1029000,8192,4,3,1,263421950,4,263430142,0,8158,12.9917,8124,2,0x7435469e65,957,7409,0,34,32968,8158,12.9917,8124,34,32963
1030000,8192,4,3,1,263675902,4,263684094,0,8161,12.9924,8130,2,0x53aa115e94,977,7434,0,31,32999,8161,12.9924,8130,31,32994
1031000,8192,4,3,1,263929854,4,263938046,0,8159,12.9919,8126,2,0x866866bdb7,1027,7442,0,33,33032,8159,12.9919,8126,33,33027
1032000,8192,4,3,1,264191996,4,264200188,0,8155,12.9910,8118,2,0x2d9d6c9dc0,0,2,0,37,33069,8155,12.9910,8118,37,33064
1033000,8192,4,3,1,264445950,4,264454142,0,8157,12.9915,8122,2,0xb15302610c,1012,7430,0,35,33104,8157,12.9915,8122,35,33099
1034000,8192,4,3,1,264699902,4,264708094,0,8149,12.9895,8106,2,0xe3002a3ada,1016,7448,0,43,33147,8149,12.9895,8106,43,33142
1035000,8192,4,3,1,264953854,4,264962046,0,8161,12.9924,8130,2,0x4648a999e1,964,7403,0,31,33178,8161,12.9924,8130,31,33173
1036000,8192,4,3,1,265215996,4,265224188,0,8150,12.9897,8109,3,0x1aa41798b0,0,1,0,41,33219,8150,12.9897,8109,41,33214
1037000,8192,4,3,1,265469950,4,265478142,0,8165,12.9934,8138,2,0x6467534b54,979,7432,0,27,33246,8165,12.9934,8138,27,33241
1038000,8192,4,3,1,265723902,4,265732094,0,8162,12.9927,8132,2,0xd7a5207bdb,982,7437,0,30,33276,8162,12.9927,8132,30,33271
1039000,8192,4,3,1,265977854,4,265986046,0,8166,12.9937,8140,2,0xac4d71809c,972,7451,0,26,33302,8166,12.9937,8140,26,33297
1040000,8192,4,3,1,266239996,4,266248188,0,8162,12.9927,8132,2,0xcf92a9c494,0,1,0,30,33332,8162,12.9927,8132,30,33327
1041000,8192,4,3,1,266493950,4,266502142,0,8162,12.9927,8132,2,0x6b8bfab79e,1010,7425,0,30,33362,8162,12.9927,8132,30,33357
1042000,8192,4,3,1,266747902,4,266756094,0,8155,12.9910,8118,2,0x8aaf379596,953,7403,0,37,33399,8155,12.9910,8118,37,33394
1043000,8192,4,3,1,267001854,4,267010046,0,8158,12.9917,8124,2,0xdf4c9fd6d4,1031,7434,0,34,33433,8158,12.9917,8124,34,33428
1044000,8192,4,3,1,267263996,4,267272188,0,8158,12.9917,8124,2,0x5005d980b8,1,2,0,34,33467,8158,12.9917,8124,34,33462
1045000,8192,4,3,1,267517950,4,267526142,0,8165,12.9934,8138,2,0xcf88a5802d,968,7415,0,27,33494,8165,12.9934,8138,27,33489
1046000,8192,4,3,1,267771902,4,267780094,0,8157,12.9915,8122,2,0xf14920ac31,978,7417,0,35,33529,8157,12.9915,8122,35,33524
1047000,8192,4,3,1,268025854,4,268034046,0,8170,12.9946,8148,2,0x71f4882f96,995,7418,0,22,33551,8170,12.9946,8148,22,33546
1048000,8192,4,3,1,268287996,4,268296188,0,8161,12.9923,8131,3,0x7544491f16,1,2,0,30,33581,8161,12.9923,8131,30,33576
1049000,8192,4,3,1,268541950,4,268550142,0,8151,12.9900,8110,2,0xf75f6a92c2,1027,7401,0,41,33622,8151,12.9900,8110,41,33617
1050000,8192,4,3,1,268795902,4,268804094,0,8154,12.9907,8116,2,0x94e8b3d258,960,7399,0,38,33660,8154,12.9907,8116,38,33655
1051000,8192,4,3,1,269049854,4,269058046,0,8162,12.9927,8132,2,0xad279ba1b6,1000,7408,0,30,33690,8162,12.9927,8132,30,33685
1052000,8192,4,3,1,269311996,4,269320188,0,8162,12.9927,8132,2,0x85c6b713a6,2,2,0,30,33720,8162,12.9927,8132,30,33715
1053000,8192,4,3,1,269565950,4,269574142,0,8157,12.9915,8122,2,0xfc3194c7c3,942,7456,0,35,33755,8157,12.9915,8122,35,33750
1054000,8192,4,3,1,269819902,4,269828094,0,8160,12.9922,8128,2,0x6865d11a51,990,7388,0,32,33787,8160,12.9922,8128,32,33782
1055000,8192,4,3,1,270073854,4,270082046,0,8163,12.9929,8134,2,0x059f5a194c,970,7413,0,29,33816,8163,12.9929,8134,29,33811
1056000,8192,4,3,1,270335996,4,270344188,0,8170,12.9946,8148,2,0xa57424c60b,0,1,0,22,33838,8170,12.9946,8148,22,33833
1057000,8192,4,3,1,270589950,4,270598142,0,8162,12.9927,8132,2,0xd6034f2fb3,1010,7392,0,30,33868,8162,12.9927,8132,30,33863
1058000,8192,4,3,1,270843902,4,270852094,0,8165,12.9934,8138,2,0x645f05f2db,988,7433,0,27,33895,8165,12.9934,8138,27,33890
1059000,8192,4,3,1,271097854,4,271106046,0,8163,12.9929,8134,2,0x2c45126d47,1000,7445,0,29,33924,8163,12.9929,8134,29,33919
1060000,8192,4,3,1,271359996,4,271368188,0,8166,12.9937,8140,2,0x9bf4cf5552,0,2,0,26,33950,8166,12.9937,8140,26,33945
1061000,8192,4,3,1,271613950,4,271622142,0,8164,12.9932,8136,2,0x54bf5f26e1,1020,7444,0,28,33978,8164,12.9932,8136,28,33973
1062000,8192,4,3,1,271867902,4,271876094,0,8158,12.9917,8124,2,0x0575d5b4db,1027,7451,0,34,34012,8158,12.9917,8124,34,34007
1063000,8192,4,3,1,272121854,4,272130046,0,8146,12.9888,8100,2,0xcc92effac8,966,7432,0,46,34058,8146,12.9888,8100,46,34053
1064000,8192,4,3,1,272383996,4,272392188,0,8162,12.9927,8132,2,0x845d4c9bed,1,2,0,30,34088,8162,12.9927,8132,30,34083
1065000,8192,4,3,1,272637950,4,272646142,0,8164,12.9932,8136,2,0xce0ed52134,936,7432,0,28,34116,8165,12.9934,8138,27,34110
1066000,8192,4,3,1,272891902,4,272900094,0,8161,12.9924,8130,2,0xa461ab1292,993,7369,0,31,34147,8161,12.9924,8130,31,34141
1067000,8192,4,3,1,273145854,4,273154046,0,8160,12.9922,8128,2,0x23fe6cc39e,1044,7505,0,32,34179,8160,12.9922,8128,32,34173
1068000,8192,4,3,1,273407996,4,273416188,0,8153,12.9905,8114,2,0x20670ce545,0,1,0,39,34218,8153,12.9905,8114,39,34212
1069000,8192,4,3,1,273661950,4,273670142,0,8157,12.9915,8122,2,0xfe5f68e2ae,944,7389,0,35,34253,8157,12.9915,8122,35,34247
1070000,8192,4,3,1,273915902,4,273924094,0,8160,12.9922,8128,2,0x3d3fc65069,981,7455,0,32,34285,8160,12.9922,8128,32,34279
1071000,8192,4,3,1,274169854,4,274178046,0,8156,12.9912,8120,2,0x52aae51839,1011,7474,0,36,34321,8156,12.9912,8120,36,34315
1072000,8192,4,3,1,274431996,4,274440188,0,8157,12.9915,8122,2,0x8053a6ec94,0,2,0,35,34356,8157,12.9915,8122,35,34350
1073000,8192,4,3,1,274685950,4,274694142,0,8157,12.9915,8122,2,0xa720002d7e,936,7393,0,35,34391,8157,12.9915,8122,35,34385
1074000,8192,4,3,1,274939902,4,274948094,0,8163,12.9929,8134,2,0xa33a3b9b35,994,7383,0,29,34420,8163,12.9929,8134,29,34414
1075000,8192,4,3,1,275193854,4,275202046,0,8168,12.9941,8144,2,0x5f51445af7,936,7416,0,24,34444,8168,12.9941,8144,24,34438
1076000,8192,4,3,1,275455996,4,275464188,0,8152,12.9902,8112,2,0x1983e8f765,0,2,0,40,34484,8152,12.9902,8112,40,34478
1077000,8192,4,3,1,275709950,4,275718142,0,8162,12.9927,8132,2,0xea9ca707e3,946,7468,0,30,34514,8162,12.9927,8132,30,34508
1078000,8192,4,3,1,275963902,4,275972094,0,8161,12.9924,8130,2,0xe58f003a54,984,7459,0,31,34545,8161,12.9924,8130,31,34539
1079000,8192,4,3,1,276217854,4,276226046,0,8166,12.9937,8140,2,0xbb8cacdd8b,963,7426,0,26,34571,8166,12.9937,8140,26,34565
1080000,8192,4,3,1,276479996,4,276488188,0,8160,12.9921,8129,3,0x83e5b1f05e,1,1,0,31,34602,8160,12.9921,8129,31,34596
1081000,8192,4,3,1,276733950,4,276742142,0,8164,12.9932,8136,2,0x05385a2f35,998,7434,0,28,34630,8164,12.9932,8136,28,34624
1082000,8192,4,3,1,276987902,4,276996094,0,8163,12.9929,8134,2,0xf1c1435c81,977,7424,0,29,34659,8163,12.9929,8134,29,34653
1083000,8192,4,3,1,277241854,4,277250046,0,8152,12.9902,8112,2,0x50d3cb4838,1011,7393,0,40,34699,8152,12.9902,8112,40,34693
1084000,8192,4,3,1,277503996,4,277512188,0,8169,12.9944,8146,2,0x85d7803b31,0,2,0,23,34722,8169,12.9944,8146,23,34716
1085000,8192,4,3,1,277757950,4,277766142,0,8163,12.9929,8134,2,0x06bf7ce002,952,7420,0,29,34751,8163,12.9929,8134,29,34745
1086000,8192,4,3,1,278011902,4,278020094,0,8168,12.9941,8144,2,0x6232247e1c,931,7379,0,24,34775,8168,12.9941,8144,24,34769
1087000,8192,4,3,1,278265854,4,278274046,0,8158,12.9917,8124,2,0x444892b714,949,7416,0,34,34809,8158,12.9917,8124,34,34803
1088000,8192,4,3,1,278527996,4,278536188,0,8160,12.9922,8128,2,0x775c8c701a,0,2,0,32,34841,8160,12.9922,8128,32,34835
1089000,8192,4,3,1,278781950,4,278790142,0,8153,12.9905,8114,2,0x035ee8ad2d,971,7410,0,39,34880,8153,12.9905,8114,39,34874
1090000,8192,4,3,1,279035902,4,279044094,0,8163,12.9929,8134,2,0x8c1dfcfac8,1002,7368,0,29,34909,8163,12.9929,8134,29,34903
1091000,8192,4,3,1,279289854,4,279298046,0,8169,12.9944,8146,2,0x85ac90880a,1004,7419,0,23,34932,8169,12.9944,8146,23,34926
1092000,8192,4,3,1,279551996,4,279560188,0,8173,12.9954,8154,2,0xf6f906489a,0,2,0,19,34951,8173,12.9954,8154,19,34945
1093000,8192,4,3,1,279805950,4,279814142,0,8156,12.9912,8120,2,0x35f747e792,930,7428,0,36,34987,8156,12.9912,8120,36,34981
1094000,8192,4,3,1,280059902,4,280068094,0,8164,12.9932,8136,2,0xd276a91acd,954,7403,0,28,35015,8164,12.9932,8136,28,35009
1095000,8192,4,3,1,280313854,4,280322046,0,8157,12.9915,8122,2,0x5261b6a772,986,7440,0,35,35050,8157,12.9915,8122,35,35044
1096000,8192,4,3,1,280575996,4,280584188,0,8153,12.9905,8114,2,0x1a2fa2815a,0,1,0,39,35089,8153,12.9905,8114,39,35083
1097000,8192,4,3,1,280829950,4,280838142,0,8159,12.9919,8126,2,0x2d6bc0b5e9,963,7407,0,33,35122,8159,12.9919,8126,33,35116
1098000,8192,4,3,1,281083902,4,281092094,0,8152,12.9901,8113,3,0x05969c97b7,977,7404,0,39,35161,8152,12.9901,8113,39,35155
1099000,8192,4,3,1,281337854,4,281346046,0,8166,12.9937,8140,2,0x410a8d81e2,1029,7440,0,26,35187,8166,12.9937,8140,26,35181
1100000,8192,4,3,1,281599996,4,281608188,0,8162,12.9927,8132,2,0x55f085dbfb,0,1,0,30,35217,8162,12.9927,8132,30,35211
1101000,8192,4,3,1,281853950,4,281862142,0,8161,12.9924,8130,2,0x2220c32c1f,968,7375,0,31,35248,8161,12.9924,8130,31,35242
1102000,8192,4,3,1,282107902,4,282116094,0,8163,12.9929,8134,2,0x66f66a8e9c,1018,7466,0,29,35277,8163,12.9929,8134,29,35271
1103000,8192,4,3,1,282361854,4,282370046,0,8163,12.9929,8134,2,0xda6083d109,976,7422,0,29,35306,8163,12.9929,8134,29,35300
1104000,8192,4,3,1,282623996,4,282632188,0,8165,12.9934,8138,2,0xb53d848371,0,2,0,27,35333,8165,12.9934,8138,27,35327
1105000,8192,4,3,1,282877950,4,282886142,0,8161,12.9924,8130,2,0x2b263d9968,968,7422,0,31,35364,8161,12.9924,8130,31,35358
1106000,8192,4,3,1,283131902,4,283140094,0,8158,12.9917,8124,2,0x09a8cf142e,990,7432,0,34,35398,8158,12.9917,8124,34,35392
1107000,8192,4,3,1,283385854,4,283394046,0,8148,12.9891,8106,3,0x159f77defe,1009,7435,0,42,35440,8148,12.9891,8106,42,35434
1108000,8192,4,3,1,283647996,4,283656188,0,8158,12.9917,8124,2,0x3cbbf38985,1,2,0,34,35474,8158,12.9917,8124,34,35468
1109000,8192,4,3,1,283901950,4,283910142,0,8164,12.9932,8136,2,0x95de5cd8a5,991,7428,0,28,35502,8164,12.9932,8136,28,35496
1110000,8192,4,3,1,284155902,4,284164094,0,8160,12.9922,8128,2,0x550bcd893f,929,7444,0,32,35534,8160,12.9922,8128,32,35528
1111000,8192,4,3,1,284409854,4,284418046,0,8152,12.9902,8112,2,0x2c68ad5820,993,7434,0,40,35574,8152,12.9902,8112,40,35568
1112000,8192,4,3,1,284671996,4,284680188,0,8169,12.9944,8146,2,0x06257edf22,0,1,0,23,35597,8169,12.9944,8146,23,35591
1113000,8192,4,3,1,284925950,4,284934142,0,8163,12.9929,8134,2,0xef73bbca48,1025,7402,0,29,35626,8163,12.9929,8134,29,35620
1114000,8192,4,3,1,285179902,4,285188094,0,8160,12.9922,8128,2,0x268a46bbe8,950,7448,0,32,35658,8160,12.9922,8128,32,35652
1115000,8192,4,3,1,285433854,4,285442046,0,8162,12.9927,8132,2,0x6818a6e35b,982,7434,0,30,35688,8162,12.9927,8132,30,35682
1116000,8192,4,3,1,285695996,4,285704188,0,8161,12.9924,8130,2,0xf2db433725,0,2,0,31,35719,8161,12.9924,8130,31,35713
1117000,8192,4,3,1,285949950,4,285958142,0,8166,12.9937,8140,2,0x6f50b9a0bc,1000,7430,0,26,35745,8166,12.9937,8140,26,35739
1118000,8192,4,3,1,286203902,4,286212094,0,8158,12.9917,8124,2,0x2ebecb0f64,997,7440,0,34,35779,8158,12.9917,8124,34,35773
1119000,8192,4,3,1,286457854,4,286466046,0,8161,12.9923,8131,3,0xae8f57bbf6,1008,7415,0,30,35809,8161,12.9923,8131,30,35803
1120000,8192,4,3,1,286719996,4,286728188,0,8156,12.9912,8120,2,0xe27bfaf5fe,0,2,0,36,35845,8156,12.9912,8120,36,35839
1121000,8192,4,3,1,286973950,4,286982142,0,8163,12.9929,8134,2,0xd854011ec4,959,7407,0,29,35874,8163,12.9929,8134,29,35868
1122000,8192,4,3,1,287227902,4,287236094,0,8157,12.9915,8122,2,0x2481c6f817,988,7460,0,35,35909,8157,12.9915,8122,35,35903
1123000,8192,4,3,1,287481854,4,287490046,0,8171,12.9949,8150,2,0x3a4d52d9e3,954,7426,0,21,35930,8171,12.9949,8150,21,35924
1124000,8192,4,3,1,287743996,4,287752188,0,8169,12.9944,8146,2,0xde942c818a,0,2,0,23,35953,8169,12.9944,8146,23,35947
1125000,8192,4,3,1,287997950,4,288006142,0,8152,12.9902,8112,2,0xd0cfa28587,1008,7420,0,40,35993,8152,12.9902,8112,40,35987
1126000,8192,4,3,1,288251902,4,288260094,0,8164,12.9932,8136,2,0xd427b54dab,924,7453,0,28,36021,8164,12.9932,8136,28,36015
1127000,8192,4,3,1,288505854,4,288514046,0,8168,12.9941,8144,2,0xcb99a59bcd,962,7414,0,24,36045,8168,12.9941,8144,24,36039
1128000,8192,4,3,1,288767996,4,288776188,0,8159,12.9919,8126,2,0x5c1865690b,0,0,0,33,36078,8159,12.9919,8126,33,36072
1129000,8192,4,3,1,289021950,4,289030142,0,8161,12.9924,8130,2,0x2172903894,1025,7393,0,31,36109,8161,12.9924,8130,31,36103
1130000,8192,4,3,1,289275902,4,289284094,0,8163,12.9929,8134,2,0x73a2dd4259,1059,7425,0,29,36138,8163,12.9929,8134,29,36132
1131000,8192,4,3,1,289529854,4,289538046,0,8155,12.9910,8118,2,0x7c5e9d797c,943,7430,0,37,36175,8155,12.9910,8118,37,36169
1132000,8192,4,3,1,289791996,4,289800188,0,8165,12.9934,8138,2,0x8881a2ed08,0,1,0,27,36202,8165,12.9934,8138,27,36196
1133000,8192,4,3,1,290045950,4,290054142,0,8153,12.9905,8114,2,0x8ed0b1254a,926,7398,0,39,36241,8153,12.9905,8114,39,36235
1134000,8192,4,3,1,290299902,4,290308094,0,8161,12.9924,8130,2,0xdf1b4f1a00,972,7454,0,31,36272,8161,12.9924,8130,31,36266
1135000,8192,4,3,1,290553854,4,290562046,0,8161,12.9924,8130,2,0x93b165d483,983,7409,0,31,36303,8161,12.9924,8130,31,36297
1136000,8192,4,3,1,290815996,4,290824188,0,8169,12.9944,8146,2,0x6128bdf37e,1,2,0,23,36326,8169,12.9944,8146,23,36320
1137000,8192,4,3,1,291069950,4,291078142,0,8165,12.9934,8138,2,0x64e01baeec,931,7414,0,27,36353,8165,12.9934,8138,27,36347
1138000,8192,4,3,1,291323902,4,291332094,0,8169,12.9944,8146,2,0x6a3f61e92d,976,7388,0,23,36376,8169,12.9944,8146,23,36370
1139000,8192,4,3,1,291577854,4,291586046,0,8168,12.9941,8144,2,0xea1b0a1565,992,7442,0,24,36400,8168,12.9941,8144,24,36394
1140000,8192,4,3,1,291839996,4,291848188,0,8138,12.9868,8084,2,0xd8eb3677e8,1,2,0,54,36454,8138,12.9868,8084,54,36448
1141000,8192,4,3,1,292093950,4,292102142,0,8161,12.9924,8130,2,0x755ac4fd74,990,7436,0,31,36485,8161,12.9924,8130,31,36479
1142000,8192,4,3,1,292347902,4,292356094,0,8157,12.9915,8122,2,0xb924439728,977,7409,0,35,36520,8157,12.9915,8122,35,36514
1143000,8192,4,3,1,292601854,4,292610046,0,8162,12.9927,8132,2,0x2b6fa7d74f,1003,7411,0,30,36550,8162,12.9927,8132,30,36544
1144000,8192,4,3,1,292863996,4,292872188,0,8157,12.9915,8122,2,0x7494262f81,0,2,0,35,36585,8157,12.9915,8122,35,36579
1145000,8192,4,3,1,293117950,4,293126142,0,8160,12.9922,8128,2,0x27db86dde3,954,7396,0,32,36617,8160,12.9922,8128,32,36611
1146000,8192,4,3,1,293371902,4,293380094,0,8153,12.9904,8115,3,0xeddc99b908,988,7362,0,38,36655,8153,12.9904,8115,38,36649
1147000,8192,4,3,1,293625854,4,293634046,0,8162,12.9927,8132,2,0x38ee6763b7,981,7390,0,30,36685,8162,12.9927,8132,30,36679
1148000,8192,4,3,1,293887996,4,293896188,0,8163,12.9929,8134,2,0x4ede132846,0,2,0,29,36714,8163,12.9929,8134,29,36708
1149000,8192,4,3,1,294141950,4,294150142,0,8154,12.9906,8117,3,0x6553cb6110,993,7393,0,37,36751,8154,12.9906,8117,37,36745
1150000,8192,4,3,1,294395902,4,294404094,0,8168,12.9940,8145,3,0xaeb2fcd15a,965,7411,0,23,36774,8168,12.9940,8145,23,36768
1151000,8192,4,3,1,294649854,4,294658046,0,8158,12.9917,8124,2,0x6d995c4454,963,7391,0,34,36808,8158,12.9917,8124,34,36802
1152000,8192,4,3,1,294911996,4,294920188,0,8159,12.9919,8126,2,0x7d63e5483a,0,2,0,33,36841,8159,12.9919,8126,33,36835
1153000,8192,4,3,1,295165950,4,295174142,0,8159,12.9919,8126,2,0x4e20916ed3,965,7431,0,33,36874,8159,12.9919,8126,33,36868
1154000,8192,4,3,1,295419902,4,295428094,0,8160,12.9922,8128,2,0xb6a51241c1,991,7410,0,32,36906,8160,12.9922,8128,32,36900
1155000,8192,4,3,1,295673854,4,295682046,0,8165,12.9934,8138,2,0xebd1bdce73,985,7431,0,27,36933,8165,12.9934,8138,27,36927
1156000,8192,4,3,1,295935996,4,295944188,0,8172,12.9951,8152,2,0xf07cdcaa2d,0,2,0,20,36953,8172,12.9951,8152,20,36947
1157000,8192,4,3,1,296189950,4,296198142,0,8163,12.9929,8134,2,0x7e2239f1ba,986,7409,0,29,36982,8163,12.9929,8134,29,36976
1158000,8192,4,3,1,296443902,4,296452094,0,8161,12.9923,8131,3,0xbf287c3142,973,7415,0,30,37012,8161,12.9923,8131,30,37006
1159000,8192,4,3,1,296697854,4,296706046,0,8171,12.9949,8150,2,0x08c31275e9,968,7394,0,21,37033,8171,12.9949,8150,21,37027
1160000,8192,4,3,1,296959996,4,296968188,0,8167,12.9939,8142,2,0x48c2b5ef75,0,2,0,25,37058,8167,12.9939,8142,25,37052
1161000,8192,4,3,1,297213950,4,297222142,0,8159,12.9919,8126,2,0x1e1ca3a6de,1039,7435,0,33,37091,8159,12.9919,8126,33,37085
1162000,8192,4,3,1,297467902,4,297476094,0,8166,12.9937,8140,2,0x7571689b62,997,7438,0,26,37117,8166,12.9937,8140,26,37111
1163000,8192,4,3,1,297721854,4,297730046,0,8164,12.9932,8136,2,0xf946110564,931,7423,0,28,37145,8164,12.9932,8136,28,37139
1164000,8192,4,3,1,297983996,4,297992188,0,8164,12.9932,8136,2,0x4f7bff8a64,0,2,0,28,37173,8164,12.9932,8136,28,37167
1165000,8192,4,3,1,298237950,4,298246142,0,8159,12.9919,8126,2,0x6f9dc0d6c1,987,7451,0,33,37206,8159,12.9919,8126,33,37200
1166000,8192,4,3,1,298491902,4,298500094,0,8168,12.9941,8144,2,0x355973bc65,1047,7436,0,24,37230,8168,12.9941,8144,24,37224
1167000,8192,4,3,1,298745854,4,298754046,0,8163,12.9929,8134,2,0x78da0cc840,1007,7388,0,29,37259,8163,12.9929,8134,29,37253
1168000,8192,4,3,1,299007996,4,299016188,0,8164,12.9932,8136,2,0xc162306386,0,1,0,28,37287,8164,12.9932,8136,28,37281
1169000,8192,4,3,1,299261950,4,299270142,0,8150,12.9897,8108,2,0xdaee496222,955,7428,0,42,37329,8150,12.9897,8108,42,37323
1170000,8192,4,3,1,299515902,4,299524094,0,8164,12.9932,8136,2,0x5ef4b3612a,972,7441,0,28,37357,8164,12.9932,8136,28,37351
1171000,8192,4,3,1,299769854,4,299778046,0,8148,12.9893,8104,2,0xe9fbce9d4b,991,7452,0,44,37401,8148,12.9893,8104,44,37395
1172000,8192,4,3,1,300031996,4,300040188,0,8166,12.9937,8140,2,0xdc95c9a931,1,2,0,26,37427,8166,12.9937,8140,26,37421
1173000,8192,4,3,1,300285950,4,300294142,0,8150,12.9897,8108,2,0x708a97f069,999,7446,0,42,37469,8150,12.9897,8108,42,37463
1174000,8192,4,3,1,300539902,4,300548094,0,8157,12.9915,8122,2,0xa69e371c9a,947,7437,0,35,37504,8157,12.9915,8122,35,37498
1175000,8192,4,3,1,300793854,4,300802046,0,8161,12.9924,8130,2,0x4d494bfe67,966,7360,0,31,37535,8161,12.9924,8130,31,37529
1176000,8192,4,3,1,301055996,4,301064188,0,8157,12.9915,8122,2,0xdf3f486fd9,0,2,0,35,37570,8157,12.9915,8122,35,37564
1177000,8192,4,3,1,301309950,4,301318142,0,8158,12.9917,8124,2,0x47a3259ad5,979,7411,0,34,37604,8158,12.9917,8124,34,37598
1178000,8192,4,3,1,301563902,4,301572094,0,8153,12.9905,8114,2,0x0fd80efaf4,967,7408,0,39,37643,8153,12.9905,8114,39,37637
1179000,8192,4,3,1,301817854,4,301826046,0,8163,12.9929,8134,2,0xf83225d72c,943,7450,0,29,37672,8163,12.9929,8134,29,37666
1180000,8192,4,3,1,302079996,4,302088188,0,8171,12.9949,8150,2,0x16cb64d066,1,1,0,21,37693,8171,12.9949,8150,21,37687
1181000,8192,4,3,1,302333950,4,302342142,0,8164,12.9932,8136,2,0xa45b0f94ce,965,7457,0,28,37721,8164,12.9932,8136,28,37715
1182000,8192,4,3,1,302587902,4,302596094,0,8156,12.9912,8120,2,0x9cb8552732,970,7398,0,36,37757,8156,12.9912,8120,36,37751
1183000,8192,4,3,1,302841854,4,302850046,0,8168,12.9941,8144,2,0xdcb4198ff5,970,7419,0,24,37781,8168,12.9941,8144,24,37775
1184000,8192,4,3,1,303103996,4,303112188,0,8165,12.9934,8138,2,0x0b58642a0b,1,2,0,27,37808,8165,12.9934,8138,27,37802
1185000,8192,4,3,1,303357950,4,303366142,0,8169,12.9944,8146,2,0x4b63ea61e1,961,7400,0,23,37831,8169,12.9944,8146,23,37825
1186000,8192,4,3,1,303611902,4,303620094,0,8165,12.9934,8138,2,0xc04bb209be,972,7390,0,27,37858,8165,12.9934,8138,27,37852
1187000,8192,4,3,1,303865854,4,303874046,0,8170,12.9946,8148,2,0x9856c455fa,979,7410,0,22,37880,8170,12.9946,8148,22,37874
1188000,8192,4,3,1,304127996,4,304136188,0,8169,12.9944,8146,2,0x0d2888dbc3,1,2,0,23,37903,8169,12.9944,8146,23,37897
1189000,8192,4,3,1,304381950,4,304390142,0,8162,12.9927,8132,2,0x31e31df11e,940,7436,0,30,37933,8162,12.9927,8132,30,37927
1190000,8192,4,3,1,304635902,4,304644094,0,8159,12.9919,8126,2,0xf44f0681d4,977,7436,0,33,37966,8159,12.9919,8126,33,37960
1191000,8192,4,3,1,304889854,4,304898046,0,8166,12.9937,8140,2,0xefdce196d4,968,7433,0,26,37992,8166,12.9937,8140,26,37986
1192000,8192,4,3,1,305151996,4,305160188,0,8155,12.9910,8118,2,0x507d10db11,0,2,0,37,38029,8155,12.9910,8118,37,38023
1193000,8192,4,3,1,305405950,4,305414142,0,8158,12.9917,8124,2,0xc34de8c8b3,926,7410,0,34,38063,8158,12.9917,8124,34,38057
1194000,8192,4,3,1,305659902,4,305668094,0,8149,12.9895,8106,2,0xef2f9dfb1b,945,7422,0,43,38106,8149,12.9895,8106,43,38100
1195000,8192,4,3,1,305913854,4,305922046,0,8135,12.9861,8078,2,0x9385a617c9,966,7420,0,57,38163,8135,12.9861,8078,57,38157
1196000,8192,4,3,1,306175996,4,306184188,0,8163,12.9929,8134,2,0xe72d486a7c,1,2,0,29,38192,8163,12.9929,8134,29,38186
1197000,8192,4,3,1,306429950,4,306438142,0,8167,12.9939,8142,2,0x942d3498ed,943,7400,0,25,38217,8167,12.9939,8142,25,38211
1198000,8192,4,3,1,306683902,4,306692094,0,8170,12.9946,8148,2,0x0672ee5c4e,970,7424,0,22,38239,8170,12.9946,8148,22,38233
1199000,8192,4,3,1,306937854,4,306946046,0,8173,12.9954,8154,2,0x36fae47c6e,968,7416,0,19,38258,8173,12.9954,8154,19,38252
1200000,8192,4,3,1,307199996,4,307208188,0,8167,12.9939,8142,2,0x48407bc58e,1,2,0,25,38283,8167,12.9939,8142,25,38277
1201000,8192,4,3,1,307453950,4,307462142,0,8156,12.9912,8120,2,0x0d766b5e26,971,7440,0,36,38319,8156,12.9912,8120,36,38313
1202000,8192,4,3,1,307707902,4,307716094,0,8166,12.9937,8140,2,0x926e9b4138,1020,7400,0,26,38345,8166,12.9937,8140,26,38339
1203000,8192,4,3,1,307961854,4,307970046,0,8167,12.9939,8142,2,0x78da11c548,939,7415,0,25,38370,8167,12.9939,8142,25,38364
1204000,8192,4,3,1,308223996,4,308232188,0,8155,12.9910,8118,2,0x72a955e517,1,2,0,37,38407,8155,12.9910,8118,37,38401
1205000,8192,4,3,1,308477950,4,308486142,0,8169,12.9944,8146,2,0x7ba121b746,977,7432,0,23,38430,8169,12.9944,8146,23,38424
1206000,8192,4,3,1,308731902,4,308740094,0,8165,12.9934,8138,2,0x338bbde2a8,991,7435,0,27,38457,8165,12.9934,8138,27,38451
1207000,8192,4,3,1,308985854,4,308994046,0,8165,12.9934,8138,2,0x0b4e2171e3,965,7444,0,27,38484,8165,12.9934,8138,27,38478
1208000,8192,4,3,1,309247996,4,309256188,0,8167,12.9939,8142,2,0x22ab72078a,0,2,0,25,38509,8167,12.9939,8142,25,38503
1209000,8192,4,3,1,309501950,4,309510142,0,8155,12.9910,8118,2,0x02e88a73c6,969,7416,0,37,38546,8155,12.9910,8118,37,38540
1210000,8192,4,3,1,309755902,4,309764094,0,8161,12.9924,8130,2,0x42bac041c3,974,7410,0,31,38577,8161,12.9924,8130,31,38571
1211000,8192,4,3,1,310009854,4,310018046,0,8146,12.9888,8100,2,0xd681c4b949,971,7381,0,46,38623,8146,12.9888,8100,46,38617
1212000,8192,4,3,1,310271996,4,310280188,0,8163,12.9929,8134,2,0xf50e3a59a0,0,2,0,29,38652,8163,12.9929,8134,29,38646
1213000,8192,4,3,1,310525950,4,310534142,0,8153,12.9905,8114,2,0xa3e68cd50e,994,7424,0,39,38691,8153,12.9905,8114,39,38685
1214000,8192,4,3,1,310779902,4,310788094,0,8163,12.9929,8134,2,0xc7db2af517,992,7449,0,29,38720,8163,12.9929,8134,29,38714
1215000,8192,4,3,1,311033854,4,311042046,0,8163,12.9929,8134,2,0x650b1acaa7,998,7408,0,29,38749,8163,12.9929,8134,29,38743
1216000,8192,4,3,1,311295996,4,311304188,0,8169,12.9944,8146,2,0x1d2219830a,0,2,0,23,38772,8169,12.9944,8146,23,38766
1217000,8192,4,3,1,311549950,4,311558142,0,8150,12.9897,8108,2,0x3db7f20c37,996,7436,0,42,38814,8150,12.9897,8108,42,38808
1218000,8192,4,3,1,311803902,4,311812094,0,8157,12.9915,8122,2,0x2150abddb9,987,7455,0,35,38849,8157,12.9915,8122,35,38843
1219000,8192,4,3,1,312057854,4,312066046,0,8152,12.9902,8112,2,0x0c07df0858,984,7422,0,40,38889,8152,12.9902,8112,40,38883
1220000,8192,4,3,1,312319996,4,312328188,0,8165,12.9934,8138,2,0xc79e7f188d,1,2,0,27,38916,8165,12.9934,8138,27,38910
1221000,8192,4,3,1,312573950,4,312582142,0,8166,12.9937,8140,2,0xfbe8aba10d,952,7404,0,26,38942,8166,12.9937,8140,26,38936
1222000,8192,4,3,1,312827902,4,312836094,0,8161,12.9924,8130,2,0x517d33a3bb,967,7439,0,31,38973,8161,12.9924,8130,31,38967
1223000,8192,4,3,1,313081854,4,313090046,0,8160,12.9922,8128,2,0x31089b1f79,965,7400,0,32,39005,8160,12.9922,8128,32,38999
1224000,8192,4,3,1,313343996,4,313352188,0,8165,12.9934,8138,2,0x19bdf3be77,0,2,0,27,39032,8165,12.9934,8138,27,39026
1225000,8192,4,3,1,313597950,4,313606142,0,8167,12.9939,8142,2,0xc7305412b8,949,7391,0,25,39057,8167,12.9939,8142,25,39051
1226000,8192,4,3,1,313851902,4,313860094,0,8156,12.9912,8120,2,0x2c05d6e5b5,957,7473,0,36,39093,8156,12.9912,8120,36,39087
1227000,8192,4,3,1,314105854,4,314114046,0,8162,12.9927,8132,2,0xd65857c0be,990,7410,0,30,39123,8162,12.9927,8132,30,39117
1228000,8192,4,3,1,314367996,4,314376188,0,8161,12.9924,8130,2,0xc14060be6b,0,2,0,31,39154,8161,12.9924,8130,31,39148
1229000,8192,4,3,1,314621950,4,314630142,0,8161,12.9924,8130,2,0xa4bf797b9e,975,7419,0,31,39185,8161,12.9924,8130,31,39179
1230000,8192,4,3,1,314875902,4,314884094,0,8158,12.9917,8124,2,0xae4ab678a6,983,7382,0,34,39219,8158,12.9917,8124,34,39213
1231000,8192,4,3,1,315129854,4,315138046,0,8157,12.9915,8122,2,0x89ddf667e4,979,7389,0,35,39254,8157,12.9915,8122,35,39248
1232000,8192,4,3,1,315391996,4,315400188,0,8162,12.9927,8132,2,0x59cc0505e1,2,1,0,30,39284,8162,12.9927,8132,30,39278
1233000,8192,4,3,1,315645950,4,315654142,0,8161,12.9924,8130,2,0x8330ff91f3,1013,7421,0,31,39315,8161,12.9924,8130,31,39309
1234000,8192,4,3,1,315899902,4,315908094,0,8170,12.9946,8148,2,0xbde97a397d,1002,7407,0,22,39337,8170,12.9946,8148,22,39331
1235000,8192,4,3,1,316153854,4,316162046,0,8162,12.9927,8132,2,0x88c959f754,997,7410,0,30,39367,8162,12.9927,8132,30,39361
1236000,8192,4,3,1,316415996,4,316424188,0,8162,12.9926,8133,3,0xd076355505,0,2,0,29,39396,8162,12.9926,8133,29,39390
1237000,8192,4,3,1,316669950,4,316678142,0,8163,12.9929,8134,2,0x8dfc3f4623,971,7471,0,29,39425,8163,12.9929,8134,29,39419
1238000,8192,4,3,1,316923902,4,316932094,0,8165,12.9934,8138,2,0x4df9b5dfa3,962,7389,0,27,39452,8165,12.9934,8138,27,39446
1239000,8192,4,3,1,317177854,4,317186046,0,8167,12.9939,8142,2,0x68ea251a5d,980,7406,0,25,39477,8167,12.9939,8142,25,39471
1240000,8192,4,3,1,317439996,4,317448188,0,8152,12.9902,8112,2,0x1146e0c999,0,1,0,40,39517,8152,12.9902,8112,40,39511
1241000,8192,4,3,1,317693950,4,317702142,0,8159,12.9919,8126,2,0x32b0034014,973,7422,0,33,39550,8159,12.9919,8126,33,39544
1242000,8192,4,3,1,317947902,4,317956094,0,8161,12.9924,8130,2,0x5e0ba1ac1a,955,7435,0,31,39581,8161,12.9924,8130,31,39575
1243000,8192,4,3,1,318201854,4,318210046,0,8154,12.9907,8116,2,0xe9393ffd14,959,7438,0,38,39619,8154,12.9907,8116,38,39613
1244000,8192,4,3,1,318463996,4,318472188,0,8156,12.9912,8120,2,0xa59a50eafb,0,2,0,36,39655,8156,12.9912,8120,36,39649
1245000,8192,4,3,1,318717950,4,318726142,0,8158,12.9917,8124,2,0xb9d5a85ae3,979,7444,0,34,39689,8158,12.9917,8124,34,39683
1246000,8192,4,3,1,318971902,4,318980094,0,8167,12.9939,8142,2,0x3756c970e5,966,7426,0,25,39714,8167,12.9939,8142,25,39708
1247000,8192,4,3,1,319225854,4,319234046,0,8157,12.9915,8122,2,0xa046b8ccbe,977,7369,0,35,39749,8157,12.9915,8122,35,39743
1248000,8192,4,3,1,319487996,4,319496188,0,8167,12.9939,8142,2,0xc221be3541,1,2,0,25,39774,8167,12.9939,8142,25,39768
1249000,8192,4,3,1,319741950,4,319750142,0,8159,12.9919,8126,2,0x365e32a66c,1021,7460,0,33,39807,8159,12.9919,8126,33,39801
1250000,8192,4,3,1,319995902,4,320004094,0,8166,12.9937,8140,2,0x56bf7962ae,997,7454,0,26,39833,8166,12.9937,8140,26,39827
1251000,8192,4,3,1,320249854,4,320258046,0,8162,12.9927,8132,2,0xabacc66bda,1024,7410,0,30,39863,8162,12.9927,8132,30,39857
1252000,8192,4,3,1,320511996,4,320520188,0,8160,12.9922,8128,2,0x772f25af6d,0,2,0,32,39895,8160,12.9922,8128,32,39889
1253000,8192,4,3,1,320765950,4,320774142,0,8161,12.9924,8130,2,0x377b0dfe17,955,7398,0,31,39926,8161,12.9924,8130,31,39920
1254000,8192,4,3,1,321019902,4,321028094,0,8162,12.9927,8132,2,0x2d40d8c166,1032,7441,0,30,39956,8163,12.9929,8134,29,39949
1255000,8192,4,3,1,321273854,4,321282046,0,8154,12.9906,8117,3,0x02d346bbc0,959,7388,0,37,39993,8154,12.9906,8117,37,39986
1256000,8192,4,3,1,321535996,4,321544188,0,8169,12.9944,8146,2,0xa6f79a138f,0,2,0,23,40016,8169,12.9944,8146,23,40009
1257000,8192,4,3,1,321789950,4,321798142,0,8144,12.9883,8096,2,0xf50eae11cf,925,7414,0,48,40064,8144,12.9883,8096,48,40057
1258000,8192,4,3,1,322043902,4,322052094,0,8158,12.9917,8124,2,0xdba7ed77e7,1021,7425,0,34,40098,8158,12.9917,8124,34,40091
1259000,8192,4,3,1,322297854,4,322306046,0,8161,12.9924,8130,2,0xd68b8be00c,970,7402,0,31,40129,8161,12.9924,8130,31,40122
1260000,8192,4,3,1,322559996,4,322568188,0,8157,12.9915,8122,2,0x8c30d97f59,1,2,0,35,40164,8157,12.9915,8122,35,40157
1261000,8192,4,3,1,322813950,4,322822142,0,8162,12.9927,8132,2,0x7fbf56217d,1004,7406,0,30,40194,8162,12.9927,8132,30,40187
1262000,8192,4,3,1,323067902,4,323076094,0,8168,12.9941,8144,2,0x7f1ca494df,1030,7462,0,24,40218,8168,12.9941,8144,24,40211
1263000,8192,4,3,1,323321854,4,323330046,0,8154,12.9906,8117,3,0x57a8d6e2a3,1029,7419,0,37,40255,8154,12.9906,8117,37,40248
1264000,8192,4,3,1,323583996,4,323592188,0,8151,12.9900,8110,2,0x3d2034b233,0,2,0,41,40296,8151,12.9900,8110,41,40289
1265000,8192,4,3,1,323837950,4,323846142,0,8149,12.9895,8106,2,0x0f984c2809,972,7442,0,43,40339,8149,12.9895,8106,43,40332
1266000,8192,4,3,1,324091902,4,324100094,0,8158,12.9917,8124,2,0x04f748db87,941,7393,0,34,40373,8158,12.9917,8124,34,40366
1267000,8192,4,3,1,324345854,4,324354046,0,8168,12.9941,8144,2,0x597e6c70be,996,7436,0,24,40397,8168,12.9941,8144,24,40390
1268000,8192,4,3,1,324607996,4,324616188,0,8172,12.9951,8152,2,0x2e23a3ea8f,1,2,0,20,40417,8172,12.9951,8152,20,40410
1269000,8192,4,3,1,324861950,4,324870142,0,8159,12.9919,8126,2,0x01126e9a42,986,7425,0,33,40450,8159,12.9919,8126,33,40443
1270000,8192,4,3,1,325115902,4,325124094,0,8164,12.9932,8136,2,0x187300086d,943,7377,0,28,40478,8164,12.9932,8136,28,40471
1271000,8192,4,3,1,325369854,4,325378046,0,8164,12.9932,8136,2,0x37847edfee,963,7402,0,28,40506,8164,12.9932,8136,28,40499
1272000,8192,4,3,1,325631996,4,325640188,0,8164,12.9932,8136,2,0x64a0684cba,0,2,0,28,40534,8164,12.9932,8136,28,40527
1273000,8192,4,3,1,325885950,4,325894142,0,8163,12.9929,8134,2,0xc0c4c73347,935,7382,0,29,40563,8163,12.9929,8134,29,40556
1274000,8192,4,3,1,326139902,4,326148094,0,8159,12.9919,8126,2,0xfbe517762d,907,7391,0,33,40596,8159,12.9919,8126,33,40589
1275000,8192,4,3,1,326393854,4,326402046,0,8155,12.9910,8118,2,0x088e38825f,981,7413,0,37,40633,8155,12.9910,8118,37,40626
1276000,8192,4,3,1,326655996,4,326664188,0,8155,12.9909,8119,3,0x12f763f43a,0,1,0,36,40669,8155,12.9909,8119,36,40662
1277000,8192,4,3,1,326909950,4,326918142,0,8166,12.9937,8140,2,0x13e4b5627d,972,7377,0,26,40695,8166,12.9937,8140,26,40688
1278000,8192,4,3,1,327163902,4,327172094,0,8155,12.9910,8118,2,0x3538740d91,983,7393,0,37,40732,8155,12.9910,8118,37,40725
1279000,8192,4,3,1,327417854,4,327426046,0,8155,12.9910,8118,2,0x22343a1610,983,7456,0,37,40769,8155,12.9910,8118,37,40762
1280000,8192,4,3,1,327679996,4,327688188,0,8164,12.9932,8136,2,0xdd6d7f071b,0,2,0,28,40797,8164,12.9932,8136,28,40790
1281000,8192,4,3,1,327933950,4,327942142,0,8165,12.9934,8138,2,0x8f33a2954c,973,7377,0,27,40824,8165,12.9934,8138,27,40817
1282000,8192,4,3,1,328187902,4,328196094,0,8163,12.9929,8134,2,0xdd96b671fb,991,7417,0,29,40853,8163,12.9929,8134,29,40846
1283000,8192,4,3,1,328441854,4,328450046,0,8158,12.9917,8124,2,0x44e6dc522c,1016,7428,0,34,40887,8158,12.9917,8124,34,40880
1284000,8192,4,3,1,328703996,4,328712188,0,8162,12.9927,8132,2,0x6f5a4e25d5,0,2,0,30,40917,8162,12.9927,8132,30,40910
1285000,8192,4,3,1,328957950,4,328966142,0,8161,12.9924,8130,2,0xb1a6df48a3,1012,7414,0,31,40948,8161,12.9924,8130,31,40941
1286000,8192,4,3,1,329211902,4,329220094,0,8154,12.9907,8116,2,0x77d4789b71,990,7400,0,38,40986,8154,12.9907,8116,38,40979
1287000,8192,4,3,1,329465854,4,329474046,0,8151,12.9900,8110,2,0x8c2bac05b3,997,7438,0,41,41027,8151,12.9900,8110,41,41020
1288000,8192,4,3,1,329727996,4,329736188,0,8157,12.9914,8123,3,0x72a6f971c9,0,1,0,34,41061,8157,12.9914,8123,34,41054
1289000,8192,4,3,1,329981950,4,329990142,0,8166,12.9937,8140,2,0x11115415b7,973,7474,0,26,41087,8166,12.9937,8140,26,41080
1290000,8192,4,3,1,330235902,4,330244094,0,8163,12.9929,8134,2,0x30ac307a9d,1031,7457,0,29,41116,8163,12.9929,8134,29,41109
1291000,8192,4,3,1,330489854,4,330498046,0,8161,12.9924,8130,2,0xc67e9667a8,991,7418,0,31,41147,8161,12.9924,8130,31,41140
1292000,8192,4,3,1,330751996,4,330760188,0,8161,12.9924,8130,2,0x5e45fc257e,0,2,0,31,41178,8161,12.9924,8130,31,41171
1293000,8192,4,3,1,331005950,4,331014142,0,8161,12.9924,8130,2,0x992add6bb6,946,7414,0,31,41209,8161,12.9924,8130,31,41202
1294000,8192,4,3,1,331259902,4,331268094,0,8163,12.9929,8134,2,0x5dd6e8cb59,936,7425,0,29,41238,8163,12.9929,8134,29,41231
1295000,8192,4,3,1,331513854,4,331522046,0,8160,12.9922,8128,2,0x69a5d5d2ac,973,7484,0,32,41270,8160,12.9922,8128,32,41263
1296000,8192,4,3,1,331775996,4,331784188,0,8160,12.9921,8129,3,0x07921e1c2b,1,2,0,31,41301,8160,12.9921,8129,31,41294
1297000,8192,4,3,1,332029950,4,332038142,0,8161,12.9924,8130,2,0xdd6352570c,960,7430,0,31,41332,8161,12.9924,8130,31,41325
1298000,8192,4,3,1,332283902,4,332292094,0,8152,12.9902,8112,2,0xf8fbe0b358,963,7426,0,40,41372,8152,12.9902,8112,40,41365
1299000,8192,4,3,1,332537854,4,332546046,0,8165,12.9934,8138,2,0x2ee58cf202,1000,7415,0,27,41399,8165,12.9934,8138,27,41392
1300000,8192,4,3,1,332799996,4,332808188,0,8169,12.9944,8146,2,0x4113c79b26,0,2,0,23,41422,8169,12.9944,8146,23,41415
1301000,8192,4,3,1,333053950,4,333062142,0,8165,12.9934,8138,2,0x774bf692e0,977,7430,0,27,41449,8165,12.9934,8138,27,41442
1302000,8192,4,3,1,333307902,4,333316094,0,8156,12.9912,8120,2,0x1e0811af2c,972,7405,0,36,41485,8156,12.9912,8120,36,41478
1303000,8192,4,3,1,333561854,4,333570046,0,8168,12.9941,8144,2,0xf8ecf08159,961,7475,0,24,41509,8168,12.9941,8144,24,41502
1304000,8192,4,3,1,333823996,4,333832188,0,8163,12.9928,8135,3,0x61cea57d62,0,2,0,28,41537,8163,12.9928,8135,28,41530
1305000,8192,4,3,1,334077950,4,334086142,0,8164,12.9932,8136,2,0x4068e6d1be,991,7447,0,28,41565,8164,12.9932,8136,28,41558
1306000,8192,4,3,1,334331902,4,334340094,0,8167,12.9939,8142,2,0x19c5b9eb42,970,7390,0,25,41590,8167,12.9939,8142,25,41583
1307000,8192,4,3,1,334585854,4,334594046,0,8158,12.9917,8124,2,0xaf0a984d42,955,7389,0,34,41624,8158,12.9917,8124,34,41617
1308000,8192,4,3,1,334847996,4,334856188,0,8159,12.9919,8127,3,0x00e2a79a3c,0,2,0,32,41656,8159,12.9919,8127,32,41649
1309000,8192,4,3,1,335101950,4,335110142,0,8151,12.9900,8110,2,0x5eaa0a5354,958,7397,0,41,41697,8152,12.9902,8112,40,41689
1310000,8192,4,3,1,335355902,4,335364094,0,8162,12.9927,8132,2,0x6d5ee47ee5,954,7401,0,30,41727,8162,12.9927,8132,30,41719
1311000,8192,4,3,1,335609854,4,335618046,0,8171,12.9949,8150,2,0x97348c8301,983,7448,0,21,41748,8171,12.9949,8150,21,41740
1312000,8192,4,3,1,335871996,4,335880188,0,8165,12.9934,8138,2,0x7151e256fd,0,2,0,27,41775,8165,12.9934,8138,27,41767
1313000,8192,4,3,1,336125950,4,336134142,0,8149,12.9894,8107,3,0x929be43167,986,7429,0,42,41817,8149,12.9894,8107,42,41809
1314000,8192,4,3,1,336379902,4,336388094,0,8166,12.9937,8140,2,0xb81504e1ef,974,7405,0,26,41843,8166,12.9937,8140,26,41835
1315000,8192,4,3,1,336633854,4,336642046,0,8162,12.9927,8132,2,0xdf50256500,934,7431,0,30,41873,8162,12.9927,8132,30,41865
1316000,8192,4,3,1,336895996,4,336904188,0,8162,12.9927,8132,2,0xb9c9489610,1,2,0,30,41903,8162,12.9927,8132,30,41895
1317000,8192,4,3,1,337149950,4,337158142,0,8164,12.9932,8136,2,0x9cd787a6d4,957,7392,0,28,41931,8164,12.9932,8136,28,41923
1318000,8192,4,3,1,337403902,4,337412094,0,8163,12.9929,8134,2,0x085f3d3151,993,7434,0,29,41960,8163,12.9929,8134,29,41952
1319000,8192,4,3,1,337657854,4,337666046,0,8164,12.9932,8136,2,0x8f732573d9,972,7412,0,28,41988,8164,12.9932,8136,28,41980
1320000,8192,4,3,1,337919996,4,337928188,0,8162,12.9927,8132,2,0x9a709c03a4,0,2,0,30,42018,8162,12.9927,8132,30,42010
1321000,8192,4,3,1,338173950,4,338182142,0,8164,12.9932,8136,2,0x007e159938,939,7407,0,28,42046,8164,12.9932,8136,28,42038
1322000,8192,4,3,1,338427902,4,338436094,0,8153,12.9905,8114,2,0x5d153002a8,983,7414,0,39,42085,8153,12.9905,8114,39,42077
1323000,8192,4,3,1,338681854,4,338690046,0,8156,12.9912,8120,2,0x04918ad820,963,7383,0,36,42121,8156,12.9912,8120,36,42113
1324000,8192,4,3,1,338943996,4,338952188,0,8152,12.9902,8112,2,0x3b74ee844b,1,2,0,40,42161,8152,12.9902,8112,40,42153
1325000,8192,4,3,1,339197950,4,339206142,0,8144,12.9883,8096,2,0x0cff19b5ea,990,7412,0,48,42209,8144,12.9883,8096,48,42201
1326000,8192,4,3,1,339451902,4,339460094,0,8169,12.9943,8147,3,0x15a967b832,1006,7407,0,22,42231,8169,12.9943,8147,22,42223
1327000,8192,4,3,1,339705854,4,339714046,0,8162,12.9927,8132,2,0x52fafa10f0,946,7392,0,30,42261,8162,12.9927,8132,30,42253
1328000,8192,4,3,1,339967996,4,339976188,0,8158,12.9917,8124,2,0x7c045229e7,0,2,0,34,42295,8158,12.9917,8124,34,42287
1329000,8192,4,3,1,340221950,4,340230142,0,8161,12.9923,8131,3,0x978259277a,987,7453,0,30,42325,8161,12.9923,8131,30,42317
1330000,8192,4,3,1,340475902,4,340484094,0,8164,12.9932,8136,2,0xc35f3be92d,971,7482,0,28,42353,8164,12.9932,8136,28,42345
1331000,8192,4,3,1,340729854,4,340738046,0,8160,12.9922,8128,2,0x89c937bc9d,1008,7409,0,32,42385,8160,12.9922,8128,32,42377
1332000,8192,4,3,1,340991996,4,341000188,0,8162,12.9927,8132,2,0x9ff6119a32,1,2,0,30,42415,8162,12.9927,8132,30,42407
1333000,8192,4,3,1,341245950,4,341254142,0,8170,12.9946,8148,2,0x4313d0dae1,954,7432,0,22,42437,8170,12.9946,8148,22,42429
1334000,8192,4,3,1,341499902,4,341508094,0,8163,12.9929,8134,2,0xd53695bcf5,991,7407,0,29,42466,8163,12.9929,8134,29,42458
1335000,8192,4,3,1,341753854,4,341762046,0,8171,12.9949,8150,2,0x369a885bb2,959,7371,0,21,42487,8171,12.9949,8150,21,42479
1336000,8192,4,3,1,342015996,4,342024188,0,8162,12.9927,8132,2,0xbcb86fb874,0,1,0,30,42517,8162,12.9927,8132,30,42509
1337000,8192,4,3,1,342269950,4,342278142,0,8158,12.9917,8124,2,0xd9e6940d8e,970,7407,0,34,42551,8158,12.9917,8124,34,42543
1338000,8192,4,3,1,342523902,4,342532094,0,8167,12.9939,8142,2,0x7b2f8a4487,950,7411,0,25,42576,8167,12.9939,8142,25,42568
1339000,8192,4,3,1,342777854,4,342786046,0,8160,12.9922,8128,2,0xb574508fcc,960,7406,0,32,42608,8160,12.9922,8128,32,42600
1340000,8192,4,3,1,343039996,4,343048188,0,8157,12.9914,8123,3,0x645b88a5f7,0,2,0,34,42642,8157,12.9914,8123,34,42634
1341000,8192,4,3,1,343293950,4,343302142,0,8155,12.9910,8118,2,0x6d648388e5,977,7434,0,37,42679,8155,12.9910,8118,37,42671
1342000,8192,4,3,1,343547902,4,343556094,0,8165,12.9934,8138,2,0x8063822a13,1064,7422,0,27,42706,8165,12.9934,8138,27,42698
1343000,8192,4,3,1,343801854,4,343810046,0,8155,12.9910,8118,2,0x64643a83aa,1005,7432,0,37,42743,8155,12.9910,8118,37,42735
1344000,8192,4,3,1,344063996,4,344072188,0,8166,12.9937,8140,2,0xf7e521e083,1,2,0,26,42769,8166,12.9937,8140,26,42761
1345000,8192,4,3,1,344317950,4,344326142,0,8166,12.9937,8140,2,0x293a08a7b1,921,7433,0,26,42795,8166,12.9937,8140,26,42787
1346000,8192,4,3,1,344571902,4,344580094,0,8159,12.9919,8126,2,0xcf8eb35947,990,7409,0,33,42828,8159,12.9919,8126,33,42820
1347000,8192,4,3,1,344825854,4,344834046,0,8165,12.9934,8138,2,0xe675456b68,957,7442,0,27,42855,8165,12.9934,8138,27,42847
1348000,8192,4,3,1,345087996,4,345096188,0,8155,12.9910,8118,2,0x81bb0e5cca,0,2,0,37,42892,8155,12.9910,8118,37,42884
1349000,8192,4,3,1,345341950,4,345350142,0,8160,12.9922,8128,2,0xab60a2bb95,976,7405,0,32,42924,8160,12.9922,8128,32,42916
1350000,8192,4,3,1,345595902,4,345604094,0,8157,12.9915,8122,2,0x555b147de4,969,7420,0,35,42959,8157,12.9915,8122,35,42951
1351000,8192,4,3,1,345849854,4,345858046,0,8147,12.9890,8102,2,0x19b7ddfb3f,921,7370,0,45,43004,8147,12.9890,8102,45,42996
1352000,8192,4,3,1,346111996,4,346120188,0,8163,12.9929,8134,2,0x453e8110f2,0,2,0,29,43033,8163,12.9929,8134,29,43025
1353000,8192,4,3,1,346365950,4,346374142,0,8154,12.9907,8116,2,0x27191691b1,960,7452,0,38,43071,8154,12.9907,8116,38,43063
1354000,8192,4,3,1,346619902,4,346628094,0,8162,12.9927,8132,2,0x2711b7bcec,1018,7409,0,30,43101,8162,12.9927,8132,30,43093
1355000,8192,4,3,1,346873854,4,346882046,0,8164,12.9932,8136,2,0xd43393d4e5,1030,7411,0,28,43129,8164,12.9932,8136,28,43121
1356000,8192,5,3,2,347135995,5,347144187,0,8159,12.9919,8126,2,0xbcae8fa297,0,3,0,33,43162,8159,12.9919,8126,33,43154
1357000,8192,5,3,2,347389950,5,347398142,0,8160,12.9922,8128,2,0x9ae07f7624,983,7394,0,32,43194,8160,12.9922,8128,32,43186
1358000,8192,5,3,2,347643902,5,347652094,0,8168,12.9941,8144,2,0x81a1e6e041,936,7365,0,24,43218,8168,12.9941,8144,24,43210
1359000,8192,5,3,2,347897854,5,347906046,0,8147,12.9890,8102,2,0xc1e640f740,998,7409,0,45,43263,8147,12.9890,8102,45,43255
1360000,8192,5,3,2,348159995,5,348168187,0,8159,12.9919,8127,3,0x064b8c5bd9,0,3,0,32,43295,8159,12.9919,8127,32,43287
1361000,8192,5,3,2,348413950,5,348422142,0,8157,12.9915,8122,2,0xe2d07229bf,965,7413,0,35,43330,8157,12.9915,8122,35,43322
1362000,8192,5,3,2,348667902,5,348676094,0,8158,12.9917,8124,2,0xf577bf440d,987,7437,0,34,43364,8158,12.9917,8124,34,43356
1363000,8192,5,3,2,348921854,5,348930046,0,8160,12.9922,8128,2,0xfb9fc52ded,980,7429,0,32,43396,8160,12.9922,8128,32,43388
1364000,8192,5,3,2,349183995,5,349192187,0,8164,12.9932,8136,2,0x45d313aaf0,0,3,0,28,43424,8164,12.9932,8136,28,43416
1365000,8192,5,3,2,349437950,5,349446142,0,8170,12.9946,8148,2,0xc30fb8787b,971,7414,0,22,43446,8170,12.9946,8148,22,43438
1366000,8192,5,3,2,349691902,5,349700094,0,8170,12.9946,8148,2,0x0a1ef19afd,928,7415,0,22,43468,8170,12.9946,8148,22,43460
1367000,8192,5,3,2,349945854,5,349954046,0,8162,12.9927,8132,2,0x868f43e7a7,949,7423,0,30,43498,8162,12.9927,8132,30,43490
1368000,8192,5,3,2,350207995,5,350216187,0,8160,12.9922,8128,2,0x35241b68b3,1,3,0,32,43530,8160,12.9922,8128,32,43522
1369000,8192,5,3,2,350461950,5,350470142,0,8153,12.9905,8114,2,0x7abb09f17b,1020,7413,0,39,43569,8153,12.9905,8114,39,43561
1370000,8192,5,3,2,350715902,5,350724094,0,8166,12.9936,8141,3,0xc996fb41ad,975,7359,0,25,43594,8166,12.9936,8141,25,43586
1371000,8192,5,3,2,350969854,5,350978046,0,8152,12.9902,8112,2,0x8cc8db25aa,981,7418,0,40,43634,8152,12.9902,8112,40,43626
1372000,8192,5,3,2,351231995,5,351240187,0,8155,12.9910,8118,2,0x4066289a4f,0,3,0,37,43671,8155,12.9910,8118,37,43663
1373000,8192,5,3,2,351485950,5,351494142,0,8160,12.9922,8128,2,0x275607ff4c,1024,7400,0,32,43703,8160,12.9922,8128,32,43695
1374000,8192,5,3,2,351739902,5,351748094,0,8161,12.9924,8130,2,0xe77312df7a,959,7420,0,31,43734,8161,12.9924,8130,31,43726
1375000,8192,5,3,2,351993854,5,352002046,0,8164,12.9932,8136,2,0x3a32d24bec,964,7467,0,28,43762,8164,12.9932,8136,28,43754
1376000,8192,5,3,2,352255995,5,352264187,0,8164,12.9932,8136,2,0x41f7975c0f,0,3,0,28,43790,8164,12.9932,8136,28,43782
1377000,8192,5,3,2,352509950,5,352518142,0,8160,12.9922,8128,2,0x9ec699c8e8,905,7424,0,32,43822,8160,12.9922,8128,32,43814
1378000,8192,5,3,2,352763902,5,352772094,0,8163,12.9929,8134,2,0x7e188a7917,978,7411,0,29,43851,8163,12.9929,8134,29,43843
1379000,8192,5,3,2,353017854,5,353026046,0,8165,12.9934,8138,2,0x7f2d5d7390,965,7379,0,27,43878,8165,12.9934,8138,27,43870
1380000,8192,5,3,2,353279995,5,353288187,0,8162,12.9927,8132,2,0x84502e65aa,1,3,0,30,43908,8162,12.9927,8132,30,43900
1381000,8192,5,3,2,353533950,5,353542142,0,8163,12.9929,8134,2,0xc61ca4a95b,961,7440,0,29,43937,8163,12.9929,8134,29,43929
1382000,8192,5,3,2,353787902,5,353796094,0,8162,12.9927,8132,2,0x5f8cbbf528,1035,7428,0,30,43967,8162,12.9927,8132,30,43959
1383000,8192,5,3,2,354041854,5,354050046,0,8157,12.9915,8122,2,0x3b7b8f2355,978,7433,0,35,44002,8157,12.9915,8122,35,43994
1384000,8192,5,3,2,354303995,5,354312187,0,8167,12.9939,8142,2,0xd1f98e7bb1,1,3,0,25,44027,8167,12.9939,8142,25,44019
1385000,8192,5,3,2,354557950,5,354566142,0,8164,12.9932,8136,2,0xa991cf69ea,978,7373,0,28,44055,8164,12.9932,8136,28,44047
1386000,8192,5,3,2,354811902,5,354820094,0,8163,12.9929,8134,2,0xf59b95a420,960,7361,0,29,44084,8163,12.9929,8134,29,44076
1387000,8192,5,3,2,355065854,5,355074046,0,8170,12.9946,8148,2,0xa8a037f68f,970,7399,0,22,44106,8170,12.9946,8148,22,44098
1388000,8192,5,3,2,355327995,5,355336187,0,8159,12.9919,8126,2,0x10cfe9abf6,0,3,0,33,44139,8159,12.9919,8126,33,44131
1389000,8192,5,3,2,355581950,5,355590142,0,8163,12.9929,8134,2,0xc34979a7a1,972,7414,0,29,44168,8163,12.9929,8134,29,44160
1390000,8192,5,3,2,355835902,5,355844094,0,8163,12.9929,8134,2,0x1936a0e50f,995,7430,0,29,44197,8163,12.9929,8134,29,44189
1391000,8192,5,3,2,356089854,5,356098046,0,8159,12.9919,8126,2,0x9c5604d8fe,1002,7422,0,33,44230,8159,12.9919,8126,33,44222
1392000,8192,5,3,2,356351995,5,356360187,0,8164,12.9932,8136,2,0xfb1412ff77,0,3,0,28,44258,8164,12.9932,8136,28,44250
1393000,8192,5,3,2,356605950,5,356614142,0,8163,12.9929,8134,2,0x8f3d477184,977,7420,0,29,44287,8163,12.9929,8134,29,44279
1394000,8192,5,3,2,356859902,5,356868094,0,8164,12.9932,8136,2,0x88eb4b773e,984,7451,0,28,44315,8164,12.9932,8136,28,44307
1395000,8192,5,3,2,357113854,5,357122046,0,8162,12.9927,8132,2,0x6800ebf709,1000,7425,0,30,44345,8162,12.9927,8132,30,44337
1396000,8192,5,3,2,357375995,5,357384187,0,8158,12.9917,8124,2,0x2dc5c0f208,1,3,0,34,44379,8158,12.9917,8124,34,44371
1397000,8192,5,3,2,357629950,5,357638142,0,8149,12.9895,8106,2,0xeaf0890f4f,993,7422,0,43,44422,8149,12.9895,8106,43,44414
1398000,8192,5,3,2,357883902,5,357892094,0,8151,12.9900,8110,2,0x70309f52b8,1021,7384,0,41,44463,8151,12.9900,8110,41,44455
1399000,8192,5,3,2,358137854,5,358146046,0,8164,12.9931,8137,3,0x9648f8173d,978,7437,0,27,44490,8164,12.9931,8137,27,44482
1400000,8192,5,3,2,358399995,5,358408187,0,8154,12.9907,8116,2,0x69d6647820,1,3,0,38,44528,8154,12.9907,8116,38,44520
1401000,8192,5,3,2,358653950,5,358662142,0,8167,12.9939,8142,2,0x91415e3138,947,7399,0,25,44553,8167,12.9939,8142,25,44545
1402000,8192,5,3,2,358907902,5,358916094,0,8154,12.9907,8116,2,0x020dd737f1,999,7406,0,38,44591,8154,12.9907,8116,38,44583
1403000,8192,5,3,2,359161854,5,359170046,0,8169,12.9944,8146,2,0x726328da12,990,7414,0,23,44614,8169,12.9944,8146,23,44606
1404000,8192,5,3,2,359423995,5,359432187,0,8164,12.9932,8135,2,0x36429494e7,0,3,0,28,44642,8164,12.9932,8135,28,44634
1405000,8192,5,3,2,359677950,5,359686142,0,8166,12.9937,8140,2,0x87e1737eb9,979,7405,0,26,44668,8166,12.9937,8140,26,44660
1406000,8192,5,3,2,359931902,5,359940094,0,8165,12.9934,8138,2,0x5deb26516b,974,7403,0,27,44695,8165,12.9934,8138,27,44687
1407000,8192,5,3,2,360185854,5,360194046,0,8162,12.9927,8132,2,0x91615722bc,971,7398,0,30,44725,8162,12.9927,8132,30,44717
1408000,8192,5,3,2,360447995,5,360456187,0,8167,12.9939,8142,2,0x976371e091,0,2,0,25,44750,8167,12.9939,8142,25,44742
1409000,8192,5,3,2,360701950,5,360710142,0,8168,12.9941,8144,2,0x34b9f926d7,981,7409,0,24,44774,8168,12.9941,8144,24,44766
1410000,8192,5,3,2,360955902,5,360964094,0,8156,12.9912,8120,2,0x310891d63a,997,7400,0,36,44810,8156,12.9912,8120,36,44802
1411000,8192,5,3,2,361209854,5,361218046,0,8150,12.9897,8108,2,0x9669d5e918,999,7377,0,42,44852,8150,12.9897,8108,42,44844
1412000,8192,5,3,2,361471995,5,361480187,0,8166,12.9937,8140,2,0xef689bbeb5,0,3,0,26,44878,8166,12.9937,8140,26,44870
1413000,8192,5,3,2,361725950,5,361734142,0,8173,12.9954,8154,2,0xe82af42dc1,892,7457,0,19,44897,8173,12.9954,8154,19,44889
1414000,8192,5,3,2,361979902,5,361988094,0,8160,12.9922,8128,2,0xa6f412f740,1012,7403,0,32,44929,8160,12.9922,8128,32,44921
1415000,8192,5,3,2,362233854,5,362242046,0,8157,12.9914,8123,3,0x2c7a454db4,966,7439,0,34,44963,8158,12.9916,8125,33,44954
1416000,8192,5,3,2,362495995,5,362504187,0,8154,12.9907,8116,2,0xde40824d71,1,2,0,38,45001,8154,12.9907,8116,38,44992
1417000,8192,5,3,2,362749950,5,362758142,0,8164,12.9932,8136,2,0x467857b25e,991,7439,0,28,45029,8164,12.9932,8136,28,45020
1418000,8192,5,3,2,363003902,5,363012094,0,8159,12.9919,8126,2,0x4b03b564cc,908,7466,0,33,45062,8159,12.9919,8126,33,45053
1419000,8192,5,3,2,363257854,5,363266046,0,8162,12.9927,8132,2,0xa46adce965,957,7386,0,30,45092,8162,12.9927,8132,30,45083
1420000,8192,5,3,2,363519995,5,363528187,0,8159,12.9919,8126,2,0x9e6ce1cd22,0,2,0,33,45125,8159,12.9919,8126,33,45116
1421000,8192,5,3,2,363773950,5,363782142,0,8163,12.9929,8134,2,0xa545ad146b,938,7452,0,29,45154,8163,12.9929,8134,29,45145
1422000,8192,5,3,2,364027902,5,364036094,0,8159,12.9919,8126,2,0x13333c535f,970,7431,0,33,45187,8159,12.9919,8126,33,45178
1423000,8192,5,3,2,364281854,5,364290046,0,8158,12.9917,8124,2,0x7e8dfac004,934,7430,0,34,45221,8158,12.9917,8124,34,45212
1424000,8192,5,3,2,364543995,5,364552187,0,8155,12.9910,8118,2,0xeb95e4c5ff,0,3,0,37,45258,8155,12.9910,8118,37,45249
1425000,8192,5,3,2,364797950,5,364806142,0,8156,12.9912,8120,2,0x0fd4107e4b,989,7369,0,36,45294,8156,12.9912,8120,36,45285
1426000,8192,5,3,2,365051902,5,365060094,0,8157,12.9915,8122,2,0x4b92987b66,986,7447,0,35,45329,8157,12.9915,8122,35,45320
1427000,8192,5,3,2,365305854,5,365314046,0,8155,12.9910,8118,2,0xf097014691,1010,7392,0,37,45366,8155,12.9910,8118,37,45357
1428000,8192,5,3,2,365567995,5,365576187,0,8151,12.9900,8110,2,0x7461bcc85e,0,3,0,41,45407,8151,12.9900,8110,41,45398
1429000,8192,5,3,2,365821950,5,365830142,0,8160,12.9922,8128,2,0xc2a50c3128,951,7398,0,32,45439,8160,12.9922,8128,32,45430
1430000,8192,5,3,2,366075902,5,366084094,0,8162,12.9927,8132,2,0x94263dec5b,986,7425,0,30,45469,8162,12.9927,8132,30,45460
1431000,8192,5,3,2,366329854,5,366338046,0,8160,12.9922,8128,2,0x595c44b9be,995,7459,0,32,45501,8160,12.9922,8128,32,45492
1432000,8192,5,3,2,366591995,5,366600187,0,8157,12.9915,8122,2,0x6bfeb1b37b,0,3,0,35,45536,8157,12.9915,8122,35,45527
1433000,8192,5,3,2,366845950,5,366854142,0,8168,12.9941,8144,2,0x82bf0b8975,1017,7468,0,24,45560,8168,12.9941,8144,24,45551
1434000,8192,5,3,2,367099902,5,367108094,0,8173,12.9954,8154,2,0x54bd56a869,989,7422,0,19,45579,8173,12.9954,8154,19,45570
1435000,8192,5,3,2,367353854,5,367362046,0,8163,12.9929,8134,2,0x55de7227fb,990,7456,0,29,45608,8163,12.9929,8134,29,45599
1436000,8192,5,3,2,367615995,5,367624187,0,8156,12.9912,8120,2,0xe19b32d816,1,3,0,36,45644,8156,12.9912,8120,36,45635
1437000,8192,5,3,2,367869950,5,367878142,0,8165,12.9934,8138,2,0x72f9642b08,991,7465,0,27,45671,8165,12.9934,8138,27,45662
1438000,8192,5,3,2,368123902,5,368132094,0,8161,12.9924,8130,2,0x23a7a5fd98,995,7414,0,31,45702,8161,12.9924,8130,31,45693
1439000,8192,5,3,2,368377854,5,368386046,0,8162,12.9927,8132,2,0xf82d7fd5bf,1006,7438,0,30,45732,8162,12.9927,8132,30,45723
1440000,8192,5,3,2,368639995,5,368648187,0,8157,12.9915,8122,2,0xf992eedf13,0,3,0,35,45767,8157,12.9915,8122,35,45758
1441000,8192,5,3,2,368893950,5,368902142,0,8167,12.9939,8142,2,0x21994d5026,1019,7433,0,25,45792,8167,12.9939,8142,25,45783
1442000,8192,5,3,2,369147902,5,369156094,0,8161,12.9924,8130,2,0x9fec7f966e,1016,7389,0,31,45823,8161,12.9924,8130,31,45814
1443000,8192,5,3,2,369401854,5,369410046,0,8161,12.9923,8131,3,0x97cf5e2aa2,981,7466,0,30,45853,8161,12.9923,8131,30,45844
1444000,8192,5,3,2,369663995,5,369672187,0,8158,12.9916,8125,3,0xf169c6c419,1,3,0,33,45886,8158,12.9916,8125,33,45877
1445000,8192,5,3,2,369917950,5,369926142,0,8153,12.9905,8114,2,0x38d672031c,931,7394,0,39,45925,8153,12.9905,8114,39,45916
1446000,8192,5,3,2,370171902,5,370180094,0,8171,12.9949,8150,2,0x386e02eccf,995,7436,0,21,45946,8171,12.9949,8150,21,45937
1447000,8192,5,3,2,370425854,5,370434046,0,8164,12.9932,8136,2,0x95d0dce9fc,965,7376,0,28,45974,8164,12.9932,8136,28,45965
1448000,8192,5,3,2,370687995,5,370696187,0,8172,12.9951,8152,2,0x0719d9fb4f,0,3,0,20,45994,8172,12.9951,8152,20,45985
1449000,8192,5,3,2,370941950,5,370950142,0,8151,12.9900,8110,2,0x7164ff875d,1009,7493,0,41,46035,8151,12.9900,8110,41,46026
1450000,8192,5,3,2,371195902,5,371204094,0,8164,12.9932,8136,2,0xe059abccf0,1005,7460,0,28,46063,8164,12.9932,8136,28,46054
1451000,8192,5,3,2,371449854,5,371458046,0,8169,12.9944,8146,2,0xc9893d8825,1049,7426,0,23,46086,8169,12.9944,8146,23,46077
1452000,8192,5,3,2,371711995,5,371720187,0,8164,12.9932,8136,2,0x739ae4342a,0,2,0,28,46114,8164,12.9932,8136,28,46105
1453000,8192,5,3,2,371965950,5,371974142,0,8167,12.9939,8142,2,0xbcabcaf6f2,981,7395,0,25,46139,8167,12.9939,8142,25,46130
1454000,8192,5,3,2,372219902,5,372228094,0,8167,12.9939,8142,2,0x2adf54149b,946,7416,0,25,46164,8167,12.9939,8142,25,46155
1455000,8192,5,3,2,372473854,5,372482046,0,8161,12.9924,8130,2,0x1eabc2fbce,1003,7402,0,31,46195,8161,12.9924,8130,31,46186
1456000,8192,5,3,2,372735995,5,372744187,0,8162,12.9927,8132,2,0x3fc3303816,0,3,0,30,46225,8162,12.9927,8132,30,46216
1457000,8192,5,3,2,372989950,5,372998142,0,8159,12.9919,8126,2,0xf4e387eb1f,959,7408,0,33,46258,8159,12.9919,8126,33,46249
1458000,8192,5,3,2,373243902,5,373252094,0,8159,12.9919,8126,2,0x7ba63925a4,947,7425,0,33,46291,8159,12.9919,8126,33,46282
1459000,8192,5,3,2,373497854,5,373506046,0,8154,12.9907,8116,2,0x87770de66d,988,7404,0,38,46329,8154,12.9907,8116,38,46320
1460000,8192,5,3,2,373759995,5,373768187,0,8158,12.9917,8124,2,0x91ac1630d0,0,2,0,34,46363,8158,12.9917,8124,34,46354
1461000,8192,5,3,2,374013950,5,374022142,0,8162,12.9927,8132,2,0x9519f2e544,958,7418,0,30,46393,8162,12.9927,8132,30,46384
1462000,8192,5,3,2,374267902,5,374276094,0,8160,12.9922,8128,2,0xa5314e0794,938,7463,0,32,46425,8160,12.9922,8128,32,46416
1463000,8192,5,3,2,374521854,5,374530046,0,8150,12.9897,8108,2,0x7cac69c80e,923,7448,0,42,46467,8150,12.9897,8108,42,46458
1464000,8192,5,3,2,374783995,5,374792187,0,8163,12.9929,8134,2,0x4b603bcee0,0,3,0,29,46496,8163,12.9929,8134,29,46487
1465000,8192,5,3,2,375037950,5,375046142,0,8153,12.9905,8114,2,0xa8813236fd,1021,7388,0,39,46535,8153,12.9905,8114,39,46526
1466000,8192,5,3,2,375291902,5,375300094,0,8165,12.9934,8138,2,0xb5eeaa7d0a,997,7456,0,27,46562,8165,12.9934,8138,27,46553
1467000,8192,5,3,2,375545854,5,375554046,0,8156,12.9912,8120,2,0x4518f72e7f,1026,7470,0,36,46598,8156,12.9912,8120,36,46589
1468000,8192,5,3,2,375807995,5,375816187,0,8162,12.9927,8132,2,0x8b1667adc9,1,2,0,30,46628,8162,12.9927,8132,30,46619
1469000,8192,5,3,2,376061950,5,376070142,0,8161,12.9923,8131,3,0xec009c2831,943,7395,0,30,46658,8161,12.9923,8131,30,46649
1470000,8192,5,3,2,376315902,5,376324094,0,8160,12.9922,8128,2,0xe59de4cdbd,923,7378,0,32,46690,8160,12.9922,8128,32,46681
1471000,8192,5,3,2,376569854,5,376578046,0,8156,12.9912,8120,2,0xd05ed76053,981,7410,0,36,46726,8156,12.9912,8120,36,46717
1472000,8192,5,3,2,376831995,5,376840187,0,8159,12.9919,8126,2,0x9476296c3c,0,3,0,33,46759,8159,12.9919,8126,33,46750
1473000,8192,5,3,2,377085950,5,377094142,0,8152,12.9902,8112,2,0xe8cb9c503c,972,7456,0,40,46799,8152,12.9902,8112,40,46790
1474000,8192,5,3,2,377339902,5,377348094,0,8160,12.9922,8128,2,0x2e424288e7,931,7381,0,32,46831,8160,12.9922,8128,32,46822
1475000,8192,5,3,2,377593854,5,377602046,0,8159,12.9919,8126,2,0xd0fcdad7d9,934,7398,0,33,46864,8159,12.9919,8126,33,46855
1476000,8192,5,3,2,377855995,5,377864187,0,8155,12.9910,8118,2,0x497ffcd4af,0,2,0,37,46901,8155,12.9910,8118,37,46892
1477000,8192,5,3,2,378109950,5,378118142,0,8157,12.9915,8122,2,0x51f726f48b,954,7433,0,35,46936,8157,12.9915,8122,35,46927
1478000,8192,5,3,2,378363902,5,378372094,0,8160,12.9922,8128,2,0x869d3da7e3,1015,7394,0,32,46968,8160,12.9922,8128,32,46959
1479000,8192,5,3,2,378617854,5,378626046,0,8166,12.9937,8140,2,0x81addf0d21,956,7425,0,26,46994,8166,12.9937,8140,26,46985
1480000,8192,5,3,2,378879995,5,378888187,0,8160,12.9922,8128,2,0x1898fc7965,0,2,0,32,47026,8160,12.9922,8128,32,47017
1481000,8192,5,3,2,379133950,5,379142142,0,8158,12.9917,8124,2,0x1718136bff,965,7406,0,34,47060,8158,12.9917,8124,34,47051
1482000,8192,5,3,2,379387902,5,379396094,0,8165,12.9934,8138,2,0x87900c1b8c,924,7395,0,27,47087,8165,12.9934,8138,27,47078
1483000,8192,5,3,2,379641854,5,379650046,0,8165,12.9934,8138,2,0x7e30b19f3a,961,7374,0,27,47114,8165,12.9934,8138,27,47105
1484000,8192,5,3,2,379903995,5,379912187,0,8151,12.9900,8110,2,0x203788af46,1,2,0,41,47155,8151,12.9900,8110,41,47146
1485000,8192,5,3,2,380157950,5,380166142,0,8168,12.9941,8144,2,0x68f6ffd195,988,7439,0,24,47179,8168,12.9941,8144,24,47170
1486000,8192,5,3,2,380411902,5,380420094,0,8156,12.9912,8120,2,0x2605e5b015,967,7435,0,36,47215,8156,12.9912,8120,36,47206
1487000,8192,5,3,2,380665854,5,380674046,0,8160,12.9922,8128,2,0x887374dc38,946,7413,0,32,47247,8160,12.9922,8128,32,47238
1488000,8192,5,3,2,380927995,5,380936187,0,8160,12.9922,8128,2,0x79d392a411,0,2,0,32,47279,8160,12.9922,8128,32,47270
1489000,8192,5,3,2,381181950,5,381190142,0,8155,12.9910,8118,2,0x096245d0ab,989,7417,0,37,47316,8155,12.9910,8118,37,47307
1490000,8192,5,3,2,381435902,5,381444094,0,8151,12.9900,8110,2,0xfd029ead23,992,7387,0,41,47357,8151,12.9900,8110,41,47348
1491000,8192,5,3,2,381689854,5,381698046,0,8160,12.9921,8129,3,0x497fccd137,910,7479,0,31,47388,8160,12.9921,8129,31,47379
1492000,8192,5,3,2,381951995,5,381960187,0,8167,12.9939,8142,2,0x1f2ae32556,0,3,0,25,47413,8167,12.9939,8142,25,47404
1493000,8192,5,3,2,382205950,5,382214142,0,8155,12.9909,8119,3,0xa71e31d071,988,7400,0,36,47449,8155,12.9909,8119,36,47440
1494000,8192,5,3,2,382459902,5,382468094,0,8160,12.9922,8128,2,0x4ecb2abbbd,1013,7417,0,32,47481,8160,12.9922,8128,32,47472
1495000,8192,5,3,2,382713854,5,382722046,0,8161,12.9924,8130,2,0x3c33d20b56,963,7457,0,31,47512,8161,12.9924,8130,31,47503
1496000,8192,5,3,2,382975995,5,382984187,0,8162,12.9927,8132,2,0x1d6ceafc14,0,3,0,30,47542,8162,12.9927,8132,30,47533
1497000,8192,5,3,2,383229950,5,383238142,0,8160,12.9922,8128,2,0xdc1a67e1ef,966,7412,0,32,47574,8160,12.9922,8128,32,47565
1498000,8192,5,3,2,383483902,5,383492094,0,8157,12.9915,8122,2,0xf37239635b,938,7421,0,35,47609,8157,12.9915,8122,35,47600
1499000,8192,5,3,2,383737854,5,383746046,0,8165,12.9934,8138,2,0x59ab438bd2,926,7379,0,27,47636,8165,12.9934,8138,27,47627
1500000,8192,5,3,2,383999995,5,384008187,0,8156,12.9912,8120,2,0xfec7d5cae1,1,3,0,36,47672,8156,12.9912,8120,36,47663
1501000,8192,5,3,2,384253950,5,384262142,0,8155,12.9910,8118,2,0x6d86627cc4,967,7402,0,37,47709,8155,12.9910,8118,37,47700
1502000,8192,5,3,2,384507902,5,384516094,0,8163,12.9929,8134,2,0x263d657bb3,1024,7437,0,29,47738,8163,12.9929,8134,29,47729
1503000,8192,5,3,2,384761854,5,384770046,0,8153,12.9905,8114,2,0xcad5f3a821,1004,7434,0,39,47777,8153,12.9905,8114,39,47768
1504000,8192,5,3,2,385023995,5,385032187,0,8167,12.9939,8142,2,0x1c5a435fc5,1,3,0,25,47802,8167,12.9939,8142,25,47793
1505000,8192,5,3,2,385277950,5,385286142,0,8150,12.9897,8109,3,0x6ff73f7ce8,1033,7410,0,41,47843,8150,12.9897,8109,41,47834
1506000,8192,5,3,2,385531902,5,385540094,0,8158,12.9917,8124,2,0xc2c40ed273,982,7422,0,34,47877,8158,12.9917,8124,34,47868
1507000,8192,5,3,2,385785854,5,385794046,0,8162,12.9927,8132,2,0xde8fc2d3e7,931,7408,0,30,47907,8162,12.9927,8132,30,47898
1508000,8192,5,3,2,386047995,5,386056187,0,8156,12.9912,8120,2,0x394ed2225c,0,3,0,36,47943,8156,12.9912,8120,36,47934
1509000,8192,5,3,2,386301950,5,386310142,0,8167,12.9939,8142,2,0x644d3e8917,1001,7413,0,25,47968,8167,12.9939,8142,25,47959
1510000,8192,5,3,2,386555902,5,386564094,0,8155,12.9910,8118,2,0xcfd3cbcb73,1020,7427,0,37,48005,8155,12.9910,8118,37,47996
1511000,8192,5,3,2,386809854,5,386818046,0,8169,12.9944,8146,2,0xe06c5ff799,1033,7466,0,23,48028,8169,12.9944,8146,23,48019
1512000,8192,5,3,2,387071995,5,387080187,0,8159,12.9919,8126,2,0x9aa87a4822,1,3,0,33,48061,8159,12.9919,8126,33,48052
1513000,8192,5,3,2,387325950,5,387334142,0,8154,12.9907,8116,2,0x4ff205d665,977,7373,0,38,48099,8154,12.9907,8116,38,48090
1514000,8192,5,3,2,387579902,5,387588094,0,8149,12.9895,8106,2,0x43ff043199,990,7406,0,43,48142,8149,12.9895,8106,43,48133
1515000,8192,5,3,2,387833854,5,387842046,0,8158,12.9917,8124,2,0x0363cd1b3f,1005,7423,0,34,48176,8158,12.9917,8124,34,48167
1516000,8192,5,3,2,388095995,5,388104187,0,8167,12.9939,8142,2,0x581378b521,0,3,0,25,48201,8167,12.9939,8142,25,48192
1517000,8192,5,3,2,388349950,5,388358142,0,8143,12.9880,8094,2,0x156c0d77ba,1004,7418,0,49,48250,8143,12.9880,8094,49,48241
1518000,8192,5,3,2,388603902,5,388612094,0,8156,12.9912,8120,2,0xc8628d0468,1039,7463,0,36,48286,8156,12.9912,8120,36,48277
1519000,8192,5,3,2,388857854,5,388866046,0,8156,12.9912,8120,2,0xfadccd287d,964,7388,0,36,48322,8156,12.9912,8120,36,48313
1520000,8192,5,3,2,389119995,5,389128187,0,8156,12.9912,8120,2,0xfb1d8c8fa1,0,3,0,36,48358,8156,12.9912,8120,36,48349
1521000,8192,5,3,2,389373950,5,389382142,0,8158,12.9917,8124,2,0xfefa7728ba,978,7390,0,34,48392,8158,12.9917,8124,34,48383
1522000,8192,5,3,2,389627902,5,389636094,0,8159,12.9919,8126,2,0x194475c599,955,7430,0,33,48425,8159,12.9919,8126,33,48416
1523000,8192,5,3,2,389881854,5,389890046,0,8159,12.9919,8126,2,0x5123a3a54e,1005,7431,0,33,48458,8159,12.9919,8126,33,48449
1524000,8192,5,3,2,390143995,5,390152187,0,8160,12.9922,8128,2,0x2be3e900f0,0,3,0,32,48490,8160,12.9922,8128,32,48481
1525000,8192,5,3,2,390397950,5,390406142,0,8158,12.9917,8124,2,0x4253f1c370,1014,7422,0,34,48524,8158,12.9917,8124,34,48515
1526000,8192,5,3,2,390651902,5,390660094,0,8159,12.9919,8126,2,0x0866bd26f0,952,7429,0,33,48557,8159,12.9919,8126,33,48548
1527000,8192,5,3,2,390905854,5,390914046,0,8159,12.9919,8126,2,0xd02bd762e3,1004,7402,0,33,48590,8159,12.9919,8126,33,48581
1528000,8192,5,3,2,391167995,5,391176187,0,8159,12.9919,8126,2,0x5293b0fa14,1,3,0,33,48623,8159,12.9919,8126,33,48614
1529000,8192,5,3,2,391421950,5,391430142,0,8161,12.9924,8130,2,0x5b99843bf4,938,7433,0,31,48654,8161,12.9924,8130,31,48645
1530000,8192,5,3,2,391675902,5,391684094,0,8154,12.9907,8116,2,0xe6f9706ff6,967,7438,0,38,48692,8154,12.9907,8116,38,48683
1531000,8192,5,3,2,391929854,5,391938046,0,8165,12.9934,8138,2,0x3102a5bddb,1023,7416,0,27,48719,8165,12.9934,8138,27,48710
1532000,8192,5,3,2,392191995,5,392200187,0,8171,12.9949,8150,2,0xe668fc68eb,1,3,0,21,48740,8171,12.9949,8150,21,48731
1533000,8192,5,3,2,392445950,5,392454142,0,8149,12.9895,8106,2,0x7f660ad747,942,7349,0,43,48783,8149,12.9895,8106,43,48774
1534000,8192,5,3,2,392699902,5,392708094,0,8161,12.9923,8131,3,0x3ce54fef65,949,7384,0,30,48813,8161,12.9923,8131,30,48804
1535000,8192,5,3,2,392953854,5,392962046,0,8149,12.9895,8106,2,0x81fae5eb30,959,7403,0,43,48856,8149,12.9895,8106,43,48847
1536000,8192,5,3,2,393215995,5,393224187,0,8166,12.9937,8140,2,0x9a409907aa,0,3,0,26,48882,8166,12.9937,8140,26,48873
1537000,8192,5,3,2,393469950,5,393478142,0,8161,12.9924,8130,2,0xe151af8d70,998,7441,0,31,48913,8161,12.9924,8130,31,48904
1538000,8192,5,3,2,393723902,5,393732094,0,8160,12.9922,8128,2,0xb8c66c5304,951,7419,0,32,48945,8160,12.9922,8128,32,48936
1539000,8192,5,3,2,393977854,5,393986046,0,8162,12.9927,8132,2,0xc962d47543,995,7363,0,30,48975,8162,12.9927,8132,30,48966
1540000,8192,5,3,2,394239995,5,394248187,0,8159,12.9919,8126,2,0x64e7450927,0,3,0,33,49008,8159,12.9919,8126,33,48999
1541000,8192,5,3,2,394493950,5,394502142,0,8152,12.9902,8112,2,0xae6813ecdc,958,7357,0,40,49048,8152,12.9902,8112,40,49039
1542000,8192,5,3,2,394747902,5,394756094,0,8157,12.9915,8122,2,0xdf9eb9a54d,962,7442,0,35,49083,8157,12.9915,8122,35,49074
1543000,8192,5,3,2,395001854,5,395010046,0,8163,12.9929,8134,2,0xd2e3927443,983,7467,0,29,49112,8163,12.9929,8134,29,49103
1544000,8192,5,3,2,395263995,5,395272187,0,8162,12.9927,8132,2,0xb8c8aa3cf1,2,3,0,30,49142,8162,12.9927,8132,30,49133
1545000,8192,5,3,2,395517950,5,395526142,0,8157,12.9915,8122,2,0x0356475e71,1018,7419,0,35,49177,8157,12.9915,8122,35,49168
1546000,8192,5,3,2,395771902,5,395780094,0,8157,12.9915,8122,2,0xc3cd018b17,1013,7451,0,35,49212,8157,12.9915,8122,35,49203
1547000,8192,5,3,2,396025854,5,396034046,0,8167,12.9939,8142,2,0xf46357d095,976,7363,0,25,49237,8167,12.9939,8142,25,49228
1548000,8192,5,3,2,396287995,5,396296187,0,8159,12.9919,8126,2,0x37a229a632,0,3,0,33,49270,8159,12.9919,8126,33,49261
1549000,8192,6,3,3,396541949,6,396550141,0,8169,12.9944,8146,2,0x46a4bb7fce,975,7395,0,23,49293,8169,12.9944,8146,23,49284
1550000,8192,6,3,3,396795901,6,396804093,0,8158,12.9917,8124,2,0x46c42c44ec,924,7354,0,34,49327,8159,12.9919,8126,33,49317
1551000,8192,6,3,3,397049853,6,397058045,0,8170,12.9946,8148,2,0x74037163f7,999,7408,0,22,49349,8170,12.9946,8148,22,49339
1552000,8192,6,3,3,397311994,6,397320186,0,8156,12.9912,8120,2,0x9ca7a97eea,0,3,0,36,49385,8156,12.9912,8120,36,49375
1553000,8192,6,3,3,397565949,6,397574141,0,8163,12.9929,8134,2,0x5084046224,991,7402,0,29,49414,8163,12.9929,8134,29,49404
1554000,8192,6,3,3,397819901,6,397828093,0,8162,12.9927,8132,2,0xf3a7b8c6eb,1009,7436,0,30,49444,8162,12.9927,8132,30,49434
1555000,8192,6,3,3,398073853,6,398082045,0,8157,12.9915,8122,2,0xb0fb45cf79,972,7405,0,35,49479,8157,12.9915,8122,35,49469
1556000,8192,6,3,3,398335994,6,398344186,0,8154,12.9907,8116,2,0x8e73fd9dee,1,3,0,38,49517,8154,12.9907,8116,38,49507
1557000,8192,6,3,3,398589949,6,398598141,0,8168,12.9941,8144,2,0xbe0dae236e,939,7444,0,24,49541,8168,12.9941,8144,24,49531
1558000,8192,6,3,3,398843901,6,398852093,0,8171,12.9949,8150,2,0xd9bd28635e,958,7379,0,21,49562,8171,12.9949,8150,21,49552
1559000,8192,6,3,3,399097853,6,399106045,0,8156,12.9912,8120,2,0x1182685393,956,7398,0,36,49598,8156,12.9912,8120,36,49588
1560000,8192,6,3,3,399359994,6,399368186,0,8162,12.9927,8132,2,0x421aa09fda,0,3,0,30,49628,8162,12.9927,8132,30,49618
1561000,8192,6,3,3,399613949,6,399622141,0,8153,12.9905,8114,2,0x528e692312,985,7386,0,39,49667,8153,12.9905,8114,39,49657
1562000,8192,6,3,3,399867901,6,399876093,0,8155,12.9909,8119,3,0xbac0a1bde5,992,7419,0,36,49703,8155,12.9909,8119,36,49693
1563000,8192,6,3,3,400121853,6,400130045,0,8157,12.9915,8122,2,0xd7d24ff090,945,7404,0,35,49738,8157,12.9915,8122,35,49728
1564000,8192,6,3,3,400383994,6,400392186,0,8152,12.9902,8112,2,0x06b4168b74,2,3,0,40,49778,8152,12.9902,8112,40,49768
1565000,8192,6,3,3,400637949,6,400646141,0,8164,12.9932,8136,2,0x9834406250,960,7439,0,28,49806,8164,12.9932,8136,28,49796
1566000,8192,6,3,3,400891901,6,400900093,0,8159,12.9919,8126,2,0x1f792d9df1,1001,7382,0,33,49839,8159,12.9919,8126,33,49829
1567000,8192,6,3,3,401145853,6,401154045,0,8165,12.9934,8138,2,0xa6206fbed2,928,7399,0,27,49866,8165,12.9934,8138,27,49856
1568000,8192,6,3,3,401407994,6,401416186,0,8163,12.9929,8134,2,0xae4bee476e,0,3,0,29,49895,8163,12.9929,8134,29,49885
1569000,8192,6,3,3,401661949,6,401670141,0,8156,12.9912,8120,2,0xd07fc966ee,974,7423,0,36,49931,8156,12.9912,8120,36,49921
1570000,8192,6,3,3,401915901,6,401924093,0,8172,12.9951,8152,2,0x398b5b2a71,995,7398,0,20,49951,8172,12.9951,8152,20,49941
1571000,8192,6,3,3,402169853,6,402178045,0,8158,12.9917,8124,2,0x9564f5af3b,955,7390,0,34,49985,8158,12.9917,8124,34,49975
1572000,8192,6,3,3,402431994,6,402440186,0,8160,12.9922,8128,2,0x6c72fdbde8,0,3,0,32,50017,8160,12.9922,8128,32,50007
1573000,8192,6,3,3,402685949,6,402694141,0,8163,12.9929,8134,2,0xaf7535cb78,957,7408,0,29,50046,8163,12.9929,8134,29,50036
1574000,8192,6,3,3,402939901,6,402948093,0,8168,12.9941,8144,2,0x681e8ab872,1011,7471,0,24,50070,8168,12.9941,8144,24,50060
1575000,8192,6,3,3,403193853,6,403202045,0,8171,12.9949,8150,2,0x021e08db68,966,7439,0,21,50091,8171,12.9949,8150,21,50081
1576000,8192,6,3,3,403455994,6,403464186,0,8169,12.9944,8146,2,0x6305a02a57,1,2,0,23,50114,8169,12.9944,8146,23,50104
1577000,8192,6,3,3,403709949,6,403718141,0,8167,12.9939,8142,2,0xe5f62b77ab,966,7407,0,25,50139,8167,12.9939,8142,25,50129
1578000,8192,6,3,3,403963901,6,403972093,0,8160,12.9922,8128,2,0x3038fafc39,1008,7451,0,32,50171,8160,12.9922,8128,32,50161
1579000,8192,6,3,3,404217853,6,404226045,0,8162,12.9927,8132,2,0xe8710b3144,976,7425,0,30,50201,8162,12.9927,8132,30,50191
1580000,8192,6,3,3,404479994,6,404488186,0,8157,12.9914,8123,3,0xb2b0e695c4,1,3,0,34,50235,8157,12.9914,8123,34,50225
1581000,8192,6,3,3,404733949,6,404742141,0,8157,12.9915,8122,2,0x3aedf61ae2,956,7426,0,35,50270,8157,12.9915,8122,35,50260
1582000,8192,6,3,3,404987901,6,404996093,0,8157,12.9914,8123,3,0xd86e5001b8,975,7411,0,34,50304,8157,12.9914,8123,34,50294
1583000,8192,6,3,3,405241853,6,405250045,0,8153,12.9905,8114,2,0x12a0b34e8f,994,7415,0,39,50343,8153,12.9905,8114,39,50333
1584000,8192,6,3,3,405503994,6,405512186,0,8162,12.9927,8132,2,0xc666b6a87c,1,3,0,30,50373,8162,12.9927,8132,30,50363
1585000,8192,6,3,3,405757949,6,405766141,0,8146,12.9888,8100,2,0x2b806e11cb,980,7468,0,46,50419,8146,12.9888,8100,46,50409
1586000,8192,6,3,3,406011901,6,406020093,0,8168,12.9941,8144,2,0x2d72319417,960,7410,0,24,50443,8168,12.9941,8144,24,50433
1587000,8192,6,3,3,406265853,6,406274045,0,8162,12.9927,8132,2,0x03ed2a5e49,984,7430,0,30,50473,8162,12.9927,8132,30,50463
1588000,8192,6,3,3,406527994,6,406536186,0,8158,12.9917,8124,2,0xec90e27f59,0,3,0,34,50507,8158,12.9917,8124,34,50497
1589000,8192,6,3,3,406781949,6,406790141,0,8158,12.9917,8124,2,0xeb9ca62fc2,970,7506,0,34,50541,8158,12.9917,8124,34,50531
1590000,8192,6,3,3,407035901,6,407044093,0,8170,12.9946,8148,2,0x3975c9e731,998,7426,0,22,50563,8170,12.9946,8148,22,50553
1591000,8192,6,3,3,407289853,6,407298045,0,8161,12.9924,8130,2,0x68df1dbbae,965,7397,0,31,50594,8161,12.9924,8130,31,50584
1592000,8192,6,3,3,407551994,6,407560186,0,8160,12.9922,8128,2,0x6e1b0ccdef,1,3,0,32,50626,8160,12.9922,8128,32,50616
1593000,8192,6,3,3,407805949,6,407814141,0,8161,12.9924,8130,2,0xf9fcb45765,958,7435,0,31,50657,8161,12.9924,8130,31,50647
1594000,8192,6,3,3,408059901,6,408068093,0,8157,12.9914,8123,3,0x448f3e77ce,958,7407,0,34,50691,8157,12.9914,8123,34,50681
1595000,8192,6,3,3,408313853,6,408322045,0,8159,12.9919,8127,3,0x5aa16eae12,1021,7398,0,32,50723,8159,12.9919,8127,32,50713
1596000,8192,6,3,3,408575994,6,408584186,0,8162,12.9927,8132,2,0x685deb7e2b,2,3,0,30,50753,8162,12.9927,8132,30,50743
1597000,8192,6,3,3,408829949,6,408838141,0,8160,12.9922,8128,2,0xabc61dea88,977,7371,0,32,50785,8160,12.9922,8128,32,50775
1598000,8192,6,3,3,409083901,6,409092093,0,8165,12.9934,8138,2,0xfa7c266f00,985,7419,0,27,50812,8165,12.9934,8138,27,50802
1599000,8192,6,3,3,409337853,6,409346045,0,8156,12.9911,8121,3,0x0f2e1ac24d,1018,7420,0,35,50847,8156,12.9911,8121,35,50837
1600000,8192,6,3,3,409599994,6,409608186,0,8164,12.9932,8136,2,0x63421257e4,0,2,0,28,50875,8164,12.9932,8136,28,50865
1601000,8192,6,3,3,409853949,6,409862141,0,8166,12.9937,8140,2,0x9b4b37db6c,976,7429,0,26,50901,8166,12.9937,8140,26,50891
1602000,8192,6,3,3,410107901,6,410116093,0,8162,12.9927,8132,2,0x8bf332501c,969,7419,0,30,50931,8162,12.9927,8132,30,50921
1603000,8192,6,3,3,410361853,6,410370045,0,8163,12.9928,8135,3,0x7dd015c457,981,7478,0,28,50959,8163,12.9928,8135,28,50949
1604000,8192,6,3,3,410623994,6,410632186,0,8153,12.9905,8114,2,0x162027751e,0,3,0,39,50998,8153,12.9905,8114,39,50988
1605000,8192,6,3,3,410877949,6,410886141,0,8156,12.9912,8120,2,0x6cf107fe0e,999,7463,0,36,51034,8156,12.9912,8120,36,51024
1606000,8192,6,3,3,411131901,6,411140093,0,8165,12.9934,8138,2,0x81e3ee5c4f,966,7427,0,27,51061,8165,12.9934,8138,27,51051
1607000,8192,6,3,3,411385853,6,411394045,0,8173,12.9954,8154,2,0xe750698c1f,983,7404,0,19,51080,8173,12.9954,8154,19,51070
1608000,8192,6,3,3,411647994,6,411656186,0,8169,12.9944,8146,2,0x8502d2d603,1,2,0,23,51103,8169,12.9944,8146,23,51093
1609000,8192,6,3,3,411901949,6,411910141,0,8163,12.9929,8134,2,0xffeb3da32c,996,7421,0,29,51132,8163,12.9929,8134,29,51122
1610000,8192,6,3,3,412155901,6,412164093,0,8165,12.9934,8138,2,0x735b551ba5,968,7404,0,27,51159,8165,12.9934,8138,27,51149
1611000,8192,6,3,3,412409853,6,412418045,0,8158,12.9917,8124,2,0xc41b9ca3c4,970,7414,0,34,51193,8158,12.9917,8124,34,51183
1612000,8192,6,3,3,412671994,6,412680186,0,8163,12.9929,8134,2,0x1822a28be4,1,3,0,29,51222,8163,12.9929,8134,29,51212
1613000,8192,6,3,3,412925949,6,412934141,0,8163,12.9929,8134,2,0x4d130df1f4,976,7407,0,29,51251,8163,12.9929,8134,29,51241
1614000,8192,6,3,3,413179901,6,413188093,0,8157,12.9915,8122,2,0x601a248563,970,7396,0,35,51286,8158,12.9917,8124,34,51275
1615000,8192,6,3,3,413433853,6,413442045,0,8150,12.9897,8108,2,0x4b940823a5,961,7455,0,42,51328,8150,12.9897,8108,42,51317
1616000,8192,6,3,3,413695994,6,413704186,0,8161,12.9924,8130,2,0xab3794c3d2,1,2,0,31,51359,8161,12.9924,8130,31,51348
1617000,8192,6,3,3,413949949,6,413958141,0,8152,12.9902,8112,2,0xdf8f50500b,960,7414,0,40,51399,8152,12.9902,8112,40,51388
1618000,8192,6,3,3,414203901,6,414212093,0,8167,12.9939,8142,2,0xed4a8e9dab,983,7448,0,25,51424,8167,12.9939,8142,25,51413
1619000,8192,6,3,3,414457853,6,414466045,0,8150,12.9897,8108,2,0xe91eaf011b,1014,7385,0,42,51466,8150,12.9897,8108,42,51455
1620000,8192,6,3,3,414719994,6,414728186,0,8156,12.9912,8120,2,0x3afbfd07aa,0,3,0,36,51502,8156,12.9912,8120,36,51491
1621000,8192,6,3,3,414973949,6,414982141,0,8164,12.9932,8136,2,0x45af6ccd31,923,7438,0,28,51530,8164,12.9932,8136,28,51519
1622000,8192,6,3,3,415227901,6,415236093,0,8161,12.9924,8130,2,0x3ae42c12b0,981,7432,0,31,51561,8161,12.9924,8130,31,51550
1623000,8192,6,3,3,415481853,6,415490045,0,8163,12.9929,8134,2,0x769daffc96,977,7419,0,29,51590,8163,12.9929,8134,29,51579
1624000,8192,6,3,3,415743994,6,415752186,0,8161,12.9924,8130,2,0xdb4eaf7399,0,3,0,31,51621,8161,12.9924,8130,31,51610
1625000,8192,6,3,3,415997949,6,416006141,0,8167,12.9939,8142,2,0x9ae526141e,983,7421,0,25,51646,8167,12.9939,8142,25,51635
1626000,8192,6,3,3,416251901,6,416260093,0,8159,12.9919,8126,2,0xb187ea4bba,1018,7457,0,33,51679,8159,12.9919,8126,33,51668
1627000,8192,6,3,3,416505853,6,416514045,0,8160,12.9922,8128,2,0x4ce6c5ae40,985,7402,0,32,51711,8160,12.9922,8128,32,51700
1628000,8192,6,3,3,416767994,6,416776186,0,8150,12.9897,8108,2,0x14cad12c1d,2,3,0,42,51753,8150,12.9897,8108,42,51742
1629000,8192,6,3,3,417021949,6,417030141,0,8164,12.9931,8137,3,0x5154c2ffc7,979,7383,0,27,51780,8164,12.9931,8137,27,51769
1630000,8192,6,3,3,417275901,6,417284093,0,8164,12.9932,8136,2,0xf2a27819cd,1020,7390,0,28,51808,8164,12.9932,8136,28,51797
1631000,8192,6,3,3,417529853,6,417538045,0,8160,12.9922,8128,2,0x14670f5c7f,969,7410,0,32,51840,8160,12.9922,8128,32,51829
1632000,8192,6,3,3,417791994,6,417800186,0,8162,12.9927,8132,2,0x43eda1f8f1,1,3,0,30,51870,8162,12.9927,8132,30,51859
1633000,8192,6,3,3,418045949,6,418054141,0,8164,12.9932,8136,2,0xf71d3d4e40,945,7417,0,28,51898,8164,12.9932,8136,28,51887
1634000,8192,6,3,3,418299901,6,418308093,0,8157,12.9915,8122,2,0x7b9fae5ed9,944,7415,0,35,51933,8157,12.9915,8122,35,51922
1635000,8192,6,3,3,418553853,6,418562045,0,8161,12.9924,8130,2,0x004da7c4bb,978,7434,0,31,51964,8161,12.9924,8130,31,51953
1636000,8192,6,3,3,418815994,6,418824186,0,8160,12.9922,8128,2,0xf336ae9c6a,1,3,0,32,51996,8160,12.9922,8128,32,51985
1637000,8192,6,3,3,419069949,6,419078141,0,8163,12.9929,8134,2,0xc9dce20f4e,987,7452,0,29,52025,8163,12.9929,8134,29,52014
1638000,8192,6,3,3,419323901,6,419332093,0,8159,12.9919,8126,2,0x55578377c5,1016,7398,0,33,52058,8159,12.9919,8126,33,52047
1639000,8192,6,3,3,419577853,6,419586045,0,8152,12.9902,8112,2,0x6f2290b99c,1009,7427,0,40,52098,8152,12.9902,8112,40,52087
1640000,8192,6,3,3,419839994,6,419848186,0,8162,12.9927,8132,2,0x68ac30b4eb,1,3,0,30,52128,8162,12.9927,8132,30,52117
1641000,8192,6,3,3,420093949,6,420102141,0,8163,12.9929,8134,2,0xb1a411cf5c,925,7443,0,29,52157,8163,12.9929,8134,29,52146
1642000,8192,6,3,3,420347901,6,420356093,0,8165,12.9934,8138,2,0x66a4bd8716,971,7448,0,27,52184,8165,12.9934,8138,27,52173
1643000,8192,6,3,3,420601853,6,420610045,0,8157,12.9915,8122,2,0x758ba93f24,1012,7413,0,35,52219,8157,12.9915,8122,35,52208
1644000,8192,6,3,3,420863994,6,420872186,0,8155,12.9910,8118,2,0x23ccc30260,1,2,0,37,52256,8155,12.9910,8118,37,52245
1645000,8192,6,3,3,421117949,6,421126141,0,8159,12.9919,8126,2,0x2f6f064968,976,7439,0,33,52289,8159,12.9919,8126,33,52278
1646000,8192,6,3,3,421371901,6,421380093,0,8175,12.9958,8158,2,0xd8251fcecb,996,7386,0,17,52306,8175,12.9958,8158,17,52295
1647000,8192,6,3,3,421625853,6,421634045,0,8152,12.9902,8112,2,0x3749282736,951,7446,0,40,52346,8152,12.9902,8112,40,52335
1648000,8192,6,3,3,421887994,6,421896186,0,8161,12.9924,8130,2,0x62df268ab0,0,3,0,31,52377,8161,12.9924,8130,31,52366
1649000,8192,6,3,3,422141949,6,422150141,0,8156,12.9912,8120,2,0x1b2c662cb7,964,7417,0,36,52413,8156,12.9912,8120,36,52402
1650000,8192,6,3,3,422395901,6,422404093,0,8159,12.9919,8126,2,0x99b51694b4,984,7440,0,33,52446,8159,12.9919,8126,33,52435
1651000,8192,6,3,3,422649853,6,422658045,0,8147,12.9890,8102,2,0x761257de5c,985,7434,0,45,52491,8147,12.9890,8102,45,52480
1652000,8192,6,3,3,422911994,6,422920186,0,8158,12.9917,8124,2,0xb0fa0d176f,0,3,0,34,52525,8158,12.9917,8124,34,52514
1653000,8192,6,3,3,423165949,6,423174141,0,8152,12.9902,8112,2,0x1bb1a1ff98,1005,7439,0,40,52565,8152,12.9902,8112,40,52554
1654000,8192,6,3,3,423419901,6,423428093,0,8166,12.9937,8140,2,0x4318500c3b,966,7445,0,26,52591,8166,12.9937,8140,26,52580
1655000,8192,6,3,3,423673853,6,423682045,0,8159,12.9919,8126,2,0x894681218b,977,7421,0,33,52624,8159,12.9919,8126,33,52613
1656000,8192,6,3,3,423935994,6,423944186,0,8162,12.9927,8132,2,0x161dcb2ea9,0,3,0,30,52654,8162,12.9927,8132,30,52643
1657000,8192,6,3,3,424189949,6,424198141,0,8170,12.9946,8148,2,0x9529bb38f3,955,7406,0,22,52676,8171,12.9949,8150,21,52664
1658000,8192,6,3,3,424443901,6,424452093,0,8160,12.9922,8128,2,0x481bce95f1,977,7399,0,32,52708,8160,12.9922,8128,32,52696
1659000,8192,6,3,3,424697853,6,424706045,0,8175,12.9958,8158,2,0x78c47e3a5a,1042,7422,0,17,52725,8175,12.9958,8158,17,52713
1660000,8192,6,3,3,424959994,6,424968186,0,8164,12.9932,8136,2,0xb92e14c3b5,0,2,0,28,52753,8164,12.9932,8136,28,52741
1661000,8192,6,3,3,425213949,6,425222141,0,8167,12.9939,8142,2,0xae0ed4ad85,1012,7425,0,25,52778,8167,12.9939,8142,25,52766
1662000,8192,6,3,3,425467901,6,425476093,0,8157,12.9914,8123,3,0x6c25f0e6a3,935,7419,0,34,52812,8157,12.9914,8123,34,52800
1663000,8192,6,3,3,425721853,6,425730045,0,8163,12.9929,8134,2,0xec345bbee2,919,7413,0,29,52841,8163,12.9929,8134,29,52829
1664000,8192,6,3,3,425983994,6,425992186,0,8154,12.9907,8116,2,0xd3bf91d559,1,3,0,38,52879,8154,12.9907,8116,38,52867
1665000,8192,6,3,3,426237949,6,426246141,0,8158,12.9917,8124,2,0x1b54a48b58,964,7424,0,34,52913,8158,12.9917,8124,34,52901
1666000,8192,6,3,3,426491901,6,426500093,0,8160,12.9922,8128,2,0x0cb0b82c15,940,7416,0,32,52945,8160,12.9922,8128,32,52933
1667000,8192,6,3,3,426745853,6,426754045,0,8157,12.9915,8122,2,0x12f4936df1,932,7396,0,35,52980,8157,12.9915,8122,35,52968
1668000,8192,6,3,3,427007994,6,427016186,0,8162,12.9927,8132,2,0xc1bffc7484,1,1,0,30,53010,8162,12.9927,8132,30,52998
1669000,8192,6,3,3,427261949,6,427270141,0,8164,12.9932,8136,2,0x140660da1f,1016,7376,0,28,53038,8164,12.9932,8136,28,53026
1670000,8192,6,3,3,427515901,6,427524093,0,8163,12.9929,8134,2,0x8cde6d2029,973,7407,0,29,53067,8163,12.9929,8134,29,53055
1671000,8192,6,3,3,427769853,6,427778045,0,8174,12.9956,8156,2,0xd259e3872e,1017,7435,0,18,53085,8174,12.9956,8156,18,53073
1672000,8192,6,3,3,428031994,6,428040186,0,8162,12.9926,8133,3,0xd6d9ebd83f,1,2,0,29,53114,8162,12.9926,8133,29,53102
1673000,8192,6,3,3,428285949,6,428294141,0,8161,12.9924,8130,2,0x104b4947a5,971,7476,0,31,53145,8161,12.9924,8130,31,53133
1674000,8192,6,3,3,428539901,6,428548093,0,8162,12.9927,8132,2,0x89b45e4f3c,966,7470,0,30,53175,8162,12.9927,8132,30,53163
1675000,8192,6,3,3,428793853,6,428802045,0,8168,12.9941,8144,2,0xdbe9431df5,1063,7412,0,24,53199,8168,12.9941,8144,24,53187
1676000,8192,6,3,3,429055994,6,429064186,0,8155,12.9910,8118,2,0xff5a8293ac,0,3,0,37,53236,8155,12.9910,8118,37,53224
1677000,8192,6,3,3,429309949,6,429318141,0,8161,12.9924,8130,2,0x8b65fbe846,958,7422,0,31,53267,8162,12.9927,8132,30,53254
1678000,8192,6,3,3,429563901,6,429572093,0,8171,12.9949,8150,2,0xdde6c0a58e,1042,7426,0,21,53288,8171,12.9949,8150,21,53275
1679000,8192,6,3,3,429817853,6,429826045,0,8167,12.9938,8143,3,0xda2f081b31,984,7402,0,24,53312,8167,12.9938,8143,24,53299
1680000,8192,6,3,3,430079994,6,430088186,0,8165,12.9934,8138,2,0xa01d94278a,0,3,0,27,53339,8165,12.9934,8138,27,53326
1681000,8192,6,3,3,430333949,6,430342141,0,8153,12.9905,8114,2,0x3d0a61d5eb,959,7323,0,39,53378,8153,12.9905,8114,39,53365
1682000,8192,6,3,3,430587901,6,430596093,0,8162,12.9927,8132,2,0xba27458548,1020,7402,0,30,53408,8162,12.9927,8132,30,53395
1683000,8192,6,3,3,430841853,6,430850045,0,8160,12.9922,8128,2,0x088a26f3e9,928,7445,0,32,53440,8160,12.9922,8128,32,53427
1684000,8192,6,3,3,431103994,6,431112186,0,8168,12.9941,8144,2,0xfe7e7142a1,1,3,0,24,53464,8168,12.9941,8144,24,53451
1685000,8192,6,3,3,431357949,6,431366141,0,8160,12.9922,8128,2,0xf44a818954,983,7469,0,32,53496,8160,12.9922,8128,32,53483
1686000,8192,6,3,3,431611901,6,431620093,0,8160,12.9922,8128,2,0x5fa8451bc7,997,7413,0,32,53528,8160,12.9922,8128,32,53515
1687000,8192,6,3,3,431865853,6,431874045,0,8170,12.9945,8149,3,0x815cb16d4f,987,7433,0,21,53549,8170,12.9945,8149,21,53536
1688000,8192,6,3,3,432127994,6,432136186,0,8157,12.9915,8122,2,0x3ab49762c2,0,3,0,35,53584,8157,12.9915,8122,35,53571
1689000,8192,6,3,3,432381949,6,432390141,0,8157,12.9915,8122,2,0x401f45b3aa,938,7429,0,35,53619,8157,12.9915,8122,35,53606
1690000,8192,6,3,3,432635901,6,432644093,0,8153,12.9905,8114,2,0x153084118c,994,7471,0,39,53658,8153,12.9905,8114,39,53645
1691000,8192,6,3,3,432889853,6,432898045,0,8155,12.9910,8118,2,0x385e9349ad,991,7389,0,37,53695,8155,12.9910,8118,37,53682
1692000,8192,6,3,3,433151994,6,433160186,0,8169,12.9944,8146,2,0x2b8722c97d,1,3,0,23,53718,8169,12.9944,8146,23,53705
1693000,8192,6,3,3,433405949,6,433414141,0,8162,12.9927,8132,2,0x8eb496d6e9,1011,7423,0,30,53748,8162,12.9927,8132,30,53735
1694000,8192,6,3,3,433659901,6,433668093,0,8155,12.9909,8119,3,0x5167ce3677,959,7422,0,36,53784,8155,12.9909,8119,36,53771
1695000,8192,6,3,3,433913853,6,433922045,0,8161,12.9924,8130,2,0x871ad028da,1024,7439,0,31,53815,8161,12.9924,8130,31,53802
1696000,8192,6,3,3,434175994,6,434184186,0,8160,12.9922,8128,2,0xa67e2fdc72,0,2,0,32,53847,8160,12.9922,8128,32,53834
1697000,8192,6,3,3,434429949,6,434438141,0,8168,12.9941,8144,2,0x5026e85126,1015,7430,0,24,53871,8168,12.9941,8144,24,53858
1698000,8192,6,3,3,434683901,6,434692093,0,8153,12.9905,8114,2,0xf0614e2132,986,7407,0,39,53910,8153,12.9905,8114,39,53897
1699000,8192,6,3,3,434937853,6,434946045,0,8164,12.9932,8136,2,0x4fc783c6a4,995,7402,0,28,53938,8164,12.9932,8136,28,53925
1700000,8192,6,3,3,435199994,6,435208186,0,8158,12.9917,8124,2,0xb1b038a50e,0,3,0,34,53972,8158,12.9917,8124,34,53959
1701000,8192,6,3,3,435453949,6,435462141,0,8168,12.9941,8144,2,0xaf921120ae,995,7401,0,24,53996,8168,12.9941,8144,24,53983
1702000,8192,6,3,3,435707901,6,435716093,0,8159,12.9919,8126,2,0xa04166cd72,1011,7409,0,33,54029,8159,12.9919,8126,33,54016
1703000,8192,6,3,3,435961853,6,435970045,0,8168,12.9941,8144,2,0xdea3eb4ee5,967,7455,0,24,54053,8168,12.9941,8144,24,54040
1704000,8192,6,3,3,436223994,6,436232186,0,8160,12.9922,8128,2,0x03c829f269,0,3,0,32,54085,8160,12.9922,8128,32,54072
1705000,8192,6,3,3,436477949,6,436486141,0,8171,12.9949,8150,2,0x1a5bb7a66a,959,7407,0,21,54106,8171,12.9949,8150,21,54093
1706000,8192,6,3,3,436731901,6,436740093,0,8166,12.9937,8140,2,0x8fa6af83cf,987,7406,0,26,54132,8166,12.9937,8140,26,54119
1707000,8192,6,3,3,436985853,6,436994045,0,8163,12.9929,8134,2,0xfe79b13687,990,7437,0,29,54161,8163,12.9929,8134,29,54148
1708000,8192,6,3,3,437247994,6,437256186,0,8162,12.9927,8132,2,0xe99540f271,0,3,0,30,54191,8162,12.9927,8132,30,54178
1709000,8192,6,3,3,437501949,6,437510141,0,8162,12.9927,8132,2,0xdcca51634a,979,7421,0,30,54221,8162,12.9927,8132,30,54208
1710000,8192,6,3,3,437755901,6,437764093,0,8158,12.9917,8124,2,0xdc449c78bb,1012,7439,0,34,54255,8158,12.9917,8124,34,54242
1711000,8192,6,3,3,438009853,6,438018045,0,8158,12.9917,8124,2,0x17e79269e5,1034,7429,0,34,54289,8158,12.9917,8124,34,54276
1712000,8192,6,3,3,438271994,6,438280186,0,8162,12.9927,8132,2,0xe80669f984,2,2,0,30,54319,8162,12.9927,8132,30,54306
1713000,8192,6,3,3,438525949,6,438534141,0,8166,12.9937,8140,2,0x845104fd94,996,7429,0,26,54345,8166,12.9937,8140,26,54332
1714000,8192,6,3,3,438779901,6,438788093,0,8173,12.9954,8154,2,0x48507f15f8,1000,7433,0,19,54364,8173,12.9954,8154,19,54351
1715000,8192,6,3,3,439033853,6,439042045,0,8170,12.9946,8148,2,0x1a38511e65,1025,7439,0,22,54386,8170,12.9946,8148,22,54373
1716000,8192,6,3,3,439295994,6,439304186,0,8166,12.9937,8140,2,0x25b93016e4,1,3,0,26,54412,8166,12.9937,8140,26,54399
1717000,8192,6,3,3,439549949,6,439558141,0,8156,12.9911,8121,3,0xd697020c1f,958,7421,0,35,54447,8156,12.9911,8121,35,54434
1718000,8192,6,3,3,439803901,6,439812093,0,8161,12.9924,8130,2,0xc4bff75f1b,982,7429,0,31,54478,8161,12.9924,8130,31,54465
1719000,8192,6,3,3,440057853,6,440066045,0,8164,12.9932,8136,2,0xb026e45de5,950,7346,0,28,54506,8165,12.9934,8138,27,54492
1720000,8192,6,3,3,440319994,6,440328186,0,8172,12.9951,8152,2,0x883e2a3687,1,3,0,20,54526,8172,12.9951,8152,20,54512
1721000,8192,6,3,3,440573949,6,440582141,0,8160,12.9922,8128,2,0xe455ce0bdd,975,7411,0,32,54558,8160,12.9922,8128,32,54544
1722000,8192,6,3,3,440827901,6,440836093,0,8164,12.9932,8136,2,0x157d53324d,975,7400,0,28,54586,8164,12.9932,8136,28,54572
1723000,8192,6,3,3,441081853,6,441090045,0,8144,12.9883,8096,2,0x5d1eed22fc,1002,7401,0,48,54634,8144,12.9883,8096,48,54620
1724000,8192,6,3,3,441343994,6,441352186,0,8165,12.9934,8138,2,0xc35356b5d5,0,3,0,27,54661,8165,12.9934,8138,27,54647
1725000,8192,6,3,3,441597949,6,441606141,0,8154,12.9907,8116,2,0x97c9030b01,1014,7384,0,38,54699,8154,12.9907,8116,38,54685
1726000,8192,6,3,3,441851901,6,441860093,0,8169,12.9943,8147,3,0x2c8aa67b1b,970,7387,0,22,54721,8169,12.9943,8147,22,54707
1727000,8192,6,3,3,442105853,6,442114045,0,8161,12.9924,8130,2,0xad3415f577,1013,7409,0,31,54752,8161,12.9924,8130,31,54738
1728000,8192,6,3,3,442367994,6,442376186,0,8168,12.9941,8144,2,0xf12f122031,0,3,0,24,54776,8168,12.9941,8144,24,54762
1729000,8192,6,3,3,442621949,6,442630141,0,8155,12.9910,8118,2,0xfd4abd9792,977,7458,0,37,54813,8155,12.9910,8118,37,54799
1730000,8192,6,3,3,442875901,6,442884093,0,8172,12.9951,8152,2,0x87fa92af88,962,7419,0,20,54833,8172,12.9951,8152,20,54819
1731000,8192,6,3,3,443129853,6,443138045,0,8160,12.9922,8128,2,0x1b138907b0,949,7450,0,32,54865,8160,12.9922,8128,32,54851
1732000,8192,6,3,3,443391994,6,443400186,0,8171,12.9949,8150,2,0x737b10f068,1,3,0,21,54886,8171,12.9949,8150,21,54872
1733000,8192,6,3,3,443645949,6,443654141,0,8158,12.9917,8124,2,0x840280ff54,960,7394,0,34,54920,8158,12.9917,8124,34,54906
1734000,8192,6,3,3,443899901,6,443908093,0,8161,12.9924,8130,2,0xb5d3bbd064,971,7393,0,31,54951,8161,12.9924,8130,31,54937
1735000,8192,6,3,3,444153853,6,444162045,0,8157,12.9915,8122,2,0x783dc38c93,982,7412,0,35,54986,8157,12.9915,8122,35,54972
1736000,8192,6,3,3,444415994,6,444424186,0,8166,12.9937,8140,2,0xf9c19563a9,0,3,0,26,55012,8166,12.9937,8140,26,54998
1737000,8192,6,3,3,444669949,6,444678141,0,8166,12.9937,8140,2,0x7729cda796,1014,7411,0,26,55038,8166,12.9937,8140,26,55024
1738000,8192,6,3,3,444923901,6,444932093,0,8156,12.9912,8120,2,0x32c1079786,989,7402,0,36,55074,8156,12.9912,8120,36,55060
1739000,8192,6,3,3,445177853,6,445186045,0,8160,12.9922,8128,2,0x49ee12df20,994,7437,0,32,55106,8160,12.9922,8128,32,55092
1740000,8192,6,3,3,445439994,6,445448186,0,8156,12.9912,8120,2,0xac0351d26f,0,3,0,36,55142,8156,12.9912,8120,36,55128
1741000,8192,6,3,3,445693949,6,445702141,0,8165,12.9934,8138,2,0xfac501f8a4,970,7442,0,27,55169,8165,12.9934,8138,27,55155
1742000,8192,6,3,3,445947901,6,445956093,0,8151,12.9900,8110,2,0xabbfff1234,967,7411,0,41,55210,8151,12.9900,8110,41,55196
1743000,8192,6,3,3,446201853,6,446210045,0,8162,12.9927,8132,2,0x21259204d3,1044,7439,0,30,55240,8163,12.9929,8134,29,55225
1744000,8192,6,3,3,446463994,6,446472186,0,8155,12.9910,8118,2,0x49752f565f,1,3,0,37,55277,8155,12.9910,8118,37,55262
1745000,8192,6,3,3,446717949,6,446726141,0,8149,12.9895,8106,2,0xee778f23f1,964,7383,0,43,55320,8149,12.9895,8106,43,55305
1746000,8192,6,3,3,446971901,6,446980093,0,8159,12.9919,8126,2,0xc49c46eda9,986,7376,0,33,55353,8159,12.9919,8126,33,55338
1747000,8192,6,3,3,447225853,6,447234045,0,8160,12.9922,8128,2,0xcb80e14a3a,1003,7412,0,32,55385,8160,12.9922,8128,32,55370
1748000,8192,6,3,3,447487994,6,447496186,0,8163,12.9929,8134,2,0x29509fc270,0,3,0,29,55414,8163,12.9929,8134,29,55399
1749000,8192,6,3,3,447741949,6,447750141,0,8164,12.9932,8136,2,0x950c86cad8,991,7418,0,28,55442,8164,12.9932,8136,28,55427
1750000,8192,6,3,3,447995901,6,448004093,0,8155,12.9910,8118,2,0xb46694a5be,989,7425,0,37,55479,8155,12.9910,8118,37,55464
1751000,8192,6,3,3,448249853,6,448258045,0,8162,12.9927,8132,2,0x14de767908,962,7399,0,30,55509,8162,12.9927,8132,30,55494
1752000,8192,6,3,3,448511994,6,448520186,0,8157,12.9914,8123,3,0x385f33cf68,0,2,0,34,55543,8157,12.9914,8123,34,55528
1753000,8192,6,3,3,448765949,6,448774141,0,8159,12.9919,8126,2,0xc2fdd2b16a,1000,7381,0,33,55576,8159,12.9919,8126,33,55561
1754000,8192,6,3,3,449019901,6,449028093,0,8174,12.9956,8156,2,0xc710d6d077,957,7427,0,18,55594,8174,12.9956,8156,18,55579
1755000,8192,6,3,3,449273853,6,449282045,0,8163,12.9929,8134,2,0xab8b87b475,985,7413,0,29,55623,8163,12.9929,8134,29,55608
1756000,8192,6,3,3,449535994,6,449544186,0,8165,12.9934,8138,2,0x43e19649ff,1,3,0,27,55650,8165,12.9934,8138,27,55635
1757000,8192,6,3,3,449789949,6,449798141,0,8162,12.9927,8132,2,0x3c4767cd58,941,7400,0,30,55680,8162,12.9927,8132,30,55665
1758000,8192,6,3,3,450043901,6,450052093,0,8155,12.9910,8118,2,0xb7d8000a6f,929,7422,0,37,55717,8155,12.9910,8118,37,55702
1759000,8192,6,3,3,450297853,6,450306045,0,8153,12.9905,8114,2,0x847bef96cf,974,7404,0,39,55756,8153,12.9905,8114,39,55741
1760000,8192,6,3,3,450559994,6,450568186,0,8156,12.9912,8120,2,0x9868efa2a2,1,3,0,36,55792,8156,12.9912,8120,36,55777
1761000,8192,6,3,3,450813949,6,450822141,0,8160,12.9922,8128,2,0x21ed462016,971,7412,0,32,55824,8160,12.9922,8128,32,55809
1762000,8192,6,3,3,451067901,6,451076093,0,8160,12.9921,8129,3,0x16a2a1a36f,995,7371,0,31,55855,8160,12.9921,8129,31,55840
1763000,8192,6,3,3,451321853,6,451330045,0,8161,12.9924,8130,2,0xfb96040427,966,7374,0,31,55886,8161,12.9924,8130,31,55871
1764000,8192,6,3,3,451583994,6,451592186,0,8171,12.9949,8150,2,0x34a23bb25c,0,3,0,21,55907,8171,12.9949,8150,21,55892
1765000,8192,6,3,3,451837949,6,451846141,0,8158,12.9917,8124,2,0xc6e13c8980,999,7449,0,34,55941,8158,12.9917,8124,34,55926
1766000,8192,6,3,3,452091901,6,452100093,0,8156,12.9912,8120,2,0xbffad35920,970,7420,0,36,55977,8156,12.9912,8120,36,55962
1767000,8192,6,3,3,452345853,6,452354045,0,8164,12.9932,8136,2,0x85bdcff0a8,964,7402,0,28,56005,8164,12.9932,8136,28,55990
1768000,8192,6,3,3,452607994,6,452616186,0,8169,12.9944,8146,2,0x110d993904,0,3,0,23,56028,8169,12.9944,8146,23,56013
1769000,8192,6,3,3,452861949,6,452870141,0,8165,12.9934,8138,2,0x1e2e0389c1,979,7378,0,27,56055,8165,12.9934,8138,27,56040
1770000,8192,6,3,3,453115901,6,453124093,0,8153,12.9905,8114,2,0x8b740ff4d2,986,7487,0,39,56094,8153,12.9905,8114,39,56079
1771000,8192,6,3,3,453369853,6,453378045,0,8176,12.9961,8160,2,0xb822abcae8,990,7413,0,16,56110,8176,12.9961,8160,16,56095
1772000,8192,6,3,3,453631994,6,453640186,0,8174,12.9956,8156,2,0x62678f0006,0,3,0,18,56128,8174,12.9956,8156,18,56113
1773000,8192,6,3,3,453885949,6,453894141,0,8156,12.9912,8120,2,0x4f5cafc5c4,928,7387,0,36,56164,8156,12.9912,8120,36,56149
1774000,8192,6,3,3,454139901,6,454148093,0,8162,12.9927,8132,2,0x3fefde869a,995,7446,0,30,56194,8162,12.9927,8132,30,56179
1775000,8192,6,3,3,454393853,6,454402045,0,8164,12.9932,8136,2,0x7b7ca318d3,907,7405,0,28,56222,8165,12.9934,8138,27,56206
1776000,8192,6,3,3,454655994,6,454664186,0,8156,12.9912,8120,2,0x7982a6be0e,3,3,0,36,56258,8156,12.9912,8120,36,56242
1777000,8192,6,3,3,454909949,6,454918141,0,8166,12.9937,8140,2,0x8b7d333d89,984,7464,0,26,56284,8166,12.9937,8140,26,56268
1778000,8192,6,3,3,455163901,6,455172093,0,8168,12.9941,8144,2,0x79ea0badb7,995,7435,0,24,56308,8168,12.9941,8144,24,56292
1779000,8192,6,3,3,455417853,6,455426045,0,8152,12.9902,8112,2,0x2e1b1843f3,1049,7416,0,40,56348,8152,12.9902,8112,40,56332
1780000,8192,6,3,3,455679994,6,455688186,0,8166,12.9937,8140,2,0x29a7c42b33,1,3,0,26,56374,8166,12.9937,8140,26,56358
1781000,8192,6,3,3,455933949,6,455942141,0,8163,12.9929,8134,2,0x29a5159b49,966,7465,0,29,56403,8163,12.9929,8134,29,56387
1782000,8192,6,3,3,456187901,6,456196093,0,8170,12.9946,8148,2,0x28b4a2f851,1028,7459,0,22,56425,8170,12.9946,8148,22,56409
1783000,8192,6,3,3,456441853,6,456450045,0,8156,12.9912,8120,2,0x4c1c9c9dd4,959,7393,0,36,56461,8156,12.9912,8120,36,56445
1784000,8192,6,3,3,456703994,6,456712186,0,8157,12.9915,8122,2,0x58756e4db5,1,3,0,35,56496,8157,12.9915,8122,35,56480
1785000,8192,6,3,3,456957949,6,456966141,0,8166,12.9937,8140,2,0xdb81e2279e,889,7424,0,26,56522,8166,12.9937,8140,26,56506
1786000,8192,6,3,3,457211901,6,457220093,0,8159,12.9919,8126,2,0xb0ae3e7452,948,7374,0,33,56555,8159,12.9919,8126,33,56539
1787000,8192,6,3,3,457465853,6,457474045,0,8146,12.9888,8100,2,0xa1ec7b0eb2,985,7350,0,46,56601,8146,12.9888,8100,46,56585
1788000,8192,6,3,3,457727994,6,457736186,0,8157,12.9915,8122,2,0xc96a5775e0,0,2,0,35,56636,8157,12.9915,8122,35,56620
1789000,8192,6,3,3,457981949,6,457990141,0,8159,12.9919,8126,2,0x352599798c,941,7444,0,33,56669,8159,12.9919,8126,33,56653
1790000,8192,6,3,3,458235901,6,458244093,0,8167,12.9939,8142,2,0x838a102a76,955,7373,0,25,56694,8167,12.9939,8142,25,56678
1791000,8192,6,3,3,458489853,6,458498045,0,8158,12.9917,8124,2,0xf27382af87,1037,7442,0,34,56728,8158,12.9917,8124,34,56712
1792000,8192,6,3,3,458751994,6,458760186,0,8166,12.9937,8140,2,0x808b46feef,1,3,0,26,56754,8166,12.9937,8140,26,56738
1793000,8192,6,3,3,459005949,6,459014141,0,8163,12.9929,8134,2,0x3965d1d970,977,7422,0,29,56783,8163,12.9929,8134,29,56767
1794000,8192,6,3,3,459259901,6,459268093,0,8154,12.9907,8116,2,0x6156963706,938,7417,0,38,56821,8154,12.9907,8116,38,56805
1795000,8192,6,3,3,459513853,6,459522045,0,8154,12.9907,8116,2,0x7e1697acbe,1010,7432,0,38,56859,8155,12.9910,8118,37,56842
1796000,8192,6,3,3,459775994,6,459784186,0,8158,12.9917,8124,2,0x580c732251,0,3,0,34,56893,8158,12.9917,8124,34,56876
1797000,8192,6,3,3,460029949,6,460038141,0,8165,12.9934,8138,2,0x91360c323e,995,7421,0,27,56920,8165,12.9934,8138,27,56903
1798000,8192,6,3,3,460283901,6,460292093,0,8163,12.9929,8134,2,0x3fe7c3dbc9,933,7407,0,29,56949,8163,12.9929,8134,29,56932
1799000,8192,6,3,3,460537853,6,460546045,0,8164,12.9932,8136,2,0xaec3b8ef30,955,7419,0,28,56977,8164,12.9932,8136,28,56960
1800000,8192,6,3,3,460799994,6,460808186,0,8154,12.9907,8116,2,0xa9bfe04c61,0,3,0,38,57015,8154,12.9907,8116,38,56998
1801000,8192,6,3,3,461053949,6,461062141,0,8155,12.9910,8118,2,0x0003e5b8bb,1014,7442,0,37,57052,8155,12.9910,8118,37,57035
1802000,8192,6,3,3,461307901,6,461316093,0,8166,12.9937,8140,2,0x73b721c937,975,7437,0,26,57078,8166,12.9937,8140,26,57061
1803000,8192,6,3,3,461561853,6,461570045,0,8151,12.9900,8110,2,0x2a79a309b3,1024,7403,0,41,57119,8151,12.9900,8110,41,57102
1804000,8192,6,3,3,461823994,6,461832186,0,8165,12.9934,8138,2,0x7fd389d010,1,3,0,27,57146,8165,12.9934,8138,27,57129
1805000,8192,6,3,3,462077949,6,462086141,0,8158,12.9917,8124,2,0x211aef61f2,998,7399,0,34,57180,8158,12.9917,8124,34,57163
1806000,8192,6,3,3,462331901,6,462340093,0,8144,12.9883,8096,2,0x82a790e0a4,1005,7396,0,48,57228,8144,12.9883,8096,48,57211
1807000,8192,6,3,3,462585853,6,462594045,0,8167,12.9939,8142,2,0x97e31c6b6d,961,7369,0,25,57253,8167,12.9939,8142,25,57236
1808000,8192,6,3,3,462847994,6,462856186,0,8162,12.9927,8132,2,0xee0cd790ae,0,3,0,30,57283,8162,12.9927,8132,30,57266
1809000,8192,6,3,3,463101949,6,463110141,0,8165,12.9934,8138,2,0xc160e26412,980,7393,0,27,57310,8165,12.9934,8138,27,57293
1810000,8192,6,3,3,463355901,6,463364093,0,8161,12.9924,8130,2,0xd104340eff,1007,7424,0,31,57341,8161,12.9924,8130,31,57324
1811000,8192,6,3,3,463609853,6,463618045,0,8159,12.9919,8126,2,0x609286f271,959,7425,0,33,57374,8159,12.9919,8126,33,57357
1812000,8192,6,3,3,463871994,6,463880186,0,8161,12.9924,8130,2,0x4800eb7d8f,0,3,0,31,57405,8161,12.9924,8130,31,57388
1813000,8192,6,3,3,464125949,6,464134141,0,8148,12.9893,8104,2,0xc404664512,941,7408,0,44,57449,8148,12.9893,8104,44,57432
1814000,8192,6,3,3,464379901,6,464388093,0,8157,12.9915,8122,2,0xd200bef275,986,7422,0,35,57484,8158,12.9917,8124,34,57466
1815000,8192,6,3,3,464633853,6,464642045,0,8152,12.9902,8112,2,0x84ea4eb0f4,979,7443,0,40,57524,8152,12.9902,8112,40,57506
1816000,8192,6,3,3,464895994,6,464904186,0,8170,12.9946,8148,2,0x508b50974f,0,3,0,22,57546,8170,12.9946,8148,22,57528
1817000,8192,6,3,3,465149949,6,465158141,0,8162,12.9927,8132,2,0x95822dc20d,987,7422,0,30,57576,8162,12.9927,8132,30,57558
1818000,8192,6,3,3,465403901,6,465412093,0,8158,12.9917,8124,2,0xf06a1faf79,1041,7412,0,34,57610,8158,12.9917,8124,34,57592
1819000,8192,6,3,3,465657853,6,465666045,0,8164,12.9932,8136,2,0xec2dab1907,965,7436,0,28,57638,8164,12.9932,8136,28,57620
1820000,8192,6,3,3,465919994,6,465928186,0,8164,12.9932,8136,2,0x7ddaa242fe,1,3,0,28,57666,8164,12.9932,8136,28,57648
1821000,8192,6,3,3,466173949,6,466182141,0,8164,12.9932,8136,2,0x66c41d4165,976,7413,0,28,57694,8164,12.9932,8136,28,57676
1822000,8192,6,3,3,466427901,6,466436093,0,8166,12.9937,8140,2,0xd8ef9bb0d7,961,7436,0,26,57720,8166,12.9937,8140,26,57702
1823000,8192,6,3,3,466681853,6,466690045,0,8161,12.9924,8130,2,0x2da1ecd66c,988,7424,0,31,57751,8161,12.9924,8130,31,57733
1824000,8192,6,3,3,466943994,6,466952186,0,8163,12.9929,8134,2,0xaf13ddbe54,0,3,0,29,57780,8163,12.9929,8134,29,57762
1825000,8192,6,3,3,467197949,6,467206141,0,8159,12.9919,8126,2,0x2cc5634c29,937,7432,0,33,57813,8159,12.9919,8126,33,57795
1826000,8192,6,3,3,467451901,6,467460093,0,8160,12.9922,8128,2,0x25b7bf6bcb,968,7455,0,32,57845,8160,12.9922,8128,32,57827
1827000,8192,6,3,3,467705853,6,467714045,0,8153,12.9905,8114,2,0x5fd7dba787,987,7428,0,39,57884,8153,12.9905,8114,39,57866
1828000,8192,6,3,3,467967994,6,467976186,0,8158,12.9917,8124,2,0x278826f389,0,3,0,34,57918,8158,12.9917,8124,34,57900
1829000,8192,6,3,3,468221949,6,468230141,0,8162,12.9927,8132,2,0xe4613a3faf,970,7438,0,30,57948,8162,12.9927,8132,30,57930
1830000,8192,6,3,3,468475901,6,468484093,0,8155,12.9910,8118,2,0xa5609f3946,920,7453,0,37,57985,8155,12.9910,8118,37,57967
1831000,8192,6,3,3,468729853,6,468738045,0,8162,12.9926,8133,3,0x21267abbe1,955,7425,0,29,58014,8162,12.9926,8133,29,57996
1832000,8192,6,3,3,468991994,6,469000186,0,8167,12.9939,8142,2,0xe0f20e75a3,2,3,0,25,58039,8167,12.9939,8142,25,58021
1833000,8192,6,3,3,469245949,6,469254141,0,8162,12.9927,8132,2,0xee50bd4f05,974,7443,0,30,58069,8162,12.9927,8132,30,58051
1834000,8192,6,3,3,469499901,6,469508093,0,8163,12.9929,8134,2,0x805b2a8a46,954,7407,0,29,58098,8163,12.9929,8134,29,58080
1835000,8192,6,3,3,469753853,6,469762045,0,8159,12.9919,8126,2,0x1f649067f3,1019,7415,0,33,58131,8159,12.9919,8126,33,58113
1836000,8192,6,3,3,470015994,6,470024186,0,8165,12.9934,8138,2,0x36035d1744,0,3,0,27,58158,8165,12.9934,8138,27,58140
1837000,8192,6,3,3,470269949,6,470278141,0,8160,12.9922,8128,2,0xa66e755d47,970,7426,0,32,58190,8160,12.9922,8128,32,58172
1838000,8192,6,3,3,470523901,6,470532093,0,8166,12.9937,8140,2,0x4a2d9d7526,941,7388,0,26,58216,8166,12.9937,8140,26,58198
1839000,8192,6,3,3,470777853,6,470786045,0,8163,12.9929,8134,2,0x6c16630ff3,984,7454,0,29,58245,8163,12.9929,8134,29,58227
1840000,8192,6,3,3,471039994,6,471048186,0,8153,12.9905,8114,2,0x47c7b15cd4,1,2,0,39,58284,8153,12.9905,8114,39,58266
1841000,8192,6,3,3,471293949,6,471302141,0,8161,12.9924,8130,2,0xf12243d30e,1018,7417,0,31,58315,8161,12.9924,8130,31,58297
1842000,8192,6,3,3,471547901,6,471556093,0,8165,12.9934,8138,2,0xa257d4213f,992,7415,0,27,58342,8165,12.9934,8138,27,58324
1843000,8192,6,3,3,471801853,6,471810045,0,8160,12.9922,8128,2,0xce77744265,1029,7458,0,32,58374,8160,12.9922,8128,32,58356
1844000,8192,6,3,3,472063994,6,472072186,0,8167,12.9939,8142,2,0xdfb69278e5,1,3,0,25,58399,8167,12.9939,8142,25,58381
1845000,8192,6,3,3,472317949,6,472326141,0,8163,12.9929,8134,2,0xd688092948,1021,7431,0,29,58428,8163,12.9929,8134,29,58410
1846000,8192,6,3,3,472571901,6,472580093,0,8164,12.9932,8136,2,0x31ed86a4d2,986,7394,0,28,58456,8164,12.9932,8136,28,58438
1847000,8192,6,3,3,472825853,6,472834045,0,8162,12.9927,8132,2,0x0bd51882da,961,7331,0,30,58486,8162,12.9927,8132,30,58468
1848000,8192,6,3,3,473087994,6,473096186,0,8162,12.9927,8132,2,0x6b9301d0d1,0,3,0,30,58516,8162,12.9927,8132,30,58498
1849000,8192,6,3,3,473341949,6,473350141,0,8161,12.9924,8130,2,0xcf4ddde36f,1026,7449,0,31,58547,8161,12.9924,8130,31,58529
1850000,8192,6,3,3,473595901,6,473604093,0,8165,12.9934,8138,2,0xaea184f7f4,978,7398,0,27,58574,8165,12.9934,8138,27,58556
1851000,8192,6,3,3,473849853,6,473858045,0,8164,12.9932,8136,2,0xe154598022,1024,7480,0,28,58602,8164,12.9932,8136,28,58584
1852000,8192,6,3,3,474111994,6,474120186,0,8151,12.9900,8110,2,0xa2510bd294,1,3,0,41,58643,8151,12.9900,8110,41,58625
1853000,8192,6,3,3,474365949,6,474374141,0,8167,12.9939,8142,2,0xbe0af62df8,1009,7408,0,25,58668,8167,12.9939,8142,25,58650
1854000,8192,6,3,3,474619901,6,474628093,0,8163,12.9929,8134,2,0x1b91d955aa,986,7408,0,29,58697,8163,12.9929,8134,29,58679
1855000,8192,6,3,3,474873853,6,474882045,0,8166,12.9937,8140,2,0x02b0b336d7,1004,7410,0,26,58723,8167,12.9939,8142,25,58704
1856000,8192,6,3,3,475135994,6,475144186,0,8167,12.9939,8142,2,0x51f1c309b0,2,3,0,25,58748,8167,12.9939,8142,25,58729
1857000,8192,6,3,3,475389949,6,475398141,0,8162,12.9927,8132,2,0x8117b85d64,975,7390,0,30,58778,8162,12.9927,8132,30,58759
1858000,8192,6,3,3,475643901,6,475652093,0,8155,12.9910,8118,2,0x8a04fbdcb0,1007,7404,0,37,58815,8155,12.9910,8118,37,58796
1859000,8192,6,3,3,475897853,6,475906045,0,8159,12.9919,8126,2,0x71587e6d4a,924,7389,0,33,58848,8159,12.9919,8126,33,58829
1860000,8192,6,3,3,476159994,6,476168186,0,8156,12.9912,8120,2,0x9fc93e51ff,1,1,0,36,58884,8156,12.9912,8120,36,58865
1861000,8192,6,3,3,476413949,6,476422141,0,8167,12.9939,8142,2,0x4b7c0b6018,1006,7388,0,25,58909,8167,12.9939,8142,25,58890
1862000,8192,6,3,3,476667901,6,476676093,0,8163,12.9929,8134,2,0xe2c229bb41,1020,7438,0,29,58938,8163,12.9929,8134,29,58919
1863000,8192,6,3,3,476921853,6,476930045,0,8173,12.9954,8154,2,0xf64bb5ac33,954,7432,0,19,58957,8173,12.9954,8154,19,58938
1864000,8192,6,3,3,477183994,6,477192186,0,8156,12.9912,8120,2,0x235d0556c6,0,3,0,36,58993,8156,12.9912,8120,36,58974
1865000,8192,6,3,3,477437949,6,477446141,0,8164,12.9932,8136,2,0x833f5fab40,975,7395,0,28,59021,8164,12.9932,8136,28,59002
1866000,8192,6,3,3,477691901,6,477700093,0,8163,12.9929,8134,2,0x2070a58bed,993,7393,0,29,59050,8163,12.9929,8134,29,59031
1867000,8192,6,3,3,477945853,6,477954045,0,8161,12.9924,8130,2,0x6c33005727,965,7377,0,31,59081,8161,12.9924,8130,31,59062
1868000,8192,6,3,3,478207994,6,478216186,0,8158,12.9917,8124,2,0xe7e8742354,0,3,0,34,59115,8158,12.9917,8124,34,59096
1869000,8192,6,3,3,478461949,6,478470141,0,8166,12.9937,8140,2,0x1f01451f26,924,7412,0,26,59141,8166,12.9937,8140,26,59122
1870000,8192,6,3,3,478715901,6,478724093,0,8167,12.9939,8142,2,0x8903182cc6,905,7456,0,25,59166,8167,12.9939,8142,25,59147
1871000,8192,6,3,3,478969853,6,478978045,0,8165,12.9934,8138,2,0x39b1ccc1a1,958,7384,0,27,59193,8165,12.9934,8138,27,59174
1872000,8192,6,3,3,479231994,6,479240186,0,8163,12.9929,8134,2,0xebcb1ff25b,0,2,0,29,59222,8163,12.9929,8134,29,59203
1873000,8192,6,3,3,479485949,6,479494141,0,8153,12.9905,8114,2,0xbf804ba276,1007,7445,0,39,59261,8153,12.9905,8114,39,59242
1874000,8192,6,3,3,479739901,6,479748093,0,8156,12.9912,8120,2,0xa0d68bd28e,962,7436,0,36,59297,8156,12.9912,8120,36,59278
1875000,8192,6,3,3,479993853,6,480002045,0,8162,12.9927,8132,2,0x6023ddf7f9,989,7428,0,30,59327,8162,12.9927,8132,30,59308
1876000,8192,6,3,3,480255994,6,480264186,0,8157,12.9915,8122,2,0xd7c2e129ce,0,3,0,35,59362,8157,12.9915,8122,35,59343
1877000,8192,6,3,3,480509949,6,480518141,0,8158,12.9917,8124,2,0xff01f9c635,987,7397,0,34,59396,8158,12.9917,8124,34,59377
1878000,8192,6,3,3,480763901,6,480772093,0,8159,12.9919,8126,2,0xb309ae5088,980,7440,0,33,59429,8159,12.9919,8126,33,59410
1879000,8192,6,3,3,481017853,6,481026045,0,8169,12.9944,8146,2,0xcb611c12c7,983,7459,0,23,59452,8169,12.9944,8146,23,59433
1880000,8192,6,3,3,481279994,6,481288186,0,8162,12.9927,8132,2,0x0806976b24,0,2,0,30,59482,8162,12.9927,8132,30,59463
1881000,8192,6,3,3,481533949,6,481542141,0,8167,12.9939,8142,2,0x2c9893293b,1003,7414,0,25,59507,8167,12.9939,8142,25,59488
1882000,8192,6,3,3,481787901,6,481796093,0,8161,12.9923,8131,3,0xe40fdfce41,988,7448,0,30,59537,8161,12.9923,8131,30,59518
1883000,8192,6,3,3,482041853,6,482050045,0,8164,12.9932,8136,2,0x13667a4c83,982,7426,0,28,59565,8164,12.9932,8136,28,59546
1884000,8192,6,3,3,482303994,6,482312186,0,8166,12.9936,8141,3,0x54703386ac,0,3,0,25,59590,8166,12.9936,8141,25,59571
1885000,8192,6,3,3,482557949,6,482566141,0,8155,12.9910,8118,2,0x1ea65f261e,993,7415,0,37,59627,8155,12.9910,8118,37,59608
1886000,8192,6,3,3,482811901,6,482820093,0,8167,12.9939,8142,2,0x4b52e63f4a,939,7385,0,25,59652,8167,12.9939,8142,25,59633
1887000,8192,6,3,3,483065853,6,483074045,0,8152,12.9902,8112,2,0x0d1b3bb03a,989,7456,0,40,59692,8152,12.9902,8112,40,59673
1888000,8192,6,3,3,483327994,6,483336186,0,8166,12.9937,8140,2,0xa5fabd105b,1,3,0,26,59718,8166,12.9937,8140,26,59699
1889000,8192,6,3,3,483581949,6,483590141,0,8168,12.9941,8144,2,0x4da869497f,960,7426,0,24,59742,8168,12.9941,8144,24,59723
1890000,8192,6,3,3,483835901,6,483844093,0,8160,12.9922,8128,2,0xebf18f8b44,975,7383,0,32,59774,8160,12.9922,8128,32,59755
1891000,8192,6,3,3,484089853,6,484098045,0,8170,12.9946,8148,2,0xee02e3e4fd,977,7413,0,22,59796,8170,12.9946,8148,22,59777
1892000,8192,6,3,3,484351994,6,484360186,0,8170,12.9946,8148,2,0xec12061b01,0,3,0,22,59818,8170,12.9946,8148,22,59799
1893000,8192,6,3,3,484605949,6,484614141,0,8161,12.9924,8130,2,0x8ce2c788ec,1018,7459,0,31,59849,8161,12.9924,8130,31,59830
1894000,8192,6,3,3,484859901,6,484868093,0,8160,12.9922,8128,2,0x96f081c8a2,947,7369,0,32,59881,8160,12.9922,8128,32,59862
1895000,8192,6,3,3,485113853,6,485122045,0,8162,12.9927,8132,2,0x0e5831258c,964,7462,0,30,59911,8162,12.9927,8132,30,59892
1896000,8192,6,3,3,485375994,6,485384186,0,8166,12.9937,8140,2,0xae1eb7e744,0,3,0,26,59937,8166,12.9937,8140,26,59918
1897000,8192,6,3,3,485629949,6,485638141,0,8163,12.9929,8134,2,0xbabe358c01,933,7408,0,29,59966,8164,12.9932,8136,28,59946
1898000,8192,6,3,3,485883901,6,485892093,0,8169,12.9944,8146,2,0xcec5d2198c,919,7461,0,23,59989,8169,12.9944,8146,23,59969
1899000,8192,6,3,3,486137853,6,486146045,0,8158,12.9917,8124,2,0x6028011ae2,993,7396,0,34,60023,8158,12.9917,8124,34,60003
1900000,8192,6,3,3,486399994,6,486408186,0,8154,12.9907,8116,2,0xe1fb977e0a,0,3,0,38,60061,8154,12.9907,8116,38,60041
1901000,8192,6,3,3,486653949,6,486662141,0,8156,12.9912,8120,2,0x684ddee730,1010,7407,0,36,60097,8156,12.9912,8120,36,60077
1902000,8192,6,3,3,486907901,6,486916093,0,8161,12.9924,8130,2,0x8965fa2a91,981,7406,0,31,60128,8161,12.9924,8130,31,60108
1903000,8192,6,3,3,487161853,6,487170045,0,8155,12.9910,8118,2,0xd400493982,947,7415,0,37,60165,8155,12.9910,8118,37,60145
1904000,8192,6,3,3,487423994,6,487432186,0,8149,12.9895,8106,2,0x9fd286210d,0,2,0,43,60208,8149,12.9895,8106,43,60188
1905000,8192,6,3,3,487677949,6,487686141,0,8166,12.9937,8140,2,0xe3f46416f8,979,7425,0,26,60234,8166,12.9937,8140,26,60214
1906000,8192,6,3,3,487931901,6,487940093,0,8155,12.9910,8118,2,0x904ad27122,954,7412,0,37,60271,8155,12.9910,8118,37,60251
1907000,8192,6,3,3,488185853,6,488194045,0,8159,12.9919,8126,2,0x2639978acb,986,7392,0,33,60304,8159,12.9919,8126,33,60284
1908000,8192,6,3,3,488447994,6,488456186,0,8163,12.9929,8134,2,0x73d5e711f7,1,3,0,29,60333,8163,12.9929,8134,29,60313
1909000,8192,6,3,3,488701949,6,488710141,0,8155,12.9910,8118,2,0xbb40d9625f,1004,7381,0,37,60370,8156,12.9912,8120,36,60349
1910000,8192,6,3,3,488955901,6,488964093,0,8159,12.9919,8126,2,0x089cdf7092,959,7432,0,33,60403,8159,12.9919,8126,33,60382
1911000,8192,6,3,3,489209853,6,489218045,0,8168,12.9941,8144,2,0x8a1238f79d,984,7415,0,24,60427,8168,12.9941,8144,24,60406
1912000,8192,6,3,3,489471994,6,489480186,0,8168,12.9941,8144,2,0x7ca96da3f0,0,3,0,24,60451,8168,12.9941,8144,24,60430
1913000,8192,6,3,3,489725949,6,489734141,0,8158,12.9917,8124,2,0x3232082dfc,958,7385,0,34,60485,8158,12.9917,8124,34,60464
1914000,8192,6,3,3,489979901,6,489988093,0,8161,12.9924,8130,2,0xd8eda5e804,1027,7436,0,31,60516,8161,12.9924,8130,31,60495
1915000,8192,6,3,3,490233853,6,490242045,0,8171,12.9949,8150,2,0x88a3476e3c,1016,7388,0,21,60537,8171,12.9949,8150,21,60516
1916000,8192,6,3,3,490495994,6,490504186,0,8164,12.9932,8136,2,0x4fe9b70d9b,1,3,0,28,60565,8164,12.9932,8136,28,60544
1917000,8192,6,3,3,490749949,6,490758141,0,8160,12.9922,8128,2,0x4b6fe67dca,955,7416,0,32,60597,8160,12.9922,8128,32,60576
1918000,8192,6,3,3,491003901,6,491012093,0,8164,12.9932,8136,2,0x4962afb386,898,7410,0,28,60625,8164,12.9932,8136,28,60604
1919000,8192,6,3,3,491257853,6,491266045,0,8163,12.9929,8134,2,0xe4a5e31a6c,985,7405,0,29,60654,8163,12.9929,8134,29,60633
1920000,8192,6,3,3,491519994,6,491528186,0,8165,12.9934,8138,2,0xe5c3b1e081,0,3,0,27,60681,8165,12.9934,8138,27,60660
1921000,8192,6,3,3,491773949,6,491782141,0,8153,12.9905,8114,2,0x38b9d62d21,998,7436,0,39,60720,8153,12.9905,8114,39,60699
1922000,8192,6,3,3,492027901,6,492036093,0,8161,12.9924,8130,2,0x39def31a67,1027,7429,0,31,60751,8161,12.9924,8130,31,60730
1923000,8192,6,3,3,492281853,6,492290045,0,8157,12.9915,8122,2,0xc6feea945f,992,7438,0,35,60786,8157,12.9915,8122,35,60765
1924000,8192,6,3,3,492543994,6,492552186,0,8162,12.9927,8132,2,0x616bc6fdda,1,2,0,30,60816,8162,12.9927,8132,30,60795
1925000,8192,6,3,3,492797949,6,492806141,0,8157,12.9915,8122,2,0x9be1913126,1010,7429,0,35,60851,8157,12.9915,8122,35,60830
1926000,8192,6,3,3,493051901,6,493060093,0,8154,12.9907,8116,2,0x52d7c5a804,942,7391,0,38,60889,8154,12.9907,8116,38,60868
1927000,8192,6,3,3,493305853,6,493314045,0,8161,12.9924,8130,2,0x91dae1bc35,929,7394,0,31,60920,8161,12.9924,8130,31,60899
1928000,8192,6,3,3,493567994,6,493576186,0,8166,12.9937,8140,2,0xea3f131b0c,1,3,0,26,60946,8166,12.9937,8140,26,60925
1929000,8192,6,3,3,493821949,6,493830141,0,8167,12.9939,8142,2,0x8dd938c463,942,7435,0,25,60971,8167,12.9939,8142,25,60950
1930000,8192,6,3,3,494075901,6,494084093,0,8153,12.9905,8114,2,0x01f907f6a8,1021,7379,0,39,61010,8153,12.9905,8114,39,60989
1931000,8192,6,3,3,494329853,6,494338045,0,8157,12.9915,8122,2,0xb7d050ef45,950,7359,0,35,61045,8157,12.9915,8122,35,61024
1932000,8192,6,3,3,494591994,6,494600186,0,8159,12.9919,8126,2,0xce5b08371b,0,2,0,33,61078,8159,12.9919,8126,33,61057
1933000,8192,6,3,3,494845949,6,494854141,0,8170,12.9946,8148,2,0xa9e40ff1dd,1020,7436,0,22,61100,8170,12.9946,8148,22,61079
1934000,8192,6,3,3,495099901,6,495108093,0,8153,12.9905,8114,2,0x93f85c4626,968,7460,0,39,61139,8153,12.9905,8114,39,61118
1935000,8192,6,3,3,495353853,6,495362045,0,8162,12.9927,8132,2,0x349f42934e,954,7397,0,30,61169,8162,12.9927,8132,30,61148
1936000,8192,6,3,3,495615994,6,495624186,0,8158,12.9917,8124,2,0xd54fdf4ae4,0,3,0,34,61203,8158,12.9917,8124,34,61182
1937000,8192,6,3,3,495869949,6,495878141,0,8154,12.9907,8116,2,0xd089b1f2f9,959,7378,0,38,61241,8154,12.9907,8116,38,61220
1938000,8192,6,3,3,496123901,6,496132093,0,8165,12.9934,8138,2,0xa3a6c7a012,988,7399,0,27,61268,8165,12.9934,8138,27,61247
1939000,8192,6,3,3,496377853,6,496386045,0,8160,12.9922,8128,2,0x42b1794783,1023,7493,0,32,61300,8160,12.9922,8128,32,61279
1940000,8192,6,3,3,496639994,6,496648186,0,8161,12.9924,8130,2,0x530f2d98aa,2,3,0,31,61331,8161,12.9924,8130,31,61310
1941000,8192,6,3,3,496893949,6,496902141,0,8165,12.9934,8138,2,0xc42f6e3844,945,7441,0,27,61358,8165,12.9934,8138,27,61337
1942000,8192,6,3,3,497147901,6,497156093,0,8157,12.9915,8122,2,0x8647690ca4,991,7450,0,35,61393,8157,12.9915,8122,35,61372
1943000,8192,6,3,3,497401853,6,497410045,0,8171,12.9949,8150,2,0xf493d11519,1011,7438,0,21,61414,8171,12.9949,8150,21,61393
1944000,8192,6,3,3,497663994,6,497672186,0,8167,12.9939,8142,2,0xea01b11a54,0,3,0,25,61439,8167,12.9939,8142,25,61418
1945000,8192,6,3,3,497917949,6,497926141,0,8158,12.9917,8124,2,0xb882113341,918,7436,0,34,61473,8158,12.9917,8124,34,61452
1946000,8192,6,3,3,498171901,6,498180093,0,8151,12.9900,8110,2,0xfebd213cf1,979,7406,0,41,61514,8151,12.9900,8110,41,61493
1947000,8192,6,3,3,498425853,6,498434045,0,8158,12.9916,8125,3,0xf769546df2,988,7411,0,33,61547,8158,12.9916,8125,33,61526
1948000,8192,6,3,3,498687994,6,498696186,0,8165,12.9934,8138,2,0x54b1e68bbb,0,3,0,27,61574,8165,12.9934,8138,27,61553
1949000,8192,6,3,3,498941949,6,498950141,0,8155,12.9910,8118,2,0x4b78c00296,987,7391,0,37,61611,8155,12.9910,8118,37,61590
1950000,8192,6,3,3,499195901,6,499204093,0,8161,12.9924,8130,2,0xc9ab4ac8fb,978,7447,0,31,61642,8161,12.9924,8130,31,61621
1951000,8192,6,3,3,499449853,6,499458045,0,8161,12.9923,8131,3,0x61b09a31b1,976,7395,0,30,61672,8161,12.9923,8131,30,61651
1952000,8192,6,3,3,499711994,6,499720186,0,8156,12.9912,8120,2,0x7febde56cb,1,3,0,36,61708,8156,12.9912,8120,36,61687
1953000,8192,6,3,3,499965949,6,499974141,0,8163,12.9928,8135,3,0x934189c398,1001,7416,0,28,61736,8163,12.9928,8135,28,61715
1954000,8192,6,3,3,500219901,6,500228093,0,8153,12.9905,8114,2,0x5709a583b0,967,7465,0,39,61775,8153,12.9905,8114,39,61754
1955000,8192,6,3,3,500473853,6,500482045,0,8168,12.9941,8144,2,0xe53dd21d2c,911,7411,0,24,61799,8168,12.9941,8144,24,61778
1956000,8192,6,3,3,500735994,6,500744186,0,8157,12.9915,8122,2,0x9c694d8344,0,3,0,35,61834,8157,12.9915,8122,35,61813
1957000,8192,6,3,3,500989949,6,500998141,0,8149,12.9895,8106,2,0x35719bce97,1006,7396,0,43,61877,8149,12.9895,8106,43,61856
1958000,8192,6,3,3,501243901,6,501252093,0,8165,12.9934,8138,2,0xbb7b8abbf9,997,7422,0,27,61904,8165,12.9934,8138,27,61883
1959000,8192,6,3,3,501497853,6,501506045,0,8160,12.9922,8128,2,0x0ac9152038,1022,7423,0,32,61936,8160,12.9922,8128,32,61915
1960000,8192,6,3,3,501759994,6,501768186,0,8161,12.9924,8130,2,0xdac89eac4e,1,3,0,31,61967,8161,12.9924,8130,31,61946
1961000,8192,6,3,3,502013949,6,502022141,0,8161,12.9924,8130,2,0xd020a97588,1013,7468,0,31,61998,8161,12.9924,8130,31,61977
1962000,8192,6,3,3,502267901,6,502276093,0,8166,12.9937,8140,2,0x1c715034df,959,7372,0,26,62024,8166,12.9937,8140,26,62003
1963000,8192,6,3,3,502521853,6,502530045,0,8166,12.9937,8140,2,0xb5459edc36,999,7407,0,26,62050,8166,12.9937,8140,26,62029
1964000,8192,6,3,3,502783994,6,502792186,0,8154,12.9907,8116,2,0x37d6f474e4,0,3,0,38,62088,8154,12.9907,8116,38,62067
1965000,8192,6,3,3,503037949,6,503046141,0,8150,12.9897,8108,2,0xdc45f9c2a4,1033,7454,0,42,62130,8150,12.9897,8108,42,62109
1966000,8192,6,3,3,503291901,6,503300093,0,8147,12.9890,8102,2,0x5825310ba1,993,7411,0,45,62175,8147,12.9890,8102,45,62154
1967000,8192,6,3,3,503545853,6,503554045,0,8171,12.9949,8150,2,0xcd8a802ee3,970,7395,0,21,62196,8171,12.9949,8150,21,62175
1968000,8192,6,3,3,503807994,6,503816186,0,8160,12.9922,8128,2,0x297199865b,0,3,0,32,62228,8160,12.9922,8128,32,62207
1969000,8192,6,3,3,504061949,6,504070141,0,8163,12.9929,8134,2,0xe1cf508263,952,7430,0,29,62257,8163,12.9929,8134,29,62236
1970000,8192,6,3,3,504315901,6,504324093,0,8159,12.9919,8126,2,0xc73ec5e9d6,1063,7435,0,33,62290,8159,12.9919,8126,33,62269
1971000,8192,6,3,3,504569853,6,504578045,0,8160,12.9922,8128,2,0x010ff4fc50,965,7396,0,32,62322,8160,12.9922,8128,32,62301
1972000,8192,6,3,3,504831994,6,504840186,0,8165,12.9933,8139,3,0x1280b008d2,1,3,0,26,62348,8165,12.9933,8139,26,62327
1973000,8192,6,3,3,505085949,6,505094141,0,8160,12.9922,8128,2,0xf89f116cf7,997,7450,0,32,62380,8160,12.9922,8128,32,62359
1974000,8192,6,3,3,505339901,6,505348093,0,8150,12.9897,8108,2,0x09a6c969bf,960,7481,0,42,62422,8150,12.9897,8108,42,62401
1975000,8192,6,3,3,505593853,6,505602045,0,8155,12.9910,8118,2,0xed155d3ebc,968,7414,0,37,62459,8155,12.9910,8118,37,62438
1976000,8192,6,3,3,505855994,6,505864186,0,8148,12.9893,8104,2,0xe3843205d1,0,3,0,44,62503,8148,12.9893,8104,44,62482
1977000,8192,6,3,3,506109949,6,506118141,0,8155,12.9910,8118,2,0xdf32a20dba,948,7406,0,37,62540,8155,12.9910,8118,37,62519
1978000,8192,6,3,3,506363901,6,506372093,0,8161,12.9923,8131,3,0xe4b1ddd396,976,7425,0,30,62570,8161,12.9923,8131,30,62549
1979000,8192,6,3,3,506617853,6,506626045,0,8158,12.9917,8124,2,0x00d3a184c6,952,7425,0,34,62604,8158,12.9917,8124,34,62583
1980000,8192,6,3,3,506879994,6,506888186,0,8160,12.9922,8128,2,0xdba9ac550a,1,3,0,32,62636,8160,12.9922,8128,32,62615
1981000,8192,6,3,3,507133949,6,507142141,0,8144,12.9883,8096,2,0x93931a7e27,1027,7455,0,48,62684,8144,12.9883,8096,48,62663
1982000,8192,6,3,3,507387901,6,507396093,0,8161,12.9924,8130,2,0x80a7b6b806,955,7410,0,31,62715,8161,12.9924,8130,31,62694
1983000,8192,6,3,3,507641853,6,507650045,0,8156,12.9911,8121,3,0x03ada1e20f,989,7414,0,35,62750,8156,12.9911,8121,35,62729
1984000,8192,6,3,3,507903994,6,507912186,0,8158,12.9917,8124,2,0xd8a31c6c1a,0,3,0,34,62784,8158,12.9917,8124,34,62763
1985000,8192,6,3,3,508157949,6,508166141,0,8158,12.9917,8124,2,0xe644f2a58e,978,7433,0,34,62818,8158,12.9917,8124,34,62797
1986000,8192,6,3,3,508411901,6,508420093,0,8157,12.9915,8122,2,0xf7537478e1,979,7447,0,35,62853,8157,12.9915,8122,35,62832
1987000,8192,6,3,3,508665853,6,508674045,0,8161,12.9923,8131,3,0x39f64e6d4f,988,7455,0,30,62883,8161,12.9923,8131,30,62862
1988000,8192,6,3,3,508927994,6,508936186,0,8167,12.9939,8142,2,0xeafc454772,1,3,0,25,62908,8167,12.9939,8142,25,62887
1989000,8192,6,3,3,509181949,6,509190141,0,8160,12.9922,8128,2,0x0944f68320,983,7409,0,32,62940,8160,12.9922,8128,32,62919
1990000,8192,6,3,3,509435901,6,509444093,0,8160,12.9922,8128,2,0x00062651a2,995,7438,0,32,62972,8160,12.9922,8128,32,62951
1991000,8192,6,3,3,509689853,6,509698045,0,8156,12.9912,8120,2,0xd5ebc4014d,982,7440,0,36,63008,8156,12.9912,8120,36,62987
1992000,8192,6,3,3,509951994,6,509960186,0,8161,12.9924,8130,2,0x92927b0298,0,3,0,31,63039,8161,12.9924,8130,31,63018
1993000,8192,6,3,3,510205949,6,510214141,0,8163,12.9929,8134,2,0xad071ac878,1022,7436,0,29,63068,8163,12.9929,8134,29,63047
1994000,8192,6,3,3,510459901,6,510468093,0,8155,12.9910,8118,2,0x46d4368983,988,7471,0,37,63105,8155,12.9910,8118,37,63084
1995000,8192,6,3,3,510713853,6,510722045,0,8159,12.9919,8126,2,0xa447d39068,953,7400,0,33,63138,8159,12.9919,8126,33,63117
1996000,8192,6,3,3,510975994,6,510984186,0,8158,12.9917,8124,2,0xd8d96b9114,0,3,0,34,63172,8158,12.9917,8124,34,63151
1997000,8192,6,3,3,511229949,6,511238141,0,8161,12.9924,8130,2,0x058356d679,974,7482,0,31,63203,8161,12.9924,8130,31,63182
1998000,8192,6,3,3,511483901,6,511492093,0,8153,12.9905,8114,2,0xbd0c755392,941,7392,0,39,63242,8153,12.9905,8114,39,63221
1999000,8192,6,3,3,511737853,6,511746045,0,8154,12.9907,8116,2,0x0898c5ac0a,1008,7378,0,38,63280,8154,12.9907,8116,38,63259
2000000,8192,6,3,3,511999994,6,512008186,0,8158,12.9917,8124,2,0xb335e75816,0,3,0,34,63314,8158,12.9917,8124,34,63293
2001000,8192,6,3,3,512253949,6,512262141,0,8157,12.9915,8122,2,0x1e617efe8c,992,7401,0,35,63349,8157,12.9915,8122,35,63328
2002000,8192,6,3,3,512507901,6,512516093,0,8160,12.9922,8128,2,0x9a1581ecaa,1041,7440,0,32,63381,8160,12.9922,8128,32,63360
2003000,8192,6,3,3,512761853,6,512770045,0,8161,12.9924,8130,2,0x7356cf6e64,1007,7414,0,31,63412,8161,12.9924,8130,31,63391
2004000,8192,6,3,3,513023994,6,513032186,0,8165,12.9934,8138,2,0x05272868dd,0,2,0,27,63439,8165,12.9934,8138,27,63418
2005000,8192,6,3,3,513277949,6,513286141,0,8155,12.9910,8118,2,0xe21966625e,981,7370,0,37,63476,8155,12.9910,8118,37,63455
2006000,8192,6,3,3,513531901,6,513540093,0,8164,12.9932,8136,2,0x97a002b763,1019,7402,0,28,63504,8164,12.9932,8136,28,63483
2007000,8192,6,3,3,513785853,6,513794045,0,8151,12.9900,8110,2,0x4778f67c96,1078,7411,0,41,63545,8151,12.9900,8110,41,63524
2008000,8192,6,3,3,514047994,6,514056186,0,8159,12.9919,8126,2,0x3f19cdd8b1,1,3,0,33,63578,8159,12.9919,8126,33,63557
2009000,8192,6,3,3,514301949,6,514310141,0,8168,12.9941,8144,2,0x5388d7a7ba,1003,7440,0,24,63602,8168,12.9941,8144,24,63581
2010000,8192,6,3,3,514555901,6,514564093,0,8158,12.9916,8125,3,0x9f9cb19635,1019,7423,0,33,63635,8158,12.9916,8125,33,63614
2011000,8192,6,3,3,514809853,6,514818045,0,8161,12.9924,8130,2,0x4ac52d600f,997,7387,0,31,63666,8161,12.9924,8130,31,63645
2012000,8192,6,3,3,515071994,6,515080186,0,8168,12.9941,8144,2,0x8b3685b5cb,0,3,0,24,63690,8168,12.9941,8144,24,63669
2013000,8192,6,3,3,515325949,6,515334141,0,8160,12.9922,8128,2,0x0c0e61e562,929,7450,0,32,63722,8160,12.9922,8128,32,63701
2014000,8192,6,3,3,515579901,6,515588093,0,8158,12.9917,8124,2,0x26364438b7,981,7455,0,34,63756,8158,12.9917,8124,34,63735
2015000,8192,6,3,3,515833853,6,515842045,0,8165,12.9934,8138,2,0x73f2aed85c,985,7443,0,27,63783,8165,12.9934,8138,27,63762
2016000,8192,6,3,3,516095994,6,516104186,0,8157,12.9915,8122,2,0x8cb3f97cbf,2,3,0,35,63818,8157,12.9915,8122,35,63797
2017000,8192,6,3,3,516349949,6,516358141,0,8148,12.9893,8104,2,0xd46cc1f0ae,1001,7465,0,44,63862,8148,12.9893,8104,44,63841
2018000,8192,6,3,3,516603901,6,516612093,0,8156,12.9912,8120,2,0x69c5d9ca85,952,7391,0,36,63898,8156,12.9912,8120,36,63877
2019000,8192,6,3,3,516857853,6,516866045,0,8161,12.9924,8130,2,0x328b336766,955,7446,0,31,63929,8161,12.9924,8130,31,63908
2020000,8192,6,3,3,517119994,6,517128186,0,8154,12.9907,8116,2,0x1e7ac01cd8,0,3,0,38,63967,8154,12.9907,8116,38,63946
2021000,8192,6,3,3,517373949,6,517382141,0,8156,12.9912,8120,2,0xd5151ffb5e,990,7436,0,36,64003,8156,12.9912,8120,36,63982
2022000,8192,6,3,3,517627901,6,517636093,0,8164,12.9932,8136,2,0xe93683a354,978,7413,0,28,64031,8164,12.9932,8136,28,64010
2023000,8192,6,3,3,517881853,6,517890045,0,8159,12.9919,8126,2,0x8668294856,1006,7414,0,33,64064,8159,12.9919,8126,33,64043
2024000,8192,6,3,3,518143994,6,518152186,0,8156,12.9912,8120,2,0x8eeeb7e4f4,0,2,0,36,64100,8156,12.9912,8120,36,64079
2025000,8192,6,3,3,518397949,6,518406141,0,8154,12.9906,8117,3,0x15db49fee1,1037,7442,0,37,64137,8154,12.9906,8117,37,64116
2026000,8192,6,3,3,518651901,6,518660093,0,8167,12.9939,8142,2,0xd2c8d22894,966,7415,0,25,64162,8167,12.9939,8142,25,64141
2027000,8192,6,3,3,518905853,6,518914045,0,8157,12.9915,8122,2,0x948b5eaaf6,1026,7450,0,35,64197,8157,12.9915,8122,35,64176
2028000,8192,6,3,3,519167994,6,519176186,0,8158,12.9917,8124,2,0x528ac1895d,0,3,0,34,64231,8158,12.9917,8124,34,64210
2029000,8192,6,3,3,519421949,6,519430141,0,8166,12.9937,8140,2,0x220d88f9eb,930,7444,0,26,64257,8166,12.9937,8140,26,64236
2030000,8192,6,3,3,519675901,6,519684093,0,8162,12.9927,8132,2,0x7e01d661ac,1010,7442,0,30,64287,8162,12.9927,8132,30,64266
2031000,8192,6,3,3,519929853,6,519938045,0,8164,12.9932,8136,2,0xaa6d940548,977,7397,0,28,64315,8164,12.9932,8136,28,64294
2032000,8192,6,3,3,520191994,6,520200186,0,8157,12.9915,8122,2,0x481ae36852,0,3,0,35,64350,8157,12.9915,8122,35,64329
2033000,8192,6,3,3,520445949,6,520454141,0,8151,12.9900,8110,2,0x297e3228e4,986,7427,0,41,64391,8151,12.9900,8110,41,64370
2034000,8192,6,3,3,520699901,6,520708093,0,8161,12.9924,8130,2,0xf31dbd8694,954,7442,0,31,64422,8161,12.9924,8130,31,64401
2035000,8192,6,3,3,520953853,6,520962045,0,8153,12.9905,8114,2,0x529673646c,975,7422,0,39,64461,8153,12.9905,8114,39,64440
2036000,8192,6,3,3,521215994,6,521224186,0,8167,12.9939,8142,2,0x0f4b6292a7,0,3,0,25,64486,8167,12.9939,8142,25,64465
2037000,8192,6,3,3,521469949,6,521478141,0,8153,12.9905,8114,2,0xd1e2860d99,987,7397,0,39,64525,8153,12.9905,8114,39,64504
2038000,8192,6,3,3,521723901,6,521732093,0,8163,12.9928,8135,3,0x5b5fffa243,1021,7435,0,28,64553,8163,12.9928,8135,28,64532
2039000,8192,6,3,3,521977853,6,521986045,0,8150,12.9897,8108,2,0xafb0295f93,970,7445,0,42,64595,8150,12.9897,8108,42,64574
2040000,8192,6,3,3,522239994,6,522248186,0,8157,12.9914,8123,3,0x19e0c5b360,0,2,0,34,64629,8157,12.9914,8123,34,64608
2041000,8192,6,3,3,522493949,6,522502141,0,8171,12.9949,8150,2,0x82ec34bac1,906,7406,0,21,64650,8171,12.9949,8150,21,64629
2042000,8192,6,3,3,522747901,6,522756093,0,8157,12.9915,8122,2,0x8b72015a93,982,7391,0,35,64685,8157,12.9915,8122,35,64664
2043000,8192,6,3,3,523001853,6,523010045,0,8156,12.9912,8120,2,0x9c134a7b48,966,7391,0,36,64721,8156,12.9912,8120,36,64700
2044000,8192,6,3,3,523263994,6,523272186,0,8156,12.9911,8121,3,0xcae004b61c,0,3,0,35,64756,8156,12.9911,8121,35,64735
2045000,8192,6,3,3,523517949,6,523526141,0,8169,12.9943,8147,3,0x39a2acf868,964,7471,0,22,64778,8169,12.9943,8147,22,64757
2046000,8192,6,3,3,523771901,6,523780093,0,8153,12.9905,8114,2,0x2e51b98f54,976,7387,0,39,64817,8153,12.9905,8114,39,64796
2047000,8192,6,3,3,524025853,6,524034045,0,8158,12.9917,8124,2,0x0e6b1f0d48,999,7393,0,34,64851,8158,12.9917,8124,34,64830
2048000,8192,6,3,3,524287994,6,524296186,0,8159,12.9919,8126,2,0x35ca88d135,0,3,0,33,64884,8159,12.9919,8126,33,64863
2049000,8192,6,3,3,524541949,6,524550141,0,8164,12.9932,8136,2,0x8543082c78,963,7436,0,28,64912,8164,12.9932,8136,28,64891
2050000,8192,6,3,3,524795901,6,524804093,0,8148,12.9893,8104,2,0x15f8249aef,981,7417,0,44,64956,8148,12.9893,8104,44,64935
2051000,8192,6,3,3,525049853,6,525058045,0,8169,12.9944,8146,2,0x0f3561929b,992,7411,0,23,64979,8169,12.9944,8146,23,64958
2052000,8192,6,3,3,525311994,6,525320186,0,8155,12.9910,8118,2,0x778e9ca971,0,3,0,37,65016,8155,12.9910,8118,37,64995
2053000,8192,6,3,3,525565949,6,525574141,0,8158,12.9917,8124,2,0x3b520f1634,966,7462,0,34,65050,8158,12.9917,8124,34,65029
2054000,8192,6,3,3,525819901,6,525828093,0,8166,12.9937,8140,2,0x876839b70d,989,7400,0,26,65076,8166,12.9937,8140,26,65055
2055000,8192,6,3,3,526073853,6,526082045,0,8157,12.9915,8122,2,0x8c31274900,949,7379,0,35,65111,8157,12.9915,8122,35,65090
2056000,8192,6,3,3,526335994,6,526344186,0,8152,12.9902,8112,2,0x774ada34b4,0,3,0,40,65151,8152,12.9902,8112,40,65130
2057000,8192,6,3,3,526589949,6,526598141,0,8161,12.9924,8130,2,0x35277a3b09,1032,7434,0,31,65182,8161,12.9924,8130,31,65161
2058000,8192,6,3,3,526843901,6,526852093,0,8153,12.9905,8114,2,0x3310d82814,1018,7463,0,39,65221,8153,12.9905,8114,39,65200
2059000,8192,6,3,3,527097853,6,527106045,0,8165,12.9934,8138,2,0x898ab682a7,1011,7393,0,27,65248,8165,12.9934,8138,27,65227
2060000,8192,6,3,3,527359994,6,527368186,0,8167,12.9939,8142,2,0xe1d22d6332,2,3,0,25,65273,8167,12.9939,8142,25,65252
2061000,8192,6,3,3,527613949,6,527622141,0,8157,12.9915,8122,2,0x1ed296cb27,947,7402,0,35,65308,8157,12.9915,8122,35,65287
2062000,8192,6,3,3,527867901,6,527876093,0,8167,12.9938,8143,3,0xfc37f1447f,973,7396,0,24,65332,8167,12.9938,8143,24,65311
2063000,8192,6,3,3,528121853,6,528130045,0,8164,12.9932,8136,2,0xca687df683,976,7466,0,28,65360,8164,12.9932,8136,28,65339
2064000,8192,6,3,3,528383994,6,528392186,0,8158,12.9916,8125,3,0x829b4fe4e4,1,3,0,33,65393,8158,12.9916,8125,33,65372
2065000,8192,6,3,3,528637949,6,528646141,0,8159,12.9919,8126,2,0xf4b217c110,962,7396,0,33,65426,8159,12.9919,8126,33,65405
2066000,8192,6,3,3,528891901,6,528900093,0,8160,12.9922,8128,2,0x253c938582,909,7437,0,32,65458,8160,12.9922,8128,32,65437
2067000,8192,6,3,3,529145853,6,529154045,0,8151,12.9899,8111,3,0x99e1e68ecf,1022,7420,0,40,65498,8151,12.9899,8111,40,65477
2068000,8192,6,3,3,529407994,6,529416186,0,8159,12.9919,8126,2,0x6c8644aa59,2,3,0,33,65531,8159,12.9919,8126,33,65510
2069000,8192,6,3,3,529661949,6,529670141,0,8164,12.9932,8136,2,0x657285a3d0,959,7415,0,28,65559,8164,12.9932,8136,28,65538
2070000,8192,6,3,3,529915901,6,529924093,0,8161,12.9924,8130,2,0x22c6e966b1,994,7444,0,31,65590,8161,12.9924,8130,31,65569
2071000,8192,6,3,3,530169853,6,530178045,0,8162,12.9927,8132,2,0x81ed8a4c39,1004,7439,0,30,65620,8162,12.9927,8132,30,65599
2072000,8192,6,3,3,530431994,6,530440186,0,8155,12.9910,8118,2,0xd79fcc1250,0,2,0,37,65657,8155,12.9910,8118,37,65636
2073000,8192,6,3,3,530685949,6,530694141,0,8152,12.9902,8112,2,0x7e4a303f33,924,7413,0,40,65697,8152,12.9902,8112,40,65676
2074000,8192,6,3,3,530939901,6,530948093,0,8156,12.9912,8120,2,0xbfccfe4926,975,7411,0,36,65733,8156,12.9912,8120,36,65712
2075000,8192,6,3,3,531193853,6,531202045,0,8164,12.9932,8136,2,0xb69e312ad0,931,7415,0,28,65761,8164,12.9932,8136,28,65740
2076000,8192,6,3,3,531455994,6,531464186,0,8167,12.9939,8142,2,0x26d467c204,0,2,0,25,65786,8167,12.9939,8142,25,65765
2077000,8192,6,3,3,531709949,6,531718141,0,8157,12.9915,8122,2,0x2566a1cd06,1003,7403,0,35,65821,8157,12.9915,8122,35,65800
2078000,8192,6,3,3,531963901,6,531972093,0,8165,12.9934,8138,2,0x4c238e4826,945,7412,0,27,65848,8165,12.9934,8138,27,65827
2079000,8192,6,3,3,532217853,6,532226045,0,8165,12.9934,8138,2,0x81a4a60de3,965,7433,0,27,65875,8165,12.9934,8138,27,65854
2080000,8192,6,3,3,532479994,6,532488186,0,8170,12.9946,8148,2,0x0d144bb9a9,0,3,0,22,65897,8170,12.9946,8148,22,65876
2081000,8192,6,3,3,532733949,6,532742141,0,8156,12.9912,8120,2,0x78d0cfb769,936,7395,0,36,65933,8156,12.9912,8120,36,65912
2082000,8192,6,3,3,532987901,6,532996093,0,8165,12.9934,8138,2,0x6e0e889bc5,948,7376,0,27,65960,8166,12.9937,8140,26,65938
2083000,8192,6,3,3,533241853,6,533250045,0,8158,12.9917,8124,2,0x7239555a4d,933,7410,0,34,65994,8158,12.9917,8124,34,65972
2084000,8192,6,3,3,533503994,6,533512186,0,8161,12.9924,8130,2,0x9ba9a6bbbb,0,3,0,31,66025,8161,12.9924,8130,31,66003
2085000,8192,6,3,3,533757949,6,533766141,0,8172,12.9951,8152,2,0x652c026143,971,7365,0,20,66045,8172,12.9951,8152,20,66023
2086000,8192,6,3,3,534011901,6,534020093,0,8167,12.9939,8142,2,0x3bb5cf2d62,1028,7409,0,25,66070,8167,12.9939,8142,25,66048
2087000,8192,6,3,3,534265853,6,534274045,0,8162,12.9926,8133,3,0x55952b2ec7,1066,7385,0,29,66099,8162,12.9926,8133,29,66077
2088000,8192,6,3,3,534527994,6,534536186,0,8164,12.9932,8136,2,0xd110e579fa,1,3,0,28,66127,8164,12.9932,8136,28,66105
2089000,8192,6,3,3,534781949,6,534790141,0,8172,12.9951,8152,2,0x5765c12455,967,7375,0,20,66147,8172,12.9951,8152,20,66125
2090000,8192,6,3,3,535035901,6,535044093,0,8162,12.9927,8132,2,0x31140f8c21,996,7446,0,30,66177,8162,12.9927,8132,30,66155
2091000,8192,6,3,3,535289853,6,535298045,0,8165,12.9934,8138,2,0x88f46cb451,980,7405,0,27,66204,8165,12.9934,8138,27,66182
2092000,8192,6,3,3,535551994,6,535560186,0,8156,12.9912,8120,2,0xb706ac79b4,1,3,0,36,66240,8156,12.9912,8120,36,66218
2093000,8192,6,3,3,535805949,6,535814141,0,8163,12.9929,8134,2,0xec901d268d,1011,7439,0,29,66269,8163,12.9929,8134,29,66247
2094000,8192,6,3,3,536059901,6,536068093,0,8160,12.9922,8128,2,0x184b2fd2e0,978,7424,0,32,66301,8160,12.9922,8128,32,66279
2095000,8192,6,3,3,536313853,6,536322045,0,8158,12.9917,8124,2,0x31292927c6,924,7334,0,34,66335,8158,12.9917,8124,34,66313
2096000,8192,6,3,3,536575994,6,536584186,0,8158,12.9917,8124,2,0x9d2a60d3a3,1,2,0,34,66369,8158,12.9917,8124,34,66347
2097000,8192,6,3,3,536829949,6,536838141,0,8160,12.9922,8128,2,0x8f79ccd794,957,7380,0,32,66401,8160,12.9922,8128,32,66379
2098000,8192,6,3,3,537083901,6,537092093,0,8165,12.9934,8138,2,0xbb17d6d622,929,7415,0,27,66428,8165,12.9934,8138,27,66406
2099000,8192,6,3,3,537337853,6,537346045,0,8161,12.9924,8130,2,0x2f617cf816,990,7350,0,31,66459,8161,12.9924,8130,31,66437
2100000,8192,6,3,3,537599994,6,537608186,0,8161,12.9924,8130,2,0xd27b2783cd,1,3,0,31,66490,8161,12.9924,8130,31,66468
2101000,8192,6,3,3,537853949,6,537862141,0,8162,12.9927,8132,2,0x8eee9dc63b,1006,7436,0,30,66520,8162,12.9927,8132,30,66498
2102000,8192,6,3,3,538107901,6,538116093,0,8152,12.9902,8112,2,0x8b2a5c59da,983,7430,0,40,66560,8152,12.9902,8112,40,66538
2103000,8192,6,3,3,538361853,6,538370045,0,8158,12.9917,8124,2,0xaef64e4ef7,961,7396,0,34,66594,8158,12.9917,8124,34,66572
2104000,8192,6,3,3,538623994,6,538632186,0,8170,12.9946,8148,2,0xe6a5c32349,0,3,0,22,66616,8170,12.9946,8148,22,66594
2105000,8192,6,3,3,538877949,6,538886141,0,8161,12.9924,8130,2,0x05be24565d,974,7430,0,31,66647,8162,12.9927,8132,30,66624
2106000,8192,6,3,3,539131901,6,539140093,0,8157,12.9915,8122,2,0xc6f1d76804,958,7462,0,35,66682,8157,12.9915,8122,35,66659
2107000,8192,6,3,3,539385853,6,539394045,0,8153,12.9905,8114,2,0xf40e2ec9a1,1006,7460,0,39,66721,8153,12.9905,8114,39,66698
2108000,8192,6,3,3,539647994,6,539656186,0,8152,12.9901,8113,3,0x447169d4e1,0,2,0,39,66760,8152,12.9901,8113,39,66737
2109000,8192,6,3,3,539901949,6,539910141,0,8159,12.9919,8126,2,0x9f25420d79,998,7443,0,33,66793,8159,12.9919,8126,33,66770
2110000,8192,6,3,3,540155901,6,540164093,0,8156,12.9912,8120,2,0x90b8d8aeff,1032,7446,0,36,66829,8156,12.9912,8120,36,66806
2111000,8192,6,3,3,540409853,6,540418045,0,8151,12.9900,8110,2,0x84e617d7f8,1018,7443,0,41,66870,8151,12.9900,8110,41,66847
2112000,8192,6,3,3,540671994,6,540680186,0,8157,12.9915,8122,2,0x37ced8c569,1,2,0,35,66905,8157,12.9915,8122,35,66882
2113000,8192,6,3,3,540925949,6,540934141,0,8157,12.9915,8122,2,0x469ec15446,934,7418,0,35,66940,8157,12.9915,8122,35,66917
2114000,8192,6,3,3,541179901,6,541188093,0,8155,12.9910,8118,2,0xa338f02f5b,1019,7387,0,37,66977,8155,12.9910,8118,37,66954
2115000,8192,6,3,3,541433853,6,541442045,0,8160,12.9922,8128,2,0xae1c67d766,972,7415,0,32,67009,8160,12.9922,8128,32,66986
2116000,8192,6,3,3,541695994,6,541704186,0,8157,12.9915,8122,2,0x7e54df9184,0,3,0,35,67044,8157,12.9915,8122,35,67021
2117000,8192,6,3,3,541949949,6,541958141,0,8165,12.9934,8138,2,0x3726e9e041,973,7437,0,27,67071,8165,12.9934,8138,27,67048
2118000,8192,6,3,3,542203901,6,542212093,0,8154,12.9907,8116,2,0xd74d12b7cd,966,7453,0,38,67109,8154,12.9907,8116,38,67086
2119000,8192,6,3,3,542457853,6,542466045,0,8162,12.9927,8132,2,0xaefc88ebab,1049,7439,0,30,67139,8162,12.9927,8132,30,67116
2120000,8192,6,3,3,542719994,6,542728186,0,8155,12.9910,8118,2,0x06e7fbe28d,0,3,0,37,67176,8155,12.9910,8118,37,67153
2121000,8192,6,3,3,542973949,6,542982141,0,8163,12.9929,8134,2,0x75874b7e98,1016,7380,0,29,67205,8163,12.9929,8134,29,67182
2122000,8192,6,3,3,543227901,6,543236093,0,8155,12.9910,8118,2,0x71ddab07de,947,7429,0,37,67242,8155,12.9910,8118,37,67219
2123000,8192,6,3,3,543481853,6,543490045,0,8158,12.9917,8124,2,0x4fb9c232bf,1033,7397,0,34,67276,8158,12.9917,8124,34,67253
2124000,8192,6,3,3,543743994,6,543752186,0,8145,12.9885,8098,2,0x194f1d2e69,1,3,0,47,67323,8145,12.9885,8098,47,67300
2125000,8192,6,3,3,543997949,6,544006141,0,8159,12.9919,8126,2,0xf68f2ba24b,939,7394,0,33,67356,8159,12.9919,8126,33,67333
2126000,8192,6,3,3,544251901,6,544260093,0,8159,12.9919,8126,2,0x0277e156c6,969,7428,0,33,67389,8159,12.9919,8126,33,67366
2127000,8192,6,3,3,544505853,6,544514045,0,8158,12.9917,8124,2,0xae0cdc5afb,981,7433,0,34,67423,8158,12.9917,8124,34,67400
2128000,8192,6,3,3,544767994,6,544776186,0,8164,12.9932,8136,2,0x269bb2cc00,0,3,0,28,67451,8164,12.9932,8136,28,67428
2129000,8192,6,3,3,545021949,6,545030141,0,8160,12.9922,8128,2,0xbac295c342,1009,7452,0,32,67483,8160,12.9922,8128,32,67460
2130000,8192,6,3,3,545275901,6,545284093,0,8154,12.9907,8116,2,0xe283d14c63,961,7452,0,38,67521,8154,12.9907,8116,38,67498
2131000,8192,6,3,3,545529853,6,545538045,0,8161,12.9924,8130,2,0xe06a00d7fa,999,7396,0,31,67552,8162,12.9927,8132,30,67528
2132000,8192,6,3,3,545791994,6,545800186,0,8161,12.9924,8130,2,0xa04867dce3,1,3,0,31,67583,8161,12.9924,8130,31,67559
2133000,8192,6,3,3,546045949,6,546054141,0,8167,12.9939,8142,2,0x1f1ca4f9bc,1007,7444,0,25,67608,8167,12.9939,8142,25,67584
2134000,8192,6,3,3,546299901,6,546308093,0,8154,12.9906,8117,3,0x30dd37f7d3,947,7389,0,37,67645,8154,12.9906,8117,37,67621
2135000,8192,6,3,3,546553853,6,546562045,0,8159,12.9919,8127,3,0x9432c8a4da,953,7432,0,32,67677,8159,12.9919,8127,32,67653
2136000,8192,6,3,3,546815994,6,546824186,0,8163,12.9929,8134,2,0x9fa9e4498c,1,3,0,29,67706,8163,12.9929,8134,29,67682
2137000,8192,6,3,3,547069949,6,547078141,0,8165,12.9934,8138,2,0x7bebeae84d,1025,7390,0,27,67733,8165,12.9934,8138,27,67709
2138000,8192,6,3,3,547323901,6,547332093,0,8171,12.9949,8150,2,0x3c65c8c32b,939,7483,0,21,67754,8171,12.9949,8150,21,67730
2139000,8192,6,3,3,547577853,6,547586045,0,8154,12.9907,8116,2,0x2568de6209,1007,7438,0,38,67792,8154,12.9907,8116,38,67768
2140000,8192,6,3,3,547839994,6,547848186,0,8162,12.9927,8132,2,0x99f98c6e05,0,3,0,30,67822,8162,12.9927,8132,30,67798
2141000,8192,6,3,3,548093949,6,548102141,0,8166,12.9937,8140,2,0x2c2b357f4e,959,7440,0,26,67848,8166,12.9937,8140,26,67824
2142000,8192,6,3,3,548347901,6,548356093,0,8165,12.9934,8138,2,0x4fae8b54bf,976,7425,0,27,67875,8165,12.9934,8138,27,67851
2143000,8192,6,3,3,548601853,6,548610045,0,8157,12.9915,8122,2,0x69b7e3a409,966,7401,0,35,67910,8157,12.9915,8122,35,67886
2144000,8192,6,3,3,548863994,6,548872186,0,8162,12.9927,8132,2,0xae298d0636,2,3,0,30,67940,8162,12.9927,8132,30,67916
2145000,8192,6,3,3,549117949,6,549126141,0,8165,12.9934,8138,2,0xcf248a50a1,958,7389,0,27,67967,8165,12.9934,8138,27,67943
2146000,8192,6,3,3,549371901,6,549380093,0,8154,12.9907,8116,2,0x716b790181,960,7427,0,38,68005,8154,12.9907,8116,38,67981
2147000,8192,6,3,3,549625853,6,549634045,0,8166,12.9937,8140,2,0x22a94f8632,1014,7430,0,26,68031,8166,12.9937,8140,26,68007
2148000,8192,6,3,3,549887994,6,549896186,0,8152,12.9901,8113,3,0x606d30ca81,1,2,0,39,68070,8152,12.9901,8113,39,68046
2149000,8192,6,3,3,550141949,6,550150141,0,8165,12.9934,8138,2,0x11eb527c2c,980,7369,0,27,68097,8165,12.9934,8138,27,68073
2150000,8192,6,3,3,550395901,6,550404093,0,8152,12.9902,8112,2,0x9d9e8345a6,962,7432,0,40,68137,8152,12.9902,8112,40,68113
2151000,8192,6,3,3,550649853,6,550658045,0,8166,12.9937,8140,2,0xd83baaf9e7,900,7370,0,26,68163,8166,12.9937,8140,26,68139
2152000,8192,6,3,3,550911994,6,550920186,0,8172,12.9951,8152,2,0x391c482fed,0,3,0,20,68183,8172,12.9951,8152,20,68159
2153000,8192,6,3,3,551165949,6,551174141,0,8158,12.9917,8124,2,0x9e51739a6e,1026,7410,0,34,68217,8158,12.9917,8124,34,68193
2154000,8192,6,3,3,551419901,6,551428093,0,8160,12.9922,8128,2,0x2c2f6b7a59,978,7442,0,32,68249,8160,12.9922,8128,32,68225
2155000,8192,6,3,3,551673853,6,551682045,0,8163,12.9929,8134,2,0x4c3b00b327,983,7419,0,29,68278,8163,12.9929,8134,29,68254
2156000,8192,6,3,3,551935994,6,551944186,0,8166,12.9937,8140,2,0x27c5b66ce4,0,3,0,26,68304,8166,12.9937,8140,26,68280
2157000,8192,6,3,3,552189949,6,552198141,0,8161,12.9924,8130,2,0x1168326551,966,7490,0,31,68335,8161,12.9924,8130,31,68311
2158000,8192,6,3,3,552443901,6,552452093,0,8164,12.9932,8136,2,0xb469441954,1031,7449,0,28,68363,8164,12.9932,8136,28,68339
2159000,8192,6,3,3,552697853,6,552706045,0,8158,12.9917,8124,2,0xdf8eb73ad4,968,7401,0,34,68397,8158,12.9917,8124,34,68373
2160000,8192,6,3,3,552959994,6,552968186,0,8160,12.9922,8128,2,0xd5be5acfbd,1,2,0,32,68429,8160,12.9922,8128,32,68405
2161000,8192,6,3,3,553213949,6,553222141,0,8161,12.9924,8130,2,0xab96d21360,963,7402,0,31,68460,8161,12.9924,8130,31,68436
2162000,8192,6,3,3,553467901,6,553476093,0,8166,12.9937,8140,2,0xa57cd3550e,948,7403,0,26,68486,8166,12.9937,8140,26,68462
2163000,8192,6,3,3,553721853,6,553730045,0,8160,12.9922,8128,2,0x8120356d4a,944,7377,0,32,68518,8160,12.9922,8128,32,68494
2164000,8192,6,3,3,553983994,6,553992186,0,8169,12.9944,8146,2,0xed8a4c676e,0,2,0,23,68541,8169,12.9944,8146,23,68517
2165000,8192,6,3,3,554237949,6,554246141,0,8159,12.9919,8126,2,0x584e249b57,1028,7455,0,33,68574,8159,12.9919,8126,33,68550
2166000,8192,6,3,3,554491901,6,554500093,0,8165,12.9934,8138,2,0xa203a2269a,948,7414,0,27,68601,8165,12.9934,8138,27,68577
2167000,8192,6,3,3,554745853,6,554754045,0,8169,12.9944,8146,2,0x6275967e46,979,7428,0,23,68624,8170,12.9946,8148,22,68599
2168000,8192,6,3,3,555007994,6,555016186,0,8163,12.9929,8134,2,0xe495775ff8,0,3,0,29,68653,8163,12.9929,8134,29,68628
2169000,8192,6,3,3,555261949,6,555270141,0,8166,12.9937,8140,2,0x2a6c16b4f6,972,7415,0,26,68679,8166,12.9937,8140,26,68654
2170000,8192,6,3,3,555515901,6,555524093,0,8165,12.9934,8138,2,0x1681a683fe,986,7360,0,27,68706,8165,12.9934,8138,27,68681
2171000,8192,6,3,3,555769853,6,555778045,0,8153,12.9905,8114,2,0x2461aaca08,921,7453,0,39,68745,8153,12.9905,8114,39,68720
2172000,8192,6,3,3,556031994,6,556040186,0,8158,12.9916,8125,3,0xbb5f9c01a2,0,3,0,33,68778,8158,12.9916,8125,33,68753
2173000,8192,6,3,3,556285949,6,556294141,0,8157,12.9915,8122,2,0x51fad21b20,970,7439,0,35,68813,8157,12.9915,8122,35,68788
2174000,8192,6,3,3,556539901,6,556548093,0,8171,12.9949,8150,2,0xaf59c75996,947,7407,0,21,68834,8171,12.9949,8150,21,68809
2175000,8192,6,3,3,556793853,6,556802045,0,8156,12.9912,8120,2,0x4689595c2b,953,7419,0,36,68870,8156,12.9912,8120,36,68845
2176000,8192,6,3,3,557055994,6,557064186,0,8160,12.9922,8128,2,0xdaefbee2ca,1,3,0,32,68902,8160,12.9922,8128,32,68877
2177000,8192,6,3,3,557309949,6,557318141,0,8162,12.9927,8132,2,0xffbfd5b220,945,7384,0,30,68932,8162,12.9927,8132,30,68907
2178000,8192,6,3,3,557563901,6,557572093,0,8171,12.9949,8150,2,0x616bb4fd52,980,7408,0,21,68953,8171,12.9949,8150,21,68928
2179000,8192,6,3,3,557817853,6,557826045,0,8151,12.9900,8110,2,0x85e00239ea,929,7433,0,41,68994,8151,12.9900,8110,41,68969
2180000,8192,6,3,3,558079994,6,558088186,0,8156,12.9912,8120,2,0x31518d8c4b,0,3,0,36,69030,8156,12.9912,8120,36,69005
2181000,8192,6,3,3,558333949,6,558342141,0,8166,12.9937,8140,2,0x8385c1de63,1006,7451,0,26,69056,8166,12.9937,8140,26,69031
2182000,8192,6,3,3,558587901,6,558596093,0,8155,12.9910,8118,2,0xbcee2c6bbf,978,7393,0,37,69093,8155,12.9910,8118,37,69068
2183000,8192,6,3,3,558841853,6,558850045,0,8156,12.9912,8120,2,0xff34aa1f07,961,7395,0,36,69129,8156,12.9912,8120,36,69104
2184000,8192,6,3,3,559103994,6,559112186,0,8162,12.9927,8132,2,0x711ce219e3,0,3,0,30,69159,8162,12.9927,8132,30,69134
2185000,8192,6,3,3,559357949,6,559366141,0,8161,12.9924,8130,2,0xa14af33939,978,7447,0,31,69190,8161,12.9924,8130,31,69165
2186000,8192,6,3,3,559611901,6,559620093,0,8164,12.9932,8136,2,0x501af9dd4b,965,7416,0,28,69218,8164,12.9932,8136,28,69193
2187000,8192,6,3,3,559865853,6,559874045,0,8165,12.9934,8138,2,0x0edc08653d,1020,7415,0,27,69245,8165,12.9934,8138,27,69220
2188000,8192,6,3,3,560127994,6,560136186,0,8165,12.9934,8138,2,0x576422a846,0,3,0,27,69272,8165,12.9934,8138,27,69247
2189000,8192,6,3,3,560381949,6,560390141,0,8169,12.9944,8146,2,0xa5f3f6e3d9,919,7399,0,23,69295,8169,12.9944,8146,23,69270
2190000,8192,6,3,3,560635901,6,560644093,0,8170,12.9946,8148,2,0x5bda94bf70,967,7397,0,22,69317,8170,12.9946,8148,22,69292
2191000,8192,6,3,3,560889853,6,560898045,0,8155,12.9910,8118,2,0x1091aac596,962,7445,0,37,69354,8155,12.9910,8118,37,69329
2192000,8192,6,3,3,561151994,6,561160186,0,8166,12.9937,8140,2,0x6fb6196015,0,2,0,26,69380,8166,12.9937,8140,26,69355
2193000,8192,6,3,3,561405949,6,561414141,0,8167,12.9939,8142,2,0x511c0ad53d,943,7425,0,25,69405,8167,12.9939,8142,25,69380
2194000,8192,6,3,3,561659901,6,561668093,0,8161,12.9923,8131,3,0x60f36b99a6,1021,7414,0,30,69435,8161,12.9923,8131,30,69410
2195000,8192,6,3,3,561913853,6,561922045,0,8162,12.9927,8132,2,0xf85256ba32,983,7449,0,30,69465,8162,12.9927,8132,30,69440
2196000,8192,6,3,3,562175994,6,562184186,0,8169,12.9944,8146,2,0x03f5879498,1,3,0,23,69488,8169,12.9944,8146,23,69463
2197000,8192,6,3,3,562429949,6,562438141,0,8153,12.9905,8114,2,0x132a16b9ed,979,7473,0,39,69527,8153,12.9905,8114,39,69502
2198000,8192,6,3,3,562683901,6,562692093,0,8163,12.9929,8134,2,0x1ddcc076b9,995,7449,0,29,69556,8163,12.9929,8134,29,69531
2199000,8192,6,3,3,562937853,6,562946045,0,8167,12.9939,8142,2,0xe65ceb9f0a,934,7398,0,25,69581,8167,12.9939,8142,25,69556
2200000,8192,6,3,3,563199994,6,563208186,0,8157,12.9915,8122,2,0xf7b8d16774,0,3,0,35,69616,8157,12.9915,8122,35,69591
2201000,8192,6,3,3,563453949,6,563462141,0,8155,12.9910,8118,2,0xe7a3533981,965,7442,0,37,69653,8155,12.9910,8118,37,69628
2202000,8192,6,3,3,563707901,6,563716093,0,8157,12.9915,8122,2,0xc81445022c,968,7416,0,35,69688,8157,12.9915,8122,35,69663
2203000,8192,6,3,3,563961853,6,563970045,0,8168,12.9941,8144,2,0xb36f1b5427,973,7361,0,24,69712,8168,12.9941,8144,24,69687
2204000,8192,6,3,3,564223994,6,564232186,0,8168,12.9940,8145,3,0xb6656906fa,0,3,0,23,69735,8168,12.9940,8145,23,69710
2205000,8192,6,3,3,564477949,6,564486141,0,8154,12.9907,8116,2,0xf2091de8d6,978,7406,0,38,69773,8154,12.9907,8116,38,69748
2206000,8192,6,3,3,564731901,6,564740093,0,8163,12.9929,8134,2,0xcd8508d3df,979,7462,0,29,69802,8163,12.9929,8134,29,69777
2207000,8192,6,3,3,564985853,6,564994045,0,8156,12.9912,8120,2,0x217e61cb21,960,7411,0,36,69838,8156,12.9912,8120,36,69813
2208000,8192,6,3,3,565247994,6,565256186,0,8160,12.9922,8128,2,0x78981a19a0,0,2,0,32,69870,8160,12.9922,8128,32,69845
2209000,8192,6,3,3,565501949,6,565510141,0,8161,12.9924,8130,2,0x2205155f03,969,7450,0,31,69901,8161,12.9924,8130,31,69876
2210000,8192,6,3,3,565755901,6,565764093,0,8164,12.9932,8136,2,0xf356e1bdcd,963,7451,0,28,69929,8164,12.9932,8136,28,69904
2211000,8192,6,3,3,566009853,6,566018045,0,8167,12.9939,8142,2,0xdac1bfaf00,932,7425,0,25,69954,8167,12.9939,8142,25,69929
2212000,8192,6,3,3,566271994,6,566280186,0,8149,12.9895,8106,2,0x5d7fea716d,0,3,0,43,69997,8149,12.9895,8106,43,69972
2213000,8192,6,3,3,566525949,6,566534141,0,8166,12.9937,8140,2,0xf22607f8f4,993,7473,0,26,70023,8166,12.9937,8140,26,69998
2214000,8192,6,3,3,566779901,6,566788093,0,8151,12.9900,8110,2,0x40e5eb3ee0,937,7467,0,41,70064,8151,12.9900,8110,41,70039
2215000,8192,6,3,3,567033853,6,567042045,0,8154,12.9907,8116,2,0x7b34c1efa7,994,7402,0,38,70102,8154,12.9907,8116,38,70077
2216000,8192,6,3,3,567295994,6,567304186,0,8165,12.9934,8138,2,0x3466a66fb6,0,3,0,27,70129,8165,12.9934,8138,27,70104
2217000,8192,6,3,3,567549949,6,567558141,0,8161,12.9924,8130,2,0xc393087e6e,976,7357,0,31,70160,8161,12.9924,8130,31,70135
2218000,8192,6,3,3,567803901,6,567812093,0,8160,12.9922,8128,2,0x6d73ac9b23,1002,7406,0,32,70192,8160,12.9922,8128,32,70167
2219000,8192,6,3,3,568057853,6,568066045,0,8170,12.9946,8148,2,0x469fe72a06,1021,7434,0,22,70214,8170,12.9946,8148,22,70189
2220000,8192,6,3,3,568319994,6,568328186,0,8161,12.9924,8130,2,0xf526cffb52,1,3,0,31,70245,8161,12.9924,8130,31,70220
2221000,8192,6,3,3,568573949,6,568582141,0,8144,12.9883,8096,2,0x96b9e01afd,1009,7398,0,48,70293,8144,12.9883,8096,48,70268
2222000,8192,6,3,3,568827901,6,568836093,0,8162,12.9926,8133,3,0x65152cc104,1015,7442,0,29,70322,8162,12.9926,8133,29,70297
2223000,8192,6,3,3,569081853,6,569090045,0,8151,12.9900,8110,2,0xc9d6488065,924,7453,0,41,70363,8151,12.9900,8110,41,70338
2224000,8192,6,3,3,569343994,6,569352186,0,8162,12.9927,8132,2,0x5c9fa48486,2,2,0,30,70393,8162,12.9927,8132,30,70368
2225000,8192,6,3,3,569597949,6,569606141,0,8158,12.9917,8124,2,0x413894a9e3,954,7425,0,34,70427,8158,12.9917,8124,34,70402
2226000,8192,6,3,3,569851901,6,569860093,0,8171,12.9949,8150,2,0x7f91498218,954,7371,0,21,70448,8171,12.9949,8150,21,70423
2227000,8192,6,3,3,570105853,6,570114045,0,8163,12.9929,8134,2,0x1debfc7ac5,969,7403,0,29,70477,8163,12.9929,8134,29,70452
2228000,8192,6,3,3,570367994,6,570376186,0,8158,12.9917,8124,2,0x7917efe144,2,3,0,34,70511,8158,12.9917,8124,34,70486
2229000,8192,6,3,3,570621949,6,570630141,0,8159,12.9919,8126,2,0x7028ecaecd,973,7448,0,33,70544,8159,12.9919,8126,33,70519
2230000,8192,6,3,3,570875901,6,570884093,0,8166,12.9937,8140,2,0x610635e8d8,1012,7434,0,26,70570,8166,12.9937,8140,26,70545
2231000,8192,6,3,3,571129853,6,571138045,0,8160,12.9922,8128,2,0x96bb750cde,935,7413,0,32,70602,8160,12.9922,8128,32,70577
2232000,8192,6,3,3,571391994,6,571400186,0,8161,12.9924,8130,2,0xe93894a487,0,2,0,31,70633,8161,12.9924,8130,31,70608
2233000,8192,6,3,3,571645949,6,571654141,0,8160,12.9922,8128,2,0x9c6dade590,967,7370,0,32,70665,8160,12.9922,8128,32,70640
2234000,8192,6,3,3,571899901,6,571908093,0,8169,12.9944,8146,2,0xb5de066dde,1007,7429,0,23,70688,8169,12.9944,8146,23,70663
2235000,8192,6,3,3,572153853,6,572162045,0,8151,12.9899,8111,3,0x68b80b95fc,1010,7438,0,40,70728,8151,12.9899,8111,40,70703
2236000,8192,6,3,3,572415994,6,572424186,0,8163,12.9929,8134,2,0x0094791153,0,3,0,29,70757,8163,12.9929,8134,29,70732
2237000,8192,6,3,3,572669949,6,572678141,0,8163,12.9929,8134,2,0xe773bc4dd6,971,7368,0,29,70786,8163,12.9929,8134,29,70761
2238000,8192,6,3,3,572923901,6,572932093,0,8148,12.9893,8104,2,0x9b60fc8650,1009,7438,0,44,70830,8148,12.9893,8104,44,70805
2239000,8192,6,3,3,573177853,6,573186045,0,8150,12.9897,8108,2,0x5ae4387bc6,999,7380,0,42,70872,8150,12.9897,8108,42,70847
2240000,8192,6,3,3,573439994,6,573448186,0,8160,12.9922,8128,2,0x5b981221cb,0,2,0,32,70904,8160,12.9922,8128,32,70879
2241000,8192,6,3,3,573693949,6,573702141,0,8161,12.9924,8130,2,0xba48c26c23,995,7455,0,31,70935,8161,12.9924,8130,31,70910
2242000,8192,6,3,3,573947901,6,573956093,0,8152,12.9901,8113,3,0x09a0f31410,988,7447,0,39,70974,8152,12.9901,8113,39,70949
2243000,8192,6,3,3,574201853,6,574210045,0,8165,12.9934,8138,2,0xb0a38b8655,948,7412,0,27,71001,8165,12.9934,8138,27,70976
2244000,8192,6,3,3,574463994,6,574472186,0,8155,12.9910,8118,2,0x4b5deef215,1,3,0,37,71038,8155,12.9910,8118,37,71013
2245000,8192,6,3,3,574717949,6,574726141,0,8165,12.9934,8138,2,0x739864cfb4,973,7414,0,27,71065,8165,12.9934,8138,27,71040
2246000,8192,6,3,3,574971901,6,574980093,0,8163,12.9929,8134,2,0x7192de6a5d,997,7373,0,29,71094,8163,12.9929,8134,29,71069
2247000,8192,6,3,3,575225853,6,575234045,0,8162,12.9927,8132,2,0xae40a510f1,971,7419,0,30,71124,8162,12.9927,8132,30,71099
2248000,8192,6,3,3,575487994,6,575496186,0,8171,12.9949,8150,2,0x07777d3ce6,0,3,0,21,71145,8171,12.9949,8150,21,71120
2249000,8192,6,3,3,575741949,6,575750141,0,8158,12.9917,8124,2,0xb571ee4a30,1002,7380,0,34,71179,8158,12.9917,8124,34,71154
2250000,8192,6,3,3,575995901,6,576004093,0,8159,12.9919,8126,2,0x22e7453b02,935,7369,0,33,71212,8159,12.9919,8126,33,71187
2251000,8192,6,3,3,576249853,6,576258045,0,8163,12.9928,8135,3,0xacb4b94ada,953,7448,0,28,71240,8163,12.9928,8135,28,71215
2252000,8192,6,3,3,576511994,6,576520186,0,8161,12.9924,8130,2,0x6b4cad116f,0,3,0,31,71271,8161,12.9924,8130,31,71246
2253000,8192,6,3,3,576765949,6,576774141,0,8160,12.9921,8129,3,0xa435706e48,952,7427,0,31,71302,8160,12.9921,8129,31,71277
2254000,8192,6,3,3,577019901,6,577028093,0,8158,12.9917,8124,2,0x014185b64d,979,7374,0,34,71336,8158,12.9917,8124,34,71311
2255000,8192,6,3,3,577273853,6,577282045,0,8158,12.9917,8124,2,0xde10293fdf,974,7418,0,34,71370,8158,12.9917,8124,34,71345
2256000,8192,6,3,3,577535994,6,577544186,0,8168,12.9941,8144,2,0x24d522323e,0,3,0,24,71394,8168,12.9941,8144,24,71369
2257000,8192,6,3,3,577789949,6,577798141,0,8151,12.9900,8110,2,0xe9ce274b62,986,7418,0,41,71435,8151,12.9900,8110,41,71410
2258000,8192,6,3,3,578043901,6,578052093,0,8154,12.9907,8116,2,0xb3df71caf1,946,7423,0,38,71473,8154,12.9907,8116,38,71448
2259000,8192,6,3,3,578297853,6,578306045,0,8162,12.9927,8132,2,0x57d58be4b4,997,7423,0,30,71503,8162,12.9927,8132,30,71478
2260000,8192,6,3,3,578559994,6,578568186,0,8156,12.9912,8120,2,0xeeb6dbf581,0,2,0,36,71539,8156,12.9912,8120,36,71514
2261000,8192,6,3,3,578813949,6,578822141,0,8162,12.9927,8132,2,0x8e4cc62eb7,915,7384,0,30,71569,8162,12.9927,8132,30,71544
2262000,8192,6,3,3,579067901,6,579076093,0,8160,12.9922,8128,2,0x19a8c6e06e,965,7421,0,32,71601,8160,12.9922,8128,32,71576
2263000,8192,6,3,3,579321853,6,579330045,0,8170,12.9946,8148,2,0x1e80766438,962,7461,0,22,71623,8170,12.9946,8148,22,71598
2264000,8192,6,3,3,579583994,6,579592186,0,8161,12.9924,8130,2,0x06e8b04ff6,1,3,0,31,71654,8161,12.9924,8130,31,71629
2265000,8192,6,3,3,579837949,6,579846141,0,8155,12.9910,8118,2,0xbaf0b5babe,993,7456,0,37,71691,8155,12.9910,8118,37,71666
2266000,8192,6,3,3,580091901,6,580100093,0,8166,12.9937,8140,2,0xa683e97763,1050,7445,0,26,71717,8166,12.9937,8140,26,71692
2267000,8192,6,3,3,580345853,6,580354045,0,8153,12.9905,8114,2,0x5111574d67,998,7413,0,39,71756,8153,12.9905,8114,39,71731
2268000,8192,6,3,3,580607994,6,580616186,0,8162,12.9927,8132,2,0xbc3904a243,0,3,0,30,71786,8162,12.9927,8132,30,71761
2269000,8192,6,3,3,580861949,6,580870141,0,8156,12.9912,8120,2,0xfe2870a3cb,997,7438,0,36,71822,8156,12.9912,8120,36,71797
2270000,8192,6,3,3,581115901,6,581124093,0,8165,12.9934,8138,2,0xf7578c310b,979,7468,0,27,71849,8165,12.9934,8138,27,71824
2271000,8192,6,3,3,581369853,6,581378045,0,8157,12.9915,8122,2,0x045d69a286,933,7439,0,35,71884,8157,12.9915,8122,35,71859
2272000,8192,6,3,3,581631994,6,581640186,0,8160,12.9922,8128,2,0x69169e39f3,1,3,0,32,71916,8160,12.9922,8128,32,71891
2273000,8192,6,3,3,581885949,6,581894141,0,8163,12.9929,8134,2,0x67fd842cc2,1012,7467,0,29,71945,8163,12.9929,8134,29,71920
2274000,8192,6,3,3,582139901,6,582148093,0,8160,12.9922,8128,2,0x1389c0b0bb,989,7403,0,32,71977,8160,12.9922,8128,32,71952
2275000,8192,6,3,3,582393853,6,582402045,0,8164,12.9932,8136,2,0xeb8ec44d14,996,7454,0,28,72005,8164,12.9932,8136,28,71980
2276000,8192,6,3,3,582655994,6,582664186,0,8158,12.9917,8124,2,0x6e6fca3fd2,0,3,0,34,72039,8158,12.9917,8124,34,72014
2277000,8192,6,3,3,582909949,6,582918141,0,8152,12.9902,8112,2,0xdfceec45d8,898,7442,0,40,72079,8152,12.9902,8112,40,72054
2278000,8192,6,3,3,583163901,6,583172093,0,8171,12.9949,8150,2,0xa1d23c38e1,988,7415,0,21,72100,8171,12.9949,8150,21,72075
2279000,8192,6,3,3,583417853,6,583426045,0,8160,12.9922,8128,2,0x4186b3b4f8,985,7421,0,32,72132,8160,12.9922,8128,32,72107
2280000,8192,6,3,3,583679994,6,583688186,0,8157,12.9915,8122,2,0xba05ccb73b,0,2,0,35,72167,8157,12.9915,8122,35,72142
2281000,8192,6,3,3,583933949,6,583942141,0,8161,12.9924,8130,2,0xf4d72e92ce,1008,7401,0,31,72198,8161,12.9924,8130,31,72173
2282000,8192,6,3,3,584187901,6,584196093,0,8155,12.9910,8118,2,0x7889b9a38a,1013,7412,0,37,72235,8155,12.9910,8118,37,72210
2283000,8192,6,3,3,584441853,6,584450045,0,8160,12.9922,8128,2,0x4ccabdc44a,965,7489,0,32,72267,8160,12.9922,8128,32,72242
2284000,8192,6,3,3,584703994,6,584712186,0,8161,12.9924,8130,2,0x32a04a1a44,0,3,0,31,72298,8161,12.9924,8130,31,72273
2285000,8192,6,3,3,584957949,6,584966141,0,8158,12.9917,8124,2,0xced0914253,1018,7407,0,34,72332,8158,12.9917,8124,34,72307
2286000,8192,6,3,3,585211901,6,585220093,0,8162,12.9927,8132,2,0x9bf74e7ffd,960,7412,0,30,72362,8162,12.9927,8132,30,72337
2287000,8192,6,3,3,585465853,6,585474045,0,8160,12.9922,8128,2,0x4e73626e7e,939,7401,0,32,72394,8160,12.9922,8128,32,72369
2288000,8192,6,3,3,585727994,6,585736186,0,8157,12.9915,8122,2,0xcb97bc3f57,0,3,0,35,72429,8157,12.9915,8122,35,72404
2289000,8192,6,3,3,585981949,6,585990141,0,8156,12.9912,8120,2,0x72747e2b55,949,7365,0,36,72465,8157,12.9915,8122,35,72439
2290000,8192,6,3,3,586235901,6,586244093,0,8162,12.9927,8132,2,0xbb0ff73989,975,7331,0,30,72495,8162,12.9927,8132,30,72469
2291000,8192,6,3,3,586489853,6,586498045,0,8164,12.9932,8136,2,0x7c55550c48,975,7422,0,28,72523,8164,12.9932,8136,28,72497
2292000,8192,6,3,3,586751994,6,586760186,0,8161,12.9923,8131,3,0xd82ec47ab6,0,3,0,30,72553,8161,12.9923,8131,30,72527
2293000,8192,6,3,3,587005949,6,587014141,0,8158,12.9917,8124,2,0x80c0747925,1006,7429,0,34,72587,8158,12.9917,8124,34,72561
2294000,8192,6,3,3,587259901,6,587268093,0,8162,12.9927,8132,2,0xe74d6654c5,1039,7432,0,30,72617,8162,12.9927,8132,30,72591
2295000,8192,6,3,3,587513853,6,587522045,0,8153,12.9905,8114,2,0xf485d7d8a5,969,7406,0,39,72656,8153,12.9905,8114,39,72630
2296000,8192,6,3,3,587775994,6,587784186,0,8160,12.9922,8128,2,0xeda9b8270a,2,3,0,32,72688,8160,12.9922,8128,32,72662
2297000,8192,6,3,3,588029949,6,588038141,0,8160,12.9922,8128,2,0xa53c3bd959,1021,7453,0,32,72720,8160,12.9922,8128,32,72694
2298000,8192,6,3,3,588283901,6,588292093,0,8161,12.9924,8130,2,0x087dd796d9,912,7373,0,31,72751,8161,12.9924,8130,31,72725
2299000,8192,6,3,3,588537853,6,588546045,0,8159,12.9919,8126,2,0x068f53ba9a,1009,7362,0,33,72784,8159,12.9919,8126,33,72758
2300000,8192,6,3,3,588799994,6,588808186,0,8162,12.9926,8133,3,0x0e3a427f39,1,3,0,29,72813,8162,12.9926,8133,29,72787
2301000,8192,6,3,3,589053949,6,589062141,0,8163,12.9929,8134,2,0x7bffd6e04c,985,7413,0,29,72842,8163,12.9929,8134,29,72816
2302000,8192,6,3,3,589307901,6,589316093,0,8165,12.9934,8138,2,0x2096591a2b,946,7450,0,27,72869,8165,12.9934,8138,27,72843
2303000,8192,6,3,3,589561853,6,589570045,0,8169,12.9944,8146,2,0xd55c9be52b,974,7406,0,23,72892,8169,12.9944,8146,23,72866
2304000,8192,6,3,3,589823994,6,589832186,0,8159,12.9919,8126,2,0x215fc8146c,1,3,0,33,72925,8159,12.9919,8126,33,72899
2305000,8192,6,3,3,590077949,6,590086141,0,8155,12.9910,8118,2,0xc4af442c7e,946,7363,0,37,72962,8155,12.9910,8118,37,72936
2306000,8192,6,3,3,590331901,6,590340093,0,8155,12.9910,8118,2,0x4adc5b69c9,994,7433,0,37,72999,8155,12.9910,8118,37,72973
2307000,8192,6,3,3,590585853,6,590594045,0,8160,12.9922,8128,2,0xf1d558b86a,977,7451,0,32,73031,8160,12.9922,8128,32,73005
2308000,8192,6,3,3,590847994,6,590856186,0,8160,12.9922,8128,2,0xa4d74ecd6e,1,3,0,32,73063,8160,12.9922,8128,32,73037
2309000,8192,7,3,4,591101948,7,591110140,0,8170,12.9946,8148,2,0xac40024ed9,936,7392,0,22,73085,8170,12.9946,8148,22,73059
2310000,8192,7,3,4,591355900,7,591364092,0,8166,12.9937,8140,2,0xf5ed85abe7,996,7380,0,26,73111,8166,12.9937,8140,26,73085
2311000,8192,7,3,4,591609852,7,591618044,0,8160,12.9922,8128,2,0xe49d3b688e,969,7431,0,32,73143,8160,12.9922,8128,32,73117
2312000,8192,7,3,4,591871993,7,591880185,0,8156,12.9912,8120,2,0xc18ac3aacb,1,3,0,36,73179,8156,12.9912,8120,36,73153
2313000,8192,7,3,4,592125948,7,592134140,0,8160,12.9922,8128,2,0x173c103c97,964,7415,0,32,73211,8160,12.9922,8128,32,73185
2314000,8192,7,3,4,592379900,7,592388092,0,8160,12.9922,8128,2,0x008f5afe35,1007,7430,0,32,73243,8160,12.9922,8128,32,73217
2315000,8192,7,3,4,592633852,7,592642044,0,8154,12.9906,8117,3,0x8a9e1a2417,973,7405,0,37,73280,8154,12.9906,8117,37,73254
2316000,8192,7,3,4,592895993,7,592904185,0,8166,12.9937,8140,2,0x1f62ecad56,0,2,0,26,73306,8166,12.9937,8140,26,73280
2317000,8192,7,3,4,593149948,7,593158140,0,8157,12.9915,8122,2,0x2da6d7f972,1007,7397,0,35,73341,8157,12.9915,8122,35,73315
2318000,8192,7,3,4,593403900,7,593412092,0,8166,12.9937,8140,2,0x049274af26,968,7407,0,26,73367,8166,12.9937,8140,26,73341
2319000,8192,7,3,4,593657852,7,593666044,0,8164,12.9932,8136,2,0xa47f104522,973,7442,0,28,73395,8164,12.9932,8136,28,73369
2320000,8192,7,3,4,593919993,7,593928185,0,8157,12.9915,8122,2,0x57931b1a46,0,3,0,35,73430,8157,12.9915,8122,35,73404
2321000,8192,7,3,4,594173948,7,594182140,0,8156,12.9911,8121,3,0x4ac3605c8f,994,7449,0,35,73465,8156,12.9911,8121,35,73439
2322000,8192,7,3,4,594427900,7,594436092,0,8158,12.9917,8124,2,0x231f6cb8c6,941,7426,0,34,73499,8158,12.9917,8124,34,73473
2323000,8192,7,3,4,594681852,7,594690044,0,8173,12.9954,8154,2,0x55376cf1ce,984,7408,0,19,73518,8173,12.9954,8154,19,73492
2324000,8192,7,3,4,594943993,7,594952185,0,8156,12.9912,8120,2,0xe52037fecd,0,2,0,36,73554,8156,12.9912,8120,36,73528
2325000,8192,7,3,4,595197948,7,595206140,0,8155,12.9910,8118,2,0x3749a2dc5b,960,7445,0,37,73591,8155,12.9910,8118,37,73565
2326000,8192,7,3,4,595451900,7,595460092,0,8161,12.9924,8130,2,0x8c835130bf,966,7413,0,31,73622,8161,12.9924,8130,31,73596
2327000,8192,7,3,4,595705852,7,595714044,0,8167,12.9938,8143,3,0x6a6348b721,1009,7444,0,24,73646,8167,12.9938,8143,24,73620
2328000,8192,7,3,4,595967993,7,595976185,0,8162,12.9926,8133,3,0x0d1e9e4432,0,2,0,29,73675,8162,12.9926,8133,29,73649
2329000,8192,7,3,4,596221948,7,596230140,0,8162,12.9927,8132,2,0x717900dd76,957,7392,0,30,73705,8162,12.9927,8132,30,73679
2330000,8192,7,3,4,596475900,7,596484092,0,8157,12.9915,8122,2,0xe73b39e1ae,1026,7433,0,35,73740,8157,12.9915,8122,35,73714
2331000,8192,7,3,4,596729852,7,596738044,0,8161,12.9924,8130,2,0x422bc57545,952,7438,0,31,73771,8161,12.9924,8130,31,73745
2332000,8192,7,3,4,596991993,7,597000185,0,8161,12.9924,8130,2,0xcf8d03db0a,0,3,0,31,73802,8161,12.9924,8130,31,73776
2333000,8192,7,3,4,597245948,7,597254140,0,8156,12.9912,8120,2,0x86dcfecabc,1026,7373,0,36,73838,8156,12.9912,8120,36,73812
2334000,8192,7,3,4,597499900,7,597508092,0,8160,12.9922,8128,2,0x22c9841104,1012,7398,0,32,73870,8160,12.9922,8128,32,73844
2335000,8192,7,3,4,597753852,7,597762044,0,8165,12.9934,8138,2,0xd649acb9d3,974,7423,0,27,73897,8165,12.9934,8138,27,73871
2336000,8192,7,3,4,598015993,7,598024185,0,8160,12.9922,8128,2,0x01e9337ec7,0,3,0,32,73929,8160,12.9922,8128,32,73903
2337000,8192,7,3,4,598269948,7,598278140,0,8161,12.9924,8130,2,0x1a9848bfe2,987,7410,0,31,73960,8161,12.9924,8130,31,73934
2338000,8192,7,3,4,598523900,7,598532092,0,8146,12.9888,8100,2,0xd5425b5164,969,7399,0,46,74006,8146,12.9888,8100,46,73980
2339000,8192,7,3,4,598777852,7,598786044,0,8162,12.9927,8132,2,0xc942de7d02,947,7449,0,30,74036,8162,12.9927,8132,30,74010
2340000,8192,7,3,4,599039993,7,599048185,0,8155,12.9910,8118,2,0x91fcff96ea,1,3,0,37,74073,8155,12.9910,8118,37,74047
2341000,8192,7,3,4,599293948,7,599302140,0,8168,12.9941,8144,2,0x45ff5434e1,976,7404,0,24,74097,8168,12.9941,8144,24,74071
2342000,8192,7,3,4,599547900,7,599556092,0,8155,12.9910,8118,2,0x3ff3088d3d,972,7430,0,37,74134,8155,12.9910,8118,37,74108
2343000,8192,7,3,4,599801852,7,599810044,0,8166,12.9937,8140,2,0xd1c2d842c2,973,7433,0,26,74160,8166,12.9937,8140,26,74134
2344000,8192,7,3,4,600063993,7,600072185,0,8152,12.9902,8112,2,0x2854d5826f,1,2,0,40,74200,8152,12.9902,8112,40,74174
2345000,8192,7,3,4,600317948,7,600326140,0,8162,12.9927,8132,2,0x4606d8a8b1,989,7414,0,30,74230,8162,12.9927,8132,30,74204
2346000,8192,7,3,4,600571900,7,600580092,0,8166,12.9937,8140,2,0x3807ce01ac,992,7434,0,26,74256,8166,12.9937,8140,26,74230
2347000,8192,7,3,4,600825852,7,600834044,0,8163,12.9929,8134,2,0x1c9aeeed1b,937,7442,0,29,74285,8163,12.9929,8134,29,74259
2348000,8192,7,3,4,601087993,7,601096185,0,8157,12.9915,8122,2,0x4c129cdaff,1,3,0,35,74320,8157,12.9915,8122,35,74294
2349000,8192,7,3,4,601341948,7,601350140,0,8163,12.9929,8134,2,0x5cc639a9a9,968,7408,0,29,74349,8163,12.9929,8134,29,74323
2350000,8192,7,3,4,601595900,7,601604092,0,8167,12.9939,8142,2,0x3ac652bef8,925,7409,0,25,74374,8167,12.9939,8142,25,74348
2351000,8192,7,3,4,601849852,7,601858044,0,8168,12.9941,8144,2,0xffeca0b37a,994,7433,0,24,74398,8168,12.9941,8144,24,74372
2352000,8192,7,3,4,602111993,7,602120185,0,8154,12.9907,8116,2,0x84f609e19d,0,3,0,38,74436,8154,12.9907,8116,38,74410
2353000,8192,7,3,4,602365948,7,602374140,0,8168,12.9940,8145,3,0x40f69e5ab9,936,7414,0,23,74459,8168,12.9940,8145,23,74433
2354000,8192,7,3,4,602619900,7,602628092,0,8146,12.9888,8100,2,0x246769e4f5,1008,7395,0,46,74505,8146,12.9888,8100,46,74479
2355000,8192,7,3,4,602873852,7,602882044,0,8155,12.9910,8118,2,0x672da770d4,975,7397,0,37,74542,8155,12.9910,8118,37,74516
2356000,8192,7,3,4,603135993,7,603144185,0,8164,12.9932,8136,2,0xd593ab0028,1,2,0,28,74570,8164,12.9932,8136,28,74544
2357000,8192,7,3,4,603389948,7,603398140,0,8167,12.9939,8142,2,0x4d8bd835f0,955,7459,0,25,74595,8167,12.9939,8142,25,74569
2358000,8192,7,3,4,603643900,7,603652092,0,8158,12.9917,8124,2,0x02f7a46496,977,7433,0,34,74629,8158,12.9917,8124,34,74603
2359000,8192,7,3,4,603897852,7,603906044,0,8159,12.9919,8126,2,0x20f92c7456,945,7436,0,33,74662,8159,12.9919,8126,33,74636
2360000,8192,7,3,4,604159993,7,604168185,0,8171,12.9949,8150,2,0x5eb969fd0c,1,3,0,21,74683,8171,12.9949,8150,21,74657
2361000,8192,7,3,4,604413948,7,604422140,0,8160,12.9922,8128,2,0x0d46b86c1a,978,7409,0,32,74715,8160,12.9922,8128,32,74689
2362000,8192,7,3,4,604667900,7,604676092,0,8163,12.9929,8134,2,0x9de2c223fa,1011,7420,0,29,74744,8163,12.9929,8134,29,74718
2363000,8192,7,3,4,604921852,7,604930044,0,8167,12.9939,8142,2,0xbec8ec5ada,910,7392,0,25,74769,8167,12.9939,8142,25,74743
2364000,8192,7,3,4,605183993,7,605192185,0,8167,12.9939,8142,2,0xfc1fc4ae62,0,3,0,25,74794,8167,12.9939,8142,25,74768
2365000,8192,7,3,4,605437948,7,605446140,0,8163,12.9929,8134,2,0xfe674e1695,1000,7419,0,29,74823,8163,12.9929,8134,29,74797
2366000,8192,7,3,4,605691900,7,605700092,0,8164,12.9931,8137,3,0x72ea0bd57f,922,7444,0,27,74850,8164,12.9931,8137,27,74824
2367000,8192,7,3,4,605945852,7,605954044,0,8163,12.9929,8134,2,0x71345420d9,981,7394,0,29,74879,8163,12.9929,8134,29,74853
2368000,8192,7,3,4,606207993,7,606216185,0,8164,12.9932,8136,2,0x14dced8884,1,3,0,28,74907,8164,12.9932,8136,28,74881
2369000,8192,7,3,4,606461948,7,606470140,0,8160,12.9922,8128,2,0x3b7378299c,957,7405,0,32,74939,8160,12.9922,8128,32,74913
2370000,8192,7,3,4,606715900,7,606724092,0,8158,12.9917,8124,2,0x9b5621f362,998,7387,0,34,74973,8158,12.9917,8124,34,74947
2371000,8192,7,3,4,606969852,7,606978044,0,8153,12.9905,8114,2,0x2274050220,977,7420,0,39,75012,8153,12.9905,8114,39,74986
2372000,8192,7,3,4,607231993,7,607240185,0,8157,12.9915,8122,2,0x74d0de03f6,0,3,0,35,75047,8157,12.9915,8122,35,75021
2373000,8192,7,3,4,607485948,7,607494140,0,8164,12.9932,8136,2,0x7ec616c115,981,7434,0,28,75075,8164,12.9932,8136,28,75049
2374000,8192,7,3,4,607739900,7,607748092,0,8158,12.9917,8124,2,0xc790eb2273,979,7413,0,34,75109,8158,12.9917,8124,34,75083
2375000,8192,7,3,4,607993852,7,608002044,0,8161,12.9924,8130,2,0x6dde157995,954,7446,0,31,75140,8161,12.9924,8130,31,75114
2376000,8192,7,3,4,608255993,7,608264185,0,8165,12.9934,8138,2,0xfbc6acb1e6,0,3,0,27,75167,8165,12.9934,8138,27,75141
2377000,8192,7,3,4,608509948,7,608518140,0,8163,12.9929,8134,2,0x8b214e7a7a,966,7432,0,29,75196,8163,12.9929,8134,29,75170
2378000,8192,7,3,4,608763900,7,608772092,0,8151,12.9900,8110,2,0xdafe76471d,1021,7414,0,41,75237,8151,12.9900,8110,41,75211
2379000,8192,7,3,4,609017852,7,609026044,0,8159,12.9919,8126,2,0x7d4f924f9e,986,7378,0,33,75270,8159,12.9919,8126,33,75244
2380000,8192,7,3,4,609279993,7,609288185,0,8157,12.9915,8122,2,0x822d398edc,2,3,0,35,75305,8157,12.9915,8122,35,75279
2381000,8192,7,3,4,609533948,7,609542140,0,8152,12.9902,8112,2,0x8d8da11d70,993,7429,0,40,75345,8152,12.9902,8112,40,75319
2382000,8192,7,3,4,609787900,7,609796092,0,8155,12.9910,8118,2,0xe3cffdbb78,996,7418,0,37,75382,8155,12.9910,8118,37,75356
2383000,8192,7,3,4,610041852,7,610050044,0,8160,12.9922,8128,2,0x6169654044,948,7414,0,32,75414,8160,12.9922,8128,32,75388
2384000,8192,7,3,4,610303993,7,610312185,0,8145,12.9885,8098,2,0xf4a847b252,1,2,0,47,75461,8145,12.9885,8098,47,75435
2385000,8192,7,3,4,610557948,7,610566140,0,8158,12.9917,8124,2,0xc2687e95fd,966,7470,0,34,75495,8158,12.9917,8124,34,75469
2386000,8192,7,3,4,610811900,7,610820092,0,8142,12.9878,8092,2,0x149494003a,1045,7415,0,50,75545,8142,12.9878,8092,50,75519
2387000,8192,7,3,4,611065852,7,611074044,0,8165,12.9934,8138,2,0x799f993f7b,949,7416,0,27,75572,8165,12.9934,8138,27,75546
2388000,8192,7,3,4,611327993,7,611336185,0,8159,12.9919,8126,2,0x66f991f160,1,2,0,33,75605,8159,12.9919,8126,33,75579
2389000,8192,7,3,4,611581948,7,611590140,0,8162,12.9927,8132,2,0x51cd3c497a,990,7431,0,30,75635,8162,12.9927,8132,30,75609
2390000,8192,7,3,4,611835900,7,611844092,0,8160,12.9922,8128,2,0x51dab1de96,954,7415,0,32,75667,8160,12.9922,8128,32,75641
2391000,8192,7,3,4,612089852,7,612098044,0,8165,12.9934,8138,2,0x87b8d56489,946,7453,0,27,75694,8165,12.9934,8138,27,75668
2392000,8192,7,3,4,612351993,7,612360185,0,8157,12.9915,8122,2,0xa73b01f1d6,1,3,0,35,75729,8157,12.9915,8122,35,75703
2393000,8192,7,3,4,612605948,7,612614140,0,8162,12.9927,8132,2,0x81d118800b,968,7402,0,30,75759,8162,12.9927,8132,30,75733
2394000,8192,7,3,4,612859900,7,612868092,0,8162,12.9926,8133,3,0xc95e54e031,956,7448,0,29,75788,8162,12.9926,8133,29,75762
2395000,8192,7,3,4,613113852,7,613122044,0,8171,12.9949,8150,2,0xdec9027983,951,7404,0,21,75809,8171,12.9949,8150,21,75783
2396000,8192,7,3,4,613375993,7,613384185,0,8168,12.9941,8144,2,0xf772e456b2,1,3,0,24,75833,8168,12.9941,8144,24,75807
2397000,8192,7,3,4,613629948,7,613638140,0,8155,12.9910,8118,2,0xfbabdc9ab6,995,7441,0,37,75870,8155,12.9910,8118,37,75844
2398000,8192,7,3,4,613883900,7,613892092,0,8157,12.9915,8122,2,0x00aa63187c,988,7412,0,35,75905,8157,12.9915,8122,35,75879
2399000,8192,7,3,4,614137852,7,614146044,0,8162,12.9927,8132,2,0x51b8e371a9,957,7384,0,30,75935,8162,12.9927,8132,30,75909
2400000,8192,7,3,4,614399993,7,614408185,0,8171,12.9949,8150,2,0x91a3e0ff20,1,3,0,21,75956,8171,12.9949,8150,21,75930
2401000,8192,7,3,4,614653948,7,614662140,0,8162,12.9927,8132,2,0xe518bef930,995,7435,0,30,75986,8162,12.9927,8132,30,75960
2402000,8192,7,3,4,614907900,7,614916092,0,8160,12.9922,8128,2,0x9c1cf890c9,932,7403,0,32,76018,8160,12.9922,8128,32,75992
2403000,8192,7,3,4,615161852,7,615170044,0,8160,12.9922,8128,2,0xb93c4287f1,1002,7416,0,32,76050,8160,12.9922,8128,32,76024
2404000,8192,7,3,4,615423993,7,615432185,0,8163,12.9929,8134,2,0x3e5984c72f,0,3,0,29,76079,8163,12.9929,8134,29,76053
2405000,8192,7,3,4,615677948,7,615686140,0,8164,12.9932,8136,2,0x39977db53f,956,7405,0,28,76107,8164,12.9932,8136,28,76081
2406000,8192,7,3,4,615931900,7,615940092,0,8159,12.9919,8127,3,0xff4d1f50e4,934,7412,0,32,76139,8159,12.9919,8127,32,76113
2407000,8192,7,3,4,616185852,7,616194044,0,8164,12.9932,8136,2,0xbd9cfa4fec,990,7389,0,28,76167,8164,12.9932,8136,28,76141
2408000,8192,7,3,4,616447993,7,616456185,0,8158,12.9917,8124,2,0xcc3579a751,1,3,0,34,76201,8158,12.9917,8124,34,76175
2409000,8192,7,3,4,616701948,7,616710140,0,8172,12.9951,8152,2,0x36702cde69,936,7398,0,20,76221,8173,12.9954,8154,19,76194
2410000,8192,7,3,4,616955900,7,616964092,0,8158,12.9917,8124,2,0xffd1a93a42,1021,7373,0,34,76255,8158,12.9917,8124,34,76228
2411000,8192,7,3,4,617209852,7,617218044,0,8163,12.9929,8134,2,0x7ba2b101b8,948,7381,0,29,76284,8163,12.9929,8134,29,76257
2412000,8192,7,3,4,617471993,7,617480185,0,8156,12.9910,8122,3,0x60b20e21bf,1,2,0,34,76318,8156,12.9910,8122,34,76291
2413000,8192,7,3,4,617725948,7,617734140,0,8160,12.9922,8128,2,0xa9d4544845,962,7379,0,32,76350,8160,12.9922,8128,32,76323
2414000,8192,7,3,4,617979900,7,617988092,0,8162,12.9927,8132,2,0x6ced94ab17,1039,7446,0,30,76380,8162,12.9927,8132,30,76353
2415000,8192,7,3,4,618233852,7,618242044,0,8174,12.9956,8156,2,0x610ffb6751,964,7446,0,18,76398,8174,12.9956,8156,18,76371
2416000,8192,7,3,4,618495993,7,618504185,0,8165,12.9934,8138,2,0x9091eabe28,0,3,0,27,76425,8165,12.9934,8138,27,76398
2417000,8192,7,3,4,618749948,7,618758140,0,8156,12.9912,8120,2,0x38d8279f95,989,7422,0,36,76461,8156,12.9912,8120,36,76434
2418000,8192,7,3,4,619003900,7,619012092,0,8163,12.9929,8134,2,0x70b02e2974,1010,7403,0,29,76490,8163,12.9929,8134,29,76463
2419000,8192,7,3,4,619257852,7,619266044,0,8156,12.9912,8120,2,0x3e374cec2d,995,7438,0,36,76526,8156,12.9912,8120,36,76499
2420000,8192,7,3,4,619519993,7,619528185,0,8164,12.9932,8136,2,0x42763f39cb,1,2,0,28,76554,8164,12.9932,8136,28,76527
2421000,8192,7,3,4,619773948,7,619782140,0,8158,12.9917,8124,2,0x959315a9b3,1047,7411,0,34,76588,8158,12.9917,8124,34,76561
2422000,8192,7,3,4,620027900,7,620036092,0,8158,12.9917,8124,2,0xd3fc61e082,961,7450,0,34,76622,8158,12.9917,8124,34,76595
2423000,8192,7,3,4,620281852,7,620290044,0,8166,12.9937,8140,2,0xeb2053fa1c,1000,7422,0,26,76648,8166,12.9937,8140,26,76621
2424000,8192,7,3,4,620543993,7,620552185,0,8161,12.9923,8131,3,0x56297581de,0,3,0,30,76678,8161,12.9923,8131,30,76651
2425000,8192,7,3,4,620797948,7,620806140,0,8157,12.9915,8122,2,0x5b7c4f6e07,961,7411,0,35,76713,8157,12.9915,8122,35,76686
2426000,8192,7,3,4,621051900,7,621060092,0,8167,12.9939,8142,2,0x3a89c4edaf,974,7427,0,25,76738,8167,12.9939,8142,25,76711
2427000,8192,7,3,4,621305852,7,621314044,0,8160,12.9922,8128,2,0x55f76c5200,937,7411,0,32,76770,8160,12.9922,8128,32,76743
2428000,8192,7,3,4,621567993,7,621576185,0,8164,12.9932,8136,2,0xef7c608614,0,2,0,28,76798,8164,12.9932,8136,28,76771
2429000,8192,7,3,4,621821948,7,621830140,0,8160,12.9922,8128,2,0xb19870f94a,963,7418,0,32,76830,8160,12.9922,8128,32,76803
2430000,8192,7,3,4,622075900,7,622084092,0,8161,12.9924,8130,2,0x097bfa49b6,954,7398,0,31,76861,8161,12.9924,8130,31,76834
2431000,8192,7,3,4,622329852,7,622338044,0,8155,12.9910,8118,2,0xca72e73bb0,1100,7436,0,37,76898,8155,12.9910,8118,37,76871
2432000,8192,7,3,4,622591993,7,622600185,0,8167,12.9939,8142,2,0xa9c6288be3,1,3,0,25,76923,8167,12.9939,8142,25,76896
2433000,8192,7,3,4,622845948,7,622854140,0,8155,12.9910,8118,2,0xd5e9bdc36e,932,7438,0,37,76960,8155,12.9910,8118,37,76933
2434000,8192,7,3,4,623099900,7,623108092,0,8161,12.9924,8130,2,0xfe959c0c43,1038,7389,0,31,76991,8161,12.9924,8130,31,76964
2435000,8192,7,3,4,623353852,7,623362044,0,8156,12.9912,8120,2,0xe677b07a58,986,7436,0,36,77027,8156,12.9912,8120,36,77000
2436000,8192,7,3,4,623615993,7,623624185,0,8155,12.9910,8118,2,0xc87207bb46,0,2,0,37,77064,8155,12.9910,8118,37,77037
2437000,8192,7,3,4,623869948,7,623878140,0,8156,12.9912,8120,2,0x296624b8d5,975,7434,0,36,77100,8156,12.9912,8120,36,77073
2438000,8192,7,3,4,624123900,7,624132092,0,8172,12.9951,8152,2,0xdd4005c4e3,992,7385,0,20,77120,8172,12.9951,8152,20,77093
2439000,8192,7,3,4,624377852,7,624386044,0,8161,12.9924,8130,2,0x9d3d71b580,955,7449,0,31,77151,8161,12.9924,8130,31,77124
2440000,8192,7,3,4,624639993,7,624648185,0,8155,12.9910,8118,2,0x9cce415f32,1,3,0,37,77188,8155,12.9910,8118,37,77161
2441000,8192,7,3,4,624893948,7,624902140,0,8159,12.9919,8126,2,0xbf3fd09e08,988,7461,0,33,77221,8159,12.9919,8126,33,77194
2442000,8192,7,3,4,625147900,7,625156092,0,8154,12.9907,8116,2,0x498a7c1b48,982,7379,0,38,77259,8154,12.9907,8116,38,77232
2443000,8192,7,3,4,625401852,7,625410044,0,8159,12.9919,8126,2,0x64c6215423,945,7473,0,33,77292,8159,12.9919,8126,33,77265
2444000,8192,7,3,4,625663993,7,625672185,0,8163,12.9929,8134,2,0x187d9dc335,0,3,0,29,77321,8163,12.9929,8134,29,77294
2445000,8192,7,3,4,625917948,7,625926140,0,8162,12.9927,8132,2,0xdc0ece0049,991,7475,0,30,77351,8162,12.9927,8132,30,77324
2446000,8192,7,3,4,626171900,7,626180092,0,8157,12.9915,8122,2,0x7370ffefde,1027,7373,0,35,77386,8157,12.9915,8122,35,77359
2447000,8192,7,3,4,626425852,7,626434044,0,8155,12.9909,8119,3,0xe82f5a75d2,1020,7425,0,36,77422,8155,12.9909,8119,36,77395
2448000,8192,7,3,4,626687993,7,626696185,0,8167,12.9939,8142,2,0x1e238f2df5,0,3,0,25,77447,8167,12.9939,8142,25,77420
2449000,8192,7,3,4,626941948,7,626950140,0,8161,12.9924,8130,2,0xb009169607,1010,7420,0,31,77478,8161,12.9924,8130,31,77451
2450000,8192,7,3,4,627195900,7,627204092,0,8169,12.9944,8146,2,0xd698152ac2,961,7437,0,23,77501,8169,12.9944,8146,23,77474
2451000,8192,7,3,4,627449852,7,627458044,0,8159,12.9919,8126,2,0x6e798b2ee2,975,7370,0,33,77534,8159,12.9919,8126,33,77507
2452000,8192,7,3,4,627711993,7,627720185,0,8149,12.9895,8106,2,0x9edd794e51,0,3,0,43,77577,8149,12.9895,8106,43,77550
2453000,8192,7,3,4,627965948,7,627974140,0,8167,12.9938,8143,3,0xacc8a23dbe,1009,7434,0,24,77601,8167,12.9938,8143,24,77574
2454000,8192,7,3,4,628219900,7,628228092,0,8154,12.9907,8116,2,0xd15c28bef0,1008,7417,0,38,77639,8155,12.9910,8118,37,77611
2455000,8192,7,3,4,628473852,7,628482044,0,8162,12.9927,8132,2,0x7eb7990640,976,7442,0,30,77669,8162,12.9927,8132,30,77641
2456000,8192,7,3,4,628735993,7,628744185,0,8159,12.9919,8126,2,0x8d8ef1096e,1,3,0,33,77702,8159,12.9919,8126,33,77674
2457000,8192,7,3,4,628989948,7,628998140,0,8162,12.9926,8133,3,0x9dff2c2563,947,7443,0,29,77731,8162,12.9926,8133,29,77703
2458000,8192,7,3,4,629243900,7,629252092,0,8160,12.9921,8129,3,0x1411315c83,995,7417,0,31,77762,8160,12.9921,8129,31,77734
2459000,8192,7,3,4,629497852,7,629506044,0,8158,12.9917,8124,2,0x872947daee,990,7447,0,34,77796,8158,12.9917,8124,34,77768
2460000,8192,7,3,4,629759993,7,629768185,0,8158,12.9917,8124,2,0x12aa9fc043,0,2,0,34,77830,8158,12.9917,8124,34,77802
2461000,8192,7,3,4,630013948,7,630022140,0,8161,12.9924,8130,2,0x8e924724c5,999,7412,0,31,77861,8161,12.9924,8130,31,77833
2462000,8192,7,3,4,630267900,7,630276092,0,8161,12.9924,8130,2,0x20dee4b956,1001,7414,0,31,77892,8161,12.9924,8130,31,77864
2463000,8192,7,3,4,630521852,7,630530044,0,8166,12.9937,8140,2,0x966762ddf2,944,7420,0,26,77918,8166,12.9937,8140,26,77890
2464000,8192,7,3,4,630783993,7,630792185,0,8169,12.9944,8146,2,0x58df54998c,0,3,0,23,77941,8169,12.9944,8146,23,77913
2465000,8192,7,3,4,631037948,7,631046140,0,8159,12.9919,8126,2,0x880473963f,983,7392,0,33,77974,8159,12.9919,8126,33,77946
2466000,8192,7,3,4,631291900,7,631300092,0,8166,12.9937,8140,2,0x06e5a216e4,1015,7433,0,26,78000,8166,12.9937,8140,26,77972
2467000,8192,7,3,4,631545852,7,631554044,0,8164,12.9932,8136,2,0x5266da029c,998,7420,0,28,78028,8164,12.9932,8136,28,78000
2468000,8192,7,3,4,631807993,7,631816185,0,8153,12.9905,8114,2,0x6766be8907,2,3,0,39,78067,8153,12.9905,8114,39,78039
2469000,8192,7,3,4,632061948,7,632070140,0,8156,12.9912,8120,2,0x356b282ec5,998,7431,0,36,78103,8156,12.9912,8120,36,78075
2470000,8192,7,3,4,632315900,7,632324092,0,8146,12.9888,8100,2,0xd086b925b7,953,7354,0,46,78149,8146,12.9888,8100,46,78121
2471000,8192,7,3,4,632569852,7,632578044,0,8161,12.9924,8130,2,0x912e0618fa,984,7460,0,31,78180,8161,12.9924,8130,31,78152
2472000,8192,7,3,4,632831993,7,632840185,0,8158,12.9917,8124,2,0x2078b4f821,1,3,0,34,78214,8158,12.9917,8124,34,78186
2473000,8192,7,3,4,633085948,7,633094140,0,8164,12.9932,8136,2,0x8aa90af5c2,988,7457,0,28,78242,8164,12.9932,8136,28,78214
2474000,8192,7,3,4,633339900,7,633348092,0,8151,12.9900,8110,2,0xe059e2adbd,954,7427,0,41,78283,8151,12.9900,8110,41,78255
2475000,8192,7,3,4,633593852,7,633602044,0,8160,12.9922,8128,2,0x61c671889d,949,7420,0,32,78315,8160,12.9922,8128,32,78287
2476000,8192,7,3,4,633855993,7,633864185,0,8162,12.9927,8132,2,0x1ca6160157,0,3,0,30,78345,8162,12.9927,8132,30,78317
2477000,8192,7,3,4,634109948,7,634118140,0,8155,12.9910,8118,2,0xbf539ac814,951,7389,0,37,78382,8155,12.9910,8118,37,78354
2478000,8192,9,5,4,634363898,9,634372090,0,8160,12.9922,8128,2,0x48c2757fa7,1031,7430,0,32,78414,8160,12.9922,8128,32,78386
2479000,8192,9,5,4,634617850,9,634626042,0,8165,12.9934,8138,2,0x6332419827,966,7474,0,27,78441,8165,12.9934,8138,27,78413
2480000,8192,9,5,4,634879991,9,634888183,0,8160,12.9922,8128,2,0xecc6b9fa1b,0,3,0,32,78473,8160,12.9922,8128,32,78445
2481000,8192,9,5,4,635133946,9,635142138,0,8165,12.9934,8138,2,0xe2d9d0dacc,907,7357,0,27,78500,8165,12.9934,8138,27,78472
2482000,8192,9,5,4,635387898,9,635396090,0,8161,12.9924,8130,2,0x7693168bed,937,7416,0,31,78531,8161,12.9924,8130,31,78503
2483000,8192,9,5,4,635641850,9,635650042,0,8162,12.9927,8132,2,0x05e92bfc2e,1017,7390,0,30,78561,8162,12.9927,8132,30,78533
2484000,8192,9,5,4,635903991,9,635912183,0,8161,12.9924,8130,2,0xc3743ebb17,1,3,0,31,78592,8161,12.9924,8130,31,78564
2485000,8192,9,5,4,636157946,9,636166138,0,8149,12.9895,8106,2,0x3c6bf065ff,1012,7425,0,43,78635,8149,12.9895,8106,43,78607
2486000,8192,9,5,4,636411898,9,636420090,0,8151,12.9900,8110,2,0xc747665b51,966,7409,0,41,78676,8151,12.9900,8110,41,78648
2487000,8192,9,5,4,636665850,9,636674042,0,8159,12.9919,8126,2,0xa8dcfb04df,939,7402,0,33,78709,8159,12.9919,8126,33,78681
2488000,8192,9,5,4,636927991,9,636936183,0,8161,12.9924,8130,2,0xfa820d06d4,0,3,0,31,78740,8161,12.9924,8130,31,78712
2489000,8192,9,5,4,637181946,9,637190138,0,8168,12.9941,8144,2,0x73aa37ad52,975,7431,0,24,78764,8168,12.9941,8144,24,78736
2490000,8192,9,5,4,637435898,9,637444090,0,8164,12.9932,8136,2,0x7ec3af7dd4,1038,7408,0,28,78792,8164,12.9932,8136,28,78764
2491000,8192,9,5,4,637689850,9,637698042,0,8150,12.9897,8108,2,0xead34685b9,931,7422,0,42,78834,8150,12.9897,8108,42,78806
2492000,8192,9,5,4,637951991,9,637960183,0,8168,12.9941,8144,2,0xe84974db26,1,3,0,24,78858,8168,12.9941,8144,24,78830
2493000,8192,9,5,4,638205946,9,638214138,0,8164,12.9932,8136,2,0xc4200f8a17,913,7406,0,28,78886,8164,12.9932,8136,28,78858
2494000,8192,9,5,4,638459898,9,638468090,0,8160,12.9921,8129,3,0x0c0ecb07a9,951,7428,0,31,78917,8160,12.9921,8129,31,78889
2495000,8192,9,5,4,638713850,9,638722042,0,8162,12.9927,8132,2,0x440baa29ad,993,7447,0,30,78947,8162,12.9927,8132,30,78919
2496000,8192,9,5,4,638975991,9,638984183,0,8161,12.9924,8130,2,0x4108401cad,1,3,0,31,78978,8161,12.9924,8130,31,78950
2497000,8192,9,5,4,639229946,9,639238138,0,8154,12.9907,8116,2,0x24b0ed7b69,1010,7439,0,38,79016,8154,12.9907,8116,38,78988
2498000,8192,9,5,4,639483898,9,639492090,0,8164,12.9932,8136,2,0x12326aedfb,960,7464,0,28,79044,8164,12.9932,8136,28,79016
2499000,8192,9,5,4,639737850,9,639746042,0,8165,12.9934,8138,2,0x604f29f4d7,1006,7393,0,27,79071,8165,12.9934,8138,27,79043
2500000,8192,9,5,4,639999991,9,640008183,0,8165,12.9934,8138,2,0xe2e8f1f4f3,1,3,0,27,79098,8165,12.9934,8138,27,79070
2501000,8192,9,5,4,640253946,9,640262138,0,8159,12.9919,8127,3,0x64458c4da0,1055,7403,0,32,79130,8159,12.9919,8127,32,79102
2502000,8192,9,5,4,640507898,9,640516090,0,8156,12.9911,8121,3,0xdb4c896e13,953,7404,0,35,79165,8156,12.9911,8121,35,79137
2503000,8192,9,5,4,640761850,9,640770042,0,8158,12.9916,8125,3,0x0035cd7592,1005,7432,0,33,79198,8158,12.9916,8125,33,79170
2504000,8192,9,5,4,641023991,9,641032183,0,8160,12.9922,8128,2,0x7c30b566b6,0,3,0,32,79230,8160,12.9922,8128,32,79202
2505000,8192,9,5,4,641277946,9,641286138,0,8156,12.9911,8121,3,0xecf04c2453,947,7428,0,35,79265,8156,12.9911,8121,35,79237
2506000,8192,9,5,4,641531898,9,641540090,0,8148,12.9893,8104,2,0x836b9e1bb7,972,7407,0,44,79309,8148,12.9893,8104,44,79281
2507000,8192,9,5,4,641785850,9,641794042,0,8164,12.9932,8136,2,0xed1e99ae0a,1013,7394,0,28,79337,8164,12.9932,8136,28,79309
2508000,8192,9,5,4,642047991,9,642056183,0,8159,12.9919,8126,2,0x74b395712e,0,3,0,33,79370,8159,12.9919,8126,33,79342
2509000,8192,9,5,4,642301946,9,642310138,0,8167,12.9939,8142,2,0xa1d1624df3,964,7404,0,25,79395,8167,12.9939,8142,25,79367
2510000,8192,9,5,4,642555898,9,642564090,0,8164,12.9932,8136,2,0x89f5f5ecf5,908,7448,0,28,79423,8164,12.9932,8136,28,79395
2511000,8192,9,5,4,642809850,9,642818042,0,8154,12.9907,8116,2,0xf1b83365ae,964,7391,0,38,79461,8154,12.9907,8116,38,79433
2512000,8192,9,5,4,643071991,9,643080183,0,8159,12.9919,8126,2,0x066efcd55c,0,3,0,33,79494,8159,12.9919,8126,33,79466
2513000,8192,9,5,4,643325946,9,643334138,0,8161,12.9924,8130,2,0x79a827decd,959,7389,0,31,79525,8161,12.9924,8130,31,79497
2514000,8192,9,5,4,643579898,9,643588090,0,8165,12.9934,8138,2,0xa49fd6a3a9,979,7453,0,27,79552,8165,12.9934,8138,27,79524
2515000,8192,9,5,4,643833850,9,643842042,0,8169,12.9944,8146,2,0x0b59e92e2f,934,7445,0,23,79575,8169,12.9944,8146,23,79547
2516000,8192,9,5,4,644095991,9,644104183,0,8160,12.9922,8128,2,0xb126e93f73,0,2,0,32,79607,8160,12.9922,8128,32,79579
2517000,8192,9,5,4,644349946,9,644358138,0,8161,12.9924,8130,2,0x645d5af7f6,1012,7438,0,31,79638,8161,12.9924,8130,31,79610
2518000,8192,9,5,4,644603898,9,644612090,0,8160,12.9922,8128,2,0x1f57738085,964,7440,0,32,79670,8160,12.9922,8128,32,79642
2519000,8192,9,5,4,644857850,9,644866042,0,8169,12.9944,8146,2,0x974649201b,946,7417,0,23,79693,8169,12.9944,8146,23,79665
2520000,8192,9,5,4,645119991,9,645128183,0,8168,12.9941,8144,2,0xec1abb403f,1,3,0,24,79717,8168,12.9941,8144,24,79689
2521000,8192,9,5,4,645373946,9,645382138,0,8165,12.9934,8138,2,0x031662905e,948,7426,0,27,79744,8165,12.9934,8138,27,79716
2522000,8192,9,5,4,645627898,9,645636090,0,8169,12.9944,8146,2,0x6f81c5f670,974,7400,0,23,79767,8169,12.9944,8146,23,79739
2523000,8192,9,5,4,645881850,9,645890042,0,8156,12.9912,8120,2,0x41b0ebf9da,1022,7429,0,36,79803,8156,12.9912,8120,36,79775
2524000,8192,9,5,4,646143991,9,646152183,0,8162,12.9927,8132,2,0xe773b4ef04,0,3,0,30,79833,8162,12.9927,8132,30,79805
2525000,8192,9,5,4,646397946,9,646406138,0,8156,12.9910,8122,3,0xed843bd45f,988,7426,0,34,79867,8156,12.9910,8122,34,79839
2526000,8192,9,5,4,646651898,9,646660090,0,8158,12.9917,8124,2,0x6501ba7391,974,7412,0,34,79901,8158,12.9917,8124,34,79873
2527000,8192,9,5,4,646905850,9,646914042,0,8160,12.9922,8128,2,0x5547504521,997,7412,0,32,79933,8160,12.9922,8128,32,79905
2528000,8192,9,5,4,647167991,9,647176183,0,8158,12.9916,8125,3,0x5ee8390ace,0,3,0,33,79966,8158,12.9916,8125,33,79938
2529000,8192,9,5,4,647421946,9,647430138,0,8157,12.9915,8122,2,0xf2cc66a465,936,7382,0,35,80001,8157,12.9915,8122,35,79973
2530000,8192,9,5,4,647675898,9,647684090,0,8163,12.9929,8134,2,0x89433f3b1e,974,7438,0,29,80030,8163,12.9929,8134,29,80002
2531000,8192,9,5,4,647929850,9,647938042,0,8164,12.9932,8136,2,0x5f431f7bae,938,7401,0,28,80058,8164,12.9932,8136,28,80030
2532000,8192,9,5,4,648191991,9,648200183,0,8163,12.9929,8134,2,0x03269ded4f,0,3,0,29,80087,8163,12.9929,8134,29,80059
2533000,8192,9,5,4,648445946,9,648454138,0,8157,12.9915,8122,2,0x664712a58f,1015,7434,0,35,80122,8157,12.9915,8122,35,80094
2534000,8192,9,5,4,648699898,9,648708090,0,8163,12.9929,8134,2,0x9781a102c9,938,7365,0,29,80151,8163,12.9929,8134,29,80123
2535000,8192,9,5,4,648953850,9,648962042,0,8159,12.9919,8126,2,0x3fbcb1695c,984,7441,0,33,80184,8159,12.9919,8126,33,80156
2536000,8192,9,5,4,649215991,9,649224183,0,8159,12.9919,8126,2,0x74f8c17fbd,0,3,0,33,80217,8159,12.9919,8126,33,80189
2537000,8192,9,5,4,649469946,9,649478138,0,8158,12.9917,8124,2,0x378e461496,990,7440,0,34,80251,8158,12.9917,8124,34,80223
2538000,8192,9,5,4,649723898,9,649732090,0,8163,12.9929,8134,2,0xd03b8576ac,1030,7422,0,29,80280,8163,12.9929,8134,29,80252
2539000,8192,9,5,4,649977850,9,649986042,0,8154,12.9907,8116,2,0x9c32da32a6,995,7460,0,38,80318,8154,12.9907,8116,38,80290
2540000,8192,9,5,4,650239991,9,650248183,0,8166,12.9937,8140,2,0x3fe8084ce5,0,3,0,26,80344,8166,12.9937,8140,26,80316
2541000,8192,9,5,4,650493946,9,650502138,0,8168,12.9941,8144,2,0x211422fb4a,976,7407,0,24,80368,8168,12.9941,8144,24,80340
2542000,8192,9,5,4,650747898,9,650756090,0,8163,12.9929,8134,2,0x5265cb35ef,1016,7421,0,29,80397,8164,12.9932,8136,28,80368
2543000,8192,9,5,4,651001850,9,651010042,0,8160,12.9922,8128,2,0xd5a6d18319,996,7403,0,32,80429,8160,12.9922,8128,32,80400
2544000,8192,9,5,4,651263991,9,651272183,0,8160,12.9922,8128,2,0xf10f5bcb6d,0,3,0,32,80461,8160,12.9922,8128,32,80432
2545000,8192,9,5,4,651517946,9,651526138,0,8164,12.9932,8136,2,0x274c6a1f07,943,7422,0,28,80489,8164,12.9932,8136,28,80460
2546000,8192,9,5,4,651771898,9,651780090,0,8163,12.9929,8134,2,0x094f2f9901,969,7402,0,29,80518,8163,12.9929,8134,29,80489
2547000,8192,9,5,4,652025850,9,652034042,0,8169,12.9943,8147,3,0x76ddc0ad4b,911,7416,0,22,80540,8169,12.9943,8147,22,80511
2548000,8192,9,5,4,652287991,9,652296183,0,8164,12.9932,8136,2,0x20e61dc85c,0,3,0,28,80568,8164,12.9932,8136,28,80539
2549000,8192,9,5,4,652541946,9,652550138,0,8163,12.9929,8134,2,0xc12064f9b9,1015,7385,0,29,80597,8163,12.9929,8134,29,80568
2550000,8192,9,5,4,652795898,9,652804090,0,8148,12.9893,8104,2,0x97a202a163,989,7394,0,44,80641,8148,12.9893,8104,44,80612
2551000,8192,9,5,4,653049850,9,653058042,0,8162,12.9927,8132,2,0x1bf6ab3273,983,7411,0,30,80671,8163,12.9929,8134,29,80641
2552000,8192,9,5,4,653311991,9,653320183,0,8161,12.9924,8130,2,0x651e849730,1,3,0,31,80702,8161,12.9924,8130,31,80672
2553000,8192,9,5,4,653565946,9,653574138,0,8169,12.9944,8146,2,0x92fd4fa84a,924,7376,0,23,80725,8169,12.9944,8146,23,80695
2554000,8192,9,5,4,653819898,9,653828090,0,8163,12.9929,8134,2,0x1bde5a71b1,949,7415,0,29,80754,8163,12.9929,8134,29,80724
2555000,8192,9,5,4,654073850,9,654082042,0,8155,12.9910,8118,2,0x43f3e1e815,1018,7438,0,37,80791,8155,12.9910,8118,37,80761
2556000,8192,9,5,4,654335991,9,654344183,0,8163,12.9929,8134,2,0x717d9d967e,0,3,0,29,80820,8163,12.9929,8134,29,80790
2557000,8192,9,5,4,654589946,9,654598138,0,8162,12.9927,8132,2,0x3371b8b499,970,7452,0,30,80850,8162,12.9927,8132,30,80820
2558000,8192,9,5,4,654843898,9,654852090,0,8160,12.9922,8128,2,0x419adf5d24,1002,7465,0,32,80882,8160,12.9922,8128,32,80852
2559000,8192,9,5,4,655097850,9,655106042,0,8149,12.9895,8106,2,0x8ff07b0a23,988,7428,0,43,80925,8149,12.9895,8106,43,80895
2560000,8192,9,5,4,655359991,9,655368183,0,8164,12.9932,8136,2,0xb2baa671a5,1,3,0,28,80953,8164,12.9932,8136,28,80923
2561000,8192,9,5,4,655613946,9,655622138,0,8165,12.9934,8138,2,0xb9b8b988ac,981,7371,0,27,80980,8165,12.9934,8138,27,80950
2562000,8192,9,5,4,655867898,9,655876090,0,8156,12.9912,8120,2,0x35d487d66d,960,7398,0,36,81016,8156,12.9912,8120,36,80986
2563000,8192,9,5,4,656121850,9,656130042,0,8159,12.9919,8127,3,0x7606ae24c1,970,7409,0,32,81048,8159,12.9919,8127,32,81018
2564000,8192,9,5,4,656383991,9,656392183,0,8150,12.9897,8108,2,0x159800087c,0,3,0,42,81090,8150,12.9897,8108,42,81060
2565000,8192,9,5,4,656637946,9,656646138,0,8154,12.9907,8116,2,0xa0ead339e9,964,7382,0,38,81128,8154,12.9907,8116,38,81098
2566000,8192,9,5,4,656891898,9,656900090,0,8163,12.9929,8134,2,0x2dcee2c5e2,968,7428,0,29,81157,8163,12.9929,8134,29,81127
2567000,8192,9,5,4,657145850,9,657154042,0,8165,12.9934,8138,2,0xd856fe23e2,961,7428,0,27,81184,8165,12.9934,8138,27,81154
2568000,8192,9,5,4,657407991,9,657416183,0,8154,12.9907,8116,2,0xb8fa1012c6,0,3,0,38,81222,8154,12.9907,8116,38,81192
2569000,8192,9,5,4,657661946,9,657670138,0,8163,12.9929,8134,2,0xb51d7612c0,968,7374,0,29,81251,8163,12.9929,8134,29,81221
2570000,8192,9,5,4,657915898,9,657924090,0,8155,12.9910,8118,2,0xc9a1abf857,982,7469,0,37,81288,8156,12.9912,8120,36,81257
2571000,8192,9,5,4,658169850,9,658178042,0,8157,12.9915,8122,2,0xf3e0128a20,973,7427,0,35,81323,8157,12.9915,8122,35,81292
2572000,8192,9,5,4,658431991,9,658440183,0,8154,12.9907,8116,2,0x7612851cd7,1,1,0,38,81361,8154,12.9907,8116,38,81330
2573000,8192,9,5,4,658685946,9,658694138,0,8154,12.9907,8116,2,0xfa24f3c1ec,1021,7415,0,38,81399,8154,12.9907,8116,38,81368
2574000,8192,9,5,4,658939898,9,658948090,0,8161,12.9924,8130,2,0x356f7e0bfc,968,7405,0,31,81430,8161,12.9924,8130,31,81399
2575000,8192,9,5,4,659193850,9,659202042,0,8161,12.9924,8130,2,0x9e9133242d,992,7459,0,31,81461,8161,12.9924,8130,31,81430
2576000,8192,9,5,4,659455991,9,659464183,0,8163,12.9929,8134,2,0x05624291c1,1,3,0,29,81490,8163,12.9929,8134,29,81459
2577000,8192,9,5,4,659709946,9,659718138,0,8163,12.9928,8135,3,0x3c1d005b1f,973,7394,0,28,81518,8163,12.9928,8135,28,81487
2578000,8192,9,5,4,659963898,9,659972090,0,8156,12.9912,8120,2,0x2859b0ba08,1001,7463,0,36,81554,8156,12.9912,8120,36,81523
2579000,8192,9,5,4,660217850,9,660226042,0,8164,12.9932,8136,2,0x592b1a5a5e,1080,7447,0,28,81582,8164,12.9932,8136,28,81551
2580000,8192,9,5,4,660479991,9,660488183,0,8167,12.9939,8142,2,0x911467cd09,0,3,0,25,81607,8167,12.9939,8142,25,81576
2581000,8192,9,5,4,660733946,9,660742138,0,8162,12.9927,8132,2,0x43c30ad673,1006,7406,0,30,81637,8162,12.9927,8132,30,81606
2582000,8192,9,5,4,660987898,9,660996090,0,8165,12.9934,8138,2,0xde86335b6a,977,7433,0,27,81664,8165,12.9934,8138,27,81633
2583000,8192,9,5,4,661241850,9,661250042,0,8148,12.9893,8104,2,0xcc4f6ddb9c,950,7390,0,44,81708,8148,12.9893,8104,44,81677
2584000,8192,9,5,4,661503991,9,661512183,0,8157,12.9915,8122,2,0x1a379d723c,2,3,0,35,81743,8157,12.9915,8122,35,81712
2585000,8192,9,5,4,661757946,9,661766138,0,8157,12.9915,8122,2,0x3d04d88f02,1012,7459,0,35,81778,8157,12.9915,8122,35,81747
2586000,8192,9,5,4,662011898,9,662020090,0,8159,12.9919,8126,2,0xdc60a65e44,974,7429,0,33,81811,8159,12.9919,8126,33,81780
2587000,8192,9,5,4,662265850,9,662274042,0,8151,12.9900,8110,2,0x62d6280463,1000,7425,0,41,81852,8151,12.9900,8110,41,81821
2588000,8192,9,5,4,662527991,9,662536183,0,8155,12.9910,8118,2,0x6691b261f5,1,3,0,37,81889,8155,12.9910,8118,37,81858
2589000,8192,9,5,4,662781946,9,662790138,0,8157,12.9914,8123,3,0xfc0d2bf428,975,7438,0,34,81923,8157,12.9914,8123,34,81892
2590000,8192,9,5,4,663035898,9,663044090,0,8159,12.9919,8126,2,0x43dfba72ad,990,7406,0,33,81956,8159,12.9919,8126,33,81925
2591000,8192,9,5,4,663289850,9,663298042,0,8154,12.9907,8116,2,0x1952c12228,948,7441,0,38,81994,8154,12.9907,8116,38,81963
2592000,8192,9,5,4,663551991,9,663560183,0,8166,12.9937,8140,2,0xd6e692556e,1,2,0,26,82020,8166,12.9937,8140,26,81989
2593000,8192,9,5,4,663805946,9,663814138,0,8162,12.9927,8132,2,0xcec5673e36,972,7429,0,30,82050,8162,12.9927,8132,30,82019
2594000,8192,9,5,4,664059898,9,664068090,0,8161,12.9924,8130,2,0x982841c5b2,985,7438,0,31,82081,8161,12.9924,8130,31,82050
2595000,8192,9,5,4,664313850,9,664322042,0,8158,12.9916,8125,3,0xd3d4664083,993,7385,0,33,82114,8158,12.9916,8125,33,82083
2596000,8192,9,5,4,664575991,9,664584183,0,8160,12.9922,8128,2,0xed7de7b95f,1,3,0,32,82146,8160,12.9922,8128,32,82115
2597000,8192,9,5,4,664829946,9,664838138,0,8155,12.9909,8119,3,0x0ca64a4fe2,984,7367,0,36,82182,8155,12.9909,8119,36,82151
2598000,8192,9,5,4,665083898,9,665092090,0,8159,12.9919,8126,2,0xe3b3278e6f,984,7431,0,33,82215,8159,12.9919,8126,33,82184
2599000,8192,9,5,4,665337850,9,665346042,0,8156,12.9911,8121,3,0xe12e365b43,935,7388,0,35,82250,8156,12.9911,8121,35,82219
2600000,8192,9,5,4,665599991,9,665608183,0,8158,12.9917,8124,2,0x3e5e7bef8f,0,2,0,34,82284,8158,12.9917,8124,34,82253
2601000,8192,9,5,4,665853946,9,665862138,0,8157,12.9915,8122,2,0x322f05efee,1026,7401,0,35,82319,8157,12.9915,8122,35,82288
2602000,8192,9,5,4,666107898,9,666116090,0,8151,12.9900,8110,2,0x25e621ece3,984,7394,0,41,82360,8151,12.9900,8110,41,82329
2603000,8192,9,5,4,666361850,9,666370042,0,8166,12.9937,8140,2,0x57856e1ace,988,7416,0,26,82386,8166,12.9937,8140,26,82355
2604000,8192,9,5,4,666623991,9,666632183,0,8168,12.9941,8144,2,0xd804ac266a,1,2,0,24,82410,8168,12.9941,8144,24,82379
2605000,8192,9,5,4,666877946,9,666886138,0,8156,12.9912,8120,2,0x29ef87bac2,1009,7443,0,36,82446,8156,12.9912,8120,36,82415
2606000,8192,9,5,4,667131898,9,667140090,0,8160,12.9922,8128,2,0xebd3db0f80,969,7394,0,32,82478,8160,12.9922,8128,32,82447
2607000,8192,9,5,4,667385850,9,667394042,0,8166,12.9937,8140,2,0x04d94a8b1e,942,7408,0,26,82504,8166,12.9937,8140,26,82473
2608000,8192,9,5,4,667647991,9,667656183,0,8164,12.9932,8136,2,0x44523908d1,0,3,0,28,82532,8164,12.9932,8136,28,82501
2609000,8192,9,5,4,667901946,9,667910138,0,8159,12.9919,8126,2,0x5bc2dc88e7,927,7376,0,33,82565,8159,12.9919,8126,33,82534
2610000,8192,9,5,4,668155898,9,668164090,0,8168,12.9941,8144,2,0x59e3404247,992,7414,0,24,82589,8168,12.9941,8144,24,82558
2611000,8192,9,5,4,668409850,9,668418042,0,8172,12.9951,8152,2,0x2c0b463c82,930,7425,0,20,82609,8172,12.9951,8152,20,82578
2612000,8192,9,5,4,668671991,9,668680183,0,8159,12.9919,8126,2,0x51c79f8333,0,3,0,33,82642,8159,12.9919,8126,33,82611
2613000,8192,9,5,4,668925946,9,668934138,0,8159,12.9919,8126,2,0x7237e6b905,925,7356,0,33,82675,8159,12.9919,8126,33,82644
2614000,8192,9,5,4,669179898,9,669188090,0,8163,12.9929,8134,2,0x3fece00b5e,976,7422,0,29,82704,8163,12.9929,8134,29,82673
2615000,8192,9,5,4,669433850,9,669442042,0,8154,12.9907,8116,2,0xfa51acf867,935,7371,0,38,82742,8154,12.9907,8116,38,82711
2616000,8192,9,5,4,669695991,9,669704183,0,8161,12.9924,8130,2,0x1ef86360a4,0,2,0,31,82773,8161,12.9924,8130,31,82742
2617000,8192,9,5,4,669949946,9,669958138,0,8160,12.9922,8128,2,0xb434c208a3,1000,7435,0,32,82805,8160,12.9922,8128,32,82774
2618000,8192,9,5,4,670203898,9,670212090,0,8161,12.9924,8130,2,0x133b3e6eb5,991,7438,0,31,82836,8161,12.9924,8130,31,82805
2619000,8192,9,5,4,670457850,9,670466042,0,8149,12.9895,8106,2,0x76f0686b0b,1007,7388,0,43,82879,8149,12.9895,8106,43,82848
2620000,8192,9,5,4,670719991,9,670728183,0,8159,12.9919,8126,2,0xd51d83678a,0,3,0,33,82912,8159,12.9919,8126,33,82881
2621000,8192,9,5,4,670973946,9,670982138,0,8167,12.9939,8142,2,0xc127bb2508,988,7410,0,25,82937,8167,12.9939,8142,25,82906
2622000,8192,9,5,4,671227898,9,671236090,0,8162,12.9927,8132,2,0x3abd7c6a31,959,7437,0,30,82967,8162,12.9927,8132,30,82936
2623000,8192,9,5,4,671481850,9,671490042,0,8160,12.9921,8129,3,0x5fa6ddeca2,1005,7405,0,31,82998,8160,12.9921,8129,31,82967
2624000,8192,9,5,4,671743991,9,671752183,0,8155,12.9908,8120,3,0x188bcbb5e2,0,3,0,35,83033,8155,12.9908,8120,35,83002
2625000,8192,9,5,4,671997946,9,672006138,0,8147,12.9890,8102,2,0x30f5234c8e,951,7399,0,45,83078,8147,12.9890,8102,45,83047
2626000,8192,9,5,4,672251898,9,672260090,0,8162,12.9927,8132,2,0xdbbe6ebf63,969,7382,0,30,83108,8162,12.9927,8132,30,83077
2627000,8192,9,5,4,672505850,9,672514042,0,8151,12.9900,8110,2,0x1f128cb399,1016,7446,0,41,83149,8151,12.9900,8110,41,83118
2628000,8192,9,5,4,672767991,9,672776183,0,8173,12.9954,8154,2,0xe407591313,1,3,0,19,83168,8173,12.9954,8154,19,83137
2629000,8192,9,5,4,673021946,9,673030138,0,8158,12.9917,8124,2,0x11cb8831b1,1031,7458,0,34,83202,8158,12.9917,8124,34,83171
2630000,8192,9,5,4,673275898,9,673284090,0,8158,12.9917,8124,2,0xb51e41f4a4,984,7407,0,34,83236,8158,12.9917,8124,34,83205
2631000,8192,9,5,4,673529850,9,673538042,0,8165,12.9934,8138,2,0xa2d77ea732,975,7443,0,27,83263,8165,12.9934,8138,27,83232
2632000,8192,9,5,4,673791991,9,673800183,0,8160,12.9922,8128,2,0x682c386600,0,3,0,32,83295,8160,12.9922,8128,32,83264
2633000,8192,9,5,4,674045946,9,674054138,0,8159,12.9919,8126,2,0xd3f56c63c2,935,7441,0,33,83328,8159,12.9919,8126,33,83297
2634000,8192,9,5,4,674299898,9,674308090,0,8167,12.9939,8142,2,0x8ebd9d48b6,971,7402,0,25,83353,8167,12.9939,8142,25,83322
2635000,8192,9,5,4,674553850,9,674562042,0,8161,12.9924,8130,2,0x79b20f2514,971,7454,0,31,83384,8161,12.9924,8130,31,83353
2636000,8192,9,5,4,674815991,9,674824183,0,8156,12.9911,8121,3,0xc047db58c5,0,2,0,35,83419,8156,12.9911,8121,35,83388
2637000,8192,9,5,4,675069946,9,675078138,0,8169,12.9944,8146,2,0xfee7d2a50c,964,7392,0,23,83442,8169,12.9944,8146,23,83411
2638000,8192,9,5,4,675323898,9,675332090,0,8159,12.9919,8126,2,0xcb5c42bb27,998,7419,0,33,83475,8159,12.9919,8126,33,83444
2639000,8192,9,5,4,675577850,9,675586042,0,8158,12.9917,8124,2,0x31ab8a47a6,961,7439,0,34,83509,8158,12.9917,8124,34,83478
2640000,8192,9,5,4,675839991,9,675848183,0,8158,12.9916,8125,3,0xe3ef4bde7b,1,3,0,33,83542,8158,12.9916,8125,33,83511
2641000,8192,9,5,4,676093946,9,676102138,0,8161,12.9924,8130,2,0x9e83873136,976,7426,0,31,83573,8161,12.9924,8130,31,83542
2642000,8192,9,5,4,676347898,9,676356090,0,8141,12.9875,8091,3,0x39645fb28d,897,7381,0,50,83623,8141,12.9875,8091,50,83592
2643000,8192,9,5,4,676601850,9,676610042,0,8163,12.9929,8134,2,0x5fe365fb17,1000,7451,0,29,83652,8163,12.9929,8134,29,83621
2644000,8192,9,5,4,676863991,9,676872183,0,8156,12.9912,8120,2,0x96bc85d623,0,3,0,36,83688,8156,12.9912,8120,36,83657
2645000,8192,9,5,4,677117946,9,677126138,0,8159,12.9919,8126,2,0x3ff3f72130,973,7405,0,33,83721,8159,12.9919,8126,33,83690
2646000,8192,9,5,4,677371898,9,677380090,0,8158,12.9917,8124,2,0x0d697c2ce0,996,7468,0,34,83755,8158,12.9917,8124,34,83724
2647000,8192,9,5,4,677625850,9,677634042,0,8153,12.9905,8114,2,0x13f507220d,930,7411,0,39,83794,8153,12.9905,8114,39,83763
2648000,8192,9,5,4,677887991,9,677896183,0,8155,12.9910,8118,2,0x589f165a72,1,3,0,37,83831,8155,12.9910,8118,37,83800
2649000,8192,9,5,4,678141946,9,678150138,0,8157,12.9915,8122,2,0xfd582209bb,995,7430,0,35,83866,8157,12.9915,8122,35,83835
2650000,8192,9,5,4,678395898,9,678404090,0,8156,12.9912,8120,2,0xcd72f8685e,959,7391,0,36,83902,8156,12.9912,8120,36,83871
2651000,8192,9,5,4,678649850,9,678658042,0,8161,12.9924,8130,2,0xb601c18d44,973,7445,0,31,83933,8161,12.9924,8130,31,83902
2652000,8192,9,5,4,678911991,9,678920183,0,8159,12.9919,8126,2,0xefbf0ef048,0,3,0,33,83966,8159,12.9919,8126,33,83935
2653000,8192,9,5,4,679165946,9,679174138,0,8162,12.9927,8132,2,0x01dd752f5f,920,7416,0,30,83996,8162,12.9927,8132,30,83965
2654000,8192,9,5,4,679419898,9,679428090,0,8163,12.9929,8134,2,0x83d72e3118,992,7421,0,29,84025,8163,12.9929,8134,29,83994
2655000,8192,9,5,4,679673850,9,679682042,0,8162,12.9927,8132,2,0xc16f07d018,1021,7413,0,30,84055,8162,12.9927,8132,30,84024
2656000,8192,9,5,4,679935991,9,679944183,0,8157,12.9915,8122,2,0x92b8313c78,0,3,0,35,84090,8157,12.9915,8122,35,84059
2657000,8192,9,5,4,680189946,9,680198138,0,8164,12.9932,8136,2,0x2bc59255c5,961,7424,0,28,84118,8164,12.9932,8136,28,84087
2658000,8192,9,5,4,680443898,9,680452090,0,8154,12.9907,8116,2,0x3807d08dbe,981,7419,0,38,84156,8154,12.9907,8116,38,84125
2659000,8192,9,5,4,680697850,9,680706042,0,8158,12.9917,8124,2,0x74d8ed5d75,974,7456,0,34,84190,8158,12.9917,8124,34,84159
2660000,8192,9,5,4,680959991,9,680968183,0,8149,12.9895,8106,2,0xbcc26ccba9,0,1,0,43,84233,8149,12.9895,8106,43,84202
2661000,8192,9,5,4,681213946,9,681222138,0,8157,12.9915,8122,2,0xc715b42633,995,7465,0,35,84268,8157,12.9915,8122,35,84237
2662000,8192,9,5,4,681467898,9,681476090,0,8166,12.9937,8140,2,0x610cd97a03,943,7418,0,26,84294,8166,12.9937,8140,26,84263
2663000,8192,9,5,4,681721850,9,681730042,0,8151,12.9900,8110,2,0x1b219b1dc3,975,7389,0,41,84335,8151,12.9900,8110,41,84304
2664000,8192,9,5,4,681983991,9,681992183,0,8156,12.9912,8120,2,0x4e861eaf60,0,3,0,36,84371,8156,12.9912,8120,36,84340
2665000,8192,9,5,4,682237946,9,682246138,0,8158,12.9917,8124,2,0xff8ee89848,999,7457,0,34,84405,8158,12.9917,8124,34,84374
2666000,8192,9,5,4,682491898,9,682500090,0,8153,12.9905,8114,2,0x0d136dfb51,1008,7439,0,39,84444,8153,12.9905,8114,39,84413
2667000,8192,9,5,4,682745850,9,682754042,0,8157,12.9915,8122,2,0xdcde693247,982,7404,0,35,84479,8157,12.9915,8122,35,84448
2668000,8192,9,5,4,683007991,9,683016183,0,8163,12.9929,8134,2,0x1465458d29,0,3,0,29,84508,8163,12.9929,8134,29,84477
2669000,8192,9,5,4,683261946,9,683270138,0,8157,12.9915,8122,2,0x40cb731737,951,7422,0,35,84543,8157,12.9915,8122,35,84512
2670000,8192,9,5,4,683515898,9,683524090,0,8153,12.9905,8114,2,0xdb5bdeac4f,1006,7450,0,39,84582,8153,12.9905,8114,39,84551
2671000,8192,9,5,4,683769850,9,683778042,0,8156,12.9912,8120,2,0x37b6693bff,983,7442,0,36,84618,8156,12.9912,8120,36,84587
2672000,8192,9,5,4,684031991,9,684040183,0,8166,12.9937,8140,2,0x6d9800b398,1,2,0,26,84644,8166,12.9937,8140,26,84613
2673000,8192,9,5,4,684285946,9,684294138,0,8160,12.9922,8128,2,0x49dac0fd01,965,7384,0,32,84676,8160,12.9922,8128,32,84645
2674000,8192,9,5,4,684539898,9,684548090,0,8164,12.9932,8136,2,0xdbc71fb3c0,889,7419,0,28,84704,8164,12.9932,8136,28,84673
2675000,8192,9,5,4,684793850,9,684802042,0,8165,12.9934,8138,2,0x7eac039d39,964,7418,0,27,84731,8165,12.9934,8138,27,84700
2676000,8192,9,5,4,685055991,9,685064183,0,8169,12.9944,8146,2,0x71063b1204,0,3,0,23,84754,8169,12.9944,8146,23,84723
2677000,8192,9,5,4,685309946,9,685318138,0,8146,12.9888,8100,2,0xd92ec342bd,1014,7451,0,46,84800,8146,12.9888,8100,46,84769
2678000,8192,9,5,4,685563898,9,685572090,0,8165,12.9934,8138,2,0x244984733b,957,7440,0,27,84827,8165,12.9934,8138,27,84796
2679000,8192,9,5,4,685817850,9,685826042,0,8163,12.9929,8134,2,0x7da1f5f357,942,7407,0,29,84856,8163,12.9929,8134,29,84825
2680000,8192,9,5,4,686079991,9,686088183,0,8157,12.9915,8122,2,0xa954202537,0,2,0,35,84891,8157,12.9915,8122,35,84860
2681000,8192,9,5,4,686333946,9,686342138,0,8162,12.9927,8132,2,0x01049ef4a6,943,7427,0,30,84921,8162,12.9927,8132,30,84890
2682000,8192,9,5,4,686587898,9,686596090,0,8158,12.9917,8124,2,0xc08baa86f6,966,7426,0,34,84955,8158,12.9917,8124,34,84924
2683000,8192,9,5,4,686841850,9,686850042,0,8158,12.9917,8124,2,0x2f62918db0,953,7417,0,34,84989,8158,12.9917,8124,34,84958
2684000,8192,9,5,4,687103991,9,687112183,0,8167,12.9939,8142,2,0xdfabf30443,1,3,0,25,85014,8167,12.9939,8142,25,84983
2685000,8192,9,5,4,687357946,9,687366138,0,8158,12.9917,8124,2,0x5578229eb5,947,7403,0,34,85048,8158,12.9917,8124,34,85017
2686000,8192,9,5,4,687611898,9,687620090,0,8153,12.9905,8114,2,0x726be132dd,1008,7475,0,39,85087,8153,12.9905,8114,39,85056
2687000,8192,9,5,4,687865850,9,687874042,0,8157,12.9915,8122,2,0xb93388461a,998,7419,0,35,85122,8157,12.9915,8122,35,85091
2688000,8192,9,5,4,688127991,9,688136183,0,8152,12.9902,8112,2,0x6b40e5c16b,0,3,0,40,85162,8152,12.9902,8112,40,85131
2689000,8192,9,5,4,688381946,9,688390138,0,8151,12.9900,8110,2,0x5c84e5588f,988,7398,0,41,85203,8151,12.9900,8110,41,85172
2690000,8192,9,5,4,688635898,9,688644090,0,8167,12.9939,8142,2,0xf2ceef84e8,1068,7457,0,25,85228,8167,12.9939,8142,25,85197
2691000,8192,9,5,4,688889850,9,688898042,0,8160,12.9922,8128,2,0x31b06ea144,985,7419,0,32,85260,8160,12.9922,8128,32,85229
2692000,8192,9,5,4,689151991,9,689160183,0,8161,12.9924,8130,2,0xfb463d2afa,0,3,0,31,85291,8161,12.9924,8130,31,85260
2693000,8192,9,5,4,689405946,9,689414138,0,8167,12.9939,8142,2,0x6113c80af6,1002,7413,0,25,85316,8167,12.9939,8142,25,85285
2694000,8192,9,5,4,689659898,9,689668090,0,8155,12.9910,8118,2,0x561dd3d059,1005,7404,0,37,85353,8155,12.9910,8118,37,85322
2695000,8192,9,5,4,689913850,9,689922042,0,8153,12.9905,8114,2,0xdb922d0432,963,7419,0,39,85392,8153,12.9905,8114,39,85361
2696000,8192,9,5,4,690175991,9,690184183,0,8171,12.9949,8150,2,0xb72f27e2fc,1,3,0,21,85413,8171,12.9949,8150,21,85382
2697000,8192,9,5,4,690429946,9,690438138,0,8159,12.9919,8126,2,0x3311cb39ae,1015,7474,0,33,85446,8159,12.9919,8126,33,85415
2698000,8192,9,5,4,690683898,9,690692090,0,8160,12.9922,8128,2,0xa85315340a,960,7395,0,32,85478,8160,12.9922,8128,32,85447
2699000,8192,9,5,4,690937850,9,690946042,0,8148,12.9892,8105,3,0xc027346885,1026,7435,0,43,85521,8148,12.9892,8105,43,85490
2700000,8192,9,5,4,691199991,9,691208183,0,8166,12.9937,8140,2,0x51fb69ce40,1,3,0,26,85547,8166,12.9937,8140,26,85516
2701000,8192,9,5,4,691453946,9,691462138,0,8161,12.9924,8130,2,0x13755e1d28,997,7356,0,31,85578,8161,12.9924,8130,31,85547
2702000,8192,9,5,4,691707898,9,691716090,0,8152,12.9902,8112,2,0xd0a420ffbd,1012,7431,0,40,85618,8152,12.9902,8112,40,85587
2703000,8192,9,5,4,691961850,9,691970042,0,8159,12.9919,8126,2,0x0000d8f794,1009,7434,0,33,85651,8159,12.9919,8126,33,85620
2704000,8192,9,5,4,692223991,9,692232183,0,8158,12.9917,8124,2,0x7123f1bc35,0,3,0,34,85685,8158,12.9917,8124,34,85654
2705000,8192,9,5,4,692477946,9,692486138,0,8163,12.9929,8134,2,0x8850c13284,951,7418,0,29,85714,8163,12.9929,8134,29,85683
2706000,8192,9,5,4,692731898,9,692740090,0,8155,12.9910,8118,2,0x256d7c0ad8,1007,7465,0,37,85751,8155,12.9910,8118,37,85720
2707000,8192,9,5,4,692985850,9,692994042,0,8162,12.9927,8132,2,0xe6ca13f9bb,987,7426,0,30,85781,8162,12.9927,8132,30,85750
2708000,8192,9,5,4,693247991,9,693256183,0,8150,12.9897,8108,2,0x7e3a84a713,0,3,0,42,85823,8150,12.9897,8108,42,85792
2709000,8192,9,5,4,693501946,9,693510138,0,8163,12.9928,8135,3,0x4a9e4b9cd6,982,7403,0,28,85851,8163,12.9928,8135,28,85820
2710000,8192,9,5,4,693755898,9,693764090,0,8161,12.9924,8130,2,0x9f0f981203,976,7422,0,31,85882,8161,12.9924,8130,31,85851
2711000,8192,9,5,4,694009850,9,694018042,0,8172,12.9951,8152,2,0x2954d26915,967,7376,0,20,85902,8172,12.9951,8152,20,85871
2712000,8192,9,5,4,694271991,9,694280183,0,8166,12.9937,8140,2,0x5db50d1f90,0,2,0,26,85928,8166,12.9937,8140,26,85897
2713000,8192,9,5,4,694525946,9,694534138,0,8155,12.9910,8118,2,0xe1774cdf07,975,7412,0,37,85965,8155,12.9910,8118,37,85934
2714000,8192,9,5,4,694779898,9,694788090,0,8157,12.9915,8122,2,0x6abcee12d6,973,7399,0,35,86000,8157,12.9915,8122,35,85969
2715000,8192,9,5,4,695033850,9,695042042,0,8165,12.9934,8138,2,0x8647aa0325,986,7423,0,27,86027,8165,12.9934,8138,27,85996
2716000,8192,9,5,4,695295991,9,695304183,0,8153,12.9905,8114,2,0x7a3c93dabe,0,3,0,39,86066,8153,12.9905,8114,39,86035
2717000,8192,9,5,4,695549946,9,695558138,0,8158,12.9917,8124,2,0x3bc48fe6c7,1027,7430,0,34,86100,8158,12.9917,8124,34,86069
2718000,8192,9,5,4,695803898,9,695812090,0,8153,12.9905,8114,2,0x700b704c2b,949,7413,0,39,86139,8153,12.9905,8114,39,86108
2719000,8192,9,5,4,696057850,9,696066042,0,8164,12.9932,8136,2,0x0a5d5fd8a5,966,7416,0,28,86167,8164,12.9932,8136,28,86136
2720000,8192,9,5,4,696319991,9,696328183,0,8167,12.9939,8142,2,0x2d7bc7aeb7,0,1,0,25,86192,8167,12.9939,8142,25,86161
2721000,8192,9,5,4,696573946,9,696582138,0,8159,12.9919,8126,2,0xb715897a58,943,7426,0,33,86225,8159,12.9919,8126,33,86194
2722000,8192,9,5,4,696827898,9,696836090,0,8154,12.9907,8116,2,0x601789adc2,1002,7405,0,38,86263,8154,12.9907,8116,38,86232
2723000,8192,9,5,4,697081850,9,697090042,0,8153,12.9905,8114,2,0x9059489053,982,7431,0,39,86302,8153,12.9905,8114,39,86271
2724000,8192,9,5,4,697343991,9,697352183,0,8156,12.9912,8120,2,0xe14fca873a,0,2,0,36,86338,8156,12.9912,8120,36,86307
2725000,8192,9,5,4,697597946,9,697606138,0,8147,12.9890,8102,2,0xd25a7ada88,985,7433,0,45,86383,8147,12.9890,8102,45,86352
2726000,8192,9,5,4,697851898,9,697860090,0,8153,12.9905,8114,2,0x581be22b62,968,7444,0,39,86422,8153,12.9905,8114,39,86391
2727000,8192,9,5,4,698105850,9,698114042,0,8163,12.9929,8134,2,0x0aa6bf120d,996,7440,0,29,86451,8163,12.9929,8134,29,86420
2728000,8192,9,5,4,698367991,9,698376183,0,8149,12.9895,8106,2,0x8d48c95123,0,3,0,43,86494,8149,12.9895,8106,43,86463
2729000,8192,9,5,4,698621946,9,698630138,0,8159,12.9919,8126,2,0xc2c91b54ae,968,7358,0,33,86527,8159,12.9919,8126,33,86496
2730000,8192,9,5,4,698875898,9,698884090,0,8162,12.9927,8132,2,0x3f76e61542,960,7421,0,30,86557,8162,12.9927,8132,30,86526
2731000,8192,9,5,4,699129850,9,699138042,0,8160,12.9922,8128,2,0xee927084d6,976,7392,0,32,86589,8160,12.9922,8128,32,86558
2732000,8192,9,5,4,699391991,9,699400183,0,8155,12.9909,8119,3,0x0e36f952d9,1,3,0,36,86625,8155,12.9909,8119,36,86594
2733000,8192,9,5,4,699645946,9,699654138,0,8162,12.9927,8132,2,0x81a2b03b6b,1008,7393,0,30,86655,8162,12.9927,8132,30,86624
2734000,8192,9,5,4,699899898,9,699908090,0,8158,12.9917,8124,2,0xf4612183e1,901,7451,0,34,86689,8158,12.9917,8124,34,86658
2735000,8192,9,5,4,700153850,9,700162042,0,8165,12.9934,8138,2,0x4c6563febb,1001,7448,0,27,86716,8165,12.9934,8138,27,86685
2736000,8192,9,5,4,700415991,9,700424183,0,8151,12.9900,8110,2,0xc4855b2869,0,2,0,41,86757,8151,12.9900,8110,41,86726
2737000,8192,9,5,4,700669946,9,700678138,0,8161,12.9924,8130,2,0xb2fc2d9e39,960,7436,0,31,86788,8161,12.9924,8130,31,86757
2738000,8192,9,5,4,700923898,9,700932090,0,8160,12.9922,8128,2,0x920c685889,990,7408,0,32,86820,8160,12.9922,8128,32,86789
2739000,8192,9,5,4,701177850,9,701186042,0,8152,12.9902,8112,2,0xf6778cdf4d,1036,7446,0,40,86860,8152,12.9902,8112,40,86829
2740000,8192,9,5,4,701439991,9,701448183,0,8160,12.9922,8128,2,0x2d8ababd60,0,2,0,32,86892,8160,12.9922,8128,32,86861
2741000,8192,9,5,4,701693946,9,701702138,0,8162,12.9927,8132,2,0xf66a113f62,954,7403,0,30,86922,8162,12.9927,8132,30,86891
2742000,8192,9,5,4,701947898,9,701956090,0,8164,12.9931,8137,3,0x75cc7749b5,960,7411,0,27,86949,8164,12.9931,8137,27,86918
2743000,8192,9,5,4,702201850,9,702210042,0,8171,12.9949,8150,2,0xc378c210d0,1003,7439,0,21,86970,8171,12.9949,8150,21,86939
2744000,8192,9,5,4,702463991,9,702472183,0,8152,12.9902,8112,2,0xd955be8f24,0,2,0,40,87010,8152,12.9902,8112,40,86979
2745000,8192,9,5,4,702717946,9,702726138,0,8152,12.9902,8112,2,0x15f2376e25,966,7426,0,40,87050,8152,12.9902,8112,40,87019
2746000,8192,9,5,4,702971898,9,702980090,0,8167,12.9939,8142,2,0xcf5d9c2c84,946,7430,0,25,87075,8167,12.9939,8142,25,87044
2747000,8192,9,5,4,703225850,9,703234042,0,8153,12.9905,8114,2,0x479bf43640,970,7399,0,39,87114,8153,12.9905,8114,39,87083
2748000,8192,9,5,4,703487991,9,703496183,0,8160,12.9922,8128,2,0x8f1836cc0a,0,3,0,32,87146,8160,12.9922,8128,32,87115
2749000,8192,9,5,4,703741946,9,703750138,0,8162,12.9927,8132,2,0x709943d1a2,972,7408,0,30,87176,8162,12.9927,8132,30,87145
2750000,8192,9,5,4,703995898,9,704004090,0,8155,12.9910,8118,2,0xabbca43fa5,1004,7412,0,37,87213,8155,12.9910,8118,37,87182
2751000,8192,9,5,4,704249850,9,704258042,0,8153,12.9905,8114,2,0x9859b7104d,1006,7438,0,39,87252,8153,12.9905,8114,39,87221
2752000,8192,9,5,4,704511991,9,704520183,0,8157,12.9915,8122,2,0x6334d14926,1,3,0,35,87287,8157,12.9915,8122,35,87256
2753000,8192,9,5,4,704765946,9,704774138,0,8155,12.9910,8118,2,0xb9f149e7e8,945,7413,0,37,87324,8155,12.9910,8118,37,87293
2754000,8192,9,5,4,705019898,9,705028090,0,8162,12.9927,8132,2,0xba5a3df8a3,959,7421,0,30,87354,8162,12.9927,8132,30,87323
2755000,8192,9,5,4,705273850,9,705282042,0,8154,12.9907,8116,2,0x99cbd5d2ba,942,7412,0,38,87392,8155,12.9910,8118,37,87360
2756000,8192,9,5,4,705535991,9,705544183,0,8167,12.9939,8142,2,0x215417b8bc,1,3,0,25,87417,8167,12.9939,8142,25,87385
2757000,8192,9,5,4,705789946,9,705798138,0,8159,12.9919,8126,2,0xf63b0c9308,981,7436,0,33,87450,8159,12.9919,8126,33,87418
2758000,8192,9,5,4,706043898,9,706052090,0,8167,12.9939,8142,2,0x47812f5fa0,974,7396,0,25,87475,8167,12.9939,8142,25,87443
2759000,8192,9,5,4,706297850,9,706306042,0,8161,12.9924,8130,2,0x6d484ee9bf,959,7398,0,31,87506,8161,12.9924,8130,31,87474
2760000,8192,9,5,4,706559991,9,706568183,0,8162,12.9927,8132,2,0x1c0004e40a,1,3,0,30,87536,8162,12.9927,8132,30,87504
2761000,8192,9,5,4,706813946,9,706822138,0,8162,12.9927,8132,2,0xbbac52c543,1018,7413,0,30,87566,8162,12.9927,8132,30,87534
2762000,8192,9,5,4,707067898,9,707076090,0,8150,12.9897,8108,2,0xb35530b9c9,915,7394,0,42,87608,8150,12.9897,8108,42,87576
2763000,8192,9,5,4,707321850,9,707330042,0,8160,12.9922,8128,2,0xb66e7b55bd,959,7413,0,32,87640,8160,12.9922,8128,32,87608
2764000,8192,9,5,4,707583991,9,707592183,0,8157,12.9915,8122,2,0x78f4335d41,1,2,0,35,87675,8157,12.9915,8122,35,87643
2765000,8192,9,5,4,707837946,9,707846138,0,8158,12.9917,8124,2,0x9935caef22,931,7402,0,34,87709,8158,12.9917,8124,34,87677
2766000,8192,10,6,4,708091897,10,708100089,0,8165,12.9934,8138,2,0x58fa508fb3,1020,7445,0,27,87736,8165,12.9934,8138,27,87704
2767000,8192,10,6,4,708345849,10,708354041,0,8162,12.9927,8132,2,0x29f65504e8,1032,7417,0,30,87766,8162,12.9927,8132,30,87734
2768000,8192,10,6,4,708607990,10,708616182,0,8170,12.9946,8148,2,0x5167aeb66c,2,3,0,22,87788,8170,12.9946,8148,22,87756
2769000,8192,10,6,4,708861945,10,708870137,0,8157,12.9915,8122,2,0x34de40192a,1050,7424,0,35,87823,8157,12.9915,8122,35,87791
2770000,8192,10,6,4,709115897,10,709124089,0,8156,12.9912,8120,2,0x86b18fe913,1040,7400,0,36,87859,8156,12.9912,8120,36,87827
2771000,8192,10,6,4,709369849,10,709378041,0,8148,12.9893,8104,2,0x6b715745fc,1011,7420,0,44,87903,8148,12.9893,8104,44,87871
2772000,8192,10,6,4,709631990,10,709640182,0,8161,12.9924,8130,2,0x8b3d3b6868,1,3,0,31,87934,8161,12.9924,8130,31,87902
2773000,8192,10,6,4,709885945,10,709894137,0,8152,12.9902,8112,2,0xe41996342b,970,7432,0,40,87974,8152,12.9902,8112,40,87942
2774000,8192,10,6,4,710139897,10,710148089,0,8166,12.9937,8140,2,0xa6b16bc04a,1000,7439,0,26,88000,8166,12.9937,8140,26,87968
2775000,8192,10,6,4,710393849,10,710402041,0,8157,12.9915,8122,2,0xaeaf32f684,984,7385,0,35,88035,8157,12.9915,8122,35,88003
2776000,8192,10,6,4,710655990,10,710664182,0,8168,12.9941,8144,2,0x11dc2f6fa6,0,3,0,24,88059,8168,12.9941,8144,24,88027
2777000,8192,10,6,4,710909945,10,710918137,0,8164,12.9932,8136,2,0xaee11b3c26,996,7425,0,28,88087,8164,12.9932,8136,28,88055
2778000,8192,10,6,4,711163897,10,711172089,0,8162,12.9927,8132,2,0x5aee20ab34,1004,7418,0,30,88117,8162,12.9927,8132,30,88085
2779000,8192,10,6,4,711417849,10,711426041,0,8156,12.9911,8121,3,0x502866839f,1036,7445,0,35,88152,8156,12.9911,8121,35,88120
2780000,8192,10,6,4,711679990,10,711688182,0,8153,12.9905,8114,2,0xe75aa4e473,1,3,0,39,88191,8153,12.9905,8114,39,88159
2781000,8192,10,6,4,711933945,10,711942137,0,8155,12.9910,8118,2,0x6360d3e510,996,7394,0,37,88228,8155,12.9910,8118,37,88196
2782000,8192,10,6,4,712187897,10,712196089,0,8151,12.9900,8110,2,0x5bf5a3f264,1020,7458,0,41,88269,8151,12.9900,8110,41,88237
2783000,8192,10,6,4,712441849,10,712450041,0,8164,12.9932,8136,2,0x6007faa8ec,964,7404,0,28,88297,8164,12.9932,8136,28,88265
2784000,8192,10,6,4,712703990,10,712712182,0,8154,12.9906,8117,3,0xdf6bfa145c,0,3,0,37,88334,8154,12.9906,8117,37,88302
2785000,8192,10,6,4,712957945,10,712966137,0,8163,12.9929,8134,2,0x3c26235dbf,980,7399,0,29,88363,8163,12.9929,8134,29,88331
2786000,8192,10,6,4,713211897,10,713220089,0,8166,12.9937,8140,2,0x0c0951ac2c,982,7438,0,26,88389,8166,12.9937,8140,26,88357
2787000,8192,10,6,4,713465849,10,713474041,0,8160,12.9922,8128,2,0xbc103d74a3,1030,7447,0,32,88421,8160,12.9922,8128,32,88389
2788000,8192,10,6,4,713727990,10,713736182,0,8153,12.9905,8114,2,0xf8a50266bd,1,3,0,39,88460,8153,12.9905,8114,39,88428
2789000,8192,10,6,4,713981945,10,713990137,0,8157,12.9914,8123,3,0xb011fecea4,1043,7446,0,34,88494,8157,12.9914,8123,34,88462
2790000,8192,10,6,4,714235897,10,714244089,0,8158,12.9917,8124,2,0x3252a9c507,990,7380,0,34,88528,8158,12.9917,8124,34,88496
2791000,8192,10,6,4,714489849,10,714498041,0,8168,12.9941,8144,2,0xb731140a05,971,7399,0,24,88552,8168,12.9941,8144,24,88520
2792000,8192,10,6,4,714751990,10,714760182,0,8151,12.9900,8110,2,0xaf7ef462a0,1,3,0,41,88593,8151,12.9900,8110,41,88561
2793000,8192,10,6,4,715005945,10,715014137,0,8156,12.9912,8120,2,0xc970f49754,963,7428,0,36,88629,8156,12.9912,8120,36,88597
2794000,8192,10,6,4,715259897,10,715268089,0,8159,12.9919,8126,2,0x5570dafb05,1016,7466,0,33,88662,8159,12.9919,8126,33,88630
2795000,8192,10,6,4,715513849,10,715522041,0,8162,12.9927,8132,2,0x47fb157f33,966,7376,0,30,88692,8162,12.9927,8132,30,88660
2796000,8192,10,6,4,715775990,10,715784182,0,8149,12.9895,8106,2,0xd957d4dd94,1,2,0,43,88735,8149,12.9895,8106,43,88703
2797000,8192,10,6,4,716029945,10,716038137,0,8158,12.9917,8124,2,0xe3542bd891,993,7476,0,34,88769,8158,12.9917,8124,34,88737
2798000,8192,10,6,4,716283897,10,716292089,0,8153,12.9905,8114,2,0x60d79e8b57,995,7428,0,39,88808,8153,12.9905,8114,39,88776
2799000,8192,10,6,4,716537849,10,716546041,0,8161,12.9924,8130,2,0xa29d802cd3,922,7370,0,31,88839,8161,12.9924,8130,31,88807
2800000,8192,10,6,4,716799990,10,716808182,0,8168,12.9940,8145,3,0x1498d4c330,0,3,0,23,88862,8168,12.9940,8145,23,88830
2801000,8192,10,6,4,717053945,10,717062137,0,8164,12.9932,8136,2,0xf0d99cc836,980,7365,0,28,88890,8164,12.9932,8136,28,88858
2802000,8192,10,6,4,717307897,10,717316089,0,8151,12.9900,8110,2,0x530e80144e,995,7415,0,41,88931,8151,12.9900,8110,41,88899
2803000,8192,10,6,4,717561849,10,717570041,0,8163,12.9928,8135,3,0xa5b41b3d99,996,7419,0,28,88959,8163,12.9928,8135,28,88927
2804000,8192,10,6,4,717823990,10,717832182,0,8157,12.9915,8122,2,0x2fd3367c60,1,3,0,35,88994,8157,12.9915,8122,35,88962
2805000,8192,10,6,4,718077945,10,718086137,0,8163,12.9929,8134,2,0x9f10ac8eab,962,7416,0,29,89023,8163,12.9929,8134,29,88991
2806000,8192,10,6,4,718331897,10,718340089,0,8164,12.9932,8136,2,0x1421a6d958,948,7372,0,28,89051,8164,12.9932,8136,28,89019
2807000,8192,10,6,4,718585849,10,718594041,0,8163,12.9929,8134,2,0xaad1b12f98,991,7371,0,29,89080,8163,12.9929,8134,29,89048
2808000,8192,10,6,4,718847990,10,718856182,0,8169,12.9944,8146,2,0xe862b932dc,0,3,0,23,89103,8169,12.9944,8146,23,89071
2809000,8192,10,6,4,719101945,10,719110137,0,8167,12.9939,8142,2,0xc101ce1366,966,7368,0,25,89128,8167,12.9939,8142,25,89096
2810000,8192,10,6,4,719355897,10,719364089,0,8170,12.9946,8148,2,0x523fa613a5,961,7405,0,22,89150,8170,12.9946,8148,22,89118
2811000,8192,10,6,4,719609849,10,719618041,0,8163,12.9929,8134,2,0x3a69fa3d7c,919,7402,0,29,89179,8163,12.9929,8134,29,89147
2812000,8192,10,6,4,719871990,10,719880182,0,8171,12.9949,8150,2,0x9294778082,0,3,0,21,89200,8171,12.9949,8150,21,89168
2813000,8192,10,6,4,720125945,10,720134137,0,8149,12.9895,8106,2,0xe638b82b85,992,7400,0,43,89243,8150,12.9897,8108,42,89210
2814000,8192,10,6,4,720379897,10,720388089,0,8157,12.9915,8122,2,0x9cfd201086,912,7430,0,35,89278,8157,12.9915,8122,35,89245
2815000,8192,10,6,4,720633849,10,720642041,0,8165,12.9933,8139,3,0x01418288fe,960,7421,0,26,89304,8165,12.9933,8139,26,89271
2816000,8192,10,6,4,720895990,10,720904182,0,8152,12.9902,8112,2,0xcb8e462747,0,1,0,40,89344,8152,12.9902,8112,40,89311
2817000,8192,10,6,4,721149945,10,721158137,0,8156,12.9912,8120,2,0xde38fc9c41,986,7355,0,36,89380,8156,12.9912,8120,36,89347
2818000,8192,10,6,4,721403897,10,721412089,0,8146,12.9888,8100,2,0xb83b09f102,974,7462,0,46,89426,8146,12.9888,8100,46,89393
2819000,8192,10,6,4,721657849,10,721666041,0,8166,12.9937,8140,2,0x78032171e2,978,7414,0,26,89452,8166,12.9937,8140,26,89419
2820000,8192,10,6,4,721919990,10,721928182,0,8166,12.9937,8140,2,0xae17bd2e7e,0,0,0,26,89478,8166,12.9937,8140,26,89445
2821000,8192,10,6,4,722173945,10,722182137,0,8153,12.9905,8114,2,0x85b53340bd,1011,7466,0,39,89517,8153,12.9905,8114,39,89484
2822000,8192,10,6,4,722427897,10,722436089,0,8157,12.9914,8123,3,0xa5693e163e,955,7425,0,34,89551,8157,12.9914,8123,34,89518
2823000,8192,10,6,4,722681849,10,722690041,0,8147,12.9890,8102,2,0x6dd50d9f40,958,7406,0,45,89596,8147,12.9890,8102,45,89563
2824000,8192,10,6,4,722943990,10,722952182,0,8159,12.9919,8126,2,0xa4072b39b3,0,3,0,33,89629,8159,12.9919,8126,33,89596
2825000,8192,10,6,4,723197945,10,723206137,0,8147,12.9890,8102,2,0x7a4f9c2787,962,7391,0,45,89674,8147,12.9890,8102,45,89641
2826000,8192,10,6,4,723451897,10,723460089,0,8162,12.9927,8132,2,0xa2ea614da3,973,7409,0,30,89704,8162,12.9927,8132,30,89671
2827000,8192,10,6,4,723705849,10,723714041,0,8165,12.9934,8138,2,0xeb07b1860e,950,7409,0,27,89731,8165,12.9934,8138,27,89698
2828000,8192,10,6,4,723967990,10,723976182,0,8160,12.9922,8128,2,0x391cb99784,2,3,0,32,89763,8160,12.9922,8128,32,89730
2829000,8192,10,6,4,724221945,10,724230137,0,8158,12.9917,8124,2,0x8b59e4f52f,985,7427,0,34,89797,8158,12.9917,8124,34,89764
2830000,8192,10,6,4,724475897,10,724484089,0,8168,12.9941,8144,2,0x25cf5ee02f,1008,7370,0,24,89821,8168,12.9941,8144,24,89788
2831000,8192,10,6,4,724729849,10,724738041,0,8160,12.9921,8129,3,0x1fdc47dbbd,991,7379,0,31,89852,8160,12.9921,8129,31,89819
2832000,8192,10,6,4,724991990,10,725000182,0,8163,12.9929,8134,2,0x3117d7f002,0,2,0,29,89881,8163,12.9929,8134,29,89848
2833000,8192,10,6,4,725245945,10,725254137,0,8169,12.9944,8146,2,0x31189095ac,978,7410,0,23,89904,8169,12.9944,8146,23,89871
2834000,8192,10,6,4,725499897,10,725508089,0,8171,12.9949,8150,2,0x2a9cb99306,971,7396,0,21,89925,8171,12.9949,8150,21,89892
2835000,8192,10,6,4,725753849,10,725762041,0,8172,12.9951,8152,2,0x81f1503503,989,7442,0,20,89945,8172,12.9951,8152,20,89912
2836000,8192,10,6,4,726015990,10,726024182,0,8164,12.9932,8136,2,0x0a621ddbbb,1,2,0,28,89973,8164,12.9932,8136,28,89940
2837000,8192,10,6,4,726269945,10,726278137,0,8166,12.9937,8140,2,0x134e32786b,981,7396,0,26,89999,8166,12.9937,8140,26,89966
2838000,8192,10,6,4,726523897,10,726532089,0,8155,12.9910,8118,2,0x7fed7de6f4,965,7432,0,37,90036,8155,12.9910,8118,37,90003
2839000,8192,10,6,4,726777849,10,726786041,0,8149,12.9894,8107,3,0x76b56f313d,966,7456,0,42,90078,8149,12.9894,8107,42,90045
2840000,8192,10,6,4,727039990,10,727048182,0,8158,12.9917,8124,2,0x4ee3ffb02c,0,3,0,34,90112,8158,12.9917,8124,34,90079
2841000,8192,10,6,4,727293945,10,727302137,0,8156,12.9912,8120,2,0xa026ecdac0,978,7460,0,36,90148,8156,12.9912,8120,36,90115
2842000,8192,10,6,4,727547897,10,727556089,0,8162,12.9927,8132,2,0xbfc005c969,967,7446,0,30,90178,8162,12.9927,8132,30,90145
2843000,8192,10,6,4,727801849,10,727810041,0,8152,12.9902,8112,2,0xac3274aed1,986,7416,0,40,90218,8152,12.9902,8112,40,90185
2844000,8192,10,6,4,728063990,10,728072182,0,8171,12.9949,8150,2,0xe9d4bb0d4c,1,3,0,21,90239,8171,12.9949,8150,21,90206
2845000,8192,10,6,4,728317945,10,728326137,0,8164,12.9932,8136,2,0x9fa6a3694a,964,7417,0,28,90267,8164,12.9932,8136,28,90234
2846000,8192,10,6,4,728571897,10,728580089,0,8152,12.9902,8112,2,0x20beaf3efd,965,7410,0,40,90307,8152,12.9902,8112,40,90274
2847000,8192,10,6,4,728825849,10,728834041,0,8151,12.9900,8110,2,0x2b984731b1,960,7404,0,41,90348,8151,12.9900,8110,41,90315
2848000,8192,10,6,4,729087990,10,729096182,0,8169,12.9944,8146,2,0x4a93cf8d8a,0,3,0,23,90371,8169,12.9944,8146,23,90338
2849000,8192,10,6,4,729341945,10,729350137,0,8166,12.9936,8141,3,0xff0cd68ccd,956,7390,0,25,90396,8166,12.9936,8141,25,90363
2850000,8192,10,6,4,729595897,10,729604089,0,8159,12.9919,8126,2,0x65e9ae345c,1025,7439,0,33,90429,8159,12.9919,8126,33,90396
2851000,8192,10,6,4,729849849,10,729858041,0,8160,12.9922,8128,2,0x4b61a72401,992,7437,0,32,90461,8160,12.9922,8128,32,90428
2852000,8192,10,6,4,730111990,10,730120182,0,8166,12.9937,8140,2,0x4aec3216dd,1,3,0,26,90487,8166,12.9937,8140,26,90454
2853000,8192,10,6,4,730365945,10,730374137,0,8152,12.9902,8112,2,0x37b54697dc,979,7382,0,40,90527,8152,12.9902,8112,40,90494
2854000,8192,10,6,4,730619897,10,730628089,0,8156,12.9911,8121,3,0x6c35c2e6cf,998,7414,0,35,90562,8156,12.9911,8121,35,90529
2855000,8192,10,6,4,730873849,10,730882041,0,8168,12.9941,8144,2,0x27065f873d,989,7402,0,24,90586,8168,12.9941,8144,24,90553
2856000,8192,10,6,4,731135990,10,731144182,0,8165,12.9934,8138,2,0x669103d16c,0,3,0,27,90613,8165,12.9934,8138,27,90580
2857000,8192,10,6,4,731389945,10,731398137,0,8163,12.9928,8135,3,0x7469f96373,992,7426,0,28,90641,8163,12.9928,8135,28,90608
2858000,8192,10,6,4,731643897,10,731652089,0,8163,12.9929,8134,2,0x4d6a0a4dca,1001,7407,0,29,90670,8163,12.9929,8134,29,90637
2859000,8192,10,6,4,731897849,10,731906041,0,8161,12.9924,8130,2,0x3a4b02affc,1030,7404,0,31,90701,8161,12.9924,8130,31,90668
2860000,8192,10,6,4,732159990,10,732168182,0,8162,12.9927,8132,2,0xe20a19e1d1,1,2,0,30,90731,8162,12.9927,8132,30,90698
2861000,8192,10,6,4,732413945,10,732422137,0,8147,12.9890,8102,2,0xbd30e65613,967,7372,0,45,90776,8147,12.9890,8102,45,90743
2862000,8192,10,6,4,732667897,10,732676089,0,8166,12.9937,8140,2,0x0ab3c4c4f8,926,7441,0,26,90802,8166,12.9937,8140,26,90769
2863000,8192,10,6,4,732921849,10,732930041,0,8165,12.9934,8138,2,0xc4d2155966,978,7385,0,27,90829,8165,12.9934,8138,27,90796
2864000,8192,10,6,4,733183990,10,733192182,0,8164,12.9932,8136,2,0x631dc3e0f1,1,1,0,28,90857,8164,12.9932,8136,28,90824
2865000,8192,10,6,4,733437945,10,733446137,0,8167,12.9939,8142,2,0xe8df3117a8,962,7363,0,25,90882,8167,12.9939,8142,25,90849
2866000,8192,10,6,4,733691897,10,733700089,0,8162,12.9927,8132,2,0xdcf6dcc2a9,934,7392,0,30,90912,8162,12.9927,8132,30,90879
2867000,8192,10,6,4,733945849,10,733954041,0,8169,12.9944,8146,2,0xd441d67e99,967,7423,0,23,90935,8169,12.9944,8146,23,90902
2868000,8192,10,6,4,734207990,10,734216182,0,8155,12.9910,8118,2,0xdd5d12c343,0,3,0,37,90972,8155,12.9910,8118,37,90939
2869000,8192,10,6,4,734461945,10,734470137,0,8154,12.9907,8116,2,0xeeac2ccc0c,917,7412,0,38,91010,8154,12.9907,8116,38,90977
2870000,8192,10,6,4,734715897,10,734724089,0,8168,12.9941,8144,2,0x67001aa53a,977,7432,0,24,91034,8168,12.9941,8144,24,91001
2871000,8192,10,6,4,734969849,10,734978041,0,8162,12.9927,8132,2,0xb7739bd2f4,978,7393,0,30,91064,8162,12.9927,8132,30,91031
2872000,8192,10,6,4,735231990,10,735240182,0,8160,12.9922,8128,2,0xbab93bbb63,1,2,0,32,91096,8160,12.9922,8128,32,91063
2873000,8192,10,6,4,735485945,10,735494137,0,8156,12.9912,8120,2,0xa121583684,992,7436,0,36,91132,8156,12.9912,8120,36,91099
2874000,8192,10,6,4,735739897,10,735748089,0,8163,12.9929,8134,2,0xfb9147af5d,968,7423,0,29,91161,8163,12.9929,8134,29,91128
2875000,8192,10,6,4,735993849,10,736002041,0,8166,12.9937,8140,2,0xd2c06fcf7c,933,7447,0,26,91187,8166,12.9937,8140,26,91154
2876000,8192,10,6,4,736255990,10,736264182,0,8156,12.9912,8120,2,0x5a03e5a3d2,1,3,0,36,91223,8156,12.9912,8120,36,91190
2877000,8192,10,6,4,736509945,10,736518137,0,8158,12.9917,8124,2,0xfecc004f20,954,7462,0,34,91257,8159,12.9919,8126,33,91223
2878000,8192,10,6,4,736763897,10,736772089,0,8160,12.9921,8129,3,0x6062a5b480,965,7432,0,31,91288,8160,12.9921,8129,31,91254
2879000,8192,10,6,4,737017849,10,737026041,0,8147,12.9890,8102,2,0x925ba87493,1004,7435,0,45,91333,8147,12.9890,8102,45,91299
2880000,8192,10,6,4,737279990,10,737288182,0,8167,12.9939,8142,2,0xe7dbe292ee,0,3,0,25,91358,8167,12.9939,8142,25,91324
2881000,8192,10,6,4,737533945,10,737542137,0,8166,12.9937,8140,2,0x74f6f75baa,977,7449,0,26,91384,8166,12.9937,8140,26,91350
2882000,8192,10,6,4,737787897,10,737796089,0,8156,12.9912,8120,2,0x144531fc56,978,7401,0,36,91420,8156,12.9912,8120,36,91386
2883000,8192,10,6,4,738041849,10,738050041,0,8144,12.9883,8096,2,0x4ed81e279b,1048,7430,0,48,91468,8144,12.9883,8096,48,91434
2884000,8192,10,6,4,738303990,10,738312182,0,8163,12.9929,8134,2,0xab328e686e,0,3,0,29,91497,8163,12.9929,8134,29,91463
2885000,8192,10,6,4,738557945,10,738566137,0,8153,12.9905,8114,2,0xa3999fed8c,913,7414,0,39,91536,8153,12.9905,8114,39,91502
2886000,8192,10,6,4,738811897,10,738820089,0,8174,12.9956,8156,2,0x00fceb2d28,914,7410,0,18,91554,8174,12.9956,8156,18,91520
2887000,8192,10,6,4,739065849,10,739074041,0,8158,12.9917,8124,2,0x756d4fb0f8,979,7396,0,34,91588,8158,12.9917,8124,34,91554
2888000,8192,10,6,4,739327990,10,739336182,0,8159,12.9919,8126,2,0x63e58ba2d5,1,3,0,33,91621,8159,12.9919,8126,33,91587
2889000,8192,10,6,4,739581945,10,739590137,0,8156,12.9912,8120,2,0x8147cb090a,937,7425,0,36,91657,8156,12.9912,8120,36,91623
2890000,8192,10,6,4,739835897,10,739844089,0,8149,12.9895,8106,2,0x0b8aae4954,980,7434,0,43,91700,8149,12.9895,8106,43,91666
2891000,8192,10,6,4,740089849,10,740098041,0,8154,12.9907,8116,2,0x7c5ce2ec1b,958,7402,0,38,91738,8154,12.9907,8116,38,91704
2892000,8192,10,6,4,740351990,10,740360182,0,8164,12.9932,8136,2,0xdbf356f79f,0,3,0,28,91766,8164,12.9932,8136,28,91732
2893000,8192,10,6,4,740605945,10,740614137,0,8152,12.9902,8112,2,0x2a9cc71859,881,7340,0,40,91806,8152,12.9902,8112,40,91772
2894000,8192,10,6,4,740859897,10,740868089,0,8162,12.9927,8132,2,0x59422f3ffd,960,7398,0,30,91836,8162,12.9927,8132,30,91802
2895000,8192,10,6,4,741113849,10,741122041,0,8159,12.9919,8126,2,0x9ecc0a81db,941,7439,0,33,91869,8159,12.9919,8126,33,91835
2896000,8192,10,6,4,741375990,10,741384182,0,8161,12.9924,8130,2,0xc626b913e0,0,3,0,31,91900,8161,12.9924,8130,31,91866
2897000,8192,10,6,4,741629945,10,741638137,0,8167,12.9939,8142,2,0x8227c00931,976,7431,0,25,91925,8167,12.9939,8142,25,91891
2898000,8192,10,6,4,741883897,10,741892089,0,8161,12.9924,8130,2,0xf56f7bda6f,997,7490,0,31,91956,8161,12.9924,8130,31,91922
2899000,8192,10,6,4,742137849,10,742146041,0,8158,12.9917,8124,2,0x36f690c5c5,1010,7417,0,34,91990,8158,12.9917,8124,34,91956
2900000,8192,10,6,4,742399990,10,742408182,0,8156,12.9912,8120,2,0x0be14b7de8,0,3,0,36,92026,8156,12.9912,8120,36,91992
2901000,8192,10,6,4,742653945,10,742662137,0,8161,12.9924,8130,2,0xfc1bb4a349,957,7415,0,31,92057,8161,12.9924,8130,31,92023
2902000,8192,10,6,4,742907897,10,742916089,0,8171,12.9949,8150,2,0x9096cf64dc,984,7398,0,21,92078,8171,12.9949,8150,21,92044
2903000,8192,10,6,4,743161849,10,743170041,0,8162,12.9927,8132,2,0x7d0f240454,1013,7434,0,30,92108,8162,12.9927,8132,30,92074
2904000,8192,10,6,4,743423990,10,743432182,0,8158,12.9917,8124,2,0x89001c9f42,0,2,0,34,92142,8158,12.9917,8124,34,92108
2905000,8192,10,6,4,743677945,10,743686137,0,8162,12.9927,8132,2,0x60ad233ef6,1014,7382,0,30,92172,8162,12.9927,8132,30,92138
2906000,8192,10,6,4,743931897,10,743940089,0,8144,12.9883,8096,2,0x46ca569902,972,7405,0,48,92220,8144,12.9883,8096,48,92186
2907000,8192,10,6,4,744185849,10,744194041,0,8164,12.9932,8136,2,0xaf525f0c41,974,7419,0,28,92248,8164,12.9932,8136,28,92214
2908000,8192,10,6,4,744447990,10,744456182,0,8157,12.9915,8122,2,0x07cec00895,1,3,0,35,92283,8157,12.9915,8122,35,92249
2909000,8192,10,6,4,744701945,10,744710137,0,8164,12.9932,8136,2,0x89be77c4f4,1020,7462,0,28,92311,8164,12.9932,8136,28,92277
2910000,8192,10,6,4,744955897,10,744964089,0,8167,12.9939,8142,2,0xc50011f9e9,981,7399,0,25,92336,8167,12.9939,8142,25,92302
2911000,8192,10,6,4,745209849,10,745218041,0,8160,12.9922,8128,2,0x21211999ce,897,7437,0,32,92368,8160,12.9922,8128,32,92334
2912000,8192,10,6,4,745471990,10,745480182,0,8166,12.9937,8140,2,0x7a646ac7ee,0,2,0,26,92394,8166,12.9937,8140,26,92360
2913000,8192,10,6,4,745725945,10,745734137,0,8147,12.9889,8103,3,0x811c1084ff,997,7420,0,44,92438,8147,12.9889,8103,44,92404
2914000,8192,10,6,4,745979897,10,745988089,0,8161,12.9924,8130,2,0x0e16a321c6,932,7391,0,31,92469,8161,12.9924,8130,31,92435
2915000,8192,10,6,4,746233849,10,746242041,0,8167,12.9939,8142,2,0xb3fef3b295,992,7391,0,25,92494,8167,12.9939,8142,25,92460
2916000,8192,10,6,4,746495990,10,746504182,0,8161,12.9924,8130,2,0x1686a4d22b,1,3,0,31,92525,8161,12.9924,8130,31,92491
2917000,8192,10,6,4,746749945,10,746758137,0,8156,12.9912,8120,2,0xd67f2c54ac,972,7457,0,36,92561,8156,12.9912,8120,36,92527
2918000,8192,10,6,4,747003897,10,747012089,0,8160,12.9921,8129,3,0xf96fe89d6e,947,7387,0,31,92592,8160,12.9921,8129,31,92558
2919000,8192,10,6,4,747257849,10,747266041,0,8149,12.9895,8106,2,0xbfb23b4d63,972,7418,0,43,92635,8149,12.9895,8106,43,92601
2920000,8192,10,6,4,747519990,10,747528182,0,8154,12.9907,8116,2,0x2399326727,0,3,0,38,92673,8154,12.9907,8116,38,92639
2921000,8192,10,6,4,747773945,10,747782137,0,8166,12.9937,8140,2,0x5b34358174,957,7407,0,26,92699,8166,12.9937,8140,26,92665
2922000,8192,10,6,4,748027897,10,748036089,0,8165,12.9934,8138,2,0x761b3528b8,957,7445,0,27,92726,8165,12.9934,8138,27,92692
2923000,8192,10,6,4,748281849,10,748290041,0,8156,12.9912,8120,2,0xc638ad0e00,957,7437,0,36,92762,8156,12.9912,8120,36,92728
2924000,8192,10,6,4,748543990,10,748552182,0,8162,12.9927,8132,2,0x22a1fc9a2a,0,3,0,30,92792,8162,12.9927,8132,30,92758
2925000,8192,10,6,4,748797945,10,748806137,0,8167,12.9939,8142,2,0xe6beeb199e,1013,7416,0,25,92817,8167,12.9939,8142,25,92783
2926000,8192,10,6,4,749051897,10,749060089,0,8162,12.9927,8132,2,0xe10cbee43d,970,7388,0,30,92847,8162,12.9927,8132,30,92813
2927000,8192,10,6,4,749305849,10,749314041,0,8154,12.9907,8116,2,0xd288ff3b27,941,7362,0,38,92885,8154,12.9907,8116,38,92851
2928000,8192,10,6,4,749567990,10,749576182,0,8154,12.9907,8116,2,0x0cc3942c86,0,3,0,38,92923,8154,12.9907,8116,38,92889
2929000,8192,10,6,4,749821945,10,749830137,0,8156,12.9912,8120,2,0x27280856dd,980,7443,0,36,92959,8156,12.9912,8120,36,92925
2930000,8192,10,6,4,750075897,10,750084089,0,8164,12.9932,8136,2,0xdba7e37c35,1010,7404,0,28,92987,8164,12.9932,8136,28,92953
2931000,8192,10,6,4,750329849,10,750338041,0,8154,12.9907,8116,2,0x8917f0a925,997,7422,0,38,93025,8154,12.9907,8116,38,92991
2932000,8192,10,6,4,750591990,10,750600182,0,8161,12.9923,8131,3,0xda0bd48bbd,0,3,0,30,93055,8161,12.9923,8131,30,93021
2933000,8192,10,6,4,750845945,10,750854137,0,8161,12.9924,8130,2,0x9583a3c4cd,975,7388,0,31,93086,8161,12.9924,8130,31,93052
2934000,8192,10,6,4,751099897,10,751108089,0,8167,12.9939,8142,2,0x843a235f3d,985,7436,0,25,93111,8167,12.9939,8142,25,93077
2935000,8192,10,6,4,751353849,10,751362041,0,8168,12.9941,8144,2,0x3f817a40f0,992,7431,0,24,93135,8168,12.9941,8144,24,93101
2936000,8192,10,6,4,751615990,10,751624182,0,8159,12.9919,8126,2,0x2e5f4e7325,0,3,0,33,93168,8159,12.9919,8126,33,93134
2937000,8192,10,6,4,751869945,10,751878137,0,8164,12.9932,8136,2,0xa4b8e8413f,997,7427,0,28,93196,8164,12.9932,8136,28,93162
2938000,8192,10,6,4,752123897,10,752132089,0,8166,12.9937,8140,2,0x42bf4aa6cb,919,7427,0,26,93222,8166,12.9937,8140,26,93188
2939000,8192,10,6,4,752377849,10,752386041,0,8157,12.9914,8123,3,0x1d764967fd,1008,7428,0,34,93256,8157,12.9914,8123,34,93222
2940000,8192,10,6,4,752639990,10,752648182,0,8172,12.9951,8152,2,0xbc09aa32ad,0,3,0,20,93276,8172,12.9951,8152,20,93242
2941000,8192,10,6,4,752893945,10,752902137,0,8161,12.9924,8130,2,0x17924af28a,947,7370,0,31,93307,8161,12.9924,8130,31,93273
2942000,8192,10,6,4,753147897,10,753156089,0,8166,12.9937,8140,2,0x168118aec8,991,7415,0,26,93333,8166,12.9937,8140,26,93299
2943000,8192,10,6,4,753401849,10,753410041,0,8158,12.9917,8124,2,0x0262618be4,990,7371,0,34,93367,8158,12.9917,8124,34,93333
2944000,8192,10,6,4,753663990,10,753672182,0,8165,12.9934,8138,2,0xb4269cbd7a,0,2,0,27,93394,8165,12.9934,8138,27,93360
2945000,8192,10,6,4,753917945,10,753926137,0,8150,12.9897,8109,3,0x948a7b1d56,984,7437,0,41,93435,8150,12.9897,8109,41,93401
2946000,8192,10,6,4,754171897,10,754180089,0,8170,12.9946,8148,2,0xacfe8c50cb,998,7385,0,22,93457,8170,12.9946,8148,22,93423
2947000,8192,10,6,4,754425849,10,754434041,0,8157,12.9915,8122,2,0x5b236096b9,967,7397,0,35,93492,8157,12.9915,8122,35,93458
2948000,8192,10,6,4,754687990,10,754696182,0,8152,12.9902,8112,2,0x5e173257be,1,2,0,40,93532,8152,12.9902,8112,40,93498
2949000,8192,10,6,4,754941945,10,754950137,0,8161,12.9924,8130,2,0xb7425c0fe6,923,7423,0,31,93563,8161,12.9924,8130,31,93529
2950000,8192,10,6,4,755195897,10,755204089,0,8168,12.9941,8144,2,0x71f7acd2df,955,7426,0,24,93587,8168,12.9941,8144,24,93553
2951000,8192,10,6,4,755449849,10,755458041,0,8163,12.9929,8134,2,0x852eb8ac1a,964,7462,0,29,93616,8163,12.9929,8134,29,93582
2952000,8192,10,6,4,755711990,10,755720182,0,8168,12.9941,8144,2,0xfaedea4ccb,1,3,0,24,93640,8168,12.9941,8144,24,93606
2953000,8192,10,6,4,755965945,10,755974137,0,8167,12.9939,8142,2,0x8fb6e8e64b,1009,7460,0,25,93665,8167,12.9939,8142,25,93631
2954000,8192,10,6,4,756219897,10,756228089,0,8154,12.9907,8116,2,0xf4469a8644,933,7345,0,38,93703,8154,12.9907,8116,38,93669
2955000,8192,10,6,4,756473849,10,756482041,0,8154,12.9907,8116,2,0xd9c4c53ac8,949,7392,0,38,93741,8154,12.9907,8116,38,93707
2956000,8192,10,6,4,756735990,10,756744182,0,8161,12.9924,8130,2,0xf598c4d16b,0,3,0,31,93772,8161,12.9924,8130,31,93738
2957000,8192,10,6,4,756989945,10,756998137,0,8158,12.9917,8124,2,0x26ea2361c3,1024,7453,0,34,93806,8158,12.9917,8124,34,93772
2958000,8192,10,6,4,757243897,10,757252089,0,8155,12.9910,8118,2,0x540da2407b,964,7489,0,37,93843,8155,12.9910,8118,37,93809
2959000,8192,10,6,4,757497849,10,757506041,0,8169,12.9944,8146,2,0xb5bfbea070,935,7459,0,23,93866,8169,12.9944,8146,23,93832
2960000,8192,10,6,4,757759990,10,757768182,0,8166,12.9937,8140,2,0x832c54c898,0,3,0,26,93892,8166,12.9937,8140,26,93858
2961000,8192,10,6,4,758013945,10,758022137,0,8164,12.9932,8136,2,0xc10b777ade,950,7393,0,28,93920,8164,12.9932,8136,28,93886
2962000,8192,10,6,4,758267897,10,758276089,0,8158,12.9917,8124,2,0x89afe35b20,1004,7431,0,34,93954,8158,12.9917,8124,34,93920
2963000,8192,10,6,4,758521849,10,758530041,0,8156,12.9912,8120,2,0x15818ab416,965,7438,0,36,93990,8156,12.9912,8120,36,93956
2964000,8192,10,6,4,758783990,10,758792182,0,8159,12.9919,8126,2,0x3fc546b015,1,3,0,33,94023,8159,12.9919,8126,33,93989
2965000,8192,10,6,4,759037945,10,759046137,0,8166,12.9937,8140,2,0xb6322c6b58,966,7409,0,26,94049,8166,12.9937,8140,26,94015
2966000,8192,10,6,4,759291897,10,759300089,0,8166,12.9937,8140,2,0x05f16ad3bc,1000,7451,0,26,94075,8166,12.9937,8140,26,94041
2967000,8192,10,6,4,759545849,10,759554041,0,8149,12.9895,8106,2,0x1dd53be83b,978,7394,0,43,94118,8149,12.9895,8106,43,94084
2968000,8192,10,6,4,759807990,10,759816182,0,8159,12.9919,8126,2,0xdcb1d25233,0,3,0,33,94151,8159,12.9919,8126,33,94117
2969000,8192,10,6,4,760061945,10,760070137,0,8151,12.9899,8111,3,0xf48bb34001,1019,7363,0,40,94191,8151,12.9899,8111,40,94157
2970000,8192,10,6,4,760315897,10,760324089,0,8164,12.9932,8136,2,0xcac67a4e75,962,7412,0,28,94219,8164,12.9932,8136,28,94185
2971000,8192,10,6,4,760569849,10,760578041,0,8147,12.9890,8102,2,0x842dea2742,1001,7433,0,45,94264,8147,12.9890,8102,45,94230
2972000,8192,10,6,4,760831990,10,760840182,0,8151,12.9900,8110,2,0x77e082865f,1,3,0,41,94305,8151,12.9900,8110,41,94271
2973000,8192,10,6,4,761085945,10,761094137,0,8155,12.9910,8118,2,0x7c7140e463,1021,7422,0,37,94342,8155,12.9910,8118,37,94308
2974000,8192,10,6,4,761339897,10,761348089,0,8167,12.9939,8142,2,0x1b4faeb111,1019,7417,0,25,94367,8167,12.9939,8142,25,94333
2975000,8192,10,6,4,761593849,10,761602041,0,8174,12.9956,8156,2,0xa817158245,947,7461,0,18,94385,8174,12.9956,8156,18,94351
2976000,8192,10,6,4,761855990,10,761864182,0,8151,12.9900,8110,2,0xe39b38e4d1,0,3,0,41,94426,8151,12.9900,8110,41,94392
2977000,8192,10,6,4,762109945,10,762118137,0,8166,12.9937,8140,2,0xea0f5564f7,987,7391,0,26,94452,8166,12.9937,8140,26,94418
2978000,8192,10,6,4,762363897,10,762372089,0,8167,12.9939,8142,2,0x5db468ddd2,985,7408,0,25,94477,8167,12.9939,8142,25,94443
2979000,8192,10,6,4,762617849,10,762626041,0,8164,12.9932,8136,2,0xfaa8e18cc1,957,7424,0,28,94505,8164,12.9932,8136,28,94471
2980000,8192,10,6,4,762879990,10,762888182,0,8165,12.9934,8138,2,0x9f16567b66,0,2,0,27,94532,8165,12.9934,8138,27,94498
2981000,8192,10,6,4,763133945,10,763142137,0,8160,12.9922,8128,2,0x9351ceb38e,986,7473,0,32,94564,8160,12.9922,8128,32,94530
2982000,8192,10,6,4,763387897,10,763396089,0,8161,12.9924,8130,2,0x2fa947fc2b,991,7468,0,31,94595,8161,12.9924,8130,31,94561
2983000,8192,10,6,4,763641849,10,763650041,0,8160,12.9922,8128,2,0x3ea5d21db3,973,7389,0,32,94627,8160,12.9922,8128,32,94593
2984000,8192,10,6,4,763903990,10,763912182,0,8162,12.9927,8132,2,0xa10cd68ea1,1,3,0,30,94657,8162,12.9927,8132,30,94623
2985000,8192,10,6,4,764157945,10,764166137,0,8156,12.9912,8120,2,0xb8ac046340,974,7405,0,36,94693,8156,12.9912,8120,36,94659
2986000,8192,10,6,4,764411897,10,764420089,0,8165,12.9934,8138,2,0x473226f5ca,955,7375,0,27,94720,8165,12.9934,8138,27,94686
2987000,8192,10,6,4,764665849,10,764674041,0,8158,12.9917,8124,2,0xa1b57c400d,994,7403,0,34,94754,8158,12.9917,8124,34,94720
2988000,8192,10,6,4,764927990,10,764936182,0,8159,12.9919,8127,3,0xc6e3bd683a,0,1,0,32,94786,8159,12.9919,8127,32,94752
2989000,8192,10,6,4,765181945,10,765190137,0,8154,12.9907,8116,2,0x854256fc70,911,7423,0,38,94824,8154,12.9907,8116,38,94790
2990000,8192,10,6,4,765435897,10,765444089,0,8158,12.9917,8124,2,0x7dd6219ece,914,7406,0,34,94858,8158,12.9917,8124,34,94824
2991000,8192,10,6,4,765689849,10,765698041,0,8164,12.9932,8136,2,0x44f4d54241,943,7411,0,28,94886,8164,12.9932,8136,28,94852
2992000,8192,10,6,4,765951990,10,765960182,0,8168,12.9941,8144,2,0x3412e56939,1,3,0,24,94910,8168,12.9941,8144,24,94876
2993000,8192,10,6,4,766205945,10,766214137,0,8165,12.9934,8138,2,0x4b78a22690,1008,7431,0,27,94937,8165,12.9934,8138,27,94903
2994000,8192,10,6,4,766459897,10,766468089,0,8149,12.9893,8108,3,0x08adee1953,1013,7421,0,41,94978,8149,12.9893,8108,41,94944
2995000,8192,10,6,4,766713849,10,766722041,0,8159,12.9919,8127,3,0x47dcdb69ae,995,7457,0,32,95010,8159,12.9919,8127,32,94976
2996000,8192,10,6,4,766975990,10,766984182,0,8156,12.9912,8120,2,0x6b11da2688,0,2,0,36,95046,8156,12.9912,8120,36,95012
2997000,8192,10,6,4,767229945,10,767238137,0,8171,12.9949,8150,2,0x6722313950,980,7378,0,21,95067,8171,12.9949,8150,21,95033
2998000,8192,10,6,4,767483897,10,767492089,0,8161,12.9924,8130,2,0x79a526014b,983,7397,0,31,95098,8161,12.9924,8130,31,95064
2999000,8192,10,6,4,767737849,10,767746041,0,8160,12.9922,8128,2,0x29b65a6d48,961,7438,0,32,95130,8160,12.9922,8128,32,95096
3000000,8192,10,6,4,767999990,10,768008182,0,8158,12.9917,8124,2,0x800914bb19,0,3,0,34,95164,8158,12.9917,8124,34,95130
3001000,8192,10,6,4,768253945,10,768262137,0,8167,12.9939,8142,2,0xfea5776f4c,950,7467,0,25,95189,8167,12.9939,8142,25,95155
3002000,8192,10,6,4,768507897,10,768516089,0,8157,12.9915,8122,2,0x476c05f5ef,987,7441,0,35,95224,8157,12.9915,8122,35,95190
3003000,8192,10,6,4,768761849,10,768770041,0,8166,12.9937,8140,2,0x92faf65e43,985,7357,0,26,95250,8166,12.9937,8140,26,95216
3004000,8192,10,6,4,769023990,10,769032182,0,8151,12.9899,8111,3,0xaabf9b1d04,0,3,0,40,95290,8151,12.9899,8111,40,95256
3005000,8192,10,6,4,769277945,10,769286137,0,8157,12.9915,8122,2,0xc9a4c52376,1012,7399,0,35,95325,8157,12.9915,8122,35,95291
3006000,8192,10,6,4,769531897,10,769540089,0,8162,12.9927,8132,2,0x6d33179e05,977,7418,0,30,95355,8162,12.9927,8132,30,95321
3007000,8192,10,6,4,769785849,10,769794041,0,8165,12.9934,8138,2,0xeecec0acdf,1006,7419,0,27,95382,8165,12.9934,8138,27,95348
3008000,8192,11,6,5,770047989,11,770056181,0,8152,12.9902,8112,2,0xa6e87b78f5,2,4,0,40,95422,8152,12.9902,8112,40,95388
3009000,8192,11,6,5,770301945,11,770310137,0,8156,12.9912,8120,2,0xef3c23020e,981,7416,0,36,95458,8156,12.9912,8120,36,95424
3010000,8192,11,6,5,770555897,11,770564089,0,8152,12.9902,8112,2,0x0445472501,955,7374,0,40,95498,8152,12.9902,8112,40,95464
3011000,8192,11,6,5,770809849,11,770818041,0,8164,12.9932,8136,2,0x2a28b530d1,974,7361,0,28,95526,8164,12.9932,8136,28,95492
3012000,8192,11,6,5,771071989,11,771080181,0,8164,12.9931,8137,3,0x96ab3d0167,0,4,0,27,95553,8164,12.9931,8137,27,95519
3013000,8192,11,6,5,771325945,11,771334137,0,8158,12.9917,8124,2,0x4ac9241f56,952,7405,0,34,95587,8158,12.9917,8124,34,95553
3014000,8192,11,6,5,771579897,11,771588089,0,8163,12.9929,8134,2,0xdba1acb83e,995,7389,0,29,95616,8163,12.9929,8134,29,95582
3015000,8192,11,6,5,771833849,11,771842041,0,8166,12.9937,8140,2,0x5469d8f10a,955,7395,0,26,95642,8166,12.9937,8140,26,95608
3016000,8192,11,6,5,772095989,11,772104181,0,8164,12.9932,8136,2,0x5d0091b3b4,0,1,0,28,95670,8164,12.9932,8136,28,95636
3017000,8192,11,6,5,772349945,11,772358137,0,8160,12.9922,8128,2,0x984046effe,996,7422,0,32,95702,8160,12.9922,8128,32,95668
3018000,8192,11,6,5,772603897,11,772612089,0,8167,12.9939,8142,2,0xef27325cec,1021,7434,0,25,95727,8167,12.9939,8142,25,95693
3019000,8192,11,6,5,772857849,11,772866041,0,8159,12.9919,8126,2,0xf0a146f3a2,986,7442,0,33,95760,8159,12.9919,8126,33,95726
3020000,8192,11,6,5,773119989,11,773128181,0,8160,12.9922,8128,2,0xafb24772af,0,4,0,32,95792,8160,12.9922,8128,32,95758
3021000,8192,11,6,5,773373945,11,773382137,0,8167,12.9939,8142,2,0xaa35f7274f,980,7428,0,25,95817,8167,12.9939,8142,25,95783
3022000,8192,11,6,5,773627897,11,773636089,0,8159,12.9919,8126,2,0xa96cdb7c66,945,7432,0,33,95850,8159,12.9919,8126,33,95816
3023000,8192,11,6,5,773881849,11,773890041,0,8156,12.9912,8120,2,0x965c445b53,911,7416,0,36,95886,8156,12.9912,8120,36,95852
3024000,8192,11,6,5,774143989,11,774152181,0,8158,12.9917,8124,2,0xb6e22b488b,0,4,0,34,95920,8158,12.9917,8124,34,95886
3025000,8192,11,6,5,774397945,11,774406137,0,8159,12.9919,8126,2,0x3f05d5102f,968,7443,0,33,95953,8159,12.9919,8126,33,95919
3026000,8192,11,6,5,774651897,11,774660089,0,8149,12.9895,8106,2,0xd3d4123a44,919,7438,0,43,95996,8149,12.9895,8106,43,95962
3027000,8192,11,6,5,774905849,11,774914041,0,8160,12.9921,8129,3,0x01f74c254e,1032,7442,0,31,96027,8160,12.9921,8129,31,95993
3028000,8192,11,6,5,775167989,11,775176181,0,8172,12.9951,8152,2,0x154f18df89,1,2,0,20,96047,8172,12.9951,8152,20,96013
3029000,8192,11,6,5,775421945,11,775430137,0,8162,12.9927,8132,2,0x3aac96bbf3,964,7402,0,30,96077,8162,12.9927,8132,30,96043
3030000,8192,11,6,5,775675897,11,775684089,0,8169,12.9944,8146,2,0xc7ec7bfb70,992,7377,0,23,96100,8169,12.9944,8146,23,96066
3031000,8192,11,6,5,775929849,11,775938041,0,8164,12.9932,8136,2,0x2cf4878358,947,7447,0,28,96128,8164,12.9932,8136,28,96094
3032000,8192,11,6,5,776191989,11,776200181,0,8159,12.9919,8126,2,0x2e9405aeb2,0,4,0,33,96161,8159,12.9919,8126,33,96127
3033000,8192,11,6,5,776445945,11,776454137,0,8164,12.9932,8136,2,0x7c83ecf27e,952,7405,0,28,96189,8164,12.9932,8136,28,96155
3034000,8192,11,6,5,776699897,11,776708089,0,8167,12.9939,8142,2,0x7719f53f8e,953,7405,0,25,96214,8167,12.9939,8142,25,96180
3035000,8192,11,6,5,776953849,11,776962041,0,8164,12.9932,8136,2,0x8986d6f06a,979,7417,0,28,96242,8164,12.9932,8136,28,96208
3036000,8192,11,6,5,777215989,11,777224181,0,8170,12.9946,8148,2,0x5d47ad58c7,0,4,0,22,96264,8170,12.9946,8148,22,96230
3037000,8192,11,6,5,777469945,11,777478137,0,8153,12.9905,8114,2,0xbad0fc1f42,1014,7413,0,39,96303,8153,12.9905,8114,39,96269
3038000,8192,11,6,5,777723897,11,777732089,0,8168,12.9941,8144,2,0x4f27b121da,948,7425,0,24,96327,8168,12.9941,8144,24,96293
3039000,8192,11,6,5,777977849,11,777986041,0,8163,12.9929,8134,2,0xf59e0b314c,1002,7418,0,29,96356,8163,12.9929,8134,29,96322
3040000,8192,11,6,5,778239989,11,778248181,0,8154,12.9907,8116,2,0x36864e7ba9,1,3,0,38,96394,8154,12.9907,8116,38,96360
3041000,8192,11,6,5,778493945,11,778502137,0,8164,12.9932,8136,2,0x65bc7d5e21,1007,7460,0,28,96422,8164,12.9932,8136,28,96388
3042000,8192,11,6,5,778747897,11,778756089,0,8152,12.9902,8112,2,0x37e1858bb0,1031,7403,0,40,96462,8152,12.9902,8112,40,96428
3043000,8192,11,6,5,779001849,11,779010041,0,8165,12.9934,8138,2,0xd7df2ca860,1053,7474,0,27,96489,8165,12.9934,8138,27,96455
3044000,8192,11,6,5,779263989,11,779272181,0,8163,12.9928,8135,3,0x98fd5292ce,0,3,0,28,96517,8163,12.9928,8135,28,96483
3045000,8192,11,6,5,779517945,11,779526137,0,8167,12.9939,8142,2,0x3b1e6078f0,954,7408,0,25,96542,8168,12.9941,8144,24,96507
3046000,8192,11,6,5,779771897,11,779780089,0,8161,12.9924,8130,2,0x18d57b9733,1008,7437,0,31,96573,8161,12.9924,8130,31,96538
3047000,8192,11,6,5,780025849,11,780034041,0,8164,12.9932,8136,2,0x3e68f1682c,947,7416,0,28,96601,8164,12.9932,8136,28,96566
3048000,8192,11,6,5,780287989,11,780296181,0,8158,12.9917,8124,2,0xb5610f2dae,0,2,0,34,96635,8158,12.9917,8124,34,96600
3049000,8192,11,6,5,780541945,11,780550137,0,8161,12.9924,8130,2,0x5d8ba7bca6,955,7452,0,31,96666,8161,12.9924,8130,31,96631
3050000,8192,11,6,5,780795897,11,780804089,0,8155,12.9910,8118,2,0x2deb411054,985,7375,0,37,96703,8155,12.9910,8118,37,96668
3051000,8192,11,6,5,781049849,11,781058041,0,8169,12.9944,8146,2,0x487ffedf55,919,7446,0,23,96726,8169,12.9944,8146,23,96691
3052000,8192,11,6,5,781311989,11,781320181,0,8164,12.9932,8136,2,0x0ae246469b,1,2,0,28,96754,8164,12.9932,8136,28,96719
3053000,8192,11,6,5,781565945,11,781574137,0,8151,12.9899,8111,3,0x7328a8d7b9,988,7434,0,40,96794,8151,12.9899,8111,40,96759
3054000,8192,11,6,5,781819897,11,781828089,0,8156,12.9912,8120,2,0xc8af387087,945,7366,0,36,96830,8156,12.9912,8120,36,96795
3055000,8192,11,6,5,782073849,11,782082041,0,8174,12.9956,8156,2,0xc43e70f7f6,927,7353,0,18,96848,8174,12.9956,8156,18,96813
3056000,8192,11,6,5,782335989,11,782344181,0,8158,12.9917,8124,2,0x5a88105207,0,4,0,34,96882,8158,12.9917,8124,34,96847
3057000,8192,11,6,5,782589945,11,782598137,0,8158,12.9917,8124,2,0x2a83f726cd,945,7434,0,34,96916,8158,12.9917,8124,34,96881
3058000,8192,11,6,5,782843897,11,782852089,0,8168,12.9941,8144,2,0x346172d506,1008,7435,0,24,96940,8168,12.9941,8144,24,96905
3059000,8192,11,6,5,783097849,11,783106041,0,8165,12.9934,8138,2,0x7691e40740,967,7450,0,27,96967,8165,12.9934,8138,27,96932
3060000,8192,11,6,5,783359989,11,783368181,0,8169,12.9944,8146,2,0x7e2bb5a042,0,2,0,23,96990,8169,12.9944,8146,23,96955
3061000,8192,11,6,5,783613945,11,783622137,0,8165,12.9934,8138,2,0xf271d00af5,971,7434,0,27,97017,8165,12.9934,8138,27,96982
3062000,8192,11,6,5,783867897,11,783876089,0,8155,12.9910,8118,2,0x3a71b2d824,980,7418,0,37,97054,8155,12.9910,8118,37,97019
3063000,8192,11,6,5,784121849,11,784130041,0,8170,12.9946,8148,2,0x785895f54e,957,7419,0,22,97076,8170,12.9946,8148,22,97041
3064000,8192,11,6,5,784383989,11,784392181,0,8174,12.9956,8156,2,0x9f85451de1,0,4,0,18,97094,8174,12.9956,8156,18,97059
3065000,8192,11,6,5,784637945,11,784646137,0,8155,12.9910,8118,2,0x212af0dee3,983,7417,0,37,97131,8155,12.9910,8118,37,97096
3066000,8192,11,6,5,784891897,11,784900089,0,8165,12.9934,8138,2,0x82ccb98634,1028,7444,0,27,97158,8165,12.9934,8138,27,97123
3067000,8192,11,6,5,785145849,11,785154041,0,8153,12.9905,8114,2,0xbbae90309f,952,7439,0,39,97197,8153,12.9905,8114,39,97162
3068000,8192,11,6,5,785407989,11,785416181,0,8155,12.9910,8118,2,0x5be7f63d16,0,4,0,37,97234,8155,12.9910,8118,37,97199
3069000,8192,11,6,5,785661945,11,785670137,0,8163,12.9929,8134,2,0x3f29e8fdf5,949,7412,0,29,97263,8163,12.9929,8134,29,97228
3070000,8192,11,6,5,785915897,11,785924089,0,8162,12.9927,8132,2,0xbfb411bef9,967,7465,0,30,97293,8162,12.9927,8132,30,97258
3071000,8192,11,6,5,786169849,11,786178041,0,8160,12.9922,8128,2,0x65a7e6ce4a,1015,7458,0,32,97325,8160,12.9922,8128,32,97290
3072000,8192,11,6,5,786431989,11,786440181,0,8160,12.9922,8128,2,0xc86ccb8ae2,1,3,0,32,97357,8160,12.9922,8128,32,97322
3073000,8192,11,6,5,786685945,11,786694137,0,8167,12.9939,8142,2,0x8f1ecdb808,997,7470,0,25,97382,8167,12.9939,8142,25,97347
3074000,8192,11,6,5,786939897,11,786948089,0,8164,12.9932,8136,2,0x0d381edd95,978,7404,0,28,97410,8164,12.9932,8136,28,97375
3075000,8192,11,6,5,787193849,11,787202041,0,8168,12.9941,8144,2,0x4deb7e278c,999,7353,0,24,97434,8168,12.9941,8144,24,97399
3076000,8192,11,6,5,787455989,11,787464181,0,8158,12.9917,8124,2,0xc30a5e97dd,0,4,0,34,97468,8158,12.9917,8124,34,97433
3077000,8192,11,6,5,787709945,11,787718137,0,8163,12.9929,8134,2,0x6b8bddbc6a,924,7380,0,29,97497,8163,12.9929,8134,29,97462
3078000,8192,11,6,5,787963897,11,787972089,0,8151,12.9899,8111,3,0x69c67a5290,944,7407,0,40,97537,8151,12.9899,8111,40,97502
3079000,8192,11,6,5,788217849,11,788226041,0,8154,12.9907,8116,2,0xc81f9bc1c2,971,7487,0,38,97575,8154,12.9907,8116,38,97540
3080000,8192,11,6,5,788479989,11,788488181,0,8137,12.9865,8083,3,0xcfba6e0db2,0,3,0,54,97629,8137,12.9865,8083,54,97594
3081000,8192,11,6,5,788733945,11,788742137,0,8155,12.9910,8118,2,0xe5847ffbbd,953,7397,0,37,97666,8155,12.9910,8118,37,97631
3082000,8192,11,6,5,788987897,11,788996089,0,8155,12.9910,8118,2,0x3109b35051,922,7404,0,37,97703,8155,12.9910,8118,37,97668
3083000,8192,11,6,5,789241849,11,789250041,0,8153,12.9905,8114,2,0x75ab540af6,1005,7448,0,39,97742,8153,12.9905,8114,39,97707
3084000,8192,11,6,5,789503989,11,789512181,0,8154,12.9907,8116,2,0xfe7b2a3325,1,4,0,38,97780,8154,12.9907,8116,38,97745
3085000,8192,11,6,5,789757945,11,789766137,0,8154,12.9907,8116,2,0xec5ad0eb22,987,7468,0,38,97818,8154,12.9907,8116,38,97783
3086000,8192,11,6,5,790011897,11,790020089,0,8165,12.9934,8138,2,0x4a2a22dcce,989,7428,0,27,97845,8165,12.9934,8138,27,97810
3087000,8192,11,6,5,790265849,11,790274041,0,8169,12.9944,8146,2,0x479a11c31a,952,7425,0,23,97868,8169,12.9944,8146,23,97833
3088000,8192,11,6,5,790527989,11,790536181,0,8163,12.9929,8134,2,0xa1efcb2a5c,1,4,0,29,97897,8163,12.9929,8134,29,97862
3089000,8192,11,6,5,790781945,11,790790137,0,8158,12.9917,8124,2,0x930cba936b,907,7436,0,34,97931,8158,12.9917,8124,34,97896
3090000,8192,11,6,5,791035897,11,791044089,0,8165,12.9934,8138,2,0xd94e83e58b,1008,7422,0,27,97958,8165,12.9934,8138,27,97923
3091000,8192,11,6,5,791289849,11,791298041,0,8153,12.9905,8114,2,0xe6bc93de2e,1024,7420,0,39,97997,8153,12.9905,8114,39,97962
3092000,8192,11,6,5,791551989,11,791560181,0,8151,12.9900,8110,2,0x169cd71a46,0,4,0,41,98038,8151,12.9900,8110,41,98003
3093000,8192,11,6,5,791805945,11,791814137,0,8161,12.9924,8130,2,0x2a2d223c9f,1027,7378,0,31,98069,8161,12.9924,8130,31,98034
3094000,8192,11,6,5,792059897,11,792068089,0,8162,12.9927,8132,2,0x82dde0a02e,1019,7391,0,30,98099,8162,12.9927,8132,30,98064
3095000,8192,11,6,5,792313849,11,792322041,0,8160,12.9922,8128,2,0xaaf91e458c,984,7421,0,32,98131,8160,12.9922,8128,32,98096
3096000,8192,11,6,5,792575989,11,792584181,0,8151,12.9900,8110,2,0x04ed6a8ff4,0,3,0,41,98172,8151,12.9900,8110,41,98137
3097000,8192,11,6,5,792829945,11,792838137,0,8164,12.9932,8136,2,0xf6f240d53e,992,7469,0,28,98200,8164,12.9932,8136,28,98165
3098000,8192,11,6,5,793083897,11,793092089,0,8150,12.9897,8108,2,0xf7fbe499d3,997,7400,0,42,98242,8150,12.9897,8108,42,98207
3099000,8192,11,6,5,793337849,11,793346041,0,8153,12.9905,8114,2,0x661121e602,951,7428,0,39,98281,8153,12.9905,8114,39,98246
3100000,8192,11,6,5,793599989,11,793608181,0,8151,12.9900,8110,2,0x8aa5fb8146,2,4,0,41,98322,8151,12.9900,8110,41,98287
3101000,8192,11,6,5,793853945,11,793862137,0,8169,12.9944,8146,2,0xc4fce9c860,980,7407,0,23,98345,8171,12.9949,8150,21,98308
3102000,8192,11,6,5,794107897,11,794116089,0,8163,12.9929,8134,2,0xa5b3d93ddb,968,7445,0,29,98374,8163,12.9929,8134,29,98337
3103000,8192,11,6,5,794361849,11,794370041,0,8169,12.9943,8147,3,0x1730343cc3,1015,7460,0,22,98396,8169,12.9943,8147,22,98359
3104000,8192,11,6,5,794623989,11,794632181,0,8161,12.9924,8130,2,0x38d7cab7bf,0,2,0,31,98427,8161,12.9924,8130,31,98390
3105000,8192,11,6,5,794877945,11,794886137,0,8163,12.9929,8134,2,0xe1066b501f,977,7444,0,29,98456,8163,12.9929,8134,29,98419
3106000,8192,11,6,5,795131897,11,795140089,0,8162,12.9927,8132,2,0x436b5294b9,951,7439,0,30,98486,8162,12.9927,8132,30,98449
3107000,8192,11,6,5,795385849,11,795394041,0,8152,12.9902,8112,2,0x0883920404,920,7393,0,40,98526,8152,12.9902,8112,40,98489
3108000,8192,11,6,5,795647989,11,795656181,0,8163,12.9929,8134,2,0xd6a685873e,1,4,0,29,98555,8163,12.9929,8134,29,98518
3109000,8192,11,6,5,795901945,11,795910137,0,8157,12.9915,8122,2,0xddd3d2f9a5,995,7416,0,35,98590,8157,12.9915,8122,35,98553
3110000,8192,11,6,5,796155897,11,796164089,0,8153,12.9905,8114,2,0xcb4f0bd006,978,7385,0,39,98629,8153,12.9905,8114,39,98592
3111000,8192,11,6,5,796409849,11,796418041,0,8159,12.9919,8126,2,0x88c48dc2c4,941,7409,0,33,98662,8159,12.9919,8126,33,98625
3112000,8192,11,6,5,796671989,11,796680181,0,8152,12.9902,8112,2,0x13ef82d978,1,3,0,40,98702,8152,12.9902,8112,40,98665
3113000,8192,11,6,5,796925945,11,796934137,0,8167,12.9939,8142,2,0x2aba3ccee7,943,7481,0,25,98727,8167,12.9939,8142,25,98690
3114000,8192,11,6,5,797179897,11,797188089,0,8166,12.9937,8140,2,0x535d83edf3,960,7483,0,26,98753,8166,12.9937,8140,26,98716
3115000,8192,11,6,5,797433849,11,797442041,0,8161,12.9924,8130,2,0x9cdf4736e8,935,7418,0,31,98784,8161,12.9924,8130,31,98747
3116000,8192,11,6,5,797695989,11,797704181,0,8171,12.9948,8151,3,0x8c1b5d4d5b,0,3,0,20,98804,8171,12.9948,8151,20,98767
3117000,8192,11,6,5,797949945,11,797958137,0,8163,12.9929,8134,2,0x50de12d878,997,7467,0,29,98833,8163,12.9929,8134,29,98796
3118000,8192,11,6,5,798203897,11,798212089,0,8165,12.9934,8138,2,0x08aadb723b,971,7434,0,27,98860,8165,12.9934,8138,27,98823
3119000,8192,11,6,5,798457849,11,798466041,0,8168,12.9940,8145,3,0x57e75b41d5,950,7414,0,23,98883,8168,12.9940,8145,23,98846
3120000,8192,11,6,5,798719989,11,798728181,0,8157,12.9915,8122,2,0x5e53e540fa,0,4,0,35,98918,8157,12.9915,8122,35,98881
3121000,8192,11,6,5,798973945,11,798982137,0,8159,12.9919,8126,2,0xc9861bd005,1020,7415,0,33,98951,8159,12.9919,8126,33,98914
3122000,8192,11,6,5,799227897,11,799236089,0,8158,12.9916,8125,3,0x2b524c3f57,971,7417,0,33,98984,8158,12.9916,8125,33,98947
3123000,8192,11,6,5,799481849,11,799490041,0,8156,12.9912,8120,2,0x559e1cd336,1042,7409,0,36,99020,8155,12.9910,8118,37,98984
3124000,8192,11,6,5,799743989,11,799752181,0,8166,12.9937,8140,2,0xf9d4b8cc8f,0,3,0,26,99046,8166,12.9937,8140,26,99010
3125000,8192,11,6,5,799997945,11,800006137,0,8157,12.9915,8122,2,0xc4bd166c93,957,7389,0,35,99081,8157,12.9915,8122,35,99045
3126000,8192,11,6,5,800251897,11,800260089,0,8156,12.9912,8120,2,0x43bd9c2531,984,7422,0,36,99117,8156,12.9912,8120,36,99081
3127000,8192,11,6,5,800505849,11,800514041,0,8161,12.9924,8130,2,0x0ac16161c8,974,7417,0,31,99148,8161,12.9924,8130,31,99112
3128000,8192,11,6,5,800767989,11,800776181,0,8158,12.9917,8124,2,0x6333f2f6ff,2,4,0,34,99182,8158,12.9917,8124,34,99146
3129000,8192,11,6,5,801021945,11,801030137,0,8165,12.9934,8138,2,0x0ae3f97bf4,998,7377,0,27,99209,8165,12.9934,8138,27,99173
3130000,8192,11,6,5,801275897,11,801284089,0,8161,12.9924,8130,2,0xe795f1ab66,978,7430,0,31,99240,8162,12.9927,8132,30,99203
3131000,8192,11,6,5,801529849,11,801538041,0,8159,12.9919,8126,2,0x2d98796383,998,7394,0,33,99273,8159,12.9919,8126,33,99236
3132000,8192,11,6,5,801791989,11,801800181,0,8149,12.9895,8106,2,0x701a03e078,0,3,0,43,99316,8149,12.9895,8106,43,99279
3133000,8192,11,6,5,802045945,11,802054137,0,8160,12.9922,8128,2,0x94720e3953,934,7421,0,32,99348,8160,12.9922,8128,32,99311
3134000,8192,11,6,5,802299897,11,802308089,0,8161,12.9924,8130,2,0x9aebf6b4b6,1009,7413,0,31,99379,8161,12.9924,8130,31,99342
3135000,8192,11,6,5,802553849,11,802562041,0,8156,12.9912,8120,2,0xa71f7e5f66,1007,7373,0,36,99415,8156,12.9912,8120,36,99378
3136000,8192,11,6,5,802815989,11,802824181,0,8168,12.9940,8145,3,0x494893214d,0,4,0,23,99438,8168,12.9940,8145,23,99401
3137000,8192,11,6,5,803069945,11,803078137,0,8168,12.9941,8144,2,0x35f2710455,1019,7410,0,24,99462,8168,12.9941,8144,24,99425
3138000,8192,11,6,5,803323897,11,803332089,0,8156,12.9912,8120,2,0x2f953c0532,963,7446,0,36,99498,8156,12.9912,8120,36,99461
3139000,8192,11,6,5,803577849,11,803586041,0,8156,12.9911,8121,3,0x483493b7f0,1028,7437,0,35,99533,8156,12.9911,8121,35,99496
3140000,8192,11,6,5,803839989,11,803848181,0,8162,12.9927,8132,2,0x55e1f1b822,0,4,0,30,99563,8162,12.9927,8132,30,99526
3141000,8192,11,6,5,804093945,11,804102137,0,8157,12.9915,8122,2,0xc07cf5dc58,925,7408,0,35,99598,8157,12.9915,8122,35,99561
3142000,8192,11,6,5,804347897,11,804356089,0,8168,12.9941,8144,2,0x7707ff5f77,978,7502,0,24,99622,8168,12.9941,8144,24,99585
3143000,8192,11,6,5,804601849,11,804610041,0,8154,12.9907,8116,2,0x4117d93b0c,943,7405,0,38,99660,8154,12.9907,8116,38,99623
3144000,8192,11,6,5,804863989,11,804872181,0,8164,12.9932,8136,2,0x37d6deba9e,0,4,0,28,99688,8164,12.9932,8136,28,99651
3145000,8192,11,6,5,805117945,11,805126137,0,8160,12.9922,8128,2,0x5e703d451b,982,7368,0,32,99720,8160,12.9922,8128,32,99683
3146000,8192,11,6,5,805371897,11,805380089,0,8160,12.9922,8128,2,0x21452df6ef,987,7419,0,32,99752,8160,12.9922,8128,32,99715
3147000,8192,11,6,5,805625849,11,805634041,0,8160,12.9922,8128,2,0xca1e6d60fe,1000,7429,0,32,99784,8160,12.9922,8128,32,99747
3148000,8192,11,6,5,805887989,11,805896181,0,8160,12.9922,8128,2,0xb8f2066937,0,4,0,32,99816,8160,12.9922,8128,32,99779
3149000,8192,11,6,5,806141945,11,806150137,0,8155,12.9910,8118,2,0x99e86515c6,993,7379,0,37,99853,8155,12.9910,8118,37,99816
3150000,8192,11,6,5,806395897,11,806404089,0,8164,12.9932,8136,2,0x73f77b2f4b,935,7408,0,28,99881,8164,12.9932,8136,28,99844
3151000,8192,11,6,5,806649849,11,806658041,0,8160,12.9922,8128,2,0xf115548e26,1014,7417,0,32,99913,8160,12.9922,8128,32,99876
3152000,8192,11,6,5,806911989,11,806920181,0,8159,12.9919,8126,2,0x7b38f2ac2d,0,4,0,33,99946,8159,12.9919,8126,33,99909
3153000,8192,11,6,5,807165945,11,807174137,0,8161,12.9924,8130,2,0x1a690fb838,1009,7404,0,31,99977,8161,12.9924,8130,31,99940
3154000,8192,11,6,5,807419897,11,807428089,0,8165,12.9934,8138,2,0xede59066c7,1004,7416,0,27,100004,8165,12.9934,8138,27,99967
3155000,8192,11,6,5,807673849,11,807682041,0,8168,12.9941,8144,2,0x3d790455a2,1011,7395,0,24,100028,8168,12.9941,8144,24,99991
3156000,8192,11,6,5,807935989,11,807944181,0,8158,12.9917,8124,2,0x2aaec50fda,0,4,0,34,100062,8158,12.9917,8124,34,100025
3157000,8192,11,6,5,808189945,11,808198137,0,8153,12.9905,8114,2,0x7b95e3c5ff,1016,7392,0,39,100101,8153,12.9905,8114,39,100064
3158000,8192,11,6,5,808443897,11,808452089,0,8161,12.9923,8131,3,0x0d6241634e,980,7441,0,30,100131,8161,12.9923,8131,30,100094
3159000,8192,11,6,5,808697849,11,808706041,0,8160,12.9922,8128,2,0x2cfc83e1a4,1008,7380,0,32,100163,8160,12.9922,8128,32,100126
3160000,8192,11,6,5,808959989,11,808968181,0,8162,12.9926,8133,3,0x7dff42c335,0,4,0,29,100192,8162,12.9926,8133,29,100155
3161000,8192,11,6,5,809213945,11,809222137,0,8159,12.9919,8126,2,0x0097a75172,1007,7436,0,33,100225,8159,12.9919,8126,33,100188
3162000,8192,11,6,5,809467897,11,809476089,0,8167,12.9939,8142,2,0x86d9f503d8,1006,7420,0,25,100250,8167,12.9939,8142,25,100213
3163000,8192,11,6,5,809721849,11,809730041,0,8163,12.9929,8134,2,0xb65634cb14,961,7404,0,29,100279,8163,12.9929,8134,29,100242
3164000,8192,11,6,5,809983989,11,809992181,0,8161,12.9924,8130,2,0x7c5e9fdf1f,1,4,0,31,100310,8161,12.9924,8130,31,100273
3165000,8192,11,6,5,810237945,11,810246137,0,8161,12.9924,8130,2,0xdbea6d3462,1015,7434,0,31,100341,8161,12.9924,8130,31,100304
3166000,8192,11,6,5,810491897,11,810500089,0,8164,12.9932,8136,2,0xc1188063c9,969,7398,0,28,100369,8164,12.9932,8136,28,100332
3167000,8192,11,6,5,810745849,11,810754041,0,8148,12.9893,8104,2,0xd93b8c5e40,947,7424,0,44,100413,8148,12.9893,8104,44,100376
3168000,8192,11,6,5,811007989,11,811016181,0,8152,12.9902,8112,2,0x997dd0ad78,0,3,0,40,100453,8152,12.9902,8112,40,100416
3169000,8192,11,6,5,811261945,11,811270137,0,8156,12.9912,8120,2,0x309cbe0e76,1022,7432,0,36,100489,8156,12.9912,8120,36,100452
3170000,8192,11,6,5,811515897,11,811524089,0,8156,12.9912,8120,2,0xe94df13d71,959,7391,0,36,100525,8156,12.9912,8120,36,100488
3171000,8192,11,6,5,811769849,11,811778041,0,8158,12.9917,8124,2,0x0ec4fed101,954,7377,0,34,100559,8158,12.9917,8124,34,100522
3172000,8192,11,6,5,812031989,11,812040181,0,8159,12.9919,8126,2,0x6782f5e0f9,0,4,0,33,100592,8159,12.9919,8126,33,100555
3173000,8192,11,6,5,812285945,11,812294137,0,8151,12.9900,8110,2,0x2c4cfb97e4,979,7422,0,41,100633,8151,12.9900,8110,41,100596
3174000,8192,11,6,5,812539897,11,812548089,0,8161,12.9924,8130,2,0xa04e56c81f,942,7433,0,31,100664,8161,12.9924,8130,31,100627
3175000,8192,11,6,5,812793849,11,812802041,0,8173,12.9954,8154,2,0x1788077c4f,1007,7389,0,19,100683,8173,12.9954,8154,19,100646
3176000,8192,11,6,5,813055989,11,813064181,0,8168,12.9941,8144,2,0x0ea9ea2b39,1,3,0,24,100707,8168,12.9941,8144,24,100670
3177000,8192,11,6,5,813309945,11,813318137,0,8161,12.9924,8130,2,0x26130e1632,952,7414,0,31,100738,8162,12.9927,8132,30,100700
3178000,8192,11,6,5,813563897,11,813572089,0,8155,12.9910,8118,2,0xe096530c11,995,7423,0,37,100775,8155,12.9910,8118,37,100737
3179000,8192,11,6,5,813817849,11,813826041,0,8159,12.9919,8126,2,0x5cb287d688,1027,7437,0,33,100808,8159,12.9919,8126,33,100770
3180000,8192,11,6,5,814079989,11,814088181,0,8169,12.9944,8146,2,0x3582d6a54d,0,3,0,23,100831,8169,12.9944,8146,23,100793
3181000,8192,11,6,5,814333945,11,814342137,0,8160,12.9922,8128,2,0x78f5d3f004,918,7400,0,32,100863,8160,12.9922,8128,32,100825
3182000,8192,11,6,5,814587897,11,814596089,0,8170,12.9946,8148,2,0xaba41020ac,980,7410,0,22,100885,8170,12.9946,8148,22,100847
3183000,8192,11,6,5,814841849,11,814850041,0,8158,12.9917,8124,2,0x316f6fd100,940,7386,0,34,100919,8158,12.9917,8124,34,100881
3184000,8192,11,6,5,815103989,11,815112181,0,8164,12.9932,8136,2,0x7a1c60d6d4,1,4,0,28,100947,8164,12.9932,8136,28,100909
3185000,8192,11,6,5,815357945,11,815366137,0,8149,12.9895,8106,2,0x57434707df,948,7382,0,43,100990,8149,12.9895,8106,43,100952
3186000,8192,11,6,5,815611897,11,815620089,0,8169,12.9944,8146,2,0x46af584be6,944,7440,0,23,101013,8169,12.9944,8146,23,100975
3187000,8192,11,6,5,815865849,11,815874041,0,8159,12.9919,8126,2,0x68fa09263d,1018,7383,0,33,101046,8159,12.9919,8126,33,101008
3188000,8192,11,6,5,816127989,11,816136181,0,8145,12.9885,8098,2,0x6d7d978ee2,2,4,0,47,101093,8145,12.9885,8098,47,101055
3189000,8192,11,6,5,816381945,11,816390137,0,8164,12.9932,8136,2,0x8549679026,981,7420,0,28,101121,8164,12.9932,8136,28,101083
3190000,8192,11,6,5,816635897,11,816644089,0,8161,12.9924,8130,2,0xb711990868,997,7407,0,31,101152,8161,12.9924,8130,31,101114
3191000,8192,11,6,5,816889849,11,816898041,0,8150,12.9897,8108,2,0xeb095056af,955,7437,0,42,101194,8150,12.9897,8108,42,101156
3192000,8192,11,6,5,817151989,11,817160181,0,8164,12.9932,8136,2,0xa6537bbc7d,0,3,0,28,101222,8164,12.9932,8136,28,101184
3193000,8192,11,6,5,817405945,11,817414137,0,8162,12.9927,8132,2,0xcaee5d489e,1044,7455,0,30,101252,8162,12.9927,8132,30,101214
3194000,8192,11,6,5,817659897,11,817668089,0,8155,12.9910,8118,2,0x8de7275c96,995,7383,0,37,101289,8155,12.9910,8118,37,101251
3195000,8192,11,6,5,817913849,11,817922041,0,8175,12.9958,8158,2,0x07fec1a677,948,7425,0,17,101306,8175,12.9958,8158,17,101268
3196000,8192,11,6,5,818175989,11,818184181,0,8155,12.9910,8118,2,0x987f754d8e,0,2,0,37,101343,8155,12.9910,8118,37,101305
3197000,8192,11,6,5,818429945,11,818438137,0,8153,12.9905,8114,2,0xd357242989,1043,7430,0,39,101382,8153,12.9905,8114,39,101344
3198000,8192,11,6,5,818683897,11,818692089,0,8161,12.9924,8130,2,0x1c5992cda5,985,7404,0,31,101413,8161,12.9924,8130,31,101375
3199000,8192,11,6,5,818937849,11,818946041,0,8166,12.9937,8140,2,0x4c60fa482a,972,7392,0,26,101439,8166,12.9937,8140,26,101401
3200000,8192,11,6,5,819199989,11,819208181,0,8148,12.9893,8104,2,0x0c1b616447,0,4,0,44,101483,8148,12.9893,8104,44,101445
3201000,8192,11,6,5,819453945,11,819462137,0,8161,12.9924,8130,2,0xd0b5428b5b,1038,7440,0,31,101514,8161,12.9924,8130,31,101476
3202000,8192,11,6,5,819707897,11,819716089,0,8164,12.9932,8136,2,0xb3034d4bbd,944,7391,0,28,101542,8164,12.9932,8136,28,101504
3203000,8192,11,6,5,819961849,11,819970041,0,8164,12.9932,8136,2,0x8cdda7f02f,940,7399,0,28,101570,8164,12.9932,8136,28,101532
3204000,8192,11,6,5,820223989,11,820232181,0,8158,12.9917,8124,2,0x451910cf81,0,4,0,34,101604,8158,12.9917,8124,34,101566
3205000,8192,11,6,5,820477945,11,820486137,0,8162,12.9927,8132,2,0x9155a4d16c,1000,7443,0,30,101634,8162,12.9927,8132,30,101596
3206000,8192,11,6,5,820731897,11,820740089,0,8156,12.9912,8120,2,0xe6641d60de,942,7396,0,36,101670,8156,12.9912,8120,36,101632
3207000,8192,11,6,5,820985849,11,820994041,0,8163,12.9929,8134,2,0x1126647880,1000,7403,0,29,101699,8163,12.9929,8134,29,101661
3208000,8192,11,6,5,821247989,11,821256181,0,8162,12.9927,8132,2,0x30d4e1a66b,0,2,0,30,101729,8162,12.9927,8132,30,101691
3209000,8192,11,6,5,821501945,11,821510137,0,8162,12.9927,8132,2,0x0e19088364,1003,7426,0,30,101759,8162,12.9927,8132,30,101721
3210000,8192,11,6,5,821755897,11,821764089,0,8157,12.9915,8122,2,0x4e75b708ae,1013,7427,0,35,101794,8157,12.9915,8122,35,101756
3211000,8192,11,6,5,822009849,11,822018041,0,8160,12.9922,8128,2,0xf633d866cd,984,7407,0,32,101826,8161,12.9924,8130,31,101787
3212000,8192,11,6,5,822271989,11,822280181,0,8157,12.9915,8122,2,0xec9dc1b1cb,1,3,0,35,101861,8157,12.9915,8122,35,101822
3213000,8192,11,6,5,822525945,11,822534137,0,8161,12.9924,8130,2,0xf3feb45f89,1002,7440,0,31,101892,8161,12.9924,8130,31,101853
3214000,8192,11,6,5,822779897,11,822788089,0,8169,12.9943,8147,3,0x730d7f0b9f,980,7409,0,22,101914,8169,12.9943,8147,22,101875
3215000,8192,11,6,5,823033849,11,823042041,0,8149,12.9895,8106,2,0x0b2dd72e80,938,7397,0,43,101957,8149,12.9895,8106,43,101918
3216000,8192,11,6,5,823295989,11,823304181,0,8159,12.9919,8126,2,0x5365d6cd22,0,4,0,33,101990,8159,12.9919,8126,33,101951
3217000,8192,11,6,5,823549945,11,823558137,0,8165,12.9934,8138,2,0x5ae3d231f6,1005,7438,0,27,102017,8165,12.9934,8138,27,101978
3218000,8192,11,6,5,823803897,11,823812089,0,8165,12.9934,8138,2,0x96cb726dd2,1017,7408,0,27,102044,8165,12.9934,8138,27,102005
3219000,8192,11,6,5,824057849,11,824066041,0,8154,12.9907,8116,2,0x3f04398c54,952,7409,0,38,102082,8154,12.9907,8116,38,102043
3220000,8192,11,6,5,824319989,11,824328181,0,8162,12.9927,8132,2,0xa6dff4224f,1,4,0,30,102112,8162,12.9927,8132,30,102073
3221000,8192,11,6,5,824573945,11,824582137,0,8166,12.9937,8140,2,0x4a893ef637,964,7430,0,26,102138,8166,12.9937,8140,26,102099
3222000,8192,11,6,5,824827897,11,824836089,0,8159,12.9919,8126,2,0x1c0040d1f9,1017,7429,0,33,102171,8159,12.9919,8126,33,102132
3223000,8192,11,6,5,825081849,11,825090041,0,8174,12.9956,8156,2,0xbe1b7d8981,1015,7501,0,18,102189,8174,12.9956,8156,18,102150
3224000,8192,11,6,5,825343989,11,825352181,0,8160,12.9922,8128,2,0xb4674ec5b2,0,3,0,32,102221,8160,12.9922,8128,32,102182
3225000,8192,11,6,5,825597945,11,825606137,0,8167,12.9939,8142,2,0x0e82bae09b,955,7401,0,25,102246,8167,12.9939,8142,25,102207
3226000,8192,11,6,5,825851897,11,825860089,0,8160,12.9922,8128,2,0xa4966017ca,970,7406,0,32,102278,8160,12.9922,8128,32,102239
3227000,8192,11,6,5,826105849,11,826114041,0,8162,12.9927,8132,2,0xf125ca0765,1071,7422,0,30,102308,8162,12.9927,8132,30,102269
3228000,8192,12,7,5,826367988,12,826376180,0,8162,12.9927,8132,2,0x5dddd84799,1,4,0,30,102338,8162,12.9927,8132,30,102299
3229000,8192,12,7,5,826621944,12,826630136,0,8163,12.9929,8134,2,0x90ec764c7e,933,7441,0,29,102367,8163,12.9929,8134,29,102328
3230000,8192,12,7,5,826875896,12,826884088,0,8163,12.9929,8134,2,0x931cbd2cb7,922,7409,0,29,102396,8163,12.9929,8134,29,102357
3231000,8192,12,7,5,827129848,12,827138040,0,8152,12.9902,8112,2,0xbd67df5d1e,970,7419,0,40,102436,8152,12.9902,8112,40,102397
3232000,8192,12,7,5,827391988,12,827400180,0,8168,12.9941,8144,2,0xf5ea2bdba6,1,3,0,24,102460,8168,12.9941,8144,24,102421
3233000,8192,12,7,5,827645944,12,827654136,0,8165,12.9934,8138,2,0x9e9e3a37c6,968,7481,0,27,102487,8165,12.9934,8138,27,102448
3234000,8192,12,7,5,827899896,12,827908088,0,8154,12.9907,8116,2,0xb82fcb3145,904,7370,0,38,102525,8154,12.9907,8116,38,102486
3235000,8192,12,7,5,828153848,12,828162040,0,8158,12.9917,8124,2,0x79dd7c4b5e,942,7417,0,34,102559,8158,12.9917,8124,34,102520
3236000,8192,12,7,5,828415988,12,828424180,0,8161,12.9924,8130,2,0xa68d8f3227,1,3,0,31,102590,8161,12.9924,8130,31,102551
3237000,8192,12,7,5,828669944,12,828678136,0,8164,12.9932,8136,2,0x4b87d811e1,922,7438,0,28,102618,8164,12.9932,8136,28,102579
3238000,8192,12,7,5,828923896,12,828932088,0,8168,12.9941,8144,2,0xdc2e0f4477,1025,7445,0,24,102642,8168,12.9941,8144,24,102603
3239000,8192,12,7,5,829177848,12,829186040,0,8166,12.9937,8140,2,0x5e1ea7fd2e,1031,7429,0,26,102668,8166,12.9937,8140,26,102629
3240000,8192,12,7,5,829439988,12,829448180,0,8164,12.9932,8136,2,0x1035e6f5be,0,3,0,28,102696,8164,12.9932,8136,28,102657
3241000,8192,12,7,5,829693944,12,829702136,0,8161,12.9924,8130,2,0x97d97386d2,956,7400,0,31,102727,8161,12.9924,8130,31,102688
3242000,8192,12,7,5,829947896,12,829956088,0,8166,12.9937,8140,2,0x19155db0c0,955,7452,0,26,102753,8166,12.9937,8140,26,102714
3243000,8192,12,7,5,830201848,12,830210040,0,8155,12.9910,8118,2,0x1b7e68570d,973,7381,0,37,102790,8155,12.9910,8118,37,102751
3244000,8192,12,7,5,830463988,12,830472180,0,8156,12.9912,8120,2,0xb44318e1ff,0,4,0,36,102826,8156,12.9912,8120,36,102787
3245000,8192,12,7,5,830717944,12,830726136,0,8151,12.9900,8110,2,0xc5fbf5d6c0,982,7418,0,41,102867,8151,12.9900,8110,41,102828
3246000,8192,12,7,5,830971896,12,830980088,0,8161,12.9923,8131,3,0x373931bbef,962,7378,0,30,102897,8161,12.9923,8131,30,102858
3247000,8192,12,7,5,831225848,12,831234040,0,8162,12.9927,8132,2,0x709df0c986,954,7373,0,30,102927,8162,12.9927,8132,30,102888
3248000,8192,12,7,5,831487988,12,831496180,0,8161,12.9924,8130,2,0x556dbad604,1,3,0,31,102958,8161,12.9924,8130,31,102919
3249000,8192,12,7,5,831741944,12,831750136,0,8155,12.9910,8118,2,0xd72191bf37,1017,7476,0,37,102995,8155,12.9910,8118,37,102956
3250000,8192,12,7,5,831995896,12,832004088,0,8170,12.9945,8149,3,0xce4493bbd8,1021,7413,0,21,103016,8170,12.9945,8149,21,102977
3251000,8192,12,7,5,832249848,12,832258040,0,8151,12.9900,8110,2,0x92c2a8f248,983,7471,0,41,103057,8151,12.9900,8110,41,103018
3252000,8192,12,7,5,832511988,12,832520180,0,8160,12.9921,8129,3,0xc092a23455,0,3,0,31,103088,8160,12.9921,8129,31,103049
3253000,8192,12,7,5,832765944,12,832774136,0,8164,12.9932,8136,2,0x4eb0365cf1,996,7400,0,28,103116,8164,12.9932,8136,28,103077
3254000,8192,12,7,5,833019896,12,833028088,0,8173,12.9954,8154,2,0x00d2c05eb4,923,7439,0,19,103135,8173,12.9954,8154,19,103096
3255000,8192,12,7,5,833273848,12,833282040,0,8163,12.9929,8134,2,0xcf3183403b,987,7422,0,29,103164,8163,12.9929,8134,29,103125
3256000,8192,12,7,5,833535988,12,833544180,0,8156,12.9912,8120,2,0xebf6464942,1,4,0,36,103200,8156,12.9912,8120,36,103161
3257000,8192,12,7,5,833789944,12,833798136,0,8157,12.9915,8122,2,0xa96eb36a3f,1001,7433,0,35,103235,8157,12.9915,8122,35,103196
3258000,8192,12,7,5,834043896,12,834052088,0,8171,12.9949,8150,2,0x8c3d986109,958,7376,0,21,103256,8171,12.9949,8150,21,103217
3259000,8192,12,7,5,834297848,12,834306040,0,8151,12.9900,8110,2,0xebce47188a,999,7402,0,41,103297,8152,12.9902,8112,40,103257
3260000,8192,12,7,5,834559988,12,834568180,0,8161,12.9924,8130,2,0xb424a7041c,0,4,0,31,103328,8161,12.9924,8130,31,103288
3261000,8192,12,7,5,834813944,12,834822136,0,8162,12.9927,8132,2,0x6897ddaddd,977,7388,0,30,103358,8162,12.9927,8132,30,103318
3262000,8192,12,7,5,835067896,12,835076088,0,8155,12.9910,8118,2,0xe682fe4b4a,974,7455,0,37,103395,8156,12.9912,8120,36,103354
3263000,8192,12,7,5,835321848,12,835330040,0,8162,12.9927,8132,2,0xe710e1ac84,918,7446,0,30,103425,8162,12.9927,8132,30,103384
3264000,8192,12,7,5,835583988,12,835592180,0,8155,12.9910,8118,2,0xcd716038cf,1,4,0,37,103462,8155,12.9910,8118,37,103421
3265000,8192,12,7,5,835837944,12,835846136,0,8163,12.9929,8134,2,0xec3cddc0fb,991,7485,0,29,103491,8163,12.9929,8134,29,103450
3266000,8192,12,7,5,836091896,12,836100088,0,8150,12.9897,8109,3,0x9d623a335d,1020,7421,0,41,103532,8150,12.9897,8109,41,103491
3267000,8192,12,7,5,836345848,12,836354040,0,8156,12.9912,8120,2,0xeff5f0c8a3,955,7390,0,36,103568,8156,12.9912,8120,36,103527
3268000,8192,12,7,5,836607988,12,836616180,0,8163,12.9929,8134,2,0x9e6fe9f710,1,4,0,29,103597,8163,12.9929,8134,29,103556
3269000,8192,12,7,5,836861944,12,836870136,0,8149,12.9895,8106,2,0xd9fd7e8614,980,7444,0,43,103640,8149,12.9895,8106,43,103599
3270000,8192,12,7,5,837115896,12,837124088,0,8170,12.9946,8148,2,0xb36f8bf23d,1023,7421,0,22,103662,8170,12.9946,8148,22,103621
3271000,8192,12,7,5,837369848,12,837378040,0,8161,12.9924,8130,2,0x9fd394cde3,1024,7406,0,31,103693,8161,12.9924,8130,31,103652
3272000,8192,12,7,5,837631988,12,837640180,0,8156,12.9912,8120,2,0x658c33cab5,0,4,0,36,103729,8156,12.9912,8120,36,103688
3273000,8192,12,7,5,837885944,12,837894136,0,8160,12.9922,8128,2,0x2a4e15764d,968,7451,0,32,103761,8160,12.9922,8128,32,103720
3274000,8192,12,7,5,838139896,12,838148088,0,8144,12.9883,8096,2,0x188d6d075e,1033,7456,0,48,103809,8144,12.9883,8096,48,103768
3275000,8192,12,7,5,838393848,12,838402040,0,8161,12.9924,8130,2,0x14d3ec57da,1003,7411,0,31,103840,8161,12.9924,8130,31,103799
3276000,8192,12,7,5,838655988,12,838664180,0,8147,12.9890,8102,2,0x5e66b0156f,1,3,0,45,103885,8147,12.9890,8102,45,103844
3277000,8192,12,7,5,838909944,12,838918136,0,8168,12.9941,8144,2,0x706e3f0568,972,7408,0,24,103909,8168,12.9941,8144,24,103868
3278000,8192,12,7,5,839163896,12,839172088,0,8163,12.9929,8134,2,0xdb0a827349,987,7418,0,29,103938,8163,12.9929,8134,29,103897
3279000,8192,12,7,5,839417848,12,839426040,0,8169,12.9944,8146,2,0xba13c5c1cb,984,7437,0,23,103961,8169,12.9944,8146,23,103920
3280000,8192,12,7,5,839679988,12,839688180,0,8167,12.9938,8143,3,0x405df30bc3,1,3,0,24,103985,8167,12.9938,8143,24,103944
3281000,8192,12,7,5,839933944,12,839942136,0,8160,12.9922,8128,2,0x43e47d1e61,1012,7443,0,32,104017,8160,12.9922,8128,32,103976
3282000,8192,12,7,5,840187896,12,840196088,0,8159,12.9919,8126,2,0x5ad3119beb,979,7415,0,33,104050,8159,12.9919,8126,33,104009
3283000,8192,12,7,5,840441848,12,840450040,0,8167,12.9939,8142,2,0x1df986387c,1004,7434,0,25,104075,8167,12.9939,8142,25,104034
3284000,8192,12,7,5,840703988,12,840712180,0,8156,12.9912,8120,2,0x675e76e127,0,3,0,36,104111,8156,12.9912,8120,36,104070
3285000,8192,12,7,5,840957944,12,840966136,0,8153,12.9905,8114,2,0x5bd68e34cf,921,7413,0,39,104150,8153,12.9905,8114,39,104109
3286000,8192,12,7,5,841211896,12,841220088,0,8159,12.9919,8126,2,0x93f539e5a1,955,7411,0,33,104183,8159,12.9919,8126,33,104142
3287000,8192,12,7,5,841465848,12,841474040,0,8155,12.9910,8118,2,0x4af3744232,975,7410,0,37,104220,8155,12.9910,8118,37,104179
3288000,8192,12,7,5,841727988,12,841736180,0,8171,12.9949,8150,2,0x84988f2b3d,0,4,0,21,104241,8171,12.9949,8150,21,104200
3289000,8192,12,7,5,841981944,12,841990136,0,8156,12.9912,8120,2,0x648da1734e,983,7391,0,36,104277,8156,12.9912,8120,36,104236
3290000,8192,12,7,5,842235896,12,842244088,0,8157,12.9915,8122,2,0xb916ef8b03,999,7373,0,35,104312,8157,12.9915,8122,35,104271
3291000,8192,12,7,5,842489848,12,842498040,0,8165,12.9934,8138,2,0x24becb9f7c,967,7461,0,27,104339,8165,12.9934,8138,27,104298
3292000,8192,12,7,5,842751988,12,842760180,0,8167,12.9939,8142,2,0x9810131aad,1,4,0,25,104364,8167,12.9939,8142,25,104323
3293000,8192,12,7,5,843005944,12,843014136,0,8159,12.9919,8126,2,0xe7c3e93c15,995,7388,0,33,104397,8159,12.9919,8126,33,104356
3294000,8192,12,7,5,843259896,12,843268088,0,8158,12.9916,8125,3,0x08e8556c17,999,7450,0,33,104430,8158,12.9916,8125,33,104389
3295000,8192,12,7,5,843513848,12,843522040,0,8160,12.9922,8128,2,0x7c98b32c95,958,7377,0,32,104462,8160,12.9922,8128,32,104421
3296000,8192,12,7,5,843775988,12,843784180,0,8159,12.9919,8126,2,0xe5fea89e0a,2,4,0,33,104495,8159,12.9919,8126,33,104454
3297000,8192,12,7,5,844029944,12,844038136,0,8160,12.9922,8128,2,0x4e4ca4b293,940,7422,0,32,104527,8160,12.9922,8128,32,104486
3298000,8192,12,7,5,844283896,12,844292088,0,8164,12.9932,8136,2,0x3a900236c2,973,7445,0,28,104555,8164,12.9932,8136,28,104514
3299000,8192,12,7,5,844537848,12,844546040,0,8163,12.9929,8134,2,0xa47b232dfd,957,7410,0,29,104584,8163,12.9929,8134,29,104543
3300000,8192,12,7,5,844799988,12,844808180,0,8162,12.9927,8132,2,0x8faad88289,0,3,0,30,104614,8162,12.9927,8132,30,104573
3301000,8192,12,7,5,845053944,12,845062136,0,8161,12.9924,8130,2,0xd44e31c48b,942,7409,0,31,104645,8162,12.9927,8132,30,104603
3302000,8192,12,7,5,845307896,12,845316088,0,8160,12.9922,8128,2,0x68a927f5e7,955,7412,0,32,104677,8160,12.9922,8128,32,104635
3303000,8192,12,7,5,845561848,12,845570040,0,8165,12.9934,8138,2,0x6f5a6e1fa4,998,7398,0,27,104704,8165,12.9934,8138,27,104662
3304000,8192,12,7,5,845823988,12,845832180,0,8165,12.9934,8138,2,0xef55c95d49,2,4,0,27,104731,8165,12.9934,8138,27,104689
3305000,8192,12,7,5,846077944,12,846086136,0,8159,12.9919,8126,2,0xf8133dbfd3,966,7362,0,33,104764,8159,12.9919,8126,33,104722
3306000,8192,12,7,5,846331896,12,846340088,0,8164,12.9932,8136,2,0x1c7b5afa85,943,7403,0,28,104792,8164,12.9932,8136,28,104750
3307000,8192,12,7,5,846585848,12,846594040,0,8154,12.9907,8116,2,0xb395723b29,1025,7384,0,38,104830,8154,12.9907,8116,38,104788
3308000,8192,12,7,5,846847988,12,846856180,0,8152,12.9902,8112,2,0xc6e609a8ee,0,4,0,40,104870,8152,12.9902,8112,40,104828
3309000,8192,12,7,5,847101944,12,847110136,0,8148,12.9892,8105,3,0x3edff40288,931,7400,0,43,104913,8148,12.9892,8105,43,104871
3310000,8192,12,7,5,847355896,12,847364088,0,8165,12.9934,8138,2,0xd26123321a,1036,7405,0,27,104940,8165,12.9934,8138,27,104898
3311000,8192,12,7,5,847609848,12,847618040,0,8161,12.9924,8130,2,0xa4c5d72eeb,977,7372,0,31,104971,8161,12.9924,8130,31,104929
3312000,8192,12,7,5,847871988,12,847880180,0,8151,12.9899,8111,3,0xf7e2423146,0,3,0,40,105011,8151,12.9899,8111,40,104969
3313000,8192,12,7,5,848125944,12,848134136,0,8158,12.9917,8124,2,0x592b0be847,1003,7413,0,34,105045,8158,12.9917,8124,34,105003
3314000,8192,12,7,5,848379896,12,848388088,0,8166,12.9937,8140,2,0x8d5b8b0118,945,7422,0,26,105071,8166,12.9937,8140,26,105029
3315000,8192,12,7,5,848633848,12,848642040,0,8150,12.9897,8108,2,0x439093c36a,1003,7392,0,42,105113,8150,12.9897,8108,42,105071
3316000,8192,12,7,5,848895988,12,848904180,0,8166,12.9937,8140,2,0x8a78cadf17,2,4,0,26,105139,8166,12.9937,8140,26,105097
3317000,8192,12,7,5,849149944,12,849158136,0,8151,12.9900,8110,2,0xabc33fa50a,943,7347,0,41,105180,8151,12.9900,8110,41,105138
3318000,8192,12,7,5,849403896,12,849412088,0,8153,12.9905,8114,2,0x6cb2647ac1,1026,7422,0,39,105219,8153,12.9905,8114,39,105177
3319000,8192,12,7,5,849657848,12,849666040,0,8157,12.9915,8122,2,0x4117d16f03,1006,7422,0,35,105254,8157,12.9915,8122,35,105212
3320000,8192,12,7,5,849919988,12,849928180,0,8160,12.9922,8128,2,0x675434e73e,1,3,0,32,105286,8160,12.9922,8128,32,105244
3321000,8192,12,7,5,850173944,12,850182136,0,8163,12.9929,8134,2,0x252ce3a8d8,1001,7448,0,29,105315,8163,12.9929,8134,29,105273
3322000,8192,12,7,5,850427896,12,850436088,0,8158,12.9917,8124,2,0xef7fe02b18,974,7429,0,34,105349,8158,12.9917,8124,34,105307
3323000,8192,12,7,5,850681848,12,850690040,0,8151,12.9900,8110,2,0xba8117f5f8,986,7404,0,41,105390,8151,12.9900,8110,41,105348
3324000,8192,12,7,5,850943988,12,850952180,0,8158,12.9916,8125,3,0xeaea439d11,1,4,0,33,105423,8158,12.9916,8125,33,105381
3325000,8192,12,7,5,851197944,12,851206136,0,8167,12.9939,8142,2,0xcfb9ff46eb,950,7384,0,25,105448,8167,12.9939,8142,25,105406
3326000,8192,12,7,5,851451896,12,851460088,0,8165,12.9934,8138,2,0x506d8246f4,994,7414,0,27,105475,8166,12.9937,8140,26,105432
3327000,8192,12,7,5,851705848,12,851714040,0,8166,12.9936,8141,3,0x291bae222c,927,7452,0,25,105500,8166,12.9936,8141,25,105457
3328000,8192,12,7,5,851967988,12,851976180,0,8157,12.9915,8122,2,0xd8d314f291,1,4,0,35,105535,8157,12.9915,8122,35,105492
3329000,8192,12,7,5,852221944,12,852230136,0,8154,12.9907,8116,2,0xb47be46350,980,7438,0,38,105573,8154,12.9907,8116,38,105530
3330000,8192,12,7,5,852475896,12,852484088,0,8167,12.9939,8142,2,0x009cb7b77c,1007,7434,0,25,105598,8167,12.9939,8142,25,105555
3331000,8192,12,7,5,852729848,12,852738040,0,8158,12.9917,8124,2,0x2e77c3e2b3,948,7418,0,34,105632,8158,12.9917,8124,34,105589
3332000,8192,12,7,5,852991988,12,853000180,0,8161,12.9924,8130,2,0xdd592a5afb,0,3,0,31,105663,8161,12.9924,8130,31,105620
3333000,8192,12,7,5,853245944,12,853254136,0,8162,12.9927,8132,2,0xb206ecac55,1002,7437,0,30,105693,8162,12.9927,8132,30,105650
3334000,8192,12,7,5,853499896,12,853508088,0,8174,12.9956,8156,2,0x22ac815a1f,949,7441,0,18,105711,8174,12.9956,8156,18,105668
3335000,8192,12,7,5,853753848,12,853762040,0,8159,12.9919,8126,2,0xefcce29990,1019,7402,0,33,105744,8159,12.9919,8126,33,105701
3336000,8192,12,7,5,854015988,12,854024180,0,8158,12.9916,8125,3,0xea68ae4e0b,2,4,0,33,105777,8158,12.9916,8125,33,105734
3337000,8192,12,7,5,854269944,12,854278136,0,8173,12.9954,8154,2,0x99804c886c,993,7380,0,19,105796,8173,12.9954,8154,19,105753
3338000,8192,12,7,5,854523896,12,854532088,0,8160,12.9922,8128,2,0xdd09bfc064,1000,7377,0,32,105828,8160,12.9922,8128,32,105785
3339000,8192,12,7,5,854777848,12,854786040,0,8156,12.9912,8120,2,0x9dff2df60c,972,7392,0,36,105864,8156,12.9912,8120,36,105821
3340000,8192,12,7,5,855039988,12,855048180,0,8166,12.9937,8140,2,0x71885d41fb,0,4,0,26,105890,8166,12.9937,8140,26,105847
3341000,8192,12,7,5,855293944,12,855302136,0,8158,12.9917,8124,2,0xfecd3fb57a,968,7391,0,34,105924,8158,12.9917,8124,34,105881
3342000,8192,12,7,5,855547896,12,855556088,0,8151,12.9899,8111,3,0x9b11bbf7f1,946,7445,0,40,105964,8151,12.9899,8111,40,105921
3343000,8192,12,7,5,855801848,12,855810040,0,8159,12.9919,8127,3,0x7440973953,929,7432,0,32,105996,8159,12.9919,8127,32,105953
3344000,8192,12,7,5,856063988,12,856072180,0,8156,12.9912,8120,2,0xb9598baf9e,1,4,0,36,106032,8156,12.9912,8120,36,105989
3345000,8192,12,7,5,856317944,12,856326136,0,8145,12.9885,8098,2,0x3ea289c852,1060,7422,0,47,106079,8145,12.9885,8098,47,106036
3346000,8192,12,7,5,856571896,12,856580088,0,8148,12.9893,8104,2,0x3e64a203dc,980,7400,0,44,106123,8148,12.9893,8104,44,106080
3347000,8192,12,7,5,856825848,12,856834040,0,8169,12.9944,8146,2,0x6f0dd8628e,960,7448,0,23,106146,8169,12.9944,8146,23,106103
3348000,8192,12,7,5,857087988,12,857096180,0,8158,12.9917,8124,2,0x7aae891266,1,4,0,34,106180,8158,12.9917,8124,34,106137
3349000,8192,12,7,5,857341944,12,857350136,0,8156,12.9912,8120,2,0xa472ff9a60,978,7450,0,36,106216,8156,12.9912,8120,36,106173
3350000,8192,12,7,5,857595896,12,857604088,0,8168,12.9941,8144,2,0x35abe7a373,921,7370,0,24,106240,8168,12.9941,8144,24,106197
3351000,8192,12,7,5,857849848,12,857858040,0,8164,12.9931,8137,3,0xe1a12a25b8,963,7400,0,27,106267,8164,12.9931,8137,27,106224
3352000,8192,12,7,5,858111988,12,858120180,0,8176,12.9961,8160,2,0x26c4d5115d,0,3,0,16,106283,8176,12.9961,8160,16,106240
3353000,8192,12,7,5,858365944,12,858374136,0,8162,12.9927,8132,2,0x6dbad0d9e9,986,7399,0,30,106313,8162,12.9927,8132,30,106270
3354000,8192,12,7,5,858619896,12,858628088,0,8155,12.9910,8118,2,0xfc4d0ea1b7,988,7391,0,37,106350,8155,12.9910,8118,37,106307
3355000,8192,12,7,5,858873848,12,858882040,0,8165,12.9934,8138,2,0x8bf56b1a70,1010,7387,0,27,106377,8165,12.9934,8138,27,106334
3356000,8192,12,7,5,859135988,12,859144180,0,8163,12.9929,8134,2,0xc366ad883c,1,4,0,29,106406,8163,12.9929,8134,29,106363
3357000,8192,12,7,5,859389944,12,859398136,0,8160,12.9922,8128,2,0x2e78025414,1037,7433,0,32,106438,8160,12.9922,8128,32,106395
3358000,8192,12,7,5,859643896,12,859652088,0,8159,12.9919,8126,2,0x99692eaf13,986,7381,0,33,106471,8159,12.9919,8126,33,106428
3359000,8192,12,7,5,859897848,12,859906040,0,8156,12.9912,8120,2,0xd10f98bea6,959,7417,0,36,106507,8156,12.9912,8120,36,106464
3360000,8192,12,7,5,860159988,12,860168180,0,8168,12.9941,8144,2,0x5f67b344c6,1,4,0,24,106531,8168,12.9941,8144,24,106488
3361000,8192,12,7,5,860413944,12,860422136,0,8163,12.9929,8134,2,0x6f00572e0c,1027,7446,0,29,106560,8163,12.9929,8134,29,106517
3362000,8192,12,7,5,860667896,12,860676088,0,8166,12.9937,8140,2,0xc5774d7351,993,7394,0,26,106586,8166,12.9937,8140,26,106543
3363000,8192,12,7,5,860921848,12,860930040,0,8159,12.9919,8126,2,0xe9188aa41a,1004,7400,0,33,106619,8159,12.9919,8126,33,106576
3364000,8192,12,7,5,861183988,12,861192180,0,8158,12.9917,8124,2,0x626a06f3e1,0,3,0,34,106653,8158,12.9917,8124,34,106610
3365000,8192,12,7,5,861437944,12,861446136,0,8158,12.9917,8124,2,0x753b6f8704,979,7432,0,34,106687,8158,12.9917,8124,34,106644
3366000,8192,12,7,5,861691896,12,861700088,0,8161,12.9924,8130,2,0x511bf04cbb,997,7439,0,31,106718,8161,12.9924,8130,31,106675
3367000,8192,12,7,5,861945848,12,861954040,0,8164,12.9932,8136,2,0x0bd2af606c,1015,7410,0,28,106746,8164,12.9932,8136,28,106703
3368000,8192,12,7,5,862207988,12,862216180,0,8157,12.9915,8122,2,0xdc3f2aad0d,0,4,0,35,106781,8157,12.9915,8122,35,106738
3369000,8192,12,7,5,862461944,12,862470136,0,8159,12.9919,8126,2,0x1416887b2a,930,7417,0,33,106814,8159,12.9919,8126,33,106771
3370000,8192,12,7,5,862715896,12,862724088,0,8159,12.9919,8126,2,0x3bfa37d227,979,7454,0,33,106847,8159,12.9919,8126,33,106804
3371000,8192,12,7,5,862969848,12,862978040,0,8154,12.9907,8116,2,0x1697e64974,1007,7433,0,38,106885,8154,12.9907,8116,38,106842
3372000,8192,12,7,5,863231988,12,863240180,0,8162,12.9927,8132,2,0xab6ff69a7f,0,4,0,30,106915,8162,12.9927,8132,30,106872
3373000,8192,12,7,5,863485944,12,863494136,0,8159,12.9919,8126,2,0xca6327fa32,976,7467,0,33,106948,8159,12.9919,8126,33,106905
3374000,8192,12,7,5,863739896,12,863748088,0,8163,12.9929,8134,2,0x02d74ba2f9,998,7413,0,29,106977,8163,12.9929,8134,29,106934
3375000,8192,12,7,5,863993848,12,864002040,0,8166,12.9937,8140,2,0x94d99096ab,954,7413,0,26,107003,8166,12.9937,8140,26,106960
3376000,8192,12,7,5,864255988,12,864264180,0,8162,12.9927,8132,2,0x17202f2e94,1,4,0,30,107033,8162,12.9927,8132,30,106990
3377000,8192,12,7,5,864509944,12,864518136,0,8152,12.9902,8112,2,0x327bf5e33d,940,7415,0,40,107073,8152,12.9902,8112,40,107030
3378000,8192,12,7,5,864763896,12,864772088,0,8153,12.9905,8114,2,0x63379267c4,981,7458,0,39,107112,8153,12.9905,8114,39,107069
3379000,8192,14,8,6,865017848,14,865026040,0,8167,12.9939,8142,2,0x795ae0da95,961,7390,0,25,107137,8167,12.9939,8142,25,107094
3380000,8192,14,8,6,865279986,14,865288178,0,8160,12.9922,8128,2,0xc4f61aac6d,0,4,0,32,107169,8160,12.9922,8128,32,107126
3381000,8192,14,8,6,865533943,14,865542135,0,8162,12.9927,8132,2,0x573c8a85f1,964,7408,0,30,107199,8162,12.9927,8132,30,107156
3382000,8192,14,8,6,865787896,14,865796088,0,8167,12.9939,8142,2,0xc33523795e,965,7412,0,25,107224,8167,12.9939,8142,25,107181
3383000,8192,14,8,6,866041848,14,866050040,0,8171,12.9949,8150,2,0x5fb1bff569,971,7476,0,21,107245,8171,12.9949,8150,21,107202
3384000,8192,14,8,6,866303986,14,866312178,0,8155,12.9910,8118,2,0x9b7300c28d,1,6,0,37,107282,8155,12.9910,8118,37,107239
3385000,8192,14,8,6,866557943,14,866566135,0,8157,12.9915,8122,2,0x81a455c401,1002,7405,0,35,107317,8157,12.9915,8122,35,107274
3386000,8192,14,8,6,866811896,14,866820088,0,8158,12.9916,8125,3,0x1d7edba196,970,7426,0,33,107350,8158,12.9916,8125,33,107307
3387000,8192,14,8,6,867065848,14,867074040,0,8161,12.9924,8130,2,0x1cece800e9,1007,7437,0,31,107381,8162,12.9927,8132,30,107337
3388000,8192,14,8,6,867327986,14,867336178,0,8155,12.9910,8118,2,0x444c16eb79,1,5,0,37,107418,8155,12.9910,8118,37,107374
3389000,8192,14,8,6,867581943,14,867590135,0,8163,12.9929,8134,2,0xd0969cbc28,960,7395,0,29,107447,8163,12.9929,8134,29,107403
3390000,8192,14,8,6,867835896,14,867844088,0,8167,12.9938,8143,3,0x8645db642b,970,7457,0,24,107471,8167,12.9938,8143,24,107427
3391000,8192,14,8,6,868089848,14,868098040,0,8159,12.9919,8126,2,0xfea23b2130,947,7409,0,33,107504,8159,12.9919,8126,33,107460
3392000,8192,14,8,6,868351986,14,868360178,0,8165,12.9934,8138,2,0x75470ef281,1,6,0,27,107531,8165,12.9934,8138,27,107487
3393000,8192,14,8,6,868605943,14,868614135,0,8153,12.9905,8114,2,0x7b8d96e016,1039,7429,0,39,107570,8153,12.9905,8114,39,107526
3394000,8192,14,8,6,868859896,14,868868088,0,8166,12.9937,8140,2,0x984a1051a3,1014,7413,0,26,107596,8166,12.9937,8140,26,107552
3395000,8192,14,8,6,869113848,14,869122040,0,8159,12.9919,8126,2,0xafc2ef2a49,1019,7384,0,33,107629,8159,12.9919,8126,33,107585
3396000,8192,14,8,6,869375986,14,869384178,0,8163,12.9929,8134,2,0x04bcaab491,1,4,0,29,107658,8163,12.9929,8134,29,107614
3397000,8192,14,8,6,869629943,14,869638135,0,8158,12.9917,8124,2,0xd89f158c73,967,7455,0,34,107692,8158,12.9917,8124,34,107648
3398000,8192,14,8,6,869883896,14,869892088,0,8156,12.9912,8120,2,0xc3b44985d2,981,7399,0,36,107728,8156,12.9912,8120,36,107684
3399000,8192,14,8,6,870137848,14,870146040,0,8162,12.9927,8132,2,0xbab3eeedad,983,7421,0,30,107758,8162,12.9927,8132,30,107714
3400000,8192,14,8,6,870399986,14,870408178,0,8165,12.9933,8139,3,0x17448d3cb7,1,6,0,26,107784,8165,12.9933,8139,26,107740
3401000,8192,14,8,6,870653943,14,870662135,0,8153,12.9905,8114,2,0x0a2c25da43,961,7444,0,39,107823,8153,12.9905,8114,39,107779
3402000,8192,14,8,6,870907896,14,870916088,0,8156,12.9912,8120,2,0x8f82bd67f5,1000,7403,0,36,107859,8156,12.9912,8120,36,107815
3403000,8192,14,8,6,871161848,14,871170040,0,8155,12.9910,8118,2,0xcef893c4a1,969,7401,0,37,107896,8155,12.9910,8118,37,107852
3404000,8192,14,8,6,871423986,14,871432178,0,8152,12.9902,8112,2,0xef9578fd53,1,6,0,40,107936,8152,12.9902,8112,40,107892
3405000,8192,14,8,6,871677943,14,871686135,0,8159,12.9919,8126,2,0x3e0cb49eca,990,7434,0,33,107969,8159,12.9919,8126,33,107925
3406000,8192,14,8,6,871931896,14,871940088,0,8153,12.9905,8114,2,0x11ab11bc54,990,7440,0,39,108008,8153,12.9905,8114,39,107964
3407000,8192,14,8,6,872185848,14,872194040,0,8167,12.9939,8142,2,0x5405e139bf,942,7365,0,25,108033,8168,12.9941,8144,24,107988
3408000,8192,14,8,6,872447986,14,872456178,0,8166,12.9937,8140,2,0x533fe170d2,0,6,0,26,108059,8166,12.9937,8140,26,108014
3409000,8192,14,8,6,872701943,14,872710135,0,8165,12.9934,8138,2,0xc203bbd24c,1011,7392,0,27,108086,8165,12.9934,8138,27,108041
3410000,8192,14,8,6,872955896,14,872964088,0,8161,12.9924,8130,2,0x920136709d,957,7399,0,31,108117,8161,12.9924,8130,31,108072
3411000,8192,14,8,6,873209848,14,873218040,0,8156,12.9912,8120,2,0x5661c642fd,1004,7426,0,36,108153,8156,12.9912,8120,36,108108
3412000,8192,14,8,6,873471986,14,873480178,0,8157,12.9915,8122,2,0x59a8acc936,0,6,0,35,108188,8157,12.9915,8122,35,108143
3413000,8192,14,8,6,873725943,14,873734135,0,8165,12.9934,8138,2,0x3d9abb1ab7,926,7392,0,27,108215,8165,12.9934,8138,27,108170
3414000,8192,14,8,6,873979896,14,873988088,0,8163,12.9929,8134,2,0x87b3e58704,944,7380,0,29,108244,8163,12.9929,8134,29,108199
3415000,8192,14,8,6,874233848,14,874242040,0,8155,12.9910,8118,2,0xa918f1c79c,964,7389,0,37,108281,8155,12.9910,8118,37,108236
3416000,8192,14,8,6,874495986,14,874504178,0,8158,12.9917,8124,2,0x7386c91f2b,0,5,0,34,108315,8158,12.9917,8124,34,108270
3417000,8192,14,8,6,874749943,14,874758135,0,8167,12.9939,8142,2,0x76177dceab,958,7370,0,25,108340,8167,12.9939,8142,25,108295
3418000,8192,14,8,6,875003896,14,875012088,0,8157,12.9915,8122,2,0x8a313395dc,989,7483,0,35,108375,8157,12.9915,8122,35,108330
3419000,8192,14,8,6,875257848,14,875266040,0,8160,12.9922,8128,2,0x7d9c0beeb0,962,7384,0,32,108407,8160,12.9922,8128,32,108362
3420000,8192,14,8,6,875519986,14,875528178,0,8162,12.9927,8132,2,0x1c32b0de10,1,5,0,30,108437,8162,12.9927,8132,30,108392
3421000,8192,14,8,6,875773943,14,875782135,0,8159,12.9919,8126,2,0x3c4c368bb6,1033,7418,0,33,108470,8159,12.9919,8126,33,108425
3422000,8192,14,8,6,876027896,14,876036088,0,8161,12.9924,8130,2,0xf6c6cba206,967,7417,0,31,108501,8161,12.9924,8130,31,108456
3423000,8192,14,8,6,876281848,14,876290040,0,8161,12.9924,8130,2,0xff35569cf2,1030,7465,0,31,108532,8162,12.9927,8132,30,108486
3424000,8192,14,8,6,876543986,14,876552178,0,8175,12.9958,8158,2,0x7b4cab50f0,1,5,0,17,108549,8175,12.9958,8158,17,108503
3425000,8192,14,8,6,876797943,14,876806135,0,8155,12.9910,8118,2,0xe4caa6241c,927,7411,0,37,108586,8155,12.9910,8118,37,108540
3426000,8192,14,8,6,877051896,14,877060088,0,8160,12.9922,8128,2,0x11c002eac8,1004,7481,0,32,108618,8160,12.9922,8128,32,108572
3427000,8192,14,8,6,877305848,14,877314040,0,8172,12.9951,8152,2,0xba17944b43,980,7395,0,20,108638,8172,12.9951,8152,20,108592
3428000,8192,14,8,6,877567986,14,877576178,0,8167,12.9939,8142,2,0x112f75d8b4,0,5,0,25,108663,8167,12.9939,8142,25,108617
3429000,8192,14,8,6,877821943,14,877830135,0,8154,12.9907,8116,2,0xae92ad6055,941,7417,0,38,108701,8154,12.9907,8116,38,108655
3430000,8192,14,8,6,878075896,14,878084088,0,8163,12.9929,8134,2,0xf1335c2a4b,1009,7451,0,29,108730,8164,12.9932,8136,28,108683
3431000,8192,14,8,6,878329848,14,878338040,0,8157,12.9915,8122,2,0xc30e66f6e4,1000,7431,0,35,108765,8157,12.9915,8122,35,108718
3432000,8192,14,8,6,878591986,14,878600178,0,8158,12.9917,8124,2,0x5a19e8fb1c,1,6,0,34,108799,8158,12.9917,8124,34,108752
3433000,8192,14,8,6,878845943,14,878854135,0,8150,12.9897,8108,2,0xcef13ee89f,1025,7442,0,42,108841,8150,12.9897,8108,42,108794
3434000,8192,14,8,6,879099896,14,879108088,0,8163,12.9929,8134,2,0xa7c41bbdbe,936,7438,0,29,108870,8163,12.9929,8134,29,108823
3435000,8192,14,8,6,879353848,14,879362040,0,8161,12.9924,8130,2,0x195ac6fa3a,946,7387,0,31,108901,8161,12.9924,8130,31,108854
3436000,8192,14,8,6,879615986,14,879624178,0,8161,12.9924,8130,2,0xa1be916539,1,6,0,31,108932,8161,12.9924,8130,31,108885
3437000,8192,14,8,6,879869943,14,879878135,0,8166,12.9937,8140,2,0x4533a1e087,971,7404,0,26,108958,8166,12.9937,8140,26,108911
3438000,8192,14,8,6,880123896,14,880132088,0,8158,12.9917,8124,2,0x5c45275fb0,992,7425,0,34,108992,8158,12.9917,8124,34,108945
3439000,8192,14,8,6,880377848,14,880386040,0,8164,12.9931,8137,3,0xc4123751a0,932,7400,0,27,109019,8164,12.9931,8137,27,108972
3440000,8192,14,8,6,880639986,14,880648178,0,8151,12.9899,8111,3,0x2c43553f44,0,4,0,40,109059,8151,12.9899,8111,40,109012
3441000,8192,14,8,6,880893943,14,880902135,0,8167,12.9939,8142,2,0xb4fe2387ba,1017,7397,0,25,109084,8167,12.9939,8142,25,109037
3442000,8192,14,8,6,881147896,14,881156088,0,8155,12.9910,8118,2,0xb871fa8f8f,934,7399,0,37,109121,8155,12.9910,8118,37,109074
3443000,8192,14,8,6,881401848,14,881410040,0,8161,12.9924,8130,2,0x9d504b5f50,975,7395,0,31,109152,8161,12.9924,8130,31,109105
3444000,8192,14,8,6,881663986,14,881672178,0,8158,12.9917,8124,2,0x31c736b7b2,1,5,0,34,109186,8158,12.9917,8124,34,109139
3445000,8192,14,8,6,881917943,14,881926135,0,8151,12.9900,8110,2,0x0c2fb6008c,1009,7445,0,41,109227,8151,12.9900,8110,41,109180
3446000,8192,14,8,6,882171896,14,882180088,0,8161,12.9924,8130,2,0xa7bcd83d06,965,7428,0,31,109258,8161,12.9924,8130,31,109211
3447000,8192,14,8,6,882425848,14,882434040,0,8166,12.9937,8140,2,0x8cdca61143,956,7415,0,26,109284,8166,12.9937,8140,26,109237
3448000,8192,14,8,6,882687986,14,882696178,0,8158,12.9916,8125,3,0x0927a28f90,1,5,0,33,109317,8158,12.9916,8125,33,109270
3449000,8192,14,8,6,882941943,14,882950135,0,8153,12.9904,8115,3,0xd492524b35,933,7417,0,38,109355,8153,12.9904,8115,38,109308
3450000,8192,14,8,6,883195896,14,883204088,0,8168,12.9940,8145,3,0x4a526f0710,1000,7430,0,23,109378,8168,12.9940,8145,23,109331
3451000,8192,14,8,6,883449848,14,883458040,0,8149,12.9895,8106,2,0x7ecb592bd7,937,7359,0,43,109421,8149,12.9895,8106,43,109374
3452000,8192,14,8,6,883711986,14,883720178,0,8159,12.9919,8126,2,0x5c2e14d765,0,6,0,33,109454,8159,12.9919,8126,33,109407
3453000,8192,14,8,6,883965943,14,883974135,0,8155,12.9910,8118,2,0x24b1a5cb2f,923,7406,0,37,109491,8155,12.9910,8118,37,109444
3454000,8192,14,8,6,884219896,14,884228088,0,8163,12.9929,8134,2,0x7583bcc2a6,1023,7388,0,29,109520,8163,12.9929,8134,29,109473
3455000,8192,14,8,6,884473848,14,884482040,0,8155,12.9910,8118,2,0x32a6a492c0,961,7372,0,37,109557,8155,12.9910,8118,37,109510
3456000,8192,14,8,6,884735986,14,884744178,0,8164,12.9932,8136,2,0xc58c9e10e1,0,5,0,28,109585,8164,12.9932,8136,28,109538
3457000,8192,14,8,6,884989943,14,884998135,0,8171,12.9949,8150,2,0xc3cce0a128,1005,7366,0,21,109606,8171,12.9949,8150,21,109559
3458000,8192,14,8,6,885243896,14,885252088,0,8164,12.9932,8136,2,0xacba17828f,997,7414,0,28,109634,8164,12.9932,8136,28,109587
3459000,8192,14,8,6,885497848,14,885506040,0,8155,12.9910,8118,2,0x4fb68a65cf,971,7402,0,37,109671,8155,12.9910,8118,37,109624
3460000,8192,14,8,6,885759986,14,885768178,0,8149,12.9895,8106,2,0x8961bde37e,0,6,0,43,109714,8149,12.9895,8106,43,109667
3461000,8192,14,8,6,886013943,14,886022135,0,8157,12.9915,8122,2,0xc15a5f1704,954,7402,0,35,109749,8157,12.9915,8122,35,109702
3462000,8192,14,8,6,886267896,14,886276088,0,8154,12.9907,8116,2,0xf69b41b42c,973,7412,0,38,109787,8154,12.9907,8116,38,109740
3463000,8192,14,8,6,886521848,14,886530040,0,8166,12.9937,8140,2,0xc384e9acac,947,7434,0,26,109813,8166,12.9937,8140,26,109766
3464000,8192,14,8,6,886783986,14,886792178,0,8159,12.9919,8126,2,0x6c766ee3e0,0,6,0,33,109846,8159,12.9919,8126,33,109799
3465000,8192,14,8,6,887037943,14,887046135,0,8152,12.9901,8113,3,0x40b783edfd,968,7421,0,39,109885,8152,12.9901,8113,39,109838
3466000,8192,14,8,6,887291896,14,887300088,0,8168,12.9941,8144,2,0x89a38af52f,994,7427,0,24,109909,8168,12.9941,8144,24,109862
3467000,8192,14,8,6,887545848,14,887554040,0,8156,12.9912,8120,2,0x9e5be02682,1042,7433,0,36,109945,8156,12.9912,8120,36,109898
3468000,8192,14,8,6,887807986,14,887816178,0,8165,12.9934,8138,2,0x25971a0a5f,0,5,0,27,109972,8165,12.9934,8138,27,109925
3469000,8192,14,8,6,888061943,14,888070135,0,8163,12.9929,8134,2,0x3d897761c3,930,7375,0,29,110001,8163,12.9929,8134,29,109954
3470000,8192,14,8,6,888315896,14,888324088,0,8155,12.9910,8118,2,0xa3c58ef9f3,956,7418,0,37,110038,8155,12.9910,8118,37,109991
3471000,8192,14,8,6,888569848,14,888578040,0,8161,12.9924,8130,2,0x5f7dcb8ae6,980,7452,0,31,110069,8161,12.9924,8130,31,110022
3472000,8192,14,8,6,888831986,14,888840178,0,8151,12.9900,8110,2,0x57b4e8e065,3,3,0,41,110110,8151,12.9900,8110,41,110063
3473000,8192,14,8,6,889085943,14,889094135,0,8157,12.9915,8122,2,0x10a64d71cd,938,7452,0,35,110145,8157,12.9915,8122,35,110098
3474000,8192,14,8,6,889339896,14,889348088,0,8157,12.9914,8123,3,0x9314308003,930,7441,0,34,110179,8157,12.9914,8123,34,110132
3475000,8192,14,8,6,889593848,14,889602040,0,8161,12.9924,8130,2,0x2470c36081,1004,7443,0,31,110210,8161,12.9924,8130,31,110163
3476000,8192,14,8,6,889855986,14,889864178,0,8154,12.9907,8116,2,0xed19693ce8,0,6,0,38,110248,8154,12.9907,8116,38,110201
3477000,8192,14,8,6,890109943,14,890118135,0,8167,12.9939,8142,2,0xfb2972198a,920,7403,0,25,110273,8167,12.9939,8142,25,110226
3478000,8192,14,8,6,890363896,14,890372088,0,8148,12.9893,8104,2,0x8e78ec9aa2,977,7432,0,44,110317,8148,12.9893,8104,44,110270
3479000,8192,14,8,6,890617848,14,890626040,0,8159,12.9919,8126,2,0x510b579ee2,987,7458,0,33,110350,8159,12.9919,8126,33,110303
3480000,8192,14,8,6,890879986,14,890888178,0,8166,12.9937,8140,2,0xae357a54b4,1,6,0,26,110376,8166,12.9937,8140,26,110329
3481000,8192,14,8,6,891133943,14,891142135,0,8163,12.9928,8135,3,0x311e5d9307,940,7425,0,28,110404,8163,12.9928,8135,28,110357
3482000,8192,14,8,6,891387896,14,891396088,0,8165,12.9933,8139,3,0x9d49f8690e,919,7427,0,26,110430,8165,12.9933,8139,26,110383
3483000,8192,14,8,6,891641848,14,891650040,0,8159,12.9919,8126,2,0x8eb542866a,1038,7470,0,33,110463,8159,12.9919,8126,33,110416
3484000,8192,14,8,6,891903986,14,891912178,0,8161,12.9924,8130,2,0xf289ca6c61,1,5,0,31,110494,8161,12.9924,8130,31,110447
3485000,8192,14,8,6,892157943,14,892166135,0,8160,12.9922,8128,2,0x6238889eab,981,7453,0,32,110526,8160,12.9922,8128,32,110479
3486000,8192,14,8,6,892411896,14,892420088,0,8166,12.9937,8140,2,0x9ca423f9b8,965,7420,0,26,110552,8166,12.9937,8140,26,110505
3487000,8192,14,8,6,892665848,14,892674040,0,8156,12.9911,8121,3,0xe0b92503fb,982,7441,0,35,110587,8156,12.9911,8121,35,110540
3488000,8192,14,8,6,892927986,14,892936178,0,8157,12.9915,8122,2,0x9b746944e5,1,6,0,35,110622,8157,12.9915,8122,35,110575
3489000,8192,14,8,6,893181943,14,893190135,0,8165,12.9934,8138,2,0x2995b16e61,987,7422,0,27,110649,8165,12.9934,8138,27,110602
3490000,8192,14,8,6,893435896,14,893444088,0,8152,12.9902,8112,2,0xef035600f6,1011,7420,0,40,110689,8152,12.9902,8112,40,110642
3491000,8192,14,8,6,893689848,14,893698040,0,8158,12.9917,8124,2,0x3d482be6a5,945,7375,0,34,110723,8158,12.9917,8124,34,110676
3492000,8192,14,8,6,893951986,14,893960178,0,8165,12.9934,8138,2,0x2b6f5bb638,1,5,0,27,110750,8165,12.9934,8138,27,110703
3493000,8192,14,8,6,894205943,14,894214135,0,8165,12.9934,8138,2,0x2fdf59fb37,981,7436,0,27,110777,8165,12.9934,8138,27,110730
3494000,8192,14,8,6,894459896,14,894468088,0,8146,12.9887,8101,3,0x16c256cdb7,956,7459,0,45,110822,8146,12.9887,8101,45,110775
3495000,8192,14,8,6,894713848,14,894722040,0,8170,12.9946,8148,2,0x013da78100,1026,7447,0,22,110844,8170,12.9946,8148,22,110797
3496000,8192,14,8,6,894975986,14,894984178,0,8157,12.9915,8122,2,0x288a9c43c4,1,6,0,35,110879,8157,12.9915,8122,35,110832
3497000,8192,14,8,6,895229943,14,895238135,0,8159,12.9919,8126,2,0xed2e7ba40a,924,7384,0,33,110912,8159,12.9919,8126,33,110865
3498000,8192,14,8,6,895483896,14,895492088,0,8163,12.9929,8134,2,0x79cc5b64c6,954,7378,0,29,110941,8163,12.9929,8134,29,110894
3499000,8192,14,8,6,895737848,14,895746040,0,8158,12.9917,8124,2,0x262a6032fa,985,7402,0,34,110975,8158,12.9917,8124,34,110928
3500000,8192,14,8,6,895999986,14,896008178,0,8162,12.9927,8132,2,0x8e161ec093,1,4,0,30,111005,8162,12.9927,8132,30,110958
3501000,8192,14,8,6,896253943,14,896262135,0,8157,12.9915,8122,2,0xd25916db2e,954,7450,0,35,111040,8157,12.9915,8122,35,110993
3502000,8192,14,8,6,896507896,14,896516088,0,8157,12.9914,8123,3,0xbe8629e822,978,7359,0,34,111074,8157,12.9914,8123,34,111027
3503000,8192,14,8,6,896761848,14,896770040,0,8158,12.9917,8124,2,0x86450a1e2f,1003,7367,0,34,111108,8158,12.9917,8124,34,111061
3504000,8192,14,8,6,897023986,14,897032178,0,8163,12.9929,8134,2,0xc1bd1646ea,0,6,0,29,111137,8163,12.9929,8134,29,111090
3505000,8192,14,8,6,897277943,14,897286135,0,8150,12.9897,8108,2,0x8e6b6706d1,968,7402,0,42,111179,8150,12.9897,8108,42,111132
3506000,8192,14,8,6,897531896,14,897540088,0,8165,12.9934,8138,2,0x5efdca18d0,963,7399,0,27,111206,8165,12.9934,8138,27,111159
3507000,8192,14,8,6,897785848,14,897794040,0,8161,12.9924,8130,2,0x1a4d58d6ca,1002,7377,0,31,111237,8161,12.9924,8130,31,111190
3508000,8192,14,8,6,898047986,14,898056178,0,8167,12.9939,8142,2,0x831df83fd9,1,5,0,25,111262,8167,12.9939,8142,25,111215
3509000,8192,14,8,6,898301943,14,898310135,0,8160,12.9922,8128,2,0x9ebb3edf25,989,7366,0,32,111294,8160,12.9922,8128,32,111247
3510000,8192,14,8,6,898555896,14,898564088,0,8152,12.9901,8113,3,0x76240b0f65,1007,7373,0,39,111333,8152,12.9901,8113,39,111286
3511000,8192,14,8,6,898809848,14,898818040,0,8167,12.9939,8142,2,0xf7be0c1d70,1088,7445,0,25,111358,8167,12.9939,8142,25,111311
3512000,8192,14,8,6,899071986,14,899080178,0,8157,12.9915,8122,2,0x6301ef8f3e,0,6,0,35,111393,8157,12.9915,8122,35,111346
3513000,8192,14,8,6,899325943,14,899334135,0,8166,12.9937,8140,2,0x0f1480a2f4,959,7425,0,26,111419,8166,12.9937,8140,26,111372
3514000,8192,14,8,6,899579896,14,899588088,0,8156,12.9912,8120,2,0x870c5caee5,991,7430,0,36,111455,8156,12.9912,8120,36,111408
3515000,8192,14,8,6,899833848,14,899842040,0,8157,12.9915,8122,2,0x13ddf5fc21,1004,7449,0,35,111490,8157,12.9915,8122,35,111443
3516000,8192,14,8,6,900095986,14,900104178,0,8164,12.9932,8136,2,0x0bc88bf83c,0,6,0,28,111518,8164,12.9932,8136,28,111471
3517000,8192,14,8,6,900349943,14,900358135,0,8160,12.9922,8128,2,0xeba6c05a92,973,7411,0,32,111550,8160,12.9922,8128,32,111503
3518000,8192,14,8,6,900603896,14,900612088,0,8161,12.9924,8130,2,0x494ef9e9e1,1007,7457,0,31,111581,8161,12.9924,8130,31,111534
3519000,8192,14,8,6,900857848,14,900866040,0,8160,12.9922,8128,2,0xa1e22dfc64,986,7375,0,32,111613,8160,12.9922,8128,32,111566
3520000,8192,14,8,6,901119986,14,901128178,0,8150,12.9897,8108,2,0x96adee7fff,3,6,0,42,111655,8150,12.9897,8108,42,111608
3521000,8192,14,8,6,901373943,14,901382135,0,8165,12.9934,8138,2,0x17a2bb861c,965,7398,0,27,111682,8165,12.9934,8138,27,111635
3522000,8192,14,8,6,901627896,14,901636088,0,8163,12.9928,8135,3,0x3546c47a45,972,7383,0,28,111710,8163,12.9928,8135,28,111663
3523000,8192,14,8,6,901881848,14,901890040,0,8153,12.9905,8114,2,0x2d0b2d4041,916,7424,0,39,111749,8153,12.9905,8114,39,111702
3524000,8192,14,8,6,902143986,14,902152178,0,8169,12.9944,8146,2,0xccb109fefd,0,5,0,23,111772,8169,12.9944,8146,23,111725
3525000,8192,14,8,6,902397943,14,902406135,0,8151,12.9899,8111,3,0xb28357da3f,994,7395,0,40,111812,8151,12.9899,8111,40,111765
3526000,8192,14,8,6,902651896,14,902660088,0,8160,12.9922,8128,2,0x17f9eac498,958,7408,0,32,111844,8160,12.9922,8128,32,111797
3527000,8192,14,8,6,902905848,14,902914040,0,8157,12.9915,8122,2,0x5e6f40723b,959,7411,0,35,111879,8157,12.9915,8122,35,111832
3528000,8192,14,8,6,903167986,14,903176178,0,8158,12.9917,8124,2,0x6cc9b733f3,2,4,0,34,111913,8158,12.9917,8124,34,111866
3529000,8192,14,8,6,903421943,14,903430135,0,8160,12.9922,8128,2,0xb56a4b8a26,1017,7438,0,32,111945,8160,12.9922,8128,32,111898
3530000,8192,14,8,6,903675896,14,903684088,0,8153,12.9905,8114,2,0xb1eee5b0d2,977,7396,0,39,111984,8153,12.9905,8114,39,111937
3531000,8192,14,8,6,903929848,14,903938040,0,8166,12.9937,8140,2,0x655a1f2df6,911,7392,0,26,112010,8166,12.9937,8140,26,111963
3532000,8192,14,8,6,904191986,14,904200178,0,8152,12.9902,8112,2,0x61e6726a68,1,6,0,40,112050,8152,12.9902,8112,40,112003
3533000,8192,14,8,6,904445943,14,904454135,0,8159,12.9919,8126,2,0x91409a4b3a,961,7392,0,33,112083,8159,12.9919,8126,33,112036
3534000,8192,14,8,6,904699896,14,904708088,0,8163,12.9929,8134,2,0xc0571b45c2,983,7416,0,29,112112,8163,12.9929,8134,29,112065
3535000,8192,14,8,6,904953848,14,904962040,0,8164,12.9932,8136,2,0xd73d327a33,978,7423,0,28,112140,8165,12.9934,8138,27,112092
3536000,8192,14,8,6,905215986,14,905224178,0,8162,12.9927,8132,2,0xd0820e839d,1,4,0,30,112170,8162,12.9927,8132,30,112122
3537000,8192,14,8,6,905469943,14,905478135,0,8160,12.9922,8128,2,0x49fc3db184,958,7429,0,32,112202,8160,12.9922,8128,32,112154
3538000,8192,14,8,6,905723896,14,905732088,0,8162,12.9927,8132,2,0x9c168557b7,979,7438,0,30,112232,8162,12.9927,8132,30,112184
3539000,8192,14,8,6,905977848,14,905986040,0,8161,12.9924,8130,2,0x3c11389e77,922,7429,0,31,112263,8161,12.9924,8130,31,112215
3540000,8192,14,8,6,906239986,14,906248178,0,8163,12.9929,8134,2,0x2ed9b04eed,1,6,0,29,112292,8163,12.9929,8134,29,112244
3541000,8192,14,8,6,906493943,14,906502135,0,8151,12.9899,8111,3,0xee23daf59f,1015,7401,0,40,112332,8151,12.9899,8111,40,112284
3542000,8192,14,8,6,906747896,14,906756088,0,8159,12.9919,8126,2,0x4783237f76,968,7421,0,33,112365,8159,12.9919,8126,33,112317
3543000,8192,14,8,6,907001848,14,907010040,0,8160,12.9922,8128,2,0x0bca9f9966,1004,7442,0,32,112397,8160,12.9922,8128,32,112349
3544000,8192,14,8,6,907263986,14,907272178,0,8157,12.9915,8122,2,0x4a6a9f0b0a,1,5,0,35,112432,8157,12.9915,8122,35,112384
3545000,8192,14,8,6,907517943,14,907526135,0,8163,12.9928,8135,3,0xb8db4cd451,951,7348,0,28,112460,8163,12.9928,8135,28,112412
3546000,8192,14,8,6,907771896,14,907780088,0,8165,12.9934,8138,2,0xe7a8dcd00e,941,7351,0,27,112487,8165,12.9934,8138,27,112439
3547000,8192,14,8,6,908025848,14,908034040,0,8161,12.9924,8130,2,0xc3a01528a5,1018,7400,0,31,112518,8161,12.9924,8130,31,112470
3548000,8192,14,8,6,908287986,14,908296178,0,8157,12.9915,8122,2,0x24ae3ca8d5,1,6,0,35,112553,8157,12.9915,8122,35,112505
3549000,8192,14,8,6,908541943,14,908550135,0,8169,12.9944,8146,2,0xd6344c5d3a,1007,7420,0,23,112576,8169,12.9944,8146,23,112528
3550000,8192,14,8,6,908795896,14,908804088,0,8171,12.9949,8150,2,0x1462b23309,967,7421,0,21,112597,8171,12.9949,8150,21,112549
3551000,8192,14,8,6,909049848,14,909058040,0,8155,12.9910,8118,2,0x8a388e3c22,986,7434,0,37,112634,8156,12.9912,8120,36,112585
3552000,8192,14,8,6,909311986,14,909320178,0,8156,12.9912,8120,2,0x320521ce85,0,6,0,36,112670,8156,12.9912,8120,36,112621
3553000,8192,14,8,6,909565943,14,909574135,0,8160,12.9922,8128,2,0xab05d32402,1008,7425,0,32,112702,8160,12.9922,8128,32,112653
3554000,8192,14,8,6,909819896,14,909828088,0,8161,12.9924,8130,2,0x668b1e6739,989,7391,0,31,112733,8161,12.9924,8130,31,112684
3555000,8192,14,8,6,910073848,14,910082040,0,8165,12.9934,8138,2,0x3ba99c2439,940,7406,0,27,112760,8165,12.9934,8138,27,112711
3556000,8192,14,8,6,910335986,14,910344178,0,8164,12.9932,8136,2,0x14158c8dd5,0,6,0,28,112788,8164,12.9932,8136,28,112739
3557000,8192,14,8,6,910589943,14,910598135,0,8156,12.9912,8120,2,0x4b59858651,948,7400,0,36,112824,8156,12.9912,8120,36,112775
3558000,8192,14,8,6,910843896,14,910852088,0,8162,12.9927,8132,2,0x27b6d6191b,957,7379,0,30,112854,8162,12.9927,8132,30,112805
3559000,8192,14,8,6,911097848,14,911106040,0,8169,12.9944,8146,2,0xd5fe3c7cc4,990,7423,0,23,112877,8169,12.9944,8146,23,112828
3560000,8192,14,8,6,911359986,14,911368178,0,8160,12.9922,8128,2,0x65562fd101,1,6,0,32,112909,8160,12.9922,8128,32,112860
3561000,8192,14,8,6,911613943,14,911622135,0,8157,12.9915,8122,2,0x9b56828b5f,991,7388,0,35,112944,8157,12.9915,8122,35,112895
3562000,8192,14,8,6,911867896,14,911876088,0,8169,12.9944,8146,2,0x9cb8afc389,977,7448,0,23,112967,8169,12.9944,8146,23,112918
3563000,8192,14,8,6,912121848,14,912130040,0,8153,12.9905,8114,2,0xd50e995cf6,970,7399,0,39,113006,8153,12.9905,8114,39,112957
3564000,8192,14,8,6,912383986,14,912392178,0,8161,12.9924,8130,2,0x13fca6dca9,0,5,0,31,113037,8161,12.9924,8130,31,112988
3565000,8192,14,8,6,912637943,14,912646135,0,8155,12.9910,8118,2,0x46a092055d,979,7408,0,37,113074,8156,12.9912,8120,36,113024
3566000,8192,14,8,6,912891896,14,912900088,0,8150,12.9896,8110,3,0x275c639e66,1003,7437,0,40,113114,8150,12.9896,8110,40,113064
3567000,8192,14,8,6,913145848,14,913154040,0,8160,12.9922,8128,2,0xe92b6104ff,1049,7441,0,32,113146,8160,12.9922,8128,32,113096
3568000,8192,14,8,6,913407986,14,913416178,0,8158,12.9917,8124,2,0x41d9848a7b,0,4,0,34,113180,8158,12.9917,8124,34,113130
3569000,8192,14,8,6,913661943,14,913670135,0,8160,12.9922,8128,2,0x19f6e3701d,1009,7383,0,32,113212,8160,12.9922,8128,32,113162
3570000,8192,14,8,6,913915896,14,913924088,0,8159,12.9919,8127,3,0x6ee4989b82,971,7399,0,32,113244,8159,12.9919,8127,32,113194
3571000,8192,14,8,6,914169848,14,914178040,0,8156,12.9912,8120,2,0xf67f139375,951,7409,0,36,113280,8156,12.9912,8120,36,113230
3572000,8192,14,8,6,914431986,14,914440178,0,8158,12.9917,8124,2,0xf2474aa7ea,0,5,0,34,113314,8158,12.9917,8124,34,113264
3573000,8192,14,8,6,914685943,14,914694135,0,8163,12.9929,8134,2,0x556cc3ba74,931,7438,0,29,113343,8163,12.9929,8134,29,113293
3574000,8192,14,8,6,914939896,14,914948088,0,8168,12.9941,8144,2,0x10fbb6e44d,1046,7423,0,24,113367,8168,12.9941,8144,24,113317
3575000,8192,14,8,6,915193848,14,915202040,0,8158,12.9917,8124,2,0x5fa1463239,1002,7434,0,34,113401,8158,12.9917,8124,34,113351
3576000,8192,14,8,6,915455986,14,915464178,0,8154,12.9907,8116,2,0x60cc7db9d7,2,6,0,38,113439,8154,12.9907,8116,38,113389
3577000,8192,14,8,6,915709943,14,915718135,0,8157,12.9915,8122,2,0x9adc3bc5b2,973,7440,0,35,113474,8157,12.9915,8122,35,113424
3578000,8192,14,8,6,915963896,14,915972088,0,8163,12.9929,8134,2,0x8ba828de86,1002,7475,0,29,113503,8163,12.9929,8134,29,113453
3579000,8192,14,8,6,916217848,14,916226040,0,8151,12.9900,8110,2,0x17f9ceb75e,970,7394,0,41,113544,8151,12.9900,8110,41,113494
3580000,8192,14,8,6,916479986,14,916488178,0,8153,12.9905,8114,2,0x964e429fa2,0,6,0,39,113583,8153,12.9905,8114,39,113533
3581000,8192,14,8,6,916733943,14,916742135,0,8152,12.9901,8113,3,0x415e8f2009,953,7431,0,39,113622,8152,12.9901,8113,39,113572
3582000,8192,14,8,6,916987896,14,916996088,0,8148,12.9893,8104,2,0x77d6e29e50,967,7462,0,44,113666,8148,12.9893,8104,44,113616
3583000,8192,14,8,6,917241848,14,917250040,0,8170,12.9946,8148,2,0xfd21d74483,928,7398,0,22,113688,8170,12.9946,8148,22,113638
3584000,8192,14,8,6,917503986,14,917512178,0,8163,12.9929,8134,2,0x2ad5d5dee0,1,6,0,29,113717,8163,12.9929,8134,29,113667
3585000,8192,14,8,6,917757943,14,917766135,0,8154,12.9907,8116,2,0x1ff25e11f3,939,7443,0,38,113755,8154,12.9907,8116,38,113705
3586000,8192,14,8,6,918011896,14,918020088,0,8164,12.9932,8136,2,0x000d108280,1013,7440,0,28,113783,8164,12.9932,8136,28,113733
3587000,8192,14,8,6,918265848,14,918274040,0,8160,12.9922,8128,2,0x48a05957bc,974,7431,0,32,113815,8160,12.9922,8128,32,113765
3588000,8192,14,8,6,918527986,14,918536178,0,8159,12.9919,8126,2,0xcadd1769bd,0,5,0,33,113848,8159,12.9919,8126,33,113798
3589000,8192,14,8,6,918781943,14,918790135,0,8166,12.9936,8141,3,0x42ae90fa50,1026,7438,0,25,113873,8166,12.9936,8141,25,113823
3590000,8192,14,8,6,919035896,14,919044088,0,8153,12.9905,8114,2,0x1ed9fa21f8,1000,7376,0,39,113912,8153,12.9905,8114,39,113862
3591000,8192,14,8,6,919289848,14,919298040,0,8163,12.9929,8134,2,0x5618779f9f,1002,7437,0,29,113941,8163,12.9929,8134,29,113891
3592000,8192,14,8,6,919551986,14,919560178,0,8156,12.9912,8120,2,0xfd87db1112,1,5,0,36,113977,8156,12.9912,8120,36,113927
3593000,8192,14,8,6,919805943,14,919814135,0,8158,12.9916,8125,3,0x49d031c5c3,1009,7443,0,33,114010,8158,12.9916,8125,33,113960
3594000,8192,14,8,6,920059896,14,920068088,0,8153,12.9904,8115,3,0xce3d91e645,1002,7403,0,38,114048,8153,12.9904,8115,38,113998
3595000,8192,14,8,6,920313848,14,920322040,0,8154,12.9907,8116,2,0x37c4f7402d,963,7429,0,38,114086,8154,12.9907,8116,38,114036
3596000,8192,14,8,6,920575986,14,920584178,0,8178,12.9966,8164,2,0x9f7c7df05c,1,6,0,14,114100,8178,12.9966,8164,14,114050
3597000,8192,14,8,6,920829943,14,920838135,0,8168,12.9941,8144,2,0x252f43bb5d,1009,7429,0,24,114124,8168,12.9941,8144,24,114074
3598000,8192,14,8,6,921083896,14,921092088,0,8151,12.9900,8110,2,0x53360a662b,988,7458,0,41,114165,8151,12.9900,8110,41,114115
3599000,8192,14,8,6,921337848,14,921346040,0,8157,12.9915,8122,2,0x723c0cbbfc,1000,7355,0,35,114200,8157,12.9915,8122,35,114150
3600000,8192,14,8,6,921599986,14,921608178,0,8166,12.9937,8140,2,0x52e4ea18cf,1,5,0,26,114226,8166,12.9937,8140,26,114176
3601000,8192,14,8,6,921853943,14,921862135,0,8164,12.9932,8136,2,0x0f051d3874,985,7437,0,28,114254,8164,12.9932,8136,28,114204
3602000,8192,14,8,6,922107896,14,922116088,0,8155,12.9910,8118,2,0xb6ee19323a,995,7408,0,37,114291,8155,12.9910,8118,37,114241
3603000,8192,14,8,6,922361848,14,922370040,0,8163,12.9929,8134,2,0x2e3a02abfb,1013,7399,0,29,114320,8163,12.9929,8134,29,114270
3604000,8192,14,8,6,922623986,14,922632178,0,8172,12.9951,8152,2,0x425e8507e0,1,6,0,20,114340,8172,12.9951,8152,20,114290
3605000,8192,14,8,6,922877943,14,922886135,0,8151,12.9900,8110,2,0xae1f8bda08,956,7391,0,41,114381,8151,12.9900,8110,41,114331
3606000,8192,14,8,6,923131896,14,923140088,0,8164,12.9932,8136,2,0x746b5d7007,1006,7400,0,28,114409,8164,12.9932,8136,28,114359
3607000,8192,14,8,6,923385848,14,923394040,0,8160,12.9922,8128,2,0x7051bc5c47,945,7404,0,32,114441,8160,12.9922,8128,32,114391
3608000,8192,14,8,6,923647986,14,923656178,0,8153,12.9905,8114,2,0x27cced39ac,1,5,0,39,114480,8153,12.9905,8114,39,114430
3609000,8192,14,8,6,923901943,14,923910135,0,8164,12.9932,8136,2,0x5dc4d9c22d,956,7382,0,28,114508,8164,12.9932,8136,28,114458
3610000,8192,14,8,6,924155896,14,924164088,0,8159,12.9919,8127,3,0x603e7aa400,998,7446,0,32,114540,8159,12.9919,8127,32,114490
3611000,8192,14,8,6,924409848,14,924418040,0,8151,12.9900,8110,2,0x9ddc5885ae,1027,7397,0,41,114581,8151,12.9900,8110,41,114531
3612000,8192,14,8,6,924671986,14,924680178,0,8157,12.9914,8123,3,0x951517032e,0,6,0,34,114615,8157,12.9914,8123,34,114565
3613000,8192,14,8,6,924925943,14,924934135,0,8162,12.9927,8132,2,0x8eddb80e6d,1010,7389,0,30,114645,8162,12.9927,8132,30,114595
3614000,8192,14,8,6,925179896,14,925188088,0,8160,12.9921,8129,3,0x1d214211f4,995,7417,0,31,114676,8160,12.9921,8129,31,114626
3615000,8192,14,8,6,925433848,14,925442040,0,8148,12.9893,8104,2,0x450c2e1fff,936,7404,0,44,114720,8148,12.9893,8104,44,114670
3616000,8192,14,8,6,925695986,14,925704178,0,8153,12.9905,8114,2,0xf4957f4ddd,1,5,0,39,114759,8153,12.9905,8114,39,114709
3617000,8192,14,8,6,925949943,14,925958135,0,8162,12.9927,8132,2,0xed3db25067,969,7430,0,30,114789,8162,12.9927,8132,30,114739
3618000,8192,14,8,6,926203896,14,926212088,0,8168,12.9941,8144,2,0xd56521bcc5,984,7402,0,24,114813,8168,12.9941,8144,24,114763
3619000,8192,14,8,6,926457848,14,926466040,0,8162,12.9927,8132,2,0x14b4915372,997,7408,0,30,114843,8162,12.9927,8132,30,114793
3620000,8192,14,8,6,926719986,14,926728178,0,8159,12.9919,8126,2,0x95f6ce3e83,1,6,0,33,114876,8159,12.9919,8126,33,114826
3621000,8192,14,8,6,926973943,14,926982135,0,8163,12.9929,8134,2,0xfd70d9e43e,1034,7388,0,29,114905,8163,12.9929,8134,29,114855
3622000,8192,14,8,6,927227896,14,927236088,0,8158,12.9917,8124,2,0x2769bd42d3,1014,7411,0,34,114939,8158,12.9917,8124,34,114889
3623000,8192,14,8,6,927481848,14,927490040,0,8157,12.9915,8122,2,0x44b15f74cd,1003,7453,0,35,114974,8157,12.9915,8122,35,114924
3624000,8192,14,8,6,927743986,14,927752178,0,8164,12.9932,8136,2,0x84b2183b9b,0,6,0,28,115002,8164,12.9932,8136,28,114952
3625000,8192,14,8,6,927997943,14,928006135,0,8158,12.9917,8124,2,0xb3737d0e1a,1007,7395,0,34,115036,8158,12.9917,8124,34,114986
3626000,8192,14,8,6,928251896,14,928260088,0,8157,12.9915,8122,2,0xed4a44ef84,927,7414,0,35,115071,8157,12.9915,8122,35,115021
3627000,8192,14,8,6,928505848,14,928514040,0,8157,12.9914,8123,3,0xa89ce3bcdc,999,7428,0,34,115105,8157,12.9914,8123,34,115055
3628000,8192,14,8,6,928767986,14,928776178,0,8155,12.9909,8119,3,0xc5f3a9f6dc,2,5,0,36,115141,8155,12.9909,8119,36,115091
3629000,8192,14,8,6,929021943,14,929030135,0,8167,12.9939,8142,2,0x921edd0bd0,986,7417,0,25,115166,8167,12.9939,8142,25,115116
3630000,8192,14,8,6,929275896,14,929284088,0,8163,12.9927,8136,3,0x689bf9f8f2,1019,7448,0,27,115193,8163,12.9927,8136,27,115143
3631000,8192,14,8,6,929529848,14,929538040,0,8160,12.9922,8128,2,0x7d7a2bd001,956,7404,0,32,115225,8161,12.9924,8130,31,115174
3632000,8192,14,8,6,929791986,14,929800178,0,8167,12.9939,8142,2,0x2967248752,0,6,0,25,115250,8167,12.9939,8142,25,115199
3633000,8192,14,8,6,930045943,14,930054135,0,8159,12.9919,8126,2,0x1bd833f60b,939,7417,0,33,115283,8159,12.9919,8126,33,115232
3634000,8192,14,8,6,930299896,14,930308088,0,8158,12.9917,8124,2,0x02d3af1877,1016,7413,0,34,115317,8158,12.9917,8124,34,115266
3635000,8192,14,8,6,930553848,14,930562040,0,8162,12.9927,8132,2,0xe5b8a1b188,1021,7367,0,30,115347,8162,12.9927,8132,30,115296
3636000,8192,14,8,6,930815986,14,930824178,0,8165,12.9934,8138,2,0x5dbc71ca93,1,6,0,27,115374,8165,12.9934,8138,27,115323
3637000,8192,14,8,6,931069943,14,931078135,0,8165,12.9934,8138,2,0x90d150c263,931,7427,0,27,115401,8165,12.9934,8138,27,115350
3638000,8192,14,8,6,931323896,14,931332088,0,8156,12.9912,8120,2,0x076de03ab8,961,7403,0,36,115437,8156,12.9912,8120,36,115386
3639000,8192,14,8,6,931577848,14,931586040,0,8166,12.9937,8140,2,0x0b61690b63,988,7415,0,26,115463,8166,12.9937,8140,26,115412
3640000,8192,14,8,6,931839986,14,931848178,0,8165,12.9934,8138,2,0xfe5c1a6af4,3,5,0,27,115490,8165,12.9934,8138,27,115439
3641000,8192,14,8,6,932093943,14,932102135,0,8158,12.9916,8125,3,0xfc65ca64f2,1010,7448,0,33,115523,8158,12.9916,8125,33,115472
3642000,8192,14,8,6,932347896,14,932356088,0,8154,12.9907,8116,2,0xcab9f2128d,1062,7409,0,38,115561,8154,12.9907,8116,38,115510
3643000,8192,14,8,6,932601848,14,932610040,0,8163,12.9929,8134,2,0x8b0e5c3815,982,7403,0,29,115590,8163,12.9929,8134,29,115539
3644000,8192,14,8,6,932863986,14,932872178,0,8166,12.9937,8140,2,0x69a1144368,2,4,0,26,115616,8166,12.9937,8140,26,115565
3645000,8192,14,8,6,933117943,14,933126135,0,8166,12.9937,8140,2,0xbb9103a839,971,7410,0,26,115642,8166,12.9937,8140,26,115591
3646000,8192,14,8,6,933371896,14,933380088,0,8164,12.9932,8136,2,0x6fee8fc043,997,7418,0,28,115670,8164,12.9932,8136,28,115619
3647000,8192,14,8,6,933625848,14,933634040,0,8158,12.9917,8124,2,0x50ba44cff3,988,7456,0,34,115704,8158,12.9917,8124,34,115653
3648000,8192,14,8,6,933887986,14,933896178,0,8155,12.9910,8118,2,0xb50c221db3,0,6,0,37,115741,8155,12.9910,8118,37,115690
3649000,8192,14,8,6,934141943,14,934150135,0,8153,12.9905,8114,2,0xb50555abb0,996,7444,0,39,115780,8153,12.9905,8114,39,115729
3650000,8192,14,8,6,934395896,14,934404088,0,8164,12.9932,8136,2,0xc07e0d2d98,931,7414,0,28,115808,8164,12.9932,8136,28,115757
3651000,8192,14,8,6,934649848,14,934658040,0,8164,12.9932,8136,2,0xa13665f1d8,994,7414,0,28,115836,8164,12.9932,8136,28,115785
3652000,8192,14,8,6,934911986,14,934920178,0,8165,12.9934,8138,2,0x7fa3633e6f,2,6,0,27,115863,8165,12.9934,8138,27,115812
3653000,8192,14,8,6,935165943,14,935174135,0,8160,12.9922,8128,2,0x6c40b9e0fe,979,7430,0,32,115895,8160,12.9922,8128,32,115844
3654000,8192,14,8,6,935419896,14,935428088,0,8163,12.9929,8134,2,0xc9156fd020,990,7447,0,29,115924,8163,12.9929,8134,29,115873
3655000,8192,14,8,6,935673848,14,935682040,0,8167,12.9939,8142,2,0x4890d53a67,1018,7463,0,25,115949,8167,12.9939,8142,25,115898
3656000,8192,14,8,6,935935986,14,935944178,0,8161,12.9924,8130,2,0xfb96fe9642,3,6,0,31,115980,8161,12.9924,8130,31,115929
3657000,8192,14,8,6,936189943,14,936198135,0,8160,12.9922,8128,2,0x1d235e039a,1002,7364,0,32,116012,8160,12.9922,8128,32,115961
3658000,8192,14,8,6,936443896,14,936452088,0,8166,12.9937,8140,2,0x602644bac1,912,7423,0,26,116038,8166,12.9937,8140,26,115987
3659000,8192,14,8,6,936697848,14,936706040,0,8160,12.9922,8128,2,0x2dc109f1ec,931,7379,0,32,116070,8160,12.9922,8128,32,116019
3660000,8192,14,8,6,936959986,14,936968178,0,8168,12.9941,8144,2,0x911ad58c68,0,4,0,24,116094,8168,12.9941,8144,24,116043
3661000,8192,14,8,6,937213943,14,937222135,0,8159,12.9919,8126,2,0x7dcc8fb6d7,961,7390,0,33,116127,8159,12.9919,8126,33,116076
3662000,8192,14,8,6,937467896,14,937476088,0,8168,12.9941,8144,2,0x67c8d00382,985,7388,0,24,116151,8168,12.9941,8144,24,116100
3663000,8192,14,8,6,937721848,14,937730040,0,8159,12.9919,8126,2,0xb0ad315a5f,929,7423,0,33,116184,8159,12.9919,8126,33,116133
3664000,8192,14,8,6,937983986,14,937992178,0,8145,12.9884,8099,3,0x5ddeeb209a,3,6,0,46,116230,8145,12.9884,8099,46,116179
3665000,8192,14,8,6,938237943,14,938246135,0,8161,12.9924,8130,2,0x81022b51f4,946,7419,0,31,116261,8161,12.9924,8130,31,116210
3666000,8192,14,8,6,938491896,14,938500088,0,8162,12.9927,8132,2,0x13f8b0524f,964,7401,0,30,116291,8162,12.9927,8132,30,116240
3667000,8192,14,8,6,938745848,14,938754040,0,8162,12.9927,8132,2,0x750eed1fb4,1006,7414,0,30,116321,8162,12.9927,8132,30,116270
3668000,8192,14,8,6,939007986,14,939016178,0,8159,12.9919,8126,2,0xa026b91e59,1,5,0,33,116354,8159,12.9919,8126,33,116303
3669000,8192,14,8,6,939261943,14,939270135,0,8155,12.9910,8118,2,0x0f0e650987,985,7388,0,37,116391,8155,12.9910,8118,37,116340
3670000,8192,14,8,6,939515896,14,939524088,0,8160,12.9922,8128,2,0x220cdbbe12,1012,7447,0,32,116423,8160,12.9922,8128,32,116372
3671000,8192,14,8,6,939769848,14,939778040,0,8165,12.9934,8138,2,0xcbf473fab6,970,7417,0,27,116450,8165,12.9934,8138,27,116399
3672000,8192,14,8,6,940031986,14,940040178,0,8160,12.9922,8128,2,0x84edec2d59,1,6,0,32,116482,8160,12.9922,8128,32,116431
3673000,8192,14,8,6,940285943,14,940294135,0,8158,12.9917,8124,2,0x8913275c07,987,7441,0,34,116516,8158,12.9917,8124,34,116465
3674000,8192,14,8,6,940539896,14,940548088,0,8160,12.9922,8128,2,0xc7f01841d0,969,7413,0,32,116548,8160,12.9922,8128,32,116497
3675000,8192,14,8,6,940793848,14,940802040,0,8169,12.9944,8146,2,0x0d9b805bf5,968,7408,0,23,116571,8169,12.9944,8146,23,116520
3676000,8192,14,8,6,941055986,14,941064178,0,8167,12.9939,8142,2,0x7a6ab14601,1,5,0,25,116596,8167,12.9939,8142,25,116545
3677000,8192,14,8,6,941309943,14,941318135,0,8157,12.9915,8122,2,0x1afe07a8c1,983,7416,0,35,116631,8157,12.9915,8122,35,116580
3678000,8192,14,8,6,941563896,14,941572088,0,8154,12.9907,8116,2,0x27980bfa92,948,7408,0,38,116669,8154,12.9907,8116,38,116618
3679000,8192,14,8,6,941817848,14,941826040,0,8164,12.9932,8136,2,0xdb6733b55b,1036,7418,0,28,116697,8164,12.9932,8136,28,116646
3680000,8192,14,8,6,942079986,14,942088178,0,8161,12.9924,8130,2,0x4e53128b44,0,5,0,31,116728,8161,12.9924,8130,31,116677
3681000,8192,14,8,6,942333943,14,942342135,0,8157,12.9915,8122,2,0x2e695d718b,875,7377,0,35,116763,8157,12.9915,8122,35,116712
3682000,8192,14,8,6,942587896,14,942596088,0,8162,12.9927,8132,2,0xd7bd7f82f2,1017,7368,0,30,116793,8162,12.9927,8132,30,116742
3683000,8192,14,8,6,942841848,14,942850040,0,8153,12.9905,8114,2,0x2800096007,965,7444,0,39,116832,8153,12.9905,8114,39,116781
3684000,8192,14,8,6,943103986,14,943112178,0,8162,12.9927,8132,2,0x2b0c34145f,0,5,0,30,116862,8162,12.9927,8132,30,116811
3685000,8192,14,8,6,943357943,14,943366135,0,8162,12.9927,8132,2,0xd87868071a,960,7441,0,30,116892,8162,12.9927,8132,30,116841
3686000,8192,14,8,6,943611896,14,943620088,0,8168,12.9941,8144,2,0xcbbbd0f2e6,950,7478,0,24,116916,8168,12.9941,8144,24,116865
3687000,8192,14,8,6,943865848,14,943874040,0,8161,12.9924,8130,2,0x9206fb2c4d,1016,7420,0,31,116947,8161,12.9924,8130,31,116896
3688000,8192,14,8,6,944127986,14,944136178,0,8157,12.9915,8122,2,0x84d89ea6c3,1,6,0,35,116982,8157,12.9915,8122,35,116931
3689000,8192,14,8,6,944381943,14,944390135,0,8149,12.9895,8106,2,0xe90b05925c,958,7413,0,43,117025,8149,12.9895,8106,43,116974
3690000,8192,14,8,6,944635896,14,944644088,0,8165,12.9934,8138,2,0x170991aba9,991,7406,0,27,117052,8165,12.9934,8138,27,117001
3691000,8192,14,8,6,944889848,14,944898040,0,8164,12.9932,8136,2,0xcba1297144,976,7439,0,28,117080,8164,12.9932,8136,28,117029
3692000,8192,14,8,6,945151986,14,945160178,0,8158,12.9917,8124,2,0xae74b035fb,1,3,0,34,117114,8158,12.9917,8124,34,117063
3693000,8192,14,8,6,945405943,14,945414135,0,8160,12.9922,8128,2,0xef4e822dec,994,7433,0,32,117146,8160,12.9922,8128,32,117095
3694000,8192,14,8,6,945659896,14,945668088,0,8167,12.9939,8142,2,0xe39d7cc920,1009,7409,0,25,117171,8167,12.9939,8142,25,117120
3695000,8192,14,8,6,945913848,14,945922040,0,8163,12.9929,8134,2,0xb9d110ef30,966,7380,0,29,117200,8163,12.9929,8134,29,117149
3696000,8192,14,8,6,946175986,14,946184178,0,8165,12.9934,8138,2,0x26d90e3df8,0,6,0,27,117227,8165,12.9934,8138,27,117176
3697000,8192,14,8,6,946429943,14,946438135,0,8173,12.9954,8154,2,0x01f850eb17,970,7464,0,19,117246,8173,12.9954,8154,19,117195
3698000,8192,14,8,6,946683896,14,946692088,0,8164,12.9932,8136,2,0xd33203201b,993,7395,0,28,117274,8164,12.9932,8136,28,117223
3699000,8192,14,8,6,946937848,14,946946040,0,8169,12.9944,8146,2,0x70988e0fe5,942,7450,0,23,117297,8169,12.9944,8146,23,117246
3700000,8192,14,8,6,947199986,14,947208178,0,8165,12.9934,8138,2,0x3a4f9b5f5b,0,5,0,27,117324,8165,12.9934,8138,27,117273
3701000,8192,14,8,6,947453943,14,947462135,0,8164,12.9932,8136,2,0xd7b30e6d1f,954,7434,0,28,117352,8164,12.9932,8136,28,117301
3702000,8192,14,8,6,947707896,14,947716088,0,8158,12.9917,8124,2,0x2ac4c9ed48,1009,7432,0,34,117386,8158,12.9917,8124,34,117335
3703000,8192,14,8,6,947961848,14,947970040,0,8159,12.9919,8126,2,0xa11ae6eea6,1025,7436,0,33,117419,8159,12.9919,8126,33,117368
3704000,8192,14,8,6,948223986,14,948232178,0,8152,12.9902,8112,2,0xdc1d70796c,0,6,0,40,117459,8152,12.9902,8112,40,117408
3705000,8192,14,8,6,948477943,14,948486135,0,8164,12.9932,8136,2,0x106d0dbd63,982,7418,0,28,117487,8164,12.9932,8136,28,117436
3706000,8192,14,8,6,948731896,14,948740088,0,8152,12.9902,8112,2,0x5ca6836449,991,7447,0,40,117527,8152,12.9902,8112,40,117476
3707000,8192,14,8,6,948985848,14,948994040,0,8152,12.9901,8113,3,0x7cb7f15cf9,977,7430,0,39,117566,8152,12.9901,8113,39,117515
3708000,8192,14,8,6,949247986,14,949256178,0,8152,12.9902,8112,2,0x2678962bb3,0,5,0,40,117606,8152,12.9902,8112,40,117555
3709000,8192,14,8,6,949501943,14,949510135,0,8169,12.9944,8146,2,0x2b82baca13,965,7413,0,23,117629,8169,12.9944,8146,23,117578
3710000,8192,14,8,6,949755896,14,949764088,0,8164,12.9932,8136,2,0x1e890dffe5,968,7398,0,28,117657,8164,12.9932,8136,28,117606
3711000,8192,14,8,6,950009848,14,950018040,0,8164,12.9932,8136,2,0x33f89511f7,1005,7409,0,28,117685,8164,12.9932,8136,28,117634
3712000,8192,14,8,6,950271986,14,950280178,0,8163,12.9929,8134,2,0x7a26053275,2,6,0,29,117714,8163,12.9929,8134,29,117663
3713000,8192,14,8,6,950525943,14,950534135,0,8162,12.9927,8132,2,0xbea047418b,993,7409,0,30,117744,8162,12.9927,8132,30,117693
3714000,8192,14,8,6,950779896,14,950788088,0,8165,12.9934,8138,2,0x11a44fc22d,1004,7463,0,27,117771,8165,12.9934,8138,27,117720
3715000,8192,14,8,6,951033848,14,951042040,0,8160,12.9922,8128,2,0x735558081f,1033,7409,0,32,117803,8160,12.9922,8128,32,117752
3716000,8192,14,8,6,951295986,14,951304178,0,8154,12.9907,8116,2,0x2e9f80504d,0,4,0,38,117841,8154,12.9907,8116,38,117790
3717000,8192,14,8,6,951549943,14,951558135,0,8159,12.9919,8126,2,0x54f9bb4c07,967,7382,0,33,117874,8159,12.9919,8126,33,117823
3718000,8192,14,8,6,951803896,14,951812088,0,8155,12.9910,8118,2,0xcf71ebd5f7,971,7454,0,37,117911,8155,12.9910,8118,37,117860
3719000,8192,14,8,6,952057848,14,952066040,0,8172,12.9951,8152,2,0x81b149de5d,1014,7423,0,20,117931,8172,12.9951,8152,20,117880
3720000,8192,14,8,6,952319986,14,952328178,0,8163,12.9929,8134,2,0xe58e725633,1,6,0,29,117960,8163,12.9929,8134,29,117909
3721000,8192,14,8,6,952573943,14,952582135,0,8161,12.9924,8130,2,0x4f97aa2f38,967,7421,0,31,117991,8161,12.9924,8130,31,117940
3722000,8192,14,8,6,952827896,14,952836088,0,8159,12.9919,8126,2,0x11aea1dd70,948,7423,0,33,118024,8159,12.9919,8126,33,117973
3723000,8192,14,8,6,953081848,14,953090040,0,8162,12.9927,8132,2,0x7553ac72fa,990,7379,0,30,118054,8162,12.9927,8132,30,118003
3724000,8192,14,8,6,953343986,14,953352178,0,8162,12.9927,8132,2,0x2a66854a30,1,4,0,30,118084,8162,12.9927,8132,30,118033
3725000,8192,14,8,6,953597943,14,953606135,0,8167,12.9939,8142,2,0x262ffb78f5,983,7444,0,25,118109,8167,12.9939,8142,25,118058
3726000,8192,14,8,6,953851896,14,953860088,0,8157,12.9915,8122,2,0x93303194ee,967,7414,0,35,118144,8157,12.9915,8122,35,118093
3727000,8192,14,8,6,954105848,14,954114040,0,8161,12.9924,8130,2,0x082cb47820,1003,7468,0,31,118175,8161,12.9924,8130,31,118124
3728000,8192,14,8,6,954367986,14,954376178,0,8164,12.9932,8136,2,0x17b874b868,1,5,0,28,118203,8164,12.9932,8136,28,118152
3729000,8192,14,8,6,954621943,14,954630135,0,8152,12.9902,8112,2,0x08fd3b1c6a,969,7409,0,40,118243,8152,12.9902,8112,40,118192
3730000,8192,14,8,6,954875896,14,954884088,0,8156,12.9912,8120,2,0xe05be441e8,965,7444,0,36,118279,8156,12.9912,8120,36,118228
3731000,8192,14,8,6,955129848,14,955138040,0,8159,12.9919,8126,2,0x4f86734c44,997,7398,0,33,118312,8159,12.9919,8126,33,118261
3732000,8192,14,8,6,955391986,14,955400178,0,8164,12.9932,8136,2,0x40571d595b,0,6,0,28,118340,8164,12.9932,8136,28,118289
3733000,8192,14,8,6,955645943,14,955654135,0,8157,12.9915,8122,2,0x281a00eb6d,971,7408,0,35,118375,8157,12.9915,8122,35,118324
3734000,8192,14,8,6,955899896,14,955908088,0,8167,12.9939,8142,2,0x5cf333d69a,1004,7440,0,25,118400,8167,12.9939,8142,25,118349
3735000,8192,14,8,6,956153848,14,956162040,0,8159,12.9919,8126,2,0x8a8ad555d1,962,7400,0,33,118433,8159,12.9919,8126,33,118382
3736000,8192,14,8,6,956415986,14,956424178,0,8164,12.9932,8136,2,0x182e6d670b,0,5,0,28,118461,8164,12.9932,8136,28,118410
3737000,8192,14,8,6,956669943,14,956678135,0,8172,12.9951,8152,2,0x1389fd11ca,975,7421,0,20,118481,8172,12.9951,8152,20,118430
3738000,8192,14,8,6,956923896,14,956932088,0,8158,12.9917,8124,2,0x34a7c151e1,985,7453,0,34,118515,8158,12.9917,8124,34,118464
3739000,8192,14,8,6,957177848,14,957186040,0,8153,12.9905,8114,2,0xa73508bbbf,994,7397,0,39,118554,8153,12.9905,8114,39,118503
3740000,8192,14,8,6,957439986,14,957448178,0,8169,12.9944,8146,2,0xd2102fc8ea,1,6,0,23,118577,8169,12.9944,8146,23,118526
3741000,8192,14,8,6,957693943,14,957702135,0,8163,12.9929,8134,2,0x90bbc2492e,954,7398,0,29,118606,8163,12.9929,8134,29,118555
3742000,8192,14,8,6,957947896,14,957956088,0,8169,12.9944,8146,2,0x8479471dcf,938,7433,0,23,118629,8169,12.9944,8146,23,118578
3743000,8192,14,8,6,958201848,14,958210040,0,8165,12.9934,8138,2,0xa4905bcb09,927,7406,0,27,118656,8165,12.9934,8138,27,118605
3744000,8192,14,8,6,958463986,14,958472178,0,8161,12.9924,8130,2,0x1137be9dc2,0,5,0,31,118687,8161,12.9924,8130,31,118636
3745000,8192,14,8,6,958717943,14,958726135,0,8161,12.9923,8131,3,0xf85e5ef381,1053,7418,0,30,118717,8161,12.9923,8131,30,118666
3746000,8192,14,8,6,958971896,14,958980088,0,8153,12.9905,8114,2,0x33a0f8b78c,957,7386,0,39,118756,8153,12.9905,8114,39,118705
3747000,8192,14,8,6,959225848,14,959234040,0,8169,12.9944,8146,2,0x51d0249817,955,7415,0,23,118779,8169,12.9944,8146,23,118728
3748000,8192,14,8,6,959487986,14,959496178,0,8165,12.9933,8139,3,0xbfd1c0fa91,1,6,0,26,118805,8165,12.9933,8139,26,118754
3749000,8192,14,8,6,959741943,14,959750135,0,8169,12.9944,8146,2,0x40c6dcb2fb,1030,7443,0,23,118828,8169,12.9944,8146,23,118777
3750000,8192,14,8,6,959995896,14,960004088,0,8153,12.9905,8114,2,0x71aa92c951,962,7398,0,39,118867,8153,12.9905,8114,39,118816
3751000,8192,14,8,6,960249848,14,960258040,0,8159,12.9919,8126,2,0xa21cc32a79,964,7414,0,33,118900,8159,12.9919,8126,33,118849
3752000,8192,14,8,6,960511986,14,960520178,0,8157,12.9915,8122,2,0x356502471c,1,6,0,35,118935,8157,12.9915,8122,35,118884
3753000,8192,14,8,6,960765943,14,960774135,0,8162,12.9927,8132,2,0x944f246f15,992,7418,0,30,118965,8162,12.9927,8132,30,118914
3754000,8192,14,8,6,961019896,14,961028088,0,8147,12.9890,8102,2,0x9821e58ebe,932,7394,0,45,119010,8147,12.9890,8102,45,118959
3755000,8192,14,8,6,961273848,14,961282040,0,8166,12.9937,8140,2,0x2d7aa65623,953,7425,0,26,119036,8166,12.9937,8140,26,118985
3756000,8192,14,8,6,961535986,14,961544178,0,8169,12.9944,8146,2,0x0ac8740b08,1,6,0,23,119059,8169,12.9944,8146,23,119008
3757000,8192,14,8,6,961789943,14,961798135,0,8163,12.9929,8134,2,0xdf3e22e221,992,7410,0,29,119088,8163,12.9929,8134,29,119037
3758000,8192,14,8,6,962043896,14,962052088,0,8163,12.9929,8134,2,0x9965436a76,937,7402,0,29,119117,8163,12.9929,8134,29,119066
3759000,8192,14,8,6,962297848,14,962306040,0,8160,12.9922,8128,2,0x18784dea36,968,7429,0,32,119149,8160,12.9922,8128,32,119098
3760000,8192,14,8,6,962559986,14,962568178,0,8163,12.9929,8134,2,0xc46982284f,1,6,0,29,119178,8163,12.9929,8134,29,119127
3761000,8192,14,8,6,962813943,14,962822135,0,8167,12.9939,8142,2,0xa66820895a,942,7410,0,25,119203,8167,12.9939,8142,25,119152
3762000,8192,14,8,6,963067896,14,963076088,0,8161,12.9924,8130,2,0x2ee172b2c3,953,7396,0,31,119234,8161,12.9924,8130,31,119183
3763000,8192,14,8,6,963321848,14,963330040,0,8154,12.9907,8116,2,0x6c659321b0,982,7411,0,38,119272,8154,12.9907,8116,38,119221
3764000,8192,14,8,6,963583986,14,963592178,0,8154,12.9907,8116,2,0x3bfa57c02c,2,6,0,38,119310,8154,12.9907,8116,38,119259
3765000,8192,14,8,6,963837943,14,963846135,0,8159,12.9919,8126,2,0xa3fef3e004,990,7460,0,33,119343,8159,12.9919,8126,33,119292
3766000,8192,14,8,6,964091896,14,964100088,0,8143,12.9880,8094,2,0x7fdd0a51b6,968,7398,0,49,119392,8143,12.9880,8094,49,119341
3767000,8192,14,8,6,964345848,14,964354040,0,8166,12.9937,8140,2,0xdc4995e380,947,7412,0,26,119418,8166,12.9937,8140,26,119367
3768000,8192,14,8,6,964607986,14,964616178,0,8167,12.9939,8142,2,0x4cfb7c2aac,0,6,0,25,119443,8167,12.9939,8142,25,119392
3769000,8192,14,8,6,964861943,14,964870135,0,8165,12.9934,8138,2,0xbd0cf9619f,997,7449,0,27,119470,8165,12.9934,8138,27,119419
3770000,8192,14,8,6,965115896,14,965124088,0,8166,12.9937,8140,2,0x65a24f81bc,1002,7461,0,26,119496,8166,12.9937,8140,26,119445
3771000,8192,14,8,6,965369848,14,965378040,0,8165,12.9934,8138,2,0x0bd178bb1f,963,7415,0,27,119523,8165,12.9934,8138,27,119472
3772000,8192,14,8,6,965631986,14,965640178,0,8164,12.9932,8136,2,0x3fc8c2e15a,2,4,0,28,119551,8164,12.9932,8136,28,119500
3773000,8192,14,8,6,965885943,14,965894135,0,8161,12.9924,8130,2,0x2ffb29c550,938,7419,0,31,119582,8161,12.9924,8130,31,119531
3774000,8192,14,8,6,966139896,14,966148088,0,8161,12.9924,8130,2,0x11139a2ab6,992,7406,0,31,119613,8161,12.9924,8130,31,119562
3775000,8192,14,8,6,966393848,14,966402040,0,8156,12.9912,8120,2,0x3352703e61,1017,7435,0,36,119649,8156,12.9912,8120,36,119598
3776000,8192,14,8,6,966655986,14,966664178,0,8163,12.9929,8134,2,0xb63d9ccee7,1,6,0,29,119678,8163,12.9929,8134,29,119627
3777000,8192,14,8,6,966909943,14,966918135,0,8155,12.9910,8118,2,0xb6221d6a96,936,7350,0,37,119715,8155,12.9910,8118,37,119664
3778000,8192,14,8,6,967163896,14,967172088,0,8165,12.9934,8138,2,0xdd4ec6380a,995,7411,0,27,119742,8165,12.9934,8138,27,119691
3779000,8192,14,8,6,967417848,14,967426040,0,8165,12.9934,8138,2,0x70d6484ec9,907,7431,0,27,119769,8165,12.9934,8138,27,119718
3780000,8192,14,8,6,967679986,14,967688178,0,8162,12.9927,8132,2,0x04f78d6d7c,0,6,0,30,119799,8162,12.9927,8132,30,119748
3781000,8192,14,8,6,967933943,14,967942135,0,8159,12.9919,8127,3,0xa220792af5,1010,7405,0,32,119831,8159,12.9919,8127,32,119780
3782000,8192,14,8,6,968187896,14,968196088,0,8163,12.9929,8134,2,0x0bc4fcead0,933,7416,0,29,119860,8163,12.9929,8134,29,119809
3783000,8192,14,8,6,968441848,14,968450040,0,8158,12.9917,8124,2,0x39734efc1b,938,7453,0,34,119894,8158,12.9917,8124,34,119843
3784000,8192,14,8,6,968703986,14,968712178,0,8162,12.9926,8133,3,0x3689477350,1,6,0,29,119923,8162,12.9926,8133,29,119872
3785000,8192,14,8,6,968957943,14,968966135,0,8154,12.9907,8116,2,0xfa09d36d7a,1013,7456,0,38,119961,8154,12.9907,8116,38,119910
3786000,8192,14,8,6,969211896,14,969220088,0,8165,12.9934,8138,2,0xe161cfcd7b,961,7419,0,27,119988,8166,12.9937,8140,26,119936
3787000,8192,14,8,6,969465848,14,969474040,0,8169,12.9944,8146,2,0x25a9f783e5,917,7435,0,23,120011,8169,12.9944,8146,23,119959
3788000,8192,14,8,6,969727986,14,969736178,0,8157,12.9915,8122,2,0x967da86dda,0,5,0,35,120046,8157,12.9915,8122,35,119994
3789000,8192,14,8,6,969981943,14,969990135,0,8156,12.9912,8120,2,0x63e2c00a94,982,7391,0,36,120082,8156,12.9912,8120,36,120030
3790000,8192,14,8,6,970235896,14,970244088,0,8162,12.9927,8132,2,0x9763564eda,1009,7435,0,30,120112,8162,12.9927,8132,30,120060
3791000,8192,14,8,6,970489848,14,970498040,0,8161,12.9924,8130,2,0xebdc285c45,991,7404,0,31,120143,8161,12.9924,8130,31,120091
3792000,8192,14,8,6,970751986,14,970760178,0,8150,12.9897,8108,2,0x54a3feebaa,2,6,0,42,120185,8150,12.9897,8108,42,120133
3793000,8192,14,8,6,971005943,14,971014135,0,8170,12.9946,8148,2,0xafe70ea6ba,930,7444,0,22,120207,8170,12.9946,8148,22,120155
3794000,8192,14,8,6,971259896,14,971268088,0,8169,12.9944,8146,2,0xd5c9dcd2c1,966,7427,0,23,120230,8169,12.9944,8146,23,120178
3795000,8192,14,8,6,971513848,14,971522040,0,8161,12.9924,8130,2,0x0b7ee8fa4c,968,7414,0,31,120261,8162,12.9927,8132,30,120208
3796000,8192,14,8,6,971775986,14,971784178,0,8163,12.9929,8134,2,0x83fa265f1c,1,6,0,29,120290,8163,12.9929,8134,29,120237
3797000,8192,14,8,6,972029943,14,972038135,0,8159,12.9919,8126,2,0xaa6229f53a,999,7394,0,33,120323,8159,12.9919,8126,33,120270
3798000,8192,14,8,6,972283896,14,972292088,0,8157,12.9915,8122,2,0xa771c2296b,980,7443,0,35,120358,8157,12.9915,8122,35,120305
3799000,8192,14,8,6,972537848,14,972546040,0,8156,12.9912,8120,2,0xc0d56ef772,1015,7442,0,36,120394,8156,12.9912,8120,36,120341
3800000,8192,14,8,6,972799986,14,972808178,0,8164,12.9932,8136,2,0x4c30361491,2,6,0,28,120422,8164,12.9932,8136,28,120369
3801000,8192,14,8,6,973053943,14,973062135,0,8172,12.9951,8152,2,0x8d7c8e2d34,962,7451,0,20,120442,8172,12.9951,8152,20,120389
3802000,8192,14,8,6,973307896,14,973316088,0,8166,12.9936,8141,3,0x5029c39432,965,7396,0,25,120467,8167,12.9938,8143,24,120413
3803000,8192,14,8,6,973561848,14,973570040,0,8170,12.9946,8148,2,0x379d5c7c86,1022,7412,0,22,120489,8170,12.9946,8148,22,120435
3804000,8192,14,8,6,973823986,14,973832178,0,8163,12.9929,8134,2,0x42e9814db5,1,5,0,29,120518,8163,12.9929,8134,29,120464
3805000,8192,14,8,6,974077943,14,974086135,0,8163,12.9929,8134,2,0x4d7d4d5c02,980,7408,0,29,120547,8163,12.9929,8134,29,120493
3806000,8192,14,8,6,974331896,14,974340088,0,8158,12.9917,8124,2,0x0df0dced85,1016,7406,0,34,120581,8158,12.9917,8124,34,120527
3807000,8192,14,8,6,974585848,14,974594040,0,8164,12.9932,8136,2,0xa9af883323,997,7422,0,28,120609,8164,12.9932,8136,28,120555
3808000,8192,14,8,6,974847986,14,974856178,0,8162,12.9927,8132,2,0x6fcf30555e,4,6,0,30,120639,8162,12.9927,8132,30,120585
3809000,8192,14,8,6,975101943,14,975110135,0,8160,12.9922,8128,2,0x19babc730e,969,7397,0,32,120671,8160,12.9922,8128,32,120617
3810000,8192,14,8,6,975355896,14,975364088,0,8166,12.9937,8140,2,0x9f38bbf7b7,952,7412,0,26,120697,8166,12.9937,8140,26,120643
3811000,8192,14,8,6,975609848,14,975618040,0,8161,12.9924,8130,2,0x8ba5fd108c,1028,7491,0,31,120728,8161,12.9924,8130,31,120674
3812000,8192,14,8,6,975871986,14,975880178,0,8168,12.9941,8144,2,0x26dbabed80,0,5,0,24,120752,8168,12.9941,8144,24,120698
3813000,8192,14,8,6,976125943,14,976134135,0,8162,12.9927,8132,2,0x79bc1d171d,944,7373,0,30,120782,8162,12.9927,8132,30,120728
3814000,8192,14,8,6,976379896,14,976388088,0,8164,12.9932,8136,2,0x36d69e4290,997,7399,0,28,120810,8164,12.9932,8136,28,120756
3815000,8192,14,8,6,976633848,14,976642040,0,8147,12.9889,8103,3,0x085d7c0335,993,7432,0,44,120854,8147,12.9889,8103,44,120800
3816000,8192,14,8,6,976895986,14,976904178,0,8161,12.9924,8130,2,0x6f11f1c553,4,6,0,31,120885,8161,12.9924,8130,31,120831
3817000,8192,14,8,6,977149943,14,977158135,0,8165,12.9934,8138,2,0x232c3ff624,963,7423,0,27,120912,8165,12.9934,8138,27,120858
3818000,8192,14,8,6,977403896,14,977412088,0,8165,12.9934,8138,2,0x557cd0553e,1012,7436,0,27,120939,8165,12.9934,8138,27,120885
3819000,8192,14,8,6,977657848,14,977666040,0,8154,12.9907,8116,2,0xab033cad3c,1022,7430,0,38,120977,8154,12.9907,8116,38,120923
3820000,8192,14,8,6,977919986,14,977928178,0,8162,12.9927,8132,2,0x9cc0b2fe12,0,5,0,30,121007,8162,12.9927,8132,30,120953
3821000,8192,14,8,6,978173943,14,978182135,0,8162,12.9927,8132,2,0x72c7497b41,958,7399,0,30,121037,8162,12.9927,8132,30,120983
3822000,8192,14,8,6,978427896,14,978436088,0,8161,12.9924,8130,2,0x03fd37bf06,1009,7447,0,31,121068,8161,12.9924,8130,31,121014
3823000,8192,14,8,6,978681848,14,978690040,0,8163,12.9928,8135,3,0xc706c44d84,987,7397,0,28,121096,8163,12.9928,8135,28,121042
3824000,8192,14,8,6,978943986,14,978952178,0,8151,12.9899,8111,3,0x0ee1b37171,2,5,0,40,121136,8151,12.9899,8111,40,121082
3825000,8192,14,8,6,979197943,14,979206135,0,8162,12.9926,8133,3,0x946f0d58f8,946,7380,0,29,121165,8162,12.9926,8133,29,121111
3826000,8192,14,8,6,979451896,14,979460088,0,8167,12.9938,8143,3,0xffa2bb8501,1043,7466,0,24,121189,8167,12.9938,8143,24,121135
3827000,8192,14,8,6,979705848,14,979714040,0,8160,12.9922,8128,2,0x7a19918f39,987,7420,0,32,121221,8160,12.9922,8128,32,121167
3828000,8192,14,8,6,979967986,14,979976178,0,8156,12.9912,8120,2,0x82b7085892,0,6,0,36,121257,8156,12.9912,8120,36,121203
3829000,8192,14,8,6,980221943,14,980230135,0,8162,12.9927,8132,2,0x57801627c5,986,7411,0,30,121287,8162,12.9927,8132,30,121233
3830000,8192,14,8,6,980475896,14,980484088,0,8161,12.9924,8130,2,0xed15048762,957,7389,0,31,121318,8162,12.9927,8132,30,121263
3831000,8192,14,8,6,980729848,14,980738040,0,8173,12.9954,8154,2,0xa3fe547eef,982,7425,0,19,121337,8173,12.9954,8154,19,121282
3832000,8192,14,8,6,980991986,14,981000178,0,8151,12.9900,8110,2,0x843e026a2f,2,5,0,41,121378,8151,12.9900,8110,41,121323
3833000,8192,14,8,6,981245943,14,981254135,0,8159,12.9919,8126,2,0xda448133d3,961,7442,0,33,121411,8159,12.9919,8126,33,121356
3834000,8192,14,8,6,981499896,14,981508088,0,8161,12.9924,8130,2,0xc1bf7bc317,969,7433,0,31,121442,8161,12.9924,8130,31,121387
3835000,8192,14,8,6,981753848,14,981762040,0,8163,12.9929,8134,2,0x92a34389b3,980,7399,0,29,121471,8163,12.9929,8134,29,121416
3836000,8192,14,8,6,982015986,14,982024178,0,8151,12.9900,8110,2,0x3501477b91,2,4,0,41,121512,8151,12.9900,8110,41,121457
3837000,8192,14,8,6,982269943,14,982278135,0,8155,12.9909,8119,3,0xf92d4b9744,1028,7401,0,36,121548,8155,12.9909,8119,36,121493
3838000,8192,14,8,6,982523896,14,982532088,0,8160,12.9922,8128,2,0x9130b7f68f,988,7409,0,32,121580,8160,12.9922,8128,32,121525
3839000,8192,14,8,6,982777848,14,982786040,0,8151,12.9900,8110,2,0xa27e5078bc,991,7490,0,41,121621,8151,12.9900,8110,41,121566
3840000,8192,14,8,6,983039986,14,983048178,0,8159,12.9919,8126,2,0xdbf1cbf492,1,5,0,33,121654,8159,12.9919,8126,33,121599
3841000,8192,14,8,6,983293943,14,983302135,0,8154,12.9906,8117,3,0xf6a7ad300d,1008,7433,0,37,121691,8155,12.9909,8119,36,121635
3842000,8192,14,8,6,983547896,14,983556088,0,8156,12.9912,8120,2,0x4b7260bc23,975,7402,0,36,121727,8156,12.9912,8120,36,121671
3843000,8192,14,8,6,983801848,14,983810040,0,8161,12.9924,8130,2,0x87c75c0309,1001,7432,0,31,121758,8161,12.9924,8130,31,121702
3844000,8192,14,8,6,984063986,14,984072178,0,8161,12.9924,8130,2,0x10d53f32df,0,5,0,31,121789,8161,12.9924,8130,31,121733
3845000,8192,14,8,6,984317943,14,984326135,0,8155,12.9910,8118,2,0xea216f95fe,1015,7410,0,37,121826,8155,12.9910,8118,37,121770
3846000,8192,14,8,6,984571896,14,984580088,0,8147,12.9890,8102,2,0x16953bb5db,1007,7463,0,45,121871,8147,12.9890,8102,45,121815
3847000,8192,14,8,6,984825848,14,984834040,0,8155,12.9909,8119,3,0x1dd28ec7ab,976,7405,0,36,121907,8155,12.9909,8119,36,121851
3848000,8192,14,8,6,985087986,14,985096178,0,8163,12.9928,8135,3,0x3eb1c28afb,1,6,0,28,121935,8163,12.9928,8135,28,121879
3849000,8192,14,8,6,985341943,14,985350135,0,8162,12.9926,8133,3,0xc159fac693,999,7439,0,29,121964,8162,12.9926,8133,29,121908
3850000,8192,14,8,6,985595896,14,985604088,0,8156,12.9912,8120,2,0xa8b37e3347,977,7446,0,36,122000,8156,12.9912,8120,36,121944
3851000,8192,14,8,6,985849848,14,985858040,0,8163,12.9929,8134,2,0x74fe9c9b28,963,7450,0,29,122029,8163,12.9929,8134,29,121973
3852000,8192,14,8,6,986111986,14,986120178,0,8166,12.9937,8140,2,0x951f0547e9,1,6,0,26,122055,8166,12.9937,8140,26,121999
3853000,8192,14,8,6,986365943,14,986374135,0,8165,12.9934,8138,2,0xa3597213f6,900,7408,0,27,122082,8165,12.9934,8138,27,122026
3854000,8192,14,8,6,986619896,14,986628088,0,8154,12.9907,8116,2,0x4a7ea6cebe,987,7428,0,38,122120,8154,12.9907,8116,38,122064
3855000,8192,14,8,6,986873848,14,986882040,0,8170,12.9946,8148,2,0xd3a379a1f3,974,7441,0,22,122142,8170,12.9946,8148,22,122086
3856000,8192,14,8,6,987135986,14,987144178,0,8160,12.9922,8128,2,0x599b4ac047,1,4,0,32,122174,8160,12.9922,8128,32,122118
3857000,8192,14,8,6,987389943,14,987398135,0,8168,12.9941,8144,2,0xa4ce113475,930,7443,0,24,122198,8168,12.9941,8144,24,122142
3858000,8192,14,8,6,987643896,14,987652088,0,8170,12.9946,8148,2,0xe345f68370,936,7427,0,22,122220,8170,12.9946,8148,22,122164
3859000,8192,14,8,6,987897848,14,987906040,0,8146,12.9888,8100,2,0xc16089cb20,988,7404,0,46,122266,8146,12.9888,8100,46,122210
3860000,8192,14,8,6,988159986,14,988168178,0,8156,12.9912,8120,2,0x359138f1a3,1,6,0,36,122302,8156,12.9912,8120,36,122246
3861000,8192,14,8,6,988413943,14,988422135,0,8161,12.9924,8130,2,0x6982dd79f7,957,7444,0,31,122333,8161,12.9924,8130,31,122277
3862000,8192,14,8,6,988667896,14,988676088,0,8164,12.9932,8136,2,0xb1cded6d09,990,7442,0,28,122361,8164,12.9932,8136,28,122305
3863000,8192,14,8,6,988921848,14,988930040,0,8160,12.9922,8128,2,0xd16aa8def9,1004,7369,0,32,122393,8160,12.9922,8128,32,122337
3864000,8192,14,8,6,989183986,14,989192178,0,8161,12.9924,8130,2,0x5dc518052b,1,6,0,31,122424,8161,12.9924,8130,31,122368
3865000,8192,14,8,6,989437943,14,989446135,0,8165,12.9934,8138,2,0xdb8b4b4b68,972,7394,0,27,122451,8165,12.9934,8138,27,122395
3866000,8192,14,8,6,989691896,14,989700088,0,8160,12.9922,8128,2,0x72a2b031b3,931,7415,0,32,122483,8160,12.9922,8128,32,122427
3867000,8192,14,8,6,989945848,14,989954040,0,8160,12.9922,8128,2,0x119d9d4fdc,1004,7458,0,32,122515,8160,12.9922,8128,32,122459
3868000,8192,14,8,6,990207986,14,990216178,0,8162,12.9927,8132,2,0x106c065da3,1,6,0,30,122545,8162,12.9927,8132,30,122489
3869000,8192,14,8,6,990461943,14,990470135,0,8159,12.9919,8126,2,0x195d27f726,952,7486,0,33,122578,8159,12.9919,8126,33,122522
3870000,8192,14,8,6,990715896,14,990724088,0,8159,12.9919,8126,2,0x4ee46cd464,989,7431,0,33,122611,8159,12.9919,8126,33,122555
3871000,8192,14,8,6,990969848,14,990978040,0,8158,12.9917,8124,2,0x08c3001f82,1001,7419,0,34,122645,8158,12.9917,8124,34,122589
3872000,8192,14,8,6,991231986,14,991240178,0,8155,12.9910,8118,2,0x2918f1d94f,0,6,0,37,122682,8155,12.9910,8118,37,122626
3873000,8192,14,8,6,991485943,14,991494135,0,8156,12.9912,8120,2,0x219afca8cd,1003,7424,0,36,122718,8156,12.9912,8120,36,122662
3874000,8192,14,8,6,991739896,14,991748088,0,8166,12.9937,8140,2,0x4ded50fa2f,1003,7432,0,26,122744,8166,12.9937,8140,26,122688
3875000,8192,14,8,6,991993848,14,992002040,0,8170,12.9946,8148,2,0x82802206c2,980,7416,0,22,122766,8170,12.9946,8148,22,122710
3876000,8192,14,8,6,992255986,14,992264178,0,8148,12.9893,8104,2,0xd9b6722c53,0,5,0,44,122810,8148,12.9893,8104,44,122754
3877000,8192,14,8,6,992509943,14,992518135,0,8167,12.9939,8142,2,0x98a0a2dcd3,1010,7458,0,25,122835,8167,12.9939,8142,25,122779
3878000,8192,14,8,6,992763896,14,992772088,0,8162,12.9927,8132,2,0xabfa01a5dc,969,7437,0,30,122865,8162,12.9927,8132,30,122809
3879000,8192,14,8,6,993017848,14,993026040,0,8161,12.9924,8130,2,0x3f82327721,969,7454,0,31,122896,8161,12.9924,8130,31,122840
3880000,8192,14,8,6,993279986,14,993288178,0,8164,12.9932,8136,2,0x31b0fb4f69,0,6,0,28,122924,8164,12.9932,8136,28,122868
3881000,8192,14,8,6,993533943,14,993542135,0,8155,12.9910,8118,2,0x07d0810a18,961,7447,0,37,122961,8155,12.9910,8118,37,122905
3882000,8192,14,8,6,993787896,14,993796088,0,8157,12.9915,8122,2,0xe17b4e25c2,973,7387,0,35,122996,8157,12.9915,8122,35,122940
3883000,8192,14,8,6,994041848,14,994050040,0,8158,12.9917,8124,2,0xc015714175,975,7384,0,34,123030,8158,12.9917,8124,34,122974
3884000,8192,14,8,6,994303986,14,994312178,0,8158,12.9917,8124,2,0x93f4d2229c,1,6,0,34,123064,8158,12.9917,8124,34,123008
3885000,8192,14,8,6,994557943,14,994566135,0,8168,12.9941,8144,2,0x6cdd8ca7b9,1016,7457,0,24,123088,8168,12.9941,8144,24,123032
3886000,8192,14,8,6,994811896,14,994820088,0,8157,12.9915,8122,2,0xd12f8551cb,1006,7407,0,35,123123,8157,12.9915,8122,35,123067
3887000,8192,14,8,6,995065848,14,995074040,0,8159,12.9919,8126,2,0x19e4d4a256,960,7442,0,33,123156,8159,12.9919,8126,33,123100
3888000,8192,14,8,6,995327986,14,995336178,0,8171,12.9949,8150,2,0xa9a496fcb1,1,5,0,21,123177,8171,12.9949,8150,21,123121
3889000,8192,14,8,6,995581943,14,995590135,0,8155,12.9910,8118,2,0x74f515fd54,972,7420,0,37,123214,8155,12.9910,8118,37,123158
3890000,8192,14,8,6,995835896,14,995844088,0,8162,12.9927,8132,2,0x6f1fe13a00,977,7474,0,30,123244,8162,12.9927,8132,30,123188
3891000,8192,14,8,6,996089848,14,996098040,0,8159,12.9919,8126,2,0x5c4b535760,951,7364,0,33,123277,8159,12.9919,8126,33,123221
3892000,8192,14,8,6,996351986,14,996360178,0,8163,12.9929,8134,2,0xb8e26c3f83,2,6,0,29,123306,8163,12.9929,8134,29,123250
3893000,8192,14,8,6,996605943,14,996614135,0,8160,12.9922,8128,2,0xa9c292f0ac,959,7388,0,32,123338,8160,12.9922,8128,32,123282
3894000,8192,14,8,6,996859896,14,996868088,0,8173,12.9954,8154,2,0xd0c7aef941,953,7437,0,19,123357,8173,12.9954,8154,19,123301
3895000,8192,14,8,6,997113848,14,997122040,0,8160,12.9922,8128,2,0x730e5d30c1,954,7425,0,32,123389,8160,12.9922,8128,32,123333
3896000,8192,14,8,6,997375986,14,997384178,0,8157,12.9915,8122,2,0x4824d24835,0,5,0,35,123424,8157,12.9915,8122,35,123368
3897000,8192,14,8,6,997629943,14,997638135,0,8165,12.9934,8138,2,0x013560c2cc,937,7414,0,27,123451,8165,12.9934,8138,27,123395
3898000,8192,14,8,6,997883896,14,997892088,0,8161,12.9923,8131,3,0xe6ccbaa053,910,7410,0,30,123481,8161,12.9923,8131,30,123425
3899000,8192,14,8,6,998137848,14,998146040,0,8142,12.9878,8092,2,0x3be2fb88a4,976,7425,0,50,123531,8142,12.9878,8092,50,123475
3900000,8192,14,8,6,998399986,14,998408178,0,8155,12.9910,8118,2,0x41008ede61,2,6,0,37,123568,8155,12.9910,8118,37,123512
3901000,8192,14,8,6,998653943,14,998662135,0,8163,12.9929,8134,2,0x55b3b526c2,1001,7391,0,29,123597,8163,12.9929,8134,29,123541
3902000,8192,15,9,6,998907895,15,998916087,0,8153,12.9905,8114,2,0xe87380191b,1025,7373,0,39,123636,8153,12.9905,8114,39,123580
3903000,8192,15,9,6,999161847,15,999170039,0,8170,12.9946,8148,2,0xc2dfed33e4,967,7470,0,22,123658,8170,12.9946,8148,22,123602
3904000,8192,15,9,6,999423985,15,999432177,0,8162,12.9927,8132,2,0x68558c3dc4,1,5,0,30,123688,8162,12.9927,8132,30,123632
3905000,8192,15,9,6,999677942,15,999686134,0,8162,12.9927,8132,2,0x6b56ffcc7a,987,7431,0,30,123718,8162,12.9927,8132,30,123662
3906000,8192,15,9,6,999931895,15,999940087,0,8160,12.9920,8130,3,0x77a9ab885a,1010,7447,0,30,123748,8160,12.9920,8130,30,123692
3907000,8192,15,9,6,1000185847,15,1000194039,0,8156,12.9912,8120,2,0x98e82e5643,937,7379,0,36,123784,8156,12.9912,8120,36,123728
3908000,8192,15,9,6,1000447985,15,1000456177,0,8158,12.9917,8124,2,0xd1ea0afc44,1,5,0,34,123818,8158,12.9917,8124,34,123762
3909000,8192,15,9,6,1000701942,15,1000710134,0,8150,12.9897,8108,2,0x08848b02b7,961,7415,0,42,123860,8150,12.9897,8108,42,123804
3910000,8192,15,9,6,1000955895,15,1000964087,0,8157,12.9915,8122,2,0x0bc3b1dc0d,1049,7444,0,35,123895,8157,12.9915,8122,35,123839
3911000,8192,15,9,6,1001209847,15,1001218039,0,8156,12.9912,8120,2,0x6e20633c31,1002,7356,0,36,123931,8156,12.9912,8120,36,123875
3912000,8192,15,9,6,1001471985,15,1001480177,0,8169,12.9944,8146,2,0x312b124d70,0,6,0,23,123954,8169,12.9944,8146,23,123898
3913000,8192,15,9,6,1001725942,15,1001734134,0,8155,12.9910,8118,2,0xd63567f720,1052,7426,0,37,123991,8155,12.9910,8118,37,123935
3914000,8192,15,9,6,1001979895,15,1001988087,0,8157,12.9915,8122,2,0x96024cd3b6,1005,7431,0,35,124026,8157,12.9915,8122,35,123970
3915000,8192,15,9,6,1002233847,15,1002242039,0,8159,12.9919,8126,2,0xe18821989d,997,7446,0,33,124059,8159,12.9919,8126,33,124003
3916000,8192,15,9,6,1002495985,15,1002504177,0,8159,12.9919,8126,2,0x6756dad51e,2,4,0,33,124092,8159,12.9919,8126,33,124036
3917000,8192,15,9,6,1002749942,15,1002758134,0,8170,12.9946,8148,2,0x2a8cc65c72,956,7436,0,22,124114,8170,12.9946,8148,22,124058
3918000,8192,15,9,6,1003003895,15,1003012087,0,8160,12.9922,8128,2,0xabbe80148d,985,7448,0,32,124146,8160,12.9922,8128,32,124090
3919000,8192,15,9,6,1003257847,15,1003266039,0,8164,12.9932,8136,2,0x810e6338f8,973,7401,0,28,124174,8164,12.9932,8136,28,124118
3920000,8192,15,9,6,1003519985,15,1003528177,0,8150,12.9897,8109,3,0x9387847db6,0,6,0,41,124215,8150,12.9897,8109,41,124159
3921000,8192,15,9,6,1003773942,15,1003782134,0,8155,12.9910,8118,2,0xc55c3e1d6c,997,7455,0,37,124252,8155,12.9910,8118,37,124196
3922000,8192,15,9,6,1004027895,15,1004036087,0,8147,12.9890,8102,2,0x36e7643462,993,7429,0,45,124297,8147,12.9890,8102,45,124241
3923000,8192,15,9,6,1004281847,15,1004290039,0,8165,12.9934,8138,2,0xccd4d92d78,976,7412,0,27,124324,8165,12.9934,8138,27,124268
3924000,8192,15,9,6,1004543985,15,1004552177,0,8161,12.9924,8130,2,0x2ea4643fb9,0,4,0,31,124355,8161,12.9924,8130,31,124299
3925000,8192,15,9,6,1004797942,15,1004806134,0,8161,12.9924,8130,2,0xb32af5feb9,983,7391,0,31,124386,8161,12.9924,8130,31,124330
3926000,8192,15,9,6,1005051895,15,1005060087,0,8150,12.9897,8108,2,0x85fa9394d9,974,7395,0,42,124428,8150,12.9897,8108,42,124372
3927000,8192,15,9,6,1005305847,15,1005314039,0,8170,12.9946,8148,2,0x8621e979f7,973,7434,0,22,124450,8170,12.9946,8148,22,124394
3928000,8192,15,9,6,1005567985,15,1005576177,0,8159,12.9919,8126,2,0x975987bf39,1,6,0,33,124483,8159,12.9919,8126,33,124427
3929000,8192,15,9,6,1005821942,15,1005830134,0,8161,12.9924,8130,2,0x0c0415012c,1029,7382,0,31,124514,8161,12.9924,8130,31,124458
3930000,8192,15,9,6,1006075895,15,1006084087,0,8156,12.9912,8120,2,0xe3b0a7d26b,1012,7394,0,36,124550,8156,12.9912,8120,36,124494
3931000,8192,15,9,6,1006329847,15,1006338039,0,8163,12.9929,8134,2,0x14dfcd540e,909,7378,0,29,124579,8163,12.9929,8134,29,124523
3932000,8192,15,9,6,1006591985,15,1006600177,0,8158,12.9917,8124,2,0xf95247ab64,3,6,0,34,124613,8158,12.9917,8124,34,124557
3933000,8192,15,9,6,1006845942,15,1006854134,0,8164,12.9932,8136,2,0xe6bf750cec,921,7436,0,28,124641,8164,12.9932,8136,28,124585
3934000,8192,15,9,6,1007099895,15,1007108087,0,8160,12.9922,8128,2,0x4a77a2a3f8,979,7426,0,32,124673,8160,12.9922,8128,32,124617
3935000,8192,15,9,6,1007353847,15,1007362039,0,8151,12.9900,8110,2,0xbe7ee1cabc,980,7393,0,41,124714,8151,12.9900,8110,41,124658
3936000,8192,15,9,6,1007615985,15,1007624177,0,8164,12.9932,8136,2,0x81dbccc538,0,6,0,28,124742,8164,12.9932,8136,28,124686
3937000,8192,15,9,6,1007869942,15,1007878134,0,8166,12.9937,8140,2,0x8ccf87a3d4,961,7431,0,26,124768,8166,12.9937,8140,26,124712
3938000,8192,15,9,6,1008123895,15,1008132087,0,8148,12.9893,8104,2,0x008d423558,954,7419,0,44,124812,8148,12.9893,8104,44,124756
3939000,8192,15,9,6,1008377847,15,1008386039,0,8158,12.9917,8124,2,0xb3373eac88,905,7394,0,34,124846,8158,12.9917,8124,34,124790
3940000,8192,15,9,6,1008639985,15,1008648177,0,8155,12.9910,8118,2,0xfdfc188d66,0,6,0,37,124883,8155,12.9910,8118,37,124827
3941000,8192,15,9,6,1008893942,15,1008902134,0,8160,12.9922,8128,2,0x6dc4ee4005,1000,7442,0,32,124915,8160,12.9922,8128,32,124859
3942000,8192,15,9,6,1009147895,15,1009156087,0,8165,12.9934,8138,2,0x397e679d18,940,7421,0,27,124942,8165,12.9934,8138,27,124886
3943000,8192,15,9,6,1009401847,15,1009410039,0,8158,12.9917,8124,2,0x5346bf2df0,940,7362,0,34,124976,8158,12.9917,8124,34,124920
3944000,8192,15,9,6,1009663985,15,1009672177,0,8161,12.9924,8130,2,0x8dc71eec60,0,5,0,31,125007,8161,12.9924,8130,31,124951
3945000,8192,15,9,6,1009917942,15,1009926134,0,8165,12.9934,8138,2,0xbb19318160,1045,7451,0,27,125034,8165,12.9934,8138,27,124978
3946000,8192,15,9,6,1010171895,15,1010180087,0,8162,12.9927,8132,2,0xe4936287c4,930,7405,0,30,125064,8162,12.9927,8132,30,125008
3947000,8192,15,9,6,1010425847,15,1010434039,0,8156,12.9912,8120,2,0xd718347425,986,7429,0,36,125100,8156,12.9912,8120,36,125044
3948000,8192,15,9,6,1010687985,15,1010696177,0,8155,12.9910,8118,2,0xf22a75554c,0,4,0,37,125137,8155,12.9910,8118,37,125081
3949000,8192,15,9,6,1010941942,15,1010950134,0,8159,12.9919,8126,2,0xbcbe59c237,922,7453,0,33,125170,8159,12.9919,8126,33,125114
3950000,8192,15,9,6,1011195895,15,1011204087,0,8153,12.9905,8114,2,0xf95527892e,971,7421,0,39,125209,8153,12.9905,8114,39,125153
3951000,8192,15,9,6,1011449847,15,1011458039,0,8166,12.9937,8140,2,0x3eebcd9970,946,7446,0,26,125235,8166,12.9937,8140,26,125179
3952000,8192,15,9,6,1011711985,15,1011720177,0,8168,12.9941,8144,2,0xc2d75f9208,2,6,0,24,125259,8168,12.9941,8144,24,125203
3953000,8192,15,9,6,1011965942,15,1011974134,0,8153,12.9905,8114,2,0x7731f0ae26,955,7382,0,39,125298,8153,12.9905,8114,39,125242
3954000,8192,15,9,6,1012219895,15,1012228087,0,8162,12.9926,8133,3,0x595d27dc4d,950,7419,0,29,125327,8162,12.9926,8133,29,125271
3955000,8192,15,9,6,1012473847,15,1012482039,0,8151,12.9900,8110,2,0xc311727d18,995,7402,0,41,125368,8151,12.9900,8110,41,125312
3956000,8192,15,9,6,1012735985,15,1012744177,0,8163,12.9929,8134,2,0x869388a41d,1,6,0,29,125397,8163,12.9929,8134,29,125341
3957000,8192,15,9,6,1012989942,15,1012998134,0,8163,12.9929,8134,2,0x19ef3c300d,1006,7423,0,29,125426,8163,12.9929,8134,29,125370
3958000,8192,15,9,6,1013243895,15,1013252087,0,8161,12.9924,8130,2,0x1ec32ec611,1012,7425,0,31,125457,8161,12.9924,8130,31,125401
3959000,8192,15,9,6,1013497847,15,1013506039,0,8165,12.9934,8138,2,0xd0e59f522b,1002,7417,0,27,125484,8165,12.9934,8138,27,125428
3960000,8192,15,9,6,1013759985,15,1013768177,0,8164,12.9932,8136,2,0x910a95d59d,2,5,0,28,125512,8164,12.9932,8136,28,125456
3961000,8192,15,9,6,1014013942,15,1014022134,0,8158,12.9917,8124,2,0x35aefd6c0a,955,7435,0,34,125546,8158,12.9917,8124,34,125490
3962000,8192,15,9,6,1014267895,15,1014276087,0,8156,12.9912,8120,2,0x38fcfd9f79,978,7395,0,36,125582,8156,12.9912,8120,36,125526
3963000,8192,15,9,6,1014521847,15,1014530039,0,8145,12.9885,8098,2,0x7520beff06,1011,7436,0,47,125629,8146,12.9888,8100,46,125572
3964000,8192,15,9,6,1014783985,15,1014792177,0,8163,12.9928,8135,3,0xf0648fbdd7,1,6,0,28,125657,8163,12.9928,8135,28,125600
3965000,8192,15,9,6,1015037942,15,1015046134,0,8158,12.9917,8124,2,0x6b93c812ce,975,7423,0,34,125691,8158,12.9917,8124,34,125634
3966000,8192,29,23,6,1015291882,29,1015300074,0,8156,12.9912,8120,2,0x2ec2bcf636,942,7434,0,36,125727,8156,12.9912,8120,36,125670
3967000,8192,29,23,6,1015545835,29,1015554027,0,8162,12.9927,8132,2,0xeda557880c,980,7413,0,30,125757,8162,12.9927,8132,30,125700
3968000,8192,29,23,6,1015807971,29,1015816163,0,8169,12.9944,8146,2,0xf10e91536d,0,9,0,23,125780,8169,12.9944,8146,23,125723
3969000,8192,29,23,6,1016061929,29,1016070121,0,8166,12.9937,8140,2,0x7bc84d406c,941,7437,0,26,125806,8166,12.9937,8140,26,125749
3970000,8192,29,23,6,1016315882,29,1016324074,0,8165,12.9934,8138,2,0x5cd5869e05,978,7443,0,27,125833,8165,12.9934,8138,27,125776
3971000,8192,29,23,6,1016569835,29,1016578027,0,8163,12.9929,8134,2,0xca005fa7ab,943,7382,0,29,125862,8164,12.9932,8136,28,125804
3972000,8192,29,23,6,1016831971,29,1016840163,0,8167,12.9939,8142,2,0x7bdd7f727b,1,7,0,25,125887,8167,12.9939,8142,25,125829
3973000,8192,29,23,6,1017085929,29,1017094121,0,8168,12.9941,8144,2,0x02453cdefd,983,7419,0,24,125911,8168,12.9941,8144,24,125853
3974000,8192,29,23,6,1017339882,29,1017348074,0,8165,12.9934,8138,2,0x3229ce043f,955,7424,0,27,125938,8165,12.9934,8138,27,125880
3975000,8192,29,23,6,1017593835,29,1017602027,0,8166,12.9937,8140,2,0x53e4b62e66,961,7421,0,26,125964,8166,12.9937,8140,26,125906
3976000,8192,29,23,6,1017855971,29,1017864163,0,8157,12.9915,8122,2,0x0eafd2b877,4,7,0,35,125999,8157,12.9915,8122,35,125941
3977000,8192,29,23,6,1018109929,29,1018118121,0,8161,12.9924,8130,2,0x180ae21ad5,986,7453,0,31,126030,8161,12.9924,8130,31,125972
3978000,8192,29,23,6,1018363882,29,1018372074,0,8168,12.9941,8144,2,0x49d07b0718,968,7452,0,24,126054,8168,12.9941,8144,24,125996
3979000,8192,29,23,6,1018617835,29,1018626027,0,8171,12.9949,8150,2,0x2f5f466c55,971,7425,0,21,126075,8171,12.9949,8150,21,126017
3980000,8192,29,23,6,1018879971,29,1018888163,0,8149,12.9894,8107,3,0xf63af29792,2,8,0,42,126117,8149,12.9894,8107,42,126059
3981000,8192,29,23,6,1019133929,29,1019142121,0,8162,12.9927,8132,2,0x8d62d4529e,955,7409,0,30,126147,8162,12.9927,8132,30,126089
3982000,8192,29,23,6,1019387882,29,1019396074,0,8156,12.9912,8120,2,0xa52efd175b,1002,7397,0,36,126183,8156,12.9912,8120,36,126125
3983000,8192,29,23,6,1019641835,29,1019650027,0,8155,12.9910,8118,2,0xaaeb991068,966,7403,0,37,126220,8155,12.9910,8118,37,126162
3984000,8192,29,23,6,1019903971,29,1019912163,0,8162,12.9927,8132,2,0x4eee08b953,1,9,0,30,126250,8162,12.9927,8132,30,126192
3985000,8192,29,23,6,1020157929,29,1020166121,0,8167,12.9939,8142,2,0x366b99d7c5,963,7393,0,25,126275,8167,12.9939,8142,25,126217
3986000,8192,29,23,6,1020411882,29,1020420074,0,8164,12.9932,8136,2,0xc8eb60abdc,963,7415,0,28,126303,8164,12.9932,8136,28,126245
3987000,8192,29,23,6,1020665835,29,1020674027,0,8157,12.9914,8123,3,0xeb9c59de2f,1070,7433,0,34,126337,8157,12.9914,8123,34,126279
3988000,8192,29,23,6,1020927971,29,1020936163,0,8163,12.9929,8134,2,0xf9c6fdeb0a,0,7,0,29,126366,8163,12.9929,8134,29,126308
3989000,8192,29,23,6,1021181929,29,1021190121,0,8161,12.9924,8130,2,0x7e493486f3,954,7440,0,31,126397,8161,12.9924,8130,31,126339
3990000,8192,29,23,6,1021435882,29,1021444074,0,8154,12.9906,8117,3,0xda7ba6888f,983,7419,0,37,126434,8154,12.9906,8117,37,126376
3991000,8192,29,23,6,1021689835,29,1021698027,0,8159,12.9919,8126,2,0xb630b5d70e,1012,7402,0,33,126467,8159,12.9919,8126,33,126409
3992000,8192,29,23,6,1021951971,29,1021960163,0,8161,12.9924,8130,2,0xa7c5b485ed,0,9,0,31,126498,8161,12.9924,8130,31,126440
3993000,8192,29,23,6,1022205929,29,1022214121,0,8165,12.9934,8138,2,0x78010d6db2,902,7382,0,27,126525,8165,12.9934,8138,27,126467
3994000,8192,29,23,6,1022459882,29,1022468074,0,8157,12.9915,8122,2,0x00d2b39493,1007,7397,0,35,126560,8157,12.9915,8122,35,126502
3995000,8192,29,23,6,1022713835,29,1022722027,0,8151,12.9900,8110,2,0x6487eee00a,903,7435,0,41,126601,8151,12.9900,8110,41,126543
3996000,8192,29,23,6,1022975971,29,1022984163,0,8150,12.9897,8108,2,0x1b00a26575,2,7,0,42,126643,8150,12.9897,8108,42,126585
3997000,8192,29,23,6,1023229929,29,1023238121,0,8169,12.9944,8146,2,0x7a4fc8f7bb,976,7418,0,23,126666,8169,12.9944,8146,23,126608
3998000,8192,29,23,6,1023483882,29,1023492074,0,8166,12.9937,8140,2,0xc70110e11c,980,7413,0,26,126692,8166,12.9937,8140,26,126634
3999000,8192,29,23,6,1023737835,29,1023746027,0,8158,12.9917,8124,2,0x3b7efef3b7,998,7421,0,34,126726,8158,12.9917,8124,34,126668
4000000,8192,29,23,6,1023999971,29,1024008163,0,8163,12.9929,8134,2,0xe4e75ef09e,2,9,0,29,126755,8163,12.9929,8134,29,126697
4001000,8192,29,23,6,1024253929,29,1024262121,0,8161,12.9924,8130,2,0x9579d96100,1027,7452,0,31,126786,8161,12.9924,8130,31,126728
4002000,8192,29,23,6,1024507882,29,1024516074,0,8161,12.9924,8130,2,0x4da5c5e581,972,7450,0,31,126817,8161,12.9924,8130,31,126759
4003000,8192,29,23,6,1024761835,29,1024770027,0,8170,12.9946,8148,2,0xc10718f6db,1004,7428,0,22,126839,8170,12.9946,8148,22,126781
4004000,8192,29,23,6,1025023971,29,1025032163,0,8165,12.9934,8138,2,0xcca899c4c1,3,8,0,27,126866,8165,12.9934,8138,27,126808
4005000,8192,29,23,6,1025277929,29,1025286121,0,8164,12.9932,8136,2,0x3eb2abf546,977,7408,0,28,126894,8164,12.9932,8136,28,126836
4006000,8192,29,23,6,1025531882,29,1025540074,0,8154,12.9907,8116,2,0x0c36223e11,982,7402,0,38,126932,8154,12.9907,8116,38,126874
4007000,8192,29,23,6,1025785835,29,1025794027,0,8162,12.9927,8132,2,0x54259aecf6,938,7389,0,30,126962,8162,12.9927,8132,30,126904
4008000,8192,29,23,6,1026047971,29,1026056163,0,8166,12.9937,8140,2,0xfce5926c4b,1,9,0,26,126988,8166,12.9937,8140,26,126930
4009000,8192,29,23,6,1026301929,29,1026310121,0,8165,12.9934,8138,2,0xd2ec176732,974,7424,0,27,127015,8165,12.9934,8138,27,126957
4010000,8192,29,23,6,1026555882,29,1026564074,0,8153,12.9905,8114,2,0xf24be0fd2e,948,7392,0,39,127054,8153,12.9905,8114,39,126996
4011000,8192,29,23,6,1026809835,29,1026818027,0,8148,12.9893,8104,2,0x58d96a1e58,980,7438,0,44,127098,8148,12.9893,8104,44,127040
4012000,8192,29,23,6,1027071971,29,1027080163,0,8160,12.9922,8128,2,0xd7ee7fcada,1,8,0,32,127130,8160,12.9922,8128,32,127072
4013000,8192,29,23,6,1027325929,29,1027334121,0,8164,12.9932,8136,2,0xf705e0e1da,933,7365,0,28,127158,8164,12.9932,8136,28,127100
4014000,8192,29,23,6,1027579882,29,1027588074,0,8163,12.9929,8134,2,0x25b0c22cbb,1039,7457,0,29,127187,8163,12.9929,8134,29,127129
4015000,8192,29,23,6,1027833835,29,1027842027,0,8161,12.9924,8130,2,0xa5ee0da9e5,979,7417,0,31,127218,8161,12.9924,8130,31,127160
4016000,8192,29,23,6,1028095971,29,1028104163,0,8156,12.9912,8120,2,0x3db6cd3239,3,8,0,36,127254,8156,12.9912,8120,36,127196
4017000,8192,29,23,6,1028349929,29,1028358121,0,8150,12.9897,8108,2,0x7b8de0ad49,948,7415,0,42,127296,8150,12.9897,8108,42,127238
4018000,8192,29,23,6,1028603882,29,1028612074,0,8158,12.9917,8124,2,0x20838fba28,964,7391,0,34,127330,8158,12.9917,8124,34,127272
4019000,8192,29,23,6,1028857835,29,1028866027,0,8166,12.9937,8140,2,0x096c40600d,1029,7461,0,26,127356,8166,12.9937,8140,26,127298
4020000,8192,29,23,6,1029119971,29,1029128163,0,8158,12.9917,8124,2,0x26ee81719b,0,8,0,34,127390,8158,12.9917,8124,34,127332
4021000,8192,29,23,6,1029373929,29,1029382121,0,8162,12.9927,8132,2,0xa55d1be4cf,984,7390,0,30,127420,8162,12.9927,8132,30,127362
4022000,8192,29,23,6,1029627882,29,1029636074,0,8158,12.9916,8125,3,0xf38250f7a2,981,7430,0,33,127453,8158,12.9916,8125,33,127395
4023000,8192,29,23,6,1029881835,29,1029890027,0,8148,12.9893,8104,2,0xd4595d457e,999,7435,0,44,127497,8148,12.9893,8104,44,127439
4024000,8192,29,23,6,1030143971,29,1030152163,0,8162,12.9927,8132,2,0xd2eea4e9b7,2,8,0,30,127527,8162,12.9927,8132,30,127469
4025000,8192,29,23,6,1030397929,29,1030406121,0,8160,12.9922,8128,2,0xd1114cf275,968,7392,0,32,127559,8160,12.9922,8128,32,127501
4026000,8192,29,23,6,1030651882,29,1030660074,0,8165,12.9934,8138,2,0x4078a1df73,998,7467,0,27,127586,8165,12.9934,8138,27,127528
4027000,8192,29,23,6,1030905835,29,1030914027,0,8162,12.9927,8132,2,0x57b1000461,924,7372,0,30,127616,8162,12.9927,8132,30,127558
4028000,8192,29,23,6,1031167971,29,1031176163,0,8158,12.9917,8124,2,0xb9c0303772,0,8,0,34,127650,8158,12.9917,8124,34,127592
4029000,8192,29,23,6,1031421929,29,1031430121,0,8155,12.9910,8118,2,0x710d47c94b,980,7380,0,37,127687,8155,12.9910,8118,37,127629
4030000,8192,29,23,6,1031675882,29,1031684074,0,8156,12.9912,8120,2,0x8b811e5ef8,900,7436,0,36,127723,8156,12.9912,8120,36,127665
4031000,8192,29,23,6,1031929835,29,1031938027,0,8169,12.9944,8146,2,0xf63dc69f73,1006,7417,0,23,127746,8169,12.9944,8146,23,127688
4032000,8192,29,23,6,1032191971,29,1032200163,0,8165,12.9934,8138,2,0x27eab7c622,1,9,0,27,127773,8165,12.9934,8138,27,127715
4033000,8192,29,23,6,1032445929,29,1032454121,0,8158,12.9917,8124,2,0xf888138278,963,7406,0,34,127807,8158,12.9917,8124,34,127749
4034000,8192,29,23,6,1032699882,29,1032708074,0,8158,12.9917,8124,2,0x906f97cdd6,965,7375,0,34,127841,8158,12.9917,8124,34,127783
4035000,8192,29,23,6,1032953835,29,1032962027,0,8168,12.9941,8144,2,0x6e87da8b71,1027,7416,0,24,127865,8168,12.9941,8144,24,127807
4036000,8192,29,23,6,1033215971,29,1033224163,0,8160,12.9922,8128,2,0x56f2567014,1,8,0,32,127897,8160,12.9922,8128,32,127839
4037000,8192,29,23,6,1033469929,29,1033478121,0,8149,12.9895,8106,2,0x2fed792f79,972,7451,0,43,127940,8149,12.9895,8106,43,127882
4038000,8192,29,23,6,1033723882,29,1033732074,0,8164,12.9932,8136,2,0x31a8ae8290,962,7439,0,28,127968,8164,12.9932,8136,28,127910
4039000,8192,29,23,6,1033977835,29,1033986027,0,8166,12.9937,8140,2,0x295522b110,928,7361,0,26,127994,8166,12.9937,8140,26,127936
4040000,8192,29,23,6,1034239971,29,1034248163,0,8152,12.9902,8112,2,0xdebea5fdd5,1,9,0,40,128034,8152,12.9902,8112,40,127976
4041000,8192,29,23,6,1034493929,29,1034502121,0,8161,12.9923,8131,3,0xe5dc9e1ed2,957,7370,0,30,128064,8161,12.9923,8131,30,128006
4042000,8192,29,23,6,1034747882,29,1034756074,0,8161,12.9924,8130,2,0xecd6006b32,1008,7449,0,31,128095,8161,12.9924,8130,31,128037
4043000,8192,29,23,6,1035001835,29,1035010027,0,8162,12.9927,8132,2,0x5c3ec0bfbe,972,7412,0,30,128125,8162,12.9927,8132,30,128067
4044000,8192,29,23,6,1035263971,29,1035272163,0,8170,12.9946,8148,2,0x34240b2123,0,8,0,22,128147,8170,12.9946,8148,22,128089
4045000,8192,29,23,6,1035517929,29,1035526121,0,8158,12.9917,8124,2,0xb5090bfb4b,994,7401,0,34,128181,8158,12.9917,8124,34,128123
4046000,8192,29,23,6,1035771882,29,1035780074,0,8162,12.9926,8133,3,0x12e1a2378f,981,7408,0,29,128210,8162,12.9926,8133,29,128152
4047000,8192,29,23,6,1036025835,29,1036034027,0,8167,12.9939,8142,2,0x9cb61c49df,926,7409,0,25,128235,8167,12.9939,8142,25,128177
4048000,8192,29,23,6,1036287971,29,1036296163,0,8163,12.9928,8135,3,0xf4eb77a5ad,2,7,0,28,128263,8163,12.9928,8135,28,128205
4049000,8192,29,23,6,1036541929,29,1036550121,0,8162,12.9927,8132,2,0x41a07a2977,1015,7429,0,30,128293,8163,12.9929,8134,29,128234
4050000,8192,29,23,6,1036795882,29,1036804074,0,8161,12.9924,8130,2,0xbcd9dfb876,975,7391,0,31,128324,8161,12.9924,8130,31,128265
4051000,8192,29,23,6,1037049835,29,1037058027,0,8163,12.9929,8134,2,0x7683d226dd,962,7421,0,29,128353,8163,12.9929,8134,29,128294
4052000,8192,29,23,6,1037311971,29,1037320163,0,8156,12.9912,8120,2,0xaa3d580d85,2,7,0,36,128389,8156,12.9912,8120,36,128330
4053000,8192,29,23,6,1037565929,29,1037574121,0,8159,12.9919,8127,3,0xa9d43e71e1,968,7368,0,32,128421,8159,12.9919,8127,32,128362
4054000,8192,29,23,6,1037819882,29,1037828074,0,8157,12.9915,8122,2,0x90faeac211,1002,7423,0,35,128456,8157,12.9915,8122,35,128397
4055000,8192,29,23,6,1038073835,29,1038082027,0,8159,12.9919,8126,2,0x7904867158,958,7451,0,33,128489,8159,12.9919,8126,33,128430
4056000,8192,29,23,6,1038335971,29,1038344163,0,8153,12.9905,8114,2,0xa146734126,0,8,0,39,128528,8153,12.9905,8114,39,128469
4057000,8192,29,23,6,1038589929,29,1038598121,0,8155,12.9910,8118,2,0x30d6d5c98b,1010,7389,0,37,128565,8155,12.9910,8118,37,128506
4058000,8192,29,23,6,1038843882,29,1038852074,0,8168,12.9941,8144,2,0x70dc248cb1,984,7426,0,24,128589,8168,12.9941,8144,24,128530
4059000,8192,29,23,6,1039097835,29,1039106027,0,8163,12.9929,8134,2,0xf16f879351,948,7394,0,29,128618,8163,12.9929,8134,29,128559
4060000,8192,29,23,6,1039359971,29,1039368163,0,8158,12.9917,8124,2,0x2bca88c8a4,1,8,0,34,128652,8158,12.9917,8124,34,128593
4061000,8192,29,23,6,1039613929,29,1039622121,0,8157,12.9915,8122,2,0x619cc12c76,944,7448,0,35,128687,8157,12.9915,8122,35,128628
4062000,8192,29,23,6,1039867882,29,1039876074,0,8164,12.9932,8136,2,0xabfec9c2e4,988,7419,0,28,128715,8164,12.9932,8136,28,128656
4063000,8192,29,23,6,1040121835,29,1040130027,0,8172,12.9951,8152,2,0xd145ef9a86,952,7374,0,20,128735,8172,12.9951,8152,20,128676
4064000,8192,29,23,6,1040383971,29,1040392163,0,8165,12.9934,8138,2,0x2e693a6871,0,7,0,27,128762,8165,12.9934,8138,27,128703
4065000,8192,29,23,6,1040637929,29,1040646121,0,8165,12.9934,8138,2,0x4d03175d17,970,7397,0,27,128789,8165,12.9934,8138,27,128730
4066000,8192,29,23,6,1040891882,29,1040900074,0,8168,12.9941,8144,2,0x3d46befafb,957,7357,0,24,128813,8168,12.9941,8144,24,128754
4067000,8192,29,23,6,1041145835,29,1041154027,0,8155,12.9910,8118,2,0xd2333f133a,994,7395,0,37,128850,8155,12.9910,8118,37,128791
4068000,8192,29,23,6,1041407971,29,1041416163,0,8168,12.9941,8144,2,0xede2fa4e56,1,8,0,24,128874,8168,12.9941,8144,24,128815
4069000,8192,29,23,6,1041661929,29,1041670121,0,8162,12.9927,8132,2,0x9baa3df536,993,7434,0,30,128904,8163,12.9929,8134,29,128844
4070000,8192,29,23,6,1041915882,29,1041924074,0,8173,12.9954,8154,2,0x08b0cd00b4,1017,7451,0,19,128923,8173,12.9954,8154,19,128863
4071000,8192,29,23,6,1042169835,29,1042178027,0,8165,12.9934,8138,2,0x10ba4db200,929,7445,0,27,128950,8165,12.9934,8138,27,128890
4072000,8192,29,23,6,1042431971,29,1042440163,0,8159,12.9919,8126,2,0x6b219508ac,0,8,0,33,128983,8159,12.9919,8126,33,128923
4073000,8192,29,23,6,1042685929,29,1042694121,0,8167,12.9939,8142,2,0xe3c9b43d4a,974,7376,0,25,129008,8167,12.9939,8142,25,128948
4074000,8192,29,23,6,1042939882,29,1042948074,0,8152,12.9902,8112,2,0xf28ed018c6,933,7385,0,40,129048,8152,12.9902,8112,40,128988
4075000,8192,29,23,6,1043193835,29,1043202027,0,8161,12.9924,8130,2,0x78285687a9,969,7434,0,31,129079,8161,12.9924,8130,31,129019
4076000,8192,29,23,6,1043455971,29,1043464163,0,8160,12.9922,8128,2,0xb3ce79a163,1,8,0,32,129111,8160,12.9922,8128,32,129051
4077000,8192,29,23,6,1043709929,29,1043718121,0,8153,12.9904,8115,3,0x5f72362836,976,7422,0,38,129149,8153,12.9904,8115,38,129089
4078000,8192,29,23,6,1043963882,29,1043972074,0,8166,12.9937,8140,2,0xf7502a99f8,945,7378,0,26,129175,8166,12.9937,8140,26,129115
4079000,8192,29,23,6,1044217835,29,1044226027,0,8165,12.9934,8138,2,0xc0cd869e8f,942,7423,0,27,129202,8165,12.9934,8138,27,129142
4080000,8192,29,23,6,1044479971,29,1044488163,0,8161,12.9923,8131,3,0x9f90e72ed7,0,8,0,30,129232,8161,12.9923,8131,30,129172
4081000,8192,29,23,6,1044733929,29,1044742121,0,8151,12.9899,8111,3,0x6d75adb7bc,981,7415,0,40,129272,8151,12.9899,8111,40,129212
4082000,8192,29,23,6,1044987882,29,1044996074,0,8166,12.9937,8140,2,0x61fe8121c0,936,7448,0,26,129298,8167,12.9939,8142,25,129237
4083000,8192,29,23,6,1045241835,29,1045250027,0,8162,12.9927,8132,2,0xce8d7f8c9b,964,7391,0,30,129328,8162,12.9927,8132,30,129267
4084000,8192,29,23,6,1045503971,29,1045512163,0,8167,12.9939,8142,2,0xfbcf00e6ec,1,8,0,25,129353,8167,12.9939,8142,25,129292
4085000,8192,29,23,6,1045757929,29,1045766121,0,8169,12.9944,8146,2,0x1387fa5aa4,938,7424,0,23,129376,8169,12.9944,8146,23,129315
4086000,8192,29,23,6,1046011882,29,1046020074,0,8158,12.9916,8125,3,0xd80f34ae0e,919,7432,0,33,129409,8158,12.9916,8125,33,129348
4087000,8192,29,23,6,1046265835,29,1046274027,0,8156,12.9912,8120,2,0x737d16a482,981,7436,0,36,129445,8156,12.9912,8120,36,129384
4088000,8192,29,23,6,1046527971,29,1046536163,0,8153,12.9905,8114,2,0x5ca6bbb7c8,0,9,0,39,129484,8153,12.9905,8114,39,129423
4089000,8192,29,23,6,1046781929,29,1046790121,0,8166,12.9937,8140,2,0x9235c9273c,998,7408,0,26,129510,8166,12.9937,8140,26,129449
4090000,8192,29,23,6,1047035882,29,1047044074,0,8154,12.9907,8116,2,0x1c91d5b8e7,1048,7438,0,38,129548,8154,12.9907,8116,38,129487
4091000,8192,29,23,6,1047289835,29,1047298027,0,8166,12.9937,8140,2,0x6c347228a3,957,7418,0,26,129574,8166,12.9937,8140,26,129513
4092000,8192,29,23,6,1047551971,29,1047560163,0,8161,12.9924,8130,2,0xdc5bf2188b,1,7,0,31,129605,8161,12.9924,8130,31,129544
4093000,8192,29,23,6,1047805929,29,1047814121,0,8161,12.9924,8130,2,0x048c634939,1001,7448,0,31,129636,8161,12.9924,8130,31,129575
4094000,8192,29,23,6,1048059882,29,1048068074,0,8172,12.9951,8152,2,0xd623398bb9,955,7380,0,20,129656,8172,12.9951,8152,20,129595
4095000,8192,29,23,6,1048313835,29,1048322027,0,8170,12.9945,8149,3,0x7a5ccac3ae,953,7405,0,21,129677,8170,12.9945,8149,21,129616
4096000,8192,29,23,6,1048575971,29,1048584163,0,8162,12.9927,8132,2,0x3f66ce8683,1,8,0,30,129707,8162,12.9927,8132,30,129646
4097000,8192,29,23,6,1048829929,29,1048838121,0,8169,12.9944,8146,2,0xac0896843d,962,7377,0,23,129730,8169,12.9944,8146,23,129669
4098000,8192,29,23,6,1049083882,29,1049092074,0,8163,12.9929,8134,2,0x2f0e721b53,971,7426,0,29,129759,8163,12.9929,8134,29,129698
4099000,8192,29,23,6,1049337835,29,1049346027,0,8159,12.9919,8126,2,0x2acf9933de,1001,7430,0,33,129792,8159,12.9919,8126,33,129731
4100000,8192,29,23,6,1049599971,29,1049608163,0,8166,12.9937,8140,2,0xddc2519276,1,9,0,26,129818,8166,12.9937,8140,26,129757
4101000,8192,29,23,6,1049853929,29,1049862121,0,8156,12.9912,8120,2,0x0827b539c6,991,7467,0,36,129854,8156,12.9912,8120,36,129793
4102000,8192,29,23,6,1050107882,29,1050116074,0,8161,12.9924,8130,2,0x3d475d840a,956,7449,0,31,129885,8161,12.9924,8130,31,129824
4103000,8192,29,23,6,1050361835,29,1050370027,0,8158,12.9917,8124,2,0x218802dd79,1001,7408,0,34,129919,8158,12.9917,8124,34,129858
4104000,8192,29,23,6,1050623971,29,1050632163,0,8153,12.9905,8114,2,0xe4a46a0fc7,0,9,0,39,129958,8153,12.9905,8114,39,129897
4105000,8192,29,23,6,1050877929,29,1050886121,0,8159,12.9919,8127,3,0x608d8767dd,1001,7392,0,32,129990,8159,12.9919,8127,32,129929
4106000,8192,29,23,6,1051131882,29,1051140074,0,8166,12.9937,8140,2,0x582a3191e8,1004,7473,0,26,130016,8166,12.9937,8140,26,129955
4107000,8192,29,23,6,1051385835,29,1051394027,0,8146,12.9888,8100,2,0x6eb22546bc,1050,7470,0,46,130062,8146,12.9888,8100,46,130001
4108000,8192,29,23,6,1051647971,29,1051656163,0,8162,12.9927,8132,2,0xc344a381fc,0,9,0,30,130092,8162,12.9927,8132,30,130031
4109000,8192,29,23,6,1051901929,29,1051910121,0,8162,12.9927,8132,2,0xced0659712,987,7410,0,30,130122,8162,12.9927,8132,30,130061
4110000,8192,29,23,6,1052155882,29,1052164074,0,8160,12.9922,8128,2,0x3cfb9384ea,930,7399,0,32,130154,8160,12.9922,8128,32,130093
4111000,8192,29,23,6,1052409835,29,1052418027,0,8160,12.9922,8128,2,0xa76dc088b5,951,7408,0,32,130186,8161,12.9924,8130,31,130124
4112000,8192,29,23,6,1052671971,29,1052680163,0,8160,12.9922,8128,2,0xa693d6eec1,1,9,0,32,130218,8160,12.9922,8128,32,130156
4113000,8192,29,23,6,1052925929,29,1052934121,0,8154,12.9907,8116,2,0xfb56eb5a19,969,7380,0,38,130256,8154,12.9907,8116,38,130194
4114000,8192,29,23,6,1053179882,29,1053188074,0,8160,12.9922,8128,2,0x0f6af3046a,1018,7469,0,32,130288,8160,12.9922,8128,32,130226
4115000,8192,29,23,6,1053433835,29,1053442027,0,8167,12.9939,8142,2,0x6ce348029c,1014,7425,0,25,130313,8167,12.9939,8142,25,130251
4116000,8192,29,23,6,1053695971,29,1053704163,0,8166,12.9936,8141,3,0x6e7695ec94,1,8,0,25,130338,8166,12.9936,8141,25,130276
4117000,8192,29,23,6,1053949929,29,1053958121,0,8159,12.9919,8126,2,0xeb768bb77b,996,7428,0,33,130371,8159,12.9919,8126,33,130309
4118000,8192,29,23,6,1054203882,29,1054212074,0,8164,12.9931,8137,3,0x2f5703db05,985,7430,0,27,130398,8164,12.9931,8137,27,130336
4119000,8192,29,23,6,1054457835,29,1054466027,0,8165,12.9934,8138,2,0xe496debbac,919,7456,0,27,130425,8165,12.9934,8138,27,130363
4120000,8192,29,23,6,1054719971,29,1054728163,0,8163,12.9929,8134,2,0xf33f7d32a7,1,9,0,29,130454,8163,12.9929,8134,29,130392
4121000,8192,29,23,6,1054973929,29,1054982121,0,8158,12.9917,8124,2,0x3e8d9939f1,1001,7416,0,34,130488,8158,12.9917,8124,34,130426
4122000,8192,29,23,6,1055227882,29,1055236074,0,8172,12.9951,8152,2,0x47e584a0e4,1035,7415,0,20,130508,8172,12.9951,8152,20,130446
4123000,8192,29,23,6,1055481835,29,1055490027,0,8156,12.9912,8120,2,0x0ed09d1ad7,952,7453,0,36,130544,8156,12.9912,8120,36,130482
4124000,8192,29,23,6,1055743971,29,1055752163,0,8162,12.9927,8132,2,0x2635c50017,0,9,0,30,130574,8162,12.9927,8132,30,130512
4125000,8192,29,23,6,1055997929,29,1056006121,0,8167,12.9939,8142,2,0xc087c1be3d,959,7438,0,25,130599,8167,12.9939,8142,25,130537
4126000,8192,29,23,6,1056251882,29,1056260074,0,8159,12.9919,8126,2,0x487d54ed4a,963,7407,0,33,130632,8159,12.9919,8126,33,130570
4127000,8192,29,23,6,1056505835,29,1056514027,0,8170,12.9946,8148,2,0xb6e8ca406f,991,7493,0,22,130654,8170,12.9946,8148,22,130592
4128000,8192,29,23,6,1056767971,29,1056776163,0,8157,12.9915,8122,2,0xa745739ae4,1,9,0,35,130689,8157,12.9915,8122,35,130627
4129000,8192,29,23,6,1057021929,29,1057030121,0,8152,12.9901,8113,3,0x103591efd9,1019,7442,0,39,130728,8152,12.9901,8113,39,130666
4130000,8192,29,23,6,1057275882,29,1057284074,0,8160,12.9922,8128,2,0x3034729e59,968,7393,0,32,130760,8160,12.9922,8128,32,130698
4131000,8192,29,23,6,1057529835,29,1057538027,0,8166,12.9937,8140,2,0x51bbe039bf,960,7416,0,26,130786,8166,12.9937,8140,26,130724
4132000,8192,29,23,6,1057791971,29,1057800163,0,8161,12.9924,8130,2,0xb8d736257e,2,7,0,31,130817,8161,12.9924,8130,31,130755
4133000,8192,29,23,6,1058045929,29,1058054121,0,8165,12.9934,8138,2,0x5423826f84,986,7409,0,27,130844,8165,12.9934,8138,27,130782
4134000,8192,29,23,6,1058299882,29,1058308074,0,8162,12.9927,8132,2,0x4b4f77e42c,948,7389,0,30,130874,8162,12.9927,8132,30,130812
4135000,8192,29,23,6,1058553835,29,1058562027,0,8154,12.9907,8116,2,0x6ae3358ceb,1022,7438,0,38,130912,8154,12.9907,8116,38,130850
4136000,8192,29,23,6,1058815971,29,1058824163,0,8161,12.9924,8130,2,0xc003f11500,0,7,0,31,130943,8161,12.9924,8130,31,130881
4137000,8192,29,23,6,1059069929,29,1059078121,0,8159,12.9919,8126,2,0x1d52bd2eae,1030,7366,0,33,130976,8159,12.9919,8126,33,130914
4138000,8192,29,23,6,1059323882,29,1059332074,0,8158,12.9917,8124,2,0x6646b88ab5,1026,7426,0,34,131010,8158,12.9917,8124,34,130948
4139000,8192,29,23,6,1059577835,29,1059586027,0,8153,12.9905,8114,2,0x6b5e3649bf,961,7433,0,39,131049,8153,12.9905,8114,39,130987
4140000,8192,29,23,6,1059839971,29,1059848163,0,8165,12.9934,8138,2,0x28631d2b72,0,6,0,27,131076,8165,12.9934,8138,27,131014
4141000,8192,29,23,6,1060093929,29,1060102121,0,8162,12.9927,8132,2,0x4678d2193c,997,7412,0,30,131106,8162,12.9927,8132,30,131044
4142000,8192,29,23,6,1060347882,29,1060356074,0,8158,12.9917,8124,2,0x4f765539b9,944,7406,0,34,131140,8158,12.9917,8124,34,131078
4143000,8192,29,23,6,1060601835,29,1060610027,0,8162,12.9927,8132,2,0x169c23e635,982,7448,0,30,131170,8162,12.9927,8132,30,131108
4144000,8192,29,23,6,1060863971,29,1060872163,0,8160,12.9922,8128,2,0xf1df9d4844,1,8,0,32,131202,8160,12.9922,8128,32,131140
4145000,8192,29,23,6,1061117929,29,1061126121,0,8158,12.9917,8124,2,0xde3ba3cb1a,998,7440,0,34,131236,8158,12.9917,8124,34,131174
4146000,8192,29,23,6,1061371882,29,1061380074,0,8158,12.9917,8124,2,0x1483f98a1c,970,7429,0,34,131270,8158,12.9917,8124,34,131208
4147000,8192,29,23,6,1061625835,29,1061634027,0,8160,12.9921,8129,3,0xcfda18bd9b,987,7461,0,31,131301,8160,12.9921,8129,31,131239
4148000,8192,29,23,6,1061887971,29,1061896163,0,8158,12.9917,8124,2,0xac1b82dc1c,0,9,0,34,131335,8158,12.9917,8124,34,131273
4149000,8192,29,23,6,1062141929,29,1062150121,0,8149,12.9895,8106,2,0x3612485f93,964,7410,0,43,131378,8149,12.9895,8106,43,131316
4150000,8192,29,23,6,1062395882,29,1062404074,0,8153,12.9905,8114,2,0x1405ed8836,963,7436,0,39,131417,8153,12.9905,8114,39,131355
4151000,8192,29,23,6,1062649835,29,1062658027,0,8161,12.9924,8130,2,0x10451ef5cf,956,7470,0,31,131448,8161,12.9924,8130,31,131386
4152000,8192,29,23,6,1062911971,29,1062920163,0,8165,12.9934,8138,2,0x372847f2c2,1,8,0,27,131475,8165,12.9934,8138,27,131413
4153000,8192,29,23,6,1063165929,29,1063174121,0,8148,12.9893,8104,2,0xb07343a68f,938,7425,0,44,131519,8148,12.9893,8104,44,131457
4154000,8192,29,23,6,1063419882,29,1063428074,0,8166,12.9937,8140,2,0x593cff8539,931,7399,0,26,131545,8166,12.9937,8140,26,131483
4155000,8192,29,23,6,1063673835,29,1063682027,0,8160,12.9922,8128,2,0x8759eaa16c,995,7442,0,32,131577,8160,12.9922,8128,32,131515
4156000,8192,29,23,6,1063935971,29,1063944163,0,8161,12.9924,8130,2,0xbac6a6858d,0,9,0,31,131608,8161,12.9924,8130,31,131546
4157000,8192,29,23,6,1064189929,29,1064198121,0,8165,12.9934,8138,2,0x47df97e86d,986,7461,0,27,131635,8165,12.9934,8138,27,131573
4158000,8192,29,23,6,1064443882,29,1064452074,0,8158,12.9917,8124,2,0x9021a23510,1037,7404,0,34,131669,8158,12.9917,8124,34,131607
4159000,8192,29,23,6,1064697835,29,1064706027,0,8164,12.9931,8137,3,0x1c1a31d10e,987,7428,0,27,131696,8164,12.9931,8137,27,131634
4160000,8192,29,23,6,1064959971,29,1064968163,0,8151,12.9900,8110,2,0xe34e846841,2,9,0,41,131737,8151,12.9900,8110,41,131675
4161000,8192,29,23,6,1065213929,29,1065222121,0,8161,12.9924,8130,2,0x3e486faee6,925,7414,0,31,131768,8161,12.9924,8130,31,131706
4162000,8192,29,23,6,1065467882,29,1065476074,0,8159,12.9919,8126,2,0x79af7d05d4,953,7412,0,33,131801,8159,12.9919,8126,33,131739
4163000,8192,29,23,6,1065721835,29,1065730027,0,8173,12.9953,8155,3,0x38736795a9,951,7409,0,18,131819,8173,12.9953,8155,18,131757
4164000,8192,29,23,6,1065983971,29,1065992163,0,8170,12.9946,8148,2,0x2b152e68d8,2,9,0,22,131841,8170,12.9946,8148,22,131779
4165000,8192,29,23,6,1066237929,29,1066246121,0,8164,12.9932,8136,2,0xcab2fd83f5,1013,7442,0,28,131869,8164,12.9932,8136,28,131807
4166000,8192,29,23,6,1066491882,29,1066500074,0,8153,12.9904,8115,3,0x059b808483,961,7418,0,38,131907,8153,12.9904,8115,38,131845
4167000,8192,29,23,6,1066745835,29,1066754027,0,8146,12.9888,8100,2,0x2942cd5718,979,7455,0,46,131953,8146,12.9888,8100,46,131891
4168000,8192,29,23,6,1067007971,29,1067016163,0,8167,12.9939,8142,2,0x8b353942f2,1,9,0,25,131978,8167,12.9939,8142,25,131916
4169000,8192,29,23,6,1067261929,29,1067270121,0,8160,12.9922,8128,2,0x11a363dbf2,957,7384,0,32,132010,8160,12.9922,8128,32,131948
4170000,8192,29,23,6,1067515882,29,1067524074,0,8160,12.9922,8128,2,0xf53ba9be3f,924,7444,0,32,132042,8160,12.9922,8128,32,131980
4171000,8192,29,23,6,1067769835,29,1067778027,0,8168,12.9940,8145,3,0x315059fc97,945,7402,0,23,132065,8168,12.9940,8145,23,132003
4172000,8192,29,23,6,1068031971,29,1068040163,0,8157,12.9915,8122,2,0x3d8a1b278b,1,9,0,35,132100,8157,12.9915,8122,35,132038
4173000,8192,29,23,6,1068285929,29,1068294121,0,8164,12.9932,8136,2,0x09aad224f6,1021,7378,0,28,132128,8164,12.9932,8136,28,132066
4174000,8192,29,23,6,1068539882,29,1068548074,0,8160,12.9921,8129,3,0xa9084e2d9c,922,7473,0,31,132159,8160,12.9921,8129,31,132097
4175000,8192,29,23,6,1068793835,29,1068802027,0,8164,12.9932,8136,2,0x6d4f8b6bcf,971,7409,0,28,132187,8164,12.9932,8136,28,132125
4176000,8192,29,23,6,1069055971,29,1069064163,0,8160,12.9922,8128,2,0xda7b6d116d,0,9,0,32,132219,8160,12.9922,8128,32,132157
4177000,8192,29,23,6,1069309929,29,1069318121,0,8166,12.9937,8140,2,0xf40170226d,1026,7413,0,26,132245,8166,12.9937,8140,26,132183
4178000,8192,29,23,6,1069563882,29,1069572074,0,8167,12.9939,8142,2,0x875ca89abf,1017,7453,0,25,132270,8168,12.9941,8144,24,132207
4179000,8192,29,23,6,1069817835,29,1069826027,0,8164,12.9932,8136,2,0x82794b2731,1005,7444,0,28,132298,8164,12.9932,8136,28,132235
4180000,8192,29,23,6,1070079971,29,1070088163,0,8159,12.9919,8126,2,0xe10161a09e,2,9,0,33,132331,8159,12.9919,8126,33,132268
4181000,8192,29,23,6,1070333929,29,1070342121,0,8161,12.9924,8130,2,0x8fcfd37ace,1013,7386,0,31,132362,8162,12.9927,8132,30,132298
4182000,8192,29,23,6,1070587882,29,1070596074,0,8161,12.9924,8130,2,0x702f9d0293,957,7399,0,31,132393,8161,12.9924,8130,31,132329
4183000,8192,29,23,6,1070841835,29,1070850027,0,8170,12.9946,8148,2,0xc6e04dd2c8,983,7412,0,22,132415,8170,12.9946,8148,22,132351
4184000,8192,29,23,6,1071103971,29,1071112163,0,8164,12.9932,8136,2,0x14ffb78fbd,0,7,0,28,132443,8164,12.9932,8136,28,132379
4185000,8192,29,23,6,1071357929,29,1071366121,0,8151,12.9899,8111,3,0x5cc021895d,943,7389,0,40,132483,8151,12.9899,8111,40,132419
4186000,8192,29,23,6,1071611882,29,1071620074,0,8171,12.9949,8150,2,0xea188e80ab,1046,7443,0,21,132504,8171,12.9949,8150,21,132440
4187000,8192,29,23,6,1071865835,29,1071874027,0,8154,12.9907,8116,2,0x3f11e8cc58,956,7425,0,38,132542,8154,12.9907,8116,38,132478
4188000,8192,29,23,6,1072127971,29,1072136163,0,8156,12.9912,8120,2,0x51c2df6e46,0,9,0,36,132578,8156,12.9912,8120,36,132514
4189000,8192,29,23,6,1072381929,29,1072390121,0,8159,12.9919,8126,2,0xcd5b4b18a5,963,7409,0,33,132611,8159,12.9919,8126,33,132547
4190000,8192,29,23,6,1072635882,29,1072644074,0,8156,12.9912,8120,2,0x7e98609235,950,7466,0,36,132647,8156,12.9912,8120,36,132583
4191000,8192,29,23,6,1072889835,29,1072898027,0,8163,12.9929,8134,2,0x6481458e87,1003,7456,0,29,132676,8163,12.9929,8134,29,132612
4192000,8192,29,23,6,1073151971,29,1073160163,0,8163,12.9929,8134,2,0x543ad63810,0,8,0,29,132705,8163,12.9929,8134,29,132641
4193000,8192,29,23,6,1073405929,29,1073414121,0,8154,12.9907,8116,2,0xdfcfe8c427,953,7385,0,38,132743,8154,12.9907,8116,38,132679
4194000,8192,29,23,6,1073659882,29,1073668074,0,8159,12.9919,8126,2,0xc32bd3898f,1003,7440,0,33,132776,8159,12.9919,8126,33,132712
4195000,8192,29,23,6,1073913835,29,1073922027,0,8155,12.9910,8118,2,0xf75232a469,984,7405,0,37,132813,8155,12.9910,8118,37,132749
4196000,8192,29,23,6,1074175971,29,1074184163,0,8158,12.9917,8124,2,0x725b88b367,1,9,0,34,132847,8158,12.9917,8124,34,132783
4197000,8192,29,23,6,1074429929,29,1074438121,0,8164,12.9932,8136,2,0xd9e6ad66bb,973,7410,0,28,132875,8164,12.9932,8136,28,132811
4198000,8192,29,23,6,1074683882,29,1074692074,0,8154,12.9907,8116,2,0x0c90835103,998,7398,0,38,132913,8154,12.9907,8116,38,132849
4199000,8192,29,23,6,1074937835,29,1074946027,0,8157,12.9915,8122,2,0x5634ebbf93,988,7405,0,35,132948,8157,12.9915,8122,35,132884
4200000,8192,29,23,6,1075199971,29,1075208163,0,8155,12.9910,8118,2,0x66dd372236,1,9,0,37,132985,8155,12.9910,8118,37,132921
4201000,8192,29,23,6,1075453929,29,1075462121,0,8166,12.9937,8140,2,0x75a2cf803a,969,7382,0,26,133011,8166,12.9937,8140,26,132947
4202000,8192,29,23,6,1075707882,29,1075716074,0,8161,12.9924,8130,2,0x31216b5c92,979,7430,0,31,133042,8161,12.9924,8130,31,132978
4203000,8192,29,23,6,1075961835,29,1075970027,0,8156,12.9912,8120,2,0x7ebd834846,991,7452,0,36,133078,8156,12.9912,8120,36,133014
4204000,8192,29,23,6,1076223971,29,1076232163,0,8154,12.9907,8116,2,0x725af10855,1,7,0,38,133116,8154,12.9907,8116,38,133052
4205000,8192,29,23,6,1076477929,29,1076486121,0,8166,12.9937,8140,2,0xb06d5404a7,995,7454,0,26,133142,8167,12.9939,8142,25,133077
4206000,8192,29,23,6,1076731882,29,1076740074,0,8162,12.9927,8132,2,0xf660ffc1d2,980,7435,0,30,133172,8162,12.9927,8132,30,133107
4207000,8192,29,23,6,1076985835,29,1076994027,0,8155,12.9910,8118,2,0x3a335a4da6,973,7412,0,37,133209,8155,12.9910,8118,37,133144
4208000,8192,29,23,6,1077247971,29,1077256163,0,8165,12.9934,8138,2,0xad430d0c95,3,7,0,27,133236,8165,12.9934,8138,27,133171
4209000,8192,29,23,6,1077501929,29,1077510121,0,8159,12.9919,8127,3,0xa5bc31e164,995,7395,0,32,133268,8159,12.9919,8127,32,133203
4210000,8192,29,23,6,1077755882,29,1077764074,0,8163,12.9929,8134,2,0xff6e1105bb,984,7443,0,29,133297,8163,12.9929,8134,29,133232
4211000,8192,29,23,6,1078009835,29,1078018027,0,8158,12.9917,8124,2,0xe01b90a090,965,7419,0,34,133331,8158,12.9917,8124,34,133266
4212000,8192,29,23,6,1078271971,29,1078280163,0,8156,12.9912,8120,2,0x89b9651324,1,7,0,36,133367,8156,12.9912,8120,36,133302
4213000,8192,29,23,6,1078525929,29,1078534121,0,8157,12.9915,8122,2,0xec4d94500a,1002,7429,0,35,133402,8157,12.9915,8122,35,133337
4214000,8192,29,23,6,1078779882,29,1078788074,0,8153,12.9905,8114,2,0x3bd33ca462,984,7387,0,39,133441,8153,12.9905,8114,39,133376
4215000,8192,29,23,6,1079033835,29,1079042027,0,8170,12.9946,8148,2,0x34e89dfa9a,970,7392,0,22,133463,8170,12.9946,8148,22,133398
4216000,8192,29,23,6,1079295971,29,1079304163,0,8160,12.9922,8128,2,0x9f79658571,1,9,0,32,133495,8160,12.9922,8128,32,133430
4217000,8192,29,23,6,1079549929,29,1079558121,0,8174,12.9956,8156,2,0x6ed32632be,962,7410,0,18,133513,8174,12.9956,8156,18,133448
4218000,8192,29,23,6,1079803882,29,1079812074,0,8166,12.9937,8140,2,0x4d8d5913d6,966,7432,0,26,133539,8166,12.9937,8140,26,133474
4219000,8192,29,23,6,1080057835,29,1080066027,0,8172,12.9951,8152,2,0x0d7112020c,943,7431,0,20,133559,8172,12.9951,8152,20,133494
4220000,8192,29,23,6,1080319971,29,1080328163,0,8165,12.9934,8138,2,0x9f30dd1834,2,8,0,27,133586,8165,12.9934,8138,27,133521
4221000,8192,29,23,6,1080573929,29,1080582121,0,8159,12.9919,8127,3,0xbe33eed7a1,967,7411,0,32,133618,8159,12.9919,8127,32,133553
4222000,8192,29,23,6,1080827882,29,1080836074,0,8165,12.9934,8138,2,0x5a5438b078,964,7394,0,27,133645,8165,12.9934,8138,27,133580
4223000,8192,29,23,6,1081081835,29,1081090027,0,8153,12.9905,8114,2,0xef89880cee,934,7469,0,39,133684,8153,12.9905,8114,39,133619
4224000,8192,29,23,6,1081343971,29,1081352163,0,8165,12.9934,8138,2,0x836c71d00f,3,9,0,27,133711,8165,12.9934,8138,27,133646
4225000,8192,29,23,6,1081597929,29,1081606121,0,8161,12.9923,8131,3,0xa784edaedd,1063,7426,0,30,133741,8161,12.9923,8131,30,133676
4226000,8192,29,23,6,1081851882,29,1081860074,0,8168,12.9941,8144,2,0x0320d3510e,1001,7436,0,24,133765,8168,12.9941,8144,24,133700
4227000,8192,29,23,6,1082105835,29,1082114027,0,8153,12.9905,8114,2,0x226c80fb1c,946,7429,0,39,133804,8153,12.9905,8114,39,133739
4228000,8192,29,23,6,1082367971,29,1082376163,0,8151,12.9900,8110,2,0x3709e73c9e,1,8,0,41,133845,8151,12.9900,8110,41,133780
4229000,8192,29,23,6,1082621929,29,1082630121,0,8156,12.9912,8120,2,0x0126deeb19,987,7443,0,36,133881,8156,12.9912,8120,36,133816
4230000,8192,29,23,6,1082875882,29,1082884074,0,8162,12.9927,8132,2,0x1f35d17526,958,7391,0,30,133911,8162,12.9927,8132,30,133846
4231000,8192,29,23,6,1083129835,29,1083138027,0,8157,12.9915,8122,2,0xf207724892,942,7408,0,35,133946,8157,12.9915,8122,35,133881
4232000,8192,29,23,6,1083391971,29,1083400163,0,8165,12.9934,8138,2,0x97b9e2e41b,2,8,0,27,133973,8165,12.9934,8138,27,133908
4233000,8192,29,23,6,1083645929,29,1083654121,0,8159,12.9919,8126,2,0x2cdd8ebf7c,970,7361,0,33,134006,8159,12.9919,8126,33,133941
4234000,8192,29,23,6,1083899882,29,1083908074,0,8161,12.9922,8132,3,0x44e5438d3b,957,7427,0,29,134035,8161,12.9922,8132,29,133970
4235000,8192,29,23,6,1084153835,29,1084162027,0,8161,12.9924,8130,2,0x2bc88c6c64,941,7426,0,31,134066,8161,12.9924,8130,31,134001
4236000,8192,29,23,6,1084415971,29,1084424163,0,8167,12.9939,8142,2,0x1c86204965,2,8,0,25,134091,8167,12.9939,8142,25,134026
4237000,8192,29,23,6,1084669929,29,1084678121,0,8173,12.9954,8154,2,0x622eb4bbc2,939,7415,0,19,134110,8173,12.9954,8154,19,134045
4238000,8192,29,23,6,1084923882,29,1084932074,0,8158,12.9917,8124,2,0x935a52d0af,956,7423,0,34,134144,8158,12.9917,8124,34,134079
4239000,8192,29,23,6,1085177835,29,1085186027,0,8151,12.9899,8111,3,0x1f69bfd350,1025,7428,0,40,134184,8151,12.9899,8111,40,134119
4240000,8192,29,23,6,1085439971,29,1085448163,0,8175,12.9958,8158,2,0x58884891bd,2,9,0,17,134201,8175,12.9958,8158,17,134136
4241000,8192,29,23,6,1085693929,29,1085702121,0,8167,12.9939,8142,2,0x0db2a41b58,964,7375,0,25,134226,8167,12.9939,8142,25,134161
4242000,8192,29,23,6,1085947882,29,1085956074,0,8161,12.9924,8130,2,0x167a585912,926,7408,0,31,134257,8161,12.9924,8130,31,134192
4243000,8192,29,23,6,1086201835,29,1086210027,0,8161,12.9924,8130,2,0x4894affa8e,1041,7430,0,31,134288,8161,12.9924,8130,31,134223
4244000,8192,29,23,6,1086463971,29,1086472163,0,8161,12.9924,8130,2,0xf6a80dae19,1,8,0,31,134319,8161,12.9924,8130,31,134254
4245000,8192,29,23,6,1086717929,29,1086726121,0,8156,12.9912,8120,2,0x28f72bce7a,988,7417,0,36,134355,8156,12.9912,8120,36,134290
4246000,8192,29,23,6,1086971882,29,1086980074,0,8163,12.9928,8135,3,0x91c4c225e0,979,7410,0,28,134383,8163,12.9928,8135,28,134318
4247000,8192,29,23,6,1087225835,29,1087234027,0,8157,12.9915,8122,2,0x8e106753a6,1003,7371,0,35,134418,8157,12.9915,8122,35,134353
4248000,8192,29,23,6,1087487971,29,1087496163,0,8146,12.9888,8100,2,0x274277b27d,1,9,0,46,134464,8146,12.9888,8100,46,134399
4249000,8192,29,23,6,1087741929,29,1087750121,0,8158,12.9917,8124,2,0x1cf6e890b8,965,7415,0,34,134498,8158,12.9917,8124,34,134433
4250000,8192,29,23,6,1087995882,29,1088004074,0,8166,12.9937,8140,2,0x19d1fefa51,966,7439,0,26,134524,8166,12.9937,8140,26,134459
4251000,8192,29,23,6,1088249835,29,1088258027,0,8161,12.9924,8130,2,0xbc0fe0ff75,954,7405,0,31,134555,8161,12.9924,8130,31,134490
4252000,8192,29,23,6,1088511971,29,1088520163,0,8163,12.9929,8134,2,0x58d8181c42,1,8,0,29,134584,8163,12.9929,8134,29,134519
4253000,8192,29,23,6,1088765929,29,1088774121,0,8159,12.9919,8126,2,0x13af68f519,951,7408,0,33,134617,8159,12.9919,8126,33,134552
4254000,8192,29,23,6,1089019882,29,1089028074,0,8170,12.9946,8148,2,0x4866a491b8,984,7411,0,22,134639,8170,12.9946,8148,22,134574
4255000,8192,29,23,6,1089273835,29,1089282027,0,8157,12.9915,8122,2,0xd91507828f,989,7457,0,35,134674,8157,12.9915,8122,35,134609
4256000,8192,29,23,6,1089535971,29,1089544163,0,8173,12.9954,8154,2,0xeee12e3b8e,1,8,0,19,134693,8173,12.9954,8154,19,134628
4257000,8192,29,23,6,1089789929,29,1089798121,0,8173,12.9954,8154,2,0x196362a6ad,995,7390,0,19,134712,8173,12.9954,8154,19,134647
4258000,8192,29,23,6,1090043882,29,1090052074,0,8162,12.9927,8132,2,0x81415ad3ae,962,7414,0,30,134742,8162,12.9927,8132,30,134677
4259000,8192,29,23,6,1090297835,29,1090306027,0,8171,12.9949,8150,2,0x1fcce3dfc4,942,7425,0,21,134763,8171,12.9949,8150,21,134698
4260000,8192,29,23,6,1090559971,29,1090568163,0,8165,12.9934,8138,2,0x50608761c9,2,7,0,27,134790,8165,12.9934,8138,27,134725
4261000,8192,29,23,6,1090813929,29,1090822121,0,8166,12.9937,8140,2,0x8acbc2dde9,974,7452,0,26,134816,8166,12.9937,8140,26,134751
4262000,8192,29,23,6,1091067882,29,1091076074,0,8157,12.9915,8122,2,0xdf10d0e2e3,971,7385,0,35,134851,8157,12.9915,8122,35,134786
4263000,8192,29,23,6,1091321835,29,1091330027,0,8165,12.9934,8138,2,0x7e76515434,931,7471,0,27,134878,8165,12.9934,8138,27,134813
4264000,8192,29,23,6,1091583971,29,1091592163,0,8167,12.9938,8143,3,0xf6ae43075a,0,8,0,24,134902,8167,12.9938,8143,24,134837
4265000,8192,29,23,6,1091837929,29,1091846121,0,8170,12.9946,8148,2,0xc92240abfb,1000,7414,0,22,134924,8170,12.9946,8148,22,134859
4266000,8192,29,23,6,1092091882,29,1092100074,0,8154,12.9907,8116,2,0xdba1c58c23,993,7433,0,38,134962,8154,12.9907,8116,38,134897
4267000,8192,29,23,6,1092345835,29,1092354027,0,8149,12.9895,8106,2,0x3edd155ada,975,7404,0,43,135005,8150,12.9897,8108,42,134939
4268000,8192,29,23,6,1092607971,29,1092616163,0,8158,12.9917,8124,2,0x4517a105d4,0,8,0,34,135039,8158,12.9917,8124,34,134973
4269000,8192,29,23,6,1092861929,29,1092870121,0,8164,12.9932,8136,2,0x218e5b1bee,986,7406,0,28,135067,8164,12.9932,8136,28,135001
4270000,8192,29,23,6,1093115882,29,1093124074,0,8156,12.9912,8120,2,0x62bc026419,1008,7438,0,36,135103,8156,12.9912,8120,36,135037
4271000,8192,29,23,6,1093369835,29,1093378027,0,8157,12.9915,8122,2,0x1026b8f420,995,7410,0,35,135138,8157,12.9915,8122,35,135072
4272000,8192,29,23,6,1093631971,29,1093640163,0,8165,12.9934,8138,2,0xac8e9e76bd,1,8,0,27,135165,8165,12.9934,8138,27,135099
4273000,8192,29,23,6,1093885929,29,1093894121,0,8163,12.9929,8134,2,0x984f9a3820,973,7431,0,29,135194,8163,12.9929,8134,29,135128
4274000,8192,29,23,6,1094139882,29,1094148074,0,8154,12.9907,8116,2,0x584df3d3af,951,7456,0,38,135232,8154,12.9907,8116,38,135166
4275000,8192,29,23,6,1094393835,29,1094402027,0,8150,12.9897,8108,2,0x68ddb0e465,987,7408,0,42,135274,8150,12.9897,8108,42,135208
4276000,8192,29,23,6,1094655971,29,1094664163,0,8158,12.9916,8125,3,0x7c264b2b3a,1,7,0,33,135307,8158,12.9916,8125,33,135241
4277000,8192,29,23,6,1094909929,29,1094918121,0,8171,12.9949,8150,2,0x6625f1fb2f,983,7431,0,21,135328,8171,12.9949,8150,21,135262
4278000,8192,29,23,6,1095163882,29,1095172074,0,8172,12.9951,8152,2,0x6d191620c3,1022,7459,0,20,135348,8172,12.9951,8152,20,135282
4279000,8192,29,23,6,1095417835,29,1095426027,0,8165,12.9934,8138,2,0xd0bedb2e74,965,7400,0,27,135375,8165,12.9934,8138,27,135309
4280000,8192,29,23,6,1095679971,29,1095688163,0,8159,12.9919,8126,2,0x319c5720fd,4,8,0,33,135408,8159,12.9919,8126,33,135342
4281000,8192,29,23,6,1095933929,29,1095942121,0,8158,12.9917,8124,2,0x4911b65b60,999,7427,0,34,135442,8158,12.9917,8124,34,135376
4282000,8192,29,23,6,1096187882,29,1096196074,0,8159,12.9919,8126,2,0x36ad772703,990,7447,0,33,135475,8159,12.9919,8126,33,135409
4283000,8192,29,23,6,1096441835,29,1096450027,0,8159,12.9919,8126,2,0xb79b099a55,976,7408,0,33,135508,8159,12.9919,8126,33,135442
4284000,8192,29,23,6,1096703971,29,1096712163,0,8157,12.9915,8122,2,0x16b66cc635,1,9,0,35,135543,8157,12.9915,8122,35,135477
4285000,8192,29,23,6,1096957929,29,1096966121,0,8156,12.9912,8120,2,0x379b02bea1,981,7399,0,36,135579,8156,12.9912,8120,36,135513
4286000,8192,29,23,6,1097211882,29,1097220074,0,8162,12.9927,8132,2,0x7550fab2ec,967,7420,0,30,135609,8162,12.9927,8132,30,135543
4287000,8192,29,23,6,1097465835,29,1097474027,0,8160,12.9922,8128,2,0x21b1b6a9f8,1037,7442,0,32,135641,8160,12.9922,8128,32,135575
4288000,8192,29,23,6,1097727971,29,1097736163,0,8163,12.9929,8134,2,0xac12f77857,2,8,0,29,135670,8163,12.9929,8134,29,135604
4289000,8192,29,23,6,1097981929,29,1097990121,0,8162,12.9927,8132,2,0xa5256dd8be,949,7404,0,30,135700,8162,12.9927,8132,30,135634
4290000,8192,29,23,6,1098235882,29,1098244074,0,8167,12.9939,8142,2,0xac81be259d,946,7398,0,25,135725,8167,12.9939,8142,25,135659
4291000,8192,29,23,6,1098489835,29,1098498027,0,8160,12.9922,8128,2,0xb151cf7ccf,963,7439,0,32,135757,8160,12.9922,8128,32,135691
4292000,8192,29,23,6,1098751971,29,1098760163,0,8158,12.9917,8124,2,0x2b9a3e48da,1,9,0,34,135791,8158,12.9917,8124,34,135725
4293000,8192,29,23,6,1099005929,29,1099014121,0,8171,12.9949,8150,2,0x43eaaebfe8,925,7440,0,21,135812,8171,12.9949,8150,21,135746
4294000,8192,29,23,6,1099259882,29,1099268074,0,8168,12.9941,8144,2,0xcc615106df,953,7415,0,24,135836,8168,12.9941,8144,24,135770
4295000,8192,29,23,6,1099513835,29,1099522027,0,8157,12.9914,8123,3,0xed49efca51,988,7424,0,34,135870,8157,12.9914,8123,34,135804
4296000,8192,29,23,6,1099775971,29,1099784163,0,8167,12.9939,8142,2,0x62e92f2dd2,1,8,0,25,135895,8167,12.9939,8142,25,135829
4297000,8192,29,23,6,1100029929,29,1100038121,0,8156,12.9912,8120,2,0xa2f995ae9c,964,7423,0,36,135931,8156,12.9912,8120,36,135865
4298000,8192,29,23,6,1100283882,29,1100292074,0,8165,12.9934,8138,2,0x0e84746285,952,7422,0,27,135958,8165,12.9934,8138,27,135892
4299000,8192,29,23,6,1100537835,29,1100546027,0,8167,12.9939,8142,2,0x579c929b0b,1013,7402,0,25,135983,8167,12.9939,8142,25,135917
4300000,8192,29,23,6,1100799971,29,1100808163,0,8155,12.9910,8118,2,0x325da0c1dc,3,8,0,37,136020,8155,12.9910,8118,37,135954
4301000,8192,29,23,6,1101053929,29,1101062121,0,8166,12.9937,8140,2,0xe6aad850ea,991,7407,0,26,136046,8166,12.9937,8140,26,135980
4302000,8192,29,23,6,1101307882,29,1101316074,0,8164,12.9932,8136,2,0x772c98ae13,972,7397,0,28,136074,8164,12.9932,8136,28,136008
4303000,8192,29,23,6,1101561835,29,1101570027,0,8161,12.9924,8130,2,0xbd1f8b32cb,927,7374,0,31,136105,8161,12.9924,8130,31,136039
4304000,8192,29,23,6,1101823971,29,1101832163,0,8166,12.9937,8140,2,0x532c65f297,2,9,0,26,136131,8166,12.9937,8140,26,136065
4305000,8192,29,23,6,1102077929,29,1102086121,0,8162,12.9927,8132,2,0x5f63fcd3f3,963,7397,0,30,136161,8162,12.9927,8132,30,136095
4306000,8192,29,23,6,1102331882,29,1102340074,0,8156,12.9912,8120,2,0x5c4f3654d3,1007,7411,0,36,136197,8156,12.9912,8120,36,136131
4307000,8192,29,23,6,1102585835,29,1102594027,0,8160,12.9922,8128,2,0x151136746e,977,7407,0,32,136229,8160,12.9922,8128,32,136163
4308000,8192,29,23,6,1102847971,29,1102856163,0,8159,12.9919,8126,2,0xe1656ec589,0,9,0,33,136262,8159,12.9919,8126,33,136196
4309000,8192,29,23,6,1103101929,29,1103110121,0,8162,12.9927,8132,2,0x6fd13acba9,1000,7420,0,30,136292,8162,12.9927,8132,30,136226
4310000,8192,29,23,6,1103355882,29,1103364074,0,8161,12.9924,8130,2,0x9a252d17a8,1000,7392,0,31,136323,8161,12.9924,8130,31,136257
4311000,8192,29,23,6,1103609835,29,1103618027,0,8164,12.9932,8136,2,0x19478bde53,977,7414,0,28,136351,8164,12.9932,8136,28,136285
4312000,8192,29,23,6,1103871971,29,1103880163,0,8163,12.9929,8134,2,0x556ca42215,1,9,0,29,136380,8163,12.9929,8134,29,136314
4313000,8192,29,23,6,1104125929,29,1104134121,0,8156,12.9912,8120,2,0x58a1d33ce4,942,7462,0,36,136416,8156,12.9912,8120,36,136350
4314000,8192,29,23,6,1104379882,29,1104388074,0,8159,12.9919,8126,2,0xa96ea89df5,967,7359,0,33,136449,8159,12.9919,8126,33,136383
4315000,8192,29,23,6,1104633835,29,1104642027,0,8167,12.9939,8142,2,0x128c45b04b,1000,7417,0,25,136474,8167,12.9939,8142,25,136408
4316000,8192,29,23,6,1104895971,29,1104904163,0,8159,12.9919,8126,2,0x20e17b3e73,1,9,0,33,136507,8159,12.9919,8126,33,136441
4317000,8192,29,23,6,1105149929,29,1105158121,0,8164,12.9932,8136,2,0xa832a93ab5,983,7390,0,28,136535,8164,12.9932,8136,28,136469
4318000,8192,29,23,6,1105403882,29,1105412074,0,8152,12.9902,8112,2,0xa7534c5802,986,7427,0,40,136575,8152,12.9902,8112,40,136509
4319000,8192,29,23,6,1105657835,29,1105666027,0,8162,12.9927,8132,2,0xc88d654e3d,907,7379,0,30,136605,8162,12.9927,8132,30,136539
4320000,8192,29,23,6,1105919971,29,1105928163,0,8161,12.9924,8130,2,0x8f78da9b88,1,9,0,31,136636,8161,12.9924,8130,31,136570
4321000,8192,29,23,6,1106173929,29,1106182121,0,8171,12.9949,8150,2,0xa1e6bf85b2,993,7420,0,21,136657,8171,12.9949,8150,21,136591
4322000,8192,29,23,6,1106427882,29,1106436074,0,8159,12.9919,8126,2,0xbac9ce9772,971,7380,0,33,136690,8159,12.9919,8126,33,136624
4323000,8192,29,23,6,1106681835,29,1106690027,0,8163,12.9929,8134,2,0xa1f36971d5,973,7406,0,29,136719,8163,12.9929,8134,29,136653
4324000,8192,29,23,6,1106943971,29,1106952163,0,8162,12.9927,8132,2,0x33e248e31b,2,6,0,30,136749,8162,12.9927,8132,30,136683
4325000,8192,29,23,6,1107197929,29,1107206121,0,8158,12.9917,8124,2,0x28ac72e3ac,948,7443,0,34,136783,8158,12.9917,8124,34,136717
4326000,8192,29,23,6,1107451882,29,1107460074,0,8162,12.9927,8132,2,0x90f3f31068,901,7383,0,30,136813,8162,12.9927,8132,30,136747
4327000,8192,29,23,6,1107705835,29,1107714027,0,8158,12.9917,8124,2,0xa7cd8335cb,1023,7429,0,34,136847,8158,12.9917,8124,34,136781
4328000,8192,29,23,6,1107967971,29,1107976163,0,8161,12.9924,8130,2,0x2909146bf3,5,8,0,31,136878,8161,12.9924,8130,31,136812
4329000,8192,29,23,6,1108221929,29,1108230121,0,8161,12.9924,8130,2,0xb38b05384f,999,7414,0,31,136909,8161,12.9924,8130,31,136843
4330000,8192,29,23,6,1108475882,29,1108484074,0,8166,12.9937,8140,2,0x73a33186bf,911,7395,0,26,136935,8166,12.9937,8140,26,136869
4331000,8192,29,23,6,1108729835,29,1108738027,0,8160,12.9922,8128,2,0x793c8bf824,961,7363,0,32,136967,8160,12.9922,8128,32,136901
4332000,8192,29,23,6,1108991971,29,1109000163,0,8152,12.9902,8112,2,0xdf2b1452e3,3,8,0,40,137007,8152,12.9902,8112,40,136941
4333000,8192,29,23,6,1109245929,29,1109254121,0,8166,12.9937,8140,2,0xb2916fd335,984,7390,0,26,137033,8166,12.9937,8140,26,136967
4334000,8192,29,23,6,1109499882,29,1109508074,0,8169,12.9944,8146,2,0xae4336f62c,1050,7457,0,23,137056,8169,12.9944,8146,23,136990
4335000,8192,29,23,6,1109753835,29,1109762027,0,8158,12.9917,8124,2,0xd96dd4bf8b,989,7435,0,34,137090,8158,12.9917,8124,34,137024
4336000,8192,29,23,6,1110015971,29,1110024163,0,8163,12.9929,8134,2,0x13b991178a,1,8,0,29,137119,8163,12.9929,8134,29,137053
4337000,8192,29,23,6,1110269929,29,1110278121,0,8156,12.9912,8120,2,0x8ea5a896b4,990,7358,0,36,137155,8156,12.9912,8120,36,137089
4338000,8192,29,23,6,1110523882,29,1110532074,0,8163,12.9929,8134,2,0x86af7d650b,946,7418,0,29,137184,8164,12.9932,8136,28,137117
4339000,8192,29,23,6,1110777835,29,1110786027,0,8162,12.9927,8132,2,0x40c8f5648d,1000,7408,0,30,137214,8163,12.9929,8134,29,137146
4340000,8192,29,23,6,1111039971,29,1111048163,0,8159,12.9919,8126,2,0xa4a1ac4451,1,8,0,33,137247,8159,12.9919,8126,33,137179
4341000,8192,29,23,6,1111293929,29,1111302121,0,8164,12.9932,8136,2,0x00c35e9c23,951,7449,0,28,137275,8164,12.9932,8136,28,137207
4342000,8192,29,23,6,1111547882,29,1111556074,0,8159,12.9919,8126,2,0x5aca58238c,997,7397,0,33,137308,8159,12.9919,8126,33,137240
4343000,8192,29,23,6,1111801835,29,1111810027,0,8151,12.9900,8110,2,0x6fcd9b5476,984,7371,0,41,137349,8151,12.9900,8110,41,137281
4344000,8192,29,23,6,1112063971,29,1112072163,0,8154,12.9907,8116,2,0x7533acef5c,2,9,0,38,137387,8154,12.9907,8116,38,137319
4345000,8192,29,23,6,1112317929,29,1112326121,0,8152,12.9902,8112,2,0x10ebad8a5c,991,7412,0,40,137427,8152,12.9902,8112,40,137359
4346000,8192,29,23,6,1112571882,29,1112580074,0,8149,12.9895,8106,2,0x51635255fc,963,7400,0,43,137470,8149,12.9895,8106,43,137402
4347000,8192,29,23,6,1112825835,29,1112834027,0,8162,12.9927,8132,2,0x2d4e8d9f6b,942,7416,0,30,137500,8162,12.9927,8132,30,137432
4348000,8192,29,23,6,1113087971,29,1113096163,0,8157,12.9915,8122,2,0x5acc7dd1df,1,8,0,35,137535,8157,12.9915,8122,35,137467
4349000,8192,29,23,6,1113341929,29,1113350121,0,8155,12.9910,8118,2,0x4c18b416bb,978,7395,0,37,137572,8155,12.9910,8118,37,137504
4350000,8192,29,23,6,1113595882,29,1113604074,0,8159,12.9919,8126,2,0x17a92a2e37,911,7396,0,33,137605,8159,12.9919,8126,33,137537
4351000,8192,29,23,6,1113849835,29,1113858027,0,8161,12.9924,8130,2,0x3eb1feae15,996,7457,0,31,137636,8161,12.9924,8130,31,137568
4352000,8192,29,23,6,1114111971,29,1114120163,0,8161,12.9924,8130,2,0x86433b70de,0,9,0,31,137667,8161,12.9924,8130,31,137599
4353000,8192,29,23,6,1114365929,29,1114374121,0,8160,12.9922,8128,2,0xc0c6b83477,995,7370,0,32,137699,8160,12.9922,8128,32,137631
4354000,8192,29,23,6,1114619882,29,1114628074,0,8159,12.9919,8126,2,0xfa0875a186,960,7384,0,33,137732,8159,12.9919,8126,33,137664
4355000,8192,29,23,6,1114873835,29,1114882027,0,8163,12.9929,8134,2,0xcbd667bc59,1024,7368,0,29,137761,8164,12.9932,8136,28,137692
4356000,8192,29,23,6,1115135971,29,1115144163,0,8157,12.9915,8122,2,0xe9925e5c62,0,7,0,35,137796,8157,12.9915,8122,35,137727
4357000,8192,29,23,6,1115389929,29,1115398121,0,8167,12.9939,8142,2,0x03f4883117,969,7439,0,25,137821,8167,12.9939,8142,25,137752
4358000,8192,29,23,6,1115643882,29,1115652074,0,8157,12.9915,8122,2,0xaf80223c5e,970,7395,0,35,137856,8157,12.9915,8122,35,137787
4359000,8192,29,23,6,1115897835,29,1115906027,0,8159,12.9919,8126,2,0x6107be78cf,977,7457,0,33,137889,8159,12.9919,8126,33,137820
4360000,8192,29,23,6,1116159971,29,1116168163,0,8171,12.9949,8150,2,0x12644d9e6b,1,7,0,21,137910,8171,12.9949,8150,21,137841
4361000,8192,29,23,6,1116413929,29,1116422121,0,8156,12.9912,8120,2,0x2ca4aaa4ae,959,7399,0,36,137946,8156,12.9912,8120,36,137877
4362000,8192,29,23,6,1116667882,29,1116676074,0,8153,12.9905,8114,2,0x70941f7330,999,7441,0,39,137985,8153,12.9905,8114,39,137916
4363000,8192,29,23,6,1116921835,29,1116930027,0,8169,12.9944,8146,2,0x6749629355,957,7439,0,23,138008,8169,12.9944,8146,23,137939
4364000,8192,29,23,6,1117183971,29,1117192163,0,8160,12.9922,8128,2,0x5fa55d1fb9,1,8,0,32,138040,8160,12.9922,8128,32,137971
4365000,8192,29,23,6,1117437929,29,1117446121,0,8158,12.9917,8124,2,0x6f42eb77dd,949,7423,0,34,138074,8158,12.9917,8124,34,138005
4366000,8192,29,23,6,1117691882,29,1117700074,0,8151,12.9900,8110,2,0xf752ac586a,925,7432,0,41,138115,8151,12.9900,8110,41,138046
4367000,8192,29,23,6,1117945835,29,1117954027,0,8155,12.9910,8118,2,0x3ec540f2af,971,7408,0,37,138152,8155,12.9910,8118,37,138083
4368000,8192,29,23,6,1118207971,29,1118216163,0,8154,12.9907,8116,2,0x0910faba43,1,7,0,38,138190,8154,12.9907,8116,38,138121
4369000,8192,29,23,6,1118461929,29,1118470121,0,8156,12.9912,8120,2,0xe212a06977,967,7445,0,36,138226,8156,12.9912,8120,36,138157
4370000,8192,29,23,6,1118715882,29,1118724074,0,8160,12.9922,8128,2,0x3dde270485,1062,7452,0,32,138258,8160,12.9922,8128,32,138189
4371000,8192,29,23,6,1118969835,29,1118978027,0,8167,12.9939,8142,2,0xc4f0cdd238,906,7438,0,25,138283,8167,12.9939,8142,25,138214
4372000,8192,29,23,6,1119231971,29,1119240163,0,8160,12.9922,8128,2,0x3136b9f3da,2,9,0,32,138315,8160,12.9922,8128,32,138246
4373000,8192,29,23,6,1119485929,29,1119494121,0,8160,12.9922,8128,2,0xe232c093bd,940,7459,0,32,138347,8160,12.9922,8128,32,138278
4374000,8192,29,23,6,1119739882,29,1119748074,0,8152,12.9902,8112,2,0x0a4c54abde,945,7405,0,40,138387,8152,12.9902,8112,40,138318
4375000,8192,29,23,6,1119993835,29,1120002027,0,8163,12.9929,8134,2,0xa35bcd92e5,980,7433,0,29,138416,8163,12.9929,8134,29,138347
4376000,8192,29,23,6,1120255971,29,1120264163,0,8166,12.9937,8140,2,0xa2645febd7,1,9,0,26,138442,8166,12.9937,8140,26,138373
4377000,8192,29,23,6,1120509929,29,1120518121,0,8159,12.9919,8126,2,0x0f622017ec,978,7380,0,33,138475,8159,12.9919,8126,33,138406
4378000,8192,29,23,6,1120763882,29,1120772074,0,8154,12.9906,8117,3,0xf31f2889de,967,7397,0,37,138512,8154,12.9906,8117,37,138443
4379000,8192,29,23,6,1121017835,29,1121026027,0,8160,12.9922,8128,2,0xaa74f3297a,978,7415,0,32,138544,8160,12.9922,8128,32,138475
4380000,8192,29,23,6,1121279971,29,1121288163,0,8158,12.9917,8124,2,0x22f7c3ab63,2,8,0,34,138578,8158,12.9917,8124,34,138509
4381000,8192,29,23,6,1121533929,29,1121542121,0,8158,12.9916,8125,3,0x64959c1062,970,7397,0,33,138611,8158,12.9916,8125,33,138542
4382000,8192,29,23,6,1121787882,29,1121796074,0,8162,12.9927,8132,2,0x97ab2b24ee,886,7444,0,30,138641,8162,12.9927,8132,30,138572
4383000,8192,29,23,6,1122041835,29,1122050027,0,8165,12.9934,8138,2,0x9f25ea0d7b,952,7395,0,27,138668,8165,12.9934,8138,27,138599
4384000,8192,29,23,6,1122303971,29,1122312163,0,8150,12.9897,8108,2,0x466d0c2272,0,8,0,42,138710,8150,12.9897,8108,42,138641
4385000,8192,29,23,6,1122557929,29,1122566121,0,8163,12.9929,8134,2,0x845cb48b08,941,7436,0,29,138739,8163,12.9929,8134,29,138670
4386000,8192,29,23,6,1122811882,29,1122820074,0,8148,12.9893,8104,2,0xd44ea87366,969,7440,0,44,138783,8148,12.9893,8104,44,138714
4387000,8192,29,23,6,1123065835,29,1123074027,0,8157,12.9915,8122,2,0xdb5bb7d9ce,941,7427,0,35,138818,8157,12.9915,8122,35,138749
4388000,8192,29,23,6,1123327971,29,1123336163,0,8154,12.9907,8116,2,0x6aff345277,1,7,0,38,138856,8154,12.9907,8116,38,138787
4389000,8192,29,23,6,1123581929,29,1123590121,0,8154,12.9907,8116,2,0xb2fafd1f92,1003,7441,0,38,138894,8154,12.9907,8116,38,138825
4390000,8192,29,23,6,1123835882,29,1123844074,0,8157,12.9915,8122,2,0xdffb6918ca,1032,7449,0,35,138929,8157,12.9915,8122,35,138860
4391000,8192,29,23,6,1124089835,29,1124098027,0,8164,12.9932,8136,2,0xfc00c8154f,915,7475,0,28,138957,8164,12.9932,8136,28,138888
4392000,8192,29,23,6,1124351971,29,1124360163,0,8158,12.9915,8126,3,0xd9621cb0e3,0,9,0,32,138989,8158,12.9915,8126,32,138920
4393000,8192,29,23,6,1124605929,29,1124614121,0,8165,12.9934,8138,2,0x63157c9e5e,927,7369,0,27,139016,8165,12.9934,8138,27,138947
4394000,8192,29,23,6,1124859882,29,1124868074,0,8162,12.9926,8133,3,0x32941b2b7f,970,7416,0,29,139045,8162,12.9926,8133,29,138976
4395000,8192,29,23,6,1125113835,29,1125122027,0,8163,12.9929,8134,2,0x97ccafe0b6,972,7428,0,29,139074,8163,12.9929,8134,29,139005
4396000,8192,29,23,6,1125375971,29,1125384163,0,8153,12.9905,8114,2,0x281efd0964,1,9,0,39,139113,8153,12.9905,8114,39,139044
4397000,8192,29,23,6,1125629929,29,1125638121,0,8161,12.9924,8130,2,0x5c15579790,970,7460,0,31,139144,8161,12.9924,8130,31,139075
4398000,8192,29,23,6,1125883882,29,1125892074,0,8154,12.9907,8116,2,0x3ea17d6c66,986,7435,0,38,139182,8154,12.9907,8116,38,139113
4399000,8192,29,23,6,1126137835,29,1126146027,0,8162,12.9927,8132,2,0x105c6d577c,939,7416,0,30,139212,8162,12.9927,8132,30,139143
4400000,8192,29,23,6,1126399971,29,1126408163,0,8154,12.9907,8116,2,0xd7035ef2cb,2,8,0,38,139250,8154,12.9907,8116,38,139181
4401000,8192,29,23,6,1126653929,29,1126662121,0,8164,12.9932,8136,2,0xfb6f8c9902,1006,7413,0,28,139278,8164,12.9932,8136,28,139209
4402000,8192,29,23,6,1126907882,29,1126916074,0,8156,12.9912,8120,2,0x51c6ef426f,991,7364,0,36,139314,8156,12.9912,8120,36,139245
4403000,8192,29,23,6,1127161835,29,1127170027,0,8160,12.9922,8128,2,0x70567744c5,963,7420,0,32,139346,8160,12.9922,8128,32,139277
4404000,8192,29,23,6,1127423971,29,1127432163,0,8153,12.9905,8114,2,0xd52def190f,2,8,0,39,139385,8153,12.9905,8114,39,139316
4405000,8192,29,23,6,1127677929,29,1127686121,0,8158,12.9916,8125,3,0x757a3b5162,981,7423,0,33,139418,8158,12.9916,8125,33,139349
4406000,8192,29,23,6,1127931882,29,1127940074,0,8167,12.9939,8142,2,0xe7c4cce817,1005,7435,0,25,139443,8167,12.9939,8142,25,139374
4407000,8192,29,23,6,1128185835,29,1128194027,0,8155,12.9910,8118,2,0x53608f44c9,986,7413,0,37,139480,8155,12.9910,8118,37,139411
4408000,8192,29,23,6,1128447971,29,1128456163,0,8159,12.9919,8126,2,0xc102cf81aa,0,8,0,33,139513,8159,12.9919,8126,33,139444
4409000,8192,29,23,6,1128701929,29,1128710121,0,8152,12.9902,8112,2,0x3441b6b6fb,970,7406,0,40,139553,8152,12.9902,8112,40,139484
4410000,8192,29,23,6,1128955882,29,1128964074,0,8161,12.9924,8130,2,0xf9e39b57cb,1045,7395,0,31,139584,8161,12.9924,8130,31,139515
4411000,8192,29,23,6,1129209835,29,1129218027,0,8161,12.9924,8130,2,0xbf114ca24e,976,7373,0,31,139615,8161,12.9924,8130,31,139546
4412000,8192,29,23,6,1129471971,29,1129480163,0,8169,12.9944,8146,2,0x43ca099430,1,7,0,23,139638,8169,12.9944,8146,23,139569
4413000,8192,29,23,6,1129725929,29,1129734121,0,8150,12.9897,8108,2,0x0b2b275540,967,7431,0,42,139680,8150,12.9897,8108,42,139611
4414000,8192,29,23,6,1129979882,29,1129988074,0,8159,12.9919,8126,2,0x6edf44a1df,960,7400,0,33,139713,8159,12.9919,8126,33,139644
4415000,8192,29,23,6,1130233835,29,1130242027,0,8175,12.9958,8158,2,0x4b6f0e8a67,942,7431,0,17,139730,8175,12.9958,8158,17,139661
4416000,8192,29,23,6,1130495971,29,1130504163,0,8166,12.9937,8140,2,0x9c9de595e1,3,7,0,26,139756,8166,12.9937,8140,26,139687
4417000,8192,29,23,6,1130749929,29,1130758121,0,8164,12.9932,8136,2,0xaf85886568,960,7371,0,28,139784,8164,12.9932,8136,28,139715
4418000,8192,29,23,6,1131003882,29,1131012074,0,8158,12.9917,8124,2,0x9ec055bf87,977,7398,0,34,139818,8158,12.9917,8124,34,139749
4419000,8192,29,23,6,1131257835,29,1131266027,0,8157,12.9915,8122,2,0xa62636cf4c,955,7402,0,35,139853,8157,12.9915,8122,35,139784
4420000,8192,29,23,6,1131519971,29,1131528163,0,8169,12.9944,8146,2,0x60edd81ec9,1,9,0,23,139876,8169,12.9944,8146,23,139807
4421000,8192,29,23,6,1131773929,29,1131782121,0,8165,12.9934,8138,2,0x010777ccf4,970,7433,0,27,139903,8165,12.9934,8138,27,139834
4422000,8192,29,23,6,1132027882,29,1132036074,0,8157,12.9915,8122,2,0xe5f75ee8db,926,7434,0,35,139938,8157,12.9915,8122,35,139869
4423000,8192,29,23,6,1132281835,29,1132290027,0,8161,12.9923,8131,3,0xfb2bb97700,935,7426,0,30,139968,8161,12.9923,8131,30,139899
4424000,8192,29,23,6,1132543971,29,1132552163,0,8164,12.9932,8136,2,0xe315132c51,2,8,0,28,139996,8164,12.9932,8136,28,139927
4425000,8192,29,23,6,1132797929,29,1132806121,0,8157,12.9915,8122,2,0x0d8e516eea,986,7439,0,35,140031,8157,12.9915,8122,35,139962
4426000,8192,29,23,6,1133051882,29,1133060074,0,8159,12.9919,8126,2,0x6d0362d919,907,7442,0,33,140064,8159,12.9919,8126,33,139995
4427000,8192,29,23,6,1133305835,29,1133314027,0,8165,12.9934,8138,2,0xea96e54ad8,1009,7394,0,27,140091,8165,12.9934,8138,27,140022
4428000,8192,29,23,6,1133567971,29,1133576163,0,8161,12.9924,8130,2,0x6e75a336b1,1,8,0,31,140122,8161,12.9924,8130,31,140053
4429000,8192,29,23,6,1133821929,29,1133830121,0,8155,12.9910,8118,2,0x29c2622043,1015,7384,0,37,140159,8155,12.9910,8118,37,140090
4430000,8192,29,23,6,1134075882,29,1134084074,0,8164,12.9932,8136,2,0x6ce29042f8,952,7388,0,28,140187,8164,12.9932,8136,28,140118
4431000,8192,29,23,6,1134329835,29,1134338027,0,8145,12.9884,8099,3,0x40ac2cddcd,1008,7413,0,46,140233,8145,12.9884,8099,46,140164
4432000,8192,29,23,6,1134591971,29,1134600163,0,8165,12.9934,8138,2,0x7a52f19c2e,1,8,0,27,140260,8165,12.9934,8138,27,140191
4433000,8192,29,23,6,1134845929,29,1134854121,0,8160,12.9922,8128,2,0x0936946a7b,1015,7390,0,32,140292,8160,12.9922,8128,32,140223
4434000,8192,29,23,6,1135099882,29,1135108074,0,8163,12.9929,8134,2,0xb23dc13bcc,974,7441,0,29,140321,8163,12.9929,8134,29,140252
4435000,8192,29,23,6,1135353835,29,1135362027,0,8154,12.9907,8116,2,0xe0367a0216,988,7371,0,38,140359,8155,12.9910,8118,37,140289
4436000,8192,29,23,6,1135615971,29,1135624163,0,8147,12.9890,8102,2,0x89570d147f,1,9,0,45,140404,8147,12.9890,8102,45,140334
4437000,8192,29,23,6,1135869929,29,1135878121,0,8156,12.9912,8120,2,0xc59f3db6f3,972,7362,0,36,140440,8156,12.9912,8120,36,140370
4438000,8192,29,23,6,1136123882,29,1136132074,0,8161,12.9924,8130,2,0x5c8d27de88,967,7417,0,31,140471,8161,12.9924,8130,31,140401
4439000,8192,29,23,6,1136377835,29,1136386027,0,8161,12.9924,8130,2,0xfaa17ecce5,972,7402,0,31,140502,8161,12.9924,8130,31,140432
4440000,8192,29,23,6,1136639971,29,1136648163,0,8170,12.9946,8148,2,0x181c9cc3f5,1,9,0,22,140524,8170,12.9946,8148,22,140454
4441000,8192,29,23,6,1136893929,29,1136902121,0,8156,12.9912,8120,2,0xe74f0fe50c,959,7323,0,36,140560,8156,12.9912,8120,36,140490
4442000,8192,29,23,6,1137147882,29,1137156074,0,8160,12.9922,8128,2,0xcd2de9f461,991,7458,0,32,140592,8160,12.9922,8128,32,140522
4443000,8192,29,23,6,1137401835,29,1137410027,0,8166,12.9937,8140,2,0x59f6e1fc5b,988,7410,0,26,140618,8166,12.9937,8140,26,140548
4444000,8192,29,23,6,1137663971,29,1137672163,0,8163,12.9929,8134,2,0xf91d9d0e05,2,9,0,29,140647,8163,12.9929,8134,29,140577
4445000,8192,29,23,6,1137917929,29,1137926121,0,8161,12.9924,8130,2,0x63d466d13b,989,7415,0,31,140678,8161,12.9924,8130,31,140608
4446000,8192,29,23,6,1138171882,29,1138180074,0,8165,12.9934,8138,2,0x9ba22d24c0,986,7404,0,27,140705,8165,12.9934,8138,27,140635
4447000,8192,29,23,6,1138425835,29,1138434027,0,8164,12.9931,8137,3,0x81b6b23618,973,7367,0,27,140732,8164,12.9931,8137,27,140662
4448000,8192,29,23,6,1138687971,29,1138696163,0,8163,12.9929,8134,2,0xfaeea121d5,2,9,0,29,140761,8163,12.9929,8134,29,140691
4449000,8192,29,23,6,1138941929,29,1138950121,0,8164,12.9932,8136,2,0x19e360bf45,978,7387,0,28,140789,8164,12.9932,8136,28,140719
4450000,8192,29,23,6,1139195882,29,1139204074,0,8161,12.9924,8130,2,0x696a9a3806,940,7433,0,31,140820,8161,12.9924,8130,31,140750
4451000,8192,29,23,6,1139449835,29,1139458027,0,8154,12.9907,8116,2,0xa37530c1cd,965,7417,0,38,140858,8154,12.9907,8116,38,140788
4452000,8192,29,23,6,1139711971,29,1139720163,0,8153,12.9905,8114,2,0xd74b08db0b,2,8,0,39,140897,8153,12.9905,8114,39,140827
4453000,8192,29,23,6,1139965929,29,1139974121,0,8162,12.9927,8132,2,0x8c6c0cf071,946,7421,0,30,140927,8162,12.9927,8132,30,140857
4454000,8192,29,23,6,1140219882,29,1140228074,0,8174,12.9956,8156,2,0xd112e76faa,977,7437,0,18,140945,8174,12.9956,8156,18,140875
4455000,8192,29,23,6,1140473835,29,1140482027,0,8159,12.9919,8126,2,0xea2411b1e6,975,7419,0,33,140978,8159,12.9919,8126,33,140908
4456000,8192,29,23,6,1140735971,29,1140744163,0,8154,12.9907,8116,2,0xd76c16c903,3,9,0,38,141016,8154,12.9907,8116,38,140946
4457000,8192,29,23,6,1140989929,29,1140998121,0,8155,12.9910,8118,2,0x00a621244c,958,7474,0,37,141053,8155,12.9910,8118,37,140983
4458000,8192,29,23,6,1141243882,29,1141252074,0,8169,12.9944,8146,2,0x6e1f465ecb,1023,7433,0,23,141076,8169,12.9944,8146,23,141006
4459000,8192,29,23,6,1141497835,29,1141506027,0,8157,12.9915,8122,2,0x240e41ea7a,981,7430,0,35,141111,8157,12.9915,8122,35,141041
4460000,8192,29,23,6,1141759971,29,1141768163,0,8168,12.9940,8145,3,0x48f9d231bf,0,8,0,23,141134,8168,12.9940,8145,23,141064
4461000,8192,30,24,6,1142013928,30,1142022120,0,8164,12.9932,8136,2,0xb48dd72bc3,958,7378,0,28,141162,8164,12.9932,8136,28,141092
4462000,8192,30,24,6,1142267881,30,1142276073,0,8165,12.9934,8138,2,0x6c117174fb,1014,7447,0,27,141189,8165,12.9934,8138,27,141119
4463000,8192,30,24,6,1142521834,30,1142530026,0,8155,12.9910,8118,2,0xad32da77e0,977,7434,0,37,141226,8155,12.9910,8118,37,141156
4464000,8192,30,24,6,1142783970,30,1142792162,0,8159,12.9919,8126,2,0x316b169cfc,3,9,0,33,141259,8159,12.9919,8126,33,141189
4465000,8192,30,24,6,1143037928,30,1143046120,0,8156,12.9912,8120,2,0x46913ec35c,990,7412,0,36,141295,8156,12.9912,8120,36,141225
4466000,8192,30,24,6,1143291881,30,1143300073,0,8163,12.9929,8134,2,0x9a98c39020,936,7372,0,29,141324,8163,12.9929,8134,29,141254
4467000,8192,30,24,6,1143545834,30,1143554026,0,8163,12.9929,8134,2,0x40d06efe57,952,7476,0,29,141353,8163,12.9929,8134,29,141283
4468000,8192,30,24,6,1143807970,30,1143816162,0,8152,12.9902,8112,2,0xef3d1d3033,3,9,0,40,141393,8152,12.9902,8112,40,141323
4469000,8192,30,24,6,1144061928,30,1144070120,0,8154,12.9907,8116,2,0x03da0ace30,980,7399,0,38,141431,8155,12.9910,8118,37,141360
4470000,8192,30,24,6,1144315881,30,1144324073,0,8165,12.9934,8138,2,0x79e08adeaf,924,7372,0,27,141458,8165,12.9934,8138,27,141387
4471000,8192,30,24,6,1144569834,30,1144578026,0,8160,12.9922,8128,2,0x3868f7a4e9,933,7427,0,32,141490,8160,12.9922,8128,32,141419
4472000,8192,30,24,6,1144831970,30,1144840162,0,8155,12.9909,8119,3,0x192ad1e28a,1,9,0,36,141526,8155,12.9909,8119,36,141455
4473000,8192,30,24,6,1145085928,30,1145094120,0,8154,12.9907,8116,2,0x3c67c5ad53,991,7418,0,38,141564,8155,12.9910,8118,37,141492
4474000,8192,30,24,6,1145339881,30,1145348073,0,8156,12.9912,8120,2,0xa5559a1490,963,7389,0,36,141600,8156,12.9912,8120,36,141528
4475000,8192,30,24,6,1145593834,30,1145602026,0,8164,12.9932,8136,2,0x2c22c96bd7,971,7400,0,28,141628,8164,12.9932,8136,28,141556
4476000,8192,30,24,6,1145855970,30,1145864162,0,8167,12.9939,8142,2,0xd32dff95aa,0,8,0,25,141653,8167,12.9939,8142,25,141581
4477000,8192,30,24,6,1146109928,30,1146118120,0,8166,12.9937,8140,2,0xd3058fd074,994,7421,0,26,141679,8166,12.9937,8140,26,141607
4478000,8192,30,24,6,1146363881,30,1146372073,0,8161,12.9924,8130,2,0xeae13ca9dc,976,7407,0,31,141710,8161,12.9924,8130,31,141638
4479000,8192,30,24,6,1146617834,30,1146626026,0,8169,12.9944,8146,2,0x452e6b6a4c,954,7450,0,23,141733,8169,12.9944,8146,23,141661
4480000,8192,30,24,6,1146879970,30,1146888162,0,8167,12.9939,8142,2,0xb6801bf036,1,9,0,25,141758,8167,12.9939,8142,25,141686
4481000,8192,30,24,6,1147133928,30,1147142120,0,8150,12.9897,8108,2,0xc46009ec5e,969,7412,0,42,141800,8150,12.9897,8108,42,141728
4482000,8192,30,24,6,1147387881,30,1147396073,0,8158,12.9917,8124,2,0x0926fd9961,1002,7415,0,34,141834,8158,12.9917,8124,34,141762
4483000,8192,30,24,6,1147641834,30,1147650026,0,8154,12.9907,8116,2,0xbe47f4d4ed,920,7361,0,38,141872,8154,12.9907,8116,38,141800
4484000,8192,30,24,6,1147903970,30,1147912162,0,8159,12.9919,8126,2,0xbece3339f3,1,6,0,33,141905,8159,12.9919,8126,33,141833
4485000,8192,30,24,6,1148157928,30,1148166120,0,8160,12.9922,8128,2,0x71744f0abb,961,7397,0,32,141937,8160,12.9922,8128,32,141865
4486000,8192,30,24,6,1148411881,30,1148420073,0,8165,12.9934,8138,2,0xa9818b6772,975,7424,0,27,141964,8165,12.9934,8138,27,141892
4487000,8192,30,24,6,1148665834,30,1148674026,0,8153,12.9905,8114,2,0x2e01c38c07,971,7390,0,39,142003,8154,12.9907,8116,38,141930
4488000,8192,30,24,6,1148927970,30,1148936162,0,8156,12.9912,8120,2,0xee24211173,1,7,0,36,142039,8156,12.9912,8120,36,141966
4489000,8192,30,24,6,1149181928,30,1149190120,0,8159,12.9919,8126,2,0x85161216ac,942,7389,0,33,142072,8159,12.9919,8126,33,141999
4490000,8192,30,24,6,1149435881,30,1149444073,0,8161,12.9924,8130,2,0x66e889163a,973,7412,0,31,142103,8161,12.9924,8130,31,142030
4491000,8192,30,24,6,1149689834,30,1149698026,0,8151,12.9900,8110,2,0x2ade579041,1004,7472,0,41,142144,8151,12.9900,8110,41,142071
4492000,8192,30,24,6,1149951970,30,1149960162,0,8161,12.9924,8130,2,0x7cc25a6b36,2,9,0,31,142175,8161,12.9924,8130,31,142102
4493000,8192,30,24,6,1150205928,30,1150214120,0,8157,12.9915,8122,2,0xb9be153e06,939,7408,0,35,142210,8157,12.9915,8122,35,142137
4494000,8192,30,24,6,1150459881,30,1150468073,0,8162,12.9927,8132,2,0xb318c8b36c,995,7393,0,30,142240,8162,12.9927,8132,30,142167
4495000,8192,30,24,6,1150713834,30,1150722026,0,8171,12.9949,8150,2,0x51ff9c5956,992,7388,0,21,142261,8171,12.9949,8150,21,142188
4496000,8192,30,24,6,1150975970,30,1150984162,0,8157,12.9915,8122,2,0xb054630b61,2,9,0,35,142296,8157,12.9915,8122,35,142223
4497000,8192,30,24,6,1151229928,30,1151238120,0,8153,12.9905,8114,2,0x74b03d12c0,1033,7448,0,39,142335,8153,12.9905,8114,39,142262
4498000,8192,30,24,6,1151483881,30,1151492073,0,8170,12.9946,8148,2,0xaf8333480d,965,7436,0,22,142357,8170,12.9946,8148,22,142284
4499000,8192,30,24,6,1151737834,30,1151746026,0,8163,12.9929,8134,2,0xa88d3a10f4,947,7428,0,29,142386,8163,12.9929,8134,29,142313
4500000,8192,30,24,6,1151999970,30,1152008162,0,8159,12.9919,8126,2,0x0b53d93cd9,0,9,0,33,142419,8159,12.9919,8126,33,142346
4501000,8192,30,24,6,1152253928,30,1152262120,0,8160,12.9922,8128,2,0xa8ed82dc4b,979,7397,0,32,142451,8160,12.9922,8128,32,142378
4502000,8192,30,24,6,1152507881,30,1152516073,0,8153,12.9904,8115,3,0xfec3dcea64,935,7416,0,38,142489,8153,12.9904,8115,38,142416
4503000,8192,30,24,6,1152761834,30,1152770026,0,8166,12.9937,8140,2,0xb159c18508,976,7443,0,26,142515,8166,12.9937,8140,26,142442
4504000,8192,30,24,6,1153023970,30,1153032162,0,8153,12.9905,8114,2,0x048a508abc,3,9,0,39,142554,8153,12.9905,8114,39,142481
4505000,8192,30,24,6,1153277928,30,1153286120,0,8166,12.9937,8140,2,0xeab7b31564,989,7420,0,26,142580,8166,12.9937,8140,26,142507
4506000,8192,30,24,6,1153531881,30,1153540073,0,8165,12.9934,8138,2,0xf187053c3d,984,7371,0,27,142607,8165,12.9934,8138,27,142534
4507000,8192,30,24,6,1153785834,30,1153794026,0,8159,12.9919,8126,2,0x5de6b0aefd,992,7392,0,33,142640,8159,12.9919,8126,33,142567
4508000,8192,30,24,6,1154047970,30,1154056162,0,8156,12.9912,8120,2,0x8178c374a0,1,9,0,36,142676,8156,12.9912,8120,36,142603
4509000,8192,30,24,6,1154301928,30,1154310120,0,8162,12.9927,8132,2,0xd414c73438,956,7425,0,30,142706,8162,12.9927,8132,30,142633
4510000,8192,30,24,6,1154555881,30,1154564073,0,8156,12.9912,8120,2,0x1c4eaf092e,991,7425,0,36,142742,8156,12.9912,8120,36,142669
4511000,8192,30,24,6,1154809834,30,1154818026,0,8160,12.9922,8128,2,0x18d33fce76,1011,7433,0,32,142774,8160,12.9922,8128,32,142701
4512000,8192,30,24,6,1155071970,30,1155080162,0,8164,12.9932,8136,2,0x0969389a24,2,9,0,28,142802,8164,12.9932,8136,28,142729
4513000,8192,30,24,6,1155325928,30,1155334120,0,8157,12.9915,8122,2,0x91f9cf3cd1,962,7410,0,35,142837,8157,12.9915,8122,35,142764
4514000,8192,30,24,6,1155579881,30,1155588073,0,8153,12.9905,8114,2,0xd818937aff,1019,7439,0,39,142876,8153,12.9905,8114,39,142803
4515000,8192,30,24,6,1155833834,30,1155842026,0,8144,12.9882,8097,3,0x5d7992548d,983,7421,0,47,142923,8144,12.9882,8097,47,142850
4516000,8192,30,24,6,1156095970,30,1156104162,0,8174,12.9956,8156,2,0xeb6763c3e9,1,8,0,18,142941,8174,12.9956,8156,18,142868
4517000,8192,30,24,6,1156349928,30,1156358120,0,8164,12.9932,8136,2,0x589a666706,956,7400,0,28,142969,8164,12.9932,8136,28,142896
4518000,8192,30,24,6,1156603881,30,1156612073,0,8158,12.9917,8124,2,0xdcdb0623b8,951,7422,0,34,143003,8158,12.9917,8124,34,142930
4519000,8192,30,24,6,1156857834,30,1156866026,0,8158,12.9917,8124,2,0x7cedbcd4c9,944,7462,0,34,143037,8158,12.9917,8124,34,142964
4520000,8192,30,24,6,1157119970,30,1157128162,0,8167,12.9939,8142,2,0x1a7dc9ed19,1,9,0,25,143062,8167,12.9939,8142,25,142989
4521000,8192,30,24,6,1157373928,30,1157382120,0,8155,12.9910,8118,2,0x9002e823f1,973,7376,0,37,143099,8155,12.9910,8118,37,143026
4522000,8192,30,24,6,1157627881,30,1157636073,0,8166,12.9937,8140,2,0x43106f1fc4,972,7397,0,26,143125,8166,12.9937,8140,26,143052
4523000,8192,30,24,6,1157881834,30,1157890026,0,8169,12.9944,8146,2,0x60ce267177,972,7459,0,23,143148,8169,12.9944,8146,23,143075
4524000,8192,30,24,6,1158143970,30,1158152162,0,8160,12.9922,8128,2,0x0441331fd6,2,7,0,32,143180,8160,12.9922,8128,32,143107
4525000,8192,30,24,6,1158397928,30,1158406120,0,8170,12.9946,8148,2,0x8295a33f08,968,7457,0,22,143202,8170,12.9946,8148,22,143129
4526000,8192,30,24,6,1158651881,30,1158660073,0,8168,12.9941,8144,2,0xfda07017e3,961,7396,0,24,143226,8168,12.9941,8144,24,143153
4527000,8192,30,24,6,1158905834,30,1158914026,0,8162,12.9927,8132,2,0x21ec7143ea,942,7414,0,30,143256,8162,12.9927,8132,30,143183
4528000,8192,30,24,6,1159167970,30,1159176162,0,8154,12.9907,8116,2,0x963717798c,0,9,0,38,143294,8154,12.9907,8116,38,143221
4529000,8192,30,24,6,1159421928,30,1159430120,0,8156,12.9912,8120,2,0x7e5481ddd6,1003,7456,0,36,143330,8156,12.9912,8120,36,143257
4530000,8192,30,24,6,1159675881,30,1159684073,0,8150,12.9897,8108,2,0x6491fe02e1,1005,7401,0,42,143372,8150,12.9897,8108,42,143299
4531000,8192,30,24,6,1159929834,30,1159938026,0,8163,12.9929,8134,2,0xfd65cc6305,986,7395,0,29,143401,8164,12.9932,8136,28,143327
4532000,8192,30,24,6,1160191970,30,1160200162,0,8165,12.9934,8138,2,0xbb2831055d,2,7,0,27,143428,8165,12.9934,8138,27,143354
4533000,8192,30,24,6,1160445928,30,1160454120,0,8146,12.9888,8100,2,0x4809204f4b,1023,7437,0,46,143474,8146,12.9888,8100,46,143400
4534000,8192,30,24,6,1160699881,30,1160708073,0,8158,12.9917,8124,2,0xddfab5de04,928,7434,0,34,143508,8158,12.9917,8124,34,143434
4535000,8192,30,24,6,1160953834,30,1160962026,0,8171,12.9949,8150,2,0x781047901c,994,7427,0,21,143529,8171,12.9949,8150,21,143455
4536000,8192,30,24,6,1161215970,30,1161224162,0,8155,12.9910,8118,2,0x237fd35852,1,8,0,37,143566,8155,12.9910,8118,37,143492
4537000,8192,30,24,6,1161469928,30,1161478120,0,8153,12.9905,8114,2,0x460f436b6c,956,7423,0,39,143605,8153,12.9905,8114,39,143531
4538000,8192,30,24,6,1161723881,30,1161732073,0,8157,12.9915,8122,2,0x8eb48fbf76,1031,7436,0,35,143640,8157,12.9915,8122,35,143566
4539000,8192,30,24,6,1161977834,30,1161986026,0,8163,12.9929,8134,2,0x013ac1a34d,957,7384,0,29,143669,8163,12.9929,8134,29,143595
4540000,8192,30,24,6,1162239970,30,1162248162,0,8158,12.9917,8124,2,0x9c163c562d,1,9,0,34,143703,8158,12.9917,8124,34,143629
4541000,8192,30,24,6,1162493928,30,1162502120,0,8167,12.9939,8142,2,0xbf2832d7dd,928,7484,0,25,143728,8167,12.9939,8142,25,143654
4542000,8192,30,24,6,1162747881,30,1162756073,0,8161,12.9923,8131,3,0x9bdf6b9044,992,7390,0,30,143758,8161,12.9923,8131,30,143684
4543000,8192,30,24,6,1163001834,30,1163010026,0,8165,12.9934,8138,2,0x8b43b444ab,974,7427,0,27,143785,8165,12.9934,8138,27,143711
4544000,8192,30,24,6,1163263970,30,1163272162,0,8170,12.9946,8148,2,0xd5e0f17027,0,8,0,22,143807,8170,12.9946,8148,22,143733
4545000,8192,30,24,6,1163517928,30,1163526120,0,8159,12.9919,8126,2,0xee9485e0c8,974,7472,0,33,143840,8159,12.9919,8126,33,143766
4546000,8192,30,24,6,1163771881,30,1163780073,0,8156,12.9912,8120,2,0x6c5db7cf42,1025,7401,0,36,143876,8156,12.9912,8120,36,143802
4547000,8192,30,24,6,1164025834,30,1164034026,0,8157,12.9915,8122,2,0xb8bff8967e,986,7404,0,35,143911,8157,12.9915,8122,35,143837
4548000,8192,30,24,6,1164287970,30,1164296162,0,8153,12.9905,8114,2,0x4f67a9a280,1,9,0,39,143950,8153,12.9905,8114,39,143876
4549000,8192,30,24,6,1164541928,30,1164550120,0,8171,12.9949,8150,2,0xc162bc9850,1024,7486,0,21,143971,8171,12.9949,8150,21,143897
4550000,8192,30,24,6,1164795881,30,1164804073,0,8154,12.9907,8116,2,0x6601dfd859,936,7434,0,38,144009,8155,12.9910,8118,37,143934
4551000,8192,30,24,6,1165049834,30,1165058026,0,8174,12.9956,8156,2,0x7d41739bc7,982,7423,0,18,144027,8174,12.9956,8156,18,143952
4552000,8192,30,24,6,1165311970,30,1165320162,0,8154,12.9907,8116,2,0xc550b498c6,1,9,0,38,144065,8154,12.9907,8116,38,143990
4553000,8192,30,24,6,1165565928,30,1165574120,0,8151,12.9900,8110,2,0xe28de57492,1031,7380,0,41,144106,8151,12.9900,8110,41,144031
4554000,8192,30,24,6,1165819881,30,1165828073,0,8169,12.9944,8146,2,0xd908c06329,960,7386,0,23,144129,8169,12.9944,8146,23,144054
4555000,8192,30,24,6,1166073834,30,1166082026,0,8161,12.9924,8130,2,0x4649bc7e30,992,7393,0,31,144160,8161,12.9924,8130,31,144085
4556000,8192,30,24,6,1166335970,30,1166344162,0,8163,12.9929,8134,2,0xd363937090,0,9,0,29,144189,8163,12.9929,8134,29,144114
4557000,8192,30,24,6,1166589928,30,1166598120,0,8161,12.9924,8130,2,0x4f69c9e702,1008,7459,0,31,144220,8161,12.9924,8130,31,144145
4558000,8192,30,24,6,1166843881,30,1166852073,0,8164,12.9932,8136,2,0x2e39d2963a,1032,7437,0,28,144248,8164,12.9932,8136,28,144173
4559000,8192,30,24,6,1167097834,30,1167106026,0,8157,12.9915,8122,2,0xa2aee20617,968,7382,0,35,144283,8158,12.9917,8124,34,144207
4560000,8192,30,24,6,1167359970,30,1167368162,0,8159,12.9919,8126,2,0x9cd6783220,0,6,0,33,144316,8159,12.9919,8126,33,144240
4561000,8192,30,24,6,1167613928,30,1167622120,0,8161,12.9924,8130,2,0x3ac3ee43ff,981,7413,0,31,144347,8161,12.9924,8130,31,144271
4562000,8192,30,24,6,1167867881,30,1167876073,0,8159,12.9919,8126,2,0x09bd4a54e6,1016,7401,0,33,144380,8160,12.9922,8128,32,144303
4563000,8192,30,24,6,1168121834,30,1168130026,0,8167,12.9939,8142,2,0xfdfaa69df9,964,7417,0,25,144405,8167,12.9939,8142,25,144328
4564000,8192,30,24,6,1168383970,30,1168392162,0,8164,12.9932,8136,2,0x40fa53b1d1,1,8,0,28,144433,8164,12.9932,8136,28,144356
4565000,8192,30,24,6,1168637928,30,1168646120,0,8167,12.9939,8142,2,0xc639ad883c,941,7433,0,25,144458,8167,12.9939,8142,25,144381
4566000,8192,30,24,6,1168891881,30,1168900073,0,8162,12.9927,8132,2,0xfe35467018,960,7441,0,30,144488,8162,12.9927,8132,30,144411
4567000,8192,30,24,6,1169145834,30,1169154026,0,8166,12.9937,8140,2,0xe7d621a766,952,7463,0,26,144514,8166,12.9937,8140,26,144437
4568000,8192,30,24,6,1169407970,30,1169416162,0,8162,12.9927,8132,2,0x2c786640a9,2,9,0,30,144544,8162,12.9927,8132,30,144467
4569000,8192,30,24,6,1169661928,30,1169670120,0,8152,12.9902,8112,2,0x900c4b1f11,960,7404,0,40,144584,8152,12.9902,8112,40,144507
4570000,8192,30,24,6,1169915881,30,1169924073,0,8151,12.9900,8110,2,0xc14dd4f06c,964,7437,0,41,144625,8151,12.9900,8110,41,144548
4571000,8192,30,24,6,1170169834,30,1170178026,0,8151,12.9900,8110,2,0xf45a3a088c,982,7467,0,41,144666,8151,12.9900,8110,41,144589
4572000,8192,30,24,6,1170431970,30,1170440162,0,8153,12.9905,8114,2,0x579f23caa1,0,9,0,39,144705,8153,12.9905,8114,39,144628
4573000,8192,30,24,6,1170685928,30,1170694120,0,8160,12.9922,8128,2,0x79d0440dd2,976,7439,0,32,144737,8160,12.9922,8128,32,144660
4574000,8192,30,24,6,1170939881,30,1170948073,0,8168,12.9941,8144,2,0xa9802d633a,1021,7428,0,24,144761,8168,12.9941,8144,24,144684
4575000,8192,30,24,6,1171193834,30,1171202026,0,8166,12.9937,8140,2,0x106f0c084d,999,7458,0,26,144787,8166,12.9937,8140,26,144710
4576000,8192,30,24,6,1171455970,30,1171464162,0,8160,12.9922,8128,2,0x63c034b8cc,2,9,0,32,144819,8160,12.9922,8128,32,144742
4577000,8192,30,24,6,1171709928,30,1171718120,0,8168,12.9941,8144,2,0x1108ce15d2,960,7438,0,24,144843,8169,12.9944,8146,23,144765
4578000,8192,30,24,6,1171963881,30,1171972073,0,8152,12.9902,8112,2,0xad530564db,956,7388,0,40,144883,8152,12.9902,8112,40,144805
4579000,8192,30,24,6,1172217834,30,1172226026,0,8159,12.9919,8126,2,0x2c86c00ab9,997,7434,0,33,144916,8159,12.9919,8126,33,144838
4580000,8192,30,24,6,1172479970,30,1172488162,0,8165,12.9934,8138,2,0x93dd1dca20,0,8,0,27,144943,8165,12.9934,8138,27,144865
4581000,8192,30,24,6,1172733928,30,1172742120,0,8163,12.9929,8134,2,0xa272fc26dd,972,7380,0,29,144972,8163,12.9929,8134,29,144894
4582000,8192,30,24,6,1172987881,30,1172996073,0,8147,12.9890,8102,2,0xb41064d851,1033,7445,0,45,145017,8147,12.9890,8102,45,144939
4583000,8192,30,24,6,1173241834,30,1173250026,0,8157,12.9915,8122,2,0xebdbc59ea5,1040,7483,0,35,145052,8157,12.9915,8122,35,144974
4584000,8192,30,24,6,1173503970,30,1173512162,0,8168,12.9941,8144,2,0x09cbe0e72d,1,9,0,24,145076,8168,12.9941,8144,24,144998
4585000,8192,30,24,6,1173757928,30,1173766120,0,8162,12.9927,8132,2,0xdef845714f,928,7408,0,30,145106,8162,12.9927,8132,30,145028
4586000,8192,30,24,6,1174011881,30,1174020073,0,8157,12.9915,8122,2,0xdf91bd5a3c,994,7429,0,35,145141,8157,12.9915,8122,35,145063
4587000,8192,30,24,6,1174265834,30,1174274026,0,8155,12.9910,8118,2,0x85448230aa,995,7485,0,37,145178,8155,12.9910,8118,37,145100
4588000,8192,30,24,6,1174527970,30,1174536162,0,8159,12.9919,8126,2,0xa8abd5cc8c,0,9,0,33,145211,8159,12.9919,8126,33,145133
4589000,8192,30,24,6,1174781928,30,1174790120,0,8158,12.9917,8124,2,0xf0364759c4,993,7414,0,34,145245,8158,12.9917,8124,34,145167
4590000,8192,30,24,6,1175035881,30,1175044073,0,8154,12.9907,8116,2,0x89db3ea920,955,7452,0,38,145283,8154,12.9907,8116,38,145205
4591000,8192,30,24,6,1175289834,30,1175298026,0,8163,12.9929,8134,2,0x0277f26cd9,1042,7379,0,29,145312,8163,12.9929,8134,29,145234
4592000,8192,30,24,6,1175551970,30,1175560162,0,8153,12.9905,8114,2,0xd764ef0d3e,1,8,0,39,145351,8153,12.9905,8114,39,145273
4593000,8192,30,24,6,1175805928,30,1175814120,0,8158,12.9917,8124,2,0xb9d3180bf3,991,7386,0,34,145385,8158,12.9917,8124,34,145307
4594000,8192,30,24,6,1176059881,30,1176068073,0,8172,12.9951,8152,2,0x487844148e,979,7400,0,20,145405,8172,12.9951,8152,20,145327
4595000,8192,30,24,6,1176313834,30,1176322026,0,8152,12.9901,8113,3,0x17c90dfb34,989,7403,0,39,145444,8152,12.9901,8113,39,145366
4596000,8192,30,24,6,1176575970,30,1176584162,0,8162,12.9927,8132,2,0xe76501336e,1,9,0,30,145474,8162,12.9927,8132,30,145396
4597000,8192,30,24,6,1176829928,30,1176838120,0,8161,12.9924,8130,2,0xf8c455d130,979,7422,0,31,145505,8162,12.9927,8132,30,145426
4598000,8192,30,24,6,1177083881,30,1177092073,0,8156,12.9912,8120,2,0xa37d32aa2f,923,7432,0,36,145541,8156,12.9912,8120,36,145462
4599000,8192,30,24,6,1177337834,30,1177346026,0,8165,12.9934,8138,2,0x8eb0dff242,976,7423,0,27,145568,8165,12.9934,8138,27,145489
4600000,8192,30,24,6,1177599970,30,1177608162,0,8158,12.9917,8124,2,0x1a3a8d363b,1,8,0,34,145602,8158,12.9917,8124,34,145523
4601000,8192,30,24,6,1177853928,30,1177862120,0,8161,12.9924,8130,2,0xdee13ebd11,989,7398,0,31,145633,8161,12.9924,8130,31,145554
4602000,8192,30,24,6,1178107881,30,1178116073,0,8164,12.9931,8137,3,0x007abcb7dc,1002,7445,0,27,145660,8164,12.9931,8137,27,145581
4603000,8192,30,24,6,1178361834,30,1178370026,0,8166,12.9937,8140,2,0x2ef64bcc58,967,7406,0,26,145686,8166,12.9937,8140,26,145607
4604000,8192,30,24,6,1178623970,30,1178632162,0,8167,12.9939,8142,2,0x670ec0d44e,0,8,0,25,145711,8167,12.9939,8142,25,145632
4605000,8192,30,24,6,1178877928,30,1178886120,0,8150,12.9897,8108,2,0x2cdf72e768,985,7433,0,42,145753,8150,12.9897,8108,42,145674
4606000,8192,30,24,6,1179131881,30,1179140073,0,8156,12.9912,8120,2,0x66371163d4,1003,7430,0,36,145789,8156,12.9912,8120,36,145710
4607000,8192,30,24,6,1179385834,30,1179394026,0,8149,12.9895,8106,2,0x6fe1604e22,974,7406,0,43,145832,8149,12.9895,8106,43,145753
4608000,8192,30,24,6,1179647970,30,1179656162,0,8162,12.9927,8132,2,0x931fcd64e9,1,9,0,30,145862,8162,12.9927,8132,30,145783
4609000,8192,30,24,6,1179901928,30,1179910120,0,8166,12.9937,8140,2,0x56df5fa70a,956,7385,0,26,145888,8166,12.9937,8140,26,145809
4610000,8192,30,24,6,1180155881,30,1180164073,0,8154,12.9907,8116,2,0xa5e0a9a382,1051,7407,0,38,145926,8154,12.9907,8116,38,145847
4611000,8192,30,24,6,1180409834,30,1180418026,0,8165,12.9934,8138,2,0x1a8fe60a29,989,7387,0,27,145953,8165,12.9934,8138,27,145874
4612000,8192,30,24,6,1180671970,30,1180680162,0,8151,12.9900,8110,2,0x76f753e759,0,8,0,41,145994,8151,12.9900,8110,41,145915
4613000,8192,30,24,6,1180925928,30,1180934120,0,8160,12.9922,8128,2,0xa2c6af8c0f,933,7415,0,32,146026,8160,12.9922,8128,32,145947
4614000,8192,30,24,6,1181179881,30,1181188073,0,8162,12.9927,8132,2,0x1bf75d518a,960,7369,0,30,146056,8162,12.9927,8132,30,145977
4615000,8192,30,24,6,1181433834,30,1181442026,0,8163,12.9928,8135,3,0x6d0738d05c,915,7347,0,28,146084,8163,12.9928,8135,28,146005
4616000,8192,30,24,6,1181695970,30,1181704162,0,8152,12.9902,8112,2,0x9391375f72,1,9,0,40,146124,8152,12.9902,8112,40,146045
4617000,8192,30,24,6,1181949928,30,1181958120,0,8162,12.9927,8132,2,0xd0d5a5dbce,970,7449,0,30,146154,8162,12.9927,8132,30,146075
4618000,8192,30,24,6,1182203881,30,1182212073,0,8168,12.9941,8144,2,0x82a1ec0581,1018,7418,0,24,146178,8168,12.9941,8144,24,146099
4619000,8192,30,24,6,1182457834,30,1182466026,0,8163,12.9929,8134,2,0x91a50f04f2,957,7397,0,29,146207,8163,12.9929,8134,29,146128
4620000,8192,30,24,6,1182719970,30,1182728162,0,8157,12.9915,8122,2,0x02d45fe320,1,7,0,35,146242,8157,12.9915,8122,35,146163
4621000,8192,30,24,6,1182973928,30,1182982120,0,8153,12.9904,8115,3,0xcfd2d8a148,931,7393,0,38,146280,8153,12.9904,8115,38,146201
4622000,8192,30,24,6,1183227881,30,1183236073,0,8162,12.9927,8132,2,0x03ffb59fe2,1013,7437,0,30,146310,8162,12.9927,8132,30,146231
4623000,8192,30,24,6,1183481834,30,1183490026,0,8154,12.9907,8116,2,0x1d7c5230a9,957,7412,0,38,146348,8154,12.9907,8116,38,146269
4624000,8192,30,24,6,1183743970,30,1183752162,0,8149,12.9895,8106,2,0x6bc27ae337,0,8,0,43,146391,8149,12.9895,8106,43,146312
4625000,8192,30,24,6,1183997928,30,1184006120,0,8164,12.9932,8136,2,0xb76f85050e,1021,7421,0,28,146419,8164,12.9932,8136,28,146340
4626000,8192,30,24,6,1184251881,30,1184260073,0,8159,12.9919,8126,2,0x90acd4664a,1027,7452,0,33,146452,8159,12.9919,8126,33,146373
4627000,8192,30,24,6,1184505834,30,1184514026,0,8165,12.9934,8138,2,0x8c71c7efc6,983,7412,0,27,146479,8165,12.9934,8138,27,146400
4628000,8192,30,24,6,1184767970,30,1184776162,0,8146,12.9888,8100,2,0xf477523d3f,1,8,0,46,146525,8146,12.9888,8100,46,146446
4629000,8192,30,24,6,1185021928,30,1185030120,0,8157,12.9915,8122,2,0x1bc2657159,1015,7381,0,35,146560,8157,12.9915,8122,35,146481
4630000,8192,30,24,6,1185275881,30,1185284073,0,8156,12.9912,8120,2,0x31cb7a3519,958,7427,0,36,146596,8157,12.9915,8122,35,146516
4631000,8192,30,24,6,1185529834,30,1185538026,0,8163,12.9929,8134,2,0xdf28b6c477,968,7381,0,29,146625,8163,12.9929,8134,29,146545
4632000,8192,30,24,6,1185791970,30,1185800162,0,8166,12.9937,8140,2,0xbb4986eebf,2,9,0,26,146651,8166,12.9937,8140,26,146571
4633000,8192,30,24,6,1186045928,30,1186054120,0,8156,12.9912,8120,2,0xe6328e63ed,1016,7422,0,36,146687,8156,12.9912,8120,36,146607
4634000,8192,30,24,6,1186299881,30,1186308073,0,8154,12.9906,8117,3,0x9813079e8f,984,7441,0,37,146724,8154,12.9906,8117,37,146644
4635000,8192,30,24,6,1186553834,30,1186562026,0,8159,12.9919,8126,2,0xf31ad9efdf,978,7388,0,33,146757,8159,12.9919,8126,33,146677
4636000,8192,30,24,6,1186815970,30,1186824162,0,8143,12.9880,8094,2,0x4fd03df672,4,8,0,49,146806,8143,12.9880,8094,49,146726
4637000,8192,30,24,6,1187069928,30,1187078120,0,8156,12.9912,8120,2,0x0abdd08960,969,7450,0,36,146842,8156,12.9912,8120,36,146762
4638000,8192,30,24,6,1187323881,30,1187332073,0,8158,12.9916,8125,3,0x49d3193425,973,7431,0,33,146875,8158,12.9916,8125,33,146795
4639000,8192,30,24,6,1187577834,30,1187586026,0,8165,12.9934,8138,2,0x2cd386a4a1,960,7446,0,27,146902,8165,12.9934,8138,27,146822
4640000,8192,30,24,6,1187839970,30,1187848162,0,8155,12.9910,8118,2,0x7adb9c32d0,3,8,0,37,146939,8155,12.9910,8118,37,146859
4641000,8192,30,24,6,1188093928,30,1188102120,0,8162,12.9927,8132,2,0x06479e422b,962,7378,0,30,146969,8162,12.9927,8132,30,146889
4642000,8192,30,24,6,1188347881,30,1188356073,0,8162,12.9927,8132,2,0x723b3ea0ff,979,7450,0,30,146999,8162,12.9927,8132,30,146919
4643000,8192,30,24,6,1188601834,30,1188610026,0,8166,12.9937,8140,2,0xfe9e819879,970,7388,0,26,147025,8166,12.9937,8140,26,146945
4644000,8192,30,24,6,1188863970,30,1188872162,0,8167,12.9939,8142,2,0x0249ee702f,2,9,0,25,147050,8167,12.9939,8142,25,146970
4645000,8192,30,24,6,1189117928,30,1189126120,0,8161,12.9924,8130,2,0x63fd275222,992,7383,0,31,147081,8161,12.9924,8130,31,147001
4646000,8192,30,24,6,1189371881,30,1189380073,0,8151,12.9900,8110,2,0xd96a763c11,978,7406,0,41,147122,8151,12.9900,8110,41,147042
4647000,8192,30,24,6,1189625834,30,1189634026,0,8161,12.9924,8130,2,0x91ac0607d0,999,7398,0,31,147153,8161,12.9924,8130,31,147073
4648000,8192,30,24,6,1189887970,30,1189896162,0,8151,12.9900,8110,2,0x6f62332597,1,9,0,41,147194,8151,12.9900,8110,41,147114
4649000,8192,30,24,6,1190141928,30,1190150120,0,8162,12.9927,8132,2,0xcbddfdd54a,986,7391,0,30,147224,8162,12.9927,8132,30,147144
4650000,8192,30,24,6,1190395881,30,1190404073,0,8159,12.9919,8127,3,0x96a2744091,1017,7446,0,32,147256,8159,12.9919,8127,32,147176
4651000,8192,30,24,6,1190649834,30,1190658026,0,8155,12.9910,8118,2,0xfcb86956f8,934,7431,0,37,147293,8155,12.9910,8118,37,147213
4652000,8192,30,24,6,1190911970,30,1190920162,0,8162,12.9927,8132,2,0x74574f0da5,0,9,0,30,147323,8162,12.9927,8132,30,147243
4653000,8192,30,24,6,1191165928,30,1191174120,0,8165,12.9934,8138,2,0x6c105cd612,991,7394,0,27,147350,8165,12.9934,8138,27,147270
4654000,8192,30,24,6,1191419881,30,1191428073,0,8167,12.9939,8142,2,0xa6db7501c7,956,7450,0,25,147375,8167,12.9939,8142,25,147295
4655000,8192,30,24,6,1191673834,30,1191682026,0,8148,12.9893,8104,2,0x410a48c7c0,1021,7426,0,44,147419,8148,12.9893,8104,44,147339
4656000,8192,30,24,6,1191935970,30,1191944162,0,8155,12.9910,8118,2,0x6f8d2ec337,3,6,0,37,147456,8155,12.9910,8118,37,147376
4657000,8192,30,24,6,1192189928,30,1192198120,0,8153,12.9905,8114,2,0x8b72e875b7,1013,7402,0,39,147495,8154,12.9907,8116,38,147414
4658000,8192,30,24,6,1192443881,30,1192452073,0,8163,12.9929,8134,2,0xcb70b4c17d,990,7401,0,29,147524,8163,12.9929,8134,29,147443
4659000,8192,30,24,6,1192697834,30,1192706026,0,8161,12.9924,8130,2,0xe30396db52,971,7447,0,31,147555,8161,12.9924,8130,31,147474
4660000,8192,30,24,6,1192959970,30,1192968162,0,8157,12.9915,8122,2,0x3da68d3bbf,0,9,0,35,147590,8157,12.9915,8122,35,147509
4661000,8192,30,24,6,1193213928,30,1193222120,0,8163,12.9929,8134,2,0x57c21bac99,1025,7451,0,29,147619,8163,12.9929,8134,29,147538
4662000,8192,30,24,6,1193467881,30,1193476073,0,8161,12.9924,8130,2,0xce8626c590,1021,7431,0,31,147650,8161,12.9924,8130,31,147569
4663000,8192,30,24,6,1193721834,30,1193730026,0,8161,12.9924,8130,2,0x6cb3636f74,997,7434,0,31,147681,8161,12.9924,8130,31,147600
4664000,8192,30,24,6,1193983970,30,1193992162,0,8162,12.9927,8132,2,0x0c8bc92bb5,1,8,0,30,147711,8162,12.9927,8132,30,147630
4665000,8192,30,24,6,1194237928,30,1194246120,0,8162,12.9927,8132,2,0x20b9b64226,984,7366,0,30,147741,8162,12.9927,8132,30,147660
4666000,8192,30,24,6,1194491881,30,1194500073,0,8163,12.9929,8134,2,0x384baf3991,1038,7378,0,29,147770,8163,12.9929,8134,29,147689
4667000,8192,30,24,6,1194745834,30,1194754026,0,8154,12.9907,8116,2,0x4b6be7ab46,1014,7430,0,38,147808,8154,12.9907,8116,38,147727
4668000,8192,30,24,6,1195007970,30,1195016162,0,8163,12.9928,8135,3,0x2ce17e9cf2,3,8,0,28,147836,8163,12.9928,8135,28,147755
4669000,8192,30,24,6,1195261928,30,1195270120,0,8156,12.9912,8120,2,0x43b812a07f,963,7402,0,36,147872,8156,12.9912,8120,36,147791
4670000,8192,30,24,6,1195515881,30,1195524073,0,8169,12.9944,8146,2,0xe6ade21989,983,7413,0,23,147895,8169,12.9944,8146,23,147814
4671000,8192,30,24,6,1195769834,30,1195778026,0,8160,12.9922,8128,2,0xe687792d34,987,7439,0,32,147927,8160,12.9922,8128,32,147846
4672000,8192,30,24,6,1196031970,30,1196040162,0,8160,12.9922,8128,2,0x2e2e12872e,1,8,0,32,147959,8160,12.9922,8128,32,147878
4673000,8192,30,24,6,1196285928,30,1196294120,0,8150,12.9897,8108,2,0xc239607ac9,945,7405,0,42,148001,8150,12.9897,8108,42,147920
4674000,8192,30,24,6,1196539881,30,1196548073,0,8174,12.9956,8156,2,0x2bed08f8f7,938,7419,0,18,148019,8174,12.9956,8156,18,147938
4675000,8192,30,24,6,1196793834,30,1196802026,0,8152,12.9902,8112,2,0xc28f538c8e,1032,7431,0,40,148059,8152,12.9902,8112,40,147978
4676000,8192,30,24,6,1197055970,30,1197064162,0,8166,12.9937,8140,2,0xc426d552df,1,9,0,26,148085,8166,12.9937,8140,26,148004
4677000,8192,30,24,6,1197309928,30,1197318120,0,8161,12.9924,8130,2,0xff2ef31e38,1005,7452,0,31,148116,8161,12.9924,8130,31,148035
4678000,8192,30,24,6,1197563881,30,1197572073,0,8156,12.9912,8120,2,0xdc5576e683,941,7365,0,36,148152,8156,12.9912,8120,36,148071
4679000,8192,30,24,6,1197817834,30,1197826026,0,8161,12.9924,8130,2,0x6ed8bc5162,989,7442,0,31,148183,8161,12.9924,8130,31,148102
4680000,8192,30,24,6,1198079970,30,1198088162,0,8154,12.9907,8116,2,0xdac55dbb9e,1,8,0,38,148221,8154,12.9907,8116,38,148140
4681000,8192,30,24,6,1198333928,30,1198342120,0,8166,12.9937,8140,2,0x1cf3ea2d33,971,7381,0,26,148247,8166,12.9937,8140,26,148166
4682000,8192,30,24,6,1198587881,30,1198596073,0,8161,12.9924,8130,2,0xee9dfa0329,958,7420,0,31,148278,8161,12.9924,8130,31,148197
4683000,8192,30,24,6,1198841834,30,1198850026,0,8171,12.9949,8150,2,0xbb1ba3cae4,985,7407,0,21,148299,8171,12.9949,8150,21,148218
4684000,8192,30,24,6,1199103970,30,1199112162,0,8153,12.9905,8114,2,0xb0b18e83dc,0,9,0,39,148338,8153,12.9905,8114,39,148257
4685000,8192,30,24,6,1199357928,30,1199366120,0,8156,12.9912,8120,2,0xe35987d53f,982,7430,0,36,148374,8156,12.9912,8120,36,148293
4686000,8192,30,24,6,1199611881,30,1199620073,0,8167,12.9939,8142,2,0x3321a3ba4f,966,7439,0,25,148399,8167,12.9939,8142,25,148318
4687000,8192,30,24,6,1199865834,30,1199874026,0,8158,12.9917,8124,2,0x782ebf4317,989,7474,0,34,148433,8158,12.9917,8124,34,148352
4688000,8192,30,24,6,1200127970,30,1200136162,0,8158,12.9917,8124,2,0x1283d885ee,1,7,0,34,148467,8158,12.9917,8124,34,148386
4689000,8192,30,24,6,1200381928,30,1200390120,0,8158,12.9917,8124,2,0x6ec21f6b15,980,7409,0,34,148501,8159,12.9919,8126,33,148419
4690000,8192,30,24,6,1200635881,30,1200644073,0,8158,12.9917,8124,2,0x249233dc7d,995,7401,0,34,148535,8158,12.9917,8124,34,148453
4691000,8192,30,24,6,1200889834,30,1200898026,0,8166,12.9937,8140,2,0x65df997ca0,986,7482,0,26,148561,8166,12.9937,8140,26,148479
4692000,8192,30,24,6,1201151970,30,1201160162,0,8154,12.9906,8117,3,0xd84327dfc4,1,9,0,37,148598,8154,12.9906,8117,37,148516
4693000,8192,30,24,6,1201405928,30,1201414120,0,8164,12.9932,8136,2,0x3dc6422fd6,1019,7416,0,28,148626,8164,12.9932,8136,28,148544
4694000,8192,30,24,6,1201659881,30,1201668073,0,8167,12.9939,8142,2,0x2c19b51888,1034,7445,0,25,148651,8167,12.9939,8142,25,148569
4695000,8192,30,24,6,1201913834,30,1201922026,0,8159,12.9919,8126,2,0x2da70ac4b7,1023,7399,0,33,148684,8159,12.9919,8126,33,148602
4696000,8192,30,24,6,1202175970,30,1202184162,0,8167,12.9939,8142,2,0x2b9b901e63,0,8,0,25,148709,8167,12.9939,8142,25,148627
4697000,8192,30,24,6,1202429928,30,1202438120,0,8164,12.9932,8136,2,0x68115c5812,1010,7460,0,28,148737,8164,12.9932,8136,28,148655
4698000,8192,30,24,6,1202683881,30,1202692073,0,8169,12.9944,8146,2,0x82a8d74ac8,965,7447,0,23,148760,8169,12.9944,8146,23,148678
4699000,8192,30,24,6,1202937834,30,1202946026,0,8152,12.9902,8112,2,0xc84ee44b96,1006,7437,0,40,148800,8152,12.9902,8112,40,148718
4700000,8192,30,24,6,1203199970,30,1203208162,0,8162,12.9927,8132,2,0x7b0177d4a9,0,9,0,30,148830,8162,12.9927,8132,30,148748
4701000,8192,30,24,6,1203453928,30,1203462120,0,8164,12.9932,8136,2,0xc5ec73915b,948,7447,0,28,148858,8164,12.9932,8136,28,148776
4702000,8192,30,24,6,1203707881,30,1203716073,0,8167,12.9939,8142,2,0xba70977934,978,7419,0,25,148883,8167,12.9939,8142,25,148801
4703000,8192,30,24,6,1203961834,30,1203970026,0,8158,12.9917,8124,2,0x026ae15516,962,7409,0,34,148917,8158,12.9917,8124,34,148835
4704000,8192,30,24,6,1204223970,30,1204232162,0,8156,12.9912,8120,2,0xcadd199714,2,8,0,36,148953,8156,12.9912,8120,36,148871
4705000,8192,30,24,6,1204477928,30,1204486120,0,8152,12.9902,8112,2,0x7c88f2e054,919,7440,0,40,148993,8152,12.9902,8112,40,148911
4706000,8192,30,24,6,1204731881,30,1204740073,0,8152,12.9902,8112,2,0xbf1455fe01,951,7389,0,40,149033,8153,12.9905,8114,39,148950
4707000,8192,30,24,6,1204985834,30,1204994026,0,8157,12.9915,8122,2,0xa06d075193,1026,7401,0,35,149068,8157,12.9915,8122,35,148985
4708000,8192,30,24,6,1205247970,30,1205256162,0,8168,12.9941,8144,2,0xba053989fa,1,8,0,24,149092,8168,12.9941,8144,24,149009
4709000,8192,30,24,6,1205501928,30,1205510120,0,8159,12.9919,8126,2,0x22dc266b3b,954,7365,0,33,149125,8159,12.9919,8126,33,149042
4710000,8192,30,24,6,1205755881,30,1205764073,0,8163,12.9929,8134,2,0x23f3543611,993,7404,0,29,149154,8163,12.9929,8134,29,149071
4711000,8192,30,24,6,1206009834,30,1206018026,0,8160,12.9922,8128,2,0x2054cc49c5,985,7450,0,32,149186,8160,12.9922,8128,32,149103
4712000,8192,30,24,6,1206271970,30,1206280162,0,8156,12.9912,8120,2,0xfddba2b629,3,7,0,36,149222,8156,12.9912,8120,36,149139
4713000,8192,30,24,6,1206525928,30,1206534120,0,8165,12.9934,8138,2,0x204c502b65,953,7463,0,27,149249,8165,12.9934,8138,27,149166
4714000,8192,30,24,6,1206779881,30,1206788073,0,8166,12.9936,8141,3,0xa004726977,954,7457,0,25,149274,8166,12.9936,8141,25,149191
4715000,8192,30,24,6,1207033834,30,1207042026,0,8163,12.9929,8134,2,0x98c310ff0c,963,7419,0,29,149303,8163,12.9929,8134,29,149220
4716000,8192,30,24,6,1207295970,30,1207304162,0,8154,12.9907,8116,2,0x070758168c,1,8,0,38,149341,8154,12.9907,8116,38,149258
4717000,8192,30,24,6,1207549928,30,1207558120,0,8166,12.9937,8140,2,0xa313763f87,962,7443,0,26,149367,8166,12.9937,8140,26,149284
4718000,8192,30,24,6,1207803881,30,1207812073,0,8147,12.9890,8102,2,0x0b8307ee1a,999,7384,0,45,149412,8147,12.9890,8102,45,149329
4719000,8192,30,24,6,1208057834,30,1208066026,0,8155,12.9910,8118,2,0x1e6612dd4e,970,7373,0,37,149449,8155,12.9910,8118,37,149366
4720000,8192,30,24,6,1208319970,30,1208328162,0,8162,12.9927,8132,2,0xc62024706a,0,8,0,30,149479,8162,12.9927,8132,30,149396
4721000,8192,30,24,6,1208573928,30,1208582120,0,8164,12.9932,8136,2,0x088e6db3c0,962,7408,0,28,149507,8164,12.9932,8136,28,149424
4722000,8192,30,24,6,1208827881,30,1208836073,0,8143,12.9880,8094,2,0x1fd0ed086c,1046,7405,0,49,149556,8143,12.9880,8094,49,149473
4723000,8192,30,24,6,1209081834,30,1209090026,0,8161,12.9924,8130,2,0xc7b9132843,977,7417,0,31,149587,8161,12.9924,8130,31,149504
4724000,8192,30,24,6,1209343970,30,1209352162,0,8161,12.9924,8130,2,0x094f91800d,0,8,0,31,149618,8161,12.9924,8130,31,149535
4725000,8192,30,24,6,1209597928,30,1209606120,0,8165,12.9932,8140,3,0x40ce3b2be8,986,7433,0,25,149643,8166,12.9936,8141,25,149560
4726000,8192,30,24,6,1209851881,30,1209860073,0,8157,12.9915,8122,2,0x05ae5913c6,974,7387,0,35,149678,8157,12.9915,8122,35,149595
4727000,8192,30,24,6,1210105834,30,1210114026,0,8163,12.9929,8134,2,0xb64254f67a,996,7440,0,29,149707,8163,12.9929,8134,29,149624
4728000,8192,30,24,6,1210367970,30,1210376162,0,8145,12.9885,8098,2,0x205d2b799a,2,8,0,47,149754,8145,12.9885,8098,47,149671
4729000,8192,30,24,6,1210621928,30,1210630120,0,8162,12.9927,8132,2,0x4665c9d98f,983,7401,0,30,149784,8162,12.9927,8132,30,149701
4730000,8192,30,24,6,1210875881,30,1210884073,0,8155,12.9910,8118,2,0x1307f74a4f,970,7404,0,37,149821,8155,12.9910,8118,37,149738
4731000,8192,30,24,6,1211129834,30,1211138026,0,8156,12.9912,8120,2,0x61b5c2cf0c,1001,7449,0,36,149857,8156,12.9912,8120,36,149774
4732000,8192,30,24,6,1211391970,30,1211400162,0,8153,12.9905,8114,2,0x2ca12fff57,1,7,0,39,149896,8153,12.9905,8114,39,149813
4733000,8192,30,24,6,1211645928,30,1211654120,0,8163,12.9929,8134,2,0x57c59814ab,959,7394,0,29,149925,8163,12.9929,8134,29,149842
4734000,8192,30,24,6,1211899881,30,1211908073,0,8156,12.9912,8120,2,0xbb82ac284f,978,7419,0,36,149961,8156,12.9912,8120,36,149878
4735000,8192,30,24,6,1212153834,30,1212162026,0,8164,12.9932,8136,2,0xeee86b586c,980,7391,0,28,149989,8164,12.9932,8136,28,149906
4736000,8192,30,24,6,1212415970,30,1212424162,0,8155,12.9910,8118,2,0xc101991b24,2,8,0,37,150026,8155,12.9910,8118,37,149943
4737000,8192,30,24,6,1212669928,30,1212678120,0,8155,12.9910,8118,2,0x20ab30c82b,974,7388,0,37,150063,8156,12.9912,8120,36,149979
4738000,8192,30,24,6,1212923881,30,1212932073,0,8169,12.9944,8146,2,0x18fb8ab908,970,7406,0,23,150086,8169,12.9944,8146,23,150002
4739000,8192,30,24,6,1213177834,30,1213186026,0,8161,12.9924,8130,2,0xf14614ea86,955,7386,0,31,150117,8161,12.9924,8130,31,150033
4740000,8192,30,24,6,1213439970,30,1213448162,0,8157,12.9915,8122,2,0x563249147a,0,9,0,35,150152,8157,12.9915,8122,35,150068
4741000,8192,30,24,6,1213693928,30,1213702120,0,8158,12.9917,8124,2,0x9174a43ca4,971,7391,0,34,150186,8158,12.9917,8124,34,150102
4742000,8192,30,24,6,1213947881,30,1213956073,0,8156,12.9912,8120,2,0x22fa80f57c,921,7461,0,36,150222,8156,12.9912,8120,36,150138
4743000,8192,30,24,6,1214201834,30,1214210026,0,8163,12.9929,8134,2,0xdf9bc4237e,1034,7407,0,29,150251,8163,12.9929,8134,29,150167
4744000,8192,30,24,6,1214463970,30,1214472162,0,8150,12.9897,8108,2,0x8c41f7c5a5,2,8,0,42,150293,8150,12.9897,8108,42,150209
4745000,8192,30,24,6,1214717928,30,1214726120,0,8151,12.9900,8110,2,0xfd4edf5dd9,953,7448,0,41,150334,8151,12.9900,8110,41,150250
4746000,8192,30,24,6,1214971881,30,1214980073,0,8169,12.9944,8146,2,0xed9c897e87,960,7438,0,23,150357,8169,12.9944,8146,23,150273
4747000,8192,30,24,6,1215225834,30,1215234026,0,8150,12.9897,8108,2,0x6f40e08d9b,979,7385,0,42,150399,8150,12.9897,8108,42,150315
4748000,8192,30,24,6,1215487970,30,1215496162,0,8155,12.9909,8119,3,0xdb22a46c00,0,8,0,36,150435,8155,12.9909,8119,36,150351
4749000,8192,30,24,6,1215741928,30,1215750120,0,8158,12.9917,8124,2,0x77bafe3c4e,997,7422,0,34,150469,8158,12.9917,8124,34,150385
4750000,8192,30,24,6,1215995881,30,1216004073,0,8164,12.9932,8136,2,0x7a2755c661,1010,7423,0,28,150497,8164,12.9932,8136,28,150413
4751000,8192,30,24,6,1216249834,30,1216258026,0,8149,12.9894,8107,3,0x50e733ba78,987,7384,0,42,150539,8150,12.9897,8109,41,150454
4752000,8192,30,24,6,1216511970,30,1216520162,0,8159,12.9919,8126,2,0xf8fc4570eb,1,9,0,33,150572,8159,12.9919,8126,33,150487
4753000,8192,30,24,6,1216765928,30,1216774120,0,8158,12.9917,8124,2,0xa6ae963da1,968,7363,0,34,150606,8158,12.9917,8124,34,150521
4754000,8192,30,24,6,1217019881,30,1217028073,0,8154,12.9907,8116,2,0x922516baf6,960,7481,0,38,150644,8154,12.9907,8116,38,150559
4755000,8192,30,24,6,1217273834,30,1217282026,0,8150,12.9897,8108,2,0x8d3f7b2ae4,1008,7443,0,42,150686,8150,12.9897,8108,42,150601
4756000,8192,30,24,6,1217535970,30,1217544162,0,8164,12.9932,8136,2,0x8568dabd09,0,9,0,28,150714,8164,12.9932,8136,28,150629
4757000,8192,30,24,6,1217789928,30,1217798120,0,8157,12.9915,8122,2,0x81aa8ea7cc,925,7447,0,35,150749,8157,12.9915,8122,35,150664
4758000,8192,30,24,6,1218043881,30,1218052073,0,8166,12.9937,8140,2,0x61147dbab0,961,7388,0,26,150775,8166,12.9937,8140,26,150690
4759000,8192,30,24,6,1218297834,30,1218306026,0,8155,12.9910,8118,2,0xda9e8df75d,992,7382,0,37,150812,8155,12.9910,8118,37,150727
4760000,8192,30,24,6,1218559970,30,1218568162,0,8158,12.9917,8124,2,0xc8b4874c58,1,7,0,34,150846,8158,12.9917,8124,34,150761
4761000,8192,30,24,6,1218813928,30,1218822120,0,8164,12.9932,8136,2,0x1cb9106bd9,997,7397,0,28,150874,8164,12.9932,8136,28,150789
4762000,8192,30,24,6,1219067881,30,1219076073,0,8156,12.9912,8120,2,0x072b35ffa9,1013,7452,0,36,150910,8156,12.9912,8120,36,150825
4763000,8192,30,24,6,1219321834,30,1219330026,0,8159,12.9919,8126,2,0x2b77e38a2f,970,7438,0,33,150943,8159,12.9919,8126,33,150858
4764000,8192,30,24,6,1219583970,30,1219592162,0,8165,12.9934,8138,2,0xf8ca928824,2,8,0,27,150970,8165,12.9934,8138,27,150885
4765000,8192,30,24,6,1219837928,30,1219846120,0,8157,12.9915,8122,2,0xb69a36b2bb,964,7403,0,35,151005,8157,12.9915,8122,35,150920
4766000,8192,30,24,6,1220091881,30,1220100073,0,8158,12.9917,8124,2,0xe59e88ca8e,984,7407,0,34,151039,8158,12.9917,8124,34,150954
4767000,8192,30,24,6,1220345834,30,1220354026,0,8166,12.9937,8140,2,0xb40617d2b0,997,7445,0,26,151065,8166,12.9937,8140,26,150980
4768000,8192,30,24,6,1220607970,30,1220616162,0,8161,12.9924,8130,2,0x16dcb72acc,0,9,0,31,151096,8161,12.9924,8130,31,151011
4769000,8192,30,24,6,1220861928,30,1220870120,0,8157,12.9915,8122,2,0xf852b0c0e7,998,7444,0,35,151131,8157,12.9915,8122,35,151046
4770000,8192,30,24,6,1221115881,30,1221124073,0,8146,12.9888,8100,2,0xd126432e6a,1016,7418,0,46,151177,8146,12.9888,8100,46,151092
4771000,8192,30,24,6,1221369834,30,1221378026,0,8157,12.9914,8123,3,0xec81c6a8db,994,7436,0,34,151211,8157,12.9914,8123,34,151126
4772000,8192,30,24,6,1221631970,30,1221640162,0,8163,12.9929,8134,2,0xb7b08b297d,2,8,0,29,151240,8163,12.9929,8134,29,151155
4773000,8192,30,24,6,1221885928,30,1221894120,0,8156,12.9912,8120,2,0x385331c823,961,7452,0,36,151276,8156,12.9912,8120,36,151191
4774000,8192,30,24,6,1222139881,30,1222148073,0,8151,12.9900,8110,2,0xc954d48d22,952,7447,0,41,151317,8151,12.9900,8110,41,151232
4775000,8192,30,24,6,1222393834,30,1222402026,0,8154,12.9907,8116,2,0x4be956f5b0,956,7419,0,38,151355,8154,12.9907,8116,38,151270
4776000,8192,30,24,6,1222655970,30,1222664162,0,8163,12.9929,8134,2,0x879dff21fe,1,8,0,29,151384,8163,12.9929,8134,29,151299
4777000,8192,30,24,6,1222909928,30,1222918120,0,8159,12.9919,8126,2,0xd0bde992c4,971,7394,0,33,151417,8159,12.9919,8126,33,151332
4778000,8192,30,24,6,1223163881,30,1223172073,0,8151,12.9900,8110,2,0xb7d690d56c,987,7404,0,41,151458,8151,12.9900,8110,41,151373
4779000,8192,30,24,6,1223417834,30,1223426026,0,8172,12.9951,8152,2,0x8db324ab4e,994,7423,0,20,151478,8172,12.9951,8152,20,151393
4780000,8192,30,24,6,1223679970,30,1223688162,0,8173,12.9954,8154,2,0xd913f9f32b,4,8,0,19,151497,8173,12.9954,8154,19,151412
4781000,8192,30,24,6,1223933928,30,1223942120,0,8168,12.9941,8144,2,0x4f67959c7f,966,7430,0,24,151521,8168,12.9941,8144,24,151436
4782000,8192,30,24,6,1224187881,30,1224196073,0,8160,12.9922,8128,2,0xeb1a3dae86,959,7439,0,32,151553,8160,12.9922,8128,32,151468
4783000,8192,30,24,6,1224441834,30,1224450026,0,8144,12.9883,8096,2,0x604be2b792,956,7397,0,48,151601,8145,12.9885,8098,47,151515
4784000,8192,30,24,6,1224703970,30,1224712162,0,8168,12.9941,8144,2,0xced6539cfa,2,8,0,24,151625,8168,12.9941,8144,24,151539
4785000,8192,30,24,6,1224957928,30,1224966120,0,8167,12.9939,8142,2,0x95f7aa670a,1028,7446,0,25,151650,8167,12.9939,8142,25,151564
4786000,8192,30,24,6,1225211881,30,1225220073,0,8165,12.9934,8138,2,0xe880702ff8,934,7404,0,27,151677,8165,12.9934,8138,27,151591
4787000,8192,30,24,6,1225465834,30,1225474026,0,8152,12.9902,8112,2,0x81838cc23b,975,7422,0,40,151717,8152,12.9902,8112,40,151631
4788000,8192,30,24,6,1225727970,30,1225736162,0,8150,12.9897,8108,2,0x1dd2051e43,1,9,0,42,151759,8150,12.9897,8108,42,151673
4789000,8192,30,24,6,1225981928,30,1225990120,0,8153,12.9905,8114,2,0xacc8895c50,945,7433,0,39,151798,8153,12.9905,8114,39,151712
4790000,8192,30,24,6,1226235881,30,1226244073,0,8159,12.9919,8126,2,0x875d6a51f9,1013,7427,0,33,151831,8159,12.9919,8126,33,151745
4791000,8192,30,24,6,1226489834,30,1226498026,0,8154,12.9907,8116,2,0xd08b8290b1,999,7463,0,38,151869,8154,12.9907,8116,38,151783
4792000,8192,30,24,6,1226751970,30,1226760162,0,8166,12.9937,8140,2,0xcd3cb7dd3a,2,7,0,26,151895,8166,12.9937,8140,26,151809
4793000,8192,30,24,6,1227005928,30,1227014120,0,8162,12.9927,8132,2,0xc0cc583782,1024,7420,0,30,151925,8162,12.9927,8132,30,151839
4794000,8192,30,24,6,1227259881,30,1227268073,0,8165,12.9934,8138,2,0xd715390cae,1026,7380,0,27,151952,8165,12.9934,8138,27,151866
4795000,8192,30,24,6,1227513834,30,1227522026,0,8162,12.9927,8132,2,0x480f50428f,971,7417,0,30,151982,8162,12.9927,8132,30,151896
4796000,8192,30,24,6,1227775970,30,1227784162,0,8172,12.9951,8152,2,0xac694eb35b,0,7,0,20,152002,8172,12.9951,8152,20,151916
4797000,8192,30,24,6,1228029928,30,1228038120,0,8163,12.9929,8134,2,0x7df7d33f8d,967,7402,0,29,152031,8163,12.9929,8134,29,151945
4798000,8192,30,24,6,1228283881,30,1228292073,0,8161,12.9924,8130,2,0x2fbf5d1600,986,7401,0,31,152062,8161,12.9924,8130,31,151976
4799000,8192,30,24,6,1228537834,30,1228546026,0,8156,12.9912,8120,2,0x129f1444f9,1020,7427,0,36,152098,8156,12.9912,8120,36,152012
4800000,8192,30,24,6,1228799970,30,1228808162,0,8170,12.9946,8148,2,0x8b5042f366,0,8,0,22,152120,8170,12.9946,8148,22,152034
4801000,8192,30,24,6,1229053928,30,1229062120,0,8166,12.9937,8140,2,0x971c765c0b,979,7434,0,26,152146,8166,12.9937,8140,26,152060
4802000,8192,30,24,6,1229307881,30,1229316073,0,8165,12.9933,8139,3,0xd10ef61936,962,7448,0,26,152172,8165,12.9933,8139,26,152086
4803000,8192,30,24,6,1229561834,30,1229570026,0,8154,12.9907,8116,2,0x8f40064ab6,974,7435,0,38,152210,8154,12.9907,8116,38,152124
4804000,8192,30,24,6,1229823970,30,1229832162,0,8157,12.9915,8122,2,0x4217bc22b9,1,9,0,35,152245,8157,12.9915,8122,35,152159
4805000,8192,30,24,6,1230077928,30,1230086120,0,8154,12.9907,8116,2,0x9f082694ca,988,7452,0,38,152283,8154,12.9907,8116,38,152197
4806000,8192,30,24,6,1230331881,30,1230340073,0,8167,12.9939,8142,2,0xabb692b4d9,1001,7430,0,25,152308,8167,12.9939,8142,25,152222
4807000,8192,30,24,6,1230585834,30,1230594026,0,8163,12.9929,8134,2,0xed5494136a,949,7469,0,29,152337,8163,12.9929,8134,29,152251
4808000,8192,30,24,6,1230847970,30,1230856162,0,8159,12.9919,8126,2,0x5e62432ec3,0,8,0,33,152370,8159,12.9919,8126,33,152284
4809000,8192,30,24,6,1231101928,30,1231110120,0,8166,12.9937,8140,2,0xa44049cf71,996,7454,0,26,152396,8166,12.9937,8140,26,152310
4810000,8192,30,24,6,1231355881,30,1231364073,0,8163,12.9929,8134,2,0x4702f9dbb9,963,7408,0,29,152425,8163,12.9929,8134,29,152339
4811000,8192,30,24,6,1231609834,30,1231618026,0,8163,12.9929,8134,2,0xa98ef1334c,953,7402,0,29,152454,8163,12.9929,8134,29,152368
4812000,8192,30,24,6,1231871970,30,1231880162,0,8164,12.9931,8137,3,0x16d9123e7e,1,8,0,27,152481,8164,12.9931,8137,27,152395
4813000,8192,30,24,6,1232125928,30,1232134120,0,8162,12.9927,8132,2,0xce304ddc47,932,7420,0,30,152511,8162,12.9927,8132,30,152425
4814000,8192,30,24,6,1232379881,30,1232388073,0,8158,12.9917,8124,2,0xcb4c1c1735,942,7461,0,34,152545,8158,12.9917,8124,34,152459
4815000,8192,30,24,6,1232633834,30,1232642026,0,8159,12.9919,8126,2,0xb5ead5c608,963,7382,0,33,152578,8159,12.9919,8126,33,152492
4816000,8192,30,24,6,1232895970,30,1232904162,0,8154,12.9907,8116,2,0x29fc0923b1,1,7,0,38,152616,8154,12.9907,8116,38,152530
4817000,8192,30,24,6,1233149928,30,1233158120,0,8163,12.9929,8134,2,0x10932e6b4d,991,7415,0,29,152645,8163,12.9929,8134,29,152559
4818000,8192,30,24,6,1233403881,30,1233412073,0,8155,12.9910,8118,2,0x6bd4dfcf82,960,7434,0,37,152682,8155,12.9910,8118,37,152596
4819000,8192,30,24,6,1233657834,30,1233666026,0,8145,12.9885,8098,2,0x0c2770abc5,943,7381,0,47,152729,8145,12.9885,8098,47,152643
4820000,8192,30,24,6,1233919970,30,1233928162,0,8165,12.9934,8138,2,0xfd45694c7e,3,9,0,27,152756,8165,12.9934,8138,27,152670
4821000,8192,30,24,6,1234173928,30,1234182120,0,8159,12.9919,8126,2,0x4317cd224b,955,7438,0,33,152789,8159,12.9919,8126,33,152703
4822000,8192,30,24,6,1234427881,30,1234436073,0,8159,12.9919,8126,2,0x9c42fba553,1012,7444,0,33,152822,8159,12.9919,8126,33,152736
4823000,8192,30,24,6,1234681834,30,1234690026,0,8156,12.9911,8121,3,0xb850c2f06e,973,7472,0,35,152857,8156,12.9911,8121,35,152771
4824000,8192,30,24,6,1234943970,30,1234952162,0,8153,12.9905,8114,2,0xac95cb4b11,2,9,0,39,152896,8153,12.9905,8114,39,152810
4825000,8192,30,24,6,1235197928,30,1235206120,0,8163,12.9929,8134,2,0xfc94bb3012,997,7430,0,29,152925,8163,12.9929,8134,29,152839
4826000,8192,30,24,6,1235451881,30,1235460073,0,8152,12.9902,8112,2,0x3a381b7f4e,953,7405,0,40,152965,8152,12.9902,8112,40,152879
4827000,8192,30,24,6,1235705834,30,1235714026,0,8162,12.9927,8132,2,0xe4e452864c,945,7447,0,30,152995,8162,12.9927,8132,30,152909
4828000,8192,30,24,6,1235967970,30,1235976162,0,8157,12.9915,8122,2,0x5919698029,0,9,0,35,153030,8157,12.9915,8122,35,152944
4829000,8192,30,24,6,1236221928,30,1236230120,0,8161,12.9924,8130,2,0x1d74a00ab7,1013,7355,0,31,153061,8161,12.9924,8130,31,152975
4830000,8192,30,24,6,1236475881,30,1236484073,0,8165,12.9934,8138,2,0x3d2fdd7ef5,973,7464,0,27,153088,8165,12.9934,8138,27,153002
4831000,8192,30,24,6,1236729834,30,1236738026,0,8150,12.9897,8108,2,0xf2e930f9f3,1027,7434,0,42,153130,8150,12.9897,8108,42,153044
4832000,8192,30,24,6,1236991970,30,1237000162,0,8159,12.9919,8126,2,0xe2fb4bdf6f,2,7,0,33,153163,8159,12.9919,8126,33,153077
4833000,8192,30,24,6,1237245928,30,1237254120,0,8167,12.9939,8142,2,0x218a02d373,942,7427,0,25,153188,8167,12.9939,8142,25,153102
4834000,8192,30,24,6,1237499881,30,1237508073,0,8154,12.9907,8116,2,0xc78f91cbd7,997,7408,0,38,153226,8154,12.9907,8116,38,153140
4835000,8192,30,24,6,1237753834,30,1237762026,0,8152,12.9902,8112,2,0x6b4ca18438,1016,7381,0,40,153266,8152,12.9902,8112,40,153180
4836000,8192,30,24,6,1238015970,30,1238024162,0,8163,12.9929,8134,2,0xe38fe27b20,2,8,0,29,153295,8163,12.9929,8134,29,153209
4837000,8192,30,24,6,1238269928,30,1238278120,0,8148,12.9893,8104,2,0x79f464dc61,985,7422,0,44,153339,8148,12.9893,8104,44,153253
4838000,8192,30,24,6,1238523881,30,1238532073,0,8163,12.9929,8134,2,0x44251bb8c0,992,7475,0,29,153368,8163,12.9929,8134,29,153282
4839000,8192,30,24,6,1238777834,30,1238786026,0,8162,12.9927,8132,2,0xbfac55ed67,979,7399,0,30,153398,8162,12.9927,8132,30,153312
4840000,8192,30,24,6,1239039970,30,1239048162,0,8151,12.9900,8110,2,0xec461080d6,4,8,0,41,153439,8151,12.9900,8110,41,153353
4841000,8192,30,24,6,1239293928,30,1239302120,0,8158,12.9916,8125,3,0xb421fe466a,929,7443,0,33,153472,8158,12.9916,8125,33,153386
4842000,8192,30,24,6,1239547881,30,1239556073,0,8165,12.9934,8138,2,0x578a177241,948,7429,0,27,153499,8165,12.9934,8138,27,153413
4843000,8192,30,24,6,1239801834,30,1239810026,0,8156,12.9912,8120,2,0xe3381dde00,1000,7444,0,36,153535,8156,12.9912,8120,36,153449
4844000,8192,30,24,6,1240063970,30,1240072162,0,8165,12.9934,8138,2,0xae2f081a5e,0,9,0,27,153562,8165,12.9934,8138,27,153476
4845000,8192,30,24,6,1240317928,30,1240326120,0,8163,12.9929,8134,2,0x2f3e77e76e,958,7471,0,29,153591,8163,12.9929,8134,29,153505
4846000,8192,30,24,6,1240571881,30,1240580073,0,8156,12.9912,8120,2,0x2642e3756c,992,7425,0,36,153627,8156,12.9912,8120,36,153541
4847000,8192,30,24,6,1240825834,30,1240834026,0,8164,12.9932,8136,2,0xc8d4284a3c,993,7405,0,28,153655,8164,12.9932,8136,28,153569
4848000,8192,30,24,6,1241087970,30,1241096162,0,8173,12.9954,8154,2,0x2bf01ac1c1,0,8,0,19,153674,8173,12.9954,8154,19,153588
4849000,8192,30,24,6,1241341928,30,1241350120,0,8170,12.9946,8148,2,0x5afb59e8fd,971,7450,0,22,153696,8170,12.9946,8148,22,153610
4850000,8192,30,24,6,1241595881,30,1241604073,0,8169,12.9944,8146,2,0x809dca2993,912,7399,0,23,153719,8169,12.9944,8146,23,153633
4851000,8192,30,24,6,1241849834,30,1241858026,0,8166,12.9937,8140,2,0xc0d0497b3a,947,7456,0,26,153745,8166,12.9937,8140,26,153659
4852000,8192,30,24,6,1242111970,30,1242120162,0,8158,12.9917,8124,2,0x14d01c8c52,2,9,0,34,153779,8158,12.9917,8124,34,153693
4853000,8192,30,24,6,1242365928,30,1242374120,0,8163,12.9929,8134,2,0x9c6405e598,957,7415,0,29,153808,8163,12.9929,8134,29,153722
4854000,8192,30,24,6,1242619881,30,1242628073,0,8160,12.9922,8128,2,0x3d87251129,994,7464,0,32,153840,8160,12.9922,8128,32,153754
4855000,8192,30,24,6,1242873834,30,1242882026,0,8152,12.9902,8112,2,0xaf6bd31c30,994,7414,0,40,153880,8153,12.9905,8114,39,153793
4856000,8192,32,25,7,1243135968,32,1243144160,0,8161,12.9924,8130,2,0x20f1fd5cc3,2,8,0,31,153911,8161,12.9924,8130,31,153824
4857000,8192,32,25,7,1243389926,32,1243398118,0,8163,12.9929,8134,2,0xfd72fe6aab,960,7407,0,29,153940,8163,12.9929,8134,29,153853
4858000,8192,32,25,7,1243643879,32,1243652071,0,8152,12.9902,8112,2,0x21ba699d95,924,7388,0,40,153980,8153,12.9905,8114,39,153892
4859000,8192,32,25,7,1243897832,32,1243906024,0,8161,12.9924,8130,2,0x7a5680f89f,1022,7448,0,31,154011,8161,12.9924,8130,31,153923
4860000,8192,32,25,7,1244159968,32,1244168160,0,8163,12.9929,8134,2,0x522b1e9490,0,7,0,29,154040,8163,12.9929,8134,29,153952
4861000,8192,32,25,7,1244413926,32,1244422118,0,8165,12.9934,8138,2,0x11810d5eb7,943,7428,0,27,154067,8165,12.9934,8138,27,153979
4862000,8192,32,25,7,1244667879,32,1244676071,0,8162,12.9927,8132,2,0x6649677047,992,7430,0,30,154097,8162,12.9927,8132,30,154009
4863000,8192,32,25,7,1244921832,32,1244930024,0,8155,12.9910,8118,2,0xb34d995b04,1003,7425,0,37,154134,8155,12.9910,8118,37,154046
4864000,8192,32,25,7,1245183968,32,1245192160,0,8164,12.9932,8136,2,0xe54c23ee14,0,9,0,28,154162,8164,12.9932,8136,28,154074
4865000,8192,32,25,7,1245437926,32,1245446118,0,8150,12.9897,8108,2,0xd02fc2c1d3,945,7425,0,42,154204,8150,12.9897,8108,42,154116
4866000,8192,32,25,7,1245691879,32,1245700071,0,8163,12.9929,8134,2,0x31063f40cb,965,7379,0,29,154233,8163,12.9929,8134,29,154145
4867000,8192,32,25,7,1245945832,32,1245954024,0,8169,12.9944,8146,2,0x9d54989109,971,7391,0,23,154256,8169,12.9944,8146,23,154168
4868000,8192,32,25,7,1246207968,32,1246216160,0,8163,12.9929,8134,2,0xce4dbc466b,0,8,0,29,154285,8163,12.9929,8134,29,154197
4869000,8192,32,25,7,1246461926,32,1246470118,0,8156,12.9912,8120,2,0x65275c2b5b,953,7417,0,36,154321,8156,12.9912,8120,36,154233
4870000,8192,32,25,7,1246715879,32,1246724071,0,8153,12.9905,8114,2,0x1575c8c89b,993,7423,0,39,154360,8153,12.9905,8114,39,154272
4871000,8192,32,25,7,1246969832,32,1246978024,0,8158,12.9917,8124,2,0xb445c64d17,930,7463,0,34,154394,8158,12.9917,8124,34,154306
4872000,8192,32,25,7,1247231968,32,1247240160,0,8163,12.9929,8134,2,0xae21fff41a,3,9,0,29,154423,8163,12.9929,8134,29,154335
4873000,8192,32,25,7,1247485926,32,1247494118,0,8164,12.9932,8136,2,0x57d0eff13a,953,7392,0,28,154451,8164,12.9932,8136,28,154363
4874000,8192,32,25,7,1247739879,32,1247748071,0,8153,12.9905,8114,2,0xab9fdcf001,998,7446,0,39,154490,8153,12.9905,8114,39,154402
4875000,8192,32,25,7,1247993832,32,1248002024,0,8162,12.9927,8132,2,0x7ce308394b,948,7454,0,30,154520,8162,12.9927,8132,30,154432
4876000,8192,32,25,7,1248255968,32,1248264160,0,8154,12.9907,8116,2,0x54ff38d3e7,2,9,0,38,154558,8154,12.9907,8116,38,154470
4877000,8192,32,25,7,1248509926,32,1248518118,0,8161,12.9924,8130,2,0x83a48ba4c7,978,7433,0,31,154589,8161,12.9924,8130,31,154501
4878000,8192,32,25,7,1248763879,32,1248772071,0,8152,12.9902,8112,2,0x93ec127850,1012,7401,0,40,154629,8152,12.9902,8112,40,154541
4879000,8192,32,25,7,1249017832,32,1249026024,0,8174,12.9956,8156,2,0x1ff094ca88,947,7370,0,18,154647,8174,12.9956,8156,18,154559
4880000,8192,32,25,7,1249279968,32,1249288160,0,8165,12.9934,8138,2,0x07a0c2dea8,2,8,0,27,154674,8165,12.9934,8138,27,154586
4881000,8192,32,25,7,1249533926,32,1249542118,0,8163,12.9929,8134,2,0x5276c8bdea,949,7407,0,29,154703,8163,12.9929,8134,29,154615
4882000,8192,32,25,7,1249787879,32,1249796071,0,8161,12.9924,8130,2,0xb77ceec09b,963,7411,0,31,154734,8161,12.9924,8130,31,154646
4883000,8192,32,25,7,1250041832,32,1250050024,0,8162,12.9927,8132,2,0x5d85a41906,946,7404,0,30,154764,8162,12.9927,8132,30,154676
4884000,8192,32,25,7,1250303968,32,1250312160,0,8159,12.9919,8126,2,0x23e24ca7b9,2,9,0,33,154797,8159,12.9919,8126,33,154709
4885000,8192,32,25,7,1250557926,32,1250566118,0,8159,12.9919,8126,2,0x55c26ddc9b,944,7435,0,33,154830,8159,12.9919,8126,33,154742
4886000,8192,32,25,7,1250811879,32,1250820071,0,8163,12.9929,8134,2,0x8d8618a3a1,947,7416,0,29,154859,8163,12.9929,8134,29,154771
4887000,8192,32,25,7,1251065832,32,1251074024,0,8163,12.9929,8134,2,0x1f2566f0f1,1008,7402,0,29,154888,8163,12.9929,8134,29,154800
4888000,8192,32,25,7,1251327968,32,1251336160,0,8165,12.9934,8138,2,0xed2ee6b6b7,1,5,0,27,154915,8165,12.9934,8138,27,154827
4889000,8192,32,25,7,1251581926,32,1251590118,0,8156,12.9912,8120,2,0xd1163098ce,936,7406,0,36,154951,8156,12.9912,8120,36,154863
4890000,8192,32,25,7,1251835879,32,1251844071,0,8159,12.9919,8126,2,0x52671dc7b6,985,7479,0,33,154984,8159,12.9919,8126,33,154896
4891000,8192,32,25,7,1252089832,32,1252098024,0,8157,12.9915,8122,2,0xb5406ce30f,967,7446,0,35,155019,8157,12.9915,8122,35,154931
4892000,8192,32,25,7,1252351968,32,1252360160,0,8156,12.9912,8120,2,0xf6759341c7,1,9,0,36,155055,8156,12.9912,8120,36,154967
4893000,8192,32,25,7,1252605926,32,1252614118,0,8161,12.9924,8130,2,0x7af34755c0,925,7372,0,31,155086,8161,12.9924,8130,31,154998
4894000,8192,32,25,7,1252859879,32,1252868071,0,8152,12.9902,8112,2,0x36dbd1e9b7,977,7447,0,40,155126,8152,12.9902,8112,40,155038
4895000,8192,32,25,7,1253113832,32,1253122024,0,8161,12.9924,8130,2,0x0e0c4f8c92,1003,7419,0,31,155157,8161,12.9924,8130,31,155069
4896000,8192,32,25,7,1253375968,32,1253384160,0,8169,12.9944,8146,2,0x3f3338065b,1,8,0,23,155180,8169,12.9944,8146,23,155092
4897000,8192,32,25,7,1253629926,32,1253638118,0,8160,12.9922,8128,2,0x0a366f409c,1028,7420,0,32,155212,8160,12.9922,8128,32,155124
4898000,8192,32,25,7,1253883879,32,1253892071,0,8156,12.9912,8120,2,0x6e176aa031,1021,7400,0,36,155248,8156,12.9912,8120,36,155160
4899000,8192,32,25,7,1254137832,32,1254146024,0,8170,12.9946,8148,2,0x4603b3e949,997,7416,0,22,155270,8171,12.9949,8150,21,155181
4900000,8192,32,25,7,1254399968,32,1254408160,0,8163,12.9929,8134,2,0x6060cca0bf,0,8,0,29,155299,8163,12.9929,8134,29,155210
4901000,8192,32,25,7,1254653926,32,1254662118,0,8155,12.9910,8118,2,0xb31d82e3d2,1030,7449,0,37,155336,8155,12.9910,8118,37,155247
4902000,8192,32,25,7,1254907879,32,1254916071,0,8157,12.9915,8122,2,0x6f208137cf,959,7425,0,35,155371,8157,12.9915,8122,35,155282
4903000,8192,32,25,7,1255161832,32,1255170024,0,8164,12.9932,8136,2,0x4069ffb0f0,959,7391,0,28,155399,8164,12.9932,8136,28,155310
4904000,8192,32,25,7,1255423968,32,1255432160,0,8171,12.9949,8150,2,0xce8ccd0e26,2,7,0,21,155420,8171,12.9949,8150,21,155331
4905000,8192,32,25,7,1255677926,32,1255686118,0,8168,12.9940,8145,3,0x19dd84fcfa,973,7432,0,23,155443,8168,12.9940,8145,23,155354
4906000,8192,32,25,7,1255931879,32,1255940071,0,8156,12.9911,8121,3,0x82de5e24f7,1025,7465,0,35,155478,8156,12.9911,8121,35,155389
4907000,8192,32,25,7,1256185832,32,1256194024,0,8159,12.9919,8127,3,0x69cfd8146e,943,7441,0,32,155510,8160,12.9921,8129,31,155420
4908000,8192,32,25,7,1256447968,32,1256456160,0,8147,12.9890,8102,2,0x764dccd439,0,9,0,45,155555,8147,12.9890,8102,45,155465
4909000,8192,32,25,7,1256701926,32,1256710118,0,8166,12.9937,8140,2,0x52905a6577,971,7419,0,26,155581,8166,12.9937,8140,26,155491
4910000,8192,32,25,7,1256955879,32,1256964071,0,8149,12.9895,8106,2,0x2e5196e1fb,971,7380,0,43,155624,8149,12.9895,8106,43,155534
4911000,8192,32,25,7,1257209832,32,1257218024,0,8168,12.9941,8144,2,0xbe78648e19,967,7409,0,24,155648,8168,12.9941,8144,24,155558
4912000,8192,32,25,7,1257471968,32,1257480160,0,8152,12.9902,8112,2,0xb9505a8674,3,9,0,40,155688,8152,12.9902,8112,40,155598
4913000,8192,32,25,7,1257725926,32,1257734118,0,8154,12.9907,8116,2,0x2d61070ea3,964,7459,0,38,155726,8154,12.9907,8116,38,155636
4914000,8192,32,25,7,1257979879,32,1257988071,0,8153,12.9905,8114,2,0x86c860356d,994,7417,0,39,155765,8153,12.9905,8114,39,155675
4915000,8192,32,25,7,1258233832,32,1258242024,0,8172,12.9951,8152,2,0x6b5cc43e6e,965,7366,0,20,155785,8172,12.9951,8152,20,155695
4916000,8192,32,25,7,1258495968,32,1258504160,0,8163,12.9929,8134,2,0x0a8980438f,1,8,0,29,155814,8163,12.9929,8134,29,155724
4917000,8192,32,25,7,1258749926,32,1258758118,0,8169,12.9944,8146,2,0xc9cfaa11f0,972,7455,0,23,155837,8169,12.9944,8146,23,155747
4918000,8192,32,25,7,1259003879,32,1259012071,0,8159,12.9919,8126,2,0x232f776d40,960,7404,0,33,155870,8159,12.9919,8126,33,155780
4919000,8192,32,25,7,1259257832,32,1259266024,0,8160,12.9922,8128,2,0xe88cdd929f,1004,7426,0,32,155902,8160,12.9922,8128,32,155812
4920000,8192,32,25,7,1259519968,32,1259528160,0,8161,12.9924,8130,2,0x81c358da2a,0,9,0,31,155933,8161,12.9924,8130,31,155843
4921000,8192,32,25,7,1259773926,32,1259782118,0,8160,12.9922,8128,2,0xda04739712,983,7392,0,32,155965,8160,12.9922,8128,32,155875
4922000,8192,32,25,7,1260027879,32,1260036071,0,8160,12.9922,8128,2,0x7c0f2d28a4,962,7391,0,32,155997,8160,12.9922,8128,32,155907
4923000,8192,32,25,7,1260281832,32,1260290024,0,8167,12.9939,8142,2,0x13400ede9d,969,7439,0,25,156022,8167,12.9939,8142,25,155932
4924000,8192,32,25,7,1260543968,32,1260552160,0,8163,12.9929,8134,2,0x7de8735818,2,8,0,29,156051,8163,12.9929,8134,29,155961
4925000,8192,32,25,7,1260797926,32,1260806118,0,8166,12.9937,8140,2,0x80d3211fcc,953,7417,0,26,156077,8166,12.9937,8140,26,155987
4926000,8192,32,25,7,1261051879,32,1261060071,0,8167,12.9939,8142,2,0xbcef426baf,960,7448,0,25,156102,8167,12.9939,8142,25,156012
4927000,8192,32,25,7,1261305832,32,1261314024,0,8156,12.9912,8120,2,0xa4c1563632,1036,7429,0,36,156138,8156,12.9912,8120,36,156048
4928000,8192,32,25,7,1261567968,32,1261576160,0,8165,12.9934,8138,2,0x3a95b1a966,1,8,0,27,156165,8165,12.9934,8138,27,156075
4929000,8192,34,27,7,1261821924,34,1261830116,0,8148,12.9893,8104,2,0xd97b4ca766,1004,7415,0,44,156209,8148,12.9893,8104,44,156119
4930000,8192,34,27,7,1262075877,34,1262084069,0,8165,12.9934,8138,2,0x98747498fc,954,7415,0,27,156236,8165,12.9934,8138,27,156146
4931000,8192,34,27,7,1262329830,34,1262338022,0,8160,12.9922,8128,2,0x44ccd1a6ac,1024,7442,0,32,156268,8160,12.9922,8128,32,156178
4932000,8192,34,27,7,1262591966,34,1262600158,0,8164,12.9932,8136,2,0xcb9613d61a,4,8,0,28,156296,8164,12.9932,8136,28,156206
4933000,8192,34,27,7,1262845924,34,1262854116,0,8160,12.9922,8128,2,0xa6f41713a4,990,7397,0,32,156328,8160,12.9922,8128,32,156238
4934000,8192,34,27,7,1263099877,34,1263108069,0,8159,12.9919,8126,2,0x8b52719c19,978,7432,0,33,156361,8159,12.9919,8126,33,156271
4935000,8192,34,27,7,1263353830,34,1263362022,0,8164,12.9932,8136,2,0xd89ba69b1f,997,7416,0,28,156389,8164,12.9932,8136,28,156299
4936000,8192,34,27,7,1263615966,34,1263624158,0,8163,12.9929,8134,2,0x94d21c6390,2,8,0,29,156418,8163,12.9929,8134,29,156328
4937000,8192,34,27,7,1263869924,34,1263878116,0,8161,12.9924,8130,2,0xec682aa5eb,966,7445,0,31,156449,8161,12.9924,8130,31,156359
4938000,8192,34,27,7,1264123877,34,1264132069,0,8158,12.9917,8124,2,0x63f4a97a6a,1013,7423,0,34,156483,8158,12.9917,8124,34,156393
4939000,8192,34,27,7,1264377830,34,1264386022,0,8163,12.9929,8134,2,0x3ca8ef2a14,982,7429,0,29,156512,8163,12.9929,8134,29,156422
4940000,8192,34,27,7,1264639966,34,1264648158,0,8168,12.9941,8144,2,0x6a1689c4e6,1,9,0,24,156536,8168,12.9941,8144,24,156446
4941000,8192,34,27,7,1264893924,34,1264902116,0,8157,12.9915,8122,2,0xf8a477b73e,970,7460,0,35,156571,8157,12.9915,8122,35,156481
4942000,8192,34,27,7,1265147877,34,1265156069,0,8151,12.9900,8110,2,0x7c12b330c3,962,7442,0,41,156612,8151,12.9900,8110,41,156522
4943000,8192,34,27,7,1265401830,34,1265410022,0,8168,12.9941,8144,2,0x3424cbb27e,1013,7461,0,24,156636,8168,12.9941,8144,24,156546
4944000,8192,34,27,7,1265663966,34,1265672158,0,8155,12.9910,8118,2,0x64f598eaf9,1,7,0,37,156673,8155,12.9910,8118,37,156583
4945000,8192,34,27,7,1265917924,34,1265926116,0,8151,12.9900,8110,2,0xfc97cee941,1002,7399,0,41,156714,8152,12.9902,8112,40,156623
4946000,8192,34,27,7,1266171877,34,1266180069,0,8158,12.9917,8124,2,0xdc1bbb448b,980,7403,0,34,156748,8158,12.9917,8124,34,156657
4947000,8192,34,27,7,1266425830,34,1266434022,0,8155,12.9910,8118,2,0xaeb8e4e70e,908,7365,0,37,156785,8156,12.9912,8120,36,156693
4948000,8192,34,27,7,1266687966,34,1266696158,0,8158,12.9916,8125,3,0x179b84e229,0,9,0,33,156818,8158,12.9916,8125,33,156726
4949000,8192,34,27,7,1266941924,34,1266950116,0,8166,12.9937,8140,2,0x045b5f9ebf,975,7401,0,26,156844,8166,12.9937,8140,26,156752
4950000,8192,34,27,7,1267195877,34,1267204069,0,8150,12.9897,8108,2,0x0e23ff9bd5,998,7362,0,42,156886,8150,12.9897,8108,42,156794
4951000,8192,34,27,7,1267449830,34,1267458022,0,8162,12.9927,8132,2,0x03a264bda4,975,7359,0,30,156916,8162,12.9927,8132,30,156824
4952000,8192,34,27,7,1267711966,34,1267720158,0,8157,12.9915,8122,2,0x551447f0be,1,9,0,35,156951,8157,12.9915,8122,35,156859
4953000,8192,34,27,7,1267965924,34,1267974116,0,8159,12.9919,8127,3,0x88ed5790db,977,7396,0,32,156983,8159,12.9919,8127,32,156891
4954000,8192,34,27,7,1268219877,34,1268228069,0,8156,12.9912,8120,2,0x32feff1e95,973,7476,0,36,157019,8156,12.9912,8120,36,156927
4955000,8192,34,27,7,1268473830,34,1268482022,0,8153,12.9904,8115,3,0x7881de51fe,1018,7428,0,38,157057,8153,12.9904,8115,38,156965
4956000,8192,34,27,7,1268735966,34,1268744158,0,8153,12.9905,8114,2,0x1fb038a6e2,3,9,0,39,157096,8153,12.9905,8114,39,157004
4957000,8192,34,27,7,1268989924,34,1268998116,0,8165,12.9934,8138,2,0x0df281ae74,994,7355,0,27,157123,8165,12.9934,8138,27,157031
4958000,8192,34,27,7,1269243877,34,1269252069,0,8159,12.9919,8126,2,0xc822dba138,969,7443,0,33,157156,8159,12.9919,8126,33,157064
4959000,8192,34,27,7,1269497830,34,1269506022,0,8163,12.9929,8134,2,0xc9ce1c5c00,955,7449,0,29,157185,8163,12.9929,8134,29,157093
4960000,8192,34,27,7,1269759966,34,1269768158,0,8146,12.9888,8100,2,0x3df7abec97,1,8,0,46,157231,8146,12.9888,8100,46,157139
4961000,8192,34,27,7,1270013924,34,1270022116,0,8157,12.9915,8122,2,0x46920ad1e6,960,7382,0,35,157266,8157,12.9915,8122,35,157174
4962000,8192,34,27,7,1270267877,34,1270276069,0,8160,12.9922,8128,2,0xd724b4c713,999,7402,0,32,157298,8160,12.9922,8128,32,157206
4963000,8192,34,27,7,1270521830,34,1270530022,0,8156,12.9911,8121,3,0xbf368283f3,1018,7399,0,35,157333,8156,12.9911,8121,35,157241
4964000,8192,34,27,7,1270783966,34,1270792158,0,8156,12.9912,8120,2,0x4054ab841d,1,9,0,36,157369,8156,12.9912,8120,36,157277
4965000,8192,34,27,7,1271037924,34,1271046116,0,8167,12.9939,8142,2,0x71bb707074,1013,7427,0,25,157394,8167,12.9939,8142,25,157302
4966000,8192,34,27,7,1271291877,34,1271300069,0,8162,12.9927,8132,2,0x8611fb80bf,979,7427,0,30,157424,8162,12.9927,8132,30,157332
4967000,8192,34,27,7,1271545830,34,1271554022,0,8160,12.9922,8128,2,0xb7de728b96,968,7409,0,32,157456,8160,12.9922,8128,32,157364
4968000,8192,34,27,7,1271807966,34,1271816158,0,8164,12.9932,8136,2,0x86dc3bdbf9,1,8,0,28,157484,8164,12.9932,8136,28,157392
4969000,8192,34,27,7,1272061924,34,1272070116,0,8165,12.9934,8138,2,0x32d8bb3f72,1016,7411,0,27,157511,8166,12.9937,8140,26,157418
4970000,8192,34,27,7,1272315877,34,1272324069,0,8160,12.9922,8128,2,0xf06ed9b421,997,7406,0,32,157543,8160,12.9922,8128,32,157450
4971000,8192,34,27,7,1272569830,34,1272578022,0,8162,12.9927,8132,2,0xfd07854a73,1035,7468,0,30,157573,8162,12.9927,8132,30,157480
4972000,8192,34,27,7,1272831966,34,1272840158,0,8155,12.9909,8119,3,0xaedd59e4e3,1,8,0,36,157609,8155,12.9909,8119,36,157516
4973000,8192,34,27,7,1273085924,34,1273094116,0,8149,12.9895,8106,2,0x8c38094d70,984,7409,0,43,157652,8149,12.9895,8106,43,157559
4974000,8192,34,27,7,1273339877,34,1273348069,0,8164,12.9932,8136,2,0x0b7e6245e1,956,7437,0,28,157680,8164,12.9932,8136,28,157587
4975000,8192,34,27,7,1273593830,34,1273602022,0,8154,12.9906,8117,3,0xf300329a29,1042,7417,0,37,157717,8154,12.9906,8117,37,157624
4976000,8192,34,27,7,1273855966,34,1273864158,0,8149,12.9894,8107,3,0x6d9105c292,1,8,0,42,157759,8149,12.9894,8107,42,157666
4977000,8192,34,27,7,1274109924,34,1274118116,0,8159,12.9919,8126,2,0x526bdeffb6,1009,7404,0,33,157792,8159,12.9919,8126,33,157699
4978000,8192,34,27,7,1274363877,34,1274372069,0,8165,12.9934,8138,2,0x850780dbc8,959,7457,0,27,157819,8165,12.9934,8138,27,157726
4979000,8192,34,27,7,1274617830,34,1274626022,0,8163,12.9929,8134,2,0x017f89b033,1020,7375,0,29,157848,8163,12.9929,8134,29,157755
4980000,8192,34,27,7,1274879966,34,1274888158,0,8159,12.9919,8126,2,0x3090a5b264,4,8,0,33,157881,8159,12.9919,8126,33,157788
4981000,8192,34,27,7,1275133924,34,1275142116,0,8171,12.9949,8150,2,0x879877aa07,959,7396,0,21,157902,8171,12.9949,8150,21,157809
4982000,8192,34,27,7,1275387877,34,1275396069,0,8167,12.9939,8142,2,0xdab4062f78,965,7433,0,25,157927,8167,12.9939,8142,25,157834
4983000,8192,34,27,7,1275641830,34,1275650022,0,8169,12.9944,8146,2,0xabc9fcd1dc,1028,7419,0,23,157950,8169,12.9944,8146,23,157857
4984000,8192,34,27,7,1275903966,34,1275912158,0,8164,12.9932,8136,2,0xc244246308,1,8,0,28,157978,8164,12.9932,8136,28,157885
4985000,8192,34,27,7,1276157924,34,1276166116,0,8165,12.9934,8138,2,0x3cf1e69687,969,7413,0,27,158005,8165,12.9934,8138,27,157912
4986000,8192,34,27,7,1276411877,34,1276420069,0,8162,12.9927,8132,2,0x33678213db,978,7403,0,30,158035,8162,12.9927,8132,30,157942
4987000,8192,34,27,7,1276665830,34,1276674022,0,8159,12.9919,8126,2,0x27e924775a,960,7474,0,33,158068,8159,12.9919,8126,33,157975
4988000,8192,34,27,7,1276927966,34,1276936158,0,8158,12.9916,8125,3,0x2989c05f44,1,7,0,33,158101,8158,12.9916,8125,33,158008
4989000,8192,34,27,7,1277181924,34,1277190116,0,8167,12.9939,8142,2,0x30dc2f6702,958,7422,0,25,158126,8167,12.9939,8142,25,158033
4990000,8192,34,27,7,1277435877,34,1277444069,0,8157,12.9915,8122,2,0xc099aafad1,996,7397,0,35,158161,8157,12.9915,8122,35,158068
4991000,8192,34,27,7,1277689830,34,1277698022,0,8169,12.9944,8146,2,0x61178135ec,1000,7440,0,23,158184,8169,12.9944,8146,23,158091
4992000,8192,34,27,7,1277951966,34,1277960158,0,8156,12.9912,8120,2,0x29af7537ee,1,7,0,36,158220,8156,12.9912,8120,36,158127
4993000,8192,34,27,7,1278205924,34,1278214116,0,8158,12.9917,8124,2,0x2da29151d9,966,7407,0,34,158254,8158,12.9917,8124,34,158161
4994000,8192,34,27,7,1278459877,34,1278468069,0,8158,12.9917,8124,2,0x69ef469345,960,7422,0,34,158288,8158,12.9917,8124,34,158195
4995000,8192,34,27,7,1278713830,34,1278722022,0,8158,12.9917,8124,2,0x5802b9e225,971,7398,0,34,158322,8158,12.9917,8124,34,158229
4996000,8192,34,27,7,1278975966,34,1278984158,0,8170,12.9946,8148,2,0xc265dc28ae,2,9,0,22,158344,8170,12.9946,8148,22,158251
4997000,8192,34,27,7,1279229924,34,1279238116,0,8162,12.9927,8132,2,0xe209388326,945,7377,0,30,158374,8162,12.9927,8132,30,158281
4998000,8192,34,27,7,1279483877,34,1279492069,0,8165,12.9934,8138,2,0x1dedd70c13,967,7408,0,27,158401,8165,12.9934,8138,27,158308
4999000,8192,34,27,7,1279737830,34,1279746022,0,8153,12.9905,8114,2,0x1a8b8a07a3,982,7381,0,39,158440,8153,12.9905,8114,39,158347
5000000,8192,34,27,7,1279999966,34,1280008158,0,8165,12.9934,8138,2,0x04024e9951,2,9,0,27,158467,8165,12.9934,8138,27,158374
5001000,8192,34,27,7,1280253924,34,1280262116,0,8154,12.9907,8116,2,0xd80a806758,980,7424,0,38,158505,8154,12.9907,8116,38,158412
5002000,8192,34,27,7,1280507877,34,1280516069,0,8157,12.9915,8122,2,0x198e9e5d5d,984,7406,0,35,158540,8158,12.9917,8124,34,158446
5003000,8192,34,27,7,1280761830,34,1280770022,0,8162,12.9926,8132,3,0x088e3e61c3,979,7410,0,29,158569,8162,12.9926,8132,29,158475
5004000,8192,34,27,7,1281023966,34,1281032158,0,8163,12.9929,8134,2,0xbc735c5c8d,1,9,0,29,158598,8163,12.9929,8134,29,158504
5005000,8192,34,27,7,1281277924,34,1281286116,0,8166,12.9937,8140,2,0x6ecf9e4473,964,7409,0,26,158624,8166,12.9937,8140,26,158530
5006000,8192,34,27,7,1281531877,34,1281540069,0,8169,12.9944,8146,2,0x47f014b3bc,1009,7371,0,23,158647,8169,12.9944,8146,23,158553
5007000,8192,34,27,7,1281785830,34,1281794022,0,8166,12.9937,8140,2,0xe015ec47c4,994,7405,0,26,158673,8167,12.9939,8142,25,158578
5008000,8192,34,27,7,1282047966,34,1282056158,0,8159,12.9919,8126,2,0xa42745e470,2,9,0,33,158706,8159,12.9919,8126,33,158611
5009000,8192,34,27,7,1282301924,34,1282310116,0,8160,12.9921,8129,3,0x5360749b08,949,7442,0,31,158737,8160,12.9921,8129,31,158642
5010000,8192,34,27,7,1282555877,34,1282564069,0,8167,12.9939,8142,2,0xe68805ee73,972,7377,0,25,158762,8167,12.9939,8142,25,158667
5011000,8192,34,27,7,1282809830,34,1282818022,0,8163,12.9929,8134,2,0x81c078b706,970,7438,0,29,158791,8164,12.9932,8136,28,158695
5012000,8192,34,27,7,1283071966,34,1283080158,0,8166,12.9937,8140,2,0xd6f5628edc,1,8,0,26,158817,8166,12.9937,8140,26,158721
5013000,8192,34,27,7,1283325924,34,1283334116,0,8158,12.9916,8125,3,0x16fe86fa5e,1007,7378,0,33,158850,8158,12.9916,8125,33,158754
5014000,8192,34,27,7,1283579877,34,1283588069,0,8156,12.9912,8120,2,0xab2844bfd8,982,7460,0,36,158886,8156,12.9912,8120,36,158790
5015000,8192,34,27,7,1283833830,34,1283842022,0,8169,12.9944,8146,2,0xf4600a4a46,980,7435,0,23,158909,8170,12.9946,8148,22,158812
5016000,8192,34,27,7,1284095966,34,1284104158,0,8162,12.9927,8132,2,0x6479354bb7,3,9,0,30,158939,8162,12.9927,8132,30,158842
5017000,8192,34,27,7,1284349924,34,1284358116,0,8157,12.9915,8122,2,0x1a8bcde83c,983,7429,0,35,158974,8157,12.9915,8122,35,158877
5018000,8192,34,27,7,1284603877,34,1284612069,0,8164,12.9932,8136,2,0x3b67ff7e16,1028,7416,0,28,159002,8164,12.9932,8136,28,158905
5019000,8192,34,27,7,1284857830,34,1284866022,0,8159,12.9919,8126,2,0xaaad04a423,945,7444,0,33,159035,8159,12.9919,8126,33,158938
5020000,8192,34,27,7,1285119966,34,1285128158,0,8158,12.9917,8124,2,0xa64f196163,1,8,0,34,159069,8158,12.9917,8124,34,158972
5021000,8192,34,27,7,1285373924,34,1285382116,0,8164,12.9932,8136,2,0x89fd982050,972,7429,0,28,159097,8164,12.9932,8136,28,159000
5022000,8192,34,27,7,1285627877,34,1285636069,0,8150,12.9897,8108,2,0xd06ca3e880,985,7449,0,42,159139,8150,12.9897,8108,42,159042
5023000,8192,34,27,7,1285881830,34,1285890022,0,8171,12.9949,8150,2,0x6d357e301d,977,7434,0,21,159160,8171,12.9949,8150,21,159063
5024000,8192,34,27,7,1286143966,34,1286152158,0,8165,12.9933,8139,3,0x6699116c6b,3,9,0,26,159186,8165,12.9933,8139,26,159089
5025000,8192,34,27,7,1286397924,34,1286406116,0,8160,12.9922,8128,2,0x45ff7a788f,907,7422,0,32,159218,8160,12.9922,8128,32,159121
5026000,8192,34,27,7,1286651877,34,1286660069,0,8157,12.9915,8122,2,0x640e61aec6,930,7376,0,35,159253,8157,12.9915,8122,35,159156
5027000,8192,34,27,7,1286905830,34,1286914022,0,8149,12.9895,8106,2,0x5cb0ee7b0f,1012,7423,0,43,159296,8149,12.9895,8106,43,159199
5028000,8192,34,27,7,1287167966,34,1287176158,0,8165,12.9934,8138,2,0xfd2b8b1967,2,8,0,27,159323,8165,12.9934,8138,27,159226
5029000,8192,34,27,7,1287421924,34,1287430116,0,8158,12.9917,8124,2,0x3eaaed21e1,980,7430,0,34,159357,8158,12.9917,8124,34,159260
5030000,8192,34,27,7,1287675877,34,1287684069,0,8157,12.9915,8122,2,0x373258044c,964,7413,0,35,159392,8157,12.9915,8122,35,159295
5031000,8192,34,27,7,1287929830,34,1287938022,0,8164,12.9932,8136,2,0x55f273162f,978,7479,0,28,159420,8164,12.9932,8136,28,159323
5032000,8192,34,27,7,1288191966,34,1288200158,0,8154,12.9907,8116,2,0x219e3114aa,0,9,0,38,159458,8154,12.9907,8116,38,159361
5033000,8192,34,27,7,1288445924,34,1288454116,0,8159,12.9919,8126,2,0x7aec907ea6,1013,7393,0,33,159491,8159,12.9919,8126,33,159394
5034000,8192,34,27,7,1288699877,34,1288708069,0,8158,12.9917,8124,2,0xf0db76654e,989,7386,0,34,159525,8158,12.9917,8124,34,159428
5035000,8192,34,27,7,1288953830,34,1288962022,0,8162,12.9927,8132,2,0x13444bd98c,971,7381,0,30,159555,8162,12.9927,8132,30,159458
5036000,8192,34,27,7,1289215966,34,1289224158,0,8158,12.9917,8124,2,0x917850e440,2,7,0,34,159589,8158,12.9917,8124,34,159492
5037000,8192,34,27,7,1289469924,34,1289478116,0,8147,12.9890,8102,2,0x42731fdac1,975,7455,0,45,159634,8147,12.9890,8102,45,159537
5038000,8192,34,27,7,1289723877,34,1289732069,0,8156,12.9912,8120,2,0x704904b7fc,986,7381,0,36,159670,8157,12.9915,8122,35,159572
5039000,8192,34,27,7,1289977830,34,1289986022,0,8153,12.9904,8115,3,0x3e82336746,1020,7387,0,38,159708,8153,12.9904,8115,38,159610
5040000,8192,34,27,7,1290239966,34,1290248158,0,8159,12.9919,8126,2,0xc5958a5dd9,1,9,0,33,159741,8159,12.9919,8126,33,159643
5041000,8192,34,27,7,1290493924,34,1290502116,0,8155,12.9910,8118,2,0x9bec6e02e0,934,7423,0,37,159778,8155,12.9910,8118,37,159680
5042000,8192,34,27,7,1290747877,34,1290756069,0,8153,12.9904,8115,3,0x9fc28500d4,909,7399,0,38,159816,8153,12.9904,8115,38,159718
5043000,8192,34,27,7,1291001830,34,1291010022,0,8165,12.9934,8138,2,0x0039be142a,1003,7421,0,27,159843,8165,12.9934,8138,27,159745
5044000,8192,34,27,7,1291263966,34,1291272158,0,8161,12.9924,8130,2,0x4c61c126ee,2,7,0,31,159874,8161,12.9924,8130,31,159776
5045000,8192,34,27,7,1291517924,34,1291526116,0,8160,12.9922,8128,2,0x21803b599e,994,7394,0,32,159906,8160,12.9922,8128,32,159808
5046000,8192,34,27,7,1291771877,34,1291780069,0,8159,12.9919,8126,2,0xa9cc899889,942,7401,0,33,159939,8159,12.9919,8126,33,159841
5047000,8192,34,27,7,1292025830,34,1292034022,0,8164,12.9932,8136,2,0xc1118625c4,994,7384,0,28,159967,8164,12.9932,8136,28,159869
5048000,8192,34,27,7,1292287966,34,1292296158,0,8160,12.9922,8128,2,0xb5a0f3072c,1,8,0,32,159999,8160,12.9922,8128,32,159901
5049000,8192,34,27,7,1292541924,34,1292550116,0,8159,12.9919,8126,2,0xd12f09d850,937,7397,0,33,160032,8159,12.9919,8126,33,159934
5050000,8192,34,27,7,1292795877,34,1292804069,0,8161,12.9924,8130,2,0x9594ec754f,953,7377,0,31,160063,8161,12.9924,8130,31,159965
5051000,8192,34,27,7,1293049830,34,1293058022,0,8170,12.9946,8148,2,0x770ca3cbb8,967,7448,0,22,160085,8170,12.9946,8148,22,159987
5052000,8192,34,27,7,1293311966,34,1293320158,0,8169,12.9944,8146,2,0x6c5f62d22b,2,6,0,23,160108,8169,12.9944,8146,23,160010
5053000,8192,34,27,7,1293565924,34,1293574116,0,8164,12.9932,8136,2,0x813f0fe4dd,1025,7425,0,28,160136,8164,12.9932,8136,28,160038
5054000,8192,34,27,7,1293819877,34,1293828069,0,8162,12.9927,8132,2,0x6279351f81,1001,7425,0,30,160166,8162,12.9927,8132,30,160068
5055000,8192,34,27,7,1294073830,34,1294082022,0,8158,12.9917,8124,2,0x98300c10ca,994,7412,0,34,160200,8158,12.9917,8124,34,160102
5056000,8192,34,27,7,1294335966,34,1294344158,0,8154,12.9905,8118,3,0xfdbaee132c,1,8,0,36,160236,8154,12.9905,8118,36,160138
5057000,8192,34,27,7,1294589924,34,1294598116,0,8148,12.9893,8104,2,0x0995ec7150,1026,7418,0,44,160280,8148,12.9893,8104,44,160182
5058000,8192,34,27,7,1294843877,34,1294852069,0,8155,12.9909,8119,3,0xe5d1aadbf1,943,7451,0,36,160316,8155,12.9909,8119,36,160218
5059000,8192,34,27,7,1295097830,34,1295106022,0,8151,12.9899,8111,3,0xd7eff72979,984,7423,0,40,160356,8151,12.9899,8111,40,160258
5060000,8192,34,27,7,1295359966,34,1295368158,0,8171,12.9949,8150,2,0xd099fb0ead,1,7,0,21,160377,8171,12.9949,8150,21,160279
5061000,8192,34,27,7,1295613924,34,1295622116,0,8150,12.9897,8108,2,0xd4dae47368,995,7428,0,42,160419,8150,12.9897,8108,42,160321
5062000,8192,34,27,7,1295867877,34,1295876069,0,8155,12.9909,8119,3,0xac13f7e8b9,1014,7395,0,36,160455,8156,12.9911,8121,35,160356
5063000,8192,34,27,7,1296121830,34,1296130022,0,8164,12.9932,8136,2,0xf17ede2381,958,7435,0,28,160483,8164,12.9932,8136,28,160384
5064000,8192,34,27,7,1296383966,34,1296392158,0,8161,12.9923,8131,3,0xe18a6b18b9,2,7,0,30,160513,8161,12.9923,8131,30,160414
5065000,8192,34,27,7,1296637924,34,1296646116,0,8164,12.9932,8136,2,0x274324c13a,946,7379,0,28,160541,8164,12.9932,8136,28,160442
5066000,8192,34,27,7,1296891877,34,1296900069,0,8168,12.9940,8145,3,0x2779f5bbe8,1033,7443,0,23,160564,8169,12.9943,8147,22,160464
5067000,8192,34,27,7,1297145830,34,1297154022,0,8153,12.9905,8114,2,0x7154cc1cb5,953,7415,0,39,160603,8153,12.9905,8114,39,160503
5068000,8192,34,27,7,1297407966,34,1297416158,0,8146,12.9887,8101,3,0xb5b7ec77f8,1,9,0,45,160648,8146,12.9887,8101,45,160548
5069000,8192,34,27,7,1297661924,34,1297670116,0,8158,12.9917,8124,2,0xdc746092ed,1003,7428,0,34,160682,8158,12.9917,8124,34,160582
5070000,8192,34,27,7,1297915877,34,1297924069,0,8161,12.9924,8130,2,0x0e06ce2362,940,7392,0,31,160713,8161,12.9924,8130,31,160613
5071000,8192,34,27,7,1298169830,34,1298178022,0,8151,12.9900,8110,2,0x3470ea9090,964,7388,0,41,160754,8151,12.9900,8110,41,160654
5072000,8192,34,27,7,1298431966,34,1298440158,0,8156,12.9912,8120,2,0x2bb08efee3,2,9,0,36,160790,8156,12.9912,8120,36,160690
5073000,8192,34,27,7,1298685924,34,1298694116,0,8163,12.9929,8134,2,0xccd1b07075,964,7375,0,29,160819,8163,12.9929,8134,29,160719
5074000,8192,34,27,7,1298939877,34,1298948069,0,8161,12.9923,8131,3,0x6226df3ede,930,7422,0,30,160849,8161,12.9923,8131,30,160749
5075000,8192,34,27,7,1299193830,34,1299202022,0,8160,12.9922,8128,2,0x6bb86b7bcc,928,7439,0,32,160881,8160,12.9922,8128,32,160781
5076000,8192,34,27,7,1299455966,34,1299464158,0,8149,12.9895,8106,2,0x60fbdc3cf1,1,8,0,43,160924,8149,12.9895,8106,43,160824
5077000,8192,34,27,7,1299709924,34,1299718116,0,8158,12.9917,8124,2,0xa041ce5aa5,1047,7453,0,34,160958,8158,12.9917,8124,34,160858
5078000,8192,34,27,7,1299963877,34,1299972069,0,8170,12.9946,8148,2,0x4bea4af744,923,7407,0,22,160980,8170,12.9946,8148,22,160880
5079000,8192,34,27,7,1300217830,34,1300226022,0,8157,12.9915,8122,2,0x5cb44add7d,995,7416,0,35,161015,8157,12.9915,8122,35,160915
5080000,8192,34,27,7,1300479966,34,1300488158,0,8172,12.9951,8152,2,0x69ca81cf12,2,8,0,20,161035,8172,12.9951,8152,20,160935
5081000,8192,34,27,7,1300733924,34,1300742116,0,8160,12.9922,8128,2,0xf4bc1184df,997,7394,0,32,161067,8160,12.9922,8128,32,160967
5082000,8192,34,27,7,1300987877,34,1300996069,0,8163,12.9929,8134,2,0xe392cb8c75,991,7426,0,29,161096,8163,12.9929,8134,29,160996
5083000,8192,34,27,7,1301241830,34,1301250022,0,8160,12.9922,8128,2,0xa7a340bbfa,960,7431,0,32,161128,8160,12.9922,8128,32,161028
5084000,8192,34,27,7,1301503966,34,1301512158,0,8170,12.9946,8148,2,0x1b419973ad,0,7,0,22,161150,8170,12.9946,8148,22,161050
5085000,8192,34,27,7,1301757924,34,1301766116,0,8163,12.9928,8135,3,0xc1c407619d,949,7443,0,28,161178,8163,12.9928,8135,28,161078
5086000,8192,34,27,7,1302011877,34,1302020069,0,8163,12.9929,8134,2,0xbe17297c8c,976,7459,0,29,161207,8163,12.9929,8134,29,161107
5087000,8192,34,27,7,1302265830,34,1302274022,0,8157,12.9915,8122,2,0xa6f0a0d3b8,975,7428,0,35,161242,8157,12.9915,8122,35,161142
5088000,8192,34,27,7,1302527966,34,1302536158,0,8153,12.9905,8114,2,0x9c4a69857d,1,7,0,39,161281,8153,12.9905,8114,39,161181
5089000,8192,34,27,7,1302781924,34,1302790116,0,8162,12.9927,8132,2,0x73f418a7ab,1001,7406,0,30,161311,8162,12.9927,8132,30,161211
5090000,8192,34,27,7,1303035877,34,1303044069,0,8161,12.9924,8130,2,0xa6758fffd7,977,7442,0,31,161342,8161,12.9924,8130,31,161242
5091000,8192,34,27,7,1303289830,34,1303298022,0,8159,12.9919,8126,2,0x0367400367,1013,7471,0,33,161375,8160,12.9922,8128,32,161274
5092000,8192,34,27,7,1303551966,34,1303560158,0,8156,12.9912,8120,2,0x3cb5092af4,1,8,0,36,161411,8156,12.9912,8120,36,161310
5093000,8192,34,27,7,1303805924,34,1303814116,0,8147,12.9890,8102,2,0xde09178d55,958,7381,0,45,161456,8147,12.9890,8102,45,161355
5094000,8192,34,27,7,1304059877,34,1304068069,0,8159,12.9919,8126,2,0xafd1b8651a,992,7428,0,33,161489,8159,12.9919,8126,33,161388
5095000,8192,34,27,7,1304313830,34,1304322022,0,8153,12.9905,8114,2,0xf5b96ee6b0,985,7418,0,39,161528,8153,12.9905,8114,39,161427
5096000,8192,34,27,7,1304575966,34,1304584158,0,8157,12.9915,8122,2,0xf693e4ad62,1,8,0,35,161563,8157,12.9915,8122,35,161462
5097000,8192,34,27,7,1304829924,34,1304838116,0,8156,12.9912,8120,2,0x46aa8427c3,967,7413,0,36,161599,8156,12.9912,8120,36,161498
5098000,8192,34,27,7,1305083877,34,1305092069,0,8166,12.9937,8140,2,0xdebf9f2675,985,7385,0,26,161625,8166,12.9937,8140,26,161524
5099000,8192,34,27,7,1305337830,34,1305346022,0,8166,12.9937,8140,2,0xa54934c7fb,1003,7441,0,26,161651,8166,12.9937,8140,26,161550
5100000,8192,34,27,7,1305599966,34,1305608158,0,8162,12.9927,8132,2,0x2e4d5f4919,1,9,0,30,161681,8162,12.9927,8132,30,161580
5101000,8192,34,27,7,1305853924,34,1305862116,0,8155,12.9910,8118,2,0x8af48a5a0c,947,7416,0,37,161718,8155,12.9910,8118,37,161617
5102000,8192,34,27,7,1306107877,34,1306116069,0,8168,12.9941,8144,2,0xd1fb605e51,1024,7421,0,24,161742,8168,12.9941,8144,24,161641
5103000,8192,34,27,7,1306361830,34,1306370022,0,8156,12.9912,8120,2,0xa738e73ce1,1026,7422,0,36,161778,8156,12.9912,8120,36,161677
5104000,8192,34,27,7,1306623966,34,1306632158,0,8162,12.9927,8132,2,0x62ec5f66a3,2,9,0,30,161808,8162,12.9927,8132,30,161707
5105000,8192,34,27,7,1306877924,34,1306886116,0,8164,12.9932,8136,2,0x0fe12b1286,991,7395,0,28,161836,8164,12.9932,8136,28,161735
5106000,8192,34,27,7,1307131877,34,1307140069,0,8152,12.9902,8112,2,0xd920beefbd,974,7382,0,40,161876,8152,12.9902,8112,40,161775
5107000,8192,34,27,7,1307385830,34,1307394022,0,8155,12.9910,8118,2,0xbf093250e1,997,7410,0,37,161913,8155,12.9910,8118,37,161812
5108000,8192,34,27,7,1307647966,34,1307656158,0,8158,12.9917,8124,2,0x3f64fa7341,2,9,0,34,161947,8158,12.9917,8124,34,161846
5109000,8192,34,27,7,1307901924,34,1307910116,0,8171,12.9949,8150,2,0x37ec1752c2,985,7438,0,21,161968,8171,12.9949,8150,21,161867
5110000,8192,34,27,7,1308155877,34,1308164069,0,8155,12.9910,8118,2,0x556d3b2dff,947,7453,0,37,162005,8156,12.9912,8120,36,161903
5111000,8192,34,27,7,1308409830,34,1308418022,0,8168,12.9940,8145,3,0x1b12698853,986,7404,0,23,162028,8168,12.9940,8145,23,161926
5112000,8192,34,27,7,1308671966,34,1308680158,0,8162,12.9927,8132,2,0x25e47ec003,0,7,0,30,162058,8162,12.9927,8132,30,161956
5113000,8192,34,27,7,1308925924,34,1308934116,0,8160,12.9922,8128,2,0x3f894a3295,981,7412,0,32,162090,8160,12.9922,8128,32,161988
5114000,8192,34,27,7,1309179877,34,1309188069,0,8163,12.9929,8134,2,0x3e331e58a5,996,7425,0,29,162119,8163,12.9929,8134,29,162017
5115000,8192,34,27,7,1309433830,34,1309442022,0,8166,12.9937,8140,2,0x407c34178b,1009,7374,0,26,162145,8166,12.9937,8140,26,162043
5116000,8192,34,27,7,1309695966,34,1309704158,0,8156,12.9912,8120,2,0x327b33d897,0,8,0,36,162181,8156,12.9912,8120,36,162079
5117000,8192,34,27,7,1309949924,34,1309958116,0,8166,12.9937,8140,2,0xbfe6f6bacc,1012,7423,0,26,162207,8166,12.9937,8140,26,162105
5118000,8192,34,27,7,1310203877,34,1310212069,0,8160,12.9922,8128,2,0xde1e5c328c,989,7425,0,32,162239,8160,12.9922,8128,32,162137
5119000,8192,34,27,7,1310457830,34,1310466022,0,8152,12.9902,8112,2,0x029d864d75,1007,7393,0,40,162279,8152,12.9902,8112,40,162177
5120000,8192,34,27,7,1310719966,34,1310728158,0,8160,12.9922,8128,2,0x3b22df7dcf,1,6,0,32,162311,8160,12.9922,8128,32,162209
5121000,8192,34,27,7,1310973924,34,1310982116,0,8160,12.9922,8128,2,0x7b8a9ead2a,937,7395,0,32,162343,8160,12.9922,8128,32,162241
5122000,8192,34,27,7,1311227877,34,1311236069,0,8160,12.9922,8128,2,0x15e6606ab9,990,7405,0,32,162375,8160,12.9922,8128,32,162273
5123000,8192,34,27,7,1311481830,34,1311490022,0,8168,12.9941,8144,2,0xad56ef2a5c,936,7439,0,24,162399,8168,12.9941,8144,24,162297
5124000,8192,34,27,7,1311743966,34,1311752158,0,8160,12.9922,8128,2,0x52c3c2b92a,0,6,0,32,162431,8160,12.9922,8128,32,162329
5125000,8192,34,27,7,1311997924,34,1312006116,0,8154,12.9907,8116,2,0x285b3c9d81,989,7389,0,38,162469,8154,12.9907,8116,38,162367
5126000,8192,34,27,7,1312251877,34,1312260069,0,8159,12.9919,8126,2,0xb9d3c9c8ec,969,7375,0,33,162502,8159,12.9919,8126,33,162400
5127000,8192,34,27,7,1312505830,34,1312514022,0,8166,12.9937,8140,2,0xc53b7d4b93,975,7417,0,26,162528,8166,12.9937,8140,26,162426
5128000,8192,34,27,7,1312767966,34,1312776158,0,8151,12.9900,8110,2,0xe13b5d2b66,4,8,0,41,162569,8151,12.9900,8110,41,162467
5129000,8192,34,27,7,1313021924,34,1313030116,0,8153,12.9904,8115,3,0x460662b4f4,972,7401,0,38,162607,8153,12.9904,8115,38,162505
5130000,8192,34,27,7,1313275877,34,1313284069,0,8162,12.9927,8132,2,0xcd8f9ce132,951,7467,0,30,162637,8162,12.9927,8132,30,162535
5131000,8192,34,27,7,1313529830,34,1313538022,0,8170,12.9946,8148,2,0x902079511f,930,7425,0,22,162659,8170,12.9946,8148,22,162557
5132000,8192,34,27,7,1313791966,34,1313800158,0,8165,12.9934,8138,2,0x22a09e974e,1,8,0,27,162686,8165,12.9934,8138,27,162584
5133000,8192,34,27,7,1314045924,34,1314054116,0,8163,12.9929,8134,2,0x78d0701c65,966,7388,0,29,162715,8163,12.9929,8134,29,162613
5134000,8192,34,27,7,1314299877,34,1314308069,0,8158,12.9917,8124,2,0x81f0a5eb23,969,7400,0,34,162749,8158,12.9917,8124,34,162647
5135000,8192,34,27,7,1314553830,34,1314562022,0,8158,12.9917,8124,2,0xa3c57341ca,995,7432,0,34,162783,8158,12.9917,8124,34,162681
5136000,8192,34,27,7,1314815966,34,1314824158,0,8154,12.9907,8116,2,0xcfe3547ce5,0,9,0,38,162821,8154,12.9907,8116,38,162719
5137000,8192,34,27,7,1315069924,34,1315078116,0,8157,12.9915,8122,2,0x8d338b005c,1001,7458,0,35,162856,8157,12.9915,8122,35,162754
5138000,8192,34,27,7,1315323877,34,1315332069,0,8165,12.9934,8138,2,0x7dfa72d878,988,7447,0,27,162883,8165,12.9934,8138,27,162781
5139000,8192,34,27,7,1315577830,34,1315586022,0,8160,12.9922,8128,2,0xaf9fc64cd5,971,7489,0,32,162915,8160,12.9922,8128,32,162813
5140000,8192,34,27,7,1315839966,34,1315848158,0,8162,12.9927,8132,2,0xca3f4a9639,0,9,0,30,162945,8162,12.9927,8132,30,162843
5141000,8192,34,27,7,1316093924,34,1316102116,0,8173,12.9954,8154,2,0xeaf19b869f,958,7420,0,19,162964,8173,12.9954,8154,19,162862
5142000,8192,34,27,7,1316347877,34,1316356069,0,8162,12.9926,8133,3,0xa8990ee20e,1008,7414,0,29,162993,8162,12.9926,8133,29,162891
5143000,8192,34,27,7,1316601830,34,1316610022,0,8163,12.9929,8134,2,0x7508061a4b,1007,7392,0,29,163022,8163,12.9929,8134,29,162920
5144000,8192,34,27,7,1316863966,34,1316872158,0,8161,12.9924,8130,2,0xe8b056c0bf,3,7,0,31,163053,8161,12.9924,8130,31,162951
5145000,8192,34,27,7,1317117924,34,1317126116,0,8165,12.9934,8138,2,0x20c1ea4576,988,7405,0,27,163080,8165,12.9934,8138,27,162978
5146000,8192,34,27,7,1317371877,34,1317380069,0,8166,12.9937,8140,2,0xd21612441e,976,7442,0,26,163106,8166,12.9937,8140,26,163004
5147000,8192,34,27,7,1317625830,34,1317634022,0,8160,12.9922,8128,2,0x9769878a49,975,7406,0,32,163138,8160,12.9922,8128,32,163036
5148000,8192,34,27,7,1317887966,34,1317896158,0,8161,12.9923,8131,3,0x5d45421430,3,8,0,30,163168,8161,12.9923,8131,30,163066
5149000,8192,34,27,7,1318141924,34,1318150116,0,8166,12.9937,8140,2,0xe111036292,979,7443,0,26,163194,8166,12.9937,8140,26,163092
5150000,8192,34,27,7,1318395877,34,1318404069,0,8151,12.9900,8110,2,0x761e562a2f,1017,7391,0,41,163235,8151,12.9900,8110,41,163133
5151000,8192,34,27,7,1318649830,34,1318658022,0,8165,12.9934,8138,2,0xfab1e4e0ae,1028,7422,0,27,163262,8165,12.9934,8138,27,163160
5152000,8192,34,27,7,1318911966,34,1318920158,0,8160,12.9922,8128,2,0x669859efa3,0,8,0,32,163294,8160,12.9922,8128,32,163192
5153000,8192,34,27,7,1319165924,34,1319174116,0,8162,12.9927,8132,2,0x2759925a6e,993,7416,0,30,163324,8162,12.9927,8132,30,163222
5154000,8192,34,27,7,1319419877,34,1319428069,0,8161,12.9924,8130,2,0xb293f19a20,950,7402,0,31,163355,8161,12.9924,8130,31,163253
5155000,8192,34,27,7,1319673830,34,1319682022,0,8170,12.9946,8148,2,0xa615a9f366,935,7415,0,22,163377,8170,12.9946,8148,22,163275
5156000,8192,34,27,7,1319935966,34,1319944158,0,8158,12.9917,8124,2,0x27722aae3b,1,7,0,34,163411,8158,12.9917,8124,34,163309
5157000,8192,34,27,7,1320189924,34,1320198116,0,8163,12.9929,8134,2,0x4741613d7e,974,7438,0,29,163440,8163,12.9929,8134,29,163338
5158000,8192,34,27,7,1320443877,34,1320452069,0,8158,12.9917,8124,2,0x950807f0bb,973,7437,0,34,163474,8158,12.9917,8124,34,163372
5159000,8192,34,27,7,1320697830,34,1320706022,0,8154,12.9907,8116,2,0x095dad96b0,979,7390,0,38,163512,8154,12.9907,8116,38,163410
5160000,8192,34,27,7,1320959966,34,1320968158,0,8159,12.9919,8126,2,0x825f009a05,4,8,0,33,163545,8159,12.9919,8126,33,163443
5161000,8192,34,27,7,1321213924,34,1321222116,0,8156,12.9912,8120,2,0x9ecc275910,991,7400,0,36,163581,8156,12.9912,8120,36,163479
5162000,8192,34,27,7,1321467877,34,1321476069,0,8153,12.9905,8114,2,0x25793fb5d8,998,7431,0,39,163620,8153,12.9905,8114,39,163518
5163000,8192,34,27,7,1321721830,34,1321730022,0,8167,12.9939,8142,2,0xfaa564772e,951,7448,0,25,163645,8168,12.9941,8144,24,163542
5164000,8192,34,27,7,1321983966,34,1321992158,0,8166,12.9937,8140,2,0xa3da77a443,1,7,0,26,163671,8166,12.9937,8140,26,163568
5165000,8192,34,27,7,1322237924,34,1322246116,0,8158,12.9916,8125,3,0x3444658444,995,7459,0,33,163704,8158,12.9916,8125,33,163601
5166000,8192,34,27,7,1322491877,34,1322500069,0,8163,12.9929,8134,2,0xb79de7a65e,980,7353,0,29,163733,8163,12.9929,8134,29,163630
5167000,8192,34,27,7,1322745830,34,1322754022,0,8162,12.9927,8132,2,0x6d6d332523,989,7422,0,30,163763,8162,12.9927,8132,30,163660
5168000,8192,34,27,7,1323007966,34,1323016158,0,8159,12.9919,8126,2,0x84f3fa923d,0,7,0,33,163796,8159,12.9919,8126,33,163693
5169000,8192,34,27,7,1323261924,34,1323270116,0,8153,12.9905,8114,2,0x9163240ee9,976,7380,0,39,163835,8153,12.9905,8114,39,163732
5170000,8192,34,27,7,1323515877,34,1323524069,0,8155,12.9910,8118,2,0x4961104412,946,7439,0,37,163872,8155,12.9910,8118,37,163769
5171000,8192,34,27,7,1323769830,34,1323778022,0,8157,12.9915,8122,2,0xbe18a40149,1008,7385,0,35,163907,8157,12.9915,8122,35,163804
5172000,8192,34,27,7,1324031966,34,1324040158,0,8162,12.9927,8132,2,0xb8161e4fc2,4,9,0,30,163937,8162,12.9927,8132,30,163834
5173000,8192,34,27,7,1324285924,34,1324294116,0,8157,12.9915,8122,2,0xacf8be194e,944,7385,0,35,163972,8157,12.9915,8122,35,163869
5174000,8192,34,27,7,1324539877,34,1324548069,0,8163,12.9929,8134,2,0x098af46db8,969,7443,0,29,164001,8163,12.9929,8134,29,163898
5175000,8192,34,27,7,1324793830,34,1324802022,0,8158,12.9917,8124,2,0x0e9acff017,972,7463,0,34,164035,8158,12.9917,8124,34,163932
5176000,8192,34,27,7,1325055966,34,1325064158,0,8155,12.9910,8118,2,0xfab01a6119,2,9,0,37,164072,8155,12.9910,8118,37,163969
5177000,8192,34,27,7,1325309924,34,1325318116,0,8165,12.9934,8138,2,0x52f31439df,957,7441,0,27,164099,8165,12.9934,8138,27,163996
5178000,8192,34,27,7,1325563877,34,1325572069,0,8163,12.9929,8134,2,0xb4639b12b3,1038,7421,0,29,164128,8163,12.9929,8134,29,164025
5179000,8192,34,27,7,1325817830,34,1325826022,0,8161,12.9924,8130,2,0x2c581cb469,970,7474,0,31,164159,8161,12.9924,8130,31,164056
5180000,8192,34,27,7,1326079966,34,1326088158,0,8160,12.9922,8128,2,0xccd5e317ad,2,8,0,32,164191,8160,12.9922,8128,32,164088
5181000,8192,34,27,7,1326333924,34,1326342116,0,8162,12.9927,8132,2,0x8d50e2d156,963,7422,0,30,164221,8162,12.9927,8132,30,164118
5182000,8192,34,27,7,1326587877,34,1326596069,0,8160,12.9922,8128,2,0xd50d1cc89a,986,7412,0,32,164253,8160,12.9922,8128,32,164150
5183000,8192,34,27,7,1326841830,34,1326850022,0,8160,12.9922,8128,2,0x1eec6042cb,997,7423,0,32,164285,8160,12.9922,8128,32,164182
5184000,8192,34,27,7,1327103966,34,1327112158,0,8155,12.9910,8118,2,0x9c561e901d,1,9,0,37,164322,8155,12.9910,8118,37,164219
5185000,8192,34,27,7,1327357924,34,1327366116,0,8164,12.9932,8136,2,0x0119faa95d,998,7479,0,28,164350,8164,12.9932,8136,28,164247
5186000,8192,34,27,7,1327611877,34,1327620069,0,8166,12.9937,8140,2,0xe069fa4aee,983,7368,0,26,164376,8166,12.9937,8140,26,164273
5187000,8192,34,27,7,1327865830,34,1327874022,0,8155,12.9910,8118,2,0x4b4173fa58,974,7414,0,37,164413,8155,12.9910,8118,37,164310
5188000,8192,34,27,7,1328127966,34,1328136158,0,8160,12.9922,8128,2,0x3a1f08f9f7,3,8,0,32,164445,8160,12.9922,8128,32,164342
5189000,8192,34,27,7,1328381924,34,1328390116,0,8160,12.9922,8128,2,0x180b0f1c31,908,7377,0,32,164477,8160,12.9922,8128,32,164374
5190000,8192,34,27,7,1328635877,34,1328644069,0,8157,12.9915,8122,2,0x4bb2544525,960,7440,0,35,164512,8157,12.9915,8122,35,164409
5191000,8192,34,27,7,1328889830,34,1328898022,0,8165,12.9934,8138,2,0xd7f20deb68,942,7425,0,27,164539,8165,12.9934,8138,27,164436
5192000,8192,34,27,7,1329151966,34,1329160158,0,8161,12.9924,8130,2,0x3197273486,1,8,0,31,164570,8161,12.9924,8130,31,164467
5193000,8192,34,27,7,1329405924,34,1329414116,0,8163,12.9929,8134,2,0x5413f16297,959,7405,0,29,164599,8163,12.9929,8134,29,164496
5194000,8192,34,27,7,1329659877,34,1329668069,0,8149,12.9895,8106,2,0xe1c7c1a8a0,1033,7414,0,43,164642,8149,12.9895,8106,43,164539
5195000,8192,34,27,7,1329913830,34,1329922022,0,8155,12.9910,8118,2,0xa468d4a8f5,981,7403,0,37,164679,8156,12.9912,8120,36,164575
5196000,8192,34,27,7,1330175966,34,1330184158,0,8158,12.9916,8125,3,0x6b2008f36b,1,9,0,33,164712,8158,12.9916,8125,33,164608
5197000,8192,34,27,7,1330429924,34,1330438116,0,8168,12.9941,8144,2,0xcdfcfff68c,979,7415,0,24,164736,8168,12.9941,8144,24,164632
5198000,8192,34,27,7,1330683877,34,1330692069,0,8140,12.9873,8088,2,0x6ea4d8ec08,960,7436,0,52,164788,8140,12.9873,8088,52,164684
5199000,8192,34,27,7,1330937830,34,1330946022,0,8156,12.9912,8120,2,0x494bf4c1a4,951,7460,0,36,164824,8156,12.9912,8120,36,164720
5200000,8192,34,27,7,1331199966,34,1331208158,0,8163,12.9929,8134,2,0x5384a2e354,0,7,0,29,164853,8163,12.9929,8134,29,164749
5201000,8192,34,27,7,1331453924,34,1331462116,0,8163,12.9929,8134,2,0xfa44f6ca54,979,7363,0,29,164882,8163,12.9929,8134,29,164778
5202000,8192,34,27,7,1331707877,34,1331716069,0,8163,12.9929,8134,2,0x650c250701,1027,7379,0,29,164911,8163,12.9929,8134,29,164807
5203000,8192,34,27,7,1331961830,34,1331970022,0,8158,12.9916,8125,3,0x0484ca2f75,1013,7356,0,33,164944,8158,12.9916,8125,33,164840
5204000,8192,35,27,8,1332223965,35,1332232157,0,8159,12.9919,8126,2,0xd4cae4ab87,1,8,0,33,164977,8159,12.9919,8126,33,164873
5205000,8192,35,27,8,1332477923,35,1332486115,0,8162,12.9927,8132,2,0x5346708b0a,970,7442,0,30,165007,8162,12.9927,8132,30,164903
5206000,8192,35,27,8,1332731876,35,1332740068,0,8158,12.9917,8124,2,0xdaced97136,1018,7461,0,34,165041,8158,12.9917,8124,34,164937
5207000,8192,35,27,8,1332985829,35,1332994021,0,8158,12.9917,8124,2,0x96e689feb5,923,7448,0,34,165075,8158,12.9917,8124,34,164971
5208000,8192,35,27,8,1333247965,35,1333256157,0,8158,12.9917,8124,2,0xa2b8f71817,2,7,0,34,165109,8158,12.9917,8124,34,165005
5209000,8192,35,27,8,1333501923,35,1333510115,0,8160,12.9922,8128,2,0xb184ec81f9,976,7410,0,32,165141,8160,12.9922,8128,32,165037
5210000,8192,35,27,8,1333755876,35,1333764068,0,8149,12.9895,8106,2,0x4d33c27d27,1036,7458,0,43,165184,8149,12.9895,8106,43,165080
5211000,8192,35,27,8,1334009829,35,1334018021,0,8163,12.9929,8134,2,0x75749d6279,944,7444,0,29,165213,8163,12.9929,8134,29,165109
5212000,8192,35,27,8,1334271965,35,1334280157,0,8155,12.9910,8118,2,0xc9c1c30ba8,3,9,0,37,165250,8155,12.9910,8118,37,165146
5213000,8192,35,27,8,1334525923,35,1334534115,0,8160,12.9922,8128,2,0xe0c4c185e3,979,7441,0,32,165282,8160,12.9922,8128,32,165178
5214000,8192,35,27,8,1334779876,35,1334788068,0,8167,12.9939,8142,2,0xf302411fea,970,7415,0,25,165307,8167,12.9939,8142,25,165203
5215000,8192,35,27,8,1335033829,35,1335042021,0,8153,12.9905,8114,2,0x214407c952,948,7396,0,39,165346,8153,12.9905,8114,39,165242
5216000,8192,35,27,8,1335295965,35,1335304157,0,8164,12.9932,8136,2,0xd75bf3af37,1,8,0,28,165374,8164,12.9932,8136,28,165270
5217000,8192,35,27,8,1335549923,35,1335558115,0,8163,12.9929,8134,2,0x3bf68c6373,971,7429,0,29,165403,8163,12.9929,8134,29,165299
5218000,8192,35,27,8,1335803876,35,1335812068,0,8164,12.9932,8136,2,0x5dbcc0e32e,934,7437,0,28,165431,8164,12.9932,8136,28,165327
5219000,8192,35,27,8,1336057829,35,1336066021,0,8152,12.9902,8112,2,0xef42748cda,967,7459,0,40,165471,8152,12.9902,8112,40,165367
5220000,8192,35,27,8,1336319965,35,1336328157,0,8170,12.9946,8148,2,0x2514c31c60,1,9,0,22,165493,8170,12.9946,8148,22,165389
5221000,8192,35,27,8,1336573923,35,1336582115,0,8154,12.9907,8116,2,0x3a25d36cd9,961,7418,0,38,165531,8154,12.9907,8116,38,165427
5222000,8192,35,27,8,1336827876,35,1336836068,0,8150,12.9897,8108,2,0x0bd862d826,984,7366,0,42,165573,8150,12.9897,8108,42,165469
5223000,8192,35,27,8,1337081829,35,1337090021,0,8162,12.9927,8132,2,0xd14e371044,958,7432,0,30,165603,8162,12.9927,8132,30,165499
5224000,8192,35,27,8,1337343965,35,1337352157,0,8167,12.9939,8142,2,0xbd77adf7bf,1,8,0,25,165628,8167,12.9939,8142,25,165524
5225000,8192,35,27,8,1337597923,35,1337606115,0,8168,12.9941,8144,2,0x27a7a09ee6,959,7458,0,24,165652,8168,12.9941,8144,24,165548
5226000,8192,37,29,8,1337851874,37,1337860066,0,8161,12.9924,8130,2,0x2eaba982e6,1005,7416,0,31,165683,8161,12.9924,8130,31,165579
5227000,8192,37,29,8,1338105827,37,1338114019,0,8159,12.9919,8126,2,0x9df03f7b53,990,7399,0,33,165716,8159,12.9919,8126,33,165612
5228000,8192,37,29,8,1338367963,37,1338376155,0,8151,12.9900,8110,2,0xf64df9a734,2,9,0,41,165757,8151,12.9900,8110,41,165653
5229000,8192,37,29,8,1338621921,37,1338630113,0,8151,12.9900,8110,2,0xe40acae044,979,7417,0,41,165798,8151,12.9900,8110,41,165694
5230000,8192,37,29,8,1338875874,37,1338884066,0,8149,12.9895,8106,2,0xaeb44d0ee9,1000,7397,0,43,165841,8149,12.9895,8106,43,165737
5231000,8192,37,29,8,1339129827,37,1339138019,0,8162,12.9926,8133,3,0xb0d7b5f6f2,954,7422,0,29,165870,8162,12.9926,8133,29,165766
5232000,8192,37,29,8,1339391963,37,1339400155,0,8167,12.9939,8142,2,0x12417f61aa,0,8,0,25,165895,8167,12.9939,8142,25,165791
5233000,8192,37,29,8,1339645921,37,1339654113,0,8159,12.9919,8126,2,0x00a2381508,947,7372,0,33,165928,8159,12.9919,8126,33,165824
5234000,8192,37,29,8,1339899874,37,1339908066,0,8167,12.9939,8142,2,0xbd146d446a,970,7407,0,25,165953,8167,12.9939,8142,25,165849
5235000,8192,37,29,8,1340153827,37,1340162019,0,8158,12.9917,8124,2,0x51fc582c6b,926,7428,0,34,165987,8158,12.9917,8124,34,165883
5236000,8192,37,29,8,1340415963,37,1340424155,0,8156,12.9912,8120,2,0xe80c23814c,1,6,0,36,166023,8156,12.9912,8120,36,165919
5237000,8192,37,29,8,1340669921,37,1340678113,0,8163,12.9929,8134,2,0x4d5325ad47,942,7399,0,29,166052,8163,12.9929,8134,29,165948
5238000,8192,37,29,8,1340923874,37,1340932066,0,8156,12.9912,8120,2,0x7231b3738b,1006,7437,0,36,166088,8156,12.9912,8120,36,165984
5239000,8192,37,29,8,1341177827,37,1341186019,0,8167,12.9938,8143,3,0x26d680c0e0,971,7403,0,24,166112,8167,12.9938,8143,24,166008
5240000,8192,37,29,8,1341439963,37,1341448155,0,8148,12.9893,8104,2,0xcacd3a995d,0,8,0,44,166156,8148,12.9893,8104,44,166052
5241000,8192,37,29,8,1341693921,37,1341702113,0,8164,12.9932,8136,2,0x8b7dbe07b1,966,7450,0,28,166184,8164,12.9932,8136,28,166080
5242000,8192,37,29,8,1341947874,37,1341956066,0,8158,12.9917,8124,2,0xace06267a3,1050,7423,0,34,166218,8158,12.9917,8124,34,166114
5243000,8192,37,29,8,1342201827,37,1342210019,0,8158,12.9917,8124,2,0xe795b1d544,978,7442,0,34,166252,8158,12.9917,8124,34,166148
5244000,8192,37,29,8,1342463963,37,1342472155,0,8161,12.9924,8130,2,0x9fe4e0496e,2,7,0,31,166283,8161,12.9924,8130,31,166179
5245000,8192,37,29,8,1342717921,37,1342726113,0,8146,12.9888,8100,2,0xf11c994019,945,7375,0,46,166329,8146,12.9888,8100,46,166225
5246000,8192,37,29,8,1342971874,37,1342980066,0,8158,12.9917,8124,2,0x45e3f0fb76,1046,7411,0,34,166363,8158,12.9917,8124,34,166259
5247000,8192,37,29,8,1343225827,37,1343234019,0,8157,12.9915,8122,2,0xdfacbf3700,1032,7461,0,35,166398,8158,12.9917,8124,34,166293
5248000,8192,37,29,8,1343487963,37,1343496155,0,8146,12.9888,8100,2,0x65e3c5a55e,1,8,0,46,166444,8146,12.9888,8100,46,166339
5249000,8192,37,29,8,1343741921,37,1343750113,0,8150,12.9897,8108,2,0xbc8ca5e46f,938,7399,0,42,166486,8150,12.9897,8108,42,166381
5250000,8192,37,29,8,1343995874,37,1344004066,0,8162,12.9927,8132,2,0xa2dcf2ed72,942,7465,0,30,166516,8162,12.9927,8132,30,166411
5251000,8192,37,29,8,1344249827,37,1344258019,0,8162,12.9927,8132,2,0xf66b15e152,958,7380,0,30,166546,8162,12.9927,8132,30,166441
5252000,8192,37,29,8,1344511963,37,1344520155,0,8158,12.9917,8124,2,0x5792c9b8fd,1,8,0,34,166580,8158,12.9917,8124,34,166475
5253000,8192,37,29,8,1344765921,37,1344774113,0,8157,12.9915,8122,2,0x8c834ed3ba,960,7354,0,35,166615,8157,12.9915,8122,35,166510
5254000,8192,37,29,8,1345019874,37,1345028066,0,8153,12.9905,8114,2,0xda7491fb64,994,7374,0,39,166654,8153,12.9905,8114,39,166549
5255000,8192,37,29,8,1345273827,37,1345282019,0,8165,12.9934,8138,2,0x6d11d8774d,1057,7419,0,27,166681,8165,12.9934,8138,27,166576
5256000,8192,37,29,8,1345535963,37,1345544155,0,8158,12.9917,8124,2,0x3f217036fa,1,9,0,34,166715,8158,12.9917,8124,34,166610
5257000,8192,37,29,8,1345789921,37,1345798113,0,8170,12.9946,8148,2,0x8ae451dd4a,967,7396,0,22,166737,8170,12.9946,8148,22,166632
5258000,8192,37,29,8,1346043874,37,1346052066,0,8156,12.9912,8120,2,0x7055abc458,972,7369,0,36,166773,8156,12.9912,8120,36,166668
5259000,8192,37,29,8,1346297827,37,1346306019,0,8165,12.9934,8138,2,0x69a17b85c6,945,7438,0,27,166800,8165,12.9934,8138,27,166695
5260000,8192,37,29,8,1346559963,37,1346568155,0,8160,12.9922,8128,2,0xc5aa82ecf6,0,9,0,32,166832,8160,12.9922,8128,32,166727
5261000,8192,37,29,8,1346813921,37,1346822113,0,8155,12.9910,8118,2,0x96efd501b5,938,7402,0,37,166869,8155,12.9910,8118,37,166764
5262000,8192,37,29,8,1347067874,37,1347076066,0,8158,12.9917,8124,2,0xb7116db765,1024,7436,0,34,166903,8158,12.9917,8124,34,166798
5263000,8192,37,29,8,1347321827,37,1347330019,0,8165,12.9934,8138,2,0x46c84c2e4c,961,7409,0,27,166930,8165,12.9934,8138,27,166825
5264000,8192,37,29,8,1347583963,37,1347592155,0,8163,12.9929,8134,2,0x7fe0d79efb,0,7,0,29,166959,8163,12.9929,8134,29,166854
5265000,8192,37,29,8,1347837921,37,1347846113,0,8165,12.9934,8138,2,0x7fcb984db0,953,7461,0,27,166986,8165,12.9934,8138,27,166881
5266000,8192,37,29,8,1348091874,37,1348100066,0,8152,12.9902,8112,2,0xbac400bcd9,1013,7420,0,40,167026,8152,12.9902,8112,40,166921
5267000,8192,37,29,8,1348345827,37,1348354019,0,8164,12.9932,8136,2,0xe0a63854c5,968,7440,0,28,167054,8164,12.9932,8136,28,166949
5268000,8192,37,29,8,1348607963,37,1348616155,0,8164,12.9932,8136,2,0x94ffe26826,1,8,0,28,167082,8164,12.9932,8136,28,166977
5269000,8192,37,29,8,1348861921,37,1348870113,0,8158,12.9917,8124,2,0x8f20831bf2,967,7399,0,34,167116,8158,12.9917,8124,34,167011
5270000,8192,37,29,8,1349115874,37,1349124066,0,8166,12.9937,8140,2,0xa87e6c4c31,920,7402,0,26,167142,8166,12.9937,8140,26,167037
5271000,8192,37,29,8,1349369827,37,1349378019,0,8165,12.9934,8138,2,0x5c35e08216,901,7460,0,27,167169,8165,12.9934,8138,27,167064
5272000,8192,37,29,8,1349631963,37,1349640155,0,8165,12.9934,8138,2,0x9c54954063,2,7,0,27,167196,8165,12.9934,8138,27,167091
5273000,8192,37,29,8,1349885921,37,1349894113,0,8166,12.9937,8140,2,0xdbcdcd3c30,1018,7393,0,26,167222,8166,12.9937,8140,26,167117
5274000,8192,37,29,8,1350139874,37,1350148066,0,8156,12.9912,8120,2,0x8b0b11a6c4,989,7427,0,36,167258,8156,12.9912,8120,36,167153
5275000,8192,37,29,8,1350393827,37,1350402019,0,8166,12.9937,8140,2,0x32f4974e8a,1022,7449,0,26,167284,8166,12.9937,8140,26,167179
5276000,8192,37,29,8,1350655963,37,1350664155,0,8156,12.9912,8120,2,0xf47325cd06,0,8,0,36,167320,8156,12.9912,8120,36,167215
5277000,8192,37,29,8,1350909921,37,1350918113,0,8163,12.9929,8134,2,0x56a7b605b9,965,7421,0,29,167349,8163,12.9929,8134,29,167244
5278000,8192,37,29,8,1351163874,37,1351172066,0,8153,12.9905,8114,2,0xfb9889248c,971,7405,0,39,167388,8153,12.9905,8114,39,167283
5279000,8192,37,29,8,1351417827,37,1351426019,0,8154,12.9907,8116,2,0x3fec51d795,996,7407,0,38,167426,8154,12.9907,8116,38,167321
5280000,8192,37,29,8,1351679963,37,1351688155,0,8169,12.9944,8146,2,0x4b2e6b98fc,0,7,0,23,167449,8169,12.9944,8146,23,167344
5281000,8192,37,29,8,1351933921,37,1351942113,0,8172,12.9951,8152,2,0x1f25e2200e,994,7455,0,20,167469,8172,12.9951,8152,20,167364
5282000,8192,37,29,8,1352187874,37,1352196066,0,8150,12.9897,8108,2,0x8998b417d2,976,7403,0,42,167511,8150,12.9897,8108,42,167406
5283000,8192,37,29,8,1352441827,37,1352450019,0,8163,12.9929,8134,2,0x8b9624cca4,982,7404,0,29,167540,8163,12.9929,8134,29,167435
5284000,8192,37,29,8,1352703963,37,1352712155,0,8157,12.9915,8122,2,0x924c10b464,1,8,0,35,167575,8157,12.9915,8122,35,167470
5285000,8192,37,29,8,1352957921,37,1352966113,0,8166,12.9937,8140,2,0xf651d9c888,955,7463,0,26,167601,8166,12.9937,8140,26,167496
5286000,8192,37,29,8,1353211874,37,1353220066,0,8165,12.9934,8138,2,0x51eac2264a,983,7429,0,27,167628,8165,12.9934,8138,27,167523
5287000,8192,37,29,8,1353465827,37,1353474019,0,8157,12.9915,8122,2,0x127e166670,919,7390,0,35,167663,8157,12.9915,8122,35,167558
5288000,8192,37,29,8,1353727963,37,1353736155,0,8164,12.9932,8136,2,0xc9d5167e10,3,9,0,28,167691,8164,12.9932,8136,28,167586
5289000,8192,37,29,8,1353981921,37,1353990113,0,8160,12.9922,8128,2,0xde9bbff9b7,954,7432,0,32,167723,8160,12.9922,8128,32,167618
5290000,8192,37,29,8,1354235874,37,1354244066,0,8163,12.9929,8134,2,0x0ac200178c,936,7437,0,29,167752,8163,12.9929,8134,29,167647
5291000,8192,37,29,8,1354489827,37,1354498019,0,8159,12.9919,8126,2,0x13c88a4e61,1007,7399,0,33,167785,8159,12.9919,8126,33,167680
5292000,8192,37,29,8,1354751963,37,1354760155,0,8168,12.9941,8144,2,0x8053236e5d,0,8,0,24,167809,8168,12.9941,8144,24,167704
5293000,8192,37,29,8,1355005921,37,1355014113,0,8156,12.9912,8120,2,0x4e27db9b27,995,7423,0,36,167845,8156,12.9912,8120,36,167740
5294000,8192,37,29,8,1355259874,37,1355268066,0,8159,12.9919,8127,3,0x4c23e1a464,994,7413,0,32,167877,8159,12.9919,8127,32,167772
5295000,8192,37,29,8,1355513827,37,1355522019,0,8160,12.9921,8129,3,0x57994aa1cd,965,7423,0,31,167908,8160,12.9921,8129,31,167803
5296000,8192,37,29,8,1355775963,37,1355784155,0,8163,12.9928,8135,3,0x67c46f4abf,4,9,0,28,167936,8163,12.9928,8135,28,167831
5297000,8192,37,29,8,1356029921,37,1356038113,0,8153,12.9904,8115,3,0x43f75a90b4,938,7406,0,38,167974,8153,12.9904,8115,38,167869
5298000,8192,37,29,8,1356283874,37,1356292066,0,8162,12.9927,8132,2,0xc0f96a69d2,927,7417,0,30,168004,8163,12.9929,8134,29,167898
5299000,8192,37,29,8,1356537827,37,1356546019,0,8159,12.9919,8126,2,0xc894cfc977,980,7409,0,33,168037,8159,12.9919,8126,33,167931
5300000,8192,37,29,8,1356799963,37,1356808155,0,8157,12.9915,8122,2,0x2bb1d5bdc6,3,7,0,35,168072,8157,12.9915,8122,35,167966
5301000,8192,37,29,8,1357053921,37,1357062113,0,8160,12.9922,8128,2,0xb962bd86b3,938,7412,0,32,168104,8160,12.9922,8128,32,167998
5302000,8192,37,29,8,1357307874,37,1357316066,0,8152,12.9902,8112,2,0x504c0c431a,977,7383,0,40,168144,8152,12.9902,8112,40,168038
5303000,8192,37,29,8,1357561827,37,1357570019,0,8160,12.9921,8129,3,0x7c9b2bca59,960,7414,0,31,168175,8160,12.9921,8129,31,168069
5304000,8192,37,29,8,1357823963,37,1357832155,0,8161,12.9924,8130,2,0x61b98a6634,3,7,0,31,168206,8161,12.9924,8130,31,168100
5305000,8192,37,29,8,1358077921,37,1358086113,0,8161,12.9924,8130,2,0xcf6dfb5a8f,987,7398,0,31,168237,8161,12.9924,8130,31,168131
5306000,8192,37,29,8,1358331874,37,1358340066,0,8157,12.9915,8122,2,0x301ae1382f,956,7386,0,35,168272,8157,12.9915,8122,35,168166
5307000,8192,37,29,8,1358585827,37,1358594019,0,8150,12.9897,8108,2,0x6580565272,976,7425,0,42,168314,8150,12.9897,8108,42,168208
5308000,8192,37,29,8,1358847963,37,1358856155,0,8165,12.9934,8138,2,0x827ae69d53,0,9,0,27,168341,8165,12.9934,8138,27,168235
5309000,8192,37,29,8,1359101921,37,1359110113,0,8155,12.9910,8118,2,0x50644b86cd,932,7395,0,37,168378,8155,12.9910,8118,37,168272
5310000,8192,37,29,8,1359355874,37,1359364066,0,8164,12.9931,8137,3,0x89c4081b95,933,7385,0,27,168405,8164,12.9931,8137,27,168299
5311000,8192,37,29,8,1359609827,37,1359618019,0,8162,12.9927,8132,2,0x5ce016f3a4,987,7419,0,30,168435,8162,12.9927,8132,30,168329
5312000,8192,37,29,8,1359871963,37,1359880155,0,8157,12.9915,8122,2,0x5c85fc6cb8,0,9,0,35,168470,8157,12.9915,8122,35,168364
5313000,8192,37,29,8,1360125921,37,1360134113,0,8165,12.9934,8138,2,0x8e9466afe2,933,7380,0,27,168497,8165,12.9934,8138,27,168391
5314000,8192,37,29,8,1360379874,37,1360388066,0,8156,12.9912,8120,2,0x4a7f24b083,924,7445,0,36,168533,8156,12.9912,8120,36,168427
5315000,8192,37,29,8,1360633827,37,1360642019,0,8156,12.9912,8120,2,0xfdfde906b7,966,7457,0,36,168569,8156,12.9912,8120,36,168463
5316000,8192,37,29,8,1360895963,37,1360904155,0,8169,12.9944,8146,2,0xbd4d35c599,1,9,0,23,168592,8169,12.9944,8146,23,168486
5317000,8192,37,29,8,1361149921,37,1361158113,0,8156,12.9912,8120,2,0xc602ccd7f8,942,7388,0,36,168628,8156,12.9912,8120,36,168522
5318000,8192,37,29,8,1361403874,37,1361412066,0,8165,12.9934,8138,2,0x1f6e090075,1011,7451,0,27,168655,8165,12.9934,8138,27,168549
5319000,8192,37,29,8,1361657827,37,1361666019,0,8166,12.9937,8140,2,0x76cb8af2e3,925,7437,0,26,168681,8166,12.9937,8140,26,168575
5320000,8192,37,29,8,1361919963,37,1361928155,0,8158,12.9916,8125,3,0x2ea69bf567,0,8,0,33,168714,8158,12.9916,8125,33,168608
5321000,8192,37,29,8,1362173921,37,1362182113,0,8158,12.9917,8124,2,0xa41b99d01a,949,7421,0,34,168748,8158,12.9917,8124,34,168642
5322000,8192,37,29,8,1362427874,37,1362436066,0,8157,12.9915,8122,2,0x40b3e2bcab,986,7393,0,35,168783,8157,12.9915,8122,35,168677
5323000,8192,37,29,8,1362681827,37,1362690019,0,8165,12.9934,8138,2,0x5bb2fe0d37,936,7422,0,27,168810,8165,12.9934,8138,27,168704
5324000,8192,37,29,8,1362943963,37,1362952155,0,8159,12.9919,8126,2,0xceb6d94068,2,9,0,33,168843,8159,12.9919,8126,33,168737
5325000,8192,37,29,8,1363197921,37,1363206113,0,8157,12.9915,8122,2,0xda6b3de27e,993,7446,0,35,168878,8157,12.9915,8122,35,168772
5326000,8192,37,29,8,1363451874,37,1363460066,0,8161,12.9924,8130,2,0xc57c87b762,992,7465,0,31,168909,8161,12.9924,8130,31,168803
5327000,8192,37,29,8,1363705827,37,1363714019,0,8164,12.9932,8136,2,0x8ec4406195,925,7392,0,28,168937,8164,12.9932,8136,28,168831
5328000,8192,37,29,8,1363967963,37,1363976155,0,8160,12.9922,8128,2,0x587ba6394c,1,8,0,32,168969,8160,12.9922,8128,32,168863
5329000,8192,37,29,8,1364221921,37,1364230113,0,8155,12.9910,8118,2,0x1bb7493e66,924,7422,0,37,169006,8155,12.9910,8118,37,168900
5330000,8192,37,29,8,1364475874,37,1364484066,0,8162,12.9927,8132,2,0x0abc0f30cb,934,7436,0,30,169036,8162,12.9927,8132,30,168930
5331000,8192,37,29,8,1364729827,37,1364738019,0,8163,12.9928,8135,3,0x069878dc5d,1019,7386,0,28,169064,8163,12.9928,8135,28,168958
5332000,8192,37,29,8,1364991963,37,1365000155,0,8163,12.9928,8135,3,0xadd62adc69,1,8,0,28,169092,8163,12.9928,8135,28,168986
5333000,8192,37,29,8,1365245921,37,1365254113,0,8158,12.9917,8124,2,0x48e82d19d6,943,7413,0,34,169126,8158,12.9917,8124,34,169020
5334000,8192,37,29,8,1365499874,37,1365508066,0,8163,12.9929,8134,2,0xe5dfcd7c37,924,7363,0,29,169155,8163,12.9929,8134,29,169049
5335000,8192,37,29,8,1365753827,37,1365762019,0,8149,12.9894,8107,3,0xbb9b5ef250,941,7412,0,42,169197,8149,12.9894,8107,42,169091
5336000,8192,37,29,8,1366015963,37,1366024155,0,8161,12.9923,8131,3,0xef635366ee,2,7,0,30,169227,8161,12.9923,8131,30,169121
5337000,8192,37,29,8,1366269921,37,1366278113,0,8160,12.9922,8128,2,0x2fbab326ca,949,7444,0,32,169259,8160,12.9922,8128,32,169153
5338000,8192,37,29,8,1366523874,37,1366532066,0,8150,12.9897,8108,2,0x3c1fe8b3cc,1041,7421,0,42,169301,8150,12.9897,8108,42,169195
5339000,8192,37,29,8,1366777827,37,1366786019,0,8162,12.9927,8132,2,0xf4ae881c25,1037,7376,0,30,169331,8163,12.9929,8134,29,169224
5340000,8192,37,29,8,1367039963,37,1367048155,0,8161,12.9924,8130,2,0xa1837d69d7,2,9,0,31,169362,8161,12.9924,8130,31,169255
5341000,8192,37,29,8,1367293921,37,1367302113,0,8160,12.9922,8128,2,0x207cc52821,1014,7457,0,32,169394,8160,12.9922,8128,32,169287
5342000,8192,37,29,8,1367547874,37,1367556066,0,8155,12.9910,8118,2,0xf0144dba85,972,7383,0,37,169431,8155,12.9910,8118,37,169324
5343000,8192,37,29,8,1367801827,37,1367810019,0,8167,12.9939,8142,2,0x02ab02c7f8,977,7437,0,25,169456,8167,12.9939,8142,25,169349
5344000,8192,37,29,8,1368063963,37,1368072155,0,8155,12.9910,8118,2,0xfbe113933c,1,9,0,37,169493,8155,12.9910,8118,37,169386
5345000,8192,37,29,8,1368317921,37,1368326113,0,8162,12.9927,8132,2,0xc5eeaf6861,998,7396,0,30,169523,8162,12.9927,8132,30,169416
5346000,8192,37,29,8,1368571874,37,1368580066,0,8159,12.9919,8126,2,0x4856e487cf,924,7399,0,33,169556,8159,12.9919,8126,33,169449
5347000,8192,37,29,8,1368825827,37,1368834019,0,8166,12.9937,8140,2,0xd1722b123a,978,7447,0,26,169582,8166,12.9937,8140,26,169475
5348000,8192,37,29,8,1369087963,37,1369096155,0,8164,12.9932,8136,2,0x372f460556,0,8,0,28,169610,8164,12.9932,8136,28,169503
5349000,8192,37,29,8,1369341921,37,1369350113,0,8161,12.9924,8130,2,0x49979cf934,1008,7438,0,31,169641,8161,12.9924,8130,31,169534
5350000,8192,37,29,8,1369595874,37,1369604066,0,8155,12.9910,8118,2,0x8ff3f3ff72,995,7418,0,37,169678,8155,12.9910,8118,37,169571
5351000,8192,37,29,8,1369849827,37,1369858019,0,8159,12.9919,8126,2,0x2727cba339,950,7386,0,33,169711,8159,12.9919,8126,33,169604
5352000,8192,37,29,8,1370111963,37,1370120155,0,8162,12.9926,8133,3,0x53877aa5ba,0,9,0,29,169740,8162,12.9926,8133,29,169633
5353000,8192,37,29,8,1370365921,37,1370374113,0,8162,12.9927,8132,2,0xe058ee7514,993,7413,0,30,169770,8162,12.9927,8132,30,169663
5354000,8192,37,29,8,1370619874,37,1370628066,0,8165,12.9934,8138,2,0x95d09ea74b,968,7423,0,27,169797,8165,12.9934,8138,27,169690
5355000,8192,37,29,8,1370873827,37,1370882019,0,8160,12.9922,8128,2,0x988f546653,1006,7424,0,32,169829,8160,12.9922,8128,32,169722
5356000,8192,37,29,8,1371135963,37,1371144155,0,8166,12.9937,8140,2,0x47d5f0229e,2,8,0,26,169855,8166,12.9937,8140,26,169748
5357000,8192,37,29,8,1371389921,37,1371398113,0,8164,12.9932,8136,2,0x6dc5216a73,1021,7470,0,28,169883,8164,12.9932,8136,28,169776
5358000,8192,37,29,8,1371643874,37,1371652066,0,8159,12.9919,8126,2,0xd27c38db7f,985,7481,0,33,169916,8159,12.9919,8126,33,169809
5359000,8192,37,29,8,1371897827,37,1371906019,0,8160,12.9922,8128,2,0xd3e0d9f73a,1056,7435,0,32,169948,8160,12.9922,8128,32,169841
5360000,8192,37,29,8,1372159963,37,1372168155,0,8159,12.9919,8126,2,0xd4e2edf367,1,7,0,33,169981,8159,12.9919,8126,33,169874
5361000,8192,37,29,8,1372413921,37,1372422113,0,8165,12.9934,8138,2,0x2d79589f92,1016,7370,0,27,170008,8165,12.9934,8138,27,169901
5362000,8192,37,29,8,1372667874,37,1372676066,0,8157,12.9915,8122,2,0x77df922c9a,1006,7388,0,35,170043,8157,12.9915,8122,35,169936
5363000,8192,37,29,8,1372921827,37,1372930019,0,8152,12.9901,8113,3,0xbf15a9ccef,951,7390,0,39,170082,8153,12.9904,8115,38,169974
5364000,8192,37,29,8,1373183963,37,1373192155,0,8156,12.9912,8120,2,0xdecbc11530,1,8,0,36,170118,8156,12.9912,8120,36,170010
5365000,8192,37,29,8,1373437921,37,1373446113,0,8156,12.9912,8120,2,0x09970105a9,952,7364,0,36,170154,8156,12.9912,8120,36,170046
5366000,8192,37,29,8,1373691874,37,1373700066,0,8170,12.9946,8148,2,0xed00e78a93,977,7407,0,22,170176,8170,12.9946,8148,22,170068
5367000,8192,37,29,8,1373945827,37,1373954019,0,8168,12.9941,8144,2,0xf763ceb774,946,7430,0,24,170200,8169,12.9944,8146,23,170091
5368000,8192,37,29,8,1374207963,37,1374216155,0,8165,12.9934,8138,2,0x70e9ba56b9,1,9,0,27,170227,8165,12.9934,8138,27,170118
5369000,8192,37,29,8,1374461921,37,1374470113,0,8169,12.9944,8146,2,0x1c7808af95,962,7448,0,23,170250,8169,12.9944,8146,23,170141
5370000,8192,37,29,8,1374715874,37,1374724066,0,8168,12.9941,8144,2,0xe8d27afdc7,968,7434,0,24,170274,8168,12.9941,8144,24,170165
5371000,8192,37,29,8,1374969827,37,1374978019,0,8160,12.9922,8128,2,0x37ae1800b8,1025,7448,0,32,170306,8160,12.9922,8128,32,170197
5372000,8192,37,29,8,1375231963,37,1375240155,0,8159,12.9919,8126,2,0x450c6bcba5,1,7,0,33,170339,8159,12.9919,8126,33,170230
5373000,8192,37,29,8,1375485921,37,1375494113,0,8161,12.9924,8130,2,0xc9860f4a02,979,7434,0,31,170370,8161,12.9924,8130,31,170261
5374000,8192,37,29,8,1375739874,37,1375748066,0,8161,12.9924,8130,2,0x4c83cd10da,1033,7413,0,31,170401,8161,12.9924,8130,31,170292
5375000,8192,37,29,8,1375993827,37,1376002019,0,8163,12.9929,8134,2,0x3157fab68c,960,7401,0,29,170430,8163,12.9929,8134,29,170321
5376000,8192,37,29,8,1376255963,37,1376264155,0,8160,12.9922,8128,2,0xbcddd45a0e,1,9,0,32,170462,8160,12.9922,8128,32,170353
5377000,8192,37,29,8,1376509921,37,1376518113,0,8166,12.9937,8140,2,0x04344f4a1e,991,7400,0,26,170488,8166,12.9937,8140,26,170379
5378000,8192,37,29,8,1376763874,37,1376772066,0,8169,12.9944,8146,2,0xdfbc3dba5c,983,7394,0,23,170511,8169,12.9944,8146,23,170402
5379000,8192,37,29,8,1377017827,37,1377026019,0,8162,12.9927,8132,2,0x762531548b,1005,7431,0,30,170541,8162,12.9927,8132,30,170432
5380000,8192,37,29,8,1377279963,37,1377288155,0,8164,12.9932,8136,2,0xa81ae697e1,1,8,0,28,170569,8164,12.9932,8136,28,170460
5381000,8192,37,29,8,1377533921,37,1377542113,0,8163,12.9929,8134,2,0xcdeb729219,972,7437,0,29,170598,8163,12.9929,8134,29,170489
5382000,8192,37,29,8,1377787874,37,1377796066,0,8169,12.9944,8146,2,0xa7f4f3229c,1038,7457,0,23,170621,8169,12.9944,8146,23,170512
5383000,8192,37,29,8,1378041827,37,1378050019,0,8154,12.9907,8116,2,0x038d8c1e2e,1012,7416,0,38,170659,8154,12.9907,8116,38,170550
5384000,8192,37,29,8,1378303963,37,1378312155,0,8158,12.9917,8124,2,0x6fb4ec7bd8,2,8,0,34,170693,8158,12.9917,8124,34,170584
5385000,8192,37,29,8,1378557921,37,1378566113,0,8162,12.9927,8132,2,0xc541027d51,995,7441,0,30,170723,8162,12.9927,8132,30,170614
5386000,8192,37,29,8,1378811874,37,1378820066,0,8159,12.9919,8127,3,0x406df1fd74,1011,7444,0,32,170755,8159,12.9919,8127,32,170646
5387000,8192,37,29,8,1379065827,37,1379074019,0,8161,12.9924,8130,2,0xc447d373fe,915,7433,0,31,170786,8161,12.9924,8130,31,170677
5388000,8192,37,29,8,1379327963,37,1379336155,0,8152,12.9902,8112,2,0x8094c99d64,0,9,0,40,170826,8152,12.9902,8112,40,170717
5389000,8192,37,29,8,1379581921,37,1379590113,0,8155,12.9910,8118,2,0x74f0d9b35b,919,7417,0,37,170863,8155,12.9910,8118,37,170754
5390000,8192,37,29,8,1379835874,37,1379844066,0,8164,12.9932,8136,2,0xec0a9548b4,940,7389,0,28,170891,8164,12.9932,8136,28,170782
5391000,8192,37,29,8,1380089827,37,1380098019,0,8163,12.9929,8134,2,0xff9681eeff,986,7404,0,29,170920,8163,12.9929,8134,29,170811
5392000,8192,37,29,8,1380351963,37,1380360155,0,8163,12.9929,8134,2,0xbbd27c092f,1,9,0,29,170949,8163,12.9929,8134,29,170840
5393000,8192,37,29,8,1380605921,37,1380614113,0,8158,12.9917,8124,2,0xa553017cad,1030,7418,0,34,170983,8158,12.9917,8124,34,170874
5394000,8192,37,29,8,1380859874,37,1380868066,0,8152,12.9901,8113,3,0x5bd3d6c48f,951,7434,0,39,171022,8152,12.9901,8113,39,170913
5395000,8192,37,29,8,1381113827,37,1381122019,0,8162,12.9927,8132,2,0x533f705182,987,7383,0,30,171052,8162,12.9927,8132,30,170943
5396000,8192,37,29,8,1381375963,37,1381384155,0,8172,12.9951,8152,2,0xeee9add587,1,8,0,20,171072,8172,12.9951,8152,20,170963
5397000,8192,37,29,8,1381629921,37,1381638113,0,8163,12.9928,8135,3,0x408006d6da,990,7436,0,28,171100,8163,12.9928,8135,28,170991
5398000,8192,37,29,8,1381883874,37,1381892066,0,8168,12.9941,8144,2,0x2b396f9d9a,917,7449,0,24,171124,8168,12.9941,8144,24,171015
5399000,8192,37,29,8,1382137827,37,1382146019,0,8166,12.9936,8141,3,0xe17ce514c5,930,7399,0,25,171149,8166,12.9936,8141,25,171040
5400000,8192,37,29,8,1382399963,37,1382408155,0,8162,12.9927,8132,2,0x7c26e9cd64,3,9,0,30,171179,8162,12.9927,8132,30,171070
5401000,8192,37,29,8,1382653921,37,1382662113,0,8155,12.9910,8118,2,0xf3d4b49264,1011,7378,0,37,171216,8156,12.9912,8120,36,171106
5402000,8192,37,29,8,1382907874,37,1382916066,0,8168,12.9941,8144,2,0x35bd96655c,964,7465,0,24,171240,8168,12.9941,8144,24,171130
5403000,8192,37,29,8,1383161827,37,1383170019,0,8168,12.9941,8144,2,0x06aad6d7f8,965,7415,0,24,171264,8168,12.9941,8144,24,171154
5404000,8192,37,29,8,1383423963,37,1383432155,0,8149,12.9895,8106,2,0x8d9ef73195,5,9,0,43,171307,8149,12.9895,8106,43,171197
5405000,8192,37,29,8,1383677921,37,1383686113,0,8166,12.9937,8140,2,0x45bb66c4cd,966,7435,0,26,171333,8166,12.9937,8140,26,171223
5406000,8192,37,29,8,1383931874,37,1383940066,0,8165,12.9934,8138,2,0xfb37cc6467,980,7438,0,27,171360,8165,12.9934,8138,27,171250
5407000,8192,37,29,8,1384185827,37,1384194019,0,8164,12.9932,8136,2,0x3f36b2b26d,1026,7466,0,28,171388,8164,12.9932,8136,28,171278
5408000,8192,37,29,8,1384447963,37,1384456155,0,8165,12.9933,8139,3,0x793f725cb9,1,9,0,26,171414,8165,12.9933,8139,26,171304
5409000,8192,37,29,8,1384701921,37,1384710113,0,8166,12.9937,8140,2,0xf205f89429,949,7399,0,26,171440,8166,12.9937,8140,26,171330
5410000,8192,37,29,8,1384955874,37,1384964066,0,8158,12.9917,8124,2,0x18a58b2bf6,1006,7454,0,34,171474,8158,12.9917,8124,34,171364
5411000,8192,37,29,8,1385209827,37,1385218019,0,8162,12.9927,8132,2,0x201cbed9d1,965,7432,0,30,171504,8162,12.9927,8132,30,171394
5412000,8192,37,29,8,1385471963,37,1385480155,0,8154,12.9907,8116,2,0x54f85eb530,1,7,0,38,171542,8154,12.9907,8116,38,171432
5413000,8192,37,29,8,1385725921,37,1385734113,0,8154,12.9907,8116,2,0x2321474b8c,944,7409,0,38,171580,8154,12.9907,8116,38,171470
5414000,8192,37,29,8,1385979874,37,1385988066,0,8149,12.9895,8106,2,0x64d372e119,963,7473,0,43,171623,8149,12.9895,8106,43,171513
5415000,8192,37,29,8,1386233827,37,1386242019,0,8161,12.9924,8130,2,0xa278c0a02d,947,7419,0,31,171654,8161,12.9924,8130,31,171544
5416000,8192,37,29,8,1386495963,37,1386504155,0,8166,12.9937,8140,2,0xbeff070387,0,8,0,26,171680,8166,12.9937,8140,26,171570
5417000,8192,37,29,8,1386749921,37,1386758113,0,8161,12.9924,8130,2,0x17baf43711,930,7439,0,31,171711,8161,12.9924,8130,31,171601
5418000,8192,37,29,8,1387003874,37,1387012066,0,8160,12.9921,8129,3,0xaef058433c,977,7410,0,31,171742,8160,12.9921,8129,31,171632
5419000,8192,37,29,8,1387257827,37,1387266019,0,8170,12.9946,8148,2,0xd30c743a19,976,7413,0,22,171764,8170,12.9946,8148,22,171654
5420000,8192,37,29,8,1387519963,37,1387528155,0,8164,12.9932,8136,2,0x8ae6fcceea,1,9,0,28,171792,8164,12.9932,8136,28,171682
5421000,8192,37,29,8,1387773921,37,1387782113,0,8158,12.9917,8124,2,0x572b552b08,976,7426,0,34,171826,8158,12.9917,8124,34,171716
5422000,8192,37,29,8,1388027874,37,1388036066,0,8160,12.9922,8128,2,0x629a77194f,980,7390,0,32,171858,8160,12.9922,8128,32,171748
5423000,8192,37,29,8,1388281827,37,1388290019,0,8156,12.9912,8120,2,0x767edcb299,991,7393,0,36,171894,8156,12.9912,8120,36,171784
5424000,8192,37,29,8,1388543963,37,1388552155,0,8163,12.9929,8134,2,0xc0a76da5fc,0,9,0,29,171923,8163,12.9929,8134,29,171813
5425000,8192,37,29,8,1388797921,37,1388806113,0,8162,12.9927,8132,2,0xac52fd1c19,975,7428,0,30,171953,8162,12.9927,8132,30,171843
5426000,8192,37,29,8,1389051874,37,1389060066,0,8167,12.9939,8142,2,0x818726465d,964,7446,0,25,171978,8167,12.9939,8142,25,171868
5427000,8192,37,29,8,1389305827,37,1389314019,0,8146,12.9888,8100,2,0xb5d9cd3be4,1008,7417,0,46,172024,8146,12.9888,8100,46,171914
5428000,8192,37,29,8,1389567963,37,1389576155,0,8159,12.9919,8126,2,0xcf204eadc3,0,8,0,33,172057,8159,12.9919,8126,33,171947
5429000,8192,37,29,8,1389821921,37,1389830113,0,8167,12.9939,8142,2,0x78ad25ffc0,985,7462,0,25,172082,8167,12.9939,8142,25,171972
5430000,8192,37,29,8,1390075874,37,1390084066,0,8158,12.9917,8124,2,0xdea633b65e,1001,7430,0,34,172116,8158,12.9917,8124,34,172006
5431000,8192,37,29,8,1390329827,37,1390338019,0,8164,12.9932,8136,2,0x8de2874479,964,7404,0,28,172144,8164,12.9932,8136,28,172034
5432000,8192,37,29,8,1390591963,37,1390600155,0,8167,12.9939,8142,2,0x54c351ac99,3,9,0,25,172169,8167,12.9939,8142,25,172059
5433000,8192,37,29,8,1390845921,37,1390854113,0,8155,12.9910,8118,2,0xc85c70f3ca,948,7439,0,37,172206,8155,12.9910,8118,37,172096
5434000,8192,37,29,8,1391099874,37,1391108066,0,8153,12.9905,8114,2,0xfe6a530001,1003,7373,0,39,172245,8153,12.9905,8114,39,172135
5435000,8192,37,29,8,1391353827,37,1391362019,0,8168,12.9941,8144,2,0xa7234ca7b5,995,7382,0,24,172269,8168,12.9941,8144,24,172159
5436000,8192,37,29,8,1391615963,37,1391624155,0,8162,12.9927,8132,2,0xd28463bec5,2,9,0,30,172299,8162,12.9927,8132,30,172189
5437000,8192,37,29,8,1391869921,37,1391878113,0,8156,12.9912,8120,2,0x388e83cfa8,949,7398,0,36,172335,8156,12.9912,8120,36,172225
5438000,8192,37,29,8,1392123874,37,1392132066,0,8153,12.9905,8114,2,0x9f822caa4d,969,7425,0,39,172374,8154,12.9907,8116,38,172263
5439000,8192,37,29,8,1392377827,37,1392386019,0,8167,12.9939,8142,2,0x0f8bacb150,976,7444,0,25,172399,8167,12.9939,8142,25,172288
5440000,8192,37,29,8,1392639963,37,1392648155,0,8160,12.9922,8128,2,0x26ded31dcd,2,8,0,32,172431,8160,12.9922,8128,32,172320
5441000,8192,37,29,8,1392893921,37,1392902113,0,8169,12.9944,8146,2,0xe8785468a6,988,7401,0,23,172454,8169,12.9944,8146,23,172343
5442000,8192,37,29,8,1393147874,37,1393156066,0,8162,12.9927,8132,2,0xdaba019e7b,1003,7432,0,30,172484,8162,12.9927,8132,30,172373
5443000,8192,37,29,8,1393401827,37,1393410019,0,8163,12.9929,8134,2,0x6b6395bda0,1000,7417,0,29,172513,8163,12.9929,8134,29,172402
5444000,8192,37,29,8,1393663963,37,1393672155,0,8154,12.9907,8116,2,0x797b141f0a,2,6,0,38,172551,8154,12.9907,8116,38,172440
5445000,8192,37,29,8,1393917921,37,1393926113,0,8158,12.9917,8124,2,0xf37b22bdc1,1006,7401,0,34,172585,8158,12.9917,8124,34,172474
5446000,8192,37,29,8,1394171874,37,1394180066,0,8162,12.9927,8132,2,0x5607a081ae,1007,7451,0,30,172615,8162,12.9927,8132,30,172504
5447000,8192,37,29,8,1394425827,37,1394434019,0,8150,12.9897,8108,2,0xe57378f0a0,943,7399,0,42,172657,8150,12.9897,8108,42,172546
5448000,8192,37,29,8,1394687963,37,1394696155,0,8162,12.9927,8132,2,0xd236f8adc3,1,8,0,30,172687,8162,12.9927,8132,30,172576
5449000,8192,37,29,8,1394941921,37,1394950113,0,8163,12.9929,8134,2,0x2a00e32fa1,950,7380,0,29,172716,8163,12.9929,8134,29,172605
5450000,8192,37,29,8,1395195874,37,1395204066,0,8167,12.9939,8142,2,0xd2967724d7,999,7426,0,25,172741,8167,12.9939,8142,25,172630
5451000,8192,37,29,8,1395449827,37,1395458019,0,8154,12.9907,8116,2,0xd01b58555a,1017,7450,0,38,172779,8154,12.9907,8116,38,172668
5452000,8192,37,29,8,1395711963,37,1395720155,0,8163,12.9929,8134,2,0xaa407d2849,2,9,0,29,172808,8163,12.9929,8134,29,172697
5453000,8192,37,29,8,1395965921,37,1395974113,0,8164,12.9932,8136,2,0xd4f3f94497,988,7413,0,28,172836,8164,12.9932,8136,28,172725
5454000,8192,37,29,8,1396219874,37,1396228066,0,8158,12.9917,8124,2,0xc0281e68ca,1004,7423,0,34,172870,8159,12.9919,8126,33,172758
5455000,8192,37,29,8,1396473827,37,1396482019,0,8153,12.9905,8114,2,0x46ad4f953a,1010,7463,0,39,172909,8153,12.9905,8114,39,172797
5456000,8192,37,29,8,1396735963,37,1396744155,0,8163,12.9929,8134,2,0x3edbc4340b,1,9,0,29,172938,8163,12.9929,8134,29,172826
5457000,8192,37,29,8,1396989921,37,1396998113,0,8162,12.9927,8132,2,0xc3c3f777fe,970,7450,0,30,172968,8162,12.9927,8132,30,172856
5458000,8192,37,29,8,1397243874,37,1397252066,0,8157,12.9915,8122,2,0xdbbcdd80ef,975,7411,0,35,173003,8157,12.9915,8122,35,172891
5459000,8192,37,29,8,1397497827,37,1397506019,0,8168,12.9941,8144,2,0xb8ed4ccae3,1029,7487,0,24,173027,8168,12.9941,8144,24,172915
5460000,8192,37,29,8,1397759963,37,1397768155,0,8156,12.9912,8120,2,0xdb44ad068b,1,9,0,36,173063,8156,12.9912,8120,36,172951
5461000,8192,37,29,8,1398013921,37,1398022113,0,8159,12.9919,8126,2,0x47b94d55c8,966,7399,0,33,173096,8159,12.9919,8126,33,172984
5462000,8192,37,29,8,1398267874,37,1398276066,0,8162,12.9927,8132,2,0x3ffc9a09d5,936,7396,0,30,173126,8162,12.9927,8132,30,173014
5463000,8192,37,29,8,1398521827,37,1398530019,0,8160,12.9921,8129,3,0xece1cedd79,962,7367,0,31,173157,8160,12.9921,8129,31,173045
5464000,8192,37,29,8,1398783963,37,1398792155,0,8161,12.9924,8130,2,0xf88c40e9f7,3,9,0,31,173188,8161,12.9924,8130,31,173076
5465000,8192,37,29,8,1399037921,37,1399046113,0,8158,12.9917,8124,2,0x1d083962b7,945,7384,0,34,173222,8158,12.9917,8124,34,173110
5466000,8192,37,29,8,1399291874,37,1399300066,0,8160,12.9922,8128,2,0xa75bdd897c,965,7435,0,32,173254,8160,12.9922,8128,32,173142
5467000,8192,37,29,8,1399545827,37,1399554019,0,8153,12.9905,8114,2,0x22615293a1,1012,7418,0,39,173293,8153,12.9905,8114,39,173181
5468000,8192,37,29,8,1399807963,37,1399816155,0,8161,12.9924,8130,2,0xc045f37fa2,2,7,0,31,173324,8161,12.9924,8130,31,173212
5469000,8192,37,29,8,1400061921,37,1400070113,0,8167,12.9938,8143,3,0xdcc9fe731c,1035,7384,0,24,173348,8167,12.9938,8143,24,173236
5470000,8192,37,29,8,1400315874,37,1400324066,0,8160,12.9922,8128,2,0x57be649a29,935,7402,0,32,173380,8160,12.9922,8128,32,173268
5471000,8192,37,29,8,1400569827,37,1400578019,0,8165,12.9934,8138,2,0x85b7d698e3,1033,7389,0,27,173407,8165,12.9934,8138,27,173295
5472000,8192,37,29,8,1400831963,37,1400840155,0,8158,12.9917,8124,2,0xfa92354c7e,0,7,0,34,173441,8158,12.9917,8124,34,173329
5473000,8192,37,29,8,1401085921,37,1401094113,0,8150,12.9897,8108,2,0xcf4df979ff,978,7420,0,42,173483,8150,12.9897,8108,42,173371
5474000,8192,37,29,8,1401339874,37,1401348066,0,8167,12.9938,8143,3,0x8b797f0ab8,980,7378,0,24,173507,8167,12.9938,8143,24,173395
5475000,8192,37,29,8,1401593827,37,1401602019,0,8164,12.9932,8136,2,0xf3ff056992,932,7415,0,28,173535,8165,12.9934,8138,27,173422
5476000,8192,37,29,8,1401855963,37,1401864155,0,8164,12.9932,8136,2,0x3f601a2b83,2,9,0,28,173563,8164,12.9932,8136,28,173450
5477000,8192,37,29,8,1402109921,37,1402118113,0,8160,12.9922,8128,2,0x9505223a66,1017,7396,0,32,173595,8160,12.9922,8128,32,173482
5478000,8192,37,29,8,1402363874,37,1402372066,0,8162,12.9927,8132,2,0x2f81e6f65d,1021,7442,0,30,173625,8162,12.9927,8132,30,173512
5479000,8192,37,29,8,1402617827,37,1402626019,0,8164,12.9932,8136,2,0x7dab1e071f,941,7466,0,28,173653,8164,12.9932,8136,28,173540
5480000,8192,37,29,8,1402879963,37,1402888155,0,8155,12.9910,8118,2,0xc8a33b82fb,0,8,0,37,173690,8155,12.9910,8118,37,173577
5481000,8192,37,29,8,1403133921,37,1403142113,0,8159,12.9919,8126,2,0xf9f4af62ff,958,7413,0,33,173723,8159,12.9919,8126,33,173610
5482000,8192,37,29,8,1403387874,37,1403396066,0,8165,12.9934,8138,2,0xa0412d16da,1004,7408,0,27,173750,8165,12.9934,8138,27,173637
5483000,8192,37,29,8,1403641827,37,1403650019,0,8159,12.9919,8126,2,0xf86062d535,941,7436,0,33,173783,8159,12.9919,8126,33,173670
5484000,8192,37,29,8,1403903963,37,1403912155,0,8151,12.9900,8110,2,0x35ea750592,1,9,0,41,173824,8151,12.9900,8110,41,173711
5485000,8192,37,29,8,1404157921,37,1404166113,0,8167,12.9939,8142,2,0x89e057cd7e,1016,7414,0,25,173849,8167,12.9939,8142,25,173736
5486000,8192,37,29,8,1404411874,37,1404420066,0,8146,12.9888,8100,2,0xb6e0a5155b,1002,7432,0,46,173895,8146,12.9888,8100,46,173782
5487000,8192,37,29,8,1404665827,37,1404674019,0,8164,12.9932,8136,2,0x7e424efab2,963,7408,0,28,173923,8164,12.9932,8136,28,173810
5488000,8192,37,29,8,1404927963,37,1404936155,0,8162,12.9927,8132,2,0x95383f3d40,1,9,0,30,173953,8162,12.9927,8132,30,173840
5489000,8192,37,29,8,1405181921,37,1405190113,0,8153,12.9905,8114,2,0xf86cc30dab,975,7412,0,39,173992,8153,12.9905,8114,39,173879
5490000,8192,37,29,8,1405435874,37,1405444066,0,8161,12.9924,8130,2,0x4165a4f25a,1016,7398,0,31,174023,8161,12.9924,8130,31,173910
5491000,8192,37,29,8,1405689827,37,1405698019,0,8166,12.9937,8140,2,0xf97c02806a,975,7362,0,26,174049,8167,12.9939,8142,25,173935
5492000,8192,37,29,8,1405951963,37,1405960155,0,8164,12.9932,8136,2,0xc9921ed133,4,8,0,28,174077,8164,12.9932,8136,28,173963
5493000,8192,37,29,8,1406205921,37,1406214113,0,8164,12.9932,8136,2,0x4adea4ee3f,1020,7416,0,28,174105,8164,12.9932,8136,28,173991
5494000,8192,37,29,8,1406459874,37,1406468066,0,8162,12.9927,8132,2,0x83ddc43564,1018,7422,0,30,174135,8162,12.9927,8132,30,174021
5495000,8192,37,29,8,1406713827,37,1406722019,0,8160,12.9922,8128,2,0x154cb097e7,1018,7425,0,32,174167,8160,12.9922,8128,32,174053
5496000,8192,37,29,8,1406975963,37,1406984155,0,8160,12.9922,8128,2,0xa468f510e1,0,8,0,32,174199,8160,12.9922,8128,32,174085
5497000,8192,37,29,8,1407229921,37,1407238113,0,8163,12.9929,8134,2,0x83cf138147,996,7459,0,29,174228,8163,12.9929,8134,29,174114
5498000,8192,37,29,8,1407483874,37,1407492066,0,8160,12.9922,8128,2,0x1037100a2e,973,7405,0,32,174260,8160,12.9922,8128,32,174146
5499000,8192,37,29,8,1407737827,37,1407746019,0,8161,12.9924,8130,2,0x3cc813ee91,980,7400,0,31,174291,8161,12.9924,8130,31,174177
5500000,8192,37,29,8,1407999963,37,1408008155,0,8166,12.9937,8140,2,0x50df539186,3,7,0,26,174317,8166,12.9937,8140,26,174203
5501000,8192,37,29,8,1408253921,37,1408262113,0,8154,12.9907,8116,2,0x9c7bc656d4,969,7435,0,38,174355,8154,12.9907,8116,38,174241
5502000,8192,37,29,8,1408507874,37,1408516066,0,8156,12.9912,8120,2,0x6c4c07805d,933,7431,0,36,174391,8156,12.9912,8120,36,174277
5503000,8192,37,29,8,1408761827,37,1408770019,0,8163,12.9929,8134,2,0x47b2068e5b,977,7471,0,29,174420,8163,12.9929,8134,29,174306
5504000,8192,37,29,8,1409023963,37,1409032155,0,8163,12.9929,8134,2,0x87cd351625,2,9,0,29,174449,8163,12.9929,8134,29,174335
5505000,8192,37,29,8,1409277921,37,1409286113,0,8146,12.9888,8100,2,0xcc0576705f,956,7428,0,46,174495,8146,12.9888,8100,46,174381
5506000,8192,37,29,8,1409531874,37,1409540066,0,8156,12.9912,8120,2,0x4c0780be4f,968,7423,0,36,174531,8156,12.9912,8120,36,174417
5507000,8192,37,29,8,1409785827,37,1409794019,0,8159,12.9919,8126,2,0xb8a1943f74,947,7393,0,33,174564,8160,12.9922,8128,32,174449
5508000,8192,37,29,8,1410047963,37,1410056155,0,8165,12.9933,8139,3,0x9b3e20de6f,3,8,0,26,174590,8165,12.9933,8139,26,174475
5509000,8192,37,29,8,1410301921,37,1410310113,0,8160,12.9922,8128,2,0x72b14c7432,980,7410,0,32,174622,8160,12.9922,8128,32,174507
5510000,8192,37,29,8,1410555874,37,1410564066,0,8163,12.9929,8134,2,0x13662a5d8e,1029,7433,0,29,174651,8163,12.9929,8134,29,174536
5511000,8192,37,29,8,1410809827,37,1410818019,0,8161,12.9924,8130,2,0x408fbdef21,913,7421,0,31,174682,8161,12.9924,8130,31,174567
5512000,8192,37,29,8,1411071963,37,1411080155,0,8160,12.9922,8128,2,0x7c1c441850,2,7,0,32,174714,8160,12.9922,8128,32,174599
5513000,8192,37,29,8,1411325921,37,1411334113,0,8160,12.9922,8128,2,0x265b00dbad,1005,7372,0,32,174746,8160,12.9922,8128,32,174631
5514000,8192,37,29,8,1411579874,37,1411588066,0,8162,12.9927,8132,2,0x662a583684,976,7473,0,30,174776,8162,12.9927,8132,30,174661
5515000,8192,37,29,8,1411833827,37,1411842019,0,8158,12.9917,8124,2,0x66dd64f2f4,999,7405,0,34,174810,8158,12.9917,8124,34,174695
5516000,8192,37,29,8,1412095963,37,1412104155,0,8166,12.9937,8140,2,0x3e86db5ac5,2,7,0,26,174836,8166,12.9937,8140,26,174721
5517000,8192,37,29,8,1412349921,37,1412358113,0,8157,12.9914,8123,3,0x556ab8e7c2,1010,7460,0,34,174870,8157,12.9914,8123,34,174755
5518000,8192,37,29,8,1412603874,37,1412612066,0,8158,12.9917,8124,2,0xb74030b497,955,7405,0,34,174904,8158,12.9917,8124,34,174789
5519000,8192,37,29,8,1412857827,37,1412866019,0,8155,12.9910,8118,2,0x0f4bf204a2,995,7456,0,37,174941,8155,12.9910,8118,37,174826
5520000,8192,37,29,8,1413119963,37,1413128155,0,8160,12.9922,8128,2,0xf4a88f9e43,1,7,0,32,174973,8160,12.9922,8128,32,174858
5521000,8192,37,29,8,1413373921,37,1413382113,0,8165,12.9934,8138,2,0x9d6a7fd940,946,7428,0,27,175000,8165,12.9934,8138,27,174885
5522000,8192,37,29,8,1413627874,37,1413636066,0,8167,12.9939,8142,2,0xa8dae8a9cc,1004,7427,0,25,175025,8167,12.9939,8142,25,174910
5523000,8192,37,29,8,1413881827,37,1413890019,0,8165,12.9934,8138,2,0x9e0c14ede7,1040,7436,0,27,175052,8165,12.9934,8138,27,174937
5524000,8192,37,29,8,1414143963,37,1414152155,0,8165,12.9934,8138,2,0xab51ecb38b,1,6,0,27,175079,8165,12.9934,8138,27,174964
5525000,8192,37,29,8,1414397921,37,1414406113,0,8150,12.9897,8108,2,0x96d4bf05d5,956,7475,0,42,175121,8150,12.9897,8108,42,175006
5526000,8192,37,29,8,1414651874,37,1414660066,0,8153,12.9905,8114,2,0x553430c46f,882,7406,0,39,175160,8153,12.9905,8114,39,175045
5527000,8192,37,29,8,1414905827,37,1414914019,0,8157,12.9915,8122,2,0x514b23a7ea,951,7414,0,35,175195,8157,12.9915,8122,35,175080
5528000,8192,37,29,8,1415167963,37,1415176155,0,8158,12.9917,8124,2,0x3ea49ea209,1,9,0,34,175229,8158,12.9917,8124,34,175114
5529000,8192,37,29,8,1415421921,37,1415430113,0,8163,12.9929,8134,2,0xffcd479337,906,7447,0,29,175258,8163,12.9929,8134,29,175143
5530000,8192,37,29,8,1415675874,37,1415684066,0,8155,12.9910,8118,2,0xccdbd57071,952,7464,0,37,175295,8155,12.9910,8118,37,175180
5531000,8192,37,29,8,1415929827,37,1415938019,0,8157,12.9915,8122,2,0x52e63d9248,936,7447,0,35,175330,8157,12.9915,8122,35,175215
5532000,8192,37,29,8,1416191963,37,1416200155,0,8160,12.9922,8128,2,0xf16cedce1f,0,9,0,32,175362,8160,12.9922,8128,32,175247
5533000,8192,37,29,8,1416445921,37,1416454113,0,8161,12.9924,8130,2,0x7ea5d97fa6,988,7420,0,31,175393,8161,12.9924,8130,31,175278
5534000,8192,37,29,8,1416699874,37,1416708066,0,8163,12.9929,8134,2,0x860df97373,1003,7432,0,29,175422,8163,12.9929,8134,29,175307
5535000,8192,37,29,8,1416953827,37,1416962019,0,8156,12.9912,8120,2,0xf236449ae3,942,7448,0,36,175458,8156,12.9912,8120,36,175343
5536000,8192,37,29,8,1417215963,37,1417224155,0,8151,12.9900,8110,2,0x4eeddae099,0,6,0,41,175499,8151,12.9900,8110,41,175384
5537000,8192,37,29,8,1417469921,37,1417478113,0,8160,12.9922,8128,2,0x86d4e20b63,959,7414,0,32,175531,8160,12.9922,8128,32,175416
5538000,8192,37,29,8,1417723874,37,1417732066,0,8163,12.9929,8134,2,0x7f6146a83f,1025,7422,0,29,175560,8163,12.9929,8134,29,175445
5539000,8192,37,29,8,1417977827,37,1417986019,0,8159,12.9919,8126,2,0xb0c6a3be9f,925,7419,0,33,175593,8159,12.9919,8126,33,175478
5540000,8192,37,29,8,1418239963,37,1418248155,0,8154,12.9907,8116,2,0x2340d1370b,2,8,0,38,175631,8154,12.9907,8116,38,175516
5541000,8192,37,29,8,1418493921,37,1418502113,0,8160,12.9922,8128,2,0xf5b41500dc,951,7419,0,32,175663,8160,12.9922,8128,32,175548
5542000,8192,37,29,8,1418747874,37,1418756066,0,8164,12.9932,8136,2,0x91d84689d7,990,7409,0,28,175691,8164,12.9932,8136,28,175576
5543000,8192,37,29,8,1419001827,37,1419010019,0,8155,12.9910,8118,2,0x068e1a2f72,989,7380,0,37,175728,8155,12.9910,8118,37,175613
5544000,8192,37,29,8,1419263963,37,1419272155,0,8163,12.9929,8134,2,0x1878e84c8a,1,9,0,29,175757,8163,12.9929,8134,29,175642
5545000,8192,37,29,8,1419517921,37,1419526113,0,8153,12.9905,8114,2,0x7c674315f0,946,7410,0,39,175796,8153,12.9905,8114,39,175681
5546000,8192,37,29,8,1419771874,37,1419780066,0,8162,12.9927,8132,2,0x534b82a183,1004,7438,0,30,175826,8162,12.9927,8132,30,175711
5547000,8192,37,29,8,1420025827,37,1420034019,0,8166,12.9937,8140,2,0xf872ad5299,928,7390,0,26,175852,8166,12.9937,8140,26,175737
5548000,8192,37,29,8,1420287963,37,1420296155,0,8158,12.9917,8124,2,0x6500d32212,1,9,0,34,175886,8158,12.9917,8124,34,175771
5549000,8192,37,29,8,1420541921,37,1420550113,0,8158,12.9917,8124,2,0x0e83bec8d8,1025,7434,0,34,175920,8158,12.9917,8124,34,175805
5550000,8192,37,29,8,1420795874,37,1420804066,0,8166,12.9937,8140,2,0xabe809cde8,925,7435,0,26,175946,8166,12.9937,8140,26,175831
5551000,8192,37,29,8,1421049827,37,1421058019,0,8161,12.9924,8130,2,0x4ec0b43fcb,989,7428,0,31,175977,8161,12.9924,8130,31,175862
5552000,8192,37,29,8,1421311963,37,1421320155,0,8158,12.9917,8124,2,0xbd2cdfc33f,2,6,0,34,176011,8158,12.9917,8124,34,175896
5553000,8192,37,29,8,1421565921,37,1421574113,0,8167,12.9939,8142,2,0x602e6b2ef5,968,7405,0,25,176036,8167,12.9939,8142,25,175921
5554000,8192,37,29,8,1421819874,37,1421828066,0,8173,12.9954,8154,2,0xfa08c38c49,1015,7409,0,19,176055,8173,12.9954,8154,19,175940
5555000,8192,37,29,8,1422073827,37,1422082019,0,8157,12.9915,8122,2,0xb77614b9b4,1031,7402,0,35,176090,8157,12.9915,8122,35,175975
5556000,8192,37,29,8,1422335963,37,1422344155,0,8156,12.9912,8120,2,0x89f452b8fc,1,6,0,36,176126,8156,12.9912,8120,36,176011
5557000,8192,37,29,8,1422589921,37,1422598113,0,8157,12.9915,8122,2,0x5ff739e2a1,955,7423,0,35,176161,8157,12.9915,8122,35,176046
5558000,8192,37,29,8,1422843874,37,1422852066,0,8159,12.9919,8126,2,0xc68e50c921,933,7388,0,33,176194,8159,12.9919,8126,33,176079
5559000,8192,37,29,8,1423097827,37,1423106019,0,8154,12.9907,8116,2,0x5899468126,924,7428,0,38,176232,8154,12.9907,8116,38,176117
5560000,8192,37,29,8,1423359963,37,1423368155,0,8153,12.9905,8114,2,0xaf2f313987,0,8,0,39,176271,8153,12.9905,8114,39,176156
5561000,8192,37,29,8,1423613921,37,1423622113,0,8167,12.9939,8142,2,0xc21d4a6949,987,7485,0,25,176296,8167,12.9939,8142,25,176181
5562000,8192,37,29,8,1423867874,37,1423876066,0,8150,12.9897,8108,2,0xf24553fe00,951,7389,0,42,176338,8150,12.9897,8108,42,176223
5563000,8192,37,29,8,1424121827,37,1424130019,0,8156,12.9912,8120,2,0x3ca67ba3cf,997,7397,0,36,176374,8156,12.9912,8120,36,176259
5564000,8192,37,29,8,1424383963,37,1424392155,0,8158,12.9917,8124,2,0x013f7b3a91,0,7,0,34,176408,8158,12.9917,8124,34,176293
5565000,8192,37,29,8,1424637921,37,1424646113,0,8165,12.9934,8138,2,0x5debd9fe21,1011,7439,0,27,176435,8165,12.9934,8138,27,176320
5566000,8192,37,29,8,1424891874,37,1424900066,0,8170,12.9946,8148,2,0x2464c63c24,986,7437,0,22,176457,8170,12.9946,8148,22,176342
5567000,8192,37,29,8,1425145827,37,1425154019,0,8162,12.9927,8132,2,0xd796c30e67,994,7384,0,30,176487,8162,12.9927,8132,30,176372
5568000,8192,37,29,8,1425407963,37,1425416155,0,8159,12.9919,8126,2,0x3f67e65515,1,9,0,33,176520,8159,12.9919,8126,33,176405
5569000,8192,37,29,8,1425661921,37,1425670113,0,8161,12.9924,8130,2,0xb649b85d66,956,7443,0,31,176551,8161,12.9924,8130,31,176436
5570000,8192,37,29,8,1425915874,37,1425924066,0,8164,12.9932,8136,2,0x181eb44c64,1008,7391,0,28,176579,8164,12.9932,8136,28,176464
5571000,8192,37,29,8,1426169827,37,1426178019,0,8160,12.9922,8128,2,0xe03c4a4d27,983,7443,0,32,176611,8160,12.9922,8128,32,176496
5572000,8192,37,29,8,1426431963,37,1426440155,0,8170,12.9946,8148,2,0xe0c606fd3d,3,9,0,22,176633,8170,12.9946,8148,22,176518
5573000,8192,37,29,8,1426685921,37,1426694113,0,8162,12.9927,8132,2,0xd8da16a989,974,7408,0,30,176663,8162,12.9927,8132,30,176548
5574000,8192,37,29,8,1426939874,37,1426948066,0,8159,12.9919,8126,2,0x4ccf1513ab,1025,7463,0,33,176696,8159,12.9919,8126,33,176581
5575000,8192,37,29,8,1427193827,37,1427202019,0,8158,12.9917,8124,2,0x5e267de744,983,7413,0,34,176730,8158,12.9917,8124,34,176615
5576000,8192,37,29,8,1427455963,37,1427464155,0,8158,12.9917,8124,2,0x2304f32eec,1,9,0,34,176764,8158,12.9917,8124,34,176649
5577000,8192,37,29,8,1427709921,37,1427718113,0,8159,12.9919,8126,2,0xa956888bfe,963,7409,0,33,176797,8159,12.9919,8126,33,176682
5578000,8192,37,29,8,1427963874,37,1427972066,0,8156,12.9912,8120,2,0x866c07cf5e,1014,7413,0,36,176833,8156,12.9912,8120,36,176718
5579000,8192,37,29,8,1428217827,37,1428226019,0,8152,12.9901,8113,3,0xdd7da13b36,1025,7380,0,39,176872,8152,12.9901,8113,39,176757
5580000,8192,37,29,8,1428479963,37,1428488155,0,8158,12.9917,8124,2,0xcdf3adcf87,1,8,0,34,176906,8158,12.9917,8124,34,176791
5581000,8192,37,29,8,1428733921,37,1428742113,0,8159,12.9919,8126,2,0xec1fa6af23,954,7383,0,33,176939,8159,12.9919,8126,33,176824
5582000,8192,37,29,8,1428987874,37,1428996066,0,8160,12.9922,8128,2,0x03175112dc,960,7413,0,32,176971,8160,12.9922,8128,32,176856
5583000,8192,37,29,8,1429241827,37,1429250019,0,8168,12.9941,8144,2,0x95e186a2f7,932,7410,0,24,176995,8168,12.9941,8144,24,176880
5584000,8192,37,29,8,1429503963,37,1429512155,0,8154,12.9907,8116,2,0xcc968b84bd,2,9,0,38,177033,8154,12.9907,8116,38,176918
5585000,8192,37,29,8,1429757921,37,1429766113,0,8171,12.9949,8150,2,0x5adeedd660,994,7418,0,21,177054,8171,12.9949,8150,21,176939
5586000,8192,37,29,8,1430011874,37,1430020066,0,8159,12.9919,8126,2,0x5e52ceb896,1021,7434,0,33,177087,8159,12.9919,8126,33,176972
5587000,8192,37,29,8,1430265827,37,1430274019,0,8169,12.9944,8146,2,0xd27db57638,911,7413,0,23,177110,8169,12.9944,8146,23,176995
5588000,8192,37,29,8,1430527963,37,1430536155,0,8158,12.9917,8124,2,0x3cdbd94bd6,0,7,0,34,177144,8158,12.9917,8124,34,177029
5589000,8192,37,29,8,1430781921,37,1430790113,0,8153,12.9905,8114,2,0xe3bfa55396,976,7395,0,39,177183,8153,12.9905,8114,39,177068
5590000,8192,37,29,8,1431035874,37,1431044066,0,8153,12.9905,8114,2,0x5127aee582,992,7427,0,39,177222,8153,12.9905,8114,39,177107
5591000,8192,37,29,8,1431289827,37,1431298019,0,8163,12.9929,8134,2,0xcf0af04220,1026,7439,0,29,177251,8163,12.9929,8134,29,177136
5592000,8192,37,29,8,1431551963,37,1431560155,0,8163,12.9929,8134,2,0x8c8632d345,2,9,0,29,177280,8163,12.9929,8134,29,177165
5593000,8192,37,29,8,1431805921,37,1431814113,0,8166,12.9936,8141,3,0x7114815c46,980,7394,0,25,177305,8166,12.9936,8141,25,177190
5594000,8192,37,29,8,1432059874,37,1432068066,0,8160,12.9921,8129,3,0x98cf48260c,1014,7418,0,31,177336,8160,12.9921,8129,31,177221
5595000,8192,37,29,8,1432313827,37,1432322019,0,8166,12.9937,8140,2,0x3d0e84a756,987,7385,0,26,177362,8166,12.9937,8140,26,177247
5596000,8192,37,29,8,1432575963,37,1432584155,0,8158,12.9917,8124,2,0x5038dc0886,1,8,0,34,177396,8158,12.9917,8124,34,177281
5597000,8192,37,29,8,1432829921,37,1432838113,0,8158,12.9917,8124,2,0x05af7a7327,989,7360,0,34,177430,8159,12.9919,8126,33,177314
5598000,8192,37,29,8,1433083874,37,1433092066,0,8159,12.9919,8126,2,0x7a1a0c2b4e,1017,7443,0,33,177463,8159,12.9919,8126,33,177347
5599000,8192,37,29,8,1433337827,37,1433346019,0,8160,12.9922,8128,2,0x20fe3ed1b0,978,7437,0,32,177495,8161,12.9924,8130,31,177378
5600000,8192,37,29,8,1433599963,37,1433608155,0,8157,12.9915,8122,2,0x9d82c38177,2,7,0,35,177530,8157,12.9915,8122,35,177413
5601000,8192,37,29,8,1433853921,37,1433862113,0,8161,12.9924,8130,2,0x3d5362b953,985,7423,0,31,177561,8161,12.9924,8130,31,177444
5602000,8192,37,29,8,1434107874,37,1434116066,0,8155,12.9909,8119,3,0x64feba2b72,989,7403,0,36,177597,8155,12.9909,8119,36,177480
5603000,8192,37,29,8,1434361827,37,1434370019,0,8166,12.9937,8140,2,0x7f2060ec8e,959,7390,0,26,177623,8166,12.9937,8140,26,177506
5604000,8192,37,29,8,1434623963,37,1434632155,0,8157,12.9915,8122,2,0xc0239a34fa,2,8,0,35,177658,8157,12.9915,8122,35,177541
5605000,8192,37,29,8,1434877921,37,1434886113,0,8155,12.9910,8118,2,0x8d6dfe54e7,1037,7422,0,37,177695,8155,12.9910,8118,37,177578
5606000,8192,37,29,8,1435131874,37,1435140066,0,8163,12.9929,8134,2,0xd6fc633d2e,968,7396,0,29,177724,8163,12.9929,8134,29,177607
5607000,8192,37,29,8,1435385827,37,1435394019,0,8157,12.9915,8122,2,0x8bdd779373,1002,7391,0,35,177759,8157,12.9915,8122,35,177642
5608000,8192,37,29,8,1435647963,37,1435656155,0,8159,12.9919,8126,2,0xdf93cebd56,1,8,0,33,177792,8159,12.9919,8126,33,177675
5609000,8192,37,29,8,1435901921,37,1435910113,0,8167,12.9939,8142,2,0x87ea8c4a6b,931,7402,0,25,177817,8167,12.9939,8142,25,177700
5610000,8192,37,29,8,1436155874,37,1436164066,0,8160,12.9922,8128,2,0x4aaff624c0,994,7441,0,32,177849,8160,12.9922,8128,32,177732
5611000,8192,37,29,8,1436409827,37,1436418019,0,8155,12.9910,8118,2,0x008658f8a3,1004,7441,0,37,177886,8155,12.9910,8118,37,177769
5612000,8192,37,29,8,1436671963,37,1436680155,0,8168,12.9941,8144,2,0xf88c690f1f,2,8,0,24,177910,8168,12.9941,8144,24,177793
5613000,8192,37,29,8,1436925921,37,1436934113,0,8165,12.9934,8138,2,0x16b4162ce9,911,7412,0,27,177937,8165,12.9934,8138,27,177820
5614000,8192,37,29,8,1437179874,37,1437188066,0,8170,12.9946,8148,2,0x54f6765563,933,7387,0,22,177959,8170,12.9946,8148,22,177842
5615000,8192,37,29,8,1437433827,37,1437442019,0,8165,12.9934,8138,2,0xbc2a2aff1d,1006,7414,0,27,177986,8165,12.9934,8138,27,177869
5616000,8192,37,29,8,1437695963,37,1437704155,0,8152,12.9902,8112,2,0x2304e61920,1,7,0,40,178026,8152,12.9902,8112,40,177909
5617000,8192,37,29,8,1437949921,37,1437958113,0,8162,12.9927,8132,2,0x1e5ec8f940,971,7405,0,30,178056,8162,12.9927,8132,30,177939
5618000,8192,37,29,8,1438203874,37,1438212066,0,8147,12.9890,8102,2,0xd2a02cb965,1003,7401,0,45,178101,8147,12.9890,8102,45,177984
5619000,8192,37,29,8,1438457827,37,1438466019,0,8166,12.9936,8141,3,0x3cc6872dcd,1035,7385,0,25,178126,8166,12.9936,8141,25,178009
5620000,8192,37,29,8,1438719963,37,1438728155,0,8153,12.9904,8115,3,0x630fc388a7,1,8,0,38,178164,8153,12.9904,8115,38,178047
5621000,8192,37,29,8,1438973921,37,1438982113,0,8162,12.9927,8132,2,0x7fa164e5e7,942,7398,0,30,178194,8162,12.9927,8132,30,178077
5622000,8192,37,29,8,1439227874,37,1439236066,0,8166,12.9936,8141,3,0x4cb0a8e90b,976,7386,0,25,178219,8166,12.9936,8141,25,178102
5623000,8192,37,29,8,1439481827,37,1439490019,0,8163,12.9929,8134,2,0xa967c9924d,962,7422,0,29,178248,8163,12.9929,8134,29,178131
5624000,8192,37,29,8,1439743963,37,1439752155,0,8159,12.9919,8126,2,0xc4ce371f46,0,8,0,33,178281,8159,12.9919,8126,33,178164
5625000,8192,37,29,8,1439997921,37,1440006113,0,8167,12.9939,8142,2,0xe7b7d858ff,948,7445,0,25,178306,8167,12.9939,8142,25,178189
5626000,8192,37,29,8,1440251874,37,1440260066,0,8159,12.9919,8126,2,0xc1f23ed160,1010,7414,0,33,178339,8159,12.9919,8126,33,178222
5627000,8192,37,29,8,1440505827,37,1440514019,0,8149,12.9895,8106,2,0x186ff05e04,1030,7431,0,43,178382,8149,12.9895,8106,43,178265
5628000,8192,37,29,8,1440767963,37,1440776155,0,8159,12.9919,8127,3,0xf0aadfd398,0,9,0,32,178414,8159,12.9919,8127,32,178297
5629000,8192,37,29,8,1441021921,37,1441030113,0,8159,12.9919,8126,2,0x0b89cd3352,1060,7447,0,33,178447,8159,12.9919,8126,33,178330
5630000,8192,37,29,8,1441275874,37,1441284066,0,8150,12.9897,8109,3,0x7a21641d85,945,7397,0,41,178488,8150,12.9897,8109,41,178371
5631000,8192,37,29,8,1441529827,37,1441538019,0,8163,12.9929,8134,2,0x1e3c12b42a,972,7449,0,29,178517,8163,12.9929,8134,29,178400
5632000,8192,37,29,8,1441791963,37,1441800155,0,8165,12.9934,8138,2,0x20387d3c35,0,9,0,27,178544,8165,12.9934,8138,27,178427
5633000,8192,37,29,8,1442045921,37,1442054113,0,8165,12.9934,8138,2,0xe6dee3417d,952,7436,0,27,178571,8165,12.9934,8138,27,178454
5634000,8192,37,29,8,1442299874,37,1442308066,0,8154,12.9907,8116,2,0x8854e651a8,989,7413,0,38,178609,8154,12.9907,8116,38,178492
5635000,8192,37,29,8,1442553827,37,1442562019,0,8160,12.9922,8128,2,0xff5d400caa,985,7437,0,32,178641,8160,12.9922,8128,32,178524
5636000,8192,37,29,8,1442815963,37,1442824155,0,8150,12.9897,8108,2,0x798d7e0b42,3,7,0,42,178683,8150,12.9897,8108,42,178566
5637000,8192,37,29,8,1443069921,37,1443078113,0,8167,12.9939,8142,2,0x9d7e17f6e6,960,7434,0,25,178708,8167,12.9939,8142,25,178591
5638000,8192,37,29,8,1443323874,37,1443332066,0,8156,12.9912,8120,2,0x4adcaea38c,957,7440,0,36,178744,8156,12.9912,8120,36,178627
5639000,8192,37,29,8,1443577827,37,1443586019,0,8148,12.9893,8104,2,0x446eda4e05,937,7421,0,44,178788,8148,12.9893,8104,44,178671
5640000,8192,37,29,8,1443839963,37,1443848155,0,8164,12.9932,8136,2,0x9a76035e14,3,9,0,28,178816,8164,12.9932,8136,28,178699
5641000,8192,37,29,8,1444093921,37,1444102113,0,8166,12.9937,8140,2,0x7b1ecf5e17,973,7370,0,26,178842,8166,12.9937,8140,26,178725
5642000,8192,37,29,8,1444347874,37,1444356066,0,8163,12.9929,8134,2,0xd22f69eaec,927,7379,0,29,178871,8163,12.9929,8134,29,178754
5643000,8192,37,29,8,1444601827,37,1444610019,0,8157,12.9915,8122,2,0xc3d99383b2,934,7461,0,35,178906,8157,12.9915,8122,35,178789
5644000,8192,37,29,8,1444863963,37,1444872155,0,8156,12.9911,8121,3,0xd01ab532de,0,9,0,35,178941,8156,12.9911,8121,35,178824
5645000,8192,37,29,8,1445117921,37,1445126113,0,8165,12.9933,8139,3,0x63b5434fda,942,7362,0,26,178967,8165,12.9933,8139,26,178850
5646000,8192,37,29,8,1445371874,37,1445380066,0,8155,12.9910,8118,2,0x1d1911fc28,992,7418,0,37,179004,8155,12.9910,8118,37,178887
5647000,8192,37,29,8,1445625827,37,1445634019,0,8154,12.9907,8116,2,0xb3d6bd9d0a,970,7444,0,38,179042,8154,12.9907,8116,38,178925
5648000,8192,37,29,8,1445887963,37,1445896155,0,8156,12.9912,8120,2,0x81ab012258,1,8,0,36,179078,8156,12.9912,8120,36,178961
5649000,8192,37,29,8,1446141921,37,1446150113,0,8158,12.9917,8124,2,0xf196967833,950,7456,0,34,179112,8158,12.9917,8124,34,178995
5650000,8192,37,29,8,1446395874,37,1446404066,0,8156,12.9912,8120,2,0xa881dd7bb3,1024,7382,0,36,179148,8156,12.9912,8120,36,179031
5651000,8192,37,29,8,1446649827,37,1446658019,0,8162,12.9927,8132,2,0x0c92d2d6a1,945,7387,0,30,179178,8162,12.9927,8132,30,179061
5652000,8192,37,29,8,1446911963,37,1446920155,0,8155,12.9910,8118,2,0xf5e9ebbe30,1,9,0,37,179215,8155,12.9910,8118,37,179098
5653000,8192,37,29,8,1447165921,37,1447174113,0,8156,12.9912,8120,2,0x7b6f9b94c7,989,7404,0,36,179251,8156,12.9912,8120,36,179134
5654000,8192,37,29,8,1447419874,37,1447428066,0,8145,12.9885,8098,2,0x862e587636,984,7476,0,47,179298,8145,12.9885,8098,47,179181
5655000,8192,37,29,8,1447673827,37,1447682019,0,8157,12.9915,8122,2,0xfc70e0b781,1009,7471,0,35,179333,8157,12.9915,8122,35,179216
5656000,8192,37,29,8,1447935963,37,1447944155,0,8161,12.9924,8130,2,0x3022fcaa22,2,8,0,31,179364,8161,12.9924,8130,31,179247
5657000,8192,37,29,8,1448189921,37,1448198113,0,8165,12.9934,8138,2,0x24a09158ce,995,7410,0,27,179391,8165,12.9934,8138,27,179274
5658000,8192,37,29,8,1448443874,37,1448452066,0,8157,12.9915,8122,2,0x113587e343,968,7440,0,35,179426,8157,12.9915,8122,35,179309
5659000,8192,37,29,8,1448697827,37,1448706019,0,8163,12.9929,8134,2,0x74a732fc5e,949,7442,0,29,179455,8163,12.9929,8134,29,179338
5660000,8192,37,29,8,1448959963,37,1448968155,0,8165,12.9934,8138,2,0x5e4904b6a4,0,9,0,27,179482,8165,12.9934,8138,27,179365
5661000,8192,37,29,8,1449213921,37,1449222113,0,8160,12.9921,8129,3,0xb73e516986,950,7467,0,31,179513,8160,12.9921,8129,31,179396
5662000,8192,37,29,8,1449467874,37,1449476066,0,8162,12.9926,8133,3,0x187657d860,1020,7408,0,29,179542,8162,12.9926,8133,29,179425
5663000,8192,37,29,8,1449721827,37,1449730019,0,8151,12.9900,8110,2,0x9f356f3827,998,7437,0,41,179583,8152,12.9902,8112,40,179465
5664000,8192,37,29,8,1449983963,37,1449992155,0,8164,12.9932,8136,2,0xd5d25abad5,0,9,0,28,179611,8164,12.9932,8136,28,179493
5665000,8192,37,29,8,1450237921,37,1450246113,0,8167,12.9939,8142,2,0x94ba10aed5,975,7432,0,25,179636,8167,12.9939,8142,25,179518
5666000,8192,37,29,8,1450491874,37,1450500066,0,8154,12.9907,8116,2,0x0ae024e3e8,954,7412,0,38,179674,8154,12.9907,8116,38,179556
5667000,8192,37,29,8,1450745827,37,1450754019,0,8167,12.9939,8142,2,0xed70a9f8f5,974,7393,0,25,179699,8167,12.9939,8142,25,179581
5668000,8192,37,29,8,1451007963,37,1451016155,0,8165,12.9934,8138,2,0x52c9d14229,0,7,0,27,179726,8165,12.9934,8138,27,179608
5669000,8192,37,29,8,1451261921,37,1451270113,0,8163,12.9929,8134,2,0xc54f9206b9,958,7411,0,29,179755,8163,12.9929,8134,29,179637
5670000,8192,37,29,8,1451515874,37,1451524066,0,8168,12.9941,8144,2,0x5280e5f267,993,7392,0,24,179779,8168,12.9941,8144,24,179661
5671000,8192,37,29,8,1451769827,37,1451778019,0,8152,12.9902,8112,2,0x7dcc9af4bd,1015,7403,0,40,179819,8152,12.9902,8112,40,179701
5672000,8192,37,29,8,1452031963,37,1452040155,0,8148,12.9893,8104,2,0x06e0a13183,1,9,0,44,179863,8148,12.9893,8104,44,179745
5673000,8192,37,29,8,1452285921,37,1452294113,0,8168,12.9940,8145,3,0x1dd23e8d5d,1006,7427,0,23,179886,8168,12.9940,8145,23,179768
5674000,8192,37,29,8,1452539874,37,1452548066,0,8156,12.9912,8120,2,0xe944682527,1002,7394,0,36,179922,8156,12.9912,8120,36,179804
5675000,8192,37,29,8,1452793827,37,1452802019,0,8164,12.9932,8136,2,0xcb391e764c,985,7451,0,28,179950,8164,12.9932,8136,28,179832
5676000,8192,37,29,8,1453055963,37,1453064155,0,8148,12.9893,8104,2,0x4497145960,2,8,0,44,179994,8148,12.9893,8104,44,179876
5677000,8192,37,29,8,1453309921,37,1453318113,0,8168,12.9941,8144,2,0x6f0025406e,1034,7422,0,24,180018,8168,12.9941,8144,24,179900
5678000,8192,37,29,8,1453563874,37,1453572066,0,8154,12.9906,8117,3,0xb15f6f4a87,1013,7432,0,37,180055,8154,12.9906,8117,37,179937
5679000,8192,37,29,8,1453817827,37,1453826019,0,8159,12.9919,8126,2,0xa0d930d761,950,7468,0,33,180088,8159,12.9919,8126,33,179970
5680000,8192,37,29,8,1454079963,37,1454088155,0,8160,12.9922,8128,2,0x782a0fb842,0,8,0,32,180120,8160,12.9922,8128,32,180002
5681000,8192,37,29,8,1454333921,37,1454342113,0,8148,12.9893,8104,2,0x9b70fbdf11,1011,7392,0,44,180164,8148,12.9893,8104,44,180046
5682000,8192,37,29,8,1454587874,37,1454596066,0,8165,12.9934,8138,2,0xa0a252036e,937,7431,0,27,180191,8165,12.9934,8138,27,180073
5683000,8192,37,29,8,1454841827,37,1454850019,0,8175,12.9958,8158,2,0x98b693413b,976,7417,0,17,180208,8175,12.9958,8158,17,180090
5684000,8192,37,29,8,1455103963,37,1455112155,0,8163,12.9929,8134,2,0x330e2f8677,1,9,0,29,180237,8163,12.9929,8134,29,180119
5685000,8192,37,29,8,1455357921,37,1455366113,0,8159,12.9919,8126,2,0xc482a62c7a,931,7406,0,33,180270,8159,12.9919,8126,33,180152
5686000,8192,37,29,8,1455611874,37,1455620066,0,8165,12.9934,8138,2,0x93119752cb,971,7416,0,27,180297,8165,12.9934,8138,27,180179
5687000,8192,37,29,8,1455865827,37,1455874019,0,8158,12.9917,8124,2,0x476ef24875,954,7427,0,34,180331,8158,12.9917,8124,34,180213
5688000,8192,37,29,8,1456127963,37,1456136155,0,8165,12.9934,8138,2,0x2bc9909ff3,2,9,0,27,180358,8165,12.9934,8138,27,180240
5689000,8192,37,29,8,1456381921,37,1456390113,0,8162,12.9927,8132,2,0x9379d91bc9,987,7389,0,30,180388,8162,12.9927,8132,30,180270
5690000,8192,37,29,8,1456635874,37,1456644066,0,8161,12.9924,8130,2,0x3472a16fbb,942,7417,0,31,180419,8161,12.9924,8130,31,180301
5691000,8192,37,29,8,1456889827,37,1456898019,0,8160,12.9922,8128,2,0x522c0000d6,1014,7433,0,32,180451,8160,12.9922,8128,32,180333
5692000,8192,37,29,8,1457151963,37,1457160155,0,8147,12.9890,8102,2,0xe649e1201c,2,8,0,45,180496,8147,12.9890,8102,45,180378
5693000,8192,37,29,8,1457405921,37,1457414113,0,8169,12.9944,8146,2,0x3373afd452,970,7396,0,23,180519,8169,12.9944,8146,23,180401
5694000,8192,37,29,8,1457659874,37,1457668066,0,8157,12.9915,8122,2,0x29393a2624,938,7393,0,35,180554,8157,12.9915,8122,35,180436
5695000,8192,37,29,8,1457913827,37,1457922019,0,8162,12.9927,8132,2,0x5906e29ba2,959,7393,0,30,180584,8162,12.9927,8132,30,180466
5696000,8192,37,29,8,1458175963,37,1458184155,0,8151,12.9900,8110,2,0x4c26a61af0,3,9,0,41,180625,8151,12.9900,8110,41,180507
5697000,8192,37,29,8,1458429921,37,1458438113,0,8155,12.9910,8118,2,0x16995544b8,1005,7383,0,37,180662,8155,12.9910,8118,37,180544
5698000,8192,37,29,8,1458683874,37,1458692066,0,8161,12.9924,8130,2,0x99dd9a5738,980,7413,0,31,180693,8162,12.9927,8132,30,180574
5699000,8192,37,29,8,1458937827,37,1458946019,0,8151,12.9899,8111,3,0x41ffbdaea6,960,7393,0,40,180733,8151,12.9899,8111,40,180614
5700000,8192,37,29,8,1459199963,37,1459208155,0,8167,12.9939,8142,2,0xda0b65e690,1,6,0,25,180758,8167,12.9939,8142,25,180639
5701000,8192,37,29,8,1459453921,37,1459462113,0,8165,12.9934,8138,2,0x5a5d5fbf12,925,7424,0,27,180785,8165,12.9934,8138,27,180666
5702000,8192,37,29,8,1459707874,37,1459716066,0,8151,12.9900,8110,2,0xa5934a88f2,956,7410,0,41,180826,8151,12.9900,8110,41,180707
5703000,8192,37,29,8,1459961827,37,1459970019,0,8155,12.9910,8118,2,0xaa581e1144,971,7383,0,37,180863,8155,12.9910,8118,37,180744
5704000,8192,37,29,8,1460223963,37,1460232155,0,8163,12.9929,8134,2,0xd9e92b1f27,1,9,0,29,180892,8163,12.9929,8134,29,180773
5705000,8192,37,29,8,1460477921,37,1460486113,0,8166,12.9937,8140,2,0xf857781e41,976,7419,0,26,180918,8166,12.9937,8140,26,180799
5706000,8192,37,29,8,1460731874,37,1460740066,0,8157,12.9915,8122,2,0xa2714982ee,967,7409,0,35,180953,8158,12.9917,8124,34,180833
5707000,8192,37,29,8,1460985827,37,1460994019,0,8154,12.9906,8117,3,0xe88a6cd9e2,976,7385,0,37,180990,8154,12.9906,8117,37,180870
5708000,8192,37,29,8,1461247963,37,1461256155,0,8158,12.9917,8124,2,0xa014e5e519,1,7,0,34,181024,8158,12.9917,8124,34,180904
5709000,8192,37,29,8,1461501921,37,1461510113,0,8163,12.9929,8134,2,0xc95dcaa95a,988,7407,0,29,181053,8163,12.9929,8134,29,180933
5710000,8192,37,29,8,1461755874,37,1461764066,0,8161,12.9924,8130,2,0xd0ad93bfb6,1006,7449,0,31,181084,8161,12.9924,8130,31,180964
5711000,8192,37,29,8,1462009827,37,1462018019,0,8160,12.9922,8128,2,0xfc85b2d5e5,966,7382,0,32,181116,8160,12.9922,8128,32,180996
5712000,8192,37,29,8,1462271963,37,1462280155,0,8158,12.9917,8124,2,0xb5354b0d6e,2,8,0,34,181150,8158,12.9917,8124,34,181030
5713000,8192,37,29,8,1462525921,37,1462534113,0,8156,12.9912,8120,2,0xddf8b71935,987,7384,0,36,181186,8157,12.9915,8122,35,181065
5714000,8192,37,29,8,1462779874,37,1462788066,0,8157,12.9914,8123,3,0x5ce0638a5f,998,7384,0,34,181220,8157,12.9914,8123,34,181099
5715000,8192,37,29,8,1463033827,37,1463042019,0,8156,12.9911,8121,3,0x18c0ac5ca8,994,7385,0,35,181255,8156,12.9911,8121,35,181134
5716000,8192,37,29,8,1463295963,37,1463304155,0,8164,12.9932,8136,2,0xda75f9b0d1,1,8,0,28,181283,8164,12.9932,8136,28,181162
5717000,8192,37,29,8,1463549921,37,1463558113,0,8168,12.9941,8144,2,0xfd9dd97c22,971,7406,0,24,181307,8168,12.9941,8144,24,181186
5718000,8192,37,29,8,1463803874,37,1463812066,0,8148,12.9893,8104,2,0xa08868c169,935,7424,0,44,181351,8149,12.9895,8106,43,181229
5719000,8192,37,29,8,1464057827,37,1464066019,0,8163,12.9929,8134,2,0x2980b2a752,966,7337,0,29,181380,8163,12.9929,8134,29,181258
5720000,8192,37,29,8,1464319963,37,1464328155,0,8149,12.9895,8106,2,0x2d187d3626,3,7,0,43,181423,8149,12.9895,8106,43,181301
5721000,8192,37,29,8,1464573921,37,1464582113,0,8163,12.9929,8134,2,0x17abeae78d,960,7412,0,29,181452,8164,12.9932,8136,28,181329
5722000,8192,37,29,8,1464827874,37,1464836066,0,8168,12.9940,8145,3,0x4b683577f4,906,7412,0,23,181475,8168,12.9940,8145,23,181352
5723000,8192,37,29,8,1465081827,37,1465090019,0,8160,12.9922,8128,2,0x538beda6ef,993,7380,0,32,181507,8160,12.9922,8128,32,181384
5724000,8192,37,29,8,1465343963,37,1465352155,0,8165,12.9934,8138,2,0xea9e88a642,0,8,0,27,181534,8165,12.9934,8138,27,181411
5725000,8192,37,29,8,1465597921,37,1465606113,0,8160,12.9922,8128,2,0x8da596a38d,961,7403,0,32,181566,8160,12.9922,8128,32,181443
5726000,8192,37,29,8,1465851874,37,1465860066,0,8159,12.9919,8126,2,0x6c81e4ddeb,994,7396,0,33,181599,8159,12.9919,8126,33,181476
5727000,8192,37,29,8,1466105827,37,1466114019,0,8163,12.9929,8134,2,0xbfba7abd00,948,7413,0,29,181628,8163,12.9929,8134,29,181505
5728000,8192,37,29,8,1466367963,37,1466376155,0,8165,12.9934,8138,2,0xc121221bca,0,9,0,27,181655,8165,12.9934,8138,27,181532
5729000,8192,37,29,8,1466621921,37,1466630113,0,8157,12.9915,8122,2,0xbcf161655e,957,7406,0,35,181690,8157,12.9915,8122,35,181567
5730000,8192,37,29,8,1466875874,37,1466884066,0,8155,12.9910,8118,2,0xcf21ce6cd6,1051,7418,0,37,181727,8155,12.9910,8118,37,181604
5731000,8192,37,29,8,1467129827,37,1467138019,0,8152,12.9902,8112,2,0x1460576380,976,7448,0,40,181767,8153,12.9905,8114,39,181643
5732000,8192,37,29,8,1467391963,37,1467400155,0,8147,12.9889,8103,3,0x402ed54c53,2,6,0,44,181811,8147,12.9889,8103,44,181687
5733000,8192,37,29,8,1467645921,37,1467654113,0,8157,12.9915,8122,2,0x0b85e61890,1033,7377,0,35,181846,8157,12.9915,8122,35,181722
5734000,8192,37,29,8,1467899874,37,1467908066,0,8160,12.9922,8128,2,0x33b19cb785,994,7411,0,32,181878,8160,12.9922,8128,32,181754
5735000,8192,37,29,8,1468153827,37,1468162019,0,8151,12.9900,8110,2,0xc1dc6596b7,965,7427,0,41,181919,8152,12.9902,8112,40,181794
5736000,8192,37,29,8,1468415963,37,1468424155,0,8162,12.9927,8132,2,0x8ffc811c37,1,9,0,30,181949,8162,12.9927,8132,30,181824
5737000,8192,37,29,8,1468669921,37,1468678113,0,8167,12.9939,8142,2,0x37f0851f63,933,7463,0,25,181974,8167,12.9939,8142,25,181849
5738000,8192,37,29,8,1468923874,37,1468932066,0,8166,12.9937,8140,2,0x508bc5e37f,997,7453,0,26,182000,8166,12.9937,8140,26,181875
5739000,8192,37,29,8,1469177827,37,1469186019,0,8153,12.9905,8114,2,0x3d27c86737,1021,7440,0,39,182039,8153,12.9905,8114,39,181914
5740000,8192,37,29,8,1469439963,37,1469448155,0,8160,12.9922,8128,2,0xb04c085e1a,1,8,0,32,182071,8160,12.9922,8128,32,181946
5741000,8192,37,29,8,1469693921,37,1469702113,0,8155,12.9910,8118,2,0xdfae439729,999,7445,0,37,182108,8155,12.9910,8118,37,181983
5742000,8192,37,29,8,1469947874,37,1469956066,0,8161,12.9924,8130,2,0xfc670f5bbf,1003,7392,0,31,182139,8161,12.9924,8130,31,182014
5743000,8192,37,29,8,1470201827,37,1470210019,0,8149,12.9895,8106,2,0x6a8fc5dbc2,1022,7435,0,43,182182,8150,12.9897,8108,42,182056
5744000,8192,37,29,8,1470463963,37,1470472155,0,8156,12.9912,8120,2,0x39bc3722b3,0,8,0,36,182218,8156,12.9912,8120,36,182092
5745000,8192,38,30,8,1470717920,38,1470726112,0,8159,12.9919,8126,2,0x26c44012f2,1024,7383,0,33,182251,8159,12.9919,8126,33,182125
5746000,8192,38,30,8,1470971873,38,1470980065,0,8152,12.9902,8112,2,0x190c2c51e8,950,7404,0,40,182291,8152,12.9902,8112,40,182165
5747000,8192,38,30,8,1471225826,38,1471234018,0,8152,12.9902,8112,2,0xef8f37b3a7,989,7443,0,40,182331,8152,12.9902,8112,40,182205
5748000,8192,38,30,8,1471487962,38,1471496154,0,8160,12.9922,8128,2,0x858fb9a3b8,1,7,0,32,182363,8160,12.9922,8128,32,182237
5749000,8192,38,30,8,1471741920,38,1471750112,0,8156,12.9912,8120,2,0x7b653e6d8a,993,7421,0,36,182399,8156,12.9912,8120,36,182273
5750000,8192,38,30,8,1471995873,38,1472004065,0,8153,12.9905,8114,2,0x271d718494,1048,7416,0,39,182438,8153,12.9905,8114,39,182312
5751000,8192,38,30,8,1472249826,38,1472258018,0,8161,12.9924,8130,2,0xcea772c6af,982,7460,0,31,182469,8161,12.9924,8130,31,182343
5752000,8192,38,30,8,1472511962,38,1472520154,0,8168,12.9941,8144,2,0xc8e2d87466,1,9,0,24,182493,8168,12.9941,8144,24,182367
5753000,8192,38,30,8,1472765920,38,1472774112,0,8162,12.9927,8132,2,0x6f27b3d9aa,963,7386,0,30,182523,8162,12.9927,8132,30,182397
5754000,8192,38,30,8,1473019873,38,1473028065,0,8159,12.9919,8126,2,0xe809f9dfc7,959,7399,0,33,182556,8159,12.9919,8126,33,182430
5755000,8192,38,30,8,1473273826,38,1473282018,0,8167,12.9939,8142,2,0x35cac9a1da,965,7417,0,25,182581,8167,12.9939,8142,25,182455
5756000,8192,38,30,8,1473535962,38,1473544154,0,8155,12.9910,8118,2,0x7fdf831da7,2,8,0,37,182618,8155,12.9910,8118,37,182492
5757000,8192,38,30,8,1473789920,38,1473798112,0,8159,12.9919,8126,2,0x47cb2fff86,975,7444,0,33,182651,8159,12.9919,8126,33,182525
5758000,8192,38,30,8,1474043873,38,1474052065,0,8161,12.9924,8130,2,0xe835332759,941,7387,0,31,182682,8161,12.9924,8130,31,182556
5759000,8192,38,30,8,1474297826,38,1474306018,0,8154,12.9907,8116,2,0xa4f160a451,1017,7383,0,38,182720,8154,12.9907,8116,38,182594
5760000,8192,38,30,8,1474559962,38,1474568154,0,8163,12.9928,8135,3,0x8b5eb9e728,1,9,0,28,182748,8163,12.9928,8135,28,182622
5761000,8192,38,30,8,1474813920,38,1474822112,0,8171,12.9949,8150,2,0x77e41e6860,973,7466,0,21,182769,8171,12.9949,8150,21,182643
5762000,8192,38,30,8,1475067873,38,1475076065,0,8159,12.9919,8126,2,0x06c2a8c418,997,7376,0,33,182802,8159,12.9919,8126,33,182676
5763000,8192,38,30,8,1475321826,38,1475330018,0,8156,12.9912,8120,2,0x07c8522567,969,7396,0,36,182838,8156,12.9912,8120,36,182712
5764000,8192,38,30,8,1475583962,38,1475592154,0,8158,12.9917,8124,2,0x34fc50841d,3,8,0,34,182872,8158,12.9917,8124,34,182746
5765000,8192,38,30,8,1475837920,38,1475846112,0,8159,12.9919,8126,2,0x48093b3f40,955,7421,0,33,182905,8159,12.9919,8126,33,182779
5766000,8192,38,30,8,1476091873,38,1476100065,0,8159,12.9919,8126,2,0xa344c641b2,1001,7440,0,33,182938,8159,12.9919,8126,33,182812
5767000,8192,38,30,8,1476345826,38,1476354018,0,8163,12.9929,8134,2,0x839725a3be,946,7426,0,29,182967,8163,12.9929,8134,29,182841
5768000,8192,38,30,8,1476607962,38,1476616154,0,8160,12.9922,8128,2,0x678af38ba5,2,8,0,32,182999,8160,12.9922,8128,32,182873
5769000,8192,38,30,8,1476861920,38,1476870112,0,8160,12.9922,8128,2,0xea826b58e1,994,7428,0,32,183031,8160,12.9922,8128,32,182905
5770000,8192,38,30,8,1477115873,38,1477124065,0,8162,12.9927,8132,2,0xb8f223c8ff,958,7444,0,30,183061,8162,12.9927,8132,30,182935
5771000,8192,38,30,8,1477369826,38,1477378018,0,8160,12.9922,8128,2,0xd7543a5fc9,991,7398,0,32,183093,8160,12.9922,8128,32,182967
5772000,8192,38,30,8,1477631962,38,1477640154,0,8157,12.9915,8122,2,0xe7cee08b34,1,8,0,35,183128,8157,12.9915,8122,35,183002
5773000,8192,38,30,8,1477885920,38,1477894112,0,8165,12.9934,8138,2,0x5ded989cfe,963,7404,0,27,183155,8165,12.9934,8138,27,183029
5774000,8192,38,30,8,1478139873,38,1478148065,0,8168,12.9941,8144,2,0xebd482d775,935,7420,0,24,183179,8168,12.9941,8144,24,183053
5775000,8192,38,30,8,1478393826,38,1478402018,0,8154,12.9907,8116,2,0x02bdf3f283,973,7436,0,38,183217,8154,12.9907,8116,38,183091
5776000,8192,38,30,8,1478655962,38,1478664154,0,8160,12.9922,8128,2,0x872437a295,1,8,0,32,183249,8160,12.9922,8128,32,183123
5777000,8192,38,30,8,1478909920,38,1478918112,0,8158,12.9917,8124,2,0x230af7faad,993,7461,0,34,183283,8158,12.9917,8124,34,183157
5778000,8192,38,30,8,1479163873,38,1479172065,0,8159,12.9919,8126,2,0xdddcb662ea,972,7418,0,33,183316,8159,12.9919,8126,33,183190
5779000,8192,38,30,8,1479417826,38,1479426018,0,8151,12.9900,8110,2,0xd2cd8f779b,1026,7403,0,41,183357,8151,12.9900,8110,41,183231
5780000,8192,38,30,8,1479679962,38,1479688154,0,8161,12.9924,8130,2,0xd8dec3ab9b,2,8,0,31,183388,8161,12.9924,8130,31,183262
5781000,8192,38,30,8,1479933920,38,1479942112,0,8166,12.9937,8140,2,0x5d857da608,1013,7419,0,26,183414,8166,12.9937,8140,26,183288
5782000,8192,38,30,8,1480187873,38,1480196065,0,8149,12.9895,8106,2,0x409917196e,993,7426,0,43,183457,8149,12.9895,8106,43,183331
5783000,8192,38,30,8,1480441826,38,1480450018,0,8159,12.9919,8126,2,0x63c06026d4,1009,7397,0,33,183490,8159,12.9919,8126,33,183364
5784000,8192,38,30,8,1480703962,38,1480712154,0,8156,12.9912,8120,2,0xcdb5c41a68,1,9,0,36,183526,8156,12.9912,8120,36,183400
5785000,8192,38,30,8,1480957920,38,1480966112,0,8158,12.9917,8124,2,0x83b90ea488,972,7450,0,34,183560,8158,12.9917,8124,34,183434
5786000,8192,38,30,8,1481211873,38,1481220065,0,8164,12.9932,8136,2,0x4fa58dc50a,963,7445,0,28,183588,8164,12.9932,8136,28,183462
5787000,8192,38,30,8,1481465826,38,1481474018,0,8157,12.9915,8122,2,0x5116269ae2,1029,7445,0,35,183623,8157,12.9915,8122,35,183497
5788000,8192,38,30,8,1481727962,38,1481736154,0,8158,12.9917,8124,2,0x1ada8dd49d,1,8,0,34,183657,8158,12.9917,8124,34,183531
5789000,8192,38,30,8,1481981920,38,1481990112,0,8159,12.9919,8126,2,0x55dcf879dc,992,7460,0,33,183690,8159,12.9919,8126,33,183564
5790000,8192,38,30,8,1482235873,38,1482244065,0,8161,12.9924,8130,2,0xf4e9e2f0f3,945,7412,0,31,183721,8161,12.9924,8130,31,183595
5791000,8192,38,30,8,1482489826,38,1482498018,0,8152,12.9902,8112,2,0x530ffa51ec,1019,7417,0,40,183761,8152,12.9902,8112,40,183635
5792000,8192,38,30,8,1482751962,38,1482760154,0,8165,12.9934,8138,2,0x1363aec4d4,1,9,0,27,183788,8165,12.9934,8138,27,183662
5793000,8192,38,30,8,1483005920,38,1483014112,0,8153,12.9905,8114,2,0xc805282341,1015,7386,0,39,183827,8153,12.9905,8114,39,183701
5794000,8192,38,30,8,1483259873,38,1483268065,0,8151,12.9900,8110,2,0x43bf3f7b69,1019,7430,0,41,183868,8151,12.9900,8110,41,183742
5795000,8192,38,30,8,1483513826,38,1483522018,0,8161,12.9924,8130,2,0x6ff59a90d2,988,7454,0,31,183899,8161,12.9924,8130,31,183773
5796000,8192,38,30,8,1483775962,38,1483784154,0,8161,12.9924,8130,2,0xb8b97101eb,3,8,0,31,183930,8161,12.9924,8130,31,183804
5797000,8192,38,30,8,1484029920,38,1484038112,0,8154,12.9907,8116,2,0xa1524c0cf3,983,7434,0,38,183968,8154,12.9907,8116,38,183842
5798000,8192,38,30,8,1484283873,38,1484292065,0,8163,12.9929,8134,2,0x0d933a4f9b,967,7443,0,29,183997,8163,12.9929,8134,29,183871
5799000,8192,38,30,8,1484537826,38,1484546018,0,8156,12.9912,8120,2,0xe6418aee6f,1005,7442,0,36,184033,8156,12.9912,8120,36,183907
5800000,8192,38,30,8,1484799962,38,1484808154,0,8163,12.9929,8134,2,0xf9db11ded5,1,8,0,29,184062,8163,12.9929,8134,29,183936
5801000,8192,38,30,8,1485053920,38,1485062112,0,8167,12.9939,8142,2,0x2d99cfbf66,947,7433,0,25,184087,8167,12.9939,8142,25,183961
5802000,8192,38,30,8,1485307873,38,1485316065,0,8160,12.9922,8128,2,0x65da84da56,964,7394,0,32,184119,8160,12.9922,8128,32,183993
5803000,8192,38,30,8,1485561826,38,1485570018,0,8153,12.9905,8114,2,0xe5f99ed785,970,7386,0,39,184158,8153,12.9905,8114,39,184032
5804000,8192,38,30,8,1485823962,38,1485832154,0,8153,12.9905,8114,2,0xbcddb01af2,0,9,0,39,184197,8153,12.9905,8114,39,184071
5805000,8192,38,30,8,1486077920,38,1486086112,0,8164,12.9932,8136,2,0x00fb2a352e,983,7466,0,28,184225,8164,12.9932,8136,28,184099
5806000,8192,38,30,8,1486331873,38,1486340065,0,8158,12.9917,8124,2,0xb098bc3366,979,7459,0,34,184259,8158,12.9917,8124,34,184133
5807000,8192,38,30,8,1486585826,38,1486594018,0,8161,12.9924,8130,2,0xaa699a646d,979,7438,0,31,184290,8161,12.9924,8130,31,184164
5808000,8192,38,30,8,1486847962,38,1486856154,0,8160,12.9922,8128,2,0x520e4829fe,0,8,0,32,184322,8160,12.9922,8128,32,184196
5809000,8192,38,30,8,1487101920,38,1487110112,0,8162,12.9927,8132,2,0x3be28cf24a,976,7430,0,30,184352,8162,12.9927,8132,30,184226
5810000,8192,38,30,8,1487355873,38,1487364065,0,8160,12.9922,8128,2,0xd0a310f064,1002,7421,0,32,184384,8160,12.9922,8128,32,184258
5811000,8192,38,30,8,1487609826,38,1487618018,0,8154,12.9907,8116,2,0xb0d46a18f9,924,7357,0,38,184422,8154,12.9907,8116,38,184296
5812000,8192,38,30,8,1487871962,38,1487880154,0,8145,12.9885,8098,2,0x77190de7cc,1,7,0,47,184469,8145,12.9885,8098,47,184343
5813000,8192,38,30,8,1488125920,38,1488134112,0,8170,12.9946,8148,2,0xf0f5e0d746,980,7454,0,22,184491,8170,12.9946,8148,22,184365
5814000,8192,38,30,8,1488379873,38,1488388065,0,8163,12.9929,8134,2,0x25255fb897,990,7434,0,29,184520,8163,12.9929,8134,29,184394
5815000,8192,38,30,8,1488633826,38,1488642018,0,8169,12.9943,8147,3,0x77150f609c,1022,7402,0,22,184542,8170,12.9945,8149,21,184415
5816000,8192,38,30,8,1488895962,38,1488904154,0,8162,12.9927,8132,2,0x4488f4d97b,1,8,0,30,184572,8162,12.9927,8132,30,184445
5817000,8192,38,30,8,1489149920,38,1489158112,0,8158,12.9917,8124,2,0xa442efcf95,970,7397,0,34,184606,8158,12.9917,8124,34,184479
5818000,8192,38,30,8,1489403873,38,1489412065,0,8159,12.9919,8126,2,0x159501edf6,950,7422,0,33,184639,8159,12.9919,8126,33,184512
5819000,8192,38,30,8,1489657826,38,1489666018,0,8158,12.9917,8124,2,0xdfbb2a7751,1006,7430,0,34,184673,8159,12.9919,8126,33,184545
5820000,8192,38,30,8,1489919962,38,1489928154,0,8151,12.9900,8110,2,0x34e8f597ad,2,9,0,41,184714,8151,12.9900,8110,41,184586
5821000,8192,38,30,8,1490173920,38,1490182112,0,8164,12.9932,8136,2,0x516f243191,989,7442,0,28,184742,8164,12.9932,8136,28,184614
5822000,8192,38,30,8,1490427873,38,1490436065,0,8162,12.9927,8132,2,0x4582f36597,954,7461,0,30,184772,8162,12.9927,8132,30,184644
5823000,8192,38,30,8,1490681826,38,1490690018,0,8157,12.9915,8122,2,0xa0c2b5992a,1004,7394,0,35,184807,8157,12.9915,8122,35,184679
5824000,8192,38,30,8,1490943962,38,1490952154,0,8161,12.9924,8130,2,0x87114cd173,1,9,0,31,184838,8161,12.9924,8130,31,184710
5825000,8192,38,30,8,1491197920,38,1491206112,0,8147,12.9889,8103,3,0xb903697376,972,7374,0,44,184882,8147,12.9889,8103,44,184754
5826000,8192,38,30,8,1491451873,38,1491460065,0,8160,12.9922,8128,2,0x891f5e3486,1045,7433,0,32,184914,8160,12.9922,8128,32,184786
5827000,8192,38,30,8,1491705826,38,1491714018,0,8149,12.9895,8106,2,0xf86c11ad34,930,7420,0,43,184957,8149,12.9895,8106,43,184829
5828000,8192,38,30,8,1491967962,38,1491976154,0,8155,12.9910,8118,2,0xe7cd006aa7,0,8,0,37,184994,8155,12.9910,8118,37,184866
5829000,8192,38,30,8,1492221920,38,1492230112,0,8159,12.9919,8126,2,0x29afe0c7c6,979,7426,0,33,185027,8159,12.9919,8126,33,184899
5830000,8192,38,30,8,1492475873,38,1492484065,0,8162,12.9926,8133,3,0xbf98281f6a,1025,7402,0,29,185056,8162,12.9926,8133,29,184928
5831000,8192,38,30,8,1492729826,38,1492738018,0,8154,12.9907,8116,2,0xbbcab15e78,1011,7419,0,38,185094,8154,12.9907,8116,38,184966
5832000,8192,38,30,8,1492991962,38,1493000154,0,8155,12.9910,8118,2,0x291089fe8f,1,8,0,37,185131,8155,12.9910,8118,37,185003
5833000,8192,38,30,8,1493245920,38,1493254112,0,8157,12.9915,8122,2,0xea30c8721e,989,7440,0,35,185166,8157,12.9915,8122,35,185038
5834000,8192,38,30,8,1493499873,38,1493508065,0,8160,12.9922,8128,2,0x146145585c,955,7379,0,32,185198,8161,12.9924,8130,31,185069
5835000,8192,38,30,8,1493753826,38,1493762018,0,8163,12.9928,8135,3,0x5fd854f868,956,7395,0,28,185226,8163,12.9928,8135,28,185097
5836000,8192,38,30,8,1494015962,38,1494024154,0,8157,12.9915,8122,2,0x9ed891367b,1,7,0,35,185261,8157,12.9915,8122,35,185132
5837000,8192,38,30,8,1494269920,38,1494278112,0,8156,12.9912,8120,2,0x60f40be04a,949,7385,0,36,185297,8156,12.9912,8120,36,185168
5838000,8192,38,30,8,1494523873,38,1494532065,0,8168,12.9941,8144,2,0x4c7ef2c708,961,7393,0,24,185321,8168,12.9941,8144,24,185192
5839000,8192,38,30,8,1494777826,38,1494786018,0,8154,12.9907,8116,2,0x565ca59ee0,1001,7402,0,38,185359,8154,12.9907,8116,38,185230
5840000,8192,38,30,8,1495039962,38,1495048154,0,8162,12.9927,8132,2,0xeec306955e,0,9,0,30,185389,8162,12.9927,8132,30,185260
5841000,8192,38,30,8,1495293920,38,1495302112,0,8162,12.9927,8132,2,0x65cd9e66b0,1029,7428,0,30,185419,8162,12.9927,8132,30,185290
5842000,8192,38,30,8,1495547873,38,1495556065,0,8151,12.9900,8110,2,0x31b562c4fe,987,7455,0,41,185460,8151,12.9900,8110,41,185331
5843000,8192,38,30,8,1495801826,38,1495810018,0,8155,12.9910,8118,2,0x98e00b6537,954,7458,0,37,185497,8155,12.9910,8118,37,185368
5844000,8192,38,30,8,1496063962,38,1496072154,0,8160,12.9922,8128,2,0xade2e812f9,0,9,0,32,185529,8160,12.9922,8128,32,185400
5845000,8192,38,30,8,1496317920,38,1496326112,0,8163,12.9929,8134,2,0x468ad2a042,1033,7458,0,29,185558,8163,12.9929,8134,29,185429
5846000,8192,38,30,8,1496571873,38,1496580065,0,8159,12.9919,8126,2,0x345da755d5,970,7439,0,33,185591,8159,12.9919,8126,33,185462
5847000,8192,38,30,8,1496825826,38,1496834018,0,8154,12.9906,8117,3,0xf5a8aafc3b,940,7417,0,37,185628,8154,12.9906,8117,37,185499
5848000,8192,38,30,8,1497087962,38,1497096154,0,8163,12.9929,8134,2,0x5ba7d7b2b0,2,9,0,29,185657,8163,12.9929,8134,29,185528
5849000,8192,38,30,8,1497341920,38,1497350112,0,8166,12.9937,8140,2,0x426f9ce90c,960,7414,0,26,185683,8166,12.9937,8140,26,185554
5850000,8192,38,30,8,1497595873,38,1497604065,0,8165,12.9934,8138,2,0x8726dad424,1022,7451,0,27,185710,8165,12.9934,8138,27,185581
5851000,8192,38,30,8,1497849826,38,1497858018,0,8162,12.9927,8132,2,0xdaab9f6d66,949,7432,0,30,185740,8162,12.9927,8132,30,185611
5852000,8192,38,30,8,1498111962,38,1498120154,0,8153,12.9905,8114,2,0xb06b798020,1,9,0,39,185779,8153,12.9905,8114,39,185650
5853000,8192,38,30,8,1498365920,38,1498374112,0,8160,12.9922,8128,2,0x7ed82dc349,991,7378,0,32,185811,8160,12.9922,8128,32,185682
5854000,8192,38,30,8,1498619873,38,1498628065,0,8155,12.9910,8118,2,0x19d1a39848,974,7385,0,37,185848,8155,12.9910,8118,37,185719
5855000,8192,38,30,8,1498873826,38,1498882018,0,8161,12.9924,8130,2,0x7e0d892aad,991,7447,0,31,185879,8161,12.9924,8130,31,185750
5856000,8192,38,30,8,1499135962,38,1499144154,0,8165,12.9934,8138,2,0x1c09dc21ae,1,7,0,27,185906,8165,12.9934,8138,27,185777
5857000,8192,38,30,8,1499389920,38,1499398112,0,8163,12.9929,8134,2,0x28be1e1431,963,7426,0,29,185935,8163,12.9929,8134,29,185806
5858000,8192,38,30,8,1499643873,38,1499652065,0,8158,12.9917,8124,2,0xff59f93bbb,953,7412,0,34,185969,8158,12.9917,8124,34,185840
5859000,8192,38,30,8,1499897826,38,1499906018,0,8167,12.9939,8142,2,0xeeffca0100,1003,7399,0,25,185994,8167,12.9939,8142,25,185865
5860000,8192,38,30,8,1500159962,38,1500168154,0,8161,12.9924,8130,2,0xccd415984d,1,8,0,31,186025,8161,12.9924,8130,31,185896
5861000,8192,38,30,8,1500413920,38,1500422112,0,8161,12.9924,8130,2,0x4a4babfece,963,7412,0,31,186056,8161,12.9924,8130,31,185927
5862000,8192,38,30,8,1500667873,38,1500676065,0,8158,12.9917,8124,2,0xc3b5aea0de,1018,7339,0,34,186090,8158,12.9917,8124,34,185961
5863000,8192,38,30,8,1500921826,38,1500930018,0,8146,12.9888,8100,2,0x8bb96b5b58,1009,7390,0,46,186136,8146,12.9888,8100,46,186007
5864000,8192,38,30,8,1501183962,38,1501192154,0,8163,12.9929,8134,2,0xd093dc14da,0,8,0,29,186165,8163,12.9929,8134,29,186036
5865000,8192,38,30,8,1501437920,38,1501446112,0,8163,12.9929,8134,2,0x5017a3a92b,970,7358,0,29,186194,8163,12.9929,8134,29,186065
5866000,8192,38,30,8,1501691873,38,1501700065,0,8165,12.9934,8138,2,0x3f3112963e,980,7406,0,27,186221,8165,12.9934,8138,27,186092
5867000,8192,38,30,8,1501945826,38,1501954018,0,8152,12.9902,8112,2,0xdf0a3730b4,944,7417,0,40,186261,8152,12.9902,8112,40,186132
5868000,8192,38,30,8,1502207962,38,1502216154,0,8166,12.9937,8140,2,0x0cecf8c6db,1,9,0,26,186287,8166,12.9937,8140,26,186158
5869000,8192,38,30,8,1502461920,38,1502470112,0,8156,12.9912,8120,2,0x7599ba7d1f,979,7433,0,36,186323,8156,12.9912,8120,36,186194
5870000,8192,38,30,8,1502715873,38,1502724065,0,8156,12.9911,8121,3,0x60b515931f,935,7394,0,35,186358,8156,12.9911,8121,35,186229
5871000,8192,38,30,8,1502969826,38,1502978018,0,8160,12.9922,8128,2,0x28afac1abb,938,7417,0,32,186390,8160,12.9922,8128,32,186261
5872000,8192,38,30,8,1503231962,38,1503240154,0,8162,12.9927,8132,2,0x02407b2416,0,9,0,30,186420,8162,12.9927,8132,30,186291
5873000,8192,38,30,8,1503485920,38,1503494112,0,8153,12.9905,8114,2,0x4eb596754c,927,7376,0,39,186459,8153,12.9905,8114,39,186330
5874000,8192,38,30,8,1503739873,38,1503748065,0,8155,12.9910,8118,2,0xd8db4a6e2f,1003,7391,0,37,186496,8155,12.9910,8118,37,186367
5875000,8192,38,30,8,1503993826,38,1504002018,0,8164,12.9932,8136,2,0xe80a838d52,1005,7421,0,28,186524,8164,12.9932,8136,28,186395
5876000,8192,38,30,8,1504255962,38,1504264154,0,8157,12.9915,8122,2,0xd31ab8dd2f,2,7,0,35,186559,8157,12.9915,8122,35,186430
5877000,8192,38,30,8,1504509920,38,1504518112,0,8154,12.9906,8117,3,0x5ab43c2fdc,966,7421,0,37,186596,8154,12.9906,8117,37,186467
5878000,8192,38,30,8,1504763873,38,1504772065,0,8169,12.9944,8146,2,0x828e39cafc,995,7398,0,23,186619,8170,12.9946,8148,22,186489
5879000,8192,38,30,8,1505017826,38,1505026018,0,8147,12.9890,8102,2,0xc73768de51,995,7417,0,45,186664,8147,12.9890,8102,45,186534
5880000,8192,38,30,8,1505279962,38,1505288154,0,8168,12.9941,8144,2,0x1b69b1c431,1,7,0,24,186688,8168,12.9941,8144,24,186558
5881000,8192,38,30,8,1505533920,38,1505542112,0,8159,12.9919,8126,2,0x86df250cf6,936,7394,0,33,186721,8159,12.9919,8126,33,186591
5882000,8192,38,30,8,1505787873,38,1505796065,0,8160,12.9922,8128,2,0x792409050e,945,7389,0,32,186753,8160,12.9922,8128,32,186623
5883000,8192,38,30,8,1506041826,38,1506050018,0,8154,12.9907,8116,2,0x9588767225,951,7390,0,38,186791,8154,12.9907,8116,38,186661
5884000,8192,38,30,8,1506303962,38,1506312154,0,8152,12.9902,8112,2,0xcee669e83c,1,7,0,40,186831,8152,12.9902,8112,40,186701
5885000,8192,38,30,8,1506557920,38,1506566112,0,8159,12.9919,8126,2,0x8d8326407a,1007,7440,0,33,186864,8159,12.9919,8126,33,186734
5886000,8192,38,30,8,1506811873,38,1506820065,0,8164,12.9932,8136,2,0x9848c946f8,966,7430,0,28,186892,8164,12.9932,8136,28,186762
5887000,8192,38,30,8,1507065826,38,1507074018,0,8172,12.9951,8152,2,0xc6a0c6f39a,956,7428,0,20,186912,8172,12.9951,8152,20,186782
5888000,8192,38,30,8,1507327962,38,1507336154,0,8161,12.9924,8130,2,0x8a3983569e,1,9,0,31,186943,8161,12.9924,8130,31,186813
5889000,8192,38,30,8,1507581920,38,1507590112,0,8157,12.9915,8122,2,0x60bacedb2e,929,7450,0,35,186978,8157,12.9915,8122,35,186848
5890000,8192,38,30,8,1507835873,38,1507844065,0,8150,12.9897,8108,2,0xc0257545cd,950,7385,0,42,187020,8150,12.9897,8108,42,186890
5891000,8192,38,30,8,1508089826,38,1508098018,0,8156,12.9912,8120,2,0x960c16fb9b,997,7387,0,36,187056,8156,12.9912,8120,36,186926
5892000,8192,38,30,8,1508351962,38,1508360154,0,8154,12.9907,8116,2,0x67e37ce343,2,9,0,38,187094,8154,12.9907,8116,38,186964
5893000,8192,38,30,8,1508605920,38,1508614112,0,8162,12.9926,8133,3,0xd386ae818d,991,7421,0,29,187123,8162,12.9926,8133,29,186993
5894000,8192,38,30,8,1508859873,38,1508868065,0,8162,12.9927,8132,2,0x15960573c6,911,7429,0,30,187153,8162,12.9927,8132,30,187023
5895000,8192,38,30,8,1509113826,38,1509122018,0,8158,12.9917,8124,2,0x63144e45fb,977,7441,0,34,187187,8158,12.9917,8124,34,187057
5896000,8192,38,30,8,1509375962,38,1509384154,0,8171,12.9949,8150,2,0x967b0747cf,0,9,0,21,187208,8171,12.9949,8150,21,187078
5897000,8192,38,30,8,1509629920,38,1509638112,0,8153,12.9905,8114,2,0x555c77a132,952,7423,0,39,187247,8153,12.9905,8114,39,187117
5898000,8192,38,30,8,1509883873,38,1509892065,0,8157,12.9915,8122,2,0x1e3433592e,969,7391,0,35,187282,8157,12.9915,8122,35,187152
5899000,8192,38,30,8,1510137826,38,1510146018,0,8157,12.9915,8122,2,0x43a3d6c119,957,7384,0,35,187317,8157,12.9915,8122,35,187187
5900000,8192,38,30,8,1510399962,38,1510408154,0,8151,12.9900,8110,2,0x5b0ba7e9db,0,9,0,41,187358,8151,12.9900,8110,41,187228
5901000,8192,38,30,8,1510653920,38,1510662112,0,8165,12.9934,8138,2,0xbee86acc26,953,7400,0,27,187385,8165,12.9934,8138,27,187255
5902000,8192,38,30,8,1510907873,38,1510916065,0,8157,12.9914,8123,3,0xb334386284,988,7443,0,34,187419,8157,12.9914,8123,34,187289
5903000,8192,38,30,8,1511161826,38,1511170018,0,8151,12.9900,8110,2,0x247ce23eb3,1004,7400,0,41,187460,8151,12.9900,8110,41,187330
5904000,8192,38,30,8,1511423962,38,1511432154,0,8166,12.9937,8140,2,0x42dd7c2dcf,1,9,0,26,187486,8166,12.9937,8140,26,187356
5905000,8192,38,30,8,1511677920,38,1511686112,0,8167,12.9939,8142,2,0x7212474de3,949,7385,0,25,187511,8167,12.9939,8142,25,187381
5906000,8192,38,30,8,1511931873,38,1511940065,0,8158,12.9917,8124,2,0xbe78792bd9,1009,7429,0,34,187545,8158,12.9917,8124,34,187415
5907000,8192,38,30,8,1512185826,38,1512194018,0,8170,12.9946,8148,2,0x01202dfc04,1010,7421,0,22,187567,8170,12.9946,8148,22,187437
5908000,8192,38,30,8,1512447962,38,1512456154,0,8159,12.9919,8126,2,0x36ebcfe06a,1,8,0,33,187600,8159,12.9919,8126,33,187470
5909000,8192,38,30,8,1512701920,38,1512710112,0,8165,12.9934,8138,2,0xd2b2c4dc63,947,7427,0,27,187627,8165,12.9934,8138,27,187497
5910000,8192,38,30,8,1512955873,38,1512964065,0,8159,12.9919,8126,2,0xe3ace2798a,1034,7409,0,33,187660,8159,12.9919,8126,33,187530
5911000,8192,38,30,8,1513209826,38,1513218018,0,8170,12.9946,8148,2,0xb44968ca79,929,7380,0,22,187682,8170,12.9946,8148,22,187552
5912000,8192,38,30,8,1513471962,38,1513480154,0,8165,12.9934,8138,2,0x1f76214b94,2,8,0,27,187709,8165,12.9934,8138,27,187579
5913000,8192,38,30,8,1513725920,38,1513734112,0,8154,12.9907,8116,2,0x551aa0cf61,1015,7425,0,38,187747,8155,12.9910,8118,37,187616
5914000,8192,38,30,8,1513979873,38,1513988065,0,8162,12.9927,8132,2,0x6d80c0479d,986,7420,0,30,187777,8162,12.9927,8132,30,187646
5915000,8192,38,30,8,1514233826,38,1514242018,0,8156,12.9911,8121,3,0x6f7bd74c58,1020,7406,0,35,187812,8156,12.9911,8121,35,187681
5916000,8192,38,30,8,1514495962,38,1514504154,0,8159,12.9919,8126,2,0x7a4258e6be,2,7,0,33,187845,8159,12.9919,8126,33,187714
5917000,8192,38,30,8,1514749920,38,1514758112,0,8161,12.9924,8130,2,0x48e04c4caa,994,7416,0,31,187876,8161,12.9924,8130,31,187745
5918000,8192,38,30,8,1515003873,38,1515012065,0,8162,12.9927,8132,2,0xd0244fd620,977,7424,0,30,187906,8162,12.9927,8132,30,187775
5919000,8192,38,30,8,1515257826,38,1515266018,0,8168,12.9941,8144,2,0x3b67809a1f,949,7413,0,24,187930,8168,12.9941,8144,24,187799
5920000,8192,38,30,8,1515519962,38,1515528154,0,8166,12.9937,8140,2,0x3ee9cad48b,1,9,0,26,187956,8166,12.9937,8140,26,187825
5921000,8192,38,30,8,1515773920,38,1515782112,0,8161,12.9924,8130,2,0x2a1ea9c802,1065,7405,0,31,187987,8161,12.9924,8130,31,187856
5922000,8192,38,30,8,1516027873,38,1516036065,0,8164,12.9932,8136,2,0x9e485786f7,953,7446,0,28,188015,8164,12.9932,8136,28,187884
5923000,8192,38,30,8,1516281826,38,1516290018,0,8153,12.9905,8114,2,0xd0d7a2f7b3,987,7471,0,39,188054,8153,12.9905,8114,39,187923
5924000,8192,38,30,8,1516543962,38,1516552154,0,8163,12.9929,8134,2,0x9e340a7b31,1,8,0,29,188083,8163,12.9929,8134,29,187952
5925000,8192,38,30,8,1516797920,38,1516806112,0,8154,12.9907,8116,2,0xba23ccbf4e,968,7481,0,38,188121,8154,12.9907,8116,38,187990
5926000,8192,38,30,8,1517051873,38,1517060065,0,8161,12.9923,8131,3,0x5ef268a34f,998,7385,0,30,188151,8161,12.9923,8131,30,188020
5927000,8192,38,30,8,1517305826,38,1517314018,0,8156,12.9912,8120,2,0xc2cd356548,1013,7400,0,36,188187,8157,12.9915,8122,35,188055
5928000,8192,38,30,8,1517567962,38,1517576154,0,8168,12.9941,8144,2,0xde0bf1e2a5,1,9,0,24,188211,8168,12.9941,8144,24,188079
5929000,8192,38,30,8,1517821920,38,1517830112,0,8163,12.9929,8134,2,0x69da9d8b00,996,7411,0,29,188240,8163,12.9929,8134,29,188108
5930000,8192,38,30,8,1518075873,38,1518084065,0,8170,12.9946,8148,2,0x828cc1bf17,903,7402,0,22,188262,8171,12.9949,8150,21,188129
5931000,8192,38,30,8,1518329826,38,1518338018,0,8163,12.9929,8134,2,0xe0249493a0,1008,7411,0,29,188291,8163,12.9929,8134,29,188158
5932000,8192,38,30,8,1518591962,38,1518600154,0,8153,12.9905,8114,2,0x96ec42b21f,0,8,0,39,188330,8153,12.9905,8114,39,188197
5933000,8192,38,30,8,1518845920,38,1518854112,0,8159,12.9919,8126,2,0x19cd9d7c09,992,7402,0,33,188363,8159,12.9919,8126,33,188230
5934000,8192,38,30,8,1519099873,38,1519108065,0,8161,12.9924,8130,2,0x5cedff9e22,1010,7425,0,31,188394,8161,12.9924,8130,31,188261
5935000,8192,38,30,8,1519353826,38,1519362018,0,8169,12.9944,8146,2,0xd394bfd612,948,7399,0,23,188417,8169,12.9944,8146,23,188284
5936000,8192,38,30,8,1519615962,38,1519624154,0,8164,12.9932,8136,2,0x5068f43311,3,8,0,28,188445,8164,12.9932,8136,28,188312
5937000,8192,38,30,8,1519869920,38,1519878112,0,8157,12.9915,8122,2,0x78e4e3ce7a,995,7408,0,35,188480,8157,12.9915,8122,35,188347
5938000,8192,38,30,8,1520123873,38,1520132065,0,8153,12.9905,8114,2,0xb46c845e6c,979,7436,0,39,188519,8153,12.9905,8114,39,188386
5939000,8192,38,30,8,1520377826,38,1520386018,0,8172,12.9951,8152,2,0x0320ecff74,1048,7411,0,20,188539,8172,12.9951,8152,20,188406
5940000,8192,38,30,8,1520639962,38,1520648154,0,8160,12.9922,8128,2,0xbe9f2dc3d2,0,9,0,32,188571,8160,12.9922,8128,32,188438
5941000,8192,38,30,8,1520893920,38,1520902112,0,8161,12.9924,8130,2,0x60cf025d14,992,7435,0,31,188602,8161,12.9924,8130,31,188469
5942000,8192,38,30,8,1521147873,38,1521156065,0,8161,12.9924,8130,2,0xb39da78cc0,999,7414,0,31,188633,8161,12.9924,8130,31,188500
5943000,8192,38,30,8,1521401826,38,1521410018,0,8170,12.9946,8148,2,0x9ce680e829,957,7404,0,22,188655,8170,12.9946,8148,22,188522
5944000,8192,38,30,8,1521663962,38,1521672154,0,8162,12.9927,8132,2,0x8fbb5badc7,2,6,0,30,188685,8162,12.9927,8132,30,188552
5945000,8192,38,30,8,1521917920,38,1521926112,0,8164,12.9932,8136,2,0x0303b68fa0,998,7330,0,28,188713,8164,12.9932,8136,28,188580
5946000,8192,38,30,8,1522171873,38,1522180065,0,8160,12.9922,8128,2,0xe40505c3a0,958,7419,0,32,188745,8160,12.9922,8128,32,188612
5947000,8192,38,30,8,1522425826,38,1522434018,0,8163,12.9929,8134,2,0x91dfafb156,954,7419,0,29,188774,8163,12.9929,8134,29,188641
5948000,8192,38,30,8,1522687962,38,1522696154,0,8152,12.9902,8112,2,0xce9e4e5bf0,0,8,0,40,188814,8152,12.9902,8112,40,188681
5949000,8192,38,30,8,1522941920,38,1522950112,0,8164,12.9932,8136,2,0xd3dc3dc7fd,989,7394,0,28,188842,8164,12.9932,8136,28,188709
5950000,8192,38,30,8,1523195873,38,1523204065,0,8154,12.9907,8116,2,0x81d1cd1464,1006,7418,0,38,188880,8154,12.9907,8116,38,188747
5951000,8192,38,30,8,1523449826,38,1523458018,0,8163,12.9929,8134,2,0x5ffdd0f3d4,981,7427,0,29,188909,8164,12.9932,8136,28,188775
5952000,8192,38,30,8,1523711962,38,1523720154,0,8164,12.9932,8136,2,0xd38ddc99e3,1,9,0,28,188937,8164,12.9932,8136,28,188803
5953000,8192,38,30,8,1523965920,38,1523974112,0,8166,12.9937,8140,2,0x8759936148,984,7395,0,26,188963,8166,12.9937,8140,26,188829
5954000,8192,38,30,8,1524219873,38,1524228065,0,8141,12.9875,8090,2,0x77a3e8eebc,1010,7427,0,51,189014,8141,12.9875,8090,51,188880
5955000,8192,38,30,8,1524473826,38,1524482018,0,8164,12.9932,8136,2,0x6ee3001833,919,7405,0,28,189042,8164,12.9932,8136,28,188908
5956000,8192,38,30,8,1524735962,38,1524744154,0,8157,12.9915,8122,2,0xbca8673e95,0,9,0,35,189077,8157,12.9915,8122,35,188943
5957000,8192,38,30,8,1524989920,38,1524998112,0,8166,12.9937,8140,2,0x4392f52277,995,7370,0,26,189103,8166,12.9937,8140,26,188969
5958000,8192,38,30,8,1525243873,38,1525252065,0,8161,12.9924,8130,2,0x248978caf4,944,7449,0,31,189134,8161,12.9924,8130,31,189000
5959000,8192,38,30,8,1525497826,38,1525506018,0,8163,12.9929,8134,2,0x61ea84a918,969,7408,0,29,189163,8163,12.9929,8134,29,189029
5960000,8192,38,30,8,1525759962,38,1525768154,0,8165,12.9934,8138,2,0x77655b0cd0,3,9,0,27,189190,8165,12.9934,8138,27,189056
5961000,8192,38,30,8,1526013920,38,1526022112,0,8166,12.9937,8140,2,0x38cdc6e8b5,927,7431,0,26,189216,8166,12.9937,8140,26,189082
5962000,8192,38,30,8,1526267873,38,1526276065,0,8162,12.9927,8132,2,0x50c84dbb43,991,7434,0,30,189246,8162,12.9927,8132,30,189112
5963000,8192,38,30,8,1526521826,38,1526530018,0,8163,12.9929,8134,2,0x356ff59448,968,7447,0,29,189275,8163,12.9929,8134,29,189141
5964000,8192,38,30,8,1526783962,38,1526792154,0,8160,12.9922,8128,2,0xd89db025a4,1,7,0,32,189307,8160,12.9922,8128,32,189173
5965000,8192,38,30,8,1527037920,38,1527046112,0,8157,12.9915,8122,2,0xe9c2831476,994,7407,0,35,189342,8157,12.9915,8122,35,189208
5966000,8192,38,30,8,1527291873,38,1527300065,0,8158,12.9917,8124,2,0xf3a18f835a,1024,7351,0,34,189376,8158,12.9917,8124,34,189242
5967000,8192,38,30,8,1527545826,38,1527554018,0,8162,12.9927,8132,2,0x7965fb26cb,999,7392,0,30,189406,8162,12.9927,8132,30,189272
5968000,8192,38,30,8,1527807962,38,1527816154,0,8164,12.9932,8136,2,0xa0d89d25a9,1,7,0,28,189434,8164,12.9932,8136,28,189300
5969000,8192,38,30,8,1528061920,38,1528070112,0,8164,12.9932,8136,2,0xe400b86d0e,945,7387,0,28,189462,8164,12.9932,8136,28,189328
5970000,8192,38,30,8,1528315873,38,1528324065,0,8159,12.9919,8126,2,0xa858a4e0cd,1030,7417,0,33,189495,8159,12.9919,8126,33,189361
5971000,8192,38,30,8,1528569826,38,1528578018,0,8152,12.9902,8112,2,0x64ee14c66c,945,7447,0,40,189535,8152,12.9902,8112,40,189401
5972000,8192,38,30,8,1528831962,38,1528840154,0,8160,12.9922,8128,2,0x22e6ef9934,2,8,0,32,189567,8160,12.9922,8128,32,189433
5973000,8192,38,30,8,1529085920,38,1529094112,0,8155,12.9910,8118,2,0xf6b5b0e920,998,7426,0,37,189604,8155,12.9910,8118,37,189470
5974000,8192,38,30,8,1529339873,38,1529348065,0,8153,12.9905,8114,2,0x0bfcbdd58e,976,7446,0,39,189643,8153,12.9905,8114,39,189509
5975000,8192,38,30,8,1529593826,38,1529602018,0,8166,12.9937,8140,2,0xfd29a36280,999,7437,0,26,189669,8166,12.9937,8140,26,189535
5976000,8192,38,30,8,1529855962,38,1529864154,0,8171,12.9949,8150,2,0x13b392b66a,0,8,0,21,189690,8171,12.9949,8150,21,189556
5977000,8192,38,30,8,1530109920,38,1530118112,0,8149,12.9895,8106,2,0xe49a2146ee,1023,7426,0,43,189733,8149,12.9895,8106,43,189599
5978000,8192,38,30,8,1530363873,38,1530372065,0,8158,12.9917,8124,2,0xc2a595581f,1003,7441,0,34,189767,8158,12.9917,8124,34,189633
5979000,8192,38,30,8,1530617826,38,1530626018,0,8163,12.9929,8134,2,0x3814d8dded,979,7390,0,29,189796,8163,12.9929,8134,29,189662
5980000,8192,38,30,8,1530879962,38,1530888154,0,8155,12.9910,8118,2,0x130ecb47aa,0,7,0,37,189833,8155,12.9910,8118,37,189699
5981000,8192,38,30,8,1531133920,38,1531142112,0,8151,12.9900,8110,2,0x6d205ef89d,1021,7381,0,41,189874,8151,12.9900,8110,41,189740
5982000,8192,38,30,8,1531387873,38,1531396065,0,8153,12.9905,8114,2,0xc5fbf4e422,981,7441,0,39,189913,8153,12.9905,8114,39,189779
5983000,8192,38,30,8,1531641826,38,1531650018,0,8155,12.9910,8118,2,0x5283be1443,953,7470,0,37,189950,8155,12.9910,8118,37,189816
5984000,8192,38,30,8,1531903962,38,1531912154,0,8160,12.9921,8129,3,0x887903c29f,0,8,0,31,189981,8160,12.9921,8129,31,189847
5985000,8192,38,30,8,1532157920,38,1532166112,0,8152,12.9902,8112,2,0x4d9ddd222e,988,7448,0,40,190021,8152,12.9902,8112,40,189887
5986000,8192,38,30,8,1532411873,38,1532420065,0,8154,12.9906,8117,3,0xae40823a09,1004,7457,0,37,190058,8154,12.9906,8117,37,189924
5987000,8192,38,30,8,1532665826,38,1532674018,0,8150,12.9897,8108,2,0xe4ca28dad7,955,7460,0,42,190100,8150,12.9897,8108,42,189966
5988000,8192,38,30,8,1532927962,38,1532936154,0,8158,12.9917,8124,2,0x973a90ad97,1,9,0,34,190134,8158,12.9917,8124,34,190000
5989000,8192,38,30,8,1533181920,38,1533190112,0,8161,12.9924,8130,2,0xc4db0bc786,967,7413,0,31,190165,8161,12.9924,8130,31,190031
5990000,8192,38,30,8,1533435873,38,1533444065,0,8159,12.9919,8126,2,0x74a3afa18c,960,7395,0,33,190198,8159,12.9919,8126,33,190064
5991000,8192,38,30,8,1533689826,38,1533698018,0,8145,12.9885,8098,2,0x4f6416cd86,947,7446,0,47,190245,8145,12.9885,8098,47,190111
5992000,8192,38,30,8,1533951962,38,1533960154,0,8164,12.9932,8136,2,0xa4cef98ead,2,7,0,28,190273,8164,12.9932,8136,28,190139
5993000,8192,38,30,8,1534205920,38,1534214112,0,8151,12.9900,8110,2,0xec10d0e761,971,7421,0,41,190314,8151,12.9900,8110,41,190180
5994000,8192,38,30,8,1534459873,38,1534468065,0,8163,12.9929,8134,2,0x00d11fdb98,1028,7437,0,29,190343,8164,12.9932,8136,28,190208
5995000,8192,38,30,8,1534713826,38,1534722018,0,8158,12.9917,8124,2,0xf2939d0097,1013,7374,0,34,190377,8158,12.9917,8124,34,190242
5996000,8192,38,30,8,1534975962,38,1534984154,0,8151,12.9899,8111,3,0x0b26882632,2,7,0,40,190417,8151,12.9899,8111,40,190282
5997000,8192,38,30,8,1535229920,38,1535238112,0,8158,12.9917,8124,2,0xcd92d5d873,939,7414,0,34,190451,8158,12.9917,8124,34,190316
5998000,8192,38,30,8,1535483873,38,1535492065,0,8165,12.9934,8138,2,0x99dc7f99f4,914,7429,0,27,190478,8165,12.9934,8138,27,190343
5999000,8192,38,30,8,1535737826,38,1535746018,0,8170,12.9946,8148,2,0x396158202a,929,7409,0,22,190500,8170,12.9946,8148,22,190365
6000000,8192,38,30,8,1535999962,38,1536008154,0,8157,12.9915,8122,2,0x97246b1cd4,1,7,0,35,190535,8157,12.9915,8122,35,190400
