WARNING: radv is not a conformant Vulkan implementation, testing use only.
WARNING: radv is not a conformant Vulkan implementation, testing use only.
tick       0 alive    52579 genomes   52579 energy    64.0 births 0 deaths 0 (0.0s) AMD Radeon AI PRO R9700 (RADV GFX1201)
tick    1000 alive  1038697 genomes  327843 energy   156.8 births 22408320 deaths 21422202 (2.9s) AMD Radeon AI PRO R9700 (RADV GFX1201)
tick    2000 alive  1039585 genomes  291016 energy   169.9 births 28090114 deaths 28089226 (5.6s) AMD Radeon AI PRO R9700 (RADV GFX1201)
tick    3000 alive  1037573 genomes  250929 energy   170.5 births 27549275 deaths 27551287 (8.2s) AMD Radeon AI PRO R9700 (RADV GFX1201)
tick    4000 alive  1036318 genomes  220046 energy   173.4 births 27354546 deaths 27355801 (10.7s) AMD Radeon AI PRO R9700 (RADV GFX1201)
tick    5000 alive  1031941 genomes  199948 energy   177.8 births 26268748 deaths 26273125 (13.3s) AMD Radeon AI PRO R9700 (RADV GFX1201)
tick    6000 alive  1024383 genomes  187970 energy   180.5 births 25078551 deaths 25086109 (15.8s) AMD Radeon AI PRO R9700 (RADV GFX1201)
tick    7000 alive  1014720 genomes  180325 energy   182.9 births 23879211 deaths 23888874 (18.4s) AMD Radeon AI PRO R9700 (RADV GFX1201)
tick    8000 alive  1001656 genomes  175953 energy   184.3 births 22900693 deaths 22913757 (21.0s) AMD Radeon AI PRO R9700 (RADV GFX1201)
tick    9000 alive   987079 genomes  174300 energy   185.4 births 22113079 deaths 22127656 (23.5s) AMD Radeon AI PRO R9700 (RADV GFX1201)
tick   10000 alive   974356 genomes  178299 energy   186.1 births 21522345 deaths 21535068 (26.2s) AMD Radeon AI PRO R9700 (RADV GFX1201)
tick   11000 alive   959730 genomes  184220 energy   186.3 births 20970603 deaths 20985229 (29.0s) AMD Radeon AI PRO R9700 (RADV GFX1201)
tick   12000 alive   945281 genomes  188610 energy   187.6 births 20306827 deaths 20321276 (31.7s) AMD Radeon AI PRO R9700 (RADV GFX1201)
tick   13000 alive   932613 genomes  194035 energy   189.0 births 19661143 deaths 19673811 (34.4s) AMD Radeon AI PRO R9700 (RADV GFX1201)
tick   14000 alive   914574 genomes  200854 energy   189.4 births 18994434 deaths 19012473 (37.0s) AMD Radeon AI PRO R9700 (RADV GFX1201)
tick   15000 alive   902023 genomes  207216 energy   190.0 births 18416874 deaths 18429425 (39.5s) AMD Radeon AI PRO R9700 (RADV GFX1201)
tick   16000 alive   892424 genomes  213108 energy   191.6 births 17920434 deaths 17930033 (42.1s) AMD Radeon AI PRO R9700 (RADV GFX1201)
tick   17000 alive   881630 genomes  219611 energy   192.6 births 17330408 deaths 17341202 (44.6s) AMD Radeon AI PRO R9700 (RADV GFX1201)
tick   18000 alive   877672 genomes  226852 energy   192.5 births 16977542 deaths 16981500 (47.1s) AMD Radeon AI PRO R9700 (RADV GFX1201)
tick   19000 alive   868349 genomes  228585 energy   193.5 births 16691884 deaths 16701207 (49.6s) AMD Radeon AI PRO R9700 (RADV GFX1201)
tick   20000 alive   868548 genomes  231203 energy   194.0 births 16443167 deaths 16442968 (52.2s) AMD Radeon AI PRO R9700 (RADV GFX1201)
tick   21000 alive   874039 genomes  233747 energy   193.9 births 16427320 deaths 16421829 (54.7s) AMD Radeon AI PRO R9700 (RADV GFX1201)
tick   22000 alive   875646 genomes  234054 energy   193.9 births 16498604 deaths 16496997 (57.2s) AMD Radeon AI PRO R9700 (RADV GFX1201)
tick   23000 alive   871987 genomes  233998 energy   194.5 births 16384014 deaths 16387673 (59.7s) AMD Radeon AI PRO R9700 (RADV GFX1201)
tick   24000 alive   875097 genomes  234090 energy   193.9 births 16385335 deaths 16382225 (62.3s) AMD Radeon AI PRO R9700 (RADV GFX1201)
tick   25000 alive   879293 genomes  234974 energy   194.3 births 16459199 deaths 16455003 (64.8s) AMD Radeon AI PRO R9700 (RADV GFX1201)
tick   26000 alive   876354 genomes  233102 energy   195.3 births 16272769 deaths 16275708 (67.3s) AMD Radeon AI PRO R9700 (RADV GFX1201)
tick   27000 alive   872399 genomes  235700 energy   195.2 births 16131515 deaths 16135470 (69.8s) AMD Radeon AI PRO R9700 (RADV GFX1201)
tick   28000 alive   870507 genomes  236109 energy   195.7 births 15943851 deaths 15945743 (72.8s) AMD Radeon AI PRO R9700 (RADV GFX1201)
tick   29000 alive   873527 genomes  237398 energy   194.9 births 15936165 deaths 15933145 (75.5s) AMD Radeon AI PRO R9700 (RADV GFX1201)
tick   30000 alive   878021 genomes  236848 energy   195.4 births 16169030 deaths 16164536 (78.1s) AMD Radeon AI PRO R9700 (RADV GFX1201)
tick   31000 alive   876335 genomes  234399 energy   196.0 births 16063106 deaths 16064792 (80.8s) AMD Radeon AI PRO R9700 (RADV GFX1201)
tick   32000 alive   878319 genomes  232816 energy   196.1 births 15978905 deaths 15976921 (83.4s) AMD Radeon AI PRO R9700 (RADV GFX1201)
tick   33000 alive   881691 genomes  233715 energy   195.8 births 16083389 deaths 16080017 (86.0s) AMD Radeon AI PRO R9700 (RADV GFX1201)
tick   34000 alive   880766 genomes  231370 energy   196.0 births 16019049 deaths 16019974 (88.5s) AMD Radeon AI PRO R9700 (RADV GFX1201)
tick   35000 alive   882317 genomes  230663 energy   195.5 births 16114296 deaths 16112745 (91.0s) AMD Radeon AI PRO R9700 (RADV GFX1201)
tick   36000 alive   888271 genomes  230043 energy   195.7 births 16258457 deaths 16252503 (93.6s) AMD Radeon AI PRO R9700 (RADV GFX1201)
tick   37000 alive   880754 genomes  229669 energy   196.6 births 16053457 deaths 16060974 (96.1s) AMD Radeon AI PRO R9700 (RADV GFX1201)
tick   38000 alive   883146 genomes  227158 energy   196.7 births 15940072 deaths 15937680 (98.6s) AMD Radeon AI PRO R9700 (RADV GFX1201)
tick   39000 alive   883375 genomes  228193 energy   196.4 births 16008287 deaths 16008058 (101.1s) AMD Radeon AI PRO R9700 (RADV GFX1201)
tick   40000 alive   884288 genomes  229019 energy   196.4 births 15987352 deaths 15986439 (103.6s) AMD Radeon AI PRO R9700 (RADV GFX1201)
tick   41000 alive   884563 genomes  230117 energy   196.1 births 15997492 deaths 15997217 (106.1s) AMD Radeon AI PRO R9700 (RADV GFX1201)
tick   42000 alive   882319 genomes  230909 energy   196.7 births 15994757 deaths 15997001 (108.6s) AMD Radeon AI PRO R9700 (RADV GFX1201)
tick   43000 alive   883973 genomes  230413 energy   196.4 births 15999904 deaths 15998250 (111.1s) AMD Radeon AI PRO R9700 (RADV GFX1201)
tick   44000 alive   882912 genomes  229210 energy   196.6 births 15940623 deaths 15941684 (113.7s) AMD Radeon AI PRO R9700 (RADV GFX1201)
tick   45000 alive   883229 genomes  229405 energy   196.6 births 15906642 deaths 15906325 (116.2s) AMD Radeon AI PRO R9700 (RADV GFX1201)
tick   46000 alive   886129 genomes  228885 energy   196.9 births 15933430 deaths 15930530 (118.8s) AMD Radeon AI PRO R9700 (RADV GFX1201)
tick   47000 alive   884133 genomes  229929 energy   196.6 births 15885054 deaths 15887050 (121.2s) AMD Radeon AI PRO R9700 (RADV GFX1201)
tick   48000 alive   887540 genomes  230589 energy   196.4 births 15979819 deaths 15976412 (123.7s) AMD Radeon AI PRO R9700 (RADV GFX1201)
tick   49000 alive   889699 genomes  228823 energy   196.7 births 16127487 deaths 16125328 (126.2s) AMD Radeon AI PRO R9700 (RADV GFX1201)
tick   50000 alive   892975 genomes  227572 energy   196.7 births 16071121 deaths 16067845 (128.8s) AMD Radeon AI PRO R9700 (RADV GFX1201)
tick   51000 alive   888000 genomes  226068 energy   196.8 births 16031356 deaths 16036331 (131.3s) AMD Radeon AI PRO R9700 (RADV GFX1201)
tick   52000 alive   896644 genomes  225534 energy   196.2 births 16157315 deaths 16148671 (133.9s) AMD Radeon AI PRO R9700 (RADV GFX1201)
tick   53000 alive   892520 genomes  224627 energy   197.5 births 16163336 deaths 16167460 (136.4s) AMD Radeon AI PRO R9700 (RADV GFX1201)
tick   54000 alive   888765 genomes  227093 energy   197.2 births 15917591 deaths 15921346 (138.8s) AMD Radeon AI PRO R9700 (RADV GFX1201)
tick   55000 alive   889994 genomes  227026 energy   197.1 births 15940330 deaths 15939101 (141.4s) AMD Radeon AI PRO R9700 (RADV GFX1201)
tick   56000 alive   890566 genomes  228647 energy   197.0 births 16045925 deaths 16045353 (143.9s) AMD Radeon AI PRO R9700 (RADV GFX1201)
tick   57000 alive   882790 genomes  227791 energy   198.1 births 15820513 deaths 15828289 (146.4s) AMD Radeon AI PRO R9700 (RADV GFX1201)
tick   58000 alive   890396 genomes  226007 energy   196.6 births 15841240 deaths 15833634 (148.9s) AMD Radeon AI PRO R9700 (RADV GFX1201)
tick   59000 alive   897002 genomes  223002 energy   196.7 births 16133447 deaths 16126841 (151.4s) AMD Radeon AI PRO R9700 (RADV GFX1201)
tick   60000 alive   896925 genomes  222452 energy   197.1 births 16232871 deaths 16232948 (153.9s) AMD Radeon AI PRO R9700 (RADV GFX1201)
tick   61000 alive   890024 genomes  223549 energy   197.5 births 15931514 deaths 15938415 (156.4s) AMD Radeon AI PRO R9700 (RADV GFX1201)
tick   62000 alive   885431 genomes  222754 energy   197.7 births 15832104 deaths 15836697 (159.1s) AMD Radeon AI PRO R9700 (RADV GFX1201)
tick   63000 alive   890813 genomes  224925 energy   197.4 births 15892749 deaths 15887367 (161.6s) AMD Radeon AI PRO R9700 (RADV GFX1201)
tick   64000 alive   890701 genomes  225450 energy   197.1 births 15941796 deaths 15941908 (164.1s) AMD Radeon AI PRO R9700 (RADV GFX1201)
tick   65000 alive   898051 genomes  220875 energy   196.9 births 16055338 deaths 16047988 (166.6s) AMD Radeon AI PRO R9700 (RADV GFX1201)
tick   66000 alive   902191 genomes  222014 energy   197.4 births 16141963 deaths 16137823 (169.1s) AMD Radeon AI PRO R9700 (RADV GFX1201)
tick   67000 alive   895420 genomes  221598 energy   197.4 births 16083312 deaths 16090083 (171.6s) AMD Radeon AI PRO R9700 (RADV GFX1201)
tick   68000 alive   898909 genomes  220921 energy   197.3 births 16081128 deaths 16077639 (174.1s) AMD Radeon AI PRO R9700 (RADV GFX1201)
tick   69000 alive   895278 genomes  221047 energy   197.8 births 16124435 deaths 16128066 (176.6s) AMD Radeon AI PRO R9700 (RADV GFX1201)
tick   70000 alive   892534 genomes  221824 energy   196.6 births 15944407 deaths 15947151 (179.2s) AMD Radeon AI PRO R9700 (RADV GFX1201)
tick   71000 alive   898097 genomes  222796 energy   197.4 births 16143390 deaths 16137827 (181.7s) AMD Radeon AI PRO R9700 (RADV GFX1201)
tick   72000 alive   893361 genomes  221513 energy   197.4 births 15918817 deaths 15923553 (184.2s) AMD Radeon AI PRO R9700 (RADV GFX1201)
tick   73000 alive   897040 genomes  219445 energy   197.1 births 16060758 deaths 16057079 (186.7s) AMD Radeon AI PRO R9700 (RADV GFX1201)
tick   74000 alive   897276 genomes  217355 energy   197.1 births 16152858 deaths 16152622 (189.2s) AMD Radeon AI PRO R9700 (RADV GFX1201)
tick   75000 alive   898918 genomes  219109 energy   197.2 births 16122782 deaths 16121140 (191.7s) AMD Radeon AI PRO R9700 (RADV GFX1201)
tick   76000 alive   896386 genomes  218743 energy   197.9 births 16059848 deaths 16062380 (194.3s) AMD Radeon AI PRO R9700 (RADV GFX1201)
tick   77000 alive   896667 genomes  221417 energy   197.7 births 16014872 deaths 16014591 (196.8s) AMD Radeon AI PRO R9700 (RADV GFX1201)
tick   78000 alive   897186 genomes  222737 energy   198.0 births 15958109 deaths 15957590 (199.3s) AMD Radeon AI PRO R9700 (RADV GFX1201)
tick   79000 alive   898249 genomes  224080 energy   197.9 births 16006713 deaths 16005650 (201.9s) AMD Radeon AI PRO R9700 (RADV GFX1201)
tick   80000 alive   902015 genomes  221399 energy   197.0 births 16092224 deaths 16088458 (204.5s) AMD Radeon AI PRO R9700 (RADV GFX1201)
tick   81000 alive   907423 genomes  216584 energy   197.2 births 16314749 deaths 16309341 (207.0s) AMD Radeon AI PRO R9700 (RADV GFX1201)
tick   82000 alive   906401 genomes  215695 energy   197.3 births 16339659 deaths 16340681 (209.4s) AMD Radeon AI PRO R9700 (RADV GFX1201)
tick   83000 alive   903193 genomes  215836 energy   197.2 births 16302699 deaths 16305907 (211.9s) AMD Radeon AI PRO R9700 (RADV GFX1201)
tick   84000 alive   904270 genomes  217388 energy   196.9 births 16369190 deaths 16368113 (214.4s) AMD Radeon AI PRO R9700 (RADV GFX1201)
tick   85000 alive   903396 genomes  216212 energy   197.1 births 16393347 deaths 16394221 (217.0s) AMD Radeon AI PRO R9700 (RADV GFX1201)
tick   86000 alive   905524 genomes  215990 energy   196.9 births 16358208 deaths 16356080 (219.5s) AMD Radeon AI PRO R9700 (RADV GFX1201)
tick   87000 alive   907857 genomes  212822 energy   196.8 births 16434749 deaths 16432416 (222.0s) AMD Radeon AI PRO R9700 (RADV GFX1201)
tick   88000 alive   909202 genomes  211784 energy   197.0 births 16517960 deaths 16516615 (224.6s) AMD Radeon AI PRO R9700 (RADV GFX1201)
tick   89000 alive   908627 genomes  211189 energy   196.3 births 16541074 deaths 16541649 (227.1s) AMD Radeon AI PRO R9700 (RADV GFX1201)
tick   90000 alive   904237 genomes  211530 energy   197.1 births 16487981 deaths 16492371 (229.6s) AMD Radeon AI PRO R9700 (RADV GFX1201)
tick   91000 alive   906692 genomes  211634 energy   196.7 births 16421791 deaths 16419336 (232.2s) AMD Radeon AI PRO R9700 (RADV GFX1201)
tick   92000 alive   907581 genomes  210093 energy   196.7 births 16519975 deaths 16519086 (234.7s) AMD Radeon AI PRO R9700 (RADV GFX1201)
tick   93000 alive   907956 genomes  208413 energy   196.5 births 16538099 deaths 16537724 (237.5s) AMD Radeon AI PRO R9700 (RADV GFX1201)
tick   94000 alive   906226 genomes  206292 energy   196.7 births 16510557 deaths 16512287 (240.0s) AMD Radeon AI PRO R9700 (RADV GFX1201)
tick   95000 alive   909377 genomes  206418 energy   196.3 births 16495986 deaths 16492835 (242.5s) AMD Radeon AI PRO R9700 (RADV GFX1201)
tick   96000 alive   910609 genomes  206328 energy   197.1 births 16586598 deaths 16585366 (245.0s) AMD Radeon AI PRO R9700 (RADV GFX1201)
tick   97000 alive   910770 genomes  207675 energy   197.1 births 16489268 deaths 16489107 (247.5s) AMD Radeon AI PRO R9700 (RADV GFX1201)
tick   98000 alive   912168 genomes  209154 energy   196.5 births 16564765 deaths 16563367 (250.1s) AMD Radeon AI PRO R9700 (RADV GFX1201)
tick   99000 alive   909665 genomes  209440 energy   196.6 births 16570722 deaths 16573225 (252.6s) AMD Radeon AI PRO R9700 (RADV GFX1201)
tick  100000 alive   909398 genomes  208009 energy   197.5 births 16518614 deaths 16518881 (255.1s) AMD Radeon AI PRO R9700 (RADV GFX1201)
tick  101000 alive   912850 genomes  206928 energy   197.7 births 16419844 deaths 16416392 (257.7s) AMD Radeon AI PRO R9700 (RADV GFX1201)
tick  102000 alive   916791 genomes  205683 energy   197.4 births 16512284 deaths 16508343 (260.2s) AMD Radeon AI PRO R9700 (RADV GFX1201)
tick  103000 alive   916873 genomes  207024 energy   197.2 births 16609103 deaths 16609021 (262.7s) AMD Radeon AI PRO R9700 (RADV GFX1201)
tick  104000 alive   914457 genomes  207109 energy   197.5 births 16503023 deaths 16505439 (265.3s) AMD Radeon AI PRO R9700 (RADV GFX1201)
tick  105000 alive   906205 genomes  207051 energy   197.8 births 16388841 deaths 16397093 (267.9s) AMD Radeon AI PRO R9700 (RADV GFX1201)
tick  106000 alive   908811 genomes  205199 energy   197.2 births 16288327 deaths 16285721 (270.5s) AMD Radeon AI PRO R9700 (RADV GFX1201)
tick  107000 alive   912567 genomes  203984 energy   197.8 births 16445940 deaths 16442184 (273.3s) AMD Radeon AI PRO R9700 (RADV GFX1201)
tick  108000 alive   914497 genomes  203720 energy   197.6 births 16388562 deaths 16386632 (276.1s) AMD Radeon AI PRO R9700 (RADV GFX1201)
tick  109000 alive   913495 genomes  203465 energy   197.3 births 16486838 deaths 16487840 (278.6s) AMD Radeon AI PRO R9700 (RADV GFX1201)
tick  110000 alive   910928 genomes  203237 energy   197.3 births 16439221 deaths 16441788 (281.2s) AMD Radeon AI PRO R9700 (RADV GFX1201)
tick  111000 alive   916675 genomes  203197 energy   197.3 births 16572936 deaths 16567189 (283.8s) AMD Radeon AI PRO R9700 (RADV GFX1201)
tick  112000 alive   916851 genomes  200543 energy   197.4 births 16588539 deaths 16588363 (286.4s) AMD Radeon AI PRO R9700 (RADV GFX1201)
tick  113000 alive   917740 genomes  199203 energy   197.6 births 16598123 deaths 16597234 (288.9s) AMD Radeon AI PRO R9700 (RADV GFX1201)
tick  114000 alive   917860 genomes  198030 energy   197.7 births 16598511 deaths 16598391 (291.4s) AMD Radeon AI PRO R9700 (RADV GFX1201)
tick  115000 alive   920200 genomes  196634 energy   198.1 births 16452108 deaths 16449768 (294.2s) AMD Radeon AI PRO R9700 (RADV GFX1201)
tick  116000 alive   921549 genomes  194309 energy   198.3 births 16537782 deaths 16536433 (296.7s) AMD Radeon AI PRO R9700 (RADV GFX1201)
tick  117000 alive   920503 genomes  193982 energy   198.2 births 16462339 deaths 16463385 (299.2s) AMD Radeon AI PRO R9700 (RADV GFX1201)
tick  118000 alive   920545 genomes  195178 energy   198.5 births 16483815 deaths 16483773 (301.7s) AMD Radeon AI PRO R9700 (RADV GFX1201)
tick  119000 alive   924752 genomes  197928 energy   198.1 births 16480064 deaths 16475857 (304.2s) AMD Radeon AI PRO R9700 (RADV GFX1201)
tick  120000 alive   919448 genomes  199431 energy   198.4 births 16498458 deaths 16503762 (306.7s) AMD Radeon AI PRO R9700 (RADV GFX1201)
tick  121000 alive   913280 genomes  199101 energy   198.6 births 16236734 deaths 16242902 (309.2s) AMD Radeon AI PRO R9700 (RADV GFX1201)
tick  122000 alive   920199 genomes  200449 energy   197.7 births 16398118 deaths 16391199 (311.7s) AMD Radeon AI PRO R9700 (RADV GFX1201)
tick  123000 alive   923497 genomes  196910 energy   198.0 births 16577493 deaths 16574195 (314.2s) AMD Radeon AI PRO R9700 (RADV GFX1201)
tick  124000 alive   919572 genomes  197402 energy   198.5 births 16465464 deaths 16469389 (316.7s) AMD Radeon AI PRO R9700 (RADV GFX1201)
tick  125000 alive   914525 genomes  200257 energy   198.8 births 16253804 deaths 16258851 (319.2s) AMD Radeon AI PRO R9700 (RADV GFX1201)
tick  126000 alive   913549 genomes  202073 energy   198.7 births 16157743 deaths 16158719 (321.7s) AMD Radeon AI PRO R9700 (RADV GFX1201)
tick  127000 alive   912386 genomes  203618 energy   199.1 births 16129634 deaths 16130797 (324.2s) AMD Radeon AI PRO R9700 (RADV GFX1201)
tick  128000 alive   913775 genomes  202789 energy   197.7 births 16179867 deaths 16178478 (326.8s) AMD Radeon AI PRO R9700 (RADV GFX1201)
tick  129000 alive   918120 genomes  199725 energy   198.5 births 16338175 deaths 16333830 (329.2s) AMD Radeon AI PRO R9700 (RADV GFX1201)
tick  130000 alive   916165 genomes  200384 energy   198.6 births 16266169 deaths 16268124 (331.7s) AMD Radeon AI PRO R9700 (RADV GFX1201)
tick  131000 alive   914407 genomes  201899 energy   198.5 births 16215659 deaths 16217417 (334.3s) AMD Radeon AI PRO R9700 (RADV GFX1201)
tick  132000 alive   917125 genomes  201710 energy   197.6 births 16440178 deaths 16437460 (336.8s) AMD Radeon AI PRO R9700 (RADV GFX1201)
tick  133000 alive   921637 genomes  199821 energy   197.6 births 16519340 deaths 16514828 (339.3s) AMD Radeon AI PRO R9700 (RADV GFX1201)
tick  134000 alive   921561 genomes  197117 energy   198.0 births 16571083 deaths 16571159 (341.7s) AMD Radeon AI PRO R9700 (RADV GFX1201)
tick  135000 alive   923351 genomes  195368 energy   197.9 births 16499975 deaths 16498185 (344.5s) AMD Radeon AI PRO R9700 (RADV GFX1201)
tick  136000 alive   922776 genomes  192905 energy   198.2 births 16550275 deaths 16550850 (346.9s) AMD Radeon AI PRO R9700 (RADV GFX1201)
tick  137000 alive   922242 genomes  191982 energy   198.0 births 16445010 deaths 16445544 (349.4s) AMD Radeon AI PRO R9700 (RADV GFX1201)
tick  138000 alive   924197 genomes  191134 energy   198.5 births 16480028 deaths 16478073 (351.9s) AMD Radeon AI PRO R9700 (RADV GFX1201)
tick  139000 alive   925430 genomes  188338 energy   198.2 births 16567937 deaths 16566704 (354.5s) AMD Radeon AI PRO R9700 (RADV GFX1201)
tick  140000 alive   932055 genomes  188325 energy   198.9 births 16625759 deaths 16619134 (357.0s) AMD Radeon AI PRO R9700 (RADV GFX1201)
tick  141000 alive   929147 genomes  187234 energy   199.0 births 16502286 deaths 16505194 (359.5s) AMD Radeon AI PRO R9700 (RADV GFX1201)
tick  142000 alive   928478 genomes  187956 energy   199.1 births 16445207 deaths 16445876 (362.0s) AMD Radeon AI PRO R9700 (RADV GFX1201)
tick  143000 alive   929543 genomes  188338 energy   199.1 births 16442935 deaths 16441870 (364.5s) AMD Radeon AI PRO R9700 (RADV GFX1201)
tick  144000 alive   926068 genomes  189758 energy   199.5 births 16348700 deaths 16352175 (367.0s) AMD Radeon AI PRO R9700 (RADV GFX1201)
tick  145000 alive   923390 genomes  190243 energy   199.2 births 16238771 deaths 16241449 (369.5s) AMD Radeon AI PRO R9700 (RADV GFX1201)
tick  146000 alive   928023 genomes  187621 energy   198.8 births 16336001 deaths 16331368 (372.0s) AMD Radeon AI PRO R9700 (RADV GFX1201)
tick  147000 alive   933282 genomes  187034 energy   198.9 births 16485945 deaths 16480686 (374.5s) AMD Radeon AI PRO R9700 (RADV GFX1201)
tick  148000 alive   931035 genomes  185485 energy   199.1 births 16523680 deaths 16525927 (377.0s) AMD Radeon AI PRO R9700 (RADV GFX1201)
tick  149000 alive   928838 genomes  187254 energy   199.5 births 16405718 deaths 16407915 (379.6s) AMD Radeon AI PRO R9700 (RADV GFX1201)
tick  150000 alive   926746 genomes  189148 energy   199.6 births 16361899 deaths 16363991 (382.1s) AMD Radeon AI PRO R9700 (RADV GFX1201)
tick  151000 alive   924903 genomes  188406 energy   199.2 births 16291388 deaths 16293231 (384.6s) AMD Radeon AI PRO R9700 (RADV GFX1201)
tick  152000 alive   929693 genomes  187746 energy   199.1 births 16386539 deaths 16381749 (387.1s) AMD Radeon AI PRO R9700 (RADV GFX1201)
tick  153000 alive   929674 genomes  188544 energy   198.8 births 16442958 deaths 16442977 (389.7s) AMD Radeon AI PRO R9700 (RADV GFX1201)
tick  154000 alive   925255 genomes  186053 energy   199.4 births 16364668 deaths 16369087 (392.2s) AMD Radeon AI PRO R9700 (RADV GFX1201)
tick  155000 alive   924873 genomes  187425 energy   199.2 births 16314012 deaths 16314394 (394.7s) AMD Radeon AI PRO R9700 (RADV GFX1201)
tick  156000 alive   924412 genomes  187090 energy   198.4 births 16396818 deaths 16397279 (397.3s) AMD Radeon AI PRO R9700 (RADV GFX1201)
tick  157000 alive   928877 genomes  185105 energy   198.6 births 16527551 deaths 16523086 (399.7s) AMD Radeon AI PRO R9700 (RADV GFX1201)
tick  158000 alive   928583 genomes  185447 energy   199.0 births 16548405 deaths 16548699 (402.3s) AMD Radeon AI PRO R9700 (RADV GFX1201)
tick  159000 alive   925790 genomes  185287 energy   199.0 births 16364918 deaths 16367711 (404.8s) AMD Radeon AI PRO R9700 (RADV GFX1201)
tick  160000 alive   927957 genomes  187395 energy   198.8 births 16439999 deaths 16437832 (407.4s) AMD Radeon AI PRO R9700 (RADV GFX1201)
tick  161000 alive   924760 genomes  187747 energy   199.2 births 16361091 deaths 16364288 (410.0s) AMD Radeon AI PRO R9700 (RADV GFX1201)
tick  162000 alive   925289 genomes  186654 energy   198.5 births 16385194 deaths 16384665 (412.6s) AMD Radeon AI PRO R9700 (RADV GFX1201)
tick  163000 alive   929008 genomes  183531 energy   198.6 births 16495906 deaths 16492187 (415.3s) AMD Radeon AI PRO R9700 (RADV GFX1201)
tick  164000 alive   932900 genomes  183674 energy   198.5 births 16673762 deaths 16669870 (417.8s) AMD Radeon AI PRO R9700 (RADV GFX1201)
tick  165000 alive   932381 genomes  183213 energy   198.3 births 16616507 deaths 16617026 (420.4s) AMD Radeon AI PRO R9700 (RADV GFX1201)
tick  166000 alive   928818 genomes  184514 energy   198.9 births 16588886 deaths 16592449 (422.9s) AMD Radeon AI PRO R9700 (RADV GFX1201)
tick  167000 alive   923209 genomes  185941 energy   198.7 births 16413373 deaths 16418982 (425.4s) AMD Radeon AI PRO R9700 (RADV GFX1201)
tick  168000 alive   920487 genomes  187904 energy   198.8 births 16341437 deaths 16344159 (427.9s) AMD Radeon AI PRO R9700 (RADV GFX1201)
tick  169000 alive   922000 genomes  188702 energy   198.6 births 16392311 deaths 16390798 (430.5s) AMD Radeon AI PRO R9700 (RADV GFX1201)
tick  170000 alive   930372 genomes  187489 energy   198.1 births 16600732 deaths 16592360 (433.1s) AMD Radeon AI PRO R9700 (RADV GFX1201)
tick  171000 alive   930503 genomes  184006 energy   198.7 births 16670426 deaths 16670295 (435.6s) AMD Radeon AI PRO R9700 (RADV GFX1201)
tick  172000 alive   928206 genomes  184746 energy   198.9 births 16419074 deaths 16421371 (438.2s) AMD Radeon AI PRO R9700 (RADV GFX1201)
tick  173000 alive   928491 genomes  185688 energy   198.8 births 16475746 deaths 16475461 (440.9s) AMD Radeon AI PRO R9700 (RADV GFX1201)
tick  174000 alive   922220 genomes  186493 energy   199.2 births 16389583 deaths 16395854 (443.5s) AMD Radeon AI PRO R9700 (RADV GFX1201)
tick  175000 alive   922439 genomes  187706 energy   198.4 births 16416611 deaths 16416392 (446.1s) AMD Radeon AI PRO R9700 (RADV GFX1201)
tick  176000 alive   918878 genomes  185736 energy   198.9 births 16344055 deaths 16347616 (448.6s) AMD Radeon AI PRO R9700 (RADV GFX1201)
tick  177000 alive   926434 genomes  183887 energy   198.5 births 16509720 deaths 16502164 (451.0s) AMD Radeon AI PRO R9700 (RADV GFX1201)
tick  178000 alive   929961 genomes  180668 energy   198.6 births 16576887 deaths 16573360 (453.5s) AMD Radeon AI PRO R9700 (RADV GFX1201)
tick  179000 alive   928408 genomes  180903 energy   199.2 births 16455143 deaths 16456696 (456.0s) AMD Radeon AI PRO R9700 (RADV GFX1201)
tick  180000 alive   921329 genomes  183369 energy   199.1 births 16300316 deaths 16307395 (458.5s) AMD Radeon AI PRO R9700 (RADV GFX1201)
tick  181000 alive   917826 genomes  183604 energy   199.0 births 16225924 deaths 16229427 (461.0s) AMD Radeon AI PRO R9700 (RADV GFX1201)
tick  182000 alive   925510 genomes  183547 energy   198.7 births 16449351 deaths 16441667 (463.8s) AMD Radeon AI PRO R9700 (RADV GFX1201)
tick  183000 alive   927749 genomes  182152 energy   198.7 births 16544293 deaths 16542054 (466.3s) AMD Radeon AI PRO R9700 (RADV GFX1201)
tick  184000 alive   926425 genomes  180862 energy   198.4 births 16502732 deaths 16504056 (468.8s) AMD Radeon AI PRO R9700 (RADV GFX1201)
tick  185000 alive   924565 genomes  182595 energy   198.8 births 16470848 deaths 16472708 (471.3s) AMD Radeon AI PRO R9700 (RADV GFX1201)
tick  186000 alive   921296 genomes  185476 energy   199.2 births 16284992 deaths 16288261 (473.7s) AMD Radeon AI PRO R9700 (RADV GFX1201)
tick  187000 alive   921604 genomes  186676 energy   198.6 births 16332652 deaths 16332344 (476.2s) AMD Radeon AI PRO R9700 (RADV GFX1201)
tick  188000 alive   919331 genomes  186200 energy   198.4 births 16331556 deaths 16333829 (478.8s) AMD Radeon AI PRO R9700 (RADV GFX1201)
tick  189000 alive   922824 genomes  186544 energy   198.7 births 16387242 deaths 16383749 (481.3s) AMD Radeon AI PRO R9700 (RADV GFX1201)
tick  190000 alive   923266 genomes  186072 energy   198.6 births 16400407 deaths 16399965 (483.7s) AMD Radeon AI PRO R9700 (RADV GFX1201)
tick  191000 alive   923220 genomes  185791 energy   198.3 births 16478015 deaths 16478061 (486.2s) AMD Radeon AI PRO R9700 (RADV GFX1201)
tick  192000 alive   922146 genomes  184633 energy   198.3 births 16486391 deaths 16487465 (488.8s) AMD Radeon AI PRO R9700 (RADV GFX1201)
tick  193000 alive   927212 genomes  183175 energy   198.4 births 16626274 deaths 16621208 (491.4s) AMD Radeon AI PRO R9700 (RADV GFX1201)
tick  194000 alive   925121 genomes  179844 energy   198.8 births 16546264 deaths 16548355 (494.0s) AMD Radeon AI PRO R9700 (RADV GFX1201)
tick  195000 alive   924524 genomes  182410 energy   198.8 births 16474998 deaths 16475595 (496.5s) AMD Radeon AI PRO R9700 (RADV GFX1201)
tick  196000 alive   920141 genomes  182324 energy   198.7 births 16420084 deaths 16424467 (499.1s) AMD Radeon AI PRO R9700 (RADV GFX1201)
tick  197000 alive   916529 genomes  181833 energy   198.6 births 16298170 deaths 16301782 (501.7s) AMD Radeon AI PRO R9700 (RADV GFX1201)
tick  198000 alive   919439 genomes  182203 energy   198.5 births 16313311 deaths 16310401 (504.2s) AMD Radeon AI PRO R9700 (RADV GFX1201)
tick  199000 alive   921376 genomes  182639 energy   198.7 births 16348191 deaths 16346254 (506.7s) AMD Radeon AI PRO R9700 (RADV GFX1201)
tick  200000 alive   925152 genomes  181616 energy   198.8 births 16474075 deaths 16470299 (509.4s) AMD Radeon AI PRO R9700 (RADV GFX1201)
tick  201000 alive   923368 genomes  179453 energy   198.5 births 16438380 deaths 16440164 (512.1s) AMD Radeon AI PRO R9700 (RADV GFX1201)
tick  202000 alive   924847 genomes  179742 energy   198.9 births 16487563 deaths 16486084 (514.7s) AMD Radeon AI PRO R9700 (RADV GFX1201)
tick  203000 alive   919746 genomes  182727 energy   199.5 births 16293219 deaths 16298320 (517.3s) AMD Radeon AI PRO R9700 (RADV GFX1201)
tick  204000 alive   917247 genomes  183844 energy   198.8 births 16106193 deaths 16108692 (519.8s) AMD Radeon AI PRO R9700 (RADV GFX1201)
tick  205000 alive   921928 genomes  185562 energy   198.8 births 16278546 deaths 16273865 (522.2s) AMD Radeon AI PRO R9700 (RADV GFX1201)
tick  206000 alive   923982 genomes  183891 energy   198.9 births 16421296 deaths 16419242 (524.7s) AMD Radeon AI PRO R9700 (RADV GFX1201)
tick  207000 alive   923640 genomes  183939 energy   198.6 births 16375614 deaths 16375956 (527.2s) AMD Radeon AI PRO R9700 (RADV GFX1201)
tick  208000 alive   924776 genomes  186126 energy   198.9 births 16465622 deaths 16464486 (529.7s) AMD Radeon AI PRO R9700 (RADV GFX1201)
tick  209000 alive   921991 genomes  188144 energy   198.6 births 16362893 deaths 16365678 (532.2s) AMD Radeon AI PRO R9700 (RADV GFX1201)
tick  210000 alive   920483 genomes  189749 energy   198.5 births 16326606 deaths 16328114 (534.7s) AMD Radeon AI PRO R9700 (RADV GFX1201)
tick  211000 alive   922191 genomes  189893 energy   198.5 births 16362617 deaths 16360909 (537.2s) AMD Radeon AI PRO R9700 (RADV GFX1201)
tick  212000 alive   921694 genomes  187866 energy   198.4 births 16427072 deaths 16427569 (539.7s) AMD Radeon AI PRO R9700 (RADV GFX1201)
tick  213000 alive   922217 genomes  186577 energy   198.7 births 16381592 deaths 16381069 (542.2s) AMD Radeon AI PRO R9700 (RADV GFX1201)
tick  214000 alive   920515 genomes  185527 energy   198.1 births 16370611 deaths 16372313 (544.7s) AMD Radeon AI PRO R9700 (RADV GFX1201)
tick  215000 alive   926296 genomes  185054 energy   198.3 births 16488743 deaths 16482962 (547.2s) AMD Radeon AI PRO R9700 (RADV GFX1201)
tick  216000 alive   923958 genomes  184756 energy   198.5 births 16430705 deaths 16433043 (549.7s) AMD Radeon AI PRO R9700 (RADV GFX1201)
tick  217000 alive   923189 genomes  185957 energy   199.4 births 16361811 deaths 16362580 (552.2s) AMD Radeon AI PRO R9700 (RADV GFX1201)
tick  218000 alive   922678 genomes  186274 energy   199.2 births 16285172 deaths 16285683 (554.7s) AMD Radeon AI PRO R9700 (RADV GFX1201)
tick  219000 alive   925309 genomes  185297 energy   198.4 births 16433193 deaths 16430562 (557.2s) AMD Radeon AI PRO R9700 (RADV GFX1201)
tick  220000 alive   923127 genomes  184002 energy   199.1 births 16394867 deaths 16397049 (559.8s) AMD Radeon AI PRO R9700 (RADV GFX1201)
tick  221000 alive   927047 genomes  182726 energy   198.5 births 16481633 deaths 16477713 (562.4s) AMD Radeon AI PRO R9700 (RADV GFX1201)
tick  222000 alive   930105 genomes  183711 energy   198.8 births 16564994 deaths 16561936 (565.1s) AMD Radeon AI PRO R9700 (RADV GFX1201)
tick  223000 alive   931657 genomes  183305 energy   199.1 births 16502932 deaths 16501380 (567.6s) AMD Radeon AI PRO R9700 (RADV GFX1201)
tick  224000 alive   928364 genomes  184356 energy   199.1 births 16455792 deaths 16459085 (570.1s) AMD Radeon AI PRO R9700 (RADV GFX1201)
tick  225000 alive   923840 genomes  184589 energy   198.8 births 16364351 deaths 16368875 (572.8s) AMD Radeon AI PRO R9700 (RADV GFX1201)
tick  226000 alive   923617 genomes  185991 energy   198.9 births 16370456 deaths 16370679 (575.4s) AMD Radeon AI PRO R9700 (RADV GFX1201)
tick  227000 alive   924002 genomes  187297 energy   198.6 births 16395087 deaths 16394702 (577.9s) AMD Radeon AI PRO R9700 (RADV GFX1201)
tick  228000 alive   925186 genomes  186932 energy   198.3 births 16412702 deaths 16411518 (580.4s) AMD Radeon AI PRO R9700 (RADV GFX1201)
tick  229000 alive   929095 genomes  184984 energy   198.5 births 16567889 deaths 16563980 (582.9s) AMD Radeon AI PRO R9700 (RADV GFX1201)
tick  230000 alive   926252 genomes  183888 energy   198.9 births 16487616 deaths 16490459 (585.4s) AMD Radeon AI PRO R9700 (RADV GFX1201)
tick  231000 alive   923095 genomes  184921 energy   198.6 births 16339809 deaths 16342966 (587.9s) AMD Radeon AI PRO R9700 (RADV GFX1201)
tick  232000 alive   927939 genomes  183930 energy   199.0 births 16433160 deaths 16428316 (590.4s) AMD Radeon AI PRO R9700 (RADV GFX1201)
tick  233000 alive   928944 genomes  182925 energy   198.6 births 16523180 deaths 16522175 (592.9s) AMD Radeon AI PRO R9700 (RADV GFX1201)
tick  234000 alive   927020 genomes  182256 energy   198.5 births 16535725 deaths 16537649 (595.4s) AMD Radeon AI PRO R9700 (RADV GFX1201)
tick  235000 alive   928042 genomes  182553 energy   198.4 births 16539803 deaths 16538781 (597.9s) AMD Radeon AI PRO R9700 (RADV GFX1201)
tick  236000 alive   929879 genomes  181117 energy   198.7 births 16531181 deaths 16529344 (600.5s) AMD Radeon AI PRO R9700 (RADV GFX1201)
tick  237000 alive   934692 genomes  179877 energy   198.4 births 16686076 deaths 16681263 (603.0s) AMD Radeon AI PRO R9700 (RADV GFX1201)
tick  238000 alive   930856 genomes  179501 energy   198.3 births 16613391 deaths 16617227 (605.4s) AMD Radeon AI PRO R9700 (RADV GFX1201)
tick  239000 alive   930112 genomes  180432 energy   198.3 births 16608720 deaths 16609464 (607.9s) AMD Radeon AI PRO R9700 (RADV GFX1201)
tick  240000 alive   929492 genomes  180005 energy   198.7 births 16591785 deaths 16592405 (610.4s) AMD Radeon AI PRO R9700 (RADV GFX1201)
tick  241000 alive   926438 genomes  182162 energy   198.7 births 16461872 deaths 16464926 (612.9s) AMD Radeon AI PRO R9700 (RADV GFX1201)
tick  242000 alive   928712 genomes  182112 energy   198.8 births 16545661 deaths 16543387 (615.4s) AMD Radeon AI PRO R9700 (RADV GFX1201)
tick  243000 alive   922855 genomes  180706 energy   199.7 births 16340867 deaths 16346724 (618.1s) AMD Radeon AI PRO R9700 (RADV GFX1201)
tick  244000 alive   921520 genomes  183447 energy   198.7 births 16217369 deaths 16218704 (620.6s) AMD Radeon AI PRO R9700 (RADV GFX1201)
tick  245000 alive   924156 genomes  183932 energy   198.8 births 16344298 deaths 16341662 (623.1s) AMD Radeon AI PRO R9700 (RADV GFX1201)
tick  246000 alive   924073 genomes  184366 energy   198.9 births 16382905 deaths 16382988 (625.6s) AMD Radeon AI PRO R9700 (RADV GFX1201)
tick  247000 alive   921442 genomes  185186 energy   199.1 births 16314125 deaths 16316756 (628.1s) AMD Radeon AI PRO R9700 (RADV GFX1201)
tick  248000 alive   921178 genomes  184179 energy   198.8 births 16325374 deaths 16325638 (630.7s) AMD Radeon AI PRO R9700 (RADV GFX1201)
tick  249000 alive   922119 genomes  185139 energy   198.5 births 16321144 deaths 16320203 (633.2s) AMD Radeon AI PRO R9700 (RADV GFX1201)
tick  250000 alive   921663 genomes  183143 energy   198.6 births 16356294 deaths 16356750 (635.7s) AMD Radeon AI PRO R9700 (RADV GFX1201)
tick  251000 alive   925696 genomes  183387 energy   198.2 births 16367642 deaths 16363609 (638.3s) AMD Radeon AI PRO R9700 (RADV GFX1201)
tick  252000 alive   930533 genomes  181229 energy   198.6 births 16588440 deaths 16583603 (640.8s) AMD Radeon AI PRO R9700 (RADV GFX1201)
tick  253000 alive   928050 genomes  179524 energy   199.0 births 16548692 deaths 16551175 (643.3s) AMD Radeon AI PRO R9700 (RADV GFX1201)
tick  254000 alive   922157 genomes  180688 energy   199.7 births 16283565 deaths 16289458 (645.7s) AMD Radeon AI PRO R9700 (RADV GFX1201)
tick  255000 alive   920660 genomes  184836 energy   199.3 births 16129824 deaths 16131321 (648.2s) AMD Radeon AI PRO R9700 (RADV GFX1201)
tick  256000 alive   924181 genomes  186255 energy   199.2 births 16143871 deaths 16140350 (650.7s) AMD Radeon AI PRO R9700 (RADV GFX1201)
tick  257000 alive   924099 genomes  185949 energy   199.0 births 16278092 deaths 16278174 (653.2s) AMD Radeon AI PRO R9700 (RADV GFX1201)
tick  258000 alive   925330 genomes  184938 energy   198.8 births 16317954 deaths 16316723 (655.8s) AMD Radeon AI PRO R9700 (RADV GFX1201)
tick  259000 alive   923155 genomes  184778 energy   199.3 births 16301049 deaths 16303224 (658.3s) AMD Radeon AI PRO R9700 (RADV GFX1201)
tick  260000 alive   921033 genomes  187243 energy   199.0 births 16156405 deaths 16158527 (660.9s) AMD Radeon AI PRO R9700 (RADV GFX1201)
tick  261000 alive   921084 genomes  189708 energy   198.7 births 16276172 deaths 16276121 (663.5s) AMD Radeon AI PRO R9700 (RADV GFX1201)
tick  262000 alive   917029 genomes  188977 energy   199.3 births 16208269 deaths 16212324 (666.1s) AMD Radeon AI PRO R9700 (RADV GFX1201)
tick  263000 alive   917119 genomes  190646 energy   198.8 births 16165220 deaths 16165130 (668.7s) AMD Radeon AI PRO R9700 (RADV GFX1201)
tick  264000 alive   918598 genomes  191202 energy   198.4 births 16248527 deaths 16247048 (671.3s) AMD Radeon AI PRO R9700 (RADV GFX1201)
tick  265000 alive   919453 genomes  189495 energy   198.4 births 16362184 deaths 16361329 (674.0s) AMD Radeon AI PRO R9700 (RADV GFX1201)
tick  266000 alive   921302 genomes  187568 energy   198.6 births 16354331 deaths 16352482 (676.6s) AMD Radeon AI PRO R9700 (RADV GFX1201)
tick  267000 alive   922962 genomes  185940 energy   198.8 births 16345736 deaths 16344076 (679.1s) AMD Radeon AI PRO R9700 (RADV GFX1201)
tick  268000 alive   928097 genomes  185158 energy   198.7 births 16426581 deaths 16421446 (681.6s) AMD Radeon AI PRO R9700 (RADV GFX1201)
tick  269000 alive   927142 genomes  183913 energy   199.1 births 16381934 deaths 16382889 (684.2s) AMD Radeon AI PRO R9700 (RADV GFX1201)
tick  270000 alive   924497 genomes  182654 energy   199.1 births 16341055 deaths 16343700 (686.8s) AMD Radeon AI PRO R9700 (RADV GFX1201)
tick  271000 alive   927831 genomes  182243 energy   198.9 births 16405450 deaths 16402116 (689.3s) AMD Radeon AI PRO R9700 (RADV GFX1201)
tick  272000 alive   930283 genomes  179887 energy   198.9 births 16528860 deaths 16526408 (691.8s) AMD Radeon AI PRO R9700 (RADV GFX1201)
tick  273000 alive   931801 genomes  179513 energy   199.6 births 16454910 deaths 16453392 (694.3s) AMD Radeon AI PRO R9700 (RADV GFX1201)
tick  274000 alive   929361 genomes  180883 energy   199.3 births 16374742 deaths 16377182 (696.8s) AMD Radeon AI PRO R9700 (RADV GFX1201)
tick  275000 alive   923343 genomes  182135 energy   199.7 births 16306475 deaths 16312493 (699.2s) AMD Radeon AI PRO R9700 (RADV GFX1201)
tick  276000 alive   924853 genomes  183220 energy   199.6 births 16175737 deaths 16174227 (701.8s) AMD Radeon AI PRO R9700 (RADV GFX1201)
tick  277000 alive   928277 genomes  181212 energy   199.7 births 16293539 deaths 16290115 (704.3s) AMD Radeon AI PRO R9700 (RADV GFX1201)
tick  278000 alive   931231 genomes  182157 energy   199.4 births 16366239 deaths 16363285 (707.0s) AMD Radeon AI PRO R9700 (RADV GFX1201)
tick  279000 alive   923975 genomes  182892 energy   199.5 births 16260544 deaths 16267800 (709.5s) AMD Radeon AI PRO R9700 (RADV GFX1201)
tick  280000 alive   928598 genomes  183322 energy   199.3 births 16212262 deaths 16207639 (712.0s) AMD Radeon AI PRO R9700 (RADV GFX1201)
tick  281000 alive   930963 genomes  181655 energy   199.7 births 16343402 deaths 16341037 (714.5s) AMD Radeon AI PRO R9700 (RADV GFX1201)
tick  282000 alive   926241 genomes  182406 energy   199.3 births 16275269 deaths 16279991 (717.0s) AMD Radeon AI PRO R9700 (RADV GFX1201)
tick  283000 alive   925529 genomes  181051 energy   199.3 births 16254564 deaths 16255276 (719.5s) AMD Radeon AI PRO R9700 (RADV GFX1201)
tick  284000 alive   930498 genomes  181907 energy   199.5 births 16309813 deaths 16304844 (722.0s) AMD Radeon AI PRO R9700 (RADV GFX1201)
tick  285000 alive   928280 genomes  180689 energy   200.0 births 16224060 deaths 16226278 (724.5s) AMD Radeon AI PRO R9700 (RADV GFX1201)
tick  286000 alive   929592 genomes  180937 energy   199.8 births 16253394 deaths 16252082 (727.0s) AMD Radeon AI PRO R9700 (RADV GFX1201)
tick  287000 alive   931467 genomes  181853 energy   199.4 births 16361867 deaths 16359992 (729.5s) AMD Radeon AI PRO R9700 (RADV GFX1201)
tick  288000 alive   931070 genomes  182903 energy   199.4 births 16365962 deaths 16366359 (732.0s) AMD Radeon AI PRO R9700 (RADV GFX1201)
tick  289000 alive   924320 genomes  181974 energy   199.6 births 16256733 deaths 16263483 (734.5s) AMD Radeon AI PRO R9700 (RADV GFX1201)
tick  290000 alive   927266 genomes  181307 energy   199.2 births 16312000 deaths 16309054 (737.1s) AMD Radeon AI PRO R9700 (RADV GFX1201)
tick  291000 alive   930887 genomes  180736 energy   199.5 births 16353477 deaths 16349856 (739.6s) AMD Radeon AI PRO R9700 (RADV GFX1201)
tick  292000 alive   928633 genomes  180464 energy   199.3 births 16328084 deaths 16330338 (742.2s) AMD Radeon AI PRO R9700 (RADV GFX1201)
tick  293000 alive   925512 genomes  182047 energy   199.8 births 16303297 deaths 16306418 (744.7s) AMD Radeon AI PRO R9700 (RADV GFX1201)
tick  294000 alive   921471 genomes  183909 energy   199.7 births 16162221 deaths 16166262 (747.2s) AMD Radeon AI PRO R9700 (RADV GFX1201)
tick  295000 alive   925834 genomes  185164 energy   198.9 births 16268231 deaths 16263868 (749.7s) AMD Radeon AI PRO R9700 (RADV GFX1201)
tick  296000 alive   927294 genomes  183426 energy   199.3 births 16391729 deaths 16390269 (752.3s) AMD Radeon AI PRO R9700 (RADV GFX1201)
tick  297000 alive   927271 genomes  181335 energy   199.5 births 16346374 deaths 16346397 (754.8s) AMD Radeon AI PRO R9700 (RADV GFX1201)
tick  298000 alive   928670 genomes  180866 energy   199.7 births 16357390 deaths 16355991 (757.3s) AMD Radeon AI PRO R9700 (RADV GFX1201)
tick  299000 alive   929734 genomes  180380 energy   199.3 births 16343047 deaths 16341983 (759.9s) AMD Radeon AI PRO R9700 (RADV GFX1201)
tick  300000 alive   925717 genomes  183586 energy   199.5 births 16285136 deaths 16289153 (762.4s) AMD Radeon AI PRO R9700 (RADV GFX1201)
tick  301000 alive   921622 genomes  184808 energy   199.3 births 16208492 deaths 16212587 (764.9s) AMD Radeon AI PRO R9700 (RADV GFX1201)
tick  302000 alive   925110 genomes  186842 energy   199.1 births 16238444 deaths 16234956 (767.5s) AMD Radeon AI PRO R9700 (RADV GFX1201)
tick  303000 alive   922929 genomes  185813 energy   199.7 births 16252732 deaths 16254913 (770.2s) AMD Radeon AI PRO R9700 (RADV GFX1201)
tick  304000 alive   920798 genomes  188436 energy   198.6 births 16250971 deaths 16253102 (772.7s) AMD Radeon AI PRO R9700 (RADV GFX1201)
tick  305000 alive   921032 genomes  186669 energy   198.3 births 16317697 deaths 16317463 (775.5s) AMD Radeon AI PRO R9700 (RADV GFX1201)
tick  306000 alive   926030 genomes  185533 energy   198.4 births 16397453 deaths 16392455 (778.0s) AMD Radeon AI PRO R9700 (RADV GFX1201)
tick  307000 alive   925216 genomes  185741 energy   199.0 births 16415558 deaths 16416372 (780.5s) AMD Radeon AI PRO R9700 (RADV GFX1201)
tick  308000 alive   921694 genomes  184865 energy   199.0 births 16304968 deaths 16308490 (783.2s) AMD Radeon AI PRO R9700 (RADV GFX1201)
tick  309000 alive   925207 genomes  184689 energy   198.3 births 16329479 deaths 16325966 (785.7s) AMD Radeon AI PRO R9700 (RADV GFX1201)
tick  310000 alive   924320 genomes  183533 energy   198.8 births 16490125 deaths 16491012 (788.2s) AMD Radeon AI PRO R9700 (RADV GFX1201)
tick  311000 alive   922767 genomes  183714 energy   199.0 births 16341482 deaths 16343035 (790.7s) AMD Radeon AI PRO R9700 (RADV GFX1201)
tick  312000 alive   922136 genomes  184981 energy   199.0 births 16303426 deaths 16304057 (793.2s) AMD Radeon AI PRO R9700 (RADV GFX1201)
tick  313000 alive   924836 genomes  185049 energy   198.6 births 16308554 deaths 16305854 (795.8s) AMD Radeon AI PRO R9700 (RADV GFX1201)
tick  314000 alive   923565 genomes  184434 energy   199.1 births 16359835 deaths 16361106 (798.3s) AMD Radeon AI PRO R9700 (RADV GFX1201)
tick  315000 alive   921616 genomes  186127 energy   199.1 births 16263373 deaths 16265322 (800.7s) AMD Radeon AI PRO R9700 (RADV GFX1201)
tick  316000 alive   921007 genomes  187424 energy   198.7 births 16258538 deaths 16259147 (803.2s) AMD Radeon AI PRO R9700 (RADV GFX1201)
tick  317000 alive   919027 genomes  186151 energy   199.3 births 16251283 deaths 16253263 (805.7s) AMD Radeon AI PRO R9700 (RADV GFX1201)
tick  318000 alive   917300 genomes  189627 energy   199.2 births 16100503 deaths 16102230 (808.2s) AMD Radeon AI PRO R9700 (RADV GFX1201)
tick  319000 alive   920241 genomes  188302 energy   198.7 births 16173108 deaths 16170167 (810.8s) AMD Radeon AI PRO R9700 (RADV GFX1201)
tick  320000 alive   927853 genomes  183903 energy   198.9 births 16323503 deaths 16315891 (813.3s) AMD Radeon AI PRO R9700 (RADV GFX1201)
tick  321000 alive   927420 genomes  182288 energy   199.3 births 16443122 deaths 16443555 (815.9s) AMD Radeon AI PRO R9700 (RADV GFX1201)
tick  322000 alive   926978 genomes  183471 energy   199.4 births 16372968 deaths 16373410 (818.4s) AMD Radeon AI PRO R9700 (RADV GFX1201)
tick  323000 alive   925564 genomes  182122 energy   199.4 births 16327275 deaths 16328689 (820.9s) AMD Radeon AI PRO R9700 (RADV GFX1201)
tick  324000 alive   926730 genomes  183113 energy   199.5 births 16272045 deaths 16270879 (823.4s) AMD Radeon AI PRO R9700 (RADV GFX1201)
tick  325000 alive   928299 genomes  183560 energy   199.3 births 16273279 deaths 16271710 (825.9s) AMD Radeon AI PRO R9700 (RADV GFX1201)
tick  326000 alive   921164 genomes  185779 energy   199.8 births 16155241 deaths 16162376 (828.4s) AMD Radeon AI PRO R9700 (RADV GFX1201)
tick  327000 alive   922690 genomes  185528 energy   198.7 births 16208628 deaths 16207102 (830.9s) AMD Radeon AI PRO R9700 (RADV GFX1201)
tick  328000 alive   921835 genomes  187261 energy   199.5 births 16211405 deaths 16212260 (833.4s) AMD Radeon AI PRO R9700 (RADV GFX1201)
tick  329000 alive   917950 genomes  188342 energy   198.8 births 16171167 deaths 16175052 (835.9s) AMD Radeon AI PRO R9700 (RADV GFX1201)
tick  330000 alive   920865 genomes  188008 energy   198.6 births 16196644 deaths 16193729 (838.4s) AMD Radeon AI PRO R9700 (RADV GFX1201)
tick  331000 alive   920106 genomes  186897 energy   199.0 births 16247016 deaths 16247775 (840.9s) AMD Radeon AI PRO R9700 (RADV GFX1201)
tick  332000 alive   920975 genomes  185449 energy   198.8 births 16220411 deaths 16219542 (843.4s) AMD Radeon AI PRO R9700 (RADV GFX1201)
tick  333000 alive   922152 genomes  186663 energy   198.9 births 16201214 deaths 16200037 (845.9s) AMD Radeon AI PRO R9700 (RADV GFX1201)
tick  334000 alive   924976 genomes  185791 energy   199.0 births 16382377 deaths 16379553 (848.4s) AMD Radeon AI PRO R9700 (RADV GFX1201)
tick  335000 alive   920759 genomes  187670 energy   199.3 births 16266094 deaths 16270311 (850.9s) AMD Radeon AI PRO R9700 (RADV GFX1201)
tick  336000 alive   916983 genomes  189791 energy   199.2 births 16123360 deaths 16127136 (853.4s) AMD Radeon AI PRO R9700 (RADV GFX1201)
tick  337000 alive   921552 genomes  189083 energy   198.4 births 16227804 deaths 16223235 (855.9s) AMD Radeon AI PRO R9700 (RADV GFX1201)
tick  338000 alive   925153 genomes  187627 energy   198.7 births 16418096 deaths 16414495 (858.5s) AMD Radeon AI PRO R9700 (RADV GFX1201)
tick  339000 alive   925725 genomes  187162 energy   198.7 births 16476556 deaths 16475984 (861.0s) AMD Radeon AI PRO R9700 (RADV GFX1201)
tick  340000 alive   922497 genomes  187072 energy   198.9 births 16359009 deaths 16362237 (863.7s) AMD Radeon AI PRO R9700 (RADV GFX1201)
tick  341000 alive   922138 genomes  187216 energy   198.7 births 16346417 deaths 16346776 (866.2s) AMD Radeon AI PRO R9700 (RADV GFX1201)
tick  342000 alive   925295 genomes  186617 energy   198.5 births 16457653 deaths 16454496 (868.7s) AMD Radeon AI PRO R9700 (RADV GFX1201)
tick  343000 alive   922522 genomes  186341 energy   198.5 births 16469106 deaths 16471879 (871.2s) AMD Radeon AI PRO R9700 (RADV GFX1201)
tick  344000 alive   925062 genomes  184747 energy   198.3 births 16483588 deaths 16481048 (873.8s) AMD Radeon AI PRO R9700 (RADV GFX1201)
tick  345000 alive   921577 genomes  186531 energy   198.6 births 16440207 deaths 16443692 (876.3s) AMD Radeon AI PRO R9700 (RADV GFX1201)
tick  346000 alive   919662 genomes  187409 energy   198.6 births 16403937 deaths 16405852 (878.8s) AMD Radeon AI PRO R9700 (RADV GFX1201)
tick  347000 alive   915907 genomes  188392 energy   198.0 births 16322420 deaths 16326175 (881.3s) AMD Radeon AI PRO R9700 (RADV GFX1201)
tick  348000 alive   920774 genomes  187090 energy   197.9 births 16434557 deaths 16429690 (883.8s) AMD Radeon AI PRO R9700 (RADV GFX1201)
tick  349000 alive   926577 genomes  185684 energy   198.0 births 16657501 deaths 16651698 (886.3s) AMD Radeon AI PRO R9700 (RADV GFX1201)
tick  350000 alive   922135 genomes  187148 energy   198.2 births 16553616 deaths 16558058 (888.8s) AMD Radeon AI PRO R9700 (RADV GFX1201)
tick  351000 alive   923138 genomes  188260 energy   198.1 births 16487414 deaths 16486411 (891.3s) AMD Radeon AI PRO R9700 (RADV GFX1201)
tick  352000 alive   919225 genomes  189060 energy   198.3 births 16422024 deaths 16425937 (893.8s) AMD Radeon AI PRO R9700 (RADV GFX1201)
tick  353000 alive   923208 genomes  188746 energy   198.4 births 16479287 deaths 16475304 (896.4s) AMD Radeon AI PRO R9700 (RADV GFX1201)
tick  354000 alive   925021 genomes  187190 energy   198.4 births 16515008 deaths 16513195 (898.9s) AMD Radeon AI PRO R9700 (RADV GFX1201)
tick  355000 alive   926334 genomes  186116 energy   198.4 births 16573159 deaths 16571846 (901.4s) AMD Radeon AI PRO R9700 (RADV GFX1201)
tick  356000 alive   925323 genomes  185283 energy   198.4 births 16558880 deaths 16559891 (904.0s) AMD Radeon AI PRO R9700 (RADV GFX1201)
tick  357000 alive   924760 genomes  186737 energy   198.5 births 16492917 deaths 16493480 (906.5s) AMD Radeon AI PRO R9700 (RADV GFX1201)
tick  358000 alive   920023 genomes  186208 energy   199.0 births 16410452 deaths 16415189 (909.0s) AMD Radeon AI PRO R9700 (RADV GFX1201)
tick  359000 alive   917525 genomes  187535 energy   198.8 births 16232839 deaths 16235337 (911.5s) AMD Radeon AI PRO R9700 (RADV GFX1201)
tick  360000 alive   921097 genomes  187226 energy   198.3 births 16377434 deaths 16373862 (914.1s) AMD Radeon AI PRO R9700 (RADV GFX1201)
tick  361000 alive   922436 genomes  185132 energy   198.3 births 16503551 deaths 16502212 (916.6s) AMD Radeon AI PRO R9700 (RADV GFX1201)
tick  362000 alive   924188 genomes  185646 energy   198.0 births 16452287 deaths 16450535 (919.3s) AMD Radeon AI PRO R9700 (RADV GFX1201)
tick  363000 alive   922204 genomes  184597 energy   198.3 births 16451104 deaths 16453088 (921.9s) AMD Radeon AI PRO R9700 (RADV GFX1201)
tick  364000 alive   921367 genomes  188969 energy   198.5 births 16428867 deaths 16429704 (924.4s) AMD Radeon AI PRO R9700 (RADV GFX1201)
tick  365000 alive   920044 genomes  188515 energy   198.0 births 16430538 deaths 16431861 (926.9s) AMD Radeon AI PRO R9700 (RADV GFX1201)
tick  366000 alive   922574 genomes  187079 energy   197.9 births 16519160 deaths 16516630 (929.7s) AMD Radeon AI PRO R9700 (RADV GFX1201)
tick  367000 alive   921569 genomes  187800 energy   198.2 births 16540631 deaths 16541636 (932.2s) AMD Radeon AI PRO R9700 (RADV GFX1201)
tick  368000 alive   919803 genomes  187135 energy   198.0 births 16514691 deaths 16516457 (934.8s) AMD Radeon AI PRO R9700 (RADV GFX1201)
tick  369000 alive   921756 genomes  188425 energy   197.9 births 16522282 deaths 16520329 (937.4s) AMD Radeon AI PRO R9700 (RADV GFX1201)
tick  370000 alive   917443 genomes  189527 energy   198.2 births 16375940 deaths 16380253 (940.0s) AMD Radeon AI PRO R9700 (RADV GFX1201)
tick  371000 alive   917978 genomes  189665 energy   197.6 births 16502311 deaths 16501776 (942.6s) AMD Radeon AI PRO R9700 (RADV GFX1201)
tick  372000 alive   921739 genomes  187390 energy   197.3 births 16579317 deaths 16575556 (945.1s) AMD Radeon AI PRO R9700 (RADV GFX1201)
tick  373000 alive   924852 genomes  184831 energy   198.2 births 16630773 deaths 16627660 (947.7s) AMD Radeon AI PRO R9700 (RADV GFX1201)
tick  374000 alive   920789 genomes  185987 energy   198.4 births 16492146 deaths 16496209 (950.2s) AMD Radeon AI PRO R9700 (RADV GFX1201)
tick  375000 alive   920057 genomes  186917 energy   198.4 births 16385307 deaths 16386039 (952.7s) AMD Radeon AI PRO R9700 (RADV GFX1201)
tick  376000 alive   925668 genomes  186256 energy   197.6 births 16486327 deaths 16480716 (955.3s) AMD Radeon AI PRO R9700 (RADV GFX1201)
tick  377000 alive   927839 genomes  184375 energy   197.8 births 16673252 deaths 16671081 (957.7s) AMD Radeon AI PRO R9700 (RADV GFX1201)
tick  378000 alive   929609 genomes  182947 energy   198.0 births 16713358 deaths 16711588 (960.2s) AMD Radeon AI PRO R9700 (RADV GFX1201)
tick  379000 alive   924801 genomes  183447 energy   198.7 births 16591367 deaths 16596175 (962.7s) AMD Radeon AI PRO R9700 (RADV GFX1201)
tick  380000 alive   918620 genomes  186946 energy   198.0 births 16380984 deaths 16387165 (965.3s) AMD Radeon AI PRO R9700 (RADV GFX1201)
tick  381000 alive   919771 genomes  187574 energy   198.2 births 16457654 deaths 16456503 (967.8s) AMD Radeon AI PRO R9700 (RADV GFX1201)
tick  382000 alive   920768 genomes  185923 energy   198.2 births 16502484 deaths 16501487 (970.3s) AMD Radeon AI PRO R9700 (RADV GFX1201)
tick  383000 alive   923918 genomes  187983 energy   198.1 births 16544430 deaths 16541280 (972.8s) AMD Radeon AI PRO R9700 (RADV GFX1201)
tick  384000 alive   922693 genomes  186964 energy   198.1 births 16488990 deaths 16490215 (975.2s) AMD Radeon AI PRO R9700 (RADV GFX1201)
tick  385000 alive   923001 genomes  185670 energy   198.7 births 16531999 deaths 16531691 (977.8s) AMD Radeon AI PRO R9700 (RADV GFX1201)
tick  386000 alive   925767 genomes  185573 energy   198.1 births 16462196 deaths 16459430 (980.3s) AMD Radeon AI PRO R9700 (RADV GFX1201)
tick  387000 alive   926604 genomes  184694 energy   198.6 births 16556975 deaths 16556138 (982.8s) AMD Radeon AI PRO R9700 (RADV GFX1201)
tick  388000 alive   927925 genomes  184931 energy   198.7 births 16536415 deaths 16535094 (985.3s) AMD Radeon AI PRO R9700 (RADV GFX1201)
tick  389000 alive   920590 genomes  186295 energy   199.0 births 16372025 deaths 16379360 (987.8s) AMD Radeon AI PRO R9700 (RADV GFX1201)
tick  390000 alive   916890 genomes  187111 energy   198.9 births 16238968 deaths 16242668 (990.3s) AMD Radeon AI PRO R9700 (RADV GFX1201)
tick  391000 alive   916027 genomes  187001 energy   198.9 births 16168163 deaths 16169026 (992.8s) AMD Radeon AI PRO R9700 (RADV GFX1201)
tick  392000 alive   918513 genomes  188240 energy   198.5 births 16287126 deaths 16284640 (995.3s) AMD Radeon AI PRO R9700 (RADV GFX1201)
tick  393000 alive   918664 genomes  187612 energy   198.6 births 16326544 deaths 16326393 (997.8s) AMD Radeon AI PRO R9700 (RADV GFX1201)
tick  394000 alive   918841 genomes  188363 energy   198.2 births 16317271 deaths 16317094 (1000.3s) AMD Radeon AI PRO R9700 (RADV GFX1201)
tick  395000 alive   919806 genomes  189279 energy   198.3 births 16319108 deaths 16318143 (1002.8s) AMD Radeon AI PRO R9700 (RADV GFX1201)
tick  396000 alive   916457 genomes  188575 energy   198.7 births 16256897 deaths 16260246 (1005.3s) AMD Radeon AI PRO R9700 (RADV GFX1201)
tick  397000 alive   915833 genomes  189265 energy   199.0 births 16239009 deaths 16239633 (1007.8s) AMD Radeon AI PRO R9700 (RADV GFX1201)
tick  398000 alive   913163 genomes  190098 energy   199.1 births 16117902 deaths 16120572 (1010.3s) AMD Radeon AI PRO R9700 (RADV GFX1201)
tick  399000 alive   915647 genomes  188883 energy   198.8 births 16174212 deaths 16171728 (1012.9s) AMD Radeon AI PRO R9700 (RADV GFX1201)
tick  400000 alive   921096 genomes  188278 energy   198.5 births 16339797 deaths 16334348 (1015.5s) AMD Radeon AI PRO R9700 (RADV GFX1201)
tick  401000 alive   923867 genomes  187136 energy   198.4 births 16375707 deaths 16372936 (1018.0s) AMD Radeon AI PRO R9700 (RADV GFX1201)
tick  402000 alive   921181 genomes  186037 energy   198.9 births 16318101 deaths 16320787 (1020.5s) AMD Radeon AI PRO R9700 (RADV GFX1201)
tick  403000 alive   919943 genomes  186384 energy   198.5 births 16280020 deaths 16281258 (1023.0s) AMD Radeon AI PRO R9700 (RADV GFX1201)
tick  404000 alive   925363 genomes  186703 energy   198.4 births 16455553 deaths 16450133 (1025.5s) AMD Radeon AI PRO R9700 (RADV GFX1201)
tick  405000 alive   920056 genomes  186032 energy   199.6 births 16316067 deaths 16321374 (1028.2s) AMD Radeon AI PRO R9700 (RADV GFX1201)
tick  406000 alive   920212 genomes  186049 energy   198.7 births 16201426 deaths 16201270 (1030.7s) AMD Radeon AI PRO R9700 (RADV GFX1201)
tick  407000 alive   922361 genomes  186519 energy   198.8 births 16326791 deaths 16324642 (1033.2s) AMD Radeon AI PRO R9700 (RADV GFX1201)
tick  408000 alive   924917 genomes  186558 energy   198.5 births 16424828 deaths 16422272 (1035.7s) AMD Radeon AI PRO R9700 (RADV GFX1201)
tick  409000 alive   925431 genomes  185408 energy   198.5 births 16489691 deaths 16489177 (1038.2s) AMD Radeon AI PRO R9700 (RADV GFX1201)
tick  410000 alive   923375 genomes  185836 energy   199.0 births 16317144 deaths 16319200 (1040.7s) AMD Radeon AI PRO R9700 (RADV GFX1201)
tick  411000 alive   924479 genomes  185986 energy   199.0 births 16303687 deaths 16302583 (1043.2s) AMD Radeon AI PRO R9700 (RADV GFX1201)
tick  412000 alive   926223 genomes  185510 energy   199.0 births 16423585 deaths 16421841 (1045.7s) AMD Radeon AI PRO R9700 (RADV GFX1201)
tick  413000 alive   922583 genomes  186072 energy   198.8 births 16328214 deaths 16331854 (1048.2s) AMD Radeon AI PRO R9700 (RADV GFX1201)
tick  414000 alive   923682 genomes  184446 energy   198.7 births 16336106 deaths 16335007 (1050.7s) AMD Radeon AI PRO R9700 (RADV GFX1201)
tick  415000 alive   922555 genomes  186094 energy   198.7 births 16334581 deaths 16335708 (1053.3s) AMD Radeon AI PRO R9700 (RADV GFX1201)
tick  416000 alive   921489 genomes  185682 energy   198.6 births 16324284 deaths 16325350 (1055.9s) AMD Radeon AI PRO R9700 (RADV GFX1201)
tick  417000 alive   920887 genomes  183578 energy   198.8 births 16374822 deaths 16375424 (1058.5s) AMD Radeon AI PRO R9700 (RADV GFX1201)
tick  418000 alive   926523 genomes  186567 energy   198.7 births 16427717 deaths 16422081 (1061.0s) AMD Radeon AI PRO R9700 (RADV GFX1201)
tick  419000 alive   917450 genomes  186841 energy   199.1 births 16245606 deaths 16254679 (1063.5s) AMD Radeon AI PRO R9700 (RADV GFX1201)
tick  420000 alive   913909 genomes  188930 energy   199.3 births 16135142 deaths 16138683 (1065.9s) AMD Radeon AI PRO R9700 (RADV GFX1201)
tick  421000 alive   912706 genomes  187976 energy   198.6 births 16097771 deaths 16098974 (1068.4s) AMD Radeon AI PRO R9700 (RADV GFX1201)
tick  422000 alive   922767 genomes  187601 energy   197.9 births 16429572 deaths 16419511 (1070.9s) AMD Radeon AI PRO R9700 (RADV GFX1201)
tick  423000 alive   929385 genomes  184424 energy   198.4 births 16645324 deaths 16638706 (1073.5s) AMD Radeon AI PRO R9700 (RADV GFX1201)
tick  424000 alive   928174 genomes  184128 energy   198.5 births 16524316 deaths 16525527 (1076.0s) AMD Radeon AI PRO R9700 (RADV GFX1201)
tick  425000 alive   923276 genomes  184892 energy   198.6 births 16405252 deaths 16410150 (1078.5s) AMD Radeon AI PRO R9700 (RADV GFX1201)
tick  426000 alive   922783 genomes  187173 energy   198.8 births 16418885 deaths 16419378 (1081.0s) AMD Radeon AI PRO R9700 (RADV GFX1201)
tick  427000 alive   919766 genomes  187596 energy   198.7 births 16341067 deaths 16344084 (1083.5s) AMD Radeon AI PRO R9700 (RADV GFX1201)
tick  428000 alive   922142 genomes  185786 energy   198.7 births 16304091 deaths 16301715 (1086.0s) AMD Radeon AI PRO R9700 (RADV GFX1201)
tick  429000 alive   924235 genomes  183765 energy   199.1 births 16363720 deaths 16361627 (1088.5s) AMD Radeon AI PRO R9700 (RADV GFX1201)
tick  430000 alive   920089 genomes  185220 energy   198.8 births 16297561 deaths 16301707 (1091.0s) AMD Radeon AI PRO R9700 (RADV GFX1201)
tick  431000 alive   920799 genomes  185580 energy   198.8 births 16271447 deaths 16270737 (1093.5s) AMD Radeon AI PRO R9700 (RADV GFX1201)
tick  432000 alive   922256 genomes  183812 energy   199.2 births 16303739 deaths 16302282 (1096.0s) AMD Radeon AI PRO R9700 (RADV GFX1201)
tick  433000 alive   927058 genomes  185976 energy   198.5 births 16428461 deaths 16423659 (1098.5s) AMD Radeon AI PRO R9700 (RADV GFX1201)
tick  434000 alive   924776 genomes  183386 energy   199.0 births 16427125 deaths 16429407 (1101.0s) AMD Radeon AI PRO R9700 (RADV GFX1201)
tick  435000 alive   923115 genomes  182475 energy   199.1 births 16360392 deaths 16362053 (1103.5s) AMD Radeon AI PRO R9700 (RADV GFX1201)
tick  436000 alive   920919 genomes  185181 energy   199.0 births 16326671 deaths 16328867 (1106.0s) AMD Radeon AI PRO R9700 (RADV GFX1201)
tick  437000 alive   920277 genomes  185548 energy   198.7 births 16310644 deaths 16311286 (1108.5s) AMD Radeon AI PRO R9700 (RADV GFX1201)
tick  438000 alive   921396 genomes  185023 energy   198.1 births 16392093 deaths 16390974 (1111.3s) AMD Radeon AI PRO R9700 (RADV GFX1201)
tick  439000 alive   923224 genomes  183703 energy   198.5 births 16425962 deaths 16424134 (1113.8s) AMD Radeon AI PRO R9700 (RADV GFX1201)
tick  440000 alive   919880 genomes  185373 energy   198.5 births 16391989 deaths 16395333 (1116.2s) AMD Radeon AI PRO R9700 (RADV GFX1201)
tick  441000 alive   919193 genomes  187161 energy   198.2 births 16341450 deaths 16342137 (1118.8s) AMD Radeon AI PRO R9700 (RADV GFX1201)
tick  442000 alive   922892 genomes  186648 energy   197.8 births 16477973 deaths 16474274 (1121.3s) AMD Radeon AI PRO R9700 (RADV GFX1201)
tick  443000 alive   923740 genomes  182838 energy   198.2 births 16577692 deaths 16576844 (1123.8s) AMD Radeon AI PRO R9700 (RADV GFX1201)
tick  444000 alive   924556 genomes  181585 energy   198.2 births 16531504 deaths 16530688 (1126.3s) AMD Radeon AI PRO R9700 (RADV GFX1201)
tick  445000 alive   927610 genomes  181114 energy   198.6 births 16561533 deaths 16558479 (1128.9s) AMD Radeon AI PRO R9700 (RADV GFX1201)
tick  446000 alive   925898 genomes  181991 energy   199.1 births 16483152 deaths 16484864 (1131.4s) AMD Radeon AI PRO R9700 (RADV GFX1201)
tick  447000 alive   925458 genomes  183388 energy   199.1 births 16383084 deaths 16383524 (1133.8s) AMD Radeon AI PRO R9700 (RADV GFX1201)
tick  448000 alive   922967 genomes  184448 energy   199.2 births 16346687 deaths 16349178 (1136.4s) AMD Radeon AI PRO R9700 (RADV GFX1201)
tick  449000 alive   922485 genomes  186732 energy   198.6 births 16353159 deaths 16353641 (1138.9s) AMD Radeon AI PRO R9700 (RADV GFX1201)
tick  450000 alive   917496 genomes  188723 energy   198.8 births 16312745 deaths 16317734 (1141.4s) AMD Radeon AI PRO R9700 (RADV GFX1201)
tick  451000 alive   916101 genomes  189046 energy   198.7 births 16287354 deaths 16288749 (1144.0s) AMD Radeon AI PRO R9700 (RADV GFX1201)
tick  452000 alive   916919 genomes  188740 energy   198.6 births 16291946 deaths 16291128 (1146.5s) AMD Radeon AI PRO R9700 (RADV GFX1201)
tick  453000 alive   920949 genomes  188020 energy   198.5 births 16322394 deaths 16318364 (1149.0s) AMD Radeon AI PRO R9700 (RADV GFX1201)
tick  454000 alive   924846 genomes  185741 energy   198.4 births 16403939 deaths 16400042 (1151.5s) AMD Radeon AI PRO R9700 (RADV GFX1201)
tick  455000 alive   928700 genomes  183436 energy   198.6 births 16546698 deaths 16542844 (1154.0s) AMD Radeon AI PRO R9700 (RADV GFX1201)
tick  456000 alive   931107 genomes  181192 energy   198.7 births 16524292 deaths 16521885 (1156.5s) AMD Radeon AI PRO R9700 (RADV GFX1201)
tick  457000 alive   929211 genomes  180915 energy   199.2 births 16500641 deaths 16502537 (1159.0s) AMD Radeon AI PRO R9700 (RADV GFX1201)
tick  458000 alive   926216 genomes  181683 energy   198.8 births 16447891 deaths 16450886 (1161.4s) AMD Radeon AI PRO R9700 (RADV GFX1201)
tick  459000 alive   924652 genomes  183250 energy   199.1 births 16351718 deaths 16353282 (1163.9s) AMD Radeon AI PRO R9700 (RADV GFX1201)
tick  460000 alive   928478 genomes  184654 energy   198.7 births 16469049 deaths 16465223 (1166.4s) AMD Radeon AI PRO R9700 (RADV GFX1201)
tick  461000 alive   924216 genomes  183882 energy   198.6 births 16451605 deaths 16455867 (1168.9s) AMD Radeon AI PRO R9700 (RADV GFX1201)
tick  462000 alive   924544 genomes  184458 energy   198.7 births 16435671 deaths 16435343 (1171.5s) AMD Radeon AI PRO R9700 (RADV GFX1201)
tick  463000 alive   926475 genomes  184795 energy   198.4 births 16508926 deaths 16506995 (1174.0s) AMD Radeon AI PRO R9700 (RADV GFX1201)
tick  464000 alive   927493 genomes  184850 energy   198.9 births 16476951 deaths 16475933 (1176.5s) AMD Radeon AI PRO R9700 (RADV GFX1201)
tick  465000 alive   926170 genomes  181476 energy   198.7 births 16456265 deaths 16457588 (1179.1s) AMD Radeon AI PRO R9700 (RADV GFX1201)
tick  466000 alive   925377 genomes  181005 energy   198.8 births 16467086 deaths 16467879 (1181.7s) AMD Radeon AI PRO R9700 (RADV GFX1201)
tick  467000 alive   924306 genomes  183293 energy   199.0 births 16329289 deaths 16330360 (1184.1s) AMD Radeon AI PRO R9700 (RADV GFX1201)
tick  468000 alive   925124 genomes  183396 energy   198.7 births 16309386 deaths 16308568 (1186.7s) AMD Radeon AI PRO R9700 (RADV GFX1201)
tick  469000 alive   926397 genomes  182282 energy   198.9 births 16427185 deaths 16425912 (1189.2s) AMD Radeon AI PRO R9700 (RADV GFX1201)
tick  470000 alive   925422 genomes  183359 energy   199.3 births 16373376 deaths 16374351 (1191.8s) AMD Radeon AI PRO R9700 (RADV GFX1201)
tick  471000 alive   925303 genomes  184114 energy   198.8 births 16298967 deaths 16299086 (1194.3s) AMD Radeon AI PRO R9700 (RADV GFX1201)
tick  472000 alive   922401 genomes  183759 energy   198.3 births 16390736 deaths 16393638 (1196.8s) AMD Radeon AI PRO R9700 (RADV GFX1201)
tick  473000 alive   925581 genomes  182302 energy   198.4 births 16468867 deaths 16465687 (1199.4s) AMD Radeon AI PRO R9700 (RADV GFX1201)
tick  474000 alive   926004 genomes  183176 energy   198.6 births 16526347 deaths 16525924 (1201.9s) AMD Radeon AI PRO R9700 (RADV GFX1201)
tick  475000 alive   928643 genomes  182569 energy   198.8 births 16522438 deaths 16519799 (1204.4s) AMD Radeon AI PRO R9700 (RADV GFX1201)
tick  476000 alive   928862 genomes  179978 energy   198.6 births 16510329 deaths 16510110 (1206.9s) AMD Radeon AI PRO R9700 (RADV GFX1201)
tick  477000 alive   927399 genomes  180775 energy   198.9 births 16507858 deaths 16509321 (1209.4s) AMD Radeon AI PRO R9700 (RADV GFX1201)
tick  478000 alive   924373 genomes  182932 energy   198.8 births 16382180 deaths 16385206 (1211.9s) AMD Radeon AI PRO R9700 (RADV GFX1201)
tick  479000 alive   928419 genomes  183995 energy   198.4 births 16545033 deaths 16540987 (1214.4s) AMD Radeon AI PRO R9700 (RADV GFX1201)
tick  480000 alive   923681 genomes  183686 energy   198.3 births 16483761 deaths 16488499 (1217.0s) AMD Radeon AI PRO R9700 (RADV GFX1201)
tick  481000 alive   925462 genomes  183046 energy   198.5 births 16481716 deaths 16479935 (1219.4s) AMD Radeon AI PRO R9700 (RADV GFX1201)
tick  482000 alive   928736 genomes  182205 energy   198.6 births 16594062 deaths 16590788 (1222.0s) AMD Radeon AI PRO R9700 (RADV GFX1201)
tick  483000 alive   925784 genomes  182704 energy   199.1 births 16471294 deaths 16474246 (1224.5s) AMD Radeon AI PRO R9700 (RADV GFX1201)
tick  484000 alive   925173 genomes  183010 energy   198.9 births 16385147 deaths 16385758 (1227.0s) AMD Radeon AI PRO R9700 (RADV GFX1201)
tick  485000 alive   928170 genomes  182985 energy   199.0 births 16436700 deaths 16433703 (1229.5s) AMD Radeon AI PRO R9700 (RADV GFX1201)
tick  486000 alive   929076 genomes  181272 energy   198.6 births 16577355 deaths 16576449 (1232.0s) AMD Radeon AI PRO R9700 (RADV GFX1201)
tick  487000 alive   926892 genomes  178721 energy   198.8 births 16532285 deaths 16534469 (1234.5s) AMD Radeon AI PRO R9700 (RADV GFX1201)
tick  488000 alive   926790 genomes  180602 energy   198.9 births 16478520 deaths 16478622 (1237.2s) AMD Radeon AI PRO R9700 (RADV GFX1201)
tick  489000 alive   928085 genomes  182248 energy   198.5 births 16470408 deaths 16469113 (1240.1s) AMD Radeon AI PRO R9700 (RADV GFX1201)
tick  490000 alive   928123 genomes  181408 energy   198.7 births 16555191 deaths 16555153 (1242.8s) AMD Radeon AI PRO R9700 (RADV GFX1201)
tick  491000 alive   924910 genomes  181756 energy   198.8 births 16512704 deaths 16515917 (1245.3s) AMD Radeon AI PRO R9700 (RADV GFX1201)
tick  492000 alive   924426 genomes  182996 energy   198.5 births 16464062 deaths 16464546 (1248.1s) AMD Radeon AI PRO R9700 (RADV GFX1201)
tick  493000 alive   924150 genomes  183202 energy   198.6 births 16562234 deaths 16562510 (1250.7s) AMD Radeon AI PRO R9700 (RADV GFX1201)
tick  494000 alive   928270 genomes  182562 energy   198.4 births 16490613 deaths 16486493 (1253.2s) AMD Radeon AI PRO R9700 (RADV GFX1201)
tick  495000 alive   926680 genomes  181519 energy   198.7 births 16519841 deaths 16521431 (1255.7s) AMD Radeon AI PRO R9700 (RADV GFX1201)
tick  496000 alive   928256 genomes  179238 energy   198.6 births 16534340 deaths 16532764 (1258.2s) AMD Radeon AI PRO R9700 (RADV GFX1201)
tick  497000 alive   923307 genomes  178892 energy   198.6 births 16453242 deaths 16458191 (1260.7s) AMD Radeon AI PRO R9700 (RADV GFX1201)
tick  498000 alive   926390 genomes  180326 energy   198.6 births 16453063 deaths 16449980 (1263.2s) AMD Radeon AI PRO R9700 (RADV GFX1201)
tick  499000 alive   923113 genomes  181347 energy   199.0 births 16371019 deaths 16374296 (1265.8s) AMD Radeon AI PRO R9700 (RADV GFX1201)
tick  500000 alive   920775 genomes  184815 energy   198.5 births 16279263 deaths 16281601 (1268.4s) AMD Radeon AI PRO R9700 (RADV GFX1201)
tick  501000 alive   924273 genomes  183730 energy   198.5 births 16430687 deaths 16427189 (1271.2s) AMD Radeon AI PRO R9700 (RADV GFX1201)
tick  502000 alive   925843 genomes  183888 energy   198.6 births 16450270 deaths 16448700 (1273.8s) AMD Radeon AI PRO R9700 (RADV GFX1201)
tick  503000 alive   924154 genomes  182739 energy   198.4 births 16495134 deaths 16496823 (1276.3s) AMD Radeon AI PRO R9700 (RADV GFX1201)
tick  504000 alive   922134 genomes  185002 energy   198.5 births 16433284 deaths 16435304 (1278.9s) AMD Radeon AI PRO R9700 (RADV GFX1201)
tick  505000 alive   921105 genomes  185479 energy   198.3 births 16380378 deaths 16381407 (1281.4s) AMD Radeon AI PRO R9700 (RADV GFX1201)
tick  506000 alive   920692 genomes  185528 energy   198.1 births 16449631 deaths 16450044 (1283.9s) AMD Radeon AI PRO R9700 (RADV GFX1201)
tick  507000 alive   925681 genomes  184109 energy   198.3 births 16549624 deaths 16544635 (1286.4s) AMD Radeon AI PRO R9700 (RADV GFX1201)
tick  508000 alive   924034 genomes  183002 energy   198.7 births 16496641 deaths 16498288 (1288.9s) AMD Radeon AI PRO R9700 (RADV GFX1201)
tick  509000 alive   925444 genomes  185635 energy   198.8 births 16467120 deaths 16465710 (1291.4s) AMD Radeon AI PRO R9700 (RADV GFX1201)
tick  510000 alive   923280 genomes  184596 energy   198.4 births 16514953 deaths 16517117 (1293.9s) AMD Radeon AI PRO R9700 (RADV GFX1201)
tick  511000 alive   921006 genomes  184800 energy   198.5 births 16407633 deaths 16409907 (1296.4s) AMD Radeon AI PRO R9700 (RADV GFX1201)
tick  512000 alive   921394 genomes  186524 energy   198.3 births 16357839 deaths 16357451 (1298.9s) AMD Radeon AI PRO R9700 (RADV GFX1201)
tick  513000 alive   923143 genomes  184758 energy   198.5 births 16487629 deaths 16485880 (1301.5s) AMD Radeon AI PRO R9700 (RADV GFX1201)
tick  514000 alive   928339 genomes  182447 energy   198.1 births 16583520 deaths 16578324 (1304.0s) AMD Radeon AI PRO R9700 (RADV GFX1201)
tick  515000 alive   934959 genomes  179786 energy   198.7 births 16703814 deaths 16697194 (1306.5s) AMD Radeon AI PRO R9700 (RADV GFX1201)
tick  516000 alive   931591 genomes  179040 energy   198.7 births 16650364 deaths 16653732 (1309.0s) AMD Radeon AI PRO R9700 (RADV GFX1201)
tick  517000 alive   923251 genomes  180697 energy   199.2 births 16427988 deaths 16436328 (1311.5s) AMD Radeon AI PRO R9700 (RADV GFX1201)
tick  518000 alive   923788 genomes  181665 energy   198.9 births 16376499 deaths 16375962 (1314.0s) AMD Radeon AI PRO R9700 (RADV GFX1201)
tick  519000 alive   925245 genomes  181371 energy   198.8 births 16451693 deaths 16450236 (1316.6s) AMD Radeon AI PRO R9700 (RADV GFX1201)
tick  520000 alive   926922 genomes  182539 energy   198.7 births 16487285 deaths 16485608 (1319.1s) AMD Radeon AI PRO R9700 (RADV GFX1201)
tick  521000 alive   931111 genomes  180758 energy   198.6 births 16558406 deaths 16554217 (1321.6s) AMD Radeon AI PRO R9700 (RADV GFX1201)
tick  522000 alive   928966 genomes  181032 energy   199.0 births 16554559 deaths 16556704 (1324.0s) AMD Radeon AI PRO R9700 (RADV GFX1201)
tick  523000 alive   932312 genomes  182146 energy   198.8 births 16601122 deaths 16597776 (1326.5s) AMD Radeon AI PRO R9700 (RADV GFX1201)
tick  524000 alive   925278 genomes  179720 energy   198.7 births 16547415 deaths 16554449 (1329.0s) AMD Radeon AI PRO R9700 (RADV GFX1201)
tick  525000 alive   927448 genomes  180388 energy   198.0 births 16564601 deaths 16562431 (1331.5s) AMD Radeon AI PRO R9700 (RADV GFX1201)
tick  526000 alive   928698 genomes  177554 energy   198.8 births 16692343 deaths 16691093 (1334.0s) AMD Radeon AI PRO R9700 (RADV GFX1201)
tick  527000 alive   929748 genomes  178850 energy   198.5 births 16562503 deaths 16561453 (1336.5s) AMD Radeon AI PRO R9700 (RADV GFX1201)
tick  528000 alive   929784 genomes  178057 energy   198.5 births 16646838 deaths 16646802 (1339.0s) AMD Radeon AI PRO R9700 (RADV GFX1201)
tick  529000 alive   928892 genomes  178432 energy   198.7 births 16573194 deaths 16574086 (1341.4s) AMD Radeon AI PRO R9700 (RADV GFX1201)
tick  530000 alive   929408 genomes  179126 energy   198.8 births 16537672 deaths 16537156 (1343.9s) AMD Radeon AI PRO R9700 (RADV GFX1201)
tick  531000 alive   929226 genomes  181391 energy   198.3 births 16565889 deaths 16566071 (1346.5s) AMD Radeon AI PRO R9700 (RADV GFX1201)
tick  532000 alive   930066 genomes  179981 energy   198.6 births 16613137 deaths 16612297 (1349.0s) AMD Radeon AI PRO R9700 (RADV GFX1201)
tick  533000 alive   927557 genomes  179375 energy   198.4 births 16517515 deaths 16520024 (1351.6s) AMD Radeon AI PRO R9700 (RADV GFX1201)
tick  534000 alive   930600 genomes  178761 energy   198.0 births 16618834 deaths 16615791 (1354.1s) AMD Radeon AI PRO R9700 (RADV GFX1201)
tick  535000 alive   931933 genomes  176696 energy   198.3 births 16678565 deaths 16677232 (1356.6s) AMD Radeon AI PRO R9700 (RADV GFX1201)
tick  536000 alive   933479 genomes  175985 energy   198.3 births 16726336 deaths 16724790 (1359.1s) AMD Radeon AI PRO R9700 (RADV GFX1201)
tick  537000 alive   931086 genomes  175656 energy   198.6 births 16740333 deaths 16742726 (1361.6s) AMD Radeon AI PRO R9700 (RADV GFX1201)
tick  538000 alive   933691 genomes  176719 energy   198.5 births 16692222 deaths 16689617 (1364.2s) AMD Radeon AI PRO R9700 (RADV GFX1201)
tick  539000 alive   932358 genomes  175068 energy   198.9 births 16692674 deaths 16694007 (1366.8s) AMD Radeon AI PRO R9700 (RADV GFX1201)
tick  540000 alive   935117 genomes  176879 energy   198.6 births 16671671 deaths 16668912 (1369.3s) AMD Radeon AI PRO R9700 (RADV GFX1201)
tick  541000 alive   932455 genomes  175161 energy   199.1 births 16707099 deaths 16709761 (1371.8s) AMD Radeon AI PRO R9700 (RADV GFX1201)
tick  542000 alive   935946 genomes  175051 energy   198.9 births 16616539 deaths 16613048 (1374.3s) AMD Radeon AI PRO R9700 (RADV GFX1201)
tick  543000 alive   933046 genomes  175922 energy   198.5 births 16692078 deaths 16694978 (1376.8s) AMD Radeon AI PRO R9700 (RADV GFX1201)
tick  544000 alive   929911 genomes  175485 energy   198.9 births 16641913 deaths 16645048 (1379.5s) AMD Radeon AI PRO R9700 (RADV GFX1201)
tick  545000 alive   931631 genomes  177779 energy   198.2 births 16624572 deaths 16622852 (1382.0s) AMD Radeon AI PRO R9700 (RADV GFX1201)
tick  546000 alive   934783 genomes  177428 energy   198.6 births 16717329 deaths 16714177 (1384.6s) AMD Radeon AI PRO R9700 (RADV GFX1201)
tick  547000 alive   935764 genomes  175248 energy   199.0 births 16767255 deaths 16766274 (1387.2s) AMD Radeon AI PRO R9700 (RADV GFX1201)
tick  548000 alive   935875 genomes  176096 energy   199.1 births 16663965 deaths 16663854 (1389.8s) AMD Radeon AI PRO R9700 (RADV GFX1201)
tick  549000 alive   932911 genomes  177281 energy   198.8 births 16575704 deaths 16578668 (1392.3s) AMD Radeon AI PRO R9700 (RADV GFX1201)
tick  550000 alive   932421 genomes  178616 energy   198.7 births 16629132 deaths 16629622 (1394.9s) AMD Radeon AI PRO R9700 (RADV GFX1201)
tick  551000 alive   927827 genomes  177445 energy   198.8 births 16581445 deaths 16586039 (1397.4s) AMD Radeon AI PRO R9700 (RADV GFX1201)
tick  552000 alive   927848 genomes  177443 energy   198.4 births 16518867 deaths 16518846 (1399.9s) AMD Radeon AI PRO R9700 (RADV GFX1201)
tick  553000 alive   926840 genomes  175336 energy   199.0 births 16561333 deaths 16562341 (1402.4s) AMD Radeon AI PRO R9700 (RADV GFX1201)
tick  554000 alive   931037 genomes  176059 energy   198.4 births 16604679 deaths 16600482 (1404.9s) AMD Radeon AI PRO R9700 (RADV GFX1201)
tick  555000 alive   932581 genomes  174489 energy   198.8 births 16737419 deaths 16735875 (1407.4s) AMD Radeon AI PRO R9700 (RADV GFX1201)
tick  556000 alive   934021 genomes  174652 energy   198.7 births 16688437 deaths 16686997 (1409.9s) AMD Radeon AI PRO R9700 (RADV GFX1201)
tick  557000 alive   930110 genomes  177063 energy   198.7 births 16607822 deaths 16611733 (1412.4s) AMD Radeon AI PRO R9700 (RADV GFX1201)
tick  558000 alive   924194 genomes  178064 energy   198.6 births 16500612 deaths 16506528 (1414.9s) AMD Radeon AI PRO R9700 (RADV GFX1201)
tick  559000 alive   925635 genomes  180689 energy   198.3 births 16529250 deaths 16527809 (1417.4s) AMD Radeon AI PRO R9700 (RADV GFX1201)
tick  560000 alive   927971 genomes  180988 energy   198.3 births 16651401 deaths 16649065 (1420.0s) AMD Radeon AI PRO R9700 (RADV GFX1201)
tick  561000 alive   924051 genomes  181512 energy   198.0 births 16642369 deaths 16646289 (1422.5s) AMD Radeon AI PRO R9700 (RADV GFX1201)
tick  562000 alive   925475 genomes  181600 energy   198.2 births 16570711 deaths 16569287 (1424.9s) AMD Radeon AI PRO R9700 (RADV GFX1201)
tick  563000 alive   928625 genomes  178790 energy   198.0 births 16748938 deaths 16745788 (1427.4s) AMD Radeon AI PRO R9700 (RADV GFX1201)
tick  564000 alive   929534 genomes  177348 energy   198.5 births 16668924 deaths 16668015 (1430.2s) AMD Radeon AI PRO R9700 (RADV GFX1201)
tick  565000 alive   932353 genomes  178754 energy   198.3 births 16691403 deaths 16688584 (1432.8s) AMD Radeon AI PRO R9700 (RADV GFX1201)
tick  566000 alive   932052 genomes  177596 energy   198.5 births 16715108 deaths 16715409 (1435.3s) AMD Radeon AI PRO R9700 (RADV GFX1201)
tick  567000 alive   928425 genomes  177627 energy   198.7 births 16605391 deaths 16609018 (1437.8s) AMD Radeon AI PRO R9700 (RADV GFX1201)
tick  568000 alive   925250 genomes  178674 energy   199.1 births 16559088 deaths 16562263 (1440.3s) AMD Radeon AI PRO R9700 (RADV GFX1201)
tick  569000 alive   925564 genomes  178602 energy   198.7 births 16422608 deaths 16422294 (1442.8s) AMD Radeon AI PRO R9700 (RADV GFX1201)
tick  570000 alive   927752 genomes  177655 energy   198.8 births 16522964 deaths 16520776 (1445.3s) AMD Radeon AI PRO R9700 (RADV GFX1201)
tick  571000 alive   927685 genomes  177604 energy   198.6 births 16481308 deaths 16481375 (1447.8s) AMD Radeon AI PRO R9700 (RADV GFX1201)
tick  572000 alive   929235 genomes  176855 energy   199.3 births 16485831 deaths 16484281 (1450.3s) AMD Radeon AI PRO R9700 (RADV GFX1201)
tick  573000 alive   929529 genomes  178451 energy   199.5 births 16410126 deaths 16409832 (1452.8s) AMD Radeon AI PRO R9700 (RADV GFX1201)
tick  574000 alive   925584 genomes  180079 energy   199.5 births 16317777 deaths 16321722 (1455.3s) AMD Radeon AI PRO R9700 (RADV GFX1201)
tick  575000 alive   922587 genomes  180614 energy   199.1 births 16233079 deaths 16236076 (1457.9s) AMD Radeon AI PRO R9700 (RADV GFX1201)
tick  576000 alive   928088 genomes  179541 energy   198.5 births 16468998 deaths 16463497 (1460.4s) AMD Radeon AI PRO R9700 (RADV GFX1201)
tick  577000 alive   930697 genomes  179388 energy   198.0 births 16653873 deaths 16651264 (1463.1s) AMD Radeon AI PRO R9700 (RADV GFX1201)
tick  578000 alive   933354 genomes  176580 energy   198.4 births 16668272 deaths 16665615 (1465.6s) AMD Radeon AI PRO R9700 (RADV GFX1201)
tick  579000 alive   935916 genomes  175703 energy   198.5 births 16726859 deaths 16724297 (1468.1s) AMD Radeon AI PRO R9700 (RADV GFX1201)
tick  580000 alive   930439 genomes  176839 energy   199.3 births 16603482 deaths 16608959 (1470.6s) AMD Radeon AI PRO R9700 (RADV GFX1201)
tick  581000 alive   926010 genomes  178225 energy   198.8 births 16433201 deaths 16437630 (1473.1s) AMD Radeon AI PRO R9700 (RADV GFX1201)
tick  582000 alive   927463 genomes  180459 energy   198.1 births 16497516 deaths 16496063 (1475.6s) AMD Radeon AI PRO R9700 (RADV GFX1201)
tick  583000 alive   930006 genomes  177689 energy   198.8 births 16636500 deaths 16633957 (1478.1s) AMD Radeon AI PRO R9700 (RADV GFX1201)
tick  584000 alive   932165 genomes  175712 energy   198.3 births 16683742 deaths 16681583 (1480.6s) AMD Radeon AI PRO R9700 (RADV GFX1201)
tick  585000 alive   926915 genomes  175969 energy   199.0 births 16576272 deaths 16581522 (1483.3s) AMD Radeon AI PRO R9700 (RADV GFX1201)
tick  586000 alive   925975 genomes  176757 energy   198.9 births 16411749 deaths 16412689 (1485.8s) AMD Radeon AI PRO R9700 (RADV GFX1201)
tick  587000 alive   933783 genomes  176118 energy   198.4 births 16582022 deaths 16574214 (1488.3s) AMD Radeon AI PRO R9700 (RADV GFX1201)
tick  588000 alive   932146 genomes  176229 energy   199.3 births 16615400 deaths 16617037 (1490.9s) AMD Radeon AI PRO R9700 (RADV GFX1201)
tick  589000 alive   926134 genomes  177454 energy   199.4 births 16421075 deaths 16427087 (1493.3s) AMD Radeon AI PRO R9700 (RADV GFX1201)
tick  590000 alive   925131 genomes  178442 energy   198.7 births 16386665 deaths 16387668 (1495.8s) AMD Radeon AI PRO R9700 (RADV GFX1201)
tick  591000 alive   924951 genomes  178079 energy   198.8 births 16412672 deaths 16412852 (1498.3s) AMD Radeon AI PRO R9700 (RADV GFX1201)
tick  592000 alive   930052 genomes  178850 energy   197.7 births 16619029 deaths 16613928 (1500.9s) AMD Radeon AI PRO R9700 (RADV GFX1201)
tick  593000 alive   934777 genomes  177309 energy   198.3 births 16861278 deaths 16856553 (1503.4s) AMD Radeon AI PRO R9700 (RADV GFX1201)
tick  594000 alive   931446 genomes  175860 energy   198.1 births 16688939 deaths 16692270 (1505.9s) AMD Radeon AI PRO R9700 (RADV GFX1201)
tick  595000 alive   930389 genomes  174354 energy   199.0 births 16705148 deaths 16706205 (1508.6s) AMD Radeon AI PRO R9700 (RADV GFX1201)
tick  596000 alive   930065 genomes  175925 energy   198.6 births 16554097 deaths 16554421 (1511.2s) AMD Radeon AI PRO R9700 (RADV GFX1201)
tick  597000 alive   928592 genomes  177934 energy   197.9 births 16612985 deaths 16614458 (1513.7s) AMD Radeon AI PRO R9700 (RADV GFX1201)
tick  598000 alive   929159 genomes  178277 energy   198.6 births 16622276 deaths 16621709 (1516.2s) AMD Radeon AI PRO R9700 (RADV GFX1201)
tick  599000 alive   928974 genomes  179352 energy   198.4 births 16607249 deaths 16607434 (1518.7s) AMD Radeon AI PRO R9700 (RADV GFX1201)
tick  600000 alive   926218 genomes  180537 energy   198.2 births 16650125 deaths 16652881 (1521.2s) AMD Radeon AI PRO R9700 (RADV GFX1201)
tick  601000 alive   921907 genomes  181118 energy   198.1 births 16611747 deaths 16616058 (1523.7s) AMD Radeon AI PRO R9700 (RADV GFX1201)
tick  602000 alive   924724 genomes  183131 energy   197.7 births 16636570 deaths 16633753 (1526.2s) AMD Radeon AI PRO R9700 (RADV GFX1201)
tick  603000 alive   924437 genomes  182677 energy   196.9 births 16763248 deaths 16763535 (1528.7s) AMD Radeon AI PRO R9700 (RADV GFX1201)
tick  604000 alive   931512 genomes  181077 energy   197.5 births 16918250 deaths 16911175 (1531.2s) AMD Radeon AI PRO R9700 (RADV GFX1201)
tick  605000 alive   930959 genomes  178972 energy   197.9 births 16841252 deaths 16841805 (1533.6s) AMD Radeon AI PRO R9700 (RADV GFX1201)
tick  606000 alive   929656 genomes  178616 energy   198.1 births 16737132 deaths 16738435 (1536.1s) AMD Radeon AI PRO R9700 (RADV GFX1201)
tick  607000 alive   924705 genomes  178887 energy   199.1 births 16554098 deaths 16559049 (1538.6s) AMD Radeon AI PRO R9700 (RADV GFX1201)
tick  608000 alive   925949 genomes  179300 energy   198.7 births 16509203 deaths 16507959 (1541.1s) AMD Radeon AI PRO R9700 (RADV GFX1201)
tick  609000 alive   926042 genomes  178434 energy   198.8 births 16509642 deaths 16509549 (1543.6s) AMD Radeon AI PRO R9700 (RADV GFX1201)
tick  610000 alive   927442 genomes  178376 energy   198.3 births 16558061 deaths 16556661 (1546.2s) AMD Radeon AI PRO R9700 (RADV GFX1201)
tick  611000 alive   927881 genomes  177368 energy   198.4 births 16615965 deaths 16615526 (1548.7s) AMD Radeon AI PRO R9700 (RADV GFX1201)
tick  612000 alive   927641 genomes  178568 energy   198.7 births 16569956 deaths 16570196 (1551.2s) AMD Radeon AI PRO R9700 (RADV GFX1201)
tick  613000 alive   926170 genomes  179863 energy   198.4 births 16553052 deaths 16554523 (1553.7s) AMD Radeon AI PRO R9700 (RADV GFX1201)
tick  614000 alive   925793 genomes  179661 energy   198.3 births 16559469 deaths 16559846 (1556.2s) AMD Radeon AI PRO R9700 (RADV GFX1201)
tick  615000 alive   931187 genomes  181246 energy   197.7 births 16690619 deaths 16685225 (1558.8s) AMD Radeon AI PRO R9700 (RADV GFX1201)
tick  616000 alive   926262 genomes  182166 energy   198.1 births 16742063 deaths 16746988 (1561.3s) AMD Radeon AI PRO R9700 (RADV GFX1201)
tick  617000 alive   924411 genomes  182986 energy   197.6 births 16683256 deaths 16685107 (1563.8s) AMD Radeon AI PRO R9700 (RADV GFX1201)
tick  618000 alive   926333 genomes  182003 energy   197.2 births 16768412 deaths 16766490 (1566.4s) AMD Radeon AI PRO R9700 (RADV GFX1201)
tick  619000 alive   927121 genomes  179623 energy   198.0 births 16778871 deaths 16778083 (1568.9s) AMD Radeon AI PRO R9700 (RADV GFX1201)
tick  620000 alive   929155 genomes  180990 energy   198.3 births 16718689 deaths 16716655 (1571.3s) AMD Radeon AI PRO R9700 (RADV GFX1201)
tick  621000 alive   922140 genomes  183100 energy   198.2 births 16599247 deaths 16606262 (1573.8s) AMD Radeon AI PRO R9700 (RADV GFX1201)
tick  622000 alive   921232 genomes  184487 energy   197.9 births 16586405 deaths 16587313 (1576.3s) AMD Radeon AI PRO R9700 (RADV GFX1201)
tick  623000 alive   921870 genomes  183788 energy   197.4 births 16618463 deaths 16617825 (1578.8s) AMD Radeon AI PRO R9700 (RADV GFX1201)
tick  624000 alive   926765 genomes  183474 energy   197.5 births 16805659 deaths 16800764 (1581.3s) AMD Radeon AI PRO R9700 (RADV GFX1201)
tick  625000 alive   921007 genomes  180976 energy   197.8 births 16674623 deaths 16680381 (1583.9s) AMD Radeon AI PRO R9700 (RADV GFX1201)
tick  626000 alive   921247 genomes  182499 energy   197.6 births 16654655 deaths 16654415 (1586.4s) AMD Radeon AI PRO R9700 (RADV GFX1201)
tick  627000 alive   922499 genomes  181754 energy   197.0 births 16756151 deaths 16754899 (1588.8s) AMD Radeon AI PRO R9700 (RADV GFX1201)
tick  628000 alive   922018 genomes  180462 energy   197.9 births 16764292 deaths 16764773 (1591.3s) AMD Radeon AI PRO R9700 (RADV GFX1201)
tick  629000 alive   925831 genomes  181480 energy   197.8 births 16773261 deaths 16769448 (1593.8s) AMD Radeon AI PRO R9700 (RADV GFX1201)
tick  630000 alive   921259 genomes  181793 energy   197.6 births 16695200 deaths 16699772 (1596.3s) AMD Radeon AI PRO R9700 (RADV GFX1201)
tick  631000 alive   921412 genomes  183429 energy   196.8 births 16722092 deaths 16721939 (1598.9s) AMD Radeon AI PRO R9700 (RADV GFX1201)
tick  632000 alive   927956 genomes  182215 energy   197.2 births 16916783 deaths 16910239 (1601.3s) AMD Radeon AI PRO R9700 (RADV GFX1201)
tick  633000 alive   924575 genomes  180291 energy   197.4 births 16808491 deaths 16811872 (1603.9s) AMD Radeon AI PRO R9700 (RADV GFX1201)
tick  634000 alive   925464 genomes  180410 energy   197.9 births 16774245 deaths 16773356 (1606.4s) AMD Radeon AI PRO R9700 (RADV GFX1201)
tick  635000 alive   926018 genomes  180757 energy   197.9 births 16694518 deaths 16693964 (1609.0s) AMD Radeon AI PRO R9700 (RADV GFX1201)
tick  636000 alive   925475 genomes  183371 energy   197.9 births 16676998 deaths 16677541 (1611.6s) AMD Radeon AI PRO R9700 (RADV GFX1201)
tick  637000 alive   922780 genomes  183842 energy   197.9 births 16743610 deaths 16746305 (1614.1s) AMD Radeon AI PRO R9700 (RADV GFX1201)
tick  638000 alive   923986 genomes  182837 energy   197.6 births 16657295 deaths 16656089 (1616.6s) AMD Radeon AI PRO R9700 (RADV GFX1201)
tick  639000 alive   923510 genomes  183333 energy   197.8 births 16702213 deaths 16702689 (1619.1s) AMD Radeon AI PRO R9700 (RADV GFX1201)
tick  640000 alive   923500 genomes  183356 energy   197.5 births 16706308 deaths 16706318 (1621.6s) AMD Radeon AI PRO R9700 (RADV GFX1201)
tick  641000 alive   927507 genomes  181663 energy   197.1 births 16781386 deaths 16777379 (1624.1s) AMD Radeon AI PRO R9700 (RADV GFX1201)
tick  642000 alive   927712 genomes  180097 energy   197.8 births 16793511 deaths 16793306 (1626.5s) AMD Radeon AI PRO R9700 (RADV GFX1201)
tick  643000 alive   930050 genomes  179836 energy   198.0 births 16815381 deaths 16813043 (1629.0s) AMD Radeon AI PRO R9700 (RADV GFX1201)
tick  644000 alive   925962 genomes  181119 energy   197.8 births 16681749 deaths 16685837 (1631.5s) AMD Radeon AI PRO R9700 (RADV GFX1201)
tick  645000 alive   926425 genomes  182154 energy   198.2 births 16703783 deaths 16703320 (1634.0s) AMD Radeon AI PRO R9700 (RADV GFX1201)
tick  646000 alive   923864 genomes  183603 energy   197.8 births 16644880 deaths 16647441 (1636.4s) AMD Radeon AI PRO R9700 (RADV GFX1201)
tick  647000 alive   923518 genomes  185269 energy   197.3 births 16769569 deaths 16769915 (1638.9s) AMD Radeon AI PRO R9700 (RADV GFX1201)
tick  648000 alive   919979 genomes  184727 energy   197.7 births 16722088 deaths 16725627 (1641.4s) AMD Radeon AI PRO R9700 (RADV GFX1201)
tick  649000 alive   923649 genomes  183256 energy   197.5 births 16705237 deaths 16701567 (1643.9s) AMD Radeon AI PRO R9700 (RADV GFX1201)
tick  650000 alive   924100 genomes  182529 energy   197.5 births 16740076 deaths 16739625 (1646.5s) AMD Radeon AI PRO R9700 (RADV GFX1201)
tick  651000 alive   926127 genomes  182238 energy   197.6 births 16785311 deaths 16783284 (1649.0s) AMD Radeon AI PRO R9700 (RADV GFX1201)
tick  652000 alive   929016 genomes  180767 energy   197.6 births 16800884 deaths 16797995 (1651.5s) AMD Radeon AI PRO R9700 (RADV GFX1201)
tick  653000 alive   928065 genomes  179971 energy   197.9 births 16810116 deaths 16811067 (1653.9s) AMD Radeon AI PRO R9700 (RADV GFX1201)
tick  654000 alive   934607 genomes  179642 energy   197.8 births 16948854 deaths 16942312 (1656.4s) AMD Radeon AI PRO R9700 (RADV GFX1201)
tick  655000 alive   934352 genomes  176811 energy   198.1 births 16968838 deaths 16969093 (1658.9s) AMD Radeon AI PRO R9700 (RADV GFX1201)
tick  656000 alive   928995 genomes  177208 energy   197.8 births 16802084 deaths 16807441 (1661.3s) AMD Radeon AI PRO R9700 (RADV GFX1201)
tick  657000 alive   932287 genomes  176559 energy   197.5 births 16821406 deaths 16818114 (1663.9s) AMD Radeon AI PRO R9700 (RADV GFX1201)
tick  658000 alive   933841 genomes  177140 energy   197.4 births 16958507 deaths 16956953 (1666.5s) AMD Radeon AI PRO R9700 (RADV GFX1201)
tick  659000 alive   931069 genomes  177293 energy   197.8 births 16902720 deaths 16905492 (1669.0s) AMD Radeon AI PRO R9700 (RADV GFX1201)
tick  660000 alive   921986 genomes  177615 energy   197.9 births 16699103 deaths 16708186 (1671.6s) AMD Radeon AI PRO R9700 (RADV GFX1201)
tick  661000 alive   920329 genomes  179483 energy   198.0 births 16558348 deaths 16560005 (1674.2s) AMD Radeon AI PRO R9700 (RADV GFX1201)
tick  662000 alive   923378 genomes  178515 energy   197.3 births 16652986 deaths 16649937 (1676.8s) AMD Radeon AI PRO R9700 (RADV GFX1201)
tick  663000 alive   926056 genomes  178093 energy   197.5 births 16809139 deaths 16806461 (1679.3s) AMD Radeon AI PRO R9700 (RADV GFX1201)
tick  664000 alive   929284 genomes  177720 energy   197.2 births 16894266 deaths 16891038 (1681.9s) AMD Radeon AI PRO R9700 (RADV GFX1201)
tick  665000 alive   931519 genomes  174961 energy   197.2 births 16962589 deaths 16960354 (1684.3s) AMD Radeon AI PRO R9700 (RADV GFX1201)
tick  666000 alive   931099 genomes  176026 energy   197.7 births 16975054 deaths 16975474 (1686.8s) AMD Radeon AI PRO R9700 (RADV GFX1201)
tick  667000 alive   926032 genomes  177857 energy   198.0 births 16828095 deaths 16833162 (1689.3s) AMD Radeon AI PRO R9700 (RADV GFX1201)
tick  668000 alive   921852 genomes  178740 energy   197.7 births 16646417 deaths 16650597 (1691.9s) AMD Radeon AI PRO R9700 (RADV GFX1201)
tick  669000 alive   928154 genomes  178493 energy   197.2 births 16794282 deaths 16787980 (1694.4s) AMD Radeon AI PRO R9700 (RADV GFX1201)
tick  670000 alive   925576 genomes  178692 energy   197.7 births 16804452 deaths 16807030 (1696.9s) AMD Radeon AI PRO R9700 (RADV GFX1201)
tick  671000 alive   924545 genomes  178806 energy   198.2 births 16701988 deaths 16703019 (1699.4s) AMD Radeon AI PRO R9700 (RADV GFX1201)
tick  672000 alive   923900 genomes  180219 energy   197.9 births 16669949 deaths 16670594 (1702.0s) AMD Radeon AI PRO R9700 (RADV GFX1201)
tick  673000 alive   924582 genomes  180491 energy   197.7 births 16665835 deaths 16665153 (1704.5s) AMD Radeon AI PRO R9700 (RADV GFX1201)
tick  674000 alive   927281 genomes  181099 energy   197.8 births 16736906 deaths 16734207 (1707.0s) AMD Radeon AI PRO R9700 (RADV GFX1201)
tick  675000 alive   928083 genomes  179780 energy   197.7 births 16782066 deaths 16781264 (1709.6s) AMD Radeon AI PRO R9700 (RADV GFX1201)
tick  676000 alive   928182 genomes  180549 energy   197.9 births 16784410 deaths 16784311 (1712.2s) AMD Radeon AI PRO R9700 (RADV GFX1201)
tick  677000 alive   923242 genomes  181275 energy   198.0 births 16676431 deaths 16681371 (1714.7s) AMD Radeon AI PRO R9700 (RADV GFX1201)
tick  678000 alive   921110 genomes  181786 energy   198.2 births 16594275 deaths 16596407 (1717.3s) AMD Radeon AI PRO R9700 (RADV GFX1201)
tick  679000 alive   923125 genomes  180601 energy   197.8 births 16644218 deaths 16642203 (1719.8s) AMD Radeon AI PRO R9700 (RADV GFX1201)
tick  680000 alive   927031 genomes  178675 energy   198.2 births 16726081 deaths 16722175 (1722.3s) AMD Radeon AI PRO R9700 (RADV GFX1201)
tick  681000 alive   931481 genomes  176159 energy   197.8 births 16813123 deaths 16808673 (1724.8s) AMD Radeon AI PRO R9700 (RADV GFX1201)
tick  682000 alive   929581 genomes  175105 energy   198.5 births 16785006 deaths 16786906 (1727.3s) AMD Radeon AI PRO R9700 (RADV GFX1201)
tick  683000 alive   931957 genomes  178028 energy   198.3 births 16770698 deaths 16768322 (1729.7s) AMD Radeon AI PRO R9700 (RADV GFX1201)
tick  684000 alive   927027 genomes  179957 energy   198.4 births 16642343 deaths 16647273 (1732.3s) AMD Radeon AI PRO R9700 (RADV GFX1201)
tick  685000 alive   924596 genomes  181527 energy   197.8 births 16559353 deaths 16561784 (1734.9s) AMD Radeon AI PRO R9700 (RADV GFX1201)
tick  686000 alive   923704 genomes  181432 energy   198.3 births 16601532 deaths 16602424 (1737.4s) AMD Radeon AI PRO R9700 (RADV GFX1201)
tick  687000 alive   924462 genomes  179603 energy   198.0 births 16573957 deaths 16573199 (1739.9s) AMD Radeon AI PRO R9700 (RADV GFX1201)
tick  688000 alive   934623 genomes  179352 energy   197.6 births 16847318 deaths 16837157 (1742.4s) AMD Radeon AI PRO R9700 (RADV GFX1201)
tick  689000 alive   927878 genomes  177070 energy   198.5 births 16779622 deaths 16786367 (1744.9s) AMD Radeon AI PRO R9700 (RADV GFX1201)
tick  690000 alive   923759 genomes  177925 energy   198.3 births 16563238 deaths 16567357 (1747.4s) AMD Radeon AI PRO R9700 (RADV GFX1201)
tick  691000 alive   929828 genomes  177626 energy   197.6 births 16708376 deaths 16702307 (1749.9s) AMD Radeon AI PRO R9700 (RADV GFX1201)
tick  692000 alive   925557 genomes  178631 energy   198.5 births 16709471 deaths 16713742 (1752.4s) AMD Radeon AI PRO R9700 (RADV GFX1201)
tick  693000 alive   919699 genomes  182018 energy   198.2 births 16478728 deaths 16484586 (1754.9s) AMD Radeon AI PRO R9700 (RADV GFX1201)
tick  694000 alive   922608 genomes  181907 energy   197.8 births 16594093 deaths 16591184 (1757.4s) AMD Radeon AI PRO R9700 (RADV GFX1201)
tick  695000 alive   923406 genomes  181601 energy   197.8 births 16590344 deaths 16589546 (1759.8s) AMD Radeon AI PRO R9700 (RADV GFX1201)
tick  696000 alive   918800 genomes  183633 energy   198.5 births 16499220 deaths 16503826 (1762.3s) AMD Radeon AI PRO R9700 (RADV GFX1201)
tick  697000 alive   913040 genomes  183323 energy   198.1 births 16323551 deaths 16329311 (1764.9s) AMD Radeon AI PRO R9700 (RADV GFX1201)
tick  698000 alive   919129 genomes  183907 energy   198.0 births 16489630 deaths 16483541 (1767.4s) AMD Radeon AI PRO R9700 (RADV GFX1201)
tick  699000 alive   924737 genomes  182803 energy   197.5 births 16643075 deaths 16637467 (1769.9s) AMD Radeon AI PRO R9700 (RADV GFX1201)
tick  700000 alive   924778 genomes  181650 energy   197.9 births 16652877 deaths 16652836 (1772.4s) AMD Radeon AI PRO R9700 (RADV GFX1201)
tick  701000 alive   920049 genomes  181201 energy   198.5 births 16537853 deaths 16542582 (1774.9s) AMD Radeon AI PRO R9700 (RADV GFX1201)
tick  702000 alive   925374 genomes  182602 energy   197.5 births 16567280 deaths 16561955 (1777.4s) AMD Radeon AI PRO R9700 (RADV GFX1201)
tick  703000 alive   924072 genomes  181078 energy   197.4 births 16708649 deaths 16709951 (1779.9s) AMD Radeon AI PRO R9700 (RADV GFX1201)
tick  704000 alive   924009 genomes  180799 energy   197.6 births 16799818 deaths 16799881 (1782.5s) AMD Radeon AI PRO R9700 (RADV GFX1201)
tick  705000 alive   924788 genomes  180750 energy   197.6 births 16769362 deaths 16768583 (1785.0s) AMD Radeon AI PRO R9700 (RADV GFX1201)
tick  706000 alive   924371 genomes  184255 energy   198.0 births 16749490 deaths 16749907 (1787.6s) AMD Radeon AI PRO R9700 (RADV GFX1201)
tick  707000 alive   922466 genomes  181654 energy   197.6 births 16696172 deaths 16698077 (1790.1s) AMD Radeon AI PRO R9700 (RADV GFX1201)
tick  708000 alive   928506 genomes  182293 energy   197.3 births 16783056 deaths 16777016 (1792.7s) AMD Radeon AI PRO R9700 (RADV GFX1201)
tick  709000 alive   923859 genomes  181162 energy   197.8 births 16760098 deaths 16764745 (1795.2s) AMD Radeon AI PRO R9700 (RADV GFX1201)
tick  710000 alive   922483 genomes  183850 energy   197.9 births 16642020 deaths 16643396 (1797.7s) AMD Radeon AI PRO R9700 (RADV GFX1201)
tick  711000 alive   922423 genomes  185212 energy   197.7 births 16594303 deaths 16594363 (1800.2s) AMD Radeon AI PRO R9700 (RADV GFX1201)
tick  712000 alive   926415 genomes  184117 energy   197.2 births 16821268 deaths 16817276 (1802.8s) AMD Radeon AI PRO R9700 (RADV GFX1201)
tick  713000 alive   930571 genomes  180611 energy   197.7 births 16870429 deaths 16866273 (1805.4s) AMD Radeon AI PRO R9700 (RADV GFX1201)
tick  714000 alive   928042 genomes  181015 energy   198.5 births 16729928 deaths 16732457 (1807.9s) AMD Radeon AI PRO R9700 (RADV GFX1201)
tick  715000 alive   926169 genomes  179872 energy   198.6 births 16578539 deaths 16580412 (1810.4s) AMD Radeon AI PRO R9700 (RADV GFX1201)
tick  716000 alive   924766 genomes  181217 energy   198.8 births 16528877 deaths 16530280 (1813.0s) AMD Radeon AI PRO R9700 (RADV GFX1201)
tick  717000 alive   920205 genomes  183718 energy   198.4 births 16443384 deaths 16447945 (1815.5s) AMD Radeon AI PRO R9700 (RADV GFX1201)
tick  718000 alive   922955 genomes  185452 energy   198.1 births 16512058 deaths 16509308 (1818.0s) AMD Radeon AI PRO R9700 (RADV GFX1201)
tick  719000 alive   927557 genomes  184900 energy   197.8 births 16698058 deaths 16693456 (1820.5s) AMD Radeon AI PRO R9700 (RADV GFX1201)
tick  720000 alive   922240 genomes  185246 energy   198.3 births 16659362 deaths 16664679 (1823.0s) AMD Radeon AI PRO R9700 (RADV GFX1201)
tick  721000 alive   925829 genomes  185201 energy   197.7 births 16639922 deaths 16636333 (1825.6s) AMD Radeon AI PRO R9700 (RADV GFX1201)
tick  722000 alive   930199 genomes  183470 energy   197.8 births 16825824 deaths 16821454 (1828.0s) AMD Radeon AI PRO R9700 (RADV GFX1201)
tick  723000 alive   927158 genomes  181246 energy   197.9 births 16805622 deaths 16808663 (1830.5s) AMD Radeon AI PRO R9700 (RADV GFX1201)
tick  724000 alive   932013 genomes  181022 energy   197.1 births 16854891 deaths 16850036 (1833.1s) AMD Radeon AI PRO R9700 (RADV GFX1201)
tick  725000 alive   929271 genomes  179123 energy   198.2 births 16800925 deaths 16803667 (1835.6s) AMD Radeon AI PRO R9700 (RADV GFX1201)
tick  726000 alive   928659 genomes  180610 energy   198.2 births 16662684 deaths 16663296 (1838.1s) AMD Radeon AI PRO R9700 (RADV GFX1201)
tick  727000 alive   925895 genomes  181625 energy   198.2 births 16611828 deaths 16614592 (1840.7s) AMD Radeon AI PRO R9700 (RADV GFX1201)
tick  728000 alive   928157 genomes  182433 energy   197.6 births 16703228 deaths 16700966 (1843.2s) AMD Radeon AI PRO R9700 (RADV GFX1201)
tick  729000 alive   928245 genomes  181762 energy   197.7 births 16823236 deaths 16823148 (1845.7s) AMD Radeon AI PRO R9700 (RADV GFX1201)
tick  730000 alive   930293 genomes  180456 energy   197.4 births 16817072 deaths 16815024 (1848.3s) AMD Radeon AI PRO R9700 (RADV GFX1201)
tick  731000 alive   925234 genomes  181327 energy   198.1 births 16818135 deaths 16823194 (1850.8s) AMD Radeon AI PRO R9700 (RADV GFX1201)
tick  732000 alive   921063 genomes  181940 energy   198.0 births 16601298 deaths 16605469 (1853.3s) AMD Radeon AI PRO R9700 (RADV GFX1201)
tick  733000 alive   928322 genomes  179606 energy   197.4 births 16765576 deaths 16758317 (1855.9s) AMD Radeon AI PRO R9700 (RADV GFX1201)
tick  734000 alive   934015 genomes  176932 energy   197.6 births 16948901 deaths 16943208 (1858.4s) AMD Radeon AI PRO R9700 (RADV GFX1201)
tick  735000 alive   933464 genomes  175342 energy   198.4 births 16883218 deaths 16883769 (1860.9s) AMD Radeon AI PRO R9700 (RADV GFX1201)
tick  736000 alive   929740 genomes  176587 energy   198.5 births 16684028 deaths 16687752 (1863.3s) AMD Radeon AI PRO R9700 (RADV GFX1201)
tick  737000 alive   930604 genomes  177270 energy   198.5 births 16616534 deaths 16615670 (1865.8s) AMD Radeon AI PRO R9700 (RADV GFX1201)
tick  738000 alive   929305 genomes  179514 energy   198.6 births 16588447 deaths 16589746 (1868.4s) AMD Radeon AI PRO R9700 (RADV GFX1201)
tick  739000 alive   931620 genomes  179449 energy   198.3 births 16683098 deaths 16680783 (1870.9s) AMD Radeon AI PRO R9700 (RADV GFX1201)
tick  740000 alive   931822 genomes  177530 energy   198.5 births 16752749 deaths 16752547 (1873.5s) AMD Radeon AI PRO R9700 (RADV GFX1201)
tick  741000 alive   932951 genomes  177959 energy   198.0 births 16717246 deaths 16716117 (1876.0s) AMD Radeon AI PRO R9700 (RADV GFX1201)
tick  742000 alive   930208 genomes  179437 energy   198.6 births 16727740 deaths 16730483 (1878.6s) AMD Radeon AI PRO R9700 (RADV GFX1201)
tick  743000 alive   929482 genomes  180640 energy   198.4 births 16662725 deaths 16663451 (1881.4s) AMD Radeon AI PRO R9700 (RADV GFX1201)
tick  744000 alive   928489 genomes  178829 energy   198.5 births 16679856 deaths 16680849 (1884.0s) AMD Radeon AI PRO R9700 (RADV GFX1201)
tick  745000 alive   926118 genomes  179442 energy   198.6 births 16629410 deaths 16631781 (1886.6s) AMD Radeon AI PRO R9700 (RADV GFX1201)
tick  746000 alive   925257 genomes  180687 energy   198.0 births 16607581 deaths 16608442 (1889.1s) AMD Radeon AI PRO R9700 (RADV GFX1201)
tick  747000 alive   925909 genomes  180913 energy   197.7 births 16656199 deaths 16655547 (1891.6s) AMD Radeon AI PRO R9700 (RADV GFX1201)
tick  748000 alive   931738 genomes  178416 energy   198.4 births 16766943 deaths 16761114 (1894.2s) AMD Radeon AI PRO R9700 (RADV GFX1201)
tick  749000 alive   931279 genomes  179207 energy   198.4 births 16701450 deaths 16701909 (1896.7s) AMD Radeon AI PRO R9700 (RADV GFX1201)
tick  750000 alive   932130 genomes  179445 energy   198.3 births 16708735 deaths 16707884 (1899.4s) AMD Radeon AI PRO R9700 (RADV GFX1201)
tick  751000 alive   932327 genomes  178905 energy   198.6 births 16747759 deaths 16747562 (1901.9s) AMD Radeon AI PRO R9700 (RADV GFX1201)
tick  752000 alive   929955 genomes  177885 energy   198.2 births 16665155 deaths 16667527 (1904.5s) AMD Radeon AI PRO R9700 (RADV GFX1201)
tick  753000 alive   934309 genomes  176034 energy   198.3 births 16704948 deaths 16700594 (1907.0s) AMD Radeon AI PRO R9700 (RADV GFX1201)
tick  754000 alive   934713 genomes  176019 energy   198.7 births 16736655 deaths 16736251 (1909.4s) AMD Radeon AI PRO R9700 (RADV GFX1201)
tick  755000 alive   929481 genomes  178657 energy   198.9 births 16584687 deaths 16589919 (1911.9s) AMD Radeon AI PRO R9700 (RADV GFX1201)
tick  756000 alive   931848 genomes  180429 energy   198.5 births 16568985 deaths 16566618 (1914.5s) AMD Radeon AI PRO R9700 (RADV GFX1201)
tick  757000 alive   928941 genomes  177262 energy   199.3 births 16541529 deaths 16544436 (1917.0s) AMD Radeon AI PRO R9700 (RADV GFX1201)
tick  758000 alive   931900 genomes  178491 energy   199.1 births 16558362 deaths 16555403 (1919.5s) AMD Radeon AI PRO R9700 (RADV GFX1201)
tick  759000 alive   931156 genomes  179184 energy   199.0 births 16612305 deaths 16613049 (1922.0s) AMD Radeon AI PRO R9700 (RADV GFX1201)
tick  760000 alive   933479 genomes  180766 energy   198.1 births 16659290 deaths 16656967 (1924.6s) AMD Radeon AI PRO R9700 (RADV GFX1201)
tick  761000 alive   934256 genomes  180000 energy   198.2 births 16751026 deaths 16750249 (1927.1s) AMD Radeon AI PRO R9700 (RADV GFX1201)
tick  762000 alive   928182 genomes  180645 energy   198.9 births 16614529 deaths 16620603 (1929.6s) AMD Radeon AI PRO R9700 (RADV GFX1201)
tick  763000 alive   929094 genomes  181655 energy   198.4 births 16605672 deaths 16604760 (1932.1s) AMD Radeon AI PRO R9700 (RADV GFX1201)
tick  764000 alive   928403 genomes  181105 energy   198.1 births 16660006 deaths 16660697 (1934.6s) AMD Radeon AI PRO R9700 (RADV GFX1201)
tick  765000 alive   933566 genomes  180698 energy   197.9 births 16813547 deaths 16808384 (1937.4s) AMD Radeon AI PRO R9700 (RADV GFX1201)
tick  766000 alive   929959 genomes  179225 energy   198.5 births 16734177 deaths 16737784 (1940.0s) AMD Radeon AI PRO R9700 (RADV GFX1201)
tick  767000 alive   929852 genomes  180522 energy   198.2 births 16650876 deaths 16650983 (1942.5s) AMD Radeon AI PRO R9700 (RADV GFX1201)
tick  768000 alive   933083 genomes  182553 energy   198.1 births 16858137 deaths 16854906 (1945.0s) AMD Radeon AI PRO R9700 (RADV GFX1201)
tick  769000 alive   927856 genomes  181752 energy   198.0 births 16727943 deaths 16733170 (1947.5s) AMD Radeon AI PRO R9700 (RADV GFX1201)
tick  770000 alive   928446 genomes  182259 energy   198.2 births 16721033 deaths 16720443 (1950.1s) AMD Radeon AI PRO R9700 (RADV GFX1201)
tick  771000 alive   933230 genomes  179790 energy   197.8 births 16825802 deaths 16821018 (1952.6s) AMD Radeon AI PRO R9700 (RADV GFX1201)
tick  772000 alive   934533 genomes  177738 energy   197.8 births 16908103 deaths 16906800 (1955.1s) AMD Radeon AI PRO R9700 (RADV GFX1201)
tick  773000 alive   934357 genomes  176127 energy   198.6 births 16916785 deaths 16916961 (1957.6s) AMD Radeon AI PRO R9700 (RADV GFX1201)
tick  774000 alive   934335 genomes  174654 energy   198.5 births 16723013 deaths 16723035 (1960.1s) AMD Radeon AI PRO R9700 (RADV GFX1201)
tick  775000 alive   933621 genomes  172876 energy   198.5 births 16758879 deaths 16759593 (1962.6s) AMD Radeon AI PRO R9700 (RADV GFX1201)
tick  776000 alive   934799 genomes  173787 energy   199.0 births 16686838 deaths 16685660 (1965.1s) AMD Radeon AI PRO R9700 (RADV GFX1201)
tick  777000 alive   933976 genomes  174015 energy   198.4 births 16678388 deaths 16679211 (1967.8s) AMD Radeon AI PRO R9700 (RADV GFX1201)
tick  778000 alive   933414 genomes  175776 energy   198.6 births 16730075 deaths 16730637 (1970.4s) AMD Radeon AI PRO R9700 (RADV GFX1201)
tick  779000 alive   933427 genomes  176183 energy   198.4 births 16736743 deaths 16736730 (1972.9s) AMD Radeon AI PRO R9700 (RADV GFX1201)
tick  780000 alive   934409 genomes  175919 energy   198.5 births 16717266 deaths 16716284 (1975.4s) AMD Radeon AI PRO R9700 (RADV GFX1201)
tick  781000 alive   933749 genomes  175780 energy   198.3 births 16787889 deaths 16788549 (1977.9s) AMD Radeon AI PRO R9700 (RADV GFX1201)
tick  782000 alive   933510 genomes  174470 energy   198.3 births 16795953 deaths 16796192 (1980.5s) AMD Radeon AI PRO R9700 (RADV GFX1201)
tick  783000 alive   931847 genomes  176374 energy   198.3 births 16767592 deaths 16769255 (1983.0s) AMD Radeon AI PRO R9700 (RADV GFX1201)
tick  784000 alive   932322 genomes  178135 energy   198.2 births 16710467 deaths 16709992 (1985.5s) AMD Radeon AI PRO R9700 (RADV GFX1201)
tick  785000 alive   932853 genomes  178073 energy   198.4 births 16791014 deaths 16790483 (1988.0s) AMD Radeon AI PRO R9700 (RADV GFX1201)
tick  786000 alive   934573 genomes  177763 energy   198.1 births 16855958 deaths 16854238 (1990.4s) AMD Radeon AI PRO R9700 (RADV GFX1201)
tick  787000 alive   932095 genomes  177695 energy   198.3 births 16764612 deaths 16767090 (1993.0s) AMD Radeon AI PRO R9700 (RADV GFX1201)
tick  788000 alive   933143 genomes  179541 energy   198.3 births 16744024 deaths 16742976 (1995.6s) AMD Radeon AI PRO R9700 (RADV GFX1201)
tick  789000 alive   930883 genomes  180570 energy   198.1 births 16797912 deaths 16800172 (1998.2s) AMD Radeon AI PRO R9700 (RADV GFX1201)
tick  790000 alive   929518 genomes  181683 energy   198.3 births 16715672 deaths 16717037 (2000.7s) AMD Radeon AI PRO R9700 (RADV GFX1201)
tick  791000 alive   931411 genomes  181431 energy   197.7 births 16822322 deaths 16820429 (2003.1s) AMD Radeon AI PRO R9700 (RADV GFX1201)
tick  792000 alive   934278 genomes  180164 energy   197.7 births 16853012 deaths 16850145 (2005.7s) AMD Radeon AI PRO R9700 (RADV GFX1201)
tick  793000 alive   932249 genomes  178619 energy   198.1 births 16820280 deaths 16822309 (2008.2s) AMD Radeon AI PRO R9700 (RADV GFX1201)
tick  794000 alive   930226 genomes  177654 energy   198.8 births 16716403 deaths 16718426 (2010.7s) AMD Radeon AI PRO R9700 (RADV GFX1201)
tick  795000 alive   932396 genomes  177322 energy   198.4 births 16703288 deaths 16701118 (2013.3s) AMD Radeon AI PRO R9700 (RADV GFX1201)
tick  796000 alive   934661 genomes  178814 energy   198.1 births 16782947 deaths 16780682 (2015.8s) AMD Radeon AI PRO R9700 (RADV GFX1201)
tick  797000 alive   932316 genomes  179747 energy   198.6 births 16778861 deaths 16781206 (2018.3s) AMD Radeon AI PRO R9700 (RADV GFX1201)
tick  798000 alive   933332 genomes  180353 energy   198.5 births 16713921 deaths 16712905 (2020.7s) AMD Radeon AI PRO R9700 (RADV GFX1201)
tick  799000 alive   934274 genomes  178602 energy   198.1 births 16860438 deaths 16859496 (2023.2s) AMD Radeon AI PRO R9700 (RADV GFX1201)
tick  800000 alive   938235 genomes  177891 energy   198.1 births 16932023 deaths 16928062 (2025.7s) AMD Radeon AI PRO R9700 (RADV GFX1201)
tick  801000 alive   932809 genomes  178515 energy   198.5 births 16792743 deaths 16798169 (2028.2s) AMD Radeon AI PRO R9700 (RADV GFX1201)
tick  802000 alive   934433 genomes  179112 energy   199.0 births 16720430 deaths 16718806 (2030.8s) AMD Radeon AI PRO R9700 (RADV GFX1201)
tick  803000 alive   934547 genomes  179152 energy   198.5 births 16800520 deaths 16800406 (2033.3s) AMD Radeon AI PRO R9700 (RADV GFX1201)
tick  804000 alive   935461 genomes  180366 energy   198.3 births 16782120 deaths 16781206 (2035.8s) AMD Radeon AI PRO R9700 (RADV GFX1201)
tick  805000 alive   930950 genomes  179275 energy   198.5 births 16697318 deaths 16701829 (2038.3s) AMD Radeon AI PRO R9700 (RADV GFX1201)
tick  806000 alive   930214 genomes  178107 energy   198.4 births 16707536 deaths 16708272 (2040.9s) AMD Radeon AI PRO R9700 (RADV GFX1201)
tick  807000 alive   934796 genomes  177620 energy   198.4 births 16760825 deaths 16756243 (2043.5s) AMD Radeon AI PRO R9700 (RADV GFX1201)
tick  808000 alive   933621 genomes  176545 energy   198.1 births 16805403 deaths 16806578 (2046.0s) AMD Radeon AI PRO R9700 (RADV GFX1201)
tick  809000 alive   934413 genomes  174387 energy   198.3 births 16828510 deaths 16827718 (2048.5s) AMD Radeon AI PRO R9700 (RADV GFX1201)
tick  810000 alive   935621 genomes  175092 energy   198.4 births 16856211 deaths 16855003 (2051.0s) AMD Radeon AI PRO R9700 (RADV GFX1201)
tick  811000 alive   933553 genomes  174654 energy   198.4 births 16793707 deaths 16795775 (2053.5s) AMD Radeon AI PRO R9700 (RADV GFX1201)
tick  812000 alive   931573 genomes  175283 energy   198.7 births 16735263 deaths 16737243 (2056.0s) AMD Radeon AI PRO R9700 (RADV GFX1201)
tick  813000 alive   934552 genomes  176368 energy   198.2 births 16760453 deaths 16757474 (2058.6s) AMD Radeon AI PRO R9700 (RADV GFX1201)
tick  814000 alive   936001 genomes  176685 energy   198.3 births 16898386 deaths 16896937 (2061.2s) AMD Radeon AI PRO R9700 (RADV GFX1201)
tick  815000 alive   935520 genomes  175185 energy   198.0 births 16879977 deaths 16880458 (2063.7s) AMD Radeon AI PRO R9700 (RADV GFX1201)
tick  816000 alive   940260 genomes  173919 energy   197.9 births 16956393 deaths 16951653 (2066.3s) AMD Radeon AI PRO R9700 (RADV GFX1201)
tick  817000 alive   937290 genomes  172148 energy   198.6 births 16901160 deaths 16904130 (2068.8s) AMD Radeon AI PRO R9700 (RADV GFX1201)
tick  818000 alive   937407 genomes  172416 energy   198.5 births 16731701 deaths 16731584 (2071.3s) AMD Radeon AI PRO R9700 (RADV GFX1201)
tick  819000 alive   934393 genomes  173869 energy   198.4 births 16782097 deaths 16785111 (2073.8s) AMD Radeon AI PRO R9700 (RADV GFX1201)
tick  820000 alive   936754 genomes  174132 energy   198.1 births 16858336 deaths 16855975 (2076.3s) AMD Radeon AI PRO R9700 (RADV GFX1201)
tick  821000 alive   936530 genomes  174035 energy   198.4 births 16828069 deaths 16828293 (2078.8s) AMD Radeon AI PRO R9700 (RADV GFX1201)
tick  822000 alive   931083 genomes  175043 energy   198.5 births 16760534 deaths 16765981 (2081.3s) AMD Radeon AI PRO R9700 (RADV GFX1201)
tick  823000 alive   931167 genomes  174935 energy   197.6 births 16793144 deaths 16793060 (2083.9s) AMD Radeon AI PRO R9700 (RADV GFX1201)
tick  824000 alive   934638 genomes  175190 energy   198.4 births 16884241 deaths 16880770 (2086.4s) AMD Radeon AI PRO R9700 (RADV GFX1201)
tick  825000 alive   932610 genomes  177355 energy   198.3 births 16733436 deaths 16735464 (2088.9s) AMD Radeon AI PRO R9700 (RADV GFX1201)
tick  826000 alive   931688 genomes  179427 energy   198.2 births 16693294 deaths 16694216 (2091.4s) AMD Radeon AI PRO R9700 (RADV GFX1201)
tick  827000 alive   931300 genomes  180083 energy   198.9 births 16693722 deaths 16694110 (2093.9s) AMD Radeon AI PRO R9700 (RADV GFX1201)
tick  828000 alive   934993 genomes  178918 energy   198.8 births 16719361 deaths 16715668 (2096.4s) AMD Radeon AI PRO R9700 (RADV GFX1201)
tick  829000 alive   934669 genomes  177434 energy   198.3 births 16797721 deaths 16798045 (2098.9s) AMD Radeon AI PRO R9700 (RADV GFX1201)
tick  830000 alive   931467 genomes  176081 energy   198.6 births 16682739 deaths 16685941 (2101.4s) AMD Radeon AI PRO R9700 (RADV GFX1201)
tick  831000 alive   932683 genomes  176905 energy   198.7 births 16666339 deaths 16665123 (2103.9s) AMD Radeon AI PRO R9700 (RADV GFX1201)
tick  832000 alive   936171 genomes  177627 energy   199.2 births 16743600 deaths 16740112 (2106.4s) AMD Radeon AI PRO R9700 (RADV GFX1201)
tick  833000 alive   935003 genomes  179049 energy   198.5 births 16697363 deaths 16698531 (2108.9s) AMD Radeon AI PRO R9700 (RADV GFX1201)
tick  834000 alive   933118 genomes  179666 energy   198.8 births 16714648 deaths 16716533 (2111.4s) AMD Radeon AI PRO R9700 (RADV GFX1201)
tick  835000 alive   933247 genomes  179903 energy   198.6 births 16724155 deaths 16724026 (2114.0s) AMD Radeon AI PRO R9700 (RADV GFX1201)
tick  836000 alive   935515 genomes  181083 energy   198.1 births 16825937 deaths 16823669 (2116.6s) AMD Radeon AI PRO R9700 (RADV GFX1201)
tick  837000 alive   934798 genomes  180018 energy   198.2 births 16811726 deaths 16812443 (2119.1s) AMD Radeon AI PRO R9700 (RADV GFX1201)
tick  838000 alive   939748 genomes  179629 energy   198.2 births 16893331 deaths 16888381 (2121.6s) AMD Radeon AI PRO R9700 (RADV GFX1201)
tick  839000 alive   939981 genomes  178385 energy   198.6 births 16885174 deaths 16884941 (2124.2s) AMD Radeon AI PRO R9700 (RADV GFX1201)
tick  840000 alive   936454 genomes  180782 energy   198.8 births 16794441 deaths 16797968 (2126.8s) AMD Radeon AI PRO R9700 (RADV GFX1201)
tick  841000 alive   931495 genomes  182015 energy   199.2 births 16636400 deaths 16641359 (2129.3s) AMD Radeon AI PRO R9700 (RADV GFX1201)
tick  842000 alive   928192 genomes  184063 energy   199.0 births 16489092 deaths 16492395 (2131.8s) AMD Radeon AI PRO R9700 (RADV GFX1201)
tick  843000 alive   930713 genomes  184578 energy   198.6 births 16594451 deaths 16591930 (2134.3s) AMD Radeon AI PRO R9700 (RADV GFX1201)
tick  844000 alive   926765 genomes  184215 energy   198.9 births 16556915 deaths 16560863 (2136.8s) AMD Radeon AI PRO R9700 (RADV GFX1201)
tick  845000 alive   929842 genomes  183026 energy   198.4 births 16571640 deaths 16568563 (2139.5s) AMD Radeon AI PRO R9700 (RADV GFX1201)
tick  846000 alive   930690 genomes  182494 energy   198.8 births 16612621 deaths 16611773 (2142.0s) AMD Radeon AI PRO R9700 (RADV GFX1201)
tick  847000 alive   930164 genomes  181138 energy   199.2 births 16598627 deaths 16599153 (2144.5s) AMD Radeon AI PRO R9700 (RADV GFX1201)
tick  848000 alive   929178 genomes  180228 energy   198.4 births 16570163 deaths 16571149 (2147.1s) AMD Radeon AI PRO R9700 (RADV GFX1201)
tick  849000 alive   927919 genomes  180285 energy   198.8 births 16561532 deaths 16562791 (2149.6s) AMD Radeon AI PRO R9700 (RADV GFX1201)
tick  850000 alive   930103 genomes  181317 energy   198.4 births 16553244 deaths 16551060 (2152.1s) AMD Radeon AI PRO R9700 (RADV GFX1201)
tick  851000 alive   926907 genomes  180300 energy   198.7 births 16562753 deaths 16565949 (2154.6s) AMD Radeon AI PRO R9700 (RADV GFX1201)
tick  852000 alive   931168 genomes  178689 energy   198.4 births 16586202 deaths 16581941 (2157.4s) AMD Radeon AI PRO R9700 (RADV GFX1201)
tick  853000 alive   932609 genomes  177309 energy   198.3 births 16674003 deaths 16672562 (2159.9s) AMD Radeon AI PRO R9700 (RADV GFX1201)
tick  854000 alive   933717 genomes  176393 energy   198.8 births 16703196 deaths 16702088 (2162.5s) AMD Radeon AI PRO R9700 (RADV GFX1201)
tick  855000 alive   929297 genomes  178032 energy   198.6 births 16635912 deaths 16640332 (2165.0s) AMD Radeon AI PRO R9700 (RADV GFX1201)
tick  856000 alive   928773 genomes  179516 energy   198.9 births 16589292 deaths 16589816 (2167.5s) AMD Radeon AI PRO R9700 (RADV GFX1201)
tick  857000 alive   929162 genomes  179009 energy   198.5 births 16498821 deaths 16498432 (2170.1s) AMD Radeon AI PRO R9700 (RADV GFX1201)
tick  858000 alive   932966 genomes  179035 energy   198.5 births 16634533 deaths 16630729 (2172.6s) AMD Radeon AI PRO R9700 (RADV GFX1201)
tick  859000 alive   932823 genomes  177559 energy   198.9 births 16669044 deaths 16669187 (2175.1s) AMD Radeon AI PRO R9700 (RADV GFX1201)
tick  860000 alive   929717 genomes  176554 energy   199.0 births 16589585 deaths 16592691 (2177.6s) AMD Radeon AI PRO R9700 (RADV GFX1201)
tick  861000 alive   933880 genomes  177791 energy   198.6 births 16544399 deaths 16540236 (2180.2s) AMD Radeon AI PRO R9700 (RADV GFX1201)
tick  862000 alive   935355 genomes  178552 energy   198.4 births 16780146 deaths 16778671 (2182.8s) AMD Radeon AI PRO R9700 (RADV GFX1201)
tick  863000 alive   934456 genomes  176546 energy   198.6 births 16754331 deaths 16755230 (2185.3s) AMD Radeon AI PRO R9700 (RADV GFX1201)
tick  864000 alive   935337 genomes  177428 energy   198.4 births 16725483 deaths 16724602 (2187.8s) AMD Radeon AI PRO R9700 (RADV GFX1201)
tick  865000 alive   931307 genomes  177546 energy   198.8 births 16698443 deaths 16702473 (2190.3s) AMD Radeon AI PRO R9700 (RADV GFX1201)
tick  866000 alive   933160 genomes  179235 energy   198.7 births 16683746 deaths 16681893 (2192.8s) AMD Radeon AI PRO R9700 (RADV GFX1201)
tick  867000 alive   931073 genomes  181041 energy   198.5 births 16650940 deaths 16653027 (2195.4s) AMD Radeon AI PRO R9700 (RADV GFX1201)
tick  868000 alive   928739 genomes  181418 energy   198.7 births 16590032 deaths 16592366 (2197.9s) AMD Radeon AI PRO R9700 (RADV GFX1201)
tick  869000 alive   932923 genomes  180146 energy   198.1 births 16697408 deaths 16693224 (2200.4s) AMD Radeon AI PRO R9700 (RADV GFX1201)
tick  870000 alive   932381 genomes  180834 energy   197.6 births 16770532 deaths 16771074 (2202.9s) AMD Radeon AI PRO R9700 (RADV GFX1201)
tick  871000 alive   930108 genomes  180666 energy   197.7 births 16817075 deaths 16819348 (2205.4s) AMD Radeon AI PRO R9700 (RADV GFX1201)
tick  872000 alive   931812 genomes  180394 energy   197.7 births 16860591 deaths 16858887 (2207.9s) AMD Radeon AI PRO R9700 (RADV GFX1201)
tick  873000 alive   933864 genomes  177933 energy   197.6 births 16926738 deaths 16924686 (2210.4s) AMD Radeon AI PRO R9700 (RADV GFX1201)
tick  874000 alive   935630 genomes  175899 energy   198.0 births 17009573 deaths 17007807 (2212.9s) AMD Radeon AI PRO R9700 (RADV GFX1201)
tick  875000 alive   933848 genomes  177049 energy   198.1 births 16862826 deaths 16864608 (2215.4s) AMD Radeon AI PRO R9700 (RADV GFX1201)
tick  876000 alive   930666 genomes  178101 energy   198.1 births 16779298 deaths 16782480 (2218.0s) AMD Radeon AI PRO R9700 (RADV GFX1201)
tick  877000 alive   928108 genomes  178940 energy   198.5 births 16680268 deaths 16682826 (2220.5s) AMD Radeon AI PRO R9700 (RADV GFX1201)
tick  878000 alive   930940 genomes  178666 energy   198.4 births 16728280 deaths 16725448 (2223.1s) AMD Radeon AI PRO R9700 (RADV GFX1201)
tick  879000 alive   929497 genomes  176705 energy   197.9 births 16724855 deaths 16726298 (2225.6s) AMD Radeon AI PRO R9700 (RADV GFX1201)
tick  880000 alive   934874 genomes  177799 energy   198.1 births 16804306 deaths 16798929 (2228.0s) AMD Radeon AI PRO R9700 (RADV GFX1201)
tick  881000 alive   935560 genomes  176867 energy   197.8 births 16959149 deaths 16958463 (2230.5s) AMD Radeon AI PRO R9700 (RADV GFX1201)
tick  882000 alive   937095 genomes  176362 energy   197.9 births 16936939 deaths 16935404 (2233.0s) AMD Radeon AI PRO R9700 (RADV GFX1201)
tick  883000 alive   934095 genomes  176781 energy   198.4 births 16876377 deaths 16879377 (2235.5s) AMD Radeon AI PRO R9700 (RADV GFX1201)
tick  884000 alive   932803 genomes  177675 energy   198.0 births 16803981 deaths 16805273 (2238.0s) AMD Radeon AI PRO R9700 (RADV GFX1201)
tick  885000 alive   931932 genomes  179344 energy   197.5 births 16838337 deaths 16839208 (2240.7s) AMD Radeon AI PRO R9700 (RADV GFX1201)
tick  886000 alive   930259 genomes  180642 energy   197.6 births 16797604 deaths 16799277 (2243.3s) AMD Radeon AI PRO R9700 (RADV GFX1201)
tick  887000 alive   934568 genomes  180217 energy   197.5 births 16926077 deaths 16921768 (2245.7s) AMD Radeon AI PRO R9700 (RADV GFX1201)
tick  888000 alive   931224 genomes  178436 energy   198.2 births 16841903 deaths 16845247 (2248.2s) AMD Radeon AI PRO R9700 (RADV GFX1201)
tick  889000 alive   930899 genomes  178546 energy   197.9 births 16735154 deaths 16735479 (2250.7s) AMD Radeon AI PRO R9700 (RADV GFX1201)
tick  890000 alive   931984 genomes  178309 energy   197.8 births 16816133 deaths 16815048 (2253.2s) AMD Radeon AI PRO R9700 (RADV GFX1201)
tick  891000 alive   929336 genomes  178896 energy   198.4 births 16778411 deaths 16781059 (2255.7s) AMD Radeon AI PRO R9700 (RADV GFX1201)
tick  892000 alive   932518 genomes  179582 energy   197.9 births 16701891 deaths 16698709 (2258.3s) AMD Radeon AI PRO R9700 (RADV GFX1201)
tick  893000 alive   932618 genomes  179104 energy   198.4 births 16866649 deaths 16866549 (2260.8s) AMD Radeon AI PRO R9700 (RADV GFX1201)
tick  894000 alive   932200 genomes  179716 energy   198.4 births 16731151 deaths 16731569 (2263.2s) AMD Radeon AI PRO R9700 (RADV GFX1201)
tick  895000 alive   930414 genomes  182888 energy   198.7 births 16648799 deaths 16650585 (2265.7s) AMD Radeon AI PRO R9700 (RADV GFX1201)
tick  896000 alive   928885 genomes  183430 energy   198.4 births 16649416 deaths 16650945 (2268.2s) AMD Radeon AI PRO R9700 (RADV GFX1201)
tick  897000 alive   929864 genomes  184576 energy   198.2 births 16733906 deaths 16732927 (2270.7s) AMD Radeon AI PRO R9700 (RADV GFX1201)
tick  898000 alive   932144 genomes  182994 energy   197.9 births 16760396 deaths 16758116 (2273.2s) AMD Radeon AI PRO R9700 (RADV GFX1201)
tick  899000 alive   942021 genomes  179546 energy   197.4 births 17059779 deaths 17049902 (2275.8s) AMD Radeon AI PRO R9700 (RADV GFX1201)
tick  900000 alive   938087 genomes  176546 energy   198.3 births 17075846 deaths 17079780 (2278.3s) AMD Radeon AI PRO R9700 (RADV GFX1201)
tick  901000 alive   939958 genomes  177946 energy   198.2 births 16878172 deaths 16876301 (2280.8s) AMD Radeon AI PRO R9700 (RADV GFX1201)
tick  902000 alive   936859 genomes  180495 energy   198.3 births 16890259 deaths 16893358 (2283.3s) AMD Radeon AI PRO R9700 (RADV GFX1201)
tick  903000 alive   931977 genomes  180117 energy   198.1 births 16852530 deaths 16857412 (2285.8s) AMD Radeon AI PRO R9700 (RADV GFX1201)
tick  904000 alive   933617 genomes  178307 energy   197.9 births 16842722 deaths 16841082 (2288.3s) AMD Radeon AI PRO R9700 (RADV GFX1201)
tick  905000 alive   937440 genomes  177214 energy   198.2 births 16910780 deaths 16906957 (2290.7s) AMD Radeon AI PRO R9700 (RADV GFX1201)
tick  906000 alive   937670 genomes  176336 energy   198.3 births 16877907 deaths 16877677 (2293.2s) AMD Radeon AI PRO R9700 (RADV GFX1201)
tick  907000 alive   935707 genomes  178413 energy   198.7 births 16765489 deaths 16767452 (2295.8s) AMD Radeon AI PRO R9700 (RADV GFX1201)
tick  908000 alive   931088 genomes  182644 energy   198.7 births 16721734 deaths 16726353 (2298.2s) AMD Radeon AI PRO R9700 (RADV GFX1201)
tick  909000 alive   924512 genomes  183196 energy   198.2 births 16571538 deaths 16578114 (2300.7s) AMD Radeon AI PRO R9700 (RADV GFX1201)
tick  910000 alive   929594 genomes  182826 energy   197.4 births 16701403 deaths 16696321 (2303.2s) AMD Radeon AI PRO R9700 (RADV GFX1201)
tick  911000 alive   934676 genomes  180485 energy   197.8 births 16936018 deaths 16930936 (2305.7s) AMD Radeon AI PRO R9700 (RADV GFX1201)
tick  912000 alive   938536 genomes  179540 energy   198.6 births 16955523 deaths 16951663 (2308.2s) AMD Radeon AI PRO R9700 (RADV GFX1201)
tick  913000 alive   936929 genomes  181021 energy   198.5 births 16842000 deaths 16843607 (2310.7s) AMD Radeon AI PRO R9700 (RADV GFX1201)
tick  914000 alive   934867 genomes  181559 energy   198.4 births 16754555 deaths 16756617 (2313.2s) AMD Radeon AI PRO R9700 (RADV GFX1201)
tick  915000 alive   932578 genomes  181187 energy   198.5 births 16750806 deaths 16753095 (2315.7s) AMD Radeon AI PRO R9700 (RADV GFX1201)
tick  916000 alive   933122 genomes  179100 energy   198.1 births 16790790 deaths 16790246 (2318.2s) AMD Radeon AI PRO R9700 (RADV GFX1201)
tick  917000 alive   935209 genomes  179629 energy   197.9 births 16848017 deaths 16845930 (2320.7s) AMD Radeon AI PRO R9700 (RADV GFX1201)
tick  918000 alive   939091 genomes  178253 energy   197.9 births 16992577 deaths 16988695 (2323.2s) AMD Radeon AI PRO R9700 (RADV GFX1201)
tick  919000 alive   940222 genomes  178322 energy   198.2 births 16978847 deaths 16977716 (2325.7s) AMD Radeon AI PRO R9700 (RADV GFX1201)
tick  920000 alive   944244 genomes  177803 energy   198.1 births 17083170 deaths 17079148 (2328.2s) AMD Radeon AI PRO R9700 (RADV GFX1201)
tick  921000 alive   940039 genomes  174864 energy   198.2 births 16990748 deaths 16994953 (2330.7s) AMD Radeon AI PRO R9700 (RADV GFX1201)
tick  922000 alive   936972 genomes  176955 energy   197.8 births 16954052 deaths 16957119 (2333.2s) AMD Radeon AI PRO R9700 (RADV GFX1201)
tick  923000 alive   936507 genomes  174710 energy   197.7 births 16998474 deaths 16998939 (2335.7s) AMD Radeon AI PRO R9700 (RADV GFX1201)
tick  924000 alive   938230 genomes  175652 energy   198.0 births 16936590 deaths 16934867 (2338.2s) AMD Radeon AI PRO R9700 (RADV GFX1201)
tick  925000 alive   934184 genomes  174458 energy   198.4 births 16874660 deaths 16878706 (2341.0s) AMD Radeon AI PRO R9700 (RADV GFX1201)
tick  926000 alive   930918 genomes  176701 energy   198.1 births 16776437 deaths 16779703 (2343.6s) AMD Radeon AI PRO R9700 (RADV GFX1201)
tick  927000 alive   933863 genomes  176464 energy   197.7 births 16817105 deaths 16814160 (2346.2s) AMD Radeon AI PRO R9700 (RADV GFX1201)
tick  928000 alive   932257 genomes  176012 energy   198.2 births 16775217 deaths 16776823 (2348.7s) AMD Radeon AI PRO R9700 (RADV GFX1201)
tick  929000 alive   934282 genomes  175539 energy   198.3 births 16836922 deaths 16834897 (2351.2s) AMD Radeon AI PRO R9700 (RADV GFX1201)
tick  930000 alive   934276 genomes  176572 energy   198.2 births 16857254 deaths 16857260 (2353.7s) AMD Radeon AI PRO R9700 (RADV GFX1201)
tick  931000 alive   936747 genomes  176154 energy   198.1 births 16838998 deaths 16836527 (2356.2s) AMD Radeon AI PRO R9700 (RADV GFX1201)
tick  932000 alive   933318 genomes  175456 energy   198.3 births 16769920 deaths 16773349 (2358.8s) AMD Radeon AI PRO R9700 (RADV GFX1201)
tick  933000 alive   935687 genomes  177355 energy   198.3 births 16838223 deaths 16835854 (2361.4s) AMD Radeon AI PRO R9700 (RADV GFX1201)
tick  934000 alive   935890 genomes  176830 energy   198.2 births 16834408 deaths 16834205 (2363.9s) AMD Radeon AI PRO R9700 (RADV GFX1201)
tick  935000 alive   935527 genomes  177049 energy   197.9 births 16845233 deaths 16845596 (2366.4s) AMD Radeon AI PRO R9700 (RADV GFX1201)
tick  936000 alive   933429 genomes  176002 energy   197.8 births 16853056 deaths 16855154 (2369.0s) AMD Radeon AI PRO R9700 (RADV GFX1201)
tick  937000 alive   932871 genomes  176054 energy   198.6 births 16780367 deaths 16780925 (2371.5s) AMD Radeon AI PRO R9700 (RADV GFX1201)
tick  938000 alive   932302 genomes  174452 energy   198.5 births 16728347 deaths 16728916 (2374.0s) AMD Radeon AI PRO R9700 (RADV GFX1201)
tick  939000 alive   936209 genomes  176035 energy   197.9 births 16780425 deaths 16776518 (2376.5s) AMD Radeon AI PRO R9700 (RADV GFX1201)
tick  940000 alive   935196 genomes  175628 energy   198.3 births 16776674 deaths 16777687 (2379.0s) AMD Radeon AI PRO R9700 (RADV GFX1201)
tick  941000 alive   937486 genomes  176299 energy   198.6 births 16753474 deaths 16751184 (2381.5s) AMD Radeon AI PRO R9700 (RADV GFX1201)
tick  942000 alive   937085 genomes  175834 energy   198.4 births 16784304 deaths 16784705 (2384.0s) AMD Radeon AI PRO R9700 (RADV GFX1201)
tick  943000 alive   936147 genomes  176876 energy   198.2 births 16775110 deaths 16776048 (2386.4s) AMD Radeon AI PRO R9700 (RADV GFX1201)
tick  944000 alive   934732 genomes  177070 energy   198.3 births 16807336 deaths 16808751 (2388.9s) AMD Radeon AI PRO R9700 (RADV GFX1201)
tick  945000 alive   936465 genomes  177337 energy   198.1 births 16881960 deaths 16880227 (2391.4s) AMD Radeon AI PRO R9700 (RADV GFX1201)
tick  946000 alive   937873 genomes  176999 energy   198.0 births 16885258 deaths 16883850 (2393.9s) AMD Radeon AI PRO R9700 (RADV GFX1201)
tick  947000 alive   939239 genomes  177551 energy   198.3 births 16924428 deaths 16923062 (2396.4s) AMD Radeon AI PRO R9700 (RADV GFX1201)
tick  948000 alive   934254 genomes  179027 energy   198.3 births 16742445 deaths 16747430 (2398.9s) AMD Radeon AI PRO R9700 (RADV GFX1201)
tick  949000 alive   930149 genomes  180199 energy   198.2 births 16697660 deaths 16701765 (2401.4s) AMD Radeon AI PRO R9700 (RADV GFX1201)
tick  950000 alive   935954 genomes  180745 energy   198.5 births 16738408 deaths 16732603 (2403.9s) AMD Radeon AI PRO R9700 (RADV GFX1201)
tick  951000 alive   935472 genomes  180602 energy   198.3 births 16795983 deaths 16796465 (2406.5s) AMD Radeon AI PRO R9700 (RADV GFX1201)
tick  952000 alive   935066 genomes  180483 energy   198.3 births 16786859 deaths 16787265 (2409.1s) AMD Radeon AI PRO R9700 (RADV GFX1201)
tick  953000 alive   932089 genomes  180849 energy   198.9 births 16694042 deaths 16697019 (2411.6s) AMD Radeon AI PRO R9700 (RADV GFX1201)
tick  954000 alive   936587 genomes  180281 energy   198.0 births 16789478 deaths 16784980 (2414.2s) AMD Radeon AI PRO R9700 (RADV GFX1201)
tick  955000 alive   940087 genomes  178223 energy   198.6 births 16929376 deaths 16925876 (2416.7s) AMD Radeon AI PRO R9700 (RADV GFX1201)
tick  956000 alive   941208 genomes  177988 energy   198.1 births 16928084 deaths 16926963 (2419.3s) AMD Radeon AI PRO R9700 (RADV GFX1201)
tick  957000 alive   937141 genomes  178992 energy   198.4 births 16839508 deaths 16843575 (2421.9s) AMD Radeon AI PRO R9700 (RADV GFX1201)
tick  958000 alive   936706 genomes  179318 energy   198.3 births 16782442 deaths 16782877 (2424.4s) AMD Radeon AI PRO R9700 (RADV GFX1201)
tick  959000 alive   936631 genomes  179216 energy   198.5 births 16753701 deaths 16753776 (2426.9s) AMD Radeon AI PRO R9700 (RADV GFX1201)
tick  960000 alive   934801 genomes  178058 energy   198.4 births 16737089 deaths 16738919 (2429.5s) AMD Radeon AI PRO R9700 (RADV GFX1201)
tick  961000 alive   931349 genomes  178618 energy   199.1 births 16651394 deaths 16654846 (2432.1s) AMD Radeon AI PRO R9700 (RADV GFX1201)
tick  962000 alive   931049 genomes  180678 energy   198.1 births 16638424 deaths 16638724 (2434.9s) AMD Radeon AI PRO R9700 (RADV GFX1201)
tick  963000 alive   929814 genomes  180049 energy   198.5 births 16686052 deaths 16687287 (2437.4s) AMD Radeon AI PRO R9700 (RADV GFX1201)
tick  964000 alive   930929 genomes  181830 energy   197.9 births 16614934 deaths 16613819 (2439.9s) AMD Radeon AI PRO R9700 (RADV GFX1201)
tick  965000 alive   933686 genomes  181555 energy   198.4 births 16715153 deaths 16712396 (2442.4s) AMD Radeon AI PRO R9700 (RADV GFX1201)
tick  966000 alive   930853 genomes  179544 energy   198.1 births 16721724 deaths 16724557 (2444.9s) AMD Radeon AI PRO R9700 (RADV GFX1201)
tick  967000 alive   930402 genomes  178094 energy   198.2 births 16745580 deaths 16746031 (2447.4s) AMD Radeon AI PRO R9700 (RADV GFX1201)
tick  968000 alive   928740 genomes  178154 energy   198.6 births 16622978 deaths 16624640 (2449.9s) AMD Radeon AI PRO R9700 (RADV GFX1201)
tick  969000 alive   935338 genomes  177656 energy   197.9 births 16730234 deaths 16723636 (2452.4s) AMD Radeon AI PRO R9700 (RADV GFX1201)
tick  970000 alive   935867 genomes  176563 energy   198.4 births 16854030 deaths 16853501 (2454.9s) AMD Radeon AI PRO R9700 (RADV GFX1201)
tick  971000 alive   933737 genomes  176326 energy   198.7 births 16701602 deaths 16703732 (2457.4s) AMD Radeon AI PRO R9700 (RADV GFX1201)
tick  972000 alive   932001 genomes  177186 energy   198.6 births 16680291 deaths 16682027 (2460.0s) AMD Radeon AI PRO R9700 (RADV GFX1201)
tick  973000 alive   933981 genomes  177812 energy   198.1 births 16742945 deaths 16740965 (2462.5s) AMD Radeon AI PRO R9700 (RADV GFX1201)
tick  974000 alive   937130 genomes  175686 energy   198.3 births 16830104 deaths 16826955 (2465.0s) AMD Radeon AI PRO R9700 (RADV GFX1201)
tick  975000 alive   940347 genomes  176853 energy   198.5 births 16818318 deaths 16815101 (2467.5s) AMD Radeon AI PRO R9700 (RADV GFX1201)
tick  976000 alive   935542 genomes  176959 energy   198.8 births 16743418 deaths 16748223 (2470.0s) AMD Radeon AI PRO R9700 (RADV GFX1201)
tick  977000 alive   935609 genomes  176431 energy   198.4 births 16713067 deaths 16713000 (2472.5s) AMD Radeon AI PRO R9700 (RADV GFX1201)
tick  978000 alive   933480 genomes  175455 energy   198.5 births 16759778 deaths 16761907 (2475.0s) AMD Radeon AI PRO R9700 (RADV GFX1201)
tick  979000 alive   933202 genomes  176163 energy   198.4 births 16691197 deaths 16691475 (2477.6s) AMD Radeon AI PRO R9700 (RADV GFX1201)
tick  980000 alive   934568 genomes  176760 energy   198.5 births 16757141 deaths 16755775 (2480.2s) AMD Radeon AI PRO R9700 (RADV GFX1201)
tick  981000 alive   931084 genomes  175332 energy   198.6 births 16685796 deaths 16689280 (2482.7s) AMD Radeon AI PRO R9700 (RADV GFX1201)
tick  982000 alive   932698 genomes  176202 energy   198.7 births 16675244 deaths 16673630 (2485.2s) AMD Radeon AI PRO R9700 (RADV GFX1201)
tick  983000 alive   932477 genomes  177274 energy   198.3 births 16649669 deaths 16649890 (2487.8s) AMD Radeon AI PRO R9700 (RADV GFX1201)
tick  984000 alive   927543 genomes  178439 energy   198.6 births 16601582 deaths 16606516 (2490.3s) AMD Radeon AI PRO R9700 (RADV GFX1201)
tick  985000 alive   930123 genomes  177443 energy   197.8 births 16666939 deaths 16664359 (2492.8s) AMD Radeon AI PRO R9700 (RADV GFX1201)
tick  986000 alive   933203 genomes  177790 energy   198.4 births 16752833 deaths 16749753 (2495.3s) AMD Radeon AI PRO R9700 (RADV GFX1201)
tick  987000 alive   931484 genomes  178525 energy   198.3 births 16722541 deaths 16724260 (2497.9s) AMD Radeon AI PRO R9700 (RADV GFX1201)
tick  988000 alive   929876 genomes  178626 energy   197.7 births 16683716 deaths 16685324 (2500.4s) AMD Radeon AI PRO R9700 (RADV GFX1201)
tick  989000 alive   934691 genomes  178861 energy   197.7 births 16835422 deaths 16830607 (2502.9s) AMD Radeon AI PRO R9700 (RADV GFX1201)
tick  990000 alive   930495 genomes  177865 energy   198.5 births 16712547 deaths 16716743 (2505.4s) AMD Radeon AI PRO R9700 (RADV GFX1201)
tick  991000 alive   930041 genomes  176830 energy   198.4 births 16667790 deaths 16668244 (2507.9s) AMD Radeon AI PRO R9700 (RADV GFX1201)
tick  992000 alive   934820 genomes  177746 energy   198.6 births 16839207 deaths 16834428 (2510.4s) AMD Radeon AI PRO R9700 (RADV GFX1201)
tick  993000 alive   933180 genomes  176536 energy   198.0 births 16825791 deaths 16827431 (2513.0s) AMD Radeon AI PRO R9700 (RADV GFX1201)
tick  994000 alive   933481 genomes  176055 energy   198.3 births 16768075 deaths 16767774 (2515.5s) AMD Radeon AI PRO R9700 (RADV GFX1201)
tick  995000 alive   936124 genomes  178264 energy   198.5 births 16769352 deaths 16766709 (2518.1s) AMD Radeon AI PRO R9700 (RADV GFX1201)
tick  996000 alive   932350 genomes  177773 energy   198.5 births 16795831 deaths 16799605 (2520.6s) AMD Radeon AI PRO R9700 (RADV GFX1201)
tick  997000 alive   933761 genomes  179572 energy   198.3 births 16701630 deaths 16700219 (2523.2s) AMD Radeon AI PRO R9700 (RADV GFX1201)
tick  998000 alive   930551 genomes  178870 energy   198.5 births 16636549 deaths 16639759 (2525.6s) AMD Radeon AI PRO R9700 (RADV GFX1201)
tick  999000 alive   932313 genomes  180153 energy   198.4 births 16700593 deaths 16698831 (2528.2s) AMD Radeon AI PRO R9700 (RADV GFX1201)
tick 1000000 alive   933682 genomes  181892 energy   198.7 births 16666626 deaths 16665257 (2530.7s) AMD Radeon AI PRO R9700 (RADV GFX1201)
tick 1001000 alive   931378 genomes  182657 energy   197.7 births 16692659 deaths 16694963 (2533.2s) AMD Radeon AI PRO R9700 (RADV GFX1201)
tick 1002000 alive   933413 genomes  181481 energy   198.1 births 16796380 deaths 16794345 (2535.7s) AMD Radeon AI PRO R9700 (RADV GFX1201)
tick 1003000 alive   932827 genomes  178939 energy   197.7 births 16818830 deaths 16819416 (2538.2s) AMD Radeon AI PRO R9700 (RADV GFX1201)
tick 1004000 alive   940864 genomes  177512 energy   198.1 births 16975899 deaths 16967862 (2540.6s) AMD Radeon AI PRO R9700 (RADV GFX1201)
tick 1005000 alive   934206 genomes  178118 energy   198.4 births 16842757 deaths 16849415 (2543.1s) AMD Radeon AI PRO R9700 (RADV GFX1201)
tick 1006000 alive   930878 genomes  181322 energy   198.3 births 16657040 deaths 16660368 (2545.6s) AMD Radeon AI PRO R9700 (RADV GFX1201)
tick 1007000 alive   931045 genomes  182809 energy   198.5 births 16685439 deaths 16685272 (2548.1s) AMD Radeon AI PRO R9700 (RADV GFX1201)
tick 1008000 alive   932468 genomes  181246 energy   199.1 births 16557412 deaths 16555989 (2550.7s) AMD Radeon AI PRO R9700 (RADV GFX1201)
tick 1009000 alive   929636 genomes  182884 energy   198.9 births 16494469 deaths 16497301 (2553.2s) AMD Radeon AI PRO R9700 (RADV GFX1201)
tick 1010000 alive   927676 genomes  184403 energy   198.9 births 16450433 deaths 16452393 (2555.7s) AMD Radeon AI PRO R9700 (RADV GFX1201)
tick 1011000 alive   927006 genomes  185547 energy   198.6 births 16500931 deaths 16501601 (2558.2s) AMD Radeon AI PRO R9700 (RADV GFX1201)
tick 1012000 alive   927194 genomes  185182 energy   198.1 births 16539716 deaths 16539528 (2560.7s) AMD Radeon AI PRO R9700 (RADV GFX1201)
tick 1013000 alive   926251 genomes  184143 energy   198.5 births 16612394 deaths 16613337 (2563.2s) AMD Radeon AI PRO R9700 (RADV GFX1201)
tick 1014000 alive   924546 genomes  183449 energy   198.4 births 16568867 deaths 16570572 (2565.7s) AMD Radeon AI PRO R9700 (RADV GFX1201)
tick 1015000 alive   928596 genomes  182422 energy   197.9 births 16580932 deaths 16576882 (2568.2s) AMD Radeon AI PRO R9700 (RADV GFX1201)
tick 1016000 alive   936843 genomes  179781 energy   198.2 births 16869511 deaths 16861264 (2570.7s) AMD Radeon AI PRO R9700 (RADV GFX1201)
tick 1017000 alive   932703 genomes  178510 energy   198.0 births 16711216 deaths 16715356 (2573.2s) AMD Radeon AI PRO R9700 (RADV GFX1201)
tick 1018000 alive   931246 genomes  179768 energy   198.4 births 16723998 deaths 16725455 (2575.7s) AMD Radeon AI PRO R9700 (RADV GFX1201)
tick 1019000 alive   932844 genomes  179857 energy   198.2 births 16717512 deaths 16715914 (2578.2s) AMD Radeon AI PRO R9700 (RADV GFX1201)
tick 1020000 alive   935005 genomes  180166 energy   198.3 births 16819686 deaths 16817525 (2580.8s) AMD Radeon AI PRO R9700 (RADV GFX1201)
tick 1021000 alive   932516 genomes  179643 energy   198.7 births 16688793 deaths 16691282 (2583.3s) AMD Radeon AI PRO R9700 (RADV GFX1201)
tick 1022000 alive   936492 genomes  180975 energy   198.6 births 16719570 deaths 16715594 (2585.8s) AMD Radeon AI PRO R9700 (RADV GFX1201)
tick 1023000 alive   932518 genomes  179986 energy   198.7 births 16752957 deaths 16756931 (2588.3s) AMD Radeon AI PRO R9700 (RADV GFX1201)
tick 1024000 alive   931654 genomes  180689 energy   198.4 births 16694331 deaths 16695195 (2590.8s) AMD Radeon AI PRO R9700 (RADV GFX1201)
tick 1025000 alive   928479 genomes  181857 energy   198.5 births 16609963 deaths 16613138 (2593.3s) AMD Radeon AI PRO R9700 (RADV GFX1201)
tick 1026000 alive   926455 genomes  184508 energy   198.0 births 16648816 deaths 16650840 (2595.8s) AMD Radeon AI PRO R9700 (RADV GFX1201)
tick 1027000 alive   925427 genomes  182658 energy   197.9 births 16650394 deaths 16651422 (2598.4s) AMD Radeon AI PRO R9700 (RADV GFX1201)
tick 1028000 alive   930174 genomes  181383 energy   197.9 births 16700353 deaths 16695606 (2601.1s) AMD Radeon AI PRO R9700 (RADV GFX1201)
tick 1029000 alive   931514 genomes  180647 energy   198.2 births 16765849 deaths 16764509 (2603.6s) AMD Radeon AI PRO R9700 (RADV GFX1201)
tick 1030000 alive   931546 genomes  180569 energy   197.8 births 16774237 deaths 16774205 (2606.2s) AMD Radeon AI PRO R9700 (RADV GFX1201)
tick 1031000 alive   928618 genomes  180811 energy   197.9 births 16765351 deaths 16768279 (2608.7s) AMD Radeon AI PRO R9700 (RADV GFX1201)
tick 1032000 alive   924034 genomes  180922 energy   198.2 births 16639704 deaths 16644288 (2611.1s) AMD Radeon AI PRO R9700 (RADV GFX1201)
tick 1033000 alive   927192 genomes  180618 energy   198.0 births 16677722 deaths 16674564 (2613.6s) AMD Radeon AI PRO R9700 (RADV GFX1201)
tick 1034000 alive   930966 genomes  179701 energy   198.0 births 16776078 deaths 16772304 (2616.1s) AMD Radeon AI PRO R9700 (RADV GFX1201)
tick 1035000 alive   935091 genomes  178804 energy   198.1 births 16887347 deaths 16883222 (2618.7s) AMD Radeon AI PRO R9700 (RADV GFX1201)
tick 1036000 alive   930709 genomes  179257 energy   198.1 births 16734843 deaths 16739225 (2621.2s) AMD Radeon AI PRO R9700 (RADV GFX1201)
tick 1037000 alive   930088 genomes  179918 energy   198.4 births 16721951 deaths 16722572 (2623.7s) AMD Radeon AI PRO R9700 (RADV GFX1201)
tick 1038000 alive   928232 genomes  179281 energy   197.8 births 16640260 deaths 16642116 (2626.3s) AMD Radeon AI PRO R9700 (RADV GFX1201)
tick 1039000 alive   934270 genomes  177503 energy   198.5 births 16804108 deaths 16798070 (2628.7s) AMD Radeon AI PRO R9700 (RADV GFX1201)
tick 1040000 alive   932484 genomes  177101 energy   198.6 births 16698303 deaths 16700089 (2631.2s) AMD Radeon AI PRO R9700 (RADV GFX1201)
tick 1041000 alive   930931 genomes  178739 energy   198.6 births 16661507 deaths 16663060 (2633.7s) AMD Radeon AI PRO R9700 (RADV GFX1201)
tick 1042000 alive   931516 genomes  177981 energy   198.5 births 16693784 deaths 16693199 (2636.2s) AMD Radeon AI PRO R9700 (RADV GFX1201)
tick 1043000 alive   933239 genomes  179639 energy   198.3 births 16760129 deaths 16758406 (2638.8s) AMD Radeon AI PRO R9700 (RADV GFX1201)
tick 1044000 alive   932837 genomes  179675 energy   198.2 births 16746488 deaths 16746890 (2641.3s) AMD Radeon AI PRO R9700 (RADV GFX1201)
tick 1045000 alive   932297 genomes  178856 energy   198.5 births 16684983 deaths 16685523 (2643.7s) AMD Radeon AI PRO R9700 (RADV GFX1201)
tick 1046000 alive   934720 genomes  179000 energy   198.5 births 16701399 deaths 16698976 (2646.2s) AMD Radeon AI PRO R9700 (RADV GFX1201)
tick 1047000 alive   935533 genomes  178992 energy   198.3 births 16692462 deaths 16691649 (2648.7s) AMD Radeon AI PRO R9700 (RADV GFX1201)
tick 1048000 alive   930045 genomes  178259 energy   198.5 births 16676211 deaths 16681699 (2651.3s) AMD Radeon AI PRO R9700 (RADV GFX1201)
tick 1049000 alive   929572 genomes  180403 energy   198.8 births 16588455 deaths 16588928 (2653.8s) AMD Radeon AI PRO R9700 (RADV GFX1201)
tick 1050000 alive   926945 genomes  183511 energy   198.2 births 16563942 deaths 16566569 (2656.4s) AMD Radeon AI PRO R9700 (RADV GFX1201)
tick 1051000 alive   929945 genomes  184153 energy   197.6 births 16676036 deaths 16673036 (2658.9s) AMD Radeon AI PRO R9700 (RADV GFX1201)
tick 1052000 alive   932994 genomes  178816 energy   197.5 births 16821018 deaths 16817969 (2661.4s) AMD Radeon AI PRO R9700 (RADV GFX1201)
tick 1053000 alive   936106 genomes  175937 energy   197.7 births 16949829 deaths 16946717 (2663.8s) AMD Radeon AI PRO R9700 (RADV GFX1201)
tick 1054000 alive   935789 genomes  175743 energy   198.0 births 16882067 deaths 16882384 (2666.4s) AMD Radeon AI PRO R9700 (RADV GFX1201)
tick 1055000 alive   930602 genomes  178427 energy   198.6 births 16706452 deaths 16711639 (2669.0s) AMD Radeon AI PRO R9700 (RADV GFX1201)
tick 1056000 alive   930388 genomes  178897 energy   198.3 births 16608614 deaths 16608828 (2671.6s) AMD Radeon AI PRO R9700 (RADV GFX1201)
tick 1057000 alive   930226 genomes  178376 energy   198.2 births 16627197 deaths 16627359 (2674.2s) AMD Radeon AI PRO R9700 (RADV GFX1201)
tick 1058000 alive   934053 genomes  176466 energy   198.2 births 16785866 deaths 16782039 (2676.7s) AMD Radeon AI PRO R9700 (RADV GFX1201)
tick 1059000 alive   931474 genomes  178108 energy   199.0 births 16675186 deaths 16677765 (2679.2s) AMD Radeon AI PRO R9700 (RADV GFX1201)
tick 1060000 alive   929574 genomes  181152 energy   198.4 births 16548600 deaths 16550500 (2681.9s) AMD Radeon AI PRO R9700 (RADV GFX1201)
tick 1061000 alive   930477 genomes  181486 energy   197.9 births 16678304 deaths 16677401 (2684.7s) AMD Radeon AI PRO R9700 (RADV GFX1201)
tick 1062000 alive   931339 genomes  181972 energy   198.1 births 16738702 deaths 16737840 (2687.3s) AMD Radeon AI PRO R9700 (RADV GFX1201)
tick 1063000 alive   936747 genomes  180941 energy   197.8 births 16863719 deaths 16858311 (2689.8s) AMD Radeon AI PRO R9700 (RADV GFX1201)
tick 1064000 alive   933100 genomes  177777 energy   198.6 births 16767831 deaths 16771478 (2692.4s) AMD Radeon AI PRO R9700 (RADV GFX1201)
tick 1065000 alive   930762 genomes  177078 energy   198.3 births 16683526 deaths 16685864 (2694.9s) AMD Radeon AI PRO R9700 (RADV GFX1201)
tick 1066000 alive   933306 genomes  177757 energy   198.5 births 16698347 deaths 16695803 (2697.4s) AMD Radeon AI PRO R9700 (RADV GFX1201)
tick 1067000 alive   933236 genomes  178174 energy   198.1 births 16771896 deaths 16771966 (2699.9s) AMD Radeon AI PRO R9700 (RADV GFX1201)
tick 1068000 alive   934282 genomes  175924 energy   198.2 births 16783107 deaths 16782061 (2702.4s) AMD Radeon AI PRO R9700 (RADV GFX1201)
tick 1069000 alive   934623 genomes  175276 energy   198.7 births 16749340 deaths 16748999 (2704.9s) AMD Radeon AI PRO R9700 (RADV GFX1201)
tick 1070000 alive   935121 genomes  177084 energy   198.6 births 16617643 deaths 16617145 (2707.4s) AMD Radeon AI PRO R9700 (RADV GFX1201)
tick 1071000 alive   931425 genomes  177123 energy   198.6 births 16641114 deaths 16644810 (2709.9s) AMD Radeon AI PRO R9700 (RADV GFX1201)
tick 1072000 alive   928922 genomes  177415 energy   198.7 births 16532138 deaths 16534641 (2712.5s) AMD Radeon AI PRO R9700 (RADV GFX1201)
tick 1073000 alive   928049 genomes  178957 energy   198.6 births 16548719 deaths 16549592 (2715.0s) AMD Radeon AI PRO R9700 (RADV GFX1201)
tick 1074000 alive   929370 genomes  181200 energy   198.2 births 16608471 deaths 16607150 (2717.6s) AMD Radeon AI PRO R9700 (RADV GFX1201)
tick 1075000 alive   931020 genomes  181328 energy   198.2 births 16648560 deaths 16646910 (2720.3s) AMD Radeon AI PRO R9700 (RADV GFX1201)
tick 1076000 alive   927909 genomes  180681 energy   197.9 births 16641836 deaths 16644947 (2723.0s) AMD Radeon AI PRO R9700 (RADV GFX1201)
tick 1077000 alive   932863 genomes  178649 energy   198.4 births 16750471 deaths 16745517 (2725.8s) AMD Radeon AI PRO R9700 (RADV GFX1201)
tick 1078000 alive   934926 genomes  178424 energy   198.4 births 16761822 deaths 16759759 (2728.4s) AMD Radeon AI PRO R9700 (RADV GFX1201)
tick 1079000 alive   934879 genomes  177055 energy   198.3 births 16749767 deaths 16749814 (2731.0s) AMD Radeon AI PRO R9700 (RADV GFX1201)
tick 1080000 alive   936653 genomes  176060 energy   198.1 births 16842595 deaths 16840821 (2733.4s) AMD Radeon AI PRO R9700 (RADV GFX1201)
tick 1081000 alive   933445 genomes  177079 energy   198.4 births 16770049 deaths 16773257 (2735.9s) AMD Radeon AI PRO R9700 (RADV GFX1201)
tick 1082000 alive   935237 genomes  178627 energy   198.6 births 16722338 deaths 16720546 (2738.4s) AMD Radeon AI PRO R9700 (RADV GFX1201)
tick 1083000 alive   933515 genomes  178779 energy   198.5 births 16820673 deaths 16822395 (2740.9s) AMD Radeon AI PRO R9700 (RADV GFX1201)
tick 1084000 alive   931985 genomes  180497 energy   197.9 births 16811676 deaths 16813206 (2743.5s) AMD Radeon AI PRO R9700 (RADV GFX1201)
tick 1085000 alive   930640 genomes  179322 energy   197.9 births 16716692 deaths 16718037 (2746.0s) AMD Radeon AI PRO R9700 (RADV GFX1201)
tick 1086000 alive   932038 genomes  180482 energy   198.1 births 16750903 deaths 16749505 (2748.5s) AMD Radeon AI PRO R9700 (RADV GFX1201)
tick 1087000 alive   935405 genomes  181067 energy   198.2 births 16786997 deaths 16783630 (2751.1s) AMD Radeon AI PRO R9700 (RADV GFX1201)
tick 1088000 alive   930939 genomes  181713 energy   198.4 births 16736702 deaths 16741168 (2753.7s) AMD Radeon AI PRO R9700 (RADV GFX1201)
tick 1089000 alive   930713 genomes  182711 energy   198.0 births 16753183 deaths 16753409 (2756.2s) AMD Radeon AI PRO R9700 (RADV GFX1201)
tick 1090000 alive   928863 genomes  182012 energy   197.9 births 16736722 deaths 16738572 (2758.8s) AMD Radeon AI PRO R9700 (RADV GFX1201)
tick 1091000 alive   931544 genomes  181367 energy   197.8 births 16837106 deaths 16834425 (2761.4s) AMD Radeon AI PRO R9700 (RADV GFX1201)
tick 1092000 alive   930767 genomes  180413 energy   198.0 births 16822185 deaths 16822962 (2764.0s) AMD Radeon AI PRO R9700 (RADV GFX1201)
tick 1093000 alive   929545 genomes  178462 energy   198.0 births 16760985 deaths 16762207 (2766.5s) AMD Radeon AI PRO R9700 (RADV GFX1201)
tick 1094000 alive   935079 genomes  177372 energy   197.6 births 16866518 deaths 16860984 (2769.0s) AMD Radeon AI PRO R9700 (RADV GFX1201)
tick 1095000 alive   933815 genomes  177964 energy   198.0 births 16907939 deaths 16909203 (2771.5s) AMD Radeon AI PRO R9700 (RADV GFX1201)
tick 1096000 alive   927005 genomes  181848 energy   198.1 births 16679733 deaths 16686543 (2774.1s) AMD Radeon AI PRO R9700 (RADV GFX1201)
tick 1097000 alive   928051 genomes  183215 energy   197.7 births 16799645 deaths 16798599 (2776.6s) AMD Radeon AI PRO R9700 (RADV GFX1201)
tick 1098000 alive   927865 genomes  182788 energy   198.0 births 16783829 deaths 16784015 (2779.1s) AMD Radeon AI PRO R9700 (RADV GFX1201)
tick 1099000 alive   930497 genomes  181643 energy   197.9 births 16799873 deaths 16797241 (2781.6s) AMD Radeon AI PRO R9700 (RADV GFX1201)
tick 1100000 alive   935530 genomes  179697 energy   197.9 births 16920528 deaths 16915495 (2784.1s) AMD Radeon AI PRO R9700 (RADV GFX1201)
tick 1101000 alive   934395 genomes  180641 energy   198.1 births 16918535 deaths 16919670 (2786.6s) AMD Radeon AI PRO R9700 (RADV GFX1201)
tick 1102000 alive   932301 genomes  180573 energy   197.8 births 16878351 deaths 16880445 (2789.1s) AMD Radeon AI PRO R9700 (RADV GFX1201)
tick 1103000 alive   930751 genomes  179569 energy   197.8 births 16827187 deaths 16828737 (2791.7s) AMD Radeon AI PRO R9700 (RADV GFX1201)
tick 1104000 alive   933944 genomes  177824 energy   197.5 births 16952370 deaths 16949177 (2794.2s) AMD Radeon AI PRO R9700 (RADV GFX1201)
tick 1105000 alive   931955 genomes  178302 energy   198.3 births 16893785 deaths 16895774 (2796.7s) AMD Radeon AI PRO R9700 (RADV GFX1201)
tick 1106000 alive   929438 genomes  180078 energy   198.1 births 16709387 deaths 16711904 (2799.5s) AMD Radeon AI PRO R9700 (RADV GFX1201)
tick 1107000 alive   929166 genomes  181105 energy   198.0 births 16743149 deaths 16743421 (2802.0s) AMD Radeon AI PRO R9700 (RADV GFX1201)
tick 1108000 alive   927478 genomes  179560 energy   198.0 births 16766420 deaths 16768108 (2804.5s) AMD Radeon AI PRO R9700 (RADV GFX1201)
tick 1109000 alive   928365 genomes  179562 energy   198.0 births 16685548 deaths 16684661 (2807.1s) AMD Radeon AI PRO R9700 (RADV GFX1201)
tick 1110000 alive   932052 genomes  180118 energy   198.2 births 16731348 deaths 16727661 (2809.6s) AMD Radeon AI PRO R9700 (RADV GFX1201)
tick 1111000 alive   928934 genomes  181458 energy   198.7 births 16621367 deaths 16624485 (2812.2s) AMD Radeon AI PRO R9700 (RADV GFX1201)
tick 1112000 alive   928900 genomes  181951 energy   199.0 births 16503214 deaths 16503248 (2814.7s) AMD Radeon AI PRO R9700 (RADV GFX1201)
tick 1113000 alive   927253 genomes  183926 energy   198.5 births 16543990 deaths 16545637 (2817.2s) AMD Radeon AI PRO R9700 (RADV GFX1201)
tick 1114000 alive   924421 genomes  183018 energy   197.9 births 16571415 deaths 16574247 (2819.9s) AMD Radeon AI PRO R9700 (RADV GFX1201)
tick 1115000 alive   929902 genomes  182578 energy   198.2 births 16722174 deaths 16716693 (2822.6s) AMD Radeon AI PRO R9700 (RADV GFX1201)
tick 1116000 alive   925385 genomes  182185 energy   199.0 births 16508350 deaths 16512867 (2825.1s) AMD Radeon AI PRO R9700 (RADV GFX1201)
tick 1117000 alive   929386 genomes  186211 energy   197.8 births 16493506 deaths 16489505 (2827.7s) AMD Radeon AI PRO R9700 (RADV GFX1201)
tick 1118000 alive   922670 genomes  187396 energy   198.5 births 16493186 deaths 16499902 (2830.2s) AMD Radeon AI PRO R9700 (RADV GFX1201)
tick 1119000 alive   923755 genomes  186341 energy   197.9 births 16488599 deaths 16487514 (2832.8s) AMD Radeon AI PRO R9700 (RADV GFX1201)
tick 1120000 alive   929041 genomes  184141 energy   197.9 births 16638130 deaths 16632844 (2835.3s) AMD Radeon AI PRO R9700 (RADV GFX1201)
tick 1121000 alive   932074 genomes  180102 energy   198.0 births 16741699 deaths 16738666 (2837.8s) AMD Radeon AI PRO R9700 (RADV GFX1201)
tick 1122000 alive   935076 genomes  177945 energy   199.0 births 16802593 deaths 16799591 (2840.3s) AMD Radeon AI PRO R9700 (RADV GFX1201)
tick 1123000 alive   930419 genomes  178130 energy   198.4 births 16662903 deaths 16667560 (2842.9s) AMD Radeon AI PRO R9700 (RADV GFX1201)
tick 1124000 alive   930569 genomes  180001 energy   198.8 births 16584126 deaths 16583976 (2845.4s) AMD Radeon AI PRO R9700 (RADV GFX1201)
tick 1125000 alive   928626 genomes  178842 energy   198.3 births 16582803 deaths 16584746 (2848.0s) AMD Radeon AI PRO R9700 (RADV GFX1201)
tick 1126000 alive   933231 genomes  178688 energy   197.9 births 16762994 deaths 16758389 (2850.7s) AMD Radeon AI PRO R9700 (RADV GFX1201)
tick 1127000 alive   934177 genomes  178149 energy   198.6 births 16754593 deaths 16753647 (2853.3s) AMD Radeon AI PRO R9700 (RADV GFX1201)
tick 1128000 alive   933583 genomes  178230 energy   198.5 births 16628186 deaths 16628780 (2855.8s) AMD Radeon AI PRO R9700 (RADV GFX1201)
tick 1129000 alive   931644 genomes  178007 energy   198.6 births 16696264 deaths 16698203 (2858.3s) AMD Radeon AI PRO R9700 (RADV GFX1201)
tick 1130000 alive   930931 genomes  177417 energy   198.7 births 16590584 deaths 16591297 (2860.8s) AMD Radeon AI PRO R9700 (RADV GFX1201)
tick 1131000 alive   932797 genomes  179095 energy   198.3 births 16566748 deaths 16564882 (2863.3s) AMD Radeon AI PRO R9700 (RADV GFX1201)
tick 1132000 alive   928379 genomes  180766 energy   198.7 births 16571745 deaths 16576163 (2866.0s) AMD Radeon AI PRO R9700 (RADV GFX1201)
tick 1133000 alive   927347 genomes  180599 energy   198.8 births 16477079 deaths 16478111 (2868.5s) AMD Radeon AI PRO R9700 (RADV GFX1201)
tick 1134000 alive   930436 genomes  180989 energy   198.3 births 16548221 deaths 16545132 (2871.1s) AMD Radeon AI PRO R9700 (RADV GFX1201)
tick 1135000 alive   927823 genomes  180789 energy   198.5 births 16580402 deaths 16583015 (2873.6s) AMD Radeon AI PRO R9700 (RADV GFX1201)
tick 1136000 alive   929713 genomes  181447 energy   198.2 births 16602528 deaths 16600638 (2876.2s) AMD Radeon AI PRO R9700 (RADV GFX1201)
tick 1137000 alive   926102 genomes  179502 energy   198.5 births 16595998 deaths 16599609 (2878.7s) AMD Radeon AI PRO R9700 (RADV GFX1201)
tick 1138000 alive   923416 genomes  179961 energy   198.5 births 16492805 deaths 16495491 (2881.2s) AMD Radeon AI PRO R9700 (RADV GFX1201)
tick 1139000 alive   925259 genomes  181004 energy   198.5 births 16468498 deaths 16466655 (2883.7s) AMD Radeon AI PRO R9700 (RADV GFX1201)
tick 1140000 alive   927076 genomes  182371 energy   198.9 births 16512161 deaths 16510344 (2886.3s) AMD Radeon AI PRO R9700 (RADV GFX1201)
tick 1141000 alive   925527 genomes  183179 energy   198.9 births 16489315 deaths 16490864 (2888.8s) AMD Radeon AI PRO R9700 (RADV GFX1201)
tick 1142000 alive   923807 genomes  184944 energy   198.7 births 16413598 deaths 16415318 (2891.3s) AMD Radeon AI PRO R9700 (RADV GFX1201)
tick 1143000 alive   922654 genomes  184825 energy   198.3 births 16376881 deaths 16378034 (2893.8s) AMD Radeon AI PRO R9700 (RADV GFX1201)
tick 1144000 alive   926769 genomes  185150 energy   198.5 births 16550774 deaths 16546659 (2896.4s) AMD Radeon AI PRO R9700 (RADV GFX1201)
tick 1145000 alive   923662 genomes  185190 energy   198.3 births 16530564 deaths 16533671 (2898.9s) AMD Radeon AI PRO R9700 (RADV GFX1201)
tick 1146000 alive   928216 genomes  185460 energy   198.0 births 16538454 deaths 16533900 (2901.4s) AMD Radeon AI PRO R9700 (RADV GFX1201)
tick 1147000 alive   926540 genomes  184921 energy   198.4 births 16619727 deaths 16621403 (2903.9s) AMD Radeon AI PRO R9700 (RADV GFX1201)
tick 1148000 alive   925552 genomes  183769 energy   198.1 births 16597574 deaths 16598562 (2906.4s) AMD Radeon AI PRO R9700 (RADV GFX1201)
tick 1149000 alive   923485 genomes  183990 energy   198.9 births 16552005 deaths 16554072 (2909.0s) AMD Radeon AI PRO R9700 (RADV GFX1201)
tick 1150000 alive   923274 genomes  183440 energy   197.9 births 16500656 deaths 16500867 (2911.5s) AMD Radeon AI PRO R9700 (RADV GFX1201)
tick 1151000 alive   932064 genomes  180688 energy   198.0 births 16686452 deaths 16677662 (2914.0s) AMD Radeon AI PRO R9700 (RADV GFX1201)
tick 1152000 alive   935305 genomes  179284 energy   198.4 births 16790014 deaths 16786773 (2916.7s) AMD Radeon AI PRO R9700 (RADV GFX1201)
tick 1153000 alive   936771 genomes  178850 energy   198.1 births 16765085 deaths 16763619 (2919.3s) AMD Radeon AI PRO R9700 (RADV GFX1201)
tick 1154000 alive   932054 genomes  178813 energy   199.0 births 16662648 deaths 16667365 (2921.8s) AMD Radeon AI PRO R9700 (RADV GFX1201)
tick 1155000 alive   930441 genomes  180886 energy   199.1 births 16580422 deaths 16582035 (2924.3s) AMD Radeon AI PRO R9700 (RADV GFX1201)
tick 1156000 alive   929300 genomes  182917 energy   198.8 births 16521984 deaths 16523125 (2926.8s) AMD Radeon AI PRO R9700 (RADV GFX1201)
tick 1157000 alive   928106 genomes  184091 energy   198.7 births 16516995 deaths 16518189 (2929.5s) AMD Radeon AI PRO R9700 (RADV GFX1201)
tick 1158000 alive   928662 genomes  184678 energy   198.4 births 16615616 deaths 16615060 (2932.0s) AMD Radeon AI PRO R9700 (RADV GFX1201)
tick 1159000 alive   929479 genomes  183242 energy   198.3 births 16575849 deaths 16575032 (2934.5s) AMD Radeon AI PRO R9700 (RADV GFX1201)
tick 1160000 alive   937540 genomes  181596 energy   197.8 births 16805103 deaths 16797042 (2937.1s) AMD Radeon AI PRO R9700 (RADV GFX1201)
tick 1161000 alive   935938 genomes  179434 energy   198.1 births 16825097 deaths 16826699 (2939.6s) AMD Radeon AI PRO R9700 (RADV GFX1201)
tick 1162000 alive   926270 genomes  181593 energy   199.0 births 16611245 deaths 16620913 (2942.0s) AMD Radeon AI PRO R9700 (RADV GFX1201)
tick 1163000 alive   923375 genomes  182059 energy   198.6 births 16353408 deaths 16356303 (2944.5s) AMD Radeon AI PRO R9700 (RADV GFX1201)
tick 1164000 alive   929821 genomes  181899 energy   198.6 births 16562735 deaths 16556289 (2947.1s) AMD Radeon AI PRO R9700 (RADV GFX1201)
tick 1165000 alive   932599 genomes  182061 energy   198.2 births 16650589 deaths 16647811 (2949.7s) AMD Radeon AI PRO R9700 (RADV GFX1201)
tick 1166000 alive   930486 genomes  181141 energy   198.8 births 16646874 deaths 16648987 (2952.2s) AMD Radeon AI PRO R9700 (RADV GFX1201)
tick 1167000 alive   927711 genomes  182191 energy   198.4 births 16523187 deaths 16525962 (2954.7s) AMD Radeon AI PRO R9700 (RADV GFX1201)
tick 1168000 alive   927977 genomes  182711 energy   198.2 births 16641299 deaths 16641033 (2957.3s) AMD Radeon AI PRO R9700 (RADV GFX1201)
tick 1169000 alive   928371 genomes  182518 energy   198.2 births 16642116 deaths 16641722 (2959.7s) AMD Radeon AI PRO R9700 (RADV GFX1201)
tick 1170000 alive   931485 genomes  181658 energy   198.3 births 16714650 deaths 16711536 (2962.3s) AMD Radeon AI PRO R9700 (RADV GFX1201)
tick 1171000 alive   930275 genomes  180988 energy   198.1 births 16756608 deaths 16757818 (2964.8s) AMD Radeon AI PRO R9700 (RADV GFX1201)
tick 1172000 alive   934813 genomes  182040 energy   197.9 births 16793767 deaths 16789229 (2967.3s) AMD Radeon AI PRO R9700 (RADV GFX1201)
tick 1173000 alive   928374 genomes  181102 energy   198.1 births 16771464 deaths 16777903 (2969.9s) AMD Radeon AI PRO R9700 (RADV GFX1201)
tick 1174000 alive   927188 genomes  182728 energy   197.9 births 16709239 deaths 16710425 (2972.4s) AMD Radeon AI PRO R9700 (RADV GFX1201)
tick 1175000 alive   928385 genomes  181451 energy   197.8 births 16722641 deaths 16721444 (2974.9s) AMD Radeon AI PRO R9700 (RADV GFX1201)
tick 1176000 alive   935053 genomes  180449 energy   197.3 births 16901532 deaths 16894864 (2977.4s) AMD Radeon AI PRO R9700 (RADV GFX1201)
tick 1177000 alive   931967 genomes  178091 energy   197.9 births 16889125 deaths 16892211 (2979.9s) AMD Radeon AI PRO R9700 (RADV GFX1201)
tick 1178000 alive   932518 genomes  177814 energy   197.8 births 16755515 deaths 16754964 (2982.5s) AMD Radeon AI PRO R9700 (RADV GFX1201)
tick 1179000 alive   933113 genomes  176937 energy   198.2 births 16803268 deaths 16802673 (2985.0s) AMD Radeon AI PRO R9700 (RADV GFX1201)
tick 1180000 alive   934249 genomes  177117 energy   198.1 births 16825335 deaths 16824199 (2987.5s) AMD Radeon AI PRO R9700 (RADV GFX1201)
tick 1181000 alive   932291 genomes  178539 energy   198.1 births 16801210 deaths 16803168 (2990.0s) AMD Radeon AI PRO R9700 (RADV GFX1201)
tick 1182000 alive   928309 genomes  178694 energy   198.3 births 16682873 deaths 16686855 (2992.5s) AMD Radeon AI PRO R9700 (RADV GFX1201)
tick 1183000 alive   937732 genomes  179889 energy   197.9 births 16885398 deaths 16875975 (2995.0s) AMD Radeon AI PRO R9700 (RADV GFX1201)
tick 1184000 alive   936979 genomes  178017 energy   197.9 births 16937792 deaths 16938545 (2997.5s) AMD Radeon AI PRO R9700 (RADV GFX1201)
tick 1185000 alive   940329 genomes  176513 energy   197.8 births 17022276 deaths 17018926 (3000.0s) AMD Radeon AI PRO R9700 (RADV GFX1201)
tick 1186000 alive   938035 genomes  176276 energy   198.2 births 16995507 deaths 16997801 (3002.6s) AMD Radeon AI PRO R9700 (RADV GFX1201)
tick 1187000 alive   934155 genomes  176687 energy   197.9 births 16831036 deaths 16834916 (3005.1s) AMD Radeon AI PRO R9700 (RADV GFX1201)
tick 1188000 alive   935172 genomes  176651 energy   198.4 births 16878793 deaths 16877776 (3007.6s) AMD Radeon AI PRO R9700 (RADV GFX1201)
tick 1189000 alive   936915 genomes  177814 energy   198.2 births 16812028 deaths 16810285 (3010.1s) AMD Radeon AI PRO R9700 (RADV GFX1201)
tick 1190000 alive   938031 genomes  178637 energy   198.0 births 16919989 deaths 16918873 (3012.6s) AMD Radeon AI PRO R9700 (RADV GFX1201)
tick 1191000 alive   937070 genomes  178052 energy   197.8 births 16910674 deaths 16911635 (3015.1s) AMD Radeon AI PRO R9700 (RADV GFX1201)
tick 1192000 alive   939931 genomes  178938 energy   198.1 births 16971061 deaths 16968200 (3017.6s) AMD Radeon AI PRO R9700 (RADV GFX1201)
tick 1193000 alive   938637 genomes  178792 energy   198.5 births 16970554 deaths 16971848 (3020.1s) AMD Radeon AI PRO R9700 (RADV GFX1201)
tick 1194000 alive   936849 genomes  181687 energy   198.5 births 16835605 deaths 16837393 (3022.6s) AMD Radeon AI PRO R9700 (RADV GFX1201)
tick 1195000 alive   931075 genomes  181394 energy   198.7 births 16648374 deaths 16654148 (3025.1s) AMD Radeon AI PRO R9700 (RADV GFX1201)
tick 1196000 alive   936191 genomes  182722 energy   198.3 births 16736787 deaths 16731671 (3027.6s) AMD Radeon AI PRO R9700 (RADV GFX1201)
tick 1197000 alive   936565 genomes  183287 energy   198.6 births 16843143 deaths 16842769 (3030.1s) AMD Radeon AI PRO R9700 (RADV GFX1201)
tick 1198000 alive   934303 genomes  182913 energy   198.4 births 16788710 deaths 16790972 (3032.8s) AMD Radeon AI PRO R9700 (RADV GFX1201)
tick 1199000 alive   934952 genomes  182517 energy   198.4 births 16729168 deaths 16728519 (3035.3s) AMD Radeon AI PRO R9700 (RADV GFX1201)
tick 1200000 alive   933611 genomes  182018 energy   198.4 births 16734203 deaths 16735544 (3037.8s) AMD Radeon AI PRO R9700 (RADV GFX1201)
tick 1201000 alive   933740 genomes  181864 energy   198.8 births 16666262 deaths 16666133 (3040.3s) AMD Radeon AI PRO R9700 (RADV GFX1201)
tick 1202000 alive   935630 genomes  181217 energy   198.4 births 16638588 deaths 16636698 (3042.8s) AMD Radeon AI PRO R9700 (RADV GFX1201)
tick 1203000 alive   936586 genomes  179448 energy   198.4 births 16778176 deaths 16777220 (3045.4s) AMD Radeon AI PRO R9700 (RADV GFX1201)
tick 1204000 alive   934634 genomes  180003 energy   198.6 births 16654864 deaths 16656816 (3048.0s) AMD Radeon AI PRO R9700 (RADV GFX1201)
tick 1205000 alive   938436 genomes  180751 energy   198.5 births 16728545 deaths 16724743 (3050.5s) AMD Radeon AI PRO R9700 (RADV GFX1201)
tick 1206000 alive   937217 genomes  180139 energy   198.9 births 16800116 deaths 16801335 (3053.0s) AMD Radeon AI PRO R9700 (RADV GFX1201)
tick 1207000 alive   932574 genomes  181210 energy   198.5 births 16606531 deaths 16611174 (3055.5s) AMD Radeon AI PRO R9700 (RADV GFX1201)
tick 1208000 alive   934127 genomes  180804 energy   198.7 births 16681833 deaths 16680280 (3058.0s) AMD Radeon AI PRO R9700 (RADV GFX1201)
tick 1209000 alive   936112 genomes  181540 energy   198.5 births 16689623 deaths 16687638 (3060.5s) AMD Radeon AI PRO R9700 (RADV GFX1201)
tick 1210000 alive   938017 genomes  180444 energy   198.5 births 16820698 deaths 16818793 (3063.0s) AMD Radeon AI PRO R9700 (RADV GFX1201)
tick 1211000 alive   937646 genomes  178732 energy   198.3 births 16781763 deaths 16782134 (3065.5s) AMD Radeon AI PRO R9700 (RADV GFX1201)
tick 1212000 alive   940766 genomes  177638 energy   198.8 births 16868256 deaths 16865136 (3068.0s) AMD Radeon AI PRO R9700 (RADV GFX1201)
tick 1213000 alive   937138 genomes  176077 energy   198.9 births 16785972 deaths 16789600 (3070.5s) AMD Radeon AI PRO R9700 (RADV GFX1201)
tick 1214000 alive   939309 genomes  178026 energy   198.6 births 16771202 deaths 16769031 (3073.0s) AMD Radeon AI PRO R9700 (RADV GFX1201)
tick 1215000 alive   937456 genomes  178049 energy   198.7 births 16782717 deaths 16784570 (3075.5s) AMD Radeon AI PRO R9700 (RADV GFX1201)
tick 1216000 alive   940349 genomes  177201 energy   198.7 births 16818169 deaths 16815276 (3078.0s) AMD Radeon AI PRO R9700 (RADV GFX1201)
tick 1217000 alive   939413 genomes  178760 energy   198.7 births 16723211 deaths 16724147 (3080.5s) AMD Radeon AI PRO R9700 (RADV GFX1201)
tick 1218000 alive   937712 genomes  179184 energy   199.2 births 16720209 deaths 16721910 (3082.9s) AMD Radeon AI PRO R9700 (RADV GFX1201)
tick 1219000 alive   939883 genomes  178445 energy   198.8 births 16752857 deaths 16750686 (3085.4s) AMD Radeon AI PRO R9700 (RADV GFX1201)
tick 1220000 alive   936651 genomes  178311 energy   199.3 births 16681451 deaths 16684683 (3088.0s) AMD Radeon AI PRO R9700 (RADV GFX1201)
tick 1221000 alive   936462 genomes  177509 energy   199.0 births 16601225 deaths 16601414 (3090.6s) AMD Radeon AI PRO R9700 (RADV GFX1201)
tick 1222000 alive   936760 genomes  176945 energy   198.7 births 16629705 deaths 16629407 (3093.1s) AMD Radeon AI PRO R9700 (RADV GFX1201)
tick 1223000 alive   942649 genomes  175533 energy   199.0 births 16807662 deaths 16801773 (3095.6s) AMD Radeon AI PRO R9700 (RADV GFX1201)
tick 1224000 alive   938120 genomes  174704 energy   199.1 births 16756870 deaths 16761399 (3098.0s) AMD Radeon AI PRO R9700 (RADV GFX1201)
tick 1225000 alive   933986 genomes  177185 energy   199.5 births 16597255 deaths 16601389 (3100.5s) AMD Radeon AI PRO R9700 (RADV GFX1201)
tick 1226000 alive   935215 genomes  177342 energy   198.8 births 16540262 deaths 16539033 (3103.1s) AMD Radeon AI PRO R9700 (RADV GFX1201)
tick 1227000 alive   935224 genomes  177521 energy   199.1 births 16670408 deaths 16670399 (3105.7s) AMD Radeon AI PRO R9700 (RADV GFX1201)
tick 1228000 alive   934744 genomes  177636 energy   199.6 births 16562405 deaths 16562885 (3108.3s) AMD Radeon AI PRO R9700 (RADV GFX1201)
tick 1229000 alive   933726 genomes  175815 energy   199.2 births 16504264 deaths 16505282 (3111.1s) AMD Radeon AI PRO R9700 (RADV GFX1201)
tick 1230000 alive   935018 genomes  176689 energy   199.0 births 16490286 deaths 16488994 (3113.6s) AMD Radeon AI PRO R9700 (RADV GFX1201)
tick 1231000 alive   933413 genomes  179156 energy   199.1 births 16573852 deaths 16575457 (3116.1s) AMD Radeon AI PRO R9700 (RADV GFX1201)
tick 1232000 alive   933475 genomes  180271 energy   198.9 births 16534969 deaths 16534907 (3118.9s) AMD Radeon AI PRO R9700 (RADV GFX1201)
tick 1233000 alive   934182 genomes  181057 energy   198.9 births 16583280 deaths 16582573 (3121.7s) AMD Radeon AI PRO R9700 (RADV GFX1201)
tick 1234000 alive   932859 genomes  181231 energy   198.9 births 16553138 deaths 16554461 (3124.3s) AMD Radeon AI PRO R9700 (RADV GFX1201)
tick 1235000 alive   936132 genomes  180082 energy   198.6 births 16627889 deaths 16624616 (3126.8s) AMD Radeon AI PRO R9700 (RADV GFX1201)
tick 1236000 alive   933484 genomes  179003 energy   199.1 births 16644996 deaths 16647644 (3129.3s) AMD Radeon AI PRO R9700 (RADV GFX1201)
tick 1237000 alive   932882 genomes  177621 energy   199.1 births 16534351 deaths 16534953 (3131.8s) AMD Radeon AI PRO R9700 (RADV GFX1201)
tick 1238000 alive   936998 genomes  177295 energy   199.4 births 16570366 deaths 16566250 (3134.3s) AMD Radeon AI PRO R9700 (RADV GFX1201)
tick 1239000 alive   934868 genomes  179896 energy   199.2 births 16556622 deaths 16558752 (3136.8s) AMD Radeon AI PRO R9700 (RADV GFX1201)
tick 1240000 alive   933887 genomes  180960 energy   199.1 births 16545761 deaths 16546742 (3139.6s) AMD Radeon AI PRO R9700 (RADV GFX1201)
tick 1241000 alive   932040 genomes  183345 energy   199.2 births 16523903 deaths 16525750 (3142.2s) AMD Radeon AI PRO R9700 (RADV GFX1201)
tick 1242000 alive   929198 genomes  184049 energy   198.7 births 16406150 deaths 16408992 (3144.7s) AMD Radeon AI PRO R9700 (RADV GFX1201)
tick 1243000 alive   933373 genomes  182566 energy   199.2 births 16494700 deaths 16490525 (3147.3s) AMD Radeon AI PRO R9700 (RADV GFX1201)
tick 1244000 alive   931552 genomes  183870 energy   199.4 births 16491853 deaths 16493674 (3149.8s) AMD Radeon AI PRO R9700 (RADV GFX1201)
tick 1245000 alive   930811 genomes  182371 energy   198.8 births 16480614 deaths 16481355 (3152.3s) AMD Radeon AI PRO R9700 (RADV GFX1201)
tick 1246000 alive   927305 genomes  183214 energy   198.8 births 16477415 deaths 16480921 (3154.9s) AMD Radeon AI PRO R9700 (RADV GFX1201)
tick 1247000 alive   927351 genomes  183306 energy   198.8 births 16499731 deaths 16499685 (3157.4s) AMD Radeon AI PRO R9700 (RADV GFX1201)
tick 1248000 alive   931734 genomes  182688 energy   198.9 births 16587130 deaths 16582747 (3160.0s) AMD Radeon AI PRO R9700 (RADV GFX1201)
tick 1249000 alive   930649 genomes  182867 energy   198.7 births 16536712 deaths 16537797 (3162.6s) AMD Radeon AI PRO R9700 (RADV GFX1201)
tick 1250000 alive   932270 genomes  180042 energy   198.2 births 16664710 deaths 16663089 (3165.1s) AMD Radeon AI PRO R9700 (RADV GFX1201)
tick 1251000 alive   933010 genomes  180195 energy   198.7 births 16704477 deaths 16703737 (3167.6s) AMD Radeon AI PRO R9700 (RADV GFX1201)
tick 1252000 alive   935738 genomes  179115 energy   198.5 births 16692174 deaths 16689446 (3170.1s) AMD Radeon AI PRO R9700 (RADV GFX1201)
tick 1253000 alive   935621 genomes  178216 energy   198.5 births 16779979 deaths 16780096 (3172.6s) AMD Radeon AI PRO R9700 (RADV GFX1201)
tick 1254000 alive   937368 genomes  177897 energy   198.7 births 16790988 deaths 16789241 (3175.1s) AMD Radeon AI PRO R9700 (RADV GFX1201)
tick 1255000 alive   938214 genomes  178520 energy   198.7 births 16810220 deaths 16809374 (3177.7s) AMD Radeon AI PRO R9700 (RADV GFX1201)
tick 1256000 alive   934787 genomes  179664 energy   198.4 births 16705423 deaths 16708850 (3180.2s) AMD Radeon AI PRO R9700 (RADV GFX1201)
tick 1257000 alive   934220 genomes  179268 energy   198.6 births 16710089 deaths 16710656 (3182.8s) AMD Radeon AI PRO R9700 (RADV GFX1201)
tick 1258000 alive   931490 genomes  177847 energy   199.0 births 16674253 deaths 16676983 (3185.2s) AMD Radeon AI PRO R9700 (RADV GFX1201)
tick 1259000 alive   931822 genomes  179299 energy   198.6 births 16551885 deaths 16551553 (3187.8s) AMD Radeon AI PRO R9700 (RADV GFX1201)
tick 1260000 alive   932763 genomes  180051 energy   198.6 births 16634753 deaths 16633812 (3190.3s) AMD Radeon AI PRO R9700 (RADV GFX1201)
tick 1261000 alive   929668 genomes  180051 energy   199.1 births 16548029 deaths 16551124 (3192.8s) AMD Radeon AI PRO R9700 (RADV GFX1201)
tick 1262000 alive   933890 genomes  181400 energy   198.4 births 16655951 deaths 16651729 (3195.4s) AMD Radeon AI PRO R9700 (RADV GFX1201)
tick 1263000 alive   934259 genomes  182974 energy   198.8 births 16620716 deaths 16620347 (3197.9s) AMD Radeon AI PRO R9700 (RADV GFX1201)
tick 1264000 alive   933039 genomes  184461 energy   198.6 births 16635461 deaths 16636681 (3200.4s) AMD Radeon AI PRO R9700 (RADV GFX1201)
tick 1265000 alive   928499 genomes  184515 energy   198.7 births 16489831 deaths 16494371 (3202.9s) AMD Radeon AI PRO R9700 (RADV GFX1201)
tick 1266000 alive   929442 genomes  183300 energy   198.8 births 16501883 deaths 16500940 (3205.4s) AMD Radeon AI PRO R9700 (RADV GFX1201)
tick 1267000 alive   935481 genomes  184738 energy   198.7 births 16615147 deaths 16609108 (3208.0s) AMD Radeon AI PRO R9700 (RADV GFX1201)
tick 1268000 alive   933943 genomes  185141 energy   199.0 births 16687167 deaths 16688705 (3210.5s) AMD Radeon AI PRO R9700 (RADV GFX1201)
tick 1269000 alive   931722 genomes  185886 energy   199.2 births 16527447 deaths 16529668 (3213.1s) AMD Radeon AI PRO R9700 (RADV GFX1201)
tick 1270000 alive   932731 genomes  186699 energy   198.8 births 16529827 deaths 16528818 (3215.6s) AMD Radeon AI PRO R9700 (RADV GFX1201)
tick 1271000 alive   932502 genomes  185073 energy   198.9 births 16675209 deaths 16675438 (3218.1s) AMD Radeon AI PRO R9700 (RADV GFX1201)
tick 1272000 alive   929400 genomes  183604 energy   198.5 births 16600567 deaths 16603669 (3220.6s) AMD Radeon AI PRO R9700 (RADV GFX1201)
tick 1273000 alive   928585 genomes  182287 energy   198.3 births 16567212 deaths 16568027 (3223.1s) AMD Radeon AI PRO R9700 (RADV GFX1201)
tick 1274000 alive   931067 genomes  183691 energy   198.6 births 16614677 deaths 16612195 (3225.7s) AMD Radeon AI PRO R9700 (RADV GFX1201)
tick 1275000 alive   926709 genomes  182924 energy   198.6 births 16577222 deaths 16581580 (3228.3s) AMD Radeon AI PRO R9700 (RADV GFX1201)
tick 1276000 alive   925891 genomes  184054 energy   198.8 births 16488917 deaths 16489735 (3230.9s) AMD Radeon AI PRO R9700 (RADV GFX1201)
tick 1277000 alive   929332 genomes  182046 energy   198.9 births 16496512 deaths 16493071 (3233.6s) AMD Radeon AI PRO R9700 (RADV GFX1201)
tick 1278000 alive   931249 genomes  183054 energy   198.7 births 16606798 deaths 16604881 (3236.2s) AMD Radeon AI PRO R9700 (RADV GFX1201)
tick 1279000 alive   928861 genomes  182210 energy   198.6 births 16563166 deaths 16565554 (3238.7s) AMD Radeon AI PRO R9700 (RADV GFX1201)
tick 1280000 alive   930549 genomes  184455 energy   198.8 births 16550858 deaths 16549170 (3241.3s) AMD Radeon AI PRO R9700 (RADV GFX1201)
tick 1281000 alive   929844 genomes  184028 energy   199.0 births 16499265 deaths 16499970 (3243.8s) AMD Radeon AI PRO R9700 (RADV GFX1201)
tick 1282000 alive   930856 genomes  184064 energy   198.5 births 16596653 deaths 16595641 (3246.3s) AMD Radeon AI PRO R9700 (RADV GFX1201)
tick 1283000 alive   931577 genomes  183252 energy   198.9 births 16603658 deaths 16602937 (3249.0s) AMD Radeon AI PRO R9700 (RADV GFX1201)
tick 1284000 alive   929393 genomes  184112 energy   199.1 births 16469772 deaths 16471956 (3251.6s) AMD Radeon AI PRO R9700 (RADV GFX1201)
tick 1285000 alive   926348 genomes  184874 energy   199.2 births 16386698 deaths 16389743 (3254.1s) AMD Radeon AI PRO R9700 (RADV GFX1201)
tick 1286000 alive   927582 genomes  187048 energy   199.0 births 16404883 deaths 16403649 (3256.5s) AMD Radeon AI PRO R9700 (RADV GFX1201)
tick 1287000 alive   930661 genomes  187728 energy   198.6 births 16497614 deaths 16494535 (3259.1s) AMD Radeon AI PRO R9700 (RADV GFX1201)
tick 1288000 alive   930619 genomes  188478 energy   198.6 births 16536831 deaths 16536873 (3261.7s) AMD Radeon AI PRO R9700 (RADV GFX1201)
tick 1289000 alive   931333 genomes  187244 energy   198.9 births 16628847 deaths 16628133 (3264.2s) AMD Radeon AI PRO R9700 (RADV GFX1201)
tick 1290000 alive   928332 genomes  187834 energy   198.5 births 16611901 deaths 16614902 (3266.7s) AMD Radeon AI PRO R9700 (RADV GFX1201)
tick 1291000 alive   930587 genomes  185097 energy   198.4 births 16619310 deaths 16617055 (3269.2s) AMD Radeon AI PRO R9700 (RADV GFX1201)
tick 1292000 alive   931109 genomes  183040 energy   198.2 births 16732604 deaths 16732082 (3271.7s) AMD Radeon AI PRO R9700 (RADV GFX1201)
tick 1293000 alive   938774 genomes  183598 energy   198.3 births 16869382 deaths 16861717 (3274.2s) AMD Radeon AI PRO R9700 (RADV GFX1201)
tick 1294000 alive   933105 genomes  182311 energy   198.8 births 16677732 deaths 16683401 (3276.7s) AMD Radeon AI PRO R9700 (RADV GFX1201)
tick 1295000 alive   931818 genomes  181432 energy   199.0 births 16534374 deaths 16535661 (3279.2s) AMD Radeon AI PRO R9700 (RADV GFX1201)
tick 1296000 alive   932947 genomes  183959 energy   199.1 births 16574005 deaths 16572876 (3281.7s) AMD Radeon AI PRO R9700 (RADV GFX1201)
tick 1297000 alive   931468 genomes  185589 energy   199.0 births 16564362 deaths 16565841 (3284.2s) AMD Radeon AI PRO R9700 (RADV GFX1201)
tick 1298000 alive   929850 genomes  186172 energy   198.3 births 16634981 deaths 16636599 (3286.8s) AMD Radeon AI PRO R9700 (RADV GFX1201)
tick 1299000 alive   930686 genomes  185277 energy   198.5 births 16676961 deaths 16676125 (3289.2s) AMD Radeon AI PRO R9700 (RADV GFX1201)
tick 1300000 alive   931161 genomes  185358 energy   198.2 births 16636080 deaths 16635605 (3291.8s) AMD Radeon AI PRO R9700 (RADV GFX1201)
tick 1301000 alive   933394 genomes  182508 energy   198.3 births 16708486 deaths 16706253 (3294.4s) AMD Radeon AI PRO R9700 (RADV GFX1201)
tick 1302000 alive   934246 genomes  180932 energy   199.0 births 16686176 deaths 16685324 (3297.1s) AMD Radeon AI PRO R9700 (RADV GFX1201)
tick 1303000 alive   929651 genomes  180430 energy   198.9 births 16568561 deaths 16573156 (3299.7s) AMD Radeon AI PRO R9700 (RADV GFX1201)
tick 1304000 alive   929475 genomes  179925 energy   198.6 births 16528317 deaths 16528493 (3302.2s) AMD Radeon AI PRO R9700 (RADV GFX1201)
tick 1305000 alive   933254 genomes  178803 energy   199.0 births 16615631 deaths 16611852 (3304.8s) AMD Radeon AI PRO R9700 (RADV GFX1201)
tick 1306000 alive   932415 genomes  179028 energy   199.5 births 16518156 deaths 16518995 (3307.4s) AMD Radeon AI PRO R9700 (RADV GFX1201)
tick 1307000 alive   928480 genomes  181828 energy   199.2 births 16395756 deaths 16399691 (3310.0s) AMD Radeon AI PRO R9700 (RADV GFX1201)
tick 1308000 alive   930130 genomes  182183 energy   199.0 births 16501799 deaths 16500149 (3312.5s) AMD Radeon AI PRO R9700 (RADV GFX1201)
tick 1309000 alive   930685 genomes  180575 energy   198.9 births 16531631 deaths 16531076 (3315.0s) AMD Radeon AI PRO R9700 (RADV GFX1201)
tick 1310000 alive   933587 genomes  179839 energy   199.0 births 16532635 deaths 16529733 (3317.5s) AMD Radeon AI PRO R9700 (RADV GFX1201)
tick 1311000 alive   936948 genomes  179390 energy   199.3 births 16579661 deaths 16576300 (3320.0s) AMD Radeon AI PRO R9700 (RADV GFX1201)
tick 1312000 alive   932092 genomes  179541 energy   199.5 births 16488713 deaths 16493569 (3322.5s) AMD Radeon AI PRO R9700 (RADV GFX1201)
tick 1313000 alive   933548 genomes  181804 energy   198.8 births 16548370 deaths 16546914 (3324.9s) AMD Radeon AI PRO R9700 (RADV GFX1201)
tick 1314000 alive   934364 genomes  181135 energy   199.0 births 16636013 deaths 16635197 (3327.4s) AMD Radeon AI PRO R9700 (RADV GFX1201)
tick 1315000 alive   934735 genomes  182352 energy   198.6 births 16582012 deaths 16581641 (3329.9s) AMD Radeon AI PRO R9700 (RADV GFX1201)
tick 1316000 alive   932310 genomes  182134 energy   199.1 births 16601485 deaths 16603910 (3332.4s) AMD Radeon AI PRO R9700 (RADV GFX1201)
tick 1317000 alive   932963 genomes  181752 energy   198.2 births 16607319 deaths 16606666 (3334.9s) AMD Radeon AI PRO R9700 (RADV GFX1201)
tick 1318000 alive   934348 genomes  182379 energy   198.2 births 16758788 deaths 16757403 (3337.5s) AMD Radeon AI PRO R9700 (RADV GFX1201)
tick 1319000 alive   933558 genomes  182789 energy   199.0 births 16677333 deaths 16678123 (3340.0s) AMD Radeon AI PRO R9700 (RADV GFX1201)
tick 1320000 alive   929451 genomes  183779 energy   198.8 births 16582390 deaths 16586497 (3342.5s) AMD Radeon AI PRO R9700 (RADV GFX1201)
tick 1321000 alive   928398 genomes  184734 energy   199.0 births 16515525 deaths 16516578 (3344.9s) AMD Radeon AI PRO R9700 (RADV GFX1201)
tick 1322000 alive   930740 genomes  183214 energy   199.0 births 16561384 deaths 16559042 (3347.4s) AMD Radeon AI PRO R9700 (RADV GFX1201)
tick 1323000 alive   932554 genomes  185033 energy   199.0 births 16510269 deaths 16508455 (3349.9s) AMD Radeon AI PRO R9700 (RADV GFX1201)
tick 1324000 alive   928809 genomes  185702 energy   198.5 births 16540429 deaths 16544174 (3352.4s) AMD Radeon AI PRO R9700 (RADV GFX1201)
tick 1325000 alive   924478 genomes  186185 energy   198.5 births 16552494 deaths 16556825 (3354.9s) AMD Radeon AI PRO R9700 (RADV GFX1201)
tick 1326000 alive   925809 genomes  186422 energy   198.6 births 16475242 deaths 16473911 (3357.4s) AMD Radeon AI PRO R9700 (RADV GFX1201)
tick 1327000 alive   926555 genomes  186511 energy   198.1 births 16510574 deaths 16509828 (3359.9s) AMD Radeon AI PRO R9700 (RADV GFX1201)
tick 1328000 alive   929864 genomes  183249 energy   198.4 births 16616971 deaths 16613662 (3362.4s) AMD Radeon AI PRO R9700 (RADV GFX1201)
tick 1329000 alive   933698 genomes  182706 energy   198.6 births 16672514 deaths 16668680 (3365.0s) AMD Radeon AI PRO R9700 (RADV GFX1201)
tick 1330000 alive   932549 genomes  182834 energy   199.0 births 16593330 deaths 16594479 (3367.6s) AMD Radeon AI PRO R9700 (RADV GFX1201)
tick 1331000 alive   929873 genomes  184121 energy   199.0 births 16539239 deaths 16541915 (3370.2s) AMD Radeon AI PRO R9700 (RADV GFX1201)
tick 1332000 alive   923493 genomes  185566 energy   199.1 births 16432933 deaths 16439313 (3372.7s) AMD Radeon AI PRO R9700 (RADV GFX1201)
tick 1333000 alive   926294 genomes  188009 energy   198.8 births 16407839 deaths 16405038 (3375.2s) AMD Radeon AI PRO R9700 (RADV GFX1201)
tick 1334000 alive   923409 genomes  187975 energy   198.8 births 16435360 deaths 16438245 (3377.7s) AMD Radeon AI PRO R9700 (RADV GFX1201)
tick 1335000 alive   928275 genomes  187835 energy   198.1 births 16517304 deaths 16512438 (3380.2s) AMD Radeon AI PRO R9700 (RADV GFX1201)
tick 1336000 alive   929407 genomes  186013 energy   198.2 births 16657249 deaths 16656117 (3382.8s) AMD Radeon AI PRO R9700 (RADV GFX1201)
tick 1337000 alive   930731 genomes  183927 energy   198.1 births 16648500 deaths 16647176 (3385.4s) AMD Radeon AI PRO R9700 (RADV GFX1201)
tick 1338000 alive   928342 genomes  184873 energy   198.9 births 16631896 deaths 16634285 (3387.9s) AMD Radeon AI PRO R9700 (RADV GFX1201)
tick 1339000 alive   929134 genomes  185634 energy   198.6 births 16536314 deaths 16535522 (3390.5s) AMD Radeon AI PRO R9700 (RADV GFX1201)
tick 1340000 alive   928209 genomes  186096 energy   199.1 births 16484777 deaths 16485702 (3393.1s) AMD Radeon AI PRO R9700 (RADV GFX1201)
tick 1341000 alive   928910 genomes  187058 energy   198.4 births 16457577 deaths 16456876 (3395.7s) AMD Radeon AI PRO R9700 (RADV GFX1201)
tick 1342000 alive   927552 genomes  187004 energy   199.2 births 16503813 deaths 16505171 (3398.1s) AMD Radeon AI PRO R9700 (RADV GFX1201)
tick 1343000 alive   927511 genomes  186585 energy   198.6 births 16425145 deaths 16425186 (3400.6s) AMD Radeon AI PRO R9700 (RADV GFX1201)
tick 1344000 alive   925195 genomes  186310 energy   198.6 births 16455140 deaths 16457456 (3403.1s) AMD Radeon AI PRO R9700 (RADV GFX1201)
tick 1345000 alive   929133 genomes  185847 energy   198.5 births 16548134 deaths 16544196 (3405.6s) AMD Radeon AI PRO R9700 (RADV GFX1201)
tick 1346000 alive   929945 genomes  185352 energy   198.5 births 16608978 deaths 16608166 (3408.1s) AMD Radeon AI PRO R9700 (RADV GFX1201)
tick 1347000 alive   926915 genomes  187117 energy   198.8 births 16464552 deaths 16467582 (3410.6s) AMD Radeon AI PRO R9700 (RADV GFX1201)
tick 1348000 alive   926844 genomes  186759 energy   198.5 births 16445416 deaths 16445487 (3413.1s) AMD Radeon AI PRO R9700 (RADV GFX1201)
tick 1349000 alive   924872 genomes  187161 energy   198.5 births 16421522 deaths 16423494 (3415.7s) AMD Radeon AI PRO R9700 (RADV GFX1201)
tick 1350000 alive   925555 genomes  187974 energy   197.9 births 16450866 deaths 16450183 (3418.2s) AMD Radeon AI PRO R9700 (RADV GFX1201)
tick 1351000 alive   931965 genomes  185075 energy   198.1 births 16651681 deaths 16645271 (3420.7s) AMD Radeon AI PRO R9700 (RADV GFX1201)
tick 1352000 alive   930404 genomes  183776 energy   198.4 births 16626950 deaths 16628511 (3423.2s) AMD Radeon AI PRO R9700 (RADV GFX1201)
tick 1353000 alive   927156 genomes  183588 energy   198.5 births 16570619 deaths 16573867 (3425.7s) AMD Radeon AI PRO R9700 (RADV GFX1201)
tick 1354000 alive   926740 genomes  184850 energy   198.6 births 16518192 deaths 16518608 (3428.2s) AMD Radeon AI PRO R9700 (RADV GFX1201)
tick 1355000 alive   926815 genomes  183449 energy   198.5 births 16499206 deaths 16499131 (3430.7s) AMD Radeon AI PRO R9700 (RADV GFX1201)
tick 1356000 alive   924511 genomes  185251 energy   198.6 births 16431189 deaths 16433493 (3433.2s) AMD Radeon AI PRO R9700 (RADV GFX1201)
tick 1357000 alive   926272 genomes  184669 energy   198.4 births 16490778 deaths 16489017 (3435.7s) AMD Radeon AI PRO R9700 (RADV GFX1201)
tick 1358000 alive   925934 genomes  183571 energy   198.9 births 16455821 deaths 16456159 (3438.4s) AMD Radeon AI PRO R9700 (RADV GFX1201)
tick 1359000 alive   924948 genomes  185238 energy   198.7 births 16407211 deaths 16408197 (3440.9s) AMD Radeon AI PRO R9700 (RADV GFX1201)
tick 1360000 alive   923982 genomes  186073 energy   198.4 births 16469582 deaths 16470548 (3443.4s) AMD Radeon AI PRO R9700 (RADV GFX1201)
tick 1361000 alive   925384 genomes  186916 energy   198.2 births 16538444 deaths 16537042 (3445.9s) AMD Radeon AI PRO R9700 (RADV GFX1201)
tick 1362000 alive   925621 genomes  185580 energy   197.8 births 16550109 deaths 16549872 (3448.4s) AMD Radeon AI PRO R9700 (RADV GFX1201)
tick 1363000 alive   925311 genomes  184782 energy   197.5 births 16654634 deaths 16654944 (3451.0s) AMD Radeon AI PRO R9700 (RADV GFX1201)
tick 1364000 alive   922023 genomes  183260 energy   197.9 births 16648370 deaths 16651658 (3453.5s) AMD Radeon AI PRO R9700 (RADV GFX1201)
tick 1365000 alive   922239 genomes  182776 energy   197.9 births 16554108 deaths 16553892 (3455.9s) AMD Radeon AI PRO R9700 (RADV GFX1201)
tick 1366000 alive   922013 genomes  183956 energy   197.9 births 16543755 deaths 16543981 (3458.4s) AMD Radeon AI PRO R9700 (RADV GFX1201)
tick 1367000 alive   919379 genomes  185006 energy   198.1 births 16518749 deaths 16521383 (3460.9s) AMD Radeon AI PRO R9700 (RADV GFX1201)
tick 1368000 alive   924063 genomes  183652 energy   197.9 births 16523613 deaths 16518929 (3463.4s) AMD Radeon AI PRO R9700 (RADV GFX1201)
tick 1369000 alive   927366 genomes  184438 energy   197.9 births 16629039 deaths 16625736 (3465.9s) AMD Radeon AI PRO R9700 (RADV GFX1201)
tick 1370000 alive   925841 genomes  185131 energy   198.4 births 16550724 deaths 16552249 (3468.4s) AMD Radeon AI PRO R9700 (RADV GFX1201)
tick 1371000 alive   924768 genomes  185859 energy   198.2 births 16550367 deaths 16551440 (3470.9s) AMD Radeon AI PRO R9700 (RADV GFX1201)
tick 1372000 alive   926388 genomes  184829 energy   198.3 births 16521308 deaths 16519688 (3473.6s) AMD Radeon AI PRO R9700 (RADV GFX1201)
tick 1373000 alive   925743 genomes  185191 energy   198.0 births 16619800 deaths 16620445 (3476.2s) AMD Radeon AI PRO R9700 (RADV GFX1201)
tick 1374000 alive   928595 genomes  185488 energy   198.3 births 16624884 deaths 16622032 (3478.7s) AMD Radeon AI PRO R9700 (RADV GFX1201)
tick 1375000 alive   927107 genomes  186404 energy   198.0 births 16600909 deaths 16602397 (3481.2s) AMD Radeon AI PRO R9700 (RADV GFX1201)
tick 1376000 alive   928937 genomes  186643 energy   198.0 births 16613434 deaths 16611604 (3483.7s) AMD Radeon AI PRO R9700 (RADV GFX1201)
tick 1377000 alive   930110 genomes  185121 energy   198.0 births 16709425 deaths 16708252 (3486.2s) AMD Radeon AI PRO R9700 (RADV GFX1201)
tick 1378000 alive   926954 genomes  183123 energy   198.1 births 16599575 deaths 16602731 (3488.7s) AMD Radeon AI PRO R9700 (RADV GFX1201)
tick 1379000 alive   930245 genomes  182178 energy   198.1 births 16697382 deaths 16694091 (3491.2s) AMD Radeon AI PRO R9700 (RADV GFX1201)
tick 1380000 alive   930309 genomes  183485 energy   197.9 births 16657138 deaths 16657074 (3493.7s) AMD Radeon AI PRO R9700 (RADV GFX1201)
tick 1381000 alive   927252 genomes  184490 energy   198.2 births 16641686 deaths 16644743 (3496.2s) AMD Radeon AI PRO R9700 (RADV GFX1201)
tick 1382000 alive   928326 genomes  184193 energy   197.6 births 16654801 deaths 16653727 (3498.8s) AMD Radeon AI PRO R9700 (RADV GFX1201)
tick 1383000 alive   932131 genomes  182936 energy   197.7 births 16787451 deaths 16783646 (3501.3s) AMD Radeon AI PRO R9700 (RADV GFX1201)
tick 1384000 alive   929665 genomes  184131 energy   198.6 births 16770801 deaths 16773267 (3503.9s) AMD Radeon AI PRO R9700 (RADV GFX1201)
tick 1385000 alive   919537 genomes  186510 energy   198.1 births 16495953 deaths 16506081 (3506.4s) AMD Radeon AI PRO R9700 (RADV GFX1201)
tick 1386000 alive   922103 genomes  186350 energy   197.2 births 16651016 deaths 16648450 (3508.9s) AMD Radeon AI PRO R9700 (RADV GFX1201)
tick 1387000 alive   925245 genomes  185423 energy   197.6 births 16725453 deaths 16722311 (3511.5s) AMD Radeon AI PRO R9700 (RADV GFX1201)
tick 1388000 alive   925323 genomes  183649 energy   197.9 births 16654847 deaths 16654769 (3514.0s) AMD Radeon AI PRO R9700 (RADV GFX1201)
tick 1389000 alive   923811 genomes  184697 energy   197.7 births 16684258 deaths 16685770 (3516.5s) AMD Radeon AI PRO R9700 (RADV GFX1201)
tick 1390000 alive   927786 genomes  183680 energy   197.5 births 16637884 deaths 16633909 (3519.0s) AMD Radeon AI PRO R9700 (RADV GFX1201)
tick 1391000 alive   927951 genomes  183567 energy   198.1 births 16756323 deaths 16756158 (3521.5s) AMD Radeon AI PRO R9700 (RADV GFX1201)
tick 1392000 alive   928706 genomes  183574 energy   198.0 births 16699203 deaths 16698448 (3524.1s) AMD Radeon AI PRO R9700 (RADV GFX1201)
tick 1393000 alive   929822 genomes  182084 energy   197.7 births 16699663 deaths 16698547 (3526.6s) AMD Radeon AI PRO R9700 (RADV GFX1201)
tick 1394000 alive   928407 genomes  181305 energy   198.3 births 16688785 deaths 16690200 (3529.1s) AMD Radeon AI PRO R9700 (RADV GFX1201)
tick 1395000 alive   930519 genomes  180379 energy   197.8 births 16683854 deaths 16681742 (3531.6s) AMD Radeon AI PRO R9700 (RADV GFX1201)
tick 1396000 alive   929143 genomes  179386 energy   198.4 births 16775622 deaths 16776998 (3534.2s) AMD Radeon AI PRO R9700 (RADV GFX1201)
tick 1397000 alive   932219 genomes  181810 energy   197.7 births 16764735 deaths 16761659 (3536.8s) AMD Radeon AI PRO R9700 (RADV GFX1201)
tick 1398000 alive   932017 genomes  179999 energy   197.7 births 16813256 deaths 16813458 (3539.3s) AMD Radeon AI PRO R9700 (RADV GFX1201)
tick 1399000 alive   937472 genomes  176514 energy   198.1 births 16907400 deaths 16901945 (3541.9s) AMD Radeon AI PRO R9700 (RADV GFX1201)
tick 1400000 alive   936435 genomes  174823 energy   198.5 births 16826653 deaths 16827690 (3544.6s) AMD Radeon AI PRO R9700 (RADV GFX1201)
tick 1401000 alive   933897 genomes  175734 energy   198.6 births 16725849 deaths 16728387 (3547.2s) AMD Radeon AI PRO R9700 (RADV GFX1201)
tick 1402000 alive   933003 genomes  177902 energy   198.8 births 16670997 deaths 16671891 (3549.9s) AMD Radeon AI PRO R9700 (RADV GFX1201)
tick 1403000 alive   931427 genomes  178911 energy   198.5 births 16602322 deaths 16603898 (3552.4s) AMD Radeon AI PRO R9700 (RADV GFX1201)
tick 1404000 alive   935224 genomes  177930 energy   198.6 births 16747525 deaths 16743728 (3554.9s) AMD Radeon AI PRO R9700 (RADV GFX1201)
tick 1405000 alive   933215 genomes  179120 energy   198.6 births 16646263 deaths 16648272 (3557.5s) AMD Radeon AI PRO R9700 (RADV GFX1201)
tick 1406000 alive   933690 genomes  179292 energy   198.6 births 16673369 deaths 16672894 (3560.0s) AMD Radeon AI PRO R9700 (RADV GFX1201)
tick 1407000 alive   931570 genomes  179891 energy   198.9 births 16660837 deaths 16662957 (3562.5s) AMD Radeon AI PRO R9700 (RADV GFX1201)
tick 1408000 alive   929541 genomes  182714 energy   198.5 births 16558730 deaths 16560759 (3565.1s) AMD Radeon AI PRO R9700 (RADV GFX1201)
tick 1409000 alive   932386 genomes  182668 energy   198.2 births 16686291 deaths 16683446 (3567.6s) AMD Radeon AI PRO R9700 (RADV GFX1201)
tick 1410000 alive   934516 genomes  179906 energy   198.0 births 16847139 deaths 16845009 (3570.0s) AMD Radeon AI PRO R9700 (RADV GFX1201)
tick 1411000 alive   934826 genomes  180816 energy   198.3 births 16789278 deaths 16788968 (3572.6s) AMD Radeon AI PRO R9700 (RADV GFX1201)
tick 1412000 alive   933931 genomes  181703 energy   198.6 births 16764624 deaths 16765519 (3575.1s) AMD Radeon AI PRO R9700 (RADV GFX1201)
tick 1413000 alive   933569 genomes  182772 energy   198.7 births 16660894 deaths 16661256 (3577.6s) AMD Radeon AI PRO R9700 (RADV GFX1201)
tick 1414000 alive   934398 genomes  183066 energy   198.9 births 16707139 deaths 16706310 (3580.2s) AMD Radeon AI PRO R9700 (RADV GFX1201)
tick 1415000 alive   936060 genomes  183287 energy   198.5 births 16752761 deaths 16751099 (3582.6s) AMD Radeon AI PRO R9700 (RADV GFX1201)
tick 1416000 alive   932538 genomes  181440 energy   198.3 births 16709596 deaths 16713118 (3585.1s) AMD Radeon AI PRO R9700 (RADV GFX1201)
tick 1417000 alive   938239 genomes  180260 energy   198.3 births 16806020 deaths 16800319 (3587.6s) AMD Radeon AI PRO R9700 (RADV GFX1201)
tick 1418000 alive   934087 genomes  181637 energy   198.5 births 16731846 deaths 16735998 (3590.2s) AMD Radeon AI PRO R9700 (RADV GFX1201)
tick 1419000 alive   933234 genomes  183757 energy   198.4 births 16718970 deaths 16719823 (3592.7s) AMD Radeon AI PRO R9700 (RADV GFX1201)
tick 1420000 alive   934906 genomes  184713 energy   198.4 births 16759474 deaths 16757802 (3595.3s) AMD Radeon AI PRO R9700 (RADV GFX1201)
tick 1421000 alive   934730 genomes  186119 energy   198.5 births 16716903 deaths 16717079 (3597.8s) AMD Radeon AI PRO R9700 (RADV GFX1201)
tick 1422000 alive   930418 genomes  187175 energy   198.4 births 16630579 deaths 16634891 (3600.3s) AMD Radeon AI PRO R9700 (RADV GFX1201)
tick 1423000 alive   929565 genomes  188024 energy   198.7 births 16568121 deaths 16568974 (3602.8s) AMD Radeon AI PRO R9700 (RADV GFX1201)
tick 1424000 alive   933883 genomes  187211 energy   198.3 births 16714838 deaths 16710520 (3605.6s) AMD Radeon AI PRO R9700 (RADV GFX1201)
tick 1425000 alive   934071 genomes  185477 energy   198.6 births 16739091 deaths 16738903 (3608.2s) AMD Radeon AI PRO R9700 (RADV GFX1201)
tick 1426000 alive   934202 genomes  184451 energy   198.5 births 16710793 deaths 16710662 (3610.8s) AMD Radeon AI PRO R9700 (RADV GFX1201)
tick 1427000 alive   938192 genomes  182918 energy   198.6 births 16756300 deaths 16752310 (3613.4s) AMD Radeon AI PRO R9700 (RADV GFX1201)
tick 1428000 alive   937132 genomes  182058 energy   198.4 births 16794976 deaths 16796036 (3615.9s) AMD Radeon AI PRO R9700 (RADV GFX1201)
tick 1429000 alive   936093 genomes  179283 energy   198.8 births 16800543 deaths 16801582 (3618.3s) AMD Radeon AI PRO R9700 (RADV GFX1201)
tick 1430000 alive   936750 genomes  179421 energy   198.7 births 16692772 deaths 16692115 (3620.8s) AMD Radeon AI PRO R9700 (RADV GFX1201)
tick 1431000 alive   936685 genomes  179253 energy   198.8 births 16673437 deaths 16673502 (3623.3s) AMD Radeon AI PRO R9700 (RADV GFX1201)
tick 1432000 alive   936494 genomes  179605 energy   198.3 births 16806844 deaths 16807035 (3625.8s) AMD Radeon AI PRO R9700 (RADV GFX1201)
tick 1433000 alive   934806 genomes  177660 energy   198.4 births 16855612 deaths 16857300 (3628.4s) AMD Radeon AI PRO R9700 (RADV GFX1201)
tick 1434000 alive   939442 genomes  173985 energy   198.7 births 16873356 deaths 16868720 (3630.9s) AMD Radeon AI PRO R9700 (RADV GFX1201)
tick 1435000 alive   935994 genomes  173669 energy   198.9 births 16729968 deaths 16733416 (3633.4s) AMD Radeon AI PRO R9700 (RADV GFX1201)
tick 1436000 alive   934882 genomes  174492 energy   198.8 births 16682256 deaths 16683368 (3636.0s) AMD Radeon AI PRO R9700 (RADV GFX1201)
tick 1437000 alive   933898 genomes  175018 energy   199.0 births 16619637 deaths 16620621 (3638.5s) AMD Radeon AI PRO R9700 (RADV GFX1201)
tick 1438000 alive   932238 genomes  176671 energy   199.1 births 16579102 deaths 16580762 (3641.0s) AMD Radeon AI PRO R9700 (RADV GFX1201)
tick 1439000 alive   936046 genomes  178754 energy   198.9 births 16649467 deaths 16645659 (3643.5s) AMD Radeon AI PRO R9700 (RADV GFX1201)
tick 1440000 alive   932712 genomes  180210 energy   198.8 births 16669809 deaths 16673143 (3646.0s) AMD Radeon AI PRO R9700 (RADV GFX1201)
tick 1441000 alive   929778 genomes  181875 energy   198.5 births 16518330 deaths 16521264 (3648.5s) AMD Radeon AI PRO R9700 (RADV GFX1201)
tick 1442000 alive   931439 genomes  181829 energy   198.6 births 16555458 deaths 16553797 (3651.0s) AMD Radeon AI PRO R9700 (RADV GFX1201)
tick 1443000 alive   931944 genomes  181080 energy   198.4 births 16698559 deaths 16698054 (3653.6s) AMD Radeon AI PRO R9700 (RADV GFX1201)
tick 1444000 alive   931947 genomes  180507 energy   198.2 births 16704715 deaths 16704712 (3656.0s) AMD Radeon AI PRO R9700 (RADV GFX1201)
tick 1445000 alive   930584 genomes  179937 energy   198.4 births 16681833 deaths 16683196 (3658.5s) AMD Radeon AI PRO R9700 (RADV GFX1201)
tick 1446000 alive   933689 genomes  177904 energy   197.9 births 16786356 deaths 16783251 (3661.1s) AMD Radeon AI PRO R9700 (RADV GFX1201)
tick 1447000 alive   934034 genomes  178024 energy   198.5 births 16794163 deaths 16793818 (3663.6s) AMD Radeon AI PRO R9700 (RADV GFX1201)
tick 1448000 alive   930823 genomes  178635 energy   198.9 births 16629709 deaths 16632920 (3666.0s) AMD Radeon AI PRO R9700 (RADV GFX1201)
tick 1449000 alive   931612 genomes  180222 energy   199.0 births 16512674 deaths 16511885 (3668.5s) AMD Radeon AI PRO R9700 (RADV GFX1201)
tick 1450000 alive   932525 genomes  179661 energy   198.1 births 16598080 deaths 16597167 (3671.1s) AMD Radeon AI PRO R9700 (RADV GFX1201)
tick 1451000 alive   937648 genomes  178512 energy   198.7 births 16751212 deaths 16746089 (3673.8s) AMD Radeon AI PRO R9700 (RADV GFX1201)
tick 1452000 alive   936400 genomes  176939 energy   198.7 births 16742728 deaths 16743976 (3676.3s) AMD Radeon AI PRO R9700 (RADV GFX1201)
tick 1453000 alive   934129 genomes  178998 energy   199.3 births 16584426 deaths 16586697 (3678.8s) AMD Radeon AI PRO R9700 (RADV GFX1201)
tick 1454000 alive   930469 genomes  180992 energy   198.5 births 16534925 deaths 16538585 (3681.3s) AMD Radeon AI PRO R9700 (RADV GFX1201)
tick 1455000 alive   932805 genomes  179691 energy   198.9 births 16624450 deaths 16622114 (3683.8s) AMD Radeon AI PRO R9700 (RADV GFX1201)
tick 1456000 alive   935458 genomes  179968 energy   198.8 births 16637671 deaths 16635018 (3686.3s) AMD Radeon AI PRO R9700 (RADV GFX1201)
tick 1457000 alive   939117 genomes  178298 energy   198.8 births 16698725 deaths 16695066 (3688.8s) AMD Radeon AI PRO R9700 (RADV GFX1201)
tick 1458000 alive   940105 genomes  176600 energy   199.3 births 16754853 deaths 16753865 (3691.2s) AMD Radeon AI PRO R9700 (RADV GFX1201)
tick 1459000 alive   935561 genomes  179648 energy   199.2 births 16632325 deaths 16636869 (3693.7s) AMD Radeon AI PRO R9700 (RADV GFX1201)
tick 1460000 alive   936248 genomes  180722 energy   198.5 births 16693297 deaths 16692610 (3696.2s) AMD Radeon AI PRO R9700 (RADV GFX1201)
tick 1461000 alive   933606 genomes  180764 energy   198.7 births 16660648 deaths 16663290 (3698.7s) AMD Radeon AI PRO R9700 (RADV GFX1201)
tick 1462000 alive   934223 genomes  177843 energy   198.4 births 16721746 deaths 16721129 (3701.2s) AMD Radeon AI PRO R9700 (RADV GFX1201)
tick 1463000 alive   934256 genomes  178409 energy   198.6 births 16690987 deaths 16690954 (3703.7s) AMD Radeon AI PRO R9700 (RADV GFX1201)
tick 1464000 alive   930432 genomes  179877 energy   198.9 births 16653926 deaths 16657750 (3706.4s) AMD Radeon AI PRO R9700 (RADV GFX1201)
tick 1465000 alive   928024 genomes  182153 energy   199.0 births 16447621 deaths 16450029 (3708.8s) AMD Radeon AI PRO R9700 (RADV GFX1201)
tick 1466000 alive   927420 genomes  183740 energy   198.7 births 16535195 deaths 16535799 (3711.3s) AMD Radeon AI PRO R9700 (RADV GFX1201)
tick 1467000 alive   928325 genomes  182480 energy   198.6 births 16507175 deaths 16506270 (3713.8s) AMD Radeon AI PRO R9700 (RADV GFX1201)
tick 1468000 alive   931589 genomes  181925 energy   198.6 births 16573616 deaths 16570352 (3716.3s) AMD Radeon AI PRO R9700 (RADV GFX1201)
tick 1469000 alive   934008 genomes  182451 energy   199.0 births 16617034 deaths 16614615 (3718.8s) AMD Radeon AI PRO R9700 (RADV GFX1201)
tick 1470000 alive   934118 genomes  180358 energy   198.9 births 16625969 deaths 16625859 (3721.2s) AMD Radeon AI PRO R9700 (RADV GFX1201)
tick 1471000 alive   934096 genomes  181406 energy   198.9 births 16543847 deaths 16543869 (3723.7s) AMD Radeon AI PRO R9700 (RADV GFX1201)
tick 1472000 alive   928841 genomes  181835 energy   199.3 births 16441985 deaths 16447240 (3726.2s) AMD Radeon AI PRO R9700 (RADV GFX1201)
tick 1473000 alive   931359 genomes  181083 energy   198.2 births 16566075 deaths 16563557 (3728.7s) AMD Radeon AI PRO R9700 (RADV GFX1201)
tick 1474000 alive   939305 genomes  180295 energy   198.4 births 16821408 deaths 16813462 (3731.2s) AMD Radeon AI PRO R9700 (RADV GFX1201)
tick 1475000 alive   934258 genomes  177830 energy   198.7 births 16784750 deaths 16789797 (3733.9s) AMD Radeon AI PRO R9700 (RADV GFX1201)
tick 1476000 alive   934550 genomes  179294 energy   198.7 births 16645017 deaths 16644725 (3736.7s) AMD Radeon AI PRO R9700 (RADV GFX1201)
tick 1477000 alive   934060 genomes  178152 energy   199.3 births 16614768 deaths 16615258 (3739.3s) AMD Radeon AI PRO R9700 (RADV GFX1201)
tick 1478000 alive   931359 genomes  179961 energy   198.7 births 16504057 deaths 16506758 (3741.9s) AMD Radeon AI PRO R9700 (RADV GFX1201)
tick 1479000 alive   931176 genomes  180411 energy   198.8 births 16544424 deaths 16544607 (3744.4s) AMD Radeon AI PRO R9700 (RADV GFX1201)
tick 1480000 alive   932844 genomes  181428 energy   198.1 births 16602811 deaths 16601143 (3746.9s) AMD Radeon AI PRO R9700 (RADV GFX1201)
tick 1481000 alive   933387 genomes  181586 energy   198.4 births 16679533 deaths 16678990 (3749.5s) AMD Radeon AI PRO R9700 (RADV GFX1201)
tick 1482000 alive   929062 genomes  180099 energy   198.9 births 16607883 deaths 16612208 (3752.1s) AMD Radeon AI PRO R9700 (RADV GFX1201)
tick 1483000 alive   929432 genomes  180926 energy   198.9 births 16467747 deaths 16467377 (3754.7s) AMD Radeon AI PRO R9700 (RADV GFX1201)
tick 1484000 alive   933829 genomes  180966 energy   198.7 births 16555274 deaths 16550877 (3757.4s) AMD Radeon AI PRO R9700 (RADV GFX1201)
tick 1485000 alive   935138 genomes  178309 energy   199.0 births 16637667 deaths 16636358 (3759.9s) AMD Radeon AI PRO R9700 (RADV GFX1201)
tick 1486000 alive   935022 genomes  178394 energy   198.5 births 16665470 deaths 16665586 (3762.5s) AMD Radeon AI PRO R9700 (RADV GFX1201)
tick 1487000 alive   936842 genomes  176797 energy   198.9 births 16735454 deaths 16733634 (3765.0s) AMD Radeon AI PRO R9700 (RADV GFX1201)
tick 1488000 alive   935323 genomes  177494 energy   198.8 births 16700336 deaths 16701855 (3767.6s) AMD Radeon AI PRO R9700 (RADV GFX1201)
tick 1489000 alive   934336 genomes  176894 energy   198.3 births 16689414 deaths 16690401 (3770.1s) AMD Radeon AI PRO R9700 (RADV GFX1201)
tick 1490000 alive   936194 genomes  176749 energy   198.4 births 16739349 deaths 16737491 (3772.6s) AMD Radeon AI PRO R9700 (RADV GFX1201)
tick 1491000 alive   934825 genomes  175706 energy   198.7 births 16742408 deaths 16743777 (3775.1s) AMD Radeon AI PRO R9700 (RADV GFX1201)
tick 1492000 alive   936041 genomes  175132 energy   198.8 births 16739359 deaths 16738143 (3777.7s) AMD Radeon AI PRO R9700 (RADV GFX1201)
tick 1493000 alive   933194 genomes  175455 energy   199.1 births 16548535 deaths 16551382 (3780.1s) AMD Radeon AI PRO R9700 (RADV GFX1201)
tick 1494000 alive   933909 genomes  177399 energy   198.9 births 16493073 deaths 16492358 (3782.7s) AMD Radeon AI PRO R9700 (RADV GFX1201)
tick 1495000 alive   931236 genomes  178813 energy   198.9 births 16487777 deaths 16490450 (3785.2s) AMD Radeon AI PRO R9700 (RADV GFX1201)
tick 1496000 alive   929457 genomes  181026 energy   199.0 births 16481679 deaths 16483458 (3787.8s) AMD Radeon AI PRO R9700 (RADV GFX1201)
tick 1497000 alive   929454 genomes  181869 energy   198.7 births 16442743 deaths 16442746 (3790.3s) AMD Radeon AI PRO R9700 (RADV GFX1201)
tick 1498000 alive   929553 genomes  178770 energy   198.5 births 16566932 deaths 16566833 (3792.8s) AMD Radeon AI PRO R9700 (RADV GFX1201)
tick 1499000 alive   935401 genomes  177686 energy   198.6 births 16715477 deaths 16709629 (3795.3s) AMD Radeon AI PRO R9700 (RADV GFX1201)
tick 1500000 alive   934712 genomes  175045 energy   199.1 births 16666099 deaths 16666788 (3797.8s) AMD Radeon AI PRO R9700 (RADV GFX1201)
tick 1501000 alive   936804 genomes  174286 energy   199.0 births 16600091 deaths 16597999 (3800.3s) AMD Radeon AI PRO R9700 (RADV GFX1201)
tick 1502000 alive   934248 genomes  176620 energy   199.4 births 16525855 deaths 16528411 (3802.8s) AMD Radeon AI PRO R9700 (RADV GFX1201)
tick 1503000 alive   931855 genomes  178288 energy   199.6 births 16432743 deaths 16435136 (3805.3s) AMD Radeon AI PRO R9700 (RADV GFX1201)
tick 1504000 alive   933399 genomes  181171 energy   199.1 births 16506821 deaths 16505277 (3808.0s) AMD Radeon AI PRO R9700 (RADV GFX1201)
tick 1505000 alive   928857 genomes  181360 energy   198.9 births 16507749 deaths 16512291 (3810.7s) AMD Radeon AI PRO R9700 (RADV GFX1201)
tick 1506000 alive   929073 genomes  179753 energy   198.6 births 16483190 deaths 16482974 (3813.3s) AMD Radeon AI PRO R9700 (RADV GFX1201)
tick 1507000 alive   929142 genomes  179684 energy   199.2 births 16525045 deaths 16524976 (3815.8s) AMD Radeon AI PRO R9700 (RADV GFX1201)
tick 1508000 alive   930470 genomes  181612 energy   199.0 births 16492453 deaths 16491125 (3818.4s) AMD Radeon AI PRO R9700 (RADV GFX1201)
tick 1509000 alive   926342 genomes  184193 energy   199.0 births 16455590 deaths 16459718 (3820.9s) AMD Radeon AI PRO R9700 (RADV GFX1201)
tick 1510000 alive   928341 genomes  184570 energy   198.3 births 16509869 deaths 16507870 (3823.4s) AMD Radeon AI PRO R9700 (RADV GFX1201)
tick 1511000 alive   930354 genomes  183431 energy   198.5 births 16578782 deaths 16576769 (3825.9s) AMD Radeon AI PRO R9700 (RADV GFX1201)
tick 1512000 alive   930153 genomes  183701 energy   198.5 births 16588513 deaths 16588714 (3828.6s) AMD Radeon AI PRO R9700 (RADV GFX1201)
tick 1513000 alive   929109 genomes  184203 energy   198.6 births 16620832 deaths 16621876 (3831.1s) AMD Radeon AI PRO R9700 (RADV GFX1201)
tick 1514000 alive   929854 genomes  183335 energy   198.7 births 16603884 deaths 16603139 (3833.6s) AMD Radeon AI PRO R9700 (RADV GFX1201)
tick 1515000 alive   931147 genomes  182189 energy   198.4 births 16639619 deaths 16638326 (3836.1s) AMD Radeon AI PRO R9700 (RADV GFX1201)
tick 1516000 alive   933752 genomes  181164 energy   198.2 births 16687682 deaths 16685077 (3838.7s) AMD Radeon AI PRO R9700 (RADV GFX1201)
tick 1517000 alive   933739 genomes  179094 energy   198.8 births 16676480 deaths 16676493 (3841.2s) AMD Radeon AI PRO R9700 (RADV GFX1201)
tick 1518000 alive   931903 genomes  182188 energy   198.8 births 16616585 deaths 16618421 (3843.7s) AMD Radeon AI PRO R9700 (RADV GFX1201)
tick 1519000 alive   930290 genomes  182580 energy   198.7 births 16655603 deaths 16657216 (3846.3s) AMD Radeon AI PRO R9700 (RADV GFX1201)
tick 1520000 alive   931007 genomes  182148 energy   198.6 births 16610520 deaths 16609803 (3848.8s) AMD Radeon AI PRO R9700 (RADV GFX1201)
tick 1521000 alive   932544 genomes  179482 energy   198.5 births 16667198 deaths 16665661 (3851.3s) AMD Radeon AI PRO R9700 (RADV GFX1201)
tick 1522000 alive   932032 genomes  178567 energy   198.2 births 16672475 deaths 16672987 (3853.8s) AMD Radeon AI PRO R9700 (RADV GFX1201)
tick 1523000 alive   929757 genomes  177715 energy   198.3 births 16672690 deaths 16674965 (3856.3s) AMD Radeon AI PRO R9700 (RADV GFX1201)
tick 1524000 alive   930258 genomes  178962 energy   198.4 births 16645243 deaths 16644742 (3858.8s) AMD Radeon AI PRO R9700 (RADV GFX1201)
tick 1525000 alive   930886 genomes  179367 energy   198.7 births 16625662 deaths 16625034 (3861.3s) AMD Radeon AI PRO R9700 (RADV GFX1201)
tick 1526000 alive   926197 genomes  179044 energy   198.7 births 16504499 deaths 16509188 (3863.8s) AMD Radeon AI PRO R9700 (RADV GFX1201)
tick 1527000 alive   922459 genomes  182122 energy   198.7 births 16382457 deaths 16386195 (3866.3s) AMD Radeon AI PRO R9700 (RADV GFX1201)
tick 1528000 alive   926503 genomes  183130 energy   197.8 births 16544975 deaths 16540931 (3868.8s) AMD Radeon AI PRO R9700 (RADV GFX1201)
tick 1529000 alive   930658 genomes  182856 energy   198.2 births 16722842 deaths 16718687 (3871.4s) AMD Radeon AI PRO R9700 (RADV GFX1201)
tick 1530000 alive   931183 genomes  182298 energy   198.2 births 16641274 deaths 16640749 (3873.9s) AMD Radeon AI PRO R9700 (RADV GFX1201)
tick 1531000 alive   930403 genomes  183600 energy   198.5 births 16622804 deaths 16623584 (3876.4s) AMD Radeon AI PRO R9700 (RADV GFX1201)
tick 1532000 alive   930046 genomes  182564 energy   198.6 births 16597764 deaths 16598121 (3879.0s) AMD Radeon AI PRO R9700 (RADV GFX1201)
tick 1533000 alive   928708 genomes  182480 energy   198.7 births 16571411 deaths 16572749 (3881.5s) AMD Radeon AI PRO R9700 (RADV GFX1201)
tick 1534000 alive   929395 genomes  181354 energy   198.3 births 16670963 deaths 16670276 (3884.1s) AMD Radeon AI PRO R9700 (RADV GFX1201)
tick 1535000 alive   929598 genomes  182850 energy   198.4 births 16544729 deaths 16544526 (3886.6s) AMD Radeon AI PRO R9700 (RADV GFX1201)
tick 1536000 alive   928708 genomes  186092 energy   198.9 births 16545250 deaths 16546140 (3889.3s) AMD Radeon AI PRO R9700 (RADV GFX1201)
tick 1537000 alive   926518 genomes  188194 energy   198.7 births 16554994 deaths 16557184 (3891.9s) AMD Radeon AI PRO R9700 (RADV GFX1201)
tick 1538000 alive   926110 genomes  188592 energy   198.5 births 16481591 deaths 16481999 (3894.4s) AMD Radeon AI PRO R9700 (RADV GFX1201)
tick 1539000 alive   929757 genomes  188214 energy   197.7 births 16631620 deaths 16627973 (3896.9s) AMD Radeon AI PRO R9700 (RADV GFX1201)
tick 1540000 alive   930253 genomes  186615 energy   198.4 births 16741758 deaths 16741262 (3899.5s) AMD Radeon AI PRO R9700 (RADV GFX1201)
tick 1541000 alive   930790 genomes  185491 energy   198.3 births 16685141 deaths 16684604 (3902.1s) AMD Radeon AI PRO R9700 (RADV GFX1201)
tick 1542000 alive   931945 genomes  185883 energy   199.0 births 16602296 deaths 16601141 (3904.6s) AMD Radeon AI PRO R9700 (RADV GFX1201)
tick 1543000 alive   933481 genomes  185718 energy   198.1 births 16587700 deaths 16586164 (3907.3s) AMD Radeon AI PRO R9700 (RADV GFX1201)
tick 1544000 alive   931932 genomes  184981 energy   198.2 births 16715589 deaths 16717138 (3909.9s) AMD Radeon AI PRO R9700 (RADV GFX1201)
tick 1545000 alive   932249 genomes  186372 energy   198.4 births 16705895 deaths 16705578 (3912.5s) AMD Radeon AI PRO R9700 (RADV GFX1201)
tick 1546000 alive   928664 genomes  187605 energy   198.5 births 16580677 deaths 16584262 (3915.0s) AMD Radeon AI PRO R9700 (RADV GFX1201)
tick 1547000 alive   930131 genomes  186744 energy   198.4 births 16620870 deaths 16619403 (3917.5s) AMD Radeon AI PRO R9700 (RADV GFX1201)
tick 1548000 alive   929833 genomes  184621 energy   198.6 births 16636351 deaths 16636649 (3920.0s) AMD Radeon AI PRO R9700 (RADV GFX1201)
tick 1549000 alive   930573 genomes  184470 energy   198.5 births 16695654 deaths 16694914 (3922.7s) AMD Radeon AI PRO R9700 (RADV GFX1201)
tick 1550000 alive   927264 genomes  182952 energy   199.0 births 16519592 deaths 16522901 (3925.3s) AMD Radeon AI PRO R9700 (RADV GFX1201)
tick 1551000 alive   926569 genomes  183226 energy   198.5 births 16532157 deaths 16532852 (3927.9s) AMD Radeon AI PRO R9700 (RADV GFX1201)
tick 1552000 alive   927875 genomes  181928 energy   198.5 births 16572639 deaths 16571333 (3930.4s) AMD Radeon AI PRO R9700 (RADV GFX1201)
tick 1553000 alive   928341 genomes  182636 energy   197.8 births 16663516 deaths 16663050 (3932.9s) AMD Radeon AI PRO R9700 (RADV GFX1201)
tick 1554000 alive   928195 genomes  183717 energy   198.3 births 16681345 deaths 16681491 (3935.5s) AMD Radeon AI PRO R9700 (RADV GFX1201)
tick 1555000 alive   924129 genomes  184479 energy   197.7 births 16624325 deaths 16628391 (3938.0s) AMD Radeon AI PRO R9700 (RADV GFX1201)
tick 1556000 alive   926937 genomes  184955 energy   198.2 births 16633852 deaths 16631044 (3940.5s) AMD Radeon AI PRO R9700 (RADV GFX1201)
tick 1557000 alive   924344 genomes  183528 energy   198.0 births 16685039 deaths 16687632 (3943.0s) AMD Radeon AI PRO R9700 (RADV GFX1201)
tick 1558000 alive   926481 genomes  184303 energy   198.1 births 16611553 deaths 16609416 (3945.5s) AMD Radeon AI PRO R9700 (RADV GFX1201)
tick 1559000 alive   926354 genomes  185045 energy   198.4 births 16596186 deaths 16596313 (3948.2s) AMD Radeon AI PRO R9700 (RADV GFX1201)
tick 1560000 alive   923326 genomes  188009 energy   198.4 births 16514573 deaths 16517601 (3950.9s) AMD Radeon AI PRO R9700 (RADV GFX1201)
tick 1561000 alive   923195 genomes  188038 energy   197.9 births 16538130 deaths 16538261 (3953.4s) AMD Radeon AI PRO R9700 (RADV GFX1201)
tick 1562000 alive   928112 genomes  187019 energy   197.7 births 16686367 deaths 16681450 (3956.0s) AMD Radeon AI PRO R9700 (RADV GFX1201)
tick 1563000 alive   924726 genomes  184086 energy   198.4 births 16732216 deaths 16735602 (3958.5s) AMD Radeon AI PRO R9700 (RADV GFX1201)
tick 1564000 alive   928376 genomes  185713 energy   197.6 births 16684013 deaths 16680363 (3961.0s) AMD Radeon AI PRO R9700 (RADV GFX1201)
tick 1565000 alive   931278 genomes  183999 energy   198.1 births 16737894 deaths 16734992 (3963.5s) AMD Radeon AI PRO R9700 (RADV GFX1201)
tick 1566000 alive   929441 genomes  185903 energy   197.9 births 16743107 deaths 16744944 (3966.0s) AMD Radeon AI PRO R9700 (RADV GFX1201)
tick 1567000 alive   927592 genomes  184478 energy   197.5 births 16775203 deaths 16777052 (3968.5s) AMD Radeon AI PRO R9700 (RADV GFX1201)
tick 1568000 alive   927168 genomes  182030 energy   197.9 births 16770068 deaths 16770492 (3971.1s) AMD Radeon AI PRO R9700 (RADV GFX1201)
tick 1569000 alive   933731 genomes  181561 energy   197.3 births 16883270 deaths 16876707 (3973.6s) AMD Radeon AI PRO R9700 (RADV GFX1201)
tick 1570000 alive   932081 genomes  182109 energy   197.5 births 16895181 deaths 16896831 (3976.1s) AMD Radeon AI PRO R9700 (RADV GFX1201)
tick 1571000 alive   927214 genomes  184440 energy   198.1 births 16773434 deaths 16778301 (3978.6s) AMD Radeon AI PRO R9700 (RADV GFX1201)
tick 1572000 alive   926336 genomes  184287 energy   197.6 births 16600048 deaths 16600926 (3981.1s) AMD Radeon AI PRO R9700 (RADV GFX1201)
tick 1573000 alive   931786 genomes  183046 energy   197.5 births 16808870 deaths 16803420 (3983.7s) AMD Radeon AI PRO R9700 (RADV GFX1201)
tick 1574000 alive   925717 genomes  181515 energy   198.2 births 16741465 deaths 16747534 (3986.2s) AMD Radeon AI PRO R9700 (RADV GFX1201)
tick 1575000 alive   923433 genomes  181533 energy   197.9 births 16638381 deaths 16640665 (3988.7s) AMD Radeon AI PRO R9700 (RADV GFX1201)
tick 1576000 alive   926393 genomes  182909 energy   197.5 births 16703000 deaths 16700040 (3991.2s) AMD Radeon AI PRO R9700 (RADV GFX1201)
tick 1577000 alive   926670 genomes  181773 energy   197.2 births 16773242 deaths 16772965 (3993.6s) AMD Radeon AI PRO R9700 (RADV GFX1201)
tick 1578000 alive   927170 genomes  184129 energy   197.3 births 16764979 deaths 16764479 (3996.2s) AMD Radeon AI PRO R9700 (RADV GFX1201)
tick 1579000 alive   929834 genomes  185833 energy   197.2 births 16911386 deaths 16908722 (3998.7s) AMD Radeon AI PRO R9700 (RADV GFX1201)
tick 1580000 alive   928374 genomes  184765 energy   197.2 births 16830168 deaths 16831628 (4001.3s) AMD Radeon AI PRO R9700 (RADV GFX1201)
tick 1581000 alive   925073 genomes  186370 energy   197.6 births 16722618 deaths 16725919 (4003.7s) AMD Radeon AI PRO R9700 (RADV GFX1201)
tick 1582000 alive   926176 genomes  187981 energy   197.4 births 16708000 deaths 16706897 (4006.2s) AMD Radeon AI PRO R9700 (RADV GFX1201)
tick 1583000 alive   925436 genomes  187326 energy   197.2 births 16812972 deaths 16813712 (4008.7s) AMD Radeon AI PRO R9700 (RADV GFX1201)
tick 1584000 alive   919742 genomes  189438 energy   197.7 births 16567422 deaths 16573116 (4011.5s) AMD Radeon AI PRO R9700 (RADV GFX1201)
tick 1585000 alive   923177 genomes  189267 energy   197.4 births 16642608 deaths 16639173 (4014.0s) AMD Radeon AI PRO R9700 (RADV GFX1201)
tick 1586000 alive   924329 genomes  188576 energy   196.8 births 16801845 deaths 16800693 (4016.6s) AMD Radeon AI PRO R9700 (RADV GFX1201)
tick 1587000 alive   925483 genomes  187535 energy   196.8 births 16917436 deaths 16916282 (4019.1s) AMD Radeon AI PRO R9700 (RADV GFX1201)
tick 1588000 alive   925702 genomes  188251 energy   197.7 births 16867350 deaths 16867131 (4021.6s) AMD Radeon AI PRO R9700 (RADV GFX1201)
tick 1589000 alive   923888 genomes  188754 energy   197.8 births 16724912 deaths 16726726 (4024.1s) AMD Radeon AI PRO R9700 (RADV GFX1201)
tick 1590000 alive   923443 genomes  189502 energy   197.5 births 16630340 deaths 16630785 (4026.6s) AMD Radeon AI PRO R9700 (RADV GFX1201)
tick 1591000 alive   927782 genomes  186545 energy   197.9 births 16811116 deaths 16806777 (4029.2s) AMD Radeon AI PRO R9700 (RADV GFX1201)
tick 1592000 alive   926127 genomes  186950 energy   197.9 births 16760444 deaths 16762099 (4031.6s) AMD Radeon AI PRO R9700 (RADV GFX1201)
tick 1593000 alive   925751 genomes  186358 energy   197.4 births 16759959 deaths 16760335 (4034.1s) AMD Radeon AI PRO R9700 (RADV GFX1201)
tick 1594000 alive   930921 genomes  184273 energy   197.2 births 16915120 deaths 16909950 (4036.7s) AMD Radeon AI PRO R9700 (RADV GFX1201)
tick 1595000 alive   929682 genomes  180510 energy   197.9 births 16877697 deaths 16878936 (4039.1s) AMD Radeon AI PRO R9700 (RADV GFX1201)
tick 1596000 alive   930774 genomes  181565 energy   197.8 births 16828414 deaths 16827322 (4041.6s) AMD Radeon AI PRO R9700 (RADV GFX1201)
tick 1597000 alive   932287 genomes  182137 energy   197.7 births 16911158 deaths 16909645 (4044.2s) AMD Radeon AI PRO R9700 (RADV GFX1201)
tick 1598000 alive   931877 genomes  183712 energy   197.6 births 16881908 deaths 16882318 (4046.8s) AMD Radeon AI PRO R9700 (RADV GFX1201)
tick 1599000 alive   929743 genomes  183298 energy   197.6 births 16869656 deaths 16871790 (4049.3s) AMD Radeon AI PRO R9700 (RADV GFX1201)
tick 1600000 alive   934926 genomes  182023 energy   197.4 births 16968356 deaths 16963173 (4051.9s) AMD Radeon AI PRO R9700 (RADV GFX1201)
tick 1601000 alive   939415 genomes  180003 energy   197.7 births 17062896 deaths 17058407 (4054.4s) AMD Radeon AI PRO R9700 (RADV GFX1201)
tick 1602000 alive   936106 genomes  180552 energy   198.1 births 16954376 deaths 16957685 (4056.9s) AMD Radeon AI PRO R9700 (RADV GFX1201)
tick 1603000 alive   936045 genomes  181601 energy   198.0 births 16877024 deaths 16877085 (4059.4s) AMD Radeon AI PRO R9700 (RADV GFX1201)
tick 1604000 alive   933009 genomes  180587 energy   198.0 births 16955194 deaths 16958230 (4061.9s) AMD Radeon AI PRO R9700 (RADV GFX1201)
tick 1605000 alive   933585 genomes  182089 energy   198.2 births 16831483 deaths 16830907 (4064.5s) AMD Radeon AI PRO R9700 (RADV GFX1201)
tick 1606000 alive   931999 genomes  184370 energy   198.3 births 16731577 deaths 16733163 (4067.0s) AMD Radeon AI PRO R9700 (RADV GFX1201)
tick 1607000 alive   928227 genomes  185289 energy   197.9 births 16744109 deaths 16747881 (4069.5s) AMD Radeon AI PRO R9700 (RADV GFX1201)
tick 1608000 alive   928233 genomes  185057 energy   197.9 births 16751572 deaths 16751566 (4072.0s) AMD Radeon AI PRO R9700 (RADV GFX1201)
tick 1609000 alive   928954 genomes  184429 energy   197.8 births 16764119 deaths 16763398 (4074.5s) AMD Radeon AI PRO R9700 (RADV GFX1201)
tick 1610000 alive   932352 genomes  183837 energy   198.0 births 16827591 deaths 16824193 (4077.1s) AMD Radeon AI PRO R9700 (RADV GFX1201)
tick 1611000 alive   928658 genomes  183131 energy   197.9 births 16736658 deaths 16740352 (4079.6s) AMD Radeon AI PRO R9700 (RADV GFX1201)
tick 1612000 alive   929112 genomes  186055 energy   197.9 births 16765980 deaths 16765526 (4082.1s) AMD Radeon AI PRO R9700 (RADV GFX1201)
tick 1613000 alive   927116 genomes  184592 energy   197.6 births 16785305 deaths 16787301 (4084.6s) AMD Radeon AI PRO R9700 (RADV GFX1201)
tick 1614000 alive   930223 genomes  183549 energy   197.3 births 16869251 deaths 16866144 (4087.1s) AMD Radeon AI PRO R9700 (RADV GFX1201)
tick 1615000 alive   929121 genomes  182263 energy   197.8 births 16918083 deaths 16919185 (4089.6s) AMD Radeon AI PRO R9700 (RADV GFX1201)
tick 1616000 alive   928636 genomes  182051 energy   197.8 births 16773888 deaths 16774373 (4092.1s) AMD Radeon AI PRO R9700 (RADV GFX1201)
tick 1617000 alive   928286 genomes  182337 energy   198.1 births 16733651 deaths 16734001 (4094.6s) AMD Radeon AI PRO R9700 (RADV GFX1201)
tick 1618000 alive   930874 genomes  184065 energy   197.9 births 16753708 deaths 16751120 (4097.1s) AMD Radeon AI PRO R9700 (RADV GFX1201)
tick 1619000 alive   929024 genomes  184607 energy   198.0 births 16722246 deaths 16724096 (4099.6s) AMD Radeon AI PRO R9700 (RADV GFX1201)
tick 1620000 alive   929517 genomes  184254 energy   197.3 births 16850352 deaths 16849859 (4102.2s) AMD Radeon AI PRO R9700 (RADV GFX1201)
tick 1621000 alive   934710 genomes  184326 energy   197.5 births 16933099 deaths 16927906 (4105.0s) AMD Radeon AI PRO R9700 (RADV GFX1201)
tick 1622000 alive   932786 genomes  184328 energy   197.9 births 16877179 deaths 16879103 (4107.6s) AMD Radeon AI PRO R9700 (RADV GFX1201)
tick 1623000 alive   929130 genomes  184116 energy   198.0 births 16777489 deaths 16781145 (4110.1s) AMD Radeon AI PRO R9700 (RADV GFX1201)
tick 1624000 alive   927426 genomes  186374 energy   197.9 births 16657460 deaths 16659164 (4112.7s) AMD Radeon AI PRO R9700 (RADV GFX1201)
tick 1625000 alive   927934 genomes  187417 energy   197.8 births 16742574 deaths 16742066 (4115.2s) AMD Radeon AI PRO R9700 (RADV GFX1201)
tick 1626000 alive   929576 genomes  187208 energy   198.0 births 16730006 deaths 16728364 (4117.8s) AMD Radeon AI PRO R9700 (RADV GFX1201)
tick 1627000 alive   927579 genomes  188388 energy   198.1 births 16790534 deaths 16792531 (4120.3s) AMD Radeon AI PRO R9700 (RADV GFX1201)
tick 1628000 alive   930430 genomes  187725 energy   197.8 births 16686709 deaths 16683858 (4122.9s) AMD Radeon AI PRO R9700 (RADV GFX1201)
tick 1629000 alive   930776 genomes  189042 energy   197.8 births 16687537 deaths 16687191 (4125.4s) AMD Radeon AI PRO R9700 (RADV GFX1201)
tick 1630000 alive   927158 genomes  189025 energy   198.1 births 16777324 deaths 16780942 (4127.9s) AMD Radeon AI PRO R9700 (RADV GFX1201)
tick 1631000 alive   932073 genomes  188055 energy   198.0 births 16761804 deaths 16756889 (4130.4s) AMD Radeon AI PRO R9700 (RADV GFX1201)
tick 1632000 alive   933531 genomes  187319 energy   198.2 births 16769632 deaths 16768174 (4133.2s) AMD Radeon AI PRO R9700 (RADV GFX1201)
tick 1633000 alive   937041 genomes  185422 energy   198.0 births 16874184 deaths 16870674 (4135.7s) AMD Radeon AI PRO R9700 (RADV GFX1201)
tick 1634000 alive   935339 genomes  184411 energy   198.4 births 16877280 deaths 16878982 (4138.2s) AMD Radeon AI PRO R9700 (RADV GFX1201)
tick 1635000 alive   933371 genomes  185343 energy   198.6 births 16731822 deaths 16733790 (4140.7s) AMD Radeon AI PRO R9700 (RADV GFX1201)
tick 1636000 alive   934421 genomes  185782 energy   198.4 births 16708087 deaths 16707037 (4143.2s) AMD Radeon AI PRO R9700 (RADV GFX1201)
tick 1637000 alive   934583 genomes  183397 energy   198.7 births 16750116 deaths 16749954 (4145.7s) AMD Radeon AI PRO R9700 (RADV GFX1201)
tick 1638000 alive   935457 genomes  184616 energy   197.8 births 16786313 deaths 16785439 (4148.2s) AMD Radeon AI PRO R9700 (RADV GFX1201)
tick 1639000 alive   935630 genomes  182936 energy   197.8 births 16934379 deaths 16934206 (4150.7s) AMD Radeon AI PRO R9700 (RADV GFX1201)
tick 1640000 alive   937040 genomes  182796 energy   197.6 births 16976375 deaths 16974965 (4153.3s) AMD Radeon AI PRO R9700 (RADV GFX1201)
tick 1641000 alive   936524 genomes  180702 energy   198.4 births 16985800 deaths 16986316 (4155.8s) AMD Radeon AI PRO R9700 (RADV GFX1201)
tick 1642000 alive   933751 genomes  180286 energy   198.1 births 16790464 deaths 16793237 (4158.3s) AMD Radeon AI PRO R9700 (RADV GFX1201)
tick 1643000 alive   934124 genomes  179080 energy   198.2 births 16830753 deaths 16830380 (4160.8s) AMD Radeon AI PRO R9700 (RADV GFX1201)
tick 1644000 alive   935945 genomes  179258 energy   197.7 births 16845110 deaths 16843289 (4163.3s) AMD Radeon AI PRO R9700 (RADV GFX1201)
tick 1645000 alive   935650 genomes  177257 energy   197.9 births 16897199 deaths 16897494 (4165.9s) AMD Radeon AI PRO R9700 (RADV GFX1201)
tick 1646000 alive   933030 genomes  177242 energy   198.4 births 16869795 deaths 16872415 (4168.4s) AMD Radeon AI PRO R9700 (RADV GFX1201)
tick 1647000 alive   932271 genomes  176132 energy   198.6 births 16757294 deaths 16758053 (4170.9s) AMD Radeon AI PRO R9700 (RADV GFX1201)
tick 1648000 alive   929059 genomes  177437 energy   198.4 births 16667712 deaths 16670924 (4173.4s) AMD Radeon AI PRO R9700 (RADV GFX1201)
tick 1649000 alive   933306 genomes  177963 energy   198.6 births 16734884 deaths 16730637 (4175.9s) AMD Radeon AI PRO R9700 (RADV GFX1201)
tick 1650000 alive   937335 genomes  178828 energy   198.3 births 16773722 deaths 16769693 (4178.6s) AMD Radeon AI PRO R9700 (RADV GFX1201)
tick 1651000 alive   937129 genomes  179084 energy   198.4 births 16795087 deaths 16795293 (4181.2s) AMD Radeon AI PRO R9700 (RADV GFX1201)
tick 1652000 alive   932759 genomes  178346 energy   198.8 births 16776462 deaths 16780832 (4183.7s) AMD Radeon AI PRO R9700 (RADV GFX1201)
tick 1653000 alive   934094 genomes  179139 energy   197.9 births 16719434 deaths 16718099 (4186.2s) AMD Radeon AI PRO R9700 (RADV GFX1201)
tick 1654000 alive   934993 genomes  178489 energy   197.9 births 16878933 deaths 16878034 (4188.8s) AMD Radeon AI PRO R9700 (RADV GFX1201)
tick 1655000 alive   936492 genomes  178301 energy   198.4 births 16903608 deaths 16902109 (4191.3s) AMD Radeon AI PRO R9700 (RADV GFX1201)
tick 1656000 alive   930980 genomes  179742 energy   198.5 births 16776424 deaths 16781936 (4193.8s) AMD Radeon AI PRO R9700 (RADV GFX1201)
tick 1657000 alive   932352 genomes  180791 energy   198.9 births 16612386 deaths 16611014 (4196.3s) AMD Radeon AI PRO R9700 (RADV GFX1201)
tick 1658000 alive   933536 genomes  181711 energy   198.8 births 16629245 deaths 16628061 (4198.8s) AMD Radeon AI PRO R9700 (RADV GFX1201)
tick 1659000 alive   934608 genomes  183590 energy   198.8 births 16650100 deaths 16649028 (4201.3s) AMD Radeon AI PRO R9700 (RADV GFX1201)
tick 1660000 alive   936951 genomes  185252 energy   199.2 births 16699495 deaths 16697152 (4203.8s) AMD Radeon AI PRO R9700 (RADV GFX1201)
tick 1661000 alive   933204 genomes  185576 energy   199.0 births 16611539 deaths 16615286 (4206.3s) AMD Radeon AI PRO R9700 (RADV GFX1201)
tick 1662000 alive   934205 genomes  185140 energy   198.6 births 16625961 deaths 16624960 (4208.8s) AMD Radeon AI PRO R9700 (RADV GFX1201)
tick 1663000 alive   935458 genomes  183803 energy   199.1 births 16627064 deaths 16625811 (4211.3s) AMD Radeon AI PRO R9700 (RADV GFX1201)
tick 1664000 alive   935159 genomes  184428 energy   198.9 births 16593766 deaths 16594065 (4213.9s) AMD Radeon AI PRO R9700 (RADV GFX1201)
tick 1665000 alive   932750 genomes  185645 energy   198.8 births 16560905 deaths 16563314 (4216.4s) AMD Radeon AI PRO R9700 (RADV GFX1201)
tick 1666000 alive   935596 genomes  185845 energy   198.7 births 16631949 deaths 16629103 (4218.9s) AMD Radeon AI PRO R9700 (RADV GFX1201)
tick 1667000 alive   935118 genomes  186587 energy   198.7 births 16664529 deaths 16665007 (4221.4s) AMD Radeon AI PRO R9700 (RADV GFX1201)
tick 1668000 alive   930522 genomes  186059 energy   198.8 births 16631838 deaths 16636434 (4223.9s) AMD Radeon AI PRO R9700 (RADV GFX1201)
tick 1669000 alive   929078 genomes  188682 energy   198.8 births 16576746 deaths 16578190 (4226.4s) AMD Radeon AI PRO R9700 (RADV GFX1201)
tick 1670000 alive   930225 genomes  188577 energy   198.9 births 16605218 deaths 16604071 (4228.9s) AMD Radeon AI PRO R9700 (RADV GFX1201)
tick 1671000 alive   935839 genomes  187031 energy   198.5 births 16670391 deaths 16664777 (4231.3s) AMD Radeon AI PRO R9700 (RADV GFX1201)
tick 1672000 alive   936741 genomes  185302 energy   198.8 births 16674346 deaths 16673444 (4233.8s) AMD Radeon AI PRO R9700 (RADV GFX1201)
tick 1673000 alive   934166 genomes  186381 energy   199.3 births 16631676 deaths 16634251 (4236.4s) AMD Radeon AI PRO R9700 (RADV GFX1201)
tick 1674000 alive   930572 genomes  187057 energy   199.5 births 16463329 deaths 16466923 (4238.9s) AMD Radeon AI PRO R9700 (RADV GFX1201)
tick 1675000 alive   935864 genomes  188285 energy   199.0 births 16572241 deaths 16566949 (4241.4s) AMD Radeon AI PRO R9700 (RADV GFX1201)
tick 1676000 alive   937350 genomes  188790 energy   198.5 births 16697985 deaths 16696499 (4244.1s) AMD Radeon AI PRO R9700 (RADV GFX1201)
tick 1677000 alive   937521 genomes  189224 energy   198.6 births 16763863 deaths 16763692 (4246.7s) AMD Radeon AI PRO R9700 (RADV GFX1201)
tick 1678000 alive   936418 genomes  188412 energy   198.5 births 16730469 deaths 16731572 (4249.2s) AMD Radeon AI PRO R9700 (RADV GFX1201)
tick 1679000 alive   933864 genomes  186547 energy   198.5 births 16792903 deaths 16795457 (4251.7s) AMD Radeon AI PRO R9700 (RADV GFX1201)
tick 1680000 alive   936664 genomes  186268 energy   198.2 births 16777622 deaths 16774822 (4254.4s) AMD Radeon AI PRO R9700 (RADV GFX1201)
tick 1681000 alive   940902 genomes  185592 energy   198.6 births 16883114 deaths 16878876 (4257.0s) AMD Radeon AI PRO R9700 (RADV GFX1201)
tick 1682000 alive   939882 genomes  186002 energy   198.5 births 16877960 deaths 16878980 (4259.7s) AMD Radeon AI PRO R9700 (RADV GFX1201)
tick 1683000 alive   937979 genomes  186909 energy   198.5 births 16803563 deaths 16805466 (4262.2s) AMD Radeon AI PRO R9700 (RADV GFX1201)
tick 1684000 alive   933684 genomes  187030 energy   198.6 births 16726409 deaths 16730704 (4264.7s) AMD Radeon AI PRO R9700 (RADV GFX1201)
tick 1685000 alive   933732 genomes  186543 energy   198.4 births 16749943 deaths 16749895 (4267.2s) AMD Radeon AI PRO R9700 (RADV GFX1201)
tick 1686000 alive   933328 genomes  183999 energy   198.3 births 16819789 deaths 16820193 (4269.7s) AMD Radeon AI PRO R9700 (RADV GFX1201)
tick 1687000 alive   933718 genomes  180531 energy   197.8 births 16793282 deaths 16792892 (4272.1s) AMD Radeon AI PRO R9700 (RADV GFX1201)
tick 1688000 alive   936063 genomes  179529 energy   198.3 births 16905510 deaths 16903165 (4274.6s) AMD Radeon AI PRO R9700 (RADV GFX1201)
tick 1689000 alive   934465 genomes  178957 energy   198.1 births 16822080 deaths 16823678 (4277.2s) AMD Radeon AI PRO R9700 (RADV GFX1201)
tick 1690000 alive   932779 genomes  180214 energy   198.2 births 16728285 deaths 16729971 (4279.7s) AMD Radeon AI PRO R9700 (RADV GFX1201)
tick 1691000 alive   936186 genomes  180412 energy   198.1 births 16833644 deaths 16830237 (4282.4s) AMD Radeon AI PRO R9700 (RADV GFX1201)
tick 1692000 alive   934236 genomes  179151 energy   198.5 births 16798387 deaths 16800337 (4285.0s) AMD Radeon AI PRO R9700 (RADV GFX1201)
tick 1693000 alive   932866 genomes  181090 energy   198.3 births 16727417 deaths 16728787 (4287.5s) AMD Radeon AI PRO R9700 (RADV GFX1201)
tick 1694000 alive   929531 genomes  180176 energy   198.1 births 16695546 deaths 16698881 (4290.0s) AMD Radeon AI PRO R9700 (RADV GFX1201)
tick 1695000 alive   930317 genomes  179468 energy   198.2 births 16716154 deaths 16715368 (4292.5s) AMD Radeon AI PRO R9700 (RADV GFX1201)
tick 1696000 alive   933896 genomes  180379 energy   198.5 births 16732977 deaths 16729398 (4295.0s) AMD Radeon AI PRO R9700 (RADV GFX1201)
tick 1697000 alive   931826 genomes  181124 energy   198.4 births 16681653 deaths 16683723 (4297.5s) AMD Radeon AI PRO R9700 (RADV GFX1201)
tick 1698000 alive   926344 genomes  183008 energy   199.1 births 16473978 deaths 16479460 (4300.0s) AMD Radeon AI PRO R9700 (RADV GFX1201)
tick 1699000 alive   926827 genomes  185815 energy   198.8 births 16470564 deaths 16470081 (4302.5s) AMD Radeon AI PRO R9700 (RADV GFX1201)
tick 1700000 alive   934678 genomes  185486 energy   198.7 births 16637357 deaths 16629506 (4305.0s) AMD Radeon AI PRO R9700 (RADV GFX1201)
tick 1701000 alive   936054 genomes  185676 energy   198.8 births 16692149 deaths 16690773 (4307.5s) AMD Radeon AI PRO R9700 (RADV GFX1201)
tick 1702000 alive   930285 genomes  185147 energy   198.6 births 16612180 deaths 16617949 (4310.0s) AMD Radeon AI PRO R9700 (RADV GFX1201)
tick 1703000 alive   928546 genomes  185360 energy   198.4 births 16544411 deaths 16546150 (4312.5s) AMD Radeon AI PRO R9700 (RADV GFX1201)
tick 1704000 alive   929558 genomes  184661 energy   198.8 births 16611565 deaths 16610553 (4315.0s) AMD Radeon AI PRO R9700 (RADV GFX1201)
tick 1705000 alive   929154 genomes  186007 energy   198.3 births 16543534 deaths 16543938 (4317.5s) AMD Radeon AI PRO R9700 (RADV GFX1201)
tick 1706000 alive   928514 genomes  186359 energy   198.2 births 16585957 deaths 16586597 (4320.0s) AMD Radeon AI PRO R9700 (RADV GFX1201)
tick 1707000 alive   929221 genomes  183346 energy   198.5 births 16624789 deaths 16624082 (4322.4s) AMD Radeon AI PRO R9700 (RADV GFX1201)
tick 1708000 alive   924971 genomes  183116 energy   198.8 births 16560743 deaths 16564993 (4324.9s) AMD Radeon AI PRO R9700 (RADV GFX1201)
tick 1709000 alive   924573 genomes  185384 energy   198.7 births 16399518 deaths 16399916 (4327.5s) AMD Radeon AI PRO R9700 (RADV GFX1201)
tick 1710000 alive   926144 genomes  185802 energy   199.0 births 16438858 deaths 16437287 (4330.0s) AMD Radeon AI PRO R9700 (RADV GFX1201)
tick 1711000 alive   926834 genomes  186316 energy   198.6 births 16446992 deaths 16446302 (4332.6s) AMD Radeon AI PRO R9700 (RADV GFX1201)
tick 1712000 alive   929712 genomes  186861 energy   198.8 births 16574139 deaths 16571261 (4335.1s) AMD Radeon AI PRO R9700 (RADV GFX1201)
tick 1713000 alive   929473 genomes  183785 energy   198.5 births 16613979 deaths 16614218 (4337.6s) AMD Radeon AI PRO R9700 (RADV GFX1201)
tick 1714000 alive   930829 genomes  183996 energy   198.5 births 16583501 deaths 16582145 (4340.1s) AMD Radeon AI PRO R9700 (RADV GFX1201)
tick 1715000 alive   931058 genomes  185766 energy   198.6 births 16603015 deaths 16602786 (4342.6s) AMD Radeon AI PRO R9700 (RADV GFX1201)
tick 1716000 alive   927068 genomes  186674 energy   198.5 births 16567727 deaths 16571717 (4345.1s) AMD Radeon AI PRO R9700 (RADV GFX1201)
tick 1717000 alive   924157 genomes  185321 energy   198.8 births 16462948 deaths 16465859 (4347.6s) AMD Radeon AI PRO R9700 (RADV GFX1201)
tick 1718000 alive   925505 genomes  183578 energy   198.1 births 16506380 deaths 16505032 (4350.2s) AMD Radeon AI PRO R9700 (RADV GFX1201)
tick 1719000 alive   929285 genomes  183383 energy   197.9 births 16599145 deaths 16595365 (4352.7s) AMD Radeon AI PRO R9700 (RADV GFX1201)
tick 1720000 alive   932806 genomes  182693 energy   198.0 births 16713514 deaths 16709993 (4355.3s) AMD Radeon AI PRO R9700 (RADV GFX1201)
tick 1721000 alive   932290 genomes  180688 energy   198.6 births 16749019 deaths 16749535 (4357.9s) AMD Radeon AI PRO R9700 (RADV GFX1201)
tick 1722000 alive   926624 genomes  180081 energy   198.2 births 16644926 deaths 16650592 (4360.4s) AMD Radeon AI PRO R9700 (RADV GFX1201)
tick 1723000 alive   931396 genomes  182028 energy   198.2 births 16668683 deaths 16663911 (4362.9s) AMD Radeon AI PRO R9700 (RADV GFX1201)
tick 1724000 alive   927905 genomes  182703 energy   198.3 births 16655805 deaths 16659296 (4365.4s) AMD Radeon AI PRO R9700 (RADV GFX1201)
tick 1725000 alive   929257 genomes  182288 energy   198.2 births 16624603 deaths 16623251 (4367.9s) AMD Radeon AI PRO R9700 (RADV GFX1201)
tick 1726000 alive   928819 genomes  181084 energy   198.3 births 16654640 deaths 16655078 (4370.3s) AMD Radeon AI PRO R9700 (RADV GFX1201)
tick 1727000 alive   934763 genomes  180353 energy   198.3 births 16681768 deaths 16675824 (4373.2s) AMD Radeon AI PRO R9700 (RADV GFX1201)
tick 1728000 alive   927400 genomes  182635 energy   198.7 births 16554903 deaths 16562266 (4376.0s) AMD Radeon AI PRO R9700 (RADV GFX1201)
tick 1729000 alive   925304 genomes  182934 energy   198.7 births 16499586 deaths 16501682 (4378.6s) AMD Radeon AI PRO R9700 (RADV GFX1201)
tick 1730000 alive   931173 genomes  181862 energy   198.3 births 16663532 deaths 16657663 (4381.1s) AMD Radeon AI PRO R9700 (RADV GFX1201)
tick 1731000 alive   927680 genomes  182124 energy   198.4 births 16632511 deaths 16636004 (4383.6s) AMD Radeon AI PRO R9700 (RADV GFX1201)
tick 1732000 alive   926820 genomes  184549 energy   198.2 births 16652033 deaths 16652893 (4386.3s) AMD Radeon AI PRO R9700 (RADV GFX1201)
tick 1733000 alive   925061 genomes  188420 energy   197.7 births 16646593 deaths 16648352 (4388.8s) AMD Radeon AI PRO R9700 (RADV GFX1201)
tick 1734000 alive   919186 genomes  190321 energy   198.0 births 16559366 deaths 16565241 (4391.3s) AMD Radeon AI PRO R9700 (RADV GFX1201)
tick 1735000 alive   923676 genomes  190502 energy   198.1 births 16567176 deaths 16562686 (4393.9s) AMD Radeon AI PRO R9700 (RADV GFX1201)
tick 1736000 alive   927412 genomes  189991 energy   197.9 births 16622583 deaths 16618847 (4396.6s) AMD Radeon AI PRO R9700 (RADV GFX1201)
tick 1737000 alive   927993 genomes  187929 energy   197.9 births 16687678 deaths 16687097 (4399.1s) AMD Radeon AI PRO R9700 (RADV GFX1201)
tick 1738000 alive   926695 genomes  188322 energy   198.0 births 16645979 deaths 16647277 (4401.7s) AMD Radeon AI PRO R9700 (RADV GFX1201)
tick 1739000 alive   922149 genomes  189797 energy   198.2 births 16638042 deaths 16642588 (4404.2s) AMD Radeon AI PRO R9700 (RADV GFX1201)
tick 1740000 alive   919926 genomes  190784 energy   197.5 births 16480468 deaths 16482691 (4406.6s) AMD Radeon AI PRO R9700 (RADV GFX1201)
tick 1741000 alive   926781 genomes  189541 energy   197.3 births 16727819 deaths 16720964 (4409.1s) AMD Radeon AI PRO R9700 (RADV GFX1201)
tick 1742000 alive   929157 genomes  187276 energy   197.6 births 16817129 deaths 16814753 (4411.6s) AMD Radeon AI PRO R9700 (RADV GFX1201)
tick 1743000 alive   925329 genomes  184249 energy   197.9 births 16709536 deaths 16713364 (4414.3s) AMD Radeon AI PRO R9700 (RADV GFX1201)
tick 1744000 alive   930102 genomes  185296 energy   197.9 births 16809252 deaths 16804479 (4416.8s) AMD Radeon AI PRO R9700 (RADV GFX1201)
tick 1745000 alive   927357 genomes  187018 energy   197.8 births 16699465 deaths 16702210 (4419.4s) AMD Radeon AI PRO R9700 (RADV GFX1201)
tick 1746000 alive   926746 genomes  186289 energy   198.0 births 16628900 deaths 16629511 (4421.8s) AMD Radeon AI PRO R9700 (RADV GFX1201)
tick 1747000 alive   931732 genomes  186547 energy   198.0 births 16765164 deaths 16760178 (4424.3s) AMD Radeon AI PRO R9700 (RADV GFX1201)
tick 1748000 alive   933645 genomes  183948 energy   198.1 births 16824500 deaths 16822587 (4426.8s) AMD Radeon AI PRO R9700 (RADV GFX1201)
tick 1749000 alive   927848 genomes  185189 energy   198.5 births 16671785 deaths 16677582 (4429.3s) AMD Radeon AI PRO R9700 (RADV GFX1201)
tick 1750000 alive   922225 genomes  186599 energy   198.2 births 16567889 deaths 16573512 (4431.8s) AMD Radeon AI PRO R9700 (RADV GFX1201)
tick 1751000 alive   925557 genomes  186758 energy   197.8 births 16590683 deaths 16587351 (4434.3s) AMD Radeon AI PRO R9700 (RADV GFX1201)
tick 1752000 alive   928066 genomes  187194 energy   198.0 births 16701026 deaths 16698517 (4436.9s) AMD Radeon AI PRO R9700 (RADV GFX1201)
tick 1753000 alive   925816 genomes  186662 energy   197.7 births 16721744 deaths 16723994 (4439.4s) AMD Radeon AI PRO R9700 (RADV GFX1201)
tick 1754000 alive   931785 genomes  185956 energy   197.5 births 16832082 deaths 16826113 (4441.9s) AMD Radeon AI PRO R9700 (RADV GFX1201)
tick 1755000 alive   928433 genomes  185487 energy   198.2 births 16820584 deaths 16823936 (4444.4s) AMD Radeon AI PRO R9700 (RADV GFX1201)
tick 1756000 alive   927836 genomes  187051 energy   197.7 births 16751981 deaths 16752578 (4446.9s) AMD Radeon AI PRO R9700 (RADV GFX1201)
tick 1757000 alive   930033 genomes  186613 energy   198.0 births 16764327 deaths 16762130 (4449.6s) AMD Radeon AI PRO R9700 (RADV GFX1201)
tick 1758000 alive   925946 genomes  186226 energy   197.8 births 16778451 deaths 16782538 (4452.1s) AMD Radeon AI PRO R9700 (RADV GFX1201)
tick 1759000 alive   928740 genomes  185533 energy   197.6 births 16814294 deaths 16811500 (4454.6s) AMD Radeon AI PRO R9700 (RADV GFX1201)
tick 1760000 alive   932637 genomes  183786 energy   197.1 births 16942786 deaths 16938889 (4457.2s) AMD Radeon AI PRO R9700 (RADV GFX1201)
tick 1761000 alive   937223 genomes  181555 energy   197.8 births 17033820 deaths 17029234 (4459.7s) AMD Radeon AI PRO R9700 (RADV GFX1201)
tick 1762000 alive   941010 genomes  178111 energy   197.7 births 17104070 deaths 17100283 (4462.3s) AMD Radeon AI PRO R9700 (RADV GFX1201)
tick 1763000 alive   940803 genomes  178056 energy   198.3 births 17049034 deaths 17049241 (4464.8s) AMD Radeon AI PRO R9700 (RADV GFX1201)
tick 1764000 alive   935140 genomes  180428 energy   198.2 births 16940467 deaths 16946130 (4467.4s) AMD Radeon AI PRO R9700 (RADV GFX1201)
tick 1765000 alive   928823 genomes  184048 energy   197.9 births 16792211 deaths 16798528 (4469.9s) AMD Radeon AI PRO R9700 (RADV GFX1201)
tick 1766000 alive   927012 genomes  183782 energy   198.0 births 16741455 deaths 16743266 (4472.4s) AMD Radeon AI PRO R9700 (RADV GFX1201)
tick 1767000 alive   929840 genomes  184406 energy   197.9 births 16757034 deaths 16754206 (4474.9s) AMD Radeon AI PRO R9700 (RADV GFX1201)
tick 1768000 alive   930747 genomes  184602 energy   197.4 births 16907658 deaths 16906751 (4477.4s) AMD Radeon AI PRO R9700 (RADV GFX1201)
tick 1769000 alive   929130 genomes  183685 energy   197.6 births 16884317 deaths 16885934 (4479.9s) AMD Radeon AI PRO R9700 (RADV GFX1201)
tick 1770000 alive   928552 genomes  181966 energy   197.5 births 16819391 deaths 16819969 (4482.4s) AMD Radeon AI PRO R9700 (RADV GFX1201)
tick 1771000 alive   929279 genomes  182354 energy   197.7 births 16868326 deaths 16867599 (4485.0s) AMD Radeon AI PRO R9700 (RADV GFX1201)
tick 1772000 alive   934033 genomes  181728 energy   197.5 births 16921271 deaths 16916517 (4487.6s) AMD Radeon AI PRO R9700 (RADV GFX1201)
tick 1773000 alive   929844 genomes  182847 energy   197.4 births 16950209 deaths 16954398 (4490.1s) AMD Radeon AI PRO R9700 (RADV GFX1201)
tick 1774000 alive   930521 genomes  182225 energy   197.2 births 16985030 deaths 16984353 (4492.8s) AMD Radeon AI PRO R9700 (RADV GFX1201)
tick 1775000 alive   930151 genomes  181248 energy   197.6 births 16949768 deaths 16950138 (4495.4s) AMD Radeon AI PRO R9700 (RADV GFX1201)
tick 1776000 alive   929681 genomes  183225 energy   197.8 births 16816674 deaths 16817144 (4498.1s) AMD Radeon AI PRO R9700 (RADV GFX1201)
tick 1777000 alive   924858 genomes  184827 energy   197.3 births 16737641 deaths 16742464 (4500.7s) AMD Radeon AI PRO R9700 (RADV GFX1201)
tick 1778000 alive   923230 genomes  184803 energy   197.4 births 16728565 deaths 16730193 (4503.3s) AMD Radeon AI PRO R9700 (RADV GFX1201)
tick 1779000 alive   927238 genomes  184727 energy   197.5 births 16764952 deaths 16760944 (4505.8s) AMD Radeon AI PRO R9700 (RADV GFX1201)
tick 1780000 alive   926251 genomes  181877 energy   197.5 births 16862971 deaths 16863958 (4508.3s) AMD Radeon AI PRO R9700 (RADV GFX1201)
tick 1781000 alive   931163 genomes  180649 energy   197.4 births 16915304 deaths 16910392 (4510.8s) AMD Radeon AI PRO R9700 (RADV GFX1201)
tick 1782000 alive   938649 genomes  179657 energy   196.9 births 17126239 deaths 17118753 (4513.3s) AMD Radeon AI PRO R9700 (RADV GFX1201)
tick 1783000 alive   940849 genomes  176762 energy   197.4 births 17182431 deaths 17180231 (4515.8s) AMD Radeon AI PRO R9700 (RADV GFX1201)
tick 1784000 alive   936453 genomes  176576 energy   197.6 births 17089401 deaths 17093797 (4518.3s) AMD Radeon AI PRO R9700 (RADV GFX1201)
tick 1785000 alive   936709 genomes  176521 energy   197.3 births 17018353 deaths 17018097 (4520.9s) AMD Radeon AI PRO R9700 (RADV GFX1201)
tick 1786000 alive   935732 genomes  176711 energy   198.0 births 16999202 deaths 17000179 (4523.7s) AMD Radeon AI PRO R9700 (RADV GFX1201)
tick 1787000 alive   934447 genomes  178971 energy   197.8 births 16909381 deaths 16910666 (4526.2s) AMD Radeon AI PRO R9700 (RADV GFX1201)
tick 1788000 alive   934369 genomes  179509 energy   197.2 births 16977600 deaths 16977678 (4528.7s) AMD Radeon AI PRO R9700 (RADV GFX1201)
tick 1789000 alive   933172 genomes  182061 energy   196.9 births 16936122 deaths 16937319 (4531.3s) AMD Radeon AI PRO R9700 (RADV GFX1201)
tick 1790000 alive   933659 genomes  179826 energy   197.4 births 17043356 deaths 17042869 (4534.0s) AMD Radeon AI PRO R9700 (RADV GFX1201)
tick 1791000 alive   936333 genomes  182033 energy   197.3 births 17048813 deaths 17046139 (4536.6s) AMD Radeon AI PRO R9700 (RADV GFX1201)
tick 1792000 alive   936677 genomes  179537 energy   197.0 births 17137377 deaths 17137033 (4539.2s) AMD Radeon AI PRO R9700 (RADV GFX1201)
tick 1793000 alive   937897 genomes  178678 energy   197.2 births 17215542 deaths 17214322 (4541.7s) AMD Radeon AI PRO R9700 (RADV GFX1201)
tick 1794000 alive   933669 genomes  178082 energy   197.7 births 17014937 deaths 17019165 (4544.2s) AMD Radeon AI PRO R9700 (RADV GFX1201)
tick 1795000 alive   931165 genomes  181520 energy   197.8 births 16897617 deaths 16900121 (4546.7s) AMD Radeon AI PRO R9700 (RADV GFX1201)
tick 1796000 alive   929783 genomes  182116 energy   197.4 births 16905046 deaths 16906428 (4549.3s) AMD Radeon AI PRO R9700 (RADV GFX1201)
tick 1797000 alive   929852 genomes  182817 energy   197.7 births 16852070 deaths 16852001 (4551.8s) AMD Radeon AI PRO R9700 (RADV GFX1201)
tick 1798000 alive   931319 genomes  183364 energy   197.2 births 16961268 deaths 16959801 (4554.6s) AMD Radeon AI PRO R9700 (RADV GFX1201)
tick 1799000 alive   928745 genomes  184054 energy   197.5 births 16841383 deaths 16843957 (4557.4s) AMD Radeon AI PRO R9700 (RADV GFX1201)
tick 1800000 alive   928378 genomes  185087 energy   198.0 births 16793218 deaths 16793585 (4560.0s) AMD Radeon AI PRO R9700 (RADV GFX1201)
tick 1801000 alive   924003 genomes  185614 energy   197.9 births 16711788 deaths 16716163 (4562.5s) AMD Radeon AI PRO R9700 (RADV GFX1201)
tick 1802000 alive   928462 genomes  189677 energy   198.1 births 16690422 deaths 16685963 (4565.1s) AMD Radeon AI PRO R9700 (RADV GFX1201)
tick 1803000 alive   928054 genomes  189910 energy   198.6 births 16695591 deaths 16695999 (4567.8s) AMD Radeon AI PRO R9700 (RADV GFX1201)
tick 1804000 alive   929704 genomes  191150 energy   197.4 births 16729191 deaths 16727541 (4570.4s) AMD Radeon AI PRO R9700 (RADV GFX1201)
tick 1805000 alive   932242 genomes  190646 energy   197.7 births 16840304 deaths 16837766 (4573.0s) AMD Radeon AI PRO R9700 (RADV GFX1201)
tick 1806000 alive   931548 genomes  189745 energy   198.3 births 16878652 deaths 16879346 (4575.5s) AMD Radeon AI PRO R9700 (RADV GFX1201)
tick 1807000 alive   930871 genomes  189390 energy   197.8 births 16844749 deaths 16845426 (4577.9s) AMD Radeon AI PRO R9700 (RADV GFX1201)
tick 1808000 alive   933381 genomes  188397 energy   197.8 births 16850651 deaths 16848141 (4580.4s) AMD Radeon AI PRO R9700 (RADV GFX1201)
tick 1809000 alive   934509 genomes  188294 energy   197.9 births 16920161 deaths 16919033 (4582.9s) AMD Radeon AI PRO R9700 (RADV GFX1201)
tick 1810000 alive   929692 genomes  188650 energy   198.2 births 16834103 deaths 16838920 (4585.4s) AMD Radeon AI PRO R9700 (RADV GFX1201)
tick 1811000 alive   929256 genomes  187257 energy   198.0 births 16709545 deaths 16709981 (4587.9s) AMD Radeon AI PRO R9700 (RADV GFX1201)
tick 1812000 alive   933177 genomes  186899 energy   197.9 births 16799516 deaths 16795595 (4590.4s) AMD Radeon AI PRO R9700 (RADV GFX1201)
tick 1813000 alive   934411 genomes  186754 energy   197.7 births 16849697 deaths 16848463 (4592.9s) AMD Radeon AI PRO R9700 (RADV GFX1201)
tick 1814000 alive   932112 genomes  185533 energy   197.6 births 16922343 deaths 16924642 (4595.4s) AMD Radeon AI PRO R9700 (RADV GFX1201)
tick 1815000 alive   933231 genomes  185089 energy   197.9 births 16916456 deaths 16915337 (4597.9s) AMD Radeon AI PRO R9700 (RADV GFX1201)
tick 1816000 alive   931149 genomes  184110 energy   198.0 births 16877904 deaths 16879986 (4600.5s) AMD Radeon AI PRO R9700 (RADV GFX1201)
tick 1817000 alive   930590 genomes  182934 energy   197.8 births 16820830 deaths 16821389 (4603.4s) AMD Radeon AI PRO R9700 (RADV GFX1201)
tick 1818000 alive   929063 genomes  182349 energy   198.1 births 16736283 deaths 16737810 (4606.0s) AMD Radeon AI PRO R9700 (RADV GFX1201)
tick 1819000 alive   929667 genomes  182219 energy   198.5 births 16684188 deaths 16683584 (4608.6s) AMD Radeon AI PRO R9700 (RADV GFX1201)
tick 1820000 alive   929225 genomes  183866 energy   197.9 births 16651755 deaths 16652197 (4611.1s) AMD Radeon AI PRO R9700 (RADV GFX1201)
tick 1821000 alive   929974 genomes  185191 energy   197.9 births 16760138 deaths 16759389 (4613.5s) AMD Radeon AI PRO R9700 (RADV GFX1201)
tick 1822000 alive   923840 genomes  183534 energy   198.0 births 16647944 deaths 16654078 (4616.0s) AMD Radeon AI PRO R9700 (RADV GFX1201)
tick 1823000 alive   925869 genomes  184422 energy   198.1 births 16653046 deaths 16651017 (4618.6s) AMD Radeon AI PRO R9700 (RADV GFX1201)
tick 1824000 alive   929118 genomes  183053 energy   198.0 births 16687901 deaths 16684652 (4621.1s) AMD Radeon AI PRO R9700 (RADV GFX1201)
tick 1825000 alive   929463 genomes  181869 energy   198.2 births 16755141 deaths 16754796 (4623.6s) AMD Radeon AI PRO R9700 (RADV GFX1201)
tick 1826000 alive   926939 genomes  182335 energy   198.1 births 16676253 deaths 16678777 (4626.1s) AMD Radeon AI PRO R9700 (RADV GFX1201)
tick 1827000 alive   928816 genomes  182529 energy   198.0 births 16702052 deaths 16700175 (4628.6s) AMD Radeon AI PRO R9700 (RADV GFX1201)
tick 1828000 alive   933049 genomes  182936 energy   197.8 births 16840099 deaths 16835866 (4631.1s) AMD Radeon AI PRO R9700 (RADV GFX1201)
tick 1829000 alive   931251 genomes  182666 energy   198.1 births 16783907 deaths 16785705 (4633.6s) AMD Radeon AI PRO R9700 (RADV GFX1201)
tick 1830000 alive   923802 genomes  183152 energy   198.5 births 16619331 deaths 16626780 (4636.1s) AMD Radeon AI PRO R9700 (RADV GFX1201)
tick 1831000 alive   924723 genomes  185732 energy   198.0 births 16547071 deaths 16546150 (4638.6s) AMD Radeon AI PRO R9700 (RADV GFX1201)
tick 1832000 alive   928817 genomes  184915 energy   198.1 births 16657373 deaths 16653279 (4641.1s) AMD Radeon AI PRO R9700 (RADV GFX1201)
tick 1833000 alive   929384 genomes  182994 energy   197.8 births 16781489 deaths 16780922 (4643.6s) AMD Radeon AI PRO R9700 (RADV GFX1201)
tick 1834000 alive   930420 genomes  182049 energy   198.3 births 16790611 deaths 16789575 (4646.2s) AMD Radeon AI PRO R9700 (RADV GFX1201)
tick 1835000 alive   931530 genomes  182680 energy   198.4 births 16785937 deaths 16784827 (4648.7s) AMD Radeon AI PRO R9700 (RADV GFX1201)
tick 1836000 alive   932112 genomes  181945 energy   197.9 births 16869080 deaths 16868498 (4651.2s) AMD Radeon AI PRO R9700 (RADV GFX1201)
tick 1837000 alive   932147 genomes  181204 energy   197.8 births 16894790 deaths 16894755 (4653.7s) AMD Radeon AI PRO R9700 (RADV GFX1201)
tick 1838000 alive   930338 genomes  179692 energy   198.3 births 16789755 deaths 16791564 (4656.2s) AMD Radeon AI PRO R9700 (RADV GFX1201)
tick 1839000 alive   934902 genomes  180580 energy   197.6 births 16837111 deaths 16832547 (4658.7s) AMD Radeon AI PRO R9700 (RADV GFX1201)
tick 1840000 alive   936139 genomes  180827 energy   197.9 births 16963271 deaths 16962034 (4661.5s) AMD Radeon AI PRO R9700 (RADV GFX1201)
tick 1841000 alive   932823 genomes  179062 energy   198.0 births 16889978 deaths 16893294 (4664.1s) AMD Radeon AI PRO R9700 (RADV GFX1201)
tick 1842000 alive   933968 genomes  179262 energy   198.3 births 16842532 deaths 16841387 (4666.5s) AMD Radeon AI PRO R9700 (RADV GFX1201)
tick 1843000 alive   931731 genomes  179945 energy   197.7 births 16808636 deaths 16810873 (4669.0s) AMD Radeon AI PRO R9700 (RADV GFX1201)
tick 1844000 alive   935901 genomes  179927 energy   197.7 births 16981021 deaths 16976851 (4672.0s) AMD Radeon AI PRO R9700 (RADV GFX1201)
tick 1845000 alive   932046 genomes  179966 energy   197.7 births 16917004 deaths 16920859 (4674.6s) AMD Radeon AI PRO R9700 (RADV GFX1201)
tick 1846000 alive   932219 genomes  180139 energy   197.8 births 16878472 deaths 16878299 (4677.0s) AMD Radeon AI PRO R9700 (RADV GFX1201)
tick 1847000 alive   931520 genomes  179794 energy   197.4 births 16921121 deaths 16921820 (4679.5s) AMD Radeon AI PRO R9700 (RADV GFX1201)
tick 1848000 alive   931845 genomes  180164 energy   197.8 births 16877459 deaths 16877134 (4682.0s) AMD Radeon AI PRO R9700 (RADV GFX1201)
tick 1849000 alive   934666 genomes  179792 energy   197.9 births 16893521 deaths 16890700 (4684.4s) AMD Radeon AI PRO R9700 (RADV GFX1201)
tick 1850000 alive   936216 genomes  182300 energy   198.3 births 16918134 deaths 16916584 (4686.9s) AMD Radeon AI PRO R9700 (RADV GFX1201)
tick 1851000 alive   929869 genomes  183714 energy   197.8 births 16799934 deaths 16806281 (4689.5s) AMD Radeon AI PRO R9700 (RADV GFX1201)
tick 1852000 alive   930258 genomes  183644 energy   197.5 births 16844732 deaths 16844343 (4692.2s) AMD Radeon AI PRO R9700 (RADV GFX1201)
tick 1853000 alive   933567 genomes  183607 energy   197.4 births 16925444 deaths 16922135 (4694.7s) AMD Radeon AI PRO R9700 (RADV GFX1201)
tick 1854000 alive   930768 genomes  184005 energy   197.8 births 16858660 deaths 16861459 (4697.2s) AMD Radeon AI PRO R9700 (RADV GFX1201)
tick 1855000 alive   931501 genomes  181283 energy   198.0 births 16845349 deaths 16844616 (4699.7s) AMD Radeon AI PRO R9700 (RADV GFX1201)
tick 1856000 alive   939238 genomes  182265 energy   197.9 births 16945750 deaths 16938013 (4702.2s) AMD Radeon AI PRO R9700 (RADV GFX1201)
tick 1857000 alive   933940 genomes  182818 energy   198.5 births 16814857 deaths 16820155 (4705.0s) AMD Radeon AI PRO R9700 (RADV GFX1201)
tick 1858000 alive   929478 genomes  185718 energy   198.0 births 16638078 deaths 16642540 (4707.5s) AMD Radeon AI PRO R9700 (RADV GFX1201)
tick 1859000 alive   930290 genomes  187648 energy   197.4 births 16761939 deaths 16761127 (4710.0s) AMD Radeon AI PRO R9700 (RADV GFX1201)
tick 1860000 alive   930717 genomes  185345 energy   198.1 births 16870677 deaths 16870250 (4712.6s) AMD Radeon AI PRO R9700 (RADV GFX1201)
tick 1861000 alive   930677 genomes  183610 energy   197.6 births 16793108 deaths 16793148 (4715.1s) AMD Radeon AI PRO R9700 (RADV GFX1201)
tick 1862000 alive   933420 genomes  181441 energy   197.6 births 16921927 deaths 16919184 (4717.7s) AMD Radeon AI PRO R9700 (RADV GFX1201)
tick 1863000 alive   932359 genomes  179994 energy   197.9 births 16905635 deaths 16906696 (4720.2s) AMD Radeon AI PRO R9700 (RADV GFX1201)
tick 1864000 alive   929470 genomes  180867 energy   198.3 births 16772287 deaths 16775176 (4722.7s) AMD Radeon AI PRO R9700 (RADV GFX1201)
tick 1865000 alive   924560 genomes  182199 energy   198.5 births 16560915 deaths 16565825 (4725.2s) AMD Radeon AI PRO R9700 (RADV GFX1201)
tick 1866000 alive   926045 genomes  182597 energy   197.8 births 16593817 deaths 16592332 (4727.7s) AMD Radeon AI PRO R9700 (RADV GFX1201)
tick 1867000 alive   927294 genomes  183032 energy   197.6 births 16708297 deaths 16707048 (4730.2s) AMD Radeon AI PRO R9700 (RADV GFX1201)
tick 1868000 alive   927645 genomes  183481 energy   197.9 births 16709491 deaths 16709140 (4732.7s) AMD Radeon AI PRO R9700 (RADV GFX1201)
tick 1869000 alive   930144 genomes  183469 energy   197.8 births 16742703 deaths 16740204 (4735.2s) AMD Radeon AI PRO R9700 (RADV GFX1201)
tick 1870000 alive   928776 genomes  184553 energy   198.0 births 16754285 deaths 16755653 (4737.7s) AMD Radeon AI PRO R9700 (RADV GFX1201)
tick 1871000 alive   922291 genomes  185122 energy   197.9 births 16626057 deaths 16632542 (4740.2s) AMD Radeon AI PRO R9700 (RADV GFX1201)
tick 1872000 alive   927340 genomes  186613 energy   198.3 births 16647199 deaths 16642150 (4742.7s) AMD Radeon AI PRO R9700 (RADV GFX1201)
tick 1873000 alive   924350 genomes  186149 energy   198.6 births 16560693 deaths 16563683 (4745.2s) AMD Radeon AI PRO R9700 (RADV GFX1201)
tick 1874000 alive   926316 genomes  189027 energy   197.8 births 16547639 deaths 16545673 (4747.9s) AMD Radeon AI PRO R9700 (RADV GFX1201)
tick 1875000 alive   926762 genomes  189507 energy   198.0 births 16646887 deaths 16646441 (4750.4s) AMD Radeon AI PRO R9700 (RADV GFX1201)
tick 1876000 alive   928636 genomes  188842 energy   198.3 births 16705811 deaths 16703937 (4753.3s) AMD Radeon AI PRO R9700 (RADV GFX1201)
tick 1877000 alive   926197 genomes  186750 energy   197.8 births 16623395 deaths 16625834 (4756.0s) AMD Radeon AI PRO R9700 (RADV GFX1201)
tick 1878000 alive   925913 genomes  186999 energy   198.1 births 16627465 deaths 16627749 (4758.5s) AMD Radeon AI PRO R9700 (RADV GFX1201)
tick 1879000 alive   924142 genomes  187940 energy   198.0 births 16580043 deaths 16581814 (4761.0s) AMD Radeon AI PRO R9700 (RADV GFX1201)
tick 1880000 alive   922547 genomes  187774 energy   197.9 births 16564728 deaths 16566323 (4763.6s) AMD Radeon AI PRO R9700 (RADV GFX1201)
tick 1881000 alive   923554 genomes  186457 energy   197.5 births 16587720 deaths 16586713 (4766.1s) AMD Radeon AI PRO R9700 (RADV GFX1201)
tick 1882000 alive   926434 genomes  185600 energy   197.9 births 16642388 deaths 16639508 (4768.5s) AMD Radeon AI PRO R9700 (RADV GFX1201)
tick 1883000 alive   928111 genomes  184451 energy   198.5 births 16605372 deaths 16603695 (4771.0s) AMD Radeon AI PRO R9700 (RADV GFX1201)
tick 1884000 alive   927558 genomes  184242 energy   198.6 births 16503458 deaths 16504011 (4773.5s) AMD Radeon AI PRO R9700 (RADV GFX1201)
tick 1885000 alive   926042 genomes  186517 energy   198.7 births 16450876 deaths 16452392 (4776.0s) AMD Radeon AI PRO R9700 (RADV GFX1201)
tick 1886000 alive   919772 genomes  188655 energy   198.8 births 16316070 deaths 16322340 (4778.5s) AMD Radeon AI PRO R9700 (RADV GFX1201)
tick 1887000 alive   921840 genomes  189908 energy   198.9 births 16260786 deaths 16258718 (4781.0s) AMD Radeon AI PRO R9700 (RADV GFX1201)
tick 1888000 alive   926794 genomes  190008 energy   198.8 births 16350828 deaths 16345874 (4783.5s) AMD Radeon AI PRO R9700 (RADV GFX1201)
tick 1889000 alive   930547 genomes  191275 energy   198.3 births 16547148 deaths 16543395 (4786.1s) AMD Radeon AI PRO R9700 (RADV GFX1201)
tick 1890000 alive   931683 genomes  190480 energy   198.4 births 16645152 deaths 16644016 (4788.5s) AMD Radeon AI PRO R9700 (RADV GFX1201)
tick 1891000 alive   927690 genomes  190421 energy   199.2 births 16473883 deaths 16477876 (4791.0s) AMD Radeon AI PRO R9700 (RADV GFX1201)
tick 1892000 alive   920960 genomes  193664 energy   199.1 births 16342125 deaths 16348855 (4793.6s) AMD Radeon AI PRO R9700 (RADV GFX1201)
tick 1893000 alive   920311 genomes  196155 energy   198.6 births 16262284 deaths 16262933 (4796.1s) AMD Radeon AI PRO R9700 (RADV GFX1201)
tick 1894000 alive   921891 genomes  196251 energy   198.8 births 16288310 deaths 16286730 (4798.6s) AMD Radeon AI PRO R9700 (RADV GFX1201)
tick 1895000 alive   919799 genomes  196282 energy   198.9 births 16306049 deaths 16308141 (4801.1s) AMD Radeon AI PRO R9700 (RADV GFX1201)
tick 1896000 alive   925602 genomes  194811 energy   198.6 births 16416363 deaths 16410560 (4803.6s) AMD Radeon AI PRO R9700 (RADV GFX1201)
tick 1897000 alive   926824 genomes  192644 energy   198.8 births 16480858 deaths 16479636 (4806.1s) AMD Radeon AI PRO R9700 (RADV GFX1201)
tick 1898000 alive   929661 genomes  193189 energy   198.5 births 16542927 deaths 16540090 (4808.6s) AMD Radeon AI PRO R9700 (RADV GFX1201)
tick 1899000 alive   926946 genomes  194394 energy   199.0 births 16530108 deaths 16532823 (4811.1s) AMD Radeon AI PRO R9700 (RADV GFX1201)
tick 1900000 alive   928789 genomes  194573 energy   198.4 births 16450420 deaths 16448577 (4813.6s) AMD Radeon AI PRO R9700 (RADV GFX1201)
tick 1901000 alive   924802 genomes  194554 energy   199.2 births 16459915 deaths 16463902 (4816.1s) AMD Radeon AI PRO R9700 (RADV GFX1201)
tick 1902000 alive   923074 genomes  196978 energy   198.5 births 16322102 deaths 16323830 (4818.7s) AMD Radeon AI PRO R9700 (RADV GFX1201)
tick 1903000 alive   925456 genomes  195303 energy   198.3 births 16428962 deaths 16426580 (4821.2s) AMD Radeon AI PRO R9700 (RADV GFX1201)
tick 1904000 alive   926872 genomes  193575 energy   198.7 births 16458059 deaths 16456643 (4823.9s) AMD Radeon AI PRO R9700 (RADV GFX1201)
tick 1905000 alive   925177 genomes  193521 energy   198.5 births 16512362 deaths 16514057 (4826.4s) AMD Radeon AI PRO R9700 (RADV GFX1201)
tick 1906000 alive   925149 genomes  194621 energy   198.1 births 16549002 deaths 16549030 (4828.9s) AMD Radeon AI PRO R9700 (RADV GFX1201)
tick 1907000 alive   923613 genomes  193815 energy   198.3 births 16528685 deaths 16530221 (4831.3s) AMD Radeon AI PRO R9700 (RADV GFX1201)
tick 1908000 alive   923814 genomes  192970 energy   198.6 births 16488506 deaths 16488305 (4833.9s) AMD Radeon AI PRO R9700 (RADV GFX1201)
tick 1909000 alive   926233 genomes  193375 energy   198.7 births 16394224 deaths 16391805 (4836.7s) AMD Radeon AI PRO R9700 (RADV GFX1201)
tick 1910000 alive   925144 genomes  191907 energy   199.4 births 16364090 deaths 16365179 (4839.2s) AMD Radeon AI PRO R9700 (RADV GFX1201)
tick 1911000 alive   928480 genomes  191707 energy   199.2 births 16329235 deaths 16325899 (4842.1s) AMD Radeon AI PRO R9700 (RADV GFX1201)
tick 1912000 alive   923081 genomes  192596 energy   199.4 births 16278673 deaths 16284072 (4844.7s) AMD Radeon AI PRO R9700 (RADV GFX1201)
tick 1913000 alive   923344 genomes  191251 energy   199.1 births 16275676 deaths 16275413 (4847.3s) AMD Radeon AI PRO R9700 (RADV GFX1201)
tick 1914000 alive   924810 genomes  191215 energy   198.9 births 16324057 deaths 16322591 (4849.8s) AMD Radeon AI PRO R9700 (RADV GFX1201)
tick 1915000 alive   924288 genomes  192066 energy   199.0 births 16332967 deaths 16333489 (4852.3s) AMD Radeon AI PRO R9700 (RADV GFX1201)
tick 1916000 alive   919895 genomes  191823 energy   199.3 births 16258597 deaths 16262990 (4854.8s) AMD Radeon AI PRO R9700 (RADV GFX1201)
tick 1917000 alive   918480 genomes  194325 energy   199.2 births 16085938 deaths 16087353 (4857.3s) AMD Radeon AI PRO R9700 (RADV GFX1201)
tick 1918000 alive   920733 genomes  193074 energy   199.2 births 16228382 deaths 16226129 (4859.7s) AMD Radeon AI PRO R9700 (RADV GFX1201)
tick 1919000 alive   922517 genomes  193532 energy   199.6 births 16203725 deaths 16201941 (4862.2s) AMD Radeon AI PRO R9700 (RADV GFX1201)
tick 1920000 alive   921842 genomes  194198 energy   199.6 births 16186117 deaths 16186792 (4864.8s) AMD Radeon AI PRO R9700 (RADV GFX1201)
tick 1921000 alive   924184 genomes  195938 energy   198.6 births 16208441 deaths 16206099 (4867.4s) AMD Radeon AI PRO R9700 (RADV GFX1201)
tick 1922000 alive   923662 genomes  193689 energy   199.5 births 16266726 deaths 16267248 (4870.0s) AMD Radeon AI PRO R9700 (RADV GFX1201)
tick 1923000 alive   921478 genomes  195306 energy   199.0 births 16170537 deaths 16172721 (4872.5s) AMD Radeon AI PRO R9700 (RADV GFX1201)
tick 1924000 alive   917309 genomes  196160 energy   199.6 births 16080387 deaths 16084556 (4875.0s) AMD Radeon AI PRO R9700 (RADV GFX1201)
tick 1925000 alive   918952 genomes  197208 energy   198.7 births 16081545 deaths 16079902 (4877.5s) AMD Radeon AI PRO R9700 (RADV GFX1201)
tick 1926000 alive   918504 genomes  197385 energy   199.0 births 16203105 deaths 16203553 (4880.1s) AMD Radeon AI PRO R9700 (RADV GFX1201)
tick 1927000 alive   920496 genomes  199766 energy   199.0 births 16217465 deaths 16215473 (4882.7s) AMD Radeon AI PRO R9700 (RADV GFX1201)
tick 1928000 alive   911214 genomes  199818 energy   199.2 births 15979526 deaths 15988808 (4885.2s) AMD Radeon AI PRO R9700 (RADV GFX1201)
tick 1929000 alive   914366 genomes  201763 energy   199.0 births 15972221 deaths 15969069 (4887.7s) AMD Radeon AI PRO R9700 (RADV GFX1201)
tick 1930000 alive   911632 genomes  200840 energy   199.6 births 15978353 deaths 15981087 (4890.2s) AMD Radeon AI PRO R9700 (RADV GFX1201)
tick 1931000 alive   916423 genomes  202219 energy   198.5 births 16006292 deaths 16001501 (4892.7s) AMD Radeon AI PRO R9700 (RADV GFX1201)
tick 1932000 alive   920246 genomes  202110 energy   198.3 births 16228196 deaths 16224373 (4895.2s) AMD Radeon AI PRO R9700 (RADV GFX1201)
tick 1933000 alive   918795 genomes  200662 energy   198.4 births 16299017 deaths 16300468 (4897.7s) AMD Radeon AI PRO R9700 (RADV GFX1201)
tick 1934000 alive   918882 genomes  198493 energy   198.2 births 16332685 deaths 16332598 (4900.2s) AMD Radeon AI PRO R9700 (RADV GFX1201)
tick 1935000 alive   918631 genomes  197207 energy   198.9 births 16251632 deaths 16251883 (4902.7s) AMD Radeon AI PRO R9700 (RADV GFX1201)
tick 1936000 alive   918477 genomes  195983 energy   199.1 births 16224214 deaths 16224368 (4905.2s) AMD Radeon AI PRO R9700 (RADV GFX1201)
tick 1937000 alive   921722 genomes  197910 energy   198.4 births 16168164 deaths 16164919 (4907.8s) AMD Radeon AI PRO R9700 (RADV GFX1201)
tick 1938000 alive   920137 genomes  195662 energy   198.7 births 16318645 deaths 16320230 (4910.2s) AMD Radeon AI PRO R9700 (RADV GFX1201)
tick 1939000 alive   922355 genomes  195588 energy   198.7 births 16304058 deaths 16301840 (4912.7s) AMD Radeon AI PRO R9700 (RADV GFX1201)
tick 1940000 alive   923346 genomes  194630 energy   199.1 births 16321889 deaths 16320898 (4915.3s) AMD Radeon AI PRO R9700 (RADV GFX1201)
tick 1941000 alive   922326 genomes  197089 energy   199.0 births 16232163 deaths 16233183 (4917.8s) AMD Radeon AI PRO R9700 (RADV GFX1201)
tick 1942000 alive   914700 genomes  199118 energy   199.3 births 16148804 deaths 16156430 (4920.3s) AMD Radeon AI PRO R9700 (RADV GFX1201)
tick 1943000 alive   911068 genomes  200461 energy   199.0 births 15947001 deaths 15950633 (4922.9s) AMD Radeon AI PRO R9700 (RADV GFX1201)
tick 1944000 alive   909187 genomes  198955 energy   199.0 births 15991335 deaths 15993216 (4925.4s) AMD Radeon AI PRO R9700 (RADV GFX1201)
tick 1945000 alive   915394 genomes  199059 energy   198.8 births 16070658 deaths 16064451 (4927.9s) AMD Radeon AI PRO R9700 (RADV GFX1201)
tick 1946000 alive   916766 genomes  198460 energy   199.1 births 16071290 deaths 16069918 (4930.4s) AMD Radeon AI PRO R9700 (RADV GFX1201)
tick 1947000 alive   917472 genomes  197822 energy   198.7 births 16071449 deaths 16070743 (4933.0s) AMD Radeon AI PRO R9700 (RADV GFX1201)
tick 1948000 alive   916906 genomes  198147 energy   199.0 births 16121413 deaths 16121979 (4935.6s) AMD Radeon AI PRO R9700 (RADV GFX1201)
tick 1949000 alive   914881 genomes  198920 energy   198.9 births 16029495 deaths 16031520 (4938.1s) AMD Radeon AI PRO R9700 (RADV GFX1201)
tick 1950000 alive   911875 genomes  197575 energy   198.7 births 16072728 deaths 16075734 (4940.7s) AMD Radeon AI PRO R9700 (RADV GFX1201)
tick 1951000 alive   918444 genomes  197542 energy   198.4 births 16189685 deaths 16183116 (4943.1s) AMD Radeon AI PRO R9700 (RADV GFX1201)
tick 1952000 alive   915118 genomes  197866 energy   199.0 births 16130392 deaths 16133718 (4945.6s) AMD Radeon AI PRO R9700 (RADV GFX1201)
tick 1953000 alive   913122 genomes  197979 energy   199.4 births 16008320 deaths 16010316 (4948.1s) AMD Radeon AI PRO R9700 (RADV GFX1201)
tick 1954000 alive   914662 genomes  199299 energy   199.0 births 15978504 deaths 15976964 (4950.9s) AMD Radeon AI PRO R9700 (RADV GFX1201)
tick 1955000 alive   912139 genomes  200379 energy   199.1 births 16032049 deaths 16034572 (4953.4s) AMD Radeon AI PRO R9700 (RADV GFX1201)
tick 1956000 alive   913393 genomes  199397 energy   199.4 births 16019913 deaths 16018659 (4955.9s) AMD Radeon AI PRO R9700 (RADV GFX1201)
tick 1957000 alive   909777 genomes  200175 energy   199.8 births 15871392 deaths 15875008 (4958.4s) AMD Radeon AI PRO R9700 (RADV GFX1201)
tick 1958000 alive   910363 genomes  202076 energy   199.9 births 15765968 deaths 15765382 (4960.9s) AMD Radeon AI PRO R9700 (RADV GFX1201)
tick 1959000 alive   912286 genomes  203038 energy   199.2 births 15846310 deaths 15844387 (4963.4s) AMD Radeon AI PRO R9700 (RADV GFX1201)
tick 1960000 alive   912709 genomes  201792 energy   198.7 births 15918465 deaths 15918042 (4965.9s) AMD Radeon AI PRO R9700 (RADV GFX1201)
tick 1961000 alive   917042 genomes  201282 energy   199.1 births 16152679 deaths 16148346 (4968.4s) AMD Radeon AI PRO R9700 (RADV GFX1201)
tick 1962000 alive   915710 genomes  198750 energy   198.8 births 16015745 deaths 16017077 (4970.9s) AMD Radeon AI PRO R9700 (RADV GFX1201)
tick 1963000 alive   913737 genomes  198695 energy   199.5 births 15959939 deaths 15961912 (4973.4s) AMD Radeon AI PRO R9700 (RADV GFX1201)
tick 1964000 alive   912583 genomes  200285 energy   199.1 births 15902290 deaths 15903444 (4975.9s) AMD Radeon AI PRO R9700 (RADV GFX1201)
tick 1965000 alive   912409 genomes  199423 energy   199.2 births 15971584 deaths 15971758 (4978.3s) AMD Radeon AI PRO R9700 (RADV GFX1201)
tick 1966000 alive   913561 genomes  198112 energy   198.3 births 16085632 deaths 16084480 (4980.8s) AMD Radeon AI PRO R9700 (RADV GFX1201)
tick 1967000 alive   917966 genomes  196263 energy   198.4 births 16175880 deaths 16171475 (4983.4s) AMD Radeon AI PRO R9700 (RADV GFX1201)
tick 1968000 alive   915767 genomes  195499 energy   198.9 births 16101981 deaths 16104180 (4985.9s) AMD Radeon AI PRO R9700 (RADV GFX1201)
tick 1969000 alive   911408 genomes  197437 energy   198.6 births 16007919 deaths 16012278 (4988.4s) AMD Radeon AI PRO R9700 (RADV GFX1201)
tick 1970000 alive   914867 genomes  197459 energy   198.6 births 16105471 deaths 16102012 (4990.9s) AMD Radeon AI PRO R9700 (RADV GFX1201)
tick 1971000 alive   913787 genomes  196720 energy   198.7 births 16138081 deaths 16139161 (4993.5s) AMD Radeon AI PRO R9700 (RADV GFX1201)
tick 1972000 alive   912719 genomes  196190 energy   198.8 births 16088080 deaths 16089148 (4996.2s) AMD Radeon AI PRO R9700 (RADV GFX1201)
tick 1973000 alive   910249 genomes  195190 energy   199.1 births 16039202 deaths 16041672 (4998.8s) AMD Radeon AI PRO R9700 (RADV GFX1201)
tick 1974000 alive   908813 genomes  196753 energy   198.5 births 15934541 deaths 15935977 (5001.3s) AMD Radeon AI PRO R9700 (RADV GFX1201)
tick 1975000 alive   910759 genomes  195480 energy   199.0 births 16000025 deaths 15998079 (5004.0s) AMD Radeon AI PRO R9700 (RADV GFX1201)
tick 1976000 alive   908126 genomes  197489 energy   199.1 births 15902468 deaths 15905101 (5006.6s) AMD Radeon AI PRO R9700 (RADV GFX1201)
tick 1977000 alive   910002 genomes  198554 energy   199.1 births 15909898 deaths 15908022 (5009.1s) AMD Radeon AI PRO R9700 (RADV GFX1201)
tick 1978000 alive   909119 genomes  199436 energy   199.2 births 15924203 deaths 15925086 (5011.6s) AMD Radeon AI PRO R9700 (RADV GFX1201)
tick 1979000 alive   906227 genomes  199339 energy   198.9 births 15854269 deaths 15857161 (5014.1s) AMD Radeon AI PRO R9700 (RADV GFX1201)
tick 1980000 alive   912385 genomes  199667 energy   198.8 births 15971284 deaths 15965126 (5016.6s) AMD Radeon AI PRO R9700 (RADV GFX1201)
tick 1981000 alive   907843 genomes  199082 energy   198.5 births 16022816 deaths 16027358 (5019.1s) AMD Radeon AI PRO R9700 (RADV GFX1201)
tick 1982000 alive   909459 genomes  200272 energy   198.9 births 15982513 deaths 15980897 (5021.6s) AMD Radeon AI PRO R9700 (RADV GFX1201)
tick 1983000 alive   904722 genomes  201050 energy   199.2 births 15791159 deaths 15795896 (5024.3s) AMD Radeon AI PRO R9700 (RADV GFX1201)
tick 1984000 alive   907009 genomes  201731 energy   199.4 births 15768148 deaths 15765861 (5026.9s) AMD Radeon AI PRO R9700 (RADV GFX1201)
tick 1985000 alive   906997 genomes  201694 energy   199.1 births 15769388 deaths 15769400 (5029.6s) AMD Radeon AI PRO R9700 (RADV GFX1201)
tick 1986000 alive   902243 genomes  202528 energy   199.5 births 15673698 deaths 15678452 (5032.1s) AMD Radeon AI PRO R9700 (RADV GFX1201)
tick 1987000 alive   903701 genomes  201989 energy   199.1 births 15650739 deaths 15649281 (5034.7s) AMD Radeon AI PRO R9700 (RADV GFX1201)
tick 1988000 alive   910523 genomes  202322 energy   198.8 births 15873387 deaths 15866565 (5037.2s) AMD Radeon AI PRO R9700 (RADV GFX1201)
tick 1989000 alive   905790 genomes  201776 energy   199.5 births 15852408 deaths 15857141 (5039.7s) AMD Radeon AI PRO R9700 (RADV GFX1201)
tick 1990000 alive   904376 genomes  204140 energy   198.9 births 15713381 deaths 15714795 (5042.2s) AMD Radeon AI PRO R9700 (RADV GFX1201)
tick 1991000 alive   903094 genomes  204284 energy   199.3 births 15700586 deaths 15701868 (5044.7s) AMD Radeon AI PRO R9700 (RADV GFX1201)
tick 1992000 alive   900564 genomes  203997 energy   199.9 births 15486702 deaths 15489232 (5047.2s) AMD Radeon AI PRO R9700 (RADV GFX1201)
tick 1993000 alive   902687 genomes  204135 energy   199.8 births 15534719 deaths 15532596 (5049.7s) AMD Radeon AI PRO R9700 (RADV GFX1201)
tick 1994000 alive   908661 genomes  201085 energy   198.8 births 15711926 deaths 15705952 (5052.2s) AMD Radeon AI PRO R9700 (RADV GFX1201)
tick 1995000 alive   914467 genomes  199181 energy   198.7 births 16001920 deaths 15996114 (5054.7s) AMD Radeon AI PRO R9700 (RADV GFX1201)
tick 1996000 alive   914788 genomes  198030 energy   199.2 births 15992232 deaths 15991911 (5057.3s) AMD Radeon AI PRO R9700 (RADV GFX1201)
tick 1997000 alive   909016 genomes  199656 energy   199.2 births 15870235 deaths 15876007 (5059.8s) AMD Radeon AI PRO R9700 (RADV GFX1201)
tick 1998000 alive   906444 genomes  200893 energy   199.2 births 15811384 deaths 15813956 (5062.4s) AMD Radeon AI PRO R9700 (RADV GFX1201)
tick 1999000 alive   908165 genomes  200156 energy   198.9 births 15833509 deaths 15831788 (5064.8s) AMD Radeon AI PRO R9700 (RADV GFX1201)
tick 2000000 alive   910233 genomes  198239 energy   198.8 births 16006437 deaths 16004369 (5067.3s) AMD Radeon AI PRO R9700 (RADV GFX1201)
tick 2001000 alive   909811 genomes  197988 energy   199.3 births 15922008 deaths 15922430 (5069.8s) AMD Radeon AI PRO R9700 (RADV GFX1201)
tick 2002000 alive   907877 genomes  199226 energy   199.3 births 15797677 deaths 15799611 (5072.4s) AMD Radeon AI PRO R9700 (RADV GFX1201)
tick 2003000 alive   908943 genomes  197482 energy   198.8 births 15806588 deaths 15805522 (5074.9s) AMD Radeon AI PRO R9700 (RADV GFX1201)
tick 2004000 alive   910129 genomes  197679 energy   198.7 births 15920778 deaths 15919592 (5077.4s) AMD Radeon AI PRO R9700 (RADV GFX1201)
tick 2005000 alive   907676 genomes  197816 energy   199.1 births 15869609 deaths 15872062 (5079.9s) AMD Radeon AI PRO R9700 (RADV GFX1201)
tick 2006000 alive   906226 genomes  200511 energy   199.4 births 15809725 deaths 15811175 (5082.4s) AMD Radeon AI PRO R9700 (RADV GFX1201)
tick 2007000 alive   906473 genomes  202460 energy   198.6 births 15793854 deaths 15793607 (5084.9s) AMD Radeon AI PRO R9700 (RADV GFX1201)
tick 2008000 alive   900979 genomes  203667 energy   198.7 births 15805219 deaths 15810713 (5087.4s) AMD Radeon AI PRO R9700 (RADV GFX1201)
tick 2009000 alive   902879 genomes  204601 energy   198.4 births 15787330 deaths 15785430 (5089.9s) AMD Radeon AI PRO R9700 (RADV GFX1201)
tick 2010000 alive   904920 genomes  201922 energy   198.8 births 15840211 deaths 15838170 (5092.4s) AMD Radeon AI PRO R9700 (RADV GFX1201)
tick 2011000 alive   908900 genomes  200549 energy   198.6 births 15862142 deaths 15858162 (5094.9s) AMD Radeon AI PRO R9700 (RADV GFX1201)
tick 2012000 alive   904973 genomes  200308 energy   198.8 births 15944926 deaths 15948853 (5097.4s) AMD Radeon AI PRO R9700 (RADV GFX1201)
tick 2013000 alive   905341 genomes  199207 energy   198.4 births 15820711 deaths 15820343 (5100.0s) AMD Radeon AI PRO R9700 (RADV GFX1201)
tick 2014000 alive   910070 genomes  199862 energy   198.9 births 16013408 deaths 16008679 (5102.5s) AMD Radeon AI PRO R9700 (RADV GFX1201)
tick 2015000 alive   905230 genomes  198852 energy   199.1 births 15864241 deaths 15869081 (5105.1s) AMD Radeon AI PRO R9700 (RADV GFX1201)
tick 2016000 alive   905388 genomes  198828 energy   198.9 births 15789237 deaths 15789079 (5107.8s) AMD Radeon AI PRO R9700 (RADV GFX1201)
tick 2017000 alive   911817 genomes  197287 energy   199.0 births 15963868 deaths 15957439 (5110.5s) AMD Radeon AI PRO R9700 (RADV GFX1201)
tick 2018000 alive   912119 genomes  196629 energy   199.0 births 16047139 deaths 16046837 (5113.0s) AMD Radeon AI PRO R9700 (RADV GFX1201)
tick 2019000 alive   913048 genomes  197108 energy   198.3 births 15994052 deaths 15993123 (5115.5s) AMD Radeon AI PRO R9700 (RADV GFX1201)
tick 2020000 alive   913479 genomes  194700 energy   199.0 births 16029976 deaths 16029545 (5118.0s) AMD Radeon AI PRO R9700 (RADV GFX1201)
tick 2021000 alive   913626 genomes  194278 energy   198.7 births 16022185 deaths 16022038 (5120.6s) AMD Radeon AI PRO R9700 (RADV GFX1201)
tick 2022000 alive   911701 genomes  194822 energy   198.9 births 15929847 deaths 15931772 (5123.1s) AMD Radeon AI PRO R9700 (RADV GFX1201)
tick 2023000 alive   907327 genomes  196674 energy   199.3 births 15874415 deaths 15878789 (5125.6s) AMD Radeon AI PRO R9700 (RADV GFX1201)
tick 2024000 alive   908728 genomes  198662 energy   199.2 births 15929437 deaths 15928036 (5128.1s) AMD Radeon AI PRO R9700 (RADV GFX1201)
tick 2025000 alive   906595 genomes  199405 energy   198.9 births 15824356 deaths 15826489 (5130.7s) AMD Radeon AI PRO R9700 (RADV GFX1201)
tick 2026000 alive   910250 genomes  200313 energy   198.7 births 15942606 deaths 15938951 (5133.2s) AMD Radeon AI PRO R9700 (RADV GFX1201)
tick 2027000 alive   908589 genomes  200829 energy   198.8 births 15954631 deaths 15956292 (5135.6s) AMD Radeon AI PRO R9700 (RADV GFX1201)
tick 2028000 alive   911008 genomes  200427 energy   198.5 births 16001923 deaths 15999504 (5138.1s) AMD Radeon AI PRO R9700 (RADV GFX1201)
tick 2029000 alive   909147 genomes  199040 energy   198.9 births 15972587 deaths 15974448 (5140.6s) AMD Radeon AI PRO R9700 (RADV GFX1201)
tick 2030000 alive   906914 genomes  200328 energy   198.3 births 15963917 deaths 15966150 (5143.2s) AMD Radeon AI PRO R9700 (RADV GFX1201)
tick 2031000 alive   908616 genomes  201543 energy   198.5 births 16011645 deaths 16009943 (5145.8s) AMD Radeon AI PRO R9700 (RADV GFX1201)
tick 2032000 alive   904435 genomes  202824 energy   198.8 births 15922360 deaths 15926541 (5148.7s) AMD Radeon AI PRO R9700 (RADV GFX1201)
tick 2033000 alive   903796 genomes  201027 energy   198.8 births 15842715 deaths 15843354 (5151.3s) AMD Radeon AI PRO R9700 (RADV GFX1201)
tick 2034000 alive   910331 genomes  199396 energy   198.6 births 15998483 deaths 15991948 (5153.9s) AMD Radeon AI PRO R9700 (RADV GFX1201)
tick 2035000 alive   917916 genomes  198671 energy   198.3 births 16109756 deaths 16102171 (5156.6s) AMD Radeon AI PRO R9700 (RADV GFX1201)
tick 2036000 alive   914431 genomes  198641 energy   198.8 births 16133524 deaths 16137009 (5159.2s) AMD Radeon AI PRO R9700 (RADV GFX1201)
tick 2037000 alive   916958 genomes  198625 energy   198.6 births 16126311 deaths 16123784 (5161.7s) AMD Radeon AI PRO R9700 (RADV GFX1201)
tick 2038000 alive   909328 genomes  196670 energy   199.4 births 16001100 deaths 16008730 (5164.2s) AMD Radeon AI PRO R9700 (RADV GFX1201)
tick 2039000 alive   908902 genomes  198763 energy   199.0 births 15838153 deaths 15838579 (5166.7s) AMD Radeon AI PRO R9700 (RADV GFX1201)
tick 2040000 alive   907570 genomes  199810 energy   198.9 births 15848535 deaths 15849867 (5169.5s) AMD Radeon AI PRO R9700 (RADV GFX1201)
tick 2041000 alive   909134 genomes  199067 energy   198.9 births 15976784 deaths 15975220 (5172.1s) AMD Radeon AI PRO R9700 (RADV GFX1201)
tick 2042000 alive   909872 genomes  199335 energy   198.6 births 16044190 deaths 16043452 (5174.6s) AMD Radeon AI PRO R9700 (RADV GFX1201)
tick 2043000 alive   915511 genomes  197051 energy   198.5 births 16126977 deaths 16121338 (5177.2s) AMD Radeon AI PRO R9700 (RADV GFX1201)
tick 2044000 alive   911889 genomes  195859 energy   198.8 births 16037280 deaths 16040902 (5179.8s) AMD Radeon AI PRO R9700 (RADV GFX1201)
tick 2045000 alive   907334 genomes  197756 energy   199.1 births 15915527 deaths 15920082 (5182.3s) AMD Radeon AI PRO R9700 (RADV GFX1201)
tick 2046000 alive   906575 genomes  198120 energy   199.1 births 15843607 deaths 15844366 (5185.0s) AMD Radeon AI PRO R9700 (RADV GFX1201)
tick 2047000 alive   906157 genomes  197835 energy   198.9 births 15835316 deaths 15835734 (5187.4s) AMD Radeon AI PRO R9700 (RADV GFX1201)
tick 2048000 alive   905795 genomes  196870 energy   198.9 births 15859726 deaths 15860088 (5189.9s) AMD Radeon AI PRO R9700 (RADV GFX1201)
tick 2049000 alive   909400 genomes  196195 energy   198.7 births 15945379 deaths 15941774 (5192.4s) AMD Radeon AI PRO R9700 (RADV GFX1201)
tick 2050000 alive   909619 genomes  197535 energy   198.9 births 16031578 deaths 16031359 (5194.9s) AMD Radeon AI PRO R9700 (RADV GFX1201)
tick 2051000 alive   905719 genomes  198156 energy   199.3 births 15862077 deaths 15865977 (5197.4s) AMD Radeon AI PRO R9700 (RADV GFX1201)
tick 2052000 alive   902919 genomes  199567 energy   199.2 births 15752451 deaths 15755251 (5200.0s) AMD Radeon AI PRO R9700 (RADV GFX1201)
tick 2053000 alive   900651 genomes  201980 energy   198.8 births 15711614 deaths 15713882 (5202.6s) AMD Radeon AI PRO R9700 (RADV GFX1201)
tick 2054000 alive   906701 genomes  202428 energy   198.3 births 15861567 deaths 15855517 (5205.1s) AMD Radeon AI PRO R9700 (RADV GFX1201)
tick 2055000 alive   908159 genomes  201117 energy   197.9 births 15972407 deaths 15970949 (5207.8s) AMD Radeon AI PRO R9700 (RADV GFX1201)
tick 2056000 alive   909513 genomes  200453 energy   198.5 births 16101130 deaths 16099776 (5210.4s) AMD Radeon AI PRO R9700 (RADV GFX1201)
tick 2057000 alive   900370 genomes  200970 energy   198.8 births 15896669 deaths 15905812 (5213.0s) AMD Radeon AI PRO R9700 (RADV GFX1201)
tick 2058000 alive   907379 genomes  199118 energy   198.1 births 15946961 deaths 15939952 (5215.5s) AMD Radeon AI PRO R9700 (RADV GFX1201)
tick 2059000 alive   908453 genomes  197535 energy   198.5 births 16093336 deaths 16092262 (5218.2s) AMD Radeon AI PRO R9700 (RADV GFX1201)
tick 2060000 alive   910893 genomes  198751 energy   198.6 births 16031034 deaths 16028594 (5220.8s) AMD Radeon AI PRO R9700 (RADV GFX1201)
tick 2061000 alive   912004 genomes  199565 energy   198.3 births 16110577 deaths 16109466 (5223.3s) AMD Radeon AI PRO R9700 (RADV GFX1201)
tick 2062000 alive   913858 genomes  197727 energy   198.2 births 16140661 deaths 16138807 (5225.9s) AMD Radeon AI PRO R9700 (RADV GFX1201)
tick 2063000 alive   909088 genomes  197140 energy   199.4 births 16001229 deaths 16005999 (5228.4s) AMD Radeon AI PRO R9700 (RADV GFX1201)
tick 2064000 alive   906919 genomes  198412 energy   198.6 births 15890597 deaths 15892766 (5230.9s) AMD Radeon AI PRO R9700 (RADV GFX1201)
tick 2065000 alive   907512 genomes  197150 energy   198.6 births 15890120 deaths 15889527 (5233.4s) AMD Radeon AI PRO R9700 (RADV GFX1201)
tick 2066000 alive   910886 genomes  199902 energy   198.9 births 15964205 deaths 15960831 (5235.9s) AMD Radeon AI PRO R9700 (RADV GFX1201)
tick 2067000 alive   912341 genomes  198381 energy   198.6 births 16041079 deaths 16039624 (5238.4s) AMD Radeon AI PRO R9700 (RADV GFX1201)
tick 2068000 alive   909461 genomes  197360 energy   198.8 births 16033443 deaths 16036323 (5240.9s) AMD Radeon AI PRO R9700 (RADV GFX1201)
tick 2069000 alive   910362 genomes  195873 energy   198.5 births 16076287 deaths 16075386 (5243.4s) AMD Radeon AI PRO R9700 (RADV GFX1201)
tick 2070000 alive   913471 genomes  195947 energy   199.1 births 16026867 deaths 16023758 (5245.9s) AMD Radeon AI PRO R9700 (RADV GFX1201)
tick 2071000 alive   909877 genomes  197022 energy   199.0 births 15922072 deaths 15925666 (5248.4s) AMD Radeon AI PRO R9700 (RADV GFX1201)
tick 2072000 alive   909672 genomes  196328 energy   199.2 births 15899990 deaths 15900195 (5250.9s) AMD Radeon AI PRO R9700 (RADV GFX1201)
tick 2073000 alive   909057 genomes  194950 energy   198.6 births 15975662 deaths 15976277 (5253.4s) AMD Radeon AI PRO R9700 (RADV GFX1201)
tick 2074000 alive   909244 genomes  193905 energy   198.5 births 16072527 deaths 16072340 (5255.9s) AMD Radeon AI PRO R9700 (RADV GFX1201)
tick 2075000 alive   914355 genomes  191950 energy   198.5 births 16088499 deaths 16083388 (5258.6s) AMD Radeon AI PRO R9700 (RADV GFX1201)
tick 2076000 alive   916297 genomes  191276 energy   198.7 births 16172655 deaths 16170713 (5261.1s) AMD Radeon AI PRO R9700 (RADV GFX1201)
tick 2077000 alive   913685 genomes  191771 energy   199.1 births 16067368 deaths 16069980 (5263.7s) AMD Radeon AI PRO R9700 (RADV GFX1201)
tick 2078000 alive   913771 genomes  192045 energy   198.7 births 16042196 deaths 16042110 (5266.2s) AMD Radeon AI PRO R9700 (RADV GFX1201)
tick 2079000 alive   914751 genomes  193558 energy   198.9 births 16138020 deaths 16137040 (5268.8s) AMD Radeon AI PRO R9700 (RADV GFX1201)
tick 2080000 alive   912859 genomes  193655 energy   198.6 births 16089344 deaths 16091236 (5271.3s) AMD Radeon AI PRO R9700 (RADV GFX1201)
tick 2081000 alive   912775 genomes  194417 energy   198.7 births 16055229 deaths 16055313 (5273.8s) AMD Radeon AI PRO R9700 (RADV GFX1201)
tick 2082000 alive   914437 genomes  196407 energy   199.2 births 16005502 deaths 16003840 (5276.2s) AMD Radeon AI PRO R9700 (RADV GFX1201)
tick 2083000 alive   911450 genomes  197014 energy   199.2 births 15886563 deaths 15889550 (5278.7s) AMD Radeon AI PRO R9700 (RADV GFX1201)
tick 2084000 alive   909235 genomes  196345 energy   199.5 births 15840331 deaths 15842546 (5281.3s) AMD Radeon AI PRO R9700 (RADV GFX1201)
tick 2085000 alive   910114 genomes  196625 energy   199.6 births 15812715 deaths 15811836 (5283.8s) AMD Radeon AI PRO R9700 (RADV GFX1201)
tick 2086000 alive   912168 genomes  197054 energy   199.1 births 15865040 deaths 15862986 (5286.3s) AMD Radeon AI PRO R9700 (RADV GFX1201)
tick 2087000 alive   906043 genomes  199697 energy   199.2 births 15815448 deaths 15821573 (5288.8s) AMD Radeon AI PRO R9700 (RADV GFX1201)
tick 2088000 alive   906806 genomes  199778 energy   198.9 births 15752537 deaths 15751774 (5291.3s) AMD Radeon AI PRO R9700 (RADV GFX1201)
tick 2089000 alive   912273 genomes  198418 energy   199.2 births 15922647 deaths 15917180 (5293.8s) AMD Radeon AI PRO R9700 (RADV GFX1201)
tick 2090000 alive   914905 genomes  198086 energy   198.9 births 15972102 deaths 15969470 (5296.3s) AMD Radeon AI PRO R9700 (RADV GFX1201)
tick 2091000 alive   914563 genomes  199187 energy   198.9 births 16002549 deaths 16002891 (5298.8s) AMD Radeon AI PRO R9700 (RADV GFX1201)
tick 2092000 alive   910389 genomes  200378 energy   199.4 births 15818779 deaths 15822953 (5301.3s) AMD Radeon AI PRO R9700 (RADV GFX1201)
tick 2093000 alive   905612 genomes  200484 energy   199.6 births 15702577 deaths 15707354 (5303.8s) AMD Radeon AI PRO R9700 (RADV GFX1201)
tick 2094000 alive   914210 genomes  200854 energy   199.4 births 15840484 deaths 15831886 (5306.3s) AMD Radeon AI PRO R9700 (RADV GFX1201)
tick 2095000 alive   914749 genomes  198950 energy   198.6 births 16046836 deaths 16046297 (5308.8s) AMD Radeon AI PRO R9700 (RADV GFX1201)
tick 2096000 alive   912951 genomes  196534 energy   199.3 births 16008595 deaths 16010393 (5311.2s) AMD Radeon AI PRO R9700 (RADV GFX1201)
tick 2097000 alive   916472 genomes  195834 energy   198.8 births 15983341 deaths 15979820 (5313.8s) AMD Radeon AI PRO R9700 (RADV GFX1201)
tick 2098000 alive   912768 genomes  194726 energy   199.0 births 16007226 deaths 16010930 (5316.3s) AMD Radeon AI PRO R9700 (RADV GFX1201)
tick 2099000 alive   909925 genomes  194858 energy   199.2 births 15861457 deaths 15864300 (5318.8s) AMD Radeon AI PRO R9700 (RADV GFX1201)
tick 2100000 alive   914861 genomes  194566 energy   199.0 births 15932930 deaths 15927994 (5321.5s) AMD Radeon AI PRO R9700 (RADV GFX1201)
tick 2101000 alive   919558 genomes  192408 energy   199.1 births 16061420 deaths 16056723 (5324.0s) AMD Radeon AI PRO R9700 (RADV GFX1201)
tick 2102000 alive   912835 genomes  192848 energy   199.7 births 15997082 deaths 16003805 (5326.5s) AMD Radeon AI PRO R9700 (RADV GFX1201)
tick 2103000 alive   911371 genomes  195529 energy   199.5 births 15829606 deaths 15831070 (5329.1s) AMD Radeon AI PRO R9700 (RADV GFX1201)
tick 2104000 alive   908969 genomes  196312 energy   199.2 births 15795835 deaths 15798237 (5331.6s) AMD Radeon AI PRO R9700 (RADV GFX1201)
tick 2105000 alive   915910 genomes  197524 energy   199.2 births 15977941 deaths 15971000 (5334.1s) AMD Radeon AI PRO R9700 (RADV GFX1201)
tick 2106000 alive   915605 genomes  196655 energy   199.2 births 16097051 deaths 16097356 (5336.6s) AMD Radeon AI PRO R9700 (RADV GFX1201)
tick 2107000 alive   911461 genomes  197186 energy   199.5 births 15945115 deaths 15949259 (5339.1s) AMD Radeon AI PRO R9700 (RADV GFX1201)
tick 2108000 alive   914203 genomes  196262 energy   198.9 births 15951555 deaths 15948813 (5341.7s) AMD Radeon AI PRO R9700 (RADV GFX1201)
tick 2109000 alive   913254 genomes  194681 energy   199.5 births 16009061 deaths 16010010 (5344.4s) AMD Radeon AI PRO R9700 (RADV GFX1201)
tick 2110000 alive   914874 genomes  195430 energy   199.1 births 15967973 deaths 15966353 (5346.9s) AMD Radeon AI PRO R9700 (RADV GFX1201)
tick 2111000 alive   917244 genomes  196044 energy   198.7 births 16131411 deaths 16129041 (5349.4s) AMD Radeon AI PRO R9700 (RADV GFX1201)
tick 2112000 alive   920550 genomes  193287 energy   198.6 births 16164563 deaths 16161257 (5351.9s) AMD Radeon AI PRO R9700 (RADV GFX1201)
tick 2113000 alive   921786 genomes  190094 energy   199.2 births 16227046 deaths 16225810 (5354.4s) AMD Radeon AI PRO R9700 (RADV GFX1201)
tick 2114000 alive   917765 genomes  191309 energy   200.0 births 16060004 deaths 16064025 (5356.9s) AMD Radeon AI PRO R9700 (RADV GFX1201)
tick 2115000 alive   913884 genomes  194038 energy   199.6 births 15914590 deaths 15918471 (5359.4s) AMD Radeon AI PRO R9700 (RADV GFX1201)
tick 2116000 alive   915752 genomes  193966 energy   199.3 births 15976684 deaths 15974816 (5361.9s) AMD Radeon AI PRO R9700 (RADV GFX1201)
tick 2117000 alive   921334 genomes  192566 energy   198.8 births 16094855 deaths 16089273 (5364.4s) AMD Radeon AI PRO R9700 (RADV GFX1201)
tick 2118000 alive   921395 genomes  191489 energy   199.6 births 16191682 deaths 16191621 (5366.9s) AMD Radeon AI PRO R9700 (RADV GFX1201)
tick 2119000 alive   920516 genomes  193969 energy   199.2 births 16085228 deaths 16086107 (5369.4s) AMD Radeon AI PRO R9700 (RADV GFX1201)
tick 2120000 alive   916804 genomes  197626 energy   199.4 births 16086217 deaths 16089929 (5371.9s) AMD Radeon AI PRO R9700 (RADV GFX1201)
tick 2121000 alive   913665 genomes  197055 energy   199.0 births 16002088 deaths 16005227 (5374.5s) AMD Radeon AI PRO R9700 (RADV GFX1201)
tick 2122000 alive   915603 genomes  195498 energy   198.7 births 16133279 deaths 16131341 (5377.0s) AMD Radeon AI PRO R9700 (RADV GFX1201)
tick 2123000 alive   917341 genomes  191891 energy   198.7 births 16202750 deaths 16201012 (5379.6s) AMD Radeon AI PRO R9700 (RADV GFX1201)
tick 2124000 alive   918367 genomes  191101 energy   198.4 births 16284593 deaths 16283567 (5382.2s) AMD Radeon AI PRO R9700 (RADV GFX1201)
tick 2125000 alive   918637 genomes  191478 energy   198.5 births 16265821 deaths 16265551 (5384.7s) AMD Radeon AI PRO R9700 (RADV GFX1201)
tick 2126000 alive   916523 genomes  190531 energy   198.7 births 16189722 deaths 16191836 (5387.2s) AMD Radeon AI PRO R9700 (RADV GFX1201)
tick 2127000 alive   915323 genomes  190965 energy   198.6 births 16109467 deaths 16110667 (5389.7s) AMD Radeon AI PRO R9700 (RADV GFX1201)
tick 2128000 alive   916739 genomes  191257 energy   199.6 births 16084373 deaths 16082957 (5392.3s) AMD Radeon AI PRO R9700 (RADV GFX1201)
tick 2129000 alive   914612 genomes  192894 energy   199.1 births 16008973 deaths 16011100 (5394.8s) AMD Radeon AI PRO R9700 (RADV GFX1201)
tick 2130000 alive   911835 genomes  193676 energy   199.3 births 15951026 deaths 15953803 (5397.2s) AMD Radeon AI PRO R9700 (RADV GFX1201)
tick 2131000 alive   912382 genomes  194439 energy   199.1 births 15896002 deaths 15895455 (5399.7s) AMD Radeon AI PRO R9700 (RADV GFX1201)
tick 2132000 alive   913369 genomes  193956 energy   199.0 births 16007714 deaths 16006727 (5402.2s) AMD Radeon AI PRO R9700 (RADV GFX1201)
tick 2133000 alive   916462 genomes  195186 energy   198.7 births 16078902 deaths 16075809 (5404.7s) AMD Radeon AI PRO R9700 (RADV GFX1201)
tick 2134000 alive   918304 genomes  195421 energy   198.9 births 16190555 deaths 16188713 (5407.2s) AMD Radeon AI PRO R9700 (RADV GFX1201)
tick 2135000 alive   912592 genomes  196000 energy   198.6 births 16073020 deaths 16078732 (5409.7s) AMD Radeon AI PRO R9700 (RADV GFX1201)
tick 2136000 alive   914284 genomes  196567 energy   199.0 births 16074602 deaths 16072910 (5412.2s) AMD Radeon AI PRO R9700 (RADV GFX1201)
tick 2137000 alive   914450 genomes  199512 energy   199.3 births 16038270 deaths 16038104 (5414.7s) AMD Radeon AI PRO R9700 (RADV GFX1201)
tick 2138000 alive   912961 genomes  201442 energy   199.1 births 15946038 deaths 15947527 (5417.2s) AMD Radeon AI PRO R9700 (RADV GFX1201)
tick 2139000 alive   913298 genomes  201129 energy   198.9 births 15991059 deaths 15990722 (5419.7s) AMD Radeon AI PRO R9700 (RADV GFX1201)
tick 2140000 alive   911411 genomes  201598 energy   198.7 births 16059787 deaths 16061674 (5422.2s) AMD Radeon AI PRO R9700 (RADV GFX1201)
tick 2141000 alive   910644 genomes  201108 energy   198.6 births 16038946 deaths 16039713 (5424.7s) AMD Radeon AI PRO R9700 (RADV GFX1201)
tick 2142000 alive   916842 genomes  200074 energy   198.8 births 16124547 deaths 16118349 (5427.4s) AMD Radeon AI PRO R9700 (RADV GFX1201)
tick 2143000 alive   916141 genomes  197367 energy   199.0 births 16072640 deaths 16073341 (5430.0s) AMD Radeon AI PRO R9700 (RADV GFX1201)
tick 2144000 alive   914954 genomes  198334 energy   199.0 births 16057585 deaths 16058772 (5432.6s) AMD Radeon AI PRO R9700 (RADV GFX1201)
tick 2145000 alive   916017 genomes  198505 energy   199.1 births 16070703 deaths 16069640 (5435.1s) AMD Radeon AI PRO R9700 (RADV GFX1201)
tick 2146000 alive   920597 genomes  197631 energy   198.8 births 16204947 deaths 16200367 (5437.6s) AMD Radeon AI PRO R9700 (RADV GFX1201)
tick 2147000 alive   921759 genomes  194650 energy   198.8 births 16248226 deaths 16247064 (5440.1s) AMD Radeon AI PRO R9700 (RADV GFX1201)
tick 2148000 alive   922631 genomes  192500 energy   199.1 births 16258603 deaths 16257731 (5442.6s) AMD Radeon AI PRO R9700 (RADV GFX1201)
tick 2149000 alive   920726 genomes  192515 energy   198.7 births 16137050 deaths 16138955 (5445.1s) AMD Radeon AI PRO R9700 (RADV GFX1201)
tick 2150000 alive   920958 genomes  192554 energy   199.1 births 16242671 deaths 16242439 (5447.6s) AMD Radeon AI PRO R9700 (RADV GFX1201)
tick 2151000 alive   924381 genomes  191572 energy   198.7 births 16304930 deaths 16301507 (5450.1s) AMD Radeon AI PRO R9700 (RADV GFX1201)
tick 2152000 alive   919510 genomes  191700 energy   198.8 births 16265793 deaths 16270664 (5452.6s) AMD Radeon AI PRO R9700 (RADV GFX1201)
tick 2153000 alive   916196 genomes  192579 energy   199.2 births 16132683 deaths 16135997 (5455.1s) AMD Radeon AI PRO R9700 (RADV GFX1201)
tick 2154000 alive   911250 genomes  192594 energy   198.5 births 16052481 deaths 16057427 (5457.6s) AMD Radeon AI PRO R9700 (RADV GFX1201)
tick 2155000 alive   918328 genomes  192399 energy   198.4 births 16190794 deaths 16183716 (5460.1s) AMD Radeon AI PRO R9700 (RADV GFX1201)
tick 2156000 alive   922858 genomes  191829 energy   198.9 births 16390544 deaths 16386014 (5462.6s) AMD Radeon AI PRO R9700 (RADV GFX1201)
tick 2157000 alive   921582 genomes  191812 energy   198.6 births 16354093 deaths 16355369 (5465.1s) AMD Radeon AI PRO R9700 (RADV GFX1201)
tick 2158000 alive   921898 genomes  191730 energy   198.5 births 16299973 deaths 16299657 (5467.6s) AMD Radeon AI PRO R9700 (RADV GFX1201)
tick 2159000 alive   918939 genomes  192117 energy   198.8 births 16275989 deaths 16278948 (5470.1s) AMD Radeon AI PRO R9700 (RADV GFX1201)
tick 2160000 alive   914247 genomes  191364 energy   198.8 births 16165651 deaths 16170343 (5472.6s) AMD Radeon AI PRO R9700 (RADV GFX1201)
tick 2161000 alive   912690 genomes  193378 energy   198.7 births 16073115 deaths 16074672 (5475.1s) AMD Radeon AI PRO R9700 (RADV GFX1201)
tick 2162000 alive   912598 genomes  193682 energy   198.7 births 16127743 deaths 16127835 (5477.6s) AMD Radeon AI PRO R9700 (RADV GFX1201)
tick 2163000 alive   915595 genomes  191997 energy   198.5 births 16183435 deaths 16180438 (5480.1s) AMD Radeon AI PRO R9700 (RADV GFX1201)
tick 2164000 alive   916121 genomes  191680 energy   198.7 births 16265422 deaths 16264896 (5482.6s) AMD Radeon AI PRO R9700 (RADV GFX1201)
tick 2165000 alive   915421 genomes  193012 energy   198.2 births 16225179 deaths 16225879 (5485.0s) AMD Radeon AI PRO R9700 (RADV GFX1201)
tick 2166000 alive   918014 genomes  191310 energy   198.0 births 16322151 deaths 16319558 (5487.5s) AMD Radeon AI PRO R9700 (RADV GFX1201)
tick 2167000 alive   916485 genomes  190181 energy   197.9 births 16404429 deaths 16405958 (5490.0s) AMD Radeon AI PRO R9700 (RADV GFX1201)
tick 2168000 alive   917521 genomes  190794 energy   198.5 births 16224679 deaths 16223643 (5492.5s) AMD Radeon AI PRO R9700 (RADV GFX1201)
tick 2169000 alive   915192 genomes  192014 energy   198.4 births 16204614 deaths 16206943 (5495.0s) AMD Radeon AI PRO R9700 (RADV GFX1201)
tick 2170000 alive   914822 genomes  193127 energy   198.3 births 16141079 deaths 16141449 (5497.6s) AMD Radeon AI PRO R9700 (RADV GFX1201)
tick 2171000 alive   915677 genomes  192058 energy   198.6 births 16223496 deaths 16222641 (5500.0s) AMD Radeon AI PRO R9700 (RADV GFX1201)
tick 2172000 alive   915079 genomes  191925 energy   199.1 births 16137607 deaths 16138205 (5502.5s) AMD Radeon AI PRO R9700 (RADV GFX1201)
tick 2173000 alive   912482 genomes  194859 energy   198.8 births 16018033 deaths 16020630 (5505.0s) AMD Radeon AI PRO R9700 (RADV GFX1201)
tick 2174000 alive   909655 genomes  196535 energy   198.8 births 16024646 deaths 16027473 (5507.5s) AMD Radeon AI PRO R9700 (RADV GFX1201)
tick 2175000 alive   912183 genomes  197806 energy   197.6 births 16151804 deaths 16149276 (5510.0s) AMD Radeon AI PRO R9700 (RADV GFX1201)
tick 2176000 alive   913497 genomes  196406 energy   198.6 births 16224211 deaths 16222897 (5512.5s) AMD Radeon AI PRO R9700 (RADV GFX1201)
tick 2177000 alive   909969 genomes  197510 energy   198.5 births 16017242 deaths 16020770 (5515.0s) AMD Radeon AI PRO R9700 (RADV GFX1201)
tick 2178000 alive   910413 genomes  195782 energy   198.7 births 16077896 deaths 16077452 (5517.5s) AMD Radeon AI PRO R9700 (RADV GFX1201)
tick 2179000 alive   910661 genomes  197251 energy   198.5 births 16050558 deaths 16050310 (5520.0s) AMD Radeon AI PRO R9700 (RADV GFX1201)
tick 2180000 alive   909705 genomes  197454 energy   198.3 births 16000545 deaths 16001501 (5522.5s) AMD Radeon AI PRO R9700 (RADV GFX1201)
tick 2181000 alive   911215 genomes  196230 energy   198.5 births 16122176 deaths 16120666 (5525.0s) AMD Radeon AI PRO R9700 (RADV GFX1201)
tick 2182000 alive   912758 genomes  195481 energy   198.6 births 16097897 deaths 16096354 (5527.5s) AMD Radeon AI PRO R9700 (RADV GFX1201)
tick 2183000 alive   914345 genomes  197815 energy   198.2 births 16094031 deaths 16092444 (5530.0s) AMD Radeon AI PRO R9700 (RADV GFX1201)
tick 2184000 alive   912555 genomes  197598 energy   198.3 births 16149777 deaths 16151567 (5532.6s) AMD Radeon AI PRO R9700 (RADV GFX1201)
tick 2185000 alive   913667 genomes  198091 energy   198.5 births 16185470 deaths 16184358 (5535.1s) AMD Radeon AI PRO R9700 (RADV GFX1201)
tick 2186000 alive   916114 genomes  196928 energy   198.7 births 16169340 deaths 16166893 (5537.6s) AMD Radeon AI PRO R9700 (RADV GFX1201)
tick 2187000 alive   914757 genomes  196167 energy   198.8 births 16083915 deaths 16085272 (5540.1s) AMD Radeon AI PRO R9700 (RADV GFX1201)
tick 2188000 alive   916150 genomes  194981 energy   198.9 births 16137231 deaths 16135838 (5542.6s) AMD Radeon AI PRO R9700 (RADV GFX1201)
tick 2189000 alive   915494 genomes  194036 energy   198.8 births 16137932 deaths 16138588 (5545.2s) AMD Radeon AI PRO R9700 (RADV GFX1201)
tick 2190000 alive   914388 genomes  195253 energy   199.1 births 16030161 deaths 16031267 (5547.7s) AMD Radeon AI PRO R9700 (RADV GFX1201)
tick 2191000 alive   909846 genomes  195590 energy   199.0 births 15982016 deaths 15986558 (5550.2s) AMD Radeon AI PRO R9700 (RADV GFX1201)
tick 2192000 alive   913398 genomes  195722 energy   198.5 births 16041836 deaths 16038284 (5552.7s) AMD Radeon AI PRO R9700 (RADV GFX1201)
tick 2193000 alive   918945 genomes  192184 energy   197.9 births 16269252 deaths 16263705 (5555.2s) AMD Radeon AI PRO R9700 (RADV GFX1201)
tick 2194000 alive   920775 genomes  189622 energy   198.7 births 16318228 deaths 16316398 (5557.7s) AMD Radeon AI PRO R9700 (RADV GFX1201)
tick 2195000 alive   915222 genomes  189678 energy   199.5 births 16155923 deaths 16161476 (5560.2s) AMD Radeon AI PRO R9700 (RADV GFX1201)
tick 2196000 alive   916380 genomes  191686 energy   198.9 births 16050024 deaths 16048866 (5562.7s) AMD Radeon AI PRO R9700 (RADV GFX1201)
tick 2197000 alive   916406 genomes  190849 energy   199.0 births 16085688 deaths 16085662 (5565.2s) AMD Radeon AI PRO R9700 (RADV GFX1201)
tick 2198000 alive   914988 genomes  195739 energy   199.2 births 16023454 deaths 16024872 (5567.7s) AMD Radeon AI PRO R9700 (RADV GFX1201)
tick 2199000 alive   913676 genomes  195818 energy   198.8 births 15984177 deaths 15985489 (5570.2s) AMD Radeon AI PRO R9700 (RADV GFX1201)
tick 2200000 alive   913773 genomes  194306 energy   198.1 births 16127802 deaths 16127705 (5572.7s) AMD Radeon AI PRO R9700 (RADV GFX1201)
tick 2201000 alive   918711 genomes  193013 energy   197.9 births 16334397 deaths 16329459 (5575.2s) AMD Radeon AI PRO R9700 (RADV GFX1201)
tick 2202000 alive   919004 genomes  190631 energy   198.2 births 16323165 deaths 16322872 (5577.8s) AMD Radeon AI PRO R9700 (RADV GFX1201)
tick 2203000 alive   923722 genomes  188610 energy   198.6 births 16398011 deaths 16393293 (5580.3s) AMD Radeon AI PRO R9700 (RADV GFX1201)
tick 2204000 alive   918097 genomes  191190 energy   199.2 births 16181304 deaths 16186929 (5582.9s) AMD Radeon AI PRO R9700 (RADV GFX1201)
tick 2205000 alive   916125 genomes  192442 energy   198.7 births 16149322 deaths 16151294 (5585.4s) AMD Radeon AI PRO R9700 (RADV GFX1201)
tick 2206000 alive   919287 genomes  193425 energy   198.8 births 16193263 deaths 16190101 (5587.9s) AMD Radeon AI PRO R9700 (RADV GFX1201)
tick 2207000 alive   919400 genomes  193743 energy   199.0 births 16216888 deaths 16216775 (5590.5s) AMD Radeon AI PRO R9700 (RADV GFX1201)
tick 2208000 alive   918464 genomes  194403 energy   199.0 births 16208529 deaths 16209465 (5593.0s) AMD Radeon AI PRO R9700 (RADV GFX1201)
tick 2209000 alive   918757 genomes  195573 energy   198.5 births 16233013 deaths 16232720 (5595.5s) AMD Radeon AI PRO R9700 (RADV GFX1201)
tick 2210000 alive   916735 genomes  193876 energy   198.2 births 16270780 deaths 16272802 (5598.1s) AMD Radeon AI PRO R9700 (RADV GFX1201)
tick 2211000 alive   917130 genomes  192853 energy   198.4 births 16289921 deaths 16289526 (5600.5s) AMD Radeon AI PRO R9700 (RADV GFX1201)
tick 2212000 alive   918920 genomes  193093 energy   198.2 births 16243285 deaths 16241495 (5603.1s) AMD Radeon AI PRO R9700 (RADV GFX1201)
tick 2213000 alive   924334 genomes  190455 energy   197.9 births 16459203 deaths 16453789 (5605.5s) AMD Radeon AI PRO R9700 (RADV GFX1201)
tick 2214000 alive   928378 genomes  186160 energy   198.5 births 16596074 deaths 16592030 (5608.0s) AMD Radeon AI PRO R9700 (RADV GFX1201)
tick 2215000 alive   923608 genomes  184627 energy   199.0 births 16345034 deaths 16349804 (5610.5s) AMD Radeon AI PRO R9700 (RADV GFX1201)
tick 2216000 alive   925183 genomes  185686 energy   199.2 births 16273414 deaths 16271839 (5613.0s) AMD Radeon AI PRO R9700 (RADV GFX1201)
tick 2217000 alive   923584 genomes  187466 energy   199.6 births 16221119 deaths 16222718 (5615.5s) AMD Radeon AI PRO R9700 (RADV GFX1201)
tick 2218000 alive   919167 genomes  188844 energy   199.1 births 16203457 deaths 16207874 (5618.0s) AMD Radeon AI PRO R9700 (RADV GFX1201)
tick 2219000 alive   920317 genomes  190792 energy   198.9 births 16093101 deaths 16091951 (5620.5s) AMD Radeon AI PRO R9700 (RADV GFX1201)
tick 2220000 alive   918544 genomes  192602 energy   199.2 births 16130681 deaths 16132454 (5623.0s) AMD Radeon AI PRO R9700 (RADV GFX1201)
tick 2221000 alive   917902 genomes  194060 energy   198.9 births 16097077 deaths 16097719 (5625.6s) AMD Radeon AI PRO R9700 (RADV GFX1201)
tick 2222000 alive   915827 genomes  194465 energy   198.1 births 16194307 deaths 16196382 (5628.1s) AMD Radeon AI PRO R9700 (RADV GFX1201)
tick 2223000 alive   923284 genomes  192601 energy   198.2 births 16294132 deaths 16286675 (5630.6s) AMD Radeon AI PRO R9700 (RADV GFX1201)
tick 2224000 alive   920921 genomes  191601 energy   198.9 births 16327607 deaths 16329970 (5633.1s) AMD Radeon AI PRO R9700 (RADV GFX1201)
tick 2225000 alive   922012 genomes  190939 energy   198.7 births 16254532 deaths 16253441 (5635.6s) AMD Radeon AI PRO R9700 (RADV GFX1201)
tick 2226000 alive   918829 genomes  190357 energy   198.9 births 16198296 deaths 16201479 (5638.0s) AMD Radeon AI PRO R9700 (RADV GFX1201)
tick 2227000 alive   918140 genomes  189664 energy   198.6 births 16269951 deaths 16270640 (5640.5s) AMD Radeon AI PRO R9700 (RADV GFX1201)
tick 2228000 alive   922345 genomes  188258 energy   197.7 births 16306199 deaths 16301994 (5643.1s) AMD Radeon AI PRO R9700 (RADV GFX1201)
tick 2229000 alive   927426 genomes  186188 energy   198.5 births 16478972 deaths 16473891 (5645.6s) AMD Radeon AI PRO R9700 (RADV GFX1201)
tick 2230000 alive   923932 genomes  184510 energy   198.9 births 16407371 deaths 16410865 (5648.1s) AMD Radeon AI PRO R9700 (RADV GFX1201)
tick 2231000 alive   922840 genomes  184548 energy   199.3 births 16285881 deaths 16286973 (5650.9s) AMD Radeon AI PRO R9700 (RADV GFX1201)
tick 2232000 alive   924726 genomes  184993 energy   199.6 births 16163654 deaths 16161768 (5653.5s) AMD Radeon AI PRO R9700 (RADV GFX1201)
tick 2233000 alive   921470 genomes  188240 energy   199.4 births 16149173 deaths 16152429 (5656.0s) AMD Radeon AI PRO R9700 (RADV GFX1201)
tick 2234000 alive   921104 genomes  187934 energy   199.0 births 16154500 deaths 16154866 (5658.5s) AMD Radeon AI PRO R9700 (RADV GFX1201)
tick 2235000 alive   919846 genomes  189793 energy   199.4 births 16126219 deaths 16127477 (5661.0s) AMD Radeon AI PRO R9700 (RADV GFX1201)
tick 2236000 alive   915276 genomes  193190 energy   199.7 births 16002992 deaths 16007562 (5663.6s) AMD Radeon AI PRO R9700 (RADV GFX1201)
tick 2237000 alive   915500 genomes  194180 energy   199.2 births 15983267 deaths 15983043 (5666.1s) AMD Radeon AI PRO R9700 (RADV GFX1201)
tick 2238000 alive   916013 genomes  194990 energy   198.7 births 16115177 deaths 16114664 (5668.6s) AMD Radeon AI PRO R9700 (RADV GFX1201)
tick 2239000 alive   919543 genomes  193531 energy   198.8 births 16190828 deaths 16187298 (5671.2s) AMD Radeon AI PRO R9700 (RADV GFX1201)
tick 2240000 alive   919062 genomes  193256 energy   198.9 births 16202495 deaths 16202976 (5673.7s) AMD Radeon AI PRO R9700 (RADV GFX1201)
tick 2241000 alive   917737 genomes  192790 energy   199.2 births 16180051 deaths 16181376 (5676.4s) AMD Radeon AI PRO R9700 (RADV GFX1201)
tick 2242000 alive   920496 genomes  191388 energy   198.8 births 16190221 deaths 16187462 (5678.9s) AMD Radeon AI PRO R9700 (RADV GFX1201)
tick 2243000 alive   922340 genomes  192419 energy   198.8 births 16269457 deaths 16267613 (5681.4s) AMD Radeon AI PRO R9700 (RADV GFX1201)
tick 2244000 alive   917463 genomes  192620 energy   198.8 births 16207539 deaths 16212416 (5683.9s) AMD Radeon AI PRO R9700 (RADV GFX1201)
tick 2245000 alive   919302 genomes  190608 energy   198.6 births 16192333 deaths 16190494 (5686.4s) AMD Radeon AI PRO R9700 (RADV GFX1201)
tick 2246000 alive   921019 genomes  190713 energy   198.2 births 16262908 deaths 16261191 (5689.2s) AMD Radeon AI PRO R9700 (RADV GFX1201)
tick 2247000 alive   917992 genomes  188988 energy   199.0 births 16201085 deaths 16204112 (5691.8s) AMD Radeon AI PRO R9700 (RADV GFX1201)
tick 2248000 alive   919205 genomes  190957 energy   198.9 births 16139474 deaths 16138261 (5694.3s) AMD Radeon AI PRO R9700 (RADV GFX1201)
tick 2249000 alive   917114 genomes  193015 energy   199.1 births 16039318 deaths 16041409 (5696.8s) AMD Radeon AI PRO R9700 (RADV GFX1201)
tick 2250000 alive   913582 genomes  193711 energy   199.2 births 16000838 deaths 16004370 (5699.3s) AMD Radeon AI PRO R9700 (RADV GFX1201)
tick 2251000 alive   915144 genomes  194640 energy   198.7 births 16129589 deaths 16128027 (5701.8s) AMD Radeon AI PRO R9700 (RADV GFX1201)
tick 2252000 alive   915125 genomes  194259 energy   198.7 births 16153813 deaths 16153832 (5704.3s) AMD Radeon AI PRO R9700 (RADV GFX1201)
tick 2253000 alive   922140 genomes  191042 energy   198.8 births 16264347 deaths 16257332 (5706.9s) AMD Radeon AI PRO R9700 (RADV GFX1201)
tick 2254000 alive   921224 genomes  188169 energy   199.0 births 16295054 deaths 16295970 (5709.4s) AMD Radeon AI PRO R9700 (RADV GFX1201)
tick 2255000 alive   923811 genomes  188658 energy   199.2 births 16268692 deaths 16266105 (5711.9s) AMD Radeon AI PRO R9700 (RADV GFX1201)
tick 2256000 alive   920568 genomes  187939 energy   199.6 births 16167269 deaths 16170512 (5714.4s) AMD Radeon AI PRO R9700 (RADV GFX1201)
tick 2257000 alive   919519 genomes  190175 energy   199.9 births 15976033 deaths 15977082 (5716.9s) AMD Radeon AI PRO R9700 (RADV GFX1201)
tick 2258000 alive   915833 genomes  192378 energy   199.5 births 15938190 deaths 15941876 (5719.5s) AMD Radeon AI PRO R9700 (RADV GFX1201)
tick 2259000 alive   915294 genomes  192003 energy   199.6 births 15916860 deaths 15917399 (5722.0s) AMD Radeon AI PRO R9700 (RADV GFX1201)
tick 2260000 alive   917887 genomes  194472 energy   199.4 births 15934307 deaths 15931714 (5724.5s) AMD Radeon AI PRO R9700 (RADV GFX1201)
tick 2261000 alive   919194 genomes  194486 energy   199.3 births 15993125 deaths 15991818 (5727.1s) AMD Radeon AI PRO R9700 (RADV GFX1201)
tick 2262000 alive   916545 genomes  195038 energy   199.3 births 15981849 deaths 15984498 (5729.5s) AMD Radeon AI PRO R9700 (RADV GFX1201)
tick 2263000 alive   914831 genomes  197468 energy   199.5 births 15930604 deaths 15932318 (5732.0s) AMD Radeon AI PRO R9700 (RADV GFX1201)
tick 2264000 alive   912472 genomes  198513 energy   199.5 births 15865043 deaths 15867402 (5734.6s) AMD Radeon AI PRO R9700 (RADV GFX1201)
tick 2265000 alive   914362 genomes  196824 energy   199.1 births 15950709 deaths 15948819 (5737.1s) AMD Radeon AI PRO R9700 (RADV GFX1201)
tick 2266000 alive   914599 genomes  195565 energy   199.2 births 15976787 deaths 15976550 (5739.6s) AMD Radeon AI PRO R9700 (RADV GFX1201)
tick 2267000 alive   917946 genomes  194918 energy   198.7 births 16077503 deaths 16074156 (5742.2s) AMD Radeon AI PRO R9700 (RADV GFX1201)
tick 2268000 alive   916790 genomes  193143 energy   199.3 births 16064062 deaths 16065218 (5744.7s) AMD Radeon AI PRO R9700 (RADV GFX1201)
tick 2269000 alive   917592 genomes  193367 energy   199.4 births 16004034 deaths 16003232 (5747.2s) AMD Radeon AI PRO R9700 (RADV GFX1201)
tick 2270000 alive   918794 genomes  192925 energy   199.0 births 16088467 deaths 16087265 (5749.7s) AMD Radeon AI PRO R9700 (RADV GFX1201)
tick 2271000 alive   914418 genomes  195045 energy   199.0 births 16045318 deaths 16049694 (5752.3s) AMD Radeon AI PRO R9700 (RADV GFX1201)
tick 2272000 alive   917345 genomes  195146 energy   198.7 births 16026710 deaths 16023783 (5755.0s) AMD Radeon AI PRO R9700 (RADV GFX1201)
tick 2273000 alive   916694 genomes  195472 energy   199.0 births 16079462 deaths 16080113 (5757.6s) AMD Radeon AI PRO R9700 (RADV GFX1201)
tick 2274000 alive   914044 genomes  196275 energy   199.6 births 15988687 deaths 15991337 (5760.1s) AMD Radeon AI PRO R9700 (RADV GFX1201)
tick 2275000 alive   909020 genomes  195753 energy   199.2 births 15817302 deaths 15822326 (5762.6s) AMD Radeon AI PRO R9700 (RADV GFX1201)
tick 2276000 alive   916355 genomes  195360 energy   198.4 births 16038561 deaths 16031226 (5765.2s) AMD Radeon AI PRO R9700 (RADV GFX1201)
tick 2277000 alive   920868 genomes  193911 energy   198.8 births 16299800 deaths 16295287 (5767.7s) AMD Radeon AI PRO R9700 (RADV GFX1201)
tick 2278000 alive   921468 genomes  193073 energy   198.7 births 16272879 deaths 16272279 (5770.3s) AMD Radeon AI PRO R9700 (RADV GFX1201)
tick 2279000 alive   917251 genomes  192887 energy   198.9 births 16159971 deaths 16164188 (5772.9s) AMD Radeon AI PRO R9700 (RADV GFX1201)
tick 2280000 alive   918842 genomes  194200 energy   199.4 births 16046751 deaths 16045160 (5775.5s) AMD Radeon AI PRO R9700 (RADV GFX1201)
tick 2281000 alive   917757 genomes  193922 energy   199.4 births 15996314 deaths 15997399 (5778.0s) AMD Radeon AI PRO R9700 (RADV GFX1201)
tick 2282000 alive   919184 genomes  194449 energy   199.3 births 16041197 deaths 16039770 (5780.5s) AMD Radeon AI PRO R9700 (RADV GFX1201)
tick 2283000 alive   920971 genomes  194043 energy   198.9 births 16115979 deaths 16114192 (5783.0s) AMD Radeon AI PRO R9700 (RADV GFX1201)
tick 2284000 alive   919441 genomes  192636 energy   199.1 births 16159134 deaths 16160664 (5785.5s) AMD Radeon AI PRO R9700 (RADV GFX1201)
tick 2285000 alive   922349 genomes  192407 energy   199.3 births 16126252 deaths 16123344 (5788.2s) AMD Radeon AI PRO R9700 (RADV GFX1201)
tick 2286000 alive   919289 genomes  191997 energy   199.2 births 16136333 deaths 16139393 (5790.7s) AMD Radeon AI PRO R9700 (RADV GFX1201)
tick 2287000 alive   913519 genomes  194553 energy   199.6 births 15948585 deaths 15954355 (5793.2s) AMD Radeon AI PRO R9700 (RADV GFX1201)
tick 2288000 alive   916540 genomes  195962 energy   199.1 births 15954704 deaths 15951683 (5795.8s) AMD Radeon AI PRO R9700 (RADV GFX1201)
tick 2289000 alive   915890 genomes  195340 energy   200.0 births 15909402 deaths 15910052 (5798.2s) AMD Radeon AI PRO R9700 (RADV GFX1201)
tick 2290000 alive   914785 genomes  196989 energy   199.6 births 15958465 deaths 15959570 (5800.8s) AMD Radeon AI PRO R9700 (RADV GFX1201)
tick 2291000 alive   914434 genomes  198019 energy   199.4 births 15863579 deaths 15863930 (5803.3s) AMD Radeon AI PRO R9700 (RADV GFX1201)
tick 2292000 alive   915102 genomes  199010 energy   199.7 births 15939202 deaths 15938534 (5805.9s) AMD Radeon AI PRO R9700 (RADV GFX1201)
tick 2293000 alive   916320 genomes  199331 energy   199.7 births 16010474 deaths 16009256 (5808.4s) AMD Radeon AI PRO R9700 (RADV GFX1201)
tick 2294000 alive   913511 genomes  199936 energy   199.5 births 15881603 deaths 15884412 (5811.0s) AMD Radeon AI PRO R9700 (RADV GFX1201)
tick 2295000 alive   914508 genomes  199502 energy   199.2 births 15951129 deaths 15950132 (5813.7s) AMD Radeon AI PRO R9700 (RADV GFX1201)
tick 2296000 alive   914510 genomes  197406 energy   199.7 births 15954087 deaths 15954085 (5816.3s) AMD Radeon AI PRO R9700 (RADV GFX1201)
tick 2297000 alive   916915 genomes  196291 energy   198.8 births 15991491 deaths 15989086 (5818.8s) AMD Radeon AI PRO R9700 (RADV GFX1201)
tick 2298000 alive   921234 genomes  193348 energy   199.1 births 16107624 deaths 16103305 (5821.4s) AMD Radeon AI PRO R9700 (RADV GFX1201)
tick 2299000 alive   921869 genomes  191164 energy   199.4 births 16137409 deaths 16136774 (5824.0s) AMD Radeon AI PRO R9700 (RADV GFX1201)
tick 2300000 alive   924021 genomes  191668 energy   199.4 births 16130874 deaths 16128722 (5826.5s) AMD Radeon AI PRO R9700 (RADV GFX1201)
tick 2301000 alive   920307 genomes  192052 energy   199.1 births 16100868 deaths 16104582 (5829.1s) AMD Radeon AI PRO R9700 (RADV GFX1201)
tick 2302000 alive   921343 genomes  190253 energy   199.3 births 16141965 deaths 16140929 (5831.5s) AMD Radeon AI PRO R9700 (RADV GFX1201)
tick 2303000 alive   924537 genomes  189702 energy   199.7 births 16094805 deaths 16091611 (5834.1s) AMD Radeon AI PRO R9700 (RADV GFX1201)
tick 2304000 alive   923900 genomes  188118 energy   199.6 births 16030674 deaths 16031311 (5836.7s) AMD Radeon AI PRO R9700 (RADV GFX1201)
tick 2305000 alive   922933 genomes  187923 energy   200.1 births 16031783 deaths 16032750 (5839.2s) AMD Radeon AI PRO R9700 (RADV GFX1201)
tick 2306000 alive   922498 genomes  189285 energy   199.7 births 16016483 deaths 16016918 (5841.7s) AMD Radeon AI PRO R9700 (RADV GFX1201)
tick 2307000 alive   918132 genomes  190536 energy   199.4 births 15978264 deaths 15982630 (5844.2s) AMD Radeon AI PRO R9700 (RADV GFX1201)
tick 2308000 alive   917793 genomes  191659 energy   199.5 births 16006625 deaths 16006964 (5846.7s) AMD Radeon AI PRO R9700 (RADV GFX1201)
tick 2309000 alive   921039 genomes  190448 energy   199.4 births 16056330 deaths 16053084 (5849.2s) AMD Radeon AI PRO R9700 (RADV GFX1201)
tick 2310000 alive   923508 genomes  190791 energy   199.7 births 16076865 deaths 16074396 (5851.6s) AMD Radeon AI PRO R9700 (RADV GFX1201)
tick 2311000 alive   920287 genomes  190699 energy   199.6 births 16039099 deaths 16042320 (5854.1s) AMD Radeon AI PRO R9700 (RADV GFX1201)
tick 2312000 alive   922769 genomes  191631 energy   199.1 births 16168851 deaths 16166369 (5856.6s) AMD Radeon AI PRO R9700 (RADV GFX1201)
tick 2313000 alive   922163 genomes  190337 energy   199.6 births 16160043 deaths 16160649 (5859.1s) AMD Radeon AI PRO R9700 (RADV GFX1201)
tick 2314000 alive   923297 genomes  190640 energy   199.5 births 16072785 deaths 16071651 (5861.6s) AMD Radeon AI PRO R9700 (RADV GFX1201)
tick 2315000 alive   919255 genomes  191165 energy   199.5 births 16067725 deaths 16071767 (5864.2s) AMD Radeon AI PRO R9700 (RADV GFX1201)
tick 2316000 alive   918136 genomes  191170 energy   199.4 births 16041101 deaths 16042220 (5866.6s) AMD Radeon AI PRO R9700 (RADV GFX1201)
tick 2317000 alive   918260 genomes  190386 energy   199.3 births 16062254 deaths 16062130 (5869.1s) AMD Radeon AI PRO R9700 (RADV GFX1201)
tick 2318000 alive   919780 genomes  192233 energy   199.3 births 16002856 deaths 16001336 (5871.7s) AMD Radeon AI PRO R9700 (RADV GFX1201)
tick 2319000 alive   917738 genomes  192690 energy   199.1 births 16086110 deaths 16088152 (5874.2s) AMD Radeon AI PRO R9700 (RADV GFX1201)
tick 2320000 alive   920368 genomes  190438 energy   199.3 births 16096481 deaths 16093851 (5877.0s) AMD Radeon AI PRO R9700 (RADV GFX1201)
tick 2321000 alive   926525 genomes  188734 energy   199.0 births 16246976 deaths 16240819 (5879.6s) AMD Radeon AI PRO R9700 (RADV GFX1201)
tick 2322000 alive   927199 genomes  188706 energy   199.8 births 16263092 deaths 16262418 (5882.1s) AMD Radeon AI PRO R9700 (RADV GFX1201)
tick 2323000 alive   923651 genomes  190221 energy   199.8 births 16035682 deaths 16039230 (5884.5s) AMD Radeon AI PRO R9700 (RADV GFX1201)
tick 2324000 alive   922717 genomes  189875 energy   200.0 births 16092870 deaths 16093804 (5887.1s) AMD Radeon AI PRO R9700 (RADV GFX1201)
tick 2325000 alive   921819 genomes  191612 energy   199.8 births 15995924 deaths 15996822 (5889.7s) AMD Radeon AI PRO R9700 (RADV GFX1201)
tick 2326000 alive   919283 genomes  193272 energy   199.8 births 15959918 deaths 15962454 (5892.2s) AMD Radeon AI PRO R9700 (RADV GFX1201)
tick 2327000 alive   917047 genomes  193625 energy   199.6 births 15939041 deaths 15941277 (5894.9s) AMD Radeon AI PRO R9700 (RADV GFX1201)
tick 2328000 alive   919796 genomes  194124 energy   199.1 births 15993343 deaths 15990594 (5897.4s) AMD Radeon AI PRO R9700 (RADV GFX1201)
tick 2329000 alive   925505 genomes  192745 energy   199.3 births 16227902 deaths 16222193 (5899.9s) AMD Radeon AI PRO R9700 (RADV GFX1201)
tick 2330000 alive   922031 genomes  192090 energy   199.7 births 16146561 deaths 16150035 (5902.4s) AMD Radeon AI PRO R9700 (RADV GFX1201)
tick 2331000 alive   921464 genomes  193553 energy   199.3 births 16069056 deaths 16069623 (5904.9s) AMD Radeon AI PRO R9700 (RADV GFX1201)
tick 2332000 alive   925435 genomes  192957 energy   199.3 births 16177488 deaths 16173517 (5907.4s) AMD Radeon AI PRO R9700 (RADV GFX1201)
tick 2333000 alive   923055 genomes  192860 energy   199.2 births 16188620 deaths 16191000 (5909.9s) AMD Radeon AI PRO R9700 (RADV GFX1201)
tick 2334000 alive   919276 genomes  192429 energy   199.7 births 16079501 deaths 16083280 (5912.4s) AMD Radeon AI PRO R9700 (RADV GFX1201)
tick 2335000 alive   918085 genomes  192788 energy   199.5 births 16039179 deaths 16040370 (5914.9s) AMD Radeon AI PRO R9700 (RADV GFX1201)
tick 2336000 alive   915998 genomes  196586 energy   199.5 births 15947225 deaths 15949312 (5917.4s) AMD Radeon AI PRO R9700 (RADV GFX1201)
tick 2337000 alive   914171 genomes  197509 energy   199.2 births 15943094 deaths 15944921 (5919.9s) AMD Radeon AI PRO R9700 (RADV GFX1201)
tick 2338000 alive   918080 genomes  197383 energy   199.2 births 16051982 deaths 16048073 (5922.4s) AMD Radeon AI PRO R9700 (RADV GFX1201)
tick 2339000 alive   923315 genomes  197338 energy   199.0 births 16156217 deaths 16150982 (5924.9s) AMD Radeon AI PRO R9700 (RADV GFX1201)
tick 2340000 alive   919952 genomes  196253 energy   199.2 births 16197500 deaths 16200863 (5927.4s) AMD Radeon AI PRO R9700 (RADV GFX1201)
tick 2341000 alive   917536 genomes  195013 energy   199.7 births 16000468 deaths 16002884 (5929.9s) AMD Radeon AI PRO R9700 (RADV GFX1201)
tick 2342000 alive   919575 genomes  197321 energy   199.4 births 15986651 deaths 15984612 (5932.5s) AMD Radeon AI PRO R9700 (RADV GFX1201)
tick 2343000 alive   918710 genomes  196897 energy   199.2 births 16070321 deaths 16071186 (5935.0s) AMD Radeon AI PRO R9700 (RADV GFX1201)
tick 2344000 alive   919472 genomes  198372 energy   199.3 births 16139724 deaths 16138962 (5937.5s) AMD Radeon AI PRO R9700 (RADV GFX1201)
tick 2345000 alive   917867 genomes  196905 energy   198.9 births 16081449 deaths 16083054 (5940.1s) AMD Radeon AI PRO R9700 (RADV GFX1201)
tick 2346000 alive   915026 genomes  194658 energy   199.0 births 16084583 deaths 16087424 (5942.6s) AMD Radeon AI PRO R9700 (RADV GFX1201)
tick 2347000 alive   917855 genomes  192665 energy   199.2 births 16107311 deaths 16104482 (5945.2s) AMD Radeon AI PRO R9700 (RADV GFX1201)
tick 2348000 alive   920333 genomes  192004 energy   198.8 births 16178438 deaths 16175960 (5947.8s) AMD Radeon AI PRO R9700 (RADV GFX1201)
tick 2349000 alive   921993 genomes  191900 energy   199.4 births 16194532 deaths 16192872 (5950.4s) AMD Radeon AI PRO R9700 (RADV GFX1201)
tick 2350000 alive   916775 genomes  192802 energy   199.5 births 16014754 deaths 16019972 (5953.1s) AMD Radeon AI PRO R9700 (RADV GFX1201)
tick 2351000 alive   917233 genomes  191353 energy   199.2 births 16074767 deaths 16074309 (5955.6s) AMD Radeon AI PRO R9700 (RADV GFX1201)
tick 2352000 alive   920162 genomes  190651 energy   198.9 births 16156159 deaths 16153230 (5958.2s) AMD Radeon AI PRO R9700 (RADV GFX1201)
tick 2353000 alive   920876 genomes  191848 energy   198.8 births 16268567 deaths 16267853 (5960.8s) AMD Radeon AI PRO R9700 (RADV GFX1201)
tick 2354000 alive   921608 genomes  190449 energy   198.9 births 16282907 deaths 16282175 (5963.3s) AMD Radeon AI PRO R9700 (RADV GFX1201)
tick 2355000 alive   922285 genomes  190024 energy   198.3 births 16285891 deaths 16285214 (5965.8s) AMD Radeon AI PRO R9700 (RADV GFX1201)
tick 2356000 alive   922175 genomes  190209 energy   198.6 births 16391495 deaths 16391605 (5968.3s) AMD Radeon AI PRO R9700 (RADV GFX1201)
tick 2357000 alive   916284 genomes  190060 energy   198.9 births 16235628 deaths 16241519 (5970.8s) AMD Radeon AI PRO R9700 (RADV GFX1201)
tick 2358000 alive   916828 genomes  191341 energy   199.0 births 16155133 deaths 16154589 (5973.5s) AMD Radeon AI PRO R9700 (RADV GFX1201)
tick 2359000 alive   914020 genomes  194022 energy   199.1 births 16082283 deaths 16085091 (5976.0s) AMD Radeon AI PRO R9700 (RADV GFX1201)
tick 2360000 alive   916221 genomes  193975 energy   198.8 births 16077460 deaths 16075259 (5978.6s) AMD Radeon AI PRO R9700 (RADV GFX1201)
tick 2361000 alive   917972 genomes  192765 energy   197.9 births 16202064 deaths 16200313 (5981.1s) AMD Radeon AI PRO R9700 (RADV GFX1201)
tick 2362000 alive   913763 genomes  192598 energy   198.3 births 16217610 deaths 16221819 (5983.6s) AMD Radeon AI PRO R9700 (RADV GFX1201)
tick 2363000 alive   913223 genomes  193605 energy   198.4 births 16173572 deaths 16174112 (5986.1s) AMD Radeon AI PRO R9700 (RADV GFX1201)
tick 2364000 alive   917529 genomes  195042 energy   198.6 births 16263828 deaths 16259522 (5988.5s) AMD Radeon AI PRO R9700 (RADV GFX1201)
tick 2365000 alive   911374 genomes  194637 energy   198.6 births 16105639 deaths 16111794 (5991.0s) AMD Radeon AI PRO R9700 (RADV GFX1201)
tick 2366000 alive   909979 genomes  196141 energy   198.9 births 15998417 deaths 15999812 (5993.6s) AMD Radeon AI PRO R9700 (RADV GFX1201)
tick 2367000 alive   912094 genomes  197128 energy   198.6 births 15925774 deaths 15923659 (5996.1s) AMD Radeon AI PRO R9700 (RADV GFX1201)
tick 2368000 alive   916888 genomes  196413 energy   198.9 births 16039202 deaths 16034408 (5998.6s) AMD Radeon AI PRO R9700 (RADV GFX1201)
tick 2369000 alive   917407 genomes  194451 energy   199.2 births 16076515 deaths 16075996 (6001.1s) AMD Radeon AI PRO R9700 (RADV GFX1201)
tick 2370000 alive   914925 genomes  195228 energy   199.4 births 15955509 deaths 15957991 (6003.6s) AMD Radeon AI PRO R9700 (RADV GFX1201)
tick 2371000 alive   911568 genomes  196729 energy   199.9 births 15831702 deaths 15835059 (6006.0s) AMD Radeon AI PRO R9700 (RADV GFX1201)
tick 2372000 alive   911934 genomes  197035 energy   199.8 births 15732609 deaths 15732243 (6008.5s) AMD Radeon AI PRO R9700 (RADV GFX1201)
tick 2373000 alive   909787 genomes  198187 energy   199.7 births 15691055 deaths 15693202 (6011.0s) AMD Radeon AI PRO R9700 (RADV GFX1201)
tick 2374000 alive   911604 genomes  197802 energy   199.4 births 15722629 deaths 15720812 (6013.7s) AMD Radeon AI PRO R9700 (RADV GFX1201)
tick 2375000 alive   911473 genomes  198073 energy   199.9 births 15812215 deaths 15812346 (6016.4s) AMD Radeon AI PRO R9700 (RADV GFX1201)
tick 2376000 alive   910239 genomes  196500 energy   199.8 births 15678228 deaths 15679462 (6018.9s) AMD Radeon AI PRO R9700 (RADV GFX1201)
tick 2377000 alive   907606 genomes  197909 energy   200.2 births 15596150 deaths 15598783 (6021.5s) AMD Radeon AI PRO R9700 (RADV GFX1201)
tick 2378000 alive   911207 genomes  200186 energy   199.8 births 15622486 deaths 15618885 (6023.9s) AMD Radeon AI PRO R9700 (RADV GFX1201)
tick 2379000 alive   910624 genomes  200608 energy   199.8 births 15713390 deaths 15713973 (6026.4s) AMD Radeon AI PRO R9700 (RADV GFX1201)
tick 2380000 alive   911940 genomes  199930 energy   199.6 births 15759396 deaths 15758080 (6028.9s) AMD Radeon AI PRO R9700 (RADV GFX1201)
tick 2381000 alive   911340 genomes  197817 energy   199.4 births 15698495 deaths 15699095 (6031.4s) AMD Radeon AI PRO R9700 (RADV GFX1201)
tick 2382000 alive   917025 genomes  195688 energy   199.8 births 15886464 deaths 15880779 (6033.9s) AMD Radeon AI PRO R9700 (RADV GFX1201)
tick 2383000 alive   912861 genomes  197952 energy   199.8 births 15852673 deaths 15856837 (6036.4s) AMD Radeon AI PRO R9700 (RADV GFX1201)
tick 2384000 alive   908949 genomes  199626 energy   199.1 births 15840560 deaths 15844472 (6038.9s) AMD Radeon AI PRO R9700 (RADV GFX1201)
tick 2385000 alive   912043 genomes  199193 energy   198.9 births 15934138 deaths 15931044 (6041.4s) AMD Radeon AI PRO R9700 (RADV GFX1201)
tick 2386000 alive   913638 genomes  198075 energy   199.2 births 15925970 deaths 15924375 (6043.9s) AMD Radeon AI PRO R9700 (RADV GFX1201)
tick 2387000 alive   912395 genomes  197582 energy   199.4 births 15889403 deaths 15890646 (6046.4s) AMD Radeon AI PRO R9700 (RADV GFX1201)
tick 2388000 alive   907427 genomes  199792 energy   199.8 births 15759158 deaths 15764126 (6049.0s) AMD Radeon AI PRO R9700 (RADV GFX1201)
tick 2389000 alive   906341 genomes  198054 energy   199.1 births 15786177 deaths 15787263 (6051.5s) AMD Radeon AI PRO R9700 (RADV GFX1201)
tick 2390000 alive   911445 genomes  198507 energy   199.5 births 15844493 deaths 15839389 (6054.0s) AMD Radeon AI PRO R9700 (RADV GFX1201)
tick 2391000 alive   908675 genomes  198808 energy   199.2 births 15814303 deaths 15817073 (6056.5s) AMD Radeon AI PRO R9700 (RADV GFX1201)
tick 2392000 alive   909783 genomes  200691 energy   198.8 births 15852874 deaths 15851766 (6059.1s) AMD Radeon AI PRO R9700 (RADV GFX1201)
tick 2393000 alive   910779 genomes  199433 energy   199.3 births 15895660 deaths 15894664 (6061.7s) AMD Radeon AI PRO R9700 (RADV GFX1201)
tick 2394000 alive   910157 genomes  201359 energy   199.2 births 15859964 deaths 15860586 (6064.4s) AMD Radeon AI PRO R9700 (RADV GFX1201)
tick 2395000 alive   909704 genomes  199315 energy   199.5 births 15830033 deaths 15830486 (6066.9s) AMD Radeon AI PRO R9700 (RADV GFX1201)
tick 2396000 alive   907270 genomes  200810 energy   199.4 births 15766224 deaths 15768658 (6069.4s) AMD Radeon AI PRO R9700 (RADV GFX1201)
tick 2397000 alive   908378 genomes  200540 energy   198.9 births 15766425 deaths 15765317 (6072.0s) AMD Radeon AI PRO R9700 (RADV GFX1201)
tick 2398000 alive   909130 genomes  200247 energy   198.9 births 15876047 deaths 15875295 (6074.5s) AMD Radeon AI PRO R9700 (RADV GFX1201)
tick 2399000 alive   913384 genomes  199007 energy   199.4 births 15933151 deaths 15928897 (6077.0s) AMD Radeon AI PRO R9700 (RADV GFX1201)
tick 2400000 alive   909935 genomes  197185 energy   199.7 births 15874955 deaths 15878404 (6079.5s) AMD Radeon AI PRO R9700 (RADV GFX1201)
tick 2401000 alive   912134 genomes  196770 energy   199.5 births 15871685 deaths 15869486 (6082.2s) AMD Radeon AI PRO R9700 (RADV GFX1201)
tick 2402000 alive   908759 genomes  197695 energy   199.9 births 15782050 deaths 15785425 (6084.7s) AMD Radeon AI PRO R9700 (RADV GFX1201)
tick 2403000 alive   906352 genomes  199120 energy   199.7 births 15679880 deaths 15682287 (6087.2s) AMD Radeon AI PRO R9700 (RADV GFX1201)
tick 2404000 alive   905880 genomes  199611 energy   198.8 births 15731463 deaths 15731935 (6089.7s) AMD Radeon AI PRO R9700 (RADV GFX1201)
tick 2405000 alive   910039 genomes  198604 energy   198.7 births 15896762 deaths 15892603 (6092.2s) AMD Radeon AI PRO R9700 (RADV GFX1201)
tick 2406000 alive   912038 genomes  197379 energy   199.3 births 15956120 deaths 15954121 (6094.7s) AMD Radeon AI PRO R9700 (RADV GFX1201)
tick 2407000 alive   906425 genomes  196662 energy   200.0 births 15741254 deaths 15746867 (6097.2s) AMD Radeon AI PRO R9700 (RADV GFX1201)
tick 2408000 alive   907745 genomes  198331 energy   199.2 births 15724810 deaths 15723490 (6099.7s) AMD Radeon AI PRO R9700 (RADV GFX1201)
tick 2409000 alive   903994 genomes  201816 energy   199.1 births 15736162 deaths 15739913 (6102.2s) AMD Radeon AI PRO R9700 (RADV GFX1201)
tick 2410000 alive   902496 genomes  201585 energy   199.0 births 15709784 deaths 15711282 (6104.7s) AMD Radeon AI PRO R9700 (RADV GFX1201)
tick 2411000 alive   907191 genomes  200446 energy   198.9 births 15797534 deaths 15792839 (6107.2s) AMD Radeon AI PRO R9700 (RADV GFX1201)
tick 2412000 alive   909637 genomes  199617 energy   199.4 births 15878002 deaths 15875556 (6109.6s) AMD Radeon AI PRO R9700 (RADV GFX1201)
tick 2413000 alive   910293 genomes  197941 energy   199.7 births 15830373 deaths 15829717 (6112.3s) AMD Radeon AI PRO R9700 (RADV GFX1201)
tick 2414000 alive   916618 genomes  197385 energy   199.2 births 15863367 deaths 15857042 (6114.8s) AMD Radeon AI PRO R9700 (RADV GFX1201)
tick 2415000 alive   914065 genomes  196104 energy   199.5 births 15959624 deaths 15962177 (6117.3s) AMD Radeon AI PRO R9700 (RADV GFX1201)
tick 2416000 alive   910968 genomes  196502 energy   199.8 births 15844257 deaths 15847354 (6119.8s) AMD Radeon AI PRO R9700 (RADV GFX1201)
tick 2417000 alive   911342 genomes  198119 energy   199.5 births 15844901 deaths 15844527 (6122.3s) AMD Radeon AI PRO R9700 (RADV GFX1201)
tick 2418000 alive   911125 genomes  200213 energy   199.2 births 15880289 deaths 15880506 (6124.8s) AMD Radeon AI PRO R9700 (RADV GFX1201)
tick 2419000 alive   915193 genomes  197776 energy   198.9 births 16021543 deaths 16017475 (6127.2s) AMD Radeon AI PRO R9700 (RADV GFX1201)
tick 2420000 alive   923542 genomes  194784 energy   199.0 births 16195866 deaths 16187517 (6129.7s) AMD Radeon AI PRO R9700 (RADV GFX1201)
tick 2421000 alive   921687 genomes  191709 energy   199.4 births 16093434 deaths 16095289 (6132.2s) AMD Radeon AI PRO R9700 (RADV GFX1201)
tick 2422000 alive   920985 genomes  194870 energy   200.0 births 16020198 deaths 16020900 (6134.8s) AMD Radeon AI PRO R9700 (RADV GFX1201)
tick 2423000 alive   916367 genomes  195784 energy   199.6 births 15891686 deaths 15896304 (6137.3s) AMD Radeon AI PRO R9700 (RADV GFX1201)
tick 2424000 alive   915907 genomes  196204 energy   199.6 births 15842868 deaths 15843328 (6139.9s) AMD Radeon AI PRO R9700 (RADV GFX1201)
tick 2425000 alive   918073 genomes  196733 energy   199.8 births 15912858 deaths 15910692 (6142.4s) AMD Radeon AI PRO R9700 (RADV GFX1201)
tick 2426000 alive   914494 genomes  194660 energy   200.0 births 15852563 deaths 15856142 (6144.9s) AMD Radeon AI PRO R9700 (RADV GFX1201)
tick 2427000 alive   915058 genomes  194147 energy   199.5 births 15861999 deaths 15861435 (6147.4s) AMD Radeon AI PRO R9700 (RADV GFX1201)
tick 2428000 alive   912970 genomes  192547 energy   200.1 births 15829046 deaths 15831134 (6149.9s) AMD Radeon AI PRO R9700 (RADV GFX1201)
tick 2429000 alive   914764 genomes  192499 energy   199.9 births 15841137 deaths 15839343 (6152.5s) AMD Radeon AI PRO R9700 (RADV GFX1201)
tick 2430000 alive   911788 genomes  192633 energy   200.0 births 15725329 deaths 15728305 (6155.0s) AMD Radeon AI PRO R9700 (RADV GFX1201)
tick 2431000 alive   910765 genomes  192319 energy   200.0 births 15653966 deaths 15654989 (6157.5s) AMD Radeon AI PRO R9700 (RADV GFX1201)
tick 2432000 alive   917462 genomes  192225 energy   199.6 births 15730873 deaths 15724176 (6160.1s) AMD Radeon AI PRO R9700 (RADV GFX1201)
tick 2433000 alive   922882 genomes  191665 energy   199.6 births 15993031 deaths 15987611 (6162.6s) AMD Radeon AI PRO R9700 (RADV GFX1201)
tick 2434000 alive   919966 genomes  190467 energy   200.0 births 15856328 deaths 15859244 (6165.2s) AMD Radeon AI PRO R9700 (RADV GFX1201)
tick 2435000 alive   921229 genomes  192479 energy   199.8 births 15855811 deaths 15854548 (6167.8s) AMD Radeon AI PRO R9700 (RADV GFX1201)
tick 2436000 alive   916942 genomes  192214 energy   199.7 births 15865815 deaths 15870102 (6170.4s) AMD Radeon AI PRO R9700 (RADV GFX1201)
tick 2437000 alive   921077 genomes  191876 energy   199.6 births 15897337 deaths 15893202 (6172.9s) AMD Radeon AI PRO R9700 (RADV GFX1201)
tick 2438000 alive   921379 genomes  191067 energy   200.1 births 15995287 deaths 15994985 (6175.5s) AMD Radeon AI PRO R9700 (RADV GFX1201)
tick 2439000 alive   917075 genomes  193256 energy   200.2 births 15842411 deaths 15846715 (6178.1s) AMD Radeon AI PRO R9700 (RADV GFX1201)
tick 2440000 alive   913966 genomes  194462 energy   199.7 births 15782115 deaths 15785224 (6180.5s) AMD Radeon AI PRO R9700 (RADV GFX1201)
tick 2441000 alive   912248 genomes  194930 energy   199.9 births 15775630 deaths 15777348 (6183.1s) AMD Radeon AI PRO R9700 (RADV GFX1201)
tick 2442000 alive   911921 genomes  195070 energy   199.6 births 15801482 deaths 15801809 (6185.6s) AMD Radeon AI PRO R9700 (RADV GFX1201)
tick 2443000 alive   918358 genomes  193680 energy   199.5 births 15931497 deaths 15925060 (6188.2s) AMD Radeon AI PRO R9700 (RADV GFX1201)
tick 2444000 alive   918322 genomes  193507 energy   200.0 births 15914364 deaths 15914400 (6190.7s) AMD Radeon AI PRO R9700 (RADV GFX1201)
tick 2445000 alive   914415 genomes  195753 energy   199.7 births 15888223 deaths 15892130 (6193.2s) AMD Radeon AI PRO R9700 (RADV GFX1201)
tick 2446000 alive   913856 genomes  195793 energy   199.0 births 15972732 deaths 15973291 (6195.7s) AMD Radeon AI PRO R9700 (RADV GFX1201)
tick 2447000 alive   911664 genomes  195237 energy   199.6 births 15952482 deaths 15954674 (6198.2s) AMD Radeon AI PRO R9700 (RADV GFX1201)
tick 2448000 alive   917471 genomes  193420 energy   198.5 births 15971698 deaths 15965891 (6200.8s) AMD Radeon AI PRO R9700 (RADV GFX1201)
tick 2449000 alive   920155 genomes  192141 energy   199.2 births 16165921 deaths 16163237 (6203.3s) AMD Radeon AI PRO R9700 (RADV GFX1201)
tick 2450000 alive   921111 genomes  192421 energy   199.7 births 16085554 deaths 16084598 (6205.8s) AMD Radeon AI PRO R9700 (RADV GFX1201)
tick 2451000 alive   918925 genomes  193880 energy   199.5 births 16053718 deaths 16055904 (6208.4s) AMD Radeon AI PRO R9700 (RADV GFX1201)
tick 2452000 alive   918758 genomes  194336 energy   199.6 births 15983253 deaths 15983420 (6210.9s) AMD Radeon AI PRO R9700 (RADV GFX1201)
tick 2453000 alive   923031 genomes  193816 energy   199.5 births 16045673 deaths 16041400 (6213.5s) AMD Radeon AI PRO R9700 (RADV GFX1201)
tick 2454000 alive   922768 genomes  195381 energy   199.7 births 16081476 deaths 16081739 (6216.1s) AMD Radeon AI PRO R9700 (RADV GFX1201)
tick 2455000 alive   918245 genomes  195494 energy   200.1 births 15931188 deaths 15935711 (6218.7s) AMD Radeon AI PRO R9700 (RADV GFX1201)
tick 2456000 alive   915538 genomes  196818 energy   199.9 births 15861311 deaths 15864018 (6221.7s) AMD Radeon AI PRO R9700 (RADV GFX1201)
tick 2457000 alive   915667 genomes  197864 energy   199.8 births 15880577 deaths 15880448 (6224.4s) AMD Radeon AI PRO R9700 (RADV GFX1201)
tick 2458000 alive   921656 genomes  197820 energy   198.8 births 15966019 deaths 15960030 (6227.0s) AMD Radeon AI PRO R9700 (RADV GFX1201)
tick 2459000 alive   920564 genomes  196868 energy   199.2 births 16159800 deaths 16160892 (6229.4s) AMD Radeon AI PRO R9700 (RADV GFX1201)
tick 2460000 alive   918474 genomes  197612 energy   199.4 births 16069794 deaths 16071884 (6232.0s) AMD Radeon AI PRO R9700 (RADV GFX1201)
tick 2461000 alive   915058 genomes  196513 energy   199.8 births 15912477 deaths 15915893 (6234.5s) AMD Radeon AI PRO R9700 (RADV GFX1201)
tick 2462000 alive   915685 genomes  195032 energy   199.7 births 15896676 deaths 15896049 (6237.1s) AMD Radeon AI PRO R9700 (RADV GFX1201)
tick 2463000 alive   921084 genomes  193518 energy   199.0 births 16070441 deaths 16065042 (6239.7s) AMD Radeon AI PRO R9700 (RADV GFX1201)
tick 2464000 alive   923451 genomes  188749 energy   199.5 births 16279214 deaths 16276847 (6242.2s) AMD Radeon AI PRO R9700 (RADV GFX1201)
tick 2465000 alive   927289 genomes  188853 energy   199.4 births 16225310 deaths 16221472 (6244.7s) AMD Radeon AI PRO R9700 (RADV GFX1201)
tick 2466000 alive   920814 genomes  189043 energy   199.8 births 16102538 deaths 16109013 (6247.2s) AMD Radeon AI PRO R9700 (RADV GFX1201)
tick 2467000 alive   917146 genomes  188891 energy   199.9 births 15966235 deaths 15969903 (6249.7s) AMD Radeon AI PRO R9700 (RADV GFX1201)
tick 2468000 alive   923859 genomes  188936 energy   199.6 births 16043626 deaths 16036913 (6252.3s) AMD Radeon AI PRO R9700 (RADV GFX1201)
tick 2469000 alive   922447 genomes  189346 energy   199.5 births 16113918 deaths 16115330 (6254.8s) AMD Radeon AI PRO R9700 (RADV GFX1201)
tick 2470000 alive   924679 genomes  188492 energy   199.3 births 16176904 deaths 16174672 (6257.3s) AMD Radeon AI PRO R9700 (RADV GFX1201)
tick 2471000 alive   926596 genomes  186419 energy   198.8 births 16342586 deaths 16340669 (6259.9s) AMD Radeon AI PRO R9700 (RADV GFX1201)
tick 2472000 alive   926687 genomes  185256 energy   199.0 births 16292304 deaths 16292213 (6262.3s) AMD Radeon AI PRO R9700 (RADV GFX1201)
tick 2473000 alive   926064 genomes  183779 energy   200.2 births 16246999 deaths 16247622 (6264.8s) AMD Radeon AI PRO R9700 (RADV GFX1201)
tick 2474000 alive   923586 genomes  184364 energy   199.6 births 16066376 deaths 16068854 (6267.3s) AMD Radeon AI PRO R9700 (RADV GFX1201)
tick 2475000 alive   923620 genomes  185311 energy   199.4 births 16090314 deaths 16090280 (6270.1s) AMD Radeon AI PRO R9700 (RADV GFX1201)
tick 2476000 alive   927563 genomes  183389 energy   199.7 births 16233102 deaths 16229159 (6272.6s) AMD Radeon AI PRO R9700 (RADV GFX1201)
tick 2477000 alive   925726 genomes  183443 energy   199.5 births 16198019 deaths 16199856 (6275.1s) AMD Radeon AI PRO R9700 (RADV GFX1201)
tick 2478000 alive   923596 genomes  185013 energy   199.2 births 16147017 deaths 16149147 (6277.7s) AMD Radeon AI PRO R9700 (RADV GFX1201)
tick 2479000 alive   926093 genomes  186628 energy   199.4 births 16167183 deaths 16164686 (6280.2s) AMD Radeon AI PRO R9700 (RADV GFX1201)
tick 2480000 alive   922628 genomes  186782 energy   199.9 births 16155194 deaths 16158659 (6282.8s) AMD Radeon AI PRO R9700 (RADV GFX1201)
tick 2481000 alive   924443 genomes  187554 energy   199.3 births 16112572 deaths 16110757 (6285.2s) AMD Radeon AI PRO R9700 (RADV GFX1201)
tick 2482000 alive   925504 genomes  190347 energy   199.9 births 16130420 deaths 16129359 (6287.7s) AMD Radeon AI PRO R9700 (RADV GFX1201)
tick 2483000 alive   922011 genomes  189878 energy   199.4 births 16091889 deaths 16095382 (6290.2s) AMD Radeon AI PRO R9700 (RADV GFX1201)
tick 2484000 alive   927624 genomes  189704 energy   199.7 births 16237252 deaths 16231639 (6292.8s) AMD Radeon AI PRO R9700 (RADV GFX1201)
tick 2485000 alive   928206 genomes  190101 energy   199.8 births 16247630 deaths 16247048 (6295.3s) AMD Radeon AI PRO R9700 (RADV GFX1201)
tick 2486000 alive   926575 genomes  189927 energy   199.5 births 16215604 deaths 16217235 (6297.8s) AMD Radeon AI PRO R9700 (RADV GFX1201)
tick 2487000 alive   927504 genomes  190331 energy   199.3 births 16193925 deaths 16192996 (6300.6s) AMD Radeon AI PRO R9700 (RADV GFX1201)
tick 2488000 alive   926599 genomes  190463 energy   199.4 births 16292888 deaths 16293793 (6303.2s) AMD Radeon AI PRO R9700 (RADV GFX1201)
tick 2489000 alive   930178 genomes  189108 energy   199.1 births 16360946 deaths 16357367 (6305.7s) AMD Radeon AI PRO R9700 (RADV GFX1201)
tick 2490000 alive   929514 genomes  187024 energy   199.4 births 16390866 deaths 16391530 (6308.3s) AMD Radeon AI PRO R9700 (RADV GFX1201)
tick 2491000 alive   928286 genomes  187965 energy   198.9 births 16330611 deaths 16331839 (6310.9s) AMD Radeon AI PRO R9700 (RADV GFX1201)
tick 2492000 alive   926111 genomes  189449 energy   199.5 births 16298370 deaths 16300545 (6313.5s) AMD Radeon AI PRO R9700 (RADV GFX1201)
tick 2493000 alive   922325 genomes  190419 energy   199.3 births 16207763 deaths 16211549 (6316.1s) AMD Radeon AI PRO R9700 (RADV GFX1201)
tick 2494000 alive   923385 genomes  191290 energy   199.6 births 16120967 deaths 16119907 (6318.7s) AMD Radeon AI PRO R9700 (RADV GFX1201)
tick 2495000 alive   927723 genomes  189931 energy   199.7 births 16180898 deaths 16176560 (6321.3s) AMD Radeon AI PRO R9700 (RADV GFX1201)
tick 2496000 alive   927289 genomes  189299 energy   199.8 births 16162993 deaths 16163427 (6323.8s) AMD Radeon AI PRO R9700 (RADV GFX1201)
tick 2497000 alive   926185 genomes  192254 energy   199.6 births 16127827 deaths 16128931 (6326.4s) AMD Radeon AI PRO R9700 (RADV GFX1201)
tick 2498000 alive   919862 genomes  191315 energy   200.0 births 16045647 deaths 16051970 (6328.9s) AMD Radeon AI PRO R9700 (RADV GFX1201)
tick 2499000 alive   922306 genomes  193548 energy   199.4 births 16109299 deaths 16106855 (6331.6s) AMD Radeon AI PRO R9700 (RADV GFX1201)
tick 2500000 alive   916101 genomes  192050 energy   199.4 births 16094939 deaths 16101144 (6334.1s) AMD Radeon AI PRO R9700 (RADV GFX1201)
tick 2501000 alive   914621 genomes  190807 energy   199.4 births 15993890 deaths 15995370 (6336.6s) AMD Radeon AI PRO R9700 (RADV GFX1201)
tick 2502000 alive   918229 genomes  192839 energy   199.2 births 16023087 deaths 16019479 (6339.2s) AMD Radeon AI PRO R9700 (RADV GFX1201)
tick 2503000 alive   918095 genomes  191593 energy   198.9 births 16062047 deaths 16062181 (6341.7s) AMD Radeon AI PRO R9700 (RADV GFX1201)
tick 2504000 alive   921022 genomes  188901 energy   199.3 births 16184875 deaths 16181948 (6344.3s) AMD Radeon AI PRO R9700 (RADV GFX1201)
tick 2505000 alive   921020 genomes  188492 energy   199.1 births 16118794 deaths 16118796 (6346.8s) AMD Radeon AI PRO R9700 (RADV GFX1201)
tick 2506000 alive   921509 genomes  188498 energy   199.3 births 16144743 deaths 16144254 (6349.3s) AMD Radeon AI PRO R9700 (RADV GFX1201)
tick 2507000 alive   916857 genomes  190539 energy   199.9 births 15970348 deaths 15975000 (6351.8s) AMD Radeon AI PRO R9700 (RADV GFX1201)
tick 2508000 alive   915624 genomes  191370 energy   199.9 births 15907641 deaths 15908874 (6354.3s) AMD Radeon AI PRO R9700 (RADV GFX1201)
tick 2509000 alive   917440 genomes  193288 energy   199.7 births 15884591 deaths 15882775 (6356.8s) AMD Radeon AI PRO R9700 (RADV GFX1201)
tick 2510000 alive   915406 genomes  194710 energy   199.7 births 15856752 deaths 15858786 (6359.4s) AMD Radeon AI PRO R9700 (RADV GFX1201)
tick 2511000 alive   914832 genomes  195812 energy   199.5 births 15850662 deaths 15851236 (6362.0s) AMD Radeon AI PRO R9700 (RADV GFX1201)
tick 2512000 alive   910658 genomes  196459 energy   199.7 births 15821730 deaths 15825904 (6364.5s) AMD Radeon AI PRO R9700 (RADV GFX1201)
tick 2513000 alive   912855 genomes  195788 energy   199.5 births 15831614 deaths 15829417 (6367.0s) AMD Radeon AI PRO R9700 (RADV GFX1201)
tick 2514000 alive   916709 genomes  193684 energy   199.4 births 15992294 deaths 15988440 (6369.5s) AMD Radeon AI PRO R9700 (RADV GFX1201)
tick 2515000 alive   923750 genomes  193654 energy   198.6 births 16197568 deaths 16190527 (6372.0s) AMD Radeon AI PRO R9700 (RADV GFX1201)
tick 2516000 alive   921460 genomes  191097 energy   199.2 births 16289090 deaths 16291380 (6374.6s) AMD Radeon AI PRO R9700 (RADV GFX1201)
tick 2517000 alive   913616 genomes  192601 energy   199.9 births 15950921 deaths 15958765 (6377.1s) AMD Radeon AI PRO R9700 (RADV GFX1201)
tick 2518000 alive   916356 genomes  192802 energy   199.5 births 15847215 deaths 15844475 (6379.6s) AMD Radeon AI PRO R9700 (RADV GFX1201)
tick 2519000 alive   918806 genomes  193255 energy   199.6 births 16036834 deaths 16034384 (6382.1s) AMD Radeon AI PRO R9700 (RADV GFX1201)
tick 2520000 alive   919885 genomes  194381 energy   199.3 births 16060719 deaths 16059640 (6384.6s) AMD Radeon AI PRO R9700 (RADV GFX1201)
tick 2521000 alive   919141 genomes  192544 energy   199.2 births 16054584 deaths 16055328 (6387.1s) AMD Radeon AI PRO R9700 (RADV GFX1201)
tick 2522000 alive   918365 genomes  191802 energy   199.8 births 16019375 deaths 16020151 (6389.6s) AMD Radeon AI PRO R9700 (RADV GFX1201)
tick 2523000 alive   917144 genomes  192661 energy   199.7 births 15916351 deaths 15917572 (6392.1s) AMD Radeon AI PRO R9700 (RADV GFX1201)
tick 2524000 alive   914662 genomes  194610 energy   199.3 births 15885887 deaths 15888369 (6394.6s) AMD Radeon AI PRO R9700 (RADV GFX1201)
tick 2525000 alive   915356 genomes  193851 energy   199.6 births 15824646 deaths 15823952 (6397.2s) AMD Radeon AI PRO R9700 (RADV GFX1201)
tick 2526000 alive   915414 genomes  192438 energy   199.8 births 15866603 deaths 15866545 (6399.8s) AMD Radeon AI PRO R9700 (RADV GFX1201)
tick 2527000 alive   918957 genomes  193594 energy   199.9 births 15853465 deaths 15849922 (6402.3s) AMD Radeon AI PRO R9700 (RADV GFX1201)
tick 2528000 alive   918725 genomes  193463 energy   200.0 births 15859459 deaths 15859691 (6405.0s) AMD Radeon AI PRO R9700 (RADV GFX1201)
tick 2529000 alive   917400 genomes  192950 energy   200.3 births 15852199 deaths 15853524 (6407.5s) AMD Radeon AI PRO R9700 (RADV GFX1201)
tick 2530000 alive   919944 genomes  192583 energy   199.2 births 15960419 deaths 15957875 (6410.1s) AMD Radeon AI PRO R9700 (RADV GFX1201)
tick 2531000 alive   915356 genomes  193010 energy   199.4 births 15957836 deaths 15962424 (6412.6s) AMD Radeon AI PRO R9700 (RADV GFX1201)
tick 2532000 alive   912525 genomes  192399 energy   199.0 births 15924692 deaths 15927523 (6415.2s) AMD Radeon AI PRO R9700 (RADV GFX1201)
tick 2533000 alive   917835 genomes  189967 energy   198.7 births 16098292 deaths 16092982 (6417.7s) AMD Radeon AI PRO R9700 (RADV GFX1201)
tick 2534000 alive   919962 genomes  189207 energy   199.6 births 16010325 deaths 16008198 (6420.3s) AMD Radeon AI PRO R9700 (RADV GFX1201)
tick 2535000 alive   918679 genomes  189880 energy   199.5 births 15961935 deaths 15963218 (6422.8s) AMD Radeon AI PRO R9700 (RADV GFX1201)
tick 2536000 alive   917075 genomes  191138 energy   200.0 births 15866994 deaths 15868598 (6425.3s) AMD Radeon AI PRO R9700 (RADV GFX1201)
tick 2537000 alive   918482 genomes  190675 energy   199.6 births 15892826 deaths 15891419 (6427.8s) AMD Radeon AI PRO R9700 (RADV GFX1201)
tick 2538000 alive   918697 genomes  190021 energy   199.7 births 15897089 deaths 15896874 (6430.3s) AMD Radeon AI PRO R9700 (RADV GFX1201)
tick 2539000 alive   917477 genomes  189522 energy   200.1 births 15882498 deaths 15883718 (6432.8s) AMD Radeon AI PRO R9700 (RADV GFX1201)
tick 2540000 alive   917024 genomes  191797 energy   199.6 births 15846839 deaths 15847292 (6435.3s) AMD Radeon AI PRO R9700 (RADV GFX1201)
tick 2541000 alive   920937 genomes  192115 energy   199.5 births 16005501 deaths 16001588 (6437.8s) AMD Radeon AI PRO R9700 (RADV GFX1201)
tick 2542000 alive   921063 genomes  189696 energy   199.4 births 16038394 deaths 16038268 (6440.3s) AMD Radeon AI PRO R9700 (RADV GFX1201)
tick 2543000 alive   921873 genomes  189810 energy   199.4 births 16061851 deaths 16061041 (6442.8s) AMD Radeon AI PRO R9700 (RADV GFX1201)
tick 2544000 alive   920131 genomes  189265 energy   200.1 births 15985509 deaths 15987251 (6445.4s) AMD Radeon AI PRO R9700 (RADV GFX1201)
tick 2545000 alive   916532 genomes  189903 energy   200.1 births 15829180 deaths 15832779 (6448.0s) AMD Radeon AI PRO R9700 (RADV GFX1201)
tick 2546000 alive   916282 genomes  194006 energy   199.8 births 15831775 deaths 15832025 (6450.5s) AMD Radeon AI PRO R9700 (RADV GFX1201)
tick 2547000 alive   915251 genomes  194500 energy   200.0 births 15814856 deaths 15815887 (6453.0s) AMD Radeon AI PRO R9700 (RADV GFX1201)
tick 2548000 alive   919553 genomes  193302 energy   199.8 births 15894574 deaths 15890272 (6455.5s) AMD Radeon AI PRO R9700 (RADV GFX1201)
tick 2549000 alive   917919 genomes  193868 energy   200.0 births 15872085 deaths 15873719 (6458.0s) AMD Radeon AI PRO R9700 (RADV GFX1201)
tick 2550000 alive   918270 genomes  193786 energy   200.3 births 15810611 deaths 15810260 (6460.4s) AMD Radeon AI PRO R9700 (RADV GFX1201)
tick 2551000 alive   917672 genomes  193912 energy   199.8 births 15773856 deaths 15774454 (6462.9s) AMD Radeon AI PRO R9700 (RADV GFX1201)
tick 2552000 alive   916130 genomes  194814 energy   200.0 births 15792557 deaths 15794099 (6465.5s) AMD Radeon AI PRO R9700 (RADV GFX1201)
tick 2553000 alive   916052 genomes  195473 energy   200.1 births 15752572 deaths 15752650 (6468.0s) AMD Radeon AI PRO R9700 (RADV GFX1201)
tick 2554000 alive   914186 genomes  193388 energy   199.7 births 15795137 deaths 15797003 (6470.5s) AMD Radeon AI PRO R9700 (RADV GFX1201)
tick 2555000 alive   915186 genomes  193761 energy   200.0 births 15794849 deaths 15793849 (6473.0s) AMD Radeon AI PRO R9700 (RADV GFX1201)
tick 2556000 alive   916718 genomes  193884 energy   199.9 births 15828175 deaths 15826643 (6475.4s) AMD Radeon AI PRO R9700 (RADV GFX1201)
tick 2557000 alive   918492 genomes  194040 energy   199.5 births 15947273 deaths 15945499 (6478.0s) AMD Radeon AI PRO R9700 (RADV GFX1201)
tick 2558000 alive   920344 genomes  191058 energy   199.4 births 16026340 deaths 16024488 (6480.5s) AMD Radeon AI PRO R9700 (RADV GFX1201)
tick 2559000 alive   917860 genomes  189158 energy   199.7 births 15923160 deaths 15925644 (6483.0s) AMD Radeon AI PRO R9700 (RADV GFX1201)
tick 2560000 alive   919907 genomes  189053 energy   199.4 births 15915352 deaths 15913305 (6485.5s) AMD Radeon AI PRO R9700 (RADV GFX1201)
tick 2561000 alive   921682 genomes  190602 energy   200.4 births 15945976 deaths 15944201 (6488.0s) AMD Radeon AI PRO R9700 (RADV GFX1201)
tick 2562000 alive   914017 genomes  192657 energy   200.4 births 15677189 deaths 15684854 (6490.5s) AMD Radeon AI PRO R9700 (RADV GFX1201)
tick 2563000 alive   913080 genomes  193976 energy   200.3 births 15659582 deaths 15660519 (6493.1s) AMD Radeon AI PRO R9700 (RADV GFX1201)
tick 2564000 alive   915530 genomes  193994 energy   200.6 births 15682499 deaths 15680049 (6495.6s) AMD Radeon AI PRO R9700 (RADV GFX1201)
tick 2565000 alive   911704 genomes  194965 energy   200.3 births 15630172 deaths 15633998 (6498.1s) AMD Radeon AI PRO R9700 (RADV GFX1201)
tick 2566000 alive   911417 genomes  194712 energy   200.4 births 15644402 deaths 15644689 (6500.7s) AMD Radeon AI PRO R9700 (RADV GFX1201)
tick 2567000 alive   911544 genomes  196659 energy   200.4 births 15601778 deaths 15601651 (6503.2s) AMD Radeon AI PRO R9700 (RADV GFX1201)
tick 2568000 alive   912480 genomes  196819 energy   200.4 births 15599051 deaths 15598115 (6505.7s) AMD Radeon AI PRO R9700 (RADV GFX1201)
tick 2569000 alive   909498 genomes  197476 energy   200.4 births 15597812 deaths 15600794 (6508.3s) AMD Radeon AI PRO R9700 (RADV GFX1201)
tick 2570000 alive   911118 genomes  195675 energy   200.5 births 15580065 deaths 15578445 (6510.9s) AMD Radeon AI PRO R9700 (RADV GFX1201)
tick 2571000 alive   911164 genomes  196940 energy   200.5 births 15549401 deaths 15549355 (6513.4s) AMD Radeon AI PRO R9700 (RADV GFX1201)
tick 2572000 alive   908513 genomes  198725 energy   200.5 births 15509717 deaths 15512368 (6515.9s) AMD Radeon AI PRO R9700 (RADV GFX1201)
tick 2573000 alive   905502 genomes  198137 energy   200.5 births 15418688 deaths 15421699 (6518.5s) AMD Radeon AI PRO R9700 (RADV GFX1201)
tick 2574000 alive   907526 genomes  199542 energy   200.9 births 15366275 deaths 15364251 (6521.2s) AMD Radeon AI PRO R9700 (RADV GFX1201)
tick 2575000 alive   906639 genomes  200753 energy   200.5 births 15275788 deaths 15276675 (6523.7s) AMD Radeon AI PRO R9700 (RADV GFX1201)
tick 2576000 alive   908676 genomes  202781 energy   200.6 births 15294174 deaths 15292137 (6526.3s) AMD Radeon AI PRO R9700 (RADV GFX1201)
tick 2577000 alive   906082 genomes  201206 energy   200.6 births 15356045 deaths 15358639 (6528.9s) AMD Radeon AI PRO R9700 (RADV GFX1201)
tick 2578000 alive   910917 genomes  200136 energy   200.3 births 15424167 deaths 15419332 (6531.5s) AMD Radeon AI PRO R9700 (RADV GFX1201)
tick 2579000 alive   909107 genomes  201368 energy   200.8 births 15432291 deaths 15434101 (6534.1s) AMD Radeon AI PRO R9700 (RADV GFX1201)
tick 2580000 alive   905910 genomes  202690 energy   200.7 births 15344982 deaths 15348179 (6536.6s) AMD Radeon AI PRO R9700 (RADV GFX1201)
tick 2581000 alive   905312 genomes  202789 energy   200.7 births 15281637 deaths 15282235 (6539.1s) AMD Radeon AI PRO R9700 (RADV GFX1201)
tick 2582000 alive   909130 genomes  198935 energy   200.5 births 15392932 deaths 15389114 (6541.7s) AMD Radeon AI PRO R9700 (RADV GFX1201)
tick 2583000 alive   911246 genomes  196811 energy   199.8 births 15530317 deaths 15528201 (6544.2s) AMD Radeon AI PRO R9700 (RADV GFX1201)
tick 2584000 alive   917539 genomes  196011 energy   199.8 births 15792824 deaths 15786531 (6546.7s) AMD Radeon AI PRO R9700 (RADV GFX1201)
tick 2585000 alive   914702 genomes  195943 energy   200.6 births 15682662 deaths 15685499 (6549.2s) AMD Radeon AI PRO R9700 (RADV GFX1201)
tick 2586000 alive   911550 genomes  196058 energy   200.9 births 15602400 deaths 15605552 (6551.7s) AMD Radeon AI PRO R9700 (RADV GFX1201)
tick 2587000 alive   908859 genomes  196287 energy   200.4 births 15445141 deaths 15447832 (6554.4s) AMD Radeon AI PRO R9700 (RADV GFX1201)
tick 2588000 alive   914278 genomes  197751 energy   200.5 births 15586434 deaths 15581015 (6556.9s) AMD Radeon AI PRO R9700 (RADV GFX1201)
tick 2589000 alive   912544 genomes  198937 energy   200.2 births 15629893 deaths 15631627 (6559.4s) AMD Radeon AI PRO R9700 (RADV GFX1201)
tick 2590000 alive   910273 genomes  198357 energy   199.8 births 15651529 deaths 15653800 (6561.9s) AMD Radeon AI PRO R9700 (RADV GFX1201)
tick 2591000 alive   914327 genomes  196756 energy   199.4 births 15759829 deaths 15755775 (6564.4s) AMD Radeon AI PRO R9700 (RADV GFX1201)
tick 2592000 alive   915007 genomes  195109 energy   199.8 births 15741338 deaths 15740658 (6567.0s) AMD Radeon AI PRO R9700 (RADV GFX1201)
tick 2593000 alive   914976 genomes  193795 energy   200.0 births 15726530 deaths 15726561 (6569.5s) AMD Radeon AI PRO R9700 (RADV GFX1201)
tick 2594000 alive   914440 genomes  193599 energy   200.0 births 15801504 deaths 15802040 (6572.0s) AMD Radeon AI PRO R9700 (RADV GFX1201)
tick 2595000 alive   916153 genomes  193353 energy   199.9 births 15791182 deaths 15789469 (6574.6s) AMD Radeon AI PRO R9700 (RADV GFX1201)
tick 2596000 alive   916112 genomes  193769 energy   199.8 births 15790276 deaths 15790317 (6577.1s) AMD Radeon AI PRO R9700 (RADV GFX1201)
tick 2597000 alive   916548 genomes  191616 energy   200.2 births 15815143 deaths 15814707 (6579.7s) AMD Radeon AI PRO R9700 (RADV GFX1201)
tick 2598000 alive   917789 genomes  189890 energy   199.7 births 15831637 deaths 15830396 (6582.2s) AMD Radeon AI PRO R9700 (RADV GFX1201)
tick 2599000 alive   918091 genomes  189822 energy   199.8 births 15847903 deaths 15847601 (6584.7s) AMD Radeon AI PRO R9700 (RADV GFX1201)
tick 2600000 alive   919992 genomes  189196 energy   200.2 births 15913102 deaths 15911201 (6587.4s) AMD Radeon AI PRO R9700 (RADV GFX1201)
tick 2601000 alive   920760 genomes  188701 energy   200.1 births 15882720 deaths 15881952 (6590.0s) AMD Radeon AI PRO R9700 (RADV GFX1201)
tick 2602000 alive   915731 genomes  191852 energy   199.7 births 15904908 deaths 15909937 (6592.5s) AMD Radeon AI PRO R9700 (RADV GFX1201)
tick 2603000 alive   914554 genomes  192043 energy   199.3 births 15844543 deaths 15845720 (6595.1s) AMD Radeon AI PRO R9700 (RADV GFX1201)
tick 2604000 alive   917634 genomes  191612 energy   199.0 births 15985677 deaths 15982597 (6597.7s) AMD Radeon AI PRO R9700 (RADV GFX1201)
tick 2605000 alive   920266 genomes  189668 energy   199.3 births 16046925 deaths 16044293 (6600.3s) AMD Radeon AI PRO R9700 (RADV GFX1201)
tick 2606000 alive   925918 genomes  188132 energy   199.2 births 16157399 deaths 16151747 (6602.9s) AMD Radeon AI PRO R9700 (RADV GFX1201)
tick 2607000 alive   929440 genomes  186128 energy   199.3 births 16327804 deaths 16324282 (6605.4s) AMD Radeon AI PRO R9700 (RADV GFX1201)
tick 2608000 alive   926885 genomes  185335 energy   200.0 births 16213430 deaths 16215985 (6608.0s) AMD Radeon AI PRO R9700 (RADV GFX1201)
tick 2609000 alive   922730 genomes  185829 energy   200.1 births 16133900 deaths 16138055 (6610.5s) AMD Radeon AI PRO R9700 (RADV GFX1201)
tick 2610000 alive   920541 genomes  187441 energy   199.8 births 15972656 deaths 15974845 (6613.0s) AMD Radeon AI PRO R9700 (RADV GFX1201)
tick 2611000 alive   923790 genomes  187056 energy   199.5 births 15992878 deaths 15989629 (6615.5s) AMD Radeon AI PRO R9700 (RADV GFX1201)
tick 2612000 alive   923343 genomes  186821 energy   199.8 births 16041471 deaths 16041918 (6618.0s) AMD Radeon AI PRO R9700 (RADV GFX1201)
tick 2613000 alive   922707 genomes  186733 energy   199.8 births 16010371 deaths 16011007 (6620.6s) AMD Radeon AI PRO R9700 (RADV GFX1201)
tick 2614000 alive   919983 genomes  186571 energy   199.7 births 16023373 deaths 16026097 (6623.4s) AMD Radeon AI PRO R9700 (RADV GFX1201)
tick 2615000 alive   920130 genomes  187089 energy   199.5 births 16056608 deaths 16056461 (6625.9s) AMD Radeon AI PRO R9700 (RADV GFX1201)
tick 2616000 alive   920453 genomes  188057 energy   199.1 births 16084198 deaths 16083875 (6628.4s) AMD Radeon AI PRO R9700 (RADV GFX1201)
tick 2617000 alive   918055 genomes  189174 energy   199.9 births 16004503 deaths 16006901 (6631.0s) AMD Radeon AI PRO R9700 (RADV GFX1201)
tick 2618000 alive   916397 genomes  190226 energy   199.9 births 15875676 deaths 15877334 (6633.4s) AMD Radeon AI PRO R9700 (RADV GFX1201)
tick 2619000 alive   918731 genomes  188277 energy   199.8 births 15958896 deaths 15956562 (6636.0s) AMD Radeon AI PRO R9700 (RADV GFX1201)
tick 2620000 alive   922731 genomes  188279 energy   199.7 births 16078510 deaths 16074510 (6638.5s) AMD Radeon AI PRO R9700 (RADV GFX1201)
tick 2621000 alive   920838 genomes  188808 energy   199.5 births 16049681 deaths 16051574 (6641.0s) AMD Radeon AI PRO R9700 (RADV GFX1201)
tick 2622000 alive   917109 genomes  191863 energy   200.1 births 15920542 deaths 15924271 (6643.5s) AMD Radeon AI PRO R9700 (RADV GFX1201)
tick 2623000 alive   916893 genomes  191980 energy   199.4 births 15932135 deaths 15932351 (6646.0s) AMD Radeon AI PRO R9700 (RADV GFX1201)
tick 2624000 alive   917646 genomes  190199 energy   199.2 births 15992851 deaths 15992098 (6648.5s) AMD Radeon AI PRO R9700 (RADV GFX1201)
tick 2625000 alive   923733 genomes  189669 energy   198.8 births 16111812 deaths 16105725 (6651.0s) AMD Radeon AI PRO R9700 (RADV GFX1201)
tick 2626000 alive   926266 genomes  188269 energy   199.1 births 16295946 deaths 16293413 (6653.5s) AMD Radeon AI PRO R9700 (RADV GFX1201)
tick 2627000 alive   920710 genomes  186406 energy   199.3 births 16159553 deaths 16165109 (6656.3s) AMD Radeon AI PRO R9700 (RADV GFX1201)
tick 2628000 alive   923213 genomes  187601 energy   199.7 births 16108353 deaths 16105850 (6658.8s) AMD Radeon AI PRO R9700 (RADV GFX1201)
tick 2629000 alive   918191 genomes  189147 energy   199.5 births 15999350 deaths 16004372 (6661.3s) AMD Radeon AI PRO R9700 (RADV GFX1201)
tick 2630000 alive   921526 genomes  190633 energy   199.3 births 16043484 deaths 16040149 (6663.8s) AMD Radeon AI PRO R9700 (RADV GFX1201)
tick 2631000 alive   919325 genomes  191651 energy   199.6 births 16058638 deaths 16060839 (6666.3s) AMD Radeon AI PRO R9700 (RADV GFX1201)
tick 2632000 alive   911343 genomes  192624 energy   199.8 births 15810919 deaths 15818901 (6668.8s) AMD Radeon AI PRO R9700 (RADV GFX1201)
tick 2633000 alive   911223 genomes  194331 energy   199.9 births 15760986 deaths 15761106 (6671.4s) AMD Radeon AI PRO R9700 (RADV GFX1201)
tick 2634000 alive   914419 genomes  193476 energy   199.6 births 15848060 deaths 15844864 (6673.9s) AMD Radeon AI PRO R9700 (RADV GFX1201)
tick 2635000 alive   917672 genomes  193978 energy   199.8 births 15938795 deaths 15935542 (6676.5s) AMD Radeon AI PRO R9700 (RADV GFX1201)
tick 2636000 alive   915675 genomes  195134 energy   200.0 births 15896437 deaths 15898434 (6679.2s) AMD Radeon AI PRO R9700 (RADV GFX1201)
tick 2637000 alive   914829 genomes  195081 energy   199.4 births 15901382 deaths 15902228 (6681.7s) AMD Radeon AI PRO R9700 (RADV GFX1201)
tick 2638000 alive   918823 genomes  194495 energy   199.3 births 16077504 deaths 16073510 (6684.5s) AMD Radeon AI PRO R9700 (RADV GFX1201)
tick 2639000 alive   917304 genomes  194350 energy   199.3 births 16030145 deaths 16031664 (6687.3s) AMD Radeon AI PRO R9700 (RADV GFX1201)
tick 2640000 alive   916796 genomes  193241 energy   199.0 births 15964372 deaths 15964880 (6689.8s) AMD Radeon AI PRO R9700 (RADV GFX1201)
tick 2641000 alive   917709 genomes  192755 energy   198.8 births 16136339 deaths 16135426 (6692.4s) AMD Radeon AI PRO R9700 (RADV GFX1201)
tick 2642000 alive   920880 genomes  189486 energy   198.1 births 16332418 deaths 16329247 (6694.9s) AMD Radeon AI PRO R9700 (RADV GFX1201)
tick 2643000 alive   925092 genomes  187409 energy   198.3 births 16409623 deaths 16405411 (6697.5s) AMD Radeon AI PRO R9700 (RADV GFX1201)
tick 2644000 alive   922395 genomes  186024 energy   198.9 births 16377347 deaths 16380044 (6700.0s) AMD Radeon AI PRO R9700 (RADV GFX1201)
tick 2645000 alive   923079 genomes  186292 energy   198.6 births 16309076 deaths 16308392 (6702.5s) AMD Radeon AI PRO R9700 (RADV GFX1201)
tick 2646000 alive   921250 genomes  187300 energy   198.1 births 16321441 deaths 16323270 (6705.0s) AMD Radeon AI PRO R9700 (RADV GFX1201)
tick 2647000 alive   919353 genomes  189929 energy   198.3 births 16393852 deaths 16395749 (6707.5s) AMD Radeon AI PRO R9700 (RADV GFX1201)
tick 2648000 alive   914044 genomes  189422 energy   199.2 births 16191794 deaths 16197103 (6710.0s) AMD Radeon AI PRO R9700 (RADV GFX1201)
tick 2649000 alive   916136 genomes  189893 energy   198.9 births 16107920 deaths 16105828 (6712.5s) AMD Radeon AI PRO R9700 (RADV GFX1201)
tick 2650000 alive   921137 genomes  189927 energy   198.6 births 16229936 deaths 16224935 (6715.1s) AMD Radeon AI PRO R9700 (RADV GFX1201)
tick 2651000 alive   918086 genomes  189464 energy   198.8 births 16205880 deaths 16208931 (6717.6s) AMD Radeon AI PRO R9700 (RADV GFX1201)
tick 2652000 alive   915886 genomes  189054 energy   199.0 births 16148773 deaths 16150973 (6720.1s) AMD Radeon AI PRO R9700 (RADV GFX1201)
tick 2653000 alive   920233 genomes  188863 energy   199.2 births 16162944 deaths 16158597 (6722.6s) AMD Radeon AI PRO R9700 (RADV GFX1201)
tick 2654000 alive   924136 genomes  191586 energy   198.5 births 16276055 deaths 16272152 (6725.1s) AMD Radeon AI PRO R9700 (RADV GFX1201)
tick 2655000 alive   912043 genomes  191476 energy   198.7 births 16219948 deaths 16232041 (6727.7s) AMD Radeon AI PRO R9700 (RADV GFX1201)
tick 2656000 alive   911504 genomes  192565 energy   198.3 births 16138062 deaths 16138601 (6730.2s) AMD Radeon AI PRO R9700 (RADV GFX1201)
tick 2657000 alive   914786 genomes  189983 energy   198.4 births 16267719 deaths 16264437 (6732.7s) AMD Radeon AI PRO R9700 (RADV GFX1201)
tick 2658000 alive   921599 genomes  190399 energy   198.5 births 16319567 deaths 16312754 (6735.2s) AMD Radeon AI PRO R9700 (RADV GFX1201)
tick 2659000 alive   922227 genomes  191739 energy   198.7 births 16345289 deaths 16344661 (6737.7s) AMD Radeon AI PRO R9700 (RADV GFX1201)
tick 2660000 alive   918853 genomes  192984 energy   198.9 births 16238448 deaths 16241822 (6740.3s) AMD Radeon AI PRO R9700 (RADV GFX1201)
tick 2661000 alive   920485 genomes  190961 energy   198.6 births 16278444 deaths 16276812 (6742.9s) AMD Radeon AI PRO R9700 (RADV GFX1201)
tick 2662000 alive   921117 genomes  189786 energy   198.5 births 16344642 deaths 16344010 (6745.4s) AMD Radeon AI PRO R9700 (RADV GFX1201)
tick 2663000 alive   922412 genomes  188249 energy   198.2 births 16394622 deaths 16393327 (6748.0s) AMD Radeon AI PRO R9700 (RADV GFX1201)
tick 2664000 alive   923224 genomes  186988 energy   198.4 births 16459128 deaths 16458316 (6750.5s) AMD Radeon AI PRO R9700 (RADV GFX1201)
tick 2665000 alive   920727 genomes  186553 energy   198.4 births 16420068 deaths 16422565 (6753.3s) AMD Radeon AI PRO R9700 (RADV GFX1201)
tick 2666000 alive   924853 genomes  185016 energy   198.1 births 16442308 deaths 16438182 (6755.8s) AMD Radeon AI PRO R9700 (RADV GFX1201)
tick 2667000 alive   923670 genomes  185788 energy   199.1 births 16373210 deaths 16374393 (6758.3s) AMD Radeon AI PRO R9700 (RADV GFX1201)
tick 2668000 alive   923488 genomes  187239 energy   199.2 births 16256221 deaths 16256403 (6760.8s) AMD Radeon AI PRO R9700 (RADV GFX1201)
tick 2669000 alive   923274 genomes  188901 energy   199.4 births 16248307 deaths 16248521 (6763.3s) AMD Radeon AI PRO R9700 (RADV GFX1201)
tick 2670000 alive   919827 genomes  190609 energy   198.8 births 16148804 deaths 16152251 (6765.8s) AMD Radeon AI PRO R9700 (RADV GFX1201)
tick 2671000 alive   919520 genomes  190518 energy   199.1 births 16202900 deaths 16203207 (6768.3s) AMD Radeon AI PRO R9700 (RADV GFX1201)
tick 2672000 alive   920414 genomes  189074 energy   198.6 births 16227300 deaths 16226406 (6771.0s) AMD Radeon AI PRO R9700 (RADV GFX1201)
tick 2673000 alive   920951 genomes  188689 energy   199.0 births 16288179 deaths 16287642 (6773.5s) AMD Radeon AI PRO R9700 (RADV GFX1201)
tick 2674000 alive   923221 genomes  189435 energy   198.3 births 16329372 deaths 16327102 (6776.0s) AMD Radeon AI PRO R9700 (RADV GFX1201)
tick 2675000 alive   924838 genomes  189112 energy   198.6 births 16379351 deaths 16377734 (6778.6s) AMD Radeon AI PRO R9700 (RADV GFX1201)
tick 2676000 alive   919483 genomes  188057 energy   199.0 births 16226579 deaths 16231934 (6781.1s) AMD Radeon AI PRO R9700 (RADV GFX1201)
tick 2677000 alive   921998 genomes  187236 energy   199.0 births 16156851 deaths 16154336 (6783.7s) AMD Radeon AI PRO R9700 (RADV GFX1201)
tick 2678000 alive   926976 genomes  188006 energy   198.9 births 16356298 deaths 16351320 (6786.2s) AMD Radeon AI PRO R9700 (RADV GFX1201)
tick 2679000 alive   921536 genomes  188855 energy   199.5 births 16257424 deaths 16262864 (6788.7s) AMD Radeon AI PRO R9700 (RADV GFX1201)
tick 2680000 alive   916715 genomes  189732 energy   199.4 births 16045479 deaths 16050300 (6791.2s) AMD Radeon AI PRO R9700 (RADV GFX1201)
tick 2681000 alive   922529 genomes  189879 energy   199.1 births 16215214 deaths 16209400 (6793.7s) AMD Radeon AI PRO R9700 (RADV GFX1201)
tick 2682000 alive   923370 genomes  189090 energy   199.1 births 16295350 deaths 16294509 (6796.3s) AMD Radeon AI PRO R9700 (RADV GFX1201)
tick 2683000 alive   922652 genomes  189041 energy   199.1 births 16219813 deaths 16220531 (6798.8s) AMD Radeon AI PRO R9700 (RADV GFX1201)
tick 2684000 alive   922896 genomes  191787 energy   198.7 births 16152639 deaths 16152395 (6801.3s) AMD Radeon AI PRO R9700 (RADV GFX1201)
tick 2685000 alive   920915 genomes  188990 energy   199.3 births 16259442 deaths 16261423 (6803.9s) AMD Radeon AI PRO R9700 (RADV GFX1201)
tick 2686000 alive   917458 genomes  191628 energy   199.2 births 16061035 deaths 16064492 (6806.4s) AMD Radeon AI PRO R9700 (RADV GFX1201)
tick 2687000 alive   915213 genomes  193637 energy   199.1 births 16027290 deaths 16029535 (6808.9s) AMD Radeon AI PRO R9700 (RADV GFX1201)
tick 2688000 alive   915670 genomes  196385 energy   198.7 births 16121552 deaths 16121095 (6811.4s) AMD Radeon AI PRO R9700 (RADV GFX1201)
tick 2689000 alive   911647 genomes  196416 energy   199.1 births 15995204 deaths 15999227 (6814.0s) AMD Radeon AI PRO R9700 (RADV GFX1201)
tick 2690000 alive   913973 genomes  196680 energy   198.7 births 16091920 deaths 16089594 (6816.5s) AMD Radeon AI PRO R9700 (RADV GFX1201)
tick 2691000 alive   918287 genomes  196583 energy   198.8 births 16150099 deaths 16145785 (6819.1s) AMD Radeon AI PRO R9700 (RADV GFX1201)
tick 2692000 alive   918254 genomes  196033 energy   198.9 births 16159738 deaths 16159771 (6821.6s) AMD Radeon AI PRO R9700 (RADV GFX1201)
tick 2693000 alive   916457 genomes  193848 energy   198.7 births 16186376 deaths 16188173 (6824.1s) AMD Radeon AI PRO R9700 (RADV GFX1201)
tick 2694000 alive   918299 genomes  192215 energy   198.9 births 16163505 deaths 16161663 (6826.6s) AMD Radeon AI PRO R9700 (RADV GFX1201)
tick 2695000 alive   921991 genomes  191386 energy   199.2 births 16260700 deaths 16257008 (6829.1s) AMD Radeon AI PRO R9700 (RADV GFX1201)
tick 2696000 alive   925893 genomes  188535 energy   199.3 births 16197947 deaths 16194045 (6831.6s) AMD Radeon AI PRO R9700 (RADV GFX1201)
tick 2697000 alive   923420 genomes  189803 energy   199.5 births 16162004 deaths 16164477 (6834.2s) AMD Radeon AI PRO R9700 (RADV GFX1201)
tick 2698000 alive   920346 genomes  192351 energy   199.2 births 16000674 deaths 16003748 (6836.7s) AMD Radeon AI PRO R9700 (RADV GFX1201)
tick 2699000 alive   917510 genomes  192806 energy   199.1 births 16038528 deaths 16041364 (6839.2s) AMD Radeon AI PRO R9700 (RADV GFX1201)
tick 2700000 alive   918732 genomes  191093 energy   199.2 births 16094911 deaths 16093689 (6841.7s) AMD Radeon AI PRO R9700 (RADV GFX1201)
tick 2701000 alive   918957 genomes  191009 energy   199.2 births 16156250 deaths 16156025 (6844.2s) AMD Radeon AI PRO R9700 (RADV GFX1201)
tick 2702000 alive   918467 genomes  189455 energy   199.4 births 16080227 deaths 16080717 (6846.7s) AMD Radeon AI PRO R9700 (RADV GFX1201)
tick 2703000 alive   918579 genomes  190124 energy   199.7 births 15992712 deaths 15992600 (6849.2s) AMD Radeon AI PRO R9700 (RADV GFX1201)
tick 2704000 alive   917177 genomes  191430 energy   199.9 births 15883344 deaths 15884746 (6851.8s) AMD Radeon AI PRO R9700 (RADV GFX1201)
tick 2705000 alive   920208 genomes  193454 energy   199.3 births 15914179 deaths 15911148 (6854.3s) AMD Radeon AI PRO R9700 (RADV GFX1201)
tick 2706000 alive   918972 genomes  191546 energy   199.4 births 16066504 deaths 16067740 (6856.8s) AMD Radeon AI PRO R9700 (RADV GFX1201)
tick 2707000 alive   922741 genomes  190039 energy   199.5 births 16048960 deaths 16045191 (6859.4s) AMD Radeon AI PRO R9700 (RADV GFX1201)
tick 2708000 alive   921000 genomes  189964 energy   199.9 births 16019915 deaths 16021656 (6862.0s) AMD Radeon AI PRO R9700 (RADV GFX1201)
tick 2709000 alive   918781 genomes  191988 energy   199.9 births 15902711 deaths 15904930 (6864.6s) AMD Radeon AI PRO R9700 (RADV GFX1201)
tick 2710000 alive   917362 genomes  192599 energy   199.7 births 15888236 deaths 15889655 (6867.2s) AMD Radeon AI PRO R9700 (RADV GFX1201)
tick 2711000 alive   917000 genomes  193558 energy   200.3 births 15884238 deaths 15884600 (6869.7s) AMD Radeon AI PRO R9700 (RADV GFX1201)
tick 2712000 alive   915299 genomes  194828 energy   200.1 births 15821022 deaths 15822723 (6872.2s) AMD Radeon AI PRO R9700 (RADV GFX1201)
tick 2713000 alive   917792 genomes  195806 energy   199.6 births 15832965 deaths 15830472 (6874.8s) AMD Radeon AI PRO R9700 (RADV GFX1201)
tick 2714000 alive   919639 genomes  194106 energy   199.5 births 15972869 deaths 15971022 (6877.2s) AMD Radeon AI PRO R9700 (RADV GFX1201)
tick 2715000 alive   921031 genomes  192580 energy   198.9 births 16106280 deaths 16104888 (6879.8s) AMD Radeon AI PRO R9700 (RADV GFX1201)
tick 2716000 alive   924276 genomes  190339 energy   199.0 births 16272077 deaths 16268832 (6882.3s) AMD Radeon AI PRO R9700 (RADV GFX1201)
tick 2717000 alive   925918 genomes  188709 energy   198.9 births 16285022 deaths 16283380 (6884.9s) AMD Radeon AI PRO R9700 (RADV GFX1201)
tick 2718000 alive   924213 genomes  188310 energy   199.3 births 16244321 deaths 16246026 (6887.4s) AMD Radeon AI PRO R9700 (RADV GFX1201)
tick 2719000 alive   920116 genomes  187348 energy   198.9 births 16159982 deaths 16164079 (6889.9s) AMD Radeon AI PRO R9700 (RADV GFX1201)
tick 2720000 alive   917866 genomes  189406 energy   198.7 births 16091550 deaths 16093800 (6892.5s) AMD Radeon AI PRO R9700 (RADV GFX1201)
tick 2721000 alive   915106 genomes  190433 energy   198.6 births 16030586 deaths 16033346 (6895.0s) AMD Radeon AI PRO R9700 (RADV GFX1201)
tick 2722000 alive   916772 genomes  189643 energy   198.4 births 16216541 deaths 16214875 (6897.6s) AMD Radeon AI PRO R9700 (RADV GFX1201)
tick 2723000 alive   918381 genomes  189313 energy   198.2 births 16235216 deaths 16233607 (6900.1s) AMD Radeon AI PRO R9700 (RADV GFX1201)
tick 2724000 alive   918072 genomes  189471 energy   199.0 births 16199927 deaths 16200236 (6902.7s) AMD Radeon AI PRO R9700 (RADV GFX1201)
tick 2725000 alive   916566 genomes  189773 energy   198.4 births 16118819 deaths 16120325 (6905.2s) AMD Radeon AI PRO R9700 (RADV GFX1201)
tick 2726000 alive   916958 genomes  189186 energy   198.7 births 16169761 deaths 16169369 (6907.7s) AMD Radeon AI PRO R9700 (RADV GFX1201)
tick 2727000 alive   915827 genomes  190752 energy   198.9 births 16154851 deaths 16155982 (6910.2s) AMD Radeon AI PRO R9700 (RADV GFX1201)
tick 2728000 alive   914971 genomes  189980 energy   198.7 births 16173676 deaths 16174532 (6912.7s) AMD Radeon AI PRO R9700 (RADV GFX1201)
tick 2729000 alive   917509 genomes  190237 energy   198.6 births 16243179 deaths 16240641 (6915.2s) AMD Radeon AI PRO R9700 (RADV GFX1201)
tick 2730000 alive   919363 genomes  189260 energy   198.9 births 16236676 deaths 16234822 (6917.7s) AMD Radeon AI PRO R9700 (RADV GFX1201)
tick 2731000 alive   924084 genomes  189171 energy   198.2 births 16279315 deaths 16274594 (6920.2s) AMD Radeon AI PRO R9700 (RADV GFX1201)
tick 2732000 alive   924181 genomes  186673 energy   198.3 births 16362591 deaths 16362494 (6922.7s) AMD Radeon AI PRO R9700 (RADV GFX1201)
tick 2733000 alive   920314 genomes  187235 energy   199.1 births 16316194 deaths 16320061 (6925.2s) AMD Radeon AI PRO R9700 (RADV GFX1201)
tick 2734000 alive   915396 genomes  188809 energy   199.2 births 16171713 deaths 16176631 (6927.7s) AMD Radeon AI PRO R9700 (RADV GFX1201)
tick 2735000 alive   918984 genomes  189265 energy   198.3 births 16139412 deaths 16135824 (6930.2s) AMD Radeon AI PRO R9700 (RADV GFX1201)
tick 2736000 alive   921028 genomes  188689 energy   199.0 births 16272915 deaths 16270871 (6932.7s) AMD Radeon AI PRO R9700 (RADV GFX1201)
tick 2737000 alive   920468 genomes  188263 energy   198.9 births 16223290 deaths 16223850 (6935.3s) AMD Radeon AI PRO R9700 (RADV GFX1201)
tick 2738000 alive   915591 genomes  188352 energy   199.4 births 16064601 deaths 16069478 (6937.7s) AMD Radeon AI PRO R9700 (RADV GFX1201)
tick 2739000 alive   920406 genomes  187401 energy   199.3 births 16187064 deaths 16182249 (6940.3s) AMD Radeon AI PRO R9700 (RADV GFX1201)
tick 2740000 alive   923308 genomes  188612 energy   199.0 births 16262693 deaths 16259791 (6943.1s) AMD Radeon AI PRO R9700 (RADV GFX1201)
tick 2741000 alive   921175 genomes  189216 energy   199.5 births 16178000 deaths 16180133 (6945.6s) AMD Radeon AI PRO R9700 (RADV GFX1201)
tick 2742000 alive   916886 genomes  189185 energy   199.2 births 16040586 deaths 16044875 (6948.3s) AMD Radeon AI PRO R9700 (RADV GFX1201)
tick 2743000 alive   922062 genomes  191999 energy   199.0 births 16073338 deaths 16068162 (6950.8s) AMD Radeon AI PRO R9700 (RADV GFX1201)
tick 2744000 alive   921377 genomes  190977 energy   199.3 births 16192845 deaths 16193530 (6953.4s) AMD Radeon AI PRO R9700 (RADV GFX1201)
tick 2745000 alive   924320 genomes  191131 energy   198.6 births 16290422 deaths 16287479 (6955.9s) AMD Radeon AI PRO R9700 (RADV GFX1201)
tick 2746000 alive   922757 genomes  191247 energy   199.0 births 16324989 deaths 16326552 (6958.5s) AMD Radeon AI PRO R9700 (RADV GFX1201)
tick 2747000 alive   916884 genomes  192340 energy   199.0 births 16174730 deaths 16180603 (6961.0s) AMD Radeon AI PRO R9700 (RADV GFX1201)
tick 2748000 alive   918222 genomes  192784 energy   198.9 births 16159408 deaths 16158070 (6963.6s) AMD Radeon AI PRO R9700 (RADV GFX1201)
tick 2749000 alive   920793 genomes  193342 energy   198.5 births 16231189 deaths 16228618 (6966.2s) AMD Radeon AI PRO R9700 (RADV GFX1201)
tick 2750000 alive   923644 genomes  193864 energy   198.4 births 16336883 deaths 16334032 (6968.8s) AMD Radeon AI PRO R9700 (RADV GFX1201)
tick 2751000 alive   919415 genomes  191263 energy   198.5 births 16324175 deaths 16328404 (6971.4s) AMD Radeon AI PRO R9700 (RADV GFX1201)
tick 2752000 alive   920983 genomes  189858 energy   198.8 births 16211860 deaths 16210292 (6974.1s) AMD Radeon AI PRO R9700 (RADV GFX1201)
tick 2753000 alive   923250 genomes  190334 energy   199.3 births 16264130 deaths 16261863 (6976.7s) AMD Radeon AI PRO R9700 (RADV GFX1201)
tick 2754000 alive   919995 genomes  190086 energy   199.1 births 16168614 deaths 16171869 (6979.2s) AMD Radeon AI PRO R9700 (RADV GFX1201)
tick 2755000 alive   920164 genomes  189506 energy   199.3 births 16167970 deaths 16167801 (6981.7s) AMD Radeon AI PRO R9700 (RADV GFX1201)
tick 2756000 alive   918009 genomes  191115 energy   199.4 births 16112067 deaths 16114222 (6984.2s) AMD Radeon AI PRO R9700 (RADV GFX1201)
tick 2757000 alive   918430 genomes  192804 energy   199.0 births 16116266 deaths 16115845 (6986.7s) AMD Radeon AI PRO R9700 (RADV GFX1201)
tick 2758000 alive   912854 genomes  193668 energy   199.2 births 15979474 deaths 15985050 (6989.2s) AMD Radeon AI PRO R9700 (RADV GFX1201)
tick 2759000 alive   916670 genomes  194942 energy   198.7 births 16020673 deaths 16016857 (6991.7s) AMD Radeon AI PRO R9700 (RADV GFX1201)
tick 2760000 alive   916972 genomes  192326 energy   199.1 births 16084931 deaths 16084629 (6994.2s) AMD Radeon AI PRO R9700 (RADV GFX1201)
tick 2761000 alive   919836 genomes  190852 energy   198.8 births 16148459 deaths 16145595 (6996.8s) AMD Radeon AI PRO R9700 (RADV GFX1201)
tick 2762000 alive   918888 genomes  191347 energy   199.1 births 16175972 deaths 16176920 (6999.2s) AMD Radeon AI PRO R9700 (RADV GFX1201)
tick 2763000 alive   917272 genomes  193848 energy   199.1 births 16110184 deaths 16111800 (7001.8s) AMD Radeon AI PRO R9700 (RADV GFX1201)
tick 2764000 alive   917754 genomes  194154 energy   198.8 births 16108798 deaths 16108316 (7004.4s) AMD Radeon AI PRO R9700 (RADV GFX1201)
tick 2765000 alive   919135 genomes  195143 energy   199.1 births 16145857 deaths 16144476 (7006.9s) AMD Radeon AI PRO R9700 (RADV GFX1201)
tick 2766000 alive   915326 genomes  195278 energy   198.4 births 16113151 deaths 16116960 (7009.4s) AMD Radeon AI PRO R9700 (RADV GFX1201)
tick 2767000 alive   916551 genomes  195323 energy   198.3 births 16218112 deaths 16216887 (7012.2s) AMD Radeon AI PRO R9700 (RADV GFX1201)
tick 2768000 alive   918014 genomes  193396 energy   198.8 births 16255666 deaths 16254203 (7014.9s) AMD Radeon AI PRO R9700 (RADV GFX1201)
tick 2769000 alive   917113 genomes  193894 energy   198.9 births 16129376 deaths 16130277 (7017.5s) AMD Radeon AI PRO R9700 (RADV GFX1201)
tick 2770000 alive   915196 genomes  194019 energy   198.5 births 16175401 deaths 16177318 (7020.0s) AMD Radeon AI PRO R9700 (RADV GFX1201)
tick 2771000 alive   913246 genomes  194927 energy   198.3 births 16089882 deaths 16091832 (7022.8s) AMD Radeon AI PRO R9700 (RADV GFX1201)
tick 2772000 alive   911020 genomes  193949 energy   199.1 births 16043771 deaths 16045997 (7025.4s) AMD Radeon AI PRO R9700 (RADV GFX1201)
tick 2773000 alive   914574 genomes  194093 energy   198.3 births 16135026 deaths 16131472 (7027.9s) AMD Radeon AI PRO R9700 (RADV GFX1201)
tick 2774000 alive   915446 genomes  192937 energy   198.8 births 16221969 deaths 16221097 (7030.5s) AMD Radeon AI PRO R9700 (RADV GFX1201)
tick 2775000 alive   919529 genomes  191815 energy   198.6 births 16211633 deaths 16207550 (7032.9s) AMD Radeon AI PRO R9700 (RADV GFX1201)
tick 2776000 alive   920320 genomes  191803 energy   198.9 births 16256261 deaths 16255470 (7035.4s) AMD Radeon AI PRO R9700 (RADV GFX1201)
tick 2777000 alive   918773 genomes  189819 energy   198.9 births 16248540 deaths 16250087 (7037.9s) AMD Radeon AI PRO R9700 (RADV GFX1201)
tick 2778000 alive   918219 genomes  189956 energy   199.2 births 16119959 deaths 16120513 (7040.4s) AMD Radeon AI PRO R9700 (RADV GFX1201)
tick 2779000 alive   918302 genomes  192423 energy   199.0 births 16098169 deaths 16098086 (7042.9s) AMD Radeon AI PRO R9700 (RADV GFX1201)
tick 2780000 alive   918859 genomes  191998 energy   199.3 births 16126979 deaths 16126422 (7045.4s) AMD Radeon AI PRO R9700 (RADV GFX1201)
tick 2781000 alive   920544 genomes  190415 energy   198.9 births 16115413 deaths 16113728 (7048.0s) AMD Radeon AI PRO R9700 (RADV GFX1201)
tick 2782000 alive   922248 genomes  192260 energy   198.7 births 16240565 deaths 16238861 (7050.4s) AMD Radeon AI PRO R9700 (RADV GFX1201)
tick 2783000 alive   919735 genomes  192133 energy   199.0 births 16179005 deaths 16181518 (7053.0s) AMD Radeon AI PRO R9700 (RADV GFX1201)
tick 2784000 alive   917102 genomes  191587 energy   199.2 births 16095880 deaths 16098513 (7055.5s) AMD Radeon AI PRO R9700 (RADV GFX1201)
tick 2785000 alive   917146 genomes  193099 energy   198.8 births 16026610 deaths 16026566 (7058.1s) AMD Radeon AI PRO R9700 (RADV GFX1201)
tick 2786000 alive   917792 genomes  191451 energy   199.3 births 16097953 deaths 16097307 (7060.8s) AMD Radeon AI PRO R9700 (RADV GFX1201)
tick 2787000 alive   917248 genomes  191499 energy   199.4 births 16036486 deaths 16037030 (7063.3s) AMD Radeon AI PRO R9700 (RADV GFX1201)
tick 2788000 alive   924001 genomes  191435 energy   198.9 births 16122558 deaths 16115805 (7065.9s) AMD Radeon AI PRO R9700 (RADV GFX1201)
tick 2789000 alive   922799 genomes  191214 energy   199.1 births 16131589 deaths 16132791 (7068.3s) AMD Radeon AI PRO R9700 (RADV GFX1201)
tick 2790000 alive   919145 genomes  191579 energy   199.5 births 16067668 deaths 16071322 (7070.8s) AMD Radeon AI PRO R9700 (RADV GFX1201)
tick 2791000 alive   919774 genomes  193033 energy   199.0 births 16031733 deaths 16031104 (7073.4s) AMD Radeon AI PRO R9700 (RADV GFX1201)
tick 2792000 alive   919298 genomes  193433 energy   198.8 births 16106821 deaths 16107297 (7076.0s) AMD Radeon AI PRO R9700 (RADV GFX1201)
tick 2793000 alive   923223 genomes  191249 energy   198.8 births 16193243 deaths 16189318 (7078.5s) AMD Radeon AI PRO R9700 (RADV GFX1201)
tick 2794000 alive   922782 genomes  189907 energy   199.3 births 16138192 deaths 16138633 (7081.0s) AMD Radeon AI PRO R9700 (RADV GFX1201)
tick 2795000 alive   921997 genomes  190747 energy   199.5 births 16110344 deaths 16111129 (7083.5s) AMD Radeon AI PRO R9700 (RADV GFX1201)
tick 2796000 alive   915467 genomes  191827 energy   200.1 births 15949034 deaths 15955564 (7086.0s) AMD Radeon AI PRO R9700 (RADV GFX1201)
tick 2797000 alive   915919 genomes  189658 energy   199.6 births 15930638 deaths 15930186 (7088.5s) AMD Radeon AI PRO R9700 (RADV GFX1201)
tick 2798000 alive   920949 genomes  189635 energy   199.7 births 16022543 deaths 16017513 (7091.0s) AMD Radeon AI PRO R9700 (RADV GFX1201)
tick 2799000 alive   925283 genomes  188202 energy   199.4 births 16113487 deaths 16109153 (7093.4s) AMD Radeon AI PRO R9700 (RADV GFX1201)
tick 2800000 alive   924777 genomes  186951 energy   199.8 births 16118300 deaths 16118806 (7095.9s) AMD Radeon AI PRO R9700 (RADV GFX1201)
tick 2801000 alive   921747 genomes  189137 energy   199.8 births 16036331 deaths 16039361 (7098.4s) AMD Radeon AI PRO R9700 (RADV GFX1201)
tick 2802000 alive   921046 genomes  188914 energy   199.7 births 15919390 deaths 15920091 (7101.0s) AMD Radeon AI PRO R9700 (RADV GFX1201)
tick 2803000 alive   927335 genomes  188505 energy   199.9 births 16138569 deaths 16132280 (7103.4s) AMD Radeon AI PRO R9700 (RADV GFX1201)
tick 2804000 alive   921355 genomes  187231 energy   200.6 births 16026010 deaths 16031990 (7105.9s) AMD Radeon AI PRO R9700 (RADV GFX1201)
tick 2805000 alive   918606 genomes  189105 energy   200.3 births 15757725 deaths 15760474 (7108.5s) AMD Radeon AI PRO R9700 (RADV GFX1201)
tick 2806000 alive   914729 genomes  192032 energy   200.7 births 15732695 deaths 15736572 (7111.0s) AMD Radeon AI PRO R9700 (RADV GFX1201)
tick 2807000 alive   913927 genomes  192345 energy   199.8 births 15670204 deaths 15671006 (7113.5s) AMD Radeon AI PRO R9700 (RADV GFX1201)
tick 2808000 alive   916861 genomes  193592 energy   200.1 births 15800739 deaths 15797805 (7116.0s) AMD Radeon AI PRO R9700 (RADV GFX1201)
tick 2809000 alive   917473 genomes  193888 energy   200.0 births 15788428 deaths 15787816 (7118.6s) AMD Radeon AI PRO R9700 (RADV GFX1201)
tick 2810000 alive   918744 genomes  194684 energy   199.9 births 15884715 deaths 15883444 (7121.0s) AMD Radeon AI PRO R9700 (RADV GFX1201)
tick 2811000 alive   919631 genomes  194604 energy   200.4 births 15897611 deaths 15896724 (7123.5s) AMD Radeon AI PRO R9700 (RADV GFX1201)
tick 2812000 alive   920521 genomes  196917 energy   199.9 births 15834895 deaths 15834005 (7126.0s) AMD Radeon AI PRO R9700 (RADV GFX1201)
tick 2813000 alive   918566 genomes  196974 energy   200.3 births 15857040 deaths 15858995 (7128.6s) AMD Radeon AI PRO R9700 (RADV GFX1201)
tick 2814000 alive   919583 genomes  199792 energy   200.2 births 15825689 deaths 15824672 (7131.1s) AMD Radeon AI PRO R9700 (RADV GFX1201)
tick 2815000 alive   919975 genomes  200320 energy   199.6 births 15911086 deaths 15910694 (7133.6s) AMD Radeon AI PRO R9700 (RADV GFX1201)
tick 2816000 alive   923638 genomes  198684 energy   200.0 births 16048561 deaths 16044898 (7136.1s) AMD Radeon AI PRO R9700 (RADV GFX1201)
tick 2817000 alive   926412 genomes  196942 energy   199.7 births 16045114 deaths 16042340 (7138.5s) AMD Radeon AI PRO R9700 (RADV GFX1201)
tick 2818000 alive   921999 genomes  194855 energy   200.0 births 16067015 deaths 16071428 (7141.0s) AMD Radeon AI PRO R9700 (RADV GFX1201)
tick 2819000 alive   923183 genomes  193602 energy   199.8 births 16035974 deaths 16034790 (7143.6s) AMD Radeon AI PRO R9700 (RADV GFX1201)
tick 2820000 alive   921185 genomes  191534 energy   199.3 births 16106808 deaths 16108806 (7146.1s) AMD Radeon AI PRO R9700 (RADV GFX1201)
tick 2821000 alive   922146 genomes  190965 energy   199.4 births 16099295 deaths 16098334 (7148.6s) AMD Radeon AI PRO R9700 (RADV GFX1201)
tick 2822000 alive   921487 genomes  190572 energy   199.9 births 16057015 deaths 16057674 (7151.1s) AMD Radeon AI PRO R9700 (RADV GFX1201)
tick 2823000 alive   920272 genomes  191971 energy   199.7 births 15933517 deaths 15934732 (7153.7s) AMD Radeon AI PRO R9700 (RADV GFX1201)
tick 2824000 alive   917522 genomes  194024 energy   200.1 births 15893945 deaths 15896695 (7156.2s) AMD Radeon AI PRO R9700 (RADV GFX1201)
tick 2825000 alive   916690 genomes  195329 energy   200.1 births 15831428 deaths 15832260 (7159.0s) AMD Radeon AI PRO R9700 (RADV GFX1201)
tick 2826000 alive   912228 genomes  195229 energy   199.7 births 15800337 deaths 15804799 (7161.6s) AMD Radeon AI PRO R9700 (RADV GFX1201)
tick 2827000 alive   911026 genomes  196521 energy   199.9 births 15804942 deaths 15806144 (7164.1s) AMD Radeon AI PRO R9700 (RADV GFX1201)
tick 2828000 alive   914868 genomes  194864 energy   199.8 births 15804167 deaths 15800325 (7166.6s) AMD Radeon AI PRO R9700 (RADV GFX1201)
tick 2829000 alive   915390 genomes  195862 energy   200.3 births 15866668 deaths 15866146 (7169.1s) AMD Radeon AI PRO R9700 (RADV GFX1201)
tick 2830000 alive   912130 genomes  198894 energy   200.3 births 15656929 deaths 15660189 (7171.6s) AMD Radeon AI PRO R9700 (RADV GFX1201)
tick 2831000 alive   909948 genomes  199905 energy   200.0 births 15603252 deaths 15605434 (7174.4s) AMD Radeon AI PRO R9700 (RADV GFX1201)
tick 2832000 alive   909338 genomes  202767 energy   200.0 births 15652948 deaths 15653558 (7176.9s) AMD Radeon AI PRO R9700 (RADV GFX1201)
tick 2833000 alive   910756 genomes  201174 energy   199.4 births 15687864 deaths 15686446 (7179.4s) AMD Radeon AI PRO R9700 (RADV GFX1201)
tick 2834000 alive   914700 genomes  200774 energy   199.5 births 15796520 deaths 15792576 (7181.9s) AMD Radeon AI PRO R9700 (RADV GFX1201)
tick 2835000 alive   919371 genomes  198734 energy   200.1 births 15936411 deaths 15931740 (7184.5s) AMD Radeon AI PRO R9700 (RADV GFX1201)
tick 2836000 alive   911694 genomes  198748 energy   199.7 births 15817759 deaths 15825436 (7187.0s) AMD Radeon AI PRO R9700 (RADV GFX1201)
tick 2837000 alive   915077 genomes  198498 energy   199.1 births 15897221 deaths 15893838 (7189.5s) AMD Radeon AI PRO R9700 (RADV GFX1201)
tick 2838000 alive   919459 genomes  197063 energy   199.5 births 15953342 deaths 15948960 (7192.1s) AMD Radeon AI PRO R9700 (RADV GFX1201)
tick 2839000 alive   919084 genomes  195991 energy   199.5 births 15953769 deaths 15954144 (7194.6s) AMD Radeon AI PRO R9700 (RADV GFX1201)
tick 2840000 alive   917063 genomes  192439 energy   199.7 births 15922630 deaths 15924651 (7197.2s) AMD Radeon AI PRO R9700 (RADV GFX1201)
tick 2841000 alive   923103 genomes  191359 energy   199.8 births 16019462 deaths 16013422 (7199.7s) AMD Radeon AI PRO R9700 (RADV GFX1201)
tick 2842000 alive   923671 genomes  192679 energy   200.2 births 15984748 deaths 15984180 (7202.3s) AMD Radeon AI PRO R9700 (RADV GFX1201)
tick 2843000 alive   918028 genomes  194738 energy   200.0 births 15868748 deaths 15874391 (7204.8s) AMD Radeon AI PRO R9700 (RADV GFX1201)
tick 2844000 alive   911555 genomes  195409 energy   199.8 births 15740389 deaths 15746862 (7207.3s) AMD Radeon AI PRO R9700 (RADV GFX1201)
tick 2845000 alive   915498 genomes  194898 energy   199.8 births 15796987 deaths 15793044 (7209.9s) AMD Radeon AI PRO R9700 (RADV GFX1201)
tick 2846000 alive   918874 genomes  194271 energy   199.8 births 15942740 deaths 15939364 (7212.4s) AMD Radeon AI PRO R9700 (RADV GFX1201)
tick 2847000 alive   920611 genomes  194558 energy   199.9 births 16026521 deaths 16024784 (7214.9s) AMD Radeon AI PRO R9700 (RADV GFX1201)
tick 2848000 alive   917161 genomes  196614 energy   200.1 births 15904682 deaths 15908132 (7217.4s) AMD Radeon AI PRO R9700 (RADV GFX1201)
tick 2849000 alive   910890 genomes  197584 energy   200.2 births 15701808 deaths 15708079 (7219.9s) AMD Radeon AI PRO R9700 (RADV GFX1201)
tick 2850000 alive   912377 genomes  196638 energy   199.9 births 15671738 deaths 15670251 (7222.5s) AMD Radeon AI PRO R9700 (RADV GFX1201)
tick 2851000 alive   912969 genomes  195751 energy   199.4 births 15729815 deaths 15729223 (7225.1s) AMD Radeon AI PRO R9700 (RADV GFX1201)
tick 2852000 alive   914634 genomes  195586 energy   199.8 births 15807497 deaths 15805832 (7227.7s) AMD Radeon AI PRO R9700 (RADV GFX1201)
tick 2853000 alive   910355 genomes  194733 energy   200.1 births 15680281 deaths 15684560 (7230.2s) AMD Radeon AI PRO R9700 (RADV GFX1201)
tick 2854000 alive   914359 genomes  194479 energy   200.0 births 15717872 deaths 15713868 (7232.7s) AMD Radeon AI PRO R9700 (RADV GFX1201)
tick 2855000 alive   914227 genomes  193977 energy   200.4 births 15686433 deaths 15686565 (7235.2s) AMD Radeon AI PRO R9700 (RADV GFX1201)
tick 2856000 alive   912625 genomes  195616 energy   200.3 births 15696668 deaths 15698270 (7237.7s) AMD Radeon AI PRO R9700 (RADV GFX1201)
tick 2857000 alive   914438 genomes  194833 energy   200.1 births 15759540 deaths 15757727 (7240.3s) AMD Radeon AI PRO R9700 (RADV GFX1201)
tick 2858000 alive   918213 genomes  193196 energy   200.0 births 15852062 deaths 15848287 (7242.8s) AMD Radeon AI PRO R9700 (RADV GFX1201)
tick 2859000 alive   915181 genomes  194272 energy   200.0 births 15806425 deaths 15809457 (7245.3s) AMD Radeon AI PRO R9700 (RADV GFX1201)
tick 2860000 alive   917256 genomes  194395 energy   199.8 births 15849102 deaths 15847027 (7247.9s) AMD Radeon AI PRO R9700 (RADV GFX1201)
tick 2861000 alive   916547 genomes  192718 energy   199.2 births 15913093 deaths 15913802 (7250.5s) AMD Radeon AI PRO R9700 (RADV GFX1201)
tick 2862000 alive   916779 genomes  193622 energy   199.4 births 15915027 deaths 15914795 (7253.1s) AMD Radeon AI PRO R9700 (RADV GFX1201)
tick 2863000 alive   917148 genomes  194238 energy   199.7 births 15964569 deaths 15964200 (7255.7s) AMD Radeon AI PRO R9700 (RADV GFX1201)
tick 2864000 alive   912437 genomes  196981 energy   199.7 births 15796257 deaths 15800968 (7258.1s) AMD Radeon AI PRO R9700 (RADV GFX1201)
tick 2865000 alive   910493 genomes  198650 energy   199.5 births 15766655 deaths 15768599 (7260.6s) AMD Radeon AI PRO R9700 (RADV GFX1201)
tick 2866000 alive   907373 genomes  199440 energy   199.8 births 15737521 deaths 15740641 (7263.1s) AMD Radeon AI PRO R9700 (RADV GFX1201)
tick 2867000 alive   910473 genomes  200620 energy   199.5 births 15780413 deaths 15777313 (7265.7s) AMD Radeon AI PRO R9700 (RADV GFX1201)
tick 2868000 alive   906884 genomes  199904 energy   199.5 births 15739902 deaths 15743491 (7268.3s) AMD Radeon AI PRO R9700 (RADV GFX1201)
tick 2869000 alive   909145 genomes  199567 energy   199.5 births 15730456 deaths 15728195 (7270.8s) AMD Radeon AI PRO R9700 (RADV GFX1201)
tick 2870000 alive   913308 genomes  199848 energy   199.5 births 15763876 deaths 15759713 (7273.3s) AMD Radeon AI PRO R9700 (RADV GFX1201)
tick 2871000 alive   913995 genomes  199434 energy   199.9 births 15824430 deaths 15823743 (7275.8s) AMD Radeon AI PRO R9700 (RADV GFX1201)
tick 2872000 alive   913004 genomes  198024 energy   199.7 births 15707932 deaths 15708923 (7278.3s) AMD Radeon AI PRO R9700 (RADV GFX1201)
tick 2873000 alive   911381 genomes  197494 energy   200.0 births 15750131 deaths 15751754 (7280.8s) AMD Radeon AI PRO R9700 (RADV GFX1201)
tick 2874000 alive   909541 genomes  197696 energy   200.3 births 15675721 deaths 15677561 (7283.3s) AMD Radeon AI PRO R9700 (RADV GFX1201)
tick 2875000 alive   911981 genomes  197766 energy   200.2 births 15661028 deaths 15658588 (7285.8s) AMD Radeon AI PRO R9700 (RADV GFX1201)
tick 2876000 alive   913404 genomes  197887 energy   199.6 births 15795509 deaths 15794086 (7288.3s) AMD Radeon AI PRO R9700 (RADV GFX1201)
tick 2877000 alive   913609 genomes  197441 energy   199.4 births 15875587 deaths 15875382 (7290.9s) AMD Radeon AI PRO R9700 (RADV GFX1201)
tick 2878000 alive   914936 genomes  194145 energy   198.7 births 15987862 deaths 15986535 (7293.4s) AMD Radeon AI PRO R9700 (RADV GFX1201)
tick 2879000 alive   914996 genomes  192289 energy   199.6 births 15988767 deaths 15988707 (7295.9s) AMD Radeon AI PRO R9700 (RADV GFX1201)
tick 2880000 alive   913065 genomes  193808 energy   199.3 births 15844032 deaths 15845963 (7298.6s) AMD Radeon AI PRO R9700 (RADV GFX1201)
tick 2881000 alive   915190 genomes  195602 energy   198.8 births 15919222 deaths 15917097 (7301.2s) AMD Radeon AI PRO R9700 (RADV GFX1201)
tick 2882000 alive   912576 genomes  195201 energy   199.5 births 15873217 deaths 15875831 (7303.8s) AMD Radeon AI PRO R9700 (RADV GFX1201)
tick 2883000 alive   908062 genomes  194867 energy   200.0 births 15740105 deaths 15744619 (7306.3s) AMD Radeon AI PRO R9700 (RADV GFX1201)
tick 2884000 alive   907663 genomes  197195 energy   199.8 births 15597808 deaths 15598207 (7308.9s) AMD Radeon AI PRO R9700 (RADV GFX1201)
tick 2885000 alive   911342 genomes  198480 energy   199.4 births 15664773 deaths 15661094 (7311.4s) AMD Radeon AI PRO R9700 (RADV GFX1201)
tick 2886000 alive   911431 genomes  198373 energy   199.6 births 15784607 deaths 15784518 (7313.9s) AMD Radeon AI PRO R9700 (RADV GFX1201)
tick 2887000 alive   910693 genomes  199427 energy   199.4 births 15771905 deaths 15772643 (7316.7s) AMD Radeon AI PRO R9700 (RADV GFX1201)
tick 2888000 alive   910333 genomes  200498 energy   199.4 births 15821873 deaths 15822233 (7319.2s) AMD Radeon AI PRO R9700 (RADV GFX1201)
tick 2889000 alive   909929 genomes  199523 energy   199.4 births 15883776 deaths 15884180 (7321.8s) AMD Radeon AI PRO R9700 (RADV GFX1201)
tick 2890000 alive   908468 genomes  197762 energy   199.5 births 15841628 deaths 15843089 (7324.3s) AMD Radeon AI PRO R9700 (RADV GFX1201)
tick 2891000 alive   911115 genomes  197550 energy   198.7 births 15893717 deaths 15891070 (7326.9s) AMD Radeon AI PRO R9700 (RADV GFX1201)
tick 2892000 alive   914425 genomes  195673 energy   199.3 births 15956287 deaths 15952977 (7329.5s) AMD Radeon AI PRO R9700 (RADV GFX1201)
tick 2893000 alive   917874 genomes  195255 energy   199.1 births 16049562 deaths 16046113 (7332.1s) AMD Radeon AI PRO R9700 (RADV GFX1201)
tick 2894000 alive   918456 genomes  194880 energy   199.1 births 16097039 deaths 16096457 (7334.6s) AMD Radeon AI PRO R9700 (RADV GFX1201)
tick 2895000 alive   912630 genomes  196072 energy   199.2 births 16002516 deaths 16008342 (7337.1s) AMD Radeon AI PRO R9700 (RADV GFX1201)
tick 2896000 alive   913767 genomes  196397 energy   198.7 births 16000828 deaths 15999691 (7339.6s) AMD Radeon AI PRO R9700 (RADV GFX1201)
tick 2897000 alive   913755 genomes  194670 energy   198.7 births 16079018 deaths 16079030 (7342.1s) AMD Radeon AI PRO R9700 (RADV GFX1201)
tick 2898000 alive   918727 genomes  192022 energy   198.1 births 16213324 deaths 16208352 (7344.6s) AMD Radeon AI PRO R9700 (RADV GFX1201)
tick 2899000 alive   917333 genomes  192114 energy   198.7 births 16284459 deaths 16285853 (7347.1s) AMD Radeon AI PRO R9700 (RADV GFX1201)
tick 2900000 alive   914408 genomes  191510 energy   198.9 births 16137304 deaths 16140229 (7349.6s) AMD Radeon AI PRO R9700 (RADV GFX1201)
tick 2901000 alive   915162 genomes  190957 energy   198.6 births 16142763 deaths 16142009 (7352.0s) AMD Radeon AI PRO R9700 (RADV GFX1201)
tick 2902000 alive   916663 genomes  190762 energy   198.3 births 16230731 deaths 16229230 (7354.5s) AMD Radeon AI PRO R9700 (RADV GFX1201)
tick 2903000 alive   920652 genomes  188138 energy   198.4 births 16294626 deaths 16290637 (7357.0s) AMD Radeon AI PRO R9700 (RADV GFX1201)
tick 2904000 alive   918160 genomes  187922 energy   199.0 births 16202183 deaths 16204675 (7359.5s) AMD Radeon AI PRO R9700 (RADV GFX1201)
tick 2905000 alive   918514 genomes  188081 energy   199.1 births 16097037 deaths 16096683 (7362.0s) AMD Radeon AI PRO R9700 (RADV GFX1201)
tick 2906000 alive   917851 genomes  187228 energy   199.6 births 16021783 deaths 16022446 (7364.5s) AMD Radeon AI PRO R9700 (RADV GFX1201)
tick 2907000 alive   918857 genomes  189065 energy   199.4 births 15938822 deaths 15937816 (7367.0s) AMD Radeon AI PRO R9700 (RADV GFX1201)
tick 2908000 alive   923021 genomes  188985 energy   199.4 births 16081983 deaths 16077819 (7369.5s) AMD Radeon AI PRO R9700 (RADV GFX1201)
tick 2909000 alive   922731 genomes  187753 energy   199.7 births 16114976 deaths 16115266 (7372.0s) AMD Radeon AI PRO R9700 (RADV GFX1201)
tick 2910000 alive   918531 genomes  188444 energy   199.8 births 16047667 deaths 16051867 (7374.5s) AMD Radeon AI PRO R9700 (RADV GFX1201)
tick 2911000 alive   919576 genomes  188325 energy   199.5 births 16082031 deaths 16080986 (7377.0s) AMD Radeon AI PRO R9700 (RADV GFX1201)
tick 2912000 alive   922713 genomes  187537 energy   199.1 births 16087240 deaths 16084103 (7379.5s) AMD Radeon AI PRO R9700 (RADV GFX1201)
tick 2913000 alive   926300 genomes  185494 energy   199.0 births 16257922 deaths 16254335 (7382.2s) AMD Radeon AI PRO R9700 (RADV GFX1201)
tick 2914000 alive   929994 genomes  184942 energy   198.9 births 16381902 deaths 16378208 (7384.9s) AMD Radeon AI PRO R9700 (RADV GFX1201)
tick 2915000 alive   922150 genomes  184728 energy   199.7 births 16230331 deaths 16238175 (7387.6s) AMD Radeon AI PRO R9700 (RADV GFX1201)
tick 2916000 alive   920466 genomes  187154 energy   199.4 births 16056377 deaths 16058061 (7390.1s) AMD Radeon AI PRO R9700 (RADV GFX1201)
tick 2917000 alive   921311 genomes  187367 energy   199.6 births 16097489 deaths 16096644 (7392.6s) AMD Radeon AI PRO R9700 (RADV GFX1201)
tick 2918000 alive   923535 genomes  188084 energy   199.4 births 16087531 deaths 16085307 (7395.1s) AMD Radeon AI PRO R9700 (RADV GFX1201)
tick 2919000 alive   924665 genomes  188552 energy   198.9 births 16171306 deaths 16170176 (7397.6s) AMD Radeon AI PRO R9700 (RADV GFX1201)
tick 2920000 alive   925246 genomes  187839 energy   199.4 births 16276949 deaths 16276368 (7400.1s) AMD Radeon AI PRO R9700 (RADV GFX1201)
tick 2921000 alive   921400 genomes  188123 energy   199.8 births 16120275 deaths 16124121 (7402.6s) AMD Radeon AI PRO R9700 (RADV GFX1201)
tick 2922000 alive   918415 genomes  187858 energy   198.9 births 16055437 deaths 16058422 (7405.1s) AMD Radeon AI PRO R9700 (RADV GFX1201)
tick 2923000 alive   920374 genomes  188076 energy   199.2 births 16140618 deaths 16138659 (7407.7s) AMD Radeon AI PRO R9700 (RADV GFX1201)
tick 2924000 alive   920278 genomes  188990 energy   199.6 births 16123387 deaths 16123483 (7410.2s) AMD Radeon AI PRO R9700 (RADV GFX1201)
tick 2925000 alive   916863 genomes  189065 energy   199.3 births 15944507 deaths 15947922 (7412.8s) AMD Radeon AI PRO R9700 (RADV GFX1201)
tick 2926000 alive   916750 genomes  190070 energy   199.8 births 15956123 deaths 15956236 (7415.3s) AMD Radeon AI PRO R9700 (RADV GFX1201)
tick 2927000 alive   919663 genomes  191101 energy   199.2 births 16007376 deaths 16004463 (7417.8s) AMD Radeon AI PRO R9700 (RADV GFX1201)
tick 2928000 alive   919959 genomes  190664 energy   199.2 births 16092771 deaths 16092475 (7420.3s) AMD Radeon AI PRO R9700 (RADV GFX1201)
tick 2929000 alive   920163 genomes  192944 energy   199.1 births 16111004 deaths 16110800 (7422.9s) AMD Radeon AI PRO R9700 (RADV GFX1201)
tick 2930000 alive   919463 genomes  192305 energy   198.5 births 16124153 deaths 16124853 (7425.5s) AMD Radeon AI PRO R9700 (RADV GFX1201)
tick 2931000 alive   918268 genomes  191990 energy   199.1 births 16112397 deaths 16113592 (7428.0s) AMD Radeon AI PRO R9700 (RADV GFX1201)
tick 2932000 alive   917886 genomes  190524 energy   199.3 births 16077533 deaths 16077915 (7430.5s) AMD Radeon AI PRO R9700 (RADV GFX1201)
tick 2933000 alive   922044 genomes  189006 energy   199.2 births 16162542 deaths 16158384 (7432.9s) AMD Radeon AI PRO R9700 (RADV GFX1201)
tick 2934000 alive   923538 genomes  190026 energy   199.0 births 16193372 deaths 16191878 (7435.4s) AMD Radeon AI PRO R9700 (RADV GFX1201)
tick 2935000 alive   918181 genomes  189545 energy   199.2 births 16134728 deaths 16140085 (7437.9s) AMD Radeon AI PRO R9700 (RADV GFX1201)
tick 2936000 alive   915794 genomes  192576 energy   199.1 births 16080829 deaths 16083216 (7440.4s) AMD Radeon AI PRO R9700 (RADV GFX1201)
tick 2937000 alive   918275 genomes  192442 energy   199.0 births 16138980 deaths 16136499 (7442.9s) AMD Radeon AI PRO R9700 (RADV GFX1201)
tick 2938000 alive   923092 genomes  191627 energy   198.8 births 16255896 deaths 16251079 (7445.5s) AMD Radeon AI PRO R9700 (RADV GFX1201)
tick 2939000 alive   922430 genomes  188944 energy   198.6 births 16335532 deaths 16336194 (7448.0s) AMD Radeon AI PRO R9700 (RADV GFX1201)
tick 2940000 alive   919386 genomes  187488 energy   198.9 births 16275260 deaths 16278304 (7450.5s) AMD Radeon AI PRO R9700 (RADV GFX1201)
tick 2941000 alive   921824 genomes  187143 energy   198.7 births 16270353 deaths 16267915 (7453.0s) AMD Radeon AI PRO R9700 (RADV GFX1201)
tick 2942000 alive   921881 genomes  184596 energy   198.7 births 16254213 deaths 16254156 (7455.5s) AMD Radeon AI PRO R9700 (RADV GFX1201)
tick 2943000 alive   924414 genomes  185067 energy   199.5 births 16295745 deaths 16293212 (7458.0s) AMD Radeon AI PRO R9700 (RADV GFX1201)
tick 2944000 alive   924206 genomes  183717 energy   199.2 births 16242200 deaths 16242408 (7460.7s) AMD Radeon AI PRO R9700 (RADV GFX1201)
tick 2945000 alive   925774 genomes  184808 energy   199.4 births 16253907 deaths 16252339 (7463.3s) AMD Radeon AI PRO R9700 (RADV GFX1201)
tick 2946000 alive   920365 genomes  185230 energy   199.1 births 16184427 deaths 16189836 (7465.9s) AMD Radeon AI PRO R9700 (RADV GFX1201)
tick 2947000 alive   922483 genomes  186876 energy   199.1 births 16184259 deaths 16182141 (7468.6s) AMD Radeon AI PRO R9700 (RADV GFX1201)
tick 2948000 alive   918488 genomes  185843 energy   199.2 births 16172859 deaths 16176854 (7471.2s) AMD Radeon AI PRO R9700 (RADV GFX1201)
tick 2949000 alive   926158 genomes  184432 energy   198.5 births 16229422 deaths 16221752 (7473.7s) AMD Radeon AI PRO R9700 (RADV GFX1201)
tick 2950000 alive   927860 genomes  183808 energy   198.7 births 16444796 deaths 16443094 (7476.2s) AMD Radeon AI PRO R9700 (RADV GFX1201)
tick 2951000 alive   924027 genomes  183415 energy   199.1 births 16308422 deaths 16312255 (7478.7s) AMD Radeon AI PRO R9700 (RADV GFX1201)
tick 2952000 alive   922310 genomes  185079 energy   199.0 births 16253368 deaths 16255085 (7481.2s) AMD Radeon AI PRO R9700 (RADV GFX1201)
tick 2953000 alive   920570 genomes  186003 energy   198.7 births 16223039 deaths 16224779 (7483.7s) AMD Radeon AI PRO R9700 (RADV GFX1201)
tick 2954000 alive   921275 genomes  185983 energy   198.9 births 16285648 deaths 16284943 (7486.2s) AMD Radeon AI PRO R9700 (RADV GFX1201)
tick 2955000 alive   926592 genomes  184764 energy   198.9 births 16373839 deaths 16368522 (7488.7s) AMD Radeon AI PRO R9700 (RADV GFX1201)
tick 2956000 alive   927321 genomes  184823 energy   198.8 births 16398124 deaths 16397395 (7491.3s) AMD Radeon AI PRO R9700 (RADV GFX1201)
tick 2957000 alive   928746 genomes  184489 energy   198.6 births 16470093 deaths 16468668 (7493.8s) AMD Radeon AI PRO R9700 (RADV GFX1201)
tick 2958000 alive   930200 genomes  182215 energy   198.5 births 16549171 deaths 16547717 (7496.4s) AMD Radeon AI PRO R9700 (RADV GFX1201)
tick 2959000 alive   934553 genomes  182506 energy   198.9 births 16608047 deaths 16603694 (7498.9s) AMD Radeon AI PRO R9700 (RADV GFX1201)
tick 2960000 alive   929736 genomes  182678 energy   199.0 births 16596636 deaths 16601453 (7501.4s) AMD Radeon AI PRO R9700 (RADV GFX1201)
tick 2961000 alive   923558 genomes  183958 energy   198.9 births 16406614 deaths 16412792 (7503.9s) AMD Radeon AI PRO R9700 (RADV GFX1201)
tick 2962000 alive   924366 genomes  182984 energy   198.9 births 16353562 deaths 16352754 (7506.4s) AMD Radeon AI PRO R9700 (RADV GFX1201)
tick 2963000 alive   926020 genomes  182181 energy   198.4 births 16382471 deaths 16380817 (7508.9s) AMD Radeon AI PRO R9700 (RADV GFX1201)
tick 2964000 alive   931676 genomes  182295 energy   198.8 births 16532056 deaths 16526400 (7511.4s) AMD Radeon AI PRO R9700 (RADV GFX1201)
tick 2965000 alive   928934 genomes  181767 energy   199.4 births 16410967 deaths 16413709 (7513.9s) AMD Radeon AI PRO R9700 (RADV GFX1201)
tick 2966000 alive   924665 genomes  183188 energy   199.4 births 16248180 deaths 16252449 (7516.4s) AMD Radeon AI PRO R9700 (RADV GFX1201)
tick 2967000 alive   923587 genomes  184138 energy   199.3 births 16198242 deaths 16199320 (7518.9s) AMD Radeon AI PRO R9700 (RADV GFX1201)
tick 2968000 alive   926887 genomes  183072 energy   199.3 births 16243625 deaths 16240325 (7521.3s) AMD Radeon AI PRO R9700 (RADV GFX1201)
tick 2969000 alive   929411 genomes  183318 energy   199.5 births 16365123 deaths 16362599 (7523.9s) AMD Radeon AI PRO R9700 (RADV GFX1201)
tick 2970000 alive   928439 genomes  184590 energy   198.9 births 16377199 deaths 16378171 (7526.5s) AMD Radeon AI PRO R9700 (RADV GFX1201)
tick 2971000 alive   934290 genomes  182749 energy   198.7 births 16541057 deaths 16535206 (7529.0s) AMD Radeon AI PRO R9700 (RADV GFX1201)
tick 2972000 alive   930744 genomes  183198 energy   199.0 births 16500082 deaths 16503628 (7531.5s) AMD Radeon AI PRO R9700 (RADV GFX1201)
tick 2973000 alive   921961 genomes  185356 energy   199.2 births 16310128 deaths 16318911 (7534.0s) AMD Radeon AI PRO R9700 (RADV GFX1201)
tick 2974000 alive   922866 genomes  186845 energy   198.6 births 16282865 deaths 16281960 (7536.5s) AMD Radeon AI PRO R9700 (RADV GFX1201)
tick 2975000 alive   922899 genomes  186539 energy   198.8 births 16302494 deaths 16302461 (7539.0s) AMD Radeon AI PRO R9700 (RADV GFX1201)
tick 2976000 alive   926638 genomes  185460 energy   198.9 births 16429841 deaths 16426102 (7541.6s) AMD Radeon AI PRO R9700 (RADV GFX1201)
tick 2977000 alive   931261 genomes  183970 energy   198.6 births 16512228 deaths 16507605 (7544.1s) AMD Radeon AI PRO R9700 (RADV GFX1201)
tick 2978000 alive   933764 genomes  182516 energy   198.9 births 16560186 deaths 16557683 (7546.6s) AMD Radeon AI PRO R9700 (RADV GFX1201)
tick 2979000 alive   932579 genomes  183314 energy   199.3 births 16510678 deaths 16511863 (7549.1s) AMD Radeon AI PRO R9700 (RADV GFX1201)
tick 2980000 alive   930274 genomes  182685 energy   198.9 births 16488392 deaths 16490697 (7551.6s) AMD Radeon AI PRO R9700 (RADV GFX1201)
tick 2981000 alive   930703 genomes  182485 energy   199.0 births 16444630 deaths 16444201 (7554.1s) AMD Radeon AI PRO R9700 (RADV GFX1201)
tick 2982000 alive   930801 genomes  180861 energy   198.7 births 16534779 deaths 16534681 (7556.6s) AMD Radeon AI PRO R9700 (RADV GFX1201)
tick 2983000 alive   935002 genomes  180456 energy   198.8 births 16557659 deaths 16553458 (7559.1s) AMD Radeon AI PRO R9700 (RADV GFX1201)
tick 2984000 alive   933861 genomes  178530 energy   199.2 births 16539160 deaths 16540301 (7561.6s) AMD Radeon AI PRO R9700 (RADV GFX1201)
tick 2985000 alive   928317 genomes  177185 energy   199.7 births 16380712 deaths 16386256 (7564.1s) AMD Radeon AI PRO R9700 (RADV GFX1201)
tick 2986000 alive   928609 genomes  179801 energy   199.5 births 16228850 deaths 16228558 (7566.6s) AMD Radeon AI PRO R9700 (RADV GFX1201)
tick 2987000 alive   928566 genomes  180834 energy   199.8 births 16204208 deaths 16204251 (7569.2s) AMD Radeon AI PRO R9700 (RADV GFX1201)
tick 2988000 alive   931954 genomes  181579 energy   198.8 births 16328820 deaths 16325432 (7571.7s) AMD Radeon AI PRO R9700 (RADV GFX1201)
tick 2989000 alive   929620 genomes  181070 energy   199.1 births 16444678 deaths 16447012 (7574.2s) AMD Radeon AI PRO R9700 (RADV GFX1201)
tick 2990000 alive   928771 genomes  180953 energy   199.6 births 16309609 deaths 16310458 (7576.7s) AMD Radeon AI PRO R9700 (RADV GFX1201)
tick 2991000 alive   927387 genomes  182021 energy   199.5 births 16306064 deaths 16307448 (7579.2s) AMD Radeon AI PRO R9700 (RADV GFX1201)
tick 2992000 alive   928946 genomes  182059 energy   199.2 births 16373436 deaths 16371877 (7581.7s) AMD Radeon AI PRO R9700 (RADV GFX1201)
tick 2993000 alive   930386 genomes  183553 energy   199.2 births 16352686 deaths 16351246 (7584.2s) AMD Radeon AI PRO R9700 (RADV GFX1201)
tick 2994000 alive   927114 genomes  182294 energy   199.1 births 16301807 deaths 16305079 (7586.7s) AMD Radeon AI PRO R9700 (RADV GFX1201)
tick 2995000 alive   924728 genomes  181957 energy   199.4 births 16276421 deaths 16278807 (7589.1s) AMD Radeon AI PRO R9700 (RADV GFX1201)
tick 2996000 alive   924788 genomes  183665 energy   199.1 births 16231349 deaths 16231289 (7591.6s) AMD Radeon AI PRO R9700 (RADV GFX1201)
tick 2997000 alive   922739 genomes  185729 energy   199.2 births 16152121 deaths 16154170 (7594.1s) AMD Radeon AI PRO R9700 (RADV GFX1201)
tick 2998000 alive   921536 genomes  186189 energy   198.6 births 16209796 deaths 16210999 (7596.6s) AMD Radeon AI PRO R9700 (RADV GFX1201)
tick 2999000 alive   922883 genomes  185527 energy   198.8 births 16318236 deaths 16316889 (7599.1s) AMD Radeon AI PRO R9700 (RADV GFX1201)
tick 3000000 alive   921908 genomes  184657 energy   199.2 births 16231855 deaths 16232830 (7601.7s) AMD Radeon AI PRO R9700 (RADV GFX1201)
tick 3001000 alive   922126 genomes  185625 energy   199.7 births 16129520 deaths 16129302 (7604.3s) AMD Radeon AI PRO R9700 (RADV GFX1201)
tick 3002000 alive   925420 genomes  184377 energy   199.2 births 16164846 deaths 16161552 (7606.8s) AMD Radeon AI PRO R9700 (RADV GFX1201)
tick 3003000 alive   928551 genomes  185887 energy   199.3 births 16281030 deaths 16277899 (7609.3s) AMD Radeon AI PRO R9700 (RADV GFX1201)
tick 3004000 alive   925304 genomes  186762 energy   199.1 births 16228927 deaths 16232174 (7611.8s) AMD Radeon AI PRO R9700 (RADV GFX1201)
tick 3005000 alive   925203 genomes  185946 energy   199.6 births 16233484 deaths 16233585 (7614.4s) AMD Radeon AI PRO R9700 (RADV GFX1201)
tick 3006000 alive   923283 genomes  186467 energy   199.2 births 16157792 deaths 16159712 (7616.9s) AMD Radeon AI PRO R9700 (RADV GFX1201)
tick 3007000 alive   922025 genomes  185502 energy   199.4 births 16197231 deaths 16198489 (7619.4s) AMD Radeon AI PRO R9700 (RADV GFX1201)
tick 3008000 alive   920737 genomes  185083 energy   200.1 births 16125510 deaths 16126798 (7622.0s) AMD Radeon AI PRO R9700 (RADV GFX1201)
tick 3009000 alive   918620 genomes  187279 energy   199.4 births 15980038 deaths 15982155 (7624.5s) AMD Radeon AI PRO R9700 (RADV GFX1201)
tick 3010000 alive   924000 genomes  187435 energy   198.9 births 16154810 deaths 16149430 (7627.0s) AMD Radeon AI PRO R9700 (RADV GFX1201)
tick 3011000 alive   925728 genomes  188381 energy   198.9 births 16344646 deaths 16342918 (7629.6s) AMD Radeon AI PRO R9700 (RADV GFX1201)
tick 3012000 alive   925382 genomes  186933 energy   199.1 births 16350557 deaths 16350903 (7632.1s) AMD Radeon AI PRO R9700 (RADV GFX1201)
tick 3013000 alive   925347 genomes  185885 energy   199.2 births 16359548 deaths 16359583 (7634.7s) AMD Radeon AI PRO R9700 (RADV GFX1201)
tick 3014000 alive   925520 genomes  184521 energy   199.3 births 16309633 deaths 16309460 (7637.2s) AMD Radeon AI PRO R9700 (RADV GFX1201)
tick 3015000 alive   927426 genomes  183713 energy   199.4 births 16332474 deaths 16330568 (7639.7s) AMD Radeon AI PRO R9700 (RADV GFX1201)
tick 3016000 alive   928098 genomes  182226 energy   199.1 births 16318962 deaths 16318290 (7642.2s) AMD Radeon AI PRO R9700 (RADV GFX1201)
tick 3017000 alive   929406 genomes  181252 energy   199.2 births 16385504 deaths 16384196 (7644.7s) AMD Radeon AI PRO R9700 (RADV GFX1201)
tick 3018000 alive   926188 genomes  182308 energy   199.3 births 16306848 deaths 16310066 (7647.4s) AMD Radeon AI PRO R9700 (RADV GFX1201)
tick 3019000 alive   925967 genomes  183487 energy   199.6 births 16260150 deaths 16260371 (7649.9s) AMD Radeon AI PRO R9700 (RADV GFX1201)
tick 3020000 alive   924930 genomes  183109 energy   199.1 births 16251567 deaths 16252604 (7652.4s) AMD Radeon AI PRO R9700 (RADV GFX1201)
tick 3021000 alive   923080 genomes  184121 energy   199.7 births 16172606 deaths 16174456 (7654.9s) AMD Radeon AI PRO R9700 (RADV GFX1201)
tick 3022000 alive   918971 genomes  184244 energy   200.0 births 16012939 deaths 16017048 (7657.4s) AMD Radeon AI PRO R9700 (RADV GFX1201)
tick 3023000 alive   919874 genomes  185664 energy   199.8 births 15982700 deaths 15981797 (7659.8s) AMD Radeon AI PRO R9700 (RADV GFX1201)
tick 3024000 alive   918191 genomes  186674 energy   199.6 births 15974205 deaths 15975888 (7662.4s) AMD Radeon AI PRO R9700 (RADV GFX1201)
tick 3025000 alive   920537 genomes  187538 energy   199.3 births 16006492 deaths 16004146 (7664.9s) AMD Radeon AI PRO R9700 (RADV GFX1201)
tick 3026000 alive   917956 genomes  188176 energy   200.2 births 15968721 deaths 15971302 (7667.5s) AMD Radeon AI PRO R9700 (RADV GFX1201)
tick 3027000 alive   912178 genomes  188668 energy   199.9 births 15759327 deaths 15765105 (7670.1s) AMD Radeon AI PRO R9700 (RADV GFX1201)
tick 3028000 alive   923415 genomes  188405 energy   199.0 births 16027183 deaths 16015946 (7672.8s) AMD Radeon AI PRO R9700 (RADV GFX1201)
tick 3029000 alive   923415 genomes  186913 energy   199.7 births 16203523 deaths 16203523 (7675.4s) AMD Radeon AI PRO R9700 (RADV GFX1201)
tick 3030000 alive   923653 genomes  188688 energy   199.2 births 16123680 deaths 16123442 (7677.9s) AMD Radeon AI PRO R9700 (RADV GFX1201)
tick 3031000 alive   923734 genomes  189512 energy   199.9 births 16140199 deaths 16140118 (7680.4s) AMD Radeon AI PRO R9700 (RADV GFX1201)
tick 3032000 alive   918562 genomes  191323 energy   199.7 births 15995903 deaths 16001075 (7683.0s) AMD Radeon AI PRO R9700 (RADV GFX1201)
tick 3033000 alive   926809 genomes  191689 energy   199.5 births 16085451 deaths 16077204 (7685.5s) AMD Radeon AI PRO R9700 (RADV GFX1201)
tick 3034000 alive   930435 genomes  188769 energy   199.7 births 16260630 deaths 16257004 (7688.0s) AMD Radeon AI PRO R9700 (RADV GFX1201)
tick 3035000 alive   929981 genomes  187416 energy   199.9 births 16244498 deaths 16244952 (7690.5s) AMD Radeon AI PRO R9700 (RADV GFX1201)
tick 3036000 alive   924701 genomes  185999 energy   199.5 births 16114480 deaths 16119760 (7693.0s) AMD Radeon AI PRO R9700 (RADV GFX1201)
tick 3037000 alive   925138 genomes  186553 energy   199.0 births 16223762 deaths 16223325 (7695.5s) AMD Radeon AI PRO R9700 (RADV GFX1201)
tick 3038000 alive   925656 genomes  185355 energy   199.3 births 16247700 deaths 16247182 (7698.0s) AMD Radeon AI PRO R9700 (RADV GFX1201)
tick 3039000 alive   923788 genomes  186327 energy   199.6 births 16204413 deaths 16206281 (7700.5s) AMD Radeon AI PRO R9700 (RADV GFX1201)
tick 3040000 alive   923152 genomes  187800 energy   199.3 births 16076382 deaths 16077018 (7703.0s) AMD Radeon AI PRO R9700 (RADV GFX1201)
tick 3041000 alive   923324 genomes  186823 energy   199.4 births 16150145 deaths 16149973 (7705.5s) AMD Radeon AI PRO R9700 (RADV GFX1201)
tick 3042000 alive   923123 genomes  188466 energy   199.1 births 16133297 deaths 16133498 (7708.0s) AMD Radeon AI PRO R9700 (RADV GFX1201)
tick 3043000 alive   923421 genomes  187952 energy   198.7 births 16316197 deaths 16315899 (7710.5s) AMD Radeon AI PRO R9700 (RADV GFX1201)
tick 3044000 alive   923413 genomes  186596 energy   198.8 births 16285400 deaths 16285408 (7713.0s) AMD Radeon AI PRO R9700 (RADV GFX1201)
tick 3045000 alive   923325 genomes  187128 energy   198.9 births 16294953 deaths 16295041 (7715.5s) AMD Radeon AI PRO R9700 (RADV GFX1201)
tick 3046000 alive   924070 genomes  185908 energy   198.9 births 16236125 deaths 16235380 (7718.0s) AMD Radeon AI PRO R9700 (RADV GFX1201)
tick 3047000 alive   927724 genomes  185824 energy   199.5 births 16324300 deaths 16320646 (7720.5s) AMD Radeon AI PRO R9700 (RADV GFX1201)
tick 3048000 alive   922911 genomes  187006 energy   199.5 births 16145663 deaths 16150476 (7723.1s) AMD Radeon AI PRO R9700 (RADV GFX1201)
tick 3049000 alive   920775 genomes  188581 energy   199.4 births 16162794 deaths 16164930 (7725.6s) AMD Radeon AI PRO R9700 (RADV GFX1201)
tick 3050000 alive   917923 genomes  189966 energy   199.0 births 16142927 deaths 16145779 (7728.1s) AMD Radeon AI PRO R9700 (RADV GFX1201)
tick 3051000 alive   922602 genomes  188000 energy   198.8 births 16335142 deaths 16330463 (7730.6s) AMD Radeon AI PRO R9700 (RADV GFX1201)
tick 3052000 alive   924587 genomes  185129 energy   199.1 births 16287887 deaths 16285902 (7733.1s) AMD Radeon AI PRO R9700 (RADV GFX1201)
tick 3053000 alive   928424 genomes  184789 energy   198.9 births 16340460 deaths 16336623 (7735.6s) AMD Radeon AI PRO R9700 (RADV GFX1201)
tick 3054000 alive   924407 genomes  184604 energy   199.1 births 16373429 deaths 16377446 (7738.1s) AMD Radeon AI PRO R9700 (RADV GFX1201)
tick 3055000 alive   924875 genomes  185397 energy   198.8 births 16263983 deaths 16263515 (7740.6s) AMD Radeon AI PRO R9700 (RADV GFX1201)
tick 3056000 alive   925466 genomes  182407 energy   199.2 births 16313260 deaths 16312669 (7743.1s) AMD Radeon AI PRO R9700 (RADV GFX1201)
tick 3057000 alive   922153 genomes  182578 energy   199.3 births 16220778 deaths 16224091 (7745.6s) AMD Radeon AI PRO R9700 (RADV GFX1201)
tick 3058000 alive   923781 genomes  183234 energy   199.3 births 16213596 deaths 16211968 (7748.1s) AMD Radeon AI PRO R9700 (RADV GFX1201)
tick 3059000 alive   926558 genomes  184209 energy   199.2 births 16301240 deaths 16298463 (7750.6s) AMD Radeon AI PRO R9700 (RADV GFX1201)
tick 3060000 alive   924759 genomes  184798 energy   199.3 births 16305244 deaths 16307043 (7753.1s) AMD Radeon AI PRO R9700 (RADV GFX1201)
tick 3061000 alive   922031 genomes  185727 energy   199.1 births 16229615 deaths 16232343 (7755.6s) AMD Radeon AI PRO R9700 (RADV GFX1201)
tick 3062000 alive   919127 genomes  186798 energy   198.9 births 16224026 deaths 16226930 (7758.1s) AMD Radeon AI PRO R9700 (RADV GFX1201)
tick 3063000 alive   921108 genomes  185950 energy   198.5 births 16249775 deaths 16247794 (7760.6s) AMD Radeon AI PRO R9700 (RADV GFX1201)
tick 3064000 alive   926410 genomes  186040 energy   198.5 births 16391759 deaths 16386457 (7763.1s) AMD Radeon AI PRO R9700 (RADV GFX1201)
tick 3065000 alive   926656 genomes  185728 energy   198.6 births 16432202 deaths 16431956 (7765.6s) AMD Radeon AI PRO R9700 (RADV GFX1201)
tick 3066000 alive   922671 genomes  185738 energy   198.8 births 16366676 deaths 16370661 (7768.1s) AMD Radeon AI PRO R9700 (RADV GFX1201)
tick 3067000 alive   924785 genomes  184955 energy   199.1 births 16320738 deaths 16318624 (7770.6s) AMD Radeon AI PRO R9700 (RADV GFX1201)
tick 3068000 alive   927571 genomes  185559 energy   198.7 births 16457160 deaths 16454374 (7773.1s) AMD Radeon AI PRO R9700 (RADV GFX1201)
tick 3069000 alive   922723 genomes  185737 energy   198.9 births 16312142 deaths 16316990 (7775.6s) AMD Radeon AI PRO R9700 (RADV GFX1201)
tick 3070000 alive   927725 genomes  185790 energy   198.4 births 16355616 deaths 16350614 (7778.1s) AMD Radeon AI PRO R9700 (RADV GFX1201)
tick 3071000 alive   929280 genomes  183978 energy   198.4 births 16533216 deaths 16531661 (7780.6s) AMD Radeon AI PRO R9700 (RADV GFX1201)
tick 3072000 alive   928385 genomes  182398 energy   198.4 births 16522199 deaths 16523094 (7783.0s) AMD Radeon AI PRO R9700 (RADV GFX1201)
tick 3073000 alive   925401 genomes  181322 energy   199.3 births 16438025 deaths 16441009 (7785.6s) AMD Radeon AI PRO R9700 (RADV GFX1201)
tick 3074000 alive   928159 genomes  181668 energy   198.8 births 16327720 deaths 16324962 (7788.1s) AMD Radeon AI PRO R9700 (RADV GFX1201)
tick 3075000 alive   926599 genomes  182850 energy   199.1 births 16376518 deaths 16378078 (7790.6s) AMD Radeon AI PRO R9700 (RADV GFX1201)
tick 3076000 alive   924628 genomes  183268 energy   198.9 births 16303254 deaths 16305225 (7793.1s) AMD Radeon AI PRO R9700 (RADV GFX1201)
tick 3077000 alive   924536 genomes  184199 energy   199.2 births 16295448 deaths 16295540 (7795.7s) AMD Radeon AI PRO R9700 (RADV GFX1201)
tick 3078000 alive   927208 genomes  183579 energy   198.8 births 16281952 deaths 16279280 (7798.2s) AMD Radeon AI PRO R9700 (RADV GFX1201)
tick 3079000 alive   927500 genomes  184638 energy   199.2 births 16335448 deaths 16335156 (7800.7s) AMD Radeon AI PRO R9700 (RADV GFX1201)
tick 3080000 alive   922606 genomes  185136 energy   199.4 births 16214332 deaths 16219226 (7803.1s) AMD Radeon AI PRO R9700 (RADV GFX1201)
tick 3081000 alive   926649 genomes  185941 energy   198.8 births 16224358 deaths 16220315 (7805.7s) AMD Radeon AI PRO R9700 (RADV GFX1201)
tick 3082000 alive   923436 genomes  184674 energy   198.9 births 16315825 deaths 16319038 (7808.2s) AMD Radeon AI PRO R9700 (RADV GFX1201)
tick 3083000 alive   924308 genomes  186259 energy   198.8 births 16292675 deaths 16291803 (7810.8s) AMD Radeon AI PRO R9700 (RADV GFX1201)
tick 3084000 alive   918731 genomes  186883 energy   199.2 births 16161032 deaths 16166609 (7813.3s) AMD Radeon AI PRO R9700 (RADV GFX1201)
tick 3085000 alive   917740 genomes  187155 energy   199.4 births 16106821 deaths 16107812 (7815.8s) AMD Radeon AI PRO R9700 (RADV GFX1201)
tick 3086000 alive   924578 genomes  187812 energy   198.7 births 16212469 deaths 16205631 (7818.3s) AMD Radeon AI PRO R9700 (RADV GFX1201)
tick 3087000 alive   921173 genomes  188345 energy   198.8 births 16198353 deaths 16201758 (7820.8s) AMD Radeon AI PRO R9700 (RADV GFX1201)
tick 3088000 alive   921126 genomes  186595 energy   199.0 births 16221085 deaths 16221132 (7823.4s) AMD Radeon AI PRO R9700 (RADV GFX1201)
tick 3089000 alive   923006 genomes  186528 energy   199.1 births 16264698 deaths 16262818 (7825.9s) AMD Radeon AI PRO R9700 (RADV GFX1201)
tick 3090000 alive   918560 genomes  187089 energy   199.0 births 16222929 deaths 16227375 (7828.4s) AMD Radeon AI PRO R9700 (RADV GFX1201)
tick 3091000 alive   915642 genomes  188809 energy   198.8 births 16151931 deaths 16154849 (7830.9s) AMD Radeon AI PRO R9700 (RADV GFX1201)
tick 3092000 alive   917278 genomes  188773 energy   198.6 births 16159085 deaths 16157449 (7833.5s) AMD Radeon AI PRO R9700 (RADV GFX1201)
tick 3093000 alive   916768 genomes  189275 energy   198.6 births 16111675 deaths 16112185 (7836.2s) AMD Radeon AI PRO R9700 (RADV GFX1201)
tick 3094000 alive   918686 genomes  190089 energy   198.8 births 16163267 deaths 16161349 (7838.8s) AMD Radeon AI PRO R9700 (RADV GFX1201)
tick 3095000 alive   917735 genomes  190619 energy   199.3 births 16156285 deaths 16157236 (7841.3s) AMD Radeon AI PRO R9700 (RADV GFX1201)
tick 3096000 alive   919804 genomes  191559 energy   198.5 births 16216118 deaths 16214049 (7843.9s) AMD Radeon AI PRO R9700 (RADV GFX1201)
tick 3097000 alive   918162 genomes  189851 energy   198.3 births 16254698 deaths 16256340 (7846.5s) AMD Radeon AI PRO R9700 (RADV GFX1201)
tick 3098000 alive   918446 genomes  188133 energy   199.1 births 16246195 deaths 16245911 (7849.0s) AMD Radeon AI PRO R9700 (RADV GFX1201)
tick 3099000 alive   920509 genomes  189356 energy   199.0 births 16232619 deaths 16230556 (7851.5s) AMD Radeon AI PRO R9700 (RADV GFX1201)
tick 3100000 alive   919089 genomes  189608 energy   198.7 births 16185957 deaths 16187377 (7853.9s) AMD Radeon AI PRO R9700 (RADV GFX1201)
tick 3101000 alive   921557 genomes  190929 energy   199.1 births 16194110 deaths 16191642 (7856.4s) AMD Radeon AI PRO R9700 (RADV GFX1201)
tick 3102000 alive   919669 genomes  188209 energy   199.1 births 16170247 deaths 16172135 (7858.9s) AMD Radeon AI PRO R9700 (RADV GFX1201)
tick 3103000 alive   922968 genomes  188958 energy   199.6 births 16164106 deaths 16160807 (7861.4s) AMD Radeon AI PRO R9700 (RADV GFX1201)
tick 3104000 alive   922862 genomes  188795 energy   199.5 births 16136665 deaths 16136771 (7864.0s) AMD Radeon AI PRO R9700 (RADV GFX1201)
tick 3105000 alive   917769 genomes  188838 energy   199.6 births 16085726 deaths 16090819 (7866.5s) AMD Radeon AI PRO R9700 (RADV GFX1201)
tick 3106000 alive   918407 genomes  190978 energy   198.9 births 16125574 deaths 16124936 (7868.9s) AMD Radeon AI PRO R9700 (RADV GFX1201)
tick 3107000 alive   917427 genomes  191621 energy   198.1 births 16224841 deaths 16225821 (7871.4s) AMD Radeon AI PRO R9700 (RADV GFX1201)
tick 3108000 alive   920195 genomes  190746 energy   198.5 births 16295079 deaths 16292311 (7873.9s) AMD Radeon AI PRO R9700 (RADV GFX1201)
tick 3109000 alive   927515 genomes  188245 energy   198.3 births 16480100 deaths 16472780 (7876.5s) AMD Radeon AI PRO R9700 (RADV GFX1201)
tick 3110000 alive   923641 genomes  187628 energy   198.2 births 16509979 deaths 16513853 (7879.0s) AMD Radeon AI PRO R9700 (RADV GFX1201)
tick 3111000 alive   923520 genomes  186719 energy   198.8 births 16413155 deaths 16413276 (7881.5s) AMD Radeon AI PRO R9700 (RADV GFX1201)
tick 3112000 alive   923243 genomes  187577 energy   199.0 births 16316644 deaths 16316921 (7884.1s) AMD Radeon AI PRO R9700 (RADV GFX1201)
tick 3113000 alive   918474 genomes  187846 energy   198.7 births 16222017 deaths 16226786 (7886.5s) AMD Radeon AI PRO R9700 (RADV GFX1201)
tick 3114000 alive   917632 genomes  191133 energy   198.5 births 16157294 deaths 16158136 (7889.0s) AMD Radeon AI PRO R9700 (RADV GFX1201)
tick 3115000 alive   919099 genomes  190637 energy   198.5 births 16257632 deaths 16256165 (7891.5s) AMD Radeon AI PRO R9700 (RADV GFX1201)
tick 3116000 alive   921121 genomes  187191 energy   198.4 births 16324356 deaths 16322334 (7894.0s) AMD Radeon AI PRO R9700 (RADV GFX1201)
tick 3117000 alive   925648 genomes  185511 energy   198.2 births 16418751 deaths 16414224 (7896.5s) AMD Radeon AI PRO R9700 (RADV GFX1201)
tick 3118000 alive   923973 genomes  186655 energy   199.0 births 16383027 deaths 16384702 (7899.0s) AMD Radeon AI PRO R9700 (RADV GFX1201)
tick 3119000 alive   919872 genomes  185933 energy   198.5 births 16316922 deaths 16321023 (7901.5s) AMD Radeon AI PRO R9700 (RADV GFX1201)
tick 3120000 alive   924851 genomes  188238 energy   198.5 births 16333575 deaths 16328596 (7904.1s) AMD Radeon AI PRO R9700 (RADV GFX1201)
tick 3121000 alive   924639 genomes  186569 energy   197.9 births 16450817 deaths 16451029 (7906.7s) AMD Radeon AI PRO R9700 (RADV GFX1201)
tick 3122000 alive   926966 genomes  185184 energy   198.3 births 16487318 deaths 16484991 (7909.3s) AMD Radeon AI PRO R9700 (RADV GFX1201)
tick 3123000 alive   923922 genomes  184201 energy   198.9 births 16435046 deaths 16438090 (7911.9s) AMD Radeon AI PRO R9700 (RADV GFX1201)
tick 3124000 alive   925748 genomes  183632 energy   199.1 births 16397105 deaths 16395279 (7914.4s) AMD Radeon AI PRO R9700 (RADV GFX1201)
tick 3125000 alive   922644 genomes  185555 energy   199.3 births 16259189 deaths 16262293 (7916.9s) AMD Radeon AI PRO R9700 (RADV GFX1201)
tick 3126000 alive   920062 genomes  186802 energy   199.2 births 16143364 deaths 16145946 (7919.4s) AMD Radeon AI PRO R9700 (RADV GFX1201)
tick 3127000 alive   921462 genomes  186842 energy   199.0 births 16273100 deaths 16271700 (7921.9s) AMD Radeon AI PRO R9700 (RADV GFX1201)
tick 3128000 alive   920138 genomes  184919 energy   198.7 births 16317514 deaths 16318838 (7924.4s) AMD Radeon AI PRO R9700 (RADV GFX1201)
tick 3129000 alive   921793 genomes  185126 energy   199.0 births 16263888 deaths 16262233 (7927.0s) AMD Radeon AI PRO R9700 (RADV GFX1201)
tick 3130000 alive   923834 genomes  184638 energy   199.2 births 16298677 deaths 16296636 (7929.5s) AMD Radeon AI PRO R9700 (RADV GFX1201)
tick 3131000 alive   921210 genomes  185023 energy   199.5 births 16199949 deaths 16202573 (7932.3s) AMD Radeon AI PRO R9700 (RADV GFX1201)
tick 3132000 alive   922429 genomes  186446 energy   199.2 births 16240171 deaths 16238952 (7935.0s) AMD Radeon AI PRO R9700 (RADV GFX1201)
tick 3133000 alive   917123 genomes  186545 energy   199.3 births 16157495 deaths 16162801 (7937.7s) AMD Radeon AI PRO R9700 (RADV GFX1201)
tick 3134000 alive   918984 genomes  185960 energy   199.1 births 16119632 deaths 16117771 (7940.3s) AMD Radeon AI PRO R9700 (RADV GFX1201)
tick 3135000 alive   915924 genomes  188493 energy   199.0 births 16101280 deaths 16104340 (7942.8s) AMD Radeon AI PRO R9700 (RADV GFX1201)
tick 3136000 alive   920216 genomes  189341 energy   198.9 births 16131599 deaths 16127307 (7945.4s) AMD Radeon AI PRO R9700 (RADV GFX1201)
tick 3137000 alive   921419 genomes  189665 energy   199.0 births 16253158 deaths 16251955 (7948.0s) AMD Radeon AI PRO R9700 (RADV GFX1201)
tick 3138000 alive   920854 genomes  190403 energy   198.9 births 16184192 deaths 16184757 (7950.5s) AMD Radeon AI PRO R9700 (RADV GFX1201)
tick 3139000 alive   919303 genomes  189419 energy   199.4 births 16130458 deaths 16132009 (7953.0s) AMD Radeon AI PRO R9700 (RADV GFX1201)
tick 3140000 alive   918406 genomes  187628 energy   199.2 births 16113754 deaths 16114651 (7955.4s) AMD Radeon AI PRO R9700 (RADV GFX1201)
tick 3141000 alive   920556 genomes  188747 energy   199.4 births 16127394 deaths 16125244 (7957.9s) AMD Radeon AI PRO R9700 (RADV GFX1201)
tick 3142000 alive   922043 genomes  188267 energy   198.8 births 16200434 deaths 16198947 (7960.4s) AMD Radeon AI PRO R9700 (RADV GFX1201)
tick 3143000 alive   919406 genomes  189418 energy   199.1 births 16262491 deaths 16265128 (7963.0s) AMD Radeon AI PRO R9700 (RADV GFX1201)
tick 3144000 alive   916019 genomes  189774 energy   199.8 births 16098448 deaths 16101835 (7965.6s) AMD Radeon AI PRO R9700 (RADV GFX1201)
tick 3145000 alive   918999 genomes  189232 energy   198.7 births 16069914 deaths 16066934 (7968.1s) AMD Radeon AI PRO R9700 (RADV GFX1201)
tick 3146000 alive   928470 genomes  185973 energy   198.8 births 16372457 deaths 16362986 (7970.7s) AMD Radeon AI PRO R9700 (RADV GFX1201)
tick 3147000 alive   922745 genomes  185445 energy   199.8 births 16281491 deaths 16287216 (7973.1s) AMD Radeon AI PRO R9700 (RADV GFX1201)
tick 3148000 alive   916855 genomes  187643 energy   199.6 births 16022613 deaths 16028503 (7975.6s) AMD Radeon AI PRO R9700 (RADV GFX1201)
tick 3149000 alive   919377 genomes  189318 energy   198.8 births 16085222 deaths 16082700 (7978.1s) AMD Radeon AI PRO R9700 (RADV GFX1201)
tick 3150000 alive   916923 genomes  190841 energy   199.3 births 16116328 deaths 16118782 (7980.7s) AMD Radeon AI PRO R9700 (RADV GFX1201)
tick 3151000 alive   919050 genomes  190883 energy   198.7 births 16127587 deaths 16125460 (7983.1s) AMD Radeon AI PRO R9700 (RADV GFX1201)
tick 3152000 alive   922528 genomes  190444 energy   198.7 births 16266106 deaths 16262628 (7985.7s) AMD Radeon AI PRO R9700 (RADV GFX1201)
tick 3153000 alive   921114 genomes  191059 energy   199.0 births 16251500 deaths 16252914 (7988.2s) AMD Radeon AI PRO R9700 (RADV GFX1201)
tick 3154000 alive   915858 genomes  190044 energy   199.0 births 16134179 deaths 16139435 (7990.8s) AMD Radeon AI PRO R9700 (RADV GFX1201)
tick 3155000 alive   915425 genomes  192046 energy   198.8 births 16105445 deaths 16105878 (7993.3s) AMD Radeon AI PRO R9700 (RADV GFX1201)
tick 3156000 alive   920053 genomes  191014 energy   198.1 births 16291414 deaths 16286786 (7996.1s) AMD Radeon AI PRO R9700 (RADV GFX1201)
tick 3157000 alive   918987 genomes  192353 energy   198.9 births 16306502 deaths 16307568 (7999.0s) AMD Radeon AI PRO R9700 (RADV GFX1201)
tick 3158000 alive   920371 genomes  189801 energy   198.6 births 16291697 deaths 16290313 (8001.7s) AMD Radeon AI PRO R9700 (RADV GFX1201)
tick 3159000 alive   922490 genomes  189229 energy   198.8 births 16290958 deaths 16288839 (8004.2s) AMD Radeon AI PRO R9700 (RADV GFX1201)
tick 3160000 alive   922599 genomes  187971 energy   199.1 births 16242745 deaths 16242636 (8006.7s) AMD Radeon AI PRO R9700 (RADV GFX1201)
tick 3161000 alive   921703 genomes  188356 energy   199.3 births 16188754 deaths 16189650 (8009.2s) AMD Radeon AI PRO R9700 (RADV GFX1201)
tick 3162000 alive   918369 genomes  188186 energy   200.2 births 16065132 deaths 16068466 (8011.7s) AMD Radeon AI PRO R9700 (RADV GFX1201)
tick 3163000 alive   915095 genomes  191449 energy   199.5 births 15883156 deaths 15886430 (8014.2s) AMD Radeon AI PRO R9700 (RADV GFX1201)
tick 3164000 alive   917611 genomes  192692 energy   198.9 births 15983171 deaths 15980655 (8016.7s) AMD Radeon AI PRO R9700 (RADV GFX1201)
tick 3165000 alive   918531 genomes  191648 energy   199.4 births 16119100 deaths 16118180 (8019.2s) AMD Radeon AI PRO R9700 (RADV GFX1201)
tick 3166000 alive   919015 genomes  190853 energy   199.3 births 16072026 deaths 16071542 (8021.8s) AMD Radeon AI PRO R9700 (RADV GFX1201)
tick 3167000 alive   919625 genomes  190612 energy   199.0 births 16135133 deaths 16134523 (8024.3s) AMD Radeon AI PRO R9700 (RADV GFX1201)
tick 3168000 alive   919509 genomes  191274 energy   199.1 births 16115453 deaths 16115569 (8026.9s) AMD Radeon AI PRO R9700 (RADV GFX1201)
tick 3169000 alive   918527 genomes  193225 energy   198.9 births 16079883 deaths 16080865 (8029.4s) AMD Radeon AI PRO R9700 (RADV GFX1201)
tick 3170000 alive   914420 genomes  192550 energy   198.7 births 16081924 deaths 16086031 (8032.0s) AMD Radeon AI PRO R9700 (RADV GFX1201)
tick 3171000 alive   918421 genomes  194004 energy   199.0 births 16143812 deaths 16139811 (8034.5s) AMD Radeon AI PRO R9700 (RADV GFX1201)
tick 3172000 alive   919881 genomes  193750 energy   198.4 births 16110647 deaths 16109187 (8037.2s) AMD Radeon AI PRO R9700 (RADV GFX1201)
tick 3173000 alive   916490 genomes  193962 energy   198.8 births 16169233 deaths 16172624 (8039.7s) AMD Radeon AI PRO R9700 (RADV GFX1201)
tick 3174000 alive   915555 genomes  192132 energy   198.2 births 16163914 deaths 16164849 (8042.2s) AMD Radeon AI PRO R9700 (RADV GFX1201)
tick 3175000 alive   917876 genomes  189079 energy   198.6 births 16242008 deaths 16239687 (8044.7s) AMD Radeon AI PRO R9700 (RADV GFX1201)
tick 3176000 alive   922605 genomes  187126 energy   198.3 births 16294238 deaths 16289509 (8047.3s) AMD Radeon AI PRO R9700 (RADV GFX1201)
tick 3177000 alive   920260 genomes  185520 energy   199.0 births 16319340 deaths 16321685 (8049.8s) AMD Radeon AI PRO R9700 (RADV GFX1201)
tick 3178000 alive   924316 genomes  186040 energy   198.8 births 16269307 deaths 16265251 (8052.3s) AMD Radeon AI PRO R9700 (RADV GFX1201)
tick 3179000 alive   918927 genomes  185486 energy   199.2 births 16152038 deaths 16157427 (8054.9s) AMD Radeon AI PRO R9700 (RADV GFX1201)
tick 3180000 alive   919055 genomes  187314 energy   199.5 births 16159045 deaths 16158917 (8057.6s) AMD Radeon AI PRO R9700 (RADV GFX1201)
tick 3181000 alive   918742 genomes  188184 energy   199.1 births 16105937 deaths 16106250 (8060.3s) AMD Radeon AI PRO R9700 (RADV GFX1201)
tick 3182000 alive   916386 genomes  188344 energy   199.6 births 16076805 deaths 16079161 (8063.0s) AMD Radeon AI PRO R9700 (RADV GFX1201)
tick 3183000 alive   914168 genomes  190366 energy   199.0 births 16011686 deaths 16013904 (8065.6s) AMD Radeon AI PRO R9700 (RADV GFX1201)
tick 3184000 alive   915254 genomes  191100 energy   198.9 births 16029306 deaths 16028220 (8068.2s) AMD Radeon AI PRO R9700 (RADV GFX1201)
tick 3185000 alive   917008 genomes  191715 energy   199.3 births 16071095 deaths 16069341 (8070.7s) AMD Radeon AI PRO R9700 (RADV GFX1201)
tick 3186000 alive   918099 genomes  190051 energy   198.5 births 16160093 deaths 16159002 (8073.2s) AMD Radeon AI PRO R9700 (RADV GFX1201)
tick 3187000 alive   925015 genomes  189484 energy   198.5 births 16389694 deaths 16382778 (8075.7s) AMD Radeon AI PRO R9700 (RADV GFX1201)
tick 3188000 alive   921571 genomes  189090 energy   199.0 births 16385886 deaths 16389330 (8078.2s) AMD Radeon AI PRO R9700 (RADV GFX1201)
tick 3189000 alive   915859 genomes  189918 energy   199.0 births 16140421 deaths 16146133 (8080.7s) AMD Radeon AI PRO R9700 (RADV GFX1201)
tick 3190000 alive   918397 genomes  190012 energy   198.7 births 16169720 deaths 16167182 (8083.2s) AMD Radeon AI PRO R9700 (RADV GFX1201)
tick 3191000 alive   922029 genomes  188705 energy   198.0 births 16360055 deaths 16356423 (8085.8s) AMD Radeon AI PRO R9700 (RADV GFX1201)
tick 3192000 alive   923348 genomes  188714 energy   198.5 births 16386849 deaths 16385530 (8088.3s) AMD Radeon AI PRO R9700 (RADV GFX1201)
tick 3193000 alive   923184 genomes  188779 energy   198.9 births 16307976 deaths 16308140 (8090.9s) AMD Radeon AI PRO R9700 (RADV GFX1201)
tick 3194000 alive   922771 genomes  187919 energy   198.9 births 16300143 deaths 16300556 (8093.4s) AMD Radeon AI PRO R9700 (RADV GFX1201)
tick 3195000 alive   922833 genomes  189278 energy   198.5 births 16370242 deaths 16370180 (8095.9s) AMD Radeon AI PRO R9700 (RADV GFX1201)
tick 3196000 alive   921986 genomes  188150 energy   198.6 births 16284744 deaths 16285591 (8098.5s) AMD Radeon AI PRO R9700 (RADV GFX1201)
tick 3197000 alive   924610 genomes  189342 energy   198.8 births 16267452 deaths 16264828 (8101.0s) AMD Radeon AI PRO R9700 (RADV GFX1201)
tick 3198000 alive   921461 genomes  188189 energy   198.7 births 16217240 deaths 16220389 (8103.5s) AMD Radeon AI PRO R9700 (RADV GFX1201)
tick 3199000 alive   924295 genomes  187075 energy   198.8 births 16342317 deaths 16339483 (8106.0s) AMD Radeon AI PRO R9700 (RADV GFX1201)
tick 3200000 alive   922013 genomes  186258 energy   199.1 births 16225237 deaths 16227519 (8108.5s) AMD Radeon AI PRO R9700 (RADV GFX1201)
tick 3201000 alive   920625 genomes  186819 energy   199.1 births 16237755 deaths 16239143 (8111.0s) AMD Radeon AI PRO R9700 (RADV GFX1201)
tick 3202000 alive   922517 genomes  188959 energy   198.9 births 16177514 deaths 16175622 (8113.5s) AMD Radeon AI PRO R9700 (RADV GFX1201)
tick 3203000 alive   923125 genomes  189913 energy   199.0 births 16244328 deaths 16243720 (8116.0s) AMD Radeon AI PRO R9700 (RADV GFX1201)
tick 3204000 alive   925075 genomes  188138 energy   198.4 births 16309676 deaths 16307726 (8118.5s) AMD Radeon AI PRO R9700 (RADV GFX1201)
tick 3205000 alive   926868 genomes  188997 energy   199.3 births 16322443 deaths 16320650 (8121.1s) AMD Radeon AI PRO R9700 (RADV GFX1201)
tick 3206000 alive   919126 genomes  189866 energy   199.4 births 16147353 deaths 16155095 (8123.6s) AMD Radeon AI PRO R9700 (RADV GFX1201)
tick 3207000 alive   916964 genomes  191227 energy   199.0 births 16037008 deaths 16039170 (8126.1s) AMD Radeon AI PRO R9700 (RADV GFX1201)
tick 3208000 alive   919353 genomes  191201 energy   198.5 births 16184365 deaths 16181976 (8128.6s) AMD Radeon AI PRO R9700 (RADV GFX1201)
tick 3209000 alive   925954 genomes  190531 energy   198.5 births 16468296 deaths 16461695 (8131.1s) AMD Radeon AI PRO R9700 (RADV GFX1201)
tick 3210000 alive   922561 genomes  189442 energy   199.1 births 16310861 deaths 16314254 (8133.6s) AMD Radeon AI PRO R9700 (RADV GFX1201)
tick 3211000 alive   920399 genomes  189962 energy   198.8 births 16299767 deaths 16301929 (8136.1s) AMD Radeon AI PRO R9700 (RADV GFX1201)
tick 3212000 alive   920454 genomes  189489 energy   197.9 births 16299493 deaths 16299438 (8138.6s) AMD Radeon AI PRO R9700 (RADV GFX1201)
tick 3213000 alive   920768 genomes  188653 energy   198.2 births 16437222 deaths 16436908 (8141.2s) AMD Radeon AI PRO R9700 (RADV GFX1201)
tick 3214000 alive   919624 genomes  187829 energy   198.2 births 16351434 deaths 16352578 (8143.7s) AMD Radeon AI PRO R9700 (RADV GFX1201)
tick 3215000 alive   917101 genomes  186668 energy   199.0 births 16251681 deaths 16254204 (8146.3s) AMD Radeon AI PRO R9700 (RADV GFX1201)
tick 3216000 alive   921403 genomes  186623 energy   198.7 births 16211960 deaths 16207658 (8148.7s) AMD Radeon AI PRO R9700 (RADV GFX1201)
tick 3217000 alive   919755 genomes  186741 energy   198.9 births 16252165 deaths 16253813 (8151.3s) AMD Radeon AI PRO R9700 (RADV GFX1201)
tick 3218000 alive   922009 genomes  186569 energy   199.1 births 16243210 deaths 16240956 (8153.8s) AMD Radeon AI PRO R9700 (RADV GFX1201)
tick 3219000 alive   920070 genomes  188737 energy   198.5 births 16245343 deaths 16247282 (8156.3s) AMD Radeon AI PRO R9700 (RADV GFX1201)
tick 3220000 alive   921153 genomes  188903 energy   198.7 births 16270809 deaths 16269726 (8158.8s) AMD Radeon AI PRO R9700 (RADV GFX1201)
tick 3221000 alive   912269 genomes  190260 energy   199.1 births 16055255 deaths 16064139 (8161.3s) AMD Radeon AI PRO R9700 (RADV GFX1201)
tick 3222000 alive   914714 genomes  190958 energy   198.7 births 16073623 deaths 16071178 (8163.8s) AMD Radeon AI PRO R9700 (RADV GFX1201)
tick 3223000 alive   915950 genomes  190702 energy   199.3 births 16120487 deaths 16119251 (8166.3s) AMD Radeon AI PRO R9700 (RADV GFX1201)
tick 3224000 alive   920043 genomes  190991 energy   198.6 births 16165755 deaths 16161662 (8168.8s) AMD Radeon AI PRO R9700 (RADV GFX1201)
tick 3225000 alive   920303 genomes  190715 energy   198.6 births 16178491 deaths 16178231 (8171.3s) AMD Radeon AI PRO R9700 (RADV GFX1201)
tick 3226000 alive   922228 genomes  194069 energy   198.9 births 16239584 deaths 16237659 (8173.8s) AMD Radeon AI PRO R9700 (RADV GFX1201)
tick 3227000 alive   915946 genomes  195961 energy   199.2 births 16154253 deaths 16160535 (8176.3s) AMD Radeon AI PRO R9700 (RADV GFX1201)
tick 3228000 alive   914965 genomes  195557 energy   198.5 births 16047536 deaths 16048517 (8178.8s) AMD Radeon AI PRO R9700 (RADV GFX1201)
tick 3229000 alive   917848 genomes  193064 energy   198.7 births 16177719 deaths 16174836 (8181.5s) AMD Radeon AI PRO R9700 (RADV GFX1201)
tick 3230000 alive   923910 genomes  190747 energy   198.6 births 16327540 deaths 16321478 (8184.1s) AMD Radeon AI PRO R9700 (RADV GFX1201)
tick 3231000 alive   923288 genomes  190581 energy   198.5 births 16359893 deaths 16360515 (8186.8s) AMD Radeon AI PRO R9700 (RADV GFX1201)
tick 3232000 alive   921391 genomes  190293 energy   198.4 births 16357314 deaths 16359211 (8189.4s) AMD Radeon AI PRO R9700 (RADV GFX1201)
tick 3233000 alive   919727 genomes  189892 energy   198.3 births 16289644 deaths 16291308 (8192.0s) AMD Radeon AI PRO R9700 (RADV GFX1201)
tick 3234000 alive   918248 genomes  190801 energy   198.6 births 16256403 deaths 16257882 (8194.9s) AMD Radeon AI PRO R9700 (RADV GFX1201)
tick 3235000 alive   919059 genomes  191364 energy   198.4 births 16284361 deaths 16283550 (8197.6s) AMD Radeon AI PRO R9700 (RADV GFX1201)
tick 3236000 alive   915950 genomes  190614 energy   198.7 births 16177163 deaths 16180272 (8200.1s) AMD Radeon AI PRO R9700 (RADV GFX1201)
tick 3237000 alive   918349 genomes  191215 energy   198.4 births 16235260 deaths 16232861 (8202.6s) AMD Radeon AI PRO R9700 (RADV GFX1201)
tick 3238000 alive   922933 genomes  191401 energy   198.7 births 16365497 deaths 16360913 (8205.1s) AMD Radeon AI PRO R9700 (RADV GFX1201)
tick 3239000 alive   920936 genomes  189247 energy   199.0 births 16313501 deaths 16315498 (8207.6s) AMD Radeon AI PRO R9700 (RADV GFX1201)
tick 3240000 alive   919184 genomes  192410 energy   199.3 births 16143673 deaths 16145425 (8210.2s) AMD Radeon AI PRO R9700 (RADV GFX1201)
tick 3241000 alive   914068 genomes  194859 energy   198.6 births 16096368 deaths 16101484 (8212.8s) AMD Radeon AI PRO R9700 (RADV GFX1201)
tick 3242000 alive   914284 genomes  196263 energy   198.3 births 16133787 deaths 16133571 (8215.3s) AMD Radeon AI PRO R9700 (RADV GFX1201)
tick 3243000 alive   915117 genomes  194699 energy   198.6 births 16203842 deaths 16203009 (8217.9s) AMD Radeon AI PRO R9700 (RADV GFX1201)
tick 3244000 alive   920209 genomes  192650 energy   198.5 births 16241280 deaths 16236188 (8220.5s) AMD Radeon AI PRO R9700 (RADV GFX1201)
tick 3245000 alive   918491 genomes  190582 energy   198.9 births 16244590 deaths 16246308 (8223.0s) AMD Radeon AI PRO R9700 (RADV GFX1201)
tick 3246000 alive   917383 genomes  192431 energy   199.4 births 16108682 deaths 16109790 (8225.6s) AMD Radeon AI PRO R9700 (RADV GFX1201)
tick 3247000 alive   917927 genomes  193620 energy   198.9 births 16085415 deaths 16084871 (8228.1s) AMD Radeon AI PRO R9700 (RADV GFX1201)
tick 3248000 alive   917528 genomes  193824 energy   199.3 births 16172566 deaths 16172965 (8230.7s) AMD Radeon AI PRO R9700 (RADV GFX1201)
tick 3249000 alive   915972 genomes  194555 energy   199.0 births 16087478 deaths 16089034 (8233.3s) AMD Radeon AI PRO R9700 (RADV GFX1201)
tick 3250000 alive   917045 genomes  193463 energy   199.2 births 16078197 deaths 16077124 (8235.8s) AMD Radeon AI PRO R9700 (RADV GFX1201)
tick 3251000 alive   919530 genomes  192423 energy   199.1 births 16110396 deaths 16107911 (8238.3s) AMD Radeon AI PRO R9700 (RADV GFX1201)
tick 3252000 alive   919826 genomes  190586 energy   198.9 births 16167107 deaths 16166811 (8241.2s) AMD Radeon AI PRO R9700 (RADV GFX1201)
tick 3253000 alive   918149 genomes  191143 energy   199.0 births 16191444 deaths 16193121 (8243.9s) AMD Radeon AI PRO R9700 (RADV GFX1201)
tick 3254000 alive   919018 genomes  191225 energy   199.1 births 16123478 deaths 16122609 (8246.5s) AMD Radeon AI PRO R9700 (RADV GFX1201)
tick 3255000 alive   921511 genomes  190770 energy   198.8 births 16271833 deaths 16269340 (8249.1s) AMD Radeon AI PRO R9700 (RADV GFX1201)
tick 3256000 alive   919238 genomes  189618 energy   198.7 births 16186658 deaths 16188931 (8251.6s) AMD Radeon AI PRO R9700 (RADV GFX1201)
tick 3257000 alive   918458 genomes  189913 energy   198.9 births 16184070 deaths 16184850 (8254.2s) AMD Radeon AI PRO R9700 (RADV GFX1201)
tick 3258000 alive   920732 genomes  191038 energy   198.8 births 16230230 deaths 16227956 (8256.7s) AMD Radeon AI PRO R9700 (RADV GFX1201)
tick 3259000 alive   916491 genomes  190990 energy   198.9 births 16199187 deaths 16203428 (8259.2s) AMD Radeon AI PRO R9700 (RADV GFX1201)
tick 3260000 alive   917422 genomes  192023 energy   199.2 births 16130597 deaths 16129666 (8261.7s) AMD Radeon AI PRO R9700 (RADV GFX1201)
tick 3261000 alive   915274 genomes  191479 energy   198.7 births 16124036 deaths 16126184 (8264.2s) AMD Radeon AI PRO R9700 (RADV GFX1201)
tick 3262000 alive   920606 genomes  190138 energy   198.6 births 16255867 deaths 16250535 (8266.7s) AMD Radeon AI PRO R9700 (RADV GFX1201)
tick 3263000 alive   922455 genomes  189646 energy   198.5 births 16327486 deaths 16325637 (8269.2s) AMD Radeon AI PRO R9700 (RADV GFX1201)
tick 3264000 alive   918494 genomes  189040 energy   198.6 births 16276536 deaths 16280497 (8271.7s) AMD Radeon AI PRO R9700 (RADV GFX1201)
tick 3265000 alive   921969 genomes  187972 energy   198.3 births 16350929 deaths 16347454 (8274.2s) AMD Radeon AI PRO R9700 (RADV GFX1201)
tick 3266000 alive   922492 genomes  187070 energy   198.7 births 16356901 deaths 16356378 (8276.7s) AMD Radeon AI PRO R9700 (RADV GFX1201)
tick 3267000 alive   922607 genomes  189040 energy   198.4 births 16304806 deaths 16304691 (8279.2s) AMD Radeon AI PRO R9700 (RADV GFX1201)
tick 3268000 alive   920669 genomes  188824 energy   198.8 births 16317373 deaths 16319311 (8281.7s) AMD Radeon AI PRO R9700 (RADV GFX1201)
tick 3269000 alive   921782 genomes  188945 energy   198.6 births 16323907 deaths 16322794 (8284.2s) AMD Radeon AI PRO R9700 (RADV GFX1201)
tick 3270000 alive   923774 genomes  186873 energy   198.5 births 16346245 deaths 16344253 (8286.7s) AMD Radeon AI PRO R9700 (RADV GFX1201)
tick 3271000 alive   930642 genomes  186575 energy   198.5 births 16457927 deaths 16451059 (8289.2s) AMD Radeon AI PRO R9700 (RADV GFX1201)
tick 3272000 alive   926744 genomes  187285 energy   198.7 births 16507439 deaths 16511337 (8291.7s) AMD Radeon AI PRO R9700 (RADV GFX1201)
tick 3273000 alive   923647 genomes  187334 energy   198.7 births 16334409 deaths 16337506 (8294.2s) AMD Radeon AI PRO R9700 (RADV GFX1201)
tick 3274000 alive   926199 genomes  187298 energy   198.9 births 16341060 deaths 16338508 (8296.7s) AMD Radeon AI PRO R9700 (RADV GFX1201)
tick 3275000 alive   926264 genomes  188147 energy   198.7 births 16346456 deaths 16346391 (8299.2s) AMD Radeon AI PRO R9700 (RADV GFX1201)
tick 3276000 alive   920257 genomes  188944 energy   199.2 births 16244571 deaths 16250578 (8301.9s) AMD Radeon AI PRO R9700 (RADV GFX1201)
tick 3277000 alive   922285 genomes  189623 energy   198.6 births 16234702 deaths 16232674 (8304.4s) AMD Radeon AI PRO R9700 (RADV GFX1201)
tick 3278000 alive   924131 genomes  185831 energy   199.0 births 16365031 deaths 16363185 (8306.9s) AMD Radeon AI PRO R9700 (RADV GFX1201)
tick 3279000 alive   924499 genomes  184918 energy   198.9 births 16284442 deaths 16284074 (8309.4s) AMD Radeon AI PRO R9700 (RADV GFX1201)
tick 3280000 alive   923022 genomes  186033 energy   199.3 births 16276953 deaths 16278430 (8311.9s) AMD Radeon AI PRO R9700 (RADV GFX1201)
tick 3281000 alive   917852 genomes  188131 energy   199.1 births 16094934 deaths 16100104 (8314.4s) AMD Radeon AI PRO R9700 (RADV GFX1201)
tick 3282000 alive   919277 genomes  188129 energy   198.8 births 16154826 deaths 16153401 (8316.9s) AMD Radeon AI PRO R9700 (RADV GFX1201)
tick 3283000 alive   919107 genomes  188235 energy   199.1 births 16207168 deaths 16207338 (8319.5s) AMD Radeon AI PRO R9700 (RADV GFX1201)
tick 3284000 alive   921716 genomes  187916 energy   198.7 births 16246013 deaths 16243404 (8322.0s) AMD Radeon AI PRO R9700 (RADV GFX1201)
tick 3285000 alive   919681 genomes  188073 energy   199.1 births 16223605 deaths 16225640 (8324.4s) AMD Radeon AI PRO R9700 (RADV GFX1201)
tick 3286000 alive   921341 genomes  187306 energy   199.1 births 16178390 deaths 16176730 (8327.0s) AMD Radeon AI PRO R9700 (RADV GFX1201)
tick 3287000 alive   927433 genomes  186987 energy   198.9 births 16311133 deaths 16305041 (8329.5s) AMD Radeon AI PRO R9700 (RADV GFX1201)
tick 3288000 alive   923422 genomes  188086 energy   199.4 births 16247200 deaths 16251211 (8332.0s) AMD Radeon AI PRO R9700 (RADV GFX1201)
tick 3289000 alive   917906 genomes  190593 energy   199.1 births 16124205 deaths 16129721 (8334.5s) AMD Radeon AI PRO R9700 (RADV GFX1201)
tick 3290000 alive   912993 genomes  190293 energy   199.2 births 16015812 deaths 16020725 (8337.0s) AMD Radeon AI PRO R9700 (RADV GFX1201)
tick 3291000 alive   916094 genomes  190797 energy   199.1 births 16032372 deaths 16029271 (8339.6s) AMD Radeon AI PRO R9700 (RADV GFX1201)
tick 3292000 alive   920378 genomes  190621 energy   198.5 births 16165937 deaths 16161653 (8342.1s) AMD Radeon AI PRO R9700 (RADV GFX1201)
tick 3293000 alive   918477 genomes  189459 energy   199.1 births 16250014 deaths 16251915 (8344.6s) AMD Radeon AI PRO R9700 (RADV GFX1201)
tick 3294000 alive   920896 genomes  188661 energy   198.6 births 16204152 deaths 16201733 (8347.1s) AMD Radeon AI PRO R9700 (RADV GFX1201)
tick 3295000 alive   925388 genomes  187409 energy   198.9 births 16290893 deaths 16286401 (8349.6s) AMD Radeon AI PRO R9700 (RADV GFX1201)
tick 3296000 alive   924364 genomes  187281 energy   198.8 births 16352748 deaths 16353772 (8352.0s) AMD Radeon AI PRO R9700 (RADV GFX1201)
tick 3297000 alive   926031 genomes  186588 energy   198.5 births 16410476 deaths 16408809 (8354.5s) AMD Radeon AI PRO R9700 (RADV GFX1201)
tick 3298000 alive   928719 genomes  186485 energy   198.4 births 16406800 deaths 16404112 (8357.0s) AMD Radeon AI PRO R9700 (RADV GFX1201)
tick 3299000 alive   922946 genomes  187270 energy   198.6 births 16370736 deaths 16376509 (8359.5s) AMD Radeon AI PRO R9700 (RADV GFX1201)
tick 3300000 alive   920657 genomes  188171 energy   198.6 births 16293439 deaths 16295728 (8362.0s) AMD Radeon AI PRO R9700 (RADV GFX1201)
tick 3301000 alive   921325 genomes  189004 energy   198.5 births 16303934 deaths 16303266 (8364.5s) AMD Radeon AI PRO R9700 (RADV GFX1201)
tick 3302000 alive   920179 genomes  188826 energy   198.9 births 16342151 deaths 16343297 (8367.0s) AMD Radeon AI PRO R9700 (RADV GFX1201)
tick 3303000 alive   916551 genomes  188210 energy   199.4 births 16164128 deaths 16167756 (8369.5s) AMD Radeon AI PRO R9700 (RADV GFX1201)
tick 3304000 alive   916543 genomes  189399 energy   198.8 births 16039048 deaths 16039056 (8372.0s) AMD Radeon AI PRO R9700 (RADV GFX1201)
tick 3305000 alive   921073 genomes  188591 energy   198.9 births 16260714 deaths 16256184 (8374.5s) AMD Radeon AI PRO R9700 (RADV GFX1201)
tick 3306000 alive   921690 genomes  187392 energy   198.9 births 16264610 deaths 16263993 (8377.0s) AMD Radeon AI PRO R9700 (RADV GFX1201)
tick 3307000 alive   920265 genomes  187403 energy   198.8 births 16219460 deaths 16220885 (8379.8s) AMD Radeon AI PRO R9700 (RADV GFX1201)
tick 3308000 alive   919419 genomes  185405 energy   199.6 births 16161241 deaths 16162087 (8382.3s) AMD Radeon AI PRO R9700 (RADV GFX1201)
tick 3309000 alive   921036 genomes  185697 energy   199.3 births 16073733 deaths 16072116 (8384.9s) AMD Radeon AI PRO R9700 (RADV GFX1201)
tick 3310000 alive   924157 genomes  186096 energy   199.4 births 16200018 deaths 16196897 (8387.6s) AMD Radeon AI PRO R9700 (RADV GFX1201)
tick 3311000 alive   923531 genomes  187217 energy   199.6 births 16166934 deaths 16167560 (8390.1s) AMD Radeon AI PRO R9700 (RADV GFX1201)
tick 3312000 alive   921038 genomes  188483 energy   199.6 births 16034296 deaths 16036789 (8392.6s) AMD Radeon AI PRO R9700 (RADV GFX1201)
tick 3313000 alive   919503 genomes  190444 energy   199.6 births 16012470 deaths 16014005 (8395.2s) AMD Radeon AI PRO R9700 (RADV GFX1201)
tick 3314000 alive   910915 genomes  191648 energy   199.6 births 15937931 deaths 15946519 (8397.7s) AMD Radeon AI PRO R9700 (RADV GFX1201)
tick 3315000 alive   918143 genomes  192892 energy   198.5 births 16067154 deaths 16059926 (8400.4s) AMD Radeon AI PRO R9700 (RADV GFX1201)
tick 3316000 alive   918158 genomes  192521 energy   198.3 births 16266030 deaths 16266015 (8403.2s) AMD Radeon AI PRO R9700 (RADV GFX1201)
tick 3317000 alive   922089 genomes  190657 energy   198.1 births 16429206 deaths 16425275 (8405.7s) AMD Radeon AI PRO R9700 (RADV GFX1201)
tick 3318000 alive   924200 genomes  189852 energy   198.5 births 16359302 deaths 16357191 (8408.2s) AMD Radeon AI PRO R9700 (RADV GFX1201)
tick 3319000 alive   919764 genomes  189494 energy   198.8 births 16335329 deaths 16339765 (8410.7s) AMD Radeon AI PRO R9700 (RADV GFX1201)
tick 3320000 alive   920400 genomes  189255 energy   198.6 births 16305694 deaths 16305058 (8413.2s) AMD Radeon AI PRO R9700 (RADV GFX1201)
tick 3321000 alive   924155 genomes  187502 energy   198.8 births 16404063 deaths 16400308 (8415.7s) AMD Radeon AI PRO R9700 (RADV GFX1201)
tick 3322000 alive   929619 genomes  184837 energy   198.9 births 16412548 deaths 16407084 (8418.2s) AMD Radeon AI PRO R9700 (RADV GFX1201)
tick 3323000 alive   925523 genomes  182889 energy   199.1 births 16315822 deaths 16319918 (8420.7s) AMD Radeon AI PRO R9700 (RADV GFX1201)
tick 3324000 alive   923466 genomes  183829 energy   199.8 births 16187970 deaths 16190027 (8423.2s) AMD Radeon AI PRO R9700 (RADV GFX1201)
tick 3325000 alive   924473 genomes  185963 energy   199.3 births 16169257 deaths 16168250 (8425.8s) AMD Radeon AI PRO R9700 (RADV GFX1201)
tick 3326000 alive   920544 genomes  184910 energy   199.3 births 16153380 deaths 16157309 (8428.3s) AMD Radeon AI PRO R9700 (RADV GFX1201)
tick 3327000 alive   923323 genomes  184671 energy   198.8 births 16228030 deaths 16225251 (8430.8s) AMD Radeon AI PRO R9700 (RADV GFX1201)
tick 3328000 alive   927396 genomes  183785 energy   198.8 births 16366061 deaths 16361988 (8433.4s) AMD Radeon AI PRO R9700 (RADV GFX1201)
tick 3329000 alive   926203 genomes  182258 energy   199.1 births 16362306 deaths 16363499 (8435.8s) AMD Radeon AI PRO R9700 (RADV GFX1201)
tick 3330000 alive   926708 genomes  182731 energy   199.2 births 16247050 deaths 16246545 (8438.3s) AMD Radeon AI PRO R9700 (RADV GFX1201)
tick 3331000 alive   923571 genomes  183725 energy   199.3 births 16230482 deaths 16233619 (8440.9s) AMD Radeon AI PRO R9700 (RADV GFX1201)
tick 3332000 alive   919880 genomes  186012 energy   199.1 births 16163509 deaths 16167200 (8443.3s) AMD Radeon AI PRO R9700 (RADV GFX1201)
tick 3333000 alive   915716 genomes  187066 energy   198.9 births 16112436 deaths 16116600 (8445.9s) AMD Radeon AI PRO R9700 (RADV GFX1201)
tick 3334000 alive   922443 genomes  186797 energy   198.9 births 16233977 deaths 16227250 (8448.4s) AMD Radeon AI PRO R9700 (RADV GFX1201)
tick 3335000 alive   921753 genomes  187905 energy   199.0 births 16265468 deaths 16266158 (8450.9s) AMD Radeon AI PRO R9700 (RADV GFX1201)
tick 3336000 alive   923755 genomes  188269 energy   198.6 births 16217076 deaths 16215074 (8453.5s) AMD Radeon AI PRO R9700 (RADV GFX1201)
tick 3337000 alive   922997 genomes  188685 energy   198.9 births 16336947 deaths 16337705 (8456.1s) AMD Radeon AI PRO R9700 (RADV GFX1201)
tick 3338000 alive   922227 genomes  186924 energy   198.7 births 16305494 deaths 16306264 (8458.7s) AMD Radeon AI PRO R9700 (RADV GFX1201)
tick 3339000 alive   919976 genomes  186429 energy   198.7 births 16270469 deaths 16272720 (8461.2s) AMD Radeon AI PRO R9700 (RADV GFX1201)
tick 3340000 alive   922884 genomes  187020 energy   197.9 births 16286880 deaths 16283972 (8463.7s) AMD Radeon AI PRO R9700 (RADV GFX1201)
tick 3341000 alive   924300 genomes  187117 energy   198.8 births 16392588 deaths 16391172 (8466.3s) AMD Radeon AI PRO R9700 (RADV GFX1201)
tick 3342000 alive   922456 genomes  185958 energy   198.8 births 16278441 deaths 16280285 (8468.7s) AMD Radeon AI PRO R9700 (RADV GFX1201)
tick 3343000 alive   920926 genomes  185146 energy   198.8 births 16243044 deaths 16244574 (8471.3s) AMD Radeon AI PRO R9700 (RADV GFX1201)
tick 3344000 alive   923991 genomes  185696 energy   198.6 births 16284294 deaths 16281229 (8473.8s) AMD Radeon AI PRO R9700 (RADV GFX1201)
tick 3345000 alive   921025 genomes  185840 energy   199.6 births 16290969 deaths 16293935 (8476.3s) AMD Radeon AI PRO R9700 (RADV GFX1201)
tick 3346000 alive   919431 genomes  189106 energy   199.6 births 16046453 deaths 16048047 (8478.8s) AMD Radeon AI PRO R9700 (RADV GFX1201)
tick 3347000 alive   920138 genomes  189087 energy   198.8 births 16146375 deaths 16145668 (8481.3s) AMD Radeon AI PRO R9700 (RADV GFX1201)
tick 3348000 alive   923457 genomes  186258 energy   199.1 births 16286130 deaths 16282811 (8483.8s) AMD Radeon AI PRO R9700 (RADV GFX1201)
tick 3349000 alive   921082 genomes  187544 energy   198.6 births 16322616 deaths 16324991 (8486.3s) AMD Radeon AI PRO R9700 (RADV GFX1201)
tick 3350000 alive   921297 genomes  189006 energy   199.1 births 16181479 deaths 16181264 (8489.1s) AMD Radeon AI PRO R9700 (RADV GFX1201)
tick 3351000 alive   919354 genomes  190938 energy   199.2 births 16152228 deaths 16154171 (8491.7s) AMD Radeon AI PRO R9700 (RADV GFX1201)
tick 3352000 alive   918194 genomes  191030 energy   198.5 births 16186233 deaths 16187393 (8494.1s) AMD Radeon AI PRO R9700 (RADV GFX1201)
tick 3353000 alive   921525 genomes  190292 energy   198.2 births 16289234 deaths 16285903 (8496.6s) AMD Radeon AI PRO R9700 (RADV GFX1201)
tick 3354000 alive   923740 genomes  190692 energy   198.5 births 16367488 deaths 16365273 (8499.2s) AMD Radeon AI PRO R9700 (RADV GFX1201)
tick 3355000 alive   921281 genomes  188436 energy   198.9 births 16325234 deaths 16327693 (8501.8s) AMD Radeon AI PRO R9700 (RADV GFX1201)
tick 3356000 alive   925634 genomes  189080 energy   198.5 births 16363002 deaths 16358649 (8504.3s) AMD Radeon AI PRO R9700 (RADV GFX1201)
tick 3357000 alive   925524 genomes  189437 energy   198.8 births 16405658 deaths 16405768 (8506.9s) AMD Radeon AI PRO R9700 (RADV GFX1201)
tick 3358000 alive   922247 genomes  189855 energy   198.6 births 16326194 deaths 16329471 (8509.4s) AMD Radeon AI PRO R9700 (RADV GFX1201)
tick 3359000 alive   922820 genomes  188945 energy   198.5 births 16420230 deaths 16419657 (8511.9s) AMD Radeon AI PRO R9700 (RADV GFX1201)
tick 3360000 alive   925276 genomes  188274 energy   198.5 births 16470722 deaths 16468266 (8514.4s) AMD Radeon AI PRO R9700 (RADV GFX1201)
tick 3361000 alive   926014 genomes  187215 energy   198.2 births 16523914 deaths 16523176 (8516.9s) AMD Radeon AI PRO R9700 (RADV GFX1201)
tick 3362000 alive   922785 genomes  185525 energy   198.9 births 16415705 deaths 16418934 (8519.4s) AMD Radeon AI PRO R9700 (RADV GFX1201)
tick 3363000 alive   923913 genomes  187884 energy   199.0 births 16272804 deaths 16271676 (8521.9s) AMD Radeon AI PRO R9700 (RADV GFX1201)
tick 3364000 alive   919561 genomes  189964 energy   198.8 births 16239878 deaths 16244230 (8524.4s) AMD Radeon AI PRO R9700 (RADV GFX1201)
tick 3365000 alive   916404 genomes  190566 energy   198.9 births 16152647 deaths 16155804 (8527.0s) AMD Radeon AI PRO R9700 (RADV GFX1201)
tick 3366000 alive   922169 genomes  190726 energy   198.6 births 16276103 deaths 16270338 (8529.6s) AMD Radeon AI PRO R9700 (RADV GFX1201)
tick 3367000 alive   923899 genomes  188695 energy   199.1 births 16282645 deaths 16280915 (8532.2s) AMD Radeon AI PRO R9700 (RADV GFX1201)
tick 3368000 alive   923098 genomes  186597 energy   199.2 births 16284642 deaths 16285443 (8534.7s) AMD Radeon AI PRO R9700 (RADV GFX1201)
tick 3369000 alive   925600 genomes  188178 energy   198.8 births 16346527 deaths 16344025 (8537.2s) AMD Radeon AI PRO R9700 (RADV GFX1201)
tick 3370000 alive   924340 genomes  188001 energy   198.7 births 16290963 deaths 16292223 (8539.7s) AMD Radeon AI PRO R9700 (RADV GFX1201)
tick 3371000 alive   921609 genomes  185377 energy   198.9 births 16283112 deaths 16285843 (8542.2s) AMD Radeon AI PRO R9700 (RADV GFX1201)
tick 3372000 alive   925047 genomes  185870 energy   199.0 births 16366545 deaths 16363107 (8544.7s) AMD Radeon AI PRO R9700 (RADV GFX1201)
tick 3373000 alive   920398 genomes  188219 energy   199.1 births 16210767 deaths 16215416 (8547.2s) AMD Radeon AI PRO R9700 (RADV GFX1201)
tick 3374000 alive   918393 genomes  188917 energy   198.7 births 16161623 deaths 16163628 (8549.7s) AMD Radeon AI PRO R9700 (RADV GFX1201)
tick 3375000 alive   918970 genomes  188520 energy   198.2 births 16253271 deaths 16252694 (8552.2s) AMD Radeon AI PRO R9700 (RADV GFX1201)
tick 3376000 alive   922800 genomes  187099 energy   198.5 births 16336494 deaths 16332664 (8554.7s) AMD Radeon AI PRO R9700 (RADV GFX1201)
tick 3377000 alive   922960 genomes  187322 energy   198.6 births 16356607 deaths 16356447 (8557.2s) AMD Radeon AI PRO R9700 (RADV GFX1201)
tick 3378000 alive   922230 genomes  187058 energy   198.1 births 16412286 deaths 16413016 (8559.7s) AMD Radeon AI PRO R9700 (RADV GFX1201)
tick 3379000 alive   919964 genomes  185622 energy   199.0 births 16332815 deaths 16335081 (8562.2s) AMD Radeon AI PRO R9700 (RADV GFX1201)
tick 3380000 alive   919284 genomes  185130 energy   198.5 births 16291352 deaths 16292032 (8564.7s) AMD Radeon AI PRO R9700 (RADV GFX1201)
tick 3381000 alive   920506 genomes  186379 energy   198.1 births 16301353 deaths 16300131 (8567.2s) AMD Radeon AI PRO R9700 (RADV GFX1201)
tick 3382000 alive   921619 genomes  185045 energy   198.3 births 16365722 deaths 16364609 (8569.7s) AMD Radeon AI PRO R9700 (RADV GFX1201)
tick 3383000 alive   924298 genomes  185775 energy   198.2 births 16379114 deaths 16376435 (8572.3s) AMD Radeon AI PRO R9700 (RADV GFX1201)
tick 3384000 alive   924235 genomes  185141 energy   198.6 births 16363784 deaths 16363847 (8575.0s) AMD Radeon AI PRO R9700 (RADV GFX1201)
tick 3385000 alive   926822 genomes  184872 energy   198.8 births 16398817 deaths 16396230 (8577.6s) AMD Radeon AI PRO R9700 (RADV GFX1201)
tick 3386000 alive   924878 genomes  185115 energy   198.8 births 16397794 deaths 16399738 (8580.2s) AMD Radeon AI PRO R9700 (RADV GFX1201)
tick 3387000 alive   922212 genomes  185922 energy   199.1 births 16279082 deaths 16281748 (8582.6s) AMD Radeon AI PRO R9700 (RADV GFX1201)
tick 3388000 alive   920155 genomes  188171 energy   199.3 births 16146721 deaths 16148778 (8585.1s) AMD Radeon AI PRO R9700 (RADV GFX1201)
tick 3389000 alive   919352 genomes  188938 energy   199.0 births 16167497 deaths 16168300 (8587.6s) AMD Radeon AI PRO R9700 (RADV GFX1201)
tick 3390000 alive   920049 genomes  188547 energy   199.0 births 16121370 deaths 16120673 (8590.1s) AMD Radeon AI PRO R9700 (RADV GFX1201)
tick 3391000 alive   922540 genomes  187052 energy   199.0 births 16250591 deaths 16248100 (8592.7s) AMD Radeon AI PRO R9700 (RADV GFX1201)
tick 3392000 alive   926580 genomes  185587 energy   199.3 births 16211605 deaths 16207565 (8595.3s) AMD Radeon AI PRO R9700 (RADV GFX1201)
tick 3393000 alive   922043 genomes  186676 energy   199.5 births 16130385 deaths 16134922 (8597.8s) AMD Radeon AI PRO R9700 (RADV GFX1201)
tick 3394000 alive   922699 genomes  186941 energy   199.1 births 16172917 deaths 16172261 (8600.3s) AMD Radeon AI PRO R9700 (RADV GFX1201)
tick 3395000 alive   920304 genomes  189029 energy   199.5 births 16182639 deaths 16185034 (8602.8s) AMD Radeon AI PRO R9700 (RADV GFX1201)
tick 3396000 alive   920827 genomes  189478 energy   199.4 births 16087213 deaths 16086690 (8605.3s) AMD Radeon AI PRO R9700 (RADV GFX1201)
tick 3397000 alive   917663 genomes  191291 energy   199.6 births 16049373 deaths 16052537 (8607.8s) AMD Radeon AI PRO R9700 (RADV GFX1201)
tick 3398000 alive   914845 genomes  192079 energy   199.2 births 16000652 deaths 16003470 (8610.3s) AMD Radeon AI PRO R9700 (RADV GFX1201)
tick 3399000 alive   920265 genomes  191226 energy   198.6 births 16208803 deaths 16203383 (8612.9s) AMD Radeon AI PRO R9700 (RADV GFX1201)
tick 3400000 alive   919116 genomes  191022 energy   198.8 births 16219286 deaths 16220435 (8615.5s) AMD Radeon AI PRO R9700 (RADV GFX1201)
tick 3401000 alive   920008 genomes  192010 energy   199.0 births 16196742 deaths 16195850 (8618.0s) AMD Radeon AI PRO R9700 (RADV GFX1201)
tick 3402000 alive   921965 genomes  191352 energy   198.5 births 16213209 deaths 16211252 (8620.5s) AMD Radeon AI PRO R9700 (RADV GFX1201)
tick 3403000 alive   921548 genomes  191225 energy   198.5 births 16240303 deaths 16240720 (8623.1s) AMD Radeon AI PRO R9700 (RADV GFX1201)
tick 3404000 alive   920229 genomes  193235 energy   198.7 births 16252498 deaths 16253817 (8625.6s) AMD Radeon AI PRO R9700 (RADV GFX1201)
tick 3405000 alive   918026 genomes  192047 energy   198.8 births 16239040 deaths 16241243 (8628.1s) AMD Radeon AI PRO R9700 (RADV GFX1201)
tick 3406000 alive   916475 genomes  192137 energy   198.6 births 16162712 deaths 16164263 (8630.6s) AMD Radeon AI PRO R9700 (RADV GFX1201)
tick 3407000 alive   923198 genomes  191023 energy   198.3 births 16288227 deaths 16281504 (8633.1s) AMD Radeon AI PRO R9700 (RADV GFX1201)
tick 3408000 alive   924800 genomes  189308 energy   199.0 births 16377244 deaths 16375642 (8635.5s) AMD Radeon AI PRO R9700 (RADV GFX1201)
tick 3409000 alive   920728 genomes  188653 energy   198.9 births 16263315 deaths 16267387 (8638.0s) AMD Radeon AI PRO R9700 (RADV GFX1201)
tick 3410000 alive   918043 genomes  189068 energy   199.0 births 16095135 deaths 16097820 (8640.5s) AMD Radeon AI PRO R9700 (RADV GFX1201)
tick 3411000 alive   919427 genomes  189795 energy   198.8 births 16141123 deaths 16139739 (8643.0s) AMD Radeon AI PRO R9700 (RADV GFX1201)
tick 3412000 alive   919728 genomes  189798 energy   199.1 births 16274225 deaths 16273924 (8645.5s) AMD Radeon AI PRO R9700 (RADV GFX1201)
tick 3413000 alive   918837 genomes  190277 energy   198.6 births 16274585 deaths 16275476 (8648.0s) AMD Radeon AI PRO R9700 (RADV GFX1201)
tick 3414000 alive   918685 genomes  189146 energy   198.8 births 16249817 deaths 16249969 (8650.5s) AMD Radeon AI PRO R9700 (RADV GFX1201)
tick 3415000 alive   918788 genomes  186339 energy   198.6 births 16300493 deaths 16300390 (8653.0s) AMD Radeon AI PRO R9700 (RADV GFX1201)
tick 3416000 alive   919598 genomes  184776 energy   198.8 births 16307469 deaths 16306659 (8655.5s) AMD Radeon AI PRO R9700 (RADV GFX1201)
tick 3417000 alive   921635 genomes  184813 energy   198.1 births 16386125 deaths 16384088 (8658.0s) AMD Radeon AI PRO R9700 (RADV GFX1201)
tick 3418000 alive   923449 genomes  185371 energy   198.8 births 16439641 deaths 16437827 (8660.5s) AMD Radeon AI PRO R9700 (RADV GFX1201)
tick 3419000 alive   920050 genomes  186085 energy   198.9 births 16306217 deaths 16309616 (8663.0s) AMD Radeon AI PRO R9700 (RADV GFX1201)
tick 3420000 alive   919053 genomes  188183 energy   199.0 births 16171876 deaths 16172873 (8665.5s) AMD Radeon AI PRO R9700 (RADV GFX1201)
tick 3421000 alive   919428 genomes  189335 energy   198.5 births 16231401 deaths 16231026 (8668.0s) AMD Radeon AI PRO R9700 (RADV GFX1201)
tick 3422000 alive   920302 genomes  188438 energy   198.6 births 16313178 deaths 16312304 (8670.5s) AMD Radeon AI PRO R9700 (RADV GFX1201)
tick 3423000 alive   921851 genomes  188359 energy   198.3 births 16351523 deaths 16349974 (8673.0s) AMD Radeon AI PRO R9700 (RADV GFX1201)
tick 3424000 alive   917473 genomes  188671 energy   199.0 births 16251220 deaths 16255598 (8675.5s) AMD Radeon AI PRO R9700 (RADV GFX1201)
tick 3425000 alive   915576 genomes  190547 energy   199.0 births 16163463 deaths 16165360 (8678.0s) AMD Radeon AI PRO R9700 (RADV GFX1201)
tick 3426000 alive   913804 genomes  193387 energy   198.8 births 16097867 deaths 16099639 (8680.5s) AMD Radeon AI PRO R9700 (RADV GFX1201)
tick 3427000 alive   912166 genomes  192691 energy   198.7 births 16041106 deaths 16042744 (8683.0s) AMD Radeon AI PRO R9700 (RADV GFX1201)
tick 3428000 alive   913513 genomes  193646 energy   198.6 births 16110732 deaths 16109385 (8685.6s) AMD Radeon AI PRO R9700 (RADV GFX1201)
tick 3429000 alive   915807 genomes  192111 energy   198.1 births 16204696 deaths 16202402 (8688.1s) AMD Radeon AI PRO R9700 (RADV GFX1201)
tick 3430000 alive   919459 genomes  190662 energy   197.7 births 16404845 deaths 16401193 (8690.7s) AMD Radeon AI PRO R9700 (RADV GFX1201)
tick 3431000 alive   918590 genomes  189382 energy   198.4 births 16394775 deaths 16395644 (8693.2s) AMD Radeon AI PRO R9700 (RADV GFX1201)
tick 3432000 alive   917898 genomes  188549 energy   198.6 births 16307165 deaths 16307857 (8695.8s) AMD Radeon AI PRO R9700 (RADV GFX1201)
tick 3433000 alive   918502 genomes  188693 energy   199.2 births 16234752 deaths 16234148 (8698.3s) AMD Radeon AI PRO R9700 (RADV GFX1201)
tick 3434000 alive   920591 genomes  188015 energy   198.6 births 16203311 deaths 16201222 (8700.9s) AMD Radeon AI PRO R9700 (RADV GFX1201)
tick 3435000 alive   922807 genomes  187187 energy   198.3 births 16310170 deaths 16307954 (8703.4s) AMD Radeon AI PRO R9700 (RADV GFX1201)
tick 3436000 alive   924338 genomes  187048 energy   199.0 births 16350283 deaths 16348752 (8706.0s) AMD Radeon AI PRO R9700 (RADV GFX1201)
tick 3437000 alive   920748 genomes  187770 energy   199.2 births 16242653 deaths 16246243 (8708.5s) AMD Radeon AI PRO R9700 (RADV GFX1201)
tick 3438000 alive   924899 genomes  186128 energy   198.7 births 16318846 deaths 16314695 (8711.1s) AMD Radeon AI PRO R9700 (RADV GFX1201)
tick 3439000 alive   923547 genomes  186708 energy   198.8 births 16365850 deaths 16367202 (8713.6s) AMD Radeon AI PRO R9700 (RADV GFX1201)
tick 3440000 alive   920452 genomes  186573 energy   199.0 births 16291706 deaths 16294801 (8716.5s) AMD Radeon AI PRO R9700 (RADV GFX1201)
tick 3441000 alive   922478 genomes  186596 energy   199.3 births 16169559 deaths 16167533 (8719.0s) AMD Radeon AI PRO R9700 (RADV GFX1201)
tick 3442000 alive   923889 genomes  186570 energy   199.1 births 16256914 deaths 16255503 (8721.4s) AMD Radeon AI PRO R9700 (RADV GFX1201)
tick 3443000 alive   923996 genomes  185918 energy   199.1 births 16301644 deaths 16301537 (8724.0s) AMD Radeon AI PRO R9700 (RADV GFX1201)
tick 3444000 alive   922028 genomes  187002 energy   199.0 births 16265869 deaths 16267837 (8726.8s) AMD Radeon AI PRO R9700 (RADV GFX1201)
tick 3445000 alive   926392 genomes  186515 energy   198.4 births 16358356 deaths 16353992 (8729.6s) AMD Radeon AI PRO R9700 (RADV GFX1201)
tick 3446000 alive   927919 genomes  183279 energy   198.6 births 16442185 deaths 16440658 (8732.2s) AMD Radeon AI PRO R9700 (RADV GFX1201)
tick 3447000 alive   927310 genomes  183614 energy   199.2 births 16416668 deaths 16417277 (8734.8s) AMD Radeon AI PRO R9700 (RADV GFX1201)
tick 3448000 alive   923368 genomes  185274 energy   199.1 births 16209194 deaths 16213136 (8737.3s) AMD Radeon AI PRO R9700 (RADV GFX1201)
tick 3449000 alive   923701 genomes  185595 energy   199.5 births 16247496 deaths 16247163 (8739.7s) AMD Radeon AI PRO R9700 (RADV GFX1201)
tick 3450000 alive   921909 genomes  187238 energy   199.1 births 16184675 deaths 16186467 (8742.3s) AMD Radeon AI PRO R9700 (RADV GFX1201)
tick 3451000 alive   922342 genomes  186286 energy   199.1 births 16182794 deaths 16182361 (8744.9s) AMD Radeon AI PRO R9700 (RADV GFX1201)
tick 3452000 alive   925759 genomes  185512 energy   198.6 births 16327239 deaths 16323822 (8747.4s) AMD Radeon AI PRO R9700 (RADV GFX1201)
tick 3453000 alive   925617 genomes  183023 energy   199.0 births 16402104 deaths 16402246 (8750.0s) AMD Radeon AI PRO R9700 (RADV GFX1201)
tick 3454000 alive   927289 genomes  183483 energy   198.8 births 16367186 deaths 16365514 (8752.5s) AMD Radeon AI PRO R9700 (RADV GFX1201)
tick 3455000 alive   927252 genomes  186397 energy   198.5 births 16359912 deaths 16359949 (8755.0s) AMD Radeon AI PRO R9700 (RADV GFX1201)
tick 3456000 alive   925762 genomes  184829 energy   198.3 births 16405276 deaths 16406766 (8757.5s) AMD Radeon AI PRO R9700 (RADV GFX1201)
tick 3457000 alive   927492 genomes  183502 energy   198.7 births 16486321 deaths 16484591 (8760.0s) AMD Radeon AI PRO R9700 (RADV GFX1201)
tick 3458000 alive   926045 genomes  181266 energy   199.1 births 16369430 deaths 16370877 (8762.5s) AMD Radeon AI PRO R9700 (RADV GFX1201)
tick 3459000 alive   930468 genomes  181469 energy   199.4 births 16463268 deaths 16458845 (8765.0s) AMD Radeon AI PRO R9700 (RADV GFX1201)
tick 3460000 alive   928396 genomes  182434 energy   199.3 births 16376079 deaths 16378151 (8767.6s) AMD Radeon AI PRO R9700 (RADV GFX1201)
tick 3461000 alive   925054 genomes  183937 energy   199.5 births 16243436 deaths 16246778 (8770.1s) AMD Radeon AI PRO R9700 (RADV GFX1201)
tick 3462000 alive   918482 genomes  185896 energy   199.1 births 16158997 deaths 16165569 (8772.7s) AMD Radeon AI PRO R9700 (RADV GFX1201)
tick 3463000 alive   921882 genomes  187279 energy   198.1 births 16278831 deaths 16275431 (8775.2s) AMD Radeon AI PRO R9700 (RADV GFX1201)
tick 3464000 alive   924621 genomes  186115 energy   199.2 births 16426914 deaths 16424175 (8777.7s) AMD Radeon AI PRO R9700 (RADV GFX1201)
tick 3465000 alive   922080 genomes  186101 energy   198.7 births 16315155 deaths 16317696 (8780.2s) AMD Radeon AI PRO R9700 (RADV GFX1201)
tick 3466000 alive   925541 genomes  184865 energy   198.7 births 16369215 deaths 16365754 (8782.7s) AMD Radeon AI PRO R9700 (RADV GFX1201)
tick 3467000 alive   927719 genomes  184839 energy   199.0 births 16413184 deaths 16411006 (8785.3s) AMD Radeon AI PRO R9700 (RADV GFX1201)
tick 3468000 alive   929337 genomes  185565 energy   198.9 births 16398691 deaths 16397073 (8787.8s) AMD Radeon AI PRO R9700 (RADV GFX1201)
tick 3469000 alive   927117 genomes  184732 energy   199.0 births 16387583 deaths 16389803 (8790.3s) AMD Radeon AI PRO R9700 (RADV GFX1201)
tick 3470000 alive   923513 genomes  185071 energy   199.0 births 16296700 deaths 16300304 (8792.8s) AMD Radeon AI PRO R9700 (RADV GFX1201)
tick 3471000 alive   925009 genomes  184219 energy   199.5 births 16264704 deaths 16263208 (8795.3s) AMD Radeon AI PRO R9700 (RADV GFX1201)
tick 3472000 alive   924175 genomes  183425 energy   199.3 births 16271579 deaths 16272413 (8797.8s) AMD Radeon AI PRO R9700 (RADV GFX1201)
tick 3473000 alive   923483 genomes  184087 energy   198.7 births 16300409 deaths 16301101 (8800.5s) AMD Radeon AI PRO R9700 (RADV GFX1201)
tick 3474000 alive   923343 genomes  186020 energy   198.6 births 16322644 deaths 16322784 (8803.2s) AMD Radeon AI PRO R9700 (RADV GFX1201)
tick 3475000 alive   919280 genomes  186522 energy   199.0 births 16288416 deaths 16292479 (8805.8s) AMD Radeon AI PRO R9700 (RADV GFX1201)
tick 3476000 alive   921631 genomes  186225 energy   198.7 births 16249368 deaths 16247017 (8808.4s) AMD Radeon AI PRO R9700 (RADV GFX1201)
tick 3477000 alive   923031 genomes  185993 energy   198.6 births 16298127 deaths 16296727 (8811.0s) AMD Radeon AI PRO R9700 (RADV GFX1201)
tick 3478000 alive   921536 genomes  185235 energy   199.0 births 16298182 deaths 16299677 (8813.6s) AMD Radeon AI PRO R9700 (RADV GFX1201)
tick 3479000 alive   924775 genomes  186308 energy   198.6 births 16344427 deaths 16341188 (8816.2s) AMD Radeon AI PRO R9700 (RADV GFX1201)
tick 3480000 alive   923282 genomes  186758 energy   198.8 births 16290734 deaths 16292227 (8818.7s) AMD Radeon AI PRO R9700 (RADV GFX1201)
tick 3481000 alive   924979 genomes  186528 energy   198.9 births 16309570 deaths 16307873 (8821.1s) AMD Radeon AI PRO R9700 (RADV GFX1201)
tick 3482000 alive   922869 genomes  187072 energy   198.9 births 16228669 deaths 16230779 (8823.6s) AMD Radeon AI PRO R9700 (RADV GFX1201)
tick 3483000 alive   923973 genomes  188353 energy   198.6 births 16312649 deaths 16311545 (8826.1s) AMD Radeon AI PRO R9700 (RADV GFX1201)
tick 3484000 alive   925351 genomes  185870 energy   198.3 births 16412199 deaths 16410821 (8828.6s) AMD Radeon AI PRO R9700 (RADV GFX1201)
tick 3485000 alive   929238 genomes  185254 energy   198.8 births 16494127 deaths 16490240 (8831.1s) AMD Radeon AI PRO R9700 (RADV GFX1201)
tick 3486000 alive   924913 genomes  184268 energy   199.0 births 16300737 deaths 16305062 (8833.7s) AMD Radeon AI PRO R9700 (RADV GFX1201)
tick 3487000 alive   923062 genomes  186189 energy   199.5 births 16220143 deaths 16221994 (8836.4s) AMD Radeon AI PRO R9700 (RADV GFX1201)
tick 3488000 alive   921144 genomes  187686 energy   199.0 births 16253610 deaths 16255528 (8839.0s) AMD Radeon AI PRO R9700 (RADV GFX1201)
tick 3489000 alive   922067 genomes  186370 energy   198.9 births 16269716 deaths 16268793 (8841.6s) AMD Radeon AI PRO R9700 (RADV GFX1201)
tick 3490000 alive   929095 genomes  184438 energy   198.4 births 16442457 deaths 16435429 (8844.1s) AMD Radeon AI PRO R9700 (RADV GFX1201)
tick 3491000 alive   928320 genomes  183036 energy   199.0 births 16421102 deaths 16421877 (8846.7s) AMD Radeon AI PRO R9700 (RADV GFX1201)
tick 3492000 alive   930193 genomes  182840 energy   199.7 births 16294071 deaths 16292198 (8849.2s) AMD Radeon AI PRO R9700 (RADV GFX1201)
tick 3493000 alive   932039 genomes  183554 energy   199.3 births 16339394 deaths 16337548 (8851.7s) AMD Radeon AI PRO R9700 (RADV GFX1201)
tick 3494000 alive   923053 genomes  182593 energy   199.0 births 16244555 deaths 16253541 (8854.2s) AMD Radeon AI PRO R9700 (RADV GFX1201)
tick 3495000 alive   923488 genomes  185283 energy   199.4 births 16154371 deaths 16153936 (8856.7s) AMD Radeon AI PRO R9700 (RADV GFX1201)
tick 3496000 alive   927012 genomes  185507 energy   199.2 births 16218961 deaths 16215437 (8859.3s) AMD Radeon AI PRO R9700 (RADV GFX1201)
tick 3497000 alive   926233 genomes  184304 energy   199.3 births 16340427 deaths 16341206 (8861.8s) AMD Radeon AI PRO R9700 (RADV GFX1201)
tick 3498000 alive   926174 genomes  184778 energy   199.3 births 16292350 deaths 16292409 (8864.2s) AMD Radeon AI PRO R9700 (RADV GFX1201)
tick 3499000 alive   923621 genomes  184267 energy   199.5 births 16274788 deaths 16277341 (8866.7s) AMD Radeon AI PRO R9700 (RADV GFX1201)
tick 3500000 alive   919347 genomes  186867 energy   199.5 births 16120292 deaths 16124566 (8869.3s) AMD Radeon AI PRO R9700 (RADV GFX1201)
tick 3501000 alive   920382 genomes  188309 energy   199.0 births 16119912 deaths 16118877 (8871.9s) AMD Radeon AI PRO R9700 (RADV GFX1201)
tick 3502000 alive   927065 genomes  186958 energy   199.2 births 16302643 deaths 16295960 (8874.4s) AMD Radeon AI PRO R9700 (RADV GFX1201)
tick 3503000 alive   926684 genomes  186281 energy   198.9 births 16346921 deaths 16347302 (8876.9s) AMD Radeon AI PRO R9700 (RADV GFX1201)
tick 3504000 alive   926620 genomes  185956 energy   199.4 births 16280386 deaths 16280450 (8879.3s) AMD Radeon AI PRO R9700 (RADV GFX1201)
tick 3505000 alive   923643 genomes  188715 energy   198.9 births 16200471 deaths 16203448 (8881.8s) AMD Radeon AI PRO R9700 (RADV GFX1201)
tick 3506000 alive   920488 genomes  189567 energy   199.1 births 16271952 deaths 16275107 (8884.3s) AMD Radeon AI PRO R9700 (RADV GFX1201)
tick 3507000 alive   919432 genomes  188734 energy   199.0 births 16144318 deaths 16145374 (8886.9s) AMD Radeon AI PRO R9700 (RADV GFX1201)
tick 3508000 alive   920938 genomes  188062 energy   199.2 births 16250233 deaths 16248727 (8889.5s) AMD Radeon AI PRO R9700 (RADV GFX1201)
tick 3509000 alive   920488 genomes  188122 energy   199.3 births 16148831 deaths 16149281 (8892.0s) AMD Radeon AI PRO R9700 (RADV GFX1201)
tick 3510000 alive   925447 genomes  185810 energy   199.1 births 16264277 deaths 16259318 (8894.6s) AMD Radeon AI PRO R9700 (RADV GFX1201)
tick 3511000 alive   928200 genomes  185749 energy   199.0 births 16253435 deaths 16250682 (8897.1s) AMD Radeon AI PRO R9700 (RADV GFX1201)
tick 3512000 alive   926854 genomes  186046 energy   199.4 births 16242639 deaths 16243985 (8899.7s) AMD Radeon AI PRO R9700 (RADV GFX1201)
tick 3513000 alive   923349 genomes  186701 energy   199.7 births 16093896 deaths 16097401 (8902.3s) AMD Radeon AI PRO R9700 (RADV GFX1201)
tick 3514000 alive   924131 genomes  189757 energy   199.4 births 16074128 deaths 16073346 (8904.8s) AMD Radeon AI PRO R9700 (RADV GFX1201)
tick 3515000 alive   921671 genomes  189338 energy   199.7 births 16133022 deaths 16135482 (8907.4s) AMD Radeon AI PRO R9700 (RADV GFX1201)
tick 3516000 alive   920507 genomes  190250 energy   199.8 births 16024922 deaths 16026086 (8910.0s) AMD Radeon AI PRO R9700 (RADV GFX1201)
tick 3517000 alive   918361 genomes  189922 energy   200.1 births 15934754 deaths 15936900 (8912.6s) AMD Radeon AI PRO R9700 (RADV GFX1201)
tick 3518000 alive   920724 genomes  192741 energy   199.7 births 15958856 deaths 15956493 (8915.3s) AMD Radeon AI PRO R9700 (RADV GFX1201)
tick 3519000 alive   916527 genomes  193322 energy   199.8 births 15992354 deaths 15996551 (8917.8s) AMD Radeon AI PRO R9700 (RADV GFX1201)
tick 3520000 alive   917531 genomes  193501 energy   199.4 births 15944118 deaths 15943114 (8920.3s) AMD Radeon AI PRO R9700 (RADV GFX1201)
tick 3521000 alive   923143 genomes  193067 energy   199.2 births 16111841 deaths 16106229 (8922.9s) AMD Radeon AI PRO R9700 (RADV GFX1201)
tick 3522000 alive   922280 genomes  190436 energy   198.9 births 16210018 deaths 16210881 (8925.4s) AMD Radeon AI PRO R9700 (RADV GFX1201)
tick 3523000 alive   924615 genomes  189248 energy   199.1 births 16197747 deaths 16195412 (8927.9s) AMD Radeon AI PRO R9700 (RADV GFX1201)
tick 3524000 alive   926251 genomes  187573 energy   198.8 births 16277651 deaths 16276015 (8930.4s) AMD Radeon AI PRO R9700 (RADV GFX1201)
tick 3525000 alive   924668 genomes  185239 energy   199.7 births 16235590 deaths 16237173 (8932.9s) AMD Radeon AI PRO R9700 (RADV GFX1201)
tick 3526000 alive   923227 genomes  187228 energy   199.2 births 16111254 deaths 16112695 (8935.5s) AMD Radeon AI PRO R9700 (RADV GFX1201)
tick 3527000 alive   919090 genomes  186499 energy   199.1 births 16120965 deaths 16125102 (8938.0s) AMD Radeon AI PRO R9700 (RADV GFX1201)
tick 3528000 alive   921281 genomes  186759 energy   199.1 births 16089388 deaths 16087197 (8940.5s) AMD Radeon AI PRO R9700 (RADV GFX1201)
tick 3529000 alive   922205 genomes  187179 energy   199.1 births 16223745 deaths 16222821 (8943.0s) AMD Radeon AI PRO R9700 (RADV GFX1201)
tick 3530000 alive   919794 genomes  186818 energy   199.4 births 16112200 deaths 16114611 (8945.8s) AMD Radeon AI PRO R9700 (RADV GFX1201)
tick 3531000 alive   914197 genomes  188557 energy   199.5 births 15961734 deaths 15967331 (8948.3s) AMD Radeon AI PRO R9700 (RADV GFX1201)
tick 3532000 alive   917379 genomes  187919 energy   199.4 births 15924327 deaths 15921145 (8950.9s) AMD Radeon AI PRO R9700 (RADV GFX1201)
tick 3533000 alive   919707 genomes  188370 energy   199.2 births 16046780 deaths 16044452 (8953.5s) AMD Radeon AI PRO R9700 (RADV GFX1201)
tick 3534000 alive   922516 genomes  190182 energy   199.1 births 16195440 deaths 16192631 (8956.0s) AMD Radeon AI PRO R9700 (RADV GFX1201)
tick 3535000 alive   921390 genomes  190352 energy   199.2 births 16145533 deaths 16146659 (8958.4s) AMD Radeon AI PRO R9700 (RADV GFX1201)
tick 3536000 alive   921409 genomes  189799 energy   198.7 births 16170678 deaths 16170659 (8961.0s) AMD Radeon AI PRO R9700 (RADV GFX1201)
tick 3537000 alive   922129 genomes  191263 energy   199.2 births 16252054 deaths 16251334 (8963.6s) AMD Radeon AI PRO R9700 (RADV GFX1201)
tick 3538000 alive   922782 genomes  188509 energy   199.7 births 16150166 deaths 16149513 (8966.1s) AMD Radeon AI PRO R9700 (RADV GFX1201)
tick 3539000 alive   925005 genomes  188805 energy   199.1 births 16207308 deaths 16205085 (8968.6s) AMD Radeon AI PRO R9700 (RADV GFX1201)
tick 3540000 alive   921087 genomes  189832 energy   199.5 births 16147878 deaths 16151796 (8971.3s) AMD Radeon AI PRO R9700 (RADV GFX1201)
tick 3541000 alive   920370 genomes  191131 energy   199.3 births 16072680 deaths 16073397 (8973.9s) AMD Radeon AI PRO R9700 (RADV GFX1201)
tick 3542000 alive   919460 genomes  190303 energy   199.1 births 16087626 deaths 16088536 (8976.4s) AMD Radeon AI PRO R9700 (RADV GFX1201)
tick 3543000 alive   920760 genomes  189013 energy   199.6 births 16117493 deaths 16116193 (8978.9s) AMD Radeon AI PRO R9700 (RADV GFX1201)
tick 3544000 alive   922853 genomes  187895 energy   199.5 births 16082556 deaths 16080463 (8981.4s) AMD Radeon AI PRO R9700 (RADV GFX1201)
tick 3545000 alive   918037 genomes  189222 energy   200.1 births 15951365 deaths 15956181 (8983.9s) AMD Radeon AI PRO R9700 (RADV GFX1201)
tick 3546000 alive   918736 genomes  190215 energy   199.4 births 15965928 deaths 15965229 (8986.5s) AMD Radeon AI PRO R9700 (RADV GFX1201)
tick 3547000 alive   923556 genomes  188777 energy   199.6 births 16159154 deaths 16154334 (8989.0s) AMD Radeon AI PRO R9700 (RADV GFX1201)
tick 3548000 alive   924803 genomes  187610 energy   199.5 births 16165684 deaths 16164437 (8991.5s) AMD Radeon AI PRO R9700 (RADV GFX1201)
tick 3549000 alive   926718 genomes  187465 energy   199.1 births 16273725 deaths 16271810 (8994.1s) AMD Radeon AI PRO R9700 (RADV GFX1201)
tick 3550000 alive   921170 genomes  186453 energy   199.5 births 16167196 deaths 16172744 (8996.6s) AMD Radeon AI PRO R9700 (RADV GFX1201)
tick 3551000 alive   923221 genomes  186814 energy   199.1 births 16162082 deaths 16160031 (8999.1s) AMD Radeon AI PRO R9700 (RADV GFX1201)
tick 3552000 alive   928888 genomes  184362 energy   198.9 births 16344980 deaths 16339313 (9001.5s) AMD Radeon AI PRO R9700 (RADV GFX1201)
tick 3553000 alive   928812 genomes  181856 energy   198.8 births 16400869 deaths 16400945 (9004.0s) AMD Radeon AI PRO R9700 (RADV GFX1201)
tick 3554000 alive   926351 genomes  180308 energy   198.8 births 16317628 deaths 16320089 (9006.6s) AMD Radeon AI PRO R9700 (RADV GFX1201)
tick 3555000 alive   929995 genomes  179993 energy   199.3 births 16336624 deaths 16332980 (9009.2s) AMD Radeon AI PRO R9700 (RADV GFX1201)
tick 3556000 alive   929927 genomes  180081 energy   199.6 births 16281900 deaths 16281968 (9011.8s) AMD Radeon AI PRO R9700 (RADV GFX1201)
tick 3557000 alive   929704 genomes  179159 energy   199.3 births 16279763 deaths 16279986 (9014.3s) AMD Radeon AI PRO R9700 (RADV GFX1201)
tick 3558000 alive   934047 genomes  179397 energy   199.7 births 16345299 deaths 16340956 (9016.8s) AMD Radeon AI PRO R9700 (RADV GFX1201)
tick 3559000 alive   926720 genomes  179759 energy   199.8 births 16248802 deaths 16256129 (9019.3s) AMD Radeon AI PRO R9700 (RADV GFX1201)
tick 3560000 alive   926866 genomes  181764 energy   199.7 births 16121645 deaths 16121499 (9021.8s) AMD Radeon AI PRO R9700 (RADV GFX1201)
tick 3561000 alive   924252 genomes  183682 energy   200.1 births 16087893 deaths 16090507 (9024.4s) AMD Radeon AI PRO R9700 (RADV GFX1201)
tick 3562000 alive   923175 genomes  186791 energy   199.5 births 16009565 deaths 16010642 (9026.9s) AMD Radeon AI PRO R9700 (RADV GFX1201)
tick 3563000 alive   925406 genomes  185663 energy   199.4 births 16107106 deaths 16104875 (9029.5s) AMD Radeon AI PRO R9700 (RADV GFX1201)
tick 3564000 alive   922297 genomes  185000 energy   199.7 births 16128592 deaths 16131701 (9032.0s) AMD Radeon AI PRO R9700 (RADV GFX1201)
tick 3565000 alive   923861 genomes  185535 energy   199.9 births 16072465 deaths 16070901 (9034.5s) AMD Radeon AI PRO R9700 (RADV GFX1201)
tick 3566000 alive   923257 genomes  185276 energy   199.2 births 16086849 deaths 16087453 (9037.0s) AMD Radeon AI PRO R9700 (RADV GFX1201)
tick 3567000 alive   925289 genomes  185341 energy   199.8 births 16088243 deaths 16086211 (9039.6s) AMD Radeon AI PRO R9700 (RADV GFX1201)
tick 3568000 alive   924981 genomes  185295 energy   200.1 births 16088330 deaths 16088638 (9042.1s) AMD Radeon AI PRO R9700 (RADV GFX1201)
tick 3569000 alive   921634 genomes  184879 energy   199.5 births 16141366 deaths 16144713 (9044.6s) AMD Radeon AI PRO R9700 (RADV GFX1201)
tick 3570000 alive   925928 genomes  184129 energy   199.2 births 16139818 deaths 16135524 (9047.2s) AMD Radeon AI PRO R9700 (RADV GFX1201)
tick 3571000 alive   925526 genomes  186390 energy   200.0 births 16119692 deaths 16120094 (9049.7s) AMD Radeon AI PRO R9700 (RADV GFX1201)
tick 3572000 alive   919771 genomes  187432 energy   200.4 births 15959136 deaths 15964891 (9052.2s) AMD Radeon AI PRO R9700 (RADV GFX1201)
tick 3573000 alive   923845 genomes  189161 energy   199.3 births 16035832 deaths 16031758 (9054.7s) AMD Radeon AI PRO R9700 (RADV GFX1201)
tick 3574000 alive   925842 genomes  186987 energy   199.4 births 16149408 deaths 16147411 (9057.3s) AMD Radeon AI PRO R9700 (RADV GFX1201)
tick 3575000 alive   925071 genomes  187286 energy   200.0 births 16091084 deaths 16091855 (9059.9s) AMD Radeon AI PRO R9700 (RADV GFX1201)
tick 3576000 alive   918516 genomes  189561 energy   199.9 births 15906989 deaths 15913544 (9062.4s) AMD Radeon AI PRO R9700 (RADV GFX1201)
tick 3577000 alive   921655 genomes  189095 energy   198.9 births 16072104 deaths 16068965 (9064.9s) AMD Radeon AI PRO R9700 (RADV GFX1201)
tick 3578000 alive   925958 genomes  186477 energy   199.4 births 16183464 deaths 16179161 (9067.5s) AMD Radeon AI PRO R9700 (RADV GFX1201)
tick 3579000 alive   927225 genomes  187402 energy   199.8 births 16124784 deaths 16123517 (9070.0s) AMD Radeon AI PRO R9700 (RADV GFX1201)
tick 3580000 alive   926447 genomes  186486 energy   199.6 births 16210771 deaths 16211549 (9072.6s) AMD Radeon AI PRO R9700 (RADV GFX1201)
tick 3581000 alive   930470 genomes  184387 energy   199.2 births 16246720 deaths 16242697 (9075.2s) AMD Radeon AI PRO R9700 (RADV GFX1201)
tick 3582000 alive   926183 genomes  184009 energy   200.0 births 16191362 deaths 16195649 (9077.7s) AMD Radeon AI PRO R9700 (RADV GFX1201)
tick 3583000 alive   922590 genomes  184824 energy   199.9 births 15986539 deaths 15990132 (9080.3s) AMD Radeon AI PRO R9700 (RADV GFX1201)
tick 3584000 alive   923489 genomes  186263 energy   199.8 births 15996207 deaths 15995308 (9082.8s) AMD Radeon AI PRO R9700 (RADV GFX1201)
tick 3585000 alive   918289 genomes  187212 energy   199.6 births 15983991 deaths 15989191 (9085.5s) AMD Radeon AI PRO R9700 (RADV GFX1201)
tick 3586000 alive   917488 genomes  187122 energy   199.3 births 15959792 deaths 15960593 (9087.9s) AMD Radeon AI PRO R9700 (RADV GFX1201)
tick 3587000 alive   923871 genomes  185347 energy   198.5 births 16140219 deaths 16133836 (9090.5s) AMD Radeon AI PRO R9700 (RADV GFX1201)
tick 3588000 alive   926174 genomes  183760 energy   199.4 births 16275774 deaths 16273471 (9093.0s) AMD Radeon AI PRO R9700 (RADV GFX1201)
tick 3589000 alive   925341 genomes  184934 energy   200.1 births 16133825 deaths 16134658 (9095.4s) AMD Radeon AI PRO R9700 (RADV GFX1201)
tick 3590000 alive   925658 genomes  186082 energy   199.6 births 16029899 deaths 16029582 (9098.0s) AMD Radeon AI PRO R9700 (RADV GFX1201)
tick 3591000 alive   925228 genomes  183593 energy   199.7 births 16034790 deaths 16035220 (9100.5s) AMD Radeon AI PRO R9700 (RADV GFX1201)
tick 3592000 alive   927034 genomes  183241 energy   200.0 births 16062771 deaths 16060965 (9103.1s) AMD Radeon AI PRO R9700 (RADV GFX1201)
tick 3593000 alive   926560 genomes  182360 energy   200.0 births 16073991 deaths 16074465 (9105.8s) AMD Radeon AI PRO R9700 (RADV GFX1201)
tick 3594000 alive   927188 genomes  182899 energy   200.0 births 16084433 deaths 16083805 (9108.4s) AMD Radeon AI PRO R9700 (RADV GFX1201)
tick 3595000 alive   924634 genomes  184249 energy   200.5 births 16014623 deaths 16017177 (9110.9s) AMD Radeon AI PRO R9700 (RADV GFX1201)
tick 3596000 alive   923381 genomes  185624 energy   200.0 births 15958199 deaths 15959452 (9113.5s) AMD Radeon AI PRO R9700 (RADV GFX1201)
tick 3597000 alive   923395 genomes  184484 energy   200.5 births 15981949 deaths 15981935 (9116.0s) AMD Radeon AI PRO R9700 (RADV GFX1201)
tick 3598000 alive   924925 genomes  185116 energy   199.7 births 15991823 deaths 15990293 (9118.6s) AMD Radeon AI PRO R9700 (RADV GFX1201)
tick 3599000 alive   927312 genomes  185776 energy   199.3 births 16107887 deaths 16105500 (9121.1s) AMD Radeon AI PRO R9700 (RADV GFX1201)
tick 3600000 alive   927121 genomes  187379 energy   199.6 births 16158190 deaths 16158381 (9123.6s) AMD Radeon AI PRO R9700 (RADV GFX1201)
tick 3601000 alive   922426 genomes  185366 energy   199.6 births 16090771 deaths 16095466 (9126.1s) AMD Radeon AI PRO R9700 (RADV GFX1201)
tick 3602000 alive   928031 genomes  184329 energy   199.8 births 16165999 deaths 16160394 (9128.7s) AMD Radeon AI PRO R9700 (RADV GFX1201)
tick 3603000 alive   927601 genomes  183686 energy   199.9 births 16191466 deaths 16191896 (9131.2s) AMD Radeon AI PRO R9700 (RADV GFX1201)
tick 3604000 alive   925335 genomes  184003 energy   199.8 births 16026655 deaths 16028921 (9134.1s) AMD Radeon AI PRO R9700 (RADV GFX1201)
tick 3605000 alive   926348 genomes  183342 energy   199.9 births 16031701 deaths 16030688 (9136.8s) AMD Radeon AI PRO R9700 (RADV GFX1201)
tick 3606000 alive   924611 genomes  182781 energy   199.9 births 16039457 deaths 16041194 (9139.3s) AMD Radeon AI PRO R9700 (RADV GFX1201)
tick 3607000 alive   921450 genomes  183368 energy   200.2 births 15898460 deaths 15901621 (9141.7s) AMD Radeon AI PRO R9700 (RADV GFX1201)
tick 3608000 alive   923647 genomes  182736 energy   200.3 births 15953264 deaths 15951067 (9144.2s) AMD Radeon AI PRO R9700 (RADV GFX1201)
tick 3609000 alive   926791 genomes  183305 energy   199.9 births 15985372 deaths 15982228 (9146.8s) AMD Radeon AI PRO R9700 (RADV GFX1201)
tick 3610000 alive   923866 genomes  184240 energy   200.7 births 15909627 deaths 15912552 (9149.3s) AMD Radeon AI PRO R9700 (RADV GFX1201)
tick 3611000 alive   922166 genomes  186489 energy   200.0 births 15869160 deaths 15870860 (9151.8s) AMD Radeon AI PRO R9700 (RADV GFX1201)
tick 3612000 alive   921799 genomes  185194 energy   200.3 births 15946026 deaths 15946393 (9154.3s) AMD Radeon AI PRO R9700 (RADV GFX1201)
tick 3613000 alive   925691 genomes  185633 energy   199.6 births 16014504 deaths 16010612 (9156.8s) AMD Radeon AI PRO R9700 (RADV GFX1201)
tick 3614000 alive   922922 genomes  184265 energy   200.0 births 16052806 deaths 16055575 (9159.3s) AMD Radeon AI PRO R9700 (RADV GFX1201)
tick 3615000 alive   924102 genomes  184853 energy   199.8 births 15952528 deaths 15951348 (9161.8s) AMD Radeon AI PRO R9700 (RADV GFX1201)
tick 3616000 alive   927437 genomes  183507 energy   200.0 births 16024176 deaths 16020841 (9164.3s) AMD Radeon AI PRO R9700 (RADV GFX1201)
tick 3617000 alive   928557 genomes  183090 energy   200.4 births 16032242 deaths 16031122 (9166.9s) AMD Radeon AI PRO R9700 (RADV GFX1201)
tick 3618000 alive   924388 genomes  185033 energy   200.1 births 15970451 deaths 15974620 (9169.4s) AMD Radeon AI PRO R9700 (RADV GFX1201)
tick 3619000 alive   927613 genomes  184070 energy   200.0 births 16119121 deaths 16115896 (9171.9s) AMD Radeon AI PRO R9700 (RADV GFX1201)
tick 3620000 alive   929342 genomes  183251 energy   199.7 births 16153977 deaths 16152248 (9174.4s) AMD Radeon AI PRO R9700 (RADV GFX1201)
tick 3621000 alive   928617 genomes  182962 energy   200.3 births 16117603 deaths 16118328 (9176.9s) AMD Radeon AI PRO R9700 (RADV GFX1201)
tick 3622000 alive   925571 genomes  183332 energy   199.8 births 16106115 deaths 16109161 (9179.4s) AMD Radeon AI PRO R9700 (RADV GFX1201)
tick 3623000 alive   926482 genomes  182011 energy   199.2 births 16159824 deaths 16158913 (9181.9s) AMD Radeon AI PRO R9700 (RADV GFX1201)
tick 3624000 alive   929396 genomes  180147 energy   199.6 births 16255590 deaths 16252676 (9184.4s) AMD Radeon AI PRO R9700 (RADV GFX1201)
tick 3625000 alive   934750 genomes  180454 energy   199.2 births 16328760 deaths 16323406 (9186.9s) AMD Radeon AI PRO R9700 (RADV GFX1201)
tick 3626000 alive   926733 genomes  180747 energy   199.9 births 16210265 deaths 16218282 (9189.5s) AMD Radeon AI PRO R9700 (RADV GFX1201)
tick 3627000 alive   923329 genomes  183790 energy   199.7 births 16038974 deaths 16042378 (9191.9s) AMD Radeon AI PRO R9700 (RADV GFX1201)
tick 3628000 alive   922022 genomes  185495 energy   199.6 births 16071483 deaths 16072790 (9194.5s) AMD Radeon AI PRO R9700 (RADV GFX1201)
tick 3629000 alive   924164 genomes  184534 energy   199.5 births 16166738 deaths 16164596 (9197.0s) AMD Radeon AI PRO R9700 (RADV GFX1201)
tick 3630000 alive   919631 genomes  185374 energy   199.9 births 16043319 deaths 16047852 (9199.5s) AMD Radeon AI PRO R9700 (RADV GFX1201)
tick 3631000 alive   920870 genomes  187320 energy   199.4 births 16016213 deaths 16014974 (9202.0s) AMD Radeon AI PRO R9700 (RADV GFX1201)
tick 3632000 alive   921390 genomes  187348 energy   199.4 births 16089635 deaths 16089115 (9204.6s) AMD Radeon AI PRO R9700 (RADV GFX1201)
tick 3633000 alive   924409 genomes  188022 energy   199.8 births 16109101 deaths 16106082 (9207.1s) AMD Radeon AI PRO R9700 (RADV GFX1201)
tick 3634000 alive   923775 genomes  188672 energy   200.0 births 16028569 deaths 16029203 (9209.6s) AMD Radeon AI PRO R9700 (RADV GFX1201)
tick 3635000 alive   918794 genomes  187726 energy   200.3 births 15928125 deaths 15933106 (9212.1s) AMD Radeon AI PRO R9700 (RADV GFX1201)
tick 3636000 alive   915704 genomes  189477 energy   200.1 births 15824484 deaths 15827574 (9214.6s) AMD Radeon AI PRO R9700 (RADV GFX1201)
tick 3637000 alive   915786 genomes  189729 energy   199.6 births 15770701 deaths 15770619 (9217.2s) AMD Radeon AI PRO R9700 (RADV GFX1201)
tick 3638000 alive   918896 genomes  191703 energy   199.1 births 15947737 deaths 15944627 (9219.7s) AMD Radeon AI PRO R9700 (RADV GFX1201)
tick 3639000 alive   920300 genomes  188609 energy   198.7 births 16165423 deaths 16164019 (9222.3s) AMD Radeon AI PRO R9700 (RADV GFX1201)
tick 3640000 alive   924506 genomes  187224 energy   199.0 births 16186402 deaths 16182196 (9224.8s) AMD Radeon AI PRO R9700 (RADV GFX1201)
tick 3641000 alive   926814 genomes  187864 energy   198.9 births 16269643 deaths 16267335 (9227.3s) AMD Radeon AI PRO R9700 (RADV GFX1201)
tick 3642000 alive   924117 genomes  186599 energy   199.1 births 16273630 deaths 16276327 (9229.8s) AMD Radeon AI PRO R9700 (RADV GFX1201)
tick 3643000 alive   924864 genomes  186765 energy   199.2 births 16257086 deaths 16256339 (9232.3s) AMD Radeon AI PRO R9700 (RADV GFX1201)
tick 3644000 alive   921748 genomes  186972 energy   199.3 births 16137416 deaths 16140532 (9234.8s) AMD Radeon AI PRO R9700 (RADV GFX1201)
tick 3645000 alive   921690 genomes  188211 energy   199.3 births 16158010 deaths 16158068 (9237.3s) AMD Radeon AI PRO R9700 (RADV GFX1201)
tick 3646000 alive   921033 genomes  188177 energy   199.3 births 16048030 deaths 16048687 (9239.8s) AMD Radeon AI PRO R9700 (RADV GFX1201)
tick 3647000 alive   924166 genomes  189659 energy   199.1 births 16157017 deaths 16153884 (9242.4s) AMD Radeon AI PRO R9700 (RADV GFX1201)
tick 3648000 alive   925605 genomes  187969 energy   199.1 births 16205357 deaths 16203918 (9244.8s) AMD Radeon AI PRO R9700 (RADV GFX1201)
tick 3649000 alive   926549 genomes  185311 energy   199.5 births 16240876 deaths 16239932 (9247.3s) AMD Radeon AI PRO R9700 (RADV GFX1201)
tick 3650000 alive   925200 genomes  185312 energy   199.5 births 16201784 deaths 16203133 (9249.8s) AMD Radeon AI PRO R9700 (RADV GFX1201)
tick 3651000 alive   924665 genomes  187376 energy   198.9 births 16171344 deaths 16171879 (9252.3s) AMD Radeon AI PRO R9700 (RADV GFX1201)
tick 3652000 alive   925005 genomes  186187 energy   199.9 births 16137205 deaths 16136865 (9254.9s) AMD Radeon AI PRO R9700 (RADV GFX1201)
tick 3653000 alive   922117 genomes  187705 energy   200.4 births 15924816 deaths 15927704 (9257.4s) AMD Radeon AI PRO R9700 (RADV GFX1201)
tick 3654000 alive   922079 genomes  188096 energy   199.7 births 15904387 deaths 15904425 (9260.0s) AMD Radeon AI PRO R9700 (RADV GFX1201)
tick 3655000 alive   919354 genomes  187789 energy   199.5 births 15913412 deaths 15916137 (9262.6s) AMD Radeon AI PRO R9700 (RADV GFX1201)
tick 3656000 alive   918975 genomes  188360 energy   199.7 births 15926329 deaths 15926708 (9265.1s) AMD Radeon AI PRO R9700 (RADV GFX1201)
tick 3657000 alive   916111 genomes  189437 energy   200.0 births 15800245 deaths 15803109 (9267.7s) AMD Radeon AI PRO R9700 (RADV GFX1201)
tick 3658000 alive   915686 genomes  189020 energy   199.7 births 15836728 deaths 15837153 (9270.2s) AMD Radeon AI PRO R9700 (RADV GFX1201)
tick 3659000 alive   919915 genomes  189496 energy   199.3 births 15960112 deaths 15955883 (9272.8s) AMD Radeon AI PRO R9700 (RADV GFX1201)
tick 3660000 alive   921869 genomes  187329 energy   199.6 births 16065874 deaths 16063920 (9275.4s) AMD Radeon AI PRO R9700 (RADV GFX1201)
tick 3661000 alive   921534 genomes  188793 energy   199.0 births 16060676 deaths 16061011 (9278.0s) AMD Radeon AI PRO R9700 (RADV GFX1201)
tick 3662000 alive   918790 genomes  189632 energy   199.5 births 16095506 deaths 16098250 (9280.5s) AMD Radeon AI PRO R9700 (RADV GFX1201)
tick 3663000 alive   917765 genomes  192685 energy   199.3 births 16014991 deaths 16016016 (9283.1s) AMD Radeon AI PRO R9700 (RADV GFX1201)
tick 3664000 alive   917952 genomes  192189 energy   199.1 births 16034664 deaths 16034477 (9285.8s) AMD Radeon AI PRO R9700 (RADV GFX1201)
tick 3665000 alive   918125 genomes  190903 energy   199.3 births 15970901 deaths 15970728 (9288.3s) AMD Radeon AI PRO R9700 (RADV GFX1201)
tick 3666000 alive   915952 genomes  191129 energy   199.5 births 15978381 deaths 15980554 (9290.9s) AMD Radeon AI PRO R9700 (RADV GFX1201)
tick 3667000 alive   917953 genomes  191836 energy   199.3 births 16004905 deaths 16002904 (9293.4s) AMD Radeon AI PRO R9700 (RADV GFX1201)
tick 3668000 alive   917313 genomes  189028 energy   199.5 births 15959354 deaths 15959994 (9296.0s) AMD Radeon AI PRO R9700 (RADV GFX1201)
tick 3669000 alive   917931 genomes  190361 energy   199.7 births 15980051 deaths 15979433 (9298.5s) AMD Radeon AI PRO R9700 (RADV GFX1201)
tick 3670000 alive   918189 genomes  189773 energy   199.5 births 15936463 deaths 15936205 (9301.0s) AMD Radeon AI PRO R9700 (RADV GFX1201)
tick 3671000 alive   921180 genomes  188990 energy   199.6 births 15985544 deaths 15982553 (9303.5s) AMD Radeon AI PRO R9700 (RADV GFX1201)
tick 3672000 alive   918985 genomes  190197 energy   199.9 births 15983961 deaths 15986156 (9306.1s) AMD Radeon AI PRO R9700 (RADV GFX1201)
tick 3673000 alive   916082 genomes  192203 energy   199.7 births 15815351 deaths 15818254 (9308.6s) AMD Radeon AI PRO R9700 (RADV GFX1201)
tick 3674000 alive   918654 genomes  191514 energy   199.4 births 15859589 deaths 15857017 (9311.2s) AMD Radeon AI PRO R9700 (RADV GFX1201)
tick 3675000 alive   920720 genomes  189316 energy   199.6 births 15980949 deaths 15978883 (9313.7s) AMD Radeon AI PRO R9700 (RADV GFX1201)
tick 3676000 alive   922883 genomes  189345 energy   199.7 births 15977376 deaths 15975213 (9316.2s) AMD Radeon AI PRO R9700 (RADV GFX1201)
tick 3677000 alive   921960 genomes  190211 energy   199.9 births 15993971 deaths 15994894 (9318.8s) AMD Radeon AI PRO R9700 (RADV GFX1201)
tick 3678000 alive   916881 genomes  189679 energy   199.7 births 15963125 deaths 15968204 (9321.3s) AMD Radeon AI PRO R9700 (RADV GFX1201)
tick 3679000 alive   920053 genomes  188644 energy   199.6 births 15953525 deaths 15950353 (9323.8s) AMD Radeon AI PRO R9700 (RADV GFX1201)
tick 3680000 alive   918032 genomes  186785 energy   200.1 births 15914975 deaths 15916996 (9326.4s) AMD Radeon AI PRO R9700 (RADV GFX1201)
tick 3681000 alive   921372 genomes  188444 energy   199.9 births 15839342 deaths 15836002 (9328.9s) AMD Radeon AI PRO R9700 (RADV GFX1201)
tick 3682000 alive   919559 genomes  187771 energy   199.8 births 15871197 deaths 15873010 (9331.4s) AMD Radeon AI PRO R9700 (RADV GFX1201)
tick 3683000 alive   921578 genomes  187812 energy   199.8 births 15959000 deaths 15956981 (9333.9s) AMD Radeon AI PRO R9700 (RADV GFX1201)
tick 3684000 alive   916649 genomes  187642 energy   199.7 births 15859700 deaths 15864629 (9336.5s) AMD Radeon AI PRO R9700 (RADV GFX1201)
tick 3685000 alive   919717 genomes  188249 energy   199.6 births 15914772 deaths 15911704 (9339.0s) AMD Radeon AI PRO R9700 (RADV GFX1201)
tick 3686000 alive   916582 genomes  189005 energy   199.4 births 15899840 deaths 15902975 (9341.6s) AMD Radeon AI PRO R9700 (RADV GFX1201)
tick 3687000 alive   919724 genomes  189797 energy   200.0 births 15865150 deaths 15862008 (9344.1s) AMD Radeon AI PRO R9700 (RADV GFX1201)
tick 3688000 alive   917633 genomes  189865 energy   200.0 births 15904857 deaths 15906948 (9346.6s) AMD Radeon AI PRO R9700 (RADV GFX1201)
tick 3689000 alive   916103 genomes  190366 energy   199.9 births 15779752 deaths 15781282 (9349.1s) AMD Radeon AI PRO R9700 (RADV GFX1201)
tick 3690000 alive   916238 genomes  191210 energy   199.7 births 15702418 deaths 15702283 (9351.6s) AMD Radeon AI PRO R9700 (RADV GFX1201)
tick 3691000 alive   921857 genomes  189807 energy   199.4 births 16003535 deaths 15997916 (9354.1s) AMD Radeon AI PRO R9700 (RADV GFX1201)
tick 3692000 alive   921147 genomes  189402 energy   199.4 births 15996465 deaths 15997175 (9356.7s) AMD Radeon AI PRO R9700 (RADV GFX1201)
tick 3693000 alive   924503 genomes  189002 energy   199.2 births 16151456 deaths 16148100 (9359.2s) AMD Radeon AI PRO R9700 (RADV GFX1201)
tick 3694000 alive   921577 genomes  189244 energy   199.7 births 16102655 deaths 16105581 (9361.7s) AMD Radeon AI PRO R9700 (RADV GFX1201)
tick 3695000 alive   918117 genomes  188624 energy   199.5 births 15954805 deaths 15958265 (9364.1s) AMD Radeon AI PRO R9700 (RADV GFX1201)
tick 3696000 alive   925209 genomes  188436 energy   199.1 births 16123789 deaths 16116697 (9366.6s) AMD Radeon AI PRO R9700 (RADV GFX1201)
tick 3697000 alive   926211 genomes  185567 energy   199.6 births 16234495 deaths 16233493 (9369.1s) AMD Radeon AI PRO R9700 (RADV GFX1201)
tick 3698000 alive   925081 genomes  186408 energy   199.5 births 16186556 deaths 16187686 (9371.7s) AMD Radeon AI PRO R9700 (RADV GFX1201)
tick 3699000 alive   921805 genomes  187909 energy   199.7 births 16077993 deaths 16081269 (9374.2s) AMD Radeon AI PRO R9700 (RADV GFX1201)
tick 3700000 alive   921304 genomes  188195 energy   199.5 births 16071213 deaths 16071714 (9376.8s) AMD Radeon AI PRO R9700 (RADV GFX1201)
tick 3701000 alive   922137 genomes  187844 energy   199.5 births 16081351 deaths 16080518 (9379.6s) AMD Radeon AI PRO R9700 (RADV GFX1201)
tick 3702000 alive   922572 genomes  189509 energy   199.4 births 16127112 deaths 16126677 (9382.1s) AMD Radeon AI PRO R9700 (RADV GFX1201)
tick 3703000 alive   922945 genomes  187984 energy   198.7 births 16143025 deaths 16142652 (9384.6s) AMD Radeon AI PRO R9700 (RADV GFX1201)
tick 3704000 alive   927681 genomes  187093 energy   199.4 births 16259679 deaths 16254943 (9387.1s) AMD Radeon AI PRO R9700 (RADV GFX1201)
tick 3705000 alive   921386 genomes  187008 energy   200.1 births 16096952 deaths 16103247 (9389.6s) AMD Radeon AI PRO R9700 (RADV GFX1201)
tick 3706000 alive   917239 genomes  189266 energy   199.6 births 15896576 deaths 15900723 (9392.2s) AMD Radeon AI PRO R9700 (RADV GFX1201)
tick 3707000 alive   918939 genomes  189844 energy   199.4 births 15983318 deaths 15981618 (9394.8s) AMD Radeon AI PRO R9700 (RADV GFX1201)
tick 3708000 alive   915892 genomes  188103 energy   199.3 births 16021237 deaths 16024284 (9397.4s) AMD Radeon AI PRO R9700 (RADV GFX1201)
tick 3709000 alive   918212 genomes  188172 energy   199.4 births 15933320 deaths 15931000 (9399.9s) AMD Radeon AI PRO R9700 (RADV GFX1201)
tick 3710000 alive   922320 genomes  188965 energy   199.5 births 16070604 deaths 16066496 (9402.4s) AMD Radeon AI PRO R9700 (RADV GFX1201)
tick 3711000 alive   919547 genomes  188456 energy   199.2 births 16095256 deaths 16098029 (9405.0s) AMD Radeon AI PRO R9700 (RADV GFX1201)
tick 3712000 alive   922370 genomes  188241 energy   199.1 births 16074184 deaths 16071361 (9407.5s) AMD Radeon AI PRO R9700 (RADV GFX1201)
tick 3713000 alive   916718 genomes  187949 energy   199.7 births 15988953 deaths 15994605 (9410.0s) AMD Radeon AI PRO R9700 (RADV GFX1201)
tick 3714000 alive   918256 genomes  189261 energy   199.4 births 15949863 deaths 15948325 (9412.5s) AMD Radeon AI PRO R9700 (RADV GFX1201)
tick 3715000 alive   922543 genomes  189883 energy   199.1 births 16063836 deaths 16059549 (9414.9s) AMD Radeon AI PRO R9700 (RADV GFX1201)
tick 3716000 alive   919919 genomes  189406 energy   199.4 births 16097623 deaths 16100247 (9417.4s) AMD Radeon AI PRO R9700 (RADV GFX1201)
tick 3717000 alive   916396 genomes  188937 energy   199.3 births 15942616 deaths 15946139 (9419.9s) AMD Radeon AI PRO R9700 (RADV GFX1201)
tick 3718000 alive   914342 genomes  189073 energy   199.8 births 15865384 deaths 15867438 (9422.4s) AMD Radeon AI PRO R9700 (RADV GFX1201)
tick 3719000 alive   915548 genomes  188104 energy   199.9 births 15840953 deaths 15839747 (9425.0s) AMD Radeon AI PRO R9700 (RADV GFX1201)
tick 3720000 alive   918083 genomes  189497 energy   199.6 births 15923410 deaths 15920875 (9427.5s) AMD Radeon AI PRO R9700 (RADV GFX1201)
tick 3721000 alive   919159 genomes  191168 energy   199.8 births 15876587 deaths 15875511 (9430.0s) AMD Radeon AI PRO R9700 (RADV GFX1201)
tick 3722000 alive   917489 genomes  190993 energy   200.0 births 15823993 deaths 15825663 (9432.7s) AMD Radeon AI PRO R9700 (RADV GFX1201)
tick 3723000 alive   918004 genomes  191715 energy   200.4 births 15860515 deaths 15860000 (9435.2s) AMD Radeon AI PRO R9700 (RADV GFX1201)
tick 3724000 alive   916435 genomes  191679 energy   200.4 births 15780749 deaths 15782318 (9437.7s) AMD Radeon AI PRO R9700 (RADV GFX1201)
tick 3725000 alive   916670 genomes  193167 energy   199.7 births 15766717 deaths 15766482 (9440.2s) AMD Radeon AI PRO R9700 (RADV GFX1201)
tick 3726000 alive   914991 genomes  193472 energy   200.0 births 15827229 deaths 15828908 (9442.7s) AMD Radeon AI PRO R9700 (RADV GFX1201)
tick 3727000 alive   915802 genomes  194000 energy   200.1 births 15789635 deaths 15788824 (9445.3s) AMD Radeon AI PRO R9700 (RADV GFX1201)
tick 3728000 alive   918115 genomes  193836 energy   200.0 births 15856835 deaths 15854522 (9447.8s) AMD Radeon AI PRO R9700 (RADV GFX1201)
tick 3729000 alive   914805 genomes  194240 energy   200.5 births 15748198 deaths 15751508 (9450.3s) AMD Radeon AI PRO R9700 (RADV GFX1201)
tick 3730000 alive   913303 genomes  195671 energy   200.0 births 15721644 deaths 15723146 (9452.8s) AMD Radeon AI PRO R9700 (RADV GFX1201)
tick 3731000 alive   911059 genomes  196044 energy   199.7 births 15709298 deaths 15711542 (9455.3s) AMD Radeon AI PRO R9700 (RADV GFX1201)
tick 3732000 alive   914252 genomes  197019 energy   199.8 births 15770397 deaths 15767204 (9457.9s) AMD Radeon AI PRO R9700 (RADV GFX1201)
tick 3733000 alive   914510 genomes  195596 energy   199.5 births 15809969 deaths 15809711 (9460.4s) AMD Radeon AI PRO R9700 (RADV GFX1201)
tick 3734000 alive   917360 genomes  192750 energy   199.5 births 15836328 deaths 15833478 (9463.0s) AMD Radeon AI PRO R9700 (RADV GFX1201)
tick 3735000 alive   917771 genomes  193109 energy   199.7 births 15890818 deaths 15890407 (9465.5s) AMD Radeon AI PRO R9700 (RADV GFX1201)
tick 3736000 alive   916478 genomes  194233 energy   199.9 births 15834009 deaths 15835302 (9468.0s) AMD Radeon AI PRO R9700 (RADV GFX1201)
tick 3737000 alive   908366 genomes  194535 energy   199.4 births 15729779 deaths 15737891 (9470.5s) AMD Radeon AI PRO R9700 (RADV GFX1201)
tick 3738000 alive   913148 genomes  193554 energy   199.4 births 15817201 deaths 15812419 (9473.0s) AMD Radeon AI PRO R9700 (RADV GFX1201)
tick 3739000 alive   916947 genomes  192982 energy   199.1 births 15912944 deaths 15909145 (9475.5s) AMD Radeon AI PRO R9700 (RADV GFX1201)
tick 3740000 alive   915011 genomes  191506 energy   199.1 births 15906351 deaths 15908287 (9478.0s) AMD Radeon AI PRO R9700 (RADV GFX1201)
tick 3741000 alive   919799 genomes  192983 energy   199.3 births 15992432 deaths 15987644 (9480.5s) AMD Radeon AI PRO R9700 (RADV GFX1201)
tick 3742000 alive   917650 genomes  191344 energy   199.7 births 15953159 deaths 15955308 (9483.2s) AMD Radeon AI PRO R9700 (RADV GFX1201)
tick 3743000 alive   914375 genomes  190757 energy   199.9 births 15795146 deaths 15798421 (9485.7s) AMD Radeon AI PRO R9700 (RADV GFX1201)
tick 3744000 alive   915693 genomes  191707 energy   199.8 births 15877772 deaths 15876454 (9488.2s) AMD Radeon AI PRO R9700 (RADV GFX1201)
tick 3745000 alive   921501 genomes  193521 energy   200.2 births 15842069 deaths 15836261 (9490.7s) AMD Radeon AI PRO R9700 (RADV GFX1201)
tick 3746000 alive   915829 genomes  193313 energy   200.1 births 15829948 deaths 15835620 (9493.4s) AMD Radeon AI PRO R9700 (RADV GFX1201)
tick 3747000 alive   916946 genomes  194349 energy   200.0 births 15794163 deaths 15793046 (9496.0s) AMD Radeon AI PRO R9700 (RADV GFX1201)
tick 3748000 alive   908867 genomes  194273 energy   200.5 births 15682078 deaths 15690157 (9498.7s) AMD Radeon AI PRO R9700 (RADV GFX1201)
tick 3749000 alive   910896 genomes  195929 energy   200.0 births 15580114 deaths 15578085 (9501.2s) AMD Radeon AI PRO R9700 (RADV GFX1201)
tick 3750000 alive   914004 genomes  193797 energy   200.3 births 15737009 deaths 15733901 (9503.8s) AMD Radeon AI PRO R9700 (RADV GFX1201)
tick 3751000 alive   915309 genomes  196189 energy   200.2 births 15744060 deaths 15742755 (9506.3s) AMD Radeon AI PRO R9700 (RADV GFX1201)
tick 3752000 alive   913468 genomes  196917 energy   199.9 births 15647610 deaths 15649451 (9508.8s) AMD Radeon AI PRO R9700 (RADV GFX1201)
tick 3753000 alive   912717 genomes  198199 energy   200.2 births 15623040 deaths 15623791 (9511.3s) AMD Radeon AI PRO R9700 (RADV GFX1201)
tick 3754000 alive   909608 genomes  198798 energy   200.2 births 15649003 deaths 15652112 (9513.8s) AMD Radeon AI PRO R9700 (RADV GFX1201)
tick 3755000 alive   907164 genomes  198908 energy   200.0 births 15555805 deaths 15558249 (9516.4s) AMD Radeon AI PRO R9700 (RADV GFX1201)
tick 3756000 alive   909551 genomes  199130 energy   199.5 births 15606898 deaths 15604511 (9518.9s) AMD Radeon AI PRO R9700 (RADV GFX1201)
tick 3757000 alive   906911 genomes  198403 energy   200.2 births 15623773 deaths 15626413 (9521.4s) AMD Radeon AI PRO R9700 (RADV GFX1201)
tick 3758000 alive   907300 genomes  200650 energy   199.5 births 15565020 deaths 15564631 (9523.9s) AMD Radeon AI PRO R9700 (RADV GFX1201)
tick 3759000 alive   905739 genomes  200073 energy   200.0 births 15609686 deaths 15611247 (9526.4s) AMD Radeon AI PRO R9700 (RADV GFX1201)
tick 3760000 alive   900536 genomes  199477 energy   200.2 births 15427336 deaths 15432539 (9528.9s) AMD Radeon AI PRO R9700 (RADV GFX1201)
tick 3761000 alive   902666 genomes  202068 energy   199.7 births 15473183 deaths 15471053 (9531.5s) AMD Radeon AI PRO R9700 (RADV GFX1201)
tick 3762000 alive   907517 genomes  199832 energy   199.5 births 15695795 deaths 15690944 (9534.1s) AMD Radeon AI PRO R9700 (RADV GFX1201)
tick 3763000 alive   908447 genomes  200643 energy   199.9 births 15671039 deaths 15670109 (9536.7s) AMD Radeon AI PRO R9700 (RADV GFX1201)
tick 3764000 alive   906321 genomes  199236 energy   199.8 births 15610171 deaths 15612297 (9539.1s) AMD Radeon AI PRO R9700 (RADV GFX1201)
tick 3765000 alive   904712 genomes  199577 energy   200.1 births 15495642 deaths 15497251 (9541.6s) AMD Radeon AI PRO R9700 (RADV GFX1201)
tick 3766000 alive   908244 genomes  200732 energy   199.7 births 15495095 deaths 15491563 (9544.2s) AMD Radeon AI PRO R9700 (RADV GFX1201)
tick 3767000 alive   907531 genomes  200399 energy   199.9 births 15610315 deaths 15611028 (9546.7s) AMD Radeon AI PRO R9700 (RADV GFX1201)
tick 3768000 alive   904339 genomes  200622 energy   199.7 births 15539739 deaths 15542931 (9549.2s) AMD Radeon AI PRO R9700 (RADV GFX1201)
tick 3769000 alive   903527 genomes  197793 energy   199.5 births 15496605 deaths 15497417 (9551.7s) AMD Radeon AI PRO R9700 (RADV GFX1201)
tick 3770000 alive   910088 genomes  196765 energy   200.1 births 15609779 deaths 15603218 (9554.3s) AMD Radeon AI PRO R9700 (RADV GFX1201)
tick 3771000 alive   908052 genomes  200031 energy   200.2 births 15538764 deaths 15540800 (9556.9s) AMD Radeon AI PRO R9700 (RADV GFX1201)
tick 3772000 alive   907989 genomes  200136 energy   199.7 births 15604663 deaths 15604726 (9559.4s) AMD Radeon AI PRO R9700 (RADV GFX1201)
tick 3773000 alive   908505 genomes  199050 energy   199.8 births 15600880 deaths 15600364 (9562.0s) AMD Radeon AI PRO R9700 (RADV GFX1201)
tick 3774000 alive   912335 genomes  196465 energy   199.8 births 15715002 deaths 15711172 (9564.5s) AMD Radeon AI PRO R9700 (RADV GFX1201)
tick 3775000 alive   914653 genomes  195167 energy   200.0 births 15703698 deaths 15701380 (9567.1s) AMD Radeon AI PRO R9700 (RADV GFX1201)
tick 3776000 alive   912477 genomes  195383 energy   200.2 births 15675626 deaths 15677802 (9569.7s) AMD Radeon AI PRO R9700 (RADV GFX1201)
tick 3777000 alive   913033 genomes  196539 energy   199.9 births 15614495 deaths 15613939 (9572.2s) AMD Radeon AI PRO R9700 (RADV GFX1201)
tick 3778000 alive   911631 genomes  196580 energy   200.3 births 15602976 deaths 15604378 (9574.9s) AMD Radeon AI PRO R9700 (RADV GFX1201)
tick 3779000 alive   915803 genomes  197177 energy   199.8 births 15749575 deaths 15745403 (9577.6s) AMD Radeon AI PRO R9700 (RADV GFX1201)
tick 3780000 alive   915477 genomes  194351 energy   200.7 births 15761161 deaths 15761487 (9580.1s) AMD Radeon AI PRO R9700 (RADV GFX1201)
tick 3781000 alive   917049 genomes  196392 energy   200.5 births 15668818 deaths 15667246 (9582.6s) AMD Radeon AI PRO R9700 (RADV GFX1201)
tick 3782000 alive   914688 genomes  197041 energy   200.6 births 15631976 deaths 15634337 (9585.1s) AMD Radeon AI PRO R9700 (RADV GFX1201)
tick 3783000 alive   908836 genomes  199684 energy   200.5 births 15558676 deaths 15564528 (9587.6s) AMD Radeon AI PRO R9700 (RADV GFX1201)
tick 3784000 alive   906974 genomes  200027 energy   200.3 births 15465207 deaths 15467069 (9590.1s) AMD Radeon AI PRO R9700 (RADV GFX1201)
tick 3785000 alive   910689 genomes  199326 energy   200.2 births 15565337 deaths 15561622 (9592.5s) AMD Radeon AI PRO R9700 (RADV GFX1201)
tick 3786000 alive   912981 genomes  199030 energy   200.1 births 15550416 deaths 15548124 (9595.0s) AMD Radeon AI PRO R9700 (RADV GFX1201)
tick 3787000 alive   908234 genomes  198647 energy   200.5 births 15540958 deaths 15545705 (9597.5s) AMD Radeon AI PRO R9700 (RADV GFX1201)
tick 3788000 alive   907209 genomes  201052 energy   200.4 births 15519388 deaths 15520413 (9600.1s) AMD Radeon AI PRO R9700 (RADV GFX1201)
tick 3789000 alive   902738 genomes  201969 energy   199.5 births 15458670 deaths 15463141 (9602.7s) AMD Radeon AI PRO R9700 (RADV GFX1201)
tick 3790000 alive   909387 genomes  200114 energy   199.3 births 15584199 deaths 15577550 (9605.2s) AMD Radeon AI PRO R9700 (RADV GFX1201)
tick 3791000 alive   912179 genomes  197991 energy   199.9 births 15778281 deaths 15775489 (9607.7s) AMD Radeon AI PRO R9700 (RADV GFX1201)
tick 3792000 alive   913975 genomes  197085 energy   199.2 births 15827125 deaths 15825329 (9610.2s) AMD Radeon AI PRO R9700 (RADV GFX1201)
tick 3793000 alive   914126 genomes  196321 energy   199.4 births 15845880 deaths 15845729 (9612.7s) AMD Radeon AI PRO R9700 (RADV GFX1201)
tick 3794000 alive   912255 genomes  195015 energy   199.9 births 15752515 deaths 15754386 (9615.2s) AMD Radeon AI PRO R9700 (RADV GFX1201)
tick 3795000 alive   914640 genomes  196510 energy   199.7 births 15756072 deaths 15753687 (9617.7s) AMD Radeon AI PRO R9700 (RADV GFX1201)
tick 3796000 alive   910037 genomes  195819 energy   199.9 births 15764558 deaths 15769161 (9620.2s) AMD Radeon AI PRO R9700 (RADV GFX1201)
tick 3797000 alive   913205 genomes  196201 energy   199.8 births 15784173 deaths 15781005 (9622.8s) AMD Radeon AI PRO R9700 (RADV GFX1201)
tick 3798000 alive   918827 genomes  194800 energy   199.5 births 15880779 deaths 15875157 (9625.4s) AMD Radeon AI PRO R9700 (RADV GFX1201)
tick 3799000 alive   915788 genomes  194308 energy   200.2 births 15830302 deaths 15833341 (9627.9s) AMD Radeon AI PRO R9700 (RADV GFX1201)
tick 3800000 alive   912400 genomes  194486 energy   200.1 births 15636244 deaths 15639632 (9630.5s) AMD Radeon AI PRO R9700 (RADV GFX1201)
tick 3801000 alive   915092 genomes  195797 energy   199.4 births 15734606 deaths 15731914 (9633.0s) AMD Radeon AI PRO R9700 (RADV GFX1201)
tick 3802000 alive   910485 genomes  195950 energy   199.8 births 15723820 deaths 15728427 (9635.5s) AMD Radeon AI PRO R9700 (RADV GFX1201)
tick 3803000 alive   909664 genomes  197857 energy   199.6 births 15709627 deaths 15710448 (9638.0s) AMD Radeon AI PRO R9700 (RADV GFX1201)
tick 3804000 alive   908814 genomes  196625 energy   199.9 births 15669263 deaths 15670113 (9640.5s) AMD Radeon AI PRO R9700 (RADV GFX1201)
tick 3805000 alive   911513 genomes  196540 energy   199.6 births 15700732 deaths 15698033 (9643.0s) AMD Radeon AI PRO R9700 (RADV GFX1201)
tick 3806000 alive   908579 genomes  195756 energy   200.1 births 15630801 deaths 15633735 (9645.5s) AMD Radeon AI PRO R9700 (RADV GFX1201)
tick 3807000 alive   911460 genomes  197641 energy   199.9 births 15650844 deaths 15647963 (9648.0s) AMD Radeon AI PRO R9700 (RADV GFX1201)
tick 3808000 alive   910198 genomes  197373 energy   199.8 births 15722537 deaths 15723799 (9650.5s) AMD Radeon AI PRO R9700 (RADV GFX1201)
tick 3809000 alive   911289 genomes  197499 energy   199.8 births 15716146 deaths 15715055 (9653.1s) AMD Radeon AI PRO R9700 (RADV GFX1201)
tick 3810000 alive   910066 genomes  196849 energy   199.5 births 15769309 deaths 15770532 (9655.6s) AMD Radeon AI PRO R9700 (RADV GFX1201)
tick 3811000 alive   915531 genomes  194983 energy   199.3 births 15870219 deaths 15864754 (9658.2s) AMD Radeon AI PRO R9700 (RADV GFX1201)
tick 3812000 alive   917760 genomes  194596 energy   199.5 births 15990372 deaths 15988143 (9660.7s) AMD Radeon AI PRO R9700 (RADV GFX1201)
tick 3813000 alive   917035 genomes  194639 energy   199.6 births 15935414 deaths 15936139 (9663.3s) AMD Radeon AI PRO R9700 (RADV GFX1201)
tick 3814000 alive   916044 genomes  197125 energy   199.3 births 15919988 deaths 15920979 (9665.9s) AMD Radeon AI PRO R9700 (RADV GFX1201)
tick 3815000 alive   911117 genomes  196809 energy   199.5 births 15839314 deaths 15844241 (9668.5s) AMD Radeon AI PRO R9700 (RADV GFX1201)
tick 3816000 alive   906179 genomes  197226 energy   199.5 births 15758098 deaths 15763036 (9671.1s) AMD Radeon AI PRO R9700 (RADV GFX1201)
tick 3817000 alive   910105 genomes  197150 energy   199.6 births 15739159 deaths 15735233 (9673.6s) AMD Radeon AI PRO R9700 (RADV GFX1201)
tick 3818000 alive   911816 genomes  197916 energy   199.1 births 15799448 deaths 15797737 (9676.1s) AMD Radeon AI PRO R9700 (RADV GFX1201)
tick 3819000 alive   913612 genomes  195246 energy   199.3 births 15945522 deaths 15943726 (9678.6s) AMD Radeon AI PRO R9700 (RADV GFX1201)
tick 3820000 alive   916679 genomes  193431 energy   199.1 births 15958041 deaths 15954974 (9681.2s) AMD Radeon AI PRO R9700 (RADV GFX1201)
tick 3821000 alive   914369 genomes  192040 energy   200.0 births 15898954 deaths 15901264 (9684.0s) AMD Radeon AI PRO R9700 (RADV GFX1201)
tick 3822000 alive   916980 genomes  190589 energy   199.6 births 15864592 deaths 15861981 (9686.6s) AMD Radeon AI PRO R9700 (RADV GFX1201)
tick 3823000 alive   916544 genomes  191138 energy   200.0 births 15847876 deaths 15848312 (9689.2s) AMD Radeon AI PRO R9700 (RADV GFX1201)
tick 3824000 alive   920410 genomes  190734 energy   199.4 births 15976473 deaths 15972607 (9691.8s) AMD Radeon AI PRO R9700 (RADV GFX1201)
tick 3825000 alive   920267 genomes  190303 energy   199.7 births 16023197 deaths 16023340 (9694.3s) AMD Radeon AI PRO R9700 (RADV GFX1201)
tick 3826000 alive   917132 genomes  191085 energy   199.5 births 15927306 deaths 15930441 (9696.8s) AMD Radeon AI PRO R9700 (RADV GFX1201)
tick 3827000 alive   915981 genomes  192311 energy   199.4 births 15875378 deaths 15876529 (9699.3s) AMD Radeon AI PRO R9700 (RADV GFX1201)
tick 3828000 alive   913372 genomes  192925 energy   199.5 births 15833108 deaths 15835717 (9701.9s) AMD Radeon AI PRO R9700 (RADV GFX1201)
tick 3829000 alive   919669 genomes  192851 energy   199.5 births 15962042 deaths 15955745 (9704.4s) AMD Radeon AI PRO R9700 (RADV GFX1201)
tick 3830000 alive   917102 genomes  191022 energy   199.7 births 15993854 deaths 15996421 (9706.9s) AMD Radeon AI PRO R9700 (RADV GFX1201)
tick 3831000 alive   913852 genomes  192633 energy   199.7 births 15854342 deaths 15857592 (9709.4s) AMD Radeon AI PRO R9700 (RADV GFX1201)
tick 3832000 alive   909433 genomes  192919 energy   199.5 births 15781215 deaths 15785634 (9711.9s) AMD Radeon AI PRO R9700 (RADV GFX1201)
tick 3833000 alive   915053 genomes  192795 energy   199.8 births 15808521 deaths 15802901 (9714.3s) AMD Radeon AI PRO R9700 (RADV GFX1201)
tick 3834000 alive   916503 genomes  191795 energy   199.9 births 15844411 deaths 15842961 (9716.8s) AMD Radeon AI PRO R9700 (RADV GFX1201)
tick 3835000 alive   918073 genomes  191773 energy   199.8 births 15885993 deaths 15884423 (9719.6s) AMD Radeon AI PRO R9700 (RADV GFX1201)
tick 3836000 alive   915981 genomes  193496 energy   199.9 births 15868400 deaths 15870492 (9722.3s) AMD Radeon AI PRO R9700 (RADV GFX1201)
tick 3837000 alive   916628 genomes  194711 energy   199.7 births 15861210 deaths 15860563 (9724.9s) AMD Radeon AI PRO R9700 (RADV GFX1201)
tick 3838000 alive   914586 genomes  194726 energy   199.2 births 15827108 deaths 15829150 (9727.4s) AMD Radeon AI PRO R9700 (RADV GFX1201)
tick 3839000 alive   920036 genomes  193611 energy   198.9 births 16003081 deaths 15997631 (9729.9s) AMD Radeon AI PRO R9700 (RADV GFX1201)
tick 3840000 alive   919529 genomes  192618 energy   199.8 births 16117652 deaths 16118159 (9732.3s) AMD Radeon AI PRO R9700 (RADV GFX1201)
tick 3841000 alive   913266 genomes  193284 energy   199.2 births 15877985 deaths 15884248 (9734.8s) AMD Radeon AI PRO R9700 (RADV GFX1201)
tick 3842000 alive   916199 genomes  190816 energy   199.3 births 15915866 deaths 15912933 (9737.4s) AMD Radeon AI PRO R9700 (RADV GFX1201)
tick 3843000 alive   921897 genomes  191314 energy   199.6 births 15943698 deaths 15938000 (9739.9s) AMD Radeon AI PRO R9700 (RADV GFX1201)
tick 3844000 alive   920608 genomes  191306 energy   200.0 births 15955006 deaths 15956295 (9742.4s) AMD Radeon AI PRO R9700 (RADV GFX1201)
tick 3845000 alive   921275 genomes  190770 energy   199.8 births 15919137 deaths 15918470 (9744.9s) AMD Radeon AI PRO R9700 (RADV GFX1201)
tick 3846000 alive   919392 genomes  189556 energy   200.3 births 15906018 deaths 15907901 (9747.4s) AMD Radeon AI PRO R9700 (RADV GFX1201)
tick 3847000 alive   916457 genomes  192981 energy   200.3 births 15833609 deaths 15836544 (9749.9s) AMD Radeon AI PRO R9700 (RADV GFX1201)
tick 3848000 alive   911635 genomes  194427 energy   199.8 births 15729673 deaths 15734495 (9752.4s) AMD Radeon AI PRO R9700 (RADV GFX1201)
tick 3849000 alive   913052 genomes  194727 energy   199.4 births 15809715 deaths 15808298 (9754.9s) AMD Radeon AI PRO R9700 (RADV GFX1201)
tick 3850000 alive   914962 genomes  192147 energy   199.5 births 15914565 deaths 15912655 (9757.4s) AMD Radeon AI PRO R9700 (RADV GFX1201)
tick 3851000 alive   917575 genomes  191148 energy   199.9 births 15902342 deaths 15899729 (9760.0s) AMD Radeon AI PRO R9700 (RADV GFX1201)
tick 3852000 alive   917653 genomes  190921 energy   199.5 births 15846788 deaths 15846710 (9762.5s) AMD Radeon AI PRO R9700 (RADV GFX1201)
tick 3853000 alive   920999 genomes  189507 energy   200.2 births 15901873 deaths 15898527 (9765.0s) AMD Radeon AI PRO R9700 (RADV GFX1201)
tick 3854000 alive   921941 genomes  189567 energy   200.4 births 15904622 deaths 15903680 (9767.5s) AMD Radeon AI PRO R9700 (RADV GFX1201)
tick 3855000 alive   920219 genomes  191289 energy   200.4 births 15807927 deaths 15809649 (9770.0s) AMD Radeon AI PRO R9700 (RADV GFX1201)
tick 3856000 alive   916806 genomes  191424 energy   200.5 births 15733309 deaths 15736722 (9772.5s) AMD Radeon AI PRO R9700 (RADV GFX1201)
tick 3857000 alive   914722 genomes  193584 energy   200.1 births 15685544 deaths 15687628 (9775.0s) AMD Radeon AI PRO R9700 (RADV GFX1201)
tick 3858000 alive   917692 genomes  194005 energy   199.9 births 15791166 deaths 15788196 (9777.5s) AMD Radeon AI PRO R9700 (RADV GFX1201)
tick 3859000 alive   915014 genomes  192842 energy   200.6 births 15768096 deaths 15770774 (9780.0s) AMD Radeon AI PRO R9700 (RADV GFX1201)
tick 3860000 alive   912869 genomes  193462 energy   200.5 births 15579491 deaths 15581636 (9782.5s) AMD Radeon AI PRO R9700 (RADV GFX1201)
tick 3861000 alive   913852 genomes  194619 energy   200.6 births 15606293 deaths 15605310 (9785.0s) AMD Radeon AI PRO R9700 (RADV GFX1201)
tick 3862000 alive   914326 genomes  195469 energy   200.3 births 15715785 deaths 15715311 (9787.5s) AMD Radeon AI PRO R9700 (RADV GFX1201)
tick 3863000 alive   916094 genomes  194824 energy   200.0 births 15726914 deaths 15725146 (9790.0s) AMD Radeon AI PRO R9700 (RADV GFX1201)
tick 3864000 alive   914307 genomes  192582 energy   200.4 births 15681512 deaths 15683299 (9792.5s) AMD Radeon AI PRO R9700 (RADV GFX1201)
tick 3865000 alive   917131 genomes  192921 energy   200.2 births 15742068 deaths 15739244 (9795.3s) AMD Radeon AI PRO R9700 (RADV GFX1201)
tick 3866000 alive   919430 genomes  194253 energy   200.1 births 15803201 deaths 15800902 (9797.9s) AMD Radeon AI PRO R9700 (RADV GFX1201)
tick 3867000 alive   908779 genomes  193247 energy   200.5 births 15603530 deaths 15614181 (9800.4s) AMD Radeon AI PRO R9700 (RADV GFX1201)
tick 3868000 alive   913987 genomes  193919 energy   199.6 births 15680379 deaths 15675171 (9802.9s) AMD Radeon AI PRO R9700 (RADV GFX1201)
tick 3869000 alive   914713 genomes  191934 energy   199.8 births 15822224 deaths 15821498 (9805.4s) AMD Radeon AI PRO R9700 (RADV GFX1201)
tick 3870000 alive   919194 genomes  191571 energy   200.0 births 15858681 deaths 15854200 (9807.9s) AMD Radeon AI PRO R9700 (RADV GFX1201)
tick 3871000 alive   915425 genomes  190825 energy   200.4 births 15755738 deaths 15759507 (9810.4s) AMD Radeon AI PRO R9700 (RADV GFX1201)
tick 3872000 alive   921175 genomes  190602 energy   200.3 births 15796714 deaths 15790964 (9813.2s) AMD Radeon AI PRO R9700 (RADV GFX1201)
tick 3873000 alive   913804 genomes  190888 energy   200.7 births 15652383 deaths 15659754 (9815.7s) AMD Radeon AI PRO R9700 (RADV GFX1201)
tick 3874000 alive   913284 genomes  192707 energy   200.1 births 15660048 deaths 15660568 (9818.2s) AMD Radeon AI PRO R9700 (RADV GFX1201)
tick 3875000 alive   916117 genomes  192990 energy   199.8 births 15741107 deaths 15738274 (9820.7s) AMD Radeon AI PRO R9700 (RADV GFX1201)
tick 3876000 alive   915233 genomes  191081 energy   200.2 births 15764923 deaths 15765807 (9823.2s) AMD Radeon AI PRO R9700 (RADV GFX1201)
tick 3877000 alive   919183 genomes  192283 energy   199.7 births 15774399 deaths 15770449 (9825.8s) AMD Radeon AI PRO R9700 (RADV GFX1201)
tick 3878000 alive   917558 genomes  192859 energy   200.2 births 15752981 deaths 15754606 (9828.3s) AMD Radeon AI PRO R9700 (RADV GFX1201)
tick 3879000 alive   914486 genomes  194197 energy   200.8 births 15687161 deaths 15690233 (9830.9s) AMD Radeon AI PRO R9700 (RADV GFX1201)
tick 3880000 alive   910904 genomes  195311 energy   200.0 births 15639820 deaths 15643402 (9833.5s) AMD Radeon AI PRO R9700 (RADV GFX1201)
tick 3881000 alive   915352 genomes  194473 energy   199.4 births 15768487 deaths 15764039 (9836.0s) AMD Radeon AI PRO R9700 (RADV GFX1201)
tick 3882000 alive   918621 genomes  193045 energy   199.7 births 15901864 deaths 15898595 (9838.6s) AMD Radeon AI PRO R9700 (RADV GFX1201)
tick 3883000 alive   916126 genomes  192225 energy   200.3 births 15815259 deaths 15817754 (9841.2s) AMD Radeon AI PRO R9700 (RADV GFX1201)
tick 3884000 alive   916133 genomes  194330 energy   200.0 births 15678266 deaths 15678259 (9843.9s) AMD Radeon AI PRO R9700 (RADV GFX1201)
tick 3885000 alive   913252 genomes  194359 energy   200.5 births 15623648 deaths 15626529 (9846.5s) AMD Radeon AI PRO R9700 (RADV GFX1201)
tick 3886000 alive   918069 genomes  193977 energy   200.4 births 15664750 deaths 15659933 (9849.2s) AMD Radeon AI PRO R9700 (RADV GFX1201)
tick 3887000 alive   915093 genomes  194463 energy   200.7 births 15655499 deaths 15658475 (9851.7s) AMD Radeon AI PRO R9700 (RADV GFX1201)
tick 3888000 alive   909214 genomes  196410 energy   200.8 births 15556315 deaths 15562194 (9854.2s) AMD Radeon AI PRO R9700 (RADV GFX1201)
tick 3889000 alive   911720 genomes  195751 energy   200.3 births 15558549 deaths 15556043 (9856.7s) AMD Radeon AI PRO R9700 (RADV GFX1201)
tick 3890000 alive   913064 genomes  194082 energy   200.3 births 15581129 deaths 15579785 (9859.2s) AMD Radeon AI PRO R9700 (RADV GFX1201)
tick 3891000 alive   917774 genomes  194606 energy   200.4 births 15691997 deaths 15687287 (9861.7s) AMD Radeon AI PRO R9700 (RADV GFX1201)
tick 3892000 alive   910627 genomes  196639 energy   200.5 births 15579930 deaths 15587077 (9864.2s) AMD Radeon AI PRO R9700 (RADV GFX1201)
tick 3893000 alive   913090 genomes  195826 energy   200.0 births 15617572 deaths 15615109 (9866.7s) AMD Radeon AI PRO R9700 (RADV GFX1201)
tick 3894000 alive   915910 genomes  194203 energy   200.2 births 15718204 deaths 15715384 (9869.3s) AMD Radeon AI PRO R9700 (RADV GFX1201)
tick 3895000 alive   912996 genomes  195460 energy   200.5 births 15678786 deaths 15681700 (9871.9s) AMD Radeon AI PRO R9700 (RADV GFX1201)
tick 3896000 alive   908695 genomes  195919 energy   200.4 births 15554923 deaths 15559224 (9874.4s) AMD Radeon AI PRO R9700 (RADV GFX1201)
tick 3897000 alive   912246 genomes  196983 energy   199.9 births 15625455 deaths 15621904 (9876.9s) AMD Radeon AI PRO R9700 (RADV GFX1201)
tick 3898000 alive   918558 genomes  195280 energy   199.6 births 15876558 deaths 15870246 (9879.4s) AMD Radeon AI PRO R9700 (RADV GFX1201)
tick 3899000 alive   921524 genomes  193972 energy   199.3 births 15995549 deaths 15992583 (9882.0s) AMD Radeon AI PRO R9700 (RADV GFX1201)
tick 3900000 alive   918485 genomes  192923 energy   199.8 births 15904601 deaths 15907640 (9884.5s) AMD Radeon AI PRO R9700 (RADV GFX1201)
tick 3901000 alive   915582 genomes  192597 energy   199.8 births 15771725 deaths 15774628 (9887.0s) AMD Radeon AI PRO R9700 (RADV GFX1201)
tick 3902000 alive   917622 genomes  189942 energy   200.3 births 15789876 deaths 15787836 (9889.5s) AMD Radeon AI PRO R9700 (RADV GFX1201)
tick 3903000 alive   919034 genomes  190734 energy   200.4 births 15733677 deaths 15732265 (9891.9s) AMD Radeon AI PRO R9700 (RADV GFX1201)
tick 3904000 alive   912531 genomes  192092 energy   200.9 births 15629834 deaths 15636337 (9894.4s) AMD Radeon AI PRO R9700 (RADV GFX1201)
tick 3905000 alive   912948 genomes  194715 energy   200.3 births 15578608 deaths 15578191 (9896.9s) AMD Radeon AI PRO R9700 (RADV GFX1201)
tick 3906000 alive   905475 genomes  195562 energy   200.8 births 15503993 deaths 15511466 (9899.6s) AMD Radeon AI PRO R9700 (RADV GFX1201)
tick 3907000 alive   911944 genomes  197609 energy   199.8 births 15497182 deaths 15490713 (9902.1s) AMD Radeon AI PRO R9700 (RADV GFX1201)
tick 3908000 alive   911777 genomes  196235 energy   200.1 births 15614840 deaths 15615007 (9904.6s) AMD Radeon AI PRO R9700 (RADV GFX1201)
tick 3909000 alive   913602 genomes  195287 energy   200.2 births 15680173 deaths 15678348 (9907.1s) AMD Radeon AI PRO R9700 (RADV GFX1201)
tick 3910000 alive   909013 genomes  195700 energy   200.8 births 15462064 deaths 15466653 (9909.6s) AMD Radeon AI PRO R9700 (RADV GFX1201)
tick 3911000 alive   910462 genomes  197565 energy   200.8 births 15448432 deaths 15446983 (9912.1s) AMD Radeon AI PRO R9700 (RADV GFX1201)
tick 3912000 alive   912291 genomes  197226 energy   200.3 births 15539807 deaths 15537978 (9914.6s) AMD Radeon AI PRO R9700 (RADV GFX1201)
tick 3913000 alive   911636 genomes  196523 energy   200.4 births 15564537 deaths 15565192 (9917.2s) AMD Radeon AI PRO R9700 (RADV GFX1201)
tick 3914000 alive   911328 genomes  196707 energy   200.5 births 15549543 deaths 15549851 (9919.7s) AMD Radeon AI PRO R9700 (RADV GFX1201)
tick 3915000 alive   913383 genomes  197398 energy   200.1 births 15672990 deaths 15670935 (9922.2s) AMD Radeon AI PRO R9700 (RADV GFX1201)
tick 3916000 alive   916763 genomes  193936 energy   200.0 births 15785690 deaths 15782310 (9924.8s) AMD Radeon AI PRO R9700 (RADV GFX1201)
tick 3917000 alive   919936 genomes  192350 energy   199.9 births 15827156 deaths 15823983 (9927.3s) AMD Radeon AI PRO R9700 (RADV GFX1201)
tick 3918000 alive   916319 genomes  193688 energy   200.6 births 15722559 deaths 15726176 (9929.8s) AMD Radeon AI PRO R9700 (RADV GFX1201)
tick 3919000 alive   913855 genomes  194129 energy   200.5 births 15641299 deaths 15643763 (9932.5s) AMD Radeon AI PRO R9700 (RADV GFX1201)
tick 3920000 alive   908830 genomes  195306 energy   200.4 births 15473568 deaths 15478593 (9935.0s) AMD Radeon AI PRO R9700 (RADV GFX1201)
tick 3921000 alive   911291 genomes  195469 energy   200.7 births 15493280 deaths 15490819 (9937.5s) AMD Radeon AI PRO R9700 (RADV GFX1201)
tick 3922000 alive   910966 genomes  198663 energy   200.4 births 15561862 deaths 15562187 (9940.0s) AMD Radeon AI PRO R9700 (RADV GFX1201)
tick 3923000 alive   910129 genomes  198014 energy   200.3 births 15496486 deaths 15497323 (9942.5s) AMD Radeon AI PRO R9700 (RADV GFX1201)
tick 3924000 alive   913392 genomes  195758 energy   200.1 births 15612506 deaths 15609243 (9945.0s) AMD Radeon AI PRO R9700 (RADV GFX1201)
tick 3925000 alive   913893 genomes  196868 energy   200.2 births 15614388 deaths 15613887 (9947.5s) AMD Radeon AI PRO R9700 (RADV GFX1201)
tick 3926000 alive   915497 genomes  196712 energy   200.2 births 15649206 deaths 15647602 (9950.0s) AMD Radeon AI PRO R9700 (RADV GFX1201)
tick 3927000 alive   916377 genomes  197606 energy   200.0 births 15688267 deaths 15687387 (9952.6s) AMD Radeon AI PRO R9700 (RADV GFX1201)
tick 3928000 alive   917278 genomes  196330 energy   200.1 births 15771495 deaths 15770594 (9955.3s) AMD Radeon AI PRO R9700 (RADV GFX1201)
tick 3929000 alive   913348 genomes  196131 energy   199.9 births 15705854 deaths 15709784 (9957.8s) AMD Radeon AI PRO R9700 (RADV GFX1201)
tick 3930000 alive   913040 genomes  195600 energy   200.1 births 15707089 deaths 15707397 (9960.5s) AMD Radeon AI PRO R9700 (RADV GFX1201)
tick 3931000 alive   910621 genomes  197178 energy   200.1 births 15700599 deaths 15703018 (9963.0s) AMD Radeon AI PRO R9700 (RADV GFX1201)
tick 3932000 alive   910523 genomes  194917 energy   199.7 births 15743602 deaths 15743700 (9965.8s) AMD Radeon AI PRO R9700 (RADV GFX1201)
tick 3933000 alive   913379 genomes  195227 energy   199.4 births 15841643 deaths 15838787 (9968.3s) AMD Radeon AI PRO R9700 (RADV GFX1201)
tick 3934000 alive   918238 genomes  194094 energy   199.2 births 15960480 deaths 15955621 (9970.8s) AMD Radeon AI PRO R9700 (RADV GFX1201)
tick 3935000 alive   914634 genomes  191197 energy   199.7 births 15930253 deaths 15933857 (9973.3s) AMD Radeon AI PRO R9700 (RADV GFX1201)
tick 3936000 alive   915014 genomes  191351 energy   200.1 births 15806422 deaths 15806042 (9975.9s) AMD Radeon AI PRO R9700 (RADV GFX1201)
tick 3937000 alive   918202 genomes  192583 energy   199.8 births 15821177 deaths 15817989 (9978.4s) AMD Radeon AI PRO R9700 (RADV GFX1201)
tick 3938000 alive   913786 genomes  191200 energy   200.3 births 15793032 deaths 15797448 (9980.9s) AMD Radeon AI PRO R9700 (RADV GFX1201)
tick 3939000 alive   911193 genomes  192743 energy   200.5 births 15619041 deaths 15621634 (9983.4s) AMD Radeon AI PRO R9700 (RADV GFX1201)
tick 3940000 alive   910725 genomes  194600 energy   200.2 births 15631564 deaths 15632032 (9985.9s) AMD Radeon AI PRO R9700 (RADV GFX1201)
tick 3941000 alive   910587 genomes  196183 energy   200.0 births 15648021 deaths 15648159 (9988.4s) AMD Radeon AI PRO R9700 (RADV GFX1201)
tick 3942000 alive   912384 genomes  197841 energy   199.7 births 15707846 deaths 15706049 (9990.9s) AMD Radeon AI PRO R9700 (RADV GFX1201)
tick 3943000 alive   912764 genomes  196657 energy   199.9 births 15807994 deaths 15807614 (9993.4s) AMD Radeon AI PRO R9700 (RADV GFX1201)
tick 3944000 alive   915025 genomes  196119 energy   199.6 births 15813547 deaths 15811286 (9995.9s) AMD Radeon AI PRO R9700 (RADV GFX1201)
tick 3945000 alive   913632 genomes  193046 energy   199.8 births 15878288 deaths 15879681 (9998.4s) AMD Radeon AI PRO R9700 (RADV GFX1201)
tick 3946000 alive   917815 genomes  193549 energy   199.8 births 15898697 deaths 15894514 (10000.9s) AMD Radeon AI PRO R9700 (RADV GFX1201)
tick 3947000 alive   916794 genomes  192001 energy   199.5 births 15861779 deaths 15862800 (10003.4s) AMD Radeon AI PRO R9700 (RADV GFX1201)
tick 3948000 alive   914917 genomes  193981 energy   199.9 births 15835119 deaths 15836996 (10006.0s) AMD Radeon AI PRO R9700 (RADV GFX1201)
tick 3949000 alive   914700 genomes  195988 energy   199.3 births 15833877 deaths 15834094 (10008.5s) AMD Radeon AI PRO R9700 (RADV GFX1201)
tick 3950000 alive   910250 genomes  194683 energy   200.0 births 15767035 deaths 15771485 (10011.0s) AMD Radeon AI PRO R9700 (RADV GFX1201)
tick 3951000 alive   913724 genomes  194486 energy   199.7 births 15778514 deaths 15775040 (10013.5s) AMD Radeon AI PRO R9700 (RADV GFX1201)
tick 3952000 alive   913961 genomes  192309 energy   199.4 births 15831638 deaths 15831401 (10016.1s) AMD Radeon AI PRO R9700 (RADV GFX1201)
tick 3953000 alive   913160 genomes  194476 energy   199.2 births 15824998 deaths 15825799 (10018.8s) AMD Radeon AI PRO R9700 (RADV GFX1201)
tick 3954000 alive   914888 genomes  193883 energy   198.9 births 15894114 deaths 15892386 (10021.3s) AMD Radeon AI PRO R9700 (RADV GFX1201)
tick 3955000 alive   914446 genomes  191688 energy   199.4 births 15938404 deaths 15938846 (10023.9s) AMD Radeon AI PRO R9700 (RADV GFX1201)
tick 3956000 alive   915405 genomes  191557 energy   199.9 births 15935632 deaths 15934673 (10026.4s) AMD Radeon AI PRO R9700 (RADV GFX1201)
tick 3957000 alive   913661 genomes  191851 energy   199.9 births 15775147 deaths 15776891 (10028.9s) AMD Radeon AI PRO R9700 (RADV GFX1201)
tick 3958000 alive   914757 genomes  192428 energy   199.3 births 15877460 deaths 15876364 (10031.4s) AMD Radeon AI PRO R9700 (RADV GFX1201)
tick 3959000 alive   912043 genomes  193268 energy   199.9 births 15821826 deaths 15824540 (10033.9s) AMD Radeon AI PRO R9700 (RADV GFX1201)
tick 3960000 alive   909202 genomes  194856 energy   199.9 births 15725035 deaths 15727876 (10036.6s) AMD Radeon AI PRO R9700 (RADV GFX1201)
tick 3961000 alive   909808 genomes  195187 energy   199.5 births 15681173 deaths 15680567 (10039.3s) AMD Radeon AI PRO R9700 (RADV GFX1201)
tick 3962000 alive   914041 genomes  196193 energy   199.6 births 15824227 deaths 15819994 (10041.8s) AMD Radeon AI PRO R9700 (RADV GFX1201)
tick 3963000 alive   915379 genomes  196856 energy   199.5 births 15886443 deaths 15885105 (10044.3s) AMD Radeon AI PRO R9700 (RADV GFX1201)
tick 3964000 alive   910235 genomes  199642 energy   199.5 births 15844330 deaths 15849474 (10046.8s) AMD Radeon AI PRO R9700 (RADV GFX1201)
tick 3965000 alive   905980 genomes  199516 energy   198.8 births 15778467 deaths 15782722 (10049.3s) AMD Radeon AI PRO R9700 (RADV GFX1201)
tick 3966000 alive   908912 genomes  198969 energy   199.1 births 15817456 deaths 15814524 (10051.8s) AMD Radeon AI PRO R9700 (RADV GFX1201)
tick 3967000 alive   911580 genomes  197341 energy   199.4 births 15841631 deaths 15838963 (10054.3s) AMD Radeon AI PRO R9700 (RADV GFX1201)
tick 3968000 alive   914611 genomes  196085 energy   199.6 births 15937665 deaths 15934634 (10056.8s) AMD Radeon AI PRO R9700 (RADV GFX1201)
tick 3969000 alive   918357 genomes  193589 energy   199.3 births 15962542 deaths 15958796 (10059.3s) AMD Radeon AI PRO R9700 (RADV GFX1201)
tick 3970000 alive   918764 genomes  194343 energy   199.1 births 15995517 deaths 15995110 (10061.8s) AMD Radeon AI PRO R9700 (RADV GFX1201)
tick 3971000 alive   918944 genomes  194239 energy   199.3 births 16081573 deaths 16081393 (10064.4s) AMD Radeon AI PRO R9700 (RADV GFX1201)
tick 3972000 alive   915139 genomes  195144 energy   199.7 births 15905853 deaths 15909658 (10066.9s) AMD Radeon AI PRO R9700 (RADV GFX1201)
tick 3973000 alive   913301 genomes  196871 energy   199.9 births 15857424 deaths 15859262 (10069.4s) AMD Radeon AI PRO R9700 (RADV GFX1201)
tick 3974000 alive   911900 genomes  196060 energy   200.1 births 15788523 deaths 15789924 (10071.9s) AMD Radeon AI PRO R9700 (RADV GFX1201)
tick 3975000 alive   908021 genomes  197860 energy   199.6 births 15627510 deaths 15631389 (10074.4s) AMD Radeon AI PRO R9700 (RADV GFX1201)
tick 3976000 alive   907638 genomes  197943 energy   199.2 births 15732008 deaths 15732391 (10077.0s) AMD Radeon AI PRO R9700 (RADV GFX1201)
tick 3977000 alive   911081 genomes  197017 energy   199.3 births 15847234 deaths 15843791 (10079.5s) AMD Radeon AI PRO R9700 (RADV GFX1201)
tick 3978000 alive   908985 genomes  196499 energy   199.3 births 15814827 deaths 15816923 (10082.0s) AMD Radeon AI PRO R9700 (RADV GFX1201)
tick 3979000 alive   909611 genomes  196672 energy   199.3 births 15793127 deaths 15792501 (10084.7s) AMD Radeon AI PRO R9700 (RADV GFX1201)
tick 3980000 alive   913466 genomes  196993 energy   198.6 births 15882312 deaths 15878457 (10087.2s) AMD Radeon AI PRO R9700 (RADV GFX1201)
tick 3981000 alive   913207 genomes  195119 energy   199.1 births 15910634 deaths 15910893 (10089.8s) AMD Radeon AI PRO R9700 (RADV GFX1201)
tick 3982000 alive   911759 genomes  193538 energy   199.4 births 15788267 deaths 15789715 (10092.3s) AMD Radeon AI PRO R9700 (RADV GFX1201)
tick 3983000 alive   909949 genomes  193310 energy   199.4 births 15752789 deaths 15754599 (10095.0s) AMD Radeon AI PRO R9700 (RADV GFX1201)
tick 3984000 alive   910757 genomes  192764 energy   199.5 births 15842238 deaths 15841430 (10097.6s) AMD Radeon AI PRO R9700 (RADV GFX1201)
tick 3985000 alive   907377 genomes  194126 energy   199.8 births 15736120 deaths 15739500 (10100.1s) AMD Radeon AI PRO R9700 (RADV GFX1201)
tick 3986000 alive   906751 genomes  193902 energy   199.3 births 15705313 deaths 15705939 (10102.6s) AMD Radeon AI PRO R9700 (RADV GFX1201)
tick 3987000 alive   911040 genomes  193278 energy   199.0 births 15781595 deaths 15777306 (10105.2s) AMD Radeon AI PRO R9700 (RADV GFX1201)
tick 3988000 alive   914008 genomes  193800 energy   199.1 births 15930287 deaths 15927319 (10107.8s) AMD Radeon AI PRO R9700 (RADV GFX1201)
tick 3989000 alive   913452 genomes  193999 energy   199.1 births 15894648 deaths 15895204 (10110.3s) AMD Radeon AI PRO R9700 (RADV GFX1201)
tick 3990000 alive   913489 genomes  192974 energy   199.3 births 15859669 deaths 15859632 (10112.9s) AMD Radeon AI PRO R9700 (RADV GFX1201)
tick 3991000 alive   911606 genomes  191758 energy   200.0 births 15833250 deaths 15835133 (10115.4s) AMD Radeon AI PRO R9700 (RADV GFX1201)
tick 3992000 alive   912182 genomes  192560 energy   199.1 births 15866708 deaths 15866132 (10117.9s) AMD Radeon AI PRO R9700 (RADV GFX1201)
tick 3993000 alive   911860 genomes  192009 energy   199.6 births 15857785 deaths 15858107 (10120.4s) AMD Radeon AI PRO R9700 (RADV GFX1201)
tick 3994000 alive   911158 genomes  193945 energy   199.4 births 15853531 deaths 15854233 (10123.0s) AMD Radeon AI PRO R9700 (RADV GFX1201)
tick 3995000 alive   912283 genomes  193724 energy   199.4 births 15818138 deaths 15817013 (10125.5s) AMD Radeon AI PRO R9700 (RADV GFX1201)
tick 3996000 alive   913531 genomes  194331 energy   199.4 births 15837327 deaths 15836079 (10128.1s) AMD Radeon AI PRO R9700 (RADV GFX1201)
tick 3997000 alive   911989 genomes  193371 energy   199.8 births 15854623 deaths 15856165 (10130.6s) AMD Radeon AI PRO R9700 (RADV GFX1201)
tick 3998000 alive   913244 genomes  192694 energy   199.9 births 15827253 deaths 15825998 (10133.0s) AMD Radeon AI PRO R9700 (RADV GFX1201)
tick 3999000 alive   912484 genomes  192823 energy   199.2 births 15794379 deaths 15795139 (10135.5s) AMD Radeon AI PRO R9700 (RADV GFX1201)
tick 4000000 alive   917758 genomes  189640 energy   198.9 births 15961321 deaths 15956047 (10138.1s) AMD Radeon AI PRO R9700 (RADV GFX1201)
tick 4001000 alive   924300 genomes  188325 energy   199.1 births 16204959 deaths 16198417 (10140.6s) AMD Radeon AI PRO R9700 (RADV GFX1201)
tick 4002000 alive   914323 genomes  189981 energy   199.1 births 16027124 deaths 16037101 (10143.1s) AMD Radeon AI PRO R9700 (RADV GFX1201)
tick 4003000 alive   908484 genomes  193825 energy   199.4 births 15783415 deaths 15789254 (10145.6s) AMD Radeon AI PRO R9700 (RADV GFX1201)
tick 4004000 alive   907250 genomes  195883 energy   198.9 births 15712143 deaths 15713377 (10148.1s) AMD Radeon AI PRO R9700 (RADV GFX1201)
tick 4005000 alive   910265 genomes  193510 energy   199.7 births 15798767 deaths 15795752 (10150.6s) AMD Radeon AI PRO R9700 (RADV GFX1201)
tick 4006000 alive   912569 genomes  193609 energy   200.1 births 15826790 deaths 15824486 (10153.1s) AMD Radeon AI PRO R9700 (RADV GFX1201)
tick 4007000 alive   910598 genomes  193054 energy   199.6 births 15775726 deaths 15777697 (10155.5s) AMD Radeon AI PRO R9700 (RADV GFX1201)
tick 4008000 alive   913113 genomes  193240 energy   199.1 births 15829203 deaths 15826688 (10158.1s) AMD Radeon AI PRO R9700 (RADV GFX1201)
tick 4009000 alive   913123 genomes  193096 energy   199.4 births 15822174 deaths 15822164 (10160.6s) AMD Radeon AI PRO R9700 (RADV GFX1201)
tick 4010000 alive   912749 genomes  194806 energy   199.6 births 15836993 deaths 15837367 (10163.1s) AMD Radeon AI PRO R9700 (RADV GFX1201)
tick 4011000 alive   918300 genomes  193484 energy   199.0 births 15958385 deaths 15952834 (10165.7s) AMD Radeon AI PRO R9700 (RADV GFX1201)
tick 4012000 alive   916932 genomes  189949 energy   199.8 births 15991279 deaths 15992647 (10168.1s) AMD Radeon AI PRO R9700 (RADV GFX1201)
tick 4013000 alive   916519 genomes  191040 energy   199.9 births 15924699 deaths 15925112 (10170.9s) AMD Radeon AI PRO R9700 (RADV GFX1201)
tick 4014000 alive   915345 genomes  191940 energy   199.1 births 15896958 deaths 15898132 (10173.4s) AMD Radeon AI PRO R9700 (RADV GFX1201)
tick 4015000 alive   914379 genomes  191084 energy   199.2 births 15989836 deaths 15990802 (10175.9s) AMD Radeon AI PRO R9700 (RADV GFX1201)
tick 4016000 alive   917365 genomes  191100 energy   198.7 births 15951934 deaths 15948948 (10178.4s) AMD Radeon AI PRO R9700 (RADV GFX1201)
tick 4017000 alive   916213 genomes  192283 energy   199.3 births 15948819 deaths 15949971 (10180.9s) AMD Radeon AI PRO R9700 (RADV GFX1201)
tick 4018000 alive   918322 genomes  188970 energy   199.6 births 15988045 deaths 15985936 (10183.4s) AMD Radeon AI PRO R9700 (RADV GFX1201)
tick 4019000 alive   917477 genomes  187163 energy   200.1 births 15923174 deaths 15924019 (10185.8s) AMD Radeon AI PRO R9700 (RADV GFX1201)
tick 4020000 alive   918827 genomes  187311 energy   199.6 births 15841185 deaths 15839835 (10188.3s) AMD Radeon AI PRO R9700 (RADV GFX1201)
tick 4021000 alive   916168 genomes  188014 energy   199.8 births 15892997 deaths 15895656 (10190.8s) AMD Radeon AI PRO R9700 (RADV GFX1201)
tick 4022000 alive   917886 genomes  187768 energy   199.3 births 16007628 deaths 16005910 (10193.3s) AMD Radeon AI PRO R9700 (RADV GFX1201)
tick 4023000 alive   919813 genomes  186894 energy   199.5 births 15973582 deaths 15971655 (10195.9s) AMD Radeon AI PRO R9700 (RADV GFX1201)
tick 4024000 alive   917400 genomes  187532 energy   200.0 births 15988894 deaths 15991307 (10198.4s) AMD Radeon AI PRO R9700 (RADV GFX1201)
tick 4025000 alive   916638 genomes  188655 energy   199.9 births 15860051 deaths 15860813 (10200.9s) AMD Radeon AI PRO R9700 (RADV GFX1201)
tick 4026000 alive   912797 genomes  188638 energy   200.2 births 15772536 deaths 15776377 (10203.4s) AMD Radeon AI PRO R9700 (RADV GFX1201)
tick 4027000 alive   916042 genomes  190618 energy   199.9 births 15777394 deaths 15774149 (10206.0s) AMD Radeon AI PRO R9700 (RADV GFX1201)
tick 4028000 alive   917483 genomes  188794 energy   200.0 births 15843180 deaths 15841739 (10208.5s) AMD Radeon AI PRO R9700 (RADV GFX1201)
tick 4029000 alive   918490 genomes  189135 energy   199.5 births 15864341 deaths 15863334 (10211.1s) AMD Radeon AI PRO R9700 (RADV GFX1201)
tick 4030000 alive   916756 genomes  188375 energy   199.8 births 15875339 deaths 15877073 (10213.6s) AMD Radeon AI PRO R9700 (RADV GFX1201)
tick 4031000 alive   916309 genomes  188686 energy   199.6 births 15866586 deaths 15867033 (10216.2s) AMD Radeon AI PRO R9700 (RADV GFX1201)
tick 4032000 alive   918409 genomes  188878 energy   199.9 births 15858305 deaths 15856205 (10218.9s) AMD Radeon AI PRO R9700 (RADV GFX1201)
tick 4033000 alive   918855 genomes  187725 energy   200.0 births 15917091 deaths 15916645 (10221.5s) AMD Radeon AI PRO R9700 (RADV GFX1201)
tick 4034000 alive   920109 genomes  187985 energy   199.4 births 16003722 deaths 16002468 (10224.0s) AMD Radeon AI PRO R9700 (RADV GFX1201)
tick 4035000 alive   918757 genomes  186236 energy   200.1 births 15973645 deaths 15974997 (10226.5s) AMD Radeon AI PRO R9700 (RADV GFX1201)
tick 4036000 alive   913860 genomes  188011 energy   200.0 births 15746054 deaths 15750951 (10229.1s) AMD Radeon AI PRO R9700 (RADV GFX1201)
tick 4037000 alive   916975 genomes  189235 energy   199.7 births 15801634 deaths 15798519 (10231.6s) AMD Radeon AI PRO R9700 (RADV GFX1201)
tick 4038000 alive   914692 genomes  190160 energy   200.1 births 15742694 deaths 15744977 (10234.1s) AMD Radeon AI PRO R9700 (RADV GFX1201)
tick 4039000 alive   909420 genomes  191821 energy   200.3 births 15619814 deaths 15625086 (10236.5s) AMD Radeon AI PRO R9700 (RADV GFX1201)
tick 4040000 alive   911420 genomes  192803 energy   200.1 births 15763171 deaths 15761171 (10239.1s) AMD Radeon AI PRO R9700 (RADV GFX1201)
tick 4041000 alive   910081 genomes  192803 energy   199.6 births 15680711 deaths 15682050 (10241.6s) AMD Radeon AI PRO R9700 (RADV GFX1201)
tick 4042000 alive   911254 genomes  194249 energy   199.3 births 15744273 deaths 15743100 (10244.1s) AMD Radeon AI PRO R9700 (RADV GFX1201)
tick 4043000 alive   916759 genomes  192869 energy   199.2 births 15891804 deaths 15886299 (10246.6s) AMD Radeon AI PRO R9700 (RADV GFX1201)
tick 4044000 alive   923015 genomes  190776 energy   199.0 births 16069655 deaths 16063399 (10249.4s) AMD Radeon AI PRO R9700 (RADV GFX1201)
tick 4045000 alive   917952 genomes  188689 energy   200.1 births 16050346 deaths 16055409 (10251.9s) AMD Radeon AI PRO R9700 (RADV GFX1201)
tick 4046000 alive   916155 genomes  188713 energy   199.9 births 15870493 deaths 15872290 (10254.3s) AMD Radeon AI PRO R9700 (RADV GFX1201)
tick 4047000 alive   914527 genomes  188540 energy   200.2 births 15821128 deaths 15822756 (10256.8s) AMD Radeon AI PRO R9700 (RADV GFX1201)
tick 4048000 alive   919048 genomes  188538 energy   199.4 births 15959817 deaths 15955296 (10259.3s) AMD Radeon AI PRO R9700 (RADV GFX1201)
tick 4049000 alive   923123 genomes  186499 energy   199.3 births 16052174 deaths 16048099 (10261.9s) AMD Radeon AI PRO R9700 (RADV GFX1201)
tick 4050000 alive   924027 genomes  187731 energy   199.1 births 16183569 deaths 16182665 (10264.4s) AMD Radeon AI PRO R9700 (RADV GFX1201)
tick 4051000 alive   921499 genomes  189266 energy   199.3 births 16138389 deaths 16140917 (10266.9s) AMD Radeon AI PRO R9700 (RADV GFX1201)
tick 4052000 alive   917110 genomes  190207 energy   199.4 births 16047657 deaths 16052046 (10269.4s) AMD Radeon AI PRO R9700 (RADV GFX1201)
tick 4053000 alive   916275 genomes  190995 energy   199.2 births 15964162 deaths 15964997 (10271.9s) AMD Radeon AI PRO R9700 (RADV GFX1201)
tick 4054000 alive   918440 genomes  189196 energy   198.9 births 16077569 deaths 16075404 (10274.5s) AMD Radeon AI PRO R9700 (RADV GFX1201)
tick 4055000 alive   922022 genomes  188405 energy   198.9 births 16304080 deaths 16300498 (10277.2s) AMD Radeon AI PRO R9700 (RADV GFX1201)
tick 4056000 alive   921882 genomes  188809 energy   198.4 births 16279916 deaths 16280056 (10280.0s) AMD Radeon AI PRO R9700 (RADV GFX1201)
tick 4057000 alive   923539 genomes  186724 energy   198.4 births 16346719 deaths 16345062 (10282.6s) AMD Radeon AI PRO R9700 (RADV GFX1201)
tick 4058000 alive   926003 genomes  183482 energy   198.7 births 16468898 deaths 16466434 (10285.1s) AMD Radeon AI PRO R9700 (RADV GFX1201)
tick 4059000 alive   925680 genomes  183383 energy   198.5 births 16431508 deaths 16431831 (10287.7s) AMD Radeon AI PRO R9700 (RADV GFX1201)
tick 4060000 alive   923319 genomes  183684 energy   198.9 births 16429581 deaths 16431942 (10290.2s) AMD Radeon AI PRO R9700 (RADV GFX1201)
tick 4061000 alive   918862 genomes  182573 energy   199.1 births 16167096 deaths 16171553 (10292.7s) AMD Radeon AI PRO R9700 (RADV GFX1201)
tick 4062000 alive   925710 genomes  181348 energy   198.8 births 16322063 deaths 16315215 (10295.2s) AMD Radeon AI PRO R9700 (RADV GFX1201)
tick 4063000 alive   925387 genomes  179804 energy   198.8 births 16349055 deaths 16349378 (10297.7s) AMD Radeon AI PRO R9700 (RADV GFX1201)
tick 4064000 alive   927188 genomes  179641 energy   198.9 births 16445827 deaths 16444026 (10300.3s) AMD Radeon AI PRO R9700 (RADV GFX1201)
tick 4065000 alive   924457 genomes  179657 energy   199.7 births 16254132 deaths 16256863 (10302.8s) AMD Radeon AI PRO R9700 (RADV GFX1201)
tick 4066000 alive   924493 genomes  180342 energy   199.2 births 16271579 deaths 16271543 (10305.3s) AMD Radeon AI PRO R9700 (RADV GFX1201)
tick 4067000 alive   926835 genomes  180857 energy   198.8 births 16293209 deaths 16290867 (10307.8s) AMD Radeon AI PRO R9700 (RADV GFX1201)
tick 4068000 alive   925734 genomes  181652 energy   199.2 births 16345965 deaths 16347066 (10310.3s) AMD Radeon AI PRO R9700 (RADV GFX1201)
tick 4069000 alive   922343 genomes  181887 energy   199.1 births 16257306 deaths 16260697 (10312.8s) AMD Radeon AI PRO R9700 (RADV GFX1201)
tick 4070000 alive   920452 genomes  183439 energy   199.3 births 16241025 deaths 16242916 (10315.4s) AMD Radeon AI PRO R9700 (RADV GFX1201)
tick 4071000 alive   918027 genomes  183883 energy   199.0 births 16152350 deaths 16154775 (10317.9s) AMD Radeon AI PRO R9700 (RADV GFX1201)
tick 4072000 alive   923656 genomes  182999 energy   198.9 births 16306952 deaths 16301323 (10320.4s) AMD Radeon AI PRO R9700 (RADV GFX1201)
tick 4073000 alive   927679 genomes  180734 energy   198.7 births 16369693 deaths 16365670 (10322.9s) AMD Radeon AI PRO R9700 (RADV GFX1201)
tick 4074000 alive   927468 genomes  180979 energy   199.1 births 16369727 deaths 16369938 (10325.4s) AMD Radeon AI PRO R9700 (RADV GFX1201)
tick 4075000 alive   930038 genomes  180976 energy   198.9 births 16426746 deaths 16424176 (10328.0s) AMD Radeon AI PRO R9700 (RADV GFX1201)
tick 4076000 alive   928906 genomes  180836 energy   199.2 births 16398253 deaths 16399385 (10330.7s) AMD Radeon AI PRO R9700 (RADV GFX1201)
tick 4077000 alive   928539 genomes  181578 energy   199.0 births 16383200 deaths 16383567 (10333.2s) AMD Radeon AI PRO R9700 (RADV GFX1201)
tick 4078000 alive   928807 genomes  181640 energy   199.5 births 16375938 deaths 16375670 (10335.7s) AMD Radeon AI PRO R9700 (RADV GFX1201)
tick 4079000 alive   926204 genomes  182229 energy   199.0 births 16298764 deaths 16301367 (10338.3s) AMD Radeon AI PRO R9700 (RADV GFX1201)
tick 4080000 alive   926165 genomes  182232 energy   199.2 births 16388877 deaths 16388916 (10340.8s) AMD Radeon AI PRO R9700 (RADV GFX1201)
tick 4081000 alive   920344 genomes  184784 energy   198.9 births 16202294 deaths 16208115 (10343.3s) AMD Radeon AI PRO R9700 (RADV GFX1201)
tick 4082000 alive   919320 genomes  185655 energy   199.1 births 16195966 deaths 16196990 (10345.9s) AMD Radeon AI PRO R9700 (RADV GFX1201)
tick 4083000 alive   922036 genomes  185929 energy   198.7 births 16266262 deaths 16263546 (10348.4s) AMD Radeon AI PRO R9700 (RADV GFX1201)
tick 4084000 alive   926670 genomes  182972 energy   198.6 births 16475330 deaths 16470696 (10350.9s) AMD Radeon AI PRO R9700 (RADV GFX1201)
tick 4085000 alive   927776 genomes  181042 energy   198.5 births 16456447 deaths 16455341 (10353.4s) AMD Radeon AI PRO R9700 (RADV GFX1201)
tick 4086000 alive   928245 genomes  181180 energy   199.0 births 16507089 deaths 16506620 (10356.0s) AMD Radeon AI PRO R9700 (RADV GFX1201)
tick 4087000 alive   924751 genomes  181749 energy   199.0 births 16385845 deaths 16389339 (10358.5s) AMD Radeon AI PRO R9700 (RADV GFX1201)
tick 4088000 alive   927223 genomes  180748 energy   198.5 births 16454942 deaths 16452470 (10361.1s) AMD Radeon AI PRO R9700 (RADV GFX1201)
tick 4089000 alive   932053 genomes  179698 energy   198.4 births 16601168 deaths 16596338 (10363.6s) AMD Radeon AI PRO R9700 (RADV GFX1201)
tick 4090000 alive   932308 genomes  179471 energy   198.2 births 16636711 deaths 16636456 (10366.2s) AMD Radeon AI PRO R9700 (RADV GFX1201)
tick 4091000 alive   929513 genomes  179312 energy   198.4 births 16625509 deaths 16628304 (10368.7s) AMD Radeon AI PRO R9700 (RADV GFX1201)
tick 4092000 alive   930457 genomes  179204 energy   198.5 births 16600787 deaths 16599843 (10371.2s) AMD Radeon AI PRO R9700 (RADV GFX1201)
tick 4093000 alive   928319 genomes  180324 energy   199.0 births 16509115 deaths 16511253 (10373.7s) AMD Radeon AI PRO R9700 (RADV GFX1201)
tick 4094000 alive   928438 genomes  180822 energy   198.3 births 16467620 deaths 16467501 (10376.3s) AMD Radeon AI PRO R9700 (RADV GFX1201)
tick 4095000 alive   924814 genomes  179091 energy   198.9 births 16470294 deaths 16473918 (10379.0s) AMD Radeon AI PRO R9700 (RADV GFX1201)
tick 4096000 alive   929453 genomes  179316 energy   198.6 births 16524473 deaths 16519834 (10381.5s) AMD Radeon AI PRO R9700 (RADV GFX1201)
tick 4097000 alive   929794 genomes  180392 energy   198.7 births 16532235 deaths 16531894 (10384.4s) AMD Radeon AI PRO R9700 (RADV GFX1201)
tick 4098000 alive   926672 genomes  181429 energy   198.8 births 16417425 deaths 16420547 (10387.2s) AMD Radeon AI PRO R9700 (RADV GFX1201)
tick 4099000 alive   927412 genomes  182329 energy   198.6 births 16425387 deaths 16424647 (10389.8s) AMD Radeon AI PRO R9700 (RADV GFX1201)
tick 4100000 alive   929185 genomes  179988 energy   198.4 births 16484328 deaths 16482555 (10392.4s) AMD Radeon AI PRO R9700 (RADV GFX1201)
tick 4101000 alive   928438 genomes  180259 energy   198.9 births 16495254 deaths 16496001 (10394.9s) AMD Radeon AI PRO R9700 (RADV GFX1201)
tick 4102000 alive   923111 genomes  180938 energy   198.5 births 16384184 deaths 16389511 (10397.5s) AMD Radeon AI PRO R9700 (RADV GFX1201)
tick 4103000 alive   924014 genomes  183340 energy   198.5 births 16403299 deaths 16402396 (10400.1s) AMD Radeon AI PRO R9700 (RADV GFX1201)
tick 4104000 alive   927476 genomes  183121 energy   198.7 births 16371782 deaths 16368320 (10402.7s) AMD Radeon AI PRO R9700 (RADV GFX1201)
tick 4105000 alive   926606 genomes  182620 energy   198.4 births 16473743 deaths 16474613 (10405.4s) AMD Radeon AI PRO R9700 (RADV GFX1201)
tick 4106000 alive   926971 genomes  182831 energy   198.4 births 16459932 deaths 16459567 (10408.0s) AMD Radeon AI PRO R9700 (RADV GFX1201)
tick 4107000 alive   926989 genomes  182386 energy   198.7 births 16421117 deaths 16421099 (10410.5s) AMD Radeon AI PRO R9700 (RADV GFX1201)
tick 4108000 alive   926488 genomes  180371 energy   199.2 births 16437823 deaths 16438324 (10413.1s) AMD Radeon AI PRO R9700 (RADV GFX1201)
tick 4109000 alive   929148 genomes  180325 energy   198.9 births 16384740 deaths 16382080 (10415.6s) AMD Radeon AI PRO R9700 (RADV GFX1201)
tick 4110000 alive   928943 genomes  177750 energy   199.3 births 16384732 deaths 16384937 (10418.2s) AMD Radeon AI PRO R9700 (RADV GFX1201)
tick 4111000 alive   927717 genomes  180248 energy   199.3 births 16351726 deaths 16352952 (10420.8s) AMD Radeon AI PRO R9700 (RADV GFX1201)
tick 4112000 alive   927325 genomes  182379 energy   199.4 births 16305066 deaths 16305458 (10423.4s) AMD Radeon AI PRO R9700 (RADV GFX1201)
tick 4113000 alive   925614 genomes  183141 energy   199.5 births 16189049 deaths 16190760 (10426.0s) AMD Radeon AI PRO R9700 (RADV GFX1201)
tick 4114000 alive   927114 genomes  183554 energy   199.3 births 16301384 deaths 16299884 (10428.4s) AMD Radeon AI PRO R9700 (RADV GFX1201)
tick 4115000 alive   924538 genomes  183348 energy   199.5 births 16276284 deaths 16278860 (10430.9s) AMD Radeon AI PRO R9700 (RADV GFX1201)
tick 4116000 alive   925970 genomes  185976 energy   198.5 births 16275147 deaths 16273715 (10433.5s) AMD Radeon AI PRO R9700 (RADV GFX1201)
tick 4117000 alive   927502 genomes  184733 energy   198.8 births 16389861 deaths 16388329 (10436.0s) AMD Radeon AI PRO R9700 (RADV GFX1201)
tick 4118000 alive   927341 genomes  184482 energy   198.8 births 16479333 deaths 16479494 (10438.5s) AMD Radeon AI PRO R9700 (RADV GFX1201)
tick 4119000 alive   927008 genomes  184698 energy   199.0 births 16435271 deaths 16435604 (10441.0s) AMD Radeon AI PRO R9700 (RADV GFX1201)
tick 4120000 alive   931848 genomes  185323 energy   198.7 births 16458478 deaths 16453638 (10443.6s) AMD Radeon AI PRO R9700 (RADV GFX1201)
tick 4121000 alive   930248 genomes  185547 energy   198.6 births 16468473 deaths 16470073 (10446.2s) AMD Radeon AI PRO R9700 (RADV GFX1201)
tick 4122000 alive   926901 genomes  184574 energy   198.8 births 16478325 deaths 16481672 (10448.7s) AMD Radeon AI PRO R9700 (RADV GFX1201)
tick 4123000 alive   928887 genomes  183895 energy   198.8 births 16449252 deaths 16447266 (10451.2s) AMD Radeon AI PRO R9700 (RADV GFX1201)
tick 4124000 alive   925444 genomes  184289 energy   198.7 births 16433480 deaths 16436923 (10453.7s) AMD Radeon AI PRO R9700 (RADV GFX1201)
tick 4125000 alive   927717 genomes  182716 energy   198.6 births 16482999 deaths 16480726 (10456.3s) AMD Radeon AI PRO R9700 (RADV GFX1201)
tick 4126000 alive   931657 genomes  181846 energy   198.9 births 16466144 deaths 16462204 (10459.0s) AMD Radeon AI PRO R9700 (RADV GFX1201)
tick 4127000 alive   930271 genomes  183050 energy   199.2 births 16420504 deaths 16421890 (10461.6s) AMD Radeon AI PRO R9700 (RADV GFX1201)
tick 4128000 alive   927999 genomes  182340 energy   199.2 births 16424589 deaths 16426861 (10464.1s) AMD Radeon AI PRO R9700 (RADV GFX1201)
tick 4129000 alive   922344 genomes  183432 energy   198.9 births 16275803 deaths 16281458 (10466.6s) AMD Radeon AI PRO R9700 (RADV GFX1201)
tick 4130000 alive   924619 genomes  183147 energy   199.2 births 16242026 deaths 16239751 (10469.1s) AMD Radeon AI PRO R9700 (RADV GFX1201)
tick 4131000 alive   929877 genomes  181452 energy   199.2 births 16373556 deaths 16368298 (10471.7s) AMD Radeon AI PRO R9700 (RADV GFX1201)
tick 4132000 alive   928000 genomes  182597 energy   199.4 births 16339962 deaths 16341839 (10474.2s) AMD Radeon AI PRO R9700 (RADV GFX1201)
tick 4133000 alive   926744 genomes  183447 energy   199.2 births 16232689 deaths 16233945 (10476.7s) AMD Radeon AI PRO R9700 (RADV GFX1201)
tick 4134000 alive   932078 genomes  182357 energy   199.3 births 16408324 deaths 16402990 (10479.2s) AMD Radeon AI PRO R9700 (RADV GFX1201)
tick 4135000 alive   932284 genomes  182756 energy   199.7 births 16374406 deaths 16374200 (10481.7s) AMD Radeon AI PRO R9700 (RADV GFX1201)
tick 4136000 alive   929112 genomes  183062 energy   199.9 births 16282417 deaths 16285589 (10484.3s) AMD Radeon AI PRO R9700 (RADV GFX1201)
tick 4137000 alive   929955 genomes  184519 energy   199.5 births 16212347 deaths 16211504 (10486.8s) AMD Radeon AI PRO R9700 (RADV GFX1201)
tick 4138000 alive   928558 genomes  183036 energy   199.5 births 16307379 deaths 16308776 (10489.6s) AMD Radeon AI PRO R9700 (RADV GFX1201)
tick 4139000 alive   930388 genomes  183323 energy   199.5 births 16208787 deaths 16206957 (10492.1s) AMD Radeon AI PRO R9700 (RADV GFX1201)
tick 4140000 alive   933650 genomes  184884 energy   199.3 births 16396947 deaths 16393685 (10494.7s) AMD Radeon AI PRO R9700 (RADV GFX1201)
tick 4141000 alive   932074 genomes  185201 energy   199.0 births 16455259 deaths 16456835 (10497.2s) AMD Radeon AI PRO R9700 (RADV GFX1201)
tick 4142000 alive   928456 genomes  186084 energy   199.5 births 16346635 deaths 16350253 (10499.7s) AMD Radeon AI PRO R9700 (RADV GFX1201)
tick 4143000 alive   927381 genomes  185242 energy   199.1 births 16247168 deaths 16248243 (10502.3s) AMD Radeon AI PRO R9700 (RADV GFX1201)
tick 4144000 alive   928688 genomes  183568 energy   199.4 births 16271737 deaths 16270430 (10504.8s) AMD Radeon AI PRO R9700 (RADV GFX1201)
tick 4145000 alive   933209 genomes  182668 energy   199.0 births 16427088 deaths 16422567 (10507.3s) AMD Radeon AI PRO R9700 (RADV GFX1201)
tick 4146000 alive   930619 genomes  182457 energy   199.2 births 16408975 deaths 16411565 (10509.9s) AMD Radeon AI PRO R9700 (RADV GFX1201)
tick 4147000 alive   927795 genomes  181775 energy   199.0 births 16346903 deaths 16349727 (10512.4s) AMD Radeon AI PRO R9700 (RADV GFX1201)
tick 4148000 alive   928234 genomes  181981 energy   199.3 births 16321694 deaths 16321255 (10514.9s) AMD Radeon AI PRO R9700 (RADV GFX1201)
tick 4149000 alive   931668 genomes  180733 energy   199.2 births 16365724 deaths 16362290 (10517.4s) AMD Radeon AI PRO R9700 (RADV GFX1201)
tick 4150000 alive   930787 genomes  180373 energy   199.5 births 16400053 deaths 16400934 (10520.0s) AMD Radeon AI PRO R9700 (RADV GFX1201)
tick 4151000 alive   932230 genomes  181817 energy   199.2 births 16417414 deaths 16415971 (10522.5s) AMD Radeon AI PRO R9700 (RADV GFX1201)
tick 4152000 alive   930803 genomes  182021 energy   199.4 births 16428794 deaths 16430221 (10525.0s) AMD Radeon AI PRO R9700 (RADV GFX1201)
tick 4153000 alive   930821 genomes  182594 energy   199.7 births 16329382 deaths 16329364 (10527.5s) AMD Radeon AI PRO R9700 (RADV GFX1201)
tick 4154000 alive   929993 genomes  182381 energy   199.8 births 16265443 deaths 16266271 (10530.0s) AMD Radeon AI PRO R9700 (RADV GFX1201)
tick 4155000 alive   928728 genomes  184543 energy   200.0 births 16311595 deaths 16312860 (10532.5s) AMD Radeon AI PRO R9700 (RADV GFX1201)
tick 4156000 alive   929122 genomes  185887 energy   199.4 births 16256731 deaths 16256337 (10535.0s) AMD Radeon AI PRO R9700 (RADV GFX1201)
tick 4157000 alive   930290 genomes  184493 energy   198.8 births 16382614 deaths 16381446 (10537.6s) AMD Radeon AI PRO R9700 (RADV GFX1201)
tick 4158000 alive   934140 genomes  183308 energy   199.7 births 16406815 deaths 16402965 (10540.1s) AMD Radeon AI PRO R9700 (RADV GFX1201)
tick 4159000 alive   931509 genomes  181821 energy   200.0 births 16339154 deaths 16341785 (10542.6s) AMD Radeon AI PRO R9700 (RADV GFX1201)
tick 4160000 alive   928036 genomes  181104 energy   199.6 births 16180578 deaths 16184051 (10545.2s) AMD Radeon AI PRO R9700 (RADV GFX1201)
tick 4161000 alive   933087 genomes  182033 energy   199.9 births 16257769 deaths 16252718 (10547.7s) AMD Radeon AI PRO R9700 (RADV GFX1201)
tick 4162000 alive   935690 genomes  180559 energy   199.7 births 16384420 deaths 16381817 (10550.2s) AMD Radeon AI PRO R9700 (RADV GFX1201)
tick 4163000 alive   932781 genomes  180020 energy   200.1 births 16327472 deaths 16330381 (10552.7s) AMD Radeon AI PRO R9700 (RADV GFX1201)
tick 4164000 alive   933521 genomes  182074 energy   199.5 births 16278814 deaths 16278074 (10555.2s) AMD Radeon AI PRO R9700 (RADV GFX1201)
tick 4165000 alive   929931 genomes  184401 energy   199.2 births 16240527 deaths 16244117 (10557.8s) AMD Radeon AI PRO R9700 (RADV GFX1201)
tick 4166000 alive   929825 genomes  186534 energy   199.5 births 16303407 deaths 16303513 (10560.4s) AMD Radeon AI PRO R9700 (RADV GFX1201)
tick 4167000 alive   926638 genomes  188418 energy   199.3 births 16249524 deaths 16252711 (10562.9s) AMD Radeon AI PRO R9700 (RADV GFX1201)
tick 4168000 alive   928099 genomes  188341 energy   199.7 births 16289768 deaths 16288307 (10565.4s) AMD Radeon AI PRO R9700 (RADV GFX1201)
tick 4169000 alive   927591 genomes  187466 energy   199.3 births 16250836 deaths 16251344 (10567.9s) AMD Radeon AI PRO R9700 (RADV GFX1201)
tick 4170000 alive   927645 genomes  186300 energy   199.6 births 16224714 deaths 16224660 (10570.4s) AMD Radeon AI PRO R9700 (RADV GFX1201)
tick 4171000 alive   930917 genomes  186625 energy   199.6 births 16252929 deaths 16249657 (10572.9s) AMD Radeon AI PRO R9700 (RADV GFX1201)
tick 4172000 alive   933131 genomes  187088 energy   200.0 births 16279253 deaths 16277039 (10575.6s) AMD Radeon AI PRO R9700 (RADV GFX1201)
tick 4173000 alive   931081 genomes  185536 energy   199.7 births 16317978 deaths 16320028 (10578.2s) AMD Radeon AI PRO R9700 (RADV GFX1201)
tick 4174000 alive   926694 genomes  187503 energy   199.8 births 16223555 deaths 16227942 (10580.7s) AMD Radeon AI PRO R9700 (RADV GFX1201)
tick 4175000 alive   930177 genomes  187331 energy   199.6 births 16216851 deaths 16213368 (10583.2s) AMD Radeon AI PRO R9700 (RADV GFX1201)
tick 4176000 alive   931442 genomes  188785 energy   199.3 births 16339643 deaths 16338378 (10585.8s) AMD Radeon AI PRO R9700 (RADV GFX1201)
tick 4177000 alive   928853 genomes  187499 energy   199.9 births 16266467 deaths 16269056 (10588.3s) AMD Radeon AI PRO R9700 (RADV GFX1201)
tick 4178000 alive   929238 genomes  189332 energy   200.1 births 16155790 deaths 16155405 (10590.9s) AMD Radeon AI PRO R9700 (RADV GFX1201)
tick 4179000 alive   927472 genomes  191509 energy   199.7 births 16174573 deaths 16176339 (10593.4s) AMD Radeon AI PRO R9700 (RADV GFX1201)
tick 4180000 alive   925894 genomes  191125 energy   199.3 births 16262703 deaths 16264281 (10596.0s) AMD Radeon AI PRO R9700 (RADV GFX1201)
tick 4181000 alive   931143 genomes  189878 energy   199.2 births 16282837 deaths 16277588 (10598.5s) AMD Radeon AI PRO R9700 (RADV GFX1201)
tick 4182000 alive   932877 genomes  189448 energy   200.0 births 16335119 deaths 16333385 (10601.0s) AMD Radeon AI PRO R9700 (RADV GFX1201)
tick 4183000 alive   929758 genomes  191038 energy   200.2 births 16188122 deaths 16191241 (10603.6s) AMD Radeon AI PRO R9700 (RADV GFX1201)
tick 4184000 alive   927153 genomes  192843 energy   199.8 births 16164584 deaths 16167189 (10606.1s) AMD Radeon AI PRO R9700 (RADV GFX1201)
tick 4185000 alive   928797 genomes  192164 energy   199.6 births 16173009 deaths 16171365 (10608.6s) AMD Radeon AI PRO R9700 (RADV GFX1201)
tick 4186000 alive   928644 genomes  190332 energy   199.4 births 16257247 deaths 16257400 (10611.1s) AMD Radeon AI PRO R9700 (RADV GFX1201)
tick 4187000 alive   927726 genomes  190057 energy   199.0 births 16307471 deaths 16308389 (10613.6s) AMD Radeon AI PRO R9700 (RADV GFX1201)
tick 4188000 alive   927771 genomes  190141 energy   199.4 births 16235440 deaths 16235395 (10616.1s) AMD Radeon AI PRO R9700 (RADV GFX1201)
tick 4189000 alive   929615 genomes  187807 energy   200.2 births 16319103 deaths 16317259 (10618.6s) AMD Radeon AI PRO R9700 (RADV GFX1201)
tick 4190000 alive   929796 genomes  187838 energy   199.8 births 16110965 deaths 16110784 (10621.1s) AMD Radeon AI PRO R9700 (RADV GFX1201)
tick 4191000 alive   928558 genomes  188413 energy   199.9 births 16119393 deaths 16120631 (10623.6s) AMD Radeon AI PRO R9700 (RADV GFX1201)
tick 4192000 alive   927746 genomes  190506 energy   199.9 births 16180377 deaths 16181189 (10626.1s) AMD Radeon AI PRO R9700 (RADV GFX1201)
tick 4193000 alive   929050 genomes  189768 energy   199.6 births 16247103 deaths 16245799 (10628.6s) AMD Radeon AI PRO R9700 (RADV GFX1201)
tick 4194000 alive   928012 genomes  189193 energy   199.7 births 16199578 deaths 16200616 (10631.1s) AMD Radeon AI PRO R9700 (RADV GFX1201)
tick 4195000 alive   925248 genomes  190017 energy   199.7 births 16227937 deaths 16230701 (10633.5s) AMD Radeon AI PRO R9700 (RADV GFX1201)
tick 4196000 alive   923247 genomes  191657 energy   199.5 births 16085168 deaths 16087169 (10636.0s) AMD Radeon AI PRO R9700 (RADV GFX1201)
tick 4197000 alive   927745 genomes  187083 energy   199.5 births 16256702 deaths 16252204 (10638.5s) AMD Radeon AI PRO R9700 (RADV GFX1201)
tick 4198000 alive   934045 genomes  185786 energy   199.5 births 16335129 deaths 16328829 (10641.0s) AMD Radeon AI PRO R9700 (RADV GFX1201)
tick 4199000 alive   935942 genomes  183149 energy   199.9 births 16296779 deaths 16294882 (10643.5s) AMD Radeon AI PRO R9700 (RADV GFX1201)
tick 4200000 alive   932262 genomes  183700 energy   200.2 births 16169110 deaths 16172790 (10646.1s) AMD Radeon AI PRO R9700 (RADV GFX1201)
tick 4201000 alive   930636 genomes  184898 energy   200.0 births 16103060 deaths 16104686 (10648.6s) AMD Radeon AI PRO R9700 (RADV GFX1201)
tick 4202000 alive   929381 genomes  186519 energy   200.1 births 16048403 deaths 16049658 (10651.3s) AMD Radeon AI PRO R9700 (RADV GFX1201)
tick 4203000 alive   925463 genomes  185680 energy   200.5 births 15947507 deaths 15951425 (10653.9s) AMD Radeon AI PRO R9700 (RADV GFX1201)
tick 4204000 alive   924907 genomes  185730 energy   200.2 births 16013725 deaths 16014281 (10656.4s) AMD Radeon AI PRO R9700 (RADV GFX1201)
tick 4205000 alive   929032 genomes  183723 energy   200.1 births 16018715 deaths 16014590 (10658.9s) AMD Radeon AI PRO R9700 (RADV GFX1201)
tick 4206000 alive   928187 genomes  183491 energy   200.1 births 16102100 deaths 16102945 (10661.4s) AMD Radeon AI PRO R9700 (RADV GFX1201)
tick 4207000 alive   926538 genomes  184398 energy   200.3 births 16050005 deaths 16051654 (10663.9s) AMD Radeon AI PRO R9700 (RADV GFX1201)
tick 4208000 alive   923635 genomes  186255 energy   200.6 births 16011545 deaths 16014448 (10666.4s) AMD Radeon AI PRO R9700 (RADV GFX1201)
tick 4209000 alive   922634 genomes  188143 energy   199.8 births 15966243 deaths 15967244 (10668.9s) AMD Radeon AI PRO R9700 (RADV GFX1201)
tick 4210000 alive   921283 genomes  186836 energy   200.2 births 16026539 deaths 16027890 (10671.4s) AMD Radeon AI PRO R9700 (RADV GFX1201)
tick 4211000 alive   919866 genomes  186798 energy   199.9 births 16006967 deaths 16008384 (10673.9s) AMD Radeon AI PRO R9700 (RADV GFX1201)
tick 4212000 alive   919974 genomes  187371 energy   200.0 births 16003498 deaths 16003390 (10676.3s) AMD Radeon AI PRO R9700 (RADV GFX1201)
tick 4213000 alive   923406 genomes  189300 energy   199.6 births 15985656 deaths 15982224 (10678.9s) AMD Radeon AI PRO R9700 (RADV GFX1201)
tick 4214000 alive   923623 genomes  191531 energy   200.3 births 16022629 deaths 16022412 (10681.4s) AMD Radeon AI PRO R9700 (RADV GFX1201)
tick 4215000 alive   921857 genomes  192311 energy   199.8 births 15950188 deaths 15951954 (10683.9s) AMD Radeon AI PRO R9700 (RADV GFX1201)
tick 4216000 alive   919200 genomes  192521 energy   199.5 births 15989765 deaths 15992422 (10686.4s) AMD Radeon AI PRO R9700 (RADV GFX1201)
tick 4217000 alive   922602 genomes  193846 energy   199.0 births 16053532 deaths 16050130 (10688.9s) AMD Radeon AI PRO R9700 (RADV GFX1201)
tick 4218000 alive   921738 genomes  193807 energy   199.6 births 16153049 deaths 16153913 (10691.4s) AMD Radeon AI PRO R9700 (RADV GFX1201)
tick 4219000 alive   917810 genomes  193643 energy   199.3 births 16017072 deaths 16021000 (10693.9s) AMD Radeon AI PRO R9700 (RADV GFX1201)
tick 4220000 alive   921472 genomes  194544 energy   199.5 births 16063589 deaths 16059927 (10696.5s) AMD Radeon AI PRO R9700 (RADV GFX1201)
tick 4221000 alive   919602 genomes  193600 energy   199.7 births 15981602 deaths 15983472 (10698.9s) AMD Radeon AI PRO R9700 (RADV GFX1201)
tick 4222000 alive   924510 genomes  194293 energy   199.9 births 16027786 deaths 16022878 (10701.4s) AMD Radeon AI PRO R9700 (RADV GFX1201)
tick 4223000 alive   920101 genomes  193826 energy   200.3 births 15939103 deaths 15943512 (10703.9s) AMD Radeon AI PRO R9700 (RADV GFX1201)
tick 4224000 alive   919535 genomes  194390 energy   199.7 births 15853638 deaths 15854204 (10706.4s) AMD Radeon AI PRO R9700 (RADV GFX1201)
tick 4225000 alive   920468 genomes  194149 energy   199.6 births 15996727 deaths 15995794 (10708.9s) AMD Radeon AI PRO R9700 (RADV GFX1201)
tick 4226000 alive   919257 genomes  192264 energy   199.3 births 16031185 deaths 16032396 (10711.4s) AMD Radeon AI PRO R9700 (RADV GFX1201)
tick 4227000 alive   920643 genomes  191335 energy   199.9 births 16090779 deaths 16089393 (10713.9s) AMD Radeon AI PRO R9700 (RADV GFX1201)
tick 4228000 alive   917559 genomes  189553 energy   199.7 births 15941607 deaths 15944691 (10716.4s) AMD Radeon AI PRO R9700 (RADV GFX1201)
tick 4229000 alive   918933 genomes  191273 energy   199.3 births 15972962 deaths 15971588 (10719.0s) AMD Radeon AI PRO R9700 (RADV GFX1201)
tick 4230000 alive   917606 genomes  191481 energy   199.8 births 15973840 deaths 15975167 (10721.5s) AMD Radeon AI PRO R9700 (RADV GFX1201)
tick 4231000 alive   917872 genomes  192479 energy   199.9 births 15833305 deaths 15833039 (10724.1s) AMD Radeon AI PRO R9700 (RADV GFX1201)
tick 4232000 alive   917001 genomes  194497 energy   200.0 births 15830819 deaths 15831690 (10726.6s) AMD Radeon AI PRO R9700 (RADV GFX1201)
tick 4233000 alive   918093 genomes  194550 energy   199.6 births 15894165 deaths 15893073 (10729.1s) AMD Radeon AI PRO R9700 (RADV GFX1201)
tick 4234000 alive   917042 genomes  192224 energy   199.4 births 15957918 deaths 15958969 (10731.6s) AMD Radeon AI PRO R9700 (RADV GFX1201)
tick 4235000 alive   917209 genomes  192758 energy   199.6 births 15984844 deaths 15984677 (10734.1s) AMD Radeon AI PRO R9700 (RADV GFX1201)
tick 4236000 alive   916988 genomes  194135 energy   199.3 births 15930536 deaths 15930757 (10736.6s) AMD Radeon AI PRO R9700 (RADV GFX1201)
tick 4237000 alive   919547 genomes  194125 energy   199.2 births 16021076 deaths 16018517 (10739.1s) AMD Radeon AI PRO R9700 (RADV GFX1201)
tick 4238000 alive   918840 genomes  194873 energy   199.1 births 16087636 deaths 16088343 (10741.6s) AMD Radeon AI PRO R9700 (RADV GFX1201)
tick 4239000 alive   916534 genomes  194037 energy   199.0 births 16016448 deaths 16018754 (10744.1s) AMD Radeon AI PRO R9700 (RADV GFX1201)
tick 4240000 alive   918102 genomes  196110 energy   198.9 births 16146497 deaths 16144929 (10746.6s) AMD Radeon AI PRO R9700 (RADV GFX1201)
tick 4241000 alive   912999 genomes  195219 energy   198.5 births 16088135 deaths 16093238 (10749.2s) AMD Radeon AI PRO R9700 (RADV GFX1201)
tick 4242000 alive   915913 genomes  195615 energy   198.3 births 16148539 deaths 16145625 (10751.7s) AMD Radeon AI PRO R9700 (RADV GFX1201)
tick 4243000 alive   916799 genomes  192109 energy   198.6 births 16196647 deaths 16195761 (10754.2s) AMD Radeon AI PRO R9700 (RADV GFX1201)
tick 4244000 alive   924847 genomes  190070 energy   198.8 births 16390723 deaths 16382675 (10756.7s) AMD Radeon AI PRO R9700 (RADV GFX1201)
tick 4245000 alive   919822 genomes  190255 energy   199.2 births 16239973 deaths 16244998 (10759.2s) AMD Radeon AI PRO R9700 (RADV GFX1201)
tick 4246000 alive   914586 genomes  193390 energy   199.0 births 16001277 deaths 16006513 (10761.7s) AMD Radeon AI PRO R9700 (RADV GFX1201)
tick 4247000 alive   914719 genomes  195058 energy   198.8 births 16078092 deaths 16077959 (10764.2s) AMD Radeon AI PRO R9700 (RADV GFX1201)
tick 4248000 alive   916137 genomes  194755 energy   198.6 births 16179995 deaths 16178577 (10766.7s) AMD Radeon AI PRO R9700 (RADV GFX1201)
tick 4249000 alive   915270 genomes  194447 energy   198.4 births 16222007 deaths 16222874 (10769.2s) AMD Radeon AI PRO R9700 (RADV GFX1201)
tick 4250000 alive   920776 genomes  195093 energy   198.4 births 16321902 deaths 16316396 (10771.7s) AMD Radeon AI PRO R9700 (RADV GFX1201)
tick 4251000 alive   918246 genomes  193903 energy   199.1 births 16214513 deaths 16217043 (10774.2s) AMD Radeon AI PRO R9700 (RADV GFX1201)
tick 4252000 alive   915800 genomes  195819 energy   199.3 births 16042351 deaths 16044797 (10776.7s) AMD Radeon AI PRO R9700 (RADV GFX1201)
tick 4253000 alive   917505 genomes  195255 energy   198.8 births 16066920 deaths 16065215 (10779.3s) AMD Radeon AI PRO R9700 (RADV GFX1201)
tick 4254000 alive   918779 genomes  194716 energy   198.7 births 16193351 deaths 16192077 (10781.9s) AMD Radeon AI PRO R9700 (RADV GFX1201)
tick 4255000 alive   916535 genomes  194268 energy   198.9 births 16131632 deaths 16133876 (10784.4s) AMD Radeon AI PRO R9700 (RADV GFX1201)
tick 4256000 alive   916250 genomes  196639 energy   198.9 births 16058321 deaths 16058606 (10786.9s) AMD Radeon AI PRO R9700 (RADV GFX1201)
tick 4257000 alive   908950 genomes  199424 energy   199.1 births 15985297 deaths 15992597 (10789.5s) AMD Radeon AI PRO R9700 (RADV GFX1201)
tick 4258000 alive   914773 genomes  198503 energy   198.1 births 16096371 deaths 16090548 (10792.1s) AMD Radeon AI PRO R9700 (RADV GFX1201)
tick 4259000 alive   920279 genomes  196919 energy   198.0 births 16356234 deaths 16350728 (10794.6s) AMD Radeon AI PRO R9700 (RADV GFX1201)
tick 4260000 alive   917718 genomes  195109 energy   198.2 births 16422161 deaths 16424722 (10797.1s) AMD Radeon AI PRO R9700 (RADV GFX1201)
tick 4261000 alive   916742 genomes  193828 energy   198.1 births 16316565 deaths 16317541 (10799.7s) AMD Radeon AI PRO R9700 (RADV GFX1201)
tick 4262000 alive   918436 genomes  192588 energy   197.8 births 16372689 deaths 16370995 (10802.3s) AMD Radeon AI PRO R9700 (RADV GFX1201)
tick 4263000 alive   921029 genomes  191130 energy   197.8 births 16435117 deaths 16432524 (10804.8s) AMD Radeon AI PRO R9700 (RADV GFX1201)
tick 4264000 alive   919603 genomes  190546 energy   198.3 births 16483993 deaths 16485419 (10807.3s) AMD Radeon AI PRO R9700 (RADV GFX1201)
tick 4265000 alive   915346 genomes  192043 energy   198.2 births 16258857 deaths 16263114 (10809.8s) AMD Radeon AI PRO R9700 (RADV GFX1201)
tick 4266000 alive   912805 genomes  193322 energy   198.4 births 16210173 deaths 16212714 (10812.3s) AMD Radeon AI PRO R9700 (RADV GFX1201)
tick 4267000 alive   910224 genomes  191813 energy   198.7 births 16091072 deaths 16093653 (10814.9s) AMD Radeon AI PRO R9700 (RADV GFX1201)
tick 4268000 alive   917831 genomes  193887 energy   198.2 births 16249102 deaths 16241495 (10817.4s) AMD Radeon AI PRO R9700 (RADV GFX1201)
tick 4269000 alive   914452 genomes  193974 energy   198.9 births 16227611 deaths 16230990 (10819.9s) AMD Radeon AI PRO R9700 (RADV GFX1201)
tick 4270000 alive   912727 genomes  195599 energy   198.6 births 16132333 deaths 16134058 (10822.5s) AMD Radeon AI PRO R9700 (RADV GFX1201)
tick 4271000 alive   911808 genomes  196625 energy   198.3 births 16086107 deaths 16087026 (10825.1s) AMD Radeon AI PRO R9700 (RADV GFX1201)
tick 4272000 alive   914219 genomes  196785 energy   199.0 births 16097482 deaths 16095071 (10827.8s) AMD Radeon AI PRO R9700 (RADV GFX1201)
tick 4273000 alive   910825 genomes  196269 energy   199.3 births 15987249 deaths 15990643 (10830.3s) AMD Radeon AI PRO R9700 (RADV GFX1201)
tick 4274000 alive   914824 genomes  197359 energy   198.9 births 16036927 deaths 16032928 (10832.8s) AMD Radeon AI PRO R9700 (RADV GFX1201)
tick 4275000 alive   921387 genomes  194638 energy   198.9 births 16265100 deaths 16258537 (10835.4s) AMD Radeon AI PRO R9700 (RADV GFX1201)
tick 4276000 alive   923285 genomes  195494 energy   198.4 births 16319461 deaths 16317563 (10837.9s) AMD Radeon AI PRO R9700 (RADV GFX1201)
tick 4277000 alive   918611 genomes  195816 energy   198.6 births 16272028 deaths 16276702 (10840.6s) AMD Radeon AI PRO R9700 (RADV GFX1201)
tick 4278000 alive   923922 genomes  196744 energy   198.0 births 16313723 deaths 16308412 (10843.2s) AMD Radeon AI PRO R9700 (RADV GFX1201)
tick 4279000 alive   921891 genomes  193734 energy   198.7 births 16389290 deaths 16391321 (10845.7s) AMD Radeon AI PRO R9700 (RADV GFX1201)
tick 4280000 alive   919460 genomes  192683 energy   198.8 births 16242423 deaths 16244854 (10848.2s) AMD Radeon AI PRO R9700 (RADV GFX1201)
tick 4281000 alive   925179 genomes  190621 energy   198.4 births 16335887 deaths 16330168 (10850.8s) AMD Radeon AI PRO R9700 (RADV GFX1201)
tick 4282000 alive   926966 genomes  188367 energy   198.7 births 16476045 deaths 16474258 (10853.4s) AMD Radeon AI PRO R9700 (RADV GFX1201)
tick 4283000 alive   922042 genomes  187519 energy   198.5 births 16428367 deaths 16433291 (10855.9s) AMD Radeon AI PRO R9700 (RADV GFX1201)
tick 4284000 alive   920825 genomes  190385 energy   198.3 births 16302008 deaths 16303225 (10858.4s) AMD Radeon AI PRO R9700 (RADV GFX1201)
tick 4285000 alive   919844 genomes  190505 energy   198.4 births 16318763 deaths 16319744 (10861.0s) AMD Radeon AI PRO R9700 (RADV GFX1201)
tick 4286000 alive   921814 genomes  188204 energy   198.6 births 16355486 deaths 16353516 (10863.5s) AMD Radeon AI PRO R9700 (RADV GFX1201)
tick 4287000 alive   924907 genomes  187412 energy   198.5 births 16439666 deaths 16436573 (10866.0s) AMD Radeon AI PRO R9700 (RADV GFX1201)
tick 4288000 alive   922324 genomes  186935 energy   198.7 births 16380826 deaths 16383409 (10868.5s) AMD Radeon AI PRO R9700 (RADV GFX1201)
tick 4289000 alive   923630 genomes  190605 energy   198.7 births 16395866 deaths 16394560 (10871.2s) AMD Radeon AI PRO R9700 (RADV GFX1201)
tick 4290000 alive   920157 genomes  190908 energy   198.4 births 16280968 deaths 16284441 (10873.7s) AMD Radeon AI PRO R9700 (RADV GFX1201)
tick 4291000 alive   925247 genomes  191363 energy   198.6 births 16348769 deaths 16343679 (10876.2s) AMD Radeon AI PRO R9700 (RADV GFX1201)
tick 4292000 alive   923098 genomes  190285 energy   199.2 births 16308820 deaths 16310969 (10878.8s) AMD Radeon AI PRO R9700 (RADV GFX1201)
tick 4293000 alive   920412 genomes  189232 energy   199.2 births 16165199 deaths 16167885 (10881.3s) AMD Radeon AI PRO R9700 (RADV GFX1201)
tick 4294000 alive   922074 genomes  189883 energy   199.2 births 16167895 deaths 16166233 (10883.8s) AMD Radeon AI PRO R9700 (RADV GFX1201)
tick 4295000 alive   921335 genomes  188117 energy   199.5 births 16148963 deaths 16149702 (10886.3s) AMD Radeon AI PRO R9700 (RADV GFX1201)
tick 4296000 alive   920284 genomes  190262 energy   199.6 births 16127305 deaths 16128356 (10888.8s) AMD Radeon AI PRO R9700 (RADV GFX1201)
tick 4297000 alive   918940 genomes  191213 energy   199.0 births 16109523 deaths 16110867 (10891.3s) AMD Radeon AI PRO R9700 (RADV GFX1201)
tick 4298000 alive   919379 genomes  191220 energy   199.0 births 16076732 deaths 16076293 (10893.8s) AMD Radeon AI PRO R9700 (RADV GFX1201)
tick 4299000 alive   920168 genomes  191912 energy   199.5 births 16093133 deaths 16092344 (10896.4s) AMD Radeon AI PRO R9700 (RADV GFX1201)
tick 4300000 alive   913858 genomes  193457 energy   199.4 births 15964452 deaths 15970762 (10898.9s) AMD Radeon AI PRO R9700 (RADV GFX1201)
tick 4301000 alive   915043 genomes  195434 energy   198.9 births 15976370 deaths 15975185 (10901.4s) AMD Radeon AI PRO R9700 (RADV GFX1201)
tick 4302000 alive   915060 genomes  197623 energy   199.4 births 16099775 deaths 16099758 (10903.9s) AMD Radeon AI PRO R9700 (RADV GFX1201)
tick 4303000 alive   912092 genomes  198527 energy   199.0 births 15995384 deaths 15998352 (10906.4s) AMD Radeon AI PRO R9700 (RADV GFX1201)
tick 4304000 alive   917626 genomes  198396 energy   197.9 births 16210767 deaths 16205233 (10909.0s) AMD Radeon AI PRO R9700 (RADV GFX1201)
tick 4305000 alive   922109 genomes  195613 energy   197.7 births 16426457 deaths 16421974 (10911.5s) AMD Radeon AI PRO R9700 (RADV GFX1201)
tick 4306000 alive   921169 genomes  194406 energy   198.2 births 16517130 deaths 16518070 (10914.1s) AMD Radeon AI PRO R9700 (RADV GFX1201)
tick 4307000 alive   914189 genomes  193627 energy   198.3 births 16315472 deaths 16322452 (10916.6s) AMD Radeon AI PRO R9700 (RADV GFX1201)
tick 4308000 alive   915532 genomes  194025 energy   198.1 births 16255831 deaths 16254488 (10919.1s) AMD Radeon AI PRO R9700 (RADV GFX1201)
tick 4309000 alive   916783 genomes  195041 energy   198.3 births 16272168 deaths 16270917 (10921.7s) AMD Radeon AI PRO R9700 (RADV GFX1201)
tick 4310000 alive   914240 genomes  196570 energy   198.7 births 16155850 deaths 16158393 (10924.2s) AMD Radeon AI PRO R9700 (RADV GFX1201)
tick 4311000 alive   912979 genomes  195427 energy   198.3 births 16074761 deaths 16076022 (10926.7s) AMD Radeon AI PRO R9700 (RADV GFX1201)
tick 4312000 alive   914564 genomes  193466 energy   198.5 births 16238160 deaths 16236575 (10929.3s) AMD Radeon AI PRO R9700 (RADV GFX1201)
tick 4313000 alive   917477 genomes  193732 energy   198.5 births 16297176 deaths 16294263 (10931.9s) AMD Radeon AI PRO R9700 (RADV GFX1201)
tick 4314000 alive   917037 genomes  195261 energy   198.2 births 16257297 deaths 16257737 (10934.4s) AMD Radeon AI PRO R9700 (RADV GFX1201)
tick 4315000 alive   919061 genomes  193133 energy   198.3 births 16319239 deaths 16317215 (10936.9s) AMD Radeon AI PRO R9700 (RADV GFX1201)
tick 4316000 alive   920032 genomes  192601 energy   198.3 births 16382024 deaths 16381053 (10939.4s) AMD Radeon AI PRO R9700 (RADV GFX1201)
tick 4317000 alive   918877 genomes  192835 energy   198.2 births 16340670 deaths 16341825 (10941.9s) AMD Radeon AI PRO R9700 (RADV GFX1201)
tick 4318000 alive   916790 genomes  192701 energy   198.2 births 16303786 deaths 16305873 (10944.4s) AMD Radeon AI PRO R9700 (RADV GFX1201)
tick 4319000 alive   919080 genomes  190514 energy   198.3 births 16383250 deaths 16380960 (10947.0s) AMD Radeon AI PRO R9700 (RADV GFX1201)
tick 4320000 alive   922121 genomes  191831 energy   198.5 births 16464761 deaths 16461720 (10949.5s) AMD Radeon AI PRO R9700 (RADV GFX1201)
tick 4321000 alive   916528 genomes  194828 energy   198.3 births 16326113 deaths 16331706 (10952.0s) AMD Radeon AI PRO R9700 (RADV GFX1201)
tick 4322000 alive   915265 genomes  194582 energy   198.3 births 16282118 deaths 16283381 (10954.5s) AMD Radeon AI PRO R9700 (RADV GFX1201)
tick 4323000 alive   915807 genomes  191857 energy   198.7 births 16241411 deaths 16240869 (10957.0s) AMD Radeon AI PRO R9700 (RADV GFX1201)
tick 4324000 alive   917595 genomes  191751 energy   199.1 births 16194774 deaths 16192986 (10959.5s) AMD Radeon AI PRO R9700 (RADV GFX1201)
tick 4325000 alive   921418 genomes  192621 energy   199.3 births 16133141 deaths 16129318 (10961.9s) AMD Radeon AI PRO R9700 (RADV GFX1201)
tick 4326000 alive   918391 genomes  193879 energy   199.2 births 16125385 deaths 16128412 (10964.5s) AMD Radeon AI PRO R9700 (RADV GFX1201)
tick 4327000 alive   916776 genomes  195349 energy   199.2 births 16111337 deaths 16112952 (10967.0s) AMD Radeon AI PRO R9700 (RADV GFX1201)
tick 4328000 alive   920192 genomes  194793 energy   198.4 births 16200972 deaths 16197556 (10969.5s) AMD Radeon AI PRO R9700 (RADV GFX1201)
tick 4329000 alive   920871 genomes  193626 energy   198.9 births 16354239 deaths 16353560 (10972.2s) AMD Radeon AI PRO R9700 (RADV GFX1201)
tick 4330000 alive   918556 genomes  194627 energy   198.8 births 16257246 deaths 16259561 (10974.7s) AMD Radeon AI PRO R9700 (RADV GFX1201)
tick 4331000 alive   916884 genomes  196360 energy   199.0 births 16223252 deaths 16224924 (10977.3s) AMD Radeon AI PRO R9700 (RADV GFX1201)
tick 4332000 alive   921886 genomes  195279 energy   198.2 births 16289160 deaths 16284158 (10979.8s) AMD Radeon AI PRO R9700 (RADV GFX1201)
tick 4333000 alive   924431 genomes  195815 energy   198.9 births 16389287 deaths 16386742 (10982.3s) AMD Radeon AI PRO R9700 (RADV GFX1201)
tick 4334000 alive   920773 genomes  194902 energy   198.9 births 16228979 deaths 16232637 (10984.8s) AMD Radeon AI PRO R9700 (RADV GFX1201)
tick 4335000 alive   919647 genomes  195723 energy   198.8 births 16253621 deaths 16254747 (10987.3s) AMD Radeon AI PRO R9700 (RADV GFX1201)
tick 4336000 alive   923599 genomes  196610 energy   198.5 births 16234749 deaths 16230797 (10990.1s) AMD Radeon AI PRO R9700 (RADV GFX1201)
tick 4337000 alive   917598 genomes  196610 energy   198.8 births 16284962 deaths 16290963 (10992.9s) AMD Radeon AI PRO R9700 (RADV GFX1201)
tick 4338000 alive   916308 genomes  196471 energy   198.7 births 16171864 deaths 16173154 (10995.5s) AMD Radeon AI PRO R9700 (RADV GFX1201)
tick 4339000 alive   919132 genomes  194831 energy   198.7 births 16195509 deaths 16192685 (10998.0s) AMD Radeon AI PRO R9700 (RADV GFX1201)
tick 4340000 alive   923641 genomes  195275 energy   197.9 births 16315934 deaths 16311425 (11000.5s) AMD Radeon AI PRO R9700 (RADV GFX1201)
tick 4341000 alive   924066 genomes  192940 energy   198.3 births 16443960 deaths 16443535 (11003.0s) AMD Radeon AI PRO R9700 (RADV GFX1201)
tick 4342000 alive   921633 genomes  193010 energy   198.8 births 16385640 deaths 16388073 (11005.6s) AMD Radeon AI PRO R9700 (RADV GFX1201)
tick 4343000 alive   922580 genomes  191443 energy   198.8 births 16322961 deaths 16322014 (11008.1s) AMD Radeon AI PRO R9700 (RADV GFX1201)
tick 4344000 alive   924869 genomes  190179 energy   198.3 births 16386581 deaths 16384292 (11010.7s) AMD Radeon AI PRO R9700 (RADV GFX1201)
tick 4345000 alive   920995 genomes  190184 energy   198.6 births 16400678 deaths 16404552 (11013.2s) AMD Radeon AI PRO R9700 (RADV GFX1201)
tick 4346000 alive   919771 genomes  193159 energy   198.9 births 16296618 deaths 16297842 (11015.7s) AMD Radeon AI PRO R9700 (RADV GFX1201)
tick 4347000 alive   915789 genomes  191791 energy   198.5 births 16218814 deaths 16222796 (11018.2s) AMD Radeon AI PRO R9700 (RADV GFX1201)
tick 4348000 alive   918008 genomes  190178 energy   198.3 births 16330041 deaths 16327822 (11020.6s) AMD Radeon AI PRO R9700 (RADV GFX1201)
tick 4349000 alive   922946 genomes  188929 energy   198.0 births 16484799 deaths 16479861 (11023.1s) AMD Radeon AI PRO R9700 (RADV GFX1201)
tick 4350000 alive   925162 genomes  189175 energy   198.3 births 16494421 deaths 16492205 (11025.6s) AMD Radeon AI PRO R9700 (RADV GFX1201)
tick 4351000 alive   922070 genomes  190653 energy   198.8 births 16359541 deaths 16362633 (11028.1s) AMD Radeon AI PRO R9700 (RADV GFX1201)
tick 4352000 alive   918449 genomes  190005 energy   198.7 births 16324218 deaths 16327839 (11030.8s) AMD Radeon AI PRO R9700 (RADV GFX1201)
tick 4353000 alive   918772 genomes  191436 energy   198.2 births 16336949 deaths 16336626 (11033.4s) AMD Radeon AI PRO R9700 (RADV GFX1201)
tick 4354000 alive   923490 genomes  192532 energy   198.2 births 16451895 deaths 16447177 (11036.0s) AMD Radeon AI PRO R9700 (RADV GFX1201)
tick 4355000 alive   925557 genomes  190952 energy   197.8 births 16523788 deaths 16521721 (11038.4s) AMD Radeon AI PRO R9700 (RADV GFX1201)
tick 4356000 alive   924030 genomes  190903 energy   198.4 births 16560098 deaths 16561625 (11040.9s) AMD Radeon AI PRO R9700 (RADV GFX1201)
tick 4357000 alive   926730 genomes  194452 energy   198.2 births 16580471 deaths 16577771 (11043.4s) AMD Radeon AI PRO R9700 (RADV GFX1201)
tick 4358000 alive   928633 genomes  194050 energy   198.3 births 16636593 deaths 16634690 (11045.9s) AMD Radeon AI PRO R9700 (RADV GFX1201)
tick 4359000 alive   924108 genomes  194893 energy   198.5 births 16584044 deaths 16588569 (11048.4s) AMD Radeon AI PRO R9700 (RADV GFX1201)
tick 4360000 alive   923260 genomes  195897 energy   198.1 births 16554429 deaths 16555277 (11050.9s) AMD Radeon AI PRO R9700 (RADV GFX1201)
tick 4361000 alive   920643 genomes  194024 energy   198.2 births 16471330 deaths 16473947 (11053.5s) AMD Radeon AI PRO R9700 (RADV GFX1201)
tick 4362000 alive   921841 genomes  192893 energy   197.9 births 16534383 deaths 16533185 (11055.9s) AMD Radeon AI PRO R9700 (RADV GFX1201)
tick 4363000 alive   925947 genomes  192028 energy   197.7 births 16605754 deaths 16601648 (11058.4s) AMD Radeon AI PRO R9700 (RADV GFX1201)
tick 4364000 alive   929518 genomes  189449 energy   197.8 births 16770298 deaths 16766727 (11061.0s) AMD Radeon AI PRO R9700 (RADV GFX1201)
tick 4365000 alive   928566 genomes  186418 energy   197.8 births 16718027 deaths 16718979 (11063.5s) AMD Radeon AI PRO R9700 (RADV GFX1201)
tick 4366000 alive   926240 genomes  186274 energy   198.4 births 16617905 deaths 16620231 (11066.0s) AMD Radeon AI PRO R9700 (RADV GFX1201)
tick 4367000 alive   927293 genomes  186996 energy   198.0 births 16582616 deaths 16581563 (11068.7s) AMD Radeon AI PRO R9700 (RADV GFX1201)
tick 4368000 alive   926405 genomes  186822 energy   198.0 births 16680784 deaths 16681672 (11071.2s) AMD Radeon AI PRO R9700 (RADV GFX1201)
tick 4369000 alive   922186 genomes  187743 energy   198.3 births 16585317 deaths 16589536 (11073.6s) AMD Radeon AI PRO R9700 (RADV GFX1201)
tick 4370000 alive   920766 genomes  188603 energy   198.0 births 16501849 deaths 16503269 (11076.1s) AMD Radeon AI PRO R9700 (RADV GFX1201)
tick 4371000 alive   919252 genomes  191265 energy   198.5 births 16410511 deaths 16412025 (11078.7s) AMD Radeon AI PRO R9700 (RADV GFX1201)
tick 4372000 alive   917253 genomes  193777 energy   198.1 births 16345918 deaths 16347917 (11081.4s) AMD Radeon AI PRO R9700 (RADV GFX1201)
tick 4373000 alive   916563 genomes  193419 energy   198.4 births 16357907 deaths 16358597 (11083.9s) AMD Radeon AI PRO R9700 (RADV GFX1201)
tick 4374000 alive   921884 genomes  191900 energy   197.5 births 16520589 deaths 16515268 (11086.4s) AMD Radeon AI PRO R9700 (RADV GFX1201)
tick 4375000 alive   924561 genomes  187524 energy   198.1 births 16614877 deaths 16612200 (11088.9s) AMD Radeon AI PRO R9700 (RADV GFX1201)
tick 4376000 alive   927618 genomes  187505 energy   198.0 births 16711506 deaths 16708449 (11091.4s) AMD Radeon AI PRO R9700 (RADV GFX1201)
tick 4377000 alive   932404 genomes  186071 energy   197.6 births 16799397 deaths 16794611 (11093.9s) AMD Radeon AI PRO R9700 (RADV GFX1201)
tick 4378000 alive   931028 genomes  185775 energy   198.2 births 16788698 deaths 16790074 (11096.4s) AMD Radeon AI PRO R9700 (RADV GFX1201)
tick 4379000 alive   930228 genomes  184792 energy   198.0 births 16770330 deaths 16771130 (11098.9s) AMD Radeon AI PRO R9700 (RADV GFX1201)
tick 4380000 alive   928392 genomes  185683 energy   197.6 births 16776918 deaths 16778754 (11101.4s) AMD Radeon AI PRO R9700 (RADV GFX1201)
tick 4381000 alive   924938 genomes  184697 energy   197.9 births 16766393 deaths 16769847 (11103.9s) AMD Radeon AI PRO R9700 (RADV GFX1201)
tick 4382000 alive   926938 genomes  184336 energy   197.5 births 16773007 deaths 16771007 (11106.4s) AMD Radeon AI PRO R9700 (RADV GFX1201)
tick 4383000 alive   924833 genomes  185788 energy   196.9 births 16736195 deaths 16738300 (11108.8s) AMD Radeon AI PRO R9700 (RADV GFX1201)
tick 4384000 alive   924913 genomes  185073 energy   197.6 births 16818310 deaths 16818230 (11111.3s) AMD Radeon AI PRO R9700 (RADV GFX1201)
tick 4385000 alive   919452 genomes  184835 energy   198.1 births 16628674 deaths 16634135 (11113.8s) AMD Radeon AI PRO R9700 (RADV GFX1201)
tick 4386000 alive   924615 genomes  186332 energy   197.1 births 16651368 deaths 16646205 (11116.3s) AMD Radeon AI PRO R9700 (RADV GFX1201)
tick 4387000 alive   928359 genomes  185177 energy   197.6 births 16771506 deaths 16767762 (11118.8s) AMD Radeon AI PRO R9700 (RADV GFX1201)
tick 4388000 alive   929915 genomes  185196 energy   197.5 births 16854237 deaths 16852681 (11121.3s) AMD Radeon AI PRO R9700 (RADV GFX1201)
tick 4389000 alive   924249 genomes  185569 energy   198.3 births 16605075 deaths 16610741 (11123.8s) AMD Radeon AI PRO R9700 (RADV GFX1201)
tick 4390000 alive   916361 genomes  186403 energy   197.9 births 16422635 deaths 16430523 (11126.3s) AMD Radeon AI PRO R9700 (RADV GFX1201)
tick 4391000 alive   921480 genomes  187495 energy   197.5 births 16574138 deaths 16569019 (11128.8s) AMD Radeon AI PRO R9700 (RADV GFX1201)
tick 4392000 alive   924983 genomes  187444 energy   197.3 births 16759019 deaths 16755516 (11131.3s) AMD Radeon AI PRO R9700 (RADV GFX1201)
tick 4393000 alive   921341 genomes  188134 energy   197.9 births 16614533 deaths 16618175 (11133.9s) AMD Radeon AI PRO R9700 (RADV GFX1201)
tick 4394000 alive   918578 genomes  190062 energy   198.1 births 16503475 deaths 16506238 (11136.6s) AMD Radeon AI PRO R9700 (RADV GFX1201)
tick 4395000 alive   918091 genomes  190747 energy   197.4 births 16521900 deaths 16522387 (11139.3s) AMD Radeon AI PRO R9700 (RADV GFX1201)
tick 4396000 alive   920176 genomes  190190 energy   197.4 births 16624349 deaths 16622264 (11142.0s) AMD Radeon AI PRO R9700 (RADV GFX1201)
tick 4397000 alive   923741 genomes  188323 energy   197.5 births 16723354 deaths 16719789 (11144.6s) AMD Radeon AI PRO R9700 (RADV GFX1201)
tick 4398000 alive   923830 genomes  187811 energy   197.3 births 16769078 deaths 16768989 (11147.2s) AMD Radeon AI PRO R9700 (RADV GFX1201)
tick 4399000 alive   924429 genomes  186652 energy   197.0 births 16834510 deaths 16833911 (11149.8s) AMD Radeon AI PRO R9700 (RADV GFX1201)
tick 4400000 alive   926620 genomes  183977 energy   197.0 births 16853189 deaths 16850998 (11152.6s) AMD Radeon AI PRO R9700 (RADV GFX1201)
tick 4401000 alive   923482 genomes  186186 energy   197.6 births 16820232 deaths 16823370 (11155.2s) AMD Radeon AI PRO R9700 (RADV GFX1201)
tick 4402000 alive   920271 genomes  186006 energy   197.4 births 16656295 deaths 16659506 (11157.8s) AMD Radeon AI PRO R9700 (RADV GFX1201)
tick 4403000 alive   920465 genomes  186903 energy   197.1 births 16719346 deaths 16719152 (11160.3s) AMD Radeon AI PRO R9700 (RADV GFX1201)
tick 4404000 alive   918605 genomes  185817 energy   196.9 births 16729990 deaths 16731850 (11162.9s) AMD Radeon AI PRO R9700 (RADV GFX1201)
tick 4405000 alive   924809 genomes  184655 energy   197.5 births 16736506 deaths 16730302 (11165.5s) AMD Radeon AI PRO R9700 (RADV GFX1201)
tick 4406000 alive   925196 genomes  183312 energy   197.6 births 16761271 deaths 16760884 (11168.1s) AMD Radeon AI PRO R9700 (RADV GFX1201)
tick 4407000 alive   924231 genomes  184113 energy   197.8 births 16705483 deaths 16706448 (11170.6s) AMD Radeon AI PRO R9700 (RADV GFX1201)
tick 4408000 alive   921277 genomes  184778 energy   197.9 births 16672109 deaths 16675063 (11173.1s) AMD Radeon AI PRO R9700 (RADV GFX1201)
tick 4409000 alive   922295 genomes  186358 energy   198.0 births 16535880 deaths 16534862 (11175.6s) AMD Radeon AI PRO R9700 (RADV GFX1201)
tick 4410000 alive   923229 genomes  185917 energy   198.1 births 16653546 deaths 16652612 (11178.1s) AMD Radeon AI PRO R9700 (RADV GFX1201)
tick 4411000 alive   923519 genomes  187694 energy   197.5 births 16598019 deaths 16597729 (11180.7s) AMD Radeon AI PRO R9700 (RADV GFX1201)
tick 4412000 alive   925455 genomes  186853 energy   196.8 births 16758241 deaths 16756305 (11183.2s) AMD Radeon AI PRO R9700 (RADV GFX1201)
tick 4413000 alive   926335 genomes  184518 energy   197.3 births 16779926 deaths 16779046 (11185.7s) AMD Radeon AI PRO R9700 (RADV GFX1201)
tick 4414000 alive   927025 genomes  184202 energy   197.4 births 16789274 deaths 16788584 (11188.2s) AMD Radeon AI PRO R9700 (RADV GFX1201)
tick 4415000 alive   925914 genomes  184979 energy   197.6 births 16766304 deaths 16767415 (11190.8s) AMD Radeon AI PRO R9700 (RADV GFX1201)
tick 4416000 alive   924831 genomes  185972 energy   197.1 births 16749291 deaths 16750374 (11193.3s) AMD Radeon AI PRO R9700 (RADV GFX1201)
tick 4417000 alive   927040 genomes  184572 energy   197.4 births 16783277 deaths 16781068 (11196.0s) AMD Radeon AI PRO R9700 (RADV GFX1201)
tick 4418000 alive   929445 genomes  182265 energy   197.4 births 16877890 deaths 16875485 (11198.5s) AMD Radeon AI PRO R9700 (RADV GFX1201)
tick 4419000 alive   929729 genomes  183746 energy   197.8 births 16900898 deaths 16900614 (11201.1s) AMD Radeon AI PRO R9700 (RADV GFX1201)
tick 4420000 alive   923742 genomes  186186 energy   197.6 births 16687733 deaths 16693720 (11203.6s) AMD Radeon AI PRO R9700 (RADV GFX1201)
tick 4421000 alive   925427 genomes  186039 energy   198.1 births 16670603 deaths 16668918 (11206.1s) AMD Radeon AI PRO R9700 (RADV GFX1201)
tick 4422000 alive   927807 genomes  187179 energy   197.7 births 16707954 deaths 16705574 (11208.6s) AMD Radeon AI PRO R9700 (RADV GFX1201)
tick 4423000 alive   927030 genomes  187787 energy   197.5 births 16706653 deaths 16707430 (11211.1s) AMD Radeon AI PRO R9700 (RADV GFX1201)
tick 4424000 alive   929736 genomes  185390 energy   197.6 births 16853790 deaths 16851084 (11213.6s) AMD Radeon AI PRO R9700 (RADV GFX1201)
tick 4425000 alive   928740 genomes  185076 energy   197.7 births 16810797 deaths 16811793 (11216.1s) AMD Radeon AI PRO R9700 (RADV GFX1201)
tick 4426000 alive   930368 genomes  185766 energy   198.1 births 16789557 deaths 16787929 (11218.7s) AMD Radeon AI PRO R9700 (RADV GFX1201)
tick 4427000 alive   929714 genomes  186391 energy   198.1 births 16791579 deaths 16792233 (11221.2s) AMD Radeon AI PRO R9700 (RADV GFX1201)
tick 4428000 alive   928518 genomes  187580 energy   198.1 births 16713577 deaths 16714773 (11223.8s) AMD Radeon AI PRO R9700 (RADV GFX1201)
tick 4429000 alive   928691 genomes  188552 energy   198.1 births 16654172 deaths 16653999 (11226.3s) AMD Radeon AI PRO R9700 (RADV GFX1201)
tick 4430000 alive   927797 genomes  188408 energy   198.6 births 16634687 deaths 16635581 (11228.8s) AMD Radeon AI PRO R9700 (RADV GFX1201)
tick 4431000 alive   923759 genomes  191978 energy   198.0 births 16587996 deaths 16592034 (11231.3s) AMD Radeon AI PRO R9700 (RADV GFX1201)
tick 4432000 alive   923604 genomes  192918 energy   197.6 births 16628430 deaths 16628585 (11233.8s) AMD Radeon AI PRO R9700 (RADV GFX1201)
tick 4433000 alive   925881 genomes  190231 energy   197.4 births 16740079 deaths 16737802 (11236.4s) AMD Radeon AI PRO R9700 (RADV GFX1201)
tick 4434000 alive   926938 genomes  188140 energy   197.3 births 16743719 deaths 16742662 (11238.9s) AMD Radeon AI PRO R9700 (RADV GFX1201)
tick 4435000 alive   936180 genomes  187127 energy   197.6 births 16909308 deaths 16900066 (11241.4s) AMD Radeon AI PRO R9700 (RADV GFX1201)
tick 4436000 alive   930271 genomes  185699 energy   198.2 births 16882795 deaths 16888704 (11243.9s) AMD Radeon AI PRO R9700 (RADV GFX1201)
tick 4437000 alive   927996 genomes  186536 energy   197.5 births 16730825 deaths 16733100 (11246.3s) AMD Radeon AI PRO R9700 (RADV GFX1201)
tick 4438000 alive   926956 genomes  188799 energy   197.2 births 16761525 deaths 16762565 (11248.8s) AMD Radeon AI PRO R9700 (RADV GFX1201)
tick 4439000 alive   928010 genomes  188488 energy   197.5 births 16804881 deaths 16803827 (11251.3s) AMD Radeon AI PRO R9700 (RADV GFX1201)
tick 4440000 alive   923111 genomes  189085 energy   198.2 births 16655961 deaths 16660860 (11253.8s) AMD Radeon AI PRO R9700 (RADV GFX1201)
tick 4441000 alive   924614 genomes  190940 energy   197.8 births 16605286 deaths 16603783 (11256.3s) AMD Radeon AI PRO R9700 (RADV GFX1201)
tick 4442000 alive   922980 genomes  190472 energy   198.0 births 16573865 deaths 16575499 (11258.8s) AMD Radeon AI PRO R9700 (RADV GFX1201)
tick 4443000 alive   924813 genomes  188714 energy   198.0 births 16571504 deaths 16569671 (11261.4s) AMD Radeon AI PRO R9700 (RADV GFX1201)
tick 4444000 alive   930308 genomes  187157 energy   198.1 births 16656503 deaths 16651008 (11264.1s) AMD Radeon AI PRO R9700 (RADV GFX1201)
tick 4445000 alive   927932 genomes  187220 energy   198.7 births 16582069 deaths 16584445 (11266.6s) AMD Radeon AI PRO R9700 (RADV GFX1201)
tick 4446000 alive   924088 genomes  188736 energy   198.3 births 16447187 deaths 16451031 (11269.2s) AMD Radeon AI PRO R9700 (RADV GFX1201)
tick 4447000 alive   919020 genomes  189875 energy   198.5 births 16359587 deaths 16364655 (11271.7s) AMD Radeon AI PRO R9700 (RADV GFX1201)
tick 4448000 alive   921442 genomes  189772 energy   198.3 births 16415653 deaths 16413231 (11274.2s) AMD Radeon AI PRO R9700 (RADV GFX1201)
tick 4449000 alive   927446 genomes  190485 energy   198.4 births 16550733 deaths 16544729 (11276.8s) AMD Radeon AI PRO R9700 (RADV GFX1201)
tick 4450000 alive   923828 genomes  188363 energy   198.6 births 16445146 deaths 16448764 (11279.3s) AMD Radeon AI PRO R9700 (RADV GFX1201)
tick 4451000 alive   921904 genomes  189579 energy   199.2 births 16323553 deaths 16325477 (11281.7s) AMD Radeon AI PRO R9700 (RADV GFX1201)
tick 4452000 alive   921791 genomes  190751 energy   198.6 births 16318026 deaths 16318139 (11284.2s) AMD Radeon AI PRO R9700 (RADV GFX1201)
tick 4453000 alive   926114 genomes  191808 energy   198.7 births 16389740 deaths 16385417 (11286.7s) AMD Radeon AI PRO R9700 (RADV GFX1201)
tick 4454000 alive   924210 genomes  193230 energy   198.6 births 16360276 deaths 16362180 (11289.2s) AMD Radeon AI PRO R9700 (RADV GFX1201)
tick 4455000 alive   925619 genomes  192475 energy   198.9 births 16451133 deaths 16449724 (11291.7s) AMD Radeon AI PRO R9700 (RADV GFX1201)
tick 4456000 alive   921688 genomes  193915 energy   198.8 births 16375205 deaths 16379136 (11294.3s) AMD Radeon AI PRO R9700 (RADV GFX1201)
tick 4457000 alive   919451 genomes  194751 energy   198.5 births 16371615 deaths 16373852 (11296.8s) AMD Radeon AI PRO R9700 (RADV GFX1201)
tick 4458000 alive   923884 genomes  192096 energy   198.0 births 16499105 deaths 16494672 (11299.2s) AMD Radeon AI PRO R9700 (RADV GFX1201)
tick 4459000 alive   924625 genomes  187707 energy   198.3 births 16600851 deaths 16600110 (11301.7s) AMD Radeon AI PRO R9700 (RADV GFX1201)
tick 4460000 alive   926169 genomes  189582 energy   198.2 births 16580321 deaths 16578777 (11304.3s) AMD Radeon AI PRO R9700 (RADV GFX1201)
tick 4461000 alive   922333 genomes  189823 energy   198.3 births 16549518 deaths 16553354 (11306.8s) AMD Radeon AI PRO R9700 (RADV GFX1201)
tick 4462000 alive   920192 genomes  190230 energy   197.6 births 16440101 deaths 16442242 (11309.3s) AMD Radeon AI PRO R9700 (RADV GFX1201)
tick 4463000 alive   925525 genomes  189482 energy   197.3 births 16591029 deaths 16585696 (11311.8s) AMD Radeon AI PRO R9700 (RADV GFX1201)
tick 4464000 alive   928532 genomes  187368 energy   197.5 births 16730359 deaths 16727352 (11314.3s) AMD Radeon AI PRO R9700 (RADV GFX1201)
tick 4465000 alive   928170 genomes  185141 energy   198.1 births 16696038 deaths 16696400 (11316.8s) AMD Radeon AI PRO R9700 (RADV GFX1201)
tick 4466000 alive   929335 genomes  183860 energy   197.5 births 16753986 deaths 16752821 (11319.3s) AMD Radeon AI PRO R9700 (RADV GFX1201)
tick 4467000 alive   930755 genomes  183545 energy   197.5 births 16864590 deaths 16863170 (11321.9s) AMD Radeon AI PRO R9700 (RADV GFX1201)
tick 4468000 alive   927198 genomes  184794 energy   197.5 births 16811170 deaths 16814727 (11324.4s) AMD Radeon AI PRO R9700 (RADV GFX1201)
tick 4469000 alive   925312 genomes  186637 energy   197.7 births 16662986 deaths 16664872 (11326.9s) AMD Radeon AI PRO R9700 (RADV GFX1201)
tick 4470000 alive   924580 genomes  185758 energy   197.4 births 16686665 deaths 16687397 (11329.4s) AMD Radeon AI PRO R9700 (RADV GFX1201)
tick 4471000 alive   924584 genomes  184136 energy   197.4 births 16767189 deaths 16767185 (11332.0s) AMD Radeon AI PRO R9700 (RADV GFX1201)
tick 4472000 alive   926814 genomes  186231 energy   197.5 births 16826115 deaths 16823885 (11334.5s) AMD Radeon AI PRO R9700 (RADV GFX1201)
tick 4473000 alive   924050 genomes  185908 energy   197.4 births 16770347 deaths 16773111 (11337.1s) AMD Radeon AI PRO R9700 (RADV GFX1201)
tick 4474000 alive   926024 genomes  185808 energy   197.4 births 16835169 deaths 16833195 (11339.7s) AMD Radeon AI PRO R9700 (RADV GFX1201)
tick 4475000 alive   919578 genomes  186297 energy   197.8 births 16663233 deaths 16669679 (11342.2s) AMD Radeon AI PRO R9700 (RADV GFX1201)
tick 4476000 alive   925560 genomes  185045 energy   197.5 births 16705226 deaths 16699244 (11344.7s) AMD Radeon AI PRO R9700 (RADV GFX1201)
tick 4477000 alive   927231 genomes  184251 energy   197.5 births 16768007 deaths 16766336 (11347.2s) AMD Radeon AI PRO R9700 (RADV GFX1201)
tick 4478000 alive   922165 genomes  184590 energy   198.1 births 16705510 deaths 16710576 (11349.6s) AMD Radeon AI PRO R9700 (RADV GFX1201)
tick 4479000 alive   925287 genomes  184408 energy   197.4 births 16662452 deaths 16659330 (11352.1s) AMD Radeon AI PRO R9700 (RADV GFX1201)
tick 4480000 alive   925874 genomes  186037 energy   197.2 births 16793191 deaths 16792604 (11354.6s) AMD Radeon AI PRO R9700 (RADV GFX1201)
tick 4481000 alive   923426 genomes  186310 energy   197.4 births 16719449 deaths 16721897 (11357.2s) AMD Radeon AI PRO R9700 (RADV GFX1201)
tick 4482000 alive   926204 genomes  186905 energy   197.1 births 16746981 deaths 16744203 (11359.7s) AMD Radeon AI PRO R9700 (RADV GFX1201)
tick 4483000 alive   924011 genomes  185990 energy   197.4 births 16791972 deaths 16794165 (11362.2s) AMD Radeon AI PRO R9700 (RADV GFX1201)
tick 4484000 alive   927796 genomes  187371 energy   197.1 births 16864164 deaths 16860379 (11364.7s) AMD Radeon AI PRO R9700 (RADV GFX1201)
tick 4485000 alive   931224 genomes  185641 energy   197.3 births 17029450 deaths 17026022 (11367.3s) AMD Radeon AI PRO R9700 (RADV GFX1201)
tick 4486000 alive   928605 genomes  187116 energy   197.5 births 16967707 deaths 16970326 (11369.8s) AMD Radeon AI PRO R9700 (RADV GFX1201)
tick 4487000 alive   928782 genomes  188374 energy   197.0 births 16903702 deaths 16903525 (11372.3s) AMD Radeon AI PRO R9700 (RADV GFX1201)
tick 4488000 alive   925092 genomes  188016 energy   197.2 births 16856949 deaths 16860639 (11374.8s) AMD Radeon AI PRO R9700 (RADV GFX1201)
tick 4489000 alive   929057 genomes  188135 energy   197.5 births 16869683 deaths 16865718 (11377.3s) AMD Radeon AI PRO R9700 (RADV GFX1201)
tick 4490000 alive   925134 genomes  189075 energy   197.5 births 16782852 deaths 16786775 (11379.8s) AMD Radeon AI PRO R9700 (RADV GFX1201)
tick 4491000 alive   924895 genomes  186747 energy   197.1 births 16752191 deaths 16752430 (11382.3s) AMD Radeon AI PRO R9700 (RADV GFX1201)
tick 4492000 alive   928559 genomes  185965 energy   197.7 births 16871626 deaths 16867962 (11384.8s) AMD Radeon AI PRO R9700 (RADV GFX1201)
tick 4493000 alive   930078 genomes  185130 energy   197.7 births 16888334 deaths 16886815 (11387.3s) AMD Radeon AI PRO R9700 (RADV GFX1201)
tick 4494000 alive   927520 genomes  186257 energy   197.8 births 16784783 deaths 16787341 (11389.8s) AMD Radeon AI PRO R9700 (RADV GFX1201)
tick 4495000 alive   924695 genomes  187341 energy   198.1 births 16636925 deaths 16639750 (11392.4s) AMD Radeon AI PRO R9700 (RADV GFX1201)
tick 4496000 alive   925644 genomes  187630 energy   198.1 births 16629168 deaths 16628219 (11395.1s) AMD Radeon AI PRO R9700 (RADV GFX1201)
tick 4497000 alive   926632 genomes  188907 energy   198.3 births 16668809 deaths 16667821 (11397.7s) AMD Radeon AI PRO R9700 (RADV GFX1201)
tick 4498000 alive   924989 genomes  190386 energy   198.0 births 16635187 deaths 16636830 (11400.3s) AMD Radeon AI PRO R9700 (RADV GFX1201)
tick 4499000 alive   923308 genomes  191185 energy   197.6 births 16652591 deaths 16654272 (11402.7s) AMD Radeon AI PRO R9700 (RADV GFX1201)
tick 4500000 alive   924475 genomes  190676 energy   197.4 births 16678011 deaths 16676844 (11405.3s) AMD Radeon AI PRO R9700 (RADV GFX1201)
tick 4501000 alive   925233 genomes  189432 energy   197.3 births 16741311 deaths 16740553 (11407.8s) AMD Radeon AI PRO R9700 (RADV GFX1201)
tick 4502000 alive   926444 genomes  188118 energy   197.6 births 16741525 deaths 16740314 (11410.3s) AMD Radeon AI PRO R9700 (RADV GFX1201)
tick 4503000 alive   922080 genomes  187432 energy   197.6 births 16717056 deaths 16721420 (11412.8s) AMD Radeon AI PRO R9700 (RADV GFX1201)
tick 4504000 alive   919859 genomes  187704 energy   198.1 births 16622390 deaths 16624611 (11415.4s) AMD Radeon AI PRO R9700 (RADV GFX1201)
tick 4505000 alive   921955 genomes  188307 energy   197.7 births 16541405 deaths 16539309 (11417.9s) AMD Radeon AI PRO R9700 (RADV GFX1201)
tick 4506000 alive   922258 genomes  189146 energy   198.3 births 16454335 deaths 16454032 (11420.3s) AMD Radeon AI PRO R9700 (RADV GFX1201)
tick 4507000 alive   921079 genomes  191502 energy   198.5 births 16452497 deaths 16453676 (11422.8s) AMD Radeon AI PRO R9700 (RADV GFX1201)
tick 4508000 alive   921171 genomes  193648 energy   198.1 births 16372573 deaths 16372481 (11425.3s) AMD Radeon AI PRO R9700 (RADV GFX1201)
tick 4509000 alive   919132 genomes  195390 energy   198.8 births 16386200 deaths 16388239 (11427.8s) AMD Radeon AI PRO R9700 (RADV GFX1201)
tick 4510000 alive   917280 genomes  195685 energy   197.9 births 16315395 deaths 16317247 (11430.3s) AMD Radeon AI PRO R9700 (RADV GFX1201)
tick 4511000 alive   919964 genomes  194401 energy   197.6 births 16517533 deaths 16514849 (11432.8s) AMD Radeon AI PRO R9700 (RADV GFX1201)
tick 4512000 alive   924333 genomes  191902 energy   197.7 births 16684010 deaths 16679641 (11435.4s) AMD Radeon AI PRO R9700 (RADV GFX1201)
tick 4513000 alive   924100 genomes  190532 energy   197.9 births 16702613 deaths 16702846 (11437.9s) AMD Radeon AI PRO R9700 (RADV GFX1201)
tick 4514000 alive   925058 genomes  188183 energy   197.9 births 16671433 deaths 16670475 (11440.4s) AMD Radeon AI PRO R9700 (RADV GFX1201)
tick 4515000 alive   925354 genomes  187469 energy   197.9 births 16661366 deaths 16661070 (11443.1s) AMD Radeon AI PRO R9700 (RADV GFX1201)
tick 4516000 alive   927279 genomes  187149 energy   198.0 births 16633209 deaths 16631284 (11445.7s) AMD Radeon AI PRO R9700 (RADV GFX1201)
tick 4517000 alive   924722 genomes  187542 energy   197.6 births 16695264 deaths 16697821 (11448.2s) AMD Radeon AI PRO R9700 (RADV GFX1201)
tick 4518000 alive   921217 genomes  188807 energy   198.5 births 16533625 deaths 16537130 (11450.9s) AMD Radeon AI PRO R9700 (RADV GFX1201)
tick 4519000 alive   916197 genomes  190759 energy   198.3 births 16396730 deaths 16401750 (11453.4s) AMD Radeon AI PRO R9700 (RADV GFX1201)
tick 4520000 alive   923282 genomes  189495 energy   197.3 births 16555825 deaths 16548740 (11455.9s) AMD Radeon AI PRO R9700 (RADV GFX1201)
tick 4521000 alive   923654 genomes  189205 energy   198.0 births 16687586 deaths 16687214 (11458.3s) AMD Radeon AI PRO R9700 (RADV GFX1201)
tick 4522000 alive   919176 genomes  188298 energy   197.5 births 16506949 deaths 16511427 (11460.8s) AMD Radeon AI PRO R9700 (RADV GFX1201)
tick 4523000 alive   917950 genomes  188678 energy   198.1 births 16476276 deaths 16477502 (11463.4s) AMD Radeon AI PRO R9700 (RADV GFX1201)
tick 4524000 alive   920667 genomes  190630 energy   198.2 births 16421846 deaths 16419129 (11465.9s) AMD Radeon AI PRO R9700 (RADV GFX1201)
tick 4525000 alive   917539 genomes  191073 energy   198.0 births 16426894 deaths 16430022 (11468.4s) AMD Radeon AI PRO R9700 (RADV GFX1201)
tick 4526000 alive   919855 genomes  190798 energy   198.0 births 16449985 deaths 16447669 (11470.9s) AMD Radeon AI PRO R9700 (RADV GFX1201)
tick 4527000 alive   921888 genomes  190419 energy   197.7 births 16580947 deaths 16578914 (11473.4s) AMD Radeon AI PRO R9700 (RADV GFX1201)
tick 4528000 alive   923863 genomes  190502 energy   197.5 births 16681809 deaths 16679834 (11476.0s) AMD Radeon AI PRO R9700 (RADV GFX1201)
tick 4529000 alive   925236 genomes  188653 energy   198.1 births 16679527 deaths 16678154 (11478.5s) AMD Radeon AI PRO R9700 (RADV GFX1201)
tick 4530000 alive   923510 genomes  187034 energy   197.8 births 16593642 deaths 16595368 (11481.0s) AMD Radeon AI PRO R9700 (RADV GFX1201)
tick 4531000 alive   925710 genomes  187830 energy   198.2 births 16628980 deaths 16626780 (11483.5s) AMD Radeon AI PRO R9700 (RADV GFX1201)
tick 4532000 alive   926251 genomes  189484 energy   197.9 births 16616375 deaths 16615834 (11486.0s) AMD Radeon AI PRO R9700 (RADV GFX1201)
tick 4533000 alive   925133 genomes  190616 energy   197.6 births 16652396 deaths 16653514 (11488.5s) AMD Radeon AI PRO R9700 (RADV GFX1201)
tick 4534000 alive   921893 genomes  190738 energy   197.6 births 16619560 deaths 16622800 (11491.0s) AMD Radeon AI PRO R9700 (RADV GFX1201)
tick 4535000 alive   921957 genomes  190764 energy   198.2 births 16556934 deaths 16556870 (11493.7s) AMD Radeon AI PRO R9700 (RADV GFX1201)
tick 4536000 alive   921653 genomes  191450 energy   198.1 births 16508546 deaths 16508850 (11496.2s) AMD Radeon AI PRO R9700 (RADV GFX1201)
tick 4537000 alive   922330 genomes  191846 energy   198.0 births 16494940 deaths 16494263 (11498.7s) AMD Radeon AI PRO R9700 (RADV GFX1201)
tick 4538000 alive   920088 genomes  191919 energy   198.4 births 16456630 deaths 16458872 (11501.2s) AMD Radeon AI PRO R9700 (RADV GFX1201)
tick 4539000 alive   923255 genomes  192686 energy   198.0 births 16506768 deaths 16503601 (11503.7s) AMD Radeon AI PRO R9700 (RADV GFX1201)
tick 4540000 alive   921927 genomes  191251 energy   198.0 births 16550676 deaths 16552004 (11506.4s) AMD Radeon AI PRO R9700 (RADV GFX1201)
tick 4541000 alive   925202 genomes  191776 energy   198.2 births 16533744 deaths 16530469 (11508.8s) AMD Radeon AI PRO R9700 (RADV GFX1201)
tick 4542000 alive   924805 genomes  190801 energy   197.9 births 16580548 deaths 16580945 (11511.3s) AMD Radeon AI PRO R9700 (RADV GFX1201)
tick 4543000 alive   920511 genomes  189710 energy   198.0 births 16510565 deaths 16514859 (11513.8s) AMD Radeon AI PRO R9700 (RADV GFX1201)
tick 4544000 alive   924768 genomes  188405 energy   198.1 births 16589131 deaths 16584874 (11516.3s) AMD Radeon AI PRO R9700 (RADV GFX1201)
tick 4545000 alive   924236 genomes  189544 energy   197.7 births 16624946 deaths 16625478 (11518.9s) AMD Radeon AI PRO R9700 (RADV GFX1201)
tick 4546000 alive   923841 genomes  190584 energy   197.8 births 16553239 deaths 16553634 (11521.5s) AMD Radeon AI PRO R9700 (RADV GFX1201)
tick 4547000 alive   921420 genomes  192970 energy   198.0 births 16553980 deaths 16556401 (11524.0s) AMD Radeon AI PRO R9700 (RADV GFX1201)
tick 4548000 alive   918542 genomes  192787 energy   198.1 births 16446423 deaths 16449301 (11526.6s) AMD Radeon AI PRO R9700 (RADV GFX1201)
tick 4549000 alive   922629 genomes  193149 energy   197.9 births 16479450 deaths 16475363 (11529.2s) AMD Radeon AI PRO R9700 (RADV GFX1201)
tick 4550000 alive   928399 genomes  192944 energy   197.8 births 16677681 deaths 16671911 (11531.7s) AMD Radeon AI PRO R9700 (RADV GFX1201)
tick 4551000 alive   923426 genomes  192339 energy   198.0 births 16645937 deaths 16650910 (11534.4s) AMD Radeon AI PRO R9700 (RADV GFX1201)
tick 4552000 alive   918206 genomes  194338 energy   198.0 births 16522120 deaths 16527340 (11537.0s) AMD Radeon AI PRO R9700 (RADV GFX1201)
tick 4553000 alive   921142 genomes  193539 energy   198.0 births 16377024 deaths 16374088 (11539.5s) AMD Radeon AI PRO R9700 (RADV GFX1201)
tick 4554000 alive   923510 genomes  194813 energy   197.8 births 16521668 deaths 16519300 (11542.0s) AMD Radeon AI PRO R9700 (RADV GFX1201)
tick 4555000 alive   928005 genomes  192491 energy   198.0 births 16645414 deaths 16640919 (11544.5s) AMD Radeon AI PRO R9700 (RADV GFX1201)
tick 4556000 alive   927480 genomes  191453 energy   198.5 births 16564094 deaths 16564619 (11547.0s) AMD Radeon AI PRO R9700 (RADV GFX1201)
tick 4557000 alive   924303 genomes  192725 energy   198.7 births 16467866 deaths 16471043 (11549.6s) AMD Radeon AI PRO R9700 (RADV GFX1201)
tick 4558000 alive   923976 genomes  192429 energy   199.0 births 16356306 deaths 16356633 (11552.1s) AMD Radeon AI PRO R9700 (RADV GFX1201)
tick 4559000 alive   921145 genomes  194711 energy   199.2 births 16247028 deaths 16249859 (11554.6s) AMD Radeon AI PRO R9700 (RADV GFX1201)
tick 4560000 alive   923297 genomes  196803 energy   198.8 births 16278519 deaths 16276367 (11557.1s) AMD Radeon AI PRO R9700 (RADV GFX1201)
tick 4561000 alive   926282 genomes  196619 energy   198.7 births 16434661 deaths 16431676 (11559.6s) AMD Radeon AI PRO R9700 (RADV GFX1201)
tick 4562000 alive   922227 genomes  196485 energy   198.6 births 16399754 deaths 16403809 (11562.2s) AMD Radeon AI PRO R9700 (RADV GFX1201)
tick 4563000 alive   922277 genomes  196525 energy   198.4 births 16411091 deaths 16411041 (11564.9s) AMD Radeon AI PRO R9700 (RADV GFX1201)
tick 4564000 alive   928417 genomes  196405 energy   198.1 births 16504677 deaths 16498537 (11567.5s) AMD Radeon AI PRO R9700 (RADV GFX1201)
tick 4565000 alive   925989 genomes  196417 energy   198.6 births 16559572 deaths 16562000 (11570.0s) AMD Radeon AI PRO R9700 (RADV GFX1201)
tick 4566000 alive   922420 genomes  196720 energy   198.5 births 16425669 deaths 16429238 (11572.5s) AMD Radeon AI PRO R9700 (RADV GFX1201)
tick 4567000 alive   921714 genomes  195397 energy   198.5 births 16368064 deaths 16368770 (11575.0s) AMD Radeon AI PRO R9700 (RADV GFX1201)
tick 4568000 alive   922759 genomes  194976 energy   198.6 births 16415630 deaths 16414585 (11577.5s) AMD Radeon AI PRO R9700 (RADV GFX1201)
tick 4569000 alive   922651 genomes  194645 energy   199.0 births 16395079 deaths 16395187 (11580.0s) AMD Radeon AI PRO R9700 (RADV GFX1201)
tick 4570000 alive   917643 genomes  195727 energy   199.2 births 16186378 deaths 16191386 (11582.4s) AMD Radeon AI PRO R9700 (RADV GFX1201)
tick 4571000 alive   917974 genomes  195829 energy   198.9 births 16084478 deaths 16084147 (11584.9s) AMD Radeon AI PRO R9700 (RADV GFX1201)
tick 4572000 alive   924734 genomes  195607 energy   198.5 births 16286172 deaths 16279412 (11587.4s) AMD Radeon AI PRO R9700 (RADV GFX1201)
tick 4573000 alive   928146 genomes  192278 energy   198.7 births 16415505 deaths 16412093 (11590.0s) AMD Radeon AI PRO R9700 (RADV GFX1201)
tick 4574000 alive   926781 genomes  191134 energy   199.3 births 16374731 deaths 16376096 (11592.5s) AMD Radeon AI PRO R9700 (RADV GFX1201)
tick 4575000 alive   921951 genomes  190716 energy   199.1 births 16213381 deaths 16218211 (11594.9s) AMD Radeon AI PRO R9700 (RADV GFX1201)
tick 4576000 alive   925483 genomes  190734 energy   199.1 births 16215812 deaths 16212280 (11597.4s) AMD Radeon AI PRO R9700 (RADV GFX1201)
tick 4577000 alive   922165 genomes  190445 energy   199.4 births 16295461 deaths 16298779 (11599.9s) AMD Radeon AI PRO R9700 (RADV GFX1201)
tick 4578000 alive   920874 genomes  190835 energy   198.8 births 16172075 deaths 16173366 (11602.4s) AMD Radeon AI PRO R9700 (RADV GFX1201)
tick 4579000 alive   919332 genomes  192176 energy   199.4 births 16107112 deaths 16108654 (11604.9s) AMD Radeon AI PRO R9700 (RADV GFX1201)
tick 4580000 alive   915788 genomes  191783 energy   199.4 births 16009525 deaths 16013069 (11607.6s) AMD Radeon AI PRO R9700 (RADV GFX1201)
tick 4581000 alive   917908 genomes  191846 energy   199.3 births 15996916 deaths 15994796 (11610.4s) AMD Radeon AI PRO R9700 (RADV GFX1201)
tick 4582000 alive   919146 genomes  192647 energy   199.2 births 16124483 deaths 16123245 (11613.0s) AMD Radeon AI PRO R9700 (RADV GFX1201)
tick 4583000 alive   918259 genomes  194737 energy   199.5 births 16040539 deaths 16041426 (11615.6s) AMD Radeon AI PRO R9700 (RADV GFX1201)
tick 4584000 alive   911497 genomes  194850 energy   199.1 births 15974363 deaths 15981125 (11618.1s) AMD Radeon AI PRO R9700 (RADV GFX1201)
tick 4585000 alive   911004 genomes  196669 energy   199.6 births 15892745 deaths 15893238 (11620.6s) AMD Radeon AI PRO R9700 (RADV GFX1201)
tick 4586000 alive   913160 genomes  195926 energy   199.4 births 15929584 deaths 15927428 (11623.1s) AMD Radeon AI PRO R9700 (RADV GFX1201)
tick 4587000 alive   920206 genomes  193763 energy   199.3 births 16078833 deaths 16071787 (11625.6s) AMD Radeon AI PRO R9700 (RADV GFX1201)
tick 4588000 alive   916425 genomes  192951 energy   199.6 births 15993547 deaths 15997328 (11628.1s) AMD Radeon AI PRO R9700 (RADV GFX1201)
tick 4589000 alive   914926 genomes  196078 energy   199.3 births 15920811 deaths 15922310 (11630.6s) AMD Radeon AI PRO R9700 (RADV GFX1201)
tick 4590000 alive   912132 genomes  198003 energy   199.4 births 15885324 deaths 15888118 (11633.1s) AMD Radeon AI PRO R9700 (RADV GFX1201)
tick 4591000 alive   912890 genomes  199040 energy   199.7 births 15838880 deaths 15838122 (11635.8s) AMD Radeon AI PRO R9700 (RADV GFX1201)
tick 4592000 alive   917032 genomes  198334 energy   199.5 births 15900377 deaths 15896235 (11638.5s) AMD Radeon AI PRO R9700 (RADV GFX1201)
tick 4593000 alive   921394 genomes  198619 energy   199.5 births 16077396 deaths 16073034 (11641.0s) AMD Radeon AI PRO R9700 (RADV GFX1201)
tick 4594000 alive   918979 genomes  198603 energy   199.2 births 16023196 deaths 16025611 (11643.5s) AMD Radeon AI PRO R9700 (RADV GFX1201)
tick 4595000 alive   919028 genomes  197662 energy   199.1 births 16138553 deaths 16138504 (11646.2s) AMD Radeon AI PRO R9700 (RADV GFX1201)
tick 4596000 alive   913582 genomes  196500 energy   199.8 births 15965310 deaths 15970756 (11648.7s) AMD Radeon AI PRO R9700 (RADV GFX1201)
tick 4597000 alive   913427 genomes  196795 energy   199.2 births 15901727 deaths 15901882 (11651.2s) AMD Radeon AI PRO R9700 (RADV GFX1201)
tick 4598000 alive   910492 genomes  195480 energy   199.5 births 15848576 deaths 15851511 (11653.7s) AMD Radeon AI PRO R9700 (RADV GFX1201)
tick 4599000 alive   913002 genomes  195922 energy   199.3 births 15860712 deaths 15858202 (11656.2s) AMD Radeon AI PRO R9700 (RADV GFX1201)
tick 4600000 alive   911356 genomes  196626 energy   199.9 births 15802600 deaths 15804246 (11658.7s) AMD Radeon AI PRO R9700 (RADV GFX1201)
tick 4601000 alive   910163 genomes  198503 energy   200.1 births 15641872 deaths 15643065 (11661.2s) AMD Radeon AI PRO R9700 (RADV GFX1201)
tick 4602000 alive   906838 genomes  200965 energy   200.3 births 15497947 deaths 15501272 (11663.7s) AMD Radeon AI PRO R9700 (RADV GFX1201)
tick 4603000 alive   908240 genomes  200956 energy   199.9 births 15576413 deaths 15575011 (11666.2s) AMD Radeon AI PRO R9700 (RADV GFX1201)
tick 4604000 alive   911642 genomes  201589 energy   199.8 births 15702861 deaths 15699459 (11668.8s) AMD Radeon AI PRO R9700 (RADV GFX1201)
tick 4605000 alive   913177 genomes  199801 energy   199.9 births 15785911 deaths 15784376 (11671.3s) AMD Radeon AI PRO R9700 (RADV GFX1201)
tick 4606000 alive   911365 genomes  200495 energy   199.7 births 15730870 deaths 15732682 (11673.8s) AMD Radeon AI PRO R9700 (RADV GFX1201)
tick 4607000 alive   905822 genomes  203032 energy   199.8 births 15600617 deaths 15606160 (11676.3s) AMD Radeon AI PRO R9700 (RADV GFX1201)
tick 4608000 alive   905019 genomes  201698 energy   200.2 births 15490602 deaths 15491405 (11678.8s) AMD Radeon AI PRO R9700 (RADV GFX1201)
tick 4609000 alive   904914 genomes  201670 energy   199.9 births 15532856 deaths 15532961 (11681.3s) AMD Radeon AI PRO R9700 (RADV GFX1201)
tick 4610000 alive   907440 genomes  202188 energy   199.8 births 15547556 deaths 15545030 (11683.8s) AMD Radeon AI PRO R9700 (RADV GFX1201)
tick 4611000 alive   906971 genomes  204197 energy   200.5 births 15487833 deaths 15488302 (11686.3s) AMD Radeon AI PRO R9700 (RADV GFX1201)
tick 4612000 alive   902521 genomes  203574 energy   200.4 births 15371827 deaths 15376277 (11688.9s) AMD Radeon AI PRO R9700 (RADV GFX1201)
tick 4613000 alive   904270 genomes  203962 energy   200.5 births 15349655 deaths 15347906 (11691.6s) AMD Radeon AI PRO R9700 (RADV GFX1201)
tick 4614000 alive   904243 genomes  204187 energy   200.0 births 15394971 deaths 15394998 (11694.2s) AMD Radeon AI PRO R9700 (RADV GFX1201)
tick 4615000 alive   902325 genomes  203041 energy   200.4 births 15396735 deaths 15398653 (11696.8s) AMD Radeon AI PRO R9700 (RADV GFX1201)
tick 4616000 alive   900605 genomes  203289 energy   200.7 births 15296119 deaths 15297839 (11699.3s) AMD Radeon AI PRO R9700 (RADV GFX1201)
tick 4617000 alive   899070 genomes  203537 energy   200.6 births 15194770 deaths 15196305 (11701.8s) AMD Radeon AI PRO R9700 (RADV GFX1201)
tick 4618000 alive   898482 genomes  204675 energy   200.4 births 15327175 deaths 15327763 (11704.4s) AMD Radeon AI PRO R9700 (RADV GFX1201)
tick 4619000 alive   895666 genomes  205099 energy   200.9 births 15155359 deaths 15158175 (11706.9s) AMD Radeon AI PRO R9700 (RADV GFX1201)
tick 4620000 alive   896712 genomes  205557 energy   200.1 births 15139624 deaths 15138578 (11709.6s) AMD Radeon AI PRO R9700 (RADV GFX1201)
tick 4621000 alive   897036 genomes  204182 energy   200.7 births 15137761 deaths 15137437 (11712.1s) AMD Radeon AI PRO R9700 (RADV GFX1201)
tick 4622000 alive   898846 genomes  205244 energy   200.3 births 15247545 deaths 15245735 (11714.6s) AMD Radeon AI PRO R9700 (RADV GFX1201)
tick 4623000 alive   897243 genomes  207617 energy   200.2 births 15163943 deaths 15165546 (11717.1s) AMD Radeon AI PRO R9700 (RADV GFX1201)
tick 4624000 alive   893987 genomes  208091 energy   200.7 births 15114099 deaths 15117355 (11719.7s) AMD Radeon AI PRO R9700 (RADV GFX1201)
tick 4625000 alive   894684 genomes  208319 energy   200.6 births 14950087 deaths 14949390 (11722.2s) AMD Radeon AI PRO R9700 (RADV GFX1201)
tick 4626000 alive   897355 genomes  209378 energy   200.0 births 15140701 deaths 15138030 (11724.7s) AMD Radeon AI PRO R9700 (RADV GFX1201)
tick 4627000 alive   897829 genomes  209438 energy   200.4 births 15250394 deaths 15249920 (11727.2s) AMD Radeon AI PRO R9700 (RADV GFX1201)
tick 4628000 alive   893140 genomes  209847 energy   200.6 births 15023123 deaths 15027812 (11729.8s) AMD Radeon AI PRO R9700 (RADV GFX1201)
tick 4629000 alive   893655 genomes  210903 energy   200.4 births 15049199 deaths 15048684 (11732.5s) AMD Radeon AI PRO R9700 (RADV GFX1201)
tick 4630000 alive   895316 genomes  207635 energy   199.7 births 15140307 deaths 15138646 (11735.0s) AMD Radeon AI PRO R9700 (RADV GFX1201)
tick 4631000 alive   902302 genomes  206393 energy   200.1 births 15390808 deaths 15383822 (11737.6s) AMD Radeon AI PRO R9700 (RADV GFX1201)
tick 4632000 alive   901256 genomes  205127 energy   200.7 births 15305225 deaths 15306271 (11740.1s) AMD Radeon AI PRO R9700 (RADV GFX1201)
tick 4633000 alive   897453 genomes  205192 energy   200.8 births 15046837 deaths 15050640 (11742.7s) AMD Radeon AI PRO R9700 (RADV GFX1201)
tick 4634000 alive   899250 genomes  205813 energy   200.8 births 15086383 deaths 15084586 (11745.2s) AMD Radeon AI PRO R9700 (RADV GFX1201)
tick 4635000 alive   898658 genomes  205248 energy   200.8 births 15056978 deaths 15057570 (11747.7s) AMD Radeon AI PRO R9700 (RADV GFX1201)
tick 4636000 alive   899510 genomes  204570 energy   201.0 births 15091079 deaths 15090227 (11750.2s) AMD Radeon AI PRO R9700 (RADV GFX1201)
tick 4637000 alive   898318 genomes  205933 energy   201.1 births 15013557 deaths 15014749 (11753.1s) AMD Radeon AI PRO R9700 (RADV GFX1201)
tick 4638000 alive   898406 genomes  206018 energy   200.8 births 15048688 deaths 15048600 (11755.8s) AMD Radeon AI PRO R9700 (RADV GFX1201)
tick 4639000 alive   899020 genomes  206793 energy   201.0 births 15045361 deaths 15044747 (11758.3s) AMD Radeon AI PRO R9700 (RADV GFX1201)
tick 4640000 alive   895082 genomes  205932 energy   201.6 births 14970676 deaths 14974614 (11760.9s) AMD Radeon AI PRO R9700 (RADV GFX1201)
tick 4641000 alive   895635 genomes  206483 energy   201.2 births 14931599 deaths 14931046 (11763.4s) AMD Radeon AI PRO R9700 (RADV GFX1201)
tick 4642000 alive   897472 genomes  208445 energy   200.7 births 14967231 deaths 14965394 (11765.9s) AMD Radeon AI PRO R9700 (RADV GFX1201)
tick 4643000 alive   900286 genomes  206473 energy   200.2 births 15143445 deaths 15140631 (11768.4s) AMD Radeon AI PRO R9700 (RADV GFX1201)
tick 4644000 alive   902471 genomes  206357 energy   200.5 births 15218235 deaths 15216050 (11770.9s) AMD Radeon AI PRO R9700 (RADV GFX1201)
tick 4645000 alive   907176 genomes  206319 energy   200.8 births 15327220 deaths 15322515 (11773.5s) AMD Radeon AI PRO R9700 (RADV GFX1201)
tick 4646000 alive   906554 genomes  204824 energy   201.3 births 15273424 deaths 15274046 (11776.1s) AMD Radeon AI PRO R9700 (RADV GFX1201)
tick 4647000 alive   903946 genomes  205615 energy   201.3 births 15176958 deaths 15179566 (11778.7s) AMD Radeon AI PRO R9700 (RADV GFX1201)
tick 4648000 alive   897114 genomes  206030 energy   200.9 births 15015781 deaths 15022613 (11781.3s) AMD Radeon AI PRO R9700 (RADV GFX1201)
tick 4649000 alive   901864 genomes  203626 energy   200.4 births 15146637 deaths 15141887 (11783.8s) AMD Radeon AI PRO R9700 (RADV GFX1201)
tick 4650000 alive   898006 genomes  204106 energy   201.0 births 15234577 deaths 15238435 (11786.3s) AMD Radeon AI PRO R9700 (RADV GFX1201)
tick 4651000 alive   901214 genomes  205605 energy   200.5 births 15180064 deaths 15176856 (11788.8s) AMD Radeon AI PRO R9700 (RADV GFX1201)
tick 4652000 alive   903816 genomes  204852 energy   200.5 births 15260310 deaths 15257708 (11791.3s) AMD Radeon AI PRO R9700 (RADV GFX1201)
tick 4653000 alive   902768 genomes  206956 energy   200.2 births 15309197 deaths 15310245 (11793.8s) AMD Radeon AI PRO R9700 (RADV GFX1201)
tick 4654000 alive   899172 genomes  206763 energy   199.9 births 15274471 deaths 15278067 (11796.3s) AMD Radeon AI PRO R9700 (RADV GFX1201)
tick 4655000 alive   903189 genomes  207769 energy   199.4 births 15440535 deaths 15436518 (11798.8s) AMD Radeon AI PRO R9700 (RADV GFX1201)
tick 4656000 alive   899864 genomes  205180 energy   200.3 births 15323347 deaths 15326672 (11801.3s) AMD Radeon AI PRO R9700 (RADV GFX1201)
tick 4657000 alive   896399 genomes  205709 energy   200.1 births 15253672 deaths 15257137 (11803.8s) AMD Radeon AI PRO R9700 (RADV GFX1201)
tick 4658000 alive   904717 genomes  205079 energy   200.5 births 15326533 deaths 15318215 (11806.4s) AMD Radeon AI PRO R9700 (RADV GFX1201)
tick 4659000 alive   905046 genomes  204442 energy   200.4 births 15387997 deaths 15387668 (11808.9s) AMD Radeon AI PRO R9700 (RADV GFX1201)
tick 4660000 alive   907440 genomes  204506 energy   200.5 births 15505272 deaths 15502878 (11811.4s) AMD Radeon AI PRO R9700 (RADV GFX1201)
tick 4661000 alive   905164 genomes  203689 energy   199.9 births 15427993 deaths 15430269 (11813.9s) AMD Radeon AI PRO R9700 (RADV GFX1201)
tick 4662000 alive   900927 genomes  204186 energy   200.9 births 15369899 deaths 15374136 (11816.4s) AMD Radeon AI PRO R9700 (RADV GFX1201)
tick 4663000 alive   902869 genomes  203250 energy   200.1 births 15383065 deaths 15381123 (11819.0s) AMD Radeon AI PRO R9700 (RADV GFX1201)
tick 4664000 alive   907883 genomes  202373 energy   200.2 births 15441367 deaths 15436353 (11821.4s) AMD Radeon AI PRO R9700 (RADV GFX1201)
tick 4665000 alive   908006 genomes  201561 energy   200.5 births 15422813 deaths 15422690 (11823.9s) AMD Radeon AI PRO R9700 (RADV GFX1201)
tick 4666000 alive   903955 genomes  204236 energy   200.7 births 15308240 deaths 15312291 (11826.4s) AMD Radeon AI PRO R9700 (RADV GFX1201)
tick 4667000 alive   903291 genomes  206744 energy   199.9 births 15283937 deaths 15284601 (11828.9s) AMD Radeon AI PRO R9700 (RADV GFX1201)
tick 4668000 alive   904469 genomes  203083 energy   200.6 births 15393191 deaths 15392013 (11831.4s) AMD Radeon AI PRO R9700 (RADV GFX1201)
tick 4669000 alive   905405 genomes  201507 energy   200.6 births 15380843 deaths 15379907 (11833.9s) AMD Radeon AI PRO R9700 (RADV GFX1201)
tick 4670000 alive   907530 genomes  202902 energy   199.9 births 15422253 deaths 15420128 (11836.4s) AMD Radeon AI PRO R9700 (RADV GFX1201)
tick 4671000 alive   906183 genomes  202595 energy   200.1 births 15498471 deaths 15499818 (11838.9s) AMD Radeon AI PRO R9700 (RADV GFX1201)
tick 4672000 alive   907093 genomes  202888 energy   200.0 births 15508723 deaths 15507813 (11841.5s) AMD Radeon AI PRO R9700 (RADV GFX1201)
tick 4673000 alive   907605 genomes  201450 energy   200.2 births 15573582 deaths 15573070 (11844.0s) AMD Radeon AI PRO R9700 (RADV GFX1201)
tick 4674000 alive   905501 genomes  202526 energy   200.0 births 15502748 deaths 15504852 (11846.5s) AMD Radeon AI PRO R9700 (RADV GFX1201)
tick 4675000 alive   907105 genomes  201658 energy   200.1 births 15449601 deaths 15447997 (11849.0s) AMD Radeon AI PRO R9700 (RADV GFX1201)
tick 4676000 alive   907674 genomes  204312 energy   200.2 births 15495139 deaths 15494570 (11851.5s) AMD Radeon AI PRO R9700 (RADV GFX1201)
tick 4677000 alive   906677 genomes  203554 energy   200.5 births 15505402 deaths 15506399 (11854.1s) AMD Radeon AI PRO R9700 (RADV GFX1201)
tick 4678000 alive   905750 genomes  204932 energy   200.2 births 15461345 deaths 15462272 (11856.6s) AMD Radeon AI PRO R9700 (RADV GFX1201)
tick 4679000 alive   903125 genomes  204281 energy   200.2 births 15410937 deaths 15413562 (11859.1s) AMD Radeon AI PRO R9700 (RADV GFX1201)
tick 4680000 alive   906283 genomes  206058 energy   199.8 births 15514545 deaths 15511387 (11861.8s) AMD Radeon AI PRO R9700 (RADV GFX1201)
tick 4681000 alive   904088 genomes  204132 energy   200.0 births 15510946 deaths 15513141 (11864.3s) AMD Radeon AI PRO R9700 (RADV GFX1201)
tick 4682000 alive   904943 genomes  203158 energy   200.3 births 15464485 deaths 15463630 (11866.8s) AMD Radeon AI PRO R9700 (RADV GFX1201)
tick 4683000 alive   905075 genomes  202622 energy   200.5 births 15471037 deaths 15470905 (11869.3s) AMD Radeon AI PRO R9700 (RADV GFX1201)
tick 4684000 alive   907263 genomes  202592 energy   199.9 births 15540377 deaths 15538189 (11871.8s) AMD Radeon AI PRO R9700 (RADV GFX1201)
tick 4685000 alive   906998 genomes  203121 energy   200.2 births 15534707 deaths 15534972 (11874.3s) AMD Radeon AI PRO R9700 (RADV GFX1201)
tick 4686000 alive   905838 genomes  203108 energy   200.0 births 15527041 deaths 15528201 (11876.8s) AMD Radeon AI PRO R9700 (RADV GFX1201)
tick 4687000 alive   904515 genomes  202149 energy   199.7 births 15569789 deaths 15571112 (11879.3s) AMD Radeon AI PRO R9700 (RADV GFX1201)
tick 4688000 alive   904470 genomes  202757 energy   199.9 births 15506585 deaths 15506630 (11881.8s) AMD Radeon AI PRO R9700 (RADV GFX1201)
tick 4689000 alive   905996 genomes  201105 energy   199.4 births 15527570 deaths 15526044 (11884.3s) AMD Radeon AI PRO R9700 (RADV GFX1201)
tick 4690000 alive   909297 genomes  200632 energy   200.5 births 15639443 deaths 15636142 (11886.9s) AMD Radeon AI PRO R9700 (RADV GFX1201)
tick 4691000 alive   906860 genomes  202050 energy   200.3 births 15515197 deaths 15517634 (11889.4s) AMD Radeon AI PRO R9700 (RADV GFX1201)
tick 4692000 alive   905787 genomes  203242 energy   200.0 births 15477832 deaths 15478905 (11891.9s) AMD Radeon AI PRO R9700 (RADV GFX1201)
tick 4693000 alive   902989 genomes  203854 energy   200.0 births 15448227 deaths 15451025 (11894.5s) AMD Radeon AI PRO R9700 (RADV GFX1201)
tick 4694000 alive   904019 genomes  202222 energy   200.5 births 15360823 deaths 15359793 (11897.2s) AMD Radeon AI PRO R9700 (RADV GFX1201)
tick 4695000 alive   903767 genomes  201993 energy   200.5 births 15413814 deaths 15414066 (11899.7s) AMD Radeon AI PRO R9700 (RADV GFX1201)
tick 4696000 alive   905708 genomes  200358 energy   200.3 births 15417062 deaths 15415121 (11902.2s) AMD Radeon AI PRO R9700 (RADV GFX1201)
tick 4697000 alive   905373 genomes  199706 energy   200.5 births 15426896 deaths 15427231 (11904.8s) AMD Radeon AI PRO R9700 (RADV GFX1201)
tick 4698000 alive   906002 genomes  199824 energy   199.9 births 15423993 deaths 15423364 (11907.2s) AMD Radeon AI PRO R9700 (RADV GFX1201)
tick 4699000 alive   904656 genomes  198528 energy   200.7 births 15464408 deaths 15465754 (11909.7s) AMD Radeon AI PRO R9700 (RADV GFX1201)
tick 4700000 alive   909688 genomes  197976 energy   200.3 births 15443239 deaths 15438207 (11912.2s) AMD Radeon AI PRO R9700 (RADV GFX1201)
tick 4701000 alive   909857 genomes  197767 energy   200.5 births 15513869 deaths 15513700 (11914.8s) AMD Radeon AI PRO R9700 (RADV GFX1201)
tick 4702000 alive   906429 genomes  198953 energy   200.3 births 15380588 deaths 15384016 (11917.3s) AMD Radeon AI PRO R9700 (RADV GFX1201)
tick 4703000 alive   908236 genomes  200375 energy   200.1 births 15471580 deaths 15469773 (11919.9s) AMD Radeon AI PRO R9700 (RADV GFX1201)
tick 4704000 alive   910102 genomes  198813 energy   200.6 births 15553319 deaths 15551453 (11922.5s) AMD Radeon AI PRO R9700 (RADV GFX1201)
tick 4705000 alive   912527 genomes  199679 energy   200.3 births 15602746 deaths 15600321 (11925.0s) AMD Radeon AI PRO R9700 (RADV GFX1201)
tick 4706000 alive   910379 genomes  201568 energy   200.3 births 15559312 deaths 15561460 (11927.5s) AMD Radeon AI PRO R9700 (RADV GFX1201)
tick 4707000 alive   906131 genomes  201812 energy   200.0 births 15461793 deaths 15466041 (11930.0s) AMD Radeon AI PRO R9700 (RADV GFX1201)
tick 4708000 alive   902329 genomes  202447 energy   200.3 births 15416676 deaths 15420478 (11932.5s) AMD Radeon AI PRO R9700 (RADV GFX1201)
tick 4709000 alive   904774 genomes  200403 energy   199.9 births 15396759 deaths 15394314 (11935.0s) AMD Radeon AI PRO R9700 (RADV GFX1201)
tick 4710000 alive   906453 genomes  198391 energy   200.5 births 15427710 deaths 15426031 (11937.5s) AMD Radeon AI PRO R9700 (RADV GFX1201)
tick 4711000 alive   909691 genomes  198992 energy   200.7 births 15477507 deaths 15474269 (11940.0s) AMD Radeon AI PRO R9700 (RADV GFX1201)
tick 4712000 alive   907756 genomes  201231 energy   200.5 births 15429794 deaths 15431729 (11942.5s) AMD Radeon AI PRO R9700 (RADV GFX1201)
tick 4713000 alive   901766 genomes  199670 energy   200.4 births 15344766 deaths 15350756 (11945.0s) AMD Radeon AI PRO R9700 (RADV GFX1201)
tick 4714000 alive   905515 genomes  201075 energy   200.3 births 15387191 deaths 15383442 (11947.5s) AMD Radeon AI PRO R9700 (RADV GFX1201)
tick 4715000 alive   905407 genomes  200160 energy   199.9 births 15478055 deaths 15478163 (11950.1s) AMD Radeon AI PRO R9700 (RADV GFX1201)
tick 4716000 alive   908515 genomes  199466 energy   199.7 births 15607891 deaths 15604783 (11952.6s) AMD Radeon AI PRO R9700 (RADV GFX1201)
tick 4717000 alive   909401 genomes  199066 energy   199.7 births 15692023 deaths 15691137 (11955.2s) AMD Radeon AI PRO R9700 (RADV GFX1201)
tick 4718000 alive   910315 genomes  199366 energy   199.4 births 15783744 deaths 15782830 (11957.7s) AMD Radeon AI PRO R9700 (RADV GFX1201)
tick 4719000 alive   908305 genomes  199585 energy   199.0 births 15796651 deaths 15798661 (11960.2s) AMD Radeon AI PRO R9700 (RADV GFX1201)
tick 4720000 alive   909803 genomes  200061 energy   199.2 births 15822518 deaths 15821020 (11962.9s) AMD Radeon AI PRO R9700 (RADV GFX1201)
tick 4721000 alive   911582 genomes  198988 energy   199.0 births 15902935 deaths 15901156 (11965.5s) AMD Radeon AI PRO R9700 (RADV GFX1201)
tick 4722000 alive   909318 genomes  196488 energy   199.4 births 15850334 deaths 15852598 (11968.1s) AMD Radeon AI PRO R9700 (RADV GFX1201)
tick 4723000 alive   915745 genomes  196398 energy   199.0 births 15958223 deaths 15951796 (11970.6s) AMD Radeon AI PRO R9700 (RADV GFX1201)
tick 4724000 alive   911882 genomes  196505 energy   199.2 births 15955052 deaths 15958915 (11973.2s) AMD Radeon AI PRO R9700 (RADV GFX1201)
tick 4725000 alive   911881 genomes  196572 energy   199.2 births 15874813 deaths 15874814 (11975.7s) AMD Radeon AI PRO R9700 (RADV GFX1201)
tick 4726000 alive   910222 genomes  196925 energy   199.2 births 15807656 deaths 15809315 (11978.2s) AMD Radeon AI PRO R9700 (RADV GFX1201)
tick 4727000 alive   909202 genomes  196699 energy   199.4 births 15838174 deaths 15839194 (11980.7s) AMD Radeon AI PRO R9700 (RADV GFX1201)
tick 4728000 alive   906303 genomes  196406 energy   199.9 births 15681042 deaths 15683941 (11983.3s) AMD Radeon AI PRO R9700 (RADV GFX1201)
tick 4729000 alive   909177 genomes  197369 energy   199.5 births 15653925 deaths 15651051 (11985.9s) AMD Radeon AI PRO R9700 (RADV GFX1201)
tick 4730000 alive   914504 genomes  196434 energy   199.2 births 15896369 deaths 15891042 (11988.4s) AMD Radeon AI PRO R9700 (RADV GFX1201)
tick 4731000 alive   915158 genomes  194953 energy   199.2 births 16022527 deaths 16021873 (11990.9s) AMD Radeon AI PRO R9700 (RADV GFX1201)
tick 4732000 alive   914172 genomes  194841 energy   199.3 births 15969048 deaths 15970034 (11993.5s) AMD Radeon AI PRO R9700 (RADV GFX1201)
tick 4733000 alive   909371 genomes  195979 energy   199.2 births 15920673 deaths 15925474 (11996.0s) AMD Radeon AI PRO R9700 (RADV GFX1201)
tick 4734000 alive   909588 genomes  195317 energy   199.1 births 15838851 deaths 15838634 (11998.5s) AMD Radeon AI PRO R9700 (RADV GFX1201)
tick 4735000 alive   910929 genomes  195816 energy   199.0 births 15861715 deaths 15860374 (12001.1s) AMD Radeon AI PRO R9700 (RADV GFX1201)
tick 4736000 alive   910783 genomes  197354 energy   199.6 births 15865053 deaths 15865199 (12003.6s) AMD Radeon AI PRO R9700 (RADV GFX1201)
tick 4737000 alive   904398 genomes  198376 energy   199.3 births 15619303 deaths 15625688 (12006.1s) AMD Radeon AI PRO R9700 (RADV GFX1201)
tick 4738000 alive   906338 genomes  199027 energy   199.4 births 15762532 deaths 15760592 (12008.7s) AMD Radeon AI PRO R9700 (RADV GFX1201)
tick 4739000 alive   908092 genomes  196977 energy   199.1 births 15826966 deaths 15825212 (12011.2s) AMD Radeon AI PRO R9700 (RADV GFX1201)
tick 4740000 alive   912927 genomes  196572 energy   198.9 births 15961425 deaths 15956590 (12013.7s) AMD Radeon AI PRO R9700 (RADV GFX1201)
tick 4741000 alive   914821 genomes  196269 energy   199.0 births 15984197 deaths 15982303 (12016.3s) AMD Radeon AI PRO R9700 (RADV GFX1201)
tick 4742000 alive   917035 genomes  196720 energy   199.1 births 16051399 deaths 16049185 (12018.8s) AMD Radeon AI PRO R9700 (RADV GFX1201)
tick 4743000 alive   915111 genomes  196258 energy   199.4 births 15988479 deaths 15990403 (12021.3s) AMD Radeon AI PRO R9700 (RADV GFX1201)
tick 4744000 alive   910841 genomes  199552 energy   199.5 births 15926134 deaths 15930404 (12023.9s) AMD Radeon AI PRO R9700 (RADV GFX1201)
tick 4745000 alive   905672 genomes  199851 energy   199.5 births 15752690 deaths 15757859 (12026.4s) AMD Radeon AI PRO R9700 (RADV GFX1201)
tick 4746000 alive   903407 genomes  199431 energy   198.7 births 15772552 deaths 15774817 (12028.9s) AMD Radeon AI PRO R9700 (RADV GFX1201)
tick 4747000 alive   909132 genomes  197980 energy   198.2 births 15912385 deaths 15906660 (12031.4s) AMD Radeon AI PRO R9700 (RADV GFX1201)
tick 4748000 alive   912422 genomes  197446 energy   198.7 births 16086794 deaths 16083504 (12034.0s) AMD Radeon AI PRO R9700 (RADV GFX1201)
tick 4749000 alive   909617 genomes  196533 energy   198.8 births 15972675 deaths 15975480 (12036.7s) AMD Radeon AI PRO R9700 (RADV GFX1201)
tick 4750000 alive   912599 genomes  195526 energy   198.3 births 16045643 deaths 16042661 (12039.2s) AMD Radeon AI PRO R9700 (RADV GFX1201)
tick 4751000 alive   915990 genomes  193908 energy   199.3 births 16086960 deaths 16083569 (12041.9s) AMD Radeon AI PRO R9700 (RADV GFX1201)
tick 4752000 alive   915529 genomes  192679 energy   199.0 births 15964726 deaths 15965187 (12044.4s) AMD Radeon AI PRO R9700 (RADV GFX1201)
tick 4753000 alive   914359 genomes  194782 energy   198.8 births 15983065 deaths 15984235 (12046.9s) AMD Radeon AI PRO R9700 (RADV GFX1201)
tick 4754000 alive   915808 genomes  193328 energy   199.1 births 16007815 deaths 16006366 (12049.5s) AMD Radeon AI PRO R9700 (RADV GFX1201)
tick 4755000 alive   916116 genomes  192061 energy   199.0 births 16037660 deaths 16037352 (12052.0s) AMD Radeon AI PRO R9700 (RADV GFX1201)
tick 4756000 alive   912693 genomes  193349 energy   199.1 births 15987684 deaths 15991107 (12054.6s) AMD Radeon AI PRO R9700 (RADV GFX1201)
tick 4757000 alive   915146 genomes  192842 energy   199.2 births 15986490 deaths 15984037 (12057.1s) AMD Radeon AI PRO R9700 (RADV GFX1201)
tick 4758000 alive   918946 genomes  193050 energy   198.9 births 16097931 deaths 16094131 (12059.6s) AMD Radeon AI PRO R9700 (RADV GFX1201)
tick 4759000 alive   915074 genomes  191474 energy   198.9 births 16085182 deaths 16089054 (12062.1s) AMD Radeon AI PRO R9700 (RADV GFX1201)
tick 4760000 alive   916105 genomes  192826 energy   199.4 births 16053940 deaths 16052909 (12064.6s) AMD Radeon AI PRO R9700 (RADV GFX1201)
tick 4761000 alive   917185 genomes  193539 energy   199.2 births 16092398 deaths 16091318 (12067.2s) AMD Radeon AI PRO R9700 (RADV GFX1201)
tick 4762000 alive   918417 genomes  192812 energy   198.6 births 16191644 deaths 16190412 (12069.9s) AMD Radeon AI PRO R9700 (RADV GFX1201)
tick 4763000 alive   917548 genomes  192524 energy   199.0 births 16162336 deaths 16163205 (12072.6s) AMD Radeon AI PRO R9700 (RADV GFX1201)
tick 4764000 alive   914762 genomes  193112 energy   199.0 births 16077357 deaths 16080143 (12075.1s) AMD Radeon AI PRO R9700 (RADV GFX1201)
tick 4765000 alive   914371 genomes  193107 energy   198.9 births 16015428 deaths 16015819 (12077.7s) AMD Radeon AI PRO R9700 (RADV GFX1201)
tick 4766000 alive   919785 genomes  192908 energy   198.3 births 16183309 deaths 16177895 (12080.2s) AMD Radeon AI PRO R9700 (RADV GFX1201)
tick 4767000 alive   919816 genomes  191261 energy   199.0 births 16237765 deaths 16237734 (12082.7s) AMD Radeon AI PRO R9700 (RADV GFX1201)
tick 4768000 alive   921206 genomes  192354 energy   198.6 births 16201133 deaths 16199743 (12085.2s) AMD Radeon AI PRO R9700 (RADV GFX1201)
tick 4769000 alive   915355 genomes  191050 energy   199.2 births 16146285 deaths 16152136 (12087.8s) AMD Radeon AI PRO R9700 (RADV GFX1201)
tick 4770000 alive   917525 genomes  191345 energy   198.9 births 16094081 deaths 16091911 (12090.4s) AMD Radeon AI PRO R9700 (RADV GFX1201)
tick 4771000 alive   923088 genomes  189775 energy   199.2 births 16151579 deaths 16146016 (12092.9s) AMD Radeon AI PRO R9700 (RADV GFX1201)
tick 4772000 alive   921644 genomes  190099 energy   199.6 births 16127393 deaths 16128837 (12095.5s) AMD Radeon AI PRO R9700 (RADV GFX1201)
tick 4773000 alive   916265 genomes  192494 energy   198.9 births 16053782 deaths 16059161 (12098.0s) AMD Radeon AI PRO R9700 (RADV GFX1201)
tick 4774000 alive   916743 genomes  194151 energy   198.8 births 16093161 deaths 16092683 (12100.5s) AMD Radeon AI PRO R9700 (RADV GFX1201)
tick 4775000 alive   918432 genomes  191511 energy   198.9 births 16156650 deaths 16154961 (12103.0s) AMD Radeon AI PRO R9700 (RADV GFX1201)
tick 4776000 alive   921718 genomes  189398 energy   199.4 births 16187343 deaths 16184057 (12105.6s) AMD Radeon AI PRO R9700 (RADV GFX1201)
tick 4777000 alive   920468 genomes  189382 energy   199.7 births 16073990 deaths 16075240 (12108.1s) AMD Radeon AI PRO R9700 (RADV GFX1201)
tick 4778000 alive   918554 genomes  191334 energy   199.6 births 16003088 deaths 16005002 (12110.6s) AMD Radeon AI PRO R9700 (RADV GFX1201)
tick 4779000 alive   918995 genomes  190644 energy   199.8 births 15968282 deaths 15967841 (12113.1s) AMD Radeon AI PRO R9700 (RADV GFX1201)
tick 4780000 alive   918771 genomes  191261 energy   199.6 births 15962540 deaths 15962764 (12115.9s) AMD Radeon AI PRO R9700 (RADV GFX1201)
tick 4781000 alive   919886 genomes  191617 energy   200.2 births 15932981 deaths 15931866 (12118.4s) AMD Radeon AI PRO R9700 (RADV GFX1201)
tick 4782000 alive   917672 genomes  193885 energy   199.8 births 15933745 deaths 15935959 (12120.9s) AMD Radeon AI PRO R9700 (RADV GFX1201)
tick 4783000 alive   917056 genomes  193866 energy   199.5 births 15999587 deaths 16000203 (12123.5s) AMD Radeon AI PRO R9700 (RADV GFX1201)
tick 4784000 alive   919811 genomes  193874 energy   199.1 births 16059534 deaths 16056779 (12126.0s) AMD Radeon AI PRO R9700 (RADV GFX1201)
tick 4785000 alive   916969 genomes  194052 energy   199.6 births 15956767 deaths 15959609 (12128.6s) AMD Radeon AI PRO R9700 (RADV GFX1201)
tick 4786000 alive   916471 genomes  194900 energy   199.4 births 15983148 deaths 15983646 (12131.2s) AMD Radeon AI PRO R9700 (RADV GFX1201)
tick 4787000 alive   913923 genomes  194127 energy   199.5 births 15865061 deaths 15867609 (12133.7s) AMD Radeon AI PRO R9700 (RADV GFX1201)
tick 4788000 alive   915368 genomes  191411 energy   199.7 births 15970954 deaths 15969509 (12136.2s) AMD Radeon AI PRO R9700 (RADV GFX1201)
tick 4789000 alive   916815 genomes  190783 energy   199.4 births 15904621 deaths 15903174 (12138.7s) AMD Radeon AI PRO R9700 (RADV GFX1201)
tick 4790000 alive   920400 genomes  190135 energy   199.5 births 15987580 deaths 15983995 (12141.2s) AMD Radeon AI PRO R9700 (RADV GFX1201)
tick 4791000 alive   919503 genomes  189555 energy   199.3 births 15963085 deaths 15963982 (12143.7s) AMD Radeon AI PRO R9700 (RADV GFX1201)
tick 4792000 alive   918546 genomes  189451 energy   199.8 births 15957562 deaths 15958519 (12146.3s) AMD Radeon AI PRO R9700 (RADV GFX1201)
tick 4793000 alive   916029 genomes  192164 energy   200.0 births 15822234 deaths 15824751 (12148.9s) AMD Radeon AI PRO R9700 (RADV GFX1201)
tick 4794000 alive   915713 genomes  193321 energy   199.6 births 15838506 deaths 15838822 (12151.4s) AMD Radeon AI PRO R9700 (RADV GFX1201)
tick 4795000 alive   919841 genomes  192078 energy   199.6 births 15913509 deaths 15909381 (12153.9s) AMD Radeon AI PRO R9700 (RADV GFX1201)
tick 4796000 alive   919788 genomes  189456 energy   199.7 births 16017063 deaths 16017116 (12156.4s) AMD Radeon AI PRO R9700 (RADV GFX1201)
tick 4797000 alive   920838 genomes  189716 energy   199.5 births 15988629 deaths 15987579 (12158.9s) AMD Radeon AI PRO R9700 (RADV GFX1201)
tick 4798000 alive   921560 genomes  189884 energy   199.9 births 15993980 deaths 15993258 (12161.4s) AMD Radeon AI PRO R9700 (RADV GFX1201)
tick 4799000 alive   919138 genomes  189436 energy   199.7 births 15955331 deaths 15957753 (12163.9s) AMD Radeon AI PRO R9700 (RADV GFX1201)
tick 4800000 alive   921227 genomes  188207 energy   199.8 births 15996176 deaths 15994087 (12166.4s) AMD Radeon AI PRO R9700 (RADV GFX1201)
tick 4801000 alive   921081 genomes  187851 energy   199.5 births 15974348 deaths 15974494 (12168.9s) AMD Radeon AI PRO R9700 (RADV GFX1201)
tick 4802000 alive   920642 genomes  189311 energy   199.7 births 15908983 deaths 15909422 (12171.4s) AMD Radeon AI PRO R9700 (RADV GFX1201)
tick 4803000 alive   920261 genomes  189998 energy   199.8 births 15923939 deaths 15924320 (12173.9s) AMD Radeon AI PRO R9700 (RADV GFX1201)
tick 4804000 alive   922037 genomes  189009 energy   199.6 births 16005253 deaths 16003477 (12176.5s) AMD Radeon AI PRO R9700 (RADV GFX1201)
tick 4805000 alive   921967 genomes  189726 energy   199.7 births 16041722 deaths 16041792 (12179.1s) AMD Radeon AI PRO R9700 (RADV GFX1201)
tick 4806000 alive   919513 genomes  187006 energy   200.0 births 15963657 deaths 15966111 (12181.6s) AMD Radeon AI PRO R9700 (RADV GFX1201)
tick 4807000 alive   919856 genomes  189397 energy   199.7 births 15899748 deaths 15899405 (12184.1s) AMD Radeon AI PRO R9700 (RADV GFX1201)
tick 4808000 alive   920828 genomes  190516 energy   199.9 births 15989329 deaths 15988357 (12186.6s) AMD Radeon AI PRO R9700 (RADV GFX1201)
tick 4809000 alive   917480 genomes  191351 energy   200.0 births 15922474 deaths 15925822 (12189.2s) AMD Radeon AI PRO R9700 (RADV GFX1201)
tick 4810000 alive   914545 genomes  191423 energy   199.2 births 15938026 deaths 15940961 (12191.8s) AMD Radeon AI PRO R9700 (RADV GFX1201)
tick 4811000 alive   918692 genomes  190629 energy   199.2 births 16038365 deaths 16034218 (12194.4s) AMD Radeon AI PRO R9700 (RADV GFX1201)
tick 4812000 alive   924262 genomes  186884 energy   198.6 births 16229735 deaths 16224165 (12196.9s) AMD Radeon AI PRO R9700 (RADV GFX1201)
tick 4813000 alive   926683 genomes  185185 energy   199.3 births 16348057 deaths 16345636 (12199.4s) AMD Radeon AI PRO R9700 (RADV GFX1201)
tick 4814000 alive   925062 genomes  186115 energy   199.8 births 16260423 deaths 16262044 (12201.9s) AMD Radeon AI PRO R9700 (RADV GFX1201)
tick 4815000 alive   918919 genomes  185508 energy   199.4 births 16069589 deaths 16075732 (12204.4s) AMD Radeon AI PRO R9700 (RADV GFX1201)
tick 4816000 alive   921297 genomes  188100 energy   199.5 births 16121254 deaths 16118876 (12206.9s) AMD Radeon AI PRO R9700 (RADV GFX1201)
tick 4817000 alive   922264 genomes  188623 energy   199.3 births 16128616 deaths 16127649 (12209.5s) AMD Radeon AI PRO R9700 (RADV GFX1201)
tick 4818000 alive   924220 genomes  188126 energy   199.2 births 16136191 deaths 16134235 (12212.1s) AMD Radeon AI PRO R9700 (RADV GFX1201)
tick 4819000 alive   922707 genomes  188631 energy   199.6 births 16167924 deaths 16169437 (12214.7s) AMD Radeon AI PRO R9700 (RADV GFX1201)
tick 4820000 alive   923215 genomes  188382 energy   199.1 births 16192265 deaths 16191757 (12217.4s) AMD Radeon AI PRO R9700 (RADV GFX1201)
tick 4821000 alive   920882 genomes  187119 energy   199.3 births 16109093 deaths 16111426 (12220.0s) AMD Radeon AI PRO R9700 (RADV GFX1201)
tick 4822000 alive   926770 genomes  185570 energy   199.1 births 16258863 deaths 16252975 (12222.7s) AMD Radeon AI PRO R9700 (RADV GFX1201)
tick 4823000 alive   927764 genomes  186185 energy   199.4 births 16284353 deaths 16283359 (12225.5s) AMD Radeon AI PRO R9700 (RADV GFX1201)
tick 4824000 alive   922434 genomes  187801 energy   199.7 births 16175724 deaths 16181054 (12228.1s) AMD Radeon AI PRO R9700 (RADV GFX1201)
tick 4825000 alive   923244 genomes  189509 energy   199.8 births 16154923 deaths 16154113 (12230.7s) AMD Radeon AI PRO R9700 (RADV GFX1201)
tick 4826000 alive   924117 genomes  190243 energy   199.6 births 16138391 deaths 16137518 (12233.2s) AMD Radeon AI PRO R9700 (RADV GFX1201)
tick 4827000 alive   927233 genomes  189494 energy   199.5 births 16155240 deaths 16152124 (12235.7s) AMD Radeon AI PRO R9700 (RADV GFX1201)
tick 4828000 alive   926877 genomes  189516 energy   199.5 births 16240002 deaths 16240358 (12238.2s) AMD Radeon AI PRO R9700 (RADV GFX1201)
tick 4829000 alive   927084 genomes  188698 energy   199.5 births 16255997 deaths 16255790 (12240.7s) AMD Radeon AI PRO R9700 (RADV GFX1201)
tick 4830000 alive   927442 genomes  186159 energy   199.1 births 16344556 deaths 16344198 (12243.2s) AMD Radeon AI PRO R9700 (RADV GFX1201)
tick 4831000 alive   932095 genomes  186260 energy   199.0 births 16480586 deaths 16475933 (12245.7s) AMD Radeon AI PRO R9700 (RADV GFX1201)
tick 4832000 alive   931972 genomes  185267 energy   199.3 births 16464051 deaths 16464174 (12248.3s) AMD Radeon AI PRO R9700 (RADV GFX1201)
tick 4833000 alive   929302 genomes  186909 energy   199.9 births 16320297 deaths 16322967 (12250.8s) AMD Radeon AI PRO R9700 (RADV GFX1201)
tick 4834000 alive   924547 genomes  186854 energy   200.0 births 16124288 deaths 16129043 (12253.3s) AMD Radeon AI PRO R9700 (RADV GFX1201)
tick 4835000 alive   920604 genomes  188723 energy   199.7 births 16047918 deaths 16051861 (12255.7s) AMD Radeon AI PRO R9700 (RADV GFX1201)
tick 4836000 alive   922382 genomes  189857 energy   199.8 births 16021596 deaths 16019818 (12258.2s) AMD Radeon AI PRO R9700 (RADV GFX1201)
tick 4837000 alive   925370 genomes  191518 energy   199.1 births 16166800 deaths 16163812 (12260.7s) AMD Radeon AI PRO R9700 (RADV GFX1201)
tick 4838000 alive   925118 genomes  189403 energy   199.3 births 16281055 deaths 16281307 (12263.2s) AMD Radeon AI PRO R9700 (RADV GFX1201)
tick 4839000 alive   919810 genomes  186242 energy   199.3 births 16095975 deaths 16101283 (12265.7s) AMD Radeon AI PRO R9700 (RADV GFX1201)
tick 4840000 alive   923962 genomes  185686 energy   199.2 births 16169974 deaths 16165822 (12268.2s) AMD Radeon AI PRO R9700 (RADV GFX1201)
tick 4841000 alive   931907 genomes  184744 energy   199.0 births 16385662 deaths 16377717 (12270.7s) AMD Radeon AI PRO R9700 (RADV GFX1201)
tick 4842000 alive   932444 genomes  182113 energy   199.4 births 16449827 deaths 16449290 (12273.2s) AMD Radeon AI PRO R9700 (RADV GFX1201)
tick 4843000 alive   925443 genomes  184300 energy   199.9 births 16219372 deaths 16226373 (12275.8s) AMD Radeon AI PRO R9700 (RADV GFX1201)
tick 4844000 alive   922308 genomes  186486 energy   199.3 births 16083150 deaths 16086285 (12278.3s) AMD Radeon AI PRO R9700 (RADV GFX1201)
tick 4845000 alive   923718 genomes  187719 energy   199.1 births 16188531 deaths 16187121 (12280.8s) AMD Radeon AI PRO R9700 (RADV GFX1201)
tick 4846000 alive   924086 genomes  186866 energy   199.6 births 16261494 deaths 16261126 (12283.4s) AMD Radeon AI PRO R9700 (RADV GFX1201)
tick 4847000 alive   923265 genomes  188181 energy   199.3 births 16189117 deaths 16189938 (12285.9s) AMD Radeon AI PRO R9700 (RADV GFX1201)
tick 4848000 alive   919402 genomes  191013 energy   199.2 births 16097315 deaths 16101178 (12288.4s) AMD Radeon AI PRO R9700 (RADV GFX1201)
tick 4849000 alive   918633 genomes  191434 energy   199.2 births 16115380 deaths 16116149 (12290.9s) AMD Radeon AI PRO R9700 (RADV GFX1201)
tick 4850000 alive   923547 genomes  189296 energy   199.0 births 16265397 deaths 16260483 (12293.4s) AMD Radeon AI PRO R9700 (RADV GFX1201)
tick 4851000 alive   923648 genomes  189036 energy   198.9 births 16299276 deaths 16299175 (12295.9s) AMD Radeon AI PRO R9700 (RADV GFX1201)
tick 4852000 alive   921347 genomes  187504 energy   199.1 births 16262973 deaths 16265274 (12298.5s) AMD Radeon AI PRO R9700 (RADV GFX1201)
tick 4853000 alive   922947 genomes  186820 energy   198.7 births 16225135 deaths 16223535 (12301.0s) AMD Radeon AI PRO R9700 (RADV GFX1201)
tick 4854000 alive   927284 genomes  186536 energy   199.1 births 16287573 deaths 16283236 (12303.5s) AMD Radeon AI PRO R9700 (RADV GFX1201)
tick 4855000 alive   923869 genomes  187139 energy   198.5 births 16354665 deaths 16358080 (12306.0s) AMD Radeon AI PRO R9700 (RADV GFX1201)
tick 4856000 alive   918044 genomes  187721 energy   198.8 births 16230499 deaths 16236324 (12308.5s) AMD Radeon AI PRO R9700 (RADV GFX1201)
tick 4857000 alive   917621 genomes  190550 energy   198.8 births 16169211 deaths 16169634 (12311.0s) AMD Radeon AI PRO R9700 (RADV GFX1201)
tick 4858000 alive   919453 genomes  189375 energy   198.3 births 16251291 deaths 16249459 (12313.5s) AMD Radeon AI PRO R9700 (RADV GFX1201)
tick 4859000 alive   917854 genomes  190637 energy   198.4 births 16262344 deaths 16263943 (12315.9s) AMD Radeon AI PRO R9700 (RADV GFX1201)
tick 4860000 alive   918602 genomes  191443 energy   198.8 births 16231310 deaths 16230562 (12318.5s) AMD Radeon AI PRO R9700 (RADV GFX1201)
tick 4861000 alive   918895 genomes  190026 energy   198.4 births 16240186 deaths 16239893 (12321.0s) AMD Radeon AI PRO R9700 (RADV GFX1201)
tick 4862000 alive   923168 genomes  189598 energy   198.4 births 16340626 deaths 16336353 (12323.5s) AMD Radeon AI PRO R9700 (RADV GFX1201)
tick 4863000 alive   924491 genomes  189552 energy   198.3 births 16374088 deaths 16372765 (12325.9s) AMD Radeon AI PRO R9700 (RADV GFX1201)
tick 4864000 alive   923366 genomes  190142 energy   198.4 births 16476617 deaths 16477742 (12328.5s) AMD Radeon AI PRO R9700 (RADV GFX1201)
tick 4865000 alive   923986 genomes  189741 energy   198.7 births 16398759 deaths 16398139 (12331.0s) AMD Radeon AI PRO R9700 (RADV GFX1201)
tick 4866000 alive   924526 genomes  189840 energy   199.2 births 16356162 deaths 16355622 (12333.5s) AMD Radeon AI PRO R9700 (RADV GFX1201)
tick 4867000 alive   918457 genomes  188796 energy   199.0 births 16190247 deaths 16196316 (12336.0s) AMD Radeon AI PRO R9700 (RADV GFX1201)
tick 4868000 alive   920369 genomes  189936 energy   199.4 births 16231048 deaths 16229136 (12338.6s) AMD Radeon AI PRO R9700 (RADV GFX1201)
tick 4869000 alive   918873 genomes  192251 energy   199.2 births 16105841 deaths 16107337 (12341.1s) AMD Radeon AI PRO R9700 (RADV GFX1201)
tick 4870000 alive   918105 genomes  192135 energy   199.2 births 16159610 deaths 16160378 (12343.6s) AMD Radeon AI PRO R9700 (RADV GFX1201)
tick 4871000 alive   919484 genomes  190556 energy   198.8 births 16165142 deaths 16163763 (12346.1s) AMD Radeon AI PRO R9700 (RADV GFX1201)
tick 4872000 alive   917895 genomes  189732 energy   199.2 births 16128901 deaths 16130490 (12348.7s) AMD Radeon AI PRO R9700 (RADV GFX1201)
tick 4873000 alive   918219 genomes  191053 energy   198.9 births 16154890 deaths 16154566 (12351.2s) AMD Radeon AI PRO R9700 (RADV GFX1201)
tick 4874000 alive   919860 genomes  189624 energy   199.1 births 16214601 deaths 16212960 (12353.7s) AMD Radeon AI PRO R9700 (RADV GFX1201)
tick 4875000 alive   919080 genomes  189518 energy   198.9 births 16197195 deaths 16197975 (12356.1s) AMD Radeon AI PRO R9700 (RADV GFX1201)
tick 4876000 alive   918465 genomes  189892 energy   199.4 births 16111935 deaths 16112550 (12358.7s) AMD Radeon AI PRO R9700 (RADV GFX1201)
tick 4877000 alive   915616 genomes  189989 energy   199.3 births 16058534 deaths 16061383 (12361.1s) AMD Radeon AI PRO R9700 (RADV GFX1201)
tick 4878000 alive   918230 genomes  188941 energy   198.7 births 16125647 deaths 16123033 (12363.6s) AMD Radeon AI PRO R9700 (RADV GFX1201)
tick 4879000 alive   918459 genomes  187949 energy   198.9 births 16188230 deaths 16188001 (12366.1s) AMD Radeon AI PRO R9700 (RADV GFX1201)
tick 4880000 alive   918601 genomes  187466 energy   199.3 births 16162222 deaths 16162080 (12368.7s) AMD Radeon AI PRO R9700 (RADV GFX1201)
tick 4881000 alive   917915 genomes  187335 energy   198.6 births 16138281 deaths 16138967 (12371.2s) AMD Radeon AI PRO R9700 (RADV GFX1201)
tick 4882000 alive   923724 genomes  185907 energy   197.9 births 16335204 deaths 16329395 (12373.7s) AMD Radeon AI PRO R9700 (RADV GFX1201)
tick 4883000 alive   925682 genomes  183458 energy   198.3 births 16494437 deaths 16492479 (12376.2s) AMD Radeon AI PRO R9700 (RADV GFX1201)
tick 4884000 alive   924771 genomes  184272 energy   199.1 births 16339683 deaths 16340594 (12378.7s) AMD Radeon AI PRO R9700 (RADV GFX1201)
tick 4885000 alive   925831 genomes  184486 energy   198.8 births 16328217 deaths 16327157 (12381.2s) AMD Radeon AI PRO R9700 (RADV GFX1201)
tick 4886000 alive   926421 genomes  184276 energy   198.4 births 16446464 deaths 16445874 (12383.7s) AMD Radeon AI PRO R9700 (RADV GFX1201)
tick 4887000 alive   925308 genomes  184853 energy   198.6 births 16413784 deaths 16414897 (12386.2s) AMD Radeon AI PRO R9700 (RADV GFX1201)
tick 4888000 alive   924199 genomes  184023 energy   199.1 births 16360531 deaths 16361640 (12388.7s) AMD Radeon AI PRO R9700 (RADV GFX1201)
tick 4889000 alive   924836 genomes  183440 energy   199.0 births 16353172 deaths 16352535 (12391.2s) AMD Radeon AI PRO R9700 (RADV GFX1201)
tick 4890000 alive   927338 genomes  183067 energy   198.8 births 16328945 deaths 16326443 (12393.7s) AMD Radeon AI PRO R9700 (RADV GFX1201)
tick 4891000 alive   930046 genomes  183908 energy   199.1 births 16399007 deaths 16396299 (12396.2s) AMD Radeon AI PRO R9700 (RADV GFX1201)
tick 4892000 alive   926393 genomes  182388 energy   198.9 births 16308468 deaths 16312121 (12398.8s) AMD Radeon AI PRO R9700 (RADV GFX1201)
tick 4893000 alive   927420 genomes  182265 energy   199.1 births 16348871 deaths 16347844 (12401.4s) AMD Radeon AI PRO R9700 (RADV GFX1201)
tick 4894000 alive   926855 genomes  181860 energy   199.5 births 16367047 deaths 16367612 (12403.9s) AMD Radeon AI PRO R9700 (RADV GFX1201)
tick 4895000 alive   927259 genomes  182617 energy   199.4 births 16350204 deaths 16349800 (12406.4s) AMD Radeon AI PRO R9700 (RADV GFX1201)
tick 4896000 alive   927428 genomes  186078 energy   198.8 births 16320877 deaths 16320708 (12409.0s) AMD Radeon AI PRO R9700 (RADV GFX1201)
tick 4897000 alive   928703 genomes  186677 energy   198.4 births 16480816 deaths 16479541 (12411.5s) AMD Radeon AI PRO R9700 (RADV GFX1201)
tick 4898000 alive   927983 genomes  186402 energy   198.9 births 16439411 deaths 16440131 (12413.9s) AMD Radeon AI PRO R9700 (RADV GFX1201)
tick 4899000 alive   925994 genomes  186928 energy   199.3 births 16295164 deaths 16297153 (12416.4s) AMD Radeon AI PRO R9700 (RADV GFX1201)
tick 4900000 alive   928127 genomes  186456 energy   199.1 births 16383019 deaths 16380886 (12418.9s) AMD Radeon AI PRO R9700 (RADV GFX1201)
tick 4901000 alive   926785 genomes  185798 energy   198.8 births 16464177 deaths 16465519 (12421.4s) AMD Radeon AI PRO R9700 (RADV GFX1201)
tick 4902000 alive   929026 genomes  186348 energy   198.4 births 16494447 deaths 16492206 (12424.1s) AMD Radeon AI PRO R9700 (RADV GFX1201)
tick 4903000 alive   931573 genomes  186321 energy   198.8 births 16525827 deaths 16523280 (12426.6s) AMD Radeon AI PRO R9700 (RADV GFX1201)
tick 4904000 alive   927698 genomes  184785 energy   198.9 births 16444952 deaths 16448827 (12429.1s) AMD Radeon AI PRO R9700 (RADV GFX1201)
tick 4905000 alive   927326 genomes  183569 energy   198.7 births 16453251 deaths 16453623 (12431.5s) AMD Radeon AI PRO R9700 (RADV GFX1201)
tick 4906000 alive   927387 genomes  183220 energy   199.0 births 16413631 deaths 16413570 (12434.0s) AMD Radeon AI PRO R9700 (RADV GFX1201)
tick 4907000 alive   927031 genomes  183697 energy   198.8 births 16421219 deaths 16421575 (12436.5s) AMD Radeon AI PRO R9700 (RADV GFX1201)
tick 4908000 alive   928453 genomes  183929 energy   198.9 births 16496758 deaths 16495336 (12439.1s) AMD Radeon AI PRO R9700 (RADV GFX1201)
tick 4909000 alive   930901 genomes  184207 energy   198.2 births 16581034 deaths 16578586 (12441.6s) AMD Radeon AI PRO R9700 (RADV GFX1201)
tick 4910000 alive   933920 genomes  183350 energy   198.5 births 16684211 deaths 16681192 (12444.1s) AMD Radeon AI PRO R9700 (RADV GFX1201)
tick 4911000 alive   935463 genomes  183995 energy   198.0 births 16695525 deaths 16693982 (12446.6s) AMD Radeon AI PRO R9700 (RADV GFX1201)
tick 4912000 alive   932457 genomes  184881 energy   198.8 births 16647890 deaths 16650896 (12449.2s) AMD Radeon AI PRO R9700 (RADV GFX1201)
tick 4913000 alive   926092 genomes  187352 energy   198.9 births 16452550 deaths 16458915 (12451.7s) AMD Radeon AI PRO R9700 (RADV GFX1201)
tick 4914000 alive   926762 genomes  186926 energy   198.1 births 16397358 deaths 16396688 (12454.2s) AMD Radeon AI PRO R9700 (RADV GFX1201)
tick 4915000 alive   929760 genomes  185858 energy   198.4 births 16540702 deaths 16537704 (12456.7s) AMD Radeon AI PRO R9700 (RADV GFX1201)
tick 4916000 alive   927864 genomes  187006 energy   199.0 births 16440936 deaths 16442832 (12459.3s) AMD Radeon AI PRO R9700 (RADV GFX1201)
tick 4917000 alive   924570 genomes  187777 energy   199.7 births 16274359 deaths 16277653 (12461.8s) AMD Radeon AI PRO R9700 (RADV GFX1201)
tick 4918000 alive   923358 genomes  189824 energy   198.8 births 16253728 deaths 16254940 (12464.3s) AMD Radeon AI PRO R9700 (RADV GFX1201)
tick 4919000 alive   927445 genomes  187220 energy   198.9 births 16392014 deaths 16387927 (12466.9s) AMD Radeon AI PRO R9700 (RADV GFX1201)
tick 4920000 alive   930793 genomes  185651 energy   199.2 births 16490038 deaths 16486690 (12469.5s) AMD Radeon AI PRO R9700 (RADV GFX1201)
tick 4921000 alive   928533 genomes  184792 energy   198.6 births 16438882 deaths 16441142 (12472.0s) AMD Radeon AI PRO R9700 (RADV GFX1201)
tick 4922000 alive   930633 genomes  182692 energy   198.9 births 16512223 deaths 16510123 (12474.5s) AMD Radeon AI PRO R9700 (RADV GFX1201)
tick 4923000 alive   930470 genomes  181928 energy   198.7 births 16521353 deaths 16521516 (12477.1s) AMD Radeon AI PRO R9700 (RADV GFX1201)
tick 4924000 alive   926354 genomes  181723 energy   198.7 births 16490834 deaths 16494950 (12479.7s) AMD Radeon AI PRO R9700 (RADV GFX1201)
tick 4925000 alive   928257 genomes  183233 energy   199.1 births 16433974 deaths 16432071 (12482.2s) AMD Radeon AI PRO R9700 (RADV GFX1201)
tick 4926000 alive   928246 genomes  185205 energy   198.8 births 16443976 deaths 16443987 (12484.7s) AMD Radeon AI PRO R9700 (RADV GFX1201)
tick 4927000 alive   924564 genomes  185400 energy   199.0 births 16326390 deaths 16330072 (12487.2s) AMD Radeon AI PRO R9700 (RADV GFX1201)
tick 4928000 alive   924074 genomes  186347 energy   198.7 births 16301564 deaths 16302054 (12489.7s) AMD Radeon AI PRO R9700 (RADV GFX1201)
tick 4929000 alive   924682 genomes  186227 energy   199.0 births 16321335 deaths 16320727 (12492.3s) AMD Radeon AI PRO R9700 (RADV GFX1201)
tick 4930000 alive   927103 genomes  188883 energy   199.0 births 16347237 deaths 16344816 (12494.8s) AMD Radeon AI PRO R9700 (RADV GFX1201)
tick 4931000 alive   923200 genomes  188223 energy   199.3 births 16270682 deaths 16274585 (12497.3s) AMD Radeon AI PRO R9700 (RADV GFX1201)
tick 4932000 alive   922304 genomes  187732 energy   199.4 births 16209567 deaths 16210463 (12500.0s) AMD Radeon AI PRO R9700 (RADV GFX1201)
tick 4933000 alive   928933 genomes  188970 energy   198.8 births 16315662 deaths 16309033 (12502.5s) AMD Radeon AI PRO R9700 (RADV GFX1201)
tick 4934000 alive   927261 genomes  189152 energy   199.0 births 16405693 deaths 16407365 (12505.0s) AMD Radeon AI PRO R9700 (RADV GFX1201)
tick 4935000 alive   924919 genomes  188089 energy   199.4 births 16395820 deaths 16398162 (12507.5s) AMD Radeon AI PRO R9700 (RADV GFX1201)
tick 4936000 alive   923424 genomes  189800 energy   199.2 births 16278233 deaths 16279728 (12510.0s) AMD Radeon AI PRO R9700 (RADV GFX1201)
tick 4937000 alive   924961 genomes  188795 energy   199.1 births 16293507 deaths 16291970 (12512.5s) AMD Radeon AI PRO R9700 (RADV GFX1201)
tick 4938000 alive   925060 genomes  189487 energy   198.5 births 16315413 deaths 16315314 (12515.0s) AMD Radeon AI PRO R9700 (RADV GFX1201)
tick 4939000 alive   925640 genomes  191472 energy   198.7 births 16367901 deaths 16367321 (12517.7s) AMD Radeon AI PRO R9700 (RADV GFX1201)
tick 4940000 alive   921690 genomes  188984 energy   198.5 births 16322510 deaths 16326460 (12520.2s) AMD Radeon AI PRO R9700 (RADV GFX1201)
tick 4941000 alive   927371 genomes  189772 energy   199.1 births 16351526 deaths 16345845 (12522.7s) AMD Radeon AI PRO R9700 (RADV GFX1201)
tick 4942000 alive   926827 genomes  189928 energy   199.1 births 16379682 deaths 16380226 (12525.2s) AMD Radeon AI PRO R9700 (RADV GFX1201)
tick 4943000 alive   929495 genomes  187204 energy   198.8 births 16451898 deaths 16449230 (12527.7s) AMD Radeon AI PRO R9700 (RADV GFX1201)
tick 4944000 alive   931281 genomes  185459 energy   199.4 births 16461311 deaths 16459525 (12530.2s) AMD Radeon AI PRO R9700 (RADV GFX1201)
tick 4945000 alive   927485 genomes  186095 energy   199.7 births 16235998 deaths 16239794 (12532.7s) AMD Radeon AI PRO R9700 (RADV GFX1201)
tick 4946000 alive   928682 genomes  187678 energy   199.5 births 16198345 deaths 16197148 (12535.2s) AMD Radeon AI PRO R9700 (RADV GFX1201)
tick 4947000 alive   923277 genomes  188105 energy   199.7 births 16117143 deaths 16122548 (12537.7s) AMD Radeon AI PRO R9700 (RADV GFX1201)
tick 4948000 alive   920409 genomes  188394 energy   199.4 births 16097318 deaths 16100186 (12540.3s) AMD Radeon AI PRO R9700 (RADV GFX1201)
tick 4949000 alive   927747 genomes  188192 energy   199.4 births 16168865 deaths 16161527 (12542.8s) AMD Radeon AI PRO R9700 (RADV GFX1201)
tick 4950000 alive   933592 genomes  186725 energy   199.9 births 16243730 deaths 16237885 (12545.3s) AMD Radeon AI PRO R9700 (RADV GFX1201)
tick 4951000 alive   930529 genomes  186908 energy   200.1 births 16251473 deaths 16254536 (12548.0s) AMD Radeon AI PRO R9700 (RADV GFX1201)
tick 4952000 alive   926077 genomes  187974 energy   199.3 births 16127062 deaths 16131514 (12550.6s) AMD Radeon AI PRO R9700 (RADV GFX1201)
tick 4953000 alive   926954 genomes  187947 energy   199.4 births 16162052 deaths 16161175 (12553.2s) AMD Radeon AI PRO R9700 (RADV GFX1201)
tick 4954000 alive   926516 genomes  186471 energy   199.6 births 16253547 deaths 16253985 (12555.8s) AMD Radeon AI PRO R9700 (RADV GFX1201)
tick 4955000 alive   928484 genomes  185807 energy   198.8 births 16251308 deaths 16249340 (12558.3s) AMD Radeon AI PRO R9700 (RADV GFX1201)
tick 4956000 alive   930652 genomes  185138 energy   199.4 births 16362745 deaths 16360577 (12560.8s) AMD Radeon AI PRO R9700 (RADV GFX1201)
tick 4957000 alive   927595 genomes  183860 energy   199.5 births 16237606 deaths 16240663 (12563.3s) AMD Radeon AI PRO R9700 (RADV GFX1201)
tick 4958000 alive   926315 genomes  183619 energy   199.6 births 16217078 deaths 16218358 (12565.8s) AMD Radeon AI PRO R9700 (RADV GFX1201)
tick 4959000 alive   926115 genomes  182060 energy   199.9 births 16172037 deaths 16172237 (12568.3s) AMD Radeon AI PRO R9700 (RADV GFX1201)
tick 4960000 alive   927304 genomes  183804 energy   199.4 births 16200622 deaths 16199433 (12570.8s) AMD Radeon AI PRO R9700 (RADV GFX1201)
tick 4961000 alive   926522 genomes  183288 energy   199.4 births 16234026 deaths 16234808 (12573.3s) AMD Radeon AI PRO R9700 (RADV GFX1201)
tick 4962000 alive   927734 genomes  182972 energy   199.2 births 16251568 deaths 16250356 (12575.8s) AMD Radeon AI PRO R9700 (RADV GFX1201)
tick 4963000 alive   924768 genomes  182284 energy   199.3 births 16224601 deaths 16227567 (12578.4s) AMD Radeon AI PRO R9700 (RADV GFX1201)
tick 4964000 alive   928315 genomes  182279 energy   199.3 births 16247867 deaths 16244320 (12581.0s) AMD Radeon AI PRO R9700 (RADV GFX1201)
tick 4965000 alive   928771 genomes  183434 energy   199.5 births 16250444 deaths 16249988 (12583.5s) AMD Radeon AI PRO R9700 (RADV GFX1201)
tick 4966000 alive   927798 genomes  184547 energy   199.5 births 16166982 deaths 16167955 (12586.0s) AMD Radeon AI PRO R9700 (RADV GFX1201)
tick 4967000 alive   925479 genomes  183850 energy   199.7 births 16130098 deaths 16132417 (12588.5s) AMD Radeon AI PRO R9700 (RADV GFX1201)
tick 4968000 alive   922058 genomes  185306 energy   199.3 births 16080979 deaths 16084400 (12591.1s) AMD Radeon AI PRO R9700 (RADV GFX1201)
tick 4969000 alive   922518 genomes  187247 energy   199.6 births 16118780 deaths 16118320 (12593.6s) AMD Radeon AI PRO R9700 (RADV GFX1201)
tick 4970000 alive   921629 genomes  188964 energy   199.6 births 16099499 deaths 16100388 (12596.1s) AMD Radeon AI PRO R9700 (RADV GFX1201)
tick 4971000 alive   919254 genomes  191430 energy   199.2 births 16024910 deaths 16027285 (12598.6s) AMD Radeon AI PRO R9700 (RADV GFX1201)
tick 4972000 alive   920738 genomes  192018 energy   199.5 births 16107852 deaths 16106368 (12601.1s) AMD Radeon AI PRO R9700 (RADV GFX1201)
tick 4973000 alive   922131 genomes  191597 energy   198.9 births 16132667 deaths 16131274 (12603.6s) AMD Radeon AI PRO R9700 (RADV GFX1201)
tick 4974000 alive   919646 genomes  190261 energy   199.4 births 16111453 deaths 16113938 (12606.3s) AMD Radeon AI PRO R9700 (RADV GFX1201)
tick 4975000 alive   924038 genomes  189338 energy   200.0 births 16087091 deaths 16082699 (12608.8s) AMD Radeon AI PRO R9700 (RADV GFX1201)
tick 4976000 alive   923442 genomes  191931 energy   199.3 births 16110505 deaths 16111101 (12611.3s) AMD Radeon AI PRO R9700 (RADV GFX1201)
tick 4977000 alive   919716 genomes  192470 energy   199.5 births 16125658 deaths 16129384 (12613.8s) AMD Radeon AI PRO R9700 (RADV GFX1201)
tick 4978000 alive   922911 genomes  193062 energy   199.5 births 16100329 deaths 16097134 (12616.3s) AMD Radeon AI PRO R9700 (RADV GFX1201)
tick 4979000 alive   923060 genomes  192546 energy   199.3 births 16126068 deaths 16125919 (12618.8s) AMD Radeon AI PRO R9700 (RADV GFX1201)
tick 4980000 alive   922431 genomes  194382 energy   199.5 births 16053555 deaths 16054184 (12621.3s) AMD Radeon AI PRO R9700 (RADV GFX1201)
tick 4981000 alive   923719 genomes  194442 energy   199.6 births 16054800 deaths 16053512 (12623.7s) AMD Radeon AI PRO R9700 (RADV GFX1201)
tick 4982000 alive   926167 genomes  195031 energy   199.5 births 16152159 deaths 16149711 (12626.4s) AMD Radeon AI PRO R9700 (RADV GFX1201)
tick 4983000 alive   924850 genomes  193932 energy   199.5 births 16120455 deaths 16121772 (12628.9s) AMD Radeon AI PRO R9700 (RADV GFX1201)
tick 4984000 alive   923718 genomes  194771 energy   199.7 births 16177941 deaths 16179073 (12631.4s) AMD Radeon AI PRO R9700 (RADV GFX1201)
tick 4985000 alive   922543 genomes  195077 energy   199.8 births 16118787 deaths 16119962 (12634.0s) AMD Radeon AI PRO R9700 (RADV GFX1201)
tick 4986000 alive   917891 genomes  194487 energy   200.0 births 15996497 deaths 16001149 (12636.5s) AMD Radeon AI PRO R9700 (RADV GFX1201)
tick 4987000 alive   920363 genomes  194423 energy   199.6 births 15951028 deaths 15948556 (12638.9s) AMD Radeon AI PRO R9700 (RADV GFX1201)
tick 4988000 alive   919833 genomes  193504 energy   198.9 births 16164782 deaths 16165312 (12641.4s) AMD Radeon AI PRO R9700 (RADV GFX1201)
tick 4989000 alive   921845 genomes  191528 energy   199.6 births 16165290 deaths 16163278 (12644.0s) AMD Radeon AI PRO R9700 (RADV GFX1201)
tick 4990000 alive   917539 genomes  190297 energy   199.8 births 15993434 deaths 15997740 (12646.7s) AMD Radeon AI PRO R9700 (RADV GFX1201)
tick 4991000 alive   921118 genomes  190419 energy   199.4 births 15996524 deaths 15992945 (12649.2s) AMD Radeon AI PRO R9700 (RADV GFX1201)
tick 4992000 alive   921919 genomes  190417 energy   199.5 births 16191800 deaths 16190999 (12651.7s) AMD Radeon AI PRO R9700 (RADV GFX1201)
tick 4993000 alive   924030 genomes  191267 energy   199.1 births 16126054 deaths 16123943 (12654.2s) AMD Radeon AI PRO R9700 (RADV GFX1201)
tick 4994000 alive   917515 genomes  192214 energy   199.9 births 16051474 deaths 16057989 (12656.7s) AMD Radeon AI PRO R9700 (RADV GFX1201)
tick 4995000 alive   920946 genomes  192154 energy   199.5 births 16033241 deaths 16029810 (12659.2s) AMD Radeon AI PRO R9700 (RADV GFX1201)
tick 4996000 alive   926458 genomes  193182 energy   198.9 births 16235096 deaths 16229584 (12661.7s) AMD Radeon AI PRO R9700 (RADV GFX1201)
tick 4997000 alive   926801 genomes  192155 energy   199.1 births 16331315 deaths 16330972 (12664.3s) AMD Radeon AI PRO R9700 (RADV GFX1201)
tick 4998000 alive   927536 genomes  190912 energy   199.2 births 16335544 deaths 16334809 (12666.8s) AMD Radeon AI PRO R9700 (RADV GFX1201)
tick 4999000 alive   927445 genomes  190952 energy   199.3 births 16269616 deaths 16269707 (12669.3s) AMD Radeon AI PRO R9700 (RADV GFX1201)
tick 5000000 alive   921308 genomes  192175 energy   199.5 births 16104642 deaths 16110779 (12671.8s) AMD Radeon AI PRO R9700 (RADV GFX1201)
tick 5001000 alive   921818 genomes  193781 energy   199.4 births 16093907 deaths 16093397 (12674.3s) AMD Radeon AI PRO R9700 (RADV GFX1201)
tick 5002000 alive   922520 genomes  195647 energy   198.6 births 16195160 deaths 16194458 (12676.8s) AMD Radeon AI PRO R9700 (RADV GFX1201)
tick 5003000 alive   922429 genomes  196481 energy   198.6 births 16304230 deaths 16304321 (12679.4s) AMD Radeon AI PRO R9700 (RADV GFX1201)
tick 5004000 alive   919246 genomes  194651 energy   199.0 births 16184463 deaths 16187646 (12681.9s) AMD Radeon AI PRO R9700 (RADV GFX1201)
tick 5005000 alive   920377 genomes  195473 energy   199.3 births 16158098 deaths 16156967 (12684.4s) AMD Radeon AI PRO R9700 (RADV GFX1201)
tick 5006000 alive   921998 genomes  194284 energy   199.2 births 16196848 deaths 16195227 (12686.9s) AMD Radeon AI PRO R9700 (RADV GFX1201)
tick 5007000 alive   919031 genomes  193702 energy   199.4 births 16110654 deaths 16113621 (12689.4s) AMD Radeon AI PRO R9700 (RADV GFX1201)
tick 5008000 alive   919841 genomes  192628 energy   199.7 births 15985787 deaths 15984977 (12691.9s) AMD Radeon AI PRO R9700 (RADV GFX1201)
tick 5009000 alive   918438 genomes  193059 energy   200.2 births 15897591 deaths 15898994 (12694.4s) AMD Radeon AI PRO R9700 (RADV GFX1201)
tick 5010000 alive   918576 genomes  194157 energy   200.1 births 15868785 deaths 15868647 (12696.9s) AMD Radeon AI PRO R9700 (RADV GFX1201)
tick 5011000 alive   920804 genomes  195259 energy   200.0 births 15950862 deaths 15948634 (12699.4s) AMD Radeon AI PRO R9700 (RADV GFX1201)
tick 5012000 alive   915006 genomes  195552 energy   200.6 births 15850283 deaths 15856081 (12702.0s) AMD Radeon AI PRO R9700 (RADV GFX1201)
tick 5013000 alive   915643 genomes  196858 energy   200.0 births 15713639 deaths 15713002 (12704.6s) AMD Radeon AI PRO R9700 (RADV GFX1201)
tick 5014000 alive   918906 genomes  196302 energy   199.6 births 15904219 deaths 15900956 (12707.1s) AMD Radeon AI PRO R9700 (RADV GFX1201)
tick 5015000 alive   923471 genomes  194597 energy   198.8 births 16075958 deaths 16071393 (12709.6s) AMD Radeon AI PRO R9700 (RADV GFX1201)
tick 5016000 alive   922403 genomes  189850 energy   199.3 births 16172583 deaths 16173651 (12712.2s) AMD Radeon AI PRO R9700 (RADV GFX1201)
tick 5017000 alive   923536 genomes  188637 energy   199.6 births 16132693 deaths 16131560 (12714.7s) AMD Radeon AI PRO R9700 (RADV GFX1201)
tick 5018000 alive   919945 genomes  189643 energy   199.6 births 16051951 deaths 16055542 (12717.2s) AMD Radeon AI PRO R9700 (RADV GFX1201)
tick 5019000 alive   917069 genomes  190592 energy   199.7 births 15982664 deaths 15985540 (12719.8s) AMD Radeon AI PRO R9700 (RADV GFX1201)
tick 5020000 alive   916615 genomes  192890 energy   199.7 births 15877746 deaths 15878200 (12722.3s) AMD Radeon AI PRO R9700 (RADV GFX1201)
tick 5021000 alive   915476 genomes  193509 energy   199.3 births 15942072 deaths 15943211 (12724.9s) AMD Radeon AI PRO R9700 (RADV GFX1201)
tick 5022000 alive   918190 genomes  194279 energy   199.4 births 15984725 deaths 15982011 (12727.4s) AMD Radeon AI PRO R9700 (RADV GFX1201)
tick 5023000 alive   918023 genomes  192921 energy   199.0 births 16004564 deaths 16004731 (12729.9s) AMD Radeon AI PRO R9700 (RADV GFX1201)
tick 5024000 alive   920033 genomes  191095 energy   199.9 births 16053857 deaths 16051847 (12732.4s) AMD Radeon AI PRO R9700 (RADV GFX1201)
tick 5025000 alive   920346 genomes  193213 energy   199.7 births 16020238 deaths 16019925 (12734.9s) AMD Radeon AI PRO R9700 (RADV GFX1201)
tick 5026000 alive   919554 genomes  192697 energy   199.6 births 15975187 deaths 15975979 (12737.4s) AMD Radeon AI PRO R9700 (RADV GFX1201)
tick 5027000 alive   920761 genomes  194181 energy   199.5 births 16024418 deaths 16023211 (12739.9s) AMD Radeon AI PRO R9700 (RADV GFX1201)
tick 5028000 alive   923173 genomes  193213 energy   199.3 births 16117461 deaths 16115049 (12742.5s) AMD Radeon AI PRO R9700 (RADV GFX1201)
tick 5029000 alive   921657 genomes  192925 energy   199.3 births 16132665 deaths 16134181 (12745.0s) AMD Radeon AI PRO R9700 (RADV GFX1201)
tick 5030000 alive   920647 genomes  192265 energy   199.9 births 16113614 deaths 16114624 (12747.6s) AMD Radeon AI PRO R9700 (RADV GFX1201)
tick 5031000 alive   919574 genomes  192055 energy   199.0 births 16070294 deaths 16071367 (12750.1s) AMD Radeon AI PRO R9700 (RADV GFX1201)
tick 5032000 alive   925041 genomes  193428 energy   199.6 births 16186656 deaths 16181189 (12752.7s) AMD Radeon AI PRO R9700 (RADV GFX1201)
tick 5033000 alive   923828 genomes  192834 energy   200.2 births 16085670 deaths 16086883 (12755.2s) AMD Radeon AI PRO R9700 (RADV GFX1201)
tick 5034000 alive   918415 genomes  193964 energy   200.3 births 15916689 deaths 15922102 (12757.7s) AMD Radeon AI PRO R9700 (RADV GFX1201)
tick 5035000 alive   919836 genomes  194187 energy   199.6 births 15931734 deaths 15930313 (12760.2s) AMD Radeon AI PRO R9700 (RADV GFX1201)
tick 5036000 alive   919594 genomes  193002 energy   199.5 births 16021654 deaths 16021896 (12762.7s) AMD Radeon AI PRO R9700 (RADV GFX1201)
tick 5037000 alive   917576 genomes  193375 energy   199.5 births 15983052 deaths 15985070 (12765.3s) AMD Radeon AI PRO R9700 (RADV GFX1201)
tick 5038000 alive   922182 genomes  193915 energy   199.8 births 16002278 deaths 15997672 (12767.8s) AMD Radeon AI PRO R9700 (RADV GFX1201)
tick 5039000 alive   917308 genomes  194454 energy   199.7 births 15999116 deaths 16003990 (12770.3s) AMD Radeon AI PRO R9700 (RADV GFX1201)
tick 5040000 alive   912318 genomes  195513 energy   198.8 births 15888582 deaths 15893572 (12772.8s) AMD Radeon AI PRO R9700 (RADV GFX1201)
tick 5041000 alive   920013 genomes  194212 energy   198.9 births 16139929 deaths 16132234 (12775.4s) AMD Radeon AI PRO R9700 (RADV GFX1201)
tick 5042000 alive   919362 genomes  193166 energy   199.4 births 16116936 deaths 16117587 (12777.8s) AMD Radeon AI PRO R9700 (RADV GFX1201)
tick 5043000 alive   920139 genomes  192723 energy   199.5 births 16043626 deaths 16042849 (12780.4s) AMD Radeon AI PRO R9700 (RADV GFX1201)
tick 5044000 alive   920228 genomes  192799 energy   199.1 births 16065459 deaths 16065370 (12782.9s) AMD Radeon AI PRO R9700 (RADV GFX1201)
tick 5045000 alive   916732 genomes  191758 energy   199.5 births 16021936 deaths 16025432 (12785.3s) AMD Radeon AI PRO R9700 (RADV GFX1201)
tick 5046000 alive   918131 genomes  191201 energy   199.1 births 16003765 deaths 16002366 (12787.9s) AMD Radeon AI PRO R9700 (RADV GFX1201)
tick 5047000 alive   920318 genomes  192693 energy   199.6 births 16070702 deaths 16068515 (12790.4s) AMD Radeon AI PRO R9700 (RADV GFX1201)
tick 5048000 alive   918729 genomes  193782 energy   199.2 births 15995259 deaths 15996848 (12792.9s) AMD Radeon AI PRO R9700 (RADV GFX1201)
tick 5049000 alive   919606 genomes  195931 energy   198.8 births 16063551 deaths 16062674 (12795.5s) AMD Radeon AI PRO R9700 (RADV GFX1201)
tick 5050000 alive   914503 genomes  195591 energy   199.0 births 16041877 deaths 16046980 (12798.0s) AMD Radeon AI PRO R9700 (RADV GFX1201)
tick 5051000 alive   918120 genomes  196092 energy   199.3 births 16112664 deaths 16109047 (12800.5s) AMD Radeon AI PRO R9700 (RADV GFX1201)
tick 5052000 alive   919390 genomes  194643 energy   199.1 births 16074995 deaths 16073725 (12803.0s) AMD Radeon AI PRO R9700 (RADV GFX1201)
tick 5053000 alive   919916 genomes  193043 energy   199.4 births 16107730 deaths 16107204 (12805.5s) AMD Radeon AI PRO R9700 (RADV GFX1201)
tick 5054000 alive   917151 genomes  193088 energy   199.1 births 16045707 deaths 16048472 (12808.0s) AMD Radeon AI PRO R9700 (RADV GFX1201)
tick 5055000 alive   918023 genomes  189763 energy   199.5 births 16052166 deaths 16051294 (12810.5s) AMD Radeon AI PRO R9700 (RADV GFX1201)
tick 5056000 alive   919579 genomes  189387 energy   199.5 births 16018078 deaths 16016522 (12813.0s) AMD Radeon AI PRO R9700 (RADV GFX1201)
tick 5057000 alive   921882 genomes  190203 energy   199.2 births 16029191 deaths 16026888 (12815.5s) AMD Radeon AI PRO R9700 (RADV GFX1201)
tick 5058000 alive   921818 genomes  190613 energy   199.8 births 16115234 deaths 16115298 (12818.0s) AMD Radeon AI PRO R9700 (RADV GFX1201)
tick 5059000 alive   918986 genomes  190408 energy   199.3 births 16008720 deaths 16011552 (12820.5s) AMD Radeon AI PRO R9700 (RADV GFX1201)
tick 5060000 alive   916819 genomes  191675 energy   198.9 births 16012731 deaths 16014898 (12823.0s) AMD Radeon AI PRO R9700 (RADV GFX1201)
tick 5061000 alive   920676 genomes  192306 energy   199.2 births 16008384 deaths 16004527 (12825.5s) AMD Radeon AI PRO R9700 (RADV GFX1201)
tick 5062000 alive   923327 genomes  192860 energy   199.1 births 16083951 deaths 16081300 (12828.1s) AMD Radeon AI PRO R9700 (RADV GFX1201)
tick 5063000 alive   919786 genomes  194707 energy   199.6 births 16050822 deaths 16054363 (12830.6s) AMD Radeon AI PRO R9700 (RADV GFX1201)
tick 5064000 alive   914329 genomes  194514 energy   199.7 births 15833589 deaths 15839046 (12833.1s) AMD Radeon AI PRO R9700 (RADV GFX1201)
tick 5065000 alive   915200 genomes  195079 energy   199.6 births 15802676 deaths 15801805 (12835.6s) AMD Radeon AI PRO R9700 (RADV GFX1201)
tick 5066000 alive   915640 genomes  194892 energy   199.6 births 15828037 deaths 15827597 (12838.1s) AMD Radeon AI PRO R9700 (RADV GFX1201)
tick 5067000 alive   916683 genomes  194776 energy   199.5 births 15872516 deaths 15871473 (12840.6s) AMD Radeon AI PRO R9700 (RADV GFX1201)
tick 5068000 alive   918582 genomes  196124 energy   199.8 births 15890559 deaths 15888660 (12843.1s) AMD Radeon AI PRO R9700 (RADV GFX1201)
tick 5069000 alive   917790 genomes  195609 energy   199.9 births 15841627 deaths 15842419 (12845.7s) AMD Radeon AI PRO R9700 (RADV GFX1201)
tick 5070000 alive   917177 genomes  197667 energy   200.1 births 15820106 deaths 15820719 (12848.2s) AMD Radeon AI PRO R9700 (RADV GFX1201)
tick 5071000 alive   917326 genomes  198120 energy   200.2 births 15789617 deaths 15789468 (12850.6s) AMD Radeon AI PRO R9700 (RADV GFX1201)
tick 5072000 alive   910871 genomes  197559 energy   199.8 births 15659367 deaths 15665822 (12853.1s) AMD Radeon AI PRO R9700 (RADV GFX1201)
tick 5073000 alive   913725 genomes  199809 energy   199.7 births 15746782 deaths 15743928 (12855.6s) AMD Radeon AI PRO R9700 (RADV GFX1201)
tick 5074000 alive   916147 genomes  200924 energy   199.4 births 15843112 deaths 15840690 (12858.1s) AMD Radeon AI PRO R9700 (RADV GFX1201)
tick 5075000 alive   912544 genomes  198387 energy   199.4 births 15824317 deaths 15827920 (12860.7s) AMD Radeon AI PRO R9700 (RADV GFX1201)
tick 5076000 alive   912100 genomes  199098 energy   200.0 births 15809896 deaths 15810340 (12863.2s) AMD Radeon AI PRO R9700 (RADV GFX1201)
tick 5077000 alive   912229 genomes  198793 energy   199.7 births 15668616 deaths 15668487 (12865.6s) AMD Radeon AI PRO R9700 (RADV GFX1201)
tick 5078000 alive   912042 genomes  197906 energy   199.5 births 15817241 deaths 15817428 (12868.1s) AMD Radeon AI PRO R9700 (RADV GFX1201)
tick 5079000 alive   911565 genomes  196424 energy   199.5 births 15711301 deaths 15711778 (12870.6s) AMD Radeon AI PRO R9700 (RADV GFX1201)
tick 5080000 alive   915174 genomes  196247 energy   199.4 births 15815349 deaths 15811740 (12873.1s) AMD Radeon AI PRO R9700 (RADV GFX1201)
tick 5081000 alive   915116 genomes  197249 energy   200.2 births 15821137 deaths 15821195 (12875.9s) AMD Radeon AI PRO R9700 (RADV GFX1201)
tick 5082000 alive   908185 genomes  196270 energy   199.7 births 15711253 deaths 15718184 (12878.4s) AMD Radeon AI PRO R9700 (RADV GFX1201)
tick 5083000 alive   911011 genomes  195691 energy   199.8 births 15718359 deaths 15715533 (12880.9s) AMD Radeon AI PRO R9700 (RADV GFX1201)
tick 5084000 alive   910845 genomes  196353 energy   199.8 births 15702607 deaths 15702773 (12883.4s) AMD Radeon AI PRO R9700 (RADV GFX1201)
tick 5085000 alive   911695 genomes  198257 energy   199.8 births 15744719 deaths 15743869 (12886.0s) AMD Radeon AI PRO R9700 (RADV GFX1201)
tick 5086000 alive   911072 genomes  198303 energy   200.0 births 15717127 deaths 15717750 (12888.5s) AMD Radeon AI PRO R9700 (RADV GFX1201)
tick 5087000 alive   910670 genomes  200165 energy   199.8 births 15707321 deaths 15707723 (12891.1s) AMD Radeon AI PRO R9700 (RADV GFX1201)
tick 5088000 alive   910352 genomes  200306 energy   199.4 births 15704458 deaths 15704776 (12893.6s) AMD Radeon AI PRO R9700 (RADV GFX1201)
tick 5089000 alive   908559 genomes  201394 energy   199.5 births 15715418 deaths 15717211 (12896.1s) AMD Radeon AI PRO R9700 (RADV GFX1201)
tick 5090000 alive   914968 genomes  201174 energy   199.5 births 15878227 deaths 15871818 (12898.6s) AMD Radeon AI PRO R9700 (RADV GFX1201)
tick 5091000 alive   909807 genomes  198899 energy   199.7 births 15693605 deaths 15698766 (12901.1s) AMD Radeon AI PRO R9700 (RADV GFX1201)
tick 5092000 alive   910804 genomes  198564 energy   199.8 births 15666127 deaths 15665130 (12903.7s) AMD Radeon AI PRO R9700 (RADV GFX1201)
tick 5093000 alive   912585 genomes  197801 energy   200.0 births 15768492 deaths 15766711 (12906.2s) AMD Radeon AI PRO R9700 (RADV GFX1201)
tick 5094000 alive   917524 genomes  196397 energy   199.3 births 15801495 deaths 15796556 (12908.7s) AMD Radeon AI PRO R9700 (RADV GFX1201)
tick 5095000 alive   916870 genomes  194412 energy   199.6 births 15915642 deaths 15916296 (12911.2s) AMD Radeon AI PRO R9700 (RADV GFX1201)
tick 5096000 alive   916467 genomes  195084 energy   199.0 births 15967839 deaths 15968242 (12913.7s) AMD Radeon AI PRO R9700 (RADV GFX1201)
tick 5097000 alive   917319 genomes  194707 energy   199.6 births 15985892 deaths 15985040 (12916.2s) AMD Radeon AI PRO R9700 (RADV GFX1201)
tick 5098000 alive   916115 genomes  193371 energy   199.5 births 15906366 deaths 15907570 (12918.7s) AMD Radeon AI PRO R9700 (RADV GFX1201)
tick 5099000 alive   917561 genomes  194210 energy   199.2 births 15974896 deaths 15973450 (12921.2s) AMD Radeon AI PRO R9700 (RADV GFX1201)
tick 5100000 alive   919195 genomes  194583 energy   199.6 births 15970351 deaths 15968717 (12923.7s) AMD Radeon AI PRO R9700 (RADV GFX1201)
tick 5101000 alive   918021 genomes  194148 energy   199.9 births 15901454 deaths 15902628 (12926.2s) AMD Radeon AI PRO R9700 (RADV GFX1201)
tick 5102000 alive   915694 genomes  195639 energy   199.8 births 15814199 deaths 15816526 (12928.7s) AMD Radeon AI PRO R9700 (RADV GFX1201)
tick 5103000 alive   912199 genomes  196295 energy   199.8 births 15772621 deaths 15776116 (12931.2s) AMD Radeon AI PRO R9700 (RADV GFX1201)
tick 5104000 alive   913454 genomes  197440 energy   199.8 births 15716218 deaths 15714963 (12933.7s) AMD Radeon AI PRO R9700 (RADV GFX1201)
tick 5105000 alive   915239 genomes  197146 energy   199.8 births 15838626 deaths 15836841 (12936.1s) AMD Radeon AI PRO R9700 (RADV GFX1201)
tick 5106000 alive   911899 genomes  196815 energy   199.3 births 15794465 deaths 15797805 (12938.6s) AMD Radeon AI PRO R9700 (RADV GFX1201)
tick 5107000 alive   915636 genomes  197781 energy   199.0 births 15902906 deaths 15899169 (12941.1s) AMD Radeon AI PRO R9700 (RADV GFX1201)
tick 5108000 alive   915336 genomes  195385 energy   199.5 births 15984014 deaths 15984314 (12943.6s) AMD Radeon AI PRO R9700 (RADV GFX1201)
tick 5109000 alive   907728 genomes  195469 energy   199.8 births 15735334 deaths 15742942 (12946.2s) AMD Radeon AI PRO R9700 (RADV GFX1201)
tick 5110000 alive   908157 genomes  198525 energy   199.7 births 15644140 deaths 15643711 (12948.8s) AMD Radeon AI PRO R9700 (RADV GFX1201)
tick 5111000 alive   909152 genomes  199236 energy   199.9 births 15652175 deaths 15651180 (12951.4s) AMD Radeon AI PRO R9700 (RADV GFX1201)
tick 5112000 alive   909987 genomes  197628 energy   199.1 births 15717541 deaths 15716706 (12953.9s) AMD Radeon AI PRO R9700 (RADV GFX1201)
tick 5113000 alive   915525 genomes  195311 energy   199.5 births 15933828 deaths 15928290 (12956.4s) AMD Radeon AI PRO R9700 (RADV GFX1201)
tick 5114000 alive   913076 genomes  192642 energy   199.4 births 15876819 deaths 15879268 (12958.9s) AMD Radeon AI PRO R9700 (RADV GFX1201)
tick 5115000 alive   917342 genomes  192815 energy   199.5 births 15918798 deaths 15914532 (12961.4s) AMD Radeon AI PRO R9700 (RADV GFX1201)
tick 5116000 alive   918958 genomes  193317 energy   198.7 births 15997437 deaths 15995821 (12963.9s) AMD Radeon AI PRO R9700 (RADV GFX1201)
tick 5117000 alive   914562 genomes  191965 energy   199.3 births 16069678 deaths 16074074 (12966.4s) AMD Radeon AI PRO R9700 (RADV GFX1201)
tick 5118000 alive   921160 genomes  192566 energy   199.1 births 16087589 deaths 16080991 (12969.0s) AMD Radeon AI PRO R9700 (RADV GFX1201)
tick 5119000 alive   922364 genomes  189709 energy   199.2 births 16133569 deaths 16132365 (12971.6s) AMD Radeon AI PRO R9700 (RADV GFX1201)
tick 5120000 alive   920619 genomes  190649 energy   199.6 births 16049687 deaths 16051432 (12974.2s) AMD Radeon AI PRO R9700 (RADV GFX1201)
tick 5121000 alive   916899 genomes  192559 energy   199.8 births 15993993 deaths 15997713 (12976.9s) AMD Radeon AI PRO R9700 (RADV GFX1201)
tick 5122000 alive   914336 genomes  194211 energy   199.3 births 15937777 deaths 15940340 (12979.5s) AMD Radeon AI PRO R9700 (RADV GFX1201)
tick 5123000 alive   914640 genomes  195430 energy   199.2 births 15911948 deaths 15911644 (12982.1s) AMD Radeon AI PRO R9700 (RADV GFX1201)
tick 5124000 alive   910864 genomes  195246 energy   199.6 births 15867802 deaths 15871578 (12984.6s) AMD Radeon AI PRO R9700 (RADV GFX1201)
tick 5125000 alive   911591 genomes  196580 energy   199.0 births 15820157 deaths 15819430 (12987.1s) AMD Radeon AI PRO R9700 (RADV GFX1201)
tick 5126000 alive   910968 genomes  196952 energy   198.9 births 15809722 deaths 15810345 (12989.6s) AMD Radeon AI PRO R9700 (RADV GFX1201)
tick 5127000 alive   908030 genomes  198432 energy   199.4 births 15816323 deaths 15819261 (12992.1s) AMD Radeon AI PRO R9700 (RADV GFX1201)
tick 5128000 alive   913204 genomes  197287 energy   199.2 births 15836790 deaths 15831616 (12994.6s) AMD Radeon AI PRO R9700 (RADV GFX1201)
tick 5129000 alive   917090 genomes  196047 energy   199.0 births 16005071 deaths 16001185 (12997.1s) AMD Radeon AI PRO R9700 (RADV GFX1201)
tick 5130000 alive   914673 genomes  195990 energy   199.7 births 15856252 deaths 15858669 (12999.6s) AMD Radeon AI PRO R9700 (RADV GFX1201)
tick 5131000 alive   908916 genomes  198725 energy   199.9 births 15708801 deaths 15714558 (13002.1s) AMD Radeon AI PRO R9700 (RADV GFX1201)
tick 5132000 alive   908693 genomes  197219 energy   199.7 births 15593599 deaths 15593822 (13004.7s) AMD Radeon AI PRO R9700 (RADV GFX1201)
tick 5133000 alive   909095 genomes  197296 energy   199.9 births 15598233 deaths 15597831 (13007.2s) AMD Radeon AI PRO R9700 (RADV GFX1201)
tick 5134000 alive   916996 genomes  195275 energy   199.5 births 15841248 deaths 15833347 (13009.8s) AMD Radeon AI PRO R9700 (RADV GFX1201)
tick 5135000 alive   918028 genomes  195101 energy   199.9 births 15866735 deaths 15865703 (13012.3s) AMD Radeon AI PRO R9700 (RADV GFX1201)
tick 5136000 alive   918135 genomes  194867 energy   200.1 births 15848447 deaths 15848340 (13014.8s) AMD Radeon AI PRO R9700 (RADV GFX1201)
tick 5137000 alive   913189 genomes  196817 energy   199.9 births 15706200 deaths 15711146 (13017.3s) AMD Radeon AI PRO R9700 (RADV GFX1201)
tick 5138000 alive   911820 genomes  199571 energy   199.8 births 15712853 deaths 15714222 (13019.8s) AMD Radeon AI PRO R9700 (RADV GFX1201)
tick 5139000 alive   909248 genomes  199587 energy   199.9 births 15666828 deaths 15669400 (13022.3s) AMD Radeon AI PRO R9700 (RADV GFX1201)
tick 5140000 alive   910325 genomes  198809 energy   199.2 births 15677748 deaths 15676671 (13024.8s) AMD Radeon AI PRO R9700 (RADV GFX1201)
tick 5141000 alive   907935 genomes  198679 energy   199.5 births 15781428 deaths 15783818 (13027.3s) AMD Radeon AI PRO R9700 (RADV GFX1201)
tick 5142000 alive   914796 genomes  198752 energy   199.5 births 15797290 deaths 15790429 (13029.9s) AMD Radeon AI PRO R9700 (RADV GFX1201)
tick 5143000 alive   910730 genomes  198748 energy   200.0 births 15723592 deaths 15727658 (13032.5s) AMD Radeon AI PRO R9700 (RADV GFX1201)
tick 5144000 alive   908669 genomes  199189 energy   199.8 births 15651389 deaths 15653450 (13035.0s) AMD Radeon AI PRO R9700 (RADV GFX1201)
tick 5145000 alive   911217 genomes  197960 energy   199.5 births 15732780 deaths 15730232 (13037.6s) AMD Radeon AI PRO R9700 (RADV GFX1201)
tick 5146000 alive   913435 genomes  197259 energy   199.2 births 15762497 deaths 15760279 (13040.2s) AMD Radeon AI PRO R9700 (RADV GFX1201)
tick 5147000 alive   916282 genomes  198103 energy   200.3 births 15810558 deaths 15807711 (13042.7s) AMD Radeon AI PRO R9700 (RADV GFX1201)
tick 5148000 alive   912253 genomes  198997 energy   199.7 births 15710643 deaths 15714672 (13045.2s) AMD Radeon AI PRO R9700 (RADV GFX1201)
tick 5149000 alive   911946 genomes  199804 energy   199.6 births 15749324 deaths 15749631 (13047.7s) AMD Radeon AI PRO R9700 (RADV GFX1201)
tick 5150000 alive   909730 genomes  198426 energy   199.6 births 15733246 deaths 15735462 (13050.2s) AMD Radeon AI PRO R9700 (RADV GFX1201)
tick 5151000 alive   911326 genomes  197977 energy   199.8 births 15727293 deaths 15725697 (13052.8s) AMD Radeon AI PRO R9700 (RADV GFX1201)
tick 5152000 alive   915259 genomes  197007 energy   199.8 births 15783580 deaths 15779647 (13055.3s) AMD Radeon AI PRO R9700 (RADV GFX1201)
tick 5153000 alive   915467 genomes  195345 energy   199.9 births 15783765 deaths 15783557 (13057.8s) AMD Radeon AI PRO R9700 (RADV GFX1201)
tick 5154000 alive   915261 genomes  196048 energy   199.9 births 15739400 deaths 15739606 (13060.3s) AMD Radeon AI PRO R9700 (RADV GFX1201)
tick 5155000 alive   912463 genomes  196265 energy   199.7 births 15738009 deaths 15740807 (13062.8s) AMD Radeon AI PRO R9700 (RADV GFX1201)
tick 5156000 alive   914090 genomes  196736 energy   199.9 births 15692768 deaths 15691141 (13065.3s) AMD Radeon AI PRO R9700 (RADV GFX1201)
tick 5157000 alive   914855 genomes  199142 energy   200.1 births 15711465 deaths 15710700 (13067.8s) AMD Radeon AI PRO R9700 (RADV GFX1201)
tick 5158000 alive   911149 genomes  198973 energy   200.0 births 15732494 deaths 15736200 (13070.3s) AMD Radeon AI PRO R9700 (RADV GFX1201)
tick 5159000 alive   908678 genomes  200460 energy   200.2 births 15647577 deaths 15650048 (13072.8s) AMD Radeon AI PRO R9700 (RADV GFX1201)
tick 5160000 alive   907151 genomes  198303 energy   199.8 births 15564825 deaths 15566352 (13075.3s) AMD Radeon AI PRO R9700 (RADV GFX1201)
tick 5161000 alive   912464 genomes  196701 energy   199.5 births 15753583 deaths 15748270 (13077.9s) AMD Radeon AI PRO R9700 (RADV GFX1201)
tick 5162000 alive   912033 genomes  195812 energy   199.4 births 15798332 deaths 15798763 (13080.3s) AMD Radeon AI PRO R9700 (RADV GFX1201)
tick 5163000 alive   916713 genomes  195678 energy   198.9 births 15926211 deaths 15921531 (13082.8s) AMD Radeon AI PRO R9700 (RADV GFX1201)
tick 5164000 alive   914856 genomes  195432 energy   199.4 births 15985127 deaths 15986984 (13085.3s) AMD Radeon AI PRO R9700 (RADV GFX1201)
tick 5165000 alive   911141 genomes  196012 energy   200.2 births 15785983 deaths 15789698 (13087.8s) AMD Radeon AI PRO R9700 (RADV GFX1201)
tick 5166000 alive   907223 genomes  196561 energy   200.8 births 15555524 deaths 15559442 (13090.3s) AMD Radeon AI PRO R9700 (RADV GFX1201)
tick 5167000 alive   907119 genomes  196316 energy   200.3 births 15525841 deaths 15525945 (13092.9s) AMD Radeon AI PRO R9700 (RADV GFX1201)
tick 5168000 alive   910606 genomes  196595 energy   199.7 births 15669710 deaths 15666223 (13095.4s) AMD Radeon AI PRO R9700 (RADV GFX1201)
tick 5169000 alive   913885 genomes  195242 energy   199.6 births 15798070 deaths 15794791 (13097.9s) AMD Radeon AI PRO R9700 (RADV GFX1201)
tick 5170000 alive   912946 genomes  194251 energy   199.8 births 15801178 deaths 15802117 (13100.6s) AMD Radeon AI PRO R9700 (RADV GFX1201)
tick 5171000 alive   915220 genomes  194341 energy   200.0 births 15799641 deaths 15797367 (13103.1s) AMD Radeon AI PRO R9700 (RADV GFX1201)
tick 5172000 alive   910831 genomes  194050 energy   199.6 births 15818826 deaths 15823215 (13105.6s) AMD Radeon AI PRO R9700 (RADV GFX1201)
tick 5173000 alive   913686 genomes  194145 energy   199.7 births 15828208 deaths 15825353 (13108.1s) AMD Radeon AI PRO R9700 (RADV GFX1201)
tick 5174000 alive   916428 genomes  192596 energy   199.6 births 15876677 deaths 15873935 (13110.5s) AMD Radeon AI PRO R9700 (RADV GFX1201)
tick 5175000 alive   914328 genomes  191252 energy   199.1 births 16017029 deaths 16019129 (13113.0s) AMD Radeon AI PRO R9700 (RADV GFX1201)
tick 5176000 alive   916760 genomes  192685 energy   199.1 births 15971032 deaths 15968600 (13115.6s) AMD Radeon AI PRO R9700 (RADV GFX1201)
tick 5177000 alive   919011 genomes  190532 energy   199.2 births 16070779 deaths 16068528 (13118.1s) AMD Radeon AI PRO R9700 (RADV GFX1201)
tick 5178000 alive   920259 genomes  189926 energy   199.0 births 16020335 deaths 16019087 (13120.6s) AMD Radeon AI PRO R9700 (RADV GFX1201)
tick 5179000 alive   924209 genomes  190769 energy   199.4 births 16138683 deaths 16134733 (13123.1s) AMD Radeon AI PRO R9700 (RADV GFX1201)
tick 5180000 alive   923289 genomes  190229 energy   199.9 births 16143683 deaths 16144603 (13125.6s) AMD Radeon AI PRO R9700 (RADV GFX1201)
tick 5181000 alive   922875 genomes  190356 energy   199.6 births 16073822 deaths 16074236 (13128.1s) AMD Radeon AI PRO R9700 (RADV GFX1201)
tick 5182000 alive   923404 genomes  187120 energy   199.7 births 16083565 deaths 16083036 (13130.6s) AMD Radeon AI PRO R9700 (RADV GFX1201)
tick 5183000 alive   922174 genomes  187942 energy   199.7 births 16071355 deaths 16072585 (13133.2s) AMD Radeon AI PRO R9700 (RADV GFX1201)
tick 5184000 alive   920001 genomes  187547 energy   199.9 births 16014775 deaths 16016948 (13135.7s) AMD Radeon AI PRO R9700 (RADV GFX1201)
tick 5185000 alive   916897 genomes  191044 energy   199.9 births 15903786 deaths 15906890 (13138.2s) AMD Radeon AI PRO R9700 (RADV GFX1201)
tick 5186000 alive   920013 genomes  193298 energy   199.2 births 15972725 deaths 15969609 (13140.7s) AMD Radeon AI PRO R9700 (RADV GFX1201)
tick 5187000 alive   918538 genomes  192470 energy   199.4 births 16035830 deaths 16037305 (13143.2s) AMD Radeon AI PRO R9700 (RADV GFX1201)
tick 5188000 alive   916994 genomes  191901 energy   199.8 births 15923243 deaths 15924787 (13145.7s) AMD Radeon AI PRO R9700 (RADV GFX1201)
tick 5189000 alive   913732 genomes  192061 energy   199.7 births 15888941 deaths 15892203 (13148.2s) AMD Radeon AI PRO R9700 (RADV GFX1201)
tick 5190000 alive   919735 genomes  192381 energy   199.5 births 15957136 deaths 15951133 (13150.7s) AMD Radeon AI PRO R9700 (RADV GFX1201)
tick 5191000 alive   920678 genomes  192576 energy   199.5 births 16022380 deaths 16021437 (13153.2s) AMD Radeon AI PRO R9700 (RADV GFX1201)
tick 5192000 alive   916062 genomes  190950 energy   199.6 births 15985410 deaths 15990026 (13156.0s) AMD Radeon AI PRO R9700 (RADV GFX1201)
tick 5193000 alive   918431 genomes  190720 energy   199.5 births 15956446 deaths 15954077 (13158.5s) AMD Radeon AI PRO R9700 (RADV GFX1201)
tick 5194000 alive   918126 genomes  191874 energy   199.6 births 15876146 deaths 15876451 (13161.0s) AMD Radeon AI PRO R9700 (RADV GFX1201)
tick 5195000 alive   913871 genomes  192082 energy   200.2 births 15896971 deaths 15901226 (13163.5s) AMD Radeon AI PRO R9700 (RADV GFX1201)
tick 5196000 alive   914682 genomes  192744 energy   199.4 births 15804577 deaths 15803766 (13166.0s) AMD Radeon AI PRO R9700 (RADV GFX1201)
tick 5197000 alive   915472 genomes  191496 energy   199.6 births 15935445 deaths 15934655 (13168.8s) AMD Radeon AI PRO R9700 (RADV GFX1201)
tick 5198000 alive   916281 genomes  193109 energy   200.0 births 15880304 deaths 15879495 (13171.4s) AMD Radeon AI PRO R9700 (RADV GFX1201)
tick 5199000 alive   915940 genomes  193065 energy   199.9 births 15794995 deaths 15795336 (13173.9s) AMD Radeon AI PRO R9700 (RADV GFX1201)
tick 5200000 alive   911649 genomes  193988 energy   199.8 births 15707218 deaths 15711509 (13176.5s) AMD Radeon AI PRO R9700 (RADV GFX1201)
tick 5201000 alive   915068 genomes  195050 energy   199.3 births 15806487 deaths 15803068 (13179.1s) AMD Radeon AI PRO R9700 (RADV GFX1201)
tick 5202000 alive   914818 genomes  194623 energy   200.3 births 15776021 deaths 15776271 (13181.7s) AMD Radeon AI PRO R9700 (RADV GFX1201)
tick 5203000 alive   913252 genomes  196140 energy   199.6 births 15762495 deaths 15764061 (13184.3s) AMD Radeon AI PRO R9700 (RADV GFX1201)
tick 5204000 alive   908460 genomes  196204 energy   199.9 births 15710331 deaths 15715123 (13186.8s) AMD Radeon AI PRO R9700 (RADV GFX1201)
tick 5205000 alive   913807 genomes  195403 energy   199.8 births 15790804 deaths 15785457 (13189.3s) AMD Radeon AI PRO R9700 (RADV GFX1201)
tick 5206000 alive   916339 genomes  194942 energy   199.2 births 15886385 deaths 15883853 (13191.9s) AMD Radeon AI PRO R9700 (RADV GFX1201)
tick 5207000 alive   916020 genomes  193125 energy   199.2 births 15925385 deaths 15925704 (13194.4s) AMD Radeon AI PRO R9700 (RADV GFX1201)
tick 5208000 alive   915894 genomes  192255 energy   199.6 births 15936987 deaths 15937113 (13196.9s) AMD Radeon AI PRO R9700 (RADV GFX1201)
tick 5209000 alive   916747 genomes  194810 energy   199.2 births 15931508 deaths 15930655 (13199.5s) AMD Radeon AI PRO R9700 (RADV GFX1201)
tick 5210000 alive   911792 genomes  194572 energy   198.9 births 15932795 deaths 15937750 (13202.0s) AMD Radeon AI PRO R9700 (RADV GFX1201)
tick 5211000 alive   917095 genomes  193805 energy   198.8 births 16088865 deaths 16083562 (13204.5s) AMD Radeon AI PRO R9700 (RADV GFX1201)
tick 5212000 alive   917246 genomes  194462 energy   199.3 births 16034176 deaths 16034025 (13207.0s) AMD Radeon AI PRO R9700 (RADV GFX1201)
tick 5213000 alive   912772 genomes  196302 energy   198.8 births 15863165 deaths 15867639 (13209.5s) AMD Radeon AI PRO R9700 (RADV GFX1201)
tick 5214000 alive   917462 genomes  196243 energy   198.1 births 16116871 deaths 16112181 (13212.1s) AMD Radeon AI PRO R9700 (RADV GFX1201)
tick 5215000 alive   920208 genomes  193788 energy   198.7 births 16315765 deaths 16313019 (13214.6s) AMD Radeon AI PRO R9700 (RADV GFX1201)
tick 5216000 alive   916671 genomes  193709 energy   199.2 births 16162213 deaths 16165750 (13217.1s) AMD Radeon AI PRO R9700 (RADV GFX1201)
tick 5217000 alive   915897 genomes  194190 energy   198.3 births 16174693 deaths 16175467 (13219.7s) AMD Radeon AI PRO R9700 (RADV GFX1201)
tick 5218000 alive   919937 genomes  195884 energy   198.2 births 16246066 deaths 16242026 (13222.2s) AMD Radeon AI PRO R9700 (RADV GFX1201)
tick 5219000 alive   921068 genomes  194737 energy   198.6 births 16293564 deaths 16292433 (13224.8s) AMD Radeon AI PRO R9700 (RADV GFX1201)
tick 5220000 alive   918793 genomes  193596 energy   199.1 births 16223559 deaths 16225834 (13227.3s) AMD Radeon AI PRO R9700 (RADV GFX1201)
tick 5221000 alive   913369 genomes  194258 energy   199.2 births 15996933 deaths 16002357 (13229.8s) AMD Radeon AI PRO R9700 (RADV GFX1201)
tick 5222000 alive   914412 genomes  195749 energy   199.2 births 15955074 deaths 15954031 (13232.3s) AMD Radeon AI PRO R9700 (RADV GFX1201)
tick 5223000 alive   915499 genomes  195147 energy   199.0 births 15971606 deaths 15970519 (13234.9s) AMD Radeon AI PRO R9700 (RADV GFX1201)
tick 5224000 alive   917410 genomes  194667 energy   199.3 births 16006665 deaths 16004754 (13237.4s) AMD Radeon AI PRO R9700 (RADV GFX1201)
tick 5225000 alive   916066 genomes  193788 energy   199.2 births 15953868 deaths 15955212 (13239.9s) AMD Radeon AI PRO R9700 (RADV GFX1201)
tick 5226000 alive   916040 genomes  192019 energy   199.4 births 15965614 deaths 15965640 (13242.5s) AMD Radeon AI PRO R9700 (RADV GFX1201)
tick 5227000 alive   917511 genomes  191834 energy   199.5 births 16031185 deaths 16029714 (13245.1s) AMD Radeon AI PRO R9700 (RADV GFX1201)
tick 5228000 alive   918238 genomes  194260 energy   199.2 births 15925920 deaths 15925193 (13247.6s) AMD Radeon AI PRO R9700 (RADV GFX1201)
tick 5229000 alive   916178 genomes  195899 energy   199.4 births 15939527 deaths 15941587 (13250.1s) AMD Radeon AI PRO R9700 (RADV GFX1201)
tick 5230000 alive   912810 genomes  195543 energy   199.8 births 15935759 deaths 15939127 (13252.6s) AMD Radeon AI PRO R9700 (RADV GFX1201)
tick 5231000 alive   916438 genomes  195855 energy   198.9 births 15906417 deaths 15902789 (13255.1s) AMD Radeon AI PRO R9700 (RADV GFX1201)
tick 5232000 alive   913692 genomes  195570 energy   199.6 births 15975366 deaths 15978112 (13257.6s) AMD Radeon AI PRO R9700 (RADV GFX1201)
tick 5233000 alive   911411 genomes  195838 energy   199.0 births 15887146 deaths 15889427 (13260.1s) AMD Radeon AI PRO R9700 (RADV GFX1201)
tick 5234000 alive   914434 genomes  194865 energy   199.4 births 15967346 deaths 15964323 (13262.6s) AMD Radeon AI PRO R9700 (RADV GFX1201)
tick 5235000 alive   915650 genomes  194562 energy   199.5 births 15923322 deaths 15922106 (13265.1s) AMD Radeon AI PRO R9700 (RADV GFX1201)
tick 5236000 alive   918152 genomes  193791 energy   199.2 births 15966862 deaths 15964360 (13267.6s) AMD Radeon AI PRO R9700 (RADV GFX1201)
tick 5237000 alive   913608 genomes  194145 energy   200.5 births 15824308 deaths 15828852 (13270.1s) AMD Radeon AI PRO R9700 (RADV GFX1201)
tick 5238000 alive   911046 genomes  195334 energy   199.9 births 15629560 deaths 15632122 (13272.5s) AMD Radeon AI PRO R9700 (RADV GFX1201)
tick 5239000 alive   913789 genomes  198479 energy   200.0 births 15729965 deaths 15727222 (13275.1s) AMD Radeon AI PRO R9700 (RADV GFX1201)
tick 5240000 alive   912755 genomes  199030 energy   199.6 births 15684271 deaths 15685305 (13277.6s) AMD Radeon AI PRO R9700 (RADV GFX1201)
tick 5241000 alive   912402 genomes  198199 energy   199.5 births 15729319 deaths 15729672 (13280.1s) AMD Radeon AI PRO R9700 (RADV GFX1201)
tick 5242000 alive   915650 genomes  195301 energy   199.5 births 15775253 deaths 15772005 (13282.6s) AMD Radeon AI PRO R9700 (RADV GFX1201)
tick 5243000 alive   918298 genomes  196124 energy   200.3 births 15792552 deaths 15789904 (13285.1s) AMD Radeon AI PRO R9700 (RADV GFX1201)
tick 5244000 alive   912468 genomes  197754 energy   200.3 births 15659263 deaths 15665093 (13287.6s) AMD Radeon AI PRO R9700 (RADV GFX1201)
tick 5245000 alive   910423 genomes  198292 energy   199.6 births 15667149 deaths 15669194 (13290.1s) AMD Radeon AI PRO R9700 (RADV GFX1201)
tick 5246000 alive   913574 genomes  196616 energy   200.0 births 15700825 deaths 15697674 (13292.6s) AMD Radeon AI PRO R9700 (RADV GFX1201)
tick 5247000 alive   917020 genomes  196134 energy   199.8 births 15848424 deaths 15844978 (13295.3s) AMD Radeon AI PRO R9700 (RADV GFX1201)
tick 5248000 alive   916643 genomes  194576 energy   200.0 births 15842709 deaths 15843086 (13297.9s) AMD Radeon AI PRO R9700 (RADV GFX1201)
tick 5249000 alive   911381 genomes  196521 energy   200.0 births 15707977 deaths 15713239 (13300.4s) AMD Radeon AI PRO R9700 (RADV GFX1201)
tick 5250000 alive   909531 genomes  197126 energy   199.7 births 15651711 deaths 15653561 (13302.9s) AMD Radeon AI PRO R9700 (RADV GFX1201)
tick 5251000 alive   912287 genomes  197428 energy   199.4 births 15706401 deaths 15703645 (13305.4s) AMD Radeon AI PRO R9700 (RADV GFX1201)
tick 5252000 alive   911279 genomes  195837 energy   199.7 births 15757156 deaths 15758164 (13307.9s) AMD Radeon AI PRO R9700 (RADV GFX1201)
tick 5253000 alive   910697 genomes  195577 energy   199.6 births 15811032 deaths 15811614 (13310.6s) AMD Radeon AI PRO R9700 (RADV GFX1201)
tick 5254000 alive   910507 genomes  196214 energy   199.4 births 15737928 deaths 15738118 (13313.2s) AMD Radeon AI PRO R9700 (RADV GFX1201)
tick 5255000 alive   911787 genomes  195216 energy   199.6 births 15728290 deaths 15727010 (13315.7s) AMD Radeon AI PRO R9700 (RADV GFX1201)
tick 5256000 alive   910276 genomes  195384 energy   199.6 births 15737675 deaths 15739186 (13318.1s) AMD Radeon AI PRO R9700 (RADV GFX1201)
tick 5257000 alive   911697 genomes  194613 energy   199.7 births 15740614 deaths 15739193 (13320.8s) AMD Radeon AI PRO R9700 (RADV GFX1201)
tick 5258000 alive   916218 genomes  193818 energy   199.2 births 15838385 deaths 15833864 (13323.4s) AMD Radeon AI PRO R9700 (RADV GFX1201)
tick 5259000 alive   918123 genomes  192813 energy   199.7 births 15961005 deaths 15959100 (13326.0s) AMD Radeon AI PRO R9700 (RADV GFX1201)
tick 5260000 alive   916150 genomes  195185 energy   199.7 births 15830779 deaths 15832752 (13328.8s) AMD Radeon AI PRO R9700 (RADV GFX1201)
tick 5261000 alive   919468 genomes  195281 energy   199.6 births 15918725 deaths 15915407 (13331.3s) AMD Radeon AI PRO R9700 (RADV GFX1201)
tick 5262000 alive   917094 genomes  194597 energy   200.0 births 15916570 deaths 15918944 (13333.9s) AMD Radeon AI PRO R9700 (RADV GFX1201)
tick 5263000 alive   916423 genomes  197286 energy   199.5 births 15805637 deaths 15806308 (13336.4s) AMD Radeon AI PRO R9700 (RADV GFX1201)
tick 5264000 alive   908986 genomes  196547 energy   200.0 births 15729013 deaths 15736450 (13338.9s) AMD Radeon AI PRO R9700 (RADV GFX1201)
tick 5265000 alive   910673 genomes  197355 energy   199.6 births 15667699 deaths 15666012 (13341.4s) AMD Radeon AI PRO R9700 (RADV GFX1201)
tick 5266000 alive   911730 genomes  196647 energy   199.3 births 15856996 deaths 15855939 (13343.9s) AMD Radeon AI PRO R9700 (RADV GFX1201)
tick 5267000 alive   912331 genomes  196575 energy   199.5 births 15780167 deaths 15779566 (13346.4s) AMD Radeon AI PRO R9700 (RADV GFX1201)
tick 5268000 alive   913414 genomes  196269 energy   199.4 births 15877881 deaths 15876798 (13348.9s) AMD Radeon AI PRO R9700 (RADV GFX1201)
tick 5269000 alive   907218 genomes  196423 energy   199.4 births 15773800 deaths 15779996 (13351.4s) AMD Radeon AI PRO R9700 (RADV GFX1201)
tick 5270000 alive   904537 genomes  197112 energy   199.7 births 15615864 deaths 15618545 (13354.0s) AMD Radeon AI PRO R9700 (RADV GFX1201)
tick 5271000 alive   908567 genomes  196712 energy   199.1 births 15665503 deaths 15661473 (13356.5s) AMD Radeon AI PRO R9700 (RADV GFX1201)
tick 5272000 alive   910992 genomes  197164 energy   199.8 births 15763271 deaths 15760846 (13359.0s) AMD Radeon AI PRO R9700 (RADV GFX1201)
tick 5273000 alive   906968 genomes  197044 energy   199.4 births 15647997 deaths 15652021 (13361.5s) AMD Radeon AI PRO R9700 (RADV GFX1201)
tick 5274000 alive   910818 genomes  198457 energy   199.4 births 15802887 deaths 15799037 (13364.0s) AMD Radeon AI PRO R9700 (RADV GFX1201)
tick 5275000 alive   909085 genomes  196880 energy   199.8 births 15736597 deaths 15738330 (13366.6s) AMD Radeon AI PRO R9700 (RADV GFX1201)
tick 5276000 alive   909226 genomes  198177 energy   199.6 births 15669208 deaths 15669067 (13369.1s) AMD Radeon AI PRO R9700 (RADV GFX1201)
tick 5277000 alive   908423 genomes  198006 energy   199.7 births 15655246 deaths 15656049 (13371.6s) AMD Radeon AI PRO R9700 (RADV GFX1201)
tick 5278000 alive   908468 genomes  198323 energy   199.6 births 15599420 deaths 15599375 (13374.0s) AMD Radeon AI PRO R9700 (RADV GFX1201)
tick 5279000 alive   909280 genomes  199143 energy   199.8 births 15699295 deaths 15698483 (13376.6s) AMD Radeon AI PRO R9700 (RADV GFX1201)
tick 5280000 alive   910431 genomes  197410 energy   199.6 births 15727914 deaths 15726763 (13379.1s) AMD Radeon AI PRO R9700 (RADV GFX1201)
tick 5281000 alive   904997 genomes  198133 energy   200.1 births 15580057 deaths 15585491 (13381.6s) AMD Radeon AI PRO R9700 (RADV GFX1201)
tick 5282000 alive   911137 genomes  197370 energy   199.9 births 15609212 deaths 15603072 (13384.2s) AMD Radeon AI PRO R9700 (RADV GFX1201)
tick 5283000 alive   914533 genomes  197838 energy   199.8 births 15740727 deaths 15737331 (13386.7s) AMD Radeon AI PRO R9700 (RADV GFX1201)
tick 5284000 alive   909167 genomes  197159 energy   200.7 births 15617228 deaths 15622594 (13389.3s) AMD Radeon AI PRO R9700 (RADV GFX1201)
tick 5285000 alive   907346 genomes  198292 energy   199.9 births 15493943 deaths 15495764 (13391.8s) AMD Radeon AI PRO R9700 (RADV GFX1201)
tick 5286000 alive   909871 genomes  198904 energy   199.6 births 15700599 deaths 15698074 (13394.3s) AMD Radeon AI PRO R9700 (RADV GFX1201)
tick 5287000 alive   910192 genomes  196552 energy   199.6 births 15715738 deaths 15715417 (13396.8s) AMD Radeon AI PRO R9700 (RADV GFX1201)
tick 5288000 alive   910615 genomes  196677 energy   199.7 births 15735186 deaths 15734763 (13399.4s) AMD Radeon AI PRO R9700 (RADV GFX1201)
tick 5289000 alive   910055 genomes  196924 energy   199.9 births 15719222 deaths 15719782 (13401.9s) AMD Radeon AI PRO R9700 (RADV GFX1201)
tick 5290000 alive   909747 genomes  198257 energy   199.8 births 15655004 deaths 15655312 (13404.4s) AMD Radeon AI PRO R9700 (RADV GFX1201)
tick 5291000 alive   910089 genomes  198154 energy   200.0 births 15573236 deaths 15572894 (13406.9s) AMD Radeon AI PRO R9700 (RADV GFX1201)
tick 5292000 alive   908334 genomes  199751 energy   200.3 births 15565049 deaths 15566804 (13409.4s) AMD Radeon AI PRO R9700 (RADV GFX1201)
tick 5293000 alive   905390 genomes  199591 energy   200.4 births 15490032 deaths 15492976 (13411.9s) AMD Radeon AI PRO R9700 (RADV GFX1201)
tick 5294000 alive   905755 genomes  199724 energy   199.9 births 15489266 deaths 15488901 (13414.5s) AMD Radeon AI PRO R9700 (RADV GFX1201)
tick 5295000 alive   908616 genomes  197840 energy   200.2 births 15530437 deaths 15527576 (13417.0s) AMD Radeon AI PRO R9700 (RADV GFX1201)
tick 5296000 alive   909064 genomes  198169 energy   200.2 births 15495033 deaths 15494585 (13419.5s) AMD Radeon AI PRO R9700 (RADV GFX1201)
tick 5297000 alive   908613 genomes  199882 energy   200.0 births 15560873 deaths 15561324 (13422.0s) AMD Radeon AI PRO R9700 (RADV GFX1201)
tick 5298000 alive   903420 genomes  199322 energy   200.3 births 15536654 deaths 15541847 (13424.5s) AMD Radeon AI PRO R9700 (RADV GFX1201)
tick 5299000 alive   903810 genomes  197556 energy   200.1 births 15444982 deaths 15444592 (13427.0s) AMD Radeon AI PRO R9700 (RADV GFX1201)
tick 5300000 alive   907485 genomes  198952 energy   200.3 births 15459995 deaths 15456320 (13429.5s) AMD Radeon AI PRO R9700 (RADV GFX1201)
tick 5301000 alive   909460 genomes  198465 energy   200.2 births 15468423 deaths 15466448 (13432.0s) AMD Radeon AI PRO R9700 (RADV GFX1201)
tick 5302000 alive   909953 genomes  198357 energy   199.9 births 15607397 deaths 15606904 (13434.6s) AMD Radeon AI PRO R9700 (RADV GFX1201)
tick 5303000 alive   907856 genomes  197325 energy   200.2 births 15506246 deaths 15508343 (13437.1s) AMD Radeon AI PRO R9700 (RADV GFX1201)
tick 5304000 alive   909526 genomes  198944 energy   199.9 births 15583221 deaths 15581551 (13439.6s) AMD Radeon AI PRO R9700 (RADV GFX1201)
tick 5305000 alive   905924 genomes  199108 energy   200.1 births 15553257 deaths 15556859 (13442.2s) AMD Radeon AI PRO R9700 (RADV GFX1201)
tick 5306000 alive   903945 genomes  200425 energy   200.4 births 15495706 deaths 15497685 (13444.8s) AMD Radeon AI PRO R9700 (RADV GFX1201)
tick 5307000 alive   902317 genomes  201281 energy   199.9 births 15453352 deaths 15454980 (13447.3s) AMD Radeon AI PRO R9700 (RADV GFX1201)
tick 5308000 alive   906843 genomes  202113 energy   200.0 births 15568928 deaths 15564402 (13449.8s) AMD Radeon AI PRO R9700 (RADV GFX1201)
tick 5309000 alive   900826 genomes  199390 energy   200.3 births 15459597 deaths 15465614 (13452.4s) AMD Radeon AI PRO R9700 (RADV GFX1201)
tick 5310000 alive   902645 genomes  200357 energy   200.0 births 15500053 deaths 15498234 (13455.2s) AMD Radeon AI PRO R9700 (RADV GFX1201)
tick 5311000 alive   906993 genomes  201745 energy   199.6 births 15582859 deaths 15578511 (13457.7s) AMD Radeon AI PRO R9700 (RADV GFX1201)
tick 5312000 alive   908863 genomes  200759 energy   199.5 births 15674101 deaths 15672231 (13460.3s) AMD Radeon AI PRO R9700 (RADV GFX1201)
tick 5313000 alive   902810 genomes  201537 energy   199.6 births 15591590 deaths 15597643 (13462.8s) AMD Radeon AI PRO R9700 (RADV GFX1201)
tick 5314000 alive   906650 genomes  201148 energy   200.0 births 15554093 deaths 15550253 (13465.3s) AMD Radeon AI PRO R9700 (RADV GFX1201)
tick 5315000 alive   910605 genomes  199803 energy   199.8 births 15680587 deaths 15676632 (13467.9s) AMD Radeon AI PRO R9700 (RADV GFX1201)
tick 5316000 alive   908752 genomes  197884 energy   199.7 births 15621040 deaths 15622893 (13470.5s) AMD Radeon AI PRO R9700 (RADV GFX1201)
tick 5317000 alive   908566 genomes  198295 energy   199.9 births 15569506 deaths 15569692 (13473.0s) AMD Radeon AI PRO R9700 (RADV GFX1201)
tick 5318000 alive   907294 genomes  200442 energy   199.9 births 15551755 deaths 15553027 (13475.5s) AMD Radeon AI PRO R9700 (RADV GFX1201)
tick 5319000 alive   905797 genomes  201051 energy   200.3 births 15514830 deaths 15516327 (13478.1s) AMD Radeon AI PRO R9700 (RADV GFX1201)
tick 5320000 alive   908905 genomes  201029 energy   199.8 births 15580684 deaths 15577576 (13480.6s) AMD Radeon AI PRO R9700 (RADV GFX1201)
tick 5321000 alive   912245 genomes  200058 energy   199.4 births 15742728 deaths 15739388 (13483.2s) AMD Radeon AI PRO R9700 (RADV GFX1201)
tick 5322000 alive   910157 genomes  199583 energy   199.5 births 15759820 deaths 15761908 (13485.8s) AMD Radeon AI PRO R9700 (RADV GFX1201)
tick 5323000 alive   910925 genomes  198401 energy   199.2 births 15732453 deaths 15731685 (13488.8s) AMD Radeon AI PRO R9700 (RADV GFX1201)
tick 5324000 alive   911997 genomes  198609 energy   199.9 births 15707482 deaths 15706410 (13491.5s) AMD Radeon AI PRO R9700 (RADV GFX1201)
tick 5325000 alive   910464 genomes  199256 energy   200.1 births 15623266 deaths 15624799 (13494.0s) AMD Radeon AI PRO R9700 (RADV GFX1201)
tick 5326000 alive   911823 genomes  200558 energy   199.8 births 15611311 deaths 15609952 (13496.5s) AMD Radeon AI PRO R9700 (RADV GFX1201)
tick 5327000 alive   913188 genomes  200895 energy   199.7 births 15723382 deaths 15722017 (13499.1s) AMD Radeon AI PRO R9700 (RADV GFX1201)
tick 5328000 alive   914878 genomes  200796 energy   200.4 births 15712473 deaths 15710783 (13501.6s) AMD Radeon AI PRO R9700 (RADV GFX1201)
tick 5329000 alive   910206 genomes  200467 energy   199.9 births 15551662 deaths 15556334 (13504.1s) AMD Radeon AI PRO R9700 (RADV GFX1201)
tick 5330000 alive   913194 genomes  200631 energy   200.0 births 15619887 deaths 15616899 (13506.7s) AMD Radeon AI PRO R9700 (RADV GFX1201)
tick 5331000 alive   916777 genomes  201811 energy   200.0 births 15765474 deaths 15761891 (13509.2s) AMD Radeon AI PRO R9700 (RADV GFX1201)
tick 5332000 alive   911721 genomes  200799 energy   200.5 births 15689794 deaths 15694850 (13511.7s) AMD Radeon AI PRO R9700 (RADV GFX1201)
tick 5333000 alive   913163 genomes  200034 energy   199.5 births 15662303 deaths 15660861 (13514.4s) AMD Radeon AI PRO R9700 (RADV GFX1201)
tick 5334000 alive   915844 genomes  197660 energy   199.6 births 15837450 deaths 15834769 (13516.9s) AMD Radeon AI PRO R9700 (RADV GFX1201)
tick 5335000 alive   918918 genomes  196259 energy   199.9 births 15905401 deaths 15902327 (13519.4s) AMD Radeon AI PRO R9700 (RADV GFX1201)
tick 5336000 alive   917935 genomes  196197 energy   200.3 births 15817861 deaths 15818844 (13521.9s) AMD Radeon AI PRO R9700 (RADV GFX1201)
tick 5337000 alive   918139 genomes  195195 energy   199.9 births 15784787 deaths 15784583 (13524.3s) AMD Radeon AI PRO R9700 (RADV GFX1201)
tick 5338000 alive   917456 genomes  194372 energy   200.3 births 15822804 deaths 15823487 (13526.8s) AMD Radeon AI PRO R9700 (RADV GFX1201)
tick 5339000 alive   911985 genomes  195902 energy   200.9 births 15599456 deaths 15604927 (13529.3s) AMD Radeon AI PRO R9700 (RADV GFX1201)
tick 5340000 alive   908371 genomes  197873 energy   200.5 births 15450346 deaths 15453960 (13531.8s) AMD Radeon AI PRO R9700 (RADV GFX1201)
tick 5341000 alive   911380 genomes  200769 energy   199.8 births 15590135 deaths 15587126 (13534.4s) AMD Radeon AI PRO R9700 (RADV GFX1201)
tick 5342000 alive   910769 genomes  199633 energy   200.3 births 15610374 deaths 15610985 (13536.9s) AMD Radeon AI PRO R9700 (RADV GFX1201)
tick 5343000 alive   911055 genomes  200324 energy   200.0 births 15619910 deaths 15619624 (13539.4s) AMD Radeon AI PRO R9700 (RADV GFX1201)
tick 5344000 alive   907370 genomes  200599 energy   199.6 births 15554637 deaths 15558322 (13541.9s) AMD Radeon AI PRO R9700 (RADV GFX1201)
tick 5345000 alive   908801 genomes  197313 energy   200.2 births 15603842 deaths 15602411 (13544.4s) AMD Radeon AI PRO R9700 (RADV GFX1201)
tick 5346000 alive   913252 genomes  197129 energy   199.6 births 15681075 deaths 15676624 (13546.9s) AMD Radeon AI PRO R9700 (RADV GFX1201)
tick 5347000 alive   906540 genomes  196563 energy   200.2 births 15487516 deaths 15494228 (13549.4s) AMD Radeon AI PRO R9700 (RADV GFX1201)
tick 5348000 alive   910102 genomes  197591 energy   200.2 births 15501757 deaths 15498195 (13552.0s) AMD Radeon AI PRO R9700 (RADV GFX1201)
tick 5349000 alive   908309 genomes  198165 energy   200.2 births 15449697 deaths 15451490 (13554.5s) AMD Radeon AI PRO R9700 (RADV GFX1201)
tick 5350000 alive   909958 genomes  197646 energy   200.2 births 15492913 deaths 15491264 (13557.1s) AMD Radeon AI PRO R9700 (RADV GFX1201)
tick 5351000 alive   909205 genomes  198454 energy   200.4 births 15509510 deaths 15510263 (13559.6s) AMD Radeon AI PRO R9700 (RADV GFX1201)
tick 5352000 alive   910605 genomes  199792 energy   200.6 births 15503326 deaths 15501926 (13562.1s) AMD Radeon AI PRO R9700 (RADV GFX1201)
tick 5353000 alive   909663 genomes  199040 energy   200.4 births 15524744 deaths 15525686 (13564.8s) AMD Radeon AI PRO R9700 (RADV GFX1201)
tick 5354000 alive   906621 genomes  200438 energy   200.4 births 15460898 deaths 15463940 (13567.4s) AMD Radeon AI PRO R9700 (RADV GFX1201)
tick 5355000 alive   908020 genomes  199797 energy   199.9 births 15526985 deaths 15525586 (13569.9s) AMD Radeon AI PRO R9700 (RADV GFX1201)
tick 5356000 alive   908882 genomes  199785 energy   200.3 births 15549824 deaths 15548962 (13572.4s) AMD Radeon AI PRO R9700 (RADV GFX1201)
tick 5357000 alive   907591 genomes  201479 energy   200.7 births 15487622 deaths 15488913 (13574.9s) AMD Radeon AI PRO R9700 (RADV GFX1201)
tick 5358000 alive   911594 genomes  202008 energy   200.4 births 15448297 deaths 15444294 (13577.4s) AMD Radeon AI PRO R9700 (RADV GFX1201)
tick 5359000 alive   911384 genomes  203541 energy   200.8 births 15450863 deaths 15451073 (13579.9s) AMD Radeon AI PRO R9700 (RADV GFX1201)
tick 5360000 alive   906941 genomes  203542 energy   200.8 births 15391162 deaths 15395605 (13582.4s) AMD Radeon AI PRO R9700 (RADV GFX1201)
tick 5361000 alive   905947 genomes  203108 energy   200.6 births 15355964 deaths 15356958 (13585.0s) AMD Radeon AI PRO R9700 (RADV GFX1201)
tick 5362000 alive   909059 genomes  202677 energy   200.2 births 15427501 deaths 15424389 (13587.5s) AMD Radeon AI PRO R9700 (RADV GFX1201)
tick 5363000 alive   911579 genomes  201720 energy   199.9 births 15563712 deaths 15561192 (13590.3s) AMD Radeon AI PRO R9700 (RADV GFX1201)
tick 5364000 alive   915373 genomes  199171 energy   200.1 births 15604942 deaths 15601148 (13592.9s) AMD Radeon AI PRO R9700 (RADV GFX1201)
tick 5365000 alive   916752 genomes  196543 energy   200.1 births 15749509 deaths 15748130 (13595.4s) AMD Radeon AI PRO R9700 (RADV GFX1201)
tick 5366000 alive   914635 genomes  196867 energy   200.7 births 15647478 deaths 15649595 (13597.8s) AMD Radeon AI PRO R9700 (RADV GFX1201)
tick 5367000 alive   908112 genomes  198032 energy   200.9 births 15421047 deaths 15427570 (13600.3s) AMD Radeon AI PRO R9700 (RADV GFX1201)
tick 5368000 alive   907471 genomes  199835 energy   200.5 births 15288753 deaths 15289394 (13602.8s) AMD Radeon AI PRO R9700 (RADV GFX1201)
tick 5369000 alive   905730 genomes  199593 energy   200.5 births 15295002 deaths 15296743 (13605.4s) AMD Radeon AI PRO R9700 (RADV GFX1201)
tick 5370000 alive   910634 genomes  198712 energy   200.4 births 15493268 deaths 15488364 (13607.9s) AMD Radeon AI PRO R9700 (RADV GFX1201)
tick 5371000 alive   906681 genomes  199131 energy   200.2 births 15425432 deaths 15429385 (13610.4s) AMD Radeon AI PRO R9700 (RADV GFX1201)
tick 5372000 alive   903134 genomes  199648 energy   200.6 births 15325301 deaths 15328848 (13612.9s) AMD Radeon AI PRO R9700 (RADV GFX1201)
tick 5373000 alive   903073 genomes  201155 energy   200.4 births 15292878 deaths 15292939 (13615.4s) AMD Radeon AI PRO R9700 (RADV GFX1201)
tick 5374000 alive   901768 genomes  202390 energy   200.4 births 15290734 deaths 15292039 (13618.0s) AMD Radeon AI PRO R9700 (RADV GFX1201)
tick 5375000 alive   899741 genomes  202768 energy   200.6 births 15235268 deaths 15237295 (13620.5s) AMD Radeon AI PRO R9700 (RADV GFX1201)
tick 5376000 alive   904529 genomes  203926 energy   200.2 births 15263553 deaths 15258765 (13623.0s) AMD Radeon AI PRO R9700 (RADV GFX1201)
tick 5377000 alive   906845 genomes  200887 energy   200.2 births 15457547 deaths 15455231 (13625.6s) AMD Radeon AI PRO R9700 (RADV GFX1201)
tick 5378000 alive   910299 genomes  199341 energy   200.0 births 15528024 deaths 15524570 (13628.2s) AMD Radeon AI PRO R9700 (RADV GFX1201)
tick 5379000 alive   905663 genomes  199506 energy   200.5 births 15416389 deaths 15421025 (13630.7s) AMD Radeon AI PRO R9700 (RADV GFX1201)
tick 5380000 alive   907583 genomes  201122 energy   200.4 births 15367689 deaths 15365769 (13633.3s) AMD Radeon AI PRO R9700 (RADV GFX1201)
tick 5381000 alive   904106 genomes  201355 energy   200.9 births 15257700 deaths 15261177 (13635.8s) AMD Radeon AI PRO R9700 (RADV GFX1201)
tick 5382000 alive   906321 genomes  201657 energy   200.7 births 15284352 deaths 15282137 (13638.4s) AMD Radeon AI PRO R9700 (RADV GFX1201)
tick 5383000 alive   905916 genomes  200001 energy   200.6 births 15279844 deaths 15280249 (13640.9s) AMD Radeon AI PRO R9700 (RADV GFX1201)
tick 5384000 alive   909214 genomes  199871 energy   200.9 births 15424582 deaths 15421284 (13643.4s) AMD Radeon AI PRO R9700 (RADV GFX1201)
tick 5385000 alive   913987 genomes  198599 energy   200.3 births 15541139 deaths 15536366 (13645.9s) AMD Radeon AI PRO R9700 (RADV GFX1201)
tick 5386000 alive   909789 genomes  198704 energy   200.4 births 15462139 deaths 15466337 (13648.4s) AMD Radeon AI PRO R9700 (RADV GFX1201)
tick 5387000 alive   907869 genomes  197628 energy   201.1 births 15342460 deaths 15344380 (13650.9s) AMD Radeon AI PRO R9700 (RADV GFX1201)
tick 5388000 alive   908533 genomes  198537 energy   201.2 births 15210667 deaths 15210003 (13653.7s) AMD Radeon AI PRO R9700 (RADV GFX1201)
tick 5389000 alive   908183 genomes  200175 energy   201.4 births 15320573 deaths 15320923 (13656.2s) AMD Radeon AI PRO R9700 (RADV GFX1201)
tick 5390000 alive   904322 genomes  201851 energy   201.3 births 15130343 deaths 15134204 (13658.8s) AMD Radeon AI PRO R9700 (RADV GFX1201)
tick 5391000 alive   899566 genomes  202394 energy   201.0 births 15071105 deaths 15075861 (13661.3s) AMD Radeon AI PRO R9700 (RADV GFX1201)
tick 5392000 alive   898920 genomes  203386 energy   200.9 births 15081822 deaths 15082468 (13663.8s) AMD Radeon AI PRO R9700 (RADV GFX1201)
tick 5393000 alive   902421 genomes  204705 energy   200.9 births 15143393 deaths 15139892 (13666.3s) AMD Radeon AI PRO R9700 (RADV GFX1201)
tick 5394000 alive   900367 genomes  205875 energy   201.0 births 15039163 deaths 15041217 (13668.9s) AMD Radeon AI PRO R9700 (RADV GFX1201)
tick 5395000 alive   901199 genomes  206041 energy   200.9 births 15080271 deaths 15079439 (13671.4s) AMD Radeon AI PRO R9700 (RADV GFX1201)
tick 5396000 alive   900655 genomes  204609 energy   201.1 births 15141391 deaths 15141935 (13673.9s) AMD Radeon AI PRO R9700 (RADV GFX1201)
tick 5397000 alive   903078 genomes  203748 energy   200.7 births 15162938 deaths 15160515 (13676.5s) AMD Radeon AI PRO R9700 (RADV GFX1201)
tick 5398000 alive   904405 genomes  202861 energy   200.8 births 15166993 deaths 15165666 (13679.0s) AMD Radeon AI PRO R9700 (RADV GFX1201)
tick 5399000 alive   900817 genomes  205445 energy   201.1 births 15099105 deaths 15102693 (13681.5s) AMD Radeon AI PRO R9700 (RADV GFX1201)
tick 5400000 alive   899527 genomes  206282 energy   200.8 births 15077232 deaths 15078522 (13684.0s) AMD Radeon AI PRO R9700 (RADV GFX1201)
tick 5401000 alive   896710 genomes  205324 energy   200.9 births 15079559 deaths 15082376 (13686.5s) AMD Radeon AI PRO R9700 (RADV GFX1201)
tick 5402000 alive   901727 genomes  204648 energy   200.5 births 15175637 deaths 15170620 (13689.0s) AMD Radeon AI PRO R9700 (RADV GFX1201)
tick 5403000 alive   900103 genomes  203744 energy   200.4 births 15258365 deaths 15259989 (13691.6s) AMD Radeon AI PRO R9700 (RADV GFX1201)
tick 5404000 alive   899172 genomes  204086 energy   200.5 births 15137034 deaths 15137965 (13694.2s) AMD Radeon AI PRO R9700 (RADV GFX1201)
tick 5405000 alive   896707 genomes  203381 energy   200.9 births 14990189 deaths 14992654 (13696.7s) AMD Radeon AI PRO R9700 (RADV GFX1201)
tick 5406000 alive   898977 genomes  204657 energy   201.1 births 15032330 deaths 15030060 (13699.3s) AMD Radeon AI PRO R9700 (RADV GFX1201)
tick 5407000 alive   898354 genomes  204264 energy   201.0 births 14985375 deaths 14985998 (13701.8s) AMD Radeon AI PRO R9700 (RADV GFX1201)
tick 5408000 alive   903253 genomes  205600 energy   200.6 births 15138495 deaths 15133596 (13704.4s) AMD Radeon AI PRO R9700 (RADV GFX1201)
tick 5409000 alive   902808 genomes  204854 energy   200.5 births 15193495 deaths 15193940 (13706.9s) AMD Radeon AI PRO R9700 (RADV GFX1201)
tick 5410000 alive   904360 genomes  204932 energy   200.7 births 15207802 deaths 15206250 (13709.4s) AMD Radeon AI PRO R9700 (RADV GFX1201)
tick 5411000 alive   907457 genomes  204458 energy   200.4 births 15266103 deaths 15263006 (13712.0s) AMD Radeon AI PRO R9700 (RADV GFX1201)
tick 5412000 alive   903750 genomes  204645 energy   200.6 births 15236590 deaths 15240297 (13714.5s) AMD Radeon AI PRO R9700 (RADV GFX1201)
tick 5413000 alive   904111 genomes  203239 energy   200.2 births 15238196 deaths 15237835 (13717.0s) AMD Radeon AI PRO R9700 (RADV GFX1201)
tick 5414000 alive   910297 genomes  201393 energy   200.3 births 15389377 deaths 15383191 (13719.5s) AMD Radeon AI PRO R9700 (RADV GFX1201)
tick 5415000 alive   906831 genomes  201686 energy   200.8 births 15365663 deaths 15369129 (13722.1s) AMD Radeon AI PRO R9700 (RADV GFX1201)
tick 5416000 alive   904483 genomes  201784 energy   200.6 births 15277269 deaths 15279617 (13724.8s) AMD Radeon AI PRO R9700 (RADV GFX1201)
tick 5417000 alive   904505 genomes  203267 energy   200.9 births 15255663 deaths 15255641 (13727.4s) AMD Radeon AI PRO R9700 (RADV GFX1201)
tick 5418000 alive   905064 genomes  201943 energy   200.8 births 15235040 deaths 15234481 (13729.9s) AMD Radeon AI PRO R9700 (RADV GFX1201)
tick 5419000 alive   904985 genomes  202757 energy   200.7 births 15261504 deaths 15261583 (13732.4s) AMD Radeon AI PRO R9700 (RADV GFX1201)
tick 5420000 alive   904369 genomes  202227 energy   200.9 births 15292142 deaths 15292758 (13734.9s) AMD Radeon AI PRO R9700 (RADV GFX1201)
tick 5421000 alive   904892 genomes  201447 energy   200.2 births 15283806 deaths 15283283 (13737.4s) AMD Radeon AI PRO R9700 (RADV GFX1201)
tick 5422000 alive   902567 genomes  200108 energy   201.0 births 15254440 deaths 15256765 (13739.9s) AMD Radeon AI PRO R9700 (RADV GFX1201)
tick 5423000 alive   904711 genomes  200939 energy   200.7 births 15262680 deaths 15260536 (13742.4s) AMD Radeon AI PRO R9700 (RADV GFX1201)
tick 5424000 alive   898867 genomes  201250 energy   200.1 births 15142762 deaths 15148606 (13744.9s) AMD Radeon AI PRO R9700 (RADV GFX1201)
tick 5425000 alive   902503 genomes  200994 energy   201.0 births 15145620 deaths 15141984 (13747.4s) AMD Radeon AI PRO R9700 (RADV GFX1201)
tick 5426000 alive   908845 genomes  199841 energy   200.3 births 15351871 deaths 15345529 (13749.9s) AMD Radeon AI PRO R9700 (RADV GFX1201)
tick 5427000 alive   906728 genomes  200455 energy   200.2 births 15380469 deaths 15382586 (13752.4s) AMD Radeon AI PRO R9700 (RADV GFX1201)
tick 5428000 alive   901788 genomes  200571 energy   200.4 births 15293627 deaths 15298567 (13754.9s) AMD Radeon AI PRO R9700 (RADV GFX1201)
tick 5429000 alive   902670 genomes  201955 energy   200.6 births 15297932 deaths 15297050 (13757.3s) AMD Radeon AI PRO R9700 (RADV GFX1201)
tick 5430000 alive   902795 genomes  201041 energy   200.6 births 15308641 deaths 15308516 (13759.8s) AMD Radeon AI PRO R9700 (RADV GFX1201)
tick 5431000 alive   904354 genomes  201169 energy   200.4 births 15337424 deaths 15335865 (13762.3s) AMD Radeon AI PRO R9700 (RADV GFX1201)
tick 5432000 alive   903922 genomes  200099 energy   200.8 births 15276653 deaths 15277085 (13764.9s) AMD Radeon AI PRO R9700 (RADV GFX1201)
tick 5433000 alive   902181 genomes  201163 energy   200.7 births 15229071 deaths 15230812 (13767.4s) AMD Radeon AI PRO R9700 (RADV GFX1201)
tick 5434000 alive   901470 genomes  201139 energy   200.6 births 15230205 deaths 15230916 (13769.8s) AMD Radeon AI PRO R9700 (RADV GFX1201)
tick 5435000 alive   902288 genomes  201321 energy   200.7 births 15200340 deaths 15199522 (13772.3s) AMD Radeon AI PRO R9700 (RADV GFX1201)
tick 5436000 alive   905293 genomes  202395 energy   200.3 births 15210616 deaths 15207611 (13774.8s) AMD Radeon AI PRO R9700 (RADV GFX1201)
tick 5437000 alive   902969 genomes  202933 energy   200.9 births 15196297 deaths 15198621 (13777.3s) AMD Radeon AI PRO R9700 (RADV GFX1201)
tick 5438000 alive   903104 genomes  202225 energy   200.9 births 15162928 deaths 15162793 (13779.9s) AMD Radeon AI PRO R9700 (RADV GFX1201)
tick 5439000 alive   901736 genomes  204020 energy   200.9 births 15191269 deaths 15192637 (13782.6s) AMD Radeon AI PRO R9700 (RADV GFX1201)
tick 5440000 alive   903967 genomes  204384 energy   200.6 births 15206769 deaths 15204538 (13785.2s) AMD Radeon AI PRO R9700 (RADV GFX1201)
tick 5441000 alive   903653 genomes  203628 energy   200.6 births 15242589 deaths 15242903 (13787.7s) AMD Radeon AI PRO R9700 (RADV GFX1201)
tick 5442000 alive   904518 genomes  202310 energy   200.9 births 15159208 deaths 15158343 (13790.2s) AMD Radeon AI PRO R9700 (RADV GFX1201)
tick 5443000 alive   900820 genomes  202683 energy   200.6 births 15135126 deaths 15138824 (13792.7s) AMD Radeon AI PRO R9700 (RADV GFX1201)
tick 5444000 alive   899505 genomes  203628 energy   200.8 births 15131559 deaths 15132874 (13795.2s) AMD Radeon AI PRO R9700 (RADV GFX1201)
tick 5445000 alive   903937 genomes  204520 energy   200.7 births 15191058 deaths 15186626 (13797.7s) AMD Radeon AI PRO R9700 (RADV GFX1201)
tick 5446000 alive   900676 genomes  205082 energy   200.7 births 15172397 deaths 15175658 (13800.2s) AMD Radeon AI PRO R9700 (RADV GFX1201)
tick 5447000 alive   899707 genomes  205591 energy   200.8 births 15132639 deaths 15133608 (13802.7s) AMD Radeon AI PRO R9700 (RADV GFX1201)
tick 5448000 alive   899751 genomes  206502 energy   200.8 births 15109893 deaths 15109849 (13805.2s) AMD Radeon AI PRO R9700 (RADV GFX1201)
tick 5449000 alive   904411 genomes  206395 energy   200.4 births 15178577 deaths 15173917 (13807.7s) AMD Radeon AI PRO R9700 (RADV GFX1201)
tick 5450000 alive   904800 genomes  203079 energy   200.4 births 15335024 deaths 15334635 (13810.2s) AMD Radeon AI PRO R9700 (RADV GFX1201)
tick 5451000 alive   902209 genomes  202845 energy   200.7 births 15249240 deaths 15251831 (13812.7s) AMD Radeon AI PRO R9700 (RADV GFX1201)
tick 5452000 alive   898984 genomes  202957 energy   201.2 births 15051738 deaths 15054963 (13815.2s) AMD Radeon AI PRO R9700 (RADV GFX1201)
tick 5453000 alive   898914 genomes  203828 energy   200.8 births 15099078 deaths 15099148 (13817.7s) AMD Radeon AI PRO R9700 (RADV GFX1201)
tick 5454000 alive   898932 genomes  203078 energy   201.0 births 15088860 deaths 15088842 (13820.2s) AMD Radeon AI PRO R9700 (RADV GFX1201)
tick 5455000 alive   900131 genomes  203544 energy   201.0 births 15146167 deaths 15144968 (13822.7s) AMD Radeon AI PRO R9700 (RADV GFX1201)
tick 5456000 alive   895956 genomes  204057 energy   200.8 births 15023848 deaths 15028023 (13825.2s) AMD Radeon AI PRO R9700 (RADV GFX1201)
tick 5457000 alive   900693 genomes  203192 energy   201.2 births 15158544 deaths 15153807 (13827.7s) AMD Radeon AI PRO R9700 (RADV GFX1201)
tick 5458000 alive   901203 genomes  203447 energy   201.7 births 15078318 deaths 15077808 (13830.3s) AMD Radeon AI PRO R9700 (RADV GFX1201)
tick 5459000 alive   894600 genomes  205181 energy   201.5 births 14977538 deaths 14984141 (13832.8s) AMD Radeon AI PRO R9700 (RADV GFX1201)
tick 5460000 alive   897596 genomes  205111 energy   200.3 births 15050921 deaths 15047925 (13835.3s) AMD Radeon AI PRO R9700 (RADV GFX1201)
tick 5461000 alive   901964 genomes  203455 energy   200.2 births 15152424 deaths 15148056 (13837.8s) AMD Radeon AI PRO R9700 (RADV GFX1201)
tick 5462000 alive   901336 genomes  204585 energy   200.4 births 15234033 deaths 15234661 (13840.3s) AMD Radeon AI PRO R9700 (RADV GFX1201)
tick 5463000 alive   898069 genomes  203940 energy   200.3 births 15230048 deaths 15233315 (13842.9s) AMD Radeon AI PRO R9700 (RADV GFX1201)
tick 5464000 alive   897833 genomes  203909 energy   200.0 births 15270592 deaths 15270828 (13845.4s) AMD Radeon AI PRO R9700 (RADV GFX1201)
tick 5465000 alive   901349 genomes  204537 energy   200.0 births 15411661 deaths 15408145 (13847.9s) AMD Radeon AI PRO R9700 (RADV GFX1201)
tick 5466000 alive   900271 genomes  203483 energy   200.2 births 15294961 deaths 15296039 (13850.4s) AMD Radeon AI PRO R9700 (RADV GFX1201)
tick 5467000 alive   903378 genomes  205458 energy   200.7 births 15374212 deaths 15371105 (13853.0s) AMD Radeon AI PRO R9700 (RADV GFX1201)
tick 5468000 alive   900923 genomes  205371 energy   200.7 births 15236674 deaths 15239129 (13855.5s) AMD Radeon AI PRO R9700 (RADV GFX1201)
tick 5469000 alive   902586 genomes  206622 energy   200.4 births 15258207 deaths 15256544 (13858.1s) AMD Radeon AI PRO R9700 (RADV GFX1201)
tick 5470000 alive   904480 genomes  206062 energy   200.2 births 15280470 deaths 15278576 (13860.6s) AMD Radeon AI PRO R9700 (RADV GFX1201)
tick 5471000 alive   897883 genomes  205010 energy   201.0 births 15248480 deaths 15255077 (13863.2s) AMD Radeon AI PRO R9700 (RADV GFX1201)
tick 5472000 alive   898582 genomes  204467 energy   200.3 births 15215100 deaths 15214401 (13865.7s) AMD Radeon AI PRO R9700 (RADV GFX1201)
tick 5473000 alive   905720 genomes  203486 energy   200.0 births 15395154 deaths 15388016 (13868.3s) AMD Radeon AI PRO R9700 (RADV GFX1201)
tick 5474000 alive   906684 genomes  203993 energy   199.8 births 15441986 deaths 15441022 (13870.8s) AMD Radeon AI PRO R9700 (RADV GFX1201)
tick 5475000 alive   906593 genomes  202550 energy   200.5 births 15513507 deaths 15513598 (13873.4s) AMD Radeon AI PRO R9700 (RADV GFX1201)
tick 5476000 alive   906562 genomes  202520 energy   200.3 births 15371940 deaths 15371971 (13875.9s) AMD Radeon AI PRO R9700 (RADV GFX1201)
tick 5477000 alive   909095 genomes  200993 energy   200.2 births 15443180 deaths 15440647 (13878.4s) AMD Radeon AI PRO R9700 (RADV GFX1201)
tick 5478000 alive   908110 genomes  200641 energy   200.8 births 15408765 deaths 15409750 (13880.9s) AMD Radeon AI PRO R9700 (RADV GFX1201)
tick 5479000 alive   903654 genomes  203951 energy   201.1 births 15298976 deaths 15303432 (13883.4s) AMD Radeon AI PRO R9700 (RADV GFX1201)
tick 5480000 alive   898149 genomes  203673 energy   200.8 births 15160614 deaths 15166119 (13886.0s) AMD Radeon AI PRO R9700 (RADV GFX1201)
tick 5481000 alive   898469 genomes  204172 energy   200.4 births 15171086 deaths 15170766 (13888.5s) AMD Radeon AI PRO R9700 (RADV GFX1201)
tick 5482000 alive   898484 genomes  205068 energy   200.6 births 15208100 deaths 15208085 (13891.0s) AMD Radeon AI PRO R9700 (RADV GFX1201)
tick 5483000 alive   900197 genomes  202683 energy   200.3 births 15185536 deaths 15183823 (13893.6s) AMD Radeon AI PRO R9700 (RADV GFX1201)
tick 5484000 alive   901072 genomes  202983 energy   200.9 births 15228427 deaths 15227552 (13896.1s) AMD Radeon AI PRO R9700 (RADV GFX1201)
tick 5485000 alive   899200 genomes  204562 energy   200.6 births 15175692 deaths 15177564 (13898.7s) AMD Radeon AI PRO R9700 (RADV GFX1201)
tick 5486000 alive   904150 genomes  203783 energy   199.8 births 15364454 deaths 15359504 (13901.2s) AMD Radeon AI PRO R9700 (RADV GFX1201)
tick 5487000 alive   906817 genomes  201788 energy   199.9 births 15451630 deaths 15448963 (13903.7s) AMD Radeon AI PRO R9700 (RADV GFX1201)
tick 5488000 alive   906454 genomes  200768 energy   200.5 births 15438941 deaths 15439304 (13906.3s) AMD Radeon AI PRO R9700 (RADV GFX1201)
tick 5489000 alive   906255 genomes  202266 energy   200.8 births 15388265 deaths 15388464 (13908.8s) AMD Radeon AI PRO R9700 (RADV GFX1201)
tick 5490000 alive   902243 genomes  203389 energy   200.4 births 15280677 deaths 15284689 (13911.3s) AMD Radeon AI PRO R9700 (RADV GFX1201)
tick 5491000 alive   903844 genomes  203887 energy   200.1 births 15401004 deaths 15399403 (13913.8s) AMD Radeon AI PRO R9700 (RADV GFX1201)
tick 5492000 alive   906427 genomes  202752 energy   199.9 births 15426909 deaths 15424326 (13916.3s) AMD Radeon AI PRO R9700 (RADV GFX1201)
tick 5493000 alive   907442 genomes  199353 energy   200.5 births 15484095 deaths 15483080 (13918.9s) AMD Radeon AI PRO R9700 (RADV GFX1201)
tick 5494000 alive   908951 genomes  198521 energy   200.1 births 15488425 deaths 15486916 (13921.6s) AMD Radeon AI PRO R9700 (RADV GFX1201)
tick 5495000 alive   906291 genomes  198666 energy   200.2 births 15481070 deaths 15483730 (13924.1s) AMD Radeon AI PRO R9700 (RADV GFX1201)
tick 5496000 alive   908449 genomes  200355 energy   200.5 births 15471111 deaths 15468953 (13926.6s) AMD Radeon AI PRO R9700 (RADV GFX1201)
tick 5497000 alive   905463 genomes  201425 energy   200.1 births 15350650 deaths 15353636 (13929.1s) AMD Radeon AI PRO R9700 (RADV GFX1201)
tick 5498000 alive   903788 genomes  200771 energy   200.2 births 15372127 deaths 15373802 (13931.6s) AMD Radeon AI PRO R9700 (RADV GFX1201)
tick 5499000 alive   908534 genomes  199257 energy   200.4 births 15390733 deaths 15385987 (13934.2s) AMD Radeon AI PRO R9700 (RADV GFX1201)
tick 5500000 alive   906823 genomes  200125 energy   200.0 births 15411194 deaths 15412905 (13936.7s) AMD Radeon AI PRO R9700 (RADV GFX1201)
tick 5501000 alive   904190 genomes  198558 energy   200.4 births 15518800 deaths 15521433 (13939.2s) AMD Radeon AI PRO R9700 (RADV GFX1201)
tick 5502000 alive   904835 genomes  200098 energy   200.2 births 15527221 deaths 15526576 (13941.8s) AMD Radeon AI PRO R9700 (RADV GFX1201)
tick 5503000 alive   905399 genomes  198363 energy   199.3 births 15522282 deaths 15521718 (13944.3s) AMD Radeon AI PRO R9700 (RADV GFX1201)
tick 5504000 alive   907540 genomes  198007 energy   199.8 births 15592333 deaths 15590192 (13946.8s) AMD Radeon AI PRO R9700 (RADV GFX1201)
tick 5505000 alive   906648 genomes  198621 energy   200.4 births 15459185 deaths 15460077 (13949.3s) AMD Radeon AI PRO R9700 (RADV GFX1201)
tick 5506000 alive   906125 genomes  199368 energy   200.3 births 15430723 deaths 15431246 (13951.8s) AMD Radeon AI PRO R9700 (RADV GFX1201)
tick 5507000 alive   907399 genomes  201717 energy   200.2 births 15439192 deaths 15437918 (13954.3s) AMD Radeon AI PRO R9700 (RADV GFX1201)
tick 5508000 alive   907662 genomes  200207 energy   200.2 births 15456140 deaths 15455877 (13956.9s) AMD Radeon AI PRO R9700 (RADV GFX1201)
tick 5509000 alive   906206 genomes  201182 energy   199.8 births 15480983 deaths 15482439 (13959.4s) AMD Radeon AI PRO R9700 (RADV GFX1201)
tick 5510000 alive   909280 genomes  199574 energy   199.7 births 15541698 deaths 15538624 (13961.9s) AMD Radeon AI PRO R9700 (RADV GFX1201)
tick 5511000 alive   908456 genomes  199918 energy   200.1 births 15610002 deaths 15610826 (13964.4s) AMD Radeon AI PRO R9700 (RADV GFX1201)
tick 5512000 alive   910181 genomes  199464 energy   200.0 births 15628426 deaths 15626701 (13967.0s) AMD Radeon AI PRO R9700 (RADV GFX1201)
tick 5513000 alive   907409 genomes  200975 energy   200.5 births 15523688 deaths 15526460 (13969.5s) AMD Radeon AI PRO R9700 (RADV GFX1201)
tick 5514000 alive   904443 genomes  199302 energy   199.9 births 15547872 deaths 15550838 (13972.1s) AMD Radeon AI PRO R9700 (RADV GFX1201)
tick 5515000 alive   911158 genomes  200508 energy   199.8 births 15661044 deaths 15654329 (13974.7s) AMD Radeon AI PRO R9700 (RADV GFX1201)
tick 5516000 alive   911834 genomes  198763 energy   199.7 births 15734987 deaths 15734311 (13977.3s) AMD Radeon AI PRO R9700 (RADV GFX1201)
tick 5517000 alive   911816 genomes  198603 energy   199.3 births 15788532 deaths 15788550 (13979.8s) AMD Radeon AI PRO R9700 (RADV GFX1201)
tick 5518000 alive   915114 genomes  197476 energy   199.6 births 15878926 deaths 15875628 (13982.3s) AMD Radeon AI PRO R9700 (RADV GFX1201)
tick 5519000 alive   912766 genomes  196599 energy   200.2 births 15720093 deaths 15722441 (13984.8s) AMD Radeon AI PRO R9700 (RADV GFX1201)
tick 5520000 alive   914351 genomes  197491 energy   199.7 births 15714539 deaths 15712954 (13987.3s) AMD Radeon AI PRO R9700 (RADV GFX1201)
tick 5521000 alive   916923 genomes  196740 energy   199.9 births 15878202 deaths 15875630 (13989.8s) AMD Radeon AI PRO R9700 (RADV GFX1201)
tick 5522000 alive   913120 genomes  195637 energy   199.8 births 15754674 deaths 15758477 (13992.4s) AMD Radeon AI PRO R9700 (RADV GFX1201)
tick 5523000 alive   911684 genomes  195341 energy   200.3 births 15715824 deaths 15717260 (13994.9s) AMD Radeon AI PRO R9700 (RADV GFX1201)
tick 5524000 alive   907403 genomes  195908 energy   200.4 births 15553332 deaths 15557613 (13997.4s) AMD Radeon AI PRO R9700 (RADV GFX1201)
tick 5525000 alive   909541 genomes  197225 energy   200.2 births 15588866 deaths 15586728 (13999.9s) AMD Radeon AI PRO R9700 (RADV GFX1201)
tick 5526000 alive   911800 genomes  197315 energy   199.4 births 15710186 deaths 15707927 (14002.4s) AMD Radeon AI PRO R9700 (RADV GFX1201)
tick 5527000 alive   911782 genomes  197101 energy   199.7 births 15754187 deaths 15754205 (14005.0s) AMD Radeon AI PRO R9700 (RADV GFX1201)
tick 5528000 alive   913613 genomes  198444 energy   199.7 births 15816159 deaths 15814328 (14007.5s) AMD Radeon AI PRO R9700 (RADV GFX1201)
tick 5529000 alive   912315 genomes  196539 energy   199.7 births 15764538 deaths 15765836 (14010.0s) AMD Radeon AI PRO R9700 (RADV GFX1201)
tick 5530000 alive   912332 genomes  197963 energy   199.3 births 15767531 deaths 15767514 (14012.5s) AMD Radeon AI PRO R9700 (RADV GFX1201)
tick 5531000 alive   915736 genomes  194861 energy   199.4 births 15881510 deaths 15878106 (14015.0s) AMD Radeon AI PRO R9700 (RADV GFX1201)
tick 5532000 alive   917156 genomes  192736 energy   199.9 births 15878156 deaths 15876736 (14017.5s) AMD Radeon AI PRO R9700 (RADV GFX1201)
tick 5533000 alive   926045 genomes  190680 energy   199.7 births 16068176 deaths 16059287 (14020.1s) AMD Radeon AI PRO R9700 (RADV GFX1201)
tick 5534000 alive   922405 genomes  188661 energy   200.8 births 15901859 deaths 15905499 (14022.5s) AMD Radeon AI PRO R9700 (RADV GFX1201)
tick 5535000 alive   916699 genomes  190866 energy   200.8 births 15671094 deaths 15676800 (14025.3s) AMD Radeon AI PRO R9700 (RADV GFX1201)
tick 5536000 alive   916469 genomes  192362 energy   200.3 births 15668657 deaths 15668887 (14027.8s) AMD Radeon AI PRO R9700 (RADV GFX1201)
tick 5537000 alive   916576 genomes  191374 energy   200.5 births 15681053 deaths 15680946 (14030.4s) AMD Radeon AI PRO R9700 (RADV GFX1201)
tick 5538000 alive   915338 genomes  189480 energy   200.7 births 15621573 deaths 15622811 (14033.1s) AMD Radeon AI PRO R9700 (RADV GFX1201)
tick 5539000 alive   915666 genomes  190271 energy   200.5 births 15612259 deaths 15611931 (14035.6s) AMD Radeon AI PRO R9700 (RADV GFX1201)
tick 5540000 alive   916078 genomes  190823 energy   200.5 births 15673968 deaths 15673556 (14038.2s) AMD Radeon AI PRO R9700 (RADV GFX1201)
tick 5541000 alive   916638 genomes  190077 energy   200.0 births 15753233 deaths 15752673 (14041.0s) AMD Radeon AI PRO R9700 (RADV GFX1201)
tick 5542000 alive   921054 genomes  188971 energy   199.8 births 15891847 deaths 15887431 (14043.5s) AMD Radeon AI PRO R9700 (RADV GFX1201)
tick 5543000 alive   919801 genomes  190050 energy   200.0 births 15844672 deaths 15845925 (14046.0s) AMD Radeon AI PRO R9700 (RADV GFX1201)
tick 5544000 alive   915251 genomes  190309 energy   200.4 births 15739670 deaths 15744220 (14048.5s) AMD Radeon AI PRO R9700 (RADV GFX1201)
tick 5545000 alive   912682 genomes  191992 energy   200.1 births 15669341 deaths 15671910 (14051.1s) AMD Radeon AI PRO R9700 (RADV GFX1201)
tick 5546000 alive   910626 genomes  191490 energy   199.7 births 15667837 deaths 15669893 (14053.6s) AMD Radeon AI PRO R9700 (RADV GFX1201)
tick 5547000 alive   912974 genomes  191754 energy   200.3 births 15745210 deaths 15742862 (14056.2s) AMD Radeon AI PRO R9700 (RADV GFX1201)
tick 5548000 alive   914157 genomes  191582 energy   199.5 births 15702273 deaths 15701090 (14058.7s) AMD Radeon AI PRO R9700 (RADV GFX1201)
tick 5549000 alive   922497 genomes  191468 energy   200.2 births 15851671 deaths 15843331 (14061.2s) AMD Radeon AI PRO R9700 (RADV GFX1201)
tick 5550000 alive   916798 genomes  192287 energy   200.4 births 15850642 deaths 15856341 (14063.7s) AMD Radeon AI PRO R9700 (RADV GFX1201)
tick 5551000 alive   914317 genomes  194469 energy   199.7 births 15714342 deaths 15716823 (14066.2s) AMD Radeon AI PRO R9700 (RADV GFX1201)
tick 5552000 alive   911917 genomes  194813 energy   200.2 births 15763585 deaths 15765985 (14068.7s) AMD Radeon AI PRO R9700 (RADV GFX1201)
tick 5553000 alive   912537 genomes  196353 energy   200.1 births 15657423 deaths 15656803 (14071.3s) AMD Radeon AI PRO R9700 (RADV GFX1201)
tick 5554000 alive   910498 genomes  196088 energy   199.8 births 15640633 deaths 15642672 (14073.8s) AMD Radeon AI PRO R9700 (RADV GFX1201)
tick 5555000 alive   910571 genomes  196316 energy   199.6 births 15771265 deaths 15771192 (14076.3s) AMD Radeon AI PRO R9700 (RADV GFX1201)
tick 5556000 alive   911510 genomes  195457 energy   199.8 births 15694264 deaths 15693325 (14078.9s) AMD Radeon AI PRO R9700 (RADV GFX1201)
tick 5557000 alive   917080 genomes  193271 energy   199.4 births 15910011 deaths 15904441 (14081.4s) AMD Radeon AI PRO R9700 (RADV GFX1201)
tick 5558000 alive   913057 genomes  193170 energy   200.2 births 15740468 deaths 15744491 (14083.9s) AMD Radeon AI PRO R9700 (RADV GFX1201)
tick 5559000 alive   912249 genomes  193372 energy   200.1 births 15662024 deaths 15662832 (14086.4s) AMD Radeon AI PRO R9700 (RADV GFX1201)
tick 5560000 alive   913666 genomes  194957 energy   200.2 births 15633574 deaths 15632157 (14089.2s) AMD Radeon AI PRO R9700 (RADV GFX1201)
tick 5561000 alive   916160 genomes  195491 energy   200.4 births 15686558 deaths 15684064 (14091.7s) AMD Radeon AI PRO R9700 (RADV GFX1201)
tick 5562000 alive   912904 genomes  195279 energy   200.4 births 15627220 deaths 15630476 (14094.2s) AMD Radeon AI PRO R9700 (RADV GFX1201)
tick 5563000 alive   908157 genomes  196870 energy   200.3 births 15503627 deaths 15508374 (14096.7s) AMD Radeon AI PRO R9700 (RADV GFX1201)
tick 5564000 alive   906914 genomes  196714 energy   200.8 births 15430686 deaths 15431929 (14099.3s) AMD Radeon AI PRO R9700 (RADV GFX1201)
tick 5565000 alive   909499 genomes  197867 energy   200.3 births 15459748 deaths 15457163 (14101.7s) AMD Radeon AI PRO R9700 (RADV GFX1201)
tick 5566000 alive   914663 genomes  197251 energy   200.3 births 15621438 deaths 15616274 (14104.3s) AMD Radeon AI PRO R9700 (RADV GFX1201)
tick 5567000 alive   910111 genomes  198476 energy   200.5 births 15587279 deaths 15591831 (14106.9s) AMD Radeon AI PRO R9700 (RADV GFX1201)
tick 5568000 alive   906105 genomes  200865 energy   200.3 births 15379607 deaths 15383613 (14109.4s) AMD Radeon AI PRO R9700 (RADV GFX1201)
tick 5569000 alive   903256 genomes  202193 energy   200.6 births 15314453 deaths 15317302 (14112.3s) AMD Radeon AI PRO R9700 (RADV GFX1201)
tick 5570000 alive   902628 genomes  201116 energy   200.7 births 15246518 deaths 15247146 (14115.0s) AMD Radeon AI PRO R9700 (RADV GFX1201)
tick 5571000 alive   905220 genomes  201946 energy   200.6 births 15327556 deaths 15324964 (14117.5s) AMD Radeon AI PRO R9700 (RADV GFX1201)
tick 5572000 alive   906568 genomes  202483 energy   200.1 births 15433983 deaths 15432635 (14120.0s) AMD Radeon AI PRO R9700 (RADV GFX1201)
tick 5573000 alive   907789 genomes  201514 energy   200.0 births 15489985 deaths 15488764 (14122.6s) AMD Radeon AI PRO R9700 (RADV GFX1201)
tick 5574000 alive   910385 genomes  199666 energy   199.8 births 15558416 deaths 15555820 (14125.1s) AMD Radeon AI PRO R9700 (RADV GFX1201)
tick 5575000 alive   911186 genomes  198784 energy   200.6 births 15493747 deaths 15492946 (14127.6s) AMD Radeon AI PRO R9700 (RADV GFX1201)
tick 5576000 alive   911752 genomes  196747 energy   200.4 births 15556073 deaths 15555507 (14130.2s) AMD Radeon AI PRO R9700 (RADV GFX1201)
tick 5577000 alive   914935 genomes  196500 energy   200.1 births 15701435 deaths 15698252 (14132.7s) AMD Radeon AI PRO R9700 (RADV GFX1201)
tick 5578000 alive   911960 genomes  198207 energy   200.0 births 15625532 deaths 15628507 (14135.2s) AMD Radeon AI PRO R9700 (RADV GFX1201)
tick 5579000 alive   910228 genomes  198689 energy   200.4 births 15598196 deaths 15599928 (14137.8s) AMD Radeon AI PRO R9700 (RADV GFX1201)
tick 5580000 alive   906141 genomes  198849 energy   200.0 births 15458634 deaths 15462721 (14140.3s) AMD Radeon AI PRO R9700 (RADV GFX1201)
tick 5581000 alive   904794 genomes  199671 energy   200.0 births 15527449 deaths 15528796 (14142.9s) AMD Radeon AI PRO R9700 (RADV GFX1201)
tick 5582000 alive   907389 genomes  198840 energy   200.4 births 15496590 deaths 15493995 (14145.4s) AMD Radeon AI PRO R9700 (RADV GFX1201)
tick 5583000 alive   908853 genomes  198050 energy   200.6 births 15463317 deaths 15461853 (14147.9s) AMD Radeon AI PRO R9700 (RADV GFX1201)
tick 5584000 alive   910268 genomes  198351 energy   200.5 births 15467518 deaths 15466103 (14150.4s) AMD Radeon AI PRO R9700 (RADV GFX1201)
tick 5585000 alive   909213 genomes  197750 energy   200.5 births 15486106 deaths 15487161 (14153.0s) AMD Radeon AI PRO R9700 (RADV GFX1201)
tick 5586000 alive   909191 genomes  199627 energy   200.6 births 15482358 deaths 15482380 (14155.5s) AMD Radeon AI PRO R9700 (RADV GFX1201)
tick 5587000 alive   906111 genomes  199158 energy   200.6 births 15364772 deaths 15367852 (14158.0s) AMD Radeon AI PRO R9700 (RADV GFX1201)
tick 5588000 alive   906218 genomes  199262 energy   201.0 births 15272781 deaths 15272674 (14160.5s) AMD Radeon AI PRO R9700 (RADV GFX1201)
tick 5589000 alive   908406 genomes  201048 energy   200.8 births 15267637 deaths 15265449 (14163.1s) AMD Radeon AI PRO R9700 (RADV GFX1201)
tick 5590000 alive   910599 genomes  199984 energy   200.7 births 15323692 deaths 15321499 (14165.6s) AMD Radeon AI PRO R9700 (RADV GFX1201)
tick 5591000 alive   913461 genomes  199339 energy   201.1 births 15429211 deaths 15426349 (14168.2s) AMD Radeon AI PRO R9700 (RADV GFX1201)
tick 5592000 alive   914956 genomes  198908 energy   200.4 births 15456858 deaths 15455363 (14170.7s) AMD Radeon AI PRO R9700 (RADV GFX1201)
tick 5593000 alive   914260 genomes  198769 energy   200.3 births 15587404 deaths 15588100 (14173.3s) AMD Radeon AI PRO R9700 (RADV GFX1201)
tick 5594000 alive   910189 genomes  198995 energy   200.4 births 15495130 deaths 15499201 (14175.9s) AMD Radeon AI PRO R9700 (RADV GFX1201)
tick 5595000 alive   903082 genomes  201255 energy   200.2 births 15378610 deaths 15385717 (14178.5s) AMD Radeon AI PRO R9700 (RADV GFX1201)
tick 5596000 alive   903906 genomes  202004 energy   200.6 births 15420706 deaths 15419882 (14181.1s) AMD Radeon AI PRO R9700 (RADV GFX1201)
tick 5597000 alive   904515 genomes  202942 energy   200.3 births 15384103 deaths 15383494 (14183.7s) AMD Radeon AI PRO R9700 (RADV GFX1201)
tick 5598000 alive   906406 genomes  201005 energy   200.5 births 15394429 deaths 15392538 (14186.2s) AMD Radeon AI PRO R9700 (RADV GFX1201)
tick 5599000 alive   903717 genomes  198635 energy   200.9 births 15336646 deaths 15339335 (14188.7s) AMD Radeon AI PRO R9700 (RADV GFX1201)
tick 5600000 alive   907573 genomes  199367 energy   200.6 births 15291282 deaths 15287426 (14191.2s) AMD Radeon AI PRO R9700 (RADV GFX1201)
tick 5601000 alive   910999 genomes  200473 energy   200.4 births 15453145 deaths 15449719 (14193.7s) AMD Radeon AI PRO R9700 (RADV GFX1201)
tick 5602000 alive   903035 genomes  198662 energy   200.4 births 15371339 deaths 15379303 (14196.2s) AMD Radeon AI PRO R9700 (RADV GFX1201)
tick 5603000 alive   907627 genomes  197403 energy   200.2 births 15472857 deaths 15468265 (14198.7s) AMD Radeon AI PRO R9700 (RADV GFX1201)
tick 5604000 alive   909831 genomes  197669 energy   200.4 births 15508018 deaths 15505814 (14201.2s) AMD Radeon AI PRO R9700 (RADV GFX1201)
tick 5605000 alive   905102 genomes  199852 energy   200.8 births 15433780 deaths 15438509 (14203.7s) AMD Radeon AI PRO R9700 (RADV GFX1201)
tick 5606000 alive   900341 genomes  202924 energy   200.3 births 15264864 deaths 15269625 (14206.2s) AMD Radeon AI PRO R9700 (RADV GFX1201)
tick 5607000 alive   900662 genomes  201528 energy   199.8 births 15374781 deaths 15374460 (14208.7s) AMD Radeon AI PRO R9700 (RADV GFX1201)
tick 5608000 alive   905713 genomes  200169 energy   200.2 births 15425100 deaths 15420049 (14211.2s) AMD Radeon AI PRO R9700 (RADV GFX1201)
tick 5609000 alive   906537 genomes  199130 energy   200.0 births 15475302 deaths 15474478 (14213.7s) AMD Radeon AI PRO R9700 (RADV GFX1201)
tick 5610000 alive   905553 genomes  200005 energy   199.8 births 15453922 deaths 15454906 (14216.2s) AMD Radeon AI PRO R9700 (RADV GFX1201)
tick 5611000 alive   905186 genomes  197469 energy   200.0 births 15452694 deaths 15453061 (14218.8s) AMD Radeon AI PRO R9700 (RADV GFX1201)
tick 5612000 alive   910165 genomes  194450 energy   200.0 births 15561176 deaths 15556197 (14221.4s) AMD Radeon AI PRO R9700 (RADV GFX1201)
tick 5613000 alive   913527 genomes  195291 energy   200.2 births 15588642 deaths 15585280 (14223.8s) AMD Radeon AI PRO R9700 (RADV GFX1201)
tick 5614000 alive   914331 genomes  195730 energy   200.8 births 15575096 deaths 15574292 (14226.3s) AMD Radeon AI PRO R9700 (RADV GFX1201)
tick 5615000 alive   911505 genomes  194921 energy   200.5 births 15444324 deaths 15447150 (14228.8s) AMD Radeon AI PRO R9700 (RADV GFX1201)
tick 5616000 alive   912829 genomes  195875 energy   200.5 births 15499512 deaths 15498188 (14231.4s) AMD Radeon AI PRO R9700 (RADV GFX1201)
tick 5617000 alive   911244 genomes  196745 energy   200.6 births 15492415 deaths 15494000 (14233.9s) AMD Radeon AI PRO R9700 (RADV GFX1201)
tick 5618000 alive   911708 genomes  198117 energy   200.1 births 15478845 deaths 15478381 (14236.5s) AMD Radeon AI PRO R9700 (RADV GFX1201)
tick 5619000 alive   911954 genomes  196068 energy   200.4 births 15509583 deaths 15509337 (14239.0s) AMD Radeon AI PRO R9700 (RADV GFX1201)
tick 5620000 alive   904716 genomes  197264 energy   200.9 births 15366574 deaths 15373812 (14241.5s) AMD Radeon AI PRO R9700 (RADV GFX1201)
tick 5621000 alive   907630 genomes  198804 energy   200.4 births 15390719 deaths 15387805 (14244.0s) AMD Radeon AI PRO R9700 (RADV GFX1201)
tick 5622000 alive   906896 genomes  195962 energy   200.1 births 15470835 deaths 15471569 (14246.5s) AMD Radeon AI PRO R9700 (RADV GFX1201)
tick 5623000 alive   911578 genomes  196185 energy   200.4 births 15539637 deaths 15534955 (14249.1s) AMD Radeon AI PRO R9700 (RADV GFX1201)
tick 5624000 alive   913735 genomes  196967 energy   200.7 births 15510227 deaths 15508070 (14251.8s) AMD Radeon AI PRO R9700 (RADV GFX1201)
tick 5625000 alive   912102 genomes  197175 energy   200.6 births 15511348 deaths 15512981 (14254.4s) AMD Radeon AI PRO R9700 (RADV GFX1201)
tick 5626000 alive   910852 genomes  197492 energy   200.2 births 15447775 deaths 15449025 (14257.0s) AMD Radeon AI PRO R9700 (RADV GFX1201)
tick 5627000 alive   913153 genomes  197413 energy   200.7 births 15528619 deaths 15526318 (14259.5s) AMD Radeon AI PRO R9700 (RADV GFX1201)
tick 5628000 alive   913715 genomes  195800 energy   200.3 births 15562281 deaths 15561719 (14262.0s) AMD Radeon AI PRO R9700 (RADV GFX1201)
tick 5629000 alive   917418 genomes  196247 energy   200.9 births 15620830 deaths 15617127 (14264.5s) AMD Radeon AI PRO R9700 (RADV GFX1201)
tick 5630000 alive   912219 genomes  198077 energy   201.2 births 15409449 deaths 15414648 (14266.9s) AMD Radeon AI PRO R9700 (RADV GFX1201)
tick 5631000 alive   906219 genomes  197532 energy   201.3 births 15274957 deaths 15280957 (14269.7s) AMD Radeon AI PRO R9700 (RADV GFX1201)
tick 5632000 alive   910911 genomes  197694 energy   200.7 births 15285284 deaths 15280592 (14272.3s) AMD Radeon AI PRO R9700 (RADV GFX1201)
tick 5633000 alive   911201 genomes  196609 energy   200.9 births 15420227 deaths 15419937 (14274.7s) AMD Radeon AI PRO R9700 (RADV GFX1201)
tick 5634000 alive   909279 genomes  198496 energy   200.7 births 15456475 deaths 15458397 (14277.2s) AMD Radeon AI PRO R9700 (RADV GFX1201)
tick 5635000 alive   905731 genomes  198238 energy   201.0 births 15336683 deaths 15340231 (14279.7s) AMD Radeon AI PRO R9700 (RADV GFX1201)
tick 5636000 alive   903775 genomes  198827 energy   200.7 births 15223555 deaths 15225511 (14282.2s) AMD Radeon AI PRO R9700 (RADV GFX1201)
tick 5637000 alive   906061 genomes  198068 energy   200.9 births 15322709 deaths 15320423 (14284.8s) AMD Radeon AI PRO R9700 (RADV GFX1201)
tick 5638000 alive   907155 genomes  197869 energy   200.8 births 15332454 deaths 15331360 (14287.3s) AMD Radeon AI PRO R9700 (RADV GFX1201)
tick 5639000 alive   904702 genomes  199451 energy   200.5 births 15286700 deaths 15289153 (14289.9s) AMD Radeon AI PRO R9700 (RADV GFX1201)
tick 5640000 alive   903709 genomes  200177 energy   200.5 births 15240015 deaths 15241008 (14292.5s) AMD Radeon AI PRO R9700 (RADV GFX1201)
tick 5641000 alive   907110 genomes  201205 energy   200.7 births 15315401 deaths 15312000 (14294.9s) AMD Radeon AI PRO R9700 (RADV GFX1201)
tick 5642000 alive   908809 genomes  200399 energy   200.3 births 15374895 deaths 15373196 (14297.7s) AMD Radeon AI PRO R9700 (RADV GFX1201)
tick 5643000 alive   906383 genomes  201014 energy   201.1 births 15344325 deaths 15346751 (14300.3s) AMD Radeon AI PRO R9700 (RADV GFX1201)
tick 5644000 alive   903058 genomes  199839 energy   200.7 births 15240297 deaths 15243622 (14302.8s) AMD Radeon AI PRO R9700 (RADV GFX1201)
tick 5645000 alive   903661 genomes  199445 energy   201.2 births 15195188 deaths 15194585 (14305.3s) AMD Radeon AI PRO R9700 (RADV GFX1201)
tick 5646000 alive   905017 genomes  200796 energy   200.9 births 15218918 deaths 15217562 (14307.8s) AMD Radeon AI PRO R9700 (RADV GFX1201)
tick 5647000 alive   904372 genomes  200925 energy   200.3 births 15211980 deaths 15212625 (14310.3s) AMD Radeon AI PRO R9700 (RADV GFX1201)
tick 5648000 alive   908221 genomes  199756 energy   200.5 births 15437750 deaths 15433901 (14312.8s) AMD Radeon AI PRO R9700 (RADV GFX1201)
tick 5649000 alive   907792 genomes  198442 energy   201.1 births 15397643 deaths 15398072 (14315.3s) AMD Radeon AI PRO R9700 (RADV GFX1201)
tick 5650000 alive   906307 genomes  196757 energy   200.6 births 15319437 deaths 15320922 (14317.8s) AMD Radeon AI PRO R9700 (RADV GFX1201)
tick 5651000 alive   908503 genomes  197491 energy   200.6 births 15354260 deaths 15352064 (14320.4s) AMD Radeon AI PRO R9700 (RADV GFX1201)
tick 5652000 alive   905079 genomes  198312 energy   200.9 births 15326708 deaths 15330132 (14323.0s) AMD Radeon AI PRO R9700 (RADV GFX1201)
tick 5653000 alive   907856 genomes  197296 energy   200.6 births 15394961 deaths 15392184 (14325.7s) AMD Radeon AI PRO R9700 (RADV GFX1201)
tick 5654000 alive   906494 genomes  195417 energy   200.6 births 15427514 deaths 15428876 (14328.1s) AMD Radeon AI PRO R9700 (RADV GFX1201)
tick 5655000 alive   907395 genomes  195175 energy   200.8 births 15371615 deaths 15370714 (14330.7s) AMD Radeon AI PRO R9700 (RADV GFX1201)
tick 5656000 alive   904009 genomes  195583 energy   200.7 births 15280455 deaths 15283841 (14333.2s) AMD Radeon AI PRO R9700 (RADV GFX1201)
tick 5657000 alive   906733 genomes  195002 energy   200.5 births 15350904 deaths 15348180 (14335.7s) AMD Radeon AI PRO R9700 (RADV GFX1201)
tick 5658000 alive   906425 genomes  194420 energy   201.0 births 15287722 deaths 15288030 (14338.3s) AMD Radeon AI PRO R9700 (RADV GFX1201)
tick 5659000 alive   906483 genomes  195955 energy   201.2 births 15301867 deaths 15301809 (14340.9s) AMD Radeon AI PRO R9700 (RADV GFX1201)
tick 5660000 alive   905081 genomes  197217 energy   201.1 births 15172498 deaths 15173900 (14343.5s) AMD Radeon AI PRO R9700 (RADV GFX1201)
tick 5661000 alive   902834 genomes  198758 energy   201.7 births 15155557 deaths 15157804 (14345.9s) AMD Radeon AI PRO R9700 (RADV GFX1201)
tick 5662000 alive   899207 genomes  199896 energy   201.4 births 14974238 deaths 14977865 (14348.5s) AMD Radeon AI PRO R9700 (RADV GFX1201)
tick 5663000 alive   902315 genomes  201119 energy   201.0 births 15081857 deaths 15078749 (14351.0s) AMD Radeon AI PRO R9700 (RADV GFX1201)
tick 5664000 alive   902248 genomes  202552 energy   200.7 births 15132366 deaths 15132433 (14353.5s) AMD Radeon AI PRO R9700 (RADV GFX1201)
tick 5665000 alive   903784 genomes  200114 energy   201.1 births 15180562 deaths 15179026 (14356.1s) AMD Radeon AI PRO R9700 (RADV GFX1201)
tick 5666000 alive   905940 genomes  200541 energy   201.0 births 15304455 deaths 15302299 (14358.6s) AMD Radeon AI PRO R9700 (RADV GFX1201)
tick 5667000 alive   904267 genomes  199833 energy   200.8 births 15217245 deaths 15218918 (14361.2s) AMD Radeon AI PRO R9700 (RADV GFX1201)
tick 5668000 alive   907860 genomes  199638 energy   200.7 births 15244720 deaths 15241127 (14363.7s) AMD Radeon AI PRO R9700 (RADV GFX1201)
tick 5669000 alive   904399 genomes  197698 energy   201.3 births 15227247 deaths 15230708 (14366.2s) AMD Radeon AI PRO R9700 (RADV GFX1201)
tick 5670000 alive   904894 genomes  197696 energy   200.9 births 15154186 deaths 15153691 (14368.8s) AMD Radeon AI PRO R9700 (RADV GFX1201)
tick 5671000 alive   905841 genomes  200519 energy   200.6 births 15150411 deaths 15149464 (14371.3s) AMD Radeon AI PRO R9700 (RADV GFX1201)
tick 5672000 alive   906371 genomes  199648 energy   200.9 births 15218146 deaths 15217616 (14373.9s) AMD Radeon AI PRO R9700 (RADV GFX1201)
tick 5673000 alive   907286 genomes  199786 energy   201.2 births 15296340 deaths 15295425 (14376.5s) AMD Radeon AI PRO R9700 (RADV GFX1201)
tick 5674000 alive   903481 genomes  199372 energy   200.9 births 15206109 deaths 15209914 (14379.0s) AMD Radeon AI PRO R9700 (RADV GFX1201)
tick 5675000 alive   901632 genomes  196733 energy   201.0 births 15164625 deaths 15166474 (14381.5s) AMD Radeon AI PRO R9700 (RADV GFX1201)
tick 5676000 alive   902625 genomes  199429 energy   201.0 births 15126510 deaths 15125517 (14384.1s) AMD Radeon AI PRO R9700 (RADV GFX1201)
tick 5677000 alive   901413 genomes  199359 energy   200.8 births 15169845 deaths 15171057 (14386.6s) AMD Radeon AI PRO R9700 (RADV GFX1201)
tick 5678000 alive   904251 genomes  199399 energy   200.3 births 15274326 deaths 15271488 (14389.1s) AMD Radeon AI PRO R9700 (RADV GFX1201)
tick 5679000 alive   904046 genomes  198844 energy   200.2 births 15326010 deaths 15326215 (14391.6s) AMD Radeon AI PRO R9700 (RADV GFX1201)
tick 5680000 alive   905992 genomes  198960 energy   200.7 births 15380527 deaths 15378581 (14394.1s) AMD Radeon AI PRO R9700 (RADV GFX1201)
tick 5681000 alive   908364 genomes  199060 energy   200.5 births 15372179 deaths 15369807 (14396.7s) AMD Radeon AI PRO R9700 (RADV GFX1201)
tick 5682000 alive   906591 genomes  198172 energy   200.7 births 15355385 deaths 15357158 (14399.2s) AMD Radeon AI PRO R9700 (RADV GFX1201)
tick 5683000 alive   905550 genomes  199032 energy   200.0 births 15386524 deaths 15387565 (14401.8s) AMD Radeon AI PRO R9700 (RADV GFX1201)
tick 5684000 alive   909541 genomes  199144 energy   200.4 births 15526214 deaths 15522223 (14404.3s) AMD Radeon AI PRO R9700 (RADV GFX1201)
tick 5685000 alive   907807 genomes  198895 energy   199.8 births 15566468 deaths 15568202 (14406.8s) AMD Radeon AI PRO R9700 (RADV GFX1201)
tick 5686000 alive   903093 genomes  199707 energy   199.9 births 15480071 deaths 15484785 (14409.4s) AMD Radeon AI PRO R9700 (RADV GFX1201)
tick 5687000 alive   905781 genomes  199641 energy   200.1 births 15519725 deaths 15517037 (14411.9s) AMD Radeon AI PRO R9700 (RADV GFX1201)
tick 5688000 alive   902681 genomes  199169 energy   200.2 births 15427211 deaths 15430311 (14414.4s) AMD Radeon AI PRO R9700 (RADV GFX1201)
tick 5689000 alive   901839 genomes  199230 energy   199.4 births 15379098 deaths 15379940 (14417.0s) AMD Radeon AI PRO R9700 (RADV GFX1201)
tick 5690000 alive   905859 genomes  198905 energy   200.1 births 15498371 deaths 15494351 (14419.6s) AMD Radeon AI PRO R9700 (RADV GFX1201)
tick 5691000 alive   904068 genomes  196454 energy   200.6 births 15356242 deaths 15358033 (14422.1s) AMD Radeon AI PRO R9700 (RADV GFX1201)
tick 5692000 alive   905642 genomes  197173 energy   200.5 births 15314213 deaths 15312639 (14424.6s) AMD Radeon AI PRO R9700 (RADV GFX1201)
tick 5693000 alive   904054 genomes  199341 energy   200.6 births 15340818 deaths 15342406 (14427.1s) AMD Radeon AI PRO R9700 (RADV GFX1201)
tick 5694000 alive   902089 genomes  199480 energy   200.3 births 15251142 deaths 15253107 (14429.6s) AMD Radeon AI PRO R9700 (RADV GFX1201)
tick 5695000 alive   907188 genomes  198555 energy   200.7 births 15341555 deaths 15336456 (14432.1s) AMD Radeon AI PRO R9700 (RADV GFX1201)
tick 5696000 alive   902660 genomes  199485 energy   201.6 births 15220092 deaths 15224620 (14434.6s) AMD Radeon AI PRO R9700 (RADV GFX1201)
tick 5697000 alive   903989 genomes  200096 energy   200.6 births 15088902 deaths 15087573 (14437.0s) AMD Radeon AI PRO R9700 (RADV GFX1201)
tick 5698000 alive   908931 genomes  200192 energy   200.5 births 15372666 deaths 15367724 (14439.6s) AMD Radeon AI PRO R9700 (RADV GFX1201)
tick 5699000 alive   908027 genomes  199199 energy   200.6 births 15451413 deaths 15452317 (14442.1s) AMD Radeon AI PRO R9700 (RADV GFX1201)
tick 5700000 alive   908548 genomes  199335 energy   200.7 births 15379622 deaths 15379101 (14444.6s) AMD Radeon AI PRO R9700 (RADV GFX1201)
tick 5701000 alive   906307 genomes  198695 energy   200.5 births 15407772 deaths 15410013 (14447.1s) AMD Radeon AI PRO R9700 (RADV GFX1201)
tick 5702000 alive   908610 genomes  197028 energy   200.3 births 15489093 deaths 15486790 (14449.6s) AMD Radeon AI PRO R9700 (RADV GFX1201)
tick 5703000 alive   907072 genomes  196709 energy   201.0 births 15383570 deaths 15385108 (14452.1s) AMD Radeon AI PRO R9700 (RADV GFX1201)
tick 5704000 alive   912340 genomes  198865 energy   200.2 births 15447252 deaths 15441984 (14454.6s) AMD Radeon AI PRO R9700 (RADV GFX1201)
tick 5705000 alive   912559 genomes  197791 energy   200.2 births 15529872 deaths 15529653 (14457.0s) AMD Radeon AI PRO R9700 (RADV GFX1201)
tick 5706000 alive   909922 genomes  196276 energy   201.1 births 15559490 deaths 15562127 (14459.5s) AMD Radeon AI PRO R9700 (RADV GFX1201)
tick 5707000 alive   907615 genomes  195395 energy   200.2 births 15365402 deaths 15367709 (14462.0s) AMD Radeon AI PRO R9700 (RADV GFX1201)
tick 5708000 alive   907760 genomes  192682 energy   200.5 births 15448292 deaths 15448147 (14464.5s) AMD Radeon AI PRO R9700 (RADV GFX1201)
tick 5709000 alive   910404 genomes  194319 energy   200.1 births 15471157 deaths 15468513 (14467.0s) AMD Radeon AI PRO R9700 (RADV GFX1201)
tick 5710000 alive   908182 genomes  195887 energy   200.7 births 15482111 deaths 15484333 (14469.4s) AMD Radeon AI PRO R9700 (RADV GFX1201)
tick 5711000 alive   902137 genomes  195855 energy   201.1 births 15269396 deaths 15275441 (14471.9s) AMD Radeon AI PRO R9700 (RADV GFX1201)
tick 5712000 alive   904898 genomes  198072 energy   200.4 births 15283852 deaths 15281091 (14474.4s) AMD Radeon AI PRO R9700 (RADV GFX1201)
tick 5713000 alive   904404 genomes  199493 energy   200.4 births 15384060 deaths 15384554 (14477.0s) AMD Radeon AI PRO R9700 (RADV GFX1201)
tick 5714000 alive   907441 genomes  199697 energy   200.3 births 15443823 deaths 15440786 (14479.6s) AMD Radeon AI PRO R9700 (RADV GFX1201)
tick 5715000 alive   905141 genomes  198483 energy   200.5 births 15369422 deaths 15371722 (14482.1s) AMD Radeon AI PRO R9700 (RADV GFX1201)
tick 5716000 alive   906792 genomes  197652 energy   200.8 births 15369837 deaths 15368186 (14484.8s) AMD Radeon AI PRO R9700 (RADV GFX1201)
tick 5717000 alive   904366 genomes  195936 energy   200.6 births 15317350 deaths 15319776 (14487.3s) AMD Radeon AI PRO R9700 (RADV GFX1201)
tick 5718000 alive   907717 genomes  195350 energy   200.7 births 15328870 deaths 15325519 (14490.0s) AMD Radeon AI PRO R9700 (RADV GFX1201)
tick 5719000 alive   909316 genomes  195120 energy   200.7 births 15393883 deaths 15392284 (14492.6s) AMD Radeon AI PRO R9700 (RADV GFX1201)
tick 5720000 alive   908394 genomes  194323 energy   201.5 births 15325553 deaths 15326475 (14495.1s) AMD Radeon AI PRO R9700 (RADV GFX1201)
tick 5721000 alive   904947 genomes  195183 energy   201.3 births 15159929 deaths 15163376 (14497.6s) AMD Radeon AI PRO R9700 (RADV GFX1201)
tick 5722000 alive   906821 genomes  196577 energy   201.2 births 15172197 deaths 15170323 (14500.1s) AMD Radeon AI PRO R9700 (RADV GFX1201)
tick 5723000 alive   908882 genomes  199478 energy   201.0 births 15294120 deaths 15292059 (14502.6s) AMD Radeon AI PRO R9700 (RADV GFX1201)
tick 5724000 alive   907891 genomes  199425 energy   201.4 births 15176071 deaths 15177062 (14505.1s) AMD Radeon AI PRO R9700 (RADV GFX1201)
tick 5725000 alive   911152 genomes  198686 energy   201.6 births 15249808 deaths 15246547 (14507.6s) AMD Radeon AI PRO R9700 (RADV GFX1201)
tick 5726000 alive   906524 genomes  198927 energy   201.3 births 15151889 deaths 15156517 (14510.3s) AMD Radeon AI PRO R9700 (RADV GFX1201)
tick 5727000 alive   909554 genomes  199087 energy   200.7 births 15220049 deaths 15217019 (14512.9s) AMD Radeon AI PRO R9700 (RADV GFX1201)
tick 5728000 alive   903640 genomes  199941 energy   201.3 births 15201562 deaths 15207476 (14515.5s) AMD Radeon AI PRO R9700 (RADV GFX1201)
tick 5729000 alive   906957 genomes  198404 energy   200.5 births 15158103 deaths 15154786 (14518.0s) AMD Radeon AI PRO R9700 (RADV GFX1201)
tick 5730000 alive   911981 genomes  195170 energy   200.6 births 15389831 deaths 15384807 (14520.5s) AMD Radeon AI PRO R9700 (RADV GFX1201)
tick 5731000 alive   912598 genomes  194119 energy   200.5 births 15421155 deaths 15420538 (14523.0s) AMD Radeon AI PRO R9700 (RADV GFX1201)
tick 5732000 alive   913616 genomes  194710 energy   200.9 births 15444043 deaths 15443025 (14525.6s) AMD Radeon AI PRO R9700 (RADV GFX1201)
tick 5733000 alive   915719 genomes  195551 energy   200.7 births 15485389 deaths 15483286 (14528.1s) AMD Radeon AI PRO R9700 (RADV GFX1201)
tick 5734000 alive   913121 genomes  195233 energy   200.5 births 15538605 deaths 15541203 (14530.6s) AMD Radeon AI PRO R9700 (RADV GFX1201)
tick 5735000 alive   913169 genomes  195227 energy   200.9 births 15514220 deaths 15514172 (14533.1s) AMD Radeon AI PRO R9700 (RADV GFX1201)
tick 5736000 alive   912742 genomes  195312 energy   200.7 births 15484779 deaths 15485206 (14535.6s) AMD Radeon AI PRO R9700 (RADV GFX1201)
tick 5737000 alive   913598 genomes  194506 energy   200.9 births 15564276 deaths 15563420 (14538.1s) AMD Radeon AI PRO R9700 (RADV GFX1201)
tick 5738000 alive   908254 genomes  195938 energy   200.9 births 15357799 deaths 15363143 (14540.6s) AMD Radeon AI PRO R9700 (RADV GFX1201)
tick 5739000 alive   909022 genomes  193349 energy   200.6 births 15403037 deaths 15402269 (14543.1s) AMD Radeon AI PRO R9700 (RADV GFX1201)
tick 5740000 alive   911727 genomes  193872 energy   200.9 births 15447362 deaths 15444657 (14545.6s) AMD Radeon AI PRO R9700 (RADV GFX1201)
tick 5741000 alive   912009 genomes  192219 energy   201.1 births 15333814 deaths 15333532 (14548.1s) AMD Radeon AI PRO R9700 (RADV GFX1201)
tick 5742000 alive   911542 genomes  193429 energy   200.6 births 15333229 deaths 15333696 (14550.6s) AMD Radeon AI PRO R9700 (RADV GFX1201)
tick 5743000 alive   906919 genomes  193292 energy   201.2 births 15338008 deaths 15342631 (14553.1s) AMD Radeon AI PRO R9700 (RADV GFX1201)
tick 5744000 alive   906682 genomes  192745 energy   200.7 births 15214866 deaths 15215103 (14555.6s) AMD Radeon AI PRO R9700 (RADV GFX1201)
tick 5745000 alive   910195 genomes  193491 energy   201.0 births 15322016 deaths 15318503 (14558.1s) AMD Radeon AI PRO R9700 (RADV GFX1201)
tick 5746000 alive   914872 genomes  192447 energy   200.8 births 15526914 deaths 15522237 (14560.6s) AMD Radeon AI PRO R9700 (RADV GFX1201)
tick 5747000 alive   913417 genomes  191542 energy   200.8 births 15466353 deaths 15467808 (14563.2s) AMD Radeon AI PRO R9700 (RADV GFX1201)
tick 5748000 alive   916832 genomes  192029 energy   201.2 births 15411123 deaths 15407708 (14565.7s) AMD Radeon AI PRO R9700 (RADV GFX1201)
tick 5749000 alive   912807 genomes  192065 energy   200.9 births 15379371 deaths 15383396 (14568.3s) AMD Radeon AI PRO R9700 (RADV GFX1201)
tick 5750000 alive   914858 genomes  190835 energy   201.6 births 15277061 deaths 15275010 (14570.7s) AMD Radeon AI PRO R9700 (RADV GFX1201)
tick 5751000 alive   912323 genomes  190716 energy   201.6 births 15204069 deaths 15206604 (14573.2s) AMD Radeon AI PRO R9700 (RADV GFX1201)
tick 5752000 alive   913975 genomes  191309 energy   201.5 births 15234803 deaths 15233151 (14575.7s) AMD Radeon AI PRO R9700 (RADV GFX1201)
tick 5753000 alive   915325 genomes  191544 energy   201.8 births 15305408 deaths 15304058 (14578.3s) AMD Radeon AI PRO R9700 (RADV GFX1201)
tick 5754000 alive   911199 genomes  193417 energy   201.9 births 15161850 deaths 15165976 (14580.8s) AMD Radeon AI PRO R9700 (RADV GFX1201)
tick 5755000 alive   909933 genomes  196315 energy   201.6 births 15098348 deaths 15099614 (14583.7s) AMD Radeon AI PRO R9700 (RADV GFX1201)
tick 5756000 alive   909376 genomes  195558 energy   201.5 births 15105267 deaths 15105824 (14586.3s) AMD Radeon AI PRO R9700 (RADV GFX1201)
tick 5757000 alive   910679 genomes  195615 energy   201.1 births 15200390 deaths 15199087 (14588.8s) AMD Radeon AI PRO R9700 (RADV GFX1201)
tick 5758000 alive   911958 genomes  195821 energy   201.2 births 15201867 deaths 15200588 (14591.4s) AMD Radeon AI PRO R9700 (RADV GFX1201)
tick 5759000 alive   912393 genomes  195641 energy   201.0 births 15213067 deaths 15212632 (14594.0s) AMD Radeon AI PRO R9700 (RADV GFX1201)
tick 5760000 alive   912645 genomes  196469 energy   201.8 births 15248547 deaths 15248295 (14596.6s) AMD Radeon AI PRO R9700 (RADV GFX1201)
tick 5761000 alive   910185 genomes  196043 energy   202.0 births 15069660 deaths 15072120 (14599.4s) AMD Radeon AI PRO R9700 (RADV GFX1201)
tick 5762000 alive   910397 genomes  197341 energy   201.3 births 15053960 deaths 15053748 (14602.0s) AMD Radeon AI PRO R9700 (RADV GFX1201)
tick 5763000 alive   911137 genomes  196569 energy   201.5 births 15060992 deaths 15060252 (14604.6s) AMD Radeon AI PRO R9700 (RADV GFX1201)
tick 5764000 alive   907465 genomes  197313 energy   202.0 births 15016526 deaths 15020198 (14607.1s) AMD Radeon AI PRO R9700 (RADV GFX1201)
tick 5765000 alive   909513 genomes  198180 energy   202.1 births 15030680 deaths 15028632 (14609.6s) AMD Radeon AI PRO R9700 (RADV GFX1201)
tick 5766000 alive   905440 genomes  198251 energy   202.2 births 14918125 deaths 14922198 (14612.1s) AMD Radeon AI PRO R9700 (RADV GFX1201)
tick 5767000 alive   906571 genomes  199119 energy   202.1 births 14938379 deaths 14937248 (14614.6s) AMD Radeon AI PRO R9700 (RADV GFX1201)
tick 5768000 alive   904032 genomes  198757 energy   201.9 births 14946639 deaths 14949178 (14617.1s) AMD Radeon AI PRO R9700 (RADV GFX1201)
tick 5769000 alive   910865 genomes  199116 energy   201.7 births 15032509 deaths 15025676 (14619.6s) AMD Radeon AI PRO R9700 (RADV GFX1201)
tick 5770000 alive   906128 genomes  200657 energy   201.9 births 15010121 deaths 15014858 (14622.1s) AMD Radeon AI PRO R9700 (RADV GFX1201)
tick 5771000 alive   900521 genomes  200187 energy   202.2 births 14863471 deaths 14869078 (14624.6s) AMD Radeon AI PRO R9700 (RADV GFX1201)
tick 5772000 alive   903860 genomes  199810 energy   202.3 births 14755604 deaths 14752265 (14627.1s) AMD Radeon AI PRO R9700 (RADV GFX1201)
tick 5773000 alive   899946 genomes  200120 energy   202.1 births 14730383 deaths 14734297 (14629.6s) AMD Radeon AI PRO R9700 (RADV GFX1201)
tick 5774000 alive   903298 genomes  201619 energy   202.0 births 14828790 deaths 14825438 (14632.1s) AMD Radeon AI PRO R9700 (RADV GFX1201)
tick 5775000 alive   902849 genomes  203317 energy   201.8 births 14854361 deaths 14854810 (14634.6s) AMD Radeon AI PRO R9700 (RADV GFX1201)
tick 5776000 alive   901328 genomes  203531 energy   201.9 births 14781750 deaths 14783271 (14637.1s) AMD Radeon AI PRO R9700 (RADV GFX1201)
tick 5777000 alive   900233 genomes  203261 energy   202.1 births 14728230 deaths 14729325 (14639.6s) AMD Radeon AI PRO R9700 (RADV GFX1201)
tick 5778000 alive   901704 genomes  202827 energy   202.6 births 14700208 deaths 14698737 (14642.1s) AMD Radeon AI PRO R9700 (RADV GFX1201)
tick 5779000 alive   902542 genomes  204835 energy   202.3 births 14669757 deaths 14668919 (14644.6s) AMD Radeon AI PRO R9700 (RADV GFX1201)
tick 5780000 alive   901643 genomes  204374 energy   202.7 births 14735827 deaths 14736726 (14647.1s) AMD Radeon AI PRO R9700 (RADV GFX1201)
tick 5781000 alive   901078 genomes  204628 energy   202.0 births 14672230 deaths 14672795 (14649.6s) AMD Radeon AI PRO R9700 (RADV GFX1201)
tick 5782000 alive   904248 genomes  205726 energy   202.0 births 14807301 deaths 14804131 (14652.1s) AMD Radeon AI PRO R9700 (RADV GFX1201)
tick 5783000 alive   901745 genomes  204734 energy   201.7 births 14818815 deaths 14821318 (14654.6s) AMD Radeon AI PRO R9700 (RADV GFX1201)
tick 5784000 alive   905103 genomes  203300 energy   202.0 births 14817156 deaths 14813798 (14657.1s) AMD Radeon AI PRO R9700 (RADV GFX1201)
tick 5785000 alive   904732 genomes  202333 energy   202.3 births 14872912 deaths 14873283 (14659.6s) AMD Radeon AI PRO R9700 (RADV GFX1201)
tick 5786000 alive   901945 genomes  202090 energy   202.5 births 14737222 deaths 14740009 (14662.1s) AMD Radeon AI PRO R9700 (RADV GFX1201)
tick 5787000 alive   902792 genomes  202846 energy   201.7 births 14792779 deaths 14791932 (14664.6s) AMD Radeon AI PRO R9700 (RADV GFX1201)
tick 5788000 alive   901368 genomes  202427 energy   202.0 births 14740096 deaths 14741520 (14667.1s) AMD Radeon AI PRO R9700 (RADV GFX1201)
tick 5789000 alive   904263 genomes  201116 energy   201.9 births 14800700 deaths 14797805 (14669.6s) AMD Radeon AI PRO R9700 (RADV GFX1201)
tick 5790000 alive   903698 genomes  201977 energy   202.4 births 14761417 deaths 14761982 (14672.1s) AMD Radeon AI PRO R9700 (RADV GFX1201)
tick 5791000 alive   906245 genomes  202540 energy   202.1 births 14799288 deaths 14796741 (14674.6s) AMD Radeon AI PRO R9700 (RADV GFX1201)
tick 5792000 alive   905196 genomes  202832 energy   202.3 births 14777954 deaths 14779003 (14677.1s) AMD Radeon AI PRO R9700 (RADV GFX1201)
tick 5793000 alive   903887 genomes  202991 energy   202.5 births 14744775 deaths 14746084 (14679.6s) AMD Radeon AI PRO R9700 (RADV GFX1201)
tick 5794000 alive   900789 genomes  204181 energy   202.6 births 14661405 deaths 14664503 (14682.1s) AMD Radeon AI PRO R9700 (RADV GFX1201)
tick 5795000 alive   902778 genomes  204296 energy   202.3 births 14688413 deaths 14686424 (14684.6s) AMD Radeon AI PRO R9700 (RADV GFX1201)
tick 5796000 alive   902085 genomes  202268 energy   202.7 births 14617696 deaths 14618389 (14687.1s) AMD Radeon AI PRO R9700 (RADV GFX1201)
tick 5797000 alive   903863 genomes  202589 energy   202.9 births 14638824 deaths 14637046 (14689.6s) AMD Radeon AI PRO R9700 (RADV GFX1201)
tick 5798000 alive   904353 genomes  201124 energy   202.4 births 14658307 deaths 14657817 (14692.1s) AMD Radeon AI PRO R9700 (RADV GFX1201)
tick 5799000 alive   905010 genomes  199762 energy   202.6 births 14735328 deaths 14734671 (14694.5s) AMD Radeon AI PRO R9700 (RADV GFX1201)
tick 5800000 alive   905745 genomes  201172 energy   202.7 births 14652086 deaths 14651351 (14697.1s) AMD Radeon AI PRO R9700 (RADV GFX1201)
tick 5801000 alive   902224 genomes  201190 energy   202.7 births 14718646 deaths 14722167 (14699.6s) AMD Radeon AI PRO R9700 (RADV GFX1201)
tick 5802000 alive   903379 genomes  200458 energy   202.6 births 14668834 deaths 14667679 (14702.1s) AMD Radeon AI PRO R9700 (RADV GFX1201)
tick 5803000 alive   905392 genomes  199327 energy   202.5 births 14795036 deaths 14793023 (14704.7s) AMD Radeon AI PRO R9700 (RADV GFX1201)
tick 5804000 alive   906447 genomes  201275 energy   202.5 births 14829728 deaths 14828673 (14707.2s) AMD Radeon AI PRO R9700 (RADV GFX1201)
tick 5805000 alive   907045 genomes  201589 energy   202.1 births 14868809 deaths 14868211 (14709.7s) AMD Radeon AI PRO R9700 (RADV GFX1201)
tick 5806000 alive   906100 genomes  201947 energy   202.2 births 14849969 deaths 14850914 (14712.2s) AMD Radeon AI PRO R9700 (RADV GFX1201)
tick 5807000 alive   903600 genomes  200794 energy   202.5 births 14763970 deaths 14766470 (14715.0s) AMD Radeon AI PRO R9700 (RADV GFX1201)
tick 5808000 alive   903521 genomes  202592 energy   202.3 births 14726572 deaths 14726651 (14717.5s) AMD Radeon AI PRO R9700 (RADV GFX1201)
tick 5809000 alive   904863 genomes  205580 energy   201.9 births 14810617 deaths 14809275 (14720.0s) AMD Radeon AI PRO R9700 (RADV GFX1201)
tick 5810000 alive   905403 genomes  204333 energy   201.9 births 14841566 deaths 14841026 (14722.5s) AMD Radeon AI PRO R9700 (RADV GFX1201)
tick 5811000 alive   902758 genomes  202956 energy   202.4 births 14759049 deaths 14761694 (14725.1s) AMD Radeon AI PRO R9700 (RADV GFX1201)
tick 5812000 alive   902752 genomes  204937 energy   202.9 births 14676048 deaths 14676054 (14727.5s) AMD Radeon AI PRO R9700 (RADV GFX1201)
tick 5813000 alive   900626 genomes  204798 energy   202.6 births 14658710 deaths 14660836 (14730.0s) AMD Radeon AI PRO R9700 (RADV GFX1201)
tick 5814000 alive   897116 genomes  206121 energy   202.6 births 14616859 deaths 14620369 (14732.5s) AMD Radeon AI PRO R9700 (RADV GFX1201)
tick 5815000 alive   894353 genomes  206714 energy   203.0 births 14491043 deaths 14493806 (14735.0s) AMD Radeon AI PRO R9700 (RADV GFX1201)
tick 5816000 alive   897994 genomes  205872 energy   202.2 births 14579930 deaths 14576289 (14737.5s) AMD Radeon AI PRO R9700 (RADV GFX1201)
tick 5817000 alive   899689 genomes  205379 energy   202.2 births 14646884 deaths 14645189 (14740.0s) AMD Radeon AI PRO R9700 (RADV GFX1201)
tick 5818000 alive   898248 genomes  207992 energy   202.7 births 14637596 deaths 14639037 (14742.6s) AMD Radeon AI PRO R9700 (RADV GFX1201)
tick 5819000 alive   893563 genomes  209479 energy   202.5 births 14534712 deaths 14539397 (14745.1s) AMD Radeon AI PRO R9700 (RADV GFX1201)
tick 5820000 alive   899437 genomes  209534 energy   202.0 births 14705897 deaths 14700023 (14747.7s) AMD Radeon AI PRO R9700 (RADV GFX1201)
tick 5821000 alive   897651 genomes  208738 energy   202.3 births 14700707 deaths 14702493 (14750.2s) AMD Radeon AI PRO R9700 (RADV GFX1201)
tick 5822000 alive   897779 genomes  207849 energy   201.9 births 14664228 deaths 14664100 (14752.7s) AMD Radeon AI PRO R9700 (RADV GFX1201)
tick 5823000 alive   901699 genomes  205745 energy   201.9 births 14802875 deaths 14798955 (14755.2s) AMD Radeon AI PRO R9700 (RADV GFX1201)
tick 5824000 alive   906013 genomes  203184 energy   201.9 births 14942278 deaths 14937964 (14757.8s) AMD Radeon AI PRO R9700 (RADV GFX1201)
tick 5825000 alive   903959 genomes  202278 energy   202.2 births 14866870 deaths 14868924 (14760.3s) AMD Radeon AI PRO R9700 (RADV GFX1201)
tick 5826000 alive   903758 genomes  202142 energy   202.1 births 14878953 deaths 14879154 (14762.8s) AMD Radeon AI PRO R9700 (RADV GFX1201)
tick 5827000 alive   904452 genomes  201577 energy   201.5 births 14907621 deaths 14906927 (14765.3s) AMD Radeon AI PRO R9700 (RADV GFX1201)
tick 5828000 alive   907745 genomes  200513 energy   201.7 births 14963520 deaths 14960227 (14767.8s) AMD Radeon AI PRO R9700 (RADV GFX1201)
tick 5829000 alive   906484 genomes  199815 energy   201.7 births 15060503 deaths 15061764 (14770.3s) AMD Radeon AI PRO R9700 (RADV GFX1201)
tick 5830000 alive   910369 genomes  199273 energy   201.4 births 15057557 deaths 15053672 (14772.8s) AMD Radeon AI PRO R9700 (RADV GFX1201)
tick 5831000 alive   905756 genomes  198773 energy   202.0 births 15038657 deaths 15043270 (14775.3s) AMD Radeon AI PRO R9700 (RADV GFX1201)
tick 5832000 alive   904877 genomes  198951 energy   201.9 births 14968646 deaths 14969525 (14777.8s) AMD Radeon AI PRO R9700 (RADV GFX1201)
tick 5833000 alive   902068 genomes  198838 energy   202.3 births 14856100 deaths 14858909 (14780.3s) AMD Radeon AI PRO R9700 (RADV GFX1201)
tick 5834000 alive   905897 genomes  201451 energy   201.6 births 14928089 deaths 14924260 (14782.8s) AMD Radeon AI PRO R9700 (RADV GFX1201)
tick 5835000 alive   906294 genomes  200055 energy   201.6 births 15011117 deaths 15010720 (14785.2s) AMD Radeon AI PRO R9700 (RADV GFX1201)
tick 5836000 alive   906571 genomes  199018 energy   202.2 births 14946572 deaths 14946295 (14787.7s) AMD Radeon AI PRO R9700 (RADV GFX1201)
tick 5837000 alive   905478 genomes  199960 energy   202.3 births 14893621 deaths 14894714 (14790.3s) AMD Radeon AI PRO R9700 (RADV GFX1201)
tick 5838000 alive   904924 genomes  200764 energy   201.9 births 14930488 deaths 14931042 (14792.8s) AMD Radeon AI PRO R9700 (RADV GFX1201)
tick 5839000 alive   901257 genomes  202802 energy   202.0 births 14857338 deaths 14861005 (14795.4s) AMD Radeon AI PRO R9700 (RADV GFX1201)
tick 5840000 alive   901461 genomes  203327 energy   202.2 births 14835674 deaths 14835470 (14798.0s) AMD Radeon AI PRO R9700 (RADV GFX1201)
tick 5841000 alive   902921 genomes  203419 energy   202.0 births 14836169 deaths 14834709 (14800.5s) AMD Radeon AI PRO R9700 (RADV GFX1201)
tick 5842000 alive   902529 genomes  203013 energy   201.7 births 14909794 deaths 14910186 (14803.0s) AMD Radeon AI PRO R9700 (RADV GFX1201)
tick 5843000 alive   903506 genomes  203974 energy   201.3 births 14911817 deaths 14910840 (14805.5s) AMD Radeon AI PRO R9700 (RADV GFX1201)
tick 5844000 alive   907115 genomes  202786 energy   201.3 births 15045373 deaths 15041764 (14808.0s) AMD Radeon AI PRO R9700 (RADV GFX1201)
tick 5845000 alive   907006 genomes  202289 energy   200.9 births 15115808 deaths 15115917 (14810.5s) AMD Radeon AI PRO R9700 (RADV GFX1201)
tick 5846000 alive   905426 genomes  202448 energy   201.8 births 15136301 deaths 15137881 (14813.0s) AMD Radeon AI PRO R9700 (RADV GFX1201)
tick 5847000 alive   907399 genomes  202531 energy   201.3 births 15090037 deaths 15088064 (14815.5s) AMD Radeon AI PRO R9700 (RADV GFX1201)
tick 5848000 alive   908157 genomes  204936 energy   201.7 births 15138213 deaths 15137455 (14818.2s) AMD Radeon AI PRO R9700 (RADV GFX1201)
tick 5849000 alive   906757 genomes  203941 energy   201.4 births 15125044 deaths 15126444 (14820.9s) AMD Radeon AI PRO R9700 (RADV GFX1201)
tick 5850000 alive   904697 genomes  202696 energy   201.7 births 15065879 deaths 15067939 (14823.4s) AMD Radeon AI PRO R9700 (RADV GFX1201)
tick 5851000 alive   903393 genomes  201148 energy   201.6 births 15084363 deaths 15085667 (14825.9s) AMD Radeon AI PRO R9700 (RADV GFX1201)
tick 5852000 alive   909300 genomes  200403 energy   201.3 births 15116457 deaths 15110550 (14828.4s) AMD Radeon AI PRO R9700 (RADV GFX1201)
tick 5853000 alive   913619 genomes  198778 energy   201.4 births 15285005 deaths 15280686 (14830.9s) AMD Radeon AI PRO R9700 (RADV GFX1201)
tick 5854000 alive   914802 genomes  198940 energy   201.1 births 15333577 deaths 15332394 (14833.4s) AMD Radeon AI PRO R9700 (RADV GFX1201)
tick 5855000 alive   909204 genomes  199693 energy   201.2 births 15250052 deaths 15255650 (14835.9s) AMD Radeon AI PRO R9700 (RADV GFX1201)
tick 5856000 alive   910084 genomes  197464 energy   201.2 births 15290855 deaths 15289975 (14838.4s) AMD Radeon AI PRO R9700 (RADV GFX1201)
tick 5857000 alive   910711 genomes  195294 energy   201.0 births 15300350 deaths 15299723 (14841.0s) AMD Radeon AI PRO R9700 (RADV GFX1201)
tick 5858000 alive   912715 genomes  195234 energy   200.9 births 15338404 deaths 15336400 (14843.4s) AMD Radeon AI PRO R9700 (RADV GFX1201)
tick 5859000 alive   912235 genomes  195027 energy   201.4 births 15374789 deaths 15375269 (14845.9s) AMD Radeon AI PRO R9700 (RADV GFX1201)
tick 5860000 alive   912415 genomes  195759 energy   201.3 births 15299417 deaths 15299237 (14848.5s) AMD Radeon AI PRO R9700 (RADV GFX1201)
tick 5861000 alive   912970 genomes  194251 energy   200.8 births 15377489 deaths 15376934 (14850.9s) AMD Radeon AI PRO R9700 (RADV GFX1201)
tick 5862000 alive   916403 genomes  192261 energy   201.5 births 15380126 deaths 15376693 (14853.4s) AMD Radeon AI PRO R9700 (RADV GFX1201)
tick 5863000 alive   914719 genomes  193503 energy   201.6 births 15294356 deaths 15296040 (14855.9s) AMD Radeon AI PRO R9700 (RADV GFX1201)
tick 5864000 alive   911836 genomes  194272 energy   201.6 births 15247125 deaths 15250008 (14858.4s) AMD Radeon AI PRO R9700 (RADV GFX1201)
tick 5865000 alive   910278 genomes  194679 energy   201.4 births 15222753 deaths 15224311 (14860.9s) AMD Radeon AI PRO R9700 (RADV GFX1201)
tick 5866000 alive   910001 genomes  195579 energy   201.7 births 15184941 deaths 15185218 (14863.4s) AMD Radeon AI PRO R9700 (RADV GFX1201)
tick 5867000 alive   912796 genomes  197235 energy   200.9 births 15254527 deaths 15251732 (14865.9s) AMD Radeon AI PRO R9700 (RADV GFX1201)
tick 5868000 alive   910569 genomes  194653 energy   201.4 births 15306798 deaths 15309025 (14868.4s) AMD Radeon AI PRO R9700 (RADV GFX1201)
tick 5869000 alive   907112 genomes  195782 energy   202.0 births 15142789 deaths 15146246 (14870.9s) AMD Radeon AI PRO R9700 (RADV GFX1201)
tick 5870000 alive   905609 genomes  198664 energy   201.7 births 15044402 deaths 15045905 (14873.4s) AMD Radeon AI PRO R9700 (RADV GFX1201)
tick 5871000 alive   907502 genomes  199358 energy   201.2 births 15123809 deaths 15121916 (14876.1s) AMD Radeon AI PRO R9700 (RADV GFX1201)
tick 5872000 alive   912939 genomes  197825 energy   200.8 births 15290239 deaths 15284802 (14878.7s) AMD Radeon AI PRO R9700 (RADV GFX1201)
tick 5873000 alive   917170 genomes  194809 energy   200.8 births 15492708 deaths 15488477 (14881.3s) AMD Radeon AI PRO R9700 (RADV GFX1201)
tick 5874000 alive   914422 genomes  195199 energy   200.7 births 15460310 deaths 15463058 (14883.8s) AMD Radeon AI PRO R9700 (RADV GFX1201)
tick 5875000 alive   912922 genomes  195192 energy   201.4 births 15405485 deaths 15406985 (14886.4s) AMD Radeon AI PRO R9700 (RADV GFX1201)
tick 5876000 alive   911669 genomes  194507 energy   200.9 births 15352862 deaths 15354115 (14889.1s) AMD Radeon AI PRO R9700 (RADV GFX1201)
tick 5877000 alive   912281 genomes  195379 energy   201.1 births 15318824 deaths 15318212 (14891.6s) AMD Radeon AI PRO R9700 (RADV GFX1201)
tick 5878000 alive   910001 genomes  195813 energy   200.7 births 15376609 deaths 15378889 (14894.1s) AMD Radeon AI PRO R9700 (RADV GFX1201)
tick 5879000 alive   907731 genomes  196563 energy   200.7 births 15346587 deaths 15348857 (14896.6s) AMD Radeon AI PRO R9700 (RADV GFX1201)
tick 5880000 alive   908589 genomes  194470 energy   200.6 births 15389758 deaths 15388900 (14899.3s) AMD Radeon AI PRO R9700 (RADV GFX1201)
tick 5881000 alive   914893 genomes  192813 energy   200.6 births 15544795 deaths 15538491 (14902.2s) AMD Radeon AI PRO R9700 (RADV GFX1201)
tick 5882000 alive   915793 genomes  192258 energy   200.7 births 15502594 deaths 15501694 (14904.7s) AMD Radeon AI PRO R9700 (RADV GFX1201)
tick 5883000 alive   915903 genomes  192769 energy   201.2 births 15508335 deaths 15508225 (14907.2s) AMD Radeon AI PRO R9700 (RADV GFX1201)
tick 5884000 alive   911151 genomes  193059 energy   201.3 births 15378259 deaths 15383011 (14909.8s) AMD Radeon AI PRO R9700 (RADV GFX1201)
tick 5885000 alive   912113 genomes  194455 energy   201.1 births 15375639 deaths 15374677 (14912.4s) AMD Radeon AI PRO R9700 (RADV GFX1201)
tick 5886000 alive   911539 genomes  194097 energy   201.1 births 15426410 deaths 15426984 (14915.0s) AMD Radeon AI PRO R9700 (RADV GFX1201)
tick 5887000 alive   907598 genomes  194297 energy   200.9 births 15240015 deaths 15243956 (14917.5s) AMD Radeon AI PRO R9700 (RADV GFX1201)
tick 5888000 alive   913966 genomes  193359 energy   201.1 births 15386691 deaths 15380323 (14920.0s) AMD Radeon AI PRO R9700 (RADV GFX1201)
tick 5889000 alive   915238 genomes  193055 energy   201.2 births 15427989 deaths 15426717 (14922.5s) AMD Radeon AI PRO R9700 (RADV GFX1201)
tick 5890000 alive   912689 genomes  193869 energy   201.4 births 15312670 deaths 15315219 (14925.1s) AMD Radeon AI PRO R9700 (RADV GFX1201)
tick 5891000 alive   910821 genomes  196527 energy   200.7 births 15287517 deaths 15289385 (14927.8s) AMD Radeon AI PRO R9700 (RADV GFX1201)
tick 5892000 alive   915768 genomes  196855 energy   200.6 births 15474354 deaths 15469407 (14930.5s) AMD Radeon AI PRO R9700 (RADV GFX1201)
tick 5893000 alive   910749 genomes  197220 energy   201.0 births 15429568 deaths 15434587 (14933.1s) AMD Radeon AI PRO R9700 (RADV GFX1201)
tick 5894000 alive   909624 genomes  197454 energy   200.7 births 15309957 deaths 15311082 (14935.5s) AMD Radeon AI PRO R9700 (RADV GFX1201)
tick 5895000 alive   911632 genomes  198914 energy   201.0 births 15416845 deaths 15414837 (14938.0s) AMD Radeon AI PRO R9700 (RADV GFX1201)
tick 5896000 alive   909258 genomes  198803 energy   201.1 births 15316904 deaths 15319278 (14940.5s) AMD Radeon AI PRO R9700 (RADV GFX1201)
tick 5897000 alive   909712 genomes  198189 energy   200.8 births 15255488 deaths 15255034 (14943.0s) AMD Radeon AI PRO R9700 (RADV GFX1201)
tick 5898000 alive   914681 genomes  197674 energy   201.1 births 15491080 deaths 15486111 (14945.5s) AMD Radeon AI PRO R9700 (RADV GFX1201)
tick 5899000 alive   906321 genomes  197633 energy   201.2 births 15243647 deaths 15252007 (14948.0s) AMD Radeon AI PRO R9700 (RADV GFX1201)
tick 5900000 alive   906607 genomes  197865 energy   201.4 births 15210482 deaths 15210196 (14950.5s) AMD Radeon AI PRO R9700 (RADV GFX1201)
tick 5901000 alive   905757 genomes  200199 energy   200.7 births 15182886 deaths 15183736 (14953.0s) AMD Radeon AI PRO R9700 (RADV GFX1201)
tick 5902000 alive   909014 genomes  201138 energy   201.3 births 15239896 deaths 15236639 (14955.4s) AMD Radeon AI PRO R9700 (RADV GFX1201)
tick 5903000 alive   906989 genomes  199905 energy   201.2 births 15195885 deaths 15197910 (14957.9s) AMD Radeon AI PRO R9700 (RADV GFX1201)
tick 5904000 alive   914011 genomes  198602 energy   201.2 births 15301244 deaths 15294222 (14960.4s) AMD Radeon AI PRO R9700 (RADV GFX1201)
tick 5905000 alive   908980 genomes  198109 energy   201.6 births 15224173 deaths 15229204 (14962.9s) AMD Radeon AI PRO R9700 (RADV GFX1201)
tick 5906000 alive   910226 genomes  200177 energy   201.9 births 15195883 deaths 15194637 (14965.5s) AMD Radeon AI PRO R9700 (RADV GFX1201)
tick 5907000 alive   910112 genomes  200848 energy   201.6 births 15144515 deaths 15144629 (14968.0s) AMD Radeon AI PRO R9700 (RADV GFX1201)
tick 5908000 alive   908488 genomes  201562 energy   201.5 births 15192305 deaths 15193929 (14970.5s) AMD Radeon AI PRO R9700 (RADV GFX1201)
tick 5909000 alive   906088 genomes  201961 energy   201.2 births 15180822 deaths 15183222 (14972.9s) AMD Radeon AI PRO R9700 (RADV GFX1201)
tick 5910000 alive   909605 genomes  202306 energy   201.0 births 15189976 deaths 15186459 (14975.4s) AMD Radeon AI PRO R9700 (RADV GFX1201)
tick 5911000 alive   909904 genomes  200123 energy   201.3 births 15273724 deaths 15273425 (14977.9s) AMD Radeon AI PRO R9700 (RADV GFX1201)
tick 5912000 alive   911323 genomes  198392 energy   200.6 births 15372685 deaths 15371266 (14980.4s) AMD Radeon AI PRO R9700 (RADV GFX1201)
tick 5913000 alive   911321 genomes  196426 energy   201.3 births 15398943 deaths 15398945 (14982.9s) AMD Radeon AI PRO R9700 (RADV GFX1201)
tick 5914000 alive   911507 genomes  197680 energy   201.2 births 15387905 deaths 15387719 (14985.4s) AMD Radeon AI PRO R9700 (RADV GFX1201)
tick 5915000 alive   906782 genomes  197929 energy   201.4 births 15244234 deaths 15248959 (14987.9s) AMD Radeon AI PRO R9700 (RADV GFX1201)
tick 5916000 alive   906358 genomes  198624 energy   201.7 births 15199141 deaths 15199565 (14990.3s) AMD Radeon AI PRO R9700 (RADV GFX1201)
tick 5917000 alive   904720 genomes  199560 energy   201.4 births 15161527 deaths 15163165 (14992.9s) AMD Radeon AI PRO R9700 (RADV GFX1201)
tick 5918000 alive   907224 genomes  199515 energy   200.7 births 15222788 deaths 15220284 (14995.4s) AMD Radeon AI PRO R9700 (RADV GFX1201)
tick 5919000 alive   911774 genomes  198464 energy   201.3 births 15343587 deaths 15339037 (14997.9s) AMD Radeon AI PRO R9700 (RADV GFX1201)
tick 5920000 alive   914391 genomes  197618 energy   201.1 births 15363431 deaths 15360814 (15000.4s) AMD Radeon AI PRO R9700 (RADV GFX1201)
tick 5921000 alive   914695 genomes  197363 energy   201.2 births 15410668 deaths 15410364 (15002.9s) AMD Radeon AI PRO R9700 (RADV GFX1201)
tick 5922000 alive   910425 genomes  198056 energy   201.3 births 15298243 deaths 15302513 (15005.4s) AMD Radeon AI PRO R9700 (RADV GFX1201)
tick 5923000 alive   909326 genomes  197489 energy   201.2 births 15299761 deaths 15300860 (15007.9s) AMD Radeon AI PRO R9700 (RADV GFX1201)
tick 5924000 alive   911320 genomes  196973 energy   200.4 births 15433058 deaths 15431064 (15010.4s) AMD Radeon AI PRO R9700 (RADV GFX1201)
tick 5925000 alive   910982 genomes  194922 energy   200.8 births 15453235 deaths 15453573 (15013.0s) AMD Radeon AI PRO R9700 (RADV GFX1201)
tick 5926000 alive   911333 genomes  194833 energy   201.0 births 15431627 deaths 15431276 (15015.6s) AMD Radeon AI PRO R9700 (RADV GFX1201)
tick 5927000 alive   912040 genomes  193355 energy   201.0 births 15380017 deaths 15379310 (15018.1s) AMD Radeon AI PRO R9700 (RADV GFX1201)
tick 5928000 alive   908803 genomes  194693 energy   201.4 births 15258864 deaths 15262101 (15020.8s) AMD Radeon AI PRO R9700 (RADV GFX1201)
tick 5929000 alive   910190 genomes  195502 energy   200.2 births 15284675 deaths 15283288 (15023.2s) AMD Radeon AI PRO R9700 (RADV GFX1201)
tick 5930000 alive   912011 genomes  195653 energy   201.3 births 15414952 deaths 15413131 (15025.7s) AMD Radeon AI PRO R9700 (RADV GFX1201)
tick 5931000 alive   909825 genomes  197632 energy   201.0 births 15272412 deaths 15274598 (15028.2s) AMD Radeon AI PRO R9700 (RADV GFX1201)
tick 5932000 alive   904186 genomes  197478 energy   200.9 births 15270765 deaths 15276404 (15030.7s) AMD Radeon AI PRO R9700 (RADV GFX1201)
tick 5933000 alive   903052 genomes  198352 energy   200.6 births 15217620 deaths 15218754 (15033.2s) AMD Radeon AI PRO R9700 (RADV GFX1201)
tick 5934000 alive   908780 genomes  197538 energy   200.5 births 15326222 deaths 15320494 (15035.7s) AMD Radeon AI PRO R9700 (RADV GFX1201)
tick 5935000 alive   909421 genomes  195486 energy   200.9 births 15446450 deaths 15445809 (15038.3s) AMD Radeon AI PRO R9700 (RADV GFX1201)
tick 5936000 alive   905980 genomes  196182 energy   201.2 births 15283925 deaths 15287366 (15040.8s) AMD Radeon AI PRO R9700 (RADV GFX1201)
tick 5937000 alive   908810 genomes  196083 energy   200.8 births 15239538 deaths 15236708 (15043.3s) AMD Radeon AI PRO R9700 (RADV GFX1201)
tick 5938000 alive   907822 genomes  195755 energy   201.3 births 15310541 deaths 15311529 (15045.8s) AMD Radeon AI PRO R9700 (RADV GFX1201)
tick 5939000 alive   905551 genomes  197453 energy   201.3 births 15144949 deaths 15147220 (15048.3s) AMD Radeon AI PRO R9700 (RADV GFX1201)
tick 5940000 alive   905824 genomes  198651 energy   201.5 births 15133025 deaths 15132752 (15050.8s) AMD Radeon AI PRO R9700 (RADV GFX1201)
tick 5941000 alive   901229 genomes  198567 energy   201.5 births 15090900 deaths 15095495 (15053.3s) AMD Radeon AI PRO R9700 (RADV GFX1201)
tick 5942000 alive   903982 genomes  198747 energy   201.0 births 15078969 deaths 15076216 (15055.8s) AMD Radeon AI PRO R9700 (RADV GFX1201)
tick 5943000 alive   907043 genomes  196571 energy   200.8 births 15228930 deaths 15225869 (15058.3s) AMD Radeon AI PRO R9700 (RADV GFX1201)
tick 5944000 alive   911172 genomes  196942 energy   200.8 births 15302056 deaths 15297927 (15060.8s) AMD Radeon AI PRO R9700 (RADV GFX1201)
tick 5945000 alive   907270 genomes  195498 energy   201.3 births 15297523 deaths 15301425 (15063.3s) AMD Radeon AI PRO R9700 (RADV GFX1201)
tick 5946000 alive   906127 genomes  195893 energy   201.7 births 15135711 deaths 15136854 (15065.8s) AMD Radeon AI PRO R9700 (RADV GFX1201)
tick 5947000 alive   908743 genomes  195864 energy   201.0 births 15181045 deaths 15178429 (15068.4s) AMD Radeon AI PRO R9700 (RADV GFX1201)
tick 5948000 alive   906945 genomes  197016 energy   201.4 births 15285548 deaths 15287346 (15071.2s) AMD Radeon AI PRO R9700 (RADV GFX1201)
tick 5949000 alive   907041 genomes  199235 energy   200.6 births 15231559 deaths 15231463 (15074.0s) AMD Radeon AI PRO R9700 (RADV GFX1201)
tick 5950000 alive   901957 genomes  198443 energy   200.8 births 15250668 deaths 15255752 (15076.5s) AMD Radeon AI PRO R9700 (RADV GFX1201)
tick 5951000 alive   901132 genomes  198784 energy   200.8 births 15205005 deaths 15205830 (15079.0s) AMD Radeon AI PRO R9700 (RADV GFX1201)
tick 5952000 alive   905276 genomes  198473 energy   200.5 births 15297428 deaths 15293284 (15081.6s) AMD Radeon AI PRO R9700 (RADV GFX1201)
tick 5953000 alive   908766 genomes  198760 energy   200.6 births 15365631 deaths 15362141 (15084.1s) AMD Radeon AI PRO R9700 (RADV GFX1201)
tick 5954000 alive   902299 genomes  198501 energy   200.9 births 15313067 deaths 15319534 (15086.6s) AMD Radeon AI PRO R9700 (RADV GFX1201)
tick 5955000 alive   901543 genomes  198166 energy   200.4 births 15212366 deaths 15213122 (15089.2s) AMD Radeon AI PRO R9700 (RADV GFX1201)
tick 5956000 alive   912121 genomes  196866 energy   200.5 births 15417020 deaths 15406442 (15091.7s) AMD Radeon AI PRO R9700 (RADV GFX1201)
tick 5957000 alive   913455 genomes  196486 energy   200.1 births 15557484 deaths 15556150 (15094.2s) AMD Radeon AI PRO R9700 (RADV GFX1201)
tick 5958000 alive   910410 genomes  196224 energy   200.8 births 15542402 deaths 15545447 (15096.7s) AMD Radeon AI PRO R9700 (RADV GFX1201)
tick 5959000 alive   911288 genomes  197119 energy   200.7 births 15378536 deaths 15377658 (15099.3s) AMD Radeon AI PRO R9700 (RADV GFX1201)
tick 5960000 alive   909591 genomes  199223 energy   200.6 births 15380129 deaths 15381826 (15101.8s) AMD Radeon AI PRO R9700 (RADV GFX1201)
tick 5961000 alive   907448 genomes  198327 energy   200.3 births 15389310 deaths 15391453 (15104.3s) AMD Radeon AI PRO R9700 (RADV GFX1201)
tick 5962000 alive   914288 genomes  197152 energy   200.2 births 15561299 deaths 15554459 (15106.8s) AMD Radeon AI PRO R9700 (RADV GFX1201)
tick 5963000 alive   909293 genomes  196348 energy   200.7 births 15485281 deaths 15490276 (15109.4s) AMD Radeon AI PRO R9700 (RADV GFX1201)
tick 5964000 alive   908313 genomes  196436 energy   200.6 births 15365670 deaths 15366650 (15111.9s) AMD Radeon AI PRO R9700 (RADV GFX1201)
tick 5965000 alive   913750 genomes  195482 energy   200.3 births 15510145 deaths 15504708 (15114.4s) AMD Radeon AI PRO R9700 (RADV GFX1201)
tick 5966000 alive   912972 genomes  194326 energy   201.1 births 15541738 deaths 15542516 (15117.0s) AMD Radeon AI PRO R9700 (RADV GFX1201)
tick 5967000 alive   908196 genomes  194510 energy   201.3 births 15345789 deaths 15350565 (15119.5s) AMD Radeon AI PRO R9700 (RADV GFX1201)
tick 5968000 alive   909382 genomes  196083 energy   200.3 births 15332997 deaths 15331811 (15122.0s) AMD Radeon AI PRO R9700 (RADV GFX1201)
tick 5969000 alive   915690 genomes  193158 energy   200.0 births 15601607 deaths 15595299 (15124.5s) AMD Radeon AI PRO R9700 (RADV GFX1201)
tick 5970000 alive   915669 genomes  192124 energy   200.8 births 15671494 deaths 15671515 (15127.0s) AMD Radeon AI PRO R9700 (RADV GFX1201)
tick 5971000 alive   912748 genomes  192080 energy   201.3 births 15475445 deaths 15478366 (15129.5s) AMD Radeon AI PRO R9700 (RADV GFX1201)
tick 5972000 alive   908539 genomes  193931 energy   201.2 births 15331095 deaths 15335304 (15132.0s) AMD Radeon AI PRO R9700 (RADV GFX1201)
tick 5973000 alive   910964 genomes  193685 energy   201.1 births 15342922 deaths 15340497 (15134.5s) AMD Radeon AI PRO R9700 (RADV GFX1201)
tick 5974000 alive   909153 genomes  194817 energy   201.4 births 15362763 deaths 15364574 (15137.0s) AMD Radeon AI PRO R9700 (RADV GFX1201)
tick 5975000 alive   906156 genomes  195421 energy   200.8 births 15301503 deaths 15304500 (15139.5s) AMD Radeon AI PRO R9700 (RADV GFX1201)
tick 5976000 alive   910672 genomes  195162 energy   200.3 births 15406672 deaths 15402156 (15142.0s) AMD Radeon AI PRO R9700 (RADV GFX1201)
tick 5977000 alive   911901 genomes  194389 energy   200.9 births 15479550 deaths 15478321 (15144.5s) AMD Radeon AI PRO R9700 (RADV GFX1201)
tick 5978000 alive   909699 genomes  191994 energy   200.9 births 15464937 deaths 15467139 (15147.0s) AMD Radeon AI PRO R9700 (RADV GFX1201)
tick 5979000 alive   909280 genomes  192705 energy   200.8 births 15403175 deaths 15403594 (15149.5s) AMD Radeon AI PRO R9700 (RADV GFX1201)
tick 5980000 alive   911716 genomes  193356 energy   201.1 births 15481670 deaths 15479234 (15152.1s) AMD Radeon AI PRO R9700 (RADV GFX1201)
tick 5981000 alive   907962 genomes  193150 energy   201.0 births 15341664 deaths 15345418 (15154.6s) AMD Radeon AI PRO R9700 (RADV GFX1201)
tick 5982000 alive   908909 genomes  192058 energy   200.5 births 15327539 deaths 15326592 (15157.1s) AMD Radeon AI PRO R9700 (RADV GFX1201)
tick 5983000 alive   908652 genomes  192787 energy   200.8 births 15437586 deaths 15437843 (15159.6s) AMD Radeon AI PRO R9700 (RADV GFX1201)
tick 5984000 alive   908692 genomes  194059 energy   200.4 births 15459015 deaths 15458975 (15162.1s) AMD Radeon AI PRO R9700 (RADV GFX1201)
tick 5985000 alive   905347 genomes  193276 energy   200.6 births 15440440 deaths 15443785 (15164.6s) AMD Radeon AI PRO R9700 (RADV GFX1201)
tick 5986000 alive   909411 genomes  192634 energy   200.4 births 15409902 deaths 15405838 (15167.2s) AMD Radeon AI PRO R9700 (RADV GFX1201)
tick 5987000 alive   906574 genomes  192603 energy   201.0 births 15460974 deaths 15463811 (15169.7s) AMD Radeon AI PRO R9700 (RADV GFX1201)
tick 5988000 alive   907738 genomes  193876 energy   200.7 births 15364038 deaths 15362874 (15172.2s) AMD Radeon AI PRO R9700 (RADV GFX1201)
tick 5989000 alive   905030 genomes  194797 energy   200.7 births 15360062 deaths 15362770 (15174.8s) AMD Radeon AI PRO R9700 (RADV GFX1201)
tick 5990000 alive   908961 genomes  196142 energy   200.0 births 15463671 deaths 15459740 (15177.4s) AMD Radeon AI PRO R9700 (RADV GFX1201)
tick 5991000 alive   910299 genomes  194443 energy   199.9 births 15614942 deaths 15613604 (15179.9s) AMD Radeon AI PRO R9700 (RADV GFX1201)
tick 5992000 alive   910979 genomes  193569 energy   200.3 births 15617514 deaths 15616834 (15182.4s) AMD Radeon AI PRO R9700 (RADV GFX1201)
tick 5993000 alive   912945 genomes  195849 energy   199.9 births 15662235 deaths 15660269 (15184.9s) AMD Radeon AI PRO R9700 (RADV GFX1201)
tick 5994000 alive   910234 genomes  195911 energy   200.3 births 15638779 deaths 15641490 (15187.4s) AMD Radeon AI PRO R9700 (RADV GFX1201)
tick 5995000 alive   910861 genomes  196237 energy   199.8 births 15619357 deaths 15618730 (15190.0s) AMD Radeon AI PRO R9700 (RADV GFX1201)
tick 5996000 alive   912752 genomes  194577 energy   199.7 births 15669326 deaths 15667435 (15192.5s) AMD Radeon AI PRO R9700 (RADV GFX1201)
tick 5997000 alive   914165 genomes  194842 energy   199.8 births 15728678 deaths 15727265 (15195.0s) AMD Radeon AI PRO R9700 (RADV GFX1201)
tick 5998000 alive   911767 genomes  193082 energy   199.7 births 15746193 deaths 15748591 (15197.4s) AMD Radeon AI PRO R9700 (RADV GFX1201)
tick 5999000 alive   910223 genomes  193797 energy   200.1 births 15600629 deaths 15602173 (15199.9s) AMD Radeon AI PRO R9700 (RADV GFX1201)
tick 6000000 alive   909254 genomes  193838 energy   200.4 births 15520009 deaths 15520978 (15202.4s) AMD Radeon AI PRO R9700 (RADV GFX1201)
done 6000000 ticks in 15202.5s
