tick,alive,distinct_genomes,mean_energy,births,deaths
0,52579,52579,64.00,0,0
1000,1038697,327843,156.84,22408320,21422202
2000,1039585,291016,169.85,28090114,28089226
3000,1037573,250929,170.51,27549275,27551287
4000,1036318,220046,173.42,27354546,27355801
5000,1031941,199948,177.80,26268748,26273125
6000,1024383,187970,180.45,25078551,25086109
7000,1014720,180325,182.91,23879211,23888874
8000,1001656,175953,184.25,22900693,22913757
9000,987079,174300,185.41,22113079,22127656
10000,974356,178299,186.08,21522345,21535068
11000,959730,184220,186.34,20970603,20985229
12000,945281,188610,187.58,20306827,20321276
13000,932613,194035,188.95,19661143,19673811
14000,914574,200854,189.41,18994434,19012473
15000,902023,207216,190.03,18416874,18429425
16000,892424,213108,191.59,17920434,17930033
17000,881630,219611,192.64,17330408,17341202
18000,877672,226852,192.48,16977542,16981500
19000,868349,228585,193.50,16691884,16701207
20000,868548,231203,193.96,16443167,16442968
21000,874039,233747,193.88,16427320,16421829
22000,875646,234054,193.85,16498604,16496997
23000,871987,233998,194.51,16384014,16387673
24000,875097,234090,193.86,16385335,16382225
25000,879293,234974,194.29,16459199,16455003
26000,876354,233102,195.32,16272769,16275708
27000,872399,235700,195.16,16131515,16135470
28000,870507,236109,195.70,15943851,15945743
29000,873527,237398,194.86,15936165,15933145
30000,878021,236848,195.39,16169030,16164536
31000,876335,234399,195.97,16063106,16064792
32000,878319,232816,196.07,15978905,15976921
33000,881691,233715,195.79,16083389,16080017
34000,880766,231370,196.00,16019049,16019974
35000,882317,230663,195.45,16114296,16112745
36000,888271,230043,195.68,16258457,16252503
37000,880754,229669,196.58,16053457,16060974
38000,883146,227158,196.72,15940072,15937680
39000,883375,228193,196.39,16008287,16008058
40000,884288,229019,196.37,15987352,15986439
41000,884563,230117,196.13,15997492,15997217
42000,882319,230909,196.71,15994757,15997001
43000,883973,230413,196.36,15999904,15998250
44000,882912,229210,196.63,15940623,15941684
45000,883229,229405,196.60,15906642,15906325
46000,886129,228885,196.86,15933430,15930530
47000,884133,229929,196.57,15885054,15887050
48000,887540,230589,196.41,15979819,15976412
49000,889699,228823,196.68,16127487,16125328
50000,892975,227572,196.70,16071121,16067845
51000,888000,226068,196.84,16031356,16036331
52000,896644,225534,196.22,16157315,16148671
53000,892520,224627,197.50,16163336,16167460
54000,888765,227093,197.21,15917591,15921346
55000,889994,227026,197.11,15940330,15939101
56000,890566,228647,197.03,16045925,16045353
57000,882790,227791,198.07,15820513,15828289
58000,890396,226007,196.58,15841240,15833634
59000,897002,223002,196.72,16133447,16126841
60000,896925,222452,197.15,16232871,16232948
61000,890024,223549,197.49,15931514,15938415
62000,885431,222754,197.73,15832104,15836697
63000,890813,224925,197.44,15892749,15887367
64000,890701,225450,197.11,15941796,15941908
65000,898051,220875,196.92,16055338,16047988
66000,902191,222014,197.45,16141963,16137823
67000,895420,221598,197.45,16083312,16090083
68000,898909,220921,197.28,16081128,16077639
69000,895278,221047,197.75,16124435,16128066
70000,892534,221824,196.59,15944407,15947151
71000,898097,222796,197.40,16143390,16137827
72000,893361,221513,197.44,15918817,15923553
73000,897040,219445,197.09,16060758,16057079
74000,897276,217355,197.14,16152858,16152622
75000,898918,219109,197.16,16122782,16121140
76000,896386,218743,197.91,16059848,16062380
77000,896667,221417,197.75,16014872,16014591
78000,897186,222737,197.97,15958109,15957590
79000,898249,224080,197.88,16006713,16005650
80000,902015,221399,197.00,16092224,16088458
81000,907423,216584,197.15,16314749,16309341
82000,906401,215695,197.28,16339659,16340681
83000,903193,215836,197.17,16302699,16305907
84000,904270,217388,196.94,16369190,16368113
85000,903396,216212,197.09,16393347,16394221
86000,905524,215990,196.87,16358208,16356080
87000,907857,212822,196.85,16434749,16432416
88000,909202,211784,196.96,16517960,16516615
89000,908627,211189,196.32,16541074,16541649
90000,904237,211530,197.13,16487981,16492371
91000,906692,211634,196.70,16421791,16419336
92000,907581,210093,196.71,16519975,16519086
93000,907956,208413,196.49,16538099,16537724
94000,906226,206292,196.66,16510557,16512287
95000,909377,206418,196.35,16495986,16492835
96000,910609,206328,197.08,16586598,16585366
97000,910770,207675,197.13,16489268,16489107
98000,912168,209154,196.45,16564765,16563367
99000,909665,209440,196.61,16570722,16573225
100000,909398,208009,197.46,16518614,16518881
101000,912850,206928,197.72,16419844,16416392
102000,916791,205683,197.43,16512284,16508343
103000,916873,207024,197.21,16609103,16609021
104000,914457,207109,197.54,16503023,16505439
105000,906205,207051,197.83,16388841,16397093
106000,908811,205199,197.15,16288327,16285721
107000,912567,203984,197.76,16445940,16442184
108000,914497,203720,197.64,16388562,16386632
109000,913495,203465,197.29,16486838,16487840
110000,910928,203237,197.33,16439221,16441788
111000,916675,203197,197.29,16572936,16567189
112000,916851,200543,197.38,16588539,16588363
113000,917740,199203,197.62,16598123,16597234
114000,917860,198030,197.71,16598511,16598391
115000,920200,196634,198.15,16452108,16449768
116000,921549,194309,198.30,16537782,16536433
117000,920503,193982,198.20,16462339,16463385
118000,920545,195178,198.47,16483815,16483773
119000,924752,197928,198.07,16480064,16475857
120000,919448,199431,198.42,16498458,16503762
121000,913280,199101,198.59,16236734,16242902
122000,920199,200449,197.65,16398118,16391199
123000,923497,196910,197.99,16577493,16574195
124000,919572,197402,198.45,16465464,16469389
125000,914525,200257,198.78,16253804,16258851
126000,913549,202073,198.71,16157743,16158719
127000,912386,203618,199.06,16129634,16130797
128000,913775,202789,197.70,16179867,16178478
129000,918120,199725,198.45,16338175,16333830
130000,916165,200384,198.56,16266169,16268124
131000,914407,201899,198.53,16215659,16217417
132000,917125,201710,197.56,16440178,16437460
133000,921637,199821,197.63,16519340,16514828
134000,921561,197117,198.05,16571083,16571159
135000,923351,195368,197.95,16499975,16498185
136000,922776,192905,198.23,16550275,16550850
137000,922242,191982,197.99,16445010,16445544
138000,924197,191134,198.53,16480028,16478073
139000,925430,188338,198.24,16567937,16566704
140000,932055,188325,198.92,16625759,16619134
141000,929147,187234,199.03,16502286,16505194
142000,928478,187956,199.13,16445207,16445876
143000,929543,188338,199.10,16442935,16441870
144000,926068,189758,199.46,16348700,16352175
145000,923390,190243,199.19,16238771,16241449
146000,928023,187621,198.81,16336001,16331368
147000,933282,187034,198.91,16485945,16480686
148000,931035,185485,199.11,16523680,16525927
149000,928838,187254,199.48,16405718,16407915
150000,926746,189148,199.64,16361899,16363991
151000,924903,188406,199.18,16291388,16293231
152000,929693,187746,199.14,16386539,16381749
153000,929674,188544,198.76,16442958,16442977
154000,925255,186053,199.38,16364668,16369087
155000,924873,187425,199.17,16314012,16314394
156000,924412,187090,198.42,16396818,16397279
157000,928877,185105,198.57,16527551,16523086
158000,928583,185447,198.99,16548405,16548699
159000,925790,185287,199.02,16364918,16367711
160000,927957,187395,198.78,16439999,16437832
161000,924760,187747,199.17,16361091,16364288
162000,925289,186654,198.55,16385194,16384665
163000,929008,183531,198.57,16495906,16492187
164000,932900,183674,198.50,16673762,16669870
165000,932381,183213,198.31,16616507,16617026
166000,928818,184514,198.91,16588886,16592449
167000,923209,185941,198.66,16413373,16418982
168000,920487,187904,198.83,16341437,16344159
169000,922000,188702,198.58,16392311,16390798
170000,930372,187489,198.08,16600732,16592360
171000,930503,184006,198.70,16670426,16670295
172000,928206,184746,198.91,16419074,16421371
173000,928491,185688,198.79,16475746,16475461
174000,922220,186493,199.21,16389583,16395854
175000,922439,187706,198.38,16416611,16416392
176000,918878,185736,198.90,16344055,16347616
177000,926434,183887,198.48,16509720,16502164
178000,929961,180668,198.60,16576887,16573360
179000,928408,180903,199.21,16455143,16456696
180000,921329,183369,199.08,16300316,16307395
181000,917826,183604,198.98,16225924,16229427
182000,925510,183547,198.68,16449351,16441667
183000,927749,182152,198.74,16544293,16542054
184000,926425,180862,198.42,16502732,16504056
185000,924565,182595,198.79,16470848,16472708
186000,921296,185476,199.25,16284992,16288261
187000,921604,186676,198.62,16332652,16332344
188000,919331,186200,198.40,16331556,16333829
189000,922824,186544,198.73,16387242,16383749
190000,923266,186072,198.57,16400407,16399965
191000,923220,185791,198.26,16478015,16478061
192000,922146,184633,198.30,16486391,16487465
193000,927212,183175,198.41,16626274,16621208
194000,925121,179844,198.75,16546264,16548355
195000,924524,182410,198.84,16474998,16475595
196000,920141,182324,198.75,16420084,16424467
197000,916529,181833,198.64,16298170,16301782
198000,919439,182203,198.52,16313311,16310401
199000,921376,182639,198.68,16348191,16346254
200000,925152,181616,198.77,16474075,16470299
201000,923368,179453,198.45,16438380,16440164
202000,924847,179742,198.87,16487563,16486084
203000,919746,182727,199.53,16293219,16298320
204000,917247,183844,198.79,16106193,16108692
205000,921928,185562,198.75,16278546,16273865
206000,923982,183891,198.87,16421296,16419242
207000,923640,183939,198.63,16375614,16375956
208000,924776,186126,198.86,16465622,16464486
209000,921991,188144,198.64,16362893,16365678
210000,920483,189749,198.51,16326606,16328114
211000,922191,189893,198.53,16362617,16360909
212000,921694,187866,198.37,16427072,16427569
213000,922217,186577,198.70,16381592,16381069
214000,920515,185527,198.07,16370611,16372313
215000,926296,185054,198.31,16488743,16482962
216000,923958,184756,198.53,16430705,16433043
217000,923189,185957,199.41,16361811,16362580
218000,922678,186274,199.22,16285172,16285683
219000,925309,185297,198.42,16433193,16430562
220000,923127,184002,199.07,16394867,16397049
221000,927047,182726,198.46,16481633,16477713
222000,930105,183711,198.75,16564994,16561936
223000,931657,183305,199.14,16502932,16501380
224000,928364,184356,199.14,16455792,16459085
225000,923840,184589,198.83,16364351,16368875
226000,923617,185991,198.95,16370456,16370679
227000,924002,187297,198.57,16395087,16394702
228000,925186,186932,198.31,16412702,16411518
229000,929095,184984,198.53,16567889,16563980
230000,926252,183888,198.92,16487616,16490459
231000,923095,184921,198.63,16339809,16342966
232000,927939,183930,199.03,16433160,16428316
233000,928944,182925,198.59,16523180,16522175
234000,927020,182256,198.45,16535725,16537649
235000,928042,182553,198.40,16539803,16538781
236000,929879,181117,198.68,16531181,16529344
237000,934692,179877,198.41,16686076,16681263
238000,930856,179501,198.35,16613391,16617227
239000,930112,180432,198.29,16608720,16609464
240000,929492,180005,198.74,16591785,16592405
241000,926438,182162,198.73,16461872,16464926
242000,928712,182112,198.84,16545661,16543387
243000,922855,180706,199.71,16340867,16346724
244000,921520,183447,198.67,16217369,16218704
245000,924156,183932,198.82,16344298,16341662
246000,924073,184366,198.90,16382905,16382988
247000,921442,185186,199.15,16314125,16316756
248000,921178,184179,198.82,16325374,16325638
249000,922119,185139,198.49,16321144,16320203
250000,921663,183143,198.64,16356294,16356750
251000,925696,183387,198.24,16367642,16363609
252000,930533,181229,198.60,16588440,16583603
253000,928050,179524,199.00,16548692,16551175
254000,922157,180688,199.71,16283565,16289458
255000,920660,184836,199.33,16129824,16131321
256000,924181,186255,199.17,16143871,16140350
257000,924099,185949,198.96,16278092,16278174
258000,925330,184938,198.79,16317954,16316723
259000,923155,184778,199.30,16301049,16303224
260000,921033,187243,199.02,16156405,16158527
261000,921084,189708,198.72,16276172,16276121
262000,917029,188977,199.30,16208269,16212324
263000,917119,190646,198.75,16165220,16165130
264000,918598,191202,198.42,16248527,16247048
265000,919453,189495,198.42,16362184,16361329
266000,921302,187568,198.62,16354331,16352482
267000,922962,185940,198.83,16345736,16344076
268000,928097,185158,198.68,16426581,16421446
269000,927142,183913,199.13,16381934,16382889
270000,924497,182654,199.09,16341055,16343700
271000,927831,182243,198.89,16405450,16402116
272000,930283,179887,198.92,16528860,16526408
273000,931801,179513,199.63,16454910,16453392
274000,929361,180883,199.29,16374742,16377182
275000,923343,182135,199.71,16306475,16312493
276000,924853,183220,199.58,16175737,16174227
277000,928277,181212,199.71,16293539,16290115
278000,931231,182157,199.38,16366239,16363285
279000,923975,182892,199.51,16260544,16267800
280000,928598,183322,199.34,16212262,16207639
281000,930963,181655,199.75,16343402,16341037
282000,926241,182406,199.32,16275269,16279991
283000,925529,181051,199.34,16254564,16255276
284000,930498,181907,199.51,16309813,16304844
285000,928280,180689,199.96,16224060,16226278
286000,929592,180937,199.76,16253394,16252082
287000,931467,181853,199.43,16361867,16359992
288000,931070,182903,199.42,16365962,16366359
289000,924320,181974,199.61,16256733,16263483
290000,927266,181307,199.23,16312000,16309054
291000,930887,180736,199.54,16353477,16349856
292000,928633,180464,199.32,16328084,16330338
293000,925512,182047,199.84,16303297,16306418
294000,921471,183909,199.66,16162221,16166262
295000,925834,185164,198.94,16268231,16263868
296000,927294,183426,199.26,16391729,16390269
297000,927271,181335,199.50,16346374,16346397
298000,928670,180866,199.71,16357390,16355991
299000,929734,180380,199.25,16343047,16341983
300000,925717,183586,199.53,16285136,16289153
301000,921622,184808,199.28,16208492,16212587
302000,925110,186842,199.05,16238444,16234956
303000,922929,185813,199.67,16252732,16254913
304000,920798,188436,198.63,16250971,16253102
305000,921032,186669,198.31,16317697,16317463
306000,926030,185533,198.44,16397453,16392455
307000,925216,185741,199.02,16415558,16416372
308000,921694,184865,198.96,16304968,16308490
309000,925207,184689,198.28,16329479,16325966
310000,924320,183533,198.83,16490125,16491012
311000,922767,183714,199.01,16341482,16343035
312000,922136,184981,198.96,16303426,16304057
313000,924836,185049,198.57,16308554,16305854
314000,923565,184434,199.06,16359835,16361106
315000,921616,186127,199.08,16263373,16265322
316000,921007,187424,198.73,16258538,16259147
317000,919027,186151,199.32,16251283,16253263
318000,917300,189627,199.22,16100503,16102230
319000,920241,188302,198.70,16173108,16170167
320000,927853,183903,198.87,16323503,16315891
321000,927420,182288,199.26,16443122,16443555
322000,926978,183471,199.35,16372968,16373410
323000,925564,182122,199.36,16327275,16328689
324000,926730,183113,199.54,16272045,16270879
325000,928299,183560,199.32,16273279,16271710
326000,921164,185779,199.85,16155241,16162376
327000,922690,185528,198.73,16208628,16207102
328000,921835,187261,199.53,16211405,16212260
329000,917950,188342,198.82,16171167,16175052
330000,920865,188008,198.64,16196644,16193729
331000,920106,186897,199.03,16247016,16247775
332000,920975,185449,198.79,16220411,16219542
333000,922152,186663,198.87,16201214,16200037
334000,924976,185791,199.00,16382377,16379553
335000,920759,187670,199.28,16266094,16270311
336000,916983,189791,199.21,16123360,16127136
337000,921552,189083,198.40,16227804,16223235
338000,925153,187627,198.67,16418096,16414495
339000,925725,187162,198.65,16476556,16475984
340000,922497,187072,198.92,16359009,16362237
341000,922138,187216,198.68,16346417,16346776
342000,925295,186617,198.53,16457653,16454496
343000,922522,186341,198.51,16469106,16471879
344000,925062,184747,198.30,16483588,16481048
345000,921577,186531,198.55,16440207,16443692
346000,919662,187409,198.60,16403937,16405852
347000,915907,188392,198.02,16322420,16326175
348000,920774,187090,197.88,16434557,16429690
349000,926577,185684,197.99,16657501,16651698
350000,922135,187148,198.18,16553616,16558058
351000,923138,188260,198.13,16487414,16486411
352000,919225,189060,198.34,16422024,16425937
353000,923208,188746,198.35,16479287,16475304
354000,925021,187190,198.43,16515008,16513195
355000,926334,186116,198.36,16573159,16571846
356000,925323,185283,198.43,16558880,16559891
357000,924760,186737,198.49,16492917,16493480
358000,920023,186208,198.97,16410452,16415189
359000,917525,187535,198.78,16232839,16235337
360000,921097,187226,198.29,16377434,16373862
361000,922436,185132,198.26,16503551,16502212
362000,924188,185646,198.01,16452287,16450535
363000,922204,184597,198.35,16451104,16453088
364000,921367,188969,198.53,16428867,16429704
365000,920044,188515,197.97,16430538,16431861
366000,922574,187079,197.88,16519160,16516630
367000,921569,187800,198.16,16540631,16541636
368000,919803,187135,197.98,16514691,16516457
369000,921756,188425,197.93,16522282,16520329
370000,917443,189527,198.21,16375940,16380253
371000,917978,189665,197.57,16502311,16501776
372000,921739,187390,197.33,16579317,16575556
373000,924852,184831,198.19,16630773,16627660
374000,920789,185987,198.42,16492146,16496209
375000,920057,186917,198.45,16385307,16386039
376000,925668,186256,197.62,16486327,16480716
377000,927839,184375,197.80,16673252,16671081
378000,929609,182947,198.03,16713358,16711588
379000,924801,183447,198.69,16591367,16596175
380000,918620,186946,198.04,16380984,16387165
381000,919771,187574,198.19,16457654,16456503
382000,920768,185923,198.16,16502484,16501487
383000,923918,187983,198.07,16544430,16541280
384000,922693,186964,198.06,16488990,16490215
385000,923001,185670,198.69,16531999,16531691
386000,925767,185573,198.09,16462196,16459430
387000,926604,184694,198.55,16556975,16556138
388000,927925,184931,198.69,16536415,16535094
389000,920590,186295,199.01,16372025,16379360
390000,916890,187111,198.87,16238968,16242668
391000,916027,187001,198.88,16168163,16169026
392000,918513,188240,198.50,16287126,16284640
393000,918664,187612,198.59,16326544,16326393
394000,918841,188363,198.22,16317271,16317094
395000,919806,189279,198.26,16319108,16318143
396000,916457,188575,198.70,16256897,16260246
397000,915833,189265,198.96,16239009,16239633
398000,913163,190098,199.06,16117902,16120572
399000,915647,188883,198.82,16174212,16171728
400000,921096,188278,198.49,16339797,16334348
401000,923867,187136,198.42,16375707,16372936
402000,921181,186037,198.86,16318101,16320787
403000,919943,186384,198.54,16280020,16281258
404000,925363,186703,198.38,16455553,16450133
405000,920056,186032,199.58,16316067,16321374
406000,920212,186049,198.71,16201426,16201270
407000,922361,186519,198.76,16326791,16324642
408000,924917,186558,198.53,16424828,16422272
409000,925431,185408,198.51,16489691,16489177
410000,923375,185836,198.96,16317144,16319200
411000,924479,185986,199.02,16303687,16302583
412000,926223,185510,199.03,16423585,16421841
413000,922583,186072,198.85,16328214,16331854
414000,923682,184446,198.74,16336106,16335007
415000,922555,186094,198.67,16334581,16335708
416000,921489,185682,198.59,16324284,16325350
417000,920887,183578,198.83,16374822,16375424
418000,926523,186567,198.73,16427717,16422081
419000,917450,186841,199.08,16245606,16254679
420000,913909,188930,199.32,16135142,16138683
421000,912706,187976,198.64,16097771,16098974
422000,922767,187601,197.88,16429572,16419511
423000,929385,184424,198.43,16645324,16638706
424000,928174,184128,198.47,16524316,16525527
425000,923276,184892,198.60,16405252,16410150
426000,922783,187173,198.81,16418885,16419378
427000,919766,187596,198.75,16341067,16344084
428000,922142,185786,198.69,16304091,16301715
429000,924235,183765,199.09,16363720,16361627
430000,920089,185220,198.84,16297561,16301707
431000,920799,185580,198.79,16271447,16270737
432000,922256,183812,199.23,16303739,16302282
433000,927058,185976,198.47,16428461,16423659
434000,924776,183386,198.96,16427125,16429407
435000,923115,182475,199.13,16360392,16362053
436000,920919,185181,198.96,16326671,16328867
437000,920277,185548,198.72,16310644,16311286
438000,921396,185023,198.11,16392093,16390974
439000,923224,183703,198.50,16425962,16424134
440000,919880,185373,198.52,16391989,16395333
441000,919193,187161,198.23,16341450,16342137
442000,922892,186648,197.85,16477973,16474274
443000,923740,182838,198.22,16577692,16576844
444000,924556,181585,198.24,16531504,16530688
445000,927610,181114,198.62,16561533,16558479
446000,925898,181991,199.06,16483152,16484864
447000,925458,183388,199.11,16383084,16383524
448000,922967,184448,199.17,16346687,16349178
449000,922485,186732,198.63,16353159,16353641
450000,917496,188723,198.79,16312745,16317734
451000,916101,189046,198.65,16287354,16288749
452000,916919,188740,198.56,16291946,16291128
453000,920949,188020,198.51,16322394,16318364
454000,924846,185741,198.38,16403939,16400042
455000,928700,183436,198.58,16546698,16542844
456000,931107,181192,198.69,16524292,16521885
457000,929211,180915,199.19,16500641,16502537
458000,926216,181683,198.83,16447891,16450886
459000,924652,183250,199.07,16351718,16353282
460000,928478,184654,198.66,16469049,16465223
461000,924216,183882,198.60,16451605,16455867
462000,924544,184458,198.72,16435671,16435343
463000,926475,184795,198.37,16508926,16506995
464000,927493,184850,198.86,16476951,16475933
465000,926170,181476,198.73,16456265,16457588
466000,925377,181005,198.75,16467086,16467879
467000,924306,183293,199.05,16329289,16330360
468000,925124,183396,198.70,16309386,16308568
469000,926397,182282,198.88,16427185,16425912
470000,925422,183359,199.27,16373376,16374351
471000,925303,184114,198.84,16298967,16299086
472000,922401,183759,198.26,16390736,16393638
473000,925581,182302,198.41,16468867,16465687
474000,926004,183176,198.62,16526347,16525924
475000,928643,182569,198.79,16522438,16519799
476000,928862,179978,198.61,16510329,16510110
477000,927399,180775,198.89,16507858,16509321
478000,924373,182932,198.82,16382180,16385206
479000,928419,183995,198.37,16545033,16540987
480000,923681,183686,198.27,16483761,16488499
481000,925462,183046,198.46,16481716,16479935
482000,928736,182205,198.55,16594062,16590788
483000,925784,182704,199.07,16471294,16474246
484000,925173,183010,198.90,16385147,16385758
485000,928170,182985,199.00,16436700,16433703
486000,929076,181272,198.65,16577355,16576449
487000,926892,178721,198.75,16532285,16534469
488000,926790,180602,198.87,16478520,16478622
489000,928085,182248,198.50,16470408,16469113
490000,928123,181408,198.74,16555191,16555153
491000,924910,181756,198.77,16512704,16515917
492000,924426,182996,198.49,16464062,16464546
493000,924150,183202,198.56,16562234,16562510
494000,928270,182562,198.35,16490613,16486493
495000,926680,181519,198.70,16519841,16521431
496000,928256,179238,198.61,16534340,16532764
497000,923307,178892,198.56,16453242,16458191
498000,926390,180326,198.58,16453063,16449980
499000,923113,181347,199.03,16371019,16374296
500000,920775,184815,198.53,16279263,16281601
501000,924273,183730,198.47,16430687,16427189
502000,925843,183888,198.63,16450270,16448700
503000,924154,182739,198.41,16495134,16496823
504000,922134,185002,198.46,16433284,16435304
505000,921105,185479,198.34,16380378,16381407
506000,920692,185528,198.06,16449631,16450044
507000,925681,184109,198.35,16549624,16544635
508000,924034,183002,198.68,16496641,16498288
509000,925444,185635,198.81,16467120,16465710
510000,923280,184596,198.40,16514953,16517117
511000,921006,184800,198.54,16407633,16409907
512000,921394,186524,198.31,16357839,16357451
513000,923143,184758,198.51,16487629,16485880
514000,928339,182447,198.07,16583520,16578324
515000,934959,179786,198.73,16703814,16697194
516000,931591,179040,198.74,16650364,16653732
517000,923251,180697,199.19,16427988,16436328
518000,923788,181665,198.85,16376499,16375962
519000,925245,181371,198.76,16451693,16450236
520000,926922,182539,198.67,16487285,16485608
521000,931111,180758,198.59,16558406,16554217
522000,928966,181032,198.99,16554559,16556704
523000,932312,182146,198.81,16601122,16597776
524000,925278,179720,198.66,16547415,16554449
525000,927448,180388,197.99,16564601,16562431
526000,928698,177554,198.79,16692343,16691093
527000,929748,178850,198.51,16562503,16561453
528000,929784,178057,198.51,16646838,16646802
529000,928892,178432,198.71,16573194,16574086
530000,929408,179126,198.82,16537672,16537156
531000,929226,181391,198.33,16565889,16566071
532000,930066,179981,198.59,16613137,16612297
533000,927557,179375,198.45,16517515,16520024
534000,930600,178761,197.99,16618834,16615791
535000,931933,176696,198.33,16678565,16677232
536000,933479,175985,198.31,16726336,16724790
537000,931086,175656,198.57,16740333,16742726
538000,933691,176719,198.46,16692222,16689617
539000,932358,175068,198.92,16692674,16694007
540000,935117,176879,198.60,16671671,16668912
541000,932455,175161,199.07,16707099,16709761
542000,935946,175051,198.94,16616539,16613048
543000,933046,175922,198.54,16692078,16694978
544000,929911,175485,198.91,16641913,16645048
545000,931631,177779,198.24,16624572,16622852
546000,934783,177428,198.60,16717329,16714177
547000,935764,175248,199.04,16767255,16766274
548000,935875,176096,199.14,16663965,16663854
549000,932911,177281,198.82,16575704,16578668
550000,932421,178616,198.69,16629132,16629622
551000,927827,177445,198.80,16581445,16586039
552000,927848,177443,198.40,16518867,16518846
553000,926840,175336,198.99,16561333,16562341
554000,931037,176059,198.40,16604679,16600482
555000,932581,174489,198.81,16737419,16735875
556000,934021,174652,198.66,16688437,16686997
557000,930110,177063,198.73,16607822,16611733
558000,924194,178064,198.62,16500612,16506528
559000,925635,180689,198.26,16529250,16527809
560000,927971,180988,198.27,16651401,16649065
561000,924051,181512,198.04,16642369,16646289
562000,925475,181600,198.19,16570711,16569287
563000,928625,178790,197.96,16748938,16745788
564000,929534,177348,198.54,16668924,16668015
565000,932353,178754,198.25,16691403,16688584
566000,932052,177596,198.52,16715108,16715409
567000,928425,177627,198.74,16605391,16609018
568000,925250,178674,199.11,16559088,16562263
569000,925564,178602,198.66,16422608,16422294
570000,927752,177655,198.79,16522964,16520776
571000,927685,177604,198.59,16481308,16481375
572000,929235,176855,199.31,16485831,16484281
573000,929529,178451,199.53,16410126,16409832
574000,925584,180079,199.53,16317777,16321722
575000,922587,180614,199.12,16233079,16236076
576000,928088,179541,198.52,16468998,16463497
577000,930697,179388,197.99,16653873,16651264
578000,933354,176580,198.36,16668272,16665615
579000,935916,175703,198.45,16726859,16724297
580000,930439,176839,199.30,16603482,16608959
581000,926010,178225,198.78,16433201,16437630
582000,927463,180459,198.13,16497516,16496063
583000,930006,177689,198.75,16636500,16633957
584000,932165,175712,198.35,16683742,16681583
585000,926915,175969,198.96,16576272,16581522
586000,925975,176757,198.86,16411749,16412689
587000,933783,176118,198.42,16582022,16574214
588000,932146,176229,199.25,16615400,16617037
589000,926134,177454,199.41,16421075,16427087
590000,925131,178442,198.65,16386665,16387668
591000,924951,178079,198.80,16412672,16412852
592000,930052,178850,197.71,16619029,16613928
593000,934777,177309,198.29,16861278,16856553
594000,931446,175860,198.08,16688939,16692270
595000,930389,174354,198.95,16705148,16706205
596000,930065,175925,198.64,16554097,16554421
597000,928592,177934,197.88,16612985,16614458
598000,929159,178277,198.57,16622276,16621709
599000,928974,179352,198.41,16607249,16607434
600000,926218,180537,198.24,16650125,16652881
601000,921907,181118,198.08,16611747,16616058
602000,924724,183131,197.67,16636570,16633753
603000,924437,182677,196.88,16763248,16763535
604000,931512,181077,197.47,16918250,16911175
605000,930959,178972,197.89,16841252,16841805
606000,929656,178616,198.14,16737132,16738435
607000,924705,178887,199.08,16554098,16559049
608000,925949,179300,198.73,16509203,16507959
609000,926042,178434,198.81,16509642,16509549
610000,927442,178376,198.27,16558061,16556661
611000,927881,177368,198.40,16615965,16615526
612000,927641,178568,198.72,16569956,16570196
613000,926170,179863,198.36,16553052,16554523
614000,925793,179661,198.31,16559469,16559846
615000,931187,181246,197.71,16690619,16685225
616000,926262,182166,198.10,16742063,16746988
617000,924411,182986,197.63,16683256,16685107
618000,926333,182003,197.22,16768412,16766490
619000,927121,179623,198.04,16778871,16778083
620000,929155,180990,198.26,16718689,16716655
621000,922140,183100,198.21,16599247,16606262
622000,921232,184487,197.95,16586405,16587313
623000,921870,183788,197.36,16618463,16617825
624000,926765,183474,197.52,16805659,16800764
625000,921007,180976,197.76,16674623,16680381
626000,921247,182499,197.61,16654655,16654415
627000,922499,181754,196.98,16756151,16754899
628000,922018,180462,197.92,16764292,16764773
629000,925831,181480,197.82,16773261,16769448
630000,921259,181793,197.58,16695200,16699772
631000,921412,183429,196.78,16722092,16721939
632000,927956,182215,197.23,16916783,16910239
633000,924575,180291,197.42,16808491,16811872
634000,925464,180410,197.89,16774245,16773356
635000,926018,180757,197.92,16694518,16693964
636000,925475,183371,197.90,16676998,16677541
637000,922780,183842,197.86,16743610,16746305
638000,923986,182837,197.56,16657295,16656089
639000,923510,183333,197.84,16702213,16702689
640000,923500,183356,197.49,16706308,16706318
641000,927507,181663,197.06,16781386,16777379
642000,927712,180097,197.81,16793511,16793306
643000,930050,179836,198.03,16815381,16813043
644000,925962,181119,197.83,16681749,16685837
645000,926425,182154,198.15,16703783,16703320
646000,923864,183603,197.84,16644880,16647441
647000,923518,185269,197.35,16769569,16769915
648000,919979,184727,197.69,16722088,16725627
649000,923649,183256,197.52,16705237,16701567
650000,924100,182529,197.51,16740076,16739625
651000,926127,182238,197.57,16785311,16783284
652000,929016,180767,197.55,16800884,16797995
653000,928065,179971,197.92,16810116,16811067
654000,934607,179642,197.79,16948854,16942312
655000,934352,176811,198.07,16968838,16969093
656000,928995,177208,197.80,16802084,16807441
657000,932287,176559,197.50,16821406,16818114
658000,933841,177140,197.41,16958507,16956953
659000,931069,177293,197.80,16902720,16905492
660000,921986,177615,197.95,16699103,16708186
661000,920329,179483,197.96,16558348,16560005
662000,923378,178515,197.27,16652986,16649937
663000,926056,178093,197.55,16809139,16806461
664000,929284,177720,197.20,16894266,16891038
665000,931519,174961,197.22,16962589,16960354
666000,931099,176026,197.74,16975054,16975474
667000,926032,177857,197.99,16828095,16833162
668000,921852,178740,197.71,16646417,16650597
669000,928154,178493,197.19,16794282,16787980
670000,925576,178692,197.71,16804452,16807030
671000,924545,178806,198.19,16701988,16703019
672000,923900,180219,197.87,16669949,16670594
673000,924582,180491,197.73,16665835,16665153
674000,927281,181099,197.84,16736906,16734207
675000,928083,179780,197.65,16782066,16781264
676000,928182,180549,197.88,16784410,16784311
677000,923242,181275,197.98,16676431,16681371
678000,921110,181786,198.21,16594275,16596407
679000,923125,180601,197.81,16644218,16642203
680000,927031,178675,198.24,16726081,16722175
681000,931481,176159,197.78,16813123,16808673
682000,929581,175105,198.53,16785006,16786906
683000,931957,178028,198.27,16770698,16768322
684000,927027,179957,198.38,16642343,16647273
685000,924596,181527,197.83,16559353,16561784
686000,923704,181432,198.30,16601532,16602424
687000,924462,179603,198.00,16573957,16573199
688000,934623,179352,197.64,16847318,16837157
689000,927878,177070,198.45,16779622,16786367
690000,923759,177925,198.32,16563238,16567357
691000,929828,177626,197.65,16708376,16702307
692000,925557,178631,198.53,16709471,16713742
693000,919699,182018,198.16,16478728,16484586
694000,922608,181907,197.76,16594093,16591184
695000,923406,181601,197.83,16590344,16589546
696000,918800,183633,198.47,16499220,16503826
697000,913040,183323,198.15,16323551,16329311
698000,919129,183907,197.97,16489630,16483541
699000,924737,182803,197.50,16643075,16637467
700000,924778,181650,197.86,16652877,16652836
701000,920049,181201,198.49,16537853,16542582
702000,925374,182602,197.49,16567280,16561955
703000,924072,181078,197.41,16708649,16709951
704000,924009,180799,197.59,16799818,16799881
705000,924788,180750,197.61,16769362,16768583
706000,924371,184255,198.03,16749490,16749907
707000,922466,181654,197.57,16696172,16698077
708000,928506,182293,197.32,16783056,16777016
709000,923859,181162,197.83,16760098,16764745
710000,922483,183850,197.87,16642020,16643396
711000,922423,185212,197.69,16594303,16594363
712000,926415,184117,197.17,16821268,16817276
713000,930571,180611,197.73,16870429,16866273
714000,928042,181015,198.45,16729928,16732457
715000,926169,179872,198.58,16578539,16580412
716000,924766,181217,198.77,16528877,16530280
717000,920205,183718,198.39,16443384,16447945
718000,922955,185452,198.05,16512058,16509308
719000,927557,184900,197.77,16698058,16693456
720000,922240,185246,198.31,16659362,16664679
721000,925829,185201,197.65,16639922,16636333
722000,930199,183470,197.77,16825824,16821454
723000,927158,181246,197.95,16805622,16808663
724000,932013,181022,197.13,16854891,16850036
725000,929271,179123,198.22,16800925,16803667
726000,928659,180610,198.23,16662684,16663296
727000,925895,181625,198.16,16611828,16614592
728000,928157,182433,197.63,16703228,16700966
729000,928245,181762,197.71,16823236,16823148
730000,930293,180456,197.38,16817072,16815024
731000,925234,181327,198.10,16818135,16823194
732000,921063,181940,197.95,16601298,16605469
733000,928322,179606,197.44,16765576,16758317
734000,934015,176932,197.56,16948901,16943208
735000,933464,175342,198.44,16883218,16883769
736000,929740,176587,198.55,16684028,16687752
737000,930604,177270,198.50,16616534,16615670
738000,929305,179514,198.56,16588447,16589746
739000,931620,179449,198.32,16683098,16680783
740000,931822,177530,198.51,16752749,16752547
741000,932951,177959,197.99,16717246,16716117
742000,930208,179437,198.59,16727740,16730483
743000,929482,180640,198.43,16662725,16663451
744000,928489,178829,198.46,16679856,16680849
745000,926118,179442,198.59,16629410,16631781
746000,925257,180687,198.04,16607581,16608442
747000,925909,180913,197.74,16656199,16655547
748000,931738,178416,198.37,16766943,16761114
749000,931279,179207,198.41,16701450,16701909
750000,932130,179445,198.33,16708735,16707884
751000,932327,178905,198.61,16747759,16747562
752000,929955,177885,198.24,16665155,16667527
753000,934309,176034,198.28,16704948,16700594
754000,934713,176019,198.74,16736655,16736251
755000,929481,178657,198.90,16584687,16589919
756000,931848,180429,198.48,16568985,16566618
757000,928941,177262,199.30,16541529,16544436
758000,931900,178491,199.08,16558362,16555403
759000,931156,179184,198.98,16612305,16613049
760000,933479,180766,198.09,16659290,16656967
761000,934256,180000,198.24,16751026,16750249
762000,928182,180645,198.86,16614529,16620603
763000,929094,181655,198.43,16605672,16604760
764000,928403,181105,198.10,16660006,16660697
765000,933566,180698,197.95,16813547,16808384
766000,929959,179225,198.55,16734177,16737784
767000,929852,180522,198.17,16650876,16650983
768000,933083,182553,198.11,16858137,16854906
769000,927856,181752,197.98,16727943,16733170
770000,928446,182259,198.18,16721033,16720443
771000,933230,179790,197.84,16825802,16821018
772000,934533,177738,197.82,16908103,16906800
773000,934357,176127,198.56,16916785,16916961
774000,934335,174654,198.47,16723013,16723035
775000,933621,172876,198.48,16758879,16759593
776000,934799,173787,198.97,16686838,16685660
777000,933976,174015,198.44,16678388,16679211
778000,933414,175776,198.58,16730075,16730637
779000,933427,176183,198.43,16736743,16736730
780000,934409,175919,198.52,16717266,16716284
781000,933749,175780,198.28,16787889,16788549
782000,933510,174470,198.35,16795953,16796192
783000,931847,176374,198.28,16767592,16769255
784000,932322,178135,198.16,16710467,16709992
785000,932853,178073,198.37,16791014,16790483
786000,934573,177763,198.05,16855958,16854238
787000,932095,177695,198.28,16764612,16767090
788000,933143,179541,198.31,16744024,16742976
789000,930883,180570,198.11,16797912,16800172
790000,929518,181683,198.27,16715672,16717037
791000,931411,181431,197.68,16822322,16820429
792000,934278,180164,197.67,16853012,16850145
793000,932249,178619,198.10,16820280,16822309
794000,930226,177654,198.77,16716403,16718426
795000,932396,177322,198.42,16703288,16701118
796000,934661,178814,198.07,16782947,16780682
797000,932316,179747,198.62,16778861,16781206
798000,933332,180353,198.52,16713921,16712905
799000,934274,178602,198.13,16860438,16859496
800000,938235,177891,198.14,16932023,16928062
801000,932809,178515,198.47,16792743,16798169
802000,934433,179112,198.98,16720430,16718806
803000,934547,179152,198.53,16800520,16800406
804000,935461,180366,198.32,16782120,16781206
805000,930950,179275,198.47,16697318,16701829
806000,930214,178107,198.41,16707536,16708272
807000,934796,177620,198.39,16760825,16756243
808000,933621,176545,198.11,16805403,16806578
809000,934413,174387,198.27,16828510,16827718
810000,935621,175092,198.38,16856211,16855003
811000,933553,174654,198.43,16793707,16795775
812000,931573,175283,198.69,16735263,16737243
813000,934552,176368,198.17,16760453,16757474
814000,936001,176685,198.33,16898386,16896937
815000,935520,175185,198.00,16879977,16880458
816000,940260,173919,197.86,16956393,16951653
817000,937290,172148,198.61,16901160,16904130
818000,937407,172416,198.52,16731701,16731584
819000,934393,173869,198.43,16782097,16785111
820000,936754,174132,198.05,16858336,16855975
821000,936530,174035,198.43,16828069,16828293
822000,931083,175043,198.46,16760534,16765981
823000,931167,174935,197.63,16793144,16793060
824000,934638,175190,198.41,16884241,16880770
825000,932610,177355,198.32,16733436,16735464
826000,931688,179427,198.19,16693294,16694216
827000,931300,180083,198.95,16693722,16694110
828000,934993,178918,198.83,16719361,16715668
829000,934669,177434,198.33,16797721,16798045
830000,931467,176081,198.64,16682739,16685941
831000,932683,176905,198.67,16666339,16665123
832000,936171,177627,199.19,16743600,16740112
833000,935003,179049,198.55,16697363,16698531
834000,933118,179666,198.76,16714648,16716533
835000,933247,179903,198.59,16724155,16724026
836000,935515,181083,198.08,16825937,16823669
837000,934798,180018,198.23,16811726,16812443
838000,939748,179629,198.23,16893331,16888381
839000,939981,178385,198.61,16885174,16884941
840000,936454,180782,198.83,16794441,16797968
841000,931495,182015,199.17,16636400,16641359
842000,928192,184063,199.03,16489092,16492395
843000,930713,184578,198.60,16594451,16591930
844000,926765,184215,198.88,16556915,16560863
845000,929842,183026,198.45,16571640,16568563
846000,930690,182494,198.76,16612621,16611773
847000,930164,181138,199.17,16598627,16599153
848000,929178,180228,198.45,16570163,16571149
849000,927919,180285,198.82,16561532,16562791
850000,930103,181317,198.44,16553244,16551060
851000,926907,180300,198.66,16562753,16565949
852000,931168,178689,198.41,16586202,16581941
853000,932609,177309,198.32,16674003,16672562
854000,933717,176393,198.75,16703196,16702088
855000,929297,178032,198.60,16635912,16640332
856000,928773,179516,198.88,16589292,16589816
857000,929162,179009,198.46,16498821,16498432
858000,932966,179035,198.54,16634533,16630729
859000,932823,177559,198.90,16669044,16669187
860000,929717,176554,198.96,16589585,16592691
861000,933880,177791,198.63,16544399,16540236
862000,935355,178552,198.37,16780146,16778671
863000,934456,176546,198.60,16754331,16755230
864000,935337,177428,198.44,16725483,16724602
865000,931307,177546,198.78,16698443,16702473
866000,933160,179235,198.72,16683746,16681893
867000,931073,181041,198.53,16650940,16653027
868000,928739,181418,198.66,16590032,16592366
869000,932923,180146,198.07,16697408,16693224
870000,932381,180834,197.64,16770532,16771074
871000,930108,180666,197.70,16817075,16819348
872000,931812,180394,197.74,16860591,16858887
873000,933864,177933,197.62,16926738,16924686
874000,935630,175899,198.03,17009573,17007807
875000,933848,177049,198.08,16862826,16864608
876000,930666,178101,198.07,16779298,16782480
877000,928108,178940,198.45,16680268,16682826
878000,930940,178666,198.35,16728280,16725448
879000,929497,176705,197.94,16724855,16726298
880000,934874,177799,198.10,16804306,16798929
881000,935560,176867,197.78,16959149,16958463
882000,937095,176362,197.85,16936939,16935404
883000,934095,176781,198.42,16876377,16879377
884000,932803,177675,197.99,16803981,16805273
885000,931932,179344,197.52,16838337,16839208
886000,930259,180642,197.60,16797604,16799277
887000,934568,180217,197.50,16926077,16921768
888000,931224,178436,198.22,16841903,16845247
889000,930899,178546,197.89,16735154,16735479
890000,931984,178309,197.84,16816133,16815048
891000,929336,178896,198.41,16778411,16781059
892000,932518,179582,197.90,16701891,16698709
893000,932618,179104,198.42,16866649,16866549
894000,932200,179716,198.42,16731151,16731569
895000,930414,182888,198.68,16648799,16650585
896000,928885,183430,198.40,16649416,16650945
897000,929864,184576,198.20,16733906,16732927
898000,932144,182994,197.86,16760396,16758116
899000,942021,179546,197.40,17059779,17049902
900000,938087,176546,198.31,17075846,17079780
901000,939958,177946,198.23,16878172,16876301
902000,936859,180495,198.29,16890259,16893358
903000,931977,180117,198.09,16852530,16857412
904000,933617,178307,197.88,16842722,16841082
905000,937440,177214,198.24,16910780,16906957
906000,937670,176336,198.28,16877907,16877677
907000,935707,178413,198.66,16765489,16767452
908000,931088,182644,198.69,16721734,16726353
909000,924512,183196,198.16,16571538,16578114
910000,929594,182826,197.35,16701403,16696321
911000,934676,180485,197.76,16936018,16930936
912000,938536,179540,198.57,16955523,16951663
913000,936929,181021,198.50,16842000,16843607
914000,934867,181559,198.37,16754555,16756617
915000,932578,181187,198.54,16750806,16753095
916000,933122,179100,198.14,16790790,16790246
917000,935209,179629,197.92,16848017,16845930
918000,939091,178253,197.88,16992577,16988695
919000,940222,178322,198.24,16978847,16977716
920000,944244,177803,198.06,17083170,17079148
921000,940039,174864,198.18,16990748,16994953
922000,936972,176955,197.77,16954052,16957119
923000,936507,174710,197.70,16998474,16998939
924000,938230,175652,197.96,16936590,16934867
925000,934184,174458,198.45,16874660,16878706
926000,930918,176701,198.13,16776437,16779703
927000,933863,176464,197.72,16817105,16814160
928000,932257,176012,198.22,16775217,16776823
929000,934282,175539,198.25,16836922,16834897
930000,934276,176572,198.21,16857254,16857260
931000,936747,176154,198.11,16838998,16836527
932000,933318,175456,198.27,16769920,16773349
933000,935687,177355,198.30,16838223,16835854
934000,935890,176830,198.23,16834408,16834205
935000,935527,177049,197.93,16845233,16845596
936000,933429,176002,197.81,16853056,16855154
937000,932871,176054,198.56,16780367,16780925
938000,932302,174452,198.47,16728347,16728916
939000,936209,176035,197.85,16780425,16776518
940000,935196,175628,198.25,16776674,16777687
941000,937486,176299,198.61,16753474,16751184
942000,937085,175834,198.39,16784304,16784705
943000,936147,176876,198.23,16775110,16776048
944000,934732,177070,198.32,16807336,16808751
945000,936465,177337,198.10,16881960,16880227
946000,937873,176999,197.97,16885258,16883850
947000,939239,177551,198.31,16924428,16923062
948000,934254,179027,198.32,16742445,16747430
949000,930149,180199,198.19,16697660,16701765
950000,935954,180745,198.50,16738408,16732603
951000,935472,180602,198.25,16795983,16796465
952000,935066,180483,198.34,16786859,16787265
953000,932089,180849,198.85,16694042,16697019
954000,936587,180281,197.97,16789478,16784980
955000,940087,178223,198.57,16929376,16925876
956000,941208,177988,198.08,16928084,16926963
957000,937141,178992,198.37,16839508,16843575
958000,936706,179318,198.26,16782442,16782877
959000,936631,179216,198.48,16753701,16753776
960000,934801,178058,198.36,16737089,16738919
961000,931349,178618,199.08,16651394,16654846
962000,931049,180678,198.13,16638424,16638724
963000,929814,180049,198.46,16686052,16687287
964000,930929,181830,197.94,16614934,16613819
965000,933686,181555,198.45,16715153,16712396
966000,930853,179544,198.11,16721724,16724557
967000,930402,178094,198.24,16745580,16746031
968000,928740,178154,198.59,16622978,16624640
969000,935338,177656,197.86,16730234,16723636
970000,935867,176563,198.36,16854030,16853501
971000,933737,176326,198.73,16701602,16703732
972000,932001,177186,198.63,16680291,16682027
973000,933981,177812,198.14,16742945,16740965
974000,937130,175686,198.31,16830104,16826955
975000,940347,176853,198.48,16818318,16815101
976000,935542,176959,198.80,16743418,16748223
977000,935609,176431,198.37,16713067,16713000
978000,933480,175455,198.53,16759778,16761907
979000,933202,176163,198.37,16691197,16691475
980000,934568,176760,198.46,16757141,16755775
981000,931084,175332,198.59,16685796,16689280
982000,932698,176202,198.68,16675244,16673630
983000,932477,177274,198.28,16649669,16649890
984000,927543,178439,198.60,16601582,16606516
985000,930123,177443,197.84,16666939,16664359
986000,933203,177790,198.43,16752833,16749753
987000,931484,178525,198.27,16722541,16724260
988000,929876,178626,197.74,16683716,16685324
989000,934691,178861,197.69,16835422,16830607
990000,930495,177865,198.55,16712547,16716743
991000,930041,176830,198.38,16667790,16668244
992000,934820,177746,198.58,16839207,16834428
993000,933180,176536,198.02,16825791,16827431
994000,933481,176055,198.30,16768075,16767774
995000,936124,178264,198.51,16769352,16766709
996000,932350,177773,198.50,16795831,16799605
997000,933761,179572,198.29,16701630,16700219
998000,930551,178870,198.50,16636549,16639759
999000,932313,180153,198.35,16700593,16698831
1000000,933682,181892,198.68,16666626,16665257
1001000,931378,182657,197.68,16692659,16694963
1002000,933413,181481,198.14,16796380,16794345
1003000,932827,178939,197.74,16818830,16819416
1004000,940864,177512,198.06,16975899,16967862
1005000,934206,178118,198.40,16842757,16849415
1006000,930878,181322,198.27,16657040,16660368
1007000,931045,182809,198.49,16685439,16685272
1008000,932468,181246,199.15,16557412,16555989
1009000,929636,182884,198.85,16494469,16497301
1010000,927676,184403,198.95,16450433,16452393
1011000,927006,185547,198.59,16500931,16501601
1012000,927194,185182,198.09,16539716,16539528
1013000,926251,184143,198.49,16612394,16613337
1014000,924546,183449,198.43,16568867,16570572
1015000,928596,182422,197.88,16580932,16576882
1016000,936843,179781,198.15,16869511,16861264
1017000,932703,178510,198.05,16711216,16715356
1018000,931246,179768,198.40,16723998,16725455
1019000,932844,179857,198.24,16717512,16715914
1020000,935005,180166,198.27,16819686,16817525
1021000,932516,179643,198.69,16688793,16691282
1022000,936492,180975,198.57,16719570,16715594
1023000,932518,179986,198.74,16752957,16756931
1024000,931654,180689,198.36,16694331,16695195
1025000,928479,181857,198.47,16609963,16613138
1026000,926455,184508,197.97,16648816,16650840
1027000,925427,182658,197.91,16650394,16651422
1028000,930174,181383,197.93,16700353,16695606
1029000,931514,180647,198.23,16765849,16764509
1030000,931546,180569,197.80,16774237,16774205
1031000,928618,180811,197.93,16765351,16768279
1032000,924034,180922,198.16,16639704,16644288
1033000,927192,180618,198.05,16677722,16674564
1034000,930966,179701,197.99,16776078,16772304
1035000,935091,178804,198.08,16887347,16883222
1036000,930709,179257,198.07,16734843,16739225
1037000,930088,179918,198.40,16721951,16722572
1038000,928232,179281,197.76,16640260,16642116
1039000,934270,177503,198.49,16804108,16798070
1040000,932484,177101,198.60,16698303,16700089
1041000,930931,178739,198.56,16661507,16663060
1042000,931516,177981,198.46,16693784,16693199
1043000,933239,179639,198.28,16760129,16758406
1044000,932837,179675,198.25,16746488,16746890
1045000,932297,178856,198.48,16684983,16685523
1046000,934720,179000,198.45,16701399,16698976
1047000,935533,178992,198.25,16692462,16691649
1048000,930045,178259,198.55,16676211,16681699
1049000,929572,180403,198.78,16588455,16588928
1050000,926945,183511,198.18,16563942,16566569
1051000,929945,184153,197.60,16676036,16673036
1052000,932994,178816,197.46,16821018,16817969
1053000,936106,175937,197.73,16949829,16946717
1054000,935789,175743,198.01,16882067,16882384
1055000,930602,178427,198.63,16706452,16711639
1056000,930388,178897,198.28,16608614,16608828
1057000,930226,178376,198.21,16627197,16627359
1058000,934053,176466,198.16,16785866,16782039
1059000,931474,178108,199.05,16675186,16677765
1060000,929574,181152,198.35,16548600,16550500
1061000,930477,181486,197.90,16678304,16677401
1062000,931339,181972,198.14,16738702,16737840
1063000,936747,180941,197.84,16863719,16858311
1064000,933100,177777,198.63,16767831,16771478
1065000,930762,177078,198.26,16683526,16685864
1066000,933306,177757,198.46,16698347,16695803
1067000,933236,178174,198.05,16771896,16771966
1068000,934282,175924,198.19,16783107,16782061
1069000,934623,175276,198.74,16749340,16748999
1070000,935121,177084,198.56,16617643,16617145
1071000,931425,177123,198.62,16641114,16644810
1072000,928922,177415,198.67,16532138,16534641
1073000,928049,178957,198.62,16548719,16549592
1074000,929370,181200,198.23,16608471,16607150
1075000,931020,181328,198.22,16648560,16646910
1076000,927909,180681,197.93,16641836,16644947
1077000,932863,178649,198.36,16750471,16745517
1078000,934926,178424,198.42,16761822,16759759
1079000,934879,177055,198.32,16749767,16749814
1080000,936653,176060,198.09,16842595,16840821
1081000,933445,177079,198.38,16770049,16773257
1082000,935237,178627,198.62,16722338,16720546
1083000,933515,178779,198.49,16820673,16822395
1084000,931985,180497,197.95,16811676,16813206
1085000,930640,179322,197.87,16716692,16718037
1086000,932038,180482,198.06,16750903,16749505
1087000,935405,181067,198.16,16786997,16783630
1088000,930939,181713,198.42,16736702,16741168
1089000,930713,182711,197.97,16753183,16753409
1090000,928863,182012,197.95,16736722,16738572
1091000,931544,181367,197.85,16837106,16834425
1092000,930767,180413,198.00,16822185,16822962
1093000,929545,178462,198.01,16760985,16762207
1094000,935079,177372,197.58,16866518,16860984
1095000,933815,177964,197.97,16907939,16909203
1096000,927005,181848,198.08,16679733,16686543
1097000,928051,183215,197.66,16799645,16798599
1098000,927865,182788,198.01,16783829,16784015
1099000,930497,181643,197.90,16799873,16797241
1100000,935530,179697,197.86,16920528,16915495
1101000,934395,180641,198.06,16918535,16919670
1102000,932301,180573,197.84,16878351,16880445
1103000,930751,179569,197.82,16827187,16828737
1104000,933944,177824,197.52,16952370,16949177
1105000,931955,178302,198.30,16893785,16895774
1106000,929438,180078,198.09,16709387,16711904
1107000,929166,181105,198.05,16743149,16743421
1108000,927478,179560,197.97,16766420,16768108
1109000,928365,179562,198.01,16685548,16684661
1110000,932052,180118,198.19,16731348,16727661
1111000,928934,181458,198.69,16621367,16624485
1112000,928900,181951,199.00,16503214,16503248
1113000,927253,183926,198.47,16543990,16545637
1114000,924421,183018,197.87,16571415,16574247
1115000,929902,182578,198.19,16722174,16716693
1116000,925385,182185,199.03,16508350,16512867
1117000,929386,186211,197.82,16493506,16489505
1118000,922670,187396,198.45,16493186,16499902
1119000,923755,186341,197.92,16488599,16487514
1120000,929041,184141,197.91,16638130,16632844
1121000,932074,180102,198.04,16741699,16738666
1122000,935076,177945,198.98,16802593,16799591
1123000,930419,178130,198.44,16662903,16667560
1124000,930569,180001,198.78,16584126,16583976
1125000,928626,178842,198.35,16582803,16584746
1126000,933231,178688,197.88,16762994,16758389
1127000,934177,178149,198.61,16754593,16753647
1128000,933583,178230,198.50,16628186,16628780
1129000,931644,178007,198.58,16696264,16698203
1130000,930931,177417,198.73,16590584,16591297
1131000,932797,179095,198.29,16566748,16564882
1132000,928379,180766,198.66,16571745,16576163
1133000,927347,180599,198.76,16477079,16478111
1134000,930436,180989,198.26,16548221,16545132
1135000,927823,180789,198.46,16580402,16583015
1136000,929713,181447,198.18,16602528,16600638
1137000,926102,179502,198.49,16595998,16599609
1138000,923416,179961,198.53,16492805,16495491
1139000,925259,181004,198.54,16468498,16466655
1140000,927076,182371,198.94,16512161,16510344
1141000,925527,183179,198.89,16489315,16490864
1142000,923807,184944,198.71,16413598,16415318
1143000,922654,184825,198.29,16376881,16378034
1144000,926769,185150,198.49,16550774,16546659
1145000,923662,185190,198.32,16530564,16533671
1146000,928216,185460,198.03,16538454,16533900
1147000,926540,184921,198.42,16619727,16621403
1148000,925552,183769,198.06,16597574,16598562
1149000,923485,183990,198.95,16552005,16554072
1150000,923274,183440,197.94,16500656,16500867
1151000,932064,180688,197.95,16686452,16677662
1152000,935305,179284,198.43,16790014,16786773
1153000,936771,178850,198.07,16765085,16763619
1154000,932054,178813,198.98,16662648,16667365
1155000,930441,180886,199.07,16580422,16582035
1156000,929300,182917,198.81,16521984,16523125
1157000,928106,184091,198.73,16516995,16518189
1158000,928662,184678,198.43,16615616,16615060
1159000,929479,183242,198.29,16575849,16575032
1160000,937540,181596,197.85,16805103,16797042
1161000,935938,179434,198.15,16825097,16826699
1162000,926270,181593,198.96,16611245,16620913
1163000,923375,182059,198.59,16353408,16356303
1164000,929821,181899,198.61,16562735,16556289
1165000,932599,182061,198.23,16650589,16647811
1166000,930486,181141,198.81,16646874,16648987
1167000,927711,182191,198.36,16523187,16525962
1168000,927977,182711,198.17,16641299,16641033
1169000,928371,182518,198.24,16642116,16641722
1170000,931485,181658,198.31,16714650,16711536
1171000,930275,180988,198.06,16756608,16757818
1172000,934813,182040,197.86,16793767,16789229
1173000,928374,181102,198.10,16771464,16777903
1174000,927188,182728,197.94,16709239,16710425
1175000,928385,181451,197.83,16722641,16721444
1176000,935053,180449,197.27,16901532,16894864
1177000,931967,178091,197.87,16889125,16892211
1178000,932518,177814,197.79,16755515,16754964
1179000,933113,176937,198.18,16803268,16802673
1180000,934249,177117,198.08,16825335,16824199
1181000,932291,178539,198.09,16801210,16803168
1182000,928309,178694,198.30,16682873,16686855
1183000,937732,179889,197.91,16885398,16875975
1184000,936979,178017,197.87,16937792,16938545
1185000,940329,176513,197.83,17022276,17018926
1186000,938035,176276,198.25,16995507,16997801
1187000,934155,176687,197.89,16831036,16834916
1188000,935172,176651,198.42,16878793,16877776
1189000,936915,177814,198.23,16812028,16810285
1190000,938031,178637,197.95,16919989,16918873
1191000,937070,178052,197.82,16910674,16911635
1192000,939931,178938,198.08,16971061,16968200
1193000,938637,178792,198.54,16970554,16971848
1194000,936849,181687,198.54,16835605,16837393
1195000,931075,181394,198.73,16648374,16654148
1196000,936191,182722,198.34,16736787,16731671
1197000,936565,183287,198.65,16843143,16842769
1198000,934303,182913,198.43,16788710,16790972
1199000,934952,182517,198.36,16729168,16728519
1200000,933611,182018,198.37,16734203,16735544
1201000,933740,181864,198.76,16666262,16666133
1202000,935630,181217,198.38,16638588,16636698
1203000,936586,179448,198.43,16778176,16777220
1204000,934634,180003,198.62,16654864,16656816
1205000,938436,180751,198.50,16728545,16724743
1206000,937217,180139,198.92,16800116,16801335
1207000,932574,181210,198.54,16606531,16611174
1208000,934127,180804,198.69,16681833,16680280
1209000,936112,181540,198.49,16689623,16687638
1210000,938017,180444,198.46,16820698,16818793
1211000,937646,178732,198.32,16781763,16782134
1212000,940766,177638,198.76,16868256,16865136
1213000,937138,176077,198.90,16785972,16789600
1214000,939309,178026,198.61,16771202,16769031
1215000,937456,178049,198.66,16782717,16784570
1216000,940349,177201,198.70,16818169,16815276
1217000,939413,178760,198.67,16723211,16724147
1218000,937712,179184,199.22,16720209,16721910
1219000,939883,178445,198.79,16752857,16750686
1220000,936651,178311,199.29,16681451,16684683
1221000,936462,177509,199.02,16601225,16601414
1222000,936760,176945,198.71,16629705,16629407
1223000,942649,175533,198.97,16807662,16801773
1224000,938120,174704,199.12,16756870,16761399
1225000,933986,177185,199.46,16597255,16601389
1226000,935215,177342,198.79,16540262,16539033
1227000,935224,177521,199.06,16670408,16670399
1228000,934744,177636,199.58,16562405,16562885
1229000,933726,175815,199.25,16504264,16505282
1230000,935018,176689,199.01,16490286,16488994
1231000,933413,179156,199.05,16573852,16575457
1232000,933475,180271,198.95,16534969,16534907
1233000,934182,181057,198.90,16583280,16582573
1234000,932859,181231,198.95,16553138,16554461
1235000,936132,180082,198.55,16627889,16624616
1236000,933484,179003,199.10,16644996,16647644
1237000,932882,177621,199.13,16534351,16534953
1238000,936998,177295,199.39,16570366,16566250
1239000,934868,179896,199.24,16556622,16558752
1240000,933887,180960,199.15,16545761,16546742
1241000,932040,183345,199.18,16523903,16525750
1242000,929198,184049,198.66,16406150,16408992
1243000,933373,182566,199.16,16494700,16490525
1244000,931552,183870,199.39,16491853,16493674
1245000,930811,182371,198.79,16480614,16481355
1246000,927305,183214,198.83,16477415,16480921
1247000,927351,183306,198.82,16499731,16499685
1248000,931734,182688,198.88,16587130,16582747
1249000,930649,182867,198.74,16536712,16537797
1250000,932270,180042,198.15,16664710,16663089
1251000,933010,180195,198.73,16704477,16703737
1252000,935738,179115,198.51,16692174,16689446
1253000,935621,178216,198.53,16779979,16780096
1254000,937368,177897,198.70,16790988,16789241
1255000,938214,178520,198.67,16810220,16809374
1256000,934787,179664,198.40,16705423,16708850
1257000,934220,179268,198.55,16710089,16710656
1258000,931490,177847,199.01,16674253,16676983
1259000,931822,179299,198.64,16551885,16551553
1260000,932763,180051,198.57,16634753,16633812
1261000,929668,180051,199.07,16548029,16551124
1262000,933890,181400,198.43,16655951,16651729
1263000,934259,182974,198.79,16620716,16620347
1264000,933039,184461,198.61,16635461,16636681
1265000,928499,184515,198.72,16489831,16494371
1266000,929442,183300,198.76,16501883,16500940
1267000,935481,184738,198.69,16615147,16609108
1268000,933943,185141,199.02,16687167,16688705
1269000,931722,185886,199.20,16527447,16529668
1270000,932731,186699,198.80,16529827,16528818
1271000,932502,185073,198.88,16675209,16675438
1272000,929400,183604,198.53,16600567,16603669
1273000,928585,182287,198.32,16567212,16568027
1274000,931067,183691,198.57,16614677,16612195
1275000,926709,182924,198.64,16577222,16581580
1276000,925891,184054,198.78,16488917,16489735
1277000,929332,182046,198.87,16496512,16493071
1278000,931249,183054,198.69,16606798,16604881
1279000,928861,182210,198.58,16563166,16565554
1280000,930549,184455,198.82,16550858,16549170
1281000,929844,184028,198.99,16499265,16499970
1282000,930856,184064,198.49,16596653,16595641
1283000,931577,183252,198.87,16603658,16602937
1284000,929393,184112,199.08,16469772,16471956
1285000,926348,184874,199.20,16386698,16389743
1286000,927582,187048,199.03,16404883,16403649
1287000,930661,187728,198.64,16497614,16494535
1288000,930619,188478,198.62,16536831,16536873
1289000,931333,187244,198.92,16628847,16628133
1290000,928332,187834,198.48,16611901,16614902
1291000,930587,185097,198.40,16619310,16617055
1292000,931109,183040,198.22,16732604,16732082
1293000,938774,183598,198.27,16869382,16861717
1294000,933105,182311,198.76,16677732,16683401
1295000,931818,181432,198.96,16534374,16535661
1296000,932947,183959,199.14,16574005,16572876
1297000,931468,185589,198.98,16564362,16565841
1298000,929850,186172,198.27,16634981,16636599
1299000,930686,185277,198.54,16676961,16676125
1300000,931161,185358,198.23,16636080,16635605
1301000,933394,182508,198.32,16708486,16706253
1302000,934246,180932,199.00,16686176,16685324
1303000,929651,180430,198.85,16568561,16573156
1304000,929475,179925,198.58,16528317,16528493
1305000,933254,178803,198.97,16615631,16611852
1306000,932415,179028,199.52,16518156,16518995
1307000,928480,181828,199.21,16395756,16399691
1308000,930130,182183,198.95,16501799,16500149
1309000,930685,180575,198.91,16531631,16531076
1310000,933587,179839,199.03,16532635,16529733
1311000,936948,179390,199.32,16579661,16576300
1312000,932092,179541,199.54,16488713,16493569
1313000,933548,181804,198.75,16548370,16546914
1314000,934364,181135,199.04,16636013,16635197
1315000,934735,182352,198.62,16582012,16581641
1316000,932310,182134,199.11,16601485,16603910
1317000,932963,181752,198.24,16607319,16606666
1318000,934348,182379,198.19,16758788,16757403
1319000,933558,182789,198.96,16677333,16678123
1320000,929451,183779,198.84,16582390,16586497
1321000,928398,184734,199.01,16515525,16516578
1322000,930740,183214,199.03,16561384,16559042
1323000,932554,185033,199.00,16510269,16508455
1324000,928809,185702,198.54,16540429,16544174
1325000,924478,186185,198.48,16552494,16556825
1326000,925809,186422,198.61,16475242,16473911
1327000,926555,186511,198.15,16510574,16509828
1328000,929864,183249,198.38,16616971,16613662
1329000,933698,182706,198.56,16672514,16668680
1330000,932549,182834,199.03,16593330,16594479
1331000,929873,184121,198.97,16539239,16541915
1332000,923493,185566,199.07,16432933,16439313
1333000,926294,188009,198.76,16407839,16405038
1334000,923409,187975,198.77,16435360,16438245
1335000,928275,187835,198.14,16517304,16512438
1336000,929407,186013,198.24,16657249,16656117
1337000,930731,183927,198.07,16648500,16647176
1338000,928342,184873,198.89,16631896,16634285
1339000,929134,185634,198.65,16536314,16535522
1340000,928209,186096,199.05,16484777,16485702
1341000,928910,187058,198.41,16457577,16456876
1342000,927552,187004,199.16,16503813,16505171
1343000,927511,186585,198.62,16425145,16425186
1344000,925195,186310,198.65,16455140,16457456
1345000,929133,185847,198.48,16548134,16544196
1346000,929945,185352,198.55,16608978,16608166
1347000,926915,187117,198.81,16464552,16467582
1348000,926844,186759,198.53,16445416,16445487
1349000,924872,187161,198.52,16421522,16423494
1350000,925555,187974,197.91,16450866,16450183
1351000,931965,185075,198.06,16651681,16645271
1352000,930404,183776,198.42,16626950,16628511
1353000,927156,183588,198.46,16570619,16573867
1354000,926740,184850,198.59,16518192,16518608
1355000,926815,183449,198.55,16499206,16499131
1356000,924511,185251,198.62,16431189,16433493
1357000,926272,184669,198.37,16490778,16489017
1358000,925934,183571,198.91,16455821,16456159
1359000,924948,185238,198.70,16407211,16408197
1360000,923982,186073,198.41,16469582,16470548
1361000,925384,186916,198.24,16538444,16537042
1362000,925621,185580,197.85,16550109,16549872
1363000,925311,184782,197.53,16654634,16654944
1364000,922023,183260,197.88,16648370,16651658
1365000,922239,182776,197.86,16554108,16553892
1366000,922013,183956,197.85,16543755,16543981
1367000,919379,185006,198.10,16518749,16521383
1368000,924063,183652,197.94,16523613,16518929
1369000,927366,184438,197.93,16629039,16625736
1370000,925841,185131,198.38,16550724,16552249
1371000,924768,185859,198.21,16550367,16551440
1372000,926388,184829,198.34,16521308,16519688
1373000,925743,185191,198.01,16619800,16620445
1374000,928595,185488,198.34,16624884,16622032
1375000,927107,186404,198.01,16600909,16602397
1376000,928937,186643,198.01,16613434,16611604
1377000,930110,185121,197.98,16709425,16708252
1378000,926954,183123,198.11,16599575,16602731
1379000,930245,182178,198.05,16697382,16694091
1380000,930309,183485,197.93,16657138,16657074
1381000,927252,184490,198.19,16641686,16644743
1382000,928326,184193,197.59,16654801,16653727
1383000,932131,182936,197.74,16787451,16783646
1384000,929665,184131,198.64,16770801,16773267
1385000,919537,186510,198.06,16495953,16506081
1386000,922103,186350,197.25,16651016,16648450
1387000,925245,185423,197.62,16725453,16722311
1388000,925323,183649,197.88,16654847,16654769
1389000,923811,184697,197.72,16684258,16685770
1390000,927786,183680,197.47,16637884,16633909
1391000,927951,183567,198.12,16756323,16756158
1392000,928706,183574,197.96,16699203,16698448
1393000,929822,182084,197.74,16699663,16698547
1394000,928407,181305,198.32,16688785,16690200
1395000,930519,180379,197.78,16683854,16681742
1396000,929143,179386,198.38,16775622,16776998
1397000,932219,181810,197.70,16764735,16761659
1398000,932017,179999,197.73,16813256,16813458
1399000,937472,176514,198.06,16907400,16901945
1400000,936435,174823,198.52,16826653,16827690
1401000,933897,175734,198.61,16725849,16728387
1402000,933003,177902,198.77,16670997,16671891
1403000,931427,178911,198.45,16602322,16603898
1404000,935224,177930,198.55,16747525,16743728
1405000,933215,179120,198.62,16646263,16648272
1406000,933690,179292,198.57,16673369,16672894
1407000,931570,179891,198.89,16660837,16662957
1408000,929541,182714,198.48,16558730,16560759
1409000,932386,182668,198.20,16686291,16683446
1410000,934516,179906,198.05,16847139,16845009
1411000,934826,180816,198.33,16789278,16788968
1412000,933931,181703,198.59,16764624,16765519
1413000,933569,182772,198.70,16660894,16661256
1414000,934398,183066,198.89,16707139,16706310
1415000,936060,183287,198.48,16752761,16751099
1416000,932538,181440,198.35,16709596,16713118
1417000,938239,180260,198.32,16806020,16800319
1418000,934087,181637,198.52,16731846,16735998
1419000,933234,183757,198.41,16718970,16719823
1420000,934906,184713,198.37,16759474,16757802
1421000,934730,186119,198.47,16716903,16717079
1422000,930418,187175,198.42,16630579,16634891
1423000,929565,188024,198.66,16568121,16568974
1424000,933883,187211,198.28,16714838,16710520
1425000,934071,185477,198.56,16739091,16738903
1426000,934202,184451,198.51,16710793,16710662
1427000,938192,182918,198.63,16756300,16752310
1428000,937132,182058,198.35,16794976,16796036
1429000,936093,179283,198.75,16800543,16801582
1430000,936750,179421,198.72,16692772,16692115
1431000,936685,179253,198.79,16673437,16673502
1432000,936494,179605,198.27,16806844,16807035
1433000,934806,177660,198.37,16855612,16857300
1434000,939442,173985,198.73,16873356,16868720
1435000,935994,173669,198.91,16729968,16733416
1436000,934882,174492,198.82,16682256,16683368
1437000,933898,175018,199.01,16619637,16620621
1438000,932238,176671,199.05,16579102,16580762
1439000,936046,178754,198.91,16649467,16645659
1440000,932712,180210,198.83,16669809,16673143
1441000,929778,181875,198.48,16518330,16521264
1442000,931439,181829,198.63,16555458,16553797
1443000,931944,181080,198.37,16698559,16698054
1444000,931947,180507,198.21,16704715,16704712
1445000,930584,179937,198.39,16681833,16683196
1446000,933689,177904,197.91,16786356,16783251
1447000,934034,178024,198.52,16794163,16793818
1448000,930823,178635,198.91,16629709,16632920
1449000,931612,180222,198.96,16512674,16511885
1450000,932525,179661,198.11,16598080,16597167
1451000,937648,178512,198.72,16751212,16746089
1452000,936400,176939,198.69,16742728,16743976
1453000,934129,178998,199.29,16584426,16586697
1454000,930469,180992,198.49,16534925,16538585
1455000,932805,179691,198.95,16624450,16622114
1456000,935458,179968,198.84,16637671,16635018
1457000,939117,178298,198.84,16698725,16695066
1458000,940105,176600,199.33,16754853,16753865
1459000,935561,179648,199.22,16632325,16636869
1460000,936248,180722,198.50,16693297,16692610
1461000,933606,180764,198.68,16660648,16663290
1462000,934223,177843,198.42,16721746,16721129
1463000,934256,178409,198.65,16690987,16690954
1464000,930432,179877,198.89,16653926,16657750
1465000,928024,182153,199.00,16447621,16450029
1466000,927420,183740,198.67,16535195,16535799
1467000,928325,182480,198.60,16507175,16506270
1468000,931589,181925,198.55,16573616,16570352
1469000,934008,182451,198.97,16617034,16614615
1470000,934118,180358,198.95,16625969,16625859
1471000,934096,181406,198.92,16543847,16543869
1472000,928841,181835,199.30,16441985,16447240
1473000,931359,181083,198.17,16566075,16563557
1474000,939305,180295,198.35,16821408,16813462
1475000,934258,177830,198.69,16784750,16789797
1476000,934550,179294,198.68,16645017,16644725
1477000,934060,178152,199.29,16614768,16615258
1478000,931359,179961,198.74,16504057,16506758
1479000,931176,180411,198.83,16544424,16544607
1480000,932844,181428,198.15,16602811,16601143
1481000,933387,181586,198.44,16679533,16678990
1482000,929062,180099,198.87,16607883,16612208
1483000,929432,180926,198.88,16467747,16467377
1484000,933829,180966,198.72,16555274,16550877
1485000,935138,178309,198.95,16637667,16636358
1486000,935022,178394,198.51,16665470,16665586
1487000,936842,176797,198.90,16735454,16733634
1488000,935323,177494,198.76,16700336,16701855
1489000,934336,176894,198.30,16689414,16690401
1490000,936194,176749,198.42,16739349,16737491
1491000,934825,175706,198.71,16742408,16743777
1492000,936041,175132,198.79,16739359,16738143
1493000,933194,175455,199.13,16548535,16551382
1494000,933909,177399,198.88,16493073,16492358
1495000,931236,178813,198.93,16487777,16490450
1496000,929457,181026,198.96,16481679,16483458
1497000,929454,181869,198.69,16442743,16442746
1498000,929553,178770,198.51,16566932,16566833
1499000,935401,177686,198.59,16715477,16709629
1500000,934712,175045,199.07,16666099,16666788
1501000,936804,174286,199.05,16600091,16597999
1502000,934248,176620,199.38,16525855,16528411
1503000,931855,178288,199.60,16432743,16435136
1504000,933399,181171,199.11,16506821,16505277
1505000,928857,181360,198.92,16507749,16512291
1506000,929073,179753,198.64,16483190,16482974
1507000,929142,179684,199.16,16525045,16524976
1508000,930470,181612,199.01,16492453,16491125
1509000,926342,184193,199.04,16455590,16459718
1510000,928341,184570,198.29,16509869,16507870
1511000,930354,183431,198.51,16578782,16576769
1512000,930153,183701,198.53,16588513,16588714
1513000,929109,184203,198.60,16620832,16621876
1514000,929854,183335,198.67,16603884,16603139
1515000,931147,182189,198.45,16639619,16638326
1516000,933752,181164,198.18,16687682,16685077
1517000,933739,179094,198.80,16676480,16676493
1518000,931903,182188,198.75,16616585,16618421
1519000,930290,182580,198.69,16655603,16657216
1520000,931007,182148,198.57,16610520,16609803
1521000,932544,179482,198.52,16667198,16665661
1522000,932032,178567,198.22,16672475,16672987
1523000,929757,177715,198.32,16672690,16674965
1524000,930258,178962,198.38,16645243,16644742
1525000,930886,179367,198.71,16625662,16625034
1526000,926197,179044,198.69,16504499,16509188
1527000,922459,182122,198.66,16382457,16386195
1528000,926503,183130,197.82,16544975,16540931
1529000,930658,182856,198.24,16722842,16718687
1530000,931183,182298,198.20,16641274,16640749
1531000,930403,183600,198.47,16622804,16623584
1532000,930046,182564,198.61,16597764,16598121
1533000,928708,182480,198.66,16571411,16572749
1534000,929395,181354,198.34,16670963,16670276
1535000,929598,182850,198.44,16544729,16544526
1536000,928708,186092,198.91,16545250,16546140
1537000,926518,188194,198.72,16554994,16557184
1538000,926110,188592,198.50,16481591,16481999
1539000,929757,188214,197.69,16631620,16627973
1540000,930253,186615,198.36,16741758,16741262
1541000,930790,185491,198.30,16685141,16684604
1542000,931945,185883,199.04,16602296,16601141
1543000,933481,185718,198.14,16587700,16586164
1544000,931932,184981,198.20,16715589,16717138
1545000,932249,186372,198.36,16705895,16705578
1546000,928664,187605,198.52,16580677,16584262
1547000,930131,186744,198.37,16620870,16619403
1548000,929833,184621,198.60,16636351,16636649
1549000,930573,184470,198.47,16695654,16694914
1550000,927264,182952,199.00,16519592,16522901
1551000,926569,183226,198.46,16532157,16532852
1552000,927875,181928,198.49,16572639,16571333
1553000,928341,182636,197.77,16663516,16663050
1554000,928195,183717,198.26,16681345,16681491
1555000,924129,184479,197.72,16624325,16628391
1556000,926937,184955,198.19,16633852,16631044
1557000,924344,183528,198.00,16685039,16687632
1558000,926481,184303,198.15,16611553,16609416
1559000,926354,185045,198.37,16596186,16596313
1560000,923326,188009,198.45,16514573,16517601
1561000,923195,188038,197.86,16538130,16538261
1562000,928112,187019,197.68,16686367,16681450
1563000,924726,184086,198.36,16732216,16735602
1564000,928376,185713,197.55,16684013,16680363
1565000,931278,183999,198.09,16737894,16734992
1566000,929441,185903,197.90,16743107,16744944
1567000,927592,184478,197.53,16775203,16777052
1568000,927168,182030,197.94,16770068,16770492
1569000,933731,181561,197.34,16883270,16876707
1570000,932081,182109,197.54,16895181,16896831
1571000,927214,184440,198.11,16773434,16778301
1572000,926336,184287,197.56,16600048,16600926
1573000,931786,183046,197.51,16808870,16803420
1574000,925717,181515,198.17,16741465,16747534
1575000,923433,181533,197.92,16638381,16640665
1576000,926393,182909,197.47,16703000,16700040
1577000,926670,181773,197.21,16773242,16772965
1578000,927170,184129,197.25,16764979,16764479
1579000,929834,185833,197.25,16911386,16908722
1580000,928374,184765,197.23,16830168,16831628
1581000,925073,186370,197.58,16722618,16725919
1582000,926176,187981,197.42,16708000,16706897
1583000,925436,187326,197.24,16812972,16813712
1584000,919742,189438,197.72,16567422,16573116
1585000,923177,189267,197.44,16642608,16639173
1586000,924329,188576,196.78,16801845,16800693
1587000,925483,187535,196.79,16917436,16916282
1588000,925702,188251,197.66,16867350,16867131
1589000,923888,188754,197.82,16724912,16726726
1590000,923443,189502,197.47,16630340,16630785
1591000,927782,186545,197.88,16811116,16806777
1592000,926127,186950,197.91,16760444,16762099
1593000,925751,186358,197.44,16759959,16760335
1594000,930921,184273,197.16,16915120,16909950
1595000,929682,180510,197.88,16877697,16878936
1596000,930774,181565,197.83,16828414,16827322
1597000,932287,182137,197.67,16911158,16909645
1598000,931877,183712,197.63,16881908,16882318
1599000,929743,183298,197.65,16869656,16871790
1600000,934926,182023,197.36,16968356,16963173
1601000,939415,180003,197.66,17062896,17058407
1602000,936106,180552,198.12,16954376,16957685
1603000,936045,181601,198.01,16877024,16877085
1604000,933009,180587,197.96,16955194,16958230
1605000,933585,182089,198.18,16831483,16830907
1606000,931999,184370,198.30,16731577,16733163
1607000,928227,185289,197.89,16744109,16747881
1608000,928233,185057,197.90,16751572,16751566
1609000,928954,184429,197.84,16764119,16763398
1610000,932352,183837,198.02,16827591,16824193
1611000,928658,183131,197.89,16736658,16740352
1612000,929112,186055,197.88,16765980,16765526
1613000,927116,184592,197.59,16785305,16787301
1614000,930223,183549,197.27,16869251,16866144
1615000,929121,182263,197.85,16918083,16919185
1616000,928636,182051,197.80,16773888,16774373
1617000,928286,182337,198.06,16733651,16734001
1618000,930874,184065,197.90,16753708,16751120
1619000,929024,184607,198.02,16722246,16724096
1620000,929517,184254,197.33,16850352,16849859
1621000,934710,184326,197.52,16933099,16927906
1622000,932786,184328,197.87,16877179,16879103
1623000,929130,184116,197.98,16777489,16781145
1624000,927426,186374,197.90,16657460,16659164
1625000,927934,187417,197.84,16742574,16742066
1626000,929576,187208,197.96,16730006,16728364
1627000,927579,188388,198.05,16790534,16792531
1628000,930430,187725,197.81,16686709,16683858
1629000,930776,189042,197.82,16687537,16687191
1630000,927158,189025,198.06,16777324,16780942
1631000,932073,188055,197.96,16761804,16756889
1632000,933531,187319,198.15,16769632,16768174
1633000,937041,185422,197.97,16874184,16870674
1634000,935339,184411,198.44,16877280,16878982
1635000,933371,185343,198.60,16731822,16733790
1636000,934421,185782,198.41,16708087,16707037
1637000,934583,183397,198.71,16750116,16749954
1638000,935457,184616,197.84,16786313,16785439
1639000,935630,182936,197.83,16934379,16934206
1640000,937040,182796,197.59,16976375,16974965
1641000,936524,180702,198.41,16985800,16986316
1642000,933751,180286,198.08,16790464,16793237
1643000,934124,179080,198.23,16830753,16830380
1644000,935945,179258,197.73,16845110,16843289
1645000,935650,177257,197.87,16897199,16897494
1646000,933030,177242,198.42,16869795,16872415
1647000,932271,176132,198.57,16757294,16758053
1648000,929059,177437,198.37,16667712,16670924
1649000,933306,177963,198.63,16734884,16730637
1650000,937335,178828,198.30,16773722,16769693
1651000,937129,179084,198.44,16795087,16795293
1652000,932759,178346,198.75,16776462,16780832
1653000,934094,179139,197.89,16719434,16718099
1654000,934993,178489,197.92,16878933,16878034
1655000,936492,178301,198.41,16903608,16902109
1656000,930980,179742,198.51,16776424,16781936
1657000,932352,180791,198.85,16612386,16611014
1658000,933536,181711,198.84,16629245,16628061
1659000,934608,183590,198.81,16650100,16649028
1660000,936951,185252,199.18,16699495,16697152
1661000,933204,185576,198.98,16611539,16615286
1662000,934205,185140,198.57,16625961,16624960
1663000,935458,183803,199.08,16627064,16625811
1664000,935159,184428,198.92,16593766,16594065
1665000,932750,185645,198.79,16560905,16563314
1666000,935596,185845,198.70,16631949,16629103
1667000,935118,186587,198.72,16664529,16665007
1668000,930522,186059,198.83,16631838,16636434
1669000,929078,188682,198.76,16576746,16578190
1670000,930225,188577,198.88,16605218,16604071
1671000,935839,187031,198.46,16670391,16664777
1672000,936741,185302,198.82,16674346,16673444
1673000,934166,186381,199.27,16631676,16634251
1674000,930572,187057,199.54,16463329,16466923
1675000,935864,188285,198.97,16572241,16566949
1676000,937350,188790,198.46,16697985,16696499
1677000,937521,189224,198.60,16763863,16763692
1678000,936418,188412,198.51,16730469,16731572
1679000,933864,186547,198.54,16792903,16795457
1680000,936664,186268,198.18,16777622,16774822
1681000,940902,185592,198.64,16883114,16878876
1682000,939882,186002,198.48,16877960,16878980
1683000,937979,186909,198.53,16803563,16805466
1684000,933684,187030,198.61,16726409,16730704
1685000,933732,186543,198.38,16749943,16749895
1686000,933328,183999,198.34,16819789,16820193
1687000,933718,180531,197.82,16793282,16792892
1688000,936063,179529,198.26,16905510,16903165
1689000,934465,178957,198.09,16822080,16823678
1690000,932779,180214,198.18,16728285,16729971
1691000,936186,180412,198.10,16833644,16830237
1692000,934236,179151,198.49,16798387,16800337
1693000,932866,181090,198.30,16727417,16728787
1694000,929531,180176,198.05,16695546,16698881
1695000,930317,179468,198.17,16716154,16715368
1696000,933896,180379,198.51,16732977,16729398
1697000,931826,181124,198.35,16681653,16683723
1698000,926344,183008,199.13,16473978,16479460
1699000,926827,185815,198.76,16470564,16470081
1700000,934678,185486,198.67,16637357,16629506
1701000,936054,185676,198.76,16692149,16690773
1702000,930285,185147,198.62,16612180,16617949
1703000,928546,185360,198.40,16544411,16546150
1704000,929558,184661,198.85,16611565,16610553
1705000,929154,186007,198.31,16543534,16543938
1706000,928514,186359,198.24,16585957,16586597
1707000,929221,183346,198.55,16624789,16624082
1708000,924971,183116,198.84,16560743,16564993
1709000,924573,185384,198.72,16399518,16399916
1710000,926144,185802,199.01,16438858,16437287
1711000,926834,186316,198.65,16446992,16446302
1712000,929712,186861,198.80,16574139,16571261
1713000,929473,183785,198.47,16613979,16614218
1714000,930829,183996,198.55,16583501,16582145
1715000,931058,185766,198.58,16603015,16602786
1716000,927068,186674,198.48,16567727,16571717
1717000,924157,185321,198.76,16462948,16465859
1718000,925505,183578,198.11,16506380,16505032
1719000,929285,183383,197.92,16599145,16595365
1720000,932806,182693,197.99,16713514,16709993
1721000,932290,180688,198.59,16749019,16749535
1722000,926624,180081,198.18,16644926,16650592
1723000,931396,182028,198.23,16668683,16663911
1724000,927905,182703,198.27,16655805,16659296
1725000,929257,182288,198.18,16624603,16623251
1726000,928819,181084,198.32,16654640,16655078
1727000,934763,180353,198.35,16681768,16675824
1728000,927400,182635,198.69,16554903,16562266
1729000,925304,182934,198.70,16499586,16501682
1730000,931173,181862,198.27,16663532,16657663
1731000,927680,182124,198.41,16632511,16636004
1732000,926820,184549,198.16,16652033,16652893
1733000,925061,188420,197.68,16646593,16648352
1734000,919186,190321,198.04,16559366,16565241
1735000,923676,190502,198.15,16567176,16562686
1736000,927412,189991,197.88,16622583,16618847
1737000,927993,187929,197.90,16687678,16687097
1738000,926695,188322,198.02,16645979,16647277
1739000,922149,189797,198.19,16638042,16642588
1740000,919926,190784,197.46,16480468,16482691
1741000,926781,189541,197.34,16727819,16720964
1742000,929157,187276,197.61,16817129,16814753
1743000,925329,184249,197.85,16709536,16713364
1744000,930102,185296,197.92,16809252,16804479
1745000,927357,187018,197.81,16699465,16702210
1746000,926746,186289,197.99,16628900,16629511
1747000,931732,186547,197.98,16765164,16760178
1748000,933645,183948,198.07,16824500,16822587
1749000,927848,185189,198.46,16671785,16677582
1750000,922225,186599,198.25,16567889,16573512
1751000,925557,186758,197.77,16590683,16587351
1752000,928066,187194,198.03,16701026,16698517
1753000,925816,186662,197.69,16721744,16723994
1754000,931785,185956,197.54,16832082,16826113
1755000,928433,185487,198.24,16820584,16823936
1756000,927836,187051,197.74,16751981,16752578
1757000,930033,186613,197.95,16764327,16762130
1758000,925946,186226,197.76,16778451,16782538
1759000,928740,185533,197.59,16814294,16811500
1760000,932637,183786,197.13,16942786,16938889
1761000,937223,181555,197.85,17033820,17029234
1762000,941010,178111,197.71,17104070,17100283
1763000,940803,178056,198.26,17049034,17049241
1764000,935140,180428,198.24,16940467,16946130
1765000,928823,184048,197.85,16792211,16798528
1766000,927012,183782,197.99,16741455,16743266
1767000,929840,184406,197.92,16757034,16754206
1768000,930747,184602,197.44,16907658,16906751
1769000,929130,183685,197.64,16884317,16885934
1770000,928552,181966,197.52,16819391,16819969
1771000,929279,182354,197.71,16868326,16867599
1772000,934033,181728,197.53,16921271,16916517
1773000,929844,182847,197.36,16950209,16954398
1774000,930521,182225,197.21,16985030,16984353
1775000,930151,181248,197.58,16949768,16950138
1776000,929681,183225,197.77,16816674,16817144
1777000,924858,184827,197.30,16737641,16742464
1778000,923230,184803,197.43,16728565,16730193
1779000,927238,184727,197.46,16764952,16760944
1780000,926251,181877,197.51,16862971,16863958
1781000,931163,180649,197.42,16915304,16910392
1782000,938649,179657,196.89,17126239,17118753
1783000,940849,176762,197.38,17182431,17180231
1784000,936453,176576,197.62,17089401,17093797
1785000,936709,176521,197.28,17018353,17018097
1786000,935732,176711,198.03,16999202,17000179
1787000,934447,178971,197.78,16909381,16910666
1788000,934369,179509,197.22,16977600,16977678
1789000,933172,182061,196.94,16936122,16937319
1790000,933659,179826,197.40,17043356,17042869
1791000,936333,182033,197.29,17048813,17046139
1792000,936677,179537,197.02,17137377,17137033
1793000,937897,178678,197.25,17215542,17214322
1794000,933669,178082,197.69,17014937,17019165
1795000,931165,181520,197.82,16897617,16900121
1796000,929783,182116,197.38,16905046,16906428
1797000,929852,182817,197.66,16852070,16852001
1798000,931319,183364,197.21,16961268,16959801
1799000,928745,184054,197.53,16841383,16843957
1800000,928378,185087,197.98,16793218,16793585
1801000,924003,185614,197.95,16711788,16716163
1802000,928462,189677,198.11,16690422,16685963
1803000,928054,189910,198.58,16695591,16695999
1804000,929704,191150,197.41,16729191,16727541
1805000,932242,190646,197.66,16840304,16837766
1806000,931548,189745,198.30,16878652,16879346
1807000,930871,189390,197.76,16844749,16845426
1808000,933381,188397,197.78,16850651,16848141
1809000,934509,188294,197.88,16920161,16919033
1810000,929692,188650,198.24,16834103,16838920
1811000,929256,187257,197.99,16709545,16709981
1812000,933177,186899,197.94,16799516,16795595
1813000,934411,186754,197.73,16849697,16848463
1814000,932112,185533,197.61,16922343,16924642
1815000,933231,185089,197.91,16916456,16915337
1816000,931149,184110,198.01,16877904,16879986
1817000,930590,182934,197.85,16820830,16821389
1818000,929063,182349,198.10,16736283,16737810
1819000,929667,182219,198.47,16684188,16683584
1820000,929225,183866,197.94,16651755,16652197
1821000,929974,185191,197.88,16760138,16759389
1822000,923840,183534,198.02,16647944,16654078
1823000,925869,184422,198.14,16653046,16651017
1824000,929118,183053,198.02,16687901,16684652
1825000,929463,181869,198.20,16755141,16754796
1826000,926939,182335,198.08,16676253,16678777
1827000,928816,182529,197.97,16702052,16700175
1828000,933049,182936,197.85,16840099,16835866
1829000,931251,182666,198.09,16783907,16785705
1830000,923802,183152,198.49,16619331,16626780
1831000,924723,185732,198.02,16547071,16546150
1832000,928817,184915,198.11,16657373,16653279
1833000,929384,182994,197.84,16781489,16780922
1834000,930420,182049,198.30,16790611,16789575
1835000,931530,182680,198.36,16785937,16784827
1836000,932112,181945,197.85,16869080,16868498
1837000,932147,181204,197.75,16894790,16894755
1838000,930338,179692,198.30,16789755,16791564
1839000,934902,180580,197.62,16837111,16832547
1840000,936139,180827,197.88,16963271,16962034
1841000,932823,179062,198.01,16889978,16893294
1842000,933968,179262,198.26,16842532,16841387
1843000,931731,179945,197.72,16808636,16810873
1844000,935901,179927,197.73,16981021,16976851
1845000,932046,179966,197.69,16917004,16920859
1846000,932219,180139,197.84,16878472,16878299
1847000,931520,179794,197.42,16921121,16921820
1848000,931845,180164,197.82,16877459,16877134
1849000,934666,179792,197.87,16893521,16890700
1850000,936216,182300,198.26,16918134,16916584
1851000,929869,183714,197.75,16799934,16806281
1852000,930258,183644,197.49,16844732,16844343
1853000,933567,183607,197.44,16925444,16922135
1854000,930768,184005,197.85,16858660,16861459
1855000,931501,181283,197.96,16845349,16844616
1856000,939238,182265,197.94,16945750,16938013
1857000,933940,182818,198.50,16814857,16820155
1858000,929478,185718,198.02,16638078,16642540
1859000,930290,187648,197.40,16761939,16761127
1860000,930717,185345,198.12,16870677,16870250
1861000,930677,183610,197.56,16793108,16793148
1862000,933420,181441,197.59,16921927,16919184
1863000,932359,179994,197.93,16905635,16906696
1864000,929470,180867,198.33,16772287,16775176
1865000,924560,182199,198.48,16560915,16565825
1866000,926045,182597,197.83,16593817,16592332
1867000,927294,183032,197.62,16708297,16707048
1868000,927645,183481,197.95,16709491,16709140
1869000,930144,183469,197.79,16742703,16740204
1870000,928776,184553,198.05,16754285,16755653
1871000,922291,185122,197.89,16626057,16632542
1872000,927340,186613,198.32,16647199,16642150
1873000,924350,186149,198.60,16560693,16563683
1874000,926316,189027,197.82,16547639,16545673
1875000,926762,189507,198.03,16646887,16646441
1876000,928636,188842,198.32,16705811,16703937
1877000,926197,186750,197.81,16623395,16625834
1878000,925913,186999,198.11,16627465,16627749
1879000,924142,187940,198.04,16580043,16581814
1880000,922547,187774,197.94,16564728,16566323
1881000,923554,186457,197.53,16587720,16586713
1882000,926434,185600,197.92,16642388,16639508
1883000,928111,184451,198.52,16605372,16603695
1884000,927558,184242,198.61,16503458,16504011
1885000,926042,186517,198.68,16450876,16452392
1886000,919772,188655,198.81,16316070,16322340
1887000,921840,189908,198.86,16260786,16258718
1888000,926794,190008,198.84,16350828,16345874
1889000,930547,191275,198.32,16547148,16543395
1890000,931683,190480,198.42,16645152,16644016
1891000,927690,190421,199.16,16473883,16477876
1892000,920960,193664,199.15,16342125,16348855
1893000,920311,196155,198.57,16262284,16262933
1894000,921891,196251,198.78,16288310,16286730
1895000,919799,196282,198.92,16306049,16308141
1896000,925602,194811,198.62,16416363,16410560
1897000,926824,192644,198.75,16480858,16479636
1898000,929661,193189,198.47,16542927,16540090
1899000,926946,194394,198.96,16530108,16532823
1900000,928789,194573,198.38,16450420,16448577
1901000,924802,194554,199.18,16459915,16463902
1902000,923074,196978,198.51,16322102,16323830
1903000,925456,195303,198.34,16428962,16426580
1904000,926872,193575,198.74,16458059,16456643
1905000,925177,193521,198.54,16512362,16514057
1906000,925149,194621,198.07,16549002,16549030
1907000,923613,193815,198.32,16528685,16530221
1908000,923814,192970,198.63,16488506,16488305
1909000,926233,193375,198.74,16394224,16391805
1910000,925144,191907,199.43,16364090,16365179
1911000,928480,191707,199.17,16329235,16325899
1912000,923081,192596,199.39,16278673,16284072
1913000,923344,191251,199.07,16275676,16275413
1914000,924810,191215,198.93,16324057,16322591
1915000,924288,192066,198.98,16332967,16333489
1916000,919895,191823,199.35,16258597,16262990
1917000,918480,194325,199.22,16085938,16087353
1918000,920733,193074,199.16,16228382,16226129
1919000,922517,193532,199.60,16203725,16201941
1920000,921842,194198,199.60,16186117,16186792
1921000,924184,195938,198.60,16208441,16206099
1922000,923662,193689,199.46,16266726,16267248
1923000,921478,195306,198.97,16170537,16172721
1924000,917309,196160,199.56,16080387,16084556
1925000,918952,197208,198.67,16081545,16079902
1926000,918504,197385,199.04,16203105,16203553
1927000,920496,199766,198.95,16217465,16215473
1928000,911214,199818,199.18,15979526,15988808
1929000,914366,201763,199.03,15972221,15969069
1930000,911632,200840,199.59,15978353,15981087
1931000,916423,202219,198.46,16006292,16001501
1932000,920246,202110,198.30,16228196,16224373
1933000,918795,200662,198.43,16299017,16300468
1934000,918882,198493,198.21,16332685,16332598
1935000,918631,197207,198.85,16251632,16251883
1936000,918477,195983,199.10,16224214,16224368
1937000,921722,197910,198.37,16168164,16164919
1938000,920137,195662,198.66,16318645,16320230
1939000,922355,195588,198.71,16304058,16301840
1940000,923346,194630,199.14,16321889,16320898
1941000,922326,197089,199.03,16232163,16233183
1942000,914700,199118,199.29,16148804,16156430
1943000,911068,200461,199.02,15947001,15950633
1944000,909187,198955,198.96,15991335,15993216
1945000,915394,199059,198.76,16070658,16064451
1946000,916766,198460,199.08,16071290,16069918
1947000,917472,197822,198.70,16071449,16070743
1948000,916906,198147,198.97,16121413,16121979
1949000,914881,198920,198.86,16029495,16031520
1950000,911875,197575,198.70,16072728,16075734
1951000,918444,197542,198.37,16189685,16183116
1952000,915118,197866,198.96,16130392,16133718
1953000,913122,197979,199.42,16008320,16010316
1954000,914662,199299,198.99,15978504,15976964
1955000,912139,200379,199.06,16032049,16034572
1956000,913393,199397,199.39,16019913,16018659
1957000,909777,200175,199.76,15871392,15875008
1958000,910363,202076,199.87,15765968,15765382
1959000,912286,203038,199.18,15846310,15844387
1960000,912709,201792,198.66,15918465,15918042
1961000,917042,201282,199.08,16152679,16148346
1962000,915710,198750,198.79,16015745,16017077
1963000,913737,198695,199.53,15959939,15961912
1964000,912583,200285,199.10,15902290,15903444
1965000,912409,199423,199.16,15971584,15971758
1966000,913561,198112,198.29,16085632,16084480
1967000,917966,196263,198.39,16175880,16171475
1968000,915767,195499,198.94,16101981,16104180
1969000,911408,197437,198.59,16007919,16012278
1970000,914867,197459,198.62,16105471,16102012
1971000,913787,196720,198.71,16138081,16139161
1972000,912719,196190,198.76,16088080,16089148
1973000,910249,195190,199.07,16039202,16041672
1974000,908813,196753,198.47,15934541,15935977
1975000,910759,195480,199.03,16000025,15998079
1976000,908126,197489,199.06,15902468,15905101
1977000,910002,198554,199.08,15909898,15908022
1978000,909119,199436,199.22,15924203,15925086
1979000,906227,199339,198.90,15854269,15857161
1980000,912385,199667,198.84,15971284,15965126
1981000,907843,199082,198.54,16022816,16027358
1982000,909459,200272,198.94,15982513,15980897
1983000,904722,201050,199.15,15791159,15795896
1984000,907009,201731,199.35,15768148,15765861
1985000,906997,201694,199.05,15769388,15769400
1986000,902243,202528,199.47,15673698,15678452
1987000,903701,201989,199.07,15650739,15649281
1988000,910523,202322,198.76,15873387,15866565
1989000,905790,201776,199.49,15852408,15857141
1990000,904376,204140,198.94,15713381,15714795
1991000,903094,204284,199.30,15700586,15701868
1992000,900564,203997,199.92,15486702,15489232
1993000,902687,204135,199.76,15534719,15532596
1994000,908661,201085,198.79,15711926,15705952
1995000,914467,199181,198.70,16001920,15996114
1996000,914788,198030,199.21,15992232,15991911
1997000,909016,199656,199.22,15870235,15876007
1998000,906444,200893,199.22,15811384,15813956
1999000,908165,200156,198.88,15833509,15831788
2000000,910233,198239,198.81,16006437,16004369
2001000,909811,197988,199.32,15922008,15922430
2002000,907877,199226,199.33,15797677,15799611
2003000,908943,197482,198.77,15806588,15805522
2004000,910129,197679,198.71,15920778,15919592
2005000,907676,197816,199.10,15869609,15872062
2006000,906226,200511,199.40,15809725,15811175
2007000,906473,202460,198.65,15793854,15793607
2008000,900979,203667,198.73,15805219,15810713
2009000,902879,204601,198.41,15787330,15785430
2010000,904920,201922,198.80,15840211,15838170
2011000,908900,200549,198.61,15862142,15858162
2012000,904973,200308,198.82,15944926,15948853
2013000,905341,199207,198.35,15820711,15820343
2014000,910070,199862,198.85,16013408,16008679
2015000,905230,198852,199.08,15864241,15869081
2016000,905388,198828,198.85,15789237,15789079
2017000,911817,197287,198.99,15963868,15957439
2018000,912119,196629,199.01,16047139,16046837
2019000,913048,197108,198.31,15994052,15993123
2020000,913479,194700,198.98,16029976,16029545
2021000,913626,194278,198.69,16022185,16022038
2022000,911701,194822,198.91,15929847,15931772
2023000,907327,196674,199.27,15874415,15878789
2024000,908728,198662,199.17,15929437,15928036
2025000,906595,199405,198.94,15824356,15826489
2026000,910250,200313,198.69,15942606,15938951
2027000,908589,200829,198.84,15954631,15956292
2028000,911008,200427,198.53,16001923,15999504
2029000,909147,199040,198.93,15972587,15974448
2030000,906914,200328,198.31,15963917,15966150
2031000,908616,201543,198.51,16011645,16009943
2032000,904435,202824,198.78,15922360,15926541
2033000,903796,201027,198.76,15842715,15843354
2034000,910331,199396,198.55,15998483,15991948
2035000,917916,198671,198.30,16109756,16102171
2036000,914431,198641,198.83,16133524,16137009
2037000,916958,198625,198.63,16126311,16123784
2038000,909328,196670,199.43,16001100,16008730
2039000,908902,198763,199.02,15838153,15838579
2040000,907570,199810,198.91,15848535,15849867
2041000,909134,199067,198.92,15976784,15975220
2042000,909872,199335,198.65,16044190,16043452
2043000,915511,197051,198.51,16126977,16121338
2044000,911889,195859,198.81,16037280,16040902
2045000,907334,197756,199.07,15915527,15920082
2046000,906575,198120,199.11,15843607,15844366
2047000,906157,197835,198.92,15835316,15835734
2048000,905795,196870,198.89,15859726,15860088
2049000,909400,196195,198.69,15945379,15941774
2050000,909619,197535,198.88,16031578,16031359
2051000,905719,198156,199.31,15862077,15865977
2052000,902919,199567,199.19,15752451,15755251
2053000,900651,201980,198.84,15711614,15713882
2054000,906701,202428,198.33,15861567,15855517
2055000,908159,201117,197.88,15972407,15970949
2056000,909513,200453,198.50,16101130,16099776
2057000,900370,200970,198.78,15896669,15905812
2058000,907379,199118,198.07,15946961,15939952
2059000,908453,197535,198.47,16093336,16092262
2060000,910893,198751,198.61,16031034,16028594
2061000,912004,199565,198.28,16110577,16109466
2062000,913858,197727,198.24,16140661,16138807
2063000,909088,197140,199.40,16001229,16005999
2064000,906919,198412,198.61,15890597,15892766
2065000,907512,197150,198.60,15890120,15889527
2066000,910886,199902,198.90,15964205,15960831
2067000,912341,198381,198.63,16041079,16039624
2068000,909461,197360,198.85,16033443,16036323
2069000,910362,195873,198.46,16076287,16075386
2070000,913471,195947,199.10,16026867,16023758
2071000,909877,197022,198.97,15922072,15925666
2072000,909672,196328,199.17,15899990,15900195
2073000,909057,194950,198.58,15975662,15976277
2074000,909244,193905,198.53,16072527,16072340
2075000,914355,191950,198.50,16088499,16083388
2076000,916297,191276,198.66,16172655,16170713
2077000,913685,191771,199.13,16067368,16069980
2078000,913771,192045,198.66,16042196,16042110
2079000,914751,193558,198.86,16138020,16137040
2080000,912859,193655,198.56,16089344,16091236
2081000,912775,194417,198.70,16055229,16055313
2082000,914437,196407,199.20,16005502,16003840
2083000,911450,197014,199.21,15886563,15889550
2084000,909235,196345,199.51,15840331,15842546
2085000,910114,196625,199.61,15812715,15811836
2086000,912168,197054,199.13,15865040,15862986
2087000,906043,199697,199.16,15815448,15821573
2088000,906806,199778,198.95,15752537,15751774
2089000,912273,198418,199.16,15922647,15917180
2090000,914905,198086,198.88,15972102,15969470
2091000,914563,199187,198.90,16002549,16002891
2092000,910389,200378,199.39,15818779,15822953
2093000,905612,200484,199.55,15702577,15707354
2094000,914210,200854,199.38,15840484,15831886
2095000,914749,198950,198.59,16046836,16046297
2096000,912951,196534,199.31,16008595,16010393
2097000,916472,195834,198.76,15983341,15979820
2098000,912768,194726,198.97,16007226,16010930
2099000,909925,194858,199.24,15861457,15864300
2100000,914861,194566,198.99,15932930,15927994
2101000,919558,192408,199.14,16061420,16056723
2102000,912835,192848,199.71,15997082,16003805
2103000,911371,195529,199.51,15829606,15831070
2104000,908969,196312,199.22,15795835,15798237
2105000,915910,197524,199.17,15977941,15971000
2106000,915605,196655,199.15,16097051,16097356
2107000,911461,197186,199.50,15945115,15949259
2108000,914203,196262,198.91,15951555,15948813
2109000,913254,194681,199.49,16009061,16010010
2110000,914874,195430,199.07,15967973,15966353
2111000,917244,196044,198.68,16131411,16129041
2112000,920550,193287,198.63,16164563,16161257
2113000,921786,190094,199.16,16227046,16225810
2114000,917765,191309,200.04,16060004,16064025
2115000,913884,194038,199.55,15914590,15918471
2116000,915752,193966,199.25,15976684,15974816
2117000,921334,192566,198.80,16094855,16089273
2118000,921395,191489,199.60,16191682,16191621
2119000,920516,193969,199.22,16085228,16086107
2120000,916804,197626,199.44,16086217,16089929
2121000,913665,197055,199.03,16002088,16005227
2122000,915603,195498,198.70,16133279,16131341
2123000,917341,191891,198.73,16202750,16201012
2124000,918367,191101,198.43,16284593,16283567
2125000,918637,191478,198.54,16265821,16265551
2126000,916523,190531,198.70,16189722,16191836
2127000,915323,190965,198.59,16109467,16110667
2128000,916739,191257,199.58,16084373,16082957
2129000,914612,192894,199.07,16008973,16011100
2130000,911835,193676,199.34,15951026,15953803
2131000,912382,194439,199.05,15896002,15895455
2132000,913369,193956,198.98,16007714,16006727
2133000,916462,195186,198.65,16078902,16075809
2134000,918304,195421,198.89,16190555,16188713
2135000,912592,196000,198.63,16073020,16078732
2136000,914284,196567,198.97,16074602,16072910
2137000,914450,199512,199.27,16038270,16038104
2138000,912961,201442,199.13,15946038,15947527
2139000,913298,201129,198.89,15991059,15990722
2140000,911411,201598,198.68,16059787,16061674
2141000,910644,201108,198.61,16038946,16039713
2142000,916842,200074,198.76,16124547,16118349
2143000,916141,197367,199.01,16072640,16073341
2144000,914954,198334,199.03,16057585,16058772
2145000,916017,198505,199.09,16070703,16069640
2146000,920597,197631,198.85,16204947,16200367
2147000,921759,194650,198.80,16248226,16247064
2148000,922631,192500,199.07,16258603,16257731
2149000,920726,192515,198.73,16137050,16138955
2150000,920958,192554,199.09,16242671,16242439
2151000,924381,191572,198.72,16304930,16301507
2152000,919510,191700,198.79,16265793,16270664
2153000,916196,192579,199.24,16132683,16135997
2154000,911250,192594,198.53,16052481,16057427
2155000,918328,192399,198.43,16190794,16183716
2156000,922858,191829,198.88,16390544,16386014
2157000,921582,191812,198.61,16354093,16355369
2158000,921898,191730,198.49,16299973,16299657
2159000,918939,192117,198.81,16275989,16278948
2160000,914247,191364,198.78,16165651,16170343
2161000,912690,193378,198.72,16073115,16074672
2162000,912598,193682,198.66,16127743,16127835
2163000,915595,191997,198.49,16183435,16180438
2164000,916121,191680,198.75,16265422,16264896
2165000,915421,193012,198.23,16225179,16225879
2166000,918014,191310,197.97,16322151,16319558
2167000,916485,190181,197.93,16404429,16405958
2168000,917521,190794,198.51,16224679,16223643
2169000,915192,192014,198.42,16204614,16206943
2170000,914822,193127,198.28,16141079,16141449
2171000,915677,192058,198.58,16223496,16222641
2172000,915079,191925,199.09,16137607,16138205
2173000,912482,194859,198.76,16018033,16020630
2174000,909655,196535,198.78,16024646,16027473
2175000,912183,197806,197.63,16151804,16149276
2176000,913497,196406,198.63,16224211,16222897
2177000,909969,197510,198.46,16017242,16020770
2178000,910413,195782,198.73,16077896,16077452
2179000,910661,197251,198.49,16050558,16050310
2180000,909705,197454,198.29,16000545,16001501
2181000,911215,196230,198.49,16122176,16120666
2182000,912758,195481,198.65,16097897,16096354
2183000,914345,197815,198.25,16094031,16092444
2184000,912555,197598,198.33,16149777,16151567
2185000,913667,198091,198.50,16185470,16184358
2186000,916114,196928,198.72,16169340,16166893
2187000,914757,196167,198.76,16083915,16085272
2188000,916150,194981,198.90,16137231,16135838
2189000,915494,194036,198.84,16137932,16138588
2190000,914388,195253,199.14,16030161,16031267
2191000,909846,195590,198.97,15982016,15986558
2192000,913398,195722,198.52,16041836,16038284
2193000,918945,192184,197.92,16269252,16263705
2194000,920775,189622,198.73,16318228,16316398
2195000,915222,189678,199.53,16155923,16161476
2196000,916380,191686,198.94,16050024,16048866
2197000,916406,190849,199.03,16085688,16085662
2198000,914988,195739,199.25,16023454,16024872
2199000,913676,195818,198.83,15984177,15985489
2200000,913773,194306,198.10,16127802,16127705
2201000,918711,193013,197.88,16334397,16329459
2202000,919004,190631,198.17,16323165,16322872
2203000,923722,188610,198.56,16398011,16393293
2204000,918097,191190,199.19,16181304,16186929
2205000,916125,192442,198.69,16149322,16151294
2206000,919287,193425,198.79,16193263,16190101
2207000,919400,193743,198.95,16216888,16216775
2208000,918464,194403,199.03,16208529,16209465
2209000,918757,195573,198.53,16233013,16232720
2210000,916735,193876,198.15,16270780,16272802
2211000,917130,192853,198.37,16289921,16289526
2212000,918920,193093,198.22,16243285,16241495
2213000,924334,190455,197.87,16459203,16453789
2214000,928378,186160,198.52,16596074,16592030
2215000,923608,184627,199.00,16345034,16349804
2216000,925183,185686,199.21,16273414,16271839
2217000,923584,187466,199.57,16221119,16222718
2218000,919167,188844,199.12,16203457,16207874
2219000,920317,190792,198.94,16093101,16091951
2220000,918544,192602,199.19,16130681,16132454
2221000,917902,194060,198.95,16097077,16097719
2222000,915827,194465,198.10,16194307,16196382
2223000,923284,192601,198.18,16294132,16286675
2224000,920921,191601,198.95,16327607,16329970
2225000,922012,190939,198.69,16254532,16253441
2226000,918829,190357,198.93,16198296,16201479
2227000,918140,189664,198.63,16269951,16270640
2228000,922345,188258,197.71,16306199,16301994
2229000,927426,186188,198.49,16478972,16473891
2230000,923932,184510,198.88,16407371,16410865
2231000,922840,184548,199.34,16285881,16286973
2232000,924726,184993,199.60,16163654,16161768
2233000,921470,188240,199.44,16149173,16152429
2234000,921104,187934,199.00,16154500,16154866
2235000,919846,189793,199.36,16126219,16127477
2236000,915276,193190,199.65,16002992,16007562
2237000,915500,194180,199.19,15983267,15983043
2238000,916013,194990,198.70,16115177,16114664
2239000,919543,193531,198.78,16190828,16187298
2240000,919062,193256,198.89,16202495,16202976
2241000,917737,192790,199.22,16180051,16181376
2242000,920496,191388,198.76,16190221,16187462
2243000,922340,192419,198.82,16269457,16267613
2244000,917463,192620,198.82,16207539,16212416
2245000,919302,190608,198.56,16192333,16190494
2246000,921019,190713,198.22,16262908,16261191
2247000,917992,188988,199.01,16201085,16204112
2248000,919205,190957,198.93,16139474,16138261
2249000,917114,193015,199.07,16039318,16041409
2250000,913582,193711,199.20,16000838,16004370
2251000,915144,194640,198.75,16129589,16128027
2252000,915125,194259,198.68,16153813,16153832
2253000,922140,191042,198.78,16264347,16257332
2254000,921224,188169,198.95,16295054,16295970
2255000,923811,188658,199.15,16268692,16266105
2256000,920568,187939,199.56,16167269,16170512
2257000,919519,190175,199.86,15976033,15977082
2258000,915833,192378,199.47,15938190,15941876
2259000,915294,192003,199.60,15916860,15917399
2260000,917887,194472,199.40,15934307,15931714
2261000,919194,194486,199.35,15993125,15991818
2262000,916545,195038,199.32,15981849,15984498
2263000,914831,197468,199.52,15930604,15932318
2264000,912472,198513,199.55,15865043,15867402
2265000,914362,196824,199.13,15950709,15948819
2266000,914599,195565,199.19,15976787,15976550
2267000,917946,194918,198.68,16077503,16074156
2268000,916790,193143,199.29,16064062,16065218
2269000,917592,193367,199.38,16004034,16003232
2270000,918794,192925,199.04,16088467,16087265
2271000,914418,195045,199.05,16045318,16049694
2272000,917345,195146,198.74,16026710,16023783
2273000,916694,195472,199.00,16079462,16080113
2274000,914044,196275,199.61,15988687,15991337
2275000,909020,195753,199.20,15817302,15822326
2276000,916355,195360,198.44,16038561,16031226
2277000,920868,193911,198.79,16299800,16295287
2278000,921468,193073,198.73,16272879,16272279
2279000,917251,192887,198.92,16159971,16164188
2280000,918842,194200,199.42,16046751,16045160
2281000,917757,193922,199.38,15996314,15997399
2282000,919184,194449,199.34,16041197,16039770
2283000,920971,194043,198.85,16115979,16114192
2284000,919441,192636,199.06,16159134,16160664
2285000,922349,192407,199.26,16126252,16123344
2286000,919289,191997,199.21,16136333,16139393
2287000,913519,194553,199.62,15948585,15954355
2288000,916540,195962,199.09,15954704,15951683
2289000,915890,195340,200.02,15909402,15910052
2290000,914785,196989,199.64,15958465,15959570
2291000,914434,198019,199.38,15863579,15863930
2292000,915102,199010,199.69,15939202,15938534
2293000,916320,199331,199.72,16010474,16009256
2294000,913511,199936,199.51,15881603,15884412
2295000,914508,199502,199.23,15951129,15950132
2296000,914510,197406,199.70,15954087,15954085
2297000,916915,196291,198.80,15991491,15989086
2298000,921234,193348,199.09,16107624,16103305
2299000,921869,191164,199.38,16137409,16136774
2300000,924021,191668,199.41,16130874,16128722
2301000,920307,192052,199.10,16100868,16104582
2302000,921343,190253,199.26,16141965,16140929
2303000,924537,189702,199.71,16094805,16091611
2304000,923900,188118,199.62,16030674,16031311
2305000,922933,187923,200.07,16031783,16032750
2306000,922498,189285,199.74,16016483,16016918
2307000,918132,190536,199.42,15978264,15982630
2308000,917793,191659,199.49,16006625,16006964
2309000,921039,190448,199.35,16056330,16053084
2310000,923508,190791,199.65,16076865,16074396
2311000,920287,190699,199.64,16039099,16042320
2312000,922769,191631,199.14,16168851,16166369
2313000,922163,190337,199.61,16160043,16160649
2314000,923297,190640,199.47,16072785,16071651
2315000,919255,191165,199.47,16067725,16071767
2316000,918136,191170,199.44,16041101,16042220
2317000,918260,190386,199.32,16062254,16062130
2318000,919780,192233,199.33,16002856,16001336
2319000,917738,192690,199.07,16086110,16088152
2320000,920368,190438,199.31,16096481,16093851
2321000,926525,188734,199.04,16246976,16240819
2322000,927199,188706,199.79,16263092,16262418
2323000,923651,190221,199.80,16035682,16039230
2324000,922717,189875,199.96,16092870,16093804
2325000,921819,191612,199.83,15995924,15996822
2326000,919283,193272,199.78,15959918,15962454
2327000,917047,193625,199.57,15939041,15941277
2328000,919796,194124,199.06,15993343,15990594
2329000,925505,192745,199.29,16227902,16222193
2330000,922031,192090,199.70,16146561,16150035
2331000,921464,193553,199.33,16069056,16069623
2332000,925435,192957,199.31,16177488,16173517
2333000,923055,192860,199.18,16188620,16191000
2334000,919276,192429,199.68,16079501,16083280
2335000,918085,192788,199.55,16039179,16040370
2336000,915998,196586,199.55,15947225,15949312
2337000,914171,197509,199.15,15943094,15944921
2338000,918080,197383,199.19,16051982,16048073
2339000,923315,197338,199.00,16156217,16150982
2340000,919952,196253,199.20,16197500,16200863
2341000,917536,195013,199.67,16000468,16002884
2342000,919575,197321,199.44,15986651,15984612
2343000,918710,196897,199.22,16070321,16071186
2344000,919472,198372,199.29,16139724,16138962
2345000,917867,196905,198.94,16081449,16083054
2346000,915026,194658,198.96,16084583,16087424
2347000,917855,192665,199.15,16107311,16104482
2348000,920333,192004,198.79,16178438,16175960
2349000,921993,191900,199.40,16194532,16192872
2350000,916775,192802,199.48,16014754,16019972
2351000,917233,191353,199.23,16074767,16074309
2352000,920162,190651,198.86,16156159,16153230
2353000,920876,191848,198.77,16268567,16267853
2354000,921608,190449,198.92,16282907,16282175
2355000,922285,190024,198.34,16285891,16285214
2356000,922175,190209,198.59,16391495,16391605
2357000,916284,190060,198.91,16235628,16241519
2358000,916828,191341,199.03,16155133,16154589
2359000,914020,194022,199.14,16082283,16085091
2360000,916221,193975,198.80,16077460,16075259
2361000,917972,192765,197.95,16202064,16200313
2362000,913763,192598,198.28,16217610,16221819
2363000,913223,193605,198.37,16173572,16174112
2364000,917529,195042,198.64,16263828,16259522
2365000,911374,194637,198.61,16105639,16111794
2366000,909979,196141,198.93,15998417,15999812
2367000,912094,197128,198.55,15925774,15923659
2368000,916888,196413,198.85,16039202,16034408
2369000,917407,194451,199.20,16076515,16075996
2370000,914925,195228,199.42,15955509,15957991
2371000,911568,196729,199.95,15831702,15835059
2372000,911934,197035,199.79,15732609,15732243
2373000,909787,198187,199.66,15691055,15693202
2374000,911604,197802,199.39,15722629,15720812
2375000,911473,198073,199.93,15812215,15812346
2376000,910239,196500,199.81,15678228,15679462
2377000,907606,197909,200.21,15596150,15598783
2378000,911207,200186,199.82,15622486,15618885
2379000,910624,200608,199.75,15713390,15713973
2380000,911940,199930,199.59,15759396,15758080
2381000,911340,197817,199.43,15698495,15699095
2382000,917025,195688,199.76,15886464,15880779
2383000,912861,197952,199.81,15852673,15856837
2384000,908949,199626,199.08,15840560,15844472
2385000,912043,199193,198.95,15934138,15931044
2386000,913638,198075,199.18,15925970,15924375
2387000,912395,197582,199.39,15889403,15890646
2388000,907427,199792,199.77,15759158,15764126
2389000,906341,198054,199.05,15786177,15787263
2390000,911445,198507,199.55,15844493,15839389
2391000,908675,198808,199.23,15814303,15817073
2392000,909783,200691,198.84,15852874,15851766
2393000,910779,199433,199.30,15895660,15894664
2394000,910157,201359,199.22,15859964,15860586
2395000,909704,199315,199.46,15830033,15830486
2396000,907270,200810,199.39,15766224,15768658
2397000,908378,200540,198.88,15766425,15765317
2398000,909130,200247,198.92,15876047,15875295
2399000,913384,199007,199.38,15933151,15928897
2400000,909935,197185,199.71,15874955,15878404
2401000,912134,196770,199.52,15871685,15869486
2402000,908759,197695,199.89,15782050,15785425
2403000,906352,199120,199.72,15679880,15682287
2404000,905880,199611,198.79,15731463,15731935
2405000,910039,198604,198.67,15896762,15892603
2406000,912038,197379,199.33,15956120,15954121
2407000,906425,196662,200.03,15741254,15746867
2408000,907745,198331,199.17,15724810,15723490
2409000,903994,201816,199.15,15736162,15739913
2410000,902496,201585,199.03,15709784,15711282
2411000,907191,200446,198.88,15797534,15792839
2412000,909637,199617,199.44,15878002,15875556
2413000,910293,197941,199.74,15830373,15829717
2414000,916618,197385,199.22,15863367,15857042
2415000,914065,196104,199.47,15959624,15962177
2416000,910968,196502,199.76,15844257,15847354
2417000,911342,198119,199.54,15844901,15844527
2418000,911125,200213,199.23,15880289,15880506
2419000,915193,197776,198.86,16021543,16017475
2420000,923542,194784,198.96,16195866,16187517
2421000,921687,191709,199.38,16093434,16095289
2422000,920985,194870,199.96,16020198,16020900
2423000,916367,195784,199.64,15891686,15896304
2424000,915907,196204,199.60,15842868,15843328
2425000,918073,196733,199.81,15912858,15910692
2426000,914494,194660,199.96,15852563,15856142
2427000,915058,194147,199.45,15861999,15861435
2428000,912970,192547,200.07,15829046,15831134
2429000,914764,192499,199.85,15841137,15839343
2430000,911788,192633,200.02,15725329,15728305
2431000,910765,192319,199.99,15653966,15654989
2432000,917462,192225,199.56,15730873,15724176
2433000,922882,191665,199.62,15993031,15987611
2434000,919966,190467,200.02,15856328,15859244
2435000,921229,192479,199.77,15855811,15854548
2436000,916942,192214,199.74,15865815,15870102
2437000,921077,191876,199.65,15897337,15893202
2438000,921379,191067,200.07,15995287,15994985
2439000,917075,193256,200.23,15842411,15846715
2440000,913966,194462,199.66,15782115,15785224
2441000,912248,194930,199.88,15775630,15777348
2442000,911921,195070,199.64,15801482,15801809
2443000,918358,193680,199.48,15931497,15925060
2444000,918322,193507,200.01,15914364,15914400
2445000,914415,195753,199.66,15888223,15892130
2446000,913856,195793,199.03,15972732,15973291
2447000,911664,195237,199.58,15952482,15954674
2448000,917471,193420,198.54,15971698,15965891
2449000,920155,192141,199.23,16165921,16163237
2450000,921111,192421,199.66,16085554,16084598
2451000,918925,193880,199.50,16053718,16055904
2452000,918758,194336,199.62,15983253,15983420
2453000,923031,193816,199.52,16045673,16041400
2454000,922768,195381,199.66,16081476,16081739
2455000,918245,195494,200.10,15931188,15935711
2456000,915538,196818,199.91,15861311,15864018
2457000,915667,197864,199.77,15880577,15880448
2458000,921656,197820,198.80,15966019,15960030
2459000,920564,196868,199.17,16159800,16160892
2460000,918474,197612,199.41,16069794,16071884
2461000,915058,196513,199.84,15912477,15915893
2462000,915685,195032,199.72,15896676,15896049
2463000,921084,193518,198.99,16070441,16065042
2464000,923451,188749,199.54,16279214,16276847
2465000,927289,188853,199.42,16225310,16221472
2466000,920814,189043,199.76,16102538,16109013
2467000,917146,188891,199.94,15966235,15969903
2468000,923859,188936,199.60,16043626,16036913
2469000,922447,189346,199.50,16113918,16115330
2470000,924679,188492,199.26,16176904,16174672
2471000,926596,186419,198.81,16342586,16340669
2472000,926687,185256,199.02,16292304,16292213
2473000,926064,183779,200.18,16246999,16247622
2474000,923586,184364,199.64,16066376,16068854
2475000,923620,185311,199.38,16090314,16090280
2476000,927563,183389,199.72,16233102,16229159
2477000,925726,183443,199.52,16198019,16199856
2478000,923596,185013,199.21,16147017,16149147
2479000,926093,186628,199.36,16167183,16164686
2480000,922628,186782,199.91,16155194,16158659
2481000,924443,187554,199.34,16112572,16110757
2482000,925504,190347,199.89,16130420,16129359
2483000,922011,189878,199.40,16091889,16095382
2484000,927624,189704,199.69,16237252,16231639
2485000,928206,190101,199.82,16247630,16247048
2486000,926575,189927,199.47,16215604,16217235
2487000,927504,190331,199.35,16193925,16192996
2488000,926599,190463,199.40,16292888,16293793
2489000,930178,189108,199.13,16360946,16357367
2490000,929514,187024,199.41,16390866,16391530
2491000,928286,187965,198.95,16330611,16331839
2492000,926111,189449,199.46,16298370,16300545
2493000,922325,190419,199.31,16207763,16211549
2494000,923385,191290,199.61,16120967,16119907
2495000,927723,189931,199.71,16180898,16176560
2496000,927289,189299,199.81,16162993,16163427
2497000,926185,192254,199.56,16127827,16128931
2498000,919862,191315,199.98,16045647,16051970
2499000,922306,193548,199.45,16109299,16106855
2500000,916101,192050,199.36,16094939,16101144
2501000,914621,190807,199.36,15993890,15995370
2502000,918229,192839,199.23,16023087,16019479
2503000,918095,191593,198.93,16062047,16062181
2504000,921022,188901,199.29,16184875,16181948
2505000,921020,188492,199.13,16118794,16118796
2506000,921509,188498,199.25,16144743,16144254
2507000,916857,190539,199.90,15970348,15975000
2508000,915624,191370,199.90,15907641,15908874
2509000,917440,193288,199.66,15884591,15882775
2510000,915406,194710,199.74,15856752,15858786
2511000,914832,195812,199.45,15850662,15851236
2512000,910658,196459,199.75,15821730,15825904
2513000,912855,195788,199.45,15831614,15829417
2514000,916709,193684,199.38,15992294,15988440
2515000,923750,193654,198.59,16197568,16190527
2516000,921460,191097,199.17,16289090,16291380
2517000,913616,192601,199.88,15950921,15958765
2518000,916356,192802,199.50,15847215,15844475
2519000,918806,193255,199.62,16036834,16034384
2520000,919885,194381,199.29,16060719,16059640
2521000,919141,192544,199.21,16054584,16055328
2522000,918365,191802,199.81,16019375,16020151
2523000,917144,192661,199.75,15916351,15917572
2524000,914662,194610,199.31,15885887,15888369
2525000,915356,193851,199.56,15824646,15823952
2526000,915414,192438,199.78,15866603,15866545
2527000,918957,193594,199.87,15853465,15849922
2528000,918725,193463,199.99,15859459,15859691
2529000,917400,192950,200.27,15852199,15853524
2530000,919944,192583,199.24,15960419,15957875
2531000,915356,193010,199.43,15957836,15962424
2532000,912525,192399,198.96,15924692,15927523
2533000,917835,189967,198.73,16098292,16092982
2534000,919962,189207,199.58,16010325,16008198
2535000,918679,189880,199.47,15961935,15963218
2536000,917075,191138,199.95,15866994,15868598
2537000,918482,190675,199.56,15892826,15891419
2538000,918697,190021,199.65,15897089,15896874
2539000,917477,189522,200.06,15882498,15883718
2540000,917024,191797,199.62,15846839,15847292
2541000,920937,192115,199.54,16005501,16001588
2542000,921063,189696,199.44,16038394,16038268
2543000,921873,189810,199.38,16061851,16061041
2544000,920131,189265,200.05,15985509,15987251
2545000,916532,189903,200.08,15829180,15832779
2546000,916282,194006,199.77,15831775,15832025
2547000,915251,194500,199.95,15814856,15815887
2548000,919553,193302,199.81,15894574,15890272
2549000,917919,193868,200.00,15872085,15873719
2550000,918270,193786,200.29,15810611,15810260
2551000,917672,193912,199.76,15773856,15774454
2552000,916130,194814,200.04,15792557,15794099
2553000,916052,195473,200.12,15752572,15752650
2554000,914186,193388,199.72,15795137,15797003
2555000,915186,193761,200.00,15794849,15793849
2556000,916718,193884,199.90,15828175,15826643
2557000,918492,194040,199.48,15947273,15945499
2558000,920344,191058,199.41,16026340,16024488
2559000,917860,189158,199.70,15923160,15925644
2560000,919907,189053,199.43,15915352,15913305
2561000,921682,190602,200.41,15945976,15944201
2562000,914017,192657,200.41,15677189,15684854
2563000,913080,193976,200.35,15659582,15660519
2564000,915530,193994,200.58,15682499,15680049
2565000,911704,194965,200.27,15630172,15633998
2566000,911417,194712,200.41,15644402,15644689
2567000,911544,196659,200.37,15601778,15601651
2568000,912480,196819,200.37,15599051,15598115
2569000,909498,197476,200.36,15597812,15600794
2570000,911118,195675,200.46,15580065,15578445
2571000,911164,196940,200.46,15549401,15549355
2572000,908513,198725,200.54,15509717,15512368
2573000,905502,198137,200.50,15418688,15421699
2574000,907526,199542,200.87,15366275,15364251
2575000,906639,200753,200.52,15275788,15276675
2576000,908676,202781,200.64,15294174,15292137
2577000,906082,201206,200.58,15356045,15358639
2578000,910917,200136,200.31,15424167,15419332
2579000,909107,201368,200.80,15432291,15434101
2580000,905910,202690,200.73,15344982,15348179
2581000,905312,202789,200.72,15281637,15282235
2582000,909130,198935,200.53,15392932,15389114
2583000,911246,196811,199.84,15530317,15528201
2584000,917539,196011,199.84,15792824,15786531
2585000,914702,195943,200.63,15682662,15685499
2586000,911550,196058,200.85,15602400,15605552
2587000,908859,196287,200.37,15445141,15447832
2588000,914278,197751,200.53,15586434,15581015
2589000,912544,198937,200.23,15629893,15631627
2590000,910273,198357,199.78,15651529,15653800
2591000,914327,196756,199.44,15759829,15755775
2592000,915007,195109,199.76,15741338,15740658
2593000,914976,193795,200.05,15726530,15726561
2594000,914440,193599,199.96,15801504,15802040
2595000,916153,193353,199.90,15791182,15789469
2596000,916112,193769,199.83,15790276,15790317
2597000,916548,191616,200.19,15815143,15814707
2598000,917789,189890,199.73,15831637,15830396
2599000,918091,189822,199.82,15847903,15847601
2600000,919992,189196,200.15,15913102,15911201
2601000,920760,188701,200.10,15882720,15881952
2602000,915731,191852,199.71,15904908,15909937
2603000,914554,192043,199.34,15844543,15845720
2604000,917634,191612,199.00,15985677,15982597
2605000,920266,189668,199.28,16046925,16044293
2606000,925918,188132,199.21,16157399,16151747
2607000,929440,186128,199.32,16327804,16324282
2608000,926885,185335,200.01,16213430,16215985
2609000,922730,185829,200.09,16133900,16138055
2610000,920541,187441,199.81,15972656,15974845
2611000,923790,187056,199.54,15992878,15989629
2612000,923343,186821,199.75,16041471,16041918
2613000,922707,186733,199.81,16010371,16011007
2614000,919983,186571,199.65,16023373,16026097
2615000,920130,187089,199.51,16056608,16056461
2616000,920453,188057,199.13,16084198,16083875
2617000,918055,189174,199.88,16004503,16006901
2618000,916397,190226,199.92,15875676,15877334
2619000,918731,188277,199.77,15958896,15956562
2620000,922731,188279,199.67,16078510,16074510
2621000,920838,188808,199.52,16049681,16051574
2622000,917109,191863,200.10,15920542,15924271
2623000,916893,191980,199.38,15932135,15932351
2624000,917646,190199,199.22,15992851,15992098
2625000,923733,189669,198.82,16111812,16105725
2626000,926266,188269,199.11,16295946,16293413
2627000,920710,186406,199.27,16159553,16165109
2628000,923213,187601,199.73,16108353,16105850
2629000,918191,189147,199.55,15999350,16004372
2630000,921526,190633,199.34,16043484,16040149
2631000,919325,191651,199.64,16058638,16060839
2632000,911343,192624,199.81,15810919,15818901
2633000,911223,194331,199.90,15760986,15761106
2634000,914419,193476,199.61,15848060,15844864
2635000,917672,193978,199.80,15938795,15935542
2636000,915675,195134,199.97,15896437,15898434
2637000,914829,195081,199.36,15901382,15902228
2638000,918823,194495,199.33,16077504,16073510
2639000,917304,194350,199.31,16030145,16031664
2640000,916796,193241,199.02,15964372,15964880
2641000,917709,192755,198.78,16136339,16135426
2642000,920880,189486,198.10,16332418,16329247
2643000,925092,187409,198.34,16409623,16405411
2644000,922395,186024,198.87,16377347,16380044
2645000,923079,186292,198.64,16309076,16308392
2646000,921250,187300,198.13,16321441,16323270
2647000,919353,189929,198.27,16393852,16395749
2648000,914044,189422,199.15,16191794,16197103
2649000,916136,189893,198.90,16107920,16105828
2650000,921137,189927,198.56,16229936,16224935
2651000,918086,189464,198.76,16205880,16208931
2652000,915886,189054,199.01,16148773,16150973
2653000,920233,188863,199.20,16162944,16158597
2654000,924136,191586,198.45,16276055,16272152
2655000,912043,191476,198.72,16219948,16232041
2656000,911504,192565,198.26,16138062,16138601
2657000,914786,189983,198.38,16267719,16264437
2658000,921599,190399,198.46,16319567,16312754
2659000,922227,191739,198.65,16345289,16344661
2660000,918853,192984,198.89,16238448,16241822
2661000,920485,190961,198.62,16278444,16276812
2662000,921117,189786,198.50,16344642,16344010
2663000,922412,188249,198.17,16394622,16393327
2664000,923224,186988,198.38,16459128,16458316
2665000,920727,186553,198.39,16420068,16422565
2666000,924853,185016,198.12,16442308,16438182
2667000,923670,185788,199.10,16373210,16374393
2668000,923488,187239,199.19,16256221,16256403
2669000,923274,188901,199.41,16248307,16248521
2670000,919827,190609,198.83,16148804,16152251
2671000,919520,190518,199.07,16202900,16203207
2672000,920414,189074,198.62,16227300,16226406
2673000,920951,188689,199.00,16288179,16287642
2674000,923221,189435,198.32,16329372,16327102
2675000,924838,189112,198.59,16379351,16377734
2676000,919483,188057,199.05,16226579,16231934
2677000,921998,187236,198.98,16156851,16154336
2678000,926976,188006,198.85,16356298,16351320
2679000,921536,188855,199.47,16257424,16262864
2680000,916715,189732,199.45,16045479,16050300
2681000,922529,189879,199.14,16215214,16209400
2682000,923370,189090,199.05,16295350,16294509
2683000,922652,189041,199.11,16219813,16220531
2684000,922896,191787,198.72,16152639,16152395
2685000,920915,188990,199.27,16259442,16261423
2686000,917458,191628,199.24,16061035,16064492
2687000,915213,193637,199.13,16027290,16029535
2688000,915670,196385,198.67,16121552,16121095
2689000,911647,196416,199.13,15995204,15999227
2690000,913973,196680,198.68,16091920,16089594
2691000,918287,196583,198.77,16150099,16145785
2692000,918254,196033,198.93,16159738,16159771
2693000,916457,193848,198.71,16186376,16188173
2694000,918299,192215,198.89,16163505,16161663
2695000,921991,191386,199.15,16260700,16257008
2696000,925893,188535,199.33,16197947,16194045
2697000,923420,189803,199.49,16162004,16164477
2698000,920346,192351,199.17,16000674,16003748
2699000,917510,192806,199.08,16038528,16041364
2700000,918732,191093,199.16,16094911,16093689
2701000,918957,191009,199.22,16156250,16156025
2702000,918467,189455,199.38,16080227,16080717
2703000,918579,190124,199.65,15992712,15992600
2704000,917177,191430,199.89,15883344,15884746
2705000,920208,193454,199.33,15914179,15911148
2706000,918972,191546,199.44,16066504,16067740
2707000,922741,190039,199.51,16048960,16045191
2708000,921000,189964,199.88,16019915,16021656
2709000,918781,191988,199.89,15902711,15904930
2710000,917362,192599,199.75,15888236,15889655
2711000,917000,193558,200.26,15884238,15884600
2712000,915299,194828,200.14,15821022,15822723
2713000,917792,195806,199.63,15832965,15830472
2714000,919639,194106,199.51,15972869,15971022
2715000,921031,192580,198.86,16106280,16104888
2716000,924276,190339,199.00,16272077,16268832
2717000,925918,188709,198.95,16285022,16283380
2718000,924213,188310,199.29,16244321,16246026
2719000,920116,187348,198.92,16159982,16164079
2720000,917866,189406,198.71,16091550,16093800
2721000,915106,190433,198.64,16030586,16033346
2722000,916772,189643,198.38,16216541,16214875
2723000,918381,189313,198.17,16235216,16233607
2724000,918072,189471,199.02,16199927,16200236
2725000,916566,189773,198.36,16118819,16120325
2726000,916958,189186,198.71,16169761,16169369
2727000,915827,190752,198.87,16154851,16155982
2728000,914971,189980,198.75,16173676,16174532
2729000,917509,190237,198.57,16243179,16240641
2730000,919363,189260,198.94,16236676,16234822
2731000,924084,189171,198.18,16279315,16274594
2732000,924181,186673,198.34,16362591,16362494
2733000,920314,187235,199.06,16316194,16320061
2734000,915396,188809,199.21,16171713,16176631
2735000,918984,189265,198.32,16139412,16135824
2736000,921028,188689,198.98,16272915,16270871
2737000,920468,188263,198.85,16223290,16223850
2738000,915591,188352,199.38,16064601,16069478
2739000,920406,187401,199.26,16187064,16182249
2740000,923308,188612,199.04,16262693,16259791
2741000,921175,189216,199.55,16178000,16180133
2742000,916886,189185,199.20,16040586,16044875
2743000,922062,191999,199.04,16073338,16068162
2744000,921377,190977,199.34,16192845,16193530
2745000,924320,191131,198.55,16290422,16287479
2746000,922757,191247,199.01,16324989,16326552
2747000,916884,192340,198.97,16174730,16180603
2748000,918222,192784,198.93,16159408,16158070
2749000,920793,193342,198.55,16231189,16228618
2750000,923644,193864,198.41,16336883,16334032
2751000,919415,191263,198.53,16324175,16328404
2752000,920983,189858,198.84,16211860,16210292
2753000,923250,190334,199.27,16264130,16261863
2754000,919995,190086,199.10,16168614,16171869
2755000,920164,189506,199.31,16167970,16167801
2756000,918009,191115,199.37,16112067,16114222
2757000,918430,192804,198.98,16116266,16115845
2758000,912854,193668,199.15,15979474,15985050
2759000,916670,194942,198.67,16020673,16016857
2760000,916972,192326,199.12,16084931,16084629
2761000,919836,190852,198.79,16148459,16145595
2762000,918888,191347,199.11,16175972,16176920
2763000,917272,193848,199.09,16110184,16111800
2764000,917754,194154,198.80,16108798,16108316
2765000,919135,195143,199.11,16145857,16144476
2766000,915326,195278,198.42,16113151,16116960
2767000,916551,195323,198.29,16218112,16216887
2768000,918014,193396,198.82,16255666,16254203
2769000,917113,193894,198.95,16129376,16130277
2770000,915196,194019,198.48,16175401,16177318
2771000,913246,194927,198.31,16089882,16091832
2772000,911020,193949,199.11,16043771,16045997
2773000,914574,194093,198.29,16135026,16131472
2774000,915446,192937,198.83,16221969,16221097
2775000,919529,191815,198.61,16211633,16207550
2776000,920320,191803,198.86,16256261,16255470
2777000,918773,189819,198.89,16248540,16250087
2778000,918219,189956,199.19,16119959,16120513
2779000,918302,192423,199.02,16098169,16098086
2780000,918859,191998,199.34,16126979,16126422
2781000,920544,190415,198.89,16115413,16113728
2782000,922248,192260,198.69,16240565,16238861
2783000,919735,192133,199.03,16179005,16181518
2784000,917102,191587,199.17,16095880,16098513
2785000,917146,193099,198.84,16026610,16026566
2786000,917792,191451,199.33,16097953,16097307
2787000,917248,191499,199.39,16036486,16037030
2788000,924001,191435,198.95,16122558,16115805
2789000,922799,191214,199.05,16131589,16132791
2790000,919145,191579,199.50,16067668,16071322
2791000,919774,193033,199.04,16031733,16031104
2792000,919298,193433,198.81,16106821,16107297
2793000,923223,191249,198.79,16193243,16189318
2794000,922782,189907,199.30,16138192,16138633
2795000,921997,190747,199.45,16110344,16111129
2796000,915467,191827,200.11,15949034,15955564
2797000,915919,189658,199.58,15930638,15930186
2798000,920949,189635,199.69,16022543,16017513
2799000,925283,188202,199.44,16113487,16109153
2800000,924777,186951,199.76,16118300,16118806
2801000,921747,189137,199.84,16036331,16039361
2802000,921046,188914,199.71,15919390,15920091
2803000,927335,188505,199.88,16138569,16132280
2804000,921355,187231,200.60,16026010,16031990
2805000,918606,189105,200.34,15757725,15760474
2806000,914729,192032,200.67,15732695,15736572
2807000,913927,192345,199.81,15670204,15671006
2808000,916861,193592,200.07,15800739,15797805
2809000,917473,193888,200.01,15788428,15787816
2810000,918744,194684,199.94,15884715,15883444
2811000,919631,194604,200.36,15897611,15896724
2812000,920521,196917,199.93,15834895,15834005
2813000,918566,196974,200.27,15857040,15858995
2814000,919583,199792,200.17,15825689,15824672
2815000,919975,200320,199.64,15911086,15910694
2816000,923638,198684,200.02,16048561,16044898
2817000,926412,196942,199.75,16045114,16042340
2818000,921999,194855,199.96,16067015,16071428
2819000,923183,193602,199.77,16035974,16034790
2820000,921185,191534,199.34,16106808,16108806
2821000,922146,190965,199.36,16099295,16098334
2822000,921487,190572,199.92,16057015,16057674
2823000,920272,191971,199.72,15933517,15934732
2824000,917522,194024,200.06,15893945,15896695
2825000,916690,195329,200.06,15831428,15832260
2826000,912228,195229,199.74,15800337,15804799
2827000,911026,196521,199.93,15804942,15806144
2828000,914868,194864,199.82,15804167,15800325
2829000,915390,195862,200.26,15866668,15866146
2830000,912130,198894,200.32,15656929,15660189
2831000,909948,199905,200.00,15603252,15605434
2832000,909338,202767,199.95,15652948,15653558
2833000,910756,201174,199.36,15687864,15686446
2834000,914700,200774,199.48,15796520,15792576
2835000,919371,198734,200.13,15936411,15931740
2836000,911694,198748,199.74,15817759,15825436
2837000,915077,198498,199.11,15897221,15893838
2838000,919459,197063,199.52,15953342,15948960
2839000,919084,195991,199.47,15953769,15954144
2840000,917063,192439,199.70,15922630,15924651
2841000,923103,191359,199.81,16019462,16013422
2842000,923671,192679,200.25,15984748,15984180
2843000,918028,194738,200.01,15868748,15874391
2844000,911555,195409,199.76,15740389,15746862
2845000,915498,194898,199.84,15796987,15793044
2846000,918874,194271,199.79,15942740,15939364
2847000,920611,194558,199.95,16026521,16024784
2848000,917161,196614,200.15,15904682,15908132
2849000,910890,197584,200.23,15701808,15708079
2850000,912377,196638,199.91,15671738,15670251
2851000,912969,195751,199.39,15729815,15729223
2852000,914634,195586,199.83,15807497,15805832
2853000,910355,194733,200.13,15680281,15684560
2854000,914359,194479,199.99,15717872,15713868
2855000,914227,193977,200.37,15686433,15686565
2856000,912625,195616,200.27,15696668,15698270
2857000,914438,194833,200.13,15759540,15757727
2858000,918213,193196,199.99,15852062,15848287
2859000,915181,194272,199.98,15806425,15809457
2860000,917256,194395,199.77,15849102,15847027
2861000,916547,192718,199.22,15913093,15913802
2862000,916779,193622,199.39,15915027,15914795
2863000,917148,194238,199.68,15964569,15964200
2864000,912437,196981,199.71,15796257,15800968
2865000,910493,198650,199.48,15766655,15768599
2866000,907373,199440,199.79,15737521,15740641
2867000,910473,200620,199.54,15780413,15777313
2868000,906884,199904,199.46,15739902,15743491
2869000,909145,199567,199.53,15730456,15728195
2870000,913308,199848,199.50,15763876,15759713
2871000,913995,199434,199.89,15824430,15823743
2872000,913004,198024,199.73,15707932,15708923
2873000,911381,197494,200.03,15750131,15751754
2874000,909541,197696,200.26,15675721,15677561
2875000,911981,197766,200.23,15661028,15658588
2876000,913404,197887,199.65,15795509,15794086
2877000,913609,197441,199.39,15875587,15875382
2878000,914936,194145,198.74,15987862,15986535
2879000,914996,192289,199.62,15988767,15988707
2880000,913065,193808,199.30,15844032,15845963
2881000,915190,195602,198.82,15919222,15917097
2882000,912576,195201,199.54,15873217,15875831
2883000,908062,194867,199.97,15740105,15744619
2884000,907663,197195,199.76,15597808,15598207
2885000,911342,198480,199.39,15664773,15661094
2886000,911431,198373,199.63,15784607,15784518
2887000,910693,199427,199.35,15771905,15772643
2888000,910333,200498,199.44,15821873,15822233
2889000,909929,199523,199.44,15883776,15884180
2890000,908468,197762,199.48,15841628,15843089
2891000,911115,197550,198.69,15893717,15891070
2892000,914425,195673,199.26,15956287,15952977
2893000,917874,195255,199.11,16049562,16046113
2894000,918456,194880,199.11,16097039,16096457
2895000,912630,196072,199.17,16002516,16008342
2896000,913767,196397,198.68,16000828,15999691
2897000,913755,194670,198.69,16079018,16079030
2898000,918727,192022,198.08,16213324,16208352
2899000,917333,192114,198.72,16284459,16285853
2900000,914408,191510,198.92,16137304,16140229
2901000,915162,190957,198.57,16142763,16142009
2902000,916663,190762,198.32,16230731,16229230
2903000,920652,188138,198.38,16294626,16290637
2904000,918160,187922,198.97,16202183,16204675
2905000,918514,188081,199.06,16097037,16096683
2906000,917851,187228,199.65,16021783,16022446
2907000,918857,189065,199.37,15938822,15937816
2908000,923021,188985,199.40,16081983,16077819
2909000,922731,187753,199.72,16114976,16115266
2910000,918531,188444,199.76,16047667,16051867
2911000,919576,188325,199.49,16082031,16080986
2912000,922713,187537,199.12,16087240,16084103
2913000,926300,185494,198.98,16257922,16254335
2914000,929994,184942,198.87,16381902,16378208
2915000,922150,184728,199.74,16230331,16238175
2916000,920466,187154,199.44,16056377,16058061
2917000,921311,187367,199.62,16097489,16096644
2918000,923535,188084,199.38,16087531,16085307
2919000,924665,188552,198.93,16171306,16170176
2920000,925246,187839,199.35,16276949,16276368
2921000,921400,188123,199.80,16120275,16124121
2922000,918415,187858,198.92,16055437,16058422
2923000,920374,188076,199.19,16140618,16138659
2924000,920278,188990,199.64,16123387,16123483
2925000,916863,189065,199.29,15944507,15947922
2926000,916750,190070,199.81,15956123,15956236
2927000,919663,191101,199.20,16007376,16004463
2928000,919959,190664,199.23,16092771,16092475
2929000,920163,192944,199.14,16111004,16110800
2930000,919463,192305,198.55,16124153,16124853
2931000,918268,191990,199.10,16112397,16113592
2932000,917886,190524,199.27,16077533,16077915
2933000,922044,189006,199.17,16162542,16158384
2934000,923538,190026,199.00,16193372,16191878
2935000,918181,189545,199.17,16134728,16140085
2936000,915794,192576,199.13,16080829,16083216
2937000,918275,192442,198.95,16138980,16136499
2938000,923092,191627,198.78,16255896,16251079
2939000,922430,188944,198.63,16335532,16336194
2940000,919386,187488,198.92,16275260,16278304
2941000,921824,187143,198.73,16270353,16267915
2942000,921881,184596,198.69,16254213,16254156
2943000,924414,185067,199.51,16295745,16293212
2944000,924206,183717,199.17,16242200,16242408
2945000,925774,184808,199.38,16253907,16252339
2946000,920365,185230,199.09,16184427,16189836
2947000,922483,186876,199.10,16184259,16182141
2948000,918488,185843,199.24,16172859,16176854
2949000,926158,184432,198.54,16229422,16221752
2950000,927860,183808,198.72,16444796,16443094
2951000,924027,183415,199.14,16308422,16312255
2952000,922310,185079,199.05,16253368,16255085
2953000,920570,186003,198.68,16223039,16224779
2954000,921275,185983,198.93,16285648,16284943
2955000,926592,184764,198.88,16373839,16368522
2956000,927321,184823,198.76,16398124,16397395
2957000,928746,184489,198.60,16470093,16468668
2958000,930200,182215,198.54,16549171,16547717
2959000,934553,182506,198.90,16608047,16603694
2960000,929736,182678,198.98,16596636,16601453
2961000,923558,183958,198.93,16406614,16412792
2962000,924366,182984,198.87,16353562,16352754
2963000,926020,182181,198.44,16382471,16380817
2964000,931676,182295,198.82,16532056,16526400
2965000,928934,181767,199.44,16410967,16413709
2966000,924665,183188,199.38,16248180,16252449
2967000,923587,184138,199.26,16198242,16199320
2968000,926887,183072,199.26,16243625,16240325
2969000,929411,183318,199.51,16365123,16362599
2970000,928439,184590,198.95,16377199,16378171
2971000,934290,182749,198.74,16541057,16535206
2972000,930744,183198,198.98,16500082,16503628
2973000,921961,185356,199.19,16310128,16318911
2974000,922866,186845,198.60,16282865,16281960
2975000,922899,186539,198.83,16302494,16302461
2976000,926638,185460,198.89,16429841,16426102
2977000,931261,183970,198.56,16512228,16507605
2978000,933764,182516,198.95,16560186,16557683
2979000,932579,183314,199.26,16510678,16511863
2980000,930274,182685,198.87,16488392,16490697
2981000,930703,182485,199.02,16444630,16444201
2982000,930801,180861,198.65,16534779,16534681
2983000,935002,180456,198.82,16557659,16553458
2984000,933861,178530,199.20,16539160,16540301
2985000,928317,177185,199.68,16380712,16386256
2986000,928609,179801,199.52,16228850,16228558
2987000,928566,180834,199.84,16204208,16204251
2988000,931954,181579,198.84,16328820,16325432
2989000,929620,181070,199.13,16444678,16447012
2990000,928771,180953,199.56,16309609,16310458
2991000,927387,182021,199.49,16306064,16307448
2992000,928946,182059,199.21,16373436,16371877
2993000,930386,183553,199.21,16352686,16351246
2994000,927114,182294,199.12,16301807,16305079
2995000,924728,181957,199.40,16276421,16278807
2996000,924788,183665,199.14,16231349,16231289
2997000,922739,185729,199.24,16152121,16154170
2998000,921536,186189,198.65,16209796,16210999
2999000,922883,185527,198.82,16318236,16316889
3000000,921908,184657,199.21,16231855,16232830
3001000,922126,185625,199.67,16129520,16129302
3002000,925420,184377,199.23,16164846,16161552
3003000,928551,185887,199.33,16281030,16277899
3004000,925304,186762,199.12,16228927,16232174
3005000,925203,185946,199.56,16233484,16233585
3006000,923283,186467,199.16,16157792,16159712
3007000,922025,185502,199.40,16197231,16198489
3008000,920737,185083,200.05,16125510,16126798
3009000,918620,187279,199.43,15980038,15982155
3010000,924000,187435,198.92,16154810,16149430
3011000,925728,188381,198.87,16344646,16342918
3012000,925382,186933,199.10,16350557,16350903
3013000,925347,185885,199.23,16359548,16359583
3014000,925520,184521,199.25,16309633,16309460
3015000,927426,183713,199.36,16332474,16330568
3016000,928098,182226,199.07,16318962,16318290
3017000,929406,181252,199.23,16385504,16384196
3018000,926188,182308,199.35,16306848,16310066
3019000,925967,183487,199.57,16260150,16260371
3020000,924930,183109,199.10,16251567,16252604
3021000,923080,184121,199.67,16172606,16174456
3022000,918971,184244,200.00,16012939,16017048
3023000,919874,185664,199.81,15982700,15981797
3024000,918191,186674,199.60,15974205,15975888
3025000,920537,187538,199.33,16006492,16004146
3026000,917956,188176,200.16,15968721,15971302
3027000,912178,188668,199.89,15759327,15765105
3028000,923415,188405,199.01,16027183,16015946
3029000,923415,186913,199.67,16203523,16203523
3030000,923653,188688,199.16,16123680,16123442
3031000,923734,189512,199.94,16140199,16140118
3032000,918562,191323,199.66,15995903,16001075
3033000,926809,191689,199.48,16085451,16077204
3034000,930435,188769,199.72,16260630,16257004
3035000,929981,187416,199.89,16244498,16244952
3036000,924701,185999,199.48,16114480,16119760
3037000,925138,186553,198.99,16223762,16223325
3038000,925656,185355,199.31,16247700,16247182
3039000,923788,186327,199.61,16204413,16206281
3040000,923152,187800,199.34,16076382,16077018
3041000,923324,186823,199.42,16150145,16149973
3042000,923123,188466,199.06,16133297,16133498
3043000,923421,187952,198.67,16316197,16315899
3044000,923413,186596,198.79,16285400,16285408
3045000,923325,187128,198.90,16294953,16295041
3046000,924070,185908,198.94,16236125,16235380
3047000,927724,185824,199.46,16324300,16320646
3048000,922911,187006,199.46,16145663,16150476
3049000,920775,188581,199.36,16162794,16164930
3050000,917923,189966,199.02,16142927,16145779
3051000,922602,188000,198.77,16335142,16330463
3052000,924587,185129,199.07,16287887,16285902
3053000,928424,184789,198.86,16340460,16336623
3054000,924407,184604,199.15,16373429,16377446
3055000,924875,185397,198.82,16263983,16263515
3056000,925466,182407,199.24,16313260,16312669
3057000,922153,182578,199.28,16220778,16224091
3058000,923781,183234,199.34,16213596,16211968
3059000,926558,184209,199.23,16301240,16298463
3060000,924759,184798,199.33,16305244,16307043
3061000,922031,185727,199.15,16229615,16232343
3062000,919127,186798,198.90,16224026,16226930
3063000,921108,185950,198.51,16249775,16247794
3064000,926410,186040,198.51,16391759,16386457
3065000,926656,185728,198.60,16432202,16431956
3066000,922671,185738,198.82,16366676,16370661
3067000,924785,184955,199.05,16320738,16318624
3068000,927571,185559,198.74,16457160,16454374
3069000,922723,185737,198.87,16312142,16316990
3070000,927725,185790,198.44,16355616,16350614
3071000,929280,183978,198.38,16533216,16531661
3072000,928385,182398,198.43,16522199,16523094
3073000,925401,181322,199.27,16438025,16441009
3074000,928159,181668,198.79,16327720,16324962
3075000,926599,182850,199.09,16376518,16378078
3076000,924628,183268,198.86,16303254,16305225
3077000,924536,184199,199.17,16295448,16295540
3078000,927208,183579,198.78,16281952,16279280
3079000,927500,184638,199.25,16335448,16335156
3080000,922606,185136,199.36,16214332,16219226
3081000,926649,185941,198.85,16224358,16220315
3082000,923436,184674,198.86,16315825,16319038
3083000,924308,186259,198.83,16292675,16291803
3084000,918731,186883,199.23,16161032,16166609
3085000,917740,187155,199.37,16106821,16107812
3086000,924578,187812,198.70,16212469,16205631
3087000,921173,188345,198.79,16198353,16201758
3088000,921126,186595,198.97,16221085,16221132
3089000,923006,186528,199.09,16264698,16262818
3090000,918560,187089,199.01,16222929,16227375
3091000,915642,188809,198.85,16151931,16154849
3092000,917278,188773,198.62,16159085,16157449
3093000,916768,189275,198.57,16111675,16112185
3094000,918686,190089,198.82,16163267,16161349
3095000,917735,190619,199.32,16156285,16157236
3096000,919804,191559,198.45,16216118,16214049
3097000,918162,189851,198.26,16254698,16256340
3098000,918446,188133,199.11,16246195,16245911
3099000,920509,189356,198.96,16232619,16230556
3100000,919089,189608,198.69,16185957,16187377
3101000,921557,190929,199.12,16194110,16191642
3102000,919669,188209,199.12,16170247,16172135
3103000,922968,188958,199.57,16164106,16160807
3104000,922862,188795,199.47,16136665,16136771
3105000,917769,188838,199.57,16085726,16090819
3106000,918407,190978,198.85,16125574,16124936
3107000,917427,191621,198.11,16224841,16225821
3108000,920195,190746,198.47,16295079,16292311
3109000,927515,188245,198.32,16480100,16472780
3110000,923641,187628,198.17,16509979,16513853
3111000,923520,186719,198.81,16413155,16413276
3112000,923243,187577,199.04,16316644,16316921
3113000,918474,187846,198.71,16222017,16226786
3114000,917632,191133,198.47,16157294,16158136
3115000,919099,190637,198.51,16257632,16256165
3116000,921121,187191,198.41,16324356,16322334
3117000,925648,185511,198.24,16418751,16414224
3118000,923973,186655,198.99,16383027,16384702
3119000,919872,185933,198.54,16316922,16321023
3120000,924851,188238,198.49,16333575,16328596
3121000,924639,186569,197.88,16450817,16451029
3122000,926966,185184,198.29,16487318,16484991
3123000,923922,184201,198.86,16435046,16438090
3124000,925748,183632,199.06,16397105,16395279
3125000,922644,185555,199.28,16259189,16262293
3126000,920062,186802,199.23,16143364,16145946
3127000,921462,186842,199.00,16273100,16271700
3128000,920138,184919,198.71,16317514,16318838
3129000,921793,185126,198.97,16263888,16262233
3130000,923834,184638,199.18,16298677,16296636
3131000,921210,185023,199.47,16199949,16202573
3132000,922429,186446,199.18,16240171,16238952
3133000,917123,186545,199.28,16157495,16162801
3134000,918984,185960,199.15,16119632,16117771
3135000,915924,188493,199.05,16101280,16104340
3136000,920216,189341,198.91,16131599,16127307
3137000,921419,189665,198.95,16253158,16251955
3138000,920854,190403,198.92,16184192,16184757
3139000,919303,189419,199.39,16130458,16132009
3140000,918406,187628,199.23,16113754,16114651
3141000,920556,188747,199.35,16127394,16125244
3142000,922043,188267,198.81,16200434,16198947
3143000,919406,189418,199.14,16262491,16265128
3144000,916019,189774,199.78,16098448,16101835
3145000,918999,189232,198.69,16069914,16066934
3146000,928470,185973,198.79,16372457,16362986
3147000,922745,185445,199.76,16281491,16287216
3148000,916855,187643,199.61,16022613,16028503
3149000,919377,189318,198.78,16085222,16082700
3150000,916923,190841,199.31,16116328,16118782
3151000,919050,190883,198.65,16127587,16125460
3152000,922528,190444,198.68,16266106,16262628
3153000,921114,191059,199.00,16251500,16252914
3154000,915858,190044,199.02,16134179,16139435
3155000,915425,192046,198.77,16105445,16105878
3156000,920053,191014,198.05,16291414,16286786
3157000,918987,192353,198.89,16306502,16307568
3158000,920371,189801,198.55,16291697,16290313
3159000,922490,189229,198.81,16290958,16288839
3160000,922599,187971,199.14,16242745,16242636
3161000,921703,188356,199.31,16188754,16189650
3162000,918369,188186,200.18,16065132,16068466
3163000,915095,191449,199.51,15883156,15886430
3164000,917611,192692,198.95,15983171,15980655
3165000,918531,191648,199.45,16119100,16118180
3166000,919015,190853,199.31,16072026,16071542
3167000,919625,190612,198.98,16135133,16134523
3168000,919509,191274,199.11,16115453,16115569
3169000,918527,193225,198.86,16079883,16080865
3170000,914420,192550,198.72,16081924,16086031
3171000,918421,194004,198.98,16143812,16139811
3172000,919881,193750,198.41,16110647,16109187
3173000,916490,193962,198.82,16169233,16172624
3174000,915555,192132,198.24,16163914,16164849
3175000,917876,189079,198.56,16242008,16239687
3176000,922605,187126,198.33,16294238,16289509
3177000,920260,185520,198.99,16319340,16321685
3178000,924316,186040,198.77,16269307,16265251
3179000,918927,185486,199.16,16152038,16157427
3180000,919055,187314,199.50,16159045,16158917
3181000,918742,188184,199.07,16105937,16106250
3182000,916386,188344,199.55,16076805,16079161
3183000,914168,190366,199.01,16011686,16013904
3184000,915254,191100,198.93,16029306,16028220
3185000,917008,191715,199.28,16071095,16069341
3186000,918099,190051,198.52,16160093,16159002
3187000,925015,189484,198.54,16389694,16382778
3188000,921571,189090,198.98,16385886,16389330
3189000,915859,189918,198.96,16140421,16146133
3190000,918397,190012,198.70,16169720,16167182
3191000,922029,188705,197.97,16360055,16356423
3192000,923348,188714,198.49,16386849,16385530
3193000,923184,188779,198.93,16307976,16308140
3194000,922771,187919,198.91,16300143,16300556
3195000,922833,189278,198.50,16370242,16370180
3196000,921986,188150,198.60,16284744,16285591
3197000,924610,189342,198.76,16267452,16264828
3198000,921461,188189,198.68,16217240,16220389
3199000,924295,187075,198.82,16342317,16339483
3200000,922013,186258,199.08,16225237,16227519
3201000,920625,186819,199.14,16237755,16239143
3202000,922517,188959,198.92,16177514,16175622
3203000,923125,189913,199.02,16244328,16243720
3204000,925075,188138,198.37,16309676,16307726
3205000,926868,188997,199.27,16322443,16320650
3206000,919126,189866,199.38,16147353,16155095
3207000,916964,191227,199.01,16037008,16039170
3208000,919353,191201,198.51,16184365,16181976
3209000,925954,190531,198.49,16468296,16461695
3210000,922561,189442,199.06,16310861,16314254
3211000,920399,189962,198.78,16299767,16301929
3212000,920454,189489,197.95,16299493,16299438
3213000,920768,188653,198.20,16437222,16436908
3214000,919624,187829,198.23,16351434,16352578
3215000,917101,186668,198.97,16251681,16254204
3216000,921403,186623,198.66,16211960,16207658
3217000,919755,186741,198.89,16252165,16253813
3218000,922009,186569,199.07,16243210,16240956
3219000,920070,188737,198.45,16245343,16247282
3220000,921153,188903,198.71,16270809,16269726
3221000,912269,190260,199.09,16055255,16064139
3222000,914714,190958,198.71,16073623,16071178
3223000,915950,190702,199.29,16120487,16119251
3224000,920043,190991,198.61,16165755,16161662
3225000,920303,190715,198.64,16178491,16178231
3226000,922228,194069,198.87,16239584,16237659
3227000,915946,195961,199.21,16154253,16160535
3228000,914965,195557,198.55,16047536,16048517
3229000,917848,193064,198.65,16177719,16174836
3230000,923910,190747,198.63,16327540,16321478
3231000,923288,190581,198.49,16359893,16360515
3232000,921391,190293,198.36,16357314,16359211
3233000,919727,189892,198.30,16289644,16291308
3234000,918248,190801,198.57,16256403,16257882
3235000,919059,191364,198.44,16284361,16283550
3236000,915950,190614,198.66,16177163,16180272
3237000,918349,191215,198.41,16235260,16232861
3238000,922933,191401,198.66,16365497,16360913
3239000,920936,189247,199.02,16313501,16315498
3240000,919184,192410,199.28,16143673,16145425
3241000,914068,194859,198.65,16096368,16101484
3242000,914284,196263,198.34,16133787,16133571
3243000,915117,194699,198.60,16203842,16203009
3244000,920209,192650,198.51,16241280,16236188
3245000,918491,190582,198.94,16244590,16246308
3246000,917383,192431,199.41,16108682,16109790
3247000,917927,193620,198.87,16085415,16084871
3248000,917528,193824,199.31,16172566,16172965
3249000,915972,194555,199.04,16087478,16089034
3250000,917045,193463,199.15,16078197,16077124
3251000,919530,192423,199.06,16110396,16107911
3252000,919826,190586,198.92,16167107,16166811
3253000,918149,191143,199.00,16191444,16193121
3254000,919018,191225,199.13,16123478,16122609
3255000,921511,190770,198.79,16271833,16269340
3256000,919238,189618,198.70,16186658,16188931
3257000,918458,189913,198.95,16184070,16184850
3258000,920732,191038,198.80,16230230,16227956
3259000,916491,190990,198.94,16199187,16203428
3260000,917422,192023,199.24,16130597,16129666
3261000,915274,191479,198.65,16124036,16126184
3262000,920606,190138,198.63,16255867,16250535
3263000,922455,189646,198.51,16327486,16325637
3264000,918494,189040,198.56,16276536,16280497
3265000,921969,187972,198.29,16350929,16347454
3266000,922492,187070,198.74,16356901,16356378
3267000,922607,189040,198.43,16304806,16304691
3268000,920669,188824,198.85,16317373,16319311
3269000,921782,188945,198.58,16323907,16322794
3270000,923774,186873,198.50,16346245,16344253
3271000,930642,186575,198.52,16457927,16451059
3272000,926744,187285,198.74,16507439,16511337
3273000,923647,187334,198.68,16334409,16337506
3274000,926199,187298,198.92,16341060,16338508
3275000,926264,188147,198.72,16346456,16346391
3276000,920257,188944,199.16,16244571,16250578
3277000,922285,189623,198.62,16234702,16232674
3278000,924131,185831,198.96,16365031,16363185
3279000,924499,184918,198.94,16284442,16284074
3280000,923022,186033,199.28,16276953,16278430
3281000,917852,188131,199.11,16094934,16100104
3282000,919277,188129,198.75,16154826,16153401
3283000,919107,188235,199.10,16207168,16207338
3284000,921716,187916,198.69,16246013,16243404
3285000,919681,188073,199.06,16223605,16225640
3286000,921341,187306,199.09,16178390,16176730
3287000,927433,186987,198.87,16311133,16305041
3288000,923422,188086,199.42,16247200,16251211
3289000,917906,190593,199.11,16124205,16129721
3290000,912993,190293,199.21,16015812,16020725
3291000,916094,190797,199.07,16032372,16029271
3292000,920378,190621,198.47,16165937,16161653
3293000,918477,189459,199.06,16250014,16251915
3294000,920896,188661,198.64,16204152,16201733
3295000,925388,187409,198.92,16290893,16286401
3296000,924364,187281,198.84,16352748,16353772
3297000,926031,186588,198.49,16410476,16408809
3298000,928719,186485,198.37,16406800,16404112
3299000,922946,187270,198.64,16370736,16376509
3300000,920657,188171,198.61,16293439,16295728
3301000,921325,189004,198.54,16303934,16303266
3302000,920179,188826,198.88,16342151,16343297
3303000,916551,188210,199.36,16164128,16167756
3304000,916543,189399,198.76,16039048,16039056
3305000,921073,188591,198.89,16260714,16256184
3306000,921690,187392,198.91,16264610,16263993
3307000,920265,187403,198.81,16219460,16220885
3308000,919419,185405,199.57,16161241,16162087
3309000,921036,185697,199.30,16073733,16072116
3310000,924157,186096,199.40,16200018,16196897
3311000,923531,187217,199.57,16166934,16167560
3312000,921038,188483,199.57,16034296,16036789
3313000,919503,190444,199.58,16012470,16014005
3314000,910915,191648,199.61,15937931,15946519
3315000,918143,192892,198.55,16067154,16059926
3316000,918158,192521,198.33,16266030,16266015
3317000,922089,190657,198.07,16429206,16425275
3318000,924200,189852,198.52,16359302,16357191
3319000,919764,189494,198.82,16335329,16339765
3320000,920400,189255,198.57,16305694,16305058
3321000,924155,187502,198.84,16404063,16400308
3322000,929619,184837,198.95,16412548,16407084
3323000,925523,182889,199.13,16315822,16319918
3324000,923466,183829,199.76,16187970,16190027
3325000,924473,185963,199.27,16169257,16168250
3326000,920544,184910,199.34,16153380,16157309
3327000,923323,184671,198.76,16228030,16225251
3328000,927396,183785,198.84,16366061,16361988
3329000,926203,182258,199.10,16362306,16363499
3330000,926708,182731,199.20,16247050,16246545
3331000,923571,183725,199.25,16230482,16233619
3332000,919880,186012,199.12,16163509,16167200
3333000,915716,187066,198.86,16112436,16116600
3334000,922443,186797,198.90,16233977,16227250
3335000,921753,187905,198.99,16265468,16266158
3336000,923755,188269,198.61,16217076,16215074
3337000,922997,188685,198.91,16336947,16337705
3338000,922227,186924,198.74,16305494,16306264
3339000,919976,186429,198.69,16270469,16272720
3340000,922884,187020,197.94,16286880,16283972
3341000,924300,187117,198.80,16392588,16391172
3342000,922456,185958,198.82,16278441,16280285
3343000,920926,185146,198.76,16243044,16244574
3344000,923991,185696,198.64,16284294,16281229
3345000,921025,185840,199.57,16290969,16293935
3346000,919431,189106,199.60,16046453,16048047
3347000,920138,189087,198.84,16146375,16145668
3348000,923457,186258,199.11,16286130,16282811
3349000,921082,187544,198.64,16322616,16324991
3350000,921297,189006,199.10,16181479,16181264
3351000,919354,190938,199.21,16152228,16154171
3352000,918194,191030,198.50,16186233,16187393
3353000,921525,190292,198.22,16289234,16285903
3354000,923740,190692,198.48,16367488,16365273
3355000,921281,188436,198.87,16325234,16327693
3356000,925634,189080,198.46,16363002,16358649
3357000,925524,189437,198.81,16405658,16405768
3358000,922247,189855,198.55,16326194,16329471
3359000,922820,188945,198.51,16420230,16419657
3360000,925276,188274,198.47,16470722,16468266
3361000,926014,187215,198.24,16523914,16523176
3362000,922785,185525,198.93,16415705,16418934
3363000,923913,187884,199.01,16272804,16271676
3364000,919561,189964,198.81,16239878,16244230
3365000,916404,190566,198.95,16152647,16155804
3366000,922169,190726,198.62,16276103,16270338
3367000,923899,188695,199.07,16282645,16280915
3368000,923098,186597,199.15,16284642,16285443
3369000,925600,188178,198.82,16346527,16344025
3370000,924340,188001,198.75,16290963,16292223
3371000,921609,185377,198.86,16283112,16285843
3372000,925047,185870,199.02,16366545,16363107
3373000,920398,188219,199.08,16210767,16215416
3374000,918393,188917,198.74,16161623,16163628
3375000,918970,188520,198.23,16253271,16252694
3376000,922800,187099,198.52,16336494,16332664
3377000,922960,187322,198.57,16356607,16356447
3378000,922230,187058,198.12,16412286,16413016
3379000,919964,185622,198.98,16332815,16335081
3380000,919284,185130,198.51,16291352,16292032
3381000,920506,186379,198.14,16301353,16300131
3382000,921619,185045,198.30,16365722,16364609
3383000,924298,185775,198.20,16379114,16376435
3384000,924235,185141,198.57,16363784,16363847
3385000,926822,184872,198.76,16398817,16396230
3386000,924878,185115,198.81,16397794,16399738
3387000,922212,185922,199.06,16279082,16281748
3388000,920155,188171,199.27,16146721,16148778
3389000,919352,188938,198.97,16167497,16168300
3390000,920049,188547,198.99,16121370,16120673
3391000,922540,187052,198.97,16250591,16248100
3392000,926580,185587,199.28,16211605,16207565
3393000,922043,186676,199.49,16130385,16134922
3394000,922699,186941,199.09,16172917,16172261
3395000,920304,189029,199.48,16182639,16185034
3396000,920827,189478,199.40,16087213,16086690
3397000,917663,191291,199.61,16049373,16052537
3398000,914845,192079,199.17,16000652,16003470
3399000,920265,191226,198.61,16208803,16203383
3400000,919116,191022,198.75,16219286,16220435
3401000,920008,192010,198.96,16196742,16195850
3402000,921965,191352,198.55,16213209,16211252
3403000,921548,191225,198.54,16240303,16240720
3404000,920229,193235,198.73,16252498,16253817
3405000,918026,192047,198.77,16239040,16241243
3406000,916475,192137,198.65,16162712,16164263
3407000,923198,191023,198.35,16288227,16281504
3408000,924800,189308,198.99,16377244,16375642
3409000,920728,188653,198.92,16263315,16267387
3410000,918043,189068,199.03,16095135,16097820
3411000,919427,189795,198.85,16141123,16139739
3412000,919728,189798,199.14,16274225,16273924
3413000,918837,190277,198.59,16274585,16275476
3414000,918685,189146,198.84,16249817,16249969
3415000,918788,186339,198.59,16300493,16300390
3416000,919598,184776,198.77,16307469,16306659
3417000,921635,184813,198.07,16386125,16384088
3418000,923449,185371,198.78,16439641,16437827
3419000,920050,186085,198.92,16306217,16309616
3420000,919053,188183,198.98,16171876,16172873
3421000,919428,189335,198.47,16231401,16231026
3422000,920302,188438,198.64,16313178,16312304
3423000,921851,188359,198.28,16351523,16349974
3424000,917473,188671,198.98,16251220,16255598
3425000,915576,190547,198.99,16163463,16165360
3426000,913804,193387,198.82,16097867,16099639
3427000,912166,192691,198.68,16041106,16042744
3428000,913513,193646,198.64,16110732,16109385
3429000,915807,192111,198.12,16204696,16202402
3430000,919459,190662,197.67,16404845,16401193
3431000,918590,189382,198.36,16394775,16395644
3432000,917898,188549,198.62,16307165,16307857
3433000,918502,188693,199.16,16234752,16234148
3434000,920591,188015,198.55,16203311,16201222
3435000,922807,187187,198.29,16310170,16307954
3436000,924338,187048,198.99,16350283,16348752
3437000,920748,187770,199.20,16242653,16246243
3438000,924899,186128,198.72,16318846,16314695
3439000,923547,186708,198.82,16365850,16367202
3440000,920452,186573,199.00,16291706,16294801
3441000,922478,186596,199.26,16169559,16167533
3442000,923889,186570,199.11,16256914,16255503
3443000,923996,185918,199.08,16301644,16301537
3444000,922028,187002,199.04,16265869,16267837
3445000,926392,186515,198.38,16358356,16353992
3446000,927919,183279,198.57,16442185,16440658
3447000,927310,183614,199.17,16416668,16417277
3448000,923368,185274,199.11,16209194,16213136
3449000,923701,185595,199.46,16247496,16247163
3450000,921909,187238,199.13,16184675,16186467
3451000,922342,186286,199.05,16182794,16182361
3452000,925759,185512,198.62,16327239,16323822
3453000,925617,183023,198.99,16402104,16402246
3454000,927289,183483,198.79,16367186,16365514
3455000,927252,186397,198.53,16359912,16359949
3456000,925762,184829,198.30,16405276,16406766
3457000,927492,183502,198.66,16486321,16484591
3458000,926045,181266,199.10,16369430,16370877
3459000,930468,181469,199.43,16463268,16458845
3460000,928396,182434,199.28,16376079,16378151
3461000,925054,183937,199.51,16243436,16246778
3462000,918482,185896,199.12,16158997,16165569
3463000,921882,187279,198.08,16278831,16275431
3464000,924621,186115,199.17,16426914,16424175
3465000,922080,186101,198.75,16315155,16317696
3466000,925541,184865,198.74,16369215,16365754
3467000,927719,184839,198.99,16413184,16411006
3468000,929337,185565,198.92,16398691,16397073
3469000,927117,184732,199.03,16387583,16389803
3470000,923513,185071,199.04,16296700,16300304
3471000,925009,184219,199.48,16264704,16263208
3472000,924175,183425,199.31,16271579,16272413
3473000,923483,184087,198.66,16300409,16301101
3474000,923343,186020,198.62,16322644,16322784
3475000,919280,186522,199.01,16288416,16292479
3476000,921631,186225,198.75,16249368,16247017
3477000,923031,185993,198.62,16298127,16296727
3478000,921536,185235,199.00,16298182,16299677
3479000,924775,186308,198.55,16344427,16341188
3480000,923282,186758,198.79,16290734,16292227
3481000,924979,186528,198.87,16309570,16307873
3482000,922869,187072,198.91,16228669,16230779
3483000,923973,188353,198.59,16312649,16311545
3484000,925351,185870,198.35,16412199,16410821
3485000,929238,185254,198.77,16494127,16490240
3486000,924913,184268,199.05,16300737,16305062
3487000,923062,186189,199.48,16220143,16221994
3488000,921144,187686,199.01,16253610,16255528
3489000,922067,186370,198.94,16269716,16268793
3490000,929095,184438,198.44,16442457,16435429
3491000,928320,183036,199.05,16421102,16421877
3492000,930193,182840,199.70,16294071,16292198
3493000,932039,183554,199.33,16339394,16337548
3494000,923053,182593,198.98,16244555,16253541
3495000,923488,185283,199.41,16154371,16153936
3496000,927012,185507,199.17,16218961,16215437
3497000,926233,184304,199.34,16340427,16341206
3498000,926174,184778,199.29,16292350,16292409
3499000,923621,184267,199.48,16274788,16277341
3500000,919347,186867,199.46,16120292,16124566
3501000,920382,188309,199.04,16119912,16118877
3502000,927065,186958,199.19,16302643,16295960
3503000,926684,186281,198.87,16346921,16347302
3504000,926620,185956,199.36,16280386,16280450
3505000,923643,188715,198.94,16200471,16203448
3506000,920488,189567,199.09,16271952,16275107
3507000,919432,188734,198.96,16144318,16145374
3508000,920938,188062,199.15,16250233,16248727
3509000,920488,188122,199.32,16148831,16149281
3510000,925447,185810,199.13,16264277,16259318
3511000,928200,185749,198.96,16253435,16250682
3512000,926854,186046,199.45,16242639,16243985
3513000,923349,186701,199.70,16093896,16097401
3514000,924131,189757,199.44,16074128,16073346
3515000,921671,189338,199.73,16133022,16135482
3516000,920507,190250,199.79,16024922,16026086
3517000,918361,189922,200.07,15934754,15936900
3518000,920724,192741,199.68,15958856,15956493
3519000,916527,193322,199.80,15992354,15996551
3520000,917531,193501,199.36,15944118,15943114
3521000,923143,193067,199.20,16111841,16106229
3522000,922280,190436,198.89,16210018,16210881
3523000,924615,189248,199.06,16197747,16195412
3524000,926251,187573,198.76,16277651,16276015
3525000,924668,185239,199.73,16235590,16237173
3526000,923227,187228,199.19,16111254,16112695
3527000,919090,186499,199.11,16120965,16125102
3528000,921281,186759,199.11,16089388,16087197
3529000,922205,187179,199.06,16223745,16222821
3530000,919794,186818,199.44,16112200,16114611
3531000,914197,188557,199.54,15961734,15967331
3532000,917379,187919,199.45,15924327,15921145
3533000,919707,188370,199.21,16046780,16044452
3534000,922516,190182,199.12,16195440,16192631
3535000,921390,190352,199.21,16145533,16146659
3536000,921409,189799,198.65,16170678,16170659
3537000,922129,191263,199.17,16252054,16251334
3538000,922782,188509,199.69,16150166,16149513
3539000,925005,188805,199.07,16207308,16205085
3540000,921087,189832,199.54,16147878,16151796
3541000,920370,191131,199.32,16072680,16073397
3542000,919460,190303,199.08,16087626,16088536
3543000,920760,189013,199.59,16117493,16116193
3544000,922853,187895,199.49,16082556,16080463
3545000,918037,189222,200.11,15951365,15956181
3546000,918736,190215,199.38,15965928,15965229
3547000,923556,188777,199.60,16159154,16154334
3548000,924803,187610,199.54,16165684,16164437
3549000,926718,187465,199.14,16273725,16271810
3550000,921170,186453,199.52,16167196,16172744
3551000,923221,186814,199.13,16162082,16160031
3552000,928888,184362,198.95,16344980,16339313
3553000,928812,181856,198.81,16400869,16400945
3554000,926351,180308,198.85,16317628,16320089
3555000,929995,179993,199.28,16336624,16332980
3556000,929927,180081,199.62,16281900,16281968
3557000,929704,179159,199.31,16279763,16279986
3558000,934047,179397,199.74,16345299,16340956
3559000,926720,179759,199.82,16248802,16256129
3560000,926866,181764,199.67,16121645,16121499
3561000,924252,183682,200.09,16087893,16090507
3562000,923175,186791,199.50,16009565,16010642
3563000,925406,185663,199.37,16107106,16104875
3564000,922297,185000,199.73,16128592,16131701
3565000,923861,185535,199.87,16072465,16070901
3566000,923257,185276,199.24,16086849,16087453
3567000,925289,185341,199.76,16088243,16086211
3568000,924981,185295,200.13,16088330,16088638
3569000,921634,184879,199.48,16141366,16144713
3570000,925928,184129,199.21,16139818,16135524
3571000,925526,186390,199.95,16119692,16120094
3572000,919771,187432,200.35,15959136,15964891
3573000,923845,189161,199.26,16035832,16031758
3574000,925842,186987,199.45,16149408,16147411
3575000,925071,187286,200.00,16091084,16091855
3576000,918516,189561,199.88,15906989,15913544
3577000,921655,189095,198.89,16072104,16068965
3578000,925958,186477,199.40,16183464,16179161
3579000,927225,187402,199.77,16124784,16123517
3580000,926447,186486,199.57,16210771,16211549
3581000,930470,184387,199.24,16246720,16242697
3582000,926183,184009,199.96,16191362,16195649
3583000,922590,184824,199.89,15986539,15990132
3584000,923489,186263,199.85,15996207,15995308
3585000,918289,187212,199.62,15983991,15989191
3586000,917488,187122,199.32,15959792,15960593
3587000,923871,185347,198.52,16140219,16133836
3588000,926174,183760,199.39,16275774,16273471
3589000,925341,184934,200.07,16133825,16134658
3590000,925658,186082,199.55,16029899,16029582
3591000,925228,183593,199.71,16034790,16035220
3592000,927034,183241,199.97,16062771,16060965
3593000,926560,182360,199.99,16073991,16074465
3594000,927188,182899,200.02,16084433,16083805
3595000,924634,184249,200.48,16014623,16017177
3596000,923381,185624,200.04,15958199,15959452
3597000,923395,184484,200.50,15981949,15981935
3598000,924925,185116,199.67,15991823,15990293
3599000,927312,185776,199.29,16107887,16105500
3600000,927121,187379,199.58,16158190,16158381
3601000,922426,185366,199.60,16090771,16095466
3602000,928031,184329,199.83,16165999,16160394
3603000,927601,183686,199.90,16191466,16191896
3604000,925335,184003,199.82,16026655,16028921
3605000,926348,183342,199.88,16031701,16030688
3606000,924611,182781,199.91,16039457,16041194
3607000,921450,183368,200.22,15898460,15901621
3608000,923647,182736,200.29,15953264,15951067
3609000,926791,183305,199.92,15985372,15982228
3610000,923866,184240,200.71,15909627,15912552
3611000,922166,186489,200.03,15869160,15870860
3612000,921799,185194,200.25,15946026,15946393
3613000,925691,185633,199.63,16014504,16010612
3614000,922922,184265,200.01,16052806,16055575
3615000,924102,184853,199.82,15952528,15951348
3616000,927437,183507,200.04,16024176,16020841
3617000,928557,183090,200.43,16032242,16031122
3618000,924388,185033,200.05,15970451,15974620
3619000,927613,184070,199.99,16119121,16115896
3620000,929342,183251,199.75,16153977,16152248
3621000,928617,182962,200.29,16117603,16118328
3622000,925571,183332,199.83,16106115,16109161
3623000,926482,182011,199.22,16159824,16158913
3624000,929396,180147,199.58,16255590,16252676
3625000,934750,180454,199.22,16328760,16323406
3626000,926733,180747,199.85,16210265,16218282
3627000,923329,183790,199.68,16038974,16042378
3628000,922022,185495,199.58,16071483,16072790
3629000,924164,184534,199.47,16166738,16164596
3630000,919631,185374,199.86,16043319,16047852
3631000,920870,187320,199.43,16016213,16014974
3632000,921390,187348,199.39,16089635,16089115
3633000,924409,188022,199.80,16109101,16106082
3634000,923775,188672,199.95,16028569,16029203
3635000,918794,187726,200.27,15928125,15933106
3636000,915704,189477,200.13,15824484,15827574
3637000,915786,189729,199.60,15770701,15770619
3638000,918896,191703,199.14,15947737,15944627
3639000,920300,188609,198.70,16165423,16164019
3640000,924506,187224,198.95,16186402,16182196
3641000,926814,187864,198.91,16269643,16267335
3642000,924117,186599,199.06,16273630,16276327
3643000,924864,186765,199.24,16257086,16256339
3644000,921748,186972,199.33,16137416,16140532
3645000,921690,188211,199.26,16158010,16158068
3646000,921033,188177,199.25,16048030,16048687
3647000,924166,189659,199.14,16157017,16153884
3648000,925605,187969,199.14,16205357,16203918
3649000,926549,185311,199.54,16240876,16239932
3650000,925200,185312,199.48,16201784,16203133
3651000,924665,187376,198.94,16171344,16171879
3652000,925005,186187,199.86,16137205,16136865
3653000,922117,187705,200.38,15924816,15927704
3654000,922079,188096,199.68,15904387,15904425
3655000,919354,187789,199.46,15913412,15916137
3656000,918975,188360,199.66,15926329,15926708
3657000,916111,189437,199.97,15800245,15803109
3658000,915686,189020,199.67,15836728,15837153
3659000,919915,189496,199.34,15960112,15955883
3660000,921869,187329,199.62,16065874,16063920
3661000,921534,188793,198.95,16060676,16061011
3662000,918790,189632,199.54,16095506,16098250
3663000,917765,192685,199.29,16014991,16016016
3664000,917952,192189,199.06,16034664,16034477
3665000,918125,190903,199.26,15970901,15970728
3666000,915952,191129,199.50,15978381,15980554
3667000,917953,191836,199.29,16004905,16002904
3668000,917313,189028,199.45,15959354,15959994
3669000,917931,190361,199.69,15980051,15979433
3670000,918189,189773,199.51,15936463,15936205
3671000,921180,188990,199.56,15985544,15982553
3672000,918985,190197,199.85,15983961,15986156
3673000,916082,192203,199.74,15815351,15818254
3674000,918654,191514,199.43,15859589,15857017
3675000,920720,189316,199.64,15980949,15978883
3676000,922883,189345,199.68,15977376,15975213
3677000,921960,190211,199.87,15993971,15994894
3678000,916881,189679,199.67,15963125,15968204
3679000,920053,188644,199.59,15953525,15950353
3680000,918032,186785,200.07,15914975,15916996
3681000,921372,188444,199.93,15839342,15836002
3682000,919559,187771,199.79,15871197,15873010
3683000,921578,187812,199.83,15959000,15956981
3684000,916649,187642,199.66,15859700,15864629
3685000,919717,188249,199.57,15914772,15911704
3686000,916582,189005,199.43,15899840,15902975
3687000,919724,189797,199.96,15865150,15862008
3688000,917633,189865,199.98,15904857,15906948
3689000,916103,190366,199.94,15779752,15781282
3690000,916238,191210,199.70,15702418,15702283
3691000,921857,189807,199.36,16003535,15997916
3692000,921147,189402,199.35,15996465,15997175
3693000,924503,189002,199.18,16151456,16148100
3694000,921577,189244,199.73,16102655,16105581
3695000,918117,188624,199.52,15954805,15958265
3696000,925209,188436,199.13,16123789,16116697
3697000,926211,185567,199.56,16234495,16233493
3698000,925081,186408,199.48,16186556,16187686
3699000,921805,187909,199.65,16077993,16081269
3700000,921304,188195,199.51,16071213,16071714
3701000,922137,187844,199.50,16081351,16080518
3702000,922572,189509,199.41,16127112,16126677
3703000,922945,187984,198.68,16143025,16142652
3704000,927681,187093,199.39,16259679,16254943
3705000,921386,187008,200.09,16096952,16103247
3706000,917239,189266,199.62,15896576,15900723
3707000,918939,189844,199.42,15983318,15981618
3708000,915892,188103,199.29,16021237,16024284
3709000,918212,188172,199.44,15933320,15931000
3710000,922320,188965,199.47,16070604,16066496
3711000,919547,188456,199.19,16095256,16098029
3712000,922370,188241,199.10,16074184,16071361
3713000,916718,187949,199.66,15988953,15994605
3714000,918256,189261,199.40,15949863,15948325
3715000,922543,189883,199.08,16063836,16059549
3716000,919919,189406,199.39,16097623,16100247
3717000,916396,188937,199.34,15942616,15946139
3718000,914342,189073,199.78,15865384,15867438
3719000,915548,188104,199.87,15840953,15839747
3720000,918083,189497,199.63,15923410,15920875
3721000,919159,191168,199.75,15876587,15875511
3722000,917489,190993,200.04,15823993,15825663
3723000,918004,191715,200.42,15860515,15860000
3724000,916435,191679,200.39,15780749,15782318
3725000,916670,193167,199.71,15766717,15766482
3726000,914991,193472,200.04,15827229,15828908
3727000,915802,194000,200.12,15789635,15788824
3728000,918115,193836,199.98,15856835,15854522
3729000,914805,194240,200.48,15748198,15751508
3730000,913303,195671,200.00,15721644,15723146
3731000,911059,196044,199.68,15709298,15711542
3732000,914252,197019,199.76,15770397,15767204
3733000,914510,195596,199.51,15809969,15809711
3734000,917360,192750,199.47,15836328,15833478
3735000,917771,193109,199.65,15890818,15890407
3736000,916478,194233,199.93,15834009,15835302
3737000,908366,194535,199.38,15729779,15737891
3738000,913148,193554,199.39,15817201,15812419
3739000,916947,192982,199.06,15912944,15909145
3740000,915011,191506,199.12,15906351,15908287
3741000,919799,192983,199.34,15992432,15987644
3742000,917650,191344,199.70,15953159,15955308
3743000,914375,190757,199.94,15795146,15798421
3744000,915693,191707,199.84,15877772,15876454
3745000,921501,193521,200.21,15842069,15836261
3746000,915829,193313,200.12,15829948,15835620
3747000,916946,194349,200.04,15794163,15793046
3748000,908867,194273,200.53,15682078,15690157
3749000,910896,195929,199.98,15580114,15578085
3750000,914004,193797,200.29,15737009,15733901
3751000,915309,196189,200.17,15744060,15742755
3752000,913468,196917,199.89,15647610,15649451
3753000,912717,198199,200.25,15623040,15623791
3754000,909608,198798,200.15,15649003,15652112
3755000,907164,198908,199.97,15555805,15558249
3756000,909551,199130,199.46,15606898,15604511
3757000,906911,198403,200.17,15623773,15626413
3758000,907300,200650,199.47,15565020,15564631
3759000,905739,200073,200.03,15609686,15611247
3760000,900536,199477,200.22,15427336,15432539
3761000,902666,202068,199.69,15473183,15471053
3762000,907517,199832,199.51,15695795,15690944
3763000,908447,200643,199.92,15671039,15670109
3764000,906321,199236,199.82,15610171,15612297
3765000,904712,199577,200.09,15495642,15497251
3766000,908244,200732,199.74,15495095,15491563
3767000,907531,200399,199.90,15610315,15611028
3768000,904339,200622,199.68,15539739,15542931
3769000,903527,197793,199.49,15496605,15497417
3770000,910088,196765,200.08,15609779,15603218
3771000,908052,200031,200.16,15538764,15540800
3772000,907989,200136,199.68,15604663,15604726
3773000,908505,199050,199.82,15600880,15600364
3774000,912335,196465,199.83,15715002,15711172
3775000,914653,195167,199.99,15703698,15701380
3776000,912477,195383,200.16,15675626,15677802
3777000,913033,196539,199.94,15614495,15613939
3778000,911631,196580,200.25,15602976,15604378
3779000,915803,197177,199.84,15749575,15745403
3780000,915477,194351,200.72,15761161,15761487
3781000,917049,196392,200.45,15668818,15667246
3782000,914688,197041,200.59,15631976,15634337
3783000,908836,199684,200.48,15558676,15564528
3784000,906974,200027,200.25,15465207,15467069
3785000,910689,199326,200.21,15565337,15561622
3786000,912981,199030,200.10,15550416,15548124
3787000,908234,198647,200.50,15540958,15545705
3788000,907209,201052,200.42,15519388,15520413
3789000,902738,201969,199.53,15458670,15463141
3790000,909387,200114,199.34,15584199,15577550
3791000,912179,197991,199.92,15778281,15775489
3792000,913975,197085,199.20,15827125,15825329
3793000,914126,196321,199.38,15845880,15845729
3794000,912255,195015,199.94,15752515,15754386
3795000,914640,196510,199.69,15756072,15753687
3796000,910037,195819,199.89,15764558,15769161
3797000,913205,196201,199.82,15784173,15781005
3798000,918827,194800,199.50,15880779,15875157
3799000,915788,194308,200.19,15830302,15833341
3800000,912400,194486,200.13,15636244,15639632
3801000,915092,195797,199.44,15734606,15731914
3802000,910485,195950,199.81,15723820,15728427
3803000,909664,197857,199.61,15709627,15710448
3804000,908814,196625,199.90,15669263,15670113
3805000,911513,196540,199.64,15700732,15698033
3806000,908579,195756,200.06,15630801,15633735
3807000,911460,197641,199.90,15650844,15647963
3808000,910198,197373,199.79,15722537,15723799
3809000,911289,197499,199.79,15716146,15715055
3810000,910066,196849,199.54,15769309,15770532
3811000,915531,194983,199.34,15870219,15864754
3812000,917760,194596,199.48,15990372,15988143
3813000,917035,194639,199.57,15935414,15936139
3814000,916044,197125,199.27,15919988,15920979
3815000,911117,196809,199.45,15839314,15844241
3816000,906179,197226,199.53,15758098,15763036
3817000,910105,197150,199.60,15739159,15735233
3818000,911816,197916,199.09,15799448,15797737
3819000,913612,195246,199.26,15945522,15943726
3820000,916679,193431,199.13,15958041,15954974
3821000,914369,192040,199.99,15898954,15901264
3822000,916980,190589,199.61,15864592,15861981
3823000,916544,191138,199.98,15847876,15848312
3824000,920410,190734,199.42,15976473,15972607
3825000,920267,190303,199.72,16023197,16023340
3826000,917132,191085,199.46,15927306,15930441
3827000,915981,192311,199.45,15875378,15876529
3828000,913372,192925,199.47,15833108,15835717
3829000,919669,192851,199.53,15962042,15955745
3830000,917102,191022,199.69,15993854,15996421
3831000,913852,192633,199.67,15854342,15857592
3832000,909433,192919,199.52,15781215,15785634
3833000,915053,192795,199.80,15808521,15802901
3834000,916503,191795,199.88,15844411,15842961
3835000,918073,191773,199.83,15885993,15884423
3836000,915981,193496,199.92,15868400,15870492
3837000,916628,194711,199.68,15861210,15860563
3838000,914586,194726,199.22,15827108,15829150
3839000,920036,193611,198.88,16003081,15997631
3840000,919529,192618,199.76,16117652,16118159
3841000,913266,193284,199.16,15877985,15884248
3842000,916199,190816,199.33,15915866,15912933
3843000,921897,191314,199.63,15943698,15938000
3844000,920608,191306,200.00,15955006,15956295
3845000,921275,190770,199.75,15919137,15918470
3846000,919392,189556,200.29,15906018,15907901
3847000,916457,192981,200.28,15833609,15836544
3848000,911635,194427,199.77,15729673,15734495
3849000,913052,194727,199.41,15809715,15808298
3850000,914962,192147,199.50,15914565,15912655
3851000,917575,191148,199.93,15902342,15899729
3852000,917653,190921,199.54,15846788,15846710
3853000,920999,189507,200.24,15901873,15898527
3854000,921941,189567,200.41,15904622,15903680
3855000,920219,191289,200.39,15807927,15809649
3856000,916806,191424,200.53,15733309,15736722
3857000,914722,193584,200.07,15685544,15687628
3858000,917692,194005,199.94,15791166,15788196
3859000,915014,192842,200.64,15768096,15770774
3860000,912869,193462,200.49,15579491,15581636
3861000,913852,194619,200.63,15606293,15605310
3862000,914326,195469,200.34,15715785,15715311
3863000,916094,194824,200.02,15726914,15725146
3864000,914307,192582,200.41,15681512,15683299
3865000,917131,192921,200.20,15742068,15739244
3866000,919430,194253,200.13,15803201,15800902
3867000,908779,193247,200.48,15603530,15614181
3868000,913987,193919,199.57,15680379,15675171
3869000,914713,191934,199.78,15822224,15821498
3870000,919194,191571,199.96,15858681,15854200
3871000,915425,190825,200.39,15755738,15759507
3872000,921175,190602,200.27,15796714,15790964
3873000,913804,190888,200.70,15652383,15659754
3874000,913284,192707,200.06,15660048,15660568
3875000,916117,192990,199.78,15741107,15738274
3876000,915233,191081,200.16,15764923,15765807
3877000,919183,192283,199.71,15774399,15770449
3878000,917558,192859,200.18,15752981,15754606
3879000,914486,194197,200.83,15687161,15690233
3880000,910904,195311,199.96,15639820,15643402
3881000,915352,194473,199.42,15768487,15764039
3882000,918621,193045,199.75,15901864,15898595
3883000,916126,192225,200.33,15815259,15817754
3884000,916133,194330,200.05,15678266,15678259
3885000,913252,194359,200.49,15623648,15626529
3886000,918069,193977,200.35,15664750,15659933
3887000,915093,194463,200.70,15655499,15658475
3888000,909214,196410,200.77,15556315,15562194
3889000,911720,195751,200.31,15558549,15556043
3890000,913064,194082,200.30,15581129,15579785
3891000,917774,194606,200.43,15691997,15687287
3892000,910627,196639,200.46,15579930,15587077
3893000,913090,195826,199.95,15617572,15615109
3894000,915910,194203,200.18,15718204,15715384
3895000,912996,195460,200.46,15678786,15681700
3896000,908695,195919,200.44,15554923,15559224
3897000,912246,196983,199.92,15625455,15621904
3898000,918558,195280,199.56,15876558,15870246
3899000,921524,193972,199.31,15995549,15992583
3900000,918485,192923,199.79,15904601,15907640
3901000,915582,192597,199.80,15771725,15774628
3902000,917622,189942,200.25,15789876,15787836
3903000,919034,190734,200.39,15733677,15732265
3904000,912531,192092,200.89,15629834,15636337
3905000,912948,194715,200.26,15578608,15578191
3906000,905475,195562,200.76,15503993,15511466
3907000,911944,197609,199.82,15497182,15490713
3908000,911777,196235,200.15,15614840,15615007
3909000,913602,195287,200.20,15680173,15678348
3910000,909013,195700,200.77,15462064,15466653
3911000,910462,197565,200.78,15448432,15446983
3912000,912291,197226,200.33,15539807,15537978
3913000,911636,196523,200.40,15564537,15565192
3914000,911328,196707,200.48,15549543,15549851
3915000,913383,197398,200.15,15672990,15670935
3916000,916763,193936,199.96,15785690,15782310
3917000,919936,192350,199.92,15827156,15823983
3918000,916319,193688,200.58,15722559,15726176
3919000,913855,194129,200.47,15641299,15643763
3920000,908830,195306,200.39,15473568,15478593
3921000,911291,195469,200.68,15493280,15490819
3922000,910966,198663,200.39,15561862,15562187
3923000,910129,198014,200.25,15496486,15497323
3924000,913392,195758,200.14,15612506,15609243
3925000,913893,196868,200.18,15614388,15613887
3926000,915497,196712,200.21,15649206,15647602
3927000,916377,197606,199.97,15688267,15687387
3928000,917278,196330,200.15,15771495,15770594
3929000,913348,196131,199.88,15705854,15709784
3930000,913040,195600,200.10,15707089,15707397
3931000,910621,197178,200.06,15700599,15703018
3932000,910523,194917,199.66,15743602,15743700
3933000,913379,195227,199.43,15841643,15838787
3934000,918238,194094,199.24,15960480,15955621
3935000,914634,191197,199.74,15930253,15933857
3936000,915014,191351,200.08,15806422,15806042
3937000,918202,192583,199.77,15821177,15817989
3938000,913786,191200,200.29,15793032,15797448
3939000,911193,192743,200.49,15619041,15621634
3940000,910725,194600,200.16,15631564,15632032
3941000,910587,196183,200.00,15648021,15648159
3942000,912384,197841,199.75,15707846,15706049
3943000,912764,196657,199.90,15807994,15807614
3944000,915025,196119,199.65,15813547,15811286
3945000,913632,193046,199.80,15878288,15879681
3946000,917815,193549,199.81,15898697,15894514
3947000,916794,192001,199.49,15861779,15862800
3948000,914917,193981,199.91,15835119,15836996
3949000,914700,195988,199.34,15833877,15834094
3950000,910250,194683,200.01,15767035,15771485
3951000,913724,194486,199.65,15778514,15775040
3952000,913961,192309,199.44,15831638,15831401
3953000,913160,194476,199.24,15824998,15825799
3954000,914888,193883,198.87,15894114,15892386
3955000,914446,191688,199.39,15938404,15938846
3956000,915405,191557,199.87,15935632,15934673
3957000,913661,191851,199.88,15775147,15776891
3958000,914757,192428,199.28,15877460,15876364
3959000,912043,193268,199.94,15821826,15824540
3960000,909202,194856,199.92,15725035,15727876
3961000,909808,195187,199.47,15681173,15680567
3962000,914041,196193,199.61,15824227,15819994
3963000,915379,196856,199.54,15886443,15885105
3964000,910235,199642,199.45,15844330,15849474
3965000,905980,199516,198.84,15778467,15782722
3966000,908912,198969,199.14,15817456,15814524
3967000,911580,197341,199.44,15841631,15838963
3968000,914611,196085,199.64,15937665,15934634
3969000,918357,193589,199.27,15962542,15958796
3970000,918764,194343,199.12,15995517,15995110
3971000,918944,194239,199.30,16081573,16081393
3972000,915139,195144,199.70,15905853,15909658
3973000,913301,196871,199.90,15857424,15859262
3974000,911900,196060,200.05,15788523,15789924
3975000,908021,197860,199.60,15627510,15631389
3976000,907638,197943,199.25,15732008,15732391
3977000,911081,197017,199.28,15847234,15843791
3978000,908985,196499,199.29,15814827,15816923
3979000,909611,196672,199.26,15793127,15792501
3980000,913466,196993,198.60,15882312,15878457
3981000,913207,195119,199.11,15910634,15910893
3982000,911759,193538,199.41,15788267,15789715
3983000,909949,193310,199.37,15752789,15754599
3984000,910757,192764,199.55,15842238,15841430
3985000,907377,194126,199.83,15736120,15739500
3986000,906751,193902,199.32,15705313,15705939
3987000,911040,193278,198.99,15781595,15777306
3988000,914008,193800,199.10,15930287,15927319
3989000,913452,193999,199.07,15894648,15895204
3990000,913489,192974,199.26,15859669,15859632
3991000,911606,191758,200.04,15833250,15835133
3992000,912182,192560,199.10,15866708,15866132
3993000,911860,192009,199.56,15857785,15858107
3994000,911158,193945,199.43,15853531,15854233
3995000,912283,193724,199.42,15818138,15817013
3996000,913531,194331,199.44,15837327,15836079
3997000,911989,193371,199.84,15854623,15856165
3998000,913244,192694,199.91,15827253,15825998
3999000,912484,192823,199.20,15794379,15795139
4000000,917758,189640,198.92,15961321,15956047
4001000,924300,188325,199.09,16204959,16198417
4002000,914323,189981,199.13,16027124,16037101
4003000,908484,193825,199.35,15783415,15789254
4004000,907250,195883,198.91,15712143,15713377
4005000,910265,193510,199.73,15798767,15795752
4006000,912569,193609,200.11,15826790,15824486
4007000,910598,193054,199.62,15775726,15777697
4008000,913113,193240,199.14,15829203,15826688
4009000,913123,193096,199.43,15822174,15822164
4010000,912749,194806,199.56,15836993,15837367
4011000,918300,193484,198.99,15958385,15952834
4012000,916932,189949,199.77,15991279,15992647
4013000,916519,191040,199.91,15924699,15925112
4014000,915345,191940,199.14,15896958,15898132
4015000,914379,191084,199.17,15989836,15990802
4016000,917365,191100,198.72,15951934,15948948
4017000,916213,192283,199.35,15948819,15949971
4018000,918322,188970,199.64,15988045,15985936
4019000,917477,187163,200.09,15923174,15924019
4020000,918827,187311,199.64,15841185,15839835
4021000,916168,188014,199.80,15892997,15895656
4022000,917886,187768,199.32,16007628,16005910
4023000,919813,186894,199.46,15973582,15971655
4024000,917400,187532,200.04,15988894,15991307
4025000,916638,188655,199.89,15860051,15860813
4026000,912797,188638,200.16,15772536,15776377
4027000,916042,190618,199.91,15777394,15774149
4028000,917483,188794,200.01,15843180,15841739
4029000,918490,189135,199.52,15864341,15863334
4030000,916756,188375,199.81,15875339,15877073
4031000,916309,188686,199.57,15866586,15867033
4032000,918409,188878,199.93,15858305,15856205
4033000,918855,187725,199.97,15917091,15916645
4034000,920109,187985,199.37,16003722,16002468
4035000,918757,186236,200.14,15973645,15974997
4036000,913860,188011,199.97,15746054,15750951
4037000,916975,189235,199.66,15801634,15798519
4038000,914692,190160,200.07,15742694,15744977
4039000,909420,191821,200.34,15619814,15625086
4040000,911420,192803,200.14,15763171,15761171
4041000,910081,192803,199.60,15680711,15682050
4042000,911254,194249,199.31,15744273,15743100
4043000,916759,192869,199.24,15891804,15886299
4044000,923015,190776,199.02,16069655,16063399
4045000,917952,188689,200.11,16050346,16055409
4046000,916155,188713,199.93,15870493,15872290
4047000,914527,188540,200.22,15821128,15822756
4048000,919048,188538,199.41,15959817,15955296
4049000,923123,186499,199.34,16052174,16048099
4050000,924027,187731,199.05,16183569,16182665
4051000,921499,189266,199.28,16138389,16140917
4052000,917110,190207,199.41,16047657,16052046
4053000,916275,190995,199.19,15964162,15964997
4054000,918440,189196,198.88,16077569,16075404
4055000,922022,188405,198.88,16304080,16300498
4056000,921882,188809,198.43,16279916,16280056
4057000,923539,186724,198.39,16346719,16345062
4058000,926003,183482,198.71,16468898,16466434
4059000,925680,183383,198.50,16431508,16431831
4060000,923319,183684,198.87,16429581,16431942
4061000,918862,182573,199.07,16167096,16171553
4062000,925710,181348,198.81,16322063,16315215
4063000,925387,179804,198.83,16349055,16349378
4064000,927188,179641,198.91,16445827,16444026
4065000,924457,179657,199.72,16254132,16256863
4066000,924493,180342,199.15,16271579,16271543
4067000,926835,180857,198.80,16293209,16290867
4068000,925734,181652,199.20,16345965,16347066
4069000,922343,181887,199.11,16257306,16260697
4070000,920452,183439,199.33,16241025,16242916
4071000,918027,183883,198.98,16152350,16154775
4072000,923656,182999,198.87,16306952,16301323
4073000,927679,180734,198.73,16369693,16365670
4074000,927468,180979,199.06,16369727,16369938
4075000,930038,180976,198.92,16426746,16424176
4076000,928906,180836,199.23,16398253,16399385
4077000,928539,181578,198.99,16383200,16383567
4078000,928807,181640,199.47,16375938,16375670
4079000,926204,182229,198.96,16298764,16301367
4080000,926165,182232,199.21,16388877,16388916
4081000,920344,184784,198.94,16202294,16208115
4082000,919320,185655,199.06,16195966,16196990
4083000,922036,185929,198.75,16266262,16263546
4084000,926670,182972,198.58,16475330,16470696
4085000,927776,181042,198.49,16456447,16455341
4086000,928245,181180,199.01,16507089,16506620
4087000,924751,181749,199.05,16385845,16389339
4088000,927223,180748,198.55,16454942,16452470
4089000,932053,179698,198.35,16601168,16596338
4090000,932308,179471,198.21,16636711,16636456
4091000,929513,179312,198.37,16625509,16628304
4092000,930457,179204,198.54,16600787,16599843
4093000,928319,180324,198.97,16509115,16511253
4094000,928438,180822,198.34,16467620,16467501
4095000,924814,179091,198.85,16470294,16473918
4096000,929453,179316,198.60,16524473,16519834
4097000,929794,180392,198.73,16532235,16531894
4098000,926672,181429,198.77,16417425,16420547
4099000,927412,182329,198.63,16425387,16424647
4100000,929185,179988,198.37,16484328,16482555
4101000,928438,180259,198.90,16495254,16496001
4102000,923111,180938,198.47,16384184,16389511
4103000,924014,183340,198.55,16403299,16402396
4104000,927476,183121,198.73,16371782,16368320
4105000,926606,182620,198.45,16473743,16474613
4106000,926971,182831,198.35,16459932,16459567
4107000,926989,182386,198.70,16421117,16421099
4108000,926488,180371,199.16,16437823,16438324
4109000,929148,180325,198.86,16384740,16382080
4110000,928943,177750,199.29,16384732,16384937
4111000,927717,180248,199.31,16351726,16352952
4112000,927325,182379,199.44,16305066,16305458
4113000,925614,183141,199.53,16189049,16190760
4114000,927114,183554,199.26,16301384,16299884
4115000,924538,183348,199.46,16276284,16278860
4116000,925970,185976,198.47,16275147,16273715
4117000,927502,184733,198.79,16389861,16388329
4118000,927341,184482,198.80,16479333,16479494
4119000,927008,184698,199.00,16435271,16435604
4120000,931848,185323,198.67,16458478,16453638
4121000,930248,185547,198.65,16468473,16470073
4122000,926901,184574,198.79,16478325,16481672
4123000,928887,183895,198.84,16449252,16447266
4124000,925444,184289,198.72,16433480,16436923
4125000,927717,182716,198.63,16482999,16480726
4126000,931657,181846,198.93,16466144,16462204
4127000,930271,183050,199.15,16420504,16421890
4128000,927999,182340,199.24,16424589,16426861
4129000,922344,183432,198.87,16275803,16281458
4130000,924619,183147,199.16,16242026,16239751
4131000,929877,181452,199.18,16373556,16368298
4132000,928000,182597,199.36,16339962,16341839
4133000,926744,183447,199.15,16232689,16233945
4134000,932078,182357,199.26,16408324,16402990
4135000,932284,182756,199.73,16374406,16374200
4136000,929112,183062,199.86,16282417,16285589
4137000,929955,184519,199.47,16212347,16211504
4138000,928558,183036,199.47,16307379,16308776
4139000,930388,183323,199.53,16208787,16206957
4140000,933650,184884,199.30,16396947,16393685
4141000,932074,185201,198.96,16455259,16456835
4142000,928456,186084,199.46,16346635,16350253
4143000,927381,185242,199.10,16247168,16248243
4144000,928688,183568,199.40,16271737,16270430
4145000,933209,182668,199.05,16427088,16422567
4146000,930619,182457,199.24,16408975,16411565
4147000,927795,181775,199.01,16346903,16349727
4148000,928234,181981,199.31,16321694,16321255
4149000,931668,180733,199.23,16365724,16362290
4150000,930787,180373,199.53,16400053,16400934
4151000,932230,181817,199.16,16417414,16415971
4152000,930803,182021,199.45,16428794,16430221
4153000,930821,182594,199.66,16329382,16329364
4154000,929993,182381,199.79,16265443,16266271
4155000,928728,184543,199.98,16311595,16312860
4156000,929122,185887,199.39,16256731,16256337
4157000,930290,184493,198.81,16382614,16381446
4158000,934140,183308,199.68,16406815,16402965
4159000,931509,181821,199.97,16339154,16341785
4160000,928036,181104,199.63,16180578,16184051
4161000,933087,182033,199.91,16257769,16252718
4162000,935690,180559,199.71,16384420,16381817
4163000,932781,180020,200.06,16327472,16330381
4164000,933521,182074,199.52,16278814,16278074
4165000,929931,184401,199.21,16240527,16244117
4166000,929825,186534,199.46,16303407,16303513
4167000,926638,188418,199.27,16249524,16252711
4168000,928099,188341,199.71,16289768,16288307
4169000,927591,187466,199.28,16250836,16251344
4170000,927645,186300,199.63,16224714,16224660
4171000,930917,186625,199.57,16252929,16249657
4172000,933131,187088,200.02,16279253,16277039
4173000,931081,185536,199.69,16317978,16320028
4174000,926694,187503,199.78,16223555,16227942
4175000,930177,187331,199.63,16216851,16213368
4176000,931442,188785,199.29,16339643,16338378
4177000,928853,187499,199.89,16266467,16269056
4178000,929238,189332,200.13,16155790,16155405
4179000,927472,191509,199.66,16174573,16176339
4180000,925894,191125,199.30,16262703,16264281
4181000,931143,189878,199.18,16282837,16277588
4182000,932877,189448,199.95,16335119,16333385
4183000,929758,191038,200.23,16188122,16191241
4184000,927153,192843,199.79,16164584,16167189
4185000,928797,192164,199.57,16173009,16171365
4186000,928644,190332,199.42,16257247,16257400
4187000,927726,190057,199.05,16307471,16308389
4188000,927771,190141,199.41,16235440,16235395
4189000,929615,187807,200.22,16319103,16317259
4190000,929796,187838,199.81,16110965,16110784
4191000,928558,188413,199.94,16119393,16120631
4192000,927746,190506,199.88,16180377,16181189
4193000,929050,189768,199.57,16247103,16245799
4194000,928012,189193,199.73,16199578,16200616
4195000,925248,190017,199.74,16227937,16230701
4196000,923247,191657,199.49,16085168,16087169
4197000,927745,187083,199.47,16256702,16252204
4198000,934045,185786,199.50,16335129,16328829
4199000,935942,183149,199.89,16296779,16294882
4200000,932262,183700,200.17,16169110,16172790
4201000,930636,184898,200.02,16103060,16104686
4202000,929381,186519,200.11,16048403,16049658
4203000,925463,185680,200.47,15947507,15951425
4204000,924907,185730,200.18,16013725,16014281
4205000,929032,183723,200.14,16018715,16014590
4206000,928187,183491,200.06,16102100,16102945
4207000,926538,184398,200.28,16050005,16051654
4208000,923635,186255,200.59,16011545,16014448
4209000,922634,188143,199.79,15966243,15967244
4210000,921283,186836,200.21,16026539,16027890
4211000,919866,186798,199.95,16006967,16008384
4212000,919974,187371,200.03,16003498,16003390
4213000,923406,189300,199.61,15985656,15982224
4214000,923623,191531,200.30,16022629,16022412
4215000,921857,192311,199.79,15950188,15951954
4216000,919200,192521,199.53,15989765,15992422
4217000,922602,193846,199.04,16053532,16050130
4218000,921738,193807,199.63,16153049,16153913
4219000,917810,193643,199.33,16017072,16021000
4220000,921472,194544,199.54,16063589,16059927
4221000,919602,193600,199.75,15981602,15983472
4222000,924510,194293,199.90,16027786,16022878
4223000,920101,193826,200.32,15939103,15943512
4224000,919535,194390,199.67,15853638,15854204
4225000,920468,194149,199.58,15996727,15995794
4226000,919257,192264,199.25,16031185,16032396
4227000,920643,191335,199.87,16090779,16089393
4228000,917559,189553,199.67,15941607,15944691
4229000,918933,191273,199.28,15972962,15971588
4230000,917606,191481,199.76,15973840,15975167
4231000,917872,192479,199.87,15833305,15833039
4232000,917001,194497,200.02,15830819,15831690
4233000,918093,194550,199.59,15894165,15893073
4234000,917042,192224,199.39,15957918,15958969
4235000,917209,192758,199.57,15984844,15984677
4236000,916988,194135,199.28,15930536,15930757
4237000,919547,194125,199.24,16021076,16018517
4238000,918840,194873,199.10,16087636,16088343
4239000,916534,194037,199.00,16016448,16018754
4240000,918102,196110,198.93,16146497,16144929
4241000,912999,195219,198.49,16088135,16093238
4242000,915913,195615,198.28,16148539,16145625
4243000,916799,192109,198.63,16196647,16195761
4244000,924847,190070,198.77,16390723,16382675
4245000,919822,190255,199.24,16239973,16244998
4246000,914586,193390,199.03,16001277,16006513
4247000,914719,195058,198.81,16078092,16077959
4248000,916137,194755,198.59,16179995,16178577
4249000,915270,194447,198.40,16222007,16222874
4250000,920776,195093,198.37,16321902,16316396
4251000,918246,193903,199.08,16214513,16217043
4252000,915800,195819,199.31,16042351,16044797
4253000,917505,195255,198.80,16066920,16065215
4254000,918779,194716,198.73,16193351,16192077
4255000,916535,194268,198.94,16131632,16133876
4256000,916250,196639,198.88,16058321,16058606
4257000,908950,199424,199.09,15985297,15992597
4258000,914773,198503,198.11,16096371,16090548
4259000,920279,196919,197.98,16356234,16350728
4260000,917718,195109,198.19,16422161,16424722
4261000,916742,193828,198.14,16316565,16317541
4262000,918436,192588,197.82,16372689,16370995
4263000,921029,191130,197.78,16435117,16432524
4264000,919603,190546,198.25,16483993,16485419
4265000,915346,192043,198.24,16258857,16263114
4266000,912805,193322,198.41,16210173,16212714
4267000,910224,191813,198.67,16091072,16093653
4268000,917831,193887,198.20,16249102,16241495
4269000,914452,193974,198.92,16227611,16230990
4270000,912727,195599,198.57,16132333,16134058
4271000,911808,196625,198.26,16086107,16087026
4272000,914219,196785,198.99,16097482,16095071
4273000,910825,196269,199.32,15987249,15990643
4274000,914824,197359,198.93,16036927,16032928
4275000,921387,194638,198.88,16265100,16258537
4276000,923285,195494,198.37,16319461,16317563
4277000,918611,195816,198.64,16272028,16276702
4278000,923922,196744,197.97,16313723,16308412
4279000,921891,193734,198.66,16389290,16391321
4280000,919460,192683,198.84,16242423,16244854
4281000,925179,190621,198.45,16335887,16330168
4282000,926966,188367,198.74,16476045,16474258
4283000,922042,187519,198.52,16428367,16433291
4284000,920825,190385,198.28,16302008,16303225
4285000,919844,190505,198.45,16318763,16319744
4286000,921814,188204,198.57,16355486,16353516
4287000,924907,187412,198.54,16439666,16436573
4288000,922324,186935,198.71,16380826,16383409
4289000,923630,190605,198.75,16395866,16394560
4290000,920157,190908,198.39,16280968,16284441
4291000,925247,191363,198.61,16348769,16343679
4292000,923098,190285,199.22,16308820,16310969
4293000,920412,189232,199.19,16165199,16167885
4294000,922074,189883,199.17,16167895,16166233
4295000,921335,188117,199.51,16148963,16149702
4296000,920284,190262,199.58,16127305,16128356
4297000,918940,191213,199.04,16109523,16110867
4298000,919379,191220,198.96,16076732,16076293
4299000,920168,191912,199.46,16093133,16092344
4300000,913858,193457,199.42,15964452,15970762
4301000,915043,195434,198.92,15976370,15975185
4302000,915060,197623,199.36,16099775,16099758
4303000,912092,198527,198.98,15995384,15998352
4304000,917626,198396,197.90,16210767,16205233
4305000,922109,195613,197.66,16426457,16421974
4306000,921169,194406,198.24,16517130,16518070
4307000,914189,193627,198.31,16315472,16322452
4308000,915532,194025,198.13,16255831,16254488
4309000,916783,195041,198.29,16272168,16270917
4310000,914240,196570,198.65,16155850,16158393
4311000,912979,195427,198.32,16074761,16076022
4312000,914564,193466,198.51,16238160,16236575
4313000,917477,193732,198.53,16297176,16294263
4314000,917037,195261,198.22,16257297,16257737
4315000,919061,193133,198.27,16319239,16317215
4316000,920032,192601,198.27,16382024,16381053
4317000,918877,192835,198.25,16340670,16341825
4318000,916790,192701,198.20,16303786,16305873
4319000,919080,190514,198.26,16383250,16380960
4320000,922121,191831,198.48,16464761,16461720
4321000,916528,194828,198.28,16326113,16331706
4322000,915265,194582,198.31,16282118,16283381
4323000,915807,191857,198.68,16241411,16240869
4324000,917595,191751,199.14,16194774,16192986
4325000,921418,192621,199.33,16133141,16129318
4326000,918391,193879,199.16,16125385,16128412
4327000,916776,195349,199.16,16111337,16112952
4328000,920192,194793,198.36,16200972,16197556
4329000,920871,193626,198.91,16354239,16353560
4330000,918556,194627,198.84,16257246,16259561
4331000,916884,196360,198.97,16223252,16224924
4332000,921886,195279,198.24,16289160,16284158
4333000,924431,195815,198.85,16389287,16386742
4334000,920773,194902,198.87,16228979,16232637
4335000,919647,195723,198.79,16253621,16254747
4336000,923599,196610,198.55,16234749,16230797
4337000,917598,196610,198.77,16284962,16290963
4338000,916308,196471,198.66,16171864,16173154
4339000,919132,194831,198.75,16195509,16192685
4340000,923641,195275,197.91,16315934,16311425
4341000,924066,192940,198.34,16443960,16443535
4342000,921633,193010,198.76,16385640,16388073
4343000,922580,191443,198.76,16322961,16322014
4344000,924869,190179,198.31,16386581,16384292
4345000,920995,190184,198.58,16400678,16404552
4346000,919771,193159,198.89,16296618,16297842
4347000,915789,191791,198.54,16218814,16222796
4348000,918008,190178,198.28,16330041,16327822
4349000,922946,188929,197.95,16484799,16479861
4350000,925162,189175,198.27,16494421,16492205
4351000,922070,190653,198.77,16359541,16362633
4352000,918449,190005,198.73,16324218,16327839
4353000,918772,191436,198.19,16336949,16336626
4354000,923490,192532,198.23,16451895,16447177
4355000,925557,190952,197.81,16523788,16521721
4356000,924030,190903,198.38,16560098,16561625
4357000,926730,194452,198.22,16580471,16577771
4358000,928633,194050,198.29,16636593,16634690
4359000,924108,194893,198.48,16584044,16588569
4360000,923260,195897,198.09,16554429,16555277
4361000,920643,194024,198.19,16471330,16473947
4362000,921841,192893,197.88,16534383,16533185
4363000,925947,192028,197.67,16605754,16601648
4364000,929518,189449,197.78,16770298,16766727
4365000,928566,186418,197.80,16718027,16718979
4366000,926240,186274,198.36,16617905,16620231
4367000,927293,186996,198.04,16582616,16581563
4368000,926405,186822,197.97,16680784,16681672
4369000,922186,187743,198.26,16585317,16589536
4370000,920766,188603,197.97,16501849,16503269
4371000,919252,191265,198.49,16410511,16412025
4372000,917253,193777,198.11,16345918,16347917
4373000,916563,193419,198.36,16357907,16358597
4374000,921884,191900,197.51,16520589,16515268
4375000,924561,187524,198.12,16614877,16612200
4376000,927618,187505,197.99,16711506,16708449
4377000,932404,186071,197.64,16799397,16794611
4378000,931028,185775,198.18,16788698,16790074
4379000,930228,184792,197.97,16770330,16771130
4380000,928392,185683,197.63,16776918,16778754
4381000,924938,184697,197.90,16766393,16769847
4382000,926938,184336,197.50,16773007,16771007
4383000,924833,185788,196.86,16736195,16738300
4384000,924913,185073,197.57,16818310,16818230
4385000,919452,184835,198.13,16628674,16634135
4386000,924615,186332,197.10,16651368,16646205
4387000,928359,185177,197.61,16771506,16767762
4388000,929915,185196,197.50,16854237,16852681
4389000,924249,185569,198.30,16605075,16610741
4390000,916361,186403,197.89,16422635,16430523
4391000,921480,187495,197.49,16574138,16569019
4392000,924983,187444,197.32,16759019,16755516
4393000,921341,188134,197.88,16614533,16618175
4394000,918578,190062,198.08,16503475,16506238
4395000,918091,190747,197.39,16521900,16522387
4396000,920176,190190,197.38,16624349,16622264
4397000,923741,188323,197.49,16723354,16719789
4398000,923830,187811,197.30,16769078,16768989
4399000,924429,186652,197.04,16834510,16833911
4400000,926620,183977,197.01,16853189,16850998
4401000,923482,186186,197.65,16820232,16823370
4402000,920271,186006,197.38,16656295,16659506
4403000,920465,186903,197.05,16719346,16719152
4404000,918605,185817,196.94,16729990,16731850
4405000,924809,184655,197.47,16736506,16730302
4406000,925196,183312,197.55,16761271,16760884
4407000,924231,184113,197.76,16705483,16706448
4408000,921277,184778,197.87,16672109,16675063
4409000,922295,186358,198.02,16535880,16534862
4410000,923229,185917,198.07,16653546,16652612
4411000,923519,187694,197.46,16598019,16597729
4412000,925455,186853,196.83,16758241,16756305
4413000,926335,184518,197.35,16779926,16779046
4414000,927025,184202,197.43,16789274,16788584
4415000,925914,184979,197.62,16766304,16767415
4416000,924831,185972,197.13,16749291,16750374
4417000,927040,184572,197.40,16783277,16781068
4418000,929445,182265,197.41,16877890,16875485
4419000,929729,183746,197.84,16900898,16900614
4420000,923742,186186,197.62,16687733,16693720
4421000,925427,186039,198.07,16670603,16668918
4422000,927807,187179,197.74,16707954,16705574
4423000,927030,187787,197.54,16706653,16707430
4424000,929736,185390,197.64,16853790,16851084
4425000,928740,185076,197.67,16810797,16811793
4426000,930368,185766,198.05,16789557,16787929
4427000,929714,186391,198.06,16791579,16792233
4428000,928518,187580,198.11,16713577,16714773
4429000,928691,188552,198.05,16654172,16653999
4430000,927797,188408,198.56,16634687,16635581
4431000,923759,191978,197.98,16587996,16592034
4432000,923604,192918,197.64,16628430,16628585
4433000,925881,190231,197.41,16740079,16737802
4434000,926938,188140,197.27,16743719,16742662
4435000,936180,187127,197.55,16909308,16900066
4436000,930271,185699,198.15,16882795,16888704
4437000,927996,186536,197.48,16730825,16733100
4438000,926956,188799,197.16,16761525,16762565
4439000,928010,188488,197.49,16804881,16803827
4440000,923111,189085,198.16,16655961,16660860
4441000,924614,190940,197.83,16605286,16603783
4442000,922980,190472,197.96,16573865,16575499
4443000,924813,188714,198.00,16571504,16569671
4444000,930308,187157,198.13,16656503,16651008
4445000,927932,187220,198.71,16582069,16584445
4446000,924088,188736,198.33,16447187,16451031
4447000,919020,189875,198.50,16359587,16364655
4448000,921442,189772,198.35,16415653,16413231
4449000,927446,190485,198.37,16550733,16544729
4450000,923828,188363,198.56,16445146,16448764
4451000,921904,189579,199.20,16323553,16325477
4452000,921791,190751,198.62,16318026,16318139
4453000,926114,191808,198.70,16389740,16385417
4454000,924210,193230,198.56,16360276,16362180
4455000,925619,192475,198.89,16451133,16449724
4456000,921688,193915,198.84,16375205,16379136
4457000,919451,194751,198.49,16371615,16373852
4458000,923884,192096,198.02,16499105,16494672
4459000,924625,187707,198.28,16600851,16600110
4460000,926169,189582,198.20,16580321,16578777
4461000,922333,189823,198.33,16549518,16553354
4462000,920192,190230,197.56,16440101,16442242
4463000,925525,189482,197.34,16591029,16585696
4464000,928532,187368,197.46,16730359,16727352
4465000,928170,185141,198.07,16696038,16696400
4466000,929335,183860,197.52,16753986,16752821
4467000,930755,183545,197.53,16864590,16863170
4468000,927198,184794,197.50,16811170,16814727
4469000,925312,186637,197.72,16662986,16664872
4470000,924580,185758,197.43,16686665,16687397
4471000,924584,184136,197.38,16767189,16767185
4472000,926814,186231,197.50,16826115,16823885
4473000,924050,185908,197.42,16770347,16773111
4474000,926024,185808,197.44,16835169,16833195
4475000,919578,186297,197.77,16663233,16669679
4476000,925560,185045,197.51,16705226,16699244
4477000,927231,184251,197.49,16768007,16766336
4478000,922165,184590,198.15,16705510,16710576
4479000,925287,184408,197.39,16662452,16659330
4480000,925874,186037,197.19,16793191,16792604
4481000,923426,186310,197.40,16719449,16721897
4482000,926204,186905,197.14,16746981,16744203
4483000,924011,185990,197.36,16791972,16794165
4484000,927796,187371,197.12,16864164,16860379
4485000,931224,185641,197.27,17029450,17026022
4486000,928605,187116,197.51,16967707,16970326
4487000,928782,188374,196.96,16903702,16903525
4488000,925092,188016,197.19,16856949,16860639
4489000,929057,188135,197.54,16869683,16865718
4490000,925134,189075,197.50,16782852,16786775
4491000,924895,186747,197.11,16752191,16752430
4492000,928559,185965,197.65,16871626,16867962
4493000,930078,185130,197.66,16888334,16886815
4494000,927520,186257,197.80,16784783,16787341
4495000,924695,187341,198.08,16636925,16639750
4496000,925644,187630,198.13,16629168,16628219
4497000,926632,188907,198.27,16668809,16667821
4498000,924989,190386,198.04,16635187,16636830
4499000,923308,191185,197.59,16652591,16654272
4500000,924475,190676,197.39,16678011,16676844
4501000,925233,189432,197.32,16741311,16740553
4502000,926444,188118,197.58,16741525,16740314
4503000,922080,187432,197.63,16717056,16721420
4504000,919859,187704,198.06,16622390,16624611
4505000,921955,188307,197.73,16541405,16539309
4506000,922258,189146,198.33,16454335,16454032
4507000,921079,191502,198.48,16452497,16453676
4508000,921171,193648,198.10,16372573,16372481
4509000,919132,195390,198.82,16386200,16388239
4510000,917280,195685,197.87,16315395,16317247
4511000,919964,194401,197.61,16517533,16514849
4512000,924333,191902,197.75,16684010,16679641
4513000,924100,190532,197.92,16702613,16702846
4514000,925058,188183,197.94,16671433,16670475
4515000,925354,187469,197.86,16661366,16661070
4516000,927279,187149,198.03,16633209,16631284
4517000,924722,187542,197.59,16695264,16697821
4518000,921217,188807,198.47,16533625,16537130
4519000,916197,190759,198.33,16396730,16401750
4520000,923282,189495,197.32,16555825,16548740
4521000,923654,189205,198.01,16687586,16687214
4522000,919176,188298,197.52,16506949,16511427
4523000,917950,188678,198.06,16476276,16477502
4524000,920667,190630,198.25,16421846,16419129
4525000,917539,191073,197.96,16426894,16430022
4526000,919855,190798,198.00,16449985,16447669
4527000,921888,190419,197.66,16580947,16578914
4528000,923863,190502,197.46,16681809,16679834
4529000,925236,188653,198.09,16679527,16678154
4530000,923510,187034,197.77,16593642,16595368
4531000,925710,187830,198.21,16628980,16626780
4532000,926251,189484,197.88,16616375,16615834
4533000,925133,190616,197.64,16652396,16653514
4534000,921893,190738,197.61,16619560,16622800
4535000,921957,190764,198.15,16556934,16556870
4536000,921653,191450,198.07,16508546,16508850
4537000,922330,191846,198.01,16494940,16494263
4538000,920088,191919,198.45,16456630,16458872
4539000,923255,192686,197.96,16506768,16503601
4540000,921927,191251,198.00,16550676,16552004
4541000,925202,191776,198.25,16533744,16530469
4542000,924805,190801,197.92,16580548,16580945
4543000,920511,189710,198.01,16510565,16514859
4544000,924768,188405,198.09,16589131,16584874
4545000,924236,189544,197.71,16624946,16625478
4546000,923841,190584,197.84,16553239,16553634
4547000,921420,192970,198.01,16553980,16556401
4548000,918542,192787,198.08,16446423,16449301
4549000,922629,193149,197.86,16479450,16475363
4550000,928399,192944,197.84,16677681,16671911
4551000,923426,192339,198.03,16645937,16650910
4552000,918206,194338,197.96,16522120,16527340
4553000,921142,193539,197.99,16377024,16374088
4554000,923510,194813,197.79,16521668,16519300
4555000,928005,192491,198.02,16645414,16640919
4556000,927480,191453,198.54,16564094,16564619
4557000,924303,192725,198.72,16467866,16471043
4558000,923976,192429,199.03,16356306,16356633
4559000,921145,194711,199.20,16247028,16249859
4560000,923297,196803,198.76,16278519,16276367
4561000,926282,196619,198.71,16434661,16431676
4562000,922227,196485,198.64,16399754,16403809
4563000,922277,196525,198.42,16411091,16411041
4564000,928417,196405,198.13,16504677,16498537
4565000,925989,196417,198.55,16559572,16562000
4566000,922420,196720,198.49,16425669,16429238
4567000,921714,195397,198.48,16368064,16368770
4568000,922759,194976,198.58,16415630,16414585
4569000,922651,194645,199.04,16395079,16395187
4570000,917643,195727,199.23,16186378,16191386
4571000,917974,195829,198.92,16084478,16084147
4572000,924734,195607,198.52,16286172,16279412
4573000,928146,192278,198.71,16415505,16412093
4574000,926781,191134,199.30,16374731,16376096
4575000,921951,190716,199.07,16213381,16218211
4576000,925483,190734,199.08,16215812,16212280
4577000,922165,190445,199.42,16295461,16298779
4578000,920874,190835,198.82,16172075,16173366
4579000,919332,192176,199.36,16107112,16108654
4580000,915788,191783,199.43,16009525,16013069
4581000,917908,191846,199.33,15996916,15994796
4582000,919146,192647,199.19,16124483,16123245
4583000,918259,194737,199.48,16040539,16041426
4584000,911497,194850,199.11,15974363,15981125
4585000,911004,196669,199.56,15892745,15893238
4586000,913160,195926,199.44,15929584,15927428
4587000,920206,193763,199.31,16078833,16071787
4588000,916425,192951,199.64,15993547,15997328
4589000,914926,196078,199.29,15920811,15922310
4590000,912132,198003,199.40,15885324,15888118
4591000,912890,199040,199.73,15838880,15838122
4592000,917032,198334,199.51,15900377,15896235
4593000,921394,198619,199.47,16077396,16073034
4594000,918979,198603,199.16,16023196,16025611
4595000,919028,197662,199.14,16138553,16138504
4596000,913582,196500,199.83,15965310,15970756
4597000,913427,196795,199.18,15901727,15901882
4598000,910492,195480,199.51,15848576,15851511
4599000,913002,195922,199.26,15860712,15858202
4600000,911356,196626,199.86,15802600,15804246
4601000,910163,198503,200.11,15641872,15643065
4602000,906838,200965,200.28,15497947,15501272
4603000,908240,200956,199.88,15576413,15575011
4604000,911642,201589,199.78,15702861,15699459
4605000,913177,199801,199.90,15785911,15784376
4606000,911365,200495,199.72,15730870,15732682
4607000,905822,203032,199.79,15600617,15606160
4608000,905019,201698,200.19,15490602,15491405
4609000,904914,201670,199.85,15532856,15532961
4610000,907440,202188,199.77,15547556,15545030
4611000,906971,204197,200.48,15487833,15488302
4612000,902521,203574,200.35,15371827,15376277
4613000,904270,203962,200.54,15349655,15347906
4614000,904243,204187,200.01,15394971,15394998
4615000,902325,203041,200.39,15396735,15398653
4616000,900605,203289,200.71,15296119,15297839
4617000,899070,203537,200.57,15194770,15196305
4618000,898482,204675,200.40,15327175,15327763
4619000,895666,205099,200.92,15155359,15158175
4620000,896712,205557,200.06,15139624,15138578
4621000,897036,204182,200.72,15137761,15137437
4622000,898846,205244,200.33,15247545,15245735
4623000,897243,207617,200.24,15163943,15165546
4624000,893987,208091,200.74,15114099,15117355
4625000,894684,208319,200.61,14950087,14949390
4626000,897355,209378,200.00,15140701,15138030
4627000,897829,209438,200.39,15250394,15249920
4628000,893140,209847,200.61,15023123,15027812
4629000,893655,210903,200.43,15049199,15048684
4630000,895316,207635,199.72,15140307,15138646
4631000,902302,206393,200.07,15390808,15383822
4632000,901256,205127,200.74,15305225,15306271
4633000,897453,205192,200.81,15046837,15050640
4634000,899250,205813,200.79,15086383,15084586
4635000,898658,205248,200.84,15056978,15057570
4636000,899510,204570,201.00,15091079,15090227
4637000,898318,205933,201.13,15013557,15014749
4638000,898406,206018,200.77,15048688,15048600
4639000,899020,206793,200.96,15045361,15044747
4640000,895082,205932,201.55,14970676,14974614
4641000,895635,206483,201.22,14931599,14931046
4642000,897472,208445,200.73,14967231,14965394
4643000,900286,206473,200.20,15143445,15140631
4644000,902471,206357,200.55,15218235,15216050
4645000,907176,206319,200.76,15327220,15322515
4646000,906554,204824,201.29,15273424,15274046
4647000,903946,205615,201.28,15176958,15179566
4648000,897114,206030,200.85,15015781,15022613
4649000,901864,203626,200.40,15146637,15141887
4650000,898006,204106,201.01,15234577,15238435
4651000,901214,205605,200.51,15180064,15176856
4652000,903816,204852,200.50,15260310,15257708
4653000,902768,206956,200.22,15309197,15310245
4654000,899172,206763,199.88,15274471,15278067
4655000,903189,207769,199.44,15440535,15436518
4656000,899864,205180,200.27,15323347,15326672
4657000,896399,205709,200.11,15253672,15257137
4658000,904717,205079,200.53,15326533,15318215
4659000,905046,204442,200.35,15387997,15387668
4660000,907440,204506,200.51,15505272,15502878
4661000,905164,203689,199.90,15427993,15430269
4662000,900927,204186,200.95,15369899,15374136
4663000,902869,203250,200.11,15383065,15381123
4664000,907883,202373,200.15,15441367,15436353
4665000,908006,201561,200.50,15422813,15422690
4666000,903955,204236,200.75,15308240,15312291
4667000,903291,206744,199.93,15283937,15284601
4668000,904469,203083,200.57,15393191,15392013
4669000,905405,201507,200.63,15380843,15379907
4670000,907530,202902,199.86,15422253,15420128
4671000,906183,202595,200.11,15498471,15499818
4672000,907093,202888,199.98,15508723,15507813
4673000,907605,201450,200.16,15573582,15573070
4674000,905501,202526,200.03,15502748,15504852
4675000,907105,201658,200.09,15449601,15447997
4676000,907674,204312,200.19,15495139,15494570
4677000,906677,203554,200.55,15505402,15506399
4678000,905750,204932,200.18,15461345,15462272
4679000,903125,204281,200.18,15410937,15413562
4680000,906283,206058,199.83,15514545,15511387
4681000,904088,204132,200.02,15510946,15513141
4682000,904943,203158,200.30,15464485,15463630
4683000,905075,202622,200.45,15471037,15470905
4684000,907263,202592,199.87,15540377,15538189
4685000,906998,203121,200.18,15534707,15534972
4686000,905838,203108,200.03,15527041,15528201
4687000,904515,202149,199.67,15569789,15571112
4688000,904470,202757,199.95,15506585,15506630
4689000,905996,201105,199.43,15527570,15526044
4690000,909297,200632,200.47,15639443,15636142
4691000,906860,202050,200.26,15515197,15517634
4692000,905787,203242,200.04,15477832,15478905
4693000,902989,203854,199.96,15448227,15451025
4694000,904019,202222,200.47,15360823,15359793
4695000,903767,201993,200.50,15413814,15414066
4696000,905708,200358,200.31,15417062,15415121
4697000,905373,199706,200.48,15426896,15427231
4698000,906002,199824,199.90,15423993,15423364
4699000,904656,198528,200.66,15464408,15465754
4700000,909688,197976,200.31,15443239,15438207
4701000,909857,197767,200.53,15513869,15513700
4702000,906429,198953,200.34,15380588,15384016
4703000,908236,200375,200.07,15471580,15469773
4704000,910102,198813,200.57,15553319,15551453
4705000,912527,199679,200.27,15602746,15600321
4706000,910379,201568,200.34,15559312,15561460
4707000,906131,201812,200.04,15461793,15466041
4708000,902329,202447,200.32,15416676,15420478
4709000,904774,200403,199.90,15396759,15394314
4710000,906453,198391,200.53,15427710,15426031
4711000,909691,198992,200.67,15477507,15474269
4712000,907756,201231,200.46,15429794,15431729
4713000,901766,199670,200.45,15344766,15350756
4714000,905515,201075,200.29,15387191,15383442
4715000,905407,200160,199.94,15478055,15478163
4716000,908515,199466,199.70,15607891,15604783
4717000,909401,199066,199.66,15692023,15691137
4718000,910315,199366,199.45,15783744,15782830
4719000,908305,199585,199.02,15796651,15798661
4720000,909803,200061,199.23,15822518,15821020
4721000,911582,198988,198.99,15902935,15901156
4722000,909318,196488,199.43,15850334,15852598
4723000,915745,196398,198.97,15958223,15951796
4724000,911882,196505,199.19,15955052,15958915
4725000,911881,196572,199.17,15874813,15874814
4726000,910222,196925,199.17,15807656,15809315
4727000,909202,196699,199.39,15838174,15839194
4728000,906303,196406,199.92,15681042,15683941
4729000,909177,197369,199.51,15653925,15651051
4730000,914504,196434,199.18,15896369,15891042
4731000,915158,194953,199.21,16022527,16021873
4732000,914172,194841,199.26,15969048,15970034
4733000,909371,195979,199.16,15920673,15925474
4734000,909588,195317,199.14,15838851,15838634
4735000,910929,195816,198.96,15861715,15860374
4736000,910783,197354,199.58,15865053,15865199
4737000,904398,198376,199.31,15619303,15625688
4738000,906338,199027,199.37,15762532,15760592
4739000,908092,196977,199.09,15826966,15825212
4740000,912927,196572,198.93,15961425,15956590
4741000,914821,196269,198.99,15984197,15982303
4742000,917035,196720,199.12,16051399,16049185
4743000,915111,196258,199.39,15988479,15990403
4744000,910841,199552,199.54,15926134,15930404
4745000,905672,199851,199.47,15752690,15757859
4746000,903407,199431,198.67,15772552,15774817
4747000,909132,197980,198.21,15912385,15906660
4748000,912422,197446,198.72,16086794,16083504
4749000,909617,196533,198.80,15972675,15975480
4750000,912599,195526,198.26,16045643,16042661
4751000,915990,193908,199.35,16086960,16083569
4752000,915529,192679,199.01,15964726,15965187
4753000,914359,194782,198.84,15983065,15984235
4754000,915808,193328,199.07,16007815,16006366
4755000,916116,192061,199.04,16037660,16037352
4756000,912693,193349,199.09,15987684,15991107
4757000,915146,192842,199.19,15986490,15984037
4758000,918946,193050,198.95,16097931,16094131
4759000,915074,191474,198.94,16085182,16089054
4760000,916105,192826,199.40,16053940,16052909
4761000,917185,193539,199.23,16092398,16091318
4762000,918417,192812,198.57,16191644,16190412
4763000,917548,192524,198.95,16162336,16163205
4764000,914762,193112,199.03,16077357,16080143
4765000,914371,193107,198.86,16015428,16015819
4766000,919785,192908,198.30,16183309,16177895
4767000,919816,191261,199.03,16237765,16237734
4768000,921206,192354,198.64,16201133,16199743
4769000,915355,191050,199.21,16146285,16152136
4770000,917525,191345,198.95,16094081,16091911
4771000,923088,189775,199.15,16151579,16146016
4772000,921644,190099,199.60,16127393,16128837
4773000,916265,192494,198.95,16053782,16059161
4774000,916743,194151,198.85,16093161,16092683
4775000,918432,191511,198.89,16156650,16154961
4776000,921718,189398,199.44,16187343,16184057
4777000,920468,189382,199.67,16073990,16075240
4778000,918554,191334,199.58,16003088,16005002
4779000,918995,190644,199.83,15968282,15967841
4780000,918771,191261,199.56,15962540,15962764
4781000,919886,191617,200.18,15932981,15931866
4782000,917672,193885,199.80,15933745,15935959
4783000,917056,193866,199.47,15999587,16000203
4784000,919811,193874,199.11,16059534,16056779
4785000,916969,194052,199.65,15956767,15959609
4786000,916471,194900,199.41,15983148,15983646
4787000,913923,194127,199.50,15865061,15867609
4788000,915368,191411,199.74,15970954,15969509
4789000,916815,190783,199.42,15904621,15903174
4790000,920400,190135,199.50,15987580,15983995
4791000,919503,189555,199.34,15963085,15963982
4792000,918546,189451,199.81,15957562,15958519
4793000,916029,192164,199.97,15822234,15824751
4794000,915713,193321,199.62,15838506,15838822
4795000,919841,192078,199.63,15913509,15909381
4796000,919788,189456,199.73,16017063,16017116
4797000,920838,189716,199.54,15988629,15987579
4798000,921560,189884,199.92,15993980,15993258
4799000,919138,189436,199.70,15955331,15957753
4800000,921227,188207,199.75,15996176,15994087
4801000,921081,187851,199.50,15974348,15974494
4802000,920642,189311,199.69,15908983,15909422
4803000,920261,189998,199.78,15923939,15924320
4804000,922037,189009,199.63,16005253,16003477
4805000,921967,189726,199.73,16041722,16041792
4806000,919513,187006,199.98,15963657,15966111
4807000,919856,189397,199.70,15899748,15899405
4808000,920828,190516,199.90,15989329,15988357
4809000,917480,191351,200.02,15922474,15925822
4810000,914545,191423,199.18,15938026,15940961
4811000,918692,190629,199.16,16038365,16034218
4812000,924262,186884,198.60,16229735,16224165
4813000,926683,185185,199.28,16348057,16345636
4814000,925062,186115,199.77,16260423,16262044
4815000,918919,185508,199.40,16069589,16075732
4816000,921297,188100,199.46,16121254,16118876
4817000,922264,188623,199.28,16128616,16127649
4818000,924220,188126,199.21,16136191,16134235
4819000,922707,188631,199.63,16167924,16169437
4820000,923215,188382,199.13,16192265,16191757
4821000,920882,187119,199.35,16109093,16111426
4822000,926770,185570,199.13,16258863,16252975
4823000,927764,186185,199.45,16284353,16283359
4824000,922434,187801,199.74,16175724,16181054
4825000,923244,189509,199.77,16154923,16154113
4826000,924117,190243,199.59,16138391,16137518
4827000,927233,189494,199.54,16155240,16152124
4828000,926877,189516,199.50,16240002,16240358
4829000,927084,188698,199.49,16255997,16255790
4830000,927442,186159,199.10,16344556,16344198
4831000,932095,186260,198.96,16480586,16475933
4832000,931972,185267,199.29,16464051,16464174
4833000,929302,186909,199.86,16320297,16322967
4834000,924547,186854,200.03,16124288,16129043
4835000,920604,188723,199.68,16047918,16051861
4836000,922382,189857,199.76,16021596,16019818
4837000,925370,191518,199.06,16166800,16163812
4838000,925118,189403,199.27,16281055,16281307
4839000,919810,186242,199.29,16095975,16101283
4840000,923962,185686,199.17,16169974,16165822
4841000,931907,184744,199.00,16385662,16377717
4842000,932444,182113,199.40,16449827,16449290
4843000,925443,184300,199.89,16219372,16226373
4844000,922308,186486,199.29,16083150,16086285
4845000,923718,187719,199.08,16188531,16187121
4846000,924086,186866,199.56,16261494,16261126
4847000,923265,188181,199.27,16189117,16189938
4848000,919402,191013,199.23,16097315,16101178
4849000,918633,191434,199.16,16115380,16116149
4850000,923547,189296,198.96,16265397,16260483
4851000,923648,189036,198.93,16299276,16299175
4852000,921347,187504,199.09,16262973,16265274
4853000,922947,186820,198.67,16225135,16223535
4854000,927284,186536,199.12,16287573,16283236
4855000,923869,187139,198.50,16354665,16358080
4856000,918044,187721,198.76,16230499,16236324
4857000,917621,190550,198.77,16169211,16169634
4858000,919453,189375,198.33,16251291,16249459
4859000,917854,190637,198.39,16262344,16263943
4860000,918602,191443,198.82,16231310,16230562
4861000,918895,190026,198.39,16240186,16239893
4862000,923168,189598,198.40,16340626,16336353
4863000,924491,189552,198.30,16374088,16372765
4864000,923366,190142,198.43,16476617,16477742
4865000,923986,189741,198.66,16398759,16398139
4866000,924526,189840,199.20,16356162,16355622
4867000,918457,188796,198.96,16190247,16196316
4868000,920369,189936,199.39,16231048,16229136
4869000,918873,192251,199.24,16105841,16107337
4870000,918105,192135,199.15,16159610,16160378
4871000,919484,190556,198.75,16165142,16163763
4872000,917895,189732,199.23,16128901,16130490
4873000,918219,191053,198.85,16154890,16154566
4874000,919860,189624,199.08,16214601,16212960
4875000,919080,189518,198.87,16197195,16197975
4876000,918465,189892,199.43,16111935,16112550
4877000,915616,189989,199.29,16058534,16061383
4878000,918230,188941,198.70,16125647,16123033
4879000,918459,187949,198.87,16188230,16188001
4880000,918601,187466,199.27,16162222,16162080
4881000,917915,187335,198.62,16138281,16138967
4882000,923724,185907,197.94,16335204,16329395
4883000,925682,183458,198.33,16494437,16492479
4884000,924771,184272,199.13,16339683,16340594
4885000,925831,184486,198.75,16328217,16327157
4886000,926421,184276,198.36,16446464,16445874
4887000,925308,184853,198.63,16413784,16414897
4888000,924199,184023,199.06,16360531,16361640
4889000,924836,183440,198.99,16353172,16352535
4890000,927338,183067,198.80,16328945,16326443
4891000,930046,183908,199.11,16399007,16396299
4892000,926393,182388,198.94,16308468,16312121
4893000,927420,182265,199.10,16348871,16347844
4894000,926855,181860,199.54,16367047,16367612
4895000,927259,182617,199.36,16350204,16349800
4896000,927428,186078,198.76,16320877,16320708
4897000,928703,186677,198.44,16480816,16479541
4898000,927983,186402,198.93,16439411,16440131
4899000,925994,186928,199.35,16295164,16297153
4900000,928127,186456,199.08,16383019,16380886
4901000,926785,185798,198.81,16464177,16465519
4902000,929026,186348,198.43,16494447,16492206
4903000,931573,186321,198.81,16525827,16523280
4904000,927698,184785,198.88,16444952,16448827
4905000,927326,183569,198.72,16453251,16453623
4906000,927387,183220,199.01,16413631,16413570
4907000,927031,183697,198.80,16421219,16421575
4908000,928453,183929,198.88,16496758,16495336
4909000,930901,184207,198.20,16581034,16578586
4910000,933920,183350,198.46,16684211,16681192
4911000,935463,183995,198.03,16695525,16693982
4912000,932457,184881,198.77,16647890,16650896
4913000,926092,187352,198.86,16452550,16458915
4914000,926762,186926,198.14,16397358,16396688
4915000,929760,185858,198.40,16540702,16537704
4916000,927864,187006,198.97,16440936,16442832
4917000,924570,187777,199.71,16274359,16277653
4918000,923358,189824,198.81,16253728,16254940
4919000,927445,187220,198.90,16392014,16387927
4920000,930793,185651,199.24,16490038,16486690
4921000,928533,184792,198.59,16438882,16441142
4922000,930633,182692,198.93,16512223,16510123
4923000,930470,181928,198.66,16521353,16521516
4924000,926354,181723,198.72,16490834,16494950
4925000,928257,183233,199.11,16433974,16432071
4926000,928246,185205,198.76,16443976,16443987
4927000,924564,185400,199.04,16326390,16330072
4928000,924074,186347,198.70,16301564,16302054
4929000,924682,186227,198.99,16321335,16320727
4930000,927103,188883,198.98,16347237,16344816
4931000,923200,188223,199.33,16270682,16274585
4932000,922304,187732,199.43,16209567,16210463
4933000,928933,188970,198.78,16315662,16309033
4934000,927261,189152,198.97,16405693,16407365
4935000,924919,188089,199.45,16395820,16398162
4936000,923424,189800,199.15,16278233,16279728
4937000,924961,188795,199.10,16293507,16291970
4938000,925060,189487,198.47,16315413,16315314
4939000,925640,191472,198.73,16367901,16367321
4940000,921690,188984,198.53,16322510,16326460
4941000,927371,189772,199.06,16351526,16345845
4942000,926827,189928,199.10,16379682,16380226
4943000,929495,187204,198.85,16451898,16449230
4944000,931281,185459,199.41,16461311,16459525
4945000,927485,186095,199.68,16235998,16239794
4946000,928682,187678,199.53,16198345,16197148
4947000,923277,188105,199.66,16117143,16122548
4948000,920409,188394,199.43,16097318,16100186
4949000,927747,188192,199.45,16168865,16161527
4950000,933592,186725,199.88,16243730,16237885
4951000,930529,186908,200.13,16251473,16254536
4952000,926077,187974,199.29,16127062,16131514
4953000,926954,187947,199.36,16162052,16161175
4954000,926516,186471,199.60,16253547,16253985
4955000,928484,185807,198.80,16251308,16249340
4956000,930652,185138,199.37,16362745,16360577
4957000,927595,183860,199.46,16237606,16240663
4958000,926315,183619,199.56,16217078,16218358
4959000,926115,182060,199.88,16172037,16172237
4960000,927304,183804,199.45,16200622,16199433
4961000,926522,183288,199.42,16234026,16234808
4962000,927734,182972,199.22,16251568,16250356
4963000,924768,182284,199.30,16224601,16227567
4964000,928315,182279,199.30,16247867,16244320
4965000,928771,183434,199.55,16250444,16249988
4966000,927798,184547,199.51,16166982,16167955
4967000,925479,183850,199.68,16130098,16132417
4968000,922058,185306,199.34,16080979,16084400
4969000,922518,187247,199.56,16118780,16118320
4970000,921629,188964,199.62,16099499,16100388
4971000,919254,191430,199.18,16024910,16027285
4972000,920738,192018,199.50,16107852,16106368
4973000,922131,191597,198.89,16132667,16131274
4974000,919646,190261,199.43,16111453,16113938
4975000,924038,189338,200.00,16087091,16082699
4976000,923442,191931,199.32,16110505,16111101
4977000,919716,192470,199.51,16125658,16129384
4978000,922911,193062,199.51,16100329,16097134
4979000,923060,192546,199.32,16126068,16125919
4980000,922431,194382,199.51,16053555,16054184
4981000,923719,194442,199.62,16054800,16053512
4982000,926167,195031,199.48,16152159,16149711
4983000,924850,193932,199.47,16120455,16121772
4984000,923718,194771,199.72,16177941,16179073
4985000,922543,195077,199.81,16118787,16119962
4986000,917891,194487,199.97,15996497,16001149
4987000,920363,194423,199.56,15951028,15948556
4988000,919833,193504,198.90,16164782,16165312
4989000,921845,191528,199.63,16165290,16163278
4990000,917539,190297,199.81,15993434,15997740
4991000,921118,190419,199.40,15996524,15992945
4992000,921919,190417,199.55,16191800,16190999
4993000,924030,191267,199.13,16126054,16123943
4994000,917515,192214,199.86,16051474,16057989
4995000,920946,192154,199.52,16033241,16029810
4996000,926458,193182,198.88,16235096,16229584
4997000,926801,192155,199.14,16331315,16330972
4998000,927536,190912,199.21,16335544,16334809
4999000,927445,190952,199.30,16269616,16269707
5000000,921308,192175,199.50,16104642,16110779
5001000,921818,193781,199.40,16093907,16093397
5002000,922520,195647,198.62,16195160,16194458
5003000,922429,196481,198.58,16304230,16304321
5004000,919246,194651,199.02,16184463,16187646
5005000,920377,195473,199.25,16158098,16156967
5006000,921998,194284,199.25,16196848,16195227
5007000,919031,193702,199.37,16110654,16113621
5008000,919841,192628,199.67,15985787,15984977
5009000,918438,193059,200.17,15897591,15898994
5010000,918576,194157,200.06,15868785,15868647
5011000,920804,195259,200.00,15950862,15948634
5012000,915006,195552,200.64,15850283,15856081
5013000,915643,196858,199.99,15713639,15713002
5014000,918906,196302,199.59,15904219,15900956
5015000,923471,194597,198.85,16075958,16071393
5016000,922403,189850,199.31,16172583,16173651
5017000,923536,188637,199.60,16132693,16131560
5018000,919945,189643,199.63,16051951,16055542
5019000,917069,190592,199.68,15982664,15985540
5020000,916615,192890,199.74,15877746,15878200
5021000,915476,193509,199.32,15942072,15943211
5022000,918190,194279,199.39,15984725,15982011
5023000,918023,192921,199.01,16004564,16004731
5024000,920033,191095,199.90,16053857,16051847
5025000,920346,193213,199.72,16020238,16019925
5026000,919554,192697,199.58,15975187,15975979
5027000,920761,194181,199.47,16024418,16023211
5028000,923173,193213,199.31,16117461,16115049
5029000,921657,192925,199.29,16132665,16134181
5030000,920647,192265,199.91,16113614,16114624
5031000,919574,192055,198.98,16070294,16071367
5032000,925041,193428,199.61,16186656,16181189
5033000,923828,192834,200.16,16085670,16086883
5034000,918415,193964,200.32,15916689,15922102
5035000,919836,194187,199.61,15931734,15930313
5036000,919594,193002,199.45,16021654,16021896
5037000,917576,193375,199.47,15983052,15985070
5038000,922182,193915,199.84,16002278,15997672
5039000,917308,194454,199.74,15999116,16003990
5040000,912318,195513,198.77,15888582,15893572
5041000,920013,194212,198.90,16139929,16132234
5042000,919362,193166,199.38,16116936,16117587
5043000,920139,192723,199.52,16043626,16042849
5044000,920228,192799,199.13,16065459,16065370
5045000,916732,191758,199.47,16021936,16025432
5046000,918131,191201,199.06,16003765,16002366
5047000,920318,192693,199.57,16070702,16068515
5048000,918729,193782,199.17,15995259,15996848
5049000,919606,195931,198.75,16063551,16062674
5050000,914503,195591,199.02,16041877,16046980
5051000,918120,196092,199.31,16112664,16109047
5052000,919390,194643,199.09,16074995,16073725
5053000,919916,193043,199.41,16107730,16107204
5054000,917151,193088,199.09,16045707,16048472
5055000,918023,189763,199.55,16052166,16051294
5056000,919579,189387,199.46,16018078,16016522
5057000,921882,190203,199.22,16029191,16026888
5058000,921818,190613,199.84,16115234,16115298
5059000,918986,190408,199.25,16008720,16011552
5060000,916819,191675,198.93,16012731,16014898
5061000,920676,192306,199.21,16008384,16004527
5062000,923327,192860,199.12,16083951,16081300
5063000,919786,194707,199.61,16050822,16054363
5064000,914329,194514,199.72,15833589,15839046
5065000,915200,195079,199.56,15802676,15801805
5066000,915640,194892,199.63,15828037,15827597
5067000,916683,194776,199.55,15872516,15871473
5068000,918582,196124,199.79,15890559,15888660
5069000,917790,195609,199.87,15841627,15842419
5070000,917177,197667,200.12,15820106,15820719
5071000,917326,198120,200.21,15789617,15789468
5072000,910871,197559,199.81,15659367,15665822
5073000,913725,199809,199.75,15746782,15743928
5074000,916147,200924,199.44,15843112,15840690
5075000,912544,198387,199.41,15824317,15827920
5076000,912100,199098,200.00,15809896,15810340
5077000,912229,198793,199.69,15668616,15668487
5078000,912042,197906,199.51,15817241,15817428
5079000,911565,196424,199.55,15711301,15711778
5080000,915174,196247,199.41,15815349,15811740
5081000,915116,197249,200.16,15821137,15821195
5082000,908185,196270,199.72,15711253,15718184
5083000,911011,195691,199.78,15718359,15715533
5084000,910845,196353,199.76,15702607,15702773
5085000,911695,198257,199.84,15744719,15743869
5086000,911072,198303,199.97,15717127,15717750
5087000,910670,200165,199.85,15707321,15707723
5088000,910352,200306,199.42,15704458,15704776
5089000,908559,201394,199.52,15715418,15717211
5090000,914968,201174,199.49,15878227,15871818
5091000,909807,198899,199.65,15693605,15698766
5092000,910804,198564,199.78,15666127,15665130
5093000,912585,197801,199.96,15768492,15766711
5094000,917524,196397,199.34,15801495,15796556
5095000,916870,194412,199.62,15915642,15916296
5096000,916467,195084,199.03,15967839,15968242
5097000,917319,194707,199.60,15985892,15985040
5098000,916115,193371,199.53,15906366,15907570
5099000,917561,194210,199.20,15974896,15973450
5100000,919195,194583,199.63,15970351,15968717
5101000,918021,194148,199.87,15901454,15902628
5102000,915694,195639,199.78,15814199,15816526
5103000,912199,196295,199.85,15772621,15776116
5104000,913454,197440,199.81,15716218,15714963
5105000,915239,197146,199.76,15838626,15836841
5106000,911899,196815,199.33,15794465,15797805
5107000,915636,197781,198.97,15902906,15899169
5108000,915336,195385,199.50,15984014,15984314
5109000,907728,195469,199.82,15735334,15742942
5110000,908157,198525,199.72,15644140,15643711
5111000,909152,199236,199.91,15652175,15651180
5112000,909987,197628,199.14,15717541,15716706
5113000,915525,195311,199.49,15933828,15928290
5114000,913076,192642,199.42,15876819,15879268
5115000,917342,192815,199.51,15918798,15914532
5116000,918958,193317,198.69,15997437,15995821
5117000,914562,191965,199.25,16069678,16074074
5118000,921160,192566,199.09,16087589,16080991
5119000,922364,189709,199.20,16133569,16132365
5120000,920619,190649,199.60,16049687,16051432
5121000,916899,192559,199.81,15993993,15997713
5122000,914336,194211,199.28,15937777,15940340
5123000,914640,195430,199.20,15911948,15911644
5124000,910864,195246,199.59,15867802,15871578
5125000,911591,196580,199.05,15820157,15819430
5126000,910968,196952,198.87,15809722,15810345
5127000,908030,198432,199.35,15816323,15819261
5128000,913204,197287,199.19,15836790,15831616
5129000,917090,196047,199.04,16005071,16001185
5130000,914673,195990,199.65,15856252,15858669
5131000,908916,198725,199.95,15708801,15714558
5132000,908693,197219,199.72,15593599,15593822
5133000,909095,197296,199.86,15598233,15597831
5134000,916996,195275,199.53,15841248,15833347
5135000,918028,195101,199.93,15866735,15865703
5136000,918135,194867,200.08,15848447,15848340
5137000,913189,196817,199.90,15706200,15711146
5138000,911820,199571,199.81,15712853,15714222
5139000,909248,199587,199.92,15666828,15669400
5140000,910325,198809,199.24,15677748,15676671
5141000,907935,198679,199.49,15781428,15783818
5142000,914796,198752,199.55,15797290,15790429
5143000,910730,198748,200.04,15723592,15727658
5144000,908669,199189,199.81,15651389,15653450
5145000,911217,197960,199.48,15732780,15730232
5146000,913435,197259,199.23,15762497,15760279
5147000,916282,198103,200.29,15810558,15807711
5148000,912253,198997,199.74,15710643,15714672
5149000,911946,199804,199.59,15749324,15749631
5150000,909730,198426,199.62,15733246,15735462
5151000,911326,197977,199.76,15727293,15725697
5152000,915259,197007,199.77,15783580,15779647
5153000,915467,195345,199.88,15783765,15783557
5154000,915261,196048,199.92,15739400,15739606
5155000,912463,196265,199.67,15738009,15740807
5156000,914090,196736,199.88,15692768,15691141
5157000,914855,199142,200.14,15711465,15710700
5158000,911149,198973,200.01,15732494,15736200
5159000,908678,200460,200.20,15647577,15650048
5160000,907151,198303,199.78,15564825,15566352
5161000,912464,196701,199.54,15753583,15748270
5162000,912033,195812,199.39,15798332,15798763
5163000,916713,195678,198.86,15926211,15921531
5164000,914856,195432,199.38,15985127,15986984
5165000,911141,196012,200.16,15785983,15789698
5166000,907223,196561,200.80,15555524,15559442
5167000,907119,196316,200.27,15525841,15525945
5168000,910606,196595,199.68,15669710,15666223
5169000,913885,195242,199.61,15798070,15794791
5170000,912946,194251,199.76,15801178,15802117
5171000,915220,194341,199.99,15799641,15797367
5172000,910831,194050,199.62,15818826,15823215
5173000,913686,194145,199.69,15828208,15825353
5174000,916428,192596,199.63,15876677,15873935
5175000,914328,191252,199.05,16017029,16019129
5176000,916760,192685,199.06,15971032,15968600
5177000,919011,190532,199.20,16070779,16068528
5178000,920259,189926,198.98,16020335,16019087
5179000,924209,190769,199.37,16138683,16134733
5180000,923289,190229,199.85,16143683,16144603
5181000,922875,190356,199.63,16073822,16074236
5182000,923404,187120,199.67,16083565,16083036
5183000,922174,187942,199.75,16071355,16072585
5184000,920001,187547,199.94,16014775,16016948
5185000,916897,191044,199.94,15903786,15906890
5186000,920013,193298,199.24,15972725,15969609
5187000,918538,192470,199.40,16035830,16037305
5188000,916994,191901,199.82,15923243,15924787
5189000,913732,192061,199.66,15888941,15892203
5190000,919735,192381,199.47,15957136,15951133
5191000,920678,192576,199.49,16022380,16021437
5192000,916062,190950,199.56,15985410,15990026
5193000,918431,190720,199.51,15956446,15954077
5194000,918126,191874,199.64,15876146,15876451
5195000,913871,192082,200.16,15896971,15901226
5196000,914682,192744,199.39,15804577,15803766
5197000,915472,191496,199.56,15935445,15934655
5198000,916281,193109,199.99,15880304,15879495
5199000,915940,193065,199.86,15794995,15795336
5200000,911649,193988,199.84,15707218,15711509
5201000,915068,195050,199.30,15806487,15803068
5202000,914818,194623,200.30,15776021,15776271
5203000,913252,196140,199.58,15762495,15764061
5204000,908460,196204,199.94,15710331,15715123
5205000,913807,195403,199.83,15790804,15785457
5206000,916339,194942,199.22,15886385,15883853
5207000,916020,193125,199.16,15925385,15925704
5208000,915894,192255,199.57,15936987,15937113
5209000,916747,194810,199.19,15931508,15930655
5210000,911792,194572,198.92,15932795,15937750
5211000,917095,193805,198.81,16088865,16083562
5212000,917246,194462,199.34,16034176,16034025
5213000,912772,196302,198.75,15863165,15867639
5214000,917462,196243,198.08,16116871,16112181
5215000,920208,193788,198.72,16315765,16313019
5216000,916671,193709,199.21,16162213,16165750
5217000,915897,194190,198.31,16174693,16175467
5218000,919937,195884,198.24,16246066,16242026
5219000,921068,194737,198.60,16293564,16292433
5220000,918793,193596,199.06,16223559,16225834
5221000,913369,194258,199.21,15996933,16002357
5222000,914412,195749,199.21,15955074,15954031
5223000,915499,195147,198.96,15971606,15970519
5224000,917410,194667,199.32,16006665,16004754
5225000,916066,193788,199.19,15953868,15955212
5226000,916040,192019,199.41,15965614,15965640
5227000,917511,191834,199.55,16031185,16029714
5228000,918238,194260,199.21,15925920,15925193
5229000,916178,195899,199.42,15939527,15941587
5230000,912810,195543,199.78,15935759,15939127
5231000,916438,195855,198.93,15906417,15902789
5232000,913692,195570,199.58,15975366,15978112
5233000,911411,195838,198.97,15887146,15889427
5234000,914434,194865,199.42,15967346,15964323
5235000,915650,194562,199.54,15923322,15922106
5236000,918152,193791,199.19,15966862,15964360
5237000,913608,194145,200.47,15824308,15828852
5238000,911046,195334,199.93,15629560,15632122
5239000,913789,198479,200.02,15729965,15727222
5240000,912755,199030,199.55,15684271,15685305
5241000,912402,198199,199.48,15729319,15729672
5242000,915650,195301,199.47,15775253,15772005
5243000,918298,196124,200.32,15792552,15789904
5244000,912468,197754,200.29,15659263,15665093
5245000,910423,198292,199.60,15667149,15669194
5246000,913574,196616,200.02,15700825,15697674
5247000,917020,196134,199.83,15848424,15844978
5248000,916643,194576,200.00,15842709,15843086
5249000,911381,196521,199.97,15707977,15713239
5250000,909531,197126,199.75,15651711,15653561
5251000,912287,197428,199.45,15706401,15703645
5252000,911279,195837,199.73,15757156,15758164
5253000,910697,195577,199.63,15811032,15811614
5254000,910507,196214,199.41,15737928,15738118
5255000,911787,195216,199.64,15728290,15727010
5256000,910276,195384,199.60,15737675,15739186
5257000,911697,194613,199.67,15740614,15739193
5258000,916218,193818,199.25,15838385,15833864
5259000,918123,192813,199.69,15961005,15959100
5260000,916150,195185,199.71,15830779,15832752
5261000,919468,195281,199.57,15918725,15915407
5262000,917094,194597,199.95,15916570,15918944
5263000,916423,197286,199.55,15805637,15806308
5264000,908986,196547,199.96,15729013,15736450
5265000,910673,197355,199.59,15667699,15666012
5266000,911730,196647,199.33,15856996,15855939
5267000,912331,196575,199.50,15780167,15779566
5268000,913414,196269,199.41,15877881,15876798
5269000,907218,196423,199.39,15773800,15779996
5270000,904537,197112,199.69,15615864,15618545
5271000,908567,196712,199.13,15665503,15661473
5272000,910992,197164,199.78,15763271,15760846
5273000,906968,197044,199.37,15647997,15652021
5274000,910818,198457,199.37,15802887,15799037
5275000,909085,196880,199.80,15736597,15738330
5276000,909226,198177,199.59,15669208,15669067
5277000,908423,198006,199.70,15655246,15656049
5278000,908468,198323,199.55,15599420,15599375
5279000,909280,199143,199.85,15699295,15698483
5280000,910431,197410,199.63,15727914,15726763
5281000,904997,198133,200.09,15580057,15585491
5282000,911137,197370,199.95,15609212,15603072
5283000,914533,197838,199.79,15740727,15737331
5284000,909167,197159,200.69,15617228,15622594
5285000,907346,198292,199.89,15493943,15495764
5286000,909871,198904,199.63,15700599,15698074
5287000,910192,196552,199.61,15715738,15715417
5288000,910615,196677,199.72,15735186,15734763
5289000,910055,196924,199.91,15719222,15719782
5290000,909747,198257,199.83,15655004,15655312
5291000,910089,198154,199.99,15573236,15572894
5292000,908334,199751,200.25,15565049,15566804
5293000,905390,199591,200.41,15490032,15492976
5294000,905755,199724,199.88,15489266,15488901
5295000,908616,197840,200.17,15530437,15527576
5296000,909064,198169,200.25,15495033,15494585
5297000,908613,199882,200.01,15560873,15561324
5298000,903420,199322,200.27,15536654,15541847
5299000,903810,197556,200.13,15444982,15444592
5300000,907485,198952,200.32,15459995,15456320
5301000,909460,198465,200.22,15468423,15466448
5302000,909953,198357,199.90,15607397,15606904
5303000,907856,197325,200.16,15506246,15508343
5304000,909526,198944,199.93,15583221,15581551
5305000,905924,199108,200.11,15553257,15556859
5306000,903945,200425,200.37,15495706,15497685
5307000,902317,201281,199.93,15453352,15454980
5308000,906843,202113,199.95,15568928,15564402
5309000,900826,199390,200.27,15459597,15465614
5310000,902645,200357,199.97,15500053,15498234
5311000,906993,201745,199.64,15582859,15578511
5312000,908863,200759,199.49,15674101,15672231
5313000,902810,201537,199.60,15591590,15597643
5314000,906650,201148,200.00,15554093,15550253
5315000,910605,199803,199.84,15680587,15676632
5316000,908752,197884,199.75,15621040,15622893
5317000,908566,198295,199.90,15569506,15569692
5318000,907294,200442,199.86,15551755,15553027
5319000,905797,201051,200.26,15514830,15516327
5320000,908905,201029,199.82,15580684,15577576
5321000,912245,200058,199.43,15742728,15739388
5322000,910157,199583,199.45,15759820,15761908
5323000,910925,198401,199.25,15732453,15731685
5324000,911997,198609,199.90,15707482,15706410
5325000,910464,199256,200.10,15623266,15624799
5326000,911823,200558,199.81,15611311,15609952
5327000,913188,200895,199.69,15723382,15722017
5328000,914878,200796,200.35,15712473,15710783
5329000,910206,200467,199.94,15551662,15556334
5330000,913194,200631,200.03,15619887,15616899
5331000,916777,201811,200.00,15765474,15761891
5332000,911721,200799,200.49,15689794,15694850
5333000,913163,200034,199.50,15662303,15660861
5334000,915844,197660,199.55,15837450,15834769
5335000,918918,196259,199.91,15905401,15902327
5336000,917935,196197,200.35,15817861,15818844
5337000,918139,195195,199.88,15784787,15784583
5338000,917456,194372,200.34,15822804,15823487
5339000,911985,195902,200.89,15599456,15604927
5340000,908371,197873,200.46,15450346,15453960
5341000,911380,200769,199.84,15590135,15587126
5342000,910769,199633,200.28,15610374,15610985
5343000,911055,200324,200.01,15619910,15619624
5344000,907370,200599,199.65,15554637,15558322
5345000,908801,197313,200.17,15603842,15602411
5346000,913252,197129,199.63,15681075,15676624
5347000,906540,196563,200.25,15487516,15494228
5348000,910102,197591,200.20,15501757,15498195
5349000,908309,198165,200.24,15449697,15451490
5350000,909958,197646,200.22,15492913,15491264
5351000,909205,198454,200.38,15509510,15510263
5352000,910605,199792,200.58,15503326,15501926
5353000,909663,199040,200.35,15524744,15525686
5354000,906621,200438,200.38,15460898,15463940
5355000,908020,199797,199.93,15526985,15525586
5356000,908882,199785,200.30,15549824,15548962
5357000,907591,201479,200.71,15487622,15488913
5358000,911594,202008,200.36,15448297,15444294
5359000,911384,203541,200.79,15450863,15451073
5360000,906941,203542,200.84,15391162,15395605
5361000,905947,203108,200.56,15355964,15356958
5362000,909059,202677,200.20,15427501,15424389
5363000,911579,201720,199.89,15563712,15561192
5364000,915373,199171,200.06,15604942,15601148
5365000,916752,196543,200.08,15749509,15748130
5366000,914635,196867,200.68,15647478,15649595
5367000,908112,198032,200.91,15421047,15427570
5368000,907471,199835,200.49,15288753,15289394
5369000,905730,199593,200.48,15295002,15296743
5370000,910634,198712,200.44,15493268,15488364
5371000,906681,199131,200.18,15425432,15429385
5372000,903134,199648,200.59,15325301,15328848
5373000,903073,201155,200.43,15292878,15292939
5374000,901768,202390,200.42,15290734,15292039
5375000,899741,202768,200.64,15235268,15237295
5376000,904529,203926,200.24,15263553,15258765
5377000,906845,200887,200.18,15457547,15455231
5378000,910299,199341,199.97,15528024,15524570
5379000,905663,199506,200.47,15416389,15421025
5380000,907583,201122,200.43,15367689,15365769
5381000,904106,201355,200.88,15257700,15261177
5382000,906321,201657,200.67,15284352,15282137
5383000,905916,200001,200.55,15279844,15280249
5384000,909214,199871,200.89,15424582,15421284
5385000,913987,198599,200.28,15541139,15536366
5386000,909789,198704,200.45,15462139,15466337
5387000,907869,197628,201.13,15342460,15344380
5388000,908533,198537,201.17,15210667,15210003
5389000,908183,200175,201.41,15320573,15320923
5390000,904322,201851,201.32,15130343,15134204
5391000,899566,202394,201.00,15071105,15075861
5392000,898920,203386,200.86,15081822,15082468
5393000,902421,204705,200.90,15143393,15139892
5394000,900367,205875,201.02,15039163,15041217
5395000,901199,206041,200.89,15080271,15079439
5396000,900655,204609,201.13,15141391,15141935
5397000,903078,203748,200.70,15162938,15160515
5398000,904405,202861,200.81,15166993,15165666
5399000,900817,205445,201.11,15099105,15102693
5400000,899527,206282,200.82,15077232,15078522
5401000,896710,205324,200.90,15079559,15082376
5402000,901727,204648,200.50,15175637,15170620
5403000,900103,203744,200.39,15258365,15259989
5404000,899172,204086,200.54,15137034,15137965
5405000,896707,203381,200.92,14990189,14992654
5406000,898977,204657,201.13,15032330,15030060
5407000,898354,204264,201.01,14985375,14985998
5408000,903253,205600,200.57,15138495,15133596
5409000,902808,204854,200.51,15193495,15193940
5410000,904360,204932,200.69,15207802,15206250
5411000,907457,204458,200.43,15266103,15263006
5412000,903750,204645,200.58,15236590,15240297
5413000,904111,203239,200.17,15238196,15237835
5414000,910297,201393,200.31,15389377,15383191
5415000,906831,201686,200.84,15365663,15369129
5416000,904483,201784,200.62,15277269,15279617
5417000,904505,203267,200.90,15255663,15255641
5418000,905064,201943,200.79,15235040,15234481
5419000,904985,202757,200.71,15261504,15261583
5420000,904369,202227,200.95,15292142,15292758
5421000,904892,201447,200.18,15283806,15283283
5422000,902567,200108,200.97,15254440,15256765
5423000,904711,200939,200.67,15262680,15260536
5424000,898867,201250,200.14,15142762,15148606
5425000,902503,200994,200.95,15145620,15141984
5426000,908845,199841,200.29,15351871,15345529
5427000,906728,200455,200.21,15380469,15382586
5428000,901788,200571,200.44,15293627,15298567
5429000,902670,201955,200.58,15297932,15297050
5430000,902795,201041,200.60,15308641,15308516
5431000,904354,201169,200.37,15337424,15335865
5432000,903922,200099,200.84,15276653,15277085
5433000,902181,201163,200.65,15229071,15230812
5434000,901470,201139,200.57,15230205,15230916
5435000,902288,201321,200.68,15200340,15199522
5436000,905293,202395,200.29,15210616,15207611
5437000,902969,202933,200.91,15196297,15198621
5438000,903104,202225,200.91,15162928,15162793
5439000,901736,204020,200.88,15191269,15192637
5440000,903967,204384,200.57,15206769,15204538
5441000,903653,203628,200.63,15242589,15242903
5442000,904518,202310,200.89,15159208,15158343
5443000,900820,202683,200.62,15135126,15138824
5444000,899505,203628,200.79,15131559,15132874
5445000,903937,204520,200.74,15191058,15186626
5446000,900676,205082,200.66,15172397,15175658
5447000,899707,205591,200.84,15132639,15133608
5448000,899751,206502,200.79,15109893,15109849
5449000,904411,206395,200.41,15178577,15173917
5450000,904800,203079,200.36,15335024,15334635
5451000,902209,202845,200.67,15249240,15251831
5452000,898984,202957,201.21,15051738,15054963
5453000,898914,203828,200.84,15099078,15099148
5454000,898932,203078,200.99,15088860,15088842
5455000,900131,203544,201.03,15146167,15144968
5456000,895956,204057,200.82,15023848,15028023
5457000,900693,203192,201.22,15158544,15153807
5458000,901203,203447,201.70,15078318,15077808
5459000,894600,205181,201.47,14977538,14984141
5460000,897596,205111,200.34,15050921,15047925
5461000,901964,203455,200.24,15152424,15148056
5462000,901336,204585,200.37,15234033,15234661
5463000,898069,203940,200.35,15230048,15233315
5464000,897833,203909,199.98,15270592,15270828
5465000,901349,204537,199.96,15411661,15408145
5466000,900271,203483,200.21,15294961,15296039
5467000,903378,205458,200.72,15374212,15371105
5468000,900923,205371,200.67,15236674,15239129
5469000,902586,206622,200.38,15258207,15256544
5470000,904480,206062,200.18,15280470,15278576
5471000,897883,205010,201.03,15248480,15255077
5472000,898582,204467,200.26,15215100,15214401
5473000,905720,203486,199.96,15395154,15388016
5474000,906684,203993,199.83,15441986,15441022
5475000,906593,202550,200.53,15513507,15513598
5476000,906562,202520,200.32,15371940,15371971
5477000,909095,200993,200.17,15443180,15440647
5478000,908110,200641,200.76,15408765,15409750
5479000,903654,203951,201.06,15298976,15303432
5480000,898149,203673,200.84,15160614,15166119
5481000,898469,204172,200.43,15171086,15170766
5482000,898484,205068,200.56,15208100,15208085
5483000,900197,202683,200.28,15185536,15183823
5484000,901072,202983,200.89,15228427,15227552
5485000,899200,204562,200.56,15175692,15177564
5486000,904150,203783,199.76,15364454,15359504
5487000,906817,201788,199.91,15451630,15448963
5488000,906454,200768,200.49,15438941,15439304
5489000,906255,202266,200.81,15388265,15388464
5490000,902243,203389,200.37,15280677,15284689
5491000,903844,203887,200.11,15401004,15399403
5492000,906427,202752,199.95,15426909,15424326
5493000,907442,199353,200.47,15484095,15483080
5494000,908951,198521,200.09,15488425,15486916
5495000,906291,198666,200.21,15481070,15483730
5496000,908449,200355,200.51,15471111,15468953
5497000,905463,201425,200.05,15350650,15353636
5498000,903788,200771,200.24,15372127,15373802
5499000,908534,199257,200.36,15390733,15385987
5500000,906823,200125,200.04,15411194,15412905
5501000,904190,198558,200.43,15518800,15521433
5502000,904835,200098,200.23,15527221,15526576
5503000,905399,198363,199.28,15522282,15521718
5504000,907540,198007,199.81,15592333,15590192
5505000,906648,198621,200.42,15459185,15460077
5506000,906125,199368,200.28,15430723,15431246
5507000,907399,201717,200.21,15439192,15437918
5508000,907662,200207,200.23,15456140,15455877
5509000,906206,201182,199.85,15480983,15482439
5510000,909280,199574,199.74,15541698,15538624
5511000,908456,199918,200.13,15610002,15610826
5512000,910181,199464,200.04,15628426,15626701
5513000,907409,200975,200.47,15523688,15526460
5514000,904443,199302,199.86,15547872,15550838
5515000,911158,200508,199.77,15661044,15654329
5516000,911834,198763,199.69,15734987,15734311
5517000,911816,198603,199.31,15788532,15788550
5518000,915114,197476,199.61,15878926,15875628
5519000,912766,196599,200.25,15720093,15722441
5520000,914351,197491,199.74,15714539,15712954
5521000,916923,196740,199.88,15878202,15875630
5522000,913120,195637,199.78,15754674,15758477
5523000,911684,195341,200.28,15715824,15717260
5524000,907403,195908,200.41,15553332,15557613
5525000,909541,197225,200.24,15588866,15586728
5526000,911800,197315,199.43,15710186,15707927
5527000,911782,197101,199.74,15754187,15754205
5528000,913613,198444,199.70,15816159,15814328
5529000,912315,196539,199.73,15764538,15765836
5530000,912332,197963,199.34,15767531,15767514
5531000,915736,194861,199.39,15881510,15878106
5532000,917156,192736,199.87,15878156,15876736
5533000,926045,190680,199.74,16068176,16059287
5534000,922405,188661,200.80,15901859,15905499
5535000,916699,190866,200.79,15671094,15676800
5536000,916469,192362,200.27,15668657,15668887
5537000,916576,191374,200.49,15681053,15680946
5538000,915338,189480,200.71,15621573,15622811
5539000,915666,190271,200.49,15612259,15611931
5540000,916078,190823,200.55,15673968,15673556
5541000,916638,190077,199.95,15753233,15752673
5542000,921054,188971,199.83,15891847,15887431
5543000,919801,190050,199.98,15844672,15845925
5544000,915251,190309,200.39,15739670,15744220
5545000,912682,191992,200.10,15669341,15671910
5546000,910626,191490,199.72,15667837,15669893
5547000,912974,191754,200.31,15745210,15742862
5548000,914157,191582,199.47,15702273,15701090
5549000,922497,191468,200.17,15851671,15843331
5550000,916798,192287,200.37,15850642,15856341
5551000,914317,194469,199.68,15714342,15716823
5552000,911917,194813,200.25,15763585,15765985
5553000,912537,196353,200.08,15657423,15656803
5554000,910498,196088,199.84,15640633,15642672
5555000,910571,196316,199.59,15771265,15771192
5556000,911510,195457,199.83,15694264,15693325
5557000,917080,193271,199.41,15910011,15904441
5558000,913057,193170,200.24,15740468,15744491
5559000,912249,193372,200.13,15662024,15662832
5560000,913666,194957,200.15,15633574,15632157
5561000,916160,195491,200.37,15686558,15684064
5562000,912904,195279,200.39,15627220,15630476
5563000,908157,196870,200.27,15503627,15508374
5564000,906914,196714,200.79,15430686,15431929
5565000,909499,197867,200.26,15459748,15457163
5566000,914663,197251,200.33,15621438,15616274
5567000,910111,198476,200.51,15587279,15591831
5568000,906105,200865,200.33,15379607,15383613
5569000,903256,202193,200.58,15314453,15317302
5570000,902628,201116,200.73,15246518,15247146
5571000,905220,201946,200.58,15327556,15324964
5572000,906568,202483,200.11,15433983,15432635
5573000,907789,201514,199.99,15489985,15488764
5574000,910385,199666,199.83,15558416,15555820
5575000,911186,198784,200.59,15493747,15492946
5576000,911752,196747,200.44,15556073,15555507
5577000,914935,196500,200.14,15701435,15698252
5578000,911960,198207,199.99,15625532,15628507
5579000,910228,198689,200.38,15598196,15599928
5580000,906141,198849,199.96,15458634,15462721
5581000,904794,199671,199.96,15527449,15528796
5582000,907389,198840,200.37,15496590,15493995
5583000,908853,198050,200.60,15463317,15461853
5584000,910268,198351,200.46,15467518,15466103
5585000,909213,197750,200.48,15486106,15487161
5586000,909191,199627,200.58,15482358,15482380
5587000,906111,199158,200.60,15364772,15367852
5588000,906218,199262,200.96,15272781,15272674
5589000,908406,201048,200.78,15267637,15265449
5590000,910599,199984,200.74,15323692,15321499
5591000,913461,199339,201.11,15429211,15426349
5592000,914956,198908,200.42,15456858,15455363
5593000,914260,198769,200.32,15587404,15588100
5594000,910189,198995,200.45,15495130,15499201
5595000,903082,201255,200.21,15378610,15385717
5596000,903906,202004,200.59,15420706,15419882
5597000,904515,202942,200.29,15384103,15383494
5598000,906406,201005,200.45,15394429,15392538
5599000,903717,198635,200.89,15336646,15339335
5600000,907573,199367,200.64,15291282,15287426
5601000,910999,200473,200.42,15453145,15449719
5602000,903035,198662,200.38,15371339,15379303
5603000,907627,197403,200.19,15472857,15468265
5604000,909831,197669,200.36,15508018,15505814
5605000,905102,199852,200.84,15433780,15438509
5606000,900341,202924,200.33,15264864,15269625
5607000,900662,201528,199.81,15374781,15374460
5608000,905713,200169,200.25,15425100,15420049
5609000,906537,199130,200.03,15475302,15474478
5610000,905553,200005,199.76,15453922,15454906
5611000,905186,197469,199.96,15452694,15453061
5612000,910165,194450,200.04,15561176,15556197
5613000,913527,195291,200.22,15588642,15585280
5614000,914331,195730,200.84,15575096,15574292
5615000,911505,194921,200.52,15444324,15447150
5616000,912829,195875,200.51,15499512,15498188
5617000,911244,196745,200.57,15492415,15494000
5618000,911708,198117,200.14,15478845,15478381
5619000,911954,196068,200.35,15509583,15509337
5620000,904716,197264,200.85,15366574,15373812
5621000,907630,198804,200.43,15390719,15387805
5622000,906896,195962,200.10,15470835,15471569
5623000,911578,196185,200.37,15539637,15534955
5624000,913735,196967,200.70,15510227,15508070
5625000,912102,197175,200.59,15511348,15512981
5626000,910852,197492,200.23,15447775,15449025
5627000,913153,197413,200.69,15528619,15526318
5628000,913715,195800,200.31,15562281,15561719
5629000,917418,196247,200.88,15620830,15617127
5630000,912219,198077,201.17,15409449,15414648
5631000,906219,197532,201.32,15274957,15280957
5632000,910911,197694,200.74,15285284,15280592
5633000,911201,196609,200.89,15420227,15419937
5634000,909279,198496,200.72,15456475,15458397
5635000,905731,198238,200.96,15336683,15340231
5636000,903775,198827,200.74,15223555,15225511
5637000,906061,198068,200.86,15322709,15320423
5638000,907155,197869,200.76,15332454,15331360
5639000,904702,199451,200.53,15286700,15289153
5640000,903709,200177,200.53,15240015,15241008
5641000,907110,201205,200.75,15315401,15312000
5642000,908809,200399,200.34,15374895,15373196
5643000,906383,201014,201.09,15344325,15346751
5644000,903058,199839,200.69,15240297,15243622
5645000,903661,199445,201.22,15195188,15194585
5646000,905017,200796,200.93,15218918,15217562
5647000,904372,200925,200.34,15211980,15212625
5648000,908221,199756,200.50,15437750,15433901
5649000,907792,198442,201.09,15397643,15398072
5650000,906307,196757,200.61,15319437,15320922
5651000,908503,197491,200.62,15354260,15352064
5652000,905079,198312,200.88,15326708,15330132
5653000,907856,197296,200.57,15394961,15392184
5654000,906494,195417,200.56,15427514,15428876
5655000,907395,195175,200.82,15371615,15370714
5656000,904009,195583,200.69,15280455,15283841
5657000,906733,195002,200.53,15350904,15348180
5658000,906425,194420,200.96,15287722,15288030
5659000,906483,195955,201.17,15301867,15301809
5660000,905081,197217,201.06,15172498,15173900
5661000,902834,198758,201.70,15155557,15157804
5662000,899207,199896,201.36,14974238,14977865
5663000,902315,201119,200.99,15081857,15078749
5664000,902248,202552,200.66,15132366,15132433
5665000,903784,200114,201.08,15180562,15179026
5666000,905940,200541,200.96,15304455,15302299
5667000,904267,199833,200.84,15217245,15218918
5668000,907860,199638,200.68,15244720,15241127
5669000,904399,197698,201.25,15227247,15230708
5670000,904894,197696,200.87,15154186,15153691
5671000,905841,200519,200.64,15150411,15149464
5672000,906371,199648,200.87,15218146,15217616
5673000,907286,199786,201.22,15296340,15295425
5674000,903481,199372,200.89,15206109,15209914
5675000,901632,196733,201.03,15164625,15166474
5676000,902625,199429,200.97,15126510,15125517
5677000,901413,199359,200.78,15169845,15171057
5678000,904251,199399,200.31,15274326,15271488
5679000,904046,198844,200.18,15326010,15326215
5680000,905992,198960,200.73,15380527,15378581
5681000,908364,199060,200.52,15372179,15369807
5682000,906591,198172,200.66,15355385,15357158
5683000,905550,199032,200.05,15386524,15387565
5684000,909541,199144,200.37,15526214,15522223
5685000,907807,198895,199.85,15566468,15568202
5686000,903093,199707,199.89,15480071,15484785
5687000,905781,199641,200.09,15519725,15517037
5688000,902681,199169,200.15,15427211,15430311
5689000,901839,199230,199.44,15379098,15379940
5690000,905859,198905,200.09,15498371,15494351
5691000,904068,196454,200.64,15356242,15358033
5692000,905642,197173,200.48,15314213,15312639
5693000,904054,199341,200.64,15340818,15342406
5694000,902089,199480,200.31,15251142,15253107
5695000,907188,198555,200.72,15341555,15336456
5696000,902660,199485,201.65,15220092,15224620
5697000,903989,200096,200.63,15088902,15087573
5698000,908931,200192,200.52,15372666,15367724
5699000,908027,199199,200.64,15451413,15452317
5700000,908548,199335,200.67,15379622,15379101
5701000,906307,198695,200.46,15407772,15410013
5702000,908610,197028,200.31,15489093,15486790
5703000,907072,196709,200.97,15383570,15385108
5704000,912340,198865,200.16,15447252,15441984
5705000,912559,197791,200.21,15529872,15529653
5706000,909922,196276,201.09,15559490,15562127
5707000,907615,195395,200.23,15365402,15367709
5708000,907760,192682,200.49,15448292,15448147
5709000,910404,194319,200.06,15471157,15468513
5710000,908182,195887,200.69,15482111,15484333
5711000,902137,195855,201.05,15269396,15275441
5712000,904898,198072,200.42,15283852,15281091
5713000,904404,199493,200.39,15384060,15384554
5714000,907441,199697,200.26,15443823,15440786
5715000,905141,198483,200.51,15369422,15371722
5716000,906792,197652,200.78,15369837,15368186
5717000,904366,195936,200.62,15317350,15319776
5718000,907717,195350,200.69,15328870,15325519
5719000,909316,195120,200.65,15393883,15392284
5720000,908394,194323,201.47,15325553,15326475
5721000,904947,195183,201.30,15159929,15163376
5722000,906821,196577,201.18,15172197,15170323
5723000,908882,199478,201.01,15294120,15292059
5724000,907891,199425,201.40,15176071,15177062
5725000,911152,198686,201.57,15249808,15246547
5726000,906524,198927,201.30,15151889,15156517
5727000,909554,199087,200.68,15220049,15217019
5728000,903640,199941,201.26,15201562,15207476
5729000,906957,198404,200.48,15158103,15154786
5730000,911981,195170,200.57,15389831,15384807
5731000,912598,194119,200.54,15421155,15420538
5732000,913616,194710,200.94,15444043,15443025
5733000,915719,195551,200.68,15485389,15483286
5734000,913121,195233,200.45,15538605,15541203
5735000,913169,195227,200.93,15514220,15514172
5736000,912742,195312,200.69,15484779,15485206
5737000,913598,194506,200.87,15564276,15563420
5738000,908254,195938,200.89,15357799,15363143
5739000,909022,193349,200.63,15403037,15402269
5740000,911727,193872,200.88,15447362,15444657
5741000,912009,192219,201.10,15333814,15333532
5742000,911542,193429,200.63,15333229,15333696
5743000,906919,193292,201.19,15338008,15342631
5744000,906682,192745,200.70,15214866,15215103
5745000,910195,193491,200.98,15322016,15318503
5746000,914872,192447,200.82,15526914,15522237
5747000,913417,191542,200.80,15466353,15467808
5748000,916832,192029,201.20,15411123,15407708
5749000,912807,192065,200.86,15379371,15383396
5750000,914858,190835,201.59,15277061,15275010
5751000,912323,190716,201.61,15204069,15206604
5752000,913975,191309,201.55,15234803,15233151
5753000,915325,191544,201.81,15305408,15304058
5754000,911199,193417,201.91,15161850,15165976
5755000,909933,196315,201.56,15098348,15099614
5756000,909376,195558,201.45,15105267,15105824
5757000,910679,195615,201.09,15200390,15199087
5758000,911958,195821,201.17,15201867,15200588
5759000,912393,195641,201.04,15213067,15212632
5760000,912645,196469,201.76,15248547,15248295
5761000,910185,196043,202.04,15069660,15072120
5762000,910397,197341,201.34,15053960,15053748
5763000,911137,196569,201.53,15060992,15060252
5764000,907465,197313,201.96,15016526,15020198
5765000,909513,198180,202.11,15030680,15028632
5766000,905440,198251,202.16,14918125,14922198
5767000,906571,199119,202.07,14938379,14937248
5768000,904032,198757,201.88,14946639,14949178
5769000,910865,199116,201.72,15032509,15025676
5770000,906128,200657,201.86,15010121,15014858
5771000,900521,200187,202.17,14863471,14869078
5772000,903860,199810,202.28,14755604,14752265
5773000,899946,200120,202.09,14730383,14734297
5774000,903298,201619,201.97,14828790,14825438
5775000,902849,203317,201.81,14854361,14854810
5776000,901328,203531,201.90,14781750,14783271
5777000,900233,203261,202.07,14728230,14729325
5778000,901704,202827,202.64,14700208,14698737
5779000,902542,204835,202.34,14669757,14668919
5780000,901643,204374,202.66,14735827,14736726
5781000,901078,204628,201.99,14672230,14672795
5782000,904248,205726,201.98,14807301,14804131
5783000,901745,204734,201.75,14818815,14821318
5784000,905103,203300,202.03,14817156,14813798
5785000,904732,202333,202.26,14872912,14873283
5786000,901945,202090,202.52,14737222,14740009
5787000,902792,202846,201.69,14792779,14791932
5788000,901368,202427,201.97,14740096,14741520
5789000,904263,201116,201.93,14800700,14797805
5790000,903698,201977,202.39,14761417,14761982
5791000,906245,202540,202.11,14799288,14796741
5792000,905196,202832,202.31,14777954,14779003
5793000,903887,202991,202.50,14744775,14746084
5794000,900789,204181,202.57,14661405,14664503
5795000,902778,204296,202.31,14688413,14686424
5796000,902085,202268,202.67,14617696,14618389
5797000,903863,202589,202.85,14638824,14637046
5798000,904353,201124,202.36,14658307,14657817
5799000,905010,199762,202.59,14735328,14734671
5800000,905745,201172,202.68,14652086,14651351
5801000,902224,201190,202.67,14718646,14722167
5802000,903379,200458,202.58,14668834,14667679
5803000,905392,199327,202.49,14795036,14793023
5804000,906447,201275,202.47,14829728,14828673
5805000,907045,201589,202.08,14868809,14868211
5806000,906100,201947,202.19,14849969,14850914
5807000,903600,200794,202.52,14763970,14766470
5808000,903521,202592,202.27,14726572,14726651
5809000,904863,205580,201.91,14810617,14809275
5810000,905403,204333,201.87,14841566,14841026
5811000,902758,202956,202.43,14759049,14761694
5812000,902752,204937,202.85,14676048,14676054
5813000,900626,204798,202.62,14658710,14660836
5814000,897116,206121,202.57,14616859,14620369
5815000,894353,206714,202.98,14491043,14493806
5816000,897994,205872,202.25,14579930,14576289
5817000,899689,205379,202.18,14646884,14645189
5818000,898248,207992,202.67,14637596,14639037
5819000,893563,209479,202.47,14534712,14539397
5820000,899437,209534,202.01,14705897,14700023
5821000,897651,208738,202.25,14700707,14702493
5822000,897779,207849,201.87,14664228,14664100
5823000,901699,205745,201.89,14802875,14798955
5824000,906013,203184,201.94,14942278,14937964
5825000,903959,202278,202.15,14866870,14868924
5826000,903758,202142,202.05,14878953,14879154
5827000,904452,201577,201.48,14907621,14906927
5828000,907745,200513,201.70,14963520,14960227
5829000,906484,199815,201.70,15060503,15061764
5830000,910369,199273,201.44,15057557,15053672
5831000,905756,198773,201.96,15038657,15043270
5832000,904877,198951,201.92,14968646,14969525
5833000,902068,198838,202.29,14856100,14858909
5834000,905897,201451,201.63,14928089,14924260
5835000,906294,200055,201.57,15011117,15010720
5836000,906571,199018,202.25,14946572,14946295
5837000,905478,199960,202.32,14893621,14894714
5838000,904924,200764,201.95,14930488,14931042
5839000,901257,202802,201.96,14857338,14861005
5840000,901461,203327,202.23,14835674,14835470
5841000,902921,203419,201.97,14836169,14834709
5842000,902529,203013,201.71,14909794,14910186
5843000,903506,203974,201.28,14911817,14910840
5844000,907115,202786,201.35,15045373,15041764
5845000,907006,202289,200.92,15115808,15115917
5846000,905426,202448,201.83,15136301,15137881
5847000,907399,202531,201.33,15090037,15088064
5848000,908157,204936,201.65,15138213,15137455
5849000,906757,203941,201.37,15125044,15126444
5850000,904697,202696,201.73,15065879,15067939
5851000,903393,201148,201.58,15084363,15085667
5852000,909300,200403,201.28,15116457,15110550
5853000,913619,198778,201.44,15285005,15280686
5854000,914802,198940,201.12,15333577,15332394
5855000,909204,199693,201.23,15250052,15255650
5856000,910084,197464,201.23,15290855,15289975
5857000,910711,195294,200.98,15300350,15299723
5858000,912715,195234,200.87,15338404,15336400
5859000,912235,195027,201.44,15374789,15375269
5860000,912415,195759,201.27,15299417,15299237
5861000,912970,194251,200.79,15377489,15376934
5862000,916403,192261,201.48,15380126,15376693
5863000,914719,193503,201.55,15294356,15296040
5864000,911836,194272,201.60,15247125,15250008
5865000,910278,194679,201.39,15222753,15224311
5866000,910001,195579,201.66,15184941,15185218
5867000,912796,197235,200.95,15254527,15251732
5868000,910569,194653,201.36,15306798,15309025
5869000,907112,195782,201.95,15142789,15146246
5870000,905609,198664,201.74,15044402,15045905
5871000,907502,199358,201.20,15123809,15121916
5872000,912939,197825,200.75,15290239,15284802
5873000,917170,194809,200.78,15492708,15488477
5874000,914422,195199,200.71,15460310,15463058
5875000,912922,195192,201.38,15405485,15406985
5876000,911669,194507,200.93,15352862,15354115
5877000,912281,195379,201.06,15318824,15318212
5878000,910001,195813,200.74,15376609,15378889
5879000,907731,196563,200.74,15346587,15348857
5880000,908589,194470,200.57,15389758,15388900
5881000,914893,192813,200.59,15544795,15538491
5882000,915793,192258,200.73,15502594,15501694
5883000,915903,192769,201.18,15508335,15508225
5884000,911151,193059,201.34,15378259,15383011
5885000,912113,194455,201.12,15375639,15374677
5886000,911539,194097,201.10,15426410,15426984
5887000,907598,194297,200.89,15240015,15243956
5888000,913966,193359,201.14,15386691,15380323
5889000,915238,193055,201.25,15427989,15426717
5890000,912689,193869,201.40,15312670,15315219
5891000,910821,196527,200.75,15287517,15289385
5892000,915768,196855,200.62,15474354,15469407
5893000,910749,197220,201.01,15429568,15434587
5894000,909624,197454,200.74,15309957,15311082
5895000,911632,198914,200.98,15416845,15414837
5896000,909258,198803,201.12,15316904,15319278
5897000,909712,198189,200.77,15255488,15255034
5898000,914681,197674,201.06,15491080,15486111
5899000,906321,197633,201.19,15243647,15252007
5900000,906607,197865,201.43,15210482,15210196
5901000,905757,200199,200.75,15182886,15183736
5902000,909014,201138,201.29,15239896,15236639
5903000,906989,199905,201.22,15195885,15197910
5904000,914011,198602,201.17,15301244,15294222
5905000,908980,198109,201.61,15224173,15229204
5906000,910226,200177,201.93,15195883,15194637
5907000,910112,200848,201.63,15144515,15144629
5908000,908488,201562,201.49,15192305,15193929
5909000,906088,201961,201.24,15180822,15183222
5910000,909605,202306,200.96,15189976,15186459
5911000,909904,200123,201.25,15273724,15273425
5912000,911323,198392,200.61,15372685,15371266
5913000,911321,196426,201.33,15398943,15398945
5914000,911507,197680,201.17,15387905,15387719
5915000,906782,197929,201.36,15244234,15248959
5916000,906358,198624,201.66,15199141,15199565
5917000,904720,199560,201.41,15161527,15163165
5918000,907224,199515,200.73,15222788,15220284
5919000,911774,198464,201.33,15343587,15339037
5920000,914391,197618,201.11,15363431,15360814
5921000,914695,197363,201.24,15410668,15410364
5922000,910425,198056,201.31,15298243,15302513
5923000,909326,197489,201.25,15299761,15300860
5924000,911320,196973,200.43,15433058,15431064
5925000,910982,194922,200.80,15453235,15453573
5926000,911333,194833,200.98,15431627,15431276
5927000,912040,193355,201.01,15380017,15379310
5928000,908803,194693,201.40,15258864,15262101
5929000,910190,195502,200.22,15284675,15283288
5930000,912011,195653,201.33,15414952,15413131
5931000,909825,197632,201.01,15272412,15274598
5932000,904186,197478,200.87,15270765,15276404
5933000,903052,198352,200.61,15217620,15218754
5934000,908780,197538,200.47,15326222,15320494
5935000,909421,195486,200.92,15446450,15445809
5936000,905980,196182,201.17,15283925,15287366
5937000,908810,196083,200.81,15239538,15236708
5938000,907822,195755,201.28,15310541,15311529
5939000,905551,197453,201.25,15144949,15147220
5940000,905824,198651,201.53,15133025,15132752
5941000,901229,198567,201.51,15090900,15095495
5942000,903982,198747,200.99,15078969,15076216
5943000,907043,196571,200.77,15228930,15225869
5944000,911172,196942,200.80,15302056,15297927
5945000,907270,195498,201.27,15297523,15301425
5946000,906127,195893,201.72,15135711,15136854
5947000,908743,195864,200.99,15181045,15178429
5948000,906945,197016,201.39,15285548,15287346
5949000,907041,199235,200.59,15231559,15231463
5950000,901957,198443,200.78,15250668,15255752
5951000,901132,198784,200.85,15205005,15205830
5952000,905276,198473,200.50,15297428,15293284
5953000,908766,198760,200.59,15365631,15362141
5954000,902299,198501,200.91,15313067,15319534
5955000,901543,198166,200.43,15212366,15213122
5956000,912121,196866,200.46,15417020,15406442
5957000,913455,196486,200.05,15557484,15556150
5958000,910410,196224,200.77,15542402,15545447
5959000,911288,197119,200.71,15378536,15377658
5960000,909591,199223,200.62,15380129,15381826
5961000,907448,198327,200.31,15389310,15391453
5962000,914288,197152,200.22,15561299,15554459
5963000,909293,196348,200.68,15485281,15490276
5964000,908313,196436,200.63,15365670,15366650
5965000,913750,195482,200.31,15510145,15504708
5966000,912972,194326,201.12,15541738,15542516
5967000,908196,194510,201.25,15345789,15350565
5968000,909382,196083,200.35,15332997,15331811
5969000,915690,193158,200.02,15601607,15595299
5970000,915669,192124,200.80,15671494,15671515
5971000,912748,192080,201.25,15475445,15478366
5972000,908539,193931,201.23,15331095,15335304
5973000,910964,193685,201.14,15342922,15340497
5974000,909153,194817,201.35,15362763,15364574
5975000,906156,195421,200.80,15301503,15304500
5976000,910672,195162,200.29,15406672,15402156
5977000,911901,194389,200.94,15479550,15478321
5978000,909699,191994,200.86,15464937,15467139
5979000,909280,192705,200.81,15403175,15403594
5980000,911716,193356,201.11,15481670,15479234
5981000,907962,193150,201.03,15341664,15345418
5982000,908909,192058,200.55,15327539,15326592
5983000,908652,192787,200.77,15437586,15437843
5984000,908692,194059,200.41,15459015,15458975
5985000,905347,193276,200.58,15440440,15443785
5986000,909411,192634,200.38,15409902,15405838
5987000,906574,192603,200.98,15460974,15463811
5988000,907738,193876,200.65,15364038,15362874
5989000,905030,194797,200.70,15360062,15362770
5990000,908961,196142,200.04,15463671,15459740
5991000,910299,194443,199.93,15614942,15613604
5992000,910979,193569,200.27,15617514,15616834
5993000,912945,195849,199.90,15662235,15660269
5994000,910234,195911,200.33,15638779,15641490
5995000,910861,196237,199.77,15619357,15618730
5996000,912752,194577,199.74,15669326,15667435
5997000,914165,194842,199.83,15728678,15727265
5998000,911767,193082,199.72,15746193,15748591
5999000,910223,193797,200.07,15600629,15602173
6000000,909254,193838,200.40,15520009,15520978
